state_id,instance_id,phase6n_data_origin,scale,CF_level,search_stage,search_progress,true_continuation_best_target_set_id,true_continuation_best_origin_family,phase6n_winner_target_set_id,phase6n_winner_origin_family,phase6n_rank_of_true_best,phase6n_selected_lift,phase6n_top1_regret,phase6n_predicted_top1_top2_margin,true_top1_top2_continuation_gap,phase6n_winner_in_true_near_optimal_0_0025,phase6n_winner_in_true_near_optimal_0_005,phase6n_winner_in_true_near_optimal_0_010,phase6n_pairwise_accuracy,phase6l_winner_target_set_id,phase6l_selected_lift,phase6l_top1_regret,phase6l_pairwise_accuracy,phase6n_selected_lift_minus_phase6l,phase6n_pairwise_improves_but_top_candidate_worsens,all_ordered_candidate_pairs,loss_directed_comparable_pairs,true_best_vs_rest_pairs,non_top_pairs,top_vs_rest_pairwise_loss_sum,non_top_pairwise_loss_sum,top_vs_rest_pairwise_loss_share,listnet_target_mass_best,listnet_target_mass_top3,listnet_target_mass_top6,state_utility_spread,crn_seed_winner_disagreement,crn_candidate_mean_abs_seed_delta,crn_candidate_max_abs_seed_delta,crn_candidate_sign_disagreement_fraction
CB1_CAUR_L_CF1_RI2_TI2_R12_C02__seed691201__it0000012,CB1_CAUR_L_CF1_RI2_TI2_R12_C02,ORIGINAL_PHASE6J_CAUR,L,CF1,0-20%,0.048723831837103423,ts_18ffe70309a11fb1e3da,RELATED_VARIANT,ts_83f85fffa0331ee96623,LOCAL_PERTURBATION,18,0.0004956629491945477,0.02391573729863693,0.01413869857788086,0.0016109045848822813,False,False,False,0.5818181818181818,ts_0b582a760c30728b549d,-0.0027261462205700124,0.02713754646840149,0.5127272727272727,0.00322180916976456,False,552,275,23,252,20.475202471795445,99.90841350820911,0.17008296606737855,0.14689702415064237,0.3605084624909035,0.580281743364629,0.0701363073110285,False,0.0020136307311028503,0.025278810408921933,0.0
CB1_CAUR_L_CF1_RI2_TI2_R12_C02__seed691201__it0000050,CB1_CAUR_L_CF1_RI2_TI2_R12_C02,ORIGINAL_PHASE6J_CAUR,L,CF1,0-20%,0.18063616755805628,ts_a47addf6c1c87e842363,ORIGINAL_OPERATOR,ts_8ac4d332a7e5bf5d828b,LOCAL_PERTURBATION,22,0.00605835806132542,0.025469831849653807,0.16248318552970886,0.016073194856577645,False,False,False,0.45454545454545453,ts_9ee7b24ddf3a5502310d,-0.009520276953511373,0.0410484668644906,0.48727272727272725,0.015578635014836794,False,552,275,23,252,51.290685305011095,187.19272979121016,0.21507023993394578,0.26054485087582796,0.4227034097273119,0.6083744048689548,0.07665677546983185,False,0.016887157929442797,0.049703264094955485,0.2916666666666667
CB1_CAUR_L_CF1_RI2_TI2_R12_C02__seed691201__it0000090,CB1_CAUR_L_CF1_RI2_TI2_R12_C02,ORIGINAL_PHASE6J_CAUR,L,CF1,20-40%,0.31892526330227344,ts_6e0727890692b115af3a,STRUCTURED_NEAR_NEIGHBOR,ts_6e1af48650cdc6e99df6,RELATED_VARIANT,10,0.004738760631834751,0.030862697448359656,0.1115783154964447,0.013851761846901577,False,False,False,0.5217391304347826,ts_6fcca90d49dd37ac36ac,-0.028189550425273387,0.06379100850546779,0.5,0.03292831105710814,False,552,276,23,253,20.72236628560909,204.82592317611585,0.09187551958413602,0.17326408788099068,0.32743291593194757,0.5294740345840165,0.08262454434993924,True,0.011958282705548806,0.03134872417982989,0.20833333333333334
CB1_CAUR_L_CF1_RI2_TI2_R12_C02__seed691201__it0000127,CB1_CAUR_L_CF1_RI2_TI2_R12_C02,ORIGINAL_PHASE6J_CAUR,L,CF1,40-60%,0.44938900393026415,ts_3d367a2f8bdd7113cfcd,STRUCTURED_NEAR_NEIGHBOR,ts_d8aad3cd4e872949fc1d,STRUCTURED_NEAR_NEIGHBOR,2,0.00273224043715847,0.00894187779433681,0.037977755069732666,0.005340288127173373,False,False,True,0.7463235294117647,ts_3d367a2f8bdd7113cfcd,0.01167411823149528,0.0,0.7867647058823529,-0.00894187779433681,False,552,272,23,249,7.237085225061109,76.87548113218732,0.08604047573965684,0.13692143930172543,0.2921715925227827,0.4972266945169952,0.042473919523099854,False,0.004636529226693161,0.03154495777446597,0.08333333333333333
CB1_CAUR_L_CF1_RI2_TI2_R12_C02__seed691201__it0000164,CB1_CAUR_L_CF1_RI2_TI2_R12_C02,ORIGINAL_PHASE6J_CAUR,L,CF1,40-60%,0.5816314502789769,ts_47d0d4028c3ddb47b1e1,ORIGINAL_OPERATOR,ts_3282d45464509061ab6e,LOCAL_PERTURBATION,19,-0.011108427915962327,0.05264428881912582,0.007068544626235962,0.0027771069789905845,False,False,False,0.3709090909090909,ts_15008b5b01451e20fef1,0.0297029702970297,0.011832890606133788,0.6036363636363636,-0.040811398212992026,False,552,275,23,252,37.54910914275262,245.01189538523872,0.1328885038665443,0.12702682414778854,0.32170633435270374,0.5491701955821741,0.07920792079207921,True,0.009116155517990823,0.04781453755131611,0.041666666666666664
CB1_CAUR_L_CF1_RI2_TI2_R12_C02__seed691201__it0000204,CB1_CAUR_L_CF1_RI2_TI2_R12_C02,ORIGINAL_PHASE6J_CAUR,L,CF1,60-80%,0.7205629600695914,ts_9ab90740ac78da4319e9,MATCHED_RANDOM,ts_a017a91e32907790d18b,RELATED_VARIANT,19,-0.011443661971830986,0.03055835010060362,0.182667076587677,0.013329979879275655,False,False,False,0.5490909090909091,ts_5b4646d47a36596223bc,-0.0012575452716297787,0.020372233400402416,0.7054545454545454,-0.010186116700201208,False,552,275,23,252,34.7800366216913,183.6219217415338,0.1592478239771481,0.19913611071552975,0.3830608106139377,0.5680144473243541,0.08350100603621731,False,0.004328051643192489,0.02012072434607646,0.041666666666666664
CB1_CAUR_L_CF1_RI2_TI2_R12_C02__seed691201__it0000241,CB1_CAUR_L_CF1_RI2_TI2_R12_C02,ORIGINAL_PHASE6J_CAUR,L,CF1,80-100%,0.8497568226045777,ts_01e871b03e568e7ba306,ORIGINAL_OPERATOR,ts_4417b16583d64f2118ae,RELATED_VARIANT,18,-0.015252152521525217,0.015252152521525217,0.5726699531078339,0.005412054120541206,False,False,False,0.6826568265682657,ts_9c166d7c413dd0fa7dab,-0.013530135301353014,0.013530135301353014,0.6383763837638377,-0.0017220172201722027,True,552,271,23,248,16.328679971560625,63.626537723764216,0.20422281925092423,0.13819982866396593,0.3096907853787627,0.49719912660456433,0.05043050430504305,False,0.008907339073390735,0.018204182041820418,0.0
CB1_CAUR_L_CF1_RI2_TI2_R12_C02__seed691201__it0000269,CB1_CAUR_L_CF1_RI2_TI2_R12_C02,ORIGINAL_PHASE6J_CAUR,L,CF1,80-100%,0.9493208306044243,ts_78e4789232bef2e01bad,STRUCTURED_NEAR_NEIGHBOR,ts_a52db4b46d263b0a0ca9,RELATED_VARIANT,3,-0.020298361457569088,0.03912937148447053,0.3530600368976593,0.01809733431156762,False,False,False,0.6618181818181819,ts_a52db4b46d263b0a0ca9,-0.020298361457569088,0.03912937148447053,0.6618181818181819,0.0,False,552,275,23,252,16.856267690205378,121.79616640407636,0.12157210077353095,0.2589098512915775,0.4402130715196046,0.6471695177412988,0.0776473465394962,False,0.0018443792288253037,0.012472487160674985,0.0
CB1_CAUR_L_CF1_RI2_TI2_R12_C02__seed691202__it0000012,CB1_CAUR_L_CF1_RI2_TI2_R12_C02,ORIGINAL_PHASE6J_CAUR,L,CF1,0-20%,0.04999039044196252,ts_0f8cb42b4e2bf4171f52,STRUCTURED_NEAR_NEIGHBOR,ts_9852e61b33b10734ee02,RELATED_VARIANT,4,0.04048531289910601,0.045721583652618136,0.0716734528541565,0.026564495530012777,False,False,False,0.551094890510949,ts_d72a433aa1fba52470e2,0.02924648786717752,0.056960408684546625,0.5145985401459854,0.011238825031928489,False,552,274,23,251,23.907408907242505,157.90555663427727,0.13149452150475416,0.29738849101396203,0.4418469009133812,0.615771260147205,0.09016602809706259,False,0.013697318007662834,0.02860791826309068,0.041666666666666664
CB1_CAUR_L_CF1_RI2_TI2_R12_C02__seed691202__it0000049,CB1_CAUR_L_CF1_RI2_TI2_R12_C02,ORIGINAL_PHASE6J_CAUR,L,CF1,0-20%,0.18078099409298332,ts_2e425a181eac47069f28,ORIGINAL_OPERATOR,ts_633cbd4fbb4136846120,RELATED_VARIANT,15,0.00991571641051066,0.017848289538919183,0.25464028120040894,0.017848289538919183,False,False,False,0.6872727272727273,ts_ec5ee5e6ec54b5331f5a,-0.005577590480912246,0.03334159643034209,0.5381818181818182,0.015493306891422906,False,552,275,23,252,28.718383723599132,100.25335201008401,0.22267191768978295,0.23602586251521945,0.39579005499261316,0.5479748065520258,0.0954387704511651,False,0.0026132044290199962,0.029747149231531978,0.08333333333333333
CB1_CAUR_L_CF1_RI2_TI2_R12_C02__seed691202__it0000090,CB1_CAUR_L_CF1_RI2_TI2_R12_C02,ORIGINAL_PHASE6J_CAUR,L,CF1,20-40%,0.3214971745815832,ts_d85d6c544f35bc88e8ed,ORIGINAL_OPERATOR,ts_08e8c9a837a5996cee38,RELATED_VARIANT,14,0.01385512882839086,0.019931939718035977,0.02121436595916748,0.00887214389888187,False,False,False,0.6086956521739131,ts_b2062c766cdd2dfbceb4,-0.005469129800680603,0.03925619834710744,0.572463768115942,0.019324258629071465,False,552,276,23,253,21.69298556739153,128.21314366807277,0.14471046432876256,0.21524873528023364,0.42839393908606116,0.5751983593003689,0.07766164316966456,True,0.01742019121698266,0.04885755955274672,0.375
CB1_CAUR_L_CF1_RI2_TI2_R12_C02__seed691202__it0000127,CB1_CAUR_L_CF1_RI2_TI2_R12_C02,ORIGINAL_PHASE6J_CAUR,L,CF1,40-60%,0.45036990537212046,ts_ed82e54b262374fa9fbf,RELATED_VARIANT,ts_dc334c29c6da2295bb0f,STRUCTURED_NEAR_NEIGHBOR,12,-0.0035296981499513148,0.05233690360272639,0.043224483728408813,0.012171372930866606,False,False,False,0.4981684981684982,ts_ab743dcdc4edc4bd9408,-0.02446445959104187,0.07327166504381694,0.37362637362637363,0.020934761441090556,False,552,273,23,250,30.01979438611985,175.48306682237848,0.1460796906163875,0.2371691022371344,0.45799297741830414,0.6357189245571834,0.0945715676728335,False,0.0010142810775722168,0.017039922103213243,0.0
CB1_CAUR_L_CF1_RI2_TI2_R12_C02__seed691202__it0000164,CB1_CAUR_L_CF1_RI2_TI2_R12_C02,ORIGINAL_PHASE6J_CAUR,L,CF1,40-60%,0.5810622287210927,ts_8cacc21dc35de816e297,STRUCTURED_NEAR_NEIGHBOR,ts_f3d82db0cb4ca93c012a,STRUCTURED_NEAR_NEIGHBOR,5,0.021572030746342674,0.012893627572526656,0.04261013865470886,0.007438631291842301,False,False,False,0.6363636363636364,ts_32751aa080dd6a49aade,0.005207041904289611,0.02925861641457972,0.6036363636363636,0.016364988842053063,False,552,275,23,252,10.951404776834826,178.31632416810055,0.057861975931570324,0.12880571305019056,0.306063079465997,0.5114958436540177,0.09521448053558146,False,0.001993966443507728,0.016612943218447807,0.041666666666666664
CB1_CAUR_L_CF1_RI2_TI2_R12_C02__seed691202__it0000204,CB1_CAUR_L_CF1_RI2_TI2_R12_C02,ORIGINAL_PHASE6J_CAUR,L,CF1,60-80%,0.7204784620465267,ts_2c7684ba435faff7a31c,STRUCTURED_NEAR_NEIGHBOR,ts_9b9d0957f5a5341c0de8,RELATED_VARIANT,4,-0.004361521686455052,0.02059607463048219,0.14817216992378235,0.004361521686455051,False,False,False,0.6690909090909091,ts_2c7684ba435faff7a31c,0.016234552944027137,0.0,0.7709090909090909,-0.02059607463048219,False,552,275,23,252,12.459897858036973,80.62596858723026,0.133853809754923,0.2363078805121471,0.5087647500493203,0.6726631842135884,0.04070753574024715,False,0.009863904369598579,0.05573055488248122,0.20833333333333334
CB1_CAUR_L_CF1_RI2_TI2_R12_C02__seed691202__it0000241,CB1_CAUR_L_CF1_RI2_TI2_R12_C02,ORIGINAL_PHASE6J_CAUR,L,CF1,80-100%,0.8500818522791865,ts_052c5c3fe77cc4927e21,MATCHED_RANDOM,ts_4d3fe6682f6c0f6a7d69,STRUCTURED_NEAR_NEIGHBOR,19,-0.048127670268911786,0.06270419703443075,0.16382920742034912,0.009298818798693138,False,False,False,0.5709090909090909,ts_4d3fe6682f6c0f6a7d69,-0.048127670268911786,0.06270419703443075,0.5381818181818182,0.0,False,552,275,23,252,27.627564660292578,133.6306042471906,0.1713250550187199,0.15536291288897136,0.33011983209040274,0.5363864879702748,0.06948982156320684,False,0.009843344223841836,0.014827846192510681,0.2916666666666667
CB1_CAUR_L_CF1_RI2_TI2_R12_C02__seed691202__it0000270,CB1_CAUR_L_CF1_RI2_TI2_R12_C02,ORIGINAL_PHASE6J_CAUR,L,CF1,80-100%,0.9512083533722203,ts_23d42e6222e72f45f041,MATCHED_RANDOM,ts_b6f9a0c3591e7a6b0d2d,RELATED_VARIANT,18,0.011656746031746032,0.010912698412698412,0.21415352821350098,0.00570436507936508,False,False,False,0.5963636363636363,ts_6c697d1fd6a502975f5f,-0.006696428571428571,0.029265873015873016,0.5563636363636364,0.018353174603174604,False,552,275,23,252,22.60158728653556,170.21148164902618,0.11722020406245919,0.12882577053112934,0.30038095574314044,0.4990753112788386,0.09263392857142858,False,0.005601025132275132,0.05034722222222222,0.125
CB1_CAUR_L_CF1_RI2_TI2_R12_C02__seed721201__it0000019,CB1_CAUR_L_CF1_RI2_TI2_R12_C02,NEW_ALNS_EXPANSION,L,CF1,0-20%,0.04967849627902006,ts_5dec9369862a55df8e75,ORIGINAL_OPERATOR,ts_1640dc5b937de484bb89,STRUCTURED_NEAR_NEIGHBOR,18,-0.02256478999106345,0.037198391420911525,0.0868198573589325,0.006702412868632709,False,False,False,0.635036496350365,,,,,,False,552,274,23,251,25.948548335772735,106.6417315069564,0.1957047557826365,0.17274368634964565,0.3926904557479592,0.6128013258998665,0.0669124218051832,True,0.003621164730414061,0.040437890974084005,0.08333333333333333
CB1_CAUR_L_CF1_RI2_TI2_R12_C02__seed721201__it0000077,CB1_CAUR_L_CF1_RI2_TI2_R12_C02,NEW_ALNS_EXPANSION,L,CF1,0-20%,0.17929587037208475,ts_00ddd9b7aae46bbfd69a,STRUCTURED_NEAR_NEIGHBOR,ts_16cb9c1d93f6b10c4b91,STRUCTURED_NEAR_NEIGHBOR,6,0.003254039497307002,0.0016831238779174145,0.1802770495414734,0.0006732495511669661,True,True,True,0.6521739130434783,,,,,,False,552,276,23,253,15.997951944030781,170.3466632618944,0.08585143137273812,0.1269859512135325,0.36710383135658414,0.6317140905376463,0.07271095152603231,True,0.015307076600837822,0.03882405745062836,0.20833333333333334
CB1_CAUR_L_CF1_RI2_TI2_R12_C02__seed721201__it0000142,CB1_CAUR_L_CF1_RI2_TI2_R12_C02,NEW_ALNS_EXPANSION,L,CF1,20-40%,0.32052092202333327,ts_bb3e7f5222785f8184b5,LOCAL_PERTURBATION,ts_1d5ff171b5b6257084c1,STRUCTURED_NEAR_NEIGHBOR,7,0.04970701151747828,0.015053546170943621,0.0187685489654541,0.015053546170943621,False,False,False,0.6521739130434783,,,,,,False,552,276,23,253,27.751442815949222,187.25363134348697,0.1290734319850063,0.2523709501317562,0.5053182423959774,0.6859888336558282,0.0982016569003839,False,0.02828854314002829,0.06910486967064053,0.4583333333333333
CB1_CAUR_L_CF1_RI2_TI2_R12_C02__seed721201__it0000200,CB1_CAUR_L_CF1_RI2_TI2_R12_C02,NEW_ALNS_EXPANSION,L,CF1,40-60%,0.44905941158148655,ts_b1b40844137dd2aec47f,MATCHED_RANDOM,ts_8f9bdf2a78326c5da0f1,STRUCTURED_NEAR_NEIGHBOR,18,0.006027000964320154,0.023625843780135006,0.11705127358436584,0.0009643201542912233,False,False,False,0.5833333333333334,,,,,,False,552,276,23,253,30.118271550779582,134.62417459768335,0.1828203493083837,0.15075647541782508,0.3983920558217644,0.5963854472060617,0.08136451301832208,True,0.013420122147219543,0.052314368370298944,0.2916666666666667
CB1_CAUR_L_CF1_RI2_TI2_R12_C02__seed721201__it0000258,CB1_CAUR_L_CF1_RI2_TI2_R12_C02,NEW_ALNS_EXPANSION,L,CF1,40-60%,0.5795255517441547,ts_4dbfd60b2bfeaa83c0c9,ORIGINAL_OPERATOR,ts_50400399b8257df725c3,STRUCTURED_NEAR_NEIGHBOR,12,0.02442063294293546,0.00323947171692001,0.19192200899124146,0.00323947171692001,False,True,True,0.48363636363636364,,,,,,False,552,275,23,252,23.02676441422253,231.60396352703944,0.09043199381472265,0.13889869061497112,0.3642078138860989,0.5700644241536104,0.07999003239471716,False,0.0016716504693080822,0.035883379018190886,0.0
CB1_CAUR_L_CF1_RI2_TI2_R12_C02__seed721201__it0000320,CB1_CAUR_L_CF1_RI2_TI2_R12_C02,NEW_ALNS_EXPANSION,L,CF1,60-80%,0.7201438729534857,ts_e633733e268364d95c2f,RELATED_VARIANT,ts_e633733e268364d95c2f,RELATED_VARIANT,1,0.038886101354741597,0.0,0.03864264488220215,0.004264927245358756,True,True,True,0.6231884057971014,,,,,,False,552,276,23,253,13.070707989429316,108.1651303146723,0.10781224572096773,0.17948826613851482,0.4424869933560903,0.6428262740113585,0.058705469141996994,False,0.0015470814517477838,0.008529854490717512,0.041666666666666664
CB1_CAUR_L_CF1_RI2_TI2_R12_C02__seed721201__it0000378,CB1_CAUR_L_CF1_RI2_TI2_R12_C02,NEW_ALNS_EXPANSION,L,CF1,80-100%,0.850205447255914,ts_52b03c4f32c1152c5d08,MATCHED_RANDOM,ts_f2f771f5e4e8f5b2142c,RELATED_VARIANT,8,-0.006856272219400711,0.026409344845099034,0.15619206428527832,0.004824784154393092,False,False,False,0.5636363636363636,,,,,,False,552,275,23,252,14.289976160136943,171.51827618997464,0.07690711246350283,0.09681221455546667,0.24697849592601379,0.428384383309653,0.11731843575418996,True,0.0016717453868291862,0.023869984763839516,0.0
CB1_CAUR_L_CF1_RI2_TI2_R12_C02__seed721201__it0000422,CB1_CAUR_L_CF1_RI2_TI2_R12_C02,NEW_ALNS_EXPANSION,L,CF1,80-100%,0.9499714050466008,ts_9b75016e2ea3cf36e970,MATCHED_RANDOM,ts_3e7dbc0960fd2aec7806,STRUCTURED_NEAR_NEIGHBOR,20,-0.02095578839764886,0.042933810375670844,0.15860486030578613,0.014566828520316894,False,False,False,0.5573122529644269,,,,,,False,506,253,22,231,37.481087534817185,146.65733315697054,0.2035484359755279,0.16556097610317155,0.3178827785723678,0.5034510504403065,0.10235113723485817,False,0.00036667074078600875,0.0084334270380782,0.0
CB1_CAUR_L_CF1_RI2_TI2_R12_C02__seed721202__it0000018,CB1_CAUR_L_CF1_RI2_TI2_R12_C02,NEW_ALNS_EXPANSION,L,CF1,0-20%,0.04935677779068883,ts_b1065d1f3b259ff385be,LOCAL_PERTURBATION,ts_f53cc43ab4b57a0fa1cb,RELATED_VARIANT,9,-0.030249110320284697,0.039501779359430604,0.014220237731933594,0.0021352313167259784,False,False,False,0.56,,,,,,False,552,275,23,252,12.854883646452523,112.01407866593229,0.10294698865434186,0.12544771296351145,0.3311761513283924,0.5836480750192229,0.05124555160142349,True,0.008531039936733887,0.046975088967971534,0.041666666666666664
CB1_CAUR_L_CF1_RI2_TI2_R12_C02__seed721202__it0000076,CB1_CAUR_L_CF1_RI2_TI2_R12_C02,NEW_ALNS_EXPANSION,L,CF1,0-20%,0.17934910509313,ts_9142260f6cf08e2df28f,STRUCTURED_NEAR_NEIGHBOR,ts_fcf78be6c7e43bd0c081,RELATED_VARIANT,2,0.02922412018933937,0.0008232146532208273,0.27399224042892456,0.0005145091582630171,True,True,True,0.6992753623188406,,,,,,False,552,276,23,253,12.069278627815152,177.6727747161712,0.06360887539218607,0.0993367726028639,0.29226094609098324,0.5537230320011614,0.0664745832475818,True,0.07070213349797627,0.12883309322905948,0.7083333333333334
CB1_CAUR_L_CF1_RI2_TI2_R12_C02__seed721202__it0000139,CB1_CAUR_L_CF1_RI2_TI2_R12_C02,NEW_ALNS_EXPANSION,L,CF1,20-40%,0.32055988620938247,ts_93c6a17210c7181f9e5f,LOCAL_PERTURBATION,ts_6291e108c4058f7fc2dd,RELATED_VARIANT,15,-0.008472432979261507,0.03490136570561457,0.022148072719573975,0.005816894284269094,False,False,False,0.5362318840579711,,,,,,False,552,276,23,253,14.00952861901533,89.77748802863346,0.134983440814923,0.1807324049454441,0.3809502138820349,0.6010296923341574,0.04362670713201821,True,0.015553869499241276,0.04678806272129489,0.375
CB1_CAUR_L_CF1_RI2_TI2_R12_C02__seed721202__it0000196,CB1_CAUR_L_CF1_RI2_TI2_R12_C02,NEW_ALNS_EXPANSION,L,CF1,40-60%,0.4496949324186358,ts_91a4c6bfa123a54d8ccc,STRUCTURED_NEAR_NEIGHBOR,ts_91a4c6bfa123a54d8ccc,STRUCTURED_NEAR_NEIGHBOR,1,0.010078254683424234,0.0,0.18869468569755554,0.0010671093194213888,True,True,True,0.7163636363636363,,,,,,False,552,275,23,252,9.466289013563616,146.60876249322996,0.06065216011254414,0.09225868923436492,0.2656611978279334,0.47086749110738013,0.09354991700260848,True,0.001758754248675994,0.016362342897794643,0.0
CB1_CAUR_L_CF1_RI2_TI2_R12_C02__seed721202__it0000254,CB1_CAUR_L_CF1_RI2_TI2_R12_C02,NEW_ALNS_EXPANSION,L,CF1,40-60%,0.5806549007442258,ts_c569b394830040fd2a7e,RELATED_VARIANT,ts_d9334401656ebbb50f77,STRUCTURED_NEAR_NEIGHBOR,2,-0.031219028741328047,0.04286422200198216,0.2761697769165039,0.0061942517343904855,False,False,False,0.5398550724637681,,,,,,False,552,276,23,253,19.38409587219815,158.10387677793648,0.10921357420881807,0.17976061032506357,0.42617645226154655,0.6434283857036371,0.0830029732408325,False,0.0025706144697720513,0.03022794846382557,0.041666666666666664
CB1_CAUR_L_CF1_RI2_TI2_R12_C02__seed721202__it0000315,CB1_CAUR_L_CF1_RI2_TI2_R12_C02,NEW_ALNS_EXPANSION,L,CF1,60-80%,0.7203611405581564,ts_d3c9e34fe05d4a6db2a0,ORIGINAL_OPERATOR,ts_d990f3c7550e12dc23a1,STRUCTURED_NEAR_NEIGHBOR,18,0.007905138339920948,0.01383399209486166,0.0699772834777832,0.01383399209486166,False,False,False,0.5641025641025641,,,,,,False,552,273,23,250,47.192574704691474,121.95312102224503,0.2790054721869937,0.21450600540858722,0.3820594486966066,0.5529296984141269,0.06645256916996048,False,0.004024621212121212,0.05755928853754941,0.125
CB1_CAUR_L_CF1_RI2_TI2_R12_C02__seed721202__it0000372,CB1_CAUR_L_CF1_RI2_TI2_R12_C02,NEW_ALNS_EXPANSION,L,CF1,80-100%,0.8501436689303076,ts_886fa86301f249e57a66,MATCHED_RANDOM,ts_e71c86a44fcdeabd8b41,STRUCTURED_NEAR_NEIGHBOR,20,-0.0005189413596263636,0.03425012973533991,0.03533029556274414,0.00025947067981318267,False,False,False,0.5219123505976095,,,,,,False,506,251,22,229,38.27859297649752,200.7652579502048,0.1601320963835829,0.13928255729379804,0.37171472478942175,0.5584311870236266,0.1235080435910742,True,0.008946097786602287,0.059937727036844836,0.13043478260869565
CB1_CAUR_L_CF1_RI2_TI2_R12_C02__seed721202__it0000415,CB1_CAUR_L_CF1_RI2_TI2_R12_C02,NEW_ALNS_EXPANSION,L,CF1,80-100%,0.9489363591861166,ts_f2acedb129b04ef5a52c,RELATED_VARIANT,ts_df250ea7870fc0ccbe68,STRUCTURED_NEAR_NEIGHBOR,14,0.017773741567202905,0.012714063310845874,0.013919562101364136,0.004929942916450443,False,False,False,0.5384615384615384,,,,,,False,552,273,23,250,22.36540987813807,206.0211686747707,0.09792786432481551,0.1317075776255308,0.3042341740338489,0.49389828816468295,0.09120394395433315,False,0.007989534682580868,0.051894135962636215,0.0
CB1_CAUR_L_CF1_RI2_TI2_R12_C02__seed721203__it0000018,CB1_CAUR_L_CF1_RI2_TI2_R12_C02,NEW_ALNS_EXPANSION,L,CF1,0-20%,0.04971278237204641,ts_afa58598809bbed1a023,LOCAL_PERTURBATION,ts_43a0d76c6c26ca074d55,RELATED_VARIANT,8,-0.013818819916648389,0.02347005922351393,0.07852059602737427,0.0006580390436499231,False,False,False,0.5760869565217391,,,,,,False,552,276,23,253,13.729442884469272,184.05439205575556,0.06941640548439486,0.10911929805462846,0.2941281877537717,0.4900539482820845,0.0651458653213424,True,0.04025919426774877,0.06448782627769248,0.75
CB1_CAUR_L_CF1_RI2_TI2_R12_C02__seed721203__it0000075,CB1_CAUR_L_CF1_RI2_TI2_R12_C02,NEW_ALNS_EXPANSION,L,CF1,0-20%,0.17928658811619835,ts_106684cd6751d0c35e32,ORIGINAL_OPERATOR,ts_70871a02ccece6ce1c33,RELATED_VARIANT,15,0.03391472868217054,0.014050387596899229,0.18783140182495117,0.004602713178294575,False,False,False,0.6594202898550725,,,,,,False,552,276,23,253,31.301077180629296,140.27103883554713,0.18243685458584727,0.17063711471684154,0.40314937537180057,0.5926816320043481,0.1030765503875969,False,0.020893895348837215,0.07364341085271317,0.2916666666666667
CB1_CAUR_L_CF1_RI2_TI2_R12_C02__seed721203__it0000136,CB1_CAUR_L_CF1_RI2_TI2_R12_C02,NEW_ALNS_EXPANSION,L,CF1,20-40%,0.319266611279048,ts_f907753d4f0399baae6b,STRUCTURED_NEAR_NEIGHBOR,ts_89aa904ea7fb54edf513,ORIGINAL_OPERATOR,12,-0.028848455829542735,0.05614077088819727,0.049546241760253906,0.00742159444577448,False,False,False,0.5398550724637681,,,,,,False,552,276,23,253,32.002085987902056,159.49215842188744,0.16711774333759588,0.1825578286155792,0.4012622451273787,0.5895802950450768,0.10988747905195116,True,0.008937834171255286,0.07062485037107973,0.08333333333333333
CB1_CAUR_L_CF1_RI2_TI2_R12_C02__seed721203__it0000193,CB1_CAUR_L_CF1_RI2_TI2_R12_C02,NEW_ALNS_EXPANSION,L,CF1,40-60%,0.4502161862091757,ts_1f8a70bc43051346aad5,ORIGINAL_OPERATOR,ts_31d81e53dde4461676d1,RELATED_VARIANT,13,0.01281112737920937,0.009394826744753539,0.07870793342590332,0.008784773060029283,False,False,True,0.5735294117647058,,,,,,False,552,272,23,249,20.866251439025564,112.98777345894594,0.1558881135993527,0.21072693250952113,0.4294746669676842,0.6208467438390866,0.05514885309907272,False,0.01302464616886286,0.032454856027330406,0.20833333333333334
CB1_CAUR_L_CF1_RI2_TI2_R12_C02__seed721203__it0000250,CB1_CAUR_L_CF1_RI2_TI2_R12_C02,NEW_ALNS_EXPANSION,L,CF1,40-60%,0.5789366266279018,ts_9163523fc3f010a4d1e6,ORIGINAL_OPERATOR,ts_e063a806a4932cf594ba,RELATED_VARIANT,2,-0.0016447368421052635,0.017079959514170042,0.21337467432022095,0.003289473684210526,False,False,False,0.6556776556776557,,,,,,False,552,273,23,250,11.227776044845282,110.20243330552147,0.0924627908072644,0.11858813322081618,0.31056877929340976,0.5004617433358084,0.06907894736842105,False,0.0006642206477732794,0.015941295546558706,0.041666666666666664
CB1_CAUR_L_CF1_RI2_TI2_R12_C02__seed721203__it0000313,CB1_CAUR_L_CF1_RI2_TI2_R12_C02,NEW_ALNS_EXPANSION,L,CF1,60-80%,0.7204944021161578,ts_9612c57da2f30243429b,RELATED_VARIANT,ts_a0e657fdc8f33b3bf4c2,STRUCTURED_NEAR_NEIGHBOR,11,-0.0033316880552813426,0.03368706811451135,0.048686087131500244,0.005429417571569596,False,False,False,0.5873015873015873,,,,,,False,506,252,22,230,19.47176335214722,124.79592550491752,0.13496967689999628,0.23266821658583142,0.4710269717663015,0.6566600097637512,0.06379565646594273,False,0.006159062620713336,0.059970384995064165,0.13043478260869565
CB1_CAUR_L_CF1_RI2_TI2_R12_C02__seed721203__it0000370,CB1_CAUR_L_CF1_RI2_TI2_R12_C02,NEW_ALNS_EXPANSION,L,CF1,80-100%,0.8508346123022885,ts_f5c129eaf677121f6d4a,RELATED_VARIANT,ts_6a16a4eae54e29ebbf4c,ORIGINAL_OPERATOR,19,-0.01235839340885685,0.03527291452111225,0.32118597626686096,0.008753861997940267,False,False,False,0.5289855072463768,,,,,,False,552,276,23,253,26.861916404023024,167.96153986465183,0.13787824586675337,0.1481779542958177,0.3191460945638845,0.4897723776178419,0.08650875386199794,False,0.0012658771026433232,0.022142121524201856,0.0
CB1_CAUR_L_CF1_RI2_TI2_R12_C02__seed721203__it0000413,CB1_CAUR_L_CF1_RI2_TI2_R12_C02,NEW_ALNS_EXPANSION,L,CF1,80-100%,0.9492307073953778,ts_101c40a398977405c7a1,MATCHED_RANDOM,ts_06601b1d91c463047d66,RELATED_VARIANT,13,0.023202447730749618,0.03799082100968894,0.3027821183204651,0.0005099439061703251,False,False,False,0.5927272727272728,,,,,,False,552,275,23,252,25.191485269560356,145.46103561362597,0.14761859443497016,0.15769275882751616,0.38855389516194444,0.595114762260269,0.0822284548699643,False,0.0040476797552269255,0.02039775624681285,0.0
CB1_CAUR_L_CF1_RI2_TI2_R12_C02__seed721204__it0000018,CB1_CAUR_L_CF1_RI2_TI2_R12_C02,NEW_ALNS_EXPANSION,L,CF1,0-20%,0.04922187437207254,ts_828db95a3cc98d42eb91,STRUCTURED_NEAR_NEIGHBOR,ts_828db95a3cc98d42eb91,STRUCTURED_NEAR_NEIGHBOR,1,0.04905578467549381,0.0,0.04310813546180725,0.018124593010635986,True,True,True,0.7054545454545454,,,,,,False,552,275,23,252,17.506672727318474,143.44505407914139,0.10876971048822469,0.2641287399925561,0.4470786363928827,0.6503067616420738,0.07683959192533102,False,0.002631864553939657,0.020837855437377904,0.08333333333333333
CB1_CAUR_L_CF1_RI2_TI2_R12_C02__seed721204__it0000075,CB1_CAUR_L_CF1_RI2_TI2_R12_C02,NEW_ALNS_EXPANSION,L,CF1,0-20%,0.17901085581387485,ts_8c8f6cbe11c973892646,STRUCTURED_NEAR_NEIGHBOR,ts_8833e965dd4199419930,RELATED_VARIANT,2,0.021723730814639908,0.02361275088547815,0.20549875497817993,0.01558441558441558,False,False,False,0.5579710144927537,,,,,,False,552,276,23,253,16.862008807924887,136.04897309358967,0.11027336688469645,0.23280370479378593,0.4076199550768813,0.6053296838434072,0.0754427390791027,True,0.015771349862258952,0.048406139315230225,0.4166666666666667
CB1_CAUR_L_CF1_RI2_TI2_R12_C02__seed721204__it0000138,CB1_CAUR_L_CF1_RI2_TI2_R12_C02,NEW_ALNS_EXPANSION,L,CF1,20-40%,0.31969210769772005,ts_8923175d7ed409b8e447,RELATED_VARIANT,ts_b62ac1ba37ca920bca7b,STRUCTURED_NEAR_NEIGHBOR,4,-0.0038231039470965084,0.03978094647654474,0.09623271226882935,0.003926431080801818,False,False,False,0.6739130434782609,,,,,,False,552,276,23,253,14.20735096449913,131.85849795307314,0.09726675379483543,0.17173437658229287,0.440277955869129,0.6543110493328899,0.07666873320934077,True,0.02380829372459875,0.06034304608390163,0.4583333333333333
CB1_CAUR_L_CF1_RI2_TI2_R12_C02__seed721204__it0000195,CB1_CAUR_L_CF1_RI2_TI2_R12_C02,NEW_ALNS_EXPANSION,L,CF1,40-60%,0.44983329797680704,ts_22f1fa87a6b4b370e1e1,ORIGINAL_OPERATOR,ts_676f3f94d7d64bde618f,STRUCTURED_NEAR_NEIGHBOR,13,0.004874651810584958,0.03516713091922005,0.1200292706489563,0.012302692664809656,False,False,False,0.5533596837944664,,,,,,False,506,253,22,231,26.85201865927443,102.40742621357646,0.20773738186550358,0.26257117759216664,0.4695566460955466,0.6553767674075072,0.06592386258124419,True,0.015310241815025634,0.05037140204271124,0.43478260869565216
CB1_CAUR_L_CF1_RI2_TI2_R12_C02__seed721204__it0000252,CB1_CAUR_L_CF1_RI2_TI2_R12_C02,NEW_ALNS_EXPANSION,L,CF1,40-60%,0.5800154068139057,ts_bcdfe11a6eacdfa64f5d,RELATED_VARIANT,ts_a9605190431e6d0f2704,STRUCTURED_NEAR_NEIGHBOR,4,0.026785714285714288,0.04826254826254826,0.006137490272521973,0.0201496138996139,False,False,False,0.5760869565217391,,,,,,False,552,276,23,253,28.522895691081207,154.40328764850165,0.15592571369693703,0.3917218017534585,0.5852087130537003,0.7195870263101642,0.07504826254826255,False,0.009360923423423423,0.04922779922779923,0.20833333333333334
CB1_CAUR_L_CF1_RI2_TI2_R12_C02__seed721204__it0000313,CB1_CAUR_L_CF1_RI2_TI2_R12_C02,NEW_ALNS_EXPANSION,L,CF1,60-80%,0.720455507023279,ts_e8f1edb6055986a2ab9d,LOCAL_PERTURBATION,ts_a866bf36556e40486bb3,STRUCTURED_NEAR_NEIGHBOR,15,0.03918143249313701,0.0074868979286249054,0.14804339408874512,0.003493885700024957,False,False,True,0.6014492753623188,,,,,,False,552,276,23,253,21.904288426096763,135.86451459112934,0.1388378944835192,0.1774039198001629,0.4271080977637172,0.641849227417914,0.05889693037184927,False,0.0028595790699609013,0.03543798352882456,0.0
CB1_CAUR_L_CF1_RI2_TI2_R12_C02__seed721204__it0000369,CB1_CAUR_L_CF1_RI2_TI2_R12_C02,NEW_ALNS_EXPANSION,L,CF1,80-100%,0.8495605441859753,ts_bac764df5bae52c1122d,ORIGINAL_OPERATOR,ts_87a526e35157e3854d48,RELATED_VARIANT,15,-0.012745098039215686,0.04791666666666666,0.06485652923583984,0.006862745098039216,False,False,False,0.5144927536231884,,,,,,False,552,276,23,253,23.535039086351148,202.581884018714,0.10408349257174174,0.1589471549934188,0.37207139688444235,0.557331156590627,0.07230392156862744,False,0.010232843137254902,0.04019607843137255,0.125
CB1_CAUR_L_CF1_RI2_TI2_R12_C02__seed721204__it0000413,CB1_CAUR_L_CF1_RI2_TI2_R12_C02,NEW_ALNS_EXPANSION,L,CF1,80-100%,0.9506328404186629,ts_8d3e2538cc3f06381edc,ORIGINAL_OPERATOR,ts_917ab3cc5e850da45c47,STRUCTURED_NEAR_NEIGHBOR,8,-0.02518632742225649,0.02518632742225649,0.059133708477020264,0.0028270367514777687,False,False,False,0.5563636363636364,,,,,,False,552,275,23,252,12.946955737019247,119.10094998212911,0.09804741443272885,0.1621778696168169,0.3905132871607391,0.5962649720629308,0.05268568491390388,True,0.01805448470830121,0.05397070161912105,0.125
CB1_CAUR_L_CF1_RI2_TI2_R12__seed691201__it0000012,CB1_CAUR_L_CF1_RI2_TI2_R12,ORIGINAL_PHASE6J_CAUR,L,CF1,0-20%,0.04924536144595133,ts_d709f6995921d5a15d30,STRUCTURED_NEAR_NEIGHBOR,ts_e68cf7a402956525ba36,RELATED_VARIANT,9,0.015204386839481556,0.03589232303090728,0.13568276166915894,0.0004985044865403812,False,False,False,0.49635036496350365,ts_6771085b439c0a344cda,-0.022058823529411766,0.0731555333998006,0.4744525547445255,0.037263210368893324,False,552,274,23,251,24.94226496653515,242.2381961610728,0.09335362646380974,0.1617794914139986,0.4278703117923589,0.6305328603149849,0.07938683948155534,False,0.004372299767364573,0.03963110667996012,0.041666666666666664
CB1_CAUR_L_CF1_RI2_TI2_R12__seed691201__it0000050,CB1_CAUR_L_CF1_RI2_TI2_R12,ORIGINAL_PHASE6J_CAUR,L,CF1,0-20%,0.17946260975896808,ts_09ce28f1e01783e32b34,STRUCTURED_NEAR_NEIGHBOR,ts_c37fe7f6ac1d68268df2,STRUCTURED_NEAR_NEIGHBOR,17,0.014343231001509815,0.05473074987418218,0.1538124680519104,0.007045797684952185,False,False,False,0.4727272727272727,ts_aa5d6547275c0554c8cd,0.047684952189229995,0.021389028686462003,0.6290909090909091,-0.03334172118772018,False,552,275,23,252,30.379413312830756,200.01570191024135,0.1318578880607644,0.15919173348082727,0.3731106613077613,0.5933597283070264,0.069073980875692,True,0.025320835430296926,0.07750377453447407,0.125
CB1_CAUR_L_CF1_RI2_TI2_R12__seed691201__it0000091,CB1_CAUR_L_CF1_RI2_TI2_R12,ORIGINAL_PHASE6J_CAUR,L,CF1,20-40%,0.31979815421677865,ts_6f4703090e2f264ada25,MATCHED_RANDOM,ts_64fb1941ef92f8e5b9d9,STRUCTURED_NEAR_NEIGHBOR,19,0.03981548919640689,0.0075260985676135,0.007825314998626709,0.0075260985676135,False,False,True,0.7282608695652174,ts_6af7a8107230bf3cc5ce,0.001699441612041757,0.04564214615197863,0.5615942028985508,0.03811604758436514,False,552,276,23,253,38.876684999184484,128.56095126854171,0.23218605963250816,0.16742643375121138,0.3947769300206488,0.6309377352361561,0.08642874484098081,True,0.029487335113700736,0.05462490895848507,0.4583333333333333
CB1_CAUR_L_CF1_RI2_TI2_R12__seed691201__it0000128,CB1_CAUR_L_CF1_RI2_TI2_R12,ORIGINAL_PHASE6J_CAUR,L,CF1,40-60%,0.4496548604097425,ts_5a3220025dbc0fe33a53,STRUCTURED_NEAR_NEIGHBOR,ts_8cd157aa70073feaf762,RELATED_VARIANT,15,0.004202719406674907,0.019283065512978988,0.030907630920410156,0.0025957972805933267,False,False,False,0.5766423357664233,ts_536a09bd44669fa04556,0.020889987639060567,0.0025957972805933267,0.6897810218978102,-0.01668726823238566,False,552,274,23,251,23.971283402582486,130.80356851543397,0.15487841277522246,0.16122488041961275,0.3721927824126269,0.5685541417315545,0.06699629171817058,True,0.007437165224557067,0.07713226205191595,0.125
CB1_CAUR_L_CF1_RI2_TI2_R12__seed691201__it0000165,CB1_CAUR_L_CF1_RI2_TI2_R12,ORIGINAL_PHASE6J_CAUR,L,CF1,40-60%,0.5797243525785344,ts_c38d2ff23ad9ab5a5a2f,MATCHED_RANDOM,ts_374ff5c0a5738ddd9e32,LOCAL_PERTURBATION,17,-0.02954603094090794,0.03728125792543748,0.03915393352508545,0.003804209992391579,False,False,False,0.6021897810218978,ts_9e30743a34dfb449012a,-0.02954603094090794,0.03728125792543748,0.5474452554744526,0.0,False,552,274,23,251,22.74901750165842,114.11461939856086,0.16621666658064654,0.16402136990836502,0.39833731473313877,0.6632934610402587,0.050469185899061624,True,0.03158551018682898,0.06822216586355567,0.2916666666666667
CB1_CAUR_L_CF1_RI2_TI2_R12__seed691201__it0000205,CB1_CAUR_L_CF1_RI2_TI2_R12,ORIGINAL_PHASE6J_CAUR,L,CF1,60-80%,0.719352129469864,ts_23a631ec18cf3925b7bb,ORIGINAL_OPERATOR,ts_f38f077ddc989e1d28dd,STRUCTURED_NEAR_NEIGHBOR,10,-0.0007919746568109821,0.0007919746568109821,0.07111454010009766,0.0007919746568109821,True,True,True,0.5709090909090909,ts_c3cc6ce94637b446cb78,-0.006071805702217529,0.006071805702217529,0.6254545454545455,0.005279831045406547,False,552,275,23,252,12.497127990332702,158.37710561170388,0.07313640990155554,0.09456250944137844,0.27143755506488126,0.5040591252134605,0.07497360084477296,True,0.002903907074973601,0.0366948257655755,0.08333333333333333
CB1_CAUR_L_CF1_RI2_TI2_R12__seed691201__it0000242,CB1_CAUR_L_CF1_RI2_TI2_R12,ORIGINAL_PHASE6J_CAUR,L,CF1,80-100%,0.8503890494459746,ts_9449613df934871dc2f0,MATCHED_RANDOM,ts_1b02468812e52631562b,ORIGINAL_OPERATOR,23,-0.01776103336921421,0.030139935414424113,0.10500985383987427,0.008073196986006458,False,False,False,0.36,ts_1b02468812e52631562b,-0.01776103336921421,0.030139935414424113,0.4581818181818182,0.0,False,552,275,23,252,30.17618679621716,132.8774607117095,0.18506906933652117,0.18483551104114515,0.36324635953335843,0.5626664336987974,0.046555435952637246,False,0.007691962683889488,0.029332615715823466,0.25
CB1_CAUR_L_CF1_RI2_TI2_R12__seed691201__it0000270,CB1_CAUR_L_CF1_RI2_TI2_R12,ORIGINAL_PHASE6J_CAUR,L,CF1,80-100%,0.9483061867470837,ts_98d7fa088feaad9e5f68,LOCAL_PERTURBATION,ts_042906a16ba2a32b3ba7,ORIGINAL_OPERATOR,11,-0.01914241960183767,0.04772843287391526,0.11350184679031372,0.0,False,False,False,0.4,ts_042906a16ba2a32b3ba7,-0.01914241960183767,0.04772843287391526,0.31272727272727274,0.0,False,552,275,22,253,25.530814006966633,317.58012721503565,0.07440979269281736,0.14756360306194857,0.40416237238416025,0.6097824721545048,0.06610515569167943,True,0.00372213714480177,0.036498213374170495,0.041666666666666664
CB1_CAUR_L_CF1_RI2_TI2_R12__seed691202__it0000012,CB1_CAUR_L_CF1_RI2_TI2_R12,ORIGINAL_PHASE6J_CAUR,L,CF1,0-20%,0.048615971445849344,ts_b958cd509f4f2d2e9bd9,STRUCTURED_NEAR_NEIGHBOR,ts_3975939f269ba62fe4a3,RELATED_VARIANT,7,-0.021586616297895305,0.05976794387479763,0.24906881153583527,0.00526173772261198,False,False,False,0.551094890510949,ts_d1c3af669fd1c6608193,-0.04371289800323799,0.08189422558014031,0.49635036496350365,0.022126281705342688,False,552,274,23,251,27.726226837765864,218.78797444893277,0.11247314228976191,0.24001824171527464,0.49243942857598405,0.6380634779869608,0.08189422558014031,False,0.0011805180787911494,0.010523475445223963,0.0
CB1_CAUR_L_CF1_RI2_TI2_R12__seed691202__it0000050,CB1_CAUR_L_CF1_RI2_TI2_R12,ORIGINAL_PHASE6J_CAUR,L,CF1,0-20%,0.17933813547007235,ts_effd0bc2f8caebc93b8e,LOCAL_PERTURBATION,ts_86cdbbd1baccf94413df,RELATED_VARIANT,3,0.0035173160173160175,0.024621212121212124,0.06721964478492737,0.0035173160173160196,False,False,False,0.6985294117647058,ts_5c76d9cfc2fc592f2088,0.02462121212121212,0.0035173160173160196,0.7132352941176471,-0.021103896103896104,False,552,272,23,249,21.47928886562506,201.21834160643664,0.09645045984591077,0.1315613758817099,0.3516637438432214,0.5434162377689211,0.12148268398268398,False,0.0,0.0,0.0
CB1_CAUR_L_CF1_RI2_TI2_R12__seed691202__it0000091,CB1_CAUR_L_CF1_RI2_TI2_R12,ORIGINAL_PHASE6J_CAUR,L,CF1,20-40%,0.32049422122885934,ts_a9ff79f619fc34fe40c2,RELATED_VARIANT,ts_260a3dd7cf449c861a69,STRUCTURED_NEAR_NEIGHBOR,15,0.037254366812227074,0.010644104803493447,0.08335906267166138,0.003002183406113537,False,False,False,0.5108695652173914,ts_9630e3e8de6650722955,0.020060043668122272,0.02783842794759825,0.5,0.017194323144104802,False,552,276,23,253,46.97216225951793,290.5363154958733,0.1391732811332844,0.174315151857957,0.4404170618186887,0.6523002670514666,0.09334061135371179,False,0.0038664483260553127,0.026746724890829694,0.08333333333333333
CB1_CAUR_L_CF1_RI2_TI2_R12__seed691202__it0000129,CB1_CAUR_L_CF1_RI2_TI2_R12,ORIGINAL_PHASE6J_CAUR,L,CF1,40-60%,0.4507785164579295,ts_bbac505fa695a59eb792,STRUCTURED_NEAR_NEIGHBOR,ts_6d26b20a451b7e0fc914,RELATED_VARIANT,18,-0.004827419744146753,0.03813661597875935,0.24019908905029297,0.008447984552256819,False,False,False,0.4311594202898551,ts_a72ce71f09ecd10f9098,-0.0004827419744146754,0.033791938209027275,0.5289855072463768,-0.0043446777697320775,False,552,276,23,253,28.114240072255296,158.68561107097133,0.15050461710860263,0.3073765642400697,0.5361464368793945,0.6623825479445613,0.062273714699493124,True,0.015317000563198969,0.06830798937967657,0.4166666666666667
CB1_CAUR_L_CF1_RI2_TI2_R12__seed691202__it0000167,CB1_CAUR_L_CF1_RI2_TI2_R12,ORIGINAL_PHASE6J_CAUR,L,CF1,40-60%,0.5807203338555122,ts_54e5a877ef8db9aad18d,MATCHED_RANDOM,ts_b338e91977deede5dc9a,RELATED_VARIANT,21,0.012119649303764827,0.036487880350696236,0.17215001583099365,0.02204744713769985,False,False,False,0.4963768115942029,ts_ff355121d9fb18ec8d81,0.02294997421351212,0.025657555440948946,0.644927536231884,-0.010830324909747292,False,552,276,23,253,38.133745510455924,120.50472698405098,0.24038144663663702,0.2914338150339707,0.43912014410789757,0.6098569024006022,0.07903558535327489,False,0.002535671308234486,0.01779267663744198,0.08333333333333333
CB1_CAUR_L_CF1_RI2_TI2_R12__seed691202__it0000208,CB1_CAUR_L_CF1_RI2_TI2_R12,ORIGINAL_PHASE6J_CAUR,L,CF1,60-80%,0.7209883493252789,ts_028010d8d32bb9759830,STRUCTURED_NEAR_NEIGHBOR,ts_7bf826ab08d0376a2b4e,RELATED_VARIANT,4,-0.04909385988639438,0.056667568298620505,0.10529300570487976,0.007573708412226129,False,False,False,0.6072727272727273,ts_ee1ea5a0530910bb24a0,-0.04679469840411144,0.05436840681633757,0.5745454545454546,-0.0022991614822829368,True,552,275,23,252,20.08318803747666,177.25511119257345,0.10177035129944227,0.1545251087945913,0.36590619175604466,0.5597466187216634,0.09196645929131728,False,0.0028288702551618433,0.03786854206113065,0.0
CB1_CAUR_L_CF1_RI2_TI2_R12__seed691202__it0000245,CB1_CAUR_L_CF1_RI2_TI2_R12,ORIGINAL_PHASE6J_CAUR,L,CF1,80-100%,0.8487102679037966,ts_c436c1206c88c3af6e2f,STRUCTURED_NEAR_NEIGHBOR,ts_7f6c33a6365ddc31e28b,ORIGINAL_OPERATOR,6,-0.0005361930294906167,0.018498659517426273,0.17520514130592346,0.002949061662198391,False,False,False,0.5317460317460317,ts_7f6c33a6365ddc31e28b,-0.0005361930294906167,0.018498659517426273,0.6944444444444444,0.0,False,506,252,22,230,12.242712478776747,78.58224992380698,0.1347945779983992,0.18595220225978343,0.4058735862094332,0.5637970356618189,0.06005361930294906,False,0.0034735983214826903,0.025737265415549597,0.13043478260869565
CB1_CAUR_L_CF1_RI2_TI2_R12__seed691202__it0000274,CB1_CAUR_L_CF1_RI2_TI2_R12,ORIGINAL_PHASE6J_CAUR,L,CF1,80-100%,0.9488493398796901,ts_0902d0fdbaf09216b968,STRUCTURED_NEAR_NEIGHBOR,ts_922d7a9935b43718cce7,LOCAL_PERTURBATION,4,-0.01880108991825613,0.05068119891008174,0.10078200697898865,0.017983651226158037,False,False,False,0.509090909090909,ts_0902d0fdbaf09216b968,0.03188010899182561,0.0,0.5127272727272727,-0.05068119891008174,False,552,275,23,252,22.191429167463255,215.16601940994386,0.09349371296526292,0.29768983010190286,0.4715481294823942,0.6594913439239282,0.06893732970027247,False,0.0002724795640326975,0.0065395095367847406,0.0
CB1_CAUR_L_CF1_RI2_TI2_R12__seed721201__it0000019,CB1_CAUR_L_CF1_RI2_TI2_R12,NEW_ALNS_EXPANSION,L,CF1,0-20%,0.05061803491563811,ts_fdb574d4c48fa472f853,MATCHED_RANDOM,ts_52e89c5f7fb338e34a6b,STRUCTURED_NEAR_NEIGHBOR,10,0.025341130604288498,0.010288065843621401,0.047567009925842285,0.00855533896469569,False,False,False,0.6340579710144928,,,,,,False,552,276,23,253,25.084735125992527,196.62286767874969,0.11314332394854608,0.14586197041023566,0.3408037165051533,0.5831190494117766,0.10049815897769115,True,0.02391524077683922,0.09421702404158544,0.2916666666666667
CB1_CAUR_L_CF1_RI2_TI2_R12__seed721201__it0000078,CB1_CAUR_L_CF1_RI2_TI2_R12,NEW_ALNS_EXPANSION,L,CF1,0-20%,0.17969313373488335,ts_b0ccda7031432abd69c0,ORIGINAL_OPERATOR,ts_7f532e22562e824fd3cf,STRUCTURED_NEAR_NEIGHBOR,22,-0.005829169640732809,0.052700452058053765,0.06201690435409546,0.0124910778015703,False,False,False,0.4963768115942029,,,,,,False,552,276,23,253,55.215961109239366,279.2271228660415,0.16509822972844146,0.20899995065227492,0.42952605028640917,0.662718640035882,0.07197240066619082,True,0.034548735030533746,0.07708779443254818,0.4583333333333333
CB1_CAUR_L_CF1_RI2_TI2_R12__seed721201__it0000142,CB1_CAUR_L_CF1_RI2_TI2_R12,NEW_ALNS_EXPANSION,L,CF1,20-40%,0.32063395614456663,ts_d787ebbf95b0c2a5ad9c,STRUCTURED_NEAR_NEIGHBOR,ts_53b63d012c1c34e77015,STRUCTURED_NEAR_NEIGHBOR,2,0.00867336881529667,0.009264734870885078,0.19643884152173996,0.0031539522964715173,False,False,True,0.6546184738955824,,,,,,False,506,249,22,227,16.933136386476523,209.77116313434033,0.07469261245714337,0.15317013638391788,0.38237908865373593,0.5784247096561543,0.07825744135619948,False,0.0009427574799235508,0.012812931204415533,0.043478260869565216
CB1_CAUR_L_CF1_RI2_TI2_R12__seed721201__it0000201,CB1_CAUR_L_CF1_RI2_TI2_R12,NEW_ALNS_EXPANSION,L,CF1,40-60%,0.44961489898805557,ts_44cfedddad0bd8fbc2ad,RELATED_VARIANT,ts_42a0da6595caa2e3673e,STRUCTURED_NEAR_NEIGHBOR,3,0.02093973442288049,0.03115423901940756,0.03983432054519653,0.000766087844739527,False,False,False,0.7481751824817519,,,,,,False,552,274,23,251,18.869330509672583,149.1633127809689,0.11229562387490873,0.20294005370697424,0.5343484434170981,0.6710144015045881,0.06562819203268641,False,0.0028302689819543754,0.06537282941777324,0.041666666666666664
CB1_CAUR_L_CF1_RI2_TI2_R12__seed721201__it0000261,CB1_CAUR_L_CF1_RI2_TI2_R12,NEW_ALNS_EXPANSION,L,CF1,40-60%,0.5808042981446208,ts_8eac610b28956de3eae5,MATCHED_RANDOM,ts_c2839f2e837c6b72a808,STRUCTURED_NEAR_NEIGHBOR,13,0.004513064133016628,0.012945368171021378,0.18188297748565674,0.0003562945368171047,False,False,False,0.7753623188405797,,,,,,False,552,276,23,253,20.063222815405815,105.78816707388717,0.15941995422581126,0.13321047258851643,0.36921180605866,0.5715958623769742,0.07280285035629455,True,0.016013460015835312,0.05415676959619953,0.2916666666666667
CB1_CAUR_L_CF1_RI2_TI2_R12__seed721201__it0000324,CB1_CAUR_L_CF1_RI2_TI2_R12,NEW_ALNS_EXPANSION,L,CF1,60-80%,0.7202485031807719,ts_189b9eb8e6d355fdc974,MATCHED_RANDOM,ts_b4afb4d46288a478f98c,RELATED_VARIANT,2,-0.002782482458262763,0.035809339462859906,0.06435149908065796,0.008710379869344299,False,False,False,0.6485507246376812,,,,,,False,552,276,23,253,19.464668615553883,172.10676927293218,0.10160527493082913,0.15186963747354895,0.3421332941676829,0.5661986298017634,0.08202274376965885,False,0.0071679167674812486,0.025647229615291554,0.125
CB1_CAUR_L_CF1_RI2_TI2_R12__seed721201__it0000383,CB1_CAUR_L_CF1_RI2_TI2_R12,NEW_ALNS_EXPANSION,L,CF1,80-100%,0.8497913348674704,ts_53250374d2206aa359b3,MATCHED_RANDOM,ts_cf70c27f6f1bd7fa2d37,RELATED_VARIANT,19,0.03337378640776699,0.013470873786407767,0.11357593536376953,0.006067961165048541,False,False,False,0.5198412698412699,,,,,,False,506,252,22,230,27.240814762918532,175.6991451413636,0.1342309064009219,0.14832598956401297,0.3534489719557573,0.5847491715947296,0.06395631067961165,True,0.014974672857745886,0.048058252427184464,0.13043478260869565
CB1_CAUR_L_CF1_RI2_TI2_R12__seed721201__it0000429,CB1_CAUR_L_CF1_RI2_TI2_R12,NEW_ALNS_EXPANSION,L,CF1,80-100%,0.9505286721687298,ts_0ac14b8cbb6f89a2c3d7,MATCHED_RANDOM,ts_dc038552d2985c3fb142,RELATED_VARIANT,22,0.02929493545183714,0.03959781529294934,0.326873242855072,0.012164846077457783,False,False,False,0.44363636363636366,,,,,,False,552,275,23,252,58.34730144492199,260.17675299806024,0.18318020454359912,0.2097587388137866,0.46608775705317673,0.6443316162887953,0.10402184707050643,True,0.03660832505792784,0.07894736842105263,0.5
CB1_CAUR_L_CF1_RI2_TI2_R12__seed721202__it0000019,CB1_CAUR_L_CF1_RI2_TI2_R12,NEW_ALNS_EXPANSION,L,CF1,0-20%,0.050100232722940403,ts_b45546e27ce8c5850911,RELATED_VARIANT,ts_e88af58f78a68dcc3130,STRUCTURED_NEAR_NEIGHBOR,5,-0.045792375929033804,0.0557420282905778,0.05659008026123047,0.008631023735315272,False,False,False,0.6956521739130435,,,,,,False,552,276,23,253,22.846940603906443,191.34845430882802,0.10666401401026636,0.15860171235725615,0.38016315764092795,0.6482545096287969,0.0896667465835531,True,0.032516183169503714,0.08439223207863822,0.20833333333333334
CB1_CAUR_L_CF1_RI2_TI2_R12__seed721202__it0000077,CB1_CAUR_L_CF1_RI2_TI2_R12,NEW_ALNS_EXPANSION,L,CF1,0-20%,0.17931183787951308,ts_f76dd763741287aee747,STRUCTURED_NEAR_NEIGHBOR,ts_03488bb1cb9f9fb6e0ac,LOCAL_PERTURBATION,2,0.032998037291462216,0.012634936211972522,0.0418950617313385,0.007360157016683022,False,False,False,0.5978260869565217,,,,,,False,552,276,23,253,20.185570862731954,144.639084935534,0.1224669377586185,0.22952336032442824,0.4919978284501736,0.6510806577644491,0.07163886162904809,False,0.0259752208047105,0.08930323846908735,0.5
CB1_CAUR_L_CF1_RI2_TI2_R12__seed721202__it0000141,CB1_CAUR_L_CF1_RI2_TI2_R12,NEW_ALNS_EXPANSION,L,CF1,20-40%,0.32007434515665417,ts_95b472cd3d0d66c76800,STRUCTURED_NEAR_NEIGHBOR,ts_24786facae9bcbd69469,RELATED_VARIANT,7,0.007585177816463567,0.009574732653568762,0.05522477626800537,0.0002486943546381494,False,False,True,0.6719367588932806,,,,,,False,506,253,22,231,16.06497917871704,124.45865894552246,0.11432225491140288,0.13669899931150714,0.36520613341107283,0.5894671557326254,0.061427505595622975,True,0.019214342095304003,0.057448395921412584,0.30434782608695654
CB1_CAUR_L_CF1_RI2_TI2_R12__seed721202__it0000200,CB1_CAUR_L_CF1_RI2_TI2_R12,NEW_ALNS_EXPANSION,L,CF1,40-60%,0.44900293898798876,ts_6ffdf7d5006abe184724,STRUCTURED_NEAR_NEIGHBOR,ts_f5b7aed34c9b16ba07c0,STRUCTURED_NEAR_NEIGHBOR,3,0.02794878108840187,0.025609455799064266,0.05719795823097229,0.015636542723467123,False,False,False,0.6159420289855072,,,,,,False,552,276,23,253,21.8058752912204,153.02493791568781,0.12472558407317852,0.19372337299918765,0.3900972437757314,0.5665788278827072,0.1035459246491012,True,0.01213781498809817,0.05121891159812854,0.20833333333333334
CB1_CAUR_L_CF1_RI2_TI2_R12__seed721202__it0000260,CB1_CAUR_L_CF1_RI2_TI2_R12,NEW_ALNS_EXPANSION,L,CF1,40-60%,0.5804011813976454,ts_d5b261c280baf8c6ae6c,STRUCTURED_NEAR_NEIGHBOR,ts_852a4db45a0bdb3aa656,RELATED_VARIANT,3,-0.03399433427762039,0.06644347154262167,0.02751922607421875,0.0169971671388102,False,False,False,0.575091575091575,,,,,,False,552,273,23,250,25.532967107542312,183.55333473405486,0.12211688131959009,0.2089810079255765,0.41918984567898004,0.6120618096192341,0.10687612670615504,True,0.06533822645720662,0.13571980427504507,0.5833333333333334
CB1_CAUR_L_CF1_RI2_TI2_R12__seed721202__it0000323,CB1_CAUR_L_CF1_RI2_TI2_R12,NEW_ALNS_EXPANSION,L,CF1,60-80%,0.7200569666987664,ts_c5c9c5453ace49625e20,ORIGINAL_OPERATOR,ts_3ed9a60ba91b63eb4605,ORIGINAL_OPERATOR,17,0.03370066632496156,0.02614044079958995,0.06523430347442627,0.00640697078421322,False,False,False,0.5595238095238095,,,,,,False,506,252,22,230,29.908384954169055,159.1497292226543,0.15819678030955167,0.17366212400269238,0.3968458171378667,0.591062563068405,0.07598667350076883,True,0.014039622935841151,0.03254741158380318,0.17391304347826086
CB1_CAUR_L_CF1_RI2_TI2_R12__seed721202__it0000382,CB1_CAUR_L_CF1_RI2_TI2_R12,NEW_ALNS_EXPANSION,L,CF1,80-100%,0.8498974714939432,ts_e385bfd57adef6f617d5,STRUCTURED_NEAR_NEIGHBOR,ts_8ad7a8b1a8b61c4aad80,RELATED_VARIANT,5,-0.06715475889926786,0.0848270638727594,0.07286614179611206,0.005301691492047464,False,False,False,0.5760869565217391,,,,,,False,552,276,23,253,29.87546796165462,316.1245184606307,0.08634528651452683,0.12243032753589661,0.3209163879002499,0.5701956205759753,0.12623074981065388,False,0.004628460826390642,0.04367583943448623,0.041666666666666664
CB1_CAUR_L_CF1_RI2_TI2_R12__seed721202__it0000428,CB1_CAUR_L_CF1_RI2_TI2_R12,NEW_ALNS_EXPANSION,L,CF1,80-100%,0.950997112313263,ts_811713f95af4d618aaa6,STRUCTURED_NEAR_NEIGHBOR,ts_9882eef0cecdfd209730,RELATED_VARIANT,13,-0.022311356229631485,0.06267234895963901,0.13071274757385254,0.015668087239909756,False,False,False,0.39855072463768115,,,,,,False,552,276,23,253,35.82378849111184,239.0788610639296,0.13031445331318697,0.18561970416748041,0.36832210561787093,0.5598691701611352,0.09538731511657057,False,0.03256873067602574,0.07796440210579092,0.5
CB1_CAUR_L_CF1_RI2_TI2_R12__seed721203__it0000019,CB1_CAUR_L_CF1_RI2_TI2_R12,NEW_ALNS_EXPANSION,L,CF1,0-20%,0.050359049060168755,ts_c5775762b697aa196eb7,RELATED_VARIANT,ts_72398c885370f5504f24,RELATED_VARIANT,10,0.02959618760973163,0.006897416603962876,0.07967865467071533,0.0017557060446450959,False,False,True,0.5253623188405797,,,,,,False,552,276,23,253,27.801586098395674,175.5597732228399,0.13671026881011092,0.19886676424471617,0.5239616872975242,0.6822909006710495,0.0872836719337848,True,0.03051584315692668,0.06696764484574867,0.375
CB1_CAUR_L_CF1_RI2_TI2_R12__seed721203__it0000078,CB1_CAUR_L_CF1_RI2_TI2_R12,NEW_ALNS_EXPANSION,L,CF1,0-20%,0.18005252927710044,ts_1948174430f45c02f0a6,MATCHED_RANDOM,ts_973e30c818d1cd1d4083,LOCAL_PERTURBATION,20,0.0202081316553727,0.02492739593417231,0.06044882535934448,0.004356243949661179,False,False,False,0.47101449275362317,,,,,,False,552,276,23,253,30.18134939733962,169.59912855011132,0.15107256578532335,0.15456812111053314,0.36355026133294077,0.5651484092301238,0.06510164569215876,True,0.0105175056469829,0.03412391093901259,0.125
CB1_CAUR_L_CF1_RI2_TI2_R12__seed721203__it0000142,CB1_CAUR_L_CF1_RI2_TI2_R12,NEW_ALNS_EXPANSION,L,CF1,20-40%,0.32055833927707755,ts_596d94b43b32087feca5,ORIGINAL_OPERATOR,ts_876ba2e9e9560863aa1e,RELATED_VARIANT,23,-0.002232142857142858,0.037450396825396824,0.010161221027374268,0.0029761904761904726,False,False,False,0.5072463768115942,,,,,,False,552,276,23,253,55.202528871600556,153.67015004526442,0.26428793443862586,0.18527155293057881,0.4384377964788387,0.6315347972578789,0.07614087301587302,False,0.047009341931216926,0.07316468253968254,0.5833333333333334
CB1_CAUR_L_CF1_RI2_TI2_R12__seed721203__it0000200,CB1_CAUR_L_CF1_RI2_TI2_R12,NEW_ALNS_EXPANSION,L,CF1,40-60%,0.4490957479036472,ts_cb6a64d037bff9c3d915,STRUCTURED_NEAR_NEIGHBOR,ts_6cd1bcfb77d93e3aaad6,RELATED_VARIANT,11,-0.028031456113647893,0.04731100963977676,0.18594971299171448,0.011922881785895484,False,False,False,0.4963768115942029,,,,,,False,552,276,23,253,20.28129074189373,149.99044841938067,0.11911131490049634,0.20052737675203944,0.3810401171413493,0.5407202193419199,0.07128361237950279,True,0.009534077456451885,0.039320142059868085,0.16666666666666666
CB1_CAUR_L_CF1_RI2_TI2_R12__seed721203__it0000259,CB1_CAUR_L_CF1_RI2_TI2_R12,NEW_ALNS_EXPANSION,L,CF1,40-60%,0.579448237373488,ts_3a58db3d0c4b70cc2027,RELATED_VARIANT,ts_334720392455ad3ce69e,RELATED_VARIANT,6,-0.023944387229660143,0.057672502574665295,0.1553669571876526,0.0198249227600412,False,False,False,0.5072992700729927,,,,,,False,552,274,23,251,24.102539211704816,179.21737030378247,0.11854490427986776,0.26580157080701816,0.4340177896457109,0.6318336368471534,0.07994335736354274,False,0.00724124613800206,0.0592173017507724,0.125
CB1_CAUR_L_CF1_RI2_TI2_R12__seed721203__it0000322,CB1_CAUR_L_CF1_RI2_TI2_R12,NEW_ALNS_EXPANSION,L,CF1,60-80%,0.7190058945542473,ts_4df618ea917c81d40dd8,STRUCTURED_NEAR_NEIGHBOR,ts_8d01a11bee9b18c075ba,RELATED_VARIANT,2,0.005986465382613222,0.035398230088495575,0.24933260679244995,0.0007808433107756377,False,False,False,0.6920289855072463,,,,,,False,552,276,23,253,13.598180233740663,133.59360488486783,0.09238409754174205,0.11434885856243715,0.3118152477149396,0.5348600191180681,0.09474232170744404,False,0.004001821967725143,0.0338365434669443,0.0
CB1_CAUR_L_CF1_RI2_TI2_R12__seed721203__it0000381,CB1_CAUR_L_CF1_RI2_TI2_R12,NEW_ALNS_EXPANSION,L,CF1,80-100%,0.8504418397349648,ts_e0a892b3800a9a2a82c9,STRUCTURED_NEAR_NEIGHBOR,ts_dfffd68f3eb13e97ffd2,RELATED_VARIANT,14,-0.027659039476992706,0.03495096806638169,0.1595853567123413,0.0012572290671360314,False,False,False,0.6086956521739131,,,,,,False,552,276,23,253,14.517178709601946,113.94506198648378,0.11300736022460091,0.12091222051845336,0.33776970966602016,0.5678832840117094,0.05355795825999497,True,0.03148311122286481,0.09177772190093035,0.5416666666666666
CB1_CAUR_L_CF1_RI2_TI2_R12__seed721203__it0000425,CB1_CAUR_L_CF1_RI2_TI2_R12,NEW_ALNS_EXPANSION,L,CF1,80-100%,0.9500494900000694,ts_339bcdf409d71a179afe,RELATED_VARIANT,ts_45cf02360834fc9acc37,RELATED_VARIANT,10,-0.0015860428231562252,0.032249537404176576,0.07544833421707153,0.013217023526301875,False,False,False,0.5948905109489051,,,,,,False,552,274,23,251,24.486381896581772,129.83431102996366,0.1586720577274556,0.2748213503291523,0.45974790162950024,0.6261856070757559,0.06106264869151467,False,0.0006278086174993391,0.012159661644197725,0.0
CB1_CAUR_L_CF1_RI2_TI2_R12__seed721204__it0000019,CB1_CAUR_L_CF1_RI2_TI2_R12,NEW_ALNS_EXPANSION,L,CF1,0-20%,0.05084164672287837,ts_88e6673afacea8b86981,RELATED_VARIANT,ts_ff2a8cb51d7ab549fce2,RELATED_VARIANT,5,-0.00592255125284738,0.04874715261958998,0.15822789072990417,0.003075170842824604,False,False,False,0.6521739130434783,,,,,,False,552,276,23,253,23.59705732520751,260.3730827112771,0.083096966892983,0.1289093127910445,0.3398740591072519,0.5506730580283395,0.14886104783599088,True,0.008039104024297646,0.04441913439635535,0.08333333333333333
CB1_CAUR_L_CF1_RI2_TI2_R12__seed721204__it0000080,CB1_CAUR_L_CF1_RI2_TI2_R12,NEW_ALNS_EXPANSION,L,CF1,0-20%,0.1792084843615289,ts_b2c7ac02e634c020002f,RELATED_VARIANT,ts_210a28eb7ca1c81fb539,STRUCTURED_NEAR_NEIGHBOR,6,0.020670391061452513,0.04,0.0012205839157104492,0.026033519553072627,False,False,False,0.6811594202898551,,,,,,False,552,276,23,253,37.13981828628518,145.2880907758868,0.2035862740367639,0.3092807489672098,0.5050953247831899,0.6658048755386945,0.1093854748603352,True,0.022262569832402237,0.08022346368715083,0.3333333333333333
CB1_CAUR_L_CF1_RI2_TI2_R12__seed721204__it0000146,CB1_CAUR_L_CF1_RI2_TI2_R12,NEW_ALNS_EXPANSION,L,CF1,20-40%,0.32102875438563006,ts_18bf56421d69c02754ed,RELATED_VARIANT,ts_4bcbb9c0cc946d1fc586,STRUCTURED_NEAR_NEIGHBOR,2,0.01768416309979725,0.04854697003829691,0.20331236720085144,0.013291281820229775,False,False,False,0.5,,,,,,False,552,276,23,253,20.004056998027888,193.4089399129399,0.0937340147393799,0.213760895576571,0.41740877223324535,0.6346953096851613,0.0808740707366524,True,0.02037808815799354,0.13719306150033792,0.16666666666666666
CB1_CAUR_L_CF1_RI2_TI2_R12__seed721204__it0000205,CB1_CAUR_L_CF1_RI2_TI2_R12,NEW_ALNS_EXPANSION,L,CF1,40-60%,0.449249824120506,ts_029ab4a506bb2d7b1a52,MATCHED_RANDOM,ts_ec76cf9a99fe6a292294,RELATED_VARIANT,8,0.028925619834710745,0.06164842528478892,0.091592937707901,0.023676569131114586,False,False,False,0.4746376811594203,,,,,,False,552,276,23,253,34.84962967664753,299.6467938003724,0.10418535814043381,0.2721527100895817,0.46631181367849167,0.649450228592623,0.100625418807237,False,0.018529893529893534,0.051597051597051594,0.20833333333333334
CB1_CAUR_L_CF1_RI2_TI2_R12__seed721204__it0000264,CB1_CAUR_L_CF1_RI2_TI2_R12,NEW_ALNS_EXPANSION,L,CF1,40-60%,0.5790446728675875,ts_f8632991bfc85cb64414,MATCHED_RANDOM,ts_52ab65521a402faf59f8,ORIGINAL_OPERATOR,7,0.013896171997902464,0.01048767697954903,0.33144521713256836,0.0017042475091767172,False,False,False,0.5672727272727273,,,,,,False,552,275,23,252,10.766089860906153,72.90103715882773,0.12867765685759522,0.19052392517392863,0.468829853704174,0.6634752424999314,0.032249606712113264,True,0.009832197168327216,0.027267960146827478,0.3333333333333333
CB1_CAUR_L_CF1_RI2_TI2_R12__seed721204__it0000329,CB1_CAUR_L_CF1_RI2_TI2_R12,NEW_ALNS_EXPANSION,L,CF1,60-80%,0.7193285171084558,ts_1e1a304d877897246d52,STRUCTURED_NEAR_NEIGHBOR,ts_1e1a304d877897246d52,STRUCTURED_NEAR_NEIGHBOR,1,0.03329931104873692,0.0,0.18795937299728394,0.013141107425363611,True,True,True,0.7210144927536232,,,,,,False,552,276,23,253,19.02414653005934,177.13908180569788,0.0969812063731802,0.17978457352761973,0.3898852982550173,0.603902669937146,0.09798417963766268,False,0.006761929063536618,0.046185251339627455,0.0
CB1_CAUR_L_CF1_RI2_TI2_R12__seed721204__it0000389,CB1_CAUR_L_CF1_RI2_TI2_R12,NEW_ALNS_EXPANSION,L,CF1,80-100%,0.8507566045542284,ts_473b5c4f3c3368dfd2df,STRUCTURED_NEAR_NEIGHBOR,ts_22f4337a53203a6ae278,RELATED_VARIANT,3,0.0034519383961763143,0.03797132235793946,0.07957786321640015,0.02336696760488582,False,False,False,0.7536231884057971,,,,,,False,552,276,23,253,26.872058538357948,130.81645219134546,0.17041227933479444,0.3200015972751046,0.4990222348385137,0.6582592957597649,0.08390865639936272,False,0.0016706496725084087,0.036378120021242695,0.0
CB1_CAUR_L_CF1_RI2_TI2_R12__seed721204__it0000434,CB1_CAUR_L_CF1_RI2_TI2_R12,NEW_ALNS_EXPANSION,L,CF1,80-100%,0.9495622465060533,ts_ce549fab6fdcdebcc8a3,STRUCTURED_NEAR_NEIGHBOR,ts_ce549fab6fdcdebcc8a3,STRUCTURED_NEAR_NEIGHBOR,1,0.03478491768454594,0.0,0.14793026447296143,0.00212426978226235,True,True,True,0.7420634920634921,,,,,,False,506,252,22,230,7.991444737634521,80.40906586068425,0.09040043641768856,0.13074018747522367,0.3299895325750762,0.5831274842493599,0.03505045140732873,False,0.0015239326698838578,0.022039298990971852,0.043478260869565216
CB1_CAUR_L_CF2_RI2_TI2_R12_C02__seed691201__it0000010,CB1_CAUR_L_CF2_RI2_TI2_R12_C02,ORIGINAL_PHASE6J_CAUR,L,CF2,0-20%,0.049263271855696865,ts_01c7a18043da53925615,MATCHED_RANDOM,ts_c95daadf7e40264c25dc,RELATED_VARIANT,18,0.03867271425161136,0.031749820959656234,0.01776331663131714,0.021962282167581754,False,False,False,0.5615942028985508,ts_0f6607c413d0ac0cf5d0,0.01348770589639532,0.05693482931487227,0.5,0.02518500835521604,False,552,276,23,253,71.80425373421403,314.90762928198825,0.18567894312987948,0.26858673546385614,0.47721263961636895,0.6579024460868595,0.13058009071377416,False,0.04740590435266969,0.08952017187873001,0.625
CB1_CAUR_L_CF2_RI2_TI2_R12_C02__seed691201__it0000045,CB1_CAUR_L_CF2_RI2_TI2_R12_C02,ORIGINAL_PHASE6J_CAUR,L,CF2,0-20%,0.17830478764960023,ts_61a0929c38dbd8e92996,RELATED_VARIANT,ts_7c3d5a4417cfaedcef88,ORIGINAL_OPERATOR,3,0.008160237388724036,0.02607036880033913,0.10227149724960327,0.0023314963967783,False,False,False,0.6521739130434783,ts_7c3d5a4417cfaedcef88,0.008160237388724036,0.02607036880033913,0.6920289855072463,0.0,False,552,276,23,253,21.576325051532212,263.5009472617663,0.0756858829062316,0.09268696119912428,0.2618507618277002,0.4741084603628966,0.18079694785926237,True,0.011295393528331213,0.04345061466723187,0.0
CB1_CAUR_L_CF2_RI2_TI2_R12_C02__seed691201__it0000084,CB1_CAUR_L_CF2_RI2_TI2_R12_C02,ORIGINAL_PHASE6J_CAUR,L,CF2,20-40%,0.3210904039589559,ts_20fa96dcf6f2e952cc0d,RELATED_VARIANT,ts_897efaf234781c1bff8a,ORIGINAL_OPERATOR,12,-0.0012717667775386417,0.045098806495793384,0.30109792947769165,0.016043827039718257,False,False,False,0.5766423357664233,ts_897efaf234781c1bff8a,-0.0012717667775386417,0.045098806495793384,0.5072992700729927,0.0,False,552,274,23,251,27.04863502305456,133.37059483187255,0.16861217353752175,0.2907129720863054,0.4832194301500017,0.6177711102528676,0.079827822343964,False,0.047030913715515564,0.11132850714145959,0.7916666666666666
CB1_CAUR_L_CF2_RI2_TI2_R12_C02__seed691201__it0000119,CB1_CAUR_L_CF2_RI2_TI2_R12_C02,ORIGINAL_PHASE6J_CAUR,L,CF2,40-60%,0.448815961072243,ts_3ab5d8854d4af271ab81,STRUCTURED_NEAR_NEIGHBOR,ts_c94323c3e4e2fc7ed3cb,ORIGINAL_OPERATOR,2,0.02805247225025227,0.022704339051463174,1.3416314125061035,0.022704339051463174,False,False,False,0.6557971014492754,ts_c94323c3e4e2fc7ed3cb,0.02805247225025227,0.022704339051463174,0.5362318840579711,0.0,False,552,276,23,253,28.40992893054604,145.95392911240492,0.1629347345798453,0.30617286666839394,0.47178975426831116,0.6413596627081265,0.08657921291624622,False,0.006516986209216279,0.042179616548940466,0.08333333333333333
CB1_CAUR_L_CF2_RI2_TI2_R12_C02__seed691201__it0000155,CB1_CAUR_L_CF2_RI2_TI2_R12_C02,ORIGINAL_PHASE6J_CAUR,L,CF2,40-60%,0.5789729689692564,ts_ea4671a1f147906048a3,STRUCTURED_NEAR_NEIGHBOR,ts_d0e89f31c7ed95446070,STRUCTURED_NEAR_NEIGHBOR,7,-0.0025480203841630735,0.003920031360250882,0.10042738914489746,0.0013720109760878086,False,True,True,0.7163636363636363,ts_8085a401d3d390d4af28,-0.02920423363386907,0.03057624460995688,0.7636363636363637,0.026656213249705997,False,552,275,23,252,24.574823774254924,207.9370922986993,0.10569274981392433,0.10952663304901816,0.3180812217518888,0.5691760955391665,0.1269110152881223,True,0.023250686005488047,0.0915327322618581,0.125
CB1_CAUR_L_CF2_RI2_TI2_R12_C02__seed691201__it0000194,CB1_CAUR_L_CF2_RI2_TI2_R12_C02,ORIGINAL_PHASE6J_CAUR,L,CF2,60-80%,0.7192938257733086,ts_a96b10fd4433da56e28b,ORIGINAL_OPERATOR,ts_d2d10c854bca94799307,ORIGINAL_OPERATOR,24,0.05809217577706324,0.029260450160771695,0.6558436751365662,0.008467309753483379,False,False,False,0.5127272727272727,ts_d2d10c854bca94799307,0.05809217577706324,0.029260450160771695,0.5236363636363637,0.0,False,552,275,23,252,245.42902310525105,222.53197096687478,0.5244647015760113,0.2286732484602507,0.4765304695729261,0.6509839508738385,0.10396570203644158,True,0.06372811718470882,0.14662379421221863,0.625
CB1_CAUR_L_CF2_RI2_TI2_R12_C02__seed691201__it0000230,CB1_CAUR_L_CF2_RI2_TI2_R12_C02,ORIGINAL_PHASE6J_CAUR,L,CF2,80-100%,0.8494022687217196,ts_cde712f362446c3fffd2,ORIGINAL_OPERATOR,ts_cdacc450c2c37c12c13c,ORIGINAL_OPERATOR,15,-0.018123667377398723,0.018123667377398723,0.8479467630386353,0.014605543710021322,False,False,False,0.6159420289855072,ts_cdacc450c2c37c12c13c,-0.018123667377398723,0.018123667377398723,0.6666666666666666,0.0,False,552,276,23,253,28.433201002102336,144.55254067500601,0.1643673098513239,0.1708803472370804,0.3368615700306533,0.5432763906131064,0.0990405117270789,True,0.03531449893390192,0.08102345415778252,0.16666666666666666
CB1_CAUR_L_CF2_RI2_TI2_R12_C02__seed691201__it0000258,CB1_CAUR_L_CF2_RI2_TI2_R12_C02,ORIGINAL_PHASE6J_CAUR,L,CF2,80-100%,0.9512973870516793,ts_b6b70f0fe7950726d888,ORIGINAL_OPERATOR,ts_b6b70f0fe7950726d888,ORIGINAL_OPERATOR,1,0.030383795309168446,0.0,0.5093274116516113,6.938893903907228e-18,True,True,True,0.5127272727272727,ts_b6b70f0fe7950726d888,0.030383795309168446,0.0,0.52,0.0,False,552,275,22,253,8.022576166261116,293.2636859640686,0.02662775298659561,0.1487809234635536,0.4019716792776299,0.5998246083909166,0.10554371002132197,True,0.029673063255152805,0.08635394456289978,0.4166666666666667
CB1_CAUR_L_CF2_RI2_TI2_R12_C02__seed691202__it0000010,CB1_CAUR_L_CF2_RI2_TI2_R12_C02,ORIGINAL_PHASE6J_CAUR,L,CF2,0-20%,0.04863125420614751,ts_9fdddb4b57d0df80f3a4,ORIGINAL_OPERATOR,ts_9fdddb4b57d0df80f3a4,ORIGINAL_OPERATOR,1,0.039852645679839246,0.0,0.7746022343635559,0.017302969412815356,True,True,True,0.6123188405797102,ts_9fdddb4b57d0df80f3a4,0.039852645679839246,0.0,0.6521739130434783,0.0,False,552,276,23,253,12.660229278800221,180.2929890930289,0.06561294693931156,0.18822625410952776,0.3659512292777253,0.5330374584203073,0.12212547443625808,False,0.011674853017786709,0.07122125474436258,0.08333333333333333
CB1_CAUR_L_CF2_RI2_TI2_R12_C02__seed691202__it0000046,CB1_CAUR_L_CF2_RI2_TI2_R12_C02,ORIGINAL_PHASE6J_CAUR,L,CF2,0-20%,0.1800074051959397,ts_4f0ea33dfc45ed1569cf,STRUCTURED_NEAR_NEIGHBOR,ts_8df5d80775ab6b6daf8d,ORIGINAL_OPERATOR,9,0.044712041884816756,0.042094240837696334,0.8595181107521057,0.02345549738219896,False,False,False,0.7290836653386454,ts_8df5d80775ab6b6daf8d,0.044712041884816756,0.042094240837696334,0.749003984063745,0.0,False,506,251,22,229,40.56849736474164,206.3992001913772,0.16426641121972319,0.2864092559782595,0.54859790015078,0.7269185632255699,0.14617801047120418,False,0.013257455042112454,0.024083769633507852,0.17391304347826086
CB1_CAUR_L_CF2_RI2_TI2_R12_C02__seed691202__it0000084,CB1_CAUR_L_CF2_RI2_TI2_R12_C02,ORIGINAL_PHASE6J_CAUR,L,CF2,20-40%,0.3215372637733361,ts_4ab7baaec64627ca304a,LOCAL_PERTURBATION,ts_08883b8f61a5ad3a161d,ORIGINAL_OPERATOR,10,-0.012706736587333602,0.021782977006857603,0.2915138006210327,0.002924566357402179,False,False,False,0.6181818181818182,ts_ad79b67eacb934b44f22,-0.004840661557079467,0.013916901976603469,0.6363636363636364,-0.007866075030254134,False,552,275,23,252,17.949029445913045,232.228790656828,0.07174508690875106,0.10863530343508095,0.27902359458064885,0.4953013743954766,0.08329971762807584,True,0.04556608847653624,0.14965711980637353,0.4583333333333333
CB1_CAUR_L_CF2_RI2_TI2_R12_C02__seed691202__it0000119,CB1_CAUR_L_CF2_RI2_TI2_R12_C02,ORIGINAL_PHASE6J_CAUR,L,CF2,40-60%,0.45078047416496964,ts_329a6e34a8ed6dcf28e3,RELATED_VARIANT,ts_3d8513cf61ac7b4a4465,ORIGINAL_OPERATOR,2,-0.038351107465135356,0.09885151763740771,0.012172996997833252,0.017227235438884332,False,False,False,0.6195652173913043,ts_7557fe7bf08d38b52c52,-0.00041017227235438887,0.06091058244462674,0.5471014492753623,-0.03794093519278097,True,552,276,23,253,24.04607049253569,237.07232531042627,0.09208876463334541,0.16919944226161684,0.3725083189364734,0.5624300890785452,0.16591468416735028,False,0.004332444626743232,0.03855619360131256,0.08333333333333333
CB1_CAUR_L_CF2_RI2_TI2_R12_C02__seed691202__it0000155,CB1_CAUR_L_CF2_RI2_TI2_R12_C02,ORIGINAL_PHASE6J_CAUR,L,CF2,40-60%,0.5798743190516876,ts_377b26449fbbde4080fe,RELATED_VARIANT,ts_21a595256c8227143d01,ORIGINAL_OPERATOR,2,-0.01866283839212469,0.05270713699753897,0.05249983072280884,0.003281378178835115,False,False,False,0.7065217391304348,ts_21a595256c8227143d01,-0.01866283839212469,0.05270713699753897,0.6268115942028986,0.0,False,552,276,23,253,17.312652692969003,237.1875302680588,0.06802609134320398,0.12129554794892065,0.32767556247698865,0.5548118005939452,0.12920426579163247,True,0.011741181296144381,0.06562756357670221,0.08333333333333333
CB1_CAUR_L_CF2_RI2_TI2_R12_C02__seed691202__it0000194,CB1_CAUR_L_CF2_RI2_TI2_R12_C02,ORIGINAL_PHASE6J_CAUR,L,CF2,60-80%,0.720140439835041,ts_5f3f0bee7397d243d85f,STRUCTURED_NEAR_NEIGHBOR,ts_4f9f92533cd75ba364bd,ORIGINAL_OPERATOR,12,-0.024722396815420072,0.036978839304420696,0.29294729232788086,0.00429499266708569,False,False,False,0.6594202898550725,ts_4f9f92533cd75ba364bd,-0.024722396815420072,0.036978839304420696,0.644927536231884,0.0,False,552,276,23,253,27.78810142741215,203.5335859501717,0.12012752346066861,0.12375808061861145,0.3368078727444345,0.5616702620008225,0.10611774565262937,True,0.02424226552133529,0.11334590404357846,0.20833333333333334
CB1_CAUR_L_CF2_RI2_TI2_R12_C02__seed691202__it0000230,CB1_CAUR_L_CF2_RI2_TI2_R12_C02,ORIGINAL_PHASE6J_CAUR,L,CF2,80-100%,0.8497935671751752,ts_93c8a30921f0476ad129,STRUCTURED_NEAR_NEIGHBOR,ts_4d1af5e23249a34ba13a,LOCAL_PERTURBATION,7,-0.0017727004136300966,0.06834744928107149,0.02031850814819336,0.016545203860547565,False,False,False,0.5890909090909091,ts_0574deabde19e0fe5d81,-0.020681504825684458,0.08725625369312585,0.5309090909090909,0.01890880441205436,False,552,275,23,252,40.337580535170126,233.54326841472556,0.14728149372192711,0.2787438626688275,0.55363555775148,0.7271973663329231,0.12211936182785109,False,0.008174118573961,0.04549931061650581,0.16666666666666666
CB1_CAUR_L_CF2_RI2_TI2_R12_C02__seed691202__it0000257,CB1_CAUR_L_CF2_RI2_TI2_R12_C02,ORIGINAL_PHASE6J_CAUR,L,CF2,80-100%,0.9489479835052763,ts_ea815f6963d5aa2613f3,RELATED_VARIANT,ts_018fe9952b94b1f660f2,ORIGINAL_OPERATOR,17,0.03460105861595766,0.0699862772005489,0.1172909140586853,0.037639678494412854,False,False,False,0.5217391304347826,ts_018fe9952b94b1f660f2,0.03460105861595766,0.0699862772005489,0.5471014492753623,0.0,False,552,276,23,253,76.0287919505295,203.3652072561096,0.2721203467734423,0.4653685950395586,0.6310956435244836,0.7331132831361024,0.12624975495000978,False,0.02938966215774685,0.08861007645559695,0.25
CB1_CAUR_L_CF2_RI2_TI2_R12_C02__seed721201__it0000016,CB1_CAUR_L_CF2_RI2_TI2_R12_C02,NEW_ALNS_EXPANSION,L,CF2,0-20%,0.05072809191757919,ts_8e32452003531340c31d,STRUCTURED_NEAR_NEIGHBOR,ts_cc0a951fa61257478d06,RELATED_VARIANT,18,-0.04404426122803211,0.0567368192666522,0.551908865571022,0.004881753091776958,False,False,False,0.5253623188405797,,,,,,False,552,276,23,253,33.613361550765454,299.18825992635664,0.10100119525131625,0.11686991803581252,0.29994155035138326,0.5119495058405359,0.10609676719461922,True,0.020946336877124466,0.07550444781948362,0.25
CB1_CAUR_L_CF2_RI2_TI2_R12_C02__seed721201__it0000069,CB1_CAUR_L_CF2_RI2_TI2_R12_C02,NEW_ALNS_EXPANSION,L,CF2,0-20%,0.17981177672174323,ts_c19d5fe680b42b599ed1,STRUCTURED_NEAR_NEIGHBOR,ts_21b0ff7109464507d13a,ORIGINAL_OPERATOR,3,0.006865912762520195,0.02221324717285945,0.013826131820678711,0.013933764135702747,False,False,False,0.7608695652173914,,,,,,False,552,276,23,253,19.09791331773742,170.94714987546863,0.10049149920996293,0.21522835368396934,0.41573908030165774,0.6213676916577422,0.08269386106623586,False,0.008439351103931072,0.06684168012924072,0.125
CB1_CAUR_L_CF2_RI2_TI2_R12_C02__seed721201__it0000128,CB1_CAUR_L_CF2_RI2_TI2_R12_C02,NEW_ALNS_EXPANSION,L,CF2,20-40%,0.3201488131135474,ts_7398d06590cc6da59c9e,STRUCTURED_NEAR_NEIGHBOR,ts_59db785bc77556e191a0,ORIGINAL_OPERATOR,3,0.0673394495412844,0.03201834862385322,0.32731395959854126,0.015045871559633037,False,False,False,0.4855072463768116,,,,,,False,552,276,23,253,23.981577222192907,325.3326732806811,0.06865330340136122,0.19821687437327745,0.3870596831869484,0.5637572314589894,0.09935779816513762,True,0.03554281345565749,0.09137614678899082,0.08333333333333333
CB1_CAUR_L_CF2_RI2_TI2_R12_C02__seed721201__it0000183,CB1_CAUR_L_CF2_RI2_TI2_R12_C02,NEW_ALNS_EXPANSION,L,CF2,40-60%,0.4509948915464398,ts_436a7bd965c783710536,RELATED_VARIANT,ts_015642a8ebfaad382b8b,STRUCTURED_NEAR_NEIGHBOR,2,0.0017402454662026013,0.062099285583440196,0.1056719422340393,0.01355559626305184,False,False,False,0.7142857142857143,,,,,,False,506,252,22,230,30.06355607060695,174.9586077545398,0.1466356393362752,0.2225655401898826,0.44203641827659884,0.6007290587171665,0.14975270196006596,False,0.03849247752017012,0.08554680344385418,0.5652173913043478
CB1_CAUR_L_CF2_RI2_TI2_R12_C02__seed721201__it0000238,CB1_CAUR_L_CF2_RI2_TI2_R12_C02,NEW_ALNS_EXPANSION,L,CF2,40-60%,0.5805899592577936,ts_2fdf37530f2b0ad03466,STRUCTURED_NEAR_NEIGHBOR,ts_2cd9d3b26fdf918d48dc,RELATED_VARIANT,5,-0.011594202898550725,0.027053140096618356,0.15527677536010742,0.008502415458937197,False,False,False,0.6581818181818182,,,,,,False,552,275,23,252,14.62521932215148,132.73532291666686,0.0992478658123371,0.1632207951287049,0.34482403189870336,0.5573856908515658,0.0659903381642512,True,0.009146537842190015,0.043864734299516914,0.08333333333333333
CB1_CAUR_L_CF2_RI2_TI2_R12_C02__seed721201__it0000296,CB1_CAUR_L_CF2_RI2_TI2_R12_C02,NEW_ALNS_EXPANSION,L,CF2,60-80%,0.7186911709279005,ts_854b99a5c0c3f3d269ae,RELATED_VARIANT,ts_42a45534a0cc0034c7ff,STRUCTURED_NEAR_NEIGHBOR,7,0.013308380120607194,0.02204200457475567,0.3608759045600891,0.004366812227074239,False,False,False,0.6836363636363636,,,,,,False,552,275,23,252,26.38400790468366,195.1510366475274,0.11909631705454853,0.12521460965707232,0.3275514396998587,0.5015715888435044,0.12902890413807444,True,0.005675123033201636,0.06071948430027033,0.041666666666666664
CB1_CAUR_L_CF2_RI2_TI2_R12_C02__seed721201__it0000351,CB1_CAUR_L_CF2_RI2_TI2_R12_C02,NEW_ALNS_EXPANSION,L,CF2,80-100%,0.8496943383505232,ts_cc73f1ab6a229e2c0368,LOCAL_PERTURBATION,ts_a80966aad66e121cab12,STRUCTURED_NEAR_NEIGHBOR,6,0.016146165285744633,0.033354578287656686,0.04457920789718628,0.010303802846823883,False,False,False,0.5824175824175825,,,,,,False,552,273,23,250,24.670179406835988,218.3113210064315,0.10153110160599257,0.15077592895342473,0.32193432392850074,0.5197097957697462,0.11642234969194817,False,0.016978259330075775,0.05247503717867007,0.3333333333333333
CB1_CAUR_L_CF2_RI2_TI2_R12_C02__seed721201__it0000394,CB1_CAUR_L_CF2_RI2_TI2_R12_C02,NEW_ALNS_EXPANSION,L,CF2,80-100%,0.9499241873403211,ts_3d7499940a6787ef3216,ORIGINAL_OPERATOR,ts_7a5d4afd70942aee8508,STRUCTURED_NEAR_NEIGHBOR,15,0.04312725727639685,0.015721266199277675,0.018187522888183594,0.015721266199277675,False,False,False,0.6436363636363637,,,,,,False,552,275,23,252,35.953272449332324,126.0199134466203,0.22197052092577704,0.22184365406975676,0.40853609293656545,0.6100499612434519,0.1041002761844062,False,0.017013667587281355,0.07478223921818568,0.20833333333333334
CB1_CAUR_L_CF2_RI2_TI2_R12_C02__seed721202__it0000016,CB1_CAUR_L_CF2_RI2_TI2_R12_C02,NEW_ALNS_EXPANSION,L,CF2,0-20%,0.050880250391837196,ts_54e7bad8bd128ee0ca7e,RELATED_VARIANT,ts_71e2ecb983c9a792e9ac,STRUCTURED_NEAR_NEIGHBOR,9,0.03712059064807219,0.008100902378999186,0.09857058525085449,0.008100902378999186,False,False,True,0.616600790513834,,,,,,False,506,253,22,231,29.672894006662357,229.21919231698854,0.11461491321742116,0.15249809249058255,0.35432300958406404,0.5568990077305306,0.10972108285479902,False,0.005403573848842601,0.05065627563576702,0.08695652173913043
CB1_CAUR_L_CF2_RI2_TI2_R12_C02__seed721202__it0000070,CB1_CAUR_L_CF2_RI2_TI2_R12_C02,NEW_ALNS_EXPANSION,L,CF2,0-20%,0.17931786395886015,ts_5873def2e0bd51ca3437,ORIGINAL_OPERATOR,ts_233998822ebcb6a51851,ORIGINAL_OPERATOR,14,0.04820184522688759,0.037469403125588406,0.4307498335838318,0.030408585953681046,False,False,False,0.5362318840579711,,,,,,False,552,276,23,253,44.12573088752649,202.8604913711909,0.1786566492818571,0.39408278312490197,0.5352918069975986,0.6683871552657038,0.09414422895876483,False,0.020029184710977217,0.07060817171907362,0.125
CB1_CAUR_L_CF2_RI2_TI2_R12_C02__seed721202__it0000129,CB1_CAUR_L_CF2_RI2_TI2_R12_C02,NEW_ALNS_EXPANSION,L,CF2,20-40%,0.3197509961856227,ts_52548597d54f97425fbb,STRUCTURED_NEAR_NEIGHBOR,ts_52548597d54f97425fbb,STRUCTURED_NEAR_NEIGHBOR,1,0.08033188761078634,0.0,0.25375884771347046,0.03149160852347727,True,True,True,0.6920289855072463,,,,,,False,552,276,23,253,19.643526024455696,164.55856116869296,0.10664116961855105,0.31889391079679313,0.4869732396098974,0.6621318606050217,0.11267207241184235,False,0.01117292098811993,0.047143126532151615,0.125
CB1_CAUR_L_CF2_RI2_TI2_R12_C02__seed721202__it0000184,CB1_CAUR_L_CF2_RI2_TI2_R12_C02,NEW_ALNS_EXPANSION,L,CF2,40-60%,0.4498279434226732,ts_aa54757d54cfd7bcc667,RELATED_VARIANT,ts_2de769daf98773a3210a,RELATED_VARIANT,5,-0.013501817552362818,0.017483122728059547,0.0028493404388427734,0.003981305175696728,False,False,False,0.6884057971014492,,,,,,False,552,276,23,253,26.81890092850407,306.1899039046475,0.08053511060147862,0.14969192445336735,0.3644000842837549,0.5789305072611327,0.09581097455426692,False,0.0047025561133229475,0.024580231954301535,0.0
CB1_CAUR_L_CF2_RI2_TI2_R12_C02__seed721202__it0000239,CB1_CAUR_L_CF2_RI2_TI2_R12_C02,NEW_ALNS_EXPANSION,L,CF2,40-60%,0.5802057305566628,ts_4f8a6f4ed009cedc90e0,STRUCTURED_NEAR_NEIGHBOR,ts_82f0dfefda2da2061bc5,ORIGINAL_OPERATOR,4,-0.023255813953488372,0.036504003049942814,0.2417108416557312,0.004003049942813574,False,False,False,0.7572463768115942,,,,,,False,552,276,23,253,17.413962507256947,171.0338732856999,0.09240733614149463,0.13260469495429314,0.3267653186859534,0.5419228888528868,0.11656500190621427,True,0.019578408946498923,0.07434235608082349,0.16666666666666666
CB1_CAUR_L_CF2_RI2_TI2_R12_C02__seed721202__it0000298,CB1_CAUR_L_CF2_RI2_TI2_R12_C02,NEW_ALNS_EXPANSION,L,CF2,60-80%,0.7200361858762635,ts_570d4877d5cfadacaa71,RELATED_VARIANT,ts_43f0baeeb8d65e3cfbd0,STRUCTURED_NEAR_NEIGHBOR,3,0.03205004812319538,0.024061597690086617,0.025463461875915527,0.014436958614051969,False,False,False,0.7789855072463768,,,,,,False,552,276,23,253,16.63069535150761,118.04890331037734,0.12348340444092955,0.2395668957318681,0.4865586870145698,0.6823476299737453,0.11154956689124158,False,0.01940968880333654,0.07295476419634263,0.125
CB1_CAUR_L_CF2_RI2_TI2_R12_C02__seed721202__it0000354,CB1_CAUR_L_CF2_RI2_TI2_R12_C02,NEW_ALNS_EXPANSION,L,CF2,80-100%,0.8505962220413343,ts_f0419d5ace7ff80a3026,STRUCTURED_NEAR_NEIGHBOR,ts_f0419d5ace7ff80a3026,STRUCTURED_NEAR_NEIGHBOR,1,0.04710510389348396,0.0,0.2709842920303345,0.02995763566673391,True,True,True,0.6557971014492754,,,,,,False,552,276,23,253,25.952942323304974,221.5186934143838,0.10487239172255759,0.30605167420037904,0.4498490585157746,0.6001432127441118,0.10449868872301796,False,0.02433427476296147,0.0815009078071414,0.3333333333333333
CB1_CAUR_L_CF2_RI2_TI2_R12_C02__seed721202__it0000396,CB1_CAUR_L_CF2_RI2_TI2_R12_C02,NEW_ALNS_EXPANSION,L,CF2,80-100%,0.9501788268247128,ts_471deb761281fd4ab899,RELATED_VARIANT,ts_09144e02d2809fa5bd82,ORIGINAL_OPERATOR,2,0.007890185905750108,0.025940337224383915,0.5501159429550171,0.0075659316904453065,False,False,False,0.6877470355731226,,,,,,False,506,253,22,231,16.807576894438373,207.60710855589576,0.07489517390856361,0.1347927440883334,0.3294085929178435,0.5569865953362209,0.14688715953307394,False,0.0238162371473148,0.08906182447038477,0.21739130434782608
CB1_CAUR_L_CF2_RI2_TI2_R12_C02__seed721203__it0000016,CB1_CAUR_L_CF2_RI2_TI2_R12_C02,NEW_ALNS_EXPANSION,L,CF2,0-20%,0.05013398127840381,ts_4374065e1764d84b7721,ORIGINAL_OPERATOR,ts_beb0dbc8a7aab1e3aca5,RELATED_VARIANT,14,0.05755064456721915,0.020027624309392263,0.06659632921218872,0.015193370165745845,False,False,False,0.5745454545454546,,,,,,False,552,275,23,252,48.86468034387632,444.64814827978734,0.09901400229078723,0.18787490423522468,0.4160579932074623,0.6768556856454887,0.1298342541436464,False,0.11183049416820134,0.1682780847145488,0.875
CB1_CAUR_L_CF2_RI2_TI2_R12_C02__seed721203__it0000071,CB1_CAUR_L_CF2_RI2_TI2_R12_C02,NEW_ALNS_EXPANSION,L,CF2,0-20%,0.18030363028870833,ts_13f744993e3cb24f5aa1,STRUCTURED_NEAR_NEIGHBOR,ts_8ee4aa9459259fddf710,ORIGINAL_OPERATOR,3,-0.008753315649867373,0.034482758620689655,0.14409613609313965,0.0013262599469496018,False,False,False,0.5471014492753623,,,,,,False,552,276,23,253,8.783438289081973,191.27443637921414,0.043904486657399815,0.14638794096795335,0.3858345610699653,0.6159617621583223,0.0729442970822281,True,0.04195402298850575,0.10150309460654289,0.625
CB1_CAUR_L_CF2_RI2_TI2_R12_C02__seed721203__it0000130,CB1_CAUR_L_CF2_RI2_TI2_R12_C02,NEW_ALNS_EXPANSION,L,CF2,20-40%,0.32038571334026333,ts_f7ace35aac4ddafc995f,RELATED_VARIANT,ts_95090645455081e8cd1d,LOCAL_PERTURBATION,2,-0.007751937984496124,0.04079457364341085,0.006521940231323242,0.016085271317829455,False,False,False,0.6007905138339921,,,,,,False,506,253,22,231,25.78170086920512,164.48484839051986,0.1355030664586847,0.24186059163393317,0.45758337197107013,0.6587297482681489,0.07858527131782946,False,0.023491742500842603,0.08410852713178295,0.21739130434782608
CB1_CAUR_L_CF2_RI2_TI2_R12_C02__seed721203__it0000184,CB1_CAUR_L_CF2_RI2_TI2_R12_C02,NEW_ALNS_EXPANSION,L,CF2,40-60%,0.4498847444743079,ts_0a66ccd6b1bf289c1310,MATCHED_RANDOM,ts_e0b0e58ec7f4c6d481e8,RELATED_VARIANT,16,0.011696481226656182,0.04521328877530961,0.41562753915786743,0.012974248083349717,False,False,False,0.6485507246376812,,,,,,False,552,276,23,253,33.828790316501994,166.95647627758086,0.16848243344912306,0.17092199685769577,0.36191952843282305,0.576907656573865,0.11057597798309415,False,0.020329598322521458,0.05582858266168665,0.20833333333333334
CB1_CAUR_L_CF2_RI2_TI2_R12_C02__seed721203__it0000238,CB1_CAUR_L_CF2_RI2_TI2_R12_C02,NEW_ALNS_EXPANSION,L,CF2,40-60%,0.5805400467217304,ts_02596012d3576486740f,STRUCTURED_NEAR_NEIGHBOR,ts_c17739e4733c9df2cf03,ORIGINAL_OPERATOR,11,0.018214936247723135,0.009107468123861564,0.07348251342773438,0.0020238818053025694,False,False,True,0.6485507246376812,,,,,,False,552,276,23,253,16.25815299140957,187.09975436226642,0.07994846722696511,0.09652074566441496,0.26966387436360956,0.493526059545524,0.11009917020845983,True,0.014420157862780813,0.08115766039263307,0.16666666666666666
CB1_CAUR_L_CF2_RI2_TI2_R12_C02__seed721203__it0000295,CB1_CAUR_L_CF2_RI2_TI2_R12_C02,NEW_ALNS_EXPANSION,L,CF2,60-80%,0.719095702659784,ts_7918d4b11ad8d65daf0c,STRUCTURED_NEAR_NEIGHBOR,ts_b0cbb4f246db8480394e,ORIGINAL_OPERATOR,5,0.01841732442825339,0.023274640760979556,0.40184056758880615,0.004047763610605139,False,False,False,0.5709090909090909,,,,,,False,552,275,23,252,13.1330578702479,213.24496224576814,0.0580138383731661,0.14502332812166277,0.33987653150358876,0.5494297103244298,0.06931795183161303,False,0.009647169938608919,0.04695405788301963,0.125
CB1_CAUR_L_CF2_RI2_TI2_R12_C02__seed721203__it0000349,CB1_CAUR_L_CF2_RI2_TI2_R12_C02,NEW_ALNS_EXPANSION,L,CF2,80-100%,0.8500264306392487,ts_384bce28d7f42239c517,STRUCTURED_NEAR_NEIGHBOR,ts_4fc83b5dc345cae85563,ORIGINAL_OPERATOR,5,-0.01770896579639749,0.02853673345476624,0.7190942168235779,0.005666869054847198,False,False,False,0.6956521739130435,,,,,,False,506,253,22,231,12.897602281013768,129.66912852907905,0.09046712516817214,0.12154305823378948,0.3033391464674613,0.5410890020676664,0.09694393847399312,True,0.015742280650809994,0.059299736895365315,0.2608695652173913
CB1_CAUR_L_CF2_RI2_TI2_R12_C02__seed721203__it0000391,CB1_CAUR_L_CF2_RI2_TI2_R12_C02,NEW_ALNS_EXPANSION,L,CF2,80-100%,0.9501609233195699,ts_1f134fa961b5b168e591,ORIGINAL_OPERATOR,ts_699e9b12dc98ad5d5d2d,ORIGINAL_OPERATOR,6,0.015737502571487347,0.021703353219502158,0.04450678825378418,0.015531783583624767,False,False,False,0.6811594202898551,,,,,,False,552,276,23,253,25.63494835915952,194.7705662225032,0.11630810784301626,0.19313297508815244,0.3835065543675905,0.5915527404954295,0.10337379140094631,False,0.027034903654940684,0.06747582801892615,0.4166666666666667
CB1_CAUR_L_CF2_RI2_TI2_R12_C02__seed721204__it0000015,CB1_CAUR_L_CF2_RI2_TI2_R12_C02,NEW_ALNS_EXPANSION,L,CF2,0-20%,0.04950269808246845,ts_aa5cf6f519df7751a2e4,RELATED_VARIANT,ts_99262afca3daf429b81e,RELATED_VARIANT,4,-0.023377758357002405,0.03823465151846188,0.09962379932403564,0.010487218702206686,False,False,False,0.6581818181818182,,,,,,False,552,275,23,252,26.75065355513475,184.09609973694543,0.12687249453672075,0.1869780935983025,0.41235838304406175,0.6561351920051126,0.08477168450950404,False,0.00614485470832423,0.09766222416429976,0.0
CB1_CAUR_L_CF2_RI2_TI2_R12_C02__seed721204__it0000067,CB1_CAUR_L_CF2_RI2_TI2_R12_C02,NEW_ALNS_EXPANSION,L,CF2,0-20%,0.17880813969066967,ts_f8e9d5d11c63dc587d2d,LOCAL_PERTURBATION,ts_36eaf20852fd9d128228,RELATED_VARIANT,9,-0.0035218353793519826,0.027671563694908433,0.07650870084762573,0.003219963775407529,False,False,False,0.6811594202898551,,,,,,False,552,276,23,253,16.872281358135364,187.2140830488217,0.08267226184935757,0.11986426681627764,0.31730482086048983,0.5098991414470856,0.10625880458844839,True,0.028501710605755685,0.05695310927752063,0.4583333333333333
CB1_CAUR_L_CF2_RI2_TI2_R12_C02__seed721204__it0000126,CB1_CAUR_L_CF2_RI2_TI2_R12_C02,NEW_ALNS_EXPANSION,L,CF2,20-40%,0.3205138491958706,ts_6936e6ac4293dd3a7cb7,STRUCTURED_NEAR_NEIGHBOR,ts_f07e6a7c7eee17ffd727,ORIGINAL_OPERATOR,13,-0.008255633255633256,0.05691530691530692,0.1538255214691162,0.009226884226884231,False,False,False,0.5688405797101449,,,,,,False,552,276,23,253,25.246545394473774,187.08543484642587,0.1189012854579442,0.13239460657579594,0.30857076554935087,0.5146281457296007,0.11635586635586637,True,0.046304390054390056,0.09867909867909867,0.5
CB1_CAUR_L_CF2_RI2_TI2_R12_C02__seed721204__it0000180,CB1_CAUR_L_CF2_RI2_TI2_R12_C02,NEW_ALNS_EXPANSION,L,CF2,40-60%,0.4506282649897387,ts_9e8e419ecb45216f7e60,ORIGINAL_OPERATOR,ts_9e8e419ecb45216f7e60,ORIGINAL_OPERATOR,1,0.06403050983540746,0.0,0.03049159049987793,0.012043356081894815,True,True,True,0.5515873015873016,,,,,,False,506,252,22,230,13.840293436129468,139.45804721376646,0.09028338713553363,0.32343127601760707,0.5979771417288345,0.7341197151834402,0.0660377358490566,False,0.011484823625922888,0.04415897230028101,0.13043478260869565
CB1_CAUR_L_CF2_RI2_TI2_R12_C02__seed721204__it0000234,CB1_CAUR_L_CF2_RI2_TI2_R12_C02,NEW_ALNS_EXPANSION,L,CF2,40-60%,0.5808749008453007,ts_388020d8339b0d71cd51,LOCAL_PERTURBATION,ts_543f0feec8362501bab7,ORIGINAL_OPERATOR,9,-0.02626918536009445,0.05499803227075954,0.5094799995422363,0.01564344746162928,False,False,False,0.6485507246376812,,,,,,False,552,276,23,253,30.7607932721127,137.21846765157898,0.18312256586297562,0.19659421798797538,0.3976440589592123,0.5697916580055419,0.12465564738292012,True,0.025678866587957497,0.06729634002361275,0.3333333333333333
CB1_CAUR_L_CF2_RI2_TI2_R12_C02__seed721204__it0000292,CB1_CAUR_L_CF2_RI2_TI2_R12_C02,NEW_ALNS_EXPANSION,L,CF2,60-80%,0.7206119963093349,ts_46898fc8e332745a8edf,RELATED_VARIANT,ts_795908ad5e4e640b7e50,ORIGINAL_OPERATOR,2,0.01065608023401588,0.012745507730881738,0.07333517074584961,0.010238194734642709,False,False,False,0.717391304347826,,,,,,False,552,276,23,253,13.176068409756702,109.26847162650452,0.10760846017188425,0.1957379951338255,0.3967530039736321,0.5757731824662322,0.06905557877141663,False,0.006834169104332079,0.041997492687003764,0.041666666666666664
CB1_CAUR_L_CF2_RI2_TI2_R12_C02__seed721204__it0000345,CB1_CAUR_L_CF2_RI2_TI2_R12_C02,NEW_ALNS_EXPANSION,L,CF2,80-100%,0.8488850263298426,ts_3fd22fb309362df5cfc3,STRUCTURED_NEAR_NEIGHBOR,ts_171864590a9245533c0f,ORIGINAL_OPERATOR,8,-0.020476389469285417,0.051817801922273296,0.032167136669158936,0.004701211867948182,False,False,False,0.6327272727272727,,,,,,False,552,275,23,252,14.439277907216434,120.59236071307733,0.10693255339824018,0.14471347390439698,0.35604473260276065,0.5731515082434231,0.05453405766819892,True,0.010603844546594231,0.06978687839531968,0.125
CB1_CAUR_L_CF2_RI2_TI2_R12_C02__seed721204__it0000387,CB1_CAUR_L_CF2_RI2_TI2_R12_C02,NEW_ALNS_EXPANSION,L,CF2,80-100%,0.9490919284330208,ts_7e6f7c6d4c333fd86d8a,STRUCTURED_NEAR_NEIGHBOR,ts_0c52931c12949d869c8a,ORIGINAL_OPERATOR,13,-0.015357292101964062,0.07720434600919349,0.012251973152160645,0.03949017969076474,False,False,False,0.6872727272727273,,,,,,False,552,275,23,252,40.686851997863315,143.20177142098038,0.22125812484435614,0.2939372181399532,0.4508728525604343,0.6086681135804356,0.13821562891767655,False,0.015331174258253236,0.08984538236523193,0.20833333333333334
CB1_CAUR_L_CF2_RI2_TI2_R12__seed691201__it0000011,CB1_CAUR_L_CF2_RI2_TI2_R12,ORIGINAL_PHASE6J_CAUR,L,CF2,0-20%,0.05043693551046902,ts_7f0f3f1a390bdcae6e82,ORIGINAL_OPERATOR,ts_7f0f3f1a390bdcae6e82,ORIGINAL_OPERATOR,1,0.024758983347940404,0.0,0.45142143964767456,0.0025197195442594224,True,True,True,0.7054545454545454,ts_c6441c28a79fdea42f26,0.01336546888694128,0.011393514460999125,0.6509090909090909,0.011393514460999125,False,552,275,23,252,4.4308831726609075,120.62769830079165,0.0354304608324819,0.10150140438866856,0.26831824734655346,0.4705751279809538,0.05554338299737073,True,0.023992112182296233,0.05696757230499562,0.3333333333333333
CB1_CAUR_L_CF2_RI2_TI2_R12__seed691201__it0000046,CB1_CAUR_L_CF2_RI2_TI2_R12,ORIGINAL_PHASE6J_CAUR,L,CF2,0-20%,0.17915160804237684,ts_efc459c4cfd80c0468c3,STRUCTURED_NEAR_NEIGHBOR,ts_f998bb0719b5e959fde1,ORIGINAL_OPERATOR,8,-0.05963010204081633,0.08450255102040816,0.16913539171218872,0.007440476190476192,False,False,False,0.49818181818181817,ts_528689946633f52a6649,-0.017431972789115645,0.04230442176870748,0.48727272727272725,-0.04219812925170068,True,552,275,23,252,29.92846594800134,304.2982990151743,0.08954538979336019,0.15260625495676267,0.3718394203455204,0.5889512283213871,0.08790391156462585,False,0.005226048752834466,0.02869897959183674,0.0
CB1_CAUR_L_CF2_RI2_TI2_R12__seed691201__it0000085,CB1_CAUR_L_CF2_RI2_TI2_R12,ORIGINAL_PHASE6J_CAUR,L,CF2,20-40%,0.31960885727652993,ts_31896c9ae496ed667fea,LOCAL_PERTURBATION,ts_e4dab1081154407de3ef,STRUCTURED_NEAR_NEIGHBOR,19,0.004677980852915578,0.040687554395126196,0.07230836153030396,0.01000870322019147,False,False,False,0.4166666666666667,ts_e4dab1081154407de3ef,0.004677980852915578,0.040687554395126196,0.4166666666666667,0.0,False,552,276,23,253,39.17915924464273,262.0273066313148,0.13007409761508057,0.19657662121484124,0.41482294300156036,0.6267578181271526,0.09214534377719756,True,0.031957136640557,0.0789817232375979,0.4583333333333333
CB1_CAUR_L_CF2_RI2_TI2_R12__seed691201__it0000121,CB1_CAUR_L_CF2_RI2_TI2_R12,ORIGINAL_PHASE6J_CAUR,L,CF2,40-60%,0.4509273201915772,ts_ce1e77f3df55cd777fec,STRUCTURED_NEAR_NEIGHBOR,ts_2d59d4228278b9cc4de1,STRUCTURED_NEAR_NEIGHBOR,5,-0.020416666666666666,0.04895833333333333,0.05645108222961426,0.014374999999999999,False,False,False,0.6190476190476191,ts_ed78cef9a346220b7dac,-0.02416666666666667,0.052708333333333336,0.5436507936507936,0.0037500000000000033,False,506,252,22,230,25.79197644655551,194.9815924792479,0.1168254722340588,0.21212393979475994,0.43261022765753865,0.612238642475463,0.0975,True,0.028478260869565213,0.04833333333333334,0.30434782608695654
CB1_CAUR_L_CF2_RI2_TI2_R12__seed691201__it0000156,CB1_CAUR_L_CF2_RI2_TI2_R12,ORIGINAL_PHASE6J_CAUR,L,CF2,40-60%,0.5782542781916106,ts_673ad55449fae4b57c78,ORIGINAL_OPERATOR,ts_673ad55449fae4b57c78,ORIGINAL_OPERATOR,1,0.0,0.0,0.06537890434265137,0.002609262883235486,True,True,True,0.6920289855072463,ts_9710f159642f1e613c06,-0.02217873450750163,0.02217873450750163,0.6739130434782609,0.02217873450750163,False,552,276,23,253,11.783800793123095,214.54755825158767,0.052064375183622946,0.12232268745500319,0.3294524906387995,0.5619480453793035,0.08404000869754294,True,0.015537798072044647,0.06436181778647532,0.125
CB1_CAUR_L_CF2_RI2_TI2_R12__seed691201__it0000194,CB1_CAUR_L_CF2_RI2_TI2_R12,ORIGINAL_PHASE6J_CAUR,L,CF2,60-80%,0.720035066276707,ts_12d8f928eae04baf648a,ORIGINAL_OPERATOR,ts_c7503bc4f6ffbafb9062,ORIGINAL_OPERATOR,13,0.04320864172834567,0.010502100420084023,0.46851301193237305,0.002700540108021607,False,False,False,0.5615942028985508,ts_c7503bc4f6ffbafb9062,0.04320864172834567,0.010502100420084023,0.5579710144927537,0.0,False,552,276,23,253,24.215770663761365,153.37489632194772,0.13635722571901843,0.16581203385004967,0.39030638455899924,0.6216272509719766,0.05371074214842969,True,0.01929552577182103,0.0678135627125425,0.20833333333333334
CB1_CAUR_L_CF2_RI2_TI2_R12__seed691201__it0000229,CB1_CAUR_L_CF2_RI2_TI2_R12,ORIGINAL_PHASE6J_CAUR,L,CF2,80-100%,0.8487400768935913,ts_ca6eb580384ad3618748,LOCAL_PERTURBATION,ts_aaaace32d983f0cd97d7,STRUCTURED_NEAR_NEIGHBOR,4,0.010757052973411813,0.024761518165212097,0.048149704933166504,0.017454840673838033,False,False,False,0.7154150197628458,ts_f67a9de29fe56b491892,0.012177795818956769,0.02334077531966714,0.6996047430830039,-0.0014207428455449561,True,506,253,22,231,16.57778363738889,76.75664878716691,0.17761701878659905,0.2583922835948531,0.42512030275708645,0.6034423888595948,0.08098234219606251,False,0.012601371325703091,0.04241932210269941,0.17391304347826086
CB1_CAUR_L_CF2_RI2_TI2_R12__seed691201__it0000257,CB1_CAUR_L_CF2_RI2_TI2_R12,ORIGINAL_PHASE6J_CAUR,L,CF2,80-100%,0.9512439895956282,ts_2299edf011ca01eec457,ORIGINAL_OPERATOR,ts_c63917db58257c289680,STRUCTURED_NEAR_NEIGHBOR,20,0.012817924909164315,0.05702462656439241,0.11276620626449585,0.015744852644327817,False,False,False,0.5869565217391305,ts_a8c3b5eba21e531bb8c3,0.05409769882922891,0.015744852644327817,0.6231884057971014,-0.04127977392006459,False,552,276,23,253,56.50174646899849,157.34177194697406,0.2642200562707269,0.3175864625251138,0.5352460972594733,0.6733355920221321,0.10163504238998788,True,0.033869936751446644,0.13181267662494955,0.4583333333333333
CB1_CAUR_L_CF2_RI2_TI2_R12__seed691202__it0000010,CB1_CAUR_L_CF2_RI2_TI2_R12,ORIGINAL_PHASE6J_CAUR,L,CF2,0-20%,0.04853039874479749,ts_194898d02a788cbc4537,ORIGINAL_OPERATOR,ts_cad712a415843832ba2d,STRUCTURED_NEAR_NEIGHBOR,24,0.005520504731861198,0.03886885984677783,0.08815860748291016,0.004055881027489855,False,False,False,0.5527272727272727,ts_be00ac3adcc6d47643d8,0.009013068949977467,0.035376295628661555,0.5854545454545454,-0.003492564218116269,False,552,275,23,252,173.68808864402232,142.26452591705197,0.5497282840507972,0.1940166142673973,0.44034764474046517,0.6350667477596643,0.07289319513294276,True,0.012468078714135496,0.05903560162235241,0.25
CB1_CAUR_L_CF2_RI2_TI2_R12__seed691202__it0000046,CB1_CAUR_L_CF2_RI2_TI2_R12,ORIGINAL_PHASE6J_CAUR,L,CF2,0-20%,0.17953172836179024,ts_7c72b79d1c1deb6ef6a1,RELATED_VARIANT,ts_fb09b8d3daca76de9cdb,RELATED_VARIANT,2,0.045254119285216984,0.09352517985611512,0.34394174814224243,0.0250638199118125,False,False,False,0.5434782608695652,ts_7c72b79d1c1deb6ef6a1,0.1387792991413321,0.0,0.4311594202898551,-0.09352517985611512,True,552,276,23,253,38.49496570970962,260.26204024712683,0.12885042004762645,0.33371060416015896,0.5528153542564465,0.7084104705518547,0.1387792991413321,False,0.013237796859286763,0.07147830122998375,0.08333333333333333
CB1_CAUR_L_CF2_RI2_TI2_R12__seed691202__it0000084,CB1_CAUR_L_CF2_RI2_TI2_R12,ORIGINAL_PHASE6J_CAUR,L,CF2,20-40%,0.3185532781065744,ts_8841fc75062a97511481,RELATED_VARIANT,ts_6fac3ec787c83488e3bd,LOCAL_PERTURBATION,7,0.002325111200970481,0.008997169429842296,0.09805840253829956,0.0031338455317428213,False,False,True,0.6277372262773723,ts_da69a76596bf19d6fa79,-0.0007076425394257984,0.012029923170238576,0.48175182481751827,0.0030327537403962795,False,552,274,23,251,12.326578959793933,151.41807223635954,0.0752792770313312,0.11897520612093417,0.3172010025871903,0.572063228144871,0.06287909421754953,True,0.02079121175360561,0.0756166599272139,0.375
CB1_CAUR_L_CF2_RI2_TI2_R12__seed691202__it0000119,CB1_CAUR_L_CF2_RI2_TI2_R12,ORIGINAL_PHASE6J_CAUR,L,CF2,40-60%,0.44867597568094075,ts_b2019893bfd48f2b9aca,ORIGINAL_OPERATOR,ts_b2019893bfd48f2b9aca,ORIGINAL_OPERATOR,1,0.058611170099808874,0.0,0.27897101640701294,0.0030792100233595215,True,True,True,0.7246376811594203,ts_093809b4516195eb7bfa,0.010830324909747292,0.04778084519006158,0.6594202898550725,0.04778084519006158,False,552,276,23,253,12.914134822680058,193.0727274391594,0.06269397320235066,0.13374509296177853,0.3423938346490643,0.5540992006787849,0.11424930983223613,True,0.012865434982657324,0.05415162454873646,0.0
CB1_CAUR_L_CF2_RI2_TI2_R12__seed691202__it0000155,CB1_CAUR_L_CF2_RI2_TI2_R12,ORIGINAL_PHASE6J_CAUR,L,CF2,40-60%,0.5794123044894498,ts_a37ab98b543dd0143a81,ORIGINAL_OPERATOR,ts_92bd2cf029b7d517a80f,RELATED_VARIANT,23,-0.04074668807707748,0.06202328382175833,0.0744168758392334,0.00531914893617021,False,False,False,0.52,ts_92bd2cf029b7d517a80f,-0.04074668807707748,0.06202328382175833,0.5309090909090909,0.0,False,552,275,23,252,37.074010835694665,167.82767444999882,0.1809356071620521,0.14020926204107764,0.3497605975427942,0.6186186576812787,0.06202328382175833,True,0.013548775592131674,0.046969088719389804,0.08333333333333333
CB1_CAUR_L_CF2_RI2_TI2_R12__seed691202__it0000193,CB1_CAUR_L_CF2_RI2_TI2_R12,ORIGINAL_PHASE6J_CAUR,L,CF2,60-80%,0.7191507423403698,ts_5d30e94913c760b91058,STRUCTURED_NEAR_NEIGHBOR,ts_01a0cee53307c13338fd,STRUCTURED_NEAR_NEIGHBOR,4,0.004752646359904947,0.03272845106934543,0.13490748405456543,0.00280838193994383,False,False,False,0.5507246376811594,ts_7ee88203c383a17dd86e,0.034672715489306546,0.00280838193994383,0.4855072463768116,-0.0299200691294016,True,552,276,23,253,13.272585166025774,223.20533904242677,0.056126106529614764,0.10551763316399623,0.2819298239688086,0.5020312337275796,0.06934543097861309,True,0.028497875711096705,0.0639446964787211,0.3333333333333333
CB1_CAUR_L_CF2_RI2_TI2_R12__seed691202__it0000228,CB1_CAUR_L_CF2_RI2_TI2_R12,ORIGINAL_PHASE6J_CAUR,L,CF2,80-100%,0.8483594674468437,ts_5153d865ae9c1a81da0c,RELATED_VARIANT,ts_0cc86d58f236e561f50e,ORIGINAL_OPERATOR,2,0.0,0.04392464013547841,0.3205186724662781,0.008361558001693477,False,False,False,0.6145454545454545,ts_b8fa26e9727ce85b048d,0.0030694326841659613,0.04085520745131244,0.6181818181818182,-0.0030694326841659613,False,552,275,23,252,16.449859147347027,119.96289821702283,0.1205888618130347,0.2715496648287189,0.5417695638274772,0.6909402556567004,0.055673158340389495,False,0.011854360711261641,0.03704487722269263,0.25
CB1_CAUR_L_CF2_RI2_TI2_R12__seed691202__it0000255,CB1_CAUR_L_CF2_RI2_TI2_R12,ORIGINAL_PHASE6J_CAUR,L,CF2,80-100%,0.9487310688298052,ts_f890fa3d9da33f7591bd,ORIGINAL_OPERATOR,ts_89e71d1f3d1e58ecbcf9,RELATED_VARIANT,3,-0.005634114007954043,0.036014140521431724,0.019480586051940918,0.022094564737074676,False,False,False,0.5471014492753623,ts_f890fa3d9da33f7591bd,0.03038002651347768,0.0,0.5144927536231884,-0.036014140521431724,True,552,276,23,253,17.802686548517194,239.7032959061722,0.0691350405874541,0.23094104404109106,0.39498491433446453,0.5926337426787747,0.10660627485638532,False,0.01664457210192959,0.07003977021652673,0.125
CB1_CAUR_L_CF2_RI2_TI2_R12__seed721201__it0000016,CB1_CAUR_L_CF2_RI2_TI2_R12,NEW_ALNS_EXPANSION,L,CF2,0-20%,0.049543304170235405,ts_b3a16fcb6072cd4d3ac7,STRUCTURED_NEAR_NEIGHBOR,ts_a3d84649f21093fa66ec,STRUCTURED_NEAR_NEIGHBOR,3,0.04910801803567928,0.00019603999215839218,0.009335875511169434,0.00019603999215839218,True,True,True,0.7672727272727272,,,,,,False,552,275,23,252,28.095736629960555,185.15413716407645,0.1317503083593674,0.28794451292199386,0.626081238221281,0.7330634618313184,0.11331111546755537,False,0.015577011043586225,0.052146637914134486,0.08333333333333333
CB1_CAUR_L_CF2_RI2_TI2_R12__seed721201__it0000073,CB1_CAUR_L_CF2_RI2_TI2_R12,NEW_ALNS_EXPANSION,L,CF2,0-20%,0.180570252383056,ts_409abb86af3c470780a1,ORIGINAL_OPERATOR,ts_8f7fd8e136b466309813,STRUCTURED_NEAR_NEIGHBOR,18,-0.020951704545454544,0.05300071022727273,0.208173930644989,0.00816761363636364,False,False,False,0.5054545454545455,,,,,,False,552,275,23,252,43.45052469306422,186.16729356967147,0.18922976022421223,0.20864090918701253,0.4402774148366786,0.6362995237248794,0.09703480113636365,True,0.07110410748106061,0.13068181818181818,0.7083333333333334
CB1_CAUR_L_CF2_RI2_TI2_R12__seed721201__it0000134,CB1_CAUR_L_CF2_RI2_TI2_R12,NEW_ALNS_EXPANSION,L,CF2,20-40%,0.321035959255359,ts_3c0c0ecff64732b4eff1,STRUCTURED_NEAR_NEIGHBOR,ts_c6c50ab8f213f48a6af6,STRUCTURED_NEAR_NEIGHBOR,6,0.009152480322167306,0.04740984806882665,0.07267194986343384,0.005216913783635355,False,False,False,0.6666666666666666,,,,,,False,552,276,23,253,22.383138813516805,222.33902468344033,0.09146347226451812,0.1382102450059194,0.3359250589676506,0.5527323615268922,0.10699249496613582,True,0.016398193910549762,0.035328574043565805,0.08333333333333333
CB1_CAUR_L_CF2_RI2_TI2_R12__seed721201__it0000190,CB1_CAUR_L_CF2_RI2_TI2_R12,NEW_ALNS_EXPANSION,L,CF2,40-60%,0.4494105363829728,ts_838db523a3dd27f16755,STRUCTURED_NEAR_NEIGHBOR,ts_838db523a3dd27f16755,STRUCTURED_NEAR_NEIGHBOR,1,0.03801520608243297,0.0,0.19334590435028076,0.0014005602240896378,True,True,True,0.49818181818181817,,,,,,False,552,275,23,252,11.106066243614775,211.51393245831812,0.049887998869700585,0.21140500044736824,0.5019781511516505,0.6650909180009408,0.0700280112044818,False,0.005352140856342537,0.022809123649459785,0.041666666666666664
CB1_CAUR_L_CF2_RI2_TI2_R12__seed721201__it0000246,CB1_CAUR_L_CF2_RI2_TI2_R12,NEW_ALNS_EXPANSION,L,CF2,40-60%,0.579453896425548,ts_b1b65cbcc694398049b6,STRUCTURED_NEAR_NEIGHBOR,ts_1c9c59ade6d9546e3a29,RELATED_VARIANT,3,0.026240262402624025,0.02685526855268553,0.2823917865753174,0.02644526445264453,False,False,False,0.6847826086956522,,,,,,False,552,276,23,253,27.016747371699246,134.72900046381642,0.16703219548728682,0.3284530287160175,0.554210011985802,0.7118676411080173,0.10598605986059861,False,0.02458316249829165,0.05166051660516605,0.25
CB1_CAUR_L_CF2_RI2_TI2_R12__seed721201__it0000306,CB1_CAUR_L_CF2_RI2_TI2_R12,NEW_ALNS_EXPANSION,L,CF2,60-80%,0.7195401186808669,ts_18a6da41502cfacb3279,RELATED_VARIANT,ts_5d20da1d6f97b0c5e9d0,ORIGINAL_OPERATOR,2,-0.007892491467576793,0.03946245733788396,0.07854390144348145,0.001813139931740617,False,False,False,0.43873517786561267,,,,,,False,506,253,22,231,10.190596710869416,190.219525925045,0.05084871251430099,0.12707024988651008,0.3446480233842236,0.6023464072898953,0.049808020477815705,True,0.03487164267695504,0.07380546075085324,0.6086956521739131
CB1_CAUR_L_CF2_RI2_TI2_R12__seed721201__it0000361,CB1_CAUR_L_CF2_RI2_TI2_R12,NEW_ALNS_EXPANSION,L,CF2,80-100%,0.8505286514894366,ts_1bb51e1754848fc9c7cd,RELATED_VARIANT,ts_1bb51e1754848fc9c7cd,RELATED_VARIANT,1,0.12159789288849869,0.0,0.000637054443359375,0.011194029850746287,True,True,True,0.7210144927536232,,,,,,False,552,276,23,253,22.439975631329187,170.5318688090558,0.11628626806363758,0.21729248757785374,0.4913281355515421,0.7331651647610334,0.12159789288849869,False,0.027152838747439276,0.07177348551360842,0.08333333333333333
CB1_CAUR_L_CF2_RI2_TI2_R12__seed721201__it0000404,CB1_CAUR_L_CF2_RI2_TI2_R12,NEW_ALNS_EXPANSION,L,CF2,80-100%,0.9500268176595861,ts_4986b2cb5d1e103f0da9,RELATED_VARIANT,ts_375b5a206367bdb9d5ca,ORIGINAL_OPERATOR,2,0.04291044776119403,0.004828797190518,0.045575737953186035,0.004828797190518,False,True,True,0.7753623188405797,,,,,,False,552,276,23,253,16.755543763697695,108.54714085869742,0.13372054887883073,0.20163260053989784,0.46440523670685474,0.6759496119159909,0.08505267778753292,True,0.009913666959321043,0.06826163301141353,0.25
CB1_CAUR_L_CF2_RI2_TI2_R12__seed721202__it0000016,CB1_CAUR_L_CF2_RI2_TI2_R12,NEW_ALNS_EXPANSION,L,CF2,0-20%,0.05008210061706895,ts_50548d587c9556b6b079,STRUCTURED_NEAR_NEIGHBOR,ts_50548d587c9556b6b079,STRUCTURED_NEAR_NEIGHBOR,1,0.022772672792648822,0.0,0.052632689476013184,0.01078705553335997,True,True,True,0.605072463768116,,,,,,False,552,276,23,253,13.350357724818178,132.1903845237468,0.09172935027373623,0.23021783897999526,0.44310897387481696,0.6267730113484199,0.08969236915701159,False,0.008015381542149421,0.04055133839392729,0.041666666666666664
CB1_CAUR_L_CF2_RI2_TI2_R12__seed721202__it0000072,CB1_CAUR_L_CF2_RI2_TI2_R12,NEW_ALNS_EXPANSION,L,CF2,0-20%,0.1793811961702267,ts_6bc2ac15f89d054d6420,STRUCTURED_NEAR_NEIGHBOR,ts_6bc2ac15f89d054d6420,STRUCTURED_NEAR_NEIGHBOR,1,0.047437986601484704,0.0,0.10592788457870483,0.033677349266702884,True,True,True,0.7608695652173914,,,,,,False,552,276,23,253,25.02861682329797,134.91092640163947,0.1564879848887524,0.33125029811424916,0.4848239823967592,0.6531288953481423,0.11569799022270505,False,0.009060595087211057,0.06554408835777657,0.041666666666666664
CB1_CAUR_L_CF2_RI2_TI2_R12__seed721202__it0000132,CB1_CAUR_L_CF2_RI2_TI2_R12,NEW_ALNS_EXPANSION,L,CF2,20-40%,0.31986472774479674,ts_3b2ac4c0557fa5544e22,STRUCTURED_NEAR_NEIGHBOR,ts_dbb975f091135c2aa898,STRUCTURED_NEAR_NEIGHBOR,2,0.006476683937823835,0.03782383419689119,0.1422526240348816,0.03782383419689119,False,False,False,0.7536231884057971,,,,,,False,552,276,23,253,28.732249457802794,190.96164580742487,0.1307831035683331,0.2877094888156153,0.4736303192612814,0.6634138745511822,0.14922279792746115,False,0.019199769717904436,0.07789291882556132,0.125
CB1_CAUR_L_CF2_RI2_TI2_R12__seed721202__it0000187,CB1_CAUR_L_CF2_RI2_TI2_R12,NEW_ALNS_EXPANSION,L,CF2,40-60%,0.4498450267873271,ts_97efaa82caa47861690f,STRUCTURED_NEAR_NEIGHBOR,ts_97efaa82caa47861690f,STRUCTURED_NEAR_NEIGHBOR,1,0.02007118845165118,0.0,0.029344677925109863,0.010579394898160968,True,True,True,0.7318840579710145,,,,,,False,552,276,23,253,10.905734024842541,191.42623516266445,0.05390020207205059,0.16209973481888912,0.33503629466554097,0.5180830686403202,0.0867114890251137,True,0.029151011798826707,0.07771405971920112,0.4583333333333333
CB1_CAUR_L_CF2_RI2_TI2_R12__seed721202__it0000242,CB1_CAUR_L_CF2_RI2_TI2_R12,NEW_ALNS_EXPANSION,L,CF2,40-60%,0.5793548175957342,ts_da7612559a9ef45c738d,ORIGINAL_OPERATOR,ts_dd37a9ce82d7ba1b7cd4,STRUCTURED_NEAR_NEIGHBOR,8,-0.014410391719098841,0.014410391719098841,0.11328333616256714,0.004465191800284149,False,False,False,0.532608695652174,,,,,,False,552,276,23,253,11.769357698779363,127.02033972144912,0.08479993772984469,0.13381025332844526,0.3051100046341311,0.515063294013348,0.04729044043028212,True,0.020524660036533388,0.05987416277653745,0.20833333333333334
CB1_CAUR_L_CF2_RI2_TI2_R12__seed721202__it0000301,CB1_CAUR_L_CF2_RI2_TI2_R12,NEW_ALNS_EXPANSION,L,CF2,60-80%,0.7199019535106886,ts_4330e8831cd255d7fe51,LOCAL_PERTURBATION,ts_995def91b871179840b2,STRUCTURED_NEAR_NEIGHBOR,8,-0.01706200582605077,0.025176862255513945,0.08538824319839478,0.001456512692467749,False,False,False,0.6231884057971014,,,,,,False,552,276,23,253,12.461091929502409,175.8411115309551,0.06617602821689325,0.10379196654442877,0.2858230269462412,0.5072230646225572,0.06803995006242197,True,0.012302330420307948,0.04223886808156471,0.25
CB1_CAUR_L_CF2_RI2_TI2_R12__seed721202__it0000356,CB1_CAUR_L_CF2_RI2_TI2_R12,NEW_ALNS_EXPANSION,L,CF2,80-100%,0.8508143918085633,ts_d1669934f5b97dd0a397,LOCAL_PERTURBATION,ts_b2b792769b2ff4365f1c,STRUCTURED_NEAR_NEIGHBOR,4,-0.02517686225551394,0.03589263420724095,0.05758899450302124,0.0022888056595921774,False,False,False,0.75,,,,,,False,552,276,23,253,14.913877998089035,106.00968451037127,0.12333310141309807,0.15238882157228303,0.3881831874616952,0.6057956827054523,0.07459425717852686,True,0.015328062144541544,0.02871410736579276,0.20833333333333334
CB1_CAUR_L_CF2_RI2_TI2_R12__seed721202__it0000398,CB1_CAUR_L_CF2_RI2_TI2_R12,NEW_ALNS_EXPANSION,L,CF2,80-100%,0.9508178695320199,ts_cb2f562af5e9a2b422e1,STRUCTURED_NEAR_NEIGHBOR,ts_e448a0ad83bbe464172d,STRUCTURED_NEAR_NEIGHBOR,12,-0.0030845157310302285,0.02498457742134485,0.2162671685218811,0.015936664610322844,False,False,False,0.6167883211678832,,,,,,False,552,274,23,251,19.25922542385259,86.42834727642483,0.18222790941060224,0.2812069876998829,0.42281925809219667,0.5846964955748638,0.05171704709027349,False,0.003075947631777367,0.024470491466173142,0.08333333333333333
CB1_CAUR_L_CF2_RI2_TI2_R12__seed721203__it0000016,CB1_CAUR_L_CF2_RI2_TI2_R12,NEW_ALNS_EXPANSION,L,CF2,0-20%,0.04906144723397719,ts_65b8d30f42d62bffe9d0,STRUCTURED_NEAR_NEIGHBOR,ts_708cc4c5c333bb0a9997,STRUCTURED_NEAR_NEIGHBOR,2,-0.014353197674418604,0.041787790697674417,0.20873749256134033,0.01953125,False,False,False,0.6739130434782609,,,,,,False,552,276,23,253,21.38171891197653,213.5071735794337,0.09102907628021811,0.21104683818823586,0.38794082027660914,0.5627626195417565,0.1300872093023256,True,0.020099018895348836,0.11282703488372094,0.125
CB1_CAUR_L_CF2_RI2_TI2_R12__seed721203__it0000073,CB1_CAUR_L_CF2_RI2_TI2_R12,NEW_ALNS_EXPANSION,L,CF2,0-20%,0.18001383204249036,ts_c6642098372bc69f90e8,ORIGINAL_OPERATOR,ts_b87117834817c4fcd765,STRUCTURED_NEAR_NEIGHBOR,21,0.07116724738675959,0.024912891986062724,0.04490363597869873,0.01350174216027876,False,False,False,0.4927536231884058,,,,,,False,552,276,23,253,68.87213428899135,241.1895254169309,0.22212399415752684,0.21593007850283918,0.44414337955892724,0.6365529640236615,0.12979094076655054,False,0.04269018583042974,0.07874564459930312,0.25
CB1_CAUR_L_CF2_RI2_TI2_R12__seed721203__it0000133,CB1_CAUR_L_CF2_RI2_TI2_R12,NEW_ALNS_EXPANSION,L,CF2,20-40%,0.32035728527649127,ts_dbaf29131a196704c72d,STRUCTURED_NEAR_NEIGHBOR,ts_9526e7bb447b6b7084e4,STRUCTURED_NEAR_NEIGHBOR,2,-0.018831433224755702,0.06036237785016287,0.017397820949554443,0.030333876221498378,False,False,False,0.6626984126984127,,,,,,False,506,252,22,230,25.919965899358445,126.0411244293098,0.17056975468718727,0.3158164676237203,0.4703675789991558,0.6450530972718935,0.1205211726384365,False,0.006470400793088798,0.03623778501628665,0.0
CB1_CAUR_L_CF2_RI2_TI2_R12__seed721203__it0000188,CB1_CAUR_L_CF2_RI2_TI2_R12,NEW_ALNS_EXPANSION,L,CF2,40-60%,0.4505101512978844,ts_37133cc27c630fd77da6,ORIGINAL_OPERATOR,ts_f7eb9b263da10170c36b,STRUCTURED_NEAR_NEIGHBOR,17,0.008585293019783502,0.021556550951847706,0.2671182155609131,0.001119820828667413,False,False,False,0.5434782608695652,,,,,,False,552,276,23,253,23.07793465920616,175.75883461943852,0.11606472355656385,0.13030109141110188,0.3660762430685173,0.580951246372031,0.0715752146323255,True,0.015366430260047281,0.0421799178798059,0.25
CB1_CAUR_L_CF2_RI2_TI2_R12__seed721203__it0000243,CB1_CAUR_L_CF2_RI2_TI2_R12,NEW_ALNS_EXPANSION,L,CF2,40-60%,0.5789775641276216,ts_e802e37653ea77c3ee96,LOCAL_PERTURBATION,ts_fc51b412ad4af611a005,STRUCTURED_NEAR_NEIGHBOR,8,-0.05105395474763102,0.06536453297234578,0.0695648193359375,0.010056081995745503,False,False,False,0.605072463768116,,,,,,False,552,276,23,253,24.639433434680544,190.68310689602606,0.11443034898639814,0.17682312283358742,0.3883791315887961,0.6241117003241518,0.08721717269386965,False,0.012175272352220717,0.08508992457938502,0.041666666666666664
CB1_CAUR_L_CF2_RI2_TI2_R12__seed721203__it0000303,CB1_CAUR_L_CF2_RI2_TI2_R12,NEW_ALNS_EXPANSION,L,CF2,60-80%,0.7201563535956975,ts_6dbef3d823aaae3d808d,RELATED_VARIANT,ts_16241c094ffc211d2dec,STRUCTURED_NEAR_NEIGHBOR,6,0.0019531249999999998,0.02387152777777778,0.14472079277038574,0.018229166666666668,False,False,False,0.5760869565217391,,,,,,False,552,276,23,253,27.276423612565395,166.51703635830575,0.1407499696670119,0.2679936275840598,0.4473627077058704,0.6652830241716974,0.0744357638888889,False,0.026376229745370367,0.0822482638888889,0.2916666666666667
CB1_CAUR_L_CF2_RI2_TI2_R12__seed721203__it0000358,CB1_CAUR_L_CF2_RI2_TI2_R12,NEW_ALNS_EXPANSION,L,CF2,80-100%,0.8494692206807853,ts_18692e58f3e9c3655d5d,STRUCTURED_NEAR_NEIGHBOR,ts_8311942a54d90f828217,STRUCTURED_NEAR_NEIGHBOR,3,-0.0032487948019283164,0.018025571159086144,0.05716562271118164,0.006497589603856636,False,False,False,0.5978260869565217,,,,,,False,552,276,23,253,10.325897972907818,172.55333879777527,0.05646293234401301,0.2254052551715256,0.47866988605061717,0.6484804188071218,0.07849507440788095,True,0.047517990637881646,0.07922867323412283,0.5
CB1_CAUR_L_CF2_RI2_TI2_R12__seed721203__it0000401,CB1_CAUR_L_CF2_RI2_TI2_R12,NEW_ALNS_EXPANSION,L,CF2,80-100%,0.9489496326383,ts_ddfc0401d97e4f0fe61c,MATCHED_RANDOM,ts_5c1be5cc9a4d22b6e3c7,STRUCTURED_NEAR_NEIGHBOR,13,0.0323874151758174,0.023750771128932757,0.17124038934707642,0.017273288093769275,False,False,False,0.5688405797101449,,,,,,False,552,276,23,253,32.328207354691386,98.3214608306017,0.24744193998902553,0.3809347868980459,0.5625718266715749,0.7138880643785104,0.05840016450750565,False,0.03421242031667695,0.08698334361505244,0.4166666666666667
CB1_CAUR_L_CF2_RI2_TI2_R12__seed721204__it0000016,CB1_CAUR_L_CF2_RI2_TI2_R12,NEW_ALNS_EXPANSION,L,CF2,0-20%,0.049288126127763426,ts_632b4ab5ac0f2428ec7a,ORIGINAL_OPERATOR,ts_426a542e9c472492c6bc,STRUCTURED_NEAR_NEIGHBOR,17,-0.033112582781456956,0.033112582781456956,0.10528290271759033,0.005217740317078065,False,False,False,0.5324675324675324,,,,,,False,462,231,21,210,24.754089988688687,160.02047990811315,0.1339691387322079,0.14860852480470468,0.35947119418549556,0.570279736106982,0.07284768211920531,True,0.009678360972761936,0.04655829821392735,0.045454545454545456
CB1_CAUR_L_CF2_RI2_TI2_R12__seed721204__it0000072,CB1_CAUR_L_CF2_RI2_TI2_R12,NEW_ALNS_EXPANSION,L,CF2,0-20%,0.18109808382986886,ts_78e3ad615f541ec51813,MATCHED_RANDOM,ts_f4d6fac3252c8318638f,MATCHED_RANDOM,9,0.01861167002012072,0.02635814889336016,0.1550617218017578,0.003822937625754523,False,False,False,0.6126482213438735,,,,,,False,506,253,22,231,23.369505172224383,120.33963976924281,0.16261668790627623,0.22275752297257234,0.4896807309844105,0.6591941198031447,0.06881287726358148,True,0.011101390954422186,0.0420523138832998,0.13043478260869565
CB1_CAUR_L_CF2_RI2_TI2_R12__seed721204__it0000131,CB1_CAUR_L_CF2_RI2_TI2_R12,NEW_ALNS_EXPANSION,L,CF2,20-40%,0.32109780948945976,ts_c8d798d52e3e1f43270c,RELATED_VARIANT,ts_6c727293046d89182d8a,RELATED_VARIANT,3,0.02999813676169182,0.016862306689025528,0.2381521463394165,0.016862306689025528,False,False,False,0.677536231884058,,,,,,False,552,276,23,253,16.151837000383424,111.49941391236204,0.12653097313886744,0.2328392973397907,0.4052500319823298,0.5852914114736345,0.0898080864542575,True,0.011179429849077696,0.04043227128749767,0.125
CB1_CAUR_L_CF2_RI2_TI2_R12__seed721204__it0000186,CB1_CAUR_L_CF2_RI2_TI2_R12,NEW_ALNS_EXPANSION,L,CF2,40-60%,0.4510470069788503,ts_96f91456816e5d781cbb,STRUCTURED_NEAR_NEIGHBOR,ts_0cfbb187f1ec187e8f2b,STRUCTURED_NEAR_NEIGHBOR,2,0.05815071126489811,0.0025951557093425587,0.10788798332214355,0.0025951557093425587,False,True,True,0.7355072463768116,,,,,,False,552,276,23,253,16.149725299459966,164.27868061795277,0.08950766492307294,0.1821606432427181,0.4283109665278134,0.6195078236787277,0.13350634371395617,True,0.011726259131103423,0.04459823144944252,0.20833333333333334
CB1_CAUR_L_CF2_RI2_TI2_R12__seed721204__it0000241,CB1_CAUR_L_CF2_RI2_TI2_R12,NEW_ALNS_EXPANSION,L,CF2,40-60%,0.5799048994468127,ts_f947f0e5717f3887b992,STRUCTURED_NEAR_NEIGHBOR,ts_972112051c6598fc6058,RELATED_VARIANT,10,-0.011518324607329843,0.02994764397905759,0.16644704341888428,0.012146596858638743,False,False,False,0.5108695652173914,,,,,,False,552,276,23,253,26.546311653054403,197.50691986637332,0.11848216369399951,0.20530606324635955,0.418908431570753,0.6050932996367635,0.08848167539267016,True,0.007617801047120419,0.03183246073298429,0.041666666666666664
CB1_CAUR_L_CF2_RI2_TI2_R12__seed721204__it0000301,CB1_CAUR_L_CF2_RI2_TI2_R12,NEW_ALNS_EXPANSION,L,CF2,60-80%,0.7198217351277832,ts_3b6af74d8c34638494d0,RELATED_VARIANT,ts_dba47936ec6e43f6b345,STRUCTURED_NEAR_NEIGHBOR,19,0.007303839732888147,0.040484140233722876,0.12068864703178406,0.0022954924874791366,False,False,False,0.5760869565217391,,,,,,False,552,276,23,253,24.23496492296527,109.94256894183201,0.18061864922473087,0.16776965231917804,0.41608910700518165,0.6490401026981955,0.05509181969949917,False,0.005382234279354479,0.03526711185308848,0.125
CB1_CAUR_L_CF2_RI2_TI2_R12__seed721204__it0000357,CB1_CAUR_L_CF2_RI2_TI2_R12,NEW_ALNS_EXPANSION,L,CF2,80-100%,0.850855971872466,ts_ee8fd7a8b9bc677d6744,STRUCTURED_NEAR_NEIGHBOR,ts_5d6ad6644f7731db9f93,RELATED_VARIANT,2,-0.0026141162276291977,0.04856223607480394,0.04405862092971802,0.005228232455258393,False,False,False,0.6254545454545455,,,,,,False,552,275,23,252,15.664542588271713,155.78584414155878,0.09136487171041333,0.16229330769960845,0.4037393245938183,0.604028185904658,0.08294791876131108,True,0.014360882096655272,0.04082043032374824,0.16666666666666666
CB1_CAUR_L_CF2_RI2_TI2_R12__seed721204__it0000399,CB1_CAUR_L_CF2_RI2_TI2_R12,NEW_ALNS_EXPANSION,L,CF2,80-100%,0.9501640799362769,ts_57ebb0ef699b45e21b94,ORIGINAL_OPERATOR,ts_d1f70a27a94df0b5f9ed,RELATED_VARIANT,3,0.03853462837837837,0.011190878378378386,0.1908399760723114,0.011190878378378386,False,False,False,0.616600790513834,,,,,,False,506,253,22,231,19.950942797652857,118.98473616748818,0.14359841148261526,0.2914745801048529,0.5321092681361081,0.7074786563833518,0.06408361486486486,True,0.017433534077555816,0.059543918918918914,0.2608695652173913
CB1_CAUR_L_CF3_RI2_TI2_R12_C02__seed691201__it0000010,CB1_CAUR_L_CF3_RI2_TI2_R12_C02,ORIGINAL_PHASE6J_CAUR,L,CF3,0-20%,0.04981915486030874,ts_a353aa16fb2ebdc73bdc,STRUCTURED_NEAR_NEIGHBOR,ts_151ac97b790e6610adf4,RELATED_VARIANT,4,0.05351773902585689,0.008117859290438963,0.11690870672464371,0.0072158749248346366,False,False,True,0.5797101449275363,ts_151ac97b790e6610adf4,0.05351773902585689,0.008117859290438963,0.6666666666666666,0.0,False,552,276,23,253,37.34554625982762,440.4395493802475,0.07816389962896782,0.11690168189470707,0.32733947985554757,0.534896564179914,0.27194828622970535,False,0.019505411906193624,0.08929645219482862,0.041666666666666664
CB1_CAUR_L_CF3_RI2_TI2_R12_C02__seed691201__it0000046,CB1_CAUR_L_CF3_RI2_TI2_R12_C02,ORIGINAL_PHASE6J_CAUR,L,CF3,0-20%,0.17940361363138202,ts_726e165117b0e4789807,STRUCTURED_NEAR_NEIGHBOR,ts_63c18fab6672ebdaf42f,STRUCTURED_NEAR_NEIGHBOR,12,0.07100371747211895,0.007434944237918226,0.23332803696393967,0.002230483271375469,False,False,True,0.5652173913043478,ts_63c18fab6672ebdaf42f,0.07100371747211895,0.007434944237918226,0.6304347826086957,0.0,False,552,276,23,253,39.47041665710512,348.64044358009915,0.10169882036535058,0.1331850033268878,0.36848857810364344,0.6108139918275338,0.15167286245353162,True,0.043050392399834776,0.09838909541511773,0.375
CB1_CAUR_L_CF3_RI2_TI2_R12_C02__seed691201__it0000085,CB1_CAUR_L_CF3_RI2_TI2_R12_C02,ORIGINAL_PHASE6J_CAUR,L,CF3,20-40%,0.32123761007844537,ts_7b7798d190feb7d06126,ORIGINAL_OPERATOR,ts_7b7798d190feb7d06126,ORIGINAL_OPERATOR,1,0.044375,0.0,0.2278233766555786,0.0029999999999999957,True,True,True,0.644927536231884,ts_7b7798d190feb7d06126,0.044375,0.0,0.7137681159420289,0.0,False,552,276,23,253,13.021070993949497,259.08621988680557,0.047852708950954524,0.11454463947438313,0.31818692629800144,0.5363520780766147,0.12587500000000001,True,0.03214583333333333,0.11475,0.3333333333333333
CB1_CAUR_L_CF3_RI2_TI2_R12_C02__seed691201__it0000121,CB1_CAUR_L_CF3_RI2_TI2_R12_C02,ORIGINAL_PHASE6J_CAUR,L,CF3,40-60%,0.4514393586146401,ts_d514ea46abca121c56b6,RELATED_VARIANT,ts_9c92e67a3aef67b5329f,STRUCTURED_NEAR_NEIGHBOR,4,0.013543462201428217,0.01662152179266191,0.10599899291992188,0.007387343018960848,False,False,False,0.7454545454545455,ts_9c92e67a3aef67b5329f,0.013543462201428217,0.01662152179266191,0.6327272727272727,0.0,False,552,275,23,252,21.58796441323994,205.6771059008246,0.09499024369828092,0.1315458124885435,0.3094815080557242,0.49992095806205933,0.11154887958630878,True,0.052778461791020276,0.12361487318394485,0.5
CB1_CAUR_L_CF3_RI2_TI2_R12_C02__seed691201__it0000156,CB1_CAUR_L_CF3_RI2_TI2_R12_C02,ORIGINAL_PHASE6J_CAUR,L,CF3,40-60%,0.5798052103465485,ts_a4e0a38aa96c401cfefd,ORIGINAL_OPERATOR,ts_e2f7eb582138424fe913,STRUCTURED_NEAR_NEIGHBOR,18,-0.02862595419847328,0.07004939380332285,0.04842156171798706,0.004265828468792095,False,False,False,0.5177865612648221,ts_fe61ec2977ab9b59fde1,-0.010889088459811406,0.05231252806466098,0.6007905138339921,-0.017736865738661876,False,506,253,22,231,52.05772165364906,186.15032089860452,0.2185388918689831,0.20528924372130217,0.48006262177473047,0.6587166169962784,0.09665469241131566,False,0.026854219948849106,0.07700942972608892,0.34782608695652173
CB1_CAUR_L_CF3_RI2_TI2_R12_C02__seed691201__it0000195,CB1_CAUR_L_CF3_RI2_TI2_R12_C02,ORIGINAL_PHASE6J_CAUR,L,CF3,60-80%,0.72156249946367,ts_378ef927a0673bbfba52,ORIGINAL_OPERATOR,ts_0312d95e17754959d426,STRUCTURED_NEAR_NEIGHBOR,22,0.0052166024041732815,0.05091857564073486,0.3911477327346802,0.01803129961442504,False,False,False,0.39855072463768115,ts_d085867116b296847692,0.018484917214787934,0.03765026083012021,0.5398550724637681,-0.013268314810614652,False,552,276,23,253,70.03350457078236,286.0282498991236,0.19668920823873975,0.17797632824680373,0.3631358260538392,0.5734733234789874,0.11975504649580404,False,0.031507522491872685,0.11975504649580404,0.3333333333333333
CB1_CAUR_L_CF3_RI2_TI2_R12_C02__seed691201__it0000230,CB1_CAUR_L_CF3_RI2_TI2_R12_C02,ORIGINAL_PHASE6J_CAUR,L,CF3,80-100%,0.8495068795307196,ts_b8a9c1bcbbc1062f5bae,ORIGINAL_OPERATOR,ts_9dd9637c1d60b58c5256,ORIGINAL_OPERATOR,5,0.0,0.039541413196069256,0.18082872033119202,0.005147402901263455,False,False,False,0.822463768115942,ts_b8a9c1bcbbc1062f5bae,0.039541413196069256,0.0,0.6521739130434783,-0.039541413196069256,True,552,276,23,253,15.926658354546705,108.32765019859545,0.1281779162429209,0.17485119441702454,0.4188522294753643,0.6757440436402341,0.09499298081422555,True,0.037172437997192324,0.08586803930744033,0.3333333333333333
CB1_CAUR_L_CF3_RI2_TI2_R12_C02__seed691201__it0000258,CB1_CAUR_L_CF3_RI2_TI2_R12_C02,ORIGINAL_PHASE6J_CAUR,L,CF3,80-100%,0.9521250446706193,ts_41d75566b08aef87ccaa,ORIGINAL_OPERATOR,ts_485b8177ea914e946ddb,RELATED_VARIANT,3,0.030652680652680654,0.038927738927738924,0.05364859104156494,0.024009324009324005,False,False,False,0.6920289855072463,ts_aa12f7da2d4c69be15f7,0.04557109557109557,0.024009324009324005,0.75,-0.014918414918414918,False,552,276,23,253,22.251542973941433,188.26092959741814,0.10570177957697303,0.1775513223427412,0.3472405449338747,0.5542979309352664,0.1282051282051282,False,0.023455710955710956,0.1324009324009324,0.25
CB1_CAUR_L_CF3_RI2_TI2_R12_C02__seed691202__it0000010,CB1_CAUR_L_CF3_RI2_TI2_R12_C02,ORIGINAL_PHASE6J_CAUR,L,CF3,0-20%,0.05062500748577835,ts_5db93fba579487e3217a,RELATED_VARIANT,ts_c4cdf27e45546f9b711c,RELATED_VARIANT,10,-0.05850622406639004,0.09031811894882434,0.6048378050327301,0.026832641770401105,False,False,False,0.5963636363636363,ts_c4cdf27e45546f9b711c,-0.05850622406639004,0.09031811894882434,0.4909090909090909,0.0,False,552,275,23,252,37.87420796253572,299.5244522585207,0.1122535813797285,0.15229729220434055,0.3077395954762709,0.5122049678222409,0.16735822959889352,False,0.009612724757952974,0.09986168741355463,0.0
CB1_CAUR_L_CF3_RI2_TI2_R12_C02__seed691202__it0000046,CB1_CAUR_L_CF3_RI2_TI2_R12_C02,ORIGINAL_PHASE6J_CAUR,L,CF3,0-20%,0.1806242292289695,ts_dcee1018fbd224ec30cd,STRUCTURED_NEAR_NEIGHBOR,ts_7f772ec043da1643e4d2,STRUCTURED_NEAR_NEIGHBOR,6,0.023280996210070383,0.023822414726583648,0.27998316287994385,0.007850568489442336,False,False,False,0.7527272727272727,ts_7f772ec043da1643e4d2,0.023280996210070383,0.023822414726583648,0.72,0.0,False,552,275,23,252,26.811836788889973,217.86949180586936,0.10957859736529255,0.12276208284979924,0.330214461291461,0.5509808607324571,0.18435300487276662,False,0.024228478613968596,0.11423930698429885,0.041666666666666664
CB1_CAUR_L_CF3_RI2_TI2_R12_C02__seed691202__it0000084,CB1_CAUR_L_CF3_RI2_TI2_R12_C02,ORIGINAL_PHASE6J_CAUR,L,CF3,20-40%,0.3186123240446443,ts_ed86de795196c84250ec,ORIGINAL_OPERATOR,ts_3accb4373363f01a76a4,RELATED_VARIANT,2,0.09819989253089736,0.011821601289629224,0.1841144561767578,0.011821601289629224,False,False,False,0.5797101449275363,ts_ed86de795196c84250ec,0.11002149382052659,0.0,0.532608695652174,-0.011821601289629224,True,552,276,23,253,21.30818650920045,289.4222461875599,0.06857450789184515,0.26162372269133144,0.5816756828630522,0.7414765250546039,0.15932294465341212,False,0.03512896292315959,0.13782912412681353,0.4583333333333333
CB1_CAUR_L_CF3_RI2_TI2_R12_C02__seed691202__it0000120,CB1_CAUR_L_CF3_RI2_TI2_R12_C02,ORIGINAL_PHASE6J_CAUR,L,CF3,40-60%,0.44905604040198155,ts_86ebc6354eb4638b6357,STRUCTURED_NEAR_NEIGHBOR,ts_9f12e8faae2034069e12,ORIGINAL_OPERATOR,2,0.0655440414507772,0.0034974093264248662,0.8158894777297974,0.0034974093264248662,False,True,True,0.605072463768116,ts_9f12e8faae2034069e12,0.0655440414507772,0.0034974093264248662,0.605072463768116,0.0,False,552,276,23,253,21.01683622247892,205.00116414095186,0.0929874443127734,0.22067972036229228,0.4749190211087046,0.6322732267074612,0.11256476683937824,True,0.05397236614853196,0.138860103626943,0.5416666666666666
CB1_CAUR_L_CF3_RI2_TI2_R12_C02__seed691202__it0000156,CB1_CAUR_L_CF3_RI2_TI2_R12_C02,ORIGINAL_PHASE6J_CAUR,L,CF3,40-60%,0.5810430786590607,ts_dc01f25b3e2f728399e1,RELATED_VARIANT,ts_ab67e2077681d2098e12,RELATED_VARIANT,4,0.11643996247654784,0.02779080675422138,0.051888227462768555,0.023569418386491542,False,False,False,0.5942028985507246,ts_803fdca31cf64b0e60f8,0.11901969981238274,0.02521106941838648,0.6195652173913043,-0.0025797373358349,False,552,276,23,253,24.766142283543907,298.21188907365183,0.07668057848849147,0.22769648540687862,0.4608355303969285,0.661153378460076,0.15548780487804878,True,0.052415572232645403,0.1353189493433396,0.08333333333333333
CB1_CAUR_L_CF3_RI2_TI2_R12_C02__seed691202__it0000193,CB1_CAUR_L_CF3_RI2_TI2_R12_C02,ORIGINAL_PHASE6J_CAUR,L,CF3,60-80%,0.7191742852960411,ts_754c7b9dd401da6f90f2,RELATED_VARIANT,ts_dc79839a3b26e2b2b7f0,STRUCTURED_NEAR_NEIGHBOR,13,0.02207582061950994,0.0159500693481276,0.020876795053482056,0.013638465094775773,False,False,False,0.6996047430830039,ts_dc79839a3b26e2b2b7f0,0.02207582061950994,0.0159500693481276,0.616600790513834,0.0,False,506,253,22,231,37.97683752946486,151.4181958749511,0.2005165438967598,0.1768633037016491,0.40055521617936973,0.5794720410565052,0.13777161349976882,False,0.03537759552955838,0.0598705501618123,0.30434782608695654
CB1_CAUR_L_CF3_RI2_TI2_R12_C02__seed691202__it0000228,CB1_CAUR_L_CF3_RI2_TI2_R12_C02,ORIGINAL_PHASE6J_CAUR,L,CF3,80-100%,0.8488502926703714,ts_3cdf97047f3a28fc3453,RELATED_VARIANT,ts_8b8f4ae00ce30f968c4e,STRUCTURED_NEAR_NEIGHBOR,6,-0.012659698025551685,0.07270615563298491,0.19042319059371948,0.017537746806039492,False,False,False,0.47035573122529645,ts_fddde53b40f0c47fa95b,0.0272938443670151,0.032752613240418116,0.43873517786561267,-0.039953542392566786,True,506,253,22,231,35.673712167720716,288.25125391155956,0.11012955438263322,0.19681975679461255,0.39881607962866084,0.6360002906070674,0.10197444831591174,True,0.057991213452507205,0.12636469221835075,0.6521739130434783
CB1_CAUR_L_CF3_RI2_TI2_R12_C02__seed691202__it0000256,CB1_CAUR_L_CF3_RI2_TI2_R12_C02,ORIGINAL_PHASE6J_CAUR,L,CF3,80-100%,0.9515252781452419,ts_c24b133ba44feca4dec9,STRUCTURED_NEAR_NEIGHBOR,ts_d353bc006773a8a8f290,ORIGINAL_OPERATOR,14,-0.0687265037593985,0.0775375939849624,0.5208536982536316,0.005874060150375938,False,False,False,0.605072463768116,ts_d353bc006773a8a8f290,-0.0687265037593985,0.0775375939849624,0.5978260869565217,0.0,False,552,276,23,253,42.07097273550436,350.49523552882204,0.10716911402414121,0.1058370327996743,0.2868704842458805,0.5387942486859408,0.17222744360902253,True,0.035880717418546364,0.1069078947368421,0.25
CB1_CAUR_L_CF3_RI2_TI2_R12_C02__seed721201__it0000016,CB1_CAUR_L_CF3_RI2_TI2_R12_C02,NEW_ALNS_EXPANSION,L,CF3,0-20%,0.05095095068148686,ts_25b7cfa9588218d53fb0,STRUCTURED_NEAR_NEIGHBOR,ts_056e07c1f61270795890,ORIGINAL_OPERATOR,4,0.0,0.007157464212678937,0.03528133034706116,0.0033231083844580778,False,False,True,0.7563636363636363,,,,,,False,552,275,23,252,17.976122298203855,176.49400569070235,0.09243641933135009,0.1289688973142796,0.3542281885375503,0.5863133550068718,0.1689672801635992,False,0.0055385139740967955,0.03374233128834355,0.0
CB1_CAUR_L_CF3_RI2_TI2_R12_C02__seed721201__it0000074,CB1_CAUR_L_CF3_RI2_TI2_R12_C02,NEW_ALNS_EXPANSION,L,CF3,0-20%,0.18104599018996795,ts_f9382ca3542e5ed40e4c,STRUCTURED_NEAR_NEIGHBOR,ts_cf84f6434f88eba7d83f,RELATED_VARIANT,13,-0.026125567947129287,0.04894671623296159,0.0524594783782959,0.005576208178438662,False,False,False,0.7065217391304348,,,,,,False,552,276,23,253,27.72702414011627,151.22524966538106,0.15494088759248004,0.13053699965236207,0.32427947174573735,0.52968196171392,0.1084262701363073,False,0.017158887512047364,0.051425030978934326,0.20833333333333334
CB1_CAUR_L_CF3_RI2_TI2_R12_C02__seed721201__it0000137,CB1_CAUR_L_CF3_RI2_TI2_R12_C02,NEW_ALNS_EXPANSION,L,CF3,20-40%,0.32071704679320295,ts_21a482cc802ddb7cd709,RELATED_VARIANT,ts_21a482cc802ddb7cd709,RELATED_VARIANT,1,0.04596100278551532,0.0,0.41247040033340454,0.012106278122991213,True,True,True,0.8079710144927537,,,,,,False,552,276,23,253,18.330451748758055,104.85306092791703,0.1488060483944045,0.23429615554319885,0.44205364887203946,0.5880090767448891,0.1204199700021427,False,0.04072030569245055,0.081851296335976,0.7083333333333334
CB1_CAUR_L_CF3_RI2_TI2_R12_C02__seed721201__it0000194,CB1_CAUR_L_CF3_RI2_TI2_R12_C02,NEW_ALNS_EXPANSION,L,CF3,40-60%,0.4488601050501905,ts_d636f810c775134f3792,RELATED_VARIANT,ts_d636f810c775134f3792,RELATED_VARIANT,1,0.11343472750316858,0.0,0.7899042963981628,0.03538234051542037,True,True,True,0.5797101449275363,,,,,,False,552,276,23,253,21.13010912718212,273.9931025425263,0.07159758464146222,0.28593407625332645,0.46273900919002237,0.6487031320705884,0.15399239543726237,False,0.062271158991691306,0.14617659484579637,0.4166666666666667
CB1_CAUR_L_CF3_RI2_TI2_R12_C02__seed721201__it0000254,CB1_CAUR_L_CF3_RI2_TI2_R12_C02,NEW_ALNS_EXPANSION,L,CF3,40-60%,0.5800560492067468,ts_de66ebc2226b61a335a7,ORIGINAL_OPERATOR,ts_b718008effc3f2b347cd,RELATED_VARIANT,15,0.02484154569617665,0.03404211817624207,0.14383453130722046,0.015436516049887543,False,False,False,0.5471014492753623,,,,,,False,552,276,23,253,57.20727228243861,245.13151770473587,0.1892157876429465,0.2610203967586683,0.49100624314670804,0.6723442683222071,0.1160294418319362,False,0.04944455803175901,0.14700470251482314,0.4166666666666667
CB1_CAUR_L_CF3_RI2_TI2_R12_C02__seed721201__it0000316,CB1_CAUR_L_CF3_RI2_TI2_R12_C02,NEW_ALNS_EXPANSION,L,CF3,60-80%,0.718582429966529,ts_f3d6fbdceff9a013c8f2,STRUCTURED_NEAR_NEIGHBOR,ts_9f9531052e8a775b94b6,RELATED_VARIANT,5,-0.00919732441471572,0.05068979933110368,0.11698448657989502,0.02769648829431438,False,False,False,0.6956521739130435,,,,,,False,506,253,22,231,27.057735768869442,115.77979436628965,0.18943015706912764,0.36970070678198197,0.5417589173155382,0.698767979298072,0.09145066889632107,True,0.026101497746110223,0.05831939799331104,0.13043478260869565
CB1_CAUR_L_CF3_RI2_TI2_R12_C02__seed721201__it0000375,CB1_CAUR_L_CF3_RI2_TI2_R12_C02,NEW_ALNS_EXPANSION,L,CF3,80-100%,0.850778273273781,ts_3bc5e3c5bf1ca41de092,LOCAL_PERTURBATION,ts_11b351c141ba354de5cd,RELATED_VARIANT,9,-0.037225792155993795,0.03833370263682694,0.000997781753540039,0.0011079104808331486,False,False,False,0.6304347826086957,,,,,,False,552,276,23,253,32.63019730238386,210.76500610704562,0.13406261440368106,0.16327007217998493,0.40779774888756226,0.575469144853194,0.12209173498781299,False,0.011863874732254968,0.07267892754265455,0.0
CB1_CAUR_L_CF3_RI2_TI2_R12_C02__seed721201__it0000420,CB1_CAUR_L_CF3_RI2_TI2_R12_C02,NEW_ALNS_EXPANSION,L,CF3,80-100%,0.9502705740334282,ts_0016b8970ece1a4641c0,ORIGINAL_OPERATOR,ts_8da74cbb2cbc6538725c,STRUCTURED_NEAR_NEIGHBOR,2,0.037926235212247736,0.03943400603108328,0.19487208127975464,0.0337508698677801,False,False,False,0.5905797101449275,,,,,,False,552,276,23,253,30.303654632723116,235.8615033797058,0.11385282303293824,0.2813588443111039,0.47920433741130614,0.649618481624347,0.1569241475295755,False,0.021311760612386915,0.05775922059846903,0.25
CB1_CAUR_L_CF3_RI2_TI2_R12_C02__seed721202__it0000015,CB1_CAUR_L_CF3_RI2_TI2_R12_C02,NEW_ALNS_EXPANSION,L,CF3,0-20%,0.050040008223488114,ts_ca78c987e7a0af5cb089,RELATED_VARIANT,ts_b94c840fb44ee528a9a1,STRUCTURED_NEAR_NEIGHBOR,8,-0.029846804014791336,0.05256207078711041,0.09667575359344482,0.0071315372424722665,False,False,False,0.6739130434782609,,,,,,False,552,276,23,253,24.772272514069883,199.30360993466147,0.11055305124029932,0.12704748501443244,0.33307590507675644,0.5449273826014012,0.16072371896460647,False,0.007274608205670013,0.0641838351822504,0.0
CB1_CAUR_L_CF3_RI2_TI2_R12_C02__seed721202__it0000071,CB1_CAUR_L_CF3_RI2_TI2_R12_C02,NEW_ALNS_EXPANSION,L,CF3,0-20%,0.17858234505031217,ts_30be0e79c4a90c019158,MATCHED_RANDOM,ts_3aca3b776f1a03ea7626,ORIGINAL_OPERATOR,9,-0.03362793705539987,0.07372278508299202,0.04540860652923584,0.022203061004526837,False,False,False,0.6340579710144928,,,,,,False,552,276,23,253,31.511323346793002,194.10872934098177,0.13966543740861578,0.1418509290043069,0.29894582129644964,0.4700348405324941,0.2007975856865704,False,0.011155421427031686,0.056908816555292084,0.08333333333333333
CB1_CAUR_L_CF3_RI2_TI2_R12_C02__seed721202__it0000134,CB1_CAUR_L_CF3_RI2_TI2_R12_C02,NEW_ALNS_EXPANSION,L,CF3,20-40%,0.3193445829497377,ts_f4f92c0fc1888da094bc,RELATED_VARIANT,ts_d45b98ac903a88a01853,STRUCTURED_NEAR_NEIGHBOR,5,-0.004518381597864038,0.05504210310125283,0.18573296070098877,0.004107619634421862,False,False,False,0.6763636363636364,,,,,,False,552,275,23,252,16.371618165615978,141.3486603666026,0.10380160571598052,0.15434591318442292,0.3903595617226819,0.5635530797044161,0.07958513041692339,True,0.03150030807147258,0.06387348531525981,0.375
CB1_CAUR_L_CF3_RI2_TI2_R12_C02__seed721202__it0000193,CB1_CAUR_L_CF3_RI2_TI2_R12_C02,NEW_ALNS_EXPANSION,L,CF3,40-60%,0.44947585363123777,ts_ec1f6e11ec5f3a44e9e0,RELATED_VARIANT,ts_df8ccf7c3207c8a2e493,RELATED_VARIANT,5,-0.022673288706542866,0.05366011660548478,0.05581998825073242,0.013172101058086805,False,False,False,0.7193675889328063,,,,,,False,506,253,22,231,18.71017019708464,120.20998635097604,0.1346829046410676,0.20180098343955138,0.40341806681169723,0.6152918732446757,0.08421507233858778,False,0.0268042398580455,0.0665083135391924,0.2608695652173913
CB1_CAUR_L_CF3_RI2_TI2_R12_C02__seed721202__it0000253,CB1_CAUR_L_CF3_RI2_TI2_R12_C02,NEW_ALNS_EXPANSION,L,CF3,40-60%,0.5807058457654248,ts_fcbd26c5a62e7732a758,RELATED_VARIANT,ts_adc4b351f32971fa3a82,STRUCTURED_NEAR_NEIGHBOR,2,-0.0015089458935115326,0.059495580944169006,0.04968041181564331,0.024143134296184525,False,False,False,0.644927536231884,,,,,,False,552,276,23,253,22.162248997250792,184.62981573579452,0.1071716607011046,0.21725443267184022,0.38527987773771477,0.6051870318908893,0.10454839405044192,False,0.019077387367967234,0.10023712006898039,0.16666666666666666
CB1_CAUR_L_CF3_RI2_TI2_R12_C02__seed721202__it0000316,CB1_CAUR_L_CF3_RI2_TI2_R12_C02,NEW_ALNS_EXPANSION,L,CF3,60-80%,0.720157340223421,ts_0fb3d9f4f2fe73611425,RELATED_VARIANT,ts_5e9fa330e6a298685221,RELATED_VARIANT,17,0.021612541993281074,0.024076147816349383,0.32385003566741943,0.024076147816349383,False,False,False,0.6956521739130435,,,,,,False,552,276,23,253,48.07787801805477,186.10839253706772,0.20529759453485236,0.26615635230262447,0.44567311268964416,0.6258902849404234,0.11142217245240763,True,0.017683837252706235,0.056662933930571105,0.20833333333333334
CB1_CAUR_L_CF3_RI2_TI2_R12_C02__seed721202__it0000374,CB1_CAUR_L_CF3_RI2_TI2_R12_C02,NEW_ALNS_EXPANSION,L,CF3,80-100%,0.8497194898546955,ts_f12bb8605ef24774bc22,ORIGINAL_OPERATOR,ts_cbeefd2c915c9d98e54d,RELATED_VARIANT,3,0.07122060470324748,0.015005599104143341,0.30185163021087646,0.01410974244120941,False,False,False,0.5905797101449275,,,,,,False,552,276,23,253,22.36996540827981,302.3150480804513,0.06889743745150162,0.2077394388956403,0.45769604557904614,0.6447131727558167,0.10627099664053752,False,0.02425345278088839,0.07301231802911534,0.2916666666666667
CB1_CAUR_L_CF3_RI2_TI2_R12_C02__seed721202__it0000420,CB1_CAUR_L_CF3_RI2_TI2_R12_C02,NEW_ALNS_EXPANSION,L,CF3,80-100%,0.950205624290526,ts_2bb32e1ddf6a6a9378af,ORIGINAL_OPERATOR,ts_8998c554f1ac297d3e37,RELATED_VARIANT,4,0.01340299863698319,0.04543389368468878,0.1480693817138672,0.018627896410722405,False,False,False,0.5849802371541502,,,,,,False,506,253,22,231,26.57679951304752,148.1706048150627,0.15208694867447783,0.3756731754762717,0.582289025604532,0.7044048902802055,0.0957519309404816,False,0.019200758548485866,0.050658791458427985,0.43478260869565216
CB1_CAUR_L_CF3_RI2_TI2_R12_C02__seed721203__it0000016,CB1_CAUR_L_CF3_RI2_TI2_R12_C02,NEW_ALNS_EXPANSION,L,CF3,0-20%,0.05060384545248267,ts_702aec1b51bdc439d9c1,STRUCTURED_NEAR_NEIGHBOR,ts_d0a2c983112a007f8559,RELATED_VARIANT,3,0.008644317942230655,0.01075268817204301,0.14865228533744812,0.007063040269871389,False,False,False,0.7717391304347826,,,,,,False,552,276,23,253,14.093716049004502,125.93190112690205,0.10065098325043864,0.14868182734381613,0.35284082738072803,0.5691164481861056,0.08633776091081594,True,0.018088059596598496,0.12038794012228547,0.125
CB1_CAUR_L_CF3_RI2_TI2_R12_C02__seed721203__it0000074,CB1_CAUR_L_CF3_RI2_TI2_R12_C02,NEW_ALNS_EXPANSION,L,CF3,0-20%,0.18110989642462189,ts_28809affdae413c6d4f6,LOCAL_PERTURBATION,ts_df59d5373832e4eaec34,RELATED_VARIANT,8,-0.0323388274567077,0.03984978093052368,0.30757641792297363,0.0009388691842269984,False,False,False,0.5942028985507246,,,,,,False,552,276,23,253,20.394750038754374,210.33224524033594,0.08839342797354346,0.10607283245957402,0.29414274570762855,0.5316998963328445,0.13060713540580013,True,0.04425725015647819,0.09993740872105153,0.375
CB1_CAUR_L_CF3_RI2_TI2_R12_C02__seed721203__it0000135,CB1_CAUR_L_CF3_RI2_TI2_R12_C02,NEW_ALNS_EXPANSION,L,CF3,20-40%,0.3192205235307422,ts_eade49188adf9d53d61c,ORIGINAL_OPERATOR,ts_5a907caa184fce09bb5f,STRUCTURED_NEAR_NEIGHBOR,14,0.011883541295306001,0.04594969300851654,0.05694103240966797,0.0016835016835016828,False,False,False,0.5968379446640316,,,,,,False,506,253,22,231,30.521829152352023,175.08119992858946,0.14845028932105972,0.1505136839491938,0.39275595327345253,0.613825650581476,0.08575955634779164,True,0.011117138994376847,0.0510992275698158,0.043478260869565216
CB1_CAUR_L_CF3_RI2_TI2_R12_C02__seed721203__it0000193,CB1_CAUR_L_CF3_RI2_TI2_R12_C02,NEW_ALNS_EXPANSION,L,CF3,40-60%,0.44944925591064744,ts_e731e975d27fd985660b,STRUCTURED_NEAR_NEIGHBOR,ts_92b2753b8a98ad979c65,STRUCTURED_NEAR_NEIGHBOR,12,0.02338530066815145,0.02138084632516704,0.008021354675292969,0.010022271714922051,False,False,False,0.6909090909090909,,,,,,False,552,275,23,252,30.732010497849913,184.9239884286084,0.14250477914286985,0.14187200253412513,0.34998641703065575,0.5574754654066179,0.12160356347438753,True,0.048134743875278406,0.1492204899777283,0.4583333333333333
CB1_CAUR_L_CF3_RI2_TI2_R12_C02__seed721203__it0000252,CB1_CAUR_L_CF3_RI2_TI2_R12_C02,NEW_ALNS_EXPANSION,L,CF3,40-60%,0.5792370151060792,ts_36ef8185a6d5d0f094b9,LOCAL_PERTURBATION,ts_dc6259c9a08e0a3b56a7,STRUCTURED_NEAR_NEIGHBOR,10,0.04298440979955456,0.0048997772828507855,0.1661672592163086,0.0024498886414253893,False,True,True,0.7318840579710145,,,,,,False,552,276,23,253,25.30766200226345,205.10920824298455,0.10983424076252236,0.11453978458640794,0.32306858659021576,0.5554291136000226,0.13875278396436527,False,0.008416852264291017,0.0489977728285078,0.0
CB1_CAUR_L_CF3_RI2_TI2_R12_C02__seed721203__it0000316,CB1_CAUR_L_CF3_RI2_TI2_R12_C02,NEW_ALNS_EXPANSION,L,CF3,60-80%,0.7196234807150319,ts_8f7495de8816e5d0d474,LOCAL_PERTURBATION,ts_6cc0a1dc58a95f006b4c,STRUCTURED_NEAR_NEIGHBOR,13,0.005122494432071269,0.02071269487750557,0.40710729360580444,0.013363028953229399,False,False,False,0.7210144927536232,,,,,,False,552,276,23,253,34.63578901053463,193.3004902210052,0.15195382291623385,0.14938510912195357,0.34791982255061926,0.5742214723866494,0.1252783964365256,False,0.014903489235337788,0.06659242761692649,0.0
CB1_CAUR_L_CF3_RI2_TI2_R12_C02__seed721203__it0000375,CB1_CAUR_L_CF3_RI2_TI2_R12_C02,NEW_ALNS_EXPANSION,L,CF3,80-100%,0.8508411368715132,ts_7e9f00e26e39f55137e0,STRUCTURED_NEAR_NEIGHBOR,ts_c93edfbfd17fa9d01bc9,STRUCTURED_NEAR_NEIGHBOR,2,0.01069042316258352,0.04810690423162583,0.1416682004928589,0.030400890868596875,False,False,False,0.68,,,,,,False,552,275,23,252,20.952775411393013,189.9842042591498,0.09933192105110553,0.2754874903489372,0.4690118902307034,0.6405034123806385,0.14521158129175946,False,0.02690237564959168,0.05278396436525613,0.375
CB1_CAUR_L_CF3_RI2_TI2_R12_C02__seed721203__it0000421,CB1_CAUR_L_CF3_RI2_TI2_R12_C02,NEW_ALNS_EXPANSION,L,CF3,80-100%,0.9505738559777018,ts_d51b1c27715b3399b87b,STRUCTURED_NEAR_NEIGHBOR,ts_d51b1c27715b3399b87b,STRUCTURED_NEAR_NEIGHBOR,1,0.08808463251670379,0.0,0.1912839412689209,0.01570155902004454,True,True,True,0.7054545454545454,,,,,,False,552,275,23,252,21.547834300666278,259.2406776533325,0.07674044123356595,0.18258401999285406,0.390770245714575,0.6217581725859731,0.13596881959910911,False,0.0178637713437268,0.06770601336302895,0.2916666666666667
CB1_CAUR_L_CF3_RI2_TI2_R12_C02__seed721204__it0000016,CB1_CAUR_L_CF3_RI2_TI2_R12_C02,NEW_ALNS_EXPANSION,L,CF3,0-20%,0.0505352282458292,ts_91a6fd7a6b4707893436,STRUCTURED_NEAR_NEIGHBOR,ts_2ff8977188b354306d71,STRUCTURED_NEAR_NEIGHBOR,16,0.010330578512396695,0.056818181818181816,0.30574148893356323,0.013171487603305783,False,False,False,0.5942028985507246,,,,,,False,552,276,23,253,52.54552785048709,263.91406224764614,0.16604182491101901,0.19994780547343635,0.4308492758310649,0.6062704315229502,0.1494059917355372,False,0.020951704545454548,0.06947314049586777,0.20833333333333334
CB1_CAUR_L_CF3_RI2_TI2_R12_C02__seed721204__it0000073,CB1_CAUR_L_CF3_RI2_TI2_R12_C02,NEW_ALNS_EXPANSION,L,CF3,0-20%,0.18116102223469896,ts_da376fe72aa8580ff600,ORIGINAL_OPERATOR,ts_1a5652dcbfcd66be9da1,RELATED_VARIANT,5,0.017256539898878875,0.010112112552209278,0.01086968183517456,0.010112112552209278,False,False,False,0.7065217391304348,,,,,,False,552,276,23,253,21.71606933380319,202.31529950385584,0.09693316363004244,0.11935123562251113,0.2922517178445062,0.49788467510994466,0.1254121785007694,True,0.019308272880486553,0.0877115849637283,0.25
CB1_CAUR_L_CF3_RI2_TI2_R12_C02__seed721204__it0000135,CB1_CAUR_L_CF3_RI2_TI2_R12_C02,NEW_ALNS_EXPANSION,L,CF3,20-40%,0.32032979689388896,ts_fa571504fc932958ed08,ORIGINAL_OPERATOR,ts_edef73e52901e292c476,STRUCTURED_NEAR_NEIGHBOR,9,-0.017241379310344827,0.04955469285224937,0.11919617652893066,0.014843571591687602,False,False,False,0.6376811594202898,,,,,,False,552,276,23,253,35.64769996506053,199.8895051571074,0.15134636562648715,0.23462914872571614,0.4566222941862553,0.628291638361676,0.11692167161452387,False,0.015747507041181396,0.04749942909340032,0.041666666666666664
CB1_CAUR_L_CF3_RI2_TI2_R12_C02__seed721204__it0000192,CB1_CAUR_L_CF3_RI2_TI2_R12_C02,NEW_ALNS_EXPANSION,L,CF3,40-60%,0.44872945615636084,ts_40c570a6f452181dbc87,RELATED_VARIANT,ts_13233e08f415fe098d05,STRUCTURED_NEAR_NEIGHBOR,8,-0.004050309102536773,0.10733319121722447,0.1923365592956543,0.030057557024088674,False,False,False,0.43478260869565216,,,,,,False,552,276,23,253,42.362415821302385,269.44454509859736,0.13586103304532987,0.3266807833166061,0.5128881462369479,0.6948748148789644,0.10733319121722447,False,0.09350351737369429,0.1449584310381582,0.7083333333333334
CB1_CAUR_L_CF3_RI2_TI2_R12_C02__seed721204__it0000251,CB1_CAUR_L_CF3_RI2_TI2_R12_C02,NEW_ALNS_EXPANSION,L,CF3,40-60%,0.5805201816982941,ts_c6b5eeca44c7e8cb624c,ORIGINAL_OPERATOR,ts_07c44f8481bbf8ac48b1,RELATED_VARIANT,2,-0.034586298932384345,0.0838523131672598,0.11538338661193848,0.00533807829181495,False,False,False,0.525691699604743,,,,,,False,506,253,22,231,21.938336314785456,309.80897073029985,0.06612965907754596,0.15541009634472816,0.40730995623202476,0.6427020180982354,0.09319395017793594,True,0.04719170663778431,0.08318505338078291,0.5217391304347826
CB1_CAUR_L_CF3_RI2_TI2_R12_C02__seed721204__it0000313,CB1_CAUR_L_CF3_RI2_TI2_R12_C02,NEW_ALNS_EXPANSION,L,CF3,60-80%,0.7193202559999451,ts_80e110b42cd5f5ddfd3b,ORIGINAL_OPERATOR,ts_e7b9772f6eb6656e0e65,STRUCTURED_NEAR_NEIGHBOR,19,0.0011526048870447213,0.050945136007376664,0.10189443826675415,0.009105578607653292,False,False,False,0.5471014492753623,,,,,,False,552,276,23,253,49.43088185796432,158.70568248629587,0.23749254252225038,0.23342853476429862,0.5263016474023521,0.6566482370888114,0.08287229137851544,True,0.032292146918702934,0.10972798524665744,0.5416666666666666
CB1_CAUR_L_CF3_RI2_TI2_R12_C02__seed721204__it0000371,CB1_CAUR_L_CF3_RI2_TI2_R12_C02,NEW_ALNS_EXPANSION,L,CF3,80-100%,0.8491979105921278,ts_94fe1d34d35b65b1e4e1,RELATED_VARIANT,ts_4c15454c52468566d076,RELATED_VARIANT,3,0.024781005071461505,0.09036422314430614,0.0411105751991272,0.011987090825265112,False,False,False,0.6521739130434783,,,,,,False,552,276,23,253,28.582228663578228,251.84646550181742,0.10192333829690249,0.20285331116205665,0.453970015551327,0.6820927516152309,0.11514522821576764,True,0.023493929614261565,0.08483171968649147,0.125
CB1_CAUR_L_CF3_RI2_TI2_R12_C02__seed721204__it0000416,CB1_CAUR_L_CF3_RI2_TI2_R12_C02,NEW_ALNS_EXPANSION,L,CF3,80-100%,0.9502763889608684,ts_b395d787b28c036a7e07,LOCAL_PERTURBATION,ts_eba41fdf612eaaa702d1,STRUCTURED_NEAR_NEIGHBOR,12,0.00875979714153988,0.03411710465652375,0.09745043516159058,0.004379898570769938,False,False,False,0.7163636363636363,,,,,,False,552,275,23,252,23.97569267610563,145.22037477807993,0.14170360479919372,0.11627713290623225,0.30142796060466615,0.5005429674371357,0.14315352697095435,False,0.007568772091593669,0.04518211157215307,0.08333333333333333
CB1_CAUR_L_CF3_RI2_TI2_R12__seed691201__it0000009,CB1_CAUR_L_CF3_RI2_TI2_R12,ORIGINAL_PHASE6J_CAUR,L,CF3,0-20%,0.04869684091828957,ts_d2882577a37702caa453,MATCHED_RANDOM,ts_a741fdbbb9251e35004b,RELATED_VARIANT,13,0.018535060294774454,0.015855292541313085,0.2809162735939026,0.0026797677534613693,False,False,False,0.6702898550724637,ts_512ee844c9be41ca874a,0.006029477445288076,0.028360875390799463,0.6594202898550725,0.012505582849486378,False,552,276,23,253,24.47965898241375,154.84622503393905,0.13650934507692952,0.1456660015606897,0.3674408424700478,0.5719872892607094,0.10495757034390354,False,0.002400625279142475,0.019205002233139798,0.0
CB1_CAUR_L_CF3_RI2_TI2_R12__seed691201__it0000044,CB1_CAUR_L_CF3_RI2_TI2_R12,ORIGINAL_PHASE6J_CAUR,L,CF3,0-20%,0.17859082201100082,ts_62f8216a61ab249c5ee7,RELATED_VARIANT,ts_cfc86a41fbd49b12e5e9,STRUCTURED_NEAR_NEIGHBOR,9,-0.03495022241050625,0.045011650074136836,0.08551335334777832,0.009108239779707688,False,False,False,0.5890909090909091,ts_d3889e73861f2661b40b,-0.0183223893242957,0.028383816987926285,0.4618181818181818,-0.01662783308621055,True,552,275,23,252,15.650392658542184,174.28282062398011,0.0823994518286936,0.14629720440459776,0.32130243525122637,0.5443650516272488,0.06725270069900444,True,0.031737626209136484,0.09087057826731625,0.4583333333333333
CB1_CAUR_L_CF3_RI2_TI2_R12__seed691201__it0000083,CB1_CAUR_L_CF3_RI2_TI2_R12,ORIGINAL_PHASE6J_CAUR,L,CF3,20-40%,0.3189035723281037,ts_320ebb32ecb29b581548,RELATED_VARIANT,ts_320ebb32ecb29b581548,RELATED_VARIANT,1,0.06717276282493674,0.0,0.4304276704788208,0.005981136415919033,True,True,True,0.4290909090909091,ts_320ebb32ecb29b581548,0.06717276282493674,0.0,0.38181818181818183,0.0,False,552,275,23,252,17.958157937439857,458.3715904623377,0.03770110516458401,0.20763683311259049,0.4467349262445953,0.615095935459377,0.12422360248447206,False,0.02457633617053907,0.057740970784449036,0.25
CB1_CAUR_L_CF3_RI2_TI2_R12__seed691201__it0000118,CB1_CAUR_L_CF3_RI2_TI2_R12,ORIGINAL_PHASE6J_CAUR,L,CF3,40-60%,0.4480809720221632,ts_666aad013197805f51d3,ORIGINAL_OPERATOR,ts_734e57a11058a4feac9e,STRUCTURED_NEAR_NEIGHBOR,2,-0.012834576568670469,0.040587977182974994,0.1517154574394226,0.00394910048266784,False,False,False,0.6626984126984127,ts_734e57a11058a4feac9e,-0.012834576568670469,0.040587977182974994,0.7063492063492064,0.0,False,506,252,22,230,11.402307077305485,123.37468761873379,0.08460128602081497,0.1382348922089623,0.34834132372364746,0.6082677106178517,0.06362439666520403,True,0.013049201594902415,0.055726195699868364,0.17391304347826086
CB1_CAUR_L_CF3_RI2_TI2_R12__seed691201__it0000154,CB1_CAUR_L_CF3_RI2_TI2_R12,ORIGINAL_PHASE6J_CAUR,L,CF3,40-60%,0.5795043016830969,ts_dd4eeac61cbd11bdd36d,STRUCTURED_NEAR_NEIGHBOR,ts_417246981fa55c6a7046,STRUCTURED_NEAR_NEIGHBOR,2,0.055146306527522,0.02240638428483733,0.01842641830444336,0.02240638428483733,False,False,False,0.5905797101449275,ts_417246981fa55c6a7046,0.055146306527522,0.02240638428483733,0.532608695652174,0.0,False,552,276,23,253,23.26062170541214,174.6826253599689,0.11751156985784471,0.36101626109187496,0.5582379600252945,0.7077785742898447,0.09494577450378555,False,0.014315189959757177,0.08450992428892981,0.08333333333333333
CB1_CAUR_L_CF3_RI2_TI2_R12__seed691201__it0000192,CB1_CAUR_L_CF3_RI2_TI2_R12,ORIGINAL_PHASE6J_CAUR,L,CF3,60-80%,0.7202779035849873,ts_4721dc4285cd60c3dab5,LOCAL_PERTURBATION,ts_6ee7e7cd1ef0e42fe9ad,ORIGINAL_OPERATOR,12,0.02081165452653486,0.015608740894901146,0.3660299777984619,0.0038501560874089485,False,False,False,0.4927536231884058,ts_6ee7e7cd1ef0e42fe9ad,0.02081165452653486,0.015608740894901146,0.5942028985507246,0.0,False,552,276,23,253,25.750796898166936,167.59816746975878,0.13318300918936127,0.18854773299969851,0.4507006813285362,0.6599809276171694,0.057648283038501565,True,0.036992715920915714,0.07741935483870968,0.7083333333333334
CB1_CAUR_L_CF3_RI2_TI2_R12__seed691201__it0000227,CB1_CAUR_L_CF3_RI2_TI2_R12,ORIGINAL_PHASE6J_CAUR,L,CF3,80-100%,0.8517811730274386,ts_795564988db9c8601fee,STRUCTURED_NEAR_NEIGHBOR,ts_ea78af6a8af0fdb6a2f1,STRUCTURED_NEAR_NEIGHBOR,10,0.021958717610891524,0.01778656126482214,0.07972103357315063,0.004391743522178311,False,False,False,0.5289855072463768,ts_ea78af6a8af0fdb6a2f1,0.021958717610891524,0.01778656126482214,0.6159420289855072,0.0,False,552,276,23,253,22.55231084960926,203.97473934301954,0.09955681156149675,0.1756664920786116,0.41903276774007947,0.6004578468063072,0.09365393061045235,True,0.013037988581466842,0.03491436100131752,0.3333333333333333
CB1_CAUR_L_CF3_RI2_TI2_R12__seed691201__it0000254,CB1_CAUR_L_CF3_RI2_TI2_R12,ORIGINAL_PHASE6J_CAUR,L,CF3,80-100%,0.9519933697705849,ts_59b1880d8bf02f4d2605,STRUCTURED_NEAR_NEIGHBOR,ts_68003dc236b5180aa7c3,LOCAL_PERTURBATION,4,-0.02030027489955593,0.039648974413195176,0.13859984278678894,0.007083950095157537,False,False,False,0.6654545454545454,ts_d027efc60b456751ad83,-0.03415098329456545,0.0534996828082047,0.48363636363636364,0.013850708395009521,False,552,275,23,252,13.586083312894706,119.07609785646443,0.10241112571148252,0.1678452943685854,0.376548666976742,0.5740285929910912,0.06290970606893634,True,0.02046768168041164,0.05942059632057517,0.4166666666666667
CB1_CAUR_L_CF3_RI2_TI2_R12__seed691202__it0000009,CB1_CAUR_L_CF3_RI2_TI2_R12,ORIGINAL_PHASE6J_CAUR,L,CF3,0-20%,0.04855460741002459,ts_4c39d861736e94c17eb3,STRUCTURED_NEAR_NEIGHBOR,ts_481aeb911ebe625b8214,LOCAL_PERTURBATION,4,0.013253527148353997,0.036126549807610084,0.003849923610687256,0.00587858058999572,False,False,False,0.7318840579710145,ts_49dd435c1b5dc3769d45,0.04350149636596836,0.00587858058999572,0.8405797101449275,-0.030247969217614364,False,552,276,23,253,20.516798382740276,182.26895774490825,0.10117475100088127,0.1967691406094011,0.43568663329372764,0.6310961427823495,0.1188542112013681,False,0.01850862191819866,0.05921333903377511,0.0
CB1_CAUR_L_CF3_RI2_TI2_R12__seed691202__it0000045,CB1_CAUR_L_CF3_RI2_TI2_R12,ORIGINAL_PHASE6J_CAUR,L,CF3,0-20%,0.18198230297271611,ts_25d5874f66743208cf80,MATCHED_RANDOM,ts_35e38f89b001d9897391,STRUCTURED_NEAR_NEIGHBOR,15,-0.005432372505543238,0.05886917960088692,0.26938849687576294,0.02860310421286031,False,False,False,0.48727272727272725,ts_35e38f89b001d9897391,-0.005432372505543238,0.05886917960088692,0.5963636363636363,0.0,False,552,275,23,252,46.00181437561526,197.21576638628093,0.18913852457339367,0.379374465530781,0.5681741901290556,0.7287566122534666,0.09379157427937915,False,0.014569475240206948,0.05099778270509978,0.16666666666666666
CB1_CAUR_L_CF3_RI2_TI2_R12__seed691202__it0000082,CB1_CAUR_L_CF3_RI2_TI2_R12,ORIGINAL_PHASE6J_CAUR,L,CF3,20-40%,0.3178329203062172,ts_e929accde8b4df1e24c9,ORIGINAL_OPERATOR,ts_b4457d2ced41cca9c414,STRUCTURED_NEAR_NEIGHBOR,19,-0.00258603540879252,0.04615078575691267,0.010163575410842896,0.004177441814203299,False,False,False,0.3781818181818182,ts_b4457d2ced41cca9c414,-0.00258603540879252,0.04615078575691267,0.4036363636363636,0.0,False,552,275,23,252,45.03046588551319,292.0939264290695,0.1335722567457939,0.17617295601976463,0.41257631734487854,0.643852635116645,0.06852993833300179,True,0.012946754194018964,0.04634971155758902,0.125
CB1_CAUR_L_CF3_RI2_TI2_R12__seed691202__it0000118,CB1_CAUR_L_CF3_RI2_TI2_R12,ORIGINAL_PHASE6J_CAUR,L,CF3,40-60%,0.4513364324808665,ts_45f34c56d3e9d58689a9,LOCAL_PERTURBATION,ts_d4338da9991c39b89b57,STRUCTURED_NEAR_NEIGHBOR,20,-0.025436850254368502,0.06226498562264986,0.09185582399368286,0.013492590134925903,False,False,False,0.5454545454545454,ts_859a9d7469908f62dcbe,0.014709135147091351,0.022119000221190004,0.5563636363636364,-0.040145985401459854,False,552,275,23,252,37.753348894850305,190.62978856840448,0.16530707702062525,0.18595658921602895,0.3603630753442514,0.5520363402428881,0.0694536606945366,False,0.017446361424463614,0.035390400353904006,0.25
CB1_CAUR_L_CF3_RI2_TI2_R12__seed691202__it0000152,CB1_CAUR_L_CF3_RI2_TI2_R12,ORIGINAL_PHASE6J_CAUR,L,CF3,40-60%,0.5788291499891466,ts_541186c984f0c5a358b0,STRUCTURED_NEAR_NEIGHBOR,ts_c643acc4d7790e9f2d5c,STRUCTURED_NEAR_NEIGHBOR,2,-0.001090988435522583,0.02116517564913812,0.06102347373962402,0.009709797076150994,False,False,False,0.6573705179282868,ts_541186c984f0c5a358b0,0.020074187213615535,0.0,0.6533864541832669,-0.02116517564913812,True,506,251,22,229,16.079129356859493,175.97513922075598,0.08372180153007838,0.14909075614035353,0.3155077035118651,0.5053272230489444,0.10288020946977962,True,0.015254864385394036,0.042548548985380755,0.30434782608695654
CB1_CAUR_L_CF3_RI2_TI2_R12__seed691202__it0000191,CB1_CAUR_L_CF3_RI2_TI2_R12,ORIGINAL_PHASE6J_CAUR,L,CF3,60-80%,0.72080069414214,ts_349c69243cd9c7c8f3f5,RELATED_VARIANT,ts_6510d766c6346dba647b,ORIGINAL_OPERATOR,2,0.03677433435181143,0.018005237887385422,0.2696058750152588,0.0016368398079441293,False,False,False,0.6095617529880478,ts_6510d766c6346dba647b,0.03677433435181143,0.018005237887385422,0.601593625498008,0.0,False,506,251,22,229,11.235458818228896,213.81456382097565,0.049924273219209336,0.14880708418303468,0.39210571355063895,0.5949118726356174,0.07616761239633348,True,0.02499383219782514,0.06918376254910519,0.17391304347826086
CB1_CAUR_L_CF3_RI2_TI2_R12__seed691202__it0000226,CB1_CAUR_L_CF3_RI2_TI2_R12,ORIGINAL_PHASE6J_CAUR,L,CF3,80-100%,0.8487854328526876,ts_f4770153d6484b0cc74a,RELATED_VARIANT,ts_fa0ca2a26c135e682bd0,ORIGINAL_OPERATOR,3,0.0023194836627672454,0.02591770875352965,0.28431499004364014,0.0002016942315449799,False,False,False,0.4746376811594203,ts_fa0ca2a26c135e682bd0,0.0023194836627672454,0.02591770875352965,0.3804347826086957,0.0,False,552,276,23,253,9.594228933332198,171.56825930153346,0.05295924684415844,0.1816234081003401,0.4839466588190863,0.6419018678929935,0.0463896732553449,True,0.027774976469006316,0.09318273497377975,0.6666666666666666
CB1_CAUR_L_CF3_RI2_TI2_R12__seed691202__it0000254,CB1_CAUR_L_CF3_RI2_TI2_R12,ORIGINAL_PHASE6J_CAUR,L,CF3,80-100%,0.9511203989071665,ts_af91ec6b3d70fd1ec729,RELATED_VARIANT,ts_af91ec6b3d70fd1ec729,RELATED_VARIANT,1,0.03930041152263374,0.0,0.060628682374954224,0.0004115226337448527,True,True,True,0.6509090909090909,ts_ceccc847e24402a058cd,0.02088477366255144,0.018415637860082303,0.5818181818181818,0.018415637860082303,False,552,275,23,252,10.008315730346263,145.0613178273609,0.06454078403829977,0.13341378580706165,0.35777212855059576,0.558219408647366,0.050411522633744855,True,0.011042524005486968,0.04794238683127572,0.125
CB1_CAUR_L_CF3_RI2_TI2_R12__seed721201__it0000015,CB1_CAUR_L_CF3_RI2_TI2_R12,NEW_ALNS_EXPANSION,L,CF3,0-20%,0.049833083016380585,ts_799746d59885e56a6209,STRUCTURED_NEAR_NEIGHBOR,ts_a6b3f08a13fdb751973a,STRUCTURED_NEAR_NEIGHBOR,4,0.013891747273101461,0.013685943609796254,0.27781540155410767,0.0033957604445359127,False,False,False,0.5,,,,,,False,552,276,23,253,14.732497031121069,188.89234202137953,0.0723511782731113,0.16728083490070914,0.398164624606787,0.6323789252842142,0.06441654661452974,False,0.0165929203539823,0.04486519860053509,0.20833333333333334
CB1_CAUR_L_CF3_RI2_TI2_R12__seed721201__it0000072,CB1_CAUR_L_CF3_RI2_TI2_R12,NEW_ALNS_EXPANSION,L,CF3,0-20%,0.180671242207589,ts_dee52e9598d078268317,RELATED_VARIANT,ts_10b0e1fbfc5844554845,RELATED_VARIANT,7,0.0033625433054819643,0.02425106990014265,0.27545440196990967,0.007744039127776645,False,False,False,0.5490909090909091,,,,,,False,552,275,23,252,16.80259712170772,129.93398557260878,0.11450857593372676,0.214537401806101,0.4513090287377838,0.6645125557793016,0.05359690238434889,True,0.014188913796617075,0.07784797228449154,0.25
CB1_CAUR_L_CF3_RI2_TI2_R12__seed721201__it0000133,CB1_CAUR_L_CF3_RI2_TI2_R12,NEW_ALNS_EXPANSION,L,CF3,20-40%,0.31997863145349825,ts_4ca5792948d3291ea40f,ORIGINAL_OPERATOR,ts_e63818a94762ebdea3c1,STRUCTURED_NEAR_NEIGHBOR,13,-0.018890852850198852,0.040764471939902784,0.20383256673812866,0.00022094564737074399,False,False,False,0.5672727272727273,,,,,,False,552,275,23,252,20.52727046929363,168.9692424224744,0.10832532037683403,0.14711891729607834,0.3865851007359338,0.5763769236252936,0.07169686257180734,False,0.012980556783031373,0.042863455589924875,0.25
CB1_CAUR_L_CF3_RI2_TI2_R12__seed721201__it0000189,CB1_CAUR_L_CF3_RI2_TI2_R12,NEW_ALNS_EXPANSION,L,CF3,40-60%,0.4492860567212726,ts_cc9502e052b57fe3cd77,STRUCTURED_NEAR_NEIGHBOR,ts_5387575eee3f694fcc00,RELATED_VARIANT,3,0.007896335290544645,0.04160761287710063,0.23283928632736206,0.001822231220894914,False,False,False,0.7608695652173914,,,,,,False,552,276,23,253,19.168731635023885,155.98547187589645,0.1094391755995098,0.14604491794945768,0.3672550830209124,0.5704121599853248,0.1179388540190322,True,0.012316933252345277,0.07288924883579671,0.125
CB1_CAUR_L_CF3_RI2_TI2_R12__seed721201__it0000246,CB1_CAUR_L_CF3_RI2_TI2_R12,NEW_ALNS_EXPANSION,L,CF3,40-60%,0.5793947582950566,ts_7ae8146c5fd8867bc2e5,RELATED_VARIANT,ts_3bdebe98bc6f363cc1ff,STRUCTURED_NEAR_NEIGHBOR,5,0.011267006802721089,0.03571428571428572,0.1561298370361328,0.011692176870748305,False,False,False,0.6363636363636364,,,,,,False,506,253,22,231,31.896370759178414,166.24504293753972,0.16097780955575533,0.2126080876940854,0.4629582962521685,0.658784778959954,0.12648809523809523,False,0.020805604850635907,0.042942176870748305,0.21739130434782608
CB1_CAUR_L_CF3_RI2_TI2_R12__seed721201__it0000306,CB1_CAUR_L_CF3_RI2_TI2_R12,NEW_ALNS_EXPANSION,L,CF3,60-80%,0.7194321280217455,ts_7142825c06d925947689,STRUCTURED_NEAR_NEIGHBOR,ts_8c24d856f16ce3cc8fde,STRUCTURED_NEAR_NEIGHBOR,21,0.026449968132568516,0.005736137667304013,0.2636733055114746,0.0016995963458678563,False,False,True,0.5253623188405797,,,,,,False,552,276,23,253,28.281666871256867,137.65055292574397,0.17044108073679884,0.12229234537412179,0.33435884330986565,0.5747070198422055,0.06554068408752922,True,0.007081651441116068,0.01763331208837901,0.25
CB1_CAUR_L_CF3_RI2_TI2_R12__seed721201__it0000362,CB1_CAUR_L_CF3_RI2_TI2_R12,NEW_ALNS_EXPANSION,L,CF3,80-100%,0.8508700263388124,ts_59072657c1c8e9cbd147,RELATED_VARIANT,ts_9cfcf77d9ea08b0dc3c1,STRUCTURED_NEAR_NEIGHBOR,3,-0.03606853020739405,0.0598512173128945,0.192607581615448,0.0031559963931469814,False,False,False,0.6485507246376812,,,,,,False,552,276,23,253,19.850943924940356,156.82299879564175,0.11235920599980909,0.20907756147739967,0.45914032067896315,0.6242338806314255,0.08476104598737602,True,0.030057108506161705,0.06559963931469792,0.2916666666666667
CB1_CAUR_L_CF3_RI2_TI2_R12__seed721201__it0000404,CB1_CAUR_L_CF3_RI2_TI2_R12,NEW_ALNS_EXPANSION,L,CF3,80-100%,0.9492199718688177,ts_cc7439299f4482ae7aac,RELATED_VARIANT,ts_a2edcbe8af3d0fd92065,RELATED_VARIANT,4,0.004508566275924256,0.02547339945897205,0.01834559440612793,0.01149684400360685,False,False,False,0.6123188405797102,,,,,,False,552,276,23,253,15.763016024407625,152.7089050901638,0.09356464816286977,0.17155964244708508,0.3626834397597233,0.5552952733589244,0.08836789900811542,False,0.00687556357078449,0.03291253381424707,0.041666666666666664
CB1_CAUR_L_CF3_RI2_TI2_R12__seed721202__it0000015,CB1_CAUR_L_CF3_RI2_TI2_R12,NEW_ALNS_EXPANSION,L,CF3,0-20%,0.0498480270820278,ts_06cc0601673b5d3fbd99,RELATED_VARIANT,ts_2d7dfe447815c806cf62,STRUCTURED_NEAR_NEIGHBOR,7,-0.017650701899256813,0.0564616019818332,0.12769821286201477,0.01610239471511148,False,False,False,0.5927272727272728,,,,,,False,552,275,23,252,27.87908312167658,212.58726532780724,0.11593756590657965,0.25528683092636306,0.465697474436042,0.6629741846736038,0.0930016515276631,False,0.00762111202862648,0.0342691990090834,0.08333333333333333
CB1_CAUR_L_CF3_RI2_TI2_R12__seed721202__it0000073,CB1_CAUR_L_CF3_RI2_TI2_R12,NEW_ALNS_EXPANSION,L,CF3,0-20%,0.18042276183615916,ts_33efe4215ea93f42f775,RELATED_VARIANT,ts_cd33366df4f13431b24d,STRUCTURED_NEAR_NEIGHBOR,7,0.04278587874136608,0.018419033000767457,0.2650344967842102,0.009017651573292401,False,False,False,0.6956521739130435,,,,,,False,552,276,23,253,28.807754295902125,134.726736047823,0.17615705552603933,0.2210114534115979,0.4630299489895391,0.6447932957380811,0.08633921719109747,True,0.01686812484011256,0.05832693783576362,0.20833333333333334
CB1_CAUR_L_CF3_RI2_TI2_R12__seed721202__it0000133,CB1_CAUR_L_CF3_RI2_TI2_R12,NEW_ALNS_EXPANSION,L,CF3,20-40%,0.3189196920000421,ts_5fb3ca919dfd63ba7110,RELATED_VARIANT,ts_bcfe90a30b132a164558,STRUCTURED_NEAR_NEIGHBOR,9,0.02163818722139673,0.019316493313521546,0.3996257781982422,0.005664933135215454,False,False,False,0.7282608695652174,,,,,,False,552,276,23,253,25.342352155197784,140.80427464486178,0.15253004315094948,0.1952495930215822,0.45069523074351175,0.621053429235098,0.09426077265973254,True,0.007375247647350174,0.03176077265973254,0.08333333333333333
CB1_CAUR_L_CF3_RI2_TI2_R12__seed721202__it0000191,CB1_CAUR_L_CF3_RI2_TI2_R12,NEW_ALNS_EXPANSION,L,CF3,40-60%,0.4508599215956873,ts_5e05fa684a6f7c01471d,LOCAL_PERTURBATION,ts_c3fb20ab2a00e1b26088,STRUCTURED_NEAR_NEIGHBOR,17,-0.005496784899398465,0.04905621240406555,0.3359622359275818,0.018253474382908114,False,False,False,0.45652173913043476,,,,,,False,552,276,23,253,48.87465010680116,206.4050285395354,0.1914553103716176,0.24296733899980483,0.427606771917165,0.6031707721940804,0.10651317154117403,True,0.011287423079582382,0.05600497822028625,0.125
CB1_CAUR_L_CF3_RI2_TI2_R12__seed721202__it0000246,CB1_CAUR_L_CF3_RI2_TI2_R12,NEW_ALNS_EXPANSION,L,CF3,40-60%,0.5791324549726761,ts_5547e029728e8caaa374,STRUCTURED_NEAR_NEIGHBOR,ts_33c24b8ed1cc6c993827,STRUCTURED_NEAR_NEIGHBOR,2,0.013300593411090649,0.021485573971761818,0.11491584777832031,0.011663597298956413,False,False,False,0.7137681159420289,,,,,,False,552,276,23,253,14.021871222604023,148.27691808350028,0.08639541479362495,0.1851979301415179,0.39223470474105065,0.6214751057768303,0.0747902598731328,False,0.04413921287770275,0.05934110906486597,0.625
CB1_CAUR_L_CF3_RI2_TI2_R12__seed721202__it0000307,CB1_CAUR_L_CF3_RI2_TI2_R12,NEW_ALNS_EXPANSION,L,CF3,60-80%,0.720468405114908,ts_a5cc7592684d17e7cbb7,ORIGINAL_OPERATOR,ts_8e1272269b16942b10e1,STRUCTURED_NEAR_NEIGHBOR,8,0.017505697120364615,0.014398176921483326,0.1243245005607605,0.00041433602651751167,False,False,False,0.7608695652173914,,,,,,False,552,276,23,253,15.230095646342207,106.54549486187796,0.12506690037618118,0.13125771611344453,0.3498209846327162,0.5664167258735003,0.0650507561632484,False,0.009288032594434087,0.031489538015330436,0.16666666666666666
CB1_CAUR_L_CF3_RI2_TI2_R12__seed721202__it0000362,CB1_CAUR_L_CF3_RI2_TI2_R12,NEW_ALNS_EXPANSION,L,CF3,80-100%,0.8505265803060105,ts_b8fbe7b2b7589887e22c,STRUCTURED_NEAR_NEIGHBOR,ts_50c65f5bc91ad5670b01,RELATED_VARIANT,2,-0.03120176405733186,0.03836824696802646,0.04073929786682129,0.007166482910694598,False,False,False,0.5345454545454545,,,,,,False,552,275,23,252,14.132619890057715,149.96893598996982,0.0861211815711844,0.20125436609609754,0.42716147037575836,0.643855113805711,0.06328555678059536,True,0.023658581403895627,0.03969128996692392,0.16666666666666666
CB1_CAUR_L_CF3_RI2_TI2_R12__seed721202__it0000404,CB1_CAUR_L_CF3_RI2_TI2_R12,NEW_ALNS_EXPANSION,L,CF3,80-100%,0.9488562184263178,ts_016cc7cb6cddd75229b1,ORIGINAL_OPERATOR,ts_016cc7cb6cddd75229b1,ORIGINAL_OPERATOR,1,0.03608809419973834,0.0,0.14469099044799805,0.001199302224160495,True,True,True,0.6981818181818182,,,,,,False,552,275,23,252,9.500256270357932,144.62012109010314,0.061641792169626376,0.11010628687714577,0.31436315181486024,0.5677640997033052,0.09856083733100741,True,0.008386029946213113,0.02573048408198866,0.16666666666666666
CB1_CAUR_L_CF3_RI2_TI2_R12__seed721203__it0000015,CB1_CAUR_L_CF3_RI2_TI2_R12,NEW_ALNS_EXPANSION,L,CF3,0-20%,0.05109931932236806,ts_908a6ba8ae53cdc320ae,STRUCTURED_NEAR_NEIGHBOR,ts_908a6ba8ae53cdc320ae,STRUCTURED_NEAR_NEIGHBOR,1,0.022190841234617713,0.0,0.052933692932128906,0.0047407706273956025,True,True,True,0.6557971014492754,,,,,,False,552,276,23,253,12.600175621404837,157.59632453928134,0.07403310649460323,0.2255713031409831,0.47912731665798886,0.6157739609582147,0.08593907605406496,True,0.022342142424853745,0.06737946338511197,0.20833333333333334
CB1_CAUR_L_CF3_RI2_TI2_R12__seed721203__it0000070,CB1_CAUR_L_CF3_RI2_TI2_R12,NEW_ALNS_EXPANSION,L,CF3,0-20%,0.17976864459008346,ts_e0b0a11acfec218a5c1e,STRUCTURED_NEAR_NEIGHBOR,ts_b4ff1a36a6d3a6f8429c,RELATED_VARIANT,7,0.017066878348878746,0.04207183965072435,0.057663142681121826,0.0028775550704504826,False,False,False,0.4601449275362319,,,,,,False,552,276,23,253,18.499908151967514,299.036859261485,0.058260680495873046,0.13147695293790895,0.3438483938095083,0.5935651464996671,0.06410001984520738,True,0.02124264073559569,0.055169676523119666,0.125
CB1_CAUR_L_CF3_RI2_TI2_R12__seed721203__it0000130,CB1_CAUR_L_CF3_RI2_TI2_R12,NEW_ALNS_EXPANSION,L,CF3,20-40%,0.3206722252676836,ts_00b607de9c366c88d500,ORIGINAL_OPERATOR,ts_ce296688db40be9464ad,STRUCTURED_NEAR_NEIGHBOR,8,-0.026331967213114753,0.026331967213114753,0.0648033618927002,0.026331967213114753,False,False,False,0.6340579710144928,,,,,,False,552,276,23,253,33.769154344259455,152.46181007593793,0.1813294284835754,0.2628640516667004,0.4222988985313331,0.608522503709186,0.11301229508196722,False,0.006881830601092896,0.04262295081967213,0.0
CB1_CAUR_L_CF3_RI2_TI2_R12__seed721203__it0000186,CB1_CAUR_L_CF3_RI2_TI2_R12,NEW_ALNS_EXPANSION,L,CF3,40-60%,0.45111200384699607,ts_3222c9455f4e99b4969f,LOCAL_PERTURBATION,ts_60dcf60d22ce46f16561,ORIGINAL_OPERATOR,2,0.0,0.022051065625659422,0.032955825328826904,0.02004642329605402,False,False,False,0.8188405797101449,,,,,,False,552,276,23,253,17.13101937511467,113.99272259576392,0.13064773104873195,0.19321249007603125,0.3599055861722333,0.5752494139396573,0.10825068579869171,True,0.016019554055004572,0.053175775480059084,0.20833333333333334
CB1_CAUR_L_CF3_RI2_TI2_R12__seed721203__it0000242,CB1_CAUR_L_CF3_RI2_TI2_R12,NEW_ALNS_EXPANSION,L,CF3,40-60%,0.5800900936830926,ts_72d83f42c3edc4db49fe,RELATED_VARIANT,ts_84432f294eac4cd22273,STRUCTURED_NEAR_NEIGHBOR,14,0.007264425072644251,0.018472395184723954,0.06133300065994263,0.0030095475300954758,False,False,False,0.6014492753623188,,,,,,False,552,276,23,253,26.222565398280256,193.44057329621347,0.11937626656036475,0.13612917747370706,0.3483559535233378,0.581740076431723,0.0896637608966376,True,0.011917116369171164,0.04379410543794106,0.08333333333333333
CB1_CAUR_L_CF3_RI2_TI2_R12__seed721203__it0000302,CB1_CAUR_L_CF3_RI2_TI2_R12,NEW_ALNS_EXPANSION,L,CF3,60-80%,0.7194351828415354,ts_07130362128bb9c11d84,STRUCTURED_NEAR_NEIGHBOR,ts_21b03fd75588108a4aaa,ORIGINAL_OPERATOR,6,0.0,0.021668472372697724,0.21293681859970093,0.008017334777898158,False,False,False,0.6014492753623188,,,,,,False,552,276,23,253,14.605461403997191,152.00486281827318,0.08766240310841983,0.18860113227967884,0.3715623860767952,0.5429423788915867,0.07551462621885158,True,0.023600577825929937,0.062405200433369445,0.4583333333333333
CB1_CAUR_L_CF3_RI2_TI2_R12__seed721203__it0000357,CB1_CAUR_L_CF3_RI2_TI2_R12,NEW_ALNS_EXPANSION,L,CF3,80-100%,0.8496664176611395,ts_3fa27a31a246b6389654,RELATED_VARIANT,ts_b065acc6980e6a1ae4d5,RELATED_VARIANT,7,0.03412784398699892,0.013651137594799564,0.1410517692565918,0.01105092091007584,False,False,False,0.6313868613138686,,,,,,False,552,274,23,251,18.924409722068937,229.57006566876981,0.07615625937882169,0.1767808306487759,0.3642101341962205,0.6161047155118112,0.07822318526543878,True,0.02112676056338028,0.05698808234019502,0.25
CB1_CAUR_L_CF3_RI2_TI2_R12__seed721203__it0000400,CB1_CAUR_L_CF3_RI2_TI2_R12,NEW_ALNS_EXPANSION,L,CF3,80-100%,0.9497874761747751,ts_6d97278c4bd14f1bfec3,STRUCTURED_NEAR_NEIGHBOR,ts_b2607dd6335c1a494c09,RELATED_VARIANT,2,-0.003425390708627703,0.04870477413830015,0.009478092193603516,0.011667737101263106,False,False,False,0.6690909090909091,,,,,,False,552,275,23,252,14.091736714041266,187.2627708697258,0.06998470947157143,0.14044800741485608,0.31616798074560365,0.5258838976634937,0.10051380860629415,True,0.01106115749661029,0.056733033611646326,0.125
CB1_CAUR_L_CF3_RI2_TI2_R12__seed721204__it0000015,CB1_CAUR_L_CF3_RI2_TI2_R12,NEW_ALNS_EXPANSION,L,CF3,0-20%,0.05099825160654231,ts_834daf44cc87b7cdc224,RELATED_VARIANT,ts_7e363590b4e5c2e13b92,STRUCTURED_NEAR_NEIGHBOR,9,0.044657939189189186,0.026815878378378386,0.15275424718856812,0.026815878378378386,False,False,False,0.6945454545454546,,,,,,False,552,275,23,252,35.65701451099569,104.04025488161557,0.25524489251671534,0.4508301816598364,0.6307716218498416,0.7455122324386421,0.07833614864864866,False,0.012290610923423423,0.057432432432432436,0.20833333333333334
CB1_CAUR_L_CF3_RI2_TI2_R12__seed721204__it0000070,CB1_CAUR_L_CF3_RI2_TI2_R12,NEW_ALNS_EXPANSION,L,CF3,0-20%,0.1787303775519354,ts_99bd0d82736ce34785a9,ORIGINAL_OPERATOR,ts_d33986aa0733cce4ccff,ORIGINAL_OPERATOR,24,0.011937460384534122,0.035495457426579335,0.15568828582763672,0.0003169237270230288,False,False,False,0.509090909090909,,,,,,False,552,275,23,252,128.90590870407277,165.78974050106024,0.43742046769867104,0.1730562616359561,0.47906004621098597,0.665420400422958,0.05651806465244032,True,0.02317944925698993,0.06359602788928798,0.2916666666666667
CB1_CAUR_L_CF3_RI2_TI2_R12__seed721204__it0000131,CB1_CAUR_L_CF3_RI2_TI2_R12,NEW_ALNS_EXPANSION,L,CF3,20-40%,0.3193733119563253,ts_f5b9bca1bc806d4a6459,STRUCTURED_NEAR_NEIGHBOR,ts_97fd375f5b9a19cf34f7,STRUCTURED_NEAR_NEIGHBOR,2,-0.035506039150354024,0.060079133694294046,0.14752531051635742,0.0016659725114535617,False,False,False,0.6798418972332015,,,,,,False,506,253,22,231,19.72865322413742,180.890116214145,0.09833902021917577,0.1704751661831967,0.44019368919214125,0.6666933713781968,0.10912119950020824,False,0.00524238089201963,0.06372344856309871,0.0
CB1_CAUR_L_CF3_RI2_TI2_R12__seed721204__it0000187,CB1_CAUR_L_CF3_RI2_TI2_R12,NEW_ALNS_EXPANSION,L,CF3,40-60%,0.44948664830604446,ts_61dcd277b3d5072385b1,STRUCTURED_NEAR_NEIGHBOR,ts_61dcd277b3d5072385b1,STRUCTURED_NEAR_NEIGHBOR,1,0.040156218706188664,0.0,0.15875113010406494,0.0013018225515721987,True,True,True,0.5652173913043478,,,,,,False,552,276,23,253,12.753810902612788,222.4863314468479,0.05421613324679247,0.14183080009069646,0.3858423659329646,0.595827277145685,0.07139995994392148,True,0.0077859002603645104,0.04406168636090527,0.125
CB1_CAUR_L_CF3_RI2_TI2_R12__seed721204__it0000243,CB1_CAUR_L_CF3_RI2_TI2_R12,NEW_ALNS_EXPANSION,L,CF3,40-60%,0.5806871418579725,ts_80cfa33fd0b0bc7ec0a5,MATCHED_RANDOM,ts_c65dd85f5546df79281b,ORIGINAL_OPERATOR,20,0.008024691358024692,0.025102880658436216,0.10373950004577637,0.002674897119341567,False,False,False,0.5398550724637681,,,,,,False,552,276,23,253,33.909343738568104,138.90467488005413,0.19621870962564417,0.18746271076467963,0.482861208212895,0.6839511938420817,0.05133744855967079,False,0.01625514403292181,0.044238683127572016,0.375
CB1_CAUR_L_CF3_RI2_TI2_R12__seed721204__it0000304,CB1_CAUR_L_CF3_RI2_TI2_R12,NEW_ALNS_EXPANSION,L,CF3,60-80%,0.720847794404406,ts_0ad4b8ca6ed00badc83a,STRUCTURED_NEAR_NEIGHBOR,ts_ef331264d065cbbb4224,STRUCTURED_NEAR_NEIGHBOR,2,0.025512214342001578,0.008274231678486996,0.1179572343826294,0.008274231678486996,False,False,True,0.6956521739130435,,,,,,False,552,276,23,253,9.356574807076791,177.5518027420436,0.05005968662168629,0.14120844460137733,0.3112864099805355,0.5267576307320877,0.07565011820330969,True,0.012025545048594695,0.03447596532702916,0.25
CB1_CAUR_L_CF3_RI2_TI2_R12__seed721204__it0000361,CB1_CAUR_L_CF3_RI2_TI2_R12,NEW_ALNS_EXPANSION,L,CF3,80-100%,0.8509391073662027,ts_7c6c0aaa103ff9e8cbd2,STRUCTURED_NEAR_NEIGHBOR,ts_a0afd794c6d0b60a5770,STRUCTURED_NEAR_NEIGHBOR,2,0.0032147880249146074,0.010347598955193892,0.09562700986862183,0.0019087803897930473,False,False,False,0.6304347826086957,,,,,,False,552,276,23,253,12.234294522930577,177.28255268767415,0.06455518178463021,0.10233003401768383,0.290895461107719,0.5370879506262405,0.09312839059674503,True,0.01408981314044605,0.028732167972674305,0.25
CB1_CAUR_L_CF3_RI2_TI2_R12__seed721204__it0000403,CB1_CAUR_L_CF3_RI2_TI2_R12,NEW_ALNS_EXPANSION,L,CF3,80-100%,0.9497866165028094,ts_b4a1d2cdd9ca2c6840fb,MATCHED_RANDOM,ts_27573dc87b51102726c7,RELATED_VARIANT,17,0.0004385003288752467,0.026090769568077175,0.29871881008148193,0.018197763648322735,False,False,False,0.5362318840579711,,,,,,False,552,276,23,253,34.34207619275576,168.93170571700037,0.16894493657820567,0.2513128154591166,0.4050633528283032,0.5598527610209604,0.0769568077176058,False,0.002886793831762041,0.02324051743038807,0.08333333333333333
CB1_CAUR_M_CF1_RI2_TI2_R12_C02__seed691201__it0000014,CB1_CAUR_M_CF1_RI2_TI2_R12_C02,ORIGINAL_PHASE6J_CAUR,M,CF1,0-20%,0.04893398656396386,ts_38ea05bb17431637c18d,ORIGINAL_OPERATOR,ts_cc45754d1e1cb5139e84,STRUCTURED_NEAR_NEIGHBOR,24,0.00635593220338983,0.006961259079903147,0.05769181251525879,0.00045399515738498743,False,False,True,0.5253623188405797,ts_b38bc70e5287fafb28cb,0.011652542372881356,0.0016646489104116206,0.5108695652173914,-0.005296610169491526,True,552,276,23,253,95.2530639091991,142.03001747619214,0.40143217693001315,0.10328029354219963,0.2957597581005454,0.5376698526496456,0.04539951573849879,True,0.04954852703793381,0.08837772397094432,0.6666666666666666
CB1_CAUR_M_CF1_RI2_TI2_R12_C02__seed691201__it0000056,CB1_CAUR_M_CF1_RI2_TI2_R12_C02,ORIGINAL_PHASE6J_CAUR,M,CF1,0-20%,0.18014476119648093,ts_99f117a29d3f1e6c2da5,STRUCTURED_NEAR_NEIGHBOR,ts_99f117a29d3f1e6c2da5,STRUCTURED_NEAR_NEIGHBOR,1,0.0370259779038519,0.0,0.11103856563568115,0.013884741713944465,True,True,True,0.6702898550724637,ts_4738a869bf0d67358c3f,0.015228426395939087,0.02179755150791281,0.6159420289855072,0.02179755150791281,False,552,276,23,253,17.57889514936402,126.86952900403594,0.12169669037507637,0.21284708970114505,0.40293978400479946,0.5742951074604683,0.08062108091967751,True,0.011645267243953419,0.05583756345177665,0.2916666666666667
CB1_CAUR_M_CF1_RI2_TI2_R12_C02__seed691201__it0000101,CB1_CAUR_M_CF1_RI2_TI2_R12_C02,ORIGINAL_PHASE6J_CAUR,M,CF1,20-40%,0.32102658191464967,ts_9c76081137e83159de22,LOCAL_PERTURBATION,ts_70391764e182a264e3b7,RELATED_VARIANT,16,0.008133971291866028,0.03413078149920255,0.04516926407814026,0.009569377990430623,False,False,False,0.5398550724637681,ts_3cccb0b18b09439c4e32,0.008771929824561403,0.03349282296650718,0.6123188405797102,-0.0006379585326953749,False,552,276,23,253,28.949510314475344,146.53955419140686,0.16496475376393027,0.2140387874865485,0.45054062359480296,0.6461657478120054,0.07129186602870813,False,0.011164274322169062,0.03476874003189793,0.25
CB1_CAUR_M_CF1_RI2_TI2_R12_C02__seed691201__it0000143,CB1_CAUR_M_CF1_RI2_TI2_R12_C02,ORIGINAL_PHASE6J_CAUR,M,CF1,40-60%,0.4513658896410981,ts_2c5a25db983d8fa38195,LOCAL_PERTURBATION,ts_769d3a4bf81ad33c67f0,STRUCTURED_NEAR_NEIGHBOR,12,-0.03838349678728441,0.0735542779844437,0.34564387798309326,0.029083530605343258,False,False,False,0.6254545454545455,ts_882bf6868f873eec5047,0.006087250591816029,0.029083530605343258,0.6945454545454546,-0.044470747379100437,False,552,275,23,252,33.86238097352383,150.02300217332692,0.18414938911420353,0.29329510837653006,0.4395399825338824,0.6218187894472663,0.08589786946229286,False,0.015852215082854244,0.060196144741291854,0.20833333333333334
CB1_CAUR_M_CF1_RI2_TI2_R12_C02__seed691201__it0000184,CB1_CAUR_M_CF1_RI2_TI2_R12_C02,ORIGINAL_PHASE6J_CAUR,M,CF1,40-60%,0.5786400423589179,ts_f83ede2e9b79c9b6192e,STRUCTURED_NEAR_NEIGHBOR,ts_471118128d8d04a0442f,STRUCTURED_NEAR_NEIGHBOR,2,-0.0001587301587301585,0.023015873015873017,0.0460972785949707,0.007619047619047619,False,False,False,0.5688405797101449,ts_2dd5f31a0c4f5dbae904,-0.025555555555555554,0.04841269841269841,0.5108695652173914,0.025396825396825397,False,552,276,23,253,12.828658001755018,176.19332667394633,0.06786860281762841,0.19843918723770443,0.42423029309715304,0.6200257143821537,0.05333333333333333,True,0.009179894179894179,0.037460317460317465,0.125
CB1_CAUR_M_CF1_RI2_TI2_R12_C02__seed691201__it0000230,CB1_CAUR_M_CF1_RI2_TI2_R12_C02,ORIGINAL_PHASE6J_CAUR,M,CF1,60-80%,0.7200883827008044,ts_a2f0e45ea485f596c9d1,RELATED_VARIANT,ts_2c53035e7711269820ed,STRUCTURED_NEAR_NEIGHBOR,10,-0.0035559678416821274,0.03153988868274583,0.07683396339416504,0.014069264069264072,False,False,False,0.5854545454545454,ts_45a8e84c82ea2979d074,0.0,0.0279839208410637,0.5454545454545454,-0.0035559678416821274,True,552,275,23,252,28.661574671156426,170.0463140962766,0.144239742311901,0.19692921500855534,0.3598352192807255,0.5276936391624053,0.10513296227581943,False,0.007305194805194805,0.03432282003710575,0.16666666666666666
CB1_CAUR_M_CF1_RI2_TI2_R12_C02__seed691201__it0000272,CB1_CAUR_M_CF1_RI2_TI2_R12_C02,ORIGINAL_PHASE6J_CAUR,M,CF1,80-100%,0.8491299730938517,ts_d4c1d6be75e63f206019,RELATED_VARIANT,ts_d4c1d6be75e63f206019,RELATED_VARIANT,1,0.033497536945812804,0.0,0.1902761310338974,0.011165845648604265,True,True,True,0.48188405797101447,ts_3126d300ff28133e1abe,0.02233169129720854,0.011165845648604265,0.6413043478260869,0.011165845648604265,False,552,276,23,253,11.917696988134118,154.54092223511412,0.0715955535600745,0.1882379490760074,0.36468494033199,0.5590858228529499,0.06715927750410508,True,0.007211275314723591,0.04302134646962233,0.125
CB1_CAUR_M_CF1_RI2_TI2_R12_C02__seed691201__it0000304,CB1_CAUR_M_CF1_RI2_TI2_R12_C02,ORIGINAL_PHASE6J_CAUR,M,CF1,80-100%,0.9501596729233304,ts_34ac6a6d0c41311f15a0,RELATED_VARIANT,ts_af780987913ab6478300,STRUCTURED_NEAR_NEIGHBOR,16,0.011258955987717503,0.002047082906857728,0.041839599609375,0.002047082906857728,True,True,True,0.7381818181818182,ts_4b2944ed806b51776215,-0.015694302285909244,0.029000341180484474,0.68,0.026953258273626747,False,552,275,23,252,18.13843875024268,76.1261011558095,0.19242059387676613,0.10609604178307445,0.29772645671093656,0.4907289642606938,0.08887751620607301,False,0.004435346298191744,0.037188672807915386,0.041666666666666664
CB1_CAUR_M_CF1_RI2_TI2_R12_C02__seed691202__it0000014,CB1_CAUR_M_CF1_RI2_TI2_R12_C02,ORIGINAL_PHASE6J_CAUR,M,CF1,0-20%,0.0490747751453175,ts_998605113d087903acef,ORIGINAL_OPERATOR,ts_e0a47a7b911c5c1c1067,STRUCTURED_NEAR_NEIGHBOR,15,0.0148975791433892,0.02157045313469895,0.047429293394088745,0.004189944134078215,False,False,False,0.5054945054945055,ts_e0a47a7b911c5c1c1067,0.0148975791433892,0.02157045313469895,0.4652014652014652,0.0,False,552,273,23,250,26.24944381921155,220.11167474512055,0.10654864684890222,0.15646648115821346,0.36129764244415496,0.5446661927622746,0.08038485412787089,True,0.04486085247258431,0.08597144630664183,0.5833333333333334
CB1_CAUR_M_CF1_RI2_TI2_R12_C02__seed691202__it0000056,CB1_CAUR_M_CF1_RI2_TI2_R12_C02,ORIGINAL_PHASE6J_CAUR,M,CF1,0-20%,0.1806416208547357,ts_280e9bf24774e7389af5,ORIGINAL_OPERATOR,ts_bacc11e932454001f88c,RELATED_VARIANT,10,0.04799745708836618,0.005880483153210422,0.043108075857162476,0.0033375715193897024,False,False,True,0.5905797101449275,ts_280e9bf24774e7389af5,0.053877940241576605,0.0,0.5144927536231884,-0.005880483153210422,True,552,276,23,253,22.86305520877067,162.90115102046292,0.1230756757335565,0.1687123438932419,0.42960602877238646,0.6726929343351687,0.06246026700572155,True,0.033812778130959946,0.09345200254291164,0.5
CB1_CAUR_M_CF1_RI2_TI2_R12_C02__seed691202__it0000101,CB1_CAUR_M_CF1_RI2_TI2_R12_C02,ORIGINAL_PHASE6J_CAUR,M,CF1,20-40%,0.31968333155541623,ts_c60be27024959922ce86,LOCAL_PERTURBATION,ts_9117af61cba18248b4dd,STRUCTURED_NEAR_NEIGHBOR,7,0.058608640406607376,0.005082592121982199,0.0016672611236572266,0.0015883100381194337,False,False,True,0.5471014492753623,ts_45e23d7914c4c7311058,0.02716010165184244,0.036531130876747135,0.5108695652173914,0.031448538754764936,False,552,276,23,253,18.30471727937151,238.79798174588188,0.07119613037424226,0.1352688469809845,0.36398289499698916,0.6160816257527422,0.06512071156289707,False,0.009900465904277848,0.042884371029224905,0.125
CB1_CAUR_M_CF1_RI2_TI2_R12_C02__seed691202__it0000143,CB1_CAUR_M_CF1_RI2_TI2_R12_C02,ORIGINAL_PHASE6J_CAUR,M,CF1,40-60%,0.45154573052970326,ts_9b7d5b52cc1c70e93e20,ORIGINAL_OPERATOR,ts_cd12747846b9502404a9,ORIGINAL_OPERATOR,18,0.013418725221103996,0.04620311070448307,0.31010669469833374,0.03781640744129307,False,False,False,0.5555555555555556,ts_2f1c3d14596a57808c51,0.012503812137846905,0.04711802378774016,0.5753968253968254,0.0009149130832570903,False,506,252,22,230,43.177068755968776,115.18644713514776,0.27264530288437994,0.4539175719372412,0.5783924990185185,0.7229594498510381,0.09926806953339432,False,0.02344299030722516,0.06922842329978651,0.4782608695652174
CB1_CAUR_M_CF1_RI2_TI2_R12_C02__seed691202__it0000184,CB1_CAUR_M_CF1_RI2_TI2_R12_C02,ORIGINAL_PHASE6J_CAUR,M,CF1,40-60%,0.5804012321367558,ts_95d4257377fa2e5aa18f,STRUCTURED_NEAR_NEIGHBOR,ts_4dd07f8bdfee1936b33d,LOCAL_PERTURBATION,9,0.0,0.038757206918641894,0.09983217716217041,0.019859064702114026,False,False,False,0.610909090909091,ts_daf975370b75de19ebdd,0.012491992312620116,0.026265214606021776,0.5818181818181818,-0.012491992312620116,True,552,275,23,252,20.963017497879026,142.3689827739366,0.12834605259834303,0.2213068136942234,0.3796714193985703,0.5718499732213435,0.08392056374119154,False,0.007086803331197949,0.04548366431774503,0.125
CB1_CAUR_M_CF1_RI2_TI2_R12_C02__seed691202__it0000228,CB1_CAUR_M_CF1_RI2_TI2_R12_C02,ORIGINAL_PHASE6J_CAUR,M,CF1,60-80%,0.7191004487178407,ts_f24f46a98d075d915e4e,MATCHED_RANDOM,ts_9dcaf739fb0f82186453,RELATED_VARIANT,19,0.02538560411311054,0.04755784061696658,0.03901773691177368,0.025064267352185088,False,False,False,0.5457875457875457,ts_394400d97533bb0fc38e,-0.014781491002570694,0.08772493573264781,0.304029304029304,0.040167095115681235,False,552,273,23,250,50.65479360995509,236.73506319927958,0.1762581121419989,0.29344928648976976,0.47776837445544235,0.6719125385871748,0.09832904884318766,False,0.0023430805484147385,0.013817480719794346,0.041666666666666664
CB1_CAUR_M_CF1_RI2_TI2_R12_C02__seed691202__it0000271,CB1_CAUR_M_CF1_RI2_TI2_R12_C02,ORIGINAL_PHASE6J_CAUR,M,CF1,80-100%,0.8513875122736287,ts_64ad1e37cd5d25485ff2,ORIGINAL_OPERATOR,ts_8b9f3d761a7c351b4ba0,STRUCTURED_NEAR_NEIGHBOR,12,-0.005920663114268799,0.07356423919478981,0.022165656089782715,0.006216696269982239,False,False,False,0.49454545454545457,ts_8b9f3d761a7c351b4ba0,-0.005920663114268799,0.07356423919478981,0.32,0.0,False,552,275,23,252,33.446453599577026,260.4274385030049,0.11381226607194474,0.171524466769795,0.4067555563045859,0.6281815023576791,0.09709887507400829,True,0.047130945332543916,0.11870929544108941,0.3333333333333333
CB1_CAUR_M_CF1_RI2_TI2_R12_C02__seed691202__it0000302,CB1_CAUR_M_CF1_RI2_TI2_R12_C02,ORIGINAL_PHASE6J_CAUR,M,CF1,80-100%,0.9489676196577871,ts_bbba41d913495c40e9ce,ORIGINAL_OPERATOR,ts_f4e1401e78fd9879b53f,LOCAL_PERTURBATION,22,-0.025472604934315926,0.042614546619673184,0.05704164505004883,0.00016020506247997612,False,False,False,0.5672727272727273,ts_d2b71cc92d1afbcd3961,-0.010092918936238386,0.027234860621595643,0.5672727272727273,-0.01537968599807754,False,552,275,23,252,49.138572028564504,218.45970216616166,0.18362813503351408,0.11975642790990257,0.3510121149788429,0.5439332449580734,0.10157000961230375,True,0.030892876214888388,0.06408202499198974,0.4583333333333333
CB1_CAUR_M_CF1_RI2_TI2_R12_C02__seed721201__it0000028,CB1_CAUR_M_CF1_RI2_TI2_R12_C02,NEW_ALNS_EXPANSION,M,CF1,0-20%,0.05069650280359997,ts_da06fa91a0c0c6c124d7,MATCHED_RANDOM,ts_ebb78043aab96c9de90a,STRUCTURED_NEAR_NEIGHBOR,14,0.00028248587570621486,0.0039548022598870055,0.08288854360580444,0.0039548022598870055,False,True,True,0.7246376811594203,,,,,,False,552,276,23,253,16.071670238620296,123.81502556796092,0.11489062734630821,0.11462779449274955,0.30450850403551033,0.54386845634802,0.07824858757062146,True,0.017761299435028247,0.05875706214689265,0.16666666666666666
CB1_CAUR_M_CF1_RI2_TI2_R12_C02__seed721201__it0000106,CB1_CAUR_M_CF1_RI2_TI2_R12_C02,NEW_ALNS_EXPANSION,M,CF1,0-20%,0.18059014198300627,ts_d846ad36b9c607b2e1fe,RELATED_VARIANT,ts_e58f105caa14a826ecbf,STRUCTURED_NEAR_NEIGHBOR,5,0.020972644376899698,0.013677811550151978,0.12796282768249512,0.009726443768996965,False,False,False,0.6363636363636364,,,,,,False,552,275,23,252,23.348692182705975,272.03221152143345,0.0790460449199945,0.15458518673478172,0.3491418488008338,0.587381931156458,0.08115501519756839,False,0.005547112462006078,0.045592705167173245,0.041666666666666664
CB1_CAUR_M_CF1_RI2_TI2_R12_C02__seed721201__it0000190,CB1_CAUR_M_CF1_RI2_TI2_R12_C02,NEW_ALNS_EXPANSION,M,CF1,20-40%,0.3205897089916791,ts_2ca25fb08d416a112c7d,RELATED_VARIANT,ts_2ca25fb08d416a112c7d,RELATED_VARIANT,1,0.006155167477812768,0.0,0.08269858360290527,0.0008588605782994564,True,True,True,0.64,,,,,,False,552,275,23,252,8.335586437043697,134.98986525028127,0.05815845224216278,0.09915153760662161,0.28708591723838506,0.5228154130799353,0.07801316919553392,True,0.016199064796259186,0.05181792155740052,0.20833333333333334
CB1_CAUR_M_CF1_RI2_TI2_R12_C02__seed721201__it0000268,CB1_CAUR_M_CF1_RI2_TI2_R12_C02,NEW_ALNS_EXPANSION,M,CF1,40-60%,0.45054923600002794,ts_7377c9006dc5d5f92d3b,STRUCTURED_NEAR_NEIGHBOR,ts_1dc821509afa4d6ac0aa,ORIGINAL_OPERATOR,6,-0.02528699968973007,0.061588582066397765,0.04951810836791992,0.024511324852621776,False,False,False,0.5875912408759124,,,,,,False,552,274,23,251,34.98662136372279,178.72073297410802,0.1637127625866145,0.3354099987493346,0.5284363933794396,0.7170355103926073,0.08765125659323611,False,0.026347088633778052,0.06825938566552901,0.20833333333333334
CB1_CAUR_M_CF1_RI2_TI2_R12_C02__seed721201__it0000346,CB1_CAUR_M_CF1_RI2_TI2_R12_C02,NEW_ALNS_EXPANSION,M,CF1,40-60%,0.5803059004446189,ts_b1d8c72bc1f3cc4b5d64,ORIGINAL_OPERATOR,ts_28816b31ce985bfeb423,RELATED_VARIANT,13,-0.004014129736673089,0.013808606294155427,0.015065252780914307,0.0025690430314707774,False,False,False,0.6618181818181819,,,,,,False,552,275,23,252,12.693359596012417,96.87957569444339,0.11584393137196587,0.11789144736061297,0.2979327898358134,0.5064709335264556,0.07113037893384715,True,0.027831299507600087,0.061335902376364805,0.5416666666666666
CB1_CAUR_M_CF1_RI2_TI2_R12_C02__seed721201__it0000430,CB1_CAUR_M_CF1_RI2_TI2_R12_C02,NEW_ALNS_EXPANSION,M,CF1,60-80%,0.7199190419488666,ts_311ed3bd95f93f5bf128,STRUCTURED_NEAR_NEIGHBOR,ts_4002a6e7b05d9c51ae78,MATCHED_RANDOM,3,0.03007270323859881,0.031064111037673498,0.04419296979904175,0.00033046926635822704,False,False,False,0.6654545454545454,,,,,,False,552,275,23,252,20.06206598912303,165.12255497604139,0.10833548641653651,0.14466959155515377,0.3785279507007474,0.5950189328989804,0.0806345009914078,False,0.006003525005507822,0.031725049570389956,0.041666666666666664
CB1_CAUR_M_CF1_RI2_TI2_R12_C02__seed721201__it0000508,CB1_CAUR_M_CF1_RI2_TI2_R12_C02,NEW_ALNS_EXPANSION,M,CF1,80-100%,0.8499929780171862,ts_4613a8d6c834c670b514,RELATED_VARIANT,ts_1a3e803edefecb4d8fca,STRUCTURED_NEAR_NEIGHBOR,10,0.011896893588896233,0.04923992068737608,0.2554631233215332,0.022141440846001323,False,False,False,0.4087301587301587,,,,,,False,506,252,22,230,29.995841980526954,159.06540883503226,0.15865674140593578,0.3422046142098873,0.5113904908280894,0.6835798903381665,0.07666886979510906,False,0.01196873473375672,0.0472571050892267,0.13043478260869565
CB1_CAUR_M_CF1_RI2_TI2_R12_C02__seed721201__it0000567,CB1_CAUR_M_CF1_RI2_TI2_R12_C02,NEW_ALNS_EXPANSION,M,CF1,80-100%,0.9502811642051734,ts_8d6e88eba8e2fd8ba583,STRUCTURED_NEAR_NEIGHBOR,ts_89e8ca8be3a7eb037312,STRUCTURED_NEAR_NEIGHBOR,12,0.012227362855254461,0.002974223397224059,0.43092164397239685,0.002974223397224059,False,True,True,0.5854545454545454,,,,,,False,552,275,23,252,15.756010543804734,160.98992162874697,0.08914496843085824,0.10063150585561055,0.2662300438943621,0.47544404728505024,0.07832121612690021,True,0.011690350297422339,0.05320555188367482,0.20833333333333334
CB1_CAUR_M_CF1_RI2_TI2_R12_C02__seed721202__it0000027,CB1_CAUR_M_CF1_RI2_TI2_R12_C02,NEW_ALNS_EXPANSION,M,CF1,0-20%,0.04987818817110557,ts_f46a7fa3f0cd47bbe9ca,STRUCTURED_NEAR_NEIGHBOR,ts_ac627589797af8048e47,RELATED_VARIANT,14,-0.01717877094972067,0.055865921787709494,0.3960949182510376,0.009078212290502798,False,False,False,0.6472727272727272,,,,,,False,552,275,23,252,27.54845238765194,141.0423876134992,0.16340420622771581,0.20528344952074973,0.44215796743060254,0.607014248321586,0.08128491620111733,True,0.022008845437616387,0.06815642458100558,0.5
CB1_CAUR_M_CF1_RI2_TI2_R12_C02__seed721202__it0000106,CB1_CAUR_M_CF1_RI2_TI2_R12_C02,NEW_ALNS_EXPANSION,M,CF1,0-20%,0.1796020828719792,ts_d7041f10d936be053686,LOCAL_PERTURBATION,ts_c492040fc122981d8557,ORIGINAL_OPERATOR,8,-0.05602716468590832,0.06182795698924731,0.24142396450042725,0.005800792303338993,False,False,False,0.463768115942029,,,,,,False,552,276,23,253,28.627941599570082,172.02968368087733,0.14267058906711608,0.24189901138585107,0.49559242934291,0.663220810111204,0.07258064516129033,True,0.034262403320128275,0.0730050933786078,0.16666666666666666
CB1_CAUR_M_CF1_RI2_TI2_R12_C02__seed721202__it0000190,CB1_CAUR_M_CF1_RI2_TI2_R12_C02,NEW_ALNS_EXPANSION,M,CF1,20-40%,0.319564911760748,ts_cc6a45d37f057ba2e23b,RELATED_VARIANT,ts_fdad39e79911a54aff4d,STRUCTURED_NEAR_NEIGHBOR,3,-0.03361344537815126,0.04081632653061224,0.16234558820724487,0.004501800720288115,False,False,False,0.4891304347826087,,,,,,False,552,276,23,253,20.902483032501173,270.6655335499089,0.07168990370585866,0.15389291283330342,0.3819835777554166,0.5925780885095004,0.07518007202881152,False,0.006915266106442577,0.028211284513805522,0.08333333333333333
CB1_CAUR_M_CF1_RI2_TI2_R12_C02__seed721202__it0000269,CB1_CAUR_M_CF1_RI2_TI2_R12_C02,NEW_ALNS_EXPANSION,M,CF1,40-60%,0.44916004030771245,ts_342d41cd5a82d3a36163,RELATED_VARIANT,ts_faaf384adce0badc84c5,RELATED_VARIANT,14,0.005580357142857143,0.044483418367346934,0.050900161266326904,0.006536989795918366,False,False,False,0.5905797101449275,,,,,,False,552,276,23,253,27.171716884758315,221.30856531454924,0.10935160184245007,0.14500262961389293,0.35063497907684127,0.5912542117686914,0.07302295918367346,True,0.01472151360544218,0.05229591836734694,0.16666666666666666
CB1_CAUR_M_CF1_RI2_TI2_R12_C02__seed721202__it0000345,CB1_CAUR_M_CF1_RI2_TI2_R12_C02,NEW_ALNS_EXPANSION,M,CF1,40-60%,0.5805715182564782,ts_122886389e21c7e12417,STRUCTURED_NEAR_NEIGHBOR,ts_37331003eb677d8b966d,RELATED_VARIANT,12,-0.018650664936749918,0.043139798897178075,0.03176301717758179,0.0019461563412260796,False,False,False,0.5328467153284672,,,,,,False,552,274,23,251,15.777332414403999,115.53084048806599,0.12015499161748841,0.157482721627893,0.3941537967226991,0.6184293191999701,0.04524813493350632,False,0.019718347929505893,0.028543626337982485,0.4166666666666667
CB1_CAUR_M_CF1_RI2_TI2_R12_C02__seed721202__it0000426,CB1_CAUR_M_CF1_RI2_TI2_R12_C02,NEW_ALNS_EXPANSION,M,CF1,60-80%,0.7196982810256354,ts_cc2ad5c8a061b96dc7bc,ORIGINAL_OPERATOR,ts_ce7cc84e13e978df97dc,STRUCTURED_NEAR_NEIGHBOR,10,-0.02870580603308466,0.02870580603308466,0.07848244905471802,0.0037301329873499836,False,False,False,0.6556776556776557,,,,,,False,552,273,23,250,20.746886762393434,145.2625224142988,0.12497416179772963,0.1540781285330286,0.3811538555667664,0.6025864651247669,0.07995458968537139,False,0.013825819007460265,0.058060330846578,0.0
CB1_CAUR_M_CF1_RI2_TI2_R12_C02__seed721202__it0000503,CB1_CAUR_M_CF1_RI2_TI2_R12_C02,NEW_ALNS_EXPANSION,M,CF1,80-100%,0.850754421367509,ts_fa4c26f51d53f6767dbd,MATCHED_RANDOM,ts_cac78e42eb0beca357cb,RELATED_VARIANT,22,0.011932003922850605,0.012912716574043807,0.09859487414360046,0.0013076168682576023,False,False,False,0.6436363636363637,,,,,,False,552,275,23,252,24.059628222640836,156.20687301590124,0.1334669950175787,0.09025826857965835,0.26045963548993467,0.49326472284190126,0.08908139915004905,True,0.011904761904761904,0.04380516508662961,0.08333333333333333
CB1_CAUR_M_CF1_RI2_TI2_R12_C02__seed721202__it0000563,CB1_CAUR_M_CF1_RI2_TI2_R12_C02,NEW_ALNS_EXPANSION,M,CF1,80-100%,0.9505365985300408,ts_da1a59a22c4268ffa01b,STRUCTURED_NEAR_NEIGHBOR,ts_3871a9853cb077d49723,RELATED_VARIANT,3,0.020757825370675453,0.04481054365733113,0.09784406423568726,0.02306425041186161,False,False,False,0.605072463768116,,,,,,False,552,276,23,253,23.880373800819665,112.98318799263339,0.17448306538199415,0.3458621376905687,0.5061167781894008,0.6490710585981571,0.08105436573311367,False,0.004049972542559034,0.025041186161449756,0.08333333333333333
CB1_CAUR_M_CF1_RI2_TI2_R12_C02__seed721203__it0000026,CB1_CAUR_M_CF1_RI2_TI2_R12_C02,NEW_ALNS_EXPANSION,M,CF1,0-20%,0.049490988102560446,ts_69a15eade574308dd14a,RELATED_VARIANT,ts_b45fdf73a00a8a39afb8,RELATED_VARIANT,6,0.03825779870512066,0.003678634490876985,0.1407984495162964,0.0029429075927015907,False,True,True,0.5454545454545454,,,,,,False,552,275,23,252,17.77279943272221,165.70630347887518,0.09686552392446225,0.11429429842737787,0.309561100326637,0.5148532747431931,0.07842848734549734,True,0.011146262507357271,0.041494997057092406,0.0
CB1_CAUR_M_CF1_RI2_TI2_R12_C02__seed721203__it0000105,CB1_CAUR_M_CF1_RI2_TI2_R12_C02,NEW_ALNS_EXPANSION,M,CF1,0-20%,0.17961470205132835,ts_43a6105da444e43f3a7a,STRUCTURED_NEAR_NEIGHBOR,ts_4d9c4d1deef9fb77acc8,STRUCTURED_NEAR_NEIGHBOR,3,0.030053827751196173,0.010466507177033492,0.20399832725524902,0.010466507177033492,False,False,False,0.7854545454545454,,,,,,False,552,275,23,252,21.83432430326829,126.68269470646649,0.14701563799793965,0.1852496081023978,0.4196584767141708,0.5883075777755653,0.09360047846889952,False,0.005233253588516745,0.04874401913875598,0.041666666666666664
CB1_CAUR_M_CF1_RI2_TI2_R12_C02__seed721203__it0000189,CB1_CAUR_M_CF1_RI2_TI2_R12_C02,NEW_ALNS_EXPANSION,M,CF1,20-40%,0.31985824598291984,ts_b586237af2f35e1d75e7,RELATED_VARIANT,ts_87972ea5aac2e707762e,STRUCTURED_NEAR_NEIGHBOR,18,0.00993181144381856,0.04239549362585236,0.0775575339794159,0.005781203676252594,False,False,False,0.32,,,,,,False,552,275,23,252,40.15613613493867,299.78999411732906,0.11812499852591217,0.15024127973968576,0.3614796099620718,0.5894990804186493,0.07485917580788616,True,0.016009487103468723,0.07322857989919952,0.125
CB1_CAUR_M_CF1_RI2_TI2_R12_C02__seed721203__it0000266,CB1_CAUR_M_CF1_RI2_TI2_R12_C02,NEW_ALNS_EXPANSION,M,CF1,40-60%,0.4495414336068699,ts_7dab27f1eb800184a5e9,STRUCTURED_NEAR_NEIGHBOR,ts_5ec8f3cb3e6cb113c317,STRUCTURED_NEAR_NEIGHBOR,8,-0.019011406844106463,0.024129862532904358,0.12861871719360352,0.005118455688797894,False,False,False,0.6485507246376812,,,,,,False,552,276,23,253,20.02304554708534,151.29046067660846,0.11687955017942434,0.10792091411225004,0.2814027253545124,0.48181792711538135,0.14214682655747293,True,0.01572097104416496,0.09037730330505997,0.041666666666666664
CB1_CAUR_M_CF1_RI2_TI2_R12_C02__seed721203__it0000343,CB1_CAUR_M_CF1_RI2_TI2_R12_C02,NEW_ALNS_EXPANSION,M,CF1,40-60%,0.5796783100512639,ts_d3f997b6c095e8e0d229,RELATED_VARIANT,ts_a80244ad13c58f9cdc3d,RELATED_VARIANT,11,-0.013227513227513229,0.04046062869592281,0.13827145099639893,0.00933706816059757,False,False,False,0.572992700729927,,,,,,False,552,274,23,251,22.232233330733425,107.75270356275738,0.17103699753264828,0.22708396823655502,0.44205580341449024,0.6523358648377326,0.05897914721444133,False,0.010698723934018052,0.049797696856520385,0.16666666666666666
CB1_CAUR_M_CF1_RI2_TI2_R12_C02__seed721203__it0000426,CB1_CAUR_M_CF1_RI2_TI2_R12_C02,NEW_ALNS_EXPANSION,M,CF1,60-80%,0.7205889984272803,ts_8e1ff03e1ab7e087ed4f,LOCAL_PERTURBATION,ts_e53b02c4ff8986b4a33a,STRUCTURED_NEAR_NEIGHBOR,16,0.0038923126824521566,0.04849172883554979,0.17721498012542725,0.01119039896204995,False,False,False,0.6014492753623188,,,,,,False,552,276,23,253,32.06217118396242,161.14670824424684,0.16594564017372598,0.1738059774485431,0.3646143524144276,0.5760104810656069,0.0968212779759974,False,0.008379284246945616,0.04249108011676938,0.08333333333333333
CB1_CAUR_M_CF1_RI2_TI2_R12_C02__seed721203__it0000503,CB1_CAUR_M_CF1_RI2_TI2_R12_C02,NEW_ALNS_EXPANSION,M,CF1,80-100%,0.8512173124445248,ts_587ae315c2ef709fd2b5,MATCHED_RANDOM,ts_fbff8fa282662bf75d8b,STRUCTURED_NEAR_NEIGHBOR,11,0.031035609278013722,0.03332244364586736,0.047210901975631714,0.007023848415550468,False,False,False,0.6304347826086957,,,,,,False,552,276,23,253,28.66995609637707,152.18007887846522,0.15852889439786558,0.16885890004590148,0.37062842349949077,0.5364320861479897,0.12740934335184578,True,0.020921812043994337,0.07513884351519112,0.041666666666666664
CB1_CAUR_M_CF1_RI2_TI2_R12_C02__seed721203__it0000562,CB1_CAUR_M_CF1_RI2_TI2_R12_C02,NEW_ALNS_EXPANSION,M,CF1,80-100%,0.9494969813333741,ts_55af04b3a882c2d48178,ORIGINAL_OPERATOR,ts_983e8204f8f067656c18,RELATED_VARIANT,16,0.03642384105960265,0.01788079470198676,0.20840239524841309,0.01788079470198676,False,False,False,0.712,,,,,,False,506,250,22,228,27.635834701230156,111.0684766021177,0.1992427952782973,0.1879135783103707,0.3404888115412573,0.5394032497390926,0.08129139072847683,False,0.007126403685574431,0.046688741721854304,0.13043478260869565
CB1_CAUR_M_CF1_RI2_TI2_R12_C02__seed721204__it0000026,CB1_CAUR_M_CF1_RI2_TI2_R12_C02,NEW_ALNS_EXPANSION,M,CF1,0-20%,0.05009756550420689,ts_5d4eae479322f3cfe4b4,ORIGINAL_OPERATOR,ts_958e64ab79be552b6114,STRUCTURED_NEAR_NEIGHBOR,24,-0.013143176733780761,0.025587248322147652,0.04419177770614624,0.002237136465324384,False,False,False,0.6313868613138686,,,,,,False,552,274,23,251,128.36911928473882,127.11950174447807,0.5024455444145159,0.12531795858969438,0.3444250463932288,0.5984791875142534,0.05662751677852349,True,0.026729120059656972,0.057885906040268456,0.4583333333333333
CB1_CAUR_M_CF1_RI2_TI2_R12_C02__seed721204__it0000105,CB1_CAUR_M_CF1_RI2_TI2_R12_C02,NEW_ALNS_EXPANSION,M,CF1,0-20%,0.18014588235911283,ts_374752ecd755a4625cca,RELATED_VARIANT,ts_5f767d5f9efcc0b59526,STRUCTURED_NEAR_NEIGHBOR,6,-0.018332347723240685,0.02069781194559432,0.04444754123687744,0.002365464222353637,False,False,False,0.7427536231884058,,,,,,False,552,276,23,253,17.167278741801226,144.23294797330018,0.10636465072694332,0.13196883984371297,0.3715631398610244,0.6113529820316819,0.09609698403311649,False,0.008624088310664302,0.04642223536369013,0.0
CB1_CAUR_M_CF1_RI2_TI2_R12_C02__seed721204__it0000188,CB1_CAUR_M_CF1_RI2_TI2_R12_C02,NEW_ALNS_EXPANSION,M,CF1,20-40%,0.32005069647869894,ts_23def2e6b1aa06c0656f,LOCAL_PERTURBATION,ts_de144f9ce2ec98dc0b0b,STRUCTURED_NEAR_NEIGHBOR,5,-0.0017361111111111112,0.029079861111111112,0.3862914443016052,0.011574074074074073,False,False,False,0.7065217391304348,,,,,,False,552,276,23,253,13.846488684733549,80.74127203748698,0.14638774170156177,0.21640976712717439,0.3876315648773566,0.567291822756547,0.06828703703703703,True,0.021906346450617287,0.0708912037037037,0.3333333333333333
CB1_CAUR_M_CF1_RI2_TI2_R12_C02__seed721204__it0000265,CB1_CAUR_M_CF1_RI2_TI2_R12_C02,NEW_ALNS_EXPANSION,M,CF1,40-60%,0.4502568604786777,ts_5543ab43871b88ef63b8,LOCAL_PERTURBATION,ts_5ff6765144d42c2ea6e9,STRUCTURED_NEAR_NEIGHBOR,11,-0.044689317416590144,0.055402509947964494,0.130324125289917,0.005203550658096115,False,False,False,0.6403162055335968,,,,,,False,506,253,22,231,21.326175147829478,115.00390038662239,0.15643045061205266,0.16777619625406212,0.3861900200113355,0.6110034726200437,0.0682583409856137,True,0.05227505622762539,0.09274563820018365,0.6086956521739131
CB1_CAUR_M_CF1_RI2_TI2_R12_C02__seed721204__it0000344,CB1_CAUR_M_CF1_RI2_TI2_R12_C02,NEW_ALNS_EXPANSION,M,CF1,40-60%,0.5806243503247348,ts_051a1d71eaa40db35616,RELATED_VARIANT,ts_376271e6d2087f657e0d,STRUCTURED_NEAR_NEIGHBOR,2,0.01957406827435014,0.04447228311932351,0.04820674657821655,0.011274663326025669,False,False,False,0.6036363636363636,,,,,,False,552,275,23,252,24.859878601381286,141.74972255765863,0.14921036019797493,0.33003847781731727,0.5774885686115354,0.7073612782532218,0.10523019104290635,False,0.014015032884434701,0.047604134043219545,0.375
CB1_CAUR_M_CF1_RI2_TI2_R12_C02__seed721204__it0000426,CB1_CAUR_M_CF1_RI2_TI2_R12_C02,NEW_ALNS_EXPANSION,M,CF1,60-80%,0.7195679168888511,ts_04d94d97fa13c76c8360,STRUCTURED_NEAR_NEIGHBOR,ts_cd12f2002e85150a1899,RELATED_VARIANT,16,-0.013477537437603996,0.017637271214642265,0.023290514945983887,0.003161397670549085,False,False,False,0.52,,,,,,False,552,275,23,252,24.222678426705173,172.04427821679786,0.12341699713978324,0.13337021059097823,0.35565951151359415,0.6147552661998031,0.07487520798668885,True,0.04836383804769828,0.09051580698835274,0.3333333333333333
CB1_CAUR_M_CF1_RI2_TI2_R12_C02__seed721204__it0000503,CB1_CAUR_M_CF1_RI2_TI2_R12_C02,NEW_ALNS_EXPANSION,M,CF1,80-100%,0.8501062255726359,ts_2c7ccfc0e6456b04cfa3,ORIGINAL_OPERATOR,ts_8c10672ce787523f9025,STRUCTURED_NEAR_NEIGHBOR,20,0.04592866756393001,0.021029609690444144,0.18769016861915588,0.008580080753701202,False,False,False,0.5328467153284672,,,,,,False,552,274,23,251,52.73236422380831,229.99110807166957,0.18651569250924113,0.17990055683413222,0.4134060357224841,0.5865350143895067,0.0797442799461642,True,0.01596848362494392,0.048452220726783304,0.08333333333333333
CB1_CAUR_M_CF1_RI2_TI2_R12_C02__seed721204__it0000561,CB1_CAUR_M_CF1_RI2_TI2_R12_C02,NEW_ALNS_EXPANSION,M,CF1,80-100%,0.9503358927180764,ts_da1e8cbf34a84be81412,STRUCTURED_NEAR_NEIGHBOR,ts_da1e8cbf34a84be81412,STRUCTURED_NEAR_NEIGHBOR,1,0.042732166890982505,0.0,0.10252267122268677,0.015814266487214,True,True,True,0.6436363636363637,,,,,,False,552,275,23,252,17.141857957568845,208.12806279012386,0.07609474847184816,0.19270457871167698,0.3762505941477341,0.554795159143927,0.10413862718707942,False,0.0032806191117092875,0.03196500672947511,0.041666666666666664
CB1_CAUR_M_CF1_RI2_TI2_R12__seed691201__it0000015,CB1_CAUR_M_CF1_RI2_TI2_R12,ORIGINAL_PHASE6J_CAUR,M,CF1,0-20%,0.04991880242085787,ts_239fd29ed3da82b35109,STRUCTURED_NEAR_NEIGHBOR,ts_d9fd0a79834b0c0cde15,RELATED_VARIANT,13,-0.05731111749497271,0.07742028152829647,0.37614312767982483,0.0034472852628555026,False,False,False,0.4927007299270073,ts_d9fd0a79834b0c0cde15,-0.05731111749497271,0.07742028152829647,0.4233576642335766,0.0,False,552,274,23,251,28.248879653639555,276.7083419994252,0.09263226986563038,0.1411848307812363,0.345932359421661,0.5430002856594179,0.08948577994829073,False,0.008666092119122858,0.03504740017236427,0.08333333333333333
CB1_CAUR_M_CF1_RI2_TI2_R12__seed691201__it0000056,CB1_CAUR_M_CF1_RI2_TI2_R12,ORIGINAL_PHASE6J_CAUR,M,CF1,0-20%,0.17869774164915853,ts_63bd5793c2d63457b3d3,STRUCTURED_NEAR_NEIGHBOR,ts_22f264ff792565697f58,STRUCTURED_NEAR_NEIGHBOR,5,-0.027364663890541346,0.05651397977394408,0.1952519416809082,0.011302795954788815,False,False,False,0.6472727272727272,ts_63bd5793c2d63457b3d3,0.029149315883402735,0.0,0.5745454545454546,-0.05651397977394408,True,552,275,23,252,29.100620679944903,176.85146291393085,0.14129801540308495,0.24118978573537203,0.4741911919142242,0.6896568713229878,0.08967876264128495,True,0.015838786436644856,0.0678167757287329,0.125
CB1_CAUR_M_CF1_RI2_TI2_R12__seed691201__it0000101,CB1_CAUR_M_CF1_RI2_TI2_R12,ORIGINAL_PHASE6J_CAUR,M,CF1,20-40%,0.3213272603859782,ts_1a04abab1a7778521f49,LOCAL_PERTURBATION,ts_b9a52fb01ffeaf1ac17a,RELATED_VARIANT,3,0.03664053075995175,0.03196622436670687,0.3827693462371826,0.03196622436670687,False,False,False,0.68,ts_4c4b827ed391d55e89da,0.0212605548854041,0.04734620024125452,0.5745454545454546,0.01537997587454765,False,552,275,23,252,39.28760000722468,151.30262257385246,0.206136492602666,0.41631552452386533,0.5611786194822402,0.6933633724160356,0.10750904704463209,False,0.019601930036188178,0.06423401688781664,0.2916666666666667
CB1_CAUR_M_CF1_RI2_TI2_R12__seed691201__it0000141,CB1_CAUR_M_CF1_RI2_TI2_R12,ORIGINAL_PHASE6J_CAUR,M,CF1,40-60%,0.4508111847716735,ts_1d7615c44c22a450be28,STRUCTURED_NEAR_NEIGHBOR,ts_946088459b29b81e11ee,ORIGINAL_OPERATOR,9,-0.007059930969563853,0.026357075619705052,0.13898110389709473,0.00015688735487919686,False,False,False,0.5952380952380952,ts_b519275872a385453f03,0.00015688735487919686,0.019140257295262003,0.6349206349206349,-0.0072168183244430495,False,506,252,22,230,11.841246756233133,116.96724014011808,0.09192908822662804,0.08920976124121875,0.26369300129469364,0.5084911041196182,0.05491057420771886,True,0.0043792035579323626,0.03420144336366489,0.08695652173913043
CB1_CAUR_M_CF1_RI2_TI2_R12__seed691201__it0000181,CB1_CAUR_M_CF1_RI2_TI2_R12,ORIGINAL_PHASE6J_CAUR,M,CF1,40-60%,0.5812747223857226,ts_43091ffe8e14e580a6a4,STRUCTURED_NEAR_NEIGHBOR,ts_a877ea74043211295f12,STRUCTURED_NEAR_NEIGHBOR,16,0.01738305941845765,0.0316055625790139,0.046979039907455444,0.011219974715549932,False,False,False,0.4801587301587302,ts_c65c07f988fe8bb43d90,-0.005056890012642225,0.054045512010113775,0.46825396825396826,0.022439949431099875,False,506,252,22,230,32.64282729068189,142.35743035862208,0.18653016703608108,0.26067642450344125,0.48732473781386754,0.6568397738435668,0.08438685208596713,True,0.014909580607926127,0.05404551201011378,0.30434782608695654
CB1_CAUR_M_CF1_RI2_TI2_R12__seed691201__it0000224,CB1_CAUR_M_CF1_RI2_TI2_R12,ORIGINAL_PHASE6J_CAUR,M,CF1,60-80%,0.7193503885263406,ts_99bd0cf300a57aa59c4b,RELATED_VARIANT,ts_e2e97dabfd96449c7b4e,RELATED_VARIANT,9,0.0024622960911049553,0.04893813481071099,0.17829394340515137,0.005540166204986152,False,False,False,0.6290909090909091,ts_de72fa0491fa69b3683a,0.028316405047706987,0.023084025854108958,0.5381818181818182,-0.02585410895660203,True,552,275,23,252,31.00138653677131,208.22417137174315,0.12959061234012037,0.16766115654107186,0.3993168753489341,0.5809737031361899,0.11449676823638044,False,0.012157586949830717,0.04893813481071099,0.20833333333333334
CB1_CAUR_M_CF1_RI2_TI2_R12__seed691201__it0000266,CB1_CAUR_M_CF1_RI2_TI2_R12,ORIGINAL_PHASE6J_CAUR,M,CF1,80-100%,0.8491068448071785,ts_233898ca33dc304d311e,RELATED_VARIANT,ts_7d7816268612d3025147,ORIGINAL_OPERATOR,8,0.060411311053984576,0.008354755784061696,0.1622105836868286,0.0030526992287917692,False,False,True,0.7391304347826086,ts_7d7816268612d3025147,0.060411311053984576,0.008354755784061696,0.6014492753623188,0.0,False,552,276,23,253,20.977976800554544,191.5950363923331,0.09868598316155607,0.1208283224675856,0.3160166002831734,0.557733340710002,0.0960796915167095,True,0.03540059982862039,0.06780205655526993,0.2916666666666667
CB1_CAUR_M_CF1_RI2_TI2_R12__seed691201__it0000299,CB1_CAUR_M_CF1_RI2_TI2_R12,ORIGINAL_PHASE6J_CAUR,M,CF1,80-100%,0.9491967418243324,ts_2d64b46fae4a520fa76b,STRUCTURED_NEAR_NEIGHBOR,ts_c00e7a7a1effc47663b6,RELATED_VARIANT,12,-0.03257070225611694,0.056720686367969494,0.04298436641693115,0.024149984111852558,False,False,False,0.42391304347826086,ts_245204f4268da26b2860,-0.041309183349221484,0.06545916746107404,0.35507246376811596,0.008738481093104544,False,552,276,23,253,44.056371522556304,215.68008543693992,0.16961951371126366,0.25832518705140944,0.4415071640224613,0.6346194067063412,0.10470289164283443,False,0.013478445079970341,0.044804575786463297,0.041666666666666664
CB1_CAUR_M_CF1_RI2_TI2_R12__seed691202__it0000015,CB1_CAUR_M_CF1_RI2_TI2_R12,ORIGINAL_PHASE6J_CAUR,M,CF1,0-20%,0.04938214701720873,ts_9a4c30cd0ce8d9e4aa85,LOCAL_PERTURBATION,ts_2ea4f546586dad5c2395,ORIGINAL_OPERATOR,7,-0.006060606060606061,0.0580542264752791,0.15850621461868286,0.024880382775119614,False,False,False,0.6126482213438735,ts_4d340dbc21a6287c88fa,-0.02711323763955343,0.07910685805422647,0.6007905138339921,0.021052631578947368,False,506,253,22,231,35.51128736976976,180.19402123071268,0.16462871312797323,0.30266052993089143,0.5367123824482489,0.692793635484221,0.13110047846889952,False,0.0013729977116704805,0.022647527910685805,0.0
CB1_CAUR_M_CF1_RI2_TI2_R12__seed691202__it0000057,CB1_CAUR_M_CF1_RI2_TI2_R12,ORIGINAL_PHASE6J_CAUR,M,CF1,0-20%,0.18044054915764973,ts_bc5d25a848337e51ae5f,ORIGINAL_OPERATOR,ts_77725ad5c65d0784efe3,LOCAL_PERTURBATION,17,0.028695913461538464,0.023888221153846152,0.07214608788490295,0.018179086538461543,False,False,False,0.5418181818181819,ts_11a325d869db5cfe3e68,-0.03921274038461539,0.091796875,0.4618181818181818,0.06790865384615385,False,552,275,23,252,36.162855124006995,248.92676206900896,0.12684732429074555,0.18011900757558044,0.34834248337943985,0.5370972639844339,0.13972355769230768,True,0.03486828926282051,0.07782451923076923,0.5416666666666666
CB1_CAUR_M_CF1_RI2_TI2_R12__seed691202__it0000102,CB1_CAUR_M_CF1_RI2_TI2_R12,ORIGINAL_PHASE6J_CAUR,M,CF1,20-40%,0.3190177907715878,ts_7719b640c7a7c71e2bcd,RELATED_VARIANT,ts_7d2222f2b7861c1d811e,STRUCTURED_NEAR_NEIGHBOR,3,0.0046476761619190406,0.052773613193403304,0.08022516965866089,0.01049475262368816,False,False,False,0.5688405797101449,ts_7d2222f2b7861c1d811e,0.0046476761619190406,0.052773613193403304,0.6086956521739131,0.0,False,552,276,23,253,20.743557660080132,173.68990740738033,0.10668717781109834,0.21088394436851407,0.4416789748109564,0.6313860091768676,0.08695652173913043,False,0.013605697151424288,0.06086956521739131,0.20833333333333334
CB1_CAUR_M_CF1_RI2_TI2_R12__seed691202__it0000143,CB1_CAUR_M_CF1_RI2_TI2_R12,ORIGINAL_PHASE6J_CAUR,M,CF1,40-60%,0.44959710919290063,ts_04d138443cb455ee6657,ORIGINAL_OPERATOR,ts_82735773bd7c82833e81,ORIGINAL_OPERATOR,23,0.05669003352636391,0.020115818348064612,0.012503266334533691,0.0,False,False,False,0.5054545454545455,ts_82735773bd7c82833e81,0.05669003352636391,0.020115818348064612,0.4763636363636364,0.0,False,552,275,22,253,38.116180164354006,284.9559976760783,0.11798038574271741,0.1289418443931582,0.3548649858986393,0.5496775027217277,0.1164279183175861,True,0.023163669612922887,0.07253886010362695,0.08333333333333333
CB1_CAUR_M_CF1_RI2_TI2_R12__seed691202__it0000185,CB1_CAUR_M_CF1_RI2_TI2_R12,ORIGINAL_PHASE6J_CAUR,M,CF1,40-60%,0.5814443144205909,ts_5d5f58d9801c67bbf8ed,STRUCTURED_NEAR_NEIGHBOR,ts_92064786407b5c249304,STRUCTURED_NEAR_NEIGHBOR,6,0.011638880150990877,0.005190311418685124,0.008275628089904785,0.004561182761874805,False,False,True,0.5253623188405797,ts_5b59f1e8e4cf0fadf9f0,-0.028939918213274615,0.045769109782950616,0.5797101449275363,0.04057879836426549,False,552,276,23,253,14.958102855549956,133.85042159447875,0.10051912624517037,0.15683115840300788,0.3807295532920355,0.6150316216054822,0.04639823843976093,True,0.0069859494599979035,0.048757470902799624,0.08333333333333333
CB1_CAUR_M_CF1_RI2_TI2_R12__seed691202__it0000229,CB1_CAUR_M_CF1_RI2_TI2_R12,ORIGINAL_PHASE6J_CAUR,M,CF1,60-80%,0.7191681557890486,ts_4c5ba27830b4f7bde308,LOCAL_PERTURBATION,ts_91d6cb82735952c4af97,RELATED_VARIANT,20,0.016978193146417443,0.054984423676012466,0.22351616621017456,0.003738317757009349,False,False,False,0.5833333333333334,ts_0a8a15972fac4e27a17a,0.018535825545171337,0.05342679127725857,0.5992063492063492,-0.0015576323987538943,False,506,252,22,230,66.63288995926617,154.26478589432583,0.30164595304945413,0.2640258023471076,0.5444689088605396,0.6734289156403088,0.11993769470404984,False,0.007503724773127453,0.05046728971962617,0.17391304347826086
CB1_CAUR_M_CF1_RI2_TI2_R12__seed691202__it0000271,CB1_CAUR_M_CF1_RI2_TI2_R12,ORIGINAL_PHASE6J_CAUR,M,CF1,80-100%,0.8511577631574606,ts_154df242c570775d4c6d,RELATED_VARIANT,ts_62c8541c8972e1a3f602,RELATED_VARIANT,17,-0.006434400502197112,0.03483992467043314,0.1305636167526245,0.01616446955430006,False,False,False,0.5693430656934306,ts_7f934b6d3b8e454aa386,-0.006748273697426241,0.03515379786566227,0.5693430656934306,0.000313873195229129,False,552,274,23,251,45.62575673850624,171.06396723843898,0.21055800847926046,0.26364124631531866,0.4717836282835656,0.6633974705202349,0.1007532956685499,True,0.0348006905210295,0.12084118016321406,0.20833333333333334
CB1_CAUR_M_CF1_RI2_TI2_R12__seed691202__it0000303,CB1_CAUR_M_CF1_RI2_TI2_R12,ORIGINAL_PHASE6J_CAUR,M,CF1,80-100%,0.9512991482103978,ts_46233782672abdb8a857,MATCHED_RANDOM,ts_8b6f7c63fd62a2d13a98,MATCHED_RANDOM,16,0.05743879472693032,0.0031387319522912724,0.19508296251296997,0.002197112366603894,False,True,True,0.5584415584415584,ts_8b6f7c63fd62a2d13a98,0.05743879472693032,0.0031387319522912724,0.5930735930735931,0.0,False,462,231,21,210,25.937903955149654,148.7397023004285,0.14849015000353746,0.17238306216132768,0.473178060964221,0.6750710835817009,0.07140615191462649,True,0.013154140272784342,0.05241682360326428,0.18181818181818182
CB1_CAUR_M_CF1_RI2_TI2_R12__seed721201__it0000027,CB1_CAUR_M_CF1_RI2_TI2_R12,NEW_ALNS_EXPANSION,M,CF1,0-20%,0.050744239894699776,ts_8dd2eb0fefc6a5fce3f0,STRUCTURED_NEAR_NEIGHBOR,ts_54c4c5275bdeed783492,ORIGINAL_OPERATOR,6,-0.04911764705882353,0.0875,0.2014133334159851,0.017058823529411765,False,False,False,0.49635036496350365,,,,,,False,552,274,23,251,28.251635492809562,260.2103577364648,0.09793884863838787,0.2359016803456385,0.4457496795409345,0.591956455629409,0.09985294117647059,True,0.03448529411764706,0.11441176470588235,0.4583333333333333
CB1_CAUR_M_CF1_RI2_TI2_R12__seed721201__it0000103,CB1_CAUR_M_CF1_RI2_TI2_R12,NEW_ALNS_EXPANSION,M,CF1,0-20%,0.17969661652648683,ts_474bffc7709059dc67b8,MATCHED_RANDOM,ts_48cbf69aedb9b79fed9d,ORIGINAL_OPERATOR,8,0.04277441431955778,0.05435640958146881,0.6372987031936646,0.004211634640694933,False,False,False,0.7391304347826086,,,,,,False,552,276,23,253,25.735408682867067,198.97402535922996,0.11452749544127194,0.13072387365862675,0.33033161414775536,0.5650959955925917,0.09713082390102659,True,0.038277616916732475,0.0850223743090287,0.08333333333333333
CB1_CAUR_M_CF1_RI2_TI2_R12__seed721201__it0000187,CB1_CAUR_M_CF1_RI2_TI2_R12,NEW_ALNS_EXPANSION,M,CF1,20-40%,0.3195874930526387,ts_ea0719bf642700d3dd81,STRUCTURED_NEAR_NEIGHBOR,ts_d9edda24189b1ea81a7e,STRUCTURED_NEAR_NEIGHBOR,7,0.007584597432905484,0.022462077012835473,0.1552499532699585,0.008168028004667444,False,False,False,0.6872727272727273,,,,,,False,552,275,23,252,20.74448488523397,162.4699677904054,0.11322515545189958,0.15295939528629726,0.3438865189788602,0.5455353289073435,0.10457992998833139,True,0.012640995721509141,0.11201866977829639,0.125
CB1_CAUR_M_CF1_RI2_TI2_R12__seed721201__it0000266,CB1_CAUR_M_CF1_RI2_TI2_R12,NEW_ALNS_EXPANSION,M,CF1,40-60%,0.4498639663509318,ts_64562d5383eaa94ce8af,LOCAL_PERTURBATION,ts_ab559b79cffda2ef9830,ORIGINAL_OPERATOR,8,-0.01875732708089097,0.0436694021101993,0.16702526807785034,0.0024912075029308346,False,False,False,0.6086956521739131,,,,,,False,552,276,23,253,20.346133082204034,122.51717545124684,0.14241678490485235,0.18772120901005496,0.46169117600406956,0.6504999274034132,0.05993552168815944,True,0.051411684251660796,0.09730363423212193,0.7083333333333334
CB1_CAUR_M_CF1_RI2_TI2_R12__seed721201__it0000342,CB1_CAUR_M_CF1_RI2_TI2_R12,NEW_ALNS_EXPANSION,M,CF1,40-60%,0.5787298068071801,ts_b9471ad42320093fd658,LOCAL_PERTURBATION,ts_f8f5fa927863d553ebbc,STRUCTURED_NEAR_NEIGHBOR,14,-0.009327115256495669,0.0346435709526982,0.17567351460456848,0.012991339107261825,False,False,False,0.5324675324675324,,,,,,False,462,231,21,210,27.65839198452993,169.65926413794904,0.1401719061945568,0.2942338244108379,0.4939699340701179,0.6610292857409094,0.07295136575616255,False,0.009660226515656229,0.06329113924050633,0.13636363636363635
CB1_CAUR_M_CF1_RI2_TI2_R12__seed721201__it0000424,CB1_CAUR_M_CF1_RI2_TI2_R12,NEW_ALNS_EXPANSION,M,CF1,60-80%,0.7201679936493236,ts_c2fcb27f16282aae7bfc,ORIGINAL_OPERATOR,ts_1daad4f6205917935bd9,STRUCTURED_NEAR_NEIGHBOR,24,0.00848925848925849,0.03898128898128898,0.3463454246520996,0.006237006237006237,False,False,False,0.4855072463768116,,,,,,False,552,276,23,253,216.69698954265658,184.59980907856743,0.5399918222302903,0.19645892822181868,0.44986716704896257,0.6043328656670801,0.09494109494109494,False,0.009658697158697159,0.02494802494802495,0.20833333333333334
CB1_CAUR_M_CF1_RI2_TI2_R12__seed721201__it0000500,CB1_CAUR_M_CF1_RI2_TI2_R12,NEW_ALNS_EXPANSION,M,CF1,80-100%,0.8500514490879141,ts_e29873ae679ad087ca04,RELATED_VARIANT,ts_4a4fbd4e6ee27afca5ef,STRUCTURED_NEAR_NEIGHBOR,5,0.022002772002772,0.03187803187803188,0.0652388334274292,0.00502425502425502,False,False,False,0.49818181818181817,,,,,,False,552,275,23,252,22.926451667923427,323.6434119164566,0.0661524675885198,0.13326815412211995,0.34151186613087214,0.564658887810485,0.09944559944559944,True,0.013412450912450913,0.06722106722106722,0.16666666666666666
CB1_CAUR_M_CF1_RI2_TI2_R12__seed721201__it0000560,CB1_CAUR_M_CF1_RI2_TI2_R12,NEW_ALNS_EXPANSION,M,CF1,80-100%,0.9500455295438817,ts_f4ceff81288b4e3a3bed,ORIGINAL_OPERATOR,ts_aa337af815a42ef7650d,STRUCTURED_NEAR_NEIGHBOR,18,0.0024255024255024253,0.009875259875259876,0.13856595754623413,0.006756756756756755,False,False,True,0.5144927536231884,,,,,,False,552,276,23,253,33.05675843930819,342.49744602684706,0.08802127108734645,0.1039754175767648,0.2620938428354752,0.4650582831690778,0.12162162162162161,True,0.028398590898590897,0.05544005544005544,0.4166666666666667
CB1_CAUR_M_CF1_RI2_TI2_R12__seed721202__it0000026,CB1_CAUR_M_CF1_RI2_TI2_R12,NEW_ALNS_EXPANSION,M,CF1,0-20%,0.04992809140336855,ts_3d2fccd28a7f8d50fe3f,MATCHED_RANDOM,ts_995bc13046909d2a5e51,ORIGINAL_OPERATOR,10,0.005185589519650655,0.04148471615720524,0.4062430262565613,0.0046397379912663725,False,False,False,0.4150197628458498,,,,,,False,506,253,22,231,27.57406164975832,190.9713071867175,0.12617088065769222,0.195448014874241,0.46601514568862923,0.6594680719341862,0.07314410480349345,True,0.026450066451490416,0.06359170305676856,0.4782608695652174
CB1_CAUR_M_CF1_RI2_TI2_R12__seed721202__it0000104,CB1_CAUR_M_CF1_RI2_TI2_R12,NEW_ALNS_EXPANSION,M,CF1,0-20%,0.18002833473688123,ts_0a9e3370609d26d4f9e8,RELATED_VARIANT,ts_30c6a7ec92693e4d5f3c,RELATED_VARIANT,4,-0.0034612056533025667,0.013556388808768388,0.11320215463638306,0.010095183155465821,False,False,False,0.6268115942028986,,,,,,False,552,276,23,253,21.093262158686205,117.4173734573541,0.15228622744290896,0.27407188907558766,0.5383650639451475,0.6858487022152785,0.06792616094606288,True,0.04586097490625901,0.0876838765503317,0.2916666666666667
CB1_CAUR_M_CF1_RI2_TI2_R12__seed721202__it0000188,CB1_CAUR_M_CF1_RI2_TI2_R12,NEW_ALNS_EXPANSION,M,CF1,20-40%,0.3197379364208788,ts_1e110c6fe7d4d1ae2d83,MATCHED_RANDOM,ts_8292153edfc464d6a7cc,STRUCTURED_NEAR_NEIGHBOR,13,-0.019476905954368393,0.054535336672231496,0.07492691278457642,0.006956037840845853,False,False,False,0.4855072463768116,,,,,,False,552,276,23,253,28.214195154869522,204.40799395359724,0.12128763495435013,0.16665481966605508,0.3665168529198055,0.5791540385607684,0.08110740122426266,True,0.011326748284177332,0.0562047857540345,0.20833333333333334
CB1_CAUR_M_CF1_RI2_TI2_R12__seed721202__it0000266,CB1_CAUR_M_CF1_RI2_TI2_R12,NEW_ALNS_EXPANSION,M,CF1,40-60%,0.44960046964906886,ts_7676869d88ec0977b016,RELATED_VARIANT,ts_a8e7e65b02528c95a7a9,ORIGINAL_OPERATOR,4,-0.06341311781162574,0.09589679825924775,0.3195449709892273,0.009325458501709669,False,False,False,0.5766423357664233,,,,,,False,552,274,23,251,28.66460883816504,214.5842345345741,0.11784067887320314,0.1905238860946312,0.4429061017320187,0.625844825537117,0.09667391980105688,False,0.027795047145373536,0.08703761268262356,0.2916666666666667
CB1_CAUR_M_CF1_RI2_TI2_R12__seed721202__it0000343,CB1_CAUR_M_CF1_RI2_TI2_R12,NEW_ALNS_EXPANSION,M,CF1,40-60%,0.5800319142806091,ts_7e2382a782b5938f21e7,ORIGINAL_OPERATOR,ts_bcffe8c29875dda63fcc,ORIGINAL_OPERATOR,11,-0.04596100278551532,0.095636025998143,0.18828874826431274,0.003714020427112351,False,False,False,0.44664031620553357,,,,,,False,506,253,22,231,29.11047979903941,246.53751688082446,0.10560744191748352,0.153148847294917,0.3871721466878335,0.6117261354792206,0.095636025998143,False,0.021153768519639904,0.07056638811513463,0.391304347826087
CB1_CAUR_M_CF1_RI2_TI2_R12__seed721202__it0000426,CB1_CAUR_M_CF1_RI2_TI2_R12,NEW_ALNS_EXPANSION,M,CF1,60-80%,0.7199172956139879,ts_7df55d029b3b00e14d23,LOCAL_PERTURBATION,ts_639d890d835684b566b9,RELATED_VARIANT,11,-0.02047244094488189,0.05606299212598425,0.2759057283401489,0.012283464566929133,False,False,False,0.6123188405797102,,,,,,False,552,276,23,253,35.25495451320718,188.54189580116835,0.1575310575804944,0.20066547081173217,0.39923061041121294,0.5740539948700614,0.10346456692913386,False,0.013490813648293963,0.06614173228346457,0.25
CB1_CAUR_M_CF1_RI2_TI2_R12__seed721202__it0000504,CB1_CAUR_M_CF1_RI2_TI2_R12,NEW_ALNS_EXPANSION,M,CF1,80-100%,0.8507513557193115,ts_29f892aef2af8d35a1f5,STRUCTURED_NEAR_NEIGHBOR,ts_52595af245858be18a53,RELATED_VARIANT,7,-0.09056364787840405,0.12951234958834706,0.2929704785346985,0.03356554781507283,False,False,False,0.6702898550724637,,,,,,False,552,276,23,253,35.61865813002874,241.03064003862147,0.12875022046256915,0.22796562348441635,0.38394634334037414,0.5983964112414857,0.14819506016466116,True,0.0202396031243403,0.09119696010132995,0.125
CB1_CAUR_M_CF1_RI2_TI2_R12__seed721202__it0000562,CB1_CAUR_M_CF1_RI2_TI2_R12,NEW_ALNS_EXPANSION,M,CF1,80-100%,0.950555164140257,ts_36d035df2d2e98f4728e,RELATED_VARIANT,ts_275f01e247219c78811c,STRUCTURED_NEAR_NEIGHBOR,14,-0.001583280557314756,0.06111462951234959,0.20794641971588135,0.036415452818239394,False,False,False,0.5404411764705882,,,,,,False,552,272,23,249,36.076126201312285,173.237106198655,0.1723547326065656,0.2923619525763869,0.4075941701331662,0.5653550611409273,0.10639645345155162,False,0.018972978678488496,0.0740975300823306,0.16666666666666666
CB1_CAUR_M_CF1_RI2_TI2_R12__seed721203__it0000026,CB1_CAUR_M_CF1_RI2_TI2_R12,NEW_ALNS_EXPANSION,M,CF1,0-20%,0.04939452817550199,ts_b5b7c3a74debcaede831,MATCHED_RANDOM,ts_7d398c609e955b4c4b27,ORIGINAL_OPERATOR,23,0.039152193111569034,0.06741242272593465,0.3361731171607971,0.014277303503090963,False,False,False,0.4420289855072464,,,,,,False,552,276,23,253,67.22511781680977,342.123945623668,0.16422443293701286,0.2120274102066625,0.4500252276598822,0.605703811503009,0.12216661760376803,True,0.03609802767147483,0.09243450103032087,0.125
CB1_CAUR_M_CF1_RI2_TI2_R12__seed721203__it0000105,CB1_CAUR_M_CF1_RI2_TI2_R12,NEW_ALNS_EXPANSION,M,CF1,0-20%,0.1796896603860149,ts_55427c027f13f3ab8216,ORIGINAL_OPERATOR,ts_4d02baadc80d2cf3fd22,RELATED_VARIANT,22,0.06005846399149615,0.014217379750199315,0.06780564785003662,0.009832580387988316,False,False,False,0.5177865612648221,,,,,,False,506,253,22,231,58.755704225870076,269.9740399792404,0.17873558831113726,0.18305458990156925,0.4180913997777126,0.6511923860844604,0.08623438745681637,True,0.045003408473812526,0.11108158384267872,0.4782608695652174
CB1_CAUR_M_CF1_RI2_TI2_R12__seed721203__it0000190,CB1_CAUR_M_CF1_RI2_TI2_R12,NEW_ALNS_EXPANSION,M,CF1,20-40%,0.3202483991580697,ts_383bf72458a8b6742b2f,STRUCTURED_NEAR_NEIGHBOR,ts_383bf72458a8b6742b2f,STRUCTURED_NEAR_NEIGHBOR,1,0.0973397823458283,0.0,0.004264712333679199,0.007557436517533253,True,True,True,0.6485507246376812,,,,,,False,552,276,23,253,31.295452077154657,208.39295609964182,0.13056723232969544,0.20964764654706128,0.5087802481354967,0.6808535122835735,0.10429262394195889,True,0.011739218057234985,0.04050785973397823,0.20833333333333334
CB1_CAUR_M_CF1_RI2_TI2_R12__seed721203__it0000268,CB1_CAUR_M_CF1_RI2_TI2_R12,NEW_ALNS_EXPANSION,M,CF1,40-60%,0.44959041445614084,ts_af1b0aa599f95d0d455c,ORIGINAL_OPERATOR,ts_776606b2366ea77871bd,STRUCTURED_NEAR_NEIGHBOR,24,0.06804123711340207,0.02002945508100147,0.08996319770812988,0.01914580265095729,False,False,False,0.6485507246376812,,,,,,False,552,276,23,253,309.18321711785796,191.63838289319324,0.6173520014133487,0.24449725443517895,0.4831743946290417,0.6537723474024085,0.10765832106038292,False,0.01056701030927835,0.05243004418262151,0.041666666666666664
CB1_CAUR_M_CF1_RI2_TI2_R12__seed721203__it0000347,CB1_CAUR_M_CF1_RI2_TI2_R12,NEW_ALNS_EXPANSION,M,CF1,40-60%,0.5805401599650953,ts_c83211f90abf1695accc,LOCAL_PERTURBATION,ts_394a99f837a8aa432fb8,RELATED_VARIANT,10,0.0051226327227569075,0.04905308910276312,0.10472768545150757,0.00884818379385284,False,False,False,0.5,,,,,,False,552,276,23,253,30.867736530232385,308.7361673919946,0.09089335008734598,0.14917751725393458,0.3435036748310413,0.5644539484915047,0.0999689537410742,True,0.013944944634171582,0.04098106178205527,0.125
CB1_CAUR_M_CF1_RI2_TI2_R12__seed721203__it0000428,CB1_CAUR_M_CF1_RI2_TI2_R12,NEW_ALNS_EXPANSION,M,CF1,60-80%,0.7192302591932259,ts_7cf9e3738953c2cf0ef1,STRUCTURED_NEAR_NEIGHBOR,ts_a1e674e686e1f0386e68,ORIGINAL_OPERATOR,9,-0.05829523187459177,0.08687132593076421,0.12499403953552246,0.003919007184846508,False,False,False,0.6373626373626373,,,,,,False,552,273,23,250,23.9793165445318,197.97348954909293,0.10803790664586949,0.1743635139947032,0.44816770765896485,0.6648917459397873,0.08687132593076421,True,0.014560200304811671,0.0659699542782495,0.041666666666666664
CB1_CAUR_M_CF1_RI2_TI2_R12__seed721203__it0000504,CB1_CAUR_M_CF1_RI2_TI2_R12,NEW_ALNS_EXPANSION,M,CF1,80-100%,0.8502384127720705,ts_92a7d00fe645f1fd61a7,STRUCTURED_NEAR_NEIGHBOR,ts_9e32661a210f44ac3cbd,STRUCTURED_NEAR_NEIGHBOR,14,0.007912957467853612,0.0260468183316848,0.05536538362503052,0.004780745136828225,False,False,False,0.6086956521739131,,,,,,False,552,276,23,253,25.857468395113134,211.41813218556314,0.10897651647212378,0.15626468161181375,0.4053681343961449,0.5910374055090499,0.08506429277942631,True,0.021060006594131223,0.0520936366633696,0.25
CB1_CAUR_M_CF1_RI2_TI2_R12__seed721203__it0000562,CB1_CAUR_M_CF1_RI2_TI2_R12,NEW_ALNS_EXPANSION,M,CF1,80-100%,0.9491877461754995,ts_d993344ed9c225321ca8,ORIGINAL_OPERATOR,ts_0a2a165539db9ee8da90,RELATED_VARIANT,9,0.03290556103981573,0.015465613688713395,0.10052555799484253,0.00493583415597236,False,False,False,0.6181818181818182,,,,,,False,552,275,23,252,24.504518015783752,252.8021539712746,0.08836613212439169,0.15109175315463308,0.38568110102761666,0.63471391953514,0.07568279039157617,False,0.005168915213337721,0.06646923330042777,0.08333333333333333
CB1_CAUR_M_CF1_RI2_TI2_R12__seed721204__it0000028,CB1_CAUR_M_CF1_RI2_TI2_R12,NEW_ALNS_EXPANSION,M,CF1,0-20%,0.05069788340366805,ts_c0725f92acf19c8bc22e,RELATED_VARIANT,ts_78303d8d229c87ba0a48,STRUCTURED_NEAR_NEIGHBOR,17,-0.012349309026756836,0.037635989414877974,0.29477909207344055,0.0004410467509556003,False,False,False,0.6086956521739131,,,,,,False,506,253,22,231,36.11461407628342,179.5957084502246,0.16742181669050815,0.13629931243539684,0.3524911885290549,0.5533578273599414,0.09703028521023228,True,0.02751109008859287,0.07291972949132608,0.34782608695652173
CB1_CAUR_M_CF1_RI2_TI2_R12__seed721204__it0000106,CB1_CAUR_M_CF1_RI2_TI2_R12,NEW_ALNS_EXPANSION,M,CF1,0-20%,0.1795246708071525,ts_f471c5f144c82765f3d4,ORIGINAL_OPERATOR,ts_e097d80032ae89ba6b56,RELATED_VARIANT,19,-0.0378698224852071,0.06272189349112425,0.002204418182373047,0.0008875739644970404,False,False,False,0.4523809523809524,,,,,,False,506,252,22,230,21.728840053067223,154.5839545196426,0.12324029067616217,0.10715351324164596,0.3053233922007784,0.5582136883622976,0.06538461538461539,True,0.0074350398765114485,0.046153846153846156,0.13043478260869565
CB1_CAUR_M_CF1_RI2_TI2_R12__seed721204__it0000190,CB1_CAUR_M_CF1_RI2_TI2_R12,NEW_ALNS_EXPANSION,M,CF1,20-40%,0.32063049964914137,ts_4e922e7b6ccf6c96ccee,LOCAL_PERTURBATION,ts_92510e7e32c148f1b40e,RELATED_VARIANT,17,0.02324535092981404,0.03809238152369526,0.12467670440673828,0.01994601079784044,False,False,False,0.6240875912408759,,,,,,False,552,274,23,251,31.10869885807065,181.3359596671474,0.1464320123368878,0.3024452134157815,0.4679608655152327,0.6626255589477679,0.06223755248950211,False,0.013197360527894421,0.07318536292741451,0.20833333333333334
CB1_CAUR_M_CF1_RI2_TI2_R12__seed721204__it0000268,CB1_CAUR_M_CF1_RI2_TI2_R12,NEW_ALNS_EXPANSION,M,CF1,40-60%,0.4493991399999287,ts_52be5ab308a2dd00938e,STRUCTURED_NEAR_NEIGHBOR,ts_bc2387959af1a9eac055,RELATED_VARIANT,7,-0.039576547231270354,0.06302931596091205,0.40188634395599365,0.0055374592833876204,False,False,False,0.6231884057971014,,,,,,False,552,276,23,253,26.784314675710736,296.4202688160103,0.08287108550982793,0.1396635220421214,0.34053028400523744,0.5426173891332089,0.13452768729641695,False,0.008034744842562431,0.07166123778501628,0.08333333333333333
CB1_CAUR_M_CF1_RI2_TI2_R12__seed721204__it0000347,CB1_CAUR_M_CF1_RI2_TI2_R12,NEW_ALNS_EXPANSION,M,CF1,40-60%,0.579690574351014,ts_78286ec2498b865044c9,RELATED_VARIANT,ts_78286ec2498b865044c9,RELATED_VARIANT,1,0.12098569157392686,0.0,0.1510167121887207,0.027027027027027015,True,True,True,0.5928853754940712,,,,,,False,506,253,22,231,17.44336049067689,302.4865016234943,0.05452245181305394,0.27505585608827576,0.47485822879831574,0.6726737428428599,0.12098569157392686,False,0.016423584710029727,0.07980922098569158,0.08695652173913043
CB1_CAUR_M_CF1_RI2_TI2_R12__seed721204__it0000430,CB1_CAUR_M_CF1_RI2_TI2_R12,NEW_ALNS_EXPANSION,M,CF1,60-80%,0.7205004400702341,ts_8190e9c2719a0cf9df2e,LOCAL_PERTURBATION,ts_258e4ab40f0fdf496902,RELATED_VARIANT,18,-0.019141710404445816,0.042914479777709166,0.11629903316497803,0.004013584439641865,False,False,False,0.4963768115942029,,,,,,False,552,276,23,253,25.39489314104947,138.08504880553022,0.15533950427599097,0.14183750229941275,0.339059377706233,0.5300629814382223,0.09076875578882371,False,0.011191725841309045,0.04137079345476999,0.16666666666666666
CB1_CAUR_M_CF1_RI2_TI2_R12__seed721204__it0000507,CB1_CAUR_M_CF1_RI2_TI2_R12,NEW_ALNS_EXPANSION,M,CF1,80-100%,0.8505246987369263,ts_bf06fde438c8aea4e458,ORIGINAL_OPERATOR,ts_8b94e8f099ae93efbc20,ORIGINAL_OPERATOR,21,-0.031513260530421215,0.07316692667706709,0.09566271305084229,0.00998439937597504,False,False,False,0.36,,,,,,False,552,275,23,252,77.47895088197174,322.4663521350078,0.19372386748265522,0.23089196952718918,0.477570596971364,0.6750733379760139,0.07925117004680188,True,0.01016640665626625,0.05959438377535101,0.08333333333333333
CB1_CAUR_M_CF1_RI2_TI2_R12__seed721204__it0000567,CB1_CAUR_M_CF1_RI2_TI2_R12,NEW_ALNS_EXPANSION,M,CF1,80-100%,0.9498281274036823,ts_ddc7622efa97e13b3618,RELATED_VARIANT,ts_1e13c6528f3d717e4600,ORIGINAL_OPERATOR,16,0.05007800312012481,0.041497659906396256,0.19366121292114258,0.009048361934477389,False,False,False,0.5875912408759124,,,,,,False,552,274,23,251,43.98983840153589,246.90228420463637,0.1512238901742006,0.17395066235969456,0.41015704802989456,0.6412924209568757,0.10093603744149766,True,0.010439417576703068,0.05117004680187208,0.08333333333333333
CB1_CAUR_M_CF2_RI2_TI2_R12_C02__seed691201__it0000013,CB1_CAUR_M_CF2_RI2_TI2_R12_C02,ORIGINAL_PHASE6J_CAUR,M,CF2,0-20%,0.04860727892919099,ts_575f71d0f1f3e32c0c9c,LOCAL_PERTURBATION,ts_57026a4b34d925fd80e6,STRUCTURED_NEAR_NEIGHBOR,18,0.013628407101775444,0.013878469617404347,0.05467921495437622,0.007251812953238304,False,False,False,0.39920948616600793,ts_43fd4c8366aeef08a71d,0.017754438609652413,0.009752438109527379,0.43873517786561267,-0.004126031507876968,False,506,253,22,231,21.24639315560406,156.2355771781439,0.11971014923741857,0.17868505472755541,0.37386055615676816,0.5946245991027992,0.04988747186796699,True,0.01858073213955663,0.040260065016254065,0.43478260869565216
CB1_CAUR_M_CF2_RI2_TI2_R12_C02__seed691201__it0000054,CB1_CAUR_M_CF2_RI2_TI2_R12_C02,ORIGINAL_PHASE6J_CAUR,M,CF2,0-20%,0.1799372033074894,ts_0e23f556fff6fd8957c2,STRUCTURED_NEAR_NEIGHBOR,ts_1d2c266f59f86f9443ae,STRUCTURED_NEAR_NEIGHBOR,11,-0.05683222139856684,0.05942673585371881,0.10179328918457031,0.0019767729182110227,False,False,False,0.5471014492753623,ts_684c716eef0841d6fbb5,-0.02100321225599209,0.023597726711144056,0.4601449275362319,-0.03582900914257475,True,552,276,23,253,23.48951124402373,228.00428646800356,0.09339996237569394,0.1337911014067977,0.37260651400431277,0.6386552399161973,0.06300963676797627,True,0.06241248661560003,0.10229799851742032,0.5
CB1_CAUR_M_CF2_RI2_TI2_R12_C02__seed691201__it0000098,CB1_CAUR_M_CF2_RI2_TI2_R12_C02,ORIGINAL_PHASE6J_CAUR,M,CF2,20-40%,0.32122078963819395,ts_a6a182bbb167bd717c35,STRUCTURED_NEAR_NEIGHBOR,ts_da48b0d9bdc8a88a3e7f,LOCAL_PERTURBATION,16,-0.014086294416243655,0.03197969543147208,0.021675176918506622,0.00025380710659898484,False,False,False,0.6181818181818182,ts_a6a182bbb167bd717c35,0.017893401015228426,0.0,0.5890909090909091,-0.03197969543147208,True,552,275,23,252,17.789046518193818,87.45569474275212,0.16902551429232265,0.1415253589928042,0.4032423473443912,0.6429643701816142,0.04708121827411167,True,0.0072546531302876485,0.030456852791878174,0.041666666666666664
CB1_CAUR_M_CF2_RI2_TI2_R12_C02__seed691201__it0000138,CB1_CAUR_M_CF2_RI2_TI2_R12_C02,ORIGINAL_PHASE6J_CAUR,M,CF2,40-60%,0.4496012477481034,ts_c361562926a3b9015650,STRUCTURED_NEAR_NEIGHBOR,ts_32a93eb3d5f5c03ed863,RELATED_VARIANT,17,-0.03535353535353536,0.06565656565656566,0.16741755604743958,0.013636363636363637,False,False,False,0.5797101449275363,ts_881d1a8d901a98d352ea,-0.041035353535353536,0.07133838383838384,0.5,0.005681818181818177,False,552,276,23,253,45.77768872748276,204.01160893814625,0.18326521254229766,0.23584405076638212,0.4925395489695501,0.6739877308464095,0.10883838383838385,True,0.03576388888888889,0.09696969696969697,0.041666666666666664
CB1_CAUR_M_CF2_RI2_TI2_R12_C02__seed691201__it0000179,CB1_CAUR_M_CF2_RI2_TI2_R12_C02,ORIGINAL_PHASE6J_CAUR,M,CF2,40-60%,0.5803012430867708,ts_55eaa09b6d12ab5863e3,STRUCTURED_NEAR_NEIGHBOR,ts_87ca20b4e1a38c12b0d8,RELATED_VARIANT,3,-0.017423851316468765,0.026200309757356738,0.04289674758911133,0.0005162622612287036,False,False,False,0.5036496350364964,ts_55eaa09b6d12ab5863e3,0.008776458440887971,0.0,0.4635036496350365,-0.026200309757356738,True,552,274,23,251,14.607871098298236,179.99957997357438,0.07506326719681068,0.16364048954734142,0.4343259565026617,0.6558159991261385,0.06556530717604543,False,0.009712183789364996,0.07046979865771812,0.0
CB1_CAUR_M_CF2_RI2_TI2_R12_C02__seed691201__it0000222,CB1_CAUR_M_CF2_RI2_TI2_R12_C02,ORIGINAL_PHASE6J_CAUR,M,CF2,60-80%,0.7196895541420654,ts_8a0881fd21f4502e4290,MATCHED_RANDOM,ts_cb5f88e4db8c59fb0e07,STRUCTURED_NEAR_NEIGHBOR,15,0.0007481296758104737,0.02655860349127182,0.0945054292678833,0.0001246882793017462,False,False,False,0.5860805860805861,ts_9fa6c1fae0b7cb6c1ddb,-0.0029925187032418957,0.030299251870324187,0.5054945054945055,0.0037406483790523694,False,552,273,23,250,22.547722123029327,126.4720219359803,0.15130694436101544,0.14296694959027167,0.4239715617615607,0.684275019817913,0.05024937655860349,True,0.021425602660016623,0.0543640897755611,0.5416666666666666
CB1_CAUR_M_CF2_RI2_TI2_R12_C02__seed691201__it0000262,CB1_CAUR_M_CF2_RI2_TI2_R12_C02,ORIGINAL_PHASE6J_CAUR,M,CF2,80-100%,0.8513687519374025,ts_c3256a0e0129a7791b6e,LOCAL_PERTURBATION,ts_41c3ef5d6d467cb2971b,STRUCTURED_NEAR_NEIGHBOR,11,0.03916994106090373,0.008472495088408645,0.07133352756500244,0.008472495088408645,False,False,True,0.4727272727272727,ts_41c3ef5d6d467cb2971b,0.03916994106090373,0.008472495088408645,0.5490909090909091,0.0,False,552,275,23,252,24.991305222290045,130.0841821964961,0.16115574187943874,0.2714637634089878,0.4917037791266995,0.662427196408516,0.055992141453831044,True,0.014796168958742634,0.03708251473477407,0.125
CB1_CAUR_M_CF2_RI2_TI2_R12_C02__seed691201__it0000292,CB1_CAUR_M_CF2_RI2_TI2_R12_C02,ORIGINAL_PHASE6J_CAUR,M,CF2,80-100%,0.9489956373544997,ts_1b9e80e52eeea62c22ec,STRUCTURED_NEAR_NEIGHBOR,ts_21a5a51aeb68114ca274,ORIGINAL_OPERATOR,7,-0.0022533800701051575,0.006760140210315473,0.053360044956207275,0.004381572358537807,False,False,True,0.6254545454545455,ts_4020740315cc5419cd2a,-0.01815222834251377,0.022658988482724088,0.5818181818181818,0.015898848272408613,False,552,275,23,252,13.89084467280068,116.08627496940267,0.10687146100051248,0.14270201586004333,0.3529365747654293,0.5942448665678198,0.05683525287931898,True,0.015429394091136707,0.05232849273910867,0.125
CB1_CAUR_M_CF2_RI2_TI2_R12_C02__seed691202__it0000014,CB1_CAUR_M_CF2_RI2_TI2_R12_C02,ORIGINAL_PHASE6J_CAUR,M,CF2,0-20%,0.0504988606296861,ts_501eacff8e00176c421e,ORIGINAL_OPERATOR,ts_feeb9b52f844e3d4d089,STRUCTURED_NEAR_NEIGHBOR,24,-0.026322450012655024,0.0407491774234371,0.07920408248901367,0.0008858516831181974,False,False,False,0.4963768115942029,ts_feeb9b52f844e3d4d089,-0.026322450012655024,0.0407491774234371,0.39855072463768115,0.0,False,552,276,23,253,128.47191883776048,164.26637937916473,0.438862696204376,0.11004781121014888,0.3105409093869932,0.5474313228926683,0.07580359402682865,True,0.011927360161984308,0.041255378385218935,0.16666666666666666
CB1_CAUR_M_CF2_RI2_TI2_R12_C02__seed691202__it0000054,CB1_CAUR_M_CF2_RI2_TI2_R12_C02,ORIGINAL_PHASE6J_CAUR,M,CF2,0-20%,0.18029203851969444,ts_b8e62b884763a3991221,ORIGINAL_OPERATOR,ts_b3fa2ac3f4cba131ba3a,STRUCTURED_NEAR_NEIGHBOR,24,-0.027559055118110236,0.04002624671916011,0.1837090253829956,0.004593175853018373,False,False,False,0.4855072463768116,ts_30060c0ebe2dd0abe944,-0.0049868766404199474,0.017454068241469816,0.45652173913043476,-0.02257217847769029,True,552,276,23,253,119.13320846560305,161.29315972541326,0.4248288391498684,0.14273132848201386,0.341333720125791,0.5406783852570098,0.0610236220472441,True,0.014698162729658792,0.05748031496062992,0.2916666666666667
CB1_CAUR_M_CF2_RI2_TI2_R12_C02__seed691202__it0000098,CB1_CAUR_M_CF2_RI2_TI2_R12_C02,ORIGINAL_PHASE6J_CAUR,M,CF2,20-40%,0.3205505402517637,ts_7bfb9d4d386c44595415,STRUCTURED_NEAR_NEIGHBOR,ts_7bfb9d4d386c44595415,STRUCTURED_NEAR_NEIGHBOR,1,0.014925373134328358,0.0,0.004761219024658203,0.008980521123197572,True,True,True,0.64,ts_7bfb9d4d386c44595415,0.014925373134328358,0.0,0.610909090909091,0.0,False,552,275,23,252,13.603031913839278,158.45510752421927,0.0790606707608646,0.21465329646264186,0.43695660477737985,0.6048934097657583,0.07171768277257778,False,0.01003457289822076,0.03566911206678472,0.08333333333333333
CB1_CAUR_M_CF2_RI2_TI2_R12_C02__seed691202__it0000137,CB1_CAUR_M_CF2_RI2_TI2_R12_C02,ORIGINAL_PHASE6J_CAUR,M,CF2,40-60%,0.4493104635589338,ts_2d90e9d1fd9d57ccb429,LOCAL_PERTURBATION,ts_f8730927885d42c91521,RELATED_VARIANT,18,0.009305210918114143,0.034739454094292806,0.32486605644226074,0.000992555831265507,False,False,False,0.4509090909090909,ts_d19df59505d656bc0cba,0.017121588089330026,0.02692307692307692,0.4909090909090909,-0.007816377171215883,False,552,275,23,252,22.702034267083295,207.68983406802334,0.09853661255988003,0.10786519599387613,0.28816362349227237,0.4840385234714778,0.0760545905707196,True,0.018083126550868484,0.06253101736972705,0.20833333333333334
CB1_CAUR_M_CF2_RI2_TI2_R12_C02__seed691202__it0000177,CB1_CAUR_M_CF2_RI2_TI2_R12_C02,ORIGINAL_PHASE6J_CAUR,M,CF2,40-60%,0.5793587621099748,ts_c32cb892a04a6d4a63c0,STRUCTURED_NEAR_NEIGHBOR,ts_18159f3493a0e9339151,RELATED_VARIANT,21,0.002207505518763797,0.03568800588668138,0.1180276870727539,0.0142261466764778,False,False,False,0.5454545454545454,ts_a255ed6651d153351b98,-0.004292371842040716,0.042187883247485895,0.43873517786561267,0.006499877360804513,False,506,253,22,231,31.897739538703302,107.3243376944941,0.2291140900395739,0.2819484523290768,0.47329122624261555,0.6692719515832428,0.06683836154034829,True,0.01022704247581875,0.03482953151827324,0.2608695652173913
CB1_CAUR_M_CF2_RI2_TI2_R12_C02__seed691202__it0000220,CB1_CAUR_M_CF2_RI2_TI2_R12_C02,ORIGINAL_PHASE6J_CAUR,M,CF2,60-80%,0.7186114537322483,ts_eedba2e1a6e5f6f05629,STRUCTURED_NEAR_NEIGHBOR,ts_be30b9ebf3efbfd1dcfc,STRUCTURED_NEAR_NEIGHBOR,17,-0.013213662428322115,0.017078035402642733,0.08110710978507996,0.0008726003490401395,False,False,False,0.644927536231884,ts_be30b9ebf3efbfd1dcfc,-0.013213662428322115,0.017078035402642733,0.4963768115942029,0.0,False,552,276,23,253,21.177319070642266,125.15080722013013,0.144724870108432,0.11555590665489839,0.3227346597978279,0.5695862744859357,0.06918474195961107,True,0.02723759660932436,0.08376963350785341,0.4166666666666667
CB1_CAUR_M_CF2_RI2_TI2_R12_C02__seed691202__it0000261,CB1_CAUR_M_CF2_RI2_TI2_R12_C02,ORIGINAL_PHASE6J_CAUR,M,CF2,80-100%,0.8502961773224593,ts_2165d7b63ad1ec149860,STRUCTURED_NEAR_NEIGHBOR,ts_99cb3325aacfee43fcb6,RELATED_VARIANT,11,-0.008737610850286907,0.014736567553468962,0.05043339729309082,0.002086593635889411,False,False,False,0.45454545454545453,ts_ddda33b0d1b7f1782fa6,-0.0013041210224308817,0.007303077725612938,0.4782608695652174,-0.007433489827856025,False,506,253,22,231,13.23286015628356,116.98225086375257,0.10162307625147611,0.16266269924919258,0.3927916686445187,0.6273866038879253,0.04094940010432968,True,0.007949468145426504,0.02634324465310381,0.043478260869565216
CB1_CAUR_M_CF2_RI2_TI2_R12_C02__seed691202__it0000293,CB1_CAUR_M_CF2_RI2_TI2_R12_C02,ORIGINAL_PHASE6J_CAUR,M,CF2,80-100%,0.9507390228343034,ts_c47c4463c2aa5da8f017,ORIGINAL_OPERATOR,ts_39471931b207153f1fe5,STRUCTURED_NEAR_NEIGHBOR,15,-0.027813217657565704,0.027813217657565704,0.07259643077850342,0.005996427660117377,False,False,False,0.5418181818181819,ts_39471931b207153f1fe5,-0.027813217657565704,0.027813217657565704,0.4109090909090909,0.0,False,552,275,23,252,25.38158312317665,153.7051106647165,0.14172791169643295,0.1975340851011791,0.44652687529889057,0.6598848046502123,0.06468486858892575,False,0.007219103512800885,0.028068384792038784,0.0
CB1_CAUR_M_CF2_RI2_TI2_R12_C02__seed721201__it0000024,CB1_CAUR_M_CF2_RI2_TI2_R12_C02,NEW_ALNS_EXPANSION,M,CF2,0-20%,0.04939782075578435,ts_20e1a705468e0efab0cb,STRUCTURED_NEAR_NEIGHBOR,ts_20e1a705468e0efab0cb,STRUCTURED_NEAR_NEIGHBOR,1,0.03349964362081254,0.0,0.16820061206817627,0.0034449988120693747,True,True,True,0.4601449275362319,,,,,,False,552,276,23,253,10.698540681625785,270.7410038980096,0.038013636987671275,0.15507985722029016,0.3991131326180843,0.639040713013507,0.057971014492753624,True,0.04286449671339193,0.097647897362794,0.75
CB1_CAUR_M_CF2_RI2_TI2_R12_C02__seed721201__it0000098,CB1_CAUR_M_CF2_RI2_TI2_R12_C02,NEW_ALNS_EXPANSION,M,CF2,0-20%,0.1798965153385203,ts_0e9f849e02a0f7b2a279,RELATED_VARIANT,ts_b0e2f26de1dffc67d87e,STRUCTURED_NEAR_NEIGHBOR,8,0.03367748279252704,0.0007374631268436543,0.14281272888183594,0.0007374631268436543,True,True,True,0.6386861313868614,,,,,,False,552,274,23,251,14.563500701736668,88.77727363554219,0.14092695545521058,0.2197627375220832,0.5456582681740572,0.6786121869318281,0.04916420845624385,True,0.02587266470009833,0.06047197640117993,0.5416666666666666
CB1_CAUR_M_CF2_RI2_TI2_R12_C02__seed721201__it0000177,CB1_CAUR_M_CF2_RI2_TI2_R12_C02,NEW_ALNS_EXPANSION,M,CF2,20-40%,0.32062226122838267,ts_7dfeb10854dcf0dd6d77,LOCAL_PERTURBATION,ts_db9690e56b9c64b1fb00,STRUCTURED_NEAR_NEIGHBOR,18,0.018002466091245374,0.014303329223181262,0.07177090644836426,0.001233045622688042,False,False,False,0.7101449275362319,,,,,,False,552,276,23,253,23.565485949451546,116.01357337828745,0.168832531634409,0.11741223228266671,0.31929692486203765,0.5240576211202363,0.06498150431565969,False,0.00896013152486642,0.04784217016029593,0.125
CB1_CAUR_M_CF2_RI2_TI2_R12_C02__seed721201__it0000251,CB1_CAUR_M_CF2_RI2_TI2_R12_C02,NEW_ALNS_EXPANSION,M,CF2,40-60%,0.4507765904567149,ts_68ff3cfec6e3ccda5419,LOCAL_PERTURBATION,ts_8cd2524c26380298ae7c,STRUCTURED_NEAR_NEIGHBOR,19,0.013192612137203167,0.0088750299832094,0.05636775493621826,0.005037179179659391,False,False,True,0.6327272727272727,,,,,,False,552,275,23,252,18.38872254512045,108.59339492859021,0.1448134817008978,0.11639947388468022,0.27941619231216386,0.49111020126179816,0.0652434636603502,True,0.018239785719996803,0.06668265771168146,0.4166666666666667
CB1_CAUR_M_CF2_RI2_TI2_R12_C02__seed721201__it0000324,CB1_CAUR_M_CF2_RI2_TI2_R12_C02,NEW_ALNS_EXPANSION,M,CF2,40-60%,0.5800489554015322,ts_55560f2c7c44de7ce01e,LOCAL_PERTURBATION,ts_d8e6a0e0dff5442c05f3,RELATED_VARIANT,17,-0.01210946960523129,0.026277549043351903,0.15391099452972412,0.0015742310486800692,False,False,False,0.5036231884057971,,,,,,False,552,276,23,253,21.133627618675344,250.40982457998123,0.07782779311214744,0.10128403092527463,0.2794803506676209,0.5090796708008394,0.061152821506418015,True,0.02021272301606523,0.05521918139985468,0.3333333333333333
CB1_CAUR_M_CF2_RI2_TI2_R12_C02__seed721201__it0000403,CB1_CAUR_M_CF2_RI2_TI2_R12_C02,NEW_ALNS_EXPANSION,M,CF2,60-80%,0.720286386803216,ts_770ec855657007f23639,LOCAL_PERTURBATION,ts_5a9e9463fb48c516705e,STRUCTURED_NEAR_NEIGHBOR,19,0.013717948717948718,0.03423076923076923,0.06392073631286621,0.017179487179487175,False,False,False,0.5217391304347826,,,,,,False,506,253,22,231,40.76400075487506,179.5418522639754,0.18503367112714472,0.19897543016100944,0.3657808128157121,0.5738984500530449,0.0817948717948718,False,0.01149386845039019,0.04564102564102564,0.08695652173913043
CB1_CAUR_M_CF2_RI2_TI2_R12_C02__seed721201__it0000475,CB1_CAUR_M_CF2_RI2_TI2_R12_C02,NEW_ALNS_EXPANSION,M,CF2,80-100%,0.8501921447244194,ts_ba7667f6f88fea42d7ee,RELATED_VARIANT,ts_51c40a9973696f6451c4,STRUCTURED_NEAR_NEIGHBOR,19,0.01681643132220796,0.030295250320924255,0.003696620464324951,0.030295250320924255,False,False,False,0.5054545454545455,,,,,,False,552,275,23,252,52.09314825275266,152.68359531421515,0.25438996316355,0.40904120002133754,0.5395397039836228,0.6766085283150824,0.08061617458279846,False,0.015735986307231494,0.04159178433889602,0.375
CB1_CAUR_M_CF2_RI2_TI2_R12_C02__seed721201__it0000530,CB1_CAUR_M_CF2_RI2_TI2_R12_C02,NEW_ALNS_EXPANSION,M,CF2,80-100%,0.9494354544566325,ts_33368b4a8562b3d789e0,ORIGINAL_OPERATOR,ts_33368b4a8562b3d789e0,ORIGINAL_OPERATOR,1,0.0,0.0,0.013741910457611084,0.00336962156557802,True,True,True,0.6145454545454545,,,,,,False,552,275,23,252,10.352174725910631,131.95819235338058,0.07274364432032347,0.1427326570932742,0.3454487985859236,0.566085317966005,0.0689476412649041,False,0.005043632279246589,0.0383618455158113,0.0
CB1_CAUR_M_CF2_RI2_TI2_R12_C02__seed721202__it0000025,CB1_CAUR_M_CF2_RI2_TI2_R12_C02,NEW_ALNS_EXPANSION,M,CF2,0-20%,0.049615244189090295,ts_906a1aa552e0793967b9,STRUCTURED_NEAR_NEIGHBOR,ts_58718497b53811dc2c3b,LOCAL_PERTURBATION,3,0.008390077821011673,0.026507782101167318,0.006711304187774658,0.00948443579766537,False,False,False,0.6811594202898551,,,,,,False,552,276,23,253,14.862031524037052,131.39295525869508,0.10161726345861435,0.15977182566723788,0.3465484305237287,0.5584800477702823,0.07052529182879377,True,0.017185473411154343,0.0625,0.2916666666666667
CB1_CAUR_M_CF2_RI2_TI2_R12_C02__seed721202__it0000100,CB1_CAUR_M_CF2_RI2_TI2_R12_C02,NEW_ALNS_EXPANSION,M,CF2,0-20%,0.1806391096693614,ts_58272f276fa47fbaf704,STRUCTURED_NEAR_NEIGHBOR,ts_58272f276fa47fbaf704,STRUCTURED_NEAR_NEIGHBOR,1,0.1032329988851728,0.0,0.006556153297424316,0.02463768115942029,True,True,True,0.6521739130434783,,,,,,False,552,276,23,253,29.61900872891283,179.58798696069834,0.14157752531782883,0.4330347122431344,0.6608827326055227,0.7655289592753696,0.13043478260869565,False,0.019165737643998513,0.04548494983277592,0.375
CB1_CAUR_M_CF2_RI2_TI2_R12_C02__seed721202__it0000179,CB1_CAUR_M_CF2_RI2_TI2_R12_C02,NEW_ALNS_EXPANSION,M,CF2,20-40%,0.3207162558110284,ts_0967ad4c98451a6da51a,MATCHED_RANDOM,ts_49b389ba7f90f11cdb42,ORIGINAL_OPERATOR,10,0.02165071770334928,0.007177033492822969,0.2583290934562683,0.007177033492822969,False,False,True,0.45054945054945056,,,,,,False,552,273,23,250,19.43611034048827,231.30171646356467,0.07751566880922693,0.1541152177047528,0.3489563831332201,0.5770526895099568,0.07344497607655504,True,0.01471291866028708,0.04186602870813397,0.25
CB1_CAUR_M_CF2_RI2_TI2_R12_C02__seed721202__it0000253,CB1_CAUR_M_CF2_RI2_TI2_R12_C02,NEW_ALNS_EXPANSION,M,CF2,40-60%,0.45062376714978863,ts_bb00fb1c1167485fe7d1,STRUCTURED_NEAR_NEIGHBOR,ts_8b3d7dfcc2e35efaae0b,STRUCTURED_NEAR_NEIGHBOR,2,0.012499999999999999,0.04056122448979592,0.10821282863616943,0.0043367346938775475,False,False,False,0.5527272727272727,,,,,,False,552,275,23,252,11.350782395558062,179.57256798871708,0.05945203859408564,0.16956188579208029,0.41264075039316894,0.6286034776375182,0.06696428571428571,True,0.016592261904761905,0.05918367346938776,0.20833333333333334
CB1_CAUR_M_CF2_RI2_TI2_R12_C02__seed721202__it0000327,CB1_CAUR_M_CF2_RI2_TI2_R12_C02,NEW_ALNS_EXPANSION,M,CF2,40-60%,0.5799082495119995,ts_06fb727c3269d53faebc,MATCHED_RANDOM,ts_7490cf50206f73415fc7,STRUCTURED_NEAR_NEIGHBOR,17,-0.026296111665004986,0.03227816550348953,0.34532785415649414,0.004985044865403789,False,False,False,0.6159420289855072,,,,,,False,552,276,23,253,16.32061845018346,102.5288956125396,0.13732170954918857,0.12688073398509989,0.2999216314521794,0.51013438955581,0.04673479561316052,True,0.015110917248255236,0.030408773678963115,0.2916666666666667
CB1_CAUR_M_CF2_RI2_TI2_R12_C02__seed721202__it0000408,CB1_CAUR_M_CF2_RI2_TI2_R12_C02,NEW_ALNS_EXPANSION,M,CF2,60-80%,0.7199361228661825,ts_5173f1d4e92743d8dbfe,RELATED_VARIANT,ts_46704fdde729aed62767,STRUCTURED_NEAR_NEIGHBOR,10,-0.02415702063412179,0.02793155510820332,0.33966660499572754,0.0020130850528434826,False,False,False,0.6304347826086957,,,,,,False,552,276,23,253,15.096985921307652,109.48834349423362,0.12117787858434956,0.14767599638587792,0.3890687943071238,0.6202157455243279,0.0484398590840463,True,0.0061126488844153665,0.033719174635128336,0.041666666666666664
CB1_CAUR_M_CF2_RI2_TI2_R12_C02__seed721202__it0000482,CB1_CAUR_M_CF2_RI2_TI2_R12_C02,NEW_ALNS_EXPANSION,M,CF2,80-100%,0.8505391049135557,ts_d91add2e9cdeac07ac67,STRUCTURED_NEAR_NEIGHBOR,ts_8701c04a6a711528d740,STRUCTURED_NEAR_NEIGHBOR,3,0.024631157789447362,0.01600400100025006,0.4711134135723114,0.0020005001250312515,False,False,False,0.6268115942028986,,,,,,False,552,276,23,253,9.562951159252068,108.89690943360829,0.0807273544928385,0.13021091247124186,0.34002457727983826,0.5905161845741314,0.04063515878969742,True,0.0416458281236976,0.10127531882970743,0.4166666666666667
CB1_CAUR_M_CF2_RI2_TI2_R12_C02__seed721202__it0000538,CB1_CAUR_M_CF2_RI2_TI2_R12_C02,NEW_ALNS_EXPANSION,M,CF2,80-100%,0.9506976661104141,ts_1e814d54d59bf91f5530,LOCAL_PERTURBATION,ts_65a3f5c8e4330e7b93e8,RELATED_VARIANT,10,0.011252813203300824,0.012253063265816454,0.11501544713973999,0.0012503125781445357,False,False,False,0.5905797101449275,,,,,,False,552,276,23,253,11.631210681015553,104.92970560190666,0.09978654125181824,0.12792493911286765,0.34692928045707616,0.559488236343454,0.04513628407101775,True,0.013086604984579477,0.040010002500625155,0.375
CB1_CAUR_M_CF2_RI2_TI2_R12_C02__seed721203__it0000024,CB1_CAUR_M_CF2_RI2_TI2_R12_C02,NEW_ALNS_EXPANSION,M,CF2,0-20%,0.04942489622044377,ts_cea17e3ef02d2f412650,MATCHED_RANDOM,ts_e0a7277a6201105f26f7,STRUCTURED_NEAR_NEIGHBOR,16,-0.006792539719088188,0.03879806585309693,0.44197410345077515,0.014390973981119042,False,False,False,0.6231884057971014,,,,,,False,552,276,23,253,27.487773442846812,102.53755709085237,0.21140321912677387,0.29985830934558755,0.4935205820613431,0.6843121968841198,0.05790927930002302,True,0.020022641799063625,0.05019571724614322,0.4583333333333333
CB1_CAUR_M_CF2_RI2_TI2_R12_C02__seed721203__it0000098,CB1_CAUR_M_CF2_RI2_TI2_R12_C02,NEW_ALNS_EXPANSION,M,CF2,0-20%,0.17986134932271947,ts_9167fb9ffba7bb77a847,STRUCTURED_NEAR_NEIGHBOR,ts_591711c7f6e17846a7e6,STRUCTURED_NEAR_NEIGHBOR,7,0.03828879407141253,0.00460363799685605,0.0874028205871582,0.00460363799685605,False,True,True,0.572463768115942,,,,,,False,552,276,23,253,23.261033352269443,163.86153299740798,0.12430907616348831,0.2167249813011543,0.46361587828102246,0.6314846786403661,0.07736357511789804,False,0.024665019836814128,0.06265439029867505,0.375
CB1_CAUR_M_CF2_RI2_TI2_R12_C02__seed721203__it0000177,CB1_CAUR_M_CF2_RI2_TI2_R12_C02,NEW_ALNS_EXPANSION,M,CF2,20-40%,0.3194347115590578,ts_37f1d2aa61d5d8984272,STRUCTURED_NEAR_NEIGHBOR,ts_71709f87df971729a9bb,STRUCTURED_NEAR_NEIGHBOR,2,0.006983901515151516,0.027462121212121212,0.1248089075088501,0.016453598484848484,False,False,False,0.6007905138339921,,,,,,False,506,253,22,231,13.194897388385915,198.48139294965836,0.06233526375256217,0.22816016185867058,0.3973346444400607,0.5939943260263594,0.07208806818181818,True,0.022850790513833995,0.07102272727272727,0.2608695652173913
CB1_CAUR_M_CF2_RI2_TI2_R12_C02__seed721203__it0000251,CB1_CAUR_M_CF2_RI2_TI2_R12_C02,NEW_ALNS_EXPANSION,M,CF2,40-60%,0.45041546006283656,ts_face11f5891983b9c70a,STRUCTURED_NEAR_NEIGHBOR,ts_f3f458c260004f4f92a2,RELATED_VARIANT,2,0.04523227383863081,0.005745721271393639,0.052583158016204834,0.005745721271393639,False,False,True,0.6284584980237155,,,,,,False,506,253,22,231,9.779193897007785,122.7995662634051,0.07376139198447403,0.1380289046477609,0.3117032170124261,0.514077349438132,0.07334963325183373,True,0.014584883597321142,0.04400977995110024,0.043478260869565216
CB1_CAUR_M_CF2_RI2_TI2_R12_C02__seed721203__it0000325,CB1_CAUR_M_CF2_RI2_TI2_R12_C02,NEW_ALNS_EXPANSION,M,CF2,40-60%,0.579361426614236,ts_4283ad683a1678c57138,LOCAL_PERTURBATION,ts_dddbfc1656db61ad92f1,STRUCTURED_NEAR_NEIGHBOR,10,-0.024675972083748755,0.03863409770687937,0.3805895447731018,0.0037387836490528417,False,False,False,0.38545454545454544,,,,,,False,552,275,23,252,20.48272357170115,210.63422384561426,0.08862493123326262,0.16908488038927186,0.4243189449550871,0.6460304819881193,0.050722831505483554,True,0.03392946161515454,0.06306081754735793,0.5833333333333334
CB1_CAUR_M_CF2_RI2_TI2_R12_C02__seed721203__it0000406,CB1_CAUR_M_CF2_RI2_TI2_R12_C02,NEW_ALNS_EXPANSION,M,CF2,60-80%,0.7207348539526519,ts_ec6d27452d67a4ae6761,RELATED_VARIANT,ts_5654dac73b36547c9b53,STRUCTURED_NEAR_NEIGHBOR,3,-0.028735632183908046,0.04431673052362707,0.022024154663085938,0.015581098339719029,False,False,False,0.6159420289855072,,,,,,False,552,276,23,253,16.768483744820863,142.05819567772687,0.10557724814109748,0.2119469010025685,0.38892760235458146,0.5920848866964552,0.07662835249042146,False,0.012824606215410811,0.039591315453384415,0.041666666666666664
CB1_CAUR_M_CF2_RI2_TI2_R12_C02__seed721203__it0000480,CB1_CAUR_M_CF2_RI2_TI2_R12_C02,NEW_ALNS_EXPANSION,M,CF2,80-100%,0.8503066536376443,ts_645800d6a6c0c3f8c865,ORIGINAL_OPERATOR,ts_b0a4a72074cfe7b2eac0,STRUCTURED_NEAR_NEIGHBOR,22,-0.011380504700643246,0.01929737753587333,0.206656813621521,0.007916872835230085,False,False,False,0.7018181818181818,,,,,,False,552,275,23,252,36.70805256400404,97.05694886961837,0.2744219502155765,0.15900456856042702,0.34546989141519313,0.5817501570669625,0.07261256803562594,False,0.016699653636813458,0.06234537357743691,0.0
CB1_CAUR_M_CF2_RI2_TI2_R12_C02__seed721203__it0000537,CB1_CAUR_M_CF2_RI2_TI2_R12_C02,NEW_ALNS_EXPANSION,M,CF2,80-100%,0.951221329259721,ts_8432242674fded898f0c,LOCAL_PERTURBATION,ts_1c2c5eb64e2864b993e2,STRUCTURED_NEAR_NEIGHBOR,2,0.031172686788718457,0.02857496288965858,0.16925764083862305,0.0034636318654131526,False,False,False,0.717391304347826,,,,,,False,552,276,23,253,13.43791388800452,116.96098307749838,0.10305235857600488,0.22413073701900305,0.4915007780480225,0.6413080638783377,0.09821870361207322,False,0.017184149760844467,0.06853043047996042,0.2916666666666667
CB1_CAUR_M_CF2_RI2_TI2_R12_C02__seed721204__it0000025,CB1_CAUR_M_CF2_RI2_TI2_R12_C02,NEW_ALNS_EXPANSION,M,CF2,0-20%,0.050228709259664446,ts_1d55634cabb18f313bb2,STRUCTURED_NEAR_NEIGHBOR,ts_1d55634cabb18f313bb2,STRUCTURED_NEAR_NEIGHBOR,1,0.02205383397421398,0.0,0.4389731287956238,0.014023976475910426,True,True,True,0.6376811594202898,,,,,,False,552,276,23,253,11.436952098868172,199.4143895954541,0.05424178004733153,0.23778903970362006,0.4196207531565525,0.6122667619812796,0.06774485410540601,True,0.01966938098469426,0.05270300836914725,0.375
CB1_CAUR_M_CF2_RI2_TI2_R12_C02__seed721204__it0000098,CB1_CAUR_M_CF2_RI2_TI2_R12_C02,NEW_ALNS_EXPANSION,M,CF2,0-20%,0.18057299990552536,ts_a83f0588025890ed2c4a,STRUCTURED_NEAR_NEIGHBOR,ts_aa1fff0f5e384e7c6679,STRUCTURED_NEAR_NEIGHBOR,11,0.025870406189555127,0.02587040618955512,0.1664750576019287,0.0015715667311411996,False,False,False,0.6218181818181818,,,,,,False,552,275,23,252,21.42235736705721,141.913687508022,0.13115511266016763,0.15106543456901766,0.3676087611665573,0.5669158125396728,0.06745647969052224,True,0.023301499032882016,0.05391682785299807,0.2916666666666667
CB1_CAUR_M_CF2_RI2_TI2_R12_C02__seed721204__it0000177,CB1_CAUR_M_CF2_RI2_TI2_R12_C02,NEW_ALNS_EXPANSION,M,CF2,20-40%,0.320607896724406,ts_3b12499a1e72fb535145,MATCHED_RANDOM,ts_a204046cd3b71a4fc4cf,ORIGINAL_OPERATOR,17,-0.010119483052913924,0.031211899536698368,0.05779528617858887,0.0048768593026091225,False,False,False,0.47101449275362317,,,,,,False,552,276,23,253,27.685308082406156,161.5150150015097,0.14632801694596956,0.16146686605025715,0.3550241385609795,0.5482810918876057,0.06827603023652767,True,0.017800536454523286,0.05462082418922214,0.375
CB1_CAUR_M_CF2_RI2_TI2_R12_C02__seed721204__it0000251,CB1_CAUR_M_CF2_RI2_TI2_R12_C02,NEW_ALNS_EXPANSION,M,CF2,40-60%,0.4505547034644932,ts_3001359293d015e433f8,STRUCTURED_NEAR_NEIGHBOR,ts_79d5336574a0ff4d68ef,STRUCTURED_NEAR_NEIGHBOR,3,0.034077273818094556,0.004799616030717539,0.019440948963165283,0.004079673626109913,False,True,True,0.7163636363636363,,,,,,False,552,275,23,252,10.926463052079562,139.8025601289345,0.07249077066569797,0.11236538237809961,0.29865307858563384,0.5176061005219261,0.0787137029037677,True,0.013788896888248942,0.054715622750179986,0.20833333333333334
CB1_CAUR_M_CF2_RI2_TI2_R12_C02__seed721204__it0000324,CB1_CAUR_M_CF2_RI2_TI2_R12_C02,NEW_ALNS_EXPANSION,M,CF2,40-60%,0.5792558488189005,ts_cd302a865badcb6690e4,STRUCTURED_NEAR_NEIGHBOR,ts_33a3574ff7379184051f,RELATED_VARIANT,11,0.010294117647058823,0.039950980392156867,0.11842972040176392,0.017892156862745104,False,False,False,0.5335968379446641,,,,,,False,506,253,22,231,27.038467823043142,130.67358115759103,0.17144199189475542,0.2762544968812616,0.4775495159820468,0.6685455589903819,0.07450980392156863,True,0.014236999147485082,0.05514705882352942,0.17391304347826086
CB1_CAUR_M_CF2_RI2_TI2_R12_C02__seed721204__it0000404,CB1_CAUR_M_CF2_RI2_TI2_R12_C02,NEW_ALNS_EXPANSION,M,CF2,60-80%,0.7204324403779093,ts_0df49caa21be4f4a2d66,STRUCTURED_NEAR_NEIGHBOR,ts_0a0a623026a71baf914d,RELATED_VARIANT,8,0.014959863780102165,0.0138652396010703,0.010563135147094727,0.009243493067380204,False,False,False,0.8072727272727273,,,,,,False,552,275,23,252,18.189281596510522,118.85103860745775,0.1327294154701181,0.14566972489425692,0.3341024615674332,0.56890497755577,0.07662369253223061,False,0.008939430795426903,0.06421795183653611,0.041666666666666664
CB1_CAUR_M_CF2_RI2_TI2_R12_C02__seed721204__it0000478,CB1_CAUR_M_CF2_RI2_TI2_R12_C02,NEW_ALNS_EXPANSION,M,CF2,80-100%,0.8504992584250116,ts_ed801d08bc0df079fba1,LOCAL_PERTURBATION,ts_159eff2ea7c9c2fdba8c,STRUCTURED_NEAR_NEIGHBOR,9,-0.01491028556987617,0.016426585797321203,0.27140092849731445,0.001516300227445034,False,False,False,0.6811594202898551,,,,,,False,552,276,23,253,18.063735324343156,130.22020389971388,0.12181855579820312,0.1499380434664556,0.3656551843325836,0.5577936009869834,0.09059893858984078,False,0.010445623789065791,0.02855698761688148,0.0
CB1_CAUR_M_CF2_RI2_TI2_R12_C02__seed721204__it0000535,CB1_CAUR_M_CF2_RI2_TI2_R12_C02,NEW_ALNS_EXPANSION,M,CF2,80-100%,0.9495373302990457,ts_fd5eb9e30448b77ec3f0,MATCHED_RANDOM,ts_b80155a47efdcc32a582,STRUCTURED_NEAR_NEIGHBOR,23,-0.011751326762699014,0.0511751326762699,0.16847139596939087,0.005180692443770528,False,False,False,0.5434782608695652,,,,,,False,552,276,23,253,52.65165970745063,131.29608128176753,0.2862316189603913,0.1891152919249205,0.4442121307187784,0.6660741515615681,0.0676017184735911,False,0.008855614522786623,0.043719989891331815,0.20833333333333334
CB1_CAUR_M_CF2_RI2_TI2_R12__seed691201__it0000015,CB1_CAUR_M_CF2_RI2_TI2_R12,ORIGINAL_PHASE6J_CAUR,M,CF2,0-20%,0.050789142524647966,ts_d3e23b45626f6b49c319,RELATED_VARIANT,ts_5f06c3c802d9c8e15028,ORIGINAL_OPERATOR,7,0.0,0.022208700943109217,0.19820737838745117,0.014298752662001825,False,False,False,0.5890909090909091,ts_6c4be079f62e486077f9,0.007909948281107393,0.014298752662001825,0.5672727272727273,-0.007909948281107393,True,552,275,23,252,15.961700396261158,99.20594039295653,0.1385953579224099,0.16065801436223975,0.3102150181231661,0.4938323799342429,0.09613629449345908,False,0.005691613426630159,0.041983571645877696,0.125
CB1_CAUR_M_CF2_RI2_TI2_R12__seed691201__it0000056,CB1_CAUR_M_CF2_RI2_TI2_R12,ORIGINAL_PHASE6J_CAUR,M,CF2,0-20%,0.18001578462292958,ts_ab75f960f18fe6a9a55c,MATCHED_RANDOM,ts_da1994b2b8739875a6d8,RELATED_VARIANT,17,-0.0010958046336881654,0.0635566687539136,0.4179166555404663,0.016906700062617408,False,False,False,0.5,ts_b29818fdc76b7c263a6b,-0.01158422041327489,0.07404508453350031,0.4782608695652174,0.010488415779586724,False,552,276,23,253,54.61543593795518,264.2252602161048,0.171293804701661,0.24238624721399976,0.4456987203558948,0.6090526097713508,0.14057608015028178,False,0.015823940722187433,0.05666875391358798,0.2916666666666667
CB1_CAUR_M_CF2_RI2_TI2_R12__seed691201__it0000101,CB1_CAUR_M_CF2_RI2_TI2_R12,ORIGINAL_PHASE6J_CAUR,M,CF2,20-40%,0.32151193593458854,ts_4c2571b838a5968a3f9c,RELATED_VARIANT,ts_4c2571b838a5968a3f9c,RELATED_VARIANT,1,0.05753701211305518,0.0,0.04433941841125488,0.007570659488559887,True,True,True,0.5396825396825397,ts_670cc71c9c86329c7409,0.004374158815612383,0.0531628532974428,0.4007936507936508,0.0531628532974428,False,506,252,22,230,15.85758542026297,257.0384155733028,0.05810852985213533,0.18165564805429874,0.42718845434395797,0.6295207756237793,0.09757738896366083,False,0.06714845807244427,0.09959623149394348,0.7391304347826086
CB1_CAUR_M_CF2_RI2_TI2_R12__seed691201__it0000142,CB1_CAUR_M_CF2_RI2_TI2_R12,ORIGINAL_PHASE6J_CAUR,M,CF2,40-60%,0.45043836649198116,ts_b6cc350b34bb1db2371a,ORIGINAL_OPERATOR,ts_dbfcd7fb45906e6db81e,RELATED_VARIANT,16,0.013312202852614897,0.008874801901743265,0.11507236957550049,0.0003169572107765452,False,False,True,0.6847826086956522,ts_bd608bf1bc383feba724,-0.03645007923930269,0.058637083993660855,0.5978260869565217,0.04976228209191759,False,552,276,23,253,33.03181334553533,160.0607563277802,0.1710672420042902,0.12149155633427093,0.33258929041401636,0.5588226900483244,0.10491283676703644,False,0.00306391970417327,0.025990491283676705,0.041666666666666664
CB1_CAUR_M_CF2_RI2_TI2_R12__seed691201__it0000184,CB1_CAUR_M_CF2_RI2_TI2_R12,ORIGINAL_PHASE6J_CAUR,M,CF2,40-60%,0.5811639678035672,ts_88903051615796ab0fd4,ORIGINAL_OPERATOR,ts_c18b387cb554826f3478,RELATED_VARIANT,6,0.0625,0.0030684754521963786,0.1518336534500122,0.002422480620155029,False,True,True,0.49818181818181817,ts_88903051615796ab0fd4,0.06556847545219638,0.0,0.610909090909091,-0.0030684754521963786,False,552,275,23,252,25.755143348084005,426.2535144200398,0.056979314235383854,0.14396776926218466,0.4056706877051469,0.6522582045578892,0.09544573643410853,True,0.02841031438415159,0.08430232558139535,0.375
CB1_CAUR_M_CF2_RI2_TI2_R12__seed691201__it0000227,CB1_CAUR_M_CF2_RI2_TI2_R12,ORIGINAL_PHASE6J_CAUR,M,CF2,60-80%,0.718909056557602,ts_f89d47a770267eaecdb8,STRUCTURED_NEAR_NEIGHBOR,ts_059eaa16cf9c83d45d47,ORIGINAL_OPERATOR,11,0.02140625,0.0060937499999999985,0.3240625262260437,0.004687500000000001,False,False,True,0.6131386861313869,ts_1d6e1258bda1bb0ac534,-0.010624999999999999,0.038125,0.5693430656934306,0.03203125,False,552,274,23,251,20.22267419175992,127.28493995865944,0.13709579880492176,0.1415348699225864,0.3498192372343449,0.6155125035504685,0.0584375,True,0.019531249999999997,0.0559375,0.4166666666666667
CB1_CAUR_M_CF2_RI2_TI2_R12__seed691201__it0000268,CB1_CAUR_M_CF2_RI2_TI2_R12,ORIGINAL_PHASE6J_CAUR,M,CF2,80-100%,0.8498400577380261,ts_886be9247c623db9d73c,RELATED_VARIANT,ts_02285376fb92367e8dc1,RELATED_VARIANT,9,0.023019104290635764,0.023019104290635764,0.008779585361480713,0.0050109614782336345,False,False,False,0.6014492753623188,ts_ca5edeba86761624947a,0.041027247103037894,0.0050109614782336345,0.6123188405797102,-0.01800814281240213,False,552,276,23,253,21.955352242079794,150.90203242243842,0.12701425677989264,0.16805283378905617,0.4039575390074059,0.5979032371700004,0.08737864077669902,True,0.010974527612485645,0.03632947071719386,0.20833333333333334
CB1_CAUR_M_CF2_RI2_TI2_R12__seed691201__it0000299,CB1_CAUR_M_CF2_RI2_TI2_R12,ORIGINAL_PHASE6J_CAUR,M,CF2,80-100%,0.9485557131477838,ts_8bb9d8aceac2f0008979,ORIGINAL_OPERATOR,ts_3dab65aa3295a7cd0156,ORIGINAL_OPERATOR,23,0.053930817610062895,0.03852201257861636,0.16643792390823364,0.0160377358490566,False,False,False,0.4963768115942029,ts_3dab65aa3295a7cd0156,0.053930817610062895,0.03852201257861636,0.6413043478260869,0.0,False,552,276,23,253,89.0609626889121,233.69325391220184,0.27594050862232705,0.21442089280802035,0.4349068741120211,0.6534127359386352,0.11666666666666667,True,0.04132599580712788,0.09559748427672955,0.3333333333333333
CB1_CAUR_M_CF2_RI2_TI2_R12__seed691202__it0000014,CB1_CAUR_M_CF2_RI2_TI2_R12,ORIGINAL_PHASE6J_CAUR,M,CF2,0-20%,0.05080914954114782,ts_79d217c03f98f27339b7,ORIGINAL_OPERATOR,ts_6d5ab545390426176b4c,STRUCTURED_NEAR_NEIGHBOR,20,0.031585596967782695,0.061907770056854064,0.2627735137939453,0.012950094756790903,False,False,False,0.5869565217391305,ts_295e13cfce8b8275b774,0.04311433986102338,0.05037902716361338,0.532608695652174,-0.011528742893240684,True,552,276,23,253,44.02347725789794,226.27428109923397,0.16287030098019442,0.1833971275321795,0.38570160762881966,0.5591130026848666,0.10249526216045482,False,0.018846072857443674,0.05590650663297536,0.20833333333333334
CB1_CAUR_M_CF2_RI2_TI2_R12__seed691202__it0000055,CB1_CAUR_M_CF2_RI2_TI2_R12,ORIGINAL_PHASE6J_CAUR,M,CF2,0-20%,0.18113961622985386,ts_f780b6b678643d2cc3a7,ORIGINAL_OPERATOR,ts_4a3f0674536acc9c8fe9,STRUCTURED_NEAR_NEIGHBOR,9,-0.017900120336943444,0.017900120336943444,0.11138463020324707,0.011432009626955475,False,False,False,0.6231884057971014,ts_8ea26506c74fff9dc24d,-0.015042117930204574,0.015042117930204574,0.6521739130434783,-0.00285800240673887,False,552,276,23,253,24.18075358546684,194.77714410981707,0.11043563095914609,0.16165168130412466,0.3348576638679301,0.5549707608281211,0.08904933814681107,False,0.007546129161652627,0.034897713598074614,0.0
CB1_CAUR_M_CF2_RI2_TI2_R12__seed691202__it0000099,CB1_CAUR_M_CF2_RI2_TI2_R12,ORIGINAL_PHASE6J_CAUR,M,CF2,20-40%,0.31879785157392776,ts_44c095414b2fc8e9e393,STRUCTURED_NEAR_NEIGHBOR,ts_86efea8ba72dc688c076,STRUCTURED_NEAR_NEIGHBOR,4,-0.0025245025245025244,0.047520047520047515,0.1285550892353058,0.019156519156519156,False,False,False,0.7065217391304348,ts_c4781011dca90ce3518f,-0.018859518859518858,0.06385506385506384,0.6340579710144928,0.016335016335016335,False,552,276,23,253,23.589450325741353,125.3556217254239,0.15837684322740106,0.25830187929990933,0.4464025852384633,0.605856393798992,0.08895158895158894,False,0.01746114246114246,0.05375705375705375,0.375
CB1_CAUR_M_CF2_RI2_TI2_R12__seed691202__it0000140,CB1_CAUR_M_CF2_RI2_TI2_R12,ORIGINAL_PHASE6J_CAUR,M,CF2,40-60%,0.45066458773780155,ts_40560a2c0d99e9c5286c,RELATED_VARIANT,ts_f556e9455210ed459016,ORIGINAL_OPERATOR,8,0.0,0.04861744150714069,0.01269596815109253,0.010179276815557588,False,False,False,0.6532846715328468,ts_13c42314c32891e5fa66,0.001367365542388331,0.04725007596475236,0.6021897810218978,-0.001367365542388331,True,552,274,23,251,23.582144763720425,159.66205703623405,0.12869244719385323,0.22818391726627243,0.46760897540136803,0.6411929010957684,0.09176542084472805,True,0.035336270637091056,0.08173807353388028,0.4166666666666667
CB1_CAUR_M_CF2_RI2_TI2_R12__seed691202__it0000181,CB1_CAUR_M_CF2_RI2_TI2_R12,ORIGINAL_PHASE6J_CAUR,M,CF2,40-60%,0.5804954083606823,ts_c962699be3552dd599c7,MATCHED_RANDOM,ts_b2b7d0c3026b6da7c3bd,RELATED_VARIANT,17,0.014166923313828149,0.04542654758238374,0.08039310574531555,0.011087157376039422,False,False,False,0.45652173913043476,ts_62bacdafada3514c27a9,0.04850631352017247,0.011087157376039422,0.6304347826086957,-0.03433939020634432,False,552,276,23,253,36.82459575265352,275.5549815777475,0.11788413335902714,0.23119516551076133,0.45182286251085263,0.6185232732122952,0.11287342161995689,True,0.046761112822092187,0.15029257776408994,0.6666666666666666
CB1_CAUR_M_CF2_RI2_TI2_R12__seed691202__it0000225,CB1_CAUR_M_CF2_RI2_TI2_R12,ORIGINAL_PHASE6J_CAUR,M,CF2,60-80%,0.7205457576067706,ts_9a5cb3b92f024c13ade2,LOCAL_PERTURBATION,ts_a2dc6c46b66fb32342c7,STRUCTURED_NEAR_NEIGHBOR,10,0.0012285012285012285,0.03808353808353808,0.01318514347076416,0.0059889434889434864,False,False,False,0.64,ts_ec8c3ca1139c36ee6d12,-0.007371007371007371,0.04668304668304668,0.6036363636363636,0.0085995085995086,False,552,275,23,252,19.020996124427796,149.28037880107735,0.11301747316590262,0.1392437940088594,0.3464963216030608,0.5527230920899677,0.1035012285012285,True,0.010954135954135955,0.04668304668304669,0.125
CB1_CAUR_M_CF2_RI2_TI2_R12__seed691202__it0000266,CB1_CAUR_M_CF2_RI2_TI2_R12,ORIGINAL_PHASE6J_CAUR,M,CF2,80-100%,0.8499833948525685,ts_07253d6e04af447580d1,RELATED_VARIANT,ts_a82aa010eea9e7d07f8b,STRUCTURED_NEAR_NEIGHBOR,3,0.0027941633033219497,0.018627755355479666,0.22100234031677246,0.007761564731449861,False,False,False,0.6290909090909091,ts_94362976b29fe8e24a37,0.013660353927351754,0.007761564731449861,0.6363636363636364,-0.010866190624029805,False,552,275,23,252,18.338385440178765,181.2747720408921,0.09186962258195719,0.1449208490287919,0.3348709143841675,0.5341162166596316,0.09469108972368828,False,0.0051226327227569075,0.02825209562247749,0.041666666666666664
CB1_CAUR_M_CF2_RI2_TI2_R12__seed691202__it0000297,CB1_CAUR_M_CF2_RI2_TI2_R12,ORIGINAL_PHASE6J_CAUR,M,CF2,80-100%,0.9487634742953127,ts_9e0b1d0a6c9f7d688fac,RELATED_VARIANT,ts_dccee31a9cacdf0b22da,RELATED_VARIANT,2,-0.019881950916433674,0.035104069586828206,0.5366204380989075,0.011494252873563216,False,False,False,0.5818181818181818,ts_206888a1e62f7d449d17,-0.008387698042870456,0.023609816713264987,0.4618181818181818,-0.011494252873563218,True,552,275,23,252,14.8552851500252,236.74684072526367,0.059042764834938206,0.11978551490523776,0.26215317365681634,0.4523592898247029,0.09847778813296054,False,0.018975872424148287,0.05716060888474681,0.4583333333333333
CB1_CAUR_M_CF2_RI2_TI2_R12__seed721201__it0000025,CB1_CAUR_M_CF2_RI2_TI2_R12,NEW_ALNS_EXPANSION,M,CF2,0-20%,0.04993958734419601,ts_97ad5c828dc666553006,STRUCTURED_NEAR_NEIGHBOR,ts_0ddd00cf6927ed60788a,STRUCTURED_NEAR_NEIGHBOR,2,-0.0014463407578825572,0.011859994214636968,0.08528745174407959,0.005496094879953717,False,False,False,0.7210144927536232,,,,,,False,552,276,23,253,15.122523960205644,204.2891958756866,0.06892304554887245,0.11431353870571306,0.2982774466577265,0.5251282853943698,0.1295921319062771,False,0.004459550670137884,0.030662424067110214,0.0
CB1_CAUR_M_CF2_RI2_TI2_R12__seed721201__it0000100,CB1_CAUR_M_CF2_RI2_TI2_R12,NEW_ALNS_EXPANSION,M,CF2,0-20%,0.18049463734424817,ts_c2d6d773a3d7e3bf1554,LOCAL_PERTURBATION,ts_da2c5f7db7484954d73d,MATCHED_RANDOM,9,0.01827641408751334,0.007203842049092846,0.0037288665771484375,0.0016008537886872988,False,False,True,0.7527272727272727,,,,,,False,552,275,23,252,21.11519364434904,160.91287248803604,0.11599965924481345,0.13749830768078083,0.3732028959356856,0.610618915076087,0.07737459978655283,True,0.02918223052294557,0.11339381003201707,0.3333333333333333
CB1_CAUR_M_CF2_RI2_TI2_R12__seed721201__it0000181,CB1_CAUR_M_CF2_RI2_TI2_R12,NEW_ALNS_EXPANSION,M,CF2,20-40%,0.31996250862291953,ts_77d9a6e656bb98b8ebd3,RELATED_VARIANT,ts_77d9a6e656bb98b8ebd3,RELATED_VARIANT,1,0.0613233665559247,0.0,0.3891785740852356,0.02187153931339978,True,True,True,0.5942028985507246,,,,,,False,552,276,23,253,17.25609183985824,159.30538814440771,0.09773418211829668,0.23171482471865854,0.387459852281367,0.5735959044110661,0.08928571428571429,False,0.018814599483204134,0.057308970099667775,0.16666666666666666
CB1_CAUR_M_CF2_RI2_TI2_R12__seed721201__it0000255,CB1_CAUR_M_CF2_RI2_TI2_R12,NEW_ALNS_EXPANSION,M,CF2,40-60%,0.44942070908208004,ts_365566f678c7b60a08b7,RELATED_VARIANT,ts_b279f9e2cbe0b8162eb0,STRUCTURED_NEAR_NEIGHBOR,13,-0.015944645006016847,0.06302647412755716,0.29634302854537964,0.023465703971119134,False,False,False,0.45652173913043476,,,,,,False,552,276,23,253,49.96300742192078,248.2838581338402,0.16752232191549912,0.4219794724802317,0.6045041640733044,0.7270846895885085,0.10033092659446449,False,0.03514841556357801,0.1272563176895307,0.4166666666666667
CB1_CAUR_M_CF2_RI2_TI2_R12__seed721201__it0000329,CB1_CAUR_M_CF2_RI2_TI2_R12,NEW_ALNS_EXPANSION,M,CF2,40-60%,0.5804009503934467,ts_46cd367d1c5d6cd8a122,MATCHED_RANDOM,ts_f8e8c2d8fdcc1eb75572,STRUCTURED_NEAR_NEIGHBOR,20,-0.023439789041898626,0.04219162027541752,0.0038999319076538086,0.002636976267213594,False,False,False,0.6014492753623188,,,,,,False,552,276,23,253,50.79772306360761,134.64638568948712,0.2739247065068056,0.14021012965887125,0.3461411886938429,0.5632351637849065,0.0854087313214181,True,0.02774929192303936,0.08174626428362144,0.3333333333333333
CB1_CAUR_M_CF2_RI2_TI2_R12__seed721201__it0000406,CB1_CAUR_M_CF2_RI2_TI2_R12,NEW_ALNS_EXPANSION,M,CF2,60-80%,0.7194701095737162,ts_fcd37871d2299363d3bb,MATCHED_RANDOM,ts_d6989fa922a5d585da41,RELATED_VARIANT,11,0.0572855464159812,0.02071092831962397,0.2593829035758972,0.0054347826086956486,False,False,False,0.44565217391304346,,,,,,False,552,276,23,253,35.38534346626369,269.1178720084712,0.11620679739324352,0.16049923945526948,0.3838542883506842,0.6180258095927673,0.09929494712103408,True,0.036807187622405015,0.08049353701527615,0.375
CB1_CAUR_M_CF2_RI2_TI2_R12__seed721201__it0000480,CB1_CAUR_M_CF2_RI2_TI2_R12,NEW_ALNS_EXPANSION,M,CF2,80-100%,0.8506752139672572,ts_5814803bdae8e3752546,ORIGINAL_OPERATOR,ts_33439d73ee428bcd6d98,RELATED_VARIANT,23,0.008362259387819503,0.03928684127485011,0.14348185062408447,0.0055222467655411805,False,False,False,0.4891304347826087,,,,,,False,552,276,23,253,81.60147811313301,239.38368902800943,0.2542219593506995,0.18019091463742257,0.4309664232232473,0.6150867105278697,0.08993373303881351,True,0.023456400546965392,0.07100031555695804,0.2916666666666667
CB1_CAUR_M_CF2_RI2_TI2_R12__seed721201__it0000538,CB1_CAUR_M_CF2_RI2_TI2_R12,NEW_ALNS_EXPANSION,M,CF2,80-100%,0.9498265515409361,ts_de9f0bc3ec40526012b6,MATCHED_RANDOM,ts_bc8f3f857ee01f8399a3,RELATED_VARIANT,13,0.056364787840405314,0.022957568081063973,0.05442929267883301,0.0023749208359721413,False,False,False,0.56,,,,,,False,552,275,23,252,33.13348603732988,196.19901251157884,0.14447793595317082,0.16629326637441638,0.43803706038035695,0.6262463892964752,0.07932235592146929,True,0.04778868482161706,0.1063964534515516,0.3333333333333333
CB1_CAUR_M_CF2_RI2_TI2_R12__seed721202__it0000025,CB1_CAUR_M_CF2_RI2_TI2_R12,NEW_ALNS_EXPANSION,M,CF2,0-20%,0.049779868983619725,ts_35eeaa0e58dccd135966,RELATED_VARIANT,ts_35eeaa0e58dccd135966,RELATED_VARIANT,1,0.015538583091914668,0.0,0.3690888285636902,0.0028970239662891757,True,True,True,0.68,,,,,,False,552,275,23,252,7.65860651436777,134.48042427484424,0.0538810942486674,0.11386050823678041,0.30101668327446185,0.5288439730828495,0.09547010797998419,True,0.05344131331753139,0.11640769028180142,0.75
CB1_CAUR_M_CF2_RI2_TI2_R12__seed721202__it0000101,CB1_CAUR_M_CF2_RI2_TI2_R12,NEW_ALNS_EXPANSION,M,CF2,0-20%,0.180102264819682,ts_59e88e04450b5b1f48b3,RELATED_VARIANT,ts_bb44c92e501177d40bb4,STRUCTURED_NEAR_NEIGHBOR,9,0.008870490833826138,0.04272619751626257,0.17306840419769287,0.01108811354228268,False,False,False,0.6340579710144928,,,,,,False,552,276,23,253,30.703650211449155,220.05334574788225,0.12244384286861043,0.16073959753971223,0.37964121870738793,0.5852549679039856,0.11162034299231224,True,0.015424797949931004,0.08042578356002365,0.16666666666666666
CB1_CAUR_M_CF2_RI2_TI2_R12__seed721202__it0000181,CB1_CAUR_M_CF2_RI2_TI2_R12,NEW_ALNS_EXPANSION,M,CF2,20-40%,0.3201661640327313,ts_9a52e2e20dff859136fa,STRUCTURED_NEAR_NEIGHBOR,ts_94fa48e8b61da39d7d01,STRUCTURED_NEAR_NEIGHBOR,6,0.005657708628005657,0.04002828854314003,0.10379171371459961,0.007355021216407354,False,False,False,0.677536231884058,,,,,,False,552,276,23,253,23.881498329061397,160.49779149516235,0.12952375698934843,0.20800407690388203,0.44877051588803696,0.6278587684815109,0.08741159830268741,True,0.029113625648279115,0.0743988684582744,0.3333333333333333
CB1_CAUR_M_CF2_RI2_TI2_R12__seed721202__it0000256,CB1_CAUR_M_CF2_RI2_TI2_R12,NEW_ALNS_EXPANSION,M,CF2,40-60%,0.449875585934277,ts_88097dcf9f8ec9c95c66,RELATED_VARIANT,ts_8ae18b6900cc3dd35f1a,STRUCTURED_NEAR_NEIGHBOR,3,0.01806290875116786,0.025692930551230148,0.11049723625183105,0.0035814388041108675,False,False,False,0.5474452554744526,,,,,,False,552,274,23,251,16.51164872271596,213.16137118648706,0.07189198247684266,0.14284689829273148,0.38476763674606174,0.5953388382950725,0.08906882591093118,False,0.005320253295961798,0.03706010588601682,0.08333333333333333
CB1_CAUR_M_CF2_RI2_TI2_R12__seed721202__it0000330,CB1_CAUR_M_CF2_RI2_TI2_R12,NEW_ALNS_EXPANSION,M,CF2,40-60%,0.5796637553442556,ts_5814e34346b77e9793b4,RELATED_VARIANT,ts_5814e34346b77e9793b4,RELATED_VARIANT,1,0.05198098256735341,0.0,0.12227439880371094,0.022187004754358162,True,True,True,0.6123188405797102,,,,,,False,552,276,23,253,26.234352654129875,164.42314112937427,0.13759937851653276,0.3037980885362925,0.48490723175606043,0.6302179071940118,0.10015847860538828,False,0.00788431061806656,0.04405705229793978,0.125
CB1_CAUR_M_CF2_RI2_TI2_R12__seed721202__it0000410,CB1_CAUR_M_CF2_RI2_TI2_R12,NEW_ALNS_EXPANSION,M,CF2,60-80%,0.7194371535409372,ts_6f870d5d72f77e754bfb,ORIGINAL_OPERATOR,ts_83018863ef5f8bc526e5,STRUCTURED_NEAR_NEIGHBOR,24,0.016466117796073463,0.04401519949335023,0.3652743101119995,0.00221659278024066,False,False,False,0.48363636363636364,,,,,,False,552,275,23,252,198.33794039426408,245.14621412504803,0.44722666722837146,0.13902235112460218,0.37882401074565014,0.5839620595150706,0.09563014566181127,False,0.005567869959890226,0.04844838505383154,0.08333333333333333
CB1_CAUR_M_CF2_RI2_TI2_R12__seed721202__it0000485,CB1_CAUR_M_CF2_RI2_TI2_R12,NEW_ALNS_EXPANSION,M,CF2,80-100%,0.8499501766555858,ts_1cffce4a93f81282117e,STRUCTURED_NEAR_NEIGHBOR,ts_6b6f5009f2bea5576fdd,STRUCTURED_NEAR_NEIGHBOR,5,-0.009457755359394703,0.014974779319041613,0.23465871810913086,0.0026796973518284986,False,False,False,0.7717391304347826,,,,,,False,552,276,23,253,17.34296595097031,179.0568416605046,0.08830439378677388,0.10661832964247284,0.2930359661372741,0.5452548710307095,0.09977931904161412,True,0.007881462799495588,0.05138713745271123,0.041666666666666664
CB1_CAUR_M_CF2_RI2_TI2_R12__seed721202__it0000543,CB1_CAUR_M_CF2_RI2_TI2_R12,NEW_ALNS_EXPANSION,M,CF2,80-100%,0.9504452735408911,ts_0994cabf2a5256dbbb3a,ORIGINAL_OPERATOR,ts_9977092cd2bed42194a4,STRUCTURED_NEAR_NEIGHBOR,22,-0.0028373266078184113,0.024117276166456494,0.014391005039215088,0.021279949558638083,False,False,False,0.48616600790513836,,,,,,False,506,253,22,231,41.50556751437035,193.19308155968758,0.17684621397745445,0.2513014141403945,0.4036712663520673,0.5983811407155742,0.07471626733921816,True,0.013364219529579472,0.04445145018915511,0.17391304347826086
CB1_CAUR_M_CF2_RI2_TI2_R12__seed721203__it0000025,CB1_CAUR_M_CF2_RI2_TI2_R12,NEW_ALNS_EXPANSION,M,CF2,0-20%,0.050159481868861606,ts_070fa16468da5fdc07bf,LOCAL_PERTURBATION,ts_9e115a7915ad027aacf1,RELATED_VARIANT,11,-0.017833199249128455,0.03982300884955753,0.15380847454071045,0.00817913649772057,False,False,False,0.572463768115942,,,,,,False,552,276,23,253,23.22836998876101,255.0385323600791,0.0834751448795787,0.1240150388719164,0.2845914200614728,0.48188454071312736,0.10257441673370876,True,0.015777241440958253,0.049879324215607396,0.2916666666666667
CB1_CAUR_M_CF2_RI2_TI2_R12__seed721203__it0000100,CB1_CAUR_M_CF2_RI2_TI2_R12,NEW_ALNS_EXPANSION,M,CF2,0-20%,0.17994136642640815,ts_73825a3a5f5b15b97460,RELATED_VARIANT,ts_6d2098aaf9a5a51c3870,STRUCTURED_NEAR_NEIGHBOR,6,0.002409980153104622,0.014885171533881483,0.13170146942138672,0.0028352707683583778,False,False,False,0.6086956521739131,,,,,,False,552,276,23,253,15.492596829902318,130.90500810150252,0.10582548011739284,0.12648962218449503,0.32612091025415685,0.5280433000439907,0.07286645874681032,True,0.039268500141763536,0.073433512900482,0.625
CB1_CAUR_M_CF2_RI2_TI2_R12__seed721203__it0000181,CB1_CAUR_M_CF2_RI2_TI2_R12,NEW_ALNS_EXPANSION,M,CF2,20-40%,0.3191596308525568,ts_d0e715a7cfef949dc432,RELATED_VARIANT,ts_e3b83c8a974d29d08199,STRUCTURED_NEAR_NEIGHBOR,16,0.04062968515742129,0.008845577211394305,0.21176576614379883,0.0011994002998500786,False,False,True,0.5890909090909091,,,,,,False,552,275,23,252,26.509988089561894,247.1650493618954,0.09686666469996945,0.11821533189977095,0.3123874841395558,0.5516259980193887,0.07706146926536732,True,0.01735382308845577,0.06266866566716642,0.20833333333333334
CB1_CAUR_M_CF2_RI2_TI2_R12__seed721203__it0000255,CB1_CAUR_M_CF2_RI2_TI2_R12,NEW_ALNS_EXPANSION,M,CF2,40-60%,0.4496023464262329,ts_665b35d875d0f589ec74,RELATED_VARIANT,ts_c995919655f5c344c52d,LOCAL_PERTURBATION,14,-0.000642054574638843,0.06420545746388442,0.025546371936798096,0.016051364365971106,False,False,False,0.35507246376811596,,,,,,False,552,276,23,253,60.80493305234999,479.3309750725622,0.11257339520980006,0.21991082038960238,0.45541622050823377,0.654036183308585,0.12423756019261638,False,0.08485821294810059,0.1322632423756019,0.7916666666666666
CB1_CAUR_M_CF2_RI2_TI2_R12__seed721203__it0000328,CB1_CAUR_M_CF2_RI2_TI2_R12,NEW_ALNS_EXPANSION,M,CF2,40-60%,0.5800112159018592,ts_e9913d145b3b4eef4437,ORIGINAL_OPERATOR,ts_ec8551d92b083f980d6c,STRUCTURED_NEAR_NEIGHBOR,19,0.007883948281299276,0.013875748975086722,0.17340314388275146,0.0006307158625039402,False,False,False,0.6507936507936508,,,,,,False,506,252,22,230,32.79728836541935,157.29559191008076,0.17253296555813402,0.13955687840080164,0.3606850187601953,0.5647249639190413,0.1280353200883002,False,0.0025914195220270654,0.02522863450015768,0.0
CB1_CAUR_M_CF2_RI2_TI2_R12__seed721203__it0000408,CB1_CAUR_M_CF2_RI2_TI2_R12,NEW_ALNS_EXPANSION,M,CF2,60-80%,0.7186211324263494,ts_5123df0656c0c9e7659d,RELATED_VARIANT,ts_11c3cc7128fcc03af098,STRUCTURED_NEAR_NEIGHBOR,11,0.045349983568846536,0.0031219191587249367,0.20670342445373535,0.0031219191587249367,False,True,True,0.6623376623376623,,,,,,False,462,231,21,210,26.63463167193619,126.2350945961983,0.17423091099946683,0.19195408008102002,0.4460097907034056,0.6177666922496035,0.10088728228721655,True,0.023391987572073013,0.09102859020703254,0.3181818181818182
CB1_CAUR_M_CF2_RI2_TI2_R12__seed721203__it0000483,CB1_CAUR_M_CF2_RI2_TI2_R12,NEW_ALNS_EXPANSION,M,CF2,80-100%,0.849266644819882,ts_c4e96c145421b612a81b,ORIGINAL_OPERATOR,ts_389ecfb48a55e89ee817,RELATED_VARIANT,2,0.07410450213604995,0.009365757476174824,0.0940324068069458,0.000821557673348669,False,False,True,0.6521739130434783,,,,,,False,552,276,23,253,14.191037075007683,173.46254309954705,0.075623588219352,0.15235960691943476,0.4322603211167552,0.6461981346750709,0.08347025961222478,True,0.02441395552634462,0.056194544857048966,0.041666666666666664
CB1_CAUR_M_CF2_RI2_TI2_R12__seed721203__it0000542,CB1_CAUR_M_CF2_RI2_TI2_R12,NEW_ALNS_EXPANSION,M,CF2,80-100%,0.9499864622623255,ts_e2bb1b4e371af1a7bebc,STRUCTURED_NEAR_NEIGHBOR,ts_e1b8a154ab246e46ee30,RELATED_VARIANT,16,-0.018895826487019388,0.024811041735129803,0.13744467496871948,0.005915215248110417,False,False,False,0.5289855072463768,,,,,,False,552,276,23,253,31.457086357548786,165.5900995588808,0.15964240347431388,0.17507755857805093,0.39329374984989945,0.5639479562770204,0.10548800525796911,False,0.023455471574104502,0.06473874465987511,0.041666666666666664
CB1_CAUR_M_CF2_RI2_TI2_R12__seed721204__it0000026,CB1_CAUR_M_CF2_RI2_TI2_R12,NEW_ALNS_EXPANSION,M,CF2,0-20%,0.051431094163878,ts_5230d7d90cff4ea7e0e5,MATCHED_RANDOM,ts_1a27ef68dbe51f53cdef,STRUCTURED_NEAR_NEIGHBOR,20,-0.019124241624901082,0.07385914006858349,0.018897652626037598,0.022157742020575043,False,False,False,0.5889328063241107,,,,,,False,506,253,22,231,67.73480797849601,130.03723073439593,0.3424893044502992,0.2550688536350225,0.439275943915017,0.6135363408106946,0.11474544974940648,False,0.02313259091899579,0.06489053020311264,0.34782608695652173
CB1_CAUR_M_CF2_RI2_TI2_R12__seed721204__it0000100,CB1_CAUR_M_CF2_RI2_TI2_R12,NEW_ALNS_EXPANSION,M,CF2,0-20%,0.17972133196718593,ts_581902fcc45e1b6f20aa,STRUCTURED_NEAR_NEIGHBOR,ts_eea07b40e87cd70cca9d,STRUCTURED_NEAR_NEIGHBOR,17,0.030714285714285715,0.019857142857142858,0.17061805725097656,0.019857142857142858,False,False,False,0.532608695652174,,,,,,False,552,276,23,253,50.1276177497318,206.05000205680636,0.1956752419965003,0.24908592049139883,0.4623625495771204,0.6341752999077945,0.10571428571428572,True,0.013059523809523807,0.08114285714285714,0.25
CB1_CAUR_M_CF2_RI2_TI2_R12__seed721204__it0000182,CB1_CAUR_M_CF2_RI2_TI2_R12,NEW_ALNS_EXPANSION,M,CF2,20-40%,0.3200650730162676,ts_4fffd856c5e087d7ae41,ORIGINAL_OPERATOR,ts_718880fd5082f2fd3bd2,RELATED_VARIANT,4,-0.015057113187954309,0.015057113187954309,0.2779659032821655,0.01142263759086189,False,False,False,0.7054545454545454,,,,,,False,552,275,23,252,15.302911351187301,106.95204692903053,0.12517211216997715,0.20272357915377198,0.3933728593045478,0.6063256600886227,0.06632917964693666,False,0.01066545517480097,0.05867082035306335,0.0
CB1_CAUR_M_CF2_RI2_TI2_R12__seed721204__it0000257,CB1_CAUR_M_CF2_RI2_TI2_R12,NEW_ALNS_EXPANSION,M,CF2,40-60%,0.44954244114747693,ts_056567f36fe18d2906a6,ORIGINAL_OPERATOR,ts_0ce23f1f2862455011d0,LOCAL_PERTURBATION,8,0.03412600370599135,0.03180975911056208,0.16140210628509521,0.009882643607164919,False,False,False,0.5219123505976095,,,,,,False,506,251,22,229,26.956975193841128,227.04835020287555,0.10612759851289945,0.21617594683941116,0.44941266332002094,0.6401984121458674,0.1096355775169858,True,0.013803475038268388,0.0426189005558987,0.2608695652173913
CB1_CAUR_M_CF2_RI2_TI2_R12__seed721204__it0000332,CB1_CAUR_M_CF2_RI2_TI2_R12,NEW_ALNS_EXPANSION,M,CF2,40-60%,0.5794061850818432,ts_6e933b99474abf78673e,STRUCTURED_NEAR_NEIGHBOR,ts_457a2d801c20ee25968f,STRUCTURED_NEAR_NEIGHBOR,15,0.015548780487804878,0.053048780487804884,0.029168009757995605,0.00792682926829269,False,False,False,0.6690909090909091,,,,,,False,552,275,23,252,38.24143619973132,191.50789553804566,0.16644851983020326,0.17447976400189735,0.4443616885062093,0.6181942543671928,0.11890243902439025,False,0.007253556910569105,0.05518292682926829,0.08333333333333333
CB1_CAUR_M_CF2_RI2_TI2_R12__seed721204__it0000412,CB1_CAUR_M_CF2_RI2_TI2_R12,NEW_ALNS_EXPANSION,M,CF2,60-80%,0.7203430759999138,ts_9127ed749e3bd265bc32,RELATED_VARIANT,ts_b310a01f4c29b965e455,STRUCTURED_NEAR_NEIGHBOR,19,0.0023547880690737836,0.05196232339089482,0.1656172275543213,0.002825745682888542,False,False,False,0.45652173913043476,,,,,,False,552,276,23,253,38.85630643887582,361.29109688412416,0.09710498210458438,0.12058168416975396,0.33896694426124135,0.5251803675082232,0.1304552590266876,True,0.06051805337519623,0.16357927786499216,0.5833333333333334
CB1_CAUR_M_CF2_RI2_TI2_R12__seed721204__it0000487,CB1_CAUR_M_CF2_RI2_TI2_R12,NEW_ALNS_EXPANSION,M,CF2,80-100%,0.8507170296392449,ts_01bda16fff60273de6f3,ORIGINAL_OPERATOR,ts_f232c51e504bcba28dc1,STRUCTURED_NEAR_NEIGHBOR,9,-0.022828154724159798,0.09923906150919468,0.05987274646759033,0.02504755865567533,False,False,False,0.6561264822134387,,,,,,False,506,253,22,231,41.71149332902967,190.7219705890705,0.17945562840179954,0.25800900764996276,0.45067247837279767,0.6386029484132265,0.11033608116677235,False,0.053031347357392955,0.0979708306911858,0.5217391304347826
CB1_CAUR_M_CF2_RI2_TI2_R12__seed721204__it0000543,CB1_CAUR_M_CF2_RI2_TI2_R12,NEW_ALNS_EXPANSION,M,CF2,80-100%,0.9496277290163562,ts_1e93a0b12fcb0ce894bc,LOCAL_PERTURBATION,ts_60c92482d245b63a4996,RELATED_VARIANT,15,-0.08148383005707038,0.11604311984781229,0.2362595796585083,0.001268230818008878,False,False,False,0.48727272727272725,,,,,,False,552,275,23,252,38.592031495856205,261.4340301477001,0.12862893071504292,0.18141722981978864,0.42715191026259525,0.6227299996712422,0.11604311984781229,True,0.04699059395476644,0.08687381103360813,0.5416666666666666
CB1_CAUR_M_CF3_RI2_TI2_R12_C02__seed691201__it0000013,CB1_CAUR_M_CF3_RI2_TI2_R12_C02,ORIGINAL_PHASE6J_CAUR,M,CF3,0-20%,0.05016606313764551,ts_290c77eff64f266153b2,RELATED_VARIANT,ts_7ed0b613f345b27dd244,RELATED_VARIANT,4,0.017349260523321957,0.062144482366325374,0.08874315023422241,0.03242320819112629,False,False,False,0.509090909090909,ts_42858a3fdd588ce239ac,0.01080773606370876,0.06868600682593858,0.4509090909090909,0.006541524459613196,False,552,275,23,252,34.45779773733732,210.6241879268739,0.14059702366108712,0.3525173473547228,0.5223037446846891,0.6747227634722975,0.12215585893060296,False,0.03268392112248768,0.09158134243458475,0.5416666666666666
CB1_CAUR_M_CF3_RI2_TI2_R12_C02__seed691201__it0000054,CB1_CAUR_M_CF3_RI2_TI2_R12_C02,ORIGINAL_PHASE6J_CAUR,M,CF3,0-20%,0.18105631386198842,ts_04165b98209d484b1566,ORIGINAL_OPERATOR,ts_dd489c12755113d71da4,RELATED_VARIANT,18,-0.0015440763615946103,0.044497473329590115,0.15323948860168457,0.0068781583380123565,False,False,False,0.5934065934065934,ts_93175defdfecd8da7b2e,0.022459292532285235,0.020494104435710273,0.5860805860805861,-0.024003368893879846,True,552,273,23,250,37.90493338298792,129.45582739057355,0.22648638311505503,0.23341951258188268,0.47983910608223845,0.696386133791245,0.07692307692307693,True,0.07603406326034064,0.12773722627737227,0.8333333333333334
CB1_CAUR_M_CF3_RI2_TI2_R12_C02__seed691201__it0000098,CB1_CAUR_M_CF3_RI2_TI2_R12_C02,ORIGINAL_PHASE6J_CAUR,M,CF3,20-40%,0.3214223322414408,ts_3f5508a920295562f239,ORIGINAL_OPERATOR,ts_e9b4d39c12b460d39c38,STRUCTURED_NEAR_NEIGHBOR,14,0.04260404949381327,0.02826209223847019,0.011643409729003906,0.0037964004499437543,False,False,False,0.6021897810218978,ts_86220a667a60ecae300c,0.0171541057367829,0.05371203599550056,0.4635036496350365,0.02544994375703037,False,552,274,23,251,30.425673452139428,175.01756214103415,0.148097713532849,0.17786123753796274,0.414542168951503,0.5941715408054544,0.07916197975253093,True,0.023750937382827148,0.093644544431946,0.20833333333333334
CB1_CAUR_M_CF3_RI2_TI2_R12_C02__seed691201__it0000137,CB1_CAUR_M_CF3_RI2_TI2_R12_C02,ORIGINAL_PHASE6J_CAUR,M,CF3,40-60%,0.44964081058599825,ts_1353970d63821c419985,STRUCTURED_NEAR_NEIGHBOR,ts_5baa2616facfc082cac7,STRUCTURED_NEAR_NEIGHBOR,3,0.01636214889555495,0.037223888737387516,0.011152148246765137,0.014316880283610584,False,False,False,0.5849802371541502,ts_1353970d63821c419985,0.053586037632942465,0.0,0.6442687747035574,-0.037223888737387516,False,506,253,22,231,19.674075909142562,127.89163943272054,0.13332416587121168,0.271059824259505,0.4678844121998172,0.6174665024940643,0.08303790564494137,False,0.030554534568003697,0.07117534769566403,0.34782608695652173
CB1_CAUR_M_CF3_RI2_TI2_R12_C02__seed691201__it0000177,CB1_CAUR_M_CF3_RI2_TI2_R12_C02,ORIGINAL_PHASE6J_CAUR,M,CF3,40-60%,0.5799411113101965,ts_f48fdf44940196e562f6,ORIGINAL_OPERATOR,ts_c99c78bf0d26cd67b072,RELATED_VARIANT,21,0.03893557422969188,0.08291316526610645,0.0042455196380615234,0.05028011204481794,False,False,False,0.5144927536231884,ts_0c7102a76a1e15db456e,0.01596638655462185,0.10588235294117648,0.3442028985507246,0.022969187675070026,False,552,276,23,253,65.5685486392988,380.11075417253005,0.14712047031491304,0.3863064605133764,0.5211320822292163,0.6827985698693944,0.13137254901960785,False,0.06097105508870215,0.11484593837535013,0.4166666666666667
CB1_CAUR_M_CF3_RI2_TI2_R12_C02__seed691201__it0000221,CB1_CAUR_M_CF3_RI2_TI2_R12_C02,ORIGINAL_PHASE6J_CAUR,M,CF3,60-80%,0.7205324185859605,ts_f555d97f61cead246f5f,LOCAL_PERTURBATION,ts_28d1ca5bdbe6c3837809,ORIGINAL_OPERATOR,11,-0.025252525252525252,0.06608946608946609,0.2217421680688858,0.007792207792207795,False,False,False,0.4218181818181818,ts_04a3901838dbd55570de,-0.010966810966810969,0.05180375180375181,0.4509090909090909,-0.014285714285714284,False,552,275,23,252,26.755697782588918,212.63622159613544,0.11176525027254866,0.1867930297560704,0.4092755607420716,0.6029030609759695,0.09696969696969697,True,0.024567099567099567,0.08196248196248196,0.4166666666666667
CB1_CAUR_M_CF3_RI2_TI2_R12_C02__seed691201__it0000262,CB1_CAUR_M_CF3_RI2_TI2_R12_C02,ORIGINAL_PHASE6J_CAUR,M,CF3,80-100%,0.848530003344861,ts_886dc1e08ae9e572d562,ORIGINAL_OPERATOR,ts_f640d5593cd69efa833e,RELATED_VARIANT,3,0.031911764705882355,0.003676470588235295,0.03594321012496948,0.003676470588235295,False,True,True,0.6678832116788321,ts_c415b34720970a1e5116,0.0029411764705882353,0.03264705882352942,0.5328467153284672,0.02897058823529412,False,552,274,23,251,16.384837712358625,154.19631612072786,0.09605303601352805,0.15769426554958565,0.3927646776494139,0.6471640278931806,0.061764705882352944,True,0.05622549019607844,0.10294117647058823,0.8333333333333334
CB1_CAUR_M_CF3_RI2_TI2_R12_C02__seed691201__it0000294,CB1_CAUR_M_CF3_RI2_TI2_R12_C02,ORIGINAL_PHASE6J_CAUR,M,CF3,80-100%,0.9485304582756663,ts_a56f9531313d7abd1ca1,STRUCTURED_NEAR_NEIGHBOR,ts_f7d0ff4467f84e4afc39,RELATED_VARIANT,12,-0.046898189373701396,0.0796972395369546,0.06381168961524963,0.004452359750667857,False,False,False,0.5652173913043478,ts_f0dd1ab6d025b5c8b9e1,0.0213713268032057,0.011427723360047493,0.5760869565217391,-0.0682695161769071,False,552,276,23,253,28.467925545486754,203.1540018603909,0.12290686751605175,0.1497938854004727,0.38068934283206673,0.6215797436411518,0.08682101513802315,True,0.07732264766993173,0.14039774413772632,0.7916666666666666
CB1_CAUR_M_CF3_RI2_TI2_R12_C02__seed691202__it0000013,CB1_CAUR_M_CF3_RI2_TI2_R12_C02,ORIGINAL_PHASE6J_CAUR,M,CF3,0-20%,0.050001765414169216,ts_4a5edee03aa5e6e0f032,MATCHED_RANDOM,ts_14dfce39306c75ed0b97,STRUCTURED_NEAR_NEIGHBOR,13,0.007151029748283752,0.0020022883295194513,0.18527942895889282,0.0020022883295194513,True,True,True,0.6340579710144928,ts_4a5edee03aa5e6e0f032,0.009153318077803204,0.0,0.5869565217391305,-0.0020022883295194513,True,552,276,23,253,19.829364222640024,181.39359189386167,0.09854424467931706,0.11109637057117185,0.30435377760174254,0.5410611077737509,0.07837528604118993,True,0.0167691647597254,0.06407322654462241,0.20833333333333334
CB1_CAUR_M_CF3_RI2_TI2_R12_C02__seed691202__it0000051,CB1_CAUR_M_CF3_RI2_TI2_R12_C02,ORIGINAL_PHASE6J_CAUR,M,CF3,0-20%,0.17789887103446808,ts_e2e9c47a098aed0b527c,LOCAL_PERTURBATION,ts_809a4cb754c0aadca4fb,ORIGINAL_OPERATOR,12,0.009642950221527235,0.019807140995569458,0.44639061391353607,0.007818608287724786,False,False,False,0.6284584980237155,ts_809a4cb754c0aadca4fb,0.009642950221527235,0.019807140995569458,0.6521739130434783,0.0,False,506,253,22,231,27.445880815607453,235.26345706064018,0.1044724220215429,0.13446082506401377,0.33579269101705445,0.5381479584449623,0.11063330727130571,True,0.04161992498668571,0.10216314829293718,0.5217391304347826
CB1_CAUR_M_CF3_RI2_TI2_R12_C02__seed691202__it0000095,CB1_CAUR_M_CF3_RI2_TI2_R12_C02,ORIGINAL_PHASE6J_CAUR,M,CF3,20-40%,0.3207433025863479,ts_0131b757d86010c80612,ORIGINAL_OPERATOR,ts_e138d7f319511a1759c7,LOCAL_PERTURBATION,9,-0.023898646703138498,0.025770227469046933,0.027839303016662598,0.0018715807659084366,False,False,False,0.7463768115942029,ts_e35d0a10b27e7cae345d,-0.019579614166426722,0.021451194932335157,0.6666666666666666,-0.004319032536711776,True,552,276,23,253,14.168911206603292,132.60322473706165,0.09653679232440754,0.1068430162338441,0.29578493485240914,0.5374611821264852,0.10279297437374027,True,0.01404885305691525,0.0417506478548805,0.08333333333333333
CB1_CAUR_M_CF3_RI2_TI2_R12_C02__seed691202__it0000136,CB1_CAUR_M_CF3_RI2_TI2_R12_C02,ORIGINAL_PHASE6J_CAUR,M,CF3,40-60%,0.45119688079335146,ts_24dc928c1c4c29fe3b22,RELATED_VARIANT,ts_9d64a50c0064f2dbccb7,RELATED_VARIANT,10,0.00909090909090909,0.08592375366568915,0.08544600009918213,0.0719941348973607,False,False,False,0.6254545454545455,ts_2abf0ff3ed45b935d3e9,0.016715542521994135,0.07829912023460411,0.6654545454545454,-0.007624633431085045,False,552,275,23,252,52.431369642785256,152.51737914433957,0.25582673694311947,0.4814903104687619,0.572604788733605,0.6933808106017194,0.17390029325513195,False,0.009176441837732162,0.03167155425219942,0.125
CB1_CAUR_M_CF3_RI2_TI2_R12_C02__seed691202__it0000175,CB1_CAUR_M_CF3_RI2_TI2_R12_C02,ORIGINAL_PHASE6J_CAUR,M,CF3,40-60%,0.5784564921381514,ts_cfefe756e0beed64d8e7,ORIGINAL_OPERATOR,ts_510a071bbb40961bb925,RELATED_VARIANT,3,-0.016764705882352942,0.016764705882352942,0.24467378854751587,0.007794117647058823,False,False,False,0.6190476190476191,ts_e0a9ed53c2002b062e6c,-0.012941176470588235,0.012941176470588235,0.645021645021645,-0.0038235294117647065,False,462,231,21,210,14.706197312334515,147.89898291154043,0.09044113657441302,0.14413096258920496,0.33724948075167016,0.5830095518582399,0.08661764705882354,True,0.02295454545454545,0.053235294117647054,0.13636363636363635
CB1_CAUR_M_CF3_RI2_TI2_R12_C02__seed691202__it0000219,CB1_CAUR_M_CF3_RI2_TI2_R12_C02,ORIGINAL_PHASE6J_CAUR,M,CF3,60-80%,0.7193811077244202,ts_be4d1f08ce801642b791,STRUCTURED_NEAR_NEIGHBOR,ts_be7a51439af0179a791e,RELATED_VARIANT,4,0.04267554479418886,0.0063559322033898275,0.4176132082939148,0.0018159806295399497,False,False,True,0.5381818181818182,ts_be7a51439af0179a791e,0.04267554479418886,0.0063559322033898275,0.4909090909090909,0.0,False,552,275,23,252,21.60518915451708,348.7069325072448,0.0583431864384147,0.12439958273570387,0.3395581422235051,0.5618676981729919,0.10623486682808717,False,0.021135996771589994,0.06779661016949153,0.2916666666666667
CB1_CAUR_M_CF3_RI2_TI2_R12_C02__seed691202__it0000260,CB1_CAUR_M_CF3_RI2_TI2_R12_C02,ORIGINAL_PHASE6J_CAUR,M,CF3,80-100%,0.8486941919309802,ts_50ffef3266c638cfc069,ORIGINAL_OPERATOR,ts_bd302071495df40f326b,LOCAL_PERTURBATION,15,0.0019431988041853513,0.04230194319880418,0.0022644400596618652,0.005680119581464867,False,False,False,0.6600790513833992,ts_d98fe8c1937917869a00,0.02077727952167414,0.023467862481315393,0.5968379446640316,-0.01883408071748879,True,506,253,22,231,27.957038296024194,157.52936023948985,0.1507228482344565,0.15973342766894608,0.37584233844375725,0.5745150123209746,0.10881913303437968,False,0.009488529277961916,0.03856502242152467,0.13043478260869565
CB1_CAUR_M_CF3_RI2_TI2_R12_C02__seed691202__it0000292,CB1_CAUR_M_CF3_RI2_TI2_R12_C02,ORIGINAL_PHASE6J_CAUR,M,CF3,80-100%,0.9493206768278595,ts_eb8ef2765e9e0d101c90,ORIGINAL_OPERATOR,ts_05317660f3acb5fc00f4,RELATED_VARIANT,17,0.02008520998174072,0.013085818624467439,0.2583277225494385,0.006542909312233721,False,False,False,0.7101449275362319,ts_e825c3ebcffd1fea577f,-0.022215459525258673,0.055386488131466835,0.4782608695652174,0.04230066950699939,False,552,276,23,253,31.559310421895695,188.045131382468,0.14370980005044956,0.1323314945943237,0.33437023359235263,0.5616805141280103,0.09403530127814973,True,0.039346216271048895,0.09555690809494827,0.4583333333333333
CB1_CAUR_M_CF3_RI2_TI2_R12_C02__seed721201__it0000025,CB1_CAUR_M_CF3_RI2_TI2_R12_C02,NEW_ALNS_EXPANSION,M,CF3,0-20%,0.04983310400009565,ts_cdf865da604af14d6b63,RELATED_VARIANT,ts_2174f9c0e634e3ec7129,LOCAL_PERTURBATION,18,-0.0036837631056956645,0.05780674412014735,0.03038579225540161,0.013601586851799373,False,False,False,0.49818181818181817,,,,,,False,552,275,23,252,43.188106837338104,155.36132481782758,0.21751815896580268,0.25117380903152503,0.45436790208503103,0.6182706417155789,0.09436100878435817,False,0.010815150656465477,0.04873901955228109,0.041666666666666664
CB1_CAUR_M_CF3_RI2_TI2_R12_C02__seed721201__it0000103,CB1_CAUR_M_CF3_RI2_TI2_R12_C02,NEW_ALNS_EXPANSION,M,CF3,0-20%,0.17888713748282592,ts_c92033c6f57822c87bf4,STRUCTURED_NEAR_NEIGHBOR,ts_8c7ef8726ef9de8fba4b,STRUCTURED_NEAR_NEIGHBOR,3,0.0265788831992197,0.03108997805413314,0.14789032936096191,0.03108997805413314,False,False,False,0.6944444444444444,,,,,,False,506,252,22,230,28.231348980352756,169.4837059472601,0.14278805926381669,0.3169418102249687,0.4834510177286845,0.6426399241961468,0.11509387954157523,True,0.030088101523488443,0.10412094611070472,0.43478260869565216
CB1_CAUR_M_CF3_RI2_TI2_R12_C02__seed721201__it0000187,CB1_CAUR_M_CF3_RI2_TI2_R12_C02,NEW_ALNS_EXPANSION,M,CF3,20-40%,0.31941018434485285,ts_9a246df7d06b82ff5c8c,RELATED_VARIANT,ts_a459833276c182d97957,STRUCTURED_NEAR_NEIGHBOR,3,-0.00014269406392694063,0.00228310502283105,0.002348780632019043,0.0021404109589041095,True,True,True,0.6618181818181819,,,,,,False,552,275,23,252,19.952960287062304,234.87080273349272,0.07830101891028436,0.10062941232622186,0.28820317415868607,0.5302737520883746,0.10702054794520548,True,0.027504280821917814,0.07990867579908675,0.2916666666666667
CB1_CAUR_M_CF3_RI2_TI2_R12_C02__seed721201__it0000267,CB1_CAUR_M_CF3_RI2_TI2_R12_C02,NEW_ALNS_EXPANSION,M,CF3,40-60%,0.4505845184138362,ts_b6e5a0c928186dd49bcd,STRUCTURED_NEAR_NEIGHBOR,ts_b6e5a0c928186dd49bcd,STRUCTURED_NEAR_NEIGHBOR,1,0.02230938955626379,0.0,0.019737541675567627,0.0030644765873988726,True,True,True,0.6195652173913043,,,,,,False,552,276,23,253,25.542726283143335,170.5991402971361,0.1302257734591757,0.19836139903034355,0.45338092357341997,0.6250597127152588,0.1013728855111547,True,0.06348573996894664,0.19735229222848738,0.5
CB1_CAUR_M_CF3_RI2_TI2_R12_C02__seed721201__it0000345,CB1_CAUR_M_CF3_RI2_TI2_R12_C02,NEW_ALNS_EXPANSION,M,CF3,40-60%,0.579938149551865,ts_dee8832b03c1c6c876e0,STRUCTURED_NEAR_NEIGHBOR,ts_fa7ca31dca7f2faf11ca,STRUCTURED_NEAR_NEIGHBOR,2,-0.018742953776775647,0.05115558060879369,0.026765942573547363,0.012965050732807216,False,False,False,0.6654545454545454,,,,,,False,552,275,23,252,22.57182296009122,137.07220632864033,0.141388456935448,0.2773431003988734,0.515202397491231,0.680068807515605,0.08314543404735061,False,0.01033446072904923,0.04650507328072153,0.08333333333333333
CB1_CAUR_M_CF3_RI2_TI2_R12_C02__seed721201__it0000430,CB1_CAUR_M_CF3_RI2_TI2_R12_C02,NEW_ALNS_EXPANSION,M,CF3,60-80%,0.7206607595174412,ts_cca18d65b13b5982c67a,STRUCTURED_NEAR_NEIGHBOR,ts_92bd37c64a047b50293b,STRUCTURED_NEAR_NEIGHBOR,2,0.009707287933094383,0.02912186379928316,0.0760236382484436,0.02180406212664277,False,False,False,0.7318840579710145,,,,,,False,552,276,23,253,21.396523628819935,172.50644991835887,0.11034654723133432,0.1919192949124679,0.3464352920974136,0.5322238662481752,0.10916965352449223,True,0.020422640382317805,0.07228195937873358,0.3333333333333333
CB1_CAUR_M_CF3_RI2_TI2_R12_C02__seed721201__it0000509,CB1_CAUR_M_CF3_RI2_TI2_R12_C02,NEW_ALNS_EXPANSION,M,CF3,80-100%,0.8500681092760903,ts_d89af4019c0e1e282b6e,ORIGINAL_OPERATOR,ts_a9185da1c022f3a169d7,STRUCTURED_NEAR_NEIGHBOR,11,0.007467144563918757,0.03912783751493429,0.2201366126537323,0.0065710872162485015,False,False,False,0.4690909090909091,,,,,,False,552,275,23,252,33.00334884139161,294.682518821745,0.10071642416791463,0.1617477889150818,0.3906111154571027,0.611042044471571,0.09543010752688172,True,0.03419952210274791,0.09259259259259259,0.4166666666666667
CB1_CAUR_M_CF3_RI2_TI2_R12_C02__seed721201__it0000569,CB1_CAUR_M_CF3_RI2_TI2_R12_C02,NEW_ALNS_EXPANSION,M,CF3,80-100%,0.9495602725864015,ts_52afb100f22b4e2db48f,STRUCTURED_NEAR_NEIGHBOR,ts_ac1a27584dc1df92c8dd,STRUCTURED_NEAR_NEIGHBOR,11,-0.039725209080047785,0.04764038231780167,0.18401268124580383,0.007915173237753884,False,False,False,0.5978260869565217,,,,,,False,552,276,23,253,35.439122690599554,162.1363610763114,0.17937004133776405,0.2726150026314965,0.5299110764706662,0.6865070898804557,0.08691756272401434,True,0.025550079649542017,0.11798088410991638,0.08333333333333333
CB1_CAUR_M_CF3_RI2_TI2_R12_C02__seed721202__it0000025,CB1_CAUR_M_CF3_RI2_TI2_R12_C02,NEW_ALNS_EXPANSION,M,CF3,0-20%,0.050351368172539816,ts_8fb424d45b6fb09a1932,LOCAL_PERTURBATION,ts_ef3e6172ed155ad53118,STRUCTURED_NEAR_NEIGHBOR,2,-0.01603386351975372,0.030528476141611083,0.00454401969909668,0.0017957927142124176,False,False,False,0.7233201581027668,,,,,,False,506,253,22,231,23.488532744237652,198.1779122225284,0.10596341159240062,0.14139946884677415,0.39631171737184745,0.6579644822945822,0.09940995382247306,True,0.023847234925379796,0.10979989738327348,0.13043478260869565
CB1_CAUR_M_CF3_RI2_TI2_R12_C02__seed721202__it0000103,CB1_CAUR_M_CF3_RI2_TI2_R12_C02,NEW_ALNS_EXPANSION,M,CF3,0-20%,0.18015741872433613,ts_127ef4a976e330ddd440,LOCAL_PERTURBATION,ts_f09581654dffd5d42eac,RELATED_VARIANT,8,-0.07439640651319483,0.09096013475575519,0.10007911920547485,0.008422234699606963,False,False,False,0.5652173913043478,,,,,,False,552,276,23,253,21.139400384206997,186.0021480264068,0.1020529224890347,0.1235055328388684,0.2918343932963035,0.48425527307056493,0.10485682201010668,False,0.00901880965749579,0.030320044918585063,0.08333333333333333
CB1_CAUR_M_CF3_RI2_TI2_R12_C02__seed721202__it0000187,CB1_CAUR_M_CF3_RI2_TI2_R12_C02,NEW_ALNS_EXPANSION,M,CF3,20-40%,0.3201204229656563,ts_dcbfd5a80aa879e0775d,RELATED_VARIANT,ts_d3344573283a3dd1ffc7,RELATED_VARIANT,13,-0.023920813857574923,0.03546879296123178,0.15808096528053284,0.004124278251306021,False,False,False,0.5579710144927537,,,,,,False,552,276,23,253,24.96411305912849,165.12231483679585,0.13133032871129957,0.1700624975367123,0.40269567534040207,0.6393346665426559,0.06997525433049216,True,0.008809916597928695,0.04041792686279901,0.041666666666666664
CB1_CAUR_M_CF3_RI2_TI2_R12_C02__seed721202__it0000266,CB1_CAUR_M_CF3_RI2_TI2_R12_C02,NEW_ALNS_EXPANSION,M,CF3,40-60%,0.4491869196208427,ts_542d2b72888417edf87e,RELATED_VARIANT,ts_546efbc3111824dd5f03,STRUCTURED_NEAR_NEIGHBOR,22,-0.023896031302403576,0.036752375628842926,0.14214608073234558,0.00698714365567356,False,False,False,0.5418181818181819,,,,,,False,552,275,23,252,32.96386517468275,169.46525162944778,0.16284152050408063,0.16429737549544854,0.37338612046813957,0.5867981415899048,0.0698714365567356,True,0.032653251350847776,0.08328675237562884,0.4166666666666667
CB1_CAUR_M_CF3_RI2_TI2_R12_C02__seed721202__it0000344,CB1_CAUR_M_CF3_RI2_TI2_R12_C02,NEW_ALNS_EXPANSION,M,CF3,40-60%,0.5799938069311762,ts_52963ef94e1e75d250c1,ORIGINAL_OPERATOR,ts_2002d2cd5f8603454404,RELATED_VARIANT,12,0.001426533523537803,0.012696148359486447,0.08817118406295776,0.012696148359486447,False,False,False,0.583941605839416,,,,,,False,552,274,23,251,34.50604934666152,200.33203530599786,0.14693549130967487,0.17885323317862528,0.387842376041308,0.6108496581642354,0.10128388017118402,True,0.03719686162624822,0.09186875891583453,0.2916666666666667
CB1_CAUR_M_CF3_RI2_TI2_R12_C02__seed721202__it0000429,CB1_CAUR_M_CF3_RI2_TI2_R12_C02,NEW_ALNS_EXPANSION,M,CF3,60-80%,0.71995543065513,ts_fe8a383b226bd907d5b0,LOCAL_PERTURBATION,ts_56acbf956a08477b03e7,RELATED_VARIANT,20,-0.07303851640513552,0.09443651925820257,0.0880393385887146,0.0008559201141226831,False,False,False,0.44727272727272727,,,,,,False,552,275,23,252,44.66913548317076,209.9536161542127,0.17543261627611942,0.13757462703420645,0.3556638179396109,0.527249620492823,0.17603423680456487,True,0.015572990965287685,0.06333808844507846,0.041666666666666664
CB1_CAUR_M_CF3_RI2_TI2_R12_C02__seed721202__it0000507,CB1_CAUR_M_CF3_RI2_TI2_R12_C02,NEW_ALNS_EXPANSION,M,CF3,80-100%,0.8494867798621397,ts_4e49d1e8611b8e3dd56b,STRUCTURED_NEAR_NEIGHBOR,ts_4943b93d9127aa8c570e,LOCAL_PERTURBATION,17,-0.021112696148359488,0.049928673323823114,0.0004363059997558594,0.020256776034236805,False,False,False,0.6482213438735178,,,,,,False,506,253,22,231,35.466757738194424,154.14278767196424,0.18705154142674418,0.15344609600457107,0.31353494009979244,0.5143503884300807,0.15378031383737517,False,0.011511505302983316,0.03794579172610557,0.13043478260869565
CB1_CAUR_M_CF3_RI2_TI2_R12_C02__seed721202__it0000566,CB1_CAUR_M_CF3_RI2_TI2_R12_C02,NEW_ALNS_EXPANSION,M,CF3,80-100%,0.9495440096208516,ts_4234c50a45fbc72ccac6,RELATED_VARIANT,ts_41f17ff75f00140a93ca,RELATED_VARIANT,8,0.04693295292439372,0.024251069900142648,0.27519646286964417,0.004279600570613398,False,False,False,0.56,,,,,,False,552,275,23,252,22.561305858814652,223.16867942354014,0.09181340174212232,0.10400152204886273,0.2829204563931425,0.5176107438631483,0.1340941512125535,True,0.019781264859724205,0.08473609129814551,0.125
CB1_CAUR_M_CF3_RI2_TI2_R12_C02__seed721203__it0000025,CB1_CAUR_M_CF3_RI2_TI2_R12_C02,NEW_ALNS_EXPANSION,M,CF3,0-20%,0.05018693655162271,ts_c9f94fd566ea1e69c715,STRUCTURED_NEAR_NEIGHBOR,ts_4d10cc63a650bb1ecccf,RELATED_VARIANT,5,0.03158444270425476,0.025972330984077266,0.24852710962295532,0.00717828243278517,False,False,False,0.5217391304347826,,,,,,False,552,276,23,253,22.351023074011234,277.3186068297868,0.07458554636045871,0.16957834069112424,0.37456854836655695,0.5807640066989911,0.09488384233881493,True,0.025167493256764983,0.05768728791438267,0.20833333333333334
CB1_CAUR_M_CF3_RI2_TI2_R12_C02__seed721203__it0000104,CB1_CAUR_M_CF3_RI2_TI2_R12_C02,NEW_ALNS_EXPANSION,M,CF3,0-20%,0.18022767210340104,ts_20ffc4446dcd9e4132c6,STRUCTURED_NEAR_NEIGHBOR,ts_e3a7eac16fe05bb1715f,RELATED_VARIANT,7,-0.042437294147453765,0.07486698758550799,0.011756956577301025,0.020901950848745885,False,False,False,0.5563636363636364,,,,,,False,552,275,23,252,31.81286430184005,170.47876141261145,0.1572623888383105,0.2941571262464357,0.4678013528788233,0.629267121452418,0.0908284773245503,True,0.025040114855164258,0.0879148720547251,0.2916666666666667
CB1_CAUR_M_CF3_RI2_TI2_R12_C02__seed721203__it0000188,CB1_CAUR_M_CF3_RI2_TI2_R12_C02,NEW_ALNS_EXPANSION,M,CF3,20-40%,0.31948710582745943,ts_12ef10e91009d3bc3fc8,RELATED_VARIANT,ts_e22208405910900dfca6,STRUCTURED_NEAR_NEIGHBOR,8,-0.010878010878010878,0.04480704480704481,0.0376850962638855,0.009971509971509973,False,False,False,0.6436363636363637,,,,,,False,552,275,23,252,25.69557162119724,91.95485747469938,0.21840610203174723,0.32936065943796977,0.5755171577576805,0.6903878904797067,0.07200207200207201,False,0.01936026936026936,0.044030044030044034,0.4166666666666667
CB1_CAUR_M_CF3_RI2_TI2_R12_C02__seed721203__it0000267,CB1_CAUR_M_CF3_RI2_TI2_R12_C02,NEW_ALNS_EXPANSION,M,CF3,40-60%,0.45056030731036023,ts_dc25b6e414c606c33f04,STRUCTURED_NEAR_NEIGHBOR,ts_3f1a6cbd877fdb783c63,STRUCTURED_NEAR_NEIGHBOR,3,0.012380952380952381,0.0473469387755102,0.04882854223251343,0.022040816326530613,False,False,False,0.6436363636363637,,,,,,False,552,275,23,252,24.227496081820938,126.69973939392972,0.16052434807708083,0.3623757846794789,0.537265482400874,0.6851413659975727,0.09578231292517006,False,0.013469387755102041,0.05959183673469387,0.20833333333333334
CB1_CAUR_M_CF3_RI2_TI2_R12_C02__seed721203__it0000344,CB1_CAUR_M_CF3_RI2_TI2_R12_C02,NEW_ALNS_EXPANSION,M,CF3,40-60%,0.5807673709997947,ts_09e1aa3ecb89de8e3e48,ORIGINAL_OPERATOR,ts_8ff0b7fc92ee1447a5f2,STRUCTURED_NEAR_NEIGHBOR,9,0.021577593598170908,0.017862246356101744,0.0732622742652893,0.004001143183766792,False,False,False,0.6934306569343066,,,,,,False,552,274,23,251,25.15530577160408,142.97125332129866,0.14962124905978633,0.168046253409461,0.41485068081995136,0.5966956137221279,0.0931694769934267,True,0.031020767838430024,0.06801943412403544,0.5416666666666666
CB1_CAUR_M_CF3_RI2_TI2_R12_C02__seed721203__it0000427,CB1_CAUR_M_CF3_RI2_TI2_R12_C02,NEW_ALNS_EXPANSION,M,CF3,60-80%,0.7201362423792458,ts_dba6bc32ceb36de2bb23,STRUCTURED_NEAR_NEIGHBOR,ts_e5abb2c6f6f3106e9859,RELATED_VARIANT,22,0.05580423754103253,0.0002984183825723574,0.08435708284378052,0.0002984183825723574,True,True,True,0.572992700729927,,,,,,False,552,274,23,251,32.46494336002168,157.5115615737178,0.17088925481256165,0.12332212855300208,0.35277742331877104,0.5905444380057169,0.07893166219039092,True,0.023077688252263005,0.059385258131900924,0.25
CB1_CAUR_M_CF3_RI2_TI2_R12_C02__seed721203__it0000505,CB1_CAUR_M_CF3_RI2_TI2_R12_C02,NEW_ALNS_EXPANSION,M,CF3,80-100%,0.8501850502068229,ts_00641b83de7aeb5b406e,ORIGINAL_OPERATOR,ts_3f0aaef85ff834206700,STRUCTURED_NEAR_NEIGHBOR,4,0.023224852071005917,0.04186390532544379,0.04467213153839111,0.02485207100591716,False,False,False,0.6956521739130435,,,,,,False,552,276,23,253,31.125186176434,188.3183553788146,0.14183687501506034,0.24026847019218642,0.4273677101541247,0.6287410959023846,0.10931952662721893,False,0.017813116370808676,0.06035502958579882,0.16666666666666666
CB1_CAUR_M_CF3_RI2_TI2_R12_C02__seed721203__it0000564,CB1_CAUR_M_CF3_RI2_TI2_R12_C02,NEW_ALNS_EXPANSION,M,CF3,80-100%,0.950236982379183,ts_9843fe8ce92aa20d40c1,LOCAL_PERTURBATION,ts_ef03a954e70ef01f0655,STRUCTURED_NEAR_NEIGHBOR,5,-0.04142011834319527,0.04230769230769231,0.1279342770576477,0.0008875739644970414,False,False,False,0.6702898550724637,,,,,,False,552,276,23,253,14.710634391183069,146.892756132618,0.09102924352949436,0.12571893017142913,0.3433376623599743,0.5276878264111777,0.09275147928994083,False,0.012660256410256412,0.05946745562130178,0.0
CB1_CAUR_M_CF3_RI2_TI2_R12_C02__seed721204__it0000024,CB1_CAUR_M_CF3_RI2_TI2_R12_C02,NEW_ALNS_EXPANSION,M,CF3,0-20%,0.0514445130691707,ts_355190d007b084f4764b,STRUCTURED_NEAR_NEIGHBOR,ts_5c57a6e9794549bdf630,RELATED_VARIANT,15,-0.02720348204570185,0.06229597388465723,0.013362288475036621,0.0010881392818280627,False,False,False,0.6509090909090909,,,,,,False,552,275,23,252,26.514374266215313,164.23795130201182,0.13899895682651486,0.14290531569789397,0.3919807929293736,0.6004624386018497,0.07698585418933623,True,0.02163810301051868,0.06719260065288357,0.25
CB1_CAUR_M_CF3_RI2_TI2_R12_C02__seed721204__it0000102,CB1_CAUR_M_CF3_RI2_TI2_R12_C02,NEW_ALNS_EXPANSION,M,CF3,0-20%,0.18069282965533884,ts_07057903cd97b0373a8c,MATCHED_RANDOM,ts_86878992012222949253,RELATED_VARIANT,17,-0.0175530521351847,0.07440398218496201,0.042124032974243164,0.01991092481006026,False,False,False,0.5615942028985508,,,,,,False,552,276,23,253,62.56979558810045,253.15101102407442,0.19818077959290128,0.262713252119298,0.49753259368828656,0.6321722956851673,0.14920094314906995,True,0.0313400576368876,0.09772072308095363,0.20833333333333334
CB1_CAUR_M_CF3_RI2_TI2_R12_C02__seed721204__it0000185,CB1_CAUR_M_CF3_RI2_TI2_R12_C02,NEW_ALNS_EXPANSION,M,CF3,20-40%,0.3197496592414421,ts_b0a9412472a64961d807,STRUCTURED_NEAR_NEIGHBOR,ts_9017b5dd0b1b3cd94963,ORIGINAL_OPERATOR,10,-0.02143970893970894,0.07068607068607069,0.07979273796081543,0.034303534303534305,False,False,False,0.5833333333333334,,,,,,False,552,276,23,253,45.61618395612747,227.1642941868971,0.1672267174933609,0.2815912599589965,0.463368193119479,0.6437054063983326,0.13123700623700624,False,0.05458463270963271,0.12318087318087319,0.4583333333333333
CB1_CAUR_M_CF3_RI2_TI2_R12_C02__seed721204__it0000264,CB1_CAUR_M_CF3_RI2_TI2_R12_C02,NEW_ALNS_EXPANSION,M,CF3,40-60%,0.44966217441381967,ts_1261dff6061b9f5ed2f6,STRUCTURED_NEAR_NEIGHBOR,ts_e4655b3e66884b846a82,STRUCTURED_NEAR_NEIGHBOR,2,0.053517656720503695,0.035313441007391186,0.050087571144104004,0.030112236517930463,False,False,False,0.5527272727272727,,,,,,False,552,275,23,252,29.87965718692899,164.65432097971876,0.15359608366890307,0.385742231478295,0.5572935883243291,0.7203141555957578,0.0893785929373118,False,0.016995163792316817,0.0544757733369833,0.08333333333333333
CB1_CAUR_M_CF3_RI2_TI2_R12_C02__seed721204__it0000343,CB1_CAUR_M_CF3_RI2_TI2_R12_C02,NEW_ALNS_EXPANSION,M,CF3,40-60%,0.5794744451724972,ts_09e1600ba8290caf783b,MATCHED_RANDOM,ts_a613461115fe5fa421cd,STRUCTURED_NEAR_NEIGHBOR,11,0.0392156862745098,0.004694835680751172,0.059435248374938965,0.004694835680751172,False,True,True,0.6304347826086957,,,,,,False,552,276,23,253,23.665841704565793,239.55814911397022,0.08990761682084208,0.11589816776553614,0.30018633609337037,0.5145913893941814,0.17011875172604252,True,0.027685722176194427,0.13311239988953327,0.3333333333333333
CB1_CAUR_M_CF3_RI2_TI2_R12_C02__seed721204__it0000429,CB1_CAUR_M_CF3_RI2_TI2_R12_C02,NEW_ALNS_EXPANSION,M,CF3,60-80%,0.7205352024827554,ts_7f8379f2e487d7888aaf,ORIGINAL_OPERATOR,ts_5e0f8fd6f6af105341db,RELATED_VARIANT,13,-0.0022541561003099463,0.040997464074387154,0.11464792490005493,0.0007044237813468579,False,False,False,0.6231884057971014,,,,,,False,552,276,23,253,31.258256916214577,139.63096905872607,0.1829153168544301,0.23392836114457966,0.5477257030492435,0.675489029241385,0.08382642998027613,True,0.02174321405090636,0.0715694561848408,0.375
CB1_CAUR_M_CF3_RI2_TI2_R12_C02__seed721204__it0000507,CB1_CAUR_M_CF3_RI2_TI2_R12_C02,NEW_ALNS_EXPANSION,M,CF3,80-100%,0.850363223517418,ts_c38164d43503ee9c6b44,ORIGINAL_OPERATOR,ts_4e10453fac7fa09ff686,ORIGINAL_OPERATOR,4,-0.017151162790697675,0.03444767441860465,0.272794246673584,0.015697674418604653,False,False,False,0.7233201581027668,,,,,,False,506,253,22,231,21.616600256288613,164.0702350090948,0.1164142855113783,0.15412306491946245,0.3410939038996784,0.5401398682393176,0.14302325581395348,True,0.03051061678463094,0.09680232558139534,0.13043478260869565
CB1_CAUR_M_CF3_RI2_TI2_R12_C02__seed721204__it0000567,CB1_CAUR_M_CF3_RI2_TI2_R12_C02,NEW_ALNS_EXPANSION,M,CF3,80-100%,0.9499470758277437,ts_85b0471ae3ecbbd26d3d,ORIGINAL_OPERATOR,ts_1d4b688dbed7c0dcb038,STRUCTURED_NEAR_NEIGHBOR,10,0.11468160377358491,0.013561320754716971,0.020021408796310425,0.013561320754716971,False,False,False,0.5905797101449275,,,,,,False,552,276,23,253,36.02044933425218,292.7110405987064,0.10957407622128985,0.17754430526897158,0.38989218728088626,0.6004787654263977,0.12824292452830188,True,0.041433274371069174,0.10377358490566038,0.08333333333333333
CB1_CAUR_M_CF3_RI2_TI2_R12__seed691201__it0000012,CB1_CAUR_M_CF3_RI2_TI2_R12,ORIGINAL_PHASE6J_CAUR,M,CF3,0-20%,0.0492080662372893,ts_2f1a6c87ae4898c3a5d4,RELATED_VARIANT,ts_12c75133e829c4314cff,RELATED_VARIANT,4,0.008713136729222519,0.0862935656836461,0.15038087964057922,0.023458445040214465,False,False,False,0.605072463768116,ts_2e1fc9499ad0d62f1934,0.04289544235924933,0.052111260053619296,0.5072463768115942,-0.03418230563002681,True,552,276,23,253,44.6623402612185,302.5916644314691,0.1286157672990517,0.263313456300271,0.5043772985492966,0.7017194759302858,0.1335455764075067,False,0.050910411081322604,0.10958445040214478,0.4583333333333333
CB1_CAUR_M_CF3_RI2_TI2_R12__seed691201__it0000053,CB1_CAUR_M_CF3_RI2_TI2_R12,ORIGINAL_PHASE6J_CAUR,M,CF3,0-20%,0.18124528447466004,ts_145540143bbbac75aa0f,LOCAL_PERTURBATION,ts_7e3f4560de9ec27d072d,STRUCTURED_NEAR_NEIGHBOR,2,-0.0037458795325142347,0.03566077314953551,0.10814574360847473,0.012735990410548396,False,False,False,0.6472727272727272,ts_be461e4f65775ac0f794,-0.006442912795924484,0.038357806412945755,0.6654545454545454,0.002697033263410249,False,552,275,23,252,22.162100401079165,131.36424324092437,0.1443537302806956,0.2625131385743703,0.49635879014955236,0.6767811269995473,0.06712616122265508,True,0.024997502746978328,0.08091099790230746,0.2916666666666667
CB1_CAUR_M_CF3_RI2_TI2_R12__seed691201__it0000096,CB1_CAUR_M_CF3_RI2_TI2_R12,ORIGINAL_PHASE6J_CAUR,M,CF3,20-40%,0.3208906250508597,ts_5299efba593006a660d4,MATCHED_RANDOM,ts_85251ca7a231801ab6ba,RELATED_VARIANT,11,-0.002622091117666339,0.034578826614224845,0.14854159951210022,0.004752540150770236,False,False,False,0.6058394160583942,ts_5299efba593006a660d4,0.0319567354965585,0.0,0.656934306569343,-0.034578826614224845,False,552,274,23,251,29.491187337748038,137.87583235794995,0.1762066827226062,0.19993802111638947,0.45692654611862976,0.6252208819563073,0.09078990494919699,False,0.015732546705998034,0.05375286791215995,0.2916666666666667
CB1_CAUR_M_CF3_RI2_TI2_R12__seed691201__it0000136,CB1_CAUR_M_CF3_RI2_TI2_R12,ORIGINAL_PHASE6J_CAUR,M,CF3,40-60%,0.44939758633884946,ts_6c81bb3c33a376032eae,ORIGINAL_OPERATOR,ts_0c4da100bea2d02879e4,RELATED_VARIANT,22,-0.041902773635550256,0.06934088875633761,0.06305944919586182,0.014613778705636743,False,False,False,0.5942028985507246,ts_0367e9414f9cef239df7,-0.028034595884282733,0.05547271100507009,0.6666666666666666,-0.013868177751267523,False,552,276,23,253,72.67215902823717,304.41979579352875,0.19271734148395178,0.16110165199492016,0.33884019682003175,0.5371822618178105,0.13510289293170297,True,0.031277960035788845,0.12227855651655234,0.20833333333333334
CB1_CAUR_M_CF3_RI2_TI2_R12__seed691201__it0000176,CB1_CAUR_M_CF3_RI2_TI2_R12,ORIGINAL_PHASE6J_CAUR,M,CF3,40-60%,0.5801102607121289,ts_30eb72223db97f8b9be2,RELATED_VARIANT,ts_30eb72223db97f8b9be2,RELATED_VARIANT,1,0.08890251379521766,0.0,0.36833617091178894,0.00858369098712447,True,True,True,0.5928853754940712,ts_30eb72223db97f8b9be2,0.08890251379521766,0.0,0.5098814229249012,0.0,False,506,253,22,231,20.233282356133117,291.4570779505474,0.06491468756436694,0.1876814379464418,0.40878638458582306,0.6066972366635012,0.1336603310852238,False,0.014914829525764402,0.040159411404046594,0.08695652173913043
CB1_CAUR_M_CF3_RI2_TI2_R12__seed691201__it0000218,CB1_CAUR_M_CF3_RI2_TI2_R12,ORIGINAL_PHASE6J_CAUR,M,CF3,60-80%,0.7194815600000842,ts_7c778560b1f1d767339b,RELATED_VARIANT,ts_1e5bf0533d46ba2665ea,STRUCTURED_NEAR_NEIGHBOR,2,-0.0037974683544303796,0.010126582278481013,0.10120594501495361,0.005063291139240506,False,False,False,0.8115942028985508,ts_f677e3ad6c3c86b8b8c1,0.0012658227848101266,0.005063291139240506,0.6014492753623188,-0.005063291139240506,True,552,276,23,253,18.65567997668406,216.94501084938406,0.07918346890780804,0.10817862681921844,0.2926163408256861,0.5316199688855984,0.125,False,0.021505801687763712,0.11962025316455695,0.0
CB1_CAUR_M_CF3_RI2_TI2_R12__seed691201__it0000259,CB1_CAUR_M_CF3_RI2_TI2_R12,ORIGINAL_PHASE6J_CAUR,M,CF3,80-100%,0.8510569367795527,ts_223c771d8acc2c578cf6,RELATED_VARIANT,ts_223c771d8acc2c578cf6,RELATED_VARIANT,1,0.053402646502835535,0.0,0.6454081833362579,0.003465658475110267,True,True,True,0.4746376811594203,ts_1504750e74cf2bb37368,-0.012129804662885948,0.06553245116572148,0.4963768115942029,0.06553245116572148,False,552,276,23,253,16.300106727126252,389.1330277220692,0.04020418002902229,0.13364719558381596,0.33376615507746826,0.547693618824028,0.11090107120352867,True,0.04995011552194917,0.12255828607435412,0.4166666666666667
CB1_CAUR_M_CF3_RI2_TI2_R12__seed691201__it0000289,CB1_CAUR_M_CF3_RI2_TI2_R12,ORIGINAL_PHASE6J_CAUR,M,CF3,80-100%,0.949235873627358,ts_b2cf12c312c33c526eab,STRUCTURED_NEAR_NEIGHBOR,ts_3719af20ceba36207452,ORIGINAL_OPERATOR,8,0.01357751815598358,0.038838017050836754,0.5369848608970642,0.010893590148405428,False,False,False,0.6751824817518248,ts_3719af20ceba36207452,0.01357751815598358,0.038838017050836754,0.718978102189781,0.0,False,552,274,23,251,32.70339385984275,273.7105426107511,0.10672945962097666,0.16064756343650483,0.35900483246810444,0.5346052950469226,0.11256709820018945,True,0.04553468055994106,0.13514366908746447,0.4166666666666667
CB1_CAUR_M_CF3_RI2_TI2_R12__seed691202__it0000012,CB1_CAUR_M_CF3_RI2_TI2_R12,ORIGINAL_PHASE6J_CAUR,M,CF3,0-20%,0.0501691782708927,ts_ea798eeba64089346739,ORIGINAL_OPERATOR,ts_5e619cc9d04576f5a337,RELATED_VARIANT,8,-0.061170212765957445,0.1276595744680851,0.033147335052490234,0.042198581560283686,False,False,False,0.5217391304347826,ts_c38b5875fa367552af07,0.004255319148936169,0.06223404255319149,0.5797101449275363,-0.06542553191489361,False,552,276,23,253,43.28336354371696,344.35923285284457,0.11165791361957991,0.346076264467954,0.4939202317266826,0.6379895283700162,0.13847517730496453,False,0.05743203309692671,0.1127659574468085,0.625
CB1_CAUR_M_CF3_RI2_TI2_R12__seed691202__it0000051,CB1_CAUR_M_CF3_RI2_TI2_R12,ORIGINAL_PHASE6J_CAUR,M,CF3,0-20%,0.18020308305069377,ts_bc5c478d73392599c446,ORIGINAL_OPERATOR,ts_cf7eebac4340c2bcd892,RELATED_VARIANT,24,-0.0604089219330855,0.06583023543990087,0.17439639568328857,0.005421313506815366,False,False,False,0.4746376811594203,ts_240d9d5ce67e57b865f0,-0.018742255266418834,0.024163568773234202,0.5760869565217391,-0.04166666666666667,False,552,276,23,253,159.52021671360524,269.5807698943564,0.3717544859885099,0.1545514902817732,0.38074035791990124,0.5910499131305136,0.11028500619578686,True,0.08645704254440316,0.17100371747211895,0.625
CB1_CAUR_M_CF3_RI2_TI2_R12__seed691202__it0000095,CB1_CAUR_M_CF3_RI2_TI2_R12,ORIGINAL_PHASE6J_CAUR,M,CF3,20-40%,0.3207106726102026,ts_783ac5d1df86086624da,RELATED_VARIANT,ts_6e54d7f2a0cb58afb589,ORIGINAL_OPERATOR,5,0.034158570980883735,0.00031338138514572234,0.27166998386383057,0.00031338138514572234,True,True,True,0.5745454545454546,ts_6e54d7f2a0cb58afb589,0.034158570980883735,0.00031338138514572234,0.5927272727272728,0.0,False,552,275,23,252,24.501751549883316,267.0816265587765,0.0840300009856962,0.1676101846338433,0.4852339883840995,0.6836421932825837,0.08727671576308367,True,0.022641805076778442,0.058288937637104354,0.20833333333333334
CB1_CAUR_M_CF3_RI2_TI2_R12__seed691202__it0000136,CB1_CAUR_M_CF3_RI2_TI2_R12,ORIGINAL_PHASE6J_CAUR,M,CF3,40-60%,0.44908232837264284,ts_40124285e05c570e26e9,STRUCTURED_NEAR_NEIGHBOR,ts_40124285e05c570e26e9,STRUCTURED_NEAR_NEIGHBOR,1,0.05409309791332263,0.0,0.00650334358215332,0.008667736757624396,True,True,True,0.5697211155378487,ts_40124285e05c570e26e9,0.05409309791332263,0.0,0.5697211155378487,0.0,False,506,251,22,229,15.890590258965702,249.81518135317174,0.059805212971293306,0.18483794157574274,0.3908613935204106,0.6086582439291579,0.08330658105939004,True,0.02651964547421314,0.0709470304975923,0.30434782608695654
CB1_CAUR_M_CF3_RI2_TI2_R12__seed691202__it0000177,CB1_CAUR_M_CF3_RI2_TI2_R12,ORIGINAL_PHASE6J_CAUR,M,CF3,40-60%,0.5796551696607898,ts_de0a8daddbb2229da56d,LOCAL_PERTURBATION,ts_233417bdecd5cd55b8c4,STRUCTURED_NEAR_NEIGHBOR,4,0.0024676125848241827,0.009870450339296729,0.1192358136177063,0.003701418877236273,False,False,True,0.6753246753246753,ts_59974ee1cd077fde5d57,-0.037322640345465764,0.04966070326958667,0.6623376623376623,0.03979025293028995,False,462,231,21,210,16.22270339011564,149.04204366857908,0.09816191098730846,0.12063926122990923,0.3231209545203626,0.5703617044044736,0.13032078963602714,True,0.016488138634961586,0.07803824799506477,0.045454545454545456
CB1_CAUR_M_CF3_RI2_TI2_R12__seed691202__it0000220,CB1_CAUR_M_CF3_RI2_TI2_R12,ORIGINAL_PHASE6J_CAUR,M,CF3,60-80%,0.7198396712882934,ts_c5cb4a91304a92af505d,STRUCTURED_NEAR_NEIGHBOR,ts_7ee51c31f1daea8de903,RELATED_VARIANT,9,0.011845568879789412,0.022813688212927754,0.34628838300704956,0.004241006142146824,False,False,False,0.6594202898550725,ts_7ee51c31f1daea8de903,0.011845568879789412,0.022813688212927754,0.6739130434782609,0.0,False,552,276,23,253,23.278453423789397,167.57181987587654,0.12197233475918812,0.16117225879657607,0.41271122694028145,0.6387097076954139,0.08072535829189821,True,0.019986350784829875,0.050599590523544895,0.3333333333333333
CB1_CAUR_M_CF3_RI2_TI2_R12__seed691202__it0000260,CB1_CAUR_M_CF3_RI2_TI2_R12,ORIGINAL_PHASE6J_CAUR,M,CF3,80-100%,0.85030619274594,ts_52aa88c963dbb897c948,RELATED_VARIANT,ts_2f0cc3104320004d1e6b,LOCAL_PERTURBATION,11,0.013165769000598444,0.010173548773189706,0.04220247268676758,0.009275882704967084,False,False,False,0.6231884057971014,ts_4568fe10d8eacba87b52,-0.009724715739078396,0.03306403351286655,0.5942028985507246,0.02289048473967684,False,552,276,23,253,21.02909985035223,142.67546348575476,0.1284576277032469,0.1817291481049902,0.39426685925954247,0.6416477629448044,0.06852184320766008,False,0.0052737881508079,0.02453620586475165,0.0
CB1_CAUR_M_CF3_RI2_TI2_R12__seed691202__it0000291,CB1_CAUR_M_CF3_RI2_TI2_R12,ORIGINAL_PHASE6J_CAUR,M,CF3,80-100%,0.9496673068137231,ts_440cadf5d9275ff11c3d,ORIGINAL_OPERATOR,ts_440cadf5d9275ff11c3d,ORIGINAL_OPERATOR,1,0.0853462157809984,0.0,0.38010334968566895,0.03268921095008052,True,True,True,0.6521739130434783,ts_440cadf5d9275ff11c3d,0.0853462157809984,0.0,0.5978260869565217,0.0,False,552,276,23,253,19.290683698625728,280.0127563546468,0.06445192776665784,0.2760431166920793,0.43228743497930594,0.6191601651919173,0.1280193236714976,False,0.058574879227053143,0.17004830917874397,0.4166666666666667
CB1_CAUR_M_CF3_RI2_TI2_R12__seed721201__it0000025,CB1_CAUR_M_CF3_RI2_TI2_R12,NEW_ALNS_EXPANSION,M,CF3,0-20%,0.050203344983224346,ts_7c9052e7db957a24c10a,RELATED_VARIANT,ts_b225d376cd141e4ee821,RELATED_VARIANT,7,-0.01512881965248652,0.03939484721390054,0.04598128795623779,0.009736369083283404,False,False,False,0.6304347826086957,,,,,,False,552,276,23,253,22.42633924254858,175.16334824270444,0.11349954305799664,0.14661362428598276,0.33580822471826877,0.5594010604508305,0.09571599760335531,False,0.016876373077691232,0.07729179149191133,0.08333333333333333
CB1_CAUR_M_CF3_RI2_TI2_R12__seed721201__it0000101,CB1_CAUR_M_CF3_RI2_TI2_R12,NEW_ALNS_EXPANSION,M,CF3,0-20%,0.1794447303730876,ts_b1e07e426367c6914a71,STRUCTURED_NEAR_NEIGHBOR,ts_b1e07e426367c6914a71,STRUCTURED_NEAR_NEIGHBOR,1,0.054288189431129084,0.0,0.033574819564819336,0.01804793531619983,True,True,True,0.7572463768115942,,,,,,False,552,276,23,253,29.236553748244926,178.37879575128397,0.14082077177203736,0.2093656703244772,0.41106135380664516,0.59504978973729,0.15131388969101936,False,0.07736548272210993,0.13196650303205312,0.7083333333333334
CB1_CAUR_M_CF3_RI2_TI2_R12__seed721201__it0000183,CB1_CAUR_M_CF3_RI2_TI2_R12,NEW_ALNS_EXPANSION,M,CF3,20-40%,0.3197799258644918,ts_42024292071940235ada,LOCAL_PERTURBATION,ts_217ae395f6138f7539d8,LOCAL_PERTURBATION,14,-0.00808585710085269,0.05263157894736842,0.08108550310134888,0.0020582181711261416,False,False,False,0.4384057971014493,,,,,,False,552,276,23,253,26.89586343531506,252.48821740086967,0.0962684178526453,0.1129271176529195,0.30914363456933214,0.5733598352677213,0.07806527491914142,True,0.0231182005292561,0.058806233460746836,0.375
CB1_CAUR_M_CF3_RI2_TI2_R12__seed721201__it0000260,CB1_CAUR_M_CF3_RI2_TI2_R12,NEW_ALNS_EXPANSION,M,CF3,40-60%,0.4494454870170665,ts_bc76104f92de918c4305,ORIGINAL_OPERATOR,ts_628fb84c8c0a5440cb56,LOCAL_PERTURBATION,9,0.03893376413570275,0.05282714054927301,0.040832191705703735,0.013893376413570274,False,False,False,0.48727272727272725,,,,,,False,552,275,23,252,46.55498708579542,484.01602431920776,0.08774506349774618,0.2692320113617648,0.5170457152683288,0.6856444234570004,0.13424878836833604,True,0.06287022078621433,0.16252019386106623,0.7083333333333334
CB1_CAUR_M_CF3_RI2_TI2_R12__seed721201__it0000337,CB1_CAUR_M_CF3_RI2_TI2_R12,NEW_ALNS_EXPANSION,M,CF3,40-60%,0.5807439088135745,ts_72948a646052d04263d6,RELATED_VARIANT,ts_59b8783761d10796f46a,RELATED_VARIANT,3,0.05481888745148771,0.003557567917205691,0.17782855033874512,0.0011319534282018123,False,True,True,0.7789855072463768,,,,,,False,552,276,23,253,17.1513912283735,160.7542084647538,0.09640725900678933,0.12431435529636346,0.3532553279799979,0.567076276949848,0.09023285899094437,True,0.03292097887020267,0.12904269081500647,0.375
CB1_CAUR_M_CF3_RI2_TI2_R12__seed721201__it0000418,CB1_CAUR_M_CF3_RI2_TI2_R12,NEW_ALNS_EXPANSION,M,CF3,60-80%,0.7199387002373272,ts_eb27bfd6e7ad2f940752,ORIGINAL_OPERATOR,ts_eb27bfd6e7ad2f940752,ORIGINAL_OPERATOR,1,0.09170013386880857,0.0,0.12732958793640137,0.03279785809906292,True,True,True,0.5543478260869565,,,,,,False,552,276,23,253,24.51374214430079,284.47000281409476,0.07933667237932386,0.3331901747493166,0.5642016840835394,0.7095444996878831,0.16599732262382866,False,0.04667280232039268,0.10676037483266398,0.375
CB1_CAUR_M_CF3_RI2_TI2_R12__seed721201__it0000494,CB1_CAUR_M_CF3_RI2_TI2_R12,NEW_ALNS_EXPANSION,M,CF3,80-100%,0.8506529637288314,ts_dbf26fdf6cc22fa86386,MATCHED_RANDOM,ts_5ddd847ca7a12a4e7949,ORIGINAL_OPERATOR,14,0.03112449799196787,0.04819277108433735,0.02699100971221924,0.028112449799196783,False,False,False,0.6909090909090909,,,,,,False,552,275,23,252,53.56967198250037,219.78269314440007,0.19597295950825708,0.32893104433179216,0.5474956616776513,0.6856516378586102,0.15428380187416332,False,0.06386657742079428,0.13688085676037484,0.5416666666666666
CB1_CAUR_M_CF3_RI2_TI2_R12__seed721201__it0000553,CB1_CAUR_M_CF3_RI2_TI2_R12,NEW_ALNS_EXPANSION,M,CF3,80-100%,0.9501914844408699,ts_ad5e8741b6f4f4f9d951,STRUCTURED_NEAR_NEIGHBOR,ts_96482a49539bc74b65cd,ORIGINAL_OPERATOR,8,0.002175368139223561,0.011713520749665328,0.07558542490005493,0.0013386880856760368,False,False,False,0.7470355731225297,,,,,,False,506,253,22,231,14.151595132685122,128.22993794824305,0.09939206880601223,0.10761100132266502,0.30762941655915793,0.533615438956047,0.10960508701472557,True,0.031022641289796874,0.07396251673360107,0.34782608695652173
CB1_CAUR_M_CF3_RI2_TI2_R12__seed721202__it0000024,CB1_CAUR_M_CF3_RI2_TI2_R12,NEW_ALNS_EXPANSION,M,CF3,0-20%,0.049869505186383695,ts_d12da64c96b0faa6522a,RELATED_VARIANT,ts_efd21c095662bfdd2863,ORIGINAL_OPERATOR,10,0.015978695073235686,0.04111185086551265,0.38943707942962646,0.001664447403462048,False,False,False,0.644927536231884,,,,,,False,552,276,23,253,30.67318639834237,183.7794257489146,0.14303013654727686,0.16654551817732796,0.4273914262946052,0.590735821170696,0.10685752330226364,True,0.035105969818020416,0.15479360852197072,0.375
CB1_CAUR_M_CF3_RI2_TI2_R12__seed721202__it0000101,CB1_CAUR_M_CF3_RI2_TI2_R12,NEW_ALNS_EXPANSION,M,CF3,0-20%,0.18016605613549966,ts_7245e2de65dcb010a87c,ORIGINAL_OPERATOR,ts_7873870b4858dbdd0dbf,RELATED_VARIANT,2,0.019770408163265307,0.0428890306122449,0.22773239016532898,0.0004783163265306145,False,False,False,0.4581818181818182,,,,,,False,552,275,23,252,26.400520682793214,352.5222117828588,0.06967257021241482,0.15518510972658714,0.4276089244610535,0.6799283257237065,0.09917091836734694,True,0.03554156037414966,0.10140306122448979,0.5
CB1_CAUR_M_CF3_RI2_TI2_R12__seed721202__it0000184,CB1_CAUR_M_CF3_RI2_TI2_R12,NEW_ALNS_EXPANSION,M,CF3,20-40%,0.320508246983143,ts_b3c48b7f645ab2303430,ORIGINAL_OPERATOR,ts_bb9fd41a481aa1b5ef9f,ORIGINAL_OPERATOR,24,0.09369527145359019,0.02466433158201986,0.5128986835479736,0.013426736719206078,False,False,False,0.5818181818181818,,,,,,False,552,275,23,252,194.28064920220214,245.4517626741781,0.4418156223080942,0.2037561023724726,0.4628467289302467,0.649112062281026,0.18534734384121426,True,0.08407520918466627,0.18184471687098658,0.5416666666666666
CB1_CAUR_M_CF3_RI2_TI2_R12__seed721202__it0000261,CB1_CAUR_M_CF3_RI2_TI2_R12,NEW_ALNS_EXPANSION,M,CF3,40-60%,0.4495778154575372,ts_2da81b64cdf45b227c64,RELATED_VARIANT,ts_97e67dfb0121e04ad802,ORIGINAL_OPERATOR,14,0.021189120809614166,0.044275774826059454,0.11799763143062592,0.03067678684376976,False,False,False,0.5563636363636364,,,,,,False,552,275,23,252,46.90413525919432,287.842085130011,0.14011849097103907,0.25273303868593805,0.4130365012001715,0.5823617560859817,0.14753320683111953,False,0.01950242462576428,0.08507273877292852,0.20833333333333334
CB1_CAUR_M_CF3_RI2_TI2_R12__seed721202__it0000338,CB1_CAUR_M_CF3_RI2_TI2_R12,NEW_ALNS_EXPANSION,M,CF3,40-60%,0.5795936982373814,ts_56c2f9288d8933b25910,RELATED_VARIANT,ts_56c2f9288d8933b25910,RELATED_VARIANT,1,0.0632726089785296,0.0,0.423206627368927,0.022446324007807418,True,True,True,0.7818181818181819,,,,,,False,552,275,23,252,20.06684038120041,124.14787538815874,0.13914558076925426,0.22121448593661538,0.4014204898795318,0.5820376891469266,0.14980481457384515,False,0.04287302103665148,0.08392973324658426,0.5833333333333334
CB1_CAUR_M_CF3_RI2_TI2_R12__seed721202__it0000421,CB1_CAUR_M_CF3_RI2_TI2_R12,NEW_ALNS_EXPANSION,M,CF3,60-80%,0.7197916559999319,ts_6995109a2ec1d63681a3,ORIGINAL_OPERATOR,ts_6995109a2ec1d63681a3,ORIGINAL_OPERATOR,1,0.04263437292634373,0.0,0.5237933397293091,0.02156602521566025,True,True,True,0.6072727272727273,,,,,,False,552,275,23,252,17.234454587181165,150.0581207655936,0.10301984144148875,0.3512238097289394,0.5240989319285458,0.6677018782773002,0.08576642335766424,True,0.03422915284229153,0.09190444591904445,0.4166666666666667
CB1_CAUR_M_CF3_RI2_TI2_R12__seed721202__it0000498,CB1_CAUR_M_CF3_RI2_TI2_R12,NEW_ALNS_EXPANSION,M,CF3,80-100%,0.8492213083049815,ts_8759d16512f483c32c44,RELATED_VARIANT,ts_8759d16512f483c32c44,RELATED_VARIANT,1,0.09890474610023234,0.0,0.1327882707118988,0.008961168270826436,True,True,True,0.5181159420289855,,,,,,False,552,276,23,253,34.68255634907711,466.7857378264079,0.06916201233839166,0.2231607465867163,0.5040176765983514,0.697866298007606,0.12396282774643214,False,0.012570527713242616,0.05675406571523398,0.25
CB1_CAUR_M_CF3_RI2_TI2_R12__seed721202__it0000558,CB1_CAUR_M_CF3_RI2_TI2_R12,NEW_ALNS_EXPANSION,M,CF3,80-100%,0.9496346602373721,ts_32e18beb74eaa27158d5,STRUCTURED_NEAR_NEIGHBOR,ts_70a34757e0ae0b3747a9,STRUCTURED_NEAR_NEIGHBOR,10,-0.008045591686221924,0.10811263828360712,0.038110315799713135,0.012571237009721764,False,False,False,0.6086956521739131,,,,,,False,552,276,23,253,35.569518847261996,298.9003995107054,0.1063459429233143,0.1321787103102016,0.3219751569200122,0.5862216722826845,0.15521287294669794,True,0.050731925354788245,0.1786791820315119,0.25
CB1_CAUR_M_CF3_RI2_TI2_R12__seed721203__it0000024,CB1_CAUR_M_CF3_RI2_TI2_R12,NEW_ALNS_EXPANSION,M,CF3,0-20%,0.050140855728818295,ts_a525820fe5d04e3ed60c,MATCHED_RANDOM,ts_f935869d8ed3a614ae41,RELATED_VARIANT,18,-0.03992183137911781,0.09854829704075935,0.014808416366577148,0.021915131211613627,False,False,False,0.5418181818181819,,,,,,False,552,275,23,252,54.36307978125475,274.08516561235064,0.16551490392681864,0.24484491240982315,0.4625443113969921,0.6661705407229653,0.12702400893355667,True,0.08759073143495255,0.1610831937465103,0.75
CB1_CAUR_M_CF3_RI2_TI2_R12__seed721203__it0000101,CB1_CAUR_M_CF3_RI2_TI2_R12,NEW_ALNS_EXPANSION,M,CF3,0-20%,0.18020784928807712,ts_64d5553f89cfe0e2dc9e,RELATED_VARIANT,ts_b4943e296e7b186bab86,ORIGINAL_OPERATOR,21,0.04336283185840708,0.0200589970501475,0.021531403064727783,0.007817109144542776,False,False,False,0.6363636363636364,,,,,,False,552,275,23,252,42.5317202409778,135.47114372701165,0.23893840409571354,0.16810476207872063,0.37801280690462835,0.5678659397169383,0.08023598820058997,True,0.020169616519174042,0.0728613569321534,0.20833333333333334
CB1_CAUR_M_CF3_RI2_TI2_R12__seed721203__it0000183,CB1_CAUR_M_CF3_RI2_TI2_R12,NEW_ALNS_EXPANSION,M,CF3,20-40%,0.3203353481016998,ts_10fba20c69085ac7c00e,STRUCTURED_NEAR_NEIGHBOR,ts_d5d0ee3cc66c753fe0ee,LOCAL_PERTURBATION,6,-0.0062520038473869825,0.03013786470022443,0.25718575716018677,0.0,False,False,False,0.6218181818181818,,,,,,False,552,275,22,253,17.044608314565334,231.98878054200665,0.06844306457389128,0.10343925081302775,0.30507366134672853,0.5435597919624138,0.10644437319653735,True,0.00696002992412098,0.02532863097146521,0.08333333333333333
CB1_CAUR_M_CF3_RI2_TI2_R12__seed721203__it0000257,CB1_CAUR_M_CF3_RI2_TI2_R12,NEW_ALNS_EXPANSION,M,CF3,40-60%,0.4499828206778255,ts_8b872b68e553184f14c5,MATCHED_RANDOM,ts_f6a0d4badcd4176b868b,RELATED_VARIANT,16,0.018298261665141813,0.09103385178408051,0.025271832942962646,0.048337907898749616,False,False,False,0.6630434782608695,,,,,,False,552,276,23,253,69.72046279121184,173.99147847560465,0.28607733551669384,0.436945791807835,0.6090551349057503,0.7511264226338529,0.13769441903019214,False,0.03585951001321541,0.07715767002134798,0.4583333333333333
CB1_CAUR_M_CF3_RI2_TI2_R12__seed721203__it0000332,CB1_CAUR_M_CF3_RI2_TI2_R12,NEW_ALNS_EXPANSION,M,CF3,40-60%,0.5794569298983118,ts_e9b2752ce30c5d3f503f,ORIGINAL_OPERATOR,ts_6c4c51f84930503c6798,STRUCTURED_NEAR_NEIGHBOR,15,-0.06539173349784085,0.06539173349784085,0.1392504870891571,0.020203578038247995,False,False,False,0.572463768115942,,,,,,False,552,276,23,253,40.80103460165265,193.3483160121952,0.1742521791954081,0.2071618413794012,0.3862392925095618,0.5886545205239321,0.12091301665638496,True,0.031102200287888137,0.081122763726095,0.08333333333333333
CB1_CAUR_M_CF3_RI2_TI2_R12__seed721203__it0000415,CB1_CAUR_M_CF3_RI2_TI2_R12,NEW_ALNS_EXPANSION,M,CF3,60-80%,0.7192643336269519,ts_9ee169c70e4d084595b6,RELATED_VARIANT,ts_9ee169c70e4d084595b6,RELATED_VARIANT,1,0.0979527559055118,0.0,0.06821808218955994,0.0025196850393700843,True,True,True,0.5942028985507246,,,,,,False,552,276,23,253,20.839717714116766,321.2535978469548,0.06091822542611592,0.11913579587339544,0.32398086325475045,0.5626320178461666,0.12251968503937008,True,0.04986876640419948,0.14551181102362204,0.2916666666666667
CB1_CAUR_M_CF3_RI2_TI2_R12__seed721203__it0000492,CB1_CAUR_M_CF3_RI2_TI2_R12,NEW_ALNS_EXPANSION,M,CF3,80-100%,0.850018780271057,ts_336a5519c8ad88d9e960,STRUCTURED_NEAR_NEIGHBOR,ts_b3b5174cae755b7a0c8b,RELATED_VARIANT,2,-0.009201445941505093,0.06769635228393034,0.06669735908508301,0.017909957279000986,False,False,False,0.6485507246376812,,,,,,False,552,276,23,253,26.999107507931974,205.09618968005003,0.11632768020312133,0.2083971034416877,0.42596728230955644,0.6895464701265428,0.11929017417022675,True,0.030370248658122465,0.08708511337495892,0.16666666666666666
CB1_CAUR_M_CF3_RI2_TI2_R12__seed721203__it0000552,CB1_CAUR_M_CF3_RI2_TI2_R12,NEW_ALNS_EXPANSION,M,CF3,80-100%,0.9505434237288358,ts_a882774b51d7ef23fdd9,ORIGINAL_OPERATOR,ts_ac73f2a3926742dce422,STRUCTURED_NEAR_NEIGHBOR,21,-0.03016393442622951,0.07,0.01844310760498047,0.01016393442622951,False,False,False,0.4963768115942029,,,,,,False,552,276,23,253,43.45635234715044,159.91479062850186,0.21368003204049973,0.21533414654698946,0.4452038970713093,0.6671813626542485,0.0819672131147541,True,0.03441256830601092,0.18983606557377047,0.4583333333333333
CB1_CAUR_M_CF3_RI2_TI2_R12__seed721204__it0000024,CB1_CAUR_M_CF3_RI2_TI2_R12,NEW_ALNS_EXPANSION,M,CF3,0-20%,0.04974982816942028,ts_d8557926b88c5b4d9061,RELATED_VARIANT,ts_2d83183d06420909e9bc,STRUCTURED_NEAR_NEIGHBOR,16,0.014426125554850983,0.02568167406467977,0.018837034702301025,0.004755865567533289,False,False,False,0.5,,,,,,False,552,276,23,253,29.49840073523152,177.37599499209722,0.1425908732277916,0.14252590063975284,0.35028135954540407,0.5376222014777503,0.08877615726062144,True,0.028376664552948638,0.07641090678503487,0.4166666666666667
CB1_CAUR_M_CF3_RI2_TI2_R12__seed721204__it0000100,CB1_CAUR_M_CF3_RI2_TI2_R12,NEW_ALNS_EXPANSION,M,CF3,0-20%,0.1808215975931597,ts_f7b14846a00ca9470364,STRUCTURED_NEAR_NEIGHBOR,ts_9f417887b137d8794b4d,STRUCTURED_NEAR_NEIGHBOR,2,0.029461279461279462,0.023849607182940522,0.15167921781539917,0.014309764309764314,False,False,False,0.6642335766423357,,,,,,False,552,274,23,251,20.370541193338514,211.07704354265104,0.08801362613731756,0.16557070440155106,0.34517600829610506,0.5435363651662449,0.10030864197530864,False,0.022072577628133184,0.06257014590347924,0.2916666666666667
CB1_CAUR_M_CF3_RI2_TI2_R12__seed721204__it0000181,CB1_CAUR_M_CF3_RI2_TI2_R12,NEW_ALNS_EXPANSION,M,CF3,20-40%,0.320112460033901,ts_21c700db86cd6f2f5e44,RELATED_VARIANT,ts_b64523235dc33c0e1f86,STRUCTURED_NEAR_NEIGHBOR,9,0.008729935229512814,0.025344973246972685,0.03810608386993408,0.0008448324415657599,False,False,False,0.6,,,,,,False,552,275,23,252,21.235774115659236,173.1120962129225,0.10926682180646569,0.14756298067056092,0.39296119312908073,0.5996677726795495,0.08265277386651648,True,0.0653454425983291,0.1684032666854407,0.75
CB1_CAUR_M_CF3_RI2_TI2_R12__seed721204__it0000256,CB1_CAUR_M_CF3_RI2_TI2_R12,NEW_ALNS_EXPANSION,M,CF3,40-60%,0.45013400600010617,ts_400f30821f586f6268b8,RELATED_VARIANT,ts_6298f7e1056f2faaddd0,RELATED_VARIANT,22,-0.04577130186886284,0.09154260373772569,0.26897644996643066,0.01757998099461514,False,False,False,0.5364963503649635,,,,,,False,552,274,23,251,107.19208891841141,231.52474687487964,0.31646519331512535,0.21549452333655167,0.4412930017627108,0.6110554367403817,0.11197339246119734,False,0.014940344208636892,0.07507127019322142,0.20833333333333334
CB1_CAUR_M_CF3_RI2_TI2_R12__seed721204__it0000333,CB1_CAUR_M_CF3_RI2_TI2_R12,NEW_ALNS_EXPANSION,M,CF3,40-60%,0.5796664212203892,ts_b6f5be8d24571937d3a6,STRUCTURED_NEAR_NEIGHBOR,ts_5a32aa58db658c80df65,STRUCTURED_NEAR_NEIGHBOR,12,-0.01597652429083795,0.03342028040430388,0.5200255215167999,0.0035865666775350517,False,False,False,0.7644927536231884,,,,,,False,552,276,23,253,28.06683676283218,180.4546163444374,0.13459927669117946,0.12955052454728458,0.3482559218747693,0.5607771900628964,0.09520704271274863,False,0.019631018367568743,0.06521030322791002,0.16666666666666666
CB1_CAUR_M_CF3_RI2_TI2_R12__seed721204__it0000417,CB1_CAUR_M_CF3_RI2_TI2_R12,NEW_ALNS_EXPANSION,M,CF3,60-80%,0.7197909273559393,ts_8efef3bf03a7c9900d17,MATCHED_RANDOM,ts_3b9253e4163e0172c39c,RELATED_VARIANT,18,0.029670687968699056,0.017280730355396148,0.09154042601585388,0.009129442451907395,False,False,False,0.7272727272727273,,,,,,False,552,275,23,252,36.741170440191,174.4389032320621,0.1739802899075246,0.1696023406561838,0.38724854983863205,0.6129385021744822,0.1004238669709814,False,0.008314313661558527,0.10074991848712098,0.041666666666666664
CB1_CAUR_M_CF3_RI2_TI2_R12__seed721204__it0000495,CB1_CAUR_M_CF3_RI2_TI2_R12,NEW_ALNS_EXPANSION,M,CF3,80-100%,0.850697105661157,ts_3698370df562c441a300,STRUCTURED_NEAR_NEIGHBOR,ts_f67df2860af341383a7c,RELATED_VARIANT,7,0.015555555555555557,0.01031746031746031,0.018053770065307617,0.007460317460317455,False,False,False,0.5869565217391305,,,,,,False,552,276,23,253,20.7681102099696,136.79027093920837,0.1318121578712219,0.21270317909786174,0.47432578831404487,0.6636835994048819,0.0738095238095238,True,0.05201058201058201,0.10825396825396824,0.625
CB1_CAUR_M_CF3_RI2_TI2_R12__seed721204__it0000554,CB1_CAUR_M_CF3_RI2_TI2_R12,NEW_ALNS_EXPANSION,M,CF3,80-100%,0.9497235057627885,ts_011d621290c5f8e7defd,LOCAL_PERTURBATION,ts_303ea25c640e359dcbfd,RELATED_VARIANT,3,0.010158730158730159,0.009999999999999998,0.31339555978775024,0.004285714285714285,False,False,True,0.5636363636363636,,,,,,False,552,275,23,252,14.50079962330173,210.22817322427625,0.06452572376209306,0.12728942020046302,0.3245385532599778,0.5800778428003032,0.07253968253968254,True,0.024775132275132273,0.06095238095238095,0.3333333333333333
CB1_CAUR_S_CF1_RI2_TI2_R12_C02__seed691201__it0000014,CB1_CAUR_S_CF1_RI2_TI2_R12_C02,ORIGINAL_PHASE6J_CAUR,S,CF1,0-20%,0.04983765307198545,ts_d550f35238de2a85444f,STRUCTURED_NEAR_NEIGHBOR,ts_7c54f3bc6c7849a475f7,ORIGINAL_OPERATOR,2,-0.024552429667519183,0.06368286445012787,0.5966019034385681,0.029156010230179025,False,False,False,0.4855072463768116,ts_078373d3160a52a07d61,0.004347826086956522,0.03478260869565217,0.6485507246376812,-0.028900255754475704,False,552,276,23,253,28.88201120654575,249.82399826036917,0.10362895031143678,0.26167191823393615,0.40848650686570387,0.60599557351961,0.09744245524296674,True,0.020843989769820975,0.049616368286445015,0.2916666666666667
CB1_CAUR_S_CF1_RI2_TI2_R12_C02__seed691201__it0000053,CB1_CAUR_S_CF1_RI2_TI2_R12_C02,ORIGINAL_PHASE6J_CAUR,S,CF1,0-20%,0.17883531714323908,ts_ae9627a66182299b7fb8,LOCAL_PERTURBATION,ts_630dce7859824753bc9c,STRUCTURED_NEAR_NEIGHBOR,11,-0.02912844036697248,0.038302752293577984,0.20881879329681396,0.0,False,False,False,0.6613545816733067,ts_08c158cbc9515cdb8b98,-0.03600917431192661,0.04518348623853211,0.545816733067729,0.006880733944954129,False,506,251,21,230,13.92479886942101,138.18155772417643,0.09154646249680233,0.11379036451119136,0.3143476087463002,0.5336568036810511,0.10573394495412844,True,0.021938571998404467,0.06100917431192661,0.30434782608695654
CB1_CAUR_S_CF1_RI2_TI2_R12_C02__seed691201__it0000096,CB1_CAUR_S_CF1_RI2_TI2_R12_C02,ORIGINAL_PHASE6J_CAUR,S,CF1,20-40%,0.3205923267856373,ts_8c09257f6fb1959244af,STRUCTURED_NEAR_NEIGHBOR,ts_6a0b6157e9912333527d,STRUCTURED_NEAR_NEIGHBOR,2,0.013799901429275506,0.010842779694430755,0.0866314172744751,0.0012321340561853161,False,False,False,0.6944444444444444,ts_abec4d052bb22b336562,-0.009610645638245442,0.034253326761951704,0.75,0.023410547067520947,False,506,252,22,230,13.510313260292943,124.46376329076351,0.09791921495697445,0.1550730429730542,0.39409884719754334,0.6272575532355296,0.07540660423854115,True,0.017528446225384103,0.05322819122720552,0.17391304347826086
CB1_CAUR_S_CF1_RI2_TI2_R12_C02__seed691201__it0000136,CB1_CAUR_S_CF1_RI2_TI2_R12_C02,ORIGINAL_PHASE6J_CAUR,S,CF1,40-60%,0.45092716021463275,ts_1de7e02cb12855e57bd7,STRUCTURED_NEAR_NEIGHBOR,ts_5c5600d90da370e8a542,ORIGINAL_OPERATOR,23,0.0012054001928640309,0.051350048216007714,0.2727200984954834,0.020009643201542915,False,False,False,0.6231884057971014,ts_5c5600d90da370e8a542,0.0012054001928640309,0.051350048216007714,0.5181159420289855,0.0,False,552,276,23,253,128.77087116134246,226.68707827562565,0.36226752381065225,0.2000881804665299,0.38782986796291835,0.5918003472819877,0.12729026036644167,False,0.023645933783349407,0.0665380906460945,0.25
CB1_CAUR_S_CF1_RI2_TI2_R12_C02__seed691201__it0000176,CB1_CAUR_S_CF1_RI2_TI2_R12_C02,ORIGINAL_PHASE6J_CAUR,S,CF1,40-60%,0.5809106504290996,ts_5523be1b80ee33db8c3d,LOCAL_PERTURBATION,ts_9122d6d00b9a252c5f63,RELATED_VARIANT,17,0.00523168908819133,0.03861484803188839,0.20930778980255127,0.013452914798206279,False,False,False,0.5127272727272727,ts_696c65313ba729d5274a,0.017937219730941704,0.025909317389138018,0.5709090909090909,-0.012705530642750373,False,552,275,23,252,38.410728777837356,146.4219170041662,0.2078135527158983,0.22275870559456165,0.42620111551862655,0.5999176437458454,0.11136023916292975,False,0.019764158777611698,0.0802192326856004,0.375
CB1_CAUR_S_CF1_RI2_TI2_R12_C02__seed691201__it0000218,CB1_CAUR_S_CF1_RI2_TI2_R12_C02,ORIGINAL_PHASE6J_CAUR,S,CF1,60-80%,0.7184537799288852,ts_0cbb67c8a9eaace86e68,RELATED_VARIANT,ts_bc1e931968fb27169614,STRUCTURED_NEAR_NEIGHBOR,15,-0.008551307847082495,0.020623742454728373,0.02550339698791504,0.0010060362173038243,False,False,False,0.7075098814229249,ts_0cbb67c8a9eaace86e68,0.012072434607645876,0.0,0.6996047430830039,-0.020623742454728373,True,506,253,22,231,20.179117643760343,95.44229101707862,0.1745275194056256,0.15424551746156856,0.4224714810843852,0.6494398834394872,0.0613682092555332,True,0.025675793893797566,0.0613682092555332,0.34782608695652173
CB1_CAUR_S_CF1_RI2_TI2_R12_C02__seed691201__it0000258,CB1_CAUR_S_CF1_RI2_TI2_R12_C02,ORIGINAL_PHASE6J_CAUR,S,CF1,80-100%,0.849665394785656,ts_171241994c85967ddb3e,ORIGINAL_OPERATOR,ts_171241994c85967ddb3e,ORIGINAL_OPERATOR,1,0.03459764223475141,0.0,0.5631659030914307,0.023577652485904665,True,True,True,0.6363636363636364,ts_171241994c85967ddb3e,0.03459764223475141,0.0,0.5963636363636363,0.0,False,552,275,23,252,19.1726195850164,195.87495140964782,0.08915524828453938,0.27160079072379006,0.45465407745429653,0.634277497803071,0.11993849308047157,False,0.04260635571501794,0.106099436186571,0.375
CB1_CAUR_S_CF1_RI2_TI2_R12_C02__seed691201__it0000288,CB1_CAUR_S_CF1_RI2_TI2_R12_C02,ORIGINAL_PHASE6J_CAUR,S,CF1,80-100%,0.94893283714295,ts_2c908f0ffc7eb0a9af77,ORIGINAL_OPERATOR,ts_8a89af59a492f4655b1d,ORIGINAL_OPERATOR,3,-0.05945668887749872,0.05945668887749872,0.24015796184539795,0.009738595592004101,False,False,False,0.7154150197628458,ts_e9672dc39c592c7de3d3,-0.042029728344438744,0.042029728344438744,0.6007905138339921,-0.017426960533059976,True,506,253,22,231,31.573085583835287,207.06256649279953,0.13230665790749485,0.161764064602358,0.3839317067881419,0.5917778723823278,0.15709892362890826,False,0.013593920620417626,0.06253203485392107,0.0
CB1_CAUR_S_CF1_RI2_TI2_R12_C02__seed691202__it0000014,CB1_CAUR_S_CF1_RI2_TI2_R12_C02,ORIGINAL_PHASE6J_CAUR,S,CF1,0-20%,0.04934817142826172,ts_92e5aab2e60ae62ef0bf,LOCAL_PERTURBATION,ts_890e3580eb73e08436dc,RELATED_VARIANT,7,-0.014047619047619048,0.062380952380952384,0.4196425974369049,0.005952380952380952,False,False,False,0.4880952380952381,ts_16d5a17385862632cc3f,-0.03976190476190476,0.08809523809523809,0.5317460317460317,0.025714285714285714,False,506,252,22,230,23.70404157070596,264.7805250025167,0.08216745128613126,0.13654443043062828,0.33741245918738605,0.5744587817626958,0.09,True,0.0317184265010352,0.09238095238095238,0.391304347826087
CB1_CAUR_S_CF1_RI2_TI2_R12_C02__seed691202__it0000054,CB1_CAUR_S_CF1_RI2_TI2_R12_C02,ORIGINAL_PHASE6J_CAUR,S,CF1,0-20%,0.1813497919283691,ts_25179b7e8d362c46626d,RELATED_VARIANT,ts_6451b1d894deab2b0ffe,RELATED_VARIANT,14,0.021939953810623556,0.05681293302540416,0.027308642864227295,0.01939953810623557,False,False,False,0.38181818181818183,ts_6451b1d894deab2b0ffe,0.021939953810623556,0.05681293302540416,0.3781818181818182,0.0,False,552,275,23,252,36.18597045770372,300.00509686449186,0.10763513363376831,0.1963611781298053,0.3691425761313732,0.6005189530054389,0.09422632794457275,False,0.03300615858352579,0.09099307159353348,0.25
CB1_CAUR_S_CF1_RI2_TI2_R12_C02__seed691202__it0000094,CB1_CAUR_S_CF1_RI2_TI2_R12_C02,ORIGINAL_PHASE6J_CAUR,S,CF1,20-40%,0.3194223083576487,ts_5856276b7afb46c50eb7,ORIGINAL_OPERATOR,ts_9be001d91cf091b0a178,RELATED_VARIANT,12,0.03051643192488263,0.04037558685446009,0.4478756785392761,0.009154929577464783,False,False,False,0.6126482213438735,ts_990247c6cc30a2f4d464,-0.03333333333333333,0.10422535211267606,0.5019762845849802,0.06384976525821597,False,506,253,22,231,32.0733882117037,194.29244257791996,0.14168829323676313,0.16523831773752967,0.39513812169692536,0.6125129650186046,0.10610328638497651,True,0.05284751990202083,0.11549295774647887,0.391304347826087
CB1_CAUR_S_CF1_RI2_TI2_R12_C02__seed691202__it0000134,CB1_CAUR_S_CF1_RI2_TI2_R12_C02,ORIGINAL_PHASE6J_CAUR,S,CF1,40-60%,0.4516252565715279,ts_35c3af3ad3ee58ffaa2b,RELATED_VARIANT,ts_d953df904b62a9787e15,STRUCTURED_NEAR_NEIGHBOR,11,-0.02048594568842306,0.04692710814673654,0.22044634819030762,0.0019056693663649336,False,False,False,0.6268115942028986,ts_17c99d1732f2ca5e22b1,-0.005240590757503573,0.03168175321581705,0.5398550724637681,-0.015245354930919486,True,552,276,23,253,21.073240322416172,151.74586107668864,0.12193814313239641,0.1536376578874324,0.39671100117120517,0.6231182003075375,0.06407813244402097,True,0.02753295219946006,0.06574559313959027,0.5
CB1_CAUR_S_CF1_RI2_TI2_R12_C02__seed691202__it0000173,CB1_CAUR_S_CF1_RI2_TI2_R12_C02,ORIGINAL_PHASE6J_CAUR,S,CF1,40-60%,0.5816197872856199,ts_716be613f4cbfc7afa3a,LOCAL_PERTURBATION,ts_3892e26ef6f3f385d937,STRUCTURED_NEAR_NEIGHBOR,5,-0.012144821264894592,0.03666361136571952,0.4762902855873108,0.0034372135655362096,False,False,False,0.652,ts_0e67a2d3d2011ffcf7dc,0.01306141154903758,0.011457378551787354,0.684,-0.025206232813932174,False,506,250,22,228,12.7162238409594,141.08504326722738,0.08267957787379321,0.12056983471427744,0.3057377211470723,0.4985610691718656,0.10449129239230064,True,0.07603714183238353,0.1617781851512374,0.8695652173913043
CB1_CAUR_S_CF1_RI2_TI2_R12_C02__seed691202__it0000215,CB1_CAUR_S_CF1_RI2_TI2_R12_C02,ORIGINAL_PHASE6J_CAUR,S,CF1,60-80%,0.7216481107856713,ts_601e58deba1899cc4ef9,STRUCTURED_NEAR_NEIGHBOR,ts_381958c063e171144dd8,STRUCTURED_NEAR_NEIGHBOR,6,0.0024853140533212838,0.039990962494351565,0.02106010913848877,0.009037505648441031,False,False,False,0.5108225108225108,ts_813e040637c8159e9bac,0.00406687754179846,0.03840939900587438,0.5584415584415584,-0.0015815634884771765,False,462,231,21,210,18.96275506834347,130.30609805969118,0.12703758802299,0.2683357928431989,0.523371372947234,0.6640175434508256,0.08043380027112518,True,0.06494680195538759,0.11793944871215545,0.8181818181818182
CB1_CAUR_S_CF1_RI2_TI2_R12_C02__seed691202__it0000254,CB1_CAUR_S_CF1_RI2_TI2_R12_C02,ORIGINAL_PHASE6J_CAUR,S,CF1,80-100%,0.8504702127143641,ts_80be9a8d64c971421ae8,ORIGINAL_OPERATOR,ts_80be9a8d64c971421ae8,ORIGINAL_OPERATOR,1,0.0,0.0,0.14319148659706116,0.0019559902200488996,True,True,True,0.5693430656934306,ts_063926c053a7cdc467e8,-0.04352078239608802,0.04352078239608802,0.5547445255474452,0.04352078239608802,False,552,274,23,251,20.145408522997574,204.0933686229493,0.08983909375266455,0.25866094209041757,0.5619723833312356,0.669717688894584,0.08337408312958436,True,0.02220863895680522,0.07579462102689487,0.041666666666666664
CB1_CAUR_S_CF1_RI2_TI2_R12_C02__seed691202__it0000284,CB1_CAUR_S_CF1_RI2_TI2_R12_C02,ORIGINAL_PHASE6J_CAUR,S,CF1,80-100%,0.9499718435711527,ts_75710bf68610e866223b,ORIGINAL_OPERATOR,ts_dba480ea21029f0f2548,STRUCTURED_NEAR_NEIGHBOR,8,-0.016058394160583942,0.027493917274939175,0.4103991985321045,1.734723475976807e-18,False,False,False,0.7236363636363636,ts_2f6eaf3222ceded4e3bc,-0.00875912408759124,0.02019464720194647,0.6945454545454546,-0.007299270072992702,True,552,275,22,253,20.008796933218814,192.08094787825084,0.09434118066861268,0.1225542938983237,0.3279841298833925,0.5134669273512316,0.12554744525547445,True,0.02873073803730738,0.06423357664233577,0.25
CB1_CAUR_S_CF1_RI2_TI2_R12_C02__seed721201__it0000039,CB1_CAUR_S_CF1_RI2_TI2_R12_C02,NEW_ALNS_EXPANSION,S,CF1,0-20%,0.050475513928436806,ts_ace6a787e74cf546d0d3,STRUCTURED_NEAR_NEIGHBOR,ts_21fb2109b49c8dcea614,RELATED_VARIANT,3,0.014285714285714287,0.05215419501133786,0.004879117012023926,0.006122448979591834,False,False,False,0.49603174603174605,,,,,,False,506,252,22,230,19.70856259666215,298.04183347316643,0.062025296712237665,0.14078764714693656,0.3645262272828075,0.5737405962710747,0.12494331065759637,True,0.04059942817706793,0.08979591836734693,0.43478260869565216
CB1_CAUR_S_CF1_RI2_TI2_R12_C02__seed721201__it0000147,CB1_CAUR_S_CF1_RI2_TI2_R12_C02,NEW_ALNS_EXPANSION,S,CF1,0-20%,0.1797067481430921,ts_b719fafc22f3b1b0c2d1,ORIGINAL_OPERATOR,ts_2dfcaff0cb21e61b0245,RELATED_VARIANT,6,0.014480761274306992,0.03537443111294994,0.13619738817214966,0.019445593711212253,False,False,False,0.5818181818181818,,,,,,False,552,275,23,252,26.30960505241883,179.73224348024132,0.12769058926516297,0.2890384816554233,0.483951655188167,0.6445219727627798,0.094952420355813,True,0.021428078885670943,0.0674389739346297,0.2916666666666667
CB1_CAUR_S_CF1_RI2_TI2_R12_C02__seed721201__it0000269,CB1_CAUR_S_CF1_RI2_TI2_R12_C02,NEW_ALNS_EXPANSION,S,CF1,20-40%,0.3204294385000789,ts_283bfb4345fe5cca7056,MATCHED_RANDOM,ts_0793bfdf9e2fc3ce4604,RELATED_VARIANT,9,0.010953902327704247,0.05294386125057051,0.01163029670715332,0.022364217252396165,False,False,False,0.6304347826086957,,,,,,False,552,276,23,253,32.187622108150585,189.4134219233129,0.14525031797043567,0.26893769092909703,0.48789806220826043,0.6614079696934294,0.11364673664993154,True,0.04105811653734976,0.12414422638064809,0.4583333333333333
CB1_CAUR_S_CF1_RI2_TI2_R12_C02__seed721201__it0000377,CB1_CAUR_S_CF1_RI2_TI2_R12_C02,NEW_ALNS_EXPANSION,S,CF1,40-60%,0.4496582729999708,ts_19d494d680fdc05253a5,LOCAL_PERTURBATION,ts_7461fa6a6da15da4553f,RELATED_VARIANT,16,-0.05614567526555387,0.07561962569549824,0.1260949969291687,0.002276176024279212,False,False,False,0.5173913043478261,,,,,,False,462,230,21,209,21.118032070402357,156.36133894264407,0.11898865738514468,0.10906333222725355,0.3012310990378988,0.5611995134928445,0.08447142134547293,True,0.01202464707775785,0.04855842185128983,0.13636363636363635
CB1_CAUR_S_CF1_RI2_TI2_R12_C02__seed721201__it0000490,CB1_CAUR_S_CF1_RI2_TI2_R12_C02,NEW_ALNS_EXPANSION,S,CF1,40-60%,0.5804444745715175,ts_0119ad9516a9fc826506,RELATED_VARIANT,ts_6955b11e94d163a07134,RELATED_VARIANT,14,-0.07840161861406171,0.11305007587253414,0.3880627155303955,0.00784016186140617,False,False,False,0.5144927536231884,,,,,,False,552,276,23,253,30.827284968984188,262.91722068622005,0.10494591175492177,0.12790231770378216,0.30929937187269685,0.5183772212741055,0.11305007587253414,False,0.011718091384252232,0.0849772382397572,0.125
CB1_CAUR_S_CF1_RI2_TI2_R12_C02__seed721201__it0000611,CB1_CAUR_S_CF1_RI2_TI2_R12_C02,NEW_ALNS_EXPANSION,S,CF1,60-80%,0.7198774230715311,ts_3251d2a18586263f31d6,STRUCTURED_NEAR_NEIGHBOR,ts_57615056f70978c0cfed,RELATED_VARIANT,14,0.0030349013657056147,0.021244309559939303,0.08151376247406006,0.01264542235710673,False,False,False,0.5810276679841897,,,,,,False,506,253,22,231,29.896038863127117,201.1974069955152,0.1293677488430989,0.18467625896079615,0.376076204838703,0.5676123653140643,0.09382903388973192,True,0.017219766444547074,0.05614567526555387,0.21739130434782608
CB1_CAUR_S_CF1_RI2_TI2_R12_C02__seed721201__it0000726,CB1_CAUR_S_CF1_RI2_TI2_R12_C02,NEW_ALNS_EXPANSION,S,CF1,80-100%,0.8500150691428904,ts_853fa9014e768b2d1e6e,MATCHED_RANDOM,ts_6cef1974a90fbbf0972c,ORIGINAL_OPERATOR,8,-0.008093070308548306,0.01719777440566515,0.005328059196472168,0.006069802731411229,False,False,False,0.5158730158730159,,,,,,False,506,252,22,230,22.781234480148715,242.85822404377768,0.08575997935975611,0.13160611648183176,0.3371764125198467,0.5844486516993384,0.09635811836115327,True,0.03428558861692067,0.08952959028831563,0.2608695652173913
CB1_CAUR_S_CF1_RI2_TI2_R12_C02__seed721201__it0000814,CB1_CAUR_S_CF1_RI2_TI2_R12_C02,NEW_ALNS_EXPANSION,S,CF1,80-100%,0.9494979259283615,ts_416e2bf57d172a9815f1,LOCAL_PERTURBATION,ts_62ef9ac61c3495f89388,RELATED_VARIANT,12,-0.05715730905412241,0.07941325240263025,0.1952587366104126,0.004299443601416288,False,False,False,0.48188405797101447,,,,,,False,552,276,23,253,35.47335735451551,290.53745982745295,0.10881036911948677,0.15313356498395886,0.4145070887708483,0.6263607946586623,0.1004046535154274,True,0.017303152925307704,0.1476985331310066,0.125
CB1_CAUR_S_CF1_RI2_TI2_R12_C02__seed721202__it0000041,CB1_CAUR_S_CF1_RI2_TI2_R12_C02,NEW_ALNS_EXPANSION,S,CF1,0-20%,0.04950343685725654,ts_8d5cf5b46aedc78f9012,ORIGINAL_OPERATOR,ts_e65286b9a3edc1684258,LOCAL_PERTURBATION,8,-0.008135444151275286,0.008135444151275286,0.11025893688201904,0.008135444151275286,False,False,True,0.5789473684210527,,,,,,False,420,209,20,189,19.696361928480673,97.13723119420811,0.168584748633017,0.24474262190835416,0.47959656392092287,0.6680408645109384,0.06222515391380827,False,0.034908070528123294,0.10861917326297274,0.0
CB1_CAUR_S_CF1_RI2_TI2_R12_C02__seed721202__it0000153,CB1_CAUR_S_CF1_RI2_TI2_R12_C02,NEW_ALNS_EXPANSION,S,CF1,0-20%,0.17998587864297275,ts_dd8ca368a4be43368aa1,STRUCTURED_NEAR_NEIGHBOR,ts_dd8ca368a4be43368aa1,STRUCTURED_NEAR_NEIGHBOR,1,0.043772563176895304,0.0,0.051685214042663574,0.0029332129963898917,True,True,True,0.6254545454545455,,,,,,False,552,275,23,252,17.694585032032744,211.931651625366,0.07705820244936985,0.22624597592415996,0.4989286744956626,0.6360684225150918,0.10469314079422383,True,0.023653730445246695,0.10604693140794223,0.375
CB1_CAUR_S_CF1_RI2_TI2_R12_C02__seed721202__it0000275,CB1_CAUR_S_CF1_RI2_TI2_R12_C02,NEW_ALNS_EXPANSION,S,CF1,20-40%,0.32011328200003064,ts_1d73f93fdfa10beb1108,ORIGINAL_OPERATOR,ts_8f0787a11867198e79e0,STRUCTURED_NEAR_NEIGHBOR,15,-0.0052910052910052924,0.031024531024531024,0.262972354888916,0.0009620009620009626,False,False,False,0.5158730158730159,,,,,,False,506,252,22,230,29.042350366213267,174.59841133113974,0.1426156046763145,0.16966797253045368,0.4127084908244553,0.5904994718438379,0.0873015873015873,True,0.022607022607022607,0.07984607984607985,0.34782608695652173
CB1_CAUR_S_CF1_RI2_TI2_R12_C02__seed721202__it0000391,CB1_CAUR_S_CF1_RI2_TI2_R12_C02,NEW_ALNS_EXPANSION,S,CF1,40-60%,0.45052293800004656,ts_def575029f8c5392293c,ORIGINAL_OPERATOR,ts_2773b4e459e44b3249b5,ORIGINAL_OPERATOR,17,-0.0017232890201871014,0.03840472673559822,0.10973763465881348,0.000246184145741013,False,False,False,0.44363636363636366,,,,,,False,552,275,23,252,31.95847112815972,303.4164053907856,0.09529178649240409,0.13838988307846203,0.390614005241034,0.5920015480957131,0.0933037912358444,True,0.08764155588380107,0.13884785819793205,0.9166666666666666
CB1_CAUR_S_CF1_RI2_TI2_R12_C02__seed721202__it0000504,CB1_CAUR_S_CF1_RI2_TI2_R12_C02,NEW_ALNS_EXPANSION,S,CF1,40-60%,0.5802336772857026,ts_d156cc7b8f4c8d537231,LOCAL_PERTURBATION,ts_f4ce9782559a6b1033d3,STRUCTURED_NEAR_NEIGHBOR,14,-0.03152709359605911,0.08719211822660099,0.21249675750732422,0.0009852216748768572,False,False,False,0.6058394160583942,,,,,,False,552,274,23,251,42.91960389716728,298.47699631473233,0.1257177249876763,0.12946270906637708,0.35218587756910147,0.5971077117551736,0.12980295566502464,True,0.015353037766830871,0.053694581280788176,0.08333333333333333
CB1_CAUR_S_CF1_RI2_TI2_R12_C02__seed721202__it0000625,CB1_CAUR_S_CF1_RI2_TI2_R12_C02,NEW_ALNS_EXPANSION,S,CF1,60-80%,0.7196553427144993,ts_f8289308477e294870c6,RELATED_VARIANT,ts_84850be0199ef2605ef0,RELATED_VARIANT,23,0.032950574138791815,0.01198202695956066,0.16320925951004028,0.004992511233150275,False,False,False,0.5963636363636363,,,,,,False,552,275,23,252,87.80750742178249,214.9097744669092,0.2900644022499815,0.114136103527852,0.299641252285076,0.5207557542732111,0.1412880678981528,False,0.008924113829256118,0.06390414378432353,0.08333333333333333
CB1_CAUR_S_CF1_RI2_TI2_R12_C02__seed721202__it0000742,CB1_CAUR_S_CF1_RI2_TI2_R12_C02,NEW_ALNS_EXPANSION,S,CF1,80-100%,0.8502323944287907,ts_646d40b1d1f9909b93eb,ORIGINAL_OPERATOR,ts_1b621003d3db339813ea,ORIGINAL_OPERATOR,6,-0.04769392033542977,0.04769392033542977,0.01361846923828125,0.009433962264150943,False,False,False,0.7261904761904762,,,,,,False,506,252,22,230,16.541682447897244,168.93988350528053,0.0891823527739299,0.12214485840469154,0.29677776319357974,0.5194595105600153,0.11320754716981132,False,0.012054507337526204,0.03511530398322851,0.0
CB1_CAUR_S_CF1_RI2_TI2_R12_C02__seed721202__it0000829,CB1_CAUR_S_CF1_RI2_TI2_R12_C02,NEW_ALNS_EXPANSION,S,CF1,80-100%,0.9500554767858246,ts_9377e4b2004ed1739560,RELATED_VARIANT,ts_9377e4b2004ed1739560,RELATED_VARIANT,1,0.05555555555555555,0.0,0.27800464630126953,0.04192872117400419,True,True,True,0.5833333333333334,,,,,,False,506,252,22,230,15.020498506696404,194.74521829921918,0.07160606954945849,0.3062502131958631,0.43704179253000985,0.5899267836329192,0.1509433962264151,False,0.021853067177103273,0.08962264150943396,0.2608695652173913
CB1_CAUR_S_CF1_RI2_TI2_R12_C02__seed721203__it0000039,CB1_CAUR_S_CF1_RI2_TI2_R12_C02,NEW_ALNS_EXPANSION,S,CF1,0-20%,0.05032971114321429,ts_1bb58bbf0368faef5f38,STRUCTURED_NEAR_NEIGHBOR,ts_582d60789372d81dc539,STRUCTURED_NEAR_NEIGHBOR,5,-0.04617169373549884,0.0679814385150812,0.06932425498962402,0.009280742459396751,False,False,False,0.5615942028985508,,,,,,False,552,276,23,253,20.643275764472154,192.90609347215718,0.09666746307078904,0.16375303739411767,0.35957465200653593,0.5655773611625052,0.10464037122969838,True,0.05757927300850735,0.10348027842227378,0.7083333333333334
CB1_CAUR_S_CF1_RI2_TI2_R12_C02__seed721203__it0000153,CB1_CAUR_S_CF1_RI2_TI2_R12_C02,NEW_ALNS_EXPANSION,S,CF1,0-20%,0.17951663800028786,ts_453099a60afb397ce5de,STRUCTURED_NEAR_NEIGHBOR,ts_7eb8f122cc605ac5b3ce,STRUCTURED_NEAR_NEIGHBOR,13,-0.06512797074954296,0.09117915904936015,0.42037487030029297,0.0004570383912248614,False,False,False,0.4603174603174603,,,,,,False,506,252,22,230,26.537511166321178,196.32860951674868,0.11907377884527924,0.1601778653334937,0.39407595906532217,0.567491045946202,0.09117915904936015,True,0.014684842222398855,0.044789762340036565,0.30434782608695654
CB1_CAUR_S_CF1_RI2_TI2_R12_C02__seed721203__it0000274,CB1_CAUR_S_CF1_RI2_TI2_R12_C02,NEW_ALNS_EXPANSION,S,CF1,20-40%,0.32048839921429007,ts_f9fd06056de017aea28d,RELATED_VARIANT,ts_b424bb235f1eaaa78cff,STRUCTURED_NEAR_NEIGHBOR,6,-0.010959571358986848,0.0789089137847053,0.1529252529144287,0.00828056502679006,False,False,False,0.4891304347826087,,,,,,False,552,276,23,253,25.818562124052043,296.43564193196664,0.08011862001826331,0.19201538317515832,0.4405827570897461,0.632795749035128,0.07915245981490501,True,0.033325215132326676,0.12810521188504626,0.2916666666666667
CB1_CAUR_S_CF1_RI2_TI2_R12_C02__seed721203__it0000385,CB1_CAUR_S_CF1_RI2_TI2_R12_C02,NEW_ALNS_EXPANSION,S,CF1,40-60%,0.44962086028577425,ts_6cd9769c8dc98520f2a0,RELATED_VARIANT,ts_8a3b645f3aa68220edc6,STRUCTURED_NEAR_NEIGHBOR,10,-0.007761053621825023,0.04021636876763876,0.17461764812469482,0.006114769520225778,False,False,False,0.6190476190476191,,,,,,False,462,231,21,210,21.2507024768411,153.4041600049573,0.12167254993576677,0.15905681130503158,0.38537749826172474,0.6266815623590535,0.090310442144873,False,0.021230650816727956,0.047977422389463786,0.3181818181818182
CB1_CAUR_S_CF1_RI2_TI2_R12_C02__seed721203__it0000500,CB1_CAUR_S_CF1_RI2_TI2_R12_C02,NEW_ALNS_EXPANSION,S,CF1,40-60%,0.5798899316432653,ts_3a7e23ce51b43911db7c,STRUCTURED_NEAR_NEIGHBOR,ts_607c57c5f6e31bbf8196,ORIGINAL_OPERATOR,3,0.0,0.0909766980664353,0.039677560329437256,0.010907288051561714,False,False,False,0.5398550724637681,,,,,,False,552,276,23,253,29.432813563435325,310.7875321796331,0.08651103301641679,0.1974710118763532,0.4103957087063456,0.6067400468675278,0.12840852751611304,False,0.04073706825318129,0.08626673277144274,0.2916666666666667
CB1_CAUR_S_CF1_RI2_TI2_R12_C02__seed721203__it0000623,CB1_CAUR_S_CF1_RI2_TI2_R12_C02,NEW_ALNS_EXPANSION,S,CF1,60-80%,0.7196367295717729,ts_06e87ecc63806b8aaacb,MATCHED_RANDOM,ts_06f6288b9b49a460dd23,STRUCTURED_NEAR_NEIGHBOR,13,0.009213147410358564,0.05776892430278884,0.13788443803787231,0.012699203187250992,False,False,False,0.5776892430278885,,,,,,False,506,251,22,229,27.137314384008892,184.4271359855752,0.12826972743578818,0.1326423851002689,0.29648010247070716,0.5061441008159081,0.14591633466135456,True,0.06203447081240256,0.1349601593625498,0.4782608695652174
CB1_CAUR_S_CF1_RI2_TI2_R12_C02__seed721203__it0000734,CB1_CAUR_S_CF1_RI2_TI2_R12_C02,NEW_ALNS_EXPANSION,S,CF1,80-100%,0.8494899517146612,ts_8746cb8ee2a207e55bb8,ORIGINAL_OPERATOR,ts_55a4c1738468fe79f444,STRUCTURED_NEAR_NEIGHBOR,4,0.08495266567015446,0.0004982561036372818,0.37676799297332764,0.0004982561036372818,True,True,True,0.623015873015873,,,,,,False,506,252,22,230,20.677601315126676,206.6914016166666,0.09094292119198674,0.11603945727770654,0.3099597418687679,0.5003948515889534,0.12556053811659193,True,0.03437967115097159,0.10014947683109118,0.08695652173913043
CB1_CAUR_S_CF1_RI2_TI2_R12_C02__seed721203__it0000819,CB1_CAUR_S_CF1_RI2_TI2_R12_C02,NEW_ALNS_EXPANSION,S,CF1,80-100%,0.9497293196431461,ts_3984145014640d8113ba,LOCAL_PERTURBATION,ts_f49a0a4afe2aa952c245,STRUCTURED_NEAR_NEIGHBOR,6,-0.03761833582461385,0.08520179372197309,0.12324738502502441,0.004484304932735418,False,False,False,0.6205533596837944,,,,,,False,506,253,22,231,32.41893563536468,210.4127514686587,0.1335037285371953,0.233602080887889,0.5056294431658035,0.6830674773103044,0.11160936721474837,False,0.02393795628344273,0.04384653712007972,0.2608695652173913
CB1_CAUR_S_CF1_RI2_TI2_R12_C02__seed721204__it0000043,CB1_CAUR_S_CF1_RI2_TI2_R12_C02,NEW_ALNS_EXPANSION,S,CF1,0-20%,0.049671943714721625,ts_e1063061e266afc09e8b,MATCHED_RANDOM,ts_d812e6d47bc074b1a25a,ORIGINAL_OPERATOR,19,0.013495864170657377,0.009142359599477585,0.016704678535461426,0.009142359599477585,False,False,True,0.5396825396825397,,,,,,False,506,252,22,230,33.40095351810992,158.9551718472511,0.17364122642140034,0.13722166966255556,0.30614026989955534,0.5041823981034383,0.09055289508053985,True,0.04209649637523424,0.10361340879407924,0.6086956521739131
CB1_CAUR_S_CF1_RI2_TI2_R12_C02__seed721204__it0000156,CB1_CAUR_S_CF1_RI2_TI2_R12_C02,NEW_ALNS_EXPANSION,S,CF1,0-20%,0.18004666900014854,ts_3e15ce9737e06b8edb4b,LOCAL_PERTURBATION,ts_5a528b4712890793e896,RELATED_VARIANT,7,0.03767123287671233,0.0018264840182648373,0.11525261402130127,0.001598173515981731,True,True,True,0.6678832116788321,,,,,,False,552,274,23,251,15.931243840017828,237.18112877159615,0.0629413871619124,0.10103294227604603,0.290065126861393,0.5403821287152594,0.08584474885844748,True,0.036834094368340946,0.10730593607305935,0.4583333333333333
CB1_CAUR_S_CF1_RI2_TI2_R12_C02__seed721204__it0000278,CB1_CAUR_S_CF1_RI2_TI2_R12_C02,NEW_ALNS_EXPANSION,S,CF1,20-40%,0.31976774857165374,ts_c3a9bdd1b27b3084cc58,RELATED_VARIANT,ts_31aa7b24614d0a3d46d4,RELATED_VARIANT,5,-0.03651551312649164,0.060859188544152745,0.29737091064453125,0.0016706443914081132,False,False,False,0.5219123505976095,,,,,,False,506,251,22,229,17.472696140109615,206.81621370863098,0.07790263081617865,0.12127711047087723,0.34133556754444466,0.574034819191386,0.09284009546539379,True,0.03222994707896648,0.10787589498806682,0.43478260869565216
CB1_CAUR_S_CF1_RI2_TI2_R12_C02__seed721204__it0000391,CB1_CAUR_S_CF1_RI2_TI2_R12_C02,NEW_ALNS_EXPANSION,S,CF1,40-60%,0.4497892887858533,ts_ccb77676796bd9f44730,LOCAL_PERTURBATION,ts_68cde7cc7fa4dc2cf524,STRUCTURED_NEAR_NEIGHBOR,5,-0.031168150864326873,0.08486118386589837,0.06997454166412354,0.010214772132006285,False,False,False,0.6320346320346321,,,,,,False,462,231,21,210,26.171847356217306,259.11399022475416,0.09173903471036855,0.1703028239660459,0.3977412993959082,0.6035910272272981,0.17050811943425878,True,0.016572217724653553,0.05762179151388161,0.09090909090909091
CB1_CAUR_S_CF1_RI2_TI2_R12_C02__seed721204__it0000503,CB1_CAUR_S_CF1_RI2_TI2_R12_C02,NEW_ALNS_EXPANSION,S,CF1,40-60%,0.5805551960002049,ts_cfff658d92c53371b485,MATCHED_RANDOM,ts_73a5ddc7e340404bc05a,STRUCTURED_NEAR_NEIGHBOR,21,-0.028744725738396624,0.039029535864978905,0.19448846578598022,0.0005274261603375532,False,False,False,0.5255474452554745,,,,,,False,552,274,23,251,49.119511748382735,240.96459224640316,0.16932851911549635,0.10520902233530242,0.29688750044754075,0.5344462268438809,0.07885021097046413,True,0.026283403656821375,0.08438818565400844,0.25
CB1_CAUR_S_CF1_RI2_TI2_R12_C02__seed721204__it0000622,CB1_CAUR_S_CF1_RI2_TI2_R12_C02,NEW_ALNS_EXPANSION,S,CF1,60-80%,0.720074911285857,ts_e9740d84e0e4fe32b2a9,LOCAL_PERTURBATION,ts_0489f54a9704a31db9ec,STRUCTURED_NEAR_NEIGHBOR,3,-0.012921940928270042,0.04614978902953586,0.0013651847839355469,0.005801687763713079,False,False,False,0.6877470355731226,,,,,,False,506,253,22,231,20.82467027887071,159.97154033061133,0.11518311257005151,0.18720273810481594,0.448070080726244,0.6461073721352885,0.09651898734177215,False,0.007727939827554578,0.05168776371308017,0.08695652173913043
CB1_CAUR_S_CF1_RI2_TI2_R12_C02__seed721204__it0000735,CB1_CAUR_S_CF1_RI2_TI2_R12_C02,NEW_ALNS_EXPANSION,S,CF1,80-100%,0.8495890713571238,ts_48515eeea336db7def23,LOCAL_PERTURBATION,ts_eed79ceba72cada91c4f,STRUCTURED_NEAR_NEIGHBOR,9,-0.06039029535864979,0.09915611814345991,0.1520369052886963,0.014767932489451477,False,False,False,0.6290909090909091,,,,,,False,552,275,23,252,38.55221159576529,225.33054647932568,0.14609598549365932,0.22444385860960062,0.48156319275954496,0.663845369865615,0.11524261603375527,False,0.025558192686357246,0.07172995780590717,0.041666666666666664
CB1_CAUR_S_CF1_RI2_TI2_R12_C02__seed721204__it0000823,CB1_CAUR_S_CF1_RI2_TI2_R12_C02,NEW_ALNS_EXPANSION,S,CF1,80-100%,0.9504396367857615,ts_2c48612a01df53e083d4,MATCHED_RANDOM,ts_ad2bf5bfd09ab3ecc03e,ORIGINAL_OPERATOR,3,-0.02616123865456487,0.05285638013881474,0.05715024471282959,0.016550987720234916,False,False,False,0.572992700729927,,,,,,False,552,274,23,251,26.31822009416634,275.21238340650365,0.08728208609215966,0.1604968518689883,0.35242077151313655,0.554250522390169,0.1607047517351842,False,0.0036483360028474817,0.029898558462359854,0.0
CB1_CAUR_S_CF1_RI2_TI2_R12__seed691201__it0000011,CB1_CAUR_S_CF1_RI2_TI2_R12,ORIGINAL_PHASE6J_CAUR,S,CF1,0-20%,0.05086269095104921,ts_67e214636fc3fbcb3ece,ORIGINAL_OPERATOR,ts_67e214636fc3fbcb3ece,ORIGINAL_OPERATOR,1,0.04248733821046708,0.0,0.00035518407821655273,0.01069217782779966,True,True,True,0.6190476190476191,ts_6c93f11a446a73dcac26,0.011254924029262803,0.031232414181204277,0.7095238095238096,0.031232414181204277,False,420,210,20,190,13.623011846189229,92.03187835750558,0.12893877244986082,0.3297478394827915,0.5513667717253776,0.7147031843189338,0.06049521665728756,True,0.06066940000535949,0.1344963421496905,0.8095238095238095
CB1_CAUR_S_CF1_RI2_TI2_R12__seed691201__it0000050,CB1_CAUR_S_CF1_RI2_TI2_R12,ORIGINAL_PHASE6J_CAUR,S,CF1,0-20%,0.18087293986864694,ts_4ce212907447b0afa6f4,ORIGINAL_OPERATOR,ts_1839728e0118136a4376,RELATED_VARIANT,3,-0.012512266928361137,0.017173699705593716,0.21667581796646118,0.0046614327772325805,False,False,False,0.6277056277056277,ts_cde72e00adcf4f9e047f,-0.003680078508341511,0.008341511285574092,0.6493506493506493,-0.008832188420019626,False,462,231,21,210,15.201627821780477,148.2414316872255,0.09300870815467598,0.1373648895328597,0.3541022462277761,0.5852915273532971,0.07899901864573111,True,0.03854045856008565,0.0986261040235525,0.3181818181818182
CB1_CAUR_S_CF1_RI2_TI2_R12__seed691201__it0000092,CB1_CAUR_S_CF1_RI2_TI2_R12,ORIGINAL_PHASE6J_CAUR,S,CF1,20-40%,0.3199122443930704,ts_b00021d20b1a466a37c3,STRUCTURED_NEAR_NEIGHBOR,ts_f47292e3839246329058,STRUCTURED_NEAR_NEIGHBOR,10,0.02028042063094642,0.025037556334501755,0.06138545274734497,0.0025037556334501776,False,False,False,0.6205533596837944,ts_d3d8f871c600054ffd0a,-0.023785678517776666,0.06910365548322484,0.5968379446640316,0.04406609914872309,False,506,253,22,231,24.746363203155944,170.04427412087136,0.1270408246675185,0.20377700410029387,0.48147093928425977,0.6527374861646008,0.08187280921382073,False,0.030393416211273436,0.08512769153730596,0.5217391304347826
CB1_CAUR_S_CF1_RI2_TI2_R12__seed691201__it0000130,CB1_CAUR_S_CF1_RI2_TI2_R12,ORIGINAL_PHASE6J_CAUR,S,CF1,40-60%,0.44885206032739033,ts_77eafbebe3af051d958a,STRUCTURED_NEAR_NEIGHBOR,ts_8fe1cda619381be1cd44,RELATED_VARIANT,2,-0.017141350210970463,0.020042194092827002,0.41772520542144775,0.0026371308016877645,False,False,False,0.6205533596837944,ts_9a0c465927ae759b08c0,-0.03164556962025317,0.034546413502109706,0.6600790513833992,0.014504219409282704,False,506,253,22,231,15.069236686459769,127.31677484468351,0.10583368776478273,0.1749191471187581,0.4771225592827681,0.6803094375981766,0.0680379746835443,True,0.021991377728857092,0.07225738396624472,0.21739130434782608
CB1_CAUR_S_CF1_RI2_TI2_R12__seed691201__it0000170,CB1_CAUR_S_CF1_RI2_TI2_R12,ORIGINAL_PHASE6J_CAUR,S,CF1,40-60%,0.5805554239338905,ts_527163e394854b4806c7,STRUCTURED_NEAR_NEIGHBOR,ts_66091950f9235f80ef39,STRUCTURED_NEAR_NEIGHBOR,6,-0.03903654485049834,0.04568106312292359,0.06035888195037842,0.006644518272425249,False,False,False,0.6181818181818182,ts_66091950f9235f80ef39,-0.03903654485049834,0.04568106312292359,0.5381818181818182,0.0,False,552,275,23,252,18.443972257855425,186.39273254132044,0.09004232066678722,0.15607775234407903,0.36978432415196555,0.6059438848710538,0.08084163898117387,True,0.012942967884828351,0.07087486157253599,0.041666666666666664
CB1_CAUR_S_CF1_RI2_TI2_R12__seed691201__it0000212,CB1_CAUR_S_CF1_RI2_TI2_R12,ORIGINAL_PHASE6J_CAUR,S,CF1,60-80%,0.7200076731797842,ts_0c91274ec0ca0c392cc9,MATCHED_RANDOM,ts_0c990e1cc02033fc109b,STRUCTURED_NEAR_NEIGHBOR,16,-0.0010875475802066337,0.058183795541054927,0.1878804862499237,0.027188689505165856,False,False,False,0.45454545454545453,ts_0c91274ec0ca0c392cc9,0.05709624796084829,0.0,0.6277056277056277,-0.058183795541054927,False,462,231,21,210,41.36464496971259,152.76509143426915,0.21307732517409517,0.36441378089033233,0.5350623242791004,0.7007323610511872,0.08102229472539424,False,0.016239062731721786,0.04241435562805873,0.3181818181818182
CB1_CAUR_S_CF1_RI2_TI2_R12__seed691201__it0000250,CB1_CAUR_S_CF1_RI2_TI2_R12,ORIGINAL_PHASE6J_CAUR,S,CF1,80-100%,0.8491203454428078,ts_d887698a4b3c06c143c2,STRUCTURED_NEAR_NEIGHBOR,ts_1ec617b3e54d323532fa,STRUCTURED_NEAR_NEIGHBOR,4,0.005614973262032085,0.029144385026737968,0.3811023235321045,0.029144385026737968,False,False,False,0.6565217391304348,ts_1ec617b3e54d323532fa,0.005614973262032085,0.029144385026737968,0.7347826086956522,0.0,False,462,230,21,209,23.800761085049153,122.66698796048223,0.16249830587380967,0.33525300679395337,0.49674852686946114,0.661726494407802,0.10374331550802139,False,0.020418084589207578,0.059893048128342244,0.18181818181818182
CB1_CAUR_S_CF1_RI2_TI2_R12__seed691201__it0000281,CB1_CAUR_S_CF1_RI2_TI2_R12,ORIGINAL_PHASE6J_CAUR,S,CF1,80-100%,0.9506657787543324,ts_981968cc847412b6d69d,MATCHED_RANDOM,ts_48386971f809eded0020,ORIGINAL_OPERATOR,14,0.0,0.017186673717609728,0.008396327495574951,0.006610259122157588,False,False,False,0.48221343873517786,ts_da94b18b42a3ff594c81,0.00661025912215759,0.010576414595452138,0.466403162055336,-0.00661025912215759,True,506,253,22,231,28.240807746468647,206.7962346647906,0.12015471032457052,0.14139658494065482,0.3382739345922132,0.5897144641924226,0.07271285034373348,True,0.02965994527855057,0.074034902168165,0.30434782608695654
CB1_CAUR_S_CF1_RI2_TI2_R12__seed691202__it0000014,CB1_CAUR_S_CF1_RI2_TI2_R12,ORIGINAL_PHASE6J_CAUR,S,CF1,0-20%,0.050359222492142044,ts_5b61f602671b1af83aae,MATCHED_RANDOM,ts_27946996d7b8c89c55a1,RELATED_VARIANT,23,-0.0045945945945945945,0.05324324324324325,0.8557724356651306,0.0037837837837837868,False,False,False,0.5127272727272727,ts_27946996d7b8c89c55a1,-0.0045945945945945945,0.05324324324324325,0.5163636363636364,0.0,False,552,275,23,252,63.753239425998224,201.89147399165017,0.23999438425023334,0.15185970273580374,0.3940948732321417,0.5718579172250098,0.06405405405405405,True,0.02772522522522523,0.0972972972972973,0.2916666666666667
CB1_CAUR_S_CF1_RI2_TI2_R12__seed691202__it0000052,CB1_CAUR_S_CF1_RI2_TI2_R12,ORIGINAL_PHASE6J_CAUR,S,CF1,0-20%,0.17882998996761582,ts_74041318e22f15314a7f,ORIGINAL_OPERATOR,ts_41d46a34d55541c60fef,RELATED_VARIANT,13,0.015045674368619021,0.03707684040838259,0.15290236473083496,0.010746910263299297,False,False,False,0.5849802371541502,ts_06c0297d5a71cbb50564,0.03089736700698549,0.02122514777001612,0.5691699604743083,-0.01585169263836647,True,506,253,22,231,29.72416511870118,173.26372013294267,0.14643319763567253,0.1994840968206617,0.3968044630413226,0.5978448802801175,0.08919935518538419,True,0.02406373385043104,0.07952713594841483,0.391304347826087
CB1_CAUR_S_CF1_RI2_TI2_R12__seed691202__it0000094,CB1_CAUR_S_CF1_RI2_TI2_R12,ORIGINAL_PHASE6J_CAUR,S,CF1,20-40%,0.320290161508563,ts_04dcc17d0946320fd5de,MATCHED_RANDOM,ts_0911112b0adee9d83e24,ORIGINAL_OPERATOR,19,0.006097560975609756,0.02170731707317073,0.0517125129699707,0.014878048780487804,False,False,False,0.6587301587301587,ts_0911112b0adee9d83e24,0.006097560975609756,0.02170731707317073,0.6785714285714286,0.0,False,506,252,22,230,39.87701071194898,88.05906463703465,0.31169481010866235,0.22818945240915095,0.40288000235759663,0.6139577412471313,0.06463414634146342,True,0.029989395546129383,0.06292682926829268,0.5217391304347826
CB1_CAUR_S_CF1_RI2_TI2_R12__seed691202__it0000133,CB1_CAUR_S_CF1_RI2_TI2_R12,ORIGINAL_PHASE6J_CAUR,S,CF1,40-60%,0.450567157771133,ts_afe9bfc8f8a2990a087c,ORIGINAL_OPERATOR,ts_b411c71dfef8e504a4e8,STRUCTURED_NEAR_NEIGHBOR,23,0.01831210191082803,0.04511677282377919,0.1380455195903778,0.017515923566878977,False,False,False,0.36363636363636365,ts_174b0e69993c2a9c87f1,-0.012473460721868366,0.07590233545647558,0.3236363636363636,0.030785562632696394,False,552,275,23,252,125.81130045033734,310.5576707133242,0.2883140387246998,0.23695077974654283,0.43127704076826695,0.6334315726945209,0.07643312101910828,True,0.04445329087048833,0.09978768577494691,0.5
CB1_CAUR_S_CF1_RI2_TI2_R12__seed691202__it0000174,CB1_CAUR_S_CF1_RI2_TI2_R12,ORIGINAL_PHASE6J_CAUR,S,CF1,40-60%,0.5812086113442315,ts_7568ccb538d5c9f8856e,STRUCTURED_NEAR_NEIGHBOR,ts_5e48582cc33046f49322,STRUCTURED_NEAR_NEIGHBOR,15,-0.02009273570324575,0.06543019062339,0.08153331279754639,0.011849562081401338,False,False,False,0.5976095617529881,ts_9958b945dc5e5d3cd49a,0.020607934054611025,0.024729520865533226,0.5737051792828686,-0.04070066975785677,True,506,251,22,229,37.95961855841465,197.71715608588474,0.16106643777566151,0.1625707766297595,0.35331320896544827,0.5842933078952727,0.12235960844925296,True,0.038931075420558646,0.0824317362184441,0.391304347826087
CB1_CAUR_S_CF1_RI2_TI2_R12__seed691202__it0000217,CB1_CAUR_S_CF1_RI2_TI2_R12,ORIGINAL_PHASE6J_CAUR,S,CF1,60-80%,0.7205736685246534,ts_07d1e506951ca7f80eaa,RELATED_VARIANT,ts_f051ed1fde737518b406,LOCAL_PERTURBATION,3,0.012535612535612537,0.0792022792022792,0.13585036993026733,0.027350427350427337,False,False,False,0.5963636363636363,ts_3254ac3ff463ee7f546e,0.039316239316239315,0.05242165242165242,0.4909090909090909,-0.02678062678062678,True,552,275,23,252,31.515170865250024,318.18113769229615,0.09012154287600631,0.22402870663306634,0.4080604813735407,0.6063782647257078,0.14131054131054133,False,0.008641975308641976,0.03988603988603989,0.041666666666666664
CB1_CAUR_S_CF1_RI2_TI2_R12__seed691202__it0000258,CB1_CAUR_S_CF1_RI2_TI2_R12,ORIGINAL_PHASE6J_CAUR,S,CF1,80-100%,0.8511127740331758,ts_10361ad0762989490ef8,LOCAL_PERTURBATION,ts_53dc11d99ba5381bc096,STRUCTURED_NEAR_NEIGHBOR,13,-0.019619157530294286,0.07443739180611655,0.05710870027542114,0.03000577034045009,False,False,False,0.48363636363636364,ts_a94a4f842a5ef0a64637,-0.039526832083092905,0.09434506635891518,0.5781818181818181,0.01990767455279862,False,552,275,23,252,53.211666374695625,327.9936302176169,0.13958795129650017,0.29366083697192763,0.4801155780707812,0.6472498992111795,0.11627236006924409,False,0.008847855356799385,0.050778995960761686,0.08333333333333333
CB1_CAUR_S_CF1_RI2_TI2_R12__seed691202__it0000289,CB1_CAUR_S_CF1_RI2_TI2_R12,ORIGINAL_PHASE6J_CAUR,S,CF1,80-100%,0.9502758306229762,ts_62536153f9c5b72d3295,MATCHED_RANDOM,ts_0edaf76ef002c55b4201,RELATED_VARIANT,5,0.024929178470254956,0.039093484419263455,0.5243629217147827,0.006798866855524076,False,False,False,0.6485507246376812,ts_ba43ddeca0f727f28af3,0.02407932011331445,0.03994334277620396,0.6123188405797102,0.0008498583569405069,False,552,276,23,253,19.798986987660275,204.54902055722567,0.08825122720868843,0.1535870422699654,0.3538371322196644,0.5751894539451249,0.10481586402266288,False,0.013503305004721433,0.05212464589235127,0.16666666666666666
CB1_CAUR_S_CF1_RI2_TI2_R12__seed721201__it0000038,CB1_CAUR_S_CF1_RI2_TI2_R12,NEW_ALNS_EXPANSION,S,CF1,0-20%,0.05006884629494648,ts_c80f2aa53f92fb737fb9,RELATED_VARIANT,ts_29cc53339ab9425c3915,RELATED_VARIANT,14,0.01704247509176717,0.05873099108547456,0.43284499645233154,0.007341373885684316,False,False,False,0.4855072463768116,,,,,,False,552,276,23,253,34.87278173279668,211.51035623317534,0.14153883265182277,0.17717951473256113,0.394539899448447,0.5819057583946844,0.09622443628736234,True,0.02344432791470023,0.08232826428945988,0.16666666666666666
CB1_CAUR_S_CF1_RI2_TI2_R12__seed721201__it0000152,CB1_CAUR_S_CF1_RI2_TI2_R12,NEW_ALNS_EXPANSION,S,CF1,0-20%,0.1802294730489356,ts_aedf2c0282cd07794316,STRUCTURED_NEAR_NEIGHBOR,ts_f977ed996e354a92c6bc,LOCAL_PERTURBATION,13,-0.015225933202357564,0.036345776031434185,0.04297375679016113,0.007858546168958746,False,False,False,0.6047430830039525,,,,,,False,506,253,22,231,17.843506572169698,140.9083864005248,0.11239870113069332,0.15729494471502595,0.3536102636851834,0.5576207320296357,0.09282907662082515,True,0.02771845904159904,0.05304518664047152,0.43478260869565216
CB1_CAUR_S_CF1_RI2_TI2_R12__seed721201__it0000273,CB1_CAUR_S_CF1_RI2_TI2_R12,NEW_ALNS_EXPANSION,S,CF1,20-40%,0.32056671390157254,ts_558fd624cd5543e3e420,ORIGINAL_OPERATOR,ts_a5b74039d7725825f27b,RELATED_VARIANT,9,-0.010887316276537834,0.03647250952640174,0.3479582667350769,0.005443658138268918,False,False,False,0.5436507936507936,,,,,,False,506,252,22,230,24.614344323459502,205.24015666990093,0.10708663183485152,0.15262363259760792,0.39229959340670917,0.616348443517831,0.085465432770822,True,0.009159546519609003,0.0593358737071312,0.08695652173913043
CB1_CAUR_S_CF1_RI2_TI2_R12__seed721201__it0000386,CB1_CAUR_S_CF1_RI2_TI2_R12,NEW_ALNS_EXPANSION,S,CF1,40-60%,0.4503091634752145,ts_136795cc4aaaecc99ef5,MATCHED_RANDOM,ts_45105e7f00dfa107e81b,RELATED_VARIANT,18,0.05667574931880109,0.0038147138964577665,0.2515883445739746,0.0038147138964577665,False,True,True,0.4505928853754941,,,,,,False,506,253,22,231,37.155687151427394,295.439045479678,0.11171459889786742,0.15261677974779014,0.3917561252196763,0.6451928292477949,0.07629427792915532,False,0.012083876317971807,0.03705722070844687,0.21739130434782608
CB1_CAUR_S_CF1_RI2_TI2_R12__seed721201__it0000501,CB1_CAUR_S_CF1_RI2_TI2_R12,NEW_ALNS_EXPANSION,S,CF1,40-60%,0.5804365445901716,ts_d5d68119c18bace848c4,RELATED_VARIANT,ts_d5d68119c18bace848c4,RELATED_VARIANT,1,0.024197933659597607,0.0,0.2709766626358032,0.00027188689505165675,True,True,True,0.6268115942028986,,,,,,False,552,276,23,253,13.421555752349462,211.44323891192377,0.059687225705509224,0.12900593839168104,0.3647328624917161,0.5994428667294367,0.09325720500271886,True,0.015406924052927318,0.07884719956498097,0.125
CB1_CAUR_S_CF1_RI2_TI2_R12__seed721201__it0000621,CB1_CAUR_S_CF1_RI2_TI2_R12,NEW_ALNS_EXPANSION,S,CF1,60-80%,0.720246581114508,ts_75f317ed6ecd1f393a7d,STRUCTURED_NEAR_NEIGHBOR,ts_54ab00a9987a0c5b58d4,RELATED_VARIANT,14,-0.03235454051114736,0.0589994562262099,0.10209053754806519,0.01821642196846112,False,False,False,0.5652173913043478,,,,,,False,506,253,22,231,27.556612184671437,138.65298788328792,0.1657943474588962,0.24427693600115716,0.4169422950968355,0.6115887499129562,0.07232191408374117,True,0.016951556848003403,0.06035889070146819,0.21739130434782608
CB1_CAUR_S_CF1_RI2_TI2_R12__seed721201__it0000734,CB1_CAUR_S_CF1_RI2_TI2_R12,NEW_ALNS_EXPANSION,S,CF1,80-100%,0.8500511064260938,ts_f6022d863cd462a55bb3,RELATED_VARIANT,ts_f6022d863cd462a55bb3,RELATED_VARIANT,1,0.044988610478359906,0.0,0.4300166368484497,0.009681093394077446,True,True,True,0.6117216117216118,,,,,,False,552,273,23,250,10.233435251281016,199.339313836791,0.04882999004312559,0.164963936360946,0.3908765475897595,0.5711712434736603,0.10506833712984054,False,0.01307422171602126,0.06264236902050113,0.2916666666666667
CB1_CAUR_S_CF1_RI2_TI2_R12__seed721201__it0000824,CB1_CAUR_S_CF1_RI2_TI2_R12,NEW_ALNS_EXPANSION,S,CF1,80-100%,0.9504377965903154,ts_163c08f10d887aaa91b2,STRUCTURED_NEAR_NEIGHBOR,ts_481ee0b4b3a79ee75850,STRUCTURED_NEAR_NEIGHBOR,23,-0.022,0.0717142857142857,0.09265798330307007,0.021428571428571425,False,False,False,0.5854545454545454,,,,,,False,552,275,23,252,109.16181686431753,158.42601987310678,0.4079476040289329,0.33640054383209417,0.5748701317122681,0.6971840168947344,0.10142857142857142,False,0.019809523809523808,0.062285714285714285,0.375
CB1_CAUR_S_CF1_RI2_TI2_R12__seed721202__it0000042,CB1_CAUR_S_CF1_RI2_TI2_R12,NEW_ALNS_EXPANSION,S,CF1,0-20%,0.050267253376898496,ts_b7cdd6ff5135140db77e,RELATED_VARIANT,ts_b7cdd6ff5135140db77e,RELATED_VARIANT,1,0.05671077504725898,0.0,0.39232051372528076,0.0028355387523629483,True,True,True,0.5555555555555556,,,,,,False,506,252,22,230,13.389117805358993,212.49732859835694,0.059273666120849354,0.17826825042222855,0.41441328973674796,0.6227269599496867,0.08601134215500945,True,0.02617736500369852,0.10255198487712665,0.2608695652173913
CB1_CAUR_S_CF1_RI2_TI2_R12__seed721202__it0000153,CB1_CAUR_S_CF1_RI2_TI2_R12,NEW_ALNS_EXPANSION,S,CF1,0-20%,0.1799929600001931,ts_d5b3e19af22d33b6126b,RELATED_VARIANT,ts_c3c1a26155ad1988b443,RELATED_VARIANT,14,0.006905370843989769,0.029923273657289008,0.04174816608428955,0.007928388746803076,False,False,False,0.6181818181818182,,,,,,False,552,275,23,252,27.69461316120519,192.4872442428345,0.12578063191820946,0.16605242900757522,0.3748670526991854,0.5772098751278271,0.09386189258312021,True,0.04034526854219949,0.09667519181585676,0.7083333333333334
CB1_CAUR_S_CF1_RI2_TI2_R12__seed721202__it0000274,CB1_CAUR_S_CF1_RI2_TI2_R12,NEW_ALNS_EXPANSION,S,CF1,20-40%,0.3200327182951055,ts_daf65da00e1100cb10d4,RELATED_VARIANT,ts_daf65da00e1100cb10d4,RELATED_VARIANT,1,0.0777118186724231,0.0,0.3387354612350464,0.03993524015110632,True,True,True,0.623015873015873,,,,,,False,506,252,22,230,19.170965553117412,176.1595384464722,0.0981462964594495,0.45444339757005403,0.614762832691927,0.7381939292972719,0.1308688613059903,False,0.018559797273516504,0.07285483000539665,0.30434782608695654
CB1_CAUR_S_CF1_RI2_TI2_R12__seed721202__it0000386,CB1_CAUR_S_CF1_RI2_TI2_R12,NEW_ALNS_EXPANSION,S,CF1,40-60%,0.4495184923933445,ts_20dff14831e8d7532e43,ORIGINAL_OPERATOR,ts_4a81eb2d1aa6aa5678e0,LOCAL_PERTURBATION,5,-0.03492745835572273,0.03492745835572273,0.015254110097885132,0.0037614185921547557,False,False,False,0.626984126984127,,,,,,False,506,252,22,230,24.72713160411574,202.57222676043224,0.10878663178827717,0.17325588494612856,0.414662317905604,0.5971789716565445,0.10075228371843095,True,0.016377356727332197,0.0784524449220849,0.043478260869565216
CB1_CAUR_S_CF1_RI2_TI2_R12__seed721202__it0000499,CB1_CAUR_S_CF1_RI2_TI2_R12,NEW_ALNS_EXPANSION,S,CF1,40-60%,0.5800114306883665,ts_f238eba9326f02a1c5be,STRUCTURED_NEAR_NEIGHBOR,ts_4c625da036a4c53bb124,RELATED_VARIANT,7,0.038548114800225096,0.01828925154755206,0.1568843126296997,0.006190208216094541,False,False,False,0.6573705179282868,,,,,,False,506,251,22,229,23.58928917336559,161.19019578693005,0.1276618406985728,0.1775271327734968,0.43204519316476026,0.637184565510188,0.08610016882386044,True,0.021971569083213037,0.08722566122678672,0.2608695652173913
CB1_CAUR_S_CF1_RI2_TI2_R12__seed721202__it0000622,CB1_CAUR_S_CF1_RI2_TI2_R12,NEW_ALNS_EXPANSION,S,CF1,60-80%,0.7205642331148245,ts_a9dbed31b5a164d3fde1,RELATED_VARIANT,ts_3a39f3eff8dbce13f17e,ORIGINAL_OPERATOR,4,0.0,0.029544175576814855,0.11460703611373901,0.0016882386043894186,False,False,False,0.4246031746031746,,,,,,False,506,252,22,230,12.124866637067122,171.1755956351664,0.06614749622976704,0.1327151718454122,0.36373840238197513,0.6010116252817013,0.05402363534046145,True,0.013921851679675074,0.05571187394485087,0.2608695652173913
CB1_CAUR_S_CF1_RI2_TI2_R12__seed721202__it0000732,CB1_CAUR_S_CF1_RI2_TI2_R12,NEW_ALNS_EXPANSION,S,CF1,80-100%,0.8502914076065072,ts_3c949f037555b01d0aa2,ORIGINAL_OPERATOR,ts_f2c6ec915fca984c4bd5,LOCAL_PERTURBATION,18,-0.00028360748723766337,0.049631310266591046,0.04003298282623291,0.005388542257515602,False,False,False,0.5875912408759124,,,,,,False,552,274,23,251,37.703931010276506,146.94921040449378,0.20418786662061408,0.2185661482988221,0.5296272225512071,0.6816395244898129,0.08082813386273398,True,0.021955946303649082,0.049914917753828704,0.4166666666666667
CB1_CAUR_S_CF1_RI2_TI2_R12__seed721202__it0000818,CB1_CAUR_S_CF1_RI2_TI2_R12,NEW_ALNS_EXPANSION,S,CF1,80-100%,0.9494795630820531,ts_8bf07687beda5df348cf,ORIGINAL_OPERATOR,ts_661b664b652a33a5958b,RELATED_VARIANT,23,0.02105862265224815,0.03471826977803073,1.2260032892227173,0.008537279453614113,False,False,False,0.5490909090909091,,,,,,False,552,275,23,252,68.69133402664953,184.12973277307105,0.2716994073957663,0.21612833846042498,0.433656228660775,0.6022617310257651,0.08679567444507684,False,0.01171504458357048,0.05463858850313033,0.125
CB1_CAUR_S_CF1_RI2_TI2_R12__seed721203__it0000041,CB1_CAUR_S_CF1_RI2_TI2_R12,NEW_ALNS_EXPANSION,S,CF1,0-20%,0.04950392668872125,ts_9915b8f21ce2b722c774,LOCAL_PERTURBATION,ts_b9c56ee5fb7b766061b7,STRUCTURED_NEAR_NEIGHBOR,8,-0.02774869109947644,0.05392670157068063,0.2884541153907776,0.004712041884816755,False,False,False,0.6785714285714286,,,,,,False,506,252,22,230,18.798730055298154,126.15302843454486,0.12968956190079892,0.16778359364604808,0.4225114690692673,0.6403151833854652,0.09293193717277487,True,0.023833371272478938,0.112565445026178,0.17391304347826086
CB1_CAUR_S_CF1_RI2_TI2_R12__seed721203__it0000154,CB1_CAUR_S_CF1_RI2_TI2_R12,NEW_ALNS_EXPANSION,S,CF1,0-20%,0.18038858642627972,ts_56430017216acbe94a59,LOCAL_PERTURBATION,ts_898cef5e365464818330,STRUCTURED_NEAR_NEIGHBOR,4,0.011714855433698905,0.010967098703888333,0.08773690462112427,0.001246261216350946,False,False,False,0.5454545454545454,,,,,,False,506,253,22,231,11.244320693919459,241.16228820076475,0.04454844008704666,0.10072558506784988,0.2817476443876951,0.4937156056702406,0.08275174476570289,True,0.02444839394858902,0.07627118644067797,0.34782608695652173
CB1_CAUR_S_CF1_RI2_TI2_R12__seed721203__it0000275,CB1_CAUR_S_CF1_RI2_TI2_R12,NEW_ALNS_EXPANSION,S,CF1,20-40%,0.3205579209182465,ts_91a274acceec9cc239f5,ORIGINAL_OPERATOR,ts_5a15d277a2d4e845e8b2,RELATED_VARIANT,9,0.006301369863013699,0.03726027397260274,0.29151374101638794,0.005479452054794519,False,False,False,0.5753968253968254,,,,,,False,506,252,22,230,29.031293625960704,110.06727172915559,0.20871023041714554,0.2697303480149893,0.5842399084397084,0.729228802462942,0.07013698630136986,False,0.01991661703394878,0.06958904109589041,0.30434782608695654
CB1_CAUR_S_CF1_RI2_TI2_R12__seed721203__it0000386,CB1_CAUR_S_CF1_RI2_TI2_R12,NEW_ALNS_EXPANSION,S,CF1,40-60%,0.4502261637377965,ts_0d21cfb9ccf56720957a,RELATED_VARIANT,ts_445163e6e1dab08bdfcd,STRUCTURED_NEAR_NEIGHBOR,18,0.028479312197743148,0.022837184309511017,0.0032917261123657227,0.004298764105319715,False,False,False,0.4854014598540146,,,,,,False,552,274,23,251,36.59940490120438,228.07360209521192,0.13828159250746688,0.14450053186626685,0.35794757507246483,0.5936448196189934,0.10424502955400322,True,0.03186011105140605,0.08704997313272433,0.3333333333333333
CB1_CAUR_S_CF1_RI2_TI2_R12__seed721203__it0000501,CB1_CAUR_S_CF1_RI2_TI2_R12,NEW_ALNS_EXPANSION,S,CF1,40-60%,0.5805252358688568,ts_538c1d1fdcb89dbba6df,ORIGINAL_OPERATOR,ts_14cff203963b2c64d259,STRUCTURED_NEAR_NEIGHBOR,19,-0.007096069868995634,0.052947598253275115,0.1550382375717163,0.02319868995633188,False,False,False,0.5,,,,,,False,506,252,22,230,46.65031787947481,144.31260169583788,0.24428992803012042,0.33354578350902186,0.5270134644194026,0.7011896865295204,0.08679039301310043,False,0.016850199354471237,0.04585152838427948,0.2608695652173913
CB1_CAUR_S_CF1_RI2_TI2_R12__seed721203__it0000620,CB1_CAUR_S_CF1_RI2_TI2_R12,NEW_ALNS_EXPANSION,S,CF1,60-80%,0.719768567737879,ts_6185531a3579bda9f17f,LOCAL_PERTURBATION,ts_5788743cf6fbbac54b46,STRUCTURED_NEAR_NEIGHBOR,8,0.006204173716864074,0.02312464749012972,0.08829119801521301,0.012408347433728144,False,False,False,0.7238095238095238,,,,,,False,420,210,20,190,25.704762387536892,172.9648556539119,0.12938446573231976,0.20306111801849486,0.4341754260723908,0.6483398807811305,0.11787930062041738,False,0.04678645287782344,0.07727016356457982,0.42857142857142855
CB1_CAUR_S_CF1_RI2_TI2_R12__seed721203__it0000729,CB1_CAUR_S_CF1_RI2_TI2_R12,NEW_ALNS_EXPANSION,S,CF1,80-100%,0.8494885737046821,ts_8af5469b2cdaaf38c526,STRUCTURED_NEAR_NEIGHBOR,ts_efb43a837575b21c2ba6,RELATED_VARIANT,14,0.02143260011280316,0.009870276367738295,0.39505016803741455,0.009870276367738295,False,False,True,0.4940239043824701,,,,,,False,506,251,22,229,26.180172536386493,250.91416819501754,0.09448107986356795,0.12314912339702924,0.2820845479149092,0.4981915677794134,0.11534122955442752,True,0.044213933642315906,0.11900733220530174,0.6086956521739131
CB1_CAUR_S_CF1_RI2_TI2_R12__seed721203__it0000815,CB1_CAUR_S_CF1_RI2_TI2_R12,NEW_ALNS_EXPANSION,S,CF1,80-100%,0.949932734557374,ts_ef296a27ad74c7e0685e,ORIGINAL_OPERATOR,ts_73b5dd121c2a5623aa1c,STRUCTURED_NEAR_NEIGHBOR,7,-0.029046813310772704,0.029046813310772704,0.12382519245147705,0.003102086858432036,False,False,False,0.6681222707423581,,,,,,False,462,229,21,208,21.490906438840746,151.85983700437774,0.12397354641793128,0.16779085110685338,0.40854616979942104,0.6316580483607738,0.08403835307388607,True,0.024919243193354867,0.029328821206993795,0.13636363636363635
CB1_CAUR_S_CF1_RI2_TI2_R12__seed721204__it0000039,CB1_CAUR_S_CF1_RI2_TI2_R12,NEW_ALNS_EXPANSION,S,CF1,0-20%,0.05044529206533611,ts_997a7774e53e65d6ffb2,ORIGINAL_OPERATOR,ts_b8f792d50fb09f1e1a36,RELATED_VARIANT,5,-0.0059771309771309775,0.034303534303534305,0.0921173095703125,0.002079002079002079,False,False,False,0.5547445255474452,,,,,,False,552,274,23,251,13.2462037866246,149.82927990818794,0.08122743827891504,0.16737129029436776,0.4533034811768827,0.691562905147323,0.0472972972972973,True,0.055873180873180876,0.104989604989605,0.875
CB1_CAUR_S_CF1_RI2_TI2_R12__seed721204__it0000150,CB1_CAUR_S_CF1_RI2_TI2_R12,NEW_ALNS_EXPANSION,S,CF1,0-20%,0.17974470111495647,ts_07ad7bdc537f0a181cf6,LOCAL_PERTURBATION,ts_f29e8b0a0b4478a67aa5,MATCHED_RANDOM,8,0.0405337361530715,0.02240684793554884,0.04377031326293945,0.01661631419939577,False,False,False,0.605072463768116,,,,,,False,552,276,23,253,38.24426284458835,230.51332441939672,0.14230021646616142,0.2396457463603753,0.49694308221900374,0.7101972819444583,0.11858006042296072,True,0.02360271903323263,0.06042296072507553,0.20833333333333334
CB1_CAUR_S_CF1_RI2_TI2_R12__seed721204__it0000268,CB1_CAUR_S_CF1_RI2_TI2_R12,NEW_ALNS_EXPANSION,S,CF1,20-40%,0.31961986072147724,ts_6c83ad293d35b6a8fcd3,ORIGINAL_OPERATOR,ts_af59702e5f9ed171bdfc,RELATED_VARIANT,19,0.0037425149700598802,0.033433133732534925,0.14325356483459473,0.02519960079840319,False,False,False,0.5474452554744526,,,,,,False,552,274,23,251,63.92402173804704,200.19939065208166,0.24202330705778857,0.27134995262134604,0.4246480599203157,0.5907358155634002,0.0845808383233533,False,0.028547072521623418,0.06586826347305388,0.4583333333333333
CB1_CAUR_S_CF1_RI2_TI2_R12__seed721204__it0000381,CB1_CAUR_S_CF1_RI2_TI2_R12,NEW_ALNS_EXPANSION,S,CF1,40-60%,0.4499947798689331,ts_f972276ff464952a958b,ORIGINAL_OPERATOR,ts_f972276ff464952a958b,ORIGINAL_OPERATOR,1,0.03259098316132537,0.0,0.22940999269485474,0.008690928843020095,True,True,True,0.5317460317460317,,,,,,False,506,252,22,230,14.137410486986315,198.22458578066804,0.06657222448204889,0.15957834031175067,0.3604739748410331,0.6053089440183399,0.07441607821835958,True,0.021443922253973503,0.05975013579576317,0.34782608695652173
CB1_CAUR_S_CF1_RI2_TI2_R12__seed721204__it0000492,CB1_CAUR_S_CF1_RI2_TI2_R12,NEW_ALNS_EXPANSION,S,CF1,40-60%,0.5796684005901744,ts_722414eb715757ae497e,ORIGINAL_OPERATOR,ts_d8ee322b716a293f8d70,RELATED_VARIANT,2,0.07705479452054795,0.003710045662100453,0.43068695068359375,0.003710045662100453,False,True,True,0.5810276679841897,,,,,,False,506,253,22,231,15.325906534982606,258.7303815801721,0.05592247724140111,0.14438826729446883,0.36010779033401036,0.5843507919929651,0.1421232876712329,False,0.023873337303950765,0.0656392694063927,0.2608695652173913
CB1_CAUR_S_CF1_RI2_TI2_R12__seed721204__it0000610,CB1_CAUR_S_CF1_RI2_TI2_R12,NEW_ALNS_EXPANSION,S,CF1,60-80%,0.7200197476719995,ts_761deca16ecb9ccddb48,STRUCTURED_NEAR_NEIGHBOR,ts_baf73fa4868bd252cfed,RELATED_VARIANT,10,0.036467236467236465,0.024501424501424507,0.06558215618133545,0.003703703703703702,False,False,False,0.6007905138339921,,,,,,False,506,253,22,231,28.22776056620375,167.22988458670147,0.14441881024465103,0.14018553807960152,0.36533392410257326,0.5608097374121818,0.101994301994302,False,0.009637061810974856,0.08091168091168091,0.13043478260869565
CB1_CAUR_S_CF1_RI2_TI2_R12__seed721204__it0000721,CB1_CAUR_S_CF1_RI2_TI2_R12,NEW_ALNS_EXPANSION,S,CF1,80-100%,0.8496393849834663,ts_f8bb04f088647d651731,MATCHED_RANDOM,ts_cdb9cfa7166af84c6148,RELATED_VARIANT,9,0.0049970605526161085,0.08201058201058202,0.5006389617919922,0.0343915343915344,False,False,False,0.4725274725274725,,,,,,False,552,273,23,250,50.6799502025957,264.29147080414657,0.16090332907222987,0.4465317898760061,0.5977899601201594,0.7219666160076207,0.10758377425044093,False,0.021066039584558105,0.102880658436214,0.20833333333333334
CB1_CAUR_S_CF1_RI2_TI2_R12__seed721204__it0000808,CB1_CAUR_S_CF1_RI2_TI2_R12,NEW_ALNS_EXPANSION,S,CF1,80-100%,0.9501488245245963,ts_ae20b0ebc2f2dca952f4,MATCHED_RANDOM,ts_e9968b1cdf74aa940ab2,STRUCTURED_NEAR_NEIGHBOR,21,-0.04470588235294118,0.09,0.048808932304382324,0.013529411764705887,False,False,False,0.5054545454545455,,,,,,False,552,275,23,252,91.42900143952726,209.94991547979194,0.3033689362683698,0.22428858864083426,0.49425909704572657,0.6427089106900654,0.13058823529411764,False,0.012965686274509803,0.05235294117647058,0.08333333333333333
CB1_CAUR_S_CF2_RI2_TI2_R12_C02__seed691201__it0000014,CB1_CAUR_S_CF2_RI2_TI2_R12_C02,ORIGINAL_PHASE6J_CAUR,S,CF2,0-20%,0.04897837244373347,ts_bfd0417a16f750237a63,MATCHED_RANDOM,ts_5e005be9378e4d7e455a,RELATED_VARIANT,17,0.02072192513368984,0.020944741532976832,0.27463340759277344,0.016488413547237082,False,False,False,0.49130434782608695,ts_31fc4f9acd7a749fe3c0,0.00802139037433155,0.03364527629233512,0.4260869565217391,0.01270053475935829,False,462,230,21,209,28.679444485906863,154.01776627929078,0.1569780094933451,0.25520945493472547,0.4365905448581146,0.6266715128613785,0.06662210338680927,False,0.04808783017339167,0.13770053475935828,0.8181818181818182
CB1_CAUR_S_CF2_RI2_TI2_R12_C02__seed691201__it0000054,CB1_CAUR_S_CF2_RI2_TI2_R12_C02,ORIGINAL_PHASE6J_CAUR,S,CF2,0-20%,0.17910801879285523,ts_44a5a332818159de8c82,MATCHED_RANDOM,ts_f938afad42a788035992,RELATED_VARIANT,17,0.02171985815602837,0.036790780141843976,0.11420440673828125,0.006427304964539013,False,False,False,0.572463768115942,ts_94f8a5e2d28bca4be270,0.039671985815602835,0.018838652482269506,0.5652173913043478,-0.017952127659574466,True,552,276,23,253,40.96925188397128,233.88263490857065,0.1490593801704365,0.18959264294191128,0.43821874120705456,0.6110763146884848,0.1254432624113475,True,0.025062795508274227,0.07180851063829788,0.3333333333333333
CB1_CAUR_S_CF2_RI2_TI2_R12_C02__seed691201__it0000098,CB1_CAUR_S_CF2_RI2_TI2_R12_C02,ORIGINAL_PHASE6J_CAUR,S,CF2,20-40%,0.32137431466623045,ts_c458dc6c8fb64d2e2254,RELATED_VARIANT,ts_211edd36b21c5fd2ed2d,LOCAL_PERTURBATION,4,-0.011075949367088608,0.040235081374321885,0.09223663806915283,0.004068716094032549,False,False,False,0.5059760956175299,ts_211edd36b21c5fd2ed2d,-0.011075949367088608,0.040235081374321885,0.5776892430278885,0.0,False,506,251,22,229,18.826365341482937,148.37652348561707,0.11259593344078388,0.22444666771344887,0.46302550706850154,0.6291494766234067,0.064873417721519,False,0.04039232644075793,0.09945750452079566,0.6086956521739131
CB1_CAUR_S_CF2_RI2_TI2_R12_C02__seed691201__it0000138,CB1_CAUR_S_CF2_RI2_TI2_R12_C02,ORIGINAL_PHASE6J_CAUR,S,CF2,40-60%,0.4484367276188947,ts_f2658f5890dcbed3e627,STRUCTURED_NEAR_NEIGHBOR,ts_f68a08e9c8945c77d043,LOCAL_PERTURBATION,9,0.019056261343012706,0.041288566243194186,0.043411821126937866,0.0009074410163339292,False,False,False,0.45454545454545453,ts_843831bd52be32b07cf7,0.02087114337568058,0.039473684210526314,0.48917748917748916,-0.0018148820326678722,False,462,231,21,210,17.36484252778991,237.88034948376497,0.06803200636587822,0.1380854118554902,0.36790402579690523,0.6232180153345943,0.06034482758620689,True,0.013343507672001318,0.05308529945553538,0.0
CB1_CAUR_S_CF2_RI2_TI2_R12_C02__seed691201__it0000179,CB1_CAUR_S_CF2_RI2_TI2_R12_C02,ORIGINAL_PHASE6J_CAUR,S,CF2,40-60%,0.5799403798088268,ts_1aedf797c28a130dbfc8,ORIGINAL_OPERATOR,ts_3826dec94c248a800626,RELATED_VARIANT,19,0.038360941586748035,0.01133391455972102,0.06153225898742676,0.007192676547515264,False,False,False,0.43612334801762115,ts_3826dec94c248a800626,0.038360941586748035,0.01133391455972102,0.43171806167400884,0.0,False,462,227,21,206,35.89697619272196,193.7020657687894,0.15634636750243722,0.19733265014806983,0.4486038999492974,0.6757905710656236,0.08696599825632084,True,0.03378378378378378,0.07541412380122058,0.4090909090909091
CB1_CAUR_S_CF2_RI2_TI2_R12_C02__seed691201__it0000222,CB1_CAUR_S_CF2_RI2_TI2_R12_C02,ORIGINAL_PHASE6J_CAUR,S,CF2,60-80%,0.7194308704125606,ts_ffcf6641777607d591a3,LOCAL_PERTURBATION,ts_4c90702ad86fab49e103,STRUCTURED_NEAR_NEIGHBOR,7,-0.024976873265494914,0.059666975023126734,0.04360836744308472,0.012025901942645696,False,False,False,0.5258964143426295,ts_274d3edd2923078b2917,-0.0023126734505087886,0.03700277520814061,0.4940239043824701,-0.022664199814986127,True,506,251,22,229,21.41411444722955,241.05643429223656,0.0815867324927402,0.21189540178663413,0.4130994216086056,0.6309118944176939,0.07562442183163737,False,0.012971081526766683,0.04902867715078631,0.21739130434782608
CB1_CAUR_S_CF2_RI2_TI2_R12_C02__seed691201__it0000262,CB1_CAUR_S_CF2_RI2_TI2_R12_C02,ORIGINAL_PHASE6J_CAUR,S,CF2,80-100%,0.8494703804442126,ts_07b45a303d79966f4662,STRUCTURED_NEAR_NEIGHBOR,ts_5112c92af171963695eb,RELATED_VARIANT,7,0.03163074039362699,0.019212746016869724,0.0964314341545105,0.0009372071227741266,False,False,False,0.4927536231884058,ts_3b9365546dac3feb8112,-0.011246485473289597,0.06208997188378631,0.44565217391304346,0.042877225866916585,False,552,276,23,253,25.50425573118164,239.8238763140021,0.09612345111915394,0.22740478395823574,0.5271105884332037,0.6856926382662787,0.07661668228678538,True,0.020891908778506718,0.06326148078725399,0.375
CB1_CAUR_S_CF2_RI2_TI2_R12_C02__seed691201__it0000294,CB1_CAUR_S_CF2_RI2_TI2_R12_C02,ORIGINAL_PHASE6J_CAUR,S,CF2,80-100%,0.9503635057776664,ts_ca8b77162e5aa8b5aa57,STRUCTURED_NEAR_NEIGHBOR,ts_1e6b36472e28fabf001f,RELATED_VARIANT,14,-0.026722925457102673,0.049929676511955,0.8609861731529236,0.003047351148616973,False,False,False,0.36363636363636365,ts_15102b7d9398aad2dd4d,-0.044069385841537745,0.06727613689639006,0.4150197628458498,0.01734646038443507,False,506,253,22,231,28.768946778584134,191.8804449744872,0.13038307765098872,0.1620564979189757,0.4161073181230512,0.6295168998624155,0.06727613689639006,True,0.010884852932183697,0.06610407876230662,0.13043478260869565
CB1_CAUR_S_CF2_RI2_TI2_R12_C02__seed691202__it0000015,CB1_CAUR_S_CF2_RI2_TI2_R12_C02,ORIGINAL_PHASE6J_CAUR,S,CF2,0-20%,0.051462423935946494,ts_cf2cace388547baf7341,ORIGINAL_OPERATOR,ts_04a16fc8e76d6ad3d167,RELATED_VARIANT,24,-0.055433347998240214,0.07281126264848219,0.29134970903396606,0.007039155301363835,False,False,False,0.40942028985507245,ts_f3a9a8e074355e0e2707,0.004179498460184778,0.013198416190057191,0.4746376811594203,-0.05961284645842499,False,552,276,23,253,172.76702638647325,223.55256991799862,0.43592854856903224,0.15428759027998806,0.35050093970054347,0.5675139519855199,0.07853057633084029,True,0.022437307523097232,0.0818301803783546,0.20833333333333334
CB1_CAUR_S_CF2_RI2_TI2_R12_C02__seed691202__it0000055,CB1_CAUR_S_CF2_RI2_TI2_R12_C02,ORIGINAL_PHASE6J_CAUR,S,CF2,0-20%,0.18116978304700868,ts_625795fc7040da769ef2,MATCHED_RANDOM,ts_964d24f1c4d1af55cd4f,RELATED_VARIANT,16,-0.009689922480620155,0.04155900086132644,0.18351995944976807,0.007967269595176574,False,False,False,0.5398550724637681,ts_964d24f1c4d1af55cd4f,-0.009689922480620155,0.04155900086132644,0.532608695652174,0.0,False,552,276,23,253,34.53652044572107,178.91761553286415,0.1617983192847851,0.21152159965801945,0.4678437025031551,0.6635936633168337,0.08333333333333334,True,0.04015934539190353,0.10766580534022394,0.5416666666666666
CB1_CAUR_S_CF2_RI2_TI2_R12_C02__seed691202__it0000098,CB1_CAUR_S_CF2_RI2_TI2_R12_C02,ORIGINAL_PHASE6J_CAUR,S,CF2,20-40%,0.31906757168268546,ts_ecd3336c418cf2e6b882,ORIGINAL_OPERATOR,ts_0335de46156a56e353ea,RELATED_VARIANT,16,0.03185011709601874,0.0243559718969555,0.049351245164871216,0.0060889929742388785,False,False,False,0.49818181818181817,ts_77d23e3dcc35ddb4b173,-0.011241217798594848,0.06744730679156909,0.5454545454545454,0.04309133489461359,False,552,275,23,252,47.577623073626235,382.87881577777796,0.11052831083344597,0.2087243368850664,0.47101738045751584,0.637227692141461,0.12271662763466043,False,0.013602654176424667,0.08946135831381732,0.25
CB1_CAUR_S_CF2_RI2_TI2_R12_C02__seed691202__it0000138,CB1_CAUR_S_CF2_RI2_TI2_R12_C02,ORIGINAL_PHASE6J_CAUR,S,CF2,40-60%,0.4510665325714009,ts_8ade41487f9acafeb740,ORIGINAL_OPERATOR,ts_00bba281dd00491f25bc,RELATED_VARIANT,11,0.01868962620747585,0.030869382612347757,0.19323277473449707,0.01049979000419992,False,False,False,0.5992063492063492,ts_3e17330d108abf71f108,0.025829483410331793,0.023729525409491813,0.626984126984127,-0.007139857202855943,False,506,252,22,230,23.210223273916736,147.6626469225901,0.13583328498681252,0.16805121437368367,0.3636164372734219,0.5576865822161964,0.08231835363292735,True,0.021711739678249912,0.08357832843343133,0.17391304347826086
CB1_CAUR_S_CF2_RI2_TI2_R12_C02__seed691202__it0000178,CB1_CAUR_S_CF2_RI2_TI2_R12_C02,ORIGINAL_PHASE6J_CAUR,S,CF2,40-60%,0.5789002577777922,ts_f793a535e967f8eb12e1,ORIGINAL_OPERATOR,ts_418c34520eb63ab8d0a3,RELATED_VARIANT,2,-0.010521281683405069,0.04567192730750837,0.5889820456504822,0.0057388809182209455,False,False,False,0.6476190476190476,ts_418c34520eb63ab8d0a3,-0.010521281683405069,0.04567192730750837,0.6,0.0,False,420,210,20,190,21.667282853171955,167.42238943884115,0.1145873415006556,0.14928252620691224,0.38783057645716335,0.6387671379587192,0.10114777618364418,True,0.06483569037371047,0.1128646580583453,0.6666666666666666
CB1_CAUR_S_CF2_RI2_TI2_R12_C02__seed691202__it0000221,CB1_CAUR_S_CF2_RI2_TI2_R12_C02,ORIGINAL_PHASE6J_CAUR,S,CF2,60-80%,0.7207764655874583,ts_0a45b1aded145e0e752f,ORIGINAL_OPERATOR,ts_5aa784930e9065f953eb,RELATED_VARIANT,14,0.0027855153203342623,0.025301764159702877,0.13194847106933594,0.005106778087279478,False,False,False,0.52,ts_473ccaaaa5262741307a,0.02298050139275766,0.005106778087279478,0.6545454545454545,-0.0201949860724234,False,552,275,23,252,20.984438653326624,113.15890471076622,0.15643294797245738,0.12392454093195006,0.28840328401145926,0.46968859713333905,0.12000928505106778,True,0.017409470752089137,0.06592386258124419,0.375
CB1_CAUR_S_CF2_RI2_TI2_R12_C02__seed691202__it0000261,CB1_CAUR_S_CF2_RI2_TI2_R12_C02,ORIGINAL_PHASE6J_CAUR,S,CF2,80-100%,0.848478191364963,ts_d88eba82c5b4bb052c8e,LOCAL_PERTURBATION,ts_e862e19b796af7df64a8,STRUCTURED_NEAR_NEIGHBOR,3,-0.01027244305493524,0.01094238499330058,0.012540072202682495,0.0006699419383653414,False,False,False,0.6733067729083665,ts_0306271bb24e8e76bcbd,-0.019205002233139794,0.019874944171505135,0.5657370517928287,0.008932559178204555,False,506,251,22,229,12.678039654676828,163.15283243239543,0.07210360447054262,0.10653203133859292,0.28566523918672476,0.49023776957345133,0.08374274229566771,True,0.02176825834514632,0.07190710138454667,0.17391304347826086
CB1_CAUR_S_CF2_RI2_TI2_R12_C02__seed691202__it0000293,CB1_CAUR_S_CF2_RI2_TI2_R12_C02,ORIGINAL_PHASE6J_CAUR,S,CF2,80-100%,0.9514437210792306,ts_86d309d21a5b81eae68c,ORIGINAL_OPERATOR,ts_6b3688795e4efdcfd462,RELATED_VARIANT,12,-0.057178217821782173,0.057178217821782173,0.1402226686477661,0.00891089108910891,False,False,False,0.6785714285714286,ts_b04c2f94e36c4ade7a63,-0.00891089108910891,0.00891089108910891,0.5833333333333334,-0.04826732673267326,True,506,252,22,230,30.628147325047866,165.08379543385325,0.15649605687466345,0.1962951776272715,0.42294746700177566,0.6513282456496017,0.09900990099009901,False,0.006887645286267756,0.03019801980198019,0.0
CB1_CAUR_S_CF2_RI2_TI2_R12_C02__seed721201__it0000039,CB1_CAUR_S_CF2_RI2_TI2_R12_C02,NEW_ALNS_EXPANSION,S,CF2,0-20%,0.049511185269765855,ts_a0681e091a9b0f7925e6,STRUCTURED_NEAR_NEIGHBOR,ts_06d357939295677df74d,RELATED_VARIANT,7,0.01740506329113924,0.019439421338155512,0.20201057195663452,0.008815551537070521,False,False,False,0.5,,,,,,False,552,274,23,251,23.17322738572913,248.83963465395624,0.08519166046768872,0.19449977598980972,0.40085652567592067,0.5999297691526381,0.07142857142857142,False,0.01772528631705847,0.0705244122965642,0.25
CB1_CAUR_S_CF2_RI2_TI2_R12_C02__seed721201__it0000148,CB1_CAUR_S_CF2_RI2_TI2_R12_C02,NEW_ALNS_EXPANSION,S,CF2,0-20%,0.18040002419036769,ts_c6e3c19e44148b1767b5,ORIGINAL_OPERATOR,ts_c6e3c19e44148b1767b5,ORIGINAL_OPERATOR,1,0.07612005219660722,0.0,0.02397775650024414,0.0017398869073510237,True,True,True,0.6388888888888888,,,,,,False,506,252,22,230,20.38522621361199,178.5350814900798,0.10247936195623358,0.13586562404768562,0.3878292240006549,0.6049471024150762,0.08808177468464551,True,0.057851239669421475,0.1126576772509787,0.30434782608695654
CB1_CAUR_S_CF2_RI2_TI2_R12_C02__seed721201__it0000265,CB1_CAUR_S_CF2_RI2_TI2_R12_C02,NEW_ALNS_EXPANSION,S,CF2,20-40%,0.31969519523813184,ts_dbebfed3b8fd4dbc3c94,ORIGINAL_OPERATOR,ts_614ee325a6d426ebfcc6,LOCAL_PERTURBATION,24,-0.015689893862482693,0.029533917858790955,0.11837369948625565,0.008306414397784958,False,False,False,0.48363636363636364,,,,,,False,552,275,23,252,163.95324743461612,180.66803170861834,0.47574905369227777,0.145341789888186,0.332904463751189,0.5451326279176139,0.08375634517766498,True,0.03912859560067682,0.1172127365020766,0.5
CB1_CAUR_S_CF2_RI2_TI2_R12_C02__seed721201__it0000376,CB1_CAUR_S_CF2_RI2_TI2_R12_C02,NEW_ALNS_EXPANSION,S,CF2,40-60%,0.4505150191109842,ts_74da69842ad560bfa474,STRUCTURED_NEAR_NEIGHBOR,ts_f8224659256285ff30c3,RELATED_VARIANT,2,-0.03467406380027739,0.048312528895053164,0.15447252988815308,0.003929727230698106,False,False,False,0.6043478260869565,,,,,,False,462,230,21,209,13.269437235556696,132.69759813823862,0.09090708187349325,0.16446796459705815,0.3945338923691286,0.6408328772967562,0.07651410078594545,True,0.01399571302483924,0.04854368932038835,0.18181818181818182
CB1_CAUR_S_CF2_RI2_TI2_R12_C02__seed721201__it0000488,CB1_CAUR_S_CF2_RI2_TI2_R12_C02,NEW_ALNS_EXPANSION,S,CF2,40-60%,0.580047755936412,ts_423ec9f7d9175c73c2de,STRUCTURED_NEAR_NEIGHBOR,ts_47ecb6d9627b1d2c84a2,STRUCTURED_NEAR_NEIGHBOR,4,0.006385998107852412,0.04115421002838221,0.08699223399162292,0.008041627246925254,False,False,False,0.6363636363636364,,,,,,False,506,253,22,231,25.238127656428905,175.99633992953557,0.12541652510719883,0.2032857488434155,0.4624178143758517,0.6324795592226656,0.10998107852412488,False,0.013018798074945494,0.03405865657521287,0.30434782608695654
CB1_CAUR_S_CF2_RI2_TI2_R12_C02__seed721201__it0000605,CB1_CAUR_S_CF2_RI2_TI2_R12_C02,NEW_ALNS_EXPANSION,S,CF2,60-80%,0.719777715873317,ts_6ac653660efca39283af,MATCHED_RANDOM,ts_d836a34034c6c266f101,RELATED_VARIANT,16,0.059293320425943846,0.028073572120038734,0.08872818946838379,0.008712487899322371,False,False,False,0.4927536231884058,,,,,,False,552,276,23,253,37.09650053641648,251.16101264480233,0.1286922242789732,0.2020299549280777,0.4297382847691018,0.6280220171398083,0.08736689254598258,False,0.02079299774120684,0.10454985479186835,0.125
CB1_CAUR_S_CF2_RI2_TI2_R12_C02__seed721201__it0000715,CB1_CAUR_S_CF2_RI2_TI2_R12_C02,NEW_ALNS_EXPANSION,S,CF2,80-100%,0.8494558171429191,ts_d9e08057b25d25248973,STRUCTURED_NEAR_NEIGHBOR,ts_8ed2d1a3301e400e2145,STRUCTURED_NEAR_NEIGHBOR,16,-0.011688931297709922,0.045801526717557245,0.06222409009933472,0.0019083969465648817,False,False,False,0.5912698412698413,,,,,,False,506,252,22,230,32.65684173137344,146.4596763055038,0.18232177629005672,0.16255678698598724,0.4186822296711582,0.6083966806219957,0.1273854961832061,True,0.013794390972452705,0.040553435114503815,0.08695652173913043
CB1_CAUR_S_CF2_RI2_TI2_R12_C02__seed721201__it0000798,CB1_CAUR_S_CF2_RI2_TI2_R12_C02,NEW_ALNS_EXPANSION,S,CF2,80-100%,0.9503044800635146,ts_7cf1dcdd0f0b5fdc131e,MATCHED_RANDOM,ts_4d8be7c4807e46c90654,RELATED_VARIANT,11,0.03458969465648855,0.009780534351145037,0.00710904598236084,0.006917938931297711,False,False,True,0.5436507936507936,,,,,,False,506,252,22,230,26.5496724183445,199.94010099008773,0.11722238942094353,0.15464794980807328,0.36592190004484193,0.6228565115713185,0.07705152671755724,True,0.027671755725190837,0.1135496183206107,0.30434782608695654
CB1_CAUR_S_CF2_RI2_TI2_R12_C02__seed721202__it0000040,CB1_CAUR_S_CF2_RI2_TI2_R12_C02,NEW_ALNS_EXPANSION,S,CF2,0-20%,0.05027097568242988,ts_2814d1ae3a1adf542341,STRUCTURED_NEAR_NEIGHBOR,ts_c1dbb76b3557f2bf0abd,STRUCTURED_NEAR_NEIGHBOR,13,-0.013222770058269833,0.04571940833706858,0.025420039892196655,0.004482294935006723,False,False,False,0.5215311004784688,,,,,,False,420,209,20,189,20.89955722310002,222.18856217833468,0.08597523101730276,0.1330586504558917,0.3393135528544934,0.5624595959998349,0.09905871806364859,False,0.020170327207530255,0.053787539220080685,0.19047619047619047
CB1_CAUR_S_CF2_RI2_TI2_R12_C02__seed721202__it0000151,CB1_CAUR_S_CF2_RI2_TI2_R12_C02,NEW_ALNS_EXPANSION,S,CF2,0-20%,0.17958891949207995,ts_723c1aa87a29c7c21a54,STRUCTURED_NEAR_NEIGHBOR,ts_64b37b386a32b1fbb9ce,LOCAL_PERTURBATION,6,-0.047987616099071206,0.08956214064573198,0.30668577551841736,0.017691287041132247,False,False,False,0.5565217391304348,,,,,,False,462,230,21,209,32.88588143661249,241.02464972733168,0.12006066833892284,0.22952823411696074,0.4328000284788064,0.5963277671651885,0.12096417514374172,True,0.023983756181898595,0.0729765590446705,0.3181818181818182
CB1_CAUR_S_CF2_RI2_TI2_R12_C02__seed721202__it0000268,CB1_CAUR_S_CF2_RI2_TI2_R12_C02,NEW_ALNS_EXPANSION,S,CF2,20-40%,0.32025348088918404,ts_40f2150ea34f20a74f66,ORIGINAL_OPERATOR,ts_d21daef324abd67bb31a,RELATED_VARIANT,7,-0.010040160642570281,0.035698348951360995,0.5215904116630554,0.025658188308790717,False,False,False,0.4980237154150198,,,,,,False,506,253,22,231,28.288209898481053,100.62264825427957,0.21944008676879065,0.4172848014890711,0.5583474246853843,0.7110957139862638,0.07005800981704596,False,0.02339793958442466,0.07809013833110218,0.13043478260869565
CB1_CAUR_S_CF2_RI2_TI2_R12_C02__seed721202__it0000378,CB1_CAUR_S_CF2_RI2_TI2_R12_C02,NEW_ALNS_EXPANSION,S,CF2,40-60%,0.44986736914281555,ts_73e9d1b6c02dd30f2642,LOCAL_PERTURBATION,ts_73c9d6c7e7308f854a43,RELATED_VARIANT,12,-0.023529411764705882,0.03011764705882353,0.057848572731018066,0.006588235294117647,False,False,False,0.5309090909090909,,,,,,False,552,275,23,252,26.674065162143826,178.15213642107318,0.13022779779132243,0.14686619387030045,0.350717956117596,0.5427250745198695,0.09505882352941177,False,0.005647058823529412,0.031058823529411757,0.0
CB1_CAUR_S_CF2_RI2_TI2_R12_C02__seed721202__it0000491,CB1_CAUR_S_CF2_RI2_TI2_R12_C02,NEW_ALNS_EXPANSION,S,CF2,40-60%,0.5804176166351508,ts_26b734d5b416ea48fb43,LOCAL_PERTURBATION,ts_26b734d5b416ea48fb43,LOCAL_PERTURBATION,1,0.028803545051698673,0.0,0.0020824074745178223,0.0032003938946331863,True,True,True,0.5889328063241107,,,,,,False,506,253,22,231,16.750280297969944,153.19187545811815,0.09856459819193435,0.13795985104460692,0.3453455592899042,0.5583348280096082,0.09453471196454948,True,0.012694538993427954,0.054652880354505176,0.2608695652173913
CB1_CAUR_S_CF2_RI2_TI2_R12_C02__seed721202__it0000607,CB1_CAUR_S_CF2_RI2_TI2_R12_C02,NEW_ALNS_EXPANSION,S,CF2,60-80%,0.719428028952467,ts_f7787d91b2fe35176b0a,RELATED_VARIANT,ts_f7787d91b2fe35176b0a,RELATED_VARIANT,1,0.032753326509723645,0.0,0.011125445365905762,0.007164790174002046,True,True,True,0.708029197080292,,,,,,False,552,274,23,251,18.006429366383237,136.59195804226061,0.11647229746832707,0.15578554150094612,0.3485076515542919,0.5491686824938706,0.10363357215967248,False,0.005160354827703855,0.07113613101330604,0.125
CB1_CAUR_S_CF2_RI2_TI2_R12_C02__seed721202__it0000716,CB1_CAUR_S_CF2_RI2_TI2_R12_C02,NEW_ALNS_EXPANSION,S,CF2,80-100%,0.8496300860955787,ts_92add4382aa164a6b36e,MATCHED_RANDOM,ts_5299291088a5148a7c28,RELATED_VARIANT,3,-0.01458546571136131,0.052968270214943707,0.42588067054748535,0.022262026612077792,False,False,False,0.5598086124401914,,,,,,False,420,209,20,189,25.262793087767548,138.24813491884402,0.15450216933969116,0.24774066532131367,0.4281237535624105,0.6383984962172402,0.08572159672466736,False,0.00650679923965492,0.07011258955987718,0.0
CB1_CAUR_S_CF2_RI2_TI2_R12_C02__seed721202__it0000802,CB1_CAUR_S_CF2_RI2_TI2_R12_C02,NEW_ALNS_EXPANSION,S,CF2,80-100%,0.9503945862857758,ts_42d8aa4d67be50fea756,RELATED_VARIANT,ts_42d8aa4d67be50fea756,RELATED_VARIANT,1,0.02456499488229273,0.0,0.056154847145080566,0.003582395087001023,True,True,True,0.5674603174603174,,,,,,False,506,252,22,230,24.576979385108107,223.15704889970618,0.09920711964870849,0.16705054558873453,0.38900855431885273,0.597749018654548,0.12922210849539406,False,0.006608517644964621,0.07215967246673491,0.043478260869565216
CB1_CAUR_S_CF2_RI2_TI2_R12_C02__seed721203__it0000039,CB1_CAUR_S_CF2_RI2_TI2_R12_C02,NEW_ALNS_EXPANSION,S,CF2,0-20%,0.050020694285945314,ts_e5df344c897d5ee18af8,MATCHED_RANDOM,ts_da76ca17775ed0de5214,STRUCTURED_NEAR_NEIGHBOR,14,-0.00021939447125932446,0.015796401930671347,0.014222830533981323,0.004168494953927163,False,False,False,0.5391304347826087,,,,,,False,462,230,21,209,16.710555256655027,92.31557144260049,0.15327110815144765,0.18118529227905153,0.4070023781744258,0.6247973938591054,0.04300131636682755,True,0.022477960828114405,0.06625713032031592,0.4090909090909091
CB1_CAUR_S_CF2_RI2_TI2_R12_C02__seed721203__it0000146,CB1_CAUR_S_CF2_RI2_TI2_R12_C02,NEW_ALNS_EXPANSION,S,CF2,0-20%,0.17989917180966586,ts_1a603fe2f8cf60b6061b,STRUCTURED_NEAR_NEIGHBOR,ts_cd778d526f9cd831c477,ORIGINAL_OPERATOR,9,-0.0053671103477887505,0.019321597252039503,0.256767213344574,0.008802060970373553,False,False,False,0.46956521739130436,,,,,,False,462,230,21,209,16.98847019220102,183.1760869213487,0.0848725190772099,0.17017881902436835,0.34693454432565246,0.5646884068938166,0.05345641906397596,True,0.022834614934228503,0.09145556032632031,0.5
CB1_CAUR_S_CF2_RI2_TI2_R12_C02__seed721203__it0000263,CB1_CAUR_S_CF2_RI2_TI2_R12_C02,NEW_ALNS_EXPANSION,S,CF2,20-40%,0.3205633662222508,ts_75f2db08d9a98c0e7ca0,RELATED_VARIANT,ts_5b8b313279d1329c64c8,RELATED_VARIANT,2,-0.029819694868238558,0.09153952843273232,0.1718597412109375,0.012482662968099856,False,False,False,0.5145985401459854,,,,,,False,552,274,23,251,30.772385919805306,240.57294155848592,0.11340672863536679,0.24949540909636977,0.5118430215524488,0.6885205412287805,0.1183541377716135,False,0.031245184157805517,0.09200184928340269,0.4583333333333333
CB1_CAUR_S_CF2_RI2_TI2_R12_C02__seed721203__it0000372,CB1_CAUR_S_CF2_RI2_TI2_R12_C02,NEW_ALNS_EXPANSION,S,CF2,40-60%,0.44999427326986313,ts_6461f675949728ee9fdf,ORIGINAL_OPERATOR,ts_88c5b9511e291e536e50,STRUCTURED_NEAR_NEIGHBOR,17,-0.04065620542082739,0.06252971944840705,0.07856076955795288,0.0038040893961008085,False,False,False,0.4980237154150198,,,,,,False,506,253,22,231,24.493243454176618,162.98461451781787,0.13064605985542796,0.1349157581242878,0.3567696189849429,0.584725194959455,0.07299096528768426,True,0.023610163534495236,0.08321445553970519,0.34782608695652173
CB1_CAUR_S_CF2_RI2_TI2_R12_C02__seed721203__it0000483,CB1_CAUR_S_CF2_RI2_TI2_R12_C02,NEW_ALNS_EXPANSION,S,CF2,40-60%,0.5796515719363621,ts_3a1f8af699373e6e996c,RELATED_VARIANT,ts_c278bf436a6d0df9ab9e,RELATED_VARIANT,14,0.05921680993314231,0.031757402101241644,0.1458147168159485,0.031757402101241644,False,False,False,0.5688405797101449,,,,,,False,552,276,23,253,46.379079659991554,214.18946720982186,0.17799185748678908,0.3495344034282905,0.5268098981585148,0.6867312720426787,0.09861509073543458,False,0.014107768226679402,0.07115568290353391,0.20833333333333334
CB1_CAUR_S_CF2_RI2_TI2_R12_C02__seed721203__it0000601,CB1_CAUR_S_CF2_RI2_TI2_R12_C02,NEW_ALNS_EXPANSION,S,CF2,60-80%,0.7198852546030788,ts_6765acb17aee9cfc3e88,STRUCTURED_NEAR_NEIGHBOR,ts_60f3ab0873538274c78c,LOCAL_PERTURBATION,16,0.02213666987487969,0.01299326275264678,0.36330824345350266,0.009384023099133786,False,False,False,0.5151515151515151,,,,,,False,462,231,21,210,25.0802396486877,254.6198327548323,0.08966833448832554,0.17477530402044822,0.3837600931645425,0.6564075845635879,0.07025986525505293,False,0.00929652638026074,0.03657362848893166,0.13636363636363635
CB1_CAUR_S_CF2_RI2_TI2_R12_C02__seed721203__it0000710,CB1_CAUR_S_CF2_RI2_TI2_R12_C02,NEW_ALNS_EXPANSION,S,CF2,80-100%,0.8497118779046032,ts_5d016f37bcd3e80a2c89,RELATED_VARIANT,ts_44e7505fade3805d47d9,ORIGINAL_OPERATOR,2,0.014271653543307087,0.005659448818897636,0.004721403121948242,0.0,False,False,True,0.5127272727272727,,,,,,False,552,275,22,253,13.981534890820514,374.81350302554023,0.03596119684487403,0.09870977916255377,0.2942074928267489,0.5362047059801859,0.07849409448818898,True,0.01763451443569554,0.06692913385826771,0.16666666666666666
CB1_CAUR_S_CF2_RI2_TI2_R12_C02__seed721203__it0000796,CB1_CAUR_S_CF2_RI2_TI2_R12_C02,NEW_ALNS_EXPANSION,S,CF2,80-100%,0.9503981422222707,ts_3fd459473bc0483b2af4,ORIGINAL_OPERATOR,ts_c02f0d82078204cf9ae4,ORIGINAL_OPERATOR,3,-0.08390748031496063,0.08390748031496063,0.06676673889160156,0.029035433070866142,False,False,False,0.6327272727272727,,,,,,False,552,275,23,252,35.74599960739685,194.0119781173367,0.15558110304323408,0.3264151534565592,0.5073736955113577,0.6761975689205892,0.10826771653543307,False,0.0058029855643044635,0.023622047244094495,0.0
CB1_CAUR_S_CF2_RI2_TI2_R12_C02__seed721204__it0000039,CB1_CAUR_S_CF2_RI2_TI2_R12_C02,NEW_ALNS_EXPANSION,S,CF2,0-20%,0.049646249968588116,ts_22296ca4bbb1bbd9781a,RELATED_VARIANT,ts_b9976a437a835531667e,ORIGINAL_OPERATOR,3,0.030658250676284943,0.008791704238052298,0.0532689094543457,0.0020288548241659127,False,False,True,0.583941605839416,,,,,,False,552,274,23,251,21.603309946182463,282.35876535773957,0.07107238600270116,0.12271654807113093,0.3496521246128321,0.5804819116296118,0.10888187556357078,True,0.016568981064021642,0.05004508566275924,0.125
CB1_CAUR_S_CF2_RI2_TI2_R12_C02__seed721204__it0000147,CB1_CAUR_S_CF2_RI2_TI2_R12_C02,NEW_ALNS_EXPANSION,S,CF2,0-20%,0.18052795307945446,ts_c897f2a4a7500940d078,STRUCTURED_NEAR_NEIGHBOR,ts_0f05f4a7dfd0a8199fe5,RELATED_VARIANT,8,0.017374517374517374,0.06263406263406263,0.3424103856086731,0.017589017589017583,False,False,False,0.6992753623188406,,,,,,False,552,276,23,253,34.29575574474294,165.49572737301708,0.17165774641418785,0.3086654235687446,0.5216127555612186,0.6596188392767952,0.12097812097812098,False,0.015354640354640356,0.05877305877305878,0.125
CB1_CAUR_S_CF2_RI2_TI2_R12_C02__seed721204__it0000262,CB1_CAUR_S_CF2_RI2_TI2_R12_C02,NEW_ALNS_EXPANSION,S,CF2,20-40%,0.31947029669841176,ts_5cf2a56937af117e74d1,ORIGINAL_OPERATOR,ts_422e5bb672c817e7ddb5,RELATED_VARIANT,8,-0.004231625835189309,0.02739420935412027,0.435202419757843,0.0033407572383073528,False,False,False,0.5476190476190477,,,,,,False,506,252,22,230,14.659042156297122,103.26139737416676,0.12431298776248256,0.1316178085615933,0.33238751199157557,0.5505421709517687,0.07349665924276169,True,0.030676866466544005,0.09888641425389755,0.6086956521739131
CB1_CAUR_S_CF2_RI2_TI2_R12_C02__seed721204__it0000370,CB1_CAUR_S_CF2_RI2_TI2_R12_C02,NEW_ALNS_EXPANSION,S,CF2,40-60%,0.4499398752384531,ts_2777351bcdbd151c9e34,RELATED_VARIANT,ts_cbeb6a94c31e11349b37,RELATED_VARIANT,4,0.02736318407960199,0.014020805065581184,0.28986090421676636,0.00881953867028494,False,False,False,0.6594202898550725,,,,,,False,552,276,23,253,19.55215421885312,131.94711179353243,0.12905774881612078,0.17882466256005883,0.37539465144875195,0.5813532054884867,0.07372229760289462,True,0.023971053821800092,0.06965174129353234,0.3333333333333333
CB1_CAUR_S_CF2_RI2_TI2_R12_C02__seed721204__it0000481,CB1_CAUR_S_CF2_RI2_TI2_R12_C02,NEW_ALNS_EXPANSION,S,CF2,40-60%,0.5805063573971561,ts_debca5e7cce6b4d57481,LOCAL_PERTURBATION,ts_6706e3020f5baf1f1dde,RELATED_VARIANT,9,0.012211668928086838,0.047037539574853016,0.2792278528213501,0.00904568068747174,False,False,False,0.4675324675324675,,,,,,False,462,231,21,210,23.15983261578061,157.431809769631,0.12824421058397487,0.183219276225756,0.3947910905979547,0.591041176704501,0.08525554047942108,True,0.023128160848649316,0.10990502035278155,0.2727272727272727
CB1_CAUR_S_CF2_RI2_TI2_R12_C02__seed721204__it0000596,CB1_CAUR_S_CF2_RI2_TI2_R12_C02,NEW_ALNS_EXPANSION,S,CF2,60-80%,0.7199414937779129,ts_3e49cbc84c6842dfb607,ORIGINAL_OPERATOR,ts_285d5fb7177d3f483732,RELATED_VARIANT,10,0.024720149253731345,0.03148320895522388,0.2522274851799011,0.006296641791044777,False,False,False,0.6111111111111112,,,,,,False,506,252,22,230,23.667717622985382,163.93658134106323,0.12615765072377647,0.19783328802281813,0.42795984850016233,0.6341232190638436,0.0914179104477612,True,0.019183971447112265,0.12080223880597014,0.17391304347826086
CB1_CAUR_S_CF2_RI2_TI2_R12_C02__seed721204__it0000704,CB1_CAUR_S_CF2_RI2_TI2_R12_C02,NEW_ALNS_EXPANSION,S,CF2,80-100%,0.849422179301554,ts_554cf147cac9eb0db515,ORIGINAL_OPERATOR,ts_1f48127be12bf123efdf,MATCHED_RANDOM,17,-0.030416471689284044,0.030416471689284044,0.14226984977722168,0.006317267197005148,False,False,False,0.5277777777777778,,,,,,False,506,252,22,230,32.68499146935585,165.86065314424508,0.16462205218838044,0.18117610668537246,0.43168989521297707,0.5981402380667411,0.0832943378568086,True,0.014018026082887429,0.049602246139447824,0.043478260869565216
CB1_CAUR_S_CF2_RI2_TI2_R12_C02__seed721204__it0000785,CB1_CAUR_S_CF2_RI2_TI2_R12_C02,NEW_ALNS_EXPANSION,S,CF2,80-100%,0.949555278412946,ts_8bcb756d3c0694c6fa60,RELATED_VARIANT,ts_9be2bacbc8916f94a26d,RELATED_VARIANT,13,0.0165016501650165,0.009429514380009434,0.19739511609077454,0.0061291843470061315,False,False,True,0.5418326693227091,,,,,,False,506,251,22,229,19.685262762185687,143.13670498358334,0.12090053347667651,0.15020174048672127,0.3479138737171731,0.5445882243045497,0.07213578500707213,True,0.027591579033679765,0.06836397925506836,0.4782608695652174
CB1_CAUR_S_CF2_RI2_TI2_R12__seed691201__it0000015,CB1_CAUR_S_CF2_RI2_TI2_R12,ORIGINAL_PHASE6J_CAUR,S,CF2,0-20%,0.049117478999930124,ts_78770cefef477341996d,STRUCTURED_NEAR_NEIGHBOR,ts_6e477da1e0bee7c19020,RELATED_VARIANT,12,0.010294117647058823,0.0357843137254902,0.06494474411010742,0.006862745098039219,False,False,False,0.41454545454545455,ts_cd13475ff1a51d017d67,-0.00465686274509804,0.05073529411764706,0.39636363636363636,0.014950980392156863,False,552,275,23,252,20.545685775174494,165.73353787573873,0.11029510093770337,0.1712543329377293,0.3702315198794176,0.5830448267466504,0.062254901960784315,True,0.022487745098039216,0.12107843137254903,0.16666666666666666
CB1_CAUR_S_CF2_RI2_TI2_R12__seed691201__it0000054,CB1_CAUR_S_CF2_RI2_TI2_R12,ORIGINAL_PHASE6J_CAUR,S,CF2,0-20%,0.17849053086635347,ts_29a34f14b83fc38d7459,LOCAL_PERTURBATION,ts_8c5dc6a8eea1d9e49456,RELATED_VARIANT,13,-0.002697400686611084,0.022069641981363415,0.009836733341217041,0.0058852378616969115,False,False,False,0.5688405797101449,ts_f1eed3d966549d8c7e6b,-0.012015693967631193,0.03138793526238352,0.6159420289855072,0.009318293281020108,False,552,276,23,253,22.175691709128404,158.30099116016825,0.12287289059489363,0.17646316984906316,0.3838336524836674,0.5777279312656277,0.0691515448749387,True,0.025993133889161354,0.06620892594409024,0.5416666666666666
CB1_CAUR_S_CF2_RI2_TI2_R12__seed691201__it0000098,CB1_CAUR_S_CF2_RI2_TI2_R12,ORIGINAL_PHASE6J_CAUR,S,CF2,20-40%,0.3189926961999542,ts_52bcc7d3866b8dd1f09f,ORIGINAL_OPERATOR,ts_9b45eb7033ce009006a4,MATCHED_RANDOM,13,-0.001612036539494894,0.06743686190220312,0.4368305802345276,0.012627619559376684,False,False,False,0.5612648221343873,ts_9b45eb7033ce009006a4,-0.001612036539494894,0.06743686190220312,0.48616600790513836,0.0,False,506,253,22,231,41.753254439327264,220.5791969408054,0.1591616066546976,0.22696109200853531,0.45929994431826743,0.662521688185999,0.11311123052122515,True,0.030441791463215195,0.09725953788285868,0.34782608695652173
CB1_CAUR_S_CF2_RI2_TI2_R12__seed691201__it0000137,CB1_CAUR_S_CF2_RI2_TI2_R12,ORIGINAL_PHASE6J_CAUR,S,CF2,40-60%,0.44844396560026023,ts_989c81aa13b82574e52e,LOCAL_PERTURBATION,ts_f63b9befcc0f45038e6a,RELATED_VARIANT,5,0.031347150259067355,0.005181347150259072,0.06875574588775635,0.00051813471502591,False,False,True,0.5398550724637681,ts_e5e329a7151733c40295,0.006217616580310881,0.030310880829015546,0.5434782608695652,0.025129533678756474,False,552,276,23,253,18.8478408099908,265.0927262796447,0.06637952795255506,0.11880376853754138,0.34503199659553485,0.6097270243900056,0.07150259067357513,True,0.020142487046632126,0.03782383419689119,0.375
CB1_CAUR_S_CF2_RI2_TI2_R12__seed691201__it0000178,CB1_CAUR_S_CF2_RI2_TI2_R12,ORIGINAL_PHASE6J_CAUR,S,CF2,40-60%,0.580272559466539,ts_08543fbcd04151088c77,RELATED_VARIANT,ts_cbd52385f77f8b8e823a,RELATED_VARIANT,4,0.014512595837897043,0.07420591456736035,0.1170392632484436,0.010952902519167584,False,False,False,0.47619047619047616,ts_1f1265042f7b82ddf637,-0.012869660460021906,0.1015881708652793,0.5079365079365079,0.027382256297918947,False,506,252,22,230,32.29803560393064,317.2957123746006,0.09238733756163764,0.19410392016879865,0.4259775139787493,0.6806236865903013,0.1119934282584885,False,0.012357731320539071,0.06571741511500548,0.13043478260869565
CB1_CAUR_S_CF2_RI2_TI2_R12__seed691201__it0000221,CB1_CAUR_S_CF2_RI2_TI2_R12,ORIGINAL_PHASE6J_CAUR,S,CF2,60-80%,0.7194030607332631,ts_911e75c1619babd58da5,STRUCTURED_NEAR_NEIGHBOR,ts_785dcf795269329238f8,STRUCTURED_NEAR_NEIGHBOR,2,0.005284348263714142,0.022395571212883745,0.11707794666290283,0.010820332159033722,False,False,False,0.5652173913043478,ts_785dcf795269329238f8,0.005284348263714142,0.022395571212883745,0.5782608695652174,0.0,False,462,230,21,209,19.777450868976604,167.04414053282005,0.10586276843366194,0.19596352588096344,0.41745742263779234,0.6280191793907567,0.1082033215903372,True,0.02019947842796358,0.04730749874182184,0.18181818181818182
CB1_CAUR_S_CF2_RI2_TI2_R12__seed691201__it0000261,CB1_CAUR_S_CF2_RI2_TI2_R12,ORIGINAL_PHASE6J_CAUR,S,CF2,80-100%,0.8511952633329202,ts_bc084eae50cf358a3171,RELATED_VARIANT,ts_a754059a4fffc6ce029a,LOCAL_PERTURBATION,13,-0.06792754395311668,0.10255727224294087,0.2330988347530365,0.021310602024507196,False,False,False,0.4782608695652174,ts_3d0050973f577c284b6d,0.013319126265316995,0.021310602024507196,0.4855072463768116,-0.08124667021843367,False,552,276,23,253,36.47069633319925,287.1156742743417,0.11270776412716227,0.2244228638669553,0.4093539890345356,0.611059912011714,0.108151305274374,True,0.01633812821878885,0.11614278103356421,0.125
CB1_CAUR_S_CF2_RI2_TI2_R12__seed691201__it0000292,CB1_CAUR_S_CF2_RI2_TI2_R12,ORIGINAL_PHASE6J_CAUR,S,CF2,80-100%,0.9511373838002328,ts_0c64b6a48869b3eeb8db,RELATED_VARIANT,ts_0c64b6a48869b3eeb8db,RELATED_VARIANT,1,0.04054054054054054,0.0,0.2080601453781128,0.0018547959724430352,True,True,True,0.5396825396825397,ts_e936c7998e4e6be6b197,0.0031796502384737677,0.037360890302066775,0.6865079365079365,0.037360890302066775,False,506,252,22,230,16.429072853916853,206.62579952056046,0.07365484859857616,0.1396425581269184,0.365714625027404,0.5802710745981279,0.1266560678325384,True,0.01751111725536278,0.05352411234764176,0.2608695652173913
CB1_CAUR_S_CF2_RI2_TI2_R12__seed691202__it0000014,CB1_CAUR_S_CF2_RI2_TI2_R12,ORIGINAL_PHASE6J_CAUR,S,CF2,0-20%,0.05040759806676457,ts_baa8325913b8d530b6a2,LOCAL_PERTURBATION,ts_b13d7f43692245d636aa,RELATED_VARIANT,4,0.025597269624573378,0.08337396392003901,0.05748894810676575,0.04290589956118966,False,False,False,0.736,ts_0a67af5f0cb706ed4f14,0.06606533398342272,0.04290589956118966,0.716,-0.040468064358849344,True,506,250,22,228,32.990375491458124,147.06930011285863,0.1832191209982787,0.298434847412768,0.45646954963498687,0.6544188522080306,0.1423695758166748,False,0.029317618129014483,0.08678693320331546,0.17391304347826086
CB1_CAUR_S_CF2_RI2_TI2_R12__seed691202__it0000054,CB1_CAUR_S_CF2_RI2_TI2_R12,ORIGINAL_PHASE6J_CAUR,S,CF2,0-20%,0.1786699538002722,ts_00131afc0d2c29d247e7,STRUCTURED_NEAR_NEIGHBOR,ts_00131afc0d2c29d247e7,STRUCTURED_NEAR_NEIGHBOR,1,0.04979536152796726,0.0,0.04655492305755615,0.007730786721236935,True,True,True,0.6126482213438735,ts_e9b05d031e50469d8cdb,-0.0009095043201455197,0.05070486584811278,0.5019762845849802,0.05070486584811278,False,506,253,22,231,18.489486957223367,229.3219331955143,0.07461111738041548,0.17531675425071747,0.41129841352606666,0.6320707359152723,0.09390632105502501,True,0.028333036755837638,0.07639836289222374,0.43478260869565216
CB1_CAUR_S_CF2_RI2_TI2_R12__seed691202__it0000097,CB1_CAUR_S_CF2_RI2_TI2_R12,ORIGINAL_PHASE6J_CAUR,S,CF2,20-40%,0.3189657704671845,ts_9a9ac3f4a582c1c3ccf5,STRUCTURED_NEAR_NEIGHBOR,ts_9a9ac3f4a582c1c3ccf5,STRUCTURED_NEAR_NEIGHBOR,1,0.001564945226917058,0.0,0.2278607189655304,0.001564945226917058,True,True,True,0.5688405797101449,ts_f20d9e13d77c0bd4c4df,-0.06155451225873761,0.06311945748565467,0.5833333333333334,0.06311945748565467,False,552,276,23,253,28.450444207015302,263.71541870066307,0.09737771526033956,0.19206038469020326,0.5301057313474629,0.6856862226282152,0.11293688054251433,False,0.009541818814119285,0.08294209702660407,0.0
CB1_CAUR_S_CF2_RI2_TI2_R12__seed691202__it0000138,CB1_CAUR_S_CF2_RI2_TI2_R12,ORIGINAL_PHASE6J_CAUR,S,CF2,40-60%,0.44962839426686213,ts_c557fcf566c0b94b065d,STRUCTURED_NEAR_NEIGHBOR,ts_92ea43b2890155029fc1,STRUCTURED_NEAR_NEIGHBOR,6,-0.019844890510948905,0.06820255474452555,0.014176428318023682,0.014142335766423354,False,False,False,0.45634920634920634,ts_92ea43b2890155029fc1,-0.019844890510948905,0.06820255474452555,0.5357142857142857,0.0,False,506,252,22,230,27.650390235278454,185.9214475618241,0.12946646206016577,0.20343200347905116,0.39533442230438326,0.5930442730338422,0.10059306569343066,True,0.02626150428435417,0.06706204379562043,0.34782608695652173
CB1_CAUR_S_CF2_RI2_TI2_R12__seed691202__it0000178,CB1_CAUR_S_CF2_RI2_TI2_R12,ORIGINAL_PHASE6J_CAUR,S,CF2,40-60%,0.5805128728000758,ts_d41c4fde09560a8897ec,LOCAL_PERTURBATION,ts_1afafe14bd0aef025df2,STRUCTURED_NEAR_NEIGHBOR,6,-0.03314344899016054,0.06809943034697048,0.2744562029838562,0.003625064733298808,False,False,False,0.5757575757575758,ts_1cf2c13646af7abab3e3,0.005696530295183843,0.0292594510616261,0.6147186147186147,-0.038839979285344384,False,462,231,21,210,18.221789533663582,118.54024954033571,0.1332371881630408,0.18850481712521916,0.4242639406530464,0.6289233832136456,0.08493008803728638,False,0.014923967798126265,0.04557224236147074,0.36363636363636365
CB1_CAUR_S_CF2_RI2_TI2_R12__seed691202__it0000221,CB1_CAUR_S_CF2_RI2_TI2_R12,ORIGINAL_PHASE6J_CAUR,S,CF2,60-80%,0.7197375301339586,ts_2b75e5a4f7b072f86fb1,RELATED_VARIANT,ts_e1f783b5d311d0147fd3,ORIGINAL_OPERATOR,5,0.05,0.04670329670329669,0.06727081537246704,0.008241758241758226,False,False,False,0.6507352941176471,ts_dfcac3175e1e853551dd,0.06703296703296703,0.029670329670329662,0.6801470588235294,-0.017032967032967028,False,552,272,23,249,26.31778260720178,294.50773808167673,0.08203144983819266,0.1353495138004806,0.340150679017183,0.5459177004132306,0.12197802197802196,True,0.03800366300366301,0.07032967032967033,0.20833333333333334
CB1_CAUR_S_CF2_RI2_TI2_R12__seed691202__it0000260,CB1_CAUR_S_CF2_RI2_TI2_R12,ORIGINAL_PHASE6J_CAUR,S,CF2,80-100%,0.8493462134007131,ts_33f422b176eee3b5e178,MATCHED_RANDOM,ts_e217a5043995f4fca216,RELATED_VARIANT,18,0.0008178844056706651,0.03980370774263904,0.5836154222488403,0.030534351145038163,False,False,False,0.5688405797101449,ts_e217a5043995f4fca216,0.0008178844056706651,0.03980370774263904,0.6123188405797102,0.0,False,552,276,23,253,47.6888140319667,171.41715740971125,0.21765182262346786,0.32160041234647807,0.47763638625914673,0.6467115060396819,0.10441657579062158,False,0.10709741912031989,0.188113413304253,0.875
CB1_CAUR_S_CF2_RI2_TI2_R12__seed691202__it0000291,CB1_CAUR_S_CF2_RI2_TI2_R12,ORIGINAL_PHASE6J_CAUR,S,CF2,80-100%,0.9474550482002086,ts_24135a5790db1e62fdbd,RELATED_VARIANT,ts_6b0e3508a6c63c61c16f,RELATED_VARIANT,5,0.036985539488320354,0.04449388209121245,0.12236422300338745,0.02892102335928809,False,False,False,0.6204379562043796,ts_64c97d3318e2482d5e3a,-0.01585094549499444,0.09733036707452725,0.4635036496350365,0.052836484983314794,False,552,274,23,251,33.0455107543545,286.8422181070899,0.10330346484990607,0.2544954163224349,0.43886924620907086,0.6030581775494444,0.14988876529477196,False,0.01668520578420467,0.08509454949944383,0.041666666666666664
CB1_CAUR_S_CF2_RI2_TI2_R12__seed721201__it0000041,CB1_CAUR_S_CF2_RI2_TI2_R12,NEW_ALNS_EXPANSION,S,CF2,0-20%,0.050387906933610796,ts_c7fbd5813f29de4d95cd,ORIGINAL_OPERATOR,ts_501b3ceb57f7768c9938,STRUCTURED_NEAR_NEIGHBOR,24,-0.03648863035430989,0.06425171866737175,0.10884398221969604,0.023268112109994715,False,False,False,0.4601449275362319,,,,,,False,552,276,23,253,256.77410254459664,285.6749666310401,0.4733607579690713,0.1783337104675121,0.3511451258702861,0.5623271154049728,0.13670015864621893,True,0.0663670015864622,0.12268640930724484,0.5416666666666666
CB1_CAUR_S_CF2_RI2_TI2_R12__seed721201__it0000151,CB1_CAUR_S_CF2_RI2_TI2_R12,NEW_ALNS_EXPANSION,S,CF2,0-20%,0.1805290261336874,ts_4dd784cc6e2a663cfc08,STRUCTURED_NEAR_NEIGHBOR,ts_0b6ec276578b2b0b717f,ORIGINAL_OPERATOR,23,0.018907563025210083,0.040966386554621856,0.11339017748832703,0.008928571428571432,False,False,False,0.5620437956204379,,,,,,False,552,274,23,251,49.31452796323176,176.10215139182336,0.21877053687565048,0.23393630993685452,0.5079744966314594,0.7141029067913223,0.07510504201680672,True,0.010635504201680671,0.07720588235294118,0.125
CB1_CAUR_S_CF2_RI2_TI2_R12__seed721201__it0000268,CB1_CAUR_S_CF2_RI2_TI2_R12,NEW_ALNS_EXPANSION,S,CF2,20-40%,0.32017151666659627,ts_cc102b52bdea61116b2e,ORIGINAL_OPERATOR,ts_c9b55189af162669671f,STRUCTURED_NEAR_NEIGHBOR,3,-0.04986301369863014,0.06958904109589041,0.02746748924255371,0.018630136986301372,False,False,False,0.5543478260869565,,,,,,False,552,276,23,253,25.351491289367623,207.6766117102446,0.10879156188903881,0.2696272816647749,0.4870920124061793,0.6432524039755312,0.08794520547945205,True,0.0339041095890411,0.10465753424657534,0.25
CB1_CAUR_S_CF2_RI2_TI2_R12__seed721201__it0000382,CB1_CAUR_S_CF2_RI2_TI2_R12,NEW_ALNS_EXPANSION,S,CF2,40-60%,0.45005869440016494,ts_19169bbd78b036f654b8,RELATED_VARIANT,ts_c7bad39eec5604d5c365,STRUCTURED_NEAR_NEIGHBOR,5,0.020638414969730325,0.033847000550357734,0.01529693603515625,0.015410016510731976,False,False,False,0.6150793650793651,,,,,,False,506,252,22,230,19.748456848419494,166.57674517805862,0.10598918790176916,0.20811629831081496,0.3897956432753073,0.6109245426013494,0.08833241607044579,False,0.02610609939939222,0.0654925701706109,0.30434782608695654
CB1_CAUR_S_CF2_RI2_TI2_R12__seed721201__it0000493,CB1_CAUR_S_CF2_RI2_TI2_R12,NEW_ALNS_EXPANSION,S,CF2,40-60%,0.5797658183335443,ts_718cb92e887677f1d844,RELATED_VARIANT,ts_718cb92e887677f1d844,RELATED_VARIANT,1,0.05763770584894946,0.0,0.6474916934967041,0.016467915956842702,True,True,True,0.6904761904761905,,,,,,False,506,252,22,230,13.407459177254285,170.46536062778134,0.07291702597192182,0.1933400481401583,0.3890293557404889,0.5896937276437122,0.14480408858603067,False,0.04888526775794386,0.10448608745031232,0.391304347826087
CB1_CAUR_S_CF2_RI2_TI2_R12__seed721201__it0000615,CB1_CAUR_S_CF2_RI2_TI2_R12,NEW_ALNS_EXPANSION,S,CF2,60-80%,0.7202068300665512,ts_0a58ab17ec2899718323,STRUCTURED_NEAR_NEIGHBOR,ts_84a879edcee9f4e604f3,LOCAL_PERTURBATION,5,0.019307211811470756,0.02612152186257808,0.20977842807769775,0.02612152186257808,False,False,False,0.8188405797101449,,,,,,False,552,276,23,253,22.364078616825022,119.95761523057095,0.1571375242400139,0.21408506690926124,0.40163899371913137,0.6428307917726548,0.12123793299261784,False,0.014953624834374409,0.07552526973310619,0.041666666666666664
CB1_CAUR_S_CF2_RI2_TI2_R12__seed721201__it0000726,CB1_CAUR_S_CF2_RI2_TI2_R12,NEW_ALNS_EXPANSION,S,CF2,80-100%,0.8496796575336096,ts_b3a2bae9817a665d4f06,LOCAL_PERTURBATION,ts_4ae4ca12688015bdcd35,RELATED_VARIANT,9,0.027136258660508082,0.026847575057736724,0.35585838556289673,0.013279445727482686,False,False,False,0.5890909090909091,,,,,,False,552,275,23,252,36.84031339928766,214.5541585630072,0.1465438484455343,0.19718874039412393,0.40579505203279753,0.615998847111826,0.09815242494226328,True,0.018596035411855272,0.057736720554272515,0.20833333333333334
CB1_CAUR_S_CF2_RI2_TI2_R12__seed721201__it0000812,CB1_CAUR_S_CF2_RI2_TI2_R12,NEW_ALNS_EXPANSION,S,CF2,80-100%,0.9501473056666631,ts_e98608f94cf55ca8ea40,MATCHED_RANDOM,ts_e98608f94cf55ca8ea40,MATCHED_RANDOM,1,0.05023094688221709,0.0,0.002818584442138672,0.017032332563510395,True,True,True,0.5688405797101449,,,,,,False,552,276,23,253,24.751383356384594,184.29325916268994,0.11840238074566357,0.2514860039799549,0.45199205411449694,0.6208123451235967,0.09584295612009237,True,0.031346227867590455,0.08025404157043879,0.4583333333333333
CB1_CAUR_S_CF2_RI2_TI2_R12__seed721202__it0000040,CB1_CAUR_S_CF2_RI2_TI2_R12,NEW_ALNS_EXPANSION,S,CF2,0-20%,0.049421361666463784,ts_79b1767eb82569156613,ORIGINAL_OPERATOR,ts_2d17fb0f5e3f54a57499,RELATED_VARIANT,5,0.035528185693983895,0.04429180483183325,0.26532983779907227,0.003315963998105159,False,False,False,0.5381818181818182,,,,,,False,552,275,23,252,31.405253850997056,314.431789237834,0.09080939846842943,0.16981323088885567,0.4253434118048639,0.6060250274854392,0.12458550450023685,True,0.06152297489341544,0.12458550450023687,0.4583333333333333
CB1_CAUR_S_CF2_RI2_TI2_R12__seed721202__it0000151,CB1_CAUR_S_CF2_RI2_TI2_R12,NEW_ALNS_EXPANSION,S,CF2,0-20%,0.18009900040002927,ts_0bce5883799f970159d9,STRUCTURED_NEAR_NEIGHBOR,ts_16214cb2d49e158dfa4a,MATCHED_RANDOM,12,-0.04433623782675551,0.05945668887749872,0.04929298162460327,0.006150691952844695,False,False,False,0.7318840579710145,,,,,,False,552,276,23,253,36.03171869765468,245.24558550924388,0.1281003414024151,0.1486543444998387,0.37144395555682985,0.5785975245659112,0.14505381855458738,False,0.018323936442849822,0.07124551512045105,0.041666666666666664
CB1_CAUR_S_CF2_RI2_TI2_R12__seed721202__it0000273,CB1_CAUR_S_CF2_RI2_TI2_R12,NEW_ALNS_EXPANSION,S,CF2,20-40%,0.3195718979332014,ts_9a403752674998278e71,RELATED_VARIANT,ts_659a7ce2491cd7b16c39,RELATED_VARIANT,3,0.01894796380090498,0.07409502262443439,0.14799940586090088,0.03676470588235295,False,False,False,0.5968379446640316,,,,,,False,506,253,22,231,42.37969263231621,200.1019955070629,0.17477481684289595,0.44030497871645247,0.6415832043086981,0.7554456153233531,0.14451357466063347,False,0.05139681290576431,0.11199095022624435,0.5217391304347826
CB1_CAUR_S_CF2_RI2_TI2_R12__seed721202__it0000383,CB1_CAUR_S_CF2_RI2_TI2_R12,NEW_ALNS_EXPANSION,S,CF2,40-60%,0.449760553399877,ts_92a317a4627df50cd313,LOCAL_PERTURBATION,ts_66e7d4186b9708f7fb10,STRUCTURED_NEAR_NEIGHBOR,6,0.008527572484366117,0.0019897669130187617,0.40218833088874817,0.0019897669130187617,True,True,True,0.7043795620437956,,,,,,False,552,274,23,251,18.790296138273668,199.94551492627062,0.08590406868827277,0.10124249074791417,0.2917380610931776,0.5117340325172988,0.10602615122228538,True,0.020324047754405914,0.07276861853325754,0.08333333333333333
CB1_CAUR_S_CF2_RI2_TI2_R12__seed721202__it0000496,CB1_CAUR_S_CF2_RI2_TI2_R12,NEW_ALNS_EXPANSION,S,CF2,40-60%,0.5805549820666783,ts_6b1290004a9dae3bb3a1,RELATED_VARIANT,ts_6b1290004a9dae3bb3a1,RELATED_VARIANT,1,0.08726549175667994,0.0,0.3474375009536743,0.009664582148948275,True,True,True,0.6640316205533597,,,,,,False,506,253,22,231,18.506011943008684,267.528906614831,0.0646984362479735,0.15608082330486325,0.38438387553408276,0.5981214639146177,0.13473564525298465,True,0.03873248140000494,0.07447413303013076,0.2608695652173913
CB1_CAUR_S_CF2_RI2_TI2_R12__seed721202__it0000614,CB1_CAUR_S_CF2_RI2_TI2_R12,NEW_ALNS_EXPANSION,S,CF2,60-80%,0.7198712508000124,ts_b756c9699980ead7475b,STRUCTURED_NEAR_NEIGHBOR,ts_2e5f07d431c264990a22,STRUCTURED_NEAR_NEIGHBOR,2,0.004832291074474133,0.05230244457077885,0.22749555110931396,0.013359863558840245,False,False,False,0.677536231884058,,,,,,False,552,276,23,253,30.386566988635312,206.48762077395227,0.12828146146126704,0.24294769420520906,0.5085111501642157,0.6598785999484359,0.11284820920977828,True,0.021650559029751753,0.05798749289368959,0.20833333333333334
CB1_CAUR_S_CF2_RI2_TI2_R12__seed721202__it0000727,CB1_CAUR_S_CF2_RI2_TI2_R12,NEW_ALNS_EXPANSION,S,CF2,80-100%,0.8503898700000718,ts_adf156cf44f4dd9c3a9c,ORIGINAL_OPERATOR,ts_d6111f1459a150450214,RELATED_VARIANT,22,-0.05173393973848778,0.05173393973848778,0.20465731620788574,0.0005685048322910744,False,False,False,0.5345454545454545,,,,,,False,552,275,23,252,62.72634850675201,205.70393850280692,0.2336783572582415,0.18234163684079538,0.4442014988802131,0.5927778221181103,0.1321773735076748,False,0.014781125639567938,0.05855599772598066,0.0
CB1_CAUR_S_CF2_RI2_TI2_R12__seed721202__it0000813,CB1_CAUR_S_CF2_RI2_TI2_R12,NEW_ALNS_EXPANSION,S,CF2,80-100%,0.9498709238667895,ts_e0d44e2aa2bc03f928bf,MATCHED_RANDOM,ts_f26541b290c4b8bc8f9a,RELATED_VARIANT,4,0.025298465036952815,0.051733939738487784,0.09895706176757812,0.014781125639567946,False,False,False,0.6442687747035574,,,,,,False,506,253,22,231,35.30674574185555,234.55489933303704,0.13083276703533453,0.20315818415555653,0.4166072740626307,0.5993122495880064,0.15832859579306424,False,0.018488765850161896,0.0648095508811825,0.21739130434782608
CB1_CAUR_S_CF2_RI2_TI2_R12__seed721203__it0000039,CB1_CAUR_S_CF2_RI2_TI2_R12,NEW_ALNS_EXPANSION,S,CF2,0-20%,0.050363593066867905,ts_625d663351df783c1948,STRUCTURED_NEAR_NEIGHBOR,ts_cb22be0c1177f0719368,LOCAL_PERTURBATION,3,0.024416711882799782,0.0,0.03654211759567261,0.0,True,True,True,0.7362637362637363,,,,,,False,552,273,22,251,29.306111575007247,238.92511675354305,0.10925689658741324,0.17189897290080958,0.46663667125763075,0.6684111356167103,0.13157894736842105,False,0.012253572074516189,0.06022788931090614,0.0
CB1_CAUR_S_CF2_RI2_TI2_R12__seed721203__it0000153,CB1_CAUR_S_CF2_RI2_TI2_R12,NEW_ALNS_EXPANSION,S,CF2,0-20%,0.18049641740023314,ts_424b2a8fa39e9075d9b9,RELATED_VARIANT,ts_fabeaeaab8fe3b18384d,RELATED_VARIANT,22,0.10015940488841657,0.016471838469713077,0.11725491285324097,0.016471838469713077,False,False,False,0.52,,,,,,False,552,275,23,252,59.92243865201105,234.94924040070953,0.20321530655135392,0.19484293920852838,0.3863737551039164,0.5762235299567093,0.11663124335812965,True,0.019150726177825008,0.08873538788522849,0.0
CB1_CAUR_S_CF2_RI2_TI2_R12__seed721203__it0000271,CB1_CAUR_S_CF2_RI2_TI2_R12,NEW_ALNS_EXPANSION,S,CF2,20-40%,0.3194785302000431,ts_61a3936ce8c66edf69cd,MATCHED_RANDOM,ts_c8a1d8df7125085fb5f6,RELATED_VARIANT,8,-0.06837394331178517,0.09721531576330183,0.09635528922080994,0.01690701143709597,False,False,False,0.4909090909090909,,,,,,False,552,275,23,252,36.74782015669675,259.2749078700652,0.12413850923424556,0.19869916291945264,0.41674959510526793,0.6347740355483733,0.10691198408751865,True,0.027328857947952923,0.07260069617105917,0.125
CB1_CAUR_S_CF2_RI2_TI2_R12__seed721203__it0000382,CB1_CAUR_S_CF2_RI2_TI2_R12,NEW_ALNS_EXPANSION,S,CF2,40-60%,0.4505774801999602,ts_0348c242a7d1e338a080,STRUCTURED_NEAR_NEIGHBOR,ts_8e1340f59f1c629ce533,RELATED_VARIANT,7,-0.03603104212860311,0.06374722838137473,0.4265173673629761,0.006097560975609758,False,False,False,0.7193675889328063,,,,,,False,506,253,22,231,22.673198930240503,151.27502276140183,0.13034452844498315,0.17639029748975332,0.43808368083450117,0.6743665901965024,0.08398004434589801,False,0.012195121951219516,0.047117516629711746,0.0
CB1_CAUR_S_CF2_RI2_TI2_R12__seed721203__it0000490,CB1_CAUR_S_CF2_RI2_TI2_R12,NEW_ALNS_EXPANSION,S,CF2,40-60%,0.5798190422002032,ts_eb5c7607b7dc22cf85b7,RELATED_VARIANT,ts_4b4b2aa4a222028e2cca,STRUCTURED_NEAR_NEIGHBOR,9,-0.025498891352549888,0.029379157427937914,0.15105628967285156,0.003880266075388027,False,False,False,0.6785714285714286,,,,,,False,506,252,22,230,19.76040688443239,182.10006999284735,0.09789141088993686,0.10500216929887773,0.28783002284121406,0.493845399039416,0.15299334811529933,True,0.010941868311963752,0.06319290465631928,0.043478260869565216
CB1_CAUR_S_CF2_RI2_TI2_R12__seed721203__it0000607,CB1_CAUR_S_CF2_RI2_TI2_R12,NEW_ALNS_EXPANSION,S,CF2,60-80%,0.7198515556670221,ts_6662a3eb5e011b6c7cbd,RELATED_VARIANT,ts_6662a3eb5e011b6c7cbd,RELATED_VARIANT,1,0.06651884700665188,0.0,0.03789019584655762,0.00831485587583148,True,True,True,0.5181159420289855,,,,,,False,552,276,23,253,16.20606997124573,392.6363083617307,0.039638919128992305,0.13307724954723513,0.32354151874499987,0.5799880192005197,0.09700665188470066,True,0.015890613451589063,0.05931263858093126,0.16666666666666666
CB1_CAUR_S_CF2_RI2_TI2_R12__seed721203__it0000718,CB1_CAUR_S_CF2_RI2_TI2_R12,NEW_ALNS_EXPANSION,S,CF2,80-100%,0.8499604651335783,ts_f788d12299a4cbe6d9f6,RELATED_VARIANT,ts_27490ac147541c5c1864,STRUCTURED_NEAR_NEIGHBOR,10,-0.06090808416389812,0.07918050941306756,0.048388540744781494,0.010797342192691031,False,False,False,0.5818181818181818,,,,,,False,552,275,23,252,33.26944693829459,270.7854694574243,0.10941920404600644,0.21175511067228817,0.4743273516374077,0.6265765258545659,0.1345514950166113,False,0.01961055740125508,0.07032115171650055,0.125
CB1_CAUR_S_CF2_RI2_TI2_R12__seed721203__it0000801,CB1_CAUR_S_CF2_RI2_TI2_R12,NEW_ALNS_EXPANSION,S,CF2,80-100%,0.9499746346002211,ts_8a872236af7944f58d30,RELATED_VARIANT,ts_c898f9d00bfa82bac614,RELATED_VARIANT,2,0.016888150609080842,0.07142857142857142,0.36957037448883057,0.06644518272425248,False,False,False,0.5454545454545454,,,,,,False,506,253,22,231,39.55482886575344,409.34501149346085,0.08811504328916953,0.43799013720878405,0.5778335191473657,0.7111834751671988,0.17220376522702102,False,0.03290962492175839,0.12513842746400886,0.21739130434782608
CB1_CAUR_S_CF2_RI2_TI2_R12__seed721204__it0000038,CB1_CAUR_S_CF2_RI2_TI2_R12,NEW_ALNS_EXPANSION,S,CF2,0-20%,0.050376008866199605,ts_362b038f7649d25ae6f1,STRUCTURED_NEAR_NEIGHBOR,ts_1cf5a072fc028cc7559c,RELATED_VARIANT,9,-0.04659832246039143,0.05731593662628146,0.2773921489715576,0.006989748369058715,False,False,False,0.6812227074235808,,,,,,False,462,229,21,208,28.95662537890933,183.55365394696747,0.1362598810314742,0.16366080108104525,0.4214494689462478,0.6600081816784787,0.11090400745573159,False,0.031072608658815556,0.13140726933830382,0.2727272727272727
CB1_CAUR_S_CF2_RI2_TI2_R12__seed721204__it0000149,CB1_CAUR_S_CF2_RI2_TI2_R12,NEW_ALNS_EXPANSION,S,CF2,0-20%,0.17951814893312984,ts_b0cd8b0b85261d8f7eca,MATCHED_RANDOM,ts_8749fe623532cc949b1b,RELATED_VARIANT,8,0.039634146341463415,0.06261726078799248,0.3411019444465637,0.007739212007504687,False,False,False,0.6521739130434783,,,,,,False,506,253,22,231,33.43097543123225,159.40759664834664,0.1733624921130211,0.22160028428682188,0.482786897684742,0.6726584121992698,0.1022514071294559,True,0.04727139244636593,0.12898686679174484,0.21739130434782608
CB1_CAUR_S_CF2_RI2_TI2_R12__seed721204__it0000268,CB1_CAUR_S_CF2_RI2_TI2_R12,NEW_ALNS_EXPANSION,S,CF2,20-40%,0.3203421489330746,ts_698a41e0de482680b811,ORIGINAL_OPERATOR,ts_bf6578a58ae4b82f2db0,STRUCTURED_NEAR_NEIGHBOR,7,-0.0016034206306787813,0.0016034206306787813,0.03962346911430359,0.0016034206306787813,True,True,True,0.5198412698412699,,,,,,False,506,252,22,230,26.14542297357961,280.809169783583,0.08517684240764475,0.16902631485896938,0.407195296932343,0.6002128446897254,0.09246392303580973,True,0.01707991541375224,0.04810261892036344,0.043478260869565216
CB1_CAUR_S_CF2_RI2_TI2_R12__seed721204__it0000380,CB1_CAUR_S_CF2_RI2_TI2_R12,NEW_ALNS_EXPANSION,S,CF2,40-60%,0.4495810394665265,ts_cfb4f71dd5df47d10e8a,RELATED_VARIANT,ts_5a3d8f74d4fce5ef8995,STRUCTURED_NEAR_NEIGHBOR,6,0.05184033177812338,0.018921721099015028,0.17487305402755737,0.018921721099015028,False,False,False,0.4801587301587302,,,,,,False,506,252,22,230,32.856632471820504,238.4737217756118,0.12109456961773542,0.3627941386580065,0.5637601341800136,0.7449057420122766,0.08372213582166925,False,0.011495030089931704,0.03784344219803007,0.21739130434782608
CB1_CAUR_S_CF2_RI2_TI2_R12__seed721204__it0000492,CB1_CAUR_S_CF2_RI2_TI2_R12,NEW_ALNS_EXPANSION,S,CF2,40-60%,0.5800988647999474,ts_84b3c6c56ed0cc9057d6,RELATED_VARIANT,ts_84b3c6c56ed0cc9057d6,RELATED_VARIANT,1,0.027506426735218508,0.0,0.5087525248527527,0.01799485861182519,True,True,True,0.5240174672489083,,,,,,False,462,229,21,208,18.372567125056825,202.93268208277306,0.0830191203815639,0.18799847991529126,0.3884627292364998,0.596188663933731,0.10308483290488432,False,0.011942042533302173,0.04524421593830334,0.13636363636363635
CB1_CAUR_S_CF2_RI2_TI2_R12__seed721204__it0000616,CB1_CAUR_S_CF2_RI2_TI2_R12,NEW_ALNS_EXPANSION,S,CF2,60-80%,0.7199724203329727,ts_25df41a4b79f4d190f51,ORIGINAL_OPERATOR,ts_25df41a4b79f4d190f51,ORIGINAL_OPERATOR,1,0.03625456442357851,0.0,0.19059988856315613,0.01695357329160146,True,True,True,0.5770750988142292,,,,,,False,506,253,22,231,22.95694542086893,290.2470301674722,0.07329710734911722,0.15618509105891762,0.3436949405068852,0.5777794849532235,0.11841418883672405,True,0.017327799324125103,0.0704225352112676,0.13043478260869565
CB1_CAUR_S_CF2_RI2_TI2_R12__seed721204__it0000728,CB1_CAUR_S_CF2_RI2_TI2_R12,NEW_ALNS_EXPANSION,S,CF2,80-100%,0.8500625461330249,ts_4a694f384b3070974c77,STRUCTURED_NEAR_NEIGHBOR,ts_882b3faf8785ad5ca388,ORIGINAL_OPERATOR,9,-0.015069967707212056,0.040365984930032295,0.13032710552215576,0.005113024757804091,False,False,False,0.541501976284585,,,,,,False,506,253,22,231,32.047373292589924,305.3569959465175,0.09498209334058444,0.1283885388530761,0.3471842664359998,0.5954678093633763,0.11571582346609258,True,0.02747227032339589,0.09634015069967708,0.2608695652173913
CB1_CAUR_S_CF2_RI2_TI2_R12__seed721204__it0000814,CB1_CAUR_S_CF2_RI2_TI2_R12,NEW_ALNS_EXPANSION,S,CF2,80-100%,0.9503248020662188,ts_b1da95d59a082abaf087,STRUCTURED_NEAR_NEIGHBOR,ts_aba42195507fd9bd2dfb,RELATED_VARIANT,9,0.03310010764262648,0.023681377825618938,0.23204445838928223,0.005651237890204518,False,False,False,0.610909090909091,,,,,,False,552,275,23,252,36.717408622860574,211.3281102714231,0.14802689758934706,0.24363688615273435,0.5331593265125569,0.709546315076662,0.10871905274488697,True,0.024780229637603162,0.10226049515608181,0.3333333333333333
CB1_CAUR_S_CF3_RI2_TI2_R12_C02__seed691201__it0000014,CB1_CAUR_S_CF3_RI2_TI2_R12_C02,ORIGINAL_PHASE6J_CAUR,S,CF3,0-20%,0.049929128445145333,ts_724ee0cce3c914f3d929,ORIGINAL_OPERATOR,ts_7298b8ffba7b76fcfa87,RELATED_VARIANT,4,-0.001419782300047326,0.03170847136772362,0.17929106950759888,0.004732607666824422,False,False,False,0.5507246376811594,ts_eb672df4ca5062cf26cf,-0.04401325130146711,0.0743019403691434,0.47101449275362317,0.04259346900141978,False,552,276,23,253,22.371942986145122,225.8513540583519,0.09012829678970334,0.18896748215427842,0.4336748451255995,0.6419157251398693,0.0809275911026976,True,0.025220855024451806,0.0809275911026976,0.375
CB1_CAUR_S_CF3_RI2_TI2_R12_C02__seed691201__it0000054,CB1_CAUR_S_CF3_RI2_TI2_R12_C02,ORIGINAL_PHASE6J_CAUR,S,CF3,0-20%,0.1805848539049279,ts_8e7e5de989e1da59cba8,LOCAL_PERTURBATION,ts_79ae8f95f2ed1169c329,RELATED_VARIANT,16,-0.04128660585693711,0.05184829572731637,0.0034841299057006836,0.009601536245799328,False,False,False,0.5620437956204379,ts_df00637d56d0eca6b04a,-0.00384061449831973,0.014402304368698991,0.7007299270072993,-0.03744599135861738,False,552,274,23,251,32.76086798620164,211.99278716045364,0.13385241567310394,0.14449626180973257,0.33561699114974286,0.5806746018479351,0.0914546327412386,True,0.015362457993278926,0.09601536245799329,0.125
CB1_CAUR_S_CF3_RI2_TI2_R12_C02__seed691201__it0000096,CB1_CAUR_S_CF3_RI2_TI2_R12_C02,ORIGINAL_PHASE6J_CAUR,S,CF3,20-40%,0.31958177098486984,ts_d915c42b79f3c0b77744,STRUCTURED_NEAR_NEIGHBOR,ts_734d6ab68235f3e2dfcd,RELATED_VARIANT,6,0.007974867085548575,0.016916384726921217,0.04864358901977539,0.006283228612856451,False,False,False,0.6327272727272727,ts_9f9edd2083e3bde3de14,-0.021749637506041565,0.04664088931851136,0.52,0.02972450459159014,False,552,275,23,252,22.710741474017333,227.86336948873108,0.09063482810238775,0.14614732130605182,0.3468924701212922,0.5620408823731289,0.10198163363943934,True,0.018547607539874337,0.06283228612856452,0.16666666666666666
CB1_CAUR_S_CF3_RI2_TI2_R12_C02__seed691201__it0000136,CB1_CAUR_S_CF3_RI2_TI2_R12_C02,ORIGINAL_PHASE6J_CAUR,S,CF3,40-60%,0.45065232857208076,ts_18efcecec27cef0a24ac,ORIGINAL_OPERATOR,ts_a47b7955ded2e48c6a20,LOCAL_PERTURBATION,7,-0.04170506912442396,0.04170506912442396,0.44672805070877075,0.02880184331797235,False,False,False,0.49603174603174605,ts_20d5155dabbea149d413,-0.05069124423963133,0.05069124423963133,0.5436507936507936,0.00898617511520737,False,506,252,22,230,26.654784188886865,259.4653752759286,0.09315940630937833,0.2510936091697688,0.3845074962049736,0.5584702291785733,0.09608294930875577,True,0.03079543177719896,0.08755760368663594,0.043478260869565216
CB1_CAUR_S_CF3_RI2_TI2_R12_C02__seed691201__it0000176,CB1_CAUR_S_CF3_RI2_TI2_R12_C02,ORIGINAL_PHASE6J_CAUR,S,CF3,40-60%,0.5808041486353244,ts_9f727682a31fd5ffb4be,ORIGINAL_OPERATOR,ts_ac907d5c928ca21d8fbe,RELATED_VARIANT,21,0.0586734693877551,0.062847866419295,0.22765707969665527,0.03269944341372913,False,False,False,0.4782608695652174,ts_c0141931a360e7578618,0.04383116883116883,0.07769016697588127,0.45454545454545453,0.014842300556586266,False,506,253,22,231,95.35491521783743,408.6295786076373,0.18920208138557926,0.25795764420344824,0.4315048880061056,0.6240709426710261,0.13705936920222636,True,0.038194724530128246,0.11549165120593691,0.043478260869565216
CB1_CAUR_S_CF3_RI2_TI2_R12_C02__seed691201__it0000219,CB1_CAUR_S_CF3_RI2_TI2_R12_C02,ORIGINAL_PHASE6J_CAUR,S,CF3,60-80%,0.720171971302036,ts_33112c3afa526dfc864e,LOCAL_PERTURBATION,ts_23c6a5c2b069df2444d7,RELATED_VARIANT,13,-0.019377868434472208,0.057878633350331464,0.02720057964324951,0.008669046404895464,False,False,False,0.5810276679841897,ts_23c6a5c2b069df2444d7,-0.019377868434472208,0.057878633350331464,0.6284584980237155,0.0,False,506,253,22,231,29.45443122698579,194.63018125673227,0.13144334588849085,0.1578810065625708,0.38109240834959396,0.5761711208645004,0.1177970423253442,False,0.01696117774870851,0.05711371749107598,0.2608695652173913
CB1_CAUR_S_CF3_RI2_TI2_R12_C02__seed691201__it0000259,CB1_CAUR_S_CF3_RI2_TI2_R12_C02,ORIGINAL_PHASE6J_CAUR,S,CF3,80-100%,0.8503069173339532,ts_a632377a508aa203de26,LOCAL_PERTURBATION,ts_5631feeca7c8c92eb217,RELATED_VARIANT,6,0.025073746312684365,0.02531956735496558,0.19860786199569702,0.003441494591937065,False,False,False,0.5978260869565217,ts_a632377a508aa203de26,0.050393313667649944,0.0,0.5615942028985508,-0.02531956735496558,True,552,276,23,253,18.5232675100601,216.78567787048857,0.07871892621890647,0.1714926379345018,0.42073023684491184,0.6494804903469256,0.0715339233038348,True,0.016203703703703703,0.07177974434611603,0.16666666666666666
CB1_CAUR_S_CF3_RI2_TI2_R12_C02__seed691201__it0000290,CB1_CAUR_S_CF3_RI2_TI2_R12_C02,ORIGINAL_PHASE6J_CAUR,S,CF3,80-100%,0.9510413371433045,ts_a0fbc9a2c768fae26163,ORIGINAL_OPERATOR,ts_c4848ccea8d97e017fd2,STRUCTURED_NEAR_NEIGHBOR,23,0.0029197080291970797,0.07274939172749392,0.09889423847198486,0.014841849148418504,False,False,False,0.4031620553359684,ts_15750bb0d20bbd70d161,-0.022871046228710463,0.09854014598540146,0.2727272727272727,0.02579075425790754,False,506,253,22,231,149.0698310347515,298.97021091710394,0.33271542066940957,0.2586442890521772,0.47518632864931176,0.6645960001799108,0.09854014598540146,True,0.022278641701047285,0.06034063260340633,0.21739130434782608
CB1_CAUR_S_CF3_RI2_TI2_R12_C02__seed691202__it0000015,CB1_CAUR_S_CF3_RI2_TI2_R12_C02,ORIGINAL_PHASE6J_CAUR,S,CF3,0-20%,0.05275300641207852,ts_312891047c6e5564ccb8,STRUCTURED_NEAR_NEIGHBOR,ts_75b55d0d23cd3a9487c7,ORIGINAL_OPERATOR,15,0.006269592476489028,0.01671891327063741,1.0944036841392517,0.004702194357366768,False,False,False,0.503968253968254,ts_75b55d0d23cd3a9487c7,0.006269592476489028,0.01671891327063741,0.5238095238095238,0.0,False,506,252,22,230,27.716230881109315,212.11226101424728,0.11556688140791307,0.14161915176365814,0.357686936934375,0.5855011143547084,0.0903866248693835,False,0.01962655036118305,0.0329153605015674,0.2608695652173913
CB1_CAUR_S_CF3_RI2_TI2_R12_C02__seed691202__it0000055,CB1_CAUR_S_CF3_RI2_TI2_R12_C02,ORIGINAL_PHASE6J_CAUR,S,CF3,0-20%,0.18153363111103693,ts_6951597d7e7ce3dd1e0b,ORIGINAL_OPERATOR,ts_6c7ed4b4eca1572c5286,LOCAL_PERTURBATION,13,-0.01600609756097561,0.06783536585365854,0.07429468631744385,0.0116869918699187,False,False,False,0.4189723320158103,ts_0357f9dc254d86a59326,0.0022865853658536584,0.04954268292682927,0.45454545454545453,-0.018292682926829267,False,506,253,22,231,35.24831298840515,244.99600589876547,0.1257770831122414,0.18007442027670031,0.3778069898887746,0.6142426206209158,0.08689024390243903,True,0.019353128313891833,0.06808943089430894,0.21739130434782608
CB1_CAUR_S_CF3_RI2_TI2_R12_C02__seed691202__it0000097,CB1_CAUR_S_CF3_RI2_TI2_R12_C02,ORIGINAL_PHASE6J_CAUR,S,CF3,20-40%,0.3200745836190421,ts_5a01f13f43a955b88b23,RELATED_VARIANT,ts_3626df9fb81a07f5f722,LOCAL_PERTURBATION,17,-0.023797719385225583,0.04982647496281606,0.10447883605957031,0.008924144769459595,False,False,False,0.5563636363636364,ts_c55eed0222019d70940a,-0.06321269211700545,0.08924144769459592,0.49454545454545457,0.039414972731779865,False,552,275,23,252,44.44414057644101,259.3385476811683,0.14630241384509754,0.20087597298560456,0.42236940321906286,0.5999472228018523,0.12816063460585028,True,0.04862832589654603,0.08676251859196828,0.4583333333333333
CB1_CAUR_S_CF3_RI2_TI2_R12_C02__seed691202__it0000137,CB1_CAUR_S_CF3_RI2_TI2_R12_C02,ORIGINAL_PHASE6J_CAUR,S,CF3,40-60%,0.4510923156187692,ts_7e16141f41b3267d1c53,RELATED_VARIANT,ts_7c71532c78ee8d9bb178,RELATED_VARIANT,3,0.02315247895229186,0.01005612722170253,0.05423140525817871,0.0007015902712815755,False,False,False,0.7236363636363636,ts_66a3d42f79aefbe278f1,-0.0035079513564078577,0.03671655753040225,0.6036363636363636,0.026660430308699717,False,552,275,23,252,12.231525146840129,187.02703418980752,0.061385193125756514,0.0964900878678795,0.27222462018019494,0.4977346666567397,0.0764733395696913,True,0.0219052073589024,0.10383536014967258,0.25
CB1_CAUR_S_CF3_RI2_TI2_R12_C02__seed691202__it0000177,CB1_CAUR_S_CF3_RI2_TI2_R12_C02,ORIGINAL_PHASE6J_CAUR,S,CF3,40-60%,0.5813051797458828,ts_03cace44536d016219c5,ORIGINAL_OPERATOR,ts_5c8b25bf8881907e5143,RELATED_VARIANT,17,0.028564453125,0.02783203125,0.22973644733428955,0.002197265625,False,False,False,0.5662650602409639,ts_c0522b7e71d3f78ef54e,0.015625,0.040771484375,0.4899598393574297,0.012939453125,False,506,249,22,227,29.103315634799905,152.470258535918,0.16028387262695273,0.170105533174212,0.4577660734128751,0.6776102493424495,0.073486328125,True,0.013162364130434782,0.041015625,0.08695652173913043
CB1_CAUR_S_CF3_RI2_TI2_R12_C02__seed691202__it0000219,CB1_CAUR_S_CF3_RI2_TI2_R12_C02,ORIGINAL_PHASE6J_CAUR,S,CF3,60-80%,0.7196884417133997,ts_d2a2cb848de1f4e34ad4,ORIGINAL_OPERATOR,ts_e7a32179cb7edf919426,RELATED_VARIANT,4,0.010128458498023716,0.04619565217391304,0.46757179498672485,0.014822134387351776,False,False,False,0.46320346320346323,ts_d2a2cb848de1f4e34ad4,0.05632411067193676,0.0,0.4805194805194805,-0.04619565217391304,False,462,231,21,210,30.76247216717934,320.9173101004898,0.08747296182003869,0.2371904644833686,0.4822839148418027,0.6993206539151624,0.10227272727272727,True,0.00990388070427596,0.07015810276679842,0.13636363636363635
CB1_CAUR_S_CF3_RI2_TI2_R12_C02__seed691202__it0000259,CB1_CAUR_S_CF3_RI2_TI2_R12_C02,ORIGINAL_PHASE6J_CAUR,S,CF3,80-100%,0.8495709101580793,ts_bc56d218ee3d45cb83da,STRUCTURED_NEAR_NEIGHBOR,ts_3f4cd99b016e1093b9b9,RELATED_VARIANT,18,-0.002513826043237808,0.05480140774258421,0.01835322380065918,0.03192559074912016,False,False,False,0.5217391304347826,ts_38763e1b6ef516a7a914,-0.004524886877828054,0.05681246857717446,0.4980237154150198,0.0020110608345902457,False,506,253,22,231,53.9639811110715,170.51458943329345,0.24039702756573952,0.376285934283271,0.5288177374531275,0.6848426285155742,0.09829059829059829,False,0.015410846612892649,0.03469079939668175,0.391304347826087
CB1_CAUR_S_CF3_RI2_TI2_R12_C02__seed691202__it0000289,CB1_CAUR_S_CF3_RI2_TI2_R12_C02,ORIGINAL_PHASE6J_CAUR,S,CF3,80-100%,0.9484772957456742,ts_060a9ab4f7467c6e85bd,ORIGINAL_OPERATOR,ts_5564632664c524e914fa,LOCAL_PERTURBATION,11,0.009502923976608187,0.05433723196881091,0.0015382170677185059,0.007066276803118908,False,False,False,0.5098814229249012,ts_b1f2364821a3945a8aed,0.012914230019493177,0.05092592592592592,0.5059288537549407,-0.00341130604288499,True,506,253,22,231,25.50708060822038,180.5844529178458,0.12376578587103522,0.21279823853304766,0.47510705122896135,0.7041705710416042,0.0638401559454191,True,0.040066954826680226,0.08820662768031189,0.391304347826087
CB1_CAUR_S_CF3_RI2_TI2_R12_C02__seed721201__it0000037,CB1_CAUR_S_CF3_RI2_TI2_R12_C02,NEW_ALNS_EXPANSION,S,CF3,0-20%,0.04995328844441766,ts_860c560e817eace25f60,MATCHED_RANDOM,ts_11e204e64c413125d1db,RELATED_VARIANT,4,-0.0038058991436726924,0.02093244529019981,0.2375403642654419,0.010704091341579448,False,False,False,0.5968379446640316,,,,,,False,506,253,22,231,23.3889003598364,223.98524136833146,0.09454868724936405,0.16944380066180523,0.3640218518367261,0.5675795805482989,0.09990485252140818,True,0.0285442435775452,0.06850618458610847,0.21739130434782608
CB1_CAUR_S_CF3_RI2_TI2_R12_C02__seed721201__it0000148,CB1_CAUR_S_CF3_RI2_TI2_R12_C02,NEW_ALNS_EXPANSION,S,CF3,0-20%,0.17997654304758365,ts_2e0f4c1ad7414489e552,STRUCTURED_NEAR_NEIGHBOR,ts_80f829bb19e47c6e14a7,STRUCTURED_NEAR_NEIGHBOR,10,-0.0034467901766479965,0.06764325721671693,0.09898233413696289,0.026281775096940976,False,False,False,0.5527272727272727,,,,,,False,552,275,23,252,41.82681399566963,222.8608998260007,0.15802325461864797,0.3274128836526056,0.5423063919533508,0.7169236226536566,0.11719086600603189,True,0.01640815740341807,0.07669108143041792,0.20833333333333334
CB1_CAUR_S_CF3_RI2_TI2_R12_C02__seed721201__it0000264,CB1_CAUR_S_CF3_RI2_TI2_R12_C02,NEW_ALNS_EXPANSION,S,CF3,20-40%,0.32006460063469905,ts_8b0c4e4a6af8b29a18fb,RELATED_VARIANT,ts_9d889c647f1325dc16d2,STRUCTURED_NEAR_NEIGHBOR,8,-0.052656323460272686,0.09167842031029619,0.21493488550186157,0.004231311706629048,False,False,False,0.427536231884058,,,,,,False,552,276,23,253,26.945067660739674,381.94400495740217,0.0658982336901516,0.14547243234795337,0.3658225812533712,0.5682362250952254,0.09167842031029619,True,0.01745416078984485,0.055947343676539724,0.20833333333333334
CB1_CAUR_S_CF3_RI2_TI2_R12_C02__seed721201__it0000370,CB1_CAUR_S_CF3_RI2_TI2_R12_C02,NEW_ALNS_EXPANSION,S,CF3,40-60%,0.44970189244440195,ts_4cef6fd2d55aef87a118,RELATED_VARIANT,ts_4cef6fd2d55aef87a118,RELATED_VARIANT,1,0.0156688493919551,0.0,0.01096433401107788,0.0032740879326473345,True,True,True,0.7018181818181818,,,,,,False,552,275,23,252,18.33493683356854,169.1137258594072,0.09781311090812922,0.13141670389183804,0.35870898147772184,0.5493357615030607,0.10336763330215154,True,0.023698160274399752,0.09027128157156221,0.125
CB1_CAUR_S_CF3_RI2_TI2_R12_C02__seed721201__it0000479,CB1_CAUR_S_CF3_RI2_TI2_R12_C02,NEW_ALNS_EXPANSION,S,CF3,40-60%,0.579793505396949,ts_9598f6ad825044ecfa16,RELATED_VARIANT,ts_91b3eca3b091bd87bdd6,RELATED_VARIANT,4,0.016812865497076022,0.04361598440545809,0.18791162967681885,0.009015594541910331,False,False,False,0.7101449275362319,,,,,,False,552,276,23,253,23.82220013335076,135.69089729454998,0.1493432233307255,0.246984126453305,0.5725418790601993,0.7125519537793036,0.09210526315789473,True,0.012589343729694606,0.054093567251461985,0.20833333333333334
CB1_CAUR_S_CF3_RI2_TI2_R12_C02__seed721201__it0000592,CB1_CAUR_S_CF3_RI2_TI2_R12_C02,NEW_ALNS_EXPANSION,S,CF3,60-80%,0.7198466714286792,ts_ed9dee344ca71f863a17,STRUCTURED_NEAR_NEIGHBOR,ts_8bc751756549d0aa2e76,RELATED_VARIANT,14,0.03746097814776275,0.015088449531737769,0.31749188899993896,0.015088449531737769,False,False,False,0.5194805194805194,,,,,,False,462,231,21,210,28.451108861281902,313.45119975967714,0.08321414668429007,0.14749218298860023,0.32670703280238755,0.5715126581555192,0.14021852237252863,True,0.026747705988080597,0.08272632674297606,0.3181818181818182
CB1_CAUR_S_CF3_RI2_TI2_R12_C02__seed721201__it0000698,CB1_CAUR_S_CF3_RI2_TI2_R12_C02,NEW_ALNS_EXPANSION,S,CF3,80-100%,0.850589500063391,ts_d996c8a9a809f1438140,LOCAL_PERTURBATION,ts_53df68fddd4a45b9bbe9,RELATED_VARIANT,4,0.010926118626430802,0.04058272632674297,0.24054187536239624,0.015608740894901142,False,False,False,0.5934065934065934,,,,,,False,552,273,23,250,25.01153863323959,227.91413456186183,0.09888888825432214,0.20072174983055394,0.3806121902522618,0.5666995840728409,0.1022372528616025,True,0.010622615331252168,0.0749219562955255,0.16666666666666666
CB1_CAUR_S_CF3_RI2_TI2_R12_C02__seed721201__it0000780,CB1_CAUR_S_CF3_RI2_TI2_R12_C02,NEW_ALNS_EXPANSION,S,CF3,80-100%,0.9496473734602443,ts_709943e869019b2eee37,ORIGINAL_OPERATOR,ts_05d542bbac2f8593015b,STRUCTURED_NEAR_NEIGHBOR,7,-0.0291363163371488,0.07908428720083246,0.543772280216217,0.0254942767950052,False,False,False,0.4901185770750988,,,,,,False,506,253,22,231,34.448569515770814,346.4019304103963,0.09045168516898132,0.250465008021383,0.43544553400325536,0.6079623103895829,0.10457856399583768,False,0.023571460887662304,0.0749219562955255,0.34782608695652173
CB1_CAUR_S_CF3_RI2_TI2_R12_C02__seed721202__it0000039,CB1_CAUR_S_CF3_RI2_TI2_R12_C02,NEW_ALNS_EXPANSION,S,CF3,0-20%,0.050097606857196386,ts_4314181a84e698c28cae,RELATED_VARIANT,ts_e32f7fcacf2d3031d9ed,RELATED_VARIANT,4,0.004419191919191919,0.014730639730639733,0.05087399482727051,0.0010521885521885543,False,False,False,0.6150793650793651,,,,,,False,506,252,22,230,15.347648001922552,254.19861818032763,0.05693882619596534,0.1395835338487008,0.3974085452866618,0.5802383267739335,0.07028619528619529,True,0.045308154003806174,0.09217171717171717,0.6521739130434783
CB1_CAUR_S_CF3_RI2_TI2_R12_C02__seed721202__it0000148,CB1_CAUR_S_CF3_RI2_TI2_R12_C02,NEW_ALNS_EXPANSION,S,CF3,0-20%,0.17994928247635328,ts_c045544878a3729befcf,STRUCTURED_NEAR_NEIGHBOR,ts_ede16fb4c12a51f85c58,RELATED_VARIANT,10,0.08228417266187049,0.029226618705035984,0.522189199924469,0.017760791366906475,False,False,False,0.6205533596837944,,,,,,False,506,253,22,231,29.18435353177192,199.88885304396405,0.12740186409414503,0.18149318681626087,0.3543912256766985,0.5689205093359105,0.11151079136690648,True,0.036890053174851424,0.12365107913669066,0.0
CB1_CAUR_S_CF3_RI2_TI2_R12_C02__seed721202__it0000263,CB1_CAUR_S_CF3_RI2_TI2_R12_C02,NEW_ALNS_EXPANSION,S,CF3,20-40%,0.31972325949223773,ts_0d3cd94ef8fb172202d8,LOCAL_PERTURBATION,ts_b8094f7e34b934e8880b,ORIGINAL_OPERATOR,14,-0.031856645097063215,0.078397212543554,0.4683537483215332,0.012444001991040322,False,False,False,0.5098814229249012,,,,,,False,506,253,22,231,38.33845014393169,215.52415036152973,0.1510204735459129,0.1940689630648515,0.4283901180641685,0.6632438780808102,0.1012941762070682,False,0.02051637197827169,0.0736684917869587,0.21739130434782608
CB1_CAUR_S_CF3_RI2_TI2_R12_C02__seed721202__it0000371,CB1_CAUR_S_CF3_RI2_TI2_R12_C02,NEW_ALNS_EXPANSION,S,CF3,40-60%,0.4500858859045409,ts_0771f96cb2b0447384e8,ORIGINAL_OPERATOR,ts_a2658df86e33fdb11ad4,RELATED_VARIANT,8,-0.0148539778449144,0.0853474320241692,0.15859735012054443,0.023162134944612292,False,False,False,0.4708029197080292,,,,,,False,552,274,23,251,42.16821038361207,303.8017097820871,0.12188403651801867,0.2412013939809945,0.4475051913655863,0.6394950015888974,0.14224572004028196,False,0.007825612621685128,0.03524672708962739,0.08333333333333333
CB1_CAUR_S_CF3_RI2_TI2_R12_C02__seed721202__it0000480,CB1_CAUR_S_CF3_RI2_TI2_R12_C02,NEW_ALNS_EXPANSION,S,CF3,40-60%,0.5795650387299247,ts_208df50a0acfeb192b7e,MATCHED_RANDOM,ts_0b4bfb72174dec4a12a1,ORIGINAL_OPERATOR,2,0.03345626975763962,0.03477344573234984,0.044096291065216064,0.03003161222339304,False,False,False,0.4069264069264069,,,,,,False,462,231,21,210,20.392207737751622,231.10324780674154,0.08108380206553652,0.2869667024377148,0.43579470252931074,0.6304743093741823,0.11512118018967334,False,0.029863971644793572,0.09114857744994731,0.3181818181818182
CB1_CAUR_S_CF3_RI2_TI2_R12_C02__seed721202__it0000595,CB1_CAUR_S_CF3_RI2_TI2_R12_C02,NEW_ALNS_EXPANSION,S,CF3,60-80%,0.7194129898414267,ts_631875abc88c4dfaab55,RELATED_VARIANT,ts_631875abc88c4dfaab55,RELATED_VARIANT,1,0.1038338658146965,0.0,0.26665055751800537,0.023961661341853055,True,True,True,0.6231884057971014,,,,,,False,552,276,23,253,19.894838209562103,267.10763252280265,0.06931939700308162,0.22390039970207212,0.4290417319584907,0.6636022623055909,0.12726304579339726,True,0.014776357827476041,0.0777422790202343,0.125
CB1_CAUR_S_CF3_RI2_TI2_R12_C02__seed721202__it0000702,CB1_CAUR_S_CF3_RI2_TI2_R12_C02,NEW_ALNS_EXPANSION,S,CF3,80-100%,0.8497149369523247,ts_603f5c7e2bdb9687184c,STRUCTURED_NEAR_NEIGHBOR,ts_87e1e8846fc6f1f00fbc,RELATED_VARIANT,15,-0.00878594249201278,0.05644302449414271,0.49769818782806396,0.0010649627263045747,False,False,False,0.3521739130434783,,,,,,False,462,230,21,209,34.832826939080334,334.39826984778455,0.09433882260243982,0.12515693185286342,0.3517009588284922,0.6070626131751334,0.10303514376996804,True,0.02960112305160228,0.10756123535676251,0.22727272727272727
CB1_CAUR_S_CF3_RI2_TI2_R12_C02__seed721202__it0000786,CB1_CAUR_S_CF3_RI2_TI2_R12_C02,NEW_ALNS_EXPANSION,S,CF3,80-100%,0.9500902556187828,ts_2e908973b55e0d44cbc8,RELATED_VARIANT,ts_2e908973b55e0d44cbc8,RELATED_VARIANT,1,0.12247071352502663,0.0,0.26728880405426025,0.004792332268370628,True,True,True,0.7193675889328063,,,,,,False,506,253,22,231,23.623188402413835,190.10325849367672,0.11053001977756619,0.2756372866777144,0.5685969999259809,0.7077085566966262,0.1328541001064963,False,0.048941982682780036,0.14802981895633655,0.30434782608695654
CB1_CAUR_S_CF3_RI2_TI2_R12_C02__seed721203__it0000039,CB1_CAUR_S_CF3_RI2_TI2_R12_C02,NEW_ALNS_EXPANSION,S,CF3,0-20%,0.05037441599969974,ts_4de5750f094e8d3c968c,MATCHED_RANDOM,ts_ab9ed0200ff0fc28987b,ORIGINAL_OPERATOR,19,0.04026036644165863,0.02193828351012536,0.35356438159942627,0.006750241080038577,False,False,False,0.5890909090909091,,,,,,False,552,275,23,252,46.61263427720669,195.97881280943076,0.19214459057396105,0.18617632119121016,0.4165830639227287,0.6257506547197247,0.09860173577627773,False,0.028105914496946317,0.09980713596914176,0.2916666666666667
CB1_CAUR_S_CF3_RI2_TI2_R12_C02__seed721203__it0000147,CB1_CAUR_S_CF3_RI2_TI2_R12_C02,NEW_ALNS_EXPANSION,S,CF3,0-20%,0.1802460463488445,ts_aa1cd2021beffae6401f,ORIGINAL_OPERATOR,ts_076e3cc269a5dbada55d,MATCHED_RANDOM,13,-0.025385312783318223,0.025385312783318223,0.007016122341156006,0.022665457842248413,False,False,False,0.5396825396825397,,,,,,False,506,252,22,230,31.893124340435197,220.54827100729744,0.12633872624774195,0.3539969638422145,0.5350144090581386,0.715604584467142,0.08023572076155938,True,0.03900429658244314,0.16001813236627382,0.13043478260869565
CB1_CAUR_S_CF3_RI2_TI2_R12_C02__seed721203__it0000263,CB1_CAUR_S_CF3_RI2_TI2_R12_C02,NEW_ALNS_EXPANSION,S,CF3,20-40%,0.3196724580318135,ts_77328253b47d1123353e,MATCHED_RANDOM,ts_f87f6b5f85cb3ea882f9,RELATED_VARIANT,5,0.05892857142857143,0.0002551020408163296,0.6123502254486084,0.0002551020408163296,True,True,True,0.6507936507936508,,,,,,False,506,252,22,230,24.570335270939022,243.06179495018154,0.09180637336271523,0.13404779190833702,0.37317019015473085,0.5932940321517428,0.11479591836734694,True,0.030057675244010658,0.07244897959183673,0.391304347826087
CB1_CAUR_S_CF3_RI2_TI2_R12_C02__seed721203__it0000370,CB1_CAUR_S_CF3_RI2_TI2_R12_C02,NEW_ALNS_EXPANSION,S,CF3,40-60%,0.4502125495235391,ts_54bbf98f1af4ed09f3f2,RELATED_VARIANT,ts_122737537c1dd746737b,ORIGINAL_OPERATOR,11,0.012537612838515547,0.032597793380140426,0.09995102882385254,0.0040120361083249775,False,False,False,0.4150197628458498,,,,,,False,506,253,22,231,29.99535507169849,364.5724564853774,0.07602078576386744,0.1431014032389284,0.37728479299380274,0.6212853301908303,0.08826479438314945,True,0.014848894509615808,0.04563691073219659,0.30434782608695654
CB1_CAUR_S_CF3_RI2_TI2_R12_C02__seed721203__it0000477,CB1_CAUR_S_CF3_RI2_TI2_R12_C02,NEW_ALNS_EXPANSION,S,CF3,40-60%,0.5798270452059879,ts_21238b6658fa26dd0110,ORIGINAL_OPERATOR,ts_53eb4728b6a185d08695,RELATED_VARIANT,17,-0.046850998463901686,0.046850998463901686,0.17326796054840088,0.013312852022529442,False,False,False,0.6159420289855072,,,,,,False,552,276,23,253,34.1597420863788,200.38668412641005,0.14564170786123112,0.19913463741730125,0.4005190436737373,0.5965436147206645,0.08678955453149001,True,0.06581754565625533,0.10752688172043011,0.4166666666666667
CB1_CAUR_S_CF3_RI2_TI2_R12_C02__seed721203__it0000592,CB1_CAUR_S_CF3_RI2_TI2_R12_C02,NEW_ALNS_EXPANSION,S,CF3,60-80%,0.7204370735871923,ts_4f3e30ce640f58039997,RELATED_VARIANT,ts_9f7ad9366cff82aa0b51,ORIGINAL_OPERATOR,5,-0.05506493506493507,0.0890909090909091,0.18492436408996582,0.025974025974025976,False,False,False,0.4927007299270073,,,,,,False,552,274,23,251,31.34254220133096,208.9794599060961,0.13041894594120615,0.2885968687082632,0.46023539939856195,0.6631633371886212,0.0890909090909091,True,0.021536796536796538,0.06597402597402598,0.16666666666666666
CB1_CAUR_S_CF3_RI2_TI2_R12_C02__seed721203__it0000700,CB1_CAUR_S_CF3_RI2_TI2_R12_C02,NEW_ALNS_EXPANSION,S,CF3,80-100%,0.8502699738411816,ts_7bf44a4813b1ecad4a52,RELATED_VARIANT,ts_ae5aba295e56205f4435,LOCAL_PERTURBATION,12,0.03298701298701299,0.05740259740259739,0.045701444149017334,0.014805194805194793,False,False,False,0.48221343873517786,,,,,,False,506,253,22,231,36.3413045005405,185.42649422926547,0.16387097093756817,0.26031722267559015,0.5059567639470219,0.6641495797806996,0.09038961038961038,False,0.02190852625635234,0.06285714285714286,0.0
CB1_CAUR_S_CF3_RI2_TI2_R12_C02__seed721203__it0000780,CB1_CAUR_S_CF3_RI2_TI2_R12_C02,NEW_ALNS_EXPANSION,S,CF3,80-100%,0.9497196026029072,ts_4663c35df27f2d2c327c,STRUCTURED_NEAR_NEIGHBOR,ts_bc403e0e456e0545dbea,LOCAL_PERTURBATION,11,0.028586278586278588,0.018970893970893972,0.017918765544891357,0.0038981288981288983,False,False,False,0.5976095617529881,,,,,,False,506,251,22,229,13.870002878739644,118.00089783652552,0.10517864671818437,0.1214431703693431,0.29337695942201136,0.4853458842664305,0.08445945945945946,True,0.011118141552924163,0.05353430353430354,0.043478260869565216
CB1_CAUR_S_CF3_RI2_TI2_R12_C02__seed721204__it0000039,CB1_CAUR_S_CF3_RI2_TI2_R12_C02,NEW_ALNS_EXPANSION,S,CF3,0-20%,0.05030910380966296,ts_0179681d07468b23b99f,STRUCTURED_NEAR_NEIGHBOR,ts_8fc073bc4ccd12b1f132,LOCAL_PERTURBATION,7,0.009134406263592866,0.019791213571117877,0.07677555084228516,0.008699434536755112,False,False,False,0.5436507936507936,,,,,,False,506,252,22,230,25.756701421751735,185.6011636747993,0.12186299009968588,0.23021789027621842,0.4606216306994638,0.6266943087249958,0.07981731187472814,True,0.01768254628666528,0.07133536320139192,0.2608695652173913
CB1_CAUR_S_CF3_RI2_TI2_R12_C02__seed721204__it0000144,CB1_CAUR_S_CF3_RI2_TI2_R12_C02,NEW_ALNS_EXPANSION,S,CF3,0-20%,0.18019145111126514,ts_1640f3ef4ea1292085da,RELATED_VARIANT,ts_2f6ea97a6503e5bb468c,RELATED_VARIANT,20,-0.015450067174205105,0.05530676220331393,0.3600587844848633,0.023958799820868786,False,False,False,0.3527272727272727,,,,,,False,552,275,23,252,104.93964242422952,430.5790483468852,0.19595887918145816,0.2398794543212743,0.4128158736878195,0.5973568458629807,0.11061352440662786,True,0.060885953127332436,0.1536050156739812,0.5
CB1_CAUR_S_CF3_RI2_TI2_R12_C02__seed721204__it0000260,CB1_CAUR_S_CF3_RI2_TI2_R12_C02,NEW_ALNS_EXPANSION,S,CF3,20-40%,0.3181966966348848,ts_71726b83d68fd91cdfbc,STRUCTURED_NEAR_NEIGHBOR,ts_756f45c624412c88fd8c,RELATED_VARIANT,11,-0.030123131046613898,0.08619173262972735,0.008442223072052002,0.04463500439753738,False,False,False,0.5398550724637681,,,,,,False,552,276,23,253,50.492044486781275,217.73387465804785,0.18824446439688772,0.4103096716890341,0.5766633039167723,0.7005188604010546,0.13896218117854003,False,0.07065376722368806,0.14731750219876869,0.3333333333333333
CB1_CAUR_S_CF3_RI2_TI2_R12_C02__seed721204__it0000369,CB1_CAUR_S_CF3_RI2_TI2_R12_C02,NEW_ALNS_EXPANSION,S,CF3,40-60%,0.4498020930794097,ts_bb1cc57b87a61f3f63ac,RELATED_VARIANT,ts_730f45b330c0053ed63d,RELATED_VARIANT,3,0.03187149413564508,0.07088220295767467,0.5551124215126038,0.02651708312085671,False,False,False,0.5753968253968254,,,,,,False,506,252,22,230,35.82139691475531,373.4312912319343,0.08752880054856413,0.24488971062643544,0.47083397914066705,0.6914323401740228,0.14431412544620092,True,0.01301465534443385,0.05150433452320245,0.13043478260869565
CB1_CAUR_S_CF3_RI2_TI2_R12_C02__seed721204__it0000477,CB1_CAUR_S_CF3_RI2_TI2_R12_C02,NEW_ALNS_EXPANSION,S,CF3,40-60%,0.5796120708571777,ts_a8de4467a1035c3da4b0,STRUCTURED_NEAR_NEIGHBOR,ts_f83b7fd5329b9256386c,MATCHED_RANDOM,3,-0.05635245901639344,0.06711065573770492,0.026631176471710205,0.0017930327868852462,False,False,False,0.6666666666666666,,,,,,False,462,231,21,210,18.4423092198665,202.18112314774123,0.08359179721733959,0.14251789639692156,0.371570609219971,0.5539204179468067,0.10578893442622953,True,0.011223919523099849,0.04047131147540983,0.045454545454545456
CB1_CAUR_S_CF3_RI2_TI2_R12_C02__seed721204__it0000597,CB1_CAUR_S_CF3_RI2_TI2_R12_C02,NEW_ALNS_EXPANSION,S,CF3,60-80%,0.720172536571414,ts_c5e1af583ec52bc5c821,ORIGINAL_OPERATOR,ts_489dc874a99e59a80f1c,STRUCTURED_NEAR_NEIGHBOR,20,0.02535496957403651,0.05273833671399595,0.0410197377204895,0.016987829614604474,False,False,False,0.5904761904761905,,,,,,False,420,210,20,190,108.516927640405,143.18677574427412,0.4311296424373956,0.24725184381037946,0.4918133529027011,0.7028258274214816,0.10649087221095335,False,0.019221481696126728,0.07099391480730223,0.23809523809523808
CB1_CAUR_S_CF3_RI2_TI2_R12_C02__seed721204__it0000705,CB1_CAUR_S_CF3_RI2_TI2_R12_C02,NEW_ALNS_EXPANSION,S,CF3,80-100%,0.850089553206335,ts_53d539d7cb45f2f36293,ORIGINAL_OPERATOR,ts_53d539d7cb45f2f36293,ORIGINAL_OPERATOR,1,0.0,0.0,0.11817079782485962,0.0035496957403651115,True,True,True,0.8079710144927537,,,,,,False,552,276,23,253,12.967117584698396,158.32598073058182,0.0757013429743168,0.11792694411637705,0.308513402213237,0.5161581404131986,0.10877281947261663,False,0.01648073022312373,0.04259634888438133,0.0
CB1_CAUR_S_CF3_RI2_TI2_R12_C02__seed721204__it0000787,CB1_CAUR_S_CF3_RI2_TI2_R12_C02,NEW_ALNS_EXPANSION,S,CF3,80-100%,0.9496814274286393,ts_2608e09832c8f5490ff5,ORIGINAL_OPERATOR,ts_c1fd93cbcfde806af375,MATCHED_RANDOM,23,0.08862366683595733,0.0154900964956831,0.07700634002685547,0.009141696292534293,False,False,False,0.6423357664233577,,,,,,False,552,274,23,251,81.37632816008333,168.57781802243218,0.325565026237503,0.1788994334518235,0.4213159335174223,0.6367606031093014,0.12315896394108686,False,0.016082613847976976,0.06348400203148807,0.041666666666666664
CB1_CAUR_S_CF3_RI2_TI2_R12__seed691201__it0000014,CB1_CAUR_S_CF3_RI2_TI2_R12,ORIGINAL_PHASE6J_CAUR,S,CF3,0-20%,0.04983976852438855,ts_1c416a2cbaff35611257,ORIGINAL_OPERATOR,ts_363910880a381e31abb6,STRUCTURED_NEAR_NEIGHBOR,21,0.0022233201581027665,0.01408102766798419,0.033909618854522705,0.01284584980237154,False,False,False,0.5217391304347826,ts_631b24a002ccfffbcb35,0.0,0.016304347826086956,0.5543478260869565,0.0022233201581027665,False,552,276,23,253,82.17999858806425,306.2608011567471,0.21156376632437404,0.15226977143605064,0.33837266449156456,0.5803907430101581,0.09214426877470357,True,0.02254199604743083,0.06225296442687747,0.20833333333333334
CB1_CAUR_S_CF3_RI2_TI2_R12__seed691201__it0000054,CB1_CAUR_S_CF3_RI2_TI2_R12,ORIGINAL_PHASE6J_CAUR,S,CF3,0-20%,0.1810234732454505,ts_0fc17c560f0714c9a15f,ORIGINAL_OPERATOR,ts_497736ca7579fa38ab4e,ORIGINAL_OPERATOR,23,0.018721461187214614,0.03424657534246575,0.03498411178588867,0.004109589041095887,False,False,False,0.44664031620553357,ts_497736ca7579fa38ab4e,0.018721461187214614,0.03424657534246575,0.4624505928853755,0.0,False,506,253,22,231,203.88714219484305,149.40520537522588,0.5771060245068169,0.22812014357900715,0.48926273562311934,0.6714943160601939,0.08310502283105023,True,0.024875918205280925,0.05799086757990868,0.4782608695652174
CB1_CAUR_S_CF3_RI2_TI2_R12__seed691201__it0000096,CB1_CAUR_S_CF3_RI2_TI2_R12,ORIGINAL_PHASE6J_CAUR,S,CF3,20-40%,0.31967518275382273,ts_576d3713a97fe91ca82e,STRUCTURED_NEAR_NEIGHBOR,ts_a83b1df4cebe54dfae13,ORIGINAL_OPERATOR,2,0.012516469038208168,0.03491436100131752,0.03403353691101074,0.0,False,False,False,0.44782608695652176,ts_a77e362de8c2833fdc5c,0.0017566974088713229,0.04567413263065437,0.5260869565217391,0.010759771629336844,False,462,230,20,210,15.749614894208937,264.40519677383094,0.056217542009847465,0.18792128657366164,0.5195636612676964,0.6757784088347762,0.07553798858146685,False,0.009881422924901186,0.04699165568730786,0.22727272727272727
CB1_CAUR_S_CF3_RI2_TI2_R12__seed691201__it0000136,CB1_CAUR_S_CF3_RI2_TI2_R12,ORIGINAL_PHASE6J_CAUR,S,CF3,40-60%,0.44933508747528295,ts_e010e98d0bfa9e0a4c29,STRUCTURED_NEAR_NEIGHBOR,ts_896fa932664e087dca3c,ORIGINAL_OPERATOR,6,0.0,0.06117146905999055,0.03661477565765381,0.00991969768540387,False,False,False,0.6086956521739131,ts_2485ef8fb4072b5fdb93,0.015824279641001415,0.04534718941898914,0.5533596837944664,-0.015824279641001415,True,506,253,22,231,25.371278020439664,264.94632469691874,0.08739145605697261,0.22765457685486665,0.4892238848402872,0.6584799700473317,0.09116674539442607,True,0.016532829475673118,0.07132735002361833,0.21739130434782608
CB1_CAUR_S_CF3_RI2_TI2_R12__seed691201__it0000174,CB1_CAUR_S_CF3_RI2_TI2_R12,ORIGINAL_PHASE6J_CAUR,S,CF3,40-60%,0.5777705116063876,ts_a44961dd21382978f9fe,ORIGINAL_OPERATOR,ts_710273dcd0889ad60a0b,RELATED_VARIANT,16,0.0926670015067805,0.01180311401305878,0.054212331771850586,0.01180311401305878,False,False,False,0.541501976284585,ts_0d8cfba27c9de8d170f6,0.07584128578603716,0.028628829733802125,0.7193675889328063,0.016825715720743345,False,506,253,22,231,40.61834634522944,291.7583874328236,0.12220574491941615,0.17242527788536038,0.39409457149980565,0.6179112239419373,0.11024610748367655,True,0.033302033061821674,0.09794073329984931,0.08695652173913043
CB1_CAUR_S_CF3_RI2_TI2_R12__seed691201__it0000216,CB1_CAUR_S_CF3_RI2_TI2_R12,ORIGINAL_PHASE6J_CAUR,S,CF3,60-80%,0.7206726721306637,ts_7444a1b757d92651aee5,ORIGINAL_OPERATOR,ts_495e0de4ccedfe82f433,RELATED_VARIANT,17,0.07823470411233702,0.03335005015045135,0.14131969213485718,0.031845536609829486,False,False,False,0.6640316205533597,ts_d5b6ffc1d0483a3e5766,0.04914744232698094,0.06243731193580743,0.6521739130434783,0.029087261785356075,False,506,253,22,231,51.12011899952894,156.39169108387867,0.24634799811625976,0.2981219406659207,0.47431077082186,0.6375490524293199,0.119358074222668,True,0.04149404735946972,0.08625877632898696,0.17391304347826086
CB1_CAUR_S_CF3_RI2_TI2_R12__seed691201__it0000253,CB1_CAUR_S_CF3_RI2_TI2_R12,ORIGINAL_PHASE6J_CAUR,S,CF3,80-100%,0.8485658187533683,ts_061e6f7349a7ca877ee9,STRUCTURED_NEAR_NEIGHBOR,ts_061e6f7349a7ca877ee9,STRUCTURED_NEAR_NEIGHBOR,1,0.03515625,0.0,0.023455381393432617,0.005615234375,True,True,True,0.5677655677655677,ts_061e6f7349a7ca877ee9,0.03515625,0.0,0.608058608058608,0.0,False,552,273,23,250,18.33293230278527,189.2187191309232,0.08832949377249724,0.1651041508269934,0.4015607331641312,0.6129209953963705,0.076171875,True,0.027079264322916668,0.08642578125,0.3333333333333333
CB1_CAUR_S_CF3_RI2_TI2_R12__seed691201__it0000284,CB1_CAUR_S_CF3_RI2_TI2_R12,ORIGINAL_PHASE6J_CAUR,S,CF3,80-100%,0.9508507257703401,ts_c38efa1f85befec8a5ff,STRUCTURED_NEAR_NEIGHBOR,ts_50d2cf6c244477f74f50,RELATED_VARIANT,12,0.04725759059745348,0.03599412340842312,0.012100517749786377,0.0026934378060724795,False,False,False,0.525691699604743,ts_32343b944ac2ad85cb99,0.05852105778648384,0.024730656219392758,0.5098814229249012,-0.01126346718903036,True,506,253,22,231,23.243165616348158,180.23649823486357,0.11422844512532719,0.17792828708597302,0.41579720879197146,0.6249223174272965,0.0832517140058766,True,0.03298130562534599,0.09843290891283056,0.08695652173913043
CB1_CAUR_S_CF3_RI2_TI2_R12__seed691202__it0000014,CB1_CAUR_S_CF3_RI2_TI2_R12,ORIGINAL_PHASE6J_CAUR,S,CF3,0-20%,0.04742104308221672,ts_285ba04ca48c018fa09c,STRUCTURED_NEAR_NEIGHBOR,ts_79d52c8c1e5779b06268,ORIGINAL_OPERATOR,18,0.006446991404011462,0.0336676217765043,0.10113143920898438,0.007640878701050624,False,False,False,0.5652173913043478,ts_79d52c8c1e5779b06268,0.006446991404011462,0.0336676217765043,0.6324110671936759,0.0,False,506,253,22,231,31.314839469933247,145.238518991716,0.17736756605927392,0.18148515120006076,0.4146878178676095,0.5938770652062637,0.09049665711556829,True,0.02981603753996927,0.08022922636103152,0.43478260869565216
CB1_CAUR_S_CF3_RI2_TI2_R12__seed691202__it0000054,CB1_CAUR_S_CF3_RI2_TI2_R12,ORIGINAL_PHASE6J_CAUR,S,CF3,0-20%,0.17999606301672147,ts_2488823d10e66d4159c0,STRUCTURED_NEAR_NEIGHBOR,ts_65f5600d5dbe11f544d5,RELATED_VARIANT,13,-0.008551307847082495,0.07092555331991952,0.17366623878479004,0.01408450704225353,False,False,False,0.5563636363636364,ts_5baf557fdd3b93e1ab61,0.03621730382293763,0.0261569416498994,0.610909090909091,-0.04476861167002012,False,552,275,23,252,31.402721831814485,192.6779464239152,0.1401402542943886,0.20430656191609983,0.38540606962668883,0.5761083855430069,0.0955734406438632,True,0.03078890006706908,0.09205231388329979,0.375
CB1_CAUR_S_CF3_RI2_TI2_R12__seed691202__it0000097,CB1_CAUR_S_CF3_RI2_TI2_R12,ORIGINAL_PHASE6J_CAUR,S,CF3,20-40%,0.3212930822294572,ts_04e3c26e50ca884b7907,LOCAL_PERTURBATION,ts_743d5b4aba834d7f2df9,ORIGINAL_OPERATOR,19,0.0,0.02717391304347826,0.1502133011817932,0.0018903591682419667,False,False,False,0.5818181818181818,ts_dd84738ecf409b81ca0a,0.007561436672967863,0.019612476370510397,0.5781818181818181,-0.007561436672967863,True,552,275,23,252,41.8283011098977,179.5883938790734,0.18891213741574997,0.15167474269383904,0.43156892217186393,0.6216139323810084,0.09073724007561436,True,0.028867359798361688,0.08270321361058601,0.2916666666666667
CB1_CAUR_S_CF3_RI2_TI2_R12__seed691202__it0000137,CB1_CAUR_S_CF3_RI2_TI2_R12,ORIGINAL_PHASE6J_CAUR,S,CF3,40-60%,0.45122501881961086,ts_fc6d1a3f5f2d36c072b0,STRUCTURED_NEAR_NEIGHBOR,ts_f9a4537c2f76ca79c1f5,LOCAL_PERTURBATION,14,-0.01671511627906977,0.04796511627906977,0.02121192216873169,0.008236434108527133,False,False,False,0.49130434782608695,ts_016b520d79d885a6951c,-0.02567829457364341,0.056928294573643415,0.49130434782608695,0.008963178294573642,False,462,230,21,209,29.142123553531178,151.74978214680365,0.16110241882137039,0.25368437322206705,0.508591816794003,0.6839925941011051,0.07122093023255813,True,0.03446529245947851,0.11773255813953488,0.2727272727272727
CB1_CAUR_S_CF3_RI2_TI2_R12__seed691202__it0000175,CB1_CAUR_S_CF3_RI2_TI2_R12,ORIGINAL_PHASE6J_CAUR,S,CF3,40-60%,0.5798742901638807,ts_0804a74866a6b0d1dc7e,ORIGINAL_OPERATOR,ts_5935947659a06f849aeb,RELATED_VARIANT,4,-0.06521739130434782,0.08207132388861749,0.011775016784667969,0.0004885197850512946,False,False,False,0.5181159420289855,ts_b4ab0db5691a6fefc115,-0.008304836345872008,0.02515876893014167,0.6231884057971014,-0.05691255495847582,False,552,276,23,253,19.389387432376214,222.36500027373353,0.08020283568109235,0.13494029798406018,0.3561847955873294,0.5417407636084784,0.08915486077186126,True,0.006513597134017261,0.03761602344894968,0.08333333333333333
CB1_CAUR_S_CF3_RI2_TI2_R12__seed691202__it0000218,CB1_CAUR_S_CF3_RI2_TI2_R12,ORIGINAL_PHASE6J_CAUR,S,CF3,60-80%,0.7189353179677054,ts_d8960b34489c1f35b237,RELATED_VARIANT,ts_4aa82207a9ce95a3f9f1,RELATED_VARIANT,2,0.028895768833849332,0.029411764705882353,0.15509861707687378,0.017801857585139323,False,False,False,0.4743083003952569,ts_d8960b34489c1f35b237,0.058307533539731685,0.0,0.5375494071146245,-0.029411764705882353,False,506,253,22,231,19.669983941353447,283.6865006979925,0.06484115203516637,0.21288537417430503,0.4259799489188857,0.634451445789931,0.10758513931888546,True,0.018014986314892092,0.03560371517027864,0.21739130434782608
CB1_CAUR_S_CF3_RI2_TI2_R12__seed691202__it0000258,CB1_CAUR_S_CF3_RI2_TI2_R12,ORIGINAL_PHASE6J_CAUR,S,CF3,80-100%,0.8502277077383698,ts_b573d67ad90a852233d0,STRUCTURED_NEAR_NEIGHBOR,ts_6730b5cb1a51c2126946,LOCAL_PERTURBATION,14,0.0010131712259371835,0.0364741641337386,0.19811421632766724,0.013931104356636272,False,False,False,0.6507936507936508,ts_0ed0b937f9634a87c9ce,0.004812563323201621,0.03267477203647416,0.5079365079365079,-0.0037993920972644373,True,506,252,22,230,30.237716429642745,161.41008361325163,0.15777752952486268,0.2059049752731837,0.40495098310837685,0.5793101468398199,0.10182370820668693,True,0.012862869477115544,0.08308004052684903,0.17391304347826086
CB1_CAUR_S_CF3_RI2_TI2_R12__seed691202__it0000289,CB1_CAUR_S_CF3_RI2_TI2_R12,ORIGINAL_PHASE6J_CAUR,S,CF3,80-100%,0.951139359212992,ts_5f52597a1847095ce924,MATCHED_RANDOM,ts_0060c875b34f34f8de56,LOCAL_PERTURBATION,18,0.005065856129685917,0.07117527862208713,0.05562436580657959,0.0007598784194528807,False,False,False,0.5396825396825397,ts_5f52597a1847095ce924,0.07624113475177305,0.0,0.5674603174603174,-0.07117527862208713,False,506,252,22,230,57.07112403284064,203.52325447602414,0.219003665234088,0.21961959521319593,0.5092033553333943,0.6522761165866,0.1279128672745694,True,0.014801110083256243,0.05217831813576494,0.21739130434782608
CB1_CAUR_S_CF3_RI2_TI2_R12__seed721201__it0000037,CB1_CAUR_S_CF3_RI2_TI2_R12,NEW_ALNS_EXPANSION,S,CF3,0-20%,0.049704400459438046,ts_426a318753ea2ee90050,LOCAL_PERTURBATION,ts_1b08c09ce466086ba396,RELATED_VARIANT,2,0.009652509652509654,0.007507507507507505,0.1093788743019104,0.006220506220506218,False,False,True,0.7137681159420289,,,,,,False,552,276,23,253,17.325957264668293,187.4273409811542,0.08461869680783903,0.13819940603853995,0.3484595426376347,0.5682264325315876,0.10060060060060061,True,0.04597454597454598,0.08923208923208924,0.4166666666666667
CB1_CAUR_S_CF3_RI2_TI2_R12__seed721201__it0000149,CB1_CAUR_S_CF3_RI2_TI2_R12,NEW_ALNS_EXPANSION,S,CF3,0-20%,0.1805204925905974,ts_71edff1534ad8141eca4,MATCHED_RANDOM,ts_82623e2433b342a974f3,MATCHED_RANDOM,2,-0.025049603174603176,0.04389880952380952,0.05437970161437988,0.0,False,False,False,0.632,,,,,,False,506,250,21,229,7.075932855091268,132.09015042559386,0.05084523964664411,0.14456846472699128,0.42112995951672394,0.6884773433512272,0.05257936507936507,True,0.015614216701173222,0.08432539682539683,0.13043478260869565
CB1_CAUR_S_CF3_RI2_TI2_R12__seed721201__it0000265,CB1_CAUR_S_CF3_RI2_TI2_R12,NEW_ALNS_EXPANSION,S,CF3,20-40%,0.32039486472141837,ts_d15911bf6e424fb50329,STRUCTURED_NEAR_NEIGHBOR,ts_6617432c55aefb76fbda,STRUCTURED_NEAR_NEIGHBOR,5,-0.023593466424682397,0.055807622504537205,0.048338234424591064,0.010208711433756807,False,False,False,0.6363636363636364,,,,,,False,506,253,22,231,24.87035298578337,131.5843375580524,0.15896201577168537,0.1987336209549903,0.4233340313956885,0.611602332770437,0.10117967332123412,True,0.023396196638522847,0.058076225045372055,0.34782608695652173
CB1_CAUR_S_CF3_RI2_TI2_R12__seed721201__it0000375,CB1_CAUR_S_CF3_RI2_TI2_R12,NEW_ALNS_EXPANSION,S,CF3,40-60%,0.4504014448526117,ts_fdd82e0f7c563e83d609,ORIGINAL_OPERATOR,ts_25d908fba733d3e328d0,MATCHED_RANDOM,21,-0.02344546381243629,0.03185524974515801,0.047451794147491455,0.004841997961264015,False,False,False,0.5502008032128514,,,,,,False,506,249,22,227,40.85452460252625,200.16560492829637,0.1695066909226833,0.12391482282104603,0.3262832399825458,0.5484496870446323,0.07849133537206932,True,0.01336258476266454,0.034658511722731905,0.17391304347826086
CB1_CAUR_S_CF3_RI2_TI2_R12__seed721201__it0000485,CB1_CAUR_S_CF3_RI2_TI2_R12,NEW_ALNS_EXPANSION,S,CF3,40-60%,0.579517818951109,ts_53e465411ab7f5f1f7e7,MATCHED_RANDOM,ts_46504ec3ec332cbc9743,STRUCTURED_NEAR_NEIGHBOR,6,-0.04001019367991845,0.07543323139653414,0.13493508100509644,0.0219164118246687,False,False,False,0.5021645021645021,,,,,,False,462,231,21,210,27.043360356277567,177.07664396461232,0.13248755528029313,0.2547646208470641,0.4353410578317311,0.63380948469634,0.09964322120285424,False,0.02854230377166157,0.0891946992864424,0.3181818181818182
CB1_CAUR_S_CF3_RI2_TI2_R12__seed721201__it0000601,CB1_CAUR_S_CF3_RI2_TI2_R12,NEW_ALNS_EXPANSION,S,CF3,60-80%,0.7201687562623879,ts_2cd010638e12ab90d002,RELATED_VARIANT,ts_5701877a043e260bb16f,RELATED_VARIANT,21,0.022641509433962266,0.023989218328840968,0.15636348724365234,0.008625336927223719,False,False,False,0.5869565217391305,,,,,,False,552,276,23,253,94.75999944964907,367.97169593041133,0.20478389614486817,0.16575791729510939,0.4156982630768728,0.6387360065507388,0.11886792452830189,False,0.030615453728661274,0.10404312668463611,0.2916666666666667
CB1_CAUR_S_CF3_RI2_TI2_R12__seed721201__it0000708,CB1_CAUR_S_CF3_RI2_TI2_R12,NEW_ALNS_EXPANSION,S,CF3,80-100%,0.849583836328181,ts_62384155d0e6cdc44ef5,ORIGINAL_OPERATOR,ts_1d1f14f8ae3ea6d39463,RELATED_VARIANT,22,-0.06382400869092884,0.10103204780010863,0.258165180683136,0.0029875067897881594,False,False,False,0.5362318840579711,,,,,,False,552,276,23,253,77.93434642242241,301.8214979250644,0.20522224366640787,0.12274647612546818,0.33820375474403186,0.5880678113372809,0.10103204780010863,True,0.01679340937896071,0.06409560021727322,0.08333333333333333
CB1_CAUR_S_CF3_RI2_TI2_R12__seed721201__it0000790,CB1_CAUR_S_CF3_RI2_TI2_R12,NEW_ALNS_EXPANSION,S,CF3,80-100%,0.9496352455739054,ts_c2807de3539e56c04b81,RELATED_VARIANT,ts_e5874c077e15bc947eae,ORIGINAL_OPERATOR,11,0.0,0.0397170837867247,0.03395438194274902,0.0038084874863982543,False,False,False,0.47985347985347987,,,,,,False,552,273,23,250,28.122820565070345,238.43032572508486,0.10550549095547863,0.16269530456371106,0.4278124095941981,0.6166514354041985,0.08351468988030468,True,0.012762966993108452,0.05821545157780196,0.20833333333333334
CB1_CAUR_S_CF3_RI2_TI2_R12__seed721202__it0000038,CB1_CAUR_S_CF3_RI2_TI2_R12,NEW_ALNS_EXPANSION,S,CF3,0-20%,0.04942406642586603,ts_bed87e61790e1603397d,ORIGINAL_OPERATOR,ts_dfc3cdbb2591d5de7414,STRUCTURED_NEAR_NEIGHBOR,14,0.022570244127130355,0.02994011976047904,0.10476496815681458,0.005527406725011515,False,False,False,0.5873015873015873,,,,,,False,506,252,22,230,21.76725405378745,132.72220122108604,0.14089799213194404,0.18360809509273582,0.41335459501436556,0.6100300282280401,0.07070474435743897,True,0.010854545090421166,0.036849378166743434,0.17391304347826086
CB1_CAUR_S_CF3_RI2_TI2_R12__seed721202__it0000146,CB1_CAUR_S_CF3_RI2_TI2_R12,NEW_ALNS_EXPANSION,S,CF3,0-20%,0.18023418668814034,ts_fb23e0a936bb5d062974,STRUCTURED_NEAR_NEIGHBOR,ts_cb67eeba85d13e3de475,RELATED_VARIANT,17,0.02539608574091333,0.02073625349487418,0.03451395034790039,0.013280521901211553,False,False,False,0.6126482213438735,,,,,,False,506,253,22,231,33.69860392020898,220.08043795760932,0.13278718238850137,0.21116341844859499,0.41059395815645827,0.6324139630686985,0.07315936626281454,True,0.02157704931318125,0.07921714818266541,0.30434782608695654
CB1_CAUR_S_CF3_RI2_TI2_R12__seed721202__it0000262,CB1_CAUR_S_CF3_RI2_TI2_R12,NEW_ALNS_EXPANSION,S,CF3,20-40%,0.3202847038685787,ts_7b4d3379d6a95ea4b235,RELATED_VARIANT,ts_2102b124a28a8e657ba2,ORIGINAL_OPERATOR,12,0.017813567593948268,0.0026842362127867253,0.585709810256958,0.0026842362127867253,False,True,True,0.5324675324675324,,,,,,False,462,231,21,210,30.474606587078675,223.91853025514072,0.1197933519958903,0.14902619229780445,0.394725945559658,0.6379338632833985,0.10736944851146901,True,0.0477172900306136,0.14494875549048317,0.3181818181818182
CB1_CAUR_S_CF3_RI2_TI2_R12__seed721202__it0000371,CB1_CAUR_S_CF3_RI2_TI2_R12,NEW_ALNS_EXPANSION,S,CF3,40-60%,0.4501688056391641,ts_0b3893e566edb28159cd,LOCAL_PERTURBATION,ts_8ad78bb0d5b0bb39cc1f,ORIGINAL_OPERATOR,10,-0.004073319755600815,0.04531568228105907,0.3299260139465332,0.007637474541751531,False,False,False,0.6630434782608695,,,,,,False,552,276,23,253,33.47488469881255,218.35412728146736,0.13292703821366653,0.14783609774066075,0.379763127696344,0.5933904770374389,0.1120162932790224,True,0.01911490156143924,0.07535641547861507,0.16666666666666666
CB1_CAUR_S_CF3_RI2_TI2_R12__seed721202__it0000478,CB1_CAUR_S_CF3_RI2_TI2_R12,NEW_ALNS_EXPANSION,S,CF3,40-60%,0.5804589676062889,ts_8ac713a7a3b01e4086ea,STRUCTURED_NEAR_NEIGHBOR,ts_8ac713a7a3b01e4086ea,STRUCTURED_NEAR_NEIGHBOR,1,0.01918158567774936,0.0,0.07173395156860352,0.012531969309462916,True,True,True,0.6693227091633466,,,,,,False,506,251,22,229,19.93916495610872,188.90990107883584,0.09547165009956281,0.15234413340549915,0.33436366376614374,0.5736062443993629,0.10511508951406649,True,0.008873568330924052,0.08030690537084399,0.08695652173913043
CB1_CAUR_S_CF3_RI2_TI2_R12__seed721202__it0000596,CB1_CAUR_S_CF3_RI2_TI2_R12,NEW_ALNS_EXPANSION,S,CF3,60-80%,0.7198912772458794,ts_b9e4e0fdfb5706af02d1,RELATED_VARIANT,ts_04b4b9e4a5f7fb4f9760,ORIGINAL_OPERATOR,3,0.07783975659229209,0.0334685598377282,0.4352450966835022,0.013691683569979712,False,False,False,0.6944444444444444,,,,,,False,506,252,22,230,32.02631745700003,215.77808732423048,0.1292403074322826,0.23990675207390416,0.47054368619694636,0.6390762763558784,0.11916835699797161,False,0.019357968074786135,0.07707910750507099,0.043478260869565216
CB1_CAUR_S_CF3_RI2_TI2_R12__seed721202__it0000704,CB1_CAUR_S_CF3_RI2_TI2_R12,NEW_ALNS_EXPANSION,S,CF3,80-100%,0.8498929153438887,ts_9842793f94c85ddb6f9e,RELATED_VARIANT,ts_91c8fbb106ba19aaa0d8,RELATED_VARIANT,2,0.013054830287206267,0.09138381201044386,0.11176645755767822,0.04490861618798955,False,False,False,0.5905797101449275,,,,,,False,552,276,23,253,32.22452717615642,214.32045186154394,0.13070445523544333,0.4662141385684984,0.6329832134222133,0.7462110203295265,0.14412532637075717,False,0.032354221061792865,0.10913838120104438,0.4583333333333333
CB1_CAUR_S_CF3_RI2_TI2_R12__seed721202__it0000787,CB1_CAUR_S_CF3_RI2_TI2_R12,NEW_ALNS_EXPANSION,S,CF3,80-100%,0.9505129735081908,ts_0fe6d13eeca72faf9876,ORIGINAL_OPERATOR,ts_6f2539df744f748b3705,RELATED_VARIANT,3,0.02793733681462141,0.03368146214099217,0.026117026805877686,0.024020887728459533,False,False,False,0.6836363636363636,,,,,,False,552,275,23,252,31.026596663900353,204.2412943571876,0.1318777353307397,0.2658601162914974,0.4600712679904457,0.6591382729584424,0.10835509138381201,False,0.010509138381201044,0.04073107049608355,0.125
CB1_CAUR_S_CF3_RI2_TI2_R12__seed721203__it0000039,CB1_CAUR_S_CF3_RI2_TI2_R12,NEW_ALNS_EXPANSION,S,CF3,0-20%,0.04985114596698235,ts_cdbf099cc29b785d771a,LOCAL_PERTURBATION,ts_77a3b62eab837c59ba86,ORIGINAL_OPERATOR,8,0.0,0.07031963470319635,0.1481042504310608,0.005479452054794526,False,False,False,0.6363636363636364,,,,,,False,552,275,23,252,29.779820885562547,175.98057284633907,0.14473057883221482,0.18124635521405996,0.40771498481980084,0.5848975433361698,0.1182648401826484,True,0.041571537290715374,0.11689497716894978,0.375
CB1_CAUR_S_CF3_RI2_TI2_R12__seed721203__it0000149,CB1_CAUR_S_CF3_RI2_TI2_R12,NEW_ALNS_EXPANSION,S,CF3,0-20%,0.17989657947518786,ts_7d334b64099ff5993152,MATCHED_RANDOM,ts_25d692b4992edd1fe9aa,RELATED_VARIANT,5,0.0,0.10272727272727272,0.42366182804107666,0.036818181818181805,False,False,False,0.6386861313868614,,,,,,False,552,274,23,251,39.04183082320988,188.4153785554608,0.17164472794622682,0.382443191810234,0.5541116151672576,0.7258345606785933,0.10363636363636364,False,0.012007575757575759,0.03409090909090909,0.25
CB1_CAUR_S_CF3_RI2_TI2_R12__seed721203__it0000263,CB1_CAUR_S_CF3_RI2_TI2_R12,NEW_ALNS_EXPANSION,S,CF3,20-40%,0.31954394904925243,ts_51b7ac4e2e4d63cf2e64,LOCAL_PERTURBATION,ts_51b7ac4e2e4d63cf2e64,LOCAL_PERTURBATION,1,0.027347781217750257,0.0,0.013225674629211426,0.024767801857585137,True,True,True,0.6284584980237155,,,,,,False,506,253,22,231,21.29752794540953,157.30091835745867,0.11924811433853721,0.2755000969895624,0.4648391316320189,0.6579759031073967,0.10474716202270382,False,0.010521828868847309,0.055727554179566555,0.0
CB1_CAUR_S_CF3_RI2_TI2_R12__seed721203__it0000372,CB1_CAUR_S_CF3_RI2_TI2_R12,NEW_ALNS_EXPANSION,S,CF3,40-60%,0.45024550288532034,ts_64c6db70ba5cd551d092,RELATED_VARIANT,ts_64c6db70ba5cd551d092,RELATED_VARIANT,1,0.13188479029813038,0.0,0.13074737787246704,0.021728145528044474,True,True,True,0.43478260869565216,,,,,,False,552,276,23,253,35.68974486029437,363.2023543725782,0.08947217788702991,0.3906368308299804,0.6316382277409065,0.749717159510191,0.13188479029813038,False,0.057710122957722744,0.09297625063163215,0.25
CB1_CAUR_S_CF3_RI2_TI2_R12__seed721203__it0000481,CB1_CAUR_S_CF3_RI2_TI2_R12,NEW_ALNS_EXPANSION,S,CF3,40-60%,0.580218250360378,ts_7d9578bb9d86e1259cf4,STRUCTURED_NEAR_NEIGHBOR,ts_40510d012bc6cbf26b2a,STRUCTURED_NEAR_NEIGHBOR,18,0.01744765702891326,0.012711864406779662,0.1765226125717163,0.012711864406779662,False,False,False,0.6072727272727273,,,,,,False,552,275,23,252,28.127976759167918,149.16615282109336,0.1586514839817883,0.21323066582024772,0.4033949806425523,0.5813421148046951,0.07377866400797607,True,0.01345962113659023,0.03988035892323031,0.25
CB1_CAUR_S_CF3_RI2_TI2_R12__seed721203__it0000597,CB1_CAUR_S_CF3_RI2_TI2_R12,NEW_ALNS_EXPANSION,S,CF3,60-80%,0.7198846113441519,ts_cccbff7244c4a7d16aa9,LOCAL_PERTURBATION,ts_529eea646344bd69e68d,LOCAL_PERTURBATION,16,-0.05768249106687086,0.0638080653394589,0.2061389684677124,0.006125574272588051,False,False,False,0.5818181818181818,,,,,,False,552,275,23,252,35.97552407487142,187.67407681320392,0.16085664330282104,0.1768823744663978,0.39674777070760847,0.6076827205398879,0.08014293006636039,True,0.09871107708014294,0.14293006636038796,0.5833333333333334
CB1_CAUR_S_CF3_RI2_TI2_R12__seed721203__it0000707,CB1_CAUR_S_CF3_RI2_TI2_R12,NEW_ALNS_EXPANSION,S,CF3,80-100%,0.8500393523932931,ts_c9b787c22a2f797312b1,RELATED_VARIANT,ts_ace440b8535961f90181,MATCHED_RANDOM,19,-0.004794885455514118,0.06473095364944059,0.12755140662193298,0.0018646776771443774,False,False,False,0.4043478260869565,,,,,,False,462,230,21,209,42.199383162699434,184.22542909275984,0.18637260970802452,0.1613968766498035,0.43088844898709566,0.6705802405092218,0.06899307405434203,True,0.03666392211943625,0.09216835375599361,0.3181818181818182
CB1_CAUR_S_CF3_RI2_TI2_R12__seed721203__it0000790,CB1_CAUR_S_CF3_RI2_TI2_R12,NEW_ALNS_EXPANSION,S,CF3,80-100%,0.9505837022295397,ts_88c45a423c7f6b375af2,STRUCTURED_NEAR_NEIGHBOR,ts_579f74c00c697a6f6b7e,RELATED_VARIANT,11,-0.004931506849315068,0.03808219178082192,0.46514344215393066,0.0035616438356164404,False,False,False,0.5896414342629482,,,,,,False,506,251,22,229,29.359000339805675,294.3810078922328,0.09068696976977529,0.11640990663387803,0.32119092830044316,0.5478507204673505,0.13479452054794522,False,0.012197736748064323,0.07068493150684932,0.043478260869565216
CB1_CAUR_S_CF3_RI2_TI2_R12__seed721204__it0000038,CB1_CAUR_S_CF3_RI2_TI2_R12,NEW_ALNS_EXPANSION,S,CF3,0-20%,0.05040260439368392,ts_f78f227974fc07a5a935,RELATED_VARIANT,ts_3e54b6c72c218a6d5af6,STRUCTURED_NEAR_NEIGHBOR,8,0.02314390467461045,0.05843263061411549,0.14017271995544434,0.028872593950504122,False,False,False,0.5688405797101449,,,,,,False,552,276,23,253,40.146550235993864,314.50489252190687,0.11320001950027173,0.3206316433051529,0.5003373785302772,0.6831599520375583,0.10792850595783685,False,0.03897418270699663,0.08707607699358387,0.5
CB1_CAUR_S_CF3_RI2_TI2_R12__seed721204__it0000145,CB1_CAUR_S_CF3_RI2_TI2_R12,NEW_ALNS_EXPANSION,S,CF3,0-20%,0.1801144115409249,ts_3922ca4151c29ac75d7b,STRUCTURED_NEAR_NEIGHBOR,ts_a4cc8d46e13c4bd84e3d,STRUCTURED_NEAR_NEIGHBOR,9,0.011633317822242905,0.018845974872033502,0.240639328956604,0.018845974872033502,False,False,False,0.6836363636363636,,,,,,False,552,275,23,252,29.86731239848412,129.35800061576015,0.1875789209207722,0.24636217142255107,0.4285245052204212,0.6112984309717018,0.08701721731037693,False,0.017973476035365286,0.06002791996277339,0.25
CB1_CAUR_S_CF3_RI2_TI2_R12__seed721204__it0000263,CB1_CAUR_S_CF3_RI2_TI2_R12,NEW_ALNS_EXPANSION,S,CF3,20-40%,0.3203807649838158,ts_4588c3922c528df173e1,MATCHED_RANDOM,ts_4c5c3ff492ecc2639dc7,RELATED_VARIANT,5,-0.050416054821341164,0.08712677435144395,0.6275462508201599,0.006363191385217817,False,False,False,0.6290909090909091,,,,,,False,552,275,23,252,27.046798603410156,275.52984323590465,0.0893882569354892,0.14408305069419153,0.36485298023638546,0.5426225986135504,0.09593734703866863,True,0.015989557839778106,0.0631424375917768,0.25
CB1_CAUR_S_CF3_RI2_TI2_R12__seed721204__it0000373,CB1_CAUR_S_CF3_RI2_TI2_R12,NEW_ALNS_EXPANSION,S,CF3,40-60%,0.450277419934492,ts_29a0b7952d38da133536,LOCAL_PERTURBATION,ts_c313db17102a9e0e55ee,ORIGINAL_OPERATOR,4,-0.00692383778437191,0.06181998021760633,0.14664119482040405,0.017804154302670627,False,False,False,0.5980861244019139,,,,,,False,420,209,20,189,24.755240791229053,156.67521510333466,0.13644479185796285,0.22814814183341306,0.44940790395054236,0.654083529540543,0.11078140454995056,False,0.018345815081720125,0.0751730959446093,0.2857142857142857
CB1_CAUR_S_CF3_RI2_TI2_R12__seed721204__it0000485,CB1_CAUR_S_CF3_RI2_TI2_R12,NEW_ALNS_EXPANSION,S,CF3,40-60%,0.5798331066883994,ts_2663b719b5d88c116183,RELATED_VARIANT,ts_0006fc5f54a96602b12c,ORIGINAL_OPERATOR,5,0.07245301681503462,0.0059347181008902045,0.13645291328430176,0.0059347181008902045,False,False,True,0.610909090909091,,,,,,False,552,275,23,252,29.487961048334597,327.82319497072,0.08252740098258245,0.1848624363706166,0.4307224644274159,0.6065087260285881,0.11275964391691394,True,0.026665018133860862,0.109297725024728,0.375
CB1_CAUR_S_CF3_RI2_TI2_R12__seed721204__it0000606,CB1_CAUR_S_CF3_RI2_TI2_R12,NEW_ALNS_EXPANSION,S,CF3,60-80%,0.7203995768523768,ts_6a53e15c50f7718dfb5b,STRUCTURED_NEAR_NEIGHBOR,ts_d95f5030093c9246c102,RELATED_VARIANT,8,-0.006332320162107396,0.038500506585612965,0.10728728771209717,0.010638297872340424,False,False,False,0.44223107569721115,,,,,,False,506,251,22,229,28.161170221007744,369.9156645425421,0.07074305199832828,0.13405188831854428,0.3060676901178607,0.5021245733004704,0.12436676798378926,True,0.058962160257257375,0.11702127659574468,0.6521739130434783
CB1_CAUR_S_CF3_RI2_TI2_R12__seed721204__it0000715,CB1_CAUR_S_CF3_RI2_TI2_R12,NEW_ALNS_EXPANSION,S,CF3,80-100%,0.8495562671474753,ts_f803e85e6ee0edafe6f0,RELATED_VARIANT,ts_1241b6718bc7fc28bc5d,STRUCTURED_NEAR_NEIGHBOR,9,0.10005065856129686,0.005065856129685908,0.002763688564300537,0.005065856129685908,False,False,True,0.5119047619047619,,,,,,False,506,252,22,230,33.91893929171,374.14847415173836,0.08312092113772918,0.1709683309501603,0.4186428194799364,0.6362515004684283,0.12537993920972643,True,0.021518875820448435,0.11550151975683891,0.21739130434782608
CB1_CAUR_S_CF3_RI2_TI2_R12__seed721204__it0000802,CB1_CAUR_S_CF3_RI2_TI2_R12,NEW_ALNS_EXPANSION,S,CF3,80-100%,0.9505037246558236,ts_1dca7e5285c7260d8b4b,RELATED_VARIANT,ts_1c2aa84415385a04e2cf,LOCAL_PERTURBATION,2,-0.11073825503355705,0.1595250387196696,0.08694273233413696,0.006711409395973152,False,False,False,0.5021645021645021,,,,,,False,462,231,21,210,27.37307060394879,466.5219860153061,0.055422847904814665,0.1278925353667528,0.341397258203042,0.5780840974761131,0.1595250387196696,False,0.017435584549678508,0.08415074858027878,0.13636363636363635
