state_id,instance_id,mean_rank_spearman,top_arm_agreement,improvement_sign_agreement,mean_relative_improvement_variance
CB1_TRAIN_L_CF1_RI1_TI1_R01__it0000192,CB1_TRAIN_L_CF1_RI1_TI1_R01,0.5252747252747253,False,1.0,0.0002341503512531666
CB1_TRAIN_L_CF1_RI1_TI1_R01__it0000288,CB1_TRAIN_L_CF1_RI1_TI1_R01,0.4871794871794872,False,0.9285714285714286,0.0004323676297636763
CB1_TRAIN_L_CF1_RI1_TI1_R01__it0000378,CB1_TRAIN_L_CF1_RI1_TI1_R01,0.6014652014652014,False,0.6428571428571429,0.0002551749333462718
CB1_TRAIN_L_CF1_RI1_TI1_R01__it0000473,CB1_TRAIN_L_CF1_RI1_TI1_R01,0.8109890109890111,False,1.0,0.00014007511146806194
CB1_TRAIN_L_CF1_RI1_TI1_R01__it0000732,CB1_TRAIN_L_CF1_RI1_TI1_R01,0.7948717948717948,False,1.0,0.00018399850364999546
CB1_TRAIN_L_CF1_RI1_TI1_R01__it0001080,CB1_TRAIN_L_CF1_RI1_TI1_R01,0.6615384615384615,False,1.0,0.00023562904986729603
CB1_TRAIN_L_CF1_RI1_TI1_R01__it0001112,CB1_TRAIN_L_CF1_RI1_TI1_R01,0.8344322344322345,False,1.0,0.0002595633995809003
CB1_TRAIN_L_CF1_RI1_TI1_R01__it0001354,CB1_TRAIN_L_CF1_RI1_TI1_R01,0.6307692307692307,False,1.0,0.00026603888732589897
CB1_TRAIN_L_CF1_RI1_TI1_R01__it0001418,CB1_TRAIN_L_CF1_RI1_TI1_R01,0.6835164835164836,False,1.0,0.0003859665840261338
CB1_TRAIN_L_CF1_RI1_TI1_R01__it0001535,CB1_TRAIN_L_CF1_RI1_TI1_R01,0.8373626373626374,False,1.0,0.0003030297911340386
CB1_TRAIN_L_CF1_RI1_TI1_R01__it0001601,CB1_TRAIN_L_CF1_RI1_TI1_R01,0.6,False,1.0,0.0004674348745096546
CB1_TRAIN_L_CF1_RI1_TI2_R01__it0000129,CB1_TRAIN_L_CF1_RI1_TI2_R01,0.5677655677655677,True,0.7857142857142857,0.00026288098402163344
CB1_TRAIN_L_CF1_RI1_TI2_R01__it0000251,CB1_TRAIN_L_CF1_RI1_TI2_R01,0.4377289377289377,False,0.46153846153846156,0.0001514505004063876
CB1_TRAIN_L_CF1_RI1_TI2_R01__it0000283,CB1_TRAIN_L_CF1_RI1_TI2_R01,0.6117216117216118,False,0.6428571428571429,0.00016325770761694373
CB1_TRAIN_L_CF1_RI1_TI2_R01__it0000317,CB1_TRAIN_L_CF1_RI1_TI2_R01,0.5882783882783883,False,0.7857142857142857,0.0001742375211657562
CB1_TRAIN_L_CF1_RI1_TI2_R01__it0000318,CB1_TRAIN_L_CF1_RI1_TI2_R01,0.5838827838827839,False,1.0,0.00016097506263356137
CB1_TRAIN_L_CF1_RI1_TI2_R01__it0000474,CB1_TRAIN_L_CF1_RI1_TI2_R01,0.8051282051282053,True,0.8571428571428571,0.00015286710859396083
CB1_TRAIN_L_CF1_RI1_TI2_R01__it0000597,CB1_TRAIN_L_CF1_RI1_TI2_R01,0.7758241758241758,False,0.7142857142857143,0.00011818198492635168
CB1_TRAIN_L_CF1_RI1_TI2_R01__it0000610,CB1_TRAIN_L_CF1_RI1_TI2_R01,0.7040293040293041,False,0.6428571428571429,0.00020908919995944083
CB1_TRAIN_L_CF1_RI1_TI2_R01__it0000692,CB1_TRAIN_L_CF1_RI1_TI2_R01,0.8227106227106228,False,0.7857142857142857,0.00013257256096078563
CB1_TRAIN_L_CF1_RI1_TI2_R01__it0000859,CB1_TRAIN_L_CF1_RI1_TI2_R01,0.7816849816849816,False,1.0,0.00010240821852042982
CB1_TRAIN_L_CF1_RI1_TI2_R01__it0001073,CB1_TRAIN_L_CF1_RI1_TI2_R01,0.5106227106227107,False,1.0,0.00019811481643124907
CB1_TRAIN_L_CF1_RI1_TI2_R01__it0001113,CB1_TRAIN_L_CF1_RI1_TI2_R01,0.2395604395604396,False,1.0,0.00017365453303715202
CB1_TRAIN_L_CF1_RI1_TI2_R01__it0001159,CB1_TRAIN_L_CF1_RI1_TI2_R01,0.7084249084249085,False,1.0,0.00018616794562420456
CB1_TRAIN_L_CF1_RI1_TI2_R01__it0001208,CB1_TRAIN_L_CF1_RI1_TI2_R01,0.783150183150183,False,0.9285714285714286,9.278648572501631e-05
CB1_TRAIN_L_CF1_RI1_TI3_R01__it0000097,CB1_TRAIN_L_CF1_RI1_TI3_R01,0.6,True,0.7142857142857143,0.00011048170861040691
CB1_TRAIN_L_CF1_RI1_TI3_R01__it0000150,CB1_TRAIN_L_CF1_RI1_TI3_R01,0.8021978021978021,True,0.8571428571428571,0.00012584832466889037
CB1_TRAIN_L_CF1_RI1_TI3_R01__it0000153,CB1_TRAIN_L_CF1_RI1_TI3_R01,0.6527472527472528,False,0.6428571428571429,0.00013487637160007133
CB1_TRAIN_L_CF1_RI1_TI3_R01__it0000187,CB1_TRAIN_L_CF1_RI1_TI3_R01,0.5912087912087912,False,0.7142857142857143,0.00011609881140821979
CB1_TRAIN_L_CF1_RI1_TI3_R01__it0000201,CB1_TRAIN_L_CF1_RI1_TI3_R01,0.6542124542124542,False,0.8571428571428571,0.0001250422591481472
CB1_TRAIN_L_CF1_RI1_TI3_R01__it0000207,CB1_TRAIN_L_CF1_RI1_TI3_R01,0.7333333333333334,True,0.5714285714285714,0.00012263513116338227
CB1_TRAIN_L_CF1_RI1_TI3_R01__it0000276,CB1_TRAIN_L_CF1_RI1_TI3_R01,0.873992673992674,False,0.7857142857142857,0.00011026794026212899
CB1_TRAIN_L_CF1_RI1_TI3_R01__it0000365,CB1_TRAIN_L_CF1_RI1_TI3_R01,0.6249084249084249,False,0.9285714285714286,0.00012559541082378004
CB1_TRAIN_L_CF1_RI1_TI3_R01__it0000442,CB1_TRAIN_L_CF1_RI1_TI3_R01,0.4637362637362637,False,0.6428571428571429,0.00011681219191628972
CB1_TRAIN_L_CF1_RI1_TI3_R01__it0000463,CB1_TRAIN_L_CF1_RI1_TI3_R01,0.536996336996337,False,0.5714285714285714,7.229035512369723e-05
CB1_TRAIN_L_CF1_RI1_TI3_R01__it0000484,CB1_TRAIN_L_CF1_RI1_TI3_R01,0.7435897435897436,False,0.7857142857142857,0.00015336480281494591
CB1_TRAIN_L_CF1_RI1_TI3_R01__it0000488,CB1_TRAIN_L_CF1_RI1_TI3_R01,0.46520146520146516,False,0.35714285714285715,9.967284515423145e-05
CB1_TRAIN_L_CF1_RI1_TI3_R01__it0000508,CB1_TRAIN_L_CF1_RI1_TI3_R01,0.7326007326007326,False,0.8461538461538461,0.0001600414783839809
CB1_TRAIN_L_CF1_RI1_TI3_R01__it0000739,CB1_TRAIN_L_CF1_RI1_TI3_R01,0.5721611721611722,False,0.7857142857142857,0.00017425002104353086
CB1_TRAIN_L_CF1_RI1_TI3_R01__it0000745,CB1_TRAIN_L_CF1_RI1_TI3_R01,0.6058608058608058,False,0.7142857142857143,0.00013548179503594145
CB1_TRAIN_L_CF1_RI1_TI3_R01__it0000813,CB1_TRAIN_L_CF1_RI1_TI3_R01,0.6351648351648351,False,0.7142857142857143,0.0001428048014943359
CB1_TRAIN_L_CF1_RI1_TI3_R01__it0001168,CB1_TRAIN_L_CF1_RI1_TI3_R01,0.8373626373626374,True,0.8571428571428571,0.0001321609828978129
CB1_TRAIN_L_CF1_RI1_TI3_R01__it0001170,CB1_TRAIN_L_CF1_RI1_TI3_R01,0.5384615384615384,False,0.9285714285714286,0.00010159238515917795
CB1_TRAIN_L_CF1_RI1_TI3_R01__it0001233,CB1_TRAIN_L_CF1_RI1_TI3_R01,0.6205128205128205,False,0.9285714285714286,0.000271187187432542
CB1_TRAIN_L_CF1_RI2_TI1_R01__it0000104,CB1_TRAIN_L_CF1_RI2_TI1_R01,0.40659340659340665,False,0.2857142857142857,0.00030554716561605633
CB1_TRAIN_L_CF1_RI2_TI1_R01__it0000181,CB1_TRAIN_L_CF1_RI2_TI1_R01,0.5296703296703297,False,0.6428571428571429,0.000357828164160401
CB1_TRAIN_L_CF1_RI2_TI1_R01__it0000260,CB1_TRAIN_L_CF1_RI2_TI1_R01,0.6336996336996337,False,1.0,0.0003729329485563174
CB1_TRAIN_L_CF1_RI2_TI1_R01__it0000302,CB1_TRAIN_L_CF1_RI2_TI1_R01,0.5604395604395604,False,0.9285714285714286,0.0002254943759503465
CB1_TRAIN_L_CF1_RI2_TI1_R01__it0000515,CB1_TRAIN_L_CF1_RI2_TI1_R01,0.42710622710622714,True,0.9285714285714286,0.000252494756572863
CB1_TRAIN_L_CF1_RI2_TI1_R01__it0000536,CB1_TRAIN_L_CF1_RI2_TI1_R01,0.22051282051282048,False,1.0,0.00040227316918476996
CB1_TRAIN_L_CF1_RI2_TI1_R01__it0000570,CB1_TRAIN_L_CF1_RI2_TI1_R01,0.5399267399267399,False,0.8571428571428571,0.00028393112847851213
CB1_TRAIN_L_CF1_RI2_TI1_R01__it0000676,CB1_TRAIN_L_CF1_RI2_TI1_R01,0.7714285714285715,False,0.9285714285714286,0.00013634929671884282
CB1_TRAIN_L_CF1_RI2_TI1_R01__it0000690,CB1_TRAIN_L_CF1_RI2_TI1_R01,0.5633699633699635,False,0.9285714285714286,0.00028829967885917373
CB1_TRAIN_L_CF1_RI2_TI1_R01__it0000721,CB1_TRAIN_L_CF1_RI2_TI1_R01,0.5926739926739927,False,0.9285714285714286,0.00027328702300235863
CB1_TRAIN_L_CF1_RI2_TI1_R01__it0000841,CB1_TRAIN_L_CF1_RI2_TI1_R01,0.5663003663003663,False,1.0,0.00034946327302187415
CB1_TRAIN_L_CF1_RI2_TI1_R01__it0000922,CB1_TRAIN_L_CF1_RI2_TI1_R01,0.6996336996336997,False,0.9285714285714286,0.0001617526079955192
CB1_TRAIN_L_CF1_RI2_TI1_R01__it0001001,CB1_TRAIN_L_CF1_RI2_TI1_R01,0.5926739926739927,False,1.0,0.00022038249767455817
CB1_TRAIN_L_CF1_RI2_TI1_R01__it0001074,CB1_TRAIN_L_CF1_RI2_TI1_R01,0.7245421245421246,False,1.0,0.00040148878286874496
CB1_TRAIN_L_CF1_RI2_TI1_R01__it0001084,CB1_TRAIN_L_CF1_RI2_TI1_R01,0.6146520146520147,False,1.0,0.0003060050159530311
CB1_TRAIN_L_CF1_RI2_TI2_R01__it0000005,CB1_TRAIN_L_CF1_RI2_TI2_R01,0.6688644688644688,False,0.6428571428571429,0.00014616587566523018
CB1_TRAIN_L_CF1_RI2_TI2_R01__it0000173,CB1_TRAIN_L_CF1_RI2_TI2_R01,0.3406593406593406,False,0.6428571428571429,0.00011539573408143685
CB1_TRAIN_L_CF1_RI2_TI2_R01__it0000450,CB1_TRAIN_L_CF1_RI2_TI2_R01,0.30256410256410254,False,0.9285714285714286,0.00021987442153659077
CB1_TRAIN_L_CF1_RI2_TI2_R01__it0000680,CB1_TRAIN_L_CF1_RI2_TI2_R01,0.747985347985348,True,0.9285714285714286,0.00013730008057687192
CB1_TRAIN_L_CF1_RI2_TI2_R01__it0000870,CB1_TRAIN_L_CF1_RI2_TI2_R01,0.6923076923076922,False,0.9285714285714286,0.0001859959804258009
CB1_TRAIN_L_CF1_RI2_TI2_R01__it0000951,CB1_TRAIN_L_CF1_RI2_TI2_R01,0.6849816849816851,False,1.0,0.00012255992444028818
CB1_TRAIN_L_CF1_RI2_TI2_R01__it0001008,CB1_TRAIN_L_CF1_RI2_TI2_R01,0.5091575091575091,False,0.9285714285714286,0.00020720676505656777
CB1_TRAIN_L_CF1_RI2_TI2_R01__it0001235,CB1_TRAIN_L_CF1_RI2_TI2_R01,0.5487179487179487,False,1.0,0.00017979118352116387
CB1_TRAIN_L_CF1_RI2_TI2_R01__it0001418,CB1_TRAIN_L_CF1_RI2_TI2_R01,0.7802197802197802,False,1.0,0.00017777279586568206
CB1_TRAIN_L_CF1_RI2_TI2_R01__it0001429,CB1_TRAIN_L_CF1_RI2_TI2_R01,0.4945054945054945,False,1.0,0.00020454677793746708
CB1_TRAIN_L_CF1_RI2_TI2_R01__it0001580,CB1_TRAIN_L_CF1_RI2_TI2_R01,0.5692307692307693,False,1.0,0.00016801277977323526
CB1_TRAIN_L_CF1_RI2_TI3_R01__it0000025,CB1_TRAIN_L_CF1_RI2_TI3_R01,0.6391941391941391,True,0.8461538461538461,0.00015537368034429622
CB1_TRAIN_L_CF1_RI2_TI3_R01__it0000197,CB1_TRAIN_L_CF1_RI2_TI3_R01,0.4194139194139194,False,0.6153846153846154,0.00014035182641959997
CB1_TRAIN_L_CF1_RI2_TI3_R01__it0000270,CB1_TRAIN_L_CF1_RI2_TI3_R01,0.643956043956044,False,0.6428571428571429,0.00014130573937988196
CB1_TRAIN_L_CF1_RI2_TI3_R01__it0000422,CB1_TRAIN_L_CF1_RI2_TI3_R01,0.5282051282051282,False,0.9285714285714286,0.0001475190273663096
CB1_TRAIN_L_CF1_RI2_TI3_R01__it0000471,CB1_TRAIN_L_CF1_RI2_TI3_R01,0.7098901098901099,False,0.8571428571428571,0.0001486599183106475
CB1_TRAIN_L_CF1_RI2_TI3_R01__it0000490,CB1_TRAIN_L_CF1_RI2_TI3_R01,0.21172161172161172,False,1.0,0.0001026951931229052
CB1_TRAIN_L_CF1_RI2_TI3_R01__it0000579,CB1_TRAIN_L_CF1_RI2_TI3_R01,0.6,False,0.9285714285714286,0.00020009115110133704
CB1_TRAIN_L_CF1_RI2_TI3_R01__it0000611,CB1_TRAIN_L_CF1_RI2_TI3_R01,0.6849816849816849,False,1.0,0.00015620921885681546
CB1_TRAIN_L_CF1_RI2_TI3_R01__it0000655,CB1_TRAIN_L_CF1_RI2_TI3_R01,0.7054945054945055,False,1.0,9.431901794294879e-05
CB1_TRAIN_L_CF1_RI2_TI3_R01__it0000744,CB1_TRAIN_L_CF1_RI2_TI3_R01,0.49010989010989015,False,0.5,0.00020594539055194776
CB1_TRAIN_L_CF1_RI2_TI3_R01__it0000811,CB1_TRAIN_L_CF1_RI2_TI3_R01,0.7391941391941392,False,0.7857142857142857,8.215120383562456e-05
CB1_TRAIN_L_CF1_RI2_TI3_R01__it0000902,CB1_TRAIN_L_CF1_RI2_TI3_R01,0.6351648351648351,False,0.6428571428571429,0.00018059228254408728
CB1_TRAIN_L_CF1_RI2_TI3_R01__it0000967,CB1_TRAIN_L_CF1_RI2_TI3_R01,0.6483516483516484,False,0.7142857142857143,0.0002057912632954761
CB1_TRAIN_L_CF1_RI2_TI3_R01__it0001022,CB1_TRAIN_L_CF1_RI2_TI3_R01,0.6395604395604396,False,0.7142857142857143,0.00018692003210398088
CB1_TRAIN_L_CF1_RI2_TI3_R01__it0001187,CB1_TRAIN_L_CF1_RI2_TI3_R01,0.5413919413919414,False,0.9285714285714286,0.00010666948084846714
CB1_TRAIN_L_CF1_RI3_TI1_R01__it0000217,CB1_TRAIN_L_CF1_RI3_TI1_R01,0.38608058608058604,False,0.9285714285714286,0.0006947583361270054
CB1_TRAIN_L_CF1_RI3_TI1_R01__it0000448,CB1_TRAIN_L_CF1_RI3_TI1_R01,0.6454212454212455,False,1.0,0.0003815836005034566
CB1_TRAIN_L_CF1_RI3_TI1_R01__it0000453,CB1_TRAIN_L_CF1_RI3_TI1_R01,0.6879120879120878,False,1.0,0.0002511373557808293
CB1_TRAIN_L_CF1_RI3_TI1_R01__it0000686,CB1_TRAIN_L_CF1_RI3_TI1_R01,0.30402930402930406,False,1.0,0.0006052551517190357
CB1_TRAIN_L_CF1_RI3_TI1_R01__it0000722,CB1_TRAIN_L_CF1_RI3_TI1_R01,0.5575091575091574,False,1.0,0.0003308151006269061
CB1_TRAIN_L_CF1_RI3_TI1_R01__it0000735,CB1_TRAIN_L_CF1_RI3_TI1_R01,0.575091575091575,False,0.9285714285714286,0.00018912911160179458
CB1_TRAIN_L_CF1_RI3_TI1_R01__it0001067,CB1_TRAIN_L_CF1_RI3_TI1_R01,0.5648351648351648,False,1.0,0.0002896834721536474
CB1_TRAIN_L_CF1_RI3_TI1_R01__it0001390,CB1_TRAIN_L_CF1_RI3_TI1_R01,0.6282051282051282,False,1.0,0.00030816711548550026
CB1_TRAIN_L_CF1_RI3_TI1_R01__it0001744,CB1_TRAIN_L_CF1_RI3_TI1_R01,0.4754578754578755,False,1.0,0.00041279949021610186
CB1_TRAIN_L_CF1_RI3_TI2_R01__it0000089,CB1_TRAIN_L_CF1_RI3_TI2_R01,0.8534798534798536,False,0.6428571428571429,0.0001480686326423678
CB1_TRAIN_L_CF1_RI3_TI2_R01__it0000649,CB1_TRAIN_L_CF1_RI3_TI2_R01,0.5926739926739927,False,1.0,0.00014747782756541257
CB1_TRAIN_L_CF1_RI3_TI2_R01__it0000701,CB1_TRAIN_L_CF1_RI3_TI2_R01,0.3717948717948718,False,1.0,0.00022641157518140564
CB1_TRAIN_L_CF1_RI3_TI2_R01__it0001087,CB1_TRAIN_L_CF1_RI3_TI2_R01,0.6586080586080586,False,0.9285714285714286,0.0002349313749400055
CB1_TRAIN_L_CF1_RI3_TI2_R01__it0001123,CB1_TRAIN_L_CF1_RI3_TI2_R01,0.5413919413919415,False,1.0,0.0002012893439272969
CB1_TRAIN_L_CF1_RI3_TI2_R01__it0001298,CB1_TRAIN_L_CF1_RI3_TI2_R01,0.6293040293040293,False,1.0,0.000268051980490192
CB1_TRAIN_L_CF1_RI3_TI2_R01__it0001365,CB1_TRAIN_L_CF1_RI3_TI2_R01,0.7406593406593407,False,1.0,0.00016355768062095716
CB1_TRAIN_L_CF1_RI3_TI2_R01__it0001380,CB1_TRAIN_L_CF1_RI3_TI2_R01,0.7435897435897436,False,1.0,0.0001851240926227908
CB1_TRAIN_L_CF1_RI3_TI2_R01__it0001424,CB1_TRAIN_L_CF1_RI3_TI2_R01,0.8095238095238096,False,1.0,0.00012939847201100152
CB1_TRAIN_L_CF1_RI3_TI2_R01__it0001452,CB1_TRAIN_L_CF1_RI3_TI2_R01,0.5663003663003664,False,1.0,0.00026919784214815817
CB1_TRAIN_L_CF1_RI3_TI2_R01__it0001575,CB1_TRAIN_L_CF1_RI3_TI2_R01,0.6307692307692307,False,1.0,0.0002485192339888267
CB1_TRAIN_L_CF1_RI3_TI2_R01__it0001643,CB1_TRAIN_L_CF1_RI3_TI2_R01,0.8271062271062272,False,1.0,0.00013081088721498218
CB1_TRAIN_L_CF1_RI3_TI3_R01__it0000099,CB1_TRAIN_L_CF1_RI3_TI3_R01,0.6644688644688644,False,0.5714285714285714,0.00013063143726919191
CB1_TRAIN_L_CF1_RI3_TI3_R01__it0000119,CB1_TRAIN_L_CF1_RI3_TI3_R01,0.6586080586080586,False,0.8571428571428571,0.00013271915677030963
CB1_TRAIN_L_CF1_RI3_TI3_R01__it0000149,CB1_TRAIN_L_CF1_RI3_TI3_R01,0.8183150183150184,True,0.8571428571428571,0.00011688516310111331
CB1_TRAIN_L_CF1_RI3_TI3_R01__it0000755,CB1_TRAIN_L_CF1_RI3_TI3_R01,0.5501831501831501,False,0.9285714285714286,0.00012960977252229894
CB1_TRAIN_L_CF1_RI3_TI3_R01__it0000914,CB1_TRAIN_L_CF1_RI3_TI3_R01,0.4490842490842491,False,1.0,0.0001821645156596112
CB1_TRAIN_L_CF1_RI3_TI3_R01__it0000961,CB1_TRAIN_L_CF1_RI3_TI3_R01,0.5062271062271062,False,0.8571428571428571,0.00018831824533403055
CB1_TRAIN_L_CF1_RI3_TI3_R01__it0001047,CB1_TRAIN_L_CF1_RI3_TI3_R01,0.6336996336996337,False,1.0,0.00011571694074300075
CB1_TRAIN_L_CF2_RI1_TI1_R01__it0000092,CB1_TRAIN_L_CF2_RI1_TI1_R01,0.27619047619047615,False,0.5,0.00044038158958180113
CB1_TRAIN_L_CF2_RI1_TI1_R01__it0000243,CB1_TRAIN_L_CF2_RI1_TI1_R01,0.8124542124542126,False,0.9285714285714286,0.0003647828507516723
CB1_TRAIN_L_CF2_RI1_TI1_R01__it0000250,CB1_TRAIN_L_CF2_RI1_TI1_R01,0.7611721611721611,False,0.9285714285714286,0.00039556065340239826
CB1_TRAIN_L_CF2_RI1_TI1_R01__it0000291,CB1_TRAIN_L_CF2_RI1_TI1_R01,0.7860805860805861,False,0.7142857142857143,0.0001438730936699393
CB1_TRAIN_L_CF2_RI1_TI1_R01__it0000315,CB1_TRAIN_L_CF2_RI1_TI1_R01,0.8241758241758242,True,0.8571428571428571,0.00027183222883850555
CB1_TRAIN_L_CF2_RI1_TI1_R01__it0000542,CB1_TRAIN_L_CF2_RI1_TI1_R01,0.6483516483516484,False,1.0,0.0002557605947388604
CB1_TRAIN_L_CF2_RI1_TI1_R01__it0000914,CB1_TRAIN_L_CF2_RI1_TI1_R01,0.8626373626373627,False,1.0,0.0006002539505565219
CB1_TRAIN_L_CF2_RI1_TI1_R01__it0001058,CB1_TRAIN_L_CF2_RI1_TI1_R01,0.6835164835164834,True,1.0,0.0003884138435263407
CB1_TRAIN_L_CF2_RI1_TI1_R01__it0001105,CB1_TRAIN_L_CF2_RI1_TI1_R01,0.816849816849817,True,1.0,0.0001788703915269708
CB1_TRAIN_L_CF2_RI1_TI1_R01__it0001128,CB1_TRAIN_L_CF2_RI1_TI1_R01,0.9194139194139194,False,1.0,0.0003316219537067078
CB1_TRAIN_L_CF2_RI1_TI1_R01__it0001219,CB1_TRAIN_L_CF2_RI1_TI1_R01,0.9208791208791208,False,1.0,0.00026460919755640175
CB1_TRAIN_L_CF2_RI1_TI2_R01__it0000002,CB1_TRAIN_L_CF2_RI1_TI2_R01,0.767032967032967,False,0.9285714285714286,9.953919842814623e-05
CB1_TRAIN_L_CF2_RI1_TI2_R01__it0000105,CB1_TRAIN_L_CF2_RI1_TI2_R01,0.8271062271062272,False,0.7142857142857143,0.0002570888813147409
CB1_TRAIN_L_CF2_RI1_TI2_R01__it0000270,CB1_TRAIN_L_CF2_RI1_TI2_R01,0.5003663003663004,False,0.6428571428571429,0.0003032674973677097
CB1_TRAIN_L_CF2_RI1_TI2_R01__it0000319,CB1_TRAIN_L_CF2_RI1_TI2_R01,0.6512820512820512,False,0.5,0.00022749048592547114
CB1_TRAIN_L_CF2_RI1_TI2_R01__it0000409,CB1_TRAIN_L_CF2_RI1_TI2_R01,0.5897435897435898,False,0.8571428571428571,0.0001666014996356756
CB1_TRAIN_L_CF2_RI1_TI2_R01__it0000421,CB1_TRAIN_L_CF2_RI1_TI2_R01,0.789010989010989,False,0.8571428571428571,0.00010528039624865746
CB1_TRAIN_L_CF2_RI1_TI2_R01__it0000446,CB1_TRAIN_L_CF2_RI1_TI2_R01,0.5970695970695971,False,0.6428571428571429,0.00017551316055460688
CB1_TRAIN_L_CF2_RI1_TI2_R01__it0000568,CB1_TRAIN_L_CF2_RI1_TI2_R01,0.7128205128205128,True,1.0,0.00022111605429119433
CB1_TRAIN_L_CF2_RI1_TI2_R01__it0000579,CB1_TRAIN_L_CF2_RI1_TI2_R01,0.5838827838827839,False,1.0,0.0002213211438427655
CB1_TRAIN_L_CF2_RI1_TI2_R01__it0000785,CB1_TRAIN_L_CF2_RI1_TI2_R01,0.8622710622710623,False,1.0,0.00016022966460804307
CB1_TRAIN_L_CF2_RI1_TI2_R01__it0001017,CB1_TRAIN_L_CF2_RI1_TI2_R01,0.7875457875457875,False,0.9230769230769231,0.00014083085586415065
CB1_TRAIN_L_CF2_RI1_TI2_R01__it0001115,CB1_TRAIN_L_CF2_RI1_TI2_R01,0.873992673992674,False,1.0,0.00013147599254438626
CB1_TRAIN_L_CF2_RI1_TI2_R01__it0001117,CB1_TRAIN_L_CF2_RI1_TI2_R01,0.6498168498168498,False,1.0,0.00020032592551502405
CB1_TRAIN_L_CF2_RI1_TI2_R01__it0001138,CB1_TRAIN_L_CF2_RI1_TI2_R01,0.7728937728937728,False,1.0,9.491863020189199e-05
CB1_TRAIN_L_CF2_RI1_TI2_R01__it0001149,CB1_TRAIN_L_CF2_RI1_TI2_R01,0.7714285714285714,False,1.0,4.913421767122495e-05
CB1_TRAIN_L_CF2_RI1_TI2_R01__it0001165,CB1_TRAIN_L_CF2_RI1_TI2_R01,0.5633699633699635,False,1.0,0.00022203440298435386
CB1_TRAIN_L_CF2_RI1_TI2_R01__it0001166,CB1_TRAIN_L_CF2_RI1_TI2_R01,0.783150183150183,False,1.0,0.00012081752164261108
CB1_TRAIN_L_CF2_RI1_TI3_R01__it0000001,CB1_TRAIN_L_CF2_RI1_TI3_R01,0.8036630036630036,True,0.7857142857142857,6.740865474555382e-05
CB1_TRAIN_L_CF2_RI1_TI3_R01__it0000042,CB1_TRAIN_L_CF2_RI1_TI3_R01,0.895970695970696,True,0.9285714285714286,0.0001283252360083708
CB1_TRAIN_L_CF2_RI1_TI3_R01__it0000087,CB1_TRAIN_L_CF2_RI1_TI3_R01,0.8351648351648352,False,0.7692307692307693,5.7814522160127845e-05
CB1_TRAIN_L_CF2_RI1_TI3_R01__it0000159,CB1_TRAIN_L_CF2_RI1_TI3_R01,0.12967032967032968,False,0.7142857142857143,8.556044540082594e-05
CB1_TRAIN_L_CF2_RI1_TI3_R01__it0000224,CB1_TRAIN_L_CF2_RI1_TI3_R01,0.4666666666666666,True,0.5,0.0001641477947675721
CB1_TRAIN_L_CF2_RI1_TI3_R01__it0000248,CB1_TRAIN_L_CF2_RI1_TI3_R01,0.5970695970695971,False,0.7857142857142857,9.175791329417936e-05
CB1_TRAIN_L_CF2_RI1_TI3_R01__it0000381,CB1_TRAIN_L_CF2_RI1_TI3_R01,0.2249084249084249,False,0.7142857142857143,9.62651407218423e-05
CB1_TRAIN_L_CF2_RI1_TI3_R01__it0000394,CB1_TRAIN_L_CF2_RI1_TI3_R01,0.5663003663003663,False,0.5,0.00015897144429377914
CB1_TRAIN_L_CF2_RI1_TI3_R01__it0000409,CB1_TRAIN_L_CF2_RI1_TI3_R01,0.5340659340659341,False,0.42857142857142855,9.823423534257107e-05
CB1_TRAIN_L_CF2_RI1_TI3_R01__it0000431,CB1_TRAIN_L_CF2_RI1_TI3_R01,0.23663003663003665,False,0.7857142857142857,7.877078481136877e-05
CB1_TRAIN_L_CF2_RI1_TI3_R01__it0000606,CB1_TRAIN_L_CF2_RI1_TI3_R01,0.8534798534798534,False,0.8571428571428571,0.00015367777140843308
CB1_TRAIN_L_CF2_RI1_TI3_R01__it0000660,CB1_TRAIN_L_CF2_RI1_TI3_R01,0.2985347985347986,False,1.0,0.0001435854985635673
CB1_TRAIN_L_CF2_RI1_TI3_R01__it0000732,CB1_TRAIN_L_CF2_RI1_TI3_R01,0.6556776556776557,False,1.0,0.00011261432017269526
CB1_TRAIN_L_CF2_RI1_TI3_R01__it0000811,CB1_TRAIN_L_CF2_RI1_TI3_R01,0.5223443223443224,False,0.9285714285714286,0.00012480647437889666
CB1_TRAIN_L_CF2_RI1_TI3_R01__it0000920,CB1_TRAIN_L_CF2_RI1_TI3_R01,0.6014652014652014,False,0.9285714285714286,0.00010725406288524897
CB1_TRAIN_L_CF2_RI1_TI3_R01__it0001028,CB1_TRAIN_L_CF2_RI1_TI3_R01,0.6098901098901098,False,0.9230769230769231,0.00016932238316590538
CB1_TRAIN_L_CF2_RI1_TI3_R01__it0001150,CB1_TRAIN_L_CF2_RI1_TI3_R01,0.5714285714285714,False,0.9230769230769231,0.00010361202567810223
CB1_TRAIN_L_CF2_RI2_TI1_R01__it0000254,CB1_TRAIN_L_CF2_RI2_TI1_R01,0.7934065934065934,False,0.8571428571428571,0.00032031973790976634
CB1_TRAIN_L_CF2_RI2_TI1_R01__it0000400,CB1_TRAIN_L_CF2_RI2_TI1_R01,0.6498168498168498,False,1.0,0.0009377554639172378
CB1_TRAIN_L_CF2_RI2_TI1_R01__it0000452,CB1_TRAIN_L_CF2_RI2_TI1_R01,0.7304029304029304,False,1.0,0.0005285706456931072
CB1_TRAIN_L_CF2_RI2_TI1_R01__it0000513,CB1_TRAIN_L_CF2_RI2_TI1_R01,0.8974358974358975,False,1.0,0.00045979141927462384
CB1_TRAIN_L_CF2_RI2_TI1_R01__it0000514,CB1_TRAIN_L_CF2_RI2_TI1_R01,0.832967032967033,False,1.0,0.0006210574970771711
CB1_TRAIN_L_CF2_RI2_TI1_R01__it0000523,CB1_TRAIN_L_CF2_RI2_TI1_R01,0.8461538461538463,False,1.0,0.000599967777326667
CB1_TRAIN_L_CF2_RI2_TI1_R01__it0000670,CB1_TRAIN_L_CF2_RI2_TI1_R01,0.6673992673992674,False,1.0,0.0006193465090258888
CB1_TRAIN_L_CF2_RI2_TI1_R01__it0000689,CB1_TRAIN_L_CF2_RI2_TI1_R01,0.8300366300366301,True,1.0,0.0006122812814990097
CB1_TRAIN_L_CF2_RI2_TI1_R01__it0000690,CB1_TRAIN_L_CF2_RI2_TI1_R01,0.7714285714285714,False,1.0,0.0005758892824556172
CB1_TRAIN_L_CF2_RI2_TI1_R01__it0000903,CB1_TRAIN_L_CF2_RI2_TI1_R01,0.7904761904761904,False,1.0,0.0005433742763736
CB1_TRAIN_L_CF2_RI2_TI1_R01__it0000986,CB1_TRAIN_L_CF2_RI2_TI1_R01,0.8490842490842492,False,1.0,0.00030323757085921443
CB1_TRAIN_L_CF2_RI2_TI1_R01__it0001026,CB1_TRAIN_L_CF2_RI2_TI1_R01,0.8446886446886447,False,1.0,0.0007147691541154319
CB1_TRAIN_L_CF2_RI2_TI1_R01__it0001101,CB1_TRAIN_L_CF2_RI2_TI1_R01,0.8333333333333334,True,0.9230769230769231,0.0006974602936274711
CB1_TRAIN_L_CF2_RI2_TI1_R01__it0001111,CB1_TRAIN_L_CF2_RI2_TI1_R01,0.8666666666666667,False,1.0,0.0007110230564148101
CB1_TRAIN_L_CF2_RI2_TI1_R01__it0001129,CB1_TRAIN_L_CF2_RI2_TI1_R01,0.7846153846153846,False,1.0,0.000543738913171414
CB1_TRAIN_L_CF2_RI2_TI2_R01__it0000023,CB1_TRAIN_L_CF2_RI2_TI2_R01,0.8534798534798536,False,0.8571428571428571,0.0001258119920270539
CB1_TRAIN_L_CF2_RI2_TI2_R01__it0000142,CB1_TRAIN_L_CF2_RI2_TI2_R01,0.7772893772893773,False,0.8571428571428571,0.00013010617782298562
CB1_TRAIN_L_CF2_RI2_TI2_R01__it0000156,CB1_TRAIN_L_CF2_RI2_TI2_R01,0.8296703296703297,True,0.8461538461538461,0.0001604797835088035
CB1_TRAIN_L_CF2_RI2_TI2_R01__it0000363,CB1_TRAIN_L_CF2_RI2_TI2_R01,0.8300366300366301,False,0.7142857142857143,0.0001843711364779387
CB1_TRAIN_L_CF2_RI2_TI2_R01__it0000420,CB1_TRAIN_L_CF2_RI2_TI2_R01,0.8186813186813188,False,0.7692307692307693,0.00022004254915985818
CB1_TRAIN_L_CF2_RI2_TI2_R01__it0000837,CB1_TRAIN_L_CF2_RI2_TI2_R01,0.5516483516483516,False,0.8571428571428571,0.0002212387436803214
CB1_TRAIN_L_CF2_RI2_TI2_R01__it0000850,CB1_TRAIN_L_CF2_RI2_TI2_R01,0.7655677655677656,False,1.0,0.00021263059497613482
CB1_TRAIN_L_CF2_RI2_TI2_R01__it0000931,CB1_TRAIN_L_CF2_RI2_TI2_R01,0.6087912087912087,False,1.0,0.00010710575054368102
CB1_TRAIN_L_CF2_RI2_TI2_R01__it0001117,CB1_TRAIN_L_CF2_RI2_TI2_R01,0.6234432234432234,False,1.0,0.00018306713990261068
CB1_TRAIN_L_CF2_RI2_TI2_R01__it0001266,CB1_TRAIN_L_CF2_RI2_TI2_R01,0.48131868131868133,False,1.0,0.0003292799347116852
CB1_TRAIN_L_CF2_RI2_TI2_R01__it0001314,CB1_TRAIN_L_CF2_RI2_TI2_R01,0.6117216117216118,False,1.0,0.00015555698197575096
CB1_TRAIN_L_CF2_RI2_TI2_R01__it0001322,CB1_TRAIN_L_CF2_RI2_TI2_R01,0.7318681318681319,False,1.0,0.00023373949306067064
CB1_TRAIN_L_CF2_RI2_TI2_R01__it0001459,CB1_TRAIN_L_CF2_RI2_TI2_R01,0.6648351648351648,False,1.0,0.00028250970680175614
CB1_TRAIN_L_CF2_RI2_TI3_R01__it0000008,CB1_TRAIN_L_CF2_RI2_TI3_R01,0.8783882783882784,True,0.9285714285714286,9.118859503657788e-05
CB1_TRAIN_L_CF2_RI2_TI3_R01__it0000053,CB1_TRAIN_L_CF2_RI2_TI3_R01,0.6849816849816851,False,0.7142857142857143,0.000255764583230518
CB1_TRAIN_L_CF2_RI2_TI3_R01__it0000138,CB1_TRAIN_L_CF2_RI2_TI3_R01,0.6967032967032966,False,0.6428571428571429,9.206473937787727e-05
CB1_TRAIN_L_CF2_RI2_TI3_R01__it0000244,CB1_TRAIN_L_CF2_RI2_TI3_R01,0.5340659340659341,True,0.7142857142857143,0.00014949781727930064
CB1_TRAIN_L_CF2_RI2_TI3_R01__it0000291,CB1_TRAIN_L_CF2_RI2_TI3_R01,0.3875457875457875,False,0.5,0.00013723568310860105
CB1_TRAIN_L_CF2_RI2_TI3_R01__it0000347,CB1_TRAIN_L_CF2_RI2_TI3_R01,0.3904761904761905,False,0.8571428571428571,0.00015058698949891986
CB1_TRAIN_L_CF2_RI2_TI3_R01__it0000393,CB1_TRAIN_L_CF2_RI2_TI3_R01,0.7245421245421246,False,1.0,0.0001605243029503115
CB1_TRAIN_L_CF2_RI2_TI3_R01__it0000573,CB1_TRAIN_L_CF2_RI2_TI3_R01,0.5402930402930403,False,0.9230769230769231,0.00011454478123312696
CB1_TRAIN_L_CF2_RI2_TI3_R01__it0000624,CB1_TRAIN_L_CF2_RI2_TI3_R01,0.6512820512820513,False,0.9285714285714286,0.00011840241950180586
CB1_TRAIN_L_CF2_RI2_TI3_R01__it0000875,CB1_TRAIN_L_CF2_RI2_TI3_R01,0.6351648351648351,False,0.9285714285714286,8.669542621261304e-05
CB1_TRAIN_L_CF2_RI2_TI3_R01__it0000888,CB1_TRAIN_L_CF2_RI2_TI3_R01,0.5912087912087912,False,1.0,9.275760991791689e-05
CB1_TRAIN_L_CF2_RI2_TI3_R01__it0000966,CB1_TRAIN_L_CF2_RI2_TI3_R01,0.4271062271062271,False,0.9285714285714286,0.00014512822060654728
CB1_TRAIN_L_CF2_RI2_TI3_R01__it0001297,CB1_TRAIN_L_CF2_RI2_TI3_R01,0.5274725274725274,False,1.0,0.00010435777244770867
CB1_TRAIN_L_CF2_RI3_TI1_R01__it0000011,CB1_TRAIN_L_CF2_RI3_TI1_R01,0.6747252747252747,False,1.0,0.0015845362883987388
CB1_TRAIN_L_CF2_RI3_TI1_R01__it0000240,CB1_TRAIN_L_CF2_RI3_TI1_R01,0.8622710622710623,False,1.0,0.0003652929084953501
CB1_TRAIN_L_CF2_RI3_TI1_R01__it0000395,CB1_TRAIN_L_CF2_RI3_TI1_R01,0.8769230769230769,True,1.0,0.0007333226862044854
CB1_TRAIN_L_CF2_RI3_TI1_R01__it0000408,CB1_TRAIN_L_CF2_RI3_TI1_R01,0.6776556776556776,False,0.7142857142857143,0.00026126060850005295
CB1_TRAIN_L_CF2_RI3_TI1_R01__it0000444,CB1_TRAIN_L_CF2_RI3_TI1_R01,0.7978021978021977,False,0.5714285714285714,0.0006118923040299577
CB1_TRAIN_L_CF2_RI3_TI1_R01__it0000729,CB1_TRAIN_L_CF2_RI3_TI1_R01,0.5692307692307692,False,0.9285714285714286,0.0007233739054397037
CB1_TRAIN_L_CF2_RI3_TI1_R01__it0000773,CB1_TRAIN_L_CF2_RI3_TI1_R01,0.46520146520146516,False,1.0,0.0007317599977069289
CB1_TRAIN_L_CF2_RI3_TI1_R01__it0000838,CB1_TRAIN_L_CF2_RI3_TI1_R01,0.4007326007326007,False,1.0,0.0006840759149678985
CB1_TRAIN_L_CF2_RI3_TI1_R01__it0001095,CB1_TRAIN_L_CF2_RI3_TI1_R01,0.6205128205128205,False,1.0,0.0006103521867289714
CB1_TRAIN_L_CF2_RI3_TI1_R01__it0001257,CB1_TRAIN_L_CF2_RI3_TI1_R01,0.13992673992673996,False,0.9285714285714286,0.0007833796971083094
CB1_TRAIN_L_CF2_RI3_TI1_R01__it0001277,CB1_TRAIN_L_CF2_RI3_TI1_R01,0.2688644688644689,False,1.0,0.0005941006787522153
CB1_TRAIN_L_CF2_RI3_TI1_R01__it0001392,CB1_TRAIN_L_CF2_RI3_TI1_R01,0.3347985347985348,False,1.0,0.0008102454439623134
CB1_TRAIN_L_CF2_RI3_TI1_R01__it0001806,CB1_TRAIN_L_CF2_RI3_TI1_R01,0.852014652014652,False,1.0,0.0004383931918896953
CB1_TRAIN_L_CF2_RI3_TI1_R01__it0001844,CB1_TRAIN_L_CF2_RI3_TI1_R01,0.6512820512820513,False,1.0,0.0005943328233538023
CB1_TRAIN_L_CF2_RI3_TI1_R01__it0001893,CB1_TRAIN_L_CF2_RI3_TI1_R01,0.7274725274725276,False,1.0,0.0009166592924860414
CB1_TRAIN_L_CF2_RI3_TI2_R01__it0000039,CB1_TRAIN_L_CF2_RI3_TI2_R01,0.7934065934065936,False,0.9285714285714286,0.0002260734955080916
CB1_TRAIN_L_CF2_RI3_TI2_R01__it0000379,CB1_TRAIN_L_CF2_RI3_TI2_R01,0.6644688644688644,True,0.8571428571428571,0.00027864124487070443
CB1_TRAIN_L_CF2_RI3_TI2_R01__it0000384,CB1_TRAIN_L_CF2_RI3_TI2_R01,0.7040293040293041,False,1.0,0.00023949536648904058
CB1_TRAIN_L_CF2_RI3_TI2_R01__it0000667,CB1_TRAIN_L_CF2_RI3_TI2_R01,0.5340659340659341,False,1.0,0.000321411864617299
CB1_TRAIN_L_CF2_RI3_TI2_R01__it0000995,CB1_TRAIN_L_CF2_RI3_TI2_R01,0.6410256410256411,False,0.9285714285714286,0.0005441036750814183
CB1_TRAIN_L_CF2_RI3_TI2_R01__it0001003,CB1_TRAIN_L_CF2_RI3_TI2_R01,0.2717948717948718,False,1.0,0.0007470094143711658
CB1_TRAIN_L_CF2_RI3_TI2_R01__it0001127,CB1_TRAIN_L_CF2_RI3_TI2_R01,0.4446886446886447,False,1.0,0.0004211745725546729
CB1_TRAIN_L_CF2_RI3_TI2_R01__it0001442,CB1_TRAIN_L_CF2_RI3_TI2_R01,0.6908424908424907,False,1.0,0.00040726544711490296
CB1_TRAIN_L_CF2_RI3_TI2_R01__it0001485,CB1_TRAIN_L_CF2_RI3_TI2_R01,0.616117216117216,True,1.0,0.00033355109184372194
CB1_TRAIN_L_CF2_RI3_TI2_R01__it0001507,CB1_TRAIN_L_CF2_RI3_TI2_R01,0.4230769230769231,True,0.9230769230769231,0.0003005955304152827
CB1_TRAIN_L_CF2_RI3_TI2_R01__it0001509,CB1_TRAIN_L_CF2_RI3_TI2_R01,0.7197802197802198,False,1.0,0.00024910820201598456
CB1_TRAIN_L_CF2_RI3_TI2_R01__it0001631,CB1_TRAIN_L_CF2_RI3_TI2_R01,0.5531135531135531,False,1.0,0.00041194343450655076
CB1_TRAIN_L_CF2_RI3_TI3_R01__it0000010,CB1_TRAIN_L_CF2_RI3_TI3_R01,0.7157509157509158,False,0.8571428571428571,0.00018180883837821412
CB1_TRAIN_L_CF2_RI3_TI3_R01__it0000344,CB1_TRAIN_L_CF2_RI3_TI3_R01,0.6278388278388278,False,0.5,0.00013570612211112073
CB1_TRAIN_L_CF2_RI3_TI3_R01__it0000662,CB1_TRAIN_L_CF2_RI3_TI3_R01,0.6615384615384615,False,0.8571428571428571,0.00021997349969377943
CB1_TRAIN_L_CF2_RI3_TI3_R01__it0000672,CB1_TRAIN_L_CF2_RI3_TI3_R01,0.6117216117216118,False,1.0,0.00014449466617298787
CB1_TRAIN_L_CF2_RI3_TI3_R01__it0001182,CB1_TRAIN_L_CF2_RI3_TI3_R01,0.4227106227106227,False,1.0,0.00019342610042486175
CB1_TRAIN_L_CF2_RI3_TI3_R01__it0001195,CB1_TRAIN_L_CF2_RI3_TI3_R01,0.31428571428571433,False,0.9285714285714286,0.0003147690469533009
CB1_TRAIN_L_CF2_RI3_TI3_R01__it0001399,CB1_TRAIN_L_CF2_RI3_TI3_R01,0.6454212454212455,False,0.9285714285714286,0.0002966763515479192
CB1_TRAIN_L_CF2_RI3_TI3_R01__it0001509,CB1_TRAIN_L_CF2_RI3_TI3_R01,0.2948717948717949,False,1.0,0.00027169913228894036
CB1_TRAIN_L_CF2_RI3_TI3_R01__it0001577,CB1_TRAIN_L_CF2_RI3_TI3_R01,0.46959706959706954,False,1.0,0.0003386188543423313
CB1_TRAIN_L_CF2_RI3_TI3_R01__it0001795,CB1_TRAIN_L_CF2_RI3_TI3_R01,0.7098901098901099,False,0.9285714285714286,0.0001578377396984259
CB1_TRAIN_L_CF3_RI1_TI1_R01__it0000010,CB1_TRAIN_L_CF3_RI1_TI1_R01,0.9633699633699634,True,1.0,0.00029580797406466376
CB1_TRAIN_L_CF3_RI1_TI1_R01__it0000113,CB1_TRAIN_L_CF3_RI1_TI1_R01,0.8783882783882784,True,0.9285714285714286,0.00038460063836517173
CB1_TRAIN_L_CF3_RI1_TI1_R01__it0000314,CB1_TRAIN_L_CF3_RI1_TI1_R01,0.8754578754578755,False,0.8571428571428571,0.0003671671937150606
CB1_TRAIN_L_CF3_RI1_TI1_R01__it0000443,CB1_TRAIN_L_CF3_RI1_TI1_R01,0.9560439560439562,True,1.0,0.0003705804095836972
CB1_TRAIN_L_CF3_RI1_TI1_R01__it0000464,CB1_TRAIN_L_CF3_RI1_TI1_R01,0.9384615384615386,True,1.0,0.000527163165116402
CB1_TRAIN_L_CF3_RI1_TI1_R01__it0000538,CB1_TRAIN_L_CF3_RI1_TI1_R01,0.8505494505494505,False,1.0,0.0004012530122696529
CB1_TRAIN_L_CF3_RI1_TI1_R01__it0000598,CB1_TRAIN_L_CF3_RI1_TI1_R01,0.9560439560439561,False,1.0,0.0005622392763455652
CB1_TRAIN_L_CF3_RI1_TI1_R01__it0000655,CB1_TRAIN_L_CF3_RI1_TI1_R01,0.8871794871794871,True,1.0,0.0006492791599140358
CB1_TRAIN_L_CF3_RI1_TI1_R01__it0000766,CB1_TRAIN_L_CF3_RI1_TI1_R01,0.9139194139194139,False,1.0,0.0004862636334616613
CB1_TRAIN_L_CF3_RI1_TI1_R01__it0000773,CB1_TRAIN_L_CF3_RI1_TI1_R01,0.8710622710622711,False,1.0,0.0006652234493136108
CB1_TRAIN_L_CF3_RI1_TI1_R01__it0000884,CB1_TRAIN_L_CF3_RI1_TI1_R01,0.9120879120879121,False,1.0,0.0004836202365478064
CB1_TRAIN_L_CF3_RI1_TI1_R01__it0001062,CB1_TRAIN_L_CF3_RI1_TI1_R01,0.9164835164835164,True,1.0,0.0007586884495935965
CB1_TRAIN_L_CF3_RI1_TI1_R01__it0001080,CB1_TRAIN_L_CF3_RI1_TI1_R01,0.9003663003663004,False,1.0,0.00044981718673890167
CB1_TRAIN_L_CF3_RI1_TI1_R01__it0001113,CB1_TRAIN_L_CF3_RI1_TI1_R01,0.931135531135531,True,1.0,0.0005458659207288795
CB1_TRAIN_L_CF3_RI1_TI1_R01__it0001169,CB1_TRAIN_L_CF3_RI1_TI1_R01,0.9296703296703296,True,1.0,0.0004475643784369285
CB1_TRAIN_L_CF3_RI1_TI1_R01__it0001240,CB1_TRAIN_L_CF3_RI1_TI1_R01,0.9501831501831502,False,1.0,0.00046215528659583556
CB1_TRAIN_L_CF3_RI1_TI1_R01__it0001433,CB1_TRAIN_L_CF3_RI1_TI1_R01,0.9238095238095237,False,1.0,0.0005043421270871744
CB1_TRAIN_L_CF3_RI1_TI1_R01__it0001561,CB1_TRAIN_L_CF3_RI1_TI1_R01,0.895970695970696,False,1.0,0.0003869712023010688
CB1_TRAIN_L_CF3_RI1_TI1_R01__it0001728,CB1_TRAIN_L_CF3_RI1_TI1_R01,0.8725274725274725,True,1.0,0.0005745863184788192
CB1_TRAIN_L_CF3_RI1_TI1_R01__it0001929,CB1_TRAIN_L_CF3_RI1_TI1_R01,0.9106227106227106,False,1.0,0.0006825349985595987
CB1_TRAIN_L_CF3_RI1_TI2_R01__it0000004,CB1_TRAIN_L_CF3_RI1_TI2_R01,0.7113553113553115,False,0.8571428571428571,0.000416860766723582
CB1_TRAIN_L_CF3_RI1_TI2_R01__it0000006,CB1_TRAIN_L_CF3_RI1_TI2_R01,0.8446886446886447,False,0.9285714285714286,0.00037315930668849054
CB1_TRAIN_L_CF3_RI1_TI2_R01__it0000032,CB1_TRAIN_L_CF3_RI1_TI2_R01,0.6278388278388278,True,0.8571428571428571,0.0002350406543080942
CB1_TRAIN_L_CF3_RI1_TI2_R01__it0000343,CB1_TRAIN_L_CF3_RI1_TI2_R01,0.964835164835165,False,1.0,0.00018906207075049887
CB1_TRAIN_L_CF3_RI1_TI2_R01__it0000420,CB1_TRAIN_L_CF3_RI1_TI2_R01,0.934065934065934,True,1.0,5.089083252348558e-05
CB1_TRAIN_L_CF3_RI1_TI2_R01__it0000463,CB1_TRAIN_L_CF3_RI1_TI2_R01,0.93992673992674,True,1.0,6.455701328150312e-05
CB1_TRAIN_L_CF3_RI1_TI2_R01__it0000500,CB1_TRAIN_L_CF3_RI1_TI2_R01,0.8989010989010989,False,1.0,0.0001431865322224018
CB1_TRAIN_L_CF3_RI1_TI2_R01__it0000525,CB1_TRAIN_L_CF3_RI1_TI2_R01,0.9428571428571427,False,1.0,0.00013884746706908062
CB1_TRAIN_L_CF3_RI1_TI2_R01__it0000531,CB1_TRAIN_L_CF3_RI1_TI2_R01,0.9340659340659342,False,0.9285714285714286,0.0001434467600749818
CB1_TRAIN_L_CF3_RI1_TI2_R01__it0000584,CB1_TRAIN_L_CF3_RI1_TI2_R01,0.9443223443223442,False,0.7857142857142857,0.00017917785677146582
CB1_TRAIN_L_CF3_RI1_TI2_R01__it0000611,CB1_TRAIN_L_CF3_RI1_TI2_R01,0.8842490842490842,False,0.7857142857142857,0.0001692665244067113
CB1_TRAIN_L_CF3_RI1_TI2_R01__it0000834,CB1_TRAIN_L_CF3_RI1_TI2_R01,0.8769230769230769,True,1.0,0.0002472553656529746
CB1_TRAIN_L_CF3_RI1_TI2_R01__it0000845,CB1_TRAIN_L_CF3_RI1_TI2_R01,0.9487179487179486,True,1.0,0.000210347777516189
CB1_TRAIN_L_CF3_RI1_TI2_R01__it0000869,CB1_TRAIN_L_CF3_RI1_TI2_R01,0.9326007326007325,False,0.9285714285714286,7.969511357335557e-05
CB1_TRAIN_L_CF3_RI1_TI2_R01__it0000985,CB1_TRAIN_L_CF3_RI1_TI2_R01,0.931135531135531,False,0.7857142857142857,0.00017926863037738634
CB1_TRAIN_L_CF3_RI1_TI2_R01__it0001022,CB1_TRAIN_L_CF3_RI1_TI2_R01,0.7304029304029305,False,1.0,0.00016865973969567544
CB1_TRAIN_L_CF3_RI1_TI2_R01__it0001171,CB1_TRAIN_L_CF3_RI1_TI2_R01,0.813919413919414,False,1.0,0.0001232997573128815
CB1_TRAIN_L_CF3_RI1_TI2_R01__it0001363,CB1_TRAIN_L_CF3_RI1_TI2_R01,0.9560439560439559,False,1.0,0.00022382828650202853
CB1_TRAIN_L_CF3_RI1_TI3_R01__it0000095,CB1_TRAIN_L_CF3_RI1_TI3_R01,0.5399267399267399,False,0.5714285714285714,0.00010246507189579885
CB1_TRAIN_L_CF3_RI1_TI3_R01__it0000121,CB1_TRAIN_L_CF3_RI1_TI3_R01,0.8109890109890111,True,0.9285714285714286,9.717709388972002e-05
CB1_TRAIN_L_CF3_RI1_TI3_R01__it0000356,CB1_TRAIN_L_CF3_RI1_TI3_R01,0.9304029304029303,False,0.8461538461538461,5.745763824891618e-05
CB1_TRAIN_L_CF3_RI1_TI3_R01__it0000437,CB1_TRAIN_L_CF3_RI1_TI3_R01,0.965201465201465,True,0.9230769230769231,4.1652012580517595e-05
CB1_TRAIN_L_CF3_RI1_TI3_R01__it0000541,CB1_TRAIN_L_CF3_RI1_TI3_R01,0.9062271062271062,False,0.8571428571428571,0.00016919538534430027
CB1_TRAIN_L_CF3_RI1_TI3_R01__it0000609,CB1_TRAIN_L_CF3_RI1_TI3_R01,0.8593406593406593,False,0.8571428571428571,7.752855101413156e-05
CB1_TRAIN_L_CF3_RI1_TI3_R01__it0000648,CB1_TRAIN_L_CF3_RI1_TI3_R01,0.6673992673992674,False,1.0,0.0001330987595257327
CB1_TRAIN_L_CF3_RI1_TI3_R01__it0000734,CB1_TRAIN_L_CF3_RI1_TI3_R01,0.8417582417582418,False,1.0,0.00010564620858862177
CB1_TRAIN_L_CF3_RI1_TI3_R01__it0000757,CB1_TRAIN_L_CF3_RI1_TI3_R01,0.8373626373626374,False,0.9285714285714286,0.00016201154023926185
CB1_TRAIN_L_CF3_RI1_TI3_R01__it0000802,CB1_TRAIN_L_CF3_RI1_TI3_R01,0.805128205128205,False,1.0,9.971687826182006e-05
CB1_TRAIN_L_CF3_RI1_TI3_R01__it0000863,CB1_TRAIN_L_CF3_RI1_TI3_R01,0.8534798534798534,False,1.0,0.00011608682259745647
CB1_TRAIN_L_CF3_RI1_TI3_R01__it0000928,CB1_TRAIN_L_CF3_RI1_TI3_R01,0.8571428571428571,False,1.0,0.00013074672767314383
CB1_TRAIN_L_CF3_RI1_TI3_R01__it0000976,CB1_TRAIN_L_CF3_RI1_TI3_R01,0.8197802197802199,False,0.9285714285714286,0.0001607350671185227
CB1_TRAIN_L_CF3_RI1_TI3_R01__it0001019,CB1_TRAIN_L_CF3_RI1_TI3_R01,0.7860805860805861,True,0.9285714285714286,0.00010427959069339847
CB1_TRAIN_L_CF3_RI1_TI3_R01__it0001153,CB1_TRAIN_L_CF3_RI1_TI3_R01,0.8109890109890111,False,1.0,0.000135725092859259
CB1_TRAIN_L_CF3_RI1_TI3_R01__it0001362,CB1_TRAIN_L_CF3_RI1_TI3_R01,0.5677655677655677,False,1.0,0.00015655418092600643
CB1_TRAIN_L_CF3_RI1_TI3_R01__it0001493,CB1_TRAIN_L_CF3_RI1_TI3_R01,0.7216117216117217,False,1.0,0.0001375903962697371
CB1_TRAIN_L_CF3_RI1_TI3_R01__it0001578,CB1_TRAIN_L_CF3_RI1_TI3_R01,0.8637362637362638,False,0.9285714285714286,0.00011195923205809928
CB1_TRAIN_L_CF3_RI1_TI3_R01__it0001680,CB1_TRAIN_L_CF3_RI1_TI3_R01,0.7934065934065934,False,0.9285714285714286,0.00010500017103815257
CB1_TRAIN_L_CF3_RI1_TI3_R01__it0001711,CB1_TRAIN_L_CF3_RI1_TI3_R01,0.706959706959707,False,1.0,9.548643022337202e-05
CB1_TRAIN_L_CF3_RI1_TI3_R01__it0001760,CB1_TRAIN_L_CF3_RI1_TI3_R01,0.8564102564102565,False,0.9285714285714286,9.785908691588225e-05
CB1_TRAIN_L_CF3_RI2_TI1_R01__it0000007,CB1_TRAIN_L_CF3_RI2_TI1_R01,0.9194139194139194,True,1.0,0.0005075501202913854
CB1_TRAIN_L_CF3_RI2_TI1_R01__it0000090,CB1_TRAIN_L_CF3_RI2_TI1_R01,0.9399267399267398,True,0.9285714285714286,0.0005402908777506321
CB1_TRAIN_L_CF3_RI2_TI1_R01__it0000097,CB1_TRAIN_L_CF3_RI2_TI1_R01,0.9194139194139194,True,0.8571428571428571,0.0004436262203030456
CB1_TRAIN_L_CF3_RI2_TI1_R01__it0000195,CB1_TRAIN_L_CF3_RI2_TI1_R01,0.923809523809524,True,1.0,0.0005888393141548356
CB1_TRAIN_L_CF3_RI2_TI1_R01__it0000365,CB1_TRAIN_L_CF3_RI2_TI1_R01,0.832967032967033,True,0.9285714285714286,0.0009130768145444284
CB1_TRAIN_L_CF3_RI2_TI1_R01__it0000495,CB1_TRAIN_L_CF3_RI2_TI1_R01,0.9120879120879121,True,1.0,0.0003635555291302905
CB1_TRAIN_L_CF3_RI2_TI1_R01__it0000545,CB1_TRAIN_L_CF3_RI2_TI1_R01,0.915018315018315,True,1.0,0.00046304620404361046
CB1_TRAIN_L_CF3_RI2_TI1_R01__it0000551,CB1_TRAIN_L_CF3_RI2_TI1_R01,0.9223443223443223,False,1.0,0.0007619153844102761
CB1_TRAIN_L_CF3_RI2_TI1_R01__it0000628,CB1_TRAIN_L_CF3_RI2_TI1_R01,0.8857142857142857,False,1.0,0.0006611936768268774
CB1_TRAIN_L_CF3_RI2_TI1_R01__it0000638,CB1_TRAIN_L_CF3_RI2_TI1_R01,0.8124542124542126,False,1.0,0.0005208060777770687
CB1_TRAIN_L_CF3_RI2_TI1_R01__it0000725,CB1_TRAIN_L_CF3_RI2_TI1_R01,0.9164835164835164,True,1.0,0.0004094433897071824
CB1_TRAIN_L_CF3_RI2_TI1_R01__it0000754,CB1_TRAIN_L_CF3_RI2_TI1_R01,0.9575091575091575,True,1.0,0.0003564779387478706
CB1_TRAIN_L_CF3_RI2_TI1_R01__it0000854,CB1_TRAIN_L_CF3_RI2_TI1_R01,0.7333333333333334,True,1.0,0.0008249548510625336
CB1_TRAIN_L_CF3_RI2_TI1_R01__it0000862,CB1_TRAIN_L_CF3_RI2_TI1_R01,0.8637362637362638,True,1.0,0.0008152894985775087
CB1_TRAIN_L_CF3_RI2_TI1_R01__it0000874,CB1_TRAIN_L_CF3_RI2_TI1_R01,0.8666666666666667,False,1.0,0.0004133673866843774
CB1_TRAIN_L_CF3_RI2_TI1_R01__it0000876,CB1_TRAIN_L_CF3_RI2_TI1_R01,0.9282051282051281,True,1.0,0.00035751253985894383
CB1_TRAIN_L_CF3_RI2_TI1_R01__it0000900,CB1_TRAIN_L_CF3_RI2_TI1_R01,0.8578754578754578,False,1.0,0.0009601132343689722
CB1_TRAIN_L_CF3_RI2_TI1_R01__it0001313,CB1_TRAIN_L_CF3_RI2_TI1_R01,0.931135531135531,False,1.0,0.0005422630650006263
CB1_TRAIN_L_CF3_RI2_TI1_R01__it0001547,CB1_TRAIN_L_CF3_RI2_TI1_R01,0.8007326007326007,True,1.0,0.0005898092469556316
CB1_TRAIN_L_CF3_RI2_TI2_R01__it0000034,CB1_TRAIN_L_CF3_RI2_TI2_R01,0.6117216117216118,False,0.6428571428571429,0.00015996567829419268
CB1_TRAIN_L_CF3_RI2_TI2_R01__it0000059,CB1_TRAIN_L_CF3_RI2_TI2_R01,0.8930402930402931,False,0.8571428571428571,0.0002991821949256857
CB1_TRAIN_L_CF3_RI2_TI2_R01__it0000072,CB1_TRAIN_L_CF3_RI2_TI2_R01,0.9443223443223445,False,0.8571428571428571,0.00021919939472477942
CB1_TRAIN_L_CF3_RI2_TI2_R01__it0000147,CB1_TRAIN_L_CF3_RI2_TI2_R01,0.8124542124542123,False,0.8571428571428571,0.0003165481705428761
CB1_TRAIN_L_CF3_RI2_TI2_R01__it0000280,CB1_TRAIN_L_CF3_RI2_TI2_R01,0.8109890109890111,False,0.7857142857142857,0.0001985497914183394
CB1_TRAIN_L_CF3_RI2_TI2_R01__it0000294,CB1_TRAIN_L_CF3_RI2_TI2_R01,0.87985347985348,False,0.8571428571428571,0.000295910203170791
CB1_TRAIN_L_CF3_RI2_TI2_R01__it0000321,CB1_TRAIN_L_CF3_RI2_TI2_R01,0.8666666666666666,False,0.9285714285714286,0.00023988840144604365
CB1_TRAIN_L_CF3_RI2_TI2_R01__it0000392,CB1_TRAIN_L_CF3_RI2_TI2_R01,0.7919413919413919,False,0.8571428571428571,0.00019942457649927783
CB1_TRAIN_L_CF3_RI2_TI2_R01__it0000407,CB1_TRAIN_L_CF3_RI2_TI2_R01,0.8241758241758242,False,1.0,0.00028993287460291983
CB1_TRAIN_L_CF3_RI2_TI2_R01__it0000488,CB1_TRAIN_L_CF3_RI2_TI2_R01,0.9399267399267398,False,1.0,0.0002711113489088936
CB1_TRAIN_L_CF3_RI2_TI2_R01__it0000489,CB1_TRAIN_L_CF3_RI2_TI2_R01,0.8622710622710623,False,0.9285714285714286,0.0001757322313906324
CB1_TRAIN_L_CF3_RI2_TI2_R01__it0000492,CB1_TRAIN_L_CF3_RI2_TI2_R01,0.8183150183150184,True,0.9285714285714286,0.000310419343193913
CB1_TRAIN_L_CF3_RI2_TI2_R01__it0000548,CB1_TRAIN_L_CF3_RI2_TI2_R01,0.9604395604395605,False,0.7857142857142857,0.0002006987337990485
CB1_TRAIN_L_CF3_RI2_TI2_R01__it0000706,CB1_TRAIN_L_CF3_RI2_TI2_R01,0.8003663003663003,True,0.9230769230769231,0.0002931280618509032
CB1_TRAIN_L_CF3_RI2_TI2_R01__it0000764,CB1_TRAIN_L_CF3_RI2_TI2_R01,0.9032967032967033,True,0.7857142857142857,0.00017885645939434068
CB1_TRAIN_L_CF3_RI2_TI2_R01__it0000845,CB1_TRAIN_L_CF3_RI2_TI2_R01,0.9091575091575091,False,0.7857142857142857,0.00029979064523930326
CB1_TRAIN_L_CF3_RI2_TI2_R01__it0000910,CB1_TRAIN_L_CF3_RI2_TI2_R01,0.9765567765567766,True,0.9285714285714286,0.00020271279507069894
CB1_TRAIN_L_CF3_RI2_TI2_R01__it0000971,CB1_TRAIN_L_CF3_RI2_TI2_R01,0.9282051282051281,True,1.0,0.00026102847694520936
CB1_TRAIN_L_CF3_RI2_TI2_R01__it0000972,CB1_TRAIN_L_CF3_RI2_TI2_R01,0.8956043956043956,False,0.9230769230769231,0.0003337476433052513
CB1_TRAIN_L_CF3_RI2_TI2_R01__it0001260,CB1_TRAIN_L_CF3_RI2_TI2_R01,0.8490842490842491,True,1.0,0.00031470042839423003
CB1_TRAIN_L_CF3_RI2_TI2_R01__it0001303,CB1_TRAIN_L_CF3_RI2_TI2_R01,0.9296703296703298,True,1.0,0.0002744437884315694
CB1_TRAIN_L_CF3_RI2_TI2_R01__it0001341,CB1_TRAIN_L_CF3_RI2_TI2_R01,0.8886446886446887,True,0.9285714285714286,0.0002849404400919417
CB1_TRAIN_L_CF3_RI2_TI2_R01__it0001621,CB1_TRAIN_L_CF3_RI2_TI2_R01,0.9076923076923077,True,1.0,0.00031271225669178424
CB1_TRAIN_L_CF3_RI2_TI3_R01__it0000049,CB1_TRAIN_L_CF3_RI2_TI3_R01,0.8153846153846155,False,0.6428571428571429,0.00019187769511831986
CB1_TRAIN_L_CF3_RI2_TI3_R01__it0000146,CB1_TRAIN_L_CF3_RI2_TI3_R01,0.6967032967032968,True,0.7142857142857143,0.00011657585843097397
CB1_TRAIN_L_CF3_RI2_TI3_R01__it0000184,CB1_TRAIN_L_CF3_RI2_TI3_R01,0.934065934065934,False,0.9285714285714286,8.283571797476066e-05
CB1_TRAIN_L_CF3_RI2_TI3_R01__it0000203,CB1_TRAIN_L_CF3_RI2_TI3_R01,0.9428571428571427,False,0.9285714285714286,6.861807848011875e-05
CB1_TRAIN_L_CF3_RI2_TI3_R01__it0000234,CB1_TRAIN_L_CF3_RI2_TI3_R01,0.8271062271062272,True,1.0,0.00012048275623509134
CB1_TRAIN_L_CF3_RI2_TI3_R01__it0000297,CB1_TRAIN_L_CF3_RI2_TI3_R01,0.816849816849817,False,0.8571428571428571,0.00014698476025586574
CB1_TRAIN_L_CF3_RI2_TI3_R01__it0000332,CB1_TRAIN_L_CF3_RI2_TI3_R01,0.816849816849817,True,0.9285714285714286,0.00011392592231439141
CB1_TRAIN_L_CF3_RI2_TI3_R01__it0000341,CB1_TRAIN_L_CF3_RI2_TI3_R01,0.8725274725274725,False,0.9285714285714286,0.00010567705240286473
CB1_TRAIN_L_CF3_RI2_TI3_R01__it0000419,CB1_TRAIN_L_CF3_RI2_TI3_R01,0.8373626373626374,False,1.0,0.00011324283435760869
CB1_TRAIN_L_CF3_RI2_TI3_R01__it0000435,CB1_TRAIN_L_CF3_RI2_TI3_R01,0.915018315018315,False,1.0,8.690625426452758e-05
CB1_TRAIN_L_CF3_RI2_TI3_R01__it0000612,CB1_TRAIN_L_CF3_RI2_TI3_R01,0.5472527472527472,True,1.0,0.0001406423933106464
CB1_TRAIN_L_CF3_RI2_TI3_R01__it0000868,CB1_TRAIN_L_CF3_RI2_TI3_R01,0.8886446886446887,True,1.0,9.500568579342979e-05
CB1_TRAIN_L_CF3_RI2_TI3_R01__it0000897,CB1_TRAIN_L_CF3_RI2_TI3_R01,0.816849816849817,False,0.9285714285714286,0.00016996177702094321
CB1_TRAIN_L_CF3_RI2_TI3_R01__it0000993,CB1_TRAIN_L_CF3_RI2_TI3_R01,0.9575091575091575,False,1.0,7.506301606224513e-05
CB1_TRAIN_L_CF3_RI2_TI3_R01__it0001198,CB1_TRAIN_L_CF3_RI2_TI3_R01,0.8622710622710623,True,1.0,0.00015131230376315264
CB1_TRAIN_L_CF3_RI2_TI3_R01__it0001223,CB1_TRAIN_L_CF3_RI2_TI3_R01,0.8930402930402931,False,1.0,0.00010073269874703256
CB1_TRAIN_L_CF3_RI2_TI3_R01__it0001236,CB1_TRAIN_L_CF3_RI2_TI3_R01,0.9355311355311354,False,1.0,0.00011881547038074501
CB1_TRAIN_L_CF3_RI2_TI3_R01__it0001369,CB1_TRAIN_L_CF3_RI2_TI3_R01,0.8827838827838828,False,1.0,0.00013323725447861534
CB1_TRAIN_L_CF3_RI2_TI3_R01__it0001654,CB1_TRAIN_L_CF3_RI2_TI3_R01,0.9164835164835164,False,1.0,0.00010156493037736107
CB1_TRAIN_L_CF3_RI2_TI3_R01__it0001758,CB1_TRAIN_L_CF3_RI2_TI3_R01,0.8809523809523809,False,1.0,5.823766220722815e-05
CB1_TRAIN_L_CF3_RI2_TI3_R01__it0001774,CB1_TRAIN_L_CF3_RI2_TI3_R01,0.8168498168498167,True,1.0,6.330361465482075e-05
CB1_TRAIN_L_CF3_RI3_TI1_R01__it0000180,CB1_TRAIN_L_CF3_RI3_TI1_R01,0.7846153846153846,False,1.0,0.0011889315182902502
CB1_TRAIN_L_CF3_RI3_TI1_R01__it0000281,CB1_TRAIN_L_CF3_RI3_TI1_R01,0.9018315018315018,True,1.0,0.0005553531425366911
CB1_TRAIN_L_CF3_RI3_TI1_R01__it0000360,CB1_TRAIN_L_CF3_RI3_TI1_R01,0.9032967032967033,False,1.0,0.0007209598554443407
CB1_TRAIN_L_CF3_RI3_TI1_R01__it0000437,CB1_TRAIN_L_CF3_RI3_TI1_R01,0.8300366300366301,False,0.9285714285714286,0.0008141617664628104
CB1_TRAIN_L_CF3_RI3_TI1_R01__it0000520,CB1_TRAIN_L_CF3_RI3_TI1_R01,0.8666666666666668,True,1.0,0.0004906804074566967
CB1_TRAIN_L_CF3_RI3_TI1_R01__it0000582,CB1_TRAIN_L_CF3_RI3_TI1_R01,0.953113553113553,True,0.9285714285714286,0.000850100588617059
CB1_TRAIN_L_CF3_RI3_TI1_R01__it0000717,CB1_TRAIN_L_CF3_RI3_TI1_R01,0.9047619047619048,False,1.0,0.0007935070712187717
CB1_TRAIN_L_CF3_RI3_TI1_R01__it0000748,CB1_TRAIN_L_CF3_RI3_TI1_R01,0.9238095238095237,False,1.0,0.0005680291102524826
CB1_TRAIN_L_CF3_RI3_TI1_R01__it0000779,CB1_TRAIN_L_CF3_RI3_TI1_R01,0.9516483516483515,True,1.0,0.0005223343908199524
CB1_TRAIN_L_CF3_RI3_TI1_R01__it0000793,CB1_TRAIN_L_CF3_RI3_TI1_R01,0.8915750915750915,True,1.0,0.0006744147580002188
CB1_TRAIN_L_CF3_RI3_TI1_R01__it0000890,CB1_TRAIN_L_CF3_RI3_TI1_R01,0.8402930402930403,True,1.0,0.0008619019225103734
CB1_TRAIN_L_CF3_RI3_TI1_R01__it0001038,CB1_TRAIN_L_CF3_RI3_TI1_R01,0.8578754578754579,True,1.0,0.0005968166633089699
CB1_TRAIN_L_CF3_RI3_TI1_R01__it0001401,CB1_TRAIN_L_CF3_RI3_TI1_R01,0.8476190476190476,True,1.0,0.0009001453683315033
CB1_TRAIN_L_CF3_RI3_TI1_R01__it0001490,CB1_TRAIN_L_CF3_RI3_TI1_R01,0.8710622710622711,False,1.0,0.0008398852475300715
CB1_TRAIN_L_CF3_RI3_TI1_R01__it0001531,CB1_TRAIN_L_CF3_RI3_TI1_R01,0.9619047619047619,True,0.9285714285714286,0.0008150365536998964
CB1_TRAIN_L_CF3_RI3_TI1_R01__it0001555,CB1_TRAIN_L_CF3_RI3_TI1_R01,0.9413919413919413,True,0.9285714285714286,0.0009864167479314678
CB1_TRAIN_L_CF3_RI3_TI1_R01__it0001617,CB1_TRAIN_L_CF3_RI3_TI1_R01,0.934065934065934,True,0.9285714285714286,0.0006374421051453945
CB1_TRAIN_L_CF3_RI3_TI1_R01__it0001642,CB1_TRAIN_L_CF3_RI3_TI1_R01,0.945787545787546,False,1.0,0.0004985138941367817
CB1_TRAIN_L_CF3_RI3_TI1_R01__it0001812,CB1_TRAIN_L_CF3_RI3_TI1_R01,0.9018315018315018,True,1.0,0.0005995855524886702
CB1_TRAIN_L_CF3_RI3_TI1_R01__it0001869,CB1_TRAIN_L_CF3_RI3_TI1_R01,0.8212454212454213,False,1.0,0.0015923876766094447
CB1_TRAIN_L_CF3_RI3_TI1_R01__it0001878,CB1_TRAIN_L_CF3_RI3_TI1_R01,0.816849816849817,True,1.0,0.0009738149682949778
CB1_TRAIN_L_CF3_RI3_TI1_R01__it0001958,CB1_TRAIN_L_CF3_RI3_TI1_R01,0.8857142857142857,False,1.0,0.0005780515440498923
CB1_TRAIN_L_CF3_RI3_TI1_R01__it0002060,CB1_TRAIN_L_CF3_RI3_TI1_R01,0.8095238095238096,True,1.0,0.0009238770601871421
CB1_TRAIN_L_CF3_RI3_TI2_R01__it0000001,CB1_TRAIN_L_CF3_RI3_TI2_R01,0.5970695970695972,False,0.5714285714285714,0.0005630343950872417
CB1_TRAIN_L_CF3_RI3_TI2_R01__it0000066,CB1_TRAIN_L_CF3_RI3_TI2_R01,0.8827838827838828,False,0.7857142857142857,0.00019344784759159892
CB1_TRAIN_L_CF3_RI3_TI2_R01__it0000070,CB1_TRAIN_L_CF3_RI3_TI2_R01,0.6282051282051282,False,0.6153846153846154,0.00029544971231783735
CB1_TRAIN_L_CF3_RI3_TI2_R01__it0000155,CB1_TRAIN_L_CF3_RI3_TI2_R01,0.7860805860805861,False,0.9285714285714286,0.0007106613599531613
CB1_TRAIN_L_CF3_RI3_TI2_R01__it0000227,CB1_TRAIN_L_CF3_RI3_TI2_R01,0.5428571428571428,False,0.9285714285714286,0.0007454152080368819
CB1_TRAIN_L_CF3_RI3_TI2_R01__it0000505,CB1_TRAIN_L_CF3_RI3_TI2_R01,0.915018315018315,False,1.0,0.00023099957636755897
CB1_TRAIN_L_CF3_RI3_TI2_R01__it0000773,CB1_TRAIN_L_CF3_RI3_TI2_R01,0.8446886446886447,False,0.9285714285714286,0.0003426856738910216
CB1_TRAIN_L_CF3_RI3_TI2_R01__it0000796,CB1_TRAIN_L_CF3_RI3_TI2_R01,0.8021978021978021,False,0.8571428571428571,0.0003338195688343734
CB1_TRAIN_L_CF3_RI3_TI2_R01__it0000914,CB1_TRAIN_L_CF3_RI3_TI2_R01,0.8564102564102564,False,1.0,0.00022513166740904228
CB1_TRAIN_L_CF3_RI3_TI2_R01__it0001283,CB1_TRAIN_L_CF3_RI3_TI2_R01,0.9355311355311354,True,1.0,0.0003009149943029076
CB1_TRAIN_L_CF3_RI3_TI2_R01__it0001311,CB1_TRAIN_L_CF3_RI3_TI2_R01,0.8564102564102565,True,1.0,0.0007320327945557833
CB1_TRAIN_L_CF3_RI3_TI2_R01__it0001365,CB1_TRAIN_L_CF3_RI3_TI2_R01,0.7728937728937728,True,1.0,0.0004354731567612674
CB1_TRAIN_L_CF3_RI3_TI2_R01__it0001370,CB1_TRAIN_L_CF3_RI3_TI2_R01,0.9120879120879121,True,1.0,0.0002854585262967185
CB1_TRAIN_L_CF3_RI3_TI2_R01__it0001511,CB1_TRAIN_L_CF3_RI3_TI2_R01,0.9252747252747252,True,1.0,0.0003628995051408843
CB1_TRAIN_L_CF3_RI3_TI2_R01__it0001533,CB1_TRAIN_L_CF3_RI3_TI2_R01,0.9326007326007325,True,1.0,0.00022729456687711319
CB1_TRAIN_L_CF3_RI3_TI2_R01__it0001537,CB1_TRAIN_L_CF3_RI3_TI2_R01,0.7919413919413919,True,1.0,0.00033923347855058185
CB1_TRAIN_L_CF3_RI3_TI2_R01__it0001721,CB1_TRAIN_L_CF3_RI3_TI2_R01,0.7904761904761904,True,1.0,0.0004919521796950102
CB1_TRAIN_L_CF3_RI3_TI2_R01__it0001741,CB1_TRAIN_L_CF3_RI3_TI2_R01,0.931135531135531,True,1.0,0.00025231262880735507
CB1_TRAIN_L_CF3_RI3_TI2_R01__it0001811,CB1_TRAIN_L_CF3_RI3_TI2_R01,0.9062271062271062,True,1.0,0.0005047658692900642
CB1_TRAIN_L_CF3_RI3_TI2_R01__it0001874,CB1_TRAIN_L_CF3_RI3_TI2_R01,0.8622710622710622,True,1.0,0.00026528255359724675
CB1_TRAIN_L_CF3_RI3_TI2_R01__it0001881,CB1_TRAIN_L_CF3_RI3_TI2_R01,0.9252747252747252,False,1.0,0.0003748875518216816
CB1_TRAIN_L_CF3_RI3_TI2_R01__it0001953,CB1_TRAIN_L_CF3_RI3_TI2_R01,0.9531135531135533,True,1.0,0.0006587332501840012
CB1_TRAIN_L_CF3_RI3_TI3_R01__it0000054,CB1_TRAIN_L_CF3_RI3_TI3_R01,0.7699633699633699,False,0.8571428571428571,0.00017741648483468863
CB1_TRAIN_L_CF3_RI3_TI3_R01__it0000153,CB1_TRAIN_L_CF3_RI3_TI3_R01,0.8725274725274725,False,0.8571428571428571,0.0001770369202162788
CB1_TRAIN_L_CF3_RI3_TI3_R01__it0000172,CB1_TRAIN_L_CF3_RI3_TI3_R01,0.9340659340659342,True,1.0,0.0001276072411500178
CB1_TRAIN_L_CF3_RI3_TI3_R01__it0000184,CB1_TRAIN_L_CF3_RI3_TI3_R01,0.8417582417582418,False,0.7142857142857143,0.00012295514147875808
CB1_TRAIN_L_CF3_RI3_TI3_R01__it0000270,CB1_TRAIN_L_CF3_RI3_TI3_R01,0.873992673992674,False,1.0,0.00013293294205736557
CB1_TRAIN_L_CF3_RI3_TI3_R01__it0000417,CB1_TRAIN_L_CF3_RI3_TI3_R01,0.9443223443223444,False,0.7142857142857143,0.0001404149935209424
CB1_TRAIN_L_CF3_RI3_TI3_R01__it0000641,CB1_TRAIN_L_CF3_RI3_TI3_R01,0.6556776556776557,False,1.0,0.00030730204752038435
CB1_TRAIN_L_CF3_RI3_TI3_R01__it0000793,CB1_TRAIN_L_CF3_RI3_TI3_R01,0.8652014652014652,False,1.0,0.00021017916090613204
CB1_TRAIN_L_CF3_RI3_TI3_R01__it0000971,CB1_TRAIN_L_CF3_RI3_TI3_R01,0.6501831501831502,False,1.0,0.00030716793151741004
CB1_TRAIN_L_CF3_RI3_TI3_R01__it0001231,CB1_TRAIN_L_CF3_RI3_TI3_R01,0.8476190476190476,False,0.6428571428571429,0.00014639660646199916
CB1_TRAIN_L_CF3_RI3_TI3_R01__it0001245,CB1_TRAIN_L_CF3_RI3_TI3_R01,0.8626373626373627,True,0.6923076923076923,0.00015461437735004842
CB1_TRAIN_L_CF3_RI3_TI3_R01__it0001261,CB1_TRAIN_L_CF3_RI3_TI3_R01,0.6135531135531136,False,0.8461538461538461,0.00020385019348414819
CB1_TRAIN_L_CF3_RI3_TI3_R01__it0001312,CB1_TRAIN_L_CF3_RI3_TI3_R01,0.8095238095238094,False,0.8461538461538461,0.00016196602442751032
CB1_TRAIN_L_CF3_RI3_TI3_R01__it0001340,CB1_TRAIN_L_CF3_RI3_TI3_R01,0.9223443223443223,True,0.6428571428571429,0.0002506158756083083
CB1_TRAIN_L_CF3_RI3_TI3_R01__it0001404,CB1_TRAIN_L_CF3_RI3_TI3_R01,0.8945054945054945,False,1.0,0.00012630724117070077
CB1_TRAIN_L_CF3_RI3_TI3_R01__it0001477,CB1_TRAIN_L_CF3_RI3_TI3_R01,0.8666666666666667,False,1.0,0.00026295562521068427
CB1_TRAIN_L_CF3_RI3_TI3_R01__it0001478,CB1_TRAIN_L_CF3_RI3_TI3_R01,0.9355311355311354,True,0.9285714285714286,9.993376663619751e-05
CB1_TRAIN_L_CF3_RI3_TI3_R01__it0001496,CB1_TRAIN_L_CF3_RI3_TI3_R01,0.8666666666666667,False,1.0,0.00020027566838913007
CB1_TRAIN_L_CF3_RI3_TI3_R01__it0001953,CB1_TRAIN_L_CF3_RI3_TI3_R01,0.9032967032967033,True,1.0,0.0001349668260811474
CB1_TRAIN_L_CF3_RI3_TI3_R01__it0001995,CB1_TRAIN_L_CF3_RI3_TI3_R01,0.8285714285714286,False,1.0,0.00014408098373223062
CB1_TRAIN_L_CF3_RI3_TI3_R01__it0002273,CB1_TRAIN_L_CF3_RI3_TI3_R01,0.8959706959706959,False,1.0,0.0001691686520582591
CB1_TRAIN_M_CF1_RI1_TI1_R01__it0000088,CB1_TRAIN_M_CF1_RI1_TI1_R01,0.6037296037296038,False,1.0,0.0006939097637380032
CB1_TRAIN_M_CF1_RI1_TI1_R01__it0000133,CB1_TRAIN_M_CF1_RI1_TI1_R01,0.6721611721611721,False,0.8461538461538461,0.0003496365432899126
CB1_TRAIN_M_CF1_RI1_TI1_R01__it0000186,CB1_TRAIN_M_CF1_RI1_TI1_R01,0.6205128205128205,False,0.7857142857142857,0.00034342231304209514
CB1_TRAIN_M_CF1_RI1_TI1_R01__it0000501,CB1_TRAIN_M_CF1_RI1_TI1_R01,0.5443223443223443,False,1.0,0.0009315529733981932
CB1_TRAIN_M_CF1_RI1_TI1_R01__it0000512,CB1_TRAIN_M_CF1_RI1_TI1_R01,0.6996336996336997,False,0.8571428571428571,0.0008720256812473736
CB1_TRAIN_M_CF1_RI1_TI1_R01__it0000662,CB1_TRAIN_M_CF1_RI1_TI1_R01,0.6923076923076922,False,1.0,0.0005213581932309016
CB1_TRAIN_M_CF1_RI1_TI1_R01__it0000680,CB1_TRAIN_M_CF1_RI1_TI1_R01,0.6923076923076922,True,1.0,0.0010411187617634455
CB1_TRAIN_M_CF1_RI1_TI1_R01__it0001032,CB1_TRAIN_M_CF1_RI1_TI1_R01,0.813919413919414,False,1.0,0.0002526004152776492
CB1_TRAIN_M_CF1_RI1_TI1_R01__it0001224,CB1_TRAIN_M_CF1_RI1_TI1_R01,0.6673992673992674,False,1.0,0.0004377656463409035
CB1_TRAIN_M_CF1_RI1_TI1_R01__it0001236,CB1_TRAIN_M_CF1_RI1_TI1_R01,0.6351648351648351,False,0.9285714285714286,0.0006626587121432789
CB1_TRAIN_M_CF1_RI1_TI1_R01__it0001278,CB1_TRAIN_M_CF1_RI1_TI1_R01,0.10769230769230768,False,1.0,0.0007422780592531098
CB1_TRAIN_M_CF1_RI1_TI1_R01__it0001361,CB1_TRAIN_M_CF1_RI1_TI1_R01,0.6468864468864469,False,1.0,0.0004082382016023673
CB1_TRAIN_M_CF1_RI1_TI1_R01__it0001378,CB1_TRAIN_M_CF1_RI1_TI1_R01,0.5589743589743591,False,1.0,0.0004936451897651618
CB1_TRAIN_M_CF1_RI1_TI1_R01__it0001444,CB1_TRAIN_M_CF1_RI1_TI1_R01,0.4153846153846154,False,1.0,0.00030555994975437156
CB1_TRAIN_M_CF1_RI1_TI1_R01__it0001462,CB1_TRAIN_M_CF1_RI1_TI1_R01,0.6732600732600732,False,1.0,0.00030644380896494857
CB1_TRAIN_M_CF1_RI1_TI1_R01__it0001493,CB1_TRAIN_M_CF1_RI1_TI1_R01,0.3128205128205128,False,1.0,0.0004923423158177187
CB1_TRAIN_M_CF1_RI1_TI1_R01__it0001548,CB1_TRAIN_M_CF1_RI1_TI1_R01,0.3831501831501831,False,1.0,0.00043559855449867374
CB1_TRAIN_M_CF1_RI1_TI1_R01__it0001695,CB1_TRAIN_M_CF1_RI1_TI1_R01,0.37435897435897436,False,1.0,0.000565624065032449
CB1_TRAIN_M_CF1_RI1_TI2_R01__it0000142,CB1_TRAIN_M_CF1_RI1_TI2_R01,0.767032967032967,True,0.7142857142857143,0.000183621361690666
CB1_TRAIN_M_CF1_RI1_TI2_R01__it0000593,CB1_TRAIN_M_CF1_RI1_TI2_R01,0.7084249084249085,False,1.0,0.00021965371012015692
CB1_TRAIN_M_CF1_RI1_TI2_R01__it0000698,CB1_TRAIN_M_CF1_RI1_TI2_R01,0.668864468864469,False,1.0,0.00020036619412716725
CB1_TRAIN_M_CF1_RI1_TI2_R01__it0000801,CB1_TRAIN_M_CF1_RI1_TI2_R01,0.326007326007326,False,0.8571428571428571,0.0004177156224687748
CB1_TRAIN_M_CF1_RI1_TI2_R01__it0000860,CB1_TRAIN_M_CF1_RI1_TI2_R01,0.41684981684981687,False,0.7857142857142857,0.0004036006540290939
CB1_TRAIN_M_CF1_RI1_TI2_R01__it0000908,CB1_TRAIN_M_CF1_RI1_TI2_R01,0.3802197802197802,False,0.9285714285714286,0.00037424511663488046
CB1_TRAIN_M_CF1_RI1_TI2_R01__it0001341,CB1_TRAIN_M_CF1_RI1_TI2_R01,0.1912087912087912,False,0.9285714285714286,0.0004971095434058397
CB1_TRAIN_M_CF1_RI1_TI2_R01__it0001602,CB1_TRAIN_M_CF1_RI1_TI2_R01,0.1282051282051282,False,1.0,0.00036231628453850686
CB1_TRAIN_M_CF1_RI1_TI2_R01__it0001672,CB1_TRAIN_M_CF1_RI1_TI2_R01,0.1721611721611722,False,0.9285714285714286,0.0004910248873211837
CB1_TRAIN_M_CF1_RI1_TI3_R01__it0000055,CB1_TRAIN_M_CF1_RI1_TI3_R01,0.8241758241758242,False,0.8571428571428571,0.0002469906805961188
CB1_TRAIN_M_CF1_RI1_TI3_R01__it0000519,CB1_TRAIN_M_CF1_RI1_TI3_R01,0.2468864468864469,False,1.0,0.0003709002300542527
CB1_TRAIN_M_CF1_RI1_TI3_R01__it0000622,CB1_TRAIN_M_CF1_RI1_TI3_R01,0.48864468864468863,False,1.0,0.0003847932891064191
CB1_TRAIN_M_CF1_RI1_TI3_R01__it0001132,CB1_TRAIN_M_CF1_RI1_TI3_R01,0.1882783882783883,False,1.0,0.00048078521863409847
CB1_TRAIN_M_CF1_RI1_TI3_R01__it0001314,CB1_TRAIN_M_CF1_RI1_TI3_R01,0.5677655677655679,False,1.0,0.0001846559774181032
CB1_TRAIN_M_CF1_RI1_TI3_R01__it0001331,CB1_TRAIN_M_CF1_RI1_TI3_R01,0.5036630036630035,False,0.9230769230769231,0.0003453423905850943
CB1_TRAIN_M_CF1_RI1_TI3_R01__it0001346,CB1_TRAIN_M_CF1_RI1_TI3_R01,0.6967032967032966,False,0.9285714285714286,9.409988026523555e-05
CB1_TRAIN_M_CF1_RI1_TI3_R01__it0001561,CB1_TRAIN_M_CF1_RI1_TI3_R01,0.010989010989010986,False,1.0,0.00039132435779167375
CB1_TRAIN_M_CF1_RI1_TI3_R01__it0001641,CB1_TRAIN_M_CF1_RI1_TI3_R01,0.4739926739926739,False,0.9285714285714286,0.00023605182454520418
CB1_TRAIN_M_CF1_RI1_TI3_R01__it0001933,CB1_TRAIN_M_CF1_RI1_TI3_R01,0.3758241758241758,True,1.0,0.00023485061091809415
CB1_TRAIN_M_CF1_RI1_TI3_R01__it0002275,CB1_TRAIN_M_CF1_RI1_TI3_R01,0.347985347985348,False,1.0,0.000377301985382213
CB1_TRAIN_M_CF1_RI1_TI3_R01__it0002284,CB1_TRAIN_M_CF1_RI1_TI3_R01,0.0857142857142857,False,1.0,0.00035386968347716303
CB1_TRAIN_M_CF1_RI2_TI1_R01__it0000000,CB1_TRAIN_M_CF1_RI2_TI1_R01,0.2468864468864469,False,1.0,0.0012644950700012225
CB1_TRAIN_M_CF1_RI2_TI1_R01__it0000692,CB1_TRAIN_M_CF1_RI2_TI1_R01,0.7054945054945055,True,0.9285714285714286,0.0006330397810930021
CB1_TRAIN_M_CF1_RI2_TI1_R01__it0000954,CB1_TRAIN_M_CF1_RI2_TI1_R01,0.8315018315018315,True,1.0,0.0004273785811974611
CB1_TRAIN_M_CF1_RI2_TI1_R01__it0001122,CB1_TRAIN_M_CF1_RI2_TI1_R01,0.5780219780219781,False,1.0,0.0003982802008909691
CB1_TRAIN_M_CF1_RI2_TI1_R01__it0001169,CB1_TRAIN_M_CF1_RI2_TI1_R01,0.5780219780219781,True,1.0,0.00038729330356263497
CB1_TRAIN_M_CF1_RI2_TI1_R01__it0001386,CB1_TRAIN_M_CF1_RI2_TI1_R01,0.5736263736263737,False,1.0,0.00046712706160297014
CB1_TRAIN_M_CF1_RI2_TI1_R01__it0001464,CB1_TRAIN_M_CF1_RI2_TI1_R01,0.8827838827838828,False,1.0,0.00034259956686442315
CB1_TRAIN_M_CF1_RI2_TI1_R01__it0001556,CB1_TRAIN_M_CF1_RI2_TI1_R01,0.5282051282051282,False,1.0,0.0007089830791072808
CB1_TRAIN_M_CF1_RI2_TI1_R01__it0001965,CB1_TRAIN_M_CF1_RI2_TI1_R01,0.6278388278388278,False,0.9285714285714286,0.0005608749205747305
CB1_TRAIN_M_CF1_RI2_TI1_R01__it0002364,CB1_TRAIN_M_CF1_RI2_TI1_R01,0.7142857142857141,True,1.0,0.00037422252464195267
CB1_TRAIN_M_CF1_RI2_TI2_R01__it0000015,CB1_TRAIN_M_CF1_RI2_TI2_R01,0.6923076923076924,False,0.5,0.00032927958851649875
CB1_TRAIN_M_CF1_RI2_TI2_R01__it0000117,CB1_TRAIN_M_CF1_RI2_TI2_R01,0.6703296703296703,True,0.5,0.0003033779353329614
CB1_TRAIN_M_CF1_RI2_TI2_R01__it0000228,CB1_TRAIN_M_CF1_RI2_TI2_R01,0.5516483516483517,True,0.5,0.00037410124833962236
CB1_TRAIN_M_CF1_RI2_TI2_R01__it0000719,CB1_TRAIN_M_CF1_RI2_TI2_R01,0.5604395604395604,False,1.0,0.00023392565216008508
CB1_TRAIN_M_CF1_RI2_TI2_R01__it0000766,CB1_TRAIN_M_CF1_RI2_TI2_R01,0.5003663003663004,False,1.0,0.0003658866018611473
CB1_TRAIN_M_CF1_RI2_TI2_R01__it0000885,CB1_TRAIN_M_CF1_RI2_TI2_R01,0.6307692307692309,True,0.6428571428571429,0.0003228973774617194
CB1_TRAIN_M_CF1_RI2_TI2_R01__it0000969,CB1_TRAIN_M_CF1_RI2_TI2_R01,0.19963369963369962,True,0.8461538461538461,0.000663230354059218
CB1_TRAIN_M_CF1_RI2_TI2_R01__it0000977,CB1_TRAIN_M_CF1_RI2_TI2_R01,0.6278388278388278,False,0.8571428571428571,0.00046636536885996714
CB1_TRAIN_M_CF1_RI2_TI2_R01__it0001163,CB1_TRAIN_M_CF1_RI2_TI2_R01,0.23663003663003665,False,0.8571428571428571,0.0005740068243900084
CB1_TRAIN_M_CF1_RI2_TI2_R01__it0001202,CB1_TRAIN_M_CF1_RI2_TI2_R01,0.35091575091575095,False,1.0,0.00019524921960730325
CB1_TRAIN_M_CF1_RI2_TI2_R01__it0001816,CB1_TRAIN_M_CF1_RI2_TI2_R01,0.6761904761904761,False,1.0,0.00041903721352629374
CB1_TRAIN_M_CF1_RI2_TI2_R01__it0001870,CB1_TRAIN_M_CF1_RI2_TI2_R01,0.33040293040293045,False,0.8571428571428571,0.0006970942653759594
CB1_TRAIN_M_CF1_RI2_TI2_R01__it0001913,CB1_TRAIN_M_CF1_RI2_TI2_R01,0.6805860805860807,False,1.0,0.0005016784788069412
CB1_TRAIN_M_CF1_RI2_TI2_R01__it0002046,CB1_TRAIN_M_CF1_RI2_TI2_R01,0.5692307692307693,False,0.9285714285714286,0.0004910645828337146
CB1_TRAIN_M_CF1_RI2_TI2_R01__it0002173,CB1_TRAIN_M_CF1_RI2_TI2_R01,0.6886446886446885,False,0.9230769230769231,0.00025909134160901975
CB1_TRAIN_M_CF1_RI2_TI2_R01__it0002198,CB1_TRAIN_M_CF1_RI2_TI2_R01,0.6135531135531136,False,1.0,0.00044695540217565673
CB1_TRAIN_M_CF1_RI2_TI3_R01__it0000042,CB1_TRAIN_M_CF1_RI2_TI3_R01,0.6542124542124542,False,0.6428571428571429,0.000444213266579126
CB1_TRAIN_M_CF1_RI2_TI3_R01__it0000254,CB1_TRAIN_M_CF1_RI2_TI3_R01,0.5135531135531136,False,0.7857142857142857,0.00027925710041971176
CB1_TRAIN_M_CF1_RI2_TI3_R01__it0000604,CB1_TRAIN_M_CF1_RI2_TI3_R01,0.5267399267399268,False,1.0,0.00019220400762404397
CB1_TRAIN_M_CF1_RI2_TI3_R01__it0000620,CB1_TRAIN_M_CF1_RI2_TI3_R01,0.2293040293040293,False,1.0,0.00030415094785548257
CB1_TRAIN_M_CF1_RI2_TI3_R01__it0001049,CB1_TRAIN_M_CF1_RI2_TI3_R01,0.5487179487179487,False,1.0,0.00019665697878635432
CB1_TRAIN_M_CF1_RI2_TI3_R01__it0001226,CB1_TRAIN_M_CF1_RI2_TI3_R01,0.33186813186813185,False,1.0,0.0003054169549007069
CB1_TRAIN_M_CF1_RI2_TI3_R01__it0001291,CB1_TRAIN_M_CF1_RI2_TI3_R01,-0.0018315018315018354,False,1.0,0.0002702066063765223
CB1_TRAIN_M_CF1_RI2_TI3_R01__it0001399,CB1_TRAIN_M_CF1_RI2_TI3_R01,0.5428571428571428,False,1.0,0.00018294351467370497
CB1_TRAIN_M_CF1_RI2_TI3_R01__it0001500,CB1_TRAIN_M_CF1_RI2_TI3_R01,0.6512820512820513,False,1.0,0.00018008275363193876
CB1_TRAIN_M_CF1_RI2_TI3_R01__it0001609,CB1_TRAIN_M_CF1_RI2_TI3_R01,0.5003663003663004,False,1.0,0.00034161603271196805
CB1_TRAIN_M_CF1_RI2_TI3_R01__it0001744,CB1_TRAIN_M_CF1_RI2_TI3_R01,0.46959706959706954,False,1.0,0.00015989149262605413
CB1_TRAIN_M_CF1_RI2_TI3_R01__it0001796,CB1_TRAIN_M_CF1_RI2_TI3_R01,0.06776556776556776,False,1.0,0.0003276321899226268
CB1_TRAIN_M_CF1_RI2_TI3_R01__it0002224,CB1_TRAIN_M_CF1_RI2_TI3_R01,0.22893772893772893,False,1.0,0.0004327649434264701
CB1_TRAIN_M_CF1_RI2_TI3_R01__it0002292,CB1_TRAIN_M_CF1_RI2_TI3_R01,0.4461538461538462,False,1.0,0.0002616758707066075
CB1_TRAIN_M_CF1_RI3_TI1_R01__it0000724,CB1_TRAIN_M_CF1_RI3_TI1_R01,0.641025641025641,False,1.0,0.0010554210150547493
CB1_TRAIN_M_CF1_RI3_TI1_R01__it0000737,CB1_TRAIN_M_CF1_RI3_TI1_R01,0.7567765567765568,False,0.9285714285714286,0.0008083061594445202
CB1_TRAIN_M_CF1_RI3_TI1_R01__it0000758,CB1_TRAIN_M_CF1_RI3_TI1_R01,0.47252747252747257,False,1.0,0.0006889592974867715
CB1_TRAIN_M_CF1_RI3_TI1_R01__it0001087,CB1_TRAIN_M_CF1_RI3_TI1_R01,0.5780219780219781,True,1.0,0.0006191795473847702
CB1_TRAIN_M_CF1_RI3_TI1_R01__it0001191,CB1_TRAIN_M_CF1_RI3_TI1_R01,0.7274725274725276,False,1.0,0.0004998445785652464
CB1_TRAIN_M_CF1_RI3_TI1_R01__it0001206,CB1_TRAIN_M_CF1_RI3_TI1_R01,0.5047619047619047,False,1.0,0.0009814545828523357
CB1_TRAIN_M_CF1_RI3_TI1_R01__it0001293,CB1_TRAIN_M_CF1_RI3_TI1_R01,0.7875457875457875,False,1.0,0.001171721618832687
CB1_TRAIN_M_CF1_RI3_TI1_R01__it0001311,CB1_TRAIN_M_CF1_RI3_TI1_R01,0.6893772893772895,False,1.0,0.0006268221574344025
CB1_TRAIN_M_CF1_RI3_TI1_R01__it0001518,CB1_TRAIN_M_CF1_RI3_TI1_R01,0.580952380952381,False,1.0,0.0013605211066930593
CB1_TRAIN_M_CF1_RI3_TI1_R01__it0001833,CB1_TRAIN_M_CF1_RI3_TI1_R01,0.8644688644688645,False,1.0,0.0007277349794761038
CB1_TRAIN_M_CF1_RI3_TI1_R01__it0002330,CB1_TRAIN_M_CF1_RI3_TI1_R01,0.7465201465201465,False,1.0,0.000643502517365023
CB1_TRAIN_M_CF1_RI3_TI1_R01__it0002424,CB1_TRAIN_M_CF1_RI3_TI1_R01,0.8622710622710622,False,1.0,0.0003662399221621722
CB1_TRAIN_M_CF1_RI3_TI1_R01__it0002457,CB1_TRAIN_M_CF1_RI3_TI1_R01,0.31282051282051276,False,1.0,0.0004744224851482974
CB1_TRAIN_M_CF1_RI3_TI1_R01__it0002512,CB1_TRAIN_M_CF1_RI3_TI1_R01,0.6175824175824176,False,1.0,0.001004172689969482
CB1_TRAIN_M_CF1_RI3_TI2_R01__it0000017,CB1_TRAIN_M_CF1_RI3_TI2_R01,0.7245421245421246,False,0.5714285714285714,0.0007706723724772229
CB1_TRAIN_M_CF1_RI3_TI2_R01__it0000029,CB1_TRAIN_M_CF1_RI3_TI2_R01,0.7304029304029305,False,0.8571428571428571,0.00035598647676346473
CB1_TRAIN_M_CF1_RI3_TI2_R01__it0000381,CB1_TRAIN_M_CF1_RI3_TI2_R01,0.45787545787545786,False,1.0,0.0005320746386011397
CB1_TRAIN_M_CF1_RI3_TI2_R01__it0000518,CB1_TRAIN_M_CF1_RI3_TI2_R01,0.49743589743589745,False,0.7857142857142857,0.0007217927823888504
CB1_TRAIN_M_CF1_RI3_TI2_R01__it0000543,CB1_TRAIN_M_CF1_RI3_TI2_R01,0.5223443223443224,False,0.6428571428571429,0.0006004323886597197
CB1_TRAIN_M_CF1_RI3_TI2_R01__it0000591,CB1_TRAIN_M_CF1_RI3_TI2_R01,0.7201465201465203,False,1.0,0.0005987394887991201
CB1_TRAIN_M_CF1_RI3_TI2_R01__it0000694,CB1_TRAIN_M_CF1_RI3_TI2_R01,0.6703296703296703,False,1.0,0.0005031472723520469
CB1_TRAIN_M_CF1_RI3_TI2_R01__it0000738,CB1_TRAIN_M_CF1_RI3_TI2_R01,0.47985347985347987,False,1.0,0.0007389956293620504
CB1_TRAIN_M_CF1_RI3_TI2_R01__it0000823,CB1_TRAIN_M_CF1_RI3_TI2_R01,0.36446886446886445,False,0.9230769230769231,0.0004523528999196206
CB1_TRAIN_M_CF1_RI3_TI2_R01__it0000906,CB1_TRAIN_M_CF1_RI3_TI2_R01,0.3758241758241758,False,0.9285714285714286,0.0007699145545994678
CB1_TRAIN_M_CF1_RI3_TI2_R01__it0001043,CB1_TRAIN_M_CF1_RI3_TI2_R01,0.5340659340659341,False,0.9285714285714286,0.0003853530635905475
CB1_TRAIN_M_CF1_RI3_TI2_R01__it0001458,CB1_TRAIN_M_CF1_RI3_TI2_R01,0.389010989010989,False,1.0,0.0007015226417703823
CB1_TRAIN_M_CF1_RI3_TI2_R01__it0001535,CB1_TRAIN_M_CF1_RI3_TI2_R01,0.6527472527472528,False,0.9285714285714286,0.0006244837061037456
CB1_TRAIN_M_CF1_RI3_TI3_R01__it0000048,CB1_TRAIN_M_CF1_RI3_TI3_R01,0.6058608058608059,True,0.5,0.0003279980128907945
CB1_TRAIN_M_CF1_RI3_TI3_R01__it0000103,CB1_TRAIN_M_CF1_RI3_TI3_R01,0.6908424908424909,False,0.6428571428571429,0.0002706473210091744
CB1_TRAIN_M_CF1_RI3_TI3_R01__it0000315,CB1_TRAIN_M_CF1_RI3_TI3_R01,0.3831501831501832,False,1.0,0.0002856941076106437
CB1_TRAIN_M_CF1_RI3_TI3_R01__it0000355,CB1_TRAIN_M_CF1_RI3_TI3_R01,-0.0652014652014652,False,1.0,0.00034120736645569516
CB1_TRAIN_M_CF1_RI3_TI3_R01__it0000417,CB1_TRAIN_M_CF1_RI3_TI3_R01,0.46227106227106224,False,1.0,0.0003056715100124709
CB1_TRAIN_M_CF1_RI3_TI3_R01__it0000445,CB1_TRAIN_M_CF1_RI3_TI3_R01,0.5494505494505495,False,1.0,0.0002008646542398266
CB1_TRAIN_M_CF1_RI3_TI3_R01__it0000629,CB1_TRAIN_M_CF1_RI3_TI3_R01,0.45054945054945056,False,1.0,0.0003174530249240237
CB1_TRAIN_M_CF1_RI3_TI3_R01__it0000727,CB1_TRAIN_M_CF1_RI3_TI3_R01,0.05201465201465202,False,1.0,0.00038652711493943596
CB1_TRAIN_M_CF1_RI3_TI3_R01__it0000730,CB1_TRAIN_M_CF1_RI3_TI3_R01,0.4388278388278388,False,1.0,0.0004069927729901182
CB1_TRAIN_M_CF1_RI3_TI3_R01__it0000972,CB1_TRAIN_M_CF1_RI3_TI3_R01,0.5208791208791209,True,1.0,0.0006458718632051751
CB1_TRAIN_M_CF2_RI1_TI1_R01__it0000090,CB1_TRAIN_M_CF2_RI1_TI1_R01,0.7728937728937728,True,0.6428571428571429,0.00024937758138813144
CB1_TRAIN_M_CF2_RI1_TI1_R01__it0000155,CB1_TRAIN_M_CF2_RI1_TI1_R01,0.6278388278388278,False,0.8571428571428571,0.000617380076601599
CB1_TRAIN_M_CF2_RI1_TI1_R01__it0000193,CB1_TRAIN_M_CF2_RI1_TI1_R01,0.7765567765567766,False,0.8461538461538461,0.0005434996739131561
CB1_TRAIN_M_CF2_RI1_TI1_R01__it0000270,CB1_TRAIN_M_CF2_RI1_TI1_R01,0.7098901098901099,True,0.6428571428571429,0.0001985347396730508
CB1_TRAIN_M_CF2_RI1_TI1_R01__it0000302,CB1_TRAIN_M_CF2_RI1_TI1_R01,0.8344322344322345,False,0.9285714285714286,0.00047277520023021835
CB1_TRAIN_M_CF2_RI1_TI1_R01__it0000576,CB1_TRAIN_M_CF2_RI1_TI1_R01,0.5091575091575091,False,1.0,0.0007176255266454449
CB1_TRAIN_M_CF2_RI1_TI1_R01__it0000582,CB1_TRAIN_M_CF2_RI1_TI1_R01,0.6,False,1.0,0.00040033586745900007
CB1_TRAIN_M_CF2_RI1_TI1_R01__it0000630,CB1_TRAIN_M_CF2_RI1_TI1_R01,0.5501831501831501,False,1.0,0.0004163350806345373
CB1_TRAIN_M_CF2_RI1_TI1_R01__it0000956,CB1_TRAIN_M_CF2_RI1_TI1_R01,0.7186813186813187,False,1.0,0.000565346610728274
CB1_TRAIN_M_CF2_RI1_TI1_R01__it0001074,CB1_TRAIN_M_CF2_RI1_TI1_R01,0.8080586080586082,False,1.0,0.00031316083912081747
CB1_TRAIN_M_CF2_RI1_TI1_R01__it0001077,CB1_TRAIN_M_CF2_RI1_TI1_R01,0.6380952380952382,False,1.0,0.0005142573581172148
CB1_TRAIN_M_CF2_RI1_TI1_R01__it0001158,CB1_TRAIN_M_CF2_RI1_TI1_R01,0.27619047619047615,False,1.0,0.0005103450832138636
CB1_TRAIN_M_CF2_RI1_TI1_R01__it0001514,CB1_TRAIN_M_CF2_RI1_TI1_R01,0.8520146520146521,False,1.0,0.00022149623813529982
CB1_TRAIN_M_CF2_RI1_TI1_R01__it0001582,CB1_TRAIN_M_CF2_RI1_TI1_R01,0.8813186813186813,False,1.0,0.0004233752121123673
CB1_TRAIN_M_CF2_RI1_TI2_R01__it0000268,CB1_TRAIN_M_CF2_RI1_TI2_R01,0.8622710622710623,False,0.8571428571428571,0.00010450468737038136
CB1_TRAIN_M_CF2_RI1_TI2_R01__it0000277,CB1_TRAIN_M_CF2_RI1_TI2_R01,0.6542124542124542,False,0.8571428571428571,0.00015248514515879528
CB1_TRAIN_M_CF2_RI1_TI2_R01__it0000295,CB1_TRAIN_M_CF2_RI1_TI2_R01,0.3333333333333333,False,0.8571428571428571,0.00021852832482203112
CB1_TRAIN_M_CF2_RI1_TI2_R01__it0000431,CB1_TRAIN_M_CF2_RI1_TI2_R01,0.5208791208791208,False,0.7142857142857143,0.00033449539115960306
CB1_TRAIN_M_CF2_RI1_TI2_R01__it0000778,CB1_TRAIN_M_CF2_RI1_TI2_R01,0.7245421245421246,False,1.0,0.0002019848884195007
CB1_TRAIN_M_CF2_RI1_TI2_R01__it0000867,CB1_TRAIN_M_CF2_RI1_TI2_R01,0.43443223443223444,False,1.0,0.00025970411968650363
CB1_TRAIN_M_CF2_RI1_TI2_R01__it0000887,CB1_TRAIN_M_CF2_RI1_TI2_R01,0.706959706959707,False,1.0,0.0003290278071230789
CB1_TRAIN_M_CF2_RI1_TI2_R01__it0000946,CB1_TRAIN_M_CF2_RI1_TI2_R01,0.5824175824175823,False,1.0,0.000368847010578655
CB1_TRAIN_M_CF2_RI1_TI2_R01__it0001432,CB1_TRAIN_M_CF2_RI1_TI2_R01,0.706959706959707,False,0.9285714285714286,0.00021892779437004202
CB1_TRAIN_M_CF2_RI1_TI2_R01__it0001508,CB1_TRAIN_M_CF2_RI1_TI2_R01,0.7230769230769232,False,0.9285714285714286,0.00019756329187792625
CB1_TRAIN_M_CF2_RI1_TI3_R01__it0000096,CB1_TRAIN_M_CF2_RI1_TI3_R01,0.6776556776556776,True,0.7857142857142857,0.00014798808445202222
CB1_TRAIN_M_CF2_RI1_TI3_R01__it0000126,CB1_TRAIN_M_CF2_RI1_TI3_R01,0.7494505494505495,True,0.8571428571428571,0.0001331799156032277
CB1_TRAIN_M_CF2_RI1_TI3_R01__it0000209,CB1_TRAIN_M_CF2_RI1_TI3_R01,0.8622710622710623,False,0.9285714285714286,5.069411174648857e-05
CB1_TRAIN_M_CF2_RI1_TI3_R01__it0000265,CB1_TRAIN_M_CF2_RI1_TI3_R01,0.6615384615384615,False,0.5714285714285714,0.0002809582141361473
CB1_TRAIN_M_CF2_RI1_TI3_R01__it0000458,CB1_TRAIN_M_CF2_RI1_TI3_R01,0.5355311355311355,False,0.5,9.516522012438531e-05
CB1_TRAIN_M_CF2_RI1_TI3_R01__it0000477,CB1_TRAIN_M_CF2_RI1_TI3_R01,0.5311355311355311,True,0.9285714285714286,8.988331038882153e-05
CB1_TRAIN_M_CF2_RI1_TI3_R01__it0000553,CB1_TRAIN_M_CF2_RI1_TI3_R01,0.512087912087912,False,0.9285714285714286,0.0001273886406340685
CB1_TRAIN_M_CF2_RI1_TI3_R01__it0000665,CB1_TRAIN_M_CF2_RI1_TI3_R01,0.5692307692307693,False,1.0,0.0002672629515087624
CB1_TRAIN_M_CF2_RI1_TI3_R01__it0000943,CB1_TRAIN_M_CF2_RI1_TI3_R01,0.5256410256410257,False,0.8461538461538461,0.00017865771868058117
CB1_TRAIN_M_CF2_RI1_TI3_R01__it0000999,CB1_TRAIN_M_CF2_RI1_TI3_R01,0.4388278388278389,False,0.9285714285714286,0.0001037148312340805
CB1_TRAIN_M_CF2_RI1_TI3_R01__it0001041,CB1_TRAIN_M_CF2_RI1_TI3_R01,0.37875457875457874,False,0.9285714285714286,0.0001014640390245965
CB1_TRAIN_M_CF2_RI1_TI3_R01__it0001105,CB1_TRAIN_M_CF2_RI1_TI3_R01,0.40073260073260064,False,0.9285714285714286,8.270450082461145e-05
CB1_TRAIN_M_CF2_RI1_TI3_R01__it0001131,CB1_TRAIN_M_CF2_RI1_TI3_R01,0.4681318681318682,False,1.0,0.00013626836343804622
CB1_TRAIN_M_CF2_RI1_TI3_R01__it0001388,CB1_TRAIN_M_CF2_RI1_TI3_R01,0.7274725274725274,False,1.0,8.71363444543097e-05
CB1_TRAIN_M_CF2_RI1_TI3_R01__it0001413,CB1_TRAIN_M_CF2_RI1_TI3_R01,0.3230769230769231,False,0.9285714285714286,0.00010770253615316634
CB1_TRAIN_M_CF2_RI1_TI3_R01__it0001456,CB1_TRAIN_M_CF2_RI1_TI3_R01,0.5956043956043957,False,1.0,2.614839129471976e-05
CB1_TRAIN_M_CF2_RI2_TI1_R01__it0000056,CB1_TRAIN_M_CF2_RI2_TI1_R01,0.7450549450549451,False,0.6428571428571429,0.0004845816652121819
CB1_TRAIN_M_CF2_RI2_TI1_R01__it0000064,CB1_TRAIN_M_CF2_RI2_TI1_R01,0.6688644688644688,False,0.9285714285714286,0.0007464097438893054
CB1_TRAIN_M_CF2_RI2_TI1_R01__it0000434,CB1_TRAIN_M_CF2_RI2_TI1_R01,0.6190476190476191,False,0.9285714285714286,0.0005244354937063527
CB1_TRAIN_M_CF2_RI2_TI1_R01__it0000444,CB1_TRAIN_M_CF2_RI2_TI1_R01,0.8300366300366301,False,1.0,0.000710596441311364
CB1_TRAIN_M_CF2_RI2_TI1_R01__it0000481,CB1_TRAIN_M_CF2_RI2_TI1_R01,0.767032967032967,True,1.0,0.0007704434765084333
CB1_TRAIN_M_CF2_RI2_TI1_R01__it0000654,CB1_TRAIN_M_CF2_RI2_TI1_R01,0.7963369963369965,True,1.0,0.0003884399276322179
CB1_TRAIN_M_CF2_RI2_TI1_R01__it0000913,CB1_TRAIN_M_CF2_RI2_TI1_R01,0.6761904761904761,False,1.0,0.000551450159042919
CB1_TRAIN_M_CF2_RI2_TI1_R01__it0000988,CB1_TRAIN_M_CF2_RI2_TI1_R01,0.8827838827838828,False,1.0,0.0004092508856099591
CB1_TRAIN_M_CF2_RI2_TI1_R01__it0001065,CB1_TRAIN_M_CF2_RI2_TI1_R01,0.8007326007326007,False,1.0,0.0006439284065857601
CB1_TRAIN_M_CF2_RI2_TI1_R01__it0001073,CB1_TRAIN_M_CF2_RI2_TI1_R01,0.6424908424908424,True,1.0,0.0012081395804539477
CB1_TRAIN_M_CF2_RI2_TI1_R01__it0001401,CB1_TRAIN_M_CF2_RI2_TI1_R01,0.7260073260073261,True,0.9285714285714286,0.000526553888438104
CB1_TRAIN_M_CF2_RI2_TI2_R01__it0000004,CB1_TRAIN_M_CF2_RI2_TI2_R01,0.48571428571428577,False,1.0,0.00023771333630136124
CB1_TRAIN_M_CF2_RI2_TI2_R01__it0000036,CB1_TRAIN_M_CF2_RI2_TI2_R01,0.9047619047619048,False,0.7857142857142857,0.0001982425629317313
CB1_TRAIN_M_CF2_RI2_TI2_R01__it0000134,CB1_TRAIN_M_CF2_RI2_TI2_R01,0.7772893772893773,False,0.7857142857142857,0.00024239714175242928
CB1_TRAIN_M_CF2_RI2_TI2_R01__it0000200,CB1_TRAIN_M_CF2_RI2_TI2_R01,0.46520146520146516,False,0.42857142857142855,0.00041514944639923335
CB1_TRAIN_M_CF2_RI2_TI2_R01__it0000902,CB1_TRAIN_M_CF2_RI2_TI2_R01,0.6593406593406593,False,0.9230769230769231,0.00028844149949382164
CB1_TRAIN_M_CF2_RI2_TI2_R01__it0001004,CB1_TRAIN_M_CF2_RI2_TI2_R01,0.789010989010989,False,1.0,0.00021769981317586363
CB1_TRAIN_M_CF2_RI2_TI2_R01__it0001160,CB1_TRAIN_M_CF2_RI2_TI2_R01,0.5897435897435898,False,1.0,0.00033614462374077786
CB1_TRAIN_M_CF2_RI2_TI2_R01__it0001246,CB1_TRAIN_M_CF2_RI2_TI2_R01,0.8153846153846155,False,1.0,0.00015578346990930314
CB1_TRAIN_M_CF2_RI2_TI2_R01__it0001272,CB1_TRAIN_M_CF2_RI2_TI2_R01,0.49743589743589745,False,1.0,0.00041248623859537457
CB1_TRAIN_M_CF2_RI2_TI2_R01__it0001350,CB1_TRAIN_M_CF2_RI2_TI2_R01,0.8769230769230769,False,1.0,0.0001351680040530981
CB1_TRAIN_M_CF2_RI2_TI2_R01__it0001363,CB1_TRAIN_M_CF2_RI2_TI2_R01,0.7875457875457875,False,1.0,0.00020485449147082985
CB1_TRAIN_M_CF2_RI2_TI2_R01__it0001562,CB1_TRAIN_M_CF2_RI2_TI2_R01,0.7465201465201465,False,1.0,0.0003347786254044323
CB1_TRAIN_M_CF2_RI2_TI2_R01__it0001677,CB1_TRAIN_M_CF2_RI2_TI2_R01,0.4886446886446887,False,1.0,0.0002526931467358992
CB1_TRAIN_M_CF2_RI2_TI2_R01__it0002259,CB1_TRAIN_M_CF2_RI2_TI2_R01,0.7333333333333334,False,0.9285714285714286,0.00022917356792454834
CB1_TRAIN_M_CF2_RI2_TI3_R01__it0000308,CB1_TRAIN_M_CF2_RI2_TI3_R01,0.7846153846153846,False,0.8571428571428571,0.00010691234302589066
CB1_TRAIN_M_CF2_RI2_TI3_R01__it0000559,CB1_TRAIN_M_CF2_RI2_TI3_R01,0.7758241758241757,False,0.9285714285714286,0.00012520875366032018
CB1_TRAIN_M_CF2_RI2_TI3_R01__it0000838,CB1_TRAIN_M_CF2_RI2_TI3_R01,0.6351648351648351,False,0.9285714285714286,0.00013913581858738988
CB1_TRAIN_M_CF2_RI2_TI3_R01__it0000843,CB1_TRAIN_M_CF2_RI2_TI3_R01,0.7728937728937728,False,0.7142857142857143,9.286110518774727e-05
CB1_TRAIN_M_CF2_RI2_TI3_R01__it0000954,CB1_TRAIN_M_CF2_RI2_TI3_R01,0.5545787545787546,False,0.7857142857142857,0.00011996342073065167
CB1_TRAIN_M_CF2_RI2_TI3_R01__it0001054,CB1_TRAIN_M_CF2_RI2_TI3_R01,0.5706959706959708,False,0.8571428571428571,0.0001823366761726426
CB1_TRAIN_M_CF2_RI2_TI3_R01__it0001194,CB1_TRAIN_M_CF2_RI2_TI3_R01,0.6923076923076922,False,0.9285714285714286,0.00013133263892273905
CB1_TRAIN_M_CF2_RI2_TI3_R01__it0001367,CB1_TRAIN_M_CF2_RI2_TI3_R01,0.7846153846153846,False,1.0,7.627471346328923e-05
CB1_TRAIN_M_CF2_RI2_TI3_R01__it0001494,CB1_TRAIN_M_CF2_RI2_TI3_R01,0.7084249084249086,False,0.9285714285714286,0.00011012328575367696
CB1_TRAIN_M_CF2_RI2_TI3_R01__it0001739,CB1_TRAIN_M_CF2_RI2_TI3_R01,0.7157509157509158,False,1.0,9.617850964546617e-05
CB1_TRAIN_M_CF2_RI2_TI3_R01__it0001741,CB1_TRAIN_M_CF2_RI2_TI3_R01,0.7128205128205128,False,1.0,0.00010726905268269053
CB1_TRAIN_M_CF2_RI2_TI3_R01__it0001960,CB1_TRAIN_M_CF2_RI2_TI3_R01,0.7641025641025642,False,1.0,0.00010253975428088158
CB1_TRAIN_M_CF2_RI2_TI3_R01__it0002180,CB1_TRAIN_M_CF2_RI2_TI3_R01,0.5443223443223443,False,0.9285714285714286,0.00010168920918236412
CB1_TRAIN_M_CF2_RI2_TI3_R01__it0002193,CB1_TRAIN_M_CF2_RI2_TI3_R01,0.6527472527472528,False,1.0,0.00011865921956143814
CB1_TRAIN_M_CF2_RI3_TI1_R01__it0000020,CB1_TRAIN_M_CF2_RI3_TI1_R01,0.6025641025641025,True,0.5384615384615384,0.0007602724283358451
CB1_TRAIN_M_CF2_RI3_TI1_R01__it0000189,CB1_TRAIN_M_CF2_RI3_TI1_R01,0.8476190476190476,False,0.7857142857142857,0.0005693034174767585
CB1_TRAIN_M_CF2_RI3_TI1_R01__it0000391,CB1_TRAIN_M_CF2_RI3_TI1_R01,0.6849816849816851,False,1.0,0.0006196222390786224
CB1_TRAIN_M_CF2_RI3_TI1_R01__it0000438,CB1_TRAIN_M_CF2_RI3_TI1_R01,0.5853479853479854,False,0.9285714285714286,0.0007532551695295505
CB1_TRAIN_M_CF2_RI3_TI1_R01__it0000701,CB1_TRAIN_M_CF2_RI3_TI1_R01,0.31868131868131866,False,1.0,0.0010454658885860177
CB1_TRAIN_M_CF2_RI3_TI1_R01__it0000750,CB1_TRAIN_M_CF2_RI3_TI1_R01,0.8021978021978023,False,1.0,0.0005030627810695135
CB1_TRAIN_M_CF2_RI3_TI1_R01__it0000896,CB1_TRAIN_M_CF2_RI3_TI1_R01,0.8608058608058609,True,1.0,0.0005582306229258038
CB1_TRAIN_M_CF2_RI3_TI1_R01__it0001131,CB1_TRAIN_M_CF2_RI3_TI1_R01,0.5663003663003664,False,1.0,0.0005838460177461689
CB1_TRAIN_M_CF2_RI3_TI1_R01__it0001369,CB1_TRAIN_M_CF2_RI3_TI1_R01,0.7333333333333334,False,1.0,0.0008550033270956018
CB1_TRAIN_M_CF2_RI3_TI1_R01__it0001456,CB1_TRAIN_M_CF2_RI3_TI1_R01,0.8007326007326009,False,1.0,0.0004602539956908849
CB1_TRAIN_M_CF2_RI3_TI1_R01__it0001479,CB1_TRAIN_M_CF2_RI3_TI1_R01,0.8227106227106228,True,1.0,0.00048359241110975266
CB1_TRAIN_M_CF2_RI3_TI2_R01__it0000016,CB1_TRAIN_M_CF2_RI3_TI2_R01,0.8461538461538461,True,0.7857142857142857,8.69616871026026e-05
CB1_TRAIN_M_CF2_RI3_TI2_R01__it0000105,CB1_TRAIN_M_CF2_RI3_TI2_R01,0.7454212454212454,False,0.7692307692307693,0.00011909165010680337
CB1_TRAIN_M_CF2_RI3_TI2_R01__it0000174,CB1_TRAIN_M_CF2_RI3_TI2_R01,0.09304029304029304,False,0.2857142857142857,0.0004346113244179437
CB1_TRAIN_M_CF2_RI3_TI2_R01__it0000310,CB1_TRAIN_M_CF2_RI3_TI2_R01,0.33626373626373623,False,1.0,0.00038637399560569996
CB1_TRAIN_M_CF2_RI3_TI2_R01__it0000345,CB1_TRAIN_M_CF2_RI3_TI2_R01,0.5956043956043956,False,0.7142857142857143,0.0002614216012393581
CB1_TRAIN_M_CF2_RI3_TI2_R01__it0000501,CB1_TRAIN_M_CF2_RI3_TI2_R01,0.27619047619047626,False,1.0,0.000684332793185568
CB1_TRAIN_M_CF2_RI3_TI2_R01__it0000836,CB1_TRAIN_M_CF2_RI3_TI2_R01,0.789010989010989,False,0.8571428571428571,0.00029868622926036714
CB1_TRAIN_M_CF2_RI3_TI2_R01__it0000902,CB1_TRAIN_M_CF2_RI3_TI2_R01,0.44468864468864466,False,1.0,0.00037157627520716726
CB1_TRAIN_M_CF2_RI3_TI2_R01__it0000979,CB1_TRAIN_M_CF2_RI3_TI2_R01,0.536996336996337,False,0.9285714285714286,0.00023685802409778272
CB1_TRAIN_M_CF2_RI3_TI2_R01__it0001026,CB1_TRAIN_M_CF2_RI3_TI2_R01,0.6908424908424909,False,0.8571428571428571,0.00015429833807037666
CB1_TRAIN_M_CF2_RI3_TI2_R01__it0001172,CB1_TRAIN_M_CF2_RI3_TI2_R01,0.638095238095238,False,0.9285714285714286,0.00031905258321160353
CB1_TRAIN_M_CF2_RI3_TI2_R01__it0001320,CB1_TRAIN_M_CF2_RI3_TI2_R01,0.3963369963369964,False,0.8571428571428571,0.0004640033122081847
CB1_TRAIN_M_CF2_RI3_TI2_R01__it0001541,CB1_TRAIN_M_CF2_RI3_TI2_R01,0.7260073260073261,False,0.8571428571428571,0.00024254420612202605
CB1_TRAIN_M_CF2_RI3_TI3_R01__it0000012,CB1_TRAIN_M_CF2_RI3_TI3_R01,0.728937728937729,False,0.5714285714285714,0.00018680415660458135
CB1_TRAIN_M_CF2_RI3_TI3_R01__it0000375,CB1_TRAIN_M_CF2_RI3_TI3_R01,0.4007326007326007,False,0.9285714285714286,8.245132518636792e-05
CB1_TRAIN_M_CF2_RI3_TI3_R01__it0000422,CB1_TRAIN_M_CF2_RI3_TI3_R01,0.4739926739926739,False,0.9285714285714286,0.00014786847478742165
CB1_TRAIN_M_CF2_RI3_TI3_R01__it0000487,CB1_TRAIN_M_CF2_RI3_TI3_R01,0.347985347985348,False,1.0,0.0001227548919787085
CB1_TRAIN_M_CF2_RI3_TI3_R01__it0000657,CB1_TRAIN_M_CF2_RI3_TI3_R01,0.4666666666666666,False,1.0,0.0001232543420678658
CB1_TRAIN_M_CF2_RI3_TI3_R01__it0000694,CB1_TRAIN_M_CF2_RI3_TI3_R01,0.6615384615384615,False,0.9285714285714286,6.068243586216165e-05
CB1_TRAIN_M_CF2_RI3_TI3_R01__it0000794,CB1_TRAIN_M_CF2_RI3_TI3_R01,0.6117216117216118,False,0.8571428571428571,0.00013548686460339556
CB1_TRAIN_M_CF2_RI3_TI3_R01__it0000922,CB1_TRAIN_M_CF2_RI3_TI3_R01,0.12087912087912088,False,1.0,0.0001563676548974312
CB1_TRAIN_M_CF2_RI3_TI3_R01__it0001105,CB1_TRAIN_M_CF2_RI3_TI3_R01,0.221978021978022,False,0.9285714285714286,0.00023704898293864943
CB1_TRAIN_M_CF2_RI3_TI3_R01__it0001127,CB1_TRAIN_M_CF2_RI3_TI3_R01,0.30256410256410254,False,0.9285714285714286,0.00015720959881444996
CB1_TRAIN_M_CF2_RI3_TI3_R01__it0001148,CB1_TRAIN_M_CF2_RI3_TI3_R01,0.5952380952380952,False,1.0,0.00010311602929592671
CB1_TRAIN_M_CF2_RI3_TI3_R01__it0001154,CB1_TRAIN_M_CF2_RI3_TI3_R01,0.5282051282051282,False,1.0,0.00014523932110553265
CB1_TRAIN_M_CF2_RI3_TI3_R01__it0001363,CB1_TRAIN_M_CF2_RI3_TI3_R01,0.6205128205128205,False,1.0,6.736205132116728e-05
CB1_TRAIN_M_CF2_RI3_TI3_R01__it0001402,CB1_TRAIN_M_CF2_RI3_TI3_R01,0.44322344322344326,False,0.9285714285714286,0.0001363353464800806
CB1_TRAIN_M_CF2_RI3_TI3_R01__it0001405,CB1_TRAIN_M_CF2_RI3_TI3_R01,0.1838827838827839,False,1.0,0.00015482106421638465
CB1_TRAIN_M_CF3_RI1_TI1_R01__it0000047,CB1_TRAIN_M_CF3_RI1_TI1_R01,0.5941391941391941,True,0.8571428571428571,0.0006957834291332835
CB1_TRAIN_M_CF3_RI1_TI1_R01__it0000067,CB1_TRAIN_M_CF3_RI1_TI1_R01,0.5604395604395603,False,1.0,0.0005070381619046206
CB1_TRAIN_M_CF3_RI1_TI1_R01__it0000118,CB1_TRAIN_M_CF3_RI1_TI1_R01,0.5164835164835164,False,0.5,0.00032267354062919234
CB1_TRAIN_M_CF3_RI1_TI1_R01__it0000147,CB1_TRAIN_M_CF3_RI1_TI1_R01,0.6336996336996337,False,0.7142857142857143,0.0005043375694806991
CB1_TRAIN_M_CF3_RI1_TI1_R01__it0000162,CB1_TRAIN_M_CF3_RI1_TI1_R01,0.8476190476190476,False,0.7142857142857143,0.0002920329446502566
CB1_TRAIN_M_CF3_RI1_TI1_R01__it0000241,CB1_TRAIN_M_CF3_RI1_TI1_R01,0.7362637362637363,True,0.7857142857142857,0.0006730961568844435
CB1_TRAIN_M_CF3_RI1_TI1_R01__it0000354,CB1_TRAIN_M_CF3_RI1_TI1_R01,0.5677655677655677,False,1.0,0.000581009908479938
CB1_TRAIN_M_CF3_RI1_TI1_R01__it0000377,CB1_TRAIN_M_CF3_RI1_TI1_R01,0.7743589743589743,False,0.9285714285714286,0.0002823709349927688
CB1_TRAIN_M_CF3_RI1_TI1_R01__it0000399,CB1_TRAIN_M_CF3_RI1_TI1_R01,0.6644688644688644,False,1.0,0.0003411509223066856
CB1_TRAIN_M_CF3_RI1_TI1_R01__it0000401,CB1_TRAIN_M_CF3_RI1_TI1_R01,0.663003663003663,False,0.9285714285714286,0.0005453775279588493
CB1_TRAIN_M_CF3_RI1_TI1_R01__it0000530,CB1_TRAIN_M_CF3_RI1_TI1_R01,0.580952380952381,False,0.8571428571428571,0.0003581276492567696
CB1_TRAIN_M_CF3_RI1_TI1_R01__it0000565,CB1_TRAIN_M_CF3_RI1_TI1_R01,0.7963369963369965,False,0.8571428571428571,0.0004639896690057025
CB1_TRAIN_M_CF3_RI1_TI1_R01__it0000623,CB1_TRAIN_M_CF3_RI1_TI1_R01,0.8461538461538461,False,0.9285714285714286,0.00043996628990680155
CB1_TRAIN_M_CF3_RI1_TI1_R01__it0000627,CB1_TRAIN_M_CF3_RI1_TI1_R01,0.8256410256410257,False,1.0,0.00041212038849662986
CB1_TRAIN_M_CF3_RI1_TI1_R01__it0000699,CB1_TRAIN_M_CF3_RI1_TI1_R01,0.7787545787545788,False,1.0,0.0007086191899241914
CB1_TRAIN_M_CF3_RI1_TI1_R01__it0000715,CB1_TRAIN_M_CF3_RI1_TI1_R01,0.7772893772893772,True,1.0,0.0004171988002860606
CB1_TRAIN_M_CF3_RI1_TI1_R01__it0000739,CB1_TRAIN_M_CF3_RI1_TI1_R01,0.7245421245421246,False,1.0,0.0008520642980304038
CB1_TRAIN_M_CF3_RI1_TI1_R01__it0000824,CB1_TRAIN_M_CF3_RI1_TI1_R01,0.7157509157509159,False,1.0,0.0006058183206294242
CB1_TRAIN_M_CF3_RI1_TI1_R01__it0001045,CB1_TRAIN_M_CF3_RI1_TI1_R01,0.8373626373626374,False,1.0,0.00033199029845338386
CB1_TRAIN_M_CF3_RI1_TI1_R01__it0001157,CB1_TRAIN_M_CF3_RI1_TI1_R01,0.8021978021978021,False,1.0,0.00040849816740133073
CB1_TRAIN_M_CF3_RI1_TI1_R01__it0001222,CB1_TRAIN_M_CF3_RI1_TI1_R01,0.7831501831501831,False,1.0,0.0005568415718412137
CB1_TRAIN_M_CF3_RI1_TI1_R01__it0001230,CB1_TRAIN_M_CF3_RI1_TI1_R01,0.9157509157509157,False,1.0,0.0004745537590539511
CB1_TRAIN_M_CF3_RI1_TI1_R01__it0001240,CB1_TRAIN_M_CF3_RI1_TI1_R01,0.858974358974359,False,1.0,0.0008468822287613868
CB1_TRAIN_M_CF3_RI1_TI1_R01__it0001349,CB1_TRAIN_M_CF3_RI1_TI1_R01,0.7992673992673992,True,1.0,0.00031370836155193574
CB1_TRAIN_M_CF3_RI1_TI1_R01__it0001439,CB1_TRAIN_M_CF3_RI1_TI1_R01,0.8813186813186813,True,1.0,0.0004970879013349837
CB1_TRAIN_M_CF3_RI1_TI1_R01__it0001528,CB1_TRAIN_M_CF3_RI1_TI1_R01,0.7846153846153846,False,1.0,0.0007980078188635878
CB1_TRAIN_M_CF3_RI1_TI1_R01__it0001563,CB1_TRAIN_M_CF3_RI1_TI1_R01,0.7802197802197801,False,1.0,0.00040358394202252916
CB1_TRAIN_M_CF3_RI1_TI2_R01__it0000028,CB1_TRAIN_M_CF3_RI1_TI2_R01,0.789010989010989,False,0.7142857142857143,0.00017905639837574437
CB1_TRAIN_M_CF3_RI1_TI2_R01__it0000046,CB1_TRAIN_M_CF3_RI1_TI2_R01,0.48571428571428577,False,0.7857142857142857,0.0003270375887662785
CB1_TRAIN_M_CF3_RI1_TI2_R01__it0000115,CB1_TRAIN_M_CF3_RI1_TI2_R01,0.5648351648351647,False,0.5,0.00020857153214196095
CB1_TRAIN_M_CF3_RI1_TI2_R01__it0000119,CB1_TRAIN_M_CF3_RI1_TI2_R01,0.7245421245421245,False,0.7857142857142857,0.00020991621629748658
CB1_TRAIN_M_CF3_RI1_TI2_R01__it0000135,CB1_TRAIN_M_CF3_RI1_TI2_R01,0.17655677655677657,False,0.6428571428571429,0.00039347201833681017
CB1_TRAIN_M_CF3_RI1_TI2_R01__it0000242,CB1_TRAIN_M_CF3_RI1_TI2_R01,0.5164835164835165,False,0.5714285714285714,0.00037739076587886235
CB1_TRAIN_M_CF3_RI1_TI2_R01__it0000254,CB1_TRAIN_M_CF3_RI1_TI2_R01,0.4666666666666666,False,0.5714285714285714,0.0005378970824945347
CB1_TRAIN_M_CF3_RI1_TI2_R01__it0000622,CB1_TRAIN_M_CF3_RI1_TI2_R01,0.794871794871795,False,1.0,0.0004133883647031656
CB1_TRAIN_M_CF3_RI1_TI2_R01__it0000798,CB1_TRAIN_M_CF3_RI1_TI2_R01,0.5516483516483516,True,1.0,0.00018729139630717392
CB1_TRAIN_M_CF3_RI1_TI2_R01__it0001004,CB1_TRAIN_M_CF3_RI1_TI2_R01,0.5252747252747253,False,1.0,0.0004305092353176501
CB1_TRAIN_M_CF3_RI1_TI2_R01__it0001054,CB1_TRAIN_M_CF3_RI1_TI2_R01,0.4534798534798535,False,1.0,0.0005629175732857174
CB1_TRAIN_M_CF3_RI1_TI2_R01__it0001075,CB1_TRAIN_M_CF3_RI1_TI2_R01,0.42124542124542125,False,1.0,0.000571225618858977
CB1_TRAIN_M_CF3_RI1_TI2_R01__it0001155,CB1_TRAIN_M_CF3_RI1_TI2_R01,0.5164835164835165,False,1.0,0.00047040242502301117
CB1_TRAIN_M_CF3_RI1_TI2_R01__it0001227,CB1_TRAIN_M_CF3_RI1_TI2_R01,0.8256410256410257,False,1.0,0.0002818386722218428
CB1_TRAIN_M_CF3_RI1_TI2_R01__it0001245,CB1_TRAIN_M_CF3_RI1_TI2_R01,0.6249084249084249,False,1.0,0.0003982866119605413
CB1_TRAIN_M_CF3_RI1_TI2_R01__it0001532,CB1_TRAIN_M_CF3_RI1_TI2_R01,0.6234432234432234,False,1.0,0.00024793778723155126
CB1_TRAIN_M_CF3_RI1_TI3_R01__it0000291,CB1_TRAIN_M_CF3_RI1_TI3_R01,0.3223443223443223,False,0.46153846153846156,0.0001073813759469567
CB1_TRAIN_M_CF3_RI1_TI3_R01__it0000374,CB1_TRAIN_M_CF3_RI1_TI3_R01,0.1340659340659341,False,0.8571428571428571,0.0001356309155217515
CB1_TRAIN_M_CF3_RI1_TI3_R01__it0000376,CB1_TRAIN_M_CF3_RI1_TI3_R01,0.3421245421245422,False,0.8571428571428571,0.0002004921653298556
CB1_TRAIN_M_CF3_RI1_TI3_R01__it0000400,CB1_TRAIN_M_CF3_RI1_TI3_R01,0.07545787545787545,False,0.7857142857142857,0.000351761717805958
CB1_TRAIN_M_CF3_RI1_TI3_R01__it0000429,CB1_TRAIN_M_CF3_RI1_TI3_R01,0.1457875457875458,False,0.9285714285714286,0.0001373807015863896
CB1_TRAIN_M_CF3_RI1_TI3_R01__it0000699,CB1_TRAIN_M_CF3_RI1_TI3_R01,0.36996336996337,False,0.6428571428571429,0.00030210136972535893
CB1_TRAIN_M_CF3_RI1_TI3_R01__it0000844,CB1_TRAIN_M_CF3_RI1_TI3_R01,0.476923076923077,False,0.9285714285714286,0.00014445105690196933
CB1_TRAIN_M_CF3_RI1_TI3_R01__it0000870,CB1_TRAIN_M_CF3_RI1_TI3_R01,0.389010989010989,False,1.0,0.00010918698837386757
CB1_TRAIN_M_CF3_RI1_TI3_R01__it0000878,CB1_TRAIN_M_CF3_RI1_TI3_R01,0.43589743589743585,False,1.0,0.00011669311738611807
CB1_TRAIN_M_CF3_RI1_TI3_R01__it0000995,CB1_TRAIN_M_CF3_RI1_TI3_R01,0.5054945054945055,False,1.0,0.00011446641508656184
CB1_TRAIN_M_CF3_RI1_TI3_R01__it0001222,CB1_TRAIN_M_CF3_RI1_TI3_R01,0.4124542124542125,False,1.0,0.00013585864821716057
CB1_TRAIN_M_CF3_RI1_TI3_R01__it0001362,CB1_TRAIN_M_CF3_RI1_TI3_R01,0.6073260073260074,False,1.0,0.00014597947145879696
CB1_TRAIN_M_CF3_RI1_TI3_R01__it0001416,CB1_TRAIN_M_CF3_RI1_TI3_R01,0.36703296703296706,False,1.0,0.00018711326172633636
CB1_TRAIN_M_CF3_RI2_TI1_R01__it0000055,CB1_TRAIN_M_CF3_RI2_TI1_R01,0.5824175824175825,False,1.0,0.0006393310826006333
CB1_TRAIN_M_CF3_RI2_TI1_R01__it0000082,CB1_TRAIN_M_CF3_RI2_TI1_R01,0.3831501831501832,False,0.7857142857142857,0.00034984581189518416
CB1_TRAIN_M_CF3_RI2_TI1_R01__it0000127,CB1_TRAIN_M_CF3_RI2_TI1_R01,0.641025641025641,False,0.6153846153846154,0.0005089709939585125
CB1_TRAIN_M_CF3_RI2_TI1_R01__it0000136,CB1_TRAIN_M_CF3_RI2_TI1_R01,0.4329670329670329,False,0.7142857142857143,0.0005578401327687674
CB1_TRAIN_M_CF3_RI2_TI1_R01__it0000226,CB1_TRAIN_M_CF3_RI2_TI1_R01,0.553113553113553,False,0.9285714285714286,0.0008580482124428552
CB1_TRAIN_M_CF3_RI2_TI1_R01__it0000410,CB1_TRAIN_M_CF3_RI2_TI1_R01,0.7582417582417582,False,1.0,0.0004923528804784435
CB1_TRAIN_M_CF3_RI2_TI1_R01__it0000462,CB1_TRAIN_M_CF3_RI2_TI1_R01,0.8271062271062272,False,1.0,0.00062193362221292
CB1_TRAIN_M_CF3_RI2_TI1_R01__it0000553,CB1_TRAIN_M_CF3_RI2_TI1_R01,0.7758241758241757,False,1.0,0.0007706931183015553
CB1_TRAIN_M_CF3_RI2_TI1_R01__it0000611,CB1_TRAIN_M_CF3_RI2_TI1_R01,0.2732600732600733,False,1.0,0.0011225881979161254
CB1_TRAIN_M_CF3_RI2_TI1_R01__it0000628,CB1_TRAIN_M_CF3_RI2_TI1_R01,0.6732600732600732,False,1.0,0.0007823123740528839
CB1_TRAIN_M_CF3_RI2_TI1_R01__it0000727,CB1_TRAIN_M_CF3_RI2_TI1_R01,0.7435897435897436,False,1.0,0.0004991858713247188
CB1_TRAIN_M_CF3_RI2_TI1_R01__it0000779,CB1_TRAIN_M_CF3_RI2_TI1_R01,0.8373626373626374,True,0.9285714285714286,0.0009247623882753812
CB1_TRAIN_M_CF3_RI2_TI1_R01__it0000916,CB1_TRAIN_M_CF3_RI2_TI1_R01,0.6366300366300367,False,0.9285714285714286,0.0009197686542328259
CB1_TRAIN_M_CF3_RI2_TI1_R01__it0000935,CB1_TRAIN_M_CF3_RI2_TI1_R01,0.8051282051282053,False,1.0,0.00037020607961615214
CB1_TRAIN_M_CF3_RI2_TI1_R01__it0001038,CB1_TRAIN_M_CF3_RI2_TI1_R01,0.5956043956043956,False,0.9285714285714286,0.001337265180908625
CB1_TRAIN_M_CF3_RI2_TI1_R01__it0001074,CB1_TRAIN_M_CF3_RI2_TI1_R01,0.3069597069597069,True,0.9285714285714286,0.0010837903135790645
CB1_TRAIN_M_CF3_RI2_TI1_R01__it0001098,CB1_TRAIN_M_CF3_RI2_TI1_R01,0.728937728937729,False,1.0,0.0006503642039542144
CB1_TRAIN_M_CF3_RI2_TI1_R01__it0001181,CB1_TRAIN_M_CF3_RI2_TI1_R01,0.8754578754578755,False,0.9285714285714286,0.0004253621936011964
CB1_TRAIN_M_CF3_RI2_TI1_R01__it0001210,CB1_TRAIN_M_CF3_RI2_TI1_R01,0.452014652014652,False,1.0,0.0009230692338146007
CB1_TRAIN_M_CF3_RI2_TI1_R01__it0001382,CB1_TRAIN_M_CF3_RI2_TI1_R01,0.7743589743589743,False,1.0,0.0006240292223885942
CB1_TRAIN_M_CF3_RI2_TI1_R01__it0001427,CB1_TRAIN_M_CF3_RI2_TI1_R01,0.6190476190476191,False,1.0,0.0004665122766986455
CB1_TRAIN_M_CF3_RI2_TI2_R01__it0000308,CB1_TRAIN_M_CF3_RI2_TI2_R01,0.6556776556776557,False,1.0,0.0003099903143002788
CB1_TRAIN_M_CF3_RI2_TI2_R01__it0000317,CB1_TRAIN_M_CF3_RI2_TI2_R01,0.5384615384615384,False,0.6428571428571429,0.0003362486825178087
CB1_TRAIN_M_CF3_RI2_TI2_R01__it0000323,CB1_TRAIN_M_CF3_RI2_TI2_R01,0.7230769230769231,False,1.0,0.0005709535181229666
CB1_TRAIN_M_CF3_RI2_TI2_R01__it0000347,CB1_TRAIN_M_CF3_RI2_TI2_R01,0.76996336996337,True,1.0,0.00038841944906725613
CB1_TRAIN_M_CF3_RI2_TI2_R01__it0000468,CB1_TRAIN_M_CF3_RI2_TI2_R01,0.6761904761904761,False,1.0,0.0003317463407810378
CB1_TRAIN_M_CF3_RI2_TI2_R01__it0000483,CB1_TRAIN_M_CF3_RI2_TI2_R01,0.6864468864468863,False,1.0,0.00033331185735632605
CB1_TRAIN_M_CF3_RI2_TI2_R01__it0000612,CB1_TRAIN_M_CF3_RI2_TI2_R01,0.6820512820512822,False,1.0,0.00024004509251041156
CB1_TRAIN_M_CF3_RI2_TI2_R01__it0000623,CB1_TRAIN_M_CF3_RI2_TI2_R01,0.5223443223443224,False,1.0,0.0003988358846911373
CB1_TRAIN_M_CF3_RI2_TI2_R01__it0000713,CB1_TRAIN_M_CF3_RI2_TI2_R01,0.6336996336996337,False,0.9285714285714286,0.00036349558023219636
CB1_TRAIN_M_CF3_RI2_TI2_R01__it0000789,CB1_TRAIN_M_CF3_RI2_TI2_R01,0.7846153846153846,False,1.0,0.00039078767429134257
CB1_TRAIN_M_CF3_RI2_TI2_R01__it0000870,CB1_TRAIN_M_CF3_RI2_TI2_R01,0.8783882783882784,False,1.0,0.0003798877357971325
CB1_TRAIN_M_CF3_RI2_TI2_R01__it0000986,CB1_TRAIN_M_CF3_RI2_TI2_R01,0.73992673992674,False,1.0,0.00033120777130299785
CB1_TRAIN_M_CF3_RI2_TI2_R01__it0001017,CB1_TRAIN_M_CF3_RI2_TI2_R01,0.5868131868131868,False,1.0,0.0005052252929739874
CB1_TRAIN_M_CF3_RI2_TI2_R01__it0001092,CB1_TRAIN_M_CF3_RI2_TI2_R01,0.7230769230769232,False,1.0,0.0003996268578333744
CB1_TRAIN_M_CF3_RI2_TI2_R01__it0001326,CB1_TRAIN_M_CF3_RI2_TI2_R01,0.5736263736263735,False,1.0,0.0003970708645043057
CB1_TRAIN_M_CF3_RI2_TI2_R01__it0001599,CB1_TRAIN_M_CF3_RI2_TI2_R01,0.643956043956044,False,1.0,0.0004724785354651117
CB1_TRAIN_M_CF3_RI2_TI2_R01__it0001636,CB1_TRAIN_M_CF3_RI2_TI2_R01,0.7421245421245422,False,1.0,0.0003560411864644075
CB1_TRAIN_M_CF3_RI2_TI2_R01__it0001705,CB1_TRAIN_M_CF3_RI2_TI2_R01,0.8754578754578755,False,1.0,0.0002992741941256982
CB1_TRAIN_M_CF3_RI2_TI2_R01__it0001797,CB1_TRAIN_M_CF3_RI2_TI2_R01,0.797802197802198,True,1.0,0.00044325008282333756
CB1_TRAIN_M_CF3_RI2_TI2_R01__it0001867,CB1_TRAIN_M_CF3_RI2_TI2_R01,0.838827838827839,False,1.0,0.0003662662430582109
CB1_TRAIN_M_CF3_RI2_TI2_R01__it0002017,CB1_TRAIN_M_CF3_RI2_TI2_R01,0.6703296703296703,False,1.0,0.00027640169183756793
CB1_TRAIN_M_CF3_RI2_TI2_R01__it0002079,CB1_TRAIN_M_CF3_RI2_TI2_R01,0.6433566433566434,True,1.0,0.00029202438935562955
CB1_TRAIN_M_CF3_RI2_TI2_R01__it0002243,CB1_TRAIN_M_CF3_RI2_TI2_R01,0.8124542124542126,False,1.0,0.0002371135629713786
CB1_TRAIN_M_CF3_RI2_TI2_R01__it0002262,CB1_TRAIN_M_CF3_RI2_TI2_R01,0.7435897435897436,True,1.0,0.0003768368651836832
CB1_TRAIN_M_CF3_RI2_TI2_R01__it0002268,CB1_TRAIN_M_CF3_RI2_TI2_R01,0.7201465201465203,True,1.0,0.0005517354525780502
CB1_TRAIN_M_CF3_RI2_TI3_R01__it0000038,CB1_TRAIN_M_CF3_RI2_TI3_R01,0.013919413919413925,False,0.5714285714285714,0.00023495052877839546
CB1_TRAIN_M_CF3_RI2_TI3_R01__it0000050,CB1_TRAIN_M_CF3_RI2_TI3_R01,0.893040293040293,False,0.7857142857142857,0.00013953498380413456
CB1_TRAIN_M_CF3_RI2_TI3_R01__it0000090,CB1_TRAIN_M_CF3_RI2_TI3_R01,0.512087912087912,False,0.35714285714285715,0.0002292899822241448
CB1_TRAIN_M_CF3_RI2_TI3_R01__it0000262,CB1_TRAIN_M_CF3_RI2_TI3_R01,0.6175824175824175,False,0.7142857142857143,0.0003559753351853145
CB1_TRAIN_M_CF3_RI2_TI3_R01__it0000291,CB1_TRAIN_M_CF3_RI2_TI3_R01,0.5750915750915752,True,0.7857142857142857,0.0004922579246903572
CB1_TRAIN_M_CF3_RI2_TI3_R01__it0000394,CB1_TRAIN_M_CF3_RI2_TI3_R01,0.33626373626373623,False,0.7857142857142857,0.00030280232906225045
CB1_TRAIN_M_CF3_RI2_TI3_R01__it0000821,CB1_TRAIN_M_CF3_RI2_TI3_R01,0.5472527472527472,False,0.8571428571428571,0.00022681200204056247
CB1_TRAIN_M_CF3_RI2_TI3_R01__it0000892,CB1_TRAIN_M_CF3_RI2_TI3_R01,0.3802197802197802,False,0.8571428571428571,0.0002315458383599231
CB1_TRAIN_M_CF3_RI2_TI3_R01__it0000919,CB1_TRAIN_M_CF3_RI2_TI3_R01,0.5780219780219781,False,0.9285714285714286,0.0002144767058843415
CB1_TRAIN_M_CF3_RI2_TI3_R01__it0000930,CB1_TRAIN_M_CF3_RI2_TI3_R01,0.3421245421245421,False,0.9285714285714286,0.00026350531144191623
CB1_TRAIN_M_CF3_RI2_TI3_R01__it0001095,CB1_TRAIN_M_CF3_RI2_TI3_R01,0.12673992673992673,False,1.0,0.00022382166229663764
CB1_TRAIN_M_CF3_RI2_TI3_R01__it0001246,CB1_TRAIN_M_CF3_RI2_TI3_R01,0.5252747252747253,False,0.9285714285714286,0.00021177926430348783
CB1_TRAIN_M_CF3_RI2_TI3_R01__it0001247,CB1_TRAIN_M_CF3_RI2_TI3_R01,0.39926739926739924,False,0.9285714285714286,0.0002332916503358575
CB1_TRAIN_M_CF3_RI2_TI3_R01__it0001282,CB1_TRAIN_M_CF3_RI2_TI3_R01,0.23223443223443227,False,0.9285714285714286,0.0003033464078210988
CB1_TRAIN_M_CF3_RI2_TI3_R01__it0001368,CB1_TRAIN_M_CF3_RI2_TI3_R01,0.5457875457875458,True,1.0,0.00011385945241613969
CB1_TRAIN_M_CF3_RI2_TI3_R01__it0001434,CB1_TRAIN_M_CF3_RI2_TI3_R01,0.34358974358974353,False,0.9285714285714286,0.00031785332966977357
CB1_TRAIN_M_CF3_RI2_TI3_R01__it0001466,CB1_TRAIN_M_CF3_RI2_TI3_R01,0.4827838827838828,False,1.0,0.00039555073280267953
CB1_TRAIN_M_CF3_RI2_TI3_R01__it0001501,CB1_TRAIN_M_CF3_RI2_TI3_R01,0.28937728937728935,False,1.0,0.00047395611628943694
CB1_TRAIN_M_CF3_RI2_TI3_R01__it0001530,CB1_TRAIN_M_CF3_RI2_TI3_R01,0.7142857142857144,False,1.0,0.00014596683511842876
CB1_TRAIN_M_CF3_RI2_TI3_R01__it0001774,CB1_TRAIN_M_CF3_RI2_TI3_R01,0.7655677655677655,False,1.0,0.0002617202867666076
CB1_TRAIN_M_CF3_RI3_TI1_R01__it0000172,CB1_TRAIN_M_CF3_RI3_TI1_R01,0.5340659340659341,False,0.7857142857142857,0.0006546285818824979
CB1_TRAIN_M_CF3_RI3_TI1_R01__it0000176,CB1_TRAIN_M_CF3_RI3_TI1_R01,0.6586080586080586,False,0.8571428571428571,0.0006266355468050594
CB1_TRAIN_M_CF3_RI3_TI1_R01__it0000432,CB1_TRAIN_M_CF3_RI3_TI1_R01,0.8036630036630038,False,1.0,0.0007301757031222824
CB1_TRAIN_M_CF3_RI3_TI1_R01__it0000567,CB1_TRAIN_M_CF3_RI3_TI1_R01,0.3304029304029304,False,1.0,0.0007240867311495784
CB1_TRAIN_M_CF3_RI3_TI1_R01__it0000591,CB1_TRAIN_M_CF3_RI3_TI1_R01,0.19267399267399266,False,1.0,0.0010716296601627842
CB1_TRAIN_M_CF3_RI3_TI1_R01__it0000606,CB1_TRAIN_M_CF3_RI3_TI1_R01,0.46959706959706965,False,1.0,0.0006467181838159668
CB1_TRAIN_M_CF3_RI3_TI1_R01__it0000812,CB1_TRAIN_M_CF3_RI3_TI1_R01,0.4080586080586081,False,1.0,0.0006510969812063081
CB1_TRAIN_M_CF3_RI3_TI1_R01__it0000932,CB1_TRAIN_M_CF3_RI3_TI1_R01,0.4666666666666666,False,1.0,0.0007560661799748056
CB1_TRAIN_M_CF3_RI3_TI1_R01__it0001029,CB1_TRAIN_M_CF3_RI3_TI1_R01,0.21465201465201464,False,1.0,0.0010664358483331898
CB1_TRAIN_M_CF3_RI3_TI1_R01__it0001649,CB1_TRAIN_M_CF3_RI3_TI1_R01,0.5194139194139195,False,1.0,0.0008458725030324838
CB1_TRAIN_M_CF3_RI3_TI1_R01__it0001736,CB1_TRAIN_M_CF3_RI3_TI1_R01,0.4754578754578755,False,1.0,0.000896486801791946
CB1_TRAIN_M_CF3_RI3_TI1_R01__it0001792,CB1_TRAIN_M_CF3_RI3_TI1_R01,0.5838827838827839,False,1.0,0.0009761010115788604
CB1_TRAIN_M_CF3_RI3_TI1_R01__it0001922,CB1_TRAIN_M_CF3_RI3_TI1_R01,0.5252747252747253,False,1.0,0.0006269357041947477
CB1_TRAIN_M_CF3_RI3_TI1_R01__it0002013,CB1_TRAIN_M_CF3_RI3_TI1_R01,0.4461538461538462,False,1.0,0.0004663131019383731
CB1_TRAIN_M_CF3_RI3_TI1_R01__it0002020,CB1_TRAIN_M_CF3_RI3_TI1_R01,0.43003663003663006,False,0.9285714285714286,0.0008076554953815376
CB1_TRAIN_M_CF3_RI3_TI1_R01__it0002210,CB1_TRAIN_M_CF3_RI3_TI1_R01,0.5648351648351647,False,1.0,0.0008089038811822479
CB1_TRAIN_M_CF3_RI3_TI1_R01__it0002220,CB1_TRAIN_M_CF3_RI3_TI1_R01,0.49010989010989015,False,1.0,0.0010632602100007257
CB1_TRAIN_M_CF3_RI3_TI1_R01__it0002226,CB1_TRAIN_M_CF3_RI3_TI1_R01,0.6454212454212455,False,1.0,0.0006921524719004759
CB1_TRAIN_M_CF3_RI3_TI1_R01__it0002335,CB1_TRAIN_M_CF3_RI3_TI1_R01,0.43003663003663006,False,1.0,0.00098672189745327
CB1_TRAIN_M_CF3_RI3_TI2_R01__it0000013,CB1_TRAIN_M_CF3_RI3_TI2_R01,0.5780219780219781,False,0.9285714285714286,0.0003889461478155584
CB1_TRAIN_M_CF3_RI3_TI2_R01__it0000107,CB1_TRAIN_M_CF3_RI3_TI2_R01,0.5677655677655677,False,0.9285714285714286,0.0004665707155934249
CB1_TRAIN_M_CF3_RI3_TI2_R01__it0000116,CB1_TRAIN_M_CF3_RI3_TI2_R01,0.7421245421245422,False,0.6428571428571429,0.0003573433115289902
CB1_TRAIN_M_CF3_RI3_TI2_R01__it0000182,CB1_TRAIN_M_CF3_RI3_TI2_R01,0.8388278388278388,False,0.7142857142857143,0.0002998531753417292
CB1_TRAIN_M_CF3_RI3_TI2_R01__it0000186,CB1_TRAIN_M_CF3_RI3_TI2_R01,0.7318681318681319,True,0.7142857142857143,0.0003163815823569085
CB1_TRAIN_M_CF3_RI3_TI2_R01__it0000352,CB1_TRAIN_M_CF3_RI3_TI2_R01,0.6644688644688646,False,0.7142857142857143,0.00039908367989497604
CB1_TRAIN_M_CF3_RI3_TI2_R01__it0000427,CB1_TRAIN_M_CF3_RI3_TI2_R01,0.5223443223443224,False,0.5714285714285714,0.0005104481182063931
CB1_TRAIN_M_CF3_RI3_TI2_R01__it0000523,CB1_TRAIN_M_CF3_RI3_TI2_R01,0.6483516483516484,False,1.0,0.0004111402943080343
CB1_TRAIN_M_CF3_RI3_TI2_R01__it0000674,CB1_TRAIN_M_CF3_RI3_TI2_R01,0.7787545787545788,True,0.9285714285714286,0.000345692662139985
CB1_TRAIN_M_CF3_RI3_TI2_R01__it0000685,CB1_TRAIN_M_CF3_RI3_TI2_R01,0.7919413919413921,False,0.9285714285714286,0.0007292598408740504
CB1_TRAIN_M_CF3_RI3_TI2_R01__it0000751,CB1_TRAIN_M_CF3_RI3_TI2_R01,0.26886446886446885,False,0.9285714285714286,0.0010006516133933229
CB1_TRAIN_M_CF3_RI3_TI2_R01__it0000835,CB1_TRAIN_M_CF3_RI3_TI2_R01,0.6967032967032968,False,1.0,0.0007382435509038089
CB1_TRAIN_M_CF3_RI3_TI2_R01__it0000883,CB1_TRAIN_M_CF3_RI3_TI2_R01,0.7509157509157509,True,1.0,0.0006069979210422393
CB1_TRAIN_M_CF3_RI3_TI2_R01__it0000901,CB1_TRAIN_M_CF3_RI3_TI2_R01,0.6923076923076922,False,1.0,0.0004343431024113015
CB1_TRAIN_M_CF3_RI3_TI2_R01__it0001071,CB1_TRAIN_M_CF3_RI3_TI2_R01,0.747985347985348,False,1.0,0.0007740294095847008
CB1_TRAIN_M_CF3_RI3_TI2_R01__it0001163,CB1_TRAIN_M_CF3_RI3_TI2_R01,0.7186813186813187,False,1.0,0.0006646755407900849
CB1_TRAIN_M_CF3_RI3_TI2_R01__it0001243,CB1_TRAIN_M_CF3_RI3_TI2_R01,0.5457875457875457,False,1.0,0.0012495168609259395
CB1_TRAIN_M_CF3_RI3_TI2_R01__it0001337,CB1_TRAIN_M_CF3_RI3_TI2_R01,0.471062271062271,False,1.0,0.000763513269168037
CB1_TRAIN_M_CF3_RI3_TI2_R01__it0001379,CB1_TRAIN_M_CF3_RI3_TI2_R01,0.7010989010989012,False,1.0,0.00040329610869474736
CB1_TRAIN_M_CF3_RI3_TI2_R01__it0001389,CB1_TRAIN_M_CF3_RI3_TI2_R01,0.5428571428571429,False,1.0,0.000734510808261258
CB1_TRAIN_M_CF3_RI3_TI2_R01__it0001524,CB1_TRAIN_M_CF3_RI3_TI2_R01,0.8300366300366301,False,1.0,0.0005431415378706804
CB1_TRAIN_M_CF3_RI3_TI2_R01__it0001621,CB1_TRAIN_M_CF3_RI3_TI2_R01,0.7106227106227107,False,1.0,0.0007960728097179178
CB1_TRAIN_M_CF3_RI3_TI2_R01__it0001893,CB1_TRAIN_M_CF3_RI3_TI2_R01,0.7963369963369963,False,1.0,0.0006272331838682216
CB1_TRAIN_M_CF3_RI3_TI2_R01__it0002113,CB1_TRAIN_M_CF3_RI3_TI2_R01,0.6190476190476191,False,1.0,0.0004812289791809852
CB1_TRAIN_M_CF3_RI3_TI2_R01__it0002341,CB1_TRAIN_M_CF3_RI3_TI2_R01,0.5326007326007326,False,1.0,0.0005839668489679209
CB1_TRAIN_M_CF3_RI3_TI3_R01__it0000005,CB1_TRAIN_M_CF3_RI3_TI3_R01,0.728937728937729,False,0.9285714285714286,0.00016624340763511043
CB1_TRAIN_M_CF3_RI3_TI3_R01__it0000065,CB1_TRAIN_M_CF3_RI3_TI3_R01,0.7362637362637363,True,0.7142857142857143,0.00035227718753798857
CB1_TRAIN_M_CF3_RI3_TI3_R01__it0000216,CB1_TRAIN_M_CF3_RI3_TI3_R01,0.6615384615384615,True,0.5,0.0001977323809928
CB1_TRAIN_M_CF3_RI3_TI3_R01__it0000748,CB1_TRAIN_M_CF3_RI3_TI3_R01,0.3333333333333333,False,0.9285714285714286,0.00024290557109367148
CB1_TRAIN_M_CF3_RI3_TI3_R01__it0000756,CB1_TRAIN_M_CF3_RI3_TI3_R01,0.03479853479853482,False,0.8461538461538461,0.00019527491071385839
CB1_TRAIN_M_CF3_RI3_TI3_R01__it0000809,CB1_TRAIN_M_CF3_RI3_TI3_R01,0.4051282051282052,False,0.8571428571428571,0.0002222148524784759
CB1_TRAIN_M_CF3_RI3_TI3_R01__it0001016,CB1_TRAIN_M_CF3_RI3_TI3_R01,0.5,False,0.8461538461538461,0.0004091578581332083
CB1_TRAIN_M_CF3_RI3_TI3_R01__it0001065,CB1_TRAIN_M_CF3_RI3_TI3_R01,0.07985347985347986,False,0.9285714285714286,0.00039809786106775197
CB1_TRAIN_M_CF3_RI3_TI3_R01__it0001197,CB1_TRAIN_M_CF3_RI3_TI3_R01,0.6512820512820513,False,0.8571428571428571,0.00031357237852921717
CB1_TRAIN_M_CF3_RI3_TI3_R01__it0001314,CB1_TRAIN_M_CF3_RI3_TI3_R01,0.29523809523809524,False,0.8571428571428571,0.00017795090813217088
CB1_TRAIN_M_CF3_RI3_TI3_R01__it0001327,CB1_TRAIN_M_CF3_RI3_TI3_R01,0.35091575091575083,True,0.7857142857142857,0.0003182968764873932
CB1_TRAIN_M_CF3_RI3_TI3_R01__it0001355,CB1_TRAIN_M_CF3_RI3_TI3_R01,0.5018315018315018,False,0.7142857142857143,0.00025438439430937353
CB1_TRAIN_M_CF3_RI3_TI3_R01__it0001602,CB1_TRAIN_M_CF3_RI3_TI3_R01,0.263003663003663,False,0.8571428571428571,0.00039206447158844475
CB1_TRAIN_M_CF3_RI3_TI3_R01__it0001717,CB1_TRAIN_M_CF3_RI3_TI3_R01,0.3831501831501831,False,0.7857142857142857,0.0004057781309027227
CB1_TRAIN_M_CF3_RI3_TI3_R01__it0001745,CB1_TRAIN_M_CF3_RI3_TI3_R01,0.4754578754578755,False,1.0,0.0003619173751873297
CB1_TRAIN_M_CF3_RI3_TI3_R01__it0001786,CB1_TRAIN_M_CF3_RI3_TI3_R01,0.47802197802197793,False,1.0,0.00038904202803868436
CB1_TRAIN_M_CF3_RI3_TI3_R01__it0002015,CB1_TRAIN_M_CF3_RI3_TI3_R01,0.26593406593406593,False,1.0,0.0004419426474884691
CB1_TRAIN_M_CF3_RI3_TI3_R01__it0002088,CB1_TRAIN_M_CF3_RI3_TI3_R01,0.0783882783882784,False,1.0,0.0006885631201083876
CB1_TRAIN_S_CF1_RI1_TI1_R01__it0000101,CB1_TRAIN_S_CF1_RI1_TI1_R01,0.6732600732600732,False,0.9285714285714286,0.0003177524575087411
CB1_TRAIN_S_CF1_RI1_TI1_R01__it0000239,CB1_TRAIN_S_CF1_RI1_TI1_R01,0.8974358974358975,True,1.0,0.0007132526571389024
CB1_TRAIN_S_CF1_RI1_TI1_R01__it0000554,CB1_TRAIN_S_CF1_RI1_TI1_R01,0.6761904761904761,False,0.8571428571428571,0.0008105699952649697
CB1_TRAIN_S_CF1_RI1_TI1_R01__it0000679,CB1_TRAIN_S_CF1_RI1_TI1_R01,0.44908424908424904,False,1.0,0.0013344969382749637
CB1_TRAIN_S_CF1_RI1_TI1_R01__it0000803,CB1_TRAIN_S_CF1_RI1_TI1_R01,0.7545787545787546,False,1.0,0.0005889948820682893
CB1_TRAIN_S_CF1_RI1_TI1_R01__it0000832,CB1_TRAIN_S_CF1_RI1_TI1_R01,0.41684981684981687,False,1.0,0.001215130182833019
CB1_TRAIN_S_CF1_RI1_TI1_R01__it0000963,CB1_TRAIN_S_CF1_RI1_TI1_R01,0.668997668997669,False,1.0,0.0010910608194334315
CB1_TRAIN_S_CF1_RI1_TI1_R01__it0001159,CB1_TRAIN_S_CF1_RI1_TI1_R01,0.679120879120879,False,1.0,0.0007245321247715266
CB1_TRAIN_S_CF1_RI1_TI1_R01__it0001470,CB1_TRAIN_S_CF1_RI1_TI1_R01,0.40952380952380957,False,1.0,0.0014211869805436045
CB1_TRAIN_S_CF1_RI1_TI1_R01__it0001473,CB1_TRAIN_S_CF1_RI1_TI1_R01,0.6483516483516484,False,1.0,0.0009374272461248602
CB1_TRAIN_S_CF1_RI1_TI1_R01__it0001495,CB1_TRAIN_S_CF1_RI1_TI1_R01,0.19047619047619047,False,1.0,0.0011523962243803166
CB1_TRAIN_S_CF1_RI1_TI1_R01__it0001578,CB1_TRAIN_S_CF1_RI1_TI1_R01,0.47252747252747246,False,1.0,0.001419945062385915
CB1_TRAIN_S_CF1_RI1_TI1_R01__it0001751,CB1_TRAIN_S_CF1_RI1_TI1_R01,0.4249084249084249,False,1.0,0.0009252862648641065
CB1_TRAIN_S_CF1_RI1_TI1_R01__it0001755,CB1_TRAIN_S_CF1_RI1_TI1_R01,0.7113553113553115,False,1.0,0.0008302096429463466
CB1_TRAIN_S_CF1_RI1_TI1_R01__it0001927,CB1_TRAIN_S_CF1_RI1_TI1_R01,0.5780219780219781,False,1.0,0.0011746522496713823
CB1_TRAIN_S_CF1_RI1_TI1_R01__it0002052,CB1_TRAIN_S_CF1_RI1_TI1_R01,0.5326007326007326,False,1.0,0.0012241080130484308
CB1_TRAIN_S_CF1_RI1_TI1_R01__it0002123,CB1_TRAIN_S_CF1_RI1_TI1_R01,0.6512820512820513,False,1.0,0.0011954693537100773
CB1_TRAIN_S_CF1_RI1_TI1_R01__it0002419,CB1_TRAIN_S_CF1_RI1_TI1_R01,0.7692307692307692,False,1.0,0.000573486657434303
CB1_TRAIN_S_CF1_RI1_TI2_R01__it0000103,CB1_TRAIN_S_CF1_RI1_TI2_R01,0.668997668997669,False,0.9166666666666666,0.00028401057449850065
CB1_TRAIN_S_CF1_RI1_TI2_R01__it0000396,CB1_TRAIN_S_CF1_RI1_TI2_R01,0.7234432234432235,False,0.6923076923076923,0.0004326196201777172
CB1_TRAIN_S_CF1_RI1_TI2_R01__it0000474,CB1_TRAIN_S_CF1_RI1_TI2_R01,0.6117216117216118,False,1.0,0.0009074194192676495
CB1_TRAIN_S_CF1_RI1_TI2_R01__it0000558,CB1_TRAIN_S_CF1_RI1_TI2_R01,0.34981684981684974,False,0.7692307692307693,0.0009425615595693129
CB1_TRAIN_S_CF1_RI1_TI2_R01__it0000591,CB1_TRAIN_S_CF1_RI1_TI2_R01,0.293040293040293,False,1.0,0.0009019536133857556
CB1_TRAIN_S_CF1_RI1_TI2_R01__it0000686,CB1_TRAIN_S_CF1_RI1_TI2_R01,0.5721611721611722,False,1.0,0.0005651681816273738
CB1_TRAIN_S_CF1_RI1_TI2_R01__it0000757,CB1_TRAIN_S_CF1_RI1_TI2_R01,0.6351648351648351,False,0.7857142857142857,0.00035749143935228387
CB1_TRAIN_S_CF1_RI1_TI2_R01__it0000780,CB1_TRAIN_S_CF1_RI1_TI2_R01,0.6205128205128205,False,0.7857142857142857,0.0007845466345586266
CB1_TRAIN_S_CF1_RI1_TI2_R01__it0001080,CB1_TRAIN_S_CF1_RI1_TI2_R01,0.6322344322344323,False,1.0,0.0003120249736641179
CB1_TRAIN_S_CF1_RI1_TI2_R01__it0001093,CB1_TRAIN_S_CF1_RI1_TI2_R01,0.471062271062271,False,1.0,0.0006151684131253469
CB1_TRAIN_S_CF1_RI1_TI2_R01__it0001190,CB1_TRAIN_S_CF1_RI1_TI2_R01,0.5201465201465202,False,0.9230769230769231,0.00040714002937215543
CB1_TRAIN_S_CF1_RI1_TI2_R01__it0001231,CB1_TRAIN_S_CF1_RI1_TI2_R01,0.4490842490842491,False,1.0,0.0005130579185866293
CB1_TRAIN_S_CF1_RI1_TI2_R01__it0001450,CB1_TRAIN_S_CF1_RI1_TI2_R01,0.7597069597069597,False,1.0,0.00045073979999622716
CB1_TRAIN_S_CF1_RI1_TI2_R01__it0001707,CB1_TRAIN_S_CF1_RI1_TI2_R01,0.608058608058608,False,1.0,0.0002472378064656165
CB1_TRAIN_S_CF1_RI1_TI2_R01__it0001842,CB1_TRAIN_S_CF1_RI1_TI2_R01,0.35091575091575095,True,1.0,0.0006827611546484693
CB1_TRAIN_S_CF1_RI1_TI2_R01__it0001869,CB1_TRAIN_S_CF1_RI1_TI2_R01,0.6923076923076924,False,0.9285714285714286,0.0003477062464442837
CB1_TRAIN_S_CF1_RI1_TI2_R01__it0001886,CB1_TRAIN_S_CF1_RI1_TI2_R01,0.6758241758241758,False,1.0,0.0004505864540580248
CB1_TRAIN_S_CF1_RI1_TI2_R01__it0001968,CB1_TRAIN_S_CF1_RI1_TI2_R01,0.11721611721611719,False,1.0,0.000835330816331004
CB1_TRAIN_S_CF1_RI1_TI2_R01__it0002026,CB1_TRAIN_S_CF1_RI1_TI2_R01,0.4007326007326008,False,1.0,0.00043604066697048503
CB1_TRAIN_S_CF1_RI1_TI2_R01__it0002032,CB1_TRAIN_S_CF1_RI1_TI2_R01,0.33626373626373635,False,1.0,0.0007390599976568263
CB1_TRAIN_S_CF1_RI1_TI2_R01__it0002060,CB1_TRAIN_S_CF1_RI1_TI2_R01,0.31868131868131866,False,1.0,0.0005488650901720896
CB1_TRAIN_S_CF1_RI1_TI2_R01__it0002169,CB1_TRAIN_S_CF1_RI1_TI2_R01,0.33516483516483514,True,1.0,0.0006983922968394728
CB1_TRAIN_S_CF1_RI1_TI2_R01__it0002204,CB1_TRAIN_S_CF1_RI1_TI2_R01,0.6644688644688644,False,1.0,0.00040419125261497183
CB1_TRAIN_S_CF1_RI1_TI2_R01__it0002263,CB1_TRAIN_S_CF1_RI1_TI2_R01,0.3516483516483517,True,1.0,0.00046634110834711334
CB1_TRAIN_S_CF1_RI1_TI2_R01__it0002414,CB1_TRAIN_S_CF1_RI1_TI2_R01,0.48534798534798534,False,1.0,0.0006569089388333148
CB1_TRAIN_S_CF1_RI1_TI3_R01__it0000020,CB1_TRAIN_S_CF1_RI1_TI3_R01,0.5842490842490843,True,0.9230769230769231,0.00030247913192157233
CB1_TRAIN_S_CF1_RI1_TI3_R01__it0000081,CB1_TRAIN_S_CF1_RI1_TI3_R01,0.8476190476190476,True,0.7142857142857143,0.0001685290317397974
CB1_TRAIN_S_CF1_RI1_TI3_R01__it0000221,CB1_TRAIN_S_CF1_RI1_TI3_R01,0.7567765567765568,False,0.8571428571428571,0.00022403227785804128
CB1_TRAIN_S_CF1_RI1_TI3_R01__it0000286,CB1_TRAIN_S_CF1_RI1_TI3_R01,0.706959706959707,True,1.0,0.00020981469996317903
CB1_TRAIN_S_CF1_RI1_TI3_R01__it0000552,CB1_TRAIN_S_CF1_RI1_TI3_R01,0.3772893772893773,False,1.0,0.000289272420437569
CB1_TRAIN_S_CF1_RI1_TI3_R01__it0000713,CB1_TRAIN_S_CF1_RI1_TI3_R01,0.37142857142857144,False,1.0,0.0002846005016007375
CB1_TRAIN_S_CF1_RI1_TI3_R01__it0000723,CB1_TRAIN_S_CF1_RI1_TI3_R01,0.2923076923076923,False,1.0,0.00022937780180132332
CB1_TRAIN_S_CF1_RI1_TI3_R01__it0000853,CB1_TRAIN_S_CF1_RI1_TI3_R01,0.33186813186813185,False,0.8571428571428571,0.00023729135961196734
CB1_TRAIN_S_CF1_RI1_TI3_R01__it0000988,CB1_TRAIN_S_CF1_RI1_TI3_R01,0.47069597069597074,False,0.6153846153846154,0.0003133766429922943
CB1_TRAIN_S_CF1_RI1_TI3_R01__it0001022,CB1_TRAIN_S_CF1_RI1_TI3_R01,0.4710622710622711,False,0.7857142857142857,0.00020122296627917512
CB1_TRAIN_S_CF1_RI1_TI3_R01__it0001036,CB1_TRAIN_S_CF1_RI1_TI3_R01,0.7365967365967366,False,0.9166666666666666,0.00015839113805611658
CB1_TRAIN_S_CF1_RI1_TI3_R01__it0001096,CB1_TRAIN_S_CF1_RI1_TI3_R01,0.1956043956043956,False,0.8571428571428571,0.00030861210721212974
CB1_TRAIN_S_CF1_RI1_TI3_R01__it0001240,CB1_TRAIN_S_CF1_RI1_TI3_R01,0.5692307692307693,False,0.9285714285714286,0.00016903475869863512
CB1_TRAIN_S_CF1_RI1_TI3_R01__it0001327,CB1_TRAIN_S_CF1_RI1_TI3_R01,0.5879120879120879,False,0.8461538461538461,0.0002682528418000426
CB1_TRAIN_S_CF1_RI1_TI3_R01__it0001412,CB1_TRAIN_S_CF1_RI1_TI3_R01,0.4358974358974359,False,0.9230769230769231,0.00030915490242759165
CB1_TRAIN_S_CF1_RI1_TI3_R01__it0001544,CB1_TRAIN_S_CF1_RI1_TI3_R01,0.3304029304029304,False,0.9285714285714286,0.00022368537493293547
CB1_TRAIN_S_CF1_RI1_TI3_R01__it0001575,CB1_TRAIN_S_CF1_RI1_TI3_R01,0.1838827838827839,False,0.8571428571428571,0.00033982426806736097
CB1_TRAIN_S_CF1_RI1_TI3_R01__it0001719,CB1_TRAIN_S_CF1_RI1_TI3_R01,0.31135531135531136,False,0.8461538461538461,0.00036565442768568535
CB1_TRAIN_S_CF1_RI1_TI3_R01__it0001881,CB1_TRAIN_S_CF1_RI1_TI3_R01,0.304029304029304,False,0.8461538461538461,0.00021937829694962645
CB1_TRAIN_S_CF1_RI1_TI3_R01__it0001923,CB1_TRAIN_S_CF1_RI1_TI3_R01,0.5512820512820512,False,0.8461538461538461,0.0003686757005251868
CB1_TRAIN_S_CF1_RI1_TI3_R01__it0002152,CB1_TRAIN_S_CF1_RI1_TI3_R01,0.5757575757575758,False,1.0,0.00027469626137053546
CB1_TRAIN_S_CF1_RI1_TI3_R01__it0002351,CB1_TRAIN_S_CF1_RI1_TI3_R01,0.3978021978021979,False,0.9285714285714286,0.00026995692337783596
CB1_TRAIN_S_CF1_RI2_TI1_R01__it0000205,CB1_TRAIN_S_CF1_RI2_TI1_R01,0.8901098901098902,True,1.0,0.0005483403563853232
CB1_TRAIN_S_CF1_RI2_TI1_R01__it0000348,CB1_TRAIN_S_CF1_RI2_TI1_R01,0.7472527472527473,False,1.0,0.0007907420480223402
CB1_TRAIN_S_CF1_RI2_TI1_R01__it0000454,CB1_TRAIN_S_CF1_RI2_TI1_R01,0.813919413919414,True,0.9285714285714286,0.00054158961158094
CB1_TRAIN_S_CF1_RI2_TI1_R01__it0000485,CB1_TRAIN_S_CF1_RI2_TI1_R01,0.4102564102564103,False,1.0,0.0006732712127192499
CB1_TRAIN_S_CF1_RI2_TI1_R01__it0000540,CB1_TRAIN_S_CF1_RI2_TI1_R01,0.36630036630036633,False,1.0,0.0014861131083817466
CB1_TRAIN_S_CF1_RI2_TI1_R01__it0000568,CB1_TRAIN_S_CF1_RI2_TI1_R01,0.4685314685314686,False,1.0,0.0006569083683858655
CB1_TRAIN_S_CF1_RI2_TI1_R01__it0000609,CB1_TRAIN_S_CF1_RI2_TI1_R01,0.41684981684981687,False,1.0,0.0011432743352042618
CB1_TRAIN_S_CF1_RI2_TI1_R01__it0000692,CB1_TRAIN_S_CF1_RI2_TI1_R01,0.5794871794871795,False,1.0,0.00046202925217233545
CB1_TRAIN_S_CF1_RI2_TI1_R01__it0000734,CB1_TRAIN_S_CF1_RI2_TI1_R01,0.2747252747252747,False,1.0,0.000832744055303981
CB1_TRAIN_S_CF1_RI2_TI1_R01__it0000931,CB1_TRAIN_S_CF1_RI2_TI1_R01,0.3543123543123543,False,1.0,0.0010182832430103794
CB1_TRAIN_S_CF1_RI2_TI1_R01__it0000962,CB1_TRAIN_S_CF1_RI2_TI1_R01,0.4666666666666666,False,1.0,0.000799559337616971
CB1_TRAIN_S_CF1_RI2_TI1_R01__it0001015,CB1_TRAIN_S_CF1_RI2_TI1_R01,0.4835164835164836,False,1.0,0.0009948683894621354
CB1_TRAIN_S_CF1_RI2_TI1_R01__it0001024,CB1_TRAIN_S_CF1_RI2_TI1_R01,0.3333333333333333,False,1.0,0.0007853366637984236
CB1_TRAIN_S_CF1_RI2_TI1_R01__it0001091,CB1_TRAIN_S_CF1_RI2_TI1_R01,0.11648351648351647,False,1.0,0.0007453783206934199
CB1_TRAIN_S_CF1_RI2_TI1_R01__it0001428,CB1_TRAIN_S_CF1_RI2_TI1_R01,0.6029304029304029,False,1.0,0.0005828750842375832
CB1_TRAIN_S_CF1_RI2_TI1_R01__it0001851,CB1_TRAIN_S_CF1_RI2_TI1_R01,0.0945054945054945,False,1.0,0.0014501211705572475
CB1_TRAIN_S_CF1_RI2_TI1_R01__it0001931,CB1_TRAIN_S_CF1_RI2_TI1_R01,0.5256410256410257,False,1.0,0.0008824616302432023
CB1_TRAIN_S_CF1_RI2_TI1_R01__it0001965,CB1_TRAIN_S_CF1_RI2_TI1_R01,0.7113553113553114,False,1.0,0.000988079342195782
CB1_TRAIN_S_CF1_RI2_TI1_R01__it0001977,CB1_TRAIN_S_CF1_RI2_TI1_R01,0.7271062271062272,False,1.0,0.0005307195808996769
CB1_TRAIN_S_CF1_RI2_TI1_R01__it0001978,CB1_TRAIN_S_CF1_RI2_TI1_R01,0.5106227106227107,False,1.0,0.0008860952805860534
CB1_TRAIN_S_CF1_RI2_TI1_R01__it0001988,CB1_TRAIN_S_CF1_RI2_TI1_R01,0.2673992673992674,False,1.0,0.0011081647353034358
CB1_TRAIN_S_CF1_RI2_TI1_R01__it0002260,CB1_TRAIN_S_CF1_RI2_TI1_R01,-0.025641025641025644,False,1.0,0.0012444741717351161
CB1_TRAIN_S_CF1_RI2_TI1_R01__it0002332,CB1_TRAIN_S_CF1_RI2_TI1_R01,0.26886446886446885,True,0.9285714285714286,0.0008961227466856628
CB1_TRAIN_S_CF1_RI2_TI2_R01__it0000166,CB1_TRAIN_S_CF1_RI2_TI2_R01,0.6428571428571428,False,0.7692307692307693,0.0009950554424904847
CB1_TRAIN_S_CF1_RI2_TI2_R01__it0000752,CB1_TRAIN_S_CF1_RI2_TI2_R01,0.5252747252747253,False,0.9285714285714286,0.0005258510986190402
CB1_TRAIN_S_CF1_RI2_TI2_R01__it0001019,CB1_TRAIN_S_CF1_RI2_TI2_R01,0.5457875457875457,False,1.0,0.0003843914680544219
CB1_TRAIN_S_CF1_RI2_TI2_R01__it0001092,CB1_TRAIN_S_CF1_RI2_TI2_R01,0.6117216117216118,False,1.0,0.00042368729090346
CB1_TRAIN_S_CF1_RI2_TI2_R01__it0001147,CB1_TRAIN_S_CF1_RI2_TI2_R01,0.5003663003663004,False,1.0,0.0006607176400182782
CB1_TRAIN_S_CF1_RI2_TI2_R01__it0001161,CB1_TRAIN_S_CF1_RI2_TI2_R01,0.1575091575091575,False,1.0,0.0006160149858532898
CB1_TRAIN_S_CF1_RI2_TI2_R01__it0001350,CB1_TRAIN_S_CF1_RI2_TI2_R01,0.12637362637362637,False,1.0,0.0008033574259045695
CB1_TRAIN_S_CF1_RI2_TI2_R01__it0001608,CB1_TRAIN_S_CF1_RI2_TI2_R01,0.263003663003663,False,1.0,0.0005328278877019293
CB1_TRAIN_S_CF1_RI2_TI2_R01__it0001767,CB1_TRAIN_S_CF1_RI2_TI2_R01,0.5732600732600732,False,1.0,0.0003108729626072843
CB1_TRAIN_S_CF1_RI2_TI2_R01__it0001915,CB1_TRAIN_S_CF1_RI2_TI2_R01,0.6586080586080586,False,1.0,0.000371522693680652
CB1_TRAIN_S_CF1_RI2_TI2_R01__it0002312,CB1_TRAIN_S_CF1_RI2_TI2_R01,0.5706959706959708,False,1.0,0.0006320675491983935
CB1_TRAIN_S_CF1_RI2_TI2_R01__it0002322,CB1_TRAIN_S_CF1_RI2_TI2_R01,0.44615384615384607,False,1.0,0.0006425488371204069
CB1_TRAIN_S_CF1_RI2_TI2_R01__it0002635,CB1_TRAIN_S_CF1_RI2_TI2_R01,0.7010989010989012,False,1.0,0.0006187237552629321
CB1_TRAIN_S_CF1_RI2_TI2_R01__it0002739,CB1_TRAIN_S_CF1_RI2_TI2_R01,0.5164835164835164,False,1.0,0.0007247479748629995
CB1_TRAIN_S_CF1_RI2_TI2_R01__it0002929,CB1_TRAIN_S_CF1_RI2_TI2_R01,0.452014652014652,False,1.0,0.0009241524185247756
CB1_TRAIN_S_CF1_RI2_TI2_R01__it0003116,CB1_TRAIN_S_CF1_RI2_TI2_R01,0.6648351648351648,False,1.0,0.0006663644703634584
CB1_TRAIN_S_CF1_RI2_TI2_R01__it0003468,CB1_TRAIN_S_CF1_RI2_TI2_R01,0.7186813186813188,False,0.9285714285714286,0.0007914841101742457
CB1_TRAIN_S_CF1_RI2_TI2_R01__it0003473,CB1_TRAIN_S_CF1_RI2_TI2_R01,0.8695970695970696,False,1.0,0.0004496224980932399
CB1_TRAIN_S_CF1_RI2_TI2_R01__it0003539,CB1_TRAIN_S_CF1_RI2_TI2_R01,0.47985347985347987,False,1.0,0.0007081851445842698
CB1_TRAIN_S_CF1_RI2_TI3_R01__it0000114,CB1_TRAIN_S_CF1_RI2_TI3_R01,0.5575091575091575,True,0.5,0.00014718024019459418
CB1_TRAIN_S_CF1_RI2_TI3_R01__it0000133,CB1_TRAIN_S_CF1_RI2_TI3_R01,0.6428571428571429,False,0.6153846153846154,0.00021189167406644006
CB1_TRAIN_S_CF1_RI2_TI3_R01__it0000212,CB1_TRAIN_S_CF1_RI2_TI3_R01,0.3655677655677656,False,0.42857142857142855,0.0004696255500597369
CB1_TRAIN_S_CF1_RI2_TI3_R01__it0000273,CB1_TRAIN_S_CF1_RI2_TI3_R01,0.4377289377289377,False,0.8461538461538461,0.00028280142256147713
CB1_TRAIN_S_CF1_RI2_TI3_R01__it0000295,CB1_TRAIN_S_CF1_RI2_TI3_R01,0.46227106227106224,False,0.5714285714285714,0.00020550968914197505
CB1_TRAIN_S_CF1_RI2_TI3_R01__it0000370,CB1_TRAIN_S_CF1_RI2_TI3_R01,0.5622710622710624,False,0.6923076923076923,0.00024216333667458295
CB1_TRAIN_S_CF1_RI2_TI3_R01__it0000380,CB1_TRAIN_S_CF1_RI2_TI3_R01,0.5402930402930403,False,0.5384615384615384,0.00017000405371114374
CB1_TRAIN_S_CF1_RI2_TI3_R01__it0000504,CB1_TRAIN_S_CF1_RI2_TI3_R01,0.45787545787545786,False,0.9285714285714286,0.0002139477792615728
CB1_TRAIN_S_CF1_RI2_TI3_R01__it0000632,CB1_TRAIN_S_CF1_RI2_TI3_R01,0.47252747252747246,False,0.7142857142857143,0.00027550693863342426
CB1_TRAIN_S_CF1_RI2_TI3_R01__it0000639,CB1_TRAIN_S_CF1_RI2_TI3_R01,0.5868131868131868,False,0.9285714285714286,0.00020696597467952343
CB1_TRAIN_S_CF1_RI2_TI3_R01__it0000706,CB1_TRAIN_S_CF1_RI2_TI3_R01,0.2615384615384615,False,1.0,0.0002454329467837443
CB1_TRAIN_S_CF1_RI2_TI3_R01__it0000749,CB1_TRAIN_S_CF1_RI2_TI3_R01,0.2875457875457876,False,1.0,0.0005973146894142744
CB1_TRAIN_S_CF1_RI2_TI3_R01__it0000777,CB1_TRAIN_S_CF1_RI2_TI3_R01,0.683150183150183,False,1.0,0.00020618377340745974
CB1_TRAIN_S_CF1_RI2_TI3_R01__it0000796,CB1_TRAIN_S_CF1_RI2_TI3_R01,0.6351648351648352,False,1.0,0.0002363188082242823
CB1_TRAIN_S_CF1_RI2_TI3_R01__it0000818,CB1_TRAIN_S_CF1_RI2_TI3_R01,0.5721611721611722,False,0.9285714285714286,0.00023896826710784677
CB1_TRAIN_S_CF1_RI2_TI3_R01__it0000832,CB1_TRAIN_S_CF1_RI2_TI3_R01,0.6282051282051281,False,1.0,0.00020044105885022806
CB1_TRAIN_S_CF1_RI2_TI3_R01__it0000987,CB1_TRAIN_S_CF1_RI2_TI3_R01,0.15934065934065936,False,1.0,0.0003710884803247653
CB1_TRAIN_S_CF1_RI2_TI3_R01__it0001178,CB1_TRAIN_S_CF1_RI2_TI3_R01,0.3523809523809523,False,1.0,0.00028649058411679473
CB1_TRAIN_S_CF1_RI2_TI3_R01__it0001302,CB1_TRAIN_S_CF1_RI2_TI3_R01,0.38461538461538464,False,1.0,0.0001959717864194927
CB1_TRAIN_S_CF1_RI2_TI3_R01__it0001326,CB1_TRAIN_S_CF1_RI2_TI3_R01,0.5274725274725275,False,0.8461538461538461,0.0003235895923519495
CB1_TRAIN_S_CF1_RI2_TI3_R01__it0001350,CB1_TRAIN_S_CF1_RI2_TI3_R01,0.2322344322344322,False,0.9285714285714286,0.00046447712981246767
CB1_TRAIN_S_CF1_RI2_TI3_R01__it0001604,CB1_TRAIN_S_CF1_RI2_TI3_R01,0.5794871794871795,False,1.0,0.0004999546494361945
CB1_TRAIN_S_CF1_RI2_TI3_R01__it0001926,CB1_TRAIN_S_CF1_RI2_TI3_R01,0.3644688644688645,False,1.0,0.0003584318940641
CB1_TRAIN_S_CF1_RI2_TI3_R01__it0002150,CB1_TRAIN_S_CF1_RI2_TI3_R01,0.3822843822843824,False,0.9166666666666666,0.0003798365070972213
CB1_TRAIN_S_CF1_RI3_TI1_R01__it0000316,CB1_TRAIN_S_CF1_RI3_TI1_R01,0.9091575091575091,False,0.9285714285714286,0.0006519877423041334
CB1_TRAIN_S_CF1_RI3_TI1_R01__it0000320,CB1_TRAIN_S_CF1_RI3_TI1_R01,0.8644688644688644,False,0.8461538461538461,0.0016464487644689695
CB1_TRAIN_S_CF1_RI3_TI1_R01__it0000472,CB1_TRAIN_S_CF1_RI3_TI1_R01,0.8406593406593407,False,1.0,0.0011469136236702158
CB1_TRAIN_S_CF1_RI3_TI1_R01__it0000613,CB1_TRAIN_S_CF1_RI3_TI1_R01,0.712820512820513,False,1.0,0.001662525634481129
CB1_TRAIN_S_CF1_RI3_TI1_R01__it0000715,CB1_TRAIN_S_CF1_RI3_TI1_R01,0.8772893772893773,False,1.0,0.0011841534475279332
CB1_TRAIN_S_CF1_RI3_TI1_R01__it0000756,CB1_TRAIN_S_CF1_RI3_TI1_R01,0.6620046620046621,True,1.0,0.0016010808349374627
CB1_TRAIN_S_CF1_RI3_TI1_R01__it0001055,CB1_TRAIN_S_CF1_RI3_TI1_R01,0.7362637362637363,False,1.0,0.0009224419736398183
CB1_TRAIN_S_CF1_RI3_TI1_R01__it0001197,CB1_TRAIN_S_CF1_RI3_TI1_R01,0.6498168498168498,False,1.0,0.0020148767014163695
CB1_TRAIN_S_CF1_RI3_TI1_R01__it0001298,CB1_TRAIN_S_CF1_RI3_TI1_R01,0.695970695970696,False,1.0,0.001756151254749982
CB1_TRAIN_S_CF1_RI3_TI1_R01__it0001613,CB1_TRAIN_S_CF1_RI3_TI1_R01,0.7157509157509158,False,1.0,0.0011486505557531316
CB1_TRAIN_S_CF1_RI3_TI1_R01__it0001621,CB1_TRAIN_S_CF1_RI3_TI1_R01,0.4051282051282052,False,1.0,0.0016559451432184246
CB1_TRAIN_S_CF1_RI3_TI1_R01__it0001647,CB1_TRAIN_S_CF1_RI3_TI1_R01,0.432967032967033,False,1.0,0.002038016852831667
CB1_TRAIN_S_CF1_RI3_TI1_R01__it0001904,CB1_TRAIN_S_CF1_RI3_TI1_R01,0.6703296703296703,False,1.0,0.0014878792411673306
CB1_TRAIN_S_CF1_RI3_TI1_R01__it0001921,CB1_TRAIN_S_CF1_RI3_TI1_R01,0.5677655677655676,False,1.0,0.0021528725738976765
CB1_TRAIN_S_CF1_RI3_TI1_R01__it0001997,CB1_TRAIN_S_CF1_RI3_TI1_R01,0.5944055944055945,False,1.0,0.0014013882777907053
CB1_TRAIN_S_CF1_RI3_TI1_R01__it0002165,CB1_TRAIN_S_CF1_RI3_TI1_R01,0.7552447552447553,False,1.0,0.0014409523567644968
CB1_TRAIN_S_CF1_RI3_TI1_R01__it0002184,CB1_TRAIN_S_CF1_RI3_TI1_R01,0.7878787878787881,True,1.0,0.001128691671774723
CB1_TRAIN_S_CF1_RI3_TI1_R01__it0002353,CB1_TRAIN_S_CF1_RI3_TI1_R01,0.32051282051282054,False,1.0,0.0021137998375172573
CB1_TRAIN_S_CF1_RI3_TI1_R01__it0002362,CB1_TRAIN_S_CF1_RI3_TI1_R01,0.5457875457875458,False,1.0,0.0021594877842848635
CB1_TRAIN_S_CF1_RI3_TI1_R01__it0002527,CB1_TRAIN_S_CF1_RI3_TI1_R01,0.6293706293706295,False,0.9166666666666666,0.0026378086465302097
CB1_TRAIN_S_CF1_RI3_TI1_R01__it0002536,CB1_TRAIN_S_CF1_RI3_TI1_R01,0.4963369963369963,True,1.0,0.001571797622726717
CB1_TRAIN_S_CF1_RI3_TI1_R01__it0002555,CB1_TRAIN_S_CF1_RI3_TI1_R01,0.7747252747252746,False,1.0,0.0014504609359669836
CB1_TRAIN_S_CF1_RI3_TI2_R01__it0000074,CB1_TRAIN_S_CF1_RI3_TI2_R01,0.22344322344322343,False,0.42857142857142855,0.0005289982492354229
CB1_TRAIN_S_CF1_RI3_TI2_R01__it0000206,CB1_TRAIN_S_CF1_RI3_TI2_R01,0.6380952380952382,True,0.7857142857142857,0.0006238965314520871
CB1_TRAIN_S_CF1_RI3_TI2_R01__it0000460,CB1_TRAIN_S_CF1_RI3_TI2_R01,0.2216117216117216,False,1.0,0.0028663113951767983
CB1_TRAIN_S_CF1_RI3_TI2_R01__it0000509,CB1_TRAIN_S_CF1_RI3_TI2_R01,0.6007326007326007,True,1.0,0.0015872406623935109
CB1_TRAIN_S_CF1_RI3_TI2_R01__it0000617,CB1_TRAIN_S_CF1_RI3_TI2_R01,0.5457875457875457,False,1.0,0.0008174067365727869
CB1_TRAIN_S_CF1_RI3_TI2_R01__it0000711,CB1_TRAIN_S_CF1_RI3_TI2_R01,0.3699633699633699,False,1.0,0.0012521132960471428
CB1_TRAIN_S_CF1_RI3_TI2_R01__it0000739,CB1_TRAIN_S_CF1_RI3_TI2_R01,0.5337995337995339,False,1.0,0.0015135527201103338
CB1_TRAIN_S_CF1_RI3_TI2_R01__it0000891,CB1_TRAIN_S_CF1_RI3_TI2_R01,0.5135531135531135,False,1.0,0.000979549973159515
CB1_TRAIN_S_CF1_RI3_TI2_R01__it0001112,CB1_TRAIN_S_CF1_RI3_TI2_R01,0.31934731934731936,False,1.0,0.000716900326739103
CB1_TRAIN_S_CF1_RI3_TI2_R01__it0001291,CB1_TRAIN_S_CF1_RI3_TI2_R01,0.6556776556776557,False,1.0,0.0006833747287520302
CB1_TRAIN_S_CF1_RI3_TI2_R01__it0001296,CB1_TRAIN_S_CF1_RI3_TI2_R01,0.7545787545787546,False,1.0,0.0005970143110969306
CB1_TRAIN_S_CF1_RI3_TI2_R01__it0001504,CB1_TRAIN_S_CF1_RI3_TI2_R01,0.7626373626373627,False,1.0,0.0006155461008293357
CB1_TRAIN_S_CF1_RI3_TI2_R01__it0001505,CB1_TRAIN_S_CF1_RI3_TI2_R01,0.5842490842490843,False,1.0,0.0008701036649359634
CB1_TRAIN_S_CF1_RI3_TI2_R01__it0002119,CB1_TRAIN_S_CF1_RI3_TI2_R01,0.44688644688644685,False,1.0,0.000895490901846668
CB1_TRAIN_S_CF1_RI3_TI2_R01__it0002138,CB1_TRAIN_S_CF1_RI3_TI2_R01,0.6923076923076922,False,1.0,0.0005010937596283347
CB1_TRAIN_S_CF1_RI3_TI2_R01__it0002316,CB1_TRAIN_S_CF1_RI3_TI2_R01,0.4637362637362637,False,1.0,0.0006710399853718027
CB1_TRAIN_S_CF1_RI3_TI2_R01__it0002383,CB1_TRAIN_S_CF1_RI3_TI2_R01,0.8402930402930403,False,1.0,0.00068320148623368
CB1_TRAIN_S_CF1_RI3_TI3_R01__it0000180,CB1_TRAIN_S_CF1_RI3_TI3_R01,0.5879120879120879,False,0.6153846153846154,0.000247584123012949
CB1_TRAIN_S_CF1_RI3_TI3_R01__it0000239,CB1_TRAIN_S_CF1_RI3_TI3_R01,0.6391941391941391,False,0.6153846153846154,0.000599723305844011
CB1_TRAIN_S_CF1_RI3_TI3_R01__it0000479,CB1_TRAIN_S_CF1_RI3_TI3_R01,0.7252747252747253,False,0.8461538461538461,0.00029027179177329324
CB1_TRAIN_S_CF1_RI3_TI3_R01__it0000793,CB1_TRAIN_S_CF1_RI3_TI3_R01,0.5091575091575091,False,1.0,0.0002712730448202711
CB1_TRAIN_S_CF1_RI3_TI3_R01__it0000822,CB1_TRAIN_S_CF1_RI3_TI3_R01,0.5622710622710623,False,0.9230769230769231,0.0002451171695459329
CB1_TRAIN_S_CF1_RI3_TI3_R01__it0000861,CB1_TRAIN_S_CF1_RI3_TI3_R01,0.4452214452214453,False,1.0,0.00038442815650085836
CB1_TRAIN_S_CF1_RI3_TI3_R01__it0000920,CB1_TRAIN_S_CF1_RI3_TI3_R01,0.39194139194139194,False,0.9230769230769231,0.00029034983704693694
CB1_TRAIN_S_CF1_RI3_TI3_R01__it0000932,CB1_TRAIN_S_CF1_RI3_TI3_R01,0.4871794871794872,False,0.75,0.00022810185326708858
CB1_TRAIN_S_CF1_RI3_TI3_R01__it0000980,CB1_TRAIN_S_CF1_RI3_TI3_R01,0.5326007326007326,False,0.7857142857142857,0.00029108785260819356
CB1_TRAIN_S_CF1_RI3_TI3_R01__it0001106,CB1_TRAIN_S_CF1_RI3_TI3_R01,0.5501831501831502,False,0.8571428571428571,0.00031025625240398
CB1_TRAIN_S_CF1_RI3_TI3_R01__it0001225,CB1_TRAIN_S_CF1_RI3_TI3_R01,0.6098901098901098,False,1.0,0.00016449062507906635
CB1_TRAIN_S_CF1_RI3_TI3_R01__it0001282,CB1_TRAIN_S_CF1_RI3_TI3_R01,0.17765567765567766,False,1.0,0.00048007854806865924
CB1_TRAIN_S_CF1_RI3_TI3_R01__it0001288,CB1_TRAIN_S_CF1_RI3_TI3_R01,0.15604395604395607,False,1.0,0.0004999598328440015
CB1_TRAIN_S_CF1_RI3_TI3_R01__it0001716,CB1_TRAIN_S_CF1_RI3_TI3_R01,0.5805860805860806,False,0.8461538461538461,0.00022889492434468472
CB1_TRAIN_S_CF1_RI3_TI3_R01__it0001886,CB1_TRAIN_S_CF1_RI3_TI3_R01,0.575091575091575,False,0.8461538461538461,0.00027429199231115856
CB1_TRAIN_S_CF1_RI3_TI3_R01__it0002107,CB1_TRAIN_S_CF1_RI3_TI3_R01,0.5736263736263736,False,1.0,0.00038280041623392795
CB1_TRAIN_S_CF1_RI3_TI3_R01__it0002195,CB1_TRAIN_S_CF1_RI3_TI3_R01,0.7714285714285715,False,0.9285714285714286,0.00017493801953922953
CB1_TRAIN_S_CF1_RI3_TI3_R01__it0002251,CB1_TRAIN_S_CF1_RI3_TI3_R01,0.3948717948717948,False,0.9285714285714286,0.00023952420225542922
CB1_TRAIN_S_CF2_RI1_TI1_R01__it0000003,CB1_TRAIN_S_CF2_RI1_TI1_R01,0.5399267399267399,False,1.0,0.003507777923328729
CB1_TRAIN_S_CF2_RI1_TI1_R01__it0000257,CB1_TRAIN_S_CF2_RI1_TI1_R01,0.7758241758241758,False,1.0,0.0010251018843319868
CB1_TRAIN_S_CF2_RI1_TI1_R01__it0000371,CB1_TRAIN_S_CF2_RI1_TI1_R01,0.891941391941392,False,1.0,0.0017081464975423062
CB1_TRAIN_S_CF2_RI1_TI1_R01__it0000463,CB1_TRAIN_S_CF2_RI1_TI1_R01,0.7919413919413921,False,1.0,0.0028374601451937086
CB1_TRAIN_S_CF2_RI1_TI1_R01__it0000978,CB1_TRAIN_S_CF2_RI1_TI1_R01,0.8915750915750915,False,1.0,0.0012991731653493527
CB1_TRAIN_S_CF2_RI1_TI1_R01__it0001344,CB1_TRAIN_S_CF2_RI1_TI1_R01,0.9065934065934066,False,1.0,0.0012931783104891512
CB1_TRAIN_S_CF2_RI1_TI1_R01__it0001354,CB1_TRAIN_S_CF2_RI1_TI1_R01,0.8424908424908425,False,1.0,0.0012216878606020763
CB1_TRAIN_S_CF2_RI1_TI1_R01__it0001361,CB1_TRAIN_S_CF2_RI1_TI1_R01,0.7699633699633699,True,1.0,0.001855164895951219
CB1_TRAIN_S_CF2_RI1_TI1_R01__it0001684,CB1_TRAIN_S_CF2_RI1_TI1_R01,0.9322344322344321,True,1.0,0.0016752426893481692
CB1_TRAIN_S_CF2_RI1_TI1_R01__it0002095,CB1_TRAIN_S_CF2_RI1_TI1_R01,0.9277389277389277,True,1.0,0.0014692551427216332
CB1_TRAIN_S_CF2_RI1_TI1_R01__it0002105,CB1_TRAIN_S_CF2_RI1_TI1_R01,0.8681318681318682,False,1.0,0.0018463575152084123
CB1_TRAIN_S_CF2_RI1_TI1_R01__it0002134,CB1_TRAIN_S_CF2_RI1_TI1_R01,0.8212454212454213,False,1.0,0.0022073474512829777
CB1_TRAIN_S_CF2_RI1_TI1_R01__it0002176,CB1_TRAIN_S_CF2_RI1_TI1_R01,0.8131868131868133,False,1.0,0.0021492031373123847
CB1_TRAIN_S_CF2_RI1_TI1_R01__it0002333,CB1_TRAIN_S_CF2_RI1_TI1_R01,0.8717948717948718,True,1.0,0.0010209281163223033
CB1_TRAIN_S_CF2_RI1_TI2_R01__it0000055,CB1_TRAIN_S_CF2_RI1_TI2_R01,0.46886446886446875,False,0.8461538461538461,0.0008194956615784256
CB1_TRAIN_S_CF2_RI1_TI2_R01__it0000238,CB1_TRAIN_S_CF2_RI1_TI2_R01,0.2820512820512821,False,0.7142857142857143,0.0015728559692595855
CB1_TRAIN_S_CF2_RI1_TI2_R01__it0000245,CB1_TRAIN_S_CF2_RI1_TI2_R01,0.6571428571428571,False,0.6428571428571429,0.00044080651551543814
CB1_TRAIN_S_CF2_RI1_TI2_R01__it0000533,CB1_TRAIN_S_CF2_RI1_TI2_R01,0.6761904761904761,False,1.0,0.0004928768370734647
CB1_TRAIN_S_CF2_RI1_TI2_R01__it0000588,CB1_TRAIN_S_CF2_RI1_TI2_R01,0.7783882783882784,True,1.0,0.0007395723237666155
CB1_TRAIN_S_CF2_RI1_TI2_R01__it0000652,CB1_TRAIN_S_CF2_RI1_TI2_R01,0.8058608058608058,False,1.0,0.0006278345805623939
CB1_TRAIN_S_CF2_RI1_TI2_R01__it0000798,CB1_TRAIN_S_CF2_RI1_TI2_R01,0.6666666666666666,False,0.9230769230769231,0.0004920594135364727
CB1_TRAIN_S_CF2_RI1_TI2_R01__it0001241,CB1_TRAIN_S_CF2_RI1_TI2_R01,0.36996336996337,False,1.0,0.0008740104071311486
CB1_TRAIN_S_CF2_RI1_TI2_R01__it0001586,CB1_TRAIN_S_CF2_RI1_TI2_R01,0.6307692307692307,False,1.0,0.0008982894996982169
CB1_TRAIN_S_CF2_RI1_TI2_R01__it0001813,CB1_TRAIN_S_CF2_RI1_TI2_R01,0.8197802197802199,False,1.0,0.00048256239571115424
CB1_TRAIN_S_CF2_RI1_TI2_R01__it0001823,CB1_TRAIN_S_CF2_RI1_TI2_R01,0.5860805860805861,False,0.9230769230769231,0.0006517434460191784
CB1_TRAIN_S_CF2_RI1_TI2_R01__it0001836,CB1_TRAIN_S_CF2_RI1_TI2_R01,0.7391941391941392,False,1.0,0.0003960413397132185
CB1_TRAIN_S_CF2_RI1_TI2_R01__it0002336,CB1_TRAIN_S_CF2_RI1_TI2_R01,0.553113553113553,False,1.0,0.0003746742871141622
CB1_TRAIN_S_CF2_RI1_TI2_R01__it0002371,CB1_TRAIN_S_CF2_RI1_TI2_R01,0.6952380952380953,False,1.0,0.0006787997573199049
CB1_TRAIN_S_CF2_RI1_TI2_R01__it0002379,CB1_TRAIN_S_CF2_RI1_TI2_R01,0.22637362637362637,False,1.0,0.0007827621392934648
CB1_TRAIN_S_CF2_RI1_TI3_R01__it0000144,CB1_TRAIN_S_CF2_RI1_TI3_R01,0.6355311355311355,False,0.5384615384615384,0.0003132300045052645
CB1_TRAIN_S_CF2_RI1_TI3_R01__it0000286,CB1_TRAIN_S_CF2_RI1_TI3_R01,0.6806526806526807,True,0.9166666666666666,0.000603701778586696
CB1_TRAIN_S_CF2_RI1_TI3_R01__it0000492,CB1_TRAIN_S_CF2_RI1_TI3_R01,0.5032967032967033,False,1.0,0.000620300986581
CB1_TRAIN_S_CF2_RI1_TI3_R01__it0000664,CB1_TRAIN_S_CF2_RI1_TI3_R01,0.5926739926739927,False,1.0,0.00062853587288903
CB1_TRAIN_S_CF2_RI1_TI3_R01__it0000762,CB1_TRAIN_S_CF2_RI1_TI3_R01,0.36703296703296706,True,1.0,0.0006152589767692963
CB1_TRAIN_S_CF2_RI1_TI3_R01__it0000821,CB1_TRAIN_S_CF2_RI1_TI3_R01,0.6175824175824176,False,1.0,0.0006155027531870793
CB1_TRAIN_S_CF2_RI1_TI3_R01__it0000937,CB1_TRAIN_S_CF2_RI1_TI3_R01,0.21025641025641026,False,1.0,0.0004866639435057069
CB1_TRAIN_S_CF2_RI1_TI3_R01__it0000982,CB1_TRAIN_S_CF2_RI1_TI3_R01,0.3772893772893772,False,1.0,0.0005622591021334918
CB1_TRAIN_S_CF2_RI1_TI3_R01__it0001036,CB1_TRAIN_S_CF2_RI1_TI3_R01,0.5340659340659341,False,1.0,0.0005634624337567314
CB1_TRAIN_S_CF2_RI1_TI3_R01__it0001111,CB1_TRAIN_S_CF2_RI1_TI3_R01,0.5952380952380952,False,1.0,0.0004446384481488878
CB1_TRAIN_S_CF2_RI1_TI3_R01__it0001154,CB1_TRAIN_S_CF2_RI1_TI3_R01,0.6644688644688644,False,1.0,0.0003346585658484012
CB1_TRAIN_S_CF2_RI1_TI3_R01__it0001279,CB1_TRAIN_S_CF2_RI1_TI3_R01,0.6703296703296703,False,0.9285714285714286,0.0005692493400331001
CB1_TRAIN_S_CF2_RI1_TI3_R01__it0001409,CB1_TRAIN_S_CF2_RI1_TI3_R01,0.6161172161172161,True,1.0,0.0005653046404248639
CB1_TRAIN_S_CF2_RI1_TI3_R01__it0001464,CB1_TRAIN_S_CF2_RI1_TI3_R01,0.6293040293040294,True,0.9285714285714286,0.0005210915084314058
CB1_TRAIN_S_CF2_RI1_TI3_R01__it0001478,CB1_TRAIN_S_CF2_RI1_TI3_R01,0.40952380952380957,False,1.0,0.0007512230569720116
CB1_TRAIN_S_CF2_RI1_TI3_R01__it0001504,CB1_TRAIN_S_CF2_RI1_TI3_R01,0.3241758241758242,False,1.0,0.0005089146237051656
CB1_TRAIN_S_CF2_RI1_TI3_R01__it0001694,CB1_TRAIN_S_CF2_RI1_TI3_R01,0.5868131868131868,False,1.0,0.0007513140108727188
CB1_TRAIN_S_CF2_RI1_TI3_R01__it0001759,CB1_TRAIN_S_CF2_RI1_TI3_R01,0.06776556776556776,False,1.0,0.0007459899761812825
CB1_TRAIN_S_CF2_RI1_TI3_R01__it0001800,CB1_TRAIN_S_CF2_RI1_TI3_R01,0.06959706959706959,False,1.0,0.0008985714709738793
CB1_TRAIN_S_CF2_RI1_TI3_R01__it0001807,CB1_TRAIN_S_CF2_RI1_TI3_R01,0.6131868131868131,False,0.9285714285714286,0.0008168552297197231
CB1_TRAIN_S_CF2_RI1_TI3_R01__it0001811,CB1_TRAIN_S_CF2_RI1_TI3_R01,0.0586080586080586,False,1.0,0.000941999267078619
CB1_TRAIN_S_CF2_RI1_TI3_R01__it0001856,CB1_TRAIN_S_CF2_RI1_TI3_R01,0.46227106227106224,True,1.0,0.0008234136063436606
CB1_TRAIN_S_CF2_RI1_TI3_R01__it0002190,CB1_TRAIN_S_CF2_RI1_TI3_R01,0.10439560439560441,False,1.0,0.0005379957309737765
CB1_TRAIN_S_CF2_RI2_TI1_R01__it0000268,CB1_TRAIN_S_CF2_RI2_TI1_R01,0.7098901098901099,False,1.0,0.0017610879201002392
CB1_TRAIN_S_CF2_RI2_TI1_R01__it0000509,CB1_TRAIN_S_CF2_RI2_TI1_R01,0.5915750915750916,True,1.0,0.002360089669507727
CB1_TRAIN_S_CF2_RI2_TI1_R01__it0000618,CB1_TRAIN_S_CF2_RI2_TI1_R01,0.7260073260073261,False,1.0,0.0017961292158292402
CB1_TRAIN_S_CF2_RI2_TI1_R01__it0000891,CB1_TRAIN_S_CF2_RI2_TI1_R01,0.6732600732600732,True,1.0,0.0019155976145284706
CB1_TRAIN_S_CF2_RI2_TI1_R01__it0001317,CB1_TRAIN_S_CF2_RI2_TI1_R01,0.7040293040293041,False,1.0,0.0022559276265965112
CB1_TRAIN_S_CF2_RI2_TI1_R01__it0001521,CB1_TRAIN_S_CF2_RI2_TI1_R01,0.5164835164835164,False,1.0,0.0025470972492235753
CB1_TRAIN_S_CF2_RI2_TI1_R01__it0001559,CB1_TRAIN_S_CF2_RI2_TI1_R01,0.8300366300366301,False,1.0,0.0016726575899740782
CB1_TRAIN_S_CF2_RI2_TI1_R01__it0001617,CB1_TRAIN_S_CF2_RI2_TI1_R01,0.3986013986013987,False,1.0,0.0021985429284506713
CB1_TRAIN_S_CF2_RI2_TI1_R01__it0001784,CB1_TRAIN_S_CF2_RI2_TI1_R01,0.7494505494505495,True,1.0,0.0014313384736738995
CB1_TRAIN_S_CF2_RI2_TI1_R01__it0001949,CB1_TRAIN_S_CF2_RI2_TI1_R01,0.8857142857142857,False,1.0,0.0010780680101593564
CB1_TRAIN_S_CF2_RI2_TI1_R01__it0002266,CB1_TRAIN_S_CF2_RI2_TI1_R01,0.923076923076923,True,1.0,0.0008608061610077707
CB1_TRAIN_S_CF2_RI2_TI1_R01__it0002471,CB1_TRAIN_S_CF2_RI2_TI1_R01,0.8681318681318682,True,1.0,0.0005332234354181935
CB1_TRAIN_S_CF2_RI2_TI1_R01__it0002708,CB1_TRAIN_S_CF2_RI2_TI1_R01,0.9377289377289376,True,1.0,0.0013211669904944672
CB1_TRAIN_S_CF2_RI2_TI1_R01__it0003236,CB1_TRAIN_S_CF2_RI2_TI1_R01,0.8882783882783882,False,1.0,0.000837404406513746
CB1_TRAIN_S_CF2_RI2_TI1_R01__it0003290,CB1_TRAIN_S_CF2_RI2_TI1_R01,0.7567765567765568,False,1.0,0.0010944354218899162
CB1_TRAIN_S_CF2_RI2_TI1_R01__it0003314,CB1_TRAIN_S_CF2_RI2_TI1_R01,0.7978021978021977,False,1.0,0.0010347790611084193
CB1_TRAIN_S_CF2_RI2_TI1_R01__it0003415,CB1_TRAIN_S_CF2_RI2_TI1_R01,0.8205128205128206,False,1.0,0.0013459357050930093
CB1_TRAIN_S_CF2_RI2_TI1_R01__it0003513,CB1_TRAIN_S_CF2_RI2_TI1_R01,0.6611721611721612,False,1.0,0.0015016019100276175
CB1_TRAIN_S_CF2_RI2_TI1_R01__it0003656,CB1_TRAIN_S_CF2_RI2_TI1_R01,0.8113553113553112,False,1.0,0.0012515435035154276
CB1_TRAIN_S_CF2_RI2_TI2_R01__it0000223,CB1_TRAIN_S_CF2_RI2_TI2_R01,0.6879120879120878,False,0.6428571428571429,0.0007130761850989446
CB1_TRAIN_S_CF2_RI2_TI2_R01__it0000436,CB1_TRAIN_S_CF2_RI2_TI2_R01,0.7538461538461538,False,1.0,0.0005133985740432865
CB1_TRAIN_S_CF2_RI2_TI2_R01__it0000503,CB1_TRAIN_S_CF2_RI2_TI2_R01,0.8992673992673992,False,1.0,0.0005551412988724156
CB1_TRAIN_S_CF2_RI2_TI2_R01__it0000620,CB1_TRAIN_S_CF2_RI2_TI2_R01,0.934065934065934,True,1.0,0.00037313494864208617
CB1_TRAIN_S_CF2_RI2_TI2_R01__it0000648,CB1_TRAIN_S_CF2_RI2_TI2_R01,0.9523809523809524,True,1.0,0.00044890524229367204
CB1_TRAIN_S_CF2_RI2_TI2_R01__it0000749,CB1_TRAIN_S_CF2_RI2_TI2_R01,0.82983682983683,True,1.0,0.00039064996740929625
CB1_TRAIN_S_CF2_RI2_TI2_R01__it0000953,CB1_TRAIN_S_CF2_RI2_TI2_R01,0.9395604395604394,False,1.0,0.0005407598495502327
CB1_TRAIN_S_CF2_RI2_TI2_R01__it0000999,CB1_TRAIN_S_CF2_RI2_TI2_R01,0.9516483516483517,True,1.0,0.0004511502633215632
CB1_TRAIN_S_CF2_RI2_TI2_R01__it0001092,CB1_TRAIN_S_CF2_RI2_TI2_R01,0.9597069597069597,True,1.0,0.00032174409334439385
CB1_TRAIN_S_CF2_RI2_TI2_R01__it0001122,CB1_TRAIN_S_CF2_RI2_TI2_R01,0.9179487179487179,True,1.0,0.0005108506986793988
CB1_TRAIN_S_CF2_RI2_TI2_R01__it0001512,CB1_TRAIN_S_CF2_RI2_TI2_R01,0.8476190476190477,False,1.0,0.0005172839506172838
CB1_TRAIN_S_CF2_RI2_TI2_R01__it0001616,CB1_TRAIN_S_CF2_RI2_TI2_R01,0.8622710622710623,False,1.0,0.0004682172251616695
CB1_TRAIN_S_CF2_RI2_TI2_R01__it0002378,CB1_TRAIN_S_CF2_RI2_TI2_R01,0.8601398601398603,False,1.0,0.0009216099786304652
CB1_TRAIN_S_CF2_RI2_TI2_R01__it0002597,CB1_TRAIN_S_CF2_RI2_TI2_R01,0.816849816849817,True,1.0,0.0004231947676284868
CB1_TRAIN_S_CF2_RI2_TI2_R01__it0002809,CB1_TRAIN_S_CF2_RI2_TI2_R01,0.5736263736263737,False,1.0,0.000786225336543338
CB1_TRAIN_S_CF2_RI2_TI2_R01__it0002918,CB1_TRAIN_S_CF2_RI2_TI2_R01,0.6355311355311355,False,1.0,0.0006545900434234192
CB1_TRAIN_S_CF2_RI2_TI2_R01__it0003134,CB1_TRAIN_S_CF2_RI2_TI2_R01,0.7802197802197801,False,1.0,0.0005623834402882973
CB1_TRAIN_S_CF2_RI2_TI2_R01__it0003228,CB1_TRAIN_S_CF2_RI2_TI2_R01,0.7875457875457875,False,1.0,0.0008909676469142109
CB1_TRAIN_S_CF2_RI2_TI2_R01__it0003521,CB1_TRAIN_S_CF2_RI2_TI2_R01,0.7875457875457875,False,1.0,0.0007451275362888265
CB1_TRAIN_S_CF2_RI2_TI2_R01__it0003596,CB1_TRAIN_S_CF2_RI2_TI2_R01,0.7362637362637363,True,1.0,0.0009542871165578805
CB1_TRAIN_S_CF2_RI2_TI3_R01__it0000275,CB1_TRAIN_S_CF2_RI2_TI3_R01,0.3421245421245422,False,0.7142857142857143,0.0004811263344917191
CB1_TRAIN_S_CF2_RI2_TI3_R01__it0000453,CB1_TRAIN_S_CF2_RI2_TI3_R01,0.25567765567765566,False,1.0,0.0009422729346804333
CB1_TRAIN_S_CF2_RI2_TI3_R01__it0000707,CB1_TRAIN_S_CF2_RI2_TI3_R01,0.8901098901098902,True,1.0,0.00028293764139535965
CB1_TRAIN_S_CF2_RI2_TI3_R01__it0000713,CB1_TRAIN_S_CF2_RI2_TI3_R01,0.5366300366300366,False,1.0,0.0005209452442343503
CB1_TRAIN_S_CF2_RI2_TI3_R01__it0000741,CB1_TRAIN_S_CF2_RI2_TI3_R01,0.5824175824175825,False,1.0,0.0005508166573408177
CB1_TRAIN_S_CF2_RI2_TI3_R01__it0000902,CB1_TRAIN_S_CF2_RI2_TI3_R01,0.6717948717948717,False,1.0,0.00029422809372961137
CB1_TRAIN_S_CF2_RI2_TI3_R01__it0001172,CB1_TRAIN_S_CF2_RI2_TI3_R01,0.38168498168498166,False,1.0,0.0005882239701067531
CB1_TRAIN_S_CF2_RI2_TI3_R01__it0001621,CB1_TRAIN_S_CF2_RI2_TI3_R01,0.3772893772893773,False,1.0,0.0007780464723083166
CB1_TRAIN_S_CF2_RI2_TI3_R01__it0001834,CB1_TRAIN_S_CF2_RI2_TI3_R01,0.7421245421245422,False,1.0,0.0003961482897284877
CB1_TRAIN_S_CF2_RI2_TI3_R01__it0001973,CB1_TRAIN_S_CF2_RI2_TI3_R01,0.76996336996337,False,1.0,0.00022190109658607054
CB1_TRAIN_S_CF2_RI2_TI3_R01__it0002211,CB1_TRAIN_S_CF2_RI2_TI3_R01,0.7820512820512819,False,1.0,0.0005124268865452036
CB1_TRAIN_S_CF2_RI2_TI3_R01__it0002309,CB1_TRAIN_S_CF2_RI2_TI3_R01,0.5663003663003663,False,1.0,0.0004457354026314499
CB1_TRAIN_S_CF2_RI2_TI3_R01__it0002560,CB1_TRAIN_S_CF2_RI2_TI3_R01,0.29670329670329676,False,0.9285714285714286,0.0008842459428841917
CB1_TRAIN_S_CF2_RI2_TI3_R01__it0002725,CB1_TRAIN_S_CF2_RI2_TI3_R01,0.4681318681318682,False,1.0,0.0006276747955744203
CB1_TRAIN_S_CF2_RI2_TI3_R01__it0002770,CB1_TRAIN_S_CF2_RI2_TI3_R01,0.40952380952380957,False,1.0,0.0003686131171594134
CB1_TRAIN_S_CF2_RI2_TI3_R01__it0002895,CB1_TRAIN_S_CF2_RI2_TI3_R01,0.6527472527472528,False,0.9285714285714286,0.000501664951973736
CB1_TRAIN_S_CF2_RI2_TI3_R01__it0003038,CB1_TRAIN_S_CF2_RI2_TI3_R01,0.3978021978021978,False,1.0,0.0011491943311843014
CB1_TRAIN_S_CF2_RI2_TI3_R01__it0003427,CB1_TRAIN_S_CF2_RI2_TI3_R01,0.47252747252747246,False,1.0,0.0007858235207568872
CB1_TRAIN_S_CF2_RI3_TI1_R01__it0000095,CB1_TRAIN_S_CF2_RI3_TI1_R01,0.9324009324009325,True,1.0,0.0007930235656555293
CB1_TRAIN_S_CF2_RI3_TI1_R01__it0000143,CB1_TRAIN_S_CF2_RI3_TI1_R01,0.9706959706959708,True,1.0,0.00045427416163652015
CB1_TRAIN_S_CF2_RI3_TI1_R01__it0000149,CB1_TRAIN_S_CF2_RI3_TI1_R01,0.931135531135531,False,0.9285714285714286,0.0008509034125941615
CB1_TRAIN_S_CF2_RI3_TI1_R01__it0000607,CB1_TRAIN_S_CF2_RI3_TI1_R01,0.8205128205128206,True,1.0,0.0008838777870199965
CB1_TRAIN_S_CF2_RI3_TI1_R01__it0001091,CB1_TRAIN_S_CF2_RI3_TI1_R01,0.7860805860805861,False,1.0,0.0011972234944341753
CB1_TRAIN_S_CF2_RI3_TI1_R01__it0001241,CB1_TRAIN_S_CF2_RI3_TI1_R01,0.9347319347319348,True,1.0,0.0014520756077013757
CB1_TRAIN_S_CF2_RI3_TI1_R01__it0001271,CB1_TRAIN_S_CF2_RI3_TI1_R01,0.8992673992673993,True,1.0,0.001199973983707334
CB1_TRAIN_S_CF2_RI3_TI1_R01__it0001272,CB1_TRAIN_S_CF2_RI3_TI1_R01,0.9443223443223442,True,1.0,0.0010076553967424391
CB1_TRAIN_S_CF2_RI3_TI1_R01__it0001684,CB1_TRAIN_S_CF2_RI3_TI1_R01,0.7564102564102564,False,1.0,0.0010975940045434183
CB1_TRAIN_S_CF2_RI3_TI1_R01__it0001730,CB1_TRAIN_S_CF2_RI3_TI1_R01,0.8857142857142857,True,1.0,0.0010785152504513532
CB1_TRAIN_S_CF2_RI3_TI1_R01__it0001735,CB1_TRAIN_S_CF2_RI3_TI1_R01,0.8298368298368298,True,1.0,0.0014993937593845864
CB1_TRAIN_S_CF2_RI3_TI1_R01__it0001758,CB1_TRAIN_S_CF2_RI3_TI1_R01,0.8505494505494505,True,1.0,0.0010144860904238268
CB1_TRAIN_S_CF2_RI3_TI1_R01__it0001805,CB1_TRAIN_S_CF2_RI3_TI1_R01,0.9285714285714287,True,1.0,0.0010401760888194788
CB1_TRAIN_S_CF2_RI3_TI1_R01__it0001955,CB1_TRAIN_S_CF2_RI3_TI1_R01,0.5439560439560439,False,1.0,0.0018775977246518367
CB1_TRAIN_S_CF2_RI3_TI1_R01__it0002026,CB1_TRAIN_S_CF2_RI3_TI1_R01,0.9179487179487179,False,1.0,0.0016252584209271415
CB1_TRAIN_S_CF2_RI3_TI1_R01__it0002202,CB1_TRAIN_S_CF2_RI3_TI1_R01,0.5912087912087912,False,1.0,0.0017761893376075668
CB1_TRAIN_S_CF2_RI3_TI1_R01__it0002276,CB1_TRAIN_S_CF2_RI3_TI1_R01,0.7567765567765568,False,1.0,0.0023646657613558913
CB1_TRAIN_S_CF2_RI3_TI1_R01__it0002348,CB1_TRAIN_S_CF2_RI3_TI1_R01,0.8791208791208791,False,1.0,0.0011300781710544268
CB1_TRAIN_S_CF2_RI3_TI1_R01__it0002578,CB1_TRAIN_S_CF2_RI3_TI1_R01,0.8406593406593407,False,1.0,0.0013544205650492759
CB1_TRAIN_S_CF2_RI3_TI1_R01__it0002739,CB1_TRAIN_S_CF2_RI3_TI1_R01,0.9003663003663004,True,1.0,0.0016351027369610053
CB1_TRAIN_S_CF2_RI3_TI1_R01__it0002752,CB1_TRAIN_S_CF2_RI3_TI1_R01,0.8021978021978021,True,1.0,0.0016716068607591649
CB1_TRAIN_S_CF2_RI3_TI1_R01__it0002891,CB1_TRAIN_S_CF2_RI3_TI1_R01,0.7802197802197802,False,1.0,0.0027795953112068547
CB1_TRAIN_S_CF2_RI3_TI1_R01__it0002988,CB1_TRAIN_S_CF2_RI3_TI1_R01,0.8095238095238096,False,1.0,0.0013925528330362852
CB1_TRAIN_S_CF2_RI3_TI1_R01__it0003030,CB1_TRAIN_S_CF2_RI3_TI1_R01,0.7978021978021977,False,1.0,0.001001946073660076
CB1_TRAIN_S_CF2_RI3_TI1_R01__it0003231,CB1_TRAIN_S_CF2_RI3_TI1_R01,0.9157509157509157,False,1.0,0.0012850535733363662
CB1_TRAIN_S_CF2_RI3_TI1_R01__it0003347,CB1_TRAIN_S_CF2_RI3_TI1_R01,0.7838827838827838,True,1.0,0.0022532925127759754
CB1_TRAIN_S_CF2_RI3_TI1_R01__it0003592,CB1_TRAIN_S_CF2_RI3_TI1_R01,0.8930402930402931,False,1.0,0.001747495240480098
CB1_TRAIN_S_CF2_RI3_TI2_R01__it0000040,CB1_TRAIN_S_CF2_RI3_TI2_R01,0.793040293040293,False,1.0,0.0005624713936983176
CB1_TRAIN_S_CF2_RI3_TI2_R01__it0000090,CB1_TRAIN_S_CF2_RI3_TI2_R01,0.315018315018315,False,0.8461538461538461,0.0011547817911292456
CB1_TRAIN_S_CF2_RI3_TI2_R01__it0000154,CB1_TRAIN_S_CF2_RI3_TI2_R01,0.7699633699633699,True,0.9285714285714286,0.0008562032465976521
CB1_TRAIN_S_CF2_RI3_TI2_R01__it0000205,CB1_TRAIN_S_CF2_RI3_TI2_R01,0.536996336996337,False,1.0,0.0013394156027835248
CB1_TRAIN_S_CF2_RI3_TI2_R01__it0000225,CB1_TRAIN_S_CF2_RI3_TI2_R01,0.5516483516483516,False,1.0,0.0018755134950225864
CB1_TRAIN_S_CF2_RI3_TI2_R01__it0000463,CB1_TRAIN_S_CF2_RI3_TI2_R01,0.4358974358974359,False,1.0,0.0018642043549148427
CB1_TRAIN_S_CF2_RI3_TI2_R01__it0000538,CB1_TRAIN_S_CF2_RI3_TI2_R01,0.2805860805860806,False,0.8571428571428571,0.00257824938133119
CB1_TRAIN_S_CF2_RI3_TI2_R01__it0000586,CB1_TRAIN_S_CF2_RI3_TI2_R01,0.4981684981684982,False,1.0,0.000857228936644175
CB1_TRAIN_S_CF2_RI3_TI2_R01__it0000645,CB1_TRAIN_S_CF2_RI3_TI2_R01,0.521978021978022,False,1.0,0.0010351836255950654
CB1_TRAIN_S_CF2_RI3_TI2_R01__it0000885,CB1_TRAIN_S_CF2_RI3_TI2_R01,0.5340659340659341,False,1.0,0.0008918670532111753
CB1_TRAIN_S_CF2_RI3_TI2_R01__it0001073,CB1_TRAIN_S_CF2_RI3_TI2_R01,0.4271062271062271,False,1.0,0.0007767317886283922
CB1_TRAIN_S_CF2_RI3_TI2_R01__it0001467,CB1_TRAIN_S_CF2_RI3_TI2_R01,0.7832167832167833,True,1.0,0.0007539631278802649
CB1_TRAIN_S_CF2_RI3_TI2_R01__it0001512,CB1_TRAIN_S_CF2_RI3_TI2_R01,0.695970695970696,False,1.0,0.0012463514059425514
CB1_TRAIN_S_CF2_RI3_TI2_R01__it0001686,CB1_TRAIN_S_CF2_RI3_TI2_R01,0.7010989010989013,True,1.0,0.0010378676574056339
CB1_TRAIN_S_CF2_RI3_TI2_R01__it0001754,CB1_TRAIN_S_CF2_RI3_TI2_R01,0.8076923076923078,False,1.0,0.0012961931302072395
CB1_TRAIN_S_CF2_RI3_TI2_R01__it0001827,CB1_TRAIN_S_CF2_RI3_TI2_R01,0.7875457875457875,False,1.0,0.001181276532961281
CB1_TRAIN_S_CF2_RI3_TI2_R01__it0001908,CB1_TRAIN_S_CF2_RI3_TI2_R01,0.8007326007326009,False,1.0,0.0012287269611767908
CB1_TRAIN_S_CF2_RI3_TI2_R01__it0002039,CB1_TRAIN_S_CF2_RI3_TI2_R01,0.8754578754578755,False,1.0,0.000996907889895036
CB1_TRAIN_S_CF2_RI3_TI2_R01__it0002311,CB1_TRAIN_S_CF2_RI3_TI2_R01,0.6355311355311355,False,1.0,0.001347078329111569
CB1_TRAIN_S_CF2_RI3_TI2_R01__it0002435,CB1_TRAIN_S_CF2_RI3_TI2_R01,0.8150183150183151,False,1.0,0.0011255217857386252
CB1_TRAIN_S_CF2_RI3_TI2_R01__it0002518,CB1_TRAIN_S_CF2_RI3_TI2_R01,0.728937728937729,True,1.0,0.0011572924264713423
CB1_TRAIN_S_CF2_RI3_TI2_R01__it0002586,CB1_TRAIN_S_CF2_RI3_TI2_R01,0.8886446886446887,False,1.0,0.0008854650242416496
CB1_TRAIN_S_CF2_RI3_TI2_R01__it0002983,CB1_TRAIN_S_CF2_RI3_TI2_R01,0.8021978021978021,False,1.0,0.0008403053842366509
CB1_TRAIN_S_CF2_RI3_TI2_R01__it0003068,CB1_TRAIN_S_CF2_RI3_TI2_R01,0.8553113553113553,False,1.0,0.0006699818646479168
CB1_TRAIN_S_CF2_RI3_TI2_R01__it0003089,CB1_TRAIN_S_CF2_RI3_TI2_R01,0.8109890109890111,False,1.0,0.00079530949295757
CB1_TRAIN_S_CF2_RI3_TI2_R01__it0003199,CB1_TRAIN_S_CF2_RI3_TI2_R01,0.8153846153846155,False,1.0,0.0008706079329438985
CB1_TRAIN_S_CF2_RI3_TI2_R01__it0003301,CB1_TRAIN_S_CF2_RI3_TI2_R01,0.6,False,1.0,0.0013740460503178856
CB1_TRAIN_S_CF2_RI3_TI2_R01__it0003359,CB1_TRAIN_S_CF2_RI3_TI2_R01,0.8622710622710623,False,1.0,0.0006689948550861775
CB1_TRAIN_S_CF2_RI3_TI2_R01__it0003431,CB1_TRAIN_S_CF2_RI3_TI2_R01,0.7890109890109889,False,1.0,0.0014812754918581744
CB1_TRAIN_S_CF2_RI3_TI2_R01__it0003626,CB1_TRAIN_S_CF2_RI3_TI2_R01,0.45787545787545786,False,1.0,0.0015196785206413395
CB1_TRAIN_S_CF2_RI3_TI3_R01__it0000374,CB1_TRAIN_S_CF2_RI3_TI3_R01,0.580952380952381,False,1.0,0.0004866659061874126
CB1_TRAIN_S_CF2_RI3_TI3_R01__it0000383,CB1_TRAIN_S_CF2_RI3_TI3_R01,0.5494505494505494,False,1.0,0.0004647127316726672
CB1_TRAIN_S_CF2_RI3_TI3_R01__it0000425,CB1_TRAIN_S_CF2_RI3_TI3_R01,0.7142857142857143,False,1.0,0.00027618269021293214
CB1_TRAIN_S_CF2_RI3_TI3_R01__it0000673,CB1_TRAIN_S_CF2_RI3_TI3_R01,0.5838827838827839,False,0.7857142857142857,0.0004527104927169021
CB1_TRAIN_S_CF2_RI3_TI3_R01__it0000808,CB1_TRAIN_S_CF2_RI3_TI3_R01,0.5641025641025641,False,1.0,0.0004473454372978656
CB1_TRAIN_S_CF2_RI3_TI3_R01__it0000828,CB1_TRAIN_S_CF2_RI3_TI3_R01,0.20293040293040296,False,0.9285714285714286,0.0006669160891111092
CB1_TRAIN_S_CF2_RI3_TI3_R01__it0000900,CB1_TRAIN_S_CF2_RI3_TI3_R01,0.8007326007326009,False,0.9285714285714286,0.00021297474541461103
CB1_TRAIN_S_CF2_RI3_TI3_R01__it0001256,CB1_TRAIN_S_CF2_RI3_TI3_R01,0.7838827838827838,False,1.0,0.00038978533644646885
CB1_TRAIN_S_CF2_RI3_TI3_R01__it0001619,CB1_TRAIN_S_CF2_RI3_TI3_R01,0.7597069597069597,True,0.9285714285714286,0.0004410859035155052
CB1_TRAIN_S_CF2_RI3_TI3_R01__it0001876,CB1_TRAIN_S_CF2_RI3_TI3_R01,0.8406593406593407,False,1.0,0.0003593324941670545
CB1_TRAIN_S_CF2_RI3_TI3_R01__it0002022,CB1_TRAIN_S_CF2_RI3_TI3_R01,0.8113553113553112,True,1.0,0.0004339826464458277
CB1_TRAIN_S_CF2_RI3_TI3_R01__it0002206,CB1_TRAIN_S_CF2_RI3_TI3_R01,0.6829836829836831,False,1.0,0.0004971101007858035
CB1_TRAIN_S_CF2_RI3_TI3_R01__it0002254,CB1_TRAIN_S_CF2_RI3_TI3_R01,0.5472527472527472,False,1.0,0.0005361013628020808
CB1_TRAIN_S_CF2_RI3_TI3_R01__it0002481,CB1_TRAIN_S_CF2_RI3_TI3_R01,0.687912087912088,False,1.0,0.0004449811712395441
CB1_TRAIN_S_CF2_RI3_TI3_R01__it0002604,CB1_TRAIN_S_CF2_RI3_TI3_R01,0.7333333333333334,False,1.0,0.00037640615396092244
CB1_TRAIN_S_CF2_RI3_TI3_R01__it0002642,CB1_TRAIN_S_CF2_RI3_TI3_R01,0.7201465201465203,False,1.0,0.00046244930687277695
CB1_TRAIN_S_CF2_RI3_TI3_R01__it0002678,CB1_TRAIN_S_CF2_RI3_TI3_R01,0.76007326007326,False,1.0,0.0005571278568729239
CB1_TRAIN_S_CF2_RI3_TI3_R01__it0002715,CB1_TRAIN_S_CF2_RI3_TI3_R01,0.6886446886446888,True,1.0,0.0002454757920079657
CB1_TRAIN_S_CF2_RI3_TI3_R01__it0002838,CB1_TRAIN_S_CF2_RI3_TI3_R01,0.7699633699633699,False,1.0,0.0004485426357861254
CB1_TRAIN_S_CF2_RI3_TI3_R01__it0002868,CB1_TRAIN_S_CF2_RI3_TI3_R01,0.8571428571428572,False,0.9230769230769231,0.0005843005123023974
CB1_TRAIN_S_CF2_RI3_TI3_R01__it0003012,CB1_TRAIN_S_CF2_RI3_TI3_R01,0.8021978021978021,False,1.0,0.0006040587720575226
CB1_TRAIN_S_CF2_RI3_TI3_R01__it0003484,CB1_TRAIN_S_CF2_RI3_TI3_R01,0.34358974358974353,False,1.0,0.0007921030706120567
CB1_TRAIN_S_CF2_RI3_TI3_R01__it0003515,CB1_TRAIN_S_CF2_RI3_TI3_R01,0.4608058608058608,False,1.0,0.00046828818947084513
CB1_TRAIN_S_CF3_RI1_TI1_R01__it0000485,CB1_TRAIN_S_CF3_RI1_TI1_R01,0.6117216117216118,False,1.0,0.0022554065363428254
CB1_TRAIN_S_CF3_RI1_TI1_R01__it0000513,CB1_TRAIN_S_CF3_RI1_TI1_R01,0.31135531135531136,False,1.0,0.0016684814445921165
CB1_TRAIN_S_CF3_RI1_TI1_R01__it0000526,CB1_TRAIN_S_CF3_RI1_TI1_R01,0.5882783882783883,False,1.0,0.0014633627538710424
CB1_TRAIN_S_CF3_RI1_TI1_R01__it0000641,CB1_TRAIN_S_CF3_RI1_TI1_R01,0.7972027972027974,True,1.0,0.0007735933682780398
CB1_TRAIN_S_CF3_RI1_TI1_R01__it0000671,CB1_TRAIN_S_CF3_RI1_TI1_R01,0.6879120879120878,True,1.0,0.0008741973775051428
CB1_TRAIN_S_CF3_RI1_TI1_R01__it0000747,CB1_TRAIN_S_CF3_RI1_TI1_R01,0.5018315018315018,False,1.0,0.0016194015250619606
CB1_TRAIN_S_CF3_RI1_TI1_R01__it0000751,CB1_TRAIN_S_CF3_RI1_TI1_R01,0.5912087912087912,False,1.0,0.0016832938527386054
CB1_TRAIN_S_CF3_RI1_TI1_R01__it0000931,CB1_TRAIN_S_CF3_RI1_TI1_R01,0.7490842490842491,False,1.0,0.0017478754987583847
CB1_TRAIN_S_CF3_RI1_TI1_R01__it0001035,CB1_TRAIN_S_CF3_RI1_TI1_R01,0.663003663003663,False,1.0,0.001257097470120538
CB1_TRAIN_S_CF3_RI1_TI1_R01__it0001097,CB1_TRAIN_S_CF3_RI1_TI1_R01,0.7025641025641026,False,1.0,0.0011789068329801917
CB1_TRAIN_S_CF3_RI1_TI1_R01__it0001391,CB1_TRAIN_S_CF3_RI1_TI1_R01,0.8003663003663003,False,1.0,0.0008158223101732907
CB1_TRAIN_S_CF3_RI1_TI1_R01__it0001548,CB1_TRAIN_S_CF3_RI1_TI1_R01,0.8578754578754579,False,1.0,0.0008944117567014626
CB1_TRAIN_S_CF3_RI1_TI1_R01__it0002539,CB1_TRAIN_S_CF3_RI1_TI1_R01,0.6813186813186812,False,1.0,0.0013481960858782607
CB1_TRAIN_S_CF3_RI1_TI1_R01__it0002547,CB1_TRAIN_S_CF3_RI1_TI1_R01,0.8256410256410257,False,1.0,0.0013661912605878244
CB1_TRAIN_S_CF3_RI1_TI1_R01__it0002686,CB1_TRAIN_S_CF3_RI1_TI1_R01,0.6849816849816849,False,1.0,0.0010488503871491869
CB1_TRAIN_S_CF3_RI1_TI1_R01__it0003031,CB1_TRAIN_S_CF3_RI1_TI1_R01,0.7454212454212454,True,1.0,0.0014455137688587588
CB1_TRAIN_S_CF3_RI1_TI1_R01__it0003046,CB1_TRAIN_S_CF3_RI1_TI1_R01,0.8564102564102565,False,1.0,0.001412080458198606
CB1_TRAIN_S_CF3_RI1_TI1_R01__it0003250,CB1_TRAIN_S_CF3_RI1_TI1_R01,0.8945054945054945,False,1.0,0.0009048208171786084
CB1_TRAIN_S_CF3_RI1_TI2_R01__it0000024,CB1_TRAIN_S_CF3_RI1_TI2_R01,0.8754578754578755,True,0.9230769230769231,0.00029758264110150203
CB1_TRAIN_S_CF3_RI1_TI2_R01__it0000078,CB1_TRAIN_S_CF3_RI1_TI2_R01,0.35091575091575095,False,0.42857142857142855,0.001280415097938415
CB1_TRAIN_S_CF3_RI1_TI2_R01__it0000208,CB1_TRAIN_S_CF3_RI1_TI2_R01,0.7855477855477856,False,1.0,0.0005849016743565671
CB1_TRAIN_S_CF3_RI1_TI2_R01__it0000414,CB1_TRAIN_S_CF3_RI1_TI2_R01,0.6849816849816851,False,0.8461538461538461,0.0012078474524473773
CB1_TRAIN_S_CF3_RI1_TI2_R01__it0000498,CB1_TRAIN_S_CF3_RI1_TI2_R01,0.602930402930403,False,0.8571428571428571,0.0016202087340913243
CB1_TRAIN_S_CF3_RI1_TI2_R01__it0000529,CB1_TRAIN_S_CF3_RI1_TI2_R01,0.7846153846153846,False,0.9285714285714286,0.0006644684132716382
CB1_TRAIN_S_CF3_RI1_TI2_R01__it0001281,CB1_TRAIN_S_CF3_RI1_TI2_R01,0.5677655677655679,False,1.0,0.0010759825252024467
CB1_TRAIN_S_CF3_RI1_TI2_R01__it0001336,CB1_TRAIN_S_CF3_RI1_TI2_R01,0.6391941391941393,True,1.0,0.0010458828166461465
CB1_TRAIN_S_CF3_RI1_TI2_R01__it0001363,CB1_TRAIN_S_CF3_RI1_TI2_R01,0.6542124542124542,False,1.0,0.0009299781091842796
CB1_TRAIN_S_CF3_RI1_TI2_R01__it0001534,CB1_TRAIN_S_CF3_RI1_TI2_R01,0.7564102564102564,False,1.0,0.0005203750641659679
CB1_TRAIN_S_CF3_RI1_TI2_R01__it0001853,CB1_TRAIN_S_CF3_RI1_TI2_R01,0.7967032967032965,False,1.0,0.0006922575289320878
CB1_TRAIN_S_CF3_RI1_TI2_R01__it0002114,CB1_TRAIN_S_CF3_RI1_TI2_R01,0.7040293040293041,False,1.0,0.0008855859834447732
CB1_TRAIN_S_CF3_RI1_TI2_R01__it0002150,CB1_TRAIN_S_CF3_RI1_TI2_R01,0.7765567765567765,False,1.0,0.0007445536612932401
CB1_TRAIN_S_CF3_RI1_TI3_R01__it0000050,CB1_TRAIN_S_CF3_RI1_TI3_R01,0.521978021978022,False,0.5384615384615384,0.0005143774862252681
CB1_TRAIN_S_CF3_RI1_TI3_R01__it0000071,CB1_TRAIN_S_CF3_RI1_TI3_R01,0.580952380952381,False,0.7142857142857143,0.0008489567622468016
CB1_TRAIN_S_CF3_RI1_TI3_R01__it0000087,CB1_TRAIN_S_CF3_RI1_TI3_R01,0.2087912087912088,False,0.6923076923076923,0.0010916744336027212
CB1_TRAIN_S_CF3_RI1_TI3_R01__it0000093,CB1_TRAIN_S_CF3_RI1_TI3_R01,0.7161172161172161,False,0.6153846153846154,0.00044307689995861093
CB1_TRAIN_S_CF3_RI1_TI3_R01__it0000137,CB1_TRAIN_S_CF3_RI1_TI3_R01,0.8300366300366302,False,0.7857142857142857,0.0006434975109428592
CB1_TRAIN_S_CF3_RI1_TI3_R01__it0000168,CB1_TRAIN_S_CF3_RI1_TI3_R01,0.6007326007326007,False,0.6923076923076923,0.0006634162004681109
CB1_TRAIN_S_CF3_RI1_TI3_R01__it0000425,CB1_TRAIN_S_CF3_RI1_TI3_R01,0.5934065934065934,True,1.0,0.00035531855512428966
CB1_TRAIN_S_CF3_RI1_TI3_R01__it0000887,CB1_TRAIN_S_CF3_RI1_TI3_R01,0.6684981684981685,True,0.9230769230769231,0.0005108163601920105
CB1_TRAIN_S_CF3_RI1_TI3_R01__it0000912,CB1_TRAIN_S_CF3_RI1_TI3_R01,0.23260073260073266,False,1.0,0.0007559329643333049
CB1_TRAIN_S_CF3_RI1_TI3_R01__it0000947,CB1_TRAIN_S_CF3_RI1_TI3_R01,0.6688644688644688,False,0.9285714285714286,0.000553737385340356
CB1_TRAIN_S_CF3_RI1_TI3_R01__it0001192,CB1_TRAIN_S_CF3_RI1_TI3_R01,0.7010989010989012,False,0.7857142857142857,0.0005045441543289429
CB1_TRAIN_S_CF3_RI1_TI3_R01__it0001248,CB1_TRAIN_S_CF3_RI1_TI3_R01,0.49743589743589745,False,1.0,0.0009238287864659539
CB1_TRAIN_S_CF3_RI1_TI3_R01__it0001479,CB1_TRAIN_S_CF3_RI1_TI3_R01,0.5560439560439561,False,0.8571428571428571,0.0007472341732936757
CB1_TRAIN_S_CF3_RI1_TI3_R01__it0001658,CB1_TRAIN_S_CF3_RI1_TI3_R01,0.3098901098901099,False,1.0,0.0008678593286541921
CB1_TRAIN_S_CF3_RI1_TI3_R01__it0001676,CB1_TRAIN_S_CF3_RI1_TI3_R01,0.7040293040293041,False,0.8571428571428571,0.0003646940948875487
CB1_TRAIN_S_CF3_RI1_TI3_R01__it0001741,CB1_TRAIN_S_CF3_RI1_TI3_R01,0.6395604395604395,False,1.0,0.000519670688942754
CB1_TRAIN_S_CF3_RI1_TI3_R01__it0001893,CB1_TRAIN_S_CF3_RI1_TI3_R01,0.3934065934065935,False,0.9285714285714286,0.000759494088826697
CB1_TRAIN_S_CF3_RI1_TI3_R01__it0001964,CB1_TRAIN_S_CF3_RI1_TI3_R01,0.5472527472527472,False,1.0,0.00043905662535049535
CB1_TRAIN_S_CF3_RI1_TI3_R01__it0002113,CB1_TRAIN_S_CF3_RI1_TI3_R01,0.7201465201465203,True,0.9285714285714286,0.000430899828239189
CB1_TRAIN_S_CF3_RI1_TI3_R01__it0002609,CB1_TRAIN_S_CF3_RI1_TI3_R01,0.6205128205128205,False,1.0,0.00057533711868484
CB1_TRAIN_S_CF3_RI1_TI3_R01__it0002906,CB1_TRAIN_S_CF3_RI1_TI3_R01,0.6107226107226108,False,1.0,0.0006344246099287561
CB1_TRAIN_S_CF3_RI1_TI3_R01__it0003133,CB1_TRAIN_S_CF3_RI1_TI3_R01,0.6575091575091575,True,1.0,0.0007362547085590072
CB1_TRAIN_S_CF3_RI2_TI1_R01__it0000163,CB1_TRAIN_S_CF3_RI2_TI1_R01,0.7919413919413919,True,1.0,0.0010384428309286157
CB1_TRAIN_S_CF3_RI2_TI1_R01__it0000348,CB1_TRAIN_S_CF3_RI2_TI1_R01,0.652014652014652,True,1.0,0.0010523819932811616
CB1_TRAIN_S_CF3_RI2_TI1_R01__it0000369,CB1_TRAIN_S_CF3_RI2_TI1_R01,0.5926739926739927,False,1.0,0.002135289806953682
CB1_TRAIN_S_CF3_RI2_TI1_R01__it0000500,CB1_TRAIN_S_CF3_RI2_TI1_R01,0.5970695970695971,True,1.0,0.0018025421006220997
CB1_TRAIN_S_CF3_RI2_TI1_R01__it0000539,CB1_TRAIN_S_CF3_RI2_TI1_R01,0.6978021978021979,False,1.0,0.0014872680326310495
CB1_TRAIN_S_CF3_RI2_TI1_R01__it0000541,CB1_TRAIN_S_CF3_RI2_TI1_R01,0.4981684981684982,False,1.0,0.002151645425409022
CB1_TRAIN_S_CF3_RI2_TI1_R01__it0000580,CB1_TRAIN_S_CF3_RI2_TI1_R01,0.7538461538461538,True,1.0,0.001148276432971472
CB1_TRAIN_S_CF3_RI2_TI1_R01__it0000995,CB1_TRAIN_S_CF3_RI2_TI1_R01,0.4886446886446887,False,1.0,0.0015629614148043706
CB1_TRAIN_S_CF3_RI2_TI1_R01__it0001161,CB1_TRAIN_S_CF3_RI2_TI1_R01,0.6227106227106226,True,1.0,0.0017725860430463454
CB1_TRAIN_S_CF3_RI2_TI1_R01__it0001251,CB1_TRAIN_S_CF3_RI2_TI1_R01,0.5692307692307693,True,1.0,0.0012667316662207048
CB1_TRAIN_S_CF3_RI2_TI1_R01__it0001323,CB1_TRAIN_S_CF3_RI2_TI1_R01,0.40109890109890106,True,1.0,0.001364825776346433
CB1_TRAIN_S_CF3_RI2_TI1_R01__it0001404,CB1_TRAIN_S_CF3_RI2_TI1_R01,0.6747252747252749,False,1.0,0.0008447140320011316
CB1_TRAIN_S_CF3_RI2_TI1_R01__it0001426,CB1_TRAIN_S_CF3_RI2_TI1_R01,0.43443223443223444,False,1.0,0.0016692095749218636
CB1_TRAIN_S_CF3_RI2_TI1_R01__it0001531,CB1_TRAIN_S_CF3_RI2_TI1_R01,0.3684981684981685,False,1.0,0.0019306057551755867
CB1_TRAIN_S_CF3_RI2_TI1_R01__it0001557,CB1_TRAIN_S_CF3_RI2_TI1_R01,0.6007326007326007,False,1.0,0.0010145637820543926
CB1_TRAIN_S_CF3_RI2_TI1_R01__it0001638,CB1_TRAIN_S_CF3_RI2_TI1_R01,0.771062271062271,True,1.0,0.0011093107324219214
CB1_TRAIN_S_CF3_RI2_TI1_R01__it0001640,CB1_TRAIN_S_CF3_RI2_TI1_R01,0.6673992673992674,False,1.0,0.001204039908293555
CB1_TRAIN_S_CF3_RI2_TI1_R01__it0001772,CB1_TRAIN_S_CF3_RI2_TI1_R01,0.3010989010989011,False,1.0,0.0035406040406477123
CB1_TRAIN_S_CF3_RI2_TI1_R01__it0001800,CB1_TRAIN_S_CF3_RI2_TI1_R01,0.6219780219780219,False,1.0,0.0019659014603987963
CB1_TRAIN_S_CF3_RI2_TI1_R01__it0001810,CB1_TRAIN_S_CF3_RI2_TI1_R01,0.4816849816849816,True,0.9230769230769231,0.0016588337129432424
CB1_TRAIN_S_CF3_RI2_TI1_R01__it0002001,CB1_TRAIN_S_CF3_RI2_TI1_R01,0.6278388278388278,False,1.0,0.001207491493215137
CB1_TRAIN_S_CF3_RI2_TI1_R01__it0002089,CB1_TRAIN_S_CF3_RI2_TI1_R01,0.7978021978021977,False,1.0,0.0007883477728005632
CB1_TRAIN_S_CF3_RI2_TI1_R01__it0002112,CB1_TRAIN_S_CF3_RI2_TI1_R01,0.6391941391941391,False,1.0,0.001262489116231801
CB1_TRAIN_S_CF3_RI2_TI1_R01__it0002137,CB1_TRAIN_S_CF3_RI2_TI1_R01,0.6073260073260074,False,1.0,0.0015890288239401701
CB1_TRAIN_S_CF3_RI2_TI1_R01__it0002237,CB1_TRAIN_S_CF3_RI2_TI1_R01,0.6542124542124542,False,1.0,0.0012772114277024044
CB1_TRAIN_S_CF3_RI2_TI1_R01__it0002273,CB1_TRAIN_S_CF3_RI2_TI1_R01,0.6175824175824176,False,0.9285714285714286,0.0021918184473090894
CB1_TRAIN_S_CF3_RI2_TI1_R01__it0002315,CB1_TRAIN_S_CF3_RI2_TI1_R01,0.7527472527472527,False,1.0,0.0012913054411672518
CB1_TRAIN_S_CF3_RI2_TI2_R01__it0000049,CB1_TRAIN_S_CF3_RI2_TI2_R01,0.7816849816849817,False,0.7142857142857143,0.0006505310137788769
CB1_TRAIN_S_CF3_RI2_TI2_R01__it0000124,CB1_TRAIN_S_CF3_RI2_TI2_R01,0.7692307692307692,False,0.8461538461538461,0.00046729676359305984
CB1_TRAIN_S_CF3_RI2_TI2_R01__it0000161,CB1_TRAIN_S_CF3_RI2_TI2_R01,0.805128205128205,False,0.7142857142857143,0.000903551175802779
CB1_TRAIN_S_CF3_RI2_TI2_R01__it0000233,CB1_TRAIN_S_CF3_RI2_TI2_R01,0.6556776556776557,False,0.7857142857142857,0.0005331809122602982
CB1_TRAIN_S_CF3_RI2_TI2_R01__it0000294,CB1_TRAIN_S_CF3_RI2_TI2_R01,0.4945054945054945,False,0.7692307692307693,0.0010128662375575954
CB1_TRAIN_S_CF3_RI2_TI2_R01__it0000523,CB1_TRAIN_S_CF3_RI2_TI2_R01,0.5512820512820512,True,0.9230769230769231,0.0005120333401745382
CB1_TRAIN_S_CF3_RI2_TI2_R01__it0000609,CB1_TRAIN_S_CF3_RI2_TI2_R01,0.5062271062271062,False,1.0,0.0007610887566360665
CB1_TRAIN_S_CF3_RI2_TI2_R01__it0000649,CB1_TRAIN_S_CF3_RI2_TI2_R01,0.7890109890109892,False,0.9285714285714286,0.0007967112531399786
CB1_TRAIN_S_CF3_RI2_TI2_R01__it0000688,CB1_TRAIN_S_CF3_RI2_TI2_R01,0.7597069597069597,False,1.0,0.0006982275720428452
CB1_TRAIN_S_CF3_RI2_TI2_R01__it0000737,CB1_TRAIN_S_CF3_RI2_TI2_R01,0.9003663003663004,True,1.0,0.0008142842700770061
CB1_TRAIN_S_CF3_RI2_TI2_R01__it0000870,CB1_TRAIN_S_CF3_RI2_TI2_R01,0.9135531135531135,False,1.0,0.0008413950721643026
CB1_TRAIN_S_CF3_RI2_TI2_R01__it0001093,CB1_TRAIN_S_CF3_RI2_TI2_R01,0.868131868131868,False,0.8461538461538461,0.0007684097395113452
CB1_TRAIN_S_CF3_RI2_TI2_R01__it0001096,CB1_TRAIN_S_CF3_RI2_TI2_R01,0.9285714285714285,False,1.0,0.0007900322465081033
CB1_TRAIN_S_CF3_RI2_TI2_R01__it0001257,CB1_TRAIN_S_CF3_RI2_TI2_R01,0.8956043956043956,False,1.0,0.0008944738115183265
CB1_TRAIN_S_CF3_RI2_TI2_R01__it0001547,CB1_TRAIN_S_CF3_RI2_TI2_R01,0.9135531135531135,False,1.0,0.0007231534525710706
CB1_TRAIN_S_CF3_RI2_TI2_R01__it0001873,CB1_TRAIN_S_CF3_RI2_TI2_R01,0.880952380952381,False,1.0,0.0008747111316681288
CB1_TRAIN_S_CF3_RI2_TI2_R01__it0002078,CB1_TRAIN_S_CF3_RI2_TI2_R01,0.8681318681318682,False,1.0,0.0008263350614357686
CB1_TRAIN_S_CF3_RI2_TI2_R01__it0002091,CB1_TRAIN_S_CF3_RI2_TI2_R01,0.771062271062271,False,1.0,0.0013804051822581482
CB1_TRAIN_S_CF3_RI2_TI2_R01__it0002196,CB1_TRAIN_S_CF3_RI2_TI2_R01,0.7802197802197802,True,1.0,0.0006670899861874415
CB1_TRAIN_S_CF3_RI2_TI2_R01__it0002282,CB1_TRAIN_S_CF3_RI2_TI2_R01,0.9164835164835164,False,1.0,0.0006231601678615893
CB1_TRAIN_S_CF3_RI2_TI3_R01__it0000046,CB1_TRAIN_S_CF3_RI2_TI3_R01,0.4783882783882784,False,0.6428571428571429,0.0008048113792791436
CB1_TRAIN_S_CF3_RI2_TI3_R01__it0000074,CB1_TRAIN_S_CF3_RI2_TI3_R01,0.7435897435897436,False,0.6923076923076923,0.00036056645488348205
CB1_TRAIN_S_CF3_RI2_TI3_R01__it0000148,CB1_TRAIN_S_CF3_RI2_TI3_R01,0.34249084249084244,True,0.38461538461538464,0.0007562139320063467
CB1_TRAIN_S_CF3_RI2_TI3_R01__it0000182,CB1_TRAIN_S_CF3_RI2_TI3_R01,0.5531135531135531,False,0.8461538461538461,0.0005337404902376885
CB1_TRAIN_S_CF3_RI2_TI3_R01__it0000288,CB1_TRAIN_S_CF3_RI2_TI3_R01,0.9120879120879121,False,1.0,0.00021234376933559326
CB1_TRAIN_S_CF3_RI2_TI3_R01__it0000474,CB1_TRAIN_S_CF3_RI2_TI3_R01,0.5967365967365968,False,1.0,0.0006975584251317778
CB1_TRAIN_S_CF3_RI2_TI3_R01__it0000490,CB1_TRAIN_S_CF3_RI2_TI3_R01,0.8241758241758242,False,1.0,0.0003128585379667631
CB1_TRAIN_S_CF3_RI2_TI3_R01__it0000788,CB1_TRAIN_S_CF3_RI2_TI3_R01,0.728937728937729,False,1.0,0.0002480639011766614
CB1_TRAIN_S_CF3_RI2_TI3_R01__it0001255,CB1_TRAIN_S_CF3_RI2_TI3_R01,0.7245421245421246,False,0.8571428571428571,0.0006012784885697689
CB1_TRAIN_S_CF3_RI2_TI3_R01__it0001287,CB1_TRAIN_S_CF3_RI2_TI3_R01,0.42417582417582417,False,0.9285714285714286,0.0009506570202818399
CB1_TRAIN_S_CF3_RI2_TI3_R01__it0001304,CB1_TRAIN_S_CF3_RI2_TI3_R01,0.5054945054945055,False,1.0,0.0010320667788200255
CB1_TRAIN_S_CF3_RI2_TI3_R01__it0001638,CB1_TRAIN_S_CF3_RI2_TI3_R01,0.608058608058608,True,0.9230769230769231,0.00044224326026085837
CB1_TRAIN_S_CF3_RI2_TI3_R01__it0001742,CB1_TRAIN_S_CF3_RI2_TI3_R01,0.6098901098901099,False,1.0,0.0008710697065521545
CB1_TRAIN_S_CF3_RI2_TI3_R01__it0001782,CB1_TRAIN_S_CF3_RI2_TI3_R01,0.8186813186813188,False,1.0,0.0003554913608440294
CB1_TRAIN_S_CF3_RI2_TI3_R01__it0001953,CB1_TRAIN_S_CF3_RI2_TI3_R01,0.6355311355311356,False,1.0,0.0006320640732554792
CB1_TRAIN_S_CF3_RI2_TI3_R01__it0001987,CB1_TRAIN_S_CF3_RI2_TI3_R01,0.7252747252747254,False,0.9230769230769231,0.000710305104820909
CB1_TRAIN_S_CF3_RI2_TI3_R01__it0002095,CB1_TRAIN_S_CF3_RI2_TI3_R01,0.8183150183150184,True,1.0,0.00040272948468917264
CB1_TRAIN_S_CF3_RI2_TI3_R01__it0002097,CB1_TRAIN_S_CF3_RI2_TI3_R01,0.7978021978021977,False,1.0,0.0003635985626474265
CB1_TRAIN_S_CF3_RI2_TI3_R01__it0002193,CB1_TRAIN_S_CF3_RI2_TI3_R01,0.7472527472527472,False,1.0,0.0004996882301734667
CB1_TRAIN_S_CF3_RI2_TI3_R01__it0002243,CB1_TRAIN_S_CF3_RI2_TI3_R01,0.8150183150183151,False,0.9230769230769231,0.000475839504534136
CB1_TRAIN_S_CF3_RI3_TI1_R01__it0000004,CB1_TRAIN_S_CF3_RI3_TI1_R01,0.6501831501831502,False,1.0,0.004840483760581249
CB1_TRAIN_S_CF3_RI3_TI1_R01__it0000040,CB1_TRAIN_S_CF3_RI3_TI1_R01,0.687912087912088,False,1.0,0.003940034853465967
CB1_TRAIN_S_CF3_RI3_TI1_R01__it0000049,CB1_TRAIN_S_CF3_RI3_TI1_R01,0.39160839160839167,False,1.0,0.003410982392167428
CB1_TRAIN_S_CF3_RI3_TI1_R01__it0000153,CB1_TRAIN_S_CF3_RI3_TI1_R01,0.5439560439560439,False,1.0,0.0043254595749160525
CB1_TRAIN_S_CF3_RI3_TI1_R01__it0000254,CB1_TRAIN_S_CF3_RI3_TI1_R01,0.6058608058608058,False,1.0,0.0044843991591762234
CB1_TRAIN_S_CF3_RI3_TI1_R01__it0000260,CB1_TRAIN_S_CF3_RI3_TI1_R01,0.5402930402930403,False,1.0,0.005223406916315121
CB1_TRAIN_S_CF3_RI3_TI1_R01__it0000470,CB1_TRAIN_S_CF3_RI3_TI1_R01,0.7161172161172161,False,1.0,0.003639296164060116
CB1_TRAIN_S_CF3_RI3_TI1_R01__it0000542,CB1_TRAIN_S_CF3_RI3_TI1_R01,0.698168498168498,False,1.0,0.005718382511738333
CB1_TRAIN_S_CF3_RI3_TI1_R01__it0000593,CB1_TRAIN_S_CF3_RI3_TI1_R01,0.7904761904761904,False,1.0,0.0026471696274041135
CB1_TRAIN_S_CF3_RI3_TI1_R01__it0001020,CB1_TRAIN_S_CF3_RI3_TI1_R01,0.7113553113553114,False,1.0,0.003729739403702861
CB1_TRAIN_S_CF3_RI3_TI1_R01__it0001120,CB1_TRAIN_S_CF3_RI3_TI1_R01,0.5663003663003663,False,1.0,0.0034793582485278794
CB1_TRAIN_S_CF3_RI3_TI1_R01__it0001272,CB1_TRAIN_S_CF3_RI3_TI1_R01,0.6,False,1.0,0.005180027865212636
CB1_TRAIN_S_CF3_RI3_TI1_R01__it0001528,CB1_TRAIN_S_CF3_RI3_TI1_R01,0.6937728937728939,True,1.0,0.0025366302579349987
CB1_TRAIN_S_CF3_RI3_TI1_R01__it0001774,CB1_TRAIN_S_CF3_RI3_TI1_R01,0.5183150183150182,True,1.0,0.00577221371422127
CB1_TRAIN_S_CF3_RI3_TI1_R01__it0001791,CB1_TRAIN_S_CF3_RI3_TI1_R01,0.7802197802197801,False,1.0,0.0029496558063600875
CB1_TRAIN_S_CF3_RI3_TI1_R01__it0001884,CB1_TRAIN_S_CF3_RI3_TI1_R01,0.8663003663003662,False,1.0,0.003124845731999555
CB1_TRAIN_S_CF3_RI3_TI1_R01__it0002013,CB1_TRAIN_S_CF3_RI3_TI1_R01,0.5985347985347985,False,1.0,0.0031288587286399773
CB1_TRAIN_S_CF3_RI3_TI1_R01__it0002208,CB1_TRAIN_S_CF3_RI3_TI1_R01,0.7186813186813187,False,1.0,0.004489428519344858
CB1_TRAIN_S_CF3_RI3_TI1_R01__it0002282,CB1_TRAIN_S_CF3_RI3_TI1_R01,0.6282051282051282,False,1.0,0.0035969760981821855
CB1_TRAIN_S_CF3_RI3_TI2_R01__it0000160,CB1_TRAIN_S_CF3_RI3_TI2_R01,0.7611721611721611,False,0.7857142857142857,0.0009814261646608768
CB1_TRAIN_S_CF3_RI3_TI2_R01__it0000216,CB1_TRAIN_S_CF3_RI3_TI2_R01,0.7234432234432234,False,0.6923076923076923,0.0007049702159252121
CB1_TRAIN_S_CF3_RI3_TI2_R01__it0000299,CB1_TRAIN_S_CF3_RI3_TI2_R01,0.7086247086247087,True,0.8333333333333334,0.0013759415185857638
CB1_TRAIN_S_CF3_RI3_TI2_R01__it0000308,CB1_TRAIN_S_CF3_RI3_TI2_R01,0.8886446886446886,False,0.8571428571428571,0.001063666273744729
CB1_TRAIN_S_CF3_RI3_TI2_R01__it0000656,CB1_TRAIN_S_CF3_RI3_TI2_R01,0.764102564102564,False,1.0,0.0007386296609105616
CB1_TRAIN_S_CF3_RI3_TI2_R01__it0000664,CB1_TRAIN_S_CF3_RI3_TI2_R01,0.6227106227106227,False,1.0,0.001046383212630459
CB1_TRAIN_S_CF3_RI3_TI2_R01__it0001084,CB1_TRAIN_S_CF3_RI3_TI2_R01,0.804029304029304,False,1.0,0.0005369014022131347
CB1_TRAIN_S_CF3_RI3_TI2_R01__it0001129,CB1_TRAIN_S_CF3_RI3_TI2_R01,0.5970695970695971,True,1.0,0.0009562687325684802
CB1_TRAIN_S_CF3_RI3_TI2_R01__it0001294,CB1_TRAIN_S_CF3_RI3_TI2_R01,0.5706959706959707,False,1.0,0.0015294775443445573
CB1_TRAIN_S_CF3_RI3_TI2_R01__it0001970,CB1_TRAIN_S_CF3_RI3_TI2_R01,0.8197802197802196,False,1.0,0.0006610223125442436
CB1_TRAIN_S_CF3_RI3_TI2_R01__it0001986,CB1_TRAIN_S_CF3_RI3_TI2_R01,0.7893772893772893,False,0.9230769230769231,0.0010447087332372965
CB1_TRAIN_S_CF3_RI3_TI2_R01__it0002287,CB1_TRAIN_S_CF3_RI3_TI2_R01,0.5915750915750916,False,1.0,0.0011729756011001687
CB1_TRAIN_S_CF3_RI3_TI2_R01__it0002305,CB1_TRAIN_S_CF3_RI3_TI2_R01,0.7333333333333334,False,1.0,0.0007761937716262976
CB1_TRAIN_S_CF3_RI3_TI2_R01__it0002314,CB1_TRAIN_S_CF3_RI3_TI2_R01,0.5421245421245421,False,1.0,0.0011671837458965485
CB1_TRAIN_S_CF3_RI3_TI2_R01__it0002337,CB1_TRAIN_S_CF3_RI3_TI2_R01,0.7417582417582418,False,1.0,0.0011793863898500576
CB1_TRAIN_S_CF3_RI3_TI2_R01__it0002466,CB1_TRAIN_S_CF3_RI3_TI2_R01,0.7459207459207461,False,1.0,0.0007881891580161477
CB1_TRAIN_S_CF3_RI3_TI2_R01__it0002482,CB1_TRAIN_S_CF3_RI3_TI2_R01,0.8260073260073261,False,1.0,0.0011327108508561794
CB1_TRAIN_S_CF3_RI3_TI2_R01__it0002592,CB1_TRAIN_S_CF3_RI3_TI2_R01,0.7142857142857141,False,1.0,0.0009340388607931861
CB1_TRAIN_S_CF3_RI3_TI2_R01__it0002970,CB1_TRAIN_S_CF3_RI3_TI2_R01,0.7611721611721611,False,0.9285714285714286,0.0010124211566979733
CB1_TRAIN_S_CF3_RI3_TI2_R01__it0003052,CB1_TRAIN_S_CF3_RI3_TI2_R01,0.663003663003663,False,1.0,0.0008276131158345692
CB1_TRAIN_S_CF3_RI3_TI2_R01__it0003127,CB1_TRAIN_S_CF3_RI3_TI2_R01,0.8622710622710623,False,1.0,0.0008131395617070358
CB1_TRAIN_S_CF3_RI3_TI3_R01__it0000008,CB1_TRAIN_S_CF3_RI3_TI3_R01,0.5915750915750916,False,0.6153846153846154,0.0004154300745224646
CB1_TRAIN_S_CF3_RI3_TI3_R01__it0000139,CB1_TRAIN_S_CF3_RI3_TI3_R01,0.25421245421245425,False,0.9285714285714286,0.0005437581955592618
CB1_TRAIN_S_CF3_RI3_TI3_R01__it0000582,CB1_TRAIN_S_CF3_RI3_TI3_R01,0.7538461538461538,False,1.0,0.0006361701401914095
CB1_TRAIN_S_CF3_RI3_TI3_R01__it0000608,CB1_TRAIN_S_CF3_RI3_TI3_R01,0.7538461538461538,False,1.0,0.0012677045025502743
CB1_TRAIN_S_CF3_RI3_TI3_R01__it0000679,CB1_TRAIN_S_CF3_RI3_TI3_R01,0.8446886446886447,True,1.0,0.0006209303833554499
CB1_TRAIN_S_CF3_RI3_TI3_R01__it0000932,CB1_TRAIN_S_CF3_RI3_TI3_R01,0.6208791208791209,False,0.9230769230769231,0.0010777622280084157
CB1_TRAIN_S_CF3_RI3_TI3_R01__it0001110,CB1_TRAIN_S_CF3_RI3_TI3_R01,0.8241758241758242,True,0.9285714285714286,0.0008538485367427162
CB1_TRAIN_S_CF3_RI3_TI3_R01__it0001188,CB1_TRAIN_S_CF3_RI3_TI3_R01,0.8223443223443224,False,1.0,0.0006418115779845636
CB1_TRAIN_S_CF3_RI3_TI3_R01__it0001230,CB1_TRAIN_S_CF3_RI3_TI3_R01,0.7527472527472527,False,1.0,0.0009068820299873083
CB1_TRAIN_S_CF3_RI3_TI3_R01__it0001292,CB1_TRAIN_S_CF3_RI3_TI3_R01,0.8183150183150184,False,1.0,0.0007081684927779172
CB1_TRAIN_S_CF3_RI3_TI3_R01__it0001295,CB1_TRAIN_S_CF3_RI3_TI3_R01,0.7106227106227107,False,1.0,0.0005369461065239973
CB1_TRAIN_S_CF3_RI3_TI3_R01__it0001475,CB1_TRAIN_S_CF3_RI3_TI3_R01,0.8153846153846155,False,1.0,0.00047116933634057726
CB1_TRAIN_S_CF3_RI3_TI3_R01__it0001514,CB1_TRAIN_S_CF3_RI3_TI3_R01,0.6835164835164834,False,1.0,0.0008606172059364523
CB1_TRAIN_S_CF3_RI3_TI3_R01__it0001868,CB1_TRAIN_S_CF3_RI3_TI3_R01,0.7230769230769232,False,0.9285714285714286,0.0010476185124636786
CB1_TRAIN_S_CF3_RI3_TI3_R01__it0001925,CB1_TRAIN_S_CF3_RI3_TI3_R01,0.7655677655677655,False,1.0,0.0011122763286157535
CB1_TRAIN_S_CF3_RI3_TI3_R01__it0001939,CB1_TRAIN_S_CF3_RI3_TI3_R01,0.6512820512820513,True,1.0,0.0007042153189109071
CB1_TRAIN_S_CF3_RI3_TI3_R01__it0001956,CB1_TRAIN_S_CF3_RI3_TI3_R01,0.8241758241758242,False,1.0,0.000599423160396183
CB1_TRAIN_S_CF3_RI3_TI3_R01__it0002121,CB1_TRAIN_S_CF3_RI3_TI3_R01,0.7934065934065934,False,1.0,0.000719650182696309
