dataset_origin,dataset_role,scale,CF_level,search_stage,condition,state_id
CLEAN_NON_R12_DEVELOPMENT,TRAIN,L,CF1,0-20%,improving,CB1_TRAIN_L_CF1_RI1_TI1_R03:seed817000000:iteration340
CLEAN_NON_R12_DEVELOPMENT,TRAIN,L,CF1,0-20%,bottleneck_or_critical_transition,CB1_TRAIN_L_CF1_RI1_TI1_R03:seed817000000:iteration340
CLEAN_NON_R12_DEVELOPMENT,TRAIN,L,CF1,0-20%,high_action_entropy,CB1_TRAIN_L_CF1_RI1_TI1_R03:seed817000000:iteration340
CLEAN_NON_R12_DEVELOPMENT,TRAIN,L,CF1,20-40%,plateau_or_stagnating,CB1_TRAIN_L_CF1_RI1_TI1_R03:seed817000000:iteration1000
CLEAN_NON_R12_DEVELOPMENT,TRAIN,L,CF1,20-40%,low_action_entropy,CB1_TRAIN_L_CF1_RI1_TI1_R03:seed817000000:iteration1000
CLEAN_NON_R12_DEVELOPMENT,TRAIN,L,CF1,40-60%,plateau_or_stagnating,CB1_TRAIN_L_CF1_RI1_TI1_R03:seed817000000:iteration1660
CLEAN_NON_R12_DEVELOPMENT,TRAIN,L,CF1,40-60%,high_action_entropy,CB1_TRAIN_L_CF1_RI1_TI1_R03:seed817000000:iteration1660
CLEAN_NON_R12_DEVELOPMENT,TRAIN,L,CF1,60-80%,plateau_or_stagnating,CB1_TRAIN_L_CF1_RI1_TI1_R03:seed817000000:iteration2320
CLEAN_NON_R12_DEVELOPMENT,TRAIN,L,CF1,60-80%,low_action_entropy,CB1_TRAIN_L_CF1_RI1_TI1_R03:seed817000000:iteration2320
CLEAN_NON_R12_DEVELOPMENT,TRAIN,L,CF1,80-100%,plateau_or_stagnating,CB1_TRAIN_L_CF1_RI1_TI1_R03:seed817000000:iteration2980
CLEAN_NON_R12_DEVELOPMENT,TRAIN,L,CF1,80-100%,high_action_entropy,CB1_TRAIN_L_CF1_RI1_TI1_R03:seed817000000:iteration2980
CLEAN_NON_R12_DEVELOPMENT,TRAIN,L,CF1,0-20%,improving,CB1_TRAIN_L_CF1_RI1_TI2_R01:seed817000001:iteration340
CLEAN_NON_R12_DEVELOPMENT,TRAIN,L,CF1,0-20%,bottleneck_or_critical_transition,CB1_TRAIN_L_CF1_RI1_TI2_R01:seed817000001:iteration340
CLEAN_NON_R12_DEVELOPMENT,TRAIN,L,CF1,0-20%,high_action_entropy,CB1_TRAIN_L_CF1_RI1_TI2_R01:seed817000001:iteration340
CLEAN_NON_R12_DEVELOPMENT,TRAIN,L,CF1,20-40%,plateau_or_stagnating,CB1_TRAIN_L_CF1_RI1_TI2_R01:seed817000001:iteration1000
CLEAN_NON_R12_DEVELOPMENT,TRAIN,L,CF1,20-40%,low_action_entropy,CB1_TRAIN_L_CF1_RI1_TI2_R01:seed817000001:iteration1000
CLEAN_NON_R12_DEVELOPMENT,TRAIN,L,CF1,40-60%,plateau_or_stagnating,CB1_TRAIN_L_CF1_RI1_TI2_R01:seed817000001:iteration1620
CLEAN_NON_R12_DEVELOPMENT,TRAIN,L,CF1,40-60%,bottleneck_or_critical_transition,CB1_TRAIN_L_CF1_RI1_TI2_R01:seed817000001:iteration1620
CLEAN_NON_R12_DEVELOPMENT,TRAIN,L,CF1,40-60%,high_action_entropy,CB1_TRAIN_L_CF1_RI1_TI2_R01:seed817000001:iteration1620
CLEAN_NON_R12_DEVELOPMENT,TRAIN,L,CF1,60-80%,plateau_or_stagnating,CB1_TRAIN_L_CF1_RI1_TI2_R01:seed817000001:iteration2260
CLEAN_NON_R12_DEVELOPMENT,TRAIN,L,CF1,60-80%,low_action_entropy,CB1_TRAIN_L_CF1_RI1_TI2_R01:seed817000001:iteration2260
CLEAN_NON_R12_DEVELOPMENT,TRAIN,L,CF1,80-100%,plateau_or_stagnating,CB1_TRAIN_L_CF1_RI1_TI2_R01:seed817000001:iteration2900
CLEAN_NON_R12_DEVELOPMENT,TRAIN,L,CF1,80-100%,high_action_entropy,CB1_TRAIN_L_CF1_RI1_TI2_R01:seed817000001:iteration2900
CLEAN_NON_R12_DEVELOPMENT,TRAIN,L,CF1,0-20%,plateau_or_stagnating,CB1_TRAIN_L_CF1_RI1_TI3_R02:seed817000002:iteration300
CLEAN_NON_R12_DEVELOPMENT,TRAIN,L,CF1,0-20%,bottleneck_or_critical_transition,CB1_TRAIN_L_CF1_RI1_TI3_R02:seed817000002:iteration300
CLEAN_NON_R12_DEVELOPMENT,TRAIN,L,CF1,0-20%,high_action_entropy,CB1_TRAIN_L_CF1_RI1_TI3_R02:seed817000002:iteration300
CLEAN_NON_R12_DEVELOPMENT,TRAIN,L,CF1,20-40%,plateau_or_stagnating,CB1_TRAIN_L_CF1_RI1_TI3_R02:seed817000002:iteration900
CLEAN_NON_R12_DEVELOPMENT,TRAIN,L,CF1,20-40%,high_action_entropy,CB1_TRAIN_L_CF1_RI1_TI3_R02:seed817000002:iteration900
CLEAN_NON_R12_DEVELOPMENT,TRAIN,L,CF1,40-60%,plateau_or_stagnating,CB1_TRAIN_L_CF1_RI1_TI3_R02:seed817000002:iteration1480
CLEAN_NON_R12_DEVELOPMENT,TRAIN,L,CF1,40-60%,low_action_entropy,CB1_TRAIN_L_CF1_RI1_TI3_R02:seed817000002:iteration1480
CLEAN_NON_R12_DEVELOPMENT,TRAIN,L,CF1,60-80%,plateau_or_stagnating,CB1_TRAIN_L_CF1_RI1_TI3_R02:seed817000002:iteration2080
CLEAN_NON_R12_DEVELOPMENT,TRAIN,L,CF1,60-80%,low_action_entropy,CB1_TRAIN_L_CF1_RI1_TI3_R02:seed817000002:iteration2080
CLEAN_NON_R12_DEVELOPMENT,TRAIN,L,CF1,80-100%,plateau_or_stagnating,CB1_TRAIN_L_CF1_RI1_TI3_R02:seed817000002:iteration2660
CLEAN_NON_R12_DEVELOPMENT,TRAIN,L,CF1,80-100%,high_action_entropy,CB1_TRAIN_L_CF1_RI1_TI3_R02:seed817000002:iteration2660
CLEAN_NON_R12_DEVELOPMENT,TRAIN,L,CF1,0-20%,plateau_or_stagnating,CB1_TRAIN_L_CF1_RI2_TI1_R01:seed817000003:iteration340
CLEAN_NON_R12_DEVELOPMENT,TRAIN,L,CF1,0-20%,bottleneck_or_critical_transition,CB1_TRAIN_L_CF1_RI2_TI1_R01:seed817000003:iteration340
CLEAN_NON_R12_DEVELOPMENT,TRAIN,L,CF1,0-20%,low_action_entropy,CB1_TRAIN_L_CF1_RI2_TI1_R01:seed817000003:iteration340
CLEAN_NON_R12_DEVELOPMENT,TRAIN,L,CF1,20-40%,plateau_or_stagnating,CB1_TRAIN_L_CF1_RI2_TI1_R01:seed817000003:iteration1020
CLEAN_NON_R12_DEVELOPMENT,TRAIN,L,CF1,20-40%,high_action_entropy,CB1_TRAIN_L_CF1_RI2_TI1_R01:seed817000003:iteration1020
CLEAN_NON_R12_DEVELOPMENT,TRAIN,L,CF1,40-60%,plateau_or_stagnating,CB1_TRAIN_L_CF1_RI2_TI1_R01:seed817000003:iteration1680
CLEAN_NON_R12_DEVELOPMENT,TRAIN,L,CF1,40-60%,high_action_entropy,CB1_TRAIN_L_CF1_RI2_TI1_R01:seed817000003:iteration1680
CLEAN_NON_R12_DEVELOPMENT,TRAIN,L,CF1,60-80%,plateau_or_stagnating,CB1_TRAIN_L_CF1_RI2_TI1_R01:seed817000003:iteration2360
CLEAN_NON_R12_DEVELOPMENT,TRAIN,L,CF1,60-80%,high_action_entropy,CB1_TRAIN_L_CF1_RI2_TI1_R01:seed817000003:iteration2360
CLEAN_NON_R12_DEVELOPMENT,TRAIN,L,CF1,80-100%,plateau_or_stagnating,CB1_TRAIN_L_CF1_RI2_TI1_R01:seed817000003:iteration3020
CLEAN_NON_R12_DEVELOPMENT,TRAIN,L,CF1,80-100%,low_action_entropy,CB1_TRAIN_L_CF1_RI2_TI1_R01:seed817000003:iteration3020
CLEAN_NON_R12_DEVELOPMENT,TRAIN,L,CF1,0-20%,plateau_or_stagnating,CB1_TRAIN_L_CF1_RI2_TI2_R02:seed817000004:iteration320
CLEAN_NON_R12_DEVELOPMENT,TRAIN,L,CF1,0-20%,bottleneck_or_critical_transition,CB1_TRAIN_L_CF1_RI2_TI2_R02:seed817000004:iteration320
CLEAN_NON_R12_DEVELOPMENT,TRAIN,L,CF1,0-20%,high_action_entropy,CB1_TRAIN_L_CF1_RI2_TI2_R02:seed817000004:iteration320
CLEAN_NON_R12_DEVELOPMENT,TRAIN,L,CF1,20-40%,plateau_or_stagnating,CB1_TRAIN_L_CF1_RI2_TI2_R02:seed817000004:iteration960
CLEAN_NON_R12_DEVELOPMENT,TRAIN,L,CF1,20-40%,high_action_entropy,CB1_TRAIN_L_CF1_RI2_TI2_R02:seed817000004:iteration960
CLEAN_NON_R12_DEVELOPMENT,TRAIN,L,CF1,40-60%,plateau_or_stagnating,CB1_TRAIN_L_CF1_RI2_TI2_R02:seed817000004:iteration1600
CLEAN_NON_R12_DEVELOPMENT,TRAIN,L,CF1,40-60%,high_action_entropy,CB1_TRAIN_L_CF1_RI2_TI2_R02:seed817000004:iteration1600
CLEAN_NON_R12_DEVELOPMENT,TRAIN,L,CF1,60-80%,plateau_or_stagnating,CB1_TRAIN_L_CF1_RI2_TI2_R02:seed817000004:iteration2220
CLEAN_NON_R12_DEVELOPMENT,TRAIN,L,CF1,60-80%,low_action_entropy,CB1_TRAIN_L_CF1_RI2_TI2_R02:seed817000004:iteration2220
CLEAN_NON_R12_DEVELOPMENT,TRAIN,L,CF1,80-100%,plateau_or_stagnating,CB1_TRAIN_L_CF1_RI2_TI2_R02:seed817000004:iteration2860
CLEAN_NON_R12_DEVELOPMENT,TRAIN,L,CF1,80-100%,low_action_entropy,CB1_TRAIN_L_CF1_RI2_TI2_R02:seed817000004:iteration2860
CLEAN_NON_R12_DEVELOPMENT,TRAIN,L,CF1,0-20%,plateau_or_stagnating,CB1_TRAIN_L_CF1_RI2_TI3_R03:seed817000005:iteration320
CLEAN_NON_R12_DEVELOPMENT,TRAIN,L,CF1,0-20%,bottleneck_or_critical_transition,CB1_TRAIN_L_CF1_RI2_TI3_R03:seed817000005:iteration320
CLEAN_NON_R12_DEVELOPMENT,TRAIN,L,CF1,0-20%,low_action_entropy,CB1_TRAIN_L_CF1_RI2_TI3_R03:seed817000005:iteration320
CLEAN_NON_R12_DEVELOPMENT,TRAIN,L,CF1,20-40%,plateau_or_stagnating,CB1_TRAIN_L_CF1_RI2_TI3_R03:seed817000005:iteration940
CLEAN_NON_R12_DEVELOPMENT,TRAIN,L,CF1,20-40%,bottleneck_or_critical_transition,CB1_TRAIN_L_CF1_RI2_TI3_R03:seed817000005:iteration940
CLEAN_NON_R12_DEVELOPMENT,TRAIN,L,CF1,20-40%,low_action_entropy,CB1_TRAIN_L_CF1_RI2_TI3_R03:seed817000005:iteration940
CLEAN_NON_R12_DEVELOPMENT,TRAIN,L,CF1,40-60%,plateau_or_stagnating,CB1_TRAIN_L_CF1_RI2_TI3_R03:seed817000005:iteration1540
CLEAN_NON_R12_DEVELOPMENT,TRAIN,L,CF1,40-60%,high_action_entropy,CB1_TRAIN_L_CF1_RI2_TI3_R03:seed817000005:iteration1540
CLEAN_NON_R12_DEVELOPMENT,TRAIN,L,CF1,60-80%,plateau_or_stagnating,CB1_TRAIN_L_CF1_RI2_TI3_R03:seed817000005:iteration2160
CLEAN_NON_R12_DEVELOPMENT,TRAIN,L,CF1,60-80%,high_action_entropy,CB1_TRAIN_L_CF1_RI2_TI3_R03:seed817000005:iteration2160
CLEAN_NON_R12_DEVELOPMENT,TRAIN,L,CF1,80-100%,plateau_or_stagnating,CB1_TRAIN_L_CF1_RI2_TI3_R03:seed817000005:iteration2780
CLEAN_NON_R12_DEVELOPMENT,TRAIN,L,CF1,80-100%,high_action_entropy,CB1_TRAIN_L_CF1_RI2_TI3_R03:seed817000005:iteration2780
CLEAN_NON_R12_DEVELOPMENT,TRAIN,L,CF1,0-20%,plateau_or_stagnating,CB1_TRAIN_L_CF1_RI3_TI1_R02:seed817000006:iteration340
CLEAN_NON_R12_DEVELOPMENT,TRAIN,L,CF1,0-20%,low_action_entropy,CB1_TRAIN_L_CF1_RI3_TI1_R02:seed817000006:iteration340
CLEAN_NON_R12_DEVELOPMENT,TRAIN,L,CF1,20-40%,plateau_or_stagnating,CB1_TRAIN_L_CF1_RI3_TI1_R02:seed817000006:iteration1000
CLEAN_NON_R12_DEVELOPMENT,TRAIN,L,CF1,20-40%,bottleneck_or_critical_transition,CB1_TRAIN_L_CF1_RI3_TI1_R02:seed817000006:iteration1000
CLEAN_NON_R12_DEVELOPMENT,TRAIN,L,CF1,20-40%,high_action_entropy,CB1_TRAIN_L_CF1_RI3_TI1_R02:seed817000006:iteration1000
CLEAN_NON_R12_DEVELOPMENT,TRAIN,L,CF1,40-60%,plateau_or_stagnating,CB1_TRAIN_L_CF1_RI3_TI1_R02:seed817000006:iteration1660
CLEAN_NON_R12_DEVELOPMENT,TRAIN,L,CF1,40-60%,low_action_entropy,CB1_TRAIN_L_CF1_RI3_TI1_R02:seed817000006:iteration1660
CLEAN_NON_R12_DEVELOPMENT,TRAIN,L,CF1,60-80%,plateau_or_stagnating,CB1_TRAIN_L_CF1_RI3_TI1_R02:seed817000006:iteration2320
CLEAN_NON_R12_DEVELOPMENT,TRAIN,L,CF1,60-80%,high_action_entropy,CB1_TRAIN_L_CF1_RI3_TI1_R02:seed817000006:iteration2320
CLEAN_NON_R12_DEVELOPMENT,TRAIN,L,CF1,80-100%,plateau_or_stagnating,CB1_TRAIN_L_CF1_RI3_TI1_R02:seed817000006:iteration2960
CLEAN_NON_R12_DEVELOPMENT,TRAIN,L,CF1,80-100%,high_action_entropy,CB1_TRAIN_L_CF1_RI3_TI1_R02:seed817000006:iteration2960
CLEAN_NON_R12_DEVELOPMENT,TRAIN,L,CF1,0-20%,improving,CB1_TRAIN_L_CF1_RI3_TI2_R03:seed817000007:iteration320
CLEAN_NON_R12_DEVELOPMENT,TRAIN,L,CF1,0-20%,bottleneck_or_critical_transition,CB1_TRAIN_L_CF1_RI3_TI2_R03:seed817000007:iteration320
CLEAN_NON_R12_DEVELOPMENT,TRAIN,L,CF1,0-20%,low_action_entropy,CB1_TRAIN_L_CF1_RI3_TI2_R03:seed817000007:iteration320
CLEAN_NON_R12_DEVELOPMENT,TRAIN,L,CF1,20-40%,plateau_or_stagnating,CB1_TRAIN_L_CF1_RI3_TI2_R03:seed817000007:iteration960
CLEAN_NON_R12_DEVELOPMENT,TRAIN,L,CF1,20-40%,high_action_entropy,CB1_TRAIN_L_CF1_RI3_TI2_R03:seed817000007:iteration960
CLEAN_NON_R12_DEVELOPMENT,TRAIN,L,CF1,40-60%,plateau_or_stagnating,CB1_TRAIN_L_CF1_RI3_TI2_R03:seed817000007:iteration1580
CLEAN_NON_R12_DEVELOPMENT,TRAIN,L,CF1,40-60%,low_action_entropy,CB1_TRAIN_L_CF1_RI3_TI2_R03:seed817000007:iteration1580
CLEAN_NON_R12_DEVELOPMENT,TRAIN,L,CF1,60-80%,plateau_or_stagnating,CB1_TRAIN_L_CF1_RI3_TI2_R03:seed817000007:iteration2200
CLEAN_NON_R12_DEVELOPMENT,TRAIN,L,CF1,60-80%,high_action_entropy,CB1_TRAIN_L_CF1_RI3_TI2_R03:seed817000007:iteration2200
CLEAN_NON_R12_DEVELOPMENT,TRAIN,L,CF1,80-100%,plateau_or_stagnating,CB1_TRAIN_L_CF1_RI3_TI2_R03:seed817000007:iteration2800
CLEAN_NON_R12_DEVELOPMENT,TRAIN,L,CF1,80-100%,high_action_entropy,CB1_TRAIN_L_CF1_RI3_TI2_R03:seed817000007:iteration2800
CLEAN_NON_R12_DEVELOPMENT,TRAIN,L,CF1,0-20%,plateau_or_stagnating,CB1_TRAIN_L_CF1_RI3_TI3_R01:seed817000008:iteration340
CLEAN_NON_R12_DEVELOPMENT,TRAIN,L,CF1,0-20%,bottleneck_or_critical_transition,CB1_TRAIN_L_CF1_RI3_TI3_R01:seed817000008:iteration340
CLEAN_NON_R12_DEVELOPMENT,TRAIN,L,CF1,0-20%,high_action_entropy,CB1_TRAIN_L_CF1_RI3_TI3_R01:seed817000008:iteration340
CLEAN_NON_R12_DEVELOPMENT,TRAIN,L,CF1,20-40%,plateau_or_stagnating,CB1_TRAIN_L_CF1_RI3_TI3_R01:seed817000008:iteration980
CLEAN_NON_R12_DEVELOPMENT,TRAIN,L,CF1,20-40%,high_action_entropy,CB1_TRAIN_L_CF1_RI3_TI3_R01:seed817000008:iteration980
CLEAN_NON_R12_DEVELOPMENT,TRAIN,L,CF1,40-60%,plateau_or_stagnating,CB1_TRAIN_L_CF1_RI3_TI3_R01:seed817000008:iteration1640
CLEAN_NON_R12_DEVELOPMENT,TRAIN,L,CF1,40-60%,bottleneck_or_critical_transition,CB1_TRAIN_L_CF1_RI3_TI3_R01:seed817000008:iteration1640
CLEAN_NON_R12_DEVELOPMENT,TRAIN,L,CF1,40-60%,low_action_entropy,CB1_TRAIN_L_CF1_RI3_TI3_R01:seed817000008:iteration1640
CLEAN_NON_R12_DEVELOPMENT,TRAIN,L,CF1,60-80%,plateau_or_stagnating,CB1_TRAIN_L_CF1_RI3_TI3_R01:seed817000008:iteration2300
CLEAN_NON_R12_DEVELOPMENT,TRAIN,L,CF1,60-80%,high_action_entropy,CB1_TRAIN_L_CF1_RI3_TI3_R01:seed817000008:iteration2300
CLEAN_NON_R12_DEVELOPMENT,TRAIN,L,CF1,80-100%,plateau_or_stagnating,CB1_TRAIN_L_CF1_RI3_TI3_R01:seed817000008:iteration2940
CLEAN_NON_R12_DEVELOPMENT,TRAIN,L,CF1,80-100%,low_action_entropy,CB1_TRAIN_L_CF1_RI3_TI3_R01:seed817000008:iteration2940
CLEAN_NON_R12_DEVELOPMENT,TRAIN,L,CF2,0-20%,plateau_or_stagnating,CB1_TRAIN_L_CF2_RI1_TI1_R01:seed817000009:iteration340
CLEAN_NON_R12_DEVELOPMENT,TRAIN,L,CF2,0-20%,bottleneck_or_critical_transition,CB1_TRAIN_L_CF2_RI1_TI1_R01:seed817000009:iteration340
CLEAN_NON_R12_DEVELOPMENT,TRAIN,L,CF2,0-20%,low_action_entropy,CB1_TRAIN_L_CF2_RI1_TI1_R01:seed817000009:iteration340
CLEAN_NON_R12_DEVELOPMENT,TRAIN,L,CF2,20-40%,plateau_or_stagnating,CB1_TRAIN_L_CF2_RI1_TI1_R01:seed817000009:iteration1020
CLEAN_NON_R12_DEVELOPMENT,TRAIN,L,CF2,20-40%,high_action_entropy,CB1_TRAIN_L_CF2_RI1_TI1_R01:seed817000009:iteration1020
CLEAN_NON_R12_DEVELOPMENT,TRAIN,L,CF2,40-60%,plateau_or_stagnating,CB1_TRAIN_L_CF2_RI1_TI1_R01:seed817000009:iteration1660
CLEAN_NON_R12_DEVELOPMENT,TRAIN,L,CF2,40-60%,low_action_entropy,CB1_TRAIN_L_CF2_RI1_TI1_R01:seed817000009:iteration1660
CLEAN_NON_R12_DEVELOPMENT,TRAIN,L,CF2,60-80%,plateau_or_stagnating,CB1_TRAIN_L_CF2_RI1_TI1_R01:seed817000009:iteration2320
CLEAN_NON_R12_DEVELOPMENT,TRAIN,L,CF2,60-80%,high_action_entropy,CB1_TRAIN_L_CF2_RI1_TI1_R01:seed817000009:iteration2320
CLEAN_NON_R12_DEVELOPMENT,TRAIN,L,CF2,80-100%,plateau_or_stagnating,CB1_TRAIN_L_CF2_RI1_TI1_R01:seed817000009:iteration2960
CLEAN_NON_R12_DEVELOPMENT,TRAIN,L,CF2,80-100%,high_action_entropy,CB1_TRAIN_L_CF2_RI1_TI1_R01:seed817000009:iteration2960
CLEAN_NON_R12_DEVELOPMENT,TRAIN,L,CF2,0-20%,improving,CB1_TRAIN_L_CF2_RI1_TI2_R02:seed817000010:iteration320
CLEAN_NON_R12_DEVELOPMENT,TRAIN,L,CF2,0-20%,immediately_post_improvement,CB1_TRAIN_L_CF2_RI1_TI2_R02:seed817000010:iteration320
CLEAN_NON_R12_DEVELOPMENT,TRAIN,L,CF2,0-20%,bottleneck_or_critical_transition,CB1_TRAIN_L_CF2_RI1_TI2_R02:seed817000010:iteration320
CLEAN_NON_R12_DEVELOPMENT,TRAIN,L,CF2,0-20%,high_action_entropy,CB1_TRAIN_L_CF2_RI1_TI2_R02:seed817000010:iteration320
CLEAN_NON_R12_DEVELOPMENT,TRAIN,L,CF2,20-40%,plateau_or_stagnating,CB1_TRAIN_L_CF2_RI1_TI2_R02:seed817000010:iteration960
CLEAN_NON_R12_DEVELOPMENT,TRAIN,L,CF2,20-40%,bottleneck_or_critical_transition,CB1_TRAIN_L_CF2_RI1_TI2_R02:seed817000010:iteration960
CLEAN_NON_R12_DEVELOPMENT,TRAIN,L,CF2,20-40%,low_action_entropy,CB1_TRAIN_L_CF2_RI1_TI2_R02:seed817000010:iteration960
CLEAN_NON_R12_DEVELOPMENT,TRAIN,L,CF2,40-60%,plateau_or_stagnating,CB1_TRAIN_L_CF2_RI1_TI2_R02:seed817000010:iteration1580
CLEAN_NON_R12_DEVELOPMENT,TRAIN,L,CF2,40-60%,high_action_entropy,CB1_TRAIN_L_CF2_RI1_TI2_R02:seed817000010:iteration1580
CLEAN_NON_R12_DEVELOPMENT,TRAIN,L,CF2,60-80%,plateau_or_stagnating,CB1_TRAIN_L_CF2_RI1_TI2_R02:seed817000010:iteration2200
CLEAN_NON_R12_DEVELOPMENT,TRAIN,L,CF2,60-80%,low_action_entropy,CB1_TRAIN_L_CF2_RI1_TI2_R02:seed817000010:iteration2200
CLEAN_NON_R12_DEVELOPMENT,TRAIN,L,CF2,80-100%,plateau_or_stagnating,CB1_TRAIN_L_CF2_RI1_TI2_R02:seed817000010:iteration2820
CLEAN_NON_R12_DEVELOPMENT,TRAIN,L,CF2,80-100%,high_action_entropy,CB1_TRAIN_L_CF2_RI1_TI2_R02:seed817000010:iteration2820
CLEAN_NON_R12_DEVELOPMENT,TRAIN,L,CF2,0-20%,improving,CB1_TRAIN_L_CF2_RI1_TI3_R03:seed817000011:iteration300
CLEAN_NON_R12_DEVELOPMENT,TRAIN,L,CF2,0-20%,bottleneck_or_critical_transition,CB1_TRAIN_L_CF2_RI1_TI3_R03:seed817000011:iteration300
CLEAN_NON_R12_DEVELOPMENT,TRAIN,L,CF2,0-20%,high_action_entropy,CB1_TRAIN_L_CF2_RI1_TI3_R03:seed817000011:iteration300
CLEAN_NON_R12_DEVELOPMENT,TRAIN,L,CF2,20-40%,plateau_or_stagnating,CB1_TRAIN_L_CF2_RI1_TI3_R03:seed817000011:iteration900
CLEAN_NON_R12_DEVELOPMENT,TRAIN,L,CF2,20-40%,high_action_entropy,CB1_TRAIN_L_CF2_RI1_TI3_R03:seed817000011:iteration900
CLEAN_NON_R12_DEVELOPMENT,TRAIN,L,CF2,40-60%,plateau_or_stagnating,CB1_TRAIN_L_CF2_RI1_TI3_R03:seed817000011:iteration1480
CLEAN_NON_R12_DEVELOPMENT,TRAIN,L,CF2,40-60%,high_action_entropy,CB1_TRAIN_L_CF2_RI1_TI3_R03:seed817000011:iteration1480
CLEAN_NON_R12_DEVELOPMENT,TRAIN,L,CF2,60-80%,plateau_or_stagnating,CB1_TRAIN_L_CF2_RI1_TI3_R03:seed817000011:iteration2080
CLEAN_NON_R12_DEVELOPMENT,TRAIN,L,CF2,60-80%,low_action_entropy,CB1_TRAIN_L_CF2_RI1_TI3_R03:seed817000011:iteration2080
CLEAN_NON_R12_DEVELOPMENT,TRAIN,L,CF2,80-100%,plateau_or_stagnating,CB1_TRAIN_L_CF2_RI1_TI3_R03:seed817000011:iteration2680
CLEAN_NON_R12_DEVELOPMENT,TRAIN,L,CF2,80-100%,low_action_entropy,CB1_TRAIN_L_CF2_RI1_TI3_R03:seed817000011:iteration2680
CLEAN_NON_R12_DEVELOPMENT,TRAIN,L,CF2,0-20%,improving,CB1_TRAIN_L_CF2_RI2_TI1_R02:seed817000012:iteration340
CLEAN_NON_R12_DEVELOPMENT,TRAIN,L,CF2,0-20%,bottleneck_or_critical_transition,CB1_TRAIN_L_CF2_RI2_TI1_R02:seed817000012:iteration340
CLEAN_NON_R12_DEVELOPMENT,TRAIN,L,CF2,0-20%,low_action_entropy,CB1_TRAIN_L_CF2_RI2_TI1_R02:seed817000012:iteration340
CLEAN_NON_R12_DEVELOPMENT,TRAIN,L,CF2,20-40%,plateau_or_stagnating,CB1_TRAIN_L_CF2_RI2_TI1_R02:seed817000012:iteration1000
CLEAN_NON_R12_DEVELOPMENT,TRAIN,L,CF2,20-40%,high_action_entropy,CB1_TRAIN_L_CF2_RI2_TI1_R02:seed817000012:iteration1000
CLEAN_NON_R12_DEVELOPMENT,TRAIN,L,CF2,40-60%,plateau_or_stagnating,CB1_TRAIN_L_CF2_RI2_TI1_R02:seed817000012:iteration1660
CLEAN_NON_R12_DEVELOPMENT,TRAIN,L,CF2,40-60%,high_action_entropy,CB1_TRAIN_L_CF2_RI2_TI1_R02:seed817000012:iteration1660
CLEAN_NON_R12_DEVELOPMENT,TRAIN,L,CF2,60-80%,plateau_or_stagnating,CB1_TRAIN_L_CF2_RI2_TI1_R02:seed817000012:iteration2320
CLEAN_NON_R12_DEVELOPMENT,TRAIN,L,CF2,60-80%,high_action_entropy,CB1_TRAIN_L_CF2_RI2_TI1_R02:seed817000012:iteration2320
CLEAN_NON_R12_DEVELOPMENT,TRAIN,L,CF2,80-100%,plateau_or_stagnating,CB1_TRAIN_L_CF2_RI2_TI1_R02:seed817000012:iteration2980
CLEAN_NON_R12_DEVELOPMENT,TRAIN,L,CF2,80-100%,low_action_entropy,CB1_TRAIN_L_CF2_RI2_TI1_R02:seed817000012:iteration2980
CLEAN_NON_R12_DEVELOPMENT,TRAIN,L,CF2,0-20%,improving,CB1_TRAIN_L_CF2_RI2_TI2_R03:seed817000013:iteration340
CLEAN_NON_R12_DEVELOPMENT,TRAIN,L,CF2,0-20%,bottleneck_or_critical_transition,CB1_TRAIN_L_CF2_RI2_TI2_R03:seed817000013:iteration340
CLEAN_NON_R12_DEVELOPMENT,TRAIN,L,CF2,0-20%,high_action_entropy,CB1_TRAIN_L_CF2_RI2_TI2_R03:seed817000013:iteration340
CLEAN_NON_R12_DEVELOPMENT,TRAIN,L,CF2,20-40%,plateau_or_stagnating,CB1_TRAIN_L_CF2_RI2_TI2_R03:seed817000013:iteration980
CLEAN_NON_R12_DEVELOPMENT,TRAIN,L,CF2,20-40%,high_action_entropy,CB1_TRAIN_L_CF2_RI2_TI2_R03:seed817000013:iteration980
CLEAN_NON_R12_DEVELOPMENT,TRAIN,L,CF2,40-60%,plateau_or_stagnating,CB1_TRAIN_L_CF2_RI2_TI2_R03:seed817000013:iteration1620
CLEAN_NON_R12_DEVELOPMENT,TRAIN,L,CF2,40-60%,high_action_entropy,CB1_TRAIN_L_CF2_RI2_TI2_R03:seed817000013:iteration1620
CLEAN_NON_R12_DEVELOPMENT,TRAIN,L,CF2,60-80%,plateau_or_stagnating,CB1_TRAIN_L_CF2_RI2_TI2_R03:seed817000013:iteration2260
CLEAN_NON_R12_DEVELOPMENT,TRAIN,L,CF2,60-80%,low_action_entropy,CB1_TRAIN_L_CF2_RI2_TI2_R03:seed817000013:iteration2260
CLEAN_NON_R12_DEVELOPMENT,TRAIN,L,CF2,80-100%,plateau_or_stagnating,CB1_TRAIN_L_CF2_RI2_TI2_R03:seed817000013:iteration2880
CLEAN_NON_R12_DEVELOPMENT,TRAIN,L,CF2,80-100%,low_action_entropy,CB1_TRAIN_L_CF2_RI2_TI2_R03:seed817000013:iteration2880
CLEAN_NON_R12_DEVELOPMENT,TRAIN,L,CF2,0-20%,improving,CB1_TRAIN_L_CF2_RI2_TI3_R01:seed817000014:iteration320
CLEAN_NON_R12_DEVELOPMENT,TRAIN,L,CF2,0-20%,bottleneck_or_critical_transition,CB1_TRAIN_L_CF2_RI2_TI3_R01:seed817000014:iteration320
CLEAN_NON_R12_DEVELOPMENT,TRAIN,L,CF2,0-20%,low_action_entropy,CB1_TRAIN_L_CF2_RI2_TI3_R01:seed817000014:iteration320
CLEAN_NON_R12_DEVELOPMENT,TRAIN,L,CF2,20-40%,plateau_or_stagnating,CB1_TRAIN_L_CF2_RI2_TI3_R01:seed817000014:iteration920
CLEAN_NON_R12_DEVELOPMENT,TRAIN,L,CF2,20-40%,high_action_entropy,CB1_TRAIN_L_CF2_RI2_TI3_R01:seed817000014:iteration920
CLEAN_NON_R12_DEVELOPMENT,TRAIN,L,CF2,40-60%,plateau_or_stagnating,CB1_TRAIN_L_CF2_RI2_TI3_R01:seed817000014:iteration1540
CLEAN_NON_R12_DEVELOPMENT,TRAIN,L,CF2,40-60%,high_action_entropy,CB1_TRAIN_L_CF2_RI2_TI3_R01:seed817000014:iteration1540
CLEAN_NON_R12_DEVELOPMENT,TRAIN,L,CF2,60-80%,plateau_or_stagnating,CB1_TRAIN_L_CF2_RI2_TI3_R01:seed817000014:iteration2140
CLEAN_NON_R12_DEVELOPMENT,TRAIN,L,CF2,60-80%,high_action_entropy,CB1_TRAIN_L_CF2_RI2_TI3_R01:seed817000014:iteration2140
CLEAN_NON_R12_DEVELOPMENT,TRAIN,L,CF2,80-100%,plateau_or_stagnating,CB1_TRAIN_L_CF2_RI2_TI3_R01:seed817000014:iteration2760
CLEAN_NON_R12_DEVELOPMENT,TRAIN,L,CF2,80-100%,low_action_entropy,CB1_TRAIN_L_CF2_RI2_TI3_R01:seed817000014:iteration2760
CLEAN_NON_R12_DEVELOPMENT,TRAIN,L,CF2,0-20%,plateau_or_stagnating,CB1_TRAIN_L_CF2_RI3_TI1_R03:seed817000015:iteration340
CLEAN_NON_R12_DEVELOPMENT,TRAIN,L,CF2,0-20%,high_action_entropy,CB1_TRAIN_L_CF2_RI3_TI1_R03:seed817000015:iteration340
CLEAN_NON_R12_DEVELOPMENT,TRAIN,L,CF2,20-40%,plateau_or_stagnating,CB1_TRAIN_L_CF2_RI3_TI1_R03:seed817000015:iteration1000
CLEAN_NON_R12_DEVELOPMENT,TRAIN,L,CF2,20-40%,low_action_entropy,CB1_TRAIN_L_CF2_RI3_TI1_R03:seed817000015:iteration1000
CLEAN_NON_R12_DEVELOPMENT,TRAIN,L,CF2,40-60%,plateau_or_stagnating,CB1_TRAIN_L_CF2_RI3_TI1_R03:seed817000015:iteration1640
CLEAN_NON_R12_DEVELOPMENT,TRAIN,L,CF2,40-60%,low_action_entropy,CB1_TRAIN_L_CF2_RI3_TI1_R03:seed817000015:iteration1640
CLEAN_NON_R12_DEVELOPMENT,TRAIN,L,CF2,60-80%,plateau_or_stagnating,CB1_TRAIN_L_CF2_RI3_TI1_R03:seed817000015:iteration2280
CLEAN_NON_R12_DEVELOPMENT,TRAIN,L,CF2,60-80%,high_action_entropy,CB1_TRAIN_L_CF2_RI3_TI1_R03:seed817000015:iteration2280
CLEAN_NON_R12_DEVELOPMENT,TRAIN,L,CF2,80-100%,plateau_or_stagnating,CB1_TRAIN_L_CF2_RI3_TI1_R03:seed817000015:iteration2920
CLEAN_NON_R12_DEVELOPMENT,TRAIN,L,CF2,80-100%,high_action_entropy,CB1_TRAIN_L_CF2_RI3_TI1_R03:seed817000015:iteration2920
CLEAN_NON_R12_DEVELOPMENT,TRAIN,L,CF2,0-20%,plateau_or_stagnating,CB1_TRAIN_L_CF2_RI3_TI2_R01:seed817000016:iteration340
CLEAN_NON_R12_DEVELOPMENT,TRAIN,L,CF2,0-20%,bottleneck_or_critical_transition,CB1_TRAIN_L_CF2_RI3_TI2_R01:seed817000016:iteration340
CLEAN_NON_R12_DEVELOPMENT,TRAIN,L,CF2,0-20%,high_action_entropy,CB1_TRAIN_L_CF2_RI3_TI2_R01:seed817000016:iteration340
CLEAN_NON_R12_DEVELOPMENT,TRAIN,L,CF2,20-40%,plateau_or_stagnating,CB1_TRAIN_L_CF2_RI3_TI2_R01:seed817000016:iteration980
CLEAN_NON_R12_DEVELOPMENT,TRAIN,L,CF2,20-40%,low_action_entropy,CB1_TRAIN_L_CF2_RI3_TI2_R01:seed817000016:iteration980
CLEAN_NON_R12_DEVELOPMENT,TRAIN,L,CF2,40-60%,plateau_or_stagnating,CB1_TRAIN_L_CF2_RI3_TI2_R01:seed817000016:iteration1640
CLEAN_NON_R12_DEVELOPMENT,TRAIN,L,CF2,40-60%,high_action_entropy,CB1_TRAIN_L_CF2_RI3_TI2_R01:seed817000016:iteration1640
CLEAN_NON_R12_DEVELOPMENT,TRAIN,L,CF2,60-80%,plateau_or_stagnating,CB1_TRAIN_L_CF2_RI3_TI2_R01:seed817000016:iteration2280
CLEAN_NON_R12_DEVELOPMENT,TRAIN,L,CF2,60-80%,high_action_entropy,CB1_TRAIN_L_CF2_RI3_TI2_R01:seed817000016:iteration2280
CLEAN_NON_R12_DEVELOPMENT,TRAIN,L,CF2,80-100%,plateau_or_stagnating,CB1_TRAIN_L_CF2_RI3_TI2_R01:seed817000016:iteration2940
CLEAN_NON_R12_DEVELOPMENT,TRAIN,L,CF2,80-100%,low_action_entropy,CB1_TRAIN_L_CF2_RI3_TI2_R01:seed817000016:iteration2940
CLEAN_NON_R12_DEVELOPMENT,TRAIN,L,CF2,0-20%,improving,CB1_TRAIN_L_CF2_RI3_TI3_R02:seed817000017:iteration320
CLEAN_NON_R12_DEVELOPMENT,TRAIN,L,CF2,0-20%,immediately_post_improvement,CB1_TRAIN_L_CF2_RI3_TI3_R02:seed817000017:iteration320
CLEAN_NON_R12_DEVELOPMENT,TRAIN,L,CF2,0-20%,bottleneck_or_critical_transition,CB1_TRAIN_L_CF2_RI3_TI3_R02:seed817000017:iteration320
CLEAN_NON_R12_DEVELOPMENT,TRAIN,L,CF2,0-20%,high_action_entropy,CB1_TRAIN_L_CF2_RI3_TI3_R02:seed817000017:iteration320
CLEAN_NON_R12_DEVELOPMENT,TRAIN,L,CF2,20-40%,plateau_or_stagnating,CB1_TRAIN_L_CF2_RI3_TI3_R02:seed817000017:iteration940
CLEAN_NON_R12_DEVELOPMENT,TRAIN,L,CF2,20-40%,low_action_entropy,CB1_TRAIN_L_CF2_RI3_TI3_R02:seed817000017:iteration940
CLEAN_NON_R12_DEVELOPMENT,TRAIN,L,CF2,40-60%,plateau_or_stagnating,CB1_TRAIN_L_CF2_RI3_TI3_R02:seed817000017:iteration1560
CLEAN_NON_R12_DEVELOPMENT,TRAIN,L,CF2,40-60%,high_action_entropy,CB1_TRAIN_L_CF2_RI3_TI3_R02:seed817000017:iteration1560
CLEAN_NON_R12_DEVELOPMENT,TRAIN,L,CF2,60-80%,plateau_or_stagnating,CB1_TRAIN_L_CF2_RI3_TI3_R02:seed817000017:iteration2180
CLEAN_NON_R12_DEVELOPMENT,TRAIN,L,CF2,60-80%,high_action_entropy,CB1_TRAIN_L_CF2_RI3_TI3_R02:seed817000017:iteration2180
CLEAN_NON_R12_DEVELOPMENT,TRAIN,L,CF2,80-100%,plateau_or_stagnating,CB1_TRAIN_L_CF2_RI3_TI3_R02:seed817000017:iteration2780
CLEAN_NON_R12_DEVELOPMENT,TRAIN,L,CF2,80-100%,low_action_entropy,CB1_TRAIN_L_CF2_RI3_TI3_R02:seed817000017:iteration2780
CLEAN_NON_R12_DEVELOPMENT,TRAIN,L,CF3,0-20%,improving,CB1_TRAIN_L_CF3_RI1_TI1_R02:seed817000018:iteration320
CLEAN_NON_R12_DEVELOPMENT,TRAIN,L,CF3,0-20%,bottleneck_or_critical_transition,CB1_TRAIN_L_CF3_RI1_TI1_R02:seed817000018:iteration320
CLEAN_NON_R12_DEVELOPMENT,TRAIN,L,CF3,0-20%,low_action_entropy,CB1_TRAIN_L_CF3_RI1_TI1_R02:seed817000018:iteration320
CLEAN_NON_R12_DEVELOPMENT,TRAIN,L,CF3,20-40%,plateau_or_stagnating,CB1_TRAIN_L_CF3_RI1_TI1_R02:seed817000018:iteration960
CLEAN_NON_R12_DEVELOPMENT,TRAIN,L,CF3,20-40%,high_action_entropy,CB1_TRAIN_L_CF3_RI1_TI1_R02:seed817000018:iteration960
CLEAN_NON_R12_DEVELOPMENT,TRAIN,L,CF3,40-60%,plateau_or_stagnating,CB1_TRAIN_L_CF3_RI1_TI1_R02:seed817000018:iteration1600
CLEAN_NON_R12_DEVELOPMENT,TRAIN,L,CF3,40-60%,low_action_entropy,CB1_TRAIN_L_CF3_RI1_TI1_R02:seed817000018:iteration1600
CLEAN_NON_R12_DEVELOPMENT,TRAIN,L,CF3,60-80%,plateau_or_stagnating,CB1_TRAIN_L_CF3_RI1_TI1_R02:seed817000018:iteration2240
CLEAN_NON_R12_DEVELOPMENT,TRAIN,L,CF3,60-80%,high_action_entropy,CB1_TRAIN_L_CF3_RI1_TI1_R02:seed817000018:iteration2240
CLEAN_NON_R12_DEVELOPMENT,TRAIN,L,CF3,80-100%,plateau_or_stagnating,CB1_TRAIN_L_CF3_RI1_TI1_R02:seed817000018:iteration2880
CLEAN_NON_R12_DEVELOPMENT,TRAIN,L,CF3,80-100%,high_action_entropy,CB1_TRAIN_L_CF3_RI1_TI1_R02:seed817000018:iteration2880
CLEAN_NON_R12_DEVELOPMENT,TRAIN,L,CF3,0-20%,plateau_or_stagnating,CB1_TRAIN_L_CF3_RI1_TI2_R03:seed817000019:iteration340
CLEAN_NON_R12_DEVELOPMENT,TRAIN,L,CF3,0-20%,low_action_entropy,CB1_TRAIN_L_CF3_RI1_TI2_R03:seed817000019:iteration340
CLEAN_NON_R12_DEVELOPMENT,TRAIN,L,CF3,20-40%,plateau_or_stagnating,CB1_TRAIN_L_CF3_RI1_TI2_R03:seed817000019:iteration1020
CLEAN_NON_R12_DEVELOPMENT,TRAIN,L,CF3,20-40%,low_action_entropy,CB1_TRAIN_L_CF3_RI1_TI2_R03:seed817000019:iteration1020
CLEAN_NON_R12_DEVELOPMENT,TRAIN,L,CF3,40-60%,plateau_or_stagnating,CB1_TRAIN_L_CF3_RI1_TI2_R03:seed817000019:iteration1700
CLEAN_NON_R12_DEVELOPMENT,TRAIN,L,CF3,40-60%,high_action_entropy,CB1_TRAIN_L_CF3_RI1_TI2_R03:seed817000019:iteration1700
CLEAN_NON_R12_DEVELOPMENT,TRAIN,L,CF3,60-80%,plateau_or_stagnating,CB1_TRAIN_L_CF3_RI1_TI2_R03:seed817000019:iteration2380
CLEAN_NON_R12_DEVELOPMENT,TRAIN,L,CF3,60-80%,high_action_entropy,CB1_TRAIN_L_CF3_RI1_TI2_R03:seed817000019:iteration2380
CLEAN_NON_R12_DEVELOPMENT,TRAIN,L,CF3,80-100%,plateau_or_stagnating,CB1_TRAIN_L_CF3_RI1_TI2_R03:seed817000019:iteration3060
CLEAN_NON_R12_DEVELOPMENT,TRAIN,L,CF3,80-100%,high_action_entropy,CB1_TRAIN_L_CF3_RI1_TI2_R03:seed817000019:iteration3060
CLEAN_NON_R12_DEVELOPMENT,TRAIN,L,CF3,0-20%,plateau_or_stagnating,CB1_TRAIN_L_CF3_RI1_TI3_R01:seed817000020:iteration320
CLEAN_NON_R12_DEVELOPMENT,TRAIN,L,CF3,0-20%,bottleneck_or_critical_transition,CB1_TRAIN_L_CF3_RI1_TI3_R01:seed817000020:iteration320
CLEAN_NON_R12_DEVELOPMENT,TRAIN,L,CF3,0-20%,high_action_entropy,CB1_TRAIN_L_CF3_RI1_TI3_R01:seed817000020:iteration320
CLEAN_NON_R12_DEVELOPMENT,TRAIN,L,CF3,20-40%,plateau_or_stagnating,CB1_TRAIN_L_CF3_RI1_TI3_R01:seed817000020:iteration940
CLEAN_NON_R12_DEVELOPMENT,TRAIN,L,CF3,20-40%,low_action_entropy,CB1_TRAIN_L_CF3_RI1_TI3_R01:seed817000020:iteration940
CLEAN_NON_R12_DEVELOPMENT,TRAIN,L,CF3,40-60%,plateau_or_stagnating,CB1_TRAIN_L_CF3_RI1_TI3_R01:seed817000020:iteration1580
CLEAN_NON_R12_DEVELOPMENT,TRAIN,L,CF3,40-60%,high_action_entropy,CB1_TRAIN_L_CF3_RI1_TI3_R01:seed817000020:iteration1580
CLEAN_NON_R12_DEVELOPMENT,TRAIN,L,CF3,60-80%,plateau_or_stagnating,CB1_TRAIN_L_CF3_RI1_TI3_R01:seed817000020:iteration2200
CLEAN_NON_R12_DEVELOPMENT,TRAIN,L,CF3,60-80%,high_action_entropy,CB1_TRAIN_L_CF3_RI1_TI3_R01:seed817000020:iteration2200
CLEAN_NON_R12_DEVELOPMENT,TRAIN,L,CF3,80-100%,plateau_or_stagnating,CB1_TRAIN_L_CF3_RI1_TI3_R01:seed817000020:iteration2820
CLEAN_NON_R12_DEVELOPMENT,TRAIN,L,CF3,80-100%,low_action_entropy,CB1_TRAIN_L_CF3_RI1_TI3_R01:seed817000020:iteration2820
CLEAN_NON_R12_DEVELOPMENT,TRAIN,L,CF3,0-20%,improving,CB1_TRAIN_L_CF3_RI2_TI1_R03:seed817000021:iteration360
CLEAN_NON_R12_DEVELOPMENT,TRAIN,L,CF3,0-20%,bottleneck_or_critical_transition,CB1_TRAIN_L_CF3_RI2_TI1_R03:seed817000021:iteration360
CLEAN_NON_R12_DEVELOPMENT,TRAIN,L,CF3,0-20%,high_action_entropy,CB1_TRAIN_L_CF3_RI2_TI1_R03:seed817000021:iteration360
CLEAN_NON_R12_DEVELOPMENT,TRAIN,L,CF3,20-40%,improving,CB1_TRAIN_L_CF3_RI2_TI1_R03:seed817000021:iteration1080
CLEAN_NON_R12_DEVELOPMENT,TRAIN,L,CF3,20-40%,bottleneck_or_critical_transition,CB1_TRAIN_L_CF3_RI2_TI1_R03:seed817000021:iteration1080
CLEAN_NON_R12_DEVELOPMENT,TRAIN,L,CF3,20-40%,low_action_entropy,CB1_TRAIN_L_CF3_RI2_TI1_R03:seed817000021:iteration1080
CLEAN_NON_R12_DEVELOPMENT,TRAIN,L,CF3,40-60%,plateau_or_stagnating,CB1_TRAIN_L_CF3_RI2_TI1_R03:seed817000021:iteration1800
CLEAN_NON_R12_DEVELOPMENT,TRAIN,L,CF3,40-60%,high_action_entropy,CB1_TRAIN_L_CF3_RI2_TI1_R03:seed817000021:iteration1800
CLEAN_NON_R12_DEVELOPMENT,TRAIN,L,CF3,60-80%,plateau_or_stagnating,CB1_TRAIN_L_CF3_RI2_TI1_R03:seed817000021:iteration2520
CLEAN_NON_R12_DEVELOPMENT,TRAIN,L,CF3,60-80%,low_action_entropy,CB1_TRAIN_L_CF3_RI2_TI1_R03:seed817000021:iteration2520
CLEAN_NON_R12_DEVELOPMENT,TRAIN,L,CF3,80-100%,plateau_or_stagnating,CB1_TRAIN_L_CF3_RI2_TI1_R03:seed817000021:iteration3240
CLEAN_NON_R12_DEVELOPMENT,TRAIN,L,CF3,80-100%,high_action_entropy,CB1_TRAIN_L_CF3_RI2_TI1_R03:seed817000021:iteration3240
CLEAN_NON_R12_DEVELOPMENT,TRAIN,L,CF3,0-20%,plateau_or_stagnating,CB1_TRAIN_L_CF3_RI2_TI2_R01:seed817000022:iteration340
CLEAN_NON_R12_DEVELOPMENT,TRAIN,L,CF3,0-20%,bottleneck_or_critical_transition,CB1_TRAIN_L_CF3_RI2_TI2_R01:seed817000022:iteration340
CLEAN_NON_R12_DEVELOPMENT,TRAIN,L,CF3,0-20%,high_action_entropy,CB1_TRAIN_L_CF3_RI2_TI2_R01:seed817000022:iteration340
CLEAN_NON_R12_DEVELOPMENT,TRAIN,L,CF3,20-40%,plateau_or_stagnating,CB1_TRAIN_L_CF3_RI2_TI2_R01:seed817000022:iteration1020
CLEAN_NON_R12_DEVELOPMENT,TRAIN,L,CF3,20-40%,low_action_entropy,CB1_TRAIN_L_CF3_RI2_TI2_R01:seed817000022:iteration1020
CLEAN_NON_R12_DEVELOPMENT,TRAIN,L,CF3,40-60%,plateau_or_stagnating,CB1_TRAIN_L_CF3_RI2_TI2_R01:seed817000022:iteration1700
CLEAN_NON_R12_DEVELOPMENT,TRAIN,L,CF3,40-60%,low_action_entropy,CB1_TRAIN_L_CF3_RI2_TI2_R01:seed817000022:iteration1700
CLEAN_NON_R12_DEVELOPMENT,TRAIN,L,CF3,60-80%,plateau_or_stagnating,CB1_TRAIN_L_CF3_RI2_TI2_R01:seed817000022:iteration2380
CLEAN_NON_R12_DEVELOPMENT,TRAIN,L,CF3,60-80%,high_action_entropy,CB1_TRAIN_L_CF3_RI2_TI2_R01:seed817000022:iteration2380
CLEAN_NON_R12_DEVELOPMENT,TRAIN,L,CF3,80-100%,plateau_or_stagnating,CB1_TRAIN_L_CF3_RI2_TI2_R01:seed817000022:iteration3060
CLEAN_NON_R12_DEVELOPMENT,TRAIN,L,CF3,80-100%,high_action_entropy,CB1_TRAIN_L_CF3_RI2_TI2_R01:seed817000022:iteration3060
CLEAN_NON_R12_DEVELOPMENT,TRAIN,L,CF3,0-20%,plateau_or_stagnating,CB1_TRAIN_L_CF3_RI2_TI3_R02:seed817000023:iteration300
CLEAN_NON_R12_DEVELOPMENT,TRAIN,L,CF3,0-20%,bottleneck_or_critical_transition,CB1_TRAIN_L_CF3_RI2_TI3_R02:seed817000023:iteration300
CLEAN_NON_R12_DEVELOPMENT,TRAIN,L,CF3,0-20%,high_action_entropy,CB1_TRAIN_L_CF3_RI2_TI3_R02:seed817000023:iteration300
CLEAN_NON_R12_DEVELOPMENT,TRAIN,L,CF3,20-40%,plateau_or_stagnating,CB1_TRAIN_L_CF3_RI2_TI3_R02:seed817000023:iteration860
CLEAN_NON_R12_DEVELOPMENT,TRAIN,L,CF3,20-40%,low_action_entropy,CB1_TRAIN_L_CF3_RI2_TI3_R02:seed817000023:iteration860
CLEAN_NON_R12_DEVELOPMENT,TRAIN,L,CF3,40-60%,plateau_or_stagnating,CB1_TRAIN_L_CF3_RI2_TI3_R02:seed817000023:iteration1420
CLEAN_NON_R12_DEVELOPMENT,TRAIN,L,CF3,40-60%,high_action_entropy,CB1_TRAIN_L_CF3_RI2_TI3_R02:seed817000023:iteration1420
CLEAN_NON_R12_DEVELOPMENT,TRAIN,L,CF3,60-80%,plateau_or_stagnating,CB1_TRAIN_L_CF3_RI2_TI3_R02:seed817000023:iteration2000
CLEAN_NON_R12_DEVELOPMENT,TRAIN,L,CF3,60-80%,high_action_entropy,CB1_TRAIN_L_CF3_RI2_TI3_R02:seed817000023:iteration2000
CLEAN_NON_R12_DEVELOPMENT,TRAIN,L,CF3,80-100%,plateau_or_stagnating,CB1_TRAIN_L_CF3_RI2_TI3_R02:seed817000023:iteration2560
CLEAN_NON_R12_DEVELOPMENT,TRAIN,L,CF3,80-100%,low_action_entropy,CB1_TRAIN_L_CF3_RI2_TI3_R02:seed817000023:iteration2560
CLEAN_NON_R12_DEVELOPMENT,TRAIN,L,CF3,0-20%,plateau_or_stagnating,CB1_TRAIN_L_CF3_RI3_TI1_R01:seed817000024:iteration360
CLEAN_NON_R12_DEVELOPMENT,TRAIN,L,CF3,0-20%,bottleneck_or_critical_transition,CB1_TRAIN_L_CF3_RI3_TI1_R01:seed817000024:iteration360
CLEAN_NON_R12_DEVELOPMENT,TRAIN,L,CF3,0-20%,high_action_entropy,CB1_TRAIN_L_CF3_RI3_TI1_R01:seed817000024:iteration360
CLEAN_NON_R12_DEVELOPMENT,TRAIN,L,CF3,20-40%,plateau_or_stagnating,CB1_TRAIN_L_CF3_RI3_TI1_R01:seed817000024:iteration1060
CLEAN_NON_R12_DEVELOPMENT,TRAIN,L,CF3,20-40%,high_action_entropy,CB1_TRAIN_L_CF3_RI3_TI1_R01:seed817000024:iteration1060
CLEAN_NON_R12_DEVELOPMENT,TRAIN,L,CF3,40-60%,plateau_or_stagnating,CB1_TRAIN_L_CF3_RI3_TI1_R01:seed817000024:iteration1740
CLEAN_NON_R12_DEVELOPMENT,TRAIN,L,CF3,40-60%,low_action_entropy,CB1_TRAIN_L_CF3_RI3_TI1_R01:seed817000024:iteration1740
CLEAN_NON_R12_DEVELOPMENT,TRAIN,L,CF3,60-80%,plateau_or_stagnating,CB1_TRAIN_L_CF3_RI3_TI1_R01:seed817000024:iteration2440
CLEAN_NON_R12_DEVELOPMENT,TRAIN,L,CF3,60-80%,low_action_entropy,CB1_TRAIN_L_CF3_RI3_TI1_R01:seed817000024:iteration2440
CLEAN_NON_R12_DEVELOPMENT,TRAIN,L,CF3,80-100%,plateau_or_stagnating,CB1_TRAIN_L_CF3_RI3_TI1_R01:seed817000024:iteration3120
CLEAN_NON_R12_DEVELOPMENT,TRAIN,L,CF3,80-100%,high_action_entropy,CB1_TRAIN_L_CF3_RI3_TI1_R01:seed817000024:iteration3120
CLEAN_NON_R12_DEVELOPMENT,TRAIN,L,CF3,0-20%,improving,CB1_TRAIN_L_CF3_RI3_TI2_R02:seed817000025:iteration320
CLEAN_NON_R12_DEVELOPMENT,TRAIN,L,CF3,0-20%,immediately_post_improvement,CB1_TRAIN_L_CF3_RI3_TI2_R02:seed817000025:iteration320
CLEAN_NON_R12_DEVELOPMENT,TRAIN,L,CF3,0-20%,bottleneck_or_critical_transition,CB1_TRAIN_L_CF3_RI3_TI2_R02:seed817000025:iteration320
CLEAN_NON_R12_DEVELOPMENT,TRAIN,L,CF3,0-20%,low_action_entropy,CB1_TRAIN_L_CF3_RI3_TI2_R02:seed817000025:iteration320
CLEAN_NON_R12_DEVELOPMENT,TRAIN,L,CF3,20-40%,plateau_or_stagnating,CB1_TRAIN_L_CF3_RI3_TI2_R02:seed817000025:iteration940
CLEAN_NON_R12_DEVELOPMENT,TRAIN,L,CF3,20-40%,high_action_entropy,CB1_TRAIN_L_CF3_RI3_TI2_R02:seed817000025:iteration940
CLEAN_NON_R12_DEVELOPMENT,TRAIN,L,CF3,40-60%,plateau_or_stagnating,CB1_TRAIN_L_CF3_RI3_TI2_R02:seed817000025:iteration1580
CLEAN_NON_R12_DEVELOPMENT,TRAIN,L,CF3,40-60%,high_action_entropy,CB1_TRAIN_L_CF3_RI3_TI2_R02:seed817000025:iteration1580
CLEAN_NON_R12_DEVELOPMENT,TRAIN,L,CF3,60-80%,plateau_or_stagnating,CB1_TRAIN_L_CF3_RI3_TI2_R02:seed817000025:iteration2220
CLEAN_NON_R12_DEVELOPMENT,TRAIN,L,CF3,60-80%,low_action_entropy,CB1_TRAIN_L_CF3_RI3_TI2_R02:seed817000025:iteration2220
CLEAN_NON_R12_DEVELOPMENT,TRAIN,L,CF3,80-100%,plateau_or_stagnating,CB1_TRAIN_L_CF3_RI3_TI2_R02:seed817000025:iteration2860
CLEAN_NON_R12_DEVELOPMENT,TRAIN,L,CF3,80-100%,high_action_entropy,CB1_TRAIN_L_CF3_RI3_TI2_R02:seed817000025:iteration2860
CLEAN_NON_R12_DEVELOPMENT,TRAIN,L,CF3,0-20%,improving,CB1_TRAIN_L_CF3_RI3_TI3_R03:seed817000026:iteration320
CLEAN_NON_R12_DEVELOPMENT,TRAIN,L,CF3,0-20%,bottleneck_or_critical_transition,CB1_TRAIN_L_CF3_RI3_TI3_R03:seed817000026:iteration320
CLEAN_NON_R12_DEVELOPMENT,TRAIN,L,CF3,0-20%,high_action_entropy,CB1_TRAIN_L_CF3_RI3_TI3_R03:seed817000026:iteration320
CLEAN_NON_R12_DEVELOPMENT,TRAIN,L,CF3,20-40%,plateau_or_stagnating,CB1_TRAIN_L_CF3_RI3_TI3_R03:seed817000026:iteration960
CLEAN_NON_R12_DEVELOPMENT,TRAIN,L,CF3,20-40%,high_action_entropy,CB1_TRAIN_L_CF3_RI3_TI3_R03:seed817000026:iteration960
CLEAN_NON_R12_DEVELOPMENT,TRAIN,L,CF3,40-60%,plateau_or_stagnating,CB1_TRAIN_L_CF3_RI3_TI3_R03:seed817000026:iteration1620
CLEAN_NON_R12_DEVELOPMENT,TRAIN,L,CF3,40-60%,high_action_entropy,CB1_TRAIN_L_CF3_RI3_TI3_R03:seed817000026:iteration1620
CLEAN_NON_R12_DEVELOPMENT,TRAIN,L,CF3,60-80%,plateau_or_stagnating,CB1_TRAIN_L_CF3_RI3_TI3_R03:seed817000026:iteration2260
CLEAN_NON_R12_DEVELOPMENT,TRAIN,L,CF3,60-80%,low_action_entropy,CB1_TRAIN_L_CF3_RI3_TI3_R03:seed817000026:iteration2260
CLEAN_NON_R12_DEVELOPMENT,TRAIN,L,CF3,80-100%,plateau_or_stagnating,CB1_TRAIN_L_CF3_RI3_TI3_R03:seed817000026:iteration2900
CLEAN_NON_R12_DEVELOPMENT,TRAIN,L,CF3,80-100%,low_action_entropy,CB1_TRAIN_L_CF3_RI3_TI3_R03:seed817000026:iteration2900
CLEAN_NON_R12_DEVELOPMENT,TRAIN,M,CF1,0-20%,plateau_or_stagnating,CB1_TRAIN_M_CF1_RI1_TI1_R02:seed817000027:iteration420
CLEAN_NON_R12_DEVELOPMENT,TRAIN,M,CF1,0-20%,low_action_entropy,CB1_TRAIN_M_CF1_RI1_TI1_R02:seed817000027:iteration420
CLEAN_NON_R12_DEVELOPMENT,TRAIN,M,CF1,20-40%,plateau_or_stagnating,CB1_TRAIN_M_CF1_RI1_TI1_R02:seed817000027:iteration1240
CLEAN_NON_R12_DEVELOPMENT,TRAIN,M,CF1,20-40%,low_action_entropy,CB1_TRAIN_M_CF1_RI1_TI1_R02:seed817000027:iteration1240
CLEAN_NON_R12_DEVELOPMENT,TRAIN,M,CF1,40-60%,plateau_or_stagnating,CB1_TRAIN_M_CF1_RI1_TI1_R02:seed817000027:iteration2040
CLEAN_NON_R12_DEVELOPMENT,TRAIN,M,CF1,40-60%,high_action_entropy,CB1_TRAIN_M_CF1_RI1_TI1_R02:seed817000027:iteration2040
CLEAN_NON_R12_DEVELOPMENT,TRAIN,M,CF1,60-80%,plateau_or_stagnating,CB1_TRAIN_M_CF1_RI1_TI1_R02:seed817000027:iteration2880
CLEAN_NON_R12_DEVELOPMENT,TRAIN,M,CF1,60-80%,high_action_entropy,CB1_TRAIN_M_CF1_RI1_TI1_R02:seed817000027:iteration2880
CLEAN_NON_R12_DEVELOPMENT,TRAIN,M,CF1,80-100%,plateau_or_stagnating,CB1_TRAIN_M_CF1_RI1_TI1_R02:seed817000027:iteration3700
CLEAN_NON_R12_DEVELOPMENT,TRAIN,M,CF1,80-100%,high_action_entropy,CB1_TRAIN_M_CF1_RI1_TI1_R02:seed817000027:iteration3700
CLEAN_NON_R12_DEVELOPMENT,TRAIN,M,CF1,0-20%,plateau_or_stagnating,CB1_TRAIN_M_CF1_RI1_TI2_R03:seed817000028:iteration440
CLEAN_NON_R12_DEVELOPMENT,TRAIN,M,CF1,0-20%,high_action_entropy,CB1_TRAIN_M_CF1_RI1_TI2_R03:seed817000028:iteration440
CLEAN_NON_R12_DEVELOPMENT,TRAIN,M,CF1,20-40%,plateau_or_stagnating,CB1_TRAIN_M_CF1_RI1_TI2_R03:seed817000028:iteration1300
CLEAN_NON_R12_DEVELOPMENT,TRAIN,M,CF1,20-40%,low_action_entropy,CB1_TRAIN_M_CF1_RI1_TI2_R03:seed817000028:iteration1300
CLEAN_NON_R12_DEVELOPMENT,TRAIN,M,CF1,40-60%,plateau_or_stagnating,CB1_TRAIN_M_CF1_RI1_TI2_R03:seed817000028:iteration2160
CLEAN_NON_R12_DEVELOPMENT,TRAIN,M,CF1,40-60%,low_action_entropy,CB1_TRAIN_M_CF1_RI1_TI2_R03:seed817000028:iteration2160
CLEAN_NON_R12_DEVELOPMENT,TRAIN,M,CF1,60-80%,plateau_or_stagnating,CB1_TRAIN_M_CF1_RI1_TI2_R03:seed817000028:iteration3000
CLEAN_NON_R12_DEVELOPMENT,TRAIN,M,CF1,60-80%,high_action_entropy,CB1_TRAIN_M_CF1_RI1_TI2_R03:seed817000028:iteration3000
CLEAN_NON_R12_DEVELOPMENT,TRAIN,M,CF1,80-100%,plateau_or_stagnating,CB1_TRAIN_M_CF1_RI1_TI2_R03:seed817000028:iteration3860
CLEAN_NON_R12_DEVELOPMENT,TRAIN,M,CF1,80-100%,high_action_entropy,CB1_TRAIN_M_CF1_RI1_TI2_R03:seed817000028:iteration3860
CLEAN_NON_R12_DEVELOPMENT,TRAIN,M,CF1,0-20%,improving,CB1_TRAIN_M_CF1_RI1_TI3_R01:seed817000029:iteration420
CLEAN_NON_R12_DEVELOPMENT,TRAIN,M,CF1,0-20%,bottleneck_or_critical_transition,CB1_TRAIN_M_CF1_RI1_TI3_R01:seed817000029:iteration420
CLEAN_NON_R12_DEVELOPMENT,TRAIN,M,CF1,0-20%,low_action_entropy,CB1_TRAIN_M_CF1_RI1_TI3_R01:seed817000029:iteration420
CLEAN_NON_R12_DEVELOPMENT,TRAIN,M,CF1,20-40%,plateau_or_stagnating,CB1_TRAIN_M_CF1_RI1_TI3_R01:seed817000029:iteration1240
CLEAN_NON_R12_DEVELOPMENT,TRAIN,M,CF1,20-40%,low_action_entropy,CB1_TRAIN_M_CF1_RI1_TI3_R01:seed817000029:iteration1240
CLEAN_NON_R12_DEVELOPMENT,TRAIN,M,CF1,40-60%,plateau_or_stagnating,CB1_TRAIN_M_CF1_RI1_TI3_R01:seed817000029:iteration2060
CLEAN_NON_R12_DEVELOPMENT,TRAIN,M,CF1,40-60%,high_action_entropy,CB1_TRAIN_M_CF1_RI1_TI3_R01:seed817000029:iteration2060
CLEAN_NON_R12_DEVELOPMENT,TRAIN,M,CF1,60-80%,plateau_or_stagnating,CB1_TRAIN_M_CF1_RI1_TI3_R01:seed817000029:iteration2900
CLEAN_NON_R12_DEVELOPMENT,TRAIN,M,CF1,60-80%,high_action_entropy,CB1_TRAIN_M_CF1_RI1_TI3_R01:seed817000029:iteration2900
CLEAN_NON_R12_DEVELOPMENT,TRAIN,M,CF1,80-100%,plateau_or_stagnating,CB1_TRAIN_M_CF1_RI1_TI3_R01:seed817000029:iteration3720
CLEAN_NON_R12_DEVELOPMENT,TRAIN,M,CF1,80-100%,high_action_entropy,CB1_TRAIN_M_CF1_RI1_TI3_R01:seed817000029:iteration3720
CLEAN_NON_R12_DEVELOPMENT,TRAIN,M,CF1,0-20%,plateau_or_stagnating,CB1_TRAIN_M_CF1_RI2_TI1_R03:seed817000030:iteration440
CLEAN_NON_R12_DEVELOPMENT,TRAIN,M,CF1,0-20%,low_action_entropy,CB1_TRAIN_M_CF1_RI2_TI1_R03:seed817000030:iteration440
CLEAN_NON_R12_DEVELOPMENT,TRAIN,M,CF1,20-40%,plateau_or_stagnating,CB1_TRAIN_M_CF1_RI2_TI1_R03:seed817000030:iteration1320
CLEAN_NON_R12_DEVELOPMENT,TRAIN,M,CF1,20-40%,high_action_entropy,CB1_TRAIN_M_CF1_RI2_TI1_R03:seed817000030:iteration1320
CLEAN_NON_R12_DEVELOPMENT,TRAIN,M,CF1,40-60%,plateau_or_stagnating,CB1_TRAIN_M_CF1_RI2_TI1_R03:seed817000030:iteration2200
CLEAN_NON_R12_DEVELOPMENT,TRAIN,M,CF1,40-60%,high_action_entropy,CB1_TRAIN_M_CF1_RI2_TI1_R03:seed817000030:iteration2200
CLEAN_NON_R12_DEVELOPMENT,TRAIN,M,CF1,60-80%,plateau_or_stagnating,CB1_TRAIN_M_CF1_RI2_TI1_R03:seed817000030:iteration3080
CLEAN_NON_R12_DEVELOPMENT,TRAIN,M,CF1,60-80%,low_action_entropy,CB1_TRAIN_M_CF1_RI2_TI1_R03:seed817000030:iteration3080
CLEAN_NON_R12_DEVELOPMENT,TRAIN,M,CF1,80-100%,plateau_or_stagnating,CB1_TRAIN_M_CF1_RI2_TI1_R03:seed817000030:iteration3980
CLEAN_NON_R12_DEVELOPMENT,TRAIN,M,CF1,80-100%,high_action_entropy,CB1_TRAIN_M_CF1_RI2_TI1_R03:seed817000030:iteration3980
CLEAN_NON_R12_DEVELOPMENT,TRAIN,M,CF1,0-20%,improving,CB1_TRAIN_M_CF1_RI2_TI2_R01:seed817000031:iteration440
CLEAN_NON_R12_DEVELOPMENT,TRAIN,M,CF1,0-20%,bottleneck_or_critical_transition,CB1_TRAIN_M_CF1_RI2_TI2_R01:seed817000031:iteration440
CLEAN_NON_R12_DEVELOPMENT,TRAIN,M,CF1,0-20%,low_action_entropy,CB1_TRAIN_M_CF1_RI2_TI2_R01:seed817000031:iteration440
CLEAN_NON_R12_DEVELOPMENT,TRAIN,M,CF1,20-40%,plateau_or_stagnating,CB1_TRAIN_M_CF1_RI2_TI2_R01:seed817000031:iteration1300
CLEAN_NON_R12_DEVELOPMENT,TRAIN,M,CF1,20-40%,low_action_entropy,CB1_TRAIN_M_CF1_RI2_TI2_R01:seed817000031:iteration1300
CLEAN_NON_R12_DEVELOPMENT,TRAIN,M,CF1,40-60%,plateau_or_stagnating,CB1_TRAIN_M_CF1_RI2_TI2_R01:seed817000031:iteration2140
CLEAN_NON_R12_DEVELOPMENT,TRAIN,M,CF1,40-60%,high_action_entropy,CB1_TRAIN_M_CF1_RI2_TI2_R01:seed817000031:iteration2140
CLEAN_NON_R12_DEVELOPMENT,TRAIN,M,CF1,60-80%,plateau_or_stagnating,CB1_TRAIN_M_CF1_RI2_TI2_R01:seed817000031:iteration3000
CLEAN_NON_R12_DEVELOPMENT,TRAIN,M,CF1,60-80%,high_action_entropy,CB1_TRAIN_M_CF1_RI2_TI2_R01:seed817000031:iteration3000
CLEAN_NON_R12_DEVELOPMENT,TRAIN,M,CF1,80-100%,plateau_or_stagnating,CB1_TRAIN_M_CF1_RI2_TI2_R01:seed817000031:iteration3860
CLEAN_NON_R12_DEVELOPMENT,TRAIN,M,CF1,80-100%,high_action_entropy,CB1_TRAIN_M_CF1_RI2_TI2_R01:seed817000031:iteration3860
CLEAN_NON_R12_DEVELOPMENT,TRAIN,M,CF1,0-20%,improving,CB1_TRAIN_M_CF1_RI2_TI3_R02:seed817000032:iteration400
CLEAN_NON_R12_DEVELOPMENT,TRAIN,M,CF1,0-20%,immediately_post_improvement,CB1_TRAIN_M_CF1_RI2_TI3_R02:seed817000032:iteration400
CLEAN_NON_R12_DEVELOPMENT,TRAIN,M,CF1,0-20%,bottleneck_or_critical_transition,CB1_TRAIN_M_CF1_RI2_TI3_R02:seed817000032:iteration400
CLEAN_NON_R12_DEVELOPMENT,TRAIN,M,CF1,0-20%,low_action_entropy,CB1_TRAIN_M_CF1_RI2_TI3_R02:seed817000032:iteration400
CLEAN_NON_R12_DEVELOPMENT,TRAIN,M,CF1,20-40%,plateau_or_stagnating,CB1_TRAIN_M_CF1_RI2_TI3_R02:seed817000032:iteration1200
CLEAN_NON_R12_DEVELOPMENT,TRAIN,M,CF1,20-40%,high_action_entropy,CB1_TRAIN_M_CF1_RI2_TI3_R02:seed817000032:iteration1200
CLEAN_NON_R12_DEVELOPMENT,TRAIN,M,CF1,40-60%,plateau_or_stagnating,CB1_TRAIN_M_CF1_RI2_TI3_R02:seed817000032:iteration1980
CLEAN_NON_R12_DEVELOPMENT,TRAIN,M,CF1,40-60%,high_action_entropy,CB1_TRAIN_M_CF1_RI2_TI3_R02:seed817000032:iteration1980
CLEAN_NON_R12_DEVELOPMENT,TRAIN,M,CF1,60-80%,plateau_or_stagnating,CB1_TRAIN_M_CF1_RI2_TI3_R02:seed817000032:iteration2780
CLEAN_NON_R12_DEVELOPMENT,TRAIN,M,CF1,60-80%,high_action_entropy,CB1_TRAIN_M_CF1_RI2_TI3_R02:seed817000032:iteration2780
CLEAN_NON_R12_DEVELOPMENT,TRAIN,M,CF1,80-100%,plateau_or_stagnating,CB1_TRAIN_M_CF1_RI2_TI3_R02:seed817000032:iteration3560
CLEAN_NON_R12_DEVELOPMENT,TRAIN,M,CF1,80-100%,low_action_entropy,CB1_TRAIN_M_CF1_RI2_TI3_R02:seed817000032:iteration3560
CLEAN_NON_R12_DEVELOPMENT,TRAIN,M,CF1,0-20%,plateau_or_stagnating,CB1_TRAIN_M_CF1_RI3_TI1_R01:seed817000033:iteration440
CLEAN_NON_R12_DEVELOPMENT,TRAIN,M,CF1,0-20%,high_action_entropy,CB1_TRAIN_M_CF1_RI3_TI1_R01:seed817000033:iteration440
CLEAN_NON_R12_DEVELOPMENT,TRAIN,M,CF1,20-40%,plateau_or_stagnating,CB1_TRAIN_M_CF1_RI3_TI1_R01:seed817000033:iteration1320
CLEAN_NON_R12_DEVELOPMENT,TRAIN,M,CF1,20-40%,low_action_entropy,CB1_TRAIN_M_CF1_RI3_TI1_R01:seed817000033:iteration1320
CLEAN_NON_R12_DEVELOPMENT,TRAIN,M,CF1,40-60%,plateau_or_stagnating,CB1_TRAIN_M_CF1_RI3_TI1_R01:seed817000033:iteration2200
CLEAN_NON_R12_DEVELOPMENT,TRAIN,M,CF1,40-60%,high_action_entropy,CB1_TRAIN_M_CF1_RI3_TI1_R01:seed817000033:iteration2200
CLEAN_NON_R12_DEVELOPMENT,TRAIN,M,CF1,60-80%,plateau_or_stagnating,CB1_TRAIN_M_CF1_RI3_TI1_R01:seed817000033:iteration3080
CLEAN_NON_R12_DEVELOPMENT,TRAIN,M,CF1,60-80%,high_action_entropy,CB1_TRAIN_M_CF1_RI3_TI1_R01:seed817000033:iteration3080
CLEAN_NON_R12_DEVELOPMENT,TRAIN,M,CF1,80-100%,plateau_or_stagnating,CB1_TRAIN_M_CF1_RI3_TI1_R01:seed817000033:iteration3940
CLEAN_NON_R12_DEVELOPMENT,TRAIN,M,CF1,80-100%,low_action_entropy,CB1_TRAIN_M_CF1_RI3_TI1_R01:seed817000033:iteration3940
CLEAN_NON_R12_DEVELOPMENT,TRAIN,M,CF1,0-20%,plateau_or_stagnating,CB1_TRAIN_M_CF1_RI3_TI2_R02:seed817000034:iteration400
CLEAN_NON_R12_DEVELOPMENT,TRAIN,M,CF1,0-20%,high_action_entropy,CB1_TRAIN_M_CF1_RI3_TI2_R02:seed817000034:iteration400
CLEAN_NON_R12_DEVELOPMENT,TRAIN,M,CF1,20-40%,plateau_or_stagnating,CB1_TRAIN_M_CF1_RI3_TI2_R02:seed817000034:iteration1200
CLEAN_NON_R12_DEVELOPMENT,TRAIN,M,CF1,20-40%,low_action_entropy,CB1_TRAIN_M_CF1_RI3_TI2_R02:seed817000034:iteration1200
CLEAN_NON_R12_DEVELOPMENT,TRAIN,M,CF1,40-60%,plateau_or_stagnating,CB1_TRAIN_M_CF1_RI3_TI2_R02:seed817000034:iteration2000
CLEAN_NON_R12_DEVELOPMENT,TRAIN,M,CF1,40-60%,high_action_entropy,CB1_TRAIN_M_CF1_RI3_TI2_R02:seed817000034:iteration2000
CLEAN_NON_R12_DEVELOPMENT,TRAIN,M,CF1,60-80%,plateau_or_stagnating,CB1_TRAIN_M_CF1_RI3_TI2_R02:seed817000034:iteration2780
CLEAN_NON_R12_DEVELOPMENT,TRAIN,M,CF1,60-80%,low_action_entropy,CB1_TRAIN_M_CF1_RI3_TI2_R02:seed817000034:iteration2780
CLEAN_NON_R12_DEVELOPMENT,TRAIN,M,CF1,80-100%,plateau_or_stagnating,CB1_TRAIN_M_CF1_RI3_TI2_R02:seed817000034:iteration3560
CLEAN_NON_R12_DEVELOPMENT,TRAIN,M,CF1,80-100%,high_action_entropy,CB1_TRAIN_M_CF1_RI3_TI2_R02:seed817000034:iteration3560
CLEAN_NON_R12_DEVELOPMENT,TRAIN,M,CF1,0-20%,improving,CB1_TRAIN_M_CF1_RI3_TI3_R03:seed817000035:iteration420
CLEAN_NON_R12_DEVELOPMENT,TRAIN,M,CF1,0-20%,bottleneck_or_critical_transition,CB1_TRAIN_M_CF1_RI3_TI3_R03:seed817000035:iteration420
CLEAN_NON_R12_DEVELOPMENT,TRAIN,M,CF1,0-20%,low_action_entropy,CB1_TRAIN_M_CF1_RI3_TI3_R03:seed817000035:iteration420
CLEAN_NON_R12_DEVELOPMENT,TRAIN,M,CF1,20-40%,plateau_or_stagnating,CB1_TRAIN_M_CF1_RI3_TI3_R03:seed817000035:iteration1260
CLEAN_NON_R12_DEVELOPMENT,TRAIN,M,CF1,20-40%,high_action_entropy,CB1_TRAIN_M_CF1_RI3_TI3_R03:seed817000035:iteration1260
CLEAN_NON_R12_DEVELOPMENT,TRAIN,M,CF1,40-60%,plateau_or_stagnating,CB1_TRAIN_M_CF1_RI3_TI3_R03:seed817000035:iteration2120
CLEAN_NON_R12_DEVELOPMENT,TRAIN,M,CF1,40-60%,high_action_entropy,CB1_TRAIN_M_CF1_RI3_TI3_R03:seed817000035:iteration2120
CLEAN_NON_R12_DEVELOPMENT,TRAIN,M,CF1,60-80%,plateau_or_stagnating,CB1_TRAIN_M_CF1_RI3_TI3_R03:seed817000035:iteration2960
CLEAN_NON_R12_DEVELOPMENT,TRAIN,M,CF1,60-80%,low_action_entropy,CB1_TRAIN_M_CF1_RI3_TI3_R03:seed817000035:iteration2960
CLEAN_NON_R12_DEVELOPMENT,TRAIN,M,CF1,80-100%,plateau_or_stagnating,CB1_TRAIN_M_CF1_RI3_TI3_R03:seed817000035:iteration3800
CLEAN_NON_R12_DEVELOPMENT,TRAIN,M,CF1,80-100%,high_action_entropy,CB1_TRAIN_M_CF1_RI3_TI3_R03:seed817000035:iteration3800
CLEAN_NON_R12_DEVELOPMENT,TRAIN,M,CF2,0-20%,improving,CB1_TRAIN_M_CF2_RI1_TI1_R03:seed817000036:iteration420
CLEAN_NON_R12_DEVELOPMENT,TRAIN,M,CF2,0-20%,bottleneck_or_critical_transition,CB1_TRAIN_M_CF2_RI1_TI1_R03:seed817000036:iteration420
CLEAN_NON_R12_DEVELOPMENT,TRAIN,M,CF2,0-20%,low_action_entropy,CB1_TRAIN_M_CF2_RI1_TI1_R03:seed817000036:iteration420
CLEAN_NON_R12_DEVELOPMENT,TRAIN,M,CF2,20-40%,plateau_or_stagnating,CB1_TRAIN_M_CF2_RI1_TI1_R03:seed817000036:iteration1280
CLEAN_NON_R12_DEVELOPMENT,TRAIN,M,CF2,20-40%,high_action_entropy,CB1_TRAIN_M_CF2_RI1_TI1_R03:seed817000036:iteration1280
CLEAN_NON_R12_DEVELOPMENT,TRAIN,M,CF2,40-60%,plateau_or_stagnating,CB1_TRAIN_M_CF2_RI1_TI1_R03:seed817000036:iteration2140
CLEAN_NON_R12_DEVELOPMENT,TRAIN,M,CF2,40-60%,bottleneck_or_critical_transition,CB1_TRAIN_M_CF2_RI1_TI1_R03:seed817000036:iteration2140
CLEAN_NON_R12_DEVELOPMENT,TRAIN,M,CF2,40-60%,high_action_entropy,CB1_TRAIN_M_CF2_RI1_TI1_R03:seed817000036:iteration2140
CLEAN_NON_R12_DEVELOPMENT,TRAIN,M,CF2,60-80%,plateau_or_stagnating,CB1_TRAIN_M_CF2_RI1_TI1_R03:seed817000036:iteration2980
CLEAN_NON_R12_DEVELOPMENT,TRAIN,M,CF2,60-80%,high_action_entropy,CB1_TRAIN_M_CF2_RI1_TI1_R03:seed817000036:iteration2980
CLEAN_NON_R12_DEVELOPMENT,TRAIN,M,CF2,80-100%,plateau_or_stagnating,CB1_TRAIN_M_CF2_RI1_TI1_R03:seed817000036:iteration3840
CLEAN_NON_R12_DEVELOPMENT,TRAIN,M,CF2,80-100%,low_action_entropy,CB1_TRAIN_M_CF2_RI1_TI1_R03:seed817000036:iteration3840
CLEAN_NON_R12_DEVELOPMENT,TRAIN,M,CF2,0-20%,plateau_or_stagnating,CB1_TRAIN_M_CF2_RI1_TI2_R01:seed817000037:iteration400
CLEAN_NON_R12_DEVELOPMENT,TRAIN,M,CF2,0-20%,high_action_entropy,CB1_TRAIN_M_CF2_RI1_TI2_R01:seed817000037:iteration400
CLEAN_NON_R12_DEVELOPMENT,TRAIN,M,CF2,20-40%,plateau_or_stagnating,CB1_TRAIN_M_CF2_RI1_TI2_R01:seed817000037:iteration1180
CLEAN_NON_R12_DEVELOPMENT,TRAIN,M,CF2,20-40%,high_action_entropy,CB1_TRAIN_M_CF2_RI1_TI2_R01:seed817000037:iteration1180
CLEAN_NON_R12_DEVELOPMENT,TRAIN,M,CF2,40-60%,plateau_or_stagnating,CB1_TRAIN_M_CF2_RI1_TI2_R01:seed817000037:iteration1960
CLEAN_NON_R12_DEVELOPMENT,TRAIN,M,CF2,40-60%,high_action_entropy,CB1_TRAIN_M_CF2_RI1_TI2_R01:seed817000037:iteration1960
CLEAN_NON_R12_DEVELOPMENT,TRAIN,M,CF2,60-80%,plateau_or_stagnating,CB1_TRAIN_M_CF2_RI1_TI2_R01:seed817000037:iteration2740
CLEAN_NON_R12_DEVELOPMENT,TRAIN,M,CF2,60-80%,low_action_entropy,CB1_TRAIN_M_CF2_RI1_TI2_R01:seed817000037:iteration2740
CLEAN_NON_R12_DEVELOPMENT,TRAIN,M,CF2,80-100%,plateau_or_stagnating,CB1_TRAIN_M_CF2_RI1_TI2_R01:seed817000037:iteration3520
CLEAN_NON_R12_DEVELOPMENT,TRAIN,M,CF2,80-100%,low_action_entropy,CB1_TRAIN_M_CF2_RI1_TI2_R01:seed817000037:iteration3520
CLEAN_NON_R12_DEVELOPMENT,TRAIN,M,CF2,0-20%,plateau_or_stagnating,CB1_TRAIN_M_CF2_RI1_TI3_R02:seed817000038:iteration400
CLEAN_NON_R12_DEVELOPMENT,TRAIN,M,CF2,0-20%,bottleneck_or_critical_transition,CB1_TRAIN_M_CF2_RI1_TI3_R02:seed817000038:iteration400
CLEAN_NON_R12_DEVELOPMENT,TRAIN,M,CF2,0-20%,low_action_entropy,CB1_TRAIN_M_CF2_RI1_TI3_R02:seed817000038:iteration400
CLEAN_NON_R12_DEVELOPMENT,TRAIN,M,CF2,20-40%,plateau_or_stagnating,CB1_TRAIN_M_CF2_RI1_TI3_R02:seed817000038:iteration1200
CLEAN_NON_R12_DEVELOPMENT,TRAIN,M,CF2,20-40%,high_action_entropy,CB1_TRAIN_M_CF2_RI1_TI3_R02:seed817000038:iteration1200
CLEAN_NON_R12_DEVELOPMENT,TRAIN,M,CF2,40-60%,plateau_or_stagnating,CB1_TRAIN_M_CF2_RI1_TI3_R02:seed817000038:iteration1980
CLEAN_NON_R12_DEVELOPMENT,TRAIN,M,CF2,40-60%,high_action_entropy,CB1_TRAIN_M_CF2_RI1_TI3_R02:seed817000038:iteration1980
CLEAN_NON_R12_DEVELOPMENT,TRAIN,M,CF2,60-80%,plateau_or_stagnating,CB1_TRAIN_M_CF2_RI1_TI3_R02:seed817000038:iteration2780
CLEAN_NON_R12_DEVELOPMENT,TRAIN,M,CF2,60-80%,low_action_entropy,CB1_TRAIN_M_CF2_RI1_TI3_R02:seed817000038:iteration2780
CLEAN_NON_R12_DEVELOPMENT,TRAIN,M,CF2,80-100%,plateau_or_stagnating,CB1_TRAIN_M_CF2_RI1_TI3_R02:seed817000038:iteration3580
CLEAN_NON_R12_DEVELOPMENT,TRAIN,M,CF2,80-100%,high_action_entropy,CB1_TRAIN_M_CF2_RI1_TI3_R02:seed817000038:iteration3580
CLEAN_NON_R12_DEVELOPMENT,TRAIN,M,CF2,0-20%,plateau_or_stagnating,CB1_TRAIN_M_CF2_RI2_TI1_R01:seed817000039:iteration420
CLEAN_NON_R12_DEVELOPMENT,TRAIN,M,CF2,0-20%,high_action_entropy,CB1_TRAIN_M_CF2_RI2_TI1_R01:seed817000039:iteration420
CLEAN_NON_R12_DEVELOPMENT,TRAIN,M,CF2,20-40%,plateau_or_stagnating,CB1_TRAIN_M_CF2_RI2_TI1_R01:seed817000039:iteration1240
CLEAN_NON_R12_DEVELOPMENT,TRAIN,M,CF2,20-40%,low_action_entropy,CB1_TRAIN_M_CF2_RI2_TI1_R01:seed817000039:iteration1240
CLEAN_NON_R12_DEVELOPMENT,TRAIN,M,CF2,40-60%,plateau_or_stagnating,CB1_TRAIN_M_CF2_RI2_TI1_R01:seed817000039:iteration2060
CLEAN_NON_R12_DEVELOPMENT,TRAIN,M,CF2,40-60%,high_action_entropy,CB1_TRAIN_M_CF2_RI2_TI1_R01:seed817000039:iteration2060
CLEAN_NON_R12_DEVELOPMENT,TRAIN,M,CF2,60-80%,plateau_or_stagnating,CB1_TRAIN_M_CF2_RI2_TI1_R01:seed817000039:iteration2860
CLEAN_NON_R12_DEVELOPMENT,TRAIN,M,CF2,60-80%,high_action_entropy,CB1_TRAIN_M_CF2_RI2_TI1_R01:seed817000039:iteration2860
CLEAN_NON_R12_DEVELOPMENT,TRAIN,M,CF2,80-100%,plateau_or_stagnating,CB1_TRAIN_M_CF2_RI2_TI1_R01:seed817000039:iteration3680
CLEAN_NON_R12_DEVELOPMENT,TRAIN,M,CF2,80-100%,low_action_entropy,CB1_TRAIN_M_CF2_RI2_TI1_R01:seed817000039:iteration3680
CLEAN_NON_R12_DEVELOPMENT,TRAIN,M,CF2,0-20%,plateau_or_stagnating,CB1_TRAIN_M_CF2_RI2_TI2_R02:seed817000040:iteration420
CLEAN_NON_R12_DEVELOPMENT,TRAIN,M,CF2,0-20%,high_action_entropy,CB1_TRAIN_M_CF2_RI2_TI2_R02:seed817000040:iteration420
CLEAN_NON_R12_DEVELOPMENT,TRAIN,M,CF2,20-40%,plateau_or_stagnating,CB1_TRAIN_M_CF2_RI2_TI2_R02:seed817000040:iteration1260
CLEAN_NON_R12_DEVELOPMENT,TRAIN,M,CF2,20-40%,high_action_entropy,CB1_TRAIN_M_CF2_RI2_TI2_R02:seed817000040:iteration1260
CLEAN_NON_R12_DEVELOPMENT,TRAIN,M,CF2,40-60%,plateau_or_stagnating,CB1_TRAIN_M_CF2_RI2_TI2_R02:seed817000040:iteration2100
CLEAN_NON_R12_DEVELOPMENT,TRAIN,M,CF2,40-60%,low_action_entropy,CB1_TRAIN_M_CF2_RI2_TI2_R02:seed817000040:iteration2100
CLEAN_NON_R12_DEVELOPMENT,TRAIN,M,CF2,60-80%,plateau_or_stagnating,CB1_TRAIN_M_CF2_RI2_TI2_R02:seed817000040:iteration2940
CLEAN_NON_R12_DEVELOPMENT,TRAIN,M,CF2,60-80%,low_action_entropy,CB1_TRAIN_M_CF2_RI2_TI2_R02:seed817000040:iteration2940
CLEAN_NON_R12_DEVELOPMENT,TRAIN,M,CF2,80-100%,plateau_or_stagnating,CB1_TRAIN_M_CF2_RI2_TI2_R02:seed817000040:iteration3760
CLEAN_NON_R12_DEVELOPMENT,TRAIN,M,CF2,80-100%,high_action_entropy,CB1_TRAIN_M_CF2_RI2_TI2_R02:seed817000040:iteration3760
CLEAN_NON_R12_DEVELOPMENT,TRAIN,M,CF2,0-20%,plateau_or_stagnating,CB1_TRAIN_M_CF2_RI2_TI3_R03:seed817000041:iteration400
CLEAN_NON_R12_DEVELOPMENT,TRAIN,M,CF2,0-20%,bottleneck_or_critical_transition,CB1_TRAIN_M_CF2_RI2_TI3_R03:seed817000041:iteration400
CLEAN_NON_R12_DEVELOPMENT,TRAIN,M,CF2,0-20%,high_action_entropy,CB1_TRAIN_M_CF2_RI2_TI3_R03:seed817000041:iteration400
CLEAN_NON_R12_DEVELOPMENT,TRAIN,M,CF2,20-40%,plateau_or_stagnating,CB1_TRAIN_M_CF2_RI2_TI3_R03:seed817000041:iteration1180
CLEAN_NON_R12_DEVELOPMENT,TRAIN,M,CF2,20-40%,low_action_entropy,CB1_TRAIN_M_CF2_RI2_TI3_R03:seed817000041:iteration1180
CLEAN_NON_R12_DEVELOPMENT,TRAIN,M,CF2,40-60%,plateau_or_stagnating,CB1_TRAIN_M_CF2_RI2_TI3_R03:seed817000041:iteration1940
CLEAN_NON_R12_DEVELOPMENT,TRAIN,M,CF2,40-60%,low_action_entropy,CB1_TRAIN_M_CF2_RI2_TI3_R03:seed817000041:iteration1940
CLEAN_NON_R12_DEVELOPMENT,TRAIN,M,CF2,60-80%,plateau_or_stagnating,CB1_TRAIN_M_CF2_RI2_TI3_R03:seed817000041:iteration2720
CLEAN_NON_R12_DEVELOPMENT,TRAIN,M,CF2,60-80%,high_action_entropy,CB1_TRAIN_M_CF2_RI2_TI3_R03:seed817000041:iteration2720
CLEAN_NON_R12_DEVELOPMENT,TRAIN,M,CF2,80-100%,plateau_or_stagnating,CB1_TRAIN_M_CF2_RI2_TI3_R03:seed817000041:iteration3480
CLEAN_NON_R12_DEVELOPMENT,TRAIN,M,CF2,80-100%,high_action_entropy,CB1_TRAIN_M_CF2_RI2_TI3_R03:seed817000041:iteration3480
CLEAN_NON_R12_DEVELOPMENT,TRAIN,M,CF2,0-20%,plateau_or_stagnating,CB1_TRAIN_M_CF2_RI3_TI1_R02:seed817000042:iteration440
CLEAN_NON_R12_DEVELOPMENT,TRAIN,M,CF2,0-20%,low_action_entropy,CB1_TRAIN_M_CF2_RI3_TI1_R02:seed817000042:iteration440
CLEAN_NON_R12_DEVELOPMENT,TRAIN,M,CF2,20-40%,plateau_or_stagnating,CB1_TRAIN_M_CF2_RI3_TI1_R02:seed817000042:iteration1300
CLEAN_NON_R12_DEVELOPMENT,TRAIN,M,CF2,20-40%,low_action_entropy,CB1_TRAIN_M_CF2_RI3_TI1_R02:seed817000042:iteration1300
CLEAN_NON_R12_DEVELOPMENT,TRAIN,M,CF2,40-60%,plateau_or_stagnating,CB1_TRAIN_M_CF2_RI3_TI1_R02:seed817000042:iteration2160
CLEAN_NON_R12_DEVELOPMENT,TRAIN,M,CF2,40-60%,high_action_entropy,CB1_TRAIN_M_CF2_RI3_TI1_R02:seed817000042:iteration2160
CLEAN_NON_R12_DEVELOPMENT,TRAIN,M,CF2,60-80%,plateau_or_stagnating,CB1_TRAIN_M_CF2_RI3_TI1_R02:seed817000042:iteration3020
CLEAN_NON_R12_DEVELOPMENT,TRAIN,M,CF2,60-80%,high_action_entropy,CB1_TRAIN_M_CF2_RI3_TI1_R02:seed817000042:iteration3020
CLEAN_NON_R12_DEVELOPMENT,TRAIN,M,CF2,80-100%,plateau_or_stagnating,CB1_TRAIN_M_CF2_RI3_TI1_R02:seed817000042:iteration3900
CLEAN_NON_R12_DEVELOPMENT,TRAIN,M,CF2,80-100%,high_action_entropy,CB1_TRAIN_M_CF2_RI3_TI1_R02:seed817000042:iteration3900
CLEAN_NON_R12_DEVELOPMENT,TRAIN,M,CF2,0-20%,plateau_or_stagnating,CB1_TRAIN_M_CF2_RI3_TI2_R03:seed817000043:iteration420
CLEAN_NON_R12_DEVELOPMENT,TRAIN,M,CF2,0-20%,bottleneck_or_critical_transition,CB1_TRAIN_M_CF2_RI3_TI2_R03:seed817000043:iteration420
CLEAN_NON_R12_DEVELOPMENT,TRAIN,M,CF2,0-20%,high_action_entropy,CB1_TRAIN_M_CF2_RI3_TI2_R03:seed817000043:iteration420
CLEAN_NON_R12_DEVELOPMENT,TRAIN,M,CF2,20-40%,plateau_or_stagnating,CB1_TRAIN_M_CF2_RI3_TI2_R03:seed817000043:iteration1260
CLEAN_NON_R12_DEVELOPMENT,TRAIN,M,CF2,20-40%,low_action_entropy,CB1_TRAIN_M_CF2_RI3_TI2_R03:seed817000043:iteration1260
CLEAN_NON_R12_DEVELOPMENT,TRAIN,M,CF2,40-60%,plateau_or_stagnating,CB1_TRAIN_M_CF2_RI3_TI2_R03:seed817000043:iteration2080
CLEAN_NON_R12_DEVELOPMENT,TRAIN,M,CF2,40-60%,low_action_entropy,CB1_TRAIN_M_CF2_RI3_TI2_R03:seed817000043:iteration2080
CLEAN_NON_R12_DEVELOPMENT,TRAIN,M,CF2,60-80%,plateau_or_stagnating,CB1_TRAIN_M_CF2_RI3_TI2_R03:seed817000043:iteration2900
CLEAN_NON_R12_DEVELOPMENT,TRAIN,M,CF2,60-80%,high_action_entropy,CB1_TRAIN_M_CF2_RI3_TI2_R03:seed817000043:iteration2900
CLEAN_NON_R12_DEVELOPMENT,TRAIN,M,CF2,80-100%,plateau_or_stagnating,CB1_TRAIN_M_CF2_RI3_TI2_R03:seed817000043:iteration3720
CLEAN_NON_R12_DEVELOPMENT,TRAIN,M,CF2,80-100%,high_action_entropy,CB1_TRAIN_M_CF2_RI3_TI2_R03:seed817000043:iteration3720
CLEAN_NON_R12_DEVELOPMENT,TRAIN,M,CF2,0-20%,plateau_or_stagnating,CB1_TRAIN_M_CF2_RI3_TI3_R01:seed817000044:iteration380
CLEAN_NON_R12_DEVELOPMENT,TRAIN,M,CF2,0-20%,bottleneck_or_critical_transition,CB1_TRAIN_M_CF2_RI3_TI3_R01:seed817000044:iteration380
CLEAN_NON_R12_DEVELOPMENT,TRAIN,M,CF2,0-20%,low_action_entropy,CB1_TRAIN_M_CF2_RI3_TI3_R01:seed817000044:iteration380
CLEAN_NON_R12_DEVELOPMENT,TRAIN,M,CF2,20-40%,plateau_or_stagnating,CB1_TRAIN_M_CF2_RI3_TI3_R01:seed817000044:iteration1140
CLEAN_NON_R12_DEVELOPMENT,TRAIN,M,CF2,20-40%,high_action_entropy,CB1_TRAIN_M_CF2_RI3_TI3_R01:seed817000044:iteration1140
CLEAN_NON_R12_DEVELOPMENT,TRAIN,M,CF2,40-60%,plateau_or_stagnating,CB1_TRAIN_M_CF2_RI3_TI3_R01:seed817000044:iteration1900
CLEAN_NON_R12_DEVELOPMENT,TRAIN,M,CF2,40-60%,high_action_entropy,CB1_TRAIN_M_CF2_RI3_TI3_R01:seed817000044:iteration1900
CLEAN_NON_R12_DEVELOPMENT,TRAIN,M,CF2,60-80%,plateau_or_stagnating,CB1_TRAIN_M_CF2_RI3_TI3_R01:seed817000044:iteration2660
CLEAN_NON_R12_DEVELOPMENT,TRAIN,M,CF2,60-80%,bottleneck_or_critical_transition,CB1_TRAIN_M_CF2_RI3_TI3_R01:seed817000044:iteration2660
CLEAN_NON_R12_DEVELOPMENT,TRAIN,M,CF2,60-80%,low_action_entropy,CB1_TRAIN_M_CF2_RI3_TI3_R01:seed817000044:iteration2660
CLEAN_NON_R12_DEVELOPMENT,TRAIN,M,CF2,80-100%,plateau_or_stagnating,CB1_TRAIN_M_CF2_RI3_TI3_R01:seed817000044:iteration3400
CLEAN_NON_R12_DEVELOPMENT,TRAIN,M,CF2,80-100%,high_action_entropy,CB1_TRAIN_M_CF2_RI3_TI3_R01:seed817000044:iteration3400
CLEAN_NON_R12_DEVELOPMENT,TRAIN,M,CF3,0-20%,plateau_or_stagnating,CB1_TRAIN_M_CF3_RI1_TI1_R01:seed817000045:iteration420
CLEAN_NON_R12_DEVELOPMENT,TRAIN,M,CF3,0-20%,bottleneck_or_critical_transition,CB1_TRAIN_M_CF3_RI1_TI1_R01:seed817000045:iteration420
CLEAN_NON_R12_DEVELOPMENT,TRAIN,M,CF3,0-20%,high_action_entropy,CB1_TRAIN_M_CF3_RI1_TI1_R01:seed817000045:iteration420
CLEAN_NON_R12_DEVELOPMENT,TRAIN,M,CF3,20-40%,plateau_or_stagnating,CB1_TRAIN_M_CF3_RI1_TI1_R01:seed817000045:iteration1220
CLEAN_NON_R12_DEVELOPMENT,TRAIN,M,CF3,20-40%,low_action_entropy,CB1_TRAIN_M_CF3_RI1_TI1_R01:seed817000045:iteration1220
CLEAN_NON_R12_DEVELOPMENT,TRAIN,M,CF3,40-60%,plateau_or_stagnating,CB1_TRAIN_M_CF3_RI1_TI1_R01:seed817000045:iteration2040
CLEAN_NON_R12_DEVELOPMENT,TRAIN,M,CF3,40-60%,low_action_entropy,CB1_TRAIN_M_CF3_RI1_TI1_R01:seed817000045:iteration2040
CLEAN_NON_R12_DEVELOPMENT,TRAIN,M,CF3,60-80%,plateau_or_stagnating,CB1_TRAIN_M_CF3_RI1_TI1_R01:seed817000045:iteration2860
CLEAN_NON_R12_DEVELOPMENT,TRAIN,M,CF3,60-80%,high_action_entropy,CB1_TRAIN_M_CF3_RI1_TI1_R01:seed817000045:iteration2860
CLEAN_NON_R12_DEVELOPMENT,TRAIN,M,CF3,80-100%,improving,CB1_TRAIN_M_CF3_RI1_TI1_R01:seed817000045:iteration3660
CLEAN_NON_R12_DEVELOPMENT,TRAIN,M,CF3,80-100%,immediately_post_improvement,CB1_TRAIN_M_CF3_RI1_TI1_R01:seed817000045:iteration3660
CLEAN_NON_R12_DEVELOPMENT,TRAIN,M,CF3,80-100%,bottleneck_or_critical_transition,CB1_TRAIN_M_CF3_RI1_TI1_R01:seed817000045:iteration3660
CLEAN_NON_R12_DEVELOPMENT,TRAIN,M,CF3,80-100%,high_action_entropy,CB1_TRAIN_M_CF3_RI1_TI1_R01:seed817000045:iteration3660
CLEAN_NON_R12_DEVELOPMENT,TRAIN,M,CF3,0-20%,plateau_or_stagnating,CB1_TRAIN_M_CF3_RI1_TI2_R02:seed817000046:iteration420
CLEAN_NON_R12_DEVELOPMENT,TRAIN,M,CF3,0-20%,bottleneck_or_critical_transition,CB1_TRAIN_M_CF3_RI1_TI2_R02:seed817000046:iteration420
CLEAN_NON_R12_DEVELOPMENT,TRAIN,M,CF3,0-20%,high_action_entropy,CB1_TRAIN_M_CF3_RI1_TI2_R02:seed817000046:iteration420
CLEAN_NON_R12_DEVELOPMENT,TRAIN,M,CF3,20-40%,plateau_or_stagnating,CB1_TRAIN_M_CF3_RI1_TI2_R02:seed817000046:iteration1220
CLEAN_NON_R12_DEVELOPMENT,TRAIN,M,CF3,20-40%,high_action_entropy,CB1_TRAIN_M_CF3_RI1_TI2_R02:seed817000046:iteration1220
CLEAN_NON_R12_DEVELOPMENT,TRAIN,M,CF3,40-60%,plateau_or_stagnating,CB1_TRAIN_M_CF3_RI1_TI2_R02:seed817000046:iteration2040
CLEAN_NON_R12_DEVELOPMENT,TRAIN,M,CF3,40-60%,high_action_entropy,CB1_TRAIN_M_CF3_RI1_TI2_R02:seed817000046:iteration2040
CLEAN_NON_R12_DEVELOPMENT,TRAIN,M,CF3,60-80%,plateau_or_stagnating,CB1_TRAIN_M_CF3_RI1_TI2_R02:seed817000046:iteration2860
CLEAN_NON_R12_DEVELOPMENT,TRAIN,M,CF3,60-80%,low_action_entropy,CB1_TRAIN_M_CF3_RI1_TI2_R02:seed817000046:iteration2860
CLEAN_NON_R12_DEVELOPMENT,TRAIN,M,CF3,80-100%,plateau_or_stagnating,CB1_TRAIN_M_CF3_RI1_TI2_R02:seed817000046:iteration3680
CLEAN_NON_R12_DEVELOPMENT,TRAIN,M,CF3,80-100%,low_action_entropy,CB1_TRAIN_M_CF3_RI1_TI2_R02:seed817000046:iteration3680
CLEAN_NON_R12_DEVELOPMENT,TRAIN,M,CF3,0-20%,improving,CB1_TRAIN_M_CF3_RI1_TI3_R03:seed817000047:iteration380
CLEAN_NON_R12_DEVELOPMENT,TRAIN,M,CF3,0-20%,bottleneck_or_critical_transition,CB1_TRAIN_M_CF3_RI1_TI3_R03:seed817000047:iteration380
CLEAN_NON_R12_DEVELOPMENT,TRAIN,M,CF3,0-20%,high_action_entropy,CB1_TRAIN_M_CF3_RI1_TI3_R03:seed817000047:iteration380
CLEAN_NON_R12_DEVELOPMENT,TRAIN,M,CF3,20-40%,plateau_or_stagnating,CB1_TRAIN_M_CF3_RI1_TI3_R03:seed817000047:iteration1120
CLEAN_NON_R12_DEVELOPMENT,TRAIN,M,CF3,20-40%,low_action_entropy,CB1_TRAIN_M_CF3_RI1_TI3_R03:seed817000047:iteration1120
CLEAN_NON_R12_DEVELOPMENT,TRAIN,M,CF3,40-60%,plateau_or_stagnating,CB1_TRAIN_M_CF3_RI1_TI3_R03:seed817000047:iteration1860
CLEAN_NON_R12_DEVELOPMENT,TRAIN,M,CF3,40-60%,high_action_entropy,CB1_TRAIN_M_CF3_RI1_TI3_R03:seed817000047:iteration1860
CLEAN_NON_R12_DEVELOPMENT,TRAIN,M,CF3,60-80%,plateau_or_stagnating,CB1_TRAIN_M_CF3_RI1_TI3_R03:seed817000047:iteration2580
CLEAN_NON_R12_DEVELOPMENT,TRAIN,M,CF3,60-80%,high_action_entropy,CB1_TRAIN_M_CF3_RI1_TI3_R03:seed817000047:iteration2580
CLEAN_NON_R12_DEVELOPMENT,TRAIN,M,CF3,80-100%,plateau_or_stagnating,CB1_TRAIN_M_CF3_RI1_TI3_R03:seed817000047:iteration3320
CLEAN_NON_R12_DEVELOPMENT,TRAIN,M,CF3,80-100%,low_action_entropy,CB1_TRAIN_M_CF3_RI1_TI3_R03:seed817000047:iteration3320
CLEAN_NON_R12_DEVELOPMENT,TRAIN,M,CF3,0-20%,plateau_or_stagnating,CB1_TRAIN_M_CF3_RI2_TI1_R02:seed817000048:iteration420
CLEAN_NON_R12_DEVELOPMENT,TRAIN,M,CF3,0-20%,bottleneck_or_critical_transition,CB1_TRAIN_M_CF3_RI2_TI1_R02:seed817000048:iteration420
CLEAN_NON_R12_DEVELOPMENT,TRAIN,M,CF3,0-20%,low_action_entropy,CB1_TRAIN_M_CF3_RI2_TI1_R02:seed817000048:iteration420
CLEAN_NON_R12_DEVELOPMENT,TRAIN,M,CF3,20-40%,plateau_or_stagnating,CB1_TRAIN_M_CF3_RI2_TI1_R02:seed817000048:iteration1240
CLEAN_NON_R12_DEVELOPMENT,TRAIN,M,CF3,20-40%,high_action_entropy,CB1_TRAIN_M_CF3_RI2_TI1_R02:seed817000048:iteration1240
CLEAN_NON_R12_DEVELOPMENT,TRAIN,M,CF3,40-60%,plateau_or_stagnating,CB1_TRAIN_M_CF3_RI2_TI1_R02:seed817000048:iteration2040
CLEAN_NON_R12_DEVELOPMENT,TRAIN,M,CF3,40-60%,high_action_entropy,CB1_TRAIN_M_CF3_RI2_TI1_R02:seed817000048:iteration2040
CLEAN_NON_R12_DEVELOPMENT,TRAIN,M,CF3,60-80%,plateau_or_stagnating,CB1_TRAIN_M_CF3_RI2_TI1_R02:seed817000048:iteration2860
CLEAN_NON_R12_DEVELOPMENT,TRAIN,M,CF3,60-80%,low_action_entropy,CB1_TRAIN_M_CF3_RI2_TI1_R02:seed817000048:iteration2860
CLEAN_NON_R12_DEVELOPMENT,TRAIN,M,CF3,80-100%,plateau_or_stagnating,CB1_TRAIN_M_CF3_RI2_TI1_R02:seed817000048:iteration3680
CLEAN_NON_R12_DEVELOPMENT,TRAIN,M,CF3,80-100%,high_action_entropy,CB1_TRAIN_M_CF3_RI2_TI1_R02:seed817000048:iteration3680
CLEAN_NON_R12_DEVELOPMENT,TRAIN,M,CF3,0-20%,plateau_or_stagnating,CB1_TRAIN_M_CF3_RI2_TI2_R03:seed817000049:iteration400
CLEAN_NON_R12_DEVELOPMENT,TRAIN,M,CF3,0-20%,low_action_entropy,CB1_TRAIN_M_CF3_RI2_TI2_R03:seed817000049:iteration400
CLEAN_NON_R12_DEVELOPMENT,TRAIN,M,CF3,20-40%,plateau_or_stagnating,CB1_TRAIN_M_CF3_RI2_TI2_R03:seed817000049:iteration1200
CLEAN_NON_R12_DEVELOPMENT,TRAIN,M,CF3,20-40%,low_action_entropy,CB1_TRAIN_M_CF3_RI2_TI2_R03:seed817000049:iteration1200
CLEAN_NON_R12_DEVELOPMENT,TRAIN,M,CF3,40-60%,plateau_or_stagnating,CB1_TRAIN_M_CF3_RI2_TI2_R03:seed817000049:iteration2000
CLEAN_NON_R12_DEVELOPMENT,TRAIN,M,CF3,40-60%,high_action_entropy,CB1_TRAIN_M_CF3_RI2_TI2_R03:seed817000049:iteration2000
CLEAN_NON_R12_DEVELOPMENT,TRAIN,M,CF3,60-80%,plateau_or_stagnating,CB1_TRAIN_M_CF3_RI2_TI2_R03:seed817000049:iteration2800
CLEAN_NON_R12_DEVELOPMENT,TRAIN,M,CF3,60-80%,high_action_entropy,CB1_TRAIN_M_CF3_RI2_TI2_R03:seed817000049:iteration2800
CLEAN_NON_R12_DEVELOPMENT,TRAIN,M,CF3,80-100%,plateau_or_stagnating,CB1_TRAIN_M_CF3_RI2_TI2_R03:seed817000049:iteration3600
CLEAN_NON_R12_DEVELOPMENT,TRAIN,M,CF3,80-100%,high_action_entropy,CB1_TRAIN_M_CF3_RI2_TI2_R03:seed817000049:iteration3600
CLEAN_NON_R12_DEVELOPMENT,TRAIN,M,CF3,0-20%,plateau_or_stagnating,CB1_TRAIN_M_CF3_RI2_TI3_R01:seed817000050:iteration380
CLEAN_NON_R12_DEVELOPMENT,TRAIN,M,CF3,0-20%,bottleneck_or_critical_transition,CB1_TRAIN_M_CF3_RI2_TI3_R01:seed817000050:iteration380
CLEAN_NON_R12_DEVELOPMENT,TRAIN,M,CF3,0-20%,low_action_entropy,CB1_TRAIN_M_CF3_RI2_TI3_R01:seed817000050:iteration380
CLEAN_NON_R12_DEVELOPMENT,TRAIN,M,CF3,20-40%,plateau_or_stagnating,CB1_TRAIN_M_CF3_RI2_TI3_R01:seed817000050:iteration1140
CLEAN_NON_R12_DEVELOPMENT,TRAIN,M,CF3,20-40%,high_action_entropy,CB1_TRAIN_M_CF3_RI2_TI3_R01:seed817000050:iteration1140
CLEAN_NON_R12_DEVELOPMENT,TRAIN,M,CF3,40-60%,plateau_or_stagnating,CB1_TRAIN_M_CF3_RI2_TI3_R01:seed817000050:iteration1900
CLEAN_NON_R12_DEVELOPMENT,TRAIN,M,CF3,40-60%,high_action_entropy,CB1_TRAIN_M_CF3_RI2_TI3_R01:seed817000050:iteration1900
CLEAN_NON_R12_DEVELOPMENT,TRAIN,M,CF3,60-80%,plateau_or_stagnating,CB1_TRAIN_M_CF3_RI2_TI3_R01:seed817000050:iteration2660
CLEAN_NON_R12_DEVELOPMENT,TRAIN,M,CF3,60-80%,high_action_entropy,CB1_TRAIN_M_CF3_RI2_TI3_R01:seed817000050:iteration2660
CLEAN_NON_R12_DEVELOPMENT,TRAIN,M,CF3,80-100%,plateau_or_stagnating,CB1_TRAIN_M_CF3_RI2_TI3_R01:seed817000050:iteration3420
CLEAN_NON_R12_DEVELOPMENT,TRAIN,M,CF3,80-100%,low_action_entropy,CB1_TRAIN_M_CF3_RI2_TI3_R01:seed817000050:iteration3420
CLEAN_NON_R12_DEVELOPMENT,TRAIN,M,CF3,0-20%,plateau_or_stagnating,CB1_TRAIN_M_CF3_RI3_TI1_R03:seed817000051:iteration420
CLEAN_NON_R12_DEVELOPMENT,TRAIN,M,CF3,0-20%,low_action_entropy,CB1_TRAIN_M_CF3_RI3_TI1_R03:seed817000051:iteration420
CLEAN_NON_R12_DEVELOPMENT,TRAIN,M,CF3,20-40%,plateau_or_stagnating,CB1_TRAIN_M_CF3_RI3_TI1_R03:seed817000051:iteration1260
CLEAN_NON_R12_DEVELOPMENT,TRAIN,M,CF3,20-40%,high_action_entropy,CB1_TRAIN_M_CF3_RI3_TI1_R03:seed817000051:iteration1260
CLEAN_NON_R12_DEVELOPMENT,TRAIN,M,CF3,40-60%,plateau_or_stagnating,CB1_TRAIN_M_CF3_RI3_TI1_R03:seed817000051:iteration2100
CLEAN_NON_R12_DEVELOPMENT,TRAIN,M,CF3,40-60%,low_action_entropy,CB1_TRAIN_M_CF3_RI3_TI1_R03:seed817000051:iteration2100
CLEAN_NON_R12_DEVELOPMENT,TRAIN,M,CF3,60-80%,plateau_or_stagnating,CB1_TRAIN_M_CF3_RI3_TI1_R03:seed817000051:iteration2920
CLEAN_NON_R12_DEVELOPMENT,TRAIN,M,CF3,60-80%,high_action_entropy,CB1_TRAIN_M_CF3_RI3_TI1_R03:seed817000051:iteration2920
CLEAN_NON_R12_DEVELOPMENT,TRAIN,M,CF3,80-100%,plateau_or_stagnating,CB1_TRAIN_M_CF3_RI3_TI1_R03:seed817000051:iteration3760
CLEAN_NON_R12_DEVELOPMENT,TRAIN,M,CF3,80-100%,high_action_entropy,CB1_TRAIN_M_CF3_RI3_TI1_R03:seed817000051:iteration3760
CLEAN_NON_R12_DEVELOPMENT,TRAIN,M,CF3,0-20%,plateau_or_stagnating,CB1_TRAIN_M_CF3_RI3_TI2_R01:seed817000052:iteration420
CLEAN_NON_R12_DEVELOPMENT,TRAIN,M,CF3,0-20%,bottleneck_or_critical_transition,CB1_TRAIN_M_CF3_RI3_TI2_R01:seed817000052:iteration420
CLEAN_NON_R12_DEVELOPMENT,TRAIN,M,CF3,0-20%,high_action_entropy,CB1_TRAIN_M_CF3_RI3_TI2_R01:seed817000052:iteration420
CLEAN_NON_R12_DEVELOPMENT,TRAIN,M,CF3,20-40%,plateau_or_stagnating,CB1_TRAIN_M_CF3_RI3_TI2_R01:seed817000052:iteration1220
CLEAN_NON_R12_DEVELOPMENT,TRAIN,M,CF3,20-40%,high_action_entropy,CB1_TRAIN_M_CF3_RI3_TI2_R01:seed817000052:iteration1220
CLEAN_NON_R12_DEVELOPMENT,TRAIN,M,CF3,40-60%,plateau_or_stagnating,CB1_TRAIN_M_CF3_RI3_TI2_R01:seed817000052:iteration2020
CLEAN_NON_R12_DEVELOPMENT,TRAIN,M,CF3,40-60%,high_action_entropy,CB1_TRAIN_M_CF3_RI3_TI2_R01:seed817000052:iteration2020
CLEAN_NON_R12_DEVELOPMENT,TRAIN,M,CF3,60-80%,plateau_or_stagnating,CB1_TRAIN_M_CF3_RI3_TI2_R01:seed817000052:iteration2820
CLEAN_NON_R12_DEVELOPMENT,TRAIN,M,CF3,60-80%,low_action_entropy,CB1_TRAIN_M_CF3_RI3_TI2_R01:seed817000052:iteration2820
CLEAN_NON_R12_DEVELOPMENT,TRAIN,M,CF3,80-100%,plateau_or_stagnating,CB1_TRAIN_M_CF3_RI3_TI2_R01:seed817000052:iteration3620
CLEAN_NON_R12_DEVELOPMENT,TRAIN,M,CF3,80-100%,low_action_entropy,CB1_TRAIN_M_CF3_RI3_TI2_R01:seed817000052:iteration3620
CLEAN_NON_R12_DEVELOPMENT,TRAIN,M,CF3,0-20%,plateau_or_stagnating,CB1_TRAIN_M_CF3_RI3_TI3_R02:seed817000053:iteration400
CLEAN_NON_R12_DEVELOPMENT,TRAIN,M,CF3,0-20%,bottleneck_or_critical_transition,CB1_TRAIN_M_CF3_RI3_TI3_R02:seed817000053:iteration400
CLEAN_NON_R12_DEVELOPMENT,TRAIN,M,CF3,0-20%,low_action_entropy,CB1_TRAIN_M_CF3_RI3_TI3_R02:seed817000053:iteration400
CLEAN_NON_R12_DEVELOPMENT,TRAIN,M,CF3,20-40%,plateau_or_stagnating,CB1_TRAIN_M_CF3_RI3_TI3_R02:seed817000053:iteration1200
CLEAN_NON_R12_DEVELOPMENT,TRAIN,M,CF3,20-40%,low_action_entropy,CB1_TRAIN_M_CF3_RI3_TI3_R02:seed817000053:iteration1200
CLEAN_NON_R12_DEVELOPMENT,TRAIN,M,CF3,40-60%,plateau_or_stagnating,CB1_TRAIN_M_CF3_RI3_TI3_R02:seed817000053:iteration1980
CLEAN_NON_R12_DEVELOPMENT,TRAIN,M,CF3,40-60%,high_action_entropy,CB1_TRAIN_M_CF3_RI3_TI3_R02:seed817000053:iteration1980
CLEAN_NON_R12_DEVELOPMENT,TRAIN,M,CF3,60-80%,plateau_or_stagnating,CB1_TRAIN_M_CF3_RI3_TI3_R02:seed817000053:iteration2760
CLEAN_NON_R12_DEVELOPMENT,TRAIN,M,CF3,60-80%,bottleneck_or_critical_transition,CB1_TRAIN_M_CF3_RI3_TI3_R02:seed817000053:iteration2760
CLEAN_NON_R12_DEVELOPMENT,TRAIN,M,CF3,60-80%,high_action_entropy,CB1_TRAIN_M_CF3_RI3_TI3_R02:seed817000053:iteration2760
CLEAN_NON_R12_DEVELOPMENT,TRAIN,M,CF3,80-100%,plateau_or_stagnating,CB1_TRAIN_M_CF3_RI3_TI3_R02:seed817000053:iteration3540
CLEAN_NON_R12_DEVELOPMENT,TRAIN,M,CF3,80-100%,high_action_entropy,CB1_TRAIN_M_CF3_RI3_TI3_R02:seed817000053:iteration3540
CLEAN_NON_R12_DEVELOPMENT,TRAIN,S,CF1,0-20%,plateau_or_stagnating,CB1_TRAIN_S_CF1_RI1_TI1_R01:seed817000054:iteration560
CLEAN_NON_R12_DEVELOPMENT,TRAIN,S,CF1,0-20%,high_action_entropy,CB1_TRAIN_S_CF1_RI1_TI1_R01:seed817000054:iteration560
CLEAN_NON_R12_DEVELOPMENT,TRAIN,S,CF1,20-40%,plateau_or_stagnating,CB1_TRAIN_S_CF1_RI1_TI1_R01:seed817000054:iteration1660
CLEAN_NON_R12_DEVELOPMENT,TRAIN,S,CF1,20-40%,high_action_entropy,CB1_TRAIN_S_CF1_RI1_TI1_R01:seed817000054:iteration1660
CLEAN_NON_R12_DEVELOPMENT,TRAIN,S,CF1,40-60%,plateau_or_stagnating,CB1_TRAIN_S_CF1_RI1_TI1_R01:seed817000054:iteration2760
CLEAN_NON_R12_DEVELOPMENT,TRAIN,S,CF1,40-60%,low_action_entropy,CB1_TRAIN_S_CF1_RI1_TI1_R01:seed817000054:iteration2760
CLEAN_NON_R12_DEVELOPMENT,TRAIN,S,CF1,60-80%,plateau_or_stagnating,CB1_TRAIN_S_CF1_RI1_TI1_R01:seed817000054:iteration3840
CLEAN_NON_R12_DEVELOPMENT,TRAIN,S,CF1,60-80%,low_action_entropy,CB1_TRAIN_S_CF1_RI1_TI1_R01:seed817000054:iteration3840
CLEAN_NON_R12_DEVELOPMENT,TRAIN,S,CF1,80-100%,plateau_or_stagnating,CB1_TRAIN_S_CF1_RI1_TI1_R01:seed817000054:iteration4960
CLEAN_NON_R12_DEVELOPMENT,TRAIN,S,CF1,80-100%,high_action_entropy,CB1_TRAIN_S_CF1_RI1_TI1_R01:seed817000054:iteration4960
CLEAN_NON_R12_DEVELOPMENT,TRAIN,S,CF1,0-20%,plateau_or_stagnating,CB1_TRAIN_S_CF1_RI1_TI2_R02:seed817000055:iteration580
CLEAN_NON_R12_DEVELOPMENT,TRAIN,S,CF1,0-20%,low_action_entropy,CB1_TRAIN_S_CF1_RI1_TI2_R02:seed817000055:iteration580
CLEAN_NON_R12_DEVELOPMENT,TRAIN,S,CF1,20-40%,plateau_or_stagnating,CB1_TRAIN_S_CF1_RI1_TI2_R02:seed817000055:iteration1740
CLEAN_NON_R12_DEVELOPMENT,TRAIN,S,CF1,20-40%,low_action_entropy,CB1_TRAIN_S_CF1_RI1_TI2_R02:seed817000055:iteration1740
CLEAN_NON_R12_DEVELOPMENT,TRAIN,S,CF1,40-60%,plateau_or_stagnating,CB1_TRAIN_S_CF1_RI1_TI2_R02:seed817000055:iteration2860
CLEAN_NON_R12_DEVELOPMENT,TRAIN,S,CF1,40-60%,high_action_entropy,CB1_TRAIN_S_CF1_RI1_TI2_R02:seed817000055:iteration2860
CLEAN_NON_R12_DEVELOPMENT,TRAIN,S,CF1,60-80%,plateau_or_stagnating,CB1_TRAIN_S_CF1_RI1_TI2_R02:seed817000055:iteration4020
CLEAN_NON_R12_DEVELOPMENT,TRAIN,S,CF1,60-80%,high_action_entropy,CB1_TRAIN_S_CF1_RI1_TI2_R02:seed817000055:iteration4020
CLEAN_NON_R12_DEVELOPMENT,TRAIN,S,CF1,80-100%,plateau_or_stagnating,CB1_TRAIN_S_CF1_RI1_TI2_R02:seed817000055:iteration5140
CLEAN_NON_R12_DEVELOPMENT,TRAIN,S,CF1,80-100%,bottleneck_or_critical_transition,CB1_TRAIN_S_CF1_RI1_TI2_R02:seed817000055:iteration5140
CLEAN_NON_R12_DEVELOPMENT,TRAIN,S,CF1,80-100%,high_action_entropy,CB1_TRAIN_S_CF1_RI1_TI2_R02:seed817000055:iteration5140
CLEAN_NON_R12_DEVELOPMENT,TRAIN,S,CF1,0-20%,plateau_or_stagnating,CB1_TRAIN_S_CF1_RI1_TI3_R03:seed817000056:iteration600
CLEAN_NON_R12_DEVELOPMENT,TRAIN,S,CF1,0-20%,bottleneck_or_critical_transition,CB1_TRAIN_S_CF1_RI1_TI3_R03:seed817000056:iteration600
CLEAN_NON_R12_DEVELOPMENT,TRAIN,S,CF1,0-20%,high_action_entropy,CB1_TRAIN_S_CF1_RI1_TI3_R03:seed817000056:iteration600
CLEAN_NON_R12_DEVELOPMENT,TRAIN,S,CF1,20-40%,plateau_or_stagnating,CB1_TRAIN_S_CF1_RI1_TI3_R03:seed817000056:iteration1780
CLEAN_NON_R12_DEVELOPMENT,TRAIN,S,CF1,20-40%,low_action_entropy,CB1_TRAIN_S_CF1_RI1_TI3_R03:seed817000056:iteration1780
CLEAN_NON_R12_DEVELOPMENT,TRAIN,S,CF1,40-60%,plateau_or_stagnating,CB1_TRAIN_S_CF1_RI1_TI3_R03:seed817000056:iteration2940
CLEAN_NON_R12_DEVELOPMENT,TRAIN,S,CF1,40-60%,high_action_entropy,CB1_TRAIN_S_CF1_RI1_TI3_R03:seed817000056:iteration2940
CLEAN_NON_R12_DEVELOPMENT,TRAIN,S,CF1,60-80%,plateau_or_stagnating,CB1_TRAIN_S_CF1_RI1_TI3_R03:seed817000056:iteration4100
CLEAN_NON_R12_DEVELOPMENT,TRAIN,S,CF1,60-80%,high_action_entropy,CB1_TRAIN_S_CF1_RI1_TI3_R03:seed817000056:iteration4100
CLEAN_NON_R12_DEVELOPMENT,TRAIN,S,CF1,80-100%,plateau_or_stagnating,CB1_TRAIN_S_CF1_RI1_TI3_R03:seed817000056:iteration5260
CLEAN_NON_R12_DEVELOPMENT,TRAIN,S,CF1,80-100%,low_action_entropy,CB1_TRAIN_S_CF1_RI1_TI3_R03:seed817000056:iteration5260
CLEAN_NON_R12_DEVELOPMENT,TRAIN,S,CF1,0-20%,plateau_or_stagnating,CB1_TRAIN_S_CF1_RI2_TI1_R02:seed817000057:iteration580
CLEAN_NON_R12_DEVELOPMENT,TRAIN,S,CF1,0-20%,bottleneck_or_critical_transition,CB1_TRAIN_S_CF1_RI2_TI1_R02:seed817000057:iteration580
CLEAN_NON_R12_DEVELOPMENT,TRAIN,S,CF1,0-20%,high_action_entropy,CB1_TRAIN_S_CF1_RI2_TI1_R02:seed817000057:iteration580
CLEAN_NON_R12_DEVELOPMENT,TRAIN,S,CF1,20-40%,plateau_or_stagnating,CB1_TRAIN_S_CF1_RI2_TI1_R02:seed817000057:iteration1740
CLEAN_NON_R12_DEVELOPMENT,TRAIN,S,CF1,20-40%,low_action_entropy,CB1_TRAIN_S_CF1_RI2_TI1_R02:seed817000057:iteration1740
CLEAN_NON_R12_DEVELOPMENT,TRAIN,S,CF1,40-60%,plateau_or_stagnating,CB1_TRAIN_S_CF1_RI2_TI1_R02:seed817000057:iteration2880
CLEAN_NON_R12_DEVELOPMENT,TRAIN,S,CF1,40-60%,high_action_entropy,CB1_TRAIN_S_CF1_RI2_TI1_R02:seed817000057:iteration2880
CLEAN_NON_R12_DEVELOPMENT,TRAIN,S,CF1,60-80%,plateau_or_stagnating,CB1_TRAIN_S_CF1_RI2_TI1_R02:seed817000057:iteration4040
CLEAN_NON_R12_DEVELOPMENT,TRAIN,S,CF1,60-80%,low_action_entropy,CB1_TRAIN_S_CF1_RI2_TI1_R02:seed817000057:iteration4040
CLEAN_NON_R12_DEVELOPMENT,TRAIN,S,CF1,80-100%,plateau_or_stagnating,CB1_TRAIN_S_CF1_RI2_TI1_R02:seed817000057:iteration5200
CLEAN_NON_R12_DEVELOPMENT,TRAIN,S,CF1,80-100%,high_action_entropy,CB1_TRAIN_S_CF1_RI2_TI1_R02:seed817000057:iteration5200
CLEAN_NON_R12_DEVELOPMENT,TRAIN,S,CF1,0-20%,plateau_or_stagnating,CB1_TRAIN_S_CF1_RI2_TI2_R03:seed817000058:iteration600
CLEAN_NON_R12_DEVELOPMENT,TRAIN,S,CF1,0-20%,low_action_entropy,CB1_TRAIN_S_CF1_RI2_TI2_R03:seed817000058:iteration600
CLEAN_NON_R12_DEVELOPMENT,TRAIN,S,CF1,20-40%,plateau_or_stagnating,CB1_TRAIN_S_CF1_RI2_TI2_R03:seed817000058:iteration1780
CLEAN_NON_R12_DEVELOPMENT,TRAIN,S,CF1,20-40%,high_action_entropy,CB1_TRAIN_S_CF1_RI2_TI2_R03:seed817000058:iteration1780
CLEAN_NON_R12_DEVELOPMENT,TRAIN,S,CF1,40-60%,plateau_or_stagnating,CB1_TRAIN_S_CF1_RI2_TI2_R03:seed817000058:iteration2940
CLEAN_NON_R12_DEVELOPMENT,TRAIN,S,CF1,40-60%,low_action_entropy,CB1_TRAIN_S_CF1_RI2_TI2_R03:seed817000058:iteration2940
CLEAN_NON_R12_DEVELOPMENT,TRAIN,S,CF1,60-80%,plateau_or_stagnating,CB1_TRAIN_S_CF1_RI2_TI2_R03:seed817000058:iteration4120
CLEAN_NON_R12_DEVELOPMENT,TRAIN,S,CF1,60-80%,high_action_entropy,CB1_TRAIN_S_CF1_RI2_TI2_R03:seed817000058:iteration4120
CLEAN_NON_R12_DEVELOPMENT,TRAIN,S,CF1,80-100%,plateau_or_stagnating,CB1_TRAIN_S_CF1_RI2_TI2_R03:seed817000058:iteration5280
CLEAN_NON_R12_DEVELOPMENT,TRAIN,S,CF1,80-100%,high_action_entropy,CB1_TRAIN_S_CF1_RI2_TI2_R03:seed817000058:iteration5280
CLEAN_NON_R12_DEVELOPMENT,TRAIN,S,CF1,0-20%,plateau_or_stagnating,CB1_TRAIN_S_CF1_RI2_TI3_R01:seed817000059:iteration540
CLEAN_NON_R12_DEVELOPMENT,TRAIN,S,CF1,0-20%,high_action_entropy,CB1_TRAIN_S_CF1_RI2_TI3_R01:seed817000059:iteration540
CLEAN_NON_R12_DEVELOPMENT,TRAIN,S,CF1,20-40%,plateau_or_stagnating,CB1_TRAIN_S_CF1_RI2_TI3_R01:seed817000059:iteration1600
CLEAN_NON_R12_DEVELOPMENT,TRAIN,S,CF1,20-40%,bottleneck_or_critical_transition,CB1_TRAIN_S_CF1_RI2_TI3_R01:seed817000059:iteration1600
CLEAN_NON_R12_DEVELOPMENT,TRAIN,S,CF1,20-40%,low_action_entropy,CB1_TRAIN_S_CF1_RI2_TI3_R01:seed817000059:iteration1600
CLEAN_NON_R12_DEVELOPMENT,TRAIN,S,CF1,40-60%,plateau_or_stagnating,CB1_TRAIN_S_CF1_RI2_TI3_R01:seed817000059:iteration2640
CLEAN_NON_R12_DEVELOPMENT,TRAIN,S,CF1,40-60%,bottleneck_or_critical_transition,CB1_TRAIN_S_CF1_RI2_TI3_R01:seed817000059:iteration2640
CLEAN_NON_R12_DEVELOPMENT,TRAIN,S,CF1,40-60%,high_action_entropy,CB1_TRAIN_S_CF1_RI2_TI3_R01:seed817000059:iteration2640
CLEAN_NON_R12_DEVELOPMENT,TRAIN,S,CF1,60-80%,plateau_or_stagnating,CB1_TRAIN_S_CF1_RI2_TI3_R01:seed817000059:iteration3680
CLEAN_NON_R12_DEVELOPMENT,TRAIN,S,CF1,60-80%,high_action_entropy,CB1_TRAIN_S_CF1_RI2_TI3_R01:seed817000059:iteration3680
CLEAN_NON_R12_DEVELOPMENT,TRAIN,S,CF1,80-100%,plateau_or_stagnating,CB1_TRAIN_S_CF1_RI2_TI3_R01:seed817000059:iteration4720
CLEAN_NON_R12_DEVELOPMENT,TRAIN,S,CF1,80-100%,bottleneck_or_critical_transition,CB1_TRAIN_S_CF1_RI2_TI3_R01:seed817000059:iteration4720
CLEAN_NON_R12_DEVELOPMENT,TRAIN,S,CF1,80-100%,low_action_entropy,CB1_TRAIN_S_CF1_RI2_TI3_R01:seed817000059:iteration4720
CLEAN_NON_R12_DEVELOPMENT,TRAIN,S,CF1,0-20%,plateau_or_stagnating,CB1_TRAIN_S_CF1_RI3_TI1_R03:seed817000060:iteration600
CLEAN_NON_R12_DEVELOPMENT,TRAIN,S,CF1,0-20%,high_action_entropy,CB1_TRAIN_S_CF1_RI3_TI1_R03:seed817000060:iteration600
CLEAN_NON_R12_DEVELOPMENT,TRAIN,S,CF1,20-40%,plateau_or_stagnating,CB1_TRAIN_S_CF1_RI3_TI1_R03:seed817000060:iteration1760
CLEAN_NON_R12_DEVELOPMENT,TRAIN,S,CF1,20-40%,low_action_entropy,CB1_TRAIN_S_CF1_RI3_TI1_R03:seed817000060:iteration1760
CLEAN_NON_R12_DEVELOPMENT,TRAIN,S,CF1,40-60%,plateau_or_stagnating,CB1_TRAIN_S_CF1_RI3_TI1_R03:seed817000060:iteration2940
CLEAN_NON_R12_DEVELOPMENT,TRAIN,S,CF1,40-60%,high_action_entropy,CB1_TRAIN_S_CF1_RI3_TI1_R03:seed817000060:iteration2940
CLEAN_NON_R12_DEVELOPMENT,TRAIN,S,CF1,60-80%,plateau_or_stagnating,CB1_TRAIN_S_CF1_RI3_TI1_R03:seed817000060:iteration4120
CLEAN_NON_R12_DEVELOPMENT,TRAIN,S,CF1,60-80%,low_action_entropy,CB1_TRAIN_S_CF1_RI3_TI1_R03:seed817000060:iteration4120
CLEAN_NON_R12_DEVELOPMENT,TRAIN,S,CF1,80-100%,plateau_or_stagnating,CB1_TRAIN_S_CF1_RI3_TI1_R03:seed817000060:iteration5300
CLEAN_NON_R12_DEVELOPMENT,TRAIN,S,CF1,80-100%,high_action_entropy,CB1_TRAIN_S_CF1_RI3_TI1_R03:seed817000060:iteration5300
CLEAN_NON_R12_DEVELOPMENT,TRAIN,S,CF1,0-20%,plateau_or_stagnating,CB1_TRAIN_S_CF1_RI3_TI2_R01:seed817000061:iteration560
CLEAN_NON_R12_DEVELOPMENT,TRAIN,S,CF1,0-20%,high_action_entropy,CB1_TRAIN_S_CF1_RI3_TI2_R01:seed817000061:iteration560
CLEAN_NON_R12_DEVELOPMENT,TRAIN,S,CF1,20-40%,plateau_or_stagnating,CB1_TRAIN_S_CF1_RI3_TI2_R01:seed817000061:iteration1680
CLEAN_NON_R12_DEVELOPMENT,TRAIN,S,CF1,20-40%,low_action_entropy,CB1_TRAIN_S_CF1_RI3_TI2_R01:seed817000061:iteration1680
CLEAN_NON_R12_DEVELOPMENT,TRAIN,S,CF1,40-60%,plateau_or_stagnating,CB1_TRAIN_S_CF1_RI3_TI2_R01:seed817000061:iteration2780
CLEAN_NON_R12_DEVELOPMENT,TRAIN,S,CF1,40-60%,high_action_entropy,CB1_TRAIN_S_CF1_RI3_TI2_R01:seed817000061:iteration2780
CLEAN_NON_R12_DEVELOPMENT,TRAIN,S,CF1,60-80%,plateau_or_stagnating,CB1_TRAIN_S_CF1_RI3_TI2_R01:seed817000061:iteration3880
CLEAN_NON_R12_DEVELOPMENT,TRAIN,S,CF1,60-80%,low_action_entropy,CB1_TRAIN_S_CF1_RI3_TI2_R01:seed817000061:iteration3880
CLEAN_NON_R12_DEVELOPMENT,TRAIN,S,CF1,80-100%,plateau_or_stagnating,CB1_TRAIN_S_CF1_RI3_TI2_R01:seed817000061:iteration4940
CLEAN_NON_R12_DEVELOPMENT,TRAIN,S,CF1,80-100%,high_action_entropy,CB1_TRAIN_S_CF1_RI3_TI2_R01:seed817000061:iteration4940
CLEAN_NON_R12_DEVELOPMENT,TRAIN,S,CF1,0-20%,plateau_or_stagnating,CB1_TRAIN_S_CF1_RI3_TI3_R02:seed817000062:iteration580
CLEAN_NON_R12_DEVELOPMENT,TRAIN,S,CF1,0-20%,bottleneck_or_critical_transition,CB1_TRAIN_S_CF1_RI3_TI3_R02:seed817000062:iteration580
CLEAN_NON_R12_DEVELOPMENT,TRAIN,S,CF1,0-20%,low_action_entropy,CB1_TRAIN_S_CF1_RI3_TI3_R02:seed817000062:iteration580
CLEAN_NON_R12_DEVELOPMENT,TRAIN,S,CF1,20-40%,plateau_or_stagnating,CB1_TRAIN_S_CF1_RI3_TI3_R02:seed817000062:iteration1700
CLEAN_NON_R12_DEVELOPMENT,TRAIN,S,CF1,20-40%,high_action_entropy,CB1_TRAIN_S_CF1_RI3_TI3_R02:seed817000062:iteration1700
CLEAN_NON_R12_DEVELOPMENT,TRAIN,S,CF1,40-60%,plateau_or_stagnating,CB1_TRAIN_S_CF1_RI3_TI3_R02:seed817000062:iteration2820
CLEAN_NON_R12_DEVELOPMENT,TRAIN,S,CF1,40-60%,high_action_entropy,CB1_TRAIN_S_CF1_RI3_TI3_R02:seed817000062:iteration2820
CLEAN_NON_R12_DEVELOPMENT,TRAIN,S,CF1,60-80%,plateau_or_stagnating,CB1_TRAIN_S_CF1_RI3_TI3_R02:seed817000062:iteration3920
CLEAN_NON_R12_DEVELOPMENT,TRAIN,S,CF1,60-80%,high_action_entropy,CB1_TRAIN_S_CF1_RI3_TI3_R02:seed817000062:iteration3920
CLEAN_NON_R12_DEVELOPMENT,TRAIN,S,CF1,80-100%,plateau_or_stagnating,CB1_TRAIN_S_CF1_RI3_TI3_R02:seed817000062:iteration5040
CLEAN_NON_R12_DEVELOPMENT,TRAIN,S,CF1,80-100%,low_action_entropy,CB1_TRAIN_S_CF1_RI3_TI3_R02:seed817000062:iteration5040
CLEAN_NON_R12_DEVELOPMENT,TRAIN,S,CF2,0-20%,plateau_or_stagnating,CB1_TRAIN_S_CF2_RI1_TI1_R02:seed817000063:iteration560
CLEAN_NON_R12_DEVELOPMENT,TRAIN,S,CF2,0-20%,low_action_entropy,CB1_TRAIN_S_CF2_RI1_TI1_R02:seed817000063:iteration560
CLEAN_NON_R12_DEVELOPMENT,TRAIN,S,CF2,20-40%,plateau_or_stagnating,CB1_TRAIN_S_CF2_RI1_TI1_R02:seed817000063:iteration1680
CLEAN_NON_R12_DEVELOPMENT,TRAIN,S,CF2,20-40%,high_action_entropy,CB1_TRAIN_S_CF2_RI1_TI1_R02:seed817000063:iteration1680
CLEAN_NON_R12_DEVELOPMENT,TRAIN,S,CF2,40-60%,plateau_or_stagnating,CB1_TRAIN_S_CF2_RI1_TI1_R02:seed817000063:iteration2820
CLEAN_NON_R12_DEVELOPMENT,TRAIN,S,CF2,40-60%,high_action_entropy,CB1_TRAIN_S_CF2_RI1_TI1_R02:seed817000063:iteration2820
CLEAN_NON_R12_DEVELOPMENT,TRAIN,S,CF2,60-80%,plateau_or_stagnating,CB1_TRAIN_S_CF2_RI1_TI1_R02:seed817000063:iteration3940
CLEAN_NON_R12_DEVELOPMENT,TRAIN,S,CF2,60-80%,low_action_entropy,CB1_TRAIN_S_CF2_RI1_TI1_R02:seed817000063:iteration3940
CLEAN_NON_R12_DEVELOPMENT,TRAIN,S,CF2,80-100%,plateau_or_stagnating,CB1_TRAIN_S_CF2_RI1_TI1_R02:seed817000063:iteration5060
CLEAN_NON_R12_DEVELOPMENT,TRAIN,S,CF2,80-100%,high_action_entropy,CB1_TRAIN_S_CF2_RI1_TI1_R02:seed817000063:iteration5060
CLEAN_NON_R12_DEVELOPMENT,TRAIN,S,CF2,0-20%,plateau_or_stagnating,CB1_TRAIN_S_CF2_RI1_TI2_R03:seed817000064:iteration580
CLEAN_NON_R12_DEVELOPMENT,TRAIN,S,CF2,0-20%,low_action_entropy,CB1_TRAIN_S_CF2_RI1_TI2_R03:seed817000064:iteration580
CLEAN_NON_R12_DEVELOPMENT,TRAIN,S,CF2,20-40%,plateau_or_stagnating,CB1_TRAIN_S_CF2_RI1_TI2_R03:seed817000064:iteration1740
CLEAN_NON_R12_DEVELOPMENT,TRAIN,S,CF2,20-40%,high_action_entropy,CB1_TRAIN_S_CF2_RI1_TI2_R03:seed817000064:iteration1740
CLEAN_NON_R12_DEVELOPMENT,TRAIN,S,CF2,40-60%,plateau_or_stagnating,CB1_TRAIN_S_CF2_RI1_TI2_R03:seed817000064:iteration2900
CLEAN_NON_R12_DEVELOPMENT,TRAIN,S,CF2,40-60%,low_action_entropy,CB1_TRAIN_S_CF2_RI1_TI2_R03:seed817000064:iteration2900
CLEAN_NON_R12_DEVELOPMENT,TRAIN,S,CF2,60-80%,plateau_or_stagnating,CB1_TRAIN_S_CF2_RI1_TI2_R03:seed817000064:iteration4060
CLEAN_NON_R12_DEVELOPMENT,TRAIN,S,CF2,60-80%,high_action_entropy,CB1_TRAIN_S_CF2_RI1_TI2_R03:seed817000064:iteration4060
CLEAN_NON_R12_DEVELOPMENT,TRAIN,S,CF2,80-100%,plateau_or_stagnating,CB1_TRAIN_S_CF2_RI1_TI2_R03:seed817000064:iteration5200
CLEAN_NON_R12_DEVELOPMENT,TRAIN,S,CF2,80-100%,high_action_entropy,CB1_TRAIN_S_CF2_RI1_TI2_R03:seed817000064:iteration5200
CLEAN_NON_R12_DEVELOPMENT,TRAIN,S,CF2,0-20%,plateau_or_stagnating,CB1_TRAIN_S_CF2_RI1_TI3_R01:seed817000065:iteration540
CLEAN_NON_R12_DEVELOPMENT,TRAIN,S,CF2,0-20%,bottleneck_or_critical_transition,CB1_TRAIN_S_CF2_RI1_TI3_R01:seed817000065:iteration540
CLEAN_NON_R12_DEVELOPMENT,TRAIN,S,CF2,0-20%,high_action_entropy,CB1_TRAIN_S_CF2_RI1_TI3_R01:seed817000065:iteration540
CLEAN_NON_R12_DEVELOPMENT,TRAIN,S,CF2,20-40%,plateau_or_stagnating,CB1_TRAIN_S_CF2_RI1_TI3_R01:seed817000065:iteration1620
CLEAN_NON_R12_DEVELOPMENT,TRAIN,S,CF2,20-40%,high_action_entropy,CB1_TRAIN_S_CF2_RI1_TI3_R01:seed817000065:iteration1620
CLEAN_NON_R12_DEVELOPMENT,TRAIN,S,CF2,40-60%,plateau_or_stagnating,CB1_TRAIN_S_CF2_RI1_TI3_R01:seed817000065:iteration2700
CLEAN_NON_R12_DEVELOPMENT,TRAIN,S,CF2,40-60%,high_action_entropy,CB1_TRAIN_S_CF2_RI1_TI3_R01:seed817000065:iteration2700
CLEAN_NON_R12_DEVELOPMENT,TRAIN,S,CF2,60-80%,plateau_or_stagnating,CB1_TRAIN_S_CF2_RI1_TI3_R01:seed817000065:iteration3760
CLEAN_NON_R12_DEVELOPMENT,TRAIN,S,CF2,60-80%,low_action_entropy,CB1_TRAIN_S_CF2_RI1_TI3_R01:seed817000065:iteration3760
CLEAN_NON_R12_DEVELOPMENT,TRAIN,S,CF2,80-100%,plateau_or_stagnating,CB1_TRAIN_S_CF2_RI1_TI3_R01:seed817000065:iteration4820
CLEAN_NON_R12_DEVELOPMENT,TRAIN,S,CF2,80-100%,low_action_entropy,CB1_TRAIN_S_CF2_RI1_TI3_R01:seed817000065:iteration4820
CLEAN_NON_R12_DEVELOPMENT,TRAIN,S,CF2,0-20%,plateau_or_stagnating,CB1_TRAIN_S_CF2_RI2_TI1_R03:seed817000066:iteration580
CLEAN_NON_R12_DEVELOPMENT,TRAIN,S,CF2,0-20%,high_action_entropy,CB1_TRAIN_S_CF2_RI2_TI1_R03:seed817000066:iteration580
CLEAN_NON_R12_DEVELOPMENT,TRAIN,S,CF2,20-40%,plateau_or_stagnating,CB1_TRAIN_S_CF2_RI2_TI1_R03:seed817000066:iteration1740
CLEAN_NON_R12_DEVELOPMENT,TRAIN,S,CF2,20-40%,high_action_entropy,CB1_TRAIN_S_CF2_RI2_TI1_R03:seed817000066:iteration1740
CLEAN_NON_R12_DEVELOPMENT,TRAIN,S,CF2,40-60%,plateau_or_stagnating,CB1_TRAIN_S_CF2_RI2_TI1_R03:seed817000066:iteration2880
CLEAN_NON_R12_DEVELOPMENT,TRAIN,S,CF2,40-60%,high_action_entropy,CB1_TRAIN_S_CF2_RI2_TI1_R03:seed817000066:iteration2880
CLEAN_NON_R12_DEVELOPMENT,TRAIN,S,CF2,60-80%,plateau_or_stagnating,CB1_TRAIN_S_CF2_RI2_TI1_R03:seed817000066:iteration4040
CLEAN_NON_R12_DEVELOPMENT,TRAIN,S,CF2,60-80%,low_action_entropy,CB1_TRAIN_S_CF2_RI2_TI1_R03:seed817000066:iteration4040
CLEAN_NON_R12_DEVELOPMENT,TRAIN,S,CF2,80-100%,plateau_or_stagnating,CB1_TRAIN_S_CF2_RI2_TI1_R03:seed817000066:iteration5180
CLEAN_NON_R12_DEVELOPMENT,TRAIN,S,CF2,80-100%,low_action_entropy,CB1_TRAIN_S_CF2_RI2_TI1_R03:seed817000066:iteration5180
CLEAN_NON_R12_DEVELOPMENT,TRAIN,S,CF2,0-20%,plateau_or_stagnating,CB1_TRAIN_S_CF2_RI2_TI2_R01:seed817000067:iteration560
CLEAN_NON_R12_DEVELOPMENT,TRAIN,S,CF2,0-20%,high_action_entropy,CB1_TRAIN_S_CF2_RI2_TI2_R01:seed817000067:iteration560
CLEAN_NON_R12_DEVELOPMENT,TRAIN,S,CF2,20-40%,plateau_or_stagnating,CB1_TRAIN_S_CF2_RI2_TI2_R01:seed817000067:iteration1680
CLEAN_NON_R12_DEVELOPMENT,TRAIN,S,CF2,20-40%,low_action_entropy,CB1_TRAIN_S_CF2_RI2_TI2_R01:seed817000067:iteration1680
CLEAN_NON_R12_DEVELOPMENT,TRAIN,S,CF2,40-60%,plateau_or_stagnating,CB1_TRAIN_S_CF2_RI2_TI2_R01:seed817000067:iteration2780
CLEAN_NON_R12_DEVELOPMENT,TRAIN,S,CF2,40-60%,high_action_entropy,CB1_TRAIN_S_CF2_RI2_TI2_R01:seed817000067:iteration2780
CLEAN_NON_R12_DEVELOPMENT,TRAIN,S,CF2,60-80%,plateau_or_stagnating,CB1_TRAIN_S_CF2_RI2_TI2_R01:seed817000067:iteration3880
CLEAN_NON_R12_DEVELOPMENT,TRAIN,S,CF2,60-80%,high_action_entropy,CB1_TRAIN_S_CF2_RI2_TI2_R01:seed817000067:iteration3880
CLEAN_NON_R12_DEVELOPMENT,TRAIN,S,CF2,80-100%,plateau_or_stagnating,CB1_TRAIN_S_CF2_RI2_TI2_R01:seed817000067:iteration4960
CLEAN_NON_R12_DEVELOPMENT,TRAIN,S,CF2,80-100%,low_action_entropy,CB1_TRAIN_S_CF2_RI2_TI2_R01:seed817000067:iteration4960
CLEAN_NON_R12_DEVELOPMENT,TRAIN,S,CF2,0-20%,plateau_or_stagnating,CB1_TRAIN_S_CF2_RI2_TI3_R02:seed817000068:iteration560
CLEAN_NON_R12_DEVELOPMENT,TRAIN,S,CF2,0-20%,high_action_entropy,CB1_TRAIN_S_CF2_RI2_TI3_R02:seed817000068:iteration560
CLEAN_NON_R12_DEVELOPMENT,TRAIN,S,CF2,20-40%,plateau_or_stagnating,CB1_TRAIN_S_CF2_RI2_TI3_R02:seed817000068:iteration1640
CLEAN_NON_R12_DEVELOPMENT,TRAIN,S,CF2,20-40%,low_action_entropy,CB1_TRAIN_S_CF2_RI2_TI3_R02:seed817000068:iteration1640
CLEAN_NON_R12_DEVELOPMENT,TRAIN,S,CF2,40-60%,plateau_or_stagnating,CB1_TRAIN_S_CF2_RI2_TI3_R02:seed817000068:iteration2700
CLEAN_NON_R12_DEVELOPMENT,TRAIN,S,CF2,40-60%,low_action_entropy,CB1_TRAIN_S_CF2_RI2_TI3_R02:seed817000068:iteration2700
CLEAN_NON_R12_DEVELOPMENT,TRAIN,S,CF2,60-80%,plateau_or_stagnating,CB1_TRAIN_S_CF2_RI2_TI3_R02:seed817000068:iteration3780
CLEAN_NON_R12_DEVELOPMENT,TRAIN,S,CF2,60-80%,high_action_entropy,CB1_TRAIN_S_CF2_RI2_TI3_R02:seed817000068:iteration3780
CLEAN_NON_R12_DEVELOPMENT,TRAIN,S,CF2,80-100%,plateau_or_stagnating,CB1_TRAIN_S_CF2_RI2_TI3_R02:seed817000068:iteration4840
CLEAN_NON_R12_DEVELOPMENT,TRAIN,S,CF2,80-100%,high_action_entropy,CB1_TRAIN_S_CF2_RI2_TI3_R02:seed817000068:iteration4840
CLEAN_NON_R12_DEVELOPMENT,TRAIN,S,CF2,0-20%,plateau_or_stagnating,CB1_TRAIN_S_CF2_RI3_TI1_R01:seed817000069:iteration560
CLEAN_NON_R12_DEVELOPMENT,TRAIN,S,CF2,0-20%,low_action_entropy,CB1_TRAIN_S_CF2_RI3_TI1_R01:seed817000069:iteration560
CLEAN_NON_R12_DEVELOPMENT,TRAIN,S,CF2,20-40%,plateau_or_stagnating,CB1_TRAIN_S_CF2_RI3_TI1_R01:seed817000069:iteration1700
CLEAN_NON_R12_DEVELOPMENT,TRAIN,S,CF2,20-40%,low_action_entropy,CB1_TRAIN_S_CF2_RI3_TI1_R01:seed817000069:iteration1700
CLEAN_NON_R12_DEVELOPMENT,TRAIN,S,CF2,40-60%,plateau_or_stagnating,CB1_TRAIN_S_CF2_RI3_TI1_R01:seed817000069:iteration2840
CLEAN_NON_R12_DEVELOPMENT,TRAIN,S,CF2,40-60%,high_action_entropy,CB1_TRAIN_S_CF2_RI3_TI1_R01:seed817000069:iteration2840
CLEAN_NON_R12_DEVELOPMENT,TRAIN,S,CF2,60-80%,plateau_or_stagnating,CB1_TRAIN_S_CF2_RI3_TI1_R01:seed817000069:iteration3960
CLEAN_NON_R12_DEVELOPMENT,TRAIN,S,CF2,60-80%,high_action_entropy,CB1_TRAIN_S_CF2_RI3_TI1_R01:seed817000069:iteration3960
CLEAN_NON_R12_DEVELOPMENT,TRAIN,S,CF2,80-100%,plateau_or_stagnating,CB1_TRAIN_S_CF2_RI3_TI1_R01:seed817000069:iteration5080
CLEAN_NON_R12_DEVELOPMENT,TRAIN,S,CF2,80-100%,high_action_entropy,CB1_TRAIN_S_CF2_RI3_TI1_R01:seed817000069:iteration5080
CLEAN_NON_R12_DEVELOPMENT,TRAIN,S,CF2,0-20%,plateau_or_stagnating,CB1_TRAIN_S_CF2_RI3_TI2_R02:seed817000070:iteration560
CLEAN_NON_R12_DEVELOPMENT,TRAIN,S,CF2,0-20%,high_action_entropy,CB1_TRAIN_S_CF2_RI3_TI2_R02:seed817000070:iteration560
CLEAN_NON_R12_DEVELOPMENT,TRAIN,S,CF2,20-40%,plateau_or_stagnating,CB1_TRAIN_S_CF2_RI3_TI2_R02:seed817000070:iteration1680
CLEAN_NON_R12_DEVELOPMENT,TRAIN,S,CF2,20-40%,low_action_entropy,CB1_TRAIN_S_CF2_RI3_TI2_R02:seed817000070:iteration1680
CLEAN_NON_R12_DEVELOPMENT,TRAIN,S,CF2,40-60%,plateau_or_stagnating,CB1_TRAIN_S_CF2_RI3_TI2_R02:seed817000070:iteration2800
CLEAN_NON_R12_DEVELOPMENT,TRAIN,S,CF2,40-60%,high_action_entropy,CB1_TRAIN_S_CF2_RI3_TI2_R02:seed817000070:iteration2800
CLEAN_NON_R12_DEVELOPMENT,TRAIN,S,CF2,60-80%,plateau_or_stagnating,CB1_TRAIN_S_CF2_RI3_TI2_R02:seed817000070:iteration3940
CLEAN_NON_R12_DEVELOPMENT,TRAIN,S,CF2,60-80%,low_action_entropy,CB1_TRAIN_S_CF2_RI3_TI2_R02:seed817000070:iteration3940
CLEAN_NON_R12_DEVELOPMENT,TRAIN,S,CF2,80-100%,plateau_or_stagnating,CB1_TRAIN_S_CF2_RI3_TI2_R02:seed817000070:iteration5080
CLEAN_NON_R12_DEVELOPMENT,TRAIN,S,CF2,80-100%,high_action_entropy,CB1_TRAIN_S_CF2_RI3_TI2_R02:seed817000070:iteration5080
CLEAN_NON_R12_DEVELOPMENT,TRAIN,S,CF2,0-20%,plateau_or_stagnating,CB1_TRAIN_S_CF2_RI3_TI3_R03:seed817000071:iteration560
CLEAN_NON_R12_DEVELOPMENT,TRAIN,S,CF2,0-20%,high_action_entropy,CB1_TRAIN_S_CF2_RI3_TI3_R03:seed817000071:iteration560
CLEAN_NON_R12_DEVELOPMENT,TRAIN,S,CF2,20-40%,plateau_or_stagnating,CB1_TRAIN_S_CF2_RI3_TI3_R03:seed817000071:iteration1700
CLEAN_NON_R12_DEVELOPMENT,TRAIN,S,CF2,20-40%,low_action_entropy,CB1_TRAIN_S_CF2_RI3_TI3_R03:seed817000071:iteration1700
CLEAN_NON_R12_DEVELOPMENT,TRAIN,S,CF2,40-60%,plateau_or_stagnating,CB1_TRAIN_S_CF2_RI3_TI3_R03:seed817000071:iteration2800
CLEAN_NON_R12_DEVELOPMENT,TRAIN,S,CF2,40-60%,high_action_entropy,CB1_TRAIN_S_CF2_RI3_TI3_R03:seed817000071:iteration2800
CLEAN_NON_R12_DEVELOPMENT,TRAIN,S,CF2,60-80%,plateau_or_stagnating,CB1_TRAIN_S_CF2_RI3_TI3_R03:seed817000071:iteration3920
CLEAN_NON_R12_DEVELOPMENT,TRAIN,S,CF2,60-80%,low_action_entropy,CB1_TRAIN_S_CF2_RI3_TI3_R03:seed817000071:iteration3920
CLEAN_NON_R12_DEVELOPMENT,TRAIN,S,CF2,80-100%,plateau_or_stagnating,CB1_TRAIN_S_CF2_RI3_TI3_R03:seed817000071:iteration5040
CLEAN_NON_R12_DEVELOPMENT,TRAIN,S,CF2,80-100%,high_action_entropy,CB1_TRAIN_S_CF2_RI3_TI3_R03:seed817000071:iteration5040
CLEAN_NON_R12_DEVELOPMENT,TRAIN,S,CF3,0-20%,plateau_or_stagnating,CB1_TRAIN_S_CF3_RI1_TI1_R03:seed817000072:iteration560
CLEAN_NON_R12_DEVELOPMENT,TRAIN,S,CF3,0-20%,bottleneck_or_critical_transition,CB1_TRAIN_S_CF3_RI1_TI1_R03:seed817000072:iteration560
CLEAN_NON_R12_DEVELOPMENT,TRAIN,S,CF3,0-20%,high_action_entropy,CB1_TRAIN_S_CF3_RI1_TI1_R03:seed817000072:iteration560
CLEAN_NON_R12_DEVELOPMENT,TRAIN,S,CF3,20-40%,plateau_or_stagnating,CB1_TRAIN_S_CF3_RI1_TI1_R03:seed817000072:iteration1680
CLEAN_NON_R12_DEVELOPMENT,TRAIN,S,CF3,20-40%,low_action_entropy,CB1_TRAIN_S_CF3_RI1_TI1_R03:seed817000072:iteration1680
CLEAN_NON_R12_DEVELOPMENT,TRAIN,S,CF3,40-60%,plateau_or_stagnating,CB1_TRAIN_S_CF3_RI1_TI1_R03:seed817000072:iteration2820
CLEAN_NON_R12_DEVELOPMENT,TRAIN,S,CF3,40-60%,low_action_entropy,CB1_TRAIN_S_CF3_RI1_TI1_R03:seed817000072:iteration2820
CLEAN_NON_R12_DEVELOPMENT,TRAIN,S,CF3,60-80%,plateau_or_stagnating,CB1_TRAIN_S_CF3_RI1_TI1_R03:seed817000072:iteration3940
CLEAN_NON_R12_DEVELOPMENT,TRAIN,S,CF3,60-80%,high_action_entropy,CB1_TRAIN_S_CF3_RI1_TI1_R03:seed817000072:iteration3940
CLEAN_NON_R12_DEVELOPMENT,TRAIN,S,CF3,80-100%,plateau_or_stagnating,CB1_TRAIN_S_CF3_RI1_TI1_R03:seed817000072:iteration5080
CLEAN_NON_R12_DEVELOPMENT,TRAIN,S,CF3,80-100%,high_action_entropy,CB1_TRAIN_S_CF3_RI1_TI1_R03:seed817000072:iteration5080
CLEAN_NON_R12_DEVELOPMENT,TRAIN,S,CF3,0-20%,plateau_or_stagnating,CB1_TRAIN_S_CF3_RI1_TI2_R01:seed817000073:iteration560
CLEAN_NON_R12_DEVELOPMENT,TRAIN,S,CF3,0-20%,high_action_entropy,CB1_TRAIN_S_CF3_RI1_TI2_R01:seed817000073:iteration560
CLEAN_NON_R12_DEVELOPMENT,TRAIN,S,CF3,20-40%,plateau_or_stagnating,CB1_TRAIN_S_CF3_RI1_TI2_R01:seed817000073:iteration1660
CLEAN_NON_R12_DEVELOPMENT,TRAIN,S,CF3,20-40%,high_action_entropy,CB1_TRAIN_S_CF3_RI1_TI2_R01:seed817000073:iteration1660
CLEAN_NON_R12_DEVELOPMENT,TRAIN,S,CF3,40-60%,plateau_or_stagnating,CB1_TRAIN_S_CF3_RI1_TI2_R01:seed817000073:iteration2780
CLEAN_NON_R12_DEVELOPMENT,TRAIN,S,CF3,40-60%,high_action_entropy,CB1_TRAIN_S_CF3_RI1_TI2_R01:seed817000073:iteration2780
CLEAN_NON_R12_DEVELOPMENT,TRAIN,S,CF3,60-80%,plateau_or_stagnating,CB1_TRAIN_S_CF3_RI1_TI2_R01:seed817000073:iteration3900
CLEAN_NON_R12_DEVELOPMENT,TRAIN,S,CF3,60-80%,low_action_entropy,CB1_TRAIN_S_CF3_RI1_TI2_R01:seed817000073:iteration3900
CLEAN_NON_R12_DEVELOPMENT,TRAIN,S,CF3,80-100%,plateau_or_stagnating,CB1_TRAIN_S_CF3_RI1_TI2_R01:seed817000073:iteration5000
CLEAN_NON_R12_DEVELOPMENT,TRAIN,S,CF3,80-100%,low_action_entropy,CB1_TRAIN_S_CF3_RI1_TI2_R01:seed817000073:iteration5000
CLEAN_NON_R12_DEVELOPMENT,TRAIN,S,CF3,0-20%,plateau_or_stagnating,CB1_TRAIN_S_CF3_RI1_TI3_R02:seed817000074:iteration520
CLEAN_NON_R12_DEVELOPMENT,TRAIN,S,CF3,0-20%,high_action_entropy,CB1_TRAIN_S_CF3_RI1_TI3_R02:seed817000074:iteration520
CLEAN_NON_R12_DEVELOPMENT,TRAIN,S,CF3,20-40%,plateau_or_stagnating,CB1_TRAIN_S_CF3_RI1_TI3_R02:seed817000074:iteration1540
CLEAN_NON_R12_DEVELOPMENT,TRAIN,S,CF3,20-40%,low_action_entropy,CB1_TRAIN_S_CF3_RI1_TI3_R02:seed817000074:iteration1540
CLEAN_NON_R12_DEVELOPMENT,TRAIN,S,CF3,40-60%,plateau_or_stagnating,CB1_TRAIN_S_CF3_RI1_TI3_R02:seed817000074:iteration2540
CLEAN_NON_R12_DEVELOPMENT,TRAIN,S,CF3,40-60%,high_action_entropy,CB1_TRAIN_S_CF3_RI1_TI3_R02:seed817000074:iteration2540
CLEAN_NON_R12_DEVELOPMENT,TRAIN,S,CF3,60-80%,plateau_or_stagnating,CB1_TRAIN_S_CF3_RI1_TI3_R02:seed817000074:iteration3560
CLEAN_NON_R12_DEVELOPMENT,TRAIN,S,CF3,60-80%,high_action_entropy,CB1_TRAIN_S_CF3_RI1_TI3_R02:seed817000074:iteration3560
CLEAN_NON_R12_DEVELOPMENT,TRAIN,S,CF3,80-100%,plateau_or_stagnating,CB1_TRAIN_S_CF3_RI1_TI3_R02:seed817000074:iteration4560
CLEAN_NON_R12_DEVELOPMENT,TRAIN,S,CF3,80-100%,low_action_entropy,CB1_TRAIN_S_CF3_RI1_TI3_R02:seed817000074:iteration4560
CLEAN_NON_R12_DEVELOPMENT,TRAIN,S,CF3,0-20%,plateau_or_stagnating,CB1_TRAIN_S_CF3_RI2_TI1_R01:seed817000075:iteration580
CLEAN_NON_R12_DEVELOPMENT,TRAIN,S,CF3,0-20%,bottleneck_or_critical_transition,CB1_TRAIN_S_CF3_RI2_TI1_R01:seed817000075:iteration580
CLEAN_NON_R12_DEVELOPMENT,TRAIN,S,CF3,0-20%,low_action_entropy,CB1_TRAIN_S_CF3_RI2_TI1_R01:seed817000075:iteration580
CLEAN_NON_R12_DEVELOPMENT,TRAIN,S,CF3,20-40%,plateau_or_stagnating,CB1_TRAIN_S_CF3_RI2_TI1_R01:seed817000075:iteration1720
CLEAN_NON_R12_DEVELOPMENT,TRAIN,S,CF3,20-40%,high_action_entropy,CB1_TRAIN_S_CF3_RI2_TI1_R01:seed817000075:iteration1720
CLEAN_NON_R12_DEVELOPMENT,TRAIN,S,CF3,40-60%,plateau_or_stagnating,CB1_TRAIN_S_CF3_RI2_TI1_R01:seed817000075:iteration2860
CLEAN_NON_R12_DEVELOPMENT,TRAIN,S,CF3,40-60%,high_action_entropy,CB1_TRAIN_S_CF3_RI2_TI1_R01:seed817000075:iteration2860
CLEAN_NON_R12_DEVELOPMENT,TRAIN,S,CF3,60-80%,plateau_or_stagnating,CB1_TRAIN_S_CF3_RI2_TI1_R01:seed817000075:iteration4000
CLEAN_NON_R12_DEVELOPMENT,TRAIN,S,CF3,60-80%,low_action_entropy,CB1_TRAIN_S_CF3_RI2_TI1_R01:seed817000075:iteration4000
CLEAN_NON_R12_DEVELOPMENT,TRAIN,S,CF3,80-100%,plateau_or_stagnating,CB1_TRAIN_S_CF3_RI2_TI1_R01:seed817000075:iteration5140
CLEAN_NON_R12_DEVELOPMENT,TRAIN,S,CF3,80-100%,high_action_entropy,CB1_TRAIN_S_CF3_RI2_TI1_R01:seed817000075:iteration5140
CLEAN_NON_R12_DEVELOPMENT,TRAIN,S,CF3,0-20%,plateau_or_stagnating,CB1_TRAIN_S_CF3_RI2_TI2_R02:seed817000076:iteration540
CLEAN_NON_R12_DEVELOPMENT,TRAIN,S,CF3,0-20%,low_action_entropy,CB1_TRAIN_S_CF3_RI2_TI2_R02:seed817000076:iteration540
CLEAN_NON_R12_DEVELOPMENT,TRAIN,S,CF3,20-40%,plateau_or_stagnating,CB1_TRAIN_S_CF3_RI2_TI2_R02:seed817000076:iteration1640
CLEAN_NON_R12_DEVELOPMENT,TRAIN,S,CF3,20-40%,low_action_entropy,CB1_TRAIN_S_CF3_RI2_TI2_R02:seed817000076:iteration1640
CLEAN_NON_R12_DEVELOPMENT,TRAIN,S,CF3,40-60%,plateau_or_stagnating,CB1_TRAIN_S_CF3_RI2_TI2_R02:seed817000076:iteration2740
CLEAN_NON_R12_DEVELOPMENT,TRAIN,S,CF3,40-60%,high_action_entropy,CB1_TRAIN_S_CF3_RI2_TI2_R02:seed817000076:iteration2740
CLEAN_NON_R12_DEVELOPMENT,TRAIN,S,CF3,60-80%,plateau_or_stagnating,CB1_TRAIN_S_CF3_RI2_TI2_R02:seed817000076:iteration3820
CLEAN_NON_R12_DEVELOPMENT,TRAIN,S,CF3,60-80%,high_action_entropy,CB1_TRAIN_S_CF3_RI2_TI2_R02:seed817000076:iteration3820
CLEAN_NON_R12_DEVELOPMENT,TRAIN,S,CF3,80-100%,plateau_or_stagnating,CB1_TRAIN_S_CF3_RI2_TI2_R02:seed817000076:iteration4900
CLEAN_NON_R12_DEVELOPMENT,TRAIN,S,CF3,80-100%,high_action_entropy,CB1_TRAIN_S_CF3_RI2_TI2_R02:seed817000076:iteration4900
CLEAN_NON_R12_DEVELOPMENT,TRAIN,S,CF3,0-20%,plateau_or_stagnating,CB1_TRAIN_S_CF3_RI2_TI3_R03:seed817000077:iteration540
CLEAN_NON_R12_DEVELOPMENT,TRAIN,S,CF3,0-20%,bottleneck_or_critical_transition,CB1_TRAIN_S_CF3_RI2_TI3_R03:seed817000077:iteration540
CLEAN_NON_R12_DEVELOPMENT,TRAIN,S,CF3,0-20%,high_action_entropy,CB1_TRAIN_S_CF3_RI2_TI3_R03:seed817000077:iteration540
CLEAN_NON_R12_DEVELOPMENT,TRAIN,S,CF3,20-40%,plateau_or_stagnating,CB1_TRAIN_S_CF3_RI2_TI3_R03:seed817000077:iteration1620
CLEAN_NON_R12_DEVELOPMENT,TRAIN,S,CF3,20-40%,low_action_entropy,CB1_TRAIN_S_CF3_RI2_TI3_R03:seed817000077:iteration1620
CLEAN_NON_R12_DEVELOPMENT,TRAIN,S,CF3,40-60%,plateau_or_stagnating,CB1_TRAIN_S_CF3_RI2_TI3_R03:seed817000077:iteration2680
CLEAN_NON_R12_DEVELOPMENT,TRAIN,S,CF3,40-60%,bottleneck_or_critical_transition,CB1_TRAIN_S_CF3_RI2_TI3_R03:seed817000077:iteration2680
CLEAN_NON_R12_DEVELOPMENT,TRAIN,S,CF3,40-60%,high_action_entropy,CB1_TRAIN_S_CF3_RI2_TI3_R03:seed817000077:iteration2680
CLEAN_NON_R12_DEVELOPMENT,TRAIN,S,CF3,60-80%,plateau_or_stagnating,CB1_TRAIN_S_CF3_RI2_TI3_R03:seed817000077:iteration3720
CLEAN_NON_R12_DEVELOPMENT,TRAIN,S,CF3,60-80%,low_action_entropy,CB1_TRAIN_S_CF3_RI2_TI3_R03:seed817000077:iteration3720
CLEAN_NON_R12_DEVELOPMENT,TRAIN,S,CF3,80-100%,plateau_or_stagnating,CB1_TRAIN_S_CF3_RI2_TI3_R03:seed817000077:iteration4780
CLEAN_NON_R12_DEVELOPMENT,TRAIN,S,CF3,80-100%,high_action_entropy,CB1_TRAIN_S_CF3_RI2_TI3_R03:seed817000077:iteration4780
CLEAN_NON_R12_DEVELOPMENT,TRAIN,S,CF3,0-20%,plateau_or_stagnating,CB1_TRAIN_S_CF3_RI3_TI1_R02:seed817000078:iteration560
CLEAN_NON_R12_DEVELOPMENT,TRAIN,S,CF3,0-20%,high_action_entropy,CB1_TRAIN_S_CF3_RI3_TI1_R02:seed817000078:iteration560
CLEAN_NON_R12_DEVELOPMENT,TRAIN,S,CF3,20-40%,plateau_or_stagnating,CB1_TRAIN_S_CF3_RI3_TI1_R02:seed817000078:iteration1700
CLEAN_NON_R12_DEVELOPMENT,TRAIN,S,CF3,20-40%,high_action_entropy,CB1_TRAIN_S_CF3_RI3_TI1_R02:seed817000078:iteration1700
CLEAN_NON_R12_DEVELOPMENT,TRAIN,S,CF3,40-60%,plateau_or_stagnating,CB1_TRAIN_S_CF3_RI3_TI1_R02:seed817000078:iteration2820
CLEAN_NON_R12_DEVELOPMENT,TRAIN,S,CF3,40-60%,low_action_entropy,CB1_TRAIN_S_CF3_RI3_TI1_R02:seed817000078:iteration2820
CLEAN_NON_R12_DEVELOPMENT,TRAIN,S,CF3,60-80%,plateau_or_stagnating,CB1_TRAIN_S_CF3_RI3_TI1_R02:seed817000078:iteration3940
CLEAN_NON_R12_DEVELOPMENT,TRAIN,S,CF3,60-80%,low_action_entropy,CB1_TRAIN_S_CF3_RI3_TI1_R02:seed817000078:iteration3940
CLEAN_NON_R12_DEVELOPMENT,TRAIN,S,CF3,80-100%,plateau_or_stagnating,CB1_TRAIN_S_CF3_RI3_TI1_R02:seed817000078:iteration5060
CLEAN_NON_R12_DEVELOPMENT,TRAIN,S,CF3,80-100%,high_action_entropy,CB1_TRAIN_S_CF3_RI3_TI1_R02:seed817000078:iteration5060
CLEAN_NON_R12_DEVELOPMENT,TRAIN,S,CF3,0-20%,plateau_or_stagnating,CB1_TRAIN_S_CF3_RI3_TI2_R03:seed817000079:iteration560
CLEAN_NON_R12_DEVELOPMENT,TRAIN,S,CF3,0-20%,bottleneck_or_critical_transition,CB1_TRAIN_S_CF3_RI3_TI2_R03:seed817000079:iteration560
CLEAN_NON_R12_DEVELOPMENT,TRAIN,S,CF3,0-20%,high_action_entropy,CB1_TRAIN_S_CF3_RI3_TI2_R03:seed817000079:iteration560
CLEAN_NON_R12_DEVELOPMENT,TRAIN,S,CF3,20-40%,plateau_or_stagnating,CB1_TRAIN_S_CF3_RI3_TI2_R03:seed817000079:iteration1640
CLEAN_NON_R12_DEVELOPMENT,TRAIN,S,CF3,20-40%,low_action_entropy,CB1_TRAIN_S_CF3_RI3_TI2_R03:seed817000079:iteration1640
CLEAN_NON_R12_DEVELOPMENT,TRAIN,S,CF3,40-60%,plateau_or_stagnating,CB1_TRAIN_S_CF3_RI3_TI2_R03:seed817000079:iteration2740
CLEAN_NON_R12_DEVELOPMENT,TRAIN,S,CF3,40-60%,high_action_entropy,CB1_TRAIN_S_CF3_RI3_TI2_R03:seed817000079:iteration2740
CLEAN_NON_R12_DEVELOPMENT,TRAIN,S,CF3,60-80%,plateau_or_stagnating,CB1_TRAIN_S_CF3_RI3_TI2_R03:seed817000079:iteration3820
CLEAN_NON_R12_DEVELOPMENT,TRAIN,S,CF3,60-80%,low_action_entropy,CB1_TRAIN_S_CF3_RI3_TI2_R03:seed817000079:iteration3820
CLEAN_NON_R12_DEVELOPMENT,TRAIN,S,CF3,80-100%,plateau_or_stagnating,CB1_TRAIN_S_CF3_RI3_TI2_R03:seed817000079:iteration4900
CLEAN_NON_R12_DEVELOPMENT,TRAIN,S,CF3,80-100%,high_action_entropy,CB1_TRAIN_S_CF3_RI3_TI2_R03:seed817000079:iteration4900
CLEAN_NON_R12_DEVELOPMENT,TRAIN,S,CF3,0-20%,plateau_or_stagnating,CB1_TRAIN_S_CF3_RI3_TI3_R01:seed817000080:iteration540
CLEAN_NON_R12_DEVELOPMENT,TRAIN,S,CF3,0-20%,low_action_entropy,CB1_TRAIN_S_CF3_RI3_TI3_R01:seed817000080:iteration540
CLEAN_NON_R12_DEVELOPMENT,TRAIN,S,CF3,20-40%,plateau_or_stagnating,CB1_TRAIN_S_CF3_RI3_TI3_R01:seed817000080:iteration1640
CLEAN_NON_R12_DEVELOPMENT,TRAIN,S,CF3,20-40%,high_action_entropy,CB1_TRAIN_S_CF3_RI3_TI3_R01:seed817000080:iteration1640
CLEAN_NON_R12_DEVELOPMENT,TRAIN,S,CF3,40-60%,plateau_or_stagnating,CB1_TRAIN_S_CF3_RI3_TI3_R01:seed817000080:iteration2720
CLEAN_NON_R12_DEVELOPMENT,TRAIN,S,CF3,40-60%,high_action_entropy,CB1_TRAIN_S_CF3_RI3_TI3_R01:seed817000080:iteration2720
CLEAN_NON_R12_DEVELOPMENT,TRAIN,S,CF3,60-80%,plateau_or_stagnating,CB1_TRAIN_S_CF3_RI3_TI3_R01:seed817000080:iteration3800
CLEAN_NON_R12_DEVELOPMENT,TRAIN,S,CF3,60-80%,low_action_entropy,CB1_TRAIN_S_CF3_RI3_TI3_R01:seed817000080:iteration3800
CLEAN_NON_R12_DEVELOPMENT,TRAIN,S,CF3,80-100%,improving,CB1_TRAIN_S_CF3_RI3_TI3_R01:seed817000080:iteration4880
CLEAN_NON_R12_DEVELOPMENT,TRAIN,S,CF3,80-100%,bottleneck_or_critical_transition,CB1_TRAIN_S_CF3_RI3_TI3_R01:seed817000080:iteration4880
CLEAN_NON_R12_DEVELOPMENT,TRAIN,S,CF3,80-100%,high_action_entropy,CB1_TRAIN_S_CF3_RI3_TI3_R01:seed817000080:iteration4880
CLEAN_NON_R12_DEVELOPMENT,VALIDATION,L,CF1,0-20%,improving,CB1_TRAIN_L_CF1_RI1_TI3_R04:seed817000081:iteration340
CLEAN_NON_R12_DEVELOPMENT,VALIDATION,L,CF1,0-20%,immediately_post_improvement,CB1_TRAIN_L_CF1_RI1_TI3_R04:seed817000081:iteration340
CLEAN_NON_R12_DEVELOPMENT,VALIDATION,L,CF1,0-20%,bottleneck_or_critical_transition,CB1_TRAIN_L_CF1_RI1_TI3_R04:seed817000081:iteration340
CLEAN_NON_R12_DEVELOPMENT,VALIDATION,L,CF1,0-20%,low_action_entropy,CB1_TRAIN_L_CF1_RI1_TI3_R04:seed817000081:iteration340
CLEAN_NON_R12_DEVELOPMENT,VALIDATION,L,CF1,20-40%,plateau_or_stagnating,CB1_TRAIN_L_CF1_RI1_TI3_R04:seed817000081:iteration1000
CLEAN_NON_R12_DEVELOPMENT,VALIDATION,L,CF1,20-40%,bottleneck_or_critical_transition,CB1_TRAIN_L_CF1_RI1_TI3_R04:seed817000081:iteration1000
CLEAN_NON_R12_DEVELOPMENT,VALIDATION,L,CF1,20-40%,low_action_entropy,CB1_TRAIN_L_CF1_RI1_TI3_R04:seed817000081:iteration1000
CLEAN_NON_R12_DEVELOPMENT,VALIDATION,L,CF1,40-60%,plateau_or_stagnating,CB1_TRAIN_L_CF1_RI1_TI3_R04:seed817000081:iteration1660
CLEAN_NON_R12_DEVELOPMENT,VALIDATION,L,CF1,40-60%,high_action_entropy,CB1_TRAIN_L_CF1_RI1_TI3_R04:seed817000081:iteration1660
CLEAN_NON_R12_DEVELOPMENT,VALIDATION,L,CF1,60-80%,plateau_or_stagnating,CB1_TRAIN_L_CF1_RI1_TI3_R04:seed817000081:iteration2300
CLEAN_NON_R12_DEVELOPMENT,VALIDATION,L,CF1,60-80%,high_action_entropy,CB1_TRAIN_L_CF1_RI1_TI3_R04:seed817000081:iteration2300
CLEAN_NON_R12_DEVELOPMENT,VALIDATION,L,CF1,80-100%,plateau_or_stagnating,CB1_TRAIN_L_CF1_RI1_TI3_R04:seed817000081:iteration2960
CLEAN_NON_R12_DEVELOPMENT,VALIDATION,L,CF1,80-100%,high_action_entropy,CB1_TRAIN_L_CF1_RI1_TI3_R04:seed817000081:iteration2960
CLEAN_NON_R12_DEVELOPMENT,VALIDATION,L,CF1,0-20%,plateau_or_stagnating,CB1_TRAIN_L_CF1_RI2_TI1_R04:seed817000082:iteration360
CLEAN_NON_R12_DEVELOPMENT,VALIDATION,L,CF1,0-20%,bottleneck_or_critical_transition,CB1_TRAIN_L_CF1_RI2_TI1_R04:seed817000082:iteration360
CLEAN_NON_R12_DEVELOPMENT,VALIDATION,L,CF1,0-20%,high_action_entropy,CB1_TRAIN_L_CF1_RI2_TI1_R04:seed817000082:iteration360
CLEAN_NON_R12_DEVELOPMENT,VALIDATION,L,CF1,20-40%,plateau_or_stagnating,CB1_TRAIN_L_CF1_RI2_TI1_R04:seed817000082:iteration1060
CLEAN_NON_R12_DEVELOPMENT,VALIDATION,L,CF1,20-40%,high_action_entropy,CB1_TRAIN_L_CF1_RI2_TI1_R04:seed817000082:iteration1060
CLEAN_NON_R12_DEVELOPMENT,VALIDATION,L,CF1,40-60%,plateau_or_stagnating,CB1_TRAIN_L_CF1_RI2_TI1_R04:seed817000082:iteration1740
CLEAN_NON_R12_DEVELOPMENT,VALIDATION,L,CF1,40-60%,low_action_entropy,CB1_TRAIN_L_CF1_RI2_TI1_R04:seed817000082:iteration1740
CLEAN_NON_R12_DEVELOPMENT,VALIDATION,L,CF1,60-80%,plateau_or_stagnating,CB1_TRAIN_L_CF1_RI2_TI1_R04:seed817000082:iteration2440
CLEAN_NON_R12_DEVELOPMENT,VALIDATION,L,CF1,60-80%,low_action_entropy,CB1_TRAIN_L_CF1_RI2_TI1_R04:seed817000082:iteration2440
CLEAN_NON_R12_DEVELOPMENT,VALIDATION,L,CF1,80-100%,plateau_or_stagnating,CB1_TRAIN_L_CF1_RI2_TI1_R04:seed817000082:iteration3120
CLEAN_NON_R12_DEVELOPMENT,VALIDATION,L,CF1,80-100%,high_action_entropy,CB1_TRAIN_L_CF1_RI2_TI1_R04:seed817000082:iteration3120
CLEAN_NON_R12_DEVELOPMENT,VALIDATION,L,CF1,0-20%,plateau_or_stagnating,CB1_TRAIN_L_CF1_RI3_TI2_R04:seed817000083:iteration340
CLEAN_NON_R12_DEVELOPMENT,VALIDATION,L,CF1,0-20%,bottleneck_or_critical_transition,CB1_TRAIN_L_CF1_RI3_TI2_R04:seed817000083:iteration340
CLEAN_NON_R12_DEVELOPMENT,VALIDATION,L,CF1,0-20%,low_action_entropy,CB1_TRAIN_L_CF1_RI3_TI2_R04:seed817000083:iteration340
CLEAN_NON_R12_DEVELOPMENT,VALIDATION,L,CF1,20-40%,plateau_or_stagnating,CB1_TRAIN_L_CF1_RI3_TI2_R04:seed817000083:iteration1020
CLEAN_NON_R12_DEVELOPMENT,VALIDATION,L,CF1,20-40%,high_action_entropy,CB1_TRAIN_L_CF1_RI3_TI2_R04:seed817000083:iteration1020
CLEAN_NON_R12_DEVELOPMENT,VALIDATION,L,CF1,40-60%,plateau_or_stagnating,CB1_TRAIN_L_CF1_RI3_TI2_R04:seed817000083:iteration1720
CLEAN_NON_R12_DEVELOPMENT,VALIDATION,L,CF1,40-60%,high_action_entropy,CB1_TRAIN_L_CF1_RI3_TI2_R04:seed817000083:iteration1720
CLEAN_NON_R12_DEVELOPMENT,VALIDATION,L,CF1,60-80%,plateau_or_stagnating,CB1_TRAIN_L_CF1_RI3_TI2_R04:seed817000083:iteration2400
CLEAN_NON_R12_DEVELOPMENT,VALIDATION,L,CF1,60-80%,low_action_entropy,CB1_TRAIN_L_CF1_RI3_TI2_R04:seed817000083:iteration2400
CLEAN_NON_R12_DEVELOPMENT,VALIDATION,L,CF1,80-100%,plateau_or_stagnating,CB1_TRAIN_L_CF1_RI3_TI2_R04:seed817000083:iteration3080
CLEAN_NON_R12_DEVELOPMENT,VALIDATION,L,CF1,80-100%,high_action_entropy,CB1_TRAIN_L_CF1_RI3_TI2_R04:seed817000083:iteration3080
CLEAN_NON_R12_DEVELOPMENT,VALIDATION,L,CF2,0-20%,improving,CB1_TRAIN_L_CF2_RI1_TI1_R04:seed817000084:iteration340
CLEAN_NON_R12_DEVELOPMENT,VALIDATION,L,CF2,0-20%,bottleneck_or_critical_transition,CB1_TRAIN_L_CF2_RI1_TI1_R04:seed817000084:iteration340
CLEAN_NON_R12_DEVELOPMENT,VALIDATION,L,CF2,0-20%,high_action_entropy,CB1_TRAIN_L_CF2_RI1_TI1_R04:seed817000084:iteration340
CLEAN_NON_R12_DEVELOPMENT,VALIDATION,L,CF2,20-40%,plateau_or_stagnating,CB1_TRAIN_L_CF2_RI1_TI1_R04:seed817000084:iteration1000
CLEAN_NON_R12_DEVELOPMENT,VALIDATION,L,CF2,20-40%,high_action_entropy,CB1_TRAIN_L_CF2_RI1_TI1_R04:seed817000084:iteration1000
CLEAN_NON_R12_DEVELOPMENT,VALIDATION,L,CF2,40-60%,plateau_or_stagnating,CB1_TRAIN_L_CF2_RI1_TI1_R04:seed817000084:iteration1680
CLEAN_NON_R12_DEVELOPMENT,VALIDATION,L,CF2,40-60%,bottleneck_or_critical_transition,CB1_TRAIN_L_CF2_RI1_TI1_R04:seed817000084:iteration1680
CLEAN_NON_R12_DEVELOPMENT,VALIDATION,L,CF2,40-60%,high_action_entropy,CB1_TRAIN_L_CF2_RI1_TI1_R04:seed817000084:iteration1680
CLEAN_NON_R12_DEVELOPMENT,VALIDATION,L,CF2,60-80%,plateau_or_stagnating,CB1_TRAIN_L_CF2_RI1_TI1_R04:seed817000084:iteration2340
CLEAN_NON_R12_DEVELOPMENT,VALIDATION,L,CF2,60-80%,low_action_entropy,CB1_TRAIN_L_CF2_RI1_TI1_R04:seed817000084:iteration2340
CLEAN_NON_R12_DEVELOPMENT,VALIDATION,L,CF2,80-100%,plateau_or_stagnating,CB1_TRAIN_L_CF2_RI1_TI1_R04:seed817000084:iteration3000
CLEAN_NON_R12_DEVELOPMENT,VALIDATION,L,CF2,80-100%,low_action_entropy,CB1_TRAIN_L_CF2_RI1_TI1_R04:seed817000084:iteration3000
CLEAN_NON_R12_DEVELOPMENT,VALIDATION,L,CF2,0-20%,plateau_or_stagnating,CB1_TRAIN_L_CF2_RI2_TI2_R04:seed817000085:iteration340
CLEAN_NON_R12_DEVELOPMENT,VALIDATION,L,CF2,0-20%,bottleneck_or_critical_transition,CB1_TRAIN_L_CF2_RI2_TI2_R04:seed817000085:iteration340
CLEAN_NON_R12_DEVELOPMENT,VALIDATION,L,CF2,0-20%,low_action_entropy,CB1_TRAIN_L_CF2_RI2_TI2_R04:seed817000085:iteration340
CLEAN_NON_R12_DEVELOPMENT,VALIDATION,L,CF2,20-40%,plateau_or_stagnating,CB1_TRAIN_L_CF2_RI2_TI2_R04:seed817000085:iteration980
CLEAN_NON_R12_DEVELOPMENT,VALIDATION,L,CF2,20-40%,high_action_entropy,CB1_TRAIN_L_CF2_RI2_TI2_R04:seed817000085:iteration980
CLEAN_NON_R12_DEVELOPMENT,VALIDATION,L,CF2,40-60%,plateau_or_stagnating,CB1_TRAIN_L_CF2_RI2_TI2_R04:seed817000085:iteration1640
CLEAN_NON_R12_DEVELOPMENT,VALIDATION,L,CF2,40-60%,high_action_entropy,CB1_TRAIN_L_CF2_RI2_TI2_R04:seed817000085:iteration1640
CLEAN_NON_R12_DEVELOPMENT,VALIDATION,L,CF2,60-80%,plateau_or_stagnating,CB1_TRAIN_L_CF2_RI2_TI2_R04:seed817000085:iteration2300
CLEAN_NON_R12_DEVELOPMENT,VALIDATION,L,CF2,60-80%,high_action_entropy,CB1_TRAIN_L_CF2_RI2_TI2_R04:seed817000085:iteration2300
CLEAN_NON_R12_DEVELOPMENT,VALIDATION,L,CF2,80-100%,plateau_or_stagnating,CB1_TRAIN_L_CF2_RI2_TI2_R04:seed817000085:iteration2960
CLEAN_NON_R12_DEVELOPMENT,VALIDATION,L,CF2,80-100%,low_action_entropy,CB1_TRAIN_L_CF2_RI2_TI2_R04:seed817000085:iteration2960
CLEAN_NON_R12_DEVELOPMENT,VALIDATION,L,CF2,0-20%,plateau_or_stagnating,CB1_TRAIN_L_CF2_RI3_TI3_R04:seed817000086:iteration320
CLEAN_NON_R12_DEVELOPMENT,VALIDATION,L,CF2,0-20%,low_action_entropy,CB1_TRAIN_L_CF2_RI3_TI3_R04:seed817000086:iteration320
CLEAN_NON_R12_DEVELOPMENT,VALIDATION,L,CF2,20-40%,plateau_or_stagnating,CB1_TRAIN_L_CF2_RI3_TI3_R04:seed817000086:iteration940
CLEAN_NON_R12_DEVELOPMENT,VALIDATION,L,CF2,20-40%,high_action_entropy,CB1_TRAIN_L_CF2_RI3_TI3_R04:seed817000086:iteration940
CLEAN_NON_R12_DEVELOPMENT,VALIDATION,L,CF2,40-60%,plateau_or_stagnating,CB1_TRAIN_L_CF2_RI3_TI3_R04:seed817000086:iteration1580
CLEAN_NON_R12_DEVELOPMENT,VALIDATION,L,CF2,40-60%,high_action_entropy,CB1_TRAIN_L_CF2_RI3_TI3_R04:seed817000086:iteration1580
CLEAN_NON_R12_DEVELOPMENT,VALIDATION,L,CF2,60-80%,plateau_or_stagnating,CB1_TRAIN_L_CF2_RI3_TI3_R04:seed817000086:iteration2200
CLEAN_NON_R12_DEVELOPMENT,VALIDATION,L,CF2,60-80%,low_action_entropy,CB1_TRAIN_L_CF2_RI3_TI3_R04:seed817000086:iteration2200
CLEAN_NON_R12_DEVELOPMENT,VALIDATION,L,CF2,80-100%,plateau_or_stagnating,CB1_TRAIN_L_CF2_RI3_TI3_R04:seed817000086:iteration2840
CLEAN_NON_R12_DEVELOPMENT,VALIDATION,L,CF2,80-100%,high_action_entropy,CB1_TRAIN_L_CF2_RI3_TI3_R04:seed817000086:iteration2840
CLEAN_NON_R12_DEVELOPMENT,VALIDATION,L,CF3,0-20%,plateau_or_stagnating,CB1_TRAIN_L_CF3_RI1_TI2_R04:seed817000087:iteration340
CLEAN_NON_R12_DEVELOPMENT,VALIDATION,L,CF3,0-20%,high_action_entropy,CB1_TRAIN_L_CF3_RI1_TI2_R04:seed817000087:iteration340
CLEAN_NON_R12_DEVELOPMENT,VALIDATION,L,CF3,20-40%,plateau_or_stagnating,CB1_TRAIN_L_CF3_RI1_TI2_R04:seed817000087:iteration980
CLEAN_NON_R12_DEVELOPMENT,VALIDATION,L,CF3,20-40%,low_action_entropy,CB1_TRAIN_L_CF3_RI1_TI2_R04:seed817000087:iteration980
CLEAN_NON_R12_DEVELOPMENT,VALIDATION,L,CF3,40-60%,plateau_or_stagnating,CB1_TRAIN_L_CF3_RI1_TI2_R04:seed817000087:iteration1620
CLEAN_NON_R12_DEVELOPMENT,VALIDATION,L,CF3,40-60%,high_action_entropy,CB1_TRAIN_L_CF3_RI1_TI2_R04:seed817000087:iteration1620
CLEAN_NON_R12_DEVELOPMENT,VALIDATION,L,CF3,60-80%,plateau_or_stagnating,CB1_TRAIN_L_CF3_RI1_TI2_R04:seed817000087:iteration2260
CLEAN_NON_R12_DEVELOPMENT,VALIDATION,L,CF3,60-80%,high_action_entropy,CB1_TRAIN_L_CF3_RI1_TI2_R04:seed817000087:iteration2260
CLEAN_NON_R12_DEVELOPMENT,VALIDATION,L,CF3,80-100%,plateau_or_stagnating,CB1_TRAIN_L_CF3_RI1_TI2_R04:seed817000087:iteration2900
CLEAN_NON_R12_DEVELOPMENT,VALIDATION,L,CF3,80-100%,low_action_entropy,CB1_TRAIN_L_CF3_RI1_TI2_R04:seed817000087:iteration2900
CLEAN_NON_R12_DEVELOPMENT,VALIDATION,L,CF3,0-20%,plateau_or_stagnating,CB1_TRAIN_L_CF3_RI2_TI3_R04:seed817000088:iteration320
CLEAN_NON_R12_DEVELOPMENT,VALIDATION,L,CF3,0-20%,bottleneck_or_critical_transition,CB1_TRAIN_L_CF3_RI2_TI3_R04:seed817000088:iteration320
CLEAN_NON_R12_DEVELOPMENT,VALIDATION,L,CF3,0-20%,high_action_entropy,CB1_TRAIN_L_CF3_RI2_TI3_R04:seed817000088:iteration320
CLEAN_NON_R12_DEVELOPMENT,VALIDATION,L,CF3,20-40%,plateau_or_stagnating,CB1_TRAIN_L_CF3_RI2_TI3_R04:seed817000088:iteration920
CLEAN_NON_R12_DEVELOPMENT,VALIDATION,L,CF3,20-40%,low_action_entropy,CB1_TRAIN_L_CF3_RI2_TI3_R04:seed817000088:iteration920
CLEAN_NON_R12_DEVELOPMENT,VALIDATION,L,CF3,40-60%,plateau_or_stagnating,CB1_TRAIN_L_CF3_RI2_TI3_R04:seed817000088:iteration1520
CLEAN_NON_R12_DEVELOPMENT,VALIDATION,L,CF3,40-60%,low_action_entropy,CB1_TRAIN_L_CF3_RI2_TI3_R04:seed817000088:iteration1520
CLEAN_NON_R12_DEVELOPMENT,VALIDATION,L,CF3,60-80%,plateau_or_stagnating,CB1_TRAIN_L_CF3_RI2_TI3_R04:seed817000088:iteration2140
CLEAN_NON_R12_DEVELOPMENT,VALIDATION,L,CF3,60-80%,high_action_entropy,CB1_TRAIN_L_CF3_RI2_TI3_R04:seed817000088:iteration2140
CLEAN_NON_R12_DEVELOPMENT,VALIDATION,L,CF3,80-100%,plateau_or_stagnating,CB1_TRAIN_L_CF3_RI2_TI3_R04:seed817000088:iteration2740
CLEAN_NON_R12_DEVELOPMENT,VALIDATION,L,CF3,80-100%,high_action_entropy,CB1_TRAIN_L_CF3_RI2_TI3_R04:seed817000088:iteration2740
CLEAN_NON_R12_DEVELOPMENT,VALIDATION,L,CF3,0-20%,improving,CB1_TRAIN_L_CF3_RI3_TI1_R04:seed817000089:iteration340
CLEAN_NON_R12_DEVELOPMENT,VALIDATION,L,CF3,0-20%,bottleneck_or_critical_transition,CB1_TRAIN_L_CF3_RI3_TI1_R04:seed817000089:iteration340
CLEAN_NON_R12_DEVELOPMENT,VALIDATION,L,CF3,0-20%,low_action_entropy,CB1_TRAIN_L_CF3_RI3_TI1_R04:seed817000089:iteration340
CLEAN_NON_R12_DEVELOPMENT,VALIDATION,L,CF3,20-40%,plateau_or_stagnating,CB1_TRAIN_L_CF3_RI3_TI1_R04:seed817000089:iteration1020
CLEAN_NON_R12_DEVELOPMENT,VALIDATION,L,CF3,20-40%,high_action_entropy,CB1_TRAIN_L_CF3_RI3_TI1_R04:seed817000089:iteration1020
CLEAN_NON_R12_DEVELOPMENT,VALIDATION,L,CF3,40-60%,plateau_or_stagnating,CB1_TRAIN_L_CF3_RI3_TI1_R04:seed817000089:iteration1700
CLEAN_NON_R12_DEVELOPMENT,VALIDATION,L,CF3,40-60%,low_action_entropy,CB1_TRAIN_L_CF3_RI3_TI1_R04:seed817000089:iteration1700
CLEAN_NON_R12_DEVELOPMENT,VALIDATION,L,CF3,60-80%,plateau_or_stagnating,CB1_TRAIN_L_CF3_RI3_TI1_R04:seed817000089:iteration2380
CLEAN_NON_R12_DEVELOPMENT,VALIDATION,L,CF3,60-80%,high_action_entropy,CB1_TRAIN_L_CF3_RI3_TI1_R04:seed817000089:iteration2380
CLEAN_NON_R12_DEVELOPMENT,VALIDATION,L,CF3,80-100%,plateau_or_stagnating,CB1_TRAIN_L_CF3_RI3_TI1_R04:seed817000089:iteration3040
CLEAN_NON_R12_DEVELOPMENT,VALIDATION,L,CF3,80-100%,high_action_entropy,CB1_TRAIN_L_CF3_RI3_TI1_R04:seed817000089:iteration3040
CLEAN_NON_R12_DEVELOPMENT,VALIDATION,M,CF1,0-20%,plateau_or_stagnating,CB1_TRAIN_M_CF1_RI1_TI2_R04:seed817000090:iteration400
CLEAN_NON_R12_DEVELOPMENT,VALIDATION,M,CF1,0-20%,bottleneck_or_critical_transition,CB1_TRAIN_M_CF1_RI1_TI2_R04:seed817000090:iteration400
CLEAN_NON_R12_DEVELOPMENT,VALIDATION,M,CF1,0-20%,high_action_entropy,CB1_TRAIN_M_CF1_RI1_TI2_R04:seed817000090:iteration400
CLEAN_NON_R12_DEVELOPMENT,VALIDATION,M,CF1,20-40%,plateau_or_stagnating,CB1_TRAIN_M_CF1_RI1_TI2_R04:seed817000090:iteration1160
CLEAN_NON_R12_DEVELOPMENT,VALIDATION,M,CF1,20-40%,low_action_entropy,CB1_TRAIN_M_CF1_RI1_TI2_R04:seed817000090:iteration1160
CLEAN_NON_R12_DEVELOPMENT,VALIDATION,M,CF1,40-60%,plateau_or_stagnating,CB1_TRAIN_M_CF1_RI1_TI2_R04:seed817000090:iteration1940
CLEAN_NON_R12_DEVELOPMENT,VALIDATION,M,CF1,40-60%,bottleneck_or_critical_transition,CB1_TRAIN_M_CF1_RI1_TI2_R04:seed817000090:iteration1940
CLEAN_NON_R12_DEVELOPMENT,VALIDATION,M,CF1,40-60%,high_action_entropy,CB1_TRAIN_M_CF1_RI1_TI2_R04:seed817000090:iteration1940
CLEAN_NON_R12_DEVELOPMENT,VALIDATION,M,CF1,60-80%,plateau_or_stagnating,CB1_TRAIN_M_CF1_RI1_TI2_R04:seed817000090:iteration2700
CLEAN_NON_R12_DEVELOPMENT,VALIDATION,M,CF1,60-80%,low_action_entropy,CB1_TRAIN_M_CF1_RI1_TI2_R04:seed817000090:iteration2700
CLEAN_NON_R12_DEVELOPMENT,VALIDATION,M,CF1,80-100%,plateau_or_stagnating,CB1_TRAIN_M_CF1_RI1_TI2_R04:seed817000090:iteration3460
CLEAN_NON_R12_DEVELOPMENT,VALIDATION,M,CF1,80-100%,high_action_entropy,CB1_TRAIN_M_CF1_RI1_TI2_R04:seed817000090:iteration3460
CLEAN_NON_R12_DEVELOPMENT,VALIDATION,M,CF1,0-20%,improving,CB1_TRAIN_M_CF1_RI2_TI3_R04:seed817000091:iteration380
CLEAN_NON_R12_DEVELOPMENT,VALIDATION,M,CF1,0-20%,bottleneck_or_critical_transition,CB1_TRAIN_M_CF1_RI2_TI3_R04:seed817000091:iteration380
CLEAN_NON_R12_DEVELOPMENT,VALIDATION,M,CF1,0-20%,low_action_entropy,CB1_TRAIN_M_CF1_RI2_TI3_R04:seed817000091:iteration380
CLEAN_NON_R12_DEVELOPMENT,VALIDATION,M,CF1,20-40%,plateau_or_stagnating,CB1_TRAIN_M_CF1_RI2_TI3_R04:seed817000091:iteration1120
CLEAN_NON_R12_DEVELOPMENT,VALIDATION,M,CF1,20-40%,high_action_entropy,CB1_TRAIN_M_CF1_RI2_TI3_R04:seed817000091:iteration1120
CLEAN_NON_R12_DEVELOPMENT,VALIDATION,M,CF1,40-60%,plateau_or_stagnating,CB1_TRAIN_M_CF1_RI2_TI3_R04:seed817000091:iteration1840
CLEAN_NON_R12_DEVELOPMENT,VALIDATION,M,CF1,40-60%,high_action_entropy,CB1_TRAIN_M_CF1_RI2_TI3_R04:seed817000091:iteration1840
CLEAN_NON_R12_DEVELOPMENT,VALIDATION,M,CF1,60-80%,plateau_or_stagnating,CB1_TRAIN_M_CF1_RI2_TI3_R04:seed817000091:iteration2580
CLEAN_NON_R12_DEVELOPMENT,VALIDATION,M,CF1,60-80%,high_action_entropy,CB1_TRAIN_M_CF1_RI2_TI3_R04:seed817000091:iteration2580
CLEAN_NON_R12_DEVELOPMENT,VALIDATION,M,CF1,80-100%,plateau_or_stagnating,CB1_TRAIN_M_CF1_RI2_TI3_R04:seed817000091:iteration3300
CLEAN_NON_R12_DEVELOPMENT,VALIDATION,M,CF1,80-100%,low_action_entropy,CB1_TRAIN_M_CF1_RI2_TI3_R04:seed817000091:iteration3300
CLEAN_NON_R12_DEVELOPMENT,VALIDATION,M,CF1,0-20%,plateau_or_stagnating,CB1_TRAIN_M_CF1_RI3_TI1_R04:seed817000092:iteration400
CLEAN_NON_R12_DEVELOPMENT,VALIDATION,M,CF1,0-20%,bottleneck_or_critical_transition,CB1_TRAIN_M_CF1_RI3_TI1_R04:seed817000092:iteration400
CLEAN_NON_R12_DEVELOPMENT,VALIDATION,M,CF1,0-20%,high_action_entropy,CB1_TRAIN_M_CF1_RI3_TI1_R04:seed817000092:iteration400
CLEAN_NON_R12_DEVELOPMENT,VALIDATION,M,CF1,20-40%,plateau_or_stagnating,CB1_TRAIN_M_CF1_RI3_TI1_R04:seed817000092:iteration1200
CLEAN_NON_R12_DEVELOPMENT,VALIDATION,M,CF1,20-40%,bottleneck_or_critical_transition,CB1_TRAIN_M_CF1_RI3_TI1_R04:seed817000092:iteration1200
CLEAN_NON_R12_DEVELOPMENT,VALIDATION,M,CF1,20-40%,low_action_entropy,CB1_TRAIN_M_CF1_RI3_TI1_R04:seed817000092:iteration1200
CLEAN_NON_R12_DEVELOPMENT,VALIDATION,M,CF1,40-60%,plateau_or_stagnating,CB1_TRAIN_M_CF1_RI3_TI1_R04:seed817000092:iteration2000
CLEAN_NON_R12_DEVELOPMENT,VALIDATION,M,CF1,40-60%,low_action_entropy,CB1_TRAIN_M_CF1_RI3_TI1_R04:seed817000092:iteration2000
CLEAN_NON_R12_DEVELOPMENT,VALIDATION,M,CF1,60-80%,plateau_or_stagnating,CB1_TRAIN_M_CF1_RI3_TI1_R04:seed817000092:iteration2800
CLEAN_NON_R12_DEVELOPMENT,VALIDATION,M,CF1,60-80%,high_action_entropy,CB1_TRAIN_M_CF1_RI3_TI1_R04:seed817000092:iteration2800
CLEAN_NON_R12_DEVELOPMENT,VALIDATION,M,CF1,80-100%,plateau_or_stagnating,CB1_TRAIN_M_CF1_RI3_TI1_R04:seed817000092:iteration3600
CLEAN_NON_R12_DEVELOPMENT,VALIDATION,M,CF1,80-100%,high_action_entropy,CB1_TRAIN_M_CF1_RI3_TI1_R04:seed817000092:iteration3600
CLEAN_NON_R12_DEVELOPMENT,VALIDATION,M,CF2,0-20%,improving,CB1_TRAIN_M_CF2_RI1_TI3_R04:seed817000093:iteration400
CLEAN_NON_R12_DEVELOPMENT,VALIDATION,M,CF2,0-20%,bottleneck_or_critical_transition,CB1_TRAIN_M_CF2_RI1_TI3_R04:seed817000093:iteration400
CLEAN_NON_R12_DEVELOPMENT,VALIDATION,M,CF2,0-20%,high_action_entropy,CB1_TRAIN_M_CF2_RI1_TI3_R04:seed817000093:iteration400
CLEAN_NON_R12_DEVELOPMENT,VALIDATION,M,CF2,20-40%,plateau_or_stagnating,CB1_TRAIN_M_CF2_RI1_TI3_R04:seed817000093:iteration1180
CLEAN_NON_R12_DEVELOPMENT,VALIDATION,M,CF2,20-40%,high_action_entropy,CB1_TRAIN_M_CF2_RI1_TI3_R04:seed817000093:iteration1180
CLEAN_NON_R12_DEVELOPMENT,VALIDATION,M,CF2,40-60%,plateau_or_stagnating,CB1_TRAIN_M_CF2_RI1_TI3_R04:seed817000093:iteration1980
CLEAN_NON_R12_DEVELOPMENT,VALIDATION,M,CF2,40-60%,low_action_entropy,CB1_TRAIN_M_CF2_RI1_TI3_R04:seed817000093:iteration1980
CLEAN_NON_R12_DEVELOPMENT,VALIDATION,M,CF2,60-80%,plateau_or_stagnating,CB1_TRAIN_M_CF2_RI1_TI3_R04:seed817000093:iteration2760
CLEAN_NON_R12_DEVELOPMENT,VALIDATION,M,CF2,60-80%,low_action_entropy,CB1_TRAIN_M_CF2_RI1_TI3_R04:seed817000093:iteration2760
CLEAN_NON_R12_DEVELOPMENT,VALIDATION,M,CF2,80-100%,plateau_or_stagnating,CB1_TRAIN_M_CF2_RI1_TI3_R04:seed817000093:iteration3520
CLEAN_NON_R12_DEVELOPMENT,VALIDATION,M,CF2,80-100%,high_action_entropy,CB1_TRAIN_M_CF2_RI1_TI3_R04:seed817000093:iteration3520
CLEAN_NON_R12_DEVELOPMENT,VALIDATION,M,CF2,0-20%,plateau_or_stagnating,CB1_TRAIN_M_CF2_RI2_TI1_R04:seed817000094:iteration420
CLEAN_NON_R12_DEVELOPMENT,VALIDATION,M,CF2,0-20%,bottleneck_or_critical_transition,CB1_TRAIN_M_CF2_RI2_TI1_R04:seed817000094:iteration420
CLEAN_NON_R12_DEVELOPMENT,VALIDATION,M,CF2,0-20%,low_action_entropy,CB1_TRAIN_M_CF2_RI2_TI1_R04:seed817000094:iteration420
CLEAN_NON_R12_DEVELOPMENT,VALIDATION,M,CF2,20-40%,plateau_or_stagnating,CB1_TRAIN_M_CF2_RI2_TI1_R04:seed817000094:iteration1240
CLEAN_NON_R12_DEVELOPMENT,VALIDATION,M,CF2,20-40%,high_action_entropy,CB1_TRAIN_M_CF2_RI2_TI1_R04:seed817000094:iteration1240
CLEAN_NON_R12_DEVELOPMENT,VALIDATION,M,CF2,40-60%,plateau_or_stagnating,CB1_TRAIN_M_CF2_RI2_TI1_R04:seed817000094:iteration2060
CLEAN_NON_R12_DEVELOPMENT,VALIDATION,M,CF2,40-60%,low_action_entropy,CB1_TRAIN_M_CF2_RI2_TI1_R04:seed817000094:iteration2060
CLEAN_NON_R12_DEVELOPMENT,VALIDATION,M,CF2,60-80%,plateau_or_stagnating,CB1_TRAIN_M_CF2_RI2_TI1_R04:seed817000094:iteration2880
CLEAN_NON_R12_DEVELOPMENT,VALIDATION,M,CF2,60-80%,high_action_entropy,CB1_TRAIN_M_CF2_RI2_TI1_R04:seed817000094:iteration2880
CLEAN_NON_R12_DEVELOPMENT,VALIDATION,M,CF2,80-100%,plateau_or_stagnating,CB1_TRAIN_M_CF2_RI2_TI1_R04:seed817000094:iteration3680
CLEAN_NON_R12_DEVELOPMENT,VALIDATION,M,CF2,80-100%,high_action_entropy,CB1_TRAIN_M_CF2_RI2_TI1_R04:seed817000094:iteration3680
CLEAN_NON_R12_DEVELOPMENT,VALIDATION,M,CF2,0-20%,plateau_or_stagnating,CB1_TRAIN_M_CF2_RI3_TI2_R04:seed817000095:iteration400
CLEAN_NON_R12_DEVELOPMENT,VALIDATION,M,CF2,0-20%,low_action_entropy,CB1_TRAIN_M_CF2_RI3_TI2_R04:seed817000095:iteration400
CLEAN_NON_R12_DEVELOPMENT,VALIDATION,M,CF2,20-40%,plateau_or_stagnating,CB1_TRAIN_M_CF2_RI3_TI2_R04:seed817000095:iteration1200
CLEAN_NON_R12_DEVELOPMENT,VALIDATION,M,CF2,20-40%,low_action_entropy,CB1_TRAIN_M_CF2_RI3_TI2_R04:seed817000095:iteration1200
CLEAN_NON_R12_DEVELOPMENT,VALIDATION,M,CF2,40-60%,plateau_or_stagnating,CB1_TRAIN_M_CF2_RI3_TI2_R04:seed817000095:iteration1980
CLEAN_NON_R12_DEVELOPMENT,VALIDATION,M,CF2,40-60%,high_action_entropy,CB1_TRAIN_M_CF2_RI3_TI2_R04:seed817000095:iteration1980
CLEAN_NON_R12_DEVELOPMENT,VALIDATION,M,CF2,60-80%,plateau_or_stagnating,CB1_TRAIN_M_CF2_RI3_TI2_R04:seed817000095:iteration2780
CLEAN_NON_R12_DEVELOPMENT,VALIDATION,M,CF2,60-80%,high_action_entropy,CB1_TRAIN_M_CF2_RI3_TI2_R04:seed817000095:iteration2780
CLEAN_NON_R12_DEVELOPMENT,VALIDATION,M,CF2,80-100%,plateau_or_stagnating,CB1_TRAIN_M_CF2_RI3_TI2_R04:seed817000095:iteration3580
CLEAN_NON_R12_DEVELOPMENT,VALIDATION,M,CF2,80-100%,high_action_entropy,CB1_TRAIN_M_CF2_RI3_TI2_R04:seed817000095:iteration3580
CLEAN_NON_R12_DEVELOPMENT,VALIDATION,M,CF3,0-20%,plateau_or_stagnating,CB1_TRAIN_M_CF3_RI1_TI1_R04:seed817000096:iteration440
CLEAN_NON_R12_DEVELOPMENT,VALIDATION,M,CF3,0-20%,high_action_entropy,CB1_TRAIN_M_CF3_RI1_TI1_R04:seed817000096:iteration440
CLEAN_NON_R12_DEVELOPMENT,VALIDATION,M,CF3,20-40%,plateau_or_stagnating,CB1_TRAIN_M_CF3_RI1_TI1_R04:seed817000096:iteration1280
CLEAN_NON_R12_DEVELOPMENT,VALIDATION,M,CF3,20-40%,low_action_entropy,CB1_TRAIN_M_CF3_RI1_TI1_R04:seed817000096:iteration1280
CLEAN_NON_R12_DEVELOPMENT,VALIDATION,M,CF3,40-60%,plateau_or_stagnating,CB1_TRAIN_M_CF3_RI1_TI1_R04:seed817000096:iteration2120
CLEAN_NON_R12_DEVELOPMENT,VALIDATION,M,CF3,40-60%,low_action_entropy,CB1_TRAIN_M_CF3_RI1_TI1_R04:seed817000096:iteration2120
CLEAN_NON_R12_DEVELOPMENT,VALIDATION,M,CF3,60-80%,plateau_or_stagnating,CB1_TRAIN_M_CF3_RI1_TI1_R04:seed817000096:iteration2960
CLEAN_NON_R12_DEVELOPMENT,VALIDATION,M,CF3,60-80%,high_action_entropy,CB1_TRAIN_M_CF3_RI1_TI1_R04:seed817000096:iteration2960
CLEAN_NON_R12_DEVELOPMENT,VALIDATION,M,CF3,80-100%,plateau_or_stagnating,CB1_TRAIN_M_CF3_RI1_TI1_R04:seed817000096:iteration3820
CLEAN_NON_R12_DEVELOPMENT,VALIDATION,M,CF3,80-100%,high_action_entropy,CB1_TRAIN_M_CF3_RI1_TI1_R04:seed817000096:iteration3820
CLEAN_NON_R12_DEVELOPMENT,VALIDATION,M,CF3,0-20%,plateau_or_stagnating,CB1_TRAIN_M_CF3_RI2_TI2_R04:seed817000097:iteration420
CLEAN_NON_R12_DEVELOPMENT,VALIDATION,M,CF3,0-20%,high_action_entropy,CB1_TRAIN_M_CF3_RI2_TI2_R04:seed817000097:iteration420
CLEAN_NON_R12_DEVELOPMENT,VALIDATION,M,CF3,20-40%,plateau_or_stagnating,CB1_TRAIN_M_CF3_RI2_TI2_R04:seed817000097:iteration1260
CLEAN_NON_R12_DEVELOPMENT,VALIDATION,M,CF3,20-40%,high_action_entropy,CB1_TRAIN_M_CF3_RI2_TI2_R04:seed817000097:iteration1260
CLEAN_NON_R12_DEVELOPMENT,VALIDATION,M,CF3,40-60%,plateau_or_stagnating,CB1_TRAIN_M_CF3_RI2_TI2_R04:seed817000097:iteration2080
CLEAN_NON_R12_DEVELOPMENT,VALIDATION,M,CF3,40-60%,low_action_entropy,CB1_TRAIN_M_CF3_RI2_TI2_R04:seed817000097:iteration2080
CLEAN_NON_R12_DEVELOPMENT,VALIDATION,M,CF3,60-80%,plateau_or_stagnating,CB1_TRAIN_M_CF3_RI2_TI2_R04:seed817000097:iteration2920
CLEAN_NON_R12_DEVELOPMENT,VALIDATION,M,CF3,60-80%,high_action_entropy,CB1_TRAIN_M_CF3_RI2_TI2_R04:seed817000097:iteration2920
CLEAN_NON_R12_DEVELOPMENT,VALIDATION,M,CF3,80-100%,plateau_or_stagnating,CB1_TRAIN_M_CF3_RI2_TI2_R04:seed817000097:iteration3740
CLEAN_NON_R12_DEVELOPMENT,VALIDATION,M,CF3,80-100%,low_action_entropy,CB1_TRAIN_M_CF3_RI2_TI2_R04:seed817000097:iteration3740
CLEAN_NON_R12_DEVELOPMENT,VALIDATION,M,CF3,0-20%,plateau_or_stagnating,CB1_TRAIN_M_CF3_RI3_TI3_R04:seed817000098:iteration400
CLEAN_NON_R12_DEVELOPMENT,VALIDATION,M,CF3,0-20%,bottleneck_or_critical_transition,CB1_TRAIN_M_CF3_RI3_TI3_R04:seed817000098:iteration400
CLEAN_NON_R12_DEVELOPMENT,VALIDATION,M,CF3,0-20%,low_action_entropy,CB1_TRAIN_M_CF3_RI3_TI3_R04:seed817000098:iteration400
CLEAN_NON_R12_DEVELOPMENT,VALIDATION,M,CF3,20-40%,plateau_or_stagnating,CB1_TRAIN_M_CF3_RI3_TI3_R04:seed817000098:iteration1180
CLEAN_NON_R12_DEVELOPMENT,VALIDATION,M,CF3,20-40%,bottleneck_or_critical_transition,CB1_TRAIN_M_CF3_RI3_TI3_R04:seed817000098:iteration1180
CLEAN_NON_R12_DEVELOPMENT,VALIDATION,M,CF3,20-40%,low_action_entropy,CB1_TRAIN_M_CF3_RI3_TI3_R04:seed817000098:iteration1180
CLEAN_NON_R12_DEVELOPMENT,VALIDATION,M,CF3,40-60%,plateau_or_stagnating,CB1_TRAIN_M_CF3_RI3_TI3_R04:seed817000098:iteration1980
CLEAN_NON_R12_DEVELOPMENT,VALIDATION,M,CF3,40-60%,high_action_entropy,CB1_TRAIN_M_CF3_RI3_TI3_R04:seed817000098:iteration1980
CLEAN_NON_R12_DEVELOPMENT,VALIDATION,M,CF3,60-80%,plateau_or_stagnating,CB1_TRAIN_M_CF3_RI3_TI3_R04:seed817000098:iteration2760
CLEAN_NON_R12_DEVELOPMENT,VALIDATION,M,CF3,60-80%,high_action_entropy,CB1_TRAIN_M_CF3_RI3_TI3_R04:seed817000098:iteration2760
CLEAN_NON_R12_DEVELOPMENT,VALIDATION,M,CF3,80-100%,plateau_or_stagnating,CB1_TRAIN_M_CF3_RI3_TI3_R04:seed817000098:iteration3560
CLEAN_NON_R12_DEVELOPMENT,VALIDATION,M,CF3,80-100%,high_action_entropy,CB1_TRAIN_M_CF3_RI3_TI3_R04:seed817000098:iteration3560
CLEAN_NON_R12_DEVELOPMENT,VALIDATION,S,CF1,0-20%,plateau_or_stagnating,CB1_TRAIN_S_CF1_RI1_TI1_R04:seed817000099:iteration580
CLEAN_NON_R12_DEVELOPMENT,VALIDATION,S,CF1,0-20%,low_action_entropy,CB1_TRAIN_S_CF1_RI1_TI1_R04:seed817000099:iteration580
CLEAN_NON_R12_DEVELOPMENT,VALIDATION,S,CF1,20-40%,plateau_or_stagnating,CB1_TRAIN_S_CF1_RI1_TI1_R04:seed817000099:iteration1720
CLEAN_NON_R12_DEVELOPMENT,VALIDATION,S,CF1,20-40%,high_action_entropy,CB1_TRAIN_S_CF1_RI1_TI1_R04:seed817000099:iteration1720
CLEAN_NON_R12_DEVELOPMENT,VALIDATION,S,CF1,40-60%,plateau_or_stagnating,CB1_TRAIN_S_CF1_RI1_TI1_R04:seed817000099:iteration2860
CLEAN_NON_R12_DEVELOPMENT,VALIDATION,S,CF1,40-60%,low_action_entropy,CB1_TRAIN_S_CF1_RI1_TI1_R04:seed817000099:iteration2860
CLEAN_NON_R12_DEVELOPMENT,VALIDATION,S,CF1,60-80%,plateau_or_stagnating,CB1_TRAIN_S_CF1_RI1_TI1_R04:seed817000099:iteration4000
CLEAN_NON_R12_DEVELOPMENT,VALIDATION,S,CF1,60-80%,high_action_entropy,CB1_TRAIN_S_CF1_RI1_TI1_R04:seed817000099:iteration4000
CLEAN_NON_R12_DEVELOPMENT,VALIDATION,S,CF1,80-100%,plateau_or_stagnating,CB1_TRAIN_S_CF1_RI1_TI1_R04:seed817000099:iteration5120
CLEAN_NON_R12_DEVELOPMENT,VALIDATION,S,CF1,80-100%,high_action_entropy,CB1_TRAIN_S_CF1_RI1_TI1_R04:seed817000099:iteration5120
CLEAN_NON_R12_DEVELOPMENT,VALIDATION,S,CF1,0-20%,plateau_or_stagnating,CB1_TRAIN_S_CF1_RI2_TI2_R04:seed817000100:iteration580
CLEAN_NON_R12_DEVELOPMENT,VALIDATION,S,CF1,0-20%,low_action_entropy,CB1_TRAIN_S_CF1_RI2_TI2_R04:seed817000100:iteration580
CLEAN_NON_R12_DEVELOPMENT,VALIDATION,S,CF1,20-40%,plateau_or_stagnating,CB1_TRAIN_S_CF1_RI2_TI2_R04:seed817000100:iteration1720
CLEAN_NON_R12_DEVELOPMENT,VALIDATION,S,CF1,20-40%,high_action_entropy,CB1_TRAIN_S_CF1_RI2_TI2_R04:seed817000100:iteration1720
CLEAN_NON_R12_DEVELOPMENT,VALIDATION,S,CF1,40-60%,plateau_or_stagnating,CB1_TRAIN_S_CF1_RI2_TI2_R04:seed817000100:iteration2880
CLEAN_NON_R12_DEVELOPMENT,VALIDATION,S,CF1,40-60%,low_action_entropy,CB1_TRAIN_S_CF1_RI2_TI2_R04:seed817000100:iteration2880
CLEAN_NON_R12_DEVELOPMENT,VALIDATION,S,CF1,60-80%,plateau_or_stagnating,CB1_TRAIN_S_CF1_RI2_TI2_R04:seed817000100:iteration4020
CLEAN_NON_R12_DEVELOPMENT,VALIDATION,S,CF1,60-80%,high_action_entropy,CB1_TRAIN_S_CF1_RI2_TI2_R04:seed817000100:iteration4020
CLEAN_NON_R12_DEVELOPMENT,VALIDATION,S,CF1,80-100%,plateau_or_stagnating,CB1_TRAIN_S_CF1_RI2_TI2_R04:seed817000100:iteration5160
CLEAN_NON_R12_DEVELOPMENT,VALIDATION,S,CF1,80-100%,high_action_entropy,CB1_TRAIN_S_CF1_RI2_TI2_R04:seed817000100:iteration5160
CLEAN_NON_R12_DEVELOPMENT,VALIDATION,S,CF1,0-20%,plateau_or_stagnating,CB1_TRAIN_S_CF1_RI3_TI3_R04:seed817000101:iteration560
CLEAN_NON_R12_DEVELOPMENT,VALIDATION,S,CF1,0-20%,high_action_entropy,CB1_TRAIN_S_CF1_RI3_TI3_R04:seed817000101:iteration560
CLEAN_NON_R12_DEVELOPMENT,VALIDATION,S,CF1,20-40%,plateau_or_stagnating,CB1_TRAIN_S_CF1_RI3_TI3_R04:seed817000101:iteration1660
CLEAN_NON_R12_DEVELOPMENT,VALIDATION,S,CF1,20-40%,high_action_entropy,CB1_TRAIN_S_CF1_RI3_TI3_R04:seed817000101:iteration1660
CLEAN_NON_R12_DEVELOPMENT,VALIDATION,S,CF1,40-60%,plateau_or_stagnating,CB1_TRAIN_S_CF1_RI3_TI3_R04:seed817000101:iteration2760
CLEAN_NON_R12_DEVELOPMENT,VALIDATION,S,CF1,40-60%,high_action_entropy,CB1_TRAIN_S_CF1_RI3_TI3_R04:seed817000101:iteration2760
CLEAN_NON_R12_DEVELOPMENT,VALIDATION,S,CF1,60-80%,plateau_or_stagnating,CB1_TRAIN_S_CF1_RI3_TI3_R04:seed817000101:iteration3860
CLEAN_NON_R12_DEVELOPMENT,VALIDATION,S,CF1,60-80%,low_action_entropy,CB1_TRAIN_S_CF1_RI3_TI3_R04:seed817000101:iteration3860
CLEAN_NON_R12_DEVELOPMENT,VALIDATION,S,CF1,80-100%,plateau_or_stagnating,CB1_TRAIN_S_CF1_RI3_TI3_R04:seed817000101:iteration4940
CLEAN_NON_R12_DEVELOPMENT,VALIDATION,S,CF1,80-100%,low_action_entropy,CB1_TRAIN_S_CF1_RI3_TI3_R04:seed817000101:iteration4940
CLEAN_NON_R12_DEVELOPMENT,VALIDATION,S,CF2,0-20%,plateau_or_stagnating,CB1_TRAIN_S_CF2_RI1_TI2_R04:seed817000102:iteration580
CLEAN_NON_R12_DEVELOPMENT,VALIDATION,S,CF2,0-20%,low_action_entropy,CB1_TRAIN_S_CF2_RI1_TI2_R04:seed817000102:iteration580
CLEAN_NON_R12_DEVELOPMENT,VALIDATION,S,CF2,20-40%,plateau_or_stagnating,CB1_TRAIN_S_CF2_RI1_TI2_R04:seed817000102:iteration1700
CLEAN_NON_R12_DEVELOPMENT,VALIDATION,S,CF2,20-40%,high_action_entropy,CB1_TRAIN_S_CF2_RI1_TI2_R04:seed817000102:iteration1700
CLEAN_NON_R12_DEVELOPMENT,VALIDATION,S,CF2,40-60%,plateau_or_stagnating,CB1_TRAIN_S_CF2_RI1_TI2_R04:seed817000102:iteration2840
CLEAN_NON_R12_DEVELOPMENT,VALIDATION,S,CF2,40-60%,high_action_entropy,CB1_TRAIN_S_CF2_RI1_TI2_R04:seed817000102:iteration2840
CLEAN_NON_R12_DEVELOPMENT,VALIDATION,S,CF2,60-80%,plateau_or_stagnating,CB1_TRAIN_S_CF2_RI1_TI2_R04:seed817000102:iteration3960
CLEAN_NON_R12_DEVELOPMENT,VALIDATION,S,CF2,60-80%,high_action_entropy,CB1_TRAIN_S_CF2_RI1_TI2_R04:seed817000102:iteration3960
CLEAN_NON_R12_DEVELOPMENT,VALIDATION,S,CF2,80-100%,plateau_or_stagnating,CB1_TRAIN_S_CF2_RI1_TI2_R04:seed817000102:iteration5100
CLEAN_NON_R12_DEVELOPMENT,VALIDATION,S,CF2,80-100%,low_action_entropy,CB1_TRAIN_S_CF2_RI1_TI2_R04:seed817000102:iteration5100
CLEAN_NON_R12_DEVELOPMENT,VALIDATION,S,CF2,0-20%,plateau_or_stagnating,CB1_TRAIN_S_CF2_RI2_TI3_R04:seed817000103:iteration560
CLEAN_NON_R12_DEVELOPMENT,VALIDATION,S,CF2,0-20%,low_action_entropy,CB1_TRAIN_S_CF2_RI2_TI3_R04:seed817000103:iteration560
CLEAN_NON_R12_DEVELOPMENT,VALIDATION,S,CF2,20-40%,plateau_or_stagnating,CB1_TRAIN_S_CF2_RI2_TI3_R04:seed817000103:iteration1680
CLEAN_NON_R12_DEVELOPMENT,VALIDATION,S,CF2,20-40%,bottleneck_or_critical_transition,CB1_TRAIN_S_CF2_RI2_TI3_R04:seed817000103:iteration1680
CLEAN_NON_R12_DEVELOPMENT,VALIDATION,S,CF2,20-40%,high_action_entropy,CB1_TRAIN_S_CF2_RI2_TI3_R04:seed817000103:iteration1680
CLEAN_NON_R12_DEVELOPMENT,VALIDATION,S,CF2,40-60%,plateau_or_stagnating,CB1_TRAIN_S_CF2_RI2_TI3_R04:seed817000103:iteration2800
CLEAN_NON_R12_DEVELOPMENT,VALIDATION,S,CF2,40-60%,high_action_entropy,CB1_TRAIN_S_CF2_RI2_TI3_R04:seed817000103:iteration2800
CLEAN_NON_R12_DEVELOPMENT,VALIDATION,S,CF2,60-80%,plateau_or_stagnating,CB1_TRAIN_S_CF2_RI2_TI3_R04:seed817000103:iteration3920
CLEAN_NON_R12_DEVELOPMENT,VALIDATION,S,CF2,60-80%,bottleneck_or_critical_transition,CB1_TRAIN_S_CF2_RI2_TI3_R04:seed817000103:iteration3920
CLEAN_NON_R12_DEVELOPMENT,VALIDATION,S,CF2,60-80%,high_action_entropy,CB1_TRAIN_S_CF2_RI2_TI3_R04:seed817000103:iteration3920
CLEAN_NON_R12_DEVELOPMENT,VALIDATION,S,CF2,80-100%,plateau_or_stagnating,CB1_TRAIN_S_CF2_RI2_TI3_R04:seed817000103:iteration5020
CLEAN_NON_R12_DEVELOPMENT,VALIDATION,S,CF2,80-100%,low_action_entropy,CB1_TRAIN_S_CF2_RI2_TI3_R04:seed817000103:iteration5020
CLEAN_NON_R12_DEVELOPMENT,VALIDATION,S,CF2,0-20%,plateau_or_stagnating,CB1_TRAIN_S_CF2_RI3_TI1_R04:seed817000104:iteration580
CLEAN_NON_R12_DEVELOPMENT,VALIDATION,S,CF2,0-20%,low_action_entropy,CB1_TRAIN_S_CF2_RI3_TI1_R04:seed817000104:iteration580
CLEAN_NON_R12_DEVELOPMENT,VALIDATION,S,CF2,20-40%,plateau_or_stagnating,CB1_TRAIN_S_CF2_RI3_TI1_R04:seed817000104:iteration1740
CLEAN_NON_R12_DEVELOPMENT,VALIDATION,S,CF2,20-40%,high_action_entropy,CB1_TRAIN_S_CF2_RI3_TI1_R04:seed817000104:iteration1740
CLEAN_NON_R12_DEVELOPMENT,VALIDATION,S,CF2,40-60%,plateau_or_stagnating,CB1_TRAIN_S_CF2_RI3_TI1_R04:seed817000104:iteration2900
CLEAN_NON_R12_DEVELOPMENT,VALIDATION,S,CF2,40-60%,low_action_entropy,CB1_TRAIN_S_CF2_RI3_TI1_R04:seed817000104:iteration2900
CLEAN_NON_R12_DEVELOPMENT,VALIDATION,S,CF2,60-80%,plateau_or_stagnating,CB1_TRAIN_S_CF2_RI3_TI1_R04:seed817000104:iteration4040
CLEAN_NON_R12_DEVELOPMENT,VALIDATION,S,CF2,60-80%,high_action_entropy,CB1_TRAIN_S_CF2_RI3_TI1_R04:seed817000104:iteration4040
CLEAN_NON_R12_DEVELOPMENT,VALIDATION,S,CF2,80-100%,plateau_or_stagnating,CB1_TRAIN_S_CF2_RI3_TI1_R04:seed817000104:iteration5180
CLEAN_NON_R12_DEVELOPMENT,VALIDATION,S,CF2,80-100%,high_action_entropy,CB1_TRAIN_S_CF2_RI3_TI1_R04:seed817000104:iteration5180
CLEAN_NON_R12_DEVELOPMENT,VALIDATION,S,CF3,0-20%,plateau_or_stagnating,CB1_TRAIN_S_CF3_RI1_TI3_R04:seed817000105:iteration540
CLEAN_NON_R12_DEVELOPMENT,VALIDATION,S,CF3,0-20%,low_action_entropy,CB1_TRAIN_S_CF3_RI1_TI3_R04:seed817000105:iteration540
CLEAN_NON_R12_DEVELOPMENT,VALIDATION,S,CF3,20-40%,plateau_or_stagnating,CB1_TRAIN_S_CF3_RI1_TI3_R04:seed817000105:iteration1600
CLEAN_NON_R12_DEVELOPMENT,VALIDATION,S,CF3,20-40%,high_action_entropy,CB1_TRAIN_S_CF3_RI1_TI3_R04:seed817000105:iteration1600
CLEAN_NON_R12_DEVELOPMENT,VALIDATION,S,CF3,40-60%,plateau_or_stagnating,CB1_TRAIN_S_CF3_RI1_TI3_R04:seed817000105:iteration2660
CLEAN_NON_R12_DEVELOPMENT,VALIDATION,S,CF3,40-60%,high_action_entropy,CB1_TRAIN_S_CF3_RI1_TI3_R04:seed817000105:iteration2660
CLEAN_NON_R12_DEVELOPMENT,VALIDATION,S,CF3,60-80%,plateau_or_stagnating,CB1_TRAIN_S_CF3_RI1_TI3_R04:seed817000105:iteration3700
CLEAN_NON_R12_DEVELOPMENT,VALIDATION,S,CF3,60-80%,low_action_entropy,CB1_TRAIN_S_CF3_RI1_TI3_R04:seed817000105:iteration3700
CLEAN_NON_R12_DEVELOPMENT,VALIDATION,S,CF3,80-100%,plateau_or_stagnating,CB1_TRAIN_S_CF3_RI1_TI3_R04:seed817000105:iteration4760
CLEAN_NON_R12_DEVELOPMENT,VALIDATION,S,CF3,80-100%,high_action_entropy,CB1_TRAIN_S_CF3_RI1_TI3_R04:seed817000105:iteration4760
CLEAN_NON_R12_DEVELOPMENT,VALIDATION,S,CF3,0-20%,plateau_or_stagnating,CB1_TRAIN_S_CF3_RI2_TI1_R04:seed817000106:iteration560
CLEAN_NON_R12_DEVELOPMENT,VALIDATION,S,CF3,0-20%,low_action_entropy,CB1_TRAIN_S_CF3_RI2_TI1_R04:seed817000106:iteration560
CLEAN_NON_R12_DEVELOPMENT,VALIDATION,S,CF3,20-40%,plateau_or_stagnating,CB1_TRAIN_S_CF3_RI2_TI1_R04:seed817000106:iteration1680
CLEAN_NON_R12_DEVELOPMENT,VALIDATION,S,CF3,20-40%,low_action_entropy,CB1_TRAIN_S_CF3_RI2_TI1_R04:seed817000106:iteration1680
CLEAN_NON_R12_DEVELOPMENT,VALIDATION,S,CF3,40-60%,plateau_or_stagnating,CB1_TRAIN_S_CF3_RI2_TI1_R04:seed817000106:iteration2820
CLEAN_NON_R12_DEVELOPMENT,VALIDATION,S,CF3,40-60%,high_action_entropy,CB1_TRAIN_S_CF3_RI2_TI1_R04:seed817000106:iteration2820
CLEAN_NON_R12_DEVELOPMENT,VALIDATION,S,CF3,60-80%,plateau_or_stagnating,CB1_TRAIN_S_CF3_RI2_TI1_R04:seed817000106:iteration3940
CLEAN_NON_R12_DEVELOPMENT,VALIDATION,S,CF3,60-80%,high_action_entropy,CB1_TRAIN_S_CF3_RI2_TI1_R04:seed817000106:iteration3940
CLEAN_NON_R12_DEVELOPMENT,VALIDATION,S,CF3,80-100%,plateau_or_stagnating,CB1_TRAIN_S_CF3_RI2_TI1_R04:seed817000106:iteration5060
CLEAN_NON_R12_DEVELOPMENT,VALIDATION,S,CF3,80-100%,high_action_entropy,CB1_TRAIN_S_CF3_RI2_TI1_R04:seed817000106:iteration5060
CLEAN_NON_R12_DEVELOPMENT,VALIDATION,S,CF3,0-20%,plateau_or_stagnating,CB1_TRAIN_S_CF3_RI3_TI2_R04:seed817000107:iteration560
CLEAN_NON_R12_DEVELOPMENT,VALIDATION,S,CF3,0-20%,low_action_entropy,CB1_TRAIN_S_CF3_RI3_TI2_R04:seed817000107:iteration560
CLEAN_NON_R12_DEVELOPMENT,VALIDATION,S,CF3,20-40%,plateau_or_stagnating,CB1_TRAIN_S_CF3_RI3_TI2_R04:seed817000107:iteration1680
CLEAN_NON_R12_DEVELOPMENT,VALIDATION,S,CF3,20-40%,high_action_entropy,CB1_TRAIN_S_CF3_RI3_TI2_R04:seed817000107:iteration1680
CLEAN_NON_R12_DEVELOPMENT,VALIDATION,S,CF3,40-60%,plateau_or_stagnating,CB1_TRAIN_S_CF3_RI3_TI2_R04:seed817000107:iteration2780
CLEAN_NON_R12_DEVELOPMENT,VALIDATION,S,CF3,40-60%,low_action_entropy,CB1_TRAIN_S_CF3_RI3_TI2_R04:seed817000107:iteration2780
CLEAN_NON_R12_DEVELOPMENT,VALIDATION,S,CF3,60-80%,plateau_or_stagnating,CB1_TRAIN_S_CF3_RI3_TI2_R04:seed817000107:iteration3900
CLEAN_NON_R12_DEVELOPMENT,VALIDATION,S,CF3,60-80%,high_action_entropy,CB1_TRAIN_S_CF3_RI3_TI2_R04:seed817000107:iteration3900
CLEAN_NON_R12_DEVELOPMENT,VALIDATION,S,CF3,80-100%,plateau_or_stagnating,CB1_TRAIN_S_CF3_RI3_TI2_R04:seed817000107:iteration5000
CLEAN_NON_R12_DEVELOPMENT,VALIDATION,S,CF3,80-100%,high_action_entropy,CB1_TRAIN_S_CF3_RI3_TI2_R04:seed817000107:iteration5000
