record_type,campaign,algorithm,instance_id,instance_path,instance_sha256,state_id,state_source,state_type,seed,fold,action_count,contributed_to_final_c1,budget_seconds,artifact_path,artifact_sha256,manifest_path,manifest_member
C1_TRAINING_STATE,A1.3R_FINAL_C1_FIT,C1_COMPACT_RELATIONAL,CB1_CAUR_L_CF1_RI2_TI2_R12,instances/controlled/RCIAS-CB1-TRAIN-CAUR-R12R14/r12_caur_fit/CB1_CAUR_L_CF1_RI2_TI2_R12.json,c0b6374d4eb72ada83b8a8452425b71b4322e61123edbb755f2cd08927288b7a,ngas-a13-development-v1:CB1_CAUR_L_CF1_RI2_TI2_R12:H1,H1,H1_INITIAL,,2,90,True,,outputs/ngas_a1/critic_training_rthgt_v2/data/training_cache_v2.json.gz,587d8de6236a4be4abed1be4cad332bd97ff2c2056d18bc6311ee1d490c4ecb2,outputs/ngas_a1/critic_training_rthgt_v2/data/training_cache_manifest_v2.json,True
C1_TRAINING_STATE,A1.3R_FINAL_C1_FIT,C1_COMPACT_RELATIONAL,CB1_CAUR_L_CF1_RI2_TI2_R12,instances/controlled/RCIAS-CB1-TRAIN-CAUR-R12R14/r12_caur_fit/CB1_CAUR_L_CF1_RI2_TI2_R12.json,c0b6374d4eb72ada83b8a8452425b71b4322e61123edbb755f2cd08927288b7a,ngas-a13-development-v1:CB1_CAUR_L_CF1_RI2_TI2_R12:NATIVE16_746101,NATIVE16_746101,NATIVE16_SEARCH_STATE,746101,2,90,True,,outputs/ngas_a1/critic_training_rthgt_v2/data/training_cache_v2.json.gz,587d8de6236a4be4abed1be4cad332bd97ff2c2056d18bc6311ee1d490c4ecb2,outputs/ngas_a1/critic_training_rthgt_v2/data/training_cache_manifest_v2.json,True
C1_TRAINING_STATE,A1.3R_FINAL_C1_FIT,C1_COMPACT_RELATIONAL,CB1_CAUR_L_CF1_RI2_TI2_R12,instances/controlled/RCIAS-CB1-TRAIN-CAUR-R12R14/r12_caur_fit/CB1_CAUR_L_CF1_RI2_TI2_R12.json,c0b6374d4eb72ada83b8a8452425b71b4322e61123edbb755f2cd08927288b7a,ngas-a13-development-v1:CB1_CAUR_L_CF1_RI2_TI2_R12:NATIVE16_746102,NATIVE16_746102,NATIVE16_SEARCH_STATE,746102,2,90,True,,outputs/ngas_a1/critic_training_rthgt_v2/data/training_cache_v2.json.gz,587d8de6236a4be4abed1be4cad332bd97ff2c2056d18bc6311ee1d490c4ecb2,outputs/ngas_a1/critic_training_rthgt_v2/data/training_cache_manifest_v2.json,True
C1_TRAINING_STATE,A1.3R_FINAL_C1_FIT,C1_COMPACT_RELATIONAL,CB1_CAUR_L_CF1_RI2_TI2_R12,instances/controlled/RCIAS-CB1-TRAIN-CAUR-R12R14/r12_caur_fit/CB1_CAUR_L_CF1_RI2_TI2_R12.json,c0b6374d4eb72ada83b8a8452425b71b4322e61123edbb755f2cd08927288b7a,ngas-a13-development-v1:CB1_CAUR_L_CF1_RI2_TI2_R12:NATIVE16_746103,NATIVE16_746103,NATIVE16_SEARCH_STATE,746103,2,90,True,,outputs/ngas_a1/critic_training_rthgt_v2/data/training_cache_v2.json.gz,587d8de6236a4be4abed1be4cad332bd97ff2c2056d18bc6311ee1d490c4ecb2,outputs/ngas_a1/critic_training_rthgt_v2/data/training_cache_manifest_v2.json,True
C1_TRAINING_STATE,A1.3R_FINAL_C1_FIT,C1_COMPACT_RELATIONAL,CB1_CAUR_L_CF1_RI2_TI2_R12_C02,instances/controlled/RCIAS-CB1-TRAIN-CAUR-R12R14/r12_caur_fit/CB1_CAUR_L_CF1_RI2_TI2_R12_C02.json,dd5c1ce71a5d72aad6c85617cb1718c9e57f3a6cfe23a0d18a92f0942ba56dc1,ngas-a13-development-v1:CB1_CAUR_L_CF1_RI2_TI2_R12_C02:H1,H1,H1_INITIAL,,2,90,True,,outputs/ngas_a1/critic_training_rthgt_v2/data/training_cache_v2.json.gz,587d8de6236a4be4abed1be4cad332bd97ff2c2056d18bc6311ee1d490c4ecb2,outputs/ngas_a1/critic_training_rthgt_v2/data/training_cache_manifest_v2.json,True
C1_TRAINING_STATE,A1.3R_FINAL_C1_FIT,C1_COMPACT_RELATIONAL,CB1_CAUR_L_CF1_RI2_TI2_R12_C02,instances/controlled/RCIAS-CB1-TRAIN-CAUR-R12R14/r12_caur_fit/CB1_CAUR_L_CF1_RI2_TI2_R12_C02.json,dd5c1ce71a5d72aad6c85617cb1718c9e57f3a6cfe23a0d18a92f0942ba56dc1,ngas-a13-development-v1:CB1_CAUR_L_CF1_RI2_TI2_R12_C02:NATIVE16_746101,NATIVE16_746101,NATIVE16_SEARCH_STATE,746101,2,90,True,,outputs/ngas_a1/critic_training_rthgt_v2/data/training_cache_v2.json.gz,587d8de6236a4be4abed1be4cad332bd97ff2c2056d18bc6311ee1d490c4ecb2,outputs/ngas_a1/critic_training_rthgt_v2/data/training_cache_manifest_v2.json,True
C1_TRAINING_STATE,A1.3R_FINAL_C1_FIT,C1_COMPACT_RELATIONAL,CB1_CAUR_L_CF1_RI2_TI2_R12_C02,instances/controlled/RCIAS-CB1-TRAIN-CAUR-R12R14/r12_caur_fit/CB1_CAUR_L_CF1_RI2_TI2_R12_C02.json,dd5c1ce71a5d72aad6c85617cb1718c9e57f3a6cfe23a0d18a92f0942ba56dc1,ngas-a13-development-v1:CB1_CAUR_L_CF1_RI2_TI2_R12_C02:NATIVE16_746102,NATIVE16_746102,NATIVE16_SEARCH_STATE,746102,2,90,True,,outputs/ngas_a1/critic_training_rthgt_v2/data/training_cache_v2.json.gz,587d8de6236a4be4abed1be4cad332bd97ff2c2056d18bc6311ee1d490c4ecb2,outputs/ngas_a1/critic_training_rthgt_v2/data/training_cache_manifest_v2.json,True
C1_TRAINING_STATE,A1.3R_FINAL_C1_FIT,C1_COMPACT_RELATIONAL,CB1_CAUR_L_CF1_RI2_TI2_R12_C02,instances/controlled/RCIAS-CB1-TRAIN-CAUR-R12R14/r12_caur_fit/CB1_CAUR_L_CF1_RI2_TI2_R12_C02.json,dd5c1ce71a5d72aad6c85617cb1718c9e57f3a6cfe23a0d18a92f0942ba56dc1,ngas-a13-development-v1:CB1_CAUR_L_CF1_RI2_TI2_R12_C02:NATIVE16_746103,NATIVE16_746103,NATIVE16_SEARCH_STATE,746103,2,90,True,,outputs/ngas_a1/critic_training_rthgt_v2/data/training_cache_v2.json.gz,587d8de6236a4be4abed1be4cad332bd97ff2c2056d18bc6311ee1d490c4ecb2,outputs/ngas_a1/critic_training_rthgt_v2/data/training_cache_manifest_v2.json,True
C1_TRAINING_STATE,A1.3R_FINAL_C1_FIT,C1_COMPACT_RELATIONAL,CB1_CAUR_L_CF2_RI2_TI2_R12,instances/controlled/RCIAS-CB1-TRAIN-CAUR-R12R14/r12_caur_fit/CB1_CAUR_L_CF2_RI2_TI2_R12.json,74b633a78dfe171189160ec0651f63c472fd7c4b456c8aa149cbc69f56bbcc8c,ngas-a13-development-v1:CB1_CAUR_L_CF2_RI2_TI2_R12:H1,H1,H1_INITIAL,,0,90,True,,outputs/ngas_a1/critic_training_rthgt_v2/data/training_cache_v2.json.gz,587d8de6236a4be4abed1be4cad332bd97ff2c2056d18bc6311ee1d490c4ecb2,outputs/ngas_a1/critic_training_rthgt_v2/data/training_cache_manifest_v2.json,True
C1_TRAINING_STATE,A1.3R_FINAL_C1_FIT,C1_COMPACT_RELATIONAL,CB1_CAUR_L_CF2_RI2_TI2_R12,instances/controlled/RCIAS-CB1-TRAIN-CAUR-R12R14/r12_caur_fit/CB1_CAUR_L_CF2_RI2_TI2_R12.json,74b633a78dfe171189160ec0651f63c472fd7c4b456c8aa149cbc69f56bbcc8c,ngas-a13-development-v1:CB1_CAUR_L_CF2_RI2_TI2_R12:NATIVE16_746101,NATIVE16_746101,NATIVE16_SEARCH_STATE,746101,0,85,True,,outputs/ngas_a1/critic_training_rthgt_v2/data/training_cache_v2.json.gz,587d8de6236a4be4abed1be4cad332bd97ff2c2056d18bc6311ee1d490c4ecb2,outputs/ngas_a1/critic_training_rthgt_v2/data/training_cache_manifest_v2.json,True
C1_TRAINING_STATE,A1.3R_FINAL_C1_FIT,C1_COMPACT_RELATIONAL,CB1_CAUR_L_CF2_RI2_TI2_R12,instances/controlled/RCIAS-CB1-TRAIN-CAUR-R12R14/r12_caur_fit/CB1_CAUR_L_CF2_RI2_TI2_R12.json,74b633a78dfe171189160ec0651f63c472fd7c4b456c8aa149cbc69f56bbcc8c,ngas-a13-development-v1:CB1_CAUR_L_CF2_RI2_TI2_R12:NATIVE16_746102,NATIVE16_746102,NATIVE16_SEARCH_STATE,746102,0,90,True,,outputs/ngas_a1/critic_training_rthgt_v2/data/training_cache_v2.json.gz,587d8de6236a4be4abed1be4cad332bd97ff2c2056d18bc6311ee1d490c4ecb2,outputs/ngas_a1/critic_training_rthgt_v2/data/training_cache_manifest_v2.json,True
C1_TRAINING_STATE,A1.3R_FINAL_C1_FIT,C1_COMPACT_RELATIONAL,CB1_CAUR_L_CF2_RI2_TI2_R12,instances/controlled/RCIAS-CB1-TRAIN-CAUR-R12R14/r12_caur_fit/CB1_CAUR_L_CF2_RI2_TI2_R12.json,74b633a78dfe171189160ec0651f63c472fd7c4b456c8aa149cbc69f56bbcc8c,ngas-a13-development-v1:CB1_CAUR_L_CF2_RI2_TI2_R12:NATIVE16_746103,NATIVE16_746103,NATIVE16_SEARCH_STATE,746103,0,90,True,,outputs/ngas_a1/critic_training_rthgt_v2/data/training_cache_v2.json.gz,587d8de6236a4be4abed1be4cad332bd97ff2c2056d18bc6311ee1d490c4ecb2,outputs/ngas_a1/critic_training_rthgt_v2/data/training_cache_manifest_v2.json,True
C1_TRAINING_STATE,A1.3R_FINAL_C1_FIT,C1_COMPACT_RELATIONAL,CB1_CAUR_L_CF2_RI2_TI2_R12_C02,instances/controlled/RCIAS-CB1-TRAIN-CAUR-R12R14/r12_caur_fit/CB1_CAUR_L_CF2_RI2_TI2_R12_C02.json,48a9ab11246faafcf8189c16695cbf926f0ae8bdbc42dfab76d38b2d7830b091,ngas-a13-development-v1:CB1_CAUR_L_CF2_RI2_TI2_R12_C02:H1,H1,H1_INITIAL,,0,90,True,,outputs/ngas_a1/critic_training_rthgt_v2/data/training_cache_v2.json.gz,587d8de6236a4be4abed1be4cad332bd97ff2c2056d18bc6311ee1d490c4ecb2,outputs/ngas_a1/critic_training_rthgt_v2/data/training_cache_manifest_v2.json,True
C1_TRAINING_STATE,A1.3R_FINAL_C1_FIT,C1_COMPACT_RELATIONAL,CB1_CAUR_L_CF2_RI2_TI2_R12_C02,instances/controlled/RCIAS-CB1-TRAIN-CAUR-R12R14/r12_caur_fit/CB1_CAUR_L_CF2_RI2_TI2_R12_C02.json,48a9ab11246faafcf8189c16695cbf926f0ae8bdbc42dfab76d38b2d7830b091,ngas-a13-development-v1:CB1_CAUR_L_CF2_RI2_TI2_R12_C02:NATIVE16_746101,NATIVE16_746101,NATIVE16_SEARCH_STATE,746101,0,90,True,,outputs/ngas_a1/critic_training_rthgt_v2/data/training_cache_v2.json.gz,587d8de6236a4be4abed1be4cad332bd97ff2c2056d18bc6311ee1d490c4ecb2,outputs/ngas_a1/critic_training_rthgt_v2/data/training_cache_manifest_v2.json,True
C1_TRAINING_STATE,A1.3R_FINAL_C1_FIT,C1_COMPACT_RELATIONAL,CB1_CAUR_L_CF2_RI2_TI2_R12_C02,instances/controlled/RCIAS-CB1-TRAIN-CAUR-R12R14/r12_caur_fit/CB1_CAUR_L_CF2_RI2_TI2_R12_C02.json,48a9ab11246faafcf8189c16695cbf926f0ae8bdbc42dfab76d38b2d7830b091,ngas-a13-development-v1:CB1_CAUR_L_CF2_RI2_TI2_R12_C02:NATIVE16_746102,NATIVE16_746102,NATIVE16_SEARCH_STATE,746102,0,90,True,,outputs/ngas_a1/critic_training_rthgt_v2/data/training_cache_v2.json.gz,587d8de6236a4be4abed1be4cad332bd97ff2c2056d18bc6311ee1d490c4ecb2,outputs/ngas_a1/critic_training_rthgt_v2/data/training_cache_manifest_v2.json,True
C1_TRAINING_STATE,A1.3R_FINAL_C1_FIT,C1_COMPACT_RELATIONAL,CB1_CAUR_L_CF2_RI2_TI2_R12_C02,instances/controlled/RCIAS-CB1-TRAIN-CAUR-R12R14/r12_caur_fit/CB1_CAUR_L_CF2_RI2_TI2_R12_C02.json,48a9ab11246faafcf8189c16695cbf926f0ae8bdbc42dfab76d38b2d7830b091,ngas-a13-development-v1:CB1_CAUR_L_CF2_RI2_TI2_R12_C02:NATIVE16_746103,NATIVE16_746103,NATIVE16_SEARCH_STATE,746103,0,90,True,,outputs/ngas_a1/critic_training_rthgt_v2/data/training_cache_v2.json.gz,587d8de6236a4be4abed1be4cad332bd97ff2c2056d18bc6311ee1d490c4ecb2,outputs/ngas_a1/critic_training_rthgt_v2/data/training_cache_manifest_v2.json,True
C1_TRAINING_STATE,A1.3R_FINAL_C1_FIT,C1_COMPACT_RELATIONAL,CB1_CAUR_L_CF3_RI2_TI2_R12,instances/controlled/RCIAS-CB1-TRAIN-CAUR-R12R14/r12_caur_fit/CB1_CAUR_L_CF3_RI2_TI2_R12.json,bdb01c2b6350b572dcac6be3c542e696143bd4766ab3ae7939bff36e6234f25b,ngas-a13-development-v1:CB1_CAUR_L_CF3_RI2_TI2_R12:H1,H1,H1_INITIAL,,1,90,True,,outputs/ngas_a1/critic_training_rthgt_v2/data/training_cache_v2.json.gz,587d8de6236a4be4abed1be4cad332bd97ff2c2056d18bc6311ee1d490c4ecb2,outputs/ngas_a1/critic_training_rthgt_v2/data/training_cache_manifest_v2.json,True
C1_TRAINING_STATE,A1.3R_FINAL_C1_FIT,C1_COMPACT_RELATIONAL,CB1_CAUR_L_CF3_RI2_TI2_R12,instances/controlled/RCIAS-CB1-TRAIN-CAUR-R12R14/r12_caur_fit/CB1_CAUR_L_CF3_RI2_TI2_R12.json,bdb01c2b6350b572dcac6be3c542e696143bd4766ab3ae7939bff36e6234f25b,ngas-a13-development-v1:CB1_CAUR_L_CF3_RI2_TI2_R12:NATIVE16_746101,NATIVE16_746101,NATIVE16_SEARCH_STATE,746101,1,90,True,,outputs/ngas_a1/critic_training_rthgt_v2/data/training_cache_v2.json.gz,587d8de6236a4be4abed1be4cad332bd97ff2c2056d18bc6311ee1d490c4ecb2,outputs/ngas_a1/critic_training_rthgt_v2/data/training_cache_manifest_v2.json,True
C1_TRAINING_STATE,A1.3R_FINAL_C1_FIT,C1_COMPACT_RELATIONAL,CB1_CAUR_L_CF3_RI2_TI2_R12,instances/controlled/RCIAS-CB1-TRAIN-CAUR-R12R14/r12_caur_fit/CB1_CAUR_L_CF3_RI2_TI2_R12.json,bdb01c2b6350b572dcac6be3c542e696143bd4766ab3ae7939bff36e6234f25b,ngas-a13-development-v1:CB1_CAUR_L_CF3_RI2_TI2_R12:NATIVE16_746102,NATIVE16_746102,NATIVE16_SEARCH_STATE,746102,1,90,True,,outputs/ngas_a1/critic_training_rthgt_v2/data/training_cache_v2.json.gz,587d8de6236a4be4abed1be4cad332bd97ff2c2056d18bc6311ee1d490c4ecb2,outputs/ngas_a1/critic_training_rthgt_v2/data/training_cache_manifest_v2.json,True
C1_TRAINING_STATE,A1.3R_FINAL_C1_FIT,C1_COMPACT_RELATIONAL,CB1_CAUR_L_CF3_RI2_TI2_R12,instances/controlled/RCIAS-CB1-TRAIN-CAUR-R12R14/r12_caur_fit/CB1_CAUR_L_CF3_RI2_TI2_R12.json,bdb01c2b6350b572dcac6be3c542e696143bd4766ab3ae7939bff36e6234f25b,ngas-a13-development-v1:CB1_CAUR_L_CF3_RI2_TI2_R12:NATIVE16_746103,NATIVE16_746103,NATIVE16_SEARCH_STATE,746103,1,90,True,,outputs/ngas_a1/critic_training_rthgt_v2/data/training_cache_v2.json.gz,587d8de6236a4be4abed1be4cad332bd97ff2c2056d18bc6311ee1d490c4ecb2,outputs/ngas_a1/critic_training_rthgt_v2/data/training_cache_manifest_v2.json,True
C1_TRAINING_STATE,A1.3R_FINAL_C1_FIT,C1_COMPACT_RELATIONAL,CB1_CAUR_L_CF3_RI2_TI2_R12_C02,instances/controlled/RCIAS-CB1-TRAIN-CAUR-R12R14/r12_caur_fit/CB1_CAUR_L_CF3_RI2_TI2_R12_C02.json,2373d994f8a29b3d5bc58aacb9c4f74c8c60d0950760ab044a7354c19b09f9b9,ngas-a13-development-v1:CB1_CAUR_L_CF3_RI2_TI2_R12_C02:H1,H1,H1_INITIAL,,1,90,True,,outputs/ngas_a1/critic_training_rthgt_v2/data/training_cache_v2.json.gz,587d8de6236a4be4abed1be4cad332bd97ff2c2056d18bc6311ee1d490c4ecb2,outputs/ngas_a1/critic_training_rthgt_v2/data/training_cache_manifest_v2.json,True
C1_TRAINING_STATE,A1.3R_FINAL_C1_FIT,C1_COMPACT_RELATIONAL,CB1_CAUR_L_CF3_RI2_TI2_R12_C02,instances/controlled/RCIAS-CB1-TRAIN-CAUR-R12R14/r12_caur_fit/CB1_CAUR_L_CF3_RI2_TI2_R12_C02.json,2373d994f8a29b3d5bc58aacb9c4f74c8c60d0950760ab044a7354c19b09f9b9,ngas-a13-development-v1:CB1_CAUR_L_CF3_RI2_TI2_R12_C02:NATIVE16_746101,NATIVE16_746101,NATIVE16_SEARCH_STATE,746101,1,90,True,,outputs/ngas_a1/critic_training_rthgt_v2/data/training_cache_v2.json.gz,587d8de6236a4be4abed1be4cad332bd97ff2c2056d18bc6311ee1d490c4ecb2,outputs/ngas_a1/critic_training_rthgt_v2/data/training_cache_manifest_v2.json,True
C1_TRAINING_STATE,A1.3R_FINAL_C1_FIT,C1_COMPACT_RELATIONAL,CB1_CAUR_L_CF3_RI2_TI2_R12_C02,instances/controlled/RCIAS-CB1-TRAIN-CAUR-R12R14/r12_caur_fit/CB1_CAUR_L_CF3_RI2_TI2_R12_C02.json,2373d994f8a29b3d5bc58aacb9c4f74c8c60d0950760ab044a7354c19b09f9b9,ngas-a13-development-v1:CB1_CAUR_L_CF3_RI2_TI2_R12_C02:NATIVE16_746102,NATIVE16_746102,NATIVE16_SEARCH_STATE,746102,1,90,True,,outputs/ngas_a1/critic_training_rthgt_v2/data/training_cache_v2.json.gz,587d8de6236a4be4abed1be4cad332bd97ff2c2056d18bc6311ee1d490c4ecb2,outputs/ngas_a1/critic_training_rthgt_v2/data/training_cache_manifest_v2.json,True
C1_TRAINING_STATE,A1.3R_FINAL_C1_FIT,C1_COMPACT_RELATIONAL,CB1_CAUR_L_CF3_RI2_TI2_R12_C02,instances/controlled/RCIAS-CB1-TRAIN-CAUR-R12R14/r12_caur_fit/CB1_CAUR_L_CF3_RI2_TI2_R12_C02.json,2373d994f8a29b3d5bc58aacb9c4f74c8c60d0950760ab044a7354c19b09f9b9,ngas-a13-development-v1:CB1_CAUR_L_CF3_RI2_TI2_R12_C02:NATIVE16_746103,NATIVE16_746103,NATIVE16_SEARCH_STATE,746103,1,90,True,,outputs/ngas_a1/critic_training_rthgt_v2/data/training_cache_v2.json.gz,587d8de6236a4be4abed1be4cad332bd97ff2c2056d18bc6311ee1d490c4ecb2,outputs/ngas_a1/critic_training_rthgt_v2/data/training_cache_manifest_v2.json,True
C1_TRAINING_STATE,A1.3R_FINAL_C1_FIT,C1_COMPACT_RELATIONAL,CB1_CAUR_M_CF1_RI2_TI2_R12,instances/controlled/RCIAS-CB1-TRAIN-CAUR-R12R14/r12_caur_fit/CB1_CAUR_M_CF1_RI2_TI2_R12.json,f3e73b5840e8e50e51b2bf81be2d17dc60648dd4666091ef91a94a0d3544e971,ngas-a13-development-v1:CB1_CAUR_M_CF1_RI2_TI2_R12:H1,H1,H1_INITIAL,,1,90,True,,outputs/ngas_a1/critic_training_rthgt_v2/data/training_cache_v2.json.gz,587d8de6236a4be4abed1be4cad332bd97ff2c2056d18bc6311ee1d490c4ecb2,outputs/ngas_a1/critic_training_rthgt_v2/data/training_cache_manifest_v2.json,True
C1_TRAINING_STATE,A1.3R_FINAL_C1_FIT,C1_COMPACT_RELATIONAL,CB1_CAUR_M_CF1_RI2_TI2_R12,instances/controlled/RCIAS-CB1-TRAIN-CAUR-R12R14/r12_caur_fit/CB1_CAUR_M_CF1_RI2_TI2_R12.json,f3e73b5840e8e50e51b2bf81be2d17dc60648dd4666091ef91a94a0d3544e971,ngas-a13-development-v1:CB1_CAUR_M_CF1_RI2_TI2_R12:NATIVE16_746101,NATIVE16_746101,NATIVE16_SEARCH_STATE,746101,1,90,True,,outputs/ngas_a1/critic_training_rthgt_v2/data/training_cache_v2.json.gz,587d8de6236a4be4abed1be4cad332bd97ff2c2056d18bc6311ee1d490c4ecb2,outputs/ngas_a1/critic_training_rthgt_v2/data/training_cache_manifest_v2.json,True
C1_TRAINING_STATE,A1.3R_FINAL_C1_FIT,C1_COMPACT_RELATIONAL,CB1_CAUR_M_CF1_RI2_TI2_R12,instances/controlled/RCIAS-CB1-TRAIN-CAUR-R12R14/r12_caur_fit/CB1_CAUR_M_CF1_RI2_TI2_R12.json,f3e73b5840e8e50e51b2bf81be2d17dc60648dd4666091ef91a94a0d3544e971,ngas-a13-development-v1:CB1_CAUR_M_CF1_RI2_TI2_R12:NATIVE16_746102,NATIVE16_746102,NATIVE16_SEARCH_STATE,746102,1,90,True,,outputs/ngas_a1/critic_training_rthgt_v2/data/training_cache_v2.json.gz,587d8de6236a4be4abed1be4cad332bd97ff2c2056d18bc6311ee1d490c4ecb2,outputs/ngas_a1/critic_training_rthgt_v2/data/training_cache_manifest_v2.json,True
C1_TRAINING_STATE,A1.3R_FINAL_C1_FIT,C1_COMPACT_RELATIONAL,CB1_CAUR_M_CF1_RI2_TI2_R12,instances/controlled/RCIAS-CB1-TRAIN-CAUR-R12R14/r12_caur_fit/CB1_CAUR_M_CF1_RI2_TI2_R12.json,f3e73b5840e8e50e51b2bf81be2d17dc60648dd4666091ef91a94a0d3544e971,ngas-a13-development-v1:CB1_CAUR_M_CF1_RI2_TI2_R12:NATIVE16_746103,NATIVE16_746103,NATIVE16_SEARCH_STATE,746103,1,90,True,,outputs/ngas_a1/critic_training_rthgt_v2/data/training_cache_v2.json.gz,587d8de6236a4be4abed1be4cad332bd97ff2c2056d18bc6311ee1d490c4ecb2,outputs/ngas_a1/critic_training_rthgt_v2/data/training_cache_manifest_v2.json,True
C1_TRAINING_STATE,A1.3R_FINAL_C1_FIT,C1_COMPACT_RELATIONAL,CB1_CAUR_M_CF1_RI2_TI2_R12_C02,instances/controlled/RCIAS-CB1-TRAIN-CAUR-R12R14/r12_caur_fit/CB1_CAUR_M_CF1_RI2_TI2_R12_C02.json,c5f935a0c647bb5931b89836d8cecd934eab4933915ffb05394716fb026d4bb9,ngas-a13-development-v1:CB1_CAUR_M_CF1_RI2_TI2_R12_C02:H1,H1,H1_INITIAL,,1,90,True,,outputs/ngas_a1/critic_training_rthgt_v2/data/training_cache_v2.json.gz,587d8de6236a4be4abed1be4cad332bd97ff2c2056d18bc6311ee1d490c4ecb2,outputs/ngas_a1/critic_training_rthgt_v2/data/training_cache_manifest_v2.json,True
C1_TRAINING_STATE,A1.3R_FINAL_C1_FIT,C1_COMPACT_RELATIONAL,CB1_CAUR_M_CF1_RI2_TI2_R12_C02,instances/controlled/RCIAS-CB1-TRAIN-CAUR-R12R14/r12_caur_fit/CB1_CAUR_M_CF1_RI2_TI2_R12_C02.json,c5f935a0c647bb5931b89836d8cecd934eab4933915ffb05394716fb026d4bb9,ngas-a13-development-v1:CB1_CAUR_M_CF1_RI2_TI2_R12_C02:NATIVE16_746101,NATIVE16_746101,NATIVE16_SEARCH_STATE,746101,1,90,True,,outputs/ngas_a1/critic_training_rthgt_v2/data/training_cache_v2.json.gz,587d8de6236a4be4abed1be4cad332bd97ff2c2056d18bc6311ee1d490c4ecb2,outputs/ngas_a1/critic_training_rthgt_v2/data/training_cache_manifest_v2.json,True
C1_TRAINING_STATE,A1.3R_FINAL_C1_FIT,C1_COMPACT_RELATIONAL,CB1_CAUR_M_CF1_RI2_TI2_R12_C02,instances/controlled/RCIAS-CB1-TRAIN-CAUR-R12R14/r12_caur_fit/CB1_CAUR_M_CF1_RI2_TI2_R12_C02.json,c5f935a0c647bb5931b89836d8cecd934eab4933915ffb05394716fb026d4bb9,ngas-a13-development-v1:CB1_CAUR_M_CF1_RI2_TI2_R12_C02:NATIVE16_746102,NATIVE16_746102,NATIVE16_SEARCH_STATE,746102,1,90,True,,outputs/ngas_a1/critic_training_rthgt_v2/data/training_cache_v2.json.gz,587d8de6236a4be4abed1be4cad332bd97ff2c2056d18bc6311ee1d490c4ecb2,outputs/ngas_a1/critic_training_rthgt_v2/data/training_cache_manifest_v2.json,True
C1_TRAINING_STATE,A1.3R_FINAL_C1_FIT,C1_COMPACT_RELATIONAL,CB1_CAUR_M_CF1_RI2_TI2_R12_C02,instances/controlled/RCIAS-CB1-TRAIN-CAUR-R12R14/r12_caur_fit/CB1_CAUR_M_CF1_RI2_TI2_R12_C02.json,c5f935a0c647bb5931b89836d8cecd934eab4933915ffb05394716fb026d4bb9,ngas-a13-development-v1:CB1_CAUR_M_CF1_RI2_TI2_R12_C02:NATIVE16_746103,NATIVE16_746103,NATIVE16_SEARCH_STATE,746103,1,90,True,,outputs/ngas_a1/critic_training_rthgt_v2/data/training_cache_v2.json.gz,587d8de6236a4be4abed1be4cad332bd97ff2c2056d18bc6311ee1d490c4ecb2,outputs/ngas_a1/critic_training_rthgt_v2/data/training_cache_manifest_v2.json,True
C1_TRAINING_STATE,A1.3R_FINAL_C1_FIT,C1_COMPACT_RELATIONAL,CB1_CAUR_M_CF2_RI2_TI2_R12,instances/controlled/RCIAS-CB1-TRAIN-CAUR-R12R14/r12_caur_fit/CB1_CAUR_M_CF2_RI2_TI2_R12.json,d9ebab88d1a3e2d3da92e56533b0c1d062ebeb81d84c125ec61af8fe79e7087a,ngas-a13-development-v1:CB1_CAUR_M_CF2_RI2_TI2_R12:H1,H1,H1_INITIAL,,2,90,True,,outputs/ngas_a1/critic_training_rthgt_v2/data/training_cache_v2.json.gz,587d8de6236a4be4abed1be4cad332bd97ff2c2056d18bc6311ee1d490c4ecb2,outputs/ngas_a1/critic_training_rthgt_v2/data/training_cache_manifest_v2.json,True
C1_TRAINING_STATE,A1.3R_FINAL_C1_FIT,C1_COMPACT_RELATIONAL,CB1_CAUR_M_CF2_RI2_TI2_R12,instances/controlled/RCIAS-CB1-TRAIN-CAUR-R12R14/r12_caur_fit/CB1_CAUR_M_CF2_RI2_TI2_R12.json,d9ebab88d1a3e2d3da92e56533b0c1d062ebeb81d84c125ec61af8fe79e7087a,ngas-a13-development-v1:CB1_CAUR_M_CF2_RI2_TI2_R12:NATIVE16_746101,NATIVE16_746101,NATIVE16_SEARCH_STATE,746101,2,90,True,,outputs/ngas_a1/critic_training_rthgt_v2/data/training_cache_v2.json.gz,587d8de6236a4be4abed1be4cad332bd97ff2c2056d18bc6311ee1d490c4ecb2,outputs/ngas_a1/critic_training_rthgt_v2/data/training_cache_manifest_v2.json,True
C1_TRAINING_STATE,A1.3R_FINAL_C1_FIT,C1_COMPACT_RELATIONAL,CB1_CAUR_M_CF2_RI2_TI2_R12,instances/controlled/RCIAS-CB1-TRAIN-CAUR-R12R14/r12_caur_fit/CB1_CAUR_M_CF2_RI2_TI2_R12.json,d9ebab88d1a3e2d3da92e56533b0c1d062ebeb81d84c125ec61af8fe79e7087a,ngas-a13-development-v1:CB1_CAUR_M_CF2_RI2_TI2_R12:NATIVE16_746102,NATIVE16_746102,NATIVE16_SEARCH_STATE,746102,2,90,True,,outputs/ngas_a1/critic_training_rthgt_v2/data/training_cache_v2.json.gz,587d8de6236a4be4abed1be4cad332bd97ff2c2056d18bc6311ee1d490c4ecb2,outputs/ngas_a1/critic_training_rthgt_v2/data/training_cache_manifest_v2.json,True
C1_TRAINING_STATE,A1.3R_FINAL_C1_FIT,C1_COMPACT_RELATIONAL,CB1_CAUR_M_CF2_RI2_TI2_R12,instances/controlled/RCIAS-CB1-TRAIN-CAUR-R12R14/r12_caur_fit/CB1_CAUR_M_CF2_RI2_TI2_R12.json,d9ebab88d1a3e2d3da92e56533b0c1d062ebeb81d84c125ec61af8fe79e7087a,ngas-a13-development-v1:CB1_CAUR_M_CF2_RI2_TI2_R12:NATIVE16_746103,NATIVE16_746103,NATIVE16_SEARCH_STATE,746103,2,90,True,,outputs/ngas_a1/critic_training_rthgt_v2/data/training_cache_v2.json.gz,587d8de6236a4be4abed1be4cad332bd97ff2c2056d18bc6311ee1d490c4ecb2,outputs/ngas_a1/critic_training_rthgt_v2/data/training_cache_manifest_v2.json,True
C1_TRAINING_STATE,A1.3R_FINAL_C1_FIT,C1_COMPACT_RELATIONAL,CB1_CAUR_M_CF2_RI2_TI2_R12_C02,instances/controlled/RCIAS-CB1-TRAIN-CAUR-R12R14/r12_caur_fit/CB1_CAUR_M_CF2_RI2_TI2_R12_C02.json,9a1b7de15cfd0663d92ad81a5378da0922b92dc6f7c6b042cd8daf542a21b803,ngas-a13-development-v1:CB1_CAUR_M_CF2_RI2_TI2_R12_C02:H1,H1,H1_INITIAL,,2,90,True,,outputs/ngas_a1/critic_training_rthgt_v2/data/training_cache_v2.json.gz,587d8de6236a4be4abed1be4cad332bd97ff2c2056d18bc6311ee1d490c4ecb2,outputs/ngas_a1/critic_training_rthgt_v2/data/training_cache_manifest_v2.json,True
C1_TRAINING_STATE,A1.3R_FINAL_C1_FIT,C1_COMPACT_RELATIONAL,CB1_CAUR_M_CF2_RI2_TI2_R12_C02,instances/controlled/RCIAS-CB1-TRAIN-CAUR-R12R14/r12_caur_fit/CB1_CAUR_M_CF2_RI2_TI2_R12_C02.json,9a1b7de15cfd0663d92ad81a5378da0922b92dc6f7c6b042cd8daf542a21b803,ngas-a13-development-v1:CB1_CAUR_M_CF2_RI2_TI2_R12_C02:NATIVE16_746101,NATIVE16_746101,NATIVE16_SEARCH_STATE,746101,2,90,True,,outputs/ngas_a1/critic_training_rthgt_v2/data/training_cache_v2.json.gz,587d8de6236a4be4abed1be4cad332bd97ff2c2056d18bc6311ee1d490c4ecb2,outputs/ngas_a1/critic_training_rthgt_v2/data/training_cache_manifest_v2.json,True
C1_TRAINING_STATE,A1.3R_FINAL_C1_FIT,C1_COMPACT_RELATIONAL,CB1_CAUR_M_CF2_RI2_TI2_R12_C02,instances/controlled/RCIAS-CB1-TRAIN-CAUR-R12R14/r12_caur_fit/CB1_CAUR_M_CF2_RI2_TI2_R12_C02.json,9a1b7de15cfd0663d92ad81a5378da0922b92dc6f7c6b042cd8daf542a21b803,ngas-a13-development-v1:CB1_CAUR_M_CF2_RI2_TI2_R12_C02:NATIVE16_746102,NATIVE16_746102,NATIVE16_SEARCH_STATE,746102,2,90,True,,outputs/ngas_a1/critic_training_rthgt_v2/data/training_cache_v2.json.gz,587d8de6236a4be4abed1be4cad332bd97ff2c2056d18bc6311ee1d490c4ecb2,outputs/ngas_a1/critic_training_rthgt_v2/data/training_cache_manifest_v2.json,True
C1_TRAINING_STATE,A1.3R_FINAL_C1_FIT,C1_COMPACT_RELATIONAL,CB1_CAUR_M_CF2_RI2_TI2_R12_C02,instances/controlled/RCIAS-CB1-TRAIN-CAUR-R12R14/r12_caur_fit/CB1_CAUR_M_CF2_RI2_TI2_R12_C02.json,9a1b7de15cfd0663d92ad81a5378da0922b92dc6f7c6b042cd8daf542a21b803,ngas-a13-development-v1:CB1_CAUR_M_CF2_RI2_TI2_R12_C02:NATIVE16_746103,NATIVE16_746103,NATIVE16_SEARCH_STATE,746103,2,90,True,,outputs/ngas_a1/critic_training_rthgt_v2/data/training_cache_v2.json.gz,587d8de6236a4be4abed1be4cad332bd97ff2c2056d18bc6311ee1d490c4ecb2,outputs/ngas_a1/critic_training_rthgt_v2/data/training_cache_manifest_v2.json,True
C1_TRAINING_STATE,A1.3R_FINAL_C1_FIT,C1_COMPACT_RELATIONAL,CB1_CAUR_M_CF3_RI2_TI2_R12,instances/controlled/RCIAS-CB1-TRAIN-CAUR-R12R14/r12_caur_fit/CB1_CAUR_M_CF3_RI2_TI2_R12.json,5ccadcfce0befc39234938c398bf932ff364dcf6a2ecd7adb51cebdb1d489239,ngas-a13-development-v1:CB1_CAUR_M_CF3_RI2_TI2_R12:H1,H1,H1_INITIAL,,0,90,True,,outputs/ngas_a1/critic_training_rthgt_v2/data/training_cache_v2.json.gz,587d8de6236a4be4abed1be4cad332bd97ff2c2056d18bc6311ee1d490c4ecb2,outputs/ngas_a1/critic_training_rthgt_v2/data/training_cache_manifest_v2.json,True
C1_TRAINING_STATE,A1.3R_FINAL_C1_FIT,C1_COMPACT_RELATIONAL,CB1_CAUR_M_CF3_RI2_TI2_R12,instances/controlled/RCIAS-CB1-TRAIN-CAUR-R12R14/r12_caur_fit/CB1_CAUR_M_CF3_RI2_TI2_R12.json,5ccadcfce0befc39234938c398bf932ff364dcf6a2ecd7adb51cebdb1d489239,ngas-a13-development-v1:CB1_CAUR_M_CF3_RI2_TI2_R12:NATIVE16_746101,NATIVE16_746101,NATIVE16_SEARCH_STATE,746101,0,90,True,,outputs/ngas_a1/critic_training_rthgt_v2/data/training_cache_v2.json.gz,587d8de6236a4be4abed1be4cad332bd97ff2c2056d18bc6311ee1d490c4ecb2,outputs/ngas_a1/critic_training_rthgt_v2/data/training_cache_manifest_v2.json,True
C1_TRAINING_STATE,A1.3R_FINAL_C1_FIT,C1_COMPACT_RELATIONAL,CB1_CAUR_M_CF3_RI2_TI2_R12,instances/controlled/RCIAS-CB1-TRAIN-CAUR-R12R14/r12_caur_fit/CB1_CAUR_M_CF3_RI2_TI2_R12.json,5ccadcfce0befc39234938c398bf932ff364dcf6a2ecd7adb51cebdb1d489239,ngas-a13-development-v1:CB1_CAUR_M_CF3_RI2_TI2_R12:NATIVE16_746102,NATIVE16_746102,NATIVE16_SEARCH_STATE,746102,0,90,True,,outputs/ngas_a1/critic_training_rthgt_v2/data/training_cache_v2.json.gz,587d8de6236a4be4abed1be4cad332bd97ff2c2056d18bc6311ee1d490c4ecb2,outputs/ngas_a1/critic_training_rthgt_v2/data/training_cache_manifest_v2.json,True
C1_TRAINING_STATE,A1.3R_FINAL_C1_FIT,C1_COMPACT_RELATIONAL,CB1_CAUR_M_CF3_RI2_TI2_R12,instances/controlled/RCIAS-CB1-TRAIN-CAUR-R12R14/r12_caur_fit/CB1_CAUR_M_CF3_RI2_TI2_R12.json,5ccadcfce0befc39234938c398bf932ff364dcf6a2ecd7adb51cebdb1d489239,ngas-a13-development-v1:CB1_CAUR_M_CF3_RI2_TI2_R12:NATIVE16_746103,NATIVE16_746103,NATIVE16_SEARCH_STATE,746103,0,90,True,,outputs/ngas_a1/critic_training_rthgt_v2/data/training_cache_v2.json.gz,587d8de6236a4be4abed1be4cad332bd97ff2c2056d18bc6311ee1d490c4ecb2,outputs/ngas_a1/critic_training_rthgt_v2/data/training_cache_manifest_v2.json,True
C1_TRAINING_STATE,A1.3R_FINAL_C1_FIT,C1_COMPACT_RELATIONAL,CB1_CAUR_M_CF3_RI2_TI2_R12_C02,instances/controlled/RCIAS-CB1-TRAIN-CAUR-R12R14/r12_caur_fit/CB1_CAUR_M_CF3_RI2_TI2_R12_C02.json,94cd02375f0a1e0e878aaf1591384d4eaceee39aab3ebab323e7739ac2e086d7,ngas-a13-development-v1:CB1_CAUR_M_CF3_RI2_TI2_R12_C02:H1,H1,H1_INITIAL,,0,90,True,,outputs/ngas_a1/critic_training_rthgt_v2/data/training_cache_v2.json.gz,587d8de6236a4be4abed1be4cad332bd97ff2c2056d18bc6311ee1d490c4ecb2,outputs/ngas_a1/critic_training_rthgt_v2/data/training_cache_manifest_v2.json,True
C1_TRAINING_STATE,A1.3R_FINAL_C1_FIT,C1_COMPACT_RELATIONAL,CB1_CAUR_M_CF3_RI2_TI2_R12_C02,instances/controlled/RCIAS-CB1-TRAIN-CAUR-R12R14/r12_caur_fit/CB1_CAUR_M_CF3_RI2_TI2_R12_C02.json,94cd02375f0a1e0e878aaf1591384d4eaceee39aab3ebab323e7739ac2e086d7,ngas-a13-development-v1:CB1_CAUR_M_CF3_RI2_TI2_R12_C02:NATIVE16_746101,NATIVE16_746101,NATIVE16_SEARCH_STATE,746101,0,90,True,,outputs/ngas_a1/critic_training_rthgt_v2/data/training_cache_v2.json.gz,587d8de6236a4be4abed1be4cad332bd97ff2c2056d18bc6311ee1d490c4ecb2,outputs/ngas_a1/critic_training_rthgt_v2/data/training_cache_manifest_v2.json,True
C1_TRAINING_STATE,A1.3R_FINAL_C1_FIT,C1_COMPACT_RELATIONAL,CB1_CAUR_M_CF3_RI2_TI2_R12_C02,instances/controlled/RCIAS-CB1-TRAIN-CAUR-R12R14/r12_caur_fit/CB1_CAUR_M_CF3_RI2_TI2_R12_C02.json,94cd02375f0a1e0e878aaf1591384d4eaceee39aab3ebab323e7739ac2e086d7,ngas-a13-development-v1:CB1_CAUR_M_CF3_RI2_TI2_R12_C02:NATIVE16_746102,NATIVE16_746102,NATIVE16_SEARCH_STATE,746102,0,90,True,,outputs/ngas_a1/critic_training_rthgt_v2/data/training_cache_v2.json.gz,587d8de6236a4be4abed1be4cad332bd97ff2c2056d18bc6311ee1d490c4ecb2,outputs/ngas_a1/critic_training_rthgt_v2/data/training_cache_manifest_v2.json,True
C1_TRAINING_STATE,A1.3R_FINAL_C1_FIT,C1_COMPACT_RELATIONAL,CB1_CAUR_M_CF3_RI2_TI2_R12_C02,instances/controlled/RCIAS-CB1-TRAIN-CAUR-R12R14/r12_caur_fit/CB1_CAUR_M_CF3_RI2_TI2_R12_C02.json,94cd02375f0a1e0e878aaf1591384d4eaceee39aab3ebab323e7739ac2e086d7,ngas-a13-development-v1:CB1_CAUR_M_CF3_RI2_TI2_R12_C02:NATIVE16_746103,NATIVE16_746103,NATIVE16_SEARCH_STATE,746103,0,90,True,,outputs/ngas_a1/critic_training_rthgt_v2/data/training_cache_v2.json.gz,587d8de6236a4be4abed1be4cad332bd97ff2c2056d18bc6311ee1d490c4ecb2,outputs/ngas_a1/critic_training_rthgt_v2/data/training_cache_manifest_v2.json,True
C1_TRAINING_STATE,A1.3R_FINAL_C1_FIT,C1_COMPACT_RELATIONAL,CB1_CAUR_S_CF1_RI2_TI2_R12,instances/controlled/RCIAS-CB1-TRAIN-CAUR-R12R14/r12_caur_fit/CB1_CAUR_S_CF1_RI2_TI2_R12.json,12ff9dd4ce3a668c89ba8edd8ee0c9f87232f00b8ce8dbb42a4827402c20047a,ngas-a13-development-v1:CB1_CAUR_S_CF1_RI2_TI2_R12:H1,H1,H1_INITIAL,,0,90,True,,outputs/ngas_a1/critic_training_rthgt_v2/data/training_cache_v2.json.gz,587d8de6236a4be4abed1be4cad332bd97ff2c2056d18bc6311ee1d490c4ecb2,outputs/ngas_a1/critic_training_rthgt_v2/data/training_cache_manifest_v2.json,True
C1_TRAINING_STATE,A1.3R_FINAL_C1_FIT,C1_COMPACT_RELATIONAL,CB1_CAUR_S_CF1_RI2_TI2_R12,instances/controlled/RCIAS-CB1-TRAIN-CAUR-R12R14/r12_caur_fit/CB1_CAUR_S_CF1_RI2_TI2_R12.json,12ff9dd4ce3a668c89ba8edd8ee0c9f87232f00b8ce8dbb42a4827402c20047a,ngas-a13-development-v1:CB1_CAUR_S_CF1_RI2_TI2_R12:NATIVE16_746101,NATIVE16_746101,NATIVE16_SEARCH_STATE,746101,0,90,True,,outputs/ngas_a1/critic_training_rthgt_v2/data/training_cache_v2.json.gz,587d8de6236a4be4abed1be4cad332bd97ff2c2056d18bc6311ee1d490c4ecb2,outputs/ngas_a1/critic_training_rthgt_v2/data/training_cache_manifest_v2.json,True
C1_TRAINING_STATE,A1.3R_FINAL_C1_FIT,C1_COMPACT_RELATIONAL,CB1_CAUR_S_CF1_RI2_TI2_R12,instances/controlled/RCIAS-CB1-TRAIN-CAUR-R12R14/r12_caur_fit/CB1_CAUR_S_CF1_RI2_TI2_R12.json,12ff9dd4ce3a668c89ba8edd8ee0c9f87232f00b8ce8dbb42a4827402c20047a,ngas-a13-development-v1:CB1_CAUR_S_CF1_RI2_TI2_R12:NATIVE16_746102,NATIVE16_746102,NATIVE16_SEARCH_STATE,746102,0,90,True,,outputs/ngas_a1/critic_training_rthgt_v2/data/training_cache_v2.json.gz,587d8de6236a4be4abed1be4cad332bd97ff2c2056d18bc6311ee1d490c4ecb2,outputs/ngas_a1/critic_training_rthgt_v2/data/training_cache_manifest_v2.json,True
C1_TRAINING_STATE,A1.3R_FINAL_C1_FIT,C1_COMPACT_RELATIONAL,CB1_CAUR_S_CF1_RI2_TI2_R12,instances/controlled/RCIAS-CB1-TRAIN-CAUR-R12R14/r12_caur_fit/CB1_CAUR_S_CF1_RI2_TI2_R12.json,12ff9dd4ce3a668c89ba8edd8ee0c9f87232f00b8ce8dbb42a4827402c20047a,ngas-a13-development-v1:CB1_CAUR_S_CF1_RI2_TI2_R12:NATIVE16_746103,NATIVE16_746103,NATIVE16_SEARCH_STATE,746103,0,90,True,,outputs/ngas_a1/critic_training_rthgt_v2/data/training_cache_v2.json.gz,587d8de6236a4be4abed1be4cad332bd97ff2c2056d18bc6311ee1d490c4ecb2,outputs/ngas_a1/critic_training_rthgt_v2/data/training_cache_manifest_v2.json,True
C1_TRAINING_STATE,A1.3R_FINAL_C1_FIT,C1_COMPACT_RELATIONAL,CB1_CAUR_S_CF1_RI2_TI2_R12_C02,instances/controlled/RCIAS-CB1-TRAIN-CAUR-R12R14/r12_caur_fit/CB1_CAUR_S_CF1_RI2_TI2_R12_C02.json,74a7fad62f6bab915dde95c71d8cee211cc37cf7ba296a7f69869350a5c295d4,ngas-a13-development-v1:CB1_CAUR_S_CF1_RI2_TI2_R12_C02:H1,H1,H1_INITIAL,,0,90,True,,outputs/ngas_a1/critic_training_rthgt_v2/data/training_cache_v2.json.gz,587d8de6236a4be4abed1be4cad332bd97ff2c2056d18bc6311ee1d490c4ecb2,outputs/ngas_a1/critic_training_rthgt_v2/data/training_cache_manifest_v2.json,True
C1_TRAINING_STATE,A1.3R_FINAL_C1_FIT,C1_COMPACT_RELATIONAL,CB1_CAUR_S_CF1_RI2_TI2_R12_C02,instances/controlled/RCIAS-CB1-TRAIN-CAUR-R12R14/r12_caur_fit/CB1_CAUR_S_CF1_RI2_TI2_R12_C02.json,74a7fad62f6bab915dde95c71d8cee211cc37cf7ba296a7f69869350a5c295d4,ngas-a13-development-v1:CB1_CAUR_S_CF1_RI2_TI2_R12_C02:NATIVE16_746101,NATIVE16_746101,NATIVE16_SEARCH_STATE,746101,0,90,True,,outputs/ngas_a1/critic_training_rthgt_v2/data/training_cache_v2.json.gz,587d8de6236a4be4abed1be4cad332bd97ff2c2056d18bc6311ee1d490c4ecb2,outputs/ngas_a1/critic_training_rthgt_v2/data/training_cache_manifest_v2.json,True
C1_TRAINING_STATE,A1.3R_FINAL_C1_FIT,C1_COMPACT_RELATIONAL,CB1_CAUR_S_CF1_RI2_TI2_R12_C02,instances/controlled/RCIAS-CB1-TRAIN-CAUR-R12R14/r12_caur_fit/CB1_CAUR_S_CF1_RI2_TI2_R12_C02.json,74a7fad62f6bab915dde95c71d8cee211cc37cf7ba296a7f69869350a5c295d4,ngas-a13-development-v1:CB1_CAUR_S_CF1_RI2_TI2_R12_C02:NATIVE16_746102,NATIVE16_746102,NATIVE16_SEARCH_STATE,746102,0,90,True,,outputs/ngas_a1/critic_training_rthgt_v2/data/training_cache_v2.json.gz,587d8de6236a4be4abed1be4cad332bd97ff2c2056d18bc6311ee1d490c4ecb2,outputs/ngas_a1/critic_training_rthgt_v2/data/training_cache_manifest_v2.json,True
C1_TRAINING_STATE,A1.3R_FINAL_C1_FIT,C1_COMPACT_RELATIONAL,CB1_CAUR_S_CF1_RI2_TI2_R12_C02,instances/controlled/RCIAS-CB1-TRAIN-CAUR-R12R14/r12_caur_fit/CB1_CAUR_S_CF1_RI2_TI2_R12_C02.json,74a7fad62f6bab915dde95c71d8cee211cc37cf7ba296a7f69869350a5c295d4,ngas-a13-development-v1:CB1_CAUR_S_CF1_RI2_TI2_R12_C02:NATIVE16_746103,NATIVE16_746103,NATIVE16_SEARCH_STATE,746103,0,90,True,,outputs/ngas_a1/critic_training_rthgt_v2/data/training_cache_v2.json.gz,587d8de6236a4be4abed1be4cad332bd97ff2c2056d18bc6311ee1d490c4ecb2,outputs/ngas_a1/critic_training_rthgt_v2/data/training_cache_manifest_v2.json,True
C1_TRAINING_STATE,A1.3R_FINAL_C1_FIT,C1_COMPACT_RELATIONAL,CB1_CAUR_S_CF2_RI2_TI2_R12,instances/controlled/RCIAS-CB1-TRAIN-CAUR-R12R14/r12_caur_fit/CB1_CAUR_S_CF2_RI2_TI2_R12.json,539a503ec74ff5d21200fb1410004fe10142f209ce1f6e910a08abb20b2d8f23,ngas-a13-development-v1:CB1_CAUR_S_CF2_RI2_TI2_R12:H1,H1,H1_INITIAL,,1,85,True,,outputs/ngas_a1/critic_training_rthgt_v2/data/training_cache_v2.json.gz,587d8de6236a4be4abed1be4cad332bd97ff2c2056d18bc6311ee1d490c4ecb2,outputs/ngas_a1/critic_training_rthgt_v2/data/training_cache_manifest_v2.json,True
C1_TRAINING_STATE,A1.3R_FINAL_C1_FIT,C1_COMPACT_RELATIONAL,CB1_CAUR_S_CF2_RI2_TI2_R12,instances/controlled/RCIAS-CB1-TRAIN-CAUR-R12R14/r12_caur_fit/CB1_CAUR_S_CF2_RI2_TI2_R12.json,539a503ec74ff5d21200fb1410004fe10142f209ce1f6e910a08abb20b2d8f23,ngas-a13-development-v1:CB1_CAUR_S_CF2_RI2_TI2_R12:NATIVE16_746101,NATIVE16_746101,NATIVE16_SEARCH_STATE,746101,1,90,True,,outputs/ngas_a1/critic_training_rthgt_v2/data/training_cache_v2.json.gz,587d8de6236a4be4abed1be4cad332bd97ff2c2056d18bc6311ee1d490c4ecb2,outputs/ngas_a1/critic_training_rthgt_v2/data/training_cache_manifest_v2.json,True
C1_TRAINING_STATE,A1.3R_FINAL_C1_FIT,C1_COMPACT_RELATIONAL,CB1_CAUR_S_CF2_RI2_TI2_R12,instances/controlled/RCIAS-CB1-TRAIN-CAUR-R12R14/r12_caur_fit/CB1_CAUR_S_CF2_RI2_TI2_R12.json,539a503ec74ff5d21200fb1410004fe10142f209ce1f6e910a08abb20b2d8f23,ngas-a13-development-v1:CB1_CAUR_S_CF2_RI2_TI2_R12:NATIVE16_746102,NATIVE16_746102,NATIVE16_SEARCH_STATE,746102,1,85,True,,outputs/ngas_a1/critic_training_rthgt_v2/data/training_cache_v2.json.gz,587d8de6236a4be4abed1be4cad332bd97ff2c2056d18bc6311ee1d490c4ecb2,outputs/ngas_a1/critic_training_rthgt_v2/data/training_cache_manifest_v2.json,True
C1_TRAINING_STATE,A1.3R_FINAL_C1_FIT,C1_COMPACT_RELATIONAL,CB1_CAUR_S_CF2_RI2_TI2_R12,instances/controlled/RCIAS-CB1-TRAIN-CAUR-R12R14/r12_caur_fit/CB1_CAUR_S_CF2_RI2_TI2_R12.json,539a503ec74ff5d21200fb1410004fe10142f209ce1f6e910a08abb20b2d8f23,ngas-a13-development-v1:CB1_CAUR_S_CF2_RI2_TI2_R12:NATIVE16_746103,NATIVE16_746103,NATIVE16_SEARCH_STATE,746103,1,90,True,,outputs/ngas_a1/critic_training_rthgt_v2/data/training_cache_v2.json.gz,587d8de6236a4be4abed1be4cad332bd97ff2c2056d18bc6311ee1d490c4ecb2,outputs/ngas_a1/critic_training_rthgt_v2/data/training_cache_manifest_v2.json,True
C1_TRAINING_STATE,A1.3R_FINAL_C1_FIT,C1_COMPACT_RELATIONAL,CB1_CAUR_S_CF2_RI2_TI2_R12_C02,instances/controlled/RCIAS-CB1-TRAIN-CAUR-R12R14/r12_caur_fit/CB1_CAUR_S_CF2_RI2_TI2_R12_C02.json,92d8057295dbcbc4b54e91705c109ca5182fb4203fc8d99455311346d6468af6,ngas-a13-development-v1:CB1_CAUR_S_CF2_RI2_TI2_R12_C02:H1,H1,H1_INITIAL,,1,90,True,,outputs/ngas_a1/critic_training_rthgt_v2/data/training_cache_v2.json.gz,587d8de6236a4be4abed1be4cad332bd97ff2c2056d18bc6311ee1d490c4ecb2,outputs/ngas_a1/critic_training_rthgt_v2/data/training_cache_manifest_v2.json,True
C1_TRAINING_STATE,A1.3R_FINAL_C1_FIT,C1_COMPACT_RELATIONAL,CB1_CAUR_S_CF2_RI2_TI2_R12_C02,instances/controlled/RCIAS-CB1-TRAIN-CAUR-R12R14/r12_caur_fit/CB1_CAUR_S_CF2_RI2_TI2_R12_C02.json,92d8057295dbcbc4b54e91705c109ca5182fb4203fc8d99455311346d6468af6,ngas-a13-development-v1:CB1_CAUR_S_CF2_RI2_TI2_R12_C02:NATIVE16_746101,NATIVE16_746101,NATIVE16_SEARCH_STATE,746101,1,90,True,,outputs/ngas_a1/critic_training_rthgt_v2/data/training_cache_v2.json.gz,587d8de6236a4be4abed1be4cad332bd97ff2c2056d18bc6311ee1d490c4ecb2,outputs/ngas_a1/critic_training_rthgt_v2/data/training_cache_manifest_v2.json,True
C1_TRAINING_STATE,A1.3R_FINAL_C1_FIT,C1_COMPACT_RELATIONAL,CB1_CAUR_S_CF2_RI2_TI2_R12_C02,instances/controlled/RCIAS-CB1-TRAIN-CAUR-R12R14/r12_caur_fit/CB1_CAUR_S_CF2_RI2_TI2_R12_C02.json,92d8057295dbcbc4b54e91705c109ca5182fb4203fc8d99455311346d6468af6,ngas-a13-development-v1:CB1_CAUR_S_CF2_RI2_TI2_R12_C02:NATIVE16_746102,NATIVE16_746102,NATIVE16_SEARCH_STATE,746102,1,90,True,,outputs/ngas_a1/critic_training_rthgt_v2/data/training_cache_v2.json.gz,587d8de6236a4be4abed1be4cad332bd97ff2c2056d18bc6311ee1d490c4ecb2,outputs/ngas_a1/critic_training_rthgt_v2/data/training_cache_manifest_v2.json,True
C1_TRAINING_STATE,A1.3R_FINAL_C1_FIT,C1_COMPACT_RELATIONAL,CB1_CAUR_S_CF2_RI2_TI2_R12_C02,instances/controlled/RCIAS-CB1-TRAIN-CAUR-R12R14/r12_caur_fit/CB1_CAUR_S_CF2_RI2_TI2_R12_C02.json,92d8057295dbcbc4b54e91705c109ca5182fb4203fc8d99455311346d6468af6,ngas-a13-development-v1:CB1_CAUR_S_CF2_RI2_TI2_R12_C02:NATIVE16_746103,NATIVE16_746103,NATIVE16_SEARCH_STATE,746103,1,90,True,,outputs/ngas_a1/critic_training_rthgt_v2/data/training_cache_v2.json.gz,587d8de6236a4be4abed1be4cad332bd97ff2c2056d18bc6311ee1d490c4ecb2,outputs/ngas_a1/critic_training_rthgt_v2/data/training_cache_manifest_v2.json,True
C1_TRAINING_STATE,A1.3R_FINAL_C1_FIT,C1_COMPACT_RELATIONAL,CB1_CAUR_S_CF3_RI2_TI2_R12,instances/controlled/RCIAS-CB1-TRAIN-CAUR-R12R14/r12_caur_fit/CB1_CAUR_S_CF3_RI2_TI2_R12.json,3f232d8c25a7545c618b92d20016e072a645edcbe2b6e5247d8ed2da66733eff,ngas-a13-development-v1:CB1_CAUR_S_CF3_RI2_TI2_R12:H1,H1,H1_INITIAL,,2,90,True,,outputs/ngas_a1/critic_training_rthgt_v2/data/training_cache_v2.json.gz,587d8de6236a4be4abed1be4cad332bd97ff2c2056d18bc6311ee1d490c4ecb2,outputs/ngas_a1/critic_training_rthgt_v2/data/training_cache_manifest_v2.json,True
C1_TRAINING_STATE,A1.3R_FINAL_C1_FIT,C1_COMPACT_RELATIONAL,CB1_CAUR_S_CF3_RI2_TI2_R12,instances/controlled/RCIAS-CB1-TRAIN-CAUR-R12R14/r12_caur_fit/CB1_CAUR_S_CF3_RI2_TI2_R12.json,3f232d8c25a7545c618b92d20016e072a645edcbe2b6e5247d8ed2da66733eff,ngas-a13-development-v1:CB1_CAUR_S_CF3_RI2_TI2_R12:NATIVE16_746101,NATIVE16_746101,NATIVE16_SEARCH_STATE,746101,2,90,True,,outputs/ngas_a1/critic_training_rthgt_v2/data/training_cache_v2.json.gz,587d8de6236a4be4abed1be4cad332bd97ff2c2056d18bc6311ee1d490c4ecb2,outputs/ngas_a1/critic_training_rthgt_v2/data/training_cache_manifest_v2.json,True
C1_TRAINING_STATE,A1.3R_FINAL_C1_FIT,C1_COMPACT_RELATIONAL,CB1_CAUR_S_CF3_RI2_TI2_R12,instances/controlled/RCIAS-CB1-TRAIN-CAUR-R12R14/r12_caur_fit/CB1_CAUR_S_CF3_RI2_TI2_R12.json,3f232d8c25a7545c618b92d20016e072a645edcbe2b6e5247d8ed2da66733eff,ngas-a13-development-v1:CB1_CAUR_S_CF3_RI2_TI2_R12:NATIVE16_746102,NATIVE16_746102,NATIVE16_SEARCH_STATE,746102,2,90,True,,outputs/ngas_a1/critic_training_rthgt_v2/data/training_cache_v2.json.gz,587d8de6236a4be4abed1be4cad332bd97ff2c2056d18bc6311ee1d490c4ecb2,outputs/ngas_a1/critic_training_rthgt_v2/data/training_cache_manifest_v2.json,True
C1_TRAINING_STATE,A1.3R_FINAL_C1_FIT,C1_COMPACT_RELATIONAL,CB1_CAUR_S_CF3_RI2_TI2_R12,instances/controlled/RCIAS-CB1-TRAIN-CAUR-R12R14/r12_caur_fit/CB1_CAUR_S_CF3_RI2_TI2_R12.json,3f232d8c25a7545c618b92d20016e072a645edcbe2b6e5247d8ed2da66733eff,ngas-a13-development-v1:CB1_CAUR_S_CF3_RI2_TI2_R12:NATIVE16_746103,NATIVE16_746103,NATIVE16_SEARCH_STATE,746103,2,90,True,,outputs/ngas_a1/critic_training_rthgt_v2/data/training_cache_v2.json.gz,587d8de6236a4be4abed1be4cad332bd97ff2c2056d18bc6311ee1d490c4ecb2,outputs/ngas_a1/critic_training_rthgt_v2/data/training_cache_manifest_v2.json,True
C1_TRAINING_STATE,A1.3R_FINAL_C1_FIT,C1_COMPACT_RELATIONAL,CB1_CAUR_S_CF3_RI2_TI2_R12_C02,instances/controlled/RCIAS-CB1-TRAIN-CAUR-R12R14/r12_caur_fit/CB1_CAUR_S_CF3_RI2_TI2_R12_C02.json,96c10a051fa514f280b12e2f8c0ccf414e920ac4610fe333af1151dc928410d4,ngas-a13-development-v1:CB1_CAUR_S_CF3_RI2_TI2_R12_C02:H1,H1,H1_INITIAL,,2,90,True,,outputs/ngas_a1/critic_training_rthgt_v2/data/training_cache_v2.json.gz,587d8de6236a4be4abed1be4cad332bd97ff2c2056d18bc6311ee1d490c4ecb2,outputs/ngas_a1/critic_training_rthgt_v2/data/training_cache_manifest_v2.json,True
C1_TRAINING_STATE,A1.3R_FINAL_C1_FIT,C1_COMPACT_RELATIONAL,CB1_CAUR_S_CF3_RI2_TI2_R12_C02,instances/controlled/RCIAS-CB1-TRAIN-CAUR-R12R14/r12_caur_fit/CB1_CAUR_S_CF3_RI2_TI2_R12_C02.json,96c10a051fa514f280b12e2f8c0ccf414e920ac4610fe333af1151dc928410d4,ngas-a13-development-v1:CB1_CAUR_S_CF3_RI2_TI2_R12_C02:NATIVE16_746101,NATIVE16_746101,NATIVE16_SEARCH_STATE,746101,2,90,True,,outputs/ngas_a1/critic_training_rthgt_v2/data/training_cache_v2.json.gz,587d8de6236a4be4abed1be4cad332bd97ff2c2056d18bc6311ee1d490c4ecb2,outputs/ngas_a1/critic_training_rthgt_v2/data/training_cache_manifest_v2.json,True
C1_TRAINING_STATE,A1.3R_FINAL_C1_FIT,C1_COMPACT_RELATIONAL,CB1_CAUR_S_CF3_RI2_TI2_R12_C02,instances/controlled/RCIAS-CB1-TRAIN-CAUR-R12R14/r12_caur_fit/CB1_CAUR_S_CF3_RI2_TI2_R12_C02.json,96c10a051fa514f280b12e2f8c0ccf414e920ac4610fe333af1151dc928410d4,ngas-a13-development-v1:CB1_CAUR_S_CF3_RI2_TI2_R12_C02:NATIVE16_746102,NATIVE16_746102,NATIVE16_SEARCH_STATE,746102,2,90,True,,outputs/ngas_a1/critic_training_rthgt_v2/data/training_cache_v2.json.gz,587d8de6236a4be4abed1be4cad332bd97ff2c2056d18bc6311ee1d490c4ecb2,outputs/ngas_a1/critic_training_rthgt_v2/data/training_cache_manifest_v2.json,True
C1_TRAINING_STATE,A1.3R_FINAL_C1_FIT,C1_COMPACT_RELATIONAL,CB1_CAUR_S_CF3_RI2_TI2_R12_C02,instances/controlled/RCIAS-CB1-TRAIN-CAUR-R12R14/r12_caur_fit/CB1_CAUR_S_CF3_RI2_TI2_R12_C02.json,96c10a051fa514f280b12e2f8c0ccf414e920ac4610fe333af1151dc928410d4,ngas-a13-development-v1:CB1_CAUR_S_CF3_RI2_TI2_R12_C02:NATIVE16_746103,NATIVE16_746103,NATIVE16_SEARCH_STATE,746103,2,90,True,,outputs/ngas_a1/critic_training_rthgt_v2/data/training_cache_v2.json.gz,587d8de6236a4be4abed1be4cad332bd97ff2c2056d18bc6311ee1d490c4ecb2,outputs/ngas_a1/critic_training_rthgt_v2/data/training_cache_manifest_v2.json,True
SOLVER_COMPARISON_RUN,A1.6_INVALID_CONCURRENCY,NGAS_A1_6,CB1_CAUR_L_CF1_RI2_TI2_R12,instances/controlled/RCIAS-CB1-TRAIN-CAUR-R12R14/r12_caur_fit/CB1_CAUR_L_CF1_RI2_TI2_R12.json,c0b6374d4eb72ada83b8a8452425b71b4322e61123edbb755f2cd08927288b7a,,,,746101,,,False,332.0,outputs/ngas_a1/solver_comparison_v1/raw/CB1_CAUR_L_CF1_RI2_TI2_R12/seed_746101.json,dff40b1067c349f4dd44b54f7c32ce02808302104fc5539754f4338273203a7a,outputs/ngas_a1/solver_comparison_v1/raw_manifest.json,True
SOLVER_COMPARISON_RUN,A1.6_INVALID_CONCURRENCY,NGAS_A1_6,CB1_CAUR_L_CF1_RI2_TI2_R12,instances/controlled/RCIAS-CB1-TRAIN-CAUR-R12R14/r12_caur_fit/CB1_CAUR_L_CF1_RI2_TI2_R12.json,c0b6374d4eb72ada83b8a8452425b71b4322e61123edbb755f2cd08927288b7a,,,,746102,,,False,332.0,outputs/ngas_a1/solver_comparison_v1/raw/CB1_CAUR_L_CF1_RI2_TI2_R12/seed_746102.json,c9b7e2cf0bbcad7b72d33aa1140fa93f30eeb1c9887234157a0be66d8215d07f,outputs/ngas_a1/solver_comparison_v1/raw_manifest.json,True
SOLVER_COMPARISON_RUN,A1.6_INVALID_CONCURRENCY,NGAS_A1_6,CB1_CAUR_L_CF1_RI2_TI2_R12,instances/controlled/RCIAS-CB1-TRAIN-CAUR-R12R14/r12_caur_fit/CB1_CAUR_L_CF1_RI2_TI2_R12.json,c0b6374d4eb72ada83b8a8452425b71b4322e61123edbb755f2cd08927288b7a,,,,746103,,,False,332.0,outputs/ngas_a1/solver_comparison_v1/raw/CB1_CAUR_L_CF1_RI2_TI2_R12/seed_746103.json,754e78a357a71877c536fd2e4c5e7f3713148bafbb6542f850e3aa432205446f,outputs/ngas_a1/solver_comparison_v1/raw_manifest.json,True
SOLVER_COMPARISON_RUN,A1.6_INVALID_CONCURRENCY,NGAS_A1_6,CB1_CAUR_L_CF1_RI2_TI2_R12_C02,instances/controlled/RCIAS-CB1-TRAIN-CAUR-R12R14/r12_caur_fit/CB1_CAUR_L_CF1_RI2_TI2_R12_C02.json,dd5c1ce71a5d72aad6c85617cb1718c9e57f3a6cfe23a0d18a92f0942ba56dc1,,,,746101,,,False,344.0,outputs/ngas_a1/solver_comparison_v1/raw/CB1_CAUR_L_CF1_RI2_TI2_R12_C02/seed_746101.json,c8b43662fc06c7d36d4bad656127cc4b732645e2f4bf013d1ef612655e42c1d5,outputs/ngas_a1/solver_comparison_v1/raw_manifest.json,True
SOLVER_COMPARISON_RUN,A1.6_INVALID_CONCURRENCY,NGAS_A1_6,CB1_CAUR_L_CF1_RI2_TI2_R12_C02,instances/controlled/RCIAS-CB1-TRAIN-CAUR-R12R14/r12_caur_fit/CB1_CAUR_L_CF1_RI2_TI2_R12_C02.json,dd5c1ce71a5d72aad6c85617cb1718c9e57f3a6cfe23a0d18a92f0942ba56dc1,,,,746102,,,False,344.0,outputs/ngas_a1/solver_comparison_v1/raw/CB1_CAUR_L_CF1_RI2_TI2_R12_C02/seed_746102.json,6f0b7c80f5f7d5967e9663940fc81fb8645378ed54e7b98ead9cea7d7b18fede,outputs/ngas_a1/solver_comparison_v1/raw_manifest.json,True
SOLVER_COMPARISON_RUN,A1.6_INVALID_CONCURRENCY,NGAS_A1_6,CB1_CAUR_L_CF1_RI2_TI2_R12_C02,instances/controlled/RCIAS-CB1-TRAIN-CAUR-R12R14/r12_caur_fit/CB1_CAUR_L_CF1_RI2_TI2_R12_C02.json,dd5c1ce71a5d72aad6c85617cb1718c9e57f3a6cfe23a0d18a92f0942ba56dc1,,,,746103,,,False,344.0,outputs/ngas_a1/solver_comparison_v1/raw/CB1_CAUR_L_CF1_RI2_TI2_R12_C02/seed_746103.json,2bee43fc507a6d9e6e4131cb0bfc77673a60c382547e40827fdcc6935cf41043,outputs/ngas_a1/solver_comparison_v1/raw_manifest.json,True
SOLVER_COMPARISON_RUN,A1.6_INVALID_CONCURRENCY,NGAS_A1_6,CB1_CAUR_L_CF2_RI2_TI2_R12,instances/controlled/RCIAS-CB1-TRAIN-CAUR-R12R14/r12_caur_fit/CB1_CAUR_L_CF2_RI2_TI2_R12.json,74b633a78dfe171189160ec0651f63c472fd7c4b456c8aa149cbc69f56bbcc8c,,,,746101,,,False,376.0,outputs/ngas_a1/solver_comparison_v1/raw/CB1_CAUR_L_CF2_RI2_TI2_R12/seed_746101.json,7bbc88a8c880fb1d643aec36aece93cca00aa9ff080a74666a64e6e40066311a,outputs/ngas_a1/solver_comparison_v1/raw_manifest.json,True
SOLVER_COMPARISON_RUN,A1.6_INVALID_CONCURRENCY,NGAS_A1_6,CB1_CAUR_L_CF2_RI2_TI2_R12,instances/controlled/RCIAS-CB1-TRAIN-CAUR-R12R14/r12_caur_fit/CB1_CAUR_L_CF2_RI2_TI2_R12.json,74b633a78dfe171189160ec0651f63c472fd7c4b456c8aa149cbc69f56bbcc8c,,,,746102,,,False,376.0,outputs/ngas_a1/solver_comparison_v1/raw/CB1_CAUR_L_CF2_RI2_TI2_R12/seed_746102.json,b7be0cf1e1ab0bb91fffff4c32fea80c40cc0815fe56f839daa13e536ff4289b,outputs/ngas_a1/solver_comparison_v1/raw_manifest.json,True
SOLVER_COMPARISON_RUN,A1.6_INVALID_CONCURRENCY,NGAS_A1_6,CB1_CAUR_L_CF2_RI2_TI2_R12,instances/controlled/RCIAS-CB1-TRAIN-CAUR-R12R14/r12_caur_fit/CB1_CAUR_L_CF2_RI2_TI2_R12.json,74b633a78dfe171189160ec0651f63c472fd7c4b456c8aa149cbc69f56bbcc8c,,,,746103,,,False,376.0,outputs/ngas_a1/solver_comparison_v1/raw/CB1_CAUR_L_CF2_RI2_TI2_R12/seed_746103.json,e7f026893c1a93d012e54f9dda048424c0e95a3e905ef91e7c943a4ce16accd7,outputs/ngas_a1/solver_comparison_v1/raw_manifest.json,True
SOLVER_COMPARISON_RUN,A1.6_INVALID_CONCURRENCY,NGAS_A1_6,CB1_CAUR_L_CF2_RI2_TI2_R12_C02,instances/controlled/RCIAS-CB1-TRAIN-CAUR-R12R14/r12_caur_fit/CB1_CAUR_L_CF2_RI2_TI2_R12_C02.json,48a9ab11246faafcf8189c16695cbf926f0ae8bdbc42dfab76d38b2d7830b091,,,,746101,,,False,388.0,outputs/ngas_a1/solver_comparison_v1/raw/CB1_CAUR_L_CF2_RI2_TI2_R12_C02/seed_746101.json,690d8d6f6a310296e59a43d7683647da4008941805ce57b4e1fb6e3dbda90024,outputs/ngas_a1/solver_comparison_v1/raw_manifest.json,True
SOLVER_COMPARISON_RUN,A1.6_INVALID_CONCURRENCY,NGAS_A1_6,CB1_CAUR_L_CF2_RI2_TI2_R12_C02,instances/controlled/RCIAS-CB1-TRAIN-CAUR-R12R14/r12_caur_fit/CB1_CAUR_L_CF2_RI2_TI2_R12_C02.json,48a9ab11246faafcf8189c16695cbf926f0ae8bdbc42dfab76d38b2d7830b091,,,,746102,,,False,388.0,outputs/ngas_a1/solver_comparison_v1/raw/CB1_CAUR_L_CF2_RI2_TI2_R12_C02/seed_746102.json,7b5f8b0fe9079b2f0b5129e3113762d1c8fd62b86f9db84baac2a856b7a92346,outputs/ngas_a1/solver_comparison_v1/raw_manifest.json,True
SOLVER_COMPARISON_RUN,A1.6_INVALID_CONCURRENCY,NGAS_A1_6,CB1_CAUR_L_CF2_RI2_TI2_R12_C02,instances/controlled/RCIAS-CB1-TRAIN-CAUR-R12R14/r12_caur_fit/CB1_CAUR_L_CF2_RI2_TI2_R12_C02.json,48a9ab11246faafcf8189c16695cbf926f0ae8bdbc42dfab76d38b2d7830b091,,,,746103,,,False,388.0,outputs/ngas_a1/solver_comparison_v1/raw/CB1_CAUR_L_CF2_RI2_TI2_R12_C02/seed_746103.json,89c6427a1880646750ff7fb2d8a85738425d86363b73a432816abd6626ceb6a9,outputs/ngas_a1/solver_comparison_v1/raw_manifest.json,True
SOLVER_COMPARISON_RUN,A1.6_INVALID_CONCURRENCY,NGAS_A1_6,CB1_CAUR_L_CF3_RI2_TI2_R12,instances/controlled/RCIAS-CB1-TRAIN-CAUR-R12R14/r12_caur_fit/CB1_CAUR_L_CF3_RI2_TI2_R12.json,bdb01c2b6350b572dcac6be3c542e696143bd4766ab3ae7939bff36e6234f25b,,,,746101,,,False,366.0,outputs/ngas_a1/solver_comparison_v1/raw/CB1_CAUR_L_CF3_RI2_TI2_R12/seed_746101.json,8603a53c5e9db7d1df6fdcc0ed9e5ebc91779f188797a6eacba02c2457ddd246,outputs/ngas_a1/solver_comparison_v1/raw_manifest.json,True
SOLVER_COMPARISON_RUN,A1.6_INVALID_CONCURRENCY,NGAS_A1_6,CB1_CAUR_L_CF3_RI2_TI2_R12,instances/controlled/RCIAS-CB1-TRAIN-CAUR-R12R14/r12_caur_fit/CB1_CAUR_L_CF3_RI2_TI2_R12.json,bdb01c2b6350b572dcac6be3c542e696143bd4766ab3ae7939bff36e6234f25b,,,,746102,,,False,366.0,outputs/ngas_a1/solver_comparison_v1/raw/CB1_CAUR_L_CF3_RI2_TI2_R12/seed_746102.json,9ccc006a203a1861b14b7a00befab75d27af754713ba374c6782ae133c1e72df,outputs/ngas_a1/solver_comparison_v1/raw_manifest.json,True
SOLVER_COMPARISON_RUN,A1.6_INVALID_CONCURRENCY,NGAS_A1_6,CB1_CAUR_L_CF3_RI2_TI2_R12,instances/controlled/RCIAS-CB1-TRAIN-CAUR-R12R14/r12_caur_fit/CB1_CAUR_L_CF3_RI2_TI2_R12.json,bdb01c2b6350b572dcac6be3c542e696143bd4766ab3ae7939bff36e6234f25b,,,,746103,,,False,366.0,outputs/ngas_a1/solver_comparison_v1/raw/CB1_CAUR_L_CF3_RI2_TI2_R12/seed_746103.json,5ff264aaadf363e06bb5684e270ceef5b9beab25c947075998421fa729d952d2,outputs/ngas_a1/solver_comparison_v1/raw_manifest.json,True
SOLVER_COMPARISON_RUN,A1.6_INVALID_CONCURRENCY,NGAS_A1_6,CB1_CAUR_L_CF3_RI2_TI2_R12_C02,instances/controlled/RCIAS-CB1-TRAIN-CAUR-R12R14/r12_caur_fit/CB1_CAUR_L_CF3_RI2_TI2_R12_C02.json,2373d994f8a29b3d5bc58aacb9c4f74c8c60d0950760ab044a7354c19b09f9b9,,,,746101,,,False,358.0,outputs/ngas_a1/solver_comparison_v1/raw/CB1_CAUR_L_CF3_RI2_TI2_R12_C02/seed_746101.json,55eff08fdcbe3ee94ae6df9a92c7cd0dba754b107076ce005e49f0a1a0af9c2d,outputs/ngas_a1/solver_comparison_v1/raw_manifest.json,True
SOLVER_COMPARISON_RUN,A1.6_INVALID_CONCURRENCY,NGAS_A1_6,CB1_CAUR_L_CF3_RI2_TI2_R12_C02,instances/controlled/RCIAS-CB1-TRAIN-CAUR-R12R14/r12_caur_fit/CB1_CAUR_L_CF3_RI2_TI2_R12_C02.json,2373d994f8a29b3d5bc58aacb9c4f74c8c60d0950760ab044a7354c19b09f9b9,,,,746102,,,False,358.0,outputs/ngas_a1/solver_comparison_v1/raw/CB1_CAUR_L_CF3_RI2_TI2_R12_C02/seed_746102.json,cc1949c8d970bfbdf23f4da1b013cd864ad944412fef4cfe2822d9b3cc8f929f,outputs/ngas_a1/solver_comparison_v1/raw_manifest.json,True
SOLVER_COMPARISON_RUN,A1.6_INVALID_CONCURRENCY,NGAS_A1_6,CB1_CAUR_L_CF3_RI2_TI2_R12_C02,instances/controlled/RCIAS-CB1-TRAIN-CAUR-R12R14/r12_caur_fit/CB1_CAUR_L_CF3_RI2_TI2_R12_C02.json,2373d994f8a29b3d5bc58aacb9c4f74c8c60d0950760ab044a7354c19b09f9b9,,,,746103,,,False,358.0,outputs/ngas_a1/solver_comparison_v1/raw/CB1_CAUR_L_CF3_RI2_TI2_R12_C02/seed_746103.json,421595b8f902bbf133726d40098db745aa64a19d34d3bbbdb263bcf30114044d,outputs/ngas_a1/solver_comparison_v1/raw_manifest.json,True
SOLVER_COMPARISON_RUN,A1.6_INVALID_CONCURRENCY,NGAS_A1_6,CB1_CAUR_M_CF1_RI2_TI2_R12,instances/controlled/RCIAS-CB1-TRAIN-CAUR-R12R14/r12_caur_fit/CB1_CAUR_M_CF1_RI2_TI2_R12.json,f3e73b5840e8e50e51b2bf81be2d17dc60648dd4666091ef91a94a0d3544e971,,,,746101,,,False,228.0,outputs/ngas_a1/solver_comparison_v1/raw/CB1_CAUR_M_CF1_RI2_TI2_R12/seed_746101.json,8f6529922f15447d6974cdac7db6fe71bca24a92b1a9c2eebcfa247d2b71dc65,outputs/ngas_a1/solver_comparison_v1/raw_manifest.json,True
SOLVER_COMPARISON_RUN,A1.6_INVALID_CONCURRENCY,NGAS_A1_6,CB1_CAUR_M_CF1_RI2_TI2_R12,instances/controlled/RCIAS-CB1-TRAIN-CAUR-R12R14/r12_caur_fit/CB1_CAUR_M_CF1_RI2_TI2_R12.json,f3e73b5840e8e50e51b2bf81be2d17dc60648dd4666091ef91a94a0d3544e971,,,,746102,,,False,228.0,outputs/ngas_a1/solver_comparison_v1/raw/CB1_CAUR_M_CF1_RI2_TI2_R12/seed_746102.json,249f60e9c008d00ce60f652ed9ebec30e718297ca28a43264dffb0f4976a83c0,outputs/ngas_a1/solver_comparison_v1/raw_manifest.json,True
SOLVER_COMPARISON_RUN,A1.6_INVALID_CONCURRENCY,NGAS_A1_6,CB1_CAUR_M_CF1_RI2_TI2_R12,instances/controlled/RCIAS-CB1-TRAIN-CAUR-R12R14/r12_caur_fit/CB1_CAUR_M_CF1_RI2_TI2_R12.json,f3e73b5840e8e50e51b2bf81be2d17dc60648dd4666091ef91a94a0d3544e971,,,,746103,,,False,228.0,outputs/ngas_a1/solver_comparison_v1/raw/CB1_CAUR_M_CF1_RI2_TI2_R12/seed_746103.json,afbdc5d4abca7003162d4f944953790251e13a0864e34477a5872b5061e5f5f9,outputs/ngas_a1/solver_comparison_v1/raw_manifest.json,True
SOLVER_COMPARISON_RUN,A1.6_INVALID_CONCURRENCY,NGAS_A1_6,CB1_CAUR_M_CF1_RI2_TI2_R12_C02,instances/controlled/RCIAS-CB1-TRAIN-CAUR-R12R14/r12_caur_fit/CB1_CAUR_M_CF1_RI2_TI2_R12_C02.json,c5f935a0c647bb5931b89836d8cecd934eab4933915ffb05394716fb026d4bb9,,,,746101,,,False,234.0,outputs/ngas_a1/solver_comparison_v1/raw/CB1_CAUR_M_CF1_RI2_TI2_R12_C02/seed_746101.json,6ea6f70c5038a43df8f60a6f7febf173db445117d3c0bdad3810310b5d2ab8c5,outputs/ngas_a1/solver_comparison_v1/raw_manifest.json,True
SOLVER_COMPARISON_RUN,A1.6_INVALID_CONCURRENCY,NGAS_A1_6,CB1_CAUR_M_CF1_RI2_TI2_R12_C02,instances/controlled/RCIAS-CB1-TRAIN-CAUR-R12R14/r12_caur_fit/CB1_CAUR_M_CF1_RI2_TI2_R12_C02.json,c5f935a0c647bb5931b89836d8cecd934eab4933915ffb05394716fb026d4bb9,,,,746102,,,False,234.0,outputs/ngas_a1/solver_comparison_v1/raw/CB1_CAUR_M_CF1_RI2_TI2_R12_C02/seed_746102.json,3339e58b50b77399c3cadc656b15c99716433afb71ff93b79de44ec5d21671c6,outputs/ngas_a1/solver_comparison_v1/raw_manifest.json,True
SOLVER_COMPARISON_RUN,A1.6_INVALID_CONCURRENCY,NGAS_A1_6,CB1_CAUR_M_CF1_RI2_TI2_R12_C02,instances/controlled/RCIAS-CB1-TRAIN-CAUR-R12R14/r12_caur_fit/CB1_CAUR_M_CF1_RI2_TI2_R12_C02.json,c5f935a0c647bb5931b89836d8cecd934eab4933915ffb05394716fb026d4bb9,,,,746103,,,False,234.0,outputs/ngas_a1/solver_comparison_v1/raw/CB1_CAUR_M_CF1_RI2_TI2_R12_C02/seed_746103.json,e291f7bd5ec932be9d2680501b142e63cf6ed61617449e9ca3015d6be4f2a2fb,outputs/ngas_a1/solver_comparison_v1/raw_manifest.json,True
SOLVER_COMPARISON_RUN,A1.6_INVALID_CONCURRENCY,NGAS_A1_6,CB1_CAUR_M_CF2_RI2_TI2_R12,instances/controlled/RCIAS-CB1-TRAIN-CAUR-R12R14/r12_caur_fit/CB1_CAUR_M_CF2_RI2_TI2_R12.json,d9ebab88d1a3e2d3da92e56533b0c1d062ebeb81d84c125ec61af8fe79e7087a,,,,746101,,,False,244.0,outputs/ngas_a1/solver_comparison_v1/raw/CB1_CAUR_M_CF2_RI2_TI2_R12/seed_746101.json,7f9e4aee3ac3e9fc9bed7bcee66ceb8293818ec6918c92e3977bb83be7c7a2b0,outputs/ngas_a1/solver_comparison_v1/raw_manifest.json,True
SOLVER_COMPARISON_RUN,A1.6_INVALID_CONCURRENCY,NGAS_A1_6,CB1_CAUR_M_CF2_RI2_TI2_R12,instances/controlled/RCIAS-CB1-TRAIN-CAUR-R12R14/r12_caur_fit/CB1_CAUR_M_CF2_RI2_TI2_R12.json,d9ebab88d1a3e2d3da92e56533b0c1d062ebeb81d84c125ec61af8fe79e7087a,,,,746102,,,False,244.0,outputs/ngas_a1/solver_comparison_v1/raw/CB1_CAUR_M_CF2_RI2_TI2_R12/seed_746102.json,8630d0883433ece2c92cfc88d31c1846a4863497b3a77cb77c969c7138334e96,outputs/ngas_a1/solver_comparison_v1/raw_manifest.json,True
SOLVER_COMPARISON_RUN,A1.6_INVALID_CONCURRENCY,NGAS_A1_6,CB1_CAUR_M_CF2_RI2_TI2_R12,instances/controlled/RCIAS-CB1-TRAIN-CAUR-R12R14/r12_caur_fit/CB1_CAUR_M_CF2_RI2_TI2_R12.json,d9ebab88d1a3e2d3da92e56533b0c1d062ebeb81d84c125ec61af8fe79e7087a,,,,746103,,,False,244.0,outputs/ngas_a1/solver_comparison_v1/raw/CB1_CAUR_M_CF2_RI2_TI2_R12/seed_746103.json,2da4f7549df7e6525dca83829fd2be0c4cc3c0ad02d4446916f4515de1aeac6b,outputs/ngas_a1/solver_comparison_v1/raw_manifest.json,True
SOLVER_COMPARISON_RUN,A1.6_INVALID_CONCURRENCY,NGAS_A1_6,CB1_CAUR_M_CF2_RI2_TI2_R12_C02,instances/controlled/RCIAS-CB1-TRAIN-CAUR-R12R14/r12_caur_fit/CB1_CAUR_M_CF2_RI2_TI2_R12_C02.json,9a1b7de15cfd0663d92ad81a5378da0922b92dc6f7c6b042cd8daf542a21b803,,,,746101,,,False,254.0,outputs/ngas_a1/solver_comparison_v1/raw/CB1_CAUR_M_CF2_RI2_TI2_R12_C02/seed_746101.json,410d6ad71a5d55342f9b02fff083f8f0d4caf765a1d362fc4f891adfcaf36793,outputs/ngas_a1/solver_comparison_v1/raw_manifest.json,True
SOLVER_COMPARISON_RUN,A1.6_INVALID_CONCURRENCY,NGAS_A1_6,CB1_CAUR_M_CF2_RI2_TI2_R12_C02,instances/controlled/RCIAS-CB1-TRAIN-CAUR-R12R14/r12_caur_fit/CB1_CAUR_M_CF2_RI2_TI2_R12_C02.json,9a1b7de15cfd0663d92ad81a5378da0922b92dc6f7c6b042cd8daf542a21b803,,,,746102,,,False,254.0,outputs/ngas_a1/solver_comparison_v1/raw/CB1_CAUR_M_CF2_RI2_TI2_R12_C02/seed_746102.json,538cf3f3c72d8c47b53e3b3170e5f0de45533a42fe806f6d01c55a3f750b1ec8,outputs/ngas_a1/solver_comparison_v1/raw_manifest.json,True
SOLVER_COMPARISON_RUN,A1.6_INVALID_CONCURRENCY,NGAS_A1_6,CB1_CAUR_M_CF2_RI2_TI2_R12_C02,instances/controlled/RCIAS-CB1-TRAIN-CAUR-R12R14/r12_caur_fit/CB1_CAUR_M_CF2_RI2_TI2_R12_C02.json,9a1b7de15cfd0663d92ad81a5378da0922b92dc6f7c6b042cd8daf542a21b803,,,,746103,,,False,254.0,outputs/ngas_a1/solver_comparison_v1/raw/CB1_CAUR_M_CF2_RI2_TI2_R12_C02/seed_746103.json,766c0eb46be9b48022e7f003b94ed246ae00f38fd8d85f85cf26d4f8365a9595,outputs/ngas_a1/solver_comparison_v1/raw_manifest.json,True
SOLVER_COMPARISON_RUN,A1.6_INVALID_CONCURRENCY,NGAS_A1_6,CB1_CAUR_M_CF3_RI2_TI2_R12,instances/controlled/RCIAS-CB1-TRAIN-CAUR-R12R14/r12_caur_fit/CB1_CAUR_M_CF3_RI2_TI2_R12.json,5ccadcfce0befc39234938c398bf932ff364dcf6a2ecd7adb51cebdb1d489239,,,,746101,,,False,236.0,outputs/ngas_a1/solver_comparison_v1/raw/CB1_CAUR_M_CF3_RI2_TI2_R12/seed_746101.json,912fc317cd433c0942e384acd1f9f116e20a8db6df7a14e7b0ee66ca77f23522,outputs/ngas_a1/solver_comparison_v1/raw_manifest.json,True
SOLVER_COMPARISON_RUN,A1.6_INVALID_CONCURRENCY,NGAS_A1_6,CB1_CAUR_M_CF3_RI2_TI2_R12,instances/controlled/RCIAS-CB1-TRAIN-CAUR-R12R14/r12_caur_fit/CB1_CAUR_M_CF3_RI2_TI2_R12.json,5ccadcfce0befc39234938c398bf932ff364dcf6a2ecd7adb51cebdb1d489239,,,,746102,,,False,236.0,outputs/ngas_a1/solver_comparison_v1/raw/CB1_CAUR_M_CF3_RI2_TI2_R12/seed_746102.json,775506139f7d747559ba761ca8ba74ee3e53ccf992ec568e3282d92d8d53153a,outputs/ngas_a1/solver_comparison_v1/raw_manifest.json,True
SOLVER_COMPARISON_RUN,A1.6_INVALID_CONCURRENCY,NGAS_A1_6,CB1_CAUR_M_CF3_RI2_TI2_R12,instances/controlled/RCIAS-CB1-TRAIN-CAUR-R12R14/r12_caur_fit/CB1_CAUR_M_CF3_RI2_TI2_R12.json,5ccadcfce0befc39234938c398bf932ff364dcf6a2ecd7adb51cebdb1d489239,,,,746103,,,False,236.0,outputs/ngas_a1/solver_comparison_v1/raw/CB1_CAUR_M_CF3_RI2_TI2_R12/seed_746103.json,c269b861bd37568ff0dda25b7c9d8cda9bcc547e9027709d1ffd539277f8da77,outputs/ngas_a1/solver_comparison_v1/raw_manifest.json,True
SOLVER_COMPARISON_RUN,A1.6_INVALID_CONCURRENCY,NGAS_A1_6,CB1_CAUR_M_CF3_RI2_TI2_R12_C02,instances/controlled/RCIAS-CB1-TRAIN-CAUR-R12R14/r12_caur_fit/CB1_CAUR_M_CF3_RI2_TI2_R12_C02.json,94cd02375f0a1e0e878aaf1591384d4eaceee39aab3ebab323e7739ac2e086d7,,,,746101,,,False,232.0,outputs/ngas_a1/solver_comparison_v1/raw/CB1_CAUR_M_CF3_RI2_TI2_R12_C02/seed_746101.json,6c15dd8595432928577f09ebc1c46ebd1b03d2307109a64b0627dbfee851c969,outputs/ngas_a1/solver_comparison_v1/raw_manifest.json,True
SOLVER_COMPARISON_RUN,A1.6_INVALID_CONCURRENCY,NGAS_A1_6,CB1_CAUR_M_CF3_RI2_TI2_R12_C02,instances/controlled/RCIAS-CB1-TRAIN-CAUR-R12R14/r12_caur_fit/CB1_CAUR_M_CF3_RI2_TI2_R12_C02.json,94cd02375f0a1e0e878aaf1591384d4eaceee39aab3ebab323e7739ac2e086d7,,,,746102,,,False,232.0,outputs/ngas_a1/solver_comparison_v1/raw/CB1_CAUR_M_CF3_RI2_TI2_R12_C02/seed_746102.json,8da73856c6dce2bcaad03bd27aa4c235b59af87685396edc5e43a42be34260c0,outputs/ngas_a1/solver_comparison_v1/raw_manifest.json,True
SOLVER_COMPARISON_RUN,A1.6_INVALID_CONCURRENCY,NGAS_A1_6,CB1_CAUR_M_CF3_RI2_TI2_R12_C02,instances/controlled/RCIAS-CB1-TRAIN-CAUR-R12R14/r12_caur_fit/CB1_CAUR_M_CF3_RI2_TI2_R12_C02.json,94cd02375f0a1e0e878aaf1591384d4eaceee39aab3ebab323e7739ac2e086d7,,,,746103,,,False,232.0,outputs/ngas_a1/solver_comparison_v1/raw/CB1_CAUR_M_CF3_RI2_TI2_R12_C02/seed_746103.json,969aa2340701e1f78b5bebefc0cbb31f65615b4e4f65823f78ffdbd130f50733,outputs/ngas_a1/solver_comparison_v1/raw_manifest.json,True
SOLVER_COMPARISON_RUN,A1.6_INVALID_CONCURRENCY,NGAS_A1_6,CB1_CAUR_S_CF1_RI2_TI2_R12,instances/controlled/RCIAS-CB1-TRAIN-CAUR-R12R14/r12_caur_fit/CB1_CAUR_S_CF1_RI2_TI2_R12.json,12ff9dd4ce3a668c89ba8edd8ee0c9f87232f00b8ce8dbb42a4827402c20047a,,,,746101,,,False,122.0,outputs/ngas_a1/solver_comparison_v1/raw/CB1_CAUR_S_CF1_RI2_TI2_R12/seed_746101.json,91e7784aa14a5b6f7f56fcf66fdc167b606d64192ac40d26e9865315a3bbac9a,outputs/ngas_a1/solver_comparison_v1/raw_manifest.json,True
SOLVER_COMPARISON_RUN,A1.6_INVALID_CONCURRENCY,NGAS_A1_6,CB1_CAUR_S_CF1_RI2_TI2_R12,instances/controlled/RCIAS-CB1-TRAIN-CAUR-R12R14/r12_caur_fit/CB1_CAUR_S_CF1_RI2_TI2_R12.json,12ff9dd4ce3a668c89ba8edd8ee0c9f87232f00b8ce8dbb42a4827402c20047a,,,,746102,,,False,122.0,outputs/ngas_a1/solver_comparison_v1/raw/CB1_CAUR_S_CF1_RI2_TI2_R12/seed_746102.json,7ed611d91a86ec174723c93eeb38a1239f4f90981d6c9a2dcbc251aa2d73417e,outputs/ngas_a1/solver_comparison_v1/raw_manifest.json,True
SOLVER_COMPARISON_RUN,A1.6_INVALID_CONCURRENCY,NGAS_A1_6,CB1_CAUR_S_CF1_RI2_TI2_R12,instances/controlled/RCIAS-CB1-TRAIN-CAUR-R12R14/r12_caur_fit/CB1_CAUR_S_CF1_RI2_TI2_R12.json,12ff9dd4ce3a668c89ba8edd8ee0c9f87232f00b8ce8dbb42a4827402c20047a,,,,746103,,,False,122.0,outputs/ngas_a1/solver_comparison_v1/raw/CB1_CAUR_S_CF1_RI2_TI2_R12/seed_746103.json,cd8728e160f9c4e714cd24aef4af9463abbb5fccfa79a618c1f1fd82b920376e,outputs/ngas_a1/solver_comparison_v1/raw_manifest.json,True
SOLVER_COMPARISON_RUN,A1.6_INVALID_CONCURRENCY,NGAS_A1_6,CB1_CAUR_S_CF1_RI2_TI2_R12_C02,instances/controlled/RCIAS-CB1-TRAIN-CAUR-R12R14/r12_caur_fit/CB1_CAUR_S_CF1_RI2_TI2_R12_C02.json,74a7fad62f6bab915dde95c71d8cee211cc37cf7ba296a7f69869350a5c295d4,,,,746101,,,False,112.0,outputs/ngas_a1/solver_comparison_v1/raw/CB1_CAUR_S_CF1_RI2_TI2_R12_C02/seed_746101.json,e110f1e1b214d9c9f321b511583f188115d58c400ef153dd9f8b7be89b4dbadf,outputs/ngas_a1/solver_comparison_v1/raw_manifest.json,True
SOLVER_COMPARISON_RUN,A1.6_INVALID_CONCURRENCY,NGAS_A1_6,CB1_CAUR_S_CF1_RI2_TI2_R12_C02,instances/controlled/RCIAS-CB1-TRAIN-CAUR-R12R14/r12_caur_fit/CB1_CAUR_S_CF1_RI2_TI2_R12_C02.json,74a7fad62f6bab915dde95c71d8cee211cc37cf7ba296a7f69869350a5c295d4,,,,746102,,,False,112.0,outputs/ngas_a1/solver_comparison_v1/raw/CB1_CAUR_S_CF1_RI2_TI2_R12_C02/seed_746102.json,b7700e3802d2d5f344daecc805dd572e5c9d39f22a157bc42184fbb1d6f69211,outputs/ngas_a1/solver_comparison_v1/raw_manifest.json,True
SOLVER_COMPARISON_RUN,A1.6_INVALID_CONCURRENCY,NGAS_A1_6,CB1_CAUR_S_CF1_RI2_TI2_R12_C02,instances/controlled/RCIAS-CB1-TRAIN-CAUR-R12R14/r12_caur_fit/CB1_CAUR_S_CF1_RI2_TI2_R12_C02.json,74a7fad62f6bab915dde95c71d8cee211cc37cf7ba296a7f69869350a5c295d4,,,,746103,,,False,112.0,outputs/ngas_a1/solver_comparison_v1/raw/CB1_CAUR_S_CF1_RI2_TI2_R12_C02/seed_746103.json,89ddba7b7eb7de0ebba8d144098d669c43eea0efc34ba7c734f67f8b5338e98e,outputs/ngas_a1/solver_comparison_v1/raw_manifest.json,True
SOLVER_COMPARISON_RUN,A1.6_INVALID_CONCURRENCY,NGAS_A1_6,CB1_CAUR_S_CF2_RI2_TI2_R12,instances/controlled/RCIAS-CB1-TRAIN-CAUR-R12R14/r12_caur_fit/CB1_CAUR_S_CF2_RI2_TI2_R12.json,539a503ec74ff5d21200fb1410004fe10142f209ce1f6e910a08abb20b2d8f23,,,,746101,,,False,120.0,outputs/ngas_a1/solver_comparison_v1/raw/CB1_CAUR_S_CF2_RI2_TI2_R12/seed_746101.json,16eacaefec318401ea6f1589da7cac69d0d3f790611805cee4f3ecc80fdfdcf9,outputs/ngas_a1/solver_comparison_v1/raw_manifest.json,True
SOLVER_COMPARISON_RUN,A1.6_INVALID_CONCURRENCY,NGAS_A1_6,CB1_CAUR_S_CF2_RI2_TI2_R12,instances/controlled/RCIAS-CB1-TRAIN-CAUR-R12R14/r12_caur_fit/CB1_CAUR_S_CF2_RI2_TI2_R12.json,539a503ec74ff5d21200fb1410004fe10142f209ce1f6e910a08abb20b2d8f23,,,,746102,,,False,120.0,outputs/ngas_a1/solver_comparison_v1/raw/CB1_CAUR_S_CF2_RI2_TI2_R12/seed_746102.json,eb2f919288ed7048c5f198c1d988ad9d3cb89cb4b0e0ef1faa41227261047ef6,outputs/ngas_a1/solver_comparison_v1/raw_manifest.json,True
SOLVER_COMPARISON_RUN,A1.6_INVALID_CONCURRENCY,NGAS_A1_6,CB1_CAUR_S_CF2_RI2_TI2_R12,instances/controlled/RCIAS-CB1-TRAIN-CAUR-R12R14/r12_caur_fit/CB1_CAUR_S_CF2_RI2_TI2_R12.json,539a503ec74ff5d21200fb1410004fe10142f209ce1f6e910a08abb20b2d8f23,,,,746103,,,False,120.0,outputs/ngas_a1/solver_comparison_v1/raw/CB1_CAUR_S_CF2_RI2_TI2_R12/seed_746103.json,e1fd39f4cfbda33453e24f5e8a5650589bdb92f1f98583b46b1e1beed09c3c1a,outputs/ngas_a1/solver_comparison_v1/raw_manifest.json,True
SOLVER_COMPARISON_RUN,A1.6_INVALID_CONCURRENCY,NGAS_A1_6,CB1_CAUR_S_CF2_RI2_TI2_R12_C02,instances/controlled/RCIAS-CB1-TRAIN-CAUR-R12R14/r12_caur_fit/CB1_CAUR_S_CF2_RI2_TI2_R12_C02.json,92d8057295dbcbc4b54e91705c109ca5182fb4203fc8d99455311346d6468af6,,,,746101,,,False,126.0,outputs/ngas_a1/solver_comparison_v1/raw/CB1_CAUR_S_CF2_RI2_TI2_R12_C02/seed_746101.json,e356d2ba2ddff5a6f751ff34ac0bda495b746bbf2ca354bc9c1187e694bb0a18,outputs/ngas_a1/solver_comparison_v1/raw_manifest.json,True
SOLVER_COMPARISON_RUN,A1.6_INVALID_CONCURRENCY,NGAS_A1_6,CB1_CAUR_S_CF2_RI2_TI2_R12_C02,instances/controlled/RCIAS-CB1-TRAIN-CAUR-R12R14/r12_caur_fit/CB1_CAUR_S_CF2_RI2_TI2_R12_C02.json,92d8057295dbcbc4b54e91705c109ca5182fb4203fc8d99455311346d6468af6,,,,746102,,,False,126.0,outputs/ngas_a1/solver_comparison_v1/raw/CB1_CAUR_S_CF2_RI2_TI2_R12_C02/seed_746102.json,074fcef163c1c5f5b09d30fb9c2e115b28dad76d4ab205db9932471423ac9cd2,outputs/ngas_a1/solver_comparison_v1/raw_manifest.json,True
SOLVER_COMPARISON_RUN,A1.6_INVALID_CONCURRENCY,NGAS_A1_6,CB1_CAUR_S_CF2_RI2_TI2_R12_C02,instances/controlled/RCIAS-CB1-TRAIN-CAUR-R12R14/r12_caur_fit/CB1_CAUR_S_CF2_RI2_TI2_R12_C02.json,92d8057295dbcbc4b54e91705c109ca5182fb4203fc8d99455311346d6468af6,,,,746103,,,False,126.0,outputs/ngas_a1/solver_comparison_v1/raw/CB1_CAUR_S_CF2_RI2_TI2_R12_C02/seed_746103.json,07cdbdb18af92ab88ad0fcf7c29bfcc9de07a61874ec1387b98d2c0b4eee653e,outputs/ngas_a1/solver_comparison_v1/raw_manifest.json,True
SOLVER_COMPARISON_RUN,A1.6_INVALID_CONCURRENCY,NGAS_A1_6,CB1_CAUR_S_CF3_RI2_TI2_R12,instances/controlled/RCIAS-CB1-TRAIN-CAUR-R12R14/r12_caur_fit/CB1_CAUR_S_CF3_RI2_TI2_R12.json,3f232d8c25a7545c618b92d20016e072a645edcbe2b6e5247d8ed2da66733eff,,,,746101,,,False,122.0,outputs/ngas_a1/solver_comparison_v1/raw/CB1_CAUR_S_CF3_RI2_TI2_R12/seed_746101.json,a749e0b32f1df3c051bed8feed9815bbe20ef32cdbc731a2cd30b043e2fb6d82,outputs/ngas_a1/solver_comparison_v1/raw_manifest.json,True
SOLVER_COMPARISON_RUN,A1.6_INVALID_CONCURRENCY,NGAS_A1_6,CB1_CAUR_S_CF3_RI2_TI2_R12,instances/controlled/RCIAS-CB1-TRAIN-CAUR-R12R14/r12_caur_fit/CB1_CAUR_S_CF3_RI2_TI2_R12.json,3f232d8c25a7545c618b92d20016e072a645edcbe2b6e5247d8ed2da66733eff,,,,746102,,,False,122.0,outputs/ngas_a1/solver_comparison_v1/raw/CB1_CAUR_S_CF3_RI2_TI2_R12/seed_746102.json,99b04ccc5ceebf6ea86014696de39c5ce3c9c7ff75f2da3b536d39e099665398,outputs/ngas_a1/solver_comparison_v1/raw_manifest.json,True
SOLVER_COMPARISON_RUN,A1.6_INVALID_CONCURRENCY,NGAS_A1_6,CB1_CAUR_S_CF3_RI2_TI2_R12,instances/controlled/RCIAS-CB1-TRAIN-CAUR-R12R14/r12_caur_fit/CB1_CAUR_S_CF3_RI2_TI2_R12.json,3f232d8c25a7545c618b92d20016e072a645edcbe2b6e5247d8ed2da66733eff,,,,746103,,,False,122.0,outputs/ngas_a1/solver_comparison_v1/raw/CB1_CAUR_S_CF3_RI2_TI2_R12/seed_746103.json,29642d06edf49e7e027d9940168656b1d6c61b27bba97e91b35e479b0d5d1444,outputs/ngas_a1/solver_comparison_v1/raw_manifest.json,True
SOLVER_COMPARISON_RUN,A1.6_INVALID_CONCURRENCY,NGAS_A1_6,CB1_CAUR_S_CF3_RI2_TI2_R12_C02,instances/controlled/RCIAS-CB1-TRAIN-CAUR-R12R14/r12_caur_fit/CB1_CAUR_S_CF3_RI2_TI2_R12_C02.json,96c10a051fa514f280b12e2f8c0ccf414e920ac4610fe333af1151dc928410d4,,,,746101,,,False,126.0,outputs/ngas_a1/solver_comparison_v1/raw/CB1_CAUR_S_CF3_RI2_TI2_R12_C02/seed_746101.json,cf7d33be631d237e09ffd625c5252edf171c147852c4466b92bfd4467ccef322,outputs/ngas_a1/solver_comparison_v1/raw_manifest.json,True
SOLVER_COMPARISON_RUN,A1.6_INVALID_CONCURRENCY,NGAS_A1_6,CB1_CAUR_S_CF3_RI2_TI2_R12_C02,instances/controlled/RCIAS-CB1-TRAIN-CAUR-R12R14/r12_caur_fit/CB1_CAUR_S_CF3_RI2_TI2_R12_C02.json,96c10a051fa514f280b12e2f8c0ccf414e920ac4610fe333af1151dc928410d4,,,,746102,,,False,126.0,outputs/ngas_a1/solver_comparison_v1/raw/CB1_CAUR_S_CF3_RI2_TI2_R12_C02/seed_746102.json,cc31c093dbd072cfcc1ab269355b1b145ef3e07dd794049ff4438a9367ab8e3d,outputs/ngas_a1/solver_comparison_v1/raw_manifest.json,True
SOLVER_COMPARISON_RUN,A1.6_INVALID_CONCURRENCY,NGAS_A1_6,CB1_CAUR_S_CF3_RI2_TI2_R12_C02,instances/controlled/RCIAS-CB1-TRAIN-CAUR-R12R14/r12_caur_fit/CB1_CAUR_S_CF3_RI2_TI2_R12_C02.json,96c10a051fa514f280b12e2f8c0ccf414e920ac4610fe333af1151dc928410d4,,,,746103,,,False,126.0,outputs/ngas_a1/solver_comparison_v1/raw/CB1_CAUR_S_CF3_RI2_TI2_R12_C02/seed_746103.json,a2eafc0a3d8a782722ac654021edf5817130b9237a451ef276971f8d84458fc7,outputs/ngas_a1/solver_comparison_v1/raw_manifest.json,True
SOLVER_COMPARISON_RUN,A1.6R_REVALIDATED,NGAS_A1_6R,CB1_CAUR_L_CF1_RI2_TI2_R12,instances/controlled/RCIAS-CB1-TRAIN-CAUR-R12R14/r12_caur_fit/CB1_CAUR_L_CF1_RI2_TI2_R12.json,c0b6374d4eb72ada83b8a8452425b71b4322e61123edbb755f2cd08927288b7a,,,,746101,,,False,332.0,outputs/ngas_a1/solver_comparison_a16r_v1/raw/CB1_CAUR_L_CF1_RI2_TI2_R12/seed_746101.json,9c517bdacbebeae7ab4b47d9724609e8faf000aa2a1d6c7872141385f605ede1,outputs/ngas_a1/solver_comparison_a16r_v1/raw_manifest.json,True
SOLVER_COMPARISON_RUN,A1.6R_REVALIDATED,NGAS_A1_6R,CB1_CAUR_L_CF1_RI2_TI2_R12,instances/controlled/RCIAS-CB1-TRAIN-CAUR-R12R14/r12_caur_fit/CB1_CAUR_L_CF1_RI2_TI2_R12.json,c0b6374d4eb72ada83b8a8452425b71b4322e61123edbb755f2cd08927288b7a,,,,746102,,,False,332.0,outputs/ngas_a1/solver_comparison_a16r_v1/raw/CB1_CAUR_L_CF1_RI2_TI2_R12/seed_746102.json,9739ebd4e1b07bdd59161200504bd45fa76d0110cbce2f4160b08ff349d1fa62,outputs/ngas_a1/solver_comparison_a16r_v1/raw_manifest.json,True
SOLVER_COMPARISON_RUN,A1.6R_REVALIDATED,NGAS_A1_6R,CB1_CAUR_L_CF1_RI2_TI2_R12,instances/controlled/RCIAS-CB1-TRAIN-CAUR-R12R14/r12_caur_fit/CB1_CAUR_L_CF1_RI2_TI2_R12.json,c0b6374d4eb72ada83b8a8452425b71b4322e61123edbb755f2cd08927288b7a,,,,746103,,,False,332.0,outputs/ngas_a1/solver_comparison_a16r_v1/raw/CB1_CAUR_L_CF1_RI2_TI2_R12/seed_746103.json,f9340c0bb9a9faa7c5bd9c35c3977aa4eaa82a90721785946093bdfa2e96ef9a,outputs/ngas_a1/solver_comparison_a16r_v1/raw_manifest.json,True
SOLVER_COMPARISON_RUN,A1.6R_REVALIDATED,NGAS_A1_6R,CB1_CAUR_L_CF1_RI2_TI2_R12_C02,instances/controlled/RCIAS-CB1-TRAIN-CAUR-R12R14/r12_caur_fit/CB1_CAUR_L_CF1_RI2_TI2_R12_C02.json,dd5c1ce71a5d72aad6c85617cb1718c9e57f3a6cfe23a0d18a92f0942ba56dc1,,,,746101,,,False,344.0,outputs/ngas_a1/solver_comparison_a16r_v1/raw/CB1_CAUR_L_CF1_RI2_TI2_R12_C02/seed_746101.json,d9c5a9e1d0e9f07f452a3975b3b8ab9b0f3d1374548ee95997693b4d92330316,outputs/ngas_a1/solver_comparison_a16r_v1/raw_manifest.json,True
SOLVER_COMPARISON_RUN,A1.6R_REVALIDATED,NGAS_A1_6R,CB1_CAUR_L_CF1_RI2_TI2_R12_C02,instances/controlled/RCIAS-CB1-TRAIN-CAUR-R12R14/r12_caur_fit/CB1_CAUR_L_CF1_RI2_TI2_R12_C02.json,dd5c1ce71a5d72aad6c85617cb1718c9e57f3a6cfe23a0d18a92f0942ba56dc1,,,,746102,,,False,344.0,outputs/ngas_a1/solver_comparison_a16r_v1/raw/CB1_CAUR_L_CF1_RI2_TI2_R12_C02/seed_746102.json,766b157087e9f351095eb4a3613823df58ca30d625fbe4eb47fee27db7e299b7,outputs/ngas_a1/solver_comparison_a16r_v1/raw_manifest.json,True
SOLVER_COMPARISON_RUN,A1.6R_REVALIDATED,NGAS_A1_6R,CB1_CAUR_L_CF1_RI2_TI2_R12_C02,instances/controlled/RCIAS-CB1-TRAIN-CAUR-R12R14/r12_caur_fit/CB1_CAUR_L_CF1_RI2_TI2_R12_C02.json,dd5c1ce71a5d72aad6c85617cb1718c9e57f3a6cfe23a0d18a92f0942ba56dc1,,,,746103,,,False,344.0,outputs/ngas_a1/solver_comparison_a16r_v1/raw/CB1_CAUR_L_CF1_RI2_TI2_R12_C02/seed_746103.json,13824005732869512cc44547b799e243db214c83a647f720d70a3006325d2632,outputs/ngas_a1/solver_comparison_a16r_v1/raw_manifest.json,True
SOLVER_COMPARISON_RUN,A1.6R_REVALIDATED,NGAS_A1_6R,CB1_CAUR_L_CF2_RI2_TI2_R12,instances/controlled/RCIAS-CB1-TRAIN-CAUR-R12R14/r12_caur_fit/CB1_CAUR_L_CF2_RI2_TI2_R12.json,74b633a78dfe171189160ec0651f63c472fd7c4b456c8aa149cbc69f56bbcc8c,,,,746101,,,False,376.0,outputs/ngas_a1/solver_comparison_a16r_v1/raw/CB1_CAUR_L_CF2_RI2_TI2_R12/seed_746101.json,ba74a4ce52d1f40c4b52be74e7f26f4116375dd8d112439ce9c08fece779e76e,outputs/ngas_a1/solver_comparison_a16r_v1/raw_manifest.json,True
SOLVER_COMPARISON_RUN,A1.6R_REVALIDATED,NGAS_A1_6R,CB1_CAUR_L_CF2_RI2_TI2_R12,instances/controlled/RCIAS-CB1-TRAIN-CAUR-R12R14/r12_caur_fit/CB1_CAUR_L_CF2_RI2_TI2_R12.json,74b633a78dfe171189160ec0651f63c472fd7c4b456c8aa149cbc69f56bbcc8c,,,,746102,,,False,376.0,outputs/ngas_a1/solver_comparison_a16r_v1/raw/CB1_CAUR_L_CF2_RI2_TI2_R12/seed_746102.json,89aec79918c1c3e3064c2729ccaff2f7416747123390d50b5d3f976a69d95011,outputs/ngas_a1/solver_comparison_a16r_v1/raw_manifest.json,True
SOLVER_COMPARISON_RUN,A1.6R_REVALIDATED,NGAS_A1_6R,CB1_CAUR_L_CF2_RI2_TI2_R12,instances/controlled/RCIAS-CB1-TRAIN-CAUR-R12R14/r12_caur_fit/CB1_CAUR_L_CF2_RI2_TI2_R12.json,74b633a78dfe171189160ec0651f63c472fd7c4b456c8aa149cbc69f56bbcc8c,,,,746103,,,False,376.0,outputs/ngas_a1/solver_comparison_a16r_v1/raw/CB1_CAUR_L_CF2_RI2_TI2_R12/seed_746103.json,44a4c5d75aa5d40010525b64cec1acc0f86ab4f7211038d393da7bba785e3a78,outputs/ngas_a1/solver_comparison_a16r_v1/raw_manifest.json,True
SOLVER_COMPARISON_RUN,A1.6R_REVALIDATED,NGAS_A1_6R,CB1_CAUR_L_CF2_RI2_TI2_R12_C02,instances/controlled/RCIAS-CB1-TRAIN-CAUR-R12R14/r12_caur_fit/CB1_CAUR_L_CF2_RI2_TI2_R12_C02.json,48a9ab11246faafcf8189c16695cbf926f0ae8bdbc42dfab76d38b2d7830b091,,,,746101,,,False,388.0,outputs/ngas_a1/solver_comparison_a16r_v1/raw/CB1_CAUR_L_CF2_RI2_TI2_R12_C02/seed_746101.json,b2050c9d829de85bf4a1a31b8ab64cb2daa2db3f5abacc6c64ab2254d92a6b5d,outputs/ngas_a1/solver_comparison_a16r_v1/raw_manifest.json,True
SOLVER_COMPARISON_RUN,A1.6R_REVALIDATED,NGAS_A1_6R,CB1_CAUR_L_CF2_RI2_TI2_R12_C02,instances/controlled/RCIAS-CB1-TRAIN-CAUR-R12R14/r12_caur_fit/CB1_CAUR_L_CF2_RI2_TI2_R12_C02.json,48a9ab11246faafcf8189c16695cbf926f0ae8bdbc42dfab76d38b2d7830b091,,,,746102,,,False,388.0,outputs/ngas_a1/solver_comparison_a16r_v1/raw/CB1_CAUR_L_CF2_RI2_TI2_R12_C02/seed_746102.json,ef0b1c0869b061256071273391514a990473121d8b2fb74ed502fc44bc981c23,outputs/ngas_a1/solver_comparison_a16r_v1/raw_manifest.json,True
SOLVER_COMPARISON_RUN,A1.6R_REVALIDATED,NGAS_A1_6R,CB1_CAUR_L_CF2_RI2_TI2_R12_C02,instances/controlled/RCIAS-CB1-TRAIN-CAUR-R12R14/r12_caur_fit/CB1_CAUR_L_CF2_RI2_TI2_R12_C02.json,48a9ab11246faafcf8189c16695cbf926f0ae8bdbc42dfab76d38b2d7830b091,,,,746103,,,False,388.0,outputs/ngas_a1/solver_comparison_a16r_v1/raw/CB1_CAUR_L_CF2_RI2_TI2_R12_C02/seed_746103.json,6bc6add4b1129b277f23c77b4ce8d0bc3d063df6e4c8adad6a9fc627c5ecc9a9,outputs/ngas_a1/solver_comparison_a16r_v1/raw_manifest.json,True
SOLVER_COMPARISON_RUN,A1.6R_REVALIDATED,NGAS_A1_6R,CB1_CAUR_L_CF3_RI2_TI2_R12,instances/controlled/RCIAS-CB1-TRAIN-CAUR-R12R14/r12_caur_fit/CB1_CAUR_L_CF3_RI2_TI2_R12.json,bdb01c2b6350b572dcac6be3c542e696143bd4766ab3ae7939bff36e6234f25b,,,,746101,,,False,366.0,outputs/ngas_a1/solver_comparison_a16r_v1/raw/CB1_CAUR_L_CF3_RI2_TI2_R12/seed_746101.json,5bec144335a2742e67a305fcb6bcf0682a481e56c2510017f03d087a4df91298,outputs/ngas_a1/solver_comparison_a16r_v1/raw_manifest.json,True
SOLVER_COMPARISON_RUN,A1.6R_REVALIDATED,NGAS_A1_6R,CB1_CAUR_L_CF3_RI2_TI2_R12,instances/controlled/RCIAS-CB1-TRAIN-CAUR-R12R14/r12_caur_fit/CB1_CAUR_L_CF3_RI2_TI2_R12.json,bdb01c2b6350b572dcac6be3c542e696143bd4766ab3ae7939bff36e6234f25b,,,,746102,,,False,366.0,outputs/ngas_a1/solver_comparison_a16r_v1/raw/CB1_CAUR_L_CF3_RI2_TI2_R12/seed_746102.json,1adbeb93ac7d4475585fc498fa3886a0f9cbb31df43e268012bee4e38202f52e,outputs/ngas_a1/solver_comparison_a16r_v1/raw_manifest.json,True
SOLVER_COMPARISON_RUN,A1.6R_REVALIDATED,NGAS_A1_6R,CB1_CAUR_L_CF3_RI2_TI2_R12,instances/controlled/RCIAS-CB1-TRAIN-CAUR-R12R14/r12_caur_fit/CB1_CAUR_L_CF3_RI2_TI2_R12.json,bdb01c2b6350b572dcac6be3c542e696143bd4766ab3ae7939bff36e6234f25b,,,,746103,,,False,366.0,outputs/ngas_a1/solver_comparison_a16r_v1/raw/CB1_CAUR_L_CF3_RI2_TI2_R12/seed_746103.json,80b5b17b8216df46486c61b6b652ab2b32e15acc630668f4b9a2e7dea7e5d874,outputs/ngas_a1/solver_comparison_a16r_v1/raw_manifest.json,True
SOLVER_COMPARISON_RUN,A1.6R_REVALIDATED,NGAS_A1_6R,CB1_CAUR_L_CF3_RI2_TI2_R12_C02,instances/controlled/RCIAS-CB1-TRAIN-CAUR-R12R14/r12_caur_fit/CB1_CAUR_L_CF3_RI2_TI2_R12_C02.json,2373d994f8a29b3d5bc58aacb9c4f74c8c60d0950760ab044a7354c19b09f9b9,,,,746101,,,False,358.0,outputs/ngas_a1/solver_comparison_a16r_v1/raw/CB1_CAUR_L_CF3_RI2_TI2_R12_C02/seed_746101.json,72bbb3d515c8c447e2491c305a218a18dab493e71218d9cd85bee7b14dc84bd1,outputs/ngas_a1/solver_comparison_a16r_v1/raw_manifest.json,True
SOLVER_COMPARISON_RUN,A1.6R_REVALIDATED,NGAS_A1_6R,CB1_CAUR_L_CF3_RI2_TI2_R12_C02,instances/controlled/RCIAS-CB1-TRAIN-CAUR-R12R14/r12_caur_fit/CB1_CAUR_L_CF3_RI2_TI2_R12_C02.json,2373d994f8a29b3d5bc58aacb9c4f74c8c60d0950760ab044a7354c19b09f9b9,,,,746102,,,False,358.0,outputs/ngas_a1/solver_comparison_a16r_v1/raw/CB1_CAUR_L_CF3_RI2_TI2_R12_C02/seed_746102.json,1f52284cd687e9c79d8db5600d4509d691cb8a004fbca010137f1d874def3af4,outputs/ngas_a1/solver_comparison_a16r_v1/raw_manifest.json,True
SOLVER_COMPARISON_RUN,A1.6R_REVALIDATED,NGAS_A1_6R,CB1_CAUR_L_CF3_RI2_TI2_R12_C02,instances/controlled/RCIAS-CB1-TRAIN-CAUR-R12R14/r12_caur_fit/CB1_CAUR_L_CF3_RI2_TI2_R12_C02.json,2373d994f8a29b3d5bc58aacb9c4f74c8c60d0950760ab044a7354c19b09f9b9,,,,746103,,,False,358.0,outputs/ngas_a1/solver_comparison_a16r_v1/raw/CB1_CAUR_L_CF3_RI2_TI2_R12_C02/seed_746103.json,66da88049d439c82dbaeb1b03f34fd1b300b41dc76a4aaf92995b92ea6739567,outputs/ngas_a1/solver_comparison_a16r_v1/raw_manifest.json,True
SOLVER_COMPARISON_RUN,A1.6R_REVALIDATED,NGAS_A1_6R,CB1_CAUR_M_CF1_RI2_TI2_R12,instances/controlled/RCIAS-CB1-TRAIN-CAUR-R12R14/r12_caur_fit/CB1_CAUR_M_CF1_RI2_TI2_R12.json,f3e73b5840e8e50e51b2bf81be2d17dc60648dd4666091ef91a94a0d3544e971,,,,746101,,,False,228.0,outputs/ngas_a1/solver_comparison_a16r_v1/raw/CB1_CAUR_M_CF1_RI2_TI2_R12/seed_746101.json,2eede80914004b71b39e9426d1aca520a822f448a5032a11d9f366a056e674d3,outputs/ngas_a1/solver_comparison_a16r_v1/raw_manifest.json,True
SOLVER_COMPARISON_RUN,A1.6R_REVALIDATED,NGAS_A1_6R,CB1_CAUR_M_CF1_RI2_TI2_R12,instances/controlled/RCIAS-CB1-TRAIN-CAUR-R12R14/r12_caur_fit/CB1_CAUR_M_CF1_RI2_TI2_R12.json,f3e73b5840e8e50e51b2bf81be2d17dc60648dd4666091ef91a94a0d3544e971,,,,746102,,,False,228.0,outputs/ngas_a1/solver_comparison_a16r_v1/raw/CB1_CAUR_M_CF1_RI2_TI2_R12/seed_746102.json,81d9bd46831b91b0ff6bf32c74fe34ce6fa79f45ec9db97e243223d5782c0170,outputs/ngas_a1/solver_comparison_a16r_v1/raw_manifest.json,True
SOLVER_COMPARISON_RUN,A1.6R_REVALIDATED,NGAS_A1_6R,CB1_CAUR_M_CF1_RI2_TI2_R12,instances/controlled/RCIAS-CB1-TRAIN-CAUR-R12R14/r12_caur_fit/CB1_CAUR_M_CF1_RI2_TI2_R12.json,f3e73b5840e8e50e51b2bf81be2d17dc60648dd4666091ef91a94a0d3544e971,,,,746103,,,False,228.0,outputs/ngas_a1/solver_comparison_a16r_v1/raw/CB1_CAUR_M_CF1_RI2_TI2_R12/seed_746103.json,5428e0f44270acca05036c2db1d2deda14d1d62a42ee73940f7a9759e900590b,outputs/ngas_a1/solver_comparison_a16r_v1/raw_manifest.json,True
SOLVER_COMPARISON_RUN,A1.6R_REVALIDATED,NGAS_A1_6R,CB1_CAUR_M_CF1_RI2_TI2_R12_C02,instances/controlled/RCIAS-CB1-TRAIN-CAUR-R12R14/r12_caur_fit/CB1_CAUR_M_CF1_RI2_TI2_R12_C02.json,c5f935a0c647bb5931b89836d8cecd934eab4933915ffb05394716fb026d4bb9,,,,746101,,,False,234.0,outputs/ngas_a1/solver_comparison_a16r_v1/raw/CB1_CAUR_M_CF1_RI2_TI2_R12_C02/seed_746101.json,455ebae51132f35bd31429bfa3e8ab347e11beb65338d4b3df7b4f8a66b8d7c7,outputs/ngas_a1/solver_comparison_a16r_v1/raw_manifest.json,True
SOLVER_COMPARISON_RUN,A1.6R_REVALIDATED,NGAS_A1_6R,CB1_CAUR_M_CF1_RI2_TI2_R12_C02,instances/controlled/RCIAS-CB1-TRAIN-CAUR-R12R14/r12_caur_fit/CB1_CAUR_M_CF1_RI2_TI2_R12_C02.json,c5f935a0c647bb5931b89836d8cecd934eab4933915ffb05394716fb026d4bb9,,,,746102,,,False,234.0,outputs/ngas_a1/solver_comparison_a16r_v1/raw/CB1_CAUR_M_CF1_RI2_TI2_R12_C02/seed_746102.json,f9be7f7595f8450db24849241c0e0da05f28fd03972ebad5751287ad2f72d95b,outputs/ngas_a1/solver_comparison_a16r_v1/raw_manifest.json,True
SOLVER_COMPARISON_RUN,A1.6R_REVALIDATED,NGAS_A1_6R,CB1_CAUR_M_CF1_RI2_TI2_R12_C02,instances/controlled/RCIAS-CB1-TRAIN-CAUR-R12R14/r12_caur_fit/CB1_CAUR_M_CF1_RI2_TI2_R12_C02.json,c5f935a0c647bb5931b89836d8cecd934eab4933915ffb05394716fb026d4bb9,,,,746103,,,False,234.0,outputs/ngas_a1/solver_comparison_a16r_v1/raw/CB1_CAUR_M_CF1_RI2_TI2_R12_C02/seed_746103.json,bdf7526300985477807fc9992839927c2e29ecdd8e9bef343168e5532cd7d072,outputs/ngas_a1/solver_comparison_a16r_v1/raw_manifest.json,True
SOLVER_COMPARISON_RUN,A1.6R_REVALIDATED,NGAS_A1_6R,CB1_CAUR_M_CF2_RI2_TI2_R12,instances/controlled/RCIAS-CB1-TRAIN-CAUR-R12R14/r12_caur_fit/CB1_CAUR_M_CF2_RI2_TI2_R12.json,d9ebab88d1a3e2d3da92e56533b0c1d062ebeb81d84c125ec61af8fe79e7087a,,,,746101,,,False,244.0,outputs/ngas_a1/solver_comparison_a16r_v1/raw/CB1_CAUR_M_CF2_RI2_TI2_R12/seed_746101.json,fb46de3b30ffae855678181b1c839dfb57fb2d4cbdd7e2e769ba55bebfeb7db4,outputs/ngas_a1/solver_comparison_a16r_v1/raw_manifest.json,True
SOLVER_COMPARISON_RUN,A1.6R_REVALIDATED,NGAS_A1_6R,CB1_CAUR_M_CF2_RI2_TI2_R12,instances/controlled/RCIAS-CB1-TRAIN-CAUR-R12R14/r12_caur_fit/CB1_CAUR_M_CF2_RI2_TI2_R12.json,d9ebab88d1a3e2d3da92e56533b0c1d062ebeb81d84c125ec61af8fe79e7087a,,,,746102,,,False,244.0,outputs/ngas_a1/solver_comparison_a16r_v1/raw/CB1_CAUR_M_CF2_RI2_TI2_R12/seed_746102.json,e23ae25ac84081ae1a2473d15c8ad18a7ed58a489bf41e222836a78e9c206aef,outputs/ngas_a1/solver_comparison_a16r_v1/raw_manifest.json,True
SOLVER_COMPARISON_RUN,A1.6R_REVALIDATED,NGAS_A1_6R,CB1_CAUR_M_CF2_RI2_TI2_R12,instances/controlled/RCIAS-CB1-TRAIN-CAUR-R12R14/r12_caur_fit/CB1_CAUR_M_CF2_RI2_TI2_R12.json,d9ebab88d1a3e2d3da92e56533b0c1d062ebeb81d84c125ec61af8fe79e7087a,,,,746103,,,False,244.0,outputs/ngas_a1/solver_comparison_a16r_v1/raw/CB1_CAUR_M_CF2_RI2_TI2_R12/seed_746103.json,1b24be13b8fd4635815c4051aef5b4bcdafa62083a5f15f1cb5a97221fb6ca3b,outputs/ngas_a1/solver_comparison_a16r_v1/raw_manifest.json,True
SOLVER_COMPARISON_RUN,A1.6R_REVALIDATED,NGAS_A1_6R,CB1_CAUR_M_CF2_RI2_TI2_R12_C02,instances/controlled/RCIAS-CB1-TRAIN-CAUR-R12R14/r12_caur_fit/CB1_CAUR_M_CF2_RI2_TI2_R12_C02.json,9a1b7de15cfd0663d92ad81a5378da0922b92dc6f7c6b042cd8daf542a21b803,,,,746101,,,False,254.0,outputs/ngas_a1/solver_comparison_a16r_v1/raw/CB1_CAUR_M_CF2_RI2_TI2_R12_C02/seed_746101.json,34f147a4a7bc8a5948e97139c6fa57387a969ad5d12c1882620c881ea2c14e7e,outputs/ngas_a1/solver_comparison_a16r_v1/raw_manifest.json,True
SOLVER_COMPARISON_RUN,A1.6R_REVALIDATED,NGAS_A1_6R,CB1_CAUR_M_CF2_RI2_TI2_R12_C02,instances/controlled/RCIAS-CB1-TRAIN-CAUR-R12R14/r12_caur_fit/CB1_CAUR_M_CF2_RI2_TI2_R12_C02.json,9a1b7de15cfd0663d92ad81a5378da0922b92dc6f7c6b042cd8daf542a21b803,,,,746102,,,False,254.0,outputs/ngas_a1/solver_comparison_a16r_v1/raw/CB1_CAUR_M_CF2_RI2_TI2_R12_C02/seed_746102.json,cb3fe3bd5df9eeac1a11bf830ee369d80843e0922a5d6d3ce51e2e7434248a17,outputs/ngas_a1/solver_comparison_a16r_v1/raw_manifest.json,True
SOLVER_COMPARISON_RUN,A1.6R_REVALIDATED,NGAS_A1_6R,CB1_CAUR_M_CF2_RI2_TI2_R12_C02,instances/controlled/RCIAS-CB1-TRAIN-CAUR-R12R14/r12_caur_fit/CB1_CAUR_M_CF2_RI2_TI2_R12_C02.json,9a1b7de15cfd0663d92ad81a5378da0922b92dc6f7c6b042cd8daf542a21b803,,,,746103,,,False,254.0,outputs/ngas_a1/solver_comparison_a16r_v1/raw/CB1_CAUR_M_CF2_RI2_TI2_R12_C02/seed_746103.json,7659998c2f79bad42d1032b91d7f807316b185f4c6939f93d899c98a4ad79cb4,outputs/ngas_a1/solver_comparison_a16r_v1/raw_manifest.json,True
SOLVER_COMPARISON_RUN,A1.6R_REVALIDATED,NGAS_A1_6R,CB1_CAUR_M_CF3_RI2_TI2_R12,instances/controlled/RCIAS-CB1-TRAIN-CAUR-R12R14/r12_caur_fit/CB1_CAUR_M_CF3_RI2_TI2_R12.json,5ccadcfce0befc39234938c398bf932ff364dcf6a2ecd7adb51cebdb1d489239,,,,746101,,,False,236.0,outputs/ngas_a1/solver_comparison_a16r_v1/raw/CB1_CAUR_M_CF3_RI2_TI2_R12/seed_746101.json,2cff1aa8351486a926bf8a2e67296e68176e9d00f40e41471cb692153627b5fe,outputs/ngas_a1/solver_comparison_a16r_v1/raw_manifest.json,True
SOLVER_COMPARISON_RUN,A1.6R_REVALIDATED,NGAS_A1_6R,CB1_CAUR_M_CF3_RI2_TI2_R12,instances/controlled/RCIAS-CB1-TRAIN-CAUR-R12R14/r12_caur_fit/CB1_CAUR_M_CF3_RI2_TI2_R12.json,5ccadcfce0befc39234938c398bf932ff364dcf6a2ecd7adb51cebdb1d489239,,,,746102,,,False,236.0,outputs/ngas_a1/solver_comparison_a16r_v1/raw/CB1_CAUR_M_CF3_RI2_TI2_R12/seed_746102.json,1bd405d4bec6908306ae323774300d765c21dcfe765523b2df3570ac0ad81a2f,outputs/ngas_a1/solver_comparison_a16r_v1/raw_manifest.json,True
SOLVER_COMPARISON_RUN,A1.6R_REVALIDATED,NGAS_A1_6R,CB1_CAUR_M_CF3_RI2_TI2_R12,instances/controlled/RCIAS-CB1-TRAIN-CAUR-R12R14/r12_caur_fit/CB1_CAUR_M_CF3_RI2_TI2_R12.json,5ccadcfce0befc39234938c398bf932ff364dcf6a2ecd7adb51cebdb1d489239,,,,746103,,,False,236.0,outputs/ngas_a1/solver_comparison_a16r_v1/raw/CB1_CAUR_M_CF3_RI2_TI2_R12/seed_746103.json,d79639eedb23cf5e1d19adaf72d0f88da38cd1cdae119eb019ece94c5a9e21ac,outputs/ngas_a1/solver_comparison_a16r_v1/raw_manifest.json,True
SOLVER_COMPARISON_RUN,A1.6R_REVALIDATED,NGAS_A1_6R,CB1_CAUR_M_CF3_RI2_TI2_R12_C02,instances/controlled/RCIAS-CB1-TRAIN-CAUR-R12R14/r12_caur_fit/CB1_CAUR_M_CF3_RI2_TI2_R12_C02.json,94cd02375f0a1e0e878aaf1591384d4eaceee39aab3ebab323e7739ac2e086d7,,,,746101,,,False,232.0,outputs/ngas_a1/solver_comparison_a16r_v1/raw/CB1_CAUR_M_CF3_RI2_TI2_R12_C02/seed_746101.json,6d78f9a7b5495eeeb13e8d3fd5bcc900ce50ec71538005d4c5c49713ce2a7c0f,outputs/ngas_a1/solver_comparison_a16r_v1/raw_manifest.json,True
SOLVER_COMPARISON_RUN,A1.6R_REVALIDATED,NGAS_A1_6R,CB1_CAUR_M_CF3_RI2_TI2_R12_C02,instances/controlled/RCIAS-CB1-TRAIN-CAUR-R12R14/r12_caur_fit/CB1_CAUR_M_CF3_RI2_TI2_R12_C02.json,94cd02375f0a1e0e878aaf1591384d4eaceee39aab3ebab323e7739ac2e086d7,,,,746102,,,False,232.0,outputs/ngas_a1/solver_comparison_a16r_v1/raw/CB1_CAUR_M_CF3_RI2_TI2_R12_C02/seed_746102.json,03c607d02aa0188d0a51474aa85113b4852cfdd6a82c886c2a40a24076ee30a3,outputs/ngas_a1/solver_comparison_a16r_v1/raw_manifest.json,True
SOLVER_COMPARISON_RUN,A1.6R_REVALIDATED,NGAS_A1_6R,CB1_CAUR_M_CF3_RI2_TI2_R12_C02,instances/controlled/RCIAS-CB1-TRAIN-CAUR-R12R14/r12_caur_fit/CB1_CAUR_M_CF3_RI2_TI2_R12_C02.json,94cd02375f0a1e0e878aaf1591384d4eaceee39aab3ebab323e7739ac2e086d7,,,,746103,,,False,232.0,outputs/ngas_a1/solver_comparison_a16r_v1/raw/CB1_CAUR_M_CF3_RI2_TI2_R12_C02/seed_746103.json,c44b182a8ec09be1c39ba3c7349f95ff317798aa35b01c0a442b3400a74c4458,outputs/ngas_a1/solver_comparison_a16r_v1/raw_manifest.json,True
SOLVER_COMPARISON_RUN,A1.6R_REVALIDATED,NGAS_A1_6R,CB1_CAUR_S_CF1_RI2_TI2_R12,instances/controlled/RCIAS-CB1-TRAIN-CAUR-R12R14/r12_caur_fit/CB1_CAUR_S_CF1_RI2_TI2_R12.json,12ff9dd4ce3a668c89ba8edd8ee0c9f87232f00b8ce8dbb42a4827402c20047a,,,,746101,,,False,122.0,outputs/ngas_a1/solver_comparison_a16r_v1/raw/CB1_CAUR_S_CF1_RI2_TI2_R12/seed_746101.json,4ae83e28632a45fc0200dbe045c6826453b6a9a8faf52df1d786a56f57179f80,outputs/ngas_a1/solver_comparison_a16r_v1/raw_manifest.json,True
SOLVER_COMPARISON_RUN,A1.6R_REVALIDATED,NGAS_A1_6R,CB1_CAUR_S_CF1_RI2_TI2_R12,instances/controlled/RCIAS-CB1-TRAIN-CAUR-R12R14/r12_caur_fit/CB1_CAUR_S_CF1_RI2_TI2_R12.json,12ff9dd4ce3a668c89ba8edd8ee0c9f87232f00b8ce8dbb42a4827402c20047a,,,,746102,,,False,122.0,outputs/ngas_a1/solver_comparison_a16r_v1/raw/CB1_CAUR_S_CF1_RI2_TI2_R12/seed_746102.json,0f90b8b31cf0c96798492e207a45f27ef5bf7633181e2f18243911567de784ec,outputs/ngas_a1/solver_comparison_a16r_v1/raw_manifest.json,True
SOLVER_COMPARISON_RUN,A1.6R_REVALIDATED,NGAS_A1_6R,CB1_CAUR_S_CF1_RI2_TI2_R12,instances/controlled/RCIAS-CB1-TRAIN-CAUR-R12R14/r12_caur_fit/CB1_CAUR_S_CF1_RI2_TI2_R12.json,12ff9dd4ce3a668c89ba8edd8ee0c9f87232f00b8ce8dbb42a4827402c20047a,,,,746103,,,False,122.0,outputs/ngas_a1/solver_comparison_a16r_v1/raw/CB1_CAUR_S_CF1_RI2_TI2_R12/seed_746103.json,8b4ab7781fc2fbef41d784dbfade62efdd4890b717c08bdf6ecb030d095c84ca,outputs/ngas_a1/solver_comparison_a16r_v1/raw_manifest.json,True
SOLVER_COMPARISON_RUN,A1.6R_REVALIDATED,NGAS_A1_6R,CB1_CAUR_S_CF1_RI2_TI2_R12_C02,instances/controlled/RCIAS-CB1-TRAIN-CAUR-R12R14/r12_caur_fit/CB1_CAUR_S_CF1_RI2_TI2_R12_C02.json,74a7fad62f6bab915dde95c71d8cee211cc37cf7ba296a7f69869350a5c295d4,,,,746101,,,False,112.0,outputs/ngas_a1/solver_comparison_a16r_v1/raw/CB1_CAUR_S_CF1_RI2_TI2_R12_C02/seed_746101.json,512f058d723bf32d8a5a970f5d0d32f322d462e59cf1fd9e0367b1e6c643dea5,outputs/ngas_a1/solver_comparison_a16r_v1/raw_manifest.json,True
SOLVER_COMPARISON_RUN,A1.6R_REVALIDATED,NGAS_A1_6R,CB1_CAUR_S_CF1_RI2_TI2_R12_C02,instances/controlled/RCIAS-CB1-TRAIN-CAUR-R12R14/r12_caur_fit/CB1_CAUR_S_CF1_RI2_TI2_R12_C02.json,74a7fad62f6bab915dde95c71d8cee211cc37cf7ba296a7f69869350a5c295d4,,,,746102,,,False,112.0,outputs/ngas_a1/solver_comparison_a16r_v1/raw/CB1_CAUR_S_CF1_RI2_TI2_R12_C02/seed_746102.json,2f916b4529f8c2872c9f4296b5f32c87724766c3449227a526fda2a6123e6995,outputs/ngas_a1/solver_comparison_a16r_v1/raw_manifest.json,True
SOLVER_COMPARISON_RUN,A1.6R_REVALIDATED,NGAS_A1_6R,CB1_CAUR_S_CF1_RI2_TI2_R12_C02,instances/controlled/RCIAS-CB1-TRAIN-CAUR-R12R14/r12_caur_fit/CB1_CAUR_S_CF1_RI2_TI2_R12_C02.json,74a7fad62f6bab915dde95c71d8cee211cc37cf7ba296a7f69869350a5c295d4,,,,746103,,,False,112.0,outputs/ngas_a1/solver_comparison_a16r_v1/raw/CB1_CAUR_S_CF1_RI2_TI2_R12_C02/seed_746103.json,3f7519546e83b5b11b4ec4ef8c48d408709b6525a53dee4999dc58e8f5524e69,outputs/ngas_a1/solver_comparison_a16r_v1/raw_manifest.json,True
SOLVER_COMPARISON_RUN,A1.6R_REVALIDATED,NGAS_A1_6R,CB1_CAUR_S_CF2_RI2_TI2_R12,instances/controlled/RCIAS-CB1-TRAIN-CAUR-R12R14/r12_caur_fit/CB1_CAUR_S_CF2_RI2_TI2_R12.json,539a503ec74ff5d21200fb1410004fe10142f209ce1f6e910a08abb20b2d8f23,,,,746101,,,False,120.0,outputs/ngas_a1/solver_comparison_a16r_v1/raw/CB1_CAUR_S_CF2_RI2_TI2_R12/seed_746101.json,fab24f8af858ff80106096945b067b9372f44cb80afaa258990bb6a687f88be0,outputs/ngas_a1/solver_comparison_a16r_v1/raw_manifest.json,True
SOLVER_COMPARISON_RUN,A1.6R_REVALIDATED,NGAS_A1_6R,CB1_CAUR_S_CF2_RI2_TI2_R12,instances/controlled/RCIAS-CB1-TRAIN-CAUR-R12R14/r12_caur_fit/CB1_CAUR_S_CF2_RI2_TI2_R12.json,539a503ec74ff5d21200fb1410004fe10142f209ce1f6e910a08abb20b2d8f23,,,,746102,,,False,120.0,outputs/ngas_a1/solver_comparison_a16r_v1/raw/CB1_CAUR_S_CF2_RI2_TI2_R12/seed_746102.json,976170fd2af4f7684e9ca6c5ccbec4c94aa267ca5d4c42a56dfb3f5cf2332f7b,outputs/ngas_a1/solver_comparison_a16r_v1/raw_manifest.json,True
SOLVER_COMPARISON_RUN,A1.6R_REVALIDATED,NGAS_A1_6R,CB1_CAUR_S_CF2_RI2_TI2_R12,instances/controlled/RCIAS-CB1-TRAIN-CAUR-R12R14/r12_caur_fit/CB1_CAUR_S_CF2_RI2_TI2_R12.json,539a503ec74ff5d21200fb1410004fe10142f209ce1f6e910a08abb20b2d8f23,,,,746103,,,False,120.0,outputs/ngas_a1/solver_comparison_a16r_v1/raw/CB1_CAUR_S_CF2_RI2_TI2_R12/seed_746103.json,94ee98a9fc18a0e0dfd5842c9754dc7f8e6221769750880d04eb8502282518c9,outputs/ngas_a1/solver_comparison_a16r_v1/raw_manifest.json,True
SOLVER_COMPARISON_RUN,A1.6R_REVALIDATED,NGAS_A1_6R,CB1_CAUR_S_CF2_RI2_TI2_R12_C02,instances/controlled/RCIAS-CB1-TRAIN-CAUR-R12R14/r12_caur_fit/CB1_CAUR_S_CF2_RI2_TI2_R12_C02.json,92d8057295dbcbc4b54e91705c109ca5182fb4203fc8d99455311346d6468af6,,,,746101,,,False,126.0,outputs/ngas_a1/solver_comparison_a16r_v1/raw/CB1_CAUR_S_CF2_RI2_TI2_R12_C02/seed_746101.json,2e4bc285ac8d3a540297679c9d4a3ab40b4e7a1c851898574b27a941ef0c008f,outputs/ngas_a1/solver_comparison_a16r_v1/raw_manifest.json,True
SOLVER_COMPARISON_RUN,A1.6R_REVALIDATED,NGAS_A1_6R,CB1_CAUR_S_CF2_RI2_TI2_R12_C02,instances/controlled/RCIAS-CB1-TRAIN-CAUR-R12R14/r12_caur_fit/CB1_CAUR_S_CF2_RI2_TI2_R12_C02.json,92d8057295dbcbc4b54e91705c109ca5182fb4203fc8d99455311346d6468af6,,,,746102,,,False,126.0,outputs/ngas_a1/solver_comparison_a16r_v1/raw/CB1_CAUR_S_CF2_RI2_TI2_R12_C02/seed_746102.json,84be5cb0eb585e75b9a6c00d07c29e0f887063a6491bfc2f7fa4e6234b92f473,outputs/ngas_a1/solver_comparison_a16r_v1/raw_manifest.json,True
SOLVER_COMPARISON_RUN,A1.6R_REVALIDATED,NGAS_A1_6R,CB1_CAUR_S_CF2_RI2_TI2_R12_C02,instances/controlled/RCIAS-CB1-TRAIN-CAUR-R12R14/r12_caur_fit/CB1_CAUR_S_CF2_RI2_TI2_R12_C02.json,92d8057295dbcbc4b54e91705c109ca5182fb4203fc8d99455311346d6468af6,,,,746103,,,False,126.0,outputs/ngas_a1/solver_comparison_a16r_v1/raw/CB1_CAUR_S_CF2_RI2_TI2_R12_C02/seed_746103.json,f011889cc68d66b13a76b043fd1491db79b01ccb63e4aa054e5e2dd0b9f253a8,outputs/ngas_a1/solver_comparison_a16r_v1/raw_manifest.json,True
SOLVER_COMPARISON_RUN,A1.6R_REVALIDATED,NGAS_A1_6R,CB1_CAUR_S_CF3_RI2_TI2_R12,instances/controlled/RCIAS-CB1-TRAIN-CAUR-R12R14/r12_caur_fit/CB1_CAUR_S_CF3_RI2_TI2_R12.json,3f232d8c25a7545c618b92d20016e072a645edcbe2b6e5247d8ed2da66733eff,,,,746101,,,False,122.0,outputs/ngas_a1/solver_comparison_a16r_v1/raw/CB1_CAUR_S_CF3_RI2_TI2_R12/seed_746101.json,47eeb872fdeba10b2d9545ee338191c5f0867c4a74ae1346543f5bbc6f72397d,outputs/ngas_a1/solver_comparison_a16r_v1/raw_manifest.json,True
SOLVER_COMPARISON_RUN,A1.6R_REVALIDATED,NGAS_A1_6R,CB1_CAUR_S_CF3_RI2_TI2_R12,instances/controlled/RCIAS-CB1-TRAIN-CAUR-R12R14/r12_caur_fit/CB1_CAUR_S_CF3_RI2_TI2_R12.json,3f232d8c25a7545c618b92d20016e072a645edcbe2b6e5247d8ed2da66733eff,,,,746102,,,False,122.0,outputs/ngas_a1/solver_comparison_a16r_v1/raw/CB1_CAUR_S_CF3_RI2_TI2_R12/seed_746102.json,d343d9171da700dc744ab15a5989f1f5d016c6f3b267936dbb275206df0f430f,outputs/ngas_a1/solver_comparison_a16r_v1/raw_manifest.json,True
SOLVER_COMPARISON_RUN,A1.6R_REVALIDATED,NGAS_A1_6R,CB1_CAUR_S_CF3_RI2_TI2_R12,instances/controlled/RCIAS-CB1-TRAIN-CAUR-R12R14/r12_caur_fit/CB1_CAUR_S_CF3_RI2_TI2_R12.json,3f232d8c25a7545c618b92d20016e072a645edcbe2b6e5247d8ed2da66733eff,,,,746103,,,False,122.0,outputs/ngas_a1/solver_comparison_a16r_v1/raw/CB1_CAUR_S_CF3_RI2_TI2_R12/seed_746103.json,910064f83465847541b03bea7769f31172543f30d7dc630d04064ee2d34a9e5c,outputs/ngas_a1/solver_comparison_a16r_v1/raw_manifest.json,True
SOLVER_COMPARISON_RUN,A1.6R_REVALIDATED,NGAS_A1_6R,CB1_CAUR_S_CF3_RI2_TI2_R12_C02,instances/controlled/RCIAS-CB1-TRAIN-CAUR-R12R14/r12_caur_fit/CB1_CAUR_S_CF3_RI2_TI2_R12_C02.json,96c10a051fa514f280b12e2f8c0ccf414e920ac4610fe333af1151dc928410d4,,,,746101,,,False,126.0,outputs/ngas_a1/solver_comparison_a16r_v1/raw/CB1_CAUR_S_CF3_RI2_TI2_R12_C02/seed_746101.json,19d127c3ec74e6baa6099d99ee78ffc14bd997abd840210fd457b9c57a29f2f7,outputs/ngas_a1/solver_comparison_a16r_v1/raw_manifest.json,True
SOLVER_COMPARISON_RUN,A1.6R_REVALIDATED,NGAS_A1_6R,CB1_CAUR_S_CF3_RI2_TI2_R12_C02,instances/controlled/RCIAS-CB1-TRAIN-CAUR-R12R14/r12_caur_fit/CB1_CAUR_S_CF3_RI2_TI2_R12_C02.json,96c10a051fa514f280b12e2f8c0ccf414e920ac4610fe333af1151dc928410d4,,,,746102,,,False,126.0,outputs/ngas_a1/solver_comparison_a16r_v1/raw/CB1_CAUR_S_CF3_RI2_TI2_R12_C02/seed_746102.json,9f2f20e47fcd47cf661fc2e8b783565053fafe19e83ade4b3d5dadb0a09e8ddd,outputs/ngas_a1/solver_comparison_a16r_v1/raw_manifest.json,True
SOLVER_COMPARISON_RUN,A1.6R_REVALIDATED,NGAS_A1_6R,CB1_CAUR_S_CF3_RI2_TI2_R12_C02,instances/controlled/RCIAS-CB1-TRAIN-CAUR-R12R14/r12_caur_fit/CB1_CAUR_S_CF3_RI2_TI2_R12_C02.json,96c10a051fa514f280b12e2f8c0ccf414e920ac4610fe333af1151dc928410d4,,,,746103,,,False,126.0,outputs/ngas_a1/solver_comparison_a16r_v1/raw/CB1_CAUR_S_CF3_RI2_TI2_R12_C02/seed_746103.json,05c162a356678b051772e42335c549884e8e5c7bda6f6db3f4ab7049e03e749d,outputs/ngas_a1/solver_comparison_a16r_v1/raw_manifest.json,True
SOLVER_COMPARISON_RUN,A1.6R_FROZEN_COMPARATOR,ALNS,CB1_CAUR_L_CF1_RI2_TI2_R12,instances/controlled/RCIAS-CB1-TRAIN-CAUR-R12R14/r12_caur_fit/CB1_CAUR_L_CF1_RI2_TI2_R12.json,c0b6374d4eb72ada83b8a8452425b71b4322e61123edbb755f2cd08927288b7a,,,,746101,,,False,332.0,outputs/frozen_2o_baselines/alns/runs/CB1_CAUR_L_CF1_RI2_TI2_R12/seed_746101.json,9b542010ad484732dd1eaec535bf61ed5d9c171180f88dc98077f8e2648189c0,outputs/frozen_2o_baselines/alns/manifest.json,True
SOLVER_COMPARISON_RUN,A1.6R_FROZEN_COMPARATOR,ALNS,CB1_CAUR_L_CF1_RI2_TI2_R12,instances/controlled/RCIAS-CB1-TRAIN-CAUR-R12R14/r12_caur_fit/CB1_CAUR_L_CF1_RI2_TI2_R12.json,c0b6374d4eb72ada83b8a8452425b71b4322e61123edbb755f2cd08927288b7a,,,,746102,,,False,332.0,outputs/frozen_2o_baselines/alns/runs/CB1_CAUR_L_CF1_RI2_TI2_R12/seed_746102.json,00b2004cf85bb26913238487a1cb41c62a562b216254dd316554cb3fdff1105f,outputs/frozen_2o_baselines/alns/manifest.json,True
SOLVER_COMPARISON_RUN,A1.6R_FROZEN_COMPARATOR,ALNS,CB1_CAUR_L_CF1_RI2_TI2_R12,instances/controlled/RCIAS-CB1-TRAIN-CAUR-R12R14/r12_caur_fit/CB1_CAUR_L_CF1_RI2_TI2_R12.json,c0b6374d4eb72ada83b8a8452425b71b4322e61123edbb755f2cd08927288b7a,,,,746103,,,False,332.0,outputs/frozen_2o_baselines/alns/runs/CB1_CAUR_L_CF1_RI2_TI2_R12/seed_746103.json,4bd0550341587e4902d91ddfdc79b6dc69797a42661c39305ddb71e7d6230944,outputs/frozen_2o_baselines/alns/manifest.json,True
SOLVER_COMPARISON_RUN,A1.6R_FROZEN_COMPARATOR,ALNS,CB1_CAUR_L_CF1_RI2_TI2_R12_C02,instances/controlled/RCIAS-CB1-TRAIN-CAUR-R12R14/r12_caur_fit/CB1_CAUR_L_CF1_RI2_TI2_R12_C02.json,dd5c1ce71a5d72aad6c85617cb1718c9e57f3a6cfe23a0d18a92f0942ba56dc1,,,,746101,,,False,344.0,outputs/frozen_2o_baselines/alns/runs/CB1_CAUR_L_CF1_RI2_TI2_R12_C02/seed_746101.json,7c42a83890ce050b2da9519b66ff38af9b520126a0958f47ac96c45e4d1b2803,outputs/frozen_2o_baselines/alns/manifest.json,True
SOLVER_COMPARISON_RUN,A1.6R_FROZEN_COMPARATOR,ALNS,CB1_CAUR_L_CF1_RI2_TI2_R12_C02,instances/controlled/RCIAS-CB1-TRAIN-CAUR-R12R14/r12_caur_fit/CB1_CAUR_L_CF1_RI2_TI2_R12_C02.json,dd5c1ce71a5d72aad6c85617cb1718c9e57f3a6cfe23a0d18a92f0942ba56dc1,,,,746102,,,False,344.0,outputs/frozen_2o_baselines/alns/runs/CB1_CAUR_L_CF1_RI2_TI2_R12_C02/seed_746102.json,86bcfd855a13aadbfecccda869f995d56cef5d80869eddfe3a3f87e6e68e004a,outputs/frozen_2o_baselines/alns/manifest.json,True
SOLVER_COMPARISON_RUN,A1.6R_FROZEN_COMPARATOR,ALNS,CB1_CAUR_L_CF1_RI2_TI2_R12_C02,instances/controlled/RCIAS-CB1-TRAIN-CAUR-R12R14/r12_caur_fit/CB1_CAUR_L_CF1_RI2_TI2_R12_C02.json,dd5c1ce71a5d72aad6c85617cb1718c9e57f3a6cfe23a0d18a92f0942ba56dc1,,,,746103,,,False,344.0,outputs/frozen_2o_baselines/alns/runs/CB1_CAUR_L_CF1_RI2_TI2_R12_C02/seed_746103.json,4530cb94e56501b7ee763a832f7a5e5afb2fdd3a78e367de2e6c6eb4044fc08e,outputs/frozen_2o_baselines/alns/manifest.json,True
SOLVER_COMPARISON_RUN,A1.6R_FROZEN_COMPARATOR,ALNS,CB1_CAUR_L_CF2_RI2_TI2_R12,instances/controlled/RCIAS-CB1-TRAIN-CAUR-R12R14/r12_caur_fit/CB1_CAUR_L_CF2_RI2_TI2_R12.json,74b633a78dfe171189160ec0651f63c472fd7c4b456c8aa149cbc69f56bbcc8c,,,,746101,,,False,376.0,outputs/frozen_2o_baselines/alns/runs/CB1_CAUR_L_CF2_RI2_TI2_R12/seed_746101.json,d90ce533b6861dc462435c913de22db15a5e5f7d452783c5f4431a770e346817,outputs/frozen_2o_baselines/alns/manifest.json,True
SOLVER_COMPARISON_RUN,A1.6R_FROZEN_COMPARATOR,ALNS,CB1_CAUR_L_CF2_RI2_TI2_R12,instances/controlled/RCIAS-CB1-TRAIN-CAUR-R12R14/r12_caur_fit/CB1_CAUR_L_CF2_RI2_TI2_R12.json,74b633a78dfe171189160ec0651f63c472fd7c4b456c8aa149cbc69f56bbcc8c,,,,746102,,,False,376.0,outputs/frozen_2o_baselines/alns/runs/CB1_CAUR_L_CF2_RI2_TI2_R12/seed_746102.json,a8910173624b85ab68f391b7406a5551acad940cef54d0526a569a33325d42bf,outputs/frozen_2o_baselines/alns/manifest.json,True
SOLVER_COMPARISON_RUN,A1.6R_FROZEN_COMPARATOR,ALNS,CB1_CAUR_L_CF2_RI2_TI2_R12,instances/controlled/RCIAS-CB1-TRAIN-CAUR-R12R14/r12_caur_fit/CB1_CAUR_L_CF2_RI2_TI2_R12.json,74b633a78dfe171189160ec0651f63c472fd7c4b456c8aa149cbc69f56bbcc8c,,,,746103,,,False,376.0,outputs/frozen_2o_baselines/alns/runs/CB1_CAUR_L_CF2_RI2_TI2_R12/seed_746103.json,566cb9b8d81ce4acab92e2abe7d64f18b467d1ceff82786c731ad07509a02801,outputs/frozen_2o_baselines/alns/manifest.json,True
SOLVER_COMPARISON_RUN,A1.6R_FROZEN_COMPARATOR,ALNS,CB1_CAUR_L_CF2_RI2_TI2_R12_C02,instances/controlled/RCIAS-CB1-TRAIN-CAUR-R12R14/r12_caur_fit/CB1_CAUR_L_CF2_RI2_TI2_R12_C02.json,48a9ab11246faafcf8189c16695cbf926f0ae8bdbc42dfab76d38b2d7830b091,,,,746101,,,False,388.0,outputs/frozen_2o_baselines/alns/runs/CB1_CAUR_L_CF2_RI2_TI2_R12_C02/seed_746101.json,97520714bc69c9c49f4f416fb88845dfcca2c594968204c480c8d4cc52615097,outputs/frozen_2o_baselines/alns/manifest.json,True
SOLVER_COMPARISON_RUN,A1.6R_FROZEN_COMPARATOR,ALNS,CB1_CAUR_L_CF2_RI2_TI2_R12_C02,instances/controlled/RCIAS-CB1-TRAIN-CAUR-R12R14/r12_caur_fit/CB1_CAUR_L_CF2_RI2_TI2_R12_C02.json,48a9ab11246faafcf8189c16695cbf926f0ae8bdbc42dfab76d38b2d7830b091,,,,746102,,,False,388.0,outputs/frozen_2o_baselines/alns/runs/CB1_CAUR_L_CF2_RI2_TI2_R12_C02/seed_746102.json,882021fa25da2d963e90e6bbb7e842c09d3c609bb83ec430e411ccd2ffe99ecf,outputs/frozen_2o_baselines/alns/manifest.json,True
SOLVER_COMPARISON_RUN,A1.6R_FROZEN_COMPARATOR,ALNS,CB1_CAUR_L_CF2_RI2_TI2_R12_C02,instances/controlled/RCIAS-CB1-TRAIN-CAUR-R12R14/r12_caur_fit/CB1_CAUR_L_CF2_RI2_TI2_R12_C02.json,48a9ab11246faafcf8189c16695cbf926f0ae8bdbc42dfab76d38b2d7830b091,,,,746103,,,False,388.0,outputs/frozen_2o_baselines/alns/runs/CB1_CAUR_L_CF2_RI2_TI2_R12_C02/seed_746103.json,8163c635e0faf27338e5e5ac186e051c237cb58f7bf75108d7cbef3bdfd05db0,outputs/frozen_2o_baselines/alns/manifest.json,True
SOLVER_COMPARISON_RUN,A1.6R_FROZEN_COMPARATOR,ALNS,CB1_CAUR_L_CF3_RI2_TI2_R12,instances/controlled/RCIAS-CB1-TRAIN-CAUR-R12R14/r12_caur_fit/CB1_CAUR_L_CF3_RI2_TI2_R12.json,bdb01c2b6350b572dcac6be3c542e696143bd4766ab3ae7939bff36e6234f25b,,,,746101,,,False,366.0,outputs/frozen_2o_baselines/alns/runs/CB1_CAUR_L_CF3_RI2_TI2_R12/seed_746101.json,6fa33551194eeaf0a3aae174cb027541df82330da3e2fc78067d9451da27f4cb,outputs/frozen_2o_baselines/alns/manifest.json,True
SOLVER_COMPARISON_RUN,A1.6R_FROZEN_COMPARATOR,ALNS,CB1_CAUR_L_CF3_RI2_TI2_R12,instances/controlled/RCIAS-CB1-TRAIN-CAUR-R12R14/r12_caur_fit/CB1_CAUR_L_CF3_RI2_TI2_R12.json,bdb01c2b6350b572dcac6be3c542e696143bd4766ab3ae7939bff36e6234f25b,,,,746102,,,False,366.0,outputs/frozen_2o_baselines/alns/runs/CB1_CAUR_L_CF3_RI2_TI2_R12/seed_746102.json,6c0b27a6bda6982d32ab13d1c09c684bf54717596468164514a5c374544cfe1f,outputs/frozen_2o_baselines/alns/manifest.json,True
SOLVER_COMPARISON_RUN,A1.6R_FROZEN_COMPARATOR,ALNS,CB1_CAUR_L_CF3_RI2_TI2_R12,instances/controlled/RCIAS-CB1-TRAIN-CAUR-R12R14/r12_caur_fit/CB1_CAUR_L_CF3_RI2_TI2_R12.json,bdb01c2b6350b572dcac6be3c542e696143bd4766ab3ae7939bff36e6234f25b,,,,746103,,,False,366.0,outputs/frozen_2o_baselines/alns/runs/CB1_CAUR_L_CF3_RI2_TI2_R12/seed_746103.json,7bf5178622b1152209e0ff1d5b4dbc9a740f510c0d529eb344569739acab487e,outputs/frozen_2o_baselines/alns/manifest.json,True
SOLVER_COMPARISON_RUN,A1.6R_FROZEN_COMPARATOR,ALNS,CB1_CAUR_L_CF3_RI2_TI2_R12_C02,instances/controlled/RCIAS-CB1-TRAIN-CAUR-R12R14/r12_caur_fit/CB1_CAUR_L_CF3_RI2_TI2_R12_C02.json,2373d994f8a29b3d5bc58aacb9c4f74c8c60d0950760ab044a7354c19b09f9b9,,,,746101,,,False,358.0,outputs/frozen_2o_baselines/alns/runs/CB1_CAUR_L_CF3_RI2_TI2_R12_C02/seed_746101.json,46340d1aae9a6787d16039ffa1889ee5b8e28bd193182ea9e01684fbc41f4734,outputs/frozen_2o_baselines/alns/manifest.json,True
SOLVER_COMPARISON_RUN,A1.6R_FROZEN_COMPARATOR,ALNS,CB1_CAUR_L_CF3_RI2_TI2_R12_C02,instances/controlled/RCIAS-CB1-TRAIN-CAUR-R12R14/r12_caur_fit/CB1_CAUR_L_CF3_RI2_TI2_R12_C02.json,2373d994f8a29b3d5bc58aacb9c4f74c8c60d0950760ab044a7354c19b09f9b9,,,,746102,,,False,358.0,outputs/frozen_2o_baselines/alns/runs/CB1_CAUR_L_CF3_RI2_TI2_R12_C02/seed_746102.json,106dcc33905a08e4622bb19ef96f0123afcf7346faeb5da9d8b51d260010ff6f,outputs/frozen_2o_baselines/alns/manifest.json,True
SOLVER_COMPARISON_RUN,A1.6R_FROZEN_COMPARATOR,ALNS,CB1_CAUR_L_CF3_RI2_TI2_R12_C02,instances/controlled/RCIAS-CB1-TRAIN-CAUR-R12R14/r12_caur_fit/CB1_CAUR_L_CF3_RI2_TI2_R12_C02.json,2373d994f8a29b3d5bc58aacb9c4f74c8c60d0950760ab044a7354c19b09f9b9,,,,746103,,,False,358.0,outputs/frozen_2o_baselines/alns/runs/CB1_CAUR_L_CF3_RI2_TI2_R12_C02/seed_746103.json,f92c499e5942cc58321fc17c59a7045dc5ea5a9431f1541672485fa23489a7b8,outputs/frozen_2o_baselines/alns/manifest.json,True
SOLVER_COMPARISON_RUN,A1.6R_FROZEN_COMPARATOR,ALNS,CB1_CAUR_M_CF1_RI2_TI2_R12,instances/controlled/RCIAS-CB1-TRAIN-CAUR-R12R14/r12_caur_fit/CB1_CAUR_M_CF1_RI2_TI2_R12.json,f3e73b5840e8e50e51b2bf81be2d17dc60648dd4666091ef91a94a0d3544e971,,,,746101,,,False,228.0,outputs/frozen_2o_baselines/alns/runs/CB1_CAUR_M_CF1_RI2_TI2_R12/seed_746101.json,b60b9f05d4e864035a302edad3376a1a98ebb51547a01890690a2605938719c2,outputs/frozen_2o_baselines/alns/manifest.json,True
SOLVER_COMPARISON_RUN,A1.6R_FROZEN_COMPARATOR,ALNS,CB1_CAUR_M_CF1_RI2_TI2_R12,instances/controlled/RCIAS-CB1-TRAIN-CAUR-R12R14/r12_caur_fit/CB1_CAUR_M_CF1_RI2_TI2_R12.json,f3e73b5840e8e50e51b2bf81be2d17dc60648dd4666091ef91a94a0d3544e971,,,,746102,,,False,228.0,outputs/frozen_2o_baselines/alns/runs/CB1_CAUR_M_CF1_RI2_TI2_R12/seed_746102.json,1bdea61a28e9730775d478c33d394a952b28ef725b34889540e1be7a6293d664,outputs/frozen_2o_baselines/alns/manifest.json,True
SOLVER_COMPARISON_RUN,A1.6R_FROZEN_COMPARATOR,ALNS,CB1_CAUR_M_CF1_RI2_TI2_R12,instances/controlled/RCIAS-CB1-TRAIN-CAUR-R12R14/r12_caur_fit/CB1_CAUR_M_CF1_RI2_TI2_R12.json,f3e73b5840e8e50e51b2bf81be2d17dc60648dd4666091ef91a94a0d3544e971,,,,746103,,,False,228.0,outputs/frozen_2o_baselines/alns/runs/CB1_CAUR_M_CF1_RI2_TI2_R12/seed_746103.json,35e8c02c051696a5b304eb9103c30b7955e4a9538a124867926ab4b9fb0ee8ca,outputs/frozen_2o_baselines/alns/manifest.json,True
SOLVER_COMPARISON_RUN,A1.6R_FROZEN_COMPARATOR,ALNS,CB1_CAUR_M_CF1_RI2_TI2_R12_C02,instances/controlled/RCIAS-CB1-TRAIN-CAUR-R12R14/r12_caur_fit/CB1_CAUR_M_CF1_RI2_TI2_R12_C02.json,c5f935a0c647bb5931b89836d8cecd934eab4933915ffb05394716fb026d4bb9,,,,746101,,,False,234.0,outputs/frozen_2o_baselines/alns/runs/CB1_CAUR_M_CF1_RI2_TI2_R12_C02/seed_746101.json,2df8b61edd44dddc4cc72b681be187fa8686748545b2e7864382a4b29bd15c49,outputs/frozen_2o_baselines/alns/manifest.json,True
SOLVER_COMPARISON_RUN,A1.6R_FROZEN_COMPARATOR,ALNS,CB1_CAUR_M_CF1_RI2_TI2_R12_C02,instances/controlled/RCIAS-CB1-TRAIN-CAUR-R12R14/r12_caur_fit/CB1_CAUR_M_CF1_RI2_TI2_R12_C02.json,c5f935a0c647bb5931b89836d8cecd934eab4933915ffb05394716fb026d4bb9,,,,746102,,,False,234.0,outputs/frozen_2o_baselines/alns/runs/CB1_CAUR_M_CF1_RI2_TI2_R12_C02/seed_746102.json,7f6c7fed71c4376e459500549b467d8e2d70932694bbbb80e6aae2db8491e787,outputs/frozen_2o_baselines/alns/manifest.json,True
SOLVER_COMPARISON_RUN,A1.6R_FROZEN_COMPARATOR,ALNS,CB1_CAUR_M_CF1_RI2_TI2_R12_C02,instances/controlled/RCIAS-CB1-TRAIN-CAUR-R12R14/r12_caur_fit/CB1_CAUR_M_CF1_RI2_TI2_R12_C02.json,c5f935a0c647bb5931b89836d8cecd934eab4933915ffb05394716fb026d4bb9,,,,746103,,,False,234.0,outputs/frozen_2o_baselines/alns/runs/CB1_CAUR_M_CF1_RI2_TI2_R12_C02/seed_746103.json,e2cd7228bb38056300e8897b57a90ebbc5832e52b6bc7700ab87d330c4a00de7,outputs/frozen_2o_baselines/alns/manifest.json,True
SOLVER_COMPARISON_RUN,A1.6R_FROZEN_COMPARATOR,ALNS,CB1_CAUR_M_CF2_RI2_TI2_R12,instances/controlled/RCIAS-CB1-TRAIN-CAUR-R12R14/r12_caur_fit/CB1_CAUR_M_CF2_RI2_TI2_R12.json,d9ebab88d1a3e2d3da92e56533b0c1d062ebeb81d84c125ec61af8fe79e7087a,,,,746101,,,False,244.0,outputs/frozen_2o_baselines/alns/runs/CB1_CAUR_M_CF2_RI2_TI2_R12/seed_746101.json,500ee9ce95fc0428e69e5f2aab5d686b60944fa70a15e5b5a46062788aa91573,outputs/frozen_2o_baselines/alns/manifest.json,True
SOLVER_COMPARISON_RUN,A1.6R_FROZEN_COMPARATOR,ALNS,CB1_CAUR_M_CF2_RI2_TI2_R12,instances/controlled/RCIAS-CB1-TRAIN-CAUR-R12R14/r12_caur_fit/CB1_CAUR_M_CF2_RI2_TI2_R12.json,d9ebab88d1a3e2d3da92e56533b0c1d062ebeb81d84c125ec61af8fe79e7087a,,,,746102,,,False,244.0,outputs/frozen_2o_baselines/alns/runs/CB1_CAUR_M_CF2_RI2_TI2_R12/seed_746102.json,d2fd23773e70ee83d1dee62cfac50843fcf84c2e87aa835b1a8945502e5fc1b5,outputs/frozen_2o_baselines/alns/manifest.json,True
SOLVER_COMPARISON_RUN,A1.6R_FROZEN_COMPARATOR,ALNS,CB1_CAUR_M_CF2_RI2_TI2_R12,instances/controlled/RCIAS-CB1-TRAIN-CAUR-R12R14/r12_caur_fit/CB1_CAUR_M_CF2_RI2_TI2_R12.json,d9ebab88d1a3e2d3da92e56533b0c1d062ebeb81d84c125ec61af8fe79e7087a,,,,746103,,,False,244.0,outputs/frozen_2o_baselines/alns/runs/CB1_CAUR_M_CF2_RI2_TI2_R12/seed_746103.json,6b5c07c4c513636b842917c6ccc3601d9d5c402b3e918633868580eb08a9bae7,outputs/frozen_2o_baselines/alns/manifest.json,True
SOLVER_COMPARISON_RUN,A1.6R_FROZEN_COMPARATOR,ALNS,CB1_CAUR_M_CF2_RI2_TI2_R12_C02,instances/controlled/RCIAS-CB1-TRAIN-CAUR-R12R14/r12_caur_fit/CB1_CAUR_M_CF2_RI2_TI2_R12_C02.json,9a1b7de15cfd0663d92ad81a5378da0922b92dc6f7c6b042cd8daf542a21b803,,,,746101,,,False,254.0,outputs/frozen_2o_baselines/alns/runs/CB1_CAUR_M_CF2_RI2_TI2_R12_C02/seed_746101.json,eb59473499c562221e8cb71058b558119ff9d3891b67509ec4adc597eba1a4db,outputs/frozen_2o_baselines/alns/manifest.json,True
SOLVER_COMPARISON_RUN,A1.6R_FROZEN_COMPARATOR,ALNS,CB1_CAUR_M_CF2_RI2_TI2_R12_C02,instances/controlled/RCIAS-CB1-TRAIN-CAUR-R12R14/r12_caur_fit/CB1_CAUR_M_CF2_RI2_TI2_R12_C02.json,9a1b7de15cfd0663d92ad81a5378da0922b92dc6f7c6b042cd8daf542a21b803,,,,746102,,,False,254.0,outputs/frozen_2o_baselines/alns/runs/CB1_CAUR_M_CF2_RI2_TI2_R12_C02/seed_746102.json,668496b392d42f0529bfae18b6cb1c8a8832cd218bf2c82966c7393130699d62,outputs/frozen_2o_baselines/alns/manifest.json,True
SOLVER_COMPARISON_RUN,A1.6R_FROZEN_COMPARATOR,ALNS,CB1_CAUR_M_CF2_RI2_TI2_R12_C02,instances/controlled/RCIAS-CB1-TRAIN-CAUR-R12R14/r12_caur_fit/CB1_CAUR_M_CF2_RI2_TI2_R12_C02.json,9a1b7de15cfd0663d92ad81a5378da0922b92dc6f7c6b042cd8daf542a21b803,,,,746103,,,False,254.0,outputs/frozen_2o_baselines/alns/runs/CB1_CAUR_M_CF2_RI2_TI2_R12_C02/seed_746103.json,cfce291ee73c2580010654385ef6eb8fe177a6887d991e7b485a7dbf2a9c2a2a,outputs/frozen_2o_baselines/alns/manifest.json,True
SOLVER_COMPARISON_RUN,A1.6R_FROZEN_COMPARATOR,ALNS,CB1_CAUR_M_CF3_RI2_TI2_R12,instances/controlled/RCIAS-CB1-TRAIN-CAUR-R12R14/r12_caur_fit/CB1_CAUR_M_CF3_RI2_TI2_R12.json,5ccadcfce0befc39234938c398bf932ff364dcf6a2ecd7adb51cebdb1d489239,,,,746101,,,False,236.0,outputs/frozen_2o_baselines/alns/runs/CB1_CAUR_M_CF3_RI2_TI2_R12/seed_746101.json,756541c8173d3bf2ea614e4a353f4203eceb77997295939a863c28a4ccf909b7,outputs/frozen_2o_baselines/alns/manifest.json,True
SOLVER_COMPARISON_RUN,A1.6R_FROZEN_COMPARATOR,ALNS,CB1_CAUR_M_CF3_RI2_TI2_R12,instances/controlled/RCIAS-CB1-TRAIN-CAUR-R12R14/r12_caur_fit/CB1_CAUR_M_CF3_RI2_TI2_R12.json,5ccadcfce0befc39234938c398bf932ff364dcf6a2ecd7adb51cebdb1d489239,,,,746102,,,False,236.0,outputs/frozen_2o_baselines/alns/runs/CB1_CAUR_M_CF3_RI2_TI2_R12/seed_746102.json,60e33ddeb5eb464450fc61e5ff7ff76c00e14abf6af69e813c68cf62c8d165a3,outputs/frozen_2o_baselines/alns/manifest.json,True
SOLVER_COMPARISON_RUN,A1.6R_FROZEN_COMPARATOR,ALNS,CB1_CAUR_M_CF3_RI2_TI2_R12,instances/controlled/RCIAS-CB1-TRAIN-CAUR-R12R14/r12_caur_fit/CB1_CAUR_M_CF3_RI2_TI2_R12.json,5ccadcfce0befc39234938c398bf932ff364dcf6a2ecd7adb51cebdb1d489239,,,,746103,,,False,236.0,outputs/frozen_2o_baselines/alns/runs/CB1_CAUR_M_CF3_RI2_TI2_R12/seed_746103.json,32a8b7ede6e8bdbf134f57500baa790e9fe84e21358a027f605d6c1cc41b6e06,outputs/frozen_2o_baselines/alns/manifest.json,True
SOLVER_COMPARISON_RUN,A1.6R_FROZEN_COMPARATOR,ALNS,CB1_CAUR_M_CF3_RI2_TI2_R12_C02,instances/controlled/RCIAS-CB1-TRAIN-CAUR-R12R14/r12_caur_fit/CB1_CAUR_M_CF3_RI2_TI2_R12_C02.json,94cd02375f0a1e0e878aaf1591384d4eaceee39aab3ebab323e7739ac2e086d7,,,,746101,,,False,232.0,outputs/frozen_2o_baselines/alns/runs/CB1_CAUR_M_CF3_RI2_TI2_R12_C02/seed_746101.json,ad40cde090feeabb5d238597bc681e16efec2cbb51e08aa0d7c7687d97044ceb,outputs/frozen_2o_baselines/alns/manifest.json,True
SOLVER_COMPARISON_RUN,A1.6R_FROZEN_COMPARATOR,ALNS,CB1_CAUR_M_CF3_RI2_TI2_R12_C02,instances/controlled/RCIAS-CB1-TRAIN-CAUR-R12R14/r12_caur_fit/CB1_CAUR_M_CF3_RI2_TI2_R12_C02.json,94cd02375f0a1e0e878aaf1591384d4eaceee39aab3ebab323e7739ac2e086d7,,,,746102,,,False,232.0,outputs/frozen_2o_baselines/alns/runs/CB1_CAUR_M_CF3_RI2_TI2_R12_C02/seed_746102.json,31b8a846c0fa66a0fa1bb8bd40e34a8a2303aaa867ea20b2b1da51e002de9f33,outputs/frozen_2o_baselines/alns/manifest.json,True
SOLVER_COMPARISON_RUN,A1.6R_FROZEN_COMPARATOR,ALNS,CB1_CAUR_M_CF3_RI2_TI2_R12_C02,instances/controlled/RCIAS-CB1-TRAIN-CAUR-R12R14/r12_caur_fit/CB1_CAUR_M_CF3_RI2_TI2_R12_C02.json,94cd02375f0a1e0e878aaf1591384d4eaceee39aab3ebab323e7739ac2e086d7,,,,746103,,,False,232.0,outputs/frozen_2o_baselines/alns/runs/CB1_CAUR_M_CF3_RI2_TI2_R12_C02/seed_746103.json,445f1b89e09d98b4b2b9f63b3a22ca7c706ade0b0fd2f7ed79e7ae5b98896005,outputs/frozen_2o_baselines/alns/manifest.json,True
SOLVER_COMPARISON_RUN,A1.6R_FROZEN_COMPARATOR,ALNS,CB1_CAUR_S_CF1_RI2_TI2_R12,instances/controlled/RCIAS-CB1-TRAIN-CAUR-R12R14/r12_caur_fit/CB1_CAUR_S_CF1_RI2_TI2_R12.json,12ff9dd4ce3a668c89ba8edd8ee0c9f87232f00b8ce8dbb42a4827402c20047a,,,,746101,,,False,122.0,outputs/frozen_2o_baselines/alns/runs/CB1_CAUR_S_CF1_RI2_TI2_R12/seed_746101.json,b2f401d78473cadcd0e8f1f44ffe8c03ae835f4a3523e07f3e0c980669411d82,outputs/frozen_2o_baselines/alns/manifest.json,True
SOLVER_COMPARISON_RUN,A1.6R_FROZEN_COMPARATOR,ALNS,CB1_CAUR_S_CF1_RI2_TI2_R12,instances/controlled/RCIAS-CB1-TRAIN-CAUR-R12R14/r12_caur_fit/CB1_CAUR_S_CF1_RI2_TI2_R12.json,12ff9dd4ce3a668c89ba8edd8ee0c9f87232f00b8ce8dbb42a4827402c20047a,,,,746102,,,False,122.0,outputs/frozen_2o_baselines/alns/runs/CB1_CAUR_S_CF1_RI2_TI2_R12/seed_746102.json,9fab2b531ebca13bbad00d5d2b406fef1fda99ac598e75cfbfd8dc9e85fc74cb,outputs/frozen_2o_baselines/alns/manifest.json,True
SOLVER_COMPARISON_RUN,A1.6R_FROZEN_COMPARATOR,ALNS,CB1_CAUR_S_CF1_RI2_TI2_R12,instances/controlled/RCIAS-CB1-TRAIN-CAUR-R12R14/r12_caur_fit/CB1_CAUR_S_CF1_RI2_TI2_R12.json,12ff9dd4ce3a668c89ba8edd8ee0c9f87232f00b8ce8dbb42a4827402c20047a,,,,746103,,,False,122.0,outputs/frozen_2o_baselines/alns/runs/CB1_CAUR_S_CF1_RI2_TI2_R12/seed_746103.json,a0ba71ba73032ceea426d7e4f998f332f4b3de9832cd0fc4b7383b6b3996c274,outputs/frozen_2o_baselines/alns/manifest.json,True
SOLVER_COMPARISON_RUN,A1.6R_FROZEN_COMPARATOR,ALNS,CB1_CAUR_S_CF1_RI2_TI2_R12_C02,instances/controlled/RCIAS-CB1-TRAIN-CAUR-R12R14/r12_caur_fit/CB1_CAUR_S_CF1_RI2_TI2_R12_C02.json,74a7fad62f6bab915dde95c71d8cee211cc37cf7ba296a7f69869350a5c295d4,,,,746101,,,False,112.0,outputs/frozen_2o_baselines/alns/runs/CB1_CAUR_S_CF1_RI2_TI2_R12_C02/seed_746101.json,bc50a8d22f85b8b8b8a03a48846183e3382efff34fe7f6c2b74bae877f837f30,outputs/frozen_2o_baselines/alns/manifest.json,True
SOLVER_COMPARISON_RUN,A1.6R_FROZEN_COMPARATOR,ALNS,CB1_CAUR_S_CF1_RI2_TI2_R12_C02,instances/controlled/RCIAS-CB1-TRAIN-CAUR-R12R14/r12_caur_fit/CB1_CAUR_S_CF1_RI2_TI2_R12_C02.json,74a7fad62f6bab915dde95c71d8cee211cc37cf7ba296a7f69869350a5c295d4,,,,746102,,,False,112.0,outputs/frozen_2o_baselines/alns/runs/CB1_CAUR_S_CF1_RI2_TI2_R12_C02/seed_746102.json,d16f0a3925edadb5c58fccba8a90cc2661f25908cac5d6e7b918f1270d8982ba,outputs/frozen_2o_baselines/alns/manifest.json,True
SOLVER_COMPARISON_RUN,A1.6R_FROZEN_COMPARATOR,ALNS,CB1_CAUR_S_CF1_RI2_TI2_R12_C02,instances/controlled/RCIAS-CB1-TRAIN-CAUR-R12R14/r12_caur_fit/CB1_CAUR_S_CF1_RI2_TI2_R12_C02.json,74a7fad62f6bab915dde95c71d8cee211cc37cf7ba296a7f69869350a5c295d4,,,,746103,,,False,112.0,outputs/frozen_2o_baselines/alns/runs/CB1_CAUR_S_CF1_RI2_TI2_R12_C02/seed_746103.json,885856235c0dac4b37865e19007f3da6adee45543640e27d3b8541cdfdeecd21,outputs/frozen_2o_baselines/alns/manifest.json,True
SOLVER_COMPARISON_RUN,A1.6R_FROZEN_COMPARATOR,ALNS,CB1_CAUR_S_CF2_RI2_TI2_R12,instances/controlled/RCIAS-CB1-TRAIN-CAUR-R12R14/r12_caur_fit/CB1_CAUR_S_CF2_RI2_TI2_R12.json,539a503ec74ff5d21200fb1410004fe10142f209ce1f6e910a08abb20b2d8f23,,,,746101,,,False,120.0,outputs/frozen_2o_baselines/alns/runs/CB1_CAUR_S_CF2_RI2_TI2_R12/seed_746101.json,1705f8b90584c422d47ac52c62570199b5b0686181049aafbb3ceb418469fc04,outputs/frozen_2o_baselines/alns/manifest.json,True
SOLVER_COMPARISON_RUN,A1.6R_FROZEN_COMPARATOR,ALNS,CB1_CAUR_S_CF2_RI2_TI2_R12,instances/controlled/RCIAS-CB1-TRAIN-CAUR-R12R14/r12_caur_fit/CB1_CAUR_S_CF2_RI2_TI2_R12.json,539a503ec74ff5d21200fb1410004fe10142f209ce1f6e910a08abb20b2d8f23,,,,746102,,,False,120.0,outputs/frozen_2o_baselines/alns/runs/CB1_CAUR_S_CF2_RI2_TI2_R12/seed_746102.json,7d0ecf3c52445314a1bc3a928bcfc28366b1b68c709a45360de2dcc563c11f3a,outputs/frozen_2o_baselines/alns/manifest.json,True
SOLVER_COMPARISON_RUN,A1.6R_FROZEN_COMPARATOR,ALNS,CB1_CAUR_S_CF2_RI2_TI2_R12,instances/controlled/RCIAS-CB1-TRAIN-CAUR-R12R14/r12_caur_fit/CB1_CAUR_S_CF2_RI2_TI2_R12.json,539a503ec74ff5d21200fb1410004fe10142f209ce1f6e910a08abb20b2d8f23,,,,746103,,,False,120.0,outputs/frozen_2o_baselines/alns/runs/CB1_CAUR_S_CF2_RI2_TI2_R12/seed_746103.json,7f39323c5807f6c9daa65ad96cbe1aa9aff2c6fcfb8a541b93faafd9f80065ac,outputs/frozen_2o_baselines/alns/manifest.json,True
SOLVER_COMPARISON_RUN,A1.6R_FROZEN_COMPARATOR,ALNS,CB1_CAUR_S_CF2_RI2_TI2_R12_C02,instances/controlled/RCIAS-CB1-TRAIN-CAUR-R12R14/r12_caur_fit/CB1_CAUR_S_CF2_RI2_TI2_R12_C02.json,92d8057295dbcbc4b54e91705c109ca5182fb4203fc8d99455311346d6468af6,,,,746101,,,False,126.0,outputs/frozen_2o_baselines/alns/runs/CB1_CAUR_S_CF2_RI2_TI2_R12_C02/seed_746101.json,fce01553b6563b3783e8f6f76f02a8c005d2b6ab95b0c9297b65928dfcb4cb35,outputs/frozen_2o_baselines/alns/manifest.json,True
SOLVER_COMPARISON_RUN,A1.6R_FROZEN_COMPARATOR,ALNS,CB1_CAUR_S_CF2_RI2_TI2_R12_C02,instances/controlled/RCIAS-CB1-TRAIN-CAUR-R12R14/r12_caur_fit/CB1_CAUR_S_CF2_RI2_TI2_R12_C02.json,92d8057295dbcbc4b54e91705c109ca5182fb4203fc8d99455311346d6468af6,,,,746102,,,False,126.0,outputs/frozen_2o_baselines/alns/runs/CB1_CAUR_S_CF2_RI2_TI2_R12_C02/seed_746102.json,07354011e7dfdfd60277a96a2e8307381c205afb80a4131df3bddae36f4f5116,outputs/frozen_2o_baselines/alns/manifest.json,True
SOLVER_COMPARISON_RUN,A1.6R_FROZEN_COMPARATOR,ALNS,CB1_CAUR_S_CF2_RI2_TI2_R12_C02,instances/controlled/RCIAS-CB1-TRAIN-CAUR-R12R14/r12_caur_fit/CB1_CAUR_S_CF2_RI2_TI2_R12_C02.json,92d8057295dbcbc4b54e91705c109ca5182fb4203fc8d99455311346d6468af6,,,,746103,,,False,126.0,outputs/frozen_2o_baselines/alns/runs/CB1_CAUR_S_CF2_RI2_TI2_R12_C02/seed_746103.json,a079e3feb35cb0ad54998ebf7c8992876ef63b6eb74e1cdb2e86d7ae4dcb73c0,outputs/frozen_2o_baselines/alns/manifest.json,True
SOLVER_COMPARISON_RUN,A1.6R_FROZEN_COMPARATOR,ALNS,CB1_CAUR_S_CF3_RI2_TI2_R12,instances/controlled/RCIAS-CB1-TRAIN-CAUR-R12R14/r12_caur_fit/CB1_CAUR_S_CF3_RI2_TI2_R12.json,3f232d8c25a7545c618b92d20016e072a645edcbe2b6e5247d8ed2da66733eff,,,,746101,,,False,122.0,outputs/frozen_2o_baselines/alns/runs/CB1_CAUR_S_CF3_RI2_TI2_R12/seed_746101.json,54569e05ba02b288745c5fda03bcaaa92f18707f7755f72d8b4d191c3df7d405,outputs/frozen_2o_baselines/alns/manifest.json,True
SOLVER_COMPARISON_RUN,A1.6R_FROZEN_COMPARATOR,ALNS,CB1_CAUR_S_CF3_RI2_TI2_R12,instances/controlled/RCIAS-CB1-TRAIN-CAUR-R12R14/r12_caur_fit/CB1_CAUR_S_CF3_RI2_TI2_R12.json,3f232d8c25a7545c618b92d20016e072a645edcbe2b6e5247d8ed2da66733eff,,,,746102,,,False,122.0,outputs/frozen_2o_baselines/alns/runs/CB1_CAUR_S_CF3_RI2_TI2_R12/seed_746102.json,b6baa96a6549ed15716ad1cd18feb75ab9f879f862bc8eafdda91438090f3ecb,outputs/frozen_2o_baselines/alns/manifest.json,True
SOLVER_COMPARISON_RUN,A1.6R_FROZEN_COMPARATOR,ALNS,CB1_CAUR_S_CF3_RI2_TI2_R12,instances/controlled/RCIAS-CB1-TRAIN-CAUR-R12R14/r12_caur_fit/CB1_CAUR_S_CF3_RI2_TI2_R12.json,3f232d8c25a7545c618b92d20016e072a645edcbe2b6e5247d8ed2da66733eff,,,,746103,,,False,122.0,outputs/frozen_2o_baselines/alns/runs/CB1_CAUR_S_CF3_RI2_TI2_R12/seed_746103.json,a7f0f604059d3e880f85d91bebb4c0c8d6dcbc2c311cfa702fcdad9343b435d5,outputs/frozen_2o_baselines/alns/manifest.json,True
SOLVER_COMPARISON_RUN,A1.6R_FROZEN_COMPARATOR,ALNS,CB1_CAUR_S_CF3_RI2_TI2_R12_C02,instances/controlled/RCIAS-CB1-TRAIN-CAUR-R12R14/r12_caur_fit/CB1_CAUR_S_CF3_RI2_TI2_R12_C02.json,96c10a051fa514f280b12e2f8c0ccf414e920ac4610fe333af1151dc928410d4,,,,746101,,,False,126.0,outputs/frozen_2o_baselines/alns/runs/CB1_CAUR_S_CF3_RI2_TI2_R12_C02/seed_746101.json,4615c8794044febfd1d492d23e47927295c5134d0a8c5f2668d552c690109324,outputs/frozen_2o_baselines/alns/manifest.json,True
SOLVER_COMPARISON_RUN,A1.6R_FROZEN_COMPARATOR,ALNS,CB1_CAUR_S_CF3_RI2_TI2_R12_C02,instances/controlled/RCIAS-CB1-TRAIN-CAUR-R12R14/r12_caur_fit/CB1_CAUR_S_CF3_RI2_TI2_R12_C02.json,96c10a051fa514f280b12e2f8c0ccf414e920ac4610fe333af1151dc928410d4,,,,746102,,,False,126.0,outputs/frozen_2o_baselines/alns/runs/CB1_CAUR_S_CF3_RI2_TI2_R12_C02/seed_746102.json,18938edfe0e76e3bad96050df3d15d6973a1fea306139f8050589651afc2b4db,outputs/frozen_2o_baselines/alns/manifest.json,True
SOLVER_COMPARISON_RUN,A1.6R_FROZEN_COMPARATOR,ALNS,CB1_CAUR_S_CF3_RI2_TI2_R12_C02,instances/controlled/RCIAS-CB1-TRAIN-CAUR-R12R14/r12_caur_fit/CB1_CAUR_S_CF3_RI2_TI2_R12_C02.json,96c10a051fa514f280b12e2f8c0ccf414e920ac4610fe333af1151dc928410d4,,,,746103,,,False,126.0,outputs/frozen_2o_baselines/alns/runs/CB1_CAUR_S_CF3_RI2_TI2_R12_C02/seed_746103.json,c4f9a4376fd36b19234b05d6e5dca964a7de65f1e8bdfd9e681b4f0c6e2f6cee,outputs/frozen_2o_baselines/alns/manifest.json,True
SOLVER_COMPARISON_RUN,A1.6R_FROZEN_COMPARATOR,PHASE6H,CB1_CAUR_L_CF1_RI2_TI2_R12,instances/controlled/RCIAS-CB1-TRAIN-CAUR-R12R14/r12_caur_fit/CB1_CAUR_L_CF1_RI2_TI2_R12.json,c0b6374d4eb72ada83b8a8452425b71b4322e61123edbb755f2cd08927288b7a,,,,746101,,,False,332.0,outputs/frozen_2o_baselines/phase6h/runs/CB1_CAUR_L_CF1_RI2_TI2_R12/seed_746101.json,361e6ff48ff1011045b2aaeecc35e9626c55d733d2334fc7a963d1748fdbf364,outputs/frozen_2o_baselines/phase6h/manifest.json,True
SOLVER_COMPARISON_RUN,A1.6R_FROZEN_COMPARATOR,PHASE6H,CB1_CAUR_L_CF1_RI2_TI2_R12,instances/controlled/RCIAS-CB1-TRAIN-CAUR-R12R14/r12_caur_fit/CB1_CAUR_L_CF1_RI2_TI2_R12.json,c0b6374d4eb72ada83b8a8452425b71b4322e61123edbb755f2cd08927288b7a,,,,746102,,,False,332.0,outputs/frozen_2o_baselines/phase6h/runs/CB1_CAUR_L_CF1_RI2_TI2_R12/seed_746102.json,8dbe2bbb112a5d2d0717136b6e5b456a0a2a36754c29fcc55b5131fee1cc12f9,outputs/frozen_2o_baselines/phase6h/manifest.json,True
SOLVER_COMPARISON_RUN,A1.6R_FROZEN_COMPARATOR,PHASE6H,CB1_CAUR_L_CF1_RI2_TI2_R12,instances/controlled/RCIAS-CB1-TRAIN-CAUR-R12R14/r12_caur_fit/CB1_CAUR_L_CF1_RI2_TI2_R12.json,c0b6374d4eb72ada83b8a8452425b71b4322e61123edbb755f2cd08927288b7a,,,,746103,,,False,332.0,outputs/frozen_2o_baselines/phase6h/runs/CB1_CAUR_L_CF1_RI2_TI2_R12/seed_746103.json,408f2d5d00a8bf2533675c5a14bae1dce5c29fb34efad67bade0476fd1673ea6,outputs/frozen_2o_baselines/phase6h/manifest.json,True
SOLVER_COMPARISON_RUN,A1.6R_FROZEN_COMPARATOR,PHASE6H,CB1_CAUR_L_CF1_RI2_TI2_R12_C02,instances/controlled/RCIAS-CB1-TRAIN-CAUR-R12R14/r12_caur_fit/CB1_CAUR_L_CF1_RI2_TI2_R12_C02.json,dd5c1ce71a5d72aad6c85617cb1718c9e57f3a6cfe23a0d18a92f0942ba56dc1,,,,746101,,,False,344.0,outputs/frozen_2o_baselines/phase6h/runs/CB1_CAUR_L_CF1_RI2_TI2_R12_C02/seed_746101.json,f7ff9c0389842ef0a38bafaa46c0be1a06ce1a34d1649728006f9a2aa03d6f24,outputs/frozen_2o_baselines/phase6h/manifest.json,True
SOLVER_COMPARISON_RUN,A1.6R_FROZEN_COMPARATOR,PHASE6H,CB1_CAUR_L_CF1_RI2_TI2_R12_C02,instances/controlled/RCIAS-CB1-TRAIN-CAUR-R12R14/r12_caur_fit/CB1_CAUR_L_CF1_RI2_TI2_R12_C02.json,dd5c1ce71a5d72aad6c85617cb1718c9e57f3a6cfe23a0d18a92f0942ba56dc1,,,,746102,,,False,344.0,outputs/frozen_2o_baselines/phase6h/runs/CB1_CAUR_L_CF1_RI2_TI2_R12_C02/seed_746102.json,faf524296887336d84fe700ba33e21c6631f26d9243cb7b03e76efec5a831870,outputs/frozen_2o_baselines/phase6h/manifest.json,True
SOLVER_COMPARISON_RUN,A1.6R_FROZEN_COMPARATOR,PHASE6H,CB1_CAUR_L_CF1_RI2_TI2_R12_C02,instances/controlled/RCIAS-CB1-TRAIN-CAUR-R12R14/r12_caur_fit/CB1_CAUR_L_CF1_RI2_TI2_R12_C02.json,dd5c1ce71a5d72aad6c85617cb1718c9e57f3a6cfe23a0d18a92f0942ba56dc1,,,,746103,,,False,344.0,outputs/frozen_2o_baselines/phase6h/runs/CB1_CAUR_L_CF1_RI2_TI2_R12_C02/seed_746103.json,ac3c4fd88d01556961542b9baee009dd28776c53ee9be1917a4ab06b66c194f8,outputs/frozen_2o_baselines/phase6h/manifest.json,True
SOLVER_COMPARISON_RUN,A1.6R_FROZEN_COMPARATOR,PHASE6H,CB1_CAUR_L_CF2_RI2_TI2_R12,instances/controlled/RCIAS-CB1-TRAIN-CAUR-R12R14/r12_caur_fit/CB1_CAUR_L_CF2_RI2_TI2_R12.json,74b633a78dfe171189160ec0651f63c472fd7c4b456c8aa149cbc69f56bbcc8c,,,,746101,,,False,376.0,outputs/frozen_2o_baselines/phase6h/runs/CB1_CAUR_L_CF2_RI2_TI2_R12/seed_746101.json,af4a37745aac6cd9eb3a1af56fe6ef300e4509401325b143c3d984bff17a2b06,outputs/frozen_2o_baselines/phase6h/manifest.json,True
SOLVER_COMPARISON_RUN,A1.6R_FROZEN_COMPARATOR,PHASE6H,CB1_CAUR_L_CF2_RI2_TI2_R12,instances/controlled/RCIAS-CB1-TRAIN-CAUR-R12R14/r12_caur_fit/CB1_CAUR_L_CF2_RI2_TI2_R12.json,74b633a78dfe171189160ec0651f63c472fd7c4b456c8aa149cbc69f56bbcc8c,,,,746102,,,False,376.0,outputs/frozen_2o_baselines/phase6h/runs/CB1_CAUR_L_CF2_RI2_TI2_R12/seed_746102.json,bef4a1af46fc8281b13f7ad6e0c3faf6da94797701626d11cc92e223dedd5198,outputs/frozen_2o_baselines/phase6h/manifest.json,True
SOLVER_COMPARISON_RUN,A1.6R_FROZEN_COMPARATOR,PHASE6H,CB1_CAUR_L_CF2_RI2_TI2_R12,instances/controlled/RCIAS-CB1-TRAIN-CAUR-R12R14/r12_caur_fit/CB1_CAUR_L_CF2_RI2_TI2_R12.json,74b633a78dfe171189160ec0651f63c472fd7c4b456c8aa149cbc69f56bbcc8c,,,,746103,,,False,376.0,outputs/frozen_2o_baselines/phase6h/runs/CB1_CAUR_L_CF2_RI2_TI2_R12/seed_746103.json,118ff3c7428edbd4dfaf1346cd5609c912335c293d1149ca6ccb4c36a8aeda75,outputs/frozen_2o_baselines/phase6h/manifest.json,True
SOLVER_COMPARISON_RUN,A1.6R_FROZEN_COMPARATOR,PHASE6H,CB1_CAUR_L_CF2_RI2_TI2_R12_C02,instances/controlled/RCIAS-CB1-TRAIN-CAUR-R12R14/r12_caur_fit/CB1_CAUR_L_CF2_RI2_TI2_R12_C02.json,48a9ab11246faafcf8189c16695cbf926f0ae8bdbc42dfab76d38b2d7830b091,,,,746101,,,False,388.0,outputs/frozen_2o_baselines/phase6h/runs/CB1_CAUR_L_CF2_RI2_TI2_R12_C02/seed_746101.json,23358c56a9bf339cd4eabd522d5ec34304cd8045900788a823535231718b960c,outputs/frozen_2o_baselines/phase6h/manifest.json,True
SOLVER_COMPARISON_RUN,A1.6R_FROZEN_COMPARATOR,PHASE6H,CB1_CAUR_L_CF2_RI2_TI2_R12_C02,instances/controlled/RCIAS-CB1-TRAIN-CAUR-R12R14/r12_caur_fit/CB1_CAUR_L_CF2_RI2_TI2_R12_C02.json,48a9ab11246faafcf8189c16695cbf926f0ae8bdbc42dfab76d38b2d7830b091,,,,746102,,,False,388.0,outputs/frozen_2o_baselines/phase6h/runs/CB1_CAUR_L_CF2_RI2_TI2_R12_C02/seed_746102.json,6db7d8f13360e54d5709065bc7ccfaefa29b9567799e206f6def667ae85b822a,outputs/frozen_2o_baselines/phase6h/manifest.json,True
SOLVER_COMPARISON_RUN,A1.6R_FROZEN_COMPARATOR,PHASE6H,CB1_CAUR_L_CF2_RI2_TI2_R12_C02,instances/controlled/RCIAS-CB1-TRAIN-CAUR-R12R14/r12_caur_fit/CB1_CAUR_L_CF2_RI2_TI2_R12_C02.json,48a9ab11246faafcf8189c16695cbf926f0ae8bdbc42dfab76d38b2d7830b091,,,,746103,,,False,388.0,outputs/frozen_2o_baselines/phase6h/runs/CB1_CAUR_L_CF2_RI2_TI2_R12_C02/seed_746103.json,6c478dc34c709bb1febc8be6b7cb4de14e91ebcb5358df1eb41a215621cf3f4d,outputs/frozen_2o_baselines/phase6h/manifest.json,True
SOLVER_COMPARISON_RUN,A1.6R_FROZEN_COMPARATOR,PHASE6H,CB1_CAUR_L_CF3_RI2_TI2_R12,instances/controlled/RCIAS-CB1-TRAIN-CAUR-R12R14/r12_caur_fit/CB1_CAUR_L_CF3_RI2_TI2_R12.json,bdb01c2b6350b572dcac6be3c542e696143bd4766ab3ae7939bff36e6234f25b,,,,746101,,,False,366.0,outputs/frozen_2o_baselines/phase6h/runs/CB1_CAUR_L_CF3_RI2_TI2_R12/seed_746101.json,d48ff582739c802995cda5d872ddab39c26c00bf2d5a40dd01a45c3ee5492c2d,outputs/frozen_2o_baselines/phase6h/manifest.json,True
SOLVER_COMPARISON_RUN,A1.6R_FROZEN_COMPARATOR,PHASE6H,CB1_CAUR_L_CF3_RI2_TI2_R12,instances/controlled/RCIAS-CB1-TRAIN-CAUR-R12R14/r12_caur_fit/CB1_CAUR_L_CF3_RI2_TI2_R12.json,bdb01c2b6350b572dcac6be3c542e696143bd4766ab3ae7939bff36e6234f25b,,,,746102,,,False,366.0,outputs/frozen_2o_baselines/phase6h/runs/CB1_CAUR_L_CF3_RI2_TI2_R12/seed_746102.json,e50fdffa9cb8dd8a0ce3178ceb0458340a5be62aded601e9dbe6b3e3452dabb5,outputs/frozen_2o_baselines/phase6h/manifest.json,True
SOLVER_COMPARISON_RUN,A1.6R_FROZEN_COMPARATOR,PHASE6H,CB1_CAUR_L_CF3_RI2_TI2_R12,instances/controlled/RCIAS-CB1-TRAIN-CAUR-R12R14/r12_caur_fit/CB1_CAUR_L_CF3_RI2_TI2_R12.json,bdb01c2b6350b572dcac6be3c542e696143bd4766ab3ae7939bff36e6234f25b,,,,746103,,,False,366.0,outputs/frozen_2o_baselines/phase6h/runs/CB1_CAUR_L_CF3_RI2_TI2_R12/seed_746103.json,93561a93487c97950e478681370070cf710ecba0abec2b919a86b772b6f8cc84,outputs/frozen_2o_baselines/phase6h/manifest.json,True
SOLVER_COMPARISON_RUN,A1.6R_FROZEN_COMPARATOR,PHASE6H,CB1_CAUR_L_CF3_RI2_TI2_R12_C02,instances/controlled/RCIAS-CB1-TRAIN-CAUR-R12R14/r12_caur_fit/CB1_CAUR_L_CF3_RI2_TI2_R12_C02.json,2373d994f8a29b3d5bc58aacb9c4f74c8c60d0950760ab044a7354c19b09f9b9,,,,746101,,,False,358.0,outputs/frozen_2o_baselines/phase6h/runs/CB1_CAUR_L_CF3_RI2_TI2_R12_C02/seed_746101.json,ef2f95aac35b979b92d531a5771f51e693608f888f70a13eda797c19d0606045,outputs/frozen_2o_baselines/phase6h/manifest.json,True
SOLVER_COMPARISON_RUN,A1.6R_FROZEN_COMPARATOR,PHASE6H,CB1_CAUR_L_CF3_RI2_TI2_R12_C02,instances/controlled/RCIAS-CB1-TRAIN-CAUR-R12R14/r12_caur_fit/CB1_CAUR_L_CF3_RI2_TI2_R12_C02.json,2373d994f8a29b3d5bc58aacb9c4f74c8c60d0950760ab044a7354c19b09f9b9,,,,746102,,,False,358.0,outputs/frozen_2o_baselines/phase6h/runs/CB1_CAUR_L_CF3_RI2_TI2_R12_C02/seed_746102.json,49f1cb6464d829ad7f278bbb98d06ce3463db31a470fe6b688518a90e2878bc7,outputs/frozen_2o_baselines/phase6h/manifest.json,True
SOLVER_COMPARISON_RUN,A1.6R_FROZEN_COMPARATOR,PHASE6H,CB1_CAUR_L_CF3_RI2_TI2_R12_C02,instances/controlled/RCIAS-CB1-TRAIN-CAUR-R12R14/r12_caur_fit/CB1_CAUR_L_CF3_RI2_TI2_R12_C02.json,2373d994f8a29b3d5bc58aacb9c4f74c8c60d0950760ab044a7354c19b09f9b9,,,,746103,,,False,358.0,outputs/frozen_2o_baselines/phase6h/runs/CB1_CAUR_L_CF3_RI2_TI2_R12_C02/seed_746103.json,ee265403343003382ed9af288d0e4e6e803e852b4b35a6eca291db5ac9f58ab8,outputs/frozen_2o_baselines/phase6h/manifest.json,True
SOLVER_COMPARISON_RUN,A1.6R_FROZEN_COMPARATOR,PHASE6H,CB1_CAUR_M_CF1_RI2_TI2_R12,instances/controlled/RCIAS-CB1-TRAIN-CAUR-R12R14/r12_caur_fit/CB1_CAUR_M_CF1_RI2_TI2_R12.json,f3e73b5840e8e50e51b2bf81be2d17dc60648dd4666091ef91a94a0d3544e971,,,,746101,,,False,228.0,outputs/frozen_2o_baselines/phase6h/runs/CB1_CAUR_M_CF1_RI2_TI2_R12/seed_746101.json,7d9ff17e51decf931bc76e178e30a160f082d5acf23acfd01fa3ad96bc29da2e,outputs/frozen_2o_baselines/phase6h/manifest.json,True
SOLVER_COMPARISON_RUN,A1.6R_FROZEN_COMPARATOR,PHASE6H,CB1_CAUR_M_CF1_RI2_TI2_R12,instances/controlled/RCIAS-CB1-TRAIN-CAUR-R12R14/r12_caur_fit/CB1_CAUR_M_CF1_RI2_TI2_R12.json,f3e73b5840e8e50e51b2bf81be2d17dc60648dd4666091ef91a94a0d3544e971,,,,746102,,,False,228.0,outputs/frozen_2o_baselines/phase6h/runs/CB1_CAUR_M_CF1_RI2_TI2_R12/seed_746102.json,2618cf8a95fbb4effe141fbc94bc3dc7d16d0477a62821d4ef507a8f61ddddcc,outputs/frozen_2o_baselines/phase6h/manifest.json,True
SOLVER_COMPARISON_RUN,A1.6R_FROZEN_COMPARATOR,PHASE6H,CB1_CAUR_M_CF1_RI2_TI2_R12,instances/controlled/RCIAS-CB1-TRAIN-CAUR-R12R14/r12_caur_fit/CB1_CAUR_M_CF1_RI2_TI2_R12.json,f3e73b5840e8e50e51b2bf81be2d17dc60648dd4666091ef91a94a0d3544e971,,,,746103,,,False,228.0,outputs/frozen_2o_baselines/phase6h/runs/CB1_CAUR_M_CF1_RI2_TI2_R12/seed_746103.json,af4a996be9780c2796408753ddce6bd02ac1bed9a07cac7930aebaca7df86c86,outputs/frozen_2o_baselines/phase6h/manifest.json,True
SOLVER_COMPARISON_RUN,A1.6R_FROZEN_COMPARATOR,PHASE6H,CB1_CAUR_M_CF1_RI2_TI2_R12_C02,instances/controlled/RCIAS-CB1-TRAIN-CAUR-R12R14/r12_caur_fit/CB1_CAUR_M_CF1_RI2_TI2_R12_C02.json,c5f935a0c647bb5931b89836d8cecd934eab4933915ffb05394716fb026d4bb9,,,,746101,,,False,234.0,outputs/frozen_2o_baselines/phase6h/runs/CB1_CAUR_M_CF1_RI2_TI2_R12_C02/seed_746101.json,7b8b02561f69fd144f4592170ee765569d38b3d83d8dfc94748123b1bf6f1e71,outputs/frozen_2o_baselines/phase6h/manifest.json,True
SOLVER_COMPARISON_RUN,A1.6R_FROZEN_COMPARATOR,PHASE6H,CB1_CAUR_M_CF1_RI2_TI2_R12_C02,instances/controlled/RCIAS-CB1-TRAIN-CAUR-R12R14/r12_caur_fit/CB1_CAUR_M_CF1_RI2_TI2_R12_C02.json,c5f935a0c647bb5931b89836d8cecd934eab4933915ffb05394716fb026d4bb9,,,,746102,,,False,234.0,outputs/frozen_2o_baselines/phase6h/runs/CB1_CAUR_M_CF1_RI2_TI2_R12_C02/seed_746102.json,ab42c6e2b1cd80c12fab2d5cb4dca050c94e35f93f58e3a83227a1adf560d3c7,outputs/frozen_2o_baselines/phase6h/manifest.json,True
SOLVER_COMPARISON_RUN,A1.6R_FROZEN_COMPARATOR,PHASE6H,CB1_CAUR_M_CF1_RI2_TI2_R12_C02,instances/controlled/RCIAS-CB1-TRAIN-CAUR-R12R14/r12_caur_fit/CB1_CAUR_M_CF1_RI2_TI2_R12_C02.json,c5f935a0c647bb5931b89836d8cecd934eab4933915ffb05394716fb026d4bb9,,,,746103,,,False,234.0,outputs/frozen_2o_baselines/phase6h/runs/CB1_CAUR_M_CF1_RI2_TI2_R12_C02/seed_746103.json,b5a13ed4e46316d2e14f20a77e1e0120f8acc4cf42ab413aaeec3eb28f4c3561,outputs/frozen_2o_baselines/phase6h/manifest.json,True
SOLVER_COMPARISON_RUN,A1.6R_FROZEN_COMPARATOR,PHASE6H,CB1_CAUR_M_CF2_RI2_TI2_R12,instances/controlled/RCIAS-CB1-TRAIN-CAUR-R12R14/r12_caur_fit/CB1_CAUR_M_CF2_RI2_TI2_R12.json,d9ebab88d1a3e2d3da92e56533b0c1d062ebeb81d84c125ec61af8fe79e7087a,,,,746101,,,False,244.0,outputs/frozen_2o_baselines/phase6h/runs/CB1_CAUR_M_CF2_RI2_TI2_R12/seed_746101.json,0723bf03e53d87388513f12235e24e23218ffeb6283891a100f6b4c52dad7dc4,outputs/frozen_2o_baselines/phase6h/manifest.json,True
SOLVER_COMPARISON_RUN,A1.6R_FROZEN_COMPARATOR,PHASE6H,CB1_CAUR_M_CF2_RI2_TI2_R12,instances/controlled/RCIAS-CB1-TRAIN-CAUR-R12R14/r12_caur_fit/CB1_CAUR_M_CF2_RI2_TI2_R12.json,d9ebab88d1a3e2d3da92e56533b0c1d062ebeb81d84c125ec61af8fe79e7087a,,,,746102,,,False,244.0,outputs/frozen_2o_baselines/phase6h/runs/CB1_CAUR_M_CF2_RI2_TI2_R12/seed_746102.json,27e116d558547ceb895696e4e897fcc883487dfcb6e1fff934bba54062881d7b,outputs/frozen_2o_baselines/phase6h/manifest.json,True
SOLVER_COMPARISON_RUN,A1.6R_FROZEN_COMPARATOR,PHASE6H,CB1_CAUR_M_CF2_RI2_TI2_R12,instances/controlled/RCIAS-CB1-TRAIN-CAUR-R12R14/r12_caur_fit/CB1_CAUR_M_CF2_RI2_TI2_R12.json,d9ebab88d1a3e2d3da92e56533b0c1d062ebeb81d84c125ec61af8fe79e7087a,,,,746103,,,False,244.0,outputs/frozen_2o_baselines/phase6h/runs/CB1_CAUR_M_CF2_RI2_TI2_R12/seed_746103.json,e841685c3ef8aa58a8ae91a43a66a9faccc6d001e8aafa3dddc817f6996fac7d,outputs/frozen_2o_baselines/phase6h/manifest.json,True
SOLVER_COMPARISON_RUN,A1.6R_FROZEN_COMPARATOR,PHASE6H,CB1_CAUR_M_CF2_RI2_TI2_R12_C02,instances/controlled/RCIAS-CB1-TRAIN-CAUR-R12R14/r12_caur_fit/CB1_CAUR_M_CF2_RI2_TI2_R12_C02.json,9a1b7de15cfd0663d92ad81a5378da0922b92dc6f7c6b042cd8daf542a21b803,,,,746101,,,False,254.0,outputs/frozen_2o_baselines/phase6h/runs/CB1_CAUR_M_CF2_RI2_TI2_R12_C02/seed_746101.json,5bb184b4e5a387a5c8063556e089fd8c8d5eedaa8f88a85622a05c3fc8c362e1,outputs/frozen_2o_baselines/phase6h/manifest.json,True
SOLVER_COMPARISON_RUN,A1.6R_FROZEN_COMPARATOR,PHASE6H,CB1_CAUR_M_CF2_RI2_TI2_R12_C02,instances/controlled/RCIAS-CB1-TRAIN-CAUR-R12R14/r12_caur_fit/CB1_CAUR_M_CF2_RI2_TI2_R12_C02.json,9a1b7de15cfd0663d92ad81a5378da0922b92dc6f7c6b042cd8daf542a21b803,,,,746102,,,False,254.0,outputs/frozen_2o_baselines/phase6h/runs/CB1_CAUR_M_CF2_RI2_TI2_R12_C02/seed_746102.json,e0c2b9390b0986beef68f6df024e8c9afde9d9ba54b10b79d0b5af666366f754,outputs/frozen_2o_baselines/phase6h/manifest.json,True
SOLVER_COMPARISON_RUN,A1.6R_FROZEN_COMPARATOR,PHASE6H,CB1_CAUR_M_CF2_RI2_TI2_R12_C02,instances/controlled/RCIAS-CB1-TRAIN-CAUR-R12R14/r12_caur_fit/CB1_CAUR_M_CF2_RI2_TI2_R12_C02.json,9a1b7de15cfd0663d92ad81a5378da0922b92dc6f7c6b042cd8daf542a21b803,,,,746103,,,False,254.0,outputs/frozen_2o_baselines/phase6h/runs/CB1_CAUR_M_CF2_RI2_TI2_R12_C02/seed_746103.json,d1c08b8412ab7919d266a9b14172ed8217960c92050f927c19f06f642a38a49b,outputs/frozen_2o_baselines/phase6h/manifest.json,True
SOLVER_COMPARISON_RUN,A1.6R_FROZEN_COMPARATOR,PHASE6H,CB1_CAUR_M_CF3_RI2_TI2_R12,instances/controlled/RCIAS-CB1-TRAIN-CAUR-R12R14/r12_caur_fit/CB1_CAUR_M_CF3_RI2_TI2_R12.json,5ccadcfce0befc39234938c398bf932ff364dcf6a2ecd7adb51cebdb1d489239,,,,746101,,,False,236.0,outputs/frozen_2o_baselines/phase6h/runs/CB1_CAUR_M_CF3_RI2_TI2_R12/seed_746101.json,1f97970abc9f30c99a9225510cc1344300b073ac44fb6754c17682aca3f804eb,outputs/frozen_2o_baselines/phase6h/manifest.json,True
SOLVER_COMPARISON_RUN,A1.6R_FROZEN_COMPARATOR,PHASE6H,CB1_CAUR_M_CF3_RI2_TI2_R12,instances/controlled/RCIAS-CB1-TRAIN-CAUR-R12R14/r12_caur_fit/CB1_CAUR_M_CF3_RI2_TI2_R12.json,5ccadcfce0befc39234938c398bf932ff364dcf6a2ecd7adb51cebdb1d489239,,,,746102,,,False,236.0,outputs/frozen_2o_baselines/phase6h/runs/CB1_CAUR_M_CF3_RI2_TI2_R12/seed_746102.json,3d0a5f60faf87674c65cdc052dc655b478d64e7a7178f70e905375baad3cae7b,outputs/frozen_2o_baselines/phase6h/manifest.json,True
SOLVER_COMPARISON_RUN,A1.6R_FROZEN_COMPARATOR,PHASE6H,CB1_CAUR_M_CF3_RI2_TI2_R12,instances/controlled/RCIAS-CB1-TRAIN-CAUR-R12R14/r12_caur_fit/CB1_CAUR_M_CF3_RI2_TI2_R12.json,5ccadcfce0befc39234938c398bf932ff364dcf6a2ecd7adb51cebdb1d489239,,,,746103,,,False,236.0,outputs/frozen_2o_baselines/phase6h/runs/CB1_CAUR_M_CF3_RI2_TI2_R12/seed_746103.json,3eace55efeb08bdf8e822c911c583f4257efe9dac524fd49ac4bcb25c175da85,outputs/frozen_2o_baselines/phase6h/manifest.json,True
SOLVER_COMPARISON_RUN,A1.6R_FROZEN_COMPARATOR,PHASE6H,CB1_CAUR_M_CF3_RI2_TI2_R12_C02,instances/controlled/RCIAS-CB1-TRAIN-CAUR-R12R14/r12_caur_fit/CB1_CAUR_M_CF3_RI2_TI2_R12_C02.json,94cd02375f0a1e0e878aaf1591384d4eaceee39aab3ebab323e7739ac2e086d7,,,,746101,,,False,232.0,outputs/frozen_2o_baselines/phase6h/runs/CB1_CAUR_M_CF3_RI2_TI2_R12_C02/seed_746101.json,335083eb575e29d839c0ce3ddc1b24027b35f351c753d940c2360a3240c17192,outputs/frozen_2o_baselines/phase6h/manifest.json,True
SOLVER_COMPARISON_RUN,A1.6R_FROZEN_COMPARATOR,PHASE6H,CB1_CAUR_M_CF3_RI2_TI2_R12_C02,instances/controlled/RCIAS-CB1-TRAIN-CAUR-R12R14/r12_caur_fit/CB1_CAUR_M_CF3_RI2_TI2_R12_C02.json,94cd02375f0a1e0e878aaf1591384d4eaceee39aab3ebab323e7739ac2e086d7,,,,746102,,,False,232.0,outputs/frozen_2o_baselines/phase6h/runs/CB1_CAUR_M_CF3_RI2_TI2_R12_C02/seed_746102.json,25a05407fa82df0586174fb86ea4889a6a9c015b5200b2353e2dce5a0ab2cf47,outputs/frozen_2o_baselines/phase6h/manifest.json,True
SOLVER_COMPARISON_RUN,A1.6R_FROZEN_COMPARATOR,PHASE6H,CB1_CAUR_M_CF3_RI2_TI2_R12_C02,instances/controlled/RCIAS-CB1-TRAIN-CAUR-R12R14/r12_caur_fit/CB1_CAUR_M_CF3_RI2_TI2_R12_C02.json,94cd02375f0a1e0e878aaf1591384d4eaceee39aab3ebab323e7739ac2e086d7,,,,746103,,,False,232.0,outputs/frozen_2o_baselines/phase6h/runs/CB1_CAUR_M_CF3_RI2_TI2_R12_C02/seed_746103.json,f59676afc14829e33cbc3a6569f60fbe5fbc41284a2f49700d498047ed658703,outputs/frozen_2o_baselines/phase6h/manifest.json,True
SOLVER_COMPARISON_RUN,A1.6R_FROZEN_COMPARATOR,PHASE6H,CB1_CAUR_S_CF1_RI2_TI2_R12,instances/controlled/RCIAS-CB1-TRAIN-CAUR-R12R14/r12_caur_fit/CB1_CAUR_S_CF1_RI2_TI2_R12.json,12ff9dd4ce3a668c89ba8edd8ee0c9f87232f00b8ce8dbb42a4827402c20047a,,,,746101,,,False,122.0,outputs/frozen_2o_baselines/phase6h/runs/CB1_CAUR_S_CF1_RI2_TI2_R12/seed_746101.json,dfb68e5df0761a77ced4720489a067b72b3f456f42decf9cec485b298fa40d7f,outputs/frozen_2o_baselines/phase6h/manifest.json,True
SOLVER_COMPARISON_RUN,A1.6R_FROZEN_COMPARATOR,PHASE6H,CB1_CAUR_S_CF1_RI2_TI2_R12,instances/controlled/RCIAS-CB1-TRAIN-CAUR-R12R14/r12_caur_fit/CB1_CAUR_S_CF1_RI2_TI2_R12.json,12ff9dd4ce3a668c89ba8edd8ee0c9f87232f00b8ce8dbb42a4827402c20047a,,,,746102,,,False,122.0,outputs/frozen_2o_baselines/phase6h/runs/CB1_CAUR_S_CF1_RI2_TI2_R12/seed_746102.json,625dad598451a1c05175c9bea8f8c23f19d8b0d29f8e4764add131f89f9a0e7c,outputs/frozen_2o_baselines/phase6h/manifest.json,True
SOLVER_COMPARISON_RUN,A1.6R_FROZEN_COMPARATOR,PHASE6H,CB1_CAUR_S_CF1_RI2_TI2_R12,instances/controlled/RCIAS-CB1-TRAIN-CAUR-R12R14/r12_caur_fit/CB1_CAUR_S_CF1_RI2_TI2_R12.json,12ff9dd4ce3a668c89ba8edd8ee0c9f87232f00b8ce8dbb42a4827402c20047a,,,,746103,,,False,122.0,outputs/frozen_2o_baselines/phase6h/runs/CB1_CAUR_S_CF1_RI2_TI2_R12/seed_746103.json,29a382bd48f5b04344be7640b8779be56280cad3bd1b289b1b55af78e1de3cb4,outputs/frozen_2o_baselines/phase6h/manifest.json,True
SOLVER_COMPARISON_RUN,A1.6R_FROZEN_COMPARATOR,PHASE6H,CB1_CAUR_S_CF1_RI2_TI2_R12_C02,instances/controlled/RCIAS-CB1-TRAIN-CAUR-R12R14/r12_caur_fit/CB1_CAUR_S_CF1_RI2_TI2_R12_C02.json,74a7fad62f6bab915dde95c71d8cee211cc37cf7ba296a7f69869350a5c295d4,,,,746101,,,False,112.0,outputs/frozen_2o_baselines/phase6h/runs/CB1_CAUR_S_CF1_RI2_TI2_R12_C02/seed_746101.json,a93cba56c9eb1b515ce7064be87eb85806629a9b5aad6b06ac644a0ad8a47536,outputs/frozen_2o_baselines/phase6h/manifest.json,True
SOLVER_COMPARISON_RUN,A1.6R_FROZEN_COMPARATOR,PHASE6H,CB1_CAUR_S_CF1_RI2_TI2_R12_C02,instances/controlled/RCIAS-CB1-TRAIN-CAUR-R12R14/r12_caur_fit/CB1_CAUR_S_CF1_RI2_TI2_R12_C02.json,74a7fad62f6bab915dde95c71d8cee211cc37cf7ba296a7f69869350a5c295d4,,,,746102,,,False,112.0,outputs/frozen_2o_baselines/phase6h/runs/CB1_CAUR_S_CF1_RI2_TI2_R12_C02/seed_746102.json,aa047d96f64a88548767863ce754c2e38915e7d5561b081e6a0562175d778fb4,outputs/frozen_2o_baselines/phase6h/manifest.json,True
SOLVER_COMPARISON_RUN,A1.6R_FROZEN_COMPARATOR,PHASE6H,CB1_CAUR_S_CF1_RI2_TI2_R12_C02,instances/controlled/RCIAS-CB1-TRAIN-CAUR-R12R14/r12_caur_fit/CB1_CAUR_S_CF1_RI2_TI2_R12_C02.json,74a7fad62f6bab915dde95c71d8cee211cc37cf7ba296a7f69869350a5c295d4,,,,746103,,,False,112.0,outputs/frozen_2o_baselines/phase6h/runs/CB1_CAUR_S_CF1_RI2_TI2_R12_C02/seed_746103.json,2435a646b10a40003b45d918b3a26c131b805ed181c875a25431967ddb0ffe12,outputs/frozen_2o_baselines/phase6h/manifest.json,True
SOLVER_COMPARISON_RUN,A1.6R_FROZEN_COMPARATOR,PHASE6H,CB1_CAUR_S_CF2_RI2_TI2_R12,instances/controlled/RCIAS-CB1-TRAIN-CAUR-R12R14/r12_caur_fit/CB1_CAUR_S_CF2_RI2_TI2_R12.json,539a503ec74ff5d21200fb1410004fe10142f209ce1f6e910a08abb20b2d8f23,,,,746101,,,False,120.0,outputs/frozen_2o_baselines/phase6h/runs/CB1_CAUR_S_CF2_RI2_TI2_R12/seed_746101.json,233f75946dfe61de4ac2f4605196e1e15cf2ad3660b294a1cf607c142eead684,outputs/frozen_2o_baselines/phase6h/manifest.json,True
SOLVER_COMPARISON_RUN,A1.6R_FROZEN_COMPARATOR,PHASE6H,CB1_CAUR_S_CF2_RI2_TI2_R12,instances/controlled/RCIAS-CB1-TRAIN-CAUR-R12R14/r12_caur_fit/CB1_CAUR_S_CF2_RI2_TI2_R12.json,539a503ec74ff5d21200fb1410004fe10142f209ce1f6e910a08abb20b2d8f23,,,,746102,,,False,120.0,outputs/frozen_2o_baselines/phase6h/runs/CB1_CAUR_S_CF2_RI2_TI2_R12/seed_746102.json,1fad8a0db2c664de34bb2a3dee4d18e3ae73b153dafa303c25694b7c107fa422,outputs/frozen_2o_baselines/phase6h/manifest.json,True
SOLVER_COMPARISON_RUN,A1.6R_FROZEN_COMPARATOR,PHASE6H,CB1_CAUR_S_CF2_RI2_TI2_R12,instances/controlled/RCIAS-CB1-TRAIN-CAUR-R12R14/r12_caur_fit/CB1_CAUR_S_CF2_RI2_TI2_R12.json,539a503ec74ff5d21200fb1410004fe10142f209ce1f6e910a08abb20b2d8f23,,,,746103,,,False,120.0,outputs/frozen_2o_baselines/phase6h/runs/CB1_CAUR_S_CF2_RI2_TI2_R12/seed_746103.json,fb1e99855e0e06931fa77e6b7c6e7acd7d96adec80f690bba9bae5b85563fd5e,outputs/frozen_2o_baselines/phase6h/manifest.json,True
SOLVER_COMPARISON_RUN,A1.6R_FROZEN_COMPARATOR,PHASE6H,CB1_CAUR_S_CF2_RI2_TI2_R12_C02,instances/controlled/RCIAS-CB1-TRAIN-CAUR-R12R14/r12_caur_fit/CB1_CAUR_S_CF2_RI2_TI2_R12_C02.json,92d8057295dbcbc4b54e91705c109ca5182fb4203fc8d99455311346d6468af6,,,,746101,,,False,126.0,outputs/frozen_2o_baselines/phase6h/runs/CB1_CAUR_S_CF2_RI2_TI2_R12_C02/seed_746101.json,930aba93871110cf123240d6675d3ca0abff62ae32a9d4793e0bd084918f1c13,outputs/frozen_2o_baselines/phase6h/manifest.json,True
SOLVER_COMPARISON_RUN,A1.6R_FROZEN_COMPARATOR,PHASE6H,CB1_CAUR_S_CF2_RI2_TI2_R12_C02,instances/controlled/RCIAS-CB1-TRAIN-CAUR-R12R14/r12_caur_fit/CB1_CAUR_S_CF2_RI2_TI2_R12_C02.json,92d8057295dbcbc4b54e91705c109ca5182fb4203fc8d99455311346d6468af6,,,,746102,,,False,126.0,outputs/frozen_2o_baselines/phase6h/runs/CB1_CAUR_S_CF2_RI2_TI2_R12_C02/seed_746102.json,47b9deb9e8548cb3d8df77c62c5ffa3deaef40548fb8ce62692fb75a4022ed93,outputs/frozen_2o_baselines/phase6h/manifest.json,True
SOLVER_COMPARISON_RUN,A1.6R_FROZEN_COMPARATOR,PHASE6H,CB1_CAUR_S_CF2_RI2_TI2_R12_C02,instances/controlled/RCIAS-CB1-TRAIN-CAUR-R12R14/r12_caur_fit/CB1_CAUR_S_CF2_RI2_TI2_R12_C02.json,92d8057295dbcbc4b54e91705c109ca5182fb4203fc8d99455311346d6468af6,,,,746103,,,False,126.0,outputs/frozen_2o_baselines/phase6h/runs/CB1_CAUR_S_CF2_RI2_TI2_R12_C02/seed_746103.json,b4c64d3cb693b4be98730ffaceb32a70b465783b0918515301f882dbc7f03e7e,outputs/frozen_2o_baselines/phase6h/manifest.json,True
SOLVER_COMPARISON_RUN,A1.6R_FROZEN_COMPARATOR,PHASE6H,CB1_CAUR_S_CF3_RI2_TI2_R12,instances/controlled/RCIAS-CB1-TRAIN-CAUR-R12R14/r12_caur_fit/CB1_CAUR_S_CF3_RI2_TI2_R12.json,3f232d8c25a7545c618b92d20016e072a645edcbe2b6e5247d8ed2da66733eff,,,,746101,,,False,122.0,outputs/frozen_2o_baselines/phase6h/runs/CB1_CAUR_S_CF3_RI2_TI2_R12/seed_746101.json,339c0dbaf6dacd3ec64c7ced314683ed5a44a179dd15385d23d3a6647092926a,outputs/frozen_2o_baselines/phase6h/manifest.json,True
SOLVER_COMPARISON_RUN,A1.6R_FROZEN_COMPARATOR,PHASE6H,CB1_CAUR_S_CF3_RI2_TI2_R12,instances/controlled/RCIAS-CB1-TRAIN-CAUR-R12R14/r12_caur_fit/CB1_CAUR_S_CF3_RI2_TI2_R12.json,3f232d8c25a7545c618b92d20016e072a645edcbe2b6e5247d8ed2da66733eff,,,,746102,,,False,122.0,outputs/frozen_2o_baselines/phase6h/runs/CB1_CAUR_S_CF3_RI2_TI2_R12/seed_746102.json,054f96ad8d1de1cb161bbabdb7c7bbafe935ddd9f4bae25cca602bd71974ef19,outputs/frozen_2o_baselines/phase6h/manifest.json,True
SOLVER_COMPARISON_RUN,A1.6R_FROZEN_COMPARATOR,PHASE6H,CB1_CAUR_S_CF3_RI2_TI2_R12,instances/controlled/RCIAS-CB1-TRAIN-CAUR-R12R14/r12_caur_fit/CB1_CAUR_S_CF3_RI2_TI2_R12.json,3f232d8c25a7545c618b92d20016e072a645edcbe2b6e5247d8ed2da66733eff,,,,746103,,,False,122.0,outputs/frozen_2o_baselines/phase6h/runs/CB1_CAUR_S_CF3_RI2_TI2_R12/seed_746103.json,36e17ee5c4d09d00fbc256e09edc12d833e6b25e202baa2e44b44eb317f23a9a,outputs/frozen_2o_baselines/phase6h/manifest.json,True
SOLVER_COMPARISON_RUN,A1.6R_FROZEN_COMPARATOR,PHASE6H,CB1_CAUR_S_CF3_RI2_TI2_R12_C02,instances/controlled/RCIAS-CB1-TRAIN-CAUR-R12R14/r12_caur_fit/CB1_CAUR_S_CF3_RI2_TI2_R12_C02.json,96c10a051fa514f280b12e2f8c0ccf414e920ac4610fe333af1151dc928410d4,,,,746101,,,False,126.0,outputs/frozen_2o_baselines/phase6h/runs/CB1_CAUR_S_CF3_RI2_TI2_R12_C02/seed_746101.json,cc9a292198f8ecf6a17e7647b5d8170b65ebb49fc8285a410a3094363d5929c0,outputs/frozen_2o_baselines/phase6h/manifest.json,True
SOLVER_COMPARISON_RUN,A1.6R_FROZEN_COMPARATOR,PHASE6H,CB1_CAUR_S_CF3_RI2_TI2_R12_C02,instances/controlled/RCIAS-CB1-TRAIN-CAUR-R12R14/r12_caur_fit/CB1_CAUR_S_CF3_RI2_TI2_R12_C02.json,96c10a051fa514f280b12e2f8c0ccf414e920ac4610fe333af1151dc928410d4,,,,746102,,,False,126.0,outputs/frozen_2o_baselines/phase6h/runs/CB1_CAUR_S_CF3_RI2_TI2_R12_C02/seed_746102.json,e8bfba41da0b03569594d17641cdb25f7bdac66a18439e2bf5207d4eb67938d2,outputs/frozen_2o_baselines/phase6h/manifest.json,True
SOLVER_COMPARISON_RUN,A1.6R_FROZEN_COMPARATOR,PHASE6H,CB1_CAUR_S_CF3_RI2_TI2_R12_C02,instances/controlled/RCIAS-CB1-TRAIN-CAUR-R12R14/r12_caur_fit/CB1_CAUR_S_CF3_RI2_TI2_R12_C02.json,96c10a051fa514f280b12e2f8c0ccf414e920ac4610fe333af1151dc928410d4,,,,746103,,,False,126.0,outputs/frozen_2o_baselines/phase6h/runs/CB1_CAUR_S_CF3_RI2_TI2_R12_C02/seed_746103.json,c41854da9f6261cba4ca86f095c0b2a5b236e17128f75a4ad3655a32571a428b,outputs/frozen_2o_baselines/phase6h/manifest.json,True
SOLVER_COMPARISON_RUN,A1.6R_FROZEN_COMPARATOR,PHASE6N_TOP1,CB1_CAUR_L_CF1_RI2_TI2_R12,instances/controlled/RCIAS-CB1-TRAIN-CAUR-R12R14/r12_caur_fit/CB1_CAUR_L_CF1_RI2_TI2_R12.json,c0b6374d4eb72ada83b8a8452425b71b4322e61123edbb755f2cd08927288b7a,,,,746101,,,False,332.0,outputs/frozen_2o_baselines/phase6n/runs/CB1_CAUR_L_CF1_RI2_TI2_R12/seed_746101.json,c801dc6288fadf37b0a6f951aa0f9e485f790a118dafbd691c3d8e5f1e8bdac9,outputs/frozen_2o_baselines/phase6n/manifest.json,True
SOLVER_COMPARISON_RUN,A1.6R_FROZEN_COMPARATOR,PHASE6N_TOP1,CB1_CAUR_L_CF1_RI2_TI2_R12,instances/controlled/RCIAS-CB1-TRAIN-CAUR-R12R14/r12_caur_fit/CB1_CAUR_L_CF1_RI2_TI2_R12.json,c0b6374d4eb72ada83b8a8452425b71b4322e61123edbb755f2cd08927288b7a,,,,746102,,,False,332.0,outputs/frozen_2o_baselines/phase6n/runs/CB1_CAUR_L_CF1_RI2_TI2_R12/seed_746102.json,a2f48be03a3cc989e8e0ccfa56e5a485b95154abbd4b0f0ec82b94731afc4ca6,outputs/frozen_2o_baselines/phase6n/manifest.json,True
SOLVER_COMPARISON_RUN,A1.6R_FROZEN_COMPARATOR,PHASE6N_TOP1,CB1_CAUR_L_CF1_RI2_TI2_R12,instances/controlled/RCIAS-CB1-TRAIN-CAUR-R12R14/r12_caur_fit/CB1_CAUR_L_CF1_RI2_TI2_R12.json,c0b6374d4eb72ada83b8a8452425b71b4322e61123edbb755f2cd08927288b7a,,,,746103,,,False,332.0,outputs/frozen_2o_baselines/phase6n/runs/CB1_CAUR_L_CF1_RI2_TI2_R12/seed_746103.json,e09d032c8bfb3e1aa5d65d243886590f8a9e9100f1aca02aa8760fade8ad6878,outputs/frozen_2o_baselines/phase6n/manifest.json,True
SOLVER_COMPARISON_RUN,A1.6R_FROZEN_COMPARATOR,PHASE6N_TOP1,CB1_CAUR_L_CF1_RI2_TI2_R12_C02,instances/controlled/RCIAS-CB1-TRAIN-CAUR-R12R14/r12_caur_fit/CB1_CAUR_L_CF1_RI2_TI2_R12_C02.json,dd5c1ce71a5d72aad6c85617cb1718c9e57f3a6cfe23a0d18a92f0942ba56dc1,,,,746101,,,False,344.0,outputs/frozen_2o_baselines/phase6n/runs/CB1_CAUR_L_CF1_RI2_TI2_R12_C02/seed_746101.json,48bf2af237383858453e3aa251ac9e306a6077d803020db90cf0973fdeaa03c7,outputs/frozen_2o_baselines/phase6n/manifest.json,True
SOLVER_COMPARISON_RUN,A1.6R_FROZEN_COMPARATOR,PHASE6N_TOP1,CB1_CAUR_L_CF1_RI2_TI2_R12_C02,instances/controlled/RCIAS-CB1-TRAIN-CAUR-R12R14/r12_caur_fit/CB1_CAUR_L_CF1_RI2_TI2_R12_C02.json,dd5c1ce71a5d72aad6c85617cb1718c9e57f3a6cfe23a0d18a92f0942ba56dc1,,,,746102,,,False,344.0,outputs/frozen_2o_baselines/phase6n/runs/CB1_CAUR_L_CF1_RI2_TI2_R12_C02/seed_746102.json,95ed3bca84629ae3f97fc67a85f3ad8e05781dd75705502e0dc176f2988ce75f,outputs/frozen_2o_baselines/phase6n/manifest.json,True
SOLVER_COMPARISON_RUN,A1.6R_FROZEN_COMPARATOR,PHASE6N_TOP1,CB1_CAUR_L_CF1_RI2_TI2_R12_C02,instances/controlled/RCIAS-CB1-TRAIN-CAUR-R12R14/r12_caur_fit/CB1_CAUR_L_CF1_RI2_TI2_R12_C02.json,dd5c1ce71a5d72aad6c85617cb1718c9e57f3a6cfe23a0d18a92f0942ba56dc1,,,,746103,,,False,344.0,outputs/frozen_2o_baselines/phase6n/runs/CB1_CAUR_L_CF1_RI2_TI2_R12_C02/seed_746103.json,9e06f6bff1d0f8c686b0218a814fb46c2daf54a3cd7c280055c4d1e1d46fdf4a,outputs/frozen_2o_baselines/phase6n/manifest.json,True
SOLVER_COMPARISON_RUN,A1.6R_FROZEN_COMPARATOR,PHASE6N_TOP1,CB1_CAUR_L_CF2_RI2_TI2_R12,instances/controlled/RCIAS-CB1-TRAIN-CAUR-R12R14/r12_caur_fit/CB1_CAUR_L_CF2_RI2_TI2_R12.json,74b633a78dfe171189160ec0651f63c472fd7c4b456c8aa149cbc69f56bbcc8c,,,,746101,,,False,376.0,outputs/frozen_2o_baselines/phase6n/runs/CB1_CAUR_L_CF2_RI2_TI2_R12/seed_746101.json,8d7575ef9febe685c071c1f367e3b91a179af48fec2c37cfeabad789d4e58ec1,outputs/frozen_2o_baselines/phase6n/manifest.json,True
SOLVER_COMPARISON_RUN,A1.6R_FROZEN_COMPARATOR,PHASE6N_TOP1,CB1_CAUR_L_CF2_RI2_TI2_R12,instances/controlled/RCIAS-CB1-TRAIN-CAUR-R12R14/r12_caur_fit/CB1_CAUR_L_CF2_RI2_TI2_R12.json,74b633a78dfe171189160ec0651f63c472fd7c4b456c8aa149cbc69f56bbcc8c,,,,746102,,,False,376.0,outputs/frozen_2o_baselines/phase6n/runs/CB1_CAUR_L_CF2_RI2_TI2_R12/seed_746102.json,4921a8cebcaad6c3a98baba915df5a4140615a1c7ad1c1394dc1119ccf9d918d,outputs/frozen_2o_baselines/phase6n/manifest.json,True
SOLVER_COMPARISON_RUN,A1.6R_FROZEN_COMPARATOR,PHASE6N_TOP1,CB1_CAUR_L_CF2_RI2_TI2_R12,instances/controlled/RCIAS-CB1-TRAIN-CAUR-R12R14/r12_caur_fit/CB1_CAUR_L_CF2_RI2_TI2_R12.json,74b633a78dfe171189160ec0651f63c472fd7c4b456c8aa149cbc69f56bbcc8c,,,,746103,,,False,376.0,outputs/frozen_2o_baselines/phase6n/runs/CB1_CAUR_L_CF2_RI2_TI2_R12/seed_746103.json,ab2684b73e41bf279f6f738ade7408c092879fa21b7a749adb5ad0d1a450bc5b,outputs/frozen_2o_baselines/phase6n/manifest.json,True
SOLVER_COMPARISON_RUN,A1.6R_FROZEN_COMPARATOR,PHASE6N_TOP1,CB1_CAUR_L_CF2_RI2_TI2_R12_C02,instances/controlled/RCIAS-CB1-TRAIN-CAUR-R12R14/r12_caur_fit/CB1_CAUR_L_CF2_RI2_TI2_R12_C02.json,48a9ab11246faafcf8189c16695cbf926f0ae8bdbc42dfab76d38b2d7830b091,,,,746101,,,False,388.0,outputs/frozen_2o_baselines/phase6n/runs/CB1_CAUR_L_CF2_RI2_TI2_R12_C02/seed_746101.json,8503c44a5e08ce5e8a80c20f6501da1858d6bbf472ec15fa1ccfb55dd6e9617e,outputs/frozen_2o_baselines/phase6n/manifest.json,True
SOLVER_COMPARISON_RUN,A1.6R_FROZEN_COMPARATOR,PHASE6N_TOP1,CB1_CAUR_L_CF2_RI2_TI2_R12_C02,instances/controlled/RCIAS-CB1-TRAIN-CAUR-R12R14/r12_caur_fit/CB1_CAUR_L_CF2_RI2_TI2_R12_C02.json,48a9ab11246faafcf8189c16695cbf926f0ae8bdbc42dfab76d38b2d7830b091,,,,746102,,,False,388.0,outputs/frozen_2o_baselines/phase6n/runs/CB1_CAUR_L_CF2_RI2_TI2_R12_C02/seed_746102.json,0a225a42407f26bb9735ac592358e3a590eae72b7c5896f29cfab67d08767d68,outputs/frozen_2o_baselines/phase6n/manifest.json,True
SOLVER_COMPARISON_RUN,A1.6R_FROZEN_COMPARATOR,PHASE6N_TOP1,CB1_CAUR_L_CF2_RI2_TI2_R12_C02,instances/controlled/RCIAS-CB1-TRAIN-CAUR-R12R14/r12_caur_fit/CB1_CAUR_L_CF2_RI2_TI2_R12_C02.json,48a9ab11246faafcf8189c16695cbf926f0ae8bdbc42dfab76d38b2d7830b091,,,,746103,,,False,388.0,outputs/frozen_2o_baselines/phase6n/runs/CB1_CAUR_L_CF2_RI2_TI2_R12_C02/seed_746103.json,cbd85f49f6d3e0e4ed805db51a4c19dd8137373b3821eedd23d256893b628584,outputs/frozen_2o_baselines/phase6n/manifest.json,True
SOLVER_COMPARISON_RUN,A1.6R_FROZEN_COMPARATOR,PHASE6N_TOP1,CB1_CAUR_L_CF3_RI2_TI2_R12,instances/controlled/RCIAS-CB1-TRAIN-CAUR-R12R14/r12_caur_fit/CB1_CAUR_L_CF3_RI2_TI2_R12.json,bdb01c2b6350b572dcac6be3c542e696143bd4766ab3ae7939bff36e6234f25b,,,,746101,,,False,366.0,outputs/frozen_2o_baselines/phase6n/runs/CB1_CAUR_L_CF3_RI2_TI2_R12/seed_746101.json,d526866bd802aacb56bcd9b7eaa50ccd2f689a7551b027b2a10dbe8dcb3c0921,outputs/frozen_2o_baselines/phase6n/manifest.json,True
SOLVER_COMPARISON_RUN,A1.6R_FROZEN_COMPARATOR,PHASE6N_TOP1,CB1_CAUR_L_CF3_RI2_TI2_R12,instances/controlled/RCIAS-CB1-TRAIN-CAUR-R12R14/r12_caur_fit/CB1_CAUR_L_CF3_RI2_TI2_R12.json,bdb01c2b6350b572dcac6be3c542e696143bd4766ab3ae7939bff36e6234f25b,,,,746102,,,False,366.0,outputs/frozen_2o_baselines/phase6n/runs/CB1_CAUR_L_CF3_RI2_TI2_R12/seed_746102.json,a143289ffb4c7d0a2e4c426b68c00951184ba45c7d5b920b1eb70a925da44526,outputs/frozen_2o_baselines/phase6n/manifest.json,True
SOLVER_COMPARISON_RUN,A1.6R_FROZEN_COMPARATOR,PHASE6N_TOP1,CB1_CAUR_L_CF3_RI2_TI2_R12,instances/controlled/RCIAS-CB1-TRAIN-CAUR-R12R14/r12_caur_fit/CB1_CAUR_L_CF3_RI2_TI2_R12.json,bdb01c2b6350b572dcac6be3c542e696143bd4766ab3ae7939bff36e6234f25b,,,,746103,,,False,366.0,outputs/frozen_2o_baselines/phase6n/runs/CB1_CAUR_L_CF3_RI2_TI2_R12/seed_746103.json,0394fbd01b96bb971bd2691ed5eb7ca78cd20c6d0160585e7da257c9b3a78b8c,outputs/frozen_2o_baselines/phase6n/manifest.json,True
SOLVER_COMPARISON_RUN,A1.6R_FROZEN_COMPARATOR,PHASE6N_TOP1,CB1_CAUR_L_CF3_RI2_TI2_R12_C02,instances/controlled/RCIAS-CB1-TRAIN-CAUR-R12R14/r12_caur_fit/CB1_CAUR_L_CF3_RI2_TI2_R12_C02.json,2373d994f8a29b3d5bc58aacb9c4f74c8c60d0950760ab044a7354c19b09f9b9,,,,746101,,,False,358.0,outputs/frozen_2o_baselines/phase6n/runs/CB1_CAUR_L_CF3_RI2_TI2_R12_C02/seed_746101.json,4dc44517eae5abef55d35c644d42b09739672aa9840228f9c1d362e75aa87841,outputs/frozen_2o_baselines/phase6n/manifest.json,True
SOLVER_COMPARISON_RUN,A1.6R_FROZEN_COMPARATOR,PHASE6N_TOP1,CB1_CAUR_L_CF3_RI2_TI2_R12_C02,instances/controlled/RCIAS-CB1-TRAIN-CAUR-R12R14/r12_caur_fit/CB1_CAUR_L_CF3_RI2_TI2_R12_C02.json,2373d994f8a29b3d5bc58aacb9c4f74c8c60d0950760ab044a7354c19b09f9b9,,,,746102,,,False,358.0,outputs/frozen_2o_baselines/phase6n/runs/CB1_CAUR_L_CF3_RI2_TI2_R12_C02/seed_746102.json,ebe70ad6f0a358211e2b98b805d2dc1f61f19d5dbd818d658a0ba8ffb36b976d,outputs/frozen_2o_baselines/phase6n/manifest.json,True
SOLVER_COMPARISON_RUN,A1.6R_FROZEN_COMPARATOR,PHASE6N_TOP1,CB1_CAUR_L_CF3_RI2_TI2_R12_C02,instances/controlled/RCIAS-CB1-TRAIN-CAUR-R12R14/r12_caur_fit/CB1_CAUR_L_CF3_RI2_TI2_R12_C02.json,2373d994f8a29b3d5bc58aacb9c4f74c8c60d0950760ab044a7354c19b09f9b9,,,,746103,,,False,358.0,outputs/frozen_2o_baselines/phase6n/runs/CB1_CAUR_L_CF3_RI2_TI2_R12_C02/seed_746103.json,771f01416881ddca904e6d8fe7e9af43c5b9737c6a1b5e2a06f0c33c237941af,outputs/frozen_2o_baselines/phase6n/manifest.json,True
SOLVER_COMPARISON_RUN,A1.6R_FROZEN_COMPARATOR,PHASE6N_TOP1,CB1_CAUR_M_CF1_RI2_TI2_R12,instances/controlled/RCIAS-CB1-TRAIN-CAUR-R12R14/r12_caur_fit/CB1_CAUR_M_CF1_RI2_TI2_R12.json,f3e73b5840e8e50e51b2bf81be2d17dc60648dd4666091ef91a94a0d3544e971,,,,746101,,,False,228.0,outputs/frozen_2o_baselines/phase6n/runs/CB1_CAUR_M_CF1_RI2_TI2_R12/seed_746101.json,804b5a3caf3ed872fd4fd1214f682cd33397ff4fbae68f60c85d2041f278c2d3,outputs/frozen_2o_baselines/phase6n/manifest.json,True
SOLVER_COMPARISON_RUN,A1.6R_FROZEN_COMPARATOR,PHASE6N_TOP1,CB1_CAUR_M_CF1_RI2_TI2_R12,instances/controlled/RCIAS-CB1-TRAIN-CAUR-R12R14/r12_caur_fit/CB1_CAUR_M_CF1_RI2_TI2_R12.json,f3e73b5840e8e50e51b2bf81be2d17dc60648dd4666091ef91a94a0d3544e971,,,,746102,,,False,228.0,outputs/frozen_2o_baselines/phase6n/runs/CB1_CAUR_M_CF1_RI2_TI2_R12/seed_746102.json,92628d58ade803f5f9b6ce4f398a3bf67bad328fc7733ea44df7d3c18ed45397,outputs/frozen_2o_baselines/phase6n/manifest.json,True
SOLVER_COMPARISON_RUN,A1.6R_FROZEN_COMPARATOR,PHASE6N_TOP1,CB1_CAUR_M_CF1_RI2_TI2_R12,instances/controlled/RCIAS-CB1-TRAIN-CAUR-R12R14/r12_caur_fit/CB1_CAUR_M_CF1_RI2_TI2_R12.json,f3e73b5840e8e50e51b2bf81be2d17dc60648dd4666091ef91a94a0d3544e971,,,,746103,,,False,228.0,outputs/frozen_2o_baselines/phase6n/runs/CB1_CAUR_M_CF1_RI2_TI2_R12/seed_746103.json,76bc2da32f8f1ce9a3818a88e56122ed9e2b99e3c0915d66ed5b468e41991378,outputs/frozen_2o_baselines/phase6n/manifest.json,True
SOLVER_COMPARISON_RUN,A1.6R_FROZEN_COMPARATOR,PHASE6N_TOP1,CB1_CAUR_M_CF1_RI2_TI2_R12_C02,instances/controlled/RCIAS-CB1-TRAIN-CAUR-R12R14/r12_caur_fit/CB1_CAUR_M_CF1_RI2_TI2_R12_C02.json,c5f935a0c647bb5931b89836d8cecd934eab4933915ffb05394716fb026d4bb9,,,,746101,,,False,234.0,outputs/frozen_2o_baselines/phase6n/runs/CB1_CAUR_M_CF1_RI2_TI2_R12_C02/seed_746101.json,294c9df040986b99f6b26f399b2ee6d2067298428d53221f93e74da9dfa648ef,outputs/frozen_2o_baselines/phase6n/manifest.json,True
SOLVER_COMPARISON_RUN,A1.6R_FROZEN_COMPARATOR,PHASE6N_TOP1,CB1_CAUR_M_CF1_RI2_TI2_R12_C02,instances/controlled/RCIAS-CB1-TRAIN-CAUR-R12R14/r12_caur_fit/CB1_CAUR_M_CF1_RI2_TI2_R12_C02.json,c5f935a0c647bb5931b89836d8cecd934eab4933915ffb05394716fb026d4bb9,,,,746102,,,False,234.0,outputs/frozen_2o_baselines/phase6n/runs/CB1_CAUR_M_CF1_RI2_TI2_R12_C02/seed_746102.json,4bc07d06f3230de26d222ae2c30a7cc5fb2ad666f5d1b07d0d4ab82b7f622b1e,outputs/frozen_2o_baselines/phase6n/manifest.json,True
SOLVER_COMPARISON_RUN,A1.6R_FROZEN_COMPARATOR,PHASE6N_TOP1,CB1_CAUR_M_CF1_RI2_TI2_R12_C02,instances/controlled/RCIAS-CB1-TRAIN-CAUR-R12R14/r12_caur_fit/CB1_CAUR_M_CF1_RI2_TI2_R12_C02.json,c5f935a0c647bb5931b89836d8cecd934eab4933915ffb05394716fb026d4bb9,,,,746103,,,False,234.0,outputs/frozen_2o_baselines/phase6n/runs/CB1_CAUR_M_CF1_RI2_TI2_R12_C02/seed_746103.json,3171a4aad46aa2123bcbf986a11eeffc823da77b58712a1201de02bd8970cffe,outputs/frozen_2o_baselines/phase6n/manifest.json,True
SOLVER_COMPARISON_RUN,A1.6R_FROZEN_COMPARATOR,PHASE6N_TOP1,CB1_CAUR_M_CF2_RI2_TI2_R12,instances/controlled/RCIAS-CB1-TRAIN-CAUR-R12R14/r12_caur_fit/CB1_CAUR_M_CF2_RI2_TI2_R12.json,d9ebab88d1a3e2d3da92e56533b0c1d062ebeb81d84c125ec61af8fe79e7087a,,,,746101,,,False,244.0,outputs/frozen_2o_baselines/phase6n/runs/CB1_CAUR_M_CF2_RI2_TI2_R12/seed_746101.json,9186fa0a7001c031acb8b19e56b2a54aebf33955b55644215cee8ff2f3c7de94,outputs/frozen_2o_baselines/phase6n/manifest.json,True
SOLVER_COMPARISON_RUN,A1.6R_FROZEN_COMPARATOR,PHASE6N_TOP1,CB1_CAUR_M_CF2_RI2_TI2_R12,instances/controlled/RCIAS-CB1-TRAIN-CAUR-R12R14/r12_caur_fit/CB1_CAUR_M_CF2_RI2_TI2_R12.json,d9ebab88d1a3e2d3da92e56533b0c1d062ebeb81d84c125ec61af8fe79e7087a,,,,746102,,,False,244.0,outputs/frozen_2o_baselines/phase6n/runs/CB1_CAUR_M_CF2_RI2_TI2_R12/seed_746102.json,e53d4a500ef65090d0fa5edf88627095b85f6a5599c3a13748bdb61a8e1146df,outputs/frozen_2o_baselines/phase6n/manifest.json,True
SOLVER_COMPARISON_RUN,A1.6R_FROZEN_COMPARATOR,PHASE6N_TOP1,CB1_CAUR_M_CF2_RI2_TI2_R12,instances/controlled/RCIAS-CB1-TRAIN-CAUR-R12R14/r12_caur_fit/CB1_CAUR_M_CF2_RI2_TI2_R12.json,d9ebab88d1a3e2d3da92e56533b0c1d062ebeb81d84c125ec61af8fe79e7087a,,,,746103,,,False,244.0,outputs/frozen_2o_baselines/phase6n/runs/CB1_CAUR_M_CF2_RI2_TI2_R12/seed_746103.json,0721ce15703fd63d65832fc2cb59c09b5688d990b2b5d84ae79fe52d51fc02d6,outputs/frozen_2o_baselines/phase6n/manifest.json,True
SOLVER_COMPARISON_RUN,A1.6R_FROZEN_COMPARATOR,PHASE6N_TOP1,CB1_CAUR_M_CF2_RI2_TI2_R12_C02,instances/controlled/RCIAS-CB1-TRAIN-CAUR-R12R14/r12_caur_fit/CB1_CAUR_M_CF2_RI2_TI2_R12_C02.json,9a1b7de15cfd0663d92ad81a5378da0922b92dc6f7c6b042cd8daf542a21b803,,,,746101,,,False,254.0,outputs/frozen_2o_baselines/phase6n/runs/CB1_CAUR_M_CF2_RI2_TI2_R12_C02/seed_746101.json,af2636953de996136edfb039799eb2168076a7e516ba58d37e1e2d3cd1308a2b,outputs/frozen_2o_baselines/phase6n/manifest.json,True
SOLVER_COMPARISON_RUN,A1.6R_FROZEN_COMPARATOR,PHASE6N_TOP1,CB1_CAUR_M_CF2_RI2_TI2_R12_C02,instances/controlled/RCIAS-CB1-TRAIN-CAUR-R12R14/r12_caur_fit/CB1_CAUR_M_CF2_RI2_TI2_R12_C02.json,9a1b7de15cfd0663d92ad81a5378da0922b92dc6f7c6b042cd8daf542a21b803,,,,746102,,,False,254.0,outputs/frozen_2o_baselines/phase6n/runs/CB1_CAUR_M_CF2_RI2_TI2_R12_C02/seed_746102.json,237d2614ec2081f833b8f3476de506d564a98d1df882bfa794535d825f6878d5,outputs/frozen_2o_baselines/phase6n/manifest.json,True
SOLVER_COMPARISON_RUN,A1.6R_FROZEN_COMPARATOR,PHASE6N_TOP1,CB1_CAUR_M_CF2_RI2_TI2_R12_C02,instances/controlled/RCIAS-CB1-TRAIN-CAUR-R12R14/r12_caur_fit/CB1_CAUR_M_CF2_RI2_TI2_R12_C02.json,9a1b7de15cfd0663d92ad81a5378da0922b92dc6f7c6b042cd8daf542a21b803,,,,746103,,,False,254.0,outputs/frozen_2o_baselines/phase6n/runs/CB1_CAUR_M_CF2_RI2_TI2_R12_C02/seed_746103.json,681c11f5bd5e5f5c573e265aa10df20f0e54b542258487fcc9321a9d8b5e1bc1,outputs/frozen_2o_baselines/phase6n/manifest.json,True
SOLVER_COMPARISON_RUN,A1.6R_FROZEN_COMPARATOR,PHASE6N_TOP1,CB1_CAUR_M_CF3_RI2_TI2_R12,instances/controlled/RCIAS-CB1-TRAIN-CAUR-R12R14/r12_caur_fit/CB1_CAUR_M_CF3_RI2_TI2_R12.json,5ccadcfce0befc39234938c398bf932ff364dcf6a2ecd7adb51cebdb1d489239,,,,746101,,,False,236.0,outputs/frozen_2o_baselines/phase6n/runs/CB1_CAUR_M_CF3_RI2_TI2_R12/seed_746101.json,e0327a9cf5f32fecf0949874c7478e6bfbf5c0458182dd51b8c583fae11e2e55,outputs/frozen_2o_baselines/phase6n/manifest.json,True
SOLVER_COMPARISON_RUN,A1.6R_FROZEN_COMPARATOR,PHASE6N_TOP1,CB1_CAUR_M_CF3_RI2_TI2_R12,instances/controlled/RCIAS-CB1-TRAIN-CAUR-R12R14/r12_caur_fit/CB1_CAUR_M_CF3_RI2_TI2_R12.json,5ccadcfce0befc39234938c398bf932ff364dcf6a2ecd7adb51cebdb1d489239,,,,746102,,,False,236.0,outputs/frozen_2o_baselines/phase6n/runs/CB1_CAUR_M_CF3_RI2_TI2_R12/seed_746102.json,eeafda464e182431f5e1f15c61ddc3f4fb7f89f4002fb1866df34c54f7150176,outputs/frozen_2o_baselines/phase6n/manifest.json,True
SOLVER_COMPARISON_RUN,A1.6R_FROZEN_COMPARATOR,PHASE6N_TOP1,CB1_CAUR_M_CF3_RI2_TI2_R12,instances/controlled/RCIAS-CB1-TRAIN-CAUR-R12R14/r12_caur_fit/CB1_CAUR_M_CF3_RI2_TI2_R12.json,5ccadcfce0befc39234938c398bf932ff364dcf6a2ecd7adb51cebdb1d489239,,,,746103,,,False,236.0,outputs/frozen_2o_baselines/phase6n/runs/CB1_CAUR_M_CF3_RI2_TI2_R12/seed_746103.json,1f6be523b913e1ed4d513cac3700719ff2ffb91cf8acdd8781988cd028155ed8,outputs/frozen_2o_baselines/phase6n/manifest.json,True
SOLVER_COMPARISON_RUN,A1.6R_FROZEN_COMPARATOR,PHASE6N_TOP1,CB1_CAUR_M_CF3_RI2_TI2_R12_C02,instances/controlled/RCIAS-CB1-TRAIN-CAUR-R12R14/r12_caur_fit/CB1_CAUR_M_CF3_RI2_TI2_R12_C02.json,94cd02375f0a1e0e878aaf1591384d4eaceee39aab3ebab323e7739ac2e086d7,,,,746101,,,False,232.0,outputs/frozen_2o_baselines/phase6n/runs/CB1_CAUR_M_CF3_RI2_TI2_R12_C02/seed_746101.json,015f52a8cb1c2b49d7c393984e873e8c0b634d6a57a6c157bc191b00efb94ab8,outputs/frozen_2o_baselines/phase6n/manifest.json,True
SOLVER_COMPARISON_RUN,A1.6R_FROZEN_COMPARATOR,PHASE6N_TOP1,CB1_CAUR_M_CF3_RI2_TI2_R12_C02,instances/controlled/RCIAS-CB1-TRAIN-CAUR-R12R14/r12_caur_fit/CB1_CAUR_M_CF3_RI2_TI2_R12_C02.json,94cd02375f0a1e0e878aaf1591384d4eaceee39aab3ebab323e7739ac2e086d7,,,,746102,,,False,232.0,outputs/frozen_2o_baselines/phase6n/runs/CB1_CAUR_M_CF3_RI2_TI2_R12_C02/seed_746102.json,93597bc605b853ee96746e1b83f25aa15860d6aab7790935bae07613ea10a71c,outputs/frozen_2o_baselines/phase6n/manifest.json,True
SOLVER_COMPARISON_RUN,A1.6R_FROZEN_COMPARATOR,PHASE6N_TOP1,CB1_CAUR_M_CF3_RI2_TI2_R12_C02,instances/controlled/RCIAS-CB1-TRAIN-CAUR-R12R14/r12_caur_fit/CB1_CAUR_M_CF3_RI2_TI2_R12_C02.json,94cd02375f0a1e0e878aaf1591384d4eaceee39aab3ebab323e7739ac2e086d7,,,,746103,,,False,232.0,outputs/frozen_2o_baselines/phase6n/runs/CB1_CAUR_M_CF3_RI2_TI2_R12_C02/seed_746103.json,eb287680031a7625d5dad493fba215e67c7cc4c2a40d234aff7723e7bc0faf30,outputs/frozen_2o_baselines/phase6n/manifest.json,True
SOLVER_COMPARISON_RUN,A1.6R_FROZEN_COMPARATOR,PHASE6N_TOP1,CB1_CAUR_S_CF1_RI2_TI2_R12,instances/controlled/RCIAS-CB1-TRAIN-CAUR-R12R14/r12_caur_fit/CB1_CAUR_S_CF1_RI2_TI2_R12.json,12ff9dd4ce3a668c89ba8edd8ee0c9f87232f00b8ce8dbb42a4827402c20047a,,,,746101,,,False,122.0,outputs/frozen_2o_baselines/phase6n/runs/CB1_CAUR_S_CF1_RI2_TI2_R12/seed_746101.json,9ed6dd476ded85e8c99d19fa53a92fecab71a224790bca845e0fe8857d3615b6,outputs/frozen_2o_baselines/phase6n/manifest.json,True
SOLVER_COMPARISON_RUN,A1.6R_FROZEN_COMPARATOR,PHASE6N_TOP1,CB1_CAUR_S_CF1_RI2_TI2_R12,instances/controlled/RCIAS-CB1-TRAIN-CAUR-R12R14/r12_caur_fit/CB1_CAUR_S_CF1_RI2_TI2_R12.json,12ff9dd4ce3a668c89ba8edd8ee0c9f87232f00b8ce8dbb42a4827402c20047a,,,,746102,,,False,122.0,outputs/frozen_2o_baselines/phase6n/runs/CB1_CAUR_S_CF1_RI2_TI2_R12/seed_746102.json,4fc6a922dea16f9f9b45723f1918de1e51f4f5b675da88ea9346c87235d15c25,outputs/frozen_2o_baselines/phase6n/manifest.json,True
SOLVER_COMPARISON_RUN,A1.6R_FROZEN_COMPARATOR,PHASE6N_TOP1,CB1_CAUR_S_CF1_RI2_TI2_R12,instances/controlled/RCIAS-CB1-TRAIN-CAUR-R12R14/r12_caur_fit/CB1_CAUR_S_CF1_RI2_TI2_R12.json,12ff9dd4ce3a668c89ba8edd8ee0c9f87232f00b8ce8dbb42a4827402c20047a,,,,746103,,,False,122.0,outputs/frozen_2o_baselines/phase6n/runs/CB1_CAUR_S_CF1_RI2_TI2_R12/seed_746103.json,89c8cc4da548e5829196f84f7e01047f1b9da0da31c85b554a306c15f431f0da,outputs/frozen_2o_baselines/phase6n/manifest.json,True
SOLVER_COMPARISON_RUN,A1.6R_FROZEN_COMPARATOR,PHASE6N_TOP1,CB1_CAUR_S_CF1_RI2_TI2_R12_C02,instances/controlled/RCIAS-CB1-TRAIN-CAUR-R12R14/r12_caur_fit/CB1_CAUR_S_CF1_RI2_TI2_R12_C02.json,74a7fad62f6bab915dde95c71d8cee211cc37cf7ba296a7f69869350a5c295d4,,,,746101,,,False,112.0,outputs/frozen_2o_baselines/phase6n/runs/CB1_CAUR_S_CF1_RI2_TI2_R12_C02/seed_746101.json,9aacb5119091ef23245ba043426eab02dd704ec70c2b4d7375be78709936de61,outputs/frozen_2o_baselines/phase6n/manifest.json,True
SOLVER_COMPARISON_RUN,A1.6R_FROZEN_COMPARATOR,PHASE6N_TOP1,CB1_CAUR_S_CF1_RI2_TI2_R12_C02,instances/controlled/RCIAS-CB1-TRAIN-CAUR-R12R14/r12_caur_fit/CB1_CAUR_S_CF1_RI2_TI2_R12_C02.json,74a7fad62f6bab915dde95c71d8cee211cc37cf7ba296a7f69869350a5c295d4,,,,746102,,,False,112.0,outputs/frozen_2o_baselines/phase6n/runs/CB1_CAUR_S_CF1_RI2_TI2_R12_C02/seed_746102.json,1118a5ccaf350456d69812623b448435c9167fec6ac6611cac1348f29a30ab04,outputs/frozen_2o_baselines/phase6n/manifest.json,True
SOLVER_COMPARISON_RUN,A1.6R_FROZEN_COMPARATOR,PHASE6N_TOP1,CB1_CAUR_S_CF1_RI2_TI2_R12_C02,instances/controlled/RCIAS-CB1-TRAIN-CAUR-R12R14/r12_caur_fit/CB1_CAUR_S_CF1_RI2_TI2_R12_C02.json,74a7fad62f6bab915dde95c71d8cee211cc37cf7ba296a7f69869350a5c295d4,,,,746103,,,False,112.0,outputs/frozen_2o_baselines/phase6n/runs/CB1_CAUR_S_CF1_RI2_TI2_R12_C02/seed_746103.json,4fd2f718dcb3a5bd1d414772e2e0109555fac0d2aebec8b412c4baa545e6926a,outputs/frozen_2o_baselines/phase6n/manifest.json,True
SOLVER_COMPARISON_RUN,A1.6R_FROZEN_COMPARATOR,PHASE6N_TOP1,CB1_CAUR_S_CF2_RI2_TI2_R12,instances/controlled/RCIAS-CB1-TRAIN-CAUR-R12R14/r12_caur_fit/CB1_CAUR_S_CF2_RI2_TI2_R12.json,539a503ec74ff5d21200fb1410004fe10142f209ce1f6e910a08abb20b2d8f23,,,,746101,,,False,120.0,outputs/frozen_2o_baselines/phase6n/runs/CB1_CAUR_S_CF2_RI2_TI2_R12/seed_746101.json,0ff377be5059cf2de02c8446a5bd277c75c07cdaaa4bc7027395afc40e6dfa87,outputs/frozen_2o_baselines/phase6n/manifest.json,True
SOLVER_COMPARISON_RUN,A1.6R_FROZEN_COMPARATOR,PHASE6N_TOP1,CB1_CAUR_S_CF2_RI2_TI2_R12,instances/controlled/RCIAS-CB1-TRAIN-CAUR-R12R14/r12_caur_fit/CB1_CAUR_S_CF2_RI2_TI2_R12.json,539a503ec74ff5d21200fb1410004fe10142f209ce1f6e910a08abb20b2d8f23,,,,746102,,,False,120.0,outputs/frozen_2o_baselines/phase6n/runs/CB1_CAUR_S_CF2_RI2_TI2_R12/seed_746102.json,4de71ab3457717a388a8160888b8fa1ec9238af64e34a67db07ec6678be09e02,outputs/frozen_2o_baselines/phase6n/manifest.json,True
SOLVER_COMPARISON_RUN,A1.6R_FROZEN_COMPARATOR,PHASE6N_TOP1,CB1_CAUR_S_CF2_RI2_TI2_R12,instances/controlled/RCIAS-CB1-TRAIN-CAUR-R12R14/r12_caur_fit/CB1_CAUR_S_CF2_RI2_TI2_R12.json,539a503ec74ff5d21200fb1410004fe10142f209ce1f6e910a08abb20b2d8f23,,,,746103,,,False,120.0,outputs/frozen_2o_baselines/phase6n/runs/CB1_CAUR_S_CF2_RI2_TI2_R12/seed_746103.json,920af113c159cbef2d22829420ae0d4f371453348dbdd5f8ea37613d471db33f,outputs/frozen_2o_baselines/phase6n/manifest.json,True
SOLVER_COMPARISON_RUN,A1.6R_FROZEN_COMPARATOR,PHASE6N_TOP1,CB1_CAUR_S_CF2_RI2_TI2_R12_C02,instances/controlled/RCIAS-CB1-TRAIN-CAUR-R12R14/r12_caur_fit/CB1_CAUR_S_CF2_RI2_TI2_R12_C02.json,92d8057295dbcbc4b54e91705c109ca5182fb4203fc8d99455311346d6468af6,,,,746101,,,False,126.0,outputs/frozen_2o_baselines/phase6n/runs/CB1_CAUR_S_CF2_RI2_TI2_R12_C02/seed_746101.json,05084a23abbfa233c2dcb55a2cf75c1a12dd1aaf6b79a498bfa18d00497e131e,outputs/frozen_2o_baselines/phase6n/manifest.json,True
SOLVER_COMPARISON_RUN,A1.6R_FROZEN_COMPARATOR,PHASE6N_TOP1,CB1_CAUR_S_CF2_RI2_TI2_R12_C02,instances/controlled/RCIAS-CB1-TRAIN-CAUR-R12R14/r12_caur_fit/CB1_CAUR_S_CF2_RI2_TI2_R12_C02.json,92d8057295dbcbc4b54e91705c109ca5182fb4203fc8d99455311346d6468af6,,,,746102,,,False,126.0,outputs/frozen_2o_baselines/phase6n/runs/CB1_CAUR_S_CF2_RI2_TI2_R12_C02/seed_746102.json,90a34f685a7798e1bf4876e1a4ad6cd0ff9e98bd27ca2907bf1162b5bbed043d,outputs/frozen_2o_baselines/phase6n/manifest.json,True
SOLVER_COMPARISON_RUN,A1.6R_FROZEN_COMPARATOR,PHASE6N_TOP1,CB1_CAUR_S_CF2_RI2_TI2_R12_C02,instances/controlled/RCIAS-CB1-TRAIN-CAUR-R12R14/r12_caur_fit/CB1_CAUR_S_CF2_RI2_TI2_R12_C02.json,92d8057295dbcbc4b54e91705c109ca5182fb4203fc8d99455311346d6468af6,,,,746103,,,False,126.0,outputs/frozen_2o_baselines/phase6n/runs/CB1_CAUR_S_CF2_RI2_TI2_R12_C02/seed_746103.json,afc8c2e0606ba9b6627b08ced4a7c4fe6180e127e6f0508f3f99ff509328190d,outputs/frozen_2o_baselines/phase6n/manifest.json,True
SOLVER_COMPARISON_RUN,A1.6R_FROZEN_COMPARATOR,PHASE6N_TOP1,CB1_CAUR_S_CF3_RI2_TI2_R12,instances/controlled/RCIAS-CB1-TRAIN-CAUR-R12R14/r12_caur_fit/CB1_CAUR_S_CF3_RI2_TI2_R12.json,3f232d8c25a7545c618b92d20016e072a645edcbe2b6e5247d8ed2da66733eff,,,,746101,,,False,122.0,outputs/frozen_2o_baselines/phase6n/runs/CB1_CAUR_S_CF3_RI2_TI2_R12/seed_746101.json,903b4d3917ecfe7f9b69e0c4bc4de83d9ee5ee14083856665b895ba7b0607d96,outputs/frozen_2o_baselines/phase6n/manifest.json,True
SOLVER_COMPARISON_RUN,A1.6R_FROZEN_COMPARATOR,PHASE6N_TOP1,CB1_CAUR_S_CF3_RI2_TI2_R12,instances/controlled/RCIAS-CB1-TRAIN-CAUR-R12R14/r12_caur_fit/CB1_CAUR_S_CF3_RI2_TI2_R12.json,3f232d8c25a7545c618b92d20016e072a645edcbe2b6e5247d8ed2da66733eff,,,,746102,,,False,122.0,outputs/frozen_2o_baselines/phase6n/runs/CB1_CAUR_S_CF3_RI2_TI2_R12/seed_746102.json,94d57fbcc86290fb26f874898d9a70dcbd19b7a9ffc003e37b69f72647a975d4,outputs/frozen_2o_baselines/phase6n/manifest.json,True
SOLVER_COMPARISON_RUN,A1.6R_FROZEN_COMPARATOR,PHASE6N_TOP1,CB1_CAUR_S_CF3_RI2_TI2_R12,instances/controlled/RCIAS-CB1-TRAIN-CAUR-R12R14/r12_caur_fit/CB1_CAUR_S_CF3_RI2_TI2_R12.json,3f232d8c25a7545c618b92d20016e072a645edcbe2b6e5247d8ed2da66733eff,,,,746103,,,False,122.0,outputs/frozen_2o_baselines/phase6n/runs/CB1_CAUR_S_CF3_RI2_TI2_R12/seed_746103.json,400240332193e784a6a47f3dc270eb65426a05e293b0337c0ea870af4185a08c,outputs/frozen_2o_baselines/phase6n/manifest.json,True
SOLVER_COMPARISON_RUN,A1.6R_FROZEN_COMPARATOR,PHASE6N_TOP1,CB1_CAUR_S_CF3_RI2_TI2_R12_C02,instances/controlled/RCIAS-CB1-TRAIN-CAUR-R12R14/r12_caur_fit/CB1_CAUR_S_CF3_RI2_TI2_R12_C02.json,96c10a051fa514f280b12e2f8c0ccf414e920ac4610fe333af1151dc928410d4,,,,746101,,,False,126.0,outputs/frozen_2o_baselines/phase6n/runs/CB1_CAUR_S_CF3_RI2_TI2_R12_C02/seed_746101.json,c73ead0a6eafa693f9ebb5bd9d91d658d370c1cb0615f7e3d3bee120ef487afb,outputs/frozen_2o_baselines/phase6n/manifest.json,True
SOLVER_COMPARISON_RUN,A1.6R_FROZEN_COMPARATOR,PHASE6N_TOP1,CB1_CAUR_S_CF3_RI2_TI2_R12_C02,instances/controlled/RCIAS-CB1-TRAIN-CAUR-R12R14/r12_caur_fit/CB1_CAUR_S_CF3_RI2_TI2_R12_C02.json,96c10a051fa514f280b12e2f8c0ccf414e920ac4610fe333af1151dc928410d4,,,,746102,,,False,126.0,outputs/frozen_2o_baselines/phase6n/runs/CB1_CAUR_S_CF3_RI2_TI2_R12_C02/seed_746102.json,062d7bfc3e937134305c7c3252bca4195571e8a06607d902519b1e7c8477f625,outputs/frozen_2o_baselines/phase6n/manifest.json,True
SOLVER_COMPARISON_RUN,A1.6R_FROZEN_COMPARATOR,PHASE6N_TOP1,CB1_CAUR_S_CF3_RI2_TI2_R12_C02,instances/controlled/RCIAS-CB1-TRAIN-CAUR-R12R14/r12_caur_fit/CB1_CAUR_S_CF3_RI2_TI2_R12_C02.json,96c10a051fa514f280b12e2f8c0ccf414e920ac4610fe333af1151dc928410d4,,,,746103,,,False,126.0,outputs/frozen_2o_baselines/phase6n/runs/CB1_CAUR_S_CF3_RI2_TI2_R12_C02/seed_746103.json,6703028b780edb4e121f9f4e8632ea427b990d4efac2d95dc945f6e7742ba453,outputs/frozen_2o_baselines/phase6n/manifest.json,True
SOLVER_COMPARISON_RUN,A1.6R_FROZEN_COMPARATOR,LG_HGA_2O,CB1_CAUR_L_CF1_RI2_TI2_R12,instances/controlled/RCIAS-CB1-TRAIN-CAUR-R12R14/r12_caur_fit/CB1_CAUR_L_CF1_RI2_TI2_R12.json,c0b6374d4eb72ada83b8a8452425b71b4322e61123edbb755f2cd08927288b7a,,,,746101,,,False,332.0,outputs/frozen_2o_baselines/lg_hga_2o/runs/CB1_CAUR_L_CF1_RI2_TI2_R12/seed_746101.json,60378a036f77a1de72cd385aebf8689772a43c031534fd813fc3cede79cce21a,outputs/frozen_2o_baselines/lg_hga_2o/manifest.json,True
SOLVER_COMPARISON_RUN,A1.6R_FROZEN_COMPARATOR,LG_HGA_2O,CB1_CAUR_L_CF1_RI2_TI2_R12,instances/controlled/RCIAS-CB1-TRAIN-CAUR-R12R14/r12_caur_fit/CB1_CAUR_L_CF1_RI2_TI2_R12.json,c0b6374d4eb72ada83b8a8452425b71b4322e61123edbb755f2cd08927288b7a,,,,746102,,,False,332.0,outputs/frozen_2o_baselines/lg_hga_2o/runs/CB1_CAUR_L_CF1_RI2_TI2_R12/seed_746102.json,b8ee7b5ebe24d0fb8dca319ff68a8d543a261918a348034e9ebb951cf2194796,outputs/frozen_2o_baselines/lg_hga_2o/manifest.json,True
SOLVER_COMPARISON_RUN,A1.6R_FROZEN_COMPARATOR,LG_HGA_2O,CB1_CAUR_L_CF1_RI2_TI2_R12,instances/controlled/RCIAS-CB1-TRAIN-CAUR-R12R14/r12_caur_fit/CB1_CAUR_L_CF1_RI2_TI2_R12.json,c0b6374d4eb72ada83b8a8452425b71b4322e61123edbb755f2cd08927288b7a,,,,746103,,,False,332.0,outputs/frozen_2o_baselines/lg_hga_2o/runs/CB1_CAUR_L_CF1_RI2_TI2_R12/seed_746103.json,80b0960a5de27465c006d0bc2662c98ffd62241beee01e929f3580d8a7abffdb,outputs/frozen_2o_baselines/lg_hga_2o/manifest.json,True
SOLVER_COMPARISON_RUN,A1.6R_FROZEN_COMPARATOR,LG_HGA_2O,CB1_CAUR_L_CF1_RI2_TI2_R12_C02,instances/controlled/RCIAS-CB1-TRAIN-CAUR-R12R14/r12_caur_fit/CB1_CAUR_L_CF1_RI2_TI2_R12_C02.json,dd5c1ce71a5d72aad6c85617cb1718c9e57f3a6cfe23a0d18a92f0942ba56dc1,,,,746101,,,False,344.0,outputs/frozen_2o_baselines/lg_hga_2o/runs/CB1_CAUR_L_CF1_RI2_TI2_R12_C02/seed_746101.json,9882425cff2ed636451719212a3b76241b6201545373e764d061a447126cdbd4,outputs/frozen_2o_baselines/lg_hga_2o/manifest.json,True
SOLVER_COMPARISON_RUN,A1.6R_FROZEN_COMPARATOR,LG_HGA_2O,CB1_CAUR_L_CF1_RI2_TI2_R12_C02,instances/controlled/RCIAS-CB1-TRAIN-CAUR-R12R14/r12_caur_fit/CB1_CAUR_L_CF1_RI2_TI2_R12_C02.json,dd5c1ce71a5d72aad6c85617cb1718c9e57f3a6cfe23a0d18a92f0942ba56dc1,,,,746102,,,False,344.0,outputs/frozen_2o_baselines/lg_hga_2o/runs/CB1_CAUR_L_CF1_RI2_TI2_R12_C02/seed_746102.json,8c88b4f1bdf1ed44f9c07e6b548440d74c90e866a94ec10c133842b773c5836a,outputs/frozen_2o_baselines/lg_hga_2o/manifest.json,True
SOLVER_COMPARISON_RUN,A1.6R_FROZEN_COMPARATOR,LG_HGA_2O,CB1_CAUR_L_CF1_RI2_TI2_R12_C02,instances/controlled/RCIAS-CB1-TRAIN-CAUR-R12R14/r12_caur_fit/CB1_CAUR_L_CF1_RI2_TI2_R12_C02.json,dd5c1ce71a5d72aad6c85617cb1718c9e57f3a6cfe23a0d18a92f0942ba56dc1,,,,746103,,,False,344.0,outputs/frozen_2o_baselines/lg_hga_2o/runs/CB1_CAUR_L_CF1_RI2_TI2_R12_C02/seed_746103.json,15d2f6fd0e0c8c656a4a54bb95b87dd7a1794a8d4990d7125ea7396f3f8260a0,outputs/frozen_2o_baselines/lg_hga_2o/manifest.json,True
SOLVER_COMPARISON_RUN,A1.6R_FROZEN_COMPARATOR,LG_HGA_2O,CB1_CAUR_L_CF2_RI2_TI2_R12,instances/controlled/RCIAS-CB1-TRAIN-CAUR-R12R14/r12_caur_fit/CB1_CAUR_L_CF2_RI2_TI2_R12.json,74b633a78dfe171189160ec0651f63c472fd7c4b456c8aa149cbc69f56bbcc8c,,,,746101,,,False,376.0,outputs/frozen_2o_baselines/lg_hga_2o/runs/CB1_CAUR_L_CF2_RI2_TI2_R12/seed_746101.json,3aa19dbab4fd6e9383d0dfa69474ba7a2447967e9265f366b40cd03cdea74fac,outputs/frozen_2o_baselines/lg_hga_2o/manifest.json,True
SOLVER_COMPARISON_RUN,A1.6R_FROZEN_COMPARATOR,LG_HGA_2O,CB1_CAUR_L_CF2_RI2_TI2_R12,instances/controlled/RCIAS-CB1-TRAIN-CAUR-R12R14/r12_caur_fit/CB1_CAUR_L_CF2_RI2_TI2_R12.json,74b633a78dfe171189160ec0651f63c472fd7c4b456c8aa149cbc69f56bbcc8c,,,,746102,,,False,376.0,outputs/frozen_2o_baselines/lg_hga_2o/runs/CB1_CAUR_L_CF2_RI2_TI2_R12/seed_746102.json,33eea15070b9660ce9f91d5097c942e1c7f06869d900fb38e156a85d25dc7692,outputs/frozen_2o_baselines/lg_hga_2o/manifest.json,True
SOLVER_COMPARISON_RUN,A1.6R_FROZEN_COMPARATOR,LG_HGA_2O,CB1_CAUR_L_CF2_RI2_TI2_R12,instances/controlled/RCIAS-CB1-TRAIN-CAUR-R12R14/r12_caur_fit/CB1_CAUR_L_CF2_RI2_TI2_R12.json,74b633a78dfe171189160ec0651f63c472fd7c4b456c8aa149cbc69f56bbcc8c,,,,746103,,,False,376.0,outputs/frozen_2o_baselines/lg_hga_2o/runs/CB1_CAUR_L_CF2_RI2_TI2_R12/seed_746103.json,b3582cd3bfa5e3eb12b4b765a1e0626b202a927dfa199544a89d8c9987fb0db7,outputs/frozen_2o_baselines/lg_hga_2o/manifest.json,True
SOLVER_COMPARISON_RUN,A1.6R_FROZEN_COMPARATOR,LG_HGA_2O,CB1_CAUR_L_CF2_RI2_TI2_R12_C02,instances/controlled/RCIAS-CB1-TRAIN-CAUR-R12R14/r12_caur_fit/CB1_CAUR_L_CF2_RI2_TI2_R12_C02.json,48a9ab11246faafcf8189c16695cbf926f0ae8bdbc42dfab76d38b2d7830b091,,,,746101,,,False,388.0,outputs/frozen_2o_baselines/lg_hga_2o/runs/CB1_CAUR_L_CF2_RI2_TI2_R12_C02/seed_746101.json,fa97f71e9d78741d031bd900b0f045e5a6ecbc58dfa622c65628fbcfbd65270f,outputs/frozen_2o_baselines/lg_hga_2o/manifest.json,True
SOLVER_COMPARISON_RUN,A1.6R_FROZEN_COMPARATOR,LG_HGA_2O,CB1_CAUR_L_CF2_RI2_TI2_R12_C02,instances/controlled/RCIAS-CB1-TRAIN-CAUR-R12R14/r12_caur_fit/CB1_CAUR_L_CF2_RI2_TI2_R12_C02.json,48a9ab11246faafcf8189c16695cbf926f0ae8bdbc42dfab76d38b2d7830b091,,,,746102,,,False,388.0,outputs/frozen_2o_baselines/lg_hga_2o/runs/CB1_CAUR_L_CF2_RI2_TI2_R12_C02/seed_746102.json,36d8a95b3ed175b27076fe08547049b80af41cf9ddf17e549c6e98983be74224,outputs/frozen_2o_baselines/lg_hga_2o/manifest.json,True
SOLVER_COMPARISON_RUN,A1.6R_FROZEN_COMPARATOR,LG_HGA_2O,CB1_CAUR_L_CF2_RI2_TI2_R12_C02,instances/controlled/RCIAS-CB1-TRAIN-CAUR-R12R14/r12_caur_fit/CB1_CAUR_L_CF2_RI2_TI2_R12_C02.json,48a9ab11246faafcf8189c16695cbf926f0ae8bdbc42dfab76d38b2d7830b091,,,,746103,,,False,388.0,outputs/frozen_2o_baselines/lg_hga_2o/runs/CB1_CAUR_L_CF2_RI2_TI2_R12_C02/seed_746103.json,5eebee755bd358c54c58204b89d3cc5de3427681202c5c3f922cc0dbe8adc670,outputs/frozen_2o_baselines/lg_hga_2o/manifest.json,True
SOLVER_COMPARISON_RUN,A1.6R_FROZEN_COMPARATOR,LG_HGA_2O,CB1_CAUR_L_CF3_RI2_TI2_R12,instances/controlled/RCIAS-CB1-TRAIN-CAUR-R12R14/r12_caur_fit/CB1_CAUR_L_CF3_RI2_TI2_R12.json,bdb01c2b6350b572dcac6be3c542e696143bd4766ab3ae7939bff36e6234f25b,,,,746101,,,False,366.0,outputs/frozen_2o_baselines/lg_hga_2o/runs/CB1_CAUR_L_CF3_RI2_TI2_R12/seed_746101.json,49cd46f34cf487632b98c4f6895819c8521899a28771854af364b78002a27b9b,outputs/frozen_2o_baselines/lg_hga_2o/manifest.json,True
SOLVER_COMPARISON_RUN,A1.6R_FROZEN_COMPARATOR,LG_HGA_2O,CB1_CAUR_L_CF3_RI2_TI2_R12,instances/controlled/RCIAS-CB1-TRAIN-CAUR-R12R14/r12_caur_fit/CB1_CAUR_L_CF3_RI2_TI2_R12.json,bdb01c2b6350b572dcac6be3c542e696143bd4766ab3ae7939bff36e6234f25b,,,,746102,,,False,366.0,outputs/frozen_2o_baselines/lg_hga_2o/runs/CB1_CAUR_L_CF3_RI2_TI2_R12/seed_746102.json,66c82363ffd987c920c1e0d51b0565043f0043831ee96ae2ddfadfa1377ba7dc,outputs/frozen_2o_baselines/lg_hga_2o/manifest.json,True
SOLVER_COMPARISON_RUN,A1.6R_FROZEN_COMPARATOR,LG_HGA_2O,CB1_CAUR_L_CF3_RI2_TI2_R12,instances/controlled/RCIAS-CB1-TRAIN-CAUR-R12R14/r12_caur_fit/CB1_CAUR_L_CF3_RI2_TI2_R12.json,bdb01c2b6350b572dcac6be3c542e696143bd4766ab3ae7939bff36e6234f25b,,,,746103,,,False,366.0,outputs/frozen_2o_baselines/lg_hga_2o/runs/CB1_CAUR_L_CF3_RI2_TI2_R12/seed_746103.json,4e65e919d13bce6adf0a11ae916c92205e470e2cec80bef553b55fe2dddb180f,outputs/frozen_2o_baselines/lg_hga_2o/manifest.json,True
SOLVER_COMPARISON_RUN,A1.6R_FROZEN_COMPARATOR,LG_HGA_2O,CB1_CAUR_L_CF3_RI2_TI2_R12_C02,instances/controlled/RCIAS-CB1-TRAIN-CAUR-R12R14/r12_caur_fit/CB1_CAUR_L_CF3_RI2_TI2_R12_C02.json,2373d994f8a29b3d5bc58aacb9c4f74c8c60d0950760ab044a7354c19b09f9b9,,,,746101,,,False,358.0,outputs/frozen_2o_baselines/lg_hga_2o/runs/CB1_CAUR_L_CF3_RI2_TI2_R12_C02/seed_746101.json,961f0b64aa13ac256ad1c584b280ddc47da60e79f5b73c2f18759b629d898e41,outputs/frozen_2o_baselines/lg_hga_2o/manifest.json,True
SOLVER_COMPARISON_RUN,A1.6R_FROZEN_COMPARATOR,LG_HGA_2O,CB1_CAUR_L_CF3_RI2_TI2_R12_C02,instances/controlled/RCIAS-CB1-TRAIN-CAUR-R12R14/r12_caur_fit/CB1_CAUR_L_CF3_RI2_TI2_R12_C02.json,2373d994f8a29b3d5bc58aacb9c4f74c8c60d0950760ab044a7354c19b09f9b9,,,,746102,,,False,358.0,outputs/frozen_2o_baselines/lg_hga_2o/runs/CB1_CAUR_L_CF3_RI2_TI2_R12_C02/seed_746102.json,e3d52503085929d8b5c5bc3f442a0a0f6a93f25f9214a31980be8b13af46c95e,outputs/frozen_2o_baselines/lg_hga_2o/manifest.json,True
SOLVER_COMPARISON_RUN,A1.6R_FROZEN_COMPARATOR,LG_HGA_2O,CB1_CAUR_L_CF3_RI2_TI2_R12_C02,instances/controlled/RCIAS-CB1-TRAIN-CAUR-R12R14/r12_caur_fit/CB1_CAUR_L_CF3_RI2_TI2_R12_C02.json,2373d994f8a29b3d5bc58aacb9c4f74c8c60d0950760ab044a7354c19b09f9b9,,,,746103,,,False,358.0,outputs/frozen_2o_baselines/lg_hga_2o/runs/CB1_CAUR_L_CF3_RI2_TI2_R12_C02/seed_746103.json,43130047566061ab9c40e890ea4f67cf7783afdcd11046d8149dccaffad78262,outputs/frozen_2o_baselines/lg_hga_2o/manifest.json,True
SOLVER_COMPARISON_RUN,A1.6R_FROZEN_COMPARATOR,LG_HGA_2O,CB1_CAUR_M_CF1_RI2_TI2_R12,instances/controlled/RCIAS-CB1-TRAIN-CAUR-R12R14/r12_caur_fit/CB1_CAUR_M_CF1_RI2_TI2_R12.json,f3e73b5840e8e50e51b2bf81be2d17dc60648dd4666091ef91a94a0d3544e971,,,,746101,,,False,228.0,outputs/frozen_2o_baselines/lg_hga_2o/runs/CB1_CAUR_M_CF1_RI2_TI2_R12/seed_746101.json,8473613d2c4a74048d4464eac8fef8cea285271363c9442ddfdccabe9fbb9e09,outputs/frozen_2o_baselines/lg_hga_2o/manifest.json,True
SOLVER_COMPARISON_RUN,A1.6R_FROZEN_COMPARATOR,LG_HGA_2O,CB1_CAUR_M_CF1_RI2_TI2_R12,instances/controlled/RCIAS-CB1-TRAIN-CAUR-R12R14/r12_caur_fit/CB1_CAUR_M_CF1_RI2_TI2_R12.json,f3e73b5840e8e50e51b2bf81be2d17dc60648dd4666091ef91a94a0d3544e971,,,,746102,,,False,228.0,outputs/frozen_2o_baselines/lg_hga_2o/runs/CB1_CAUR_M_CF1_RI2_TI2_R12/seed_746102.json,79f6b229e454952614a8011f967428af65a3ff3b39a1ad37c26c485e8dfbc0dd,outputs/frozen_2o_baselines/lg_hga_2o/manifest.json,True
SOLVER_COMPARISON_RUN,A1.6R_FROZEN_COMPARATOR,LG_HGA_2O,CB1_CAUR_M_CF1_RI2_TI2_R12,instances/controlled/RCIAS-CB1-TRAIN-CAUR-R12R14/r12_caur_fit/CB1_CAUR_M_CF1_RI2_TI2_R12.json,f3e73b5840e8e50e51b2bf81be2d17dc60648dd4666091ef91a94a0d3544e971,,,,746103,,,False,228.0,outputs/frozen_2o_baselines/lg_hga_2o/runs/CB1_CAUR_M_CF1_RI2_TI2_R12/seed_746103.json,b08b2a2e9ae8ce4133e1e7459c1dac0bc9e12c61312f60230dca1caf2d8c66a0,outputs/frozen_2o_baselines/lg_hga_2o/manifest.json,True
SOLVER_COMPARISON_RUN,A1.6R_FROZEN_COMPARATOR,LG_HGA_2O,CB1_CAUR_M_CF1_RI2_TI2_R12_C02,instances/controlled/RCIAS-CB1-TRAIN-CAUR-R12R14/r12_caur_fit/CB1_CAUR_M_CF1_RI2_TI2_R12_C02.json,c5f935a0c647bb5931b89836d8cecd934eab4933915ffb05394716fb026d4bb9,,,,746101,,,False,234.0,outputs/frozen_2o_baselines/lg_hga_2o/runs/CB1_CAUR_M_CF1_RI2_TI2_R12_C02/seed_746101.json,22a78469606225c010c43157dd226eaf2a567e65d6a1a1b0d768bd97f44689c2,outputs/frozen_2o_baselines/lg_hga_2o/manifest.json,True
SOLVER_COMPARISON_RUN,A1.6R_FROZEN_COMPARATOR,LG_HGA_2O,CB1_CAUR_M_CF1_RI2_TI2_R12_C02,instances/controlled/RCIAS-CB1-TRAIN-CAUR-R12R14/r12_caur_fit/CB1_CAUR_M_CF1_RI2_TI2_R12_C02.json,c5f935a0c647bb5931b89836d8cecd934eab4933915ffb05394716fb026d4bb9,,,,746102,,,False,234.0,outputs/frozen_2o_baselines/lg_hga_2o/runs/CB1_CAUR_M_CF1_RI2_TI2_R12_C02/seed_746102.json,d49bdd107fdfcb15200e3672c2c1f5954e49d792f1579c96ba2a6af1ab39c054,outputs/frozen_2o_baselines/lg_hga_2o/manifest.json,True
SOLVER_COMPARISON_RUN,A1.6R_FROZEN_COMPARATOR,LG_HGA_2O,CB1_CAUR_M_CF1_RI2_TI2_R12_C02,instances/controlled/RCIAS-CB1-TRAIN-CAUR-R12R14/r12_caur_fit/CB1_CAUR_M_CF1_RI2_TI2_R12_C02.json,c5f935a0c647bb5931b89836d8cecd934eab4933915ffb05394716fb026d4bb9,,,,746103,,,False,234.0,outputs/frozen_2o_baselines/lg_hga_2o/runs/CB1_CAUR_M_CF1_RI2_TI2_R12_C02/seed_746103.json,098bd3800a68adc8a8575f43b3e5c3507cd3e0413184ad5f2a8f99a66ee88bd0,outputs/frozen_2o_baselines/lg_hga_2o/manifest.json,True
SOLVER_COMPARISON_RUN,A1.6R_FROZEN_COMPARATOR,LG_HGA_2O,CB1_CAUR_M_CF2_RI2_TI2_R12,instances/controlled/RCIAS-CB1-TRAIN-CAUR-R12R14/r12_caur_fit/CB1_CAUR_M_CF2_RI2_TI2_R12.json,d9ebab88d1a3e2d3da92e56533b0c1d062ebeb81d84c125ec61af8fe79e7087a,,,,746101,,,False,244.0,outputs/frozen_2o_baselines/lg_hga_2o/runs/CB1_CAUR_M_CF2_RI2_TI2_R12/seed_746101.json,f3ee2a97905454d158209eb842d332cb53da6261cda0c92e63a820564061273b,outputs/frozen_2o_baselines/lg_hga_2o/manifest.json,True
SOLVER_COMPARISON_RUN,A1.6R_FROZEN_COMPARATOR,LG_HGA_2O,CB1_CAUR_M_CF2_RI2_TI2_R12,instances/controlled/RCIAS-CB1-TRAIN-CAUR-R12R14/r12_caur_fit/CB1_CAUR_M_CF2_RI2_TI2_R12.json,d9ebab88d1a3e2d3da92e56533b0c1d062ebeb81d84c125ec61af8fe79e7087a,,,,746102,,,False,244.0,outputs/frozen_2o_baselines/lg_hga_2o/runs/CB1_CAUR_M_CF2_RI2_TI2_R12/seed_746102.json,0f44d6f668495642b2c4f411705a549e34055308eadfa2b85be875669c5ae47d,outputs/frozen_2o_baselines/lg_hga_2o/manifest.json,True
SOLVER_COMPARISON_RUN,A1.6R_FROZEN_COMPARATOR,LG_HGA_2O,CB1_CAUR_M_CF2_RI2_TI2_R12,instances/controlled/RCIAS-CB1-TRAIN-CAUR-R12R14/r12_caur_fit/CB1_CAUR_M_CF2_RI2_TI2_R12.json,d9ebab88d1a3e2d3da92e56533b0c1d062ebeb81d84c125ec61af8fe79e7087a,,,,746103,,,False,244.0,outputs/frozen_2o_baselines/lg_hga_2o/runs/CB1_CAUR_M_CF2_RI2_TI2_R12/seed_746103.json,f3bae1fc882b214c78d51e3ec11e2ca2ec790719001c878c103fcdc51247be5d,outputs/frozen_2o_baselines/lg_hga_2o/manifest.json,True
SOLVER_COMPARISON_RUN,A1.6R_FROZEN_COMPARATOR,LG_HGA_2O,CB1_CAUR_M_CF2_RI2_TI2_R12_C02,instances/controlled/RCIAS-CB1-TRAIN-CAUR-R12R14/r12_caur_fit/CB1_CAUR_M_CF2_RI2_TI2_R12_C02.json,9a1b7de15cfd0663d92ad81a5378da0922b92dc6f7c6b042cd8daf542a21b803,,,,746101,,,False,254.0,outputs/frozen_2o_baselines/lg_hga_2o/runs/CB1_CAUR_M_CF2_RI2_TI2_R12_C02/seed_746101.json,624e3e12cc6664743a5dd6b6941f0aa3d56dfef36182b79c16da72097cd191eb,outputs/frozen_2o_baselines/lg_hga_2o/manifest.json,True
SOLVER_COMPARISON_RUN,A1.6R_FROZEN_COMPARATOR,LG_HGA_2O,CB1_CAUR_M_CF2_RI2_TI2_R12_C02,instances/controlled/RCIAS-CB1-TRAIN-CAUR-R12R14/r12_caur_fit/CB1_CAUR_M_CF2_RI2_TI2_R12_C02.json,9a1b7de15cfd0663d92ad81a5378da0922b92dc6f7c6b042cd8daf542a21b803,,,,746102,,,False,254.0,outputs/frozen_2o_baselines/lg_hga_2o/runs/CB1_CAUR_M_CF2_RI2_TI2_R12_C02/seed_746102.json,8a92a7876c0e2d6ecf002b427ae47b8823f330e091c7a955bc28381765cd5043,outputs/frozen_2o_baselines/lg_hga_2o/manifest.json,True
SOLVER_COMPARISON_RUN,A1.6R_FROZEN_COMPARATOR,LG_HGA_2O,CB1_CAUR_M_CF2_RI2_TI2_R12_C02,instances/controlled/RCIAS-CB1-TRAIN-CAUR-R12R14/r12_caur_fit/CB1_CAUR_M_CF2_RI2_TI2_R12_C02.json,9a1b7de15cfd0663d92ad81a5378da0922b92dc6f7c6b042cd8daf542a21b803,,,,746103,,,False,254.0,outputs/frozen_2o_baselines/lg_hga_2o/runs/CB1_CAUR_M_CF2_RI2_TI2_R12_C02/seed_746103.json,a6f9bd8c71caff4d0675f7d06659e7f43e7b4821287ea06834140b6ef089ea39,outputs/frozen_2o_baselines/lg_hga_2o/manifest.json,True
SOLVER_COMPARISON_RUN,A1.6R_FROZEN_COMPARATOR,LG_HGA_2O,CB1_CAUR_M_CF3_RI2_TI2_R12,instances/controlled/RCIAS-CB1-TRAIN-CAUR-R12R14/r12_caur_fit/CB1_CAUR_M_CF3_RI2_TI2_R12.json,5ccadcfce0befc39234938c398bf932ff364dcf6a2ecd7adb51cebdb1d489239,,,,746101,,,False,236.0,outputs/frozen_2o_baselines/lg_hga_2o/runs/CB1_CAUR_M_CF3_RI2_TI2_R12/seed_746101.json,c6f05634ae7a84a2c392b5127d38c9ca2a244f4c7806504f098b049420de66b9,outputs/frozen_2o_baselines/lg_hga_2o/manifest.json,True
SOLVER_COMPARISON_RUN,A1.6R_FROZEN_COMPARATOR,LG_HGA_2O,CB1_CAUR_M_CF3_RI2_TI2_R12,instances/controlled/RCIAS-CB1-TRAIN-CAUR-R12R14/r12_caur_fit/CB1_CAUR_M_CF3_RI2_TI2_R12.json,5ccadcfce0befc39234938c398bf932ff364dcf6a2ecd7adb51cebdb1d489239,,,,746102,,,False,236.0,outputs/frozen_2o_baselines/lg_hga_2o/runs/CB1_CAUR_M_CF3_RI2_TI2_R12/seed_746102.json,26d5d05d6be19d2a95d057c8d6ee25017ab114bf64c79d20406bac3c991559c0,outputs/frozen_2o_baselines/lg_hga_2o/manifest.json,True
SOLVER_COMPARISON_RUN,A1.6R_FROZEN_COMPARATOR,LG_HGA_2O,CB1_CAUR_M_CF3_RI2_TI2_R12,instances/controlled/RCIAS-CB1-TRAIN-CAUR-R12R14/r12_caur_fit/CB1_CAUR_M_CF3_RI2_TI2_R12.json,5ccadcfce0befc39234938c398bf932ff364dcf6a2ecd7adb51cebdb1d489239,,,,746103,,,False,236.0,outputs/frozen_2o_baselines/lg_hga_2o/runs/CB1_CAUR_M_CF3_RI2_TI2_R12/seed_746103.json,784e4fdb8bc81243b108899aed2af8ed9223f06c15e316da90bcad52cf9c6d4d,outputs/frozen_2o_baselines/lg_hga_2o/manifest.json,True
SOLVER_COMPARISON_RUN,A1.6R_FROZEN_COMPARATOR,LG_HGA_2O,CB1_CAUR_M_CF3_RI2_TI2_R12_C02,instances/controlled/RCIAS-CB1-TRAIN-CAUR-R12R14/r12_caur_fit/CB1_CAUR_M_CF3_RI2_TI2_R12_C02.json,94cd02375f0a1e0e878aaf1591384d4eaceee39aab3ebab323e7739ac2e086d7,,,,746101,,,False,232.0,outputs/frozen_2o_baselines/lg_hga_2o/runs/CB1_CAUR_M_CF3_RI2_TI2_R12_C02/seed_746101.json,b143ddc51983fe03fb29f6878770038e1c92caf3cf05e16985f2cc5ef1636567,outputs/frozen_2o_baselines/lg_hga_2o/manifest.json,True
SOLVER_COMPARISON_RUN,A1.6R_FROZEN_COMPARATOR,LG_HGA_2O,CB1_CAUR_M_CF3_RI2_TI2_R12_C02,instances/controlled/RCIAS-CB1-TRAIN-CAUR-R12R14/r12_caur_fit/CB1_CAUR_M_CF3_RI2_TI2_R12_C02.json,94cd02375f0a1e0e878aaf1591384d4eaceee39aab3ebab323e7739ac2e086d7,,,,746102,,,False,232.0,outputs/frozen_2o_baselines/lg_hga_2o/runs/CB1_CAUR_M_CF3_RI2_TI2_R12_C02/seed_746102.json,4bf918f0527a93a4fd92b255090fb46dc7892be3a6a0435e4fac3089f4e8a131,outputs/frozen_2o_baselines/lg_hga_2o/manifest.json,True
SOLVER_COMPARISON_RUN,A1.6R_FROZEN_COMPARATOR,LG_HGA_2O,CB1_CAUR_M_CF3_RI2_TI2_R12_C02,instances/controlled/RCIAS-CB1-TRAIN-CAUR-R12R14/r12_caur_fit/CB1_CAUR_M_CF3_RI2_TI2_R12_C02.json,94cd02375f0a1e0e878aaf1591384d4eaceee39aab3ebab323e7739ac2e086d7,,,,746103,,,False,232.0,outputs/frozen_2o_baselines/lg_hga_2o/runs/CB1_CAUR_M_CF3_RI2_TI2_R12_C02/seed_746103.json,549ff50e41eddfe36fffeed9307054c973be635b8e8aea27a925f5a22e0d928c,outputs/frozen_2o_baselines/lg_hga_2o/manifest.json,True
SOLVER_COMPARISON_RUN,A1.6R_FROZEN_COMPARATOR,LG_HGA_2O,CB1_CAUR_S_CF1_RI2_TI2_R12,instances/controlled/RCIAS-CB1-TRAIN-CAUR-R12R14/r12_caur_fit/CB1_CAUR_S_CF1_RI2_TI2_R12.json,12ff9dd4ce3a668c89ba8edd8ee0c9f87232f00b8ce8dbb42a4827402c20047a,,,,746101,,,False,122.0,outputs/frozen_2o_baselines/lg_hga_2o/runs/CB1_CAUR_S_CF1_RI2_TI2_R12/seed_746101.json,6c8775c8231316f399e12d6b9505c69c731574cfb94c4020dbcc2eebd9136648,outputs/frozen_2o_baselines/lg_hga_2o/manifest.json,True
SOLVER_COMPARISON_RUN,A1.6R_FROZEN_COMPARATOR,LG_HGA_2O,CB1_CAUR_S_CF1_RI2_TI2_R12,instances/controlled/RCIAS-CB1-TRAIN-CAUR-R12R14/r12_caur_fit/CB1_CAUR_S_CF1_RI2_TI2_R12.json,12ff9dd4ce3a668c89ba8edd8ee0c9f87232f00b8ce8dbb42a4827402c20047a,,,,746102,,,False,122.0,outputs/frozen_2o_baselines/lg_hga_2o/runs/CB1_CAUR_S_CF1_RI2_TI2_R12/seed_746102.json,ee1d2492a6988e91f02d5fbdf32b6254dbcf0073faada02ad554de321fbcf13e,outputs/frozen_2o_baselines/lg_hga_2o/manifest.json,True
SOLVER_COMPARISON_RUN,A1.6R_FROZEN_COMPARATOR,LG_HGA_2O,CB1_CAUR_S_CF1_RI2_TI2_R12,instances/controlled/RCIAS-CB1-TRAIN-CAUR-R12R14/r12_caur_fit/CB1_CAUR_S_CF1_RI2_TI2_R12.json,12ff9dd4ce3a668c89ba8edd8ee0c9f87232f00b8ce8dbb42a4827402c20047a,,,,746103,,,False,122.0,outputs/frozen_2o_baselines/lg_hga_2o/runs/CB1_CAUR_S_CF1_RI2_TI2_R12/seed_746103.json,fe3e990f7e4d5fbbd26cb37d212c745c8aa94d0bd02fdcae0a03b5cc8834de17,outputs/frozen_2o_baselines/lg_hga_2o/manifest.json,True
SOLVER_COMPARISON_RUN,A1.6R_FROZEN_COMPARATOR,LG_HGA_2O,CB1_CAUR_S_CF1_RI2_TI2_R12_C02,instances/controlled/RCIAS-CB1-TRAIN-CAUR-R12R14/r12_caur_fit/CB1_CAUR_S_CF1_RI2_TI2_R12_C02.json,74a7fad62f6bab915dde95c71d8cee211cc37cf7ba296a7f69869350a5c295d4,,,,746101,,,False,112.0,outputs/frozen_2o_baselines/lg_hga_2o/runs/CB1_CAUR_S_CF1_RI2_TI2_R12_C02/seed_746101.json,d5ab3dd20f8ae60dd821b9b97d8f070b5f33ad97df239ad3912cb88400c66829,outputs/frozen_2o_baselines/lg_hga_2o/manifest.json,True
SOLVER_COMPARISON_RUN,A1.6R_FROZEN_COMPARATOR,LG_HGA_2O,CB1_CAUR_S_CF1_RI2_TI2_R12_C02,instances/controlled/RCIAS-CB1-TRAIN-CAUR-R12R14/r12_caur_fit/CB1_CAUR_S_CF1_RI2_TI2_R12_C02.json,74a7fad62f6bab915dde95c71d8cee211cc37cf7ba296a7f69869350a5c295d4,,,,746102,,,False,112.0,outputs/frozen_2o_baselines/lg_hga_2o/runs/CB1_CAUR_S_CF1_RI2_TI2_R12_C02/seed_746102.json,7c49509f1523058a523406f7f41f9efeb23279722023fb69db3cfe6bcd782401,outputs/frozen_2o_baselines/lg_hga_2o/manifest.json,True
SOLVER_COMPARISON_RUN,A1.6R_FROZEN_COMPARATOR,LG_HGA_2O,CB1_CAUR_S_CF1_RI2_TI2_R12_C02,instances/controlled/RCIAS-CB1-TRAIN-CAUR-R12R14/r12_caur_fit/CB1_CAUR_S_CF1_RI2_TI2_R12_C02.json,74a7fad62f6bab915dde95c71d8cee211cc37cf7ba296a7f69869350a5c295d4,,,,746103,,,False,112.0,outputs/frozen_2o_baselines/lg_hga_2o/runs/CB1_CAUR_S_CF1_RI2_TI2_R12_C02/seed_746103.json,5ca6b8f9f159da3370723eb0f3a3bbf5e279c701f3936aa06288cd88053e7528,outputs/frozen_2o_baselines/lg_hga_2o/manifest.json,True
SOLVER_COMPARISON_RUN,A1.6R_FROZEN_COMPARATOR,LG_HGA_2O,CB1_CAUR_S_CF2_RI2_TI2_R12,instances/controlled/RCIAS-CB1-TRAIN-CAUR-R12R14/r12_caur_fit/CB1_CAUR_S_CF2_RI2_TI2_R12.json,539a503ec74ff5d21200fb1410004fe10142f209ce1f6e910a08abb20b2d8f23,,,,746101,,,False,120.0,outputs/frozen_2o_baselines/lg_hga_2o/runs/CB1_CAUR_S_CF2_RI2_TI2_R12/seed_746101.json,f073d041dd33e3cb13435a6d6b337f17b9ce7d50a6597e0eb45410a39fa6db6f,outputs/frozen_2o_baselines/lg_hga_2o/manifest.json,True
SOLVER_COMPARISON_RUN,A1.6R_FROZEN_COMPARATOR,LG_HGA_2O,CB1_CAUR_S_CF2_RI2_TI2_R12,instances/controlled/RCIAS-CB1-TRAIN-CAUR-R12R14/r12_caur_fit/CB1_CAUR_S_CF2_RI2_TI2_R12.json,539a503ec74ff5d21200fb1410004fe10142f209ce1f6e910a08abb20b2d8f23,,,,746102,,,False,120.0,outputs/frozen_2o_baselines/lg_hga_2o/runs/CB1_CAUR_S_CF2_RI2_TI2_R12/seed_746102.json,db2f6ff133db251c0ca12310d7a26a7861c247e2fc86c30bb3594e342f7af7ec,outputs/frozen_2o_baselines/lg_hga_2o/manifest.json,True
SOLVER_COMPARISON_RUN,A1.6R_FROZEN_COMPARATOR,LG_HGA_2O,CB1_CAUR_S_CF2_RI2_TI2_R12,instances/controlled/RCIAS-CB1-TRAIN-CAUR-R12R14/r12_caur_fit/CB1_CAUR_S_CF2_RI2_TI2_R12.json,539a503ec74ff5d21200fb1410004fe10142f209ce1f6e910a08abb20b2d8f23,,,,746103,,,False,120.0,outputs/frozen_2o_baselines/lg_hga_2o/runs/CB1_CAUR_S_CF2_RI2_TI2_R12/seed_746103.json,ace58897292fbc7bbeb51c429ed743ea491f42047edcf449df36874764c2c1a1,outputs/frozen_2o_baselines/lg_hga_2o/manifest.json,True
SOLVER_COMPARISON_RUN,A1.6R_FROZEN_COMPARATOR,LG_HGA_2O,CB1_CAUR_S_CF2_RI2_TI2_R12_C02,instances/controlled/RCIAS-CB1-TRAIN-CAUR-R12R14/r12_caur_fit/CB1_CAUR_S_CF2_RI2_TI2_R12_C02.json,92d8057295dbcbc4b54e91705c109ca5182fb4203fc8d99455311346d6468af6,,,,746101,,,False,126.0,outputs/frozen_2o_baselines/lg_hga_2o/runs/CB1_CAUR_S_CF2_RI2_TI2_R12_C02/seed_746101.json,b9b40ad91b2132afd0d938be17d717339e33d095037165d29f21f99aac4f8cbd,outputs/frozen_2o_baselines/lg_hga_2o/manifest.json,True
SOLVER_COMPARISON_RUN,A1.6R_FROZEN_COMPARATOR,LG_HGA_2O,CB1_CAUR_S_CF2_RI2_TI2_R12_C02,instances/controlled/RCIAS-CB1-TRAIN-CAUR-R12R14/r12_caur_fit/CB1_CAUR_S_CF2_RI2_TI2_R12_C02.json,92d8057295dbcbc4b54e91705c109ca5182fb4203fc8d99455311346d6468af6,,,,746102,,,False,126.0,outputs/frozen_2o_baselines/lg_hga_2o/runs/CB1_CAUR_S_CF2_RI2_TI2_R12_C02/seed_746102.json,b4917ecf63e823b66c237ee567562d02f98dbc4aa91bd656ec800c237d82b4e3,outputs/frozen_2o_baselines/lg_hga_2o/manifest.json,True
SOLVER_COMPARISON_RUN,A1.6R_FROZEN_COMPARATOR,LG_HGA_2O,CB1_CAUR_S_CF2_RI2_TI2_R12_C02,instances/controlled/RCIAS-CB1-TRAIN-CAUR-R12R14/r12_caur_fit/CB1_CAUR_S_CF2_RI2_TI2_R12_C02.json,92d8057295dbcbc4b54e91705c109ca5182fb4203fc8d99455311346d6468af6,,,,746103,,,False,126.0,outputs/frozen_2o_baselines/lg_hga_2o/runs/CB1_CAUR_S_CF2_RI2_TI2_R12_C02/seed_746103.json,cb9d770ef92fcb43a5dd733e1e9775a7e374e30dda38193debf12edf89fc4cee,outputs/frozen_2o_baselines/lg_hga_2o/manifest.json,True
SOLVER_COMPARISON_RUN,A1.6R_FROZEN_COMPARATOR,LG_HGA_2O,CB1_CAUR_S_CF3_RI2_TI2_R12,instances/controlled/RCIAS-CB1-TRAIN-CAUR-R12R14/r12_caur_fit/CB1_CAUR_S_CF3_RI2_TI2_R12.json,3f232d8c25a7545c618b92d20016e072a645edcbe2b6e5247d8ed2da66733eff,,,,746101,,,False,122.0,outputs/frozen_2o_baselines/lg_hga_2o/runs/CB1_CAUR_S_CF3_RI2_TI2_R12/seed_746101.json,a7ff9ebe98fe4045af78569738f364ddf115d0727c59feca5424440d41044e9b,outputs/frozen_2o_baselines/lg_hga_2o/manifest.json,True
SOLVER_COMPARISON_RUN,A1.6R_FROZEN_COMPARATOR,LG_HGA_2O,CB1_CAUR_S_CF3_RI2_TI2_R12,instances/controlled/RCIAS-CB1-TRAIN-CAUR-R12R14/r12_caur_fit/CB1_CAUR_S_CF3_RI2_TI2_R12.json,3f232d8c25a7545c618b92d20016e072a645edcbe2b6e5247d8ed2da66733eff,,,,746102,,,False,122.0,outputs/frozen_2o_baselines/lg_hga_2o/runs/CB1_CAUR_S_CF3_RI2_TI2_R12/seed_746102.json,979550a090e6a597b6f7cc380f774dea71012d0253b206aecd9718826c4a1185,outputs/frozen_2o_baselines/lg_hga_2o/manifest.json,True
SOLVER_COMPARISON_RUN,A1.6R_FROZEN_COMPARATOR,LG_HGA_2O,CB1_CAUR_S_CF3_RI2_TI2_R12,instances/controlled/RCIAS-CB1-TRAIN-CAUR-R12R14/r12_caur_fit/CB1_CAUR_S_CF3_RI2_TI2_R12.json,3f232d8c25a7545c618b92d20016e072a645edcbe2b6e5247d8ed2da66733eff,,,,746103,,,False,122.0,outputs/frozen_2o_baselines/lg_hga_2o/runs/CB1_CAUR_S_CF3_RI2_TI2_R12/seed_746103.json,bbbc38718cbb47d7d6fb4a8498738a1108a79f32faf5485ae996d6dd45880981,outputs/frozen_2o_baselines/lg_hga_2o/manifest.json,True
SOLVER_COMPARISON_RUN,A1.6R_FROZEN_COMPARATOR,LG_HGA_2O,CB1_CAUR_S_CF3_RI2_TI2_R12_C02,instances/controlled/RCIAS-CB1-TRAIN-CAUR-R12R14/r12_caur_fit/CB1_CAUR_S_CF3_RI2_TI2_R12_C02.json,96c10a051fa514f280b12e2f8c0ccf414e920ac4610fe333af1151dc928410d4,,,,746101,,,False,126.0,outputs/frozen_2o_baselines/lg_hga_2o/runs/CB1_CAUR_S_CF3_RI2_TI2_R12_C02/seed_746101.json,b5a611360de8a290388cbc78b5d4b16cb98bc6080ef88a96a1b2687c7b4a46f7,outputs/frozen_2o_baselines/lg_hga_2o/manifest.json,True
SOLVER_COMPARISON_RUN,A1.6R_FROZEN_COMPARATOR,LG_HGA_2O,CB1_CAUR_S_CF3_RI2_TI2_R12_C02,instances/controlled/RCIAS-CB1-TRAIN-CAUR-R12R14/r12_caur_fit/CB1_CAUR_S_CF3_RI2_TI2_R12_C02.json,96c10a051fa514f280b12e2f8c0ccf414e920ac4610fe333af1151dc928410d4,,,,746102,,,False,126.0,outputs/frozen_2o_baselines/lg_hga_2o/runs/CB1_CAUR_S_CF3_RI2_TI2_R12_C02/seed_746102.json,9529a97926bbc02c50c186974db0ff42ffa225fc8a1be260af204c33afbc9d2a,outputs/frozen_2o_baselines/lg_hga_2o/manifest.json,True
SOLVER_COMPARISON_RUN,A1.6R_FROZEN_COMPARATOR,LG_HGA_2O,CB1_CAUR_S_CF3_RI2_TI2_R12_C02,instances/controlled/RCIAS-CB1-TRAIN-CAUR-R12R14/r12_caur_fit/CB1_CAUR_S_CF3_RI2_TI2_R12_C02.json,96c10a051fa514f280b12e2f8c0ccf414e920ac4610fe333af1151dc928410d4,,,,746103,,,False,126.0,outputs/frozen_2o_baselines/lg_hga_2o/runs/CB1_CAUR_S_CF3_RI2_TI2_R12_C02/seed_746103.json,0c9b83b0b02cb6a8e81fd46a208cf51dbc4eaebf6194ab3b7f15417ddde41dea,outputs/frozen_2o_baselines/lg_hga_2o/manifest.json,True
