algorithm,instance_id,seed,scale,CF_level,cell_replicate,budget_fraction,available,incumbent_makespan,normalized_incumbent_over_h1,rpd_v001_percent,decoder_evaluations
ALNS,CB1_CAUR_L_CF1_RI2_TI2_R12,746101,L,CF1,C01,0.1,True,3698.0,0.8330705113764362,7.095279467130032,2409
ALNS,CB1_CAUR_L_CF1_RI2_TI2_R12,746101,L,CF1,C01,0.25,True,3689.0,0.8310430277089434,6.834636547929337,5169
ALNS,CB1_CAUR_L_CF1_RI2_TI2_R12,746101,L,CF1,C01,0.5,True,3640.0,0.8200045055192611,5.41558065450333,10161
ALNS,CB1_CAUR_L_CF1_RI2_TI2_R12,746101,L,CF1,C01,0.75,True,3489.0,0.7859878350979951,1.0425716768027802,17385
ALNS,CB1_CAUR_L_CF1_RI2_TI2_R12,746101,L,CF1,C01,1.0,True,3481.0,0.7841856273935571,0.8108890819577179,24769
ALNS,CB1_CAUR_L_CF1_RI2_TI2_R12,746102,L,CF1,C01,0.1,True,3702.0,0.8339716152286551,7.211120764552563,537
ALNS,CB1_CAUR_L_CF1_RI2_TI2_R12,746102,L,CF1,C01,0.25,True,3617.0,0.814823158369002,4.749493194323777,4113
ALNS,CB1_CAUR_L_CF1_RI2_TI2_R12,746102,L,CF1,C01,0.5,True,3542.0,0.7979274611398963,2.5774688676513176,13985
ALNS,CB1_CAUR_L_CF1_RI2_TI2_R12,746102,L,CF1,C01,0.75,True,3542.0,0.7979274611398963,2.5774688676513176,13985
ALNS,CB1_CAUR_L_CF1_RI2_TI2_R12,746102,L,CF1,C01,1.0,True,3542.0,0.7979274611398963,2.5774688676513176,13985
ALNS,CB1_CAUR_L_CF1_RI2_TI2_R12,746103,L,CF1,C01,0.1,True,3603.0,0.8116692948862356,4.344048653344918,729
ALNS,CB1_CAUR_L_CF1_RI2_TI2_R12,746103,L,CF1,C01,0.25,True,3603.0,0.8116692948862356,4.344048653344918,729
ALNS,CB1_CAUR_L_CF1_RI2_TI2_R12,746103,L,CF1,C01,0.5,True,3509.0,0.7904933543590899,1.6217781639154358,9825
ALNS,CB1_CAUR_L_CF1_RI2_TI2_R12,746103,L,CF1,C01,0.75,True,3470.0,0.781707591799955,0.4923255140457573,15129
ALNS,CB1_CAUR_L_CF1_RI2_TI2_R12,746103,L,CF1,C01,1.0,True,3470.0,0.781707591799955,0.4923255140457573,15129
ALNS,CB1_CAUR_L_CF1_RI2_TI2_R12_C02,746101,L,CF1,C02,0.1,True,4005.0,0.8548559231590181,7.951482479784366,2345
ALNS,CB1_CAUR_L_CF1_RI2_TI2_R12_C02,746101,L,CF1,C02,0.25,True,3819.0,0.8151547491995731,2.9380053908355794,5553
ALNS,CB1_CAUR_L_CF1_RI2_TI2_R12_C02,746101,L,CF1,C02,0.5,True,3710.0,0.791889007470651,0.0,12305
ALNS,CB1_CAUR_L_CF1_RI2_TI2_R12_C02,746101,L,CF1,C02,0.75,True,3710.0,0.791889007470651,0.0,12305
ALNS,CB1_CAUR_L_CF1_RI2_TI2_R12_C02,746101,L,CF1,C02,1.0,True,3710.0,0.791889007470651,0.0,12305
ALNS,CB1_CAUR_L_CF1_RI2_TI2_R12_C02,746102,L,CF1,C02,0.1,True,3907.0,0.8339381003201708,5.309973045822103,2801
ALNS,CB1_CAUR_L_CF1_RI2_TI2_R12_C02,746102,L,CF1,C02,0.25,True,3778.0,0.8064034151547492,1.8328840970350404,6665
ALNS,CB1_CAUR_L_CF1_RI2_TI2_R12_C02,746102,L,CF1,C02,0.5,True,3778.0,0.8064034151547492,1.8328840970350404,6665
ALNS,CB1_CAUR_L_CF1_RI2_TI2_R12_C02,746102,L,CF1,C02,0.75,True,3778.0,0.8064034151547492,1.8328840970350404,6665
ALNS,CB1_CAUR_L_CF1_RI2_TI2_R12_C02,746102,L,CF1,C02,1.0,True,3778.0,0.8064034151547492,1.8328840970350404,6665
ALNS,CB1_CAUR_L_CF1_RI2_TI2_R12_C02,746103,L,CF1,C02,0.1,True,3816.0,0.8145144076840982,2.857142857142857,2657
ALNS,CB1_CAUR_L_CF1_RI2_TI2_R12_C02,746103,L,CF1,C02,0.25,True,3777.0,0.8061899679829242,1.8059299191374663,6505
ALNS,CB1_CAUR_L_CF1_RI2_TI2_R12_C02,746103,L,CF1,C02,0.5,True,3777.0,0.8061899679829242,1.8059299191374663,6505
ALNS,CB1_CAUR_L_CF1_RI2_TI2_R12_C02,746103,L,CF1,C02,0.75,True,3772.0,0.8051227321237994,1.6711590296495957,19241
ALNS,CB1_CAUR_L_CF1_RI2_TI2_R12_C02,746103,L,CF1,C02,1.0,True,3759.0,0.8023479188900747,1.320754716981132,25841
ALNS,CB1_CAUR_L_CF2_RI2_TI2_R12,746101,L,CF2,C01,0.1,True,4572.0,0.9762972453555413,9.745559289486318,9
ALNS,CB1_CAUR_L_CF2_RI2_TI2_R12,746101,L,CF2,C01,0.25,True,4385.0,0.936365577621183,5.256841094575132,5881
ALNS,CB1_CAUR_L_CF2_RI2_TI2_R12,746101,L,CF2,C01,0.5,True,4295.0,0.9171471279094597,3.0964954392702833,10577
ALNS,CB1_CAUR_L_CF2_RI2_TI2_R12,746101,L,CF2,C01,0.75,True,4295.0,0.9171471279094597,3.0964954392702833,10577
ALNS,CB1_CAUR_L_CF2_RI2_TI2_R12,746101,L,CF2,C01,1.0,True,4295.0,0.9171471279094597,3.0964954392702833,10577
ALNS,CB1_CAUR_L_CF2_RI2_TI2_R12,746102,L,CF2,C01,0.1,True,4530.0,0.9673286354900704,8.737397983677388,33
ALNS,CB1_CAUR_L_CF2_RI2_TI2_R12,746102,L,CF2,C01,0.25,True,4382.0,0.9357249626307922,5.184829572731637,6289
ALNS,CB1_CAUR_L_CF2_RI2_TI2_R12,746102,L,CF2,C01,0.5,True,4382.0,0.9357249626307922,5.184829572731637,6289
ALNS,CB1_CAUR_L_CF2_RI2_TI2_R12,746102,L,CF2,C01,0.75,True,4370.0,0.9331625026692292,4.896783485357657,16521
ALNS,CB1_CAUR_L_CF2_RI2_TI2_R12,746102,L,CF2,C01,1.0,True,4370.0,0.9331625026692292,4.896783485357657,16521
ALNS,CB1_CAUR_L_CF2_RI2_TI2_R12,746103,L,CF2,C01,0.1,True,4596.0,0.9814221652786675,10.321651464234277,1361
ALNS,CB1_CAUR_L_CF2_RI2_TI2_R12,746103,L,CF2,C01,0.25,True,4596.0,0.9814221652786675,10.321651464234277,1361
ALNS,CB1_CAUR_L_CF2_RI2_TI2_R12,746103,L,CF2,C01,0.5,True,4522.0,0.9656203288490284,8.545367258761402,12337
ALNS,CB1_CAUR_L_CF2_RI2_TI2_R12,746103,L,CF2,C01,0.75,True,4426.0,0.9451206491565236,6.240998559769563,19705
ALNS,CB1_CAUR_L_CF2_RI2_TI2_R12,746103,L,CF2,C01,1.0,True,4395.0,0.9385009609224856,5.496879500720115,22641
ALNS,CB1_CAUR_L_CF2_RI2_TI2_R12_C02,746101,L,CF2,C02,0.1,True,4203.0,1.0,6.21683093252464,1
ALNS,CB1_CAUR_L_CF2_RI2_TI2_R12_C02,746101,L,CF2,C02,0.25,True,4203.0,1.0,6.21683093252464,1
ALNS,CB1_CAUR_L_CF2_RI2_TI2_R12_C02,746101,L,CF2,C02,0.5,True,4203.0,1.0,6.21683093252464,1
ALNS,CB1_CAUR_L_CF2_RI2_TI2_R12_C02,746101,L,CF2,C02,0.75,True,4203.0,1.0,6.21683093252464,1
ALNS,CB1_CAUR_L_CF2_RI2_TI2_R12_C02,746101,L,CF2,C02,1.0,True,4203.0,1.0,6.21683093252464,1
ALNS,CB1_CAUR_L_CF2_RI2_TI2_R12_C02,746102,L,CF2,C02,0.1,True,4096.0,0.9745419938139425,3.5127621935809956,9
ALNS,CB1_CAUR_L_CF2_RI2_TI2_R12_C02,746102,L,CF2,C02,0.25,True,4096.0,0.9745419938139425,3.5127621935809956,9
ALNS,CB1_CAUR_L_CF2_RI2_TI2_R12_C02,746102,L,CF2,C02,0.5,True,4096.0,0.9745419938139425,3.5127621935809956,9
ALNS,CB1_CAUR_L_CF2_RI2_TI2_R12_C02,746102,L,CF2,C02,0.75,True,4096.0,0.9745419938139425,3.5127621935809956,9
ALNS,CB1_CAUR_L_CF2_RI2_TI2_R12_C02,746102,L,CF2,C02,1.0,True,4096.0,0.9745419938139425,3.5127621935809956,9
ALNS,CB1_CAUR_L_CF2_RI2_TI2_R12_C02,746103,L,CF2,C02,0.1,True,4119.0,0.9800142755174875,4.094010614101592,33
ALNS,CB1_CAUR_L_CF2_RI2_TI2_R12_C02,746103,L,CF2,C02,0.25,True,4119.0,0.9800142755174875,4.094010614101592,33
ALNS,CB1_CAUR_L_CF2_RI2_TI2_R12_C02,746103,L,CF2,C02,0.5,True,4119.0,0.9800142755174875,4.094010614101592,33
ALNS,CB1_CAUR_L_CF2_RI2_TI2_R12_C02,746103,L,CF2,C02,0.75,True,4119.0,0.9800142755174875,4.094010614101592,33
ALNS,CB1_CAUR_L_CF2_RI2_TI2_R12_C02,746103,L,CF2,C02,1.0,True,4119.0,0.9800142755174875,4.094010614101592,33
ALNS,CB1_CAUR_L_CF3_RI2_TI2_R12,746101,L,CF3,C01,0.1,True,4462.0,0.9852064473393685,7.647768395657419,9
ALNS,CB1_CAUR_L_CF3_RI2_TI2_R12,746101,L,CF3,C01,0.25,True,4462.0,0.9852064473393685,7.647768395657419,9
ALNS,CB1_CAUR_L_CF3_RI2_TI2_R12,746101,L,CF3,C01,0.5,True,4462.0,0.9852064473393685,7.647768395657419,9
ALNS,CB1_CAUR_L_CF3_RI2_TI2_R12,746101,L,CF3,C01,0.75,True,4462.0,0.9852064473393685,7.647768395657419,9
ALNS,CB1_CAUR_L_CF3_RI2_TI2_R12,746101,L,CF3,C01,1.0,True,4391.0,0.969529697504968,5.934861278648975,26633
ALNS,CB1_CAUR_L_CF3_RI2_TI2_R12,746102,L,CF3,C01,0.1,True,4162.0,0.9189666593066902,0.4101326899879373,17
ALNS,CB1_CAUR_L_CF3_RI2_TI2_R12,746102,L,CF3,C01,0.25,True,4162.0,0.9189666593066902,0.4101326899879373,17
ALNS,CB1_CAUR_L_CF3_RI2_TI2_R12,746102,L,CF3,C01,0.5,True,4162.0,0.9189666593066902,0.4101326899879373,17
ALNS,CB1_CAUR_L_CF3_RI2_TI2_R12,746102,L,CF3,C01,0.75,True,4162.0,0.9189666593066902,0.4101326899879373,17
ALNS,CB1_CAUR_L_CF3_RI2_TI2_R12,746102,L,CF3,C01,1.0,True,4162.0,0.9189666593066902,0.4101326899879373,17
ALNS,CB1_CAUR_L_CF3_RI2_TI2_R12,746103,L,CF3,C01,0.1,True,4376.0,0.9662177081033341,5.572979493365501,41
ALNS,CB1_CAUR_L_CF3_RI2_TI2_R12,746103,L,CF3,C01,0.25,True,4376.0,0.9662177081033341,5.572979493365501,41
ALNS,CB1_CAUR_L_CF3_RI2_TI2_R12,746103,L,CF3,C01,0.5,True,4358.0,0.9622433208213734,5.138721351025332,12497
ALNS,CB1_CAUR_L_CF3_RI2_TI2_R12,746103,L,CF3,C01,0.75,True,4358.0,0.9622433208213734,5.138721351025332,12497
ALNS,CB1_CAUR_L_CF3_RI2_TI2_R12,746103,L,CF3,C01,1.0,True,4358.0,0.9622433208213734,5.138721351025332,12497
ALNS,CB1_CAUR_L_CF3_RI2_TI2_R12_C02,746101,L,CF3,C02,0.1,True,3469.0,1.0,9.08805031446541,1
ALNS,CB1_CAUR_L_CF3_RI2_TI2_R12_C02,746101,L,CF3,C02,0.25,True,3469.0,1.0,9.08805031446541,1
ALNS,CB1_CAUR_L_CF3_RI2_TI2_R12_C02,746101,L,CF3,C02,0.5,True,3469.0,1.0,9.08805031446541,1
ALNS,CB1_CAUR_L_CF3_RI2_TI2_R12_C02,746101,L,CF3,C02,0.75,True,3469.0,1.0,9.08805031446541,1
ALNS,CB1_CAUR_L_CF3_RI2_TI2_R12_C02,746101,L,CF3,C02,1.0,True,3469.0,1.0,9.08805031446541,1
ALNS,CB1_CAUR_L_CF3_RI2_TI2_R12_C02,746102,L,CF3,C02,0.1,True,3469.0,1.0,9.08805031446541,1
ALNS,CB1_CAUR_L_CF3_RI2_TI2_R12_C02,746102,L,CF3,C02,0.25,True,3469.0,1.0,9.08805031446541,1
ALNS,CB1_CAUR_L_CF3_RI2_TI2_R12_C02,746102,L,CF3,C02,0.5,True,3469.0,1.0,9.08805031446541,1
ALNS,CB1_CAUR_L_CF3_RI2_TI2_R12_C02,746102,L,CF3,C02,0.75,True,3469.0,1.0,9.08805031446541,1
ALNS,CB1_CAUR_L_CF3_RI2_TI2_R12_C02,746102,L,CF3,C02,1.0,True,3469.0,1.0,9.08805031446541,1
ALNS,CB1_CAUR_L_CF3_RI2_TI2_R12_C02,746103,L,CF3,C02,0.1,True,3405.0,0.9815508792159123,7.0754716981132075,185
ALNS,CB1_CAUR_L_CF3_RI2_TI2_R12_C02,746103,L,CF3,C02,0.25,True,3405.0,0.9815508792159123,7.0754716981132075,185
ALNS,CB1_CAUR_L_CF3_RI2_TI2_R12_C02,746103,L,CF3,C02,0.5,True,3405.0,0.9815508792159123,7.0754716981132075,185
ALNS,CB1_CAUR_L_CF3_RI2_TI2_R12_C02,746103,L,CF3,C02,0.75,True,3405.0,0.9815508792159123,7.0754716981132075,185
ALNS,CB1_CAUR_L_CF3_RI2_TI2_R12_C02,746103,L,CF3,C02,1.0,True,3405.0,0.9815508792159123,7.0754716981132075,185
ALNS,CB1_CAUR_M_CF1_RI2_TI2_R12,746101,M,CF1,C01,0.1,True,2949.0,1.0,7.510025519504192,1
ALNS,CB1_CAUR_M_CF1_RI2_TI2_R12,746101,M,CF1,C01,0.25,True,2938.0,0.9962699220074601,7.109004739336493,4881
ALNS,CB1_CAUR_M_CF1_RI2_TI2_R12,746101,M,CF1,C01,0.5,True,2938.0,0.9962699220074601,7.109004739336493,4881
ALNS,CB1_CAUR_M_CF1_RI2_TI2_R12,746101,M,CF1,C01,0.75,True,2938.0,0.9962699220074601,7.109004739336493,4881
ALNS,CB1_CAUR_M_CF1_RI2_TI2_R12,746101,M,CF1,C01,1.0,True,2938.0,0.9962699220074601,7.109004739336493,4881
ALNS,CB1_CAUR_M_CF1_RI2_TI2_R12,746102,M,CF1,C01,0.1,True,2949.0,1.0,7.510025519504192,1
ALNS,CB1_CAUR_M_CF1_RI2_TI2_R12,746102,M,CF1,C01,0.25,True,2936.0,0.9955917260088165,7.036091870215093,3969
ALNS,CB1_CAUR_M_CF1_RI2_TI2_R12,746102,M,CF1,C01,0.5,True,2936.0,0.9955917260088165,7.036091870215093,3969
ALNS,CB1_CAUR_M_CF1_RI2_TI2_R12,746102,M,CF1,C01,0.75,True,2936.0,0.9955917260088165,7.036091870215093,3969
ALNS,CB1_CAUR_M_CF1_RI2_TI2_R12,746102,M,CF1,C01,1.0,True,2936.0,0.9955917260088165,7.036091870215093,3969
ALNS,CB1_CAUR_M_CF1_RI2_TI2_R12,746103,M,CF1,C01,0.1,True,2949.0,1.0,7.510025519504192,1
ALNS,CB1_CAUR_M_CF1_RI2_TI2_R12,746103,M,CF1,C01,0.25,True,2949.0,1.0,7.510025519504192,1
ALNS,CB1_CAUR_M_CF1_RI2_TI2_R12,746103,M,CF1,C01,0.5,True,2949.0,1.0,7.510025519504192,1
ALNS,CB1_CAUR_M_CF1_RI2_TI2_R12,746103,M,CF1,C01,0.75,True,2949.0,1.0,7.510025519504192,1
ALNS,CB1_CAUR_M_CF1_RI2_TI2_R12,746103,M,CF1,C01,1.0,True,2949.0,1.0,7.510025519504192,1
ALNS,CB1_CAUR_M_CF1_RI2_TI2_R12_C02,746101,M,CF1,C02,0.1,True,3040.0,0.9220503488019411,9.668109668109668,3537
ALNS,CB1_CAUR_M_CF1_RI2_TI2_R12_C02,746101,M,CF1,C02,0.25,True,2875.0,0.8720048528965726,3.7157287157287158,7673
ALNS,CB1_CAUR_M_CF1_RI2_TI2_R12_C02,746101,M,CF1,C02,0.5,True,2810.0,0.8522899605702153,1.3708513708513708,16233
ALNS,CB1_CAUR_M_CF1_RI2_TI2_R12_C02,746101,M,CF1,C02,0.75,True,2810.0,0.8522899605702153,1.3708513708513708,16233
ALNS,CB1_CAUR_M_CF1_RI2_TI2_R12_C02,746101,M,CF1,C02,1.0,True,2810.0,0.8522899605702153,1.3708513708513708,16233
ALNS,CB1_CAUR_M_CF1_RI2_TI2_R12_C02,746102,M,CF1,C02,0.1,True,2932.0,0.8892932969366091,5.772005772005772,3201
ALNS,CB1_CAUR_M_CF1_RI2_TI2_R12_C02,746102,M,CF1,C02,0.25,True,2880.0,0.8735213830755232,3.896103896103896,9113
ALNS,CB1_CAUR_M_CF1_RI2_TI2_R12_C02,746102,M,CF1,C02,0.5,True,2821.0,0.8556263269639066,1.7676767676767677,12265
ALNS,CB1_CAUR_M_CF1_RI2_TI2_R12_C02,746102,M,CF1,C02,0.75,True,2821.0,0.8556263269639066,1.7676767676767677,12265
ALNS,CB1_CAUR_M_CF1_RI2_TI2_R12_C02,746102,M,CF1,C02,1.0,True,2821.0,0.8556263269639066,1.7676767676767677,12265
ALNS,CB1_CAUR_M_CF1_RI2_TI2_R12_C02,746103,M,CF1,C02,0.1,True,2959.0,0.8974825599029421,6.746031746031746,2385
ALNS,CB1_CAUR_M_CF1_RI2_TI2_R12_C02,746103,M,CF1,C02,0.25,True,2935.0,0.8902032150439794,5.88023088023088,7993
ALNS,CB1_CAUR_M_CF1_RI2_TI2_R12_C02,746103,M,CF1,C02,0.5,True,2834.0,0.8595693054291781,2.236652236652237,15521
ALNS,CB1_CAUR_M_CF1_RI2_TI2_R12_C02,746103,M,CF1,C02,0.75,True,2830.0,0.8583560812860176,2.092352092352092,26673
ALNS,CB1_CAUR_M_CF1_RI2_TI2_R12_C02,746103,M,CF1,C02,1.0,True,2799.0,0.8489535941765242,0.974025974025974,32985
ALNS,CB1_CAUR_M_CF2_RI2_TI2_R12,746101,M,CF2,C01,0.1,True,3093.0,0.9831532104259377,11.179007907979871,9
ALNS,CB1_CAUR_M_CF2_RI2_TI2_R12,746101,M,CF2,C01,0.25,True,2980.0,0.94723458359822,7.1171818835370235,8481
ALNS,CB1_CAUR_M_CF2_RI2_TI2_R12,746101,M,CF2,C01,0.5,True,2965.0,0.9424666242848061,6.578001437814522,12881
ALNS,CB1_CAUR_M_CF2_RI2_TI2_R12,746101,M,CF2,C01,0.75,True,2965.0,0.9424666242848061,6.578001437814522,12881
ALNS,CB1_CAUR_M_CF2_RI2_TI2_R12,746101,M,CF2,C01,1.0,True,2965.0,0.9424666242848061,6.578001437814522,12881
ALNS,CB1_CAUR_M_CF2_RI2_TI2_R12,746102,M,CF2,C01,0.1,True,3036.0,0.965034965034965,9.130122214234364,9
ALNS,CB1_CAUR_M_CF2_RI2_TI2_R12,746102,M,CF2,C01,0.25,True,3036.0,0.965034965034965,9.130122214234364,9
ALNS,CB1_CAUR_M_CF2_RI2_TI2_R12,746102,M,CF2,C01,0.5,True,2909.0,0.924666242848061,4.565061107117182,18161
ALNS,CB1_CAUR_M_CF2_RI2_TI2_R12,746102,M,CF2,C01,0.75,True,2890.0,0.9186268277177368,3.882099209202013,18865
ALNS,CB1_CAUR_M_CF2_RI2_TI2_R12,746102,M,CF2,C01,1.0,True,2854.0,0.9071837253655436,2.5880661394680087,30921
ALNS,CB1_CAUR_M_CF2_RI2_TI2_R12,746103,M,CF2,C01,0.1,True,3119.0,0.9914176732358551,12.113587347232206,2625
ALNS,CB1_CAUR_M_CF2_RI2_TI2_R12,746103,M,CF2,C01,0.25,True,3030.0,0.9631277813095995,8.914450035945363,6969
ALNS,CB1_CAUR_M_CF2_RI2_TI2_R12,746103,M,CF2,C01,0.5,True,3019.0,0.959631277813096,8.519051042415528,14825
ALNS,CB1_CAUR_M_CF2_RI2_TI2_R12,746103,M,CF2,C01,0.75,True,2970.0,0.9440559440559441,6.7577282530553555,26889
ALNS,CB1_CAUR_M_CF2_RI2_TI2_R12,746103,M,CF2,C01,1.0,True,2970.0,0.9440559440559441,6.7577282530553555,26889
ALNS,CB1_CAUR_M_CF2_RI2_TI2_R12_C02,746101,M,CF2,C02,0.1,True,3879.0,0.9788039364118092,6.041552761071624,2257
ALNS,CB1_CAUR_M_CF2_RI2_TI2_R12_C02,746101,M,CF2,C02,0.25,True,3797.0,0.9581125410042897,3.799890650628759,7353
ALNS,CB1_CAUR_M_CF2_RI2_TI2_R12_C02,746101,M,CF2,C02,0.5,True,3792.0,0.9568508705526116,3.6632039365773648,15345
ALNS,CB1_CAUR_M_CF2_RI2_TI2_R12_C02,746101,M,CF2,C02,0.75,True,3778.0,0.9533181932879132,3.280481137233461,24857
ALNS,CB1_CAUR_M_CF2_RI2_TI2_R12_C02,746101,M,CF2,C02,1.0,True,3726.0,0.9401968205904617,1.8589393110989612,35641
ALNS,CB1_CAUR_M_CF2_RI2_TI2_R12_C02,746102,M,CF2,C02,0.1,True,3906.0,0.9856169568508706,6.779661016949152,2969
ALNS,CB1_CAUR_M_CF2_RI2_TI2_R12_C02,746102,M,CF2,C02,0.25,True,3730.0,0.9412061569518042,1.9682886823400765,7161
ALNS,CB1_CAUR_M_CF2_RI2_TI2_R12_C02,746102,M,CF2,C02,0.5,True,3730.0,0.9412061569518042,1.9682886823400765,7161
ALNS,CB1_CAUR_M_CF2_RI2_TI2_R12_C02,746102,M,CF2,C02,0.75,True,3687.0,0.9303557910673732,0.7927829414980864,19825
ALNS,CB1_CAUR_M_CF2_RI2_TI2_R12_C02,746102,M,CF2,C02,1.0,True,3687.0,0.9303557910673732,0.7927829414980864,19825
ALNS,CB1_CAUR_M_CF2_RI2_TI2_R12_C02,746103,M,CF2,C02,0.1,True,3897.0,0.9833459500378501,6.533624931656643,81
ALNS,CB1_CAUR_M_CF2_RI2_TI2_R12_C02,746103,M,CF2,C02,0.25,True,3897.0,0.9833459500378501,6.533624931656643,81
ALNS,CB1_CAUR_M_CF2_RI2_TI2_R12_C02,746103,M,CF2,C02,0.5,True,3796.0,0.9578602069139541,3.77255330781848,17569
ALNS,CB1_CAUR_M_CF2_RI2_TI2_R12_C02,746103,M,CF2,C02,0.75,True,3774.0,0.9523088569265707,3.1711317659923455,20737
ALNS,CB1_CAUR_M_CF2_RI2_TI2_R12_C02,746103,M,CF2,C02,1.0,True,3774.0,0.9523088569265707,3.1711317659923455,20737
ALNS,CB1_CAUR_M_CF3_RI2_TI2_R12,746101,M,CF3,C01,0.1,True,2858.0,1.0,8.298597953770367,1
ALNS,CB1_CAUR_M_CF3_RI2_TI2_R12,746101,M,CF3,C01,0.25,True,2858.0,1.0,8.298597953770367,1
ALNS,CB1_CAUR_M_CF3_RI2_TI2_R12,746101,M,CF3,C01,0.5,True,2858.0,1.0,8.298597953770367,1
ALNS,CB1_CAUR_M_CF3_RI2_TI2_R12,746101,M,CF3,C01,0.75,True,2858.0,1.0,8.298597953770367,1
ALNS,CB1_CAUR_M_CF3_RI2_TI2_R12,746101,M,CF3,C01,1.0,True,2858.0,1.0,8.298597953770367,1
ALNS,CB1_CAUR_M_CF3_RI2_TI2_R12,746102,M,CF3,C01,0.1,True,2858.0,1.0,8.298597953770367,1
ALNS,CB1_CAUR_M_CF3_RI2_TI2_R12,746102,M,CF3,C01,0.25,True,2858.0,1.0,8.298597953770367,1
ALNS,CB1_CAUR_M_CF3_RI2_TI2_R12,746102,M,CF3,C01,0.5,True,2858.0,1.0,8.298597953770367,1
ALNS,CB1_CAUR_M_CF3_RI2_TI2_R12,746102,M,CF3,C01,0.75,True,2858.0,1.0,8.298597953770367,1
ALNS,CB1_CAUR_M_CF3_RI2_TI2_R12,746102,M,CF3,C01,1.0,True,2809.0,0.9828551434569629,6.441834028040924,37193
ALNS,CB1_CAUR_M_CF3_RI2_TI2_R12,746103,M,CF3,C01,0.1,True,2858.0,1.0,8.298597953770367,1
ALNS,CB1_CAUR_M_CF3_RI2_TI2_R12,746103,M,CF3,C01,0.25,True,2858.0,1.0,8.298597953770367,1
ALNS,CB1_CAUR_M_CF3_RI2_TI2_R12,746103,M,CF3,C01,0.5,True,2858.0,1.0,8.298597953770367,1
ALNS,CB1_CAUR_M_CF3_RI2_TI2_R12,746103,M,CF3,C01,0.75,True,2858.0,1.0,8.298597953770367,1
ALNS,CB1_CAUR_M_CF3_RI2_TI2_R12,746103,M,CF3,C01,1.0,True,2858.0,1.0,8.298597953770367,1
ALNS,CB1_CAUR_M_CF3_RI2_TI2_R12_C02,746101,M,CF3,C02,0.1,True,3277.0,0.998172403289674,12.149212867898699,9
ALNS,CB1_CAUR_M_CF3_RI2_TI2_R12_C02,746101,M,CF3,C02,0.25,True,3277.0,0.998172403289674,12.149212867898699,9
ALNS,CB1_CAUR_M_CF3_RI2_TI2_R12_C02,746101,M,CF3,C02,0.5,True,3242.0,0.9875114224794396,10.951403148528405,18297
ALNS,CB1_CAUR_M_CF3_RI2_TI2_R12_C02,746101,M,CF3,C02,0.75,True,3242.0,0.9875114224794396,10.951403148528405,18297
ALNS,CB1_CAUR_M_CF3_RI2_TI2_R12_C02,746101,M,CF3,C02,1.0,True,3242.0,0.9875114224794396,10.951403148528405,18297
ALNS,CB1_CAUR_M_CF3_RI2_TI2_R12_C02,746102,M,CF3,C02,0.1,True,3204.0,0.9759366433140421,9.650924024640657,9
ALNS,CB1_CAUR_M_CF3_RI2_TI2_R12_C02,746102,M,CF3,C02,0.25,True,3204.0,0.9759366433140421,9.650924024640657,9
ALNS,CB1_CAUR_M_CF3_RI2_TI2_R12_C02,746102,M,CF3,C02,0.5,True,3204.0,0.9759366433140421,9.650924024640657,9
ALNS,CB1_CAUR_M_CF3_RI2_TI2_R12_C02,746102,M,CF3,C02,0.75,True,3204.0,0.9759366433140421,9.650924024640657,9
ALNS,CB1_CAUR_M_CF3_RI2_TI2_R12_C02,746102,M,CF3,C02,1.0,True,3204.0,0.9759366433140421,9.650924024640657,9
ALNS,CB1_CAUR_M_CF3_RI2_TI2_R12_C02,746103,M,CF3,C02,0.1,True,3247.0,0.9890344197380445,11.122518822724162,57
ALNS,CB1_CAUR_M_CF3_RI2_TI2_R12_C02,746103,M,CF3,C02,0.25,True,3193.0,0.9725860493451112,9.274469541409994,5937
ALNS,CB1_CAUR_M_CF3_RI2_TI2_R12_C02,746103,M,CF3,C02,0.5,True,3167.0,0.9646664636003656,8.38466803559206,13993
ALNS,CB1_CAUR_M_CF3_RI2_TI2_R12_C02,746103,M,CF3,C02,0.75,True,3167.0,0.9646664636003656,8.38466803559206,13993
ALNS,CB1_CAUR_M_CF3_RI2_TI2_R12_C02,746103,M,CF3,C02,1.0,True,3167.0,0.9646664636003656,8.38466803559206,13993
ALNS,CB1_CAUR_S_CF1_RI2_TI2_R12,746101,S,CF1,C01,0.1,True,1811.0,0.9821041214750542,10.091185410334347,1873
ALNS,CB1_CAUR_S_CF1_RI2_TI2_R12,746101,S,CF1,C01,0.25,True,1700.0,0.9219088937093276,3.3434650455927053,13713
ALNS,CB1_CAUR_S_CF1_RI2_TI2_R12,746101,S,CF1,C01,0.5,True,1674.0,0.9078091106290672,1.762917933130699,19793
ALNS,CB1_CAUR_S_CF1_RI2_TI2_R12,746101,S,CF1,C01,0.75,True,1657.0,0.898590021691974,0.729483282674772,33617
ALNS,CB1_CAUR_S_CF1_RI2_TI2_R12,746101,S,CF1,C01,1.0,True,1657.0,0.898590021691974,0.729483282674772,33617
ALNS,CB1_CAUR_S_CF1_RI2_TI2_R12,746102,S,CF1,C01,0.1,True,1767.0,0.9582429501084598,7.416413373860182,2969
ALNS,CB1_CAUR_S_CF1_RI2_TI2_R12,746102,S,CF1,C01,0.25,True,1753.0,0.9506507592190889,6.565349544072948,12729
ALNS,CB1_CAUR_S_CF1_RI2_TI2_R12,746102,S,CF1,C01,0.5,True,1700.0,0.9219088937093276,3.3434650455927053,27609
ALNS,CB1_CAUR_S_CF1_RI2_TI2_R12,746102,S,CF1,C01,0.75,True,1677.0,0.9094360086767896,1.9452887537993921,37425
ALNS,CB1_CAUR_S_CF1_RI2_TI2_R12,746102,S,CF1,C01,1.0,True,1677.0,0.9094360086767896,1.9452887537993921,37425
ALNS,CB1_CAUR_S_CF1_RI2_TI2_R12,746103,S,CF1,C01,0.1,True,1810.0,0.9815618221258134,10.030395136778116,2401
ALNS,CB1_CAUR_S_CF1_RI2_TI2_R12,746103,S,CF1,C01,0.25,True,1803.0,0.9777657266811279,9.604863221884498,10681
ALNS,CB1_CAUR_S_CF1_RI2_TI2_R12,746103,S,CF1,C01,0.5,True,1733.0,0.9398047722342733,5.349544072948328,18961
ALNS,CB1_CAUR_S_CF1_RI2_TI2_R12,746103,S,CF1,C01,0.75,True,1728.0,0.9370932754880694,5.045592705167174,30913
ALNS,CB1_CAUR_S_CF1_RI2_TI2_R12,746103,S,CF1,C01,1.0,True,1718.0,0.9316702819956616,4.437689969604863,52113
ALNS,CB1_CAUR_S_CF1_RI2_TI2_R12_C02,746101,S,CF1,C02,0.1,True,1932.0,0.9958762886597938,8.356702187324734,2913
ALNS,CB1_CAUR_S_CF1_RI2_TI2_R12_C02,746101,S,CF1,C02,0.25,True,1834.0,0.945360824742268,2.860347728547392,11017
ALNS,CB1_CAUR_S_CF1_RI2_TI2_R12_C02,746101,S,CF1,C02,0.5,True,1807.0,0.9314432989690722,1.346045989904655,22729
ALNS,CB1_CAUR_S_CF1_RI2_TI2_R12_C02,746101,S,CF1,C02,0.75,True,1807.0,0.9314432989690722,1.346045989904655,22729
ALNS,CB1_CAUR_S_CF1_RI2_TI2_R12_C02,746101,S,CF1,C02,1.0,True,1807.0,0.9314432989690722,1.346045989904655,22729
ALNS,CB1_CAUR_S_CF1_RI2_TI2_R12_C02,746102,S,CF1,C02,0.1,True,1921.0,0.9902061855670103,7.739764441951767,5569
ALNS,CB1_CAUR_S_CF1_RI2_TI2_R12_C02,746102,S,CF1,C02,0.25,True,1868.0,0.9628865979381444,4.767246214245653,10169
ALNS,CB1_CAUR_S_CF1_RI2_TI2_R12_C02,746102,S,CF1,C02,0.5,True,1852.0,0.954639175257732,3.8698822209758834,19113
ALNS,CB1_CAUR_S_CF1_RI2_TI2_R12_C02,746102,S,CF1,C02,0.75,True,1832.0,0.9443298969072165,2.748177229388671,34529
ALNS,CB1_CAUR_S_CF1_RI2_TI2_R12_C02,746102,S,CF1,C02,1.0,True,1823.0,0.9396907216494845,2.243409983174425,49329
ALNS,CB1_CAUR_S_CF1_RI2_TI2_R12_C02,746103,S,CF1,C02,0.1,True,1936.0,0.9979381443298969,8.581043185642176,33
ALNS,CB1_CAUR_S_CF1_RI2_TI2_R12_C02,746103,S,CF1,C02,0.25,True,1858.0,0.9577319587628866,4.2063937184520475,10209
ALNS,CB1_CAUR_S_CF1_RI2_TI2_R12_C02,746103,S,CF1,C02,0.5,True,1833.0,0.9448453608247422,2.8042624789680315,27305
ALNS,CB1_CAUR_S_CF1_RI2_TI2_R12_C02,746103,S,CF1,C02,0.75,True,1795.0,0.9252577319587629,0.6730229949523275,41225
ALNS,CB1_CAUR_S_CF1_RI2_TI2_R12_C02,746103,S,CF1,C02,1.0,True,1783.0,0.9190721649484536,0.0,45297
ALNS,CB1_CAUR_S_CF2_RI2_TI2_R12,746101,S,CF2,C01,0.1,True,1776.0,0.9477054429028815,11.838790931989925,4993
ALNS,CB1_CAUR_S_CF2_RI2_TI2_R12,746101,S,CF2,C01,0.25,True,1744.0,0.9306296691568837,9.82367758186398,5577
ALNS,CB1_CAUR_S_CF2_RI2_TI2_R12,746101,S,CF2,C01,0.5,True,1734.0,0.9252934898612594,9.193954659949622,27641
ALNS,CB1_CAUR_S_CF2_RI2_TI2_R12,746101,S,CF2,C01,0.75,True,1592.0,0.8495197438633938,0.2518891687657431,40377
ALNS,CB1_CAUR_S_CF2_RI2_TI2_R12,746101,S,CF2,C01,1.0,True,1588.0,0.847385272145144,0.0,52753
ALNS,CB1_CAUR_S_CF2_RI2_TI2_R12,746102,S,CF2,C01,0.1,True,1718.0,0.9167556029882604,8.18639798488665,4937
ALNS,CB1_CAUR_S_CF2_RI2_TI2_R12,746102,S,CF2,C01,0.25,True,1718.0,0.9167556029882604,8.18639798488665,4937
ALNS,CB1_CAUR_S_CF2_RI2_TI2_R12,746102,S,CF2,C01,0.5,True,1672.0,0.8922091782283885,5.289672544080605,26097
ALNS,CB1_CAUR_S_CF2_RI2_TI2_R12,746102,S,CF2,C01,0.75,True,1645.0,0.8778014941302028,3.5894206549118386,32753
ALNS,CB1_CAUR_S_CF2_RI2_TI2_R12,746102,S,CF2,C01,1.0,True,1618.0,0.8633938100320171,1.8891687657430731,48113
ALNS,CB1_CAUR_S_CF2_RI2_TI2_R12,746103,S,CF2,C01,0.1,True,1698.0,0.9060832443970117,6.926952141057934,4249
ALNS,CB1_CAUR_S_CF2_RI2_TI2_R12,746103,S,CF2,C01,0.25,True,1679.0,0.8959445037353255,5.730478589420655,8761
ALNS,CB1_CAUR_S_CF2_RI2_TI2_R12,746103,S,CF2,C01,0.5,True,1679.0,0.8959445037353255,5.730478589420655,8761
ALNS,CB1_CAUR_S_CF2_RI2_TI2_R12,746103,S,CF2,C01,0.75,True,1679.0,0.8959445037353255,5.730478589420655,8761
ALNS,CB1_CAUR_S_CF2_RI2_TI2_R12,746103,S,CF2,C01,1.0,True,1675.0,0.8938100320170758,5.478589420654912,47561
ALNS,CB1_CAUR_S_CF2_RI2_TI2_R12_C02,746101,S,CF2,C02,0.1,True,2077.0,0.9811053377420879,10.24416135881104,1593
ALNS,CB1_CAUR_S_CF2_RI2_TI2_R12_C02,746101,S,CF2,C02,0.25,True,2077.0,0.9811053377420879,10.24416135881104,1593
ALNS,CB1_CAUR_S_CF2_RI2_TI2_R12_C02,746101,S,CF2,C02,0.5,True,2077.0,0.9811053377420879,10.24416135881104,1593
ALNS,CB1_CAUR_S_CF2_RI2_TI2_R12_C02,746101,S,CF2,C02,0.75,True,2053.0,0.9697685403873406,8.970276008492569,40185
ALNS,CB1_CAUR_S_CF2_RI2_TI2_R12_C02,746101,S,CF2,C02,1.0,True,2011.0,0.9499291450165328,6.740976645435244,52433
ALNS,CB1_CAUR_S_CF2_RI2_TI2_R12_C02,746102,S,CF2,C02,0.1,True,2012.0,0.9504015115729806,6.794055201698514,5329
ALNS,CB1_CAUR_S_CF2_RI2_TI2_R12_C02,746102,S,CF2,C02,0.25,True,1987.0,0.9385923476617856,5.467091295116773,9881
ALNS,CB1_CAUR_S_CF2_RI2_TI2_R12_C02,746102,S,CF2,C02,0.5,True,1974.0,0.9324515824279641,4.777070063694268,24993
ALNS,CB1_CAUR_S_CF2_RI2_TI2_R12_C02,746102,S,CF2,C02,0.75,True,1974.0,0.9324515824279641,4.777070063694268,24993
ALNS,CB1_CAUR_S_CF2_RI2_TI2_R12_C02,746102,S,CF2,C02,1.0,True,1974.0,0.9324515824279641,4.777070063694268,24993
ALNS,CB1_CAUR_S_CF2_RI2_TI2_R12_C02,746103,S,CF2,C02,0.1,True,1995.0,0.942371280113368,5.89171974522293,4809
ALNS,CB1_CAUR_S_CF2_RI2_TI2_R12_C02,746103,S,CF2,C02,0.25,True,1962.0,0.9267831837505904,4.140127388535032,9097
ALNS,CB1_CAUR_S_CF2_RI2_TI2_R12_C02,746103,S,CF2,C02,0.5,True,1956.0,0.9239489844119037,3.821656050955414,18337
ALNS,CB1_CAUR_S_CF2_RI2_TI2_R12_C02,746103,S,CF2,C02,0.75,True,1916.0,0.9050543221539915,1.6985138004246285,36737
ALNS,CB1_CAUR_S_CF2_RI2_TI2_R12_C02,746103,S,CF2,C02,1.0,True,1884.0,0.8899385923476618,0.0,54201
ALNS,CB1_CAUR_S_CF3_RI2_TI2_R12,746101,S,CF3,C01,0.1,True,1891.0,0.9108863198458574,14.259818731117825,2265
ALNS,CB1_CAUR_S_CF3_RI2_TI2_R12,746101,S,CF3,C01,0.25,True,1792.0,0.8631984585741811,8.277945619335348,10369
ALNS,CB1_CAUR_S_CF3_RI2_TI2_R12,746101,S,CF3,C01,0.5,True,1792.0,0.8631984585741811,8.277945619335348,10369
ALNS,CB1_CAUR_S_CF3_RI2_TI2_R12,746101,S,CF3,C01,0.75,True,1792.0,0.8631984585741811,8.277945619335348,10369
ALNS,CB1_CAUR_S_CF3_RI2_TI2_R12,746101,S,CF3,C01,1.0,True,1792.0,0.8631984585741811,8.277945619335348,10369
ALNS,CB1_CAUR_S_CF3_RI2_TI2_R12,746102,S,CF3,C01,0.1,True,1925.0,0.9272639691714836,16.31419939577039,5401
ALNS,CB1_CAUR_S_CF3_RI2_TI2_R12,746102,S,CF3,C01,0.25,True,1813.0,0.8733140655105973,9.546827794561933,9977
ALNS,CB1_CAUR_S_CF3_RI2_TI2_R12,746102,S,CF3,C01,0.5,True,1806.0,0.869942196531792,9.123867069486405,15769
ALNS,CB1_CAUR_S_CF3_RI2_TI2_R12,746102,S,CF3,C01,0.75,True,1806.0,0.869942196531792,9.123867069486405,15769
ALNS,CB1_CAUR_S_CF3_RI2_TI2_R12,746102,S,CF3,C01,1.0,True,1796.0,0.8651252408477842,8.51963746223565,53361
ALNS,CB1_CAUR_S_CF3_RI2_TI2_R12,746103,S,CF3,C01,0.1,True,1833.0,0.8829479768786127,10.755287009063444,3569
ALNS,CB1_CAUR_S_CF3_RI2_TI2_R12,746103,S,CF3,C01,0.25,True,1833.0,0.8829479768786127,10.755287009063444,3569
ALNS,CB1_CAUR_S_CF3_RI2_TI2_R12,746103,S,CF3,C01,0.5,True,1833.0,0.8829479768786127,10.755287009063444,3569
ALNS,CB1_CAUR_S_CF3_RI2_TI2_R12,746103,S,CF3,C01,0.75,True,1819.0,0.876204238921002,9.909365558912386,37385
ALNS,CB1_CAUR_S_CF3_RI2_TI2_R12,746103,S,CF3,C01,1.0,True,1788.0,0.861271676300578,8.036253776435045,51881
ALNS,CB1_CAUR_S_CF3_RI2_TI2_R12_C02,746101,S,CF3,C02,0.1,True,1901.0,0.9824289405684754,9.947946790052054,5217
ALNS,CB1_CAUR_S_CF3_RI2_TI2_R12_C02,746101,S,CF3,C02,0.25,True,1861.0,0.9617571059431524,7.634470792365529,6417
ALNS,CB1_CAUR_S_CF3_RI2_TI2_R12_C02,746101,S,CF3,C02,0.5,True,1861.0,0.9617571059431524,7.634470792365529,6417
ALNS,CB1_CAUR_S_CF3_RI2_TI2_R12_C02,746101,S,CF3,C02,0.75,True,1853.0,0.9576227390180878,7.171775592828224,37641
ALNS,CB1_CAUR_S_CF3_RI2_TI2_R12_C02,746101,S,CF3,C02,1.0,True,1800.0,0.9302325581395349,4.1064198958935805,49073
ALNS,CB1_CAUR_S_CF3_RI2_TI2_R12_C02,746102,S,CF3,C02,0.1,True,1882.0,0.9726098191214471,8.849045691150954,4313
ALNS,CB1_CAUR_S_CF3_RI2_TI2_R12_C02,746102,S,CF3,C02,0.25,True,1805.0,0.9328165374677002,4.395604395604396,9441
ALNS,CB1_CAUR_S_CF3_RI2_TI2_R12_C02,746102,S,CF3,C02,0.5,True,1805.0,0.9328165374677002,4.395604395604396,9441
ALNS,CB1_CAUR_S_CF3_RI2_TI2_R12_C02,746102,S,CF3,C02,0.75,True,1797.0,0.9286821705426357,3.932909196067091,28721
ALNS,CB1_CAUR_S_CF3_RI2_TI2_R12_C02,746102,S,CF3,C02,1.0,True,1797.0,0.9286821705426357,3.932909196067091,28721
ALNS,CB1_CAUR_S_CF3_RI2_TI2_R12_C02,746103,S,CF3,C02,0.1,True,1877.0,0.9700258397932816,8.559861191440138,5369
ALNS,CB1_CAUR_S_CF3_RI2_TI2_R12_C02,746103,S,CF3,C02,0.25,True,1848.0,0.9550387596899225,6.882591093117409,12657
ALNS,CB1_CAUR_S_CF3_RI2_TI2_R12_C02,746103,S,CF3,C02,0.5,True,1813.0,0.9369509043927648,4.8582995951417,25657
ALNS,CB1_CAUR_S_CF3_RI2_TI2_R12_C02,746103,S,CF3,C02,0.75,True,1812.0,0.9364341085271318,4.8004626951995375,39785
ALNS,CB1_CAUR_S_CF3_RI2_TI2_R12_C02,746103,S,CF3,C02,1.0,True,1752.0,0.9054263565891473,1.3302486986697513,48289
LG_HGA_2O,CB1_CAUR_L_CF1_RI2_TI2_R12,746101,L,CF1,C01,0.1,True,4293.0,0.9671097093940076,24.326672458731537,2733
LG_HGA_2O,CB1_CAUR_L_CF1_RI2_TI2_R12,746101,L,CF1,C01,0.25,True,3985.0,0.8977247127731471,15.40689255719664,6860
LG_HGA_2O,CB1_CAUR_L_CF1_RI2_TI2_R12,746101,L,CF1,C01,0.5,True,3776.0,0.850642036494706,9.35418476686939,14026
LG_HGA_2O,CB1_CAUR_L_CF1_RI2_TI2_R12,746101,L,CF1,C01,0.75,True,3530.0,0.7952241495832395,2.229944975383724,21019
LG_HGA_2O,CB1_CAUR_L_CF1_RI2_TI2_R12,746101,L,CF1,C01,1.0,True,3453.0,0.7778779004280243,0.0,24557
LG_HGA_2O,CB1_CAUR_L_CF1_RI2_TI2_R12,746102,L,CF1,C01,0.1,True,4739.0,1.0675827889164227,37.242977121343756,2791
LG_HGA_2O,CB1_CAUR_L_CF1_RI2_TI2_R12,746102,L,CF1,C01,0.25,True,4011.0,0.9035818878125704,16.159860990443093,7193
LG_HGA_2O,CB1_CAUR_L_CF1_RI2_TI2_R12,746102,L,CF1,C01,0.5,True,3540.0,0.7974769092137869,2.519548218940052,14156
LG_HGA_2O,CB1_CAUR_L_CF1_RI2_TI2_R12,746102,L,CF1,C01,0.75,True,3470.0,0.781707591799955,0.4923255140457573,17510
LG_HGA_2O,CB1_CAUR_L_CF1_RI2_TI2_R12,746102,L,CF1,C01,1.0,True,3470.0,0.781707591799955,0.4923255140457573,17510
LG_HGA_2O,CB1_CAUR_L_CF1_RI2_TI2_R12,746103,L,CF1,C01,0.1,True,4580.0,1.0317639107907186,32.638285548798144,2865
LG_HGA_2O,CB1_CAUR_L_CF1_RI2_TI2_R12,746103,L,CF1,C01,0.25,True,4034.0,0.9087632349628295,16.825948450622647,7233
LG_HGA_2O,CB1_CAUR_L_CF1_RI2_TI2_R12,746103,L,CF1,C01,0.5,True,3717.0,0.8373507546744763,7.645525629887055,14105
LG_HGA_2O,CB1_CAUR_L_CF1_RI2_TI2_R12,746103,L,CF1,C01,0.75,True,3668.0,0.8263122324847939,6.226469736461048,20138
LG_HGA_2O,CB1_CAUR_L_CF1_RI2_TI2_R12,746103,L,CF1,C01,1.0,True,3668.0,0.8263122324847939,6.226469736461048,20138
LG_HGA_2O,CB1_CAUR_L_CF1_RI2_TI2_R12_C02,746101,L,CF1,C02,0.1,True,5376.0,1.1474919957310565,44.905660377358494,2860
LG_HGA_2O,CB1_CAUR_L_CF1_RI2_TI2_R12_C02,746101,L,CF1,C02,0.25,True,5005.0,1.0683030949839916,34.905660377358494,7086
LG_HGA_2O,CB1_CAUR_L_CF1_RI2_TI2_R12_C02,746101,L,CF1,C02,0.5,True,4877.0,1.0409818569903948,31.455525606469003,14190
LG_HGA_2O,CB1_CAUR_L_CF1_RI2_TI2_R12_C02,746101,L,CF1,C02,0.75,True,4718.0,1.0070437566702242,27.169811320754718,18257
LG_HGA_2O,CB1_CAUR_L_CF1_RI2_TI2_R12_C02,746101,L,CF1,C02,1.0,True,4586.0,0.9788687299893276,23.61185983827493,28307
LG_HGA_2O,CB1_CAUR_L_CF1_RI2_TI2_R12_C02,746102,L,CF1,C02,0.1,True,5375.0,1.1472785485592316,44.878706199460915,2589
LG_HGA_2O,CB1_CAUR_L_CF1_RI2_TI2_R12_C02,746102,L,CF1,C02,0.25,True,4682.0,0.9993596584845251,26.19946091644205,6879
LG_HGA_2O,CB1_CAUR_L_CF1_RI2_TI2_R12_C02,746102,L,CF1,C02,0.5,True,4016.0,0.8572038420490928,8.247978436657682,13822
LG_HGA_2O,CB1_CAUR_L_CF1_RI2_TI2_R12_C02,746102,L,CF1,C02,0.75,True,3770.0,0.8046958377801494,1.6172506738544474,19432
LG_HGA_2O,CB1_CAUR_L_CF1_RI2_TI2_R12_C02,746102,L,CF1,C02,1.0,True,3732.0,0.7965848452508004,0.5929919137466307,23837
LG_HGA_2O,CB1_CAUR_L_CF1_RI2_TI2_R12_C02,746103,L,CF1,C02,0.1,True,4954.0,1.057417289220918,33.53099730458221,2747
LG_HGA_2O,CB1_CAUR_L_CF1_RI2_TI2_R12_C02,746103,L,CF1,C02,0.25,True,4413.0,0.9419423692636073,18.948787061994608,6858
LG_HGA_2O,CB1_CAUR_L_CF1_RI2_TI2_R12_C02,746103,L,CF1,C02,0.5,True,4087.0,0.872358591248666,10.161725067385445,13709
LG_HGA_2O,CB1_CAUR_L_CF1_RI2_TI2_R12_C02,746103,L,CF1,C02,0.75,True,3876.0,0.8273212379935966,4.474393530997305,20652
LG_HGA_2O,CB1_CAUR_L_CF1_RI2_TI2_R12_C02,746103,L,CF1,C02,1.0,True,3811.0,0.8134471718249733,2.7223719676549867,24403
LG_HGA_2O,CB1_CAUR_L_CF2_RI2_TI2_R12,746101,L,CF2,C01,0.1,True,4873.0,1.040572282724749,16.970715314450313,2643
LG_HGA_2O,CB1_CAUR_L_CF2_RI2_TI2_R12,746101,L,CF2,C01,0.25,True,4479.0,0.9564381806534273,7.513202112337974,6211
LG_HGA_2O,CB1_CAUR_L_CF2_RI2_TI2_R12,746101,L,CF2,C01,0.5,True,4260.0,0.9096732863549007,2.256361017762842,12913
LG_HGA_2O,CB1_CAUR_L_CF2_RI2_TI2_R12,746101,L,CF2,C01,0.75,True,4216.0,0.9002775998291693,1.200192030724916,19025
LG_HGA_2O,CB1_CAUR_L_CF2_RI2_TI2_R12,746101,L,CF2,C01,1.0,True,4202.0,0.8972880632073457,0.8641382621219396,20774
LG_HGA_2O,CB1_CAUR_L_CF2_RI2_TI2_R12,746102,L,CF2,C01,0.1,True,5108.0,1.09075379030536,22.611617858857418,2656
LG_HGA_2O,CB1_CAUR_L_CF2_RI2_TI2_R12,746102,L,CF2,C01,0.25,True,4755.0,1.0153747597693785,14.13826212193951,6424
LG_HGA_2O,CB1_CAUR_L_CF2_RI2_TI2_R12,746102,L,CF2,C01,0.5,True,4408.0,0.941276959214179,5.808929428708593,12113
LG_HGA_2O,CB1_CAUR_L_CF2_RI2_TI2_R12,746102,L,CF2,C01,0.75,True,4324.0,0.9233397394832372,3.7926068170907343,15948
LG_HGA_2O,CB1_CAUR_L_CF2_RI2_TI2_R12,746102,L,CF2,C01,1.0,True,4235.0,0.9043348281016442,1.656265002400384,25952
LG_HGA_2O,CB1_CAUR_L_CF2_RI2_TI2_R12,746103,L,CF2,C01,0.1,True,5060.0,1.0805039504591074,21.4594335093615,2617
LG_HGA_2O,CB1_CAUR_L_CF2_RI2_TI2_R12,746103,L,CF2,C01,0.25,True,4580.0,0.9780055519965833,9.937590014402303,6282
LG_HGA_2O,CB1_CAUR_L_CF2_RI2_TI2_R12,746103,L,CF2,C01,0.5,True,4338.0,0.9263292761050609,4.128660585693711,12839
LG_HGA_2O,CB1_CAUR_L_CF2_RI2_TI2_R12,746103,L,CF2,C01,0.75,True,4196.0,0.8960068332265642,0.7201152184349496,19262
LG_HGA_2O,CB1_CAUR_L_CF2_RI2_TI2_R12,746103,L,CF2,C01,1.0,True,4166.0,0.8896006833226564,0.0,23722
LG_HGA_2O,CB1_CAUR_L_CF2_RI2_TI2_R12_C02,746101,L,CF2,C02,0.1,True,5632.0,1.339995241494171,42.33004801617387,2453
LG_HGA_2O,CB1_CAUR_L_CF2_RI2_TI2_R12_C02,746101,L,CF2,C02,0.25,True,5051.0,1.2017606471567928,27.647207480414455,6162
LG_HGA_2O,CB1_CAUR_L_CF2_RI2_TI2_R12_C02,746101,L,CF2,C02,0.5,True,4813.0,1.145134427789674,21.63254991154915,13060
LG_HGA_2O,CB1_CAUR_L_CF2_RI2_TI2_R12_C02,746101,L,CF2,C02,0.75,True,4545.0,1.0813704496788008,14.859742228961334,19590
LG_HGA_2O,CB1_CAUR_L_CF2_RI2_TI2_R12_C02,746101,L,CF2,C02,1.0,True,4190.0,0.9969069712110398,5.888299216578216,26036
LG_HGA_2O,CB1_CAUR_L_CF2_RI2_TI2_R12_C02,746102,L,CF2,C02,0.1,True,5447.0,1.2959790625743517,37.65478898155168,2444
LG_HGA_2O,CB1_CAUR_L_CF2_RI2_TI2_R12_C02,746102,L,CF2,C02,0.25,True,4929.0,1.172733761598858,24.564063684609554,6378
LG_HGA_2O,CB1_CAUR_L_CF2_RI2_TI2_R12_C02,746102,L,CF2,C02,0.5,True,4380.0,1.0421127765881513,10.689916603487491,12656
LG_HGA_2O,CB1_CAUR_L_CF2_RI2_TI2_R12_C02,746102,L,CF2,C02,0.75,True,4344.0,1.033547466095646,9.780136467020471,15043
LG_HGA_2O,CB1_CAUR_L_CF2_RI2_TI2_R12_C02,746102,L,CF2,C02,1.0,True,4290.0,1.020699500356888,8.415466262319939,25786
LG_HGA_2O,CB1_CAUR_L_CF2_RI2_TI2_R12_C02,746103,L,CF2,C02,0.1,True,5120.0,1.218177492267428,29.390952741976246,2547
LG_HGA_2O,CB1_CAUR_L_CF2_RI2_TI2_R12_C02,746103,L,CF2,C02,0.25,True,4728.0,1.124910778015703,19.48445792266869,5930
LG_HGA_2O,CB1_CAUR_L_CF2_RI2_TI2_R12_C02,746103,L,CF2,C02,0.5,True,4448.0,1.0582916964073281,12.408390194591863,12973
LG_HGA_2O,CB1_CAUR_L_CF2_RI2_TI2_R12_C02,746103,L,CF2,C02,0.75,True,4422.0,1.0521056388294077,11.751326762699014,16094
LG_HGA_2O,CB1_CAUR_L_CF2_RI2_TI2_R12_C02,746103,L,CF2,C02,1.0,True,4233.0,1.0071377587437544,6.974981046247157,26019
LG_HGA_2O,CB1_CAUR_L_CF3_RI2_TI2_R12,746101,L,CF3,C01,0.1,True,4821.0,1.0644733936851403,16.308805790108565,2708
LG_HGA_2O,CB1_CAUR_L_CF3_RI2_TI2_R12,746101,L,CF3,C01,0.25,True,4669.0,1.0309119010819165,12.641737032569361,6385
LG_HGA_2O,CB1_CAUR_L_CF3_RI2_TI2_R12,746101,L,CF3,C01,0.5,True,4357.0,0.9620225215279311,5.1145958986731,12898
LG_HGA_2O,CB1_CAUR_L_CF3_RI2_TI2_R12,746101,L,CF3,C01,0.75,True,4357.0,0.9620225215279311,5.1145958986731,12898
LG_HGA_2O,CB1_CAUR_L_CF3_RI2_TI2_R12,746101,L,CF3,C01,1.0,True,4337.0,0.9576065356590859,4.632086851628468,24802
LG_HGA_2O,CB1_CAUR_L_CF3_RI2_TI2_R12,746102,L,CF3,C01,0.1,True,4908.0,1.0836829322146169,18.407720144752712,2256
LG_HGA_2O,CB1_CAUR_L_CF3_RI2_TI2_R12,746102,L,CF3,C01,0.25,True,4878.0,1.077058953411349,17.683956574185768,4701
LG_HGA_2O,CB1_CAUR_L_CF3_RI2_TI2_R12,746102,L,CF3,C01,0.5,True,4584.0,1.0121439611393244,10.591073582629674,13152
LG_HGA_2O,CB1_CAUR_L_CF3_RI2_TI2_R12,746102,L,CF3,C01,0.75,True,4540.0,1.002428792227865,9.529553679131483,16518
LG_HGA_2O,CB1_CAUR_L_CF3_RI2_TI2_R12,746102,L,CF3,C01,1.0,True,4482.0,0.9896224332082137,8.13027744270205,24219
LG_HGA_2O,CB1_CAUR_L_CF3_RI2_TI2_R12,746103,L,CF3,C01,0.1,True,4715.0,1.0410686685802606,13.751507840772014,2602
LG_HGA_2O,CB1_CAUR_L_CF3_RI2_TI2_R12,746103,L,CF3,C01,0.25,True,4657.0,1.0282623095606094,12.352231604342581,6207
LG_HGA_2O,CB1_CAUR_L_CF3_RI2_TI2_R12,746103,L,CF3,C01,0.5,True,4374.0,0.9657761095164495,5.524728588661038,13320
LG_HGA_2O,CB1_CAUR_L_CF3_RI2_TI2_R12,746103,L,CF3,C01,0.75,True,4225.0,0.9328770147935527,1.9300361881785284,19149
LG_HGA_2O,CB1_CAUR_L_CF3_RI2_TI2_R12,746103,L,CF3,C01,1.0,True,4167.0,0.9200706557739016,0.5307599517490953,26668
LG_HGA_2O,CB1_CAUR_L_CF3_RI2_TI2_R12_C02,746101,L,CF3,C02,0.1,True,3747.0,1.0801383684058807,17.830188679245282,2716
LG_HGA_2O,CB1_CAUR_L_CF3_RI2_TI2_R12_C02,746101,L,CF3,C02,0.25,True,3396.0,0.97895647160565,6.7924528301886795,6842
LG_HGA_2O,CB1_CAUR_L_CF3_RI2_TI2_R12_C02,746101,L,CF3,C02,0.5,True,3368.0,0.9708849812626117,5.911949685534591,13621
LG_HGA_2O,CB1_CAUR_L_CF3_RI2_TI2_R12_C02,746101,L,CF3,C02,0.75,True,3360.0,0.9685788411646008,5.660377358490566,16420
LG_HGA_2O,CB1_CAUR_L_CF3_RI2_TI2_R12_C02,746101,L,CF3,C02,1.0,True,3329.0,0.9596425482848083,4.685534591194968,25310
LG_HGA_2O,CB1_CAUR_L_CF3_RI2_TI2_R12_C02,746102,L,CF3,C02,0.1,True,4009.0,1.1556644566157395,26.069182389937108,2761
LG_HGA_2O,CB1_CAUR_L_CF3_RI2_TI2_R12_C02,746102,L,CF3,C02,0.25,True,3558.0,1.025655808590372,11.88679245283019,6905
LG_HGA_2O,CB1_CAUR_L_CF3_RI2_TI2_R12_C02,746102,L,CF3,C02,0.5,True,3245.0,0.9354280772556933,2.0440251572327046,13097
LG_HGA_2O,CB1_CAUR_L_CF3_RI2_TI2_R12_C02,746102,L,CF3,C02,0.75,True,3187.0,0.9187085615451138,0.22012578616352202,18980
LG_HGA_2O,CB1_CAUR_L_CF3_RI2_TI2_R12_C02,746102,L,CF3,C02,1.0,True,3180.0,0.9166906889593542,0.0,22164
LG_HGA_2O,CB1_CAUR_L_CF3_RI2_TI2_R12_C02,746103,L,CF3,C02,0.1,True,4168.0,1.201498991063707,31.069182389937108,2809
LG_HGA_2O,CB1_CAUR_L_CF3_RI2_TI2_R12_C02,746103,L,CF3,C02,0.25,True,3463.0,0.9982703949264918,8.89937106918239,6897
LG_HGA_2O,CB1_CAUR_L_CF3_RI2_TI2_R12_C02,746103,L,CF3,C02,0.5,True,3305.0,0.9527241279907754,3.930817610062893,13103
LG_HGA_2O,CB1_CAUR_L_CF3_RI2_TI2_R12_C02,746103,L,CF3,C02,0.75,True,3250.0,0.9368694148169501,2.20125786163522,18451
LG_HGA_2O,CB1_CAUR_L_CF3_RI2_TI2_R12_C02,746103,L,CF3,C02,1.0,True,3222.0,0.9287979244739117,1.320754716981132,21461
LG_HGA_2O,CB1_CAUR_M_CF1_RI2_TI2_R12,746101,M,CF1,C01,0.1,True,2939.0,0.996609020006782,7.145461173897193,1644
LG_HGA_2O,CB1_CAUR_M_CF1_RI2_TI2_R12,746101,M,CF1,C01,0.25,True,2939.0,0.996609020006782,7.145461173897193,1644
LG_HGA_2O,CB1_CAUR_M_CF1_RI2_TI2_R12,746101,M,CF1,C01,0.5,True,2939.0,0.996609020006782,7.145461173897193,1644
LG_HGA_2O,CB1_CAUR_M_CF1_RI2_TI2_R12,746101,M,CF1,C01,0.75,True,2920.0,0.9901661580196677,6.452788917243893,25862
LG_HGA_2O,CB1_CAUR_M_CF1_RI2_TI2_R12,746101,M,CF1,C01,1.0,True,2920.0,0.9901661580196677,6.452788917243893,25862
LG_HGA_2O,CB1_CAUR_M_CF1_RI2_TI2_R12,746102,M,CF1,C01,0.1,True,2937.0,0.9959308240081384,7.072548304775793,1391
LG_HGA_2O,CB1_CAUR_M_CF1_RI2_TI2_R12,746102,M,CF1,C01,0.25,True,2891.0,0.9803323160393353,5.395552314983594,6131
LG_HGA_2O,CB1_CAUR_M_CF1_RI2_TI2_R12,746102,M,CF1,C01,0.5,True,2854.0,0.9677856900644286,4.046664236237696,17639
LG_HGA_2O,CB1_CAUR_M_CF1_RI2_TI2_R12,746102,M,CF1,C01,0.75,True,2832.0,0.960325534079349,3.244622675902297,24419
LG_HGA_2O,CB1_CAUR_M_CF1_RI2_TI2_R12,746102,M,CF1,C01,1.0,True,2812.0,0.9535435740929129,2.5154939846882973,32202
LG_HGA_2O,CB1_CAUR_M_CF1_RI2_TI2_R12,746103,M,CF1,C01,0.1,True,3017.0,1.0230586639538826,9.98906306963179,3688
LG_HGA_2O,CB1_CAUR_M_CF1_RI2_TI2_R12,746103,M,CF1,C01,0.25,True,2982.0,1.0111902339776195,8.713087860007292,7145
LG_HGA_2O,CB1_CAUR_M_CF1_RI2_TI2_R12,746103,M,CF1,C01,0.5,True,2982.0,1.0111902339776195,8.713087860007292,7145
LG_HGA_2O,CB1_CAUR_M_CF1_RI2_TI2_R12,746103,M,CF1,C01,0.75,True,2957.0,1.0027127839945744,7.8016769959897925,24856
LG_HGA_2O,CB1_CAUR_M_CF1_RI2_TI2_R12,746103,M,CF1,C01,1.0,True,2938.0,0.9962699220074601,7.109004739336493,34989
LG_HGA_2O,CB1_CAUR_M_CF1_RI2_TI2_R12_C02,746101,M,CF1,C02,0.1,True,2931.0,0.8889899909008189,5.735930735930736,2631
LG_HGA_2O,CB1_CAUR_M_CF1_RI2_TI2_R12_C02,746101,M,CF1,C02,0.25,True,2801.0,0.8495602062481044,1.046176046176046,6923
LG_HGA_2O,CB1_CAUR_M_CF1_RI2_TI2_R12_C02,746101,M,CF1,C02,0.5,True,2801.0,0.8495602062481044,1.046176046176046,6923
LG_HGA_2O,CB1_CAUR_M_CF1_RI2_TI2_R12_C02,746101,M,CF1,C02,0.75,True,2801.0,0.8495602062481044,1.046176046176046,6923
LG_HGA_2O,CB1_CAUR_M_CF1_RI2_TI2_R12_C02,746101,M,CF1,C02,1.0,True,2801.0,0.8495602062481044,1.046176046176046,6923
LG_HGA_2O,CB1_CAUR_M_CF1_RI2_TI2_R12_C02,746102,M,CF1,C02,0.1,True,2897.0,0.8786775856839552,4.509379509379509,3472
LG_HGA_2O,CB1_CAUR_M_CF1_RI2_TI2_R12_C02,746102,M,CF1,C02,0.25,True,2812.0,0.8528965726417955,1.443001443001443,8419
LG_HGA_2O,CB1_CAUR_M_CF1_RI2_TI2_R12_C02,746102,M,CF1,C02,0.5,True,2772.0,0.8407643312101911,0.0,13360
LG_HGA_2O,CB1_CAUR_M_CF1_RI2_TI2_R12_C02,746102,M,CF1,C02,0.75,True,2772.0,0.8407643312101911,0.0,13360
LG_HGA_2O,CB1_CAUR_M_CF1_RI2_TI2_R12_C02,746102,M,CF1,C02,1.0,True,2772.0,0.8407643312101911,0.0,13360
LG_HGA_2O,CB1_CAUR_M_CF1_RI2_TI2_R12_C02,746103,M,CF1,C02,0.1,True,2897.0,0.8786775856839552,4.509379509379509,3037
LG_HGA_2O,CB1_CAUR_M_CF1_RI2_TI2_R12_C02,746103,M,CF1,C02,0.25,True,2897.0,0.8786775856839552,4.509379509379509,3037
LG_HGA_2O,CB1_CAUR_M_CF1_RI2_TI2_R12_C02,746103,M,CF1,C02,0.5,True,2849.0,0.8641188959660298,2.7777777777777777,12281
LG_HGA_2O,CB1_CAUR_M_CF1_RI2_TI2_R12_C02,746103,M,CF1,C02,0.75,True,2788.0,0.8456172277828329,0.5772005772005772,24175
LG_HGA_2O,CB1_CAUR_M_CF1_RI2_TI2_R12_C02,746103,M,CF1,C02,1.0,True,2788.0,0.8456172277828329,0.5772005772005772,24175
LG_HGA_2O,CB1_CAUR_M_CF2_RI2_TI2_R12,746101,M,CF2,C01,0.1,True,2987.0,0.9494596312778131,7.368799424874191,3305
LG_HGA_2O,CB1_CAUR_M_CF2_RI2_TI2_R12,746101,M,CF2,C01,0.25,True,2958.0,0.940241576605213,6.326383896477354,8779
LG_HGA_2O,CB1_CAUR_M_CF2_RI2_TI2_R12,746101,M,CF2,C01,0.5,True,2851.0,0.9062301335028607,2.480230050323508,17150
LG_HGA_2O,CB1_CAUR_M_CF2_RI2_TI2_R12,746101,M,CF2,C01,0.75,True,2793.0,0.8877940241576605,0.39539899352983465,20085
LG_HGA_2O,CB1_CAUR_M_CF2_RI2_TI2_R12,746101,M,CF2,C01,1.0,True,2782.0,0.8842975206611571,0.0,33706
LG_HGA_2O,CB1_CAUR_M_CF2_RI2_TI2_R12,746102,M,CF2,C01,0.1,True,3117.0,0.9907819453273998,12.041696621135873,3410
LG_HGA_2O,CB1_CAUR_M_CF2_RI2_TI2_R12,746102,M,CF2,C01,0.25,True,2946.0,0.9364272091544819,5.895039539899353,8194
LG_HGA_2O,CB1_CAUR_M_CF2_RI2_TI2_R12,746102,M,CF2,C01,0.5,True,2946.0,0.9364272091544819,5.895039539899353,8194
LG_HGA_2O,CB1_CAUR_M_CF2_RI2_TI2_R12,746102,M,CF2,C01,0.75,True,2909.0,0.924666242848061,4.565061107117182,25883
LG_HGA_2O,CB1_CAUR_M_CF2_RI2_TI2_R12,746102,M,CF2,C01,1.0,True,2909.0,0.924666242848061,4.565061107117182,25883
LG_HGA_2O,CB1_CAUR_M_CF2_RI2_TI2_R12,746103,M,CF2,C01,0.1,True,2975.0,0.945645263827082,6.93745506829619,3241
LG_HGA_2O,CB1_CAUR_M_CF2_RI2_TI2_R12,746103,M,CF2,C01,0.25,True,2952.0,0.9383343928798474,6.1107117181883535,8058
LG_HGA_2O,CB1_CAUR_M_CF2_RI2_TI2_R12,746103,M,CF2,C01,0.5,True,2941.0,0.9348378893833439,5.715312724658519,16848
LG_HGA_2O,CB1_CAUR_M_CF2_RI2_TI2_R12,746103,M,CF2,C01,0.75,True,2921.0,0.9284806102987921,4.996405463695183,23881
LG_HGA_2O,CB1_CAUR_M_CF2_RI2_TI2_R12,746103,M,CF2,C01,1.0,True,2921.0,0.9284806102987921,4.996405463695183,23881
LG_HGA_2O,CB1_CAUR_M_CF2_RI2_TI2_R12_C02,746101,M,CF2,C02,0.1,True,3831.0,0.9666919000757003,4.72936030617824,3295
LG_HGA_2O,CB1_CAUR_M_CF2_RI2_TI2_R12_C02,746101,M,CF2,C02,0.25,True,3798.0,0.9583648750946253,3.827227993439038,7930
LG_HGA_2O,CB1_CAUR_M_CF2_RI2_TI2_R12_C02,746101,M,CF2,C02,0.5,True,3746.0,0.9452435023971738,2.405686167304538,10460
LG_HGA_2O,CB1_CAUR_M_CF2_RI2_TI2_R12_C02,746101,M,CF2,C02,0.75,True,3746.0,0.9452435023971738,2.405686167304538,10460
LG_HGA_2O,CB1_CAUR_M_CF2_RI2_TI2_R12_C02,746101,M,CF2,C02,1.0,True,3746.0,0.9452435023971738,2.405686167304538,10460
LG_HGA_2O,CB1_CAUR_M_CF2_RI2_TI2_R12_C02,746102,M,CF2,C02,0.1,True,3888.0,0.9810749432248297,6.287588846364134,2219
LG_HGA_2O,CB1_CAUR_M_CF2_RI2_TI2_R12_C02,746102,M,CF2,C02,0.25,True,3888.0,0.9810749432248297,6.287588846364134,2219
LG_HGA_2O,CB1_CAUR_M_CF2_RI2_TI2_R12_C02,746102,M,CF2,C02,0.5,True,3888.0,0.9810749432248297,6.287588846364134,2219
LG_HGA_2O,CB1_CAUR_M_CF2_RI2_TI2_R12_C02,746102,M,CF2,C02,0.75,True,3888.0,0.9810749432248297,6.287588846364134,2219
LG_HGA_2O,CB1_CAUR_M_CF2_RI2_TI2_R12_C02,746102,M,CF2,C02,1.0,True,3888.0,0.9810749432248297,6.287588846364134,2219
LG_HGA_2O,CB1_CAUR_M_CF2_RI2_TI2_R12_C02,746103,M,CF2,C02,0.1,True,3834.0,0.967448902346707,4.811372334609076,2368
LG_HGA_2O,CB1_CAUR_M_CF2_RI2_TI2_R12_C02,746103,M,CF2,C02,0.25,True,3834.0,0.967448902346707,4.811372334609076,2368
LG_HGA_2O,CB1_CAUR_M_CF2_RI2_TI2_R12_C02,746103,M,CF2,C02,0.5,True,3834.0,0.967448902346707,4.811372334609076,2368
LG_HGA_2O,CB1_CAUR_M_CF2_RI2_TI2_R12_C02,746103,M,CF2,C02,0.75,True,3834.0,0.967448902346707,4.811372334609076,2368
LG_HGA_2O,CB1_CAUR_M_CF2_RI2_TI2_R12_C02,746103,M,CF2,C02,1.0,True,3834.0,0.967448902346707,4.811372334609076,2368
LG_HGA_2O,CB1_CAUR_M_CF3_RI2_TI2_R12,746101,M,CF3,C01,0.1,True,2950.0,1.0321903428971309,11.78476695718075,2740
LG_HGA_2O,CB1_CAUR_M_CF3_RI2_TI2_R12,746101,M,CF3,C01,0.25,True,2926.0,1.0237928621413577,10.875331564986737,7099
LG_HGA_2O,CB1_CAUR_M_CF3_RI2_TI2_R12,746101,M,CF3,C01,0.5,True,2858.0,1.0,8.298597953770367,13253
LG_HGA_2O,CB1_CAUR_M_CF3_RI2_TI2_R12,746101,M,CF3,C01,0.75,True,2799.0,0.9793561931420574,6.062902614626752,18941
LG_HGA_2O,CB1_CAUR_M_CF3_RI2_TI2_R12,746101,M,CF3,C01,1.0,True,2799.0,0.9793561931420574,6.062902614626752,18941
LG_HGA_2O,CB1_CAUR_M_CF3_RI2_TI2_R12,746102,M,CF3,C01,0.1,True,2842.0,0.9944016794961511,7.6923076923076925,3420
LG_HGA_2O,CB1_CAUR_M_CF3_RI2_TI2_R12,746102,M,CF3,C01,0.25,True,2703.0,0.9457662701189643,2.425161045850701,8014
LG_HGA_2O,CB1_CAUR_M_CF3_RI2_TI2_R12,746102,M,CF3,C01,0.5,True,2666.0,0.9328201539538139,1.0231148162182644,12743
LG_HGA_2O,CB1_CAUR_M_CF3_RI2_TI2_R12,746102,M,CF3,C01,0.75,True,2647.0,0.9261721483554933,0.30314513073133764,18652
LG_HGA_2O,CB1_CAUR_M_CF3_RI2_TI2_R12,746102,M,CF3,C01,1.0,True,2647.0,0.9261721483554933,0.30314513073133764,18652
LG_HGA_2O,CB1_CAUR_M_CF3_RI2_TI2_R12,746103,M,CF3,C01,0.1,True,2901.0,1.0150454863540939,9.928003031451308,3359
LG_HGA_2O,CB1_CAUR_M_CF3_RI2_TI2_R12,746103,M,CF3,C01,0.25,True,2675.0,0.9359692092372288,1.3641530882910193,8548
LG_HGA_2O,CB1_CAUR_M_CF3_RI2_TI2_R12,746103,M,CF3,C01,0.5,True,2639.0,0.9233729881035689,0.0,9469
LG_HGA_2O,CB1_CAUR_M_CF3_RI2_TI2_R12,746103,M,CF3,C01,0.75,True,2639.0,0.9233729881035689,0.0,9469
LG_HGA_2O,CB1_CAUR_M_CF3_RI2_TI2_R12,746103,M,CF3,C01,1.0,True,2639.0,0.9233729881035689,0.0,9469
LG_HGA_2O,CB1_CAUR_M_CF3_RI2_TI2_R12_C02,746101,M,CF3,C02,0.1,True,3050.0,0.92902832774901,4.380561259411362,3562
LG_HGA_2O,CB1_CAUR_M_CF3_RI2_TI2_R12_C02,746101,M,CF3,C02,0.25,True,2952.0,0.8991775814803533,1.0266940451745379,5631
LG_HGA_2O,CB1_CAUR_M_CF3_RI2_TI2_R12_C02,746101,M,CF3,C02,0.5,True,2940.0,0.8955223880597015,0.6160164271047228,15141
LG_HGA_2O,CB1_CAUR_M_CF3_RI2_TI2_R12_C02,746101,M,CF3,C02,0.75,True,2940.0,0.8955223880597015,0.6160164271047228,15141
LG_HGA_2O,CB1_CAUR_M_CF3_RI2_TI2_R12_C02,746101,M,CF3,C02,1.0,True,2940.0,0.8955223880597015,0.6160164271047228,15141
LG_HGA_2O,CB1_CAUR_M_CF3_RI2_TI2_R12_C02,746102,M,CF3,C02,0.1,True,3104.0,0.9454766981419434,6.228610540725531,3641
LG_HGA_2O,CB1_CAUR_M_CF3_RI2_TI2_R12_C02,746102,M,CF3,C02,0.25,True,3048.0,0.9284191288455681,4.312114989733059,6425
LG_HGA_2O,CB1_CAUR_M_CF3_RI2_TI2_R12_C02,746102,M,CF3,C02,0.5,True,2997.0,0.9128845568077978,2.566735112936345,16591
LG_HGA_2O,CB1_CAUR_M_CF3_RI2_TI2_R12_C02,746102,M,CF3,C02,0.75,True,2995.0,0.9122753579043558,2.4982888432580426,26374
LG_HGA_2O,CB1_CAUR_M_CF3_RI2_TI2_R12_C02,746102,M,CF3,C02,1.0,True,2922.0,0.8900395979287238,0.0,34029
LG_HGA_2O,CB1_CAUR_M_CF3_RI2_TI2_R12_C02,746103,M,CF3,C02,0.1,True,3062.0,0.9326835211696619,4.791238877481177,3340
LG_HGA_2O,CB1_CAUR_M_CF3_RI2_TI2_R12_C02,746103,M,CF3,C02,0.25,True,3000.0,0.9137983551629607,2.6694045174537986,8578
LG_HGA_2O,CB1_CAUR_M_CF3_RI2_TI2_R12_C02,746103,M,CF3,C02,0.5,True,2989.0,0.9104477611940298,2.292950034223135,11485
LG_HGA_2O,CB1_CAUR_M_CF3_RI2_TI2_R12_C02,746103,M,CF3,C02,0.75,True,2989.0,0.9104477611940298,2.292950034223135,11485
LG_HGA_2O,CB1_CAUR_M_CF3_RI2_TI2_R12_C02,746103,M,CF3,C02,1.0,True,2989.0,0.9104477611940298,2.292950034223135,11485
LG_HGA_2O,CB1_CAUR_S_CF1_RI2_TI2_R12,746101,S,CF1,C01,0.1,True,1776.0,0.9631236442516269,7.963525835866261,4720
LG_HGA_2O,CB1_CAUR_S_CF1_RI2_TI2_R12,746101,S,CF1,C01,0.25,True,1714.0,0.9295010845986985,4.194528875379939,10896
LG_HGA_2O,CB1_CAUR_S_CF1_RI2_TI2_R12,746101,S,CF1,C01,0.5,True,1714.0,0.9295010845986985,4.194528875379939,10896
LG_HGA_2O,CB1_CAUR_S_CF1_RI2_TI2_R12,746101,S,CF1,C01,0.75,True,1714.0,0.9295010845986985,4.194528875379939,10896
LG_HGA_2O,CB1_CAUR_S_CF1_RI2_TI2_R12,746101,S,CF1,C01,1.0,True,1714.0,0.9295010845986985,4.194528875379939,10896
LG_HGA_2O,CB1_CAUR_S_CF1_RI2_TI2_R12,746102,S,CF1,C01,0.1,True,1712.0,0.928416485900217,4.072948328267477,4873
LG_HGA_2O,CB1_CAUR_S_CF1_RI2_TI2_R12,746102,S,CF1,C01,0.25,True,1662.0,0.9013015184381779,1.033434650455927,9784
LG_HGA_2O,CB1_CAUR_S_CF1_RI2_TI2_R12,746102,S,CF1,C01,0.5,True,1662.0,0.9013015184381779,1.033434650455927,9784
LG_HGA_2O,CB1_CAUR_S_CF1_RI2_TI2_R12,746102,S,CF1,C01,0.75,True,1654.0,0.8969631236442517,0.547112462006079,30543
LG_HGA_2O,CB1_CAUR_S_CF1_RI2_TI2_R12,746102,S,CF1,C01,1.0,True,1649.0,0.8942516268980477,0.24316109422492402,45974
LG_HGA_2O,CB1_CAUR_S_CF1_RI2_TI2_R12,746103,S,CF1,C01,0.1,True,1647.0,0.8931670281995662,0.12158054711246201,2498
LG_HGA_2O,CB1_CAUR_S_CF1_RI2_TI2_R12,746103,S,CF1,C01,0.25,True,1647.0,0.8931670281995662,0.12158054711246201,2498
LG_HGA_2O,CB1_CAUR_S_CF1_RI2_TI2_R12,746103,S,CF1,C01,0.5,True,1647.0,0.8931670281995662,0.12158054711246201,2498
LG_HGA_2O,CB1_CAUR_S_CF1_RI2_TI2_R12,746103,S,CF1,C01,0.75,True,1647.0,0.8931670281995662,0.12158054711246201,2498
LG_HGA_2O,CB1_CAUR_S_CF1_RI2_TI2_R12,746103,S,CF1,C01,1.0,True,1647.0,0.8931670281995662,0.12158054711246201,2498
LG_HGA_2O,CB1_CAUR_S_CF1_RI2_TI2_R12_C02,746101,S,CF1,C02,0.1,True,1829.0,0.9427835051546392,2.579921480650589,3541
LG_HGA_2O,CB1_CAUR_S_CF1_RI2_TI2_R12_C02,746101,S,CF1,C02,0.25,True,1829.0,0.9427835051546392,2.579921480650589,3541
LG_HGA_2O,CB1_CAUR_S_CF1_RI2_TI2_R12_C02,746101,S,CF1,C02,0.5,True,1816.0,0.9360824742268041,1.8508132361189007,22945
LG_HGA_2O,CB1_CAUR_S_CF1_RI2_TI2_R12_C02,746101,S,CF1,C02,0.75,True,1811.0,0.9335051546391753,1.5703869882220975,35825
LG_HGA_2O,CB1_CAUR_S_CF1_RI2_TI2_R12_C02,746101,S,CF1,C02,1.0,True,1811.0,0.9335051546391753,1.5703869882220975,35825
LG_HGA_2O,CB1_CAUR_S_CF1_RI2_TI2_R12_C02,746102,S,CF1,C02,0.1,True,1811.0,0.9335051546391753,1.5703869882220975,4939
LG_HGA_2O,CB1_CAUR_S_CF1_RI2_TI2_R12_C02,746102,S,CF1,C02,0.25,True,1798.0,0.9268041237113402,0.8412787436904094,5365
LG_HGA_2O,CB1_CAUR_S_CF1_RI2_TI2_R12_C02,746102,S,CF1,C02,0.5,True,1798.0,0.9268041237113402,0.8412787436904094,5365
LG_HGA_2O,CB1_CAUR_S_CF1_RI2_TI2_R12_C02,746102,S,CF1,C02,0.75,True,1798.0,0.9268041237113402,0.8412787436904094,5365
LG_HGA_2O,CB1_CAUR_S_CF1_RI2_TI2_R12_C02,746102,S,CF1,C02,1.0,True,1798.0,0.9268041237113402,0.8412787436904094,5365
LG_HGA_2O,CB1_CAUR_S_CF1_RI2_TI2_R12_C02,746103,S,CF1,C02,0.1,True,1861.0,0.959278350515464,4.374649467190129,3972
LG_HGA_2O,CB1_CAUR_S_CF1_RI2_TI2_R12_C02,746103,S,CF1,C02,0.25,True,1831.0,0.9438144329896907,2.69209197980931,9664
LG_HGA_2O,CB1_CAUR_S_CF1_RI2_TI2_R12_C02,746103,S,CF1,C02,0.5,True,1794.0,0.9247422680412372,0.6169377453729669,24817
LG_HGA_2O,CB1_CAUR_S_CF1_RI2_TI2_R12_C02,746103,S,CF1,C02,0.75,True,1794.0,0.9247422680412372,0.6169377453729669,24817
LG_HGA_2O,CB1_CAUR_S_CF1_RI2_TI2_R12_C02,746103,S,CF1,C02,1.0,True,1794.0,0.9247422680412372,0.6169377453729669,24817
LG_HGA_2O,CB1_CAUR_S_CF2_RI2_TI2_R12,746101,S,CF2,C01,0.1,True,1654.0,0.8826040554962646,4.156171284634761,4417
LG_HGA_2O,CB1_CAUR_S_CF2_RI2_TI2_R12,746101,S,CF2,C01,0.25,True,1654.0,0.8826040554962646,4.156171284634761,4417
LG_HGA_2O,CB1_CAUR_S_CF2_RI2_TI2_R12,746101,S,CF2,C01,0.5,True,1654.0,0.8826040554962646,4.156171284634761,4417
LG_HGA_2O,CB1_CAUR_S_CF2_RI2_TI2_R12,746101,S,CF2,C01,0.75,True,1654.0,0.8826040554962646,4.156171284634761,4417
LG_HGA_2O,CB1_CAUR_S_CF2_RI2_TI2_R12,746101,S,CF2,C01,1.0,True,1654.0,0.8826040554962646,4.156171284634761,4417
LG_HGA_2O,CB1_CAUR_S_CF2_RI2_TI2_R12,746102,S,CF2,C01,0.1,True,1704.0,0.9092849519743863,7.30478589420655,4328
LG_HGA_2O,CB1_CAUR_S_CF2_RI2_TI2_R12,746102,S,CF2,C01,0.25,True,1704.0,0.9092849519743863,7.30478589420655,4328
LG_HGA_2O,CB1_CAUR_S_CF2_RI2_TI2_R12,746102,S,CF2,C01,0.5,True,1692.0,0.9028815368196371,6.54911838790932,22408
LG_HGA_2O,CB1_CAUR_S_CF2_RI2_TI2_R12,746102,S,CF2,C01,0.75,True,1686.0,0.8996798292422625,6.171284634760705,28258
LG_HGA_2O,CB1_CAUR_S_CF2_RI2_TI2_R12,746102,S,CF2,C01,1.0,True,1611.0,0.8596584845250801,1.4483627204030227,49461
LG_HGA_2O,CB1_CAUR_S_CF2_RI2_TI2_R12,746103,S,CF2,C01,0.1,True,1692.0,0.9028815368196371,6.54911838790932,2581
LG_HGA_2O,CB1_CAUR_S_CF2_RI2_TI2_R12,746103,S,CF2,C01,0.25,True,1692.0,0.9028815368196371,6.54911838790932,2581
LG_HGA_2O,CB1_CAUR_S_CF2_RI2_TI2_R12,746103,S,CF2,C01,0.5,True,1607.0,0.8575240128068303,1.1964735516372795,21802
LG_HGA_2O,CB1_CAUR_S_CF2_RI2_TI2_R12,746103,S,CF2,C01,0.75,True,1607.0,0.8575240128068303,1.1964735516372795,21802
LG_HGA_2O,CB1_CAUR_S_CF2_RI2_TI2_R12,746103,S,CF2,C01,1.0,True,1607.0,0.8575240128068303,1.1964735516372795,21802
LG_HGA_2O,CB1_CAUR_S_CF2_RI2_TI2_R12_C02,746101,S,CF2,C02,0.1,True,2022.0,0.9551251771374587,7.32484076433121,4752
LG_HGA_2O,CB1_CAUR_S_CF2_RI2_TI2_R12_C02,746101,S,CF2,C02,0.25,True,1976.0,0.9333963155408597,4.883227176220807,8333
LG_HGA_2O,CB1_CAUR_S_CF2_RI2_TI2_R12_C02,746101,S,CF2,C02,0.5,True,1976.0,0.9333963155408597,4.883227176220807,8333
LG_HGA_2O,CB1_CAUR_S_CF2_RI2_TI2_R12_C02,746101,S,CF2,C02,0.75,True,1976.0,0.9333963155408597,4.883227176220807,8333
LG_HGA_2O,CB1_CAUR_S_CF2_RI2_TI2_R12_C02,746101,S,CF2,C02,1.0,True,1976.0,0.9333963155408597,4.883227176220807,8333
LG_HGA_2O,CB1_CAUR_S_CF2_RI2_TI2_R12_C02,746102,S,CF2,C02,0.1,True,2055.0,0.9707132735002362,9.07643312101911,2409
LG_HGA_2O,CB1_CAUR_S_CF2_RI2_TI2_R12_C02,746102,S,CF2,C02,0.25,True,2055.0,0.9707132735002362,9.07643312101911,2409
LG_HGA_2O,CB1_CAUR_S_CF2_RI2_TI2_R12_C02,746102,S,CF2,C02,0.5,True,1973.0,0.9319792158715163,4.7239915074309975,20410
LG_HGA_2O,CB1_CAUR_S_CF2_RI2_TI2_R12_C02,746102,S,CF2,C02,0.75,True,1972.0,0.9315068493150684,4.670912951167728,25318
LG_HGA_2O,CB1_CAUR_S_CF2_RI2_TI2_R12_C02,746102,S,CF2,C02,1.0,True,1972.0,0.9315068493150684,4.670912951167728,25318
LG_HGA_2O,CB1_CAUR_S_CF2_RI2_TI2_R12_C02,746103,S,CF2,C02,0.1,True,2062.0,0.9740198393953708,9.447983014861995,2867
LG_HGA_2O,CB1_CAUR_S_CF2_RI2_TI2_R12_C02,746103,S,CF2,C02,0.25,True,2041.0,0.9641001417099669,8.333333333333334,8548
LG_HGA_2O,CB1_CAUR_S_CF2_RI2_TI2_R12_C02,746103,S,CF2,C02,0.5,True,1988.0,0.9390647142182333,5.520169851380042,19687
LG_HGA_2O,CB1_CAUR_S_CF2_RI2_TI2_R12_C02,746103,S,CF2,C02,0.75,True,1988.0,0.9390647142182333,5.520169851380042,19687
LG_HGA_2O,CB1_CAUR_S_CF2_RI2_TI2_R12_C02,746103,S,CF2,C02,1.0,True,1951.0,0.9215871516296646,3.5562632696390657,46716
LG_HGA_2O,CB1_CAUR_S_CF3_RI2_TI2_R12,746101,S,CF3,C01,0.1,True,1789.0,0.8617533718689788,8.09667673716012,2225
LG_HGA_2O,CB1_CAUR_S_CF3_RI2_TI2_R12,746101,S,CF3,C01,0.25,True,1785.0,0.8598265895953757,7.854984894259819,5055
LG_HGA_2O,CB1_CAUR_S_CF3_RI2_TI2_R12,746101,S,CF3,C01,0.5,True,1742.0,0.8391136801541426,5.256797583081571,22786
LG_HGA_2O,CB1_CAUR_S_CF3_RI2_TI2_R12,746101,S,CF3,C01,0.75,True,1742.0,0.8391136801541426,5.256797583081571,22786
LG_HGA_2O,CB1_CAUR_S_CF3_RI2_TI2_R12,746101,S,CF3,C01,1.0,True,1742.0,0.8391136801541426,5.256797583081571,22786
LG_HGA_2O,CB1_CAUR_S_CF3_RI2_TI2_R12,746102,S,CF3,C01,0.1,True,1791.0,0.8627167630057804,8.217522658610273,2172
LG_HGA_2O,CB1_CAUR_S_CF3_RI2_TI2_R12,746102,S,CF3,C01,0.25,True,1791.0,0.8627167630057804,8.217522658610273,2172
LG_HGA_2O,CB1_CAUR_S_CF3_RI2_TI2_R12,746102,S,CF3,C01,0.5,True,1697.0,0.8174373795761078,2.5377643504531724,17288
LG_HGA_2O,CB1_CAUR_S_CF3_RI2_TI2_R12,746102,S,CF3,C01,0.75,True,1697.0,0.8174373795761078,2.5377643504531724,17288
LG_HGA_2O,CB1_CAUR_S_CF3_RI2_TI2_R12,746102,S,CF3,C01,1.0,True,1697.0,0.8174373795761078,2.5377643504531724,17288
LG_HGA_2O,CB1_CAUR_S_CF3_RI2_TI2_R12,746103,S,CF3,C01,0.1,True,1745.0,0.8405587668593449,5.438066465256798,1967
LG_HGA_2O,CB1_CAUR_S_CF3_RI2_TI2_R12,746103,S,CF3,C01,0.25,True,1660.0,0.7996146435452793,0.3021148036253776,9302
LG_HGA_2O,CB1_CAUR_S_CF3_RI2_TI2_R12,746103,S,CF3,C01,0.5,True,1660.0,0.7996146435452793,0.3021148036253776,9302
LG_HGA_2O,CB1_CAUR_S_CF3_RI2_TI2_R12,746103,S,CF3,C01,0.75,True,1660.0,0.7996146435452793,0.3021148036253776,9302
LG_HGA_2O,CB1_CAUR_S_CF3_RI2_TI2_R12,746103,S,CF3,C01,1.0,True,1655.0,0.7972061657032755,0.0,48007
LG_HGA_2O,CB1_CAUR_S_CF3_RI2_TI2_R12_C02,746101,S,CF3,C02,0.1,True,1893.0,0.9782945736434109,9.485251590514748,673
LG_HGA_2O,CB1_CAUR_S_CF3_RI2_TI2_R12_C02,746101,S,CF3,C02,0.25,True,1893.0,0.9782945736434109,9.485251590514748,673
LG_HGA_2O,CB1_CAUR_S_CF3_RI2_TI2_R12_C02,746101,S,CF3,C02,0.5,True,1878.0,0.9705426356589147,8.617698091382302,22256
LG_HGA_2O,CB1_CAUR_S_CF3_RI2_TI2_R12_C02,746101,S,CF3,C02,0.75,True,1876.0,0.9695090439276486,8.502024291497976,30174
LG_HGA_2O,CB1_CAUR_S_CF3_RI2_TI2_R12_C02,746101,S,CF3,C02,1.0,True,1864.0,0.9633074935400516,7.8079814921920185,41757
LG_HGA_2O,CB1_CAUR_S_CF3_RI2_TI2_R12_C02,746102,S,CF3,C02,0.1,True,1917.0,0.9906976744186047,10.873337189126662,3640
LG_HGA_2O,CB1_CAUR_S_CF3_RI2_TI2_R12_C02,746102,S,CF3,C02,0.25,True,1917.0,0.9906976744186047,10.873337189126662,3640
LG_HGA_2O,CB1_CAUR_S_CF3_RI2_TI2_R12_C02,746102,S,CF3,C02,0.5,True,1825.0,0.9431524547803618,5.552342394447658,22806
LG_HGA_2O,CB1_CAUR_S_CF3_RI2_TI2_R12_C02,746102,S,CF3,C02,0.75,True,1825.0,0.9431524547803618,5.552342394447658,22806
LG_HGA_2O,CB1_CAUR_S_CF3_RI2_TI2_R12_C02,746102,S,CF3,C02,1.0,True,1825.0,0.9431524547803618,5.552342394447658,22806
LG_HGA_2O,CB1_CAUR_S_CF3_RI2_TI2_R12_C02,746103,S,CF3,C02,0.1,True,1901.0,0.9824289405684754,9.947946790052054,1322
LG_HGA_2O,CB1_CAUR_S_CF3_RI2_TI2_R12_C02,746103,S,CF3,C02,0.25,True,1901.0,0.9824289405684754,9.947946790052054,1322
LG_HGA_2O,CB1_CAUR_S_CF3_RI2_TI2_R12_C02,746103,S,CF3,C02,0.5,True,1797.0,0.9286821705426357,3.932909196067091,23138
LG_HGA_2O,CB1_CAUR_S_CF3_RI2_TI2_R12_C02,746103,S,CF3,C02,0.75,True,1797.0,0.9286821705426357,3.932909196067091,23138
LG_HGA_2O,CB1_CAUR_S_CF3_RI2_TI2_R12_C02,746103,S,CF3,C02,1.0,True,1797.0,0.9286821705426357,3.932909196067091,23138
NGAS_A1_6R,CB1_CAUR_L_CF1_RI2_TI2_R12,746101,L,CF1,C01,0.1,True,3752.0,0.8452354133813922,8.659136982334202,2721
NGAS_A1_6R,CB1_CAUR_L_CF1_RI2_TI2_R12,746101,L,CF1,C01,0.25,True,3475.0,0.7828339716152286,0.6371271358239212,6153
NGAS_A1_6R,CB1_CAUR_L_CF1_RI2_TI2_R12,746101,L,CF1,C01,0.5,True,3429.0,0.7724712773147105,-0.6950477845351868,13545
NGAS_A1_6R,CB1_CAUR_L_CF1_RI2_TI2_R12,746101,L,CF1,C01,0.75,True,3329.0,0.7499436810092364,-3.591080220098465,20089
NGAS_A1_6R,CB1_CAUR_L_CF1_RI2_TI2_R12,746101,L,CF1,C01,1.0,True,3229.0,0.7274160847037621,-6.487112655661743,21929
NGAS_A1_6R,CB1_CAUR_L_CF1_RI2_TI2_R12,746102,L,CF1,C01,0.1,True,3588.0,0.8082901554404145,3.909643788010426,2105
NGAS_A1_6R,CB1_CAUR_L_CF1_RI2_TI2_R12,746102,L,CF1,C01,0.25,True,3471.0,0.7819328677630096,0.5212858384013901,5737
NGAS_A1_6R,CB1_CAUR_L_CF1_RI2_TI2_R12,746102,L,CF1,C01,0.5,True,3471.0,0.7819328677630096,0.5212858384013901,5737
NGAS_A1_6R,CB1_CAUR_L_CF1_RI2_TI2_R12,746102,L,CF1,C01,0.75,True,3429.0,0.7724712773147105,-0.6950477845351868,19953
NGAS_A1_6R,CB1_CAUR_L_CF1_RI2_TI2_R12,746102,L,CF1,C01,1.0,True,3409.0,0.7679657580536157,-1.2742542716478424,20913
NGAS_A1_6R,CB1_CAUR_L_CF1_RI2_TI2_R12,746103,L,CF1,C01,0.1,True,3616.0,0.8145978824059473,4.720532869968143,2497
NGAS_A1_6R,CB1_CAUR_L_CF1_RI2_TI2_R12,746103,L,CF1,C01,0.25,True,3432.0,0.7731471052038748,-0.6081668114682884,3905
NGAS_A1_6R,CB1_CAUR_L_CF1_RI2_TI2_R12,746103,L,CF1,C01,0.5,True,3400.0,0.765938274386123,-1.5348971908485376,13585
NGAS_A1_6R,CB1_CAUR_L_CF1_RI2_TI2_R12,746103,L,CF1,C01,0.75,True,3397.0,0.7652624464969587,-1.6217781639154358,16297
NGAS_A1_6R,CB1_CAUR_L_CF1_RI2_TI2_R12,746103,L,CF1,C01,1.0,True,3386.0,0.7627844109033566,-1.9403417318273966,25833
NGAS_A1_6R,CB1_CAUR_L_CF1_RI2_TI2_R12_C02,746101,L,CF1,C02,0.1,True,3831.0,0.8177161152614728,3.261455525606469,1241
NGAS_A1_6R,CB1_CAUR_L_CF1_RI2_TI2_R12_C02,746101,L,CF1,C02,0.25,True,3727.0,0.7955176093916756,0.4582210242587601,6265
NGAS_A1_6R,CB1_CAUR_L_CF1_RI2_TI2_R12_C02,746101,L,CF1,C02,0.5,True,3727.0,0.7955176093916756,0.4582210242587601,6265
NGAS_A1_6R,CB1_CAUR_L_CF1_RI2_TI2_R12_C02,746101,L,CF1,C02,0.75,True,3727.0,0.7955176093916756,0.4582210242587601,6265
NGAS_A1_6R,CB1_CAUR_L_CF1_RI2_TI2_R12_C02,746101,L,CF1,C02,1.0,True,3727.0,0.7955176093916756,0.4582210242587601,6265
NGAS_A1_6R,CB1_CAUR_L_CF1_RI2_TI2_R12_C02,746102,L,CF1,C02,0.1,True,3792.0,0.8093916755602988,2.210242587601078,2345
NGAS_A1_6R,CB1_CAUR_L_CF1_RI2_TI2_R12_C02,746102,L,CF1,C02,0.25,True,3792.0,0.8093916755602988,2.210242587601078,2345
NGAS_A1_6R,CB1_CAUR_L_CF1_RI2_TI2_R12_C02,746102,L,CF1,C02,0.5,True,3757.0,0.8019210245464248,1.266846361185984,6857
NGAS_A1_6R,CB1_CAUR_L_CF1_RI2_TI2_R12_C02,746102,L,CF1,C02,0.75,True,3757.0,0.8019210245464248,1.266846361185984,6857
NGAS_A1_6R,CB1_CAUR_L_CF1_RI2_TI2_R12_C02,746102,L,CF1,C02,1.0,True,3757.0,0.8019210245464248,1.266846361185984,6857
NGAS_A1_6R,CB1_CAUR_L_CF1_RI2_TI2_R12_C02,746103,L,CF1,C02,0.1,True,3801.0,0.8113127001067236,2.452830188679245,2337
NGAS_A1_6R,CB1_CAUR_L_CF1_RI2_TI2_R12_C02,746103,L,CF1,C02,0.25,True,3756.0,0.8017075773745997,1.2398921832884098,3065
NGAS_A1_6R,CB1_CAUR_L_CF1_RI2_TI2_R12_C02,746103,L,CF1,C02,0.5,True,3653.0,0.7797225186766276,-1.536388140161725,12577
NGAS_A1_6R,CB1_CAUR_L_CF1_RI2_TI2_R12_C02,746103,L,CF1,C02,0.75,True,3653.0,0.7797225186766276,-1.536388140161725,12577
NGAS_A1_6R,CB1_CAUR_L_CF1_RI2_TI2_R12_C02,746103,L,CF1,C02,1.0,True,3653.0,0.7797225186766276,-1.536388140161725,12577
NGAS_A1_6R,CB1_CAUR_L_CF2_RI2_TI2_R12,746101,L,CF2,C01,0.1,True,4416.0,0.942985265855221,6.00096015362458,65
NGAS_A1_6R,CB1_CAUR_L_CF2_RI2_TI2_R12,746101,L,CF2,C01,0.25,True,4416.0,0.942985265855221,6.00096015362458,65
NGAS_A1_6R,CB1_CAUR_L_CF2_RI2_TI2_R12,746101,L,CF2,C01,0.5,True,4416.0,0.942985265855221,6.00096015362458,65
NGAS_A1_6R,CB1_CAUR_L_CF2_RI2_TI2_R12,746101,L,CF2,C01,0.75,True,4412.0,0.9421311125346999,5.904944791166587,14097
NGAS_A1_6R,CB1_CAUR_L_CF2_RI2_TI2_R12,746101,L,CF2,C01,1.0,True,4411.0,0.9419175742045697,5.880940950552088,20393
NGAS_A1_6R,CB1_CAUR_L_CF2_RI2_TI2_R12,746102,L,CF2,C01,0.1,True,4401.0,0.9397821909032671,5.640902544407105,185
NGAS_A1_6R,CB1_CAUR_L_CF2_RI2_TI2_R12,746102,L,CF2,C01,0.25,True,4401.0,0.9397821909032671,5.640902544407105,185
NGAS_A1_6R,CB1_CAUR_L_CF2_RI2_TI2_R12,746102,L,CF2,C01,0.5,True,4401.0,0.9397821909032671,5.640902544407105,185
NGAS_A1_6R,CB1_CAUR_L_CF2_RI2_TI2_R12,746102,L,CF2,C01,0.75,True,4401.0,0.9397821909032671,5.640902544407105,185
NGAS_A1_6R,CB1_CAUR_L_CF2_RI2_TI2_R12,746102,L,CF2,C01,1.0,True,4401.0,0.9397821909032671,5.640902544407105,185
NGAS_A1_6R,CB1_CAUR_L_CF2_RI2_TI2_R12,746103,L,CF2,C01,0.1,True,4398.0,0.9391415759128764,5.56889102256361,49
NGAS_A1_6R,CB1_CAUR_L_CF2_RI2_TI2_R12,746103,L,CF2,C01,0.25,True,4350.0,0.928891736066624,4.416706673067691,4945
NGAS_A1_6R,CB1_CAUR_L_CF2_RI2_TI2_R12,746103,L,CF2,C01,0.5,True,4288.0,0.915652359598548,2.928468554968795,11929
NGAS_A1_6R,CB1_CAUR_L_CF2_RI2_TI2_R12,746103,L,CF2,C01,0.75,True,4245.0,0.9064702114029468,1.8963034085453672,18849
NGAS_A1_6R,CB1_CAUR_L_CF2_RI2_TI2_R12,746103,L,CF2,C01,1.0,True,4245.0,0.9064702114029468,1.8963034085453672,18849
NGAS_A1_6R,CB1_CAUR_L_CF2_RI2_TI2_R12_C02,746101,L,CF2,C02,0.1,True,4155.0,0.9885795860099929,5.003790750568613,25
NGAS_A1_6R,CB1_CAUR_L_CF2_RI2_TI2_R12_C02,746101,L,CF2,C02,0.25,True,4155.0,0.9885795860099929,5.003790750568613,25
NGAS_A1_6R,CB1_CAUR_L_CF2_RI2_TI2_R12_C02,746101,L,CF2,C02,0.5,True,4155.0,0.9885795860099929,5.003790750568613,25
NGAS_A1_6R,CB1_CAUR_L_CF2_RI2_TI2_R12_C02,746101,L,CF2,C02,0.75,True,4155.0,0.9885795860099929,5.003790750568613,25
NGAS_A1_6R,CB1_CAUR_L_CF2_RI2_TI2_R12_C02,746101,L,CF2,C02,1.0,True,4155.0,0.9885795860099929,5.003790750568613,25
NGAS_A1_6R,CB1_CAUR_L_CF2_RI2_TI2_R12_C02,746102,L,CF2,C02,0.1,True,4203.0,1.0,6.21683093252464,1
NGAS_A1_6R,CB1_CAUR_L_CF2_RI2_TI2_R12_C02,746102,L,CF2,C02,0.25,True,4203.0,1.0,6.21683093252464,1
NGAS_A1_6R,CB1_CAUR_L_CF2_RI2_TI2_R12_C02,746102,L,CF2,C02,0.5,True,4203.0,1.0,6.21683093252464,1
NGAS_A1_6R,CB1_CAUR_L_CF2_RI2_TI2_R12_C02,746102,L,CF2,C02,0.75,True,4203.0,1.0,6.21683093252464,1
NGAS_A1_6R,CB1_CAUR_L_CF2_RI2_TI2_R12_C02,746102,L,CF2,C02,1.0,True,4203.0,1.0,6.21683093252464,1
NGAS_A1_6R,CB1_CAUR_L_CF2_RI2_TI2_R12_C02,746103,L,CF2,C02,0.1,True,4203.0,1.0,6.21683093252464,1
NGAS_A1_6R,CB1_CAUR_L_CF2_RI2_TI2_R12_C02,746103,L,CF2,C02,0.25,True,4203.0,1.0,6.21683093252464,1
NGAS_A1_6R,CB1_CAUR_L_CF2_RI2_TI2_R12_C02,746103,L,CF2,C02,0.5,True,4203.0,1.0,6.21683093252464,1
NGAS_A1_6R,CB1_CAUR_L_CF2_RI2_TI2_R12_C02,746103,L,CF2,C02,0.75,True,4203.0,1.0,6.21683093252464,1
NGAS_A1_6R,CB1_CAUR_L_CF2_RI2_TI2_R12_C02,746103,L,CF2,C02,1.0,True,4203.0,1.0,6.21683093252464,1
NGAS_A1_6R,CB1_CAUR_L_CF3_RI2_TI2_R12,746101,L,CF3,C01,0.1,True,4368.0,0.964451313755796,5.379975874547648,73
NGAS_A1_6R,CB1_CAUR_L_CF3_RI2_TI2_R12,746101,L,CF3,C01,0.25,True,4270.0,0.9428129829984544,3.0156815440289506,5049
NGAS_A1_6R,CB1_CAUR_L_CF3_RI2_TI2_R12,746101,L,CF3,C01,0.5,True,4157.0,0.9178626628394789,0.28950542822677927,10017
NGAS_A1_6R,CB1_CAUR_L_CF3_RI2_TI2_R12,746101,L,CF3,C01,0.75,True,4157.0,0.9178626628394789,0.28950542822677927,10017
NGAS_A1_6R,CB1_CAUR_L_CF3_RI2_TI2_R12,746101,L,CF3,C01,1.0,True,4157.0,0.9178626628394789,0.28950542822677927,10017
NGAS_A1_6R,CB1_CAUR_L_CF3_RI2_TI2_R12,746102,L,CF3,C01,0.1,True,4496.0,0.9927136233164053,8.468033775633293,1721
NGAS_A1_6R,CB1_CAUR_L_CF3_RI2_TI2_R12,746102,L,CF3,C01,0.25,True,4330.0,0.95606094060499,4.463208685162847,3433
NGAS_A1_6R,CB1_CAUR_L_CF3_RI2_TI2_R12,746102,L,CF3,C01,0.5,True,4194.0,0.9260322366968425,1.1821471652593487,10473
NGAS_A1_6R,CB1_CAUR_L_CF3_RI2_TI2_R12,746102,L,CF3,C01,0.75,True,4185.0,0.9240450430558622,0.9650180940892642,12505
NGAS_A1_6R,CB1_CAUR_L_CF3_RI2_TI2_R12,746102,L,CF3,C01,1.0,True,4185.0,0.9240450430558622,0.9650180940892642,12505
NGAS_A1_6R,CB1_CAUR_L_CF3_RI2_TI2_R12,746103,L,CF3,C01,0.1,True,4444.0,0.9812320600574078,7.213510253317249,545
NGAS_A1_6R,CB1_CAUR_L_CF3_RI2_TI2_R12,746103,L,CF3,C01,0.25,True,4244.0,0.9370722013689556,2.388419782870929,6049
NGAS_A1_6R,CB1_CAUR_L_CF3_RI2_TI2_R12,746103,L,CF3,C01,0.5,True,4244.0,0.9370722013689556,2.388419782870929,6049
NGAS_A1_6R,CB1_CAUR_L_CF3_RI2_TI2_R12,746103,L,CF3,C01,0.75,True,4244.0,0.9370722013689556,2.388419782870929,6049
NGAS_A1_6R,CB1_CAUR_L_CF3_RI2_TI2_R12,746103,L,CF3,C01,1.0,True,4244.0,0.9370722013689556,2.388419782870929,6049
NGAS_A1_6R,CB1_CAUR_L_CF3_RI2_TI2_R12_C02,746101,L,CF3,C02,0.1,True,3469.0,1.0,9.08805031446541,1
NGAS_A1_6R,CB1_CAUR_L_CF3_RI2_TI2_R12_C02,746101,L,CF3,C02,0.25,True,3469.0,1.0,9.08805031446541,1
NGAS_A1_6R,CB1_CAUR_L_CF3_RI2_TI2_R12_C02,746101,L,CF3,C02,0.5,True,3469.0,1.0,9.08805031446541,1
NGAS_A1_6R,CB1_CAUR_L_CF3_RI2_TI2_R12_C02,746101,L,CF3,C02,0.75,True,3469.0,1.0,9.08805031446541,1
NGAS_A1_6R,CB1_CAUR_L_CF3_RI2_TI2_R12_C02,746101,L,CF3,C02,1.0,True,3469.0,1.0,9.08805031446541,1
NGAS_A1_6R,CB1_CAUR_L_CF3_RI2_TI2_R12_C02,746102,L,CF3,C02,0.1,True,3404.0,0.981262611703661,7.044025157232705,9
NGAS_A1_6R,CB1_CAUR_L_CF3_RI2_TI2_R12_C02,746102,L,CF3,C02,0.25,True,3404.0,0.981262611703661,7.044025157232705,9
NGAS_A1_6R,CB1_CAUR_L_CF3_RI2_TI2_R12_C02,746102,L,CF3,C02,0.5,True,3404.0,0.981262611703661,7.044025157232705,9
NGAS_A1_6R,CB1_CAUR_L_CF3_RI2_TI2_R12_C02,746102,L,CF3,C02,0.75,True,3404.0,0.981262611703661,7.044025157232705,9
NGAS_A1_6R,CB1_CAUR_L_CF3_RI2_TI2_R12_C02,746102,L,CF3,C02,1.0,True,3404.0,0.981262611703661,7.044025157232705,9
NGAS_A1_6R,CB1_CAUR_L_CF3_RI2_TI2_R12_C02,746103,L,CF3,C02,0.1,True,3469.0,1.0,9.08805031446541,1
NGAS_A1_6R,CB1_CAUR_L_CF3_RI2_TI2_R12_C02,746103,L,CF3,C02,0.25,True,3469.0,1.0,9.08805031446541,1
NGAS_A1_6R,CB1_CAUR_L_CF3_RI2_TI2_R12_C02,746103,L,CF3,C02,0.5,True,3469.0,1.0,9.08805031446541,1
NGAS_A1_6R,CB1_CAUR_L_CF3_RI2_TI2_R12_C02,746103,L,CF3,C02,0.75,True,3469.0,1.0,9.08805031446541,1
NGAS_A1_6R,CB1_CAUR_L_CF3_RI2_TI2_R12_C02,746103,L,CF3,C02,1.0,True,3469.0,1.0,9.08805031446541,1
NGAS_A1_6R,CB1_CAUR_M_CF1_RI2_TI2_R12,746101,M,CF1,C01,0.1,True,2903.0,0.984401492031197,5.833029529711994,41
NGAS_A1_6R,CB1_CAUR_M_CF1_RI2_TI2_R12,746101,M,CF1,C01,0.25,True,2821.0,0.9565954560868091,2.843601895734597,6761
NGAS_A1_6R,CB1_CAUR_M_CF1_RI2_TI2_R12,746101,M,CF1,C01,0.5,True,2791.0,0.946422516107155,1.7499088589135983,10057
NGAS_A1_6R,CB1_CAUR_M_CF1_RI2_TI2_R12,746101,M,CF1,C01,0.75,True,2791.0,0.946422516107155,1.7499088589135983,10057
NGAS_A1_6R,CB1_CAUR_M_CF1_RI2_TI2_R12,746101,M,CF1,C01,1.0,True,2791.0,0.946422516107155,1.7499088589135983,10057
NGAS_A1_6R,CB1_CAUR_M_CF1_RI2_TI2_R12,746102,M,CF1,C01,0.1,True,2949.0,1.0,7.510025519504192,1
NGAS_A1_6R,CB1_CAUR_M_CF1_RI2_TI2_R12,746102,M,CF1,C01,0.25,True,2828.0,0.9589691420820617,3.098796937659497,7569
NGAS_A1_6R,CB1_CAUR_M_CF1_RI2_TI2_R12,746102,M,CF1,C01,0.5,True,2714.0,0.920311970159376,-1.057236602260299,12961
NGAS_A1_6R,CB1_CAUR_M_CF1_RI2_TI2_R12,746102,M,CF1,C01,0.75,True,2689.0,0.9118345201763309,-1.968647466277798,20649
NGAS_A1_6R,CB1_CAUR_M_CF1_RI2_TI2_R12,746102,M,CF1,C01,1.0,True,2682.0,0.9094608341810784,-2.2238425082026976,34033
NGAS_A1_6R,CB1_CAUR_M_CF1_RI2_TI2_R12,746103,M,CF1,C01,0.1,True,2899.0,0.9830451000339098,5.687203791469194,81
NGAS_A1_6R,CB1_CAUR_M_CF1_RI2_TI2_R12,746103,M,CF1,C01,0.25,True,2707.0,0.9179382841641235,-1.3124316441851986,8281
NGAS_A1_6R,CB1_CAUR_M_CF1_RI2_TI2_R12,746103,M,CF1,C01,0.5,True,2632.0,0.8925059342149881,-4.046664236237696,10609
NGAS_A1_6R,CB1_CAUR_M_CF1_RI2_TI2_R12,746103,M,CF1,C01,0.75,True,2603.0,0.8826720922346558,-5.103900838497995,21017
NGAS_A1_6R,CB1_CAUR_M_CF1_RI2_TI2_R12,746103,M,CF1,C01,1.0,True,2587.0,0.877246524245507,-5.687203791469194,30193
NGAS_A1_6R,CB1_CAUR_M_CF1_RI2_TI2_R12_C02,746101,M,CF1,C02,0.1,True,2983.0,0.9047619047619048,7.611832611832612,761
NGAS_A1_6R,CB1_CAUR_M_CF1_RI2_TI2_R12_C02,746101,M,CF1,C02,0.25,True,2872.0,0.8710949347892023,3.6075036075036073,4561
NGAS_A1_6R,CB1_CAUR_M_CF1_RI2_TI2_R12_C02,746101,M,CF1,C02,0.5,True,2781.0,0.8434940855323021,0.3246753246753247,13713
NGAS_A1_6R,CB1_CAUR_M_CF1_RI2_TI2_R12_C02,746101,M,CF1,C02,0.75,True,2750.0,0.8340915984228087,-0.7936507936507936,20361
NGAS_A1_6R,CB1_CAUR_M_CF1_RI2_TI2_R12_C02,746101,M,CF1,C02,1.0,True,2731.0,0.8283287837427965,-1.479076479076479,31753
NGAS_A1_6R,CB1_CAUR_M_CF1_RI2_TI2_R12_C02,746102,M,CF1,C02,0.1,True,2891.0,0.8768577494692145,4.292929292929293,2577
NGAS_A1_6R,CB1_CAUR_M_CF1_RI2_TI2_R12_C02,746102,M,CF1,C02,0.25,True,2802.0,0.8498635122838945,1.0822510822510822,6729
NGAS_A1_6R,CB1_CAUR_M_CF1_RI2_TI2_R12_C02,746102,M,CF1,C02,0.5,True,2802.0,0.8498635122838945,1.0822510822510822,6729
NGAS_A1_6R,CB1_CAUR_M_CF1_RI2_TI2_R12_C02,746102,M,CF1,C02,0.75,True,2802.0,0.8498635122838945,1.0822510822510822,6729
NGAS_A1_6R,CB1_CAUR_M_CF1_RI2_TI2_R12_C02,746102,M,CF1,C02,1.0,True,2802.0,0.8498635122838945,1.0822510822510822,6729
NGAS_A1_6R,CB1_CAUR_M_CF1_RI2_TI2_R12_C02,746103,M,CF1,C02,0.1,True,2846.0,0.8632089778586594,2.6695526695526697,2721
NGAS_A1_6R,CB1_CAUR_M_CF1_RI2_TI2_R12_C02,746103,M,CF1,C02,0.25,True,2846.0,0.8632089778586594,2.6695526695526697,2721
NGAS_A1_6R,CB1_CAUR_M_CF1_RI2_TI2_R12_C02,746103,M,CF1,C02,0.5,True,2805.0,0.8507734303912647,1.1904761904761905,16953
NGAS_A1_6R,CB1_CAUR_M_CF1_RI2_TI2_R12_C02,746103,M,CF1,C02,0.75,True,2756.0,0.8359114346375492,-0.5772005772005772,24361
NGAS_A1_6R,CB1_CAUR_M_CF1_RI2_TI2_R12_C02,746103,M,CF1,C02,1.0,True,2723.0,0.8259023354564756,-1.7676767676767677,26745
NGAS_A1_6R,CB1_CAUR_M_CF2_RI2_TI2_R12,746101,M,CF2,C01,0.1,True,3047.0,0.9685314685314685,9.525521207764198,25
NGAS_A1_6R,CB1_CAUR_M_CF2_RI2_TI2_R12,746101,M,CF2,C01,0.25,True,2977.0,0.9462809917355371,7.009345794392523,8257
NGAS_A1_6R,CB1_CAUR_M_CF2_RI2_TI2_R12,746101,M,CF2,C01,0.5,True,2894.0,0.9198982835346472,4.02588066139468,11897
NGAS_A1_6R,CB1_CAUR_M_CF2_RI2_TI2_R12,746101,M,CF2,C01,0.75,True,2894.0,0.9198982835346472,4.02588066139468,11897
NGAS_A1_6R,CB1_CAUR_M_CF2_RI2_TI2_R12,746101,M,CF2,C01,1.0,True,2874.0,0.9135410044500953,3.3069734004313442,26185
NGAS_A1_6R,CB1_CAUR_M_CF2_RI2_TI2_R12,746102,M,CF2,C01,0.1,True,3014.0,0.958041958041958,8.339324227174695,1825
NGAS_A1_6R,CB1_CAUR_M_CF2_RI2_TI2_R12,746102,M,CF2,C01,0.25,True,2972.0,0.9446916719643992,6.8296189791516895,7137
NGAS_A1_6R,CB1_CAUR_M_CF2_RI2_TI2_R12,746102,M,CF2,C01,0.5,True,2935.0,0.9329307056579784,5.499640546369518,8529
NGAS_A1_6R,CB1_CAUR_M_CF2_RI2_TI2_R12,746102,M,CF2,C01,0.75,True,2935.0,0.9329307056579784,5.499640546369518,8529
NGAS_A1_6R,CB1_CAUR_M_CF2_RI2_TI2_R12,746102,M,CF2,C01,1.0,True,2935.0,0.9329307056579784,5.499640546369518,8529
NGAS_A1_6R,CB1_CAUR_M_CF2_RI2_TI2_R12,746103,M,CF2,C01,0.1,True,3029.0,0.9628099173553719,8.878504672897197,17
NGAS_A1_6R,CB1_CAUR_M_CF2_RI2_TI2_R12,746103,M,CF2,C01,0.25,True,2925.0,0.9297520661157025,5.140186915887851,7121
NGAS_A1_6R,CB1_CAUR_M_CF2_RI2_TI2_R12,746103,M,CF2,C01,0.5,True,2875.0,0.913858868404323,3.3429187634795112,9585
NGAS_A1_6R,CB1_CAUR_M_CF2_RI2_TI2_R12,746103,M,CF2,C01,0.75,True,2854.0,0.9071837253655436,2.5880661394680087,23225
NGAS_A1_6R,CB1_CAUR_M_CF2_RI2_TI2_R12,746103,M,CF2,C01,1.0,True,2854.0,0.9071837253655436,2.5880661394680087,23225
NGAS_A1_6R,CB1_CAUR_M_CF2_RI2_TI2_R12_C02,746101,M,CF2,C02,0.1,True,3817.0,0.9631592228110017,4.346637506834336,2337
NGAS_A1_6R,CB1_CAUR_M_CF2_RI2_TI2_R12_C02,746101,M,CF2,C02,0.25,True,3691.0,0.9313651274287156,0.9021323127392018,7105
NGAS_A1_6R,CB1_CAUR_M_CF2_RI2_TI2_R12_C02,746101,M,CF2,C02,0.5,True,3691.0,0.9313651274287156,0.9021323127392018,7105
NGAS_A1_6R,CB1_CAUR_M_CF2_RI2_TI2_R12_C02,746101,M,CF2,C02,0.75,True,3666.0,0.9250567751703255,0.21869874248223073,22337
NGAS_A1_6R,CB1_CAUR_M_CF2_RI2_TI2_R12_C02,746101,M,CF2,C02,1.0,True,3666.0,0.9250567751703255,0.21869874248223073,22337
NGAS_A1_6R,CB1_CAUR_M_CF2_RI2_TI2_R12_C02,746102,M,CF2,C02,0.1,True,3786.0,0.9553368660105981,3.4991798797156917,2257
NGAS_A1_6R,CB1_CAUR_M_CF2_RI2_TI2_R12_C02,746102,M,CF2,C02,0.25,True,3691.0,0.9313651274287156,0.9021323127392018,7729
NGAS_A1_6R,CB1_CAUR_M_CF2_RI2_TI2_R12_C02,746102,M,CF2,C02,0.5,True,3665.0,0.9248044410799899,0.1913613996719519,11825
NGAS_A1_6R,CB1_CAUR_M_CF2_RI2_TI2_R12_C02,746102,M,CF2,C02,0.75,True,3665.0,0.9248044410799899,0.1913613996719519,11825
NGAS_A1_6R,CB1_CAUR_M_CF2_RI2_TI2_R12_C02,746102,M,CF2,C02,1.0,True,3651.0,0.9212717638152914,-0.1913613996719519,26137
NGAS_A1_6R,CB1_CAUR_M_CF2_RI2_TI2_R12_C02,746103,M,CF2,C02,0.1,True,3783.0,0.9545798637395913,3.417167851284855,1553
NGAS_A1_6R,CB1_CAUR_M_CF2_RI2_TI2_R12_C02,746103,M,CF2,C02,0.25,True,3783.0,0.9545798637395913,3.417167851284855,1553
NGAS_A1_6R,CB1_CAUR_M_CF2_RI2_TI2_R12_C02,746103,M,CF2,C02,0.5,True,3723.0,0.939439818319455,1.7769272826681246,15217
NGAS_A1_6R,CB1_CAUR_M_CF2_RI2_TI2_R12_C02,746103,M,CF2,C02,0.75,True,3694.0,0.9321221296997224,0.9841443411700382,19889
NGAS_A1_6R,CB1_CAUR_M_CF2_RI2_TI2_R12_C02,746103,M,CF2,C02,1.0,True,3684.0,0.9295987887963664,0.7107709130672498,31817
NGAS_A1_6R,CB1_CAUR_M_CF3_RI2_TI2_R12,746101,M,CF3,C01,0.1,True,2858.0,1.0,8.298597953770367,1
NGAS_A1_6R,CB1_CAUR_M_CF3_RI2_TI2_R12,746101,M,CF3,C01,0.25,True,2858.0,1.0,8.298597953770367,1
NGAS_A1_6R,CB1_CAUR_M_CF3_RI2_TI2_R12,746101,M,CF3,C01,0.5,True,2858.0,1.0,8.298597953770367,1
NGAS_A1_6R,CB1_CAUR_M_CF3_RI2_TI2_R12,746101,M,CF3,C01,0.75,True,2807.0,0.9821553533939819,6.36604774535809,22369
NGAS_A1_6R,CB1_CAUR_M_CF3_RI2_TI2_R12,746101,M,CF3,C01,1.0,True,2795.0,0.9779566130160952,5.911330049261084,32753
NGAS_A1_6R,CB1_CAUR_M_CF3_RI2_TI2_R12,746102,M,CF3,C01,0.1,True,2752.0,0.9629111266620014,4.281924971580144,25
NGAS_A1_6R,CB1_CAUR_M_CF3_RI2_TI2_R12,746102,M,CF3,C01,0.25,True,2752.0,0.9629111266620014,4.281924971580144,25
NGAS_A1_6R,CB1_CAUR_M_CF3_RI2_TI2_R12,746102,M,CF3,C01,0.5,True,2752.0,0.9629111266620014,4.281924971580144,25
NGAS_A1_6R,CB1_CAUR_M_CF3_RI2_TI2_R12,746102,M,CF3,C01,0.75,True,2752.0,0.9629111266620014,4.281924971580144,25
NGAS_A1_6R,CB1_CAUR_M_CF3_RI2_TI2_R12,746102,M,CF3,C01,1.0,True,2748.0,0.9615115465360392,4.130352406214475,30657
NGAS_A1_6R,CB1_CAUR_M_CF3_RI2_TI2_R12,746103,M,CF3,C01,0.1,True,2850.0,0.9972008397480756,7.99545282303903,9
NGAS_A1_6R,CB1_CAUR_M_CF3_RI2_TI2_R12,746103,M,CF3,C01,0.25,True,2795.0,0.9779566130160952,5.911330049261084,5465
NGAS_A1_6R,CB1_CAUR_M_CF3_RI2_TI2_R12,746103,M,CF3,C01,0.5,True,2766.0,0.9678096571028691,4.812428950359985,11689
NGAS_A1_6R,CB1_CAUR_M_CF3_RI2_TI2_R12,746103,M,CF3,C01,0.75,True,2702.0,0.9454163750874738,2.387267904509284,24993
NGAS_A1_6R,CB1_CAUR_M_CF3_RI2_TI2_R12,746103,M,CF3,C01,1.0,True,2702.0,0.9454163750874738,2.387267904509284,24993
NGAS_A1_6R,CB1_CAUR_M_CF3_RI2_TI2_R12_C02,746101,M,CF3,C02,0.1,True,3217.0,0.9798964361864149,10.095824777549623,17
NGAS_A1_6R,CB1_CAUR_M_CF3_RI2_TI2_R12_C02,746101,M,CF3,C02,0.25,True,3102.0,0.9448674992385013,6.160164271047228,6881
NGAS_A1_6R,CB1_CAUR_M_CF3_RI2_TI2_R12_C02,746101,M,CF3,C02,0.5,True,3069.0,0.9348157173317088,5.030800821355236,11241
NGAS_A1_6R,CB1_CAUR_M_CF3_RI2_TI2_R12_C02,746101,M,CF3,C02,0.75,True,3063.0,0.9329881206213829,4.825462012320329,25585
NGAS_A1_6R,CB1_CAUR_M_CF3_RI2_TI2_R12_C02,746101,M,CF3,C02,1.0,True,3033.0,0.9238501370697533,3.7987679671457903,28657
NGAS_A1_6R,CB1_CAUR_M_CF3_RI2_TI2_R12_C02,746102,M,CF3,C02,0.1,True,3084.0,0.9393847091075236,5.544147843942505,2657
NGAS_A1_6R,CB1_CAUR_M_CF3_RI2_TI2_R12_C02,746102,M,CF3,C02,0.25,True,3066.0,0.9339019189765458,4.9281314168377826,6593
NGAS_A1_6R,CB1_CAUR_M_CF3_RI2_TI2_R12_C02,746102,M,CF3,C02,0.5,True,3066.0,0.9339019189765458,4.9281314168377826,6593
NGAS_A1_6R,CB1_CAUR_M_CF3_RI2_TI2_R12_C02,746102,M,CF3,C02,0.75,True,3053.0,0.929942126104173,4.483230663928816,23409
NGAS_A1_6R,CB1_CAUR_M_CF3_RI2_TI2_R12_C02,746102,M,CF3,C02,1.0,True,3035.0,0.9244593359731953,3.867214236824093,30817
NGAS_A1_6R,CB1_CAUR_M_CF3_RI2_TI2_R12_C02,746103,M,CF3,C02,0.1,True,3150.0,0.9594882729211087,7.8028747433264884,1545
NGAS_A1_6R,CB1_CAUR_M_CF3_RI2_TI2_R12_C02,746103,M,CF3,C02,0.25,True,3099.0,0.9439537008833384,6.057494866529774,5313
NGAS_A1_6R,CB1_CAUR_M_CF3_RI2_TI2_R12_C02,746103,M,CF3,C02,0.5,True,3015.0,0.9183673469387755,3.182751540041068,16929
NGAS_A1_6R,CB1_CAUR_M_CF3_RI2_TI2_R12_C02,746103,M,CF3,C02,0.75,True,3004.0,0.9150167529698446,2.8062970568104038,21737
NGAS_A1_6R,CB1_CAUR_M_CF3_RI2_TI2_R12_C02,746103,M,CF3,C02,1.0,True,2980.0,0.9077063661285409,1.9849418206707734,33625
NGAS_A1_6R,CB1_CAUR_S_CF1_RI2_TI2_R12,746101,S,CF1,C01,0.1,True,1700.0,0.9219088937093276,3.3434650455927053,3977
NGAS_A1_6R,CB1_CAUR_S_CF1_RI2_TI2_R12,746101,S,CF1,C01,0.25,True,1669.0,0.9050976138828634,1.458966565349544,10681
NGAS_A1_6R,CB1_CAUR_S_CF1_RI2_TI2_R12,746101,S,CF1,C01,0.5,True,1642.0,0.8904555314533622,-0.182370820668693,17889
NGAS_A1_6R,CB1_CAUR_S_CF1_RI2_TI2_R12,746101,S,CF1,C01,0.75,True,1628.0,0.8828633405639913,-1.033434650455927,33185
NGAS_A1_6R,CB1_CAUR_S_CF1_RI2_TI2_R12,746101,S,CF1,C01,1.0,True,1607.0,0.8714750542299349,-2.310030395136778,41657
NGAS_A1_6R,CB1_CAUR_S_CF1_RI2_TI2_R12,746102,S,CF1,C01,0.1,True,1747.0,0.9473969631236443,6.2006079027355625,4177
NGAS_A1_6R,CB1_CAUR_S_CF1_RI2_TI2_R12,746102,S,CF1,C01,0.25,True,1628.0,0.8828633405639913,-1.033434650455927,9897
NGAS_A1_6R,CB1_CAUR_S_CF1_RI2_TI2_R12,746102,S,CF1,C01,0.5,True,1628.0,0.8828633405639913,-1.033434650455927,9897
NGAS_A1_6R,CB1_CAUR_S_CF1_RI2_TI2_R12,746102,S,CF1,C01,0.75,True,1624.0,0.8806941431670282,-1.2765957446808511,24417
NGAS_A1_6R,CB1_CAUR_S_CF1_RI2_TI2_R12,746102,S,CF1,C01,1.0,True,1624.0,0.8806941431670282,-1.2765957446808511,24417
NGAS_A1_6R,CB1_CAUR_S_CF1_RI2_TI2_R12,746103,S,CF1,C01,0.1,True,1652.0,0.89587852494577,0.425531914893617,3985
NGAS_A1_6R,CB1_CAUR_S_CF1_RI2_TI2_R12,746103,S,CF1,C01,0.25,True,1652.0,0.89587852494577,0.425531914893617,3985
NGAS_A1_6R,CB1_CAUR_S_CF1_RI2_TI2_R12,746103,S,CF1,C01,0.5,True,1618.0,0.8774403470715835,-1.641337386018237,20601
NGAS_A1_6R,CB1_CAUR_S_CF1_RI2_TI2_R12,746103,S,CF1,C01,0.75,True,1614.0,0.8752711496746204,-1.884498480243161,32737
NGAS_A1_6R,CB1_CAUR_S_CF1_RI2_TI2_R12,746103,S,CF1,C01,1.0,True,1614.0,0.8752711496746204,-1.884498480243161,32737
NGAS_A1_6R,CB1_CAUR_S_CF1_RI2_TI2_R12_C02,746101,S,CF1,C02,0.1,True,1781.0,0.918041237113402,-0.11217049915872125,4321
NGAS_A1_6R,CB1_CAUR_S_CF1_RI2_TI2_R12_C02,746101,S,CF1,C02,0.25,True,1773.0,0.9139175257731958,-0.5608524957936063,10241
NGAS_A1_6R,CB1_CAUR_S_CF1_RI2_TI2_R12_C02,746101,S,CF1,C02,0.5,True,1753.0,0.9036082474226804,-1.682557487380819,18753
NGAS_A1_6R,CB1_CAUR_S_CF1_RI2_TI2_R12_C02,746101,S,CF1,C02,0.75,True,1750.0,0.9020618556701031,-1.8508132361189007,27121
NGAS_A1_6R,CB1_CAUR_S_CF1_RI2_TI2_R12_C02,746101,S,CF1,C02,1.0,True,1747.0,0.9005154639175258,-2.0190689848569825,39785
NGAS_A1_6R,CB1_CAUR_S_CF1_RI2_TI2_R12_C02,746102,S,CF1,C02,0.1,True,1885.0,0.9716494845360825,5.720695457094784,65
NGAS_A1_6R,CB1_CAUR_S_CF1_RI2_TI2_R12_C02,746102,S,CF1,C02,0.25,True,1811.0,0.9335051546391753,1.5703869882220975,11145
NGAS_A1_6R,CB1_CAUR_S_CF1_RI2_TI2_R12_C02,746102,S,CF1,C02,0.5,True,1811.0,0.9335051546391753,1.5703869882220975,11145
NGAS_A1_6R,CB1_CAUR_S_CF1_RI2_TI2_R12_C02,746102,S,CF1,C02,0.75,True,1811.0,0.9335051546391753,1.5703869882220975,11145
NGAS_A1_6R,CB1_CAUR_S_CF1_RI2_TI2_R12_C02,746102,S,CF1,C02,1.0,True,1811.0,0.9335051546391753,1.5703869882220975,11145
NGAS_A1_6R,CB1_CAUR_S_CF1_RI2_TI2_R12_C02,746103,S,CF1,C02,0.1,True,1844.0,0.9505154639175257,3.4212002243409985,4049
NGAS_A1_6R,CB1_CAUR_S_CF1_RI2_TI2_R12_C02,746103,S,CF1,C02,0.25,True,1844.0,0.9505154639175257,3.4212002243409985,4049
NGAS_A1_6R,CB1_CAUR_S_CF1_RI2_TI2_R12_C02,746103,S,CF1,C02,0.5,True,1832.0,0.9443298969072165,2.748177229388671,16249
NGAS_A1_6R,CB1_CAUR_S_CF1_RI2_TI2_R12_C02,746103,S,CF1,C02,0.75,True,1832.0,0.9443298969072165,2.748177229388671,16249
NGAS_A1_6R,CB1_CAUR_S_CF1_RI2_TI2_R12_C02,746103,S,CF1,C02,1.0,True,1820.0,0.9381443298969072,2.075154234436343,45417
NGAS_A1_6R,CB1_CAUR_S_CF2_RI2_TI2_R12,746101,S,CF2,C01,0.1,True,1778.0,0.9487726787620064,11.964735516372796,3873
NGAS_A1_6R,CB1_CAUR_S_CF2_RI2_TI2_R12,746101,S,CF2,C01,0.25,True,1683.0,0.8980789754535753,5.982367758186398,6697
NGAS_A1_6R,CB1_CAUR_S_CF2_RI2_TI2_R12,746101,S,CF2,C01,0.5,True,1626.0,0.8676627534685165,2.392947103274559,15777
NGAS_A1_6R,CB1_CAUR_S_CF2_RI2_TI2_R12,746101,S,CF2,C01,0.75,True,1626.0,0.8676627534685165,2.392947103274559,15777
NGAS_A1_6R,CB1_CAUR_S_CF2_RI2_TI2_R12,746101,S,CF2,C01,1.0,True,1626.0,0.8676627534685165,2.392947103274559,15777
NGAS_A1_6R,CB1_CAUR_S_CF2_RI2_TI2_R12,746102,S,CF2,C01,0.1,True,1652.0,0.8815368196371398,4.030226700251889,4529
NGAS_A1_6R,CB1_CAUR_S_CF2_RI2_TI2_R12,746102,S,CF2,C01,0.25,True,1652.0,0.8815368196371398,4.030226700251889,4529
NGAS_A1_6R,CB1_CAUR_S_CF2_RI2_TI2_R12,746102,S,CF2,C01,0.5,True,1601.0,0.8543223052294557,0.818639798488665,22377
NGAS_A1_6R,CB1_CAUR_S_CF2_RI2_TI2_R12,746102,S,CF2,C01,0.75,True,1564.0,0.8345784418356457,-1.5113350125944585,26521
NGAS_A1_6R,CB1_CAUR_S_CF2_RI2_TI2_R12,746102,S,CF2,C01,1.0,True,1558.0,0.8313767342582711,-1.8891687657430731,45601
NGAS_A1_6R,CB1_CAUR_S_CF2_RI2_TI2_R12,746103,S,CF2,C01,0.1,True,1770.0,0.9445037353255069,11.46095717884131,4265
NGAS_A1_6R,CB1_CAUR_S_CF2_RI2_TI2_R12,746103,S,CF2,C01,0.25,True,1709.0,0.9119530416221985,7.619647355163728,10913
NGAS_A1_6R,CB1_CAUR_S_CF2_RI2_TI2_R12,746103,S,CF2,C01,0.5,True,1627.0,0.8681963713980789,2.455919395465995,20385
NGAS_A1_6R,CB1_CAUR_S_CF2_RI2_TI2_R12,746103,S,CF2,C01,0.75,True,1621.0,0.8649946638207043,2.0780856423173804,30113
NGAS_A1_6R,CB1_CAUR_S_CF2_RI2_TI2_R12,746103,S,CF2,C01,1.0,True,1619.0,0.8639274279615795,1.9521410579345089,43857
NGAS_A1_6R,CB1_CAUR_S_CF2_RI2_TI2_R12_C02,746101,S,CF2,C02,0.1,True,1941.0,0.9168634860651866,3.0254777070063694,3241
NGAS_A1_6R,CB1_CAUR_S_CF2_RI2_TI2_R12_C02,746101,S,CF2,C02,0.25,True,1890.0,0.8927727916863486,0.3184713375796178,10281
NGAS_A1_6R,CB1_CAUR_S_CF2_RI2_TI2_R12_C02,746101,S,CF2,C02,0.5,True,1885.0,0.8904109589041096,0.05307855626326964,14089
NGAS_A1_6R,CB1_CAUR_S_CF2_RI2_TI2_R12_C02,746101,S,CF2,C02,0.75,True,1878.0,0.8871043930089749,-0.3184713375796178,28089
NGAS_A1_6R,CB1_CAUR_S_CF2_RI2_TI2_R12_C02,746101,S,CF2,C02,1.0,True,1874.0,0.8852149267831837,-0.5307855626326964,38297
NGAS_A1_6R,CB1_CAUR_S_CF2_RI2_TI2_R12_C02,746102,S,CF2,C02,0.1,True,1939.0,0.915918752952291,2.91932059447983,4153
NGAS_A1_6R,CB1_CAUR_S_CF2_RI2_TI2_R12_C02,746102,S,CF2,C02,0.25,True,1886.0,0.8908833254605574,0.10615711252653928,7793
NGAS_A1_6R,CB1_CAUR_S_CF2_RI2_TI2_R12_C02,746102,S,CF2,C02,0.5,True,1880.0,0.8880491261218706,-0.21231422505307856,19521
NGAS_A1_6R,CB1_CAUR_S_CF2_RI2_TI2_R12_C02,746102,S,CF2,C02,0.75,True,1880.0,0.8880491261218706,-0.21231422505307856,19521
NGAS_A1_6R,CB1_CAUR_S_CF2_RI2_TI2_R12_C02,746102,S,CF2,C02,1.0,True,1855.0,0.8762399622106755,-1.5392781316348196,42745
NGAS_A1_6R,CB1_CAUR_S_CF2_RI2_TI2_R12_C02,746103,S,CF2,C02,0.1,True,1982.0,0.9362305148795466,5.201698513800425,3801
NGAS_A1_6R,CB1_CAUR_S_CF2_RI2_TI2_R12_C02,746103,S,CF2,C02,0.25,True,1846.0,0.8719886632026452,-2.0169851380042463,9449
NGAS_A1_6R,CB1_CAUR_S_CF2_RI2_TI2_R12_C02,746103,S,CF2,C02,0.5,True,1829.0,0.8639584317430326,-2.91932059447983,21409
NGAS_A1_6R,CB1_CAUR_S_CF2_RI2_TI2_R12_C02,746103,S,CF2,C02,0.75,True,1828.0,0.8634860651865848,-2.9723991507430996,32057
NGAS_A1_6R,CB1_CAUR_S_CF2_RI2_TI2_R12_C02,746103,S,CF2,C02,1.0,True,1827.0,0.863013698630137,-3.0254777070063694,39545
NGAS_A1_6R,CB1_CAUR_S_CF3_RI2_TI2_R12,746101,S,CF3,C01,0.1,True,1925.0,0.9272639691714836,16.31419939577039,2489
NGAS_A1_6R,CB1_CAUR_S_CF3_RI2_TI2_R12,746101,S,CF3,C01,0.25,True,1883.0,0.9070327552986512,13.776435045317221,10913
NGAS_A1_6R,CB1_CAUR_S_CF3_RI2_TI2_R12,746101,S,CF3,C01,0.5,True,1811.0,0.8723506743737958,9.425981873111782,22409
NGAS_A1_6R,CB1_CAUR_S_CF3_RI2_TI2_R12,746101,S,CF3,C01,0.75,True,1772.0,0.8535645472061657,7.069486404833837,31177
NGAS_A1_6R,CB1_CAUR_S_CF3_RI2_TI2_R12,746101,S,CF3,C01,1.0,True,1760.0,0.8477842003853564,6.3444108761329305,38945
NGAS_A1_6R,CB1_CAUR_S_CF3_RI2_TI2_R12,746102,S,CF3,C01,0.1,True,1880.0,0.905587668593449,13.595166163141993,953
NGAS_A1_6R,CB1_CAUR_S_CF3_RI2_TI2_R12,746102,S,CF3,C01,0.25,True,1743.0,0.8395953757225434,5.317220543806647,8833
NGAS_A1_6R,CB1_CAUR_S_CF3_RI2_TI2_R12,746102,S,CF3,C01,0.5,True,1710.0,0.8236994219653179,3.323262839879154,14593
NGAS_A1_6R,CB1_CAUR_S_CF3_RI2_TI2_R12,746102,S,CF3,C01,0.75,True,1710.0,0.8236994219653179,3.323262839879154,14593
NGAS_A1_6R,CB1_CAUR_S_CF3_RI2_TI2_R12,746102,S,CF3,C01,1.0,True,1710.0,0.8236994219653179,3.323262839879154,14593
NGAS_A1_6R,CB1_CAUR_S_CF3_RI2_TI2_R12,746103,S,CF3,C01,0.1,True,1767.0,0.8511560693641619,6.767371601208459,4265
NGAS_A1_6R,CB1_CAUR_S_CF3_RI2_TI2_R12,746103,S,CF3,C01,0.25,True,1760.0,0.8477842003853564,6.3444108761329305,4849
NGAS_A1_6R,CB1_CAUR_S_CF3_RI2_TI2_R12,746103,S,CF3,C01,0.5,True,1718.0,0.8275529865125241,3.806646525679758,16953
NGAS_A1_6R,CB1_CAUR_S_CF3_RI2_TI2_R12,746103,S,CF3,C01,0.75,True,1718.0,0.8275529865125241,3.806646525679758,16953
NGAS_A1_6R,CB1_CAUR_S_CF3_RI2_TI2_R12,746103,S,CF3,C01,1.0,True,1718.0,0.8275529865125241,3.806646525679758,16953
NGAS_A1_6R,CB1_CAUR_S_CF3_RI2_TI2_R12_C02,746101,S,CF3,C02,0.1,True,1791.0,0.9255813953488372,3.585887796414112,3601
NGAS_A1_6R,CB1_CAUR_S_CF3_RI2_TI2_R12_C02,746101,S,CF3,C02,0.25,True,1769.0,0.9142118863049096,2.313475997686524,5177
NGAS_A1_6R,CB1_CAUR_S_CF3_RI2_TI2_R12_C02,746101,S,CF3,C02,0.5,True,1769.0,0.9142118863049096,2.313475997686524,5177
NGAS_A1_6R,CB1_CAUR_S_CF3_RI2_TI2_R12_C02,746101,S,CF3,C02,0.75,True,1752.0,0.9054263565891473,1.3302486986697513,27265
NGAS_A1_6R,CB1_CAUR_S_CF3_RI2_TI2_R12_C02,746101,S,CF3,C02,1.0,True,1752.0,0.9054263565891473,1.3302486986697513,27265
NGAS_A1_6R,CB1_CAUR_S_CF3_RI2_TI2_R12_C02,746102,S,CF3,C02,0.1,True,1872.0,0.9674418604651163,8.270676691729323,17
NGAS_A1_6R,CB1_CAUR_S_CF3_RI2_TI2_R12_C02,746102,S,CF3,C02,0.25,True,1708.0,0.882687338501292,-1.214574898785425,7881
NGAS_A1_6R,CB1_CAUR_S_CF3_RI2_TI2_R12_C02,746102,S,CF3,C02,0.5,True,1690.0,0.8733850129198967,-2.255639097744361,11761
NGAS_A1_6R,CB1_CAUR_S_CF3_RI2_TI2_R12_C02,746102,S,CF3,C02,0.75,True,1690.0,0.8733850129198967,-2.255639097744361,11761
NGAS_A1_6R,CB1_CAUR_S_CF3_RI2_TI2_R12_C02,746102,S,CF3,C02,1.0,True,1674.0,0.8651162790697674,-3.1810294968189705,39649
NGAS_A1_6R,CB1_CAUR_S_CF3_RI2_TI2_R12_C02,746103,S,CF3,C02,0.1,True,1906.0,0.9850129198966409,10.23713128976287,9
NGAS_A1_6R,CB1_CAUR_S_CF3_RI2_TI2_R12_C02,746103,S,CF3,C02,0.25,True,1835.0,0.9483204134366925,6.130711393869289,10761
NGAS_A1_6R,CB1_CAUR_S_CF3_RI2_TI2_R12_C02,746103,S,CF3,C02,0.5,True,1773.0,0.9162790697674419,2.5448235974551765,17561
NGAS_A1_6R,CB1_CAUR_S_CF3_RI2_TI2_R12_C02,746103,S,CF3,C02,0.75,True,1762.0,0.9105943152454781,1.9086176980913823,25625
NGAS_A1_6R,CB1_CAUR_S_CF3_RI2_TI2_R12_C02,746103,S,CF3,C02,1.0,True,1713.0,0.8852713178294573,-0.9253903990746096,38017
PHASE6H,CB1_CAUR_L_CF1_RI2_TI2_R12,746101,L,CF1,C01,0.1,True,3701.0,0.8337463392656004,7.18216044019693,809
PHASE6H,CB1_CAUR_L_CF1_RI2_TI2_R12,746101,L,CF1,C01,0.25,True,3662.0,0.8249605767064654,6.0527077903272515,2465
PHASE6H,CB1_CAUR_L_CF1_RI2_TI2_R12,746101,L,CF1,C01,0.5,True,3662.0,0.8249605767064654,6.0527077903272515,2465
PHASE6H,CB1_CAUR_L_CF1_RI2_TI2_R12,746101,L,CF1,C01,0.75,True,3662.0,0.8249605767064654,6.0527077903272515,2465
PHASE6H,CB1_CAUR_L_CF1_RI2_TI2_R12,746101,L,CF1,C01,1.0,True,3662.0,0.8249605767064654,6.0527077903272515,2465
PHASE6H,CB1_CAUR_L_CF1_RI2_TI2_R12,746102,L,CF1,C01,0.1,True,3649.0,0.8220319891867538,5.676223573704026,1665
PHASE6H,CB1_CAUR_L_CF1_RI2_TI2_R12,746102,L,CF1,C01,0.25,True,3649.0,0.8220319891867538,5.676223573704026,1665
PHASE6H,CB1_CAUR_L_CF1_RI2_TI2_R12,746102,L,CF1,C01,0.5,True,3492.0,0.7866636629871593,1.1294526498696786,7833
PHASE6H,CB1_CAUR_L_CF1_RI2_TI2_R12,746102,L,CF1,C01,0.75,True,3468.0,0.7812570398738454,0.43440486533449174,8833
PHASE6H,CB1_CAUR_L_CF1_RI2_TI2_R12,746102,L,CF1,C01,1.0,True,3468.0,0.7812570398738454,0.43440486533449174,8833
PHASE6H,CB1_CAUR_L_CF1_RI2_TI2_R12,746103,L,CF1,C01,0.1,True,3566.0,0.8033340842532102,3.2725166521865043,97
PHASE6H,CB1_CAUR_L_CF1_RI2_TI2_R12,746103,L,CF1,C01,0.25,True,3566.0,0.8033340842532102,3.2725166521865043,97
PHASE6H,CB1_CAUR_L_CF1_RI2_TI2_R12,746103,L,CF1,C01,0.5,True,3543.0,0.7981527371029511,2.6064291920069507,7329
PHASE6H,CB1_CAUR_L_CF1_RI2_TI2_R12,746103,L,CF1,C01,0.75,True,3543.0,0.7981527371029511,2.6064291920069507,7329
PHASE6H,CB1_CAUR_L_CF1_RI2_TI2_R12,746103,L,CF1,C01,1.0,True,3539.0,0.7972516332507321,2.4905878945844195,15697
PHASE6H,CB1_CAUR_L_CF1_RI2_TI2_R12_C02,746101,L,CF1,C02,0.1,True,3861.0,0.824119530416222,4.070080862533692,889
PHASE6H,CB1_CAUR_L_CF1_RI2_TI2_R12_C02,746101,L,CF1,C02,0.25,True,3809.0,0.8130202774813233,2.6684636118598384,2953
PHASE6H,CB1_CAUR_L_CF1_RI2_TI2_R12_C02,746101,L,CF1,C02,0.5,True,3809.0,0.8130202774813233,2.6684636118598384,2953
PHASE6H,CB1_CAUR_L_CF1_RI2_TI2_R12_C02,746101,L,CF1,C02,0.75,True,3809.0,0.8130202774813233,2.6684636118598384,2953
PHASE6H,CB1_CAUR_L_CF1_RI2_TI2_R12_C02,746101,L,CF1,C02,1.0,True,3807.0,0.8125933831376734,2.61455525606469,15049
PHASE6H,CB1_CAUR_L_CF1_RI2_TI2_R12_C02,746102,L,CF1,C02,0.1,True,3832.0,0.8179295624332977,3.288409703504043,1129
PHASE6H,CB1_CAUR_L_CF1_RI2_TI2_R12_C02,746102,L,CF1,C02,0.25,True,3832.0,0.8179295624332977,3.288409703504043,1129
PHASE6H,CB1_CAUR_L_CF1_RI2_TI2_R12_C02,746102,L,CF1,C02,0.5,True,3772.0,0.8051227321237994,1.6711590296495957,6769
PHASE6H,CB1_CAUR_L_CF1_RI2_TI2_R12_C02,746102,L,CF1,C02,0.75,True,3772.0,0.8051227321237994,1.6711590296495957,6769
PHASE6H,CB1_CAUR_L_CF1_RI2_TI2_R12_C02,746102,L,CF1,C02,1.0,True,3772.0,0.8051227321237994,1.6711590296495957,6769
PHASE6H,CB1_CAUR_L_CF1_RI2_TI2_R12_C02,746103,L,CF1,C02,0.1,True,3768.0,0.8042689434364995,1.5633423180592991,1561
PHASE6H,CB1_CAUR_L_CF1_RI2_TI2_R12_C02,746103,L,CF1,C02,0.25,True,3760.0,0.8025613660618997,1.3477088948787062,2833
PHASE6H,CB1_CAUR_L_CF1_RI2_TI2_R12_C02,746103,L,CF1,C02,0.5,True,3729.0,0.7959445037353255,0.5121293800539084,7257
PHASE6H,CB1_CAUR_L_CF1_RI2_TI2_R12_C02,746103,L,CF1,C02,0.75,True,3710.0,0.791889007470651,0.0,9553
PHASE6H,CB1_CAUR_L_CF1_RI2_TI2_R12_C02,746103,L,CF1,C02,1.0,True,3710.0,0.791889007470651,0.0,9553
PHASE6H,CB1_CAUR_L_CF2_RI2_TI2_R12,746101,L,CF2,C01,0.1,True,4357.0,0.9303865043775358,4.584733557369179,225
PHASE6H,CB1_CAUR_L_CF2_RI2_TI2_R12,746101,L,CF2,C01,0.25,True,4357.0,0.9303865043775358,4.584733557369179,225
PHASE6H,CB1_CAUR_L_CF2_RI2_TI2_R12,746101,L,CF2,C01,0.5,True,4357.0,0.9303865043775358,4.584733557369179,225
PHASE6H,CB1_CAUR_L_CF2_RI2_TI2_R12,746101,L,CF2,C01,0.75,True,4310.0,0.9203502028614137,3.4565530484877582,11425
PHASE6H,CB1_CAUR_L_CF2_RI2_TI2_R12,746101,L,CF2,C01,1.0,True,4310.0,0.9203502028614137,3.4565530484877582,11425
PHASE6H,CB1_CAUR_L_CF2_RI2_TI2_R12,746102,L,CF2,C01,0.1,True,4209.0,0.8987828315182576,1.0321651464234278,73
PHASE6H,CB1_CAUR_L_CF2_RI2_TI2_R12,746102,L,CF2,C01,0.25,True,4209.0,0.8987828315182576,1.0321651464234278,73
PHASE6H,CB1_CAUR_L_CF2_RI2_TI2_R12,746102,L,CF2,C01,0.5,True,4209.0,0.8987828315182576,1.0321651464234278,73
PHASE6H,CB1_CAUR_L_CF2_RI2_TI2_R12,746102,L,CF2,C01,0.75,True,4209.0,0.8987828315182576,1.0321651464234278,73
PHASE6H,CB1_CAUR_L_CF2_RI2_TI2_R12,746102,L,CF2,C01,1.0,True,4188.0,0.8942985265855221,0.528084493518963,15225
PHASE6H,CB1_CAUR_L_CF2_RI2_TI2_R12,746103,L,CF2,C01,0.1,True,4254.0,0.9083920563741191,2.112337974075852,81
PHASE6H,CB1_CAUR_L_CF2_RI2_TI2_R12,746103,L,CF2,C01,0.25,True,4254.0,0.9083920563741191,2.112337974075852,81
PHASE6H,CB1_CAUR_L_CF2_RI2_TI2_R12,746103,L,CF2,C01,0.5,True,4254.0,0.9083920563741191,2.112337974075852,81
PHASE6H,CB1_CAUR_L_CF2_RI2_TI2_R12,746103,L,CF2,C01,0.75,True,4254.0,0.9083920563741191,2.112337974075852,81
PHASE6H,CB1_CAUR_L_CF2_RI2_TI2_R12,746103,L,CF2,C01,1.0,True,4254.0,0.9083920563741191,2.112337974075852,81
PHASE6H,CB1_CAUR_L_CF2_RI2_TI2_R12_C02,746101,L,CF2,C02,0.1,True,4150.0,0.9873899595527005,4.877432398281527,9
PHASE6H,CB1_CAUR_L_CF2_RI2_TI2_R12_C02,746101,L,CF2,C02,0.25,True,4150.0,0.9873899595527005,4.877432398281527,9
PHASE6H,CB1_CAUR_L_CF2_RI2_TI2_R12_C02,746101,L,CF2,C02,0.5,True,4150.0,0.9873899595527005,4.877432398281527,9
PHASE6H,CB1_CAUR_L_CF2_RI2_TI2_R12_C02,746101,L,CF2,C02,0.75,True,4150.0,0.9873899595527005,4.877432398281527,9
PHASE6H,CB1_CAUR_L_CF2_RI2_TI2_R12_C02,746101,L,CF2,C02,1.0,True,4150.0,0.9873899595527005,4.877432398281527,9
PHASE6H,CB1_CAUR_L_CF2_RI2_TI2_R12_C02,746102,L,CF2,C02,0.1,True,4198.0,0.9988103735427076,6.090472580237554,17
PHASE6H,CB1_CAUR_L_CF2_RI2_TI2_R12_C02,746102,L,CF2,C02,0.25,True,4198.0,0.9988103735427076,6.090472580237554,17
PHASE6H,CB1_CAUR_L_CF2_RI2_TI2_R12_C02,746102,L,CF2,C02,0.5,True,4198.0,0.9988103735427076,6.090472580237554,17
PHASE6H,CB1_CAUR_L_CF2_RI2_TI2_R12_C02,746102,L,CF2,C02,0.75,True,4198.0,0.9988103735427076,6.090472580237554,17
PHASE6H,CB1_CAUR_L_CF2_RI2_TI2_R12_C02,746102,L,CF2,C02,1.0,True,4198.0,0.9988103735427076,6.090472580237554,17
PHASE6H,CB1_CAUR_L_CF2_RI2_TI2_R12_C02,746103,L,CF2,C02,0.1,True,3957.0,0.9414703783012134,0.0,9
PHASE6H,CB1_CAUR_L_CF2_RI2_TI2_R12_C02,746103,L,CF2,C02,0.25,True,3957.0,0.9414703783012134,0.0,9
PHASE6H,CB1_CAUR_L_CF2_RI2_TI2_R12_C02,746103,L,CF2,C02,0.5,True,3957.0,0.9414703783012134,0.0,9
PHASE6H,CB1_CAUR_L_CF2_RI2_TI2_R12_C02,746103,L,CF2,C02,0.75,True,3957.0,0.9414703783012134,0.0,9
PHASE6H,CB1_CAUR_L_CF2_RI2_TI2_R12_C02,746103,L,CF2,C02,1.0,True,3957.0,0.9414703783012134,0.0,9
PHASE6H,CB1_CAUR_L_CF3_RI2_TI2_R12,746101,L,CF3,C01,0.1,True,4311.0,0.9518657540295871,4.0048250904704465,25
PHASE6H,CB1_CAUR_L_CF3_RI2_TI2_R12,746101,L,CF3,C01,0.25,True,4147.0,0.9156546699050563,0.04825090470446321,3537
PHASE6H,CB1_CAUR_L_CF3_RI2_TI2_R12,746101,L,CF3,C01,0.5,True,4147.0,0.9156546699050563,0.04825090470446321,3537
PHASE6H,CB1_CAUR_L_CF3_RI2_TI2_R12,746101,L,CF3,C01,0.75,True,4147.0,0.9156546699050563,0.04825090470446321,3537
PHASE6H,CB1_CAUR_L_CF3_RI2_TI2_R12,746101,L,CF3,C01,1.0,True,4147.0,0.9156546699050563,0.04825090470446321,3537
PHASE6H,CB1_CAUR_L_CF3_RI2_TI2_R12,746102,L,CF3,C01,0.1,True,4309.0,0.9514241554427025,3.9565741857659833,25
PHASE6H,CB1_CAUR_L_CF3_RI2_TI2_R12,746102,L,CF3,C01,0.25,True,4309.0,0.9514241554427025,3.9565741857659833,25
PHASE6H,CB1_CAUR_L_CF3_RI2_TI2_R12,746102,L,CF3,C01,0.5,True,4309.0,0.9514241554427025,3.9565741857659833,25
PHASE6H,CB1_CAUR_L_CF3_RI2_TI2_R12,746102,L,CF3,C01,0.75,True,4297.0,0.9487745639213955,3.667068757539204,11585
PHASE6H,CB1_CAUR_L_CF3_RI2_TI2_R12,746102,L,CF3,C01,1.0,True,4297.0,0.9487745639213955,3.667068757539204,11585
PHASE6H,CB1_CAUR_L_CF3_RI2_TI2_R12,746103,L,CF3,C01,0.1,True,4145.0,0.9152130713181718,0.0,57
PHASE6H,CB1_CAUR_L_CF3_RI2_TI2_R12,746103,L,CF3,C01,0.25,True,4145.0,0.9152130713181718,0.0,57
PHASE6H,CB1_CAUR_L_CF3_RI2_TI2_R12,746103,L,CF3,C01,0.5,True,4145.0,0.9152130713181718,0.0,57
PHASE6H,CB1_CAUR_L_CF3_RI2_TI2_R12,746103,L,CF3,C01,0.75,True,4145.0,0.9152130713181718,0.0,57
PHASE6H,CB1_CAUR_L_CF3_RI2_TI2_R12,746103,L,CF3,C01,1.0,True,4145.0,0.9152130713181718,0.0,57
PHASE6H,CB1_CAUR_L_CF3_RI2_TI2_R12_C02,746101,L,CF3,C02,0.1,True,3469.0,1.0,9.08805031446541,1
PHASE6H,CB1_CAUR_L_CF3_RI2_TI2_R12_C02,746101,L,CF3,C02,0.25,True,3469.0,1.0,9.08805031446541,1
PHASE6H,CB1_CAUR_L_CF3_RI2_TI2_R12_C02,746101,L,CF3,C02,0.5,True,3469.0,1.0,9.08805031446541,1
PHASE6H,CB1_CAUR_L_CF3_RI2_TI2_R12_C02,746101,L,CF3,C02,0.75,True,3469.0,1.0,9.08805031446541,1
PHASE6H,CB1_CAUR_L_CF3_RI2_TI2_R12_C02,746101,L,CF3,C02,1.0,True,3469.0,1.0,9.08805031446541,1
PHASE6H,CB1_CAUR_L_CF3_RI2_TI2_R12_C02,746102,L,CF3,C02,0.1,True,3469.0,1.0,9.08805031446541,1
PHASE6H,CB1_CAUR_L_CF3_RI2_TI2_R12_C02,746102,L,CF3,C02,0.25,True,3469.0,1.0,9.08805031446541,1
PHASE6H,CB1_CAUR_L_CF3_RI2_TI2_R12_C02,746102,L,CF3,C02,0.5,True,3469.0,1.0,9.08805031446541,1
PHASE6H,CB1_CAUR_L_CF3_RI2_TI2_R12_C02,746102,L,CF3,C02,0.75,True,3469.0,1.0,9.08805031446541,1
PHASE6H,CB1_CAUR_L_CF3_RI2_TI2_R12_C02,746102,L,CF3,C02,1.0,True,3469.0,1.0,9.08805031446541,1
PHASE6H,CB1_CAUR_L_CF3_RI2_TI2_R12_C02,746103,L,CF3,C02,0.1,True,3418.0,0.9852983568751802,7.484276729559748,9
PHASE6H,CB1_CAUR_L_CF3_RI2_TI2_R12_C02,746103,L,CF3,C02,0.25,True,3418.0,0.9852983568751802,7.484276729559748,9
PHASE6H,CB1_CAUR_L_CF3_RI2_TI2_R12_C02,746103,L,CF3,C02,0.5,True,3418.0,0.9852983568751802,7.484276729559748,9
PHASE6H,CB1_CAUR_L_CF3_RI2_TI2_R12_C02,746103,L,CF3,C02,0.75,True,3418.0,0.9852983568751802,7.484276729559748,9
PHASE6H,CB1_CAUR_L_CF3_RI2_TI2_R12_C02,746103,L,CF3,C02,1.0,True,3418.0,0.9852983568751802,7.484276729559748,9
PHASE6H,CB1_CAUR_M_CF1_RI2_TI2_R12,746101,M,CF1,C01,0.1,True,2919.0,0.9898270600203459,6.416332482683194,33
PHASE6H,CB1_CAUR_M_CF1_RI2_TI2_R12,746101,M,CF1,C01,0.25,True,2806.0,0.951508986096982,2.296755377324098,3617
PHASE6H,CB1_CAUR_M_CF1_RI2_TI2_R12,746101,M,CF1,C01,0.5,True,2756.0,0.9345540861308919,0.47393364928909953,6881
PHASE6H,CB1_CAUR_M_CF1_RI2_TI2_R12,746101,M,CF1,C01,0.75,True,2756.0,0.9345540861308919,0.47393364928909953,6881
PHASE6H,CB1_CAUR_M_CF1_RI2_TI2_R12,746101,M,CF1,C01,1.0,True,2756.0,0.9345540861308919,0.47393364928909953,6881
PHASE6H,CB1_CAUR_M_CF1_RI2_TI2_R12,746102,M,CF1,C01,0.1,True,2949.0,1.0,7.510025519504192,1
PHASE6H,CB1_CAUR_M_CF1_RI2_TI2_R12,746102,M,CF1,C01,0.25,True,2928.0,0.9928789420142421,6.744440393729493,3633
PHASE6H,CB1_CAUR_M_CF1_RI2_TI2_R12,746102,M,CF1,C01,0.5,True,2905.0,0.9850796880298406,5.905942398833394,6105
PHASE6H,CB1_CAUR_M_CF1_RI2_TI2_R12,746102,M,CF1,C01,0.75,True,2905.0,0.9850796880298406,5.905942398833394,6105
PHASE6H,CB1_CAUR_M_CF1_RI2_TI2_R12,746102,M,CF1,C01,1.0,True,2901.0,0.9837232960325534,5.760116660590595,15673
PHASE6H,CB1_CAUR_M_CF1_RI2_TI2_R12,746103,M,CF1,C01,0.1,True,2868.0,0.9725330620549338,4.557054320087495,9
PHASE6H,CB1_CAUR_M_CF1_RI2_TI2_R12,746103,M,CF1,C01,0.25,True,2868.0,0.9725330620549338,4.557054320087495,9
PHASE6H,CB1_CAUR_M_CF1_RI2_TI2_R12,746103,M,CF1,C01,0.5,True,2868.0,0.9725330620549338,4.557054320087495,9
PHASE6H,CB1_CAUR_M_CF1_RI2_TI2_R12,746103,M,CF1,C01,0.75,True,2868.0,0.9725330620549338,4.557054320087495,9
PHASE6H,CB1_CAUR_M_CF1_RI2_TI2_R12,746103,M,CF1,C01,1.0,True,2868.0,0.9725330620549338,4.557054320087495,9
PHASE6H,CB1_CAUR_M_CF1_RI2_TI2_R12_C02,746101,M,CF1,C02,0.1,True,2935.0,0.8902032150439794,5.88023088023088,241
PHASE6H,CB1_CAUR_M_CF1_RI2_TI2_R12_C02,746101,M,CF1,C02,0.25,True,2935.0,0.8902032150439794,5.88023088023088,241
PHASE6H,CB1_CAUR_M_CF1_RI2_TI2_R12_C02,746101,M,CF1,C02,0.5,True,2910.0,0.8826205641492265,4.978354978354979,7385
PHASE6H,CB1_CAUR_M_CF1_RI2_TI2_R12_C02,746101,M,CF1,C02,0.75,True,2878.0,0.872914771003943,3.8239538239538238,11641
PHASE6H,CB1_CAUR_M_CF1_RI2_TI2_R12_C02,746101,M,CF1,C02,1.0,True,2878.0,0.872914771003943,3.8239538239538238,11641
PHASE6H,CB1_CAUR_M_CF1_RI2_TI2_R12_C02,746102,M,CF1,C02,0.1,True,2966.0,0.8996057021534729,6.998556998556999,513
PHASE6H,CB1_CAUR_M_CF1_RI2_TI2_R12_C02,746102,M,CF1,C02,0.25,True,2914.0,0.883833788292387,5.1226551226551225,3329
PHASE6H,CB1_CAUR_M_CF1_RI2_TI2_R12_C02,746102,M,CF1,C02,0.5,True,2880.0,0.8735213830755232,3.896103896103896,7393
PHASE6H,CB1_CAUR_M_CF1_RI2_TI2_R12_C02,746102,M,CF1,C02,0.75,True,2880.0,0.8735213830755232,3.896103896103896,7393
PHASE6H,CB1_CAUR_M_CF1_RI2_TI2_R12_C02,746102,M,CF1,C02,1.0,True,2880.0,0.8735213830755232,3.896103896103896,7393
PHASE6H,CB1_CAUR_M_CF1_RI2_TI2_R12_C02,746103,M,CF1,C02,0.1,True,2961.0,0.8980891719745223,6.818181818181818,1481
PHASE6H,CB1_CAUR_M_CF1_RI2_TI2_R12_C02,746103,M,CF1,C02,0.25,True,2894.0,0.8777676675765848,4.401154401154401,3593
PHASE6H,CB1_CAUR_M_CF1_RI2_TI2_R12_C02,746103,M,CF1,C02,0.5,True,2894.0,0.8777676675765848,4.401154401154401,3593
PHASE6H,CB1_CAUR_M_CF1_RI2_TI2_R12_C02,746103,M,CF1,C02,0.75,True,2894.0,0.8777676675765848,4.401154401154401,3593
PHASE6H,CB1_CAUR_M_CF1_RI2_TI2_R12_C02,746103,M,CF1,C02,1.0,True,2867.0,0.8695784046102517,3.427128427128427,16665
PHASE6H,CB1_CAUR_M_CF2_RI2_TI2_R12,746101,M,CF2,C01,0.1,True,2988.0,0.9497774952320407,7.404744787922358,17
PHASE6H,CB1_CAUR_M_CF2_RI2_TI2_R12,746101,M,CF2,C01,0.25,True,2988.0,0.9497774952320407,7.404744787922358,17
PHASE6H,CB1_CAUR_M_CF2_RI2_TI2_R12,746101,M,CF2,C01,0.5,True,2988.0,0.9497774952320407,7.404744787922358,17
PHASE6H,CB1_CAUR_M_CF2_RI2_TI2_R12,746101,M,CF2,C01,0.75,True,2988.0,0.9497774952320407,7.404744787922358,17
PHASE6H,CB1_CAUR_M_CF2_RI2_TI2_R12,746101,M,CF2,C01,1.0,True,2988.0,0.9497774952320407,7.404744787922358,17
PHASE6H,CB1_CAUR_M_CF2_RI2_TI2_R12,746102,M,CF2,C01,0.1,True,2952.0,0.9383343928798474,6.1107117181883535,17
PHASE6H,CB1_CAUR_M_CF2_RI2_TI2_R12,746102,M,CF2,C01,0.25,True,2885.0,0.9170375079465989,3.702372393961179,4217
PHASE6H,CB1_CAUR_M_CF2_RI2_TI2_R12,746102,M,CF2,C01,0.5,True,2877.0,0.9144945963127782,3.4148094895758447,5169
PHASE6H,CB1_CAUR_M_CF2_RI2_TI2_R12,746102,M,CF2,C01,0.75,True,2877.0,0.9144945963127782,3.4148094895758447,5169
PHASE6H,CB1_CAUR_M_CF2_RI2_TI2_R12,746102,M,CF2,C01,1.0,True,2877.0,0.9144945963127782,3.4148094895758447,5169
PHASE6H,CB1_CAUR_M_CF2_RI2_TI2_R12,746103,M,CF2,C01,0.1,True,3088.0,0.9815638906547998,10.999281092739036,41
PHASE6H,CB1_CAUR_M_CF2_RI2_TI2_R12,746103,M,CF2,C01,0.25,True,3088.0,0.9815638906547998,10.999281092739036,41
PHASE6H,CB1_CAUR_M_CF2_RI2_TI2_R12,746103,M,CF2,C01,0.5,True,2942.0,0.9351557533375715,5.7512580877066855,8505
PHASE6H,CB1_CAUR_M_CF2_RI2_TI2_R12,746103,M,CF2,C01,0.75,True,2933.0,0.9322949777495232,5.427749820273185,12081
PHASE6H,CB1_CAUR_M_CF2_RI2_TI2_R12,746103,M,CF2,C01,1.0,True,2898.0,0.9211697393515575,4.169662113587347,17473
PHASE6H,CB1_CAUR_M_CF2_RI2_TI2_R12_C02,746101,M,CF2,C02,0.1,True,3782.0,0.9543275296492556,3.389830508474576,745
PHASE6H,CB1_CAUR_M_CF2_RI2_TI2_R12_C02,746101,M,CF2,C02,0.25,True,3737.0,0.9429724955841534,2.1596500820120283,3745
PHASE6H,CB1_CAUR_M_CF2_RI2_TI2_R12_C02,746101,M,CF2,C02,0.5,True,3734.0,0.9422154933131466,2.077638053581192,8673
PHASE6H,CB1_CAUR_M_CF2_RI2_TI2_R12_C02,746101,M,CF2,C02,0.75,True,3675.0,0.927327781983346,0.4647348277747403,11497
PHASE6H,CB1_CAUR_M_CF2_RI2_TI2_R12_C02,746101,M,CF2,C02,1.0,True,3658.0,0.9230381024476407,0.0,14329
PHASE6H,CB1_CAUR_M_CF2_RI2_TI2_R12_C02,746102,M,CF2,C02,0.1,True,3761.0,0.9490285137522079,2.8157463094587207,1025
PHASE6H,CB1_CAUR_M_CF2_RI2_TI2_R12_C02,746102,M,CF2,C02,0.25,True,3761.0,0.9490285137522079,2.8157463094587207,1025
PHASE6H,CB1_CAUR_M_CF2_RI2_TI2_R12_C02,746102,M,CF2,C02,0.5,True,3745.0,0.9449911683068383,2.378348824494259,7705
PHASE6H,CB1_CAUR_M_CF2_RI2_TI2_R12_C02,746102,M,CF2,C02,0.75,True,3714.0,0.9371688115064345,1.5308911973756152,13145
PHASE6H,CB1_CAUR_M_CF2_RI2_TI2_R12_C02,746102,M,CF2,C02,1.0,True,3685.0,0.929851122886702,0.7381082558775287,16953
PHASE6H,CB1_CAUR_M_CF2_RI2_TI2_R12_C02,746103,M,CF2,C02,0.1,True,3849.0,0.9712339137017411,5.221432476763258,537
PHASE6H,CB1_CAUR_M_CF2_RI2_TI2_R12_C02,746103,M,CF2,C02,0.25,True,3732.0,0.9417108251324754,2.0229633679606343,4041
PHASE6H,CB1_CAUR_M_CF2_RI2_TI2_R12_C02,746103,M,CF2,C02,0.5,True,3717.0,0.9379258137774413,1.6129032258064515,8393
PHASE6H,CB1_CAUR_M_CF2_RI2_TI2_R12_C02,746103,M,CF2,C02,0.75,True,3717.0,0.9379258137774413,1.6129032258064515,8393
PHASE6H,CB1_CAUR_M_CF2_RI2_TI2_R12_C02,746103,M,CF2,C02,1.0,True,3707.0,0.9354024728740853,1.339529797703663,17017
PHASE6H,CB1_CAUR_M_CF3_RI2_TI2_R12,746101,M,CF3,C01,0.1,True,2822.0,0.9874037788663401,6.934444865479348,9
PHASE6H,CB1_CAUR_M_CF3_RI2_TI2_R12,746101,M,CF3,C01,0.25,True,2822.0,0.9874037788663401,6.934444865479348,9
PHASE6H,CB1_CAUR_M_CF3_RI2_TI2_R12,746101,M,CF3,C01,0.5,True,2822.0,0.9874037788663401,6.934444865479348,9
PHASE6H,CB1_CAUR_M_CF3_RI2_TI2_R12,746101,M,CF3,C01,0.75,True,2822.0,0.9874037788663401,6.934444865479348,9
PHASE6H,CB1_CAUR_M_CF3_RI2_TI2_R12,746101,M,CF3,C01,1.0,True,2822.0,0.9874037788663401,6.934444865479348,9
PHASE6H,CB1_CAUR_M_CF3_RI2_TI2_R12,746102,M,CF3,C01,0.1,True,2858.0,1.0,8.298597953770367,1
PHASE6H,CB1_CAUR_M_CF3_RI2_TI2_R12,746102,M,CF3,C01,0.25,True,2858.0,1.0,8.298597953770367,1
PHASE6H,CB1_CAUR_M_CF3_RI2_TI2_R12,746102,M,CF3,C01,0.5,True,2858.0,1.0,8.298597953770367,1
PHASE6H,CB1_CAUR_M_CF3_RI2_TI2_R12,746102,M,CF3,C01,0.75,True,2858.0,1.0,8.298597953770367,1
PHASE6H,CB1_CAUR_M_CF3_RI2_TI2_R12,746102,M,CF3,C01,1.0,True,2858.0,1.0,8.298597953770367,1
PHASE6H,CB1_CAUR_M_CF3_RI2_TI2_R12,746103,M,CF3,C01,0.1,True,2815.0,0.9849545136459062,6.6691928760894275,17
PHASE6H,CB1_CAUR_M_CF3_RI2_TI2_R12,746103,M,CF3,C01,0.25,True,2815.0,0.9849545136459062,6.6691928760894275,17
PHASE6H,CB1_CAUR_M_CF3_RI2_TI2_R12,746103,M,CF3,C01,0.5,True,2815.0,0.9849545136459062,6.6691928760894275,17
PHASE6H,CB1_CAUR_M_CF3_RI2_TI2_R12,746103,M,CF3,C01,0.75,True,2815.0,0.9849545136459062,6.6691928760894275,17
PHASE6H,CB1_CAUR_M_CF3_RI2_TI2_R12,746103,M,CF3,C01,1.0,True,2815.0,0.9849545136459062,6.6691928760894275,17
PHASE6H,CB1_CAUR_M_CF3_RI2_TI2_R12_C02,746101,M,CF3,C02,0.1,True,3138.0,0.9558330795004569,7.392197125256674,9
PHASE6H,CB1_CAUR_M_CF3_RI2_TI2_R12_C02,746101,M,CF3,C02,0.25,True,3138.0,0.9558330795004569,7.392197125256674,9
PHASE6H,CB1_CAUR_M_CF3_RI2_TI2_R12_C02,746101,M,CF3,C02,0.5,True,3138.0,0.9558330795004569,7.392197125256674,9
PHASE6H,CB1_CAUR_M_CF3_RI2_TI2_R12_C02,746101,M,CF3,C02,0.75,True,3138.0,0.9558330795004569,7.392197125256674,9
PHASE6H,CB1_CAUR_M_CF3_RI2_TI2_R12_C02,746101,M,CF3,C02,1.0,True,3138.0,0.9558330795004569,7.392197125256674,9
PHASE6H,CB1_CAUR_M_CF3_RI2_TI2_R12_C02,746102,M,CF3,C02,0.1,True,3283.0,1.0,12.354551676933607,1
PHASE6H,CB1_CAUR_M_CF3_RI2_TI2_R12_C02,746102,M,CF3,C02,0.25,True,3283.0,1.0,12.354551676933607,1
PHASE6H,CB1_CAUR_M_CF3_RI2_TI2_R12_C02,746102,M,CF3,C02,0.5,True,3283.0,1.0,12.354551676933607,1
PHASE6H,CB1_CAUR_M_CF3_RI2_TI2_R12_C02,746102,M,CF3,C02,0.75,True,3283.0,1.0,12.354551676933607,1
PHASE6H,CB1_CAUR_M_CF3_RI2_TI2_R12_C02,746102,M,CF3,C02,1.0,True,3283.0,1.0,12.354551676933607,1
PHASE6H,CB1_CAUR_M_CF3_RI2_TI2_R12_C02,746103,M,CF3,C02,0.1,True,3137.0,0.9555284800487359,7.3579739904175225,9
PHASE6H,CB1_CAUR_M_CF3_RI2_TI2_R12_C02,746103,M,CF3,C02,0.25,True,3137.0,0.9555284800487359,7.3579739904175225,9
PHASE6H,CB1_CAUR_M_CF3_RI2_TI2_R12_C02,746103,M,CF3,C02,0.5,True,3137.0,0.9555284800487359,7.3579739904175225,9
PHASE6H,CB1_CAUR_M_CF3_RI2_TI2_R12_C02,746103,M,CF3,C02,0.75,True,3137.0,0.9555284800487359,7.3579739904175225,9
PHASE6H,CB1_CAUR_M_CF3_RI2_TI2_R12_C02,746103,M,CF3,C02,1.0,True,3137.0,0.9555284800487359,7.3579739904175225,9
PHASE6H,CB1_CAUR_S_CF1_RI2_TI2_R12,746101,S,CF1,C01,0.1,True,1775.0,0.9625813449023861,7.90273556231003,1153
PHASE6H,CB1_CAUR_S_CF1_RI2_TI2_R12,746101,S,CF1,C01,0.25,True,1775.0,0.9625813449023861,7.90273556231003,1153
PHASE6H,CB1_CAUR_S_CF1_RI2_TI2_R12,746101,S,CF1,C01,0.5,True,1765.0,0.9571583514099783,7.2948328267477205,4225
PHASE6H,CB1_CAUR_S_CF1_RI2_TI2_R12,746101,S,CF1,C01,0.75,True,1765.0,0.9571583514099783,7.2948328267477205,4225
PHASE6H,CB1_CAUR_S_CF1_RI2_TI2_R12,746101,S,CF1,C01,1.0,True,1762.0,0.955531453362256,7.112462006079028,15553
PHASE6H,CB1_CAUR_S_CF1_RI2_TI2_R12,746102,S,CF1,C01,0.1,True,1765.0,0.9571583514099783,7.2948328267477205,577
PHASE6H,CB1_CAUR_S_CF1_RI2_TI2_R12,746102,S,CF1,C01,0.25,True,1735.0,0.9408893709327549,5.47112462006079,3329
PHASE6H,CB1_CAUR_S_CF1_RI2_TI2_R12,746102,S,CF1,C01,0.5,True,1665.0,0.9029284164859002,1.21580547112462,4433
PHASE6H,CB1_CAUR_S_CF1_RI2_TI2_R12,746102,S,CF1,C01,0.75,True,1665.0,0.9029284164859002,1.21580547112462,4433
PHASE6H,CB1_CAUR_S_CF1_RI2_TI2_R12,746102,S,CF1,C01,1.0,True,1665.0,0.9029284164859002,1.21580547112462,4433
PHASE6H,CB1_CAUR_S_CF1_RI2_TI2_R12,746103,S,CF1,C01,0.1,True,1742.0,0.9446854663774403,5.896656534954407,41
PHASE6H,CB1_CAUR_S_CF1_RI2_TI2_R12,746103,S,CF1,C01,0.25,True,1742.0,0.9446854663774403,5.896656534954407,41
PHASE6H,CB1_CAUR_S_CF1_RI2_TI2_R12,746103,S,CF1,C01,0.5,True,1742.0,0.9446854663774403,5.896656534954407,41
PHASE6H,CB1_CAUR_S_CF1_RI2_TI2_R12,746103,S,CF1,C01,0.75,True,1742.0,0.9446854663774403,5.896656534954407,41
PHASE6H,CB1_CAUR_S_CF1_RI2_TI2_R12,746103,S,CF1,C01,1.0,True,1742.0,0.9446854663774403,5.896656534954407,41
PHASE6H,CB1_CAUR_S_CF1_RI2_TI2_R12_C02,746101,S,CF1,C02,0.1,True,1933.0,0.9963917525773196,8.412787436904095,9
PHASE6H,CB1_CAUR_S_CF1_RI2_TI2_R12_C02,746101,S,CF1,C02,0.25,True,1933.0,0.9963917525773196,8.412787436904095,9
PHASE6H,CB1_CAUR_S_CF1_RI2_TI2_R12_C02,746101,S,CF1,C02,0.5,True,1863.0,0.9603092783505155,4.48681996634885,5521
PHASE6H,CB1_CAUR_S_CF1_RI2_TI2_R12_C02,746101,S,CF1,C02,0.75,True,1863.0,0.9603092783505155,4.48681996634885,5521
PHASE6H,CB1_CAUR_S_CF1_RI2_TI2_R12_C02,746101,S,CF1,C02,1.0,True,1858.0,0.9577319587628866,4.2063937184520475,14505
PHASE6H,CB1_CAUR_S_CF1_RI2_TI2_R12_C02,746102,S,CF1,C02,0.1,True,1940.0,1.0,8.80538418395962,1
PHASE6H,CB1_CAUR_S_CF1_RI2_TI2_R12_C02,746102,S,CF1,C02,0.25,True,1940.0,1.0,8.80538418395962,1
PHASE6H,CB1_CAUR_S_CF1_RI2_TI2_R12_C02,746102,S,CF1,C02,0.5,True,1940.0,1.0,8.80538418395962,1
PHASE6H,CB1_CAUR_S_CF1_RI2_TI2_R12_C02,746102,S,CF1,C02,0.75,True,1940.0,1.0,8.80538418395962,1
PHASE6H,CB1_CAUR_S_CF1_RI2_TI2_R12_C02,746102,S,CF1,C02,1.0,True,1940.0,1.0,8.80538418395962,1
PHASE6H,CB1_CAUR_S_CF1_RI2_TI2_R12_C02,746103,S,CF1,C02,0.1,True,1895.0,0.9768041237113402,6.28154795288839,25
PHASE6H,CB1_CAUR_S_CF1_RI2_TI2_R12_C02,746103,S,CF1,C02,0.25,True,1895.0,0.9768041237113402,6.28154795288839,25
PHASE6H,CB1_CAUR_S_CF1_RI2_TI2_R12_C02,746103,S,CF1,C02,0.5,True,1895.0,0.9768041237113402,6.28154795288839,25
PHASE6H,CB1_CAUR_S_CF1_RI2_TI2_R12_C02,746103,S,CF1,C02,0.75,True,1895.0,0.9768041237113402,6.28154795288839,25
PHASE6H,CB1_CAUR_S_CF1_RI2_TI2_R12_C02,746103,S,CF1,C02,1.0,True,1895.0,0.9768041237113402,6.28154795288839,25
PHASE6H,CB1_CAUR_S_CF2_RI2_TI2_R12,746101,S,CF2,C01,0.1,True,1874.0,1.0,18.01007556675063,1
PHASE6H,CB1_CAUR_S_CF2_RI2_TI2_R12,746101,S,CF2,C01,0.25,True,1799.0,0.9599786552828175,13.287153652392947,3465
PHASE6H,CB1_CAUR_S_CF2_RI2_TI2_R12,746101,S,CF2,C01,0.5,True,1754.0,0.935965848452508,10.453400503778338,6545
PHASE6H,CB1_CAUR_S_CF2_RI2_TI2_R12,746101,S,CF2,C01,0.75,True,1736.0,0.9263607257203842,9.319899244332493,8721
PHASE6H,CB1_CAUR_S_CF2_RI2_TI2_R12,746101,S,CF2,C01,1.0,True,1704.0,0.9092849519743863,7.30478589420655,15025
PHASE6H,CB1_CAUR_S_CF2_RI2_TI2_R12,746102,S,CF2,C01,0.1,True,1874.0,1.0,18.01007556675063,1
PHASE6H,CB1_CAUR_S_CF2_RI2_TI2_R12,746102,S,CF2,C01,0.25,True,1793.0,0.9567769477054429,12.909319899244332,3217
PHASE6H,CB1_CAUR_S_CF2_RI2_TI2_R12,746102,S,CF2,C01,0.5,True,1780.0,0.9498399146211313,12.090680100755668,4145
PHASE6H,CB1_CAUR_S_CF2_RI2_TI2_R12,746102,S,CF2,C01,0.75,True,1727.0,0.9215581643543223,8.753148614609572,11201
PHASE6H,CB1_CAUR_S_CF2_RI2_TI2_R12,746102,S,CF2,C01,1.0,True,1677.0,0.8948772678762006,5.604534005037784,15161
PHASE6H,CB1_CAUR_S_CF2_RI2_TI2_R12,746103,S,CF2,C01,0.1,True,1874.0,1.0,18.01007556675063,1
PHASE6H,CB1_CAUR_S_CF2_RI2_TI2_R12,746103,S,CF2,C01,0.25,True,1721.0,0.9183564567769477,8.375314861460957,3201
PHASE6H,CB1_CAUR_S_CF2_RI2_TI2_R12,746103,S,CF2,C01,0.5,True,1721.0,0.9183564567769477,8.375314861460957,3201
PHASE6H,CB1_CAUR_S_CF2_RI2_TI2_R12,746103,S,CF2,C01,0.75,True,1721.0,0.9183564567769477,8.375314861460957,3201
PHASE6H,CB1_CAUR_S_CF2_RI2_TI2_R12,746103,S,CF2,C01,1.0,True,1721.0,0.9183564567769477,8.375314861460957,3201
PHASE6H,CB1_CAUR_S_CF2_RI2_TI2_R12_C02,746101,S,CF2,C02,0.1,True,2041.0,0.9641001417099669,8.333333333333334,145
PHASE6H,CB1_CAUR_S_CF2_RI2_TI2_R12_C02,746101,S,CF2,C02,0.25,True,2031.0,0.9593764761454889,7.802547770700637,3289
PHASE6H,CB1_CAUR_S_CF2_RI2_TI2_R12_C02,746101,S,CF2,C02,0.5,True,2003.0,0.9461502125649504,6.316348195329087,7273
PHASE6H,CB1_CAUR_S_CF2_RI2_TI2_R12_C02,746101,S,CF2,C02,0.75,True,2003.0,0.9461502125649504,6.316348195329087,7273
PHASE6H,CB1_CAUR_S_CF2_RI2_TI2_R12_C02,746101,S,CF2,C02,1.0,True,2003.0,0.9461502125649504,6.316348195329087,7273
PHASE6H,CB1_CAUR_S_CF2_RI2_TI2_R12_C02,746102,S,CF2,C02,0.1,True,2117.0,1.0,12.367303609341826,1
PHASE6H,CB1_CAUR_S_CF2_RI2_TI2_R12_C02,746102,S,CF2,C02,0.25,True,2112.0,0.997638167217761,12.101910828025478,1849
PHASE6H,CB1_CAUR_S_CF2_RI2_TI2_R12_C02,746102,S,CF2,C02,0.5,True,2064.0,0.9749645725082664,9.554140127388536,7081
PHASE6H,CB1_CAUR_S_CF2_RI2_TI2_R12_C02,746102,S,CF2,C02,0.75,True,2044.0,0.9655172413793104,8.492569002123142,11513
PHASE6H,CB1_CAUR_S_CF2_RI2_TI2_R12_C02,746102,S,CF2,C02,1.0,True,2026.0,0.9570146433632499,7.537154989384288,15201
PHASE6H,CB1_CAUR_S_CF2_RI2_TI2_R12_C02,746103,S,CF2,C02,0.1,True,2064.0,0.9749645725082664,9.554140127388536,729
PHASE6H,CB1_CAUR_S_CF2_RI2_TI2_R12_C02,746103,S,CF2,C02,0.25,True,2047.0,0.9669343410486537,8.65180467091295,3873
PHASE6H,CB1_CAUR_S_CF2_RI2_TI2_R12_C02,746103,S,CF2,C02,0.5,True,1954.0,0.923004251299008,3.715498938428875,4065
PHASE6H,CB1_CAUR_S_CF2_RI2_TI2_R12_C02,746103,S,CF2,C02,0.75,True,1951.0,0.9215871516296646,3.5562632696390657,10649
PHASE6H,CB1_CAUR_S_CF2_RI2_TI2_R12_C02,746103,S,CF2,C02,1.0,True,1945.0,0.9187529522909778,3.237791932059448,13785
PHASE6H,CB1_CAUR_S_CF3_RI2_TI2_R12,746101,S,CF3,C01,0.1,True,1917.0,0.9234104046242775,15.830815709969789,57
PHASE6H,CB1_CAUR_S_CF3_RI2_TI2_R12,746101,S,CF3,C01,0.25,True,1876.0,0.9036608863198459,13.353474320241691,3009
PHASE6H,CB1_CAUR_S_CF3_RI2_TI2_R12,746101,S,CF3,C01,0.5,True,1876.0,0.9036608863198459,13.353474320241691,3009
PHASE6H,CB1_CAUR_S_CF3_RI2_TI2_R12,746101,S,CF3,C01,0.75,True,1876.0,0.9036608863198459,13.353474320241691,3009
PHASE6H,CB1_CAUR_S_CF3_RI2_TI2_R12,746101,S,CF3,C01,1.0,True,1870.0,0.9007707129094412,12.990936555891238,13913
PHASE6H,CB1_CAUR_S_CF3_RI2_TI2_R12,746102,S,CF3,C01,0.1,True,1981.0,0.9542389210019268,19.69788519637462,1281
PHASE6H,CB1_CAUR_S_CF3_RI2_TI2_R12,746102,S,CF3,C01,0.25,True,1958.0,0.9431599229287091,18.308157099697887,3753
PHASE6H,CB1_CAUR_S_CF3_RI2_TI2_R12,746102,S,CF3,C01,0.5,True,1882.0,0.9065510597302505,13.716012084592146,7529
PHASE6H,CB1_CAUR_S_CF3_RI2_TI2_R12,746102,S,CF3,C01,0.75,True,1850.0,0.8911368015414258,11.782477341389727,10097
PHASE6H,CB1_CAUR_S_CF3_RI2_TI2_R12,746102,S,CF3,C01,1.0,True,1812.0,0.8728323699421965,9.486404833836858,13937
PHASE6H,CB1_CAUR_S_CF3_RI2_TI2_R12,746103,S,CF3,C01,0.1,True,1969.0,0.9484585741811176,18.972809667673715,961
PHASE6H,CB1_CAUR_S_CF3_RI2_TI2_R12,746103,S,CF3,C01,0.25,True,1870.0,0.9007707129094412,12.990936555891238,3625
PHASE6H,CB1_CAUR_S_CF3_RI2_TI2_R12,746103,S,CF3,C01,0.5,True,1846.0,0.8892100192678227,11.540785498489425,7297
PHASE6H,CB1_CAUR_S_CF3_RI2_TI2_R12,746103,S,CF3,C01,0.75,True,1814.0,0.873795761078998,9.607250755287009,10233
PHASE6H,CB1_CAUR_S_CF3_RI2_TI2_R12,746103,S,CF3,C01,1.0,True,1814.0,0.873795761078998,9.607250755287009,10233
PHASE6H,CB1_CAUR_S_CF3_RI2_TI2_R12_C02,746101,S,CF3,C02,0.1,True,1908.0,0.986046511627907,10.352805089647195,41
PHASE6H,CB1_CAUR_S_CF3_RI2_TI2_R12_C02,746101,S,CF3,C02,0.25,True,1908.0,0.986046511627907,10.352805089647195,41
PHASE6H,CB1_CAUR_S_CF3_RI2_TI2_R12_C02,746101,S,CF3,C02,0.5,True,1874.0,0.9684754521963824,8.38635049161365,7817
PHASE6H,CB1_CAUR_S_CF3_RI2_TI2_R12_C02,746101,S,CF3,C02,0.75,True,1863.0,0.9627906976744186,7.750144592249855,8481
PHASE6H,CB1_CAUR_S_CF3_RI2_TI2_R12_C02,746101,S,CF3,C02,1.0,True,1863.0,0.9627906976744186,7.750144592249855,8481
PHASE6H,CB1_CAUR_S_CF3_RI2_TI2_R12_C02,746102,S,CF3,C02,0.1,True,1935.0,1.0,11.914401388085599,1
PHASE6H,CB1_CAUR_S_CF3_RI2_TI2_R12_C02,746102,S,CF3,C02,0.25,True,1924.0,0.9943152454780362,11.278195488721805,3345
PHASE6H,CB1_CAUR_S_CF3_RI2_TI2_R12_C02,746102,S,CF3,C02,0.5,True,1902.0,0.9829457364341085,10.005783689994216,4929
PHASE6H,CB1_CAUR_S_CF3_RI2_TI2_R12_C02,746102,S,CF3,C02,0.75,True,1902.0,0.9829457364341085,10.005783689994216,4929
PHASE6H,CB1_CAUR_S_CF3_RI2_TI2_R12_C02,746102,S,CF3,C02,1.0,True,1863.0,0.9627906976744186,7.750144592249855,14281
PHASE6H,CB1_CAUR_S_CF3_RI2_TI2_R12_C02,746103,S,CF3,C02,0.1,True,1935.0,1.0,11.914401388085599,1
PHASE6H,CB1_CAUR_S_CF3_RI2_TI2_R12_C02,746103,S,CF3,C02,0.25,True,1925.0,0.9948320413436692,11.336032388663968,2809
PHASE6H,CB1_CAUR_S_CF3_RI2_TI2_R12_C02,746103,S,CF3,C02,0.5,True,1812.0,0.9364341085271318,4.8004626951995375,7121
PHASE6H,CB1_CAUR_S_CF3_RI2_TI2_R12_C02,746103,S,CF3,C02,0.75,True,1812.0,0.9364341085271318,4.8004626951995375,7121
PHASE6H,CB1_CAUR_S_CF3_RI2_TI2_R12_C02,746103,S,CF3,C02,1.0,True,1812.0,0.9364341085271318,4.8004626951995375,7121
PHASE6N_TOP1,CB1_CAUR_L_CF1_RI2_TI2_R12,746101,L,CF1,C01,0.1,True,3771.0,0.8495156566794323,9.209383145091225,1201
PHASE6N_TOP1,CB1_CAUR_L_CF1_RI2_TI2_R12,746101,L,CF1,C01,0.25,True,3713.0,0.8364496508222573,7.529684332464524,2713
PHASE6N_TOP1,CB1_CAUR_L_CF1_RI2_TI2_R12,746101,L,CF1,C01,0.5,True,3586.0,0.8078396035143051,3.85172313929916,9849
PHASE6N_TOP1,CB1_CAUR_L_CF1_RI2_TI2_R12,746101,L,CF1,C01,0.75,True,3566.0,0.8033340842532102,3.2725166521865043,10737
PHASE6N_TOP1,CB1_CAUR_L_CF1_RI2_TI2_R12,746101,L,CF1,C01,1.0,True,3566.0,0.8033340842532102,3.2725166521865043,10737
PHASE6N_TOP1,CB1_CAUR_L_CF1_RI2_TI2_R12,746102,L,CF1,C01,0.1,True,3665.0,0.8256364045956296,6.13958876339415,1257
PHASE6N_TOP1,CB1_CAUR_L_CF1_RI2_TI2_R12,746102,L,CF1,C01,0.25,True,3665.0,0.8256364045956296,6.13958876339415,1257
PHASE6N_TOP1,CB1_CAUR_L_CF1_RI2_TI2_R12,746102,L,CF1,C01,0.5,True,3605.0,0.8121198468123452,4.401969302056183,9561
PHASE6N_TOP1,CB1_CAUR_L_CF1_RI2_TI2_R12,746102,L,CF1,C01,0.75,True,3548.0,0.7992791169182248,2.7512308137851145,11841
PHASE6N_TOP1,CB1_CAUR_L_CF1_RI2_TI2_R12,746102,L,CF1,C01,1.0,True,3548.0,0.7992791169182248,2.7512308137851145,11841
PHASE6N_TOP1,CB1_CAUR_L_CF1_RI2_TI2_R12,746103,L,CF1,C01,0.1,True,3810.0,0.8583014192385673,10.338835794960904,641
PHASE6N_TOP1,CB1_CAUR_L_CF1_RI2_TI2_R12,746103,L,CF1,C01,0.25,True,3558.0,0.8015318765487722,3.040834057341442,3545
PHASE6N_TOP1,CB1_CAUR_L_CF1_RI2_TI2_R12,746103,L,CF1,C01,0.5,True,3550.0,0.7997296688443343,2.80915146249638,8529
PHASE6N_TOP1,CB1_CAUR_L_CF1_RI2_TI2_R12,746103,L,CF1,C01,0.75,True,3550.0,0.7997296688443343,2.80915146249638,8529
PHASE6N_TOP1,CB1_CAUR_L_CF1_RI2_TI2_R12,746103,L,CF1,C01,1.0,True,3545.0,0.7986032890290606,2.664349840718216,19769
PHASE6N_TOP1,CB1_CAUR_L_CF1_RI2_TI2_R12_C02,746101,L,CF1,C02,0.1,True,3948.0,0.8426894343649947,6.415094339622642,1865
PHASE6N_TOP1,CB1_CAUR_L_CF1_RI2_TI2_R12_C02,746101,L,CF1,C02,0.25,True,3741.0,0.7985058697972252,0.8355795148247979,3633
PHASE6N_TOP1,CB1_CAUR_L_CF1_RI2_TI2_R12_C02,746101,L,CF1,C02,0.5,True,3741.0,0.7985058697972252,0.8355795148247979,3633
PHASE6N_TOP1,CB1_CAUR_L_CF1_RI2_TI2_R12_C02,746101,L,CF1,C02,0.75,True,3741.0,0.7985058697972252,0.8355795148247979,3633
PHASE6N_TOP1,CB1_CAUR_L_CF1_RI2_TI2_R12_C02,746101,L,CF1,C02,1.0,True,3737.0,0.7976520811099252,0.7277628032345014,19329
PHASE6N_TOP1,CB1_CAUR_L_CF1_RI2_TI2_R12_C02,746102,L,CF1,C02,0.1,True,4022.0,0.8584845250800427,8.409703504043126,1969
PHASE6N_TOP1,CB1_CAUR_L_CF1_RI2_TI2_R12_C02,746102,L,CF1,C02,0.25,True,3843.0,0.8202774813233724,3.5849056603773586,2809
PHASE6N_TOP1,CB1_CAUR_L_CF1_RI2_TI2_R12_C02,746102,L,CF1,C02,0.5,True,3801.0,0.8113127001067236,2.452830188679245,9169
PHASE6N_TOP1,CB1_CAUR_L_CF1_RI2_TI2_R12_C02,746102,L,CF1,C02,0.75,True,3779.0,0.8066168623265741,1.8598382749326146,13649
PHASE6N_TOP1,CB1_CAUR_L_CF1_RI2_TI2_R12_C02,746102,L,CF1,C02,1.0,True,3779.0,0.8066168623265741,1.8598382749326146,13649
PHASE6N_TOP1,CB1_CAUR_L_CF1_RI2_TI2_R12_C02,746103,L,CF1,C02,0.1,True,4081.0,0.8710779082177161,10.0,1689
PHASE6N_TOP1,CB1_CAUR_L_CF1_RI2_TI2_R12_C02,746103,L,CF1,C02,0.25,True,3773.0,0.8053361792956243,1.6981132075471699,3049
PHASE6N_TOP1,CB1_CAUR_L_CF1_RI2_TI2_R12_C02,746103,L,CF1,C02,0.5,True,3773.0,0.8053361792956243,1.6981132075471699,3049
PHASE6N_TOP1,CB1_CAUR_L_CF1_RI2_TI2_R12_C02,746103,L,CF1,C02,0.75,True,3769.0,0.8044823906083245,1.5902964959568733,12369
PHASE6N_TOP1,CB1_CAUR_L_CF1_RI2_TI2_R12_C02,746103,L,CF1,C02,1.0,True,3769.0,0.8044823906083245,1.5902964959568733,12369
PHASE6N_TOP1,CB1_CAUR_L_CF2_RI2_TI2_R12,746101,L,CF2,C01,0.1,True,4556.0,0.9728806320734572,9.361497839654344,89
PHASE6N_TOP1,CB1_CAUR_L_CF2_RI2_TI2_R12,746101,L,CF2,C01,0.25,True,4556.0,0.9728806320734572,9.361497839654344,89
PHASE6N_TOP1,CB1_CAUR_L_CF2_RI2_TI2_R12,746101,L,CF2,C01,0.5,True,4236.0,0.9045483664317745,1.6802688430148824,8921
PHASE6N_TOP1,CB1_CAUR_L_CF2_RI2_TI2_R12,746101,L,CF2,C01,0.75,True,4236.0,0.9045483664317745,1.6802688430148824,8921
PHASE6N_TOP1,CB1_CAUR_L_CF2_RI2_TI2_R12,746101,L,CF2,C01,1.0,True,4236.0,0.9045483664317745,1.6802688430148824,8921
PHASE6N_TOP1,CB1_CAUR_L_CF2_RI2_TI2_R12,746102,L,CF2,C01,0.1,True,4683.0,1.0,12.40998559769563,1
PHASE6N_TOP1,CB1_CAUR_L_CF2_RI2_TI2_R12,746102,L,CF2,C01,0.25,True,4668.0,0.9967969250480462,12.049927988478156,3577
PHASE6N_TOP1,CB1_CAUR_L_CF2_RI2_TI2_R12,746102,L,CF2,C01,0.5,True,4668.0,0.9967969250480462,12.049927988478156,3577
PHASE6N_TOP1,CB1_CAUR_L_CF2_RI2_TI2_R12,746102,L,CF2,C01,0.75,True,4608.0,0.9839846252402307,10.609697551608257,11625
PHASE6N_TOP1,CB1_CAUR_L_CF2_RI2_TI2_R12,746102,L,CF2,C01,1.0,True,4551.0,0.9718129404228059,9.241478636581853,14993
PHASE6N_TOP1,CB1_CAUR_L_CF2_RI2_TI2_R12,746103,L,CF2,C01,0.1,True,4501.0,0.9611360239162929,8.041286605856937,1905
PHASE6N_TOP1,CB1_CAUR_L_CF2_RI2_TI2_R12,746103,L,CF2,C01,0.25,True,4501.0,0.9611360239162929,8.041286605856937,1905
PHASE6N_TOP1,CB1_CAUR_L_CF2_RI2_TI2_R12,746103,L,CF2,C01,0.5,True,4387.0,0.9367926542814435,5.304848775804128,9585
PHASE6N_TOP1,CB1_CAUR_L_CF2_RI2_TI2_R12,746103,L,CF2,C01,0.75,True,4375.0,0.9342301943198804,5.016802688430149,14257
PHASE6N_TOP1,CB1_CAUR_L_CF2_RI2_TI2_R12,746103,L,CF2,C01,1.0,True,4375.0,0.9342301943198804,5.016802688430149,14257
PHASE6N_TOP1,CB1_CAUR_L_CF2_RI2_TI2_R12_C02,746101,L,CF2,C02,0.1,True,4148.0,0.9869141089697835,4.826889057366692,33
PHASE6N_TOP1,CB1_CAUR_L_CF2_RI2_TI2_R12_C02,746101,L,CF2,C02,0.25,True,4148.0,0.9869141089697835,4.826889057366692,33
PHASE6N_TOP1,CB1_CAUR_L_CF2_RI2_TI2_R12_C02,746101,L,CF2,C02,0.5,True,4148.0,0.9869141089697835,4.826889057366692,33
PHASE6N_TOP1,CB1_CAUR_L_CF2_RI2_TI2_R12_C02,746101,L,CF2,C02,0.75,True,4148.0,0.9869141089697835,4.826889057366692,33
PHASE6N_TOP1,CB1_CAUR_L_CF2_RI2_TI2_R12_C02,746101,L,CF2,C02,1.0,True,4148.0,0.9869141089697835,4.826889057366692,33
PHASE6N_TOP1,CB1_CAUR_L_CF2_RI2_TI2_R12_C02,746102,L,CF2,C02,0.1,True,4203.0,1.0,6.21683093252464,1
PHASE6N_TOP1,CB1_CAUR_L_CF2_RI2_TI2_R12_C02,746102,L,CF2,C02,0.25,True,4203.0,1.0,6.21683093252464,1
PHASE6N_TOP1,CB1_CAUR_L_CF2_RI2_TI2_R12_C02,746102,L,CF2,C02,0.5,True,4203.0,1.0,6.21683093252464,1
PHASE6N_TOP1,CB1_CAUR_L_CF2_RI2_TI2_R12_C02,746102,L,CF2,C02,0.75,True,4203.0,1.0,6.21683093252464,1
PHASE6N_TOP1,CB1_CAUR_L_CF2_RI2_TI2_R12_C02,746102,L,CF2,C02,1.0,True,4203.0,1.0,6.21683093252464,1
PHASE6N_TOP1,CB1_CAUR_L_CF2_RI2_TI2_R12_C02,746103,L,CF2,C02,0.1,True,4091.0,0.97335236735665,3.3864038412939097,137
PHASE6N_TOP1,CB1_CAUR_L_CF2_RI2_TI2_R12_C02,746103,L,CF2,C02,0.25,True,4091.0,0.97335236735665,3.3864038412939097,137
PHASE6N_TOP1,CB1_CAUR_L_CF2_RI2_TI2_R12_C02,746103,L,CF2,C02,0.5,True,4091.0,0.97335236735665,3.3864038412939097,137
PHASE6N_TOP1,CB1_CAUR_L_CF2_RI2_TI2_R12_C02,746103,L,CF2,C02,0.75,True,4091.0,0.97335236735665,3.3864038412939097,137
PHASE6N_TOP1,CB1_CAUR_L_CF2_RI2_TI2_R12_C02,746103,L,CF2,C02,1.0,True,4091.0,0.97335236735665,3.3864038412939097,137
PHASE6N_TOP1,CB1_CAUR_L_CF3_RI2_TI2_R12,746101,L,CF3,C01,0.1,True,4480.0,0.9891808346213292,8.082026537997587,1697
PHASE6N_TOP1,CB1_CAUR_L_CF3_RI2_TI2_R12,746101,L,CF3,C01,0.25,True,4431.0,0.9783616692426584,6.899879372738239,2689
PHASE6N_TOP1,CB1_CAUR_L_CF3_RI2_TI2_R12,746101,L,CF3,C01,0.5,True,4366.0,0.9640097151689114,5.331724969843185,6913
PHASE6N_TOP1,CB1_CAUR_L_CF3_RI2_TI2_R12,746101,L,CF3,C01,0.75,True,4357.0,0.9620225215279311,5.1145958986731,11849
PHASE6N_TOP1,CB1_CAUR_L_CF3_RI2_TI2_R12,746101,L,CF3,C01,1.0,True,4357.0,0.9620225215279311,5.1145958986731,11849
PHASE6N_TOP1,CB1_CAUR_L_CF3_RI2_TI2_R12,746102,L,CF3,C01,0.1,True,4529.0,1.0,9.264173703256937,1
PHASE6N_TOP1,CB1_CAUR_L_CF3_RI2_TI2_R12,746102,L,CF3,C01,0.25,True,4488.0,0.9909472289688673,8.27503015681544,3665
PHASE6N_TOP1,CB1_CAUR_L_CF3_RI2_TI2_R12,746102,L,CF3,C01,0.5,True,4268.0,0.9423713844115699,2.9674306393244874,9729
PHASE6N_TOP1,CB1_CAUR_L_CF3_RI2_TI2_R12,746102,L,CF3,C01,0.75,True,4265.0,0.9417089865312431,2.8950542822677927,12881
PHASE6N_TOP1,CB1_CAUR_L_CF3_RI2_TI2_R12,746102,L,CF3,C01,1.0,True,4265.0,0.9417089865312431,2.8950542822677927,12881
PHASE6N_TOP1,CB1_CAUR_L_CF3_RI2_TI2_R12,746103,L,CF3,C01,0.1,True,4529.0,1.0,9.264173703256937,1
PHASE6N_TOP1,CB1_CAUR_L_CF3_RI2_TI2_R12,746103,L,CF3,C01,0.25,True,4440.0,0.9803488628836388,7.117008443908324,4817
PHASE6N_TOP1,CB1_CAUR_L_CF3_RI2_TI2_R12,746103,L,CF3,C01,0.5,True,4283.0,0.9456833738132038,3.3293124246079615,5625
PHASE6N_TOP1,CB1_CAUR_L_CF3_RI2_TI2_R12,746103,L,CF3,C01,0.75,True,4268.0,0.9423713844115699,2.9674306393244874,10409
PHASE6N_TOP1,CB1_CAUR_L_CF3_RI2_TI2_R12,746103,L,CF3,C01,1.0,True,4200.0,0.9273570324574961,1.3268998793727382,18089
PHASE6N_TOP1,CB1_CAUR_L_CF3_RI2_TI2_R12_C02,746101,L,CF3,C02,0.1,True,3429.0,0.9884692995099452,7.830188679245283,57
PHASE6N_TOP1,CB1_CAUR_L_CF3_RI2_TI2_R12_C02,746101,L,CF3,C02,0.25,True,3429.0,0.9884692995099452,7.830188679245283,57
PHASE6N_TOP1,CB1_CAUR_L_CF3_RI2_TI2_R12_C02,746101,L,CF3,C02,0.5,True,3429.0,0.9884692995099452,7.830188679245283,57
PHASE6N_TOP1,CB1_CAUR_L_CF3_RI2_TI2_R12_C02,746101,L,CF3,C02,0.75,True,3429.0,0.9884692995099452,7.830188679245283,57
PHASE6N_TOP1,CB1_CAUR_L_CF3_RI2_TI2_R12_C02,746101,L,CF3,C02,1.0,True,3429.0,0.9884692995099452,7.830188679245283,57
PHASE6N_TOP1,CB1_CAUR_L_CF3_RI2_TI2_R12_C02,746102,L,CF3,C02,0.1,True,3469.0,1.0,9.08805031446541,1
PHASE6N_TOP1,CB1_CAUR_L_CF3_RI2_TI2_R12_C02,746102,L,CF3,C02,0.25,True,3469.0,1.0,9.08805031446541,1
PHASE6N_TOP1,CB1_CAUR_L_CF3_RI2_TI2_R12_C02,746102,L,CF3,C02,0.5,True,3469.0,1.0,9.08805031446541,1
PHASE6N_TOP1,CB1_CAUR_L_CF3_RI2_TI2_R12_C02,746102,L,CF3,C02,0.75,True,3469.0,1.0,9.08805031446541,1
PHASE6N_TOP1,CB1_CAUR_L_CF3_RI2_TI2_R12_C02,746102,L,CF3,C02,1.0,True,3469.0,1.0,9.08805031446541,1
PHASE6N_TOP1,CB1_CAUR_L_CF3_RI2_TI2_R12_C02,746103,L,CF3,C02,0.1,True,3469.0,1.0,9.08805031446541,1
PHASE6N_TOP1,CB1_CAUR_L_CF3_RI2_TI2_R12_C02,746103,L,CF3,C02,0.25,True,3469.0,1.0,9.08805031446541,1
PHASE6N_TOP1,CB1_CAUR_L_CF3_RI2_TI2_R12_C02,746103,L,CF3,C02,0.5,True,3469.0,1.0,9.08805031446541,1
PHASE6N_TOP1,CB1_CAUR_L_CF3_RI2_TI2_R12_C02,746103,L,CF3,C02,0.75,True,3469.0,1.0,9.08805031446541,1
PHASE6N_TOP1,CB1_CAUR_L_CF3_RI2_TI2_R12_C02,746103,L,CF3,C02,1.0,True,3469.0,1.0,9.08805031446541,1
PHASE6N_TOP1,CB1_CAUR_M_CF1_RI2_TI2_R12,746101,M,CF1,C01,0.1,True,2949.0,1.0,7.510025519504192,1
PHASE6N_TOP1,CB1_CAUR_M_CF1_RI2_TI2_R12,746101,M,CF1,C01,0.25,True,2855.0,0.9681247880637505,4.083120670798396,2441
PHASE6N_TOP1,CB1_CAUR_M_CF1_RI2_TI2_R12,746101,M,CF1,C01,0.5,True,2855.0,0.9681247880637505,4.083120670798396,2441
PHASE6N_TOP1,CB1_CAUR_M_CF1_RI2_TI2_R12,746101,M,CF1,C01,0.75,True,2812.0,0.9535435740929129,2.5154939846882973,12249
PHASE6N_TOP1,CB1_CAUR_M_CF1_RI2_TI2_R12,746101,M,CF1,C01,1.0,True,2806.0,0.951508986096982,2.296755377324098,19625
PHASE6N_TOP1,CB1_CAUR_M_CF1_RI2_TI2_R12,746102,M,CF1,C01,0.1,True,2949.0,1.0,7.510025519504192,1
PHASE6N_TOP1,CB1_CAUR_M_CF1_RI2_TI2_R12,746102,M,CF1,C01,0.25,True,2949.0,1.0,7.510025519504192,1
PHASE6N_TOP1,CB1_CAUR_M_CF1_RI2_TI2_R12,746102,M,CF1,C01,0.5,True,2897.0,0.9823669040352662,5.614290922347794,9441
PHASE6N_TOP1,CB1_CAUR_M_CF1_RI2_TI2_R12,746102,M,CF1,C01,0.75,True,2743.0,0.9301458121397084,0.0,14473
PHASE6N_TOP1,CB1_CAUR_M_CF1_RI2_TI2_R12,746102,M,CF1,C01,1.0,True,2743.0,0.9301458121397084,0.0,14473
PHASE6N_TOP1,CB1_CAUR_M_CF1_RI2_TI2_R12,746103,M,CF1,C01,0.1,True,2949.0,1.0,7.510025519504192,1
PHASE6N_TOP1,CB1_CAUR_M_CF1_RI2_TI2_R12,746103,M,CF1,C01,0.25,True,2949.0,1.0,7.510025519504192,1
PHASE6N_TOP1,CB1_CAUR_M_CF1_RI2_TI2_R12,746103,M,CF1,C01,0.5,True,2913.0,0.987792472024415,6.197593875318994,9009
PHASE6N_TOP1,CB1_CAUR_M_CF1_RI2_TI2_R12,746103,M,CF1,C01,0.75,True,2913.0,0.987792472024415,6.197593875318994,9009
PHASE6N_TOP1,CB1_CAUR_M_CF1_RI2_TI2_R12,746103,M,CF1,C01,1.0,True,2913.0,0.987792472024415,6.197593875318994,9009
PHASE6N_TOP1,CB1_CAUR_M_CF1_RI2_TI2_R12_C02,746101,M,CF1,C02,0.1,True,3157.0,0.9575371549893843,13.88888888888889,585
PHASE6N_TOP1,CB1_CAUR_M_CF1_RI2_TI2_R12_C02,746101,M,CF1,C02,0.25,True,2874.0,0.8717015468607825,3.6796536796536796,3721
PHASE6N_TOP1,CB1_CAUR_M_CF1_RI2_TI2_R12_C02,746101,M,CF1,C02,0.5,True,2874.0,0.8717015468607825,3.6796536796536796,3721
PHASE6N_TOP1,CB1_CAUR_M_CF1_RI2_TI2_R12_C02,746101,M,CF1,C02,0.75,True,2874.0,0.8717015468607825,3.6796536796536796,3721
PHASE6N_TOP1,CB1_CAUR_M_CF1_RI2_TI2_R12_C02,746101,M,CF1,C02,1.0,True,2874.0,0.8717015468607825,3.6796536796536796,3721
PHASE6N_TOP1,CB1_CAUR_M_CF1_RI2_TI2_R12_C02,746102,M,CF1,C02,0.1,True,3103.0,0.9411586290567182,11.940836940836942,1849
PHASE6N_TOP1,CB1_CAUR_M_CF1_RI2_TI2_R12_C02,746102,M,CF1,C02,0.25,True,2901.0,0.8798908098271155,4.653679653679654,3377
PHASE6N_TOP1,CB1_CAUR_M_CF1_RI2_TI2_R12_C02,746102,M,CF1,C02,0.5,True,2901.0,0.8798908098271155,4.653679653679654,3377
PHASE6N_TOP1,CB1_CAUR_M_CF1_RI2_TI2_R12_C02,746102,M,CF1,C02,0.75,True,2901.0,0.8798908098271155,4.653679653679654,3377
PHASE6N_TOP1,CB1_CAUR_M_CF1_RI2_TI2_R12_C02,746102,M,CF1,C02,1.0,True,2879.0,0.8732180770397331,3.86002886002886,21281
PHASE6N_TOP1,CB1_CAUR_M_CF1_RI2_TI2_R12_C02,746103,M,CF1,C02,0.1,True,3084.0,0.935395814376706,11.255411255411255,1129
PHASE6N_TOP1,CB1_CAUR_M_CF1_RI2_TI2_R12_C02,746103,M,CF1,C02,0.25,True,2866.0,0.8692750985744616,3.391053391053391,3137
PHASE6N_TOP1,CB1_CAUR_M_CF1_RI2_TI2_R12_C02,746103,M,CF1,C02,0.5,True,2841.0,0.8616924476797089,2.4891774891774894,10297
PHASE6N_TOP1,CB1_CAUR_M_CF1_RI2_TI2_R12_C02,746103,M,CF1,C02,0.75,True,2823.0,0.8562329390354868,1.8398268398268398,12633
PHASE6N_TOP1,CB1_CAUR_M_CF1_RI2_TI2_R12_C02,746103,M,CF1,C02,1.0,True,2776.0,0.8419775553533515,0.1443001443001443,16793
PHASE6N_TOP1,CB1_CAUR_M_CF2_RI2_TI2_R12,746101,M,CF2,C01,0.1,True,3146.0,1.0,13.08411214953271,1
PHASE6N_TOP1,CB1_CAUR_M_CF2_RI2_TI2_R12,746101,M,CF2,C01,0.25,True,3125.0,0.9933248569612206,12.329259525521207,3985
PHASE6N_TOP1,CB1_CAUR_M_CF2_RI2_TI2_R12,746101,M,CF2,C01,0.5,True,3010.0,0.9567705022250477,8.195542774982027,10609
PHASE6N_TOP1,CB1_CAUR_M_CF2_RI2_TI2_R12,746101,M,CF2,C01,0.75,True,2920.0,0.9281627463445645,4.960460100647016,11697
PHASE6N_TOP1,CB1_CAUR_M_CF2_RI2_TI2_R12,746101,M,CF2,C01,1.0,True,2920.0,0.9281627463445645,4.960460100647016,11697
PHASE6N_TOP1,CB1_CAUR_M_CF2_RI2_TI2_R12,746102,M,CF2,C01,0.1,True,3146.0,1.0,13.08411214953271,1
PHASE6N_TOP1,CB1_CAUR_M_CF2_RI2_TI2_R12,746102,M,CF2,C01,0.25,True,3127.0,0.9939605848696758,12.40115025161754,3289
PHASE6N_TOP1,CB1_CAUR_M_CF2_RI2_TI2_R12,746102,M,CF2,C01,0.5,True,3041.0,0.966624284806103,9.309849029475197,8785
PHASE6N_TOP1,CB1_CAUR_M_CF2_RI2_TI2_R12,746102,M,CF2,C01,0.75,True,3028.0,0.9624920534011443,8.84255930984903,14233
PHASE6N_TOP1,CB1_CAUR_M_CF2_RI2_TI2_R12,746102,M,CF2,C01,1.0,True,3028.0,0.9624920534011443,8.84255930984903,14233
PHASE6N_TOP1,CB1_CAUR_M_CF2_RI2_TI2_R12,746103,M,CF2,C01,0.1,True,3146.0,1.0,13.08411214953271,1
PHASE6N_TOP1,CB1_CAUR_M_CF2_RI2_TI2_R12,746103,M,CF2,C01,0.25,True,2973.0,0.9450095359186268,6.865564342199856,5169
PHASE6N_TOP1,CB1_CAUR_M_CF2_RI2_TI2_R12,746103,M,CF2,C01,0.5,True,2890.0,0.9186268277177368,3.882099209202013,8009
PHASE6N_TOP1,CB1_CAUR_M_CF2_RI2_TI2_R12,746103,M,CF2,C01,0.75,True,2890.0,0.9186268277177368,3.882099209202013,8009
PHASE6N_TOP1,CB1_CAUR_M_CF2_RI2_TI2_R12,746103,M,CF2,C01,1.0,True,2890.0,0.9186268277177368,3.882099209202013,8009
PHASE6N_TOP1,CB1_CAUR_M_CF2_RI2_TI2_R12_C02,746101,M,CF2,C02,0.1,True,3947.0,0.9959626545546303,7.900492072170585,1793
PHASE6N_TOP1,CB1_CAUR_M_CF2_RI2_TI2_R12_C02,746101,M,CF2,C02,0.25,True,3885.0,0.9803179409538229,6.205576817933297,3945
PHASE6N_TOP1,CB1_CAUR_M_CF2_RI2_TI2_R12_C02,746101,M,CF2,C02,0.5,True,3809.0,0.9611405500883169,4.127938764352105,9833
PHASE6N_TOP1,CB1_CAUR_M_CF2_RI2_TI2_R12_C02,746101,M,CF2,C02,0.75,True,3760.0,0.9487761796618723,2.7884089666484417,12529
PHASE6N_TOP1,CB1_CAUR_M_CF2_RI2_TI2_R12_C02,746101,M,CF2,C02,1.0,True,3760.0,0.9487761796618723,2.7884089666484417,12529
PHASE6N_TOP1,CB1_CAUR_M_CF2_RI2_TI2_R12_C02,746102,M,CF2,C02,0.1,True,3866.0,0.9755235932374464,5.686167304537999,1145
PHASE6N_TOP1,CB1_CAUR_M_CF2_RI2_TI2_R12_C02,746102,M,CF2,C02,0.25,True,3748.0,0.9457481705778451,2.4603608529250955,3953
PHASE6N_TOP1,CB1_CAUR_M_CF2_RI2_TI2_R12_C02,746102,M,CF2,C02,0.5,True,3719.0,0.9384304819581125,1.6675779114270093,10201
PHASE6N_TOP1,CB1_CAUR_M_CF2_RI2_TI2_R12_C02,746102,M,CF2,C02,0.75,True,3719.0,0.9384304819581125,1.6675779114270093,10201
PHASE6N_TOP1,CB1_CAUR_M_CF2_RI2_TI2_R12_C02,746102,M,CF2,C02,1.0,True,3719.0,0.9384304819581125,1.6675779114270093,10201
PHASE6N_TOP1,CB1_CAUR_M_CF2_RI2_TI2_R12_C02,746103,M,CF2,C02,0.1,True,3893.0,0.9823366136765077,6.424275560415528,393
PHASE6N_TOP1,CB1_CAUR_M_CF2_RI2_TI2_R12_C02,746103,M,CF2,C02,0.25,True,3889.0,0.9813272773151652,6.314926189174412,5345
PHASE6N_TOP1,CB1_CAUR_M_CF2_RI2_TI2_R12_C02,746103,M,CF2,C02,0.5,True,3889.0,0.9813272773151652,6.314926189174412,5345
PHASE6N_TOP1,CB1_CAUR_M_CF2_RI2_TI2_R12_C02,746103,M,CF2,C02,0.75,True,3889.0,0.9813272773151652,6.314926189174412,5345
PHASE6N_TOP1,CB1_CAUR_M_CF2_RI2_TI2_R12_C02,746103,M,CF2,C02,1.0,True,3889.0,0.9813272773151652,6.314926189174412,5345
PHASE6N_TOP1,CB1_CAUR_M_CF3_RI2_TI2_R12,746101,M,CF3,C01,0.1,True,2857.0,0.9996501049685095,8.26070481242895,17
PHASE6N_TOP1,CB1_CAUR_M_CF3_RI2_TI2_R12,746101,M,CF3,C01,0.25,True,2857.0,0.9996501049685095,8.26070481242895,17
PHASE6N_TOP1,CB1_CAUR_M_CF3_RI2_TI2_R12,746101,M,CF3,C01,0.5,True,2857.0,0.9996501049685095,8.26070481242895,17
PHASE6N_TOP1,CB1_CAUR_M_CF3_RI2_TI2_R12,746101,M,CF3,C01,0.75,True,2857.0,0.9996501049685095,8.26070481242895,17
PHASE6N_TOP1,CB1_CAUR_M_CF3_RI2_TI2_R12,746101,M,CF3,C01,1.0,True,2856.0,0.9993002099370188,8.222811671087532,21025
PHASE6N_TOP1,CB1_CAUR_M_CF3_RI2_TI2_R12,746102,M,CF3,C01,0.1,True,2858.0,1.0,8.298597953770367,1
PHASE6N_TOP1,CB1_CAUR_M_CF3_RI2_TI2_R12,746102,M,CF3,C01,0.25,True,2858.0,1.0,8.298597953770367,1
PHASE6N_TOP1,CB1_CAUR_M_CF3_RI2_TI2_R12,746102,M,CF3,C01,0.5,True,2858.0,1.0,8.298597953770367,1
PHASE6N_TOP1,CB1_CAUR_M_CF3_RI2_TI2_R12,746102,M,CF3,C01,0.75,True,2858.0,1.0,8.298597953770367,1
PHASE6N_TOP1,CB1_CAUR_M_CF3_RI2_TI2_R12,746102,M,CF3,C01,1.0,True,2858.0,1.0,8.298597953770367,1
PHASE6N_TOP1,CB1_CAUR_M_CF3_RI2_TI2_R12,746103,M,CF3,C01,0.1,True,2858.0,1.0,8.298597953770367,1
PHASE6N_TOP1,CB1_CAUR_M_CF3_RI2_TI2_R12,746103,M,CF3,C01,0.25,True,2858.0,1.0,8.298597953770367,1
PHASE6N_TOP1,CB1_CAUR_M_CF3_RI2_TI2_R12,746103,M,CF3,C01,0.5,True,2858.0,1.0,8.298597953770367,1
PHASE6N_TOP1,CB1_CAUR_M_CF3_RI2_TI2_R12,746103,M,CF3,C01,0.75,True,2858.0,1.0,8.298597953770367,1
PHASE6N_TOP1,CB1_CAUR_M_CF3_RI2_TI2_R12,746103,M,CF3,C01,1.0,True,2858.0,1.0,8.298597953770367,1
PHASE6N_TOP1,CB1_CAUR_M_CF3_RI2_TI2_R12_C02,746101,M,CF3,C02,0.1,True,3260.0,0.9929942126104173,11.567419575633128,193
PHASE6N_TOP1,CB1_CAUR_M_CF3_RI2_TI2_R12_C02,746101,M,CF3,C02,0.25,True,3260.0,0.9929942126104173,11.567419575633128,193
PHASE6N_TOP1,CB1_CAUR_M_CF3_RI2_TI2_R12_C02,746101,M,CF3,C02,0.5,True,3100.0,0.9442583003350594,6.091718001368926,5969
PHASE6N_TOP1,CB1_CAUR_M_CF3_RI2_TI2_R12_C02,746101,M,CF3,C02,0.75,True,3100.0,0.9442583003350594,6.091718001368926,5969
PHASE6N_TOP1,CB1_CAUR_M_CF3_RI2_TI2_R12_C02,746101,M,CF3,C02,1.0,True,3100.0,0.9442583003350594,6.091718001368926,5969
PHASE6N_TOP1,CB1_CAUR_M_CF3_RI2_TI2_R12_C02,746102,M,CF3,C02,0.1,True,3283.0,1.0,12.354551676933607,1
PHASE6N_TOP1,CB1_CAUR_M_CF3_RI2_TI2_R12_C02,746102,M,CF3,C02,0.25,True,3283.0,1.0,12.354551676933607,1
PHASE6N_TOP1,CB1_CAUR_M_CF3_RI2_TI2_R12_C02,746102,M,CF3,C02,0.5,True,3235.0,0.9853792263173926,10.711841204654347,5785
PHASE6N_TOP1,CB1_CAUR_M_CF3_RI2_TI2_R12_C02,746102,M,CF3,C02,0.75,True,3216.0,0.9795918367346939,10.061601642710473,12681
PHASE6N_TOP1,CB1_CAUR_M_CF3_RI2_TI2_R12_C02,746102,M,CF3,C02,1.0,True,3160.0,0.9625342674383186,8.145106091718,21289
PHASE6N_TOP1,CB1_CAUR_M_CF3_RI2_TI2_R12_C02,746103,M,CF3,C02,0.1,True,3283.0,1.0,12.354551676933607,1
PHASE6N_TOP1,CB1_CAUR_M_CF3_RI2_TI2_R12_C02,746103,M,CF3,C02,0.25,True,3283.0,1.0,12.354551676933607,1
PHASE6N_TOP1,CB1_CAUR_M_CF3_RI2_TI2_R12_C02,746103,M,CF3,C02,0.5,True,3241.0,0.9872068230277186,10.917180013689254,10281
PHASE6N_TOP1,CB1_CAUR_M_CF3_RI2_TI2_R12_C02,746103,M,CF3,C02,0.75,True,3167.0,0.9646664636003656,8.38466803559206,11681
PHASE6N_TOP1,CB1_CAUR_M_CF3_RI2_TI2_R12_C02,746103,M,CF3,C02,1.0,True,3167.0,0.9646664636003656,8.38466803559206,11681
PHASE6N_TOP1,CB1_CAUR_S_CF1_RI2_TI2_R12,746101,S,CF1,C01,0.1,True,1808.0,0.9804772234273319,9.908814589665653,49
PHASE6N_TOP1,CB1_CAUR_S_CF1_RI2_TI2_R12,746101,S,CF1,C01,0.25,True,1783.0,0.9669197396963124,8.389057750759878,4449
PHASE6N_TOP1,CB1_CAUR_S_CF1_RI2_TI2_R12,746101,S,CF1,C01,0.5,True,1695.0,0.9191973969631236,3.0395136778115504,7801
PHASE6N_TOP1,CB1_CAUR_S_CF1_RI2_TI2_R12,746101,S,CF1,C01,0.75,True,1685.0,0.9137744034707158,2.43161094224924,10921
PHASE6N_TOP1,CB1_CAUR_S_CF1_RI2_TI2_R12,746101,S,CF1,C01,1.0,True,1685.0,0.9137744034707158,2.43161094224924,10921
PHASE6N_TOP1,CB1_CAUR_S_CF1_RI2_TI2_R12,746102,S,CF1,C01,0.1,True,1792.0,0.9718004338394793,8.936170212765957,129
PHASE6N_TOP1,CB1_CAUR_S_CF1_RI2_TI2_R12,746102,S,CF1,C01,0.25,True,1680.0,0.911062906724512,2.127659574468085,3993
PHASE6N_TOP1,CB1_CAUR_S_CF1_RI2_TI2_R12,746102,S,CF1,C01,0.5,True,1680.0,0.911062906724512,2.127659574468085,3993
PHASE6N_TOP1,CB1_CAUR_S_CF1_RI2_TI2_R12,746102,S,CF1,C01,0.75,True,1678.0,0.9099783080260304,2.0060790273556233,10489
PHASE6N_TOP1,CB1_CAUR_S_CF1_RI2_TI2_R12,746102,S,CF1,C01,1.0,True,1678.0,0.9099783080260304,2.0060790273556233,10489
PHASE6N_TOP1,CB1_CAUR_S_CF1_RI2_TI2_R12,746103,S,CF1,C01,0.1,True,1814.0,0.9837310195227765,10.27355623100304,41
PHASE6N_TOP1,CB1_CAUR_S_CF1_RI2_TI2_R12,746103,S,CF1,C01,0.25,True,1695.0,0.9191973969631236,3.0395136778115504,4089
PHASE6N_TOP1,CB1_CAUR_S_CF1_RI2_TI2_R12,746103,S,CF1,C01,0.5,True,1680.0,0.911062906724512,2.127659574468085,7409
PHASE6N_TOP1,CB1_CAUR_S_CF1_RI2_TI2_R12,746103,S,CF1,C01,0.75,True,1680.0,0.911062906724512,2.127659574468085,7409
PHASE6N_TOP1,CB1_CAUR_S_CF1_RI2_TI2_R12,746103,S,CF1,C01,1.0,True,1680.0,0.911062906724512,2.127659574468085,7409
PHASE6N_TOP1,CB1_CAUR_S_CF1_RI2_TI2_R12_C02,746101,S,CF1,C02,0.1,True,1936.0,0.9979381443298969,8.581043185642176,9
PHASE6N_TOP1,CB1_CAUR_S_CF1_RI2_TI2_R12_C02,746101,S,CF1,C02,0.25,True,1936.0,0.9979381443298969,8.581043185642176,9
PHASE6N_TOP1,CB1_CAUR_S_CF1_RI2_TI2_R12_C02,746101,S,CF1,C02,0.5,True,1923.0,0.9912371134020619,7.851934941110488,7585
PHASE6N_TOP1,CB1_CAUR_S_CF1_RI2_TI2_R12_C02,746101,S,CF1,C02,0.75,True,1903.0,0.9809278350515463,6.730229949523276,10801
PHASE6N_TOP1,CB1_CAUR_S_CF1_RI2_TI2_R12_C02,746101,S,CF1,C02,1.0,True,1903.0,0.9809278350515463,6.730229949523276,10801
PHASE6N_TOP1,CB1_CAUR_S_CF1_RI2_TI2_R12_C02,746102,S,CF1,C02,0.1,True,1933.0,0.9963917525773196,8.412787436904095,33
PHASE6N_TOP1,CB1_CAUR_S_CF1_RI2_TI2_R12_C02,746102,S,CF1,C02,0.25,True,1849.0,0.9530927835051546,3.7016264722378014,3049
PHASE6N_TOP1,CB1_CAUR_S_CF1_RI2_TI2_R12_C02,746102,S,CF1,C02,0.5,True,1849.0,0.9530927835051546,3.7016264722378014,3049
PHASE6N_TOP1,CB1_CAUR_S_CF1_RI2_TI2_R12_C02,746102,S,CF1,C02,0.75,True,1849.0,0.9530927835051546,3.7016264722378014,3049
PHASE6N_TOP1,CB1_CAUR_S_CF1_RI2_TI2_R12_C02,746102,S,CF1,C02,1.0,True,1849.0,0.9530927835051546,3.7016264722378014,3049
PHASE6N_TOP1,CB1_CAUR_S_CF1_RI2_TI2_R12_C02,746103,S,CF1,C02,0.1,True,1940.0,1.0,8.80538418395962,1
PHASE6N_TOP1,CB1_CAUR_S_CF1_RI2_TI2_R12_C02,746103,S,CF1,C02,0.25,True,1934.0,0.9969072164948454,8.468872686483454,2737
PHASE6N_TOP1,CB1_CAUR_S_CF1_RI2_TI2_R12_C02,746103,S,CF1,C02,0.5,True,1934.0,0.9969072164948454,8.468872686483454,2737
PHASE6N_TOP1,CB1_CAUR_S_CF1_RI2_TI2_R12_C02,746103,S,CF1,C02,0.75,True,1934.0,0.9969072164948454,8.468872686483454,2737
PHASE6N_TOP1,CB1_CAUR_S_CF1_RI2_TI2_R12_C02,746103,S,CF1,C02,1.0,True,1934.0,0.9969072164948454,8.468872686483454,2737
PHASE6N_TOP1,CB1_CAUR_S_CF2_RI2_TI2_R12,746101,S,CF2,C01,0.1,True,1791.0,0.955709711846318,12.78337531486146,1441
PHASE6N_TOP1,CB1_CAUR_S_CF2_RI2_TI2_R12,746101,S,CF2,C01,0.25,True,1698.0,0.9060832443970117,6.926952141057934,3409
PHASE6N_TOP1,CB1_CAUR_S_CF2_RI2_TI2_R12,746101,S,CF2,C01,0.5,True,1661.0,0.8863393810032018,4.596977329974811,7913
PHASE6N_TOP1,CB1_CAUR_S_CF2_RI2_TI2_R12,746101,S,CF2,C01,0.75,True,1627.0,0.8681963713980789,2.455919395465995,9281
PHASE6N_TOP1,CB1_CAUR_S_CF2_RI2_TI2_R12,746101,S,CF2,C01,1.0,True,1627.0,0.8681963713980789,2.455919395465995,9281
PHASE6N_TOP1,CB1_CAUR_S_CF2_RI2_TI2_R12,746102,S,CF2,C01,0.1,True,1836.0,0.9797225186766275,15.617128463476071,1169
PHASE6N_TOP1,CB1_CAUR_S_CF2_RI2_TI2_R12,746102,S,CF2,C01,0.25,True,1787.0,0.9535752401280683,12.531486146095718,4065
PHASE6N_TOP1,CB1_CAUR_S_CF2_RI2_TI2_R12,746102,S,CF2,C01,0.5,True,1782.0,0.9509071504802561,12.21662468513854,4865
PHASE6N_TOP1,CB1_CAUR_S_CF2_RI2_TI2_R12,746102,S,CF2,C01,0.75,True,1782.0,0.9509071504802561,12.21662468513854,4865
PHASE6N_TOP1,CB1_CAUR_S_CF2_RI2_TI2_R12,746102,S,CF2,C01,1.0,True,1746.0,0.9316969050160085,9.94962216624685,14529
PHASE6N_TOP1,CB1_CAUR_S_CF2_RI2_TI2_R12,746103,S,CF2,C01,0.1,True,1862.0,0.9935965848452508,17.2544080604534,809
PHASE6N_TOP1,CB1_CAUR_S_CF2_RI2_TI2_R12,746103,S,CF2,C01,0.25,True,1676.0,0.8943436499466382,5.541561712846348,3857
PHASE6N_TOP1,CB1_CAUR_S_CF2_RI2_TI2_R12,746103,S,CF2,C01,0.5,True,1657.0,0.884204909284952,4.345088161209068,5777
PHASE6N_TOP1,CB1_CAUR_S_CF2_RI2_TI2_R12,746103,S,CF2,C01,0.75,True,1657.0,0.884204909284952,4.345088161209068,5777
PHASE6N_TOP1,CB1_CAUR_S_CF2_RI2_TI2_R12,746103,S,CF2,C01,1.0,True,1657.0,0.884204909284952,4.345088161209068,5777
PHASE6N_TOP1,CB1_CAUR_S_CF2_RI2_TI2_R12_C02,746101,S,CF2,C02,0.1,True,2101.0,0.9924421350968351,11.518046709129512,969
PHASE6N_TOP1,CB1_CAUR_S_CF2_RI2_TI2_R12_C02,746101,S,CF2,C02,0.25,True,2061.0,0.973547472838923,9.394904458598726,3105
PHASE6N_TOP1,CB1_CAUR_S_CF2_RI2_TI2_R12_C02,746101,S,CF2,C02,0.5,True,2049.0,0.9678790741615494,8.757961783439491,5201
PHASE6N_TOP1,CB1_CAUR_S_CF2_RI2_TI2_R12_C02,746101,S,CF2,C02,0.75,True,2012.0,0.9504015115729806,6.794055201698514,13049
PHASE6N_TOP1,CB1_CAUR_S_CF2_RI2_TI2_R12_C02,746101,S,CF2,C02,1.0,True,1959.0,0.9253660840812471,3.9808917197452227,18569
PHASE6N_TOP1,CB1_CAUR_S_CF2_RI2_TI2_R12_C02,746102,S,CF2,C02,0.1,True,2096.0,0.9900803023145961,11.252653927813164,1369
PHASE6N_TOP1,CB1_CAUR_S_CF2_RI2_TI2_R12_C02,746102,S,CF2,C02,0.25,True,2096.0,0.9900803023145961,11.252653927813164,1369
PHASE6N_TOP1,CB1_CAUR_S_CF2_RI2_TI2_R12_C02,746102,S,CF2,C02,0.5,True,2060.0,0.9730751062824752,9.341825902335456,8393
PHASE6N_TOP1,CB1_CAUR_S_CF2_RI2_TI2_R12_C02,746102,S,CF2,C02,0.75,True,1971.0,0.9310344827586207,4.617834394904459,13369
PHASE6N_TOP1,CB1_CAUR_S_CF2_RI2_TI2_R12_C02,746102,S,CF2,C02,1.0,True,1971.0,0.9310344827586207,4.617834394904459,13369
PHASE6N_TOP1,CB1_CAUR_S_CF2_RI2_TI2_R12_C02,746103,S,CF2,C02,0.1,True,2117.0,1.0,12.367303609341826,1
PHASE6N_TOP1,CB1_CAUR_S_CF2_RI2_TI2_R12_C02,746103,S,CF2,C02,0.25,True,2063.0,0.9744922059518186,9.501061571125266,2089
PHASE6N_TOP1,CB1_CAUR_S_CF2_RI2_TI2_R12_C02,746103,S,CF2,C02,0.5,True,1987.0,0.9385923476617856,5.467091295116773,7881
PHASE6N_TOP1,CB1_CAUR_S_CF2_RI2_TI2_R12_C02,746103,S,CF2,C02,0.75,True,1987.0,0.9385923476617856,5.467091295116773,7881
PHASE6N_TOP1,CB1_CAUR_S_CF2_RI2_TI2_R12_C02,746103,S,CF2,C02,1.0,True,1987.0,0.9385923476617856,5.467091295116773,7881
PHASE6N_TOP1,CB1_CAUR_S_CF3_RI2_TI2_R12,746101,S,CF3,C01,0.1,True,1939.0,0.9340077071290944,17.16012084592145,137
PHASE6N_TOP1,CB1_CAUR_S_CF3_RI2_TI2_R12,746101,S,CF3,C01,0.25,True,1900.0,0.9152215799614644,14.803625377643504,3209
PHASE6N_TOP1,CB1_CAUR_S_CF3_RI2_TI2_R12,746101,S,CF3,C01,0.5,True,1900.0,0.9152215799614644,14.803625377643504,3209
PHASE6N_TOP1,CB1_CAUR_S_CF3_RI2_TI2_R12,746101,S,CF3,C01,0.75,True,1900.0,0.9152215799614644,14.803625377643504,3209
PHASE6N_TOP1,CB1_CAUR_S_CF3_RI2_TI2_R12,746101,S,CF3,C01,1.0,True,1900.0,0.9152215799614644,14.803625377643504,3209
PHASE6N_TOP1,CB1_CAUR_S_CF3_RI2_TI2_R12,746102,S,CF3,C01,0.1,True,2016.0,0.9710982658959537,21.812688821752264,33
PHASE6N_TOP1,CB1_CAUR_S_CF3_RI2_TI2_R12,746102,S,CF3,C01,0.25,True,1840.0,0.8863198458574181,11.178247734138973,3953
PHASE6N_TOP1,CB1_CAUR_S_CF3_RI2_TI2_R12,746102,S,CF3,C01,0.5,True,1793.0,0.8636801541425819,8.338368580060424,7801
PHASE6N_TOP1,CB1_CAUR_S_CF3_RI2_TI2_R12,746102,S,CF3,C01,0.75,True,1793.0,0.8636801541425819,8.338368580060424,7801
PHASE6N_TOP1,CB1_CAUR_S_CF3_RI2_TI2_R12,746102,S,CF3,C01,1.0,True,1793.0,0.8636801541425819,8.338368580060424,7801
PHASE6N_TOP1,CB1_CAUR_S_CF3_RI2_TI2_R12,746103,S,CF3,C01,0.1,True,1977.0,0.9523121387283237,19.45619335347432,1049
PHASE6N_TOP1,CB1_CAUR_S_CF3_RI2_TI2_R12,746103,S,CF3,C01,0.25,True,1872.0,0.9017341040462428,13.11178247734139,3289
PHASE6N_TOP1,CB1_CAUR_S_CF3_RI2_TI2_R12,746103,S,CF3,C01,0.5,True,1818.0,0.8757225433526011,9.84894259818731,8185
PHASE6N_TOP1,CB1_CAUR_S_CF3_RI2_TI2_R12,746103,S,CF3,C01,0.75,True,1818.0,0.8757225433526011,9.84894259818731,8185
PHASE6N_TOP1,CB1_CAUR_S_CF3_RI2_TI2_R12,746103,S,CF3,C01,1.0,True,1804.0,0.8689788053949904,9.003021148036254,17473
PHASE6N_TOP1,CB1_CAUR_S_CF3_RI2_TI2_R12_C02,746101,S,CF3,C02,0.1,True,1935.0,1.0,11.914401388085599,1
PHASE6N_TOP1,CB1_CAUR_S_CF3_RI2_TI2_R12_C02,746101,S,CF3,C02,0.25,True,1869.0,0.9658914728682171,8.097165991902834,3657
PHASE6N_TOP1,CB1_CAUR_S_CF3_RI2_TI2_R12_C02,746101,S,CF3,C02,0.5,True,1821.0,0.9410852713178295,5.320994794679005,6665
PHASE6N_TOP1,CB1_CAUR_S_CF3_RI2_TI2_R12_C02,746101,S,CF3,C02,0.75,True,1751.0,0.9049095607235143,1.2724117987275883,13169
PHASE6N_TOP1,CB1_CAUR_S_CF3_RI2_TI2_R12_C02,746101,S,CF3,C02,1.0,True,1729.0,0.8935400516795866,0.0,14793
PHASE6N_TOP1,CB1_CAUR_S_CF3_RI2_TI2_R12_C02,746102,S,CF3,C02,0.1,True,1927.0,0.9958656330749354,11.451706188548293,33
PHASE6N_TOP1,CB1_CAUR_S_CF3_RI2_TI2_R12_C02,746102,S,CF3,C02,0.25,True,1927.0,0.9958656330749354,11.451706188548293,33
PHASE6N_TOP1,CB1_CAUR_S_CF3_RI2_TI2_R12_C02,746102,S,CF3,C02,0.5,True,1860.0,0.9612403100775194,7.5766338924233665,8841
PHASE6N_TOP1,CB1_CAUR_S_CF3_RI2_TI2_R12_C02,746102,S,CF3,C02,0.75,True,1860.0,0.9612403100775194,7.5766338924233665,8841
PHASE6N_TOP1,CB1_CAUR_S_CF3_RI2_TI2_R12_C02,746102,S,CF3,C02,1.0,True,1860.0,0.9612403100775194,7.5766338924233665,8841
PHASE6N_TOP1,CB1_CAUR_S_CF3_RI2_TI2_R12_C02,746103,S,CF3,C02,0.1,True,1935.0,1.0,11.914401388085599,1
PHASE6N_TOP1,CB1_CAUR_S_CF3_RI2_TI2_R12_C02,746103,S,CF3,C02,0.25,True,1884.0,0.9736434108527132,8.96471949103528,3449
PHASE6N_TOP1,CB1_CAUR_S_CF3_RI2_TI2_R12_C02,746103,S,CF3,C02,0.5,True,1860.0,0.9612403100775194,7.5766338924233665,4993
PHASE6N_TOP1,CB1_CAUR_S_CF3_RI2_TI2_R12_C02,746103,S,CF3,C02,0.75,True,1860.0,0.9612403100775194,7.5766338924233665,4993
PHASE6N_TOP1,CB1_CAUR_S_CF3_RI2_TI2_R12_C02,746103,S,CF3,C02,1.0,True,1860.0,0.9612403100775194,7.5766338924233665,4993
