algorithm,instance_id,seed,threshold_rpd_percent,target_makespan,hit,first_passage_seconds,first_passage_budget_fraction
ALNS,CB1_CAUR_L_CF1_RI2_TI2_R12,746101,0.0,3453.0,False,,
ALNS,CB1_CAUR_L_CF1_RI2_TI2_R12,746101,1.0,3487.53,True,250.42110240401234,0.754280428927748
ALNS,CB1_CAUR_L_CF1_RI2_TI2_R12,746101,2.0,3522.06,True,199.50957401000778,0.6009324518373729
ALNS,CB1_CAUR_L_CF1_RI2_TI2_R12,746101,5.0,3625.65,True,190.66324135800824,0.5742868715602658
ALNS,CB1_CAUR_L_CF1_RI2_TI2_R12,746101,10.0,3798.3,True,26.005337659997167,0.07832933030119629
ALNS,CB1_CAUR_L_CF1_RI2_TI2_R12,746102,0.0,3453.0,False,,
ALNS,CB1_CAUR_L_CF1_RI2_TI2_R12,746102,1.0,3487.53,False,,
ALNS,CB1_CAUR_L_CF1_RI2_TI2_R12,746102,2.0,3522.06,False,,
ALNS,CB1_CAUR_L_CF1_RI2_TI2_R12,746102,5.0,3625.65,True,47.39870677801082,0.14276718909039404
ALNS,CB1_CAUR_L_CF1_RI2_TI2_R12,746102,10.0,3798.3,True,6.349866030010162,0.01912610250003061
ALNS,CB1_CAUR_L_CF1_RI2_TI2_R12,746103,0.0,3453.0,False,,
ALNS,CB1_CAUR_L_CF1_RI2_TI2_R12,746103,1.0,3487.53,True,172.1421702960215,0.5185005129398238
ALNS,CB1_CAUR_L_CF1_RI2_TI2_R12,746103,2.0,3522.06,True,111.31680415701703,0.33529157878619587
ALNS,CB1_CAUR_L_CF1_RI2_TI2_R12,746103,5.0,3625.65,True,8.461086513998453,0.025485200343368833
ALNS,CB1_CAUR_L_CF1_RI2_TI2_R12,746103,10.0,3798.3,True,8.19288394000614,0.024677361265078735
ALNS,CB1_CAUR_L_CF1_RI2_TI2_R12_C02,746101,0.0,3710.0,True,149.0667690669943,0.43333363100870437
ALNS,CB1_CAUR_L_CF1_RI2_TI2_R12_C02,746101,1.0,3747.1,True,101.7799837400089,0.2958720457558398
ALNS,CB1_CAUR_L_CF1_RI2_TI2_R12_C02,746101,2.0,3784.2000000000003,True,101.7799837400089,0.2958720457558398
ALNS,CB1_CAUR_L_CF1_RI2_TI2_R12_C02,746101,5.0,3895.5,True,48.78934374198434,0.1418294876220475
ALNS,CB1_CAUR_L_CF1_RI2_TI2_R12_C02,746101,10.0,4081.0000000000005,True,4.98163440200733,0.01448149535467247
ALNS,CB1_CAUR_L_CF1_RI2_TI2_R12_C02,746102,0.0,3710.0,False,,
ALNS,CB1_CAUR_L_CF1_RI2_TI2_R12_C02,746102,1.0,3747.1,False,,
ALNS,CB1_CAUR_L_CF1_RI2_TI2_R12_C02,746102,2.0,3784.2000000000003,True,80.86248694601818,0.23506536902912262
ALNS,CB1_CAUR_L_CF1_RI2_TI2_R12_C02,746102,5.0,3895.5,True,49.83853839701624,0.14487947208434954
ALNS,CB1_CAUR_L_CF1_RI2_TI2_R12_C02,746102,10.0,4081.0000000000005,True,1.6180586880072951,0.004703658976765393
ALNS,CB1_CAUR_L_CF1_RI2_TI2_R12_C02,746103,0.0,3710.0,False,,
ALNS,CB1_CAUR_L_CF1_RI2_TI2_R12_C02,746103,1.0,3747.1,False,,
ALNS,CB1_CAUR_L_CF1_RI2_TI2_R12_C02,746103,2.0,3784.2000000000003,True,78.79669824897428,0.2290601693284136
ALNS,CB1_CAUR_L_CF1_RI2_TI2_R12_C02,746103,5.0,3895.5,True,30.779194338974776,0.08947440214818249
ALNS,CB1_CAUR_L_CF1_RI2_TI2_R12_C02,746103,10.0,4081.0000000000005,True,11.640357713971753,0.03383824916852254
ALNS,CB1_CAUR_L_CF2_RI2_TI2_R12,746101,0.0,4166.0,False,,
ALNS,CB1_CAUR_L_CF2_RI2_TI2_R12,746101,1.0,4207.66,False,,
ALNS,CB1_CAUR_L_CF2_RI2_TI2_R12,746101,2.0,4249.32,False,,
ALNS,CB1_CAUR_L_CF2_RI2_TI2_R12,746101,5.0,4374.3,True,108.2682563670096,0.2879474903377915
ALNS,CB1_CAUR_L_CF2_RI2_TI2_R12,746101,10.0,4582.6,True,0.6706559470039792,0.0017836594335212215
ALNS,CB1_CAUR_L_CF2_RI2_TI2_R12,746102,0.0,4166.0,False,,
ALNS,CB1_CAUR_L_CF2_RI2_TI2_R12,746102,1.0,4207.66,False,,
ALNS,CB1_CAUR_L_CF2_RI2_TI2_R12,746102,2.0,4249.32,False,,
ALNS,CB1_CAUR_L_CF2_RI2_TI2_R12,746102,5.0,4374.3,True,213.03884527899208,0.5665926736143406
ALNS,CB1_CAUR_L_CF2_RI2_TI2_R12,746102,10.0,4582.6,True,0.5534562889952213,0.0014719582154128226
ALNS,CB1_CAUR_L_CF2_RI2_TI2_R12,746103,0.0,4166.0,False,,
ALNS,CB1_CAUR_L_CF2_RI2_TI2_R12,746103,1.0,4207.66,False,,
ALNS,CB1_CAUR_L_CF2_RI2_TI2_R12,746103,2.0,4249.32,False,,
ALNS,CB1_CAUR_L_CF2_RI2_TI2_R12,746103,5.0,4374.3,False,,
ALNS,CB1_CAUR_L_CF2_RI2_TI2_R12,746103,10.0,4582.6,True,129.4983041539963,0.344410383388288
ALNS,CB1_CAUR_L_CF2_RI2_TI2_R12_C02,746101,0.0,3957.0,False,,
ALNS,CB1_CAUR_L_CF2_RI2_TI2_R12_C02,746101,1.0,3996.57,False,,
ALNS,CB1_CAUR_L_CF2_RI2_TI2_R12_C02,746101,2.0,4036.14,False,,
ALNS,CB1_CAUR_L_CF2_RI2_TI2_R12_C02,746101,5.0,4154.85,False,,
ALNS,CB1_CAUR_L_CF2_RI2_TI2_R12_C02,746101,10.0,4352.700000000001,True,0.4843374939810019,0.0012482925102603143
ALNS,CB1_CAUR_L_CF2_RI2_TI2_R12_C02,746102,0.0,3957.0,False,,
ALNS,CB1_CAUR_L_CF2_RI2_TI2_R12_C02,746102,1.0,3996.57,False,,
ALNS,CB1_CAUR_L_CF2_RI2_TI2_R12_C02,746102,2.0,4036.14,False,,
ALNS,CB1_CAUR_L_CF2_RI2_TI2_R12_C02,746102,5.0,4154.85,True,0.6005295189970639,0.0015477564922604739
ALNS,CB1_CAUR_L_CF2_RI2_TI2_R12_C02,746102,10.0,4352.700000000001,True,0.48461764797684737,0.0012490145566413592
ALNS,CB1_CAUR_L_CF2_RI2_TI2_R12_C02,746103,0.0,3957.0,False,,
ALNS,CB1_CAUR_L_CF2_RI2_TI2_R12_C02,746103,1.0,3996.57,False,,
ALNS,CB1_CAUR_L_CF2_RI2_TI2_R12_C02,746103,2.0,4036.14,False,,
ALNS,CB1_CAUR_L_CF2_RI2_TI2_R12_C02,746103,5.0,4154.85,True,0.9416554220078979,0.002426946963937881
ALNS,CB1_CAUR_L_CF2_RI2_TI2_R12_C02,746103,10.0,4352.700000000001,True,0.48834353100392036,0.0012586173479482484
ALNS,CB1_CAUR_L_CF3_RI2_TI2_R12,746101,0.0,4145.0,False,,
ALNS,CB1_CAUR_L_CF3_RI2_TI2_R12,746101,1.0,4186.45,False,,
ALNS,CB1_CAUR_L_CF3_RI2_TI2_R12,746101,2.0,4227.9,False,,
ALNS,CB1_CAUR_L_CF3_RI2_TI2_R12,746101,5.0,4352.25,False,,
ALNS,CB1_CAUR_L_CF3_RI2_TI2_R12,746101,10.0,4559.5,True,0.5996895360003691,0.0016384960000010084
ALNS,CB1_CAUR_L_CF3_RI2_TI2_R12,746102,0.0,4145.0,False,,
ALNS,CB1_CAUR_L_CF3_RI2_TI2_R12,746102,1.0,4186.45,True,0.8642574900004547,0.0023613592622963244
ALNS,CB1_CAUR_L_CF3_RI2_TI2_R12,746102,2.0,4227.9,True,0.8642574900004547,0.0023613592622963244
ALNS,CB1_CAUR_L_CF3_RI2_TI2_R12,746102,5.0,4352.25,True,0.7509531750110909,0.002051784631177844
ALNS,CB1_CAUR_L_CF3_RI2_TI2_R12,746102,10.0,4559.5,True,0.6375440880074166,0.001741923737725182
ALNS,CB1_CAUR_L_CF3_RI2_TI2_R12,746103,0.0,4145.0,False,,
ALNS,CB1_CAUR_L_CF3_RI2_TI2_R12,746103,1.0,4186.45,False,,
ALNS,CB1_CAUR_L_CF3_RI2_TI2_R12,746103,2.0,4227.9,False,,
ALNS,CB1_CAUR_L_CF3_RI2_TI2_R12,746103,5.0,4352.25,False,,
ALNS,CB1_CAUR_L_CF3_RI2_TI2_R12,746103,10.0,4559.5,True,0.5985419990029186,0.0016353606530134389
ALNS,CB1_CAUR_L_CF3_RI2_TI2_R12_C02,746101,0.0,3180.0,False,,
ALNS,CB1_CAUR_L_CF3_RI2_TI2_R12_C02,746101,1.0,3211.8,False,,
ALNS,CB1_CAUR_L_CF3_RI2_TI2_R12_C02,746101,2.0,3243.6,False,,
ALNS,CB1_CAUR_L_CF3_RI2_TI2_R12_C02,746101,5.0,3339.0,False,,
ALNS,CB1_CAUR_L_CF3_RI2_TI2_R12_C02,746101,10.0,3498.0000000000005,True,0.551866756984964,0.0015415272541479442
ALNS,CB1_CAUR_L_CF3_RI2_TI2_R12_C02,746102,0.0,3180.0,False,,
ALNS,CB1_CAUR_L_CF3_RI2_TI2_R12_C02,746102,1.0,3211.8,False,,
ALNS,CB1_CAUR_L_CF3_RI2_TI2_R12_C02,746102,2.0,3243.6,False,,
ALNS,CB1_CAUR_L_CF3_RI2_TI2_R12_C02,746102,5.0,3339.0,False,,
ALNS,CB1_CAUR_L_CF3_RI2_TI2_R12_C02,746102,10.0,3498.0000000000005,True,0.5585660960059613,0.0015602404916367635
ALNS,CB1_CAUR_L_CF3_RI2_TI2_R12_C02,746103,0.0,3180.0,False,,
ALNS,CB1_CAUR_L_CF3_RI2_TI2_R12_C02,746103,1.0,3211.8,False,,
ALNS,CB1_CAUR_L_CF3_RI2_TI2_R12_C02,746103,2.0,3243.6,False,,
ALNS,CB1_CAUR_L_CF3_RI2_TI2_R12_C02,746103,5.0,3339.0,False,,
ALNS,CB1_CAUR_L_CF3_RI2_TI2_R12_C02,746103,10.0,3498.0000000000005,True,0.5620244529854972,0.0015699007066634
ALNS,CB1_CAUR_M_CF1_RI2_TI2_R12,746101,0.0,2743.0,False,,
ALNS,CB1_CAUR_M_CF1_RI2_TI2_R12,746101,1.0,2770.43,False,,
ALNS,CB1_CAUR_M_CF1_RI2_TI2_R12,746101,2.0,2797.86,False,,
ALNS,CB1_CAUR_M_CF1_RI2_TI2_R12,746101,5.0,2880.15,False,,
ALNS,CB1_CAUR_M_CF1_RI2_TI2_R12,746101,10.0,3017.3,True,0.07493419799720868,0.00032865876314565215
ALNS,CB1_CAUR_M_CF1_RI2_TI2_R12,746102,0.0,2743.0,False,,
ALNS,CB1_CAUR_M_CF1_RI2_TI2_R12,746102,1.0,2770.43,False,,
ALNS,CB1_CAUR_M_CF1_RI2_TI2_R12,746102,2.0,2797.86,False,,
ALNS,CB1_CAUR_M_CF1_RI2_TI2_R12,746102,5.0,2880.15,False,,
ALNS,CB1_CAUR_M_CF1_RI2_TI2_R12,746102,10.0,3017.3,True,0.07506633101729676,0.0003292382939355121
ALNS,CB1_CAUR_M_CF1_RI2_TI2_R12,746103,0.0,2743.0,False,,
ALNS,CB1_CAUR_M_CF1_RI2_TI2_R12,746103,1.0,2770.43,False,,
ALNS,CB1_CAUR_M_CF1_RI2_TI2_R12,746103,2.0,2797.86,False,,
ALNS,CB1_CAUR_M_CF1_RI2_TI2_R12,746103,5.0,2880.15,False,,
ALNS,CB1_CAUR_M_CF1_RI2_TI2_R12,746103,10.0,3017.3,True,0.07515217902255245,0.00032961482027435283
ALNS,CB1_CAUR_M_CF1_RI2_TI2_R12_C02,746101,0.0,2772.0,False,,
ALNS,CB1_CAUR_M_CF1_RI2_TI2_R12_C02,746101,1.0,2799.72,False,,
ALNS,CB1_CAUR_M_CF1_RI2_TI2_R12_C02,746101,2.0,2827.44,True,62.49180595698999,0.2670589998161966
ALNS,CB1_CAUR_M_CF1_RI2_TI2_R12_C02,746101,5.0,2910.6,True,40.45173300098395,0.17287065385035877
ALNS,CB1_CAUR_M_CF1_RI2_TI2_R12_C02,746101,10.0,3049.2000000000003,True,17.39462071697926,0.07433598596999684
ALNS,CB1_CAUR_M_CF1_RI2_TI2_R12_C02,746102,0.0,2772.0,False,,
ALNS,CB1_CAUR_M_CF1_RI2_TI2_R12_C02,746102,1.0,2799.72,False,,
ALNS,CB1_CAUR_M_CF1_RI2_TI2_R12_C02,746102,2.0,2827.44,True,76.4860719999997,0.32686355555555424
ALNS,CB1_CAUR_M_CF1_RI2_TI2_R12_C02,746102,5.0,2910.6,True,29.883104280015687,0.1277055738462209
ALNS,CB1_CAUR_M_CF1_RI2_TI2_R12_C02,746102,10.0,3049.2000000000003,True,16.20112846500706,0.06923559173079939
ALNS,CB1_CAUR_M_CF1_RI2_TI2_R12_C02,746103,0.0,2772.0,False,,
ALNS,CB1_CAUR_M_CF1_RI2_TI2_R12_C02,746103,1.0,2799.72,True,203.75234678498236,0.8707365247221469
ALNS,CB1_CAUR_M_CF1_RI2_TI2_R12_C02,746103,2.0,2827.44,True,203.75234678498236,0.8707365247221469
ALNS,CB1_CAUR_M_CF1_RI2_TI2_R12_C02,746103,5.0,2910.6,True,81.26147585400031,0.34727126433333466
ALNS,CB1_CAUR_M_CF1_RI2_TI2_R12_C02,746103,10.0,3049.2000000000003,True,12.650994394003646,0.05406407860685319
ALNS,CB1_CAUR_M_CF2_RI2_TI2_R12,746101,0.0,2782.0,False,,
ALNS,CB1_CAUR_M_CF2_RI2_TI2_R12,746101,1.0,2809.82,False,,
ALNS,CB1_CAUR_M_CF2_RI2_TI2_R12,746101,2.0,2837.64,False,,
ALNS,CB1_CAUR_M_CF2_RI2_TI2_R12,746101,5.0,2921.1,False,,
ALNS,CB1_CAUR_M_CF2_RI2_TI2_R12,746101,10.0,3060.2000000000003,True,55.69672109599924,0.2282652503934395
ALNS,CB1_CAUR_M_CF2_RI2_TI2_R12,746102,0.0,2782.0,False,,
ALNS,CB1_CAUR_M_CF2_RI2_TI2_R12,746102,1.0,2809.82,False,,
ALNS,CB1_CAUR_M_CF2_RI2_TI2_R12,746102,2.0,2837.64,False,,
ALNS,CB1_CAUR_M_CF2_RI2_TI2_R12,746102,5.0,2921.1,True,101.00770218900288,0.4139659925778807
ALNS,CB1_CAUR_M_CF2_RI2_TI2_R12,746102,10.0,3060.2000000000003,True,0.1856335920165293,0.0007607934099038085
ALNS,CB1_CAUR_M_CF2_RI2_TI2_R12,746103,0.0,2782.0,False,,
ALNS,CB1_CAUR_M_CF2_RI2_TI2_R12,746103,1.0,2809.82,False,,
ALNS,CB1_CAUR_M_CF2_RI2_TI2_R12,746103,2.0,2837.64,False,,
ALNS,CB1_CAUR_M_CF2_RI2_TI2_R12,746103,5.0,2921.1,False,,
ALNS,CB1_CAUR_M_CF2_RI2_TI2_R12,746103,10.0,3060.2000000000003,True,46.26631270701182,0.1896160356844747
ALNS,CB1_CAUR_M_CF2_RI2_TI2_R12_C02,746101,0.0,3658.0,False,,
ALNS,CB1_CAUR_M_CF2_RI2_TI2_R12_C02,746101,1.0,3694.58,False,,
ALNS,CB1_CAUR_M_CF2_RI2_TI2_R12_C02,746101,2.0,3731.16,True,253.1706328470027,0.9967347749881996
ALNS,CB1_CAUR_M_CF2_RI2_TI2_R12_C02,746101,5.0,3840.9,True,43.802646544005256,0.1724513643464774
ALNS,CB1_CAUR_M_CF2_RI2_TI2_R12_C02,746101,10.0,4023.8,True,0.13752061800914817,0.0005414197559415282
ALNS,CB1_CAUR_M_CF2_RI2_TI2_R12_C02,746102,0.0,3658.0,False,,
ALNS,CB1_CAUR_M_CF2_RI2_TI2_R12_C02,746102,1.0,3694.58,True,139.29591291298857,0.5484091059566479
ALNS,CB1_CAUR_M_CF2_RI2_TI2_R12_C02,746102,2.0,3731.16,True,50.44991630499135,0.19862171773618642
ALNS,CB1_CAUR_M_CF2_RI2_TI2_R12_C02,746102,5.0,3840.9,True,36.401513020013226,0.14331304338587883
ALNS,CB1_CAUR_M_CF2_RI2_TI2_R12_C02,746102,10.0,4023.8,True,0.13890493800863624,0.0005468698346796702
ALNS,CB1_CAUR_M_CF2_RI2_TI2_R12_C02,746103,0.0,3658.0,False,,
ALNS,CB1_CAUR_M_CF2_RI2_TI2_R12_C02,746103,1.0,3694.58,False,,
ALNS,CB1_CAUR_M_CF2_RI2_TI2_R12_C02,746103,2.0,3731.16,False,,
ALNS,CB1_CAUR_M_CF2_RI2_TI2_R12_C02,746103,5.0,3840.9,True,96.79755108300014,0.3810927207992132
ALNS,CB1_CAUR_M_CF2_RI2_TI2_R12_C02,746103,10.0,4023.8,True,0.13772480300394818,0.0005422236338738117
ALNS,CB1_CAUR_M_CF3_RI2_TI2_R12,746101,0.0,2639.0,False,,
ALNS,CB1_CAUR_M_CF3_RI2_TI2_R12,746101,1.0,2665.39,False,,
ALNS,CB1_CAUR_M_CF3_RI2_TI2_R12,746101,2.0,2691.78,False,,
ALNS,CB1_CAUR_M_CF3_RI2_TI2_R12,746101,5.0,2770.9500000000003,False,,
ALNS,CB1_CAUR_M_CF3_RI2_TI2_R12,746101,10.0,2902.9,True,0.19061770199914463,0.0008077021271150196
ALNS,CB1_CAUR_M_CF3_RI2_TI2_R12,746102,0.0,2639.0,False,,
ALNS,CB1_CAUR_M_CF3_RI2_TI2_R12,746102,1.0,2665.39,False,,
ALNS,CB1_CAUR_M_CF3_RI2_TI2_R12,746102,2.0,2691.78,False,,
ALNS,CB1_CAUR_M_CF3_RI2_TI2_R12,746102,5.0,2770.9500000000003,False,,
ALNS,CB1_CAUR_M_CF3_RI2_TI2_R12,746102,10.0,2902.9,True,0.18988601202727295,0.0008046017458782752
ALNS,CB1_CAUR_M_CF3_RI2_TI2_R12,746103,0.0,2639.0,False,,
ALNS,CB1_CAUR_M_CF3_RI2_TI2_R12,746103,1.0,2665.39,False,,
ALNS,CB1_CAUR_M_CF3_RI2_TI2_R12,746103,2.0,2691.78,False,,
ALNS,CB1_CAUR_M_CF3_RI2_TI2_R12,746103,5.0,2770.9500000000003,False,,
ALNS,CB1_CAUR_M_CF3_RI2_TI2_R12,746103,10.0,2902.9,True,0.18890942097641528,0.0008004636482051495
ALNS,CB1_CAUR_M_CF3_RI2_TI2_R12_C02,746101,0.0,2922.0,False,,
ALNS,CB1_CAUR_M_CF3_RI2_TI2_R12_C02,746101,1.0,2951.22,False,,
ALNS,CB1_CAUR_M_CF3_RI2_TI2_R12_C02,746101,2.0,2980.44,False,,
ALNS,CB1_CAUR_M_CF3_RI2_TI2_R12_C02,746101,5.0,3068.1,False,,
ALNS,CB1_CAUR_M_CF3_RI2_TI2_R12_C02,746101,10.0,3214.2000000000003,False,,
ALNS,CB1_CAUR_M_CF3_RI2_TI2_R12_C02,746102,0.0,2922.0,False,,
ALNS,CB1_CAUR_M_CF3_RI2_TI2_R12_C02,746102,1.0,2951.22,False,,
ALNS,CB1_CAUR_M_CF3_RI2_TI2_R12_C02,746102,2.0,2980.44,False,,
ALNS,CB1_CAUR_M_CF3_RI2_TI2_R12_C02,746102,5.0,3068.1,False,,
ALNS,CB1_CAUR_M_CF3_RI2_TI2_R12_C02,746102,10.0,3214.2000000000003,True,0.22183024801779538,0.0009561648621456698
ALNS,CB1_CAUR_M_CF3_RI2_TI2_R12_C02,746103,0.0,2922.0,False,,
ALNS,CB1_CAUR_M_CF3_RI2_TI2_R12_C02,746103,1.0,2951.22,False,,
ALNS,CB1_CAUR_M_CF3_RI2_TI2_R12_C02,746103,2.0,2980.44,False,,
ALNS,CB1_CAUR_M_CF3_RI2_TI2_R12_C02,746103,5.0,3068.1,False,,
ALNS,CB1_CAUR_M_CF3_RI2_TI2_R12_C02,746103,10.0,3214.2000000000003,True,36.41603154101176,0.1569656531940162
ALNS,CB1_CAUR_S_CF1_RI2_TI2_R12,746101,0.0,1645.0,False,,
ALNS,CB1_CAUR_S_CF1_RI2_TI2_R12,746101,1.0,1661.45,True,74.47010856200359,0.6104107259180622
ALNS,CB1_CAUR_S_CF1_RI2_TI2_R12,746101,2.0,1677.9,True,43.89259682298871,0.3597753837949894
ALNS,CB1_CAUR_S_CF1_RI2_TI2_R12,746101,5.0,1727.25,True,30.15700926500722,0.24718860053284605
ALNS,CB1_CAUR_S_CF1_RI2_TI2_R12,746101,10.0,1809.5000000000002,True,20.104854390985565,0.16479388845070136
ALNS,CB1_CAUR_S_CF1_RI2_TI2_R12,746102,0.0,1645.0,False,,
ALNS,CB1_CAUR_S_CF1_RI2_TI2_R12,746102,1.0,1661.45,False,,
ALNS,CB1_CAUR_S_CF1_RI2_TI2_R12,746102,2.0,1677.9,True,82.24787267198553,0.6741628907539797
ALNS,CB1_CAUR_S_CF1_RI2_TI2_R12,746102,5.0,1727.25,True,54.5672725479817,0.4472727258031287
ALNS,CB1_CAUR_S_CF1_RI2_TI2_R12,746102,10.0,1809.5000000000002,True,5.31818715800182,0.04359169801640836
ALNS,CB1_CAUR_S_CF1_RI2_TI2_R12,746103,0.0,1645.0,False,,
ALNS,CB1_CAUR_S_CF1_RI2_TI2_R12,746103,1.0,1661.45,False,,
ALNS,CB1_CAUR_S_CF1_RI2_TI2_R12,746103,2.0,1677.9,False,,
ALNS,CB1_CAUR_S_CF1_RI2_TI2_R12,746103,5.0,1727.25,True,112.0659377160191,0.9185732599673697
ALNS,CB1_CAUR_S_CF1_RI2_TI2_R12,746103,10.0,1809.5000000000002,True,23.93267727701459,0.1961694858771688
ALNS,CB1_CAUR_S_CF1_RI2_TI2_R12_C02,746101,0.0,1783.0,False,,
ALNS,CB1_CAUR_S_CF1_RI2_TI2_R12_C02,746101,1.0,1800.83,False,,
ALNS,CB1_CAUR_S_CF1_RI2_TI2_R12_C02,746101,2.0,1818.66,True,38.963654963008594,0.3478897764554339
ALNS,CB1_CAUR_S_CF1_RI2_TI2_R12_C02,746101,5.0,1872.15,True,21.909915800002636,0.19562424821430927
ALNS,CB1_CAUR_S_CF1_RI2_TI2_R12_C02,746101,10.0,1961.3000000000002,True,0.018439026025589556,0.0001646341609427639
ALNS,CB1_CAUR_S_CF1_RI2_TI2_R12_C02,746102,0.0,1783.0,False,,
ALNS,CB1_CAUR_S_CF1_RI2_TI2_R12_C02,746102,1.0,1800.83,False,,
ALNS,CB1_CAUR_S_CF1_RI2_TI2_R12_C02,746102,2.0,1818.66,False,,
ALNS,CB1_CAUR_S_CF1_RI2_TI2_R12_C02,746102,5.0,1872.15,True,20.065200209995965,0.1791535733035354
ALNS,CB1_CAUR_S_CF1_RI2_TI2_R12_C02,746102,10.0,1961.3000000000002,True,0.01856768800644204,0.00016578292862894678
ALNS,CB1_CAUR_S_CF1_RI2_TI2_R12_C02,746103,0.0,1783.0,True,90.52058351700543,0.8082194956875485
ALNS,CB1_CAUR_S_CF1_RI2_TI2_R12_C02,746103,1.0,1800.83,True,82.36537763298838,0.7354051574373963
ALNS,CB1_CAUR_S_CF1_RI2_TI2_R12_C02,746103,2.0,1818.66,True,58.00917802800541,0.5179390895357626
ALNS,CB1_CAUR_S_CF1_RI2_TI2_R12_C02,746103,5.0,1872.15,True,20.58841899599065,0.18382516960705939
ALNS,CB1_CAUR_S_CF1_RI2_TI2_R12_C02,746103,10.0,1961.3000000000002,True,0.0185194379882887,0.00016535212489543483
ALNS,CB1_CAUR_S_CF2_RI2_TI2_R12,746101,0.0,1588.0,True,113.40849238401279,0.9450707698667732
ALNS,CB1_CAUR_S_CF2_RI2_TI2_R12,746101,1.0,1603.88,True,86.7940766030224,0.7232839716918533
ALNS,CB1_CAUR_S_CF2_RI2_TI2_R12,746101,2.0,1619.76,True,86.7940766030224,0.7232839716918533
ALNS,CB1_CAUR_S_CF2_RI2_TI2_R12,746101,5.0,1667.4,True,65.48283274800633,0.5456902729000528
ALNS,CB1_CAUR_S_CF2_RI2_TI2_R12,746101,10.0,1746.8000000000002,True,12.196098687010817,0.10163415572509014
ALNS,CB1_CAUR_S_CF2_RI2_TI2_R12,746102,0.0,1588.0,False,,
ALNS,CB1_CAUR_S_CF2_RI2_TI2_R12,746102,1.0,1603.88,False,,
ALNS,CB1_CAUR_S_CF2_RI2_TI2_R12,746102,2.0,1619.76,True,104.7326305329916,0.8727719211082634
ALNS,CB1_CAUR_S_CF2_RI2_TI2_R12,746102,5.0,1667.4,True,71.28205520799384,0.594017126733282
ALNS,CB1_CAUR_S_CF2_RI2_TI2_R12,746102,10.0,1746.8000000000002,True,10.763078641990433,0.08969232201658693
ALNS,CB1_CAUR_S_CF2_RI2_TI2_R12,746103,0.0,1588.0,False,,
ALNS,CB1_CAUR_S_CF2_RI2_TI2_R12,746103,1.0,1603.88,False,,
ALNS,CB1_CAUR_S_CF2_RI2_TI2_R12,746103,2.0,1619.76,False,,
ALNS,CB1_CAUR_S_CF2_RI2_TI2_R12,746103,5.0,1667.4,False,,
ALNS,CB1_CAUR_S_CF2_RI2_TI2_R12,746103,10.0,1746.8000000000002,True,7.145615624001948,0.0595467968666829
ALNS,CB1_CAUR_S_CF2_RI2_TI2_R12_C02,746101,0.0,1884.0,False,,
ALNS,CB1_CAUR_S_CF2_RI2_TI2_R12_C02,746101,1.0,1902.84,False,,
ALNS,CB1_CAUR_S_CF2_RI2_TI2_R12_C02,746101,2.0,1921.68,False,,
ALNS,CB1_CAUR_S_CF2_RI2_TI2_R12_C02,746101,5.0,1978.2,False,,
ALNS,CB1_CAUR_S_CF2_RI2_TI2_R12_C02,746101,10.0,2072.4,True,91.67790663099731,0.7276024335793437
ALNS,CB1_CAUR_S_CF2_RI2_TI2_R12_C02,746102,0.0,1884.0,False,,
ALNS,CB1_CAUR_S_CF2_RI2_TI2_R12_C02,746102,1.0,1902.84,False,,
ALNS,CB1_CAUR_S_CF2_RI2_TI2_R12_C02,746102,2.0,1921.68,False,,
ALNS,CB1_CAUR_S_CF2_RI2_TI2_R12_C02,746102,5.0,1978.2,True,58.98186322397669,0.46811002558711656
ALNS,CB1_CAUR_S_CF2_RI2_TI2_R12_C02,746102,10.0,2072.4,True,8.624940597976092,0.06845190950774677
ALNS,CB1_CAUR_S_CF2_RI2_TI2_R12_C02,746103,0.0,1884.0,True,125.45106700700126,0.9956433889444544
ALNS,CB1_CAUR_S_CF2_RI2_TI2_R12_C02,746103,1.0,1902.84,True,123.34353616597946,0.9789169536982497
ALNS,CB1_CAUR_S_CF2_RI2_TI2_R12_C02,746103,2.0,1921.68,True,85.21182699099882,0.6762843411984033
ALNS,CB1_CAUR_S_CF2_RI2_TI2_R12_C02,746103,5.0,1978.2,True,21.058323879988166,0.16712955460308068
ALNS,CB1_CAUR_S_CF2_RI2_TI2_R12_C02,746103,10.0,2072.4,True,6.887958639999852,0.05466633841269723
ALNS,CB1_CAUR_S_CF3_RI2_TI2_R12,746101,0.0,1655.0,False,,
ALNS,CB1_CAUR_S_CF3_RI2_TI2_R12,746101,1.0,1671.55,False,,
ALNS,CB1_CAUR_S_CF3_RI2_TI2_R12,746101,2.0,1688.1000000000001,False,,
ALNS,CB1_CAUR_S_CF3_RI2_TI2_R12,746101,5.0,1737.75,False,,
ALNS,CB1_CAUR_S_CF3_RI2_TI2_R12,746101,10.0,1820.5000000000002,True,23.326230217993725,0.19119860834421087
ALNS,CB1_CAUR_S_CF3_RI2_TI2_R12,746102,0.0,1655.0,False,,
ALNS,CB1_CAUR_S_CF3_RI2_TI2_R12,746102,1.0,1671.55,False,,
ALNS,CB1_CAUR_S_CF3_RI2_TI2_R12,746102,2.0,1688.1000000000001,False,,
ALNS,CB1_CAUR_S_CF3_RI2_TI2_R12,746102,5.0,1737.75,False,,
ALNS,CB1_CAUR_S_CF3_RI2_TI2_R12,746102,10.0,1820.5000000000002,True,22.334241949021816,0.18306755695919522
ALNS,CB1_CAUR_S_CF3_RI2_TI2_R12,746103,0.0,1655.0,False,,
ALNS,CB1_CAUR_S_CF3_RI2_TI2_R12,746103,1.0,1671.55,False,,
ALNS,CB1_CAUR_S_CF3_RI2_TI2_R12,746103,2.0,1688.1000000000001,False,,
ALNS,CB1_CAUR_S_CF3_RI2_TI2_R12,746103,5.0,1737.75,False,,
ALNS,CB1_CAUR_S_CF3_RI2_TI2_R12,746103,10.0,1820.5000000000002,True,82.35907017902355,0.6750743457297012
ALNS,CB1_CAUR_S_CF3_RI2_TI2_R12_C02,746101,0.0,1729.0,False,,
ALNS,CB1_CAUR_S_CF3_RI2_TI2_R12_C02,746101,1.0,1746.29,False,,
ALNS,CB1_CAUR_S_CF3_RI2_TI2_R12_C02,746101,2.0,1763.58,False,,
ALNS,CB1_CAUR_S_CF3_RI2_TI2_R12_C02,746101,5.0,1815.45,True,114.0430276679981,0.9051033941904612
ALNS,CB1_CAUR_S_CF3_RI2_TI2_R12_C02,746101,10.0,1901.9,True,12.447232481004903,0.09878755937305479
ALNS,CB1_CAUR_S_CF3_RI2_TI2_R12_C02,746102,0.0,1729.0,False,,
ALNS,CB1_CAUR_S_CF3_RI2_TI2_R12_C02,746102,1.0,1746.29,False,,
ALNS,CB1_CAUR_S_CF3_RI2_TI2_R12_C02,746102,2.0,1763.58,False,,
ALNS,CB1_CAUR_S_CF3_RI2_TI2_R12_C02,746102,5.0,1815.45,True,22.134474620979745,0.17567043349983924
ALNS,CB1_CAUR_S_CF3_RI2_TI2_R12_C02,746102,10.0,1901.9,True,0.05784238499472849,0.00045906654757721024
ALNS,CB1_CAUR_S_CF3_RI2_TI2_R12_C02,746103,0.0,1729.0,False,,
ALNS,CB1_CAUR_S_CF3_RI2_TI2_R12_C02,746103,1.0,1746.29,False,,
ALNS,CB1_CAUR_S_CF3_RI2_TI2_R12_C02,746103,2.0,1763.58,True,112.70109108599718,0.8944531038571204
ALNS,CB1_CAUR_S_CF3_RI2_TI2_R12_C02,746103,5.0,1815.45,True,59.524484902998665,0.47241654684919576
ALNS,CB1_CAUR_S_CF3_RI2_TI2_R12_C02,746103,10.0,1901.9,True,12.501529022993054,0.09921848430946868
LG_HGA_2O,CB1_CAUR_L_CF1_RI2_TI2_R12,746101,0.0,3453.0,True,289.7566000139923,0.8727608434156394
LG_HGA_2O,CB1_CAUR_L_CF1_RI2_TI2_R12,746101,1.0,3487.53,True,284.9227056429954,0.858200920611432
LG_HGA_2O,CB1_CAUR_L_CF1_RI2_TI2_R12,746101,2.0,3522.06,True,249.81964618500206,0.7524688138102471
LG_HGA_2O,CB1_CAUR_L_CF1_RI2_TI2_R12,746101,5.0,3625.65,True,185.43245600600494,0.5585314939939908
LG_HGA_2O,CB1_CAUR_L_CF1_RI2_TI2_R12,746101,10.0,3798.3,True,164.5018992300029,0.49548764828314124
LG_HGA_2O,CB1_CAUR_L_CF1_RI2_TI2_R12,746102,0.0,3453.0,False,,
LG_HGA_2O,CB1_CAUR_L_CF1_RI2_TI2_R12,746102,1.0,3487.53,True,202.83826368598966,0.6109586255602099
LG_HGA_2O,CB1_CAUR_L_CF1_RI2_TI2_R12,746102,2.0,3522.06,True,183.42935425799806,0.5524980549939701
LG_HGA_2O,CB1_CAUR_L_CF1_RI2_TI2_R12,746102,5.0,3625.65,True,132.10417161599617,0.3979041313734824
LG_HGA_2O,CB1_CAUR_L_CF1_RI2_TI2_R12,746102,10.0,3798.3,True,116.44671693400596,0.3507431232951987
LG_HGA_2O,CB1_CAUR_L_CF1_RI2_TI2_R12,746103,0.0,3453.0,False,,
LG_HGA_2O,CB1_CAUR_L_CF1_RI2_TI2_R12,746103,1.0,3487.53,False,,
LG_HGA_2O,CB1_CAUR_L_CF1_RI2_TI2_R12,746103,2.0,3522.06,False,,
LG_HGA_2O,CB1_CAUR_L_CF1_RI2_TI2_R12,746103,5.0,3625.65,False,,
LG_HGA_2O,CB1_CAUR_L_CF1_RI2_TI2_R12,746103,10.0,3798.3,True,127.18944469399867,0.3831007370301165
LG_HGA_2O,CB1_CAUR_L_CF1_RI2_TI2_R12_C02,746101,0.0,3710.0,False,,
LG_HGA_2O,CB1_CAUR_L_CF1_RI2_TI2_R12_C02,746101,1.0,3747.1,False,,
LG_HGA_2O,CB1_CAUR_L_CF1_RI2_TI2_R12_C02,746101,2.0,3784.2000000000003,False,,
LG_HGA_2O,CB1_CAUR_L_CF1_RI2_TI2_R12_C02,746101,5.0,3895.5,False,,
LG_HGA_2O,CB1_CAUR_L_CF1_RI2_TI2_R12_C02,746101,10.0,4081.0000000000005,False,,
LG_HGA_2O,CB1_CAUR_L_CF1_RI2_TI2_R12_C02,746102,0.0,3710.0,False,,
LG_HGA_2O,CB1_CAUR_L_CF1_RI2_TI2_R12_C02,746102,1.0,3747.1,True,291.99084892802057,0.848810607348897
LG_HGA_2O,CB1_CAUR_L_CF1_RI2_TI2_R12_C02,746102,2.0,3784.2000000000003,True,238.01844111501123,0.6919140730087535
LG_HGA_2O,CB1_CAUR_L_CF1_RI2_TI2_R12_C02,746102,5.0,3895.5,True,208.97501298002317,0.6074855028489046
LG_HGA_2O,CB1_CAUR_L_CF1_RI2_TI2_R12_C02,746102,10.0,4081.0000000000005,True,158.73098644902348,0.46142728618902173
LG_HGA_2O,CB1_CAUR_L_CF1_RI2_TI2_R12_C02,746103,0.0,3710.0,False,,
LG_HGA_2O,CB1_CAUR_L_CF1_RI2_TI2_R12_C02,746103,1.0,3747.1,False,,
LG_HGA_2O,CB1_CAUR_L_CF1_RI2_TI2_R12_C02,746103,2.0,3784.2000000000003,False,,
LG_HGA_2O,CB1_CAUR_L_CF1_RI2_TI2_R12_C02,746103,5.0,3895.5,True,256.9884296889941,0.7470593886307967
LG_HGA_2O,CB1_CAUR_L_CF1_RI2_TI2_R12_C02,746103,10.0,4081.0000000000005,True,172.68744208299904,0.501998378148253
LG_HGA_2O,CB1_CAUR_L_CF2_RI2_TI2_R12,746101,0.0,4166.0,False,,
LG_HGA_2O,CB1_CAUR_L_CF2_RI2_TI2_R12,746101,1.0,4207.66,True,299.27522516599856,0.795944747781911
LG_HGA_2O,CB1_CAUR_L_CF2_RI2_TI2_R12,746101,2.0,4249.32,True,192.73290860201814,0.5125875228777078
LG_HGA_2O,CB1_CAUR_L_CF2_RI2_TI2_R12,746101,5.0,4374.3,True,134.8992426400073,0.3587745814893811
LG_HGA_2O,CB1_CAUR_L_CF2_RI2_TI2_R12,746101,10.0,4582.6,True,66.25557095900876,0.17621162489098074
LG_HGA_2O,CB1_CAUR_L_CF2_RI2_TI2_R12,746102,0.0,4166.0,False,,
LG_HGA_2O,CB1_CAUR_L_CF2_RI2_TI2_R12,746102,1.0,4207.66,False,,
LG_HGA_2O,CB1_CAUR_L_CF2_RI2_TI2_R12,746102,2.0,4249.32,True,360.747995963,0.9594361594760639
LG_HGA_2O,CB1_CAUR_L_CF2_RI2_TI2_R12,746102,5.0,4374.3,True,206.91094016900752,0.5502950536409774
LG_HGA_2O,CB1_CAUR_L_CF2_RI2_TI2_R12,746102,10.0,4582.6,True,116.17950665700482,0.30898804961969367
LG_HGA_2O,CB1_CAUR_L_CF2_RI2_TI2_R12,746103,0.0,4166.0,True,347.036429425003,0.922969227194157
LG_HGA_2O,CB1_CAUR_L_CF2_RI2_TI2_R12,746103,1.0,4207.66,True,252.96729837500607,0.6727853680186332
LG_HGA_2O,CB1_CAUR_L_CF2_RI2_TI2_R12,746103,2.0,4249.32,True,227.05265716300346,0.6038634499016049
LG_HGA_2O,CB1_CAUR_L_CF2_RI2_TI2_R12,746103,5.0,4374.3,True,182.35791906999657,0.484994465611693
LG_HGA_2O,CB1_CAUR_L_CF2_RI2_TI2_R12,746103,10.0,4582.6,True,91.11064697799156,0.24231555047338182
LG_HGA_2O,CB1_CAUR_L_CF2_RI2_TI2_R12_C02,746101,0.0,3957.0,False,,
LG_HGA_2O,CB1_CAUR_L_CF2_RI2_TI2_R12_C02,746101,1.0,3996.57,False,,
LG_HGA_2O,CB1_CAUR_L_CF2_RI2_TI2_R12_C02,746101,2.0,4036.14,False,,
LG_HGA_2O,CB1_CAUR_L_CF2_RI2_TI2_R12_C02,746101,5.0,4154.85,False,,
LG_HGA_2O,CB1_CAUR_L_CF2_RI2_TI2_R12_C02,746101,10.0,4352.700000000001,True,315.3142250800156,0.8126655285567412
LG_HGA_2O,CB1_CAUR_L_CF2_RI2_TI2_R12_C02,746102,0.0,3957.0,False,,
LG_HGA_2O,CB1_CAUR_L_CF2_RI2_TI2_R12_C02,746102,1.0,3996.57,False,,
LG_HGA_2O,CB1_CAUR_L_CF2_RI2_TI2_R12_C02,746102,2.0,4036.14,False,,
LG_HGA_2O,CB1_CAUR_L_CF2_RI2_TI2_R12_C02,746102,5.0,4154.85,False,,
LG_HGA_2O,CB1_CAUR_L_CF2_RI2_TI2_R12_C02,746102,10.0,4352.700000000001,True,221.46103455600678,0.5707758622577495
LG_HGA_2O,CB1_CAUR_L_CF2_RI2_TI2_R12_C02,746103,0.0,3957.0,False,,
LG_HGA_2O,CB1_CAUR_L_CF2_RI2_TI2_R12_C02,746103,1.0,3996.57,False,,
LG_HGA_2O,CB1_CAUR_L_CF2_RI2_TI2_R12_C02,746103,2.0,4036.14,False,,
LG_HGA_2O,CB1_CAUR_L_CF2_RI2_TI2_R12_C02,746103,5.0,4154.85,False,,
LG_HGA_2O,CB1_CAUR_L_CF2_RI2_TI2_R12_C02,746103,10.0,4352.700000000001,True,360.42014719499275,0.9289179051417339
LG_HGA_2O,CB1_CAUR_L_CF3_RI2_TI2_R12,746101,0.0,4145.0,False,,
LG_HGA_2O,CB1_CAUR_L_CF3_RI2_TI2_R12,746101,1.0,4186.45,False,,
LG_HGA_2O,CB1_CAUR_L_CF3_RI2_TI2_R12,746101,2.0,4227.9,False,,
LG_HGA_2O,CB1_CAUR_L_CF3_RI2_TI2_R12,746101,5.0,4352.25,True,341.43722708598943,0.9328885985955996
LG_HGA_2O,CB1_CAUR_L_CF3_RI2_TI2_R12,746101,10.0,4559.5,True,123.95221261997358,0.3386672475955562
LG_HGA_2O,CB1_CAUR_L_CF3_RI2_TI2_R12,746102,0.0,4145.0,False,,
LG_HGA_2O,CB1_CAUR_L_CF3_RI2_TI2_R12,746102,1.0,4186.45,False,,
LG_HGA_2O,CB1_CAUR_L_CF3_RI2_TI2_R12,746102,2.0,4227.9,False,,
LG_HGA_2O,CB1_CAUR_L_CF3_RI2_TI2_R12,746102,5.0,4352.25,False,,
LG_HGA_2O,CB1_CAUR_L_CF3_RI2_TI2_R12,746102,10.0,4559.5,True,226.20011112099746,0.6180330904945286
LG_HGA_2O,CB1_CAUR_L_CF3_RI2_TI2_R12,746103,0.0,4145.0,False,,
LG_HGA_2O,CB1_CAUR_L_CF3_RI2_TI2_R12,746103,1.0,4186.45,True,354.39325348098646,0.9682875778169029
LG_HGA_2O,CB1_CAUR_L_CF3_RI2_TI2_R12,746103,2.0,4227.9,True,261.664366899,0.7149299642049181
LG_HGA_2O,CB1_CAUR_L_CF3_RI2_TI2_R12,746103,5.0,4352.25,True,199.8325587119907,0.5459905975737451
LG_HGA_2O,CB1_CAUR_L_CF3_RI2_TI2_R12,746103,10.0,4559.5,True,101.73887262199423,0.2779750618087274
LG_HGA_2O,CB1_CAUR_L_CF3_RI2_TI2_R12_C02,746101,0.0,3180.0,False,,
LG_HGA_2O,CB1_CAUR_L_CF3_RI2_TI2_R12_C02,746101,1.0,3211.8,False,,
LG_HGA_2O,CB1_CAUR_L_CF3_RI2_TI2_R12_C02,746101,2.0,3243.6,False,,
LG_HGA_2O,CB1_CAUR_L_CF3_RI2_TI2_R12_C02,746101,5.0,3339.0,True,331.70299049597816,0.9265446661898831
LG_HGA_2O,CB1_CAUR_L_CF3_RI2_TI2_R12_C02,746101,10.0,3498.0000000000005,True,58.30552744798479,0.16286460181001336
LG_HGA_2O,CB1_CAUR_L_CF3_RI2_TI2_R12_C02,746102,0.0,3180.0,True,290.40162975000567,0.8111777367318594
LG_HGA_2O,CB1_CAUR_L_CF3_RI2_TI2_R12_C02,746102,1.0,3211.8,True,237.2258226830163,0.6626419628017215
LG_HGA_2O,CB1_CAUR_L_CF3_RI2_TI2_R12_C02,746102,2.0,3243.6,True,201.2975586919929,0.5622836834971868
LG_HGA_2O,CB1_CAUR_L_CF3_RI2_TI2_R12_C02,746102,5.0,3339.0,True,122.5317980510008,0.3422675923212313
LG_HGA_2O,CB1_CAUR_L_CF3_RI2_TI2_R12_C02,746102,10.0,3498.0000000000005,True,101.75066046099528,0.28421972195808737
LG_HGA_2O,CB1_CAUR_L_CF3_RI2_TI2_R12_C02,746103,0.0,3180.0,False,,
LG_HGA_2O,CB1_CAUR_L_CF3_RI2_TI2_R12_C02,746103,1.0,3211.8,False,,
LG_HGA_2O,CB1_CAUR_L_CF3_RI2_TI2_R12_C02,746103,2.0,3243.6,True,276.62148890300887,0.7726857231927622
LG_HGA_2O,CB1_CAUR_L_CF3_RI2_TI2_R12_C02,746103,5.0,3339.0,True,110.98462882099557,0.31001292966758537
LG_HGA_2O,CB1_CAUR_L_CF3_RI2_TI2_R12_C02,746103,10.0,3498.0000000000005,True,86.31485079001868,0.24110293516764994
LG_HGA_2O,CB1_CAUR_M_CF1_RI2_TI2_R12,746101,0.0,2743.0,False,,
LG_HGA_2O,CB1_CAUR_M_CF1_RI2_TI2_R12,746101,1.0,2770.43,False,,
LG_HGA_2O,CB1_CAUR_M_CF1_RI2_TI2_R12,746101,2.0,2797.86,False,,
LG_HGA_2O,CB1_CAUR_M_CF1_RI2_TI2_R12,746101,5.0,2880.15,False,,
LG_HGA_2O,CB1_CAUR_M_CF1_RI2_TI2_R12,746101,10.0,3017.3,True,7.783417066006223,0.0341377941491501
LG_HGA_2O,CB1_CAUR_M_CF1_RI2_TI2_R12,746102,0.0,2743.0,False,,
LG_HGA_2O,CB1_CAUR_M_CF1_RI2_TI2_R12,746102,1.0,2770.43,False,,
LG_HGA_2O,CB1_CAUR_M_CF1_RI2_TI2_R12,746102,2.0,2797.86,False,,
LG_HGA_2O,CB1_CAUR_M_CF1_RI2_TI2_R12,746102,5.0,2880.15,True,80.92632237498765,0.3549400104166125
LG_HGA_2O,CB1_CAUR_M_CF1_RI2_TI2_R12,746102,10.0,3017.3,True,5.33880191197386,0.023415797859534473
LG_HGA_2O,CB1_CAUR_M_CF1_RI2_TI2_R12,746103,0.0,2743.0,False,,
LG_HGA_2O,CB1_CAUR_M_CF1_RI2_TI2_R12,746103,1.0,2770.43,False,,
LG_HGA_2O,CB1_CAUR_M_CF1_RI2_TI2_R12,746103,2.0,2797.86,False,,
LG_HGA_2O,CB1_CAUR_M_CF1_RI2_TI2_R12,746103,5.0,2880.15,False,,
LG_HGA_2O,CB1_CAUR_M_CF1_RI2_TI2_R12,746103,10.0,3017.3,True,22.616439083009027,0.09919490825881153
LG_HGA_2O,CB1_CAUR_M_CF1_RI2_TI2_R12_C02,746101,0.0,2772.0,False,,
LG_HGA_2O,CB1_CAUR_M_CF1_RI2_TI2_R12_C02,746101,1.0,2799.72,False,,
LG_HGA_2O,CB1_CAUR_M_CF1_RI2_TI2_R12_C02,746101,2.0,2827.44,True,43.58291787200142,0.18625178577778384
LG_HGA_2O,CB1_CAUR_M_CF1_RI2_TI2_R12_C02,746101,5.0,2910.6,True,31.25783347300603,0.1335804849273762
LG_HGA_2O,CB1_CAUR_M_CF1_RI2_TI2_R12_C02,746101,10.0,3049.2000000000003,True,6.747457632009173,0.028835289025680225
LG_HGA_2O,CB1_CAUR_M_CF1_RI2_TI2_R12_C02,746102,0.0,2772.0,True,89.29462658299599,0.3816009683034017
LG_HGA_2O,CB1_CAUR_M_CF1_RI2_TI2_R12_C02,746102,1.0,2799.72,True,72.09746923099738,0.30810884286751017
LG_HGA_2O,CB1_CAUR_M_CF1_RI2_TI2_R12_C02,746102,2.0,2827.44,True,41.74086554997484,0.17837976730758479
LG_HGA_2O,CB1_CAUR_M_CF1_RI2_TI2_R12_C02,746102,5.0,2910.6,True,14.60048575597466,0.06239523827339598
LG_HGA_2O,CB1_CAUR_M_CF1_RI2_TI2_R12_C02,746102,10.0,3049.2000000000003,True,8.993091810989426,0.038432016286279604
LG_HGA_2O,CB1_CAUR_M_CF1_RI2_TI2_R12_C02,746103,0.0,2772.0,False,,
LG_HGA_2O,CB1_CAUR_M_CF1_RI2_TI2_R12_C02,746103,1.0,2799.72,True,158.58333372700145,0.677706554388895
LG_HGA_2O,CB1_CAUR_M_CF1_RI2_TI2_R12_C02,746103,2.0,2827.44,True,124.18777059900458,0.5307169683718145
LG_HGA_2O,CB1_CAUR_M_CF1_RI2_TI2_R12_C02,746103,5.0,2910.6,True,18.847639276995324,0.08054546699570651
LG_HGA_2O,CB1_CAUR_M_CF1_RI2_TI2_R12_C02,746103,10.0,3049.2000000000003,True,9.68184907201794,0.04137542338469205
LG_HGA_2O,CB1_CAUR_M_CF2_RI2_TI2_R12,746101,0.0,2782.0,True,238.2248720700154,0.9763314429098993
LG_HGA_2O,CB1_CAUR_M_CF2_RI2_TI2_R12,746101,1.0,2809.82,True,139.11385488000815,0.5701387495082301
LG_HGA_2O,CB1_CAUR_M_CF2_RI2_TI2_R12,746101,2.0,2837.64,True,130.78553272699355,0.5360062816680063
LG_HGA_2O,CB1_CAUR_M_CF2_RI2_TI2_R12,746101,5.0,2921.1,True,95.03472183502163,0.3894865648976296
LG_HGA_2O,CB1_CAUR_M_CF2_RI2_TI2_R12,746101,10.0,3060.2000000000003,True,16.250721492018783,0.06660131759024092
LG_HGA_2O,CB1_CAUR_M_CF2_RI2_TI2_R12,746102,0.0,2782.0,False,,
LG_HGA_2O,CB1_CAUR_M_CF2_RI2_TI2_R12,746102,1.0,2809.82,False,,
LG_HGA_2O,CB1_CAUR_M_CF2_RI2_TI2_R12,746102,2.0,2837.64,False,,
LG_HGA_2O,CB1_CAUR_M_CF2_RI2_TI2_R12,746102,5.0,2921.1,True,181.38195823098067,0.743368681274511
LG_HGA_2O,CB1_CAUR_M_CF2_RI2_TI2_R12,746102,10.0,3060.2000000000003,True,27.358227293996606,0.11212388235244511
LG_HGA_2O,CB1_CAUR_M_CF2_RI2_TI2_R12,746103,0.0,2782.0,False,,
LG_HGA_2O,CB1_CAUR_M_CF2_RI2_TI2_R12,746103,1.0,2809.82,False,,
LG_HGA_2O,CB1_CAUR_M_CF2_RI2_TI2_R12,746103,2.0,2837.64,False,,
LG_HGA_2O,CB1_CAUR_M_CF2_RI2_TI2_R12,746103,5.0,2921.1,True,170.59203331102617,0.6991476775042056
LG_HGA_2O,CB1_CAUR_M_CF2_RI2_TI2_R12,746103,10.0,3060.2000000000003,True,18.634767389012268,0.07637199749595192
LG_HGA_2O,CB1_CAUR_M_CF2_RI2_TI2_R12_C02,746101,0.0,3658.0,False,,
LG_HGA_2O,CB1_CAUR_M_CF2_RI2_TI2_R12_C02,746101,1.0,3694.58,False,,
LG_HGA_2O,CB1_CAUR_M_CF2_RI2_TI2_R12_C02,746101,2.0,3731.16,False,,
LG_HGA_2O,CB1_CAUR_M_CF2_RI2_TI2_R12_C02,746101,5.0,3840.9,True,23.85479516000487,0.09391651637797192
LG_HGA_2O,CB1_CAUR_M_CF2_RI2_TI2_R12_C02,746101,10.0,4023.8,True,3.889229457010515,0.01531192699610439
LG_HGA_2O,CB1_CAUR_M_CF2_RI2_TI2_R12_C02,746102,0.0,3658.0,False,,
LG_HGA_2O,CB1_CAUR_M_CF2_RI2_TI2_R12_C02,746102,1.0,3694.58,False,,
LG_HGA_2O,CB1_CAUR_M_CF2_RI2_TI2_R12_C02,746102,2.0,3731.16,False,,
LG_HGA_2O,CB1_CAUR_M_CF2_RI2_TI2_R12_C02,746102,5.0,3840.9,False,,
LG_HGA_2O,CB1_CAUR_M_CF2_RI2_TI2_R12_C02,746102,10.0,4023.8,True,4.549840368999867,0.01791275735826719
LG_HGA_2O,CB1_CAUR_M_CF2_RI2_TI2_R12_C02,746103,0.0,3658.0,False,,
LG_HGA_2O,CB1_CAUR_M_CF2_RI2_TI2_R12_C02,746103,1.0,3694.58,False,,
LG_HGA_2O,CB1_CAUR_M_CF2_RI2_TI2_R12_C02,746103,2.0,3731.16,False,,
LG_HGA_2O,CB1_CAUR_M_CF2_RI2_TI2_R12_C02,746103,5.0,3840.9,True,17.09333188398159,0.06729658222039997
LG_HGA_2O,CB1_CAUR_M_CF2_RI2_TI2_R12_C02,746103,10.0,4023.8,True,2.8263158869813196,0.011127227901501259
LG_HGA_2O,CB1_CAUR_M_CF3_RI2_TI2_R12,746101,0.0,2639.0,False,,
LG_HGA_2O,CB1_CAUR_M_CF3_RI2_TI2_R12,746101,1.0,2665.39,False,,
LG_HGA_2O,CB1_CAUR_M_CF3_RI2_TI2_R12,746101,2.0,2691.78,False,,
LG_HGA_2O,CB1_CAUR_M_CF3_RI2_TI2_R12,746101,5.0,2770.9500000000003,False,,
LG_HGA_2O,CB1_CAUR_M_CF3_RI2_TI2_R12,746101,10.0,2902.9,True,83.69991967399255,0.35466067658471423
LG_HGA_2O,CB1_CAUR_M_CF3_RI2_TI2_R12,746102,0.0,2639.0,False,,
LG_HGA_2O,CB1_CAUR_M_CF3_RI2_TI2_R12,746102,1.0,2665.39,True,123.29130463898764,0.5224207823685917
LG_HGA_2O,CB1_CAUR_M_CF3_RI2_TI2_R12,746102,2.0,2691.78,True,69.46859908499755,0.29435847069914217
LG_HGA_2O,CB1_CAUR_M_CF3_RI2_TI2_R12,746102,5.0,2770.9500000000003,True,28.395349038008135,0.12031927558478023
LG_HGA_2O,CB1_CAUR_M_CF3_RI2_TI2_R12,746102,10.0,2902.9,True,15.453992188005941,0.06548301774578788
LG_HGA_2O,CB1_CAUR_M_CF3_RI2_TI2_R12,746103,0.0,2639.0,True,63.82282470999053,0.27043569792368866
LG_HGA_2O,CB1_CAUR_M_CF3_RI2_TI2_R12,746103,1.0,2665.39,True,60.49440886999946,0.25633224097457397
LG_HGA_2O,CB1_CAUR_M_CF3_RI2_TI2_R12,746103,2.0,2691.78,True,52.905974669003626,0.22417785876696453
LG_HGA_2O,CB1_CAUR_M_CF3_RI2_TI2_R12,746103,5.0,2770.9500000000003,True,45.84807230299339,0.194271492809294
LG_HGA_2O,CB1_CAUR_M_CF3_RI2_TI2_R12,746103,10.0,2902.9,True,22.52621718199225,0.09545007280505191
LG_HGA_2O,CB1_CAUR_M_CF3_RI2_TI2_R12_C02,746101,0.0,2922.0,False,,
LG_HGA_2O,CB1_CAUR_M_CF3_RI2_TI2_R12_C02,746101,1.0,2951.22,True,91.78133508798783,0.39560920296546476
LG_HGA_2O,CB1_CAUR_M_CF3_RI2_TI2_R12_C02,746101,2.0,2980.44,True,32.48425267499988,0.14001833049568913
LG_HGA_2O,CB1_CAUR_M_CF3_RI2_TI2_R12_C02,746101,5.0,3068.1,True,21.239960098988377,0.09155155215081197
LG_HGA_2O,CB1_CAUR_M_CF3_RI2_TI2_R12_C02,746101,10.0,3214.2000000000003,True,12.18575270200381,0.05252479612932677
LG_HGA_2O,CB1_CAUR_M_CF3_RI2_TI2_R12_C02,746102,0.0,2922.0,True,218.33296719001373,0.9410903758190247
LG_HGA_2O,CB1_CAUR_M_CF3_RI2_TI2_R12_C02,746102,1.0,2951.22,True,195.6237166550127,0.8432056752371236
LG_HGA_2O,CB1_CAUR_M_CF3_RI2_TI2_R12_C02,746102,2.0,2980.44,True,195.6237166550127,0.8432056752371236
LG_HGA_2O,CB1_CAUR_M_CF3_RI2_TI2_R12_C02,746102,5.0,3068.1,True,33.199175125017064,0.14309989278024596
LG_HGA_2O,CB1_CAUR_M_CF3_RI2_TI2_R12_C02,746102,10.0,3214.2000000000003,True,13.41624342900468,0.05782863546984776
LG_HGA_2O,CB1_CAUR_M_CF3_RI2_TI2_R12_C02,746103,0.0,2922.0,False,,
LG_HGA_2O,CB1_CAUR_M_CF3_RI2_TI2_R12_C02,746103,1.0,2951.22,False,,
LG_HGA_2O,CB1_CAUR_M_CF3_RI2_TI2_R12_C02,746103,2.0,2980.44,False,,
LG_HGA_2O,CB1_CAUR_M_CF3_RI2_TI2_R12_C02,746103,5.0,3068.1,True,21.50366410499555,0.09268820734911876
LG_HGA_2O,CB1_CAUR_M_CF3_RI2_TI2_R12_C02,746103,10.0,3214.2000000000003,True,16.080024102993775,0.06931044871980076
LG_HGA_2O,CB1_CAUR_S_CF1_RI2_TI2_R12,746101,0.0,1645.0,False,,
LG_HGA_2O,CB1_CAUR_S_CF1_RI2_TI2_R12,746101,1.0,1661.45,False,,
LG_HGA_2O,CB1_CAUR_S_CF1_RI2_TI2_R12,746101,2.0,1677.9,False,,
LG_HGA_2O,CB1_CAUR_S_CF1_RI2_TI2_R12,746101,5.0,1727.25,True,26.072265853988938,0.21370709716384376
LG_HGA_2O,CB1_CAUR_S_CF1_RI2_TI2_R12,746101,10.0,1809.5000000000002,True,8.497236251976574,0.06964947747521782
LG_HGA_2O,CB1_CAUR_S_CF1_RI2_TI2_R12,746102,0.0,1645.0,False,,
LG_HGA_2O,CB1_CAUR_S_CF1_RI2_TI2_R12,746102,1.0,1661.45,True,74.4002312280063,0.6098379608852976
LG_HGA_2O,CB1_CAUR_S_CF1_RI2_TI2_R12,746102,2.0,1677.9,True,23.778469896002207,0.19490549095083776
LG_HGA_2O,CB1_CAUR_S_CF1_RI2_TI2_R12,746102,5.0,1727.25,True,9.755347395985154,0.07996186390151766
LG_HGA_2O,CB1_CAUR_S_CF1_RI2_TI2_R12,746102,10.0,1809.5000000000002,True,1.614190880995011,0.013231072795041073
LG_HGA_2O,CB1_CAUR_S_CF1_RI2_TI2_R12,746103,0.0,1645.0,False,,
LG_HGA_2O,CB1_CAUR_S_CF1_RI2_TI2_R12,746103,1.0,1661.45,True,6.14862421300495,0.0503985591229914
LG_HGA_2O,CB1_CAUR_S_CF1_RI2_TI2_R12,746103,2.0,1677.9,True,5.33846873298171,0.04375794043427631
LG_HGA_2O,CB1_CAUR_S_CF1_RI2_TI2_R12,746103,5.0,1727.25,True,2.786268231982831,0.022838264196580582
LG_HGA_2O,CB1_CAUR_S_CF1_RI2_TI2_R12,746103,10.0,1809.5000000000002,True,1.8407687190047,0.015088268188563115
LG_HGA_2O,CB1_CAUR_S_CF1_RI2_TI2_R12_C02,746101,0.0,1783.0,False,,
LG_HGA_2O,CB1_CAUR_S_CF1_RI2_TI2_R12_C02,746101,1.0,1800.83,False,,
LG_HGA_2O,CB1_CAUR_S_CF1_RI2_TI2_R12_C02,746101,2.0,1818.66,True,50.922346681007184,0.4546638096518499
LG_HGA_2O,CB1_CAUR_S_CF1_RI2_TI2_R12_C02,746101,5.0,1872.15,True,3.4189228799950797,0.03052609714281321
LG_HGA_2O,CB1_CAUR_S_CF1_RI2_TI2_R12_C02,746101,10.0,1961.3000000000002,True,1.7529085419955663,0.015650969124960414
LG_HGA_2O,CB1_CAUR_S_CF1_RI2_TI2_R12_C02,746102,0.0,1783.0,False,,
LG_HGA_2O,CB1_CAUR_S_CF1_RI2_TI2_R12_C02,746102,1.0,1800.83,True,11.833588676003274,0.10565704175002923
LG_HGA_2O,CB1_CAUR_S_CF1_RI2_TI2_R12_C02,746102,2.0,1818.66,True,10.895025989011629,0.0972770177590324
LG_HGA_2O,CB1_CAUR_S_CF1_RI2_TI2_R12_C02,746102,5.0,1872.15,True,2.8542421309975907,0.02548430474104992
LG_HGA_2O,CB1_CAUR_S_CF1_RI2_TI2_R12_C02,746102,10.0,1961.3000000000002,True,1.932173609995516,0.017251550089245678
LG_HGA_2O,CB1_CAUR_S_CF1_RI2_TI2_R12_C02,746103,0.0,1783.0,False,,
LG_HGA_2O,CB1_CAUR_S_CF1_RI2_TI2_R12_C02,746103,1.0,1800.83,True,55.08950531997834,0.4918705832140923
LG_HGA_2O,CB1_CAUR_S_CF1_RI2_TI2_R12_C02,746103,2.0,1818.66,True,42.11115175799932,0.37599242641070824
LG_HGA_2O,CB1_CAUR_S_CF1_RI2_TI2_R12_C02,746103,5.0,1872.15,True,6.790350951981964,0.06062813349983896
LG_HGA_2O,CB1_CAUR_S_CF1_RI2_TI2_R12_C02,746103,10.0,1961.3000000000002,True,2.9067695869889576,0.025953299883829977
LG_HGA_2O,CB1_CAUR_S_CF2_RI2_TI2_R12,746101,0.0,1588.0,False,,
LG_HGA_2O,CB1_CAUR_S_CF2_RI2_TI2_R12,746101,1.0,1603.88,False,,
LG_HGA_2O,CB1_CAUR_S_CF2_RI2_TI2_R12,746101,2.0,1619.76,False,,
LG_HGA_2O,CB1_CAUR_S_CF2_RI2_TI2_R12,746101,5.0,1667.4,True,6.752289744996233,0.056269081208301944
LG_HGA_2O,CB1_CAUR_S_CF2_RI2_TI2_R12,746101,10.0,1746.8000000000002,True,3.772995376988547,0.031441628141571226
LG_HGA_2O,CB1_CAUR_S_CF2_RI2_TI2_R12,746102,0.0,1588.0,False,,
LG_HGA_2O,CB1_CAUR_S_CF2_RI2_TI2_R12,746102,1.0,1603.88,False,,
LG_HGA_2O,CB1_CAUR_S_CF2_RI2_TI2_R12,746102,2.0,1619.76,True,119.31759875098942,0.9943133229249118
LG_HGA_2O,CB1_CAUR_S_CF2_RI2_TI2_R12,746102,5.0,1667.4,True,109.24194418700063,0.9103495348916719
LG_HGA_2O,CB1_CAUR_S_CF2_RI2_TI2_R12,746102,10.0,1746.8000000000002,True,2.487169969972456,0.020726416416437132
LG_HGA_2O,CB1_CAUR_S_CF2_RI2_TI2_R12,746103,0.0,1588.0,False,,
LG_HGA_2O,CB1_CAUR_S_CF2_RI2_TI2_R12,746103,1.0,1603.88,False,,
LG_HGA_2O,CB1_CAUR_S_CF2_RI2_TI2_R12,746103,2.0,1619.76,True,52.97517748398241,0.44145981236652004
LG_HGA_2O,CB1_CAUR_S_CF2_RI2_TI2_R12,746103,5.0,1667.4,True,48.364014507009415,0.40303345422507847
LG_HGA_2O,CB1_CAUR_S_CF2_RI2_TI2_R12,746103,10.0,1746.8000000000002,True,3.4777547259873245,0.028981289383227703
LG_HGA_2O,CB1_CAUR_S_CF2_RI2_TI2_R12_C02,746101,0.0,1884.0,False,,
LG_HGA_2O,CB1_CAUR_S_CF2_RI2_TI2_R12_C02,746101,1.0,1902.84,False,,
LG_HGA_2O,CB1_CAUR_S_CF2_RI2_TI2_R12_C02,746101,2.0,1921.68,False,,
LG_HGA_2O,CB1_CAUR_S_CF2_RI2_TI2_R12_C02,746101,5.0,1978.2,True,21.90678744399338,0.17386339241264587
LG_HGA_2O,CB1_CAUR_S_CF2_RI2_TI2_R12_C02,746101,10.0,2072.4,True,5.645345505996374,0.04480432941266964
LG_HGA_2O,CB1_CAUR_S_CF2_RI2_TI2_R12_C02,746102,0.0,1884.0,False,,
LG_HGA_2O,CB1_CAUR_S_CF2_RI2_TI2_R12_C02,746102,1.0,1902.84,False,,
LG_HGA_2O,CB1_CAUR_S_CF2_RI2_TI2_R12_C02,746102,2.0,1921.68,False,,
LG_HGA_2O,CB1_CAUR_S_CF2_RI2_TI2_R12_C02,746102,5.0,1978.2,True,52.13081175199477,0.4137366012063077
LG_HGA_2O,CB1_CAUR_S_CF2_RI2_TI2_R12_C02,746102,10.0,2072.4,True,4.253572326007998,0.033758510523873
LG_HGA_2O,CB1_CAUR_S_CF2_RI2_TI2_R12_C02,746103,0.0,1884.0,False,,
LG_HGA_2O,CB1_CAUR_S_CF2_RI2_TI2_R12_C02,746103,1.0,1902.84,False,,
LG_HGA_2O,CB1_CAUR_S_CF2_RI2_TI2_R12_C02,746103,2.0,1921.68,False,,
LG_HGA_2O,CB1_CAUR_S_CF2_RI2_TI2_R12_C02,746103,5.0,1978.2,True,117.21641719402396,0.9302890253493965
LG_HGA_2O,CB1_CAUR_S_CF2_RI2_TI2_R12_C02,746103,10.0,2072.4,True,7.1675951040233485,0.056885675428756735
LG_HGA_2O,CB1_CAUR_S_CF3_RI2_TI2_R12,746101,0.0,1655.0,False,,
LG_HGA_2O,CB1_CAUR_S_CF3_RI2_TI2_R12,746101,1.0,1671.55,False,,
LG_HGA_2O,CB1_CAUR_S_CF3_RI2_TI2_R12,746101,2.0,1688.1000000000001,False,,
LG_HGA_2O,CB1_CAUR_S_CF3_RI2_TI2_R12,746101,5.0,1737.75,False,,
LG_HGA_2O,CB1_CAUR_S_CF3_RI2_TI2_R12,746101,10.0,1820.5000000000002,True,5.5206189139862545,0.045250974704805366
LG_HGA_2O,CB1_CAUR_S_CF3_RI2_TI2_R12,746102,0.0,1655.0,False,,
LG_HGA_2O,CB1_CAUR_S_CF3_RI2_TI2_R12,746102,1.0,1671.55,False,,
LG_HGA_2O,CB1_CAUR_S_CF3_RI2_TI2_R12,746102,2.0,1688.1000000000001,False,,
LG_HGA_2O,CB1_CAUR_S_CF3_RI2_TI2_R12,746102,5.0,1737.75,True,41.14313083598972,0.33723877734417806
LG_HGA_2O,CB1_CAUR_S_CF3_RI2_TI2_R12,746102,10.0,1820.5000000000002,True,4.474784862977685,0.03667856445063677
LG_HGA_2O,CB1_CAUR_S_CF3_RI2_TI2_R12,746103,0.0,1655.0,True,120.93969741501496,0.9913089952050407
LG_HGA_2O,CB1_CAUR_S_CF3_RI2_TI2_R12,746103,1.0,1671.55,True,23.34566926100524,0.19135794476233806
LG_HGA_2O,CB1_CAUR_S_CF3_RI2_TI2_R12,746103,2.0,1688.1000000000001,True,21.75310428600642,0.1783041334918559
LG_HGA_2O,CB1_CAUR_S_CF3_RI2_TI2_R12,746103,5.0,1737.75,True,15.75182393801515,0.1291133109673373
LG_HGA_2O,CB1_CAUR_S_CF3_RI2_TI2_R12,746103,10.0,1820.5000000000002,True,2.7180845540133305,0.0222793815902732
LG_HGA_2O,CB1_CAUR_S_CF3_RI2_TI2_R12_C02,746101,0.0,1729.0,False,,
LG_HGA_2O,CB1_CAUR_S_CF3_RI2_TI2_R12_C02,746101,1.0,1746.29,False,,
LG_HGA_2O,CB1_CAUR_S_CF3_RI2_TI2_R12_C02,746101,2.0,1763.58,False,,
LG_HGA_2O,CB1_CAUR_S_CF3_RI2_TI2_R12_C02,746101,5.0,1815.45,False,,
LG_HGA_2O,CB1_CAUR_S_CF3_RI2_TI2_R12_C02,746101,10.0,1901.9,True,1.7729173749976326,0.014070772817441528
LG_HGA_2O,CB1_CAUR_S_CF3_RI2_TI2_R12_C02,746102,0.0,1729.0,False,,
LG_HGA_2O,CB1_CAUR_S_CF3_RI2_TI2_R12_C02,746102,1.0,1746.29,False,,
LG_HGA_2O,CB1_CAUR_S_CF3_RI2_TI2_R12_C02,746102,2.0,1763.58,False,,
LG_HGA_2O,CB1_CAUR_S_CF3_RI2_TI2_R12_C02,746102,5.0,1815.45,False,,
LG_HGA_2O,CB1_CAUR_S_CF3_RI2_TI2_R12_C02,746102,10.0,1901.9,True,48.9380289039982,0.3883970547936365
LG_HGA_2O,CB1_CAUR_S_CF3_RI2_TI2_R12_C02,746103,0.0,1729.0,False,,
LG_HGA_2O,CB1_CAUR_S_CF3_RI2_TI2_R12_C02,746103,1.0,1746.29,False,,
LG_HGA_2O,CB1_CAUR_S_CF3_RI2_TI2_R12_C02,746103,2.0,1763.58,False,,
LG_HGA_2O,CB1_CAUR_S_CF3_RI2_TI2_R12_C02,746103,5.0,1815.45,True,59.27769627899397,0.47045790697614265
LG_HGA_2O,CB1_CAUR_S_CF3_RI2_TI2_R12_C02,746103,10.0,1901.9,True,3.41438209800981,0.027098270619125474
NGAS_A1_6R,CB1_CAUR_L_CF1_RI2_TI2_R12,746101,0.0,3453.0,True,105.8812168649747,0.3189193279065503
NGAS_A1_6R,CB1_CAUR_L_CF1_RI2_TI2_R12,746101,1.0,3487.53,True,60.36901939497329,0.18183439576799185
NGAS_A1_6R,CB1_CAUR_L_CF1_RI2_TI2_R12,746101,2.0,3522.06,True,59.01750903198263,0.17776358142163443
NGAS_A1_6R,CB1_CAUR_L_CF1_RI2_TI2_R12,746101,5.0,3625.65,True,44.46454303199425,0.1339293464819104
NGAS_A1_6R,CB1_CAUR_L_CF1_RI2_TI2_R12,746101,10.0,3798.3,True,5.121553587960079,0.015426366228795419
NGAS_A1_6R,CB1_CAUR_L_CF1_RI2_TI2_R12,746102,0.0,3453.0,True,209.40639653796097,0.6307421582468704
NGAS_A1_6R,CB1_CAUR_L_CF1_RI2_TI2_R12,746102,1.0,3487.53,True,71.3714046109817,0.21497411027404126
NGAS_A1_6R,CB1_CAUR_L_CF1_RI2_TI2_R12,746102,2.0,3522.06,True,71.3714046109817,0.21497411027404126
NGAS_A1_6R,CB1_CAUR_L_CF1_RI2_TI2_R12,746102,5.0,3625.65,True,25.678447088983376,0.07734472014754029
NGAS_A1_6R,CB1_CAUR_L_CF1_RI2_TI2_R12,746102,10.0,3798.3,True,17.60180758597562,0.05301749272884223
NGAS_A1_6R,CB1_CAUR_L_CF1_RI2_TI2_R12,746103,0.0,3453.0,True,47.05657614202937,0.1417366751265945
NGAS_A1_6R,CB1_CAUR_L_CF1_RI2_TI2_R12,746103,1.0,3487.53,True,45.4444758350146,0.13688095131028494
NGAS_A1_6R,CB1_CAUR_L_CF1_RI2_TI2_R12,746103,2.0,3522.06,True,35.55911508802092,0.10710576833741241
NGAS_A1_6R,CB1_CAUR_L_CF1_RI2_TI2_R12,746103,5.0,3625.65,True,30.12068035401171,0.09072494082533648
NGAS_A1_6R,CB1_CAUR_L_CF1_RI2_TI2_R12,746103,10.0,3798.3,True,21.8780100250151,0.0658976205572744
NGAS_A1_6R,CB1_CAUR_L_CF1_RI2_TI2_R12_C02,746101,0.0,3710.0,False,,
NGAS_A1_6R,CB1_CAUR_L_CF1_RI2_TI2_R12_C02,746101,1.0,3747.1,True,81.68417658196995,0.2374540016917731
NGAS_A1_6R,CB1_CAUR_L_CF1_RI2_TI2_R12_C02,746101,2.0,3784.2000000000003,True,50.877462113974616,0.14789959916853085
NGAS_A1_6R,CB1_CAUR_L_CF1_RI2_TI2_R12_C02,746101,5.0,3895.5,True,16.202267951972317,0.04709961613945441
NGAS_A1_6R,CB1_CAUR_L_CF1_RI2_TI2_R12_C02,746101,10.0,4081.0000000000005,True,5.126911845989525,0.014903813505783504
NGAS_A1_6R,CB1_CAUR_L_CF1_RI2_TI2_R12_C02,746102,0.0,3710.0,False,,
NGAS_A1_6R,CB1_CAUR_L_CF1_RI2_TI2_R12_C02,746102,1.0,3747.1,False,,
NGAS_A1_6R,CB1_CAUR_L_CF1_RI2_TI2_R12_C02,746102,2.0,3784.2000000000003,True,87.56495820201235,0.2545492970988731
NGAS_A1_6R,CB1_CAUR_L_CF1_RI2_TI2_R12_C02,746102,5.0,3895.5,True,19.811431596055627,0.05759137091876636
NGAS_A1_6R,CB1_CAUR_L_CF1_RI2_TI2_R12_C02,746102,10.0,4081.0000000000005,True,9.370409555034712,0.027239562659984628
NGAS_A1_6R,CB1_CAUR_L_CF1_RI2_TI2_R12_C02,746103,0.0,3710.0,True,164.6152430549846,0.4785326832993739
NGAS_A1_6R,CB1_CAUR_L_CF1_RI2_TI2_R12_C02,746103,1.0,3747.1,True,115.95527361700078,0.3370792837703511
NGAS_A1_6R,CB1_CAUR_L_CF1_RI2_TI2_R12_C02,746103,2.0,3784.2000000000003,True,39.83361563400831,0.11579539428490788
NGAS_A1_6R,CB1_CAUR_L_CF1_RI2_TI2_R12_C02,746103,5.0,3895.5,True,25.734730383963324,0.07481026274407943
NGAS_A1_6R,CB1_CAUR_L_CF1_RI2_TI2_R12_C02,746103,10.0,4081.0000000000005,True,17.09542197897099,0.04969599412491567
NGAS_A1_6R,CB1_CAUR_L_CF2_RI2_TI2_R12,746101,0.0,4166.0,False,,
NGAS_A1_6R,CB1_CAUR_L_CF2_RI2_TI2_R12,746101,1.0,4207.66,False,,
NGAS_A1_6R,CB1_CAUR_L_CF2_RI2_TI2_R12,746101,2.0,4249.32,False,,
NGAS_A1_6R,CB1_CAUR_L_CF2_RI2_TI2_R12,746101,5.0,4374.3,False,,
NGAS_A1_6R,CB1_CAUR_L_CF2_RI2_TI2_R12,746101,10.0,4582.6,True,1.0326735629932955,0.0027464722420034453
NGAS_A1_6R,CB1_CAUR_L_CF2_RI2_TI2_R12,746102,0.0,4166.0,False,,
NGAS_A1_6R,CB1_CAUR_L_CF2_RI2_TI2_R12,746102,1.0,4207.66,False,,
NGAS_A1_6R,CB1_CAUR_L_CF2_RI2_TI2_R12,746102,2.0,4249.32,False,,
NGAS_A1_6R,CB1_CAUR_L_CF2_RI2_TI2_R12,746102,5.0,4374.3,False,,
NGAS_A1_6R,CB1_CAUR_L_CF2_RI2_TI2_R12,746102,10.0,4582.6,True,0.6980891470448114,0.00185662007192769
NGAS_A1_6R,CB1_CAUR_L_CF2_RI2_TI2_R12,746103,0.0,4166.0,False,,
NGAS_A1_6R,CB1_CAUR_L_CF2_RI2_TI2_R12,746103,1.0,4207.66,False,,
NGAS_A1_6R,CB1_CAUR_L_CF2_RI2_TI2_R12,746103,2.0,4249.32,True,280.8332324770163,0.7468968948856816
NGAS_A1_6R,CB1_CAUR_L_CF2_RI2_TI2_R12,746103,5.0,4374.3,True,73.41961161704967,0.19526492451342997
NGAS_A1_6R,CB1_CAUR_L_CF2_RI2_TI2_R12,746103,10.0,4582.6,True,0.9217215329990722,0.0024513870558485963
NGAS_A1_6R,CB1_CAUR_L_CF2_RI2_TI2_R12_C02,746101,0.0,3957.0,False,,
NGAS_A1_6R,CB1_CAUR_L_CF2_RI2_TI2_R12_C02,746101,1.0,3996.57,False,,
NGAS_A1_6R,CB1_CAUR_L_CF2_RI2_TI2_R12_C02,746101,2.0,4036.14,False,,
NGAS_A1_6R,CB1_CAUR_L_CF2_RI2_TI2_R12_C02,746101,5.0,4154.85,False,,
NGAS_A1_6R,CB1_CAUR_L_CF2_RI2_TI2_R12_C02,746101,10.0,4352.700000000001,True,0.4958107100101188,0.0012778626546652546
NGAS_A1_6R,CB1_CAUR_L_CF2_RI2_TI2_R12_C02,746102,0.0,3957.0,False,,
NGAS_A1_6R,CB1_CAUR_L_CF2_RI2_TI2_R12_C02,746102,1.0,3996.57,False,,
NGAS_A1_6R,CB1_CAUR_L_CF2_RI2_TI2_R12_C02,746102,2.0,4036.14,False,,
NGAS_A1_6R,CB1_CAUR_L_CF2_RI2_TI2_R12_C02,746102,5.0,4154.85,False,,
NGAS_A1_6R,CB1_CAUR_L_CF2_RI2_TI2_R12_C02,746102,10.0,4352.700000000001,True,0.49228751804912463,0.0012687822630132078
NGAS_A1_6R,CB1_CAUR_L_CF2_RI2_TI2_R12_C02,746103,0.0,3957.0,False,,
NGAS_A1_6R,CB1_CAUR_L_CF2_RI2_TI2_R12_C02,746103,1.0,3996.57,False,,
NGAS_A1_6R,CB1_CAUR_L_CF2_RI2_TI2_R12_C02,746103,2.0,4036.14,False,,
NGAS_A1_6R,CB1_CAUR_L_CF2_RI2_TI2_R12_C02,746103,5.0,4154.85,False,,
NGAS_A1_6R,CB1_CAUR_L_CF2_RI2_TI2_R12_C02,746103,10.0,4352.700000000001,True,0.48524071398423985,0.0012506203968665976
NGAS_A1_6R,CB1_CAUR_L_CF3_RI2_TI2_R12,746101,0.0,4145.0,False,,
NGAS_A1_6R,CB1_CAUR_L_CF3_RI2_TI2_R12,746101,1.0,4186.45,True,144.17636683903402,0.39392449956020226
NGAS_A1_6R,CB1_CAUR_L_CF3_RI2_TI2_R12,746101,2.0,4227.9,True,112.08959422202315,0.306255721918096
NGAS_A1_6R,CB1_CAUR_L_CF3_RI2_TI2_R12,746101,5.0,4352.25,True,57.91401110502193,0.15823500301918558
NGAS_A1_6R,CB1_CAUR_L_CF3_RI2_TI2_R12,746101,10.0,4559.5,True,0.6628718430292793,0.0018111252541783587
NGAS_A1_6R,CB1_CAUR_L_CF3_RI2_TI2_R12,746102,0.0,4145.0,False,,
NGAS_A1_6R,CB1_CAUR_L_CF3_RI2_TI2_R12,746102,1.0,4186.45,True,183.36215669097146,0.5009894991556597
NGAS_A1_6R,CB1_CAUR_L_CF3_RI2_TI2_R12,746102,2.0,4227.9,True,130.1570463399985,0.3556203451912527
NGAS_A1_6R,CB1_CAUR_L_CF3_RI2_TI2_R12,746102,5.0,4352.25,True,50.420722231967375,0.13776153615291634
NGAS_A1_6R,CB1_CAUR_L_CF3_RI2_TI2_R12,746102,10.0,4559.5,True,0.6101451150025241,0.0016670631557446013
NGAS_A1_6R,CB1_CAUR_L_CF3_RI2_TI2_R12,746103,0.0,4145.0,False,,
NGAS_A1_6R,CB1_CAUR_L_CF3_RI2_TI2_R12,746103,1.0,4186.45,False,,
NGAS_A1_6R,CB1_CAUR_L_CF3_RI2_TI2_R12,746103,2.0,4227.9,False,,
NGAS_A1_6R,CB1_CAUR_L_CF3_RI2_TI2_R12,746103,5.0,4352.25,True,83.09349023899995,0.22703139409562828
NGAS_A1_6R,CB1_CAUR_L_CF3_RI2_TI2_R12,746103,10.0,4559.5,True,0.6607523940037936,0.0018053344098464307
NGAS_A1_6R,CB1_CAUR_L_CF3_RI2_TI2_R12_C02,746101,0.0,3180.0,False,,
NGAS_A1_6R,CB1_CAUR_L_CF3_RI2_TI2_R12_C02,746101,1.0,3211.8,False,,
NGAS_A1_6R,CB1_CAUR_L_CF3_RI2_TI2_R12_C02,746101,2.0,3243.6,False,,
NGAS_A1_6R,CB1_CAUR_L_CF3_RI2_TI2_R12_C02,746101,5.0,3339.0,False,,
NGAS_A1_6R,CB1_CAUR_L_CF3_RI2_TI2_R12_C02,746101,10.0,3498.0000000000005,True,0.5716926750028506,0.0015969069134157837
NGAS_A1_6R,CB1_CAUR_L_CF3_RI2_TI2_R12_C02,746102,0.0,3180.0,False,,
NGAS_A1_6R,CB1_CAUR_L_CF3_RI2_TI2_R12_C02,746102,1.0,3211.8,False,,
NGAS_A1_6R,CB1_CAUR_L_CF3_RI2_TI2_R12_C02,746102,2.0,3243.6,False,,
NGAS_A1_6R,CB1_CAUR_L_CF3_RI2_TI2_R12_C02,746102,5.0,3339.0,False,,
NGAS_A1_6R,CB1_CAUR_L_CF3_RI2_TI2_R12_C02,746102,10.0,3498.0000000000005,True,0.5671108050155453,0.0015841083938981713
NGAS_A1_6R,CB1_CAUR_L_CF3_RI2_TI2_R12_C02,746103,0.0,3180.0,False,,
NGAS_A1_6R,CB1_CAUR_L_CF3_RI2_TI2_R12_C02,746103,1.0,3211.8,False,,
NGAS_A1_6R,CB1_CAUR_L_CF3_RI2_TI2_R12_C02,746103,2.0,3243.6,False,,
NGAS_A1_6R,CB1_CAUR_L_CF3_RI2_TI2_R12_C02,746103,5.0,3339.0,False,,
NGAS_A1_6R,CB1_CAUR_L_CF3_RI2_TI2_R12_C02,746103,10.0,3498.0000000000005,True,0.5856835609884001,0.0016359876005262574
NGAS_A1_6R,CB1_CAUR_M_CF1_RI2_TI2_R12,746101,0.0,2743.0,False,,
NGAS_A1_6R,CB1_CAUR_M_CF1_RI2_TI2_R12,746101,1.0,2770.43,False,,
NGAS_A1_6R,CB1_CAUR_M_CF1_RI2_TI2_R12,746101,2.0,2797.86,True,64.91555506701116,0.28471734678513666
NGAS_A1_6R,CB1_CAUR_M_CF1_RI2_TI2_R12,746101,5.0,2880.15,True,38.99926370300818,0.17104940220617623
NGAS_A1_6R,CB1_CAUR_M_CF1_RI2_TI2_R12,746101,10.0,3017.3,True,0.07682984799612314,0.00033697301752685585
NGAS_A1_6R,CB1_CAUR_M_CF1_RI2_TI2_R12,746102,0.0,2743.0,True,86.01368896500207,0.3772530217763249
NGAS_A1_6R,CB1_CAUR_M_CF1_RI2_TI2_R12,746102,1.0,2770.43,True,84.42922097200062,0.3703036007543887
NGAS_A1_6R,CB1_CAUR_M_CF1_RI2_TI2_R12,746102,2.0,2797.86,True,58.455679333012085,0.2563845584781232
NGAS_A1_6R,CB1_CAUR_M_CF1_RI2_TI2_R12,746102,5.0,2880.15,True,35.89430776500376,0.1574311744079112
NGAS_A1_6R,CB1_CAUR_M_CF1_RI2_TI2_R12,746102,10.0,3017.3,True,0.07639453501906246,0.0003350637500836073
NGAS_A1_6R,CB1_CAUR_M_CF1_RI2_TI2_R12,746103,0.0,2743.0,True,54.69348397204885,0.2398837016317932
NGAS_A1_6R,CB1_CAUR_M_CF1_RI2_TI2_R12,746103,1.0,2770.43,True,54.69348397204885,0.2398837016317932
NGAS_A1_6R,CB1_CAUR_M_CF1_RI2_TI2_R12,746103,2.0,2797.86,True,54.69348397204885,0.2398837016317932
NGAS_A1_6R,CB1_CAUR_M_CF1_RI2_TI2_R12,746103,5.0,2880.15,True,32.32652344100643,0.1417829975482738
NGAS_A1_6R,CB1_CAUR_M_CF1_RI2_TI2_R12,746103,10.0,3017.3,True,0.07600441301474348,0.0003333526886611556
NGAS_A1_6R,CB1_CAUR_M_CF1_RI2_TI2_R12_C02,746101,0.0,2772.0,True,128.89406693499768,0.5508293458760585
NGAS_A1_6R,CB1_CAUR_M_CF1_RI2_TI2_R12_C02,746101,1.0,2799.72,True,95.21111883199774,0.40688512321366554
NGAS_A1_6R,CB1_CAUR_M_CF1_RI2_TI2_R12_C02,746101,2.0,2827.44,True,95.21111883199774,0.40688512321366554
NGAS_A1_6R,CB1_CAUR_M_CF1_RI2_TI2_R12_C02,746101,5.0,2910.6,True,29.422363915015012,0.1257365979274146
NGAS_A1_6R,CB1_CAUR_M_CF1_RI2_TI2_R12_C02,746101,10.0,3049.2000000000003,True,5.0678808619850315,0.021657610521303553
NGAS_A1_6R,CB1_CAUR_M_CF1_RI2_TI2_R12_C02,746102,0.0,2772.0,False,,
NGAS_A1_6R,CB1_CAUR_M_CF1_RI2_TI2_R12_C02,746102,1.0,2799.72,False,,
NGAS_A1_6R,CB1_CAUR_M_CF1_RI2_TI2_R12_C02,746102,2.0,2827.44,True,29.048053262988105,0.12413697975635943
NGAS_A1_6R,CB1_CAUR_M_CF1_RI2_TI2_R12_C02,746102,5.0,2910.6,True,16.58151938195806,0.07086119393999171
NGAS_A1_6R,CB1_CAUR_M_CF1_RI2_TI2_R12_C02,746102,10.0,3049.2000000000003,True,3.104572605981957,0.013267404299068194
NGAS_A1_6R,CB1_CAUR_M_CF1_RI2_TI2_R12_C02,746103,0.0,2772.0,True,139.8015464830096,0.5974425063376478
NGAS_A1_6R,CB1_CAUR_M_CF1_RI2_TI2_R12_C02,746103,1.0,2799.72,True,123.42541145900032,0.5274590233290611
NGAS_A1_6R,CB1_CAUR_M_CF1_RI2_TI2_R12_C02,746103,2.0,2827.44,True,74.5567037720466,0.31861839218823335
NGAS_A1_6R,CB1_CAUR_M_CF1_RI2_TI2_R12_C02,746103,5.0,2910.6,True,16.756010411016177,0.07160688209835973
NGAS_A1_6R,CB1_CAUR_M_CF1_RI2_TI2_R12_C02,746103,10.0,3049.2000000000003,True,8.17564122803742,0.03493863772665565
NGAS_A1_6R,CB1_CAUR_M_CF2_RI2_TI2_R12,746101,0.0,2782.0,False,,
NGAS_A1_6R,CB1_CAUR_M_CF2_RI2_TI2_R12,746101,1.0,2809.82,False,,
NGAS_A1_6R,CB1_CAUR_M_CF2_RI2_TI2_R12,746101,2.0,2837.64,False,,
NGAS_A1_6R,CB1_CAUR_M_CF2_RI2_TI2_R12,746101,5.0,2921.1,True,87.46109793399228,0.3584471226802962
NGAS_A1_6R,CB1_CAUR_M_CF2_RI2_TI2_R12,746101,10.0,3060.2000000000003,True,0.30512009299127385,0.0012504921843904666
NGAS_A1_6R,CB1_CAUR_M_CF2_RI2_TI2_R12,746102,0.0,2782.0,False,,
NGAS_A1_6R,CB1_CAUR_M_CF2_RI2_TI2_R12,746102,1.0,2809.82,False,,
NGAS_A1_6R,CB1_CAUR_M_CF2_RI2_TI2_R12,746102,2.0,2837.64,False,,
NGAS_A1_6R,CB1_CAUR_M_CF2_RI2_TI2_R12,746102,5.0,2921.1,False,,
NGAS_A1_6R,CB1_CAUR_M_CF2_RI2_TI2_R12,746102,10.0,3060.2000000000003,True,13.80699219100643,0.056586033569698484
NGAS_A1_6R,CB1_CAUR_M_CF2_RI2_TI2_R12,746103,0.0,2782.0,False,,
NGAS_A1_6R,CB1_CAUR_M_CF2_RI2_TI2_R12,746103,1.0,2809.82,False,,
NGAS_A1_6R,CB1_CAUR_M_CF2_RI2_TI2_R12,746103,2.0,2837.64,False,,
NGAS_A1_6R,CB1_CAUR_M_CF2_RI2_TI2_R12,746103,5.0,2921.1,True,66.03090807498666,0.2706184757171584
NGAS_A1_6R,CB1_CAUR_M_CF2_RI2_TI2_R12,746103,10.0,3060.2000000000003,True,0.25048161298036575,0.0010265639876244498
NGAS_A1_6R,CB1_CAUR_M_CF2_RI2_TI2_R12_C02,746101,0.0,3658.0,False,,
NGAS_A1_6R,CB1_CAUR_M_CF2_RI2_TI2_R12_C02,746101,1.0,3694.58,True,55.057223699986935,0.216760723228295
NGAS_A1_6R,CB1_CAUR_M_CF2_RI2_TI2_R12_C02,746101,2.0,3731.16,True,34.69291313900612,0.13658627220081151
NGAS_A1_6R,CB1_CAUR_M_CF2_RI2_TI2_R12_C02,746101,5.0,3840.9,True,17.616723151004408,0.06935717775985988
NGAS_A1_6R,CB1_CAUR_M_CF2_RI2_TI2_R12_C02,746101,10.0,4023.8,True,0.13802907499484718,0.0005434215550978235
NGAS_A1_6R,CB1_CAUR_M_CF2_RI2_TI2_R12_C02,746102,0.0,3658.0,True,209.11798292503227,0.8232991453741427
NGAS_A1_6R,CB1_CAUR_M_CF2_RI2_TI2_R12_C02,746102,1.0,3694.58,True,61.22199675999582,0.24103148330707014
NGAS_A1_6R,CB1_CAUR_M_CF2_RI2_TI2_R12_C02,746102,2.0,3731.16,True,41.816620908037294,0.16463236577967438
NGAS_A1_6R,CB1_CAUR_M_CF2_RI2_TI2_R12_C02,746102,5.0,3840.9,True,17.927519382035825,0.07058078496864498
NGAS_A1_6R,CB1_CAUR_M_CF2_RI2_TI2_R12_C02,746102,10.0,4023.8,True,0.14335553400451317,0.0005643918661595007
NGAS_A1_6R,CB1_CAUR_M_CF2_RI2_TI2_R12_C02,746103,0.0,3658.0,False,,
NGAS_A1_6R,CB1_CAUR_M_CF2_RI2_TI2_R12_C02,746103,1.0,3694.58,True,153.68024804996094,0.6050403466533896
NGAS_A1_6R,CB1_CAUR_M_CF2_RI2_TI2_R12_C02,746103,2.0,3731.16,True,117.32968628796516,0.46192789877151635
NGAS_A1_6R,CB1_CAUR_M_CF2_RI2_TI2_R12_C02,746103,5.0,3840.9,True,12.03981002396904,0.04740082686601984
NGAS_A1_6R,CB1_CAUR_M_CF2_RI2_TI2_R12_C02,746103,10.0,4023.8,True,0.14044751197798178,0.0005529429605432353
NGAS_A1_6R,CB1_CAUR_M_CF3_RI2_TI2_R12,746101,0.0,2639.0,False,,
NGAS_A1_6R,CB1_CAUR_M_CF3_RI2_TI2_R12,746101,1.0,2665.39,False,,
NGAS_A1_6R,CB1_CAUR_M_CF3_RI2_TI2_R12,746101,2.0,2691.78,False,,
NGAS_A1_6R,CB1_CAUR_M_CF3_RI2_TI2_R12,746101,5.0,2770.9500000000003,False,,
NGAS_A1_6R,CB1_CAUR_M_CF3_RI2_TI2_R12,746101,10.0,2902.9,True,0.19105416897218674,0.0008095515634414693
NGAS_A1_6R,CB1_CAUR_M_CF3_RI2_TI2_R12,746102,0.0,2639.0,False,,
NGAS_A1_6R,CB1_CAUR_M_CF3_RI2_TI2_R12,746102,1.0,2665.39,False,,
NGAS_A1_6R,CB1_CAUR_M_CF3_RI2_TI2_R12,746102,2.0,2691.78,False,,
NGAS_A1_6R,CB1_CAUR_M_CF3_RI2_TI2_R12,746102,5.0,2770.9500000000003,True,0.3709787609986961,0.001571943902536848
NGAS_A1_6R,CB1_CAUR_M_CF3_RI2_TI2_R12,746102,10.0,2902.9,True,0.19167841802118346,0.0008121966865304383
NGAS_A1_6R,CB1_CAUR_M_CF3_RI2_TI2_R12,746103,0.0,2639.0,False,,
NGAS_A1_6R,CB1_CAUR_M_CF3_RI2_TI2_R12,746103,1.0,2665.39,False,,
NGAS_A1_6R,CB1_CAUR_M_CF3_RI2_TI2_R12,746103,2.0,2691.78,False,,
NGAS_A1_6R,CB1_CAUR_M_CF3_RI2_TI2_R12,746103,5.0,2770.9500000000003,True,81.11660321900854,0.3437144204195277
NGAS_A1_6R,CB1_CAUR_M_CF3_RI2_TI2_R12,746103,10.0,2902.9,True,0.20729091198882088,0.0008783513219865291
NGAS_A1_6R,CB1_CAUR_M_CF3_RI2_TI2_R12_C02,746101,0.0,2922.0,False,,
NGAS_A1_6R,CB1_CAUR_M_CF3_RI2_TI2_R12_C02,746101,1.0,2951.22,False,,
NGAS_A1_6R,CB1_CAUR_M_CF3_RI2_TI2_R12_C02,746101,2.0,2980.44,False,,
NGAS_A1_6R,CB1_CAUR_M_CF3_RI2_TI2_R12_C02,746101,5.0,3068.1,True,170.0097429259913,0.7328006160603073
NGAS_A1_6R,CB1_CAUR_M_CF3_RI2_TI2_R12_C02,746101,10.0,3214.2000000000003,True,23.879102890961803,0.10292716763345605
NGAS_A1_6R,CB1_CAUR_M_CF3_RI2_TI2_R12_C02,746102,0.0,2922.0,False,,
NGAS_A1_6R,CB1_CAUR_M_CF3_RI2_TI2_R12_C02,746102,1.0,2951.22,False,,
NGAS_A1_6R,CB1_CAUR_M_CF3_RI2_TI2_R12_C02,746102,2.0,2980.44,False,,
NGAS_A1_6R,CB1_CAUR_M_CF3_RI2_TI2_R12_C02,746102,5.0,3068.1,True,45.0916729120072,0.1943606591034793
NGAS_A1_6R,CB1_CAUR_M_CF3_RI2_TI2_R12_C02,746102,10.0,3214.2000000000003,True,16.771811123995576,0.07229228932756714
NGAS_A1_6R,CB1_CAUR_M_CF3_RI2_TI2_R12_C02,746103,0.0,2922.0,False,,
NGAS_A1_6R,CB1_CAUR_M_CF3_RI2_TI2_R12_C02,746103,1.0,2951.22,False,,
NGAS_A1_6R,CB1_CAUR_M_CF3_RI2_TI2_R12_C02,746103,2.0,2980.44,True,229.8526154839783,0.9907440322585271
NGAS_A1_6R,CB1_CAUR_M_CF3_RI2_TI2_R12_C02,746103,5.0,3068.1,True,81.15346766501898,0.34979942959059906
NGAS_A1_6R,CB1_CAUR_M_CF3_RI2_TI2_R12_C02,746103,10.0,3214.2000000000003,True,10.422180622001179,0.044923192336211976
NGAS_A1_6R,CB1_CAUR_S_CF1_RI2_TI2_R12,746101,0.0,1645.0,True,47.52778506500181,0.389572008729523
NGAS_A1_6R,CB1_CAUR_S_CF1_RI2_TI2_R12,746101,1.0,1661.45,True,42.10369492403697,0.3451122534757129
NGAS_A1_6R,CB1_CAUR_S_CF1_RI2_TI2_R12,746101,2.0,1677.9,True,28.30658310704166,0.2320211730085382
NGAS_A1_6R,CB1_CAUR_S_CF1_RI2_TI2_R12,746101,5.0,1727.25,True,3.9387972819968127,0.03228522362292469
NGAS_A1_6R,CB1_CAUR_S_CF1_RI2_TI2_R12,746101,10.0,1809.5000000000002,True,3.64829311799258,0.029904041950758853
NGAS_A1_6R,CB1_CAUR_S_CF1_RI2_TI2_R12,746102,0.0,1645.0,True,26.393879566981923,0.2163432751391961
NGAS_A1_6R,CB1_CAUR_S_CF1_RI2_TI2_R12,746102,1.0,1661.45,True,13.149989955010824,0.10778680290992479
NGAS_A1_6R,CB1_CAUR_S_CF1_RI2_TI2_R12,746102,2.0,1677.9,True,13.149989955010824,0.10778680290992479
NGAS_A1_6R,CB1_CAUR_S_CF1_RI2_TI2_R12,746102,5.0,1727.25,True,12.344687280012295,0.10118596131157619
NGAS_A1_6R,CB1_CAUR_S_CF1_RI2_TI2_R12,746102,10.0,1809.5000000000002,True,0.07384336501127109,0.0006052734836989433
NGAS_A1_6R,CB1_CAUR_S_CF1_RI2_TI2_R12,746103,0.0,1645.0,True,54.08630785701098,0.4433303922705818
NGAS_A1_6R,CB1_CAUR_S_CF1_RI2_TI2_R12,746103,1.0,1661.45,True,10.813077335013077,0.08863178143453342
NGAS_A1_6R,CB1_CAUR_S_CF1_RI2_TI2_R12,746103,2.0,1677.9,True,10.813077335013077,0.08863178143453342
NGAS_A1_6R,CB1_CAUR_S_CF1_RI2_TI2_R12,746103,5.0,1727.25,True,8.968934695003554,0.07351585815576683
NGAS_A1_6R,CB1_CAUR_S_CF1_RI2_TI2_R12,746103,10.0,1809.5000000000002,True,7.22581293300027,0.05922797486065795
NGAS_A1_6R,CB1_CAUR_S_CF1_RI2_TI2_R12_C02,746101,0.0,1783.0,True,10.43891235202318,0.09320457457163554
NGAS_A1_6R,CB1_CAUR_S_CF1_RI2_TI2_R12_C02,746101,1.0,1800.83,True,10.220561021997128,0.09125500912497435
NGAS_A1_6R,CB1_CAUR_S_CF1_RI2_TI2_R12_C02,746101,2.0,1818.66,True,8.332626847026404,0.07439845399130718
NGAS_A1_6R,CB1_CAUR_S_CF1_RI2_TI2_R12_C02,746101,5.0,1872.15,True,7.674178045999724,0.06851944683928325
NGAS_A1_6R,CB1_CAUR_S_CF1_RI2_TI2_R12_C02,746101,10.0,1961.3000000000002,True,0.018820940982550383,0.00016804411591562842
NGAS_A1_6R,CB1_CAUR_S_CF1_RI2_TI2_R12_C02,746102,0.0,1783.0,False,,
NGAS_A1_6R,CB1_CAUR_S_CF1_RI2_TI2_R12_C02,746102,1.0,1800.83,False,,
NGAS_A1_6R,CB1_CAUR_S_CF1_RI2_TI2_R12_C02,746102,2.0,1818.66,True,27.03828621399589,0.24141326976782043
NGAS_A1_6R,CB1_CAUR_S_CF1_RI2_TI2_R12_C02,746102,5.0,1872.15,True,25.099084677989595,0.22409897033919282
NGAS_A1_6R,CB1_CAUR_S_CF1_RI2_TI2_R12_C02,746102,10.0,1961.3000000000002,True,0.018973237019963562,0.00016940390196396038
NGAS_A1_6R,CB1_CAUR_S_CF1_RI2_TI2_R12_C02,746103,0.0,1783.0,False,,
NGAS_A1_6R,CB1_CAUR_S_CF1_RI2_TI2_R12_C02,746103,1.0,1800.83,False,,
NGAS_A1_6R,CB1_CAUR_S_CF1_RI2_TI2_R12_C02,746103,2.0,1818.66,False,,
NGAS_A1_6R,CB1_CAUR_S_CF1_RI2_TI2_R12_C02,746103,5.0,1872.15,True,9.87174520100234,0.08814058215180662
NGAS_A1_6R,CB1_CAUR_S_CF1_RI2_TI2_R12_C02,746103,10.0,1961.3000000000002,True,0.01893428497714922,0.00016905611586740373
NGAS_A1_6R,CB1_CAUR_S_CF2_RI2_TI2_R12,746101,0.0,1588.0,False,,
NGAS_A1_6R,CB1_CAUR_S_CF2_RI2_TI2_R12,746101,1.0,1603.88,False,,
NGAS_A1_6R,CB1_CAUR_S_CF2_RI2_TI2_R12,746101,2.0,1619.76,False,,
NGAS_A1_6R,CB1_CAUR_S_CF2_RI2_TI2_R12,746101,5.0,1667.4,True,39.88561199302785,0.33238009994189877
NGAS_A1_6R,CB1_CAUR_S_CF2_RI2_TI2_R12,746101,10.0,1746.8000000000002,True,15.956148197001312,0.1329679016416776
NGAS_A1_6R,CB1_CAUR_S_CF2_RI2_TI2_R12,746102,0.0,1588.0,True,61.97197030199459,0.516433085849955
NGAS_A1_6R,CB1_CAUR_S_CF2_RI2_TI2_R12,746102,1.0,1603.88,True,58.19734526798129,0.4849778772331774
NGAS_A1_6R,CB1_CAUR_S_CF2_RI2_TI2_R12,746102,2.0,1619.76,True,58.19734526798129,0.4849778772331774
NGAS_A1_6R,CB1_CAUR_S_CF2_RI2_TI2_R12,746102,5.0,1667.4,True,9.699647555011325,0.08083039629176104
NGAS_A1_6R,CB1_CAUR_S_CF2_RI2_TI2_R12,746102,10.0,1746.8000000000002,True,7.363074705004692,0.0613589558750391
NGAS_A1_6R,CB1_CAUR_S_CF2_RI2_TI2_R12,746103,0.0,1588.0,False,,
NGAS_A1_6R,CB1_CAUR_S_CF2_RI2_TI2_R12,746103,1.0,1603.88,False,,
NGAS_A1_6R,CB1_CAUR_S_CF2_RI2_TI2_R12,746103,2.0,1619.76,True,117.22327245696215,0.9768606038080179
NGAS_A1_6R,CB1_CAUR_S_CF2_RI2_TI2_R12,746103,5.0,1667.4,True,49.7167551809689,0.4143062931747409
NGAS_A1_6R,CB1_CAUR_S_CF2_RI2_TI2_R12,746103,10.0,1746.8000000000002,True,29.20649098098511,0.24338742484154258
NGAS_A1_6R,CB1_CAUR_S_CF2_RI2_TI2_R12_C02,746101,0.0,1884.0,True,80.2788204579847,0.6371334956982913
NGAS_A1_6R,CB1_CAUR_S_CF2_RI2_TI2_R12_C02,746101,1.0,1902.84,True,14.080218419025186,0.11174776523035862
NGAS_A1_6R,CB1_CAUR_S_CF2_RI2_TI2_R12_C02,746101,2.0,1921.68,True,14.080218419025186,0.11174776523035862
NGAS_A1_6R,CB1_CAUR_S_CF2_RI2_TI2_R12_C02,746101,5.0,1978.2,True,8.492865446023643,0.06740369401606065
NGAS_A1_6R,CB1_CAUR_S_CF2_RI2_TI2_R12_C02,746101,10.0,2072.4,True,0.09099102101754397,0.0007221509604566982
NGAS_A1_6R,CB1_CAUR_S_CF2_RI2_TI2_R12_C02,746102,0.0,1884.0,True,55.42701580701396,0.4398969508493171
NGAS_A1_6R,CB1_CAUR_S_CF2_RI2_TI2_R12_C02,746102,1.0,1902.84,True,22.031352456018794,0.17485200361919678
NGAS_A1_6R,CB1_CAUR_S_CF2_RI2_TI2_R12_C02,746102,2.0,1921.68,True,22.031352456018794,0.17485200361919678
NGAS_A1_6R,CB1_CAUR_S_CF2_RI2_TI2_R12_C02,746102,5.0,1978.2,True,8.76455286302371,0.06955994335733102
NGAS_A1_6R,CB1_CAUR_S_CF2_RI2_TI2_R12_C02,746102,10.0,2072.4,True,5.649370455008466,0.044836273452448144
NGAS_A1_6R,CB1_CAUR_S_CF2_RI2_TI2_R12_C02,746103,0.0,1884.0,True,24.061577334010508,0.19096489947627387
NGAS_A1_6R,CB1_CAUR_S_CF2_RI2_TI2_R12_C02,746103,1.0,1902.84,True,24.061577334010508,0.19096489947627387
NGAS_A1_6R,CB1_CAUR_S_CF2_RI2_TI2_R12_C02,746103,2.0,1921.68,True,23.64946876099566,0.18769419651583857
NGAS_A1_6R,CB1_CAUR_S_CF2_RI2_TI2_R12_C02,746103,5.0,1978.2,True,13.235607545007952,0.10504450432545993
NGAS_A1_6R,CB1_CAUR_S_CF2_RI2_TI2_R12_C02,746103,10.0,2072.4,True,0.7652021790272556,0.006073033166882981
NGAS_A1_6R,CB1_CAUR_S_CF3_RI2_TI2_R12,746101,0.0,1655.0,False,,
NGAS_A1_6R,CB1_CAUR_S_CF3_RI2_TI2_R12,746101,1.0,1671.55,False,,
NGAS_A1_6R,CB1_CAUR_S_CF3_RI2_TI2_R12,746101,2.0,1688.1000000000001,False,,
NGAS_A1_6R,CB1_CAUR_S_CF3_RI2_TI2_R12,746101,5.0,1737.75,False,,
NGAS_A1_6R,CB1_CAUR_S_CF3_RI2_TI2_R12,746101,10.0,1820.5000000000002,True,52.844750567979645,0.433153693180161
NGAS_A1_6R,CB1_CAUR_S_CF3_RI2_TI2_R12,746102,0.0,1655.0,False,,
NGAS_A1_6R,CB1_CAUR_S_CF3_RI2_TI2_R12,746102,1.0,1671.55,False,,
NGAS_A1_6R,CB1_CAUR_S_CF3_RI2_TI2_R12,746102,2.0,1688.1000000000001,False,,
NGAS_A1_6R,CB1_CAUR_S_CF3_RI2_TI2_R12,746102,5.0,1737.75,True,33.56854831503006,0.2751520353690988
NGAS_A1_6R,CB1_CAUR_S_CF3_RI2_TI2_R12,746102,10.0,1820.5000000000002,True,19.59526191104669,0.16061690091021877
NGAS_A1_6R,CB1_CAUR_S_CF3_RI2_TI2_R12,746103,0.0,1655.0,False,,
NGAS_A1_6R,CB1_CAUR_S_CF3_RI2_TI2_R12,746103,1.0,1671.55,False,,
NGAS_A1_6R,CB1_CAUR_S_CF3_RI2_TI2_R12,746103,2.0,1688.1000000000001,False,,
NGAS_A1_6R,CB1_CAUR_S_CF3_RI2_TI2_R12,746103,5.0,1737.75,True,47.12538260099245,0.3862736278769873
NGAS_A1_6R,CB1_CAUR_S_CF3_RI2_TI2_R12,746103,10.0,1820.5000000000002,True,11.644073734001722,0.09544322732788296
NGAS_A1_6R,CB1_CAUR_S_CF3_RI2_TI2_R12_C02,746101,0.0,1729.0,False,,
NGAS_A1_6R,CB1_CAUR_S_CF3_RI2_TI2_R12_C02,746101,1.0,1746.29,False,,
NGAS_A1_6R,CB1_CAUR_S_CF3_RI2_TI2_R12_C02,746101,2.0,1763.58,True,76.61282244801987,0.6080382733969831
NGAS_A1_6R,CB1_CAUR_S_CF3_RI2_TI2_R12_C02,746101,5.0,1815.45,True,8.751692529011052,0.06945787721437342
NGAS_A1_6R,CB1_CAUR_S_CF3_RI2_TI2_R12_C02,746101,10.0,1901.9,True,0.13650448701810092,0.0010833689445881025
NGAS_A1_6R,CB1_CAUR_S_CF3_RI2_TI2_R12_C02,746102,0.0,1729.0,True,22.45726256497437,0.17823224257916168
NGAS_A1_6R,CB1_CAUR_S_CF3_RI2_TI2_R12_C02,746102,1.0,1746.29,True,20.159106120991055,0.15999290572215122
NGAS_A1_6R,CB1_CAUR_S_CF3_RI2_TI2_R12_C02,746102,2.0,1763.58,True,17.55343242996605,0.13931295579338135
NGAS_A1_6R,CB1_CAUR_S_CF3_RI2_TI2_R12_C02,746102,5.0,1815.45,True,16.455757972958963,0.13060125375364257
NGAS_A1_6R,CB1_CAUR_S_CF3_RI2_TI2_R12_C02,746102,10.0,1901.9,True,0.09457725996617228,0.0007506131743347007
NGAS_A1_6R,CB1_CAUR_S_CF3_RI2_TI2_R12_C02,746103,0.0,1729.0,True,107.38701697200304,0.8522779124762146
NGAS_A1_6R,CB1_CAUR_S_CF3_RI2_TI2_R12_C02,746103,1.0,1746.29,True,107.38701697200304,0.8522779124762146
NGAS_A1_6R,CB1_CAUR_S_CF3_RI2_TI2_R12_C02,746103,2.0,1763.58,True,72.22698844200931,0.573230067000074
NGAS_A1_6R,CB1_CAUR_S_CF3_RI2_TI2_R12_C02,746103,5.0,1815.45,True,33.25270011799876,0.2639103183968155
NGAS_A1_6R,CB1_CAUR_S_CF3_RI2_TI2_R12_C02,746103,10.0,1901.9,True,14.405022842984181,0.11432557811892206
PHASE6H,CB1_CAUR_L_CF1_RI2_TI2_R12,746101,0.0,3453.0,False,,
PHASE6H,CB1_CAUR_L_CF1_RI2_TI2_R12,746101,1.0,3487.53,False,,
PHASE6H,CB1_CAUR_L_CF1_RI2_TI2_R12,746101,2.0,3522.06,False,,
PHASE6H,CB1_CAUR_L_CF1_RI2_TI2_R12,746101,5.0,3625.65,False,,
PHASE6H,CB1_CAUR_L_CF1_RI2_TI2_R12,746101,10.0,3798.3,True,1.075345252000261,0.003238991722892353
PHASE6H,CB1_CAUR_L_CF1_RI2_TI2_R12,746102,0.0,3453.0,False,,
PHASE6H,CB1_CAUR_L_CF1_RI2_TI2_R12,746102,1.0,3487.53,True,171.86264770300477,0.517658577418689
PHASE6H,CB1_CAUR_L_CF1_RI2_TI2_R12,746102,2.0,3522.06,True,151.27853137999773,0.4556582270481859
PHASE6H,CB1_CAUR_L_CF1_RI2_TI2_R12,746102,5.0,3625.65,True,123.83069902900024,0.3729840332198803
PHASE6H,CB1_CAUR_L_CF1_RI2_TI2_R12,746102,10.0,3798.3,True,1.217914989014389,0.0036684186416096054
PHASE6H,CB1_CAUR_L_CF1_RI2_TI2_R12,746103,0.0,3453.0,False,,
PHASE6H,CB1_CAUR_L_CF1_RI2_TI2_R12,746103,1.0,3487.53,False,,
PHASE6H,CB1_CAUR_L_CF1_RI2_TI2_R12,746103,2.0,3522.06,False,,
PHASE6H,CB1_CAUR_L_CF1_RI2_TI2_R12,746103,5.0,3625.65,True,2.187721182999667,0.006589521635541165
PHASE6H,CB1_CAUR_L_CF1_RI2_TI2_R12,746103,10.0,3798.3,True,1.5200045880046673,0.004578327072303215
PHASE6H,CB1_CAUR_L_CF1_RI2_TI2_R12_C02,746101,0.0,3710.0,False,,
PHASE6H,CB1_CAUR_L_CF1_RI2_TI2_R12_C02,746101,1.0,3747.1,False,,
PHASE6H,CB1_CAUR_L_CF1_RI2_TI2_R12_C02,746101,2.0,3784.2000000000003,False,,
PHASE6H,CB1_CAUR_L_CF1_RI2_TI2_R12_C02,746101,5.0,3895.5,True,15.337432310974691,0.04458555904353108
PHASE6H,CB1_CAUR_L_CF1_RI2_TI2_R12_C02,746101,10.0,4081.0000000000005,True,1.244386736972956,0.003617403305153942
PHASE6H,CB1_CAUR_L_CF1_RI2_TI2_R12_C02,746102,0.0,3710.0,False,,
PHASE6H,CB1_CAUR_L_CF1_RI2_TI2_R12_C02,746102,1.0,3747.1,False,,
PHASE6H,CB1_CAUR_L_CF1_RI2_TI2_R12_C02,746102,2.0,3784.2000000000003,True,137.1039157740015,0.39855789469186487
PHASE6H,CB1_CAUR_L_CF1_RI2_TI2_R12_C02,746102,5.0,3895.5,True,7.542454779002583,0.021925740636635414
PHASE6H,CB1_CAUR_L_CF1_RI2_TI2_R12_C02,746102,10.0,4081.0000000000005,True,1.4057004780042917,0.004086338598849685
PHASE6H,CB1_CAUR_L_CF1_RI2_TI2_R12_C02,746103,0.0,3710.0,True,192.77814468499855,0.5604015833866237
PHASE6H,CB1_CAUR_L_CF1_RI2_TI2_R12_C02,746103,1.0,3747.1,True,146.62860541700502,0.42624594597966575
PHASE6H,CB1_CAUR_L_CF1_RI2_TI2_R12_C02,746103,2.0,3784.2000000000003,True,31.566810915013775,0.0917639852180633
PHASE6H,CB1_CAUR_L_CF1_RI2_TI2_R12_C02,746103,5.0,3895.5,True,6.170771270990372,0.017938288578460384
PHASE6H,CB1_CAUR_L_CF1_RI2_TI2_R12_C02,746103,10.0,4081.0000000000005,True,1.1721135319967289,0.0034073067790602583
PHASE6H,CB1_CAUR_L_CF2_RI2_TI2_R12,746101,0.0,4166.0,False,,
PHASE6H,CB1_CAUR_L_CF2_RI2_TI2_R12,746101,1.0,4207.66,False,,
PHASE6H,CB1_CAUR_L_CF2_RI2_TI2_R12,746101,2.0,4249.32,False,,
PHASE6H,CB1_CAUR_L_CF2_RI2_TI2_R12,746101,5.0,4374.3,True,5.306634070992004,0.014113388486680862
PHASE6H,CB1_CAUR_L_CF2_RI2_TI2_R12,746101,10.0,4582.6,True,1.0951739139854908,0.0029126965797486456
PHASE6H,CB1_CAUR_L_CF2_RI2_TI2_R12,746102,0.0,4166.0,False,,
PHASE6H,CB1_CAUR_L_CF2_RI2_TI2_R12,746102,1.0,4207.66,True,350.3080350669916,0.931670306029233
PHASE6H,CB1_CAUR_L_CF2_RI2_TI2_R12,746102,2.0,4249.32,True,2.1485098529956304,0.005714121949456464
PHASE6H,CB1_CAUR_L_CF2_RI2_TI2_R12,746102,5.0,4374.3,True,1.7879171299864538,0.004755098749963973
PHASE6H,CB1_CAUR_L_CF2_RI2_TI2_R12,746102,10.0,4582.6,True,0.6245065259863622,0.001660921611665857
PHASE6H,CB1_CAUR_L_CF2_RI2_TI2_R12,746103,0.0,4166.0,False,,
PHASE6H,CB1_CAUR_L_CF2_RI2_TI2_R12,746103,1.0,4207.66,False,,
PHASE6H,CB1_CAUR_L_CF2_RI2_TI2_R12,746103,2.0,4249.32,False,,
PHASE6H,CB1_CAUR_L_CF2_RI2_TI2_R12,746103,5.0,4374.3,True,1.1567031450103968,0.0030763381516233958
PHASE6H,CB1_CAUR_L_CF2_RI2_TI2_R12,746103,10.0,4582.6,True,0.6201218220230658,0.001649260164954962
PHASE6H,CB1_CAUR_L_CF2_RI2_TI2_R12_C02,746101,0.0,3957.0,False,,
PHASE6H,CB1_CAUR_L_CF2_RI2_TI2_R12_C02,746101,1.0,3996.57,False,,
PHASE6H,CB1_CAUR_L_CF2_RI2_TI2_R12_C02,746101,2.0,4036.14,False,,
PHASE6H,CB1_CAUR_L_CF2_RI2_TI2_R12_C02,746101,5.0,4154.85,True,0.667441329016583,0.0017202096108674821
PHASE6H,CB1_CAUR_L_CF2_RI2_TI2_R12_C02,746101,10.0,4352.700000000001,True,0.48654398901271634,0.0012539793531255576
PHASE6H,CB1_CAUR_L_CF2_RI2_TI2_R12_C02,746102,0.0,3957.0,False,,
PHASE6H,CB1_CAUR_L_CF2_RI2_TI2_R12_C02,746102,1.0,3996.57,False,,
PHASE6H,CB1_CAUR_L_CF2_RI2_TI2_R12_C02,746102,2.0,4036.14,False,,
PHASE6H,CB1_CAUR_L_CF2_RI2_TI2_R12_C02,746102,5.0,4154.85,False,,
PHASE6H,CB1_CAUR_L_CF2_RI2_TI2_R12_C02,746102,10.0,4352.700000000001,True,0.48368430402479135,0.0012466090309917303
PHASE6H,CB1_CAUR_L_CF2_RI2_TI2_R12_C02,746103,0.0,3957.0,True,0.6646026909875218,0.0017128935334729943
PHASE6H,CB1_CAUR_L_CF2_RI2_TI2_R12_C02,746103,1.0,3996.57,True,0.6646026909875218,0.0017128935334729943
PHASE6H,CB1_CAUR_L_CF2_RI2_TI2_R12_C02,746103,2.0,4036.14,True,0.6646026909875218,0.0017128935334729943
PHASE6H,CB1_CAUR_L_CF2_RI2_TI2_R12_C02,746103,5.0,4154.85,True,0.6646026909875218,0.0017128935334729943
PHASE6H,CB1_CAUR_L_CF2_RI2_TI2_R12_C02,746103,10.0,4352.700000000001,True,0.4827227389905602,0.0012441307705942273
PHASE6H,CB1_CAUR_L_CF3_RI2_TI2_R12,746101,0.0,4145.0,False,,
PHASE6H,CB1_CAUR_L_CF3_RI2_TI2_R12,746101,1.0,4186.45,True,79.90864269397571,0.21832962484692817
PHASE6H,CB1_CAUR_L_CF3_RI2_TI2_R12,746101,2.0,4227.9,True,79.90864269397571,0.21832962484692817
PHASE6H,CB1_CAUR_L_CF3_RI2_TI2_R12,746101,5.0,4352.25,True,1.2330542999843601,0.003369000819629399
PHASE6H,CB1_CAUR_L_CF3_RI2_TI2_R12,746101,10.0,4559.5,True,0.6451658079749905,0.0017627481092212854
PHASE6H,CB1_CAUR_L_CF3_RI2_TI2_R12,746102,0.0,4145.0,False,,
PHASE6H,CB1_CAUR_L_CF3_RI2_TI2_R12,746102,1.0,4186.45,False,,
PHASE6H,CB1_CAUR_L_CF3_RI2_TI2_R12,746102,2.0,4227.9,False,,
PHASE6H,CB1_CAUR_L_CF3_RI2_TI2_R12,746102,5.0,4352.25,True,1.0074238519882783,0.0027525241857603235
PHASE6H,CB1_CAUR_L_CF3_RI2_TI2_R12,746102,10.0,4559.5,True,0.6655388769868296,0.0018184122322044524
PHASE6H,CB1_CAUR_L_CF3_RI2_TI2_R12,746103,0.0,4145.0,True,1.8797488519921899,0.0051359258251152725
PHASE6H,CB1_CAUR_L_CF3_RI2_TI2_R12,746103,1.0,4186.45,True,1.2907760119996965,0.003526710415299717
PHASE6H,CB1_CAUR_L_CF3_RI2_TI2_R12,746103,2.0,4227.9,True,1.2907760119996965,0.003526710415299717
PHASE6H,CB1_CAUR_L_CF3_RI2_TI2_R12,746103,5.0,4352.25,True,1.2907760119996965,0.003526710415299717
PHASE6H,CB1_CAUR_L_CF3_RI2_TI2_R12,746103,10.0,4559.5,True,0.5994031149893999,0.0016377134289327867
PHASE6H,CB1_CAUR_L_CF3_RI2_TI2_R12_C02,746101,0.0,3180.0,False,,
PHASE6H,CB1_CAUR_L_CF3_RI2_TI2_R12_C02,746101,1.0,3211.8,False,,
PHASE6H,CB1_CAUR_L_CF3_RI2_TI2_R12_C02,746101,2.0,3243.6,False,,
PHASE6H,CB1_CAUR_L_CF3_RI2_TI2_R12_C02,746101,5.0,3339.0,False,,
PHASE6H,CB1_CAUR_L_CF3_RI2_TI2_R12_C02,746101,10.0,3498.0000000000005,True,0.6235926339868456,0.0017418788658850437
PHASE6H,CB1_CAUR_L_CF3_RI2_TI2_R12_C02,746102,0.0,3180.0,False,,
PHASE6H,CB1_CAUR_L_CF3_RI2_TI2_R12_C02,746102,1.0,3211.8,False,,
PHASE6H,CB1_CAUR_L_CF3_RI2_TI2_R12_C02,746102,2.0,3243.6,False,,
PHASE6H,CB1_CAUR_L_CF3_RI2_TI2_R12_C02,746102,5.0,3339.0,False,,
PHASE6H,CB1_CAUR_L_CF3_RI2_TI2_R12_C02,746102,10.0,3498.0000000000005,True,0.5514202560007107,0.0015402800446947225
PHASE6H,CB1_CAUR_L_CF3_RI2_TI2_R12_C02,746103,0.0,3180.0,False,,
PHASE6H,CB1_CAUR_L_CF3_RI2_TI2_R12_C02,746103,1.0,3211.8,False,,
PHASE6H,CB1_CAUR_L_CF3_RI2_TI2_R12_C02,746103,2.0,3243.6,False,,
PHASE6H,CB1_CAUR_L_CF3_RI2_TI2_R12_C02,746103,5.0,3339.0,False,,
PHASE6H,CB1_CAUR_L_CF3_RI2_TI2_R12_C02,746103,10.0,3498.0000000000005,True,0.5493472350062802,0.001534489483257766
PHASE6H,CB1_CAUR_M_CF1_RI2_TI2_R12,746101,0.0,2743.0,False,,
PHASE6H,CB1_CAUR_M_CF1_RI2_TI2_R12,746101,1.0,2770.43,True,87.32844334800029,0.3830194883684223
PHASE6H,CB1_CAUR_M_CF1_RI2_TI2_R12,746101,2.0,2797.86,True,69.09523161797551,0.30304926148234873
PHASE6H,CB1_CAUR_M_CF1_RI2_TI2_R12,746101,5.0,2880.15,True,42.294562857976416,0.18550246867533515
PHASE6H,CB1_CAUR_M_CF1_RI2_TI2_R12,746101,10.0,3017.3,True,0.07503908398211934,0.00032911878939526025
PHASE6H,CB1_CAUR_M_CF1_RI2_TI2_R12,746102,0.0,2743.0,False,,
PHASE6H,CB1_CAUR_M_CF1_RI2_TI2_R12,746102,1.0,2770.43,False,,
PHASE6H,CB1_CAUR_M_CF1_RI2_TI2_R12,746102,2.0,2797.86,False,,
PHASE6H,CB1_CAUR_M_CF1_RI2_TI2_R12,746102,5.0,2880.15,False,,
PHASE6H,CB1_CAUR_M_CF1_RI2_TI2_R12,746102,10.0,3017.3,True,0.07463937602005899,0.00032736568429850434
PHASE6H,CB1_CAUR_M_CF1_RI2_TI2_R12,746103,0.0,2743.0,False,,
PHASE6H,CB1_CAUR_M_CF1_RI2_TI2_R12,746103,1.0,2770.43,False,,
PHASE6H,CB1_CAUR_M_CF1_RI2_TI2_R12,746103,2.0,2797.86,False,,
PHASE6H,CB1_CAUR_M_CF1_RI2_TI2_R12,746103,5.0,2880.15,True,0.25207972500356846,0.0011056128289630195
PHASE6H,CB1_CAUR_M_CF1_RI2_TI2_R12,746103,10.0,3017.3,True,0.07609777100151405,0.0003337621535154125
PHASE6H,CB1_CAUR_M_CF1_RI2_TI2_R12_C02,746101,0.0,2772.0,False,,
PHASE6H,CB1_CAUR_M_CF1_RI2_TI2_R12_C02,746101,1.0,2799.72,False,,
PHASE6H,CB1_CAUR_M_CF1_RI2_TI2_R12_C02,746101,2.0,2827.44,False,,
PHASE6H,CB1_CAUR_M_CF1_RI2_TI2_R12_C02,746101,5.0,2910.6,True,96.00036276999163,0.4102579605555198
PHASE6H,CB1_CAUR_M_CF1_RI2_TI2_R12_C02,746101,10.0,3049.2000000000003,True,1.3832570380182005,0.005911354863325643
PHASE6H,CB1_CAUR_M_CF1_RI2_TI2_R12_C02,746102,0.0,2772.0,False,,
PHASE6H,CB1_CAUR_M_CF1_RI2_TI2_R12_C02,746102,1.0,2799.72,False,,
PHASE6H,CB1_CAUR_M_CF1_RI2_TI2_R12_C02,746102,2.0,2827.44,False,,
PHASE6H,CB1_CAUR_M_CF1_RI2_TI2_R12_C02,746102,5.0,2910.6,True,75.12239790297463,0.3210358884742505
PHASE6H,CB1_CAUR_M_CF1_RI2_TI2_R12_C02,746102,10.0,3049.2000000000003,True,0.39405651099514216,0.0016840021837399239
PHASE6H,CB1_CAUR_M_CF1_RI2_TI2_R12_C02,746103,0.0,2772.0,False,,
PHASE6H,CB1_CAUR_M_CF1_RI2_TI2_R12_C02,746103,1.0,2799.72,False,,
PHASE6H,CB1_CAUR_M_CF1_RI2_TI2_R12_C02,746103,2.0,2827.44,False,,
PHASE6H,CB1_CAUR_M_CF1_RI2_TI2_R12_C02,746103,5.0,2910.6,True,44.902034466998884,0.1918890361837559
PHASE6H,CB1_CAUR_M_CF1_RI2_TI2_R12_C02,746103,10.0,3049.2000000000003,True,0.6857255600043572,0.002930451111129732
PHASE6H,CB1_CAUR_M_CF2_RI2_TI2_R12,746101,0.0,2782.0,False,,
PHASE6H,CB1_CAUR_M_CF2_RI2_TI2_R12,746101,1.0,2809.82,False,,
PHASE6H,CB1_CAUR_M_CF2_RI2_TI2_R12,746101,2.0,2837.64,False,,
PHASE6H,CB1_CAUR_M_CF2_RI2_TI2_R12,746101,5.0,2921.1,False,,
PHASE6H,CB1_CAUR_M_CF2_RI2_TI2_R12,746101,10.0,3060.2000000000003,True,0.4037874899804592,0.0016548667622149967
PHASE6H,CB1_CAUR_M_CF2_RI2_TI2_R12,746102,0.0,2782.0,False,,
PHASE6H,CB1_CAUR_M_CF2_RI2_TI2_R12,746102,1.0,2809.82,False,,
PHASE6H,CB1_CAUR_M_CF2_RI2_TI2_R12,746102,2.0,2837.64,False,,
PHASE6H,CB1_CAUR_M_CF2_RI2_TI2_R12,746102,5.0,2921.1,True,57.59460185098578,0.23604345020895812
PHASE6H,CB1_CAUR_M_CF2_RI2_TI2_R12,746102,10.0,3060.2000000000003,True,0.2259561780083459,0.00092604990987027
PHASE6H,CB1_CAUR_M_CF2_RI2_TI2_R12,746103,0.0,2782.0,False,,
PHASE6H,CB1_CAUR_M_CF2_RI2_TI2_R12,746103,1.0,2809.82,False,,
PHASE6H,CB1_CAUR_M_CF2_RI2_TI2_R12,746103,2.0,2837.64,False,,
PHASE6H,CB1_CAUR_M_CF2_RI2_TI2_R12,746103,5.0,2921.1,True,185.6253585240047,0.7607596660819864
PHASE6H,CB1_CAUR_M_CF2_RI2_TI2_R12,746103,10.0,3060.2000000000003,True,75.00735497500864,0.30740719252052723
PHASE6H,CB1_CAUR_M_CF2_RI2_TI2_R12_C02,746101,0.0,3658.0,True,205.03602297700127,0.8072284369173278
PHASE6H,CB1_CAUR_M_CF2_RI2_TI2_R12_C02,746101,1.0,3694.58,True,149.43466444397927,0.5883254505668475
PHASE6H,CB1_CAUR_M_CF2_RI2_TI2_R12_C02,746101,2.0,3731.16,True,140.49784818000626,0.5531411345669538
PHASE6H,CB1_CAUR_M_CF2_RI2_TI2_R12_C02,746101,5.0,3840.9,True,7.869881663005799,0.03098378607482598
PHASE6H,CB1_CAUR_M_CF2_RI2_TI2_R12_C02,746101,10.0,4023.8,True,0.13725313698523678,0.0005403666810442393
PHASE6H,CB1_CAUR_M_CF2_RI2_TI2_R12_C02,746102,0.0,3658.0,False,,
PHASE6H,CB1_CAUR_M_CF2_RI2_TI2_R12_C02,746102,1.0,3694.58,True,241.64105017198017,0.9513427172125204
PHASE6H,CB1_CAUR_M_CF2_RI2_TI2_R12_C02,746102,2.0,3731.16,True,178.02625106199412,0.7008907522125752
PHASE6H,CB1_CAUR_M_CF2_RI2_TI2_R12_C02,746102,5.0,3840.9,True,1.4178163209871855,0.005581954019634588
PHASE6H,CB1_CAUR_M_CF2_RI2_TI2_R12_C02,746102,10.0,4023.8,True,0.13729612398310564,0.0005405359211933293
PHASE6H,CB1_CAUR_M_CF2_RI2_TI2_R12_C02,746103,0.0,3658.0,False,,
PHASE6H,CB1_CAUR_M_CF2_RI2_TI2_R12_C02,746103,1.0,3694.58,False,,
PHASE6H,CB1_CAUR_M_CF2_RI2_TI2_R12_C02,746103,2.0,3731.16,True,70.95534869399853,0.2793517665118052
PHASE6H,CB1_CAUR_M_CF2_RI2_TI2_R12_C02,746103,5.0,3840.9,True,41.406219813012285,0.16301661343705623
PHASE6H,CB1_CAUR_M_CF2_RI2_TI2_R12_C02,746103,10.0,4023.8,True,0.1387171990063507,0.0005461307047494123
PHASE6H,CB1_CAUR_M_CF3_RI2_TI2_R12,746101,0.0,2639.0,False,,
PHASE6H,CB1_CAUR_M_CF3_RI2_TI2_R12,746101,1.0,2665.39,False,,
PHASE6H,CB1_CAUR_M_CF3_RI2_TI2_R12,746101,2.0,2691.78,False,,
PHASE6H,CB1_CAUR_M_CF3_RI2_TI2_R12,746101,5.0,2770.9500000000003,False,,
PHASE6H,CB1_CAUR_M_CF3_RI2_TI2_R12,746101,10.0,2902.9,True,0.18839220501831733,0.0007982720551623616
PHASE6H,CB1_CAUR_M_CF3_RI2_TI2_R12,746102,0.0,2639.0,False,,
PHASE6H,CB1_CAUR_M_CF3_RI2_TI2_R12,746102,1.0,2665.39,False,,
PHASE6H,CB1_CAUR_M_CF3_RI2_TI2_R12,746102,2.0,2691.78,False,,
PHASE6H,CB1_CAUR_M_CF3_RI2_TI2_R12,746102,5.0,2770.9500000000003,False,,
PHASE6H,CB1_CAUR_M_CF3_RI2_TI2_R12,746102,10.0,2902.9,True,0.18815394400735386,0.0007972624746074316
PHASE6H,CB1_CAUR_M_CF3_RI2_TI2_R12,746103,0.0,2639.0,False,,
PHASE6H,CB1_CAUR_M_CF3_RI2_TI2_R12,746103,1.0,2665.39,False,,
PHASE6H,CB1_CAUR_M_CF3_RI2_TI2_R12,746103,2.0,2691.78,False,,
PHASE6H,CB1_CAUR_M_CF3_RI2_TI2_R12,746103,5.0,2770.9500000000003,False,,
PHASE6H,CB1_CAUR_M_CF3_RI2_TI2_R12,746103,10.0,2902.9,True,0.19071415101643652,0.0008081108093916802
PHASE6H,CB1_CAUR_M_CF3_RI2_TI2_R12_C02,746101,0.0,2922.0,False,,
PHASE6H,CB1_CAUR_M_CF3_RI2_TI2_R12_C02,746101,1.0,2951.22,False,,
PHASE6H,CB1_CAUR_M_CF3_RI2_TI2_R12_C02,746101,2.0,2980.44,False,,
PHASE6H,CB1_CAUR_M_CF3_RI2_TI2_R12_C02,746101,5.0,3068.1,False,,
PHASE6H,CB1_CAUR_M_CF3_RI2_TI2_R12_C02,746101,10.0,3214.2000000000003,True,0.27223058897652663,0.0011734077111057182
PHASE6H,CB1_CAUR_M_CF3_RI2_TI2_R12_C02,746102,0.0,2922.0,False,,
PHASE6H,CB1_CAUR_M_CF3_RI2_TI2_R12_C02,746102,1.0,2951.22,False,,
PHASE6H,CB1_CAUR_M_CF3_RI2_TI2_R12_C02,746102,2.0,2980.44,False,,
PHASE6H,CB1_CAUR_M_CF3_RI2_TI2_R12_C02,746102,5.0,3068.1,False,,
PHASE6H,CB1_CAUR_M_CF3_RI2_TI2_R12_C02,746102,10.0,3214.2000000000003,False,,
PHASE6H,CB1_CAUR_M_CF3_RI2_TI2_R12_C02,746103,0.0,2922.0,False,,
PHASE6H,CB1_CAUR_M_CF3_RI2_TI2_R12_C02,746103,1.0,2951.22,False,,
PHASE6H,CB1_CAUR_M_CF3_RI2_TI2_R12_C02,746103,2.0,2980.44,False,,
PHASE6H,CB1_CAUR_M_CF3_RI2_TI2_R12_C02,746103,5.0,3068.1,False,,
PHASE6H,CB1_CAUR_M_CF3_RI2_TI2_R12_C02,746103,10.0,3214.2000000000003,True,0.2727756109961774,0.0011757569439490407
PHASE6H,CB1_CAUR_S_CF1_RI2_TI2_R12,746101,0.0,1645.0,False,,
PHASE6H,CB1_CAUR_S_CF1_RI2_TI2_R12,746101,1.0,1661.45,False,,
PHASE6H,CB1_CAUR_S_CF1_RI2_TI2_R12,746101,2.0,1677.9,False,,
PHASE6H,CB1_CAUR_S_CF1_RI2_TI2_R12,746101,5.0,1727.25,False,,
PHASE6H,CB1_CAUR_S_CF1_RI2_TI2_R12,746101,10.0,1809.5000000000002,True,0.08235773100750521,0.0006750633689139771
PHASE6H,CB1_CAUR_S_CF1_RI2_TI2_R12,746102,0.0,1645.0,False,,
PHASE6H,CB1_CAUR_S_CF1_RI2_TI2_R12,746102,1.0,1661.45,False,,
PHASE6H,CB1_CAUR_S_CF1_RI2_TI2_R12,746102,2.0,1677.9,True,34.61391488497611,0.2837206138112796
PHASE6H,CB1_CAUR_S_CF1_RI2_TI2_R12,746102,5.0,1727.25,True,32.29754175097332,0.26473394877846984
PHASE6H,CB1_CAUR_S_CF1_RI2_TI2_R12,746102,10.0,1809.5000000000002,True,0.14316236198646948,0.0011734619834956514
PHASE6H,CB1_CAUR_S_CF1_RI2_TI2_R12,746103,0.0,1645.0,False,,
PHASE6H,CB1_CAUR_S_CF1_RI2_TI2_R12,746103,1.0,1661.45,False,,
PHASE6H,CB1_CAUR_S_CF1_RI2_TI2_R12,746103,2.0,1677.9,False,,
PHASE6H,CB1_CAUR_S_CF1_RI2_TI2_R12,746103,5.0,1727.25,False,,
PHASE6H,CB1_CAUR_S_CF1_RI2_TI2_R12,746103,10.0,1809.5000000000002,True,0.0827901269949507,0.000678607598319268
PHASE6H,CB1_CAUR_S_CF1_RI2_TI2_R12_C02,746101,0.0,1783.0,False,,
PHASE6H,CB1_CAUR_S_CF1_RI2_TI2_R12_C02,746101,1.0,1800.83,False,,
PHASE6H,CB1_CAUR_S_CF1_RI2_TI2_R12_C02,746101,2.0,1818.66,False,,
PHASE6H,CB1_CAUR_S_CF1_RI2_TI2_R12_C02,746101,5.0,1872.15,True,37.551667585998075,0.33528274630355426
PHASE6H,CB1_CAUR_S_CF1_RI2_TI2_R12_C02,746101,10.0,1961.3000000000002,True,0.018594076012959704,0.00016601853582999735
PHASE6H,CB1_CAUR_S_CF1_RI2_TI2_R12_C02,746102,0.0,1783.0,False,,
PHASE6H,CB1_CAUR_S_CF1_RI2_TI2_R12_C02,746102,1.0,1800.83,False,,
PHASE6H,CB1_CAUR_S_CF1_RI2_TI2_R12_C02,746102,2.0,1818.66,False,,
PHASE6H,CB1_CAUR_S_CF1_RI2_TI2_R12_C02,746102,5.0,1872.15,False,,
PHASE6H,CB1_CAUR_S_CF1_RI2_TI2_R12_C02,746102,10.0,1961.3000000000002,True,0.018799979996401817,0.00016785696425358765
PHASE6H,CB1_CAUR_S_CF1_RI2_TI2_R12_C02,746103,0.0,1783.0,False,,
PHASE6H,CB1_CAUR_S_CF1_RI2_TI2_R12_C02,746103,1.0,1800.83,False,,
PHASE6H,CB1_CAUR_S_CF1_RI2_TI2_R12_C02,746103,2.0,1818.66,False,,
PHASE6H,CB1_CAUR_S_CF1_RI2_TI2_R12_C02,746103,5.0,1872.15,False,,
PHASE6H,CB1_CAUR_S_CF1_RI2_TI2_R12_C02,746103,10.0,1961.3000000000002,True,0.018717191996984184,0.00016711778568735878
PHASE6H,CB1_CAUR_S_CF2_RI2_TI2_R12,746101,0.0,1588.0,False,,
PHASE6H,CB1_CAUR_S_CF2_RI2_TI2_R12,746101,1.0,1603.88,False,,
PHASE6H,CB1_CAUR_S_CF2_RI2_TI2_R12,746101,2.0,1619.76,False,,
PHASE6H,CB1_CAUR_S_CF2_RI2_TI2_R12,746101,5.0,1667.4,False,,
PHASE6H,CB1_CAUR_S_CF2_RI2_TI2_R12,746101,10.0,1746.8000000000002,True,68.55365775400423,0.5712804812833686
PHASE6H,CB1_CAUR_S_CF2_RI2_TI2_R12,746102,0.0,1588.0,False,,
PHASE6H,CB1_CAUR_S_CF2_RI2_TI2_R12,746102,1.0,1603.88,False,,
PHASE6H,CB1_CAUR_S_CF2_RI2_TI2_R12,746102,2.0,1619.76,False,,
PHASE6H,CB1_CAUR_S_CF2_RI2_TI2_R12,746102,5.0,1667.4,False,,
PHASE6H,CB1_CAUR_S_CF2_RI2_TI2_R12,746102,10.0,1746.8000000000002,True,66.59690801199758,0.5549742334333132
PHASE6H,CB1_CAUR_S_CF2_RI2_TI2_R12,746103,0.0,1588.0,False,,
PHASE6H,CB1_CAUR_S_CF2_RI2_TI2_R12,746103,1.0,1603.88,False,,
PHASE6H,CB1_CAUR_S_CF2_RI2_TI2_R12,746103,2.0,1619.76,False,,
PHASE6H,CB1_CAUR_S_CF2_RI2_TI2_R12,746103,5.0,1667.4,False,,
PHASE6H,CB1_CAUR_S_CF2_RI2_TI2_R12,746103,10.0,1746.8000000000002,True,25.157052379014203,0.2096421031584517
PHASE6H,CB1_CAUR_S_CF2_RI2_TI2_R12_C02,746101,0.0,1884.0,False,,
PHASE6H,CB1_CAUR_S_CF2_RI2_TI2_R12_C02,746101,1.0,1902.84,False,,
PHASE6H,CB1_CAUR_S_CF2_RI2_TI2_R12_C02,746101,2.0,1921.68,False,,
PHASE6H,CB1_CAUR_S_CF2_RI2_TI2_R12_C02,746101,5.0,1978.2,False,,
PHASE6H,CB1_CAUR_S_CF2_RI2_TI2_R12_C02,746101,10.0,2072.4,True,1.0392462740128394,0.008247986301689202
PHASE6H,CB1_CAUR_S_CF2_RI2_TI2_R12_C02,746102,0.0,1884.0,False,,
PHASE6H,CB1_CAUR_S_CF2_RI2_TI2_R12_C02,746102,1.0,1902.84,False,,
PHASE6H,CB1_CAUR_S_CF2_RI2_TI2_R12_C02,746102,2.0,1921.68,False,,
PHASE6H,CB1_CAUR_S_CF2_RI2_TI2_R12_C02,746102,5.0,1978.2,False,,
PHASE6H,CB1_CAUR_S_CF2_RI2_TI2_R12_C02,746102,10.0,2072.4,True,52.64047212200239,0.4177815247777968
PHASE6H,CB1_CAUR_S_CF2_RI2_TI2_R12_C02,746103,0.0,1884.0,False,,
PHASE6H,CB1_CAUR_S_CF2_RI2_TI2_R12_C02,746103,1.0,1902.84,False,,
PHASE6H,CB1_CAUR_S_CF2_RI2_TI2_R12_C02,746103,2.0,1921.68,False,,
PHASE6H,CB1_CAUR_S_CF2_RI2_TI2_R12_C02,746103,5.0,1978.2,True,32.718432337016566,0.2596700979128299
PHASE6H,CB1_CAUR_S_CF2_RI2_TI2_R12_C02,746103,10.0,2072.4,True,5.941471388010541,0.04715453482548048
PHASE6H,CB1_CAUR_S_CF3_RI2_TI2_R12,746101,0.0,1655.0,False,,
PHASE6H,CB1_CAUR_S_CF3_RI2_TI2_R12,746101,1.0,1671.55,False,,
PHASE6H,CB1_CAUR_S_CF3_RI2_TI2_R12,746101,2.0,1688.1000000000001,False,,
PHASE6H,CB1_CAUR_S_CF3_RI2_TI2_R12,746101,5.0,1737.75,False,,
PHASE6H,CB1_CAUR_S_CF3_RI2_TI2_R12,746101,10.0,1820.5000000000002,False,,
PHASE6H,CB1_CAUR_S_CF3_RI2_TI2_R12,746102,0.0,1655.0,False,,
PHASE6H,CB1_CAUR_S_CF3_RI2_TI2_R12,746102,1.0,1671.55,False,,
PHASE6H,CB1_CAUR_S_CF3_RI2_TI2_R12,746102,2.0,1688.1000000000001,False,,
PHASE6H,CB1_CAUR_S_CF3_RI2_TI2_R12,746102,5.0,1737.75,False,,
PHASE6H,CB1_CAUR_S_CF3_RI2_TI2_R12,746102,10.0,1820.5000000000002,True,111.77285047399346,0.9161709055245365
PHASE6H,CB1_CAUR_S_CF3_RI2_TI2_R12,746103,0.0,1655.0,False,,
PHASE6H,CB1_CAUR_S_CF3_RI2_TI2_R12,746103,1.0,1671.55,False,,
PHASE6H,CB1_CAUR_S_CF3_RI2_TI2_R12,746103,2.0,1688.1000000000001,False,,
PHASE6H,CB1_CAUR_S_CF3_RI2_TI2_R12,746103,5.0,1737.75,False,,
PHASE6H,CB1_CAUR_S_CF3_RI2_TI2_R12,746103,10.0,1820.5000000000002,True,81.09735050000018,0.6647323811475424
PHASE6H,CB1_CAUR_S_CF3_RI2_TI2_R12_C02,746101,0.0,1729.0,False,,
PHASE6H,CB1_CAUR_S_CF3_RI2_TI2_R12_C02,746101,1.0,1746.29,False,,
PHASE6H,CB1_CAUR_S_CF3_RI2_TI2_R12_C02,746101,2.0,1763.58,False,,
PHASE6H,CB1_CAUR_S_CF3_RI2_TI2_R12_C02,746101,5.0,1815.45,False,,
PHASE6H,CB1_CAUR_S_CF3_RI2_TI2_R12_C02,746101,10.0,1901.9,True,37.29056605999358,0.29595687349201255
PHASE6H,CB1_CAUR_S_CF3_RI2_TI2_R12_C02,746102,0.0,1729.0,False,,
PHASE6H,CB1_CAUR_S_CF3_RI2_TI2_R12_C02,746102,1.0,1746.29,False,,
PHASE6H,CB1_CAUR_S_CF3_RI2_TI2_R12_C02,746102,2.0,1763.58,False,,
PHASE6H,CB1_CAUR_S_CF3_RI2_TI2_R12_C02,746102,5.0,1815.45,False,,
PHASE6H,CB1_CAUR_S_CF3_RI2_TI2_R12_C02,746102,10.0,1901.9,True,116.05919475399423,0.9211047202697955
PHASE6H,CB1_CAUR_S_CF3_RI2_TI2_R12_C02,746103,0.0,1729.0,False,,
PHASE6H,CB1_CAUR_S_CF3_RI2_TI2_R12_C02,746103,1.0,1746.29,False,,
PHASE6H,CB1_CAUR_S_CF3_RI2_TI2_R12_C02,746103,2.0,1763.58,False,,
PHASE6H,CB1_CAUR_S_CF3_RI2_TI2_R12_C02,746103,5.0,1815.45,True,57.945441087009385,0.45988445307150305
PHASE6H,CB1_CAUR_S_CF3_RI2_TI2_R12_C02,746103,10.0,1901.9,True,56.05778762800037,0.4449030764127013
PHASE6N_TOP1,CB1_CAUR_L_CF1_RI2_TI2_R12,746101,0.0,3453.0,False,,
PHASE6N_TOP1,CB1_CAUR_L_CF1_RI2_TI2_R12,746101,1.0,3487.53,False,,
PHASE6N_TOP1,CB1_CAUR_L_CF1_RI2_TI2_R12,746101,2.0,3522.06,False,,
PHASE6N_TOP1,CB1_CAUR_L_CF1_RI2_TI2_R12,746101,5.0,3625.65,True,86.03826748699066,0.25915140809334536
PHASE6N_TOP1,CB1_CAUR_L_CF1_RI2_TI2_R12,746101,10.0,3798.3,True,19.68010394499288,0.05927742152106289
PHASE6N_TOP1,CB1_CAUR_L_CF1_RI2_TI2_R12,746102,0.0,3453.0,False,,
PHASE6N_TOP1,CB1_CAUR_L_CF1_RI2_TI2_R12,746102,1.0,3487.53,False,,
PHASE6N_TOP1,CB1_CAUR_L_CF1_RI2_TI2_R12,746102,2.0,3522.06,False,,
PHASE6N_TOP1,CB1_CAUR_L_CF1_RI2_TI2_R12,746102,5.0,3625.65,True,156.95217062201118,0.47274750187352765
PHASE6N_TOP1,CB1_CAUR_L_CF1_RI2_TI2_R12,746102,10.0,3798.3,True,3.3979914569936227,0.010234914027089224
PHASE6N_TOP1,CB1_CAUR_L_CF1_RI2_TI2_R12,746103,0.0,3453.0,False,,
PHASE6N_TOP1,CB1_CAUR_L_CF1_RI2_TI2_R12,746103,1.0,3487.53,False,,
PHASE6N_TOP1,CB1_CAUR_L_CF1_RI2_TI2_R12,746103,2.0,3522.06,False,,
PHASE6N_TOP1,CB1_CAUR_L_CF1_RI2_TI2_R12,746103,5.0,3625.65,True,58.02413781100768,0.17477149943074602
PHASE6N_TOP1,CB1_CAUR_L_CF1_RI2_TI2_R12,746103,10.0,3798.3,True,33.62303274200531,0.10127419500604008
PHASE6N_TOP1,CB1_CAUR_L_CF1_RI2_TI2_R12_C02,746101,0.0,3710.0,False,,
PHASE6N_TOP1,CB1_CAUR_L_CF1_RI2_TI2_R12_C02,746101,1.0,3747.1,True,62.53043369302759,0.1817745165494988
PHASE6N_TOP1,CB1_CAUR_L_CF1_RI2_TI2_R12_C02,746101,2.0,3784.2000000000003,True,62.53043369302759,0.1817745165494988
PHASE6N_TOP1,CB1_CAUR_L_CF1_RI2_TI2_R12_C02,746101,5.0,3895.5,True,44.34711792302551,0.12891604047391136
PHASE6N_TOP1,CB1_CAUR_L_CF1_RI2_TI2_R12_C02,746101,10.0,4081.0000000000005,True,21.517642767023062,0.06255128711343913
PHASE6N_TOP1,CB1_CAUR_L_CF1_RI2_TI2_R12_C02,746102,0.0,3710.0,False,,
PHASE6N_TOP1,CB1_CAUR_L_CF1_RI2_TI2_R12_C02,746102,1.0,3747.1,False,,
PHASE6N_TOP1,CB1_CAUR_L_CF1_RI2_TI2_R12_C02,746102,2.0,3784.2000000000003,True,223.3436091140029,0.6492546776569852
PHASE6N_TOP1,CB1_CAUR_L_CF1_RI2_TI2_R12_C02,746102,5.0,3895.5,True,48.351607427001,0.14055699833430524
PHASE6N_TOP1,CB1_CAUR_L_CF1_RI2_TI2_R12_C02,746102,10.0,4081.0000000000005,True,3.2725721310125664,0.009513291078524902
PHASE6N_TOP1,CB1_CAUR_L_CF1_RI2_TI2_R12_C02,746103,0.0,3710.0,False,,
PHASE6N_TOP1,CB1_CAUR_L_CF1_RI2_TI2_R12_C02,746103,1.0,3747.1,False,,
PHASE6N_TOP1,CB1_CAUR_L_CF1_RI2_TI2_R12_C02,746103,2.0,3784.2000000000003,True,52.24610530101927,0.15187821308435834
PHASE6N_TOP1,CB1_CAUR_L_CF1_RI2_TI2_R12_C02,746103,5.0,3895.5,True,44.876755723991664,0.13045568524416182
PHASE6N_TOP1,CB1_CAUR_L_CF1_RI2_TI2_R12_C02,746103,10.0,4081.0000000000005,True,28.932140023011016,0.08410505820642737
PHASE6N_TOP1,CB1_CAUR_L_CF2_RI2_TI2_R12,746101,0.0,4166.0,False,,
PHASE6N_TOP1,CB1_CAUR_L_CF2_RI2_TI2_R12,746101,1.0,4207.66,False,,
PHASE6N_TOP1,CB1_CAUR_L_CF2_RI2_TI2_R12,746101,2.0,4249.32,True,150.8894421889854,0.40130170794942926
PHASE6N_TOP1,CB1_CAUR_L_CF2_RI2_TI2_R12,746101,5.0,4374.3,True,147.83540643798187,0.39317927244144113
PHASE6N_TOP1,CB1_CAUR_L_CF2_RI2_TI2_R12,746101,10.0,4582.6,True,2.2399301859841216,0.0059572611329364936
PHASE6N_TOP1,CB1_CAUR_L_CF2_RI2_TI2_R12,746102,0.0,4166.0,False,,
PHASE6N_TOP1,CB1_CAUR_L_CF2_RI2_TI2_R12,746102,1.0,4207.66,False,,
PHASE6N_TOP1,CB1_CAUR_L_CF2_RI2_TI2_R12,746102,2.0,4249.32,False,,
PHASE6N_TOP1,CB1_CAUR_L_CF2_RI2_TI2_R12,746102,5.0,4374.3,False,,
PHASE6N_TOP1,CB1_CAUR_L_CF2_RI2_TI2_R12,746102,10.0,4582.6,True,286.96748532299534,0.7632113971356259
PHASE6N_TOP1,CB1_CAUR_L_CF2_RI2_TI2_R12,746103,0.0,4166.0,False,,
PHASE6N_TOP1,CB1_CAUR_L_CF2_RI2_TI2_R12,746103,1.0,4207.66,False,,
PHASE6N_TOP1,CB1_CAUR_L_CF2_RI2_TI2_R12,746103,2.0,4249.32,False,,
PHASE6N_TOP1,CB1_CAUR_L_CF2_RI2_TI2_R12,746103,5.0,4374.3,False,,
PHASE6N_TOP1,CB1_CAUR_L_CF2_RI2_TI2_R12,746103,10.0,4582.6,True,36.46445856598439,0.09697994299463933
PHASE6N_TOP1,CB1_CAUR_L_CF2_RI2_TI2_R12_C02,746101,0.0,3957.0,False,,
PHASE6N_TOP1,CB1_CAUR_L_CF2_RI2_TI2_R12_C02,746101,1.0,3996.57,False,,
PHASE6N_TOP1,CB1_CAUR_L_CF2_RI2_TI2_R12_C02,746101,2.0,4036.14,False,,
PHASE6N_TOP1,CB1_CAUR_L_CF2_RI2_TI2_R12_C02,746101,5.0,4154.85,True,1.1326878480031155,0.0029192985773276174
PHASE6N_TOP1,CB1_CAUR_L_CF2_RI2_TI2_R12_C02,746101,10.0,4352.700000000001,True,0.48214722401462495,0.0012426474845737756
PHASE6N_TOP1,CB1_CAUR_L_CF2_RI2_TI2_R12_C02,746102,0.0,3957.0,False,,
PHASE6N_TOP1,CB1_CAUR_L_CF2_RI2_TI2_R12_C02,746102,1.0,3996.57,False,,
PHASE6N_TOP1,CB1_CAUR_L_CF2_RI2_TI2_R12_C02,746102,2.0,4036.14,False,,
PHASE6N_TOP1,CB1_CAUR_L_CF2_RI2_TI2_R12_C02,746102,5.0,4154.85,False,,
PHASE6N_TOP1,CB1_CAUR_L_CF2_RI2_TI2_R12_C02,746102,10.0,4352.700000000001,True,0.5233664230036084,0.0013488825335144544
PHASE6N_TOP1,CB1_CAUR_L_CF2_RI2_TI2_R12_C02,746103,0.0,3957.0,False,,
PHASE6N_TOP1,CB1_CAUR_L_CF2_RI2_TI2_R12_C02,746103,1.0,3996.57,False,,
PHASE6N_TOP1,CB1_CAUR_L_CF2_RI2_TI2_R12_C02,746103,2.0,4036.14,False,,
PHASE6N_TOP1,CB1_CAUR_L_CF2_RI2_TI2_R12_C02,746103,5.0,4154.85,True,3.300365775008686,0.008506097358269809
PHASE6N_TOP1,CB1_CAUR_L_CF2_RI2_TI2_R12_C02,746103,10.0,4352.700000000001,True,0.48469467798713595,0.0012492130875957112
PHASE6N_TOP1,CB1_CAUR_L_CF3_RI2_TI2_R12,746101,0.0,4145.0,False,,
PHASE6N_TOP1,CB1_CAUR_L_CF3_RI2_TI2_R12,746101,1.0,4186.45,False,,
PHASE6N_TOP1,CB1_CAUR_L_CF3_RI2_TI2_R12,746101,2.0,4227.9,False,,
PHASE6N_TOP1,CB1_CAUR_L_CF3_RI2_TI2_R12,746101,5.0,4352.25,False,,
PHASE6N_TOP1,CB1_CAUR_L_CF3_RI2_TI2_R12,746101,10.0,4559.5,True,0.6358099959907122,0.0017371857813953885
PHASE6N_TOP1,CB1_CAUR_L_CF3_RI2_TI2_R12,746102,0.0,4145.0,False,,
PHASE6N_TOP1,CB1_CAUR_L_CF3_RI2_TI2_R12,746102,1.0,4186.45,False,,
PHASE6N_TOP1,CB1_CAUR_L_CF3_RI2_TI2_R12,746102,2.0,4227.9,False,,
PHASE6N_TOP1,CB1_CAUR_L_CF3_RI2_TI2_R12,746102,5.0,4352.25,True,178.88116473602713,0.48874635173777903
PHASE6N_TOP1,CB1_CAUR_L_CF3_RI2_TI2_R12,746102,10.0,4559.5,True,0.6510870860074647,0.0017789264645012696
PHASE6N_TOP1,CB1_CAUR_L_CF3_RI2_TI2_R12,746103,0.0,4145.0,False,,
PHASE6N_TOP1,CB1_CAUR_L_CF3_RI2_TI2_R12,746103,1.0,4186.45,False,,
PHASE6N_TOP1,CB1_CAUR_L_CF3_RI2_TI2_R12,746103,2.0,4227.9,True,313.8113534049771,0.8574080694125058
PHASE6N_TOP1,CB1_CAUR_L_CF3_RI2_TI2_R12,746103,5.0,4352.25,True,103.49215068700141,0.282765439035523
PHASE6N_TOP1,CB1_CAUR_L_CF3_RI2_TI2_R12,746103,10.0,4559.5,True,0.6368529939791188,0.001740035502675188
PHASE6N_TOP1,CB1_CAUR_L_CF3_RI2_TI2_R12_C02,746101,0.0,3180.0,False,,
PHASE6N_TOP1,CB1_CAUR_L_CF3_RI2_TI2_R12_C02,746101,1.0,3211.8,False,,
PHASE6N_TOP1,CB1_CAUR_L_CF3_RI2_TI2_R12_C02,746101,2.0,3243.6,False,,
PHASE6N_TOP1,CB1_CAUR_L_CF3_RI2_TI2_R12_C02,746101,5.0,3339.0,False,,
PHASE6N_TOP1,CB1_CAUR_L_CF3_RI2_TI2_R12_C02,746101,10.0,3498.0000000000005,True,0.6258057399827521,0.0017480607262088047
PHASE6N_TOP1,CB1_CAUR_L_CF3_RI2_TI2_R12_C02,746102,0.0,3180.0,False,,
PHASE6N_TOP1,CB1_CAUR_L_CF3_RI2_TI2_R12_C02,746102,1.0,3211.8,False,,
PHASE6N_TOP1,CB1_CAUR_L_CF3_RI2_TI2_R12_C02,746102,2.0,3243.6,False,,
PHASE6N_TOP1,CB1_CAUR_L_CF3_RI2_TI2_R12_C02,746102,5.0,3339.0,False,,
PHASE6N_TOP1,CB1_CAUR_L_CF3_RI2_TI2_R12_C02,746102,10.0,3498.0000000000005,True,0.554575133981416,0.0015490925530207151
PHASE6N_TOP1,CB1_CAUR_L_CF3_RI2_TI2_R12_C02,746103,0.0,3180.0,False,,
PHASE6N_TOP1,CB1_CAUR_L_CF3_RI2_TI2_R12_C02,746103,1.0,3211.8,False,,
PHASE6N_TOP1,CB1_CAUR_L_CF3_RI2_TI2_R12_C02,746103,2.0,3243.6,False,,
PHASE6N_TOP1,CB1_CAUR_L_CF3_RI2_TI2_R12_C02,746103,5.0,3339.0,False,,
PHASE6N_TOP1,CB1_CAUR_L_CF3_RI2_TI2_R12_C02,746103,10.0,3498.0000000000005,True,0.5522429390111938,0.0015425780419307089
PHASE6N_TOP1,CB1_CAUR_M_CF1_RI2_TI2_R12,746101,0.0,2743.0,False,,
PHASE6N_TOP1,CB1_CAUR_M_CF1_RI2_TI2_R12,746101,1.0,2770.43,False,,
PHASE6N_TOP1,CB1_CAUR_M_CF1_RI2_TI2_R12,746101,2.0,2797.86,False,,
PHASE6N_TOP1,CB1_CAUR_M_CF1_RI2_TI2_R12,746101,5.0,2880.15,True,25.96452767800656,0.1138795073596779
PHASE6N_TOP1,CB1_CAUR_M_CF1_RI2_TI2_R12,746101,10.0,3017.3,True,0.08152710602735169,0.00035757502643575306
PHASE6N_TOP1,CB1_CAUR_M_CF1_RI2_TI2_R12,746102,0.0,2743.0,True,154.87681678700028,0.67928428415351
PHASE6N_TOP1,CB1_CAUR_M_CF1_RI2_TI2_R12,746102,1.0,2770.43,True,154.87681678700028,0.67928428415351
PHASE6N_TOP1,CB1_CAUR_M_CF1_RI2_TI2_R12,746102,2.0,2797.86,True,154.87681678700028,0.67928428415351
PHASE6N_TOP1,CB1_CAUR_M_CF1_RI2_TI2_R12,746102,5.0,2880.15,True,123.19779516899143,0.5403412068815414
PHASE6N_TOP1,CB1_CAUR_M_CF1_RI2_TI2_R12,746102,10.0,3017.3,True,0.0758247250050772,0.00033256458335560176
PHASE6N_TOP1,CB1_CAUR_M_CF1_RI2_TI2_R12,746103,0.0,2743.0,False,,
PHASE6N_TOP1,CB1_CAUR_M_CF1_RI2_TI2_R12,746103,1.0,2770.43,False,,
PHASE6N_TOP1,CB1_CAUR_M_CF1_RI2_TI2_R12,746103,2.0,2797.86,False,,
PHASE6N_TOP1,CB1_CAUR_M_CF1_RI2_TI2_R12,746103,5.0,2880.15,False,,
PHASE6N_TOP1,CB1_CAUR_M_CF1_RI2_TI2_R12,746103,10.0,3017.3,True,0.07643168000504375,0.00033522666668878837
PHASE6N_TOP1,CB1_CAUR_M_CF1_RI2_TI2_R12_C02,746101,0.0,2772.0,False,,
PHASE6N_TOP1,CB1_CAUR_M_CF1_RI2_TI2_R12_C02,746101,1.0,2799.72,False,,
PHASE6N_TOP1,CB1_CAUR_M_CF1_RI2_TI2_R12_C02,746101,2.0,2827.44,False,,
PHASE6N_TOP1,CB1_CAUR_M_CF1_RI2_TI2_R12_C02,746101,5.0,2910.6,True,40.438960849976866,0.17281607200844815
PHASE6N_TOP1,CB1_CAUR_M_CF1_RI2_TI2_R12_C02,746101,10.0,3049.2000000000003,True,34.76146701199468,0.1485532778290371
PHASE6N_TOP1,CB1_CAUR_M_CF1_RI2_TI2_R12_C02,746102,0.0,2772.0,False,,
PHASE6N_TOP1,CB1_CAUR_M_CF1_RI2_TI2_R12_C02,746102,1.0,2799.72,False,,
PHASE6N_TOP1,CB1_CAUR_M_CF1_RI2_TI2_R12_C02,746102,2.0,2827.44,False,,
PHASE6N_TOP1,CB1_CAUR_M_CF1_RI2_TI2_R12_C02,746102,5.0,2910.6,True,36.914045056997566,0.1577523293034084
PHASE6N_TOP1,CB1_CAUR_M_CF1_RI2_TI2_R12_C02,746102,10.0,3049.2000000000003,True,32.16503796100733,0.137457427183792
PHASE6N_TOP1,CB1_CAUR_M_CF1_RI2_TI2_R12_C02,746103,0.0,2772.0,False,,
PHASE6N_TOP1,CB1_CAUR_M_CF1_RI2_TI2_R12_C02,746103,1.0,2799.72,True,181.84476680698572,0.7771143880640415
PHASE6N_TOP1,CB1_CAUR_M_CF1_RI2_TI2_R12_C02,746103,2.0,2827.44,True,136.6817247159779,0.5841099346836662
PHASE6N_TOP1,CB1_CAUR_M_CF1_RI2_TI2_R12_C02,746103,5.0,2910.6,True,34.02767297698301,0.1454174058845428
PHASE6N_TOP1,CB1_CAUR_M_CF1_RI2_TI2_R12_C02,746103,10.0,3049.2000000000003,True,25.834354221995454,0.11040322317092074
PHASE6N_TOP1,CB1_CAUR_M_CF2_RI2_TI2_R12,746101,0.0,2782.0,False,,
PHASE6N_TOP1,CB1_CAUR_M_CF2_RI2_TI2_R12,746101,1.0,2809.82,False,,
PHASE6N_TOP1,CB1_CAUR_M_CF2_RI2_TI2_R12,746101,2.0,2837.64,False,,
PHASE6N_TOP1,CB1_CAUR_M_CF2_RI2_TI2_R12,746101,5.0,2921.1,True,133.96391627698904,0.5490324437581517
PHASE6N_TOP1,CB1_CAUR_M_CF2_RI2_TI2_R12,746101,10.0,3060.2000000000003,True,87.13614594997489,0.35711535225399543
PHASE6N_TOP1,CB1_CAUR_M_CF2_RI2_TI2_R12,746102,0.0,2782.0,False,,
PHASE6N_TOP1,CB1_CAUR_M_CF2_RI2_TI2_R12,746102,1.0,2809.82,False,,
PHASE6N_TOP1,CB1_CAUR_M_CF2_RI2_TI2_R12,746102,2.0,2837.64,False,,
PHASE6N_TOP1,CB1_CAUR_M_CF2_RI2_TI2_R12,746102,5.0,2921.1,False,,
PHASE6N_TOP1,CB1_CAUR_M_CF2_RI2_TI2_R12,746102,10.0,3060.2000000000003,True,97.82052128500072,0.4009037757581997
PHASE6N_TOP1,CB1_CAUR_M_CF2_RI2_TI2_R12,746103,0.0,2782.0,False,,
PHASE6N_TOP1,CB1_CAUR_M_CF2_RI2_TI2_R12,746103,1.0,2809.82,False,,
PHASE6N_TOP1,CB1_CAUR_M_CF2_RI2_TI2_R12,746103,2.0,2837.64,False,,
PHASE6N_TOP1,CB1_CAUR_M_CF2_RI2_TI2_R12,746103,5.0,2921.1,True,91.6084270279971,0.3754443730655619
PHASE6N_TOP1,CB1_CAUR_M_CF2_RI2_TI2_R12,746103,10.0,3060.2000000000003,True,48.6821872429864,0.19951716083191148
PHASE6N_TOP1,CB1_CAUR_M_CF2_RI2_TI2_R12_C02,746101,0.0,3658.0,False,,
PHASE6N_TOP1,CB1_CAUR_M_CF2_RI2_TI2_R12_C02,746101,1.0,3694.58,False,,
PHASE6N_TOP1,CB1_CAUR_M_CF2_RI2_TI2_R12_C02,746101,2.0,3731.16,False,,
PHASE6N_TOP1,CB1_CAUR_M_CF2_RI2_TI2_R12_C02,746101,5.0,3840.9,True,77.703075575002,0.30591762037402365
PHASE6N_TOP1,CB1_CAUR_M_CF2_RI2_TI2_R12_C02,746101,10.0,4023.8,True,0.13762566802324727,0.0005418333386742019
PHASE6N_TOP1,CB1_CAUR_M_CF2_RI2_TI2_R12_C02,746102,0.0,3658.0,False,,
PHASE6N_TOP1,CB1_CAUR_M_CF2_RI2_TI2_R12_C02,746102,1.0,3694.58,False,,
PHASE6N_TOP1,CB1_CAUR_M_CF2_RI2_TI2_R12_C02,746102,2.0,3731.16,True,120.47521552900434,0.47431187216143444
PHASE6N_TOP1,CB1_CAUR_M_CF2_RI2_TI2_R12_C02,746102,5.0,3840.9,True,37.70814587199129,0.14845726721256414
PHASE6N_TOP1,CB1_CAUR_M_CF2_RI2_TI2_R12_C02,746102,10.0,4023.8,True,0.14422139100497589,0.000567800751988094
PHASE6N_TOP1,CB1_CAUR_M_CF2_RI2_TI2_R12_C02,746103,0.0,3658.0,False,,
PHASE6N_TOP1,CB1_CAUR_M_CF2_RI2_TI2_R12_C02,746103,1.0,3694.58,False,,
PHASE6N_TOP1,CB1_CAUR_M_CF2_RI2_TI2_R12_C02,746103,2.0,3731.16,False,,
PHASE6N_TOP1,CB1_CAUR_M_CF2_RI2_TI2_R12_C02,746103,5.0,3840.9,False,,
PHASE6N_TOP1,CB1_CAUR_M_CF2_RI2_TI2_R12_C02,746103,10.0,4023.8,True,0.1370155659969896,0.0005394313621928724
PHASE6N_TOP1,CB1_CAUR_M_CF3_RI2_TI2_R12,746101,0.0,2639.0,False,,
PHASE6N_TOP1,CB1_CAUR_M_CF3_RI2_TI2_R12,746101,1.0,2665.39,False,,
PHASE6N_TOP1,CB1_CAUR_M_CF3_RI2_TI2_R12,746101,2.0,2691.78,False,,
PHASE6N_TOP1,CB1_CAUR_M_CF3_RI2_TI2_R12,746101,5.0,2770.9500000000003,False,,
PHASE6N_TOP1,CB1_CAUR_M_CF3_RI2_TI2_R12,746101,10.0,2902.9,True,0.19078374598757364,0.0008084057033371765
PHASE6N_TOP1,CB1_CAUR_M_CF3_RI2_TI2_R12,746102,0.0,2639.0,False,,
PHASE6N_TOP1,CB1_CAUR_M_CF3_RI2_TI2_R12,746102,1.0,2665.39,False,,
PHASE6N_TOP1,CB1_CAUR_M_CF3_RI2_TI2_R12,746102,2.0,2691.78,False,,
PHASE6N_TOP1,CB1_CAUR_M_CF3_RI2_TI2_R12,746102,5.0,2770.9500000000003,False,,
PHASE6N_TOP1,CB1_CAUR_M_CF3_RI2_TI2_R12,746102,10.0,2902.9,True,0.18796244999975897,0.0007964510593210126
PHASE6N_TOP1,CB1_CAUR_M_CF3_RI2_TI2_R12,746103,0.0,2639.0,False,,
PHASE6N_TOP1,CB1_CAUR_M_CF3_RI2_TI2_R12,746103,1.0,2665.39,False,,
PHASE6N_TOP1,CB1_CAUR_M_CF3_RI2_TI2_R12,746103,2.0,2691.78,False,,
PHASE6N_TOP1,CB1_CAUR_M_CF3_RI2_TI2_R12,746103,5.0,2770.9500000000003,False,,
PHASE6N_TOP1,CB1_CAUR_M_CF3_RI2_TI2_R12,746103,10.0,2902.9,True,0.18866124798660167,0.0007994120677398376
PHASE6N_TOP1,CB1_CAUR_M_CF3_RI2_TI2_R12_C02,746101,0.0,2922.0,False,,
PHASE6N_TOP1,CB1_CAUR_M_CF3_RI2_TI2_R12_C02,746101,1.0,2951.22,False,,
PHASE6N_TOP1,CB1_CAUR_M_CF3_RI2_TI2_R12_C02,746101,2.0,2980.44,False,,
PHASE6N_TOP1,CB1_CAUR_M_CF3_RI2_TI2_R12_C02,746101,5.0,3068.1,False,,
PHASE6N_TOP1,CB1_CAUR_M_CF3_RI2_TI2_R12_C02,746101,10.0,3214.2000000000003,True,58.447515087987995,0.25192894434477586
PHASE6N_TOP1,CB1_CAUR_M_CF3_RI2_TI2_R12_C02,746102,0.0,2922.0,False,,
PHASE6N_TOP1,CB1_CAUR_M_CF3_RI2_TI2_R12_C02,746102,1.0,2951.22,False,,
PHASE6N_TOP1,CB1_CAUR_M_CF3_RI2_TI2_R12_C02,746102,2.0,2980.44,False,,
PHASE6N_TOP1,CB1_CAUR_M_CF3_RI2_TI2_R12_C02,746102,5.0,3068.1,False,,
PHASE6N_TOP1,CB1_CAUR_M_CF3_RI2_TI2_R12_C02,746102,10.0,3214.2000000000003,True,190.07697320799343,0.8192972983103165
PHASE6N_TOP1,CB1_CAUR_M_CF3_RI2_TI2_R12_C02,746103,0.0,2922.0,False,,
PHASE6N_TOP1,CB1_CAUR_M_CF3_RI2_TI2_R12_C02,746103,1.0,2951.22,False,,
PHASE6N_TOP1,CB1_CAUR_M_CF3_RI2_TI2_R12_C02,746103,2.0,2980.44,False,,
PHASE6N_TOP1,CB1_CAUR_M_CF3_RI2_TI2_R12_C02,746103,5.0,3068.1,False,,
PHASE6N_TOP1,CB1_CAUR_M_CF3_RI2_TI2_R12_C02,746103,10.0,3214.2000000000003,True,126.04873661897727,0.5433135199093848
PHASE6N_TOP1,CB1_CAUR_S_CF1_RI2_TI2_R12,746101,0.0,1645.0,False,,
PHASE6N_TOP1,CB1_CAUR_S_CF1_RI2_TI2_R12,746101,1.0,1661.45,False,,
PHASE6N_TOP1,CB1_CAUR_S_CF1_RI2_TI2_R12,746101,2.0,1677.9,False,,
PHASE6N_TOP1,CB1_CAUR_S_CF1_RI2_TI2_R12,746101,5.0,1727.25,True,46.654370520001976,0.3824128731147703
PHASE6N_TOP1,CB1_CAUR_S_CF1_RI2_TI2_R12,746101,10.0,1809.5000000000002,True,0.46714099298696965,0.003829024532680079
PHASE6N_TOP1,CB1_CAUR_S_CF1_RI2_TI2_R12,746102,0.0,1645.0,False,,
PHASE6N_TOP1,CB1_CAUR_S_CF1_RI2_TI2_R12,746102,1.0,1661.45,False,,
PHASE6N_TOP1,CB1_CAUR_S_CF1_RI2_TI2_R12,746102,2.0,1677.9,False,,
PHASE6N_TOP1,CB1_CAUR_S_CF1_RI2_TI2_R12,746102,5.0,1727.25,True,18.971401985996636,0.15550329496718554
PHASE6N_TOP1,CB1_CAUR_S_CF1_RI2_TI2_R12,746102,10.0,1809.5000000000002,True,0.9774215760116931,0.008011652262390928
PHASE6N_TOP1,CB1_CAUR_S_CF1_RI2_TI2_R12,746103,0.0,1645.0,False,,
PHASE6N_TOP1,CB1_CAUR_S_CF1_RI2_TI2_R12,746103,1.0,1661.45,False,,
PHASE6N_TOP1,CB1_CAUR_S_CF1_RI2_TI2_R12,746103,2.0,1677.9,False,,
PHASE6N_TOP1,CB1_CAUR_S_CF1_RI2_TI2_R12,746103,5.0,1727.25,True,25.574866027018288,0.20963004940178925
PHASE6N_TOP1,CB1_CAUR_S_CF1_RI2_TI2_R12,746103,10.0,1809.5000000000002,True,15.563148114015348,0.12756678781979794
PHASE6N_TOP1,CB1_CAUR_S_CF1_RI2_TI2_R12_C02,746101,0.0,1783.0,False,,
PHASE6N_TOP1,CB1_CAUR_S_CF1_RI2_TI2_R12_C02,746101,1.0,1800.83,False,,
PHASE6N_TOP1,CB1_CAUR_S_CF1_RI2_TI2_R12_C02,746101,2.0,1818.66,False,,
PHASE6N_TOP1,CB1_CAUR_S_CF1_RI2_TI2_R12_C02,746101,5.0,1872.15,False,,
PHASE6N_TOP1,CB1_CAUR_S_CF1_RI2_TI2_R12_C02,746101,10.0,1961.3000000000002,True,0.0185025249957107,0.00016520111603313126
PHASE6N_TOP1,CB1_CAUR_S_CF1_RI2_TI2_R12_C02,746102,0.0,1783.0,False,,
PHASE6N_TOP1,CB1_CAUR_S_CF1_RI2_TI2_R12_C02,746102,1.0,1800.83,False,,
PHASE6N_TOP1,CB1_CAUR_S_CF1_RI2_TI2_R12_C02,746102,2.0,1818.66,False,,
PHASE6N_TOP1,CB1_CAUR_S_CF1_RI2_TI2_R12_C02,746102,5.0,1872.15,True,19.103350375022274,0.17056562834841316
PHASE6N_TOP1,CB1_CAUR_S_CF1_RI2_TI2_R12_C02,746102,10.0,1961.3000000000002,True,0.01824905100511387,0.0001629379554028024
PHASE6N_TOP1,CB1_CAUR_S_CF1_RI2_TI2_R12_C02,746103,0.0,1783.0,False,,
PHASE6N_TOP1,CB1_CAUR_S_CF1_RI2_TI2_R12_C02,746103,1.0,1800.83,False,,
PHASE6N_TOP1,CB1_CAUR_S_CF1_RI2_TI2_R12_C02,746103,2.0,1818.66,False,,
PHASE6N_TOP1,CB1_CAUR_S_CF1_RI2_TI2_R12_C02,746103,5.0,1872.15,False,,
PHASE6N_TOP1,CB1_CAUR_S_CF1_RI2_TI2_R12_C02,746103,10.0,1961.3000000000002,True,0.018533018010202795,0.00016547337509109639
PHASE6N_TOP1,CB1_CAUR_S_CF2_RI2_TI2_R12,746101,0.0,1588.0,False,,
PHASE6N_TOP1,CB1_CAUR_S_CF2_RI2_TI2_R12,746101,1.0,1603.88,False,,
PHASE6N_TOP1,CB1_CAUR_S_CF2_RI2_TI2_R12,746101,2.0,1619.76,False,,
PHASE6N_TOP1,CB1_CAUR_S_CF2_RI2_TI2_R12,746101,5.0,1667.4,True,51.259404846001416,0.42716170705001183
PHASE6N_TOP1,CB1_CAUR_S_CF2_RI2_TI2_R12,746101,10.0,1746.8000000000002,True,20.946977240004344,0.17455814366670286
PHASE6N_TOP1,CB1_CAUR_S_CF2_RI2_TI2_R12,746102,0.0,1588.0,False,,
PHASE6N_TOP1,CB1_CAUR_S_CF2_RI2_TI2_R12,746102,1.0,1603.88,False,,
PHASE6N_TOP1,CB1_CAUR_S_CF2_RI2_TI2_R12,746102,2.0,1619.76,False,,
PHASE6N_TOP1,CB1_CAUR_S_CF2_RI2_TI2_R12,746102,5.0,1667.4,False,,
PHASE6N_TOP1,CB1_CAUR_S_CF2_RI2_TI2_R12,746102,10.0,1746.8000000000002,True,94.58135062700603,0.788177921891717
PHASE6N_TOP1,CB1_CAUR_S_CF2_RI2_TI2_R12,746103,0.0,1588.0,False,,
PHASE6N_TOP1,CB1_CAUR_S_CF2_RI2_TI2_R12,746103,1.0,1603.88,False,,
PHASE6N_TOP1,CB1_CAUR_S_CF2_RI2_TI2_R12,746103,2.0,1619.76,False,,
PHASE6N_TOP1,CB1_CAUR_S_CF2_RI2_TI2_R12,746103,5.0,1667.4,True,37.85982871102169,0.31549857259184744
PHASE6N_TOP1,CB1_CAUR_S_CF2_RI2_TI2_R12,746103,10.0,1746.8000000000002,True,24.958831068011932,0.20799025890009942
PHASE6N_TOP1,CB1_CAUR_S_CF2_RI2_TI2_R12_C02,746101,0.0,1884.0,False,,
PHASE6N_TOP1,CB1_CAUR_S_CF2_RI2_TI2_R12_C02,746101,1.0,1902.84,False,,
PHASE6N_TOP1,CB1_CAUR_S_CF2_RI2_TI2_R12_C02,746101,2.0,1921.68,False,,
PHASE6N_TOP1,CB1_CAUR_S_CF2_RI2_TI2_R12_C02,746101,5.0,1978.2,True,116.06328811802086,0.9211372072858799
PHASE6N_TOP1,CB1_CAUR_S_CF2_RI2_TI2_R12_C02,746101,10.0,2072.4,True,18.504694164003013,0.146862652095262
PHASE6N_TOP1,CB1_CAUR_S_CF2_RI2_TI2_R12_C02,746102,0.0,1884.0,False,,
PHASE6N_TOP1,CB1_CAUR_S_CF2_RI2_TI2_R12_C02,746102,1.0,1902.84,False,,
PHASE6N_TOP1,CB1_CAUR_S_CF2_RI2_TI2_R12_C02,746102,2.0,1921.68,False,,
PHASE6N_TOP1,CB1_CAUR_S_CF2_RI2_TI2_R12_C02,746102,5.0,1978.2,True,89.44881825201446,0.7099112559683688
PHASE6N_TOP1,CB1_CAUR_S_CF2_RI2_TI2_R12_C02,746102,10.0,2072.4,True,51.633808846992906,0.4097921337062929
PHASE6N_TOP1,CB1_CAUR_S_CF2_RI2_TI2_R12_C02,746103,0.0,1884.0,False,,
PHASE6N_TOP1,CB1_CAUR_S_CF2_RI2_TI2_R12_C02,746103,1.0,1902.84,False,,
PHASE6N_TOP1,CB1_CAUR_S_CF2_RI2_TI2_R12_C02,746103,2.0,1921.68,False,,
PHASE6N_TOP1,CB1_CAUR_S_CF2_RI2_TI2_R12_C02,746103,5.0,1978.2,False,,
PHASE6N_TOP1,CB1_CAUR_S_CF2_RI2_TI2_R12_C02,746103,10.0,2072.4,True,14.114104824984679,0.11201670496019586
PHASE6N_TOP1,CB1_CAUR_S_CF3_RI2_TI2_R12,746101,0.0,1655.0,False,,
PHASE6N_TOP1,CB1_CAUR_S_CF3_RI2_TI2_R12,746101,1.0,1671.55,False,,
PHASE6N_TOP1,CB1_CAUR_S_CF3_RI2_TI2_R12,746101,2.0,1688.1000000000001,False,,
PHASE6N_TOP1,CB1_CAUR_S_CF3_RI2_TI2_R12,746101,5.0,1737.75,False,,
PHASE6N_TOP1,CB1_CAUR_S_CF3_RI2_TI2_R12,746101,10.0,1820.5000000000002,False,,
PHASE6N_TOP1,CB1_CAUR_S_CF3_RI2_TI2_R12,746102,0.0,1655.0,False,,
PHASE6N_TOP1,CB1_CAUR_S_CF3_RI2_TI2_R12,746102,1.0,1671.55,False,,
PHASE6N_TOP1,CB1_CAUR_S_CF3_RI2_TI2_R12,746102,2.0,1688.1000000000001,False,,
PHASE6N_TOP1,CB1_CAUR_S_CF3_RI2_TI2_R12,746102,5.0,1737.75,False,,
PHASE6N_TOP1,CB1_CAUR_S_CF3_RI2_TI2_R12,746102,10.0,1820.5000000000002,True,38.20112824998796,0.31312400204908164
PHASE6N_TOP1,CB1_CAUR_S_CF3_RI2_TI2_R12,746103,0.0,1655.0,False,,
PHASE6N_TOP1,CB1_CAUR_S_CF3_RI2_TI2_R12,746103,1.0,1671.55,False,,
PHASE6N_TOP1,CB1_CAUR_S_CF3_RI2_TI2_R12,746103,2.0,1688.1000000000001,False,,
PHASE6N_TOP1,CB1_CAUR_S_CF3_RI2_TI2_R12,746103,5.0,1737.75,False,,
PHASE6N_TOP1,CB1_CAUR_S_CF3_RI2_TI2_R12,746103,10.0,1820.5000000000002,True,53.644029329996556,0.4397051584425947
PHASE6N_TOP1,CB1_CAUR_S_CF3_RI2_TI2_R12_C02,746101,0.0,1729.0,True,98.79040395002812,0.7840508250002232
PHASE6N_TOP1,CB1_CAUR_S_CF3_RI2_TI2_R12_C02,746101,1.0,1746.29,True,98.79040395002812,0.7840508250002232
PHASE6N_TOP1,CB1_CAUR_S_CF3_RI2_TI2_R12_C02,746101,2.0,1763.58,True,88.03156347200274,0.698663202158752
PHASE6N_TOP1,CB1_CAUR_S_CF3_RI2_TI2_R12_C02,746101,5.0,1815.45,True,74.18441137002083,0.5887651696033399
PHASE6N_TOP1,CB1_CAUR_S_CF3_RI2_TI2_R12_C02,746101,10.0,1901.9,True,24.645774428005097,0.19560138434924682
PHASE6N_TOP1,CB1_CAUR_S_CF3_RI2_TI2_R12_C02,746102,0.0,1729.0,False,,
PHASE6N_TOP1,CB1_CAUR_S_CF3_RI2_TI2_R12_C02,746102,1.0,1746.29,False,,
PHASE6N_TOP1,CB1_CAUR_S_CF3_RI2_TI2_R12_C02,746102,2.0,1763.58,False,,
PHASE6N_TOP1,CB1_CAUR_S_CF3_RI2_TI2_R12_C02,746102,5.0,1815.45,False,,
PHASE6N_TOP1,CB1_CAUR_S_CF3_RI2_TI2_R12_C02,746102,10.0,1901.9,True,53.393133148987545,0.42375502499196466
PHASE6N_TOP1,CB1_CAUR_S_CF3_RI2_TI2_R12_C02,746103,0.0,1729.0,False,,
PHASE6N_TOP1,CB1_CAUR_S_CF3_RI2_TI2_R12_C02,746103,1.0,1746.29,False,,
PHASE6N_TOP1,CB1_CAUR_S_CF3_RI2_TI2_R12_C02,746103,2.0,1763.58,False,,
PHASE6N_TOP1,CB1_CAUR_S_CF3_RI2_TI2_R12_C02,746103,5.0,1815.45,False,,
PHASE6N_TOP1,CB1_CAUR_S_CF3_RI2_TI2_R12_C02,746103,10.0,1901.9,True,23.04680252901744,0.1829111311826781
