instance_id,algorithm,seed,makespan,runtime,time_limit,time_to_best,decoder_evaluations,feasible,suite,freeze_hash,result_path,scale,CF_level,number_of_operations,runtime_ratio
CB1_CORE_L_CF1_R01,Adapted DCGA,530101,5986.0,380.1500177459966,380.0,202.72194131399738,2558,True,cb1_core,3d97e6a3f84d930213c424a633fa9e8192b16ec4eb9c2f169f65c0b48e691f0a,outputs/phase5c/search/cb1_core/formal/adapted_dcga/CB1_CORE_L_CF1_R01/seed_530101.json,L,CF1,190,1.0003947835420963
CB1_CORE_L_CF1_R01,Adapted DCGA,530102,5811.0,380.139700447995,380.0,157.2737471939763,2478,True,cb1_core,3d97e6a3f84d930213c424a633fa9e8192b16ec4eb9c2f169f65c0b48e691f0a,outputs/phase5c/search/cb1_core/formal/adapted_dcga/CB1_CORE_L_CF1_R01/seed_530102.json,L,CF1,190,1.0003676327578814
CB1_CORE_L_CF1_R01,Adapted DCGA,530103,5950.0,380.2477018699865,380.0,285.04786074900767,2426,True,cb1_core,3d97e6a3f84d930213c424a633fa9e8192b16ec4eb9c2f169f65c0b48e691f0a,outputs/phase5c/search/cb1_core/formal/adapted_dcga/CB1_CORE_L_CF1_R01/seed_530103.json,L,CF1,190,1.0006518470262802
CB1_CORE_L_CF1_R01,Adapted DCGA,530104,5911.0,380.0267719679978,380.0,369.7024596139963,2624,True,cb1_core,3d97e6a3f84d930213c424a633fa9e8192b16ec4eb9c2f169f65c0b48e691f0a,outputs/phase5c/search/cb1_core/formal/adapted_dcga/CB1_CORE_L_CF1_R01/seed_530104.json,L,CF1,190,1.0000704525473625
CB1_CORE_L_CF1_R01,Adapted DCGA,530105,5924.0,380.0135208349966,380.0,367.707296048,2426,True,cb1_core,3d97e6a3f84d930213c424a633fa9e8192b16ec4eb9c2f169f65c0b48e691f0a,outputs/phase5c/search/cb1_core/formal/adapted_dcga/CB1_CORE_L_CF1_R01/seed_530105.json,L,CF1,190,1.000035581144728
CB1_CORE_L_CF1_R01,Adapted DCGA,530106,5901.0,380.0052108289965,380.0,150.15355785100837,2478,True,cb1_core,3d97e6a3f84d930213c424a633fa9e8192b16ec4eb9c2f169f65c0b48e691f0a,outputs/phase5c/search/cb1_core/formal/adapted_dcga/CB1_CORE_L_CF1_R01/seed_530106.json,L,CF1,190,1.0000137127078854
CB1_CORE_L_CF1_R01,Adapted DCGA,530107,5888.0,380.12857088801684,380.0,346.73646204700344,2626,True,cb1_core,3d97e6a3f84d930213c424a633fa9e8192b16ec4eb9c2f169f65c0b48e691f0a,outputs/phase5c/search/cb1_core/formal/adapted_dcga/CB1_CORE_L_CF1_R01/seed_530107.json,L,CF1,190,1.0003383444421496
CB1_CORE_L_CF1_R01,Adapted DCGA,530108,5935.0,380.2447055109951,380.0,151.68322554498445,2502,True,cb1_core,3d97e6a3f84d930213c424a633fa9e8192b16ec4eb9c2f169f65c0b48e691f0a,outputs/phase5c/search/cb1_core/formal/adapted_dcga/CB1_CORE_L_CF1_R01/seed_530108.json,L,CF1,190,1.0006439618710399
CB1_CORE_L_CF1_R01,Adapted DCGA,530109,5958.0,380.21966169500956,380.0,323.98600536599406,2478,True,cb1_core,3d97e6a3f84d930213c424a633fa9e8192b16ec4eb9c2f169f65c0b48e691f0a,outputs/phase5c/search/cb1_core/formal/adapted_dcga/CB1_CORE_L_CF1_R01/seed_530109.json,L,CF1,190,1.0005780570921303
CB1_CORE_L_CF1_R01,Adapted DCGA,530110,5851.0,380.0418757899897,380.0,325.52421260697884,2572,True,cb1_core,3d97e6a3f84d930213c424a633fa9e8192b16ec4eb9c2f169f65c0b48e691f0a,outputs/phase5c/search/cb1_core/formal/adapted_dcga/CB1_CORE_L_CF1_R01/seed_530110.json,L,CF1,190,1.0001101994473414
CB1_CORE_L_CF1_R02,Adapted DCGA,530101,6012.0,362.16097053099656,362.0,341.13889224801096,2530,True,cb1_core,3d97e6a3f84d930213c424a633fa9e8192b16ec4eb9c2f169f65c0b48e691f0a,outputs/phase5c/search/cb1_core/formal/adapted_dcga/CB1_CORE_L_CF1_R02/seed_530101.json,L,CF1,181,1.0004446699751286
CB1_CORE_L_CF1_R02,Adapted DCGA,530102,5896.0,362.13155901400023,362.0,359.8931702830014,2832,True,cb1_core,3d97e6a3f84d930213c424a633fa9e8192b16ec4eb9c2f169f65c0b48e691f0a,outputs/phase5c/search/cb1_core/formal/adapted_dcga/CB1_CORE_L_CF1_R02/seed_530102.json,L,CF1,181,1.0003634226906084
CB1_CORE_L_CF1_R02,Adapted DCGA,530103,6000.0,362.1862756519986,362.0,325.6335515080136,2586,True,cb1_core,3d97e6a3f84d930213c424a633fa9e8192b16ec4eb9c2f169f65c0b48e691f0a,outputs/phase5c/search/cb1_core/formal/adapted_dcga/CB1_CORE_L_CF1_R02/seed_530103.json,L,CF1,181,1.0005145736243055
CB1_CORE_L_CF1_R02,Adapted DCGA,530104,5985.0,362.21551724901656,362.0,344.19302068901015,2962,True,cb1_core,3d97e6a3f84d930213c424a633fa9e8192b16ec4eb9c2f169f65c0b48e691f0a,outputs/phase5c/search/cb1_core/formal/adapted_dcga/CB1_CORE_L_CF1_R02/seed_530104.json,L,CF1,181,1.0005953515166204
CB1_CORE_L_CF1_R02,Adapted DCGA,530105,5943.0,362.2786103899998,362.0,142.41062504900037,2556,True,cb1_core,3d97e6a3f84d930213c424a633fa9e8192b16ec4eb9c2f169f65c0b48e691f0a,outputs/phase5c/search/cb1_core/formal/adapted_dcga/CB1_CORE_L_CF1_R02/seed_530105.json,L,CF1,181,1.0007696419613255
CB1_CORE_L_CF1_R02,Adapted DCGA,530106,5994.0,362.1856655330048,362.0,208.82542129099602,2952,True,cb1_core,3d97e6a3f84d930213c424a633fa9e8192b16ec4eb9c2f169f65c0b48e691f0a,outputs/phase5c/search/cb1_core/formal/adapted_dcga/CB1_CORE_L_CF1_R02/seed_530106.json,L,CF1,181,1.0005128882127203
CB1_CORE_L_CF1_R02,Adapted DCGA,530107,5935.0,362.2766508529894,362.0,289.20535545499297,2548,True,cb1_core,3d97e6a3f84d930213c424a633fa9e8192b16ec4eb9c2f169f65c0b48e691f0a,outputs/phase5c/search/cb1_core/formal/adapted_dcga/CB1_CORE_L_CF1_R02/seed_530107.json,L,CF1,181,1.0007642288756613
CB1_CORE_L_CF1_R02,Adapted DCGA,530108,6025.0,362.18223494500853,362.0,183.1051404820173,2658,True,cb1_core,3d97e6a3f84d930213c424a633fa9e8192b16ec4eb9c2f169f65c0b48e691f0a,outputs/phase5c/search/cb1_core/formal/adapted_dcga/CB1_CORE_L_CF1_R02/seed_530108.json,L,CF1,181,1.0005034114502998
CB1_CORE_L_CF1_R02,Adapted DCGA,530109,5954.0,362.0664654709981,362.0,233.45933319200412,2946,True,cb1_core,3d97e6a3f84d930213c424a633fa9e8192b16ec4eb9c2f169f65c0b48e691f0a,outputs/phase5c/search/cb1_core/formal/adapted_dcga/CB1_CORE_L_CF1_R02/seed_530109.json,L,CF1,181,1.0001836062734755
CB1_CORE_L_CF1_R02,Adapted DCGA,530110,5953.0,362.116141845996,362.0,352.0929298209958,2594,True,cb1_core,3d97e6a3f84d930213c424a633fa9e8192b16ec4eb9c2f169f65c0b48e691f0a,outputs/phase5c/search/cb1_core/formal/adapted_dcga/CB1_CORE_L_CF1_R02/seed_530110.json,L,CF1,181,1.0003208338287184
CB1_CORE_L_CF1_R03,Adapted DCGA,530101,5183.0,452.92204862099607,346.0,133.86549523600843,3994,True,cb1_core,3d97e6a3f84d930213c424a633fa9e8192b16ec4eb9c2f169f65c0b48e691f0a,outputs/phase5c/search/cb1_core/formal/adapted_dcga/CB1_CORE_L_CF1_R03/seed_530101.json,L,CF1,173,1.3090232619103932
CB1_CORE_L_CF1_R03,Adapted DCGA,530102,5136.0,346.23125151201384,346.0,289.13507739501074,2964,True,cb1_core,3d97e6a3f84d930213c424a633fa9e8192b16ec4eb9c2f169f65c0b48e691f0a,outputs/phase5c/search/cb1_core/formal/adapted_dcga/CB1_CORE_L_CF1_R03/seed_530102.json,L,CF1,173,1.0006683569711383
CB1_CORE_L_CF1_R03,Adapted DCGA,530103,5263.0,346.14581740499125,346.0,202.36771532299463,2804,True,cb1_core,3d97e6a3f84d930213c424a633fa9e8192b16ec4eb9c2f169f65c0b48e691f0a,outputs/phase5c/search/cb1_core/formal/adapted_dcga/CB1_CORE_L_CF1_R03/seed_530103.json,L,CF1,173,1.00042143758668
CB1_CORE_L_CF1_R03,Adapted DCGA,530104,5192.0,346.10921501001576,346.0,339.4372728590097,2750,True,cb1_core,3d97e6a3f84d930213c424a633fa9e8192b16ec4eb9c2f169f65c0b48e691f0a,outputs/phase5c/search/cb1_core/formal/adapted_dcga/CB1_CORE_L_CF1_R03/seed_530104.json,L,CF1,173,1.0003156503179647
CB1_CORE_L_CF1_R03,Adapted DCGA,530105,5092.0,346.0146886779985,346.0,305.1102050059999,2950,True,cb1_core,3d97e6a3f84d930213c424a633fa9e8192b16ec4eb9c2f169f65c0b48e691f0a,outputs/phase5c/search/cb1_core/formal/adapted_dcga/CB1_CORE_L_CF1_R03/seed_530105.json,L,CF1,173,1.0000424528265852
CB1_CORE_L_CF1_R03,Adapted DCGA,530106,5245.0,346.0741618129832,346.0,258.1470981820021,2734,True,cb1_core,3d97e6a3f84d930213c424a633fa9e8192b16ec4eb9c2f169f65c0b48e691f0a,outputs/phase5c/search/cb1_core/formal/adapted_dcga/CB1_CORE_L_CF1_R03/seed_530106.json,L,CF1,173,1.0002143404999515
CB1_CORE_L_CF1_R03,Adapted DCGA,530107,5087.0,477.1268335689965,346.0,263.00839430099586,3994,True,cb1_core,3d97e6a3f84d930213c424a633fa9e8192b16ec4eb9c2f169f65c0b48e691f0a,outputs/phase5c/search/cb1_core/formal/adapted_dcga/CB1_CORE_L_CF1_R03/seed_530107.json,L,CF1,173,1.3789792877716662
CB1_CORE_L_CF1_R03,Adapted DCGA,530108,5119.0,346.1942627740209,346.0,342.3972326690273,2696,True,cb1_core,3d97e6a3f84d930213c424a633fa9e8192b16ec4eb9c2f169f65c0b48e691f0a,outputs/phase5c/search/cb1_core/formal/adapted_dcga/CB1_CORE_L_CF1_R03/seed_530108.json,L,CF1,173,1.0005614531041067
CB1_CORE_L_CF1_R03,Adapted DCGA,530109,5200.0,346.04075411101803,346.0,298.43066301802173,2632,True,cb1_core,3d97e6a3f84d930213c424a633fa9e8192b16ec4eb9c2f169f65c0b48e691f0a,outputs/phase5c/search/cb1_core/formal/adapted_dcga/CB1_CORE_L_CF1_R03/seed_530109.json,L,CF1,173,1.000117786448029
CB1_CORE_L_CF1_R03,Adapted DCGA,530110,5150.0,346.1535806799948,346.0,239.13941046001855,2868,True,cb1_core,3d97e6a3f84d930213c424a633fa9e8192b16ec4eb9c2f169f65c0b48e691f0a,outputs/phase5c/search/cb1_core/formal/adapted_dcga/CB1_CORE_L_CF1_R03/seed_530110.json,L,CF1,173,1.0004438747976727
CB1_CORE_L_CF1_R04,Adapted DCGA,530101,4863.0,344.03195243902155,344.0,331.87825505199726,2826,True,cb1_core,3d97e6a3f84d930213c424a633fa9e8192b16ec4eb9c2f169f65c0b48e691f0a,outputs/phase5c/search/cb1_core/formal/adapted_dcga/CB1_CORE_L_CF1_R04/seed_530101.json,L,CF1,172,1.0000928849971558
CB1_CORE_L_CF1_R04,Adapted DCGA,530102,4924.0,344.1774404020107,344.0,277.3660130290082,2890,True,cb1_core,3d97e6a3f84d930213c424a633fa9e8192b16ec4eb9c2f169f65c0b48e691f0a,outputs/phase5c/search/cb1_core/formal/adapted_dcga/CB1_CORE_L_CF1_R04/seed_530102.json,L,CF1,172,1.000515815122124
CB1_CORE_L_CF1_R04,Adapted DCGA,530103,4832.0,344.10416837598314,344.0,322.44495996800833,2784,True,cb1_core,3d97e6a3f84d930213c424a633fa9e8192b16ec4eb9c2f169f65c0b48e691f0a,outputs/phase5c/search/cb1_core/formal/adapted_dcga/CB1_CORE_L_CF1_R04/seed_530103.json,L,CF1,172,1.0003028150464626
CB1_CORE_L_CF1_R04,Adapted DCGA,530104,4917.0,344.24396587201045,344.0,188.65537367001525,2834,True,cb1_core,3d97e6a3f84d930213c424a633fa9e8192b16ec4eb9c2f169f65c0b48e691f0a,outputs/phase5c/search/cb1_core/formal/adapted_dcga/CB1_CORE_L_CF1_R04/seed_530104.json,L,CF1,172,1.0007092031163094
CB1_CORE_L_CF1_R04,Adapted DCGA,530105,4874.0,344.0689221530047,344.0,241.03762178099714,2642,True,cb1_core,3d97e6a3f84d930213c424a633fa9e8192b16ec4eb9c2f169f65c0b48e691f0a,outputs/phase5c/search/cb1_core/formal/adapted_dcga/CB1_CORE_L_CF1_R04/seed_530105.json,L,CF1,172,1.0002003550959437
CB1_CORE_L_CF1_R04,Adapted DCGA,530106,4773.0,464.6984811849834,344.0,116.5233629430004,3994,True,cb1_core,3d97e6a3f84d930213c424a633fa9e8192b16ec4eb9c2f169f65c0b48e691f0a,outputs/phase5c/search/cb1_core/formal/adapted_dcga/CB1_CORE_L_CF1_R04/seed_530106.json,L,CF1,172,1.3508676778633237
CB1_CORE_L_CF1_R04,Adapted DCGA,530107,4815.0,344.0426164509845,344.0,261.6907057069766,2684,True,cb1_core,3d97e6a3f84d930213c424a633fa9e8192b16ec4eb9c2f169f65c0b48e691f0a,outputs/phase5c/search/cb1_core/formal/adapted_dcga/CB1_CORE_L_CF1_R04/seed_530107.json,L,CF1,172,1.0001238850319316
CB1_CORE_L_CF1_R04,Adapted DCGA,530108,4894.0,344.22649063999415,344.0,116.3430281500041,2748,True,cb1_core,3d97e6a3f84d930213c424a633fa9e8192b16ec4eb9c2f169f65c0b48e691f0a,outputs/phase5c/search/cb1_core/formal/adapted_dcga/CB1_CORE_L_CF1_R04/seed_530108.json,L,CF1,172,1.0006584030232388
CB1_CORE_L_CF1_R04,Adapted DCGA,530109,4930.0,344.02676903500105,344.0,316.9125962280086,2746,True,cb1_core,3d97e6a3f84d930213c424a633fa9e8192b16ec4eb9c2f169f65c0b48e691f0a,outputs/phase5c/search/cb1_core/formal/adapted_dcga/CB1_CORE_L_CF1_R04/seed_530109.json,L,CF1,172,1.0000778169622124
CB1_CORE_L_CF1_R04,Adapted DCGA,530110,4893.0,344.25250999900163,344.0,147.61695900399354,2756,True,cb1_core,3d97e6a3f84d930213c424a633fa9e8192b16ec4eb9c2f169f65c0b48e691f0a,outputs/phase5c/search/cb1_core/formal/adapted_dcga/CB1_CORE_L_CF1_R04/seed_530110.json,L,CF1,172,1.0007340406947722
CB1_CORE_L_CF1_R05,Adapted DCGA,530101,5415.0,342.0071402679896,342.0,321.510593983985,2648,True,cb1_core,3d97e6a3f84d930213c424a633fa9e8192b16ec4eb9c2f169f65c0b48e691f0a,outputs/phase5c/search/cb1_core/formal/adapted_dcga/CB1_CORE_L_CF1_R05/seed_530101.json,L,CF1,171,1.0000208779765778
CB1_CORE_L_CF1_R05,Adapted DCGA,530102,5386.0,342.09675933100516,342.0,302.09214707498904,2682,True,cb1_core,3d97e6a3f84d930213c424a633fa9e8192b16ec4eb9c2f169f65c0b48e691f0a,outputs/phase5c/search/cb1_core/formal/adapted_dcga/CB1_CORE_L_CF1_R05/seed_530102.json,L,CF1,171,1.000282922020483
CB1_CORE_L_CF1_R05,Adapted DCGA,530103,5471.0,342.18795805898844,342.0,291.9360594259924,2866,True,cb1_core,3d97e6a3f84d930213c424a633fa9e8192b16ec4eb9c2f169f65c0b48e691f0a,outputs/phase5c/search/cb1_core/formal/adapted_dcga/CB1_CORE_L_CF1_R05/seed_530103.json,L,CF1,171,1.0005495849678026
CB1_CORE_L_CF1_R05,Adapted DCGA,530104,5336.0,342.01840579899726,342.0,314.7016025110206,2826,True,cb1_core,3d97e6a3f84d930213c424a633fa9e8192b16ec4eb9c2f169f65c0b48e691f0a,outputs/phase5c/search/cb1_core/formal/adapted_dcga/CB1_CORE_L_CF1_R05/seed_530104.json,L,CF1,171,1.000053818125723
CB1_CORE_L_CF1_R05,Adapted DCGA,530105,5428.0,342.0643689199933,342.0,318.8059125280124,2938,True,cb1_core,3d97e6a3f84d930213c424a633fa9e8192b16ec4eb9c2f169f65c0b48e691f0a,outputs/phase5c/search/cb1_core/formal/adapted_dcga/CB1_CORE_L_CF1_R05/seed_530105.json,L,CF1,171,1.0001882132163546
CB1_CORE_L_CF1_R05,Adapted DCGA,530106,5404.0,342.0183245789958,342.0,128.1883067759918,2694,True,cb1_core,3d97e6a3f84d930213c424a633fa9e8192b16ec4eb9c2f169f65c0b48e691f0a,outputs/phase5c/search/cb1_core/formal/adapted_dcga/CB1_CORE_L_CF1_R05/seed_530106.json,L,CF1,171,1.0000535806403386
CB1_CORE_L_CF1_R05,Adapted DCGA,530107,5491.0,342.1850076620176,342.0,281.09035505901556,2756,True,cb1_core,3d97e6a3f84d930213c424a633fa9e8192b16ec4eb9c2f169f65c0b48e691f0a,outputs/phase5c/search/cb1_core/formal/adapted_dcga/CB1_CORE_L_CF1_R05/seed_530107.json,L,CF1,171,1.000540958076075
CB1_CORE_L_CF1_R05,Adapted DCGA,530108,5492.0,342.1519694989838,342.0,143.14367810898693,2630,True,cb1_core,3d97e6a3f84d930213c424a633fa9e8192b16ec4eb9c2f169f65c0b48e691f0a,outputs/phase5c/search/cb1_core/formal/adapted_dcga/CB1_CORE_L_CF1_R05/seed_530108.json,L,CF1,171,1.0004443552601865
CB1_CORE_L_CF1_R05,Adapted DCGA,530109,5334.0,342.18788432798465,342.0,154.0696628440055,2876,True,cb1_core,3d97e6a3f84d930213c424a633fa9e8192b16ec4eb9c2f169f65c0b48e691f0a,outputs/phase5c/search/cb1_core/formal/adapted_dcga/CB1_CORE_L_CF1_R05/seed_530109.json,L,CF1,171,1.000549369380072
CB1_CORE_L_CF1_R05,Adapted DCGA,530110,5463.0,342.12584274300025,342.0,340.3129371640098,2808,True,cb1_core,3d97e6a3f84d930213c424a633fa9e8192b16ec4eb9c2f169f65c0b48e691f0a,outputs/phase5c/search/cb1_core/formal/adapted_dcga/CB1_CORE_L_CF1_R05/seed_530110.json,L,CF1,171,1.0003679612368428
CB1_CORE_L_CF2_R01,Adapted DCGA,530101,5998.0,390.0393677459797,390.0,168.7308549209847,2732,True,cb1_core,3d97e6a3f84d930213c424a633fa9e8192b16ec4eb9c2f169f65c0b48e691f0a,outputs/phase5c/search/cb1_core/formal/adapted_dcga/CB1_CORE_L_CF2_R01/seed_530101.json,L,CF2,195,1.0001009429384096
CB1_CORE_L_CF2_R01,Adapted DCGA,530102,5961.0,390.01715026499005,390.0,352.7725695479894,2642,True,cb1_core,3d97e6a3f84d930213c424a633fa9e8192b16ec4eb9c2f169f65c0b48e691f0a,outputs/phase5c/search/cb1_core/formal/adapted_dcga/CB1_CORE_L_CF2_R01/seed_530102.json,L,CF2,195,1.000043975038436
CB1_CORE_L_CF2_R01,Adapted DCGA,530103,5889.0,390.3058580200013,390.0,173.30177049600752,2466,True,cb1_core,3d97e6a3f84d930213c424a633fa9e8192b16ec4eb9c2f169f65c0b48e691f0a,outputs/phase5c/search/cb1_core/formal/adapted_dcga/CB1_CORE_L_CF2_R01/seed_530103.json,L,CF2,195,1.0007842513333367
CB1_CORE_L_CF2_R01,Adapted DCGA,530104,5904.0,390.1391892640095,390.0,266.8105923120165,2568,True,cb1_core,3d97e6a3f84d930213c424a633fa9e8192b16ec4eb9c2f169f65c0b48e691f0a,outputs/phase5c/search/cb1_core/formal/adapted_dcga/CB1_CORE_L_CF2_R01/seed_530104.json,L,CF2,195,1.0003568955487423
CB1_CORE_L_CF2_R01,Adapted DCGA,530105,5967.0,390.3023791629821,390.0,142.58961456097313,2528,True,cb1_core,3d97e6a3f84d930213c424a633fa9e8192b16ec4eb9c2f169f65c0b48e691f0a,outputs/phase5c/search/cb1_core/formal/adapted_dcga/CB1_CORE_L_CF2_R01/seed_530105.json,L,CF2,195,1.0007753311871337
CB1_CORE_L_CF2_R01,Adapted DCGA,530106,5938.0,390.0271361930063,390.0,348.7179252660135,2506,True,cb1_core,3d97e6a3f84d930213c424a633fa9e8192b16ec4eb9c2f169f65c0b48e691f0a,outputs/phase5c/search/cb1_core/formal/adapted_dcga/CB1_CORE_L_CF2_R01/seed_530106.json,L,CF2,195,1.0000695799820674
CB1_CORE_L_CF2_R01,Adapted DCGA,530107,5915.0,390.24748610699316,390.0,377.3906262489909,2670,True,cb1_core,3d97e6a3f84d930213c424a633fa9e8192b16ec4eb9c2f169f65c0b48e691f0a,outputs/phase5c/search/cb1_core/formal/adapted_dcga/CB1_CORE_L_CF2_R01/seed_530107.json,L,CF2,195,1.000634579761521
CB1_CORE_L_CF2_R01,Adapted DCGA,530108,5945.0,390.4851442289946,390.0,303.7027843160031,2656,True,cb1_core,3d97e6a3f84d930213c424a633fa9e8192b16ec4eb9c2f169f65c0b48e691f0a,outputs/phase5c/search/cb1_core/formal/adapted_dcga/CB1_CORE_L_CF2_R01/seed_530108.json,L,CF2,195,1.0012439595615246
CB1_CORE_L_CF2_R01,Adapted DCGA,530109,5919.0,390.13789645401994,390.0,355.3689219049993,2694,True,cb1_core,3d97e6a3f84d930213c424a633fa9e8192b16ec4eb9c2f169f65c0b48e691f0a,outputs/phase5c/search/cb1_core/formal/adapted_dcga/CB1_CORE_L_CF2_R01/seed_530109.json,L,CF2,195,1.000353580651333
CB1_CORE_L_CF2_R01,Adapted DCGA,530110,5946.0,390.2430452830158,390.0,281.1307701469923,2460,True,cb1_core,3d97e6a3f84d930213c424a633fa9e8192b16ec4eb9c2f169f65c0b48e691f0a,outputs/phase5c/search/cb1_core/formal/adapted_dcga/CB1_CORE_L_CF2_R01/seed_530110.json,L,CF2,195,1.000623193033374
CB1_CORE_L_CF2_R02,Adapted DCGA,530101,5802.0,366.21343724097824,366.0,261.1845211299951,2688,True,cb1_core,3d97e6a3f84d930213c424a633fa9e8192b16ec4eb9c2f169f65c0b48e691f0a,outputs/phase5c/search/cb1_core/formal/adapted_dcga/CB1_CORE_L_CF2_R02/seed_530101.json,L,CF2,183,1.0005831618605963
CB1_CORE_L_CF2_R02,Adapted DCGA,530102,5752.0,366.25556125101866,366.0,301.5487802460266,2640,True,cb1_core,3d97e6a3f84d930213c424a633fa9e8192b16ec4eb9c2f169f65c0b48e691f0a,outputs/phase5c/search/cb1_core/formal/adapted_dcga/CB1_CORE_L_CF2_R02/seed_530102.json,L,CF2,183,1.000698254784204
CB1_CORE_L_CF2_R02,Adapted DCGA,530103,5763.0,366.1272382129973,366.0,134.45697517399094,2790,True,cb1_core,3d97e6a3f84d930213c424a633fa9e8192b16ec4eb9c2f169f65c0b48e691f0a,outputs/phase5c/search/cb1_core/formal/adapted_dcga/CB1_CORE_L_CF2_R02/seed_530103.json,L,CF2,183,1.000347645390703
CB1_CORE_L_CF2_R02,Adapted DCGA,530104,5637.0,366.20704893098446,366.0,353.7664679019945,2698,True,cb1_core,3d97e6a3f84d930213c424a633fa9e8192b16ec4eb9c2f169f65c0b48e691f0a,outputs/phase5c/search/cb1_core/formal/adapted_dcga/CB1_CORE_L_CF2_R02/seed_530104.json,L,CF2,183,1.0005657074617063
CB1_CORE_L_CF2_R02,Adapted DCGA,530105,5794.0,366.1588921030052,366.0,241.18498767598066,2728,True,cb1_core,3d97e6a3f84d930213c424a633fa9e8192b16ec4eb9c2f169f65c0b48e691f0a,outputs/phase5c/search/cb1_core/formal/adapted_dcga/CB1_CORE_L_CF2_R02/seed_530105.json,L,CF2,183,1.000434131428976
CB1_CORE_L_CF2_R02,Adapted DCGA,530106,5778.0,366.15276145000826,366.0,333.08231398899807,2608,True,cb1_core,3d97e6a3f84d930213c424a633fa9e8192b16ec4eb9c2f169f65c0b48e691f0a,outputs/phase5c/search/cb1_core/formal/adapted_dcga/CB1_CORE_L_CF2_R02/seed_530106.json,L,CF2,183,1.0004173810109516
CB1_CORE_L_CF2_R02,Adapted DCGA,530107,5774.0,366.0977073200047,366.0,175.4623061020102,2524,True,cb1_core,3d97e6a3f84d930213c424a633fa9e8192b16ec4eb9c2f169f65c0b48e691f0a,outputs/phase5c/search/cb1_core/formal/adapted_dcga/CB1_CORE_L_CF2_R02/seed_530107.json,L,CF2,183,1.0002669598907232
CB1_CORE_L_CF2_R02,Adapted DCGA,530108,5788.0,366.12448544599465,366.0,295.5388592710078,2682,True,cb1_core,3d97e6a3f84d930213c424a633fa9e8192b16ec4eb9c2f169f65c0b48e691f0a,outputs/phase5c/search/cb1_core/formal/adapted_dcga/CB1_CORE_L_CF2_R02/seed_530108.json,L,CF2,183,1.0003401241693843
CB1_CORE_L_CF2_R02,Adapted DCGA,530109,5788.0,366.05472477400326,366.0,252.7625670399866,2900,True,cb1_core,3d97e6a3f84d930213c424a633fa9e8192b16ec4eb9c2f169f65c0b48e691f0a,outputs/phase5c/search/cb1_core/formal/adapted_dcga/CB1_CORE_L_CF2_R02/seed_530109.json,L,CF2,183,1.000149521240446
CB1_CORE_L_CF2_R02,Adapted DCGA,530110,5660.0,366.0177848460153,366.0,228.08277672101394,2818,True,cb1_core,3d97e6a3f84d930213c424a633fa9e8192b16ec4eb9c2f169f65c0b48e691f0a,outputs/phase5c/search/cb1_core/formal/adapted_dcga/CB1_CORE_L_CF2_R02/seed_530110.json,L,CF2,183,1.0000485924754516
CB1_CORE_L_CF2_R03,Adapted DCGA,530101,5112.0,368.2317892299907,368.0,200.15588653399027,2920,True,cb1_core,3d97e6a3f84d930213c424a633fa9e8192b16ec4eb9c2f169f65c0b48e691f0a,outputs/phase5c/search/cb1_core/formal/adapted_dcga/CB1_CORE_L_CF2_R03/seed_530101.json,L,CF2,184,1.000629862038018
CB1_CORE_L_CF2_R03,Adapted DCGA,530102,5103.0,368.2869537049846,368.0,170.340378081979,2676,True,cb1_core,3d97e6a3f84d930213c424a633fa9e8192b16ec4eb9c2f169f65c0b48e691f0a,outputs/phase5c/search/cb1_core/formal/adapted_dcga/CB1_CORE_L_CF2_R03/seed_530102.json,L,CF2,184,1.0007797655026756
CB1_CORE_L_CF2_R03,Adapted DCGA,530103,5037.0,368.0445888809918,368.0,315.30307549098507,2504,True,cb1_core,3d97e6a3f84d930213c424a633fa9e8192b16ec4eb9c2f169f65c0b48e691f0a,outputs/phase5c/search/cb1_core/formal/adapted_dcga/CB1_CORE_L_CF2_R03/seed_530103.json,L,CF2,184,1.0001211654374778
CB1_CORE_L_CF2_R03,Adapted DCGA,530104,5077.0,368.2414560439938,368.0,145.20456101797754,2610,True,cb1_core,3d97e6a3f84d930213c424a633fa9e8192b16ec4eb9c2f169f65c0b48e691f0a,outputs/phase5c/search/cb1_core/formal/adapted_dcga/CB1_CORE_L_CF2_R03/seed_530104.json,L,CF2,184,1.0006561305543311
CB1_CORE_L_CF2_R03,Adapted DCGA,530105,5084.0,368.1161186719837,368.0,304.1841690620058,2866,True,cb1_core,3d97e6a3f84d930213c424a633fa9e8192b16ec4eb9c2f169f65c0b48e691f0a,outputs/phase5c/search/cb1_core/formal/adapted_dcga/CB1_CORE_L_CF2_R03/seed_530105.json,L,CF2,184,1.000315539869521
CB1_CORE_L_CF2_R03,Adapted DCGA,530106,5033.0,368.19320003298344,368.0,197.4662729470001,2530,True,cb1_core,3d97e6a3f84d930213c424a633fa9e8192b16ec4eb9c2f169f65c0b48e691f0a,outputs/phase5c/search/cb1_core/formal/adapted_dcga/CB1_CORE_L_CF2_R03/seed_530106.json,L,CF2,184,1.0005250000896289
CB1_CORE_L_CF2_R03,Adapted DCGA,530107,5128.0,368.0229432339838,368.0,350.87531813199166,2740,True,cb1_core,3d97e6a3f84d930213c424a633fa9e8192b16ec4eb9c2f169f65c0b48e691f0a,outputs/phase5c/search/cb1_core/formal/adapted_dcga/CB1_CORE_L_CF2_R03/seed_530107.json,L,CF2,184,1.0000623457445212
CB1_CORE_L_CF2_R03,Adapted DCGA,530108,5062.0,368.1039749699994,368.0,126.10555453100824,2922,True,cb1_core,3d97e6a3f84d930213c424a633fa9e8192b16ec4eb9c2f169f65c0b48e691f0a,outputs/phase5c/search/cb1_core/formal/adapted_dcga/CB1_CORE_L_CF2_R03/seed_530108.json,L,CF2,184,1.0002825406793463
CB1_CORE_L_CF2_R03,Adapted DCGA,530109,5036.0,368.2331699739734,368.0,241.77243130997522,2514,True,cb1_core,3d97e6a3f84d930213c424a633fa9e8192b16ec4eb9c2f169f65c0b48e691f0a,outputs/phase5c/search/cb1_core/formal/adapted_dcga/CB1_CORE_L_CF2_R03/seed_530109.json,L,CF2,184,1.0006336140597103
CB1_CORE_L_CF2_R03,Adapted DCGA,530110,5184.0,368.15604709400213,368.0,292.0129924369976,2536,True,cb1_core,3d97e6a3f84d930213c424a633fa9e8192b16ec4eb9c2f169f65c0b48e691f0a,outputs/phase5c/search/cb1_core/formal/adapted_dcga/CB1_CORE_L_CF2_R03/seed_530110.json,L,CF2,184,1.00042404101631
CB1_CORE_L_CF2_R04,Adapted DCGA,530101,4698.0,330.06854316199315,330.0,119.6818303669861,2908,True,cb1_core,3d97e6a3f84d930213c424a633fa9e8192b16ec4eb9c2f169f65c0b48e691f0a,outputs/phase5c/search/cb1_core/formal/adapted_dcga/CB1_CORE_L_CF2_R04/seed_530101.json,L,CF2,165,1.0002077065514945
CB1_CORE_L_CF2_R04,Adapted DCGA,530102,4802.0,330.0476941190136,330.0,263.99016155599384,2852,True,cb1_core,3d97e6a3f84d930213c424a633fa9e8192b16ec4eb9c2f169f65c0b48e691f0a,outputs/phase5c/search/cb1_core/formal/adapted_dcga/CB1_CORE_L_CF2_R04/seed_530102.json,L,CF2,165,1.0001445276333747
CB1_CORE_L_CF2_R04,Adapted DCGA,530103,4725.0,330.2976480750076,330.0,278.23466044900124,2692,True,cb1_core,3d97e6a3f84d930213c424a633fa9e8192b16ec4eb9c2f169f65c0b48e691f0a,outputs/phase5c/search/cb1_core/formal/adapted_dcga/CB1_CORE_L_CF2_R04/seed_530103.json,L,CF2,165,1.0009019638636594
CB1_CORE_L_CF2_R04,Adapted DCGA,530104,4795.0,330.1999243379978,330.0,245.4030401930213,2734,True,cb1_core,3d97e6a3f84d930213c424a633fa9e8192b16ec4eb9c2f169f65c0b48e691f0a,outputs/phase5c/search/cb1_core/formal/adapted_dcga/CB1_CORE_L_CF2_R04/seed_530104.json,L,CF2,165,1.000605831327266
CB1_CORE_L_CF2_R04,Adapted DCGA,530105,4753.0,427.8452561409795,330.0,346.44181530197966,3994,True,cb1_core,3d97e6a3f84d930213c424a633fa9e8192b16ec4eb9c2f169f65c0b48e691f0a,outputs/phase5c/search/cb1_core/formal/adapted_dcga/CB1_CORE_L_CF2_R04/seed_530105.json,L,CF2,165,1.2965007761847862
CB1_CORE_L_CF2_R04,Adapted DCGA,530106,4706.0,330.2440984630084,330.0,123.57936043402879,2694,True,cb1_core,3d97e6a3f84d930213c424a633fa9e8192b16ec4eb9c2f169f65c0b48e691f0a,outputs/phase5c/search/cb1_core/formal/adapted_dcga/CB1_CORE_L_CF2_R04/seed_530106.json,L,CF2,165,1.0007396923121468
CB1_CORE_L_CF2_R04,Adapted DCGA,530107,4805.0,330.01473877800163,330.0,322.11863379599527,2668,True,cb1_core,3d97e6a3f84d930213c424a633fa9e8192b16ec4eb9c2f169f65c0b48e691f0a,outputs/phase5c/search/cb1_core/formal/adapted_dcga/CB1_CORE_L_CF2_R04/seed_530107.json,L,CF2,165,1.0000446629636413
CB1_CORE_L_CF2_R04,Adapted DCGA,530108,4716.0,449.858016158978,330.0,249.84951285200077,3994,True,cb1_core,3d97e6a3f84d930213c424a633fa9e8192b16ec4eb9c2f169f65c0b48e691f0a,outputs/phase5c/search/cb1_core/formal/adapted_dcga/CB1_CORE_L_CF2_R04/seed_530108.json,L,CF2,165,1.3632061095726606
CB1_CORE_L_CF2_R04,Adapted DCGA,530109,4786.0,427.10651224901085,330.0,316.9793602669961,3994,True,cb1_core,3d97e6a3f84d930213c424a633fa9e8192b16ec4eb9c2f169f65c0b48e691f0a,outputs/phase5c/search/cb1_core/formal/adapted_dcga/CB1_CORE_L_CF2_R04/seed_530109.json,L,CF2,165,1.294262158330336
CB1_CORE_L_CF2_R04,Adapted DCGA,530110,4775.0,330.1321273020003,330.0,245.1850249550189,2690,True,cb1_core,3d97e6a3f84d930213c424a633fa9e8192b16ec4eb9c2f169f65c0b48e691f0a,outputs/phase5c/search/cb1_core/formal/adapted_dcga/CB1_CORE_L_CF2_R04/seed_530110.json,L,CF2,165,1.0004003857636372
CB1_CORE_L_CF2_R05,Adapted DCGA,530101,5527.0,358.12691538300714,358.0,301.99190264599747,2566,True,cb1_core,3d97e6a3f84d930213c424a633fa9e8192b16ec4eb9c2f169f65c0b48e691f0a,outputs/phase5c/search/cb1_core/formal/adapted_dcga/CB1_CORE_L_CF2_R05/seed_530101.json,L,CF2,179,1.0003545122430366
CB1_CORE_L_CF2_R05,Adapted DCGA,530102,5482.0,358.1406355770014,358.0,250.81793277102406,2560,True,cb1_core,3d97e6a3f84d930213c424a633fa9e8192b16ec4eb9c2f169f65c0b48e691f0a,outputs/phase5c/search/cb1_core/formal/adapted_dcga/CB1_CORE_L_CF2_R05/seed_530102.json,L,CF2,179,1.0003928368072663
CB1_CORE_L_CF2_R05,Adapted DCGA,530103,5454.0,358.1371941649995,358.0,348.9269447620027,2552,True,cb1_core,3d97e6a3f84d930213c424a633fa9e8192b16ec4eb9c2f169f65c0b48e691f0a,outputs/phase5c/search/cb1_core/formal/adapted_dcga/CB1_CORE_L_CF2_R05/seed_530103.json,L,CF2,179,1.0003832239245798
CB1_CORE_L_CF2_R05,Adapted DCGA,530104,5520.0,358.0149309269909,358.0,351.03150746700703,2600,True,cb1_core,3d97e6a3f84d930213c424a633fa9e8192b16ec4eb9c2f169f65c0b48e691f0a,outputs/phase5c/search/cb1_core/formal/adapted_dcga/CB1_CORE_L_CF2_R05/seed_530104.json,L,CF2,179,1.0000417064999747
CB1_CORE_L_CF2_R05,Adapted DCGA,530105,5474.0,358.17206332000205,358.0,145.9229428699764,2524,True,cb1_core,3d97e6a3f84d930213c424a633fa9e8192b16ec4eb9c2f169f65c0b48e691f0a,outputs/phase5c/search/cb1_core/formal/adapted_dcga/CB1_CORE_L_CF2_R05/seed_530105.json,L,CF2,179,1.0004806237988884
CB1_CORE_L_CF2_R05,Adapted DCGA,530106,5387.0,358.1394009249925,358.0,308.7045112909982,2532,True,cb1_core,3d97e6a3f84d930213c424a633fa9e8192b16ec4eb9c2f169f65c0b48e691f0a,outputs/phase5c/search/cb1_core/formal/adapted_dcga/CB1_CORE_L_CF2_R05/seed_530106.json,L,CF2,179,1.0003893880586383
CB1_CORE_L_CF2_R05,Adapted DCGA,530107,5545.0,358.23676641102065,358.0,120.86335056001553,2920,True,cb1_core,3d97e6a3f84d930213c424a633fa9e8192b16ec4eb9c2f169f65c0b48e691f0a,outputs/phase5c/search/cb1_core/formal/adapted_dcga/CB1_CORE_L_CF2_R05/seed_530107.json,L,CF2,179,1.0006613586900017
CB1_CORE_L_CF2_R05,Adapted DCGA,530108,5459.0,358.2820967200096,358.0,254.74993135398836,2618,True,cb1_core,3d97e6a3f84d930213c424a633fa9e8192b16ec4eb9c2f169f65c0b48e691f0a,outputs/phase5c/search/cb1_core/formal/adapted_dcga/CB1_CORE_L_CF2_R05/seed_530108.json,L,CF2,179,1.0007879796648311
CB1_CORE_L_CF2_R05,Adapted DCGA,530109,5470.0,358.1039675459906,358.0,121.90927281300537,2838,True,cb1_core,3d97e6a3f84d930213c424a633fa9e8192b16ec4eb9c2f169f65c0b48e691f0a,outputs/phase5c/search/cb1_core/formal/adapted_dcga/CB1_CORE_L_CF2_R05/seed_530109.json,L,CF2,179,1.0002904121396385
CB1_CORE_L_CF2_R05,Adapted DCGA,530110,5518.0,358.15705929198884,358.0,318.61165953899035,2678,True,cb1_core,3d97e6a3f84d930213c424a633fa9e8192b16ec4eb9c2f169f65c0b48e691f0a,outputs/phase5c/search/cb1_core/formal/adapted_dcga/CB1_CORE_L_CF2_R05/seed_530110.json,L,CF2,179,1.000438713106114
CB1_CORE_L_CF3_R01,Adapted DCGA,530101,5892.0,386.26444242702564,386.0,314.45309555900167,2722,True,cb1_core,3d97e6a3f84d930213c424a633fa9e8192b16ec4eb9c2f169f65c0b48e691f0a,outputs/phase5c/search/cb1_core/formal/adapted_dcga/CB1_CORE_L_CF3_R01/seed_530101.json,L,CF3,193,1.0006850840078385
CB1_CORE_L_CF3_R01,Adapted DCGA,530102,5911.0,386.26320350400056,386.0,229.14631616600673,2748,True,cb1_core,3d97e6a3f84d930213c424a633fa9e8192b16ec4eb9c2f169f65c0b48e691f0a,outputs/phase5c/search/cb1_core/formal/adapted_dcga/CB1_CORE_L_CF3_R01/seed_530102.json,L,CF3,193,1.0006818743626957
CB1_CORE_L_CF3_R01,Adapted DCGA,530103,5989.0,386.11689018298057,386.0,289.72771890598233,2762,True,cb1_core,3d97e6a3f84d930213c424a633fa9e8192b16ec4eb9c2f169f65c0b48e691f0a,outputs/phase5c/search/cb1_core/formal/adapted_dcga/CB1_CORE_L_CF3_R01/seed_530103.json,L,CF3,193,1.00030282430824
CB1_CORE_L_CF3_R01,Adapted DCGA,530104,5969.0,386.13889887399273,386.0,356.8779992579948,2732,True,cb1_core,3d97e6a3f84d930213c424a633fa9e8192b16ec4eb9c2f169f65c0b48e691f0a,outputs/phase5c/search/cb1_core/formal/adapted_dcga/CB1_CORE_L_CF3_R01/seed_530104.json,L,CF3,193,1.0003598416424682
CB1_CORE_L_CF3_R01,Adapted DCGA,530105,5937.0,386.16256026999326,386.0,297.20635621997644,2706,True,cb1_core,3d97e6a3f84d930213c424a633fa9e8192b16ec4eb9c2f169f65c0b48e691f0a,outputs/phase5c/search/cb1_core/formal/adapted_dcga/CB1_CORE_L_CF3_R01/seed_530105.json,L,CF3,193,1.0004211405958374
CB1_CORE_L_CF3_R01,Adapted DCGA,530106,5984.0,386.02437827698304,386.0,145.61607804498635,2598,True,cb1_core,3d97e6a3f84d930213c424a633fa9e8192b16ec4eb9c2f169f65c0b48e691f0a,outputs/phase5c/search/cb1_core/formal/adapted_dcga/CB1_CORE_L_CF3_R01/seed_530106.json,L,CF3,193,1.0000631561579871
CB1_CORE_L_CF3_R01,Adapted DCGA,530107,5921.0,386.24634396098554,386.0,158.0882988240046,2418,True,cb1_core,3d97e6a3f84d930213c424a633fa9e8192b16ec4eb9c2f169f65c0b48e691f0a,outputs/phase5c/search/cb1_core/formal/adapted_dcga/CB1_CORE_L_CF3_R01/seed_530107.json,L,CF3,193,1.000638196790118
CB1_CORE_L_CF3_R01,Adapted DCGA,530108,5882.0,386.01618870699895,386.0,340.7808949010214,2434,True,cb1_core,3d97e6a3f84d930213c424a633fa9e8192b16ec4eb9c2f169f65c0b48e691f0a,outputs/phase5c/search/cb1_core/formal/adapted_dcga/CB1_CORE_L_CF3_R01/seed_530108.json,L,CF3,193,1.0000419396554376
CB1_CORE_L_CF3_R01,Adapted DCGA,530109,6045.0,386.0544538590184,386.0,308.17903703500633,2390,True,cb1_core,3d97e6a3f84d930213c424a633fa9e8192b16ec4eb9c2f169f65c0b48e691f0a,outputs/phase5c/search/cb1_core/formal/adapted_dcga/CB1_CORE_L_CF3_R01/seed_530109.json,L,CF3,193,1.0001410721736228
CB1_CORE_L_CF3_R01,Adapted DCGA,530110,5989.0,386.00891240499914,386.0,384.10581155802356,2684,True,cb1_core,3d97e6a3f84d930213c424a633fa9e8192b16ec4eb9c2f169f65c0b48e691f0a,outputs/phase5c/search/cb1_core/formal/adapted_dcga/CB1_CORE_L_CF3_R01/seed_530110.json,L,CF3,193,1.000023089132122
CB1_CORE_L_CF3_R02,Adapted DCGA,530101,4883.0,334.0380372029904,334.0,292.8960638999997,2848,True,cb1_core,3d97e6a3f84d930213c424a633fa9e8192b16ec4eb9c2f169f65c0b48e691f0a,outputs/phase5c/search/cb1_core/formal/adapted_dcga/CB1_CORE_L_CF3_R02/seed_530101.json,L,CF3,167,1.0001138838412886
CB1_CORE_L_CF3_R02,Adapted DCGA,530102,4787.0,434.93137707401183,334.0,357.9648899679887,3994,True,cb1_core,3d97e6a3f84d930213c424a633fa9e8192b16ec4eb9c2f169f65c0b48e691f0a,outputs/phase5c/search/cb1_core/formal/adapted_dcga/CB1_CORE_L_CF3_R02/seed_530102.json,L,CF3,167,1.3021897517185983
CB1_CORE_L_CF3_R02,Adapted DCGA,530103,4936.0,334.0342697099841,334.0,283.834387690993,2638,True,cb1_core,3d97e6a3f84d930213c424a633fa9e8192b16ec4eb9c2f169f65c0b48e691f0a,outputs/phase5c/search/cb1_core/formal/adapted_dcga/CB1_CORE_L_CF3_R02/seed_530103.json,L,CF3,167,1.000102603922108
CB1_CORE_L_CF3_R02,Adapted DCGA,530104,4937.0,334.189173013001,334.0,332.93845233900356,2814,True,cb1_core,3d97e6a3f84d930213c424a633fa9e8192b16ec4eb9c2f169f65c0b48e691f0a,outputs/phase5c/search/cb1_core/formal/adapted_dcga/CB1_CORE_L_CF3_R02/seed_530104.json,L,CF3,167,1.00056638626647
CB1_CORE_L_CF3_R02,Adapted DCGA,530105,4922.0,334.0445983620011,334.0,309.9652023279923,2806,True,cb1_core,3d97e6a3f84d930213c424a633fa9e8192b16ec4eb9c2f169f65c0b48e691f0a,outputs/phase5c/search/cb1_core/formal/adapted_dcga/CB1_CORE_L_CF3_R02/seed_530105.json,L,CF3,167,1.0001335280299435
CB1_CORE_L_CF3_R02,Adapted DCGA,530106,4919.0,334.16362905400456,334.0,332.1487208910112,2908,True,cb1_core,3d97e6a3f84d930213c424a633fa9e8192b16ec4eb9c2f169f65c0b48e691f0a,outputs/phase5c/search/cb1_core/formal/adapted_dcga/CB1_CORE_L_CF3_R02/seed_530106.json,L,CF3,167,1.000489907347319
CB1_CORE_L_CF3_R02,Adapted DCGA,530107,4976.0,334.0676838030049,334.0,161.8203807870159,2888,True,cb1_core,3d97e6a3f84d930213c424a633fa9e8192b16ec4eb9c2f169f65c0b48e691f0a,outputs/phase5c/search/cb1_core/formal/adapted_dcga/CB1_CORE_L_CF3_R02/seed_530107.json,L,CF3,167,1.0002026461167812
CB1_CORE_L_CF3_R02,Adapted DCGA,530108,4925.0,334.0234317959985,334.0,189.4783877209993,2890,True,cb1_core,3d97e6a3f84d930213c424a633fa9e8192b16ec4eb9c2f169f65c0b48e691f0a,outputs/phase5c/search/cb1_core/formal/adapted_dcga/CB1_CORE_L_CF3_R02/seed_530108.json,L,CF3,167,1.0000701550778397
CB1_CORE_L_CF3_R02,Adapted DCGA,530109,4870.0,334.0300640480127,334.0,324.0684222380223,2894,True,cb1_core,3d97e6a3f84d930213c424a633fa9e8192b16ec4eb9c2f169f65c0b48e691f0a,outputs/phase5c/search/cb1_core/formal/adapted_dcga/CB1_CORE_L_CF3_R02/seed_530109.json,L,CF3,167,1.0000900121197986
CB1_CORE_L_CF3_R02,Adapted DCGA,530110,4944.0,334.3873100130004,334.0,148.2531470459944,2942,True,cb1_core,3d97e6a3f84d930213c424a633fa9e8192b16ec4eb9c2f169f65c0b48e691f0a,outputs/phase5c/search/cb1_core/formal/adapted_dcga/CB1_CORE_L_CF3_R02/seed_530110.json,L,CF3,167,1.0011596108173664
CB1_CORE_L_CF3_R03,Adapted DCGA,530101,5141.0,352.13267472799635,352.0,236.5981162590033,2638,True,cb1_core,3d97e6a3f84d930213c424a633fa9e8192b16ec4eb9c2f169f65c0b48e691f0a,outputs/phase5c/search/cb1_core/formal/adapted_dcga/CB1_CORE_L_CF3_R03/seed_530101.json,L,CF3,176,1.0003769168408987
CB1_CORE_L_CF3_R03,Adapted DCGA,530102,5291.0,352.0659467779915,352.0,325.3070156999747,2560,True,cb1_core,3d97e6a3f84d930213c424a633fa9e8192b16ec4eb9c2f169f65c0b48e691f0a,outputs/phase5c/search/cb1_core/formal/adapted_dcga/CB1_CORE_L_CF3_R03/seed_530102.json,L,CF3,176,1.0001873488011122
CB1_CORE_L_CF3_R03,Adapted DCGA,530103,5184.0,352.03305053999065,352.0,189.7019986899977,2730,True,cb1_core,3d97e6a3f84d930213c424a633fa9e8192b16ec4eb9c2f169f65c0b48e691f0a,outputs/phase5c/search/cb1_core/formal/adapted_dcga/CB1_CORE_L_CF3_R03/seed_530103.json,L,CF3,176,1.000093893579519
CB1_CORE_L_CF3_R03,Adapted DCGA,530104,5248.0,352.19140652398346,352.0,309.598706047982,2766,True,cb1_core,3d97e6a3f84d930213c424a633fa9e8192b16ec4eb9c2f169f65c0b48e691f0a,outputs/phase5c/search/cb1_core/formal/adapted_dcga/CB1_CORE_L_CF3_R03/seed_530104.json,L,CF3,176,1.000543768534044
CB1_CORE_L_CF3_R03,Adapted DCGA,530105,5331.0,352.0887049390003,352.0,319.57841662399005,2686,True,cb1_core,3d97e6a3f84d930213c424a633fa9e8192b16ec4eb9c2f169f65c0b48e691f0a,outputs/phase5c/search/cb1_core/formal/adapted_dcga/CB1_CORE_L_CF3_R03/seed_530105.json,L,CF3,176,1.0002520026676145
CB1_CORE_L_CF3_R03,Adapted DCGA,530106,5326.0,352.098377242015,352.0,191.11815322600887,2606,True,cb1_core,3d97e6a3f84d930213c424a633fa9e8192b16ec4eb9c2f169f65c0b48e691f0a,outputs/phase5c/search/cb1_core/formal/adapted_dcga/CB1_CORE_L_CF3_R03/seed_530106.json,L,CF3,176,1.000279480801179
CB1_CORE_L_CF3_R03,Adapted DCGA,530107,5185.0,352.3057008019823,352.0,307.66003533199546,2808,True,cb1_core,3d97e6a3f84d930213c424a633fa9e8192b16ec4eb9c2f169f65c0b48e691f0a,outputs/phase5c/search/cb1_core/formal/adapted_dcga/CB1_CORE_L_CF3_R03/seed_530107.json,L,CF3,176,1.0008684681874498
CB1_CORE_L_CF3_R03,Adapted DCGA,530108,5301.0,352.1482054349908,352.0,342.74158751999494,2918,True,cb1_core,3d97e6a3f84d930213c424a633fa9e8192b16ec4eb9c2f169f65c0b48e691f0a,outputs/phase5c/search/cb1_core/formal/adapted_dcga/CB1_CORE_L_CF3_R03/seed_530108.json,L,CF3,176,1.0004210381675875
CB1_CORE_L_CF3_R03,Adapted DCGA,530109,5232.0,352.0468891939963,352.0,346.0955830969906,2760,True,cb1_core,3d97e6a3f84d930213c424a633fa9e8192b16ec4eb9c2f169f65c0b48e691f0a,outputs/phase5c/search/cb1_core/formal/adapted_dcga/CB1_CORE_L_CF3_R03/seed_530109.json,L,CF3,176,1.0001332079374896
CB1_CORE_L_CF3_R03,Adapted DCGA,530110,5352.0,352.2590837169846,352.0,334.4693219609908,2618,True,cb1_core,3d97e6a3f84d930213c424a633fa9e8192b16ec4eb9c2f169f65c0b48e691f0a,outputs/phase5c/search/cb1_core/formal/adapted_dcga/CB1_CORE_L_CF3_R03/seed_530110.json,L,CF3,176,1.000736033286888
CB1_CORE_L_CF3_R04,Adapted DCGA,530101,5443.0,348.0497523699887,348.0,261.88681189899216,2850,True,cb1_core,3d97e6a3f84d930213c424a633fa9e8192b16ec4eb9c2f169f65c0b48e691f0a,outputs/phase5c/search/cb1_core/formal/adapted_dcga/CB1_CORE_L_CF3_R04/seed_530101.json,L,CF3,174,1.0001429665804273
CB1_CORE_L_CF3_R04,Adapted DCGA,530102,5518.0,348.0386450549995,348.0,343.9644417030213,2570,True,cb1_core,3d97e6a3f84d930213c424a633fa9e8192b16ec4eb9c2f169f65c0b48e691f0a,outputs/phase5c/search/cb1_core/formal/adapted_dcga/CB1_CORE_L_CF3_R04/seed_530102.json,L,CF3,174,1.0001110490086194
CB1_CORE_L_CF3_R04,Adapted DCGA,530103,5447.0,348.15939823997905,348.0,323.8996705779864,2862,True,cb1_core,3d97e6a3f84d930213c424a633fa9e8192b16ec4eb9c2f169f65c0b48e691f0a,outputs/phase5c/search/cb1_core/formal/adapted_dcga/CB1_CORE_L_CF3_R04/seed_530103.json,L,CF3,174,1.00045804091948
CB1_CORE_L_CF3_R04,Adapted DCGA,530104,5495.0,348.0656754710071,348.0,310.3339220470225,2832,True,cb1_core,3d97e6a3f84d930213c424a633fa9e8192b16ec4eb9c2f169f65c0b48e691f0a,outputs/phase5c/search/cb1_core/formal/adapted_dcga/CB1_CORE_L_CF3_R04/seed_530104.json,L,CF3,174,1.0001887226178365
CB1_CORE_L_CF3_R04,Adapted DCGA,530105,5595.0,348.25013615298667,348.0,154.79541109898128,2612,True,cb1_core,3d97e6a3f84d930213c424a633fa9e8192b16ec4eb9c2f169f65c0b48e691f0a,outputs/phase5c/search/cb1_core/formal/adapted_dcga/CB1_CORE_L_CF3_R04/seed_530105.json,L,CF3,174,1.0007187820488124
CB1_CORE_L_CF3_R04,Adapted DCGA,530106,5449.0,348.1105236860167,348.0,265.47577755499515,2938,True,cb1_core,3d97e6a3f84d930213c424a633fa9e8192b16ec4eb9c2f169f65c0b48e691f0a,outputs/phase5c/search/cb1_core/formal/adapted_dcga/CB1_CORE_L_CF3_R04/seed_530106.json,L,CF3,174,1.0003175967988984
CB1_CORE_L_CF3_R04,Adapted DCGA,530107,5463.0,348.0702810010116,348.0,126.46140893202391,2794,True,cb1_core,3d97e6a3f84d930213c424a633fa9e8192b16ec4eb9c2f169f65c0b48e691f0a,outputs/phase5c/search/cb1_core/formal/adapted_dcga/CB1_CORE_L_CF3_R04/seed_530107.json,L,CF3,174,1.0002019568994587
CB1_CORE_L_CF3_R04,Adapted DCGA,530108,5259.0,348.1004866930016,348.0,320.80800888797967,2618,True,cb1_core,3d97e6a3f84d930213c424a633fa9e8192b16ec4eb9c2f169f65c0b48e691f0a,outputs/phase5c/search/cb1_core/formal/adapted_dcga/CB1_CORE_L_CF3_R04/seed_530108.json,L,CF3,174,1.000288754864947
CB1_CORE_L_CF3_R04,Adapted DCGA,530109,5457.0,348.1771936790028,348.0,327.6573760040046,2900,True,cb1_core,3d97e6a3f84d930213c424a633fa9e8192b16ec4eb9c2f169f65c0b48e691f0a,outputs/phase5c/search/cb1_core/formal/adapted_dcga/CB1_CORE_L_CF3_R04/seed_530109.json,L,CF3,174,1.0005091772385137
CB1_CORE_L_CF3_R04,Adapted DCGA,530110,5521.0,348.2054271280067,348.0,301.15293832001043,2594,True,cb1_core,3d97e6a3f84d930213c424a633fa9e8192b16ec4eb9c2f169f65c0b48e691f0a,outputs/phase5c/search/cb1_core/formal/adapted_dcga/CB1_CORE_L_CF3_R04/seed_530110.json,L,CF3,174,1.0005903078390996
CB1_CORE_L_CF3_R05,Adapted DCGA,530101,5239.0,366.019116423995,366.0,259.05122208199464,2632,True,cb1_core,3d97e6a3f84d930213c424a633fa9e8192b16ec4eb9c2f169f65c0b48e691f0a,outputs/phase5c/search/cb1_core/formal/adapted_dcga/CB1_CORE_L_CF3_R05/seed_530101.json,L,CF3,183,1.000052230666653
CB1_CORE_L_CF3_R05,Adapted DCGA,530102,5284.0,366.2292411219969,366.0,345.7586865960038,2750,True,cb1_core,3d97e6a3f84d930213c424a633fa9e8192b16ec4eb9c2f169f65c0b48e691f0a,outputs/phase5c/search/cb1_core/formal/adapted_dcga/CB1_CORE_L_CF3_R05/seed_530102.json,L,CF3,183,1.0006263418633794
CB1_CORE_L_CF3_R05,Adapted DCGA,530103,5275.0,366.29197741902317,366.0,343.6638465540018,2646,True,cb1_core,3d97e6a3f84d930213c424a633fa9e8192b16ec4eb9c2f169f65c0b48e691f0a,outputs/phase5c/search/cb1_core/formal/adapted_dcga/CB1_CORE_L_CF3_R05/seed_530103.json,L,CF3,183,1.0007977525109923
CB1_CORE_L_CF3_R05,Adapted DCGA,530104,5139.0,366.0170378269977,366.0,143.32126348698512,2652,True,cb1_core,3d97e6a3f84d930213c424a633fa9e8192b16ec4eb9c2f169f65c0b48e691f0a,outputs/phase5c/search/cb1_core/formal/adapted_dcga/CB1_CORE_L_CF3_R05/seed_530104.json,L,CF3,183,1.0000465514398844
CB1_CORE_L_CF3_R05,Adapted DCGA,530105,5281.0,366.0364456399984,366.0,298.25380885699997,2496,True,cb1_core,3d97e6a3f84d930213c424a633fa9e8192b16ec4eb9c2f169f65c0b48e691f0a,outputs/phase5c/search/cb1_core/formal/adapted_dcga/CB1_CORE_L_CF3_R05/seed_530105.json,L,CF3,183,1.0000995782513618
CB1_CORE_L_CF3_R05,Adapted DCGA,530106,5264.0,366.1966354979959,366.0,139.0055890090007,2764,True,cb1_core,3d97e6a3f84d930213c424a633fa9e8192b16ec4eb9c2f169f65c0b48e691f0a,outputs/phase5c/search/cb1_core/formal/adapted_dcga/CB1_CORE_L_CF3_R05/seed_530106.json,L,CF3,183,1.000537255459005
CB1_CORE_L_CF3_R05,Adapted DCGA,530107,5184.0,366.1705941600085,366.0,360.88384140399285,2714,True,cb1_core,3d97e6a3f84d930213c424a633fa9e8192b16ec4eb9c2f169f65c0b48e691f0a,outputs/phase5c/search/cb1_core/formal/adapted_dcga/CB1_CORE_L_CF3_R05/seed_530107.json,L,CF3,183,1.0004661042623182
CB1_CORE_L_CF3_R05,Adapted DCGA,530108,5214.0,366.2563948839961,366.0,357.574888239993,2758,True,cb1_core,3d97e6a3f84d930213c424a633fa9e8192b16ec4eb9c2f169f65c0b48e691f0a,outputs/phase5c/search/cb1_core/formal/adapted_dcga/CB1_CORE_L_CF3_R05/seed_530108.json,L,CF3,183,1.0007005324699347
CB1_CORE_L_CF3_R05,Adapted DCGA,530109,5127.0,366.1607925549906,366.0,244.93765086500207,2660,True,cb1_core,3d97e6a3f84d930213c424a633fa9e8192b16ec4eb9c2f169f65c0b48e691f0a,outputs/phase5c/search/cb1_core/formal/adapted_dcga/CB1_CORE_L_CF3_R05/seed_530109.json,L,CF3,183,1.0004393239207394
CB1_CORE_L_CF3_R05,Adapted DCGA,530110,5227.0,366.3221277059929,366.0,143.1056066660094,2660,True,cb1_core,3d97e6a3f84d930213c424a633fa9e8192b16ec4eb9c2f169f65c0b48e691f0a,outputs/phase5c/search/cb1_core/formal/adapted_dcga/CB1_CORE_L_CF3_R05/seed_530110.json,L,CF3,183,1.000880130344243
CB1_CORE_M_CF1_R01,Adapted DCGA,530101,3254.0,228.04776245099492,228.0,58.985033779987134,4062,True,cb1_core,3d97e6a3f84d930213c424a633fa9e8192b16ec4eb9c2f169f65c0b48e691f0a,outputs/phase5c/search/cb1_core/formal/adapted_dcga/CB1_CORE_M_CF1_R01/seed_530101.json,M,CF1,114,1.0002094844341882
CB1_CORE_M_CF1_R01,Adapted DCGA,530102,3253.0,228.0638567119895,228.0,156.91758712098817,4206,True,cb1_core,3d97e6a3f84d930213c424a633fa9e8192b16ec4eb9c2f169f65c0b48e691f0a,outputs/phase5c/search/cb1_core/formal/adapted_dcga/CB1_CORE_M_CF1_R01/seed_530102.json,M,CF1,114,1.0002800732981996
CB1_CORE_M_CF1_R01,Adapted DCGA,530103,3346.0,239.93661266300478,228.0,63.109212306997506,3994,True,cb1_core,3d97e6a3f84d930213c424a633fa9e8192b16ec4eb9c2f169f65c0b48e691f0a,outputs/phase5c/search/cb1_core/formal/adapted_dcga/CB1_CORE_M_CF1_R01/seed_530103.json,M,CF1,114,1.0523535643114246
CB1_CORE_M_CF1_R01,Adapted DCGA,530104,3255.0,228.0725330010173,228.0,145.8233613720222,4144,True,cb1_core,3d97e6a3f84d930213c424a633fa9e8192b16ec4eb9c2f169f65c0b48e691f0a,outputs/phase5c/search/cb1_core/formal/adapted_dcga/CB1_CORE_M_CF1_R01/seed_530104.json,M,CF1,114,1.0003181271974442
CB1_CORE_M_CF1_R01,Adapted DCGA,530105,3183.0,259.4810337169911,228.0,246.13779937199433,3994,True,cb1_core,3d97e6a3f84d930213c424a633fa9e8192b16ec4eb9c2f169f65c0b48e691f0a,outputs/phase5c/search/cb1_core/formal/adapted_dcga/CB1_CORE_M_CF1_R01/seed_530105.json,M,CF1,114,1.1380747092850485
CB1_CORE_M_CF1_R01,Adapted DCGA,530106,3273.0,255.599777053023,228.0,215.8595567420125,3994,True,cb1_core,3d97e6a3f84d930213c424a633fa9e8192b16ec4eb9c2f169f65c0b48e691f0a,outputs/phase5c/search/cb1_core/formal/adapted_dcga/CB1_CORE_M_CF1_R01/seed_530106.json,M,CF1,114,1.1210516537413289
CB1_CORE_M_CF1_R01,Adapted DCGA,530107,3261.0,256.60321348300204,228.0,138.39316111101652,3994,True,cb1_core,3d97e6a3f84d930213c424a633fa9e8192b16ec4eb9c2f169f65c0b48e691f0a,outputs/phase5c/search/cb1_core/formal/adapted_dcga/CB1_CORE_M_CF1_R01/seed_530107.json,M,CF1,114,1.1254526907149212
CB1_CORE_M_CF1_R01,Adapted DCGA,530108,3315.0,228.07400232699,228.0,182.81262883899035,4264,True,cb1_core,3d97e6a3f84d930213c424a633fa9e8192b16ec4eb9c2f169f65c0b48e691f0a,outputs/phase5c/search/cb1_core/formal/adapted_dcga/CB1_CORE_M_CF1_R01/seed_530108.json,M,CF1,114,1.0003245716096054
CB1_CORE_M_CF1_R01,Adapted DCGA,530109,3256.0,228.01791418800713,228.0,185.00826227798825,4242,True,cb1_core,3d97e6a3f84d930213c424a633fa9e8192b16ec4eb9c2f169f65c0b48e691f0a,outputs/phase5c/search/cb1_core/formal/adapted_dcga/CB1_CORE_M_CF1_R01/seed_530109.json,M,CF1,114,1.0000785710000313
CB1_CORE_M_CF1_R01,Adapted DCGA,530110,3204.0,241.24486467099632,228.0,176.86465318099363,3994,True,cb1_core,3d97e6a3f84d930213c424a633fa9e8192b16ec4eb9c2f169f65c0b48e691f0a,outputs/phase5c/search/cb1_core/formal/adapted_dcga/CB1_CORE_M_CF1_R01/seed_530110.json,M,CF1,114,1.0580915117148961
CB1_CORE_M_CF1_R02,Adapted DCGA,530101,3920.0,284.5199254580075,260.0,182.74876868500724,3994,True,cb1_core,3d97e6a3f84d930213c424a633fa9e8192b16ec4eb9c2f169f65c0b48e691f0a,outputs/phase5c/search/cb1_core/formal/adapted_dcga/CB1_CORE_M_CF1_R02/seed_530101.json,M,CF1,130,1.094307405607721
CB1_CORE_M_CF1_R02,Adapted DCGA,530102,3828.0,289.81299039599253,260.0,262.1035315920017,3994,True,cb1_core,3d97e6a3f84d930213c424a633fa9e8192b16ec4eb9c2f169f65c0b48e691f0a,outputs/phase5c/search/cb1_core/formal/adapted_dcga/CB1_CORE_M_CF1_R02/seed_530102.json,M,CF1,130,1.1146653476768944
CB1_CORE_M_CF1_R02,Adapted DCGA,530103,3872.0,323.795474663988,260.0,321.29915787797654,3994,True,cb1_core,3d97e6a3f84d930213c424a633fa9e8192b16ec4eb9c2f169f65c0b48e691f0a,outputs/phase5c/search/cb1_core/formal/adapted_dcga/CB1_CORE_M_CF1_R02/seed_530103.json,M,CF1,130,1.2453672102461077
CB1_CORE_M_CF1_R02,Adapted DCGA,530104,3855.0,280.9147651310195,260.0,278.41942212500726,3994,True,cb1_core,3d97e6a3f84d930213c424a633fa9e8192b16ec4eb9c2f169f65c0b48e691f0a,outputs/phase5c/search/cb1_core/formal/adapted_dcga/CB1_CORE_M_CF1_R02/seed_530104.json,M,CF1,130,1.0804414043500752
CB1_CORE_M_CF1_R02,Adapted DCGA,530105,3789.0,309.2699581809866,260.0,258.08109682099894,3994,True,cb1_core,3d97e6a3f84d930213c424a633fa9e8192b16ec4eb9c2f169f65c0b48e691f0a,outputs/phase5c/search/cb1_core/formal/adapted_dcga/CB1_CORE_M_CF1_R02/seed_530105.json,M,CF1,130,1.1894998391576408
CB1_CORE_M_CF1_R02,Adapted DCGA,530106,3849.0,306.0683169660042,260.0,174.78673562197946,3994,True,cb1_core,3d97e6a3f84d930213c424a633fa9e8192b16ec4eb9c2f169f65c0b48e691f0a,outputs/phase5c/search/cb1_core/formal/adapted_dcga/CB1_CORE_M_CF1_R02/seed_530106.json,M,CF1,130,1.1771858344846315
CB1_CORE_M_CF1_R02,Adapted DCGA,530107,3856.0,271.10371535201557,260.0,184.2840652599989,3994,True,cb1_core,3d97e6a3f84d930213c424a633fa9e8192b16ec4eb9c2f169f65c0b48e691f0a,outputs/phase5c/search/cb1_core/formal/adapted_dcga/CB1_CORE_M_CF1_R02/seed_530107.json,M,CF1,130,1.0427065975077523
CB1_CORE_M_CF1_R02,Adapted DCGA,530108,3893.0,311.32379468300496,260.0,264.1484951090242,3994,True,cb1_core,3d97e6a3f84d930213c424a633fa9e8192b16ec4eb9c2f169f65c0b48e691f0a,outputs/phase5c/search/cb1_core/formal/adapted_dcga/CB1_CORE_M_CF1_R02/seed_530108.json,M,CF1,130,1.19739921031925
CB1_CORE_M_CF1_R02,Adapted DCGA,530109,3877.0,267.3857129460084,260.0,159.1160425329872,3994,True,cb1_core,3d97e6a3f84d930213c424a633fa9e8192b16ec4eb9c2f169f65c0b48e691f0a,outputs/phase5c/search/cb1_core/formal/adapted_dcga/CB1_CORE_M_CF1_R02/seed_530109.json,M,CF1,130,1.0284065882538787
CB1_CORE_M_CF1_R02,Adapted DCGA,530110,3824.0,269.8772110599966,260.0,187.7402425330074,3994,True,cb1_core,3d97e6a3f84d930213c424a633fa9e8192b16ec4eb9c2f169f65c0b48e691f0a,outputs/phase5c/search/cb1_core/formal/adapted_dcga/CB1_CORE_M_CF1_R02/seed_530110.json,M,CF1,130,1.0379892733076794
CB1_CORE_M_CF1_R03,Adapted DCGA,530101,3506.0,242.74531848999322,230.0,229.82099605698022,3994,True,cb1_core,3d97e6a3f84d930213c424a633fa9e8192b16ec4eb9c2f169f65c0b48e691f0a,outputs/phase5c/search/cb1_core/formal/adapted_dcga/CB1_CORE_M_CF1_R03/seed_530101.json,M,CF1,115,1.0554144282173619
CB1_CORE_M_CF1_R03,Adapted DCGA,530102,3488.0,251.69204852401162,230.0,251.077005174011,3994,True,cb1_core,3d97e6a3f84d930213c424a633fa9e8192b16ec4eb9c2f169f65c0b48e691f0a,outputs/phase5c/search/cb1_core/formal/adapted_dcga/CB1_CORE_M_CF1_R03/seed_530102.json,M,CF1,115,1.0943132544522245
CB1_CORE_M_CF1_R03,Adapted DCGA,530103,3520.0,261.0658180869941,230.0,200.99889985399204,3994,True,cb1_core,3d97e6a3f84d930213c424a633fa9e8192b16ec4eb9c2f169f65c0b48e691f0a,outputs/phase5c/search/cb1_core/formal/adapted_dcga/CB1_CORE_M_CF1_R03/seed_530103.json,M,CF1,115,1.1350687742912788
CB1_CORE_M_CF1_R03,Adapted DCGA,530104,3490.0,259.00216791400453,230.0,214.58436024800176,3994,True,cb1_core,3d97e6a3f84d930213c424a633fa9e8192b16ec4eb9c2f169f65c0b48e691f0a,outputs/phase5c/search/cb1_core/formal/adapted_dcga/CB1_CORE_M_CF1_R03/seed_530104.json,M,CF1,115,1.1260963822348022
CB1_CORE_M_CF1_R03,Adapted DCGA,530105,3523.0,261.4781673840189,230.0,95.89558662701165,3994,True,cb1_core,3d97e6a3f84d930213c424a633fa9e8192b16ec4eb9c2f169f65c0b48e691f0a,outputs/phase5c/search/cb1_core/formal/adapted_dcga/CB1_CORE_M_CF1_R03/seed_530105.json,M,CF1,115,1.1368615973218212
CB1_CORE_M_CF1_R03,Adapted DCGA,530106,3518.0,260.5515446859936,230.0,77.10929173100158,3994,True,cb1_core,3d97e6a3f84d930213c424a633fa9e8192b16ec4eb9c2f169f65c0b48e691f0a,outputs/phase5c/search/cb1_core/formal/adapted_dcga/CB1_CORE_M_CF1_R03/seed_530106.json,M,CF1,115,1.1328328029825807
CB1_CORE_M_CF1_R03,Adapted DCGA,530107,3499.0,245.54962468802114,230.0,221.44847641300294,3994,True,cb1_core,3d97e6a3f84d930213c424a633fa9e8192b16ec4eb9c2f169f65c0b48e691f0a,outputs/phase5c/search/cb1_core/formal/adapted_dcga/CB1_CORE_M_CF1_R03/seed_530107.json,M,CF1,115,1.0676070638609614
CB1_CORE_M_CF1_R03,Adapted DCGA,530108,3509.0,260.4661316720012,230.0,251.8475475620071,3994,True,cb1_core,3d97e6a3f84d930213c424a633fa9e8192b16ec4eb9c2f169f65c0b48e691f0a,outputs/phase5c/search/cb1_core/formal/adapted_dcga/CB1_CORE_M_CF1_R03/seed_530108.json,M,CF1,115,1.1324614420521792
CB1_CORE_M_CF1_R03,Adapted DCGA,530109,3514.0,230.00276813301025,230.0,218.99734698902466,4230,True,cb1_core,3d97e6a3f84d930213c424a633fa9e8192b16ec4eb9c2f169f65c0b48e691f0a,outputs/phase5c/search/cb1_core/formal/adapted_dcga/CB1_CORE_M_CF1_R03/seed_530109.json,M,CF1,115,1.000012035360914
CB1_CORE_M_CF1_R03,Adapted DCGA,530110,3512.0,255.1457074190257,230.0,99.91136054202798,3994,True,cb1_core,3d97e6a3f84d930213c424a633fa9e8192b16ec4eb9c2f169f65c0b48e691f0a,outputs/phase5c/search/cb1_core/formal/adapted_dcga/CB1_CORE_M_CF1_R03/seed_530110.json,M,CF1,115,1.1093291626914161
CB1_CORE_M_CF1_R04,Adapted DCGA,530101,3249.0,220.03139946199371,220.0,175.54554529997404,4216,True,cb1_core,3d97e6a3f84d930213c424a633fa9e8192b16ec4eb9c2f169f65c0b48e691f0a,outputs/phase5c/search/cb1_core/formal/adapted_dcga/CB1_CORE_M_CF1_R04/seed_530101.json,M,CF1,110,1.000142724827244
CB1_CORE_M_CF1_R04,Adapted DCGA,530102,3379.0,242.66330909801763,220.0,106.90602157701505,3994,True,cb1_core,3d97e6a3f84d930213c424a633fa9e8192b16ec4eb9c2f169f65c0b48e691f0a,outputs/phase5c/search/cb1_core/formal/adapted_dcga/CB1_CORE_M_CF1_R04/seed_530102.json,M,CF1,110,1.1030150413546256
CB1_CORE_M_CF1_R04,Adapted DCGA,530103,3277.0,220.07631858697277,220.0,184.8063936699764,4366,True,cb1_core,3d97e6a3f84d930213c424a633fa9e8192b16ec4eb9c2f169f65c0b48e691f0a,outputs/phase5c/search/cb1_core/formal/adapted_dcga/CB1_CORE_M_CF1_R04/seed_530103.json,M,CF1,110,1.000346902668058
CB1_CORE_M_CF1_R04,Adapted DCGA,530104,3316.0,220.01332572300453,220.0,180.78777136598364,4258,True,cb1_core,3d97e6a3f84d930213c424a633fa9e8192b16ec4eb9c2f169f65c0b48e691f0a,outputs/phase5c/search/cb1_core/formal/adapted_dcga/CB1_CORE_M_CF1_R04/seed_530104.json,M,CF1,110,1.0000605714682025
CB1_CORE_M_CF1_R04,Adapted DCGA,530105,3355.0,240.69743310799822,220.0,199.80283668998163,3994,True,cb1_core,3d97e6a3f84d930213c424a633fa9e8192b16ec4eb9c2f169f65c0b48e691f0a,outputs/phase5c/search/cb1_core/formal/adapted_dcga/CB1_CORE_M_CF1_R04/seed_530105.json,M,CF1,110,1.094079241399992
CB1_CORE_M_CF1_R04,Adapted DCGA,530106,3339.0,241.06465814600233,220.0,189.28695586399408,3994,True,cb1_core,3d97e6a3f84d930213c424a633fa9e8192b16ec4eb9c2f169f65c0b48e691f0a,outputs/phase5c/search/cb1_core/formal/adapted_dcga/CB1_CORE_M_CF1_R04/seed_530106.json,M,CF1,110,1.0957484461181923
CB1_CORE_M_CF1_R04,Adapted DCGA,530107,3309.0,241.3353509620065,220.0,123.65601214399794,3994,True,cb1_core,3d97e6a3f84d930213c424a633fa9e8192b16ec4eb9c2f169f65c0b48e691f0a,outputs/phase5c/search/cb1_core/formal/adapted_dcga/CB1_CORE_M_CF1_R04/seed_530107.json,M,CF1,110,1.0969788680091204
CB1_CORE_M_CF1_R04,Adapted DCGA,530108,3334.0,220.06562516800477,220.0,211.84963715798222,4136,True,cb1_core,3d97e6a3f84d930213c424a633fa9e8192b16ec4eb9c2f169f65c0b48e691f0a,outputs/phase5c/search/cb1_core/formal/adapted_dcga/CB1_CORE_M_CF1_R04/seed_530108.json,M,CF1,110,1.0002982962182034
CB1_CORE_M_CF1_R04,Adapted DCGA,530109,3328.0,220.07845203200122,220.0,133.66495743600535,4292,True,cb1_core,3d97e6a3f84d930213c424a633fa9e8192b16ec4eb9c2f169f65c0b48e691f0a,outputs/phase5c/search/cb1_core/formal/adapted_dcga/CB1_CORE_M_CF1_R04/seed_530109.json,M,CF1,110,1.00035660014546
CB1_CORE_M_CF1_R04,Adapted DCGA,530110,3357.0,220.05238935298985,220.0,60.78163263699389,4030,True,cb1_core,3d97e6a3f84d930213c424a633fa9e8192b16ec4eb9c2f169f65c0b48e691f0a,outputs/phase5c/search/cb1_core/formal/adapted_dcga/CB1_CORE_M_CF1_R04/seed_530110.json,M,CF1,110,1.000238133422681
CB1_CORE_M_CF1_R05,Adapted DCGA,530101,3160.0,235.92050755699165,220.0,233.0460816329869,3994,True,cb1_core,3d97e6a3f84d930213c424a633fa9e8192b16ec4eb9c2f169f65c0b48e691f0a,outputs/phase5c/search/cb1_core/formal/adapted_dcga/CB1_CORE_M_CF1_R05/seed_530101.json,M,CF1,110,1.0723659434408712
CB1_CORE_M_CF1_R05,Adapted DCGA,530102,3184.0,241.79161468797247,220.0,241.56493398197927,3994,True,cb1_core,3d97e6a3f84d930213c424a633fa9e8192b16ec4eb9c2f169f65c0b48e691f0a,outputs/phase5c/search/cb1_core/formal/adapted_dcga/CB1_CORE_M_CF1_R05/seed_530102.json,M,CF1,110,1.0990527940362385
CB1_CORE_M_CF1_R05,Adapted DCGA,530103,3183.0,220.0723996500019,220.0,189.94215869199252,4320,True,cb1_core,3d97e6a3f84d930213c424a633fa9e8192b16ec4eb9c2f169f65c0b48e691f0a,outputs/phase5c/search/cb1_core/formal/adapted_dcga/CB1_CORE_M_CF1_R05/seed_530103.json,M,CF1,110,1.0003290893181904
CB1_CORE_M_CF1_R05,Adapted DCGA,530104,3147.0,220.0342298579926,220.0,201.35673103202134,4346,True,cb1_core,3d97e6a3f84d930213c424a633fa9e8192b16ec4eb9c2f169f65c0b48e691f0a,outputs/phase5c/search/cb1_core/formal/adapted_dcga/CB1_CORE_M_CF1_R05/seed_530104.json,M,CF1,110,1.0001555902636028
CB1_CORE_M_CF1_R05,Adapted DCGA,530105,3135.0,220.50269557500724,220.0,147.20456319500227,4338,True,cb1_core,3d97e6a3f84d930213c424a633fa9e8192b16ec4eb9c2f169f65c0b48e691f0a,outputs/phase5c/search/cb1_core/formal/adapted_dcga/CB1_CORE_M_CF1_R05/seed_530105.json,M,CF1,110,1.0022849798863966
CB1_CORE_M_CF1_R05,Adapted DCGA,530106,3170.0,240.02838804401108,220.0,186.45073936099652,3994,True,cb1_core,3d97e6a3f84d930213c424a633fa9e8192b16ec4eb9c2f169f65c0b48e691f0a,outputs/phase5c/search/cb1_core/formal/adapted_dcga/CB1_CORE_M_CF1_R05/seed_530106.json,M,CF1,110,1.0910381274727776
CB1_CORE_M_CF1_R05,Adapted DCGA,530107,3125.0,240.11212729898398,220.0,212.81674939297955,3994,True,cb1_core,3d97e6a3f84d930213c424a633fa9e8192b16ec4eb9c2f169f65c0b48e691f0a,outputs/phase5c/search/cb1_core/formal/adapted_dcga/CB1_CORE_M_CF1_R05/seed_530107.json,M,CF1,110,1.0914187604499272
CB1_CORE_M_CF1_R05,Adapted DCGA,530108,3152.0,220.07135501800803,220.0,173.20726966499933,4312,True,cb1_core,3d97e6a3f84d930213c424a633fa9e8192b16ec4eb9c2f169f65c0b48e691f0a,outputs/phase5c/search/cb1_core/formal/adapted_dcga/CB1_CORE_M_CF1_R05/seed_530108.json,M,CF1,110,1.0003243409909457
CB1_CORE_M_CF1_R05,Adapted DCGA,530109,3132.0,220.00308199197752,220.0,136.0928867609764,4326,True,cb1_core,3d97e6a3f84d930213c424a633fa9e8192b16ec4eb9c2f169f65c0b48e691f0a,outputs/phase5c/search/cb1_core/formal/adapted_dcga/CB1_CORE_M_CF1_R05/seed_530109.json,M,CF1,110,1.0000140090544434
CB1_CORE_M_CF1_R05,Adapted DCGA,530110,3077.0,238.15995873400243,220.0,237.6494974679954,3994,True,cb1_core,3d97e6a3f84d930213c424a633fa9e8192b16ec4eb9c2f169f65c0b48e691f0a,outputs/phase5c/search/cb1_core/formal/adapted_dcga/CB1_CORE_M_CF1_R05/seed_530110.json,M,CF1,110,1.0825452669727382
CB1_CORE_M_CF2_R01,Adapted DCGA,530101,3729.0,290.5684058670013,244.0,227.69939183801762,3994,True,cb1_core,3d97e6a3f84d930213c424a633fa9e8192b16ec4eb9c2f169f65c0b48e691f0a,outputs/phase5c/search/cb1_core/formal/adapted_dcga/CB1_CORE_M_CF2_R01/seed_530101.json,M,CF2,122,1.190854122405743
CB1_CORE_M_CF2_R01,Adapted DCGA,530102,3770.0,288.2223761409987,244.0,277.4706756709784,3994,True,cb1_core,3d97e6a3f84d930213c424a633fa9e8192b16ec4eb9c2f169f65c0b48e691f0a,outputs/phase5c/search/cb1_core/formal/adapted_dcga/CB1_CORE_M_CF2_R01/seed_530102.json,M,CF2,122,1.1812392464795027
CB1_CORE_M_CF2_R01,Adapted DCGA,530103,3642.0,245.73763993100147,244.0,135.90626707300544,3994,True,cb1_core,3d97e6a3f84d930213c424a633fa9e8192b16ec4eb9c2f169f65c0b48e691f0a,outputs/phase5c/search/cb1_core/formal/adapted_dcga/CB1_CORE_M_CF2_R01/seed_530103.json,M,CF2,122,1.0071214751270552
CB1_CORE_M_CF2_R01,Adapted DCGA,530104,3692.0,286.8564305359905,244.0,245.73426645298605,3994,True,cb1_core,3d97e6a3f84d930213c424a633fa9e8192b16ec4eb9c2f169f65c0b48e691f0a,outputs/phase5c/search/cb1_core/formal/adapted_dcga/CB1_CORE_M_CF2_R01/seed_530104.json,M,CF2,122,1.1756411087540595
CB1_CORE_M_CF2_R01,Adapted DCGA,530105,3672.0,287.9443766690092,244.0,72.17001711399644,3994,True,cb1_core,3d97e6a3f84d930213c424a633fa9e8192b16ec4eb9c2f169f65c0b48e691f0a,outputs/phase5c/search/cb1_core/formal/adapted_dcga/CB1_CORE_M_CF2_R01/seed_530105.json,M,CF2,122,1.1800999043811853
CB1_CORE_M_CF2_R01,Adapted DCGA,530106,3678.0,252.89097642697743,244.0,204.96150736897835,3994,True,cb1_core,3d97e6a3f84d930213c424a633fa9e8192b16ec4eb9c2f169f65c0b48e691f0a,outputs/phase5c/search/cb1_core/formal/adapted_dcga/CB1_CORE_M_CF2_R01/seed_530106.json,M,CF2,122,1.0364384279794157
CB1_CORE_M_CF2_R01,Adapted DCGA,530107,3778.0,260.6645739869855,244.0,189.80335051799193,3994,True,cb1_core,3d97e6a3f84d930213c424a633fa9e8192b16ec4eb9c2f169f65c0b48e691f0a,outputs/phase5c/search/cb1_core/formal/adapted_dcga/CB1_CORE_M_CF2_R01/seed_530107.json,M,CF2,122,1.0682974343728913
CB1_CORE_M_CF2_R01,Adapted DCGA,530108,3753.0,244.10418227198534,244.0,147.2804609029845,4008,True,cb1_core,3d97e6a3f84d930213c424a633fa9e8192b16ec4eb9c2f169f65c0b48e691f0a,outputs/phase5c/search/cb1_core/formal/adapted_dcga/CB1_CORE_M_CF2_R01/seed_530108.json,M,CF2,122,1.0004269765245302
CB1_CORE_M_CF2_R01,Adapted DCGA,530109,3611.0,244.08410557801835,244.0,212.0498144820158,4020,True,cb1_core,3d97e6a3f84d930213c424a633fa9e8192b16ec4eb9c2f169f65c0b48e691f0a,outputs/phase5c/search/cb1_core/formal/adapted_dcga/CB1_CORE_M_CF2_R01/seed_530109.json,M,CF2,122,1.0003446949918784
CB1_CORE_M_CF2_R01,Adapted DCGA,530110,3741.0,270.92507893400034,244.0,255.5515786469914,3994,True,cb1_core,3d97e6a3f84d930213c424a633fa9e8192b16ec4eb9c2f169f65c0b48e691f0a,outputs/phase5c/search/cb1_core/formal/adapted_dcga/CB1_CORE_M_CF2_R01/seed_530110.json,M,CF2,122,1.110348684155739
CB1_CORE_M_CF2_R02,Adapted DCGA,530101,3202.0,260.6531611929822,230.0,201.71753910300322,3994,True,cb1_core,3d97e6a3f84d930213c424a633fa9e8192b16ec4eb9c2f169f65c0b48e691f0a,outputs/phase5c/search/cb1_core/formal/adapted_dcga/CB1_CORE_M_CF2_R02/seed_530101.json,M,CF2,115,1.1332746138825314
CB1_CORE_M_CF2_R02,Adapted DCGA,530102,3182.0,262.50558737598476,230.0,86.13378755300073,3994,True,cb1_core,3d97e6a3f84d930213c424a633fa9e8192b16ec4eb9c2f169f65c0b48e691f0a,outputs/phase5c/search/cb1_core/formal/adapted_dcga/CB1_CORE_M_CF2_R02/seed_530102.json,M,CF2,115,1.141328640765151
CB1_CORE_M_CF2_R02,Adapted DCGA,530103,3228.0,230.00737918700906,230.0,177.7491943220084,4170,True,cb1_core,3d97e6a3f84d930213c424a633fa9e8192b16ec4eb9c2f169f65c0b48e691f0a,outputs/phase5c/search/cb1_core/formal/adapted_dcga/CB1_CORE_M_CF2_R02/seed_530103.json,M,CF2,115,1.0000320834217786
CB1_CORE_M_CF2_R02,Adapted DCGA,530104,3159.0,259.8637569260027,230.0,157.36115906000487,3994,True,cb1_core,3d97e6a3f84d930213c424a633fa9e8192b16ec4eb9c2f169f65c0b48e691f0a,outputs/phase5c/search/cb1_core/formal/adapted_dcga/CB1_CORE_M_CF2_R02/seed_530104.json,M,CF2,115,1.129842421417403
CB1_CORE_M_CF2_R02,Adapted DCGA,530105,3245.0,260.9793998589739,230.0,202.7009336409974,3994,True,cb1_core,3d97e6a3f84d930213c424a633fa9e8192b16ec4eb9c2f169f65c0b48e691f0a,outputs/phase5c/search/cb1_core/formal/adapted_dcga/CB1_CORE_M_CF2_R02/seed_530105.json,M,CF2,115,1.134693042865104
CB1_CORE_M_CF2_R02,Adapted DCGA,530106,3205.0,260.7433941499912,230.0,65.23115658899769,3994,True,cb1_core,3d97e6a3f84d930213c424a633fa9e8192b16ec4eb9c2f169f65c0b48e691f0a,outputs/phase5c/search/cb1_core/formal/adapted_dcga/CB1_CORE_M_CF2_R02/seed_530106.json,M,CF2,115,1.1336669310869183
CB1_CORE_M_CF2_R02,Adapted DCGA,530107,3220.0,230.00423180899816,230.0,170.7871084829967,4110,True,cb1_core,3d97e6a3f84d930213c424a633fa9e8192b16ec4eb9c2f169f65c0b48e691f0a,outputs/phase5c/search/cb1_core/formal/adapted_dcga/CB1_CORE_M_CF2_R02/seed_530107.json,M,CF2,115,1.0000183991695573
CB1_CORE_M_CF2_R02,Adapted DCGA,530108,3177.0,230.04176145701786,230.0,173.7771046940179,4182,True,cb1_core,3d97e6a3f84d930213c424a633fa9e8192b16ec4eb9c2f169f65c0b48e691f0a,outputs/phase5c/search/cb1_core/formal/adapted_dcga/CB1_CORE_M_CF2_R02/seed_530108.json,M,CF2,115,1.0001815715522515
CB1_CORE_M_CF2_R02,Adapted DCGA,530109,3223.0,236.4607821039972,230.0,190.3478377069987,3994,True,cb1_core,3d97e6a3f84d930213c424a633fa9e8192b16ec4eb9c2f169f65c0b48e691f0a,outputs/phase5c/search/cb1_core/formal/adapted_dcga/CB1_CORE_M_CF2_R02/seed_530109.json,M,CF2,115,1.0280903569739008
CB1_CORE_M_CF2_R02,Adapted DCGA,530110,3206.0,257.3375013449986,230.0,146.32552324299468,3994,True,cb1_core,3d97e6a3f84d930213c424a633fa9e8192b16ec4eb9c2f169f65c0b48e691f0a,outputs/phase5c/search/cb1_core/formal/adapted_dcga/CB1_CORE_M_CF2_R02/seed_530110.json,M,CF2,115,1.118858701499994
CB1_CORE_M_CF2_R03,Adapted DCGA,530101,3585.0,274.59089852299076,244.0,183.89729903198895,3994,True,cb1_core,3d97e6a3f84d930213c424a633fa9e8192b16ec4eb9c2f169f65c0b48e691f0a,outputs/phase5c/search/cb1_core/formal/adapted_dcga/CB1_CORE_M_CF2_R03/seed_530101.json,M,CF2,122,1.1253725349302899
CB1_CORE_M_CF2_R03,Adapted DCGA,530102,3441.0,244.06010711099952,244.0,130.23345129101654,4054,True,cb1_core,3d97e6a3f84d930213c424a633fa9e8192b16ec4eb9c2f169f65c0b48e691f0a,outputs/phase5c/search/cb1_core/formal/adapted_dcga/CB1_CORE_M_CF2_R03/seed_530102.json,M,CF2,122,1.0002463406188504
CB1_CORE_M_CF2_R03,Adapted DCGA,530103,3552.0,272.925830297987,244.0,243.34508282897878,3994,True,cb1_core,3d97e6a3f84d930213c424a633fa9e8192b16ec4eb9c2f169f65c0b48e691f0a,outputs/phase5c/search/cb1_core/formal/adapted_dcga/CB1_CORE_M_CF2_R03/seed_530103.json,M,CF2,122,1.1185484848278155
CB1_CORE_M_CF2_R03,Adapted DCGA,530104,3561.0,244.04601808800362,244.0,183.28448216500692,4056,True,cb1_core,3d97e6a3f84d930213c424a633fa9e8192b16ec4eb9c2f169f65c0b48e691f0a,outputs/phase5c/search/cb1_core/formal/adapted_dcga/CB1_CORE_M_CF2_R03/seed_530104.json,M,CF2,122,1.0001885987213264
CB1_CORE_M_CF2_R03,Adapted DCGA,530105,3566.0,286.7337144399935,244.0,244.0724398669845,3994,True,cb1_core,3d97e6a3f84d930213c424a633fa9e8192b16ec4eb9c2f169f65c0b48e691f0a,outputs/phase5c/search/cb1_core/formal/adapted_dcga/CB1_CORE_M_CF2_R03/seed_530105.json,M,CF2,122,1.1751381739343996
CB1_CORE_M_CF2_R03,Adapted DCGA,530106,3429.0,283.43173440001556,244.0,200.59197389701148,3994,True,cb1_core,3d97e6a3f84d930213c424a633fa9e8192b16ec4eb9c2f169f65c0b48e691f0a,outputs/phase5c/search/cb1_core/formal/adapted_dcga/CB1_CORE_M_CF2_R03/seed_530106.json,M,CF2,122,1.1616054688525228
CB1_CORE_M_CF2_R03,Adapted DCGA,530107,3578.0,285.1271749010193,244.0,147.91961209199508,3994,True,cb1_core,3d97e6a3f84d930213c424a633fa9e8192b16ec4eb9c2f169f65c0b48e691f0a,outputs/phase5c/search/cb1_core/formal/adapted_dcga/CB1_CORE_M_CF2_R03/seed_530107.json,M,CF2,122,1.1685539954959807
CB1_CORE_M_CF2_R03,Adapted DCGA,530108,3572.0,285.6698889800173,244.0,177.62790465701255,3994,True,cb1_core,3d97e6a3f84d930213c424a633fa9e8192b16ec4eb9c2f169f65c0b48e691f0a,outputs/phase5c/search/cb1_core/formal/adapted_dcga/CB1_CORE_M_CF2_R03/seed_530108.json,M,CF2,122,1.170778233524661
CB1_CORE_M_CF2_R03,Adapted DCGA,530109,3468.0,280.62874266700237,244.0,206.34850813800585,3994,True,cb1_core,3d97e6a3f84d930213c424a633fa9e8192b16ec4eb9c2f169f65c0b48e691f0a,outputs/phase5c/search/cb1_core/formal/adapted_dcga/CB1_CORE_M_CF2_R03/seed_530109.json,M,CF2,122,1.1501177978155834
CB1_CORE_M_CF2_R03,Adapted DCGA,530110,3469.0,286.3372889869788,244.0,197.93163039698265,3994,True,cb1_core,3d97e6a3f84d930213c424a633fa9e8192b16ec4eb9c2f169f65c0b48e691f0a,outputs/phase5c/search/cb1_core/formal/adapted_dcga/CB1_CORE_M_CF2_R03/seed_530110.json,M,CF2,122,1.1735134794548312
CB1_CORE_M_CF2_R04,Adapted DCGA,530101,3610.0,265.0451286509924,250.0,225.68442792998394,3994,True,cb1_core,3d97e6a3f84d930213c424a633fa9e8192b16ec4eb9c2f169f65c0b48e691f0a,outputs/phase5c/search/cb1_core/formal/adapted_dcga/CB1_CORE_M_CF2_R04/seed_530101.json,M,CF2,125,1.0601805146039696
CB1_CORE_M_CF2_R04,Adapted DCGA,530102,3643.0,265.1899030089844,250.0,247.16029965199414,3994,True,cb1_core,3d97e6a3f84d930213c424a633fa9e8192b16ec4eb9c2f169f65c0b48e691f0a,outputs/phase5c/search/cb1_core/formal/adapted_dcga/CB1_CORE_M_CF2_R04/seed_530102.json,M,CF2,125,1.0607596120359377
CB1_CORE_M_CF2_R04,Adapted DCGA,530103,3630.0,298.4302305559977,250.0,183.87683504002052,3994,True,cb1_core,3d97e6a3f84d930213c424a633fa9e8192b16ec4eb9c2f169f65c0b48e691f0a,outputs/phase5c/search/cb1_core/formal/adapted_dcga/CB1_CORE_M_CF2_R04/seed_530103.json,M,CF2,125,1.1937209222239908
CB1_CORE_M_CF2_R04,Adapted DCGA,530104,3526.0,273.568690746004,250.0,241.11267659501755,3994,True,cb1_core,3d97e6a3f84d930213c424a633fa9e8192b16ec4eb9c2f169f65c0b48e691f0a,outputs/phase5c/search/cb1_core/formal/adapted_dcga/CB1_CORE_M_CF2_R04/seed_530104.json,M,CF2,125,1.094274762984016
CB1_CORE_M_CF2_R04,Adapted DCGA,530105,3609.0,282.94051876699086,250.0,275.3080934099853,3994,True,cb1_core,3d97e6a3f84d930213c424a633fa9e8192b16ec4eb9c2f169f65c0b48e691f0a,outputs/phase5c/search/cb1_core/formal/adapted_dcga/CB1_CORE_M_CF2_R04/seed_530105.json,M,CF2,125,1.1317620750679636
CB1_CORE_M_CF2_R04,Adapted DCGA,530106,3594.0,254.7430704139988,250.0,232.57900008099386,3994,True,cb1_core,3d97e6a3f84d930213c424a633fa9e8192b16ec4eb9c2f169f65c0b48e691f0a,outputs/phase5c/search/cb1_core/formal/adapted_dcga/CB1_CORE_M_CF2_R04/seed_530106.json,M,CF2,125,1.0189722816559952
CB1_CORE_M_CF2_R04,Adapted DCGA,530107,3651.0,252.94028763097594,250.0,168.73870874999557,3994,True,cb1_core,3d97e6a3f84d930213c424a633fa9e8192b16ec4eb9c2f169f65c0b48e691f0a,outputs/phase5c/search/cb1_core/formal/adapted_dcga/CB1_CORE_M_CF2_R04/seed_530107.json,M,CF2,125,1.0117611505239037
CB1_CORE_M_CF2_R04,Adapted DCGA,530108,3605.0,253.61771591499564,250.0,231.52779837400885,3994,True,cb1_core,3d97e6a3f84d930213c424a633fa9e8192b16ec4eb9c2f169f65c0b48e691f0a,outputs/phase5c/search/cb1_core/formal/adapted_dcga/CB1_CORE_M_CF2_R04/seed_530108.json,M,CF2,125,1.0144708636599826
CB1_CORE_M_CF2_R04,Adapted DCGA,530109,3488.0,299.67034094501287,250.0,277.7325281210069,3994,True,cb1_core,3d97e6a3f84d930213c424a633fa9e8192b16ec4eb9c2f169f65c0b48e691f0a,outputs/phase5c/search/cb1_core/formal/adapted_dcga/CB1_CORE_M_CF2_R04/seed_530109.json,M,CF2,125,1.1986813637800515
CB1_CORE_M_CF2_R04,Adapted DCGA,530110,3631.0,254.0637937769934,250.0,235.6801444409939,3994,True,cb1_core,3d97e6a3f84d930213c424a633fa9e8192b16ec4eb9c2f169f65c0b48e691f0a,outputs/phase5c/search/cb1_core/formal/adapted_dcga/CB1_CORE_M_CF2_R04/seed_530110.json,M,CF2,125,1.0162551751079736
CB1_CORE_M_CF2_R05,Adapted DCGA,530101,3585.0,258.73036503899493,230.0,232.9322864439746,3994,True,cb1_core,3d97e6a3f84d930213c424a633fa9e8192b16ec4eb9c2f169f65c0b48e691f0a,outputs/phase5c/search/cb1_core/formal/adapted_dcga/CB1_CORE_M_CF2_R05/seed_530101.json,M,CF2,115,1.1249146306043258
CB1_CORE_M_CF2_R05,Adapted DCGA,530102,3569.0,260.7286680850084,230.0,236.0576153199945,3994,True,cb1_core,3d97e6a3f84d930213c424a633fa9e8192b16ec4eb9c2f169f65c0b48e691f0a,outputs/phase5c/search/cb1_core/formal/adapted_dcga/CB1_CORE_M_CF2_R05/seed_530102.json,M,CF2,115,1.1336029047174279
CB1_CORE_M_CF2_R05,Adapted DCGA,530103,3573.0,260.71535795298405,230.0,151.95814070600318,3994,True,cb1_core,3d97e6a3f84d930213c424a633fa9e8192b16ec4eb9c2f169f65c0b48e691f0a,outputs/phase5c/search/cb1_core/formal/adapted_dcga/CB1_CORE_M_CF2_R05/seed_530103.json,M,CF2,115,1.1335450345781914
CB1_CORE_M_CF2_R05,Adapted DCGA,530104,3573.0,258.2709645490104,230.0,162.14108570400276,3994,True,cb1_core,3d97e6a3f84d930213c424a633fa9e8192b16ec4eb9c2f169f65c0b48e691f0a,outputs/phase5c/search/cb1_core/formal/adapted_dcga/CB1_CORE_M_CF2_R05/seed_530104.json,M,CF2,115,1.1229172371696103
CB1_CORE_M_CF2_R05,Adapted DCGA,530105,3560.0,230.01788157300325,230.0,207.35071502500796,4174,True,cb1_core,3d97e6a3f84d930213c424a633fa9e8192b16ec4eb9c2f169f65c0b48e691f0a,outputs/phase5c/search/cb1_core/formal/adapted_dcga/CB1_CORE_M_CF2_R05/seed_530105.json,M,CF2,115,1.0000777459695793
CB1_CORE_M_CF2_R05,Adapted DCGA,530106,3610.0,230.0928899810242,230.0,209.32965668902034,4194,True,cb1_core,3d97e6a3f84d930213c424a633fa9e8192b16ec4eb9c2f169f65c0b48e691f0a,outputs/phase5c/search/cb1_core/formal/adapted_dcga/CB1_CORE_M_CF2_R05/seed_530106.json,M,CF2,115,1.000403869482714
CB1_CORE_M_CF2_R05,Adapted DCGA,530107,3530.0,230.04259212498437,230.0,227.07306196098216,4178,True,cb1_core,3d97e6a3f84d930213c424a633fa9e8192b16ec4eb9c2f169f65c0b48e691f0a,outputs/phase5c/search/cb1_core/formal/adapted_dcga/CB1_CORE_M_CF2_R05/seed_530107.json,M,CF2,115,1.000185183152106
CB1_CORE_M_CF2_R05,Adapted DCGA,530108,3500.0,230.08793155199965,230.0,184.44104814701132,4194,True,cb1_core,3d97e6a3f84d930213c424a633fa9e8192b16ec4eb9c2f169f65c0b48e691f0a,outputs/phase5c/search/cb1_core/formal/adapted_dcga/CB1_CORE_M_CF2_R05/seed_530108.json,M,CF2,115,1.0003823110956507
CB1_CORE_M_CF2_R05,Adapted DCGA,530109,3555.0,232.2709859260067,230.0,219.84135105198948,3994,True,cb1_core,3d97e6a3f84d930213c424a633fa9e8192b16ec4eb9c2f169f65c0b48e691f0a,outputs/phase5c/search/cb1_core/formal/adapted_dcga/CB1_CORE_M_CF2_R05/seed_530109.json,M,CF2,115,1.009873851852203
CB1_CORE_M_CF2_R05,Adapted DCGA,530110,3579.0,230.0246938749915,230.0,155.6174456239969,4176,True,cb1_core,3d97e6a3f84d930213c424a633fa9e8192b16ec4eb9c2f169f65c0b48e691f0a,outputs/phase5c/search/cb1_core/formal/adapted_dcga/CB1_CORE_M_CF2_R05/seed_530110.json,M,CF2,115,1.000107364673876
CB1_CORE_M_CF3_R01,Adapted DCGA,530101,3375.0,245.90776173298946,222.0,226.25532127000042,3994,True,cb1_core,3d97e6a3f84d930213c424a633fa9e8192b16ec4eb9c2f169f65c0b48e691f0a,outputs/phase5c/search/cb1_core/formal/adapted_dcga/CB1_CORE_M_CF3_R01/seed_530101.json,M,CF3,111,1.1076926204188715
CB1_CORE_M_CF3_R01,Adapted DCGA,530102,3381.0,249.4904477170203,222.0,191.23979526301264,3994,True,cb1_core,3d97e6a3f84d930213c424a633fa9e8192b16ec4eb9c2f169f65c0b48e691f0a,outputs/phase5c/search/cb1_core/formal/adapted_dcga/CB1_CORE_M_CF3_R01/seed_530102.json,M,CF3,111,1.1238308455721635
CB1_CORE_M_CF3_R01,Adapted DCGA,530103,3411.0,250.510719857004,222.0,62.53290754099726,3994,True,cb1_core,3d97e6a3f84d930213c424a633fa9e8192b16ec4eb9c2f169f65c0b48e691f0a,outputs/phase5c/search/cb1_core/formal/adapted_dcga/CB1_CORE_M_CF3_R01/seed_530103.json,M,CF3,111,1.1284266660225406
CB1_CORE_M_CF3_R01,Adapted DCGA,530104,3410.0,248.43565490000765,222.0,187.92673571102205,3994,True,cb1_core,3d97e6a3f84d930213c424a633fa9e8192b16ec4eb9c2f169f65c0b48e691f0a,outputs/phase5c/search/cb1_core/formal/adapted_dcga/CB1_CORE_M_CF3_R01/seed_530104.json,M,CF3,111,1.1190795265766111
CB1_CORE_M_CF3_R01,Adapted DCGA,530105,3379.0,237.82234523599618,222.0,180.19650695999735,3994,True,cb1_core,3d97e6a3f84d930213c424a633fa9e8192b16ec4eb9c2f169f65c0b48e691f0a,outputs/phase5c/search/cb1_core/formal/adapted_dcga/CB1_CORE_M_CF3_R01/seed_530105.json,M,CF3,111,1.07127182538737
CB1_CORE_M_CF3_R01,Adapted DCGA,530106,3415.0,246.65724832800333,222.0,199.77314450000995,3994,True,cb1_core,3d97e6a3f84d930213c424a633fa9e8192b16ec4eb9c2f169f65c0b48e691f0a,outputs/phase5c/search/cb1_core/formal/adapted_dcga/CB1_CORE_M_CF3_R01/seed_530106.json,M,CF3,111,1.1110686861621772
CB1_CORE_M_CF3_R01,Adapted DCGA,530107,3318.0,244.8741690129973,222.0,61.464423049008474,3994,True,cb1_core,3d97e6a3f84d930213c424a633fa9e8192b16ec4eb9c2f169f65c0b48e691f0a,outputs/phase5c/search/cb1_core/formal/adapted_dcga/CB1_CORE_M_CF3_R01/seed_530107.json,M,CF3,111,1.1030367973558437
CB1_CORE_M_CF3_R01,Adapted DCGA,530108,3345.0,222.05216408200795,222.0,149.34659486301825,4200,True,cb1_core,3d97e6a3f84d930213c424a633fa9e8192b16ec4eb9c2f169f65c0b48e691f0a,outputs/phase5c/search/cb1_core/formal/adapted_dcga/CB1_CORE_M_CF3_R01/seed_530108.json,M,CF3,111,1.000234973342378
CB1_CORE_M_CF3_R01,Adapted DCGA,530109,3388.0,249.04247558198404,222.0,181.16476899999543,3994,True,cb1_core,3d97e6a3f84d930213c424a633fa9e8192b16ec4eb9c2f169f65c0b48e691f0a,outputs/phase5c/search/cb1_core/formal/adapted_dcga/CB1_CORE_M_CF3_R01/seed_530109.json,M,CF3,111,1.1218129530720002
CB1_CORE_M_CF3_R01,Adapted DCGA,530110,3313.0,246.66037380101625,222.0,221.51962766301585,3994,True,cb1_core,3d97e6a3f84d930213c424a633fa9e8192b16ec4eb9c2f169f65c0b48e691f0a,outputs/phase5c/search/cb1_core/formal/adapted_dcga/CB1_CORE_M_CF3_R01/seed_530110.json,M,CF3,111,1.1110827648694426
CB1_CORE_M_CF3_R02,Adapted DCGA,530101,4037.0,270.357863740006,256.0,197.08913669001777,3994,True,cb1_core,3d97e6a3f84d930213c424a633fa9e8192b16ec4eb9c2f169f65c0b48e691f0a,outputs/phase5c/search/cb1_core/formal/adapted_dcga/CB1_CORE_M_CF3_R02/seed_530101.json,M,CF3,128,1.0560854052343984
CB1_CORE_M_CF3_R02,Adapted DCGA,530102,4097.0,261.50272302000667,256.0,205.96555292600533,3994,True,cb1_core,3d97e6a3f84d930213c424a633fa9e8192b16ec4eb9c2f169f65c0b48e691f0a,outputs/phase5c/search/cb1_core/formal/adapted_dcga/CB1_CORE_M_CF3_R02/seed_530102.json,M,CF3,128,1.021495011796901
CB1_CORE_M_CF3_R02,Adapted DCGA,530103,4030.0,264.7844341399905,256.0,236.15351236998686,3994,True,cb1_core,3d97e6a3f84d930213c424a633fa9e8192b16ec4eb9c2f169f65c0b48e691f0a,outputs/phase5c/search/cb1_core/formal/adapted_dcga/CB1_CORE_M_CF3_R02/seed_530103.json,M,CF3,128,1.0343141958593378
CB1_CORE_M_CF3_R02,Adapted DCGA,530104,4029.0,314.0293248909875,256.0,236.510152998002,3994,True,cb1_core,3d97e6a3f84d930213c424a633fa9e8192b16ec4eb9c2f169f65c0b48e691f0a,outputs/phase5c/search/cb1_core/formal/adapted_dcga/CB1_CORE_M_CF3_R02/seed_530104.json,M,CF3,128,1.2266770503554199
CB1_CORE_M_CF3_R02,Adapted DCGA,530105,4022.0,317.8353553249908,256.0,148.2386087210034,3994,True,cb1_core,3d97e6a3f84d930213c424a633fa9e8192b16ec4eb9c2f169f65c0b48e691f0a,outputs/phase5c/search/cb1_core/formal/adapted_dcga/CB1_CORE_M_CF3_R02/seed_530105.json,M,CF3,128,1.2415443567382454
CB1_CORE_M_CF3_R02,Adapted DCGA,530106,4047.0,263.55770310398657,256.0,263.04234248798457,3994,True,cb1_core,3d97e6a3f84d930213c424a633fa9e8192b16ec4eb9c2f169f65c0b48e691f0a,outputs/phase5c/search/cb1_core/formal/adapted_dcga/CB1_CORE_M_CF3_R02/seed_530106.json,M,CF3,128,1.0295222777499475
CB1_CORE_M_CF3_R02,Adapted DCGA,530107,4078.0,263.5776392999978,256.0,240.30706658499548,3994,True,cb1_core,3d97e6a3f84d930213c424a633fa9e8192b16ec4eb9c2f169f65c0b48e691f0a,outputs/phase5c/search/cb1_core/formal/adapted_dcga/CB1_CORE_M_CF3_R02/seed_530107.json,M,CF3,128,1.0296001535156165
CB1_CORE_M_CF3_R02,Adapted DCGA,530108,4056.0,311.37145992400474,256.0,242.65426757899695,3994,True,cb1_core,3d97e6a3f84d930213c424a633fa9e8192b16ec4eb9c2f169f65c0b48e691f0a,outputs/phase5c/search/cb1_core/formal/adapted_dcga/CB1_CORE_M_CF3_R02/seed_530108.json,M,CF3,128,1.2162947653281435
CB1_CORE_M_CF3_R02,Adapted DCGA,530109,4084.0,262.0825540230144,256.0,142.6337433430017,3994,True,cb1_core,3d97e6a3f84d930213c424a633fa9e8192b16ec4eb9c2f169f65c0b48e691f0a,outputs/phase5c/search/cb1_core/formal/adapted_dcga/CB1_CORE_M_CF3_R02/seed_530109.json,M,CF3,128,1.0237599766524
CB1_CORE_M_CF3_R02,Adapted DCGA,530110,4066.0,266.8921482930018,256.0,213.6507232360018,3994,True,cb1_core,3d97e6a3f84d930213c424a633fa9e8192b16ec4eb9c2f169f65c0b48e691f0a,outputs/phase5c/search/cb1_core/formal/adapted_dcga/CB1_CORE_M_CF3_R02/seed_530110.json,M,CF3,128,1.0425474542695383
CB1_CORE_M_CF3_R03,Adapted DCGA,530101,3414.0,269.1185069560015,232.0,68.20195062100538,3994,True,cb1_core,3d97e6a3f84d930213c424a633fa9e8192b16ec4eb9c2f169f65c0b48e691f0a,outputs/phase5c/search/cb1_core/formal/adapted_dcga/CB1_CORE_M_CF3_R03/seed_530101.json,M,CF3,116,1.1599935644655237
CB1_CORE_M_CF3_R03,Adapted DCGA,530102,3445.0,264.1444261870056,232.0,213.90661722701043,3994,True,cb1_core,3d97e6a3f84d930213c424a633fa9e8192b16ec4eb9c2f169f65c0b48e691f0a,outputs/phase5c/search/cb1_core/formal/adapted_dcga/CB1_CORE_M_CF3_R03/seed_530102.json,M,CF3,116,1.1385535611508861
CB1_CORE_M_CF3_R03,Adapted DCGA,530103,3448.0,265.4425162700063,232.0,179.28990344601334,3994,True,cb1_core,3d97e6a3f84d930213c424a633fa9e8192b16ec4eb9c2f169f65c0b48e691f0a,outputs/phase5c/search/cb1_core/formal/adapted_dcga/CB1_CORE_M_CF3_R03/seed_530103.json,M,CF3,116,1.1441487770258894
CB1_CORE_M_CF3_R03,Adapted DCGA,530104,3470.0,232.00209252498462,232.0,229.03604851599084,4138,True,cb1_core,3d97e6a3f84d930213c424a633fa9e8192b16ec4eb9c2f169f65c0b48e691f0a,outputs/phase5c/search/cb1_core/formal/adapted_dcga/CB1_CORE_M_CF3_R03/seed_530104.json,M,CF3,116,1.0000090195042441
CB1_CORE_M_CF3_R03,Adapted DCGA,530105,3495.0,264.1956400220224,232.0,72.17666231401381,3994,True,cb1_core,3d97e6a3f84d930213c424a633fa9e8192b16ec4eb9c2f169f65c0b48e691f0a,outputs/phase5c/search/cb1_core/formal/adapted_dcga/CB1_CORE_M_CF3_R03/seed_530105.json,M,CF3,116,1.1387743104397519
CB1_CORE_M_CF3_R03,Adapted DCGA,530106,3429.0,232.0209680889966,232.0,206.19978052700753,4092,True,cb1_core,3d97e6a3f84d930213c424a633fa9e8192b16ec4eb9c2f169f65c0b48e691f0a,outputs/phase5c/search/cb1_core/formal/adapted_dcga/CB1_CORE_M_CF3_R03/seed_530106.json,M,CF3,116,1.0000903796939509
CB1_CORE_M_CF3_R03,Adapted DCGA,530107,3478.0,232.0747981260065,232.0,193.7113732440048,4108,True,cb1_core,3d97e6a3f84d930213c424a633fa9e8192b16ec4eb9c2f169f65c0b48e691f0a,outputs/phase5c/search/cb1_core/formal/adapted_dcga/CB1_CORE_M_CF3_R03/seed_530107.json,M,CF3,116,1.0003224057155453
CB1_CORE_M_CF3_R03,Adapted DCGA,530108,3440.0,236.2531255740032,232.0,169.66530181097914,3994,True,cb1_core,3d97e6a3f84d930213c424a633fa9e8192b16ec4eb9c2f169f65c0b48e691f0a,outputs/phase5c/search/cb1_core/formal/adapted_dcga/CB1_CORE_M_CF3_R03/seed_530108.json,M,CF3,116,1.0183324378189793
CB1_CORE_M_CF3_R03,Adapted DCGA,530109,3418.0,265.0561175860057,232.0,241.44033445199602,3994,True,cb1_core,3d97e6a3f84d930213c424a633fa9e8192b16ec4eb9c2f169f65c0b48e691f0a,outputs/phase5c/search/cb1_core/formal/adapted_dcga/CB1_CORE_M_CF3_R03/seed_530109.json,M,CF3,116,1.1424832654569212
CB1_CORE_M_CF3_R03,Adapted DCGA,530110,3464.0,264.48025684201275,232.0,238.5839878859988,3994,True,cb1_core,3d97e6a3f84d930213c424a633fa9e8192b16ec4eb9c2f169f65c0b48e691f0a,outputs/phase5c/search/cb1_core/formal/adapted_dcga/CB1_CORE_M_CF3_R03/seed_530110.json,M,CF3,116,1.1400011070776412
CB1_CORE_M_CF3_R04,Adapted DCGA,530101,3647.0,280.1444459960039,238.0,270.4419478200143,3994,True,cb1_core,3d97e6a3f84d930213c424a633fa9e8192b16ec4eb9c2f169f65c0b48e691f0a,outputs/phase5c/search/cb1_core/formal/adapted_dcga/CB1_CORE_M_CF3_R04/seed_530101.json,M,CF3,119,1.1770775041848904
CB1_CORE_M_CF3_R04,Adapted DCGA,530102,3593.0,242.9182502879994,238.0,213.98444563298835,3994,True,cb1_core,3d97e6a3f84d930213c424a633fa9e8192b16ec4eb9c2f169f65c0b48e691f0a,outputs/phase5c/search/cb1_core/formal/adapted_dcga/CB1_CORE_M_CF3_R04/seed_530102.json,M,CF3,119,1.0206649171764681
CB1_CORE_M_CF3_R04,Adapted DCGA,530103,3636.0,274.5377050829993,238.0,236.89080046498566,3994,True,cb1_core,3d97e6a3f84d930213c424a633fa9e8192b16ec4eb9c2f169f65c0b48e691f0a,outputs/phase5c/search/cb1_core/formal/adapted_dcga/CB1_CORE_M_CF3_R04/seed_530103.json,M,CF3,119,1.1535197692562995
CB1_CORE_M_CF3_R04,Adapted DCGA,530104,3582.0,278.69077348100836,238.0,264.8466993320035,3994,True,cb1_core,3d97e6a3f84d930213c424a633fa9e8192b16ec4eb9c2f169f65c0b48e691f0a,outputs/phase5c/search/cb1_core/formal/adapted_dcga/CB1_CORE_M_CF3_R04/seed_530104.json,M,CF3,119,1.170969636474825
CB1_CORE_M_CF3_R04,Adapted DCGA,530105,3655.0,238.00165885899332,238.0,205.62563269399107,4022,True,cb1_core,3d97e6a3f84d930213c424a633fa9e8192b16ec4eb9c2f169f65c0b48e691f0a,outputs/phase5c/search/cb1_core/formal/adapted_dcga/CB1_CORE_M_CF3_R04/seed_530105.json,M,CF3,119,1.0000069699957703
CB1_CORE_M_CF3_R04,Adapted DCGA,530106,3630.0,246.86609818498255,238.0,219.35873176698806,3994,True,cb1_core,3d97e6a3f84d930213c424a633fa9e8192b16ec4eb9c2f169f65c0b48e691f0a,outputs/phase5c/search/cb1_core/formal/adapted_dcga/CB1_CORE_M_CF3_R04/seed_530106.json,M,CF3,119,1.0372525133822796
CB1_CORE_M_CF3_R04,Adapted DCGA,530107,3636.0,278.12567616198794,238.0,214.5708822380111,3994,True,cb1_core,3d97e6a3f84d930213c424a633fa9e8192b16ec4eb9c2f169f65c0b48e691f0a,outputs/phase5c/search/cb1_core/formal/adapted_dcga/CB1_CORE_M_CF3_R04/seed_530107.json,M,CF3,119,1.168595277991546
CB1_CORE_M_CF3_R04,Adapted DCGA,530108,3656.0,278.9629416669777,238.0,143.81041970397928,3994,True,cb1_core,3d97e6a3f84d930213c424a633fa9e8192b16ec4eb9c2f169f65c0b48e691f0a,outputs/phase5c/search/cb1_core/formal/adapted_dcga/CB1_CORE_M_CF3_R04/seed_530108.json,M,CF3,119,1.172113200281419
CB1_CORE_M_CF3_R04,Adapted DCGA,530109,3517.0,282.04672621100326,238.0,223.40525997101213,3994,True,cb1_core,3d97e6a3f84d930213c424a633fa9e8192b16ec4eb9c2f169f65c0b48e691f0a,outputs/phase5c/search/cb1_core/formal/adapted_dcga/CB1_CORE_M_CF3_R04/seed_530109.json,M,CF3,119,1.1850702781974927
CB1_CORE_M_CF3_R04,Adapted DCGA,530110,3676.0,238.25810443400405,238.0,120.40880112498417,3994,True,cb1_core,3d97e6a3f84d930213c424a633fa9e8192b16ec4eb9c2f169f65c0b48e691f0a,outputs/phase5c/search/cb1_core/formal/adapted_dcga/CB1_CORE_M_CF3_R04/seed_530110.json,M,CF3,119,1.0010844724117818
CB1_CORE_M_CF3_R05,Adapted DCGA,530101,3481.0,226.0491481780191,226.0,137.25085129702347,4162,True,cb1_core,3d97e6a3f84d930213c424a633fa9e8192b16ec4eb9c2f169f65c0b48e691f0a,outputs/phase5c/search/cb1_core/formal/adapted_dcga/CB1_CORE_M_CF3_R05/seed_530101.json,M,CF3,113,1.0002174698142439
CB1_CORE_M_CF3_R05,Adapted DCGA,530102,3491.0,226.01681476898375,226.0,170.97521864098962,4178,True,cb1_core,3d97e6a3f84d930213c424a633fa9e8192b16ec4eb9c2f169f65c0b48e691f0a,outputs/phase5c/search/cb1_core/formal/adapted_dcga/CB1_CORE_M_CF3_R05/seed_530102.json,M,CF3,113,1.0000744016326715
CB1_CORE_M_CF3_R05,Adapted DCGA,530103,3456.0,226.11167278100038,226.0,206.81668047900894,4076,True,cb1_core,3d97e6a3f84d930213c424a633fa9e8192b16ec4eb9c2f169f65c0b48e691f0a,outputs/phase5c/search/cb1_core/formal/adapted_dcga/CB1_CORE_M_CF3_R05/seed_530103.json,M,CF3,113,1.0004941273495591
CB1_CORE_M_CF3_R05,Adapted DCGA,530104,3436.0,226.0999738489918,226.0,221.84706960999756,4160,True,cb1_core,3d97e6a3f84d930213c424a633fa9e8192b16ec4eb9c2f169f65c0b48e691f0a,outputs/phase5c/search/cb1_core/formal/adapted_dcga/CB1_CORE_M_CF3_R05/seed_530104.json,M,CF3,113,1.0004423621636804
CB1_CORE_M_CF3_R05,Adapted DCGA,530105,3485.0,226.04810973399435,226.0,223.59669493199908,4172,True,cb1_core,3d97e6a3f84d930213c424a633fa9e8192b16ec4eb9c2f169f65c0b48e691f0a,outputs/phase5c/search/cb1_core/formal/adapted_dcga/CB1_CORE_M_CF3_R05/seed_530105.json,M,CF3,113,1.0002128749291785
CB1_CORE_M_CF3_R05,Adapted DCGA,530106,3428.0,226.05713335299515,226.0,54.14122112299083,4100,True,cb1_core,3d97e6a3f84d930213c424a633fa9e8192b16ec4eb9c2f169f65c0b48e691f0a,outputs/phase5c/search/cb1_core/formal/adapted_dcga/CB1_CORE_M_CF3_R05/seed_530106.json,M,CF3,113,1.0002528024468813
CB1_CORE_M_CF3_R05,Adapted DCGA,530107,3475.0,229.0538223030162,226.0,122.91173141199397,3994,True,cb1_core,3d97e6a3f84d930213c424a633fa9e8192b16ec4eb9c2f169f65c0b48e691f0a,outputs/phase5c/search/cb1_core/formal/adapted_dcga/CB1_CORE_M_CF3_R05/seed_530107.json,M,CF3,113,1.0135124880664435
CB1_CORE_M_CF3_R05,Adapted DCGA,530108,3449.0,230.4175950299832,226.0,164.40774023300037,3994,True,cb1_core,3d97e6a3f84d930213c424a633fa9e8192b16ec4eb9c2f169f65c0b48e691f0a,outputs/phase5c/search/cb1_core/formal/adapted_dcga/CB1_CORE_M_CF3_R05/seed_530108.json,M,CF3,113,1.0195468806636425
CB1_CORE_M_CF3_R05,Adapted DCGA,530109,3433.0,255.53336779400706,226.0,171.5364770120068,3994,True,cb1_core,3d97e6a3f84d930213c424a633fa9e8192b16ec4eb9c2f169f65c0b48e691f0a,outputs/phase5c/search/cb1_core/formal/adapted_dcga/CB1_CORE_M_CF3_R05/seed_530109.json,M,CF3,113,1.1306786185575535
CB1_CORE_M_CF3_R05,Adapted DCGA,530110,3462.0,258.0745547559927,226.0,91.86359525899752,3994,True,cb1_core,3d97e6a3f84d930213c424a633fa9e8192b16ec4eb9c2f169f65c0b48e691f0a,outputs/phase5c/search/cb1_core/formal/adapted_dcga/CB1_CORE_M_CF3_R05/seed_530110.json,M,CF3,113,1.141922808654835
CB1_CORE_S_CF1_R01,Adapted DCGA,530101,1936.0,124.02583778300323,124.0,111.58952646300895,6052,True,cb1_core,3d97e6a3f84d930213c424a633fa9e8192b16ec4eb9c2f169f65c0b48e691f0a,outputs/phase5c/search/cb1_core/formal/adapted_dcga/CB1_CORE_S_CF1_R01/seed_530101.json,S,CF1,62,1.000208369217768
CB1_CORE_S_CF1_R01,Adapted DCGA,530102,1941.0,124.03188756800955,124.0,114.8801315970195,6026,True,cb1_core,3d97e6a3f84d930213c424a633fa9e8192b16ec4eb9c2f169f65c0b48e691f0a,outputs/phase5c/search/cb1_core/formal/adapted_dcga/CB1_CORE_S_CF1_R01/seed_530102.json,S,CF1,62,1.0002571578065287
CB1_CORE_S_CF1_R01,Adapted DCGA,530103,1914.0,135.7432360780076,124.0,116.33457603599527,5990,True,cb1_core,3d97e6a3f84d930213c424a633fa9e8192b16ec4eb9c2f169f65c0b48e691f0a,outputs/phase5c/search/cb1_core/formal/adapted_dcga/CB1_CORE_S_CF1_R01/seed_530103.json,S,CF1,62,1.0947035167581258
CB1_CORE_S_CF1_R01,Adapted DCGA,530104,1922.0,124.00572687698877,124.0,116.08723750099307,6014,True,cb1_core,3d97e6a3f84d930213c424a633fa9e8192b16ec4eb9c2f169f65c0b48e691f0a,outputs/phase5c/search/cb1_core/formal/adapted_dcga/CB1_CORE_S_CF1_R01/seed_530104.json,S,CF1,62,1.000046184491845
CB1_CORE_S_CF1_R01,Adapted DCGA,530105,1914.0,124.02115033898735,124.0,94.94356809498277,6006,True,cb1_core,3d97e6a3f84d930213c424a633fa9e8192b16ec4eb9c2f169f65c0b48e691f0a,outputs/phase5c/search/cb1_core/formal/adapted_dcga/CB1_CORE_S_CF1_R01/seed_530105.json,S,CF1,62,1.000170567249898
CB1_CORE_S_CF1_R01,Adapted DCGA,530106,1962.0,143.3441331179929,124.0,138.55174816100043,5990,True,cb1_core,3d97e6a3f84d930213c424a633fa9e8192b16ec4eb9c2f169f65c0b48e691f0a,outputs/phase5c/search/cb1_core/formal/adapted_dcga/CB1_CORE_S_CF1_R01/seed_530106.json,S,CF1,62,1.1560010735322008
CB1_CORE_S_CF1_R01,Adapted DCGA,530107,1932.0,124.03077639697585,124.0,98.7245976649865,6068,True,cb1_core,3d97e6a3f84d930213c424a633fa9e8192b16ec4eb9c2f169f65c0b48e691f0a,outputs/phase5c/search/cb1_core/formal/adapted_dcga/CB1_CORE_S_CF1_R01/seed_530107.json,S,CF1,62,1.0002481967498054
CB1_CORE_S_CF1_R01,Adapted DCGA,530108,1907.0,140.90361421299167,124.0,110.8768191190029,5990,True,cb1_core,3d97e6a3f84d930213c424a633fa9e8192b16ec4eb9c2f169f65c0b48e691f0a,outputs/phase5c/search/cb1_core/formal/adapted_dcga/CB1_CORE_S_CF1_R01/seed_530108.json,S,CF1,62,1.1363194694596102
CB1_CORE_S_CF1_R01,Adapted DCGA,530109,1896.0,124.02753659299924,124.0,51.23637917000451,6096,True,cb1_core,3d97e6a3f84d930213c424a633fa9e8192b16ec4eb9c2f169f65c0b48e691f0a,outputs/phase5c/search/cb1_core/formal/adapted_dcga/CB1_CORE_S_CF1_R01/seed_530109.json,S,CF1,62,1.000222069298381
CB1_CORE_S_CF1_R01,Adapted DCGA,530110,1924.0,133.10011392901652,124.0,64.46441173899802,5990,True,cb1_core,3d97e6a3f84d930213c424a633fa9e8192b16ec4eb9c2f169f65c0b48e691f0a,outputs/phase5c/search/cb1_core/formal/adapted_dcga/CB1_CORE_S_CF1_R01/seed_530110.json,S,CF1,62,1.0733880155565847
CB1_CORE_S_CF1_R02,Adapted DCGA,530101,2240.0,130.45958674899884,130.0,54.52333432700834,5990,True,cb1_core,3d97e6a3f84d930213c424a633fa9e8192b16ec4eb9c2f169f65c0b48e691f0a,outputs/phase5c/search/cb1_core/formal/adapted_dcga/CB1_CORE_S_CF1_R02/seed_530101.json,S,CF1,65,1.0035352826846065
CB1_CORE_S_CF1_R02,Adapted DCGA,530102,2251.0,130.01791886199499,130.0,89.52323770700605,4956,True,cb1_core,3d97e6a3f84d930213c424a633fa9e8192b16ec4eb9c2f169f65c0b48e691f0a,outputs/phase5c/search/cb1_core/formal/adapted_dcga/CB1_CORE_S_CF1_R02/seed_530102.json,S,CF1,65,1.0001378373999614
CB1_CORE_S_CF1_R02,Adapted DCGA,530103,2238.0,153.8548119610059,130.0,122.82506442102022,5990,True,cb1_core,3d97e6a3f84d930213c424a633fa9e8192b16ec4eb9c2f169f65c0b48e691f0a,outputs/phase5c/search/cb1_core/formal/adapted_dcga/CB1_CORE_S_CF1_R02/seed_530103.json,S,CF1,65,1.1834985535461993
CB1_CORE_S_CF1_R02,Adapted DCGA,530104,2252.0,132.91214925298118,130.0,61.443310787988594,5990,True,cb1_core,3d97e6a3f84d930213c424a633fa9e8192b16ec4eb9c2f169f65c0b48e691f0a,outputs/phase5c/search/cb1_core/formal/adapted_dcga/CB1_CORE_S_CF1_R02/seed_530104.json,S,CF1,65,1.0224011480998552
CB1_CORE_S_CF1_R02,Adapted DCGA,530105,2243.0,130.0197605889989,130.0,121.1752095920092,4964,True,cb1_core,3d97e6a3f84d930213c424a633fa9e8192b16ec4eb9c2f169f65c0b48e691f0a,outputs/phase5c/search/cb1_core/formal/adapted_dcga/CB1_CORE_S_CF1_R02/seed_530105.json,S,CF1,65,1.0001520045307608
CB1_CORE_S_CF1_R02,Adapted DCGA,530106,2228.0,147.1410352299863,130.0,133.6485534599924,5990,True,cb1_core,3d97e6a3f84d930213c424a633fa9e8192b16ec4eb9c2f169f65c0b48e691f0a,outputs/phase5c/search/cb1_core/formal/adapted_dcga/CB1_CORE_S_CF1_R02/seed_530106.json,S,CF1,65,1.1318541171537408
CB1_CORE_S_CF1_R02,Adapted DCGA,530107,2255.0,137.36232249400928,130.0,82.55789456600905,5990,True,cb1_core,3d97e6a3f84d930213c424a633fa9e8192b16ec4eb9c2f169f65c0b48e691f0a,outputs/phase5c/search/cb1_core/formal/adapted_dcga/CB1_CORE_S_CF1_R02/seed_530107.json,S,CF1,65,1.0566332499539175
CB1_CORE_S_CF1_R02,Adapted DCGA,530108,2261.0,131.0322015870188,130.0,117.86235685800784,5990,True,cb1_core,3d97e6a3f84d930213c424a633fa9e8192b16ec4eb9c2f169f65c0b48e691f0a,outputs/phase5c/search/cb1_core/formal/adapted_dcga/CB1_CORE_S_CF1_R02/seed_530108.json,S,CF1,65,1.0079400122078368
CB1_CORE_S_CF1_R02,Adapted DCGA,530109,2268.0,139.75996998802293,130.0,136.95821825502208,5990,True,cb1_core,3d97e6a3f84d930213c424a633fa9e8192b16ec4eb9c2f169f65c0b48e691f0a,outputs/phase5c/search/cb1_core/formal/adapted_dcga/CB1_CORE_S_CF1_R02/seed_530109.json,S,CF1,65,1.075076692215561
CB1_CORE_S_CF1_R02,Adapted DCGA,530110,2255.0,130.03381922098924,130.0,79.72806329999003,4966,True,cb1_core,3d97e6a3f84d930213c424a633fa9e8192b16ec4eb9c2f169f65c0b48e691f0a,outputs/phase5c/search/cb1_core/formal/adapted_dcga/CB1_CORE_S_CF1_R02/seed_530110.json,S,CF1,65,1.0002601478537634
CB1_CORE_S_CF1_R03,Adapted DCGA,530101,1943.0,139.44017201699899,122.0,117.51632315199822,5990,True,cb1_core,3d97e6a3f84d930213c424a633fa9e8192b16ec4eb9c2f169f65c0b48e691f0a,outputs/phase5c/search/cb1_core/formal/adapted_dcga/CB1_CORE_S_CF1_R03/seed_530101.json,S,CF1,61,1.1429522296475327
CB1_CORE_S_CF1_R03,Adapted DCGA,530102,1920.0,122.02716635001707,122.0,105.06699666200439,6152,True,cb1_core,3d97e6a3f84d930213c424a633fa9e8192b16ec4eb9c2f169f65c0b48e691f0a,outputs/phase5c/search/cb1_core/formal/adapted_dcga/CB1_CORE_S_CF1_R03/seed_530102.json,S,CF1,61,1.00022267500014
CB1_CORE_S_CF1_R03,Adapted DCGA,530103,1945.0,135.02961041001254,122.0,125.81194904699805,5990,True,cb1_core,3d97e6a3f84d930213c424a633fa9e8192b16ec4eb9c2f169f65c0b48e691f0a,outputs/phase5c/search/cb1_core/formal/adapted_dcga/CB1_CORE_S_CF1_R03/seed_530103.json,S,CF1,61,1.1068000853279716
CB1_CORE_S_CF1_R03,Adapted DCGA,530104,1956.0,137.6998319980048,122.0,134.98523218999617,5990,True,cb1_core,3d97e6a3f84d930213c424a633fa9e8192b16ec4eb9c2f169f65c0b48e691f0a,outputs/phase5c/search/cb1_core/formal/adapted_dcga/CB1_CORE_S_CF1_R03/seed_530104.json,S,CF1,61,1.1286871475246296
CB1_CORE_S_CF1_R03,Adapted DCGA,530105,1935.0,122.011866654997,122.0,88.86479694099398,6266,True,cb1_core,3d97e6a3f84d930213c424a633fa9e8192b16ec4eb9c2f169f65c0b48e691f0a,outputs/phase5c/search/cb1_core/formal/adapted_dcga/CB1_CORE_S_CF1_R03/seed_530105.json,S,CF1,61,1.0000972676639097
CB1_CORE_S_CF1_R03,Adapted DCGA,530106,1950.0,122.0263449930062,122.0,106.06627055301215,6168,True,cb1_core,3d97e6a3f84d930213c424a633fa9e8192b16ec4eb9c2f169f65c0b48e691f0a,outputs/phase5c/search/cb1_core/formal/adapted_dcga/CB1_CORE_S_CF1_R03/seed_530106.json,S,CF1,61,1.0002159425656247
CB1_CORE_S_CF1_R03,Adapted DCGA,530107,1952.0,122.02953940897714,122.0,100.75021122899489,6196,True,cb1_core,3d97e6a3f84d930213c424a633fa9e8192b16ec4eb9c2f169f65c0b48e691f0a,outputs/phase5c/search/cb1_core/formal/adapted_dcga/CB1_CORE_S_CF1_R03/seed_530107.json,S,CF1,61,1.0002421263030914
CB1_CORE_S_CF1_R03,Adapted DCGA,530108,1941.0,140.13806253200164,122.0,91.32989054001519,5990,True,cb1_core,3d97e6a3f84d930213c424a633fa9e8192b16ec4eb9c2f169f65c0b48e691f0a,outputs/phase5c/search/cb1_core/formal/adapted_dcga/CB1_CORE_S_CF1_R03/seed_530108.json,S,CF1,61,1.1486726437049315
CB1_CORE_S_CF1_R03,Adapted DCGA,530109,1969.0,139.72731657198165,122.0,126.1282369599794,5990,True,cb1_core,3d97e6a3f84d930213c424a633fa9e8192b16ec4eb9c2f169f65c0b48e691f0a,outputs/phase5c/search/cb1_core/formal/adapted_dcga/CB1_CORE_S_CF1_R03/seed_530109.json,S,CF1,61,1.1453058735408332
CB1_CORE_S_CF1_R03,Adapted DCGA,530110,1978.0,139.28899295901647,122.0,137.35309249701095,5990,True,cb1_core,3d97e6a3f84d930213c424a633fa9e8192b16ec4eb9c2f169f65c0b48e691f0a,outputs/phase5c/search/cb1_core/formal/adapted_dcga/CB1_CORE_S_CF1_R03/seed_530110.json,S,CF1,61,1.1417130570411187
CB1_CORE_S_CF1_R04,Adapted DCGA,530101,2005.0,136.70968747499865,124.0,74.56755464200978,5990,True,cb1_core,3d97e6a3f84d930213c424a633fa9e8192b16ec4eb9c2f169f65c0b48e691f0a,outputs/phase5c/search/cb1_core/formal/adapted_dcga/CB1_CORE_S_CF1_R04/seed_530101.json,S,CF1,62,1.1024974796370859
CB1_CORE_S_CF1_R04,Adapted DCGA,530102,2086.0,124.01035252399743,124.0,95.6134939219919,6106,True,cb1_core,3d97e6a3f84d930213c424a633fa9e8192b16ec4eb9c2f169f65c0b48e691f0a,outputs/phase5c/search/cb1_core/formal/adapted_dcga/CB1_CORE_S_CF1_R04/seed_530102.json,S,CF1,62,1.0000834880967535
CB1_CORE_S_CF1_R04,Adapted DCGA,530103,1973.0,142.460305332992,124.0,107.49827062498662,5990,True,cb1_core,3d97e6a3f84d930213c424a633fa9e8192b16ec4eb9c2f169f65c0b48e691f0a,outputs/phase5c/search/cb1_core/formal/adapted_dcga/CB1_CORE_S_CF1_R04/seed_530103.json,S,CF1,62,1.148873430104774
CB1_CORE_S_CF1_R04,Adapted DCGA,530104,2045.0,143.48133166099433,124.0,127.28145597298862,5990,True,cb1_core,3d97e6a3f84d930213c424a633fa9e8192b16ec4eb9c2f169f65c0b48e691f0a,outputs/phase5c/search/cb1_core/formal/adapted_dcga/CB1_CORE_S_CF1_R04/seed_530104.json,S,CF1,62,1.1571075133951156
CB1_CORE_S_CF1_R04,Adapted DCGA,530105,2050.0,143.81439639700693,124.0,123.63693108799635,5990,True,cb1_core,3d97e6a3f84d930213c424a633fa9e8192b16ec4eb9c2f169f65c0b48e691f0a,outputs/phase5c/search/cb1_core/formal/adapted_dcga/CB1_CORE_S_CF1_R04/seed_530105.json,S,CF1,62,1.159793519330701
CB1_CORE_S_CF1_R04,Adapted DCGA,530106,2037.0,142.61396278999746,124.0,125.75747825900908,5990,True,cb1_core,3d97e6a3f84d930213c424a633fa9e8192b16ec4eb9c2f169f65c0b48e691f0a,outputs/phase5c/search/cb1_core/formal/adapted_dcga/CB1_CORE_S_CF1_R04/seed_530106.json,S,CF1,62,1.1501126031451407
CB1_CORE_S_CF1_R04,Adapted DCGA,530107,2025.0,124.02243096401799,124.0,25.356149181025103,6262,True,cb1_core,3d97e6a3f84d930213c424a633fa9e8192b16ec4eb9c2f169f65c0b48e691f0a,outputs/phase5c/search/cb1_core/formal/adapted_dcga/CB1_CORE_S_CF1_R04/seed_530107.json,S,CF1,62,1.0001808948711128
CB1_CORE_S_CF1_R04,Adapted DCGA,530108,2031.0,124.03169837399037,124.0,49.94905910801026,6204,True,cb1_core,3d97e6a3f84d930213c424a633fa9e8192b16ec4eb9c2f169f65c0b48e691f0a,outputs/phase5c/search/cb1_core/formal/adapted_dcga/CB1_CORE_S_CF1_R04/seed_530108.json,S,CF1,62,1.0002556320483094
CB1_CORE_S_CF1_R04,Adapted DCGA,530109,1997.0,124.01353347301483,124.0,108.62274268001784,6194,True,cb1_core,3d97e6a3f84d930213c424a633fa9e8192b16ec4eb9c2f169f65c0b48e691f0a,outputs/phase5c/search/cb1_core/formal/adapted_dcga/CB1_CORE_S_CF1_R04/seed_530109.json,S,CF1,62,1.00010914091141
CB1_CORE_S_CF1_R04,Adapted DCGA,530110,2057.0,144.73237984301522,124.0,116.7678289450123,5990,True,cb1_core,3d97e6a3f84d930213c424a633fa9e8192b16ec4eb9c2f169f65c0b48e691f0a,outputs/phase5c/search/cb1_core/formal/adapted_dcga/CB1_CORE_S_CF1_R04/seed_530110.json,S,CF1,62,1.1671966116372194
CB1_CORE_S_CF1_R05,Adapted DCGA,530101,1753.0,122.01192200300284,122.0,51.115654305001954,6132,True,cb1_core,3d97e6a3f84d930213c424a633fa9e8192b16ec4eb9c2f169f65c0b48e691f0a,outputs/phase5c/search/cb1_core/formal/adapted_dcga/CB1_CORE_S_CF1_R05/seed_530101.json,S,CF1,61,1.0000977213360889
CB1_CORE_S_CF1_R05,Adapted DCGA,530102,1765.0,123.37044735599193,122.0,92.64558204700006,5990,True,cb1_core,3d97e6a3f84d930213c424a633fa9e8192b16ec4eb9c2f169f65c0b48e691f0a,outputs/phase5c/search/cb1_core/formal/adapted_dcga/CB1_CORE_S_CF1_R05/seed_530102.json,S,CF1,61,1.0112331750491141
CB1_CORE_S_CF1_R05,Adapted DCGA,530103,1784.0,123.87720224799705,122.0,96.66691641899524,5990,True,cb1_core,3d97e6a3f84d930213c424a633fa9e8192b16ec4eb9c2f169f65c0b48e691f0a,outputs/phase5c/search/cb1_core/formal/adapted_dcga/CB1_CORE_S_CF1_R05/seed_530103.json,S,CF1,61,1.015386903672107
CB1_CORE_S_CF1_R05,Adapted DCGA,530104,1754.0,140.51830620400142,122.0,117.1730480559927,5990,True,cb1_core,3d97e6a3f84d930213c424a633fa9e8192b16ec4eb9c2f169f65c0b48e691f0a,outputs/phase5c/search/cb1_core/formal/adapted_dcga/CB1_CORE_S_CF1_R05/seed_530104.json,S,CF1,61,1.1517893951147657
CB1_CORE_S_CF1_R05,Adapted DCGA,530105,1789.0,140.58737124397885,122.0,126.9624230210029,5990,True,cb1_core,3d97e6a3f84d930213c424a633fa9e8192b16ec4eb9c2f169f65c0b48e691f0a,outputs/phase5c/search/cb1_core/formal/adapted_dcga/CB1_CORE_S_CF1_R05/seed_530105.json,S,CF1,61,1.1523555019998266
CB1_CORE_S_CF1_R05,Adapted DCGA,530106,1712.0,143.78754634101642,122.0,109.24011149001308,5990,True,cb1_core,3d97e6a3f84d930213c424a633fa9e8192b16ec4eb9c2f169f65c0b48e691f0a,outputs/phase5c/search/cb1_core/formal/adapted_dcga/CB1_CORE_S_CF1_R05/seed_530106.json,S,CF1,61,1.1785864454181674
CB1_CORE_S_CF1_R05,Adapted DCGA,530107,1768.0,142.7081722310104,122.0,137.26637633302016,5990,True,cb1_core,3d97e6a3f84d930213c424a633fa9e8192b16ec4eb9c2f169f65c0b48e691f0a,outputs/phase5c/search/cb1_core/formal/adapted_dcga/CB1_CORE_S_CF1_R05/seed_530107.json,S,CF1,61,1.169739116647626
CB1_CORE_S_CF1_R05,Adapted DCGA,530108,1771.0,122.02212219400099,122.0,50.086683586006984,6128,True,cb1_core,3d97e6a3f84d930213c424a633fa9e8192b16ec4eb9c2f169f65c0b48e691f0a,outputs/phase5c/search/cb1_core/formal/adapted_dcga/CB1_CORE_S_CF1_R05/seed_530108.json,S,CF1,61,1.0001813294590245
CB1_CORE_S_CF1_R05,Adapted DCGA,530109,1774.0,130.22968616097933,122.0,123.72093037798186,5990,True,cb1_core,3d97e6a3f84d930213c424a633fa9e8192b16ec4eb9c2f169f65c0b48e691f0a,outputs/phase5c/search/cb1_core/formal/adapted_dcga/CB1_CORE_S_CF1_R05/seed_530109.json,S,CF1,61,1.0674564439424534
CB1_CORE_S_CF1_R05,Adapted DCGA,530110,1784.0,141.85748675299692,122.0,137.70083806899493,5990,True,cb1_core,3d97e6a3f84d930213c424a633fa9e8192b16ec4eb9c2f169f65c0b48e691f0a,outputs/phase5c/search/cb1_core/formal/adapted_dcga/CB1_CORE_S_CF1_R05/seed_530110.json,S,CF1,61,1.1627662848606304
CB1_CORE_S_CF2_R01,Adapted DCGA,530101,2075.0,138.91824266099138,128.0,122.54953046099399,5990,True,cb1_core,3d97e6a3f84d930213c424a633fa9e8192b16ec4eb9c2f169f65c0b48e691f0a,outputs/phase5c/search/cb1_core/formal/adapted_dcga/CB1_CORE_S_CF2_R01/seed_530101.json,S,CF2,64,1.0852987707889952
CB1_CORE_S_CF2_R01,Adapted DCGA,530102,2087.0,128.03963248900254,128.0,116.47422725899378,4990,True,cb1_core,3d97e6a3f84d930213c424a633fa9e8192b16ec4eb9c2f169f65c0b48e691f0a,outputs/phase5c/search/cb1_core/formal/adapted_dcga/CB1_CORE_S_CF2_R01/seed_530102.json,S,CF2,64,1.0003096288203324
CB1_CORE_S_CF2_R01,Adapted DCGA,530103,2084.0,128.0255317449919,128.0,91.79598357400391,5994,True,cb1_core,3d97e6a3f84d930213c424a633fa9e8192b16ec4eb9c2f169f65c0b48e691f0a,outputs/phase5c/search/cb1_core/formal/adapted_dcga/CB1_CORE_S_CF2_R01/seed_530103.json,S,CF2,64,1.0001994667577492
CB1_CORE_S_CF2_R01,Adapted DCGA,530104,2044.0,128.01288833099534,128.0,86.5284884670109,6078,True,cb1_core,3d97e6a3f84d930213c424a633fa9e8192b16ec4eb9c2f169f65c0b48e691f0a,outputs/phase5c/search/cb1_core/formal/adapted_dcga/CB1_CORE_S_CF2_R01/seed_530104.json,S,CF2,64,1.000100690085901
CB1_CORE_S_CF2_R01,Adapted DCGA,530105,2095.0,139.7550689089985,128.0,104.48761354398448,5990,True,cb1_core,3d97e6a3f84d930213c424a633fa9e8192b16ec4eb9c2f169f65c0b48e691f0a,outputs/phase5c/search/cb1_core/formal/adapted_dcga/CB1_CORE_S_CF2_R01/seed_530105.json,S,CF2,64,1.0918364758515509
CB1_CORE_S_CF2_R01,Adapted DCGA,530106,2102.0,129.61844433599617,128.0,92.7031096899882,5990,True,cb1_core,3d97e6a3f84d930213c424a633fa9e8192b16ec4eb9c2f169f65c0b48e691f0a,outputs/phase5c/search/cb1_core/formal/adapted_dcga/CB1_CORE_S_CF2_R01/seed_530106.json,S,CF2,64,1.01264409637497
CB1_CORE_S_CF2_R01,Adapted DCGA,530107,2033.0,128.86039842799073,128.0,88.33446969400393,5990,True,cb1_core,3d97e6a3f84d930213c424a633fa9e8192b16ec4eb9c2f169f65c0b48e691f0a,outputs/phase5c/search/cb1_core/formal/adapted_dcga/CB1_CORE_S_CF2_R01/seed_530107.json,S,CF2,64,1.0067218627186776
CB1_CORE_S_CF2_R01,Adapted DCGA,530108,2036.0,151.77983258201857,128.0,116.19638444200973,5990,True,cb1_core,3d97e6a3f84d930213c424a633fa9e8192b16ec4eb9c2f169f65c0b48e691f0a,outputs/phase5c/search/cb1_core/formal/adapted_dcga/CB1_CORE_S_CF2_R01/seed_530108.json,S,CF2,64,1.18577994204702
CB1_CORE_S_CF2_R01,Adapted DCGA,530109,2071.0,129.55735892200028,128.0,68.93582572799642,5990,True,cb1_core,3d97e6a3f84d930213c424a633fa9e8192b16ec4eb9c2f169f65c0b48e691f0a,outputs/phase5c/search/cb1_core/formal/adapted_dcga/CB1_CORE_S_CF2_R01/seed_530109.json,S,CF2,64,1.0121668665781272
CB1_CORE_S_CF2_R01,Adapted DCGA,530110,2087.0,151.80225666900515,128.0,111.7218466589984,5990,True,cb1_core,3d97e6a3f84d930213c424a633fa9e8192b16ec4eb9c2f169f65c0b48e691f0a,outputs/phase5c/search/cb1_core/formal/adapted_dcga/CB1_CORE_S_CF2_R01/seed_530110.json,S,CF2,64,1.1859551302266027
CB1_CORE_S_CF2_R02,Adapted DCGA,530101,1858.0,126.01583165000193,126.0,111.43505845899926,6206,True,cb1_core,3d97e6a3f84d930213c424a633fa9e8192b16ec4eb9c2f169f65c0b48e691f0a,outputs/phase5c/search/cb1_core/formal/adapted_dcga/CB1_CORE_S_CF2_R02/seed_530101.json,S,CF2,63,1.0001256480158882
CB1_CORE_S_CF2_R02,Adapted DCGA,530102,1853.0,140.23706590602524,126.0,131.5627891740005,5990,True,cb1_core,3d97e6a3f84d930213c424a633fa9e8192b16ec4eb9c2f169f65c0b48e691f0a,outputs/phase5c/search/cb1_core/formal/adapted_dcga/CB1_CORE_S_CF2_R02/seed_530102.json,S,CF2,63,1.112992586555756
CB1_CORE_S_CF2_R02,Adapted DCGA,530103,1870.0,146.76702525900328,126.0,142.4666620240023,5990,True,cb1_core,3d97e6a3f84d930213c424a633fa9e8192b16ec4eb9c2f169f65c0b48e691f0a,outputs/phase5c/search/cb1_core/formal/adapted_dcga/CB1_CORE_S_CF2_R02/seed_530103.json,S,CF2,63,1.1648176607857403
CB1_CORE_S_CF2_R02,Adapted DCGA,530104,1905.0,132.28733468000428,126.0,128.68715547802276,5990,True,cb1_core,3d97e6a3f84d930213c424a633fa9e8192b16ec4eb9c2f169f65c0b48e691f0a,outputs/phase5c/search/cb1_core/formal/adapted_dcga/CB1_CORE_S_CF2_R02/seed_530104.json,S,CF2,63,1.0498994815873355
CB1_CORE_S_CF2_R02,Adapted DCGA,530105,1840.0,147.279805853992,126.0,101.98923105999711,5990,True,cb1_core,3d97e6a3f84d930213c424a633fa9e8192b16ec4eb9c2f169f65c0b48e691f0a,outputs/phase5c/search/cb1_core/formal/adapted_dcga/CB1_CORE_S_CF2_R02/seed_530105.json,S,CF2,63,1.1688873480475557
CB1_CORE_S_CF2_R02,Adapted DCGA,530106,1845.0,139.71512775300653,126.0,138.5844101870025,5990,True,cb1_core,3d97e6a3f84d930213c424a633fa9e8192b16ec4eb9c2f169f65c0b48e691f0a,outputs/phase5c/search/cb1_core/formal/adapted_dcga/CB1_CORE_S_CF2_R02/seed_530106.json,S,CF2,63,1.1088502202619566
CB1_CORE_S_CF2_R02,Adapted DCGA,530107,1858.0,126.00945216801483,126.0,102.78748877701582,6146,True,cb1_core,3d97e6a3f84d930213c424a633fa9e8192b16ec4eb9c2f169f65c0b48e691f0a,outputs/phase5c/search/cb1_core/formal/adapted_dcga/CB1_CORE_S_CF2_R02/seed_530107.json,S,CF2,63,1.000075017206467
CB1_CORE_S_CF2_R02,Adapted DCGA,530108,1871.0,146.98305268900003,126.0,94.71562112099491,5990,True,cb1_core,3d97e6a3f84d930213c424a633fa9e8192b16ec4eb9c2f169f65c0b48e691f0a,outputs/phase5c/search/cb1_core/formal/adapted_dcga/CB1_CORE_S_CF2_R02/seed_530108.json,S,CF2,63,1.166532164198413
CB1_CORE_S_CF2_R02,Adapted DCGA,530109,1873.0,126.03713244499522,126.0,57.84304566800711,6110,True,cb1_core,3d97e6a3f84d930213c424a633fa9e8192b16ec4eb9c2f169f65c0b48e691f0a,outputs/phase5c/search/cb1_core/formal/adapted_dcga/CB1_CORE_S_CF2_R02/seed_530109.json,S,CF2,63,1.0002947019444066
CB1_CORE_S_CF2_R02,Adapted DCGA,530110,1846.0,147.1378589439846,126.0,135.59489464998478,5990,True,cb1_core,3d97e6a3f84d930213c424a633fa9e8192b16ec4eb9c2f169f65c0b48e691f0a,outputs/phase5c/search/cb1_core/formal/adapted_dcga/CB1_CORE_S_CF2_R02/seed_530110.json,S,CF2,63,1.1677607852697192
CB1_CORE_S_CF2_R03,Adapted DCGA,530101,1774.0,116.02254146698397,116.0,108.0830237850023,6294,True,cb1_core,3d97e6a3f84d930213c424a633fa9e8192b16ec4eb9c2f169f65c0b48e691f0a,outputs/phase5c/search/cb1_core/formal/adapted_dcga/CB1_CORE_S_CF2_R03/seed_530101.json,S,CF2,58,1.0001943229912411
CB1_CORE_S_CF2_R03,Adapted DCGA,530102,1786.0,132.01789644302335,116.0,59.80222730600508,5990,True,cb1_core,3d97e6a3f84d930213c424a633fa9e8192b16ec4eb9c2f169f65c0b48e691f0a,outputs/phase5c/search/cb1_core/formal/adapted_dcga/CB1_CORE_S_CF2_R03/seed_530102.json,S,CF2,58,1.1380853141639944
CB1_CORE_S_CF2_R03,Adapted DCGA,530103,1825.0,131.43619180002133,116.0,49.76479119400028,5990,True,cb1_core,3d97e6a3f84d930213c424a633fa9e8192b16ec4eb9c2f169f65c0b48e691f0a,outputs/phase5c/search/cb1_core/formal/adapted_dcga/CB1_CORE_S_CF2_R03/seed_530103.json,S,CF2,58,1.1330706189657012
CB1_CORE_S_CF2_R03,Adapted DCGA,530104,1800.0,116.01020462199813,116.0,89.12918431198341,6208,True,cb1_core,3d97e6a3f84d930213c424a633fa9e8192b16ec4eb9c2f169f65c0b48e691f0a,outputs/phase5c/search/cb1_core/formal/adapted_dcga/CB1_CORE_S_CF2_R03/seed_530104.json,S,CF2,58,1.0000879708792942
CB1_CORE_S_CF2_R03,Adapted DCGA,530105,1827.0,116.00240737799322,116.0,97.07834537699819,6232,True,cb1_core,3d97e6a3f84d930213c424a633fa9e8192b16ec4eb9c2f169f65c0b48e691f0a,outputs/phase5c/search/cb1_core/formal/adapted_dcga/CB1_CORE_S_CF2_R03/seed_530105.json,S,CF2,58,1.0000207532585623
CB1_CORE_S_CF2_R03,Adapted DCGA,530106,1831.0,131.6368210640212,116.0,101.61028117800015,5990,True,cb1_core,3d97e6a3f84d930213c424a633fa9e8192b16ec4eb9c2f169f65c0b48e691f0a,outputs/phase5c/search/cb1_core/formal/adapted_dcga/CB1_CORE_S_CF2_R03/seed_530106.json,S,CF2,58,1.1348001815863897
CB1_CORE_S_CF2_R03,Adapted DCGA,530107,1868.0,128.03626933100168,116.0,120.50029697699938,5990,True,cb1_core,3d97e6a3f84d930213c424a633fa9e8192b16ec4eb9c2f169f65c0b48e691f0a,outputs/phase5c/search/cb1_core/formal/adapted_dcga/CB1_CORE_S_CF2_R03/seed_530107.json,S,CF2,58,1.1037609425086352
CB1_CORE_S_CF2_R03,Adapted DCGA,530108,1841.0,132.3767190980143,116.0,102.41110918001505,5990,True,cb1_core,3d97e6a3f84d930213c424a633fa9e8192b16ec4eb9c2f169f65c0b48e691f0a,outputs/phase5c/search/cb1_core/formal/adapted_dcga/CB1_CORE_S_CF2_R03/seed_530108.json,S,CF2,58,1.1411786129139163
CB1_CORE_S_CF2_R03,Adapted DCGA,530109,1802.0,130.57333837202168,116.0,123.00393136500497,5990,True,cb1_core,3d97e6a3f84d930213c424a633fa9e8192b16ec4eb9c2f169f65c0b48e691f0a,outputs/phase5c/search/cb1_core/formal/adapted_dcga/CB1_CORE_S_CF2_R03/seed_530109.json,S,CF2,58,1.1256322273450146
CB1_CORE_S_CF2_R03,Adapted DCGA,530110,1792.0,116.00101486701169,116.0,111.15148717799457,6330,True,cb1_core,3d97e6a3f84d930213c424a633fa9e8192b16ec4eb9c2f169f65c0b48e691f0a,outputs/phase5c/search/cb1_core/formal/adapted_dcga/CB1_CORE_S_CF2_R03/seed_530110.json,S,CF2,58,1.000008748853549
CB1_CORE_S_CF2_R04,Adapted DCGA,530101,1879.0,151.32837334100623,128.0,129.35585761102266,5990,True,cb1_core,3d97e6a3f84d930213c424a633fa9e8192b16ec4eb9c2f169f65c0b48e691f0a,outputs/phase5c/search/cb1_core/formal/adapted_dcga/CB1_CORE_S_CF2_R04/seed_530101.json,S,CF2,64,1.1822529167266111
CB1_CORE_S_CF2_R04,Adapted DCGA,530102,1840.0,129.31018564500846,128.0,112.26498826098396,5990,True,cb1_core,3d97e6a3f84d930213c424a633fa9e8192b16ec4eb9c2f169f65c0b48e691f0a,outputs/phase5c/search/cb1_core/formal/adapted_dcga/CB1_CORE_S_CF2_R04/seed_530102.json,S,CF2,64,1.0102358253516286
CB1_CORE_S_CF2_R04,Adapted DCGA,530103,1945.0,128.0036928000045,128.0,104.75044825300574,4980,True,cb1_core,3d97e6a3f84d930213c424a633fa9e8192b16ec4eb9c2f169f65c0b48e691f0a,outputs/phase5c/search/cb1_core/formal/adapted_dcga/CB1_CORE_S_CF2_R04/seed_530103.json,S,CF2,64,1.0000288500000352
CB1_CORE_S_CF2_R04,Adapted DCGA,530104,1901.0,128.64613357998314,128.0,104.96461060800357,5990,True,cb1_core,3d97e6a3f84d930213c424a633fa9e8192b16ec4eb9c2f169f65c0b48e691f0a,outputs/phase5c/search/cb1_core/formal/adapted_dcga/CB1_CORE_S_CF2_R04/seed_530104.json,S,CF2,64,1.0050479185936183
CB1_CORE_S_CF2_R04,Adapted DCGA,530105,1929.0,140.32135204199585,128.0,97.45360786499805,5990,True,cb1_core,3d97e6a3f84d930213c424a633fa9e8192b16ec4eb9c2f169f65c0b48e691f0a,outputs/phase5c/search/cb1_core/formal/adapted_dcga/CB1_CORE_S_CF2_R04/seed_530105.json,S,CF2,64,1.0962605628280926
CB1_CORE_S_CF2_R04,Adapted DCGA,530106,1904.0,128.00161078898236,128.0,126.56165309998323,6098,True,cb1_core,3d97e6a3f84d930213c424a633fa9e8192b16ec4eb9c2f169f65c0b48e691f0a,outputs/phase5c/search/cb1_core/formal/adapted_dcga/CB1_CORE_S_CF2_R04/seed_530106.json,S,CF2,64,1.0000125842889247
CB1_CORE_S_CF2_R04,Adapted DCGA,530107,1900.0,128.03254176900373,128.0,93.78914316699957,6018,True,cb1_core,3d97e6a3f84d930213c424a633fa9e8192b16ec4eb9c2f169f65c0b48e691f0a,outputs/phase5c/search/cb1_core/formal/adapted_dcga/CB1_CORE_S_CF2_R04/seed_530107.json,S,CF2,64,1.0002542325703416
CB1_CORE_S_CF2_R04,Adapted DCGA,530108,1853.0,129.4454201470071,128.0,90.88301427999977,5990,True,cb1_core,3d97e6a3f84d930213c424a633fa9e8192b16ec4eb9c2f169f65c0b48e691f0a,outputs/phase5c/search/cb1_core/formal/adapted_dcga/CB1_CORE_S_CF2_R04/seed_530108.json,S,CF2,64,1.011292344898493
CB1_CORE_S_CF2_R04,Adapted DCGA,530109,1859.0,128.02178788100719,128.0,45.72986536801909,6056,True,cb1_core,3d97e6a3f84d930213c424a633fa9e8192b16ec4eb9c2f169f65c0b48e691f0a,outputs/phase5c/search/cb1_core/formal/adapted_dcga/CB1_CORE_S_CF2_R04/seed_530109.json,S,CF2,64,1.0001702178203686
CB1_CORE_S_CF2_R04,Adapted DCGA,530110,1889.0,128.035751894,128.0,103.5979479009984,6048,True,cb1_core,3d97e6a3f84d930213c424a633fa9e8192b16ec4eb9c2f169f65c0b48e691f0a,outputs/phase5c/search/cb1_core/formal/adapted_dcga/CB1_CORE_S_CF2_R04/seed_530110.json,S,CF2,64,1.000279311671875
CB1_CORE_S_CF2_R05,Adapted DCGA,530101,1952.0,118.01077487101429,118.0,113.3676198850153,6366,True,cb1_core,3d97e6a3f84d930213c424a633fa9e8192b16ec4eb9c2f169f65c0b48e691f0a,outputs/phase5c/search/cb1_core/formal/adapted_dcga/CB1_CORE_S_CF2_R05/seed_530101.json,S,CF2,59,1.0000913124662227
CB1_CORE_S_CF2_R05,Adapted DCGA,530102,1964.0,132.8707455190015,118.0,65.552123483998,5990,True,cb1_core,3d97e6a3f84d930213c424a633fa9e8192b16ec4eb9c2f169f65c0b48e691f0a,outputs/phase5c/search/cb1_core/formal/adapted_dcga/CB1_CORE_S_CF2_R05/seed_530102.json,S,CF2,59,1.1260232671101822
CB1_CORE_S_CF2_R05,Adapted DCGA,530103,1953.0,118.03620671998942,118.0,86.80909621698083,6302,True,cb1_core,3d97e6a3f84d930213c424a633fa9e8192b16ec4eb9c2f169f65c0b48e691f0a,outputs/phase5c/search/cb1_core/formal/adapted_dcga/CB1_CORE_S_CF2_R05/seed_530103.json,S,CF2,59,1.0003068366100798
CB1_CORE_S_CF2_R05,Adapted DCGA,530104,1965.0,118.06412425500457,118.0,61.87433066300582,6332,True,cb1_core,3d97e6a3f84d930213c424a633fa9e8192b16ec4eb9c2f169f65c0b48e691f0a,outputs/phase5c/search/cb1_core/formal/adapted_dcga/CB1_CORE_S_CF2_R05/seed_530104.json,S,CF2,59,1.0005434258898693
CB1_CORE_S_CF2_R05,Adapted DCGA,530105,1937.0,134.92160526898806,118.0,115.31505559998914,5990,True,cb1_core,3d97e6a3f84d930213c424a633fa9e8192b16ec4eb9c2f169f65c0b48e691f0a,outputs/phase5c/search/cb1_core/formal/adapted_dcga/CB1_CORE_S_CF2_R05/seed_530105.json,S,CF2,59,1.1434034344829496
CB1_CORE_S_CF2_R05,Adapted DCGA,530106,1905.0,118.02689211899997,118.0,77.83296366900322,6116,True,cb1_core,3d97e6a3f84d930213c424a633fa9e8192b16ec4eb9c2f169f65c0b48e691f0a,outputs/phase5c/search/cb1_core/formal/adapted_dcga/CB1_CORE_S_CF2_R05/seed_530106.json,S,CF2,59,1.0002278993135592
CB1_CORE_S_CF2_R05,Adapted DCGA,530107,1966.0,134.84290097499616,118.0,114.80708883400075,5990,True,cb1_core,3d97e6a3f84d930213c424a633fa9e8192b16ec4eb9c2f169f65c0b48e691f0a,outputs/phase5c/search/cb1_core/formal/adapted_dcga/CB1_CORE_S_CF2_R05/seed_530107.json,S,CF2,59,1.1427364489406453
CB1_CORE_S_CF2_R05,Adapted DCGA,530108,1912.0,132.11241800399148,118.0,125.9965496060031,5990,True,cb1_core,3d97e6a3f84d930213c424a633fa9e8192b16ec4eb9c2f169f65c0b48e691f0a,outputs/phase5c/search/cb1_core/formal/adapted_dcga/CB1_CORE_S_CF2_R05/seed_530108.json,S,CF2,59,1.1195967627456904
CB1_CORE_S_CF2_R05,Adapted DCGA,530109,1936.0,132.76010355597828,118.0,45.27523466700222,5990,True,cb1_core,3d97e6a3f84d930213c424a633fa9e8192b16ec4eb9c2f169f65c0b48e691f0a,outputs/phase5c/search/cb1_core/formal/adapted_dcga/CB1_CORE_S_CF2_R05/seed_530109.json,S,CF2,59,1.125085623355748
CB1_CORE_S_CF2_R05,Adapted DCGA,530110,1955.0,132.91411811800208,118.0,109.42212307799491,5990,True,cb1_core,3d97e6a3f84d930213c424a633fa9e8192b16ec4eb9c2f169f65c0b48e691f0a,outputs/phase5c/search/cb1_core/formal/adapted_dcga/CB1_CORE_S_CF2_R05/seed_530110.json,S,CF2,59,1.1263908315084923
CB1_CORE_S_CF3_R01,Adapted DCGA,530101,1772.0,130.03616888902616,130.0,30.76489954101271,4898,True,cb1_core,3d97e6a3f84d930213c424a633fa9e8192b16ec4eb9c2f169f65c0b48e691f0a,outputs/phase5c/search/cb1_core/formal/adapted_dcga/CB1_CORE_S_CF3_R01/seed_530101.json,S,CF3,65,1.0002782222232782
CB1_CORE_S_CF3_R01,Adapted DCGA,530102,1737.0,154.7269849969889,130.0,144.99341103999177,5990,True,cb1_core,3d97e6a3f84d930213c424a633fa9e8192b16ec4eb9c2f169f65c0b48e691f0a,outputs/phase5c/search/cb1_core/formal/adapted_dcga/CB1_CORE_S_CF3_R01/seed_530102.json,S,CF3,65,1.1902075768999147
CB1_CORE_S_CF3_R01,Adapted DCGA,530103,1780.0,155.78862090298207,130.0,105.8199758239789,5990,True,cb1_core,3d97e6a3f84d930213c424a633fa9e8192b16ec4eb9c2f169f65c0b48e691f0a,outputs/phase5c/search/cb1_core/formal/adapted_dcga/CB1_CORE_S_CF3_R01/seed_530103.json,S,CF3,65,1.198374006946016
CB1_CORE_S_CF3_R01,Adapted DCGA,530104,1780.0,143.96889973900397,130.0,125.72086366699659,5990,True,cb1_core,3d97e6a3f84d930213c424a633fa9e8192b16ec4eb9c2f169f65c0b48e691f0a,outputs/phase5c/search/cb1_core/formal/adapted_dcga/CB1_CORE_S_CF3_R01/seed_530104.json,S,CF3,65,1.1074530749154152
CB1_CORE_S_CF3_R01,Adapted DCGA,530105,1758.0,148.49825456697727,130.0,107.88463513797615,5990,True,cb1_core,3d97e6a3f84d930213c424a633fa9e8192b16ec4eb9c2f169f65c0b48e691f0a,outputs/phase5c/search/cb1_core/formal/adapted_dcga/CB1_CORE_S_CF3_R01/seed_530105.json,S,CF3,65,1.1422942658998252
CB1_CORE_S_CF3_R01,Adapted DCGA,530106,1759.0,130.03649438000866,130.0,115.52504464198137,4982,True,cb1_core,3d97e6a3f84d930213c424a633fa9e8192b16ec4eb9c2f169f65c0b48e691f0a,outputs/phase5c/search/cb1_core/formal/adapted_dcga/CB1_CORE_S_CF3_R01/seed_530106.json,S,CF3,65,1.0002807260000666
CB1_CORE_S_CF3_R01,Adapted DCGA,530107,1800.0,131.60371277999366,130.0,118.59898605398485,5990,True,cb1_core,3d97e6a3f84d930213c424a633fa9e8192b16ec4eb9c2f169f65c0b48e691f0a,outputs/phase5c/search/cb1_core/formal/adapted_dcga/CB1_CORE_S_CF3_R01/seed_530107.json,S,CF3,65,1.0123362521537973
CB1_CORE_S_CF3_R01,Adapted DCGA,530108,1759.0,130.03235623901128,130.0,104.34080444500432,4982,True,cb1_core,3d97e6a3f84d930213c424a633fa9e8192b16ec4eb9c2f169f65c0b48e691f0a,outputs/phase5c/search/cb1_core/formal/adapted_dcga/CB1_CORE_S_CF3_R01/seed_530108.json,S,CF3,65,1.0002488941462406
CB1_CORE_S_CF3_R01,Adapted DCGA,530109,1757.0,155.1836335909902,130.0,146.8203302269976,5990,True,cb1_core,3d97e6a3f84d930213c424a633fa9e8192b16ec4eb9c2f169f65c0b48e691f0a,outputs/phase5c/search/cb1_core/formal/adapted_dcga/CB1_CORE_S_CF3_R01/seed_530109.json,S,CF3,65,1.1937202583922324
CB1_CORE_S_CF3_R01,Adapted DCGA,530110,1781.0,155.4047983030032,130.0,71.52981269999873,5990,True,cb1_core,3d97e6a3f84d930213c424a633fa9e8192b16ec4eb9c2f169f65c0b48e691f0a,outputs/phase5c/search/cb1_core/formal/adapted_dcga/CB1_CORE_S_CF3_R01/seed_530110.json,S,CF3,65,1.195421525407717
CB1_CORE_S_CF3_R02,Adapted DCGA,530101,1872.0,127.67960198799847,114.0,119.22354147498845,5990,True,cb1_core,3d97e6a3f84d930213c424a633fa9e8192b16ec4eb9c2f169f65c0b48e691f0a,outputs/phase5c/search/cb1_core/formal/adapted_dcga/CB1_CORE_S_CF3_R02/seed_530101.json,S,CF3,57,1.1199965086666532
CB1_CORE_S_CF3_R02,Adapted DCGA,530102,1875.0,127.09115903699421,114.0,104.37922590700327,5990,True,cb1_core,3d97e6a3f84d930213c424a633fa9e8192b16ec4eb9c2f169f65c0b48e691f0a,outputs/phase5c/search/cb1_core/formal/adapted_dcga/CB1_CORE_S_CF3_R02/seed_530102.json,S,CF3,57,1.114834728394686
CB1_CORE_S_CF3_R02,Adapted DCGA,530103,1888.0,118.76744891301496,114.0,75.43628779699793,5990,True,cb1_core,3d97e6a3f84d930213c424a633fa9e8192b16ec4eb9c2f169f65c0b48e691f0a,outputs/phase5c/search/cb1_core/formal/adapted_dcga/CB1_CORE_S_CF3_R02/seed_530103.json,S,CF3,57,1.0418197273071488
CB1_CORE_S_CF3_R02,Adapted DCGA,530104,1857.0,122.11129741498735,114.0,79.49464413299575,5990,True,cb1_core,3d97e6a3f84d930213c424a633fa9e8192b16ec4eb9c2f169f65c0b48e691f0a,outputs/phase5c/search/cb1_core/formal/adapted_dcga/CB1_CORE_S_CF3_R02/seed_530104.json,S,CF3,57,1.0711517317104153
CB1_CORE_S_CF3_R02,Adapted DCGA,530105,1863.0,114.01693177499692,114.0,113.45681221300038,6394,True,cb1_core,3d97e6a3f84d930213c424a633fa9e8192b16ec4eb9c2f169f65c0b48e691f0a,outputs/phase5c/search/cb1_core/formal/adapted_dcga/CB1_CORE_S_CF3_R02/seed_530105.json,S,CF3,57,1.0001485243420782
CB1_CORE_S_CF3_R02,Adapted DCGA,530106,1856.0,114.00732560799224,114.0,109.27878337999573,6036,True,cb1_core,3d97e6a3f84d930213c424a633fa9e8192b16ec4eb9c2f169f65c0b48e691f0a,outputs/phase5c/search/cb1_core/formal/adapted_dcga/CB1_CORE_S_CF3_R02/seed_530106.json,S,CF3,57,1.0000642597192302
CB1_CORE_S_CF3_R02,Adapted DCGA,530107,1888.0,114.0038818650064,114.0,112.91213475700351,6300,True,cb1_core,3d97e6a3f84d930213c424a633fa9e8192b16ec4eb9c2f169f65c0b48e691f0a,outputs/phase5c/search/cb1_core/formal/adapted_dcga/CB1_CORE_S_CF3_R02/seed_530107.json,S,CF3,57,1.0000340514474246
CB1_CORE_S_CF3_R02,Adapted DCGA,530108,1835.0,114.00584065797739,114.0,88.52167587899021,6394,True,cb1_core,3d97e6a3f84d930213c424a633fa9e8192b16ec4eb9c2f169f65c0b48e691f0a,outputs/phase5c/search/cb1_core/formal/adapted_dcga/CB1_CORE_S_CF3_R02/seed_530108.json,S,CF3,57,1.000051233841907
CB1_CORE_S_CF3_R02,Adapted DCGA,530109,1833.0,114.0007797399885,114.0,90.05281362001551,6290,True,cb1_core,3d97e6a3f84d930213c424a633fa9e8192b16ec4eb9c2f169f65c0b48e691f0a,outputs/phase5c/search/cb1_core/formal/adapted_dcga/CB1_CORE_S_CF3_R02/seed_530109.json,S,CF3,57,1.0000068398244606
CB1_CORE_S_CF3_R02,Adapted DCGA,530110,1871.0,114.0028184929979,114.0,77.44831493400852,6390,True,cb1_core,3d97e6a3f84d930213c424a633fa9e8192b16ec4eb9c2f169f65c0b48e691f0a,outputs/phase5c/search/cb1_core/formal/adapted_dcga/CB1_CORE_S_CF3_R02/seed_530110.json,S,CF3,57,1.0000247236227886
CB1_CORE_S_CF3_R03,Adapted DCGA,530101,1981.0,114.01420392101863,114.0,98.48734480701387,6388,True,cb1_core,3d97e6a3f84d930213c424a633fa9e8192b16ec4eb9c2f169f65c0b48e691f0a,outputs/phase5c/search/cb1_core/formal/adapted_dcga/CB1_CORE_S_CF3_R03/seed_530101.json,S,CF3,57,1.000124595798409
CB1_CORE_S_CF3_R03,Adapted DCGA,530102,1895.0,114.0293076329981,114.0,24.60384540600353,6146,True,cb1_core,3d97e6a3f84d930213c424a633fa9e8192b16ec4eb9c2f169f65c0b48e691f0a,outputs/phase5c/search/cb1_core/formal/adapted_dcga/CB1_CORE_S_CF3_R03/seed_530102.json,S,CF3,57,1.0002570844999834
CB1_CORE_S_CF3_R03,Adapted DCGA,530103,1959.0,128.2401158209832,114.0,123.88979475200176,5990,True,cb1_core,3d97e6a3f84d930213c424a633fa9e8192b16ec4eb9c2f169f65c0b48e691f0a,outputs/phase5c/search/cb1_core/formal/adapted_dcga/CB1_CORE_S_CF3_R03/seed_530103.json,S,CF3,57,1.124913296675291
CB1_CORE_S_CF3_R03,Adapted DCGA,530104,1942.0,129.86123009299627,114.0,57.725219527987065,5990,True,cb1_core,3d97e6a3f84d930213c424a633fa9e8192b16ec4eb9c2f169f65c0b48e691f0a,outputs/phase5c/search/cb1_core/formal/adapted_dcga/CB1_CORE_S_CF3_R03/seed_530104.json,S,CF3,57,1.1391335973069847
CB1_CORE_S_CF3_R03,Adapted DCGA,530105,1986.0,125.46349966598791,114.0,97.1015308269998,5990,True,cb1_core,3d97e6a3f84d930213c424a633fa9e8192b16ec4eb9c2f169f65c0b48e691f0a,outputs/phase5c/search/cb1_core/formal/adapted_dcga/CB1_CORE_S_CF3_R03/seed_530105.json,S,CF3,57,1.100557014613929
CB1_CORE_S_CF3_R03,Adapted DCGA,530106,1978.0,128.82040154899005,114.0,121.03105098000378,5990,True,cb1_core,3d97e6a3f84d930213c424a633fa9e8192b16ec4eb9c2f169f65c0b48e691f0a,outputs/phase5c/search/cb1_core/formal/adapted_dcga/CB1_CORE_S_CF3_R03/seed_530106.json,S,CF3,57,1.130003522359562
CB1_CORE_S_CF3_R03,Adapted DCGA,530107,1990.0,114.00259156999527,114.0,67.66850723698735,6156,True,cb1_core,3d97e6a3f84d930213c424a633fa9e8192b16ec4eb9c2f169f65c0b48e691f0a,outputs/phase5c/search/cb1_core/formal/adapted_dcga/CB1_CORE_S_CF3_R03/seed_530107.json,S,CF3,57,1.000022733070134
CB1_CORE_S_CF3_R03,Adapted DCGA,530108,1985.0,114.00482686999021,114.0,102.83570732898079,6064,True,cb1_core,3d97e6a3f84d930213c424a633fa9e8192b16ec4eb9c2f169f65c0b48e691f0a,outputs/phase5c/search/cb1_core/formal/adapted_dcga/CB1_CORE_S_CF3_R03/seed_530108.json,S,CF3,57,1.0000423409648265
CB1_CORE_S_CF3_R03,Adapted DCGA,530109,1991.0,129.35882676500478,114.0,106.28547209099634,5990,True,cb1_core,3d97e6a3f84d930213c424a633fa9e8192b16ec4eb9c2f169f65c0b48e691f0a,outputs/phase5c/search/cb1_core/formal/adapted_dcga/CB1_CORE_S_CF3_R03/seed_530109.json,S,CF3,57,1.1347265505702173
CB1_CORE_S_CF3_R03,Adapted DCGA,530110,1998.0,114.00153668501298,114.0,97.57899761901353,6420,True,cb1_core,3d97e6a3f84d930213c424a633fa9e8192b16ec4eb9c2f169f65c0b48e691f0a,outputs/phase5c/search/cb1_core/formal/adapted_dcga/CB1_CORE_S_CF3_R03/seed_530110.json,S,CF3,57,1.0000134796930964
CB1_CORE_S_CF3_R04,Adapted DCGA,530101,1710.0,116.02122938999673,116.0,42.274841942009516,6032,True,cb1_core,3d97e6a3f84d930213c424a633fa9e8192b16ec4eb9c2f169f65c0b48e691f0a,outputs/phase5c/search/cb1_core/formal/adapted_dcga/CB1_CORE_S_CF3_R04/seed_530101.json,S,CF3,58,1.0001830119827304
CB1_CORE_S_CF3_R04,Adapted DCGA,530102,1808.0,128.22209920801106,116.0,64.15717813701485,5990,True,cb1_core,3d97e6a3f84d930213c424a633fa9e8192b16ec4eb9c2f169f65c0b48e691f0a,outputs/phase5c/search/cb1_core/formal/adapted_dcga/CB1_CORE_S_CF3_R04/seed_530102.json,S,CF3,58,1.1053629242069918
CB1_CORE_S_CF3_R04,Adapted DCGA,530103,1778.0,129.34400101398933,116.0,121.48096713799168,5990,True,cb1_core,3d97e6a3f84d930213c424a633fa9e8192b16ec4eb9c2f169f65c0b48e691f0a,outputs/phase5c/search/cb1_core/formal/adapted_dcga/CB1_CORE_S_CF3_R04/seed_530103.json,S,CF3,58,1.115034491499908
CB1_CORE_S_CF3_R04,Adapted DCGA,530104,1796.0,131.29953415799537,116.0,105.15682106697932,5990,True,cb1_core,3d97e6a3f84d930213c424a633fa9e8192b16ec4eb9c2f169f65c0b48e691f0a,outputs/phase5c/search/cb1_core/formal/adapted_dcga/CB1_CORE_S_CF3_R04/seed_530104.json,S,CF3,58,1.1318925358447876
CB1_CORE_S_CF3_R04,Adapted DCGA,530105,1749.0,116.03575279397774,116.0,88.65293148098863,6450,True,cb1_core,3d97e6a3f84d930213c424a633fa9e8192b16ec4eb9c2f169f65c0b48e691f0a,outputs/phase5c/search/cb1_core/formal/adapted_dcga/CB1_CORE_S_CF3_R04/seed_530105.json,S,CF3,58,1.0003082137411874
CB1_CORE_S_CF3_R04,Adapted DCGA,530106,1745.0,130.54757561397855,116.0,129.03754545398988,5990,True,cb1_core,3d97e6a3f84d930213c424a633fa9e8192b16ec4eb9c2f169f65c0b48e691f0a,outputs/phase5c/search/cb1_core/formal/adapted_dcga/CB1_CORE_S_CF3_R04/seed_530106.json,S,CF3,58,1.1254101346032634
CB1_CORE_S_CF3_R04,Adapted DCGA,530107,1778.0,127.6432492279855,116.0,52.541268836997915,5990,True,cb1_core,3d97e6a3f84d930213c424a633fa9e8192b16ec4eb9c2f169f65c0b48e691f0a,outputs/phase5c/search/cb1_core/formal/adapted_dcga/CB1_CORE_S_CF3_R04/seed_530107.json,S,CF3,58,1.1003728381722888
CB1_CORE_S_CF3_R04,Adapted DCGA,530108,1734.0,116.01017466597841,116.0,24.18174848999479,6432,True,cb1_core,3d97e6a3f84d930213c424a633fa9e8192b16ec4eb9c2f169f65c0b48e691f0a,outputs/phase5c/search/cb1_core/formal/adapted_dcga/CB1_CORE_S_CF3_R04/seed_530108.json,S,CF3,58,1.000087712637745
CB1_CORE_S_CF3_R04,Adapted DCGA,530109,1785.0,129.49684073901153,116.0,121.61899069600622,5990,True,cb1_core,3d97e6a3f84d930213c424a633fa9e8192b16ec4eb9c2f169f65c0b48e691f0a,outputs/phase5c/search/cb1_core/formal/adapted_dcga/CB1_CORE_S_CF3_R04/seed_530109.json,S,CF3,58,1.1163520753363063
CB1_CORE_S_CF3_R04,Adapted DCGA,530110,1732.0,131.30154959397623,116.0,129.34453930097516,5990,True,cb1_core,3d97e6a3f84d930213c424a633fa9e8192b16ec4eb9c2f169f65c0b48e691f0a,outputs/phase5c/search/cb1_core/formal/adapted_dcga/CB1_CORE_S_CF3_R04/seed_530110.json,S,CF3,58,1.1319099102928987
CB1_CORE_S_CF3_R05,Adapted DCGA,530101,1709.0,117.16470029499033,112.0,17.390036737982882,5990,True,cb1_core,3d97e6a3f84d930213c424a633fa9e8192b16ec4eb9c2f169f65c0b48e691f0a,outputs/phase5c/search/cb1_core/formal/adapted_dcga/CB1_CORE_S_CF3_R05/seed_530101.json,S,CF3,56,1.0461133954909851
CB1_CORE_S_CF3_R05,Adapted DCGA,530102,1740.0,123.57428950999747,112.0,120.16016172798118,5990,True,cb1_core,3d97e6a3f84d930213c424a633fa9e8192b16ec4eb9c2f169f65c0b48e691f0a,outputs/phase5c/search/cb1_core/formal/adapted_dcga/CB1_CORE_S_CF3_R05/seed_530102.json,S,CF3,56,1.1033418706249773
CB1_CORE_S_CF3_R05,Adapted DCGA,530103,1711.0,114.55925240099896,112.0,111.05768706600065,5990,True,cb1_core,3d97e6a3f84d930213c424a633fa9e8192b16ec4eb9c2f169f65c0b48e691f0a,outputs/phase5c/search/cb1_core/formal/adapted_dcga/CB1_CORE_S_CF3_R05/seed_530103.json,S,CF3,56,1.0228504678660622
CB1_CORE_S_CF3_R05,Adapted DCGA,530104,1694.0,112.02437943700352,112.0,83.57441110600485,6526,True,cb1_core,3d97e6a3f84d930213c424a633fa9e8192b16ec4eb9c2f169f65c0b48e691f0a,outputs/phase5c/search/cb1_core/formal/adapted_dcga/CB1_CORE_S_CF3_R05/seed_530104.json,S,CF3,56,1.0002176735446742
CB1_CORE_S_CF3_R05,Adapted DCGA,530105,1713.0,112.02267034197575,112.0,82.17619000800187,6498,True,cb1_core,3d97e6a3f84d930213c424a633fa9e8192b16ec4eb9c2f169f65c0b48e691f0a,outputs/phase5c/search/cb1_core/formal/adapted_dcga/CB1_CORE_S_CF3_R05/seed_530105.json,S,CF3,56,1.0002024137676406
CB1_CORE_S_CF3_R05,Adapted DCGA,530106,1714.0,112.02767615398625,112.0,27.483632434974425,6538,True,cb1_core,3d97e6a3f84d930213c424a633fa9e8192b16ec4eb9c2f169f65c0b48e691f0a,outputs/phase5c/search/cb1_core/formal/adapted_dcga/CB1_CORE_S_CF3_R05/seed_530106.json,S,CF3,56,1.0002471085177345
CB1_CORE_S_CF3_R05,Adapted DCGA,530107,1671.0,112.00192096200772,112.0,21.464271280012326,6562,True,cb1_core,3d97e6a3f84d930213c424a633fa9e8192b16ec4eb9c2f169f65c0b48e691f0a,outputs/phase5c/search/cb1_core/formal/adapted_dcga/CB1_CORE_S_CF3_R05/seed_530107.json,S,CF3,56,1.0000171514464975
CB1_CORE_S_CF3_R05,Adapted DCGA,530108,1732.0,123.30563947401242,112.0,68.18184111401206,5990,True,cb1_core,3d97e6a3f84d930213c424a633fa9e8192b16ec4eb9c2f169f65c0b48e691f0a,outputs/phase5c/search/cb1_core/formal/adapted_dcga/CB1_CORE_S_CF3_R05/seed_530108.json,S,CF3,56,1.1009432095893967
CB1_CORE_S_CF3_R05,Adapted DCGA,530109,1670.0,112.02395228901878,112.0,74.31288217401016,6460,True,cb1_core,3d97e6a3f84d930213c424a633fa9e8192b16ec4eb9c2f169f65c0b48e691f0a,outputs/phase5c/search/cb1_core/formal/adapted_dcga/CB1_CORE_S_CF3_R05/seed_530109.json,S,CF3,56,1.000213859723382
CB1_CORE_S_CF3_R05,Adapted DCGA,530110,1716.0,123.15655456998502,112.0,109.69569176700315,5990,True,cb1_core,3d97e6a3f84d930213c424a633fa9e8192b16ec4eb9c2f169f65c0b48e691f0a,outputs/phase5c/search/cb1_core/formal/adapted_dcga/CB1_CORE_S_CF3_R05/seed_530110.json,S,CF3,56,1.0996120943748662
CB1_CORE_L_CF1_R01,ALNS-H1,530101,4844.0,380.01450122401,380.0,275.5916441139998,7782,True,cb1_core,3d97e6a3f84d930213c424a633fa9e8192b16ec4eb9c2f169f65c0b48e691f0a,outputs/phase5c/search/cb1_core/formal/alns_h1/CB1_CORE_L_CF1_R01/seed_530101.json,L,CF1,190,1.0000381611158158
CB1_CORE_L_CF1_R01,ALNS-H1,530102,4968.0,380.0398465190083,380.0,286.8075726790121,8744,True,cb1_core,3d97e6a3f84d930213c424a633fa9e8192b16ec4eb9c2f169f65c0b48e691f0a,outputs/phase5c/search/cb1_core/formal/alns_h1/CB1_CORE_L_CF1_R01/seed_530102.json,L,CF1,190,1.0001048592605482
CB1_CORE_L_CF1_R01,ALNS-H1,530103,4947.0,380.0284168259823,380.0,328.9369604139938,8159,True,cb1_core,3d97e6a3f84d930213c424a633fa9e8192b16ec4eb9c2f169f65c0b48e691f0a,outputs/phase5c/search/cb1_core/formal/alns_h1/CB1_CORE_L_CF1_R01/seed_530103.json,L,CF1,190,1.000074781121006
CB1_CORE_L_CF1_R01,ALNS-H1,530104,5298.0,380.02893036199384,380.0,114.38538553001126,8468,True,cb1_core,3d97e6a3f84d930213c424a633fa9e8192b16ec4eb9c2f169f65c0b48e691f0a,outputs/phase5c/search/cb1_core/formal/alns_h1/CB1_CORE_L_CF1_R01/seed_530104.json,L,CF1,190,1.0000761325315628
CB1_CORE_L_CF1_R01,ALNS-H1,530105,4762.0,380.04974303301424,380.0,257.2350263769913,8197,True,cb1_core,3d97e6a3f84d930213c424a633fa9e8192b16ec4eb9c2f169f65c0b48e691f0a,outputs/phase5c/search/cb1_core/formal/alns_h1/CB1_CORE_L_CF1_R01/seed_530105.json,L,CF1,190,1.0001309027184586
CB1_CORE_L_CF1_R01,ALNS-H1,530106,4964.0,380.0284460730036,380.0,225.8936413479969,8456,True,cb1_core,3d97e6a3f84d930213c424a633fa9e8192b16ec4eb9c2f169f65c0b48e691f0a,outputs/phase5c/search/cb1_core/formal/alns_h1/CB1_CORE_L_CF1_R01/seed_530106.json,L,CF1,190,1.0000748580868515
CB1_CORE_L_CF1_R01,ALNS-H1,530107,4916.0,380.0367854189826,380.0,359.0886982670054,8241,True,cb1_core,3d97e6a3f84d930213c424a633fa9e8192b16ec4eb9c2f169f65c0b48e691f0a,outputs/phase5c/search/cb1_core/formal/alns_h1/CB1_CORE_L_CF1_R01/seed_530107.json,L,CF1,190,1.0000968037341649
CB1_CORE_L_CF1_R01,ALNS-H1,530108,4813.0,380.0221275280055,380.0,359.61629813502077,7909,True,cb1_core,3d97e6a3f84d930213c424a633fa9e8192b16ec4eb9c2f169f65c0b48e691f0a,outputs/phase5c/search/cb1_core/formal/alns_h1/CB1_CORE_L_CF1_R01/seed_530108.json,L,CF1,190,1.0000582303368566
CB1_CORE_L_CF1_R01,ALNS-H1,530109,4824.0,380.0438900440058,380.0,226.14893610498984,8067,True,cb1_core,3d97e6a3f84d930213c424a633fa9e8192b16ec4eb9c2f169f65c0b48e691f0a,outputs/phase5c/search/cb1_core/formal/alns_h1/CB1_CORE_L_CF1_R01/seed_530109.json,L,CF1,190,1.0001155001158049
CB1_CORE_L_CF1_R01,ALNS-H1,530110,4886.0,380.0072011559969,380.0,341.2075616630027,8285,True,cb1_core,3d97e6a3f84d930213c424a633fa9e8192b16ec4eb9c2f169f65c0b48e691f0a,outputs/phase5c/search/cb1_core/formal/alns_h1/CB1_CORE_L_CF1_R01/seed_530110.json,L,CF1,190,1.0000189504105181
CB1_CORE_L_CF1_R02,ALNS-H1,530101,4813.0,362.03799342899583,362.0,223.19043334099115,8736,True,cb1_core,3d97e6a3f84d930213c424a633fa9e8192b16ec4eb9c2f169f65c0b48e691f0a,outputs/phase5c/search/cb1_core/formal/alns_h1/CB1_CORE_L_CF1_R02/seed_530101.json,L,CF1,181,1.0001049542237455
CB1_CORE_L_CF1_R02,ALNS-H1,530102,4907.0,362.00542411598144,362.0,318.1755142019829,8422,True,cb1_core,3d97e6a3f84d930213c424a633fa9e8192b16ec4eb9c2f169f65c0b48e691f0a,outputs/phase5c/search/cb1_core/formal/alns_h1/CB1_CORE_L_CF1_R02/seed_530102.json,L,CF1,181,1.000014983745805
CB1_CORE_L_CF1_R02,ALNS-H1,530103,4859.0,362.01607401901856,362.0,288.1111787830014,8587,True,cb1_core,3d97e6a3f84d930213c424a633fa9e8192b16ec4eb9c2f169f65c0b48e691f0a,outputs/phase5c/search/cb1_core/formal/alns_h1/CB1_CORE_L_CF1_R02/seed_530103.json,L,CF1,181,1.0000444033674545
CB1_CORE_L_CF1_R02,ALNS-H1,530104,4817.0,362.0288032749959,362.0,167.83246144099394,8377,True,cb1_core,3d97e6a3f84d930213c424a633fa9e8192b16ec4eb9c2f169f65c0b48e691f0a,outputs/phase5c/search/cb1_core/formal/alns_h1/CB1_CORE_L_CF1_R02/seed_530104.json,L,CF1,181,1.0000795670579996
CB1_CORE_L_CF1_R02,ALNS-H1,530105,4880.0,362.0373813920014,362.0,217.79936861799797,8193,True,cb1_core,3d97e6a3f84d930213c424a633fa9e8192b16ec4eb9c2f169f65c0b48e691f0a,outputs/phase5c/search/cb1_core/formal/alns_h1/CB1_CORE_L_CF1_R02/seed_530105.json,L,CF1,181,1.000103263513816
CB1_CORE_L_CF1_R02,ALNS-H1,530106,4848.0,362.01660623200587,362.0,321.2765331190021,8972,True,cb1_core,3d97e6a3f84d930213c424a633fa9e8192b16ec4eb9c2f169f65c0b48e691f0a,outputs/phase5c/search/cb1_core/formal/alns_h1/CB1_CORE_L_CF1_R02/seed_530106.json,L,CF1,181,1.000045873569077
CB1_CORE_L_CF1_R02,ALNS-H1,530107,4807.0,362.04171492898604,362.0,354.00611985099385,9089,True,cb1_core,3d97e6a3f84d930213c424a633fa9e8192b16ec4eb9c2f169f65c0b48e691f0a,outputs/phase5c/search/cb1_core/formal/alns_h1/CB1_CORE_L_CF1_R02/seed_530107.json,L,CF1,181,1.0001152346104587
CB1_CORE_L_CF1_R02,ALNS-H1,530108,4750.0,362.01231283598463,362.0,316.21091371099465,8946,True,cb1_core,3d97e6a3f84d930213c424a633fa9e8192b16ec4eb9c2f169f65c0b48e691f0a,outputs/phase5c/search/cb1_core/formal/alns_h1/CB1_CORE_L_CF1_R02/seed_530108.json,L,CF1,181,1.0000340133590735
CB1_CORE_L_CF1_R02,ALNS-H1,530109,4915.0,362.04510943300556,362.0,196.26552031299798,9346,True,cb1_core,3d97e6a3f84d930213c424a633fa9e8192b16ec4eb9c2f169f65c0b48e691f0a,outputs/phase5c/search/cb1_core/formal/alns_h1/CB1_CORE_L_CF1_R02/seed_530109.json,L,CF1,181,1.0001246116933855
CB1_CORE_L_CF1_R02,ALNS-H1,530110,4812.0,362.00567812501686,362.0,194.90436461300123,8659,True,cb1_core,3d97e6a3f84d930213c424a633fa9e8192b16ec4eb9c2f169f65c0b48e691f0a,outputs/phase5c/search/cb1_core/formal/alns_h1/CB1_CORE_L_CF1_R02/seed_530110.json,L,CF1,181,1.0000156854282234
CB1_CORE_L_CF1_R03,ALNS-H1,530101,4253.0,346.03813677400467,346.0,105.14099730801536,9191,True,cb1_core,3d97e6a3f84d930213c424a633fa9e8192b16ec4eb9c2f169f65c0b48e691f0a,outputs/phase5c/search/cb1_core/formal/alns_h1/CB1_CORE_L_CF1_R03/seed_530101.json,L,CF1,173,1.000110221890187
CB1_CORE_L_CF1_R03,ALNS-H1,530102,4124.0,346.00552953002625,346.0,336.2941022370069,8375,True,cb1_core,3d97e6a3f84d930213c424a633fa9e8192b16ec4eb9c2f169f65c0b48e691f0a,outputs/phase5c/search/cb1_core/formal/alns_h1/CB1_CORE_L_CF1_R03/seed_530102.json,L,CF1,173,1.000015981300654
CB1_CORE_L_CF1_R03,ALNS-H1,530103,4267.0,346.01581164301024,346.0,248.3241327709984,8868,True,cb1_core,3d97e6a3f84d930213c424a633fa9e8192b16ec4eb9c2f169f65c0b48e691f0a,outputs/phase5c/search/cb1_core/formal/alns_h1/CB1_CORE_L_CF1_R03/seed_530103.json,L,CF1,173,1.000045698390203
CB1_CORE_L_CF1_R03,ALNS-H1,530104,4123.0,346.018475172983,346.0,344.06687676598085,9009,True,cb1_core,3d97e6a3f84d930213c424a633fa9e8192b16ec4eb9c2f169f65c0b48e691f0a,outputs/phase5c/search/cb1_core/formal/alns_h1/CB1_CORE_L_CF1_R03/seed_530104.json,L,CF1,173,1.0000533964537082
CB1_CORE_L_CF1_R03,ALNS-H1,530105,4116.0,346.0380183419911,346.0,175.92359303098056,8280,True,cb1_core,3d97e6a3f84d930213c424a633fa9e8192b16ec4eb9c2f169f65c0b48e691f0a,outputs/phase5c/search/cb1_core/formal/alns_h1/CB1_CORE_L_CF1_R03/seed_530105.json,L,CF1,173,1.0001098796011303
CB1_CORE_L_CF1_R03,ALNS-H1,530106,4088.0,346.0174987420032,346.0,198.16193117000512,8939,True,cb1_core,3d97e6a3f84d930213c424a633fa9e8192b16ec4eb9c2f169f65c0b48e691f0a,outputs/phase5c/search/cb1_core/formal/alns_h1/CB1_CORE_L_CF1_R03/seed_530106.json,L,CF1,173,1.0000505743988533
CB1_CORE_L_CF1_R03,ALNS-H1,530107,4107.0,346.01951735600596,346.0,316.0567760110134,8727,True,cb1_core,3d97e6a3f84d930213c424a633fa9e8192b16ec4eb9c2f169f65c0b48e691f0a,outputs/phase5c/search/cb1_core/formal/alns_h1/CB1_CORE_L_CF1_R03/seed_530107.json,L,CF1,173,1.0000564085433699
CB1_CORE_L_CF1_R03,ALNS-H1,530108,4183.0,346.0066204449977,346.0,116.28057045702008,8351,True,cb1_core,3d97e6a3f84d930213c424a633fa9e8192b16ec4eb9c2f169f65c0b48e691f0a,outputs/phase5c/search/cb1_core/formal/alns_h1/CB1_CORE_L_CF1_R03/seed_530108.json,L,CF1,173,1.0000191342340974
CB1_CORE_L_CF1_R03,ALNS-H1,530109,4134.0,346.01259979599854,346.0,263.35764594498323,9296,True,cb1_core,3d97e6a3f84d930213c424a633fa9e8192b16ec4eb9c2f169f65c0b48e691f0a,outputs/phase5c/search/cb1_core/formal/alns_h1/CB1_CORE_L_CF1_R03/seed_530109.json,L,CF1,173,1.0000364155953716
CB1_CORE_L_CF1_R03,ALNS-H1,530110,4133.0,346.0068327790068,346.0,318.97876772499876,8959,True,cb1_core,3d97e6a3f84d930213c424a633fa9e8192b16ec4eb9c2f169f65c0b48e691f0a,outputs/phase5c/search/cb1_core/formal/alns_h1/CB1_CORE_L_CF1_R03/seed_530110.json,L,CF1,173,1.0000197479162045
CB1_CORE_L_CF1_R04,ALNS-H1,530101,4002.0,344.02783575400827,344.0,342.24094715798856,9349,True,cb1_core,3d97e6a3f84d930213c424a633fa9e8192b16ec4eb9c2f169f65c0b48e691f0a,outputs/phase5c/search/cb1_core/formal/alns_h1/CB1_CORE_L_CF1_R04/seed_530101.json,L,CF1,172,1.0000809178895589
CB1_CORE_L_CF1_R04,ALNS-H1,530102,4062.0,344.0232849009917,344.0,286.5667084789893,8884,True,cb1_core,3d97e6a3f84d930213c424a633fa9e8192b16ec4eb9c2f169f65c0b48e691f0a,outputs/phase5c/search/cb1_core/formal/alns_h1/CB1_CORE_L_CF1_R04/seed_530102.json,L,CF1,172,1.0000676886656736
CB1_CORE_L_CF1_R04,ALNS-H1,530103,4124.0,344.03297831999953,344.0,211.5610661340179,8871,True,cb1_core,3d97e6a3f84d930213c424a633fa9e8192b16ec4eb9c2f169f65c0b48e691f0a,outputs/phase5c/search/cb1_core/formal/alns_h1/CB1_CORE_L_CF1_R04/seed_530103.json,L,CF1,172,1.000095867209301
CB1_CORE_L_CF1_R04,ALNS-H1,530104,3925.0,344.02439105400117,344.0,310.32711095400737,9125,True,cb1_core,3d97e6a3f84d930213c424a633fa9e8192b16ec4eb9c2f169f65c0b48e691f0a,outputs/phase5c/search/cb1_core/formal/alns_h1/CB1_CORE_L_CF1_R04/seed_530104.json,L,CF1,172,1.0000709042267475
CB1_CORE_L_CF1_R04,ALNS-H1,530105,4184.0,344.02458919698256,344.0,145.14825794898206,9146,True,cb1_core,3d97e6a3f84d930213c424a633fa9e8192b16ec4eb9c2f169f65c0b48e691f0a,outputs/phase5c/search/cb1_core/formal/alns_h1/CB1_CORE_L_CF1_R04/seed_530105.json,L,CF1,172,1.0000714802237864
CB1_CORE_L_CF1_R04,ALNS-H1,530106,4040.0,344.00514242300414,344.0,227.46445062599378,8830,True,cb1_core,3d97e6a3f84d930213c424a633fa9e8192b16ec4eb9c2f169f65c0b48e691f0a,outputs/phase5c/search/cb1_core/formal/alns_h1/CB1_CORE_L_CF1_R04/seed_530106.json,L,CF1,172,1.0000149489040817
CB1_CORE_L_CF1_R04,ALNS-H1,530107,4135.0,344.0378484739922,344.0,318.5737790490093,8665,True,cb1_core,3d97e6a3f84d930213c424a633fa9e8192b16ec4eb9c2f169f65c0b48e691f0a,outputs/phase5c/search/cb1_core/formal/alns_h1/CB1_CORE_L_CF1_R04/seed_530107.json,L,CF1,172,1.0001100246336982
CB1_CORE_L_CF1_R04,ALNS-H1,530108,4019.0,344.033840027987,344.0,277.0450176600134,9102,True,cb1_core,3d97e6a3f84d930213c424a633fa9e8192b16ec4eb9c2f169f65c0b48e691f0a,outputs/phase5c/search/cb1_core/formal/alns_h1/CB1_CORE_L_CF1_R04/seed_530108.json,L,CF1,172,1.0000983721743808
CB1_CORE_L_CF1_R04,ALNS-H1,530109,4168.0,344.0313846979989,344.0,164.12530568501097,8892,True,cb1_core,3d97e6a3f84d930213c424a633fa9e8192b16ec4eb9c2f169f65c0b48e691f0a,outputs/phase5c/search/cb1_core/formal/alns_h1/CB1_CORE_L_CF1_R04/seed_530109.json,L,CF1,172,1.000091234587206
CB1_CORE_L_CF1_R04,ALNS-H1,530110,4289.0,344.01709728399874,344.0,160.44901236199075,8794,True,cb1_core,3d97e6a3f84d930213c424a633fa9e8192b16ec4eb9c2f169f65c0b48e691f0a,outputs/phase5c/search/cb1_core/formal/alns_h1/CB1_CORE_L_CF1_R04/seed_530110.json,L,CF1,172,1.0000497014069731
CB1_CORE_L_CF1_R05,ALNS-H1,530101,4380.0,342.0163275959785,342.0,74.34071881798445,8688,True,cb1_core,3d97e6a3f84d930213c424a633fa9e8192b16ec4eb9c2f169f65c0b48e691f0a,outputs/phase5c/search/cb1_core/formal/alns_h1/CB1_CORE_L_CF1_R05/seed_530101.json,L,CF1,171,1.000047741508709
CB1_CORE_L_CF1_R05,ALNS-H1,530102,4045.0,342.00299723798526,342.0,278.4664107139979,9573,True,cb1_core,3d97e6a3f84d930213c424a633fa9e8192b16ec4eb9c2f169f65c0b48e691f0a,outputs/phase5c/search/cb1_core/formal/alns_h1/CB1_CORE_L_CF1_R05/seed_530102.json,L,CF1,171,1.000008763853758
CB1_CORE_L_CF1_R05,ALNS-H1,530103,4059.0,342.0157852440025,342.0,240.90366457699565,8596,True,cb1_core,3d97e6a3f84d930213c424a633fa9e8192b16ec4eb9c2f169f65c0b48e691f0a,outputs/phase5c/search/cb1_core/formal/alns_h1/CB1_CORE_L_CF1_R05/seed_530103.json,L,CF1,171,1.0000461556842177
CB1_CORE_L_CF1_R05,ALNS-H1,530104,4046.0,342.01768358799745,342.0,307.82627005298855,9423,True,cb1_core,3d97e6a3f84d930213c424a633fa9e8192b16ec4eb9c2f169f65c0b48e691f0a,outputs/phase5c/search/cb1_core/formal/alns_h1/CB1_CORE_L_CF1_R05/seed_530104.json,L,CF1,171,1.0000517063976533
CB1_CORE_L_CF1_R05,ALNS-H1,530105,4160.0,342.0224177839991,342.0,303.81780805499875,9411,True,cb1_core,3d97e6a3f84d930213c424a633fa9e8192b16ec4eb9c2f169f65c0b48e691f0a,outputs/phase5c/search/cb1_core/formal/alns_h1/CB1_CORE_L_CF1_R05/seed_530105.json,L,CF1,171,1.0000655490760209
CB1_CORE_L_CF1_R05,ALNS-H1,530106,4023.0,342.0189591119997,342.0,312.8463496059994,9478,True,cb1_core,3d97e6a3f84d930213c424a633fa9e8192b16ec4eb9c2f169f65c0b48e691f0a,outputs/phase5c/search/cb1_core/formal/alns_h1/CB1_CORE_L_CF1_R05/seed_530106.json,L,CF1,171,1.0000554359999991
CB1_CORE_L_CF1_R05,ALNS-H1,530107,4415.0,342.01189383500605,342.0,112.31386074097827,8817,True,cb1_core,3d97e6a3f84d930213c424a633fa9e8192b16ec4eb9c2f169f65c0b48e691f0a,outputs/phase5c/search/cb1_core/formal/alns_h1/CB1_CORE_L_CF1_R05/seed_530107.json,L,CF1,171,1.0000347772953393
CB1_CORE_L_CF1_R05,ALNS-H1,530108,4144.0,342.0262774480216,342.0,307.4469145780022,8909,True,cb1_core,3d97e6a3f84d930213c424a633fa9e8192b16ec4eb9c2f169f65c0b48e691f0a,outputs/phase5c/search/cb1_core/formal/alns_h1/CB1_CORE_L_CF1_R05/seed_530108.json,L,CF1,171,1.000076834643338
CB1_CORE_L_CF1_R05,ALNS-H1,530109,4122.0,342.0259911910107,342.0,204.65479689202039,8668,True,cb1_core,3d97e6a3f84d930213c424a633fa9e8192b16ec4eb9c2f169f65c0b48e691f0a,outputs/phase5c/search/cb1_core/formal/alns_h1/CB1_CORE_L_CF1_R05/seed_530109.json,L,CF1,171,1.0000759976345341
CB1_CORE_L_CF1_R05,ALNS-H1,530110,4156.0,342.0397144739982,342.0,287.0895355340035,8667,True,cb1_core,3d97e6a3f84d930213c424a633fa9e8192b16ec4eb9c2f169f65c0b48e691f0a,outputs/phase5c/search/cb1_core/formal/alns_h1/CB1_CORE_L_CF1_R05/seed_530110.json,L,CF1,171,1.000116124192977
CB1_CORE_L_CF2_R01,ALNS-H1,530101,4756.0,390.0072498070076,390.0,170.60628470001393,8415,True,cb1_core,3d97e6a3f84d930213c424a633fa9e8192b16ec4eb9c2f169f65c0b48e691f0a,outputs/phase5c/search/cb1_core/formal/alns_h1/CB1_CORE_L_CF2_R01/seed_530101.json,L,CF2,195,1.0000185892487374
CB1_CORE_L_CF2_R01,ALNS-H1,530102,4972.0,390.057648957998,390.0,170.1506935590005,7597,True,cb1_core,3d97e6a3f84d930213c424a633fa9e8192b16ec4eb9c2f169f65c0b48e691f0a,outputs/phase5c/search/cb1_core/formal/alns_h1/CB1_CORE_L_CF2_R01/seed_530102.json,L,CF2,195,1.0001478178410206
CB1_CORE_L_CF2_R01,ALNS-H1,530103,4714.0,390.0285564310034,390.0,344.973520206986,7495,True,cb1_core,3d97e6a3f84d930213c424a633fa9e8192b16ec4eb9c2f169f65c0b48e691f0a,outputs/phase5c/search/cb1_core/formal/alns_h1/CB1_CORE_L_CF2_R01/seed_530103.json,L,CF2,195,1.0000732216179573
CB1_CORE_L_CF2_R01,ALNS-H1,530104,4774.0,390.0005240680184,390.0,225.9412135470193,8121,True,cb1_core,3d97e6a3f84d930213c424a633fa9e8192b16ec4eb9c2f169f65c0b48e691f0a,outputs/phase5c/search/cb1_core/formal/alns_h1/CB1_CORE_L_CF2_R01/seed_530104.json,L,CF2,195,1.0000013437641497
CB1_CORE_L_CF2_R01,ALNS-H1,530105,4632.0,390.0491770649969,390.0,303.7748705249978,7540,True,cb1_core,3d97e6a3f84d930213c424a633fa9e8192b16ec4eb9c2f169f65c0b48e691f0a,outputs/phase5c/search/cb1_core/formal/alns_h1/CB1_CORE_L_CF2_R01/seed_530105.json,L,CF2,195,1.0001260950384536
CB1_CORE_L_CF2_R01,ALNS-H1,530106,4735.0,390.0288159570191,390.0,380.57300025899895,8169,True,cb1_core,3d97e6a3f84d930213c424a633fa9e8192b16ec4eb9c2f169f65c0b48e691f0a,outputs/phase5c/search/cb1_core/formal/alns_h1/CB1_CORE_L_CF2_R01/seed_530106.json,L,CF2,195,1.0000738870692798
CB1_CORE_L_CF2_R01,ALNS-H1,530107,4812.0,390.0123007040238,390.0,66.90065122299711,7889,True,cb1_core,3d97e6a3f84d930213c424a633fa9e8192b16ec4eb9c2f169f65c0b48e691f0a,outputs/phase5c/search/cb1_core/formal/alns_h1/CB1_CORE_L_CF2_R01/seed_530107.json,L,CF2,195,1.0000315402667277
CB1_CORE_L_CF2_R01,ALNS-H1,530108,4926.0,390.0226177400036,390.0,310.4849053620128,7865,True,cb1_core,3d97e6a3f84d930213c424a633fa9e8192b16ec4eb9c2f169f65c0b48e691f0a,outputs/phase5c/search/cb1_core/formal/alns_h1/CB1_CORE_L_CF2_R01/seed_530108.json,L,CF2,195,1.0000579942051375
CB1_CORE_L_CF2_R01,ALNS-H1,530109,4868.0,390.0110540140013,390.0,215.96456372001558,7516,True,cb1_core,3d97e6a3f84d930213c424a633fa9e8192b16ec4eb9c2f169f65c0b48e691f0a,outputs/phase5c/search/cb1_core/formal/alns_h1/CB1_CORE_L_CF2_R01/seed_530109.json,L,CF2,195,1.0000283436256443
CB1_CORE_L_CF2_R01,ALNS-H1,530110,4827.0,390.0196786269953,390.0,365.90932645101566,8188,True,cb1_core,3d97e6a3f84d930213c424a633fa9e8192b16ec4eb9c2f169f65c0b48e691f0a,outputs/phase5c/search/cb1_core/formal/alns_h1/CB1_CORE_L_CF2_R01/seed_530110.json,L,CF2,195,1.0000504580179366
CB1_CORE_L_CF2_R02,ALNS-H1,530101,4463.0,366.03438611800084,366.0,3.460640425008023,7980,True,cb1_core,3d97e6a3f84d930213c424a633fa9e8192b16ec4eb9c2f169f65c0b48e691f0a,outputs/phase5c/search/cb1_core/formal/alns_h1/CB1_CORE_L_CF2_R02/seed_530101.json,L,CF2,183,1.0000939511420788
CB1_CORE_L_CF2_R02,ALNS-H1,530102,4687.0,366.0318155060231,366.0,302.28245174800395,8667,True,cb1_core,3d97e6a3f84d930213c424a633fa9e8192b16ec4eb9c2f169f65c0b48e691f0a,outputs/phase5c/search/cb1_core/formal/alns_h1/CB1_CORE_L_CF2_R02/seed_530102.json,L,CF2,183,1.000086927612085
CB1_CORE_L_CF2_R02,ALNS-H1,530103,4498.0,366.02821810301975,366.0,3.638947747007478,8475,True,cb1_core,3d97e6a3f84d930213c424a633fa9e8192b16ec4eb9c2f169f65c0b48e691f0a,outputs/phase5c/search/cb1_core/formal/alns_h1/CB1_CORE_L_CF2_R02/seed_530103.json,L,CF2,183,1.0000770986421306
CB1_CORE_L_CF2_R02,ALNS-H1,530104,4429.0,366.0404770199966,366.0,361.8378526419983,8065,True,cb1_core,3d97e6a3f84d930213c424a633fa9e8192b16ec4eb9c2f169f65c0b48e691f0a,outputs/phase5c/search/cb1_core/formal/alns_h1/CB1_CORE_L_CF2_R02/seed_530104.json,L,CF2,183,1.0001105929508105
CB1_CORE_L_CF2_R02,ALNS-H1,530105,4529.0,366.0017441849923,366.0,94.7498344630003,8314,True,cb1_core,3d97e6a3f84d930213c424a633fa9e8192b16ec4eb9c2f169f65c0b48e691f0a,outputs/phase5c/search/cb1_core/formal/alns_h1/CB1_CORE_L_CF2_R02/seed_530105.json,L,CF2,183,1.0000047655327657
CB1_CORE_L_CF2_R02,ALNS-H1,530106,4468.0,366.03189870499773,366.0,363.30131074698875,8127,True,cb1_core,3d97e6a3f84d930213c424a633fa9e8192b16ec4eb9c2f169f65c0b48e691f0a,outputs/phase5c/search/cb1_core/formal/alns_h1/CB1_CORE_L_CF2_R02/seed_530106.json,L,CF2,183,1.0000871549316879
CB1_CORE_L_CF2_R02,ALNS-H1,530107,4516.0,366.0012866969919,366.0,340.02601939998567,8614,True,cb1_core,3d97e6a3f84d930213c424a633fa9e8192b16ec4eb9c2f169f65c0b48e691f0a,outputs/phase5c/search/cb1_core/formal/alns_h1/CB1_CORE_L_CF2_R02/seed_530107.json,L,CF2,183,1.0000035155655516
CB1_CORE_L_CF2_R02,ALNS-H1,530108,4466.0,366.02111679600785,366.0,252.0430444329977,8535,True,cb1_core,3d97e6a3f84d930213c424a633fa9e8192b16ec4eb9c2f169f65c0b48e691f0a,outputs/phase5c/search/cb1_core/formal/alns_h1/CB1_CORE_L_CF2_R02/seed_530108.json,L,CF2,183,1.0000576961639558
CB1_CORE_L_CF2_R02,ALNS-H1,530109,4478.0,366.005518327991,366.0,4.373911431001034,8504,True,cb1_core,3d97e6a3f84d930213c424a633fa9e8192b16ec4eb9c2f169f65c0b48e691f0a,outputs/phase5c/search/cb1_core/formal/alns_h1/CB1_CORE_L_CF2_R02/seed_530109.json,L,CF2,183,1.0000150773988825
CB1_CORE_L_CF2_R02,ALNS-H1,530110,4410.0,366.0254514100088,366.0,364.48265079202247,8326,True,cb1_core,3d97e6a3f84d930213c424a633fa9e8192b16ec4eb9c2f169f65c0b48e691f0a,outputs/phase5c/search/cb1_core/formal/alns_h1/CB1_CORE_L_CF2_R02/seed_530110.json,L,CF2,183,1.0000695393716088
CB1_CORE_L_CF2_R03,ALNS-H1,530101,4094.0,368.0078365310037,368.0,2.4923964200133923,8541,True,cb1_core,3d97e6a3f84d930213c424a633fa9e8192b16ec4eb9c2f169f65c0b48e691f0a,outputs/phase5c/search/cb1_core/formal/alns_h1/CB1_CORE_L_CF2_R03/seed_530101.json,L,CF2,184,1.0000212949212057
CB1_CORE_L_CF2_R03,ALNS-H1,530102,4199.0,368.0247434389894,368.0,3.3085201809881255,8718,True,cb1_core,3d97e6a3f84d930213c424a633fa9e8192b16ec4eb9c2f169f65c0b48e691f0a,outputs/phase5c/search/cb1_core/formal/alns_h1/CB1_CORE_L_CF2_R03/seed_530102.json,L,CF2,184,1.0000672376059494
CB1_CORE_L_CF2_R03,ALNS-H1,530103,4267.0,368.0501885309932,368.0,1.8684657760022674,9010,True,cb1_core,3d97e6a3f84d930213c424a633fa9e8192b16ec4eb9c2f169f65c0b48e691f0a,outputs/phase5c/search/cb1_core/formal/alns_h1/CB1_CORE_L_CF2_R03/seed_530103.json,L,CF2,184,1.000136381877699
CB1_CORE_L_CF2_R03,ALNS-H1,530104,4292.0,368.060103041993,368.0,1.5574033859884366,8733,True,cb1_core,3d97e6a3f84d930213c424a633fa9e8192b16ec4eb9c2f169f65c0b48e691f0a,outputs/phase5c/search/cb1_core/formal/alns_h1/CB1_CORE_L_CF2_R03/seed_530104.json,L,CF2,184,1.0001633234836766
CB1_CORE_L_CF2_R03,ALNS-H1,530105,4210.0,368.0255016160081,368.0,2.3849841540213674,8278,True,cb1_core,3d97e6a3f84d930213c424a633fa9e8192b16ec4eb9c2f169f65c0b48e691f0a,outputs/phase5c/search/cb1_core/formal/alns_h1/CB1_CORE_L_CF2_R03/seed_530105.json,L,CF2,184,1.0000692978695873
CB1_CORE_L_CF2_R03,ALNS-H1,530106,4140.0,368.0404704849934,368.0,2.0159947740030475,8188,True,cb1_core,3d97e6a3f84d930213c424a633fa9e8192b16ec4eb9c2f169f65c0b48e691f0a,outputs/phase5c/search/cb1_core/formal/alns_h1/CB1_CORE_L_CF2_R03/seed_530106.json,L,CF2,184,1.0001099741440038
CB1_CORE_L_CF2_R03,ALNS-H1,530107,4051.0,368.023619501997,368.0,4.07534668900189,7735,True,cb1_core,3d97e6a3f84d930213c424a633fa9e8192b16ec4eb9c2f169f65c0b48e691f0a,outputs/phase5c/search/cb1_core/formal/alns_h1/CB1_CORE_L_CF2_R03/seed_530107.json,L,CF2,184,1.0000641834293398
CB1_CORE_L_CF2_R03,ALNS-H1,530108,4009.0,368.00522307900246,368.0,2.8015491779951844,8478,True,cb1_core,3d97e6a3f84d930213c424a633fa9e8192b16ec4eb9c2f169f65c0b48e691f0a,outputs/phase5c/search/cb1_core/formal/alns_h1/CB1_CORE_L_CF2_R03/seed_530108.json,L,CF2,184,1.0000141931494633
CB1_CORE_L_CF2_R03,ALNS-H1,530109,4292.0,368.00599541599513,368.0,1.4618272089865059,8178,True,cb1_core,3d97e6a3f84d930213c424a633fa9e8192b16ec4eb9c2f169f65c0b48e691f0a,outputs/phase5c/search/cb1_core/formal/alns_h1/CB1_CORE_L_CF2_R03/seed_530109.json,L,CF2,184,1.0000162918912912
CB1_CORE_L_CF2_R03,ALNS-H1,530110,4292.0,368.04404084099224,368.0,1.6750487760000397,7874,True,cb1_core,3d97e6a3f84d930213c424a633fa9e8192b16ec4eb9c2f169f65c0b48e691f0a,outputs/phase5c/search/cb1_core/formal/alns_h1/CB1_CORE_L_CF2_R03/seed_530110.json,L,CF2,184,1.0001196761983484
CB1_CORE_L_CF2_R04,ALNS-H1,530101,3396.0,330.03429341400624,330.0,1.5401937620190438,9071,True,cb1_core,3d97e6a3f84d930213c424a633fa9e8192b16ec4eb9c2f169f65c0b48e691f0a,outputs/phase5c/search/cb1_core/formal/alns_h1/CB1_CORE_L_CF2_R04/seed_530101.json,L,CF2,165,1.0001039194363825
CB1_CORE_L_CF2_R04,ALNS-H1,530102,3445.0,330.0151106060075,330.0,1.2317341600137297,9541,True,cb1_core,3d97e6a3f84d930213c424a633fa9e8192b16ec4eb9c2f169f65c0b48e691f0a,outputs/phase5c/search/cb1_core/formal/alns_h1/CB1_CORE_L_CF2_R04/seed_530102.json,L,CF2,165,1.0000457897151742
CB1_CORE_L_CF2_R04,ALNS-H1,530103,3445.0,330.04576414299663,330.0,1.4247366769996006,8866,True,cb1_core,3d97e6a3f84d930213c424a633fa9e8192b16ec4eb9c2f169f65c0b48e691f0a,outputs/phase5c/search/cb1_core/formal/alns_h1/CB1_CORE_L_CF2_R04/seed_530103.json,L,CF2,165,1.000138679221202
CB1_CORE_L_CF2_R04,ALNS-H1,530104,3445.0,330.0188149799942,330.0,1.4729443780088332,8597,True,cb1_core,3d97e6a3f84d930213c424a633fa9e8192b16ec4eb9c2f169f65c0b48e691f0a,outputs/phase5c/search/cb1_core/formal/alns_h1/CB1_CORE_L_CF2_R04/seed_530104.json,L,CF2,165,1.0000570150908916
CB1_CORE_L_CF2_R04,ALNS-H1,530105,3445.0,330.00313020602334,330.0,1.4664174120116513,8907,True,cb1_core,3d97e6a3f84d930213c424a633fa9e8192b16ec4eb9c2f169f65c0b48e691f0a,outputs/phase5c/search/cb1_core/formal/alns_h1/CB1_CORE_L_CF2_R04/seed_530105.json,L,CF2,165,1.000009485472798
CB1_CORE_L_CF2_R04,ALNS-H1,530106,3445.0,330.0285755819932,330.0,1.2443448469857685,9838,True,cb1_core,3d97e6a3f84d930213c424a633fa9e8192b16ec4eb9c2f169f65c0b48e691f0a,outputs/phase5c/search/cb1_core/formal/alns_h1/CB1_CORE_L_CF2_R04/seed_530106.json,L,CF2,165,1.0000865926727067
CB1_CORE_L_CF2_R04,ALNS-H1,530107,3429.0,330.0197649220063,330.0,2.087664352002321,9817,True,cb1_core,3d97e6a3f84d930213c424a633fa9e8192b16ec4eb9c2f169f65c0b48e691f0a,outputs/phase5c/search/cb1_core/formal/alns_h1/CB1_CORE_L_CF2_R04/seed_530107.json,L,CF2,165,1.0000598937030494
CB1_CORE_L_CF2_R04,ALNS-H1,530108,3356.0,330.001122140995,330.0,4.287636194989318,9498,True,cb1_core,3d97e6a3f84d930213c424a633fa9e8192b16ec4eb9c2f169f65c0b48e691f0a,outputs/phase5c/search/cb1_core/formal/alns_h1/CB1_CORE_L_CF2_R04/seed_530108.json,L,CF2,165,1.0000034004272575
CB1_CORE_L_CF2_R04,ALNS-H1,530109,3438.0,330.0028873629926,330.0,2.574480950977886,8600,True,cb1_core,3d97e6a3f84d930213c424a633fa9e8192b16ec4eb9c2f169f65c0b48e691f0a,outputs/phase5c/search/cb1_core/formal/alns_h1/CB1_CORE_L_CF2_R04/seed_530109.json,L,CF2,165,1.0000087495848262
CB1_CORE_L_CF2_R04,ALNS-H1,530110,3445.0,330.0313263749995,330.0,1.2462731339910533,8851,True,cb1_core,3d97e6a3f84d930213c424a633fa9e8192b16ec4eb9c2f169f65c0b48e691f0a,outputs/phase5c/search/cb1_core/formal/alns_h1/CB1_CORE_L_CF2_R04/seed_530110.json,L,CF2,165,1.0000949284090894
CB1_CORE_L_CF2_R05,ALNS-H1,530101,4608.0,358.0027849939943,358.0,343.31062560601276,7996,True,cb1_core,3d97e6a3f84d930213c424a633fa9e8192b16ec4eb9c2f169f65c0b48e691f0a,outputs/phase5c/search/cb1_core/formal/alns_h1/CB1_CORE_L_CF2_R05/seed_530101.json,L,CF2,179,1.0000077793128332
CB1_CORE_L_CF2_R05,ALNS-H1,530102,4662.0,358.02272530898335,358.0,308.9930131699948,9072,True,cb1_core,3d97e6a3f84d930213c424a633fa9e8192b16ec4eb9c2f169f65c0b48e691f0a,outputs/phase5c/search/cb1_core/formal/alns_h1/CB1_CORE_L_CF2_R05/seed_530102.json,L,CF2,179,1.0000634785167133
CB1_CORE_L_CF2_R05,ALNS-H1,530103,4671.0,358.0051413929905,358.0,277.61537379198126,8460,True,cb1_core,3d97e6a3f84d930213c424a633fa9e8192b16ec4eb9c2f169f65c0b48e691f0a,outputs/phase5c/search/cb1_core/formal/alns_h1/CB1_CORE_L_CF2_R05/seed_530103.json,L,CF2,179,1.0000143614329342
CB1_CORE_L_CF2_R05,ALNS-H1,530104,4529.0,358.04140726002515,358.0,271.3108728270163,7818,True,cb1_core,3d97e6a3f84d930213c424a633fa9e8192b16ec4eb9c2f169f65c0b48e691f0a,outputs/phase5c/search/cb1_core/formal/alns_h1/CB1_CORE_L_CF2_R05/seed_530104.json,L,CF2,179,1.0001156627375005
CB1_CORE_L_CF2_R05,ALNS-H1,530105,4640.0,358.01400394699886,358.0,222.72910097500426,8267,True,cb1_core,3d97e6a3f84d930213c424a633fa9e8192b16ec4eb9c2f169f65c0b48e691f0a,outputs/phase5c/search/cb1_core/formal/alns_h1/CB1_CORE_L_CF2_R05/seed_530105.json,L,CF2,179,1.000039117170388
CB1_CORE_L_CF2_R05,ALNS-H1,530106,4700.0,358.00294399200357,358.0,160.9473985399818,7743,True,cb1_core,3d97e6a3f84d930213c424a633fa9e8192b16ec4eb9c2f169f65c0b48e691f0a,outputs/phase5c/search/cb1_core/formal/alns_h1/CB1_CORE_L_CF2_R05/seed_530106.json,L,CF2,179,1.0000082234413508
CB1_CORE_L_CF2_R05,ALNS-H1,530107,4765.0,358.0141589959967,358.0,131.68923411599826,9074,True,cb1_core,3d97e6a3f84d930213c424a633fa9e8192b16ec4eb9c2f169f65c0b48e691f0a,outputs/phase5c/search/cb1_core/formal/alns_h1/CB1_CORE_L_CF2_R05/seed_530107.json,L,CF2,179,1.0000395502681472
CB1_CORE_L_CF2_R05,ALNS-H1,530108,4578.0,358.02556012698915,358.0,3.5798925559793133,8122,True,cb1_core,3d97e6a3f84d930213c424a633fa9e8192b16ec4eb9c2f169f65c0b48e691f0a,outputs/phase5c/search/cb1_core/formal/alns_h1/CB1_CORE_L_CF2_R05/seed_530108.json,L,CF2,179,1.000071397002763
CB1_CORE_L_CF2_R05,ALNS-H1,530109,4627.0,358.03314652998233,358.0,189.93121603797772,9211,True,cb1_core,3d97e6a3f84d930213c424a633fa9e8192b16ec4eb9c2f169f65c0b48e691f0a,outputs/phase5c/search/cb1_core/formal/alns_h1/CB1_CORE_L_CF2_R05/seed_530109.json,L,CF2,179,1.0000925880725764
CB1_CORE_L_CF2_R05,ALNS-H1,530110,4775.0,358.02313514600974,358.0,121.74531408000621,9140,True,cb1_core,3d97e6a3f84d930213c424a633fa9e8192b16ec4eb9c2f169f65c0b48e691f0a,outputs/phase5c/search/cb1_core/formal/alns_h1/CB1_CORE_L_CF2_R05/seed_530110.json,L,CF2,179,1.0000646233128763
CB1_CORE_L_CF3_R01,ALNS-H1,530101,5000.0,386.0497057439934,386.0,2.85175866499776,8196,True,cb1_core,3d97e6a3f84d930213c424a633fa9e8192b16ec4eb9c2f169f65c0b48e691f0a,outputs/phase5c/search/cb1_core/formal/alns_h1/CB1_CORE_L_CF3_R01/seed_530101.json,L,CF3,193,1.0001287713574958
CB1_CORE_L_CF3_R01,ALNS-H1,530102,4838.0,386.02445485501084,386.0,278.28699526700075,8621,True,cb1_core,3d97e6a3f84d930213c424a633fa9e8192b16ec4eb9c2f169f65c0b48e691f0a,outputs/phase5c/search/cb1_core/formal/alns_h1/CB1_CORE_L_CF3_R01/seed_530102.json,L,CF3,193,1.0000633545466602
CB1_CORE_L_CF3_R01,ALNS-H1,530103,4937.0,386.0040062670014,386.0,167.74949946798733,7869,True,cb1_core,3d97e6a3f84d930213c424a633fa9e8192b16ec4eb9c2f169f65c0b48e691f0a,outputs/phase5c/search/cb1_core/formal/alns_h1/CB1_CORE_L_CF3_R01/seed_530103.json,L,CF3,193,1.0000103789300554
CB1_CORE_L_CF3_R01,ALNS-H1,530104,5011.0,386.01159953302704,386.0,339.7822983630176,8403,True,cb1_core,3d97e6a3f84d930213c424a633fa9e8192b16ec4eb9c2f169f65c0b48e691f0a,outputs/phase5c/search/cb1_core/formal/alns_h1/CB1_CORE_L_CF3_R01/seed_530104.json,L,CF3,193,1.000030050603697
CB1_CORE_L_CF3_R01,ALNS-H1,530105,4950.0,386.03964872600045,386.0,205.19954686402343,7841,True,cb1_core,3d97e6a3f84d930213c424a633fa9e8192b16ec4eb9c2f169f65c0b48e691f0a,outputs/phase5c/search/cb1_core/formal/alns_h1/CB1_CORE_L_CF3_R01/seed_530105.json,L,CF3,193,1.000102716906737
CB1_CORE_L_CF3_R01,ALNS-H1,530106,4972.0,386.05145067098783,386.0,109.7201696090051,8011,True,cb1_core,3d97e6a3f84d930213c424a633fa9e8192b16ec4eb9c2f169f65c0b48e691f0a,outputs/phase5c/search/cb1_core/formal/alns_h1/CB1_CORE_L_CF3_R01/seed_530106.json,L,CF3,193,1.0001332918937509
CB1_CORE_L_CF3_R01,ALNS-H1,530107,4907.0,386.02948866199586,386.0,365.91686526700505,7947,True,cb1_core,3d97e6a3f84d930213c424a633fa9e8192b16ec4eb9c2f169f65c0b48e691f0a,outputs/phase5c/search/cb1_core/formal/alns_h1/CB1_CORE_L_CF3_R01/seed_530107.json,L,CF3,193,1.0000763954973986
CB1_CORE_L_CF3_R01,ALNS-H1,530108,4860.0,386.0336938709952,386.0,256.4700827310153,7535,True,cb1_core,3d97e6a3f84d930213c424a633fa9e8192b16ec4eb9c2f169f65c0b48e691f0a,outputs/phase5c/search/cb1_core/formal/alns_h1/CB1_CORE_L_CF3_R01/seed_530108.json,L,CF3,193,1.000087289821231
CB1_CORE_L_CF3_R01,ALNS-H1,530109,4911.0,386.02226422098465,386.0,352.01309511600994,8355,True,cb1_core,3d97e6a3f84d930213c424a633fa9e8192b16ec4eb9c2f169f65c0b48e691f0a,outputs/phase5c/search/cb1_core/formal/alns_h1/CB1_CORE_L_CF3_R01/seed_530109.json,L,CF3,193,1.0000576793289757
CB1_CORE_L_CF3_R01,ALNS-H1,530110,4882.0,386.0367930930224,386.0,186.26550505301566,8428,True,cb1_core,3d97e6a3f84d930213c424a633fa9e8192b16ec4eb9c2f169f65c0b48e691f0a,outputs/phase5c/search/cb1_core/formal/alns_h1/CB1_CORE_L_CF3_R01/seed_530110.json,L,CF3,193,1.0000953188938404
CB1_CORE_L_CF3_R02,ALNS-H1,530101,3614.0,334.0037585569953,334.0,1.9142288969887886,8668,True,cb1_core,3d97e6a3f84d930213c424a633fa9e8192b16ec4eb9c2f169f65c0b48e691f0a,outputs/phase5c/search/cb1_core/formal/alns_h1/CB1_CORE_L_CF3_R02/seed_530101.json,L,CF3,167,1.0000112531646566
CB1_CORE_L_CF3_R02,ALNS-H1,530102,3806.0,334.03787632699823,334.0,1.853587104997132,8380,True,cb1_core,3d97e6a3f84d930213c424a633fa9e8192b16ec4eb9c2f169f65c0b48e691f0a,outputs/phase5c/search/cb1_core/formal/alns_h1/CB1_CORE_L_CF3_R02/seed_530102.json,L,CF3,167,1.0001134021766414
CB1_CORE_L_CF3_R02,ALNS-H1,530103,3648.0,334.00919602502836,334.0,1.938813923014095,9861,True,cb1_core,3d97e6a3f84d930213c424a633fa9e8192b16ec4eb9c2f169f65c0b48e691f0a,outputs/phase5c/search/cb1_core/formal/alns_h1/CB1_CORE_L_CF3_R02/seed_530103.json,L,CF3,167,1.0000275330090669
CB1_CORE_L_CF3_R02,ALNS-H1,530104,3806.0,334.0092158659827,334.0,1.5596269159868825,9786,True,cb1_core,3d97e6a3f84d930213c424a633fa9e8192b16ec4eb9c2f169f65c0b48e691f0a,outputs/phase5c/search/cb1_core/formal/alns_h1/CB1_CORE_L_CF3_R02/seed_530104.json,L,CF3,167,1.000027592413122
CB1_CORE_L_CF3_R02,ALNS-H1,530105,3806.0,334.02892707599676,334.0,1.9045356259739492,9077,True,cb1_core,3d97e6a3f84d930213c424a633fa9e8192b16ec4eb9c2f169f65c0b48e691f0a,outputs/phase5c/search/cb1_core/formal/alns_h1/CB1_CORE_L_CF3_R02/seed_530105.json,L,CF3,167,1.0000866080119664
CB1_CORE_L_CF3_R02,ALNS-H1,530106,3674.0,334.01382942701457,334.0,1.880692047008779,9521,True,cb1_core,3d97e6a3f84d930213c424a633fa9e8192b16ec4eb9c2f169f65c0b48e691f0a,outputs/phase5c/search/cb1_core/formal/alns_h1/CB1_CORE_L_CF3_R02/seed_530106.json,L,CF3,167,1.0000414054701035
CB1_CORE_L_CF3_R02,ALNS-H1,530107,3806.0,334.0319573909801,334.0,1.905294915981358,8395,True,cb1_core,3d97e6a3f84d930213c424a633fa9e8192b16ec4eb9c2f169f65c0b48e691f0a,outputs/phase5c/search/cb1_core/formal/alns_h1/CB1_CORE_L_CF3_R02/seed_530107.json,L,CF3,167,1.0000956808113177
CB1_CORE_L_CF3_R02,ALNS-H1,530108,3806.0,334.00242954600253,334.0,1.9681832549977116,9394,True,cb1_core,3d97e6a3f84d930213c424a633fa9e8192b16ec4eb9c2f169f65c0b48e691f0a,outputs/phase5c/search/cb1_core/formal/alns_h1/CB1_CORE_L_CF3_R02/seed_530108.json,L,CF3,167,1.000007274089828
CB1_CORE_L_CF3_R02,ALNS-H1,530109,3806.0,334.01594666199526,334.0,1.8624055680120364,8879,True,cb1_core,3d97e6a3f84d930213c424a633fa9e8192b16ec4eb9c2f169f65c0b48e691f0a,outputs/phase5c/search/cb1_core/formal/alns_h1/CB1_CORE_L_CF3_R02/seed_530109.json,L,CF3,167,1.0000477444969917
CB1_CORE_L_CF3_R02,ALNS-H1,530110,3726.0,334.0265556999948,334.0,4.097087252011988,8879,True,cb1_core,3d97e6a3f84d930213c424a633fa9e8192b16ec4eb9c2f169f65c0b48e691f0a,outputs/phase5c/search/cb1_core/formal/alns_h1/CB1_CORE_L_CF3_R02/seed_530110.json,L,CF3,167,1.0000795080838167
CB1_CORE_L_CF3_R03,ALNS-H1,530101,4055.0,352.0419755640032,352.0,2.7152968339796644,8349,True,cb1_core,3d97e6a3f84d930213c424a633fa9e8192b16ec4eb9c2f169f65c0b48e691f0a,outputs/phase5c/search/cb1_core/formal/alns_h1/CB1_CORE_L_CF3_R03/seed_530101.json,L,CF3,176,1.0001192487613728
CB1_CORE_L_CF3_R03,ALNS-H1,530102,3989.0,352.01788377802586,352.0,3.9765709820203483,8741,True,cb1_core,3d97e6a3f84d930213c424a633fa9e8192b16ec4eb9c2f169f65c0b48e691f0a,outputs/phase5c/search/cb1_core/formal/alns_h1/CB1_CORE_L_CF3_R03/seed_530102.json,L,CF3,176,1.0000508061875735
CB1_CORE_L_CF3_R03,ALNS-H1,530103,4071.0,352.00245500099845,352.0,2.0212781809968874,8197,True,cb1_core,3d97e6a3f84d930213c424a633fa9e8192b16ec4eb9c2f169f65c0b48e691f0a,outputs/phase5c/search/cb1_core/formal/alns_h1/CB1_CORE_L_CF3_R03/seed_530103.json,L,CF3,176,1.0000069744346547
CB1_CORE_L_CF3_R03,ALNS-H1,530104,3914.0,352.0143351359875,352.0,2.7873099769931287,8867,True,cb1_core,3d97e6a3f84d930213c424a633fa9e8192b16ec4eb9c2f169f65c0b48e691f0a,outputs/phase5c/search/cb1_core/formal/alns_h1/CB1_CORE_L_CF3_R03/seed_530104.json,L,CF3,176,1.0000407248181462
CB1_CORE_L_CF3_R03,ALNS-H1,530105,4071.0,352.0316309409973,352.0,2.010820390016306,8849,True,cb1_core,3d97e6a3f84d930213c424a633fa9e8192b16ec4eb9c2f169f65c0b48e691f0a,outputs/phase5c/search/cb1_core/formal/alns_h1/CB1_CORE_L_CF3_R03/seed_530105.json,L,CF3,176,1.0000898606278332
CB1_CORE_L_CF3_R03,ALNS-H1,530106,4063.0,352.03486425001756,352.0,2.4160312000021804,8352,True,cb1_core,3d97e6a3f84d930213c424a633fa9e8192b16ec4eb9c2f169f65c0b48e691f0a,outputs/phase5c/search/cb1_core/formal/alns_h1/CB1_CORE_L_CF3_R03/seed_530106.json,L,CF3,176,1.0000990461648227
CB1_CORE_L_CF3_R03,ALNS-H1,530107,3921.0,352.01924463300384,352.0,4.244375448994106,8451,True,cb1_core,3d97e6a3f84d930213c424a633fa9e8192b16ec4eb9c2f169f65c0b48e691f0a,outputs/phase5c/search/cb1_core/formal/alns_h1/CB1_CORE_L_CF3_R03/seed_530107.json,L,CF3,176,1.0000546722528518
CB1_CORE_L_CF3_R03,ALNS-H1,530108,3877.0,352.01266335099353,352.0,5.409430084982887,9392,True,cb1_core,3d97e6a3f84d930213c424a633fa9e8192b16ec4eb9c2f169f65c0b48e691f0a,outputs/phase5c/search/cb1_core/formal/alns_h1/CB1_CORE_L_CF3_R03/seed_530108.json,L,CF3,176,1.000035975428959
CB1_CORE_L_CF3_R03,ALNS-H1,530109,4071.0,352.02966079401085,352.0,2.0886052940040827,9081,True,cb1_core,3d97e6a3f84d930213c424a633fa9e8192b16ec4eb9c2f169f65c0b48e691f0a,outputs/phase5c/search/cb1_core/formal/alns_h1/CB1_CORE_L_CF3_R03/seed_530109.json,L,CF3,176,1.000084263619349
CB1_CORE_L_CF3_R03,ALNS-H1,530110,4071.0,352.0112100809929,352.0,1.834179369994672,9284,True,cb1_core,3d97e6a3f84d930213c424a633fa9e8192b16ec4eb9c2f169f65c0b48e691f0a,outputs/phase5c/search/cb1_core/formal/alns_h1/CB1_CORE_L_CF3_R03/seed_530110.json,L,CF3,176,1.0000318468210025
CB1_CORE_L_CF3_R04,ALNS-H1,530101,3965.0,348.0163843530172,348.0,2.01587032401585,10429,True,cb1_core,3d97e6a3f84d930213c424a633fa9e8192b16ec4eb9c2f169f65c0b48e691f0a,outputs/phase5c/search/cb1_core/formal/alns_h1/CB1_CORE_L_CF3_R04/seed_530101.json,L,CF3,174,1.0000470814741873
CB1_CORE_L_CF3_R04,ALNS-H1,530102,4126.0,348.02104072700604,348.0,2.031612913997378,9338,True,cb1_core,3d97e6a3f84d930213c424a633fa9e8192b16ec4eb9c2f169f65c0b48e691f0a,outputs/phase5c/search/cb1_core/formal/alns_h1/CB1_CORE_L_CF3_R04/seed_530102.json,L,CF3,174,1.0000604618592128
CB1_CORE_L_CF3_R04,ALNS-H1,530103,3883.0,348.0127776739828,348.0,292.66811160897487,9974,True,cb1_core,3d97e6a3f84d930213c424a633fa9e8192b16ec4eb9c2f169f65c0b48e691f0a,outputs/phase5c/search/cb1_core/formal/alns_h1/CB1_CORE_L_CF3_R04/seed_530103.json,L,CF3,174,1.0000367174539735
CB1_CORE_L_CF3_R04,ALNS-H1,530104,4030.0,348.0084065239935,348.0,195.76172502999543,9775,True,cb1_core,3d97e6a3f84d930213c424a633fa9e8192b16ec4eb9c2f169f65c0b48e691f0a,outputs/phase5c/search/cb1_core/formal/alns_h1/CB1_CORE_L_CF3_R04/seed_530104.json,L,CF3,174,1.0000241566781423
CB1_CORE_L_CF3_R04,ALNS-H1,530105,4008.0,348.00250942099956,348.0,117.58778725302545,9168,True,cb1_core,3d97e6a3f84d930213c424a633fa9e8192b16ec4eb9c2f169f65c0b48e691f0a,outputs/phase5c/search/cb1_core/formal/alns_h1/CB1_CORE_L_CF3_R04/seed_530105.json,L,CF3,174,1.0000072109798839
CB1_CORE_L_CF3_R04,ALNS-H1,530106,3905.0,348.00338980500237,348.0,5.576655437005684,9346,True,cb1_core,3d97e6a3f84d930213c424a633fa9e8192b16ec4eb9c2f169f65c0b48e691f0a,outputs/phase5c/search/cb1_core/formal/alns_h1/CB1_CORE_L_CF3_R04/seed_530106.json,L,CF3,174,1.0000097408189723
CB1_CORE_L_CF3_R04,ALNS-H1,530107,3669.0,348.000555370003,348.0,5.489371255011065,11415,True,cb1_core,3d97e6a3f84d930213c424a633fa9e8192b16ec4eb9c2f169f65c0b48e691f0a,outputs/phase5c/search/cb1_core/formal/alns_h1/CB1_CORE_L_CF3_R04/seed_530107.json,L,CF3,174,1.0000015958908133
CB1_CORE_L_CF3_R04,ALNS-H1,530108,3937.0,348.018894059991,348.0,344.7654464849911,9170,True,cb1_core,3d97e6a3f84d930213c424a633fa9e8192b16ec4eb9c2f169f65c0b48e691f0a,outputs/phase5c/search/cb1_core/formal/alns_h1/CB1_CORE_L_CF3_R04/seed_530108.json,L,CF3,174,1.0000542932758363
CB1_CORE_L_CF3_R04,ALNS-H1,530109,4015.0,348.0220363079861,348.0,299.3483465189929,9120,True,cb1_core,3d97e6a3f84d930213c424a633fa9e8192b16ec4eb9c2f169f65c0b48e691f0a,outputs/phase5c/search/cb1_core/formal/alns_h1/CB1_CORE_L_CF3_R04/seed_530109.json,L,CF3,174,1.000063322724098
CB1_CORE_L_CF3_R04,ALNS-H1,530110,4126.0,348.016262893012,348.0,1.7079877000069246,9943,True,cb1_core,3d97e6a3f84d930213c424a633fa9e8192b16ec4eb9c2f169f65c0b48e691f0a,outputs/phase5c/search/cb1_core/formal/alns_h1/CB1_CORE_L_CF3_R04/seed_530110.json,L,CF3,174,1.000046732451184
CB1_CORE_L_CF3_R05,ALNS-H1,530101,3687.0,366.0203078930208,366.0,1.9402292690065224,12594,True,cb1_core,3d97e6a3f84d930213c424a633fa9e8192b16ec4eb9c2f169f65c0b48e691f0a,outputs/phase5c/search/cb1_core/formal/alns_h1/CB1_CORE_L_CF3_R05/seed_530101.json,L,CF3,183,1.000055486046505
CB1_CORE_L_CF3_R05,ALNS-H1,530102,3687.0,366.00061998999445,366.0,1.9383293399878312,13267,True,cb1_core,3d97e6a3f84d930213c424a633fa9e8192b16ec4eb9c2f169f65c0b48e691f0a,outputs/phase5c/search/cb1_core/formal/alns_h1/CB1_CORE_L_CF3_R05/seed_530102.json,L,CF3,183,1.0000016939617336
CB1_CORE_L_CF3_R05,ALNS-H1,530103,3687.0,366.0074692640046,366.0,1.9673020430200268,12366,True,cb1_core,3d97e6a3f84d930213c424a633fa9e8192b16ec4eb9c2f169f65c0b48e691f0a,outputs/phase5c/search/cb1_core/formal/alns_h1/CB1_CORE_L_CF3_R05/seed_530103.json,L,CF3,183,1.0000204078251491
CB1_CORE_L_CF3_R05,ALNS-H1,530104,3633.0,366.00390109900036,366.0,6.235192619002191,12620,True,cb1_core,3d97e6a3f84d930213c424a633fa9e8192b16ec4eb9c2f169f65c0b48e691f0a,outputs/phase5c/search/cb1_core/formal/alns_h1/CB1_CORE_L_CF3_R05/seed_530104.json,L,CF3,183,1.000010658740438
CB1_CORE_L_CF3_R05,ALNS-H1,530105,3687.0,366.0023762010096,366.0,2.2887651220080443,12489,True,cb1_core,3d97e6a3f84d930213c424a633fa9e8192b16ec4eb9c2f169f65c0b48e691f0a,outputs/phase5c/search/cb1_core/formal/alns_h1/CB1_CORE_L_CF3_R05/seed_530105.json,L,CF3,183,1.0000064923524852
CB1_CORE_L_CF3_R05,ALNS-H1,530106,3687.0,366.0015515470004,366.0,1.9507853660034016,15359,True,cb1_core,3d97e6a3f84d930213c424a633fa9e8192b16ec4eb9c2f169f65c0b48e691f0a,outputs/phase5c/search/cb1_core/formal/alns_h1/CB1_CORE_L_CF3_R05/seed_530106.json,L,CF3,183,1.0000042391994548
CB1_CORE_L_CF3_R05,ALNS-H1,530107,3687.0,366.0049356549862,366.0,1.9282376159972046,14412,True,cb1_core,3d97e6a3f84d930213c424a633fa9e8192b16ec4eb9c2f169f65c0b48e691f0a,outputs/phase5c/search/cb1_core/formal/alns_h1/CB1_CORE_L_CF3_R05/seed_530107.json,L,CF3,183,1.000013485396137
CB1_CORE_L_CF3_R05,ALNS-H1,530108,3687.0,366.000263444992,366.0,2.226415796991205,16515,True,cb1_core,3d97e6a3f84d930213c424a633fa9e8192b16ec4eb9c2f169f65c0b48e691f0a,outputs/phase5c/search/cb1_core/formal/alns_h1/CB1_CORE_L_CF3_R05/seed_530108.json,L,CF3,183,1.0000007197950602
CB1_CORE_L_CF3_R05,ALNS-H1,530109,3687.0,366.0025510159903,366.0,2.5679546459869016,17220,True,cb1_core,3d97e6a3f84d930213c424a633fa9e8192b16ec4eb9c2f169f65c0b48e691f0a,outputs/phase5c/search/cb1_core/formal/alns_h1/CB1_CORE_L_CF3_R05/seed_530109.json,L,CF3,183,1.0000069699890446
CB1_CORE_L_CF3_R05,ALNS-H1,530110,3687.0,366.00170583301224,366.0,2.2986437660001684,15730,True,cb1_core,3d97e6a3f84d930213c424a633fa9e8192b16ec4eb9c2f169f65c0b48e691f0a,outputs/phase5c/search/cb1_core/formal/alns_h1/CB1_CORE_L_CF3_R05/seed_530110.json,L,CF3,183,1.000004660745935
CB1_CORE_M_CF1_R01,ALNS-H1,530101,2732.0,228.00868051999714,228.0,215.17213613400236,10867,True,cb1_core,3d97e6a3f84d930213c424a633fa9e8192b16ec4eb9c2f169f65c0b48e691f0a,outputs/phase5c/search/cb1_core/formal/alns_h1/CB1_CORE_M_CF1_R01/seed_530101.json,M,CF1,114,1.0000380724561277
CB1_CORE_M_CF1_R01,ALNS-H1,530102,2679.0,228.0050682379806,228.0,208.0043293099734,10886,True,cb1_core,3d97e6a3f84d930213c424a633fa9e8192b16ec4eb9c2f169f65c0b48e691f0a,outputs/phase5c/search/cb1_core/formal/alns_h1/CB1_CORE_M_CF1_R01/seed_530102.json,M,CF1,114,1.00002222911395
CB1_CORE_M_CF1_R01,ALNS-H1,530103,2827.0,228.00408544001402,228.0,150.92672309599584,10911,True,cb1_core,3d97e6a3f84d930213c424a633fa9e8192b16ec4eb9c2f169f65c0b48e691f0a,outputs/phase5c/search/cb1_core/formal/alns_h1/CB1_CORE_M_CF1_R01/seed_530103.json,M,CF1,114,1.0000179185965528
CB1_CORE_M_CF1_R01,ALNS-H1,530104,2835.0,228.0011611779919,228.0,61.87049652598216,11774,True,cb1_core,3d97e6a3f84d930213c424a633fa9e8192b16ec4eb9c2f169f65c0b48e691f0a,outputs/phase5c/search/cb1_core/formal/alns_h1/CB1_CORE_M_CF1_R01/seed_530104.json,M,CF1,114,1.0000050928859294
CB1_CORE_M_CF1_R01,ALNS-H1,530105,2760.0,228.00374715297949,228.0,224.920230986987,10876,True,cb1_core,3d97e6a3f84d930213c424a633fa9e8192b16ec4eb9c2f169f65c0b48e691f0a,outputs/phase5c/search/cb1_core/formal/alns_h1/CB1_CORE_M_CF1_R01/seed_530105.json,M,CF1,114,1.000016434881489
CB1_CORE_M_CF1_R01,ALNS-H1,530106,2736.0,228.0060486769944,228.0,133.94549722300144,11045,True,cb1_core,3d97e6a3f84d930213c424a633fa9e8192b16ec4eb9c2f169f65c0b48e691f0a,outputs/phase5c/search/cb1_core/formal/alns_h1/CB1_CORE_M_CF1_R01/seed_530106.json,M,CF1,114,1.0000265292850632
CB1_CORE_M_CF1_R01,ALNS-H1,530107,2736.0,228.01002400700236,228.0,207.50783848200808,10820,True,cb1_core,3d97e6a3f84d930213c424a633fa9e8192b16ec4eb9c2f169f65c0b48e691f0a,outputs/phase5c/search/cb1_core/formal/alns_h1/CB1_CORE_M_CF1_R01/seed_530107.json,M,CF1,114,1.0000439649429929
CB1_CORE_M_CF1_R01,ALNS-H1,530108,2634.0,228.0019544159877,228.0,155.90752314499696,12822,True,cb1_core,3d97e6a3f84d930213c424a633fa9e8192b16ec4eb9c2f169f65c0b48e691f0a,outputs/phase5c/search/cb1_core/formal/alns_h1/CB1_CORE_M_CF1_R01/seed_530108.json,M,CF1,114,1.000008571999946
CB1_CORE_M_CF1_R01,ALNS-H1,530109,2689.0,228.0084102449764,228.0,199.34004776197253,10943,True,cb1_core,3d97e6a3f84d930213c424a633fa9e8192b16ec4eb9c2f169f65c0b48e691f0a,outputs/phase5c/search/cb1_core/formal/alns_h1/CB1_CORE_M_CF1_R01/seed_530109.json,M,CF1,114,1.00003688703937
CB1_CORE_M_CF1_R01,ALNS-H1,530110,2688.0,228.005701897986,228.0,215.06448251599795,12981,True,cb1_core,3d97e6a3f84d930213c424a633fa9e8192b16ec4eb9c2f169f65c0b48e691f0a,outputs/phase5c/search/cb1_core/formal/alns_h1/CB1_CORE_M_CF1_R01/seed_530110.json,M,CF1,114,1.0000250083245
CB1_CORE_M_CF1_R02,ALNS-H1,530101,3366.0,260.0206223450077,260.0,202.6310611460067,10546,True,cb1_core,3d97e6a3f84d930213c424a633fa9e8192b16ec4eb9c2f169f65c0b48e691f0a,outputs/phase5c/search/cb1_core/formal/alns_h1/CB1_CORE_M_CF1_R02/seed_530101.json,M,CF1,130,1.0000793167115682
CB1_CORE_M_CF1_R02,ALNS-H1,530102,3396.0,260.00966110199806,260.0,121.4695028430142,10277,True,cb1_core,3d97e6a3f84d930213c424a633fa9e8192b16ec4eb9c2f169f65c0b48e691f0a,outputs/phase5c/search/cb1_core/formal/alns_h1/CB1_CORE_M_CF1_R02/seed_530102.json,M,CF1,130,1.000037158084608
CB1_CORE_M_CF1_R02,ALNS-H1,530103,3394.0,260.0142007179966,260.0,0.8131264089897741,11859,True,cb1_core,3d97e6a3f84d930213c424a633fa9e8192b16ec4eb9c2f169f65c0b48e691f0a,outputs/phase5c/search/cb1_core/formal/alns_h1/CB1_CORE_M_CF1_R02/seed_530103.json,M,CF1,130,1.0000546181461407
CB1_CORE_M_CF1_R02,ALNS-H1,530104,3460.0,260.0174950049841,260.0,171.4322489219776,11377,True,cb1_core,3d97e6a3f84d930213c424a633fa9e8192b16ec4eb9c2f169f65c0b48e691f0a,outputs/phase5c/search/cb1_core/formal/alns_h1/CB1_CORE_M_CF1_R02/seed_530104.json,M,CF1,130,1.000067288480708
CB1_CORE_M_CF1_R02,ALNS-H1,530105,3476.0,260.0173852870066,260.0,75.60385805301485,10157,True,cb1_core,3d97e6a3f84d930213c424a633fa9e8192b16ec4eb9c2f169f65c0b48e691f0a,outputs/phase5c/search/cb1_core/formal/alns_h1/CB1_CORE_M_CF1_R02/seed_530105.json,M,CF1,130,1.000066866488487
CB1_CORE_M_CF1_R02,ALNS-H1,530106,3520.0,260.0027364109992,260.0,0.3558923260134179,11659,True,cb1_core,3d97e6a3f84d930213c424a633fa9e8192b16ec4eb9c2f169f65c0b48e691f0a,outputs/phase5c/search/cb1_core/formal/alns_h1/CB1_CORE_M_CF1_R02/seed_530106.json,M,CF1,130,1.0000105246576894
CB1_CORE_M_CF1_R02,ALNS-H1,530107,3488.0,260.00067443499574,260.0,209.25659886197536,12057,True,cb1_core,3d97e6a3f84d930213c424a633fa9e8192b16ec4eb9c2f169f65c0b48e691f0a,outputs/phase5c/search/cb1_core/formal/alns_h1/CB1_CORE_M_CF1_R02/seed_530107.json,M,CF1,130,1.0000025939807529
CB1_CORE_M_CF1_R02,ALNS-H1,530108,3398.0,260.0094593219983,260.0,182.34726618099376,10673,True,cb1_core,3d97e6a3f84d930213c424a633fa9e8192b16ec4eb9c2f169f65c0b48e691f0a,outputs/phase5c/search/cb1_core/formal/alns_h1/CB1_CORE_M_CF1_R02/seed_530108.json,M,CF1,130,1.0000363820076856
CB1_CORE_M_CF1_R02,ALNS-H1,530109,3435.0,260.0083375009999,260.0,231.30628242198145,11419,True,cb1_core,3d97e6a3f84d930213c424a633fa9e8192b16ec4eb9c2f169f65c0b48e691f0a,outputs/phase5c/search/cb1_core/formal/alns_h1/CB1_CORE_M_CF1_R02/seed_530109.json,M,CF1,130,1.0000320673115382
CB1_CORE_M_CF1_R02,ALNS-H1,530110,3490.0,260.0059238880058,260.0,252.77737380098552,10054,True,cb1_core,3d97e6a3f84d930213c424a633fa9e8192b16ec4eb9c2f169f65c0b48e691f0a,outputs/phase5c/search/cb1_core/formal/alns_h1/CB1_CORE_M_CF1_R02/seed_530110.json,M,CF1,130,1.0000227841846376
CB1_CORE_M_CF1_R03,ALNS-H1,530101,3254.0,230.0154740870057,230.0,185.4872625519929,13139,True,cb1_core,3d97e6a3f84d930213c424a633fa9e8192b16ec4eb9c2f169f65c0b48e691f0a,outputs/phase5c/search/cb1_core/formal/alns_h1/CB1_CORE_M_CF1_R03/seed_530101.json,M,CF1,115,1.0000672786391553
CB1_CORE_M_CF1_R03,ALNS-H1,530102,3187.0,230.0119514510152,230.0,183.39736513400567,12558,True,cb1_core,3d97e6a3f84d930213c424a633fa9e8192b16ec4eb9c2f169f65c0b48e691f0a,outputs/phase5c/search/cb1_core/formal/alns_h1/CB1_CORE_M_CF1_R03/seed_530102.json,M,CF1,115,1.000051962830501
CB1_CORE_M_CF1_R03,ALNS-H1,530103,3238.0,230.01783927099314,230.0,67.49024048098363,10510,True,cb1_core,3d97e6a3f84d930213c424a633fa9e8192b16ec4eb9c2f169f65c0b48e691f0a,outputs/phase5c/search/cb1_core/formal/alns_h1/CB1_CORE_M_CF1_R03/seed_530103.json,M,CF1,115,1.0000775620477962
CB1_CORE_M_CF1_R03,ALNS-H1,530104,3141.0,230.00355568702798,230.0,195.8941945200204,12044,True,cb1_core,3d97e6a3f84d930213c424a633fa9e8192b16ec4eb9c2f169f65c0b48e691f0a,outputs/phase5c/search/cb1_core/formal/alns_h1/CB1_CORE_M_CF1_R03/seed_530104.json,M,CF1,115,1.0000154595088173
CB1_CORE_M_CF1_R03,ALNS-H1,530105,3170.0,230.00399187399307,230.0,144.76016909300233,12494,True,cb1_core,3d97e6a3f84d930213c424a633fa9e8192b16ec4eb9c2f169f65c0b48e691f0a,outputs/phase5c/search/cb1_core/formal/alns_h1/CB1_CORE_M_CF1_R03/seed_530105.json,M,CF1,115,1.000017355973883
CB1_CORE_M_CF1_R03,ALNS-H1,530106,3267.0,230.0024629359832,230.0,136.50748354400275,10928,True,cb1_core,3d97e6a3f84d930213c424a633fa9e8192b16ec4eb9c2f169f65c0b48e691f0a,outputs/phase5c/search/cb1_core/formal/alns_h1/CB1_CORE_M_CF1_R03/seed_530106.json,M,CF1,115,1.0000107084173182
CB1_CORE_M_CF1_R03,ALNS-H1,530107,3266.0,230.0048342239752,230.0,167.6730922399729,13035,True,cb1_core,3d97e6a3f84d930213c424a633fa9e8192b16ec4eb9c2f169f65c0b48e691f0a,outputs/phase5c/search/cb1_core/formal/alns_h1/CB1_CORE_M_CF1_R03/seed_530107.json,M,CF1,115,1.0000210183651095
CB1_CORE_M_CF1_R03,ALNS-H1,530108,3273.0,230.0167657439888,230.0,228.17997578898212,10922,True,cb1_core,3d97e6a3f84d930213c424a633fa9e8192b16ec4eb9c2f169f65c0b48e691f0a,outputs/phase5c/search/cb1_core/formal/alns_h1/CB1_CORE_M_CF1_R03/seed_530108.json,M,CF1,115,1.0000728945390818
CB1_CORE_M_CF1_R03,ALNS-H1,530109,3227.0,230.01192434001132,230.0,145.62925035099033,12599,True,cb1_core,3d97e6a3f84d930213c424a633fa9e8192b16ec4eb9c2f169f65c0b48e691f0a,outputs/phase5c/search/cb1_core/formal/alns_h1/CB1_CORE_M_CF1_R03/seed_530109.json,M,CF1,115,1.000051844956571
CB1_CORE_M_CF1_R03,ALNS-H1,530110,3228.0,230.0029825209931,230.0,175.86270848999266,11010,True,cb1_core,3d97e6a3f84d930213c424a633fa9e8192b16ec4eb9c2f169f65c0b48e691f0a,outputs/phase5c/search/cb1_core/formal/alns_h1/CB1_CORE_M_CF1_R03/seed_530110.json,M,CF1,115,1.0000129674825786
CB1_CORE_M_CF1_R04,ALNS-H1,530101,2758.0,220.0081867480185,220.0,77.72136650202447,12710,True,cb1_core,3d97e6a3f84d930213c424a633fa9e8192b16ec4eb9c2f169f65c0b48e691f0a,outputs/phase5c/search/cb1_core/formal/alns_h1/CB1_CORE_M_CF1_R04/seed_530101.json,M,CF1,110,1.000037212490993
CB1_CORE_M_CF1_R04,ALNS-H1,530102,2757.0,220.0152085509908,220.0,206.7351452599978,11164,True,cb1_core,3d97e6a3f84d930213c424a633fa9e8192b16ec4eb9c2f169f65c0b48e691f0a,outputs/phase5c/search/cb1_core/formal/alns_h1/CB1_CORE_M_CF1_R04/seed_530102.json,M,CF1,110,1.0000691297772308
CB1_CORE_M_CF1_R04,ALNS-H1,530103,2767.0,220.01714839899796,220.0,103.88813526602462,11170,True,cb1_core,3d97e6a3f84d930213c424a633fa9e8192b16ec4eb9c2f169f65c0b48e691f0a,outputs/phase5c/search/cb1_core/formal/alns_h1/CB1_CORE_M_CF1_R04/seed_530103.json,M,CF1,110,1.0000779472681725
CB1_CORE_M_CF1_R04,ALNS-H1,530104,2704.0,220.00884088501334,220.0,135.067941841,11168,True,cb1_core,3d97e6a3f84d930213c424a633fa9e8192b16ec4eb9c2f169f65c0b48e691f0a,outputs/phase5c/search/cb1_core/formal/alns_h1/CB1_CORE_M_CF1_R04/seed_530104.json,M,CF1,110,1.0000401858409698
CB1_CORE_M_CF1_R04,ALNS-H1,530105,2734.0,220.01068046697765,220.0,108.38017547500203,11303,True,cb1_core,3d97e6a3f84d930213c424a633fa9e8192b16ec4eb9c2f169f65c0b48e691f0a,outputs/phase5c/search/cb1_core/formal/alns_h1/CB1_CORE_M_CF1_R04/seed_530105.json,M,CF1,110,1.0000485475771712
CB1_CORE_M_CF1_R04,ALNS-H1,530106,2781.0,220.00019717100076,220.0,51.855167481000535,11848,True,cb1_core,3d97e6a3f84d930213c424a633fa9e8192b16ec4eb9c2f169f65c0b48e691f0a,outputs/phase5c/search/cb1_core/formal/alns_h1/CB1_CORE_M_CF1_R04/seed_530106.json,M,CF1,110,1.0000008962318216
CB1_CORE_M_CF1_R04,ALNS-H1,530107,2876.0,220.01273012597812,220.0,79.13745321298484,12079,True,cb1_core,3d97e6a3f84d930213c424a633fa9e8192b16ec4eb9c2f169f65c0b48e691f0a,outputs/phase5c/search/cb1_core/formal/alns_h1/CB1_CORE_M_CF1_R04/seed_530107.json,M,CF1,110,1.0000578642089915
CB1_CORE_M_CF1_R04,ALNS-H1,530108,2904.0,220.0041252359806,220.0,112.92979162599659,12706,True,cb1_core,3d97e6a3f84d930213c424a633fa9e8192b16ec4eb9c2f169f65c0b48e691f0a,outputs/phase5c/search/cb1_core/formal/alns_h1/CB1_CORE_M_CF1_R04/seed_530108.json,M,CF1,110,1.000018751072639
CB1_CORE_M_CF1_R04,ALNS-H1,530109,2828.0,220.01271818598616,220.0,187.1366863430012,13059,True,cb1_core,3d97e6a3f84d930213c424a633fa9e8192b16ec4eb9c2f169f65c0b48e691f0a,outputs/phase5c/search/cb1_core/formal/alns_h1/CB1_CORE_M_CF1_R04/seed_530109.json,M,CF1,110,1.0000578099363007
CB1_CORE_M_CF1_R04,ALNS-H1,530110,2729.0,220.01314914500108,220.0,178.88014737601043,11871,True,cb1_core,3d97e6a3f84d930213c424a633fa9e8192b16ec4eb9c2f169f65c0b48e691f0a,outputs/phase5c/search/cb1_core/formal/alns_h1/CB1_CORE_M_CF1_R04/seed_530110.json,M,CF1,110,1.000059768840914
CB1_CORE_M_CF1_R05,ALNS-H1,530101,2901.0,220.00483791399165,220.0,174.25840814301046,13027,True,cb1_core,3d97e6a3f84d930213c424a633fa9e8192b16ec4eb9c2f169f65c0b48e691f0a,outputs/phase5c/search/cb1_core/formal/alns_h1/CB1_CORE_M_CF1_R05/seed_530101.json,M,CF1,110,1.0000219905181438
CB1_CORE_M_CF1_R05,ALNS-H1,530102,2894.0,220.0138588270056,220.0,218.12652773599257,11487,True,cb1_core,3d97e6a3f84d930213c424a633fa9e8192b16ec4eb9c2f169f65c0b48e691f0a,outputs/phase5c/search/cb1_core/formal/alns_h1/CB1_CORE_M_CF1_R05/seed_530102.json,M,CF1,110,1.0000629946682074
CB1_CORE_M_CF1_R05,ALNS-H1,530103,3041.0,220.00135882297764,220.0,208.7511403929966,12729,True,cb1_core,3d97e6a3f84d930213c424a633fa9e8192b16ec4eb9c2f169f65c0b48e691f0a,outputs/phase5c/search/cb1_core/formal/alns_h1/CB1_CORE_M_CF1_R05/seed_530103.json,M,CF1,110,1.00000617646808
CB1_CORE_M_CF1_R05,ALNS-H1,530104,2904.0,220.01371652600938,220.0,199.3752070220071,11767,True,cb1_core,3d97e6a3f84d930213c424a633fa9e8192b16ec4eb9c2f169f65c0b48e691f0a,outputs/phase5c/search/cb1_core/formal/alns_h1/CB1_CORE_M_CF1_R05/seed_530104.json,M,CF1,110,1.000062347845497
CB1_CORE_M_CF1_R05,ALNS-H1,530105,2950.0,220.01467995200073,220.0,101.36684411097667,12684,True,cb1_core,3d97e6a3f84d930213c424a633fa9e8192b16ec4eb9c2f169f65c0b48e691f0a,outputs/phase5c/search/cb1_core/formal/alns_h1/CB1_CORE_M_CF1_R05/seed_530105.json,M,CF1,110,1.0000667270545487
CB1_CORE_M_CF1_R05,ALNS-H1,530106,2894.0,220.00036268201075,220.0,203.13502071000403,11113,True,cb1_core,3d97e6a3f84d930213c424a633fa9e8192b16ec4eb9c2f169f65c0b48e691f0a,outputs/phase5c/search/cb1_core/formal/alns_h1/CB1_CORE_M_CF1_R05/seed_530106.json,M,CF1,110,1.0000016485545944
CB1_CORE_M_CF1_R05,ALNS-H1,530107,2934.0,220.01434174497263,220.0,180.0777659669984,12722,True,cb1_core,3d97e6a3f84d930213c424a633fa9e8192b16ec4eb9c2f169f65c0b48e691f0a,outputs/phase5c/search/cb1_core/formal/alns_h1/CB1_CORE_M_CF1_R05/seed_530107.json,M,CF1,110,1.0000651897498756
CB1_CORE_M_CF1_R05,ALNS-H1,530108,2914.0,220.01389898199704,220.0,152.26739769001142,11056,True,cb1_core,3d97e6a3f84d930213c424a633fa9e8192b16ec4eb9c2f169f65c0b48e691f0a,outputs/phase5c/search/cb1_core/formal/alns_h1/CB1_CORE_M_CF1_R05/seed_530108.json,M,CF1,110,1.0000631771908957
CB1_CORE_M_CF1_R05,ALNS-H1,530109,2866.0,220.00875494099455,220.0,197.27825514500728,12478,True,cb1_core,3d97e6a3f84d930213c424a633fa9e8192b16ec4eb9c2f169f65c0b48e691f0a,outputs/phase5c/search/cb1_core/formal/alns_h1/CB1_CORE_M_CF1_R05/seed_530109.json,M,CF1,110,1.000039795186339
CB1_CORE_M_CF1_R05,ALNS-H1,530110,2945.0,220.00106113302172,220.0,212.97824020701228,13428,True,cb1_core,3d97e6a3f84d930213c424a633fa9e8192b16ec4eb9c2f169f65c0b48e691f0a,outputs/phase5c/search/cb1_core/formal/alns_h1/CB1_CORE_M_CF1_R05/seed_530110.json,M,CF1,110,1.000004823331917
CB1_CORE_M_CF2_R01,ALNS-H1,530101,3263.0,244.00017795799067,244.0,124.26139798900113,12520,True,cb1_core,3d97e6a3f84d930213c424a633fa9e8192b16ec4eb9c2f169f65c0b48e691f0a,outputs/phase5c/search/cb1_core/formal/alns_h1/CB1_CORE_M_CF2_R01/seed_530101.json,M,CF2,122,1.0000007293360273
CB1_CORE_M_CF2_R01,ALNS-H1,530102,3132.0,244.00906261699856,244.0,75.26866286600125,12429,True,cb1_core,3d97e6a3f84d930213c424a633fa9e8192b16ec4eb9c2f169f65c0b48e691f0a,outputs/phase5c/search/cb1_core/formal/alns_h1/CB1_CORE_M_CF2_R01/seed_530102.json,M,CF2,122,1.000037141872945
CB1_CORE_M_CF2_R01,ALNS-H1,530103,3292.0,244.016058513982,244.0,0.5090455119789112,10255,True,cb1_core,3d97e6a3f84d930213c424a633fa9e8192b16ec4eb9c2f169f65c0b48e691f0a,outputs/phase5c/search/cb1_core/formal/alns_h1/CB1_CORE_M_CF2_R01/seed_530103.json,M,CF2,122,1.0000658135818934
CB1_CORE_M_CF2_R01,ALNS-H1,530104,3264.0,244.0138756579836,244.0,113.11211880599149,10418,True,cb1_core,3d97e6a3f84d930213c424a633fa9e8192b16ec4eb9c2f169f65c0b48e691f0a,outputs/phase5c/search/cb1_core/formal/alns_h1/CB1_CORE_M_CF2_R01/seed_530104.json,M,CF2,122,1.0000568674507524
CB1_CORE_M_CF2_R01,ALNS-H1,530105,3177.0,244.01271958599682,244.0,222.24993017801899,10398,True,cb1_core,3d97e6a3f84d930213c424a633fa9e8192b16ec4eb9c2f169f65c0b48e691f0a,outputs/phase5c/search/cb1_core/formal/alns_h1/CB1_CORE_M_CF2_R01/seed_530105.json,M,CF2,122,1.0000521294508067
CB1_CORE_M_CF2_R01,ALNS-H1,530106,3053.0,244.0179256440024,244.0,227.15530513299746,11273,True,cb1_core,3d97e6a3f84d930213c424a633fa9e8192b16ec4eb9c2f169f65c0b48e691f0a,outputs/phase5c/search/cb1_core/formal/alns_h1/CB1_CORE_M_CF2_R01/seed_530106.json,M,CF2,122,1.0000734657541082
CB1_CORE_M_CF2_R01,ALNS-H1,530107,3187.0,244.00231427600374,244.0,151.78614760900382,10617,True,cb1_core,3d97e6a3f84d930213c424a633fa9e8192b16ec4eb9c2f169f65c0b48e691f0a,outputs/phase5c/search/cb1_core/formal/alns_h1/CB1_CORE_M_CF2_R01/seed_530107.json,M,CF2,122,1.0000094847377203
CB1_CORE_M_CF2_R01,ALNS-H1,530108,3154.0,244.01934015899315,244.0,2.366127447981853,11978,True,cb1_core,3d97e6a3f84d930213c424a633fa9e8192b16ec4eb9c2f169f65c0b48e691f0a,outputs/phase5c/search/cb1_core/formal/alns_h1/CB1_CORE_M_CF2_R01/seed_530108.json,M,CF2,122,1.0000792629466932
CB1_CORE_M_CF2_R01,ALNS-H1,530109,3292.0,244.01217091199942,244.0,0.5023838360211812,11061,True,cb1_core,3d97e6a3f84d930213c424a633fa9e8192b16ec4eb9c2f169f65c0b48e691f0a,outputs/phase5c/search/cb1_core/formal/alns_h1/CB1_CORE_M_CF2_R01/seed_530109.json,M,CF2,122,1.000049880786883
CB1_CORE_M_CF2_R01,ALNS-H1,530110,3176.0,244.00717831298243,244.0,129.9776147629891,11263,True,cb1_core,3d97e6a3f84d930213c424a633fa9e8192b16ec4eb9c2f169f65c0b48e691f0a,outputs/phase5c/search/cb1_core/formal/alns_h1/CB1_CORE_M_CF2_R01/seed_530110.json,M,CF2,122,1.0000294193155017
CB1_CORE_M_CF2_R02,ALNS-H1,530101,2671.0,230.02015236599254,230.0,225.20955844398122,10891,True,cb1_core,3d97e6a3f84d930213c424a633fa9e8192b16ec4eb9c2f169f65c0b48e691f0a,outputs/phase5c/search/cb1_core/formal/alns_h1/CB1_CORE_M_CF2_R02/seed_530101.json,M,CF2,115,1.0000876189825763
CB1_CORE_M_CF2_R02,ALNS-H1,530102,2724.0,230.01285292301327,230.0,0.7867838890233543,10972,True,cb1_core,3d97e6a3f84d930213c424a633fa9e8192b16ec4eb9c2f169f65c0b48e691f0a,outputs/phase5c/search/cb1_core/formal/alns_h1/CB1_CORE_M_CF2_R02/seed_530102.json,M,CF2,115,1.0000558822739707
CB1_CORE_M_CF2_R02,ALNS-H1,530103,2745.0,230.00095972098643,230.0,131.48598897099146,11225,True,cb1_core,3d97e6a3f84d930213c424a633fa9e8192b16ec4eb9c2f169f65c0b48e691f0a,outputs/phase5c/search/cb1_core/formal/alns_h1/CB1_CORE_M_CF2_R02/seed_530103.json,M,CF2,115,1.000004172699941
CB1_CORE_M_CF2_R02,ALNS-H1,530104,2670.0,230.01091193500906,230.0,149.14662130898796,11900,True,cb1_core,3d97e6a3f84d930213c424a633fa9e8192b16ec4eb9c2f169f65c0b48e691f0a,outputs/phase5c/search/cb1_core/formal/alns_h1/CB1_CORE_M_CF2_R02/seed_530104.json,M,CF2,115,1.0000474431956916
CB1_CORE_M_CF2_R02,ALNS-H1,530105,2564.0,230.00171860400587,230.0,205.97107699001208,12488,True,cb1_core,3d97e6a3f84d930213c424a633fa9e8192b16ec4eb9c2f169f65c0b48e691f0a,outputs/phase5c/search/cb1_core/formal/alns_h1/CB1_CORE_M_CF2_R02/seed_530105.json,M,CF2,115,1.00000747219133
CB1_CORE_M_CF2_R02,ALNS-H1,530106,2725.0,230.0007129010046,230.0,42.93543023400707,10989,True,cb1_core,3d97e6a3f84d930213c424a633fa9e8192b16ec4eb9c2f169f65c0b48e691f0a,outputs/phase5c/search/cb1_core/formal/alns_h1/CB1_CORE_M_CF2_R02/seed_530106.json,M,CF2,115,1.0000030995695852
CB1_CORE_M_CF2_R02,ALNS-H1,530107,2674.0,230.01548689999618,230.0,112.32362805498997,11705,True,cb1_core,3d97e6a3f84d930213c424a633fa9e8192b16ec4eb9c2f169f65c0b48e691f0a,outputs/phase5c/search/cb1_core/formal/alns_h1/CB1_CORE_M_CF2_R02/seed_530107.json,M,CF2,115,1.0000673343478095
CB1_CORE_M_CF2_R02,ALNS-H1,530108,2805.0,230.00640615000157,230.0,0.4338630709971767,10852,True,cb1_core,3d97e6a3f84d930213c424a633fa9e8192b16ec4eb9c2f169f65c0b48e691f0a,outputs/phase5c/search/cb1_core/formal/alns_h1/CB1_CORE_M_CF2_R02/seed_530108.json,M,CF2,115,1.0000278528260937
CB1_CORE_M_CF2_R02,ALNS-H1,530109,2712.0,230.0200915359892,230.0,86.56708708801307,12581,True,cb1_core,3d97e6a3f84d930213c424a633fa9e8192b16ec4eb9c2f169f65c0b48e691f0a,outputs/phase5c/search/cb1_core/formal/alns_h1/CB1_CORE_M_CF2_R02/seed_530109.json,M,CF2,115,1.0000873545043008
CB1_CORE_M_CF2_R02,ALNS-H1,530110,2686.0,230.00594641300268,230.0,147.91697470701183,10904,True,cb1_core,3d97e6a3f84d930213c424a633fa9e8192b16ec4eb9c2f169f65c0b48e691f0a,outputs/phase5c/search/cb1_core/formal/alns_h1/CB1_CORE_M_CF2_R02/seed_530110.json,M,CF2,115,1.0000258539695768
CB1_CORE_M_CF2_R03,ALNS-H1,530101,3148.0,244.01570877499762,244.0,0.3552936910127755,11141,True,cb1_core,3d97e6a3f84d930213c424a633fa9e8192b16ec4eb9c2f169f65c0b48e691f0a,outputs/phase5c/search/cb1_core/formal/alns_h1/CB1_CORE_M_CF2_R03/seed_530101.json,M,CF2,122,1.0000643802254001
CB1_CORE_M_CF2_R03,ALNS-H1,530102,3100.0,244.02108493100968,244.0,183.90626907601836,11329,True,cb1_core,3d97e6a3f84d930213c424a633fa9e8192b16ec4eb9c2f169f65c0b48e691f0a,outputs/phase5c/search/cb1_core/formal/alns_h1/CB1_CORE_M_CF2_R03/seed_530102.json,M,CF2,122,1.000086413651679
CB1_CORE_M_CF2_R03,ALNS-H1,530103,3052.0,244.00201712700073,244.0,178.53202485200018,12501,True,cb1_core,3d97e6a3f84d930213c424a633fa9e8192b16ec4eb9c2f169f65c0b48e691f0a,outputs/phase5c/search/cb1_core/formal/alns_h1/CB1_CORE_M_CF2_R03/seed_530103.json,M,CF2,122,1.0000082669139374
CB1_CORE_M_CF2_R03,ALNS-H1,530104,3052.0,244.00226276600733,244.0,162.48306995001622,10416,True,cb1_core,3d97e6a3f84d930213c424a633fa9e8192b16ec4eb9c2f169f65c0b48e691f0a,outputs/phase5c/search/cb1_core/formal/alns_h1/CB1_CORE_M_CF2_R03/seed_530104.json,M,CF2,122,1.0000092736311776
CB1_CORE_M_CF2_R03,ALNS-H1,530105,3066.0,244.0212971639994,244.0,146.68578450899804,10465,True,cb1_core,3d97e6a3f84d930213c424a633fa9e8192b16ec4eb9c2f169f65c0b48e691f0a,outputs/phase5c/search/cb1_core/formal/alns_h1/CB1_CORE_M_CF2_R03/seed_530105.json,M,CF2,122,1.000087283459014
CB1_CORE_M_CF2_R03,ALNS-H1,530106,3049.0,244.0054605769983,244.0,239.05136681799195,11938,True,cb1_core,3d97e6a3f84d930213c424a633fa9e8192b16ec4eb9c2f169f65c0b48e691f0a,outputs/phase5c/search/cb1_core/formal/alns_h1/CB1_CORE_M_CF2_R03/seed_530106.json,M,CF2,122,1.0000223794139276
CB1_CORE_M_CF2_R03,ALNS-H1,530107,3051.0,244.0077866280044,244.0,206.23577394799213,10851,True,cb1_core,3d97e6a3f84d930213c424a633fa9e8192b16ec4eb9c2f169f65c0b48e691f0a,outputs/phase5c/search/cb1_core/formal/alns_h1/CB1_CORE_M_CF2_R03/seed_530107.json,M,CF2,122,1.000031912409854
CB1_CORE_M_CF2_R03,ALNS-H1,530108,3058.0,244.0070885400055,244.0,233.0789072359912,12527,True,cb1_core,3d97e6a3f84d930213c424a633fa9e8192b16ec4eb9c2f169f65c0b48e691f0a,outputs/phase5c/search/cb1_core/formal/alns_h1/CB1_CORE_M_CF2_R03/seed_530108.json,M,CF2,122,1.000029051393465
CB1_CORE_M_CF2_R03,ALNS-H1,530109,2941.0,244.00251960402238,244.0,218.46371067300788,12563,True,cb1_core,3d97e6a3f84d930213c424a633fa9e8192b16ec4eb9c2f169f65c0b48e691f0a,outputs/phase5c/search/cb1_core/formal/alns_h1/CB1_CORE_M_CF2_R03/seed_530109.json,M,CF2,122,1.0000103262459934
CB1_CORE_M_CF2_R03,ALNS-H1,530110,3019.0,244.01767188601661,244.0,95.82731009300915,12393,True,cb1_core,3d97e6a3f84d930213c424a633fa9e8192b16ec4eb9c2f169f65c0b48e691f0a,outputs/phase5c/search/cb1_core/formal/alns_h1/CB1_CORE_M_CF2_R03/seed_530110.json,M,CF2,122,1.0000724257623632
CB1_CORE_M_CF2_R04,ALNS-H1,530101,3212.0,250.02043543601758,250.0,128.6618559360213,10200,True,cb1_core,3d97e6a3f84d930213c424a633fa9e8192b16ec4eb9c2f169f65c0b48e691f0a,outputs/phase5c/search/cb1_core/formal/alns_h1/CB1_CORE_M_CF2_R04/seed_530101.json,M,CF2,125,1.0000817417440704
CB1_CORE_M_CF2_R04,ALNS-H1,530102,3184.0,250.00619624200044,250.0,79.10306929398212,10479,True,cb1_core,3d97e6a3f84d930213c424a633fa9e8192b16ec4eb9c2f169f65c0b48e691f0a,outputs/phase5c/search/cb1_core/formal/alns_h1/CB1_CORE_M_CF2_R04/seed_530102.json,M,CF2,125,1.0000247849680017
CB1_CORE_M_CF2_R04,ALNS-H1,530103,3066.0,250.00156257799244,250.0,234.92637908400502,10316,True,cb1_core,3d97e6a3f84d930213c424a633fa9e8192b16ec4eb9c2f169f65c0b48e691f0a,outputs/phase5c/search/cb1_core/formal/alns_h1/CB1_CORE_M_CF2_R04/seed_530103.json,M,CF2,125,1.0000062503119698
CB1_CORE_M_CF2_R04,ALNS-H1,530104,3084.0,250.00170957800583,250.0,199.95651456600172,11945,True,cb1_core,3d97e6a3f84d930213c424a633fa9e8192b16ec4eb9c2f169f65c0b48e691f0a,outputs/phase5c/search/cb1_core/formal/alns_h1/CB1_CORE_M_CF2_R04/seed_530104.json,M,CF2,125,1.0000068383120233
CB1_CORE_M_CF2_R04,ALNS-H1,530105,3052.0,250.00624570599757,250.0,186.52668156498112,10269,True,cb1_core,3d97e6a3f84d930213c424a633fa9e8192b16ec4eb9c2f169f65c0b48e691f0a,outputs/phase5c/search/cb1_core/formal/alns_h1/CB1_CORE_M_CF2_R04/seed_530105.json,M,CF2,125,1.0000249828239902
CB1_CORE_M_CF2_R04,ALNS-H1,530106,3160.0,250.01444712499506,250.0,202.94335722498363,11556,True,cb1_core,3d97e6a3f84d930213c424a633fa9e8192b16ec4eb9c2f169f65c0b48e691f0a,outputs/phase5c/search/cb1_core/formal/alns_h1/CB1_CORE_M_CF2_R04/seed_530106.json,M,CF2,125,1.0000577884999802
CB1_CORE_M_CF2_R04,ALNS-H1,530107,3097.0,250.01046693397802,250.0,107.13571435198537,10558,True,cb1_core,3d97e6a3f84d930213c424a633fa9e8192b16ec4eb9c2f169f65c0b48e691f0a,outputs/phase5c/search/cb1_core/formal/alns_h1/CB1_CORE_M_CF2_R04/seed_530107.json,M,CF2,125,1.0000418677359122
CB1_CORE_M_CF2_R04,ALNS-H1,530108,3189.0,250.0245854589739,250.0,220.91808234798373,11752,True,cb1_core,3d97e6a3f84d930213c424a633fa9e8192b16ec4eb9c2f169f65c0b48e691f0a,outputs/phase5c/search/cb1_core/formal/alns_h1/CB1_CORE_M_CF2_R04/seed_530108.json,M,CF2,125,1.0000983418358955
CB1_CORE_M_CF2_R04,ALNS-H1,530109,3120.0,250.01658538699849,250.0,191.90027931999066,11095,True,cb1_core,3d97e6a3f84d930213c424a633fa9e8192b16ec4eb9c2f169f65c0b48e691f0a,outputs/phase5c/search/cb1_core/formal/alns_h1/CB1_CORE_M_CF2_R04/seed_530109.json,M,CF2,125,1.000066341547994
CB1_CORE_M_CF2_R04,ALNS-H1,530110,3208.0,250.00253672202234,250.0,32.73964232200524,10608,True,cb1_core,3d97e6a3f84d930213c424a633fa9e8192b16ec4eb9c2f169f65c0b48e691f0a,outputs/phase5c/search/cb1_core/formal/alns_h1/CB1_CORE_M_CF2_R04/seed_530110.json,M,CF2,125,1.0000101468880893
CB1_CORE_M_CF2_R05,ALNS-H1,530101,3275.0,230.01431075599976,230.0,150.70241068399628,12493,True,cb1_core,3d97e6a3f84d930213c424a633fa9e8192b16ec4eb9c2f169f65c0b48e691f0a,outputs/phase5c/search/cb1_core/formal/alns_h1/CB1_CORE_M_CF2_R05/seed_530101.json,M,CF2,115,1.00006222067826
CB1_CORE_M_CF2_R05,ALNS-H1,530102,3408.0,230.00988709798548,230.0,36.12010785899474,10837,True,cb1_core,3d97e6a3f84d930213c424a633fa9e8192b16ec4eb9c2f169f65c0b48e691f0a,outputs/phase5c/search/cb1_core/formal/alns_h1/CB1_CORE_M_CF2_R05/seed_530102.json,M,CF2,115,1.0000429873825456
CB1_CORE_M_CF2_R05,ALNS-H1,530103,3381.0,230.0107132580015,230.0,32.56787414700375,12209,True,cb1_core,3d97e6a3f84d930213c424a633fa9e8192b16ec4eb9c2f169f65c0b48e691f0a,outputs/phase5c/search/cb1_core/formal/alns_h1/CB1_CORE_M_CF2_R05/seed_530103.json,M,CF2,115,1.0000465793826152
CB1_CORE_M_CF2_R05,ALNS-H1,530104,3271.0,230.0118955039943,230.0,218.79594264901243,12371,True,cb1_core,3d97e6a3f84d930213c424a633fa9e8192b16ec4eb9c2f169f65c0b48e691f0a,outputs/phase5c/search/cb1_core/formal/alns_h1/CB1_CORE_M_CF2_R05/seed_530104.json,M,CF2,115,1.000051719582584
CB1_CORE_M_CF2_R05,ALNS-H1,530105,3261.0,230.00751328098704,230.0,1.2504622189735528,10950,True,cb1_core,3d97e6a3f84d930213c424a633fa9e8192b16ec4eb9c2f169f65c0b48e691f0a,outputs/phase5c/search/cb1_core/formal/alns_h1/CB1_CORE_M_CF2_R05/seed_530105.json,M,CF2,115,1.0000326664390742
CB1_CORE_M_CF2_R05,ALNS-H1,530106,3114.0,230.01974973399774,230.0,163.25486691499827,11660,True,cb1_core,3d97e6a3f84d930213c424a633fa9e8192b16ec4eb9c2f169f65c0b48e691f0a,outputs/phase5c/search/cb1_core/formal/alns_h1/CB1_CORE_M_CF2_R05/seed_530106.json,M,CF2,115,1.0000858684086857
CB1_CORE_M_CF2_R05,ALNS-H1,530107,3272.0,230.00871071100119,230.0,218.63491294300184,11224,True,cb1_core,3d97e6a3f84d930213c424a633fa9e8192b16ec4eb9c2f169f65c0b48e691f0a,outputs/phase5c/search/cb1_core/formal/alns_h1/CB1_CORE_M_CF2_R05/seed_530107.json,M,CF2,115,1.0000378726565269
CB1_CORE_M_CF2_R05,ALNS-H1,530108,3252.0,230.00371218600776,230.0,79.65660240201396,11188,True,cb1_core,3d97e6a3f84d930213c424a633fa9e8192b16ec4eb9c2f169f65c0b48e691f0a,outputs/phase5c/search/cb1_core/formal/alns_h1/CB1_CORE_M_CF2_R05/seed_530108.json,M,CF2,115,1.0000161399391643
CB1_CORE_M_CF2_R05,ALNS-H1,530109,3127.0,230.00869678001618,230.0,208.57829182999558,12805,True,cb1_core,3d97e6a3f84d930213c424a633fa9e8192b16ec4eb9c2f169f65c0b48e691f0a,outputs/phase5c/search/cb1_core/formal/alns_h1/CB1_CORE_M_CF2_R05/seed_530109.json,M,CF2,115,1.0000378120870268
CB1_CORE_M_CF2_R05,ALNS-H1,530110,3329.0,230.01364310199278,230.0,46.169138961005956,10886,True,cb1_core,3d97e6a3f84d930213c424a633fa9e8192b16ec4eb9c2f169f65c0b48e691f0a,outputs/phase5c/search/cb1_core/formal/alns_h1/CB1_CORE_M_CF2_R05/seed_530110.json,M,CF2,115,1.0000593178347512
CB1_CORE_M_CF3_R01,ALNS-H1,530101,2850.0,222.00092095599393,222.0,0.6540806499833707,12545,True,cb1_core,3d97e6a3f84d930213c424a633fa9e8192b16ec4eb9c2f169f65c0b48e691f0a,outputs/phase5c/search/cb1_core/formal/alns_h1/CB1_CORE_M_CF3_R01/seed_530101.json,M,CF3,111,1.0000041484504232
CB1_CORE_M_CF3_R01,ALNS-H1,530102,2998.0,222.00514323700918,222.0,0.6604494930070359,10981,True,cb1_core,3d97e6a3f84d930213c424a633fa9e8192b16ec4eb9c2f169f65c0b48e691f0a,outputs/phase5c/search/cb1_core/formal/alns_h1/CB1_CORE_M_CF3_R01/seed_530102.json,M,CF3,111,1.0000231677342757
CB1_CORE_M_CF3_R01,ALNS-H1,530103,2962.0,222.0081248100032,222.0,0.8526944589975756,10910,True,cb1_core,3d97e6a3f84d930213c424a633fa9e8192b16ec4eb9c2f169f65c0b48e691f0a,outputs/phase5c/search/cb1_core/formal/alns_h1/CB1_CORE_M_CF3_R01/seed_530103.json,M,CF3,111,1.0000365982432577
CB1_CORE_M_CF3_R01,ALNS-H1,530104,2891.0,222.0124911890016,222.0,184.38902739799232,11969,True,cb1_core,3d97e6a3f84d930213c424a633fa9e8192b16ec4eb9c2f169f65c0b48e691f0a,outputs/phase5c/search/cb1_core/formal/alns_h1/CB1_CORE_M_CF3_R01/seed_530104.json,M,CF3,111,1.0000562666171242
CB1_CORE_M_CF3_R01,ALNS-H1,530105,2899.0,222.00432802399155,222.0,191.64885658799903,12944,True,cb1_core,3d97e6a3f84d930213c424a633fa9e8192b16ec4eb9c2f169f65c0b48e691f0a,outputs/phase5c/search/cb1_core/formal/alns_h1/CB1_CORE_M_CF3_R01/seed_530105.json,M,CF3,111,1.0000194956035655
CB1_CORE_M_CF3_R01,ALNS-H1,530106,2918.0,222.0209134450124,222.0,0.6557138609932736,12886,True,cb1_core,3d97e6a3f84d930213c424a633fa9e8192b16ec4eb9c2f169f65c0b48e691f0a,outputs/phase5c/search/cb1_core/formal/alns_h1/CB1_CORE_M_CF3_R01/seed_530106.json,M,CF3,111,1.0000942047072632
CB1_CORE_M_CF3_R01,ALNS-H1,530107,2887.0,222.02178930898663,222.0,199.20857203300693,13197,True,cb1_core,3d97e6a3f84d930213c424a633fa9e8192b16ec4eb9c2f169f65c0b48e691f0a,outputs/phase5c/search/cb1_core/formal/alns_h1/CB1_CORE_M_CF3_R01/seed_530107.json,M,CF3,111,1.0000981500404802
CB1_CORE_M_CF3_R01,ALNS-H1,530108,2859.0,222.00765219601453,222.0,2.4309422179940157,11759,True,cb1_core,3d97e6a3f84d930213c424a633fa9e8192b16ec4eb9c2f169f65c0b48e691f0a,outputs/phase5c/search/cb1_core/formal/alns_h1/CB1_CORE_M_CF3_R01/seed_530108.json,M,CF3,111,1.0000344693514167
CB1_CORE_M_CF3_R01,ALNS-H1,530109,2922.0,222.00526444902061,222.0,194.49659074601368,11807,True,cb1_core,3d97e6a3f84d930213c424a633fa9e8192b16ec4eb9c2f169f65c0b48e691f0a,outputs/phase5c/search/cb1_core/formal/alns_h1/CB1_CORE_M_CF3_R01/seed_530109.json,M,CF3,111,1.000023713734327
CB1_CORE_M_CF3_R01,ALNS-H1,530110,2937.0,222.01019363402156,222.0,189.42076953401556,11099,True,cb1_core,3d97e6a3f84d930213c424a633fa9e8192b16ec4eb9c2f169f65c0b48e691f0a,outputs/phase5c/search/cb1_core/formal/alns_h1/CB1_CORE_M_CF3_R01/seed_530110.json,M,CF3,111,1.0000459172703673
CB1_CORE_M_CF3_R02,ALNS-H1,530101,3283.0,256.014063857001,256.0,0.9891764560015872,11032,True,cb1_core,3d97e6a3f84d930213c424a633fa9e8192b16ec4eb9c2f169f65c0b48e691f0a,outputs/phase5c/search/cb1_core/formal/alns_h1/CB1_CORE_M_CF3_R02/seed_530101.json,M,CF3,128,1.0000549369414102
CB1_CORE_M_CF3_R02,ALNS-H1,530102,3452.0,256.0023685079941,256.0,0.6626960530120414,11284,True,cb1_core,3d97e6a3f84d930213c424a633fa9e8192b16ec4eb9c2f169f65c0b48e691f0a,outputs/phase5c/search/cb1_core/formal/alns_h1/CB1_CORE_M_CF3_R02/seed_530102.json,M,CF3,128,1.000009251984352
CB1_CORE_M_CF3_R02,ALNS-H1,530103,3317.0,256.00012877199333,256.0,0.9845283720060252,10116,True,cb1_core,3d97e6a3f84d930213c424a633fa9e8192b16ec4eb9c2f169f65c0b48e691f0a,outputs/phase5c/search/cb1_core/formal/alns_h1/CB1_CORE_M_CF3_R02/seed_530103.json,M,CF3,128,1.000000503015599
CB1_CORE_M_CF3_R02,ALNS-H1,530104,3452.0,256.016459698003,256.0,0.7032449989928864,10836,True,cb1_core,3d97e6a3f84d930213c424a633fa9e8192b16ec4eb9c2f169f65c0b48e691f0a,outputs/phase5c/search/cb1_core/formal/alns_h1/CB1_CORE_M_CF3_R02/seed_530104.json,M,CF3,128,1.0000642956953243
CB1_CORE_M_CF3_R02,ALNS-H1,530105,3362.0,256.0055054810073,256.0,2.430833429010818,10034,True,cb1_core,3d97e6a3f84d930213c424a633fa9e8192b16ec4eb9c2f169f65c0b48e691f0a,outputs/phase5c/search/cb1_core/formal/alns_h1/CB1_CORE_M_CF3_R02/seed_530105.json,M,CF3,128,1.0000215057851847
CB1_CORE_M_CF3_R02,ALNS-H1,530106,3320.0,256.0013139419898,256.0,0.9520673319930211,10616,True,cb1_core,3d97e6a3f84d930213c424a633fa9e8192b16ec4eb9c2f169f65c0b48e691f0a,outputs/phase5c/search/cb1_core/formal/alns_h1/CB1_CORE_M_CF3_R02/seed_530106.json,M,CF3,128,1.0000051325858976
CB1_CORE_M_CF3_R02,ALNS-H1,530107,3452.0,256.006062342989,256.0,0.8002531359961722,11077,True,cb1_core,3d97e6a3f84d930213c424a633fa9e8192b16ec4eb9c2f169f65c0b48e691f0a,outputs/phase5c/search/cb1_core/formal/alns_h1/CB1_CORE_M_CF3_R02/seed_530107.json,M,CF3,128,1.0000236810273009
CB1_CORE_M_CF3_R02,ALNS-H1,530108,3446.0,256.01688444201136,256.0,0.9954659560171422,11028,True,cb1_core,3d97e6a3f84d930213c424a633fa9e8192b16ec4eb9c2f169f65c0b48e691f0a,outputs/phase5c/search/cb1_core/formal/alns_h1/CB1_CORE_M_CF3_R02/seed_530108.json,M,CF3,128,1.0000659548516069
CB1_CORE_M_CF3_R02,ALNS-H1,530109,3452.0,256.0134870360198,256.0,0.8024613030138426,11485,True,cb1_core,3d97e6a3f84d930213c424a633fa9e8192b16ec4eb9c2f169f65c0b48e691f0a,outputs/phase5c/search/cb1_core/formal/alns_h1/CB1_CORE_M_CF3_R02/seed_530109.json,M,CF3,128,1.0000526837344523
CB1_CORE_M_CF3_R02,ALNS-H1,530110,3301.0,256.02061512999353,256.0,1.3458981989824679,10548,True,cb1_core,3d97e6a3f84d930213c424a633fa9e8192b16ec4eb9c2f169f65c0b48e691f0a,outputs/phase5c/search/cb1_core/formal/alns_h1/CB1_CORE_M_CF3_R02/seed_530110.json,M,CF3,128,1.0000805278515372
CB1_CORE_M_CF3_R03,ALNS-H1,530101,2909.0,232.0191480999929,232.0,0.8199472950072959,11571,True,cb1_core,3d97e6a3f84d930213c424a633fa9e8192b16ec4eb9c2f169f65c0b48e691f0a,outputs/phase5c/search/cb1_core/formal/alns_h1/CB1_CORE_M_CF3_R03/seed_530101.json,M,CF3,116,1.0000825349137625
CB1_CORE_M_CF3_R03,ALNS-H1,530102,2961.0,232.00324925998575,232.0,0.5703372879943345,12022,True,cb1_core,3d97e6a3f84d930213c424a633fa9e8192b16ec4eb9c2f169f65c0b48e691f0a,outputs/phase5c/search/cb1_core/formal/alns_h1/CB1_CORE_M_CF3_R03/seed_530102.json,M,CF3,116,1.000014005430973
CB1_CORE_M_CF3_R03,ALNS-H1,530103,2961.0,232.01326551899547,232.0,0.6529434519761708,10921,True,cb1_core,3d97e6a3f84d930213c424a633fa9e8192b16ec4eb9c2f169f65c0b48e691f0a,outputs/phase5c/search/cb1_core/formal/alns_h1/CB1_CORE_M_CF3_R03/seed_530103.json,M,CF3,116,1.0000571789611874
CB1_CORE_M_CF3_R03,ALNS-H1,530104,2961.0,232.00112383600208,232.0,0.655262527987361,11564,True,cb1_core,3d97e6a3f84d930213c424a633fa9e8192b16ec4eb9c2f169f65c0b48e691f0a,outputs/phase5c/search/cb1_core/formal/alns_h1/CB1_CORE_M_CF3_R03/seed_530104.json,M,CF3,116,1.0000048441206986
CB1_CORE_M_CF3_R03,ALNS-H1,530105,2961.0,232.0141497059958,232.0,0.6527475979819428,12019,True,cb1_core,3d97e6a3f84d930213c424a633fa9e8192b16ec4eb9c2f169f65c0b48e691f0a,outputs/phase5c/search/cb1_core/formal/alns_h1/CB1_CORE_M_CF3_R03/seed_530105.json,M,CF3,116,1.000060990112051
CB1_CORE_M_CF3_R03,ALNS-H1,530106,2961.0,232.01861349100363,232.0,0.699364008003613,11053,True,cb1_core,3d97e6a3f84d930213c424a633fa9e8192b16ec4eb9c2f169f65c0b48e691f0a,outputs/phase5c/search/cb1_core/formal/alns_h1/CB1_CORE_M_CF3_R03/seed_530106.json,M,CF3,116,1.0000802305646708
CB1_CORE_M_CF3_R03,ALNS-H1,530107,2961.0,232.00342688700766,232.0,0.6649328529892955,10951,True,cb1_core,3d97e6a3f84d930213c424a633fa9e8192b16ec4eb9c2f169f65c0b48e691f0a,outputs/phase5c/search/cb1_core/formal/alns_h1/CB1_CORE_M_CF3_R03/seed_530107.json,M,CF3,116,1.0000147710646883
CB1_CORE_M_CF3_R03,ALNS-H1,530108,2961.0,232.01618930799305,232.0,0.5478507709922269,13013,True,cb1_core,3d97e6a3f84d930213c424a633fa9e8192b16ec4eb9c2f169f65c0b48e691f0a,outputs/phase5c/search/cb1_core/formal/alns_h1/CB1_CORE_M_CF3_R03/seed_530108.json,M,CF3,116,1.00006978149997
CB1_CORE_M_CF3_R03,ALNS-H1,530109,2961.0,232.00827181499335,232.0,0.6600209219905082,11015,True,cb1_core,3d97e6a3f84d930213c424a633fa9e8192b16ec4eb9c2f169f65c0b48e691f0a,outputs/phase5c/search/cb1_core/formal/alns_h1/CB1_CORE_M_CF3_R03/seed_530109.json,M,CF3,116,1.0000356543749713
CB1_CORE_M_CF3_R03,ALNS-H1,530110,2961.0,232.01131536101457,232.0,0.5517994560068473,11366,True,cb1_core,3d97e6a3f84d930213c424a633fa9e8192b16ec4eb9c2f169f65c0b48e691f0a,outputs/phase5c/search/cb1_core/formal/alns_h1/CB1_CORE_M_CF3_R03/seed_530110.json,M,CF3,116,1.0000487731078214
CB1_CORE_M_CF3_R04,ALNS-H1,530101,3082.0,238.01969680099864,238.0,231.85347983500105,10389,True,cb1_core,3d97e6a3f84d930213c424a633fa9e8192b16ec4eb9c2f169f65c0b48e691f0a,outputs/phase5c/search/cb1_core/formal/alns_h1/CB1_CORE_M_CF3_R04/seed_530101.json,M,CF3,119,1.0000827596680615
CB1_CORE_M_CF3_R04,ALNS-H1,530102,3090.0,238.01016215598793,238.0,91.06597646899172,11235,True,cb1_core,3d97e6a3f84d930213c424a633fa9e8192b16ec4eb9c2f169f65c0b48e691f0a,outputs/phase5c/search/cb1_core/formal/alns_h1/CB1_CORE_M_CF3_R04/seed_530102.json,M,CF3,119,1.000042698134403
CB1_CORE_M_CF3_R04,ALNS-H1,530103,3161.0,238.00824301299872,238.0,2.198675897991052,11386,True,cb1_core,3d97e6a3f84d930213c424a633fa9e8192b16ec4eb9c2f169f65c0b48e691f0a,outputs/phase5c/search/cb1_core/formal/alns_h1/CB1_CORE_M_CF3_R04/seed_530103.json,M,CF3,119,1.000034634508398
CB1_CORE_M_CF3_R04,ALNS-H1,530104,3155.0,238.00641295601963,238.0,1.081940094998572,12485,True,cb1_core,3d97e6a3f84d930213c424a633fa9e8192b16ec4eb9c2f169f65c0b48e691f0a,outputs/phase5c/search/cb1_core/formal/alns_h1/CB1_CORE_M_CF3_R04/seed_530104.json,M,CF3,119,1.0000269451933599
CB1_CORE_M_CF3_R04,ALNS-H1,530105,3115.0,238.0348564859887,238.0,1.713017072994262,12260,True,cb1_core,3d97e6a3f84d930213c424a633fa9e8192b16ec4eb9c2f169f65c0b48e691f0a,outputs/phase5c/search/cb1_core/formal/alns_h1/CB1_CORE_M_CF3_R04/seed_530105.json,M,CF3,119,1.000146455823482
CB1_CORE_M_CF3_R04,ALNS-H1,530106,3105.0,238.0127061319945,238.0,128.45391451599426,12060,True,cb1_core,3d97e6a3f84d930213c424a633fa9e8192b16ec4eb9c2f169f65c0b48e691f0a,outputs/phase5c/search/cb1_core/formal/alns_h1/CB1_CORE_M_CF3_R04/seed_530106.json,M,CF3,119,1.0000533871092205
CB1_CORE_M_CF3_R04,ALNS-H1,530107,3027.0,238.00647702399874,238.0,198.70312531897798,11504,True,cb1_core,3d97e6a3f84d930213c424a633fa9e8192b16ec4eb9c2f169f65c0b48e691f0a,outputs/phase5c/search/cb1_core/formal/alns_h1/CB1_CORE_M_CF3_R04/seed_530107.json,M,CF3,119,1.0000272143865494
CB1_CORE_M_CF3_R04,ALNS-H1,530108,2994.0,238.00916147200041,238.0,203.97739192002336,10778,True,cb1_core,3d97e6a3f84d930213c424a633fa9e8192b16ec4eb9c2f169f65c0b48e691f0a,outputs/phase5c/search/cb1_core/formal/alns_h1/CB1_CORE_M_CF3_R04/seed_530108.json,M,CF3,119,1.0000384935798337
CB1_CORE_M_CF3_R04,ALNS-H1,530109,3100.0,238.0104530339886,238.0,174.28335218899883,11818,True,cb1_core,3d97e6a3f84d930213c424a633fa9e8192b16ec4eb9c2f169f65c0b48e691f0a,outputs/phase5c/search/cb1_core/formal/alns_h1/CB1_CORE_M_CF3_R04/seed_530109.json,M,CF3,119,1.0000439203108764
CB1_CORE_M_CF3_R04,ALNS-H1,530110,3143.0,238.00033132499084,238.0,224.10728020299575,10710,True,cb1_core,3d97e6a3f84d930213c424a633fa9e8192b16ec4eb9c2f169f65c0b48e691f0a,outputs/phase5c/search/cb1_core/formal/alns_h1/CB1_CORE_M_CF3_R04/seed_530110.json,M,CF3,119,1.0000013921218103
CB1_CORE_M_CF3_R05,ALNS-H1,530101,3061.0,226.00173769600224,226.0,0.7238334360008594,11661,True,cb1_core,3d97e6a3f84d930213c424a633fa9e8192b16ec4eb9c2f169f65c0b48e691f0a,outputs/phase5c/search/cb1_core/formal/alns_h1/CB1_CORE_M_CF3_R05/seed_530101.json,M,CF3,113,1.000007688920364
CB1_CORE_M_CF3_R05,ALNS-H1,530102,3061.0,226.00024137599394,226.0,0.7482372859958559,11718,True,cb1_core,3d97e6a3f84d930213c424a633fa9e8192b16ec4eb9c2f169f65c0b48e691f0a,outputs/phase5c/search/cb1_core/formal/alns_h1/CB1_CORE_M_CF3_R05/seed_530102.json,M,CF3,113,1.0000010680353715
CB1_CORE_M_CF3_R05,ALNS-H1,530103,3061.0,226.0123963340011,226.0,0.6603473860013764,12140,True,cb1_core,3d97e6a3f84d930213c424a633fa9e8192b16ec4eb9c2f169f65c0b48e691f0a,outputs/phase5c/search/cb1_core/formal/alns_h1/CB1_CORE_M_CF3_R05/seed_530103.json,M,CF3,113,1.000054851035403
CB1_CORE_M_CF3_R05,ALNS-H1,530104,3061.0,226.01390775697655,226.0,0.5815117349848151,12312,True,cb1_core,3d97e6a3f84d930213c424a633fa9e8192b16ec4eb9c2f169f65c0b48e691f0a,outputs/phase5c/search/cb1_core/formal/alns_h1/CB1_CORE_M_CF3_R05/seed_530104.json,M,CF3,113,1.0000615387476839
CB1_CORE_M_CF3_R05,ALNS-H1,530105,3061.0,226.02308877799078,226.0,0.6719342689902987,11177,True,cb1_core,3d97e6a3f84d930213c424a633fa9e8192b16ec4eb9c2f169f65c0b48e691f0a,outputs/phase5c/search/cb1_core/formal/alns_h1/CB1_CORE_M_CF3_R05/seed_530105.json,M,CF3,113,1.0001021627344724
CB1_CORE_M_CF3_R05,ALNS-H1,530106,3061.0,226.00534870600677,226.0,0.6743930850061588,11346,True,cb1_core,3d97e6a3f84d930213c424a633fa9e8192b16ec4eb9c2f169f65c0b48e691f0a,outputs/phase5c/search/cb1_core/formal/alns_h1/CB1_CORE_M_CF3_R05/seed_530106.json,M,CF3,113,1.0000236668407378
CB1_CORE_M_CF3_R05,ALNS-H1,530107,3061.0,226.01969254901633,226.0,0.560743475012714,11458,True,cb1_core,3d97e6a3f84d930213c424a633fa9e8192b16ec4eb9c2f169f65c0b48e691f0a,outputs/phase5c/search/cb1_core/formal/alns_h1/CB1_CORE_M_CF3_R05/seed_530107.json,M,CF3,113,1.0000871351726386
CB1_CORE_M_CF3_R05,ALNS-H1,530108,3061.0,226.0025902579946,226.0,0.5764724960026797,12523,True,cb1_core,3d97e6a3f84d930213c424a633fa9e8192b16ec4eb9c2f169f65c0b48e691f0a,outputs/phase5c/search/cb1_core/formal/alns_h1/CB1_CORE_M_CF3_R05/seed_530108.json,M,CF3,113,1.0000114613185602
CB1_CORE_M_CF3_R05,ALNS-H1,530109,3061.0,226.00574495497858,226.0,0.5731677989824675,12115,True,cb1_core,3d97e6a3f84d930213c424a633fa9e8192b16ec4eb9c2f169f65c0b48e691f0a,outputs/phase5c/search/cb1_core/formal/alns_h1/CB1_CORE_M_CF3_R05/seed_530109.json,M,CF3,113,1.0000254201547725
CB1_CORE_M_CF3_R05,ALNS-H1,530110,3061.0,226.00623609501054,226.0,0.6917878630047198,12296,True,cb1_core,3d97e6a3f84d930213c424a633fa9e8192b16ec4eb9c2f169f65c0b48e691f0a,outputs/phase5c/search/cb1_core/formal/alns_h1/CB1_CORE_M_CF3_R05/seed_530110.json,M,CF3,113,1.0000275933407545
CB1_CORE_S_CF1_R01,ALNS-H1,530101,1856.0,124.00770808500238,124.0,0.08895448999828659,15485,True,cb1_core,3d97e6a3f84d930213c424a633fa9e8192b16ec4eb9c2f169f65c0b48e691f0a,outputs/phase5c/search/cb1_core/formal/alns_h1/CB1_CORE_S_CF1_R01/seed_530101.json,S,CF1,62,1.0000621619758256
CB1_CORE_S_CF1_R01,ALNS-H1,530102,1808.0,124.0047318849829,124.0,122.03776886599371,18447,True,cb1_core,3d97e6a3f84d930213c424a633fa9e8192b16ec4eb9c2f169f65c0b48e691f0a,outputs/phase5c/search/cb1_core/formal/alns_h1/CB1_CORE_S_CF1_R01/seed_530102.json,S,CF1,62,1.0000381603627653
CB1_CORE_S_CF1_R01,ALNS-H1,530103,1796.0,124.0034445199999,124.0,37.04313958398416,16240,True,cb1_core,3d97e6a3f84d930213c424a633fa9e8192b16ec4eb9c2f169f65c0b48e691f0a,outputs/phase5c/search/cb1_core/formal/alns_h1/CB1_CORE_S_CF1_R01/seed_530103.json,S,CF1,62,1.000027778387096
CB1_CORE_S_CF1_R01,ALNS-H1,530104,1802.0,124.00455153701478,124.0,0.15358111800742336,18518,True,cb1_core,3d97e6a3f84d930213c424a633fa9e8192b16ec4eb9c2f169f65c0b48e691f0a,outputs/phase5c/search/cb1_core/formal/alns_h1/CB1_CORE_S_CF1_R01/seed_530104.json,S,CF1,62,1.0000367059436674
CB1_CORE_S_CF1_R01,ALNS-H1,530105,1838.0,124.00672125900746,124.0,118.77340163799818,15610,True,cb1_core,3d97e6a3f84d930213c424a633fa9e8192b16ec4eb9c2f169f65c0b48e691f0a,outputs/phase5c/search/cb1_core/formal/alns_h1/CB1_CORE_S_CF1_R01/seed_530105.json,S,CF1,62,1.000054203701673
CB1_CORE_S_CF1_R01,ALNS-H1,530106,1841.0,124.00495541500277,124.0,109.91475990501931,17912,True,cb1_core,3d97e6a3f84d930213c424a633fa9e8192b16ec4eb9c2f169f65c0b48e691f0a,outputs/phase5c/search/cb1_core/formal/alns_h1/CB1_CORE_S_CF1_R01/seed_530106.json,S,CF1,62,1.0000399630242158
CB1_CORE_S_CF1_R01,ALNS-H1,530107,1841.0,124.00033206798253,124.0,18.859770719980588,17201,True,cb1_core,3d97e6a3f84d930213c424a633fa9e8192b16ec4eb9c2f169f65c0b48e691f0a,outputs/phase5c/search/cb1_core/formal/alns_h1/CB1_CORE_S_CF1_R01/seed_530107.json,S,CF1,62,1.000002677967601
CB1_CORE_S_CF1_R01,ALNS-H1,530108,1792.0,124.00544495502254,124.0,26.900018924003234,18057,True,cb1_core,3d97e6a3f84d930213c424a633fa9e8192b16ec4eb9c2f169f65c0b48e691f0a,outputs/phase5c/search/cb1_core/formal/alns_h1/CB1_CORE_S_CF1_R01/seed_530108.json,S,CF1,62,1.0000439109276011
CB1_CORE_S_CF1_R01,ALNS-H1,530109,1749.0,124.00426047400106,124.0,96.98822832398582,16617,True,cb1_core,3d97e6a3f84d930213c424a633fa9e8192b16ec4eb9c2f169f65c0b48e691f0a,outputs/phase5c/search/cb1_core/formal/alns_h1/CB1_CORE_S_CF1_R01/seed_530109.json,S,CF1,62,1.0000343586612988
CB1_CORE_S_CF1_R01,ALNS-H1,530110,1819.0,124.00018932900275,124.0,78.12399938699673,15299,True,cb1_core,3d97e6a3f84d930213c424a633fa9e8192b16ec4eb9c2f169f65c0b48e691f0a,outputs/phase5c/search/cb1_core/formal/alns_h1/CB1_CORE_S_CF1_R01/seed_530110.json,S,CF1,62,1.0000015268467963
CB1_CORE_S_CF1_R02,ALNS-H1,530101,2206.0,130.00203353300458,130.0,0.15775971600669436,15562,True,cb1_core,3d97e6a3f84d930213c424a633fa9e8192b16ec4eb9c2f169f65c0b48e691f0a,outputs/phase5c/search/cb1_core/formal/alns_h1/CB1_CORE_S_CF1_R02/seed_530101.json,S,CF1,65,1.0000156425615736
CB1_CORE_S_CF1_R02,ALNS-H1,530102,2219.0,130.00309163398924,130.0,31.42221954400884,17919,True,cb1_core,3d97e6a3f84d930213c424a633fa9e8192b16ec4eb9c2f169f65c0b48e691f0a,outputs/phase5c/search/cb1_core/formal/alns_h1/CB1_CORE_S_CF1_R02/seed_530102.json,S,CF1,65,1.0000237817999174
CB1_CORE_S_CF1_R02,ALNS-H1,530103,2155.0,130.0006277640059,130.0,57.202934417990036,15593,True,cb1_core,3d97e6a3f84d930213c424a633fa9e8192b16ec4eb9c2f169f65c0b48e691f0a,outputs/phase5c/search/cb1_core/formal/alns_h1/CB1_CORE_S_CF1_R02/seed_530103.json,S,CF1,65,1.0000048289538916
CB1_CORE_S_CF1_R02,ALNS-H1,530104,2165.0,130.00520765900728,130.0,102.02903457698994,15230,True,cb1_core,3d97e6a3f84d930213c424a633fa9e8192b16ec4eb9c2f169f65c0b48e691f0a,outputs/phase5c/search/cb1_core/formal/alns_h1/CB1_CORE_S_CF1_R02/seed_530104.json,S,CF1,65,1.0000400589154406
CB1_CORE_S_CF1_R02,ALNS-H1,530105,2178.0,130.00603415301885,130.0,109.03523673801101,15343,True,cb1_core,3d97e6a3f84d930213c424a633fa9e8192b16ec4eb9c2f169f65c0b48e691f0a,outputs/phase5c/search/cb1_core/formal/alns_h1/CB1_CORE_S_CF1_R02/seed_530105.json,S,CF1,65,1.0000464165616834
CB1_CORE_S_CF1_R02,ALNS-H1,530106,2223.0,130.00303654698655,130.0,0.07696437201229855,17867,True,cb1_core,3d97e6a3f84d930213c424a633fa9e8192b16ec4eb9c2f169f65c0b48e691f0a,outputs/phase5c/search/cb1_core/formal/alns_h1/CB1_CORE_S_CF1_R02/seed_530106.json,S,CF1,65,1.0000233580537428
CB1_CORE_S_CF1_R02,ALNS-H1,530107,2180.0,130.0016192710027,130.0,101.5920501560031,17763,True,cb1_core,3d97e6a3f84d930213c424a633fa9e8192b16ec4eb9c2f169f65c0b48e691f0a,outputs/phase5c/search/cb1_core/formal/alns_h1/CB1_CORE_S_CF1_R02/seed_530107.json,S,CF1,65,1.0000124559307901
CB1_CORE_S_CF1_R02,ALNS-H1,530108,2214.0,130.007269475027,130.0,51.494654742011335,15274,True,cb1_core,3d97e6a3f84d930213c424a633fa9e8192b16ec4eb9c2f169f65c0b48e691f0a,outputs/phase5c/search/cb1_core/formal/alns_h1/CB1_CORE_S_CF1_R02/seed_530108.json,S,CF1,65,1.000055919038669
CB1_CORE_S_CF1_R02,ALNS-H1,530109,2223.0,130.00420382100856,130.0,0.08947571902535856,15240,True,cb1_core,3d97e6a3f84d930213c424a633fa9e8192b16ec4eb9c2f169f65c0b48e691f0a,outputs/phase5c/search/cb1_core/formal/alns_h1/CB1_CORE_S_CF1_R02/seed_530109.json,S,CF1,65,1.0000323370846813
CB1_CORE_S_CF1_R02,ALNS-H1,530110,2210.0,130.00718720600707,130.0,90.52016698400257,15083,True,cb1_core,3d97e6a3f84d930213c424a633fa9e8192b16ec4eb9c2f169f65c0b48e691f0a,outputs/phase5c/search/cb1_core/formal/alns_h1/CB1_CORE_S_CF1_R02/seed_530110.json,S,CF1,65,1.0000552862000545
CB1_CORE_S_CF1_R03,ALNS-H1,530101,1759.0,122.00217307900311,122.0,110.83032333798474,18297,True,cb1_core,3d97e6a3f84d930213c424a633fa9e8192b16ec4eb9c2f169f65c0b48e691f0a,outputs/phase5c/search/cb1_core/formal/alns_h1/CB1_CORE_S_CF1_R03/seed_530101.json,S,CF1,61,1.0000178121229764
CB1_CORE_S_CF1_R03,ALNS-H1,530102,1777.0,122.00881656099227,122.0,114.90739176099305,15690,True,cb1_core,3d97e6a3f84d930213c424a633fa9e8192b16ec4eb9c2f169f65c0b48e691f0a,outputs/phase5c/search/cb1_core/formal/alns_h1/CB1_CORE_S_CF1_R03/seed_530102.json,S,CF1,61,1.0000722668933792
CB1_CORE_S_CF1_R03,ALNS-H1,530103,1733.0,122.00213741700281,122.0,46.190953495999565,18461,True,cb1_core,3d97e6a3f84d930213c424a633fa9e8192b16ec4eb9c2f169f65c0b48e691f0a,outputs/phase5c/search/cb1_core/formal/alns_h1/CB1_CORE_S_CF1_R03/seed_530103.json,S,CF1,61,1.0000175198114984
CB1_CORE_S_CF1_R03,ALNS-H1,530104,1787.0,122.002241751994,122.0,74.62586194497999,16909,True,cb1_core,3d97e6a3f84d930213c424a633fa9e8192b16ec4eb9c2f169f65c0b48e691f0a,outputs/phase5c/search/cb1_core/formal/alns_h1/CB1_CORE_S_CF1_R03/seed_530104.json,S,CF1,61,1.0000183750163443
CB1_CORE_S_CF1_R03,ALNS-H1,530105,1748.0,122.00578011700418,122.0,74.8630832869967,16061,True,cb1_core,3d97e6a3f84d930213c424a633fa9e8192b16ec4eb9c2f169f65c0b48e691f0a,outputs/phase5c/search/cb1_core/formal/alns_h1/CB1_CORE_S_CF1_R03/seed_530105.json,S,CF1,61,1.000047378008231
CB1_CORE_S_CF1_R03,ALNS-H1,530106,1815.0,122.00646016502287,122.0,100.72866291800165,17876,True,cb1_core,3d97e6a3f84d930213c424a633fa9e8192b16ec4eb9c2f169f65c0b48e691f0a,outputs/phase5c/search/cb1_core/formal/alns_h1/CB1_CORE_S_CF1_R03/seed_530106.json,S,CF1,61,1.0000529521723187
CB1_CORE_S_CF1_R03,ALNS-H1,530107,1829.0,122.00504499700037,122.0,111.43795536499238,18410,True,cb1_core,3d97e6a3f84d930213c424a633fa9e8192b16ec4eb9c2f169f65c0b48e691f0a,outputs/phase5c/search/cb1_core/formal/alns_h1/CB1_CORE_S_CF1_R03/seed_530107.json,S,CF1,61,1.0000413524344292
CB1_CORE_S_CF1_R03,ALNS-H1,530108,1854.0,122.0001286379993,122.0,34.581408069992904,17920,True,cb1_core,3d97e6a3f84d930213c424a633fa9e8192b16ec4eb9c2f169f65c0b48e691f0a,outputs/phase5c/search/cb1_core/formal/alns_h1/CB1_CORE_S_CF1_R03/seed_530108.json,S,CF1,61,1.0000010544098303
CB1_CORE_S_CF1_R03,ALNS-H1,530109,1738.0,122.00407183601055,122.0,43.2608969869907,15268,True,cb1_core,3d97e6a3f84d930213c424a633fa9e8192b16ec4eb9c2f169f65c0b48e691f0a,outputs/phase5c/search/cb1_core/formal/alns_h1/CB1_CORE_S_CF1_R03/seed_530109.json,S,CF1,61,1.0000333757050046
CB1_CORE_S_CF1_R03,ALNS-H1,530110,1771.0,122.00347481001518,122.0,110.34681420601555,18804,True,cb1_core,3d97e6a3f84d930213c424a633fa9e8192b16ec4eb9c2f169f65c0b48e691f0a,outputs/phase5c/search/cb1_core/formal/alns_h1/CB1_CORE_S_CF1_R03/seed_530110.json,S,CF1,61,1.0000284820493048
CB1_CORE_S_CF1_R04,ALNS-H1,530101,2003.0,124.00753017599345,124.0,0.08401876999414526,15654,True,cb1_core,3d97e6a3f84d930213c424a633fa9e8192b16ec4eb9c2f169f65c0b48e691f0a,outputs/phase5c/search/cb1_core/formal/alns_h1/CB1_CORE_S_CF1_R04/seed_530101.json,S,CF1,62,1.0000607272257536
CB1_CORE_S_CF1_R04,ALNS-H1,530102,2003.0,124.00088055699598,124.0,0.08545969999977387,17219,True,cb1_core,3d97e6a3f84d930213c424a633fa9e8192b16ec4eb9c2f169f65c0b48e691f0a,outputs/phase5c/search/cb1_core/formal/alns_h1/CB1_CORE_S_CF1_R04/seed_530102.json,S,CF1,62,1.0000071012660967
CB1_CORE_S_CF1_R04,ALNS-H1,530103,1948.0,124.00024080899311,124.0,80.13368154299678,16949,True,cb1_core,3d97e6a3f84d930213c424a633fa9e8192b16ec4eb9c2f169f65c0b48e691f0a,outputs/phase5c/search/cb1_core/formal/alns_h1/CB1_CORE_S_CF1_R04/seed_530103.json,S,CF1,62,1.000001942008009
CB1_CORE_S_CF1_R04,ALNS-H1,530104,1994.0,124.00415978301316,124.0,1.6768972810241394,15446,True,cb1_core,3d97e6a3f84d930213c424a633fa9e8192b16ec4eb9c2f169f65c0b48e691f0a,outputs/phase5c/search/cb1_core/formal/alns_h1/CB1_CORE_S_CF1_R04/seed_530104.json,S,CF1,62,1.000033546637203
CB1_CORE_S_CF1_R04,ALNS-H1,530105,2002.0,124.00170240399893,124.0,74.53319722699234,18774,True,cb1_core,3d97e6a3f84d930213c424a633fa9e8192b16ec4eb9c2f169f65c0b48e691f0a,outputs/phase5c/search/cb1_core/formal/alns_h1/CB1_CORE_S_CF1_R04/seed_530105.json,S,CF1,62,1.0000137290645075
CB1_CORE_S_CF1_R04,ALNS-H1,530106,2003.0,124.00886620001984,124.0,0.06798861399875022,19100,True,cb1_core,3d97e6a3f84d930213c424a633fa9e8192b16ec4eb9c2f169f65c0b48e691f0a,outputs/phase5c/search/cb1_core/formal/alns_h1/CB1_CORE_S_CF1_R04/seed_530106.json,S,CF1,62,1.0000715016130632
CB1_CORE_S_CF1_R04,ALNS-H1,530107,1919.0,124.00210571399657,124.0,74.80777970701456,18684,True,cb1_core,3d97e6a3f84d930213c424a633fa9e8192b16ec4eb9c2f169f65c0b48e691f0a,outputs/phase5c/search/cb1_core/formal/alns_h1/CB1_CORE_S_CF1_R04/seed_530107.json,S,CF1,62,1.0000169815644884
CB1_CORE_S_CF1_R04,ALNS-H1,530108,1989.0,124.00233979400946,124.0,82.19231615299941,15915,True,cb1_core,3d97e6a3f84d930213c424a633fa9e8192b16ec4eb9c2f169f65c0b48e691f0a,outputs/phase5c/search/cb1_core/formal/alns_h1/CB1_CORE_S_CF1_R04/seed_530108.json,S,CF1,62,1.000018869306528
CB1_CORE_S_CF1_R04,ALNS-H1,530109,1869.0,124.00041713498649,124.0,113.54869354699622,15958,True,cb1_core,3d97e6a3f84d930213c424a633fa9e8192b16ec4eb9c2f169f65c0b48e691f0a,outputs/phase5c/search/cb1_core/formal/alns_h1/CB1_CORE_S_CF1_R04/seed_530109.json,S,CF1,62,1.0000033639918267
CB1_CORE_S_CF1_R04,ALNS-H1,530110,1900.0,124.00329251997755,124.0,66.70252227797755,16069,True,cb1_core,3d97e6a3f84d930213c424a633fa9e8192b16ec4eb9c2f169f65c0b48e691f0a,outputs/phase5c/search/cb1_core/formal/alns_h1/CB1_CORE_S_CF1_R04/seed_530110.json,S,CF1,62,1.0000265525804641
CB1_CORE_S_CF1_R05,ALNS-H1,530101,1697.0,122.00413541399757,122.0,63.90742257400416,16223,True,cb1_core,3d97e6a3f84d930213c424a633fa9e8192b16ec4eb9c2f169f65c0b48e691f0a,outputs/phase5c/search/cb1_core/formal/alns_h1/CB1_CORE_S_CF1_R05/seed_530101.json,S,CF1,61,1.0000338968360456
CB1_CORE_S_CF1_R05,ALNS-H1,530102,1668.0,122.0048390100128,122.0,119.21976005999022,16038,True,cb1_core,3d97e6a3f84d930213c424a633fa9e8192b16ec4eb9c2f169f65c0b48e691f0a,outputs/phase5c/search/cb1_core/formal/alns_h1/CB1_CORE_S_CF1_R05/seed_530102.json,S,CF1,61,1.0000396640164984
CB1_CORE_S_CF1_R05,ALNS-H1,530103,1694.0,122.00296364800306,122.0,32.85193905298365,19033,True,cb1_core,3d97e6a3f84d930213c424a633fa9e8192b16ec4eb9c2f169f65c0b48e691f0a,outputs/phase5c/search/cb1_core/formal/alns_h1/CB1_CORE_S_CF1_R05/seed_530103.json,S,CF1,61,1.0000242921967464
CB1_CORE_S_CF1_R05,ALNS-H1,530104,1700.0,122.00568420998752,122.0,24.93560362700373,16050,True,cb1_core,3d97e6a3f84d930213c424a633fa9e8192b16ec4eb9c2f169f65c0b48e691f0a,outputs/phase5c/search/cb1_core/formal/alns_h1/CB1_CORE_S_CF1_R05/seed_530104.json,S,CF1,61,1.0000465918851436
CB1_CORE_S_CF1_R05,ALNS-H1,530105,1673.0,122.00574888000847,122.0,68.8499088420067,16031,True,cb1_core,3d97e6a3f84d930213c424a633fa9e8192b16ec4eb9c2f169f65c0b48e691f0a,outputs/phase5c/search/cb1_core/formal/alns_h1/CB1_CORE_S_CF1_R05/seed_530105.json,S,CF1,61,1.0000471219672826
CB1_CORE_S_CF1_R05,ALNS-H1,530106,1717.0,122.00255576698692,122.0,97.02137427197886,16234,True,cb1_core,3d97e6a3f84d930213c424a633fa9e8192b16ec4eb9c2f169f65c0b48e691f0a,outputs/phase5c/search/cb1_core/formal/alns_h1/CB1_CORE_S_CF1_R05/seed_530106.json,S,CF1,61,1.000020948909729
CB1_CORE_S_CF1_R05,ALNS-H1,530107,1691.0,122.00431386599666,122.0,93.41850743899704,17397,True,cb1_core,3d97e6a3f84d930213c424a633fa9e8192b16ec4eb9c2f169f65c0b48e691f0a,outputs/phase5c/search/cb1_core/formal/alns_h1/CB1_CORE_S_CF1_R05/seed_530107.json,S,CF1,61,1.0000353595573497
CB1_CORE_S_CF1_R05,ALNS-H1,530108,1629.0,122.00137381002423,122.0,114.32760896300897,15959,True,cb1_core,3d97e6a3f84d930213c424a633fa9e8192b16ec4eb9c2f169f65c0b48e691f0a,outputs/phase5c/search/cb1_core/formal/alns_h1/CB1_CORE_S_CF1_R05/seed_530108.json,S,CF1,61,1.0000112607379035
CB1_CORE_S_CF1_R05,ALNS-H1,530109,1685.0,122.0051641969767,122.0,104.63846602398553,16373,True,cb1_core,3d97e6a3f84d930213c424a633fa9e8192b16ec4eb9c2f169f65c0b48e691f0a,outputs/phase5c/search/cb1_core/formal/alns_h1/CB1_CORE_S_CF1_R05/seed_530109.json,S,CF1,61,1.0000423294834155
CB1_CORE_S_CF1_R05,ALNS-H1,530110,1744.0,122.00201516901143,122.0,65.61859314699541,15806,True,cb1_core,3d97e6a3f84d930213c424a633fa9e8192b16ec4eb9c2f169f65c0b48e691f0a,outputs/phase5c/search/cb1_core/formal/alns_h1/CB1_CORE_S_CF1_R05/seed_530110.json,S,CF1,61,1.0000165177787823
CB1_CORE_S_CF2_R01,ALNS-H1,530101,1931.0,128.00612740698853,128.0,0.13139375299215317,17716,True,cb1_core,3d97e6a3f84d930213c424a633fa9e8192b16ec4eb9c2f169f65c0b48e691f0a,outputs/phase5c/search/cb1_core/formal/alns_h1/CB1_CORE_S_CF2_R01/seed_530101.json,S,CF2,64,1.0000478703670979
CB1_CORE_S_CF2_R01,ALNS-H1,530102,1934.0,128.00301677701646,128.0,0.0688581680005882,16839,True,cb1_core,3d97e6a3f84d930213c424a633fa9e8192b16ec4eb9c2f169f65c0b48e691f0a,outputs/phase5c/search/cb1_core/formal/alns_h1/CB1_CORE_S_CF2_R01/seed_530102.json,S,CF2,64,1.000023568570441
CB1_CORE_S_CF2_R01,ALNS-H1,530103,1934.0,128.00209827299113,128.0,0.078413395996904,18036,True,cb1_core,3d97e6a3f84d930213c424a633fa9e8192b16ec4eb9c2f169f65c0b48e691f0a,outputs/phase5c/search/cb1_core/formal/alns_h1/CB1_CORE_S_CF2_R01/seed_530103.json,S,CF2,64,1.0000163927577432
CB1_CORE_S_CF2_R01,ALNS-H1,530104,1934.0,128.00578648899682,128.0,0.07125769200501963,18434,True,cb1_core,3d97e6a3f84d930213c424a633fa9e8192b16ec4eb9c2f169f65c0b48e691f0a,outputs/phase5c/search/cb1_core/formal/alns_h1/CB1_CORE_S_CF2_R01/seed_530104.json,S,CF2,64,1.0000452069452876
CB1_CORE_S_CF2_R01,ALNS-H1,530105,1901.0,128.00368967099348,128.0,82.19341100999736,15200,True,cb1_core,3d97e6a3f84d930213c424a633fa9e8192b16ec4eb9c2f169f65c0b48e691f0a,outputs/phase5c/search/cb1_core/formal/alns_h1/CB1_CORE_S_CF2_R01/seed_530105.json,S,CF2,64,1.0000288255546366
CB1_CORE_S_CF2_R01,ALNS-H1,530106,1933.0,128.00517978300923,128.0,0.3479362739890348,18101,True,cb1_core,3d97e6a3f84d930213c424a633fa9e8192b16ec4eb9c2f169f65c0b48e691f0a,outputs/phase5c/search/cb1_core/formal/alns_h1/CB1_CORE_S_CF2_R01/seed_530106.json,S,CF2,64,1.0000404670547596
CB1_CORE_S_CF2_R01,ALNS-H1,530107,1934.0,128.00998482998693,128.0,0.084270438994281,15849,True,cb1_core,3d97e6a3f84d930213c424a633fa9e8192b16ec4eb9c2f169f65c0b48e691f0a,outputs/phase5c/search/cb1_core/formal/alns_h1/CB1_CORE_S_CF2_R01/seed_530107.json,S,CF2,64,1.000078006484273
CB1_CORE_S_CF2_R01,ALNS-H1,530108,1934.0,128.00650156199117,128.0,0.0717109219986014,18683,True,cb1_core,3d97e6a3f84d930213c424a633fa9e8192b16ec4eb9c2f169f65c0b48e691f0a,outputs/phase5c/search/cb1_core/formal/alns_h1/CB1_CORE_S_CF2_R01/seed_530108.json,S,CF2,64,1.000050793453056
CB1_CORE_S_CF2_R01,ALNS-H1,530109,1934.0,128.00428536802065,128.0,0.0962130959960632,15289,True,cb1_core,3d97e6a3f84d930213c424a633fa9e8192b16ec4eb9c2f169f65c0b48e691f0a,outputs/phase5c/search/cb1_core/formal/alns_h1/CB1_CORE_S_CF2_R01/seed_530109.json,S,CF2,64,1.0000334794376613
CB1_CORE_S_CF2_R01,ALNS-H1,530110,1934.0,128.00691220597946,128.0,0.08690219497657381,15488,True,cb1_core,3d97e6a3f84d930213c424a633fa9e8192b16ec4eb9c2f169f65c0b48e691f0a,outputs/phase5c/search/cb1_core/formal/alns_h1/CB1_CORE_S_CF2_R01/seed_530110.json,S,CF2,64,1.0000540016092145
CB1_CORE_S_CF2_R02,ALNS-H1,530101,1674.0,126.0072686309868,126.0,0.08792440398246981,18289,True,cb1_core,3d97e6a3f84d930213c424a633fa9e8192b16ec4eb9c2f169f65c0b48e691f0a,outputs/phase5c/search/cb1_core/formal/alns_h1/CB1_CORE_S_CF2_R02/seed_530101.json,S,CF2,63,1.0000576875475142
CB1_CORE_S_CF2_R02,ALNS-H1,530102,1674.0,126.00155433799955,126.0,0.10618137402343564,15307,True,cb1_core,3d97e6a3f84d930213c424a633fa9e8192b16ec4eb9c2f169f65c0b48e691f0a,outputs/phase5c/search/cb1_core/formal/alns_h1/CB1_CORE_S_CF2_R02/seed_530102.json,S,CF2,63,1.0000123360158695
CB1_CORE_S_CF2_R02,ALNS-H1,530103,1673.0,126.00461402599467,126.0,41.8738960440096,16087,True,cb1_core,3d97e6a3f84d930213c424a633fa9e8192b16ec4eb9c2f169f65c0b48e691f0a,outputs/phase5c/search/cb1_core/formal/alns_h1/CB1_CORE_S_CF2_R02/seed_530103.json,S,CF2,63,1.0000366192539258
CB1_CORE_S_CF2_R02,ALNS-H1,530104,1674.0,126.00451623901608,126.0,0.10848605300998315,18001,True,cb1_core,3d97e6a3f84d930213c424a633fa9e8192b16ec4eb9c2f169f65c0b48e691f0a,outputs/phase5c/search/cb1_core/formal/alns_h1/CB1_CORE_S_CF2_R02/seed_530104.json,S,CF2,63,1.0000358431667944
CB1_CORE_S_CF2_R02,ALNS-H1,530105,1674.0,126.00229911899078,126.0,0.08542269899044186,18339,True,cb1_core,3d97e6a3f84d930213c424a633fa9e8192b16ec4eb9c2f169f65c0b48e691f0a,outputs/phase5c/search/cb1_core/formal/alns_h1/CB1_CORE_S_CF2_R02/seed_530105.json,S,CF2,63,1.0000182469761172
CB1_CORE_S_CF2_R02,ALNS-H1,530106,1667.0,126.00579699900118,126.0,114.34884459801833,17150,True,cb1_core,3d97e6a3f84d930213c424a633fa9e8192b16ec4eb9c2f169f65c0b48e691f0a,outputs/phase5c/search/cb1_core/formal/alns_h1/CB1_CORE_S_CF2_R02/seed_530106.json,S,CF2,63,1.0000460079285807
CB1_CORE_S_CF2_R02,ALNS-H1,530107,1642.0,126.00295037199976,126.0,109.58521017798921,16241,True,cb1_core,3d97e6a3f84d930213c424a633fa9e8192b16ec4eb9c2f169f65c0b48e691f0a,outputs/phase5c/search/cb1_core/formal/alns_h1/CB1_CORE_S_CF2_R02/seed_530107.json,S,CF2,63,1.0000234156507917
CB1_CORE_S_CF2_R02,ALNS-H1,530108,1674.0,126.0024807729933,126.0,0.10783195000840351,15426,True,cb1_core,3d97e6a3f84d930213c424a633fa9e8192b16ec4eb9c2f169f65c0b48e691f0a,outputs/phase5c/search/cb1_core/formal/alns_h1/CB1_CORE_S_CF2_R02/seed_530108.json,S,CF2,63,1.00001968867455
CB1_CORE_S_CF2_R02,ALNS-H1,530109,1674.0,126.00305298299645,126.0,0.08823890300118364,16499,True,cb1_core,3d97e6a3f84d930213c424a633fa9e8192b16ec4eb9c2f169f65c0b48e691f0a,outputs/phase5c/search/cb1_core/formal/alns_h1/CB1_CORE_S_CF2_R02/seed_530109.json,S,CF2,63,1.0000242300237814
CB1_CORE_S_CF2_R02,ALNS-H1,530110,1674.0,126.0002314960002,126.0,0.10969357797876,15185,True,cb1_core,3d97e6a3f84d930213c424a633fa9e8192b16ec4eb9c2f169f65c0b48e691f0a,outputs/phase5c/search/cb1_core/formal/alns_h1/CB1_CORE_S_CF2_R02/seed_530110.json,S,CF2,63,1.000001837269843
CB1_CORE_S_CF2_R03,ALNS-H1,530101,1767.0,116.00104390000342,116.0,31.404683946981095,16763,True,cb1_core,3d97e6a3f84d930213c424a633fa9e8192b16ec4eb9c2f169f65c0b48e691f0a,outputs/phase5c/search/cb1_core/formal/alns_h1/CB1_CORE_S_CF2_R03/seed_530101.json,S,CF2,58,1.0000089991379606
CB1_CORE_S_CF2_R03,ALNS-H1,530102,1750.0,116.00233491597464,116.0,0.42294183699414134,16392,True,cb1_core,3d97e6a3f84d930213c424a633fa9e8192b16ec4eb9c2f169f65c0b48e691f0a,outputs/phase5c/search/cb1_core/formal/alns_h1/CB1_CORE_S_CF2_R03/seed_530102.json,S,CF2,58,1.0000201285859882
CB1_CORE_S_CF2_R03,ALNS-H1,530103,1743.0,116.00451614099438,116.0,39.25544031499885,16355,True,cb1_core,3d97e6a3f84d930213c424a633fa9e8192b16ec4eb9c2f169f65c0b48e691f0a,outputs/phase5c/search/cb1_core/formal/alns_h1/CB1_CORE_S_CF2_R03/seed_530103.json,S,CF2,58,1.0000389322499517
CB1_CORE_S_CF2_R03,ALNS-H1,530104,1661.0,116.001926285011,116.0,85.47348851000424,16395,True,cb1_core,3d97e6a3f84d930213c424a633fa9e8192b16ec4eb9c2f169f65c0b48e691f0a,outputs/phase5c/search/cb1_core/formal/alns_h1/CB1_CORE_S_CF2_R03/seed_530104.json,S,CF2,58,1.0000166059052673
CB1_CORE_S_CF2_R03,ALNS-H1,530105,1649.0,116.00390891300049,116.0,108.11193960098899,19746,True,cb1_core,3d97e6a3f84d930213c424a633fa9e8192b16ec4eb9c2f169f65c0b48e691f0a,outputs/phase5c/search/cb1_core/formal/alns_h1/CB1_CORE_S_CF2_R03/seed_530105.json,S,CF2,58,1.0000336975258663
CB1_CORE_S_CF2_R03,ALNS-H1,530106,1767.0,116.00368041501497,116.0,0.13561124599073082,18891,True,cb1_core,3d97e6a3f84d930213c424a633fa9e8192b16ec4eb9c2f169f65c0b48e691f0a,outputs/phase5c/search/cb1_core/formal/alns_h1/CB1_CORE_S_CF2_R03/seed_530106.json,S,CF2,58,1.0000317277156463
CB1_CORE_S_CF2_R03,ALNS-H1,530107,1731.0,116.00395177298924,116.0,76.78631562500959,17832,True,cb1_core,3d97e6a3f84d930213c424a633fa9e8192b16ec4eb9c2f169f65c0b48e691f0a,outputs/phase5c/search/cb1_core/formal/alns_h1/CB1_CORE_S_CF2_R03/seed_530107.json,S,CF2,58,1.000034067008528
CB1_CORE_S_CF2_R03,ALNS-H1,530108,1741.0,116.0025010269892,116.0,1.073481722996803,16616,True,cb1_core,3d97e6a3f84d930213c424a633fa9e8192b16ec4eb9c2f169f65c0b48e691f0a,outputs/phase5c/search/cb1_core/formal/alns_h1/CB1_CORE_S_CF2_R03/seed_530108.json,S,CF2,58,1.0000215605774931
CB1_CORE_S_CF2_R03,ALNS-H1,530109,1699.0,116.00091992798843,116.0,62.5048938599939,19943,True,cb1_core,3d97e6a3f84d930213c424a633fa9e8192b16ec4eb9c2f169f65c0b48e691f0a,outputs/phase5c/search/cb1_core/formal/alns_h1/CB1_CORE_S_CF2_R03/seed_530109.json,S,CF2,58,1.0000079304136933
CB1_CORE_S_CF2_R03,ALNS-H1,530110,1742.0,116.00264583298122,116.0,46.35375564699643,18894,True,cb1_core,3d97e6a3f84d930213c424a633fa9e8192b16ec4eb9c2f169f65c0b48e691f0a,outputs/phase5c/search/cb1_core/formal/alns_h1/CB1_CORE_S_CF2_R03/seed_530110.json,S,CF2,58,1.0000228089050105
CB1_CORE_S_CF2_R04,ALNS-H1,530101,1733.0,128.00127397701726,128.0,32.12398071700591,18210,True,cb1_core,3d97e6a3f84d930213c424a633fa9e8192b16ec4eb9c2f169f65c0b48e691f0a,outputs/phase5c/search/cb1_core/formal/alns_h1/CB1_CORE_S_CF2_R04/seed_530101.json,S,CF2,64,1.0000099529454474
CB1_CORE_S_CF2_R04,ALNS-H1,530102,1692.0,128.00411700599943,128.0,59.34818104299484,18235,True,cb1_core,3d97e6a3f84d930213c424a633fa9e8192b16ec4eb9c2f169f65c0b48e691f0a,outputs/phase5c/search/cb1_core/formal/alns_h1/CB1_CORE_S_CF2_R04/seed_530102.json,S,CF2,64,1.0000321641093706
CB1_CORE_S_CF2_R04,ALNS-H1,530103,1714.0,128.00251606001984,128.0,67.61849505902501,18265,True,cb1_core,3d97e6a3f84d930213c424a633fa9e8192b16ec4eb9c2f169f65c0b48e691f0a,outputs/phase5c/search/cb1_core/formal/alns_h1/CB1_CORE_S_CF2_R04/seed_530103.json,S,CF2,64,1.000019656718905
CB1_CORE_S_CF2_R04,ALNS-H1,530104,1773.0,128.00538781797513,128.0,108.03428647699184,17457,True,cb1_core,3d97e6a3f84d930213c424a633fa9e8192b16ec4eb9c2f169f65c0b48e691f0a,outputs/phase5c/search/cb1_core/formal/alns_h1/CB1_CORE_S_CF2_R04/seed_530104.json,S,CF2,64,1.0000420923279307
CB1_CORE_S_CF2_R04,ALNS-H1,530105,1820.0,128.00597255400498,128.0,0.17238976899534464,16006,True,cb1_core,3d97e6a3f84d930213c424a633fa9e8192b16ec4eb9c2f169f65c0b48e691f0a,outputs/phase5c/search/cb1_core/formal/alns_h1/CB1_CORE_S_CF2_R04/seed_530105.json,S,CF2,64,1.000046660578164
CB1_CORE_S_CF2_R04,ALNS-H1,530106,1737.0,128.00008974497905,128.0,61.054470595991006,18279,True,cb1_core,3d97e6a3f84d930213c424a633fa9e8192b16ec4eb9c2f169f65c0b48e691f0a,outputs/phase5c/search/cb1_core/formal/alns_h1/CB1_CORE_S_CF2_R04/seed_530106.json,S,CF2,64,1.0000007011326488
CB1_CORE_S_CF2_R04,ALNS-H1,530107,1653.0,128.00240768599906,128.0,93.10410055398825,15597,True,cb1_core,3d97e6a3f84d930213c424a633fa9e8192b16ec4eb9c2f169f65c0b48e691f0a,outputs/phase5c/search/cb1_core/formal/alns_h1/CB1_CORE_S_CF2_R04/seed_530107.json,S,CF2,64,1.0000188100468677
CB1_CORE_S_CF2_R04,ALNS-H1,530108,1642.0,128.00049075199058,128.0,76.69295424799202,15115,True,cb1_core,3d97e6a3f84d930213c424a633fa9e8192b16ec4eb9c2f169f65c0b48e691f0a,outputs/phase5c/search/cb1_core/formal/alns_h1/CB1_CORE_S_CF2_R04/seed_530108.json,S,CF2,64,1.0000038339999264
CB1_CORE_S_CF2_R04,ALNS-H1,530109,1796.0,128.00856703097816,128.0,122.99597491198801,15412,True,cb1_core,3d97e6a3f84d930213c424a633fa9e8192b16ec4eb9c2f169f65c0b48e691f0a,outputs/phase5c/search/cb1_core/formal/alns_h1/CB1_CORE_S_CF2_R04/seed_530109.json,S,CF2,64,1.0000669299295168
CB1_CORE_S_CF2_R04,ALNS-H1,530110,1712.0,128.0022559229983,128.0,102.4908756710065,15994,True,cb1_core,3d97e6a3f84d930213c424a633fa9e8192b16ec4eb9c2f169f65c0b48e691f0a,outputs/phase5c/search/cb1_core/formal/alns_h1/CB1_CORE_S_CF2_R04/seed_530110.json,S,CF2,64,1.0000176243984242
CB1_CORE_S_CF2_R05,ALNS-H1,530101,1621.0,118.00207415397745,118.0,69.88125403199228,16020,True,cb1_core,3d97e6a3f84d930213c424a633fa9e8192b16ec4eb9c2f169f65c0b48e691f0a,outputs/phase5c/search/cb1_core/formal/alns_h1/CB1_CORE_S_CF2_R05/seed_530101.json,S,CF2,59,1.00001757757608
CB1_CORE_S_CF2_R05,ALNS-H1,530102,1660.0,118.00577284701285,118.0,80.81358912400901,19389,True,cb1_core,3d97e6a3f84d930213c424a633fa9e8192b16ec4eb9c2f169f65c0b48e691f0a,outputs/phase5c/search/cb1_core/formal/alns_h1/CB1_CORE_S_CF2_R05/seed_530102.json,S,CF2,59,1.0000489224323124
CB1_CORE_S_CF2_R05,ALNS-H1,530103,1696.0,118.00547548598843,118.0,112.04803551299847,19025,True,cb1_core,3d97e6a3f84d930213c424a633fa9e8192b16ec4eb9c2f169f65c0b48e691f0a,outputs/phase5c/search/cb1_core/formal/alns_h1/CB1_CORE_S_CF2_R05/seed_530103.json,S,CF2,59,1.0000464024236306
CB1_CORE_S_CF2_R05,ALNS-H1,530104,1586.0,118.00110009100172,118.0,75.1306778450089,18847,True,cb1_core,3d97e6a3f84d930213c424a633fa9e8192b16ec4eb9c2f169f65c0b48e691f0a,outputs/phase5c/search/cb1_core/formal/alns_h1/CB1_CORE_S_CF2_R05/seed_530104.json,S,CF2,59,1.0000093228050992
CB1_CORE_S_CF2_R05,ALNS-H1,530105,1651.0,118.00591088901274,118.0,102.08727888701833,15790,True,cb1_core,3d97e6a3f84d930213c424a633fa9e8192b16ec4eb9c2f169f65c0b48e691f0a,outputs/phase5c/search/cb1_core/formal/alns_h1/CB1_CORE_S_CF2_R05/seed_530105.json,S,CF2,59,1.000050092279769
CB1_CORE_S_CF2_R05,ALNS-H1,530106,1685.0,118.00502933101961,118.0,70.98214466701029,15957,True,cb1_core,3d97e6a3f84d930213c424a633fa9e8192b16ec4eb9c2f169f65c0b48e691f0a,outputs/phase5c/search/cb1_core/formal/alns_h1/CB1_CORE_S_CF2_R05/seed_530106.json,S,CF2,59,1.0000426214493188
CB1_CORE_S_CF2_R05,ALNS-H1,530107,1614.0,118.00331277100486,118.0,94.87407571298536,16324,True,cb1_core,3d97e6a3f84d930213c424a633fa9e8192b16ec4eb9c2f169f65c0b48e691f0a,outputs/phase5c/search/cb1_core/formal/alns_h1/CB1_CORE_S_CF2_R05/seed_530107.json,S,CF2,59,1.0000280743305496
CB1_CORE_S_CF2_R05,ALNS-H1,530108,1633.0,118.00691816298058,118.0,33.548541712982114,15832,True,cb1_core,3d97e6a3f84d930213c424a633fa9e8192b16ec4eb9c2f169f65c0b48e691f0a,outputs/phase5c/search/cb1_core/formal/alns_h1/CB1_CORE_S_CF2_R05/seed_530108.json,S,CF2,59,1.0000586284998354
CB1_CORE_S_CF2_R05,ALNS-H1,530109,1813.0,118.00222001899965,118.0,1.1138692290114705,15700,True,cb1_core,3d97e6a3f84d930213c424a633fa9e8192b16ec4eb9c2f169f65c0b48e691f0a,outputs/phase5c/search/cb1_core/formal/alns_h1/CB1_CORE_S_CF2_R05/seed_530109.json,S,CF2,59,1.000018813720336
CB1_CORE_S_CF2_R05,ALNS-H1,530110,1721.0,118.00087058500503,118.0,6.565019850007957,15853,True,cb1_core,3d97e6a3f84d930213c424a633fa9e8192b16ec4eb9c2f169f65c0b48e691f0a,outputs/phase5c/search/cb1_core/formal/alns_h1/CB1_CORE_S_CF2_R05/seed_530110.json,S,CF2,59,1.0000073778390257
CB1_CORE_S_CF3_R01,ALNS-H1,530101,1605.0,130.00269924098393,130.0,0.2068635869945865,15138,True,cb1_core,3d97e6a3f84d930213c424a633fa9e8192b16ec4eb9c2f169f65c0b48e691f0a,outputs/phase5c/search/cb1_core/formal/alns_h1/CB1_CORE_S_CF3_R01/seed_530101.json,S,CF3,65,1.000020763392184
CB1_CORE_S_CF3_R01,ALNS-H1,530102,1639.0,130.00051851198077,130.0,0.13785791999544017,15232,True,cb1_core,3d97e6a3f84d930213c424a633fa9e8192b16ec4eb9c2f169f65c0b48e691f0a,outputs/phase5c/search/cb1_core/formal/alns_h1/CB1_CORE_S_CF3_R01/seed_530102.json,S,CF3,65,1.0000039885536982
CB1_CORE_S_CF3_R01,ALNS-H1,530103,1582.0,130.0005297010066,130.0,0.1756880310131237,18438,True,cb1_core,3d97e6a3f84d930213c424a633fa9e8192b16ec4eb9c2f169f65c0b48e691f0a,outputs/phase5c/search/cb1_core/formal/alns_h1/CB1_CORE_S_CF3_R01/seed_530103.json,S,CF3,65,1.0000040746231278
CB1_CORE_S_CF3_R01,ALNS-H1,530104,1582.0,130.00977275401237,130.0,92.83207903799484,18351,True,cb1_core,3d97e6a3f84d930213c424a633fa9e8192b16ec4eb9c2f169f65c0b48e691f0a,outputs/phase5c/search/cb1_core/formal/alns_h1/CB1_CORE_S_CF3_R01/seed_530104.json,S,CF3,65,1.0000751750308645
CB1_CORE_S_CF3_R01,ALNS-H1,530105,1639.0,130.00295797002036,130.0,0.13780168900848366,15364,True,cb1_core,3d97e6a3f84d930213c424a633fa9e8192b16ec4eb9c2f169f65c0b48e691f0a,outputs/phase5c/search/cb1_core/formal/alns_h1/CB1_CORE_S_CF3_R01/seed_530105.json,S,CF3,65,1.0000227536155413
CB1_CORE_S_CF3_R01,ALNS-H1,530106,1563.0,130.00862303300528,130.0,0.20540027398965321,15418,True,cb1_core,3d97e6a3f84d930213c424a633fa9e8192b16ec4eb9c2f169f65c0b48e691f0a,outputs/phase5c/search/cb1_core/formal/alns_h1/CB1_CORE_S_CF3_R01/seed_530106.json,S,CF3,65,1.0000663310231175
CB1_CORE_S_CF3_R01,ALNS-H1,530107,1633.0,130.00262851800653,130.0,54.21250587500981,18598,True,cb1_core,3d97e6a3f84d930213c424a633fa9e8192b16ec4eb9c2f169f65c0b48e691f0a,outputs/phase5c/search/cb1_core/formal/alns_h1/CB1_CORE_S_CF3_R01/seed_530107.json,S,CF3,65,1.000020219369281
CB1_CORE_S_CF3_R01,ALNS-H1,530108,1639.0,130.00646349799354,130.0,0.11259147501550615,18561,True,cb1_core,3d97e6a3f84d930213c424a633fa9e8192b16ec4eb9c2f169f65c0b48e691f0a,outputs/phase5c/search/cb1_core/formal/alns_h1/CB1_CORE_S_CF3_R01/seed_530108.json,S,CF3,65,1.0000497192153348
CB1_CORE_S_CF3_R01,ALNS-H1,530109,1608.0,130.00904913799604,130.0,129.31694612497813,18024,True,cb1_core,3d97e6a3f84d930213c424a633fa9e8192b16ec4eb9c2f169f65c0b48e691f0a,outputs/phase5c/search/cb1_core/formal/alns_h1/CB1_CORE_S_CF3_R01/seed_530109.json,S,CF3,65,1.0000696087538157
CB1_CORE_S_CF3_R01,ALNS-H1,530110,1639.0,130.0049551879929,130.0,0.13884559998405166,17685,True,cb1_core,3d97e6a3f84d930213c424a633fa9e8192b16ec4eb9c2f169f65c0b48e691f0a,outputs/phase5c/search/cb1_core/formal/alns_h1/CB1_CORE_S_CF3_R01/seed_530110.json,S,CF3,65,1.0000381168307146
CB1_CORE_S_CF3_R02,ALNS-H1,530101,1740.0,114.00220146100037,114.0,52.171499952994054,17104,True,cb1_core,3d97e6a3f84d930213c424a633fa9e8192b16ec4eb9c2f169f65c0b48e691f0a,outputs/phase5c/search/cb1_core/formal/alns_h1/CB1_CORE_S_CF3_R02/seed_530101.json,S,CF3,57,1.0000193110614068
CB1_CORE_S_CF3_R02,ALNS-H1,530102,1848.0,114.00577928000712,114.0,58.837361582001904,16682,True,cb1_core,3d97e6a3f84d930213c424a633fa9e8192b16ec4eb9c2f169f65c0b48e691f0a,outputs/phase5c/search/cb1_core/formal/alns_h1/CB1_CORE_S_CF3_R02/seed_530102.json,S,CF3,57,1.000050695438659
CB1_CORE_S_CF3_R02,ALNS-H1,530103,1729.0,114.00369236501865,114.0,68.89056716201594,19236,True,cb1_core,3d97e6a3f84d930213c424a633fa9e8192b16ec4eb9c2f169f65c0b48e691f0a,outputs/phase5c/search/cb1_core/formal/alns_h1/CB1_CORE_S_CF3_R02/seed_530103.json,S,CF3,57,1.0000323891668303
CB1_CORE_S_CF3_R02,ALNS-H1,530104,1802.0,114.0051782669907,114.0,21.884041564015206,16677,True,cb1_core,3d97e6a3f84d930213c424a633fa9e8192b16ec4eb9c2f169f65c0b48e691f0a,outputs/phase5c/search/cb1_core/formal/alns_h1/CB1_CORE_S_CF3_R02/seed_530104.json,S,CF3,57,1.0000454233946552
CB1_CORE_S_CF3_R02,ALNS-H1,530105,1776.0,114.00494713700027,114.0,89.87386806798168,19607,True,cb1_core,3d97e6a3f84d930213c424a633fa9e8192b16ec4eb9c2f169f65c0b48e691f0a,outputs/phase5c/search/cb1_core/formal/alns_h1/CB1_CORE_S_CF3_R02/seed_530105.json,S,CF3,57,1.0000433959385988
CB1_CORE_S_CF3_R02,ALNS-H1,530106,1817.0,114.00590293298592,114.0,74.99659677300951,16121,True,cb1_core,3d97e6a3f84d930213c424a633fa9e8192b16ec4eb9c2f169f65c0b48e691f0a,outputs/phase5c/search/cb1_core/formal/alns_h1/CB1_CORE_S_CF3_R02/seed_530106.json,S,CF3,57,1.0000517801139115
CB1_CORE_S_CF3_R02,ALNS-H1,530107,1733.0,114.00644352700328,114.0,99.35811969600036,15925,True,cb1_core,3d97e6a3f84d930213c424a633fa9e8192b16ec4eb9c2f169f65c0b48e691f0a,outputs/phase5c/search/cb1_core/formal/alns_h1/CB1_CORE_S_CF3_R02/seed_530107.json,S,CF3,57,1.0000565221666955
CB1_CORE_S_CF3_R02,ALNS-H1,530108,1816.0,114.00363250199007,114.0,109.57100859700586,16519,True,cb1_core,3d97e6a3f84d930213c424a633fa9e8192b16ec4eb9c2f169f65c0b48e691f0a,outputs/phase5c/search/cb1_core/formal/alns_h1/CB1_CORE_S_CF3_R02/seed_530108.json,S,CF3,57,1.0000318640525445
CB1_CORE_S_CF3_R02,ALNS-H1,530109,1795.0,114.00578857000801,114.0,101.8076905439957,16180,True,cb1_core,3d97e6a3f84d930213c424a633fa9e8192b16ec4eb9c2f169f65c0b48e691f0a,outputs/phase5c/search/cb1_core/formal/alns_h1/CB1_CORE_S_CF3_R02/seed_530109.json,S,CF3,57,1.0000507769298947
CB1_CORE_S_CF3_R02,ALNS-H1,530110,1779.0,114.00155696098227,114.0,59.93981124900165,19045,True,cb1_core,3d97e6a3f84d930213c424a633fa9e8192b16ec4eb9c2f169f65c0b48e691f0a,outputs/phase5c/search/cb1_core/formal/alns_h1/CB1_CORE_S_CF3_R02/seed_530110.json,S,CF3,57,1.000013657552476
CB1_CORE_S_CF3_R03,ALNS-H1,530101,1850.0,114.00530289698509,114.0,73.80696502298815,19142,True,cb1_core,3d97e6a3f84d930213c424a633fa9e8192b16ec4eb9c2f169f65c0b48e691f0a,outputs/phase5c/search/cb1_core/formal/alns_h1/CB1_CORE_S_CF3_R03/seed_530101.json,S,CF3,57,1.0000465166402202
CB1_CORE_S_CF3_R03,ALNS-H1,530102,1865.0,114.00043905599159,114.0,81.91095630801283,17699,True,cb1_core,3d97e6a3f84d930213c424a633fa9e8192b16ec4eb9c2f169f65c0b48e691f0a,outputs/phase5c/search/cb1_core/formal/alns_h1/CB1_CORE_S_CF3_R03/seed_530102.json,S,CF3,57,1.0000038513683474
CB1_CORE_S_CF3_R03,ALNS-H1,530103,1868.0,114.00669634298538,114.0,71.10398511099629,16243,True,cb1_core,3d97e6a3f84d930213c424a633fa9e8192b16ec4eb9c2f169f65c0b48e691f0a,outputs/phase5c/search/cb1_core/formal/alns_h1/CB1_CORE_S_CF3_R03/seed_530103.json,S,CF3,57,1.000058739850749
CB1_CORE_S_CF3_R03,ALNS-H1,530104,1879.0,114.00483265900402,114.0,105.74927727499744,16079,True,cb1_core,3d97e6a3f84d930213c424a633fa9e8192b16ec4eb9c2f169f65c0b48e691f0a,outputs/phase5c/search/cb1_core/formal/alns_h1/CB1_CORE_S_CF3_R03/seed_530104.json,S,CF3,57,1.0000423917456494
CB1_CORE_S_CF3_R03,ALNS-H1,530105,1871.0,114.00371069199173,114.0,82.11602171001141,17535,True,cb1_core,3d97e6a3f84d930213c424a633fa9e8192b16ec4eb9c2f169f65c0b48e691f0a,outputs/phase5c/search/cb1_core/formal/alns_h1/CB1_CORE_S_CF3_R03/seed_530105.json,S,CF3,57,1.000032549929752
CB1_CORE_S_CF3_R03,ALNS-H1,530106,1857.0,114.00200504800887,114.0,65.69057496599271,16557,True,cb1_core,3d97e6a3f84d930213c424a633fa9e8192b16ec4eb9c2f169f65c0b48e691f0a,outputs/phase5c/search/cb1_core/formal/alns_h1/CB1_CORE_S_CF3_R03/seed_530106.json,S,CF3,57,1.0000175881404287
CB1_CORE_S_CF3_R03,ALNS-H1,530107,1823.0,114.00101937600994,114.0,31.731473109015496,17483,True,cb1_core,3d97e6a3f84d930213c424a633fa9e8192b16ec4eb9c2f169f65c0b48e691f0a,outputs/phase5c/search/cb1_core/formal/alns_h1/CB1_CORE_S_CF3_R03/seed_530107.json,S,CF3,57,1.000008941894824
CB1_CORE_S_CF3_R03,ALNS-H1,530108,1913.0,114.00525624901638,114.0,52.17473743899609,16371,True,cb1_core,3d97e6a3f84d930213c424a633fa9e8192b16ec4eb9c2f169f65c0b48e691f0a,outputs/phase5c/search/cb1_core/formal/alns_h1/CB1_CORE_S_CF3_R03/seed_530108.json,S,CF3,57,1.0000461074475122
CB1_CORE_S_CF3_R03,ALNS-H1,530109,1827.0,114.00375382401398,114.0,109.67473876700387,16214,True,cb1_core,3d97e6a3f84d930213c424a633fa9e8192b16ec4eb9c2f169f65c0b48e691f0a,outputs/phase5c/search/cb1_core/formal/alns_h1/CB1_CORE_S_CF3_R03/seed_530109.json,S,CF3,57,1.0000329282808245
CB1_CORE_S_CF3_R03,ALNS-H1,530110,1874.0,114.00075991099584,114.0,90.02566156999092,17880,True,cb1_core,3d97e6a3f84d930213c424a633fa9e8192b16ec4eb9c2f169f65c0b48e691f0a,outputs/phase5c/search/cb1_core/formal/alns_h1/CB1_CORE_S_CF3_R03/seed_530110.json,S,CF3,57,1.0000066658859283
CB1_CORE_S_CF3_R04,ALNS-H1,530101,1544.0,116.0026748390228,116.0,0.10361238699988462,18417,True,cb1_core,3d97e6a3f84d930213c424a633fa9e8192b16ec4eb9c2f169f65c0b48e691f0a,outputs/phase5c/search/cb1_core/formal/alns_h1/CB1_CORE_S_CF3_R04/seed_530101.json,S,CF3,58,1.000023058957093
CB1_CORE_S_CF3_R04,ALNS-H1,530102,1544.0,116.00567721200059,116.0,0.1392568910086993,17884,True,cb1_core,3d97e6a3f84d930213c424a633fa9e8192b16ec4eb9c2f169f65c0b48e691f0a,outputs/phase5c/search/cb1_core/formal/alns_h1/CB1_CORE_S_CF3_R04/seed_530102.json,S,CF3,58,1.0000489414827638
CB1_CORE_S_CF3_R04,ALNS-H1,530103,1544.0,116.00356295701931,116.0,0.11855800900957547,16949,True,cb1_core,3d97e6a3f84d930213c424a633fa9e8192b16ec4eb9c2f169f65c0b48e691f0a,outputs/phase5c/search/cb1_core/formal/alns_h1/CB1_CORE_S_CF3_R04/seed_530103.json,S,CF3,58,1.0000307151467183
CB1_CORE_S_CF3_R04,ALNS-H1,530104,1544.0,116.00111795199336,116.0,0.11750773398671299,16667,True,cb1_core,3d97e6a3f84d930213c424a633fa9e8192b16ec4eb9c2f169f65c0b48e691f0a,outputs/phase5c/search/cb1_core/formal/alns_h1/CB1_CORE_S_CF3_R04/seed_530104.json,S,CF3,58,1.000009637517184
CB1_CORE_S_CF3_R04,ALNS-H1,530105,1544.0,116.00149282498751,116.0,0.09560824098298326,19870,True,cb1_core,3d97e6a3f84d930213c424a633fa9e8192b16ec4eb9c2f169f65c0b48e691f0a,outputs/phase5c/search/cb1_core/formal/alns_h1/CB1_CORE_S_CF3_R04/seed_530105.json,S,CF3,58,1.0000128691809267
CB1_CORE_S_CF3_R04,ALNS-H1,530106,1529.0,116.0016605790006,116.0,73.88747103099013,17976,True,cb1_core,3d97e6a3f84d930213c424a633fa9e8192b16ec4eb9c2f169f65c0b48e691f0a,outputs/phase5c/search/cb1_core/formal/alns_h1/CB1_CORE_S_CF3_R04/seed_530106.json,S,CF3,58,1.000014315336212
CB1_CORE_S_CF3_R04,ALNS-H1,530107,1544.0,116.00118682300672,116.0,0.11572044200147502,16251,True,cb1_core,3d97e6a3f84d930213c424a633fa9e8192b16ec4eb9c2f169f65c0b48e691f0a,outputs/phase5c/search/cb1_core/formal/alns_h1/CB1_CORE_S_CF3_R04/seed_530107.json,S,CF3,58,1.0000102312328165
CB1_CORE_S_CF3_R04,ALNS-H1,530108,1529.0,116.00546778299031,116.0,86.47189834498568,16655,True,cb1_core,3d97e6a3f84d930213c424a633fa9e8192b16ec4eb9c2f169f65c0b48e691f0a,outputs/phase5c/search/cb1_core/formal/alns_h1/CB1_CORE_S_CF3_R04/seed_530108.json,S,CF3,58,1.0000471360602612
CB1_CORE_S_CF3_R04,ALNS-H1,530109,1544.0,116.00524954000139,116.0,0.09599907998926938,19468,True,cb1_core,3d97e6a3f84d930213c424a633fa9e8192b16ec4eb9c2f169f65c0b48e691f0a,outputs/phase5c/search/cb1_core/formal/alns_h1/CB1_CORE_S_CF3_R04/seed_530109.json,S,CF3,58,1.0000452546551843
CB1_CORE_S_CF3_R04,ALNS-H1,530110,1544.0,116.00181758700637,116.0,0.15161024100962095,17148,True,cb1_core,3d97e6a3f84d930213c424a633fa9e8192b16ec4eb9c2f169f65c0b48e691f0a,outputs/phase5c/search/cb1_core/formal/alns_h1/CB1_CORE_S_CF3_R04/seed_530110.json,S,CF3,58,1.0000156688535031
CB1_CORE_S_CF3_R05,ALNS-H1,530101,1531.0,112.00044572300976,112.0,35.66325020199292,19629,True,cb1_core,3d97e6a3f84d930213c424a633fa9e8192b16ec4eb9c2f169f65c0b48e691f0a,outputs/phase5c/search/cb1_core/formal/alns_h1/CB1_CORE_S_CF3_R05/seed_530101.json,S,CF3,56,1.00000397966973
CB1_CORE_S_CF3_R05,ALNS-H1,530102,1627.0,112.0029337760061,112.0,0.08563914801925421,16807,True,cb1_core,3d97e6a3f84d930213c424a633fa9e8192b16ec4eb9c2f169f65c0b48e691f0a,outputs/phase5c/search/cb1_core/formal/alns_h1/CB1_CORE_S_CF3_R05/seed_530102.json,S,CF3,56,1.000026194428626
CB1_CORE_S_CF3_R05,ALNS-H1,530103,1574.0,112.00473038101336,112.0,87.00677336100489,20271,True,cb1_core,3d97e6a3f84d930213c424a633fa9e8192b16ec4eb9c2f169f65c0b48e691f0a,outputs/phase5c/search/cb1_core/formal/alns_h1/CB1_CORE_S_CF3_R05/seed_530103.json,S,CF3,56,1.0000422355447622
CB1_CORE_S_CF3_R05,ALNS-H1,530104,1620.0,112.0022311930079,112.0,0.6056276540039107,19055,True,cb1_core,3d97e6a3f84d930213c424a633fa9e8192b16ec4eb9c2f169f65c0b48e691f0a,outputs/phase5c/search/cb1_core/formal/alns_h1/CB1_CORE_S_CF3_R05/seed_530104.json,S,CF3,56,1.000019921366142
CB1_CORE_S_CF3_R05,ALNS-H1,530105,1564.0,112.00554657599423,112.0,78.72718231100589,16801,True,cb1_core,3d97e6a3f84d930213c424a633fa9e8192b16ec4eb9c2f169f65c0b48e691f0a,outputs/phase5c/search/cb1_core/formal/alns_h1/CB1_CORE_S_CF3_R05/seed_530105.json,S,CF3,56,1.0000495229999484
CB1_CORE_S_CF3_R05,ALNS-H1,530106,1627.0,112.00280826698872,112.0,0.10720747499726713,19203,True,cb1_core,3d97e6a3f84d930213c424a633fa9e8192b16ec4eb9c2f169f65c0b48e691f0a,outputs/phase5c/search/cb1_core/formal/alns_h1/CB1_CORE_S_CF3_R05/seed_530106.json,S,CF3,56,1.0000250738123992
CB1_CORE_S_CF3_R05,ALNS-H1,530107,1578.0,112.00097636299324,112.0,63.82926676099305,17675,True,cb1_core,3d97e6a3f84d930213c424a633fa9e8192b16ec4eb9c2f169f65c0b48e691f0a,outputs/phase5c/search/cb1_core/formal/alns_h1/CB1_CORE_S_CF3_R05/seed_530107.json,S,CF3,56,1.0000087175267254
CB1_CORE_S_CF3_R05,ALNS-H1,530108,1578.0,112.00473133198102,112.0,105.71792182099307,17390,True,cb1_core,3d97e6a3f84d930213c424a633fa9e8192b16ec4eb9c2f169f65c0b48e691f0a,outputs/phase5c/search/cb1_core/formal/alns_h1/CB1_CORE_S_CF3_R05/seed_530108.json,S,CF3,56,1.0000422440355448
CB1_CORE_S_CF3_R05,ALNS-H1,530109,1571.0,112.00078307499643,112.0,56.19521358999191,19830,True,cb1_core,3d97e6a3f84d930213c424a633fa9e8192b16ec4eb9c2f169f65c0b48e691f0a,outputs/phase5c/search/cb1_core/formal/alns_h1/CB1_CORE_S_CF3_R05/seed_530109.json,S,CF3,56,1.0000069917410397
CB1_CORE_S_CF3_R05,ALNS-H1,530110,1558.0,112.00447923599859,112.0,80.8852986189886,16585,True,cb1_core,3d97e6a3f84d930213c424a633fa9e8192b16ec4eb9c2f169f65c0b48e691f0a,outputs/phase5c/search/cb1_core/formal/alns_h1/CB1_CORE_S_CF3_R05/seed_530110.json,S,CF3,56,1.0000399931785589
CB1_CORE_L_CF1_R01,GA,530101,5753.0,380.0453508950013,380.0,254.24882189001073,7958,True,cb1_core,3d97e6a3f84d930213c424a633fa9e8192b16ec4eb9c2f169f65c0b48e691f0a,outputs/phase5c/search/cb1_core/formal/ga/CB1_CORE_L_CF1_R01/seed_530101.json,L,CF1,190,1.0001193444605299
CB1_CORE_L_CF1_R01,GA,530102,5561.0,380.0308413390012,380.0,379.37392276199535,8403,True,cb1_core,3d97e6a3f84d930213c424a633fa9e8192b16ec4eb9c2f169f65c0b48e691f0a,outputs/phase5c/search/cb1_core/formal/ga/CB1_CORE_L_CF1_R01/seed_530102.json,L,CF1,190,1.0000811614184242
CB1_CORE_L_CF1_R01,GA,530103,5422.0,380.0191952069872,380.0,379.358917370002,9504,True,cb1_core,3d97e6a3f84d930213c424a633fa9e8192b16ec4eb9c2f169f65c0b48e691f0a,outputs/phase5c/search/cb1_core/formal/ga/CB1_CORE_L_CF1_R01/seed_530103.json,L,CF1,190,1.000050513702598
CB1_CORE_L_CF1_R01,GA,530104,5457.0,380.0245594070002,380.0,334.49262556701433,8885,True,cb1_core,3d97e6a3f84d930213c424a633fa9e8192b16ec4eb9c2f169f65c0b48e691f0a,outputs/phase5c/search/cb1_core/formal/ga/CB1_CORE_L_CF1_R01/seed_530104.json,L,CF1,190,1.0000646300184215
CB1_CORE_L_CF1_R01,GA,530105,5400.0,380.01343426000676,380.0,374.8568347120017,9396,True,cb1_core,3d97e6a3f84d930213c424a633fa9e8192b16ec4eb9c2f169f65c0b48e691f0a,outputs/phase5c/search/cb1_core/formal/ga/CB1_CORE_L_CF1_R01/seed_530105.json,L,CF1,190,1.0000353533158073
CB1_CORE_L_CF1_R01,GA,530106,5473.0,380.04279528401094,380.0,318.1595121010032,8099,True,cb1_core,3d97e6a3f84d930213c424a633fa9e8192b16ec4eb9c2f169f65c0b48e691f0a,outputs/phase5c/search/cb1_core/formal/ga/CB1_CORE_L_CF1_R01/seed_530106.json,L,CF1,190,1.0001126191684497
CB1_CORE_L_CF1_R01,GA,530107,5631.0,380.02475887999753,380.0,352.0542547540099,8085,True,cb1_core,3d97e6a3f84d930213c424a633fa9e8192b16ec4eb9c2f169f65c0b48e691f0a,outputs/phase5c/search/cb1_core/formal/ga/CB1_CORE_L_CF1_R01/seed_530107.json,L,CF1,190,1.000065154947362
CB1_CORE_L_CF1_R01,GA,530108,5462.0,380.0277486809937,380.0,357.4887161210063,9391,True,cb1_core,3d97e6a3f84d930213c424a633fa9e8192b16ec4eb9c2f169f65c0b48e691f0a,outputs/phase5c/search/cb1_core/formal/ga/CB1_CORE_L_CF1_R01/seed_530108.json,L,CF1,190,1.00007302284472
CB1_CORE_L_CF1_R01,GA,530109,5532.0,380.00864866998745,380.0,377.26300825198996,9383,True,cb1_core,3d97e6a3f84d930213c424a633fa9e8192b16ec4eb9c2f169f65c0b48e691f0a,outputs/phase5c/search/cb1_core/formal/ga/CB1_CORE_L_CF1_R01/seed_530109.json,L,CF1,190,1.0000227596578617
CB1_CORE_L_CF1_R01,GA,530110,5414.0,380.0408979339991,380.0,358.32514682400506,8823,True,cb1_core,3d97e6a3f84d930213c424a633fa9e8192b16ec4eb9c2f169f65c0b48e691f0a,outputs/phase5c/search/cb1_core/formal/ga/CB1_CORE_L_CF1_R01/seed_530110.json,L,CF1,190,1.000107626142103
CB1_CORE_L_CF1_R02,GA,530101,6007.0,362.03759354699287,362.0,361.428218763991,8113,True,cb1_core,3d97e6a3f84d930213c424a633fa9e8192b16ec4eb9c2f169f65c0b48e691f0a,outputs/phase5c/search/cb1_core/formal/ga/CB1_CORE_L_CF1_R02/seed_530101.json,L,CF1,181,1.0001038495773285
CB1_CORE_L_CF1_R02,GA,530102,5418.0,362.02192870597355,362.0,327.0165545459895,8262,True,cb1_core,3d97e6a3f84d930213c424a633fa9e8192b16ec4eb9c2f169f65c0b48e691f0a,outputs/phase5c/search/cb1_core/formal/ga/CB1_CORE_L_CF1_R02/seed_530102.json,L,CF1,181,1.0000605765358386
CB1_CORE_L_CF1_R02,GA,530103,5457.0,362.01188219699543,362.0,340.08100634798757,9400,True,cb1_core,3d97e6a3f84d930213c424a633fa9e8192b16ec4eb9c2f169f65c0b48e691f0a,outputs/phase5c/search/cb1_core/formal/ga/CB1_CORE_L_CF1_R02/seed_530103.json,L,CF1,181,1.0000328237486062
CB1_CORE_L_CF1_R02,GA,530104,5681.0,362.00215932299034,362.0,356.15225156300585,8088,True,cb1_core,3d97e6a3f84d930213c424a633fa9e8192b16ec4eb9c2f169f65c0b48e691f0a,outputs/phase5c/search/cb1_core/formal/ga/CB1_CORE_L_CF1_R02/seed_530104.json,L,CF1,181,1.0000059649806363
CB1_CORE_L_CF1_R02,GA,530105,5512.0,362.02787182302563,362.0,360.4889523240272,9558,True,cb1_core,3d97e6a3f84d930213c424a633fa9e8192b16ec4eb9c2f169f65c0b48e691f0a,outputs/phase5c/search/cb1_core/formal/ga/CB1_CORE_L_CF1_R02/seed_530105.json,L,CF1,181,1.0000769939862586
CB1_CORE_L_CF1_R02,GA,530106,5528.0,362.0479383460188,362.0,347.38092287501786,8077,True,cb1_core,3d97e6a3f84d930213c424a633fa9e8192b16ec4eb9c2f169f65c0b48e691f0a,outputs/phase5c/search/cb1_core/formal/ga/CB1_CORE_L_CF1_R02/seed_530106.json,L,CF1,181,1.0001324263702176
CB1_CORE_L_CF1_R02,GA,530107,5387.0,362.03558913499,362.0,343.95776391398977,8792,True,cb1_core,3d97e6a3f84d930213c424a633fa9e8192b16ec4eb9c2f169f65c0b48e691f0a,outputs/phase5c/search/cb1_core/formal/ga/CB1_CORE_L_CF1_R02/seed_530107.json,L,CF1,181,1.0000983125275966
CB1_CORE_L_CF1_R02,GA,530108,5434.0,362.0276526400121,362.0,338.61961727699963,8658,True,cb1_core,3d97e6a3f84d930213c424a633fa9e8192b16ec4eb9c2f169f65c0b48e691f0a,outputs/phase5c/search/cb1_core/formal/ga/CB1_CORE_L_CF1_R02/seed_530108.json,L,CF1,181,1.0000763885083206
CB1_CORE_L_CF1_R02,GA,530109,5441.0,362.01406048898934,362.0,356.03531108098105,8815,True,cb1_core,3d97e6a3f84d930213c424a633fa9e8192b16ec4eb9c2f169f65c0b48e691f0a,outputs/phase5c/search/cb1_core/formal/ga/CB1_CORE_L_CF1_R02/seed_530109.json,L,CF1,181,1.000038841129805
CB1_CORE_L_CF1_R02,GA,530110,5734.0,362.00433088000864,362.0,355.57963085299707,8171,True,cb1_core,3d97e6a3f84d930213c424a633fa9e8192b16ec4eb9c2f169f65c0b48e691f0a,outputs/phase5c/search/cb1_core/formal/ga/CB1_CORE_L_CF1_R02/seed_530110.json,L,CF1,181,1.00001196375693
CB1_CORE_L_CF1_R03,GA,530101,4694.0,346.040035049984,346.0,340.00102376699215,8575,True,cb1_core,3d97e6a3f84d930213c424a633fa9e8192b16ec4eb9c2f169f65c0b48e691f0a,outputs/phase5c/search/cb1_core/formal/ga/CB1_CORE_L_CF1_R03/seed_530101.json,L,CF1,173,1.000115708236948
CB1_CORE_L_CF1_R03,GA,530102,4581.0,346.00886972100125,346.0,343.9891267250059,9015,True,cb1_core,3d97e6a3f84d930213c424a633fa9e8192b16ec4eb9c2f169f65c0b48e691f0a,outputs/phase5c/search/cb1_core/formal/ga/CB1_CORE_L_CF1_R03/seed_530102.json,L,CF1,173,1.0000256350317955
CB1_CORE_L_CF1_R03,GA,530103,4628.0,346.0289765520138,346.0,297.9307074000244,9927,True,cb1_core,3d97e6a3f84d930213c424a633fa9e8192b16ec4eb9c2f169f65c0b48e691f0a,outputs/phase5c/search/cb1_core/formal/ga/CB1_CORE_L_CF1_R03/seed_530103.json,L,CF1,173,1.0000837472601554
CB1_CORE_L_CF1_R03,GA,530104,4746.0,346.032557707018,346.0,339.49536339301267,8607,True,cb1_core,3d97e6a3f84d930213c424a633fa9e8192b16ec4eb9c2f169f65c0b48e691f0a,outputs/phase5c/search/cb1_core/formal/ga/CB1_CORE_L_CF1_R03/seed_530104.json,L,CF1,173,1.000094097419127
CB1_CORE_L_CF1_R03,GA,530105,4602.0,346.0226525100006,346.0,292.9375401790021,9861,True,cb1_core,3d97e6a3f84d930213c424a633fa9e8192b16ec4eb9c2f169f65c0b48e691f0a,outputs/phase5c/search/cb1_core/formal/ga/CB1_CORE_L_CF1_R03/seed_530105.json,L,CF1,173,1.0000654696820828
CB1_CORE_L_CF1_R03,GA,530106,4950.0,346.0030665649974,346.0,283.9157513550017,9441,True,cb1_core,3d97e6a3f84d930213c424a633fa9e8192b16ec4eb9c2f169f65c0b48e691f0a,outputs/phase5c/search/cb1_core/formal/ga/CB1_CORE_L_CF1_R03/seed_530106.json,L,CF1,173,1.0000088629046169
CB1_CORE_L_CF1_R03,GA,530107,4771.0,346.0203839009919,346.0,299.85822521999944,8553,True,cb1_core,3d97e6a3f84d930213c424a633fa9e8192b16ec4eb9c2f169f65c0b48e691f0a,outputs/phase5c/search/cb1_core/formal/ga/CB1_CORE_L_CF1_R03/seed_530107.json,L,CF1,173,1.000058913008647
CB1_CORE_L_CF1_R03,GA,530108,5050.0,346.02620899898466,346.0,319.01289609700325,8585,True,cb1_core,3d97e6a3f84d930213c424a633fa9e8192b16ec4eb9c2f169f65c0b48e691f0a,outputs/phase5c/search/cb1_core/formal/ga/CB1_CORE_L_CF1_R03/seed_530108.json,L,CF1,173,1.0000757485519787
CB1_CORE_L_CF1_R03,GA,530109,5121.0,346.0248793499777,346.0,221.0643246480031,8609,True,cb1_core,3d97e6a3f84d930213c424a633fa9e8192b16ec4eb9c2f169f65c0b48e691f0a,outputs/phase5c/search/cb1_core/formal/ga/CB1_CORE_L_CF1_R03/seed_530109.json,L,CF1,173,1.0000719056357736
CB1_CORE_L_CF1_R03,GA,530110,4863.0,346.006789845007,346.0,333.85206080801436,10168,True,cb1_core,3d97e6a3f84d930213c424a633fa9e8192b16ec4eb9c2f169f65c0b48e691f0a,outputs/phase5c/search/cb1_core/formal/ga/CB1_CORE_L_CF1_R03/seed_530110.json,L,CF1,173,1.0000196238295
CB1_CORE_L_CF1_R04,GA,530101,4264.0,344.00683889799984,344.0,181.1222110890085,9883,True,cb1_core,3d97e6a3f84d930213c424a633fa9e8192b16ec4eb9c2f169f65c0b48e691f0a,outputs/phase5c/search/cb1_core/formal/ga/CB1_CORE_L_CF1_R04/seed_530101.json,L,CF1,172,1.0000198805174414
CB1_CORE_L_CF1_R04,GA,530102,4037.0,344.0302401529916,344.0,336.1954433360079,9052,True,cb1_core,3d97e6a3f84d930213c424a633fa9e8192b16ec4eb9c2f169f65c0b48e691f0a,outputs/phase5c/search/cb1_core/formal/ga/CB1_CORE_L_CF1_R04/seed_530102.json,L,CF1,172,1.0000879074214872
CB1_CORE_L_CF1_R04,GA,530103,4255.0,344.01358278500265,344.0,341.48957483598497,9204,True,cb1_core,3d97e6a3f84d930213c424a633fa9e8192b16ec4eb9c2f169f65c0b48e691f0a,outputs/phase5c/search/cb1_core/formal/ga/CB1_CORE_L_CF1_R04/seed_530103.json,L,CF1,172,1.000039484840124
CB1_CORE_L_CF1_R04,GA,530104,4092.0,344.0233588080155,344.0,327.4714095630043,9697,True,cb1_core,3d97e6a3f84d930213c424a633fa9e8192b16ec4eb9c2f169f65c0b48e691f0a,outputs/phase5c/search/cb1_core/formal/ga/CB1_CORE_L_CF1_R04/seed_530104.json,L,CF1,172,1.0000679035116729
CB1_CORE_L_CF1_R04,GA,530105,4097.0,344.02040978800505,344.0,284.64235045202076,9921,True,cb1_core,3d97e6a3f84d930213c424a633fa9e8192b16ec4eb9c2f169f65c0b48e691f0a,outputs/phase5c/search/cb1_core/formal/ga/CB1_CORE_L_CF1_R04/seed_530105.json,L,CF1,172,1.0000593307790844
CB1_CORE_L_CF1_R04,GA,530106,4020.0,344.01423931497266,344.0,279.10330272698775,8525,True,cb1_core,3d97e6a3f84d930213c424a633fa9e8192b16ec4eb9c2f169f65c0b48e691f0a,outputs/phase5c/search/cb1_core/formal/ga/CB1_CORE_L_CF1_R04/seed_530106.json,L,CF1,172,1.0000413933574785
CB1_CORE_L_CF1_R04,GA,530107,4116.0,344.03180837098625,344.0,319.8262081219873,8552,True,cb1_core,3d97e6a3f84d930213c424a633fa9e8192b16ec4eb9c2f169f65c0b48e691f0a,outputs/phase5c/search/cb1_core/formal/ga/CB1_CORE_L_CF1_R04/seed_530107.json,L,CF1,172,1.0000924661947275
CB1_CORE_L_CF1_R04,GA,530108,4011.0,344.02257566398475,344.0,278.0366150699847,8311,True,cb1_core,3d97e6a3f84d930213c424a633fa9e8192b16ec4eb9c2f169f65c0b48e691f0a,outputs/phase5c/search/cb1_core/formal/ga/CB1_CORE_L_CF1_R04/seed_530108.json,L,CF1,172,1.0000656269301882
CB1_CORE_L_CF1_R04,GA,530109,4192.0,344.01408493699273,344.0,192.57248571299715,9911,True,cb1_core,3d97e6a3f84d930213c424a633fa9e8192b16ec4eb9c2f169f65c0b48e691f0a,outputs/phase5c/search/cb1_core/formal/ga/CB1_CORE_L_CF1_R04/seed_530109.json,L,CF1,172,1.0000409445842813
CB1_CORE_L_CF1_R04,GA,530110,4363.0,344.03571015500347,344.0,277.29508254499524,8517,True,cb1_core,3d97e6a3f84d930213c424a633fa9e8192b16ec4eb9c2f169f65c0b48e691f0a,outputs/phase5c/search/cb1_core/formal/ga/CB1_CORE_L_CF1_R04/seed_530110.json,L,CF1,172,1.0001038085901264
CB1_CORE_L_CF1_R05,GA,530101,4629.0,342.0277397519967,342.0,338.4466584860056,10191,True,cb1_core,3d97e6a3f84d930213c424a633fa9e8192b16ec4eb9c2f169f65c0b48e691f0a,outputs/phase5c/search/cb1_core/formal/ga/CB1_CORE_L_CF1_R05/seed_530101.json,L,CF1,171,1.0000811103859553
CB1_CORE_L_CF1_R05,GA,530102,4667.0,342.0204839800135,342.0,333.0003075110144,8682,True,cb1_core,3d97e6a3f84d930213c424a633fa9e8192b16ec4eb9c2f169f65c0b48e691f0a,outputs/phase5c/search/cb1_core/formal/ga/CB1_CORE_L_CF1_R05/seed_530102.json,L,CF1,171,1.000059894678402
CB1_CORE_L_CF1_R05,GA,530103,4783.0,342.01767522699083,342.0,340.49864621899906,10018,True,cb1_core,3d97e6a3f84d930213c424a633fa9e8192b16ec4eb9c2f169f65c0b48e691f0a,outputs/phase5c/search/cb1_core/formal/ga/CB1_CORE_L_CF1_R05/seed_530103.json,L,CF1,171,1.0000516819502656
CB1_CORE_L_CF1_R05,GA,530104,4952.0,342.0159507589997,342.0,336.4496303170163,8640,True,cb1_core,3d97e6a3f84d930213c424a633fa9e8192b16ec4eb9c2f169f65c0b48e691f0a,outputs/phase5c/search/cb1_core/formal/ga/CB1_CORE_L_CF1_R05/seed_530104.json,L,CF1,171,1.000046639646198
CB1_CORE_L_CF1_R05,GA,530105,4554.0,342.0130433309823,342.0,340.34164107899414,10045,True,cb1_core,3d97e6a3f84d930213c424a633fa9e8192b16ec4eb9c2f169f65c0b48e691f0a,outputs/phase5c/search/cb1_core/formal/ga/CB1_CORE_L_CF1_R05/seed_530105.json,L,CF1,171,1.0000381383946852
CB1_CORE_L_CF1_R05,GA,530106,5111.0,342.03516879098606,342.0,322.1008275510103,8510,True,cb1_core,3d97e6a3f84d930213c424a633fa9e8192b16ec4eb9c2f169f65c0b48e691f0a,outputs/phase5c/search/cb1_core/formal/ga/CB1_CORE_L_CF1_R05/seed_530106.json,L,CF1,171,1.0001028327221815
CB1_CORE_L_CF1_R05,GA,530107,4765.0,342.0339016530197,342.0,331.75616419201833,8653,True,cb1_core,3d97e6a3f84d930213c424a633fa9e8192b16ec4eb9c2f169f65c0b48e691f0a,outputs/phase5c/search/cb1_core/formal/ga/CB1_CORE_L_CF1_R05/seed_530107.json,L,CF1,171,1.0000991276404085
CB1_CORE_L_CF1_R05,GA,530108,4693.0,342.01768811800866,342.0,335.01876096901833,8518,True,cb1_core,3d97e6a3f84d930213c424a633fa9e8192b16ec4eb9c2f169f65c0b48e691f0a,outputs/phase5c/search/cb1_core/formal/ga/CB1_CORE_L_CF1_R05/seed_530108.json,L,CF1,171,1.0000517196433
CB1_CORE_L_CF1_R05,GA,530109,4934.0,342.0319231470057,342.0,337.2911347259942,9811,True,cb1_core,3d97e6a3f84d930213c424a633fa9e8192b16ec4eb9c2f169f65c0b48e691f0a,outputs/phase5c/search/cb1_core/formal/ga/CB1_CORE_L_CF1_R05/seed_530109.json,L,CF1,171,1.0000933425351044
CB1_CORE_L_CF1_R05,GA,530110,4862.0,342.0089525980002,342.0,338.4968018030049,9922,True,cb1_core,3d97e6a3f84d930213c424a633fa9e8192b16ec4eb9c2f169f65c0b48e691f0a,outputs/phase5c/search/cb1_core/formal/ga/CB1_CORE_L_CF1_R05/seed_530110.json,L,CF1,171,1.000026177187135
CB1_CORE_L_CF2_R01,GA,530101,5401.0,390.00671962299384,390.0,388.99516346200835,7939,True,cb1_core,3d97e6a3f84d930213c424a633fa9e8192b16ec4eb9c2f169f65c0b48e691f0a,outputs/phase5c/search/cb1_core/formal/ga/CB1_CORE_L_CF2_R01/seed_530101.json,L,CF2,195,1.0000172298025483
CB1_CORE_L_CF2_R01,GA,530102,5405.0,390.0148248979822,390.0,379.45923683498404,8934,True,cb1_core,3d97e6a3f84d930213c424a633fa9e8192b16ec4eb9c2f169f65c0b48e691f0a,outputs/phase5c/search/cb1_core/formal/ga/CB1_CORE_L_CF2_R01/seed_530102.json,L,CF2,195,1.0000380125589288
CB1_CORE_L_CF2_R01,GA,530103,5409.0,390.0256098359823,390.0,374.3753493090044,7765,True,cb1_core,3d97e6a3f84d930213c424a633fa9e8192b16ec4eb9c2f169f65c0b48e691f0a,outputs/phase5c/search/cb1_core/formal/ga/CB1_CORE_L_CF2_R01/seed_530103.json,L,CF2,195,1.0000656662461085
CB1_CORE_L_CF2_R01,GA,530104,5535.0,390.0450541129976,390.0,319.0449753770081,7890,True,cb1_core,3d97e6a3f84d930213c424a633fa9e8192b16ec4eb9c2f169f65c0b48e691f0a,outputs/phase5c/search/cb1_core/formal/ga/CB1_CORE_L_CF2_R01/seed_530104.json,L,CF2,195,1.0001155233666605
CB1_CORE_L_CF2_R01,GA,530105,5513.0,390.0101566769881,390.0,382.2573356689827,7931,True,cb1_core,3d97e6a3f84d930213c424a633fa9e8192b16ec4eb9c2f169f65c0b48e691f0a,outputs/phase5c/search/cb1_core/formal/ga/CB1_CORE_L_CF2_R01/seed_530105.json,L,CF2,195,1.000026042761508
CB1_CORE_L_CF2_R01,GA,530106,5696.0,390.0033863479912,390.0,327.363746344985,7866,True,cb1_core,3d97e6a3f84d930213c424a633fa9e8192b16ec4eb9c2f169f65c0b48e691f0a,outputs/phase5c/search/cb1_core/formal/ga/CB1_CORE_L_CF2_R01/seed_530106.json,L,CF2,195,1.000008682943567
CB1_CORE_L_CF2_R01,GA,530107,5810.0,390.03174998800387,390.0,370.49123548102216,9097,True,cb1_core,3d97e6a3f84d930213c424a633fa9e8192b16ec4eb9c2f169f65c0b48e691f0a,outputs/phase5c/search/cb1_core/formal/ga/CB1_CORE_L_CF2_R01/seed_530107.json,L,CF2,195,1.000081410225651
CB1_CORE_L_CF2_R01,GA,530108,5700.0,390.0341430750268,390.0,367.29274648000137,9157,True,cb1_core,3d97e6a3f84d930213c424a633fa9e8192b16ec4eb9c2f169f65c0b48e691f0a,outputs/phase5c/search/cb1_core/formal/ga/CB1_CORE_L_CF2_R01/seed_530108.json,L,CF2,195,1.0000875463462227
CB1_CORE_L_CF2_R01,GA,530109,5568.0,390.0188723439933,390.0,321.76509051499306,7799,True,cb1_core,3d97e6a3f84d930213c424a633fa9e8192b16ec4eb9c2f169f65c0b48e691f0a,outputs/phase5c/search/cb1_core/formal/ga/CB1_CORE_L_CF2_R01/seed_530109.json,L,CF2,195,1.000048390625624
CB1_CORE_L_CF2_R01,GA,530110,5352.0,390.02431764197536,390.0,382.24162609898485,9035,True,cb1_core,3d97e6a3f84d930213c424a633fa9e8192b16ec4eb9c2f169f65c0b48e691f0a,outputs/phase5c/search/cb1_core/formal/ga/CB1_CORE_L_CF2_R01/seed_530110.json,L,CF2,195,1.000062352928142
CB1_CORE_L_CF2_R02,GA,530101,4998.0,366.02318749498227,366.0,356.36660722398665,8082,True,cb1_core,3d97e6a3f84d930213c424a633fa9e8192b16ec4eb9c2f169f65c0b48e691f0a,outputs/phase5c/search/cb1_core/formal/ga/CB1_CORE_L_CF2_R02/seed_530101.json,L,CF2,183,1.000063353811427
CB1_CORE_L_CF2_R02,GA,530102,4977.0,366.03161329298746,366.0,346.7519549439894,9434,True,cb1_core,3d97e6a3f84d930213c424a633fa9e8192b16ec4eb9c2f169f65c0b48e691f0a,outputs/phase5c/search/cb1_core/formal/ga/CB1_CORE_L_CF2_R02/seed_530102.json,L,CF2,183,1.000086375117452
CB1_CORE_L_CF2_R02,GA,530103,4690.0,366.02710605299217,366.0,349.33541097998386,9146,True,cb1_core,3d97e6a3f84d930213c424a633fa9e8192b16ec4eb9c2f169f65c0b48e691f0a,outputs/phase5c/search/cb1_core/formal/ga/CB1_CORE_L_CF2_R02/seed_530103.json,L,CF2,183,1.000074060254077
CB1_CORE_L_CF2_R02,GA,530104,5167.0,366.0424775989959,366.0,347.292144860985,7958,True,cb1_core,3d97e6a3f84d930213c424a633fa9e8192b16ec4eb9c2f169f65c0b48e691f0a,outputs/phase5c/search/cb1_core/formal/ga/CB1_CORE_L_CF2_R02/seed_530104.json,L,CF2,183,1.00011605901365
CB1_CORE_L_CF2_R02,GA,530105,4850.0,366.01319445401896,366.0,364.9725902600039,8151,True,cb1_core,3d97e6a3f84d930213c424a633fa9e8192b16ec4eb9c2f169f65c0b48e691f0a,outputs/phase5c/search/cb1_core/formal/ga/CB1_CORE_L_CF2_R02/seed_530105.json,L,CF2,183,1.0000360504208168
CB1_CORE_L_CF2_R02,GA,530106,5020.0,366.0339316439931,366.0,365.02725025999825,8168,True,cb1_core,3d97e6a3f84d930213c424a633fa9e8192b16ec4eb9c2f169f65c0b48e691f0a,outputs/phase5c/search/cb1_core/formal/ga/CB1_CORE_L_CF2_R02/seed_530106.json,L,CF2,183,1.0000927094098173
CB1_CORE_L_CF2_R02,GA,530107,5051.0,366.0264211810136,366.0,241.85438410402276,9519,True,cb1_core,3d97e6a3f84d930213c424a633fa9e8192b16ec4eb9c2f169f65c0b48e691f0a,outputs/phase5c/search/cb1_core/formal/ga/CB1_CORE_L_CF2_R02/seed_530107.json,L,CF2,183,1.0000721890191628
CB1_CORE_L_CF2_R02,GA,530108,4730.0,366.00821549401735,366.0,327.60177984501934,7887,True,cb1_core,3d97e6a3f84d930213c424a633fa9e8192b16ec4eb9c2f169f65c0b48e691f0a,outputs/phase5c/search/cb1_core/formal/ga/CB1_CORE_L_CF2_R02/seed_530108.json,L,CF2,183,1.0000224467049654
CB1_CORE_L_CF2_R02,GA,530109,4811.0,366.0215468449751,366.0,319.64996793397586,9353,True,cb1_core,3d97e6a3f84d930213c424a633fa9e8192b16ec4eb9c2f169f65c0b48e691f0a,outputs/phase5c/search/cb1_core/formal/ga/CB1_CORE_L_CF2_R02/seed_530109.json,L,CF2,183,1.0000588711611342
CB1_CORE_L_CF2_R02,GA,530110,4864.0,366.0087773830164,366.0,357.23165586800314,8057,True,cb1_core,3d97e6a3f84d930213c424a633fa9e8192b16ec4eb9c2f169f65c0b48e691f0a,outputs/phase5c/search/cb1_core/formal/ga/CB1_CORE_L_CF2_R02/seed_530110.json,L,CF2,183,1.0000239819208099
CB1_CORE_L_CF2_R03,GA,530101,4823.0,368.0016370959929,368.0,338.849596983986,9336,True,cb1_core,3d97e6a3f84d930213c424a633fa9e8192b16ec4eb9c2f169f65c0b48e691f0a,outputs/phase5c/search/cb1_core/formal/ga/CB1_CORE_L_CF2_R03/seed_530101.json,L,CF2,184,1.0000044486304156
CB1_CORE_L_CF2_R03,GA,530102,4485.0,368.038732963003,368.0,350.5362361980078,8011,True,cb1_core,3d97e6a3f84d930213c424a633fa9e8192b16ec4eb9c2f169f65c0b48e691f0a,outputs/phase5c/search/cb1_core/formal/ga/CB1_CORE_L_CF2_R03/seed_530102.json,L,CF2,184,1.000105252616856
CB1_CORE_L_CF2_R03,GA,530103,4439.0,368.0291439279972,368.0,365.3260753299983,9333,True,cb1_core,3d97e6a3f84d930213c424a633fa9e8192b16ec4eb9c2f169f65c0b48e691f0a,outputs/phase5c/search/cb1_core/formal/ga/CB1_CORE_L_CF2_R03/seed_530103.json,L,CF2,184,1.0000791954565142
CB1_CORE_L_CF2_R03,GA,530104,4256.0,368.0363124680007,368.0,358.37213294999674,7914,True,cb1_core,3d97e6a3f84d930213c424a633fa9e8192b16ec4eb9c2f169f65c0b48e691f0a,outputs/phase5c/search/cb1_core/formal/ga/CB1_CORE_L_CF2_R03/seed_530104.json,L,CF2,184,1.0000986751847845
CB1_CORE_L_CF2_R03,GA,530105,4307.0,368.03888598497724,368.0,325.1343600669934,8031,True,cb1_core,3d97e6a3f84d930213c424a633fa9e8192b16ec4eb9c2f169f65c0b48e691f0a,outputs/phase5c/search/cb1_core/formal/ga/CB1_CORE_L_CF2_R03/seed_530105.json,L,CF2,184,1.000105668437438
CB1_CORE_L_CF2_R03,GA,530106,4178.0,368.029441029008,368.0,315.05025162699167,7945,True,cb1_core,3d97e6a3f84d930213c424a633fa9e8192b16ec4eb9c2f169f65c0b48e691f0a,outputs/phase5c/search/cb1_core/formal/ga/CB1_CORE_L_CF2_R03/seed_530106.json,L,CF2,184,1.0000800027962173
CB1_CORE_L_CF2_R03,GA,530107,4517.0,368.03459077101434,368.0,236.36839565401897,9356,True,cb1_core,3d97e6a3f84d930213c424a633fa9e8192b16ec4eb9c2f169f65c0b48e691f0a,outputs/phase5c/search/cb1_core/formal/ga/CB1_CORE_L_CF2_R03/seed_530107.json,L,CF2,184,1.000093996660365
CB1_CORE_L_CF2_R03,GA,530108,4414.0,368.03877697201096,368.0,362.59927821101155,8647,True,cb1_core,3d97e6a3f84d930213c424a633fa9e8192b16ec4eb9c2f169f65c0b48e691f0a,outputs/phase5c/search/cb1_core/formal/ga/CB1_CORE_L_CF2_R03/seed_530108.json,L,CF2,184,1.0001053722065516
CB1_CORE_L_CF2_R03,GA,530109,4311.0,368.0061640620115,368.0,361.1536681370053,8078,True,cb1_core,3d97e6a3f84d930213c424a633fa9e8192b16ec4eb9c2f169f65c0b48e691f0a,outputs/phase5c/search/cb1_core/formal/ga/CB1_CORE_L_CF2_R03/seed_530109.json,L,CF2,184,1.0000167501685095
CB1_CORE_L_CF2_R03,GA,530110,4470.0,368.00434574700193,368.0,259.553863987996,9301,True,cb1_core,3d97e6a3f84d930213c424a633fa9e8192b16ec4eb9c2f169f65c0b48e691f0a,outputs/phase5c/search/cb1_core/formal/ga/CB1_CORE_L_CF2_R03/seed_530110.json,L,CF2,184,1.000011809095114
CB1_CORE_L_CF2_R04,GA,530101,3819.0,330.0253607350169,330.0,251.4264532570087,8606,True,cb1_core,3d97e6a3f84d930213c424a633fa9e8192b16ec4eb9c2f169f65c0b48e691f0a,outputs/phase5c/search/cb1_core/formal/ga/CB1_CORE_L_CF2_R04/seed_530101.json,L,CF2,165,1.0000768507121724
CB1_CORE_L_CF2_R04,GA,530102,3869.0,330.00788143099635,330.0,294.27353904000483,8674,True,cb1_core,3d97e6a3f84d930213c424a633fa9e8192b16ec4eb9c2f169f65c0b48e691f0a,outputs/phase5c/search/cb1_core/formal/ga/CB1_CORE_L_CF2_R04/seed_530102.json,L,CF2,165,1.0000238831242314
CB1_CORE_L_CF2_R04,GA,530103,3721.0,330.020177125989,330.0,320.73503888599225,8657,True,cb1_core,3d97e6a3f84d930213c424a633fa9e8192b16ec4eb9c2f169f65c0b48e691f0a,outputs/phase5c/search/cb1_core/formal/ga/CB1_CORE_L_CF2_R04/seed_530103.json,L,CF2,165,1.0000611428060273
CB1_CORE_L_CF2_R04,GA,530104,4032.0,330.0111230100156,330.0,306.2930392390117,9620,True,cb1_core,3d97e6a3f84d930213c424a633fa9e8192b16ec4eb9c2f169f65c0b48e691f0a,outputs/phase5c/search/cb1_core/formal/ga/CB1_CORE_L_CF2_R04/seed_530104.json,L,CF2,165,1.0000337060909563
CB1_CORE_L_CF2_R04,GA,530105,4154.0,330.01826969499234,330.0,327.87342722300673,8791,True,cb1_core,3d97e6a3f84d930213c424a633fa9e8192b16ec4eb9c2f169f65c0b48e691f0a,outputs/phase5c/search/cb1_core/formal/ga/CB1_CORE_L_CF2_R04/seed_530105.json,L,CF2,165,1.000055362712098
CB1_CORE_L_CF2_R04,GA,530106,4162.0,330.0137854779896,330.0,157.6764016369998,10141,True,cb1_core,3d97e6a3f84d930213c424a633fa9e8192b16ec4eb9c2f169f65c0b48e691f0a,outputs/phase5c/search/cb1_core/formal/ga/CB1_CORE_L_CF2_R04/seed_530106.json,L,CF2,165,1.000041774175726
CB1_CORE_L_CF2_R04,GA,530107,3568.0,330.0173481320089,330.0,328.308632100001,9419,True,cb1_core,3d97e6a3f84d930213c424a633fa9e8192b16ec4eb9c2f169f65c0b48e691f0a,outputs/phase5c/search/cb1_core/formal/ga/CB1_CORE_L_CF2_R04/seed_530107.json,L,CF2,165,1.0000525700969967
CB1_CORE_L_CF2_R04,GA,530108,3684.0,330.01301334801246,330.0,329.2148158790078,8629,True,cb1_core,3d97e6a3f84d930213c424a633fa9e8192b16ec4eb9c2f169f65c0b48e691f0a,outputs/phase5c/search/cb1_core/formal/ga/CB1_CORE_L_CF2_R04/seed_530108.json,L,CF2,165,1.0000394343879166
CB1_CORE_L_CF2_R04,GA,530109,4294.0,330.00721695800894,330.0,212.15050940201036,10478,True,cb1_core,3d97e6a3f84d930213c424a633fa9e8192b16ec4eb9c2f169f65c0b48e691f0a,outputs/phase5c/search/cb1_core/formal/ga/CB1_CORE_L_CF2_R04/seed_530109.json,L,CF2,165,1.000021869569724
CB1_CORE_L_CF2_R04,GA,530110,3876.0,330.024779762025,330.0,326.8838041240233,10283,True,cb1_core,3d97e6a3f84d930213c424a633fa9e8192b16ec4eb9c2f169f65c0b48e691f0a,outputs/phase5c/search/cb1_core/formal/ga/CB1_CORE_L_CF2_R04/seed_530110.json,L,CF2,165,1.0000750901879545
CB1_CORE_L_CF2_R05,GA,530101,4964.0,358.0137312350271,358.0,355.8856414480251,8349,True,cb1_core,3d97e6a3f84d930213c424a633fa9e8192b16ec4eb9c2f169f65c0b48e691f0a,outputs/phase5c/search/cb1_core/formal/ga/CB1_CORE_L_CF2_R05/seed_530101.json,L,CF2,179,1.0000383554051036
CB1_CORE_L_CF2_R05,GA,530102,5169.0,358.01899829201284,358.0,347.40141800700803,9773,True,cb1_core,3d97e6a3f84d930213c424a633fa9e8192b16ec4eb9c2f169f65c0b48e691f0a,outputs/phase5c/search/cb1_core/formal/ga/CB1_CORE_L_CF2_R05/seed_530102.json,L,CF2,179,1.0000530678547845
CB1_CORE_L_CF2_R05,GA,530103,5357.0,358.00798575702356,358.0,270.98133957901155,8264,True,cb1_core,3d97e6a3f84d930213c424a633fa9e8192b16ec4eb9c2f169f65c0b48e691f0a,outputs/phase5c/search/cb1_core/formal/ga/CB1_CORE_L_CF2_R05/seed_530103.json,L,CF2,179,1.0000223065838647
CB1_CORE_L_CF2_R05,GA,530104,5056.0,358.03088655899046,358.0,335.82203054398997,8467,True,cb1_core,3d97e6a3f84d930213c424a633fa9e8192b16ec4eb9c2f169f65c0b48e691f0a,outputs/phase5c/search/cb1_core/formal/ga/CB1_CORE_L_CF2_R05/seed_530104.json,L,CF2,179,1.0000862753044426
CB1_CORE_L_CF2_R05,GA,530105,5260.0,358.0121932589973,358.0,348.8894096699951,9872,True,cb1_core,3d97e6a3f84d930213c424a633fa9e8192b16ec4eb9c2f169f65c0b48e691f0a,outputs/phase5c/search/cb1_core/formal/ga/CB1_CORE_L_CF2_R05/seed_530105.json,L,CF2,179,1.000034059382674
CB1_CORE_L_CF2_R05,GA,530106,5047.0,358.0176680419827,358.0,355.98050864899415,8536,True,cb1_core,3d97e6a3f84d930213c424a633fa9e8192b16ec4eb9c2f169f65c0b48e691f0a,outputs/phase5c/search/cb1_core/formal/ga/CB1_CORE_L_CF2_R05/seed_530106.json,L,CF2,179,1.0000493520725773
CB1_CORE_L_CF2_R05,GA,530107,5187.0,358.02477233999525,358.0,332.81360050299554,9803,True,cb1_core,3d97e6a3f84d930213c424a633fa9e8192b16ec4eb9c2f169f65c0b48e691f0a,outputs/phase5c/search/cb1_core/formal/ga/CB1_CORE_L_CF2_R05/seed_530107.json,L,CF2,179,1.0000691964804336
CB1_CORE_L_CF2_R05,GA,530108,4905.0,358.00472416199045,358.0,357.6464285379916,8993,True,cb1_core,3d97e6a3f84d930213c424a633fa9e8192b16ec4eb9c2f169f65c0b48e691f0a,outputs/phase5c/search/cb1_core/formal/ga/CB1_CORE_L_CF2_R05/seed_530108.json,L,CF2,179,1.0000131959832135
CB1_CORE_L_CF2_R05,GA,530109,5170.0,358.00251187500544,358.0,312.8149692750012,9770,True,cb1_core,3d97e6a3f84d930213c424a633fa9e8192b16ec4eb9c2f169f65c0b48e691f0a,outputs/phase5c/search/cb1_core/formal/ga/CB1_CORE_L_CF2_R05/seed_530109.json,L,CF2,179,1.0000070164106296
CB1_CORE_L_CF2_R05,GA,530110,5196.0,358.0327632080007,358.0,349.54008079200867,8268,True,cb1_core,3d97e6a3f84d930213c424a633fa9e8192b16ec4eb9c2f169f65c0b48e691f0a,outputs/phase5c/search/cb1_core/formal/ga/CB1_CORE_L_CF2_R05/seed_530110.json,L,CF2,179,1.000091517340784
CB1_CORE_L_CF3_R01,GA,530101,5859.0,386.027256233996,386.0,319.33649968300597,8935,True,cb1_core,3d97e6a3f84d930213c424a633fa9e8192b16ec4eb9c2f169f65c0b48e691f0a,outputs/phase5c/search/cb1_core/formal/ga/CB1_CORE_L_CF3_R01/seed_530101.json,L,CF3,193,1.000070612005171
CB1_CORE_L_CF3_R01,GA,530102,5723.0,386.0297261700034,386.0,369.1341393289913,7969,True,cb1_core,3d97e6a3f84d930213c424a633fa9e8192b16ec4eb9c2f169f65c0b48e691f0a,outputs/phase5c/search/cb1_core/formal/ga/CB1_CORE_L_CF3_R01/seed_530102.json,L,CF3,193,1.0000770108031176
CB1_CORE_L_CF3_R01,GA,530103,5430.0,386.0072427150153,386.0,377.4281019140035,8005,True,cb1_core,3d97e6a3f84d930213c424a633fa9e8192b16ec4eb9c2f169f65c0b48e691f0a,outputs/phase5c/search/cb1_core/formal/ga/CB1_CORE_L_CF3_R01/seed_530103.json,L,CF3,193,1.0000187635104023
CB1_CORE_L_CF3_R01,GA,530104,5615.0,386.0194648979814,386.0,375.05683991499245,7985,True,cb1_core,3d97e6a3f84d930213c424a633fa9e8192b16ec4eb9c2f169f65c0b48e691f0a,outputs/phase5c/search/cb1_core/formal/ga/CB1_CORE_L_CF3_R01/seed_530104.json,L,CF3,193,1.000050427196843
CB1_CORE_L_CF3_R01,GA,530105,5653.0,386.01656537500094,386.0,381.78854758499074,8243,True,cb1_core,3d97e6a3f84d930213c424a633fa9e8192b16ec4eb9c2f169f65c0b48e691f0a,outputs/phase5c/search/cb1_core/formal/ga/CB1_CORE_L_CF3_R01/seed_530105.json,L,CF3,193,1.000042915479277
CB1_CORE_L_CF3_R01,GA,530106,5507.0,386.0206045109953,386.0,379.1367276200035,7796,True,cb1_core,3d97e6a3f84d930213c424a633fa9e8192b16ec4eb9c2f169f65c0b48e691f0a,outputs/phase5c/search/cb1_core/formal/ga/CB1_CORE_L_CF3_R01/seed_530106.json,L,CF3,193,1.000053379562164
CB1_CORE_L_CF3_R01,GA,530107,5560.0,386.0146097750112,386.0,339.11065946900635,7771,True,cb1_core,3d97e6a3f84d930213c424a633fa9e8192b16ec4eb9c2f169f65c0b48e691f0a,outputs/phase5c/search/cb1_core/formal/ga/CB1_CORE_L_CF3_R01/seed_530107.json,L,CF3,193,1.0000378491580602
CB1_CORE_L_CF3_R01,GA,530108,5814.0,386.0161749210092,386.0,229.6144209659833,7848,True,cb1_core,3d97e6a3f84d930213c424a633fa9e8192b16ec4eb9c2f169f65c0b48e691f0a,outputs/phase5c/search/cb1_core/formal/ga/CB1_CORE_L_CF3_R01/seed_530108.json,L,CF3,193,1.0000419039404385
CB1_CORE_L_CF3_R01,GA,530109,5423.0,386.0402185220155,386.0,381.2007314650109,8942,True,cb1_core,3d97e6a3f84d930213c424a633fa9e8192b16ec4eb9c2f169f65c0b48e691f0a,outputs/phase5c/search/cb1_core/formal/ga/CB1_CORE_L_CF3_R01/seed_530109.json,L,CF3,193,1.0001041930622163
CB1_CORE_L_CF3_R01,GA,530110,5767.0,386.0389585639932,386.0,382.3748840429762,7879,True,cb1_core,3d97e6a3f84d930213c424a633fa9e8192b16ec4eb9c2f169f65c0b48e691f0a,outputs/phase5c/search/cb1_core/formal/ga/CB1_CORE_L_CF3_R01/seed_530110.json,L,CF3,193,1.0001009289222622
CB1_CORE_L_CF3_R02,GA,530101,4408.0,334.0130393659929,334.0,257.5765324420063,10087,True,cb1_core,3d97e6a3f84d930213c424a633fa9e8192b16ec4eb9c2f169f65c0b48e691f0a,outputs/phase5c/search/cb1_core/formal/ga/CB1_CORE_L_CF3_R02/seed_530101.json,L,CF3,167,1.0000390400179429
CB1_CORE_L_CF3_R02,GA,530102,4367.0,334.01504211701103,334.0,306.56677582502016,8687,True,cb1_core,3d97e6a3f84d930213c424a633fa9e8192b16ec4eb9c2f169f65c0b48e691f0a,outputs/phase5c/search/cb1_core/formal/ga/CB1_CORE_L_CF3_R02/seed_530102.json,L,CF3,167,1.000045036278476
CB1_CORE_L_CF3_R02,GA,530103,4118.0,334.0209721120191,334.0,320.57064078800613,8726,True,cb1_core,3d97e6a3f84d930213c424a633fa9e8192b16ec4eb9c2f169f65c0b48e691f0a,outputs/phase5c/search/cb1_core/formal/ga/CB1_CORE_L_CF3_R02/seed_530103.json,L,CF3,167,1.000062790754548
CB1_CORE_L_CF3_R02,GA,530104,3977.0,334.01317752400064,334.0,323.26882539800135,9312,True,cb1_core,3d97e6a3f84d930213c424a633fa9e8192b16ec4eb9c2f169f65c0b48e691f0a,outputs/phase5c/search/cb1_core/formal/ga/CB1_CORE_L_CF3_R02/seed_530104.json,L,CF3,167,1.0000394536646726
CB1_CORE_L_CF3_R02,GA,530105,4612.0,334.017749355,334.0,248.73804113199003,8942,True,cb1_core,3d97e6a3f84d930213c424a633fa9e8192b16ec4eb9c2f169f65c0b48e691f0a,outputs/phase5c/search/cb1_core/formal/ga/CB1_CORE_L_CF3_R02/seed_530105.json,L,CF3,167,1.0000531417814371
CB1_CORE_L_CF3_R02,GA,530106,3996.0,334.01678373498726,334.0,309.1604363929946,9870,True,cb1_core,3d97e6a3f84d930213c424a633fa9e8192b16ec4eb9c2f169f65c0b48e691f0a,outputs/phase5c/search/cb1_core/formal/ga/CB1_CORE_L_CF3_R02/seed_530106.json,L,CF3,167,1.0000502507035547
CB1_CORE_L_CF3_R02,GA,530107,3900.0,334.01132405298995,334.0,262.80662816698896,9992,True,cb1_core,3d97e6a3f84d930213c424a633fa9e8192b16ec4eb9c2f169f65c0b48e691f0a,outputs/phase5c/search/cb1_core/formal/ga/CB1_CORE_L_CF3_R02/seed_530107.json,L,CF3,167,1.0000339043502693
CB1_CORE_L_CF3_R02,GA,530108,4327.0,334.02517682299367,334.0,272.6352650599729,8642,True,cb1_core,3d97e6a3f84d930213c424a633fa9e8192b16ec4eb9c2f169f65c0b48e691f0a,outputs/phase5c/search/cb1_core/formal/ga/CB1_CORE_L_CF3_R02/seed_530108.json,L,CF3,167,1.0000753797095618
CB1_CORE_L_CF3_R02,GA,530109,4323.0,334.00404049499775,334.0,332.1410984569811,10216,True,cb1_core,3d97e6a3f84d930213c424a633fa9e8192b16ec4eb9c2f169f65c0b48e691f0a,outputs/phase5c/search/cb1_core/formal/ga/CB1_CORE_L_CF3_R02/seed_530109.json,L,CF3,167,1.0000120972904125
CB1_CORE_L_CF3_R02,GA,530110,4052.0,334.0195898390084,334.0,304.52654512101435,9551,True,cb1_core,3d97e6a3f84d930213c424a633fa9e8192b16ec4eb9c2f169f65c0b48e691f0a,outputs/phase5c/search/cb1_core/formal/ga/CB1_CORE_L_CF3_R02/seed_530110.json,L,CF3,167,1.0000586522126
CB1_CORE_L_CF3_R03,GA,530101,4696.0,352.02549708099104,352.0,337.8123303320026,8414,True,cb1_core,3d97e6a3f84d930213c424a633fa9e8192b16ec4eb9c2f169f65c0b48e691f0a,outputs/phase5c/search/cb1_core/formal/ga/CB1_CORE_L_CF3_R03/seed_530101.json,L,CF3,176,1.0000724348891792
CB1_CORE_L_CF3_R03,GA,530102,4239.0,352.0110478819988,352.0,351.1403031600057,8383,True,cb1_core,3d97e6a3f84d930213c424a633fa9e8192b16ec4eb9c2f169f65c0b48e691f0a,outputs/phase5c/search/cb1_core/formal/ga/CB1_CORE_L_CF3_R03/seed_530102.json,L,CF3,176,1.0000313860284058
CB1_CORE_L_CF3_R03,GA,530103,4542.0,352.00082836998627,352.0,322.7852659909986,9621,True,cb1_core,3d97e6a3f84d930213c424a633fa9e8192b16ec4eb9c2f169f65c0b48e691f0a,outputs/phase5c/search/cb1_core/formal/ga/CB1_CORE_L_CF3_R03/seed_530103.json,L,CF3,176,1.0000023533238247
CB1_CORE_L_CF3_R03,GA,530104,4306.0,352.02812273599557,352.0,345.2201611629862,9701,True,cb1_core,3d97e6a3f84d930213c424a633fa9e8192b16ec4eb9c2f169f65c0b48e691f0a,outputs/phase5c/search/cb1_core/formal/ga/CB1_CORE_L_CF3_R03/seed_530104.json,L,CF3,176,1.0000798941363511
CB1_CORE_L_CF3_R03,GA,530105,4417.0,352.03303370901267,352.0,347.86562490600045,9698,True,cb1_core,3d97e6a3f84d930213c424a633fa9e8192b16ec4eb9c2f169f65c0b48e691f0a,outputs/phase5c/search/cb1_core/formal/ga/CB1_CORE_L_CF3_R03/seed_530105.json,L,CF3,176,1.0000938457642405
CB1_CORE_L_CF3_R03,GA,530106,4302.0,352.0264779049903,352.0,347.11417108098976,8784,True,cb1_core,3d97e6a3f84d930213c424a633fa9e8192b16ec4eb9c2f169f65c0b48e691f0a,outputs/phase5c/search/cb1_core/formal/ga/CB1_CORE_L_CF3_R03/seed_530106.json,L,CF3,176,1.0000752213209951
CB1_CORE_L_CF3_R03,GA,530107,4264.0,352.0127234859974,352.0,343.8787301789853,9632,True,cb1_core,3d97e6a3f84d930213c424a633fa9e8192b16ec4eb9c2f169f65c0b48e691f0a,outputs/phase5c/search/cb1_core/formal/ga/CB1_CORE_L_CF3_R03/seed_530107.json,L,CF3,176,1.0000361462670382
CB1_CORE_L_CF3_R03,GA,530108,4290.0,352.0042575150146,352.0,336.5792733420094,8258,True,cb1_core,3d97e6a3f84d930213c424a633fa9e8192b16ec4eb9c2f169f65c0b48e691f0a,outputs/phase5c/search/cb1_core/formal/ga/CB1_CORE_L_CF3_R03/seed_530108.json,L,CF3,176,1.0000120952131097
CB1_CORE_L_CF3_R03,GA,530109,4210.0,352.00373104499886,352.0,347.8599112550146,9672,True,cb1_core,3d97e6a3f84d930213c424a633fa9e8192b16ec4eb9c2f169f65c0b48e691f0a,outputs/phase5c/search/cb1_core/formal/ga/CB1_CORE_L_CF3_R03/seed_530109.json,L,CF3,176,1.0000105995596558
CB1_CORE_L_CF3_R03,GA,530110,4512.0,352.0005950279883,352.0,347.435224721994,8554,True,cb1_core,3d97e6a3f84d930213c424a633fa9e8192b16ec4eb9c2f169f65c0b48e691f0a,outputs/phase5c/search/cb1_core/formal/ga/CB1_CORE_L_CF3_R03/seed_530110.json,L,CF3,176,1.0000016904204214
CB1_CORE_L_CF3_R04,GA,530101,4948.0,348.0114506359969,348.0,331.7044483659847,8788,True,cb1_core,3d97e6a3f84d930213c424a633fa9e8192b16ec4eb9c2f169f65c0b48e691f0a,outputs/phase5c/search/cb1_core/formal/ga/CB1_CORE_L_CF3_R04/seed_530101.json,L,CF3,174,1.0000329041264278
CB1_CORE_L_CF3_R04,GA,530102,4740.0,348.02972525998484,348.0,341.8923947769799,8727,True,cb1_core,3d97e6a3f84d930213c424a633fa9e8192b16ec4eb9c2f169f65c0b48e691f0a,outputs/phase5c/search/cb1_core/formal/ga/CB1_CORE_L_CF3_R04/seed_530102.json,L,CF3,174,1.0000854174137495
CB1_CORE_L_CF3_R04,GA,530103,4725.0,348.03321137902094,348.0,277.3552357800072,9463,True,cb1_core,3d97e6a3f84d930213c424a633fa9e8192b16ec4eb9c2f169f65c0b48e691f0a,outputs/phase5c/search/cb1_core/formal/ga/CB1_CORE_L_CF3_R04/seed_530103.json,L,CF3,174,1.0000954349971867
CB1_CORE_L_CF3_R04,GA,530104,4941.0,348.02505494700745,348.0,190.3842754010111,8634,True,cb1_core,3d97e6a3f84d930213c424a633fa9e8192b16ec4eb9c2f169f65c0b48e691f0a,outputs/phase5c/search/cb1_core/formal/ga/CB1_CORE_L_CF3_R04/seed_530104.json,L,CF3,174,1.0000719969741594
CB1_CORE_L_CF3_R04,GA,530105,4771.0,348.0101809439948,348.0,330.15814748298726,8826,True,cb1_core,3d97e6a3f84d930213c424a633fa9e8192b16ec4eb9c2f169f65c0b48e691f0a,outputs/phase5c/search/cb1_core/formal/ga/CB1_CORE_L_CF3_R04/seed_530105.json,L,CF3,174,1.0000292555861918
CB1_CORE_L_CF3_R04,GA,530106,4404.0,348.0082537260023,348.0,344.77581413599546,8530,True,cb1_core,3d97e6a3f84d930213c424a633fa9e8192b16ec4eb9c2f169f65c0b48e691f0a,outputs/phase5c/search/cb1_core/formal/ga/CB1_CORE_L_CF3_R04/seed_530106.json,L,CF3,174,1.0000237176034548
CB1_CORE_L_CF3_R04,GA,530107,4717.0,348.0040600070206,348.0,338.2088685469935,8438,True,cb1_core,3d97e6a3f84d930213c424a633fa9e8192b16ec4eb9c2f169f65c0b48e691f0a,outputs/phase5c/search/cb1_core/formal/ga/CB1_CORE_L_CF3_R04/seed_530107.json,L,CF3,174,1.0000116666868408
CB1_CORE_L_CF3_R04,GA,530108,4563.0,348.02606491101324,348.0,341.53856305000954,8632,True,cb1_core,3d97e6a3f84d930213c424a633fa9e8192b16ec4eb9c2f169f65c0b48e691f0a,outputs/phase5c/search/cb1_core/formal/ga/CB1_CORE_L_CF3_R04/seed_530108.json,L,CF3,174,1.0000748991695783
CB1_CORE_L_CF3_R04,GA,530109,4561.0,348.0085422580014,348.0,336.5238316200266,9652,True,cb1_core,3d97e6a3f84d930213c424a633fa9e8192b16ec4eb9c2f169f65c0b48e691f0a,outputs/phase5c/search/cb1_core/formal/ga/CB1_CORE_L_CF3_R04/seed_530109.json,L,CF3,174,1.0000245467183948
CB1_CORE_L_CF3_R04,GA,530110,4478.0,348.03397931400104,348.0,347.6360301699897,9027,True,cb1_core,3d97e6a3f84d930213c424a633fa9e8192b16ec4eb9c2f169f65c0b48e691f0a,outputs/phase5c/search/cb1_core/formal/ga/CB1_CORE_L_CF3_R04/seed_530110.json,L,CF3,174,1.0000976417068996
CB1_CORE_L_CF3_R05,GA,530101,4714.0,366.023124542,366.0,312.294771285,8611,True,cb1_core,3d97e6a3f84d930213c424a633fa9e8192b16ec4eb9c2f169f65c0b48e691f0a,outputs/phase5c/search/cb1_core/formal/ga/CB1_CORE_L_CF3_R05/seed_530101.json,L,CF3,183,1.000063181808743
CB1_CORE_L_CF3_R05,GA,530102,4307.0,366.0203866410011,366.0,349.12710614400567,8949,True,cb1_core,3d97e6a3f84d930213c424a633fa9e8192b16ec4eb9c2f169f65c0b48e691f0a,outputs/phase5c/search/cb1_core/formal/ga/CB1_CORE_L_CF3_R05/seed_530102.json,L,CF3,183,1.000055701204921
CB1_CORE_L_CF3_R05,GA,530103,4561.0,366.0022003650083,366.0,334.5916943839984,8590,True,cb1_core,3d97e6a3f84d930213c424a633fa9e8192b16ec4eb9c2f169f65c0b48e691f0a,outputs/phase5c/search/cb1_core/formal/ga/CB1_CORE_L_CF3_R05/seed_530103.json,L,CF3,183,1.0000060119262522
CB1_CORE_L_CF3_R05,GA,530104,4518.0,366.0353358720022,366.0,342.1649294930103,8961,True,cb1_core,3d97e6a3f84d930213c424a633fa9e8192b16ec4eb9c2f169f65c0b48e691f0a,outputs/phase5c/search/cb1_core/formal/ga/CB1_CORE_L_CF3_R05/seed_530104.json,L,CF3,183,1.0000965460983666
CB1_CORE_L_CF3_R05,GA,530105,4746.0,366.02682422401267,366.0,331.76203430999885,8323,True,cb1_core,3d97e6a3f84d930213c424a633fa9e8192b16ec4eb9c2f169f65c0b48e691f0a,outputs/phase5c/search/cb1_core/formal/ga/CB1_CORE_L_CF3_R05/seed_530105.json,L,CF3,183,1.0000732902295428
CB1_CORE_L_CF3_R05,GA,530106,4550.0,366.00959214399336,366.0,331.73463676701067,9210,True,cb1_core,3d97e6a3f84d930213c424a633fa9e8192b16ec4eb9c2f169f65c0b48e691f0a,outputs/phase5c/search/cb1_core/formal/ga/CB1_CORE_L_CF3_R05/seed_530106.json,L,CF3,183,1.0000262080436977
CB1_CORE_L_CF3_R05,GA,530107,4716.0,366.0143494110089,366.0,351.5393442430068,9565,True,cb1_core,3d97e6a3f84d930213c424a633fa9e8192b16ec4eb9c2f169f65c0b48e691f0a,outputs/phase5c/search/cb1_core/formal/ga/CB1_CORE_L_CF3_R05/seed_530107.json,L,CF3,183,1.000039206041008
CB1_CORE_L_CF3_R05,GA,530108,4501.0,366.0268207959889,366.0,334.0027384450077,8199,True,cb1_core,3d97e6a3f84d930213c424a633fa9e8192b16ec4eb9c2f169f65c0b48e691f0a,outputs/phase5c/search/cb1_core/formal/ga/CB1_CORE_L_CF3_R05/seed_530108.json,L,CF3,183,1.0000732808633577
CB1_CORE_L_CF3_R05,GA,530109,5165.0,366.0009767989977,366.0,326.0033400680113,8587,True,cb1_core,3d97e6a3f84d930213c424a633fa9e8192b16ec4eb9c2f169f65c0b48e691f0a,outputs/phase5c/search/cb1_core/formal/ga/CB1_CORE_L_CF3_R05/seed_530109.json,L,CF3,183,1.0000026688497206
CB1_CORE_L_CF3_R05,GA,530110,4565.0,366.011103094992,366.0,349.1348168499826,8537,True,cb1_core,3d97e6a3f84d930213c424a633fa9e8192b16ec4eb9c2f169f65c0b48e691f0a,outputs/phase5c/search/cb1_core/formal/ga/CB1_CORE_L_CF3_R05/seed_530110.json,L,CF3,183,1.0000303363251148
CB1_CORE_M_CF1_R01,GA,530101,2577.0,228.01067777298158,228.0,224.2570717659837,12964,True,cb1_core,3d97e6a3f84d930213c424a633fa9e8192b16ec4eb9c2f169f65c0b48e691f0a,outputs/phase5c/search/cb1_core/formal/ga/CB1_CORE_M_CF1_R01/seed_530101.json,M,CF1,114,1.0000468323376386
CB1_CORE_M_CF1_R01,GA,530102,2841.0,228.01160121298744,228.0,227.99148793698987,12454,True,cb1_core,3d97e6a3f84d930213c424a633fa9e8192b16ec4eb9c2f169f65c0b48e691f0a,outputs/phase5c/search/cb1_core/formal/ga/CB1_CORE_M_CF1_R01/seed_530102.json,M,CF1,114,1.000050882513103
CB1_CORE_M_CF1_R01,GA,530103,2646.0,228.01900690500042,228.0,215.20522282397724,11016,True,cb1_core,3d97e6a3f84d930213c424a633fa9e8192b16ec4eb9c2f169f65c0b48e691f0a,outputs/phase5c/search/cb1_core/formal/ga/CB1_CORE_M_CF1_R01/seed_530103.json,M,CF1,114,1.000083363618423
CB1_CORE_M_CF1_R01,GA,530104,2796.0,228.0090111400059,228.0,211.0861612049921,11452,True,cb1_core,3d97e6a3f84d930213c424a633fa9e8192b16ec4eb9c2f169f65c0b48e691f0a,outputs/phase5c/search/cb1_core/formal/ga/CB1_CORE_M_CF1_R01/seed_530104.json,M,CF1,114,1.0000395225438856
CB1_CORE_M_CF1_R01,GA,530105,3010.0,228.01716230800957,228.0,97.54506682400825,11656,True,cb1_core,3d97e6a3f84d930213c424a633fa9e8192b16ec4eb9c2f169f65c0b48e691f0a,outputs/phase5c/search/cb1_core/formal/ga/CB1_CORE_M_CF1_R01/seed_530105.json,M,CF1,114,1.0000752732807436
CB1_CORE_M_CF1_R01,GA,530106,2942.0,228.00522528600413,228.0,96.01328315201681,11796,True,cb1_core,3d97e6a3f84d930213c424a633fa9e8192b16ec4eb9c2f169f65c0b48e691f0a,outputs/phase5c/search/cb1_core/formal/ga/CB1_CORE_M_CF1_R01/seed_530106.json,M,CF1,114,1.0000229179210707
CB1_CORE_M_CF1_R01,GA,530107,3121.0,228.01686193299247,228.0,166.64109911298146,11596,True,cb1_core,3d97e6a3f84d930213c424a633fa9e8192b16ec4eb9c2f169f65c0b48e691f0a,outputs/phase5c/search/cb1_core/formal/ga/CB1_CORE_M_CF1_R01/seed_530107.json,M,CF1,114,1.0000739558464582
CB1_CORE_M_CF1_R01,GA,530108,2600.0,228.0093641860003,228.0,227.48357054099324,12898,True,cb1_core,3d97e6a3f84d930213c424a633fa9e8192b16ec4eb9c2f169f65c0b48e691f0a,outputs/phase5c/search/cb1_core/formal/ga/CB1_CORE_M_CF1_R01/seed_530108.json,M,CF1,114,1.0000410709912295
CB1_CORE_M_CF1_R01,GA,530109,2830.0,228.00572580401786,228.0,210.72920372799854,11379,True,cb1_core,3d97e6a3f84d930213c424a633fa9e8192b16ec4eb9c2f169f65c0b48e691f0a,outputs/phase5c/search/cb1_core/formal/ga/CB1_CORE_M_CF1_R01/seed_530109.json,M,CF1,114,1.000025113175517
CB1_CORE_M_CF1_R01,GA,530110,2610.0,228.01516105697374,228.0,105.9857034929737,13289,True,cb1_core,3d97e6a3f84d930213c424a633fa9e8192b16ec4eb9c2f169f65c0b48e691f0a,outputs/phase5c/search/cb1_core/formal/ga/CB1_CORE_M_CF1_R01/seed_530110.json,M,CF1,114,1.0000664958639198
CB1_CORE_M_CF1_R02,GA,530101,3584.0,260.0098223570094,260.0,255.02793155401014,10857,True,cb1_core,3d97e6a3f84d930213c424a633fa9e8192b16ec4eb9c2f169f65c0b48e691f0a,outputs/phase5c/search/cb1_core/formal/ga/CB1_CORE_M_CF1_R02/seed_530101.json,M,CF1,130,1.00003777829619
CB1_CORE_M_CF1_R02,GA,530102,3369.0,260.01956829600385,260.0,197.6428566480172,10509,True,cb1_core,3d97e6a3f84d930213c424a633fa9e8192b16ec4eb9c2f169f65c0b48e691f0a,outputs/phase5c/search/cb1_core/formal/ga/CB1_CORE_M_CF1_R02/seed_530102.json,M,CF1,130,1.0000752626769378
CB1_CORE_M_CF1_R02,GA,530103,3513.0,260.00648051299504,260.0,186.78192265701364,11450,True,cb1_core,3d97e6a3f84d930213c424a633fa9e8192b16ec4eb9c2f169f65c0b48e691f0a,outputs/phase5c/search/cb1_core/formal/ga/CB1_CORE_M_CF1_R02/seed_530103.json,M,CF1,130,1.0000249250499809
CB1_CORE_M_CF1_R02,GA,530104,3336.0,260.0120277440001,260.0,237.72378952498548,10747,True,cb1_core,3d97e6a3f84d930213c424a633fa9e8192b16ec4eb9c2f169f65c0b48e691f0a,outputs/phase5c/search/cb1_core/formal/ga/CB1_CORE_M_CF1_R02/seed_530104.json,M,CF1,130,1.0000462605538465
CB1_CORE_M_CF1_R02,GA,530105,3507.0,260.00213530199835,260.0,245.12771405698732,10767,True,cb1_core,3d97e6a3f84d930213c424a633fa9e8192b16ec4eb9c2f169f65c0b48e691f0a,outputs/phase5c/search/cb1_core/formal/ga/CB1_CORE_M_CF1_R02/seed_530105.json,M,CF1,130,1.0000082126999936
CB1_CORE_M_CF1_R02,GA,530106,3846.0,260.01565660798224,260.0,131.377764120989,10136,True,cb1_core,3d97e6a3f84d930213c424a633fa9e8192b16ec4eb9c2f169f65c0b48e691f0a,outputs/phase5c/search/cb1_core/formal/ga/CB1_CORE_M_CF1_R02/seed_530106.json,M,CF1,130,1.0000602177230087
CB1_CORE_M_CF1_R02,GA,530107,3669.0,260.0039791460149,260.0,243.53293912301888,10328,True,cb1_core,3d97e6a3f84d930213c424a633fa9e8192b16ec4eb9c2f169f65c0b48e691f0a,outputs/phase5c/search/cb1_core/formal/ga/CB1_CORE_M_CF1_R02/seed_530107.json,M,CF1,130,1.0000153044077496
CB1_CORE_M_CF1_R02,GA,530108,3826.0,260.0188801480108,260.0,230.69038017099956,10035,True,cb1_core,3d97e6a3f84d930213c424a633fa9e8192b16ec4eb9c2f169f65c0b48e691f0a,outputs/phase5c/search/cb1_core/formal/ga/CB1_CORE_M_CF1_R02/seed_530108.json,M,CF1,130,1.0000726159538877
CB1_CORE_M_CF1_R02,GA,530109,3410.0,260.0136609549809,260.0,259.69688232798944,10494,True,cb1_core,3d97e6a3f84d930213c424a633fa9e8192b16ec4eb9c2f169f65c0b48e691f0a,outputs/phase5c/search/cb1_core/formal/ga/CB1_CORE_M_CF1_R02/seed_530109.json,M,CF1,130,1.0000525421345419
CB1_CORE_M_CF1_R02,GA,530110,3484.0,260.01485392299946,260.0,232.12398347898852,12071,True,cb1_core,3d97e6a3f84d930213c424a633fa9e8192b16ec4eb9c2f169f65c0b48e691f0a,outputs/phase5c/search/cb1_core/formal/ga/CB1_CORE_M_CF1_R02/seed_530110.json,M,CF1,130,1.0000571304730748
CB1_CORE_M_CF1_R03,GA,530101,3199.0,230.00425883501885,230.0,227.37229002901586,13059,True,cb1_core,3d97e6a3f84d930213c424a633fa9e8192b16ec4eb9c2f169f65c0b48e691f0a,outputs/phase5c/search/cb1_core/formal/ga/CB1_CORE_M_CF1_R03/seed_530101.json,M,CF1,115,1.000018516673995
CB1_CORE_M_CF1_R03,GA,530102,3389.0,230.00452680900344,230.0,193.3986398029956,12484,True,cb1_core,3d97e6a3f84d930213c424a633fa9e8192b16ec4eb9c2f169f65c0b48e691f0a,outputs/phase5c/search/cb1_core/formal/ga/CB1_CORE_M_CF1_R03/seed_530102.json,M,CF1,115,1.0000196817782758
CB1_CORE_M_CF1_R03,GA,530103,3303.0,230.00088851401233,230.0,220.84557120798854,13346,True,cb1_core,3d97e6a3f84d930213c424a633fa9e8192b16ec4eb9c2f169f65c0b48e691f0a,outputs/phase5c/search/cb1_core/formal/ga/CB1_CORE_M_CF1_R03/seed_530103.json,M,CF1,115,1.0000038631044015
CB1_CORE_M_CF1_R03,GA,530104,3442.0,230.01594313399983,230.0,179.84851009599515,13094,True,cb1_core,3d97e6a3f84d930213c424a633fa9e8192b16ec4eb9c2f169f65c0b48e691f0a,outputs/phase5c/search/cb1_core/formal/ga/CB1_CORE_M_CF1_R03/seed_530104.json,M,CF1,115,1.0000693179739122
CB1_CORE_M_CF1_R03,GA,530105,3247.0,230.01911747999839,230.0,208.05184145300882,10937,True,cb1_core,3d97e6a3f84d930213c424a633fa9e8192b16ec4eb9c2f169f65c0b48e691f0a,outputs/phase5c/search/cb1_core/formal/ga/CB1_CORE_M_CF1_R03/seed_530105.json,M,CF1,115,1.0000831194782538
CB1_CORE_M_CF1_R03,GA,530106,3242.0,230.01607156099635,230.0,192.026090105006,12621,True,cb1_core,3d97e6a3f84d930213c424a633fa9e8192b16ec4eb9c2f169f65c0b48e691f0a,outputs/phase5c/search/cb1_core/formal/ga/CB1_CORE_M_CF1_R03/seed_530106.json,M,CF1,115,1.000069876352158
CB1_CORE_M_CF1_R03,GA,530107,3298.0,230.01221291799447,230.0,170.1592294049915,12888,True,cb1_core,3d97e6a3f84d930213c424a633fa9e8192b16ec4eb9c2f169f65c0b48e691f0a,outputs/phase5c/search/cb1_core/formal/ga/CB1_CORE_M_CF1_R03/seed_530107.json,M,CF1,115,1.0000530996434542
CB1_CORE_M_CF1_R03,GA,530108,3234.0,230.00698735300102,230.0,144.0738142640039,11180,True,cb1_core,3d97e6a3f84d930213c424a633fa9e8192b16ec4eb9c2f169f65c0b48e691f0a,outputs/phase5c/search/cb1_core/formal/ga/CB1_CORE_M_CF1_R03/seed_530108.json,M,CF1,115,1.0000303797956567
CB1_CORE_M_CF1_R03,GA,530109,3410.0,230.0035190389899,230.0,132.84507061200566,13289,True,cb1_core,3d97e6a3f84d930213c424a633fa9e8192b16ec4eb9c2f169f65c0b48e691f0a,outputs/phase5c/search/cb1_core/formal/ga/CB1_CORE_M_CF1_R03/seed_530109.json,M,CF1,115,1.0000153001695213
CB1_CORE_M_CF1_R03,GA,530110,3480.0,230.00663155099028,230.0,93.81247502198676,10963,True,cb1_core,3d97e6a3f84d930213c424a633fa9e8192b16ec4eb9c2f169f65c0b48e691f0a,outputs/phase5c/search/cb1_core/formal/ga/CB1_CORE_M_CF1_R03/seed_530110.json,M,CF1,115,1.0000288328303926
CB1_CORE_M_CF1_R04,GA,530101,2983.0,220.00727029299014,220.0,219.9584355049883,12808,True,cb1_core,3d97e6a3f84d930213c424a633fa9e8192b16ec4eb9c2f169f65c0b48e691f0a,outputs/phase5c/search/cb1_core/formal/ga/CB1_CORE_M_CF1_R04/seed_530101.json,M,CF1,110,1.0000330467863188
CB1_CORE_M_CF1_R04,GA,530102,2875.0,220.01882254399243,220.0,217.0158112809877,11369,True,cb1_core,3d97e6a3f84d930213c424a633fa9e8192b16ec4eb9c2f169f65c0b48e691f0a,outputs/phase5c/search/cb1_core/formal/ga/CB1_CORE_M_CF1_R04/seed_530102.json,M,CF1,110,1.0000855570181475
CB1_CORE_M_CF1_R04,GA,530103,3001.0,220.00072026700946,220.0,208.36672057799296,12624,True,cb1_core,3d97e6a3f84d930213c424a633fa9e8192b16ec4eb9c2f169f65c0b48e691f0a,outputs/phase5c/search/cb1_core/formal/ga/CB1_CORE_M_CF1_R04/seed_530103.json,M,CF1,110,1.0000032739409521
CB1_CORE_M_CF1_R04,GA,530104,2832.0,220.0148505170073,220.0,195.2217480209947,11876,True,cb1_core,3d97e6a3f84d930213c424a633fa9e8192b16ec4eb9c2f169f65c0b48e691f0a,outputs/phase5c/search/cb1_core/formal/ga/CB1_CORE_M_CF1_R04/seed_530104.json,M,CF1,110,1.0000675023500332
CB1_CORE_M_CF1_R04,GA,530105,2923.0,220.00670122198062,220.0,217.47275916999206,11451,True,cb1_core,3d97e6a3f84d930213c424a633fa9e8192b16ec4eb9c2f169f65c0b48e691f0a,outputs/phase5c/search/cb1_core/formal/ga/CB1_CORE_M_CF1_R04/seed_530105.json,M,CF1,110,1.000030460099912
CB1_CORE_M_CF1_R04,GA,530106,2879.0,220.00742288099718,220.0,197.84516286099097,13497,True,cb1_core,3d97e6a3f84d930213c424a633fa9e8192b16ec4eb9c2f169f65c0b48e691f0a,outputs/phase5c/search/cb1_core/formal/ga/CB1_CORE_M_CF1_R04/seed_530106.json,M,CF1,110,1.000033740368169
CB1_CORE_M_CF1_R04,GA,530107,2952.0,220.01068960499833,220.0,204.31808909599204,11375,True,cb1_core,3d97e6a3f84d930213c424a633fa9e8192b16ec4eb9c2f169f65c0b48e691f0a,outputs/phase5c/search/cb1_core/formal/ga/CB1_CORE_M_CF1_R04/seed_530107.json,M,CF1,110,1.0000485891136288
CB1_CORE_M_CF1_R04,GA,530108,2926.0,220.00947187200654,220.0,198.27958280898747,13592,True,cb1_core,3d97e6a3f84d930213c424a633fa9e8192b16ec4eb9c2f169f65c0b48e691f0a,outputs/phase5c/search/cb1_core/formal/ga/CB1_CORE_M_CF1_R04/seed_530108.json,M,CF1,110,1.000043053963666
CB1_CORE_M_CF1_R04,GA,530109,3052.0,220.00942822301295,220.0,218.58804411900928,13362,True,cb1_core,3d97e6a3f84d930213c424a633fa9e8192b16ec4eb9c2f169f65c0b48e691f0a,outputs/phase5c/search/cb1_core/formal/ga/CB1_CORE_M_CF1_R04/seed_530109.json,M,CF1,110,1.0000428555591498
CB1_CORE_M_CF1_R04,GA,530110,3004.0,220.0039683060022,220.0,218.98198476899415,11187,True,cb1_core,3d97e6a3f84d930213c424a633fa9e8192b16ec4eb9c2f169f65c0b48e691f0a,outputs/phase5c/search/cb1_core/formal/ga/CB1_CORE_M_CF1_R04/seed_530110.json,M,CF1,110,1.0000180377545556
CB1_CORE_M_CF1_R05,GA,530101,2953.0,220.010732241004,220.0,185.561248411017,11248,True,cb1_core,3d97e6a3f84d930213c424a633fa9e8192b16ec4eb9c2f169f65c0b48e691f0a,outputs/phase5c/search/cb1_core/formal/ga/CB1_CORE_M_CF1_R05/seed_530101.json,M,CF1,110,1.0000487829136546
CB1_CORE_M_CF1_R05,GA,530102,2913.0,220.00303473998792,220.0,195.85553868100396,11213,True,cb1_core,3d97e6a3f84d930213c424a633fa9e8192b16ec4eb9c2f169f65c0b48e691f0a,outputs/phase5c/search/cb1_core/formal/ga/CB1_CORE_M_CF1_R05/seed_530102.json,M,CF1,110,1.0000137942726723
CB1_CORE_M_CF1_R05,GA,530103,3068.0,220.01120096098748,220.0,202.34417625301285,11344,True,cb1_core,3d97e6a3f84d930213c424a633fa9e8192b16ec4eb9c2f169f65c0b48e691f0a,outputs/phase5c/search/cb1_core/formal/ga/CB1_CORE_M_CF1_R05/seed_530103.json,M,CF1,110,1.000050913459034
CB1_CORE_M_CF1_R05,GA,530104,2941.0,220.01719394000247,220.0,174.96465866398648,11207,True,cb1_core,3d97e6a3f84d930213c424a633fa9e8192b16ec4eb9c2f169f65c0b48e691f0a,outputs/phase5c/search/cb1_core/formal/ga/CB1_CORE_M_CF1_R05/seed_530104.json,M,CF1,110,1.0000781542727386
CB1_CORE_M_CF1_R05,GA,530105,2987.0,220.01462296798127,220.0,212.35304578699288,12139,True,cb1_core,3d97e6a3f84d930213c424a633fa9e8192b16ec4eb9c2f169f65c0b48e691f0a,outputs/phase5c/search/cb1_core/formal/ga/CB1_CORE_M_CF1_R05/seed_530105.json,M,CF1,110,1.0000664680362785
CB1_CORE_M_CF1_R05,GA,530106,2997.0,220.00080861098832,220.0,201.2555182449869,11450,True,cb1_core,3d97e6a3f84d930213c424a633fa9e8192b16ec4eb9c2f169f65c0b48e691f0a,outputs/phase5c/search/cb1_core/formal/ga/CB1_CORE_M_CF1_R05/seed_530106.json,M,CF1,110,1.0000036755044923
CB1_CORE_M_CF1_R05,GA,530107,2817.0,220.00254910398507,220.0,212.23404457001016,13531,True,cb1_core,3d97e6a3f84d930213c424a633fa9e8192b16ec4eb9c2f169f65c0b48e691f0a,outputs/phase5c/search/cb1_core/formal/ga/CB1_CORE_M_CF1_R05/seed_530107.json,M,CF1,110,1.0000115868362958
CB1_CORE_M_CF1_R05,GA,530108,2853.0,220.01106855200487,220.0,204.81895720900502,11012,True,cb1_core,3d97e6a3f84d930213c424a633fa9e8192b16ec4eb9c2f169f65c0b48e691f0a,outputs/phase5c/search/cb1_core/formal/ga/CB1_CORE_M_CF1_R05/seed_530108.json,M,CF1,110,1.0000503116000221
CB1_CORE_M_CF1_R05,GA,530109,2916.0,220.01167433700175,220.0,198.95975444698706,12973,True,cb1_core,3d97e6a3f84d930213c424a633fa9e8192b16ec4eb9c2f169f65c0b48e691f0a,outputs/phase5c/search/cb1_core/formal/ga/CB1_CORE_M_CF1_R05/seed_530109.json,M,CF1,110,1.0000530651681898
CB1_CORE_M_CF1_R05,GA,530110,2947.0,220.00553987099556,220.0,213.89812799199717,13540,True,cb1_core,3d97e6a3f84d930213c424a633fa9e8192b16ec4eb9c2f169f65c0b48e691f0a,outputs/phase5c/search/cb1_core/formal/ga/CB1_CORE_M_CF1_R05/seed_530110.json,M,CF1,110,1.000025181231798
CB1_CORE_M_CF2_R01,GA,530101,3473.0,244.0033823690028,244.0,158.84254392399453,12510,True,cb1_core,3d97e6a3f84d930213c424a633fa9e8192b16ec4eb9c2f169f65c0b48e691f0a,outputs/phase5c/search/cb1_core/formal/ga/CB1_CORE_M_CF2_R01/seed_530101.json,M,CF2,122,1.0000138621680443
CB1_CORE_M_CF2_R01,GA,530102,3231.0,244.0150250410079,244.0,221.73886778700398,10925,True,cb1_core,3d97e6a3f84d930213c424a633fa9e8192b16ec4eb9c2f169f65c0b48e691f0a,outputs/phase5c/search/cb1_core/formal/ga/CB1_CORE_M_CF2_R01/seed_530102.json,M,CF2,122,1.0000615780369175
CB1_CORE_M_CF2_R01,GA,530103,3365.0,244.00984278399847,244.0,226.76371296300204,12420,True,cb1_core,3d97e6a3f84d930213c424a633fa9e8192b16ec4eb9c2f169f65c0b48e691f0a,outputs/phase5c/search/cb1_core/formal/ga/CB1_CORE_M_CF2_R01/seed_530103.json,M,CF2,122,1.0000403392786823
CB1_CORE_M_CF2_R01,GA,530104,3497.0,244.0078837579931,244.0,242.12595345100272,10544,True,cb1_core,3d97e6a3f84d930213c424a633fa9e8192b16ec4eb9c2f169f65c0b48e691f0a,outputs/phase5c/search/cb1_core/formal/ga/CB1_CORE_M_CF2_R01/seed_530104.json,M,CF2,122,1.0000323104835784
CB1_CORE_M_CF2_R01,GA,530105,3536.0,244.01009991500177,244.0,238.39095896598883,11964,True,cb1_core,3d97e6a3f84d930213c424a633fa9e8192b16ec4eb9c2f169f65c0b48e691f0a,outputs/phase5c/search/cb1_core/formal/ga/CB1_CORE_M_CF2_R01/seed_530105.json,M,CF2,122,1.0000413930942695
CB1_CORE_M_CF2_R01,GA,530106,3335.0,244.00781477199052,244.0,242.47951402899344,10699,True,cb1_core,3d97e6a3f84d930213c424a633fa9e8192b16ec4eb9c2f169f65c0b48e691f0a,outputs/phase5c/search/cb1_core/formal/ga/CB1_CORE_M_CF2_R01/seed_530106.json,M,CF2,122,1.0000320277540595
CB1_CORE_M_CF2_R01,GA,530107,3458.0,244.0121991999913,244.0,231.44139244098915,10905,True,cb1_core,3d97e6a3f84d930213c424a633fa9e8192b16ec4eb9c2f169f65c0b48e691f0a,outputs/phase5c/search/cb1_core/formal/ga/CB1_CORE_M_CF2_R01/seed_530107.json,M,CF2,122,1.000049996721276
CB1_CORE_M_CF2_R01,GA,530108,3276.0,244.0043002430175,244.0,200.78186472601374,10986,True,cb1_core,3d97e6a3f84d930213c424a633fa9e8192b16ec4eb9c2f169f65c0b48e691f0a,outputs/phase5c/search/cb1_core/formal/ga/CB1_CORE_M_CF2_R01/seed_530108.json,M,CF2,122,1.000017623946793
CB1_CORE_M_CF2_R01,GA,530109,3196.0,244.01003368198872,244.0,237.22840950998943,12464,True,cb1_core,3d97e6a3f84d930213c424a633fa9e8192b16ec4eb9c2f169f65c0b48e691f0a,outputs/phase5c/search/cb1_core/formal/ga/CB1_CORE_M_CF2_R01/seed_530109.json,M,CF2,122,1.0000411216474947
CB1_CORE_M_CF2_R01,GA,530110,3435.0,244.01060600098572,244.0,175.7632600030047,10503,True,cb1_core,3d97e6a3f84d930213c424a633fa9e8192b16ec4eb9c2f169f65c0b48e691f0a,outputs/phase5c/search/cb1_core/formal/ga/CB1_CORE_M_CF2_R01/seed_530110.json,M,CF2,122,1.0000434672171545
CB1_CORE_M_CF2_R02,GA,530101,2729.0,230.01110873601283,230.0,164.19377529699705,11244,True,cb1_core,3d97e6a3f84d930213c424a633fa9e8192b16ec4eb9c2f169f65c0b48e691f0a,outputs/phase5c/search/cb1_core/formal/ga/CB1_CORE_M_CF2_R02/seed_530101.json,M,CF2,115,1.0000482988522297
CB1_CORE_M_CF2_R02,GA,530102,2830.0,230.0048548640043,230.0,227.84788212602143,13287,True,cb1_core,3d97e6a3f84d930213c424a633fa9e8192b16ec4eb9c2f169f65c0b48e691f0a,outputs/phase5c/search/cb1_core/formal/ga/CB1_CORE_M_CF2_R02/seed_530102.json,M,CF2,115,1.0000211081043666
CB1_CORE_M_CF2_R02,GA,530103,2780.0,230.0128842079721,230.0,221.84860431097331,13137,True,cb1_core,3d97e6a3f84d930213c424a633fa9e8192b16ec4eb9c2f169f65c0b48e691f0a,outputs/phase5c/search/cb1_core/formal/ga/CB1_CORE_M_CF2_R02/seed_530103.json,M,CF2,115,1.000056018295531
CB1_CORE_M_CF2_R02,GA,530104,3050.0,230.01569676297368,230.0,225.26521709098597,13174,True,cb1_core,3d97e6a3f84d930213c424a633fa9e8192b16ec4eb9c2f169f65c0b48e691f0a,outputs/phase5c/search/cb1_core/formal/ga/CB1_CORE_M_CF2_R02/seed_530104.json,M,CF2,115,1.0000682467955377
CB1_CORE_M_CF2_R02,GA,530105,2887.0,230.01155483702314,230.0,137.88691156901768,11050,True,cb1_core,3d97e6a3f84d930213c424a633fa9e8192b16ec4eb9c2f169f65c0b48e691f0a,outputs/phase5c/search/cb1_core/formal/ga/CB1_CORE_M_CF2_R02/seed_530105.json,M,CF2,115,1.0000502384218397
CB1_CORE_M_CF2_R02,GA,530106,2818.0,230.0084181150014,230.0,203.0618137360143,13048,True,cb1_core,3d97e6a3f84d930213c424a633fa9e8192b16ec4eb9c2f169f65c0b48e691f0a,outputs/phase5c/search/cb1_core/formal/ga/CB1_CORE_M_CF2_R02/seed_530106.json,M,CF2,115,1.000036600500006
CB1_CORE_M_CF2_R02,GA,530107,2666.0,230.0052451179945,230.0,227.64031451399205,13179,True,cb1_core,3d97e6a3f84d930213c424a633fa9e8192b16ec4eb9c2f169f65c0b48e691f0a,outputs/phase5c/search/cb1_core/formal/ga/CB1_CORE_M_CF2_R02/seed_530107.json,M,CF2,115,1.0000228048608457
CB1_CORE_M_CF2_R02,GA,530108,2952.0,230.01689457098837,230.0,186.99015700499876,10862,True,cb1_core,3d97e6a3f84d930213c424a633fa9e8192b16ec4eb9c2f169f65c0b48e691f0a,outputs/phase5c/search/cb1_core/formal/ga/CB1_CORE_M_CF2_R02/seed_530108.json,M,CF2,115,1.0000734546564711
CB1_CORE_M_CF2_R02,GA,530109,2983.0,230.01246525900206,230.0,226.33896893297788,10954,True,cb1_core,3d97e6a3f84d930213c424a633fa9e8192b16ec4eb9c2f169f65c0b48e691f0a,outputs/phase5c/search/cb1_core/formal/ga/CB1_CORE_M_CF2_R02/seed_530109.json,M,CF2,115,1.00005419677827
CB1_CORE_M_CF2_R02,GA,530110,2506.0,230.00365151299047,230.0,226.5676929949841,11074,True,cb1_core,3d97e6a3f84d930213c424a633fa9e8192b16ec4eb9c2f169f65c0b48e691f0a,outputs/phase5c/search/cb1_core/formal/ga/CB1_CORE_M_CF2_R02/seed_530110.json,M,CF2,115,1.0000158761434368
CB1_CORE_M_CF2_R03,GA,530101,3148.0,244.02025300401147,244.0,229.66479319302016,10668,True,cb1_core,3d97e6a3f84d930213c424a633fa9e8192b16ec4eb9c2f169f65c0b48e691f0a,outputs/phase5c/search/cb1_core/formal/ga/CB1_CORE_M_CF2_R03/seed_530101.json,M,CF2,122,1.000083004114801
CB1_CORE_M_CF2_R03,GA,530102,3266.0,244.01016805498512,244.0,224.1023548769881,10534,True,cb1_core,3d97e6a3f84d930213c424a633fa9e8192b16ec4eb9c2f169f65c0b48e691f0a,outputs/phase5c/search/cb1_core/formal/ga/CB1_CORE_M_CF2_R03/seed_530102.json,M,CF2,122,1.0000416723564964
CB1_CORE_M_CF2_R03,GA,530103,3037.0,244.01209556200774,244.0,236.9364097530197,12577,True,cb1_core,3d97e6a3f84d930213c424a633fa9e8192b16ec4eb9c2f169f65c0b48e691f0a,outputs/phase5c/search/cb1_core/formal/ga/CB1_CORE_M_CF2_R03/seed_530103.json,M,CF2,122,1.0000495719754416
CB1_CORE_M_CF2_R03,GA,530104,3001.0,244.0089619239734,244.0,240.72471203599707,10476,True,cb1_core,3d97e6a3f84d930213c424a633fa9e8192b16ec4eb9c2f169f65c0b48e691f0a,outputs/phase5c/search/cb1_core/formal/ga/CB1_CORE_M_CF2_R03/seed_530104.json,M,CF2,122,1.0000367291966124
CB1_CORE_M_CF2_R03,GA,530105,3107.0,244.01094999999623,244.0,148.94878873799462,12611,True,cb1_core,3d97e6a3f84d930213c424a633fa9e8192b16ec4eb9c2f169f65c0b48e691f0a,outputs/phase5c/search/cb1_core/formal/ga/CB1_CORE_M_CF2_R03/seed_530105.json,M,CF2,122,1.0000448770491648
CB1_CORE_M_CF2_R03,GA,530106,3120.0,244.00179340702016,244.0,231.22670354502043,10740,True,cb1_core,3d97e6a3f84d930213c424a633fa9e8192b16ec4eb9c2f169f65c0b48e691f0a,outputs/phase5c/search/cb1_core/formal/ga/CB1_CORE_M_CF2_R03/seed_530106.json,M,CF2,122,1.0000073500287712
CB1_CORE_M_CF2_R03,GA,530107,2945.0,244.01226711200434,244.0,226.3389092879952,10415,True,cb1_core,3d97e6a3f84d930213c424a633fa9e8192b16ec4eb9c2f169f65c0b48e691f0a,outputs/phase5c/search/cb1_core/formal/ga/CB1_CORE_M_CF2_R03/seed_530107.json,M,CF2,122,1.0000502750491982
CB1_CORE_M_CF2_R03,GA,530108,2970.0,244.00526198398438,244.0,243.44501316000242,12492,True,cb1_core,3d97e6a3f84d930213c424a633fa9e8192b16ec4eb9c2f169f65c0b48e691f0a,outputs/phase5c/search/cb1_core/formal/ga/CB1_CORE_M_CF2_R03/seed_530108.json,M,CF2,122,1.0000215655081328
CB1_CORE_M_CF2_R03,GA,530109,3029.0,244.01128825801425,244.0,230.54184719201294,12813,True,cb1_core,3d97e6a3f84d930213c424a633fa9e8192b16ec4eb9c2f169f65c0b48e691f0a,outputs/phase5c/search/cb1_core/formal/ga/CB1_CORE_M_CF2_R03/seed_530109.json,M,CF2,122,1.0000462633525173
CB1_CORE_M_CF2_R03,GA,530110,3137.0,244.01211563500692,244.0,240.95494617000804,10725,True,cb1_core,3d97e6a3f84d930213c424a633fa9e8192b16ec4eb9c2f169f65c0b48e691f0a,outputs/phase5c/search/cb1_core/formal/ga/CB1_CORE_M_CF2_R03/seed_530110.json,M,CF2,122,1.0000496542418316
CB1_CORE_M_CF2_R04,GA,530101,3089.0,250.01598081699922,250.0,158.782122478995,12679,True,cb1_core,3d97e6a3f84d930213c424a633fa9e8192b16ec4eb9c2f169f65c0b48e691f0a,outputs/phase5c/search/cb1_core/formal/ga/CB1_CORE_M_CF2_R04/seed_530101.json,M,CF2,125,1.0000639232679969
CB1_CORE_M_CF2_R04,GA,530102,2937.0,250.02321547997417,250.0,245.2458898019977,10174,True,cb1_core,3d97e6a3f84d930213c424a633fa9e8192b16ec4eb9c2f169f65c0b48e691f0a,outputs/phase5c/search/cb1_core/formal/ga/CB1_CORE_M_CF2_R04/seed_530102.json,M,CF2,125,1.0000928619198968
CB1_CORE_M_CF2_R04,GA,530103,3073.0,250.01019110399648,250.0,233.096973193984,11980,True,cb1_core,3d97e6a3f84d930213c424a633fa9e8192b16ec4eb9c2f169f65c0b48e691f0a,outputs/phase5c/search/cb1_core/formal/ga/CB1_CORE_M_CF2_R04/seed_530103.json,M,CF2,125,1.0000407644159859
CB1_CORE_M_CF2_R04,GA,530104,3002.0,250.0158162349835,250.0,206.48743905097945,10217,True,cb1_core,3d97e6a3f84d930213c424a633fa9e8192b16ec4eb9c2f169f65c0b48e691f0a,outputs/phase5c/search/cb1_core/formal/ga/CB1_CORE_M_CF2_R04/seed_530104.json,M,CF2,125,1.000063264939934
CB1_CORE_M_CF2_R04,GA,530105,3161.0,250.00117500900524,250.0,160.32001227798173,10397,True,cb1_core,3d97e6a3f84d930213c424a633fa9e8192b16ec4eb9c2f169f65c0b48e691f0a,outputs/phase5c/search/cb1_core/formal/ga/CB1_CORE_M_CF2_R04/seed_530105.json,M,CF2,125,1.000004700036021
CB1_CORE_M_CF2_R04,GA,530106,3171.0,250.0197870900156,250.0,245.64182265399722,11944,True,cb1_core,3d97e6a3f84d930213c424a633fa9e8192b16ec4eb9c2f169f65c0b48e691f0a,outputs/phase5c/search/cb1_core/formal/ga/CB1_CORE_M_CF2_R04/seed_530106.json,M,CF2,125,1.0000791483600624
CB1_CORE_M_CF2_R04,GA,530107,3028.0,250.00822234898806,250.0,229.09553059897735,12246,True,cb1_core,3d97e6a3f84d930213c424a633fa9e8192b16ec4eb9c2f169f65c0b48e691f0a,outputs/phase5c/search/cb1_core/formal/ga/CB1_CORE_M_CF2_R04/seed_530107.json,M,CF2,125,1.0000328893959523
CB1_CORE_M_CF2_R04,GA,530108,3029.0,250.00813251399086,250.0,180.9753947260033,12273,True,cb1_core,3d97e6a3f84d930213c424a633fa9e8192b16ec4eb9c2f169f65c0b48e691f0a,outputs/phase5c/search/cb1_core/formal/ga/CB1_CORE_M_CF2_R04/seed_530108.json,M,CF2,125,1.0000325300559634
CB1_CORE_M_CF2_R04,GA,530109,3215.0,250.00874457298778,250.0,137.2884327659849,11295,True,cb1_core,3d97e6a3f84d930213c424a633fa9e8192b16ec4eb9c2f169f65c0b48e691f0a,outputs/phase5c/search/cb1_core/formal/ga/CB1_CORE_M_CF2_R04/seed_530109.json,M,CF2,125,1.000034978291951
CB1_CORE_M_CF2_R04,GA,530110,2982.0,250.00840471399715,250.0,219.1734703819966,12351,True,cb1_core,3d97e6a3f84d930213c424a633fa9e8192b16ec4eb9c2f169f65c0b48e691f0a,outputs/phase5c/search/cb1_core/formal/ga/CB1_CORE_M_CF2_R04/seed_530110.json,M,CF2,125,1.0000336188559886
CB1_CORE_M_CF2_R05,GA,530101,3167.0,230.00445929699345,230.0,211.82338914799038,11036,True,cb1_core,3d97e6a3f84d930213c424a633fa9e8192b16ec4eb9c2f169f65c0b48e691f0a,outputs/phase5c/search/cb1_core/formal/ga/CB1_CORE_M_CF2_R05/seed_530101.json,M,CF2,115,1.0000193882477977
CB1_CORE_M_CF2_R05,GA,530102,3244.0,230.01274080900475,230.0,189.46924712098553,11067,True,cb1_core,3d97e6a3f84d930213c424a633fa9e8192b16ec4eb9c2f169f65c0b48e691f0a,outputs/phase5c/search/cb1_core/formal/ga/CB1_CORE_M_CF2_R05/seed_530102.json,M,CF2,115,1.0000553948217599
CB1_CORE_M_CF2_R05,GA,530103,3469.0,230.005599059019,230.0,216.6231056440156,13148,True,cb1_core,3d97e6a3f84d930213c424a633fa9e8192b16ec4eb9c2f169f65c0b48e691f0a,outputs/phase5c/search/cb1_core/formal/ga/CB1_CORE_M_CF2_R05/seed_530103.json,M,CF2,115,1.0000243437348653
CB1_CORE_M_CF2_R05,GA,530104,3329.0,230.00635884099756,230.0,135.40830220698263,11415,True,cb1_core,3d97e6a3f84d930213c424a633fa9e8192b16ec4eb9c2f169f65c0b48e691f0a,outputs/phase5c/search/cb1_core/formal/ga/CB1_CORE_M_CF2_R05/seed_530104.json,M,CF2,115,1.000027647134772
CB1_CORE_M_CF2_R05,GA,530105,3471.0,230.01905765401898,230.0,62.567855897999834,13177,True,cb1_core,3d97e6a3f84d930213c424a633fa9e8192b16ec4eb9c2f169f65c0b48e691f0a,outputs/phase5c/search/cb1_core/formal/ga/CB1_CORE_M_CF2_R05/seed_530105.json,M,CF2,115,1.0000828593653
CB1_CORE_M_CF2_R05,GA,530106,3434.0,230.01493607999873,230.0,156.8624746289861,11279,True,cb1_core,3d97e6a3f84d930213c424a633fa9e8192b16ec4eb9c2f169f65c0b48e691f0a,outputs/phase5c/search/cb1_core/formal/ga/CB1_CORE_M_CF2_R05/seed_530106.json,M,CF2,115,1.0000649394782553
CB1_CORE_M_CF2_R05,GA,530107,3230.0,230.0066809199925,230.0,134.2009065930033,11153,True,cb1_core,3d97e6a3f84d930213c424a633fa9e8192b16ec4eb9c2f169f65c0b48e691f0a,outputs/phase5c/search/cb1_core/formal/ga/CB1_CORE_M_CF2_R05/seed_530107.json,M,CF2,115,1.0000290474782283
CB1_CORE_M_CF2_R05,GA,530108,3269.0,230.02129029500065,230.0,223.52325353299966,11098,True,cb1_core,3d97e6a3f84d930213c424a633fa9e8192b16ec4eb9c2f169f65c0b48e691f0a,outputs/phase5c/search/cb1_core/formal/ga/CB1_CORE_M_CF2_R05/seed_530108.json,M,CF2,115,1.0000925665000029
CB1_CORE_M_CF2_R05,GA,530109,3386.0,230.01091544798692,230.0,228.3519926079898,11435,True,cb1_core,3d97e6a3f84d930213c424a633fa9e8192b16ec4eb9c2f169f65c0b48e691f0a,outputs/phase5c/search/cb1_core/formal/ga/CB1_CORE_M_CF2_R05/seed_530109.json,M,CF2,115,1.0000474584695083
CB1_CORE_M_CF2_R05,GA,530110,3251.0,230.0043791020289,230.0,216.99356812800397,11499,True,cb1_core,3d97e6a3f84d930213c424a633fa9e8192b16ec4eb9c2f169f65c0b48e691f0a,outputs/phase5c/search/cb1_core/formal/ga/CB1_CORE_M_CF2_R05/seed_530110.json,M,CF2,115,1.0000190395740387
CB1_CORE_M_CF3_R01,GA,530101,2671.0,222.0079082029988,222.0,221.69495891101542,13338,True,cb1_core,3d97e6a3f84d930213c424a633fa9e8192b16ec4eb9c2f169f65c0b48e691f0a,outputs/phase5c/search/cb1_core/formal/ga/CB1_CORE_M_CF3_R01/seed_530101.json,M,CF3,111,1.0000356225360307
CB1_CORE_M_CF3_R01,GA,530102,2754.0,222.01505503899534,222.0,220.1743272219901,11383,True,cb1_core,3d97e6a3f84d930213c424a633fa9e8192b16ec4eb9c2f169f65c0b48e691f0a,outputs/phase5c/search/cb1_core/formal/ga/CB1_CORE_M_CF3_R01/seed_530102.json,M,CF3,111,1.00006781549097
CB1_CORE_M_CF3_R01,GA,530103,3018.0,222.0013967039995,222.0,212.71338312901207,13348,True,cb1_core,3d97e6a3f84d930213c424a633fa9e8192b16ec4eb9c2f169f65c0b48e691f0a,outputs/phase5c/search/cb1_core/formal/ga/CB1_CORE_M_CF3_R01/seed_530103.json,M,CF3,111,1.0000062914594572
CB1_CORE_M_CF3_R01,GA,530104,2950.0,222.0125901499996,222.0,214.0571707370109,11312,True,cb1_core,3d97e6a3f84d930213c424a633fa9e8192b16ec4eb9c2f169f65c0b48e691f0a,outputs/phase5c/search/cb1_core/formal/ga/CB1_CORE_M_CF3_R01/seed_530104.json,M,CF3,111,1.0000567123873856
CB1_CORE_M_CF3_R01,GA,530105,2893.0,222.01038137398427,222.0,216.11740818698308,13511,True,cb1_core,3d97e6a3f84d930213c424a633fa9e8192b16ec4eb9c2f169f65c0b48e691f0a,outputs/phase5c/search/cb1_core/formal/ga/CB1_CORE_M_CF3_R01/seed_530105.json,M,CF3,111,1.0000467629458751
CB1_CORE_M_CF3_R01,GA,530106,2961.0,222.00090415400336,222.0,183.82442521498888,11376,True,cb1_core,3d97e6a3f84d930213c424a633fa9e8192b16ec4eb9c2f169f65c0b48e691f0a,outputs/phase5c/search/cb1_core/formal/ga/CB1_CORE_M_CF3_R01/seed_530106.json,M,CF3,111,1.0000040727657808
CB1_CORE_M_CF3_R01,GA,530107,2692.0,222.01215927800513,222.0,211.7522271980124,13281,True,cb1_core,3d97e6a3f84d930213c424a633fa9e8192b16ec4eb9c2f169f65c0b48e691f0a,outputs/phase5c/search/cb1_core/formal/ga/CB1_CORE_M_CF3_R01/seed_530107.json,M,CF3,111,1.0000547715225456
CB1_CORE_M_CF3_R01,GA,530108,2823.0,222.0098122160125,222.0,200.19480527899577,12797,True,cb1_core,3d97e6a3f84d930213c424a633fa9e8192b16ec4eb9c2f169f65c0b48e691f0a,outputs/phase5c/search/cb1_core/formal/ga/CB1_CORE_M_CF3_R01/seed_530108.json,M,CF3,111,1.0000441991712274
CB1_CORE_M_CF3_R01,GA,530109,2974.0,222.01412652397994,222.0,66.71685709798476,13371,True,cb1_core,3d97e6a3f84d930213c424a633fa9e8192b16ec4eb9c2f169f65c0b48e691f0a,outputs/phase5c/search/cb1_core/formal/ga/CB1_CORE_M_CF3_R01/seed_530109.json,M,CF3,111,1.0000636329909007
CB1_CORE_M_CF3_R01,GA,530110,2743.0,222.00532211601967,222.0,191.40103103101137,11099,True,cb1_core,3d97e6a3f84d930213c424a633fa9e8192b16ec4eb9c2f169f65c0b48e691f0a,outputs/phase5c/search/cb1_core/formal/ga/CB1_CORE_M_CF3_R01/seed_530110.json,M,CF3,111,1.000023973495584
CB1_CORE_M_CF3_R02,GA,530101,3730.0,256.0182523250114,256.0,228.0992844790162,10483,True,cb1_core,3d97e6a3f84d930213c424a633fa9e8192b16ec4eb9c2f169f65c0b48e691f0a,outputs/phase5c/search/cb1_core/formal/ga/CB1_CORE_M_CF3_R02/seed_530101.json,M,CF3,128,1.0000712981445758
CB1_CORE_M_CF3_R02,GA,530102,3389.0,256.00491078200866,256.0,251.57862489300896,10407,True,cb1_core,3d97e6a3f84d930213c424a633fa9e8192b16ec4eb9c2f169f65c0b48e691f0a,outputs/phase5c/search/cb1_core/formal/ga/CB1_CORE_M_CF3_R02/seed_530102.json,M,CF3,128,1.0000191827422213
CB1_CORE_M_CF3_R02,GA,530103,3736.0,256.0147780230036,256.0,253.4037487099995,10321,True,cb1_core,3d97e6a3f84d930213c424a633fa9e8192b16ec4eb9c2f169f65c0b48e691f0a,outputs/phase5c/search/cb1_core/formal/ga/CB1_CORE_M_CF3_R02/seed_530103.json,M,CF3,128,1.0000577266523578
CB1_CORE_M_CF3_R02,GA,530104,3667.0,256.01921901799506,256.0,254.07957068399992,10497,True,cb1_core,3d97e6a3f84d930213c424a633fa9e8192b16ec4eb9c2f169f65c0b48e691f0a,outputs/phase5c/search/cb1_core/formal/ga/CB1_CORE_M_CF3_R02/seed_530104.json,M,CF3,128,1.0000750742890432
CB1_CORE_M_CF3_R02,GA,530105,3329.0,256.0205425530148,256.0,224.37579283301602,11827,True,cb1_core,3d97e6a3f84d930213c424a633fa9e8192b16ec4eb9c2f169f65c0b48e691f0a,outputs/phase5c/search/cb1_core/formal/ga/CB1_CORE_M_CF3_R02/seed_530105.json,M,CF3,128,1.0000802443477141
CB1_CORE_M_CF3_R02,GA,530106,3395.0,256.00263721702504,256.0,239.21826976101147,10540,True,cb1_core,3d97e6a3f84d930213c424a633fa9e8192b16ec4eb9c2f169f65c0b48e691f0a,outputs/phase5c/search/cb1_core/formal/ga/CB1_CORE_M_CF3_R02/seed_530106.json,M,CF3,128,1.000010301629004
CB1_CORE_M_CF3_R02,GA,530107,3469.0,256.02339422501973,256.0,242.79334687400842,10267,True,cb1_core,3d97e6a3f84d930213c424a633fa9e8192b16ec4eb9c2f169f65c0b48e691f0a,outputs/phase5c/search/cb1_core/formal/ga/CB1_CORE_M_CF3_R02/seed_530107.json,M,CF3,128,1.0000913836914833
CB1_CORE_M_CF3_R02,GA,530108,3252.0,256.0207124899898,256.0,254.9159459619841,12007,True,cb1_core,3d97e6a3f84d930213c424a633fa9e8192b16ec4eb9c2f169f65c0b48e691f0a,outputs/phase5c/search/cb1_core/formal/ga/CB1_CORE_M_CF3_R02/seed_530108.json,M,CF3,128,1.0000809081640227
CB1_CORE_M_CF3_R02,GA,530109,3729.0,256.0165379490063,256.0,252.80830557399895,12361,True,cb1_core,3d97e6a3f84d930213c424a633fa9e8192b16ec4eb9c2f169f65c0b48e691f0a,outputs/phase5c/search/cb1_core/formal/ga/CB1_CORE_M_CF3_R02/seed_530109.json,M,CF3,128,1.0000646013633059
CB1_CORE_M_CF3_R02,GA,530110,3488.0,256.0074884360074,256.0,243.1650811439904,12138,True,cb1_core,3d97e6a3f84d930213c424a633fa9e8192b16ec4eb9c2f169f65c0b48e691f0a,outputs/phase5c/search/cb1_core/formal/ga/CB1_CORE_M_CF3_R02/seed_530110.json,M,CF3,128,1.000029251703154
CB1_CORE_M_CF3_R03,GA,530101,3165.0,232.00050887899124,232.0,160.14267989600194,12924,True,cb1_core,3d97e6a3f84d930213c424a633fa9e8192b16ec4eb9c2f169f65c0b48e691f0a,outputs/phase5c/search/cb1_core/formal/ga/CB1_CORE_M_CF3_R03/seed_530101.json,M,CF3,116,1.0000021934439278
CB1_CORE_M_CF3_R03,GA,530102,3098.0,232.01397858498967,232.0,221.9118071910052,12247,True,cb1_core,3d97e6a3f84d930213c424a633fa9e8192b16ec4eb9c2f169f65c0b48e691f0a,outputs/phase5c/search/cb1_core/formal/ga/CB1_CORE_M_CF3_R03/seed_530102.json,M,CF3,116,1.0000602525215072
CB1_CORE_M_CF3_R03,GA,530103,2936.0,232.01702782601933,232.0,229.22834812902147,10883,True,cb1_core,3d97e6a3f84d930213c424a633fa9e8192b16ec4eb9c2f169f65c0b48e691f0a,outputs/phase5c/search/cb1_core/formal/ga/CB1_CORE_M_CF3_R03/seed_530103.json,M,CF3,116,1.0000733958018075
CB1_CORE_M_CF3_R03,GA,530104,2859.0,232.00771723498474,232.0,226.7259036450123,11916,True,cb1_core,3d97e6a3f84d930213c424a633fa9e8192b16ec4eb9c2f169f65c0b48e691f0a,outputs/phase5c/search/cb1_core/formal/ga/CB1_CORE_M_CF3_R03/seed_530104.json,M,CF3,116,1.0000332639438998
CB1_CORE_M_CF3_R03,GA,530105,2998.0,232.0169748729968,232.0,231.5873569099931,11334,True,cb1_core,3d97e6a3f84d930213c424a633fa9e8192b16ec4eb9c2f169f65c0b48e691f0a,outputs/phase5c/search/cb1_core/formal/ga/CB1_CORE_M_CF3_R03/seed_530105.json,M,CF3,116,1.0000731675560206
CB1_CORE_M_CF3_R03,GA,530106,3174.0,232.00326855000458,232.0,167.95565836198512,11045,True,cb1_core,3d97e6a3f84d930213c424a633fa9e8192b16ec4eb9c2f169f65c0b48e691f0a,outputs/phase5c/search/cb1_core/formal/ga/CB1_CORE_M_CF3_R03/seed_530106.json,M,CF3,116,1.0000140885776059
CB1_CORE_M_CF3_R03,GA,530107,3070.0,232.01904800298507,232.0,222.6944116090017,11041,True,cb1_core,3d97e6a3f84d930213c424a633fa9e8192b16ec4eb9c2f169f65c0b48e691f0a,outputs/phase5c/search/cb1_core/formal/ga/CB1_CORE_M_CF3_R03/seed_530107.json,M,CF3,116,1.0000821034611425
CB1_CORE_M_CF3_R03,GA,530108,3084.0,232.01040876100888,232.0,230.80978623899864,11279,True,cb1_core,3d97e6a3f84d930213c424a633fa9e8192b16ec4eb9c2f169f65c0b48e691f0a,outputs/phase5c/search/cb1_core/formal/ga/CB1_CORE_M_CF3_R03/seed_530108.json,M,CF3,116,1.0000448653491762
CB1_CORE_M_CF3_R03,GA,530109,3089.0,232.0037689229939,232.0,211.63310847099638,13308,True,cb1_core,3d97e6a3f84d930213c424a633fa9e8192b16ec4eb9c2f169f65c0b48e691f0a,outputs/phase5c/search/cb1_core/formal/ga/CB1_CORE_M_CF3_R03/seed_530109.json,M,CF3,116,1.0000162453577324
CB1_CORE_M_CF3_R03,GA,530110,3210.0,232.00787550100358,232.0,228.15130659600254,12147,True,cb1_core,3d97e6a3f84d930213c424a633fa9e8192b16ec4eb9c2f169f65c0b48e691f0a,outputs/phase5c/search/cb1_core/formal/ga/CB1_CORE_M_CF3_R03/seed_530110.json,M,CF3,116,1.0000339461250154
CB1_CORE_M_CF3_R04,GA,530101,3116.0,238.0079048589978,238.0,237.23799395398237,12586,True,cb1_core,3d97e6a3f84d930213c424a633fa9e8192b16ec4eb9c2f169f65c0b48e691f0a,outputs/phase5c/search/cb1_core/formal/ga/CB1_CORE_M_CF3_R04/seed_530101.json,M,CF3,119,1.000033213693268
CB1_CORE_M_CF3_R04,GA,530102,3095.0,238.0171345200215,238.0,204.48738770899945,10806,True,cb1_core,3d97e6a3f84d930213c424a633fa9e8192b16ec4eb9c2f169f65c0b48e691f0a,outputs/phase5c/search/cb1_core/formal/ga/CB1_CORE_M_CF3_R04/seed_530102.json,M,CF3,119,1.000071993781603
CB1_CORE_M_CF3_R04,GA,530103,3307.0,238.01935286901426,238.0,235.58217576501193,10769,True,cb1_core,3d97e6a3f84d930213c424a633fa9e8192b16ec4eb9c2f169f65c0b48e691f0a,outputs/phase5c/search/cb1_core/formal/ga/CB1_CORE_M_CF3_R04/seed_530103.json,M,CF3,119,1.0000813145756902
CB1_CORE_M_CF3_R04,GA,530104,3834.0,238.00117559698992,238.0,150.66702862200327,12930,True,cb1_core,3d97e6a3f84d930213c424a633fa9e8192b16ec4eb9c2f169f65c0b48e691f0a,outputs/phase5c/search/cb1_core/formal/ga/CB1_CORE_M_CF3_R04/seed_530104.json,M,CF3,119,1.000004939483151
CB1_CORE_M_CF3_R04,GA,530105,3045.0,238.00538758499897,238.0,229.8352845479967,12722,True,cb1_core,3d97e6a3f84d930213c424a633fa9e8192b16ec4eb9c2f169f65c0b48e691f0a,outputs/phase5c/search/cb1_core/formal/ga/CB1_CORE_M_CF3_R04/seed_530105.json,M,CF3,119,1.0000226369117604
CB1_CORE_M_CF3_R04,GA,530106,3165.0,238.01512281401665,238.0,235.1143989910197,11094,True,cb1_core,3d97e6a3f84d930213c424a633fa9e8192b16ec4eb9c2f169f65c0b48e691f0a,outputs/phase5c/search/cb1_core/formal/ga/CB1_CORE_M_CF3_R04/seed_530106.json,M,CF3,119,1.000063541235364
CB1_CORE_M_CF3_R04,GA,530107,3211.0,238.01922341698082,238.0,224.62974406799185,12680,True,cb1_core,3d97e6a3f84d930213c424a633fa9e8192b16ec4eb9c2f169f65c0b48e691f0a,outputs/phase5c/search/cb1_core/formal/ga/CB1_CORE_M_CF3_R04/seed_530107.json,M,CF3,119,1.0000807706595833
CB1_CORE_M_CF3_R04,GA,530108,3505.0,238.01333638798678,238.0,147.82313211497967,10794,True,cb1_core,3d97e6a3f84d930213c424a633fa9e8192b16ec4eb9c2f169f65c0b48e691f0a,outputs/phase5c/search/cb1_core/formal/ga/CB1_CORE_M_CF3_R04/seed_530108.json,M,CF3,119,1.0000560352436418
CB1_CORE_M_CF3_R04,GA,530109,3283.0,238.01198563701473,238.0,218.8321009160136,10947,True,cb1_core,3d97e6a3f84d930213c424a633fa9e8192b16ec4eb9c2f169f65c0b48e691f0a,outputs/phase5c/search/cb1_core/formal/ga/CB1_CORE_M_CF3_R04/seed_530109.json,M,CF3,119,1.0000503598193897
CB1_CORE_M_CF3_R04,GA,530110,3325.0,238.01445405799313,238.0,233.97897887398722,12559,True,cb1_core,3d97e6a3f84d930213c424a633fa9e8192b16ec4eb9c2f169f65c0b48e691f0a,outputs/phase5c/search/cb1_core/formal/ga/CB1_CORE_M_CF3_R04/seed_530110.json,M,CF3,119,1.0000607313361056
CB1_CORE_M_CF3_R05,GA,530101,3197.0,226.00505325300037,226.0,223.19844294901122,12999,True,cb1_core,3d97e6a3f84d930213c424a633fa9e8192b16ec4eb9c2f169f65c0b48e691f0a,outputs/phase5c/search/cb1_core/formal/ga/CB1_CORE_M_CF3_R05/seed_530101.json,M,CF3,113,1.0000223595265503
CB1_CORE_M_CF3_R05,GA,530102,3005.0,226.00426500401227,226.0,212.8510203830083,10996,True,cb1_core,3d97e6a3f84d930213c424a633fa9e8192b16ec4eb9c2f169f65c0b48e691f0a,outputs/phase5c/search/cb1_core/formal/ga/CB1_CORE_M_CF3_R05/seed_530102.json,M,CF3,113,1.0000188716991694
CB1_CORE_M_CF3_R05,GA,530103,3232.0,226.0130499730003,226.0,213.3600491170073,11300,True,cb1_core,3d97e6a3f84d930213c424a633fa9e8192b16ec4eb9c2f169f65c0b48e691f0a,outputs/phase5c/search/cb1_core/formal/ga/CB1_CORE_M_CF3_R05/seed_530103.json,M,CF3,113,1.0000577432433642
CB1_CORE_M_CF3_R05,GA,530104,3194.0,226.01736033899942,226.0,216.4283120809996,11107,True,cb1_core,3d97e6a3f84d930213c424a633fa9e8192b16ec4eb9c2f169f65c0b48e691f0a,outputs/phase5c/search/cb1_core/formal/ga/CB1_CORE_M_CF3_R05/seed_530104.json,M,CF3,113,1.0000768156592894
CB1_CORE_M_CF3_R05,GA,530105,3443.0,226.00923287199112,226.0,223.69521529600024,13235,True,cb1_core,3d97e6a3f84d930213c424a633fa9e8192b16ec4eb9c2f169f65c0b48e691f0a,outputs/phase5c/search/cb1_core/formal/ga/CB1_CORE_M_CF3_R05/seed_530105.json,M,CF3,113,1.00004085341589
CB1_CORE_M_CF3_R05,GA,530106,3193.0,226.00846041901968,226.0,225.62599239099654,11075,True,cb1_core,3d97e6a3f84d930213c424a633fa9e8192b16ec4eb9c2f169f65c0b48e691f0a,outputs/phase5c/search/cb1_core/formal/ga/CB1_CORE_M_CF3_R05/seed_530106.json,M,CF3,113,1.000037435482388
CB1_CORE_M_CF3_R05,GA,530107,3042.0,226.01495383298607,226.0,215.05795904799015,11459,True,cb1_core,3d97e6a3f84d930213c424a633fa9e8192b16ec4eb9c2f169f65c0b48e691f0a,outputs/phase5c/search/cb1_core/formal/ga/CB1_CORE_M_CF3_R05/seed_530107.json,M,CF3,113,1.0000661674025932
CB1_CORE_M_CF3_R05,GA,530108,3091.0,226.01221367999096,226.0,224.94093349197647,13073,True,cb1_core,3d97e6a3f84d930213c424a633fa9e8192b16ec4eb9c2f169f65c0b48e691f0a,outputs/phase5c/search/cb1_core/formal/ga/CB1_CORE_M_CF3_R05/seed_530108.json,M,CF3,113,1.0000540428318185
CB1_CORE_M_CF3_R05,GA,530109,3362.0,226.01053349199356,226.0,138.01994619501056,11093,True,cb1_core,3d97e6a3f84d930213c424a633fa9e8192b16ec4eb9c2f169f65c0b48e691f0a,outputs/phase5c/search/cb1_core/formal/ga/CB1_CORE_M_CF3_R05/seed_530109.json,M,CF3,113,1.0000466083716528
CB1_CORE_M_CF3_R05,GA,530110,3197.0,226.01881073598634,226.0,222.34461467000074,10852,True,cb1_core,3d97e6a3f84d930213c424a633fa9e8192b16ec4eb9c2f169f65c0b48e691f0a,outputs/phase5c/search/cb1_core/formal/ga/CB1_CORE_M_CF3_R05/seed_530110.json,M,CF3,113,1.0000832333450722
CB1_CORE_S_CF1_R01,GA,530101,1750.0,124.00017665300402,124.0,60.750218336994294,17129,True,cb1_core,3d97e6a3f84d930213c424a633fa9e8192b16ec4eb9c2f169f65c0b48e691f0a,outputs/phase5c/search/cb1_core/formal/ga/CB1_CORE_S_CF1_R01/seed_530101.json,S,CF1,62,1.000001424621
CB1_CORE_S_CF1_R01,GA,530102,1811.0,124.0039520689752,124.0,52.71765222999966,18985,True,cb1_core,3d97e6a3f84d930213c424a633fa9e8192b16ec4eb9c2f169f65c0b48e691f0a,outputs/phase5c/search/cb1_core/formal/ga/CB1_CORE_S_CF1_R01/seed_530102.json,S,CF1,62,1.0000318715239935
CB1_CORE_S_CF1_R01,GA,530103,1824.0,124.00044543101103,124.0,20.281085755006643,16600,True,cb1_core,3d97e6a3f84d930213c424a633fa9e8192b16ec4eb9c2f169f65c0b48e691f0a,outputs/phase5c/search/cb1_core/formal/ga/CB1_CORE_S_CF1_R01/seed_530103.json,S,CF1,62,1.0000035921855728
CB1_CORE_S_CF1_R01,GA,530104,1783.0,124.00222963601118,124.0,90.36702278201119,18976,True,cb1_core,3d97e6a3f84d930213c424a633fa9e8192b16ec4eb9c2f169f65c0b48e691f0a,outputs/phase5c/search/cb1_core/formal/ga/CB1_CORE_S_CF1_R01/seed_530104.json,S,CF1,62,1.000017980935574
CB1_CORE_S_CF1_R01,GA,530105,1806.0,124.00207129798946,124.0,13.343950987997232,18931,True,cb1_core,3d97e6a3f84d930213c424a633fa9e8192b16ec4eb9c2f169f65c0b48e691f0a,outputs/phase5c/search/cb1_core/formal/ga/CB1_CORE_S_CF1_R01/seed_530105.json,S,CF1,62,1.000016704016044
CB1_CORE_S_CF1_R01,GA,530106,1756.0,124.00407685502432,124.0,90.06714147599996,18397,True,cb1_core,3d97e6a3f84d930213c424a633fa9e8192b16ec4eb9c2f169f65c0b48e691f0a,outputs/phase5c/search/cb1_core/formal/ga/CB1_CORE_S_CF1_R01/seed_530106.json,S,CF1,62,1.0000328778630994
CB1_CORE_S_CF1_R01,GA,530107,1728.0,124.00645075799548,124.0,93.79424195899628,15986,True,cb1_core,3d97e6a3f84d930213c424a633fa9e8192b16ec4eb9c2f169f65c0b48e691f0a,outputs/phase5c/search/cb1_core/formal/ga/CB1_CORE_S_CF1_R01/seed_530107.json,S,CF1,62,1.000052022241899
CB1_CORE_S_CF1_R01,GA,530108,1724.0,124.00442332000239,124.0,100.9004826839955,16103,True,cb1_core,3d97e6a3f84d930213c424a633fa9e8192b16ec4eb9c2f169f65c0b48e691f0a,outputs/phase5c/search/cb1_core/formal/ga/CB1_CORE_S_CF1_R01/seed_530108.json,S,CF1,62,1.000035671935503
CB1_CORE_S_CF1_R01,GA,530109,1706.0,124.00210424899706,124.0,35.552510892011924,18311,True,cb1_core,3d97e6a3f84d930213c424a633fa9e8192b16ec4eb9c2f169f65c0b48e691f0a,outputs/phase5c/search/cb1_core/formal/ga/CB1_CORE_S_CF1_R01/seed_530109.json,S,CF1,62,1.0000169697499763
CB1_CORE_S_CF1_R01,GA,530110,1834.0,124.00163747597253,124.0,52.72028740597307,17075,True,cb1_core,3d97e6a3f84d930213c424a633fa9e8192b16ec4eb9c2f169f65c0b48e691f0a,outputs/phase5c/search/cb1_core/formal/ga/CB1_CORE_S_CF1_R01/seed_530110.json,S,CF1,62,1.0000132054513913
CB1_CORE_S_CF1_R02,GA,530101,2210.0,130.00794432900148,130.0,36.08871955500217,17295,True,cb1_core,3d97e6a3f84d930213c424a633fa9e8192b16ec4eb9c2f169f65c0b48e691f0a,outputs/phase5c/search/cb1_core/formal/ga/CB1_CORE_S_CF1_R02/seed_530101.json,S,CF1,65,1.0000611102230883
CB1_CORE_S_CF1_R02,GA,530102,2184.0,130.0009006410255,130.0,63.442001638002694,17442,True,cb1_core,3d97e6a3f84d930213c424a633fa9e8192b16ec4eb9c2f169f65c0b48e691f0a,outputs/phase5c/search/cb1_core/formal/ga/CB1_CORE_S_CF1_R02/seed_530102.json,S,CF1,65,1.0000069280078885
CB1_CORE_S_CF1_R02,GA,530103,2132.0,130.00561603700044,130.0,120.25981082901126,15488,True,cb1_core,3d97e6a3f84d930213c424a633fa9e8192b16ec4eb9c2f169f65c0b48e691f0a,outputs/phase5c/search/cb1_core/formal/ga/CB1_CORE_S_CF1_R02/seed_530103.json,S,CF1,65,1.0000432002846187
CB1_CORE_S_CF1_R02,GA,530104,2159.0,130.00819122200483,130.0,128.31308315700153,15495,True,cb1_core,3d97e6a3f84d930213c424a633fa9e8192b16ec4eb9c2f169f65c0b48e691f0a,outputs/phase5c/search/cb1_core/formal/ga/CB1_CORE_S_CF1_R02/seed_530104.json,S,CF1,65,1.0000630094000371
CB1_CORE_S_CF1_R02,GA,530105,2128.0,130.00286714799586,130.0,105.86253217200283,15203,True,cb1_core,3d97e6a3f84d930213c424a633fa9e8192b16ec4eb9c2f169f65c0b48e691f0a,outputs/phase5c/search/cb1_core/formal/ga/CB1_CORE_S_CF1_R02/seed_530105.json,S,CF1,65,1.0000220549845835
CB1_CORE_S_CF1_R02,GA,530106,2170.0,130.0048659759923,130.0,120.6213068899815,18091,True,cb1_core,3d97e6a3f84d930213c424a633fa9e8192b16ec4eb9c2f169f65c0b48e691f0a,outputs/phase5c/search/cb1_core/formal/ga/CB1_CORE_S_CF1_R02/seed_530106.json,S,CF1,65,1.000037430584556
CB1_CORE_S_CF1_R02,GA,530107,2178.0,130.00255612298497,130.0,21.436657109996304,17090,True,cb1_core,3d97e6a3f84d930213c424a633fa9e8192b16ec4eb9c2f169f65c0b48e691f0a,outputs/phase5c/search/cb1_core/formal/ga/CB1_CORE_S_CF1_R02/seed_530107.json,S,CF1,65,1.0000196624844997
CB1_CORE_S_CF1_R02,GA,530108,2134.0,130.0189516429964,130.0,120.2607810269983,16330,True,cb1_core,3d97e6a3f84d930213c424a633fa9e8192b16ec4eb9c2f169f65c0b48e691f0a,outputs/phase5c/search/cb1_core/formal/ga/CB1_CORE_S_CF1_R02/seed_530108.json,S,CF1,65,1.000145781869203
CB1_CORE_S_CF1_R02,GA,530109,2174.0,130.00266669498524,130.0,86.21355223000864,15486,True,cb1_core,3d97e6a3f84d930213c424a633fa9e8192b16ec4eb9c2f169f65c0b48e691f0a,outputs/phase5c/search/cb1_core/formal/ga/CB1_CORE_S_CF1_R02/seed_530109.json,S,CF1,65,1.000020513038348
CB1_CORE_S_CF1_R02,GA,530110,2191.0,130.00666659302078,130.0,117.52186837300542,15226,True,cb1_core,3d97e6a3f84d930213c424a633fa9e8192b16ec4eb9c2f169f65c0b48e691f0a,outputs/phase5c/search/cb1_core/formal/ga/CB1_CORE_S_CF1_R02/seed_530110.json,S,CF1,65,1.0000512814847753
CB1_CORE_S_CF1_R03,GA,530101,1689.0,122.00022589799482,122.0,80.61833743500756,15915,True,cb1_core,3d97e6a3f84d930213c424a633fa9e8192b16ec4eb9c2f169f65c0b48e691f0a,outputs/phase5c/search/cb1_core/formal/ga/CB1_CORE_S_CF1_R03/seed_530101.json,S,CF1,61,1.0000018516229083
CB1_CORE_S_CF1_R03,GA,530102,1771.0,122.0046488730004,122.0,107.46512097198865,16279,True,cb1_core,3d97e6a3f84d930213c424a633fa9e8192b16ec4eb9c2f169f65c0b48e691f0a,outputs/phase5c/search/cb1_core/formal/ga/CB1_CORE_S_CF1_R03/seed_530102.json,S,CF1,61,1.0000381055163967
CB1_CORE_S_CF1_R03,GA,530103,1804.0,122.00467862200458,122.0,64.00351306199445,16120,True,cb1_core,3d97e6a3f84d930213c424a633fa9e8192b16ec4eb9c2f169f65c0b48e691f0a,outputs/phase5c/search/cb1_core/formal/ga/CB1_CORE_S_CF1_R03/seed_530103.json,S,CF1,61,1.0000383493606932
CB1_CORE_S_CF1_R03,GA,530104,1812.0,122.00466648399015,122.0,117.1191986099875,15808,True,cb1_core,3d97e6a3f84d930213c424a633fa9e8192b16ec4eb9c2f169f65c0b48e691f0a,outputs/phase5c/search/cb1_core/formal/ga/CB1_CORE_S_CF1_R03/seed_530104.json,S,CF1,61,1.0000382498687717
CB1_CORE_S_CF1_R03,GA,530105,1732.0,122.00458866701229,122.0,101.60169873700943,15611,True,cb1_core,3d97e6a3f84d930213c424a633fa9e8192b16ec4eb9c2f169f65c0b48e691f0a,outputs/phase5c/search/cb1_core/formal/ga/CB1_CORE_S_CF1_R03/seed_530105.json,S,CF1,61,1.0000376120246908
CB1_CORE_S_CF1_R03,GA,530106,1762.0,122.0011387260165,122.0,55.75487909800722,16116,True,cb1_core,3d97e6a3f84d930213c424a633fa9e8192b16ec4eb9c2f169f65c0b48e691f0a,outputs/phase5c/search/cb1_core/formal/ga/CB1_CORE_S_CF1_R03/seed_530106.json,S,CF1,61,1.0000093338198075
CB1_CORE_S_CF1_R03,GA,530107,1785.0,122.00524737700471,122.0,81.46868861600524,16417,True,cb1_core,3d97e6a3f84d930213c424a633fa9e8192b16ec4eb9c2f169f65c0b48e691f0a,outputs/phase5c/search/cb1_core/formal/ga/CB1_CORE_S_CF1_R03/seed_530107.json,S,CF1,61,1.0000430112869239
CB1_CORE_S_CF1_R03,GA,530108,1709.0,122.00280573498458,122.0,86.19639408998773,17208,True,cb1_core,3d97e6a3f84d930213c424a633fa9e8192b16ec4eb9c2f169f65c0b48e691f0a,outputs/phase5c/search/cb1_core/formal/ga/CB1_CORE_S_CF1_R03/seed_530108.json,S,CF1,61,1.0000229978277424
CB1_CORE_S_CF1_R03,GA,530109,1809.0,122.00340958300512,122.0,49.662411345983855,17958,True,cb1_core,3d97e6a3f84d930213c424a633fa9e8192b16ec4eb9c2f169f65c0b48e691f0a,outputs/phase5c/search/cb1_core/formal/ga/CB1_CORE_S_CF1_R03/seed_530109.json,S,CF1,61,1.0000279474016813
CB1_CORE_S_CF1_R03,GA,530110,1733.0,122.00119669100968,122.0,112.93610555201303,15176,True,cb1_core,3d97e6a3f84d930213c424a633fa9e8192b16ec4eb9c2f169f65c0b48e691f0a,outputs/phase5c/search/cb1_core/formal/ga/CB1_CORE_S_CF1_R03/seed_530110.json,S,CF1,61,1.0000098089427023
CB1_CORE_S_CF1_R04,GA,530101,1934.0,124.00061112298863,124.0,44.01310007198481,19062,True,cb1_core,3d97e6a3f84d930213c424a633fa9e8192b16ec4eb9c2f169f65c0b48e691f0a,outputs/phase5c/search/cb1_core/formal/ga/CB1_CORE_S_CF1_R04/seed_530101.json,S,CF1,62,1.0000049284111987
CB1_CORE_S_CF1_R04,GA,530102,1847.0,124.00047464398085,124.0,40.543533279997064,19112,True,cb1_core,3d97e6a3f84d930213c424a633fa9e8192b16ec4eb9c2f169f65c0b48e691f0a,outputs/phase5c/search/cb1_core/formal/ga/CB1_CORE_S_CF1_R04/seed_530102.json,S,CF1,62,1.000003827774039
CB1_CORE_S_CF1_R04,GA,530103,1878.0,124.00641299699782,124.0,56.862492398999166,15492,True,cb1_core,3d97e6a3f84d930213c424a633fa9e8192b16ec4eb9c2f169f65c0b48e691f0a,outputs/phase5c/search/cb1_core/formal/ga/CB1_CORE_S_CF1_R04/seed_530103.json,S,CF1,62,1.0000517177177244
CB1_CORE_S_CF1_R04,GA,530104,1891.0,124.00439764000475,124.0,96.58341308601666,17614,True,cb1_core,3d97e6a3f84d930213c424a633fa9e8192b16ec4eb9c2f169f65c0b48e691f0a,outputs/phase5c/search/cb1_core/formal/ga/CB1_CORE_S_CF1_R04/seed_530104.json,S,CF1,62,1.000035464838748
CB1_CORE_S_CF1_R04,GA,530105,1896.0,124.00186804201803,124.0,118.42805794801097,16882,True,cb1_core,3d97e6a3f84d930213c424a633fa9e8192b16ec4eb9c2f169f65c0b48e691f0a,outputs/phase5c/search/cb1_core/formal/ga/CB1_CORE_S_CF1_R04/seed_530105.json,S,CF1,62,1.0000150648549841
CB1_CORE_S_CF1_R04,GA,530106,1842.0,124.00759266200475,124.0,109.15934832498897,15755,True,cb1_core,3d97e6a3f84d930213c424a633fa9e8192b16ec4eb9c2f169f65c0b48e691f0a,outputs/phase5c/search/cb1_core/formal/ga/CB1_CORE_S_CF1_R04/seed_530106.json,S,CF1,62,1.0000612311451997
CB1_CORE_S_CF1_R04,GA,530107,1800.0,124.00150682899402,124.0,108.54872554299072,18800,True,cb1_core,3d97e6a3f84d930213c424a633fa9e8192b16ec4eb9c2f169f65c0b48e691f0a,outputs/phase5c/search/cb1_core/formal/ga/CB1_CORE_S_CF1_R04/seed_530107.json,S,CF1,62,1.000012151846726
CB1_CORE_S_CF1_R04,GA,530108,1863.0,124.00228485601838,124.0,123.134469067998,18530,True,cb1_core,3d97e6a3f84d930213c424a633fa9e8192b16ec4eb9c2f169f65c0b48e691f0a,outputs/phase5c/search/cb1_core/formal/ga/CB1_CORE_S_CF1_R04/seed_530108.json,S,CF1,62,1.0000184262582128
CB1_CORE_S_CF1_R04,GA,530109,1885.0,124.0080584520183,124.0,60.914555093011586,16719,True,cb1_core,3d97e6a3f84d930213c424a633fa9e8192b16ec4eb9c2f169f65c0b48e691f0a,outputs/phase5c/search/cb1_core/formal/ga/CB1_CORE_S_CF1_R04/seed_530109.json,S,CF1,62,1.0000649875162766
CB1_CORE_S_CF1_R04,GA,530110,1915.0,124.004716113006,124.0,50.51018278297852,18640,True,cb1_core,3d97e6a3f84d930213c424a633fa9e8192b16ec4eb9c2f169f65c0b48e691f0a,outputs/phase5c/search/cb1_core/formal/ga/CB1_CORE_S_CF1_R04/seed_530110.json,S,CF1,62,1.0000380331694032
CB1_CORE_S_CF1_R05,GA,530101,1671.0,122.00352862899308,122.0,99.83615990099497,18813,True,cb1_core,3d97e6a3f84d930213c424a633fa9e8192b16ec4eb9c2f169f65c0b48e691f0a,outputs/phase5c/search/cb1_core/formal/ga/CB1_CORE_S_CF1_R05/seed_530101.json,S,CF1,61,1.0000289231884678
CB1_CORE_S_CF1_R05,GA,530102,1666.0,122.00561715301592,122.0,104.54856875102269,16305,True,cb1_core,3d97e6a3f84d930213c424a633fa9e8192b16ec4eb9c2f169f65c0b48e691f0a,outputs/phase5c/search/cb1_core/formal/ga/CB1_CORE_S_CF1_R05/seed_530102.json,S,CF1,61,1.0000460422378354
CB1_CORE_S_CF1_R05,GA,530103,1672.0,122.0033764099935,122.0,94.90775235698675,18668,True,cb1_core,3d97e6a3f84d930213c424a633fa9e8192b16ec4eb9c2f169f65c0b48e691f0a,outputs/phase5c/search/cb1_core/formal/ga/CB1_CORE_S_CF1_R05/seed_530103.json,S,CF1,61,1.00002767549175
CB1_CORE_S_CF1_R05,GA,530104,1640.0,122.00725169299403,122.0,102.25277098300285,16014,True,cb1_core,3d97e6a3f84d930213c424a633fa9e8192b16ec4eb9c2f169f65c0b48e691f0a,outputs/phase5c/search/cb1_core/formal/ga/CB1_CORE_S_CF1_R05/seed_530104.json,S,CF1,61,1.0000594401065084
CB1_CORE_S_CF1_R05,GA,530105,1703.0,122.00263065501349,122.0,36.452561641985085,16254,True,cb1_core,3d97e6a3f84d930213c424a633fa9e8192b16ec4eb9c2f169f65c0b48e691f0a,outputs/phase5c/search/cb1_core/formal/ga/CB1_CORE_S_CF1_R05/seed_530105.json,S,CF1,61,1.0000215627460123
CB1_CORE_S_CF1_R05,GA,530106,1633.0,122.00646242799121,122.0,120.37227115899441,16373,True,cb1_core,3d97e6a3f84d930213c424a633fa9e8192b16ec4eb9c2f169f65c0b48e691f0a,outputs/phase5c/search/cb1_core/formal/ga/CB1_CORE_S_CF1_R05/seed_530106.json,S,CF1,61,1.0000529707212393
CB1_CORE_S_CF1_R05,GA,530107,1708.0,122.00271708000218,122.0,58.631760796997696,16205,True,cb1_core,3d97e6a3f84d930213c424a633fa9e8192b16ec4eb9c2f169f65c0b48e691f0a,outputs/phase5c/search/cb1_core/formal/ga/CB1_CORE_S_CF1_R05/seed_530107.json,S,CF1,61,1.0000222711475588
CB1_CORE_S_CF1_R05,GA,530108,1615.0,122.00260841200361,122.0,77.14517612499185,18275,True,cb1_core,3d97e6a3f84d930213c424a633fa9e8192b16ec4eb9c2f169f65c0b48e691f0a,outputs/phase5c/search/cb1_core/formal/ga/CB1_CORE_S_CF1_R05/seed_530108.json,S,CF1,61,1.0000213804262592
CB1_CORE_S_CF1_R05,GA,530109,1643.0,122.00459194401628,122.0,77.94405140099116,16306,True,cb1_core,3d97e6a3f84d930213c424a633fa9e8192b16ec4eb9c2f169f65c0b48e691f0a,outputs/phase5c/search/cb1_core/formal/ga/CB1_CORE_S_CF1_R05/seed_530109.json,S,CF1,61,1.0000376388853793
CB1_CORE_S_CF1_R05,GA,530110,1654.0,122.00313754600938,122.0,108.49057197902584,19240,True,cb1_core,3d97e6a3f84d930213c424a633fa9e8192b16ec4eb9c2f169f65c0b48e691f0a,outputs/phase5c/search/cb1_core/formal/ga/CB1_CORE_S_CF1_R05/seed_530110.json,S,CF1,61,1.000025717590241
CB1_CORE_S_CF2_R01,GA,530101,1963.0,128.0045260140032,128.0,70.95492779099732,18451,True,cb1_core,3d97e6a3f84d930213c424a633fa9e8192b16ec4eb9c2f169f65c0b48e691f0a,outputs/phase5c/search/cb1_core/formal/ga/CB1_CORE_S_CF2_R01/seed_530101.json,S,CF2,64,1.0000353594844
CB1_CORE_S_CF2_R01,GA,530102,1983.0,128.00312397099333,128.0,90.53827696898952,15503,True,cb1_core,3d97e6a3f84d930213c424a633fa9e8192b16ec4eb9c2f169f65c0b48e691f0a,outputs/phase5c/search/cb1_core/formal/ga/CB1_CORE_S_CF2_R01/seed_530102.json,S,CF2,64,1.0000244060233854
CB1_CORE_S_CF2_R01,GA,530103,1951.0,128.00028049299726,128.0,125.70061566197546,15509,True,cb1_core,3d97e6a3f84d930213c424a633fa9e8192b16ec4eb9c2f169f65c0b48e691f0a,outputs/phase5c/search/cb1_core/formal/ga/CB1_CORE_S_CF2_R01/seed_530103.json,S,CF2,64,1.0000021913515411
CB1_CORE_S_CF2_R01,GA,530104,2004.0,128.0007949710125,128.0,107.6815651319921,15468,True,cb1_core,3d97e6a3f84d930213c424a633fa9e8192b16ec4eb9c2f169f65c0b48e691f0a,outputs/phase5c/search/cb1_core/formal/ga/CB1_CORE_S_CF2_R01/seed_530104.json,S,CF2,64,1.0000062107110352
CB1_CORE_S_CF2_R01,GA,530105,1900.0,128.01436499599367,128.0,28.333919086988317,15389,True,cb1_core,3d97e6a3f84d930213c424a633fa9e8192b16ec4eb9c2f169f65c0b48e691f0a,outputs/phase5c/search/cb1_core/formal/ga/CB1_CORE_S_CF2_R01/seed_530105.json,S,CF2,64,1.0001122265312006
CB1_CORE_S_CF2_R01,GA,530106,1877.0,128.0010360959859,128.0,125.2669803389872,16096,True,cb1_core,3d97e6a3f84d930213c424a633fa9e8192b16ec4eb9c2f169f65c0b48e691f0a,outputs/phase5c/search/cb1_core/formal/ga/CB1_CORE_S_CF2_R01/seed_530106.json,S,CF2,64,1.00000809449989
CB1_CORE_S_CF2_R01,GA,530107,1967.0,128.00526830699528,128.0,119.93069820199162,18416,True,cb1_core,3d97e6a3f84d930213c424a633fa9e8192b16ec4eb9c2f169f65c0b48e691f0a,outputs/phase5c/search/cb1_core/formal/ga/CB1_CORE_S_CF2_R01/seed_530107.json,S,CF2,64,1.0000411586484006
CB1_CORE_S_CF2_R01,GA,530108,1943.0,128.00704247501562,128.0,119.71071545500308,15564,True,cb1_core,3d97e6a3f84d930213c424a633fa9e8192b16ec4eb9c2f169f65c0b48e691f0a,outputs/phase5c/search/cb1_core/formal/ga/CB1_CORE_S_CF2_R01/seed_530108.json,S,CF2,64,1.0000550193360596
CB1_CORE_S_CF2_R01,GA,530109,1934.0,128.00614673900418,128.0,87.18825068202568,18736,True,cb1_core,3d97e6a3f84d930213c424a633fa9e8192b16ec4eb9c2f169f65c0b48e691f0a,outputs/phase5c/search/cb1_core/formal/ga/CB1_CORE_S_CF2_R01/seed_530109.json,S,CF2,64,1.0000480213984702
CB1_CORE_S_CF2_R01,GA,530110,1924.0,128.00618790998124,128.0,108.6471918259922,18229,True,cb1_core,3d97e6a3f84d930213c424a633fa9e8192b16ec4eb9c2f169f65c0b48e691f0a,outputs/phase5c/search/cb1_core/formal/ga/CB1_CORE_S_CF2_R01/seed_530110.json,S,CF2,64,1.0000483430467284
CB1_CORE_S_CF2_R02,GA,530101,1610.0,126.00149517098907,126.0,89.85039755998878,18701,True,cb1_core,3d97e6a3f84d930213c424a633fa9e8192b16ec4eb9c2f169f65c0b48e691f0a,outputs/phase5c/search/cb1_core/formal/ga/CB1_CORE_S_CF2_R02/seed_530101.json,S,CF2,63,1.0000118664364213
CB1_CORE_S_CF2_R02,GA,530102,1591.0,126.00348808200215,126.0,112.50077099600458,15792,True,cb1_core,3d97e6a3f84d930213c424a633fa9e8192b16ec4eb9c2f169f65c0b48e691f0a,outputs/phase5c/search/cb1_core/formal/ga/CB1_CORE_S_CF2_R02/seed_530102.json,S,CF2,63,1.0000276831904933
CB1_CORE_S_CF2_R02,GA,530103,1699.0,126.0042881279951,126.0,108.78484359499998,15759,True,cb1_core,3d97e6a3f84d930213c424a633fa9e8192b16ec4eb9c2f169f65c0b48e691f0a,outputs/phase5c/search/cb1_core/formal/ga/CB1_CORE_S_CF2_R02/seed_530103.json,S,CF2,63,1.0000340327618658
CB1_CORE_S_CF2_R02,GA,530104,1515.0,126.00445562700043,126.0,50.91388685000129,15916,True,cb1_core,3d97e6a3f84d930213c424a633fa9e8192b16ec4eb9c2f169f65c0b48e691f0a,outputs/phase5c/search/cb1_core/formal/ga/CB1_CORE_S_CF2_R02/seed_530104.json,S,CF2,63,1.000035362119051
CB1_CORE_S_CF2_R02,GA,530105,1632.0,126.00277377601014,126.0,91.3761691020045,18945,True,cb1_core,3d97e6a3f84d930213c424a633fa9e8192b16ec4eb9c2f169f65c0b48e691f0a,outputs/phase5c/search/cb1_core/formal/ga/CB1_CORE_S_CF2_R02/seed_530105.json,S,CF2,63,1.0000220140953187
CB1_CORE_S_CF2_R02,GA,530106,1707.0,126.00431245099753,126.0,76.66883510298794,16035,True,cb1_core,3d97e6a3f84d930213c424a633fa9e8192b16ec4eb9c2f169f65c0b48e691f0a,outputs/phase5c/search/cb1_core/formal/ga/CB1_CORE_S_CF2_R02/seed_530106.json,S,CF2,63,1.0000342258015678
CB1_CORE_S_CF2_R02,GA,530107,1709.0,126.00788701200509,126.0,31.819089417986106,15355,True,cb1_core,3d97e6a3f84d930213c424a633fa9e8192b16ec4eb9c2f169f65c0b48e691f0a,outputs/phase5c/search/cb1_core/formal/ga/CB1_CORE_S_CF2_R02/seed_530107.json,S,CF2,63,1.0000625953333737
CB1_CORE_S_CF2_R02,GA,530108,1648.0,126.00456882698927,126.0,125.03156890900573,15512,True,cb1_core,3d97e6a3f84d930213c424a633fa9e8192b16ec4eb9c2f169f65c0b48e691f0a,outputs/phase5c/search/cb1_core/formal/ga/CB1_CORE_S_CF2_R02/seed_530108.json,S,CF2,63,1.0000362605316608
CB1_CORE_S_CF2_R02,GA,530109,1861.0,126.00471753400052,126.0,123.70666225202149,16767,True,cb1_core,3d97e6a3f84d930213c424a633fa9e8192b16ec4eb9c2f169f65c0b48e691f0a,outputs/phase5c/search/cb1_core/formal/ga/CB1_CORE_S_CF2_R02/seed_530109.json,S,CF2,63,1.000037440746036
CB1_CORE_S_CF2_R02,GA,530110,1653.0,126.00076106601045,126.0,55.287389831006294,15794,True,cb1_core,3d97e6a3f84d930213c424a633fa9e8192b16ec4eb9c2f169f65c0b48e691f0a,outputs/phase5c/search/cb1_core/formal/ga/CB1_CORE_S_CF2_R02/seed_530110.json,S,CF2,63,1.0000060402064321
CB1_CORE_S_CF2_R03,GA,530101,1580.0,116.00180418000673,116.0,69.7031385260052,19516,True,cb1_core,3d97e6a3f84d930213c424a633fa9e8192b16ec4eb9c2f169f65c0b48e691f0a,outputs/phase5c/search/cb1_core/formal/ga/CB1_CORE_S_CF2_R03/seed_530101.json,S,CF2,58,1.00001555327592
CB1_CORE_S_CF2_R03,GA,530102,1685.0,116.00229493301595,116.0,115.7104849560128,19859,True,cb1_core,3d97e6a3f84d930213c424a633fa9e8192b16ec4eb9c2f169f65c0b48e691f0a,outputs/phase5c/search/cb1_core/formal/ga/CB1_CORE_S_CF2_R03/seed_530102.json,S,CF2,58,1.00001978390531
CB1_CORE_S_CF2_R03,GA,530103,1717.0,116.00234363399795,116.0,61.69803605400375,16523,True,cb1_core,3d97e6a3f84d930213c424a633fa9e8192b16ec4eb9c2f169f65c0b48e691f0a,outputs/phase5c/search/cb1_core/formal/ga/CB1_CORE_S_CF2_R03/seed_530103.json,S,CF2,58,1.0000202037413617
CB1_CORE_S_CF2_R03,GA,530104,1654.0,116.0034821779991,116.0,107.37055424100254,16480,True,cb1_core,3d97e6a3f84d930213c424a633fa9e8192b16ec4eb9c2f169f65c0b48e691f0a,outputs/phase5c/search/cb1_core/formal/ga/CB1_CORE_S_CF2_R03/seed_530104.json,S,CF2,58,1.0000300187758544
CB1_CORE_S_CF2_R03,GA,530105,1685.0,116.0022805549961,116.0,80.39805774099659,17167,True,cb1_core,3d97e6a3f84d930213c424a633fa9e8192b16ec4eb9c2f169f65c0b48e691f0a,outputs/phase5c/search/cb1_core/formal/ga/CB1_CORE_S_CF2_R03/seed_530105.json,S,CF2,58,1.000019659956863
CB1_CORE_S_CF2_R03,GA,530106,1598.0,116.0011213440157,116.0,92.57586927901139,19860,True,cb1_core,3d97e6a3f84d930213c424a633fa9e8192b16ec4eb9c2f169f65c0b48e691f0a,outputs/phase5c/search/cb1_core/formal/ga/CB1_CORE_S_CF2_R03/seed_530106.json,S,CF2,58,1.0000096667587561
CB1_CORE_S_CF2_R03,GA,530107,1610.0,116.00532999000279,116.0,63.931977660016855,16502,True,cb1_core,3d97e6a3f84d930213c424a633fa9e8192b16ec4eb9c2f169f65c0b48e691f0a,outputs/phase5c/search/cb1_core/formal/ga/CB1_CORE_S_CF2_R03/seed_530107.json,S,CF2,58,1.0000459481896793
CB1_CORE_S_CF2_R03,GA,530108,1662.0,116.00200121899252,116.0,51.95993335798266,19116,True,cb1_core,3d97e6a3f84d930213c424a633fa9e8192b16ec4eb9c2f169f65c0b48e691f0a,outputs/phase5c/search/cb1_core/formal/ga/CB1_CORE_S_CF2_R03/seed_530108.json,S,CF2,58,1.0000172518878665
CB1_CORE_S_CF2_R03,GA,530109,1663.0,116.00365083900397,116.0,76.863856365002,20040,True,cb1_core,3d97e6a3f84d930213c424a633fa9e8192b16ec4eb9c2f169f65c0b48e691f0a,outputs/phase5c/search/cb1_core/formal/ga/CB1_CORE_S_CF2_R03/seed_530109.json,S,CF2,58,1.0000314727500341
CB1_CORE_S_CF2_R03,GA,530110,1644.0,116.0040287390002,116.0,89.68584843800636,19326,True,cb1_core,3d97e6a3f84d930213c424a633fa9e8192b16ec4eb9c2f169f65c0b48e691f0a,outputs/phase5c/search/cb1_core/formal/ga/CB1_CORE_S_CF2_R03/seed_530110.json,S,CF2,58,1.0000347305086223
CB1_CORE_S_CF2_R04,GA,530101,1729.0,128.00754172698362,128.0,60.662579166004434,15449,True,cb1_core,3d97e6a3f84d930213c424a633fa9e8192b16ec4eb9c2f169f65c0b48e691f0a,outputs/phase5c/search/cb1_core/formal/ga/CB1_CORE_S_CF2_R04/seed_530101.json,S,CF2,64,1.0000589197420595
CB1_CORE_S_CF2_R04,GA,530102,1677.0,128.0040839589783,128.0,112.44647957198322,15439,True,cb1_core,3d97e6a3f84d930213c424a633fa9e8192b16ec4eb9c2f169f65c0b48e691f0a,outputs/phase5c/search/cb1_core/formal/ga/CB1_CORE_S_CF2_R04/seed_530102.json,S,CF2,64,1.000031905929518
CB1_CORE_S_CF2_R04,GA,530103,1742.0,128.00148450699635,128.0,120.12709152098978,15430,True,cb1_core,3d97e6a3f84d930213c424a633fa9e8192b16ec4eb9c2f169f65c0b48e691f0a,outputs/phase5c/search/cb1_core/formal/ga/CB1_CORE_S_CF2_R04/seed_530103.json,S,CF2,64,1.000011597710909
CB1_CORE_S_CF2_R04,GA,530104,1688.0,128.00127830798738,128.0,126.89583403698634,19146,True,cb1_core,3d97e6a3f84d930213c424a633fa9e8192b16ec4eb9c2f169f65c0b48e691f0a,outputs/phase5c/search/cb1_core/formal/ga/CB1_CORE_S_CF2_R04/seed_530104.json,S,CF2,64,1.0000099867811514
CB1_CORE_S_CF2_R04,GA,530105,1766.0,128.00205684898538,128.0,121.31119940799545,18463,True,cb1_core,3d97e6a3f84d930213c424a633fa9e8192b16ec4eb9c2f169f65c0b48e691f0a,outputs/phase5c/search/cb1_core/formal/ga/CB1_CORE_S_CF2_R04/seed_530105.json,S,CF2,64,1.0000160691326982
CB1_CORE_S_CF2_R04,GA,530106,1671.0,128.0025976629986,128.0,42.97137450001901,19336,True,cb1_core,3d97e6a3f84d930213c424a633fa9e8192b16ec4eb9c2f169f65c0b48e691f0a,outputs/phase5c/search/cb1_core/formal/ga/CB1_CORE_S_CF2_R04/seed_530106.json,S,CF2,64,1.0000202942421765
CB1_CORE_S_CF2_R04,GA,530107,1751.0,128.00370711900177,128.0,22.924332562979544,15402,True,cb1_core,3d97e6a3f84d930213c424a633fa9e8192b16ec4eb9c2f169f65c0b48e691f0a,outputs/phase5c/search/cb1_core/formal/ga/CB1_CORE_S_CF2_R04/seed_530107.json,S,CF2,64,1.0000289618672014
CB1_CORE_S_CF2_R04,GA,530108,1578.0,128.0087783439958,128.0,125.28142015798949,15195,True,cb1_core,3d97e6a3f84d930213c424a633fa9e8192b16ec4eb9c2f169f65c0b48e691f0a,outputs/phase5c/search/cb1_core/formal/ga/CB1_CORE_S_CF2_R04/seed_530108.json,S,CF2,64,1.0000685808124672
CB1_CORE_S_CF2_R04,GA,530109,1656.0,128.00327827499132,128.0,107.17792186199222,18717,True,cb1_core,3d97e6a3f84d930213c424a633fa9e8192b16ec4eb9c2f169f65c0b48e691f0a,outputs/phase5c/search/cb1_core/formal/ga/CB1_CORE_S_CF2_R04/seed_530109.json,S,CF2,64,1.0000256115233697
CB1_CORE_S_CF2_R04,GA,530110,1715.0,128.00696062200586,128.0,126.42053711699555,16233,True,cb1_core,3d97e6a3f84d930213c424a633fa9e8192b16ec4eb9c2f169f65c0b48e691f0a,outputs/phase5c/search/cb1_core/formal/ga/CB1_CORE_S_CF2_R04/seed_530110.json,S,CF2,64,1.0000543798594208
CB1_CORE_S_CF2_R05,GA,530101,1712.0,118.00132344101439,118.0,71.7498681640136,19210,True,cb1_core,3d97e6a3f84d930213c424a633fa9e8192b16ec4eb9c2f169f65c0b48e691f0a,outputs/phase5c/search/cb1_core/formal/ga/CB1_CORE_S_CF2_R05/seed_530101.json,S,CF2,59,1.0000112156018168
CB1_CORE_S_CF2_R05,GA,530102,1617.0,118.00046364002628,118.0,110.2582778170181,16444,True,cb1_core,3d97e6a3f84d930213c424a633fa9e8192b16ec4eb9c2f169f65c0b48e691f0a,outputs/phase5c/search/cb1_core/formal/ga/CB1_CORE_S_CF2_R05/seed_530102.json,S,CF2,59,1.0000039291527651
CB1_CORE_S_CF2_R05,GA,530103,1670.0,118.00545684600365,118.0,101.33091841900023,19637,True,cb1_core,3d97e6a3f84d930213c424a633fa9e8192b16ec4eb9c2f169f65c0b48e691f0a,outputs/phase5c/search/cb1_core/formal/ga/CB1_CORE_S_CF2_R05/seed_530103.json,S,CF2,59,1.000046244457658
CB1_CORE_S_CF2_R05,GA,530104,1593.0,118.00546010700054,118.0,110.22045795200393,19427,True,cb1_core,3d97e6a3f84d930213c424a633fa9e8192b16ec4eb9c2f169f65c0b48e691f0a,outputs/phase5c/search/cb1_core/formal/ga/CB1_CORE_S_CF2_R05/seed_530104.json,S,CF2,59,1.000046272093225
CB1_CORE_S_CF2_R05,GA,530105,1648.0,118.00326174098882,118.0,45.93397947700578,16345,True,cb1_core,3d97e6a3f84d930213c424a633fa9e8192b16ec4eb9c2f169f65c0b48e691f0a,outputs/phase5c/search/cb1_core/formal/ga/CB1_CORE_S_CF2_R05/seed_530105.json,S,CF2,59,1.0000276418727867
CB1_CORE_S_CF2_R05,GA,530106,1611.0,118.00601711100899,118.0,97.77382809700794,16587,True,cb1_core,3d97e6a3f84d930213c424a633fa9e8192b16ec4eb9c2f169f65c0b48e691f0a,outputs/phase5c/search/cb1_core/formal/ga/CB1_CORE_S_CF2_R05/seed_530106.json,S,CF2,59,1.0000509924661778
CB1_CORE_S_CF2_R05,GA,530107,1660.0,118.00350262597203,118.0,109.8503667479963,15891,True,cb1_core,3d97e6a3f84d930213c424a633fa9e8192b16ec4eb9c2f169f65c0b48e691f0a,outputs/phase5c/search/cb1_core/formal/ga/CB1_CORE_S_CF2_R05/seed_530107.json,S,CF2,59,1.0000296832709494
CB1_CORE_S_CF2_R05,GA,530108,1559.0,118.00233264898998,118.0,89.71879977500066,19318,True,cb1_core,3d97e6a3f84d930213c424a633fa9e8192b16ec4eb9c2f169f65c0b48e691f0a,outputs/phase5c/search/cb1_core/formal/ga/CB1_CORE_S_CF2_R05/seed_530108.json,S,CF2,59,1.0000197682117795
CB1_CORE_S_CF2_R05,GA,530109,1534.0,118.00727802902111,118.0,102.8331226480077,16019,True,cb1_core,3d97e6a3f84d930213c424a633fa9e8192b16ec4eb9c2f169f65c0b48e691f0a,outputs/phase5c/search/cb1_core/formal/ga/CB1_CORE_S_CF2_R05/seed_530109.json,S,CF2,59,1.0000616782120433
CB1_CORE_S_CF2_R05,GA,530110,1740.0,118.0070875090023,118.0,100.55238455400104,16513,True,cb1_core,3d97e6a3f84d930213c424a633fa9e8192b16ec4eb9c2f169f65c0b48e691f0a,outputs/phase5c/search/cb1_core/formal/ga/CB1_CORE_S_CF2_R05/seed_530110.json,S,CF2,59,1.0000600636356127
CB1_CORE_S_CF3_R01,GA,530101,1582.0,130.00513658099226,130.0,71.31154005398275,15096,True,cb1_core,3d97e6a3f84d930213c424a633fa9e8192b16ec4eb9c2f169f65c0b48e691f0a,outputs/phase5c/search/cb1_core/formal/ga/CB1_CORE_S_CF3_R01/seed_530101.json,S,CF3,65,1.000039512161479
CB1_CORE_S_CF3_R01,GA,530102,1613.0,130.00316361500882,130.0,88.57345632600482,15184,True,cb1_core,3d97e6a3f84d930213c424a633fa9e8192b16ec4eb9c2f169f65c0b48e691f0a,outputs/phase5c/search/cb1_core/formal/ga/CB1_CORE_S_CF3_R01/seed_530102.json,S,CF3,65,1.0000243355000678
CB1_CORE_S_CF3_R01,GA,530103,1647.0,130.00039145399933,130.0,109.80032291600946,15124,True,cb1_core,3d97e6a3f84d930213c424a633fa9e8192b16ec4eb9c2f169f65c0b48e691f0a,outputs/phase5c/search/cb1_core/formal/ga/CB1_CORE_S_CF3_R01/seed_530103.json,S,CF3,65,1.00000301118461
CB1_CORE_S_CF3_R01,GA,530104,1581.0,130.0055310530006,130.0,123.26837799302302,15360,True,cb1_core,3d97e6a3f84d930213c424a633fa9e8192b16ec4eb9c2f169f65c0b48e691f0a,outputs/phase5c/search/cb1_core/formal/ga/CB1_CORE_S_CF3_R01/seed_530104.json,S,CF3,65,1.000042546561543
CB1_CORE_S_CF3_R01,GA,530105,1632.0,130.00507935200585,130.0,53.79559345101006,18299,True,cb1_core,3d97e6a3f84d930213c424a633fa9e8192b16ec4eb9c2f169f65c0b48e691f0a,outputs/phase5c/search/cb1_core/formal/ga/CB1_CORE_S_CF3_R01/seed_530105.json,S,CF3,65,1.0000390719385066
CB1_CORE_S_CF3_R01,GA,530106,1550.0,130.00675017599133,130.0,82.7695578970015,17009,True,cb1_core,3d97e6a3f84d930213c424a633fa9e8192b16ec4eb9c2f169f65c0b48e691f0a,outputs/phase5c/search/cb1_core/formal/ga/CB1_CORE_S_CF3_R01/seed_530106.json,S,CF3,65,1.0000519244307025
CB1_CORE_S_CF3_R01,GA,530107,1548.0,130.00380753100035,130.0,128.82395777499187,18598,True,cb1_core,3d97e6a3f84d930213c424a633fa9e8192b16ec4eb9c2f169f65c0b48e691f0a,outputs/phase5c/search/cb1_core/formal/ga/CB1_CORE_S_CF3_R01/seed_530107.json,S,CF3,65,1.0000292887000026
CB1_CORE_S_CF3_R01,GA,530108,1510.0,130.0020017369825,130.0,64.40002351399744,18304,True,cb1_core,3d97e6a3f84d930213c424a633fa9e8192b16ec4eb9c2f169f65c0b48e691f0a,outputs/phase5c/search/cb1_core/formal/ga/CB1_CORE_S_CF3_R01/seed_530108.json,S,CF3,65,1.0000153979767885
CB1_CORE_S_CF3_R01,GA,530109,1649.0,130.00449630300864,130.0,125.29354082499049,15208,True,cb1_core,3d97e6a3f84d930213c424a633fa9e8192b16ec4eb9c2f169f65c0b48e691f0a,outputs/phase5c/search/cb1_core/formal/ga/CB1_CORE_S_CF3_R01/seed_530109.json,S,CF3,65,1.0000345869462204
CB1_CORE_S_CF3_R01,GA,530110,1563.0,130.0079685950186,130.0,129.68972660400323,16190,True,cb1_core,3d97e6a3f84d930213c424a633fa9e8192b16ec4eb9c2f169f65c0b48e691f0a,outputs/phase5c/search/cb1_core/formal/ga/CB1_CORE_S_CF3_R01/seed_530110.json,S,CF3,65,1.0000612968847586
CB1_CORE_S_CF3_R02,GA,530101,1681.0,114.0006132920098,114.0,56.45567237099749,16470,True,cb1_core,3d97e6a3f84d930213c424a633fa9e8192b16ec4eb9c2f169f65c0b48e691f0a,outputs/phase5c/search/cb1_core/formal/ga/CB1_CORE_S_CF3_R02/seed_530101.json,S,CF3,57,1.000005379754472
CB1_CORE_S_CF3_R02,GA,530102,1711.0,114.00383003699244,114.0,91.33818908699322,18905,True,cb1_core,3d97e6a3f84d930213c424a633fa9e8192b16ec4eb9c2f169f65c0b48e691f0a,outputs/phase5c/search/cb1_core/formal/ga/CB1_CORE_S_CF3_R02/seed_530102.json,S,CF3,57,1.0000335968157232
CB1_CORE_S_CF3_R02,GA,530103,1736.0,114.00210273000994,114.0,113.4309358309838,16240,True,cb1_core,3d97e6a3f84d930213c424a633fa9e8192b16ec4eb9c2f169f65c0b48e691f0a,outputs/phase5c/search/cb1_core/formal/ga/CB1_CORE_S_CF3_R02/seed_530103.json,S,CF3,57,1.000018445000087
CB1_CORE_S_CF3_R02,GA,530104,1685.0,114.00175770599162,114.0,99.11185191199183,16372,True,cb1_core,3d97e6a3f84d930213c424a633fa9e8192b16ec4eb9c2f169f65c0b48e691f0a,outputs/phase5c/search/cb1_core/formal/ga/CB1_CORE_S_CF3_R02/seed_530104.json,S,CF3,57,1.0000154184736108
CB1_CORE_S_CF3_R02,GA,530105,1700.0,114.00339415500639,114.0,69.69204292399809,20015,True,cb1_core,3d97e6a3f84d930213c424a633fa9e8192b16ec4eb9c2f169f65c0b48e691f0a,outputs/phase5c/search/cb1_core/formal/ga/CB1_CORE_S_CF3_R02/seed_530105.json,S,CF3,57,1.0000297732895298
CB1_CORE_S_CF3_R02,GA,530106,1673.0,114.00044735099073,114.0,84.51989232600317,19499,True,cb1_core,3d97e6a3f84d930213c424a633fa9e8192b16ec4eb9c2f169f65c0b48e691f0a,outputs/phase5c/search/cb1_core/formal/ga/CB1_CORE_S_CF3_R02/seed_530106.json,S,CF3,57,1.0000039241314975
CB1_CORE_S_CF3_R02,GA,530107,1808.0,114.00635063200025,114.0,111.70522361400072,19901,True,cb1_core,3d97e6a3f84d930213c424a633fa9e8192b16ec4eb9c2f169f65c0b48e691f0a,outputs/phase5c/search/cb1_core/formal/ga/CB1_CORE_S_CF3_R02/seed_530107.json,S,CF3,57,1.0000557072982479
CB1_CORE_S_CF3_R02,GA,530108,1717.0,114.00166083400836,114.0,53.023110317008104,16342,True,cb1_core,3d97e6a3f84d930213c424a633fa9e8192b16ec4eb9c2f169f65c0b48e691f0a,outputs/phase5c/search/cb1_core/formal/ga/CB1_CORE_S_CF3_R02/seed_530108.json,S,CF3,57,1.0000145687193716
CB1_CORE_S_CF3_R02,GA,530109,1695.0,114.00238386899582,114.0,96.23420442600036,16437,True,cb1_core,3d97e6a3f84d930213c424a633fa9e8192b16ec4eb9c2f169f65c0b48e691f0a,outputs/phase5c/search/cb1_core/formal/ga/CB1_CORE_S_CF3_R02/seed_530109.json,S,CF3,57,1.0000209111315423
CB1_CORE_S_CF3_R02,GA,530110,1670.0,114.00320298198494,114.0,110.5787126729847,19155,True,cb1_core,3d97e6a3f84d930213c424a633fa9e8192b16ec4eb9c2f169f65c0b48e691f0a,outputs/phase5c/search/cb1_core/formal/ga/CB1_CORE_S_CF3_R02/seed_530110.json,S,CF3,57,1.0000280963332013
CB1_CORE_S_CF3_R03,GA,530101,1763.0,114.00669136500801,114.0,87.20173486199928,16050,True,cb1_core,3d97e6a3f84d930213c424a633fa9e8192b16ec4eb9c2f169f65c0b48e691f0a,outputs/phase5c/search/cb1_core/formal/ga/CB1_CORE_S_CF3_R03/seed_530101.json,S,CF3,57,1.0000586961842808
CB1_CORE_S_CF3_R03,GA,530102,1774.0,114.00770894100424,114.0,75.80208993999986,16115,True,cb1_core,3d97e6a3f84d930213c424a633fa9e8192b16ec4eb9c2f169f65c0b48e691f0a,outputs/phase5c/search/cb1_core/formal/ga/CB1_CORE_S_CF3_R03/seed_530102.json,S,CF3,57,1.0000676222895108
CB1_CORE_S_CF3_R03,GA,530103,1703.0,114.00369733502157,114.0,108.24300479399972,19516,True,cb1_core,3d97e6a3f84d930213c424a633fa9e8192b16ec4eb9c2f169f65c0b48e691f0a,outputs/phase5c/search/cb1_core/formal/ga/CB1_CORE_S_CF3_R03/seed_530103.json,S,CF3,57,1.0000324327633472
CB1_CORE_S_CF3_R03,GA,530104,1723.0,114.00054476299556,114.0,106.7971540519793,19168,True,cb1_core,3d97e6a3f84d930213c424a633fa9e8192b16ec4eb9c2f169f65c0b48e691f0a,outputs/phase5c/search/cb1_core/formal/ga/CB1_CORE_S_CF3_R03/seed_530104.json,S,CF3,57,1.0000047786227682
CB1_CORE_S_CF3_R03,GA,530105,1793.0,114.0096832740237,114.0,26.013380774005782,16301,True,cb1_core,3d97e6a3f84d930213c424a633fa9e8192b16ec4eb9c2f169f65c0b48e691f0a,outputs/phase5c/search/cb1_core/formal/ga/CB1_CORE_S_CF3_R03/seed_530105.json,S,CF3,57,1.000084941000208
CB1_CORE_S_CF3_R03,GA,530106,1780.0,114.00235472799977,114.0,110.79863548799767,18668,True,cb1_core,3d97e6a3f84d930213c424a633fa9e8192b16ec4eb9c2f169f65c0b48e691f0a,outputs/phase5c/search/cb1_core/formal/ga/CB1_CORE_S_CF3_R03/seed_530106.json,S,CF3,57,1.0000206555087698
CB1_CORE_S_CF3_R03,GA,530107,1739.0,114.00414893199923,114.0,71.40276319600525,19646,True,cb1_core,3d97e6a3f84d930213c424a633fa9e8192b16ec4eb9c2f169f65c0b48e691f0a,outputs/phase5c/search/cb1_core/formal/ga/CB1_CORE_S_CF3_R03/seed_530107.json,S,CF3,57,1.000036394140344
CB1_CORE_S_CF3_R03,GA,530108,1742.0,114.00377499399474,114.0,96.88074190201587,15744,True,cb1_core,3d97e6a3f84d930213c424a633fa9e8192b16ec4eb9c2f169f65c0b48e691f0a,outputs/phase5c/search/cb1_core/formal/ga/CB1_CORE_S_CF3_R03/seed_530108.json,S,CF3,57,1.00003311398241
CB1_CORE_S_CF3_R03,GA,530109,1902.0,114.00175536199822,114.0,62.463792757014744,16282,True,cb1_core,3d97e6a3f84d930213c424a633fa9e8192b16ec4eb9c2f169f65c0b48e691f0a,outputs/phase5c/search/cb1_core/formal/ga/CB1_CORE_S_CF3_R03/seed_530109.json,S,CF3,57,1.000015397912265
CB1_CORE_S_CF3_R03,GA,530110,1720.0,114.00063420299557,114.0,108.62276795500657,19807,True,cb1_core,3d97e6a3f84d930213c424a633fa9e8192b16ec4eb9c2f169f65c0b48e691f0a,outputs/phase5c/search/cb1_core/formal/ga/CB1_CORE_S_CF3_R03/seed_530110.json,S,CF3,57,1.0000055631841718
CB1_CORE_S_CF3_R04,GA,530101,1514.0,116.00089448300423,116.0,79.58995446699555,16462,True,cb1_core,3d97e6a3f84d930213c424a633fa9e8192b16ec4eb9c2f169f65c0b48e691f0a,outputs/phase5c/search/cb1_core/formal/ga/CB1_CORE_S_CF3_R04/seed_530101.json,S,CF3,58,1.0000077110603813
CB1_CORE_S_CF3_R04,GA,530102,1435.0,116.00598942901706,116.0,10.81019287701929,19264,True,cb1_core,3d97e6a3f84d930213c424a633fa9e8192b16ec4eb9c2f169f65c0b48e691f0a,outputs/phase5c/search/cb1_core/formal/ga/CB1_CORE_S_CF3_R04/seed_530102.json,S,CF3,58,1.0000516330087679
CB1_CORE_S_CF3_R04,GA,530103,1529.0,116.00621092799702,116.0,53.97878414799925,16517,True,cb1_core,3d97e6a3f84d930213c424a633fa9e8192b16ec4eb9c2f169f65c0b48e691f0a,outputs/phase5c/search/cb1_core/formal/ga/CB1_CORE_S_CF3_R04/seed_530103.json,S,CF3,58,1.0000535424827328
CB1_CORE_S_CF3_R04,GA,530104,1577.0,116.0020988949982,116.0,60.92560878500808,16069,True,cb1_core,3d97e6a3f84d930213c424a633fa9e8192b16ec4eb9c2f169f65c0b48e691f0a,outputs/phase5c/search/cb1_core/formal/ga/CB1_CORE_S_CF3_R04/seed_530104.json,S,CF3,58,1.0000180939223982
CB1_CORE_S_CF3_R04,GA,530105,1468.0,116.00511361198733,116.0,93.456767191994,16714,True,cb1_core,3d97e6a3f84d930213c424a633fa9e8192b16ec4eb9c2f169f65c0b48e691f0a,outputs/phase5c/search/cb1_core/formal/ga/CB1_CORE_S_CF3_R04/seed_530105.json,S,CF3,58,1.0000440828619597
CB1_CORE_S_CF3_R04,GA,530106,1423.0,116.0030894849915,116.0,103.07858987699728,19455,True,cb1_core,3d97e6a3f84d930213c424a633fa9e8192b16ec4eb9c2f169f65c0b48e691f0a,outputs/phase5c/search/cb1_core/formal/ga/CB1_CORE_S_CF3_R04/seed_530106.json,S,CF3,58,1.0000266334913062
CB1_CORE_S_CF3_R04,GA,530107,1489.0,116.00007305300096,116.0,63.831934003013885,16093,True,cb1_core,3d97e6a3f84d930213c424a633fa9e8192b16ec4eb9c2f169f65c0b48e691f0a,outputs/phase5c/search/cb1_core/formal/ga/CB1_CORE_S_CF3_R04/seed_530107.json,S,CF3,58,1.0000006297672497
CB1_CORE_S_CF3_R04,GA,530108,1545.0,116.00312736001797,116.0,105.94680683701881,19802,True,cb1_core,3d97e6a3f84d930213c424a633fa9e8192b16ec4eb9c2f169f65c0b48e691f0a,outputs/phase5c/search/cb1_core/formal/ga/CB1_CORE_S_CF3_R04/seed_530108.json,S,CF3,58,1.000026960000155
CB1_CORE_S_CF3_R04,GA,530109,1611.0,116.00161162498989,116.0,98.39764624499367,16166,True,cb1_core,3d97e6a3f84d930213c424a633fa9e8192b16ec4eb9c2f169f65c0b48e691f0a,outputs/phase5c/search/cb1_core/formal/ga/CB1_CORE_S_CF3_R04/seed_530109.json,S,CF3,58,1.0000138933188785
CB1_CORE_S_CF3_R04,GA,530110,1494.0,116.00073778801016,116.0,109.63578837399837,15634,True,cb1_core,3d97e6a3f84d930213c424a633fa9e8192b16ec4eb9c2f169f65c0b48e691f0a,outputs/phase5c/search/cb1_core/formal/ga/CB1_CORE_S_CF3_R04/seed_530110.json,S,CF3,58,1.0000063602414668
CB1_CORE_S_CF3_R05,GA,530101,1510.0,112.00337118300376,112.0,105.67409358097939,16741,True,cb1_core,3d97e6a3f84d930213c424a633fa9e8192b16ec4eb9c2f169f65c0b48e691f0a,outputs/phase5c/search/cb1_core/formal/ga/CB1_CORE_S_CF3_R05/seed_530101.json,S,CF3,56,1.0000300998482479
CB1_CORE_S_CF3_R05,GA,530102,1609.0,112.00118414298049,112.0,109.7899902619829,17425,True,cb1_core,3d97e6a3f84d930213c424a633fa9e8192b16ec4eb9c2f169f65c0b48e691f0a,outputs/phase5c/search/cb1_core/formal/ga/CB1_CORE_S_CF3_R05/seed_530102.json,S,CF3,56,1.000010572705183
CB1_CORE_S_CF3_R05,GA,530103,1522.0,112.00375681801233,112.0,109.08201143200858,20231,True,cb1_core,3d97e6a3f84d930213c424a633fa9e8192b16ec4eb9c2f169f65c0b48e691f0a,outputs/phase5c/search/cb1_core/formal/ga/CB1_CORE_S_CF3_R05/seed_530103.json,S,CF3,56,1.0000335430179672
CB1_CORE_S_CF3_R05,GA,530104,1546.0,112.00213241702295,112.0,106.46773525202298,19852,True,cb1_core,3d97e6a3f84d930213c424a633fa9e8192b16ec4eb9c2f169f65c0b48e691f0a,outputs/phase5c/search/cb1_core/formal/ga/CB1_CORE_S_CF3_R05/seed_530104.json,S,CF3,56,1.0000190394377049
CB1_CORE_S_CF3_R05,GA,530105,1519.0,112.00392243202077,112.0,110.2070523930015,19551,True,cb1_core,3d97e6a3f84d930213c424a633fa9e8192b16ec4eb9c2f169f65c0b48e691f0a,outputs/phase5c/search/cb1_core/formal/ga/CB1_CORE_S_CF3_R05/seed_530105.json,S,CF3,56,1.0000350217144711
CB1_CORE_S_CF3_R05,GA,530106,1634.0,112.0026982339914,112.0,49.5623274059908,19751,True,cb1_core,3d97e6a3f84d930213c424a633fa9e8192b16ec4eb9c2f169f65c0b48e691f0a,outputs/phase5c/search/cb1_core/formal/ga/CB1_CORE_S_CF3_R05/seed_530106.json,S,CF3,56,1.0000240913749232
CB1_CORE_S_CF3_R05,GA,530107,1626.0,112.00064053697861,112.0,68.05739741498837,16682,True,cb1_core,3d97e6a3f84d930213c424a633fa9e8192b16ec4eb9c2f169f65c0b48e691f0a,outputs/phase5c/search/cb1_core/formal/ga/CB1_CORE_S_CF3_R05/seed_530107.json,S,CF3,56,1.0000057190801661
CB1_CORE_S_CF3_R05,GA,530108,1528.0,112.00376143399626,112.0,99.82659775798675,16729,True,cb1_core,3d97e6a3f84d930213c424a633fa9e8192b16ec4eb9c2f169f65c0b48e691f0a,outputs/phase5c/search/cb1_core/formal/ga/CB1_CORE_S_CF3_R05/seed_530108.json,S,CF3,56,1.0000335842321095
CB1_CORE_S_CF3_R05,GA,530109,1560.0,112.00603209200199,112.0,91.82712917600293,16448,True,cb1_core,3d97e6a3f84d930213c424a633fa9e8192b16ec4eb9c2f169f65c0b48e691f0a,outputs/phase5c/search/cb1_core/formal/ga/CB1_CORE_S_CF3_R05/seed_530109.json,S,CF3,56,1.0000538579643035
CB1_CORE_S_CF3_R05,GA,530110,1497.0,112.00477132099331,112.0,29.276217450998956,16531,True,cb1_core,3d97e6a3f84d930213c424a633fa9e8192b16ec4eb9c2f169f65c0b48e691f0a,outputs/phase5c/search/cb1_core/formal/ga/CB1_CORE_S_CF3_R05/seed_530110.json,S,CF3,56,1.0000426010802974
