relative_path,size_bytes,sha256
outputs/phase6o_neural_shortlist_v1/relabeling/raw_additional_seed_labels/CB1_CAUR_L_CF1_RI2_TI2_R12_C02__seed691201__it0000012.parquet,11672,3d9212827d9c696a9e1defc3a122e8353ca97db2732b7b1b5e1d630b18b7f83c
outputs/phase6o_neural_shortlist_v1/relabeling/raw_additional_seed_labels/CB1_CAUR_L_CF1_RI2_TI2_R12_C02__seed691201__it0000050.parquet,11769,d7c629aae8a42946cdd2152d7346d445d1f6894d12d5fdb15103200b58b89094
outputs/phase6o_neural_shortlist_v1/relabeling/raw_additional_seed_labels/CB1_CAUR_L_CF1_RI2_TI2_R12_C02__seed691201__it0000090.parquet,11958,a609fc872c9ef7551e1651c80ad591f1fe7b15f71651961e071929b8b178f3b4
outputs/phase6o_neural_shortlist_v1/relabeling/raw_additional_seed_labels/CB1_CAUR_L_CF1_RI2_TI2_R12_C02__seed691201__it0000127.parquet,11870,8f4d62be83caa32d48a5255226338e4013d59f5026f1845226a63f238d6ab0a5
outputs/phase6o_neural_shortlist_v1/relabeling/raw_additional_seed_labels/CB1_CAUR_L_CF1_RI2_TI2_R12_C02__seed691201__it0000164.parquet,11675,40ff97ac3a62511b5553f007b7a891c4e14d01bf7aa25020698e91bb1464203e
outputs/phase6o_neural_shortlist_v1/relabeling/raw_additional_seed_labels/CB1_CAUR_L_CF1_RI2_TI2_R12_C02__seed691201__it0000204.parquet,11873,94cbfe675d6b219ad18aec6e24cfb189ea4993baff40890e8066364c00d97eb2
outputs/phase6o_neural_shortlist_v1/relabeling/raw_additional_seed_labels/CB1_CAUR_L_CF1_RI2_TI2_R12_C02__seed691201__it0000241.parquet,11674,c5c36dce58bdea17f09f9e95ae0d052850daf839a3f805acab938d19bab1aeed
outputs/phase6o_neural_shortlist_v1/relabeling/raw_additional_seed_labels/CB1_CAUR_L_CF1_RI2_TI2_R12_C02__seed691201__it0000269.parquet,11687,09eaab07ff1aac31826cf2fae243372039bb11c0272096e10799883e8d40044a
outputs/phase6o_neural_shortlist_v1/relabeling/raw_additional_seed_labels/CB1_CAUR_L_CF1_RI2_TI2_R12_C02__seed691202__it0000012.parquet,11815,cd37edb2c59133232cbf396978ede2915d15195f83e46a343a6702b2dda87822
outputs/phase6o_neural_shortlist_v1/relabeling/raw_additional_seed_labels/CB1_CAUR_L_CF1_RI2_TI2_R12_C02__seed691202__it0000049.parquet,11920,d80d61af9db10dfc6cb34a44cf9488ec83000574497f07569d63ab6ed33de3f3
outputs/phase6o_neural_shortlist_v1/relabeling/raw_additional_seed_labels/CB1_CAUR_L_CF1_RI2_TI2_R12_C02__seed691202__it0000090.parquet,11931,53458390a3f9516ae4d145db9350dc1b7587fa211d52c26adb69d9a39435a256
outputs/phase6o_neural_shortlist_v1/relabeling/raw_additional_seed_labels/CB1_CAUR_L_CF1_RI2_TI2_R12_C02__seed691202__it0000127.parquet,11816,5f3bd7f805874cd3ca7323b0ebb4d845d62fa1576522e5133d386f1aa0652c6f
outputs/phase6o_neural_shortlist_v1/relabeling/raw_additional_seed_labels/CB1_CAUR_L_CF1_RI2_TI2_R12_C02__seed691202__it0000164.parquet,11753,4d425b7a4a4788a560007a216edf86a7e782d6d75ad228263caee381757f74ee
outputs/phase6o_neural_shortlist_v1/relabeling/raw_additional_seed_labels/CB1_CAUR_L_CF1_RI2_TI2_R12_C02__seed691202__it0000204.parquet,11775,94cd8b9dd1a4f35f2b3b1f8166ceaff3d005c0c2fadfa11afc43b2f8072f9fc9
outputs/phase6o_neural_shortlist_v1/relabeling/raw_additional_seed_labels/CB1_CAUR_L_CF1_RI2_TI2_R12_C02__seed691202__it0000241.parquet,11839,6a9863d11ce2207e8ca8e005db786d069bcea63596a0b1c7fb56d27dfe5d90ae
outputs/phase6o_neural_shortlist_v1/relabeling/raw_additional_seed_labels/CB1_CAUR_L_CF1_RI2_TI2_R12_C02__seed691202__it0000270.parquet,11784,2247bcd072be0083476068812223c774e70c453a825b4a00640c2b6cd18d74cb
outputs/phase6o_neural_shortlist_v1/relabeling/raw_additional_seed_labels/CB1_CAUR_L_CF1_RI2_TI2_R12_C02__seed721201__it0000019.parquet,11611,1818c59ecf7d132c5fa281516d8365d7a0b2b7927f6562fd4fde2260a2aea602
outputs/phase6o_neural_shortlist_v1/relabeling/raw_additional_seed_labels/CB1_CAUR_L_CF1_RI2_TI2_R12_C02__seed721201__it0000077.parquet,11639,184e38c2157da326d684f03e65c3d9981f193b12c3be40ea1dcfe77be8cdc262
outputs/phase6o_neural_shortlist_v1/relabeling/raw_additional_seed_labels/CB1_CAUR_L_CF1_RI2_TI2_R12_C02__seed721201__it0000142.parquet,11688,2a12a940cd2a5afa5743b1050292f022dfdc427380d275b399fa059ba62bb117
outputs/phase6o_neural_shortlist_v1/relabeling/raw_additional_seed_labels/CB1_CAUR_L_CF1_RI2_TI2_R12_C02__seed721201__it0000200.parquet,11649,3634ab30e5e891c7fef6b0a9229227db74cefad32026be1757e100650fc7aa15
outputs/phase6o_neural_shortlist_v1/relabeling/raw_additional_seed_labels/CB1_CAUR_L_CF1_RI2_TI2_R12_C02__seed721201__it0000258.parquet,11646,4d02abc06779fd51c30e395fe77de64909d715f2910e2c5facc5394281c1c01e
outputs/phase6o_neural_shortlist_v1/relabeling/raw_additional_seed_labels/CB1_CAUR_L_CF1_RI2_TI2_R12_C02__seed721201__it0000320.parquet,11588,70002627efa4323fea5ce8654e3314b726eca005fbdbf0c02393b8a8e10e8d38
outputs/phase6o_neural_shortlist_v1/relabeling/raw_additional_seed_labels/CB1_CAUR_L_CF1_RI2_TI2_R12_C02__seed721201__it0000378.parquet,11642,2a4ac47916f07e08e6fc2a11813637405755150e26fd7b327504820474b3ef16
outputs/phase6o_neural_shortlist_v1/relabeling/raw_additional_seed_labels/CB1_CAUR_L_CF1_RI2_TI2_R12_C02__seed721201__it0000422.parquet,11604,8f255d0896a9ae48cb9563d345ffbbd0cf11b1b468b014c00552d3ad34655ebc
outputs/phase6o_neural_shortlist_v1/relabeling/raw_additional_seed_labels/CB1_CAUR_L_CF1_RI2_TI2_R12_C02__seed721202__it0000018.parquet,11666,abdf41349591f389ea7965d9ef5fac2a01a886ce88109cd8014b29f6225a79a9
outputs/phase6o_neural_shortlist_v1/relabeling/raw_additional_seed_labels/CB1_CAUR_L_CF1_RI2_TI2_R12_C02__seed721202__it0000076.parquet,11684,2ec222d9652820e4a459cb55131009eceb63602f2fd42376b9ad29d898489fc1
outputs/phase6o_neural_shortlist_v1/relabeling/raw_additional_seed_labels/CB1_CAUR_L_CF1_RI2_TI2_R12_C02__seed721202__it0000139.parquet,11694,fc2eb0dfbc55a4e1ea27ae13965eef7b31a6489a061baa9c85968781fa9147d2
outputs/phase6o_neural_shortlist_v1/relabeling/raw_additional_seed_labels/CB1_CAUR_L_CF1_RI2_TI2_R12_C02__seed721202__it0000196.parquet,11570,176dd0f48bc9e388b56b6df623a35729a1ae249a47e152f35a14c730e4a5eb15
outputs/phase6o_neural_shortlist_v1/relabeling/raw_additional_seed_labels/CB1_CAUR_L_CF1_RI2_TI2_R12_C02__seed721202__it0000254.parquet,11673,26ae67e04d7d9a15544de942ddc91b3e2880ac4cf3bb9491950e673c1d8f8369
outputs/phase6o_neural_shortlist_v1/relabeling/raw_additional_seed_labels/CB1_CAUR_L_CF1_RI2_TI2_R12_C02__seed721202__it0000315.parquet,11639,7099daaeef4c16cfab5bd1bba3bee274396e14babb8ae7ab69538cfa0d0acf58
outputs/phase6o_neural_shortlist_v1/relabeling/raw_additional_seed_labels/CB1_CAUR_L_CF1_RI2_TI2_R12_C02__seed721202__it0000372.parquet,11700,6e9b5953ea734a3c26d24e6e339af48906e136346e39c8eec5887f6c027ebda9
outputs/phase6o_neural_shortlist_v1/relabeling/raw_additional_seed_labels/CB1_CAUR_L_CF1_RI2_TI2_R12_C02__seed721202__it0000415.parquet,11672,1b47639849e1f80707bdf11ad2b579cc9c27d3190cf0de5a69ba6fb202ad73d6
outputs/phase6o_neural_shortlist_v1/relabeling/raw_additional_seed_labels/CB1_CAUR_L_CF1_RI2_TI2_R12_C02__seed721203__it0000018.parquet,11687,0cfa8603713481c10799f4b6150572fe99579d459263165ed4d7943d926b5628
outputs/phase6o_neural_shortlist_v1/relabeling/raw_additional_seed_labels/CB1_CAUR_L_CF1_RI2_TI2_R12_C02__seed721203__it0000075.parquet,11575,1a3f84431d596c067ba1d49545b4a5778aec05b7f3ea1a5cffdbc38c8ff7d527
outputs/phase6o_neural_shortlist_v1/relabeling/raw_additional_seed_labels/CB1_CAUR_L_CF1_RI2_TI2_R12_C02__seed721203__it0000136.parquet,11636,3ce336100398ff95f159fa6f3436e73ed2d1958c30774488c3a3f55729d183a2
outputs/phase6o_neural_shortlist_v1/relabeling/raw_additional_seed_labels/CB1_CAUR_L_CF1_RI2_TI2_R12_C02__seed721203__it0000193.parquet,11659,9aba929bf1e8e973777c714d62799943a61dcf195251e656f3e4accf5bdc2b2b
outputs/phase6o_neural_shortlist_v1/relabeling/raw_additional_seed_labels/CB1_CAUR_L_CF1_RI2_TI2_R12_C02__seed721203__it0000250.parquet,11574,9e4c9da89178fa617d8731bfab98a6ab7f3a192fca2ccaa24311aa58bb1e6d8c
outputs/phase6o_neural_shortlist_v1/relabeling/raw_additional_seed_labels/CB1_CAUR_L_CF1_RI2_TI2_R12_C02__seed721203__it0000313.parquet,11589,787418cee583d8d6c64dd79cd2c24e77b80df7d18a49dd369e0143b3d97b99cc
outputs/phase6o_neural_shortlist_v1/relabeling/raw_additional_seed_labels/CB1_CAUR_L_CF1_RI2_TI2_R12_C02__seed721203__it0000370.parquet,11663,9d2ee21cd0dd5d13db3d86aec3381b31351bb9b73082676f83859b94e3d74691
outputs/phase6o_neural_shortlist_v1/relabeling/raw_additional_seed_labels/CB1_CAUR_L_CF1_RI2_TI2_R12_C02__seed721203__it0000413.parquet,11618,94e094fb96129feec5e9768a846ae64ebea25099af0884a38d5dd6dddeaf3780
outputs/phase6o_neural_shortlist_v1/relabeling/raw_additional_seed_labels/CB1_CAUR_L_CF1_RI2_TI2_R12_C02__seed721204__it0000018.parquet,11628,9750c832a74e9d28fedd2a8451ffe924a0bba1e29998a16fbe78fb3341a65cea
outputs/phase6o_neural_shortlist_v1/relabeling/raw_additional_seed_labels/CB1_CAUR_L_CF1_RI2_TI2_R12_C02__seed721204__it0000075.parquet,11623,79925a22ea9f25da2ecfd24c92c00044d8280a88ed6f158d5a51a1479e45e72b
outputs/phase6o_neural_shortlist_v1/relabeling/raw_additional_seed_labels/CB1_CAUR_L_CF1_RI2_TI2_R12_C02__seed721204__it0000138.parquet,11586,a8a03b8339c236c1d81865d3e31031fb2ebf71feb94f1dd24d1a501c57cd0b96
outputs/phase6o_neural_shortlist_v1/relabeling/raw_additional_seed_labels/CB1_CAUR_L_CF1_RI2_TI2_R12_C02__seed721204__it0000195.parquet,11655,ffec318c279f38adac389af3b87131ef4047cbbf9c02a351f457741acb6a6745
outputs/phase6o_neural_shortlist_v1/relabeling/raw_additional_seed_labels/CB1_CAUR_L_CF1_RI2_TI2_R12_C02__seed721204__it0000252.parquet,11589,a6c77b7f2b1933a561f0005d8864995c1c792294db0cb5d05469cf144a8f3bfb
outputs/phase6o_neural_shortlist_v1/relabeling/raw_additional_seed_labels/CB1_CAUR_L_CF1_RI2_TI2_R12_C02__seed721204__it0000313.parquet,11685,28f7817ec970851747aafee22501102680d88e51c64c5efec249f695e3fd12f5
outputs/phase6o_neural_shortlist_v1/relabeling/raw_additional_seed_labels/CB1_CAUR_L_CF1_RI2_TI2_R12_C02__seed721204__it0000369.parquet,11597,f584fa07aadf49924ecc46b52801c7911491e82ed2456a337f9ad30039c30787
outputs/phase6o_neural_shortlist_v1/relabeling/raw_additional_seed_labels/CB1_CAUR_L_CF1_RI2_TI2_R12_C02__seed721204__it0000413.parquet,11600,156e427bb9ca862da1d5901aaf53e688d498c068c78394d8e63ec745d11c9706
outputs/phase6o_neural_shortlist_v1/relabeling/raw_additional_seed_labels/CB1_CAUR_L_CF1_RI2_TI2_R12__seed691201__it0000012.parquet,11951,88c89bb7d2671e0b8d514cbf1da02a20b76e5be50e2ce4e997784a9cc52279b6
outputs/phase6o_neural_shortlist_v1/relabeling/raw_additional_seed_labels/CB1_CAUR_L_CF1_RI2_TI2_R12__seed691201__it0000050.parquet,11901,280db34c7560b0153870d6159963435429c1bc25d57f091e0a29798f1b7e55e2
outputs/phase6o_neural_shortlist_v1/relabeling/raw_additional_seed_labels/CB1_CAUR_L_CF1_RI2_TI2_R12__seed691201__it0000091.parquet,11829,9681a9c63ac14b701ea72f00c1d98eb65ac0037072df3c882f6ef924ff4c1dc9
outputs/phase6o_neural_shortlist_v1/relabeling/raw_additional_seed_labels/CB1_CAUR_L_CF1_RI2_TI2_R12__seed691201__it0000128.parquet,11947,dad1d016040a1ef9eec1e42d620f130b46db54e07de00b996d01d1dec186b381
outputs/phase6o_neural_shortlist_v1/relabeling/raw_additional_seed_labels/CB1_CAUR_L_CF1_RI2_TI2_R12__seed691201__it0000165.parquet,11782,ebf41dc99a117593fd10e651e7ad9d06e016b7ff2b55ddb1cea5660d7d14c4d3
outputs/phase6o_neural_shortlist_v1/relabeling/raw_additional_seed_labels/CB1_CAUR_L_CF1_RI2_TI2_R12__seed691201__it0000205.parquet,11726,edfeb94736e6970a02738c81f68a1564da5b5d6dbe7f97b2a090118e389f0467
outputs/phase6o_neural_shortlist_v1/relabeling/raw_additional_seed_labels/CB1_CAUR_L_CF1_RI2_TI2_R12__seed691201__it0000242.parquet,11704,bf4a6ca7b4b766d9846474be4f9ed670ba8c02e3774da18432e8dba338b06f59
outputs/phase6o_neural_shortlist_v1/relabeling/raw_additional_seed_labels/CB1_CAUR_L_CF1_RI2_TI2_R12__seed691201__it0000270.parquet,11868,f22680ea2fbbb6be327a6cdc6750fed8f44a4787165ddc2a817a5a7f0ad7f5c3
outputs/phase6o_neural_shortlist_v1/relabeling/raw_additional_seed_labels/CB1_CAUR_L_CF1_RI2_TI2_R12__seed691202__it0000012.parquet,11784,e6f433e1c1c7f12d6787e4eb880afd36394003c1369cf1352fc04309f35d141b
outputs/phase6o_neural_shortlist_v1/relabeling/raw_additional_seed_labels/CB1_CAUR_L_CF1_RI2_TI2_R12__seed691202__it0000050.parquet,11686,0119d007d191e535876fd9fce366a01eba258440adbf3346414bbb6cc8e787d1
outputs/phase6o_neural_shortlist_v1/relabeling/raw_additional_seed_labels/CB1_CAUR_L_CF1_RI2_TI2_R12__seed691202__it0000091.parquet,11891,ff4ab1bf17c4c2b44b8dc05b8fc2d6b6d23b7dd632f1a33621adf279fc54026d
outputs/phase6o_neural_shortlist_v1/relabeling/raw_additional_seed_labels/CB1_CAUR_L_CF1_RI2_TI2_R12__seed691202__it0000129.parquet,11856,ab390bdd3e9ab1e663d1717115308d7d689a06ec2d0b731ebecaa214f230730a
outputs/phase6o_neural_shortlist_v1/relabeling/raw_additional_seed_labels/CB1_CAUR_L_CF1_RI2_TI2_R12__seed691202__it0000167.parquet,11778,d84d49e69d44cf5787f871b237ffcb1de173cf9f7986133544aa6efe7fcd0ee7
outputs/phase6o_neural_shortlist_v1/relabeling/raw_additional_seed_labels/CB1_CAUR_L_CF1_RI2_TI2_R12__seed691202__it0000208.parquet,11752,442e097d8a2f0b9136510eefc5167d7d89e62d051ccab59cd6201f463537b02c
outputs/phase6o_neural_shortlist_v1/relabeling/raw_additional_seed_labels/CB1_CAUR_L_CF1_RI2_TI2_R12__seed691202__it0000245.parquet,11624,a5a968c9221e8e86d61b0c1c851fc62475d2d74179ede5e1394596990d74d4ef
outputs/phase6o_neural_shortlist_v1/relabeling/raw_additional_seed_labels/CB1_CAUR_L_CF1_RI2_TI2_R12__seed691202__it0000274.parquet,11697,e31975218440d4e9f73b732dd4e9f15c0cd3e55b54c921a661b7231f14ffd52e
outputs/phase6o_neural_shortlist_v1/relabeling/raw_additional_seed_labels/CB1_CAUR_L_CF1_RI2_TI2_R12__seed721201__it0000019.parquet,11551,a94f873b6648fc4eac2dd779aa22f9f6de6589f6672cbd23cdc7af78feedb2b4
outputs/phase6o_neural_shortlist_v1/relabeling/raw_additional_seed_labels/CB1_CAUR_L_CF1_RI2_TI2_R12__seed721201__it0000078.parquet,11551,2ee49c4f0ca3ca2588c45dec1b4495cea53d3a03d6582a6582f898b64f25c2a9
outputs/phase6o_neural_shortlist_v1/relabeling/raw_additional_seed_labels/CB1_CAUR_L_CF1_RI2_TI2_R12__seed721201__it0000142.parquet,11580,1839f34f93a50ecb752ef3bc37369172f65e59cf5577db6bff9fc75c24ea2a2f
outputs/phase6o_neural_shortlist_v1/relabeling/raw_additional_seed_labels/CB1_CAUR_L_CF1_RI2_TI2_R12__seed721201__it0000201.parquet,11511,8a0b3dffb5370100c5f5f422fd00b993f0c548451e0c778210f4dd638c612344
outputs/phase6o_neural_shortlist_v1/relabeling/raw_additional_seed_labels/CB1_CAUR_L_CF1_RI2_TI2_R12__seed721201__it0000261.parquet,11590,e66fed72880d1c5db7329a5dfdaacdca8687b592fce201f2cca527b171e0813e
outputs/phase6o_neural_shortlist_v1/relabeling/raw_additional_seed_labels/CB1_CAUR_L_CF1_RI2_TI2_R12__seed721201__it0000324.parquet,11648,1db8808c712d9c16862ae15e82e11e44cdddc54300bf41138dad95161d0c805e
outputs/phase6o_neural_shortlist_v1/relabeling/raw_additional_seed_labels/CB1_CAUR_L_CF1_RI2_TI2_R12__seed721201__it0000383.parquet,11551,193c66b7b0d55e6be8185665616acd3076735aa317ac7d0f78bd14c820b63183
outputs/phase6o_neural_shortlist_v1/relabeling/raw_additional_seed_labels/CB1_CAUR_L_CF1_RI2_TI2_R12__seed721201__it0000429.parquet,11669,2a3939ef64f76c19cd80d5d9ca369db31d9ceee5f5083956701fe708148dc446
outputs/phase6o_neural_shortlist_v1/relabeling/raw_additional_seed_labels/CB1_CAUR_L_CF1_RI2_TI2_R12__seed721202__it0000019.parquet,11591,65680565b7379c9a65a4419e11dd259236ab75c59a41843b8824d21152d5b056
outputs/phase6o_neural_shortlist_v1/relabeling/raw_additional_seed_labels/CB1_CAUR_L_CF1_RI2_TI2_R12__seed721202__it0000077.parquet,11607,f2ada3f06910fc3b2ca8161399949d0e8407fec8c5a9e80c224334cf3b587026
outputs/phase6o_neural_shortlist_v1/relabeling/raw_additional_seed_labels/CB1_CAUR_L_CF1_RI2_TI2_R12__seed721202__it0000141.parquet,11539,95b5cfa3f9c105ff324eaf7e4dfa41618af17c51f4ef6c6cf9729525e9b52081
outputs/phase6o_neural_shortlist_v1/relabeling/raw_additional_seed_labels/CB1_CAUR_L_CF1_RI2_TI2_R12__seed721202__it0000200.parquet,11654,9605b33c40c941c641ff37e32633a698120c6b5131eeb61fd14fa87b652ada3f
outputs/phase6o_neural_shortlist_v1/relabeling/raw_additional_seed_labels/CB1_CAUR_L_CF1_RI2_TI2_R12__seed721202__it0000260.parquet,11644,9f5ca20b04c67176d92833061d30dc223061c5f643146bed9fa90ff18a56435b
outputs/phase6o_neural_shortlist_v1/relabeling/raw_additional_seed_labels/CB1_CAUR_L_CF1_RI2_TI2_R12__seed721202__it0000323.parquet,11619,805536f4b004fd3902895c90687cc85387502fcc92d78148f60293ef7858a25a
outputs/phase6o_neural_shortlist_v1/relabeling/raw_additional_seed_labels/CB1_CAUR_L_CF1_RI2_TI2_R12__seed721202__it0000382.parquet,11529,d7fcb142129721792052e1e14a6177f4ba5be87af535a18e8e9b987daeb04d08
outputs/phase6o_neural_shortlist_v1/relabeling/raw_additional_seed_labels/CB1_CAUR_L_CF1_RI2_TI2_R12__seed721202__it0000428.parquet,11594,09ab6f0ec3de852f7e8f5d268fb504adfd904ef7b695946acd185fa09833e815
outputs/phase6o_neural_shortlist_v1/relabeling/raw_additional_seed_labels/CB1_CAUR_L_CF1_RI2_TI2_R12__seed721203__it0000019.parquet,11616,84e38b725a156096a4c695f8ac2b7286d0fecbe9ff2f2901b74f32de6a2801b5
outputs/phase6o_neural_shortlist_v1/relabeling/raw_additional_seed_labels/CB1_CAUR_L_CF1_RI2_TI2_R12__seed721203__it0000078.parquet,11632,353eb384ec4d566a0cb334fe5c9a1b8c878173a6869d0d15bf42759505e0cd0c
outputs/phase6o_neural_shortlist_v1/relabeling/raw_additional_seed_labels/CB1_CAUR_L_CF1_RI2_TI2_R12__seed721203__it0000142.parquet,11587,1bbf151c4f8110f9d58723df55d3847541e014728d3ab913d380408ee34d64fb
outputs/phase6o_neural_shortlist_v1/relabeling/raw_additional_seed_labels/CB1_CAUR_L_CF1_RI2_TI2_R12__seed721203__it0000200.parquet,11524,7a3a21de1e84b5ae5eace97b27a8c8fdee49f3b14c9df87c0d28c901bd0acaf0
outputs/phase6o_neural_shortlist_v1/relabeling/raw_additional_seed_labels/CB1_CAUR_L_CF1_RI2_TI2_R12__seed721203__it0000259.parquet,11584,1b44f0f5df44301ab049193fc52d11ffb082848a4355d24db8bbacd9a4ce9f97
outputs/phase6o_neural_shortlist_v1/relabeling/raw_additional_seed_labels/CB1_CAUR_L_CF1_RI2_TI2_R12__seed721203__it0000322.parquet,11574,8dd9d8c9d922fff08b5dee1692df1482fa84671fc18b68976dea045c6d62e274
outputs/phase6o_neural_shortlist_v1/relabeling/raw_additional_seed_labels/CB1_CAUR_L_CF1_RI2_TI2_R12__seed721203__it0000381.parquet,11539,ac852223eb7a3e69bb200c69f2fd3921cd8c62729036203d8fa1edaf397d201e
outputs/phase6o_neural_shortlist_v1/relabeling/raw_additional_seed_labels/CB1_CAUR_L_CF1_RI2_TI2_R12__seed721203__it0000425.parquet,11595,0d47ae4d3e3e4997f237e1b184db5cdd33dddef0671d58b72be0753ede94749b
outputs/phase6o_neural_shortlist_v1/relabeling/raw_additional_seed_labels/CB1_CAUR_L_CF1_RI2_TI2_R12__seed721204__it0000019.parquet,11611,0307288254ae4f55390a1c7aea57750f458ffe06e50b1f8eda43164b9a3dd35e
outputs/phase6o_neural_shortlist_v1/relabeling/raw_additional_seed_labels/CB1_CAUR_L_CF1_RI2_TI2_R12__seed721204__it0000080.parquet,11585,17083de91651f4de9b226cdb6f768a2ead38de9c7e9c1db9d231c17db6efaa70
outputs/phase6o_neural_shortlist_v1/relabeling/raw_additional_seed_labels/CB1_CAUR_L_CF1_RI2_TI2_R12__seed721204__it0000146.parquet,11643,ed83978e3d2363eef17fce229529ae400b2332d7b1d6ad19be76967d4c3f4fb7
outputs/phase6o_neural_shortlist_v1/relabeling/raw_additional_seed_labels/CB1_CAUR_L_CF1_RI2_TI2_R12__seed721204__it0000205.parquet,11563,414fbd64e0667af25daf758d70f78b38c5039dbb78b7c43e4b981e122fb44063
outputs/phase6o_neural_shortlist_v1/relabeling/raw_additional_seed_labels/CB1_CAUR_L_CF1_RI2_TI2_R12__seed721204__it0000264.parquet,11645,930c7300d23e462798cd7a2fc11d29d461c24c4b817237344b21005d6f8a7152
outputs/phase6o_neural_shortlist_v1/relabeling/raw_additional_seed_labels/CB1_CAUR_L_CF1_RI2_TI2_R12__seed721204__it0000329.parquet,11587,541d5c71dd150469cde765c479300207979d4da469b064a2d7ab0f08416c31e3
outputs/phase6o_neural_shortlist_v1/relabeling/raw_additional_seed_labels/CB1_CAUR_L_CF1_RI2_TI2_R12__seed721204__it0000389.parquet,11538,36ab06f80156a488feddd5a4a8f444bf6121a1ab227a7f6a5a30bb5ded787adf
outputs/phase6o_neural_shortlist_v1/relabeling/raw_additional_seed_labels/CB1_CAUR_L_CF1_RI2_TI2_R12__seed721204__it0000434.parquet,11612,c1e16bd9ee40852dbfa6f2b1d26a5621b52f351e9efd9ae61a26b2ce0c0ee5dc
outputs/phase6o_neural_shortlist_v1/relabeling/raw_additional_seed_labels/CB1_CAUR_L_CF2_RI2_TI2_R12_C02__seed691201__it0000010.parquet,12051,1453e969a7b94542f6cdaf7b5f5d560a26a2fabfe460ea925227007e465820fc
outputs/phase6o_neural_shortlist_v1/relabeling/raw_additional_seed_labels/CB1_CAUR_L_CF2_RI2_TI2_R12_C02__seed691201__it0000045.parquet,11747,6d24c26ebfe470a371b6f5d890e536e5244a5d2333d67d7277309113779a804e
outputs/phase6o_neural_shortlist_v1/relabeling/raw_additional_seed_labels/CB1_CAUR_L_CF2_RI2_TI2_R12_C02__seed691201__it0000084.parquet,11848,81ad3fe5ee95a8a0f87e7cb35a5b0586b1d95c7339003f4948f2c74d490dc250
outputs/phase6o_neural_shortlist_v1/relabeling/raw_additional_seed_labels/CB1_CAUR_L_CF2_RI2_TI2_R12_C02__seed691201__it0000119.parquet,11875,47c393151137a9b41090063707018e197def566ee1df729a172da0c6ec33c4e8
outputs/phase6o_neural_shortlist_v1/relabeling/raw_additional_seed_labels/CB1_CAUR_L_CF2_RI2_TI2_R12_C02__seed691201__it0000155.parquet,11704,6055b12b7ee2c3e27409c038d4c857e927d1fcc1e2cec05a612d9b88a6479cd2
outputs/phase6o_neural_shortlist_v1/relabeling/raw_additional_seed_labels/CB1_CAUR_L_CF2_RI2_TI2_R12_C02__seed691201__it0000194.parquet,11866,ecf19a571aa17061cc7739a1682175ced5356f53dbb5ed428d55b5ed613178dc
outputs/phase6o_neural_shortlist_v1/relabeling/raw_additional_seed_labels/CB1_CAUR_L_CF2_RI2_TI2_R12_C02__seed691201__it0000230.parquet,11766,449b4ec2aa781b24192d04e63b2356d03fd53cc805e9c0a93d3c9bf75f23b34c
outputs/phase6o_neural_shortlist_v1/relabeling/raw_additional_seed_labels/CB1_CAUR_L_CF2_RI2_TI2_R12_C02__seed691201__it0000258.parquet,11820,77796d3162ff621efecc87353d2f6451122a50df308ee66192a73931538013e4
outputs/phase6o_neural_shortlist_v1/relabeling/raw_additional_seed_labels/CB1_CAUR_L_CF2_RI2_TI2_R12_C02__seed691202__it0000010.parquet,11884,9bf04c45812aa02cb2d194aa6fa9fa8205cde0e67fcff008e0968a631ca5f86a
outputs/phase6o_neural_shortlist_v1/relabeling/raw_additional_seed_labels/CB1_CAUR_L_CF2_RI2_TI2_R12_C02__seed691202__it0000046.parquet,11806,c6165005ffcf6a502d64fd196b009973a82d1642b6d23efcb74a7a105f40e2c4
outputs/phase6o_neural_shortlist_v1/relabeling/raw_additional_seed_labels/CB1_CAUR_L_CF2_RI2_TI2_R12_C02__seed691202__it0000084.parquet,11885,14d1388e2f5522d8be610bc3b74636b15166acc981a1738f198bdedd2efdc925
outputs/phase6o_neural_shortlist_v1/relabeling/raw_additional_seed_labels/CB1_CAUR_L_CF2_RI2_TI2_R12_C02__seed691202__it0000119.parquet,11717,65ffe025939668d6ef8c8de421c4dd5bb5b06fac434b26f5e262d9fff703cb48
outputs/phase6o_neural_shortlist_v1/relabeling/raw_additional_seed_labels/CB1_CAUR_L_CF2_RI2_TI2_R12_C02__seed691202__it0000155.parquet,11815,7997d0a80dfbb31e8a979200803d7dff8cfd962b5d7bf5e893defb682f920214
outputs/phase6o_neural_shortlist_v1/relabeling/raw_additional_seed_labels/CB1_CAUR_L_CF2_RI2_TI2_R12_C02__seed691202__it0000194.parquet,11899,502197cefe16726ad9f8a205e9bf3de0e2d067309d777e01064013a48be5f2fa
outputs/phase6o_neural_shortlist_v1/relabeling/raw_additional_seed_labels/CB1_CAUR_L_CF2_RI2_TI2_R12_C02__seed691202__it0000230.parquet,11802,62b540789ed3956e481f6fcd3cb237a3794946ecafbe0acfd1ced1156d312adb
outputs/phase6o_neural_shortlist_v1/relabeling/raw_additional_seed_labels/CB1_CAUR_L_CF2_RI2_TI2_R12_C02__seed691202__it0000257.parquet,11922,e26e15a2b42fae373d5f957e8e107c7159c6644d0b0757d3967b32d6edcf77b4
outputs/phase6o_neural_shortlist_v1/relabeling/raw_additional_seed_labels/CB1_CAUR_L_CF2_RI2_TI2_R12_C02__seed721201__it0000016.parquet,11666,b90e00ee50f6dc5eac71b7ffc05f6b983c9269d6abc1a9816de0cc819f0c2c20
outputs/phase6o_neural_shortlist_v1/relabeling/raw_additional_seed_labels/CB1_CAUR_L_CF2_RI2_TI2_R12_C02__seed721201__it0000069.parquet,11642,ca83db275ff565fc4a330b1775739966f8885830963b50aa08ad1d73297a7c73
outputs/phase6o_neural_shortlist_v1/relabeling/raw_additional_seed_labels/CB1_CAUR_L_CF2_RI2_TI2_R12_C02__seed721201__it0000128.parquet,11700,cfeaad48800ab09f76ed2d246213ff128747edcc097f597509d57722ee0f428c
outputs/phase6o_neural_shortlist_v1/relabeling/raw_additional_seed_labels/CB1_CAUR_L_CF2_RI2_TI2_R12_C02__seed721201__it0000183.parquet,11662,a6aa937725e695409142f2eafd2d9fc5a910b08a6313779fa6466f1bb91c99e4
outputs/phase6o_neural_shortlist_v1/relabeling/raw_additional_seed_labels/CB1_CAUR_L_CF2_RI2_TI2_R12_C02__seed721201__it0000238.parquet,11634,0d28c975e7882757948668e9093aab1696e9b1d8af51d31949261698d3e8d216
outputs/phase6o_neural_shortlist_v1/relabeling/raw_additional_seed_labels/CB1_CAUR_L_CF2_RI2_TI2_R12_C02__seed721201__it0000296.parquet,11577,5a6e9c391e49f005fa4d8dba3f300e00d26b9afc9ad61092eb3ea610d23375bb
outputs/phase6o_neural_shortlist_v1/relabeling/raw_additional_seed_labels/CB1_CAUR_L_CF2_RI2_TI2_R12_C02__seed721201__it0000351.parquet,11638,87d836a051e94c60ecc820f0aca888570ef0ec391d9f0aaed424117f30198cb5
outputs/phase6o_neural_shortlist_v1/relabeling/raw_additional_seed_labels/CB1_CAUR_L_CF2_RI2_TI2_R12_C02__seed721201__it0000394.parquet,11677,0a446bb826233f0ac9d2bd8d9cc89bada54c85e466b58de70d6bc1f98ce8f6dc
outputs/phase6o_neural_shortlist_v1/relabeling/raw_additional_seed_labels/CB1_CAUR_L_CF2_RI2_TI2_R12_C02__seed721202__it0000016.parquet,11624,ce31e1972044f3a9f9bd979395cd8601d6812e7e23d619977f7e69b39fdc18eb
outputs/phase6o_neural_shortlist_v1/relabeling/raw_additional_seed_labels/CB1_CAUR_L_CF2_RI2_TI2_R12_C02__seed721202__it0000070.parquet,11687,67f654a0dc3fefe48f02215322081267c34001d679162088f6bb7fb88fff9b7a
outputs/phase6o_neural_shortlist_v1/relabeling/raw_additional_seed_labels/CB1_CAUR_L_CF2_RI2_TI2_R12_C02__seed721202__it0000129.parquet,11690,2e540ca51071eb37b293a3922aed54e7a1ff34764339c38a75a80c97785fab77
outputs/phase6o_neural_shortlist_v1/relabeling/raw_additional_seed_labels/CB1_CAUR_L_CF2_RI2_TI2_R12_C02__seed721202__it0000184.parquet,11662,e789de1f2677015607b4b769b8c38fe3a48a604db3c2e454b442b74cea395ca0
outputs/phase6o_neural_shortlist_v1/relabeling/raw_additional_seed_labels/CB1_CAUR_L_CF2_RI2_TI2_R12_C02__seed721202__it0000239.parquet,11629,6da36b5ecb6323fc2cd8865017d73ec12cf9041c32e354cc0524e65d7bfd8c1d
outputs/phase6o_neural_shortlist_v1/relabeling/raw_additional_seed_labels/CB1_CAUR_L_CF2_RI2_TI2_R12_C02__seed721202__it0000298.parquet,11681,7b8106c5d5fa5b94e99c30f6a5c55d014d3781f0d0fd1fa99e06533ab22b6ae3
outputs/phase6o_neural_shortlist_v1/relabeling/raw_additional_seed_labels/CB1_CAUR_L_CF2_RI2_TI2_R12_C02__seed721202__it0000354.parquet,11691,1020707fe44228a15dcfa2172e803f0d87cc1c34f09e4957a43901b8698c36d3
outputs/phase6o_neural_shortlist_v1/relabeling/raw_additional_seed_labels/CB1_CAUR_L_CF2_RI2_TI2_R12_C02__seed721202__it0000396.parquet,11586,b0b3ece3a1f8a675b6cf8356adf18c28094a6a5d771581155fa38dacaa3e98c7
outputs/phase6o_neural_shortlist_v1/relabeling/raw_additional_seed_labels/CB1_CAUR_L_CF2_RI2_TI2_R12_C02__seed721203__it0000016.parquet,11669,b4c708773469faa538c48edcbc49ecce83efa687ddc5b7beecec98e15a0be5e0
outputs/phase6o_neural_shortlist_v1/relabeling/raw_additional_seed_labels/CB1_CAUR_L_CF2_RI2_TI2_R12_C02__seed721203__it0000071.parquet,11688,91c9ddd023bdd145f397df543ed33b6215f8ae923b70e246b37e4904fc111db3
outputs/phase6o_neural_shortlist_v1/relabeling/raw_additional_seed_labels/CB1_CAUR_L_CF2_RI2_TI2_R12_C02__seed721203__it0000130.parquet,11624,62100957743fc1956ba3935c5439ce717d4f07f5ef5c70faf1a2daac2cc6807a
outputs/phase6o_neural_shortlist_v1/relabeling/raw_additional_seed_labels/CB1_CAUR_L_CF2_RI2_TI2_R12_C02__seed721203__it0000184.parquet,11663,e31c94b88131278e51864c0b12d1ce2cf65392161ee062d38817124b35090594
outputs/phase6o_neural_shortlist_v1/relabeling/raw_additional_seed_labels/CB1_CAUR_L_CF2_RI2_TI2_R12_C02__seed721203__it0000238.parquet,11643,0621ab4d5d9b1833f60b15fff102da36deaa685ddd29e79866b06399fec294fe
outputs/phase6o_neural_shortlist_v1/relabeling/raw_additional_seed_labels/CB1_CAUR_L_CF2_RI2_TI2_R12_C02__seed721203__it0000295.parquet,11616,a0411547028781bdb1a841084981d8c160c4bad38d004b3388f5041fbec5d15c
outputs/phase6o_neural_shortlist_v1/relabeling/raw_additional_seed_labels/CB1_CAUR_L_CF2_RI2_TI2_R12_C02__seed721203__it0000349.parquet,11619,d84bda33929cc5c773641bb2fdea3359d9a7370703e0fea65ae3eb589c5b895f
outputs/phase6o_neural_shortlist_v1/relabeling/raw_additional_seed_labels/CB1_CAUR_L_CF2_RI2_TI2_R12_C02__seed721203__it0000391.parquet,11672,8f5cfb68d496543d495ef3926bdca17c466f84e8dcd8c3c376f52ef344a4f4e5
outputs/phase6o_neural_shortlist_v1/relabeling/raw_additional_seed_labels/CB1_CAUR_L_CF2_RI2_TI2_R12_C02__seed721204__it0000015.parquet,11589,1464ce9d7c8d9a587e8fc4e44ae05b05ba17627d3a22b7de9bb5e78745c6f1d0
outputs/phase6o_neural_shortlist_v1/relabeling/raw_additional_seed_labels/CB1_CAUR_L_CF2_RI2_TI2_R12_C02__seed721204__it0000067.parquet,11602,7c425037d9f5131f365f75e9c47a17a6fe91a00db38ab54e16aec8ffd576997f
outputs/phase6o_neural_shortlist_v1/relabeling/raw_additional_seed_labels/CB1_CAUR_L_CF2_RI2_TI2_R12_C02__seed721204__it0000126.parquet,11673,54f64f10961e20a3662eb111d9314c460772d59d657294c14e6ccc6033375e66
outputs/phase6o_neural_shortlist_v1/relabeling/raw_additional_seed_labels/CB1_CAUR_L_CF2_RI2_TI2_R12_C02__seed721204__it0000180.parquet,11681,e4df46c9b35fcc5ff7a4f2d6954f54971a97c4d76576f0025ea455ed6e6610fc
outputs/phase6o_neural_shortlist_v1/relabeling/raw_additional_seed_labels/CB1_CAUR_L_CF2_RI2_TI2_R12_C02__seed721204__it0000234.parquet,11659,21a4dfeb38b49d14a3aaae2004716c4e31f59da03fffd4568831412f2abbcd98
outputs/phase6o_neural_shortlist_v1/relabeling/raw_additional_seed_labels/CB1_CAUR_L_CF2_RI2_TI2_R12_C02__seed721204__it0000292.parquet,11578,29a2c7d6b9c4ddb8f9dbf8cc460dffb088eb493f68fa19babb65c8281ef0b557
outputs/phase6o_neural_shortlist_v1/relabeling/raw_additional_seed_labels/CB1_CAUR_L_CF2_RI2_TI2_R12_C02__seed721204__it0000345.parquet,11543,3d45cb8bb7e290d12d9e135077366ef158a1095207b5b7472b576b23bd6030d5
outputs/phase6o_neural_shortlist_v1/relabeling/raw_additional_seed_labels/CB1_CAUR_L_CF2_RI2_TI2_R12_C02__seed721204__it0000387.parquet,11634,7bd372410d5961e04694c220af1777ae228e6bf2351d4d1a584a00efcb87ec70
outputs/phase6o_neural_shortlist_v1/relabeling/raw_additional_seed_labels/CB1_CAUR_L_CF2_RI2_TI2_R12__seed691201__it0000011.parquet,11808,e25285dfb347144797d7eb9c0dc7d56c9c32697a317cfcfd86f9ea9bfd6f6011
outputs/phase6o_neural_shortlist_v1/relabeling/raw_additional_seed_labels/CB1_CAUR_L_CF2_RI2_TI2_R12__seed691201__it0000046.parquet,11631,3b53de35a24d57789cc4a394e596f94cd9f16fd024b415c3086aced53d197d6f
outputs/phase6o_neural_shortlist_v1/relabeling/raw_additional_seed_labels/CB1_CAUR_L_CF2_RI2_TI2_R12__seed691201__it0000085.parquet,11769,2480d795a24039525740c14a97c79b150330f823ed2b7b6c975844cbd8da3f19
outputs/phase6o_neural_shortlist_v1/relabeling/raw_additional_seed_labels/CB1_CAUR_L_CF2_RI2_TI2_R12__seed691201__it0000121.parquet,11832,b2f7fdf69587b618e3cddb7a5532e4355f48730add24467e7c0c8b7f06bdc1f8
outputs/phase6o_neural_shortlist_v1/relabeling/raw_additional_seed_labels/CB1_CAUR_L_CF2_RI2_TI2_R12__seed691201__it0000156.parquet,11647,1f0c5c6102d9b4bc8a44f82aec553b41dd218ff31202b88c13c4d2fff2ec1b5c
outputs/phase6o_neural_shortlist_v1/relabeling/raw_additional_seed_labels/CB1_CAUR_L_CF2_RI2_TI2_R12__seed691201__it0000194.parquet,11776,809ab12b31298e7836d7787d11195b8030c909f56f06633caad23ebf2945b37c
outputs/phase6o_neural_shortlist_v1/relabeling/raw_additional_seed_labels/CB1_CAUR_L_CF2_RI2_TI2_R12__seed691201__it0000229.parquet,11614,3053efccdb7a3b37775a16a2c4a4de24a0cd3ca7308a759689618cd8da2cc470
outputs/phase6o_neural_shortlist_v1/relabeling/raw_additional_seed_labels/CB1_CAUR_L_CF2_RI2_TI2_R12__seed691201__it0000257.parquet,11666,6bc23a6497ad6301b642c94cde2d50c589230e0a3fb4cae9572281a4e72c7b07
outputs/phase6o_neural_shortlist_v1/relabeling/raw_additional_seed_labels/CB1_CAUR_L_CF2_RI2_TI2_R12__seed691202__it0000010.parquet,11799,18203b8bf19f3185312e958a516b53096d556a629ca3f5e90aa4f6e3a8c8be22
outputs/phase6o_neural_shortlist_v1/relabeling/raw_additional_seed_labels/CB1_CAUR_L_CF2_RI2_TI2_R12__seed691202__it0000046.parquet,11798,93f946f08b5948af7bb1d189954aca0c53f2593ffe0021df3e734a1e5d558416
outputs/phase6o_neural_shortlist_v1/relabeling/raw_additional_seed_labels/CB1_CAUR_L_CF2_RI2_TI2_R12__seed691202__it0000084.parquet,11950,531f3d3c13364649a5a9c493d53c35a3bf911b3a3b3688bef62d9747568646c8
outputs/phase6o_neural_shortlist_v1/relabeling/raw_additional_seed_labels/CB1_CAUR_L_CF2_RI2_TI2_R12__seed691202__it0000119.parquet,11837,298f84a82f50d67156f09ffdfc152e89a532dd479213833d0dd3c4df0829bec8
outputs/phase6o_neural_shortlist_v1/relabeling/raw_additional_seed_labels/CB1_CAUR_L_CF2_RI2_TI2_R12__seed691202__it0000155.parquet,11786,e48a91479f73ef29f3b53fb0764ef7f8e2f57586fe1d8a74dca1f697d1aa228e
outputs/phase6o_neural_shortlist_v1/relabeling/raw_additional_seed_labels/CB1_CAUR_L_CF2_RI2_TI2_R12__seed691202__it0000193.parquet,11788,d1ff01f544037bff562d3afcdacd72e5ce48e96830c94ed832b60ca3c47521ed
outputs/phase6o_neural_shortlist_v1/relabeling/raw_additional_seed_labels/CB1_CAUR_L_CF2_RI2_TI2_R12__seed691202__it0000228.parquet,11865,87dcbe3c879581313c3d51537993cee9783f1e0645eff60ef90afef2a816b6f6
outputs/phase6o_neural_shortlist_v1/relabeling/raw_additional_seed_labels/CB1_CAUR_L_CF2_RI2_TI2_R12__seed691202__it0000255.parquet,11758,f9aaefcef1b1b039e4d7f8ff395f365ca6d46e42e1221fc7630a9488f094f3a5
outputs/phase6o_neural_shortlist_v1/relabeling/raw_additional_seed_labels/CB1_CAUR_L_CF2_RI2_TI2_R12__seed721201__it0000016.parquet,11516,fe11c0810028063c4569fc38a23e603b50dd69496eaffcaf032a7e7798d497c1
outputs/phase6o_neural_shortlist_v1/relabeling/raw_additional_seed_labels/CB1_CAUR_L_CF2_RI2_TI2_R12__seed721201__it0000073.parquet,11648,0ad9535849137f4992a5f0eceb2df26660d65db073cef7b2b2bc5ad724772946
outputs/phase6o_neural_shortlist_v1/relabeling/raw_additional_seed_labels/CB1_CAUR_L_CF2_RI2_TI2_R12__seed721201__it0000134.parquet,11644,14a6c3fc0e0ed0b74b28d9b79b4290030eaa541008cd50777d15045c6814a5a1
outputs/phase6o_neural_shortlist_v1/relabeling/raw_additional_seed_labels/CB1_CAUR_L_CF2_RI2_TI2_R12__seed721201__it0000190.parquet,11657,db2df3aaae73a9e4f3b587cb1f06b325b8108357e32165afa89df669cd614106
outputs/phase6o_neural_shortlist_v1/relabeling/raw_additional_seed_labels/CB1_CAUR_L_CF2_RI2_TI2_R12__seed721201__it0000246.parquet,11571,e0590d7f09abd17b536382dc569c8acb78c46f27e6a04ae98d7e4061700544f6
outputs/phase6o_neural_shortlist_v1/relabeling/raw_additional_seed_labels/CB1_CAUR_L_CF2_RI2_TI2_R12__seed721201__it0000306.parquet,11668,73915589494a07fb99e439990673a4de9f6113087a198fc69196f01e5743e5f8
outputs/phase6o_neural_shortlist_v1/relabeling/raw_additional_seed_labels/CB1_CAUR_L_CF2_RI2_TI2_R12__seed721201__it0000361.parquet,11628,d6948100aaad5116711a0f62402ecbd857004c503ecb2d10e01357100ed179db
outputs/phase6o_neural_shortlist_v1/relabeling/raw_additional_seed_labels/CB1_CAUR_L_CF2_RI2_TI2_R12__seed721201__it0000404.parquet,11630,7ba8cba42a2e8f9004d5588aebfc2e873ba15ccac01d225bc3decac4adf5fd98
outputs/phase6o_neural_shortlist_v1/relabeling/raw_additional_seed_labels/CB1_CAUR_L_CF2_RI2_TI2_R12__seed721202__it0000016.parquet,11616,c929875421cbec2cfddc09351977fc9a491aaa32614cfa03a14165794245c79f
outputs/phase6o_neural_shortlist_v1/relabeling/raw_additional_seed_labels/CB1_CAUR_L_CF2_RI2_TI2_R12__seed721202__it0000072.parquet,11513,7b2633b0db7aee1cc574abc409acd8669642c73003294a2ba233dd0ff7bc2bb6
outputs/phase6o_neural_shortlist_v1/relabeling/raw_additional_seed_labels/CB1_CAUR_L_CF2_RI2_TI2_R12__seed721202__it0000132.parquet,11658,bd35e089c318a3d37f26f921651179e33866915a3bc558b0324f69ef6618e7a6
outputs/phase6o_neural_shortlist_v1/relabeling/raw_additional_seed_labels/CB1_CAUR_L_CF2_RI2_TI2_R12__seed721202__it0000187.parquet,11592,34f92a5503e866bf1d78281bfd7ac36fdc0e2e24fbb1409648d55d0fd0b22651
outputs/phase6o_neural_shortlist_v1/relabeling/raw_additional_seed_labels/CB1_CAUR_L_CF2_RI2_TI2_R12__seed721202__it0000242.parquet,11628,18fd244864224f43bfd058e3cf2fa558776a740371e37cb350bb7afbe1cdeff8
outputs/phase6o_neural_shortlist_v1/relabeling/raw_additional_seed_labels/CB1_CAUR_L_CF2_RI2_TI2_R12__seed721202__it0000301.parquet,11616,43046c3760591ef95168b16ce056d422bc1993ae5f0b0b64fa560b2c8a08d427
outputs/phase6o_neural_shortlist_v1/relabeling/raw_additional_seed_labels/CB1_CAUR_L_CF2_RI2_TI2_R12__seed721202__it0000356.parquet,11649,d91c8c97390ad85c5495a1491d74bec8613289c819e05dc1dec61fed6b5a600e
outputs/phase6o_neural_shortlist_v1/relabeling/raw_additional_seed_labels/CB1_CAUR_L_CF2_RI2_TI2_R12__seed721202__it0000398.parquet,11606,3f4956275026fb66c50aaf09cecc83990b2696965aae8acef0a7602c8cfc0282
outputs/phase6o_neural_shortlist_v1/relabeling/raw_additional_seed_labels/CB1_CAUR_L_CF2_RI2_TI2_R12__seed721203__it0000016.parquet,11620,7afe4d7e5010370243e9fb993720701465dca7591ff375710f1e866f6af3a198
outputs/phase6o_neural_shortlist_v1/relabeling/raw_additional_seed_labels/CB1_CAUR_L_CF2_RI2_TI2_R12__seed721203__it0000073.parquet,11646,2adba2633e68b47cca450ea83be08960a45b68d98128bc634430127f1f466cca
outputs/phase6o_neural_shortlist_v1/relabeling/raw_additional_seed_labels/CB1_CAUR_L_CF2_RI2_TI2_R12__seed721203__it0000133.parquet,11586,3e78e3b8f7ee3a30767b180dcce73e1ae49936ec77ada55153810bfa306ca1a0
outputs/phase6o_neural_shortlist_v1/relabeling/raw_additional_seed_labels/CB1_CAUR_L_CF2_RI2_TI2_R12__seed721203__it0000188.parquet,11659,6c0595db0b7e76e54b79190b2858e051ca2f19cd7e92686ae4599cc222e417c8
outputs/phase6o_neural_shortlist_v1/relabeling/raw_additional_seed_labels/CB1_CAUR_L_CF2_RI2_TI2_R12__seed721203__it0000243.parquet,11623,86f8387c71384cdfb0b8ff02371c4831e44e4fca2d2d9a2f428c2f883f923bb7
outputs/phase6o_neural_shortlist_v1/relabeling/raw_additional_seed_labels/CB1_CAUR_L_CF2_RI2_TI2_R12__seed721203__it0000303.parquet,11632,0c61ad6a39de0135988ef5c478ed646ce2d79601fcd13e4c10ead98453912d6c
outputs/phase6o_neural_shortlist_v1/relabeling/raw_additional_seed_labels/CB1_CAUR_L_CF2_RI2_TI2_R12__seed721203__it0000358.parquet,11578,f415e340be95f471698ccf087e98f708a0bf30d955e6cbca1af74f682c35d1de
outputs/phase6o_neural_shortlist_v1/relabeling/raw_additional_seed_labels/CB1_CAUR_L_CF2_RI2_TI2_R12__seed721203__it0000401.parquet,11645,f296ffa085fb93b31a5d2175b8c3bbc84fcf5684281d63e6c664dc66864bea28
outputs/phase6o_neural_shortlist_v1/relabeling/raw_additional_seed_labels/CB1_CAUR_L_CF2_RI2_TI2_R12__seed721204__it0000016.parquet,11637,4dad9f1a12d54190974cbb02279abcaef71227c9c213adf33d771471704bdf42
outputs/phase6o_neural_shortlist_v1/relabeling/raw_additional_seed_labels/CB1_CAUR_L_CF2_RI2_TI2_R12__seed721204__it0000072.parquet,11563,412a3f77b37890ed3f4725a841dbc616fe877c7caf5b8835652fa10cb5524c5a
outputs/phase6o_neural_shortlist_v1/relabeling/raw_additional_seed_labels/CB1_CAUR_L_CF2_RI2_TI2_R12__seed721204__it0000131.parquet,11611,ace0018a3a49bec5af13626965fe2a72f5b25bd6e348b7ab79c640d270292aac
outputs/phase6o_neural_shortlist_v1/relabeling/raw_additional_seed_labels/CB1_CAUR_L_CF2_RI2_TI2_R12__seed721204__it0000186.parquet,11604,6e505786e2665d015f4a7e35086f109d1ba9bd78ba3f677db934f8695838fef2
outputs/phase6o_neural_shortlist_v1/relabeling/raw_additional_seed_labels/CB1_CAUR_L_CF2_RI2_TI2_R12__seed721204__it0000241.parquet,11606,93408a568f629e7ebbb04c977fef2d049ead4d4b187426db03d32108fc849a1b
outputs/phase6o_neural_shortlist_v1/relabeling/raw_additional_seed_labels/CB1_CAUR_L_CF2_RI2_TI2_R12__seed721204__it0000301.parquet,11628,b74158ba87cc7e9da9b401f5d56a8d5d592e76d52f0eb47134110171512f2515
outputs/phase6o_neural_shortlist_v1/relabeling/raw_additional_seed_labels/CB1_CAUR_L_CF2_RI2_TI2_R12__seed721204__it0000357.parquet,11570,51745a349fd8915e50dc2a784279c5124d83a50ecbb54532bbe29e1807ec3360
outputs/phase6o_neural_shortlist_v1/relabeling/raw_additional_seed_labels/CB1_CAUR_L_CF2_RI2_TI2_R12__seed721204__it0000399.parquet,11582,a657907609624ebd6089b1ecb6de0c3467a04d97ef9de92d2d512bbebed413fc
outputs/phase6o_neural_shortlist_v1/relabeling/raw_additional_seed_labels/CB1_CAUR_L_CF3_RI2_TI2_R12_C02__seed691201__it0000010.parquet,11798,850d7a771f12794e3553600858c700e8b5d71087d354a7e210cc2d1a482186cc
outputs/phase6o_neural_shortlist_v1/relabeling/raw_additional_seed_labels/CB1_CAUR_L_CF3_RI2_TI2_R12_C02__seed691201__it0000046.parquet,11967,7864ae290e5741598f96e1cf5a36a19ef290b098c64c76e47561442a8075df54
outputs/phase6o_neural_shortlist_v1/relabeling/raw_additional_seed_labels/CB1_CAUR_L_CF3_RI2_TI2_R12_C02__seed691201__it0000085.parquet,11802,1695a0fd541e1aaf91bea01feaa67ffb612684c9dd5a33434d23740474cd566a
outputs/phase6o_neural_shortlist_v1/relabeling/raw_additional_seed_labels/CB1_CAUR_L_CF3_RI2_TI2_R12_C02__seed691201__it0000121.parquet,11819,b48fe3096901a835dd2b029ac448df7e9a0ec8cfda2de08584658d04b16546aa
outputs/phase6o_neural_shortlist_v1/relabeling/raw_additional_seed_labels/CB1_CAUR_L_CF3_RI2_TI2_R12_C02__seed691201__it0000156.parquet,11785,63b9431eb4e9afdfa6ffdf230931975643c1213b9d15a456c10116058d16c312
outputs/phase6o_neural_shortlist_v1/relabeling/raw_additional_seed_labels/CB1_CAUR_L_CF3_RI2_TI2_R12_C02__seed691201__it0000195.parquet,11910,7fc0f1f7f6d3cc2bfcc5f58fb479386ff60becc02ef07116cdf309e02b58159d
outputs/phase6o_neural_shortlist_v1/relabeling/raw_additional_seed_labels/CB1_CAUR_L_CF3_RI2_TI2_R12_C02__seed691201__it0000230.parquet,11979,5bf0a026c8622f564e27dbdf9de61cd4ad37533b32bda984f3e95bbbf7e3eeb4
outputs/phase6o_neural_shortlist_v1/relabeling/raw_additional_seed_labels/CB1_CAUR_L_CF3_RI2_TI2_R12_C02__seed691201__it0000258.parquet,11873,51baa554a69e1908f8c1eb2fe6f3d3484c5fc5af32e754d5541ac7d27a7e8107
outputs/phase6o_neural_shortlist_v1/relabeling/raw_additional_seed_labels/CB1_CAUR_L_CF3_RI2_TI2_R12_C02__seed691202__it0000010.parquet,11836,793ac0610c119057d3d4ae37e505ba31f3385eac942d7c2f6042587a2570c760
outputs/phase6o_neural_shortlist_v1/relabeling/raw_additional_seed_labels/CB1_CAUR_L_CF3_RI2_TI2_R12_C02__seed691202__it0000046.parquet,11632,741d9af5757416c9b7659eb7a74f15b91eb800eb637c5fedf39483af6c71199b
outputs/phase6o_neural_shortlist_v1/relabeling/raw_additional_seed_labels/CB1_CAUR_L_CF3_RI2_TI2_R12_C02__seed691202__it0000084.parquet,11886,b7dab39e0077de6af41d27de81789e392b8a61364abdf6a578b1a29bd4bcf752
outputs/phase6o_neural_shortlist_v1/relabeling/raw_additional_seed_labels/CB1_CAUR_L_CF3_RI2_TI2_R12_C02__seed691202__it0000120.parquet,11811,e1b6813196a6d02d28f575f69503dccc6ef976ba51299c4381e2601d9eb66613
outputs/phase6o_neural_shortlist_v1/relabeling/raw_additional_seed_labels/CB1_CAUR_L_CF3_RI2_TI2_R12_C02__seed691202__it0000156.parquet,11708,210cb67c2f7fabc14f6f1366c974220ffe008bd168cae6efffe8f403e39d9e6c
outputs/phase6o_neural_shortlist_v1/relabeling/raw_additional_seed_labels/CB1_CAUR_L_CF3_RI2_TI2_R12_C02__seed691202__it0000193.parquet,11779,d2d06f04cde6933e01624c21e5ca476424a3547dc418c9024a0d48eed426c31f
outputs/phase6o_neural_shortlist_v1/relabeling/raw_additional_seed_labels/CB1_CAUR_L_CF3_RI2_TI2_R12_C02__seed691202__it0000228.parquet,11896,80aa9eeb5549566c83e1e2ac84b838498b64e18c76836b67cf32413a108a7a4e
outputs/phase6o_neural_shortlist_v1/relabeling/raw_additional_seed_labels/CB1_CAUR_L_CF3_RI2_TI2_R12_C02__seed691202__it0000256.parquet,11775,bfab14365779467959ad59bfecea6f72d83c139abcd04401ae8fc100d16b4c28
outputs/phase6o_neural_shortlist_v1/relabeling/raw_additional_seed_labels/CB1_CAUR_L_CF3_RI2_TI2_R12_C02__seed721201__it0000016.parquet,11502,fcc395947e68e1279d6e951dc628b5d59ff032fd30d116ff1c7d4f727245a66a
outputs/phase6o_neural_shortlist_v1/relabeling/raw_additional_seed_labels/CB1_CAUR_L_CF3_RI2_TI2_R12_C02__seed721201__it0000074.parquet,11623,aabc0ec454732143606157e635da8516202e02dec4b01fb77035db80946a91a0
outputs/phase6o_neural_shortlist_v1/relabeling/raw_additional_seed_labels/CB1_CAUR_L_CF3_RI2_TI2_R12_C02__seed721201__it0000137.parquet,11719,ac14b330ab7153196cb9e9a2d1c7377b91717dad9d6617779a3c7e1eca6bb6d0
outputs/phase6o_neural_shortlist_v1/relabeling/raw_additional_seed_labels/CB1_CAUR_L_CF3_RI2_TI2_R12_C02__seed721201__it0000194.parquet,11708,739c80bd2d5efd8025c47d6ac4c7ff6348664a5329cbf178dfd2d438c76f5120
outputs/phase6o_neural_shortlist_v1/relabeling/raw_additional_seed_labels/CB1_CAUR_L_CF3_RI2_TI2_R12_C02__seed721201__it0000254.parquet,11615,2638693e744dcd395a71243d793da62b69df978c7e26a8eca2be78287b6319ed
outputs/phase6o_neural_shortlist_v1/relabeling/raw_additional_seed_labels/CB1_CAUR_L_CF3_RI2_TI2_R12_C02__seed721201__it0000316.parquet,11700,79dfb0265196af2bfcacbdfa43cf05b08177c89cd7c0384fd7b7da6d8a7145df
outputs/phase6o_neural_shortlist_v1/relabeling/raw_additional_seed_labels/CB1_CAUR_L_CF3_RI2_TI2_R12_C02__seed721201__it0000375.parquet,11620,725a7e4aae7c9ce50c9677c93e01533f638e2202e19f11a95475625973252695
outputs/phase6o_neural_shortlist_v1/relabeling/raw_additional_seed_labels/CB1_CAUR_L_CF3_RI2_TI2_R12_C02__seed721201__it0000420.parquet,11682,5d8eb0eae0bc3c0e86bf8f7b639728aacfc9033add12935cc1af9e42d96a89f9
outputs/phase6o_neural_shortlist_v1/relabeling/raw_additional_seed_labels/CB1_CAUR_L_CF3_RI2_TI2_R12_C02__seed721202__it0000015.parquet,11593,896853b2ec7e11c1445fad38b4fd6211925c3cccf7e77d52cbaac64fb86a18a2
outputs/phase6o_neural_shortlist_v1/relabeling/raw_additional_seed_labels/CB1_CAUR_L_CF3_RI2_TI2_R12_C02__seed721202__it0000071.parquet,11627,242e9a7bc061e3d254d957e15a01087fba289fa88893ca886a4c819619da3a51
outputs/phase6o_neural_shortlist_v1/relabeling/raw_additional_seed_labels/CB1_CAUR_L_CF3_RI2_TI2_R12_C02__seed721202__it0000134.parquet,11695,68d0fab8c657be36421749e471dea1cc2357452a04a2872f85e42a53b8bc47f2
outputs/phase6o_neural_shortlist_v1/relabeling/raw_additional_seed_labels/CB1_CAUR_L_CF3_RI2_TI2_R12_C02__seed721202__it0000193.parquet,11652,fbb62e9defdcf4fe4a3004642d7280b5a5ba08d884452e93a408c7f59fce821b
outputs/phase6o_neural_shortlist_v1/relabeling/raw_additional_seed_labels/CB1_CAUR_L_CF3_RI2_TI2_R12_C02__seed721202__it0000253.parquet,11638,48c746fc5d1219eae457dc6cedfebe17e19a0d0044510e0f2fe32fcf9542106e
outputs/phase6o_neural_shortlist_v1/relabeling/raw_additional_seed_labels/CB1_CAUR_L_CF3_RI2_TI2_R12_C02__seed721202__it0000316.parquet,11715,406b22230c11e2607be99f43b28c54ca5645e7ca666afe765239c1c3b51e3b31
outputs/phase6o_neural_shortlist_v1/relabeling/raw_additional_seed_labels/CB1_CAUR_L_CF3_RI2_TI2_R12_C02__seed721202__it0000374.parquet,11699,090cb2c6e7c39360e8c18c99668b95a6f6569390bc41c71a6ac82fb12ba26a22
outputs/phase6o_neural_shortlist_v1/relabeling/raw_additional_seed_labels/CB1_CAUR_L_CF3_RI2_TI2_R12_C02__seed721202__it0000420.parquet,11687,4addcf2936269437bcc9fad3138756d495b3cc6fdc439bde3b6d17e32339431c
outputs/phase6o_neural_shortlist_v1/relabeling/raw_additional_seed_labels/CB1_CAUR_L_CF3_RI2_TI2_R12_C02__seed721203__it0000016.parquet,11597,f7a7a72b837ee89e43f6c509c4935bd148d520ddc20856bc85b558677cd2a972
outputs/phase6o_neural_shortlist_v1/relabeling/raw_additional_seed_labels/CB1_CAUR_L_CF3_RI2_TI2_R12_C02__seed721203__it0000074.parquet,11692,29743cc5f3c471e83c7949e92e1fb742927fcad8a303dbcad42472a56609b5da
outputs/phase6o_neural_shortlist_v1/relabeling/raw_additional_seed_labels/CB1_CAUR_L_CF3_RI2_TI2_R12_C02__seed721203__it0000135.parquet,11688,bf14182266bbf6c363a7c2e8315874f89215a586e4bac3efd32992e8f0278d52
outputs/phase6o_neural_shortlist_v1/relabeling/raw_additional_seed_labels/CB1_CAUR_L_CF3_RI2_TI2_R12_C02__seed721203__it0000193.parquet,11602,a45faba855685c535b800aa17f2f0b3f89338de4dde213c9b995577660a649c8
outputs/phase6o_neural_shortlist_v1/relabeling/raw_additional_seed_labels/CB1_CAUR_L_CF3_RI2_TI2_R12_C02__seed721203__it0000252.parquet,11543,c8e867d343b5c72486b7549a465d3a3e743dc8801cff638bb89fc334a1f6288f
outputs/phase6o_neural_shortlist_v1/relabeling/raw_additional_seed_labels/CB1_CAUR_L_CF3_RI2_TI2_R12_C02__seed721203__it0000316.parquet,11535,61ea496954ee7c9044e1a743511384a01fd6a37740a4543d1bf83cd0e5cb391b
outputs/phase6o_neural_shortlist_v1/relabeling/raw_additional_seed_labels/CB1_CAUR_L_CF3_RI2_TI2_R12_C02__seed721203__it0000375.parquet,11668,0d9ae94547836982e2d9f284c39f0b927c41c047125dbae8accd7295a3996192
outputs/phase6o_neural_shortlist_v1/relabeling/raw_additional_seed_labels/CB1_CAUR_L_CF3_RI2_TI2_R12_C02__seed721203__it0000421.parquet,11659,348ee83287a20e2eed45a85fd730b62dbc0e0d6b34f667e7e070f2f6f8b57d2c
outputs/phase6o_neural_shortlist_v1/relabeling/raw_additional_seed_labels/CB1_CAUR_L_CF3_RI2_TI2_R12_C02__seed721204__it0000016.parquet,11683,432f08302e105edda25c3ad1f277433fdfe137aa30abb493e78c0aebfc18c89c
outputs/phase6o_neural_shortlist_v1/relabeling/raw_additional_seed_labels/CB1_CAUR_L_CF3_RI2_TI2_R12_C02__seed721204__it0000073.parquet,11643,6b499ef3fad2dfa877c364dc06c0bcc8d751a86e004fc2c6d65afa37138da7fd
outputs/phase6o_neural_shortlist_v1/relabeling/raw_additional_seed_labels/CB1_CAUR_L_CF3_RI2_TI2_R12_C02__seed721204__it0000135.parquet,11697,5fc5601a44030a4b1161f9e6760067cace0beede9a0bcd3937ea63bdc37e2428
outputs/phase6o_neural_shortlist_v1/relabeling/raw_additional_seed_labels/CB1_CAUR_L_CF3_RI2_TI2_R12_C02__seed721204__it0000192.parquet,11617,934a74b5bebabc0aef4db46814d27fb4fbcee5f13faf309af6d9eef252e51b59
outputs/phase6o_neural_shortlist_v1/relabeling/raw_additional_seed_labels/CB1_CAUR_L_CF3_RI2_TI2_R12_C02__seed721204__it0000251.parquet,11666,8315bc80e05dd4684a9e7520e5a93db167f8a397b7ebf5d9c14468cae3054ffc
outputs/phase6o_neural_shortlist_v1/relabeling/raw_additional_seed_labels/CB1_CAUR_L_CF3_RI2_TI2_R12_C02__seed721204__it0000313.parquet,11689,57b97c8a3b421bab3fb064d7eea72fecb42b5c69ce99d75b23c1398eb20ee999
outputs/phase6o_neural_shortlist_v1/relabeling/raw_additional_seed_labels/CB1_CAUR_L_CF3_RI2_TI2_R12_C02__seed721204__it0000371.parquet,11699,03c3cf7913d8087d3ca98dab07ae92c100fc7fdb02309a41d1f946bdf5c6cb84
outputs/phase6o_neural_shortlist_v1/relabeling/raw_additional_seed_labels/CB1_CAUR_L_CF3_RI2_TI2_R12_C02__seed721204__it0000416.parquet,11581,46a7745d7b64c9715808a29ae922ab35e4274a7b5574f5de70723407b081ed82
outputs/phase6o_neural_shortlist_v1/relabeling/raw_additional_seed_labels/CB1_CAUR_L_CF3_RI2_TI2_R12__seed691201__it0000009.parquet,11722,894c8f9e68c71937d9f7436e42beb282abbafee14281d43467d306c6502ed6cc
outputs/phase6o_neural_shortlist_v1/relabeling/raw_additional_seed_labels/CB1_CAUR_L_CF3_RI2_TI2_R12__seed691201__it0000044.parquet,11870,a2f99f9be5d5beba755680ccca73aa3c49d9cb86e9ee1b8a1f8830945bd62478
outputs/phase6o_neural_shortlist_v1/relabeling/raw_additional_seed_labels/CB1_CAUR_L_CF3_RI2_TI2_R12__seed691201__it0000083.parquet,11788,15466a9bacf1596790b59311ff0e317a20f54e59fa1b3a90ec8c91bb57ef081c
outputs/phase6o_neural_shortlist_v1/relabeling/raw_additional_seed_labels/CB1_CAUR_L_CF3_RI2_TI2_R12__seed691201__it0000118.parquet,11651,0f9e525db4efcd8188c40739c8a6d88738b0a8c48efde965aefead1bc0e0ea1e
outputs/phase6o_neural_shortlist_v1/relabeling/raw_additional_seed_labels/CB1_CAUR_L_CF3_RI2_TI2_R12__seed691201__it0000154.parquet,11728,9bf3cd773c8d50b53c760bef363772510827bb091e1116c4aaffac0a240ed7bf
outputs/phase6o_neural_shortlist_v1/relabeling/raw_additional_seed_labels/CB1_CAUR_L_CF3_RI2_TI2_R12__seed691201__it0000192.parquet,11759,9ca9ab814142b09c4d01e08a7e4e3aff5863cd9abc813d847546ddad86d62d64
outputs/phase6o_neural_shortlist_v1/relabeling/raw_additional_seed_labels/CB1_CAUR_L_CF3_RI2_TI2_R12__seed691201__it0000227.parquet,11662,d0c1389846ff2ee4a7d84c96ffc76959bb8a70b69c5a1eb6ab8978dfcd9d09ca
outputs/phase6o_neural_shortlist_v1/relabeling/raw_additional_seed_labels/CB1_CAUR_L_CF3_RI2_TI2_R12__seed691201__it0000254.parquet,11723,8ba916380bbeee180681c74541ef7c82e891fd26aea7efeb3699441098429882
outputs/phase6o_neural_shortlist_v1/relabeling/raw_additional_seed_labels/CB1_CAUR_L_CF3_RI2_TI2_R12__seed691202__it0000009.parquet,11728,f2072c37ec921d4be6e0af52ca8ec805f429ecccd4c9dffed228680da9a3a2c7
outputs/phase6o_neural_shortlist_v1/relabeling/raw_additional_seed_labels/CB1_CAUR_L_CF3_RI2_TI2_R12__seed691202__it0000045.parquet,11938,88c38301c117c25f7d842fc97d0ef9cbc6a679086dfa76e46f273cd76ee3abc2
outputs/phase6o_neural_shortlist_v1/relabeling/raw_additional_seed_labels/CB1_CAUR_L_CF3_RI2_TI2_R12__seed691202__it0000082.parquet,11778,80fa82536d18a1c9fa9d1d2cff756a60c2d4578943e04140980de0cad80b9a6f
outputs/phase6o_neural_shortlist_v1/relabeling/raw_additional_seed_labels/CB1_CAUR_L_CF3_RI2_TI2_R12__seed691202__it0000118.parquet,11757,a824ad110b3086386226746a34a8b6e8fa26b7d3e641555a67152907d6d309b7
outputs/phase6o_neural_shortlist_v1/relabeling/raw_additional_seed_labels/CB1_CAUR_L_CF3_RI2_TI2_R12__seed691202__it0000152.parquet,11657,b69f233041a63292aa345c94f288fc63ff13886ed30a9beca430a512d94f349b
outputs/phase6o_neural_shortlist_v1/relabeling/raw_additional_seed_labels/CB1_CAUR_L_CF3_RI2_TI2_R12__seed691202__it0000191.parquet,11760,41b86b8de97ddf7d437f4b91bbe8646001442ae946f10d06c7aefdc02c431add
outputs/phase6o_neural_shortlist_v1/relabeling/raw_additional_seed_labels/CB1_CAUR_L_CF3_RI2_TI2_R12__seed691202__it0000226.parquet,11794,a9afa297721f67e6be2dde3f23b1e4905c339822381e58afdd4492a394c0c08c
outputs/phase6o_neural_shortlist_v1/relabeling/raw_additional_seed_labels/CB1_CAUR_L_CF3_RI2_TI2_R12__seed691202__it0000254.parquet,11864,f87fb7fe481701336cf23c8d7ad6e233971b289236c6950196e157f8b2fe5561
outputs/phase6o_neural_shortlist_v1/relabeling/raw_additional_seed_labels/CB1_CAUR_L_CF3_RI2_TI2_R12__seed721201__it0000015.parquet,11570,7988571cd679201bf7f067b4d21c9d298013485d347b62a2826788c57a21954d
outputs/phase6o_neural_shortlist_v1/relabeling/raw_additional_seed_labels/CB1_CAUR_L_CF3_RI2_TI2_R12__seed721201__it0000072.parquet,11620,24d4344f172a5846722d87f6035c551dd71c0cdd6171c06121072f34a1b34af4
outputs/phase6o_neural_shortlist_v1/relabeling/raw_additional_seed_labels/CB1_CAUR_L_CF3_RI2_TI2_R12__seed721201__it0000133.parquet,11615,b515aafe1720a8b397f2dee4b0a397ed4c45d111c6309a3ba1ce3b62c5bdca9d
outputs/phase6o_neural_shortlist_v1/relabeling/raw_additional_seed_labels/CB1_CAUR_L_CF3_RI2_TI2_R12__seed721201__it0000189.parquet,11553,2a3585975075e90d657f057ebfa5585d8111a1b49ca13d0db4ce121bf5b01100
outputs/phase6o_neural_shortlist_v1/relabeling/raw_additional_seed_labels/CB1_CAUR_L_CF3_RI2_TI2_R12__seed721201__it0000246.parquet,11603,161a0fc3868a344536e33e04fd51d0328d721596223945d0b05b1d4c927f2536
outputs/phase6o_neural_shortlist_v1/relabeling/raw_additional_seed_labels/CB1_CAUR_L_CF3_RI2_TI2_R12__seed721201__it0000306.parquet,11575,5b4744461a1cedaebad18ed8b8180e5288da5fcd5c0f80bc4d32fbe4d84789e0
outputs/phase6o_neural_shortlist_v1/relabeling/raw_additional_seed_labels/CB1_CAUR_L_CF3_RI2_TI2_R12__seed721201__it0000362.parquet,11637,64c45f9509c73da609954cd01e99f7fa5b30d5ee8a5f84a8f055b9e0b114d0a2
outputs/phase6o_neural_shortlist_v1/relabeling/raw_additional_seed_labels/CB1_CAUR_L_CF3_RI2_TI2_R12__seed721201__it0000404.parquet,11602,a6acb469d5fdbcfc7624ec0af474e0100715cee28b59353f3873940fa69907a0
outputs/phase6o_neural_shortlist_v1/relabeling/raw_additional_seed_labels/CB1_CAUR_L_CF3_RI2_TI2_R12__seed721202__it0000015.parquet,11667,5ede4ca420b75d639fd43ba9beeef6b4af2ae4abb1a96fa2673ed6a46bcd17bb
outputs/phase6o_neural_shortlist_v1/relabeling/raw_additional_seed_labels/CB1_CAUR_L_CF3_RI2_TI2_R12__seed721202__it0000073.parquet,11665,a90e42a8092e807e8fbd8195283ee796b46ce010af32cca1384734cc5b3e179b
outputs/phase6o_neural_shortlist_v1/relabeling/raw_additional_seed_labels/CB1_CAUR_L_CF3_RI2_TI2_R12__seed721202__it0000133.parquet,11598,d626809e2c742f43670cfa13b97524ff35449a534f0cba27aaed925e5b99a2c5
outputs/phase6o_neural_shortlist_v1/relabeling/raw_additional_seed_labels/CB1_CAUR_L_CF3_RI2_TI2_R12__seed721202__it0000191.parquet,11648,6dfb46cbd1c1bc7abad4a49dc888269f80be5e3e191b6f7f535941e55f63d424
outputs/phase6o_neural_shortlist_v1/relabeling/raw_additional_seed_labels/CB1_CAUR_L_CF3_RI2_TI2_R12__seed721202__it0000246.parquet,11585,52a98f7e13e5100c7c2962fae935b3b4b70202d3e76788f1ecb95e462690b7cf
outputs/phase6o_neural_shortlist_v1/relabeling/raw_additional_seed_labels/CB1_CAUR_L_CF3_RI2_TI2_R12__seed721202__it0000307.parquet,11644,7b5f10e6863b7ba24b58b04809849dfea0a440f1da85eff17f641dfc5a27806a
outputs/phase6o_neural_shortlist_v1/relabeling/raw_additional_seed_labels/CB1_CAUR_L_CF3_RI2_TI2_R12__seed721202__it0000362.parquet,11647,bd6634c591819afe63817a67facf1823b32b1737d749b58d96f41234340797b1
outputs/phase6o_neural_shortlist_v1/relabeling/raw_additional_seed_labels/CB1_CAUR_L_CF3_RI2_TI2_R12__seed721202__it0000404.parquet,11622,a86381b27e08351c8b32e407ec04bf1fb20798208d162f5a2a92bbcb3dc6ced7
outputs/phase6o_neural_shortlist_v1/relabeling/raw_additional_seed_labels/CB1_CAUR_L_CF3_RI2_TI2_R12__seed721203__it0000015.parquet,11661,0a1fd4b2655fe18a084541b41a165d74db44b1a2cc49d0d78e705172e4918c4b
outputs/phase6o_neural_shortlist_v1/relabeling/raw_additional_seed_labels/CB1_CAUR_L_CF3_RI2_TI2_R12__seed721203__it0000070.parquet,11651,93da7500cfe97b5a02870cd561212d62538120284633a72b3a5a8a612f9d3a6c
outputs/phase6o_neural_shortlist_v1/relabeling/raw_additional_seed_labels/CB1_CAUR_L_CF3_RI2_TI2_R12__seed721203__it0000130.parquet,11551,61424c395837a6cdcfcd1407a22c4cb9ce2ca6ab8fb39e819bee887f5f75aaba
outputs/phase6o_neural_shortlist_v1/relabeling/raw_additional_seed_labels/CB1_CAUR_L_CF3_RI2_TI2_R12__seed721203__it0000186.parquet,11549,fab50be95f32f1eee083a48dbd29e57be6a1fa0208f64c4da012bdd05578005a
outputs/phase6o_neural_shortlist_v1/relabeling/raw_additional_seed_labels/CB1_CAUR_L_CF3_RI2_TI2_R12__seed721203__it0000242.parquet,11663,259b14177341e18493362b0dea1bed1a6dedfd0a5b307b344182026d13c26f5e
outputs/phase6o_neural_shortlist_v1/relabeling/raw_additional_seed_labels/CB1_CAUR_L_CF3_RI2_TI2_R12__seed721203__it0000302.parquet,11582,4c31c09ffdb2fb10aec5ad5d89a5218cefe33c905bf06e28026117a902a6ede2
outputs/phase6o_neural_shortlist_v1/relabeling/raw_additional_seed_labels/CB1_CAUR_L_CF3_RI2_TI2_R12__seed721203__it0000357.parquet,11638,d501285d415e87c531650b7d09d7afcaa79a9c1699830c4adbb4cdd8b1439db9
outputs/phase6o_neural_shortlist_v1/relabeling/raw_additional_seed_labels/CB1_CAUR_L_CF3_RI2_TI2_R12__seed721203__it0000400.parquet,11525,a5fe9448c3d816c4e25914f2239365ee13e0ac4afe01263f2e60f62d12934865
outputs/phase6o_neural_shortlist_v1/relabeling/raw_additional_seed_labels/CB1_CAUR_L_CF3_RI2_TI2_R12__seed721204__it0000015.parquet,11562,0ac41aa05b6807ea5030ef522e42a1fc0c9d07bfc642a19dcf678e54e3a61930
outputs/phase6o_neural_shortlist_v1/relabeling/raw_additional_seed_labels/CB1_CAUR_L_CF3_RI2_TI2_R12__seed721204__it0000070.parquet,11653,c810a0aa0faae98983fa84843b8d1a763d6aec4060a42fece7d109c494b198ff
outputs/phase6o_neural_shortlist_v1/relabeling/raw_additional_seed_labels/CB1_CAUR_L_CF3_RI2_TI2_R12__seed721204__it0000131.parquet,11596,ff1dd24863b9db37d723f695c79934b24f83ed3888f1a39db94d44750b4a2d81
outputs/phase6o_neural_shortlist_v1/relabeling/raw_additional_seed_labels/CB1_CAUR_L_CF3_RI2_TI2_R12__seed721204__it0000187.parquet,11563,a228071c9c5a046e65002e8134becefdb887bf30aa98765e95c52c0a4a0d3230
outputs/phase6o_neural_shortlist_v1/relabeling/raw_additional_seed_labels/CB1_CAUR_L_CF3_RI2_TI2_R12__seed721204__it0000243.parquet,11604,6837e6992b57458397610db51fb786bc9e69f4b5e6a8a60676ec0d2a47567b21
outputs/phase6o_neural_shortlist_v1/relabeling/raw_additional_seed_labels/CB1_CAUR_L_CF3_RI2_TI2_R12__seed721204__it0000304.parquet,11657,4c07f20748038f4f1b201bda7f863d614297a7da6fb6c23cf07dce626eafe837
outputs/phase6o_neural_shortlist_v1/relabeling/raw_additional_seed_labels/CB1_CAUR_L_CF3_RI2_TI2_R12__seed721204__it0000361.parquet,11594,b2f809675f9fe8248d3512a19078f2463df3f71daf2e74919977ec20b61c8d3f
outputs/phase6o_neural_shortlist_v1/relabeling/raw_additional_seed_labels/CB1_CAUR_L_CF3_RI2_TI2_R12__seed721204__it0000403.parquet,11563,468a54df96d6f1ffed76b77abee0c75dd21e2a160fefc68758f2b783450b2423
outputs/phase6o_neural_shortlist_v1/relabeling/state_status/CB1_CAUR_L_CF1_RI2_TI2_R12_C02__seed691201__it0000012.json,1004,1239338bd90a0cbed13e718571cec3351956dc19542156b38368921b30a21841
outputs/phase6o_neural_shortlist_v1/relabeling/state_status/CB1_CAUR_L_CF1_RI2_TI2_R12_C02__seed691201__it0000050.json,1004,e3fe080f47678a1fc7514f7c970a324a10612ead304f6d442730a980025a92cb
outputs/phase6o_neural_shortlist_v1/relabeling/state_status/CB1_CAUR_L_CF1_RI2_TI2_R12_C02__seed691201__it0000090.json,1004,3d913ec7368e5b317c78988138622fd99d3aca506080d32c61d95261002c2909
outputs/phase6o_neural_shortlist_v1/relabeling/state_status/CB1_CAUR_L_CF1_RI2_TI2_R12_C02__seed691201__it0000127.json,1005,162ad62de33ec01730220bb9bb905d3dc8cdced842308ff11c7714b843f37336
outputs/phase6o_neural_shortlist_v1/relabeling/state_status/CB1_CAUR_L_CF1_RI2_TI2_R12_C02__seed691201__it0000164.json,1004,04f4f5a6b77a111b2d7f245506fcb403be61f13a768526a79af1186ff77f959d
outputs/phase6o_neural_shortlist_v1/relabeling/state_status/CB1_CAUR_L_CF1_RI2_TI2_R12_C02__seed691201__it0000204.json,1005,5018a38a4b54b89e80e72eeea99a48ddaaa950f03f236c7039ce9a0ed541851e
outputs/phase6o_neural_shortlist_v1/relabeling/state_status/CB1_CAUR_L_CF1_RI2_TI2_R12_C02__seed691201__it0000241.json,1004,10a8e849027405aa5081700c829b7eaa749f8d1daeac16d58cccf8530a32873b
outputs/phase6o_neural_shortlist_v1/relabeling/state_status/CB1_CAUR_L_CF1_RI2_TI2_R12_C02__seed691201__it0000269.json,1004,0517bff047da165dd94ccbd6a6fb9458149f01646983e1189dec8c75b874062c
outputs/phase6o_neural_shortlist_v1/relabeling/state_status/CB1_CAUR_L_CF1_RI2_TI2_R12_C02__seed691202__it0000012.json,1004,8ebe6a710e0dca6aba3c9e05a597967db94afb9f526d3064c3008782dde33e45
outputs/phase6o_neural_shortlist_v1/relabeling/state_status/CB1_CAUR_L_CF1_RI2_TI2_R12_C02__seed691202__it0000049.json,1005,282654488a7057559cb9cc7f2039bff8380a9f7aac5f7bbe098348198d64d5be
outputs/phase6o_neural_shortlist_v1/relabeling/state_status/CB1_CAUR_L_CF1_RI2_TI2_R12_C02__seed691202__it0000090.json,1005,ba8df4fe520273276267443a7de616b7ba206f1379ff29cad0d0ab132878a011
outputs/phase6o_neural_shortlist_v1/relabeling/state_status/CB1_CAUR_L_CF1_RI2_TI2_R12_C02__seed691202__it0000127.json,1003,3428d1b31634c2dc3f012525f520ffba7f049583537156248b0c43db6f344776
outputs/phase6o_neural_shortlist_v1/relabeling/state_status/CB1_CAUR_L_CF1_RI2_TI2_R12_C02__seed691202__it0000164.json,1004,c243e5b464f2f6feae07cce771344928de5aab12863d1892a6f275ae6d90902f
outputs/phase6o_neural_shortlist_v1/relabeling/state_status/CB1_CAUR_L_CF1_RI2_TI2_R12_C02__seed691202__it0000204.json,1004,95193d2955d19b05595273b248002e417c7ba7f5494afd254dc51bb96759010f
outputs/phase6o_neural_shortlist_v1/relabeling/state_status/CB1_CAUR_L_CF1_RI2_TI2_R12_C02__seed691202__it0000241.json,1003,3a9e614c20c4b7963628a16c619675e498e3df6525d40418d3321e6ac5ce8c79
outputs/phase6o_neural_shortlist_v1/relabeling/state_status/CB1_CAUR_L_CF1_RI2_TI2_R12_C02__seed691202__it0000270.json,1004,116f949e48d0cb44bf40f389d32799ab1261bff393fe2df35faf64a557071d0c
outputs/phase6o_neural_shortlist_v1/relabeling/state_status/CB1_CAUR_L_CF1_RI2_TI2_R12_C02__seed721201__it0000019.json,1001,b3be8dd54f74946cc12b0a94b5dbf06d14fee256503bc4e8516600cd8b8a2a32
outputs/phase6o_neural_shortlist_v1/relabeling/state_status/CB1_CAUR_L_CF1_RI2_TI2_R12_C02__seed721201__it0000077.json,1002,599b7cfca9e875e0b74d2d452b0882c69d5ee29db72117671ae3f4a9ab05e718
outputs/phase6o_neural_shortlist_v1/relabeling/state_status/CB1_CAUR_L_CF1_RI2_TI2_R12_C02__seed721201__it0000142.json,1001,c0fa87ba5661fa33ea3a43b07970f55e13c445cd35cc217f42cdb7d36a398e9b
outputs/phase6o_neural_shortlist_v1/relabeling/state_status/CB1_CAUR_L_CF1_RI2_TI2_R12_C02__seed721201__it0000200.json,1001,ee3ca997d413a11d6a06963469cf48c77ca4ae98659d1be12cf89bffbbce35e8
outputs/phase6o_neural_shortlist_v1/relabeling/state_status/CB1_CAUR_L_CF1_RI2_TI2_R12_C02__seed721201__it0000258.json,1001,3dd4b25929de2f862ceaf7dde81f01ba51e827bf5f32fb37d350a0101a387cad
outputs/phase6o_neural_shortlist_v1/relabeling/state_status/CB1_CAUR_L_CF1_RI2_TI2_R12_C02__seed721201__it0000320.json,1002,29f43b9d368b6b580771d618ef1be854e01383e707d1a0374ce92a0356590180
outputs/phase6o_neural_shortlist_v1/relabeling/state_status/CB1_CAUR_L_CF1_RI2_TI2_R12_C02__seed721201__it0000378.json,1001,029526f9534bc0b4993b38c11d35374eeffe839a713ecd73751f9f58f9e4a764
outputs/phase6o_neural_shortlist_v1/relabeling/state_status/CB1_CAUR_L_CF1_RI2_TI2_R12_C02__seed721201__it0000422.json,1004,86aff5c91f2731ecf54062955fb19f56f0321c072ae3a9b04e61c7a8f8dbb7dd
outputs/phase6o_neural_shortlist_v1/relabeling/state_status/CB1_CAUR_L_CF1_RI2_TI2_R12_C02__seed721202__it0000018.json,1002,4166c39371497267be216b371f47fdd69bd081bd9355421884dec7dd616b60c0
outputs/phase6o_neural_shortlist_v1/relabeling/state_status/CB1_CAUR_L_CF1_RI2_TI2_R12_C02__seed721202__it0000076.json,1002,a1fe7e9bd15834a96c1d284fb0b0468fe0a27b99e8551a6cb05f66904d2d6a3b
outputs/phase6o_neural_shortlist_v1/relabeling/state_status/CB1_CAUR_L_CF1_RI2_TI2_R12_C02__seed721202__it0000139.json,1001,04f0a771c68564365aa79649593c24a050ab61d20f85da0be45c5dadce4dd32a
outputs/phase6o_neural_shortlist_v1/relabeling/state_status/CB1_CAUR_L_CF1_RI2_TI2_R12_C02__seed721202__it0000196.json,1001,04d85b890054915d3b8456928a94fa246a2521ce50b2f22f94cae78347992ec2
outputs/phase6o_neural_shortlist_v1/relabeling/state_status/CB1_CAUR_L_CF1_RI2_TI2_R12_C02__seed721202__it0000254.json,999,99b0255e50c9ac6408759b0bd0fe133b7ba49d7b1f23e9bf8d4e7070de64175f
outputs/phase6o_neural_shortlist_v1/relabeling/state_status/CB1_CAUR_L_CF1_RI2_TI2_R12_C02__seed721202__it0000315.json,1001,dad5e368c008a8e67e46f35cc4a0e632a2711936f1b5cc599fc58af18741a1bd
outputs/phase6o_neural_shortlist_v1/relabeling/state_status/CB1_CAUR_L_CF1_RI2_TI2_R12_C02__seed721202__it0000372.json,1002,e2f00d3a696d302ad048ce9ccef16809bbeb32d9671440ef2535adfe8a7a60c1
outputs/phase6o_neural_shortlist_v1/relabeling/state_status/CB1_CAUR_L_CF1_RI2_TI2_R12_C02__seed721202__it0000415.json,1002,e7f08491a21a55cc80642b44681808ed503894885b7c91bd20f473211fb29b04
outputs/phase6o_neural_shortlist_v1/relabeling/state_status/CB1_CAUR_L_CF1_RI2_TI2_R12_C02__seed721203__it0000018.json,1002,d5b25363dc52061354ba48bd4e407fdc3c506fe8d6e80b339de1c4dd1eb532b3
outputs/phase6o_neural_shortlist_v1/relabeling/state_status/CB1_CAUR_L_CF1_RI2_TI2_R12_C02__seed721203__it0000075.json,1001,759e4e45c560a49d327f82629adb94dd1cb1021de051e3bae26476bb59dd3a71
outputs/phase6o_neural_shortlist_v1/relabeling/state_status/CB1_CAUR_L_CF1_RI2_TI2_R12_C02__seed721203__it0000136.json,1001,94d911fe1f52d7cb5fed2dd0b175aa10fe6da0cc3703ec690366696e87e57efa
outputs/phase6o_neural_shortlist_v1/relabeling/state_status/CB1_CAUR_L_CF1_RI2_TI2_R12_C02__seed721203__it0000193.json,1001,d4fd76a783f37a77e7d7e45a4846761f6e3283a940af2a40dbe99895b231f4e5
outputs/phase6o_neural_shortlist_v1/relabeling/state_status/CB1_CAUR_L_CF1_RI2_TI2_R12_C02__seed721203__it0000250.json,1002,b01030d0ac286a46b7c92d2f61788211b7801357f35885c7b08346f5b87f2f69
outputs/phase6o_neural_shortlist_v1/relabeling/state_status/CB1_CAUR_L_CF1_RI2_TI2_R12_C02__seed721203__it0000313.json,1001,d2910f82e7c5c651ef4036fa924da2291d76992cc238c7d562180d5e78e69444
outputs/phase6o_neural_shortlist_v1/relabeling/state_status/CB1_CAUR_L_CF1_RI2_TI2_R12_C02__seed721203__it0000370.json,1001,e0a74308a17d6260772eb5f5c0c4f480077abcaa959fd45c67b655dd5a72d48b
outputs/phase6o_neural_shortlist_v1/relabeling/state_status/CB1_CAUR_L_CF1_RI2_TI2_R12_C02__seed721203__it0000413.json,1002,b2b55b4bcf06d604a5010a1ee0d302bd291fd1addb411e173c3cd98c689e2937
outputs/phase6o_neural_shortlist_v1/relabeling/state_status/CB1_CAUR_L_CF1_RI2_TI2_R12_C02__seed721204__it0000018.json,1001,ccab55cfa2d781ec63db4f9abcce0c96953d112806930e2cf5225a034440802b
outputs/phase6o_neural_shortlist_v1/relabeling/state_status/CB1_CAUR_L_CF1_RI2_TI2_R12_C02__seed721204__it0000075.json,1002,1efb9405f9fcdd9dcc5ec69ed62ee001f38bb5dda362629f1edf3731b9606173
outputs/phase6o_neural_shortlist_v1/relabeling/state_status/CB1_CAUR_L_CF1_RI2_TI2_R12_C02__seed721204__it0000138.json,1000,062af7b01e7d1771b78a99c26e4501f7b128123ea3cba7811bceef13fc1ca56c
outputs/phase6o_neural_shortlist_v1/relabeling/state_status/CB1_CAUR_L_CF1_RI2_TI2_R12_C02__seed721204__it0000195.json,1003,376729450ac74586df2f02745cc79e5cc58921f6b7c1041088b6b087bede5ab4
outputs/phase6o_neural_shortlist_v1/relabeling/state_status/CB1_CAUR_L_CF1_RI2_TI2_R12_C02__seed721204__it0000252.json,1001,b017cf1482b8fc7ee6732bd66490a0400bc9206e3ba37d1f159ac1275eb77770
outputs/phase6o_neural_shortlist_v1/relabeling/state_status/CB1_CAUR_L_CF1_RI2_TI2_R12_C02__seed721204__it0000313.json,1001,63dd9ecb3ed264855439f70b0779b6d202e24a194d3c07faf7c50d289c36a7bd
outputs/phase6o_neural_shortlist_v1/relabeling/state_status/CB1_CAUR_L_CF1_RI2_TI2_R12_C02__seed721204__it0000369.json,1001,6f98a40f937c2a32aa1c098737da957d7ca6aa4602d39b7d27e912e3ebe2c78b
outputs/phase6o_neural_shortlist_v1/relabeling/state_status/CB1_CAUR_L_CF1_RI2_TI2_R12_C02__seed721204__it0000413.json,1001,023c1a86d4b16a0292b03fcb4fda345c623ad1a59c20ddfe491a8a25ae8145b5
outputs/phase6o_neural_shortlist_v1/relabeling/state_status/CB1_CAUR_L_CF1_RI2_TI2_R12__seed691201__it0000012.json,993,22f208d681c3219249521da295a65217bfffc8fefe16a3180eb8ce5653cf9f3b
outputs/phase6o_neural_shortlist_v1/relabeling/state_status/CB1_CAUR_L_CF1_RI2_TI2_R12__seed691201__it0000050.json,992,7bbb7503b3478a22558e1e93e3070686105213d6619eb47a8802dd4c754c13f9
outputs/phase6o_neural_shortlist_v1/relabeling/state_status/CB1_CAUR_L_CF1_RI2_TI2_R12__seed691201__it0000091.json,992,e08a9616b42e440f6a2ed7fbf0c91cef5500ba1c35585b1960205a7ef181f6f1
outputs/phase6o_neural_shortlist_v1/relabeling/state_status/CB1_CAUR_L_CF1_RI2_TI2_R12__seed691201__it0000128.json,994,a182e9024553d2c14109c7f0e9f5945b5a32e0dd9a5f31a97c52f2378f2f760a
outputs/phase6o_neural_shortlist_v1/relabeling/state_status/CB1_CAUR_L_CF1_RI2_TI2_R12__seed691201__it0000165.json,991,3fe29b1f186b489493645bcbdc4c463eb97ded3e8d9e4ee230e5289c4dbb4adb
outputs/phase6o_neural_shortlist_v1/relabeling/state_status/CB1_CAUR_L_CF1_RI2_TI2_R12__seed691201__it0000205.json,991,e2ec36080082ce923610f5de78d0e1c811481c692fda9bb75c73b315f060f171
outputs/phase6o_neural_shortlist_v1/relabeling/state_status/CB1_CAUR_L_CF1_RI2_TI2_R12__seed691201__it0000242.json,992,b70111ff7089ab305ee91406c377d38b71d75dbff47370b94b281fccf91f913e
outputs/phase6o_neural_shortlist_v1/relabeling/state_status/CB1_CAUR_L_CF1_RI2_TI2_R12__seed691201__it0000270.json,991,8b0a013fc8605572362d6e94b0ea71b209211c631a928aa1b93c6db8e59baef9
outputs/phase6o_neural_shortlist_v1/relabeling/state_status/CB1_CAUR_L_CF1_RI2_TI2_R12__seed691202__it0000012.json,990,9ca9d030aa00d4bffa264b6056a8728c5dc66107036c4cedb7081846a05d9856
outputs/phase6o_neural_shortlist_v1/relabeling/state_status/CB1_CAUR_L_CF1_RI2_TI2_R12__seed691202__it0000050.json,992,83e11adab6e86b2c8bafa8a06c59a37ae0e95cb0407041e8fac685926815497b
outputs/phase6o_neural_shortlist_v1/relabeling/state_status/CB1_CAUR_L_CF1_RI2_TI2_R12__seed691202__it0000091.json,992,528fb3f51cade01cb21a3186048c8e056ccf21631b350ac82813224951520600
outputs/phase6o_neural_shortlist_v1/relabeling/state_status/CB1_CAUR_L_CF1_RI2_TI2_R12__seed691202__it0000129.json,991,4657cae14c2b38792bef3d0cd948dbed8320a6f1da99badd04d4f9f0a87619e6
outputs/phase6o_neural_shortlist_v1/relabeling/state_status/CB1_CAUR_L_CF1_RI2_TI2_R12__seed691202__it0000167.json,992,604102cece8c71c97b1304efbf39a0a9528d61545b504a6ea981382e094bc9ab
outputs/phase6o_neural_shortlist_v1/relabeling/state_status/CB1_CAUR_L_CF1_RI2_TI2_R12__seed691202__it0000208.json,992,f60524fba9fa42e431bf34b6572aab822f7f087d2665a80ebb47793bd682b7cd
outputs/phase6o_neural_shortlist_v1/relabeling/state_status/CB1_CAUR_L_CF1_RI2_TI2_R12__seed691202__it0000245.json,991,287f49a10ba939cbcba0f1868ccf12a7c9c9f6edfaacb8cce5d1655648c711ca
outputs/phase6o_neural_shortlist_v1/relabeling/state_status/CB1_CAUR_L_CF1_RI2_TI2_R12__seed691202__it0000274.json,992,93056241431a8a9a76fc2be268455ae8e19a39865b50079ca548fcee5f7c0eaa
outputs/phase6o_neural_shortlist_v1/relabeling/state_status/CB1_CAUR_L_CF1_RI2_TI2_R12__seed721201__it0000019.json,989,d99b4d6edfe91819edbbb3ecf6751b371ae389cb0c04789c04b7bc1842fc9fed
outputs/phase6o_neural_shortlist_v1/relabeling/state_status/CB1_CAUR_L_CF1_RI2_TI2_R12__seed721201__it0000078.json,989,b223e3326a204659a86d8be4cde2884a683a7739a0b94173df4da8462b25bcf9
outputs/phase6o_neural_shortlist_v1/relabeling/state_status/CB1_CAUR_L_CF1_RI2_TI2_R12__seed721201__it0000142.json,990,85a7efff90b490ca6f33d50f69a553d7a8fed431282c7be7b1e124034417dacb
outputs/phase6o_neural_shortlist_v1/relabeling/state_status/CB1_CAUR_L_CF1_RI2_TI2_R12__seed721201__it0000201.json,989,61681a189825fe5718ffcd2c247247143982c299e508c92ed1b827fa7a3d5eef
outputs/phase6o_neural_shortlist_v1/relabeling/state_status/CB1_CAUR_L_CF1_RI2_TI2_R12__seed721201__it0000261.json,988,8f90f0442d129eb4c23c1101bb70565262d292e0b983bc0547cc4cdd37f380f2
outputs/phase6o_neural_shortlist_v1/relabeling/state_status/CB1_CAUR_L_CF1_RI2_TI2_R12__seed721201__it0000324.json,989,06b13ab9a31098155370ab9b1031d2e4dcaf375e7ebcbc5aa10663197a4ff90e
outputs/phase6o_neural_shortlist_v1/relabeling/state_status/CB1_CAUR_L_CF1_RI2_TI2_R12__seed721201__it0000383.json,989,68c482873bc8dda6dbda0988cfc78d1e64435bc4ab3915ea8669b7a940e982fd
outputs/phase6o_neural_shortlist_v1/relabeling/state_status/CB1_CAUR_L_CF1_RI2_TI2_R12__seed721201__it0000429.json,989,752fa0eee58319697b23759dbd7bf624d65a865b16c890b9e3f54f88cd3377f4
outputs/phase6o_neural_shortlist_v1/relabeling/state_status/CB1_CAUR_L_CF1_RI2_TI2_R12__seed721202__it0000019.json,990,f5eda2919f1c9a2c71136a50001e4fa4d7a101df7d398be998fa1106505cf1aa
outputs/phase6o_neural_shortlist_v1/relabeling/state_status/CB1_CAUR_L_CF1_RI2_TI2_R12__seed721202__it0000077.json,990,cfc2b3ca869611b4eeef6506134d16fbb08a32cacedee47d6ebddadb50f86e7a
outputs/phase6o_neural_shortlist_v1/relabeling/state_status/CB1_CAUR_L_CF1_RI2_TI2_R12__seed721202__it0000141.json,989,968f3702f87f0a1911f1f3e1774681fb9373bdf66cb25fc004735860e82f53f9
outputs/phase6o_neural_shortlist_v1/relabeling/state_status/CB1_CAUR_L_CF1_RI2_TI2_R12__seed721202__it0000200.json,990,4443fc76c9871206251db5dfe2245365faaca154fe0dc8d88386684544ee3cd6
outputs/phase6o_neural_shortlist_v1/relabeling/state_status/CB1_CAUR_L_CF1_RI2_TI2_R12__seed721202__it0000260.json,988,ade08ba9480cdda226356598c3f11cb4209e659cde09ef72323b1b0fdc9d3309
outputs/phase6o_neural_shortlist_v1/relabeling/state_status/CB1_CAUR_L_CF1_RI2_TI2_R12__seed721202__it0000323.json,989,375bcff06c9fcb5528a0d344f5a27180c75876b437e6373a348c507c4888a1cc
outputs/phase6o_neural_shortlist_v1/relabeling/state_status/CB1_CAUR_L_CF1_RI2_TI2_R12__seed721202__it0000382.json,989,9286fa4951800f0034696de37cfad8569c31f6daf3f2aaf09a9b1f131b374fe1
outputs/phase6o_neural_shortlist_v1/relabeling/state_status/CB1_CAUR_L_CF1_RI2_TI2_R12__seed721202__it0000428.json,989,41c17e6e31bdc65bb5cd7bbf2a4644c4998f545075a6e8741b201a9475f1236c
outputs/phase6o_neural_shortlist_v1/relabeling/state_status/CB1_CAUR_L_CF1_RI2_TI2_R12__seed721203__it0000019.json,989,f995b14a5f976e232a782142ece0ebc1b9a03051fd36102a200f2c72de2e77fd
outputs/phase6o_neural_shortlist_v1/relabeling/state_status/CB1_CAUR_L_CF1_RI2_TI2_R12__seed721203__it0000078.json,989,f69d541786db8bdd9f53ef038847d7fdc8843b8f4061f1d5f2468c64fae88109
outputs/phase6o_neural_shortlist_v1/relabeling/state_status/CB1_CAUR_L_CF1_RI2_TI2_R12__seed721203__it0000142.json,991,ca4b22a3d213c6b6bb8cb864b399d6c449f69e14b32c2e92df00ef54aa43f45d
outputs/phase6o_neural_shortlist_v1/relabeling/state_status/CB1_CAUR_L_CF1_RI2_TI2_R12__seed721203__it0000200.json,989,287e2fe5cc962ee948890d3a30fe8f12107c64819687f12e16bc4613619626eb
outputs/phase6o_neural_shortlist_v1/relabeling/state_status/CB1_CAUR_L_CF1_RI2_TI2_R12__seed721203__it0000259.json,989,90c052ce1e702625b4f59f05ec46f81a391f0da4cd53002e0517447c34d440c1
outputs/phase6o_neural_shortlist_v1/relabeling/state_status/CB1_CAUR_L_CF1_RI2_TI2_R12__seed721203__it0000322.json,990,5884551a25c20eecd2b426da9bc45f878a64de48915c1ae6cd3cfa6ed9df93aa
outputs/phase6o_neural_shortlist_v1/relabeling/state_status/CB1_CAUR_L_CF1_RI2_TI2_R12__seed721203__it0000381.json,990,8ad366888494a6767672218a4df89304e075da6d04dd6b62f44e2ff0db8c7667
outputs/phase6o_neural_shortlist_v1/relabeling/state_status/CB1_CAUR_L_CF1_RI2_TI2_R12__seed721203__it0000425.json,989,0901cd115463d390f6c82655a00a9a4e738944c3796b5190d97c69bdd55d78e1
outputs/phase6o_neural_shortlist_v1/relabeling/state_status/CB1_CAUR_L_CF1_RI2_TI2_R12__seed721204__it0000019.json,991,a7de272a3009864d17bb9fdb4a085eb6aa2638e5a65ed73e3e87080404f43781
outputs/phase6o_neural_shortlist_v1/relabeling/state_status/CB1_CAUR_L_CF1_RI2_TI2_R12__seed721204__it0000080.json,991,67daa7af2a7bd356474c30f65ef70c63bdec179b268ed818bfcf35b45758a15b
outputs/phase6o_neural_shortlist_v1/relabeling/state_status/CB1_CAUR_L_CF1_RI2_TI2_R12__seed721204__it0000146.json,990,8f64403f7b8deb30accacce02bec4f66e6189d896fdeaddd87760cce96437b71
outputs/phase6o_neural_shortlist_v1/relabeling/state_status/CB1_CAUR_L_CF1_RI2_TI2_R12__seed721204__it0000205.json,989,ffd3c8be9196797fd10d5db0ad0ad1a848941da1fd9a1c6c86d7095b3df4630a
outputs/phase6o_neural_shortlist_v1/relabeling/state_status/CB1_CAUR_L_CF1_RI2_TI2_R12__seed721204__it0000264.json,989,d0d4153124fbdf21ceb282bf65cc4d6bf524f27f204eddc7842bc123f4bc1096
outputs/phase6o_neural_shortlist_v1/relabeling/state_status/CB1_CAUR_L_CF1_RI2_TI2_R12__seed721204__it0000329.json,988,92435b47f117faf6b755bc875c2abf295eaf2151419249f79110127566ecaaa2
outputs/phase6o_neural_shortlist_v1/relabeling/state_status/CB1_CAUR_L_CF1_RI2_TI2_R12__seed721204__it0000389.json,989,fa60a34d7839d62881ae481a83c04ff2487b3a933c55d1c1254ca6913b69d285
outputs/phase6o_neural_shortlist_v1/relabeling/state_status/CB1_CAUR_L_CF1_RI2_TI2_R12__seed721204__it0000434.json,989,c5f3c621ddf65e6e1f6fef232023d198e782ab24f35199ca5a8937a29c537ed6
outputs/phase6o_neural_shortlist_v1/relabeling/state_status/CB1_CAUR_L_CF2_RI2_TI2_R12_C02__seed691201__it0000010.json,1006,ba100a843ba00af1581b539385f9b8bbcb48356e4c68c677d9702de6079cb7d1
outputs/phase6o_neural_shortlist_v1/relabeling/state_status/CB1_CAUR_L_CF2_RI2_TI2_R12_C02__seed691201__it0000045.json,1006,ca090ef53ded12117783b777a296ad5a314ffb67cc66f50fc210697cc8923f23
outputs/phase6o_neural_shortlist_v1/relabeling/state_status/CB1_CAUR_L_CF2_RI2_TI2_R12_C02__seed691201__it0000084.json,1002,62a81b80f32d616d3745d9d121fd7def72e61dadfa2dba8f814c66d58589cced
outputs/phase6o_neural_shortlist_v1/relabeling/state_status/CB1_CAUR_L_CF2_RI2_TI2_R12_C02__seed691201__it0000119.json,1006,7bcce892dce14b57e9d96f9537331abf79b8145151e37f4d2a8d3a51d5a07171
outputs/phase6o_neural_shortlist_v1/relabeling/state_status/CB1_CAUR_L_CF2_RI2_TI2_R12_C02__seed691201__it0000155.json,1002,751e2be0edc0d03c08a22bdf9adbe89bc9facfe5447c7b94bb14edb361313385
outputs/phase6o_neural_shortlist_v1/relabeling/state_status/CB1_CAUR_L_CF2_RI2_TI2_R12_C02__seed691201__it0000194.json,1006,38fb69cab4ca93d937c46efd8b3e6c5684f2f76e305b92c072cec093f1629e0d
outputs/phase6o_neural_shortlist_v1/relabeling/state_status/CB1_CAUR_L_CF2_RI2_TI2_R12_C02__seed691201__it0000230.json,1004,915c404aea810b409efabf29f305c6744a5a55cd4f402bbf5550c23d2a85b4e5
outputs/phase6o_neural_shortlist_v1/relabeling/state_status/CB1_CAUR_L_CF2_RI2_TI2_R12_C02__seed691201__it0000258.json,1003,e2aa4bd2f907f01fb66cd632dba7c393dda381bda1f142efec29adfba3c41f36
outputs/phase6o_neural_shortlist_v1/relabeling/state_status/CB1_CAUR_L_CF2_RI2_TI2_R12_C02__seed691202__it0000010.json,1006,f20e73280b4273011299b516d0008e30c81161b799a8b5ef69ca9bee81ba427c
outputs/phase6o_neural_shortlist_v1/relabeling/state_status/CB1_CAUR_L_CF2_RI2_TI2_R12_C02__seed691202__it0000046.json,1004,ae9364b27e0cd6009981a0811b2e0af21dfedcf06d65b09b3a54de579492963f
outputs/phase6o_neural_shortlist_v1/relabeling/state_status/CB1_CAUR_L_CF2_RI2_TI2_R12_C02__seed691202__it0000084.json,1006,3ceca1e66b21ea6cd570a95a433a469f27678160dbec737fb6a1bcda9293a4f3
outputs/phase6o_neural_shortlist_v1/relabeling/state_status/CB1_CAUR_L_CF2_RI2_TI2_R12_C02__seed691202__it0000119.json,1006,d418bb02863bd071bdd0d9fc4efc91e32b5f5f837156dacfec6ad3354f575141
outputs/phase6o_neural_shortlist_v1/relabeling/state_status/CB1_CAUR_L_CF2_RI2_TI2_R12_C02__seed691202__it0000155.json,1004,2974afbf650bcd1448e53de619cda663dc89047c6bf21a7b24f65ad16a1996d0
outputs/phase6o_neural_shortlist_v1/relabeling/state_status/CB1_CAUR_L_CF2_RI2_TI2_R12_C02__seed691202__it0000194.json,1005,89e19f47360e77842a1dd2a6fc4ae96f03698701603d86b0cce8b87d9e318e51
outputs/phase6o_neural_shortlist_v1/relabeling/state_status/CB1_CAUR_L_CF2_RI2_TI2_R12_C02__seed691202__it0000230.json,1005,86d865adfd7768c2d805243c0414bab0ae2bcffa1b4a21bfa8adbbf208a2bb6b
outputs/phase6o_neural_shortlist_v1/relabeling/state_status/CB1_CAUR_L_CF2_RI2_TI2_R12_C02__seed691202__it0000257.json,1006,b09112f459472340e8c56ee34ee2f4a292bad90df74aaa1d5fbbec194cc869b5
outputs/phase6o_neural_shortlist_v1/relabeling/state_status/CB1_CAUR_L_CF2_RI2_TI2_R12_C02__seed721201__it0000016.json,1001,15dbbc5098edacdc2b1e849d7fff27aa4f7d7fac437339d6f11f7c84ac1254e1
outputs/phase6o_neural_shortlist_v1/relabeling/state_status/CB1_CAUR_L_CF2_RI2_TI2_R12_C02__seed721201__it0000069.json,1001,b7f5a6c6e16d3a8ae4f2900c22e77d176021fa2254c00866835c7fac83eb165f
outputs/phase6o_neural_shortlist_v1/relabeling/state_status/CB1_CAUR_L_CF2_RI2_TI2_R12_C02__seed721201__it0000128.json,1001,f385df650f74d563b0ed88f8739d74243188258f8cac370416e9427d84b6291c
outputs/phase6o_neural_shortlist_v1/relabeling/state_status/CB1_CAUR_L_CF2_RI2_TI2_R12_C02__seed721201__it0000183.json,1001,678923d31238cadfd9fd0141ee429f8243526c37b89724288ab5c8a755f66a62
outputs/phase6o_neural_shortlist_v1/relabeling/state_status/CB1_CAUR_L_CF2_RI2_TI2_R12_C02__seed721201__it0000238.json,1001,06160f55fb51628205a462ff91f7057b1a07b0a11ded7e1d7be457d3b695ed97
outputs/phase6o_neural_shortlist_v1/relabeling/state_status/CB1_CAUR_L_CF2_RI2_TI2_R12_C02__seed721201__it0000296.json,1001,f8822730d4194006f30fdd88b50562ff56475e1cf3a9085c86a2b26fdfc5c133
outputs/phase6o_neural_shortlist_v1/relabeling/state_status/CB1_CAUR_L_CF2_RI2_TI2_R12_C02__seed721201__it0000351.json,1001,17f5c99cf1d20220d6641a8f861950db67dae477826ba38d47610765afb3816c
outputs/phase6o_neural_shortlist_v1/relabeling/state_status/CB1_CAUR_L_CF2_RI2_TI2_R12_C02__seed721201__it0000394.json,1001,aeeabd22e518239af6a6ae949d8bced28be92d7fabcd01b3cc575244edcf590f
outputs/phase6o_neural_shortlist_v1/relabeling/state_status/CB1_CAUR_L_CF2_RI2_TI2_R12_C02__seed721202__it0000016.json,1001,64d69fd543e143ac342659cae4e6791994eacbe4dc075331d557c4a495ce430f
outputs/phase6o_neural_shortlist_v1/relabeling/state_status/CB1_CAUR_L_CF2_RI2_TI2_R12_C02__seed721202__it0000070.json,1002,943b000d862dcc9598552385a69862befea4cf3d8cb4c2b1760783fe9d2d1f4d
outputs/phase6o_neural_shortlist_v1/relabeling/state_status/CB1_CAUR_L_CF2_RI2_TI2_R12_C02__seed721202__it0000129.json,1001,95ec67e95bcdbade10b47889d27e45c671c5c5892604ec303cb03beef66dd04b
outputs/phase6o_neural_shortlist_v1/relabeling/state_status/CB1_CAUR_L_CF2_RI2_TI2_R12_C02__seed721202__it0000184.json,1001,65823a24da38d89b6853e9448841c901c991d3f9af9772d9634cd8b08cfb26af
outputs/phase6o_neural_shortlist_v1/relabeling/state_status/CB1_CAUR_L_CF2_RI2_TI2_R12_C02__seed721202__it0000239.json,1002,72dc6c094a44fb6812567df086358a1cf4d79f981e136d2ffde002932dc87813
outputs/phase6o_neural_shortlist_v1/relabeling/state_status/CB1_CAUR_L_CF2_RI2_TI2_R12_C02__seed721202__it0000298.json,1001,a55f4860697d3bdd369f63626f4a642765f4c40232a92de6c784f501af863054
outputs/phase6o_neural_shortlist_v1/relabeling/state_status/CB1_CAUR_L_CF2_RI2_TI2_R12_C02__seed721202__it0000354.json,1001,28cdc7ecda807497872ec4bb4a039a5a85112566fd4e3a2cf9cdb50410fb1841
outputs/phase6o_neural_shortlist_v1/relabeling/state_status/CB1_CAUR_L_CF2_RI2_TI2_R12_C02__seed721202__it0000396.json,1001,bded4a561a24e5b08553ec806bbf8c584dbde0044ed8ee02266624762c815890
outputs/phase6o_neural_shortlist_v1/relabeling/state_status/CB1_CAUR_L_CF2_RI2_TI2_R12_C02__seed721203__it0000016.json,1000,e30b85009bde28c53e825614224fe65d8715386137108bd60fcaabed20b16770
outputs/phase6o_neural_shortlist_v1/relabeling/state_status/CB1_CAUR_L_CF2_RI2_TI2_R12_C02__seed721203__it0000071.json,1001,d549a6e0dc327d89adbc8e13a4fb533bc1860dea254c185306ffec595e2bc90f
outputs/phase6o_neural_shortlist_v1/relabeling/state_status/CB1_CAUR_L_CF2_RI2_TI2_R12_C02__seed721203__it0000130.json,1000,571a352a7936ea7998b3b1ac09bf719975254bcf4b3cb5dded5b97f961c4f46b
outputs/phase6o_neural_shortlist_v1/relabeling/state_status/CB1_CAUR_L_CF2_RI2_TI2_R12_C02__seed721203__it0000184.json,999,85dc612435e51ab3e484339f249827441333cd1a8c7df20ef970e307da3ee405
outputs/phase6o_neural_shortlist_v1/relabeling/state_status/CB1_CAUR_L_CF2_RI2_TI2_R12_C02__seed721203__it0000238.json,1002,d849ca115864602edd4a7d8c1e1a6e70dad07afbb2cd4f2bf4b786cc5fbd3766
outputs/phase6o_neural_shortlist_v1/relabeling/state_status/CB1_CAUR_L_CF2_RI2_TI2_R12_C02__seed721203__it0000295.json,1001,4d45ce68d8177a7ca6a2e11392c4455978246f3addb107e578d66f2a0c1eaf1b
outputs/phase6o_neural_shortlist_v1/relabeling/state_status/CB1_CAUR_L_CF2_RI2_TI2_R12_C02__seed721203__it0000349.json,1001,a3c741130a5d7e8daaeb2e2968a77dbe0a1a4b066a2115a8ccf62cf91757d655
outputs/phase6o_neural_shortlist_v1/relabeling/state_status/CB1_CAUR_L_CF2_RI2_TI2_R12_C02__seed721203__it0000391.json,1001,5b2957f4c68d834d7111b637281180a7488a83495de143cc7bd3767bf24e4ab8
outputs/phase6o_neural_shortlist_v1/relabeling/state_status/CB1_CAUR_L_CF2_RI2_TI2_R12_C02__seed721204__it0000015.json,999,f46e9095d45eb6c66d3e228c8590d6a999ac87d574afe120cf9c4b32265bbac9
outputs/phase6o_neural_shortlist_v1/relabeling/state_status/CB1_CAUR_L_CF2_RI2_TI2_R12_C02__seed721204__it0000067.json,1000,af9f702c83826de6c4e2a94aa8f2fd82be46cbe758f76a89612f82851d883591
outputs/phase6o_neural_shortlist_v1/relabeling/state_status/CB1_CAUR_L_CF2_RI2_TI2_R12_C02__seed721204__it0000126.json,1002,81caee7f472fe92408bda0aa8b44337e06300a5da51a915ce177962b770ae292
outputs/phase6o_neural_shortlist_v1/relabeling/state_status/CB1_CAUR_L_CF2_RI2_TI2_R12_C02__seed721204__it0000180.json,1001,27fcb8027d57efd27378cff42dc12060e914592aca642c47c46daaf89ae86e56
outputs/phase6o_neural_shortlist_v1/relabeling/state_status/CB1_CAUR_L_CF2_RI2_TI2_R12_C02__seed721204__it0000234.json,1001,19be0df5559eff16df52458bd991cffc25638a35aefb78f6a23f08e34f420272
outputs/phase6o_neural_shortlist_v1/relabeling/state_status/CB1_CAUR_L_CF2_RI2_TI2_R12_C02__seed721204__it0000292.json,1002,6b6bb0f7f49c464eba9e4b631c3716890962cec5a52c6848ac0d95791f04b634
outputs/phase6o_neural_shortlist_v1/relabeling/state_status/CB1_CAUR_L_CF2_RI2_TI2_R12_C02__seed721204__it0000345.json,1002,5c9715279e3560547c5dbbc13a0f5fe02ba9427d54f8cfaf885c36abe4b25fd8
outputs/phase6o_neural_shortlist_v1/relabeling/state_status/CB1_CAUR_L_CF2_RI2_TI2_R12_C02__seed721204__it0000387.json,1001,9f879fdc3f608fe0b06917e0b12c9f5c4826b413e99e279a78a71a65c70fee9f
outputs/phase6o_neural_shortlist_v1/relabeling/state_status/CB1_CAUR_L_CF2_RI2_TI2_R12__seed691201__it0000011.json,993,c3277ba0595649781e14922fc08f86ca4c75768f750c269a367e64e6b9ee316c
outputs/phase6o_neural_shortlist_v1/relabeling/state_status/CB1_CAUR_L_CF2_RI2_TI2_R12__seed691201__it0000046.json,992,32976d6984dafb3633b577ade7d6ce86efc501e4cf59a8a18e26d782da08b3ab
outputs/phase6o_neural_shortlist_v1/relabeling/state_status/CB1_CAUR_L_CF2_RI2_TI2_R12__seed691201__it0000085.json,992,2d452651877a85e59adf2bd10d417af4b006c4c7a307174d5e4dd073b2779bf2
outputs/phase6o_neural_shortlist_v1/relabeling/state_status/CB1_CAUR_L_CF2_RI2_TI2_R12__seed691201__it0000121.json,993,43bbca7e962c07be23cc2fe760306fbe9f10d1ea28d7129e4bb5fa3809e28f6c
outputs/phase6o_neural_shortlist_v1/relabeling/state_status/CB1_CAUR_L_CF2_RI2_TI2_R12__seed691201__it0000156.json,992,11d0f69ef531185fc41ab7a47375887de843a954ec25bf67452cae6b8f1eee24
outputs/phase6o_neural_shortlist_v1/relabeling/state_status/CB1_CAUR_L_CF2_RI2_TI2_R12__seed691201__it0000194.json,992,87839095ce17a19bf580b4911fd70df8cd1f1ef0ac3c69fb7ab1217b78abab39
outputs/phase6o_neural_shortlist_v1/relabeling/state_status/CB1_CAUR_L_CF2_RI2_TI2_R12__seed691201__it0000229.json,992,18e24b96041f1783ac8ef132f2f83778a5931e41a6b79790da3c583a62a446da
outputs/phase6o_neural_shortlist_v1/relabeling/state_status/CB1_CAUR_L_CF2_RI2_TI2_R12__seed691201__it0000257.json,992,65442ee732457715137eb06ee095527a74c92be1e28f5a712cbdd90e8ca65f2e
outputs/phase6o_neural_shortlist_v1/relabeling/state_status/CB1_CAUR_L_CF2_RI2_TI2_R12__seed691202__it0000010.json,992,9ba0a3604250ded0800d61da844b4302dfe474a7b423ab0fbb08ce270082683f
outputs/phase6o_neural_shortlist_v1/relabeling/state_status/CB1_CAUR_L_CF2_RI2_TI2_R12__seed691202__it0000046.json,993,441fbf7519686a58b61d6814598f0f2b5ac145961fc4394193acd5e9b389f04e
outputs/phase6o_neural_shortlist_v1/relabeling/state_status/CB1_CAUR_L_CF2_RI2_TI2_R12__seed691202__it0000084.json,993,4ceadd8c74b475dcd628b8d228c8afdff12274036f2bb520535023c380f5fa5d
outputs/phase6o_neural_shortlist_v1/relabeling/state_status/CB1_CAUR_L_CF2_RI2_TI2_R12__seed691202__it0000119.json,992,4d5176d4362b5f2fc3d5df082e37f545b1357c8438794a083f3a64a6803a6bf4
outputs/phase6o_neural_shortlist_v1/relabeling/state_status/CB1_CAUR_L_CF2_RI2_TI2_R12__seed691202__it0000155.json,993,320639181ca39be072b449ad42f7dc2aac0cae78e49af387eb163bed19b79f89
outputs/phase6o_neural_shortlist_v1/relabeling/state_status/CB1_CAUR_L_CF2_RI2_TI2_R12__seed691202__it0000193.json,992,ccaa378cb50a3b42984dff790ba2806865b3ca5e3da5a221800e871734f001a2
outputs/phase6o_neural_shortlist_v1/relabeling/state_status/CB1_CAUR_L_CF2_RI2_TI2_R12__seed691202__it0000228.json,994,c07d1d09fb26faba68c47faad17883f5cfdbf4ee30d69103f040975ff29f0a2c
outputs/phase6o_neural_shortlist_v1/relabeling/state_status/CB1_CAUR_L_CF2_RI2_TI2_R12__seed691202__it0000255.json,992,c09061e13f64cb5787bb70fc5f312f6f9949b39fb99af83e1f0e8c2e02addc27
outputs/phase6o_neural_shortlist_v1/relabeling/state_status/CB1_CAUR_L_CF2_RI2_TI2_R12__seed721201__it0000016.json,988,e458bbc083c6a7ab71e382adca89bf8ff15b3e651246bc80d2945f4ef5874a6d
outputs/phase6o_neural_shortlist_v1/relabeling/state_status/CB1_CAUR_L_CF2_RI2_TI2_R12__seed721201__it0000073.json,988,b74b70dad65dbd472d6f7b5e2b0dea7afa5966048b5cda6f883084925f309789
outputs/phase6o_neural_shortlist_v1/relabeling/state_status/CB1_CAUR_L_CF2_RI2_TI2_R12__seed721201__it0000134.json,988,e363a94e65caf563e18eca0a47fe00324a5dae2c14015645095e7dcf8df997d6
outputs/phase6o_neural_shortlist_v1/relabeling/state_status/CB1_CAUR_L_CF2_RI2_TI2_R12__seed721201__it0000190.json,989,b26fb47a97f802d6efb56cb414c7865582c939fccaff749ad82106be140543a1
outputs/phase6o_neural_shortlist_v1/relabeling/state_status/CB1_CAUR_L_CF2_RI2_TI2_R12__seed721201__it0000246.json,988,fe02a8aac7c850b81d9940fe306d35e0f289a984b49980ba0fc7f3265e9c8efd
outputs/phase6o_neural_shortlist_v1/relabeling/state_status/CB1_CAUR_L_CF2_RI2_TI2_R12__seed721201__it0000306.json,988,afa1edfa079591edb9c9a5f1c0b5416bcb8ca7f73fa8a4068475e6e688b0def9
outputs/phase6o_neural_shortlist_v1/relabeling/state_status/CB1_CAUR_L_CF2_RI2_TI2_R12__seed721201__it0000361.json,989,70257e2ce9df412cd4ff9dfea960723b7eac3eb0b0da54d6f6fdde87679c48fe
outputs/phase6o_neural_shortlist_v1/relabeling/state_status/CB1_CAUR_L_CF2_RI2_TI2_R12__seed721201__it0000404.json,990,2612ac84a6c0c5006d3a25e2a1e57e6245cdaf9505fad93eb2b1b25cebf47538
outputs/phase6o_neural_shortlist_v1/relabeling/state_status/CB1_CAUR_L_CF2_RI2_TI2_R12__seed721202__it0000016.json,988,870ecb2e3051198bdc11a337614e4fb9ba40971a3dfcfbd8e1cf1edbcdb023a0
outputs/phase6o_neural_shortlist_v1/relabeling/state_status/CB1_CAUR_L_CF2_RI2_TI2_R12__seed721202__it0000072.json,989,0b2170dec0a9feb65fc252cf21a2dfef3a7df649580d6f6944d18bc768bf5f48
outputs/phase6o_neural_shortlist_v1/relabeling/state_status/CB1_CAUR_L_CF2_RI2_TI2_R12__seed721202__it0000132.json,989,c136646314c6f545b8a2f13bbe9b9a99974a94801bae46eaab5a5d7472829b2a
outputs/phase6o_neural_shortlist_v1/relabeling/state_status/CB1_CAUR_L_CF2_RI2_TI2_R12__seed721202__it0000187.json,989,556fa317643018c4f709a803daabd92bb57a82ab7a12efc4e2a32905b7832424
outputs/phase6o_neural_shortlist_v1/relabeling/state_status/CB1_CAUR_L_CF2_RI2_TI2_R12__seed721202__it0000242.json,990,a84854331d8260b2a37d0abb9ea6af967016dade6e5cf984654e38c21e4a7420
outputs/phase6o_neural_shortlist_v1/relabeling/state_status/CB1_CAUR_L_CF2_RI2_TI2_R12__seed721202__it0000301.json,988,7a62c93d35475ae11dc29a6aa9db24dd5199a064555073269cae9ecd86f997d6
outputs/phase6o_neural_shortlist_v1/relabeling/state_status/CB1_CAUR_L_CF2_RI2_TI2_R12__seed721202__it0000356.json,989,c8a1b83724c2234f811267ffef0f17d310b54629d89f7dd60b0d9d59c6d3ecfc
outputs/phase6o_neural_shortlist_v1/relabeling/state_status/CB1_CAUR_L_CF2_RI2_TI2_R12__seed721202__it0000398.json,988,f5bac50c8ad19a4617af1550c521523e31e5ce7dd8d3c75816bb10b71704550b
outputs/phase6o_neural_shortlist_v1/relabeling/state_status/CB1_CAUR_L_CF2_RI2_TI2_R12__seed721203__it0000016.json,989,c72b6c4348b47044912dfdd08e051517afcbf6a3463f566bd229a959e68526bf
outputs/phase6o_neural_shortlist_v1/relabeling/state_status/CB1_CAUR_L_CF2_RI2_TI2_R12__seed721203__it0000073.json,989,983f71519d09ba82371db4f3c22298e409267d9e95f86f832025c185c9dd4ecd
outputs/phase6o_neural_shortlist_v1/relabeling/state_status/CB1_CAUR_L_CF2_RI2_TI2_R12__seed721203__it0000133.json,989,5eafa9782c5afbe37d6fd43819538a46e5816c5a075291b3a69c5f4f9bfd806b
outputs/phase6o_neural_shortlist_v1/relabeling/state_status/CB1_CAUR_L_CF2_RI2_TI2_R12__seed721203__it0000188.json,989,6985ecfa7a1221480a538a7a5d8fe145651d124a8c493c904d8044bf724b74ac
outputs/phase6o_neural_shortlist_v1/relabeling/state_status/CB1_CAUR_L_CF2_RI2_TI2_R12__seed721203__it0000243.json,988,e714aca14d67be66aeb6e6361ac5c01dfbb32c2c21d121db0197f411b2eb6549
outputs/phase6o_neural_shortlist_v1/relabeling/state_status/CB1_CAUR_L_CF2_RI2_TI2_R12__seed721203__it0000303.json,990,690bbf36f865b521f464daa291e2287d24733d5a0469693563f6182bbd8e6ec9
outputs/phase6o_neural_shortlist_v1/relabeling/state_status/CB1_CAUR_L_CF2_RI2_TI2_R12__seed721203__it0000358.json,989,c3a44d07b109fe668a543b87712c3524de50dc83f92b42054b0617b6d126b392
outputs/phase6o_neural_shortlist_v1/relabeling/state_status/CB1_CAUR_L_CF2_RI2_TI2_R12__seed721203__it0000401.json,989,502a25e6c5c145e7c2c40cca96ca53c65b031e752bfdd15696ca0872f9380aa2
outputs/phase6o_neural_shortlist_v1/relabeling/state_status/CB1_CAUR_L_CF2_RI2_TI2_R12__seed721204__it0000016.json,988,0e3f56e0ca30f613e1cb2f5b226f2b890d994b66544f6e77611dea6505765407
outputs/phase6o_neural_shortlist_v1/relabeling/state_status/CB1_CAUR_L_CF2_RI2_TI2_R12__seed721204__it0000072.json,989,51101477befcee3020fca35946a09b52c6c8656f51e231156930bf92fadc3975
outputs/phase6o_neural_shortlist_v1/relabeling/state_status/CB1_CAUR_L_CF2_RI2_TI2_R12__seed721204__it0000131.json,990,f6b9c16393ffe6693f241465140ed9d7fa9cdf3ef6ab6a27213e250eac237cb3
outputs/phase6o_neural_shortlist_v1/relabeling/state_status/CB1_CAUR_L_CF2_RI2_TI2_R12__seed721204__it0000186.json,989,4fbbcb21d8298c21d84afcead9fd7ccb9f652ed9dc2679cd9b3a425b5a600f87
outputs/phase6o_neural_shortlist_v1/relabeling/state_status/CB1_CAUR_L_CF2_RI2_TI2_R12__seed721204__it0000241.json,989,76020b0e59f5278e8f056153fe303ae935331c4be24afab7227400a3d5b09e19
outputs/phase6o_neural_shortlist_v1/relabeling/state_status/CB1_CAUR_L_CF2_RI2_TI2_R12__seed721204__it0000301.json,989,4ca4c58c85c8c15d908a2db7acabf6ca10acf485e568e6f151f1b0f140f4019d
outputs/phase6o_neural_shortlist_v1/relabeling/state_status/CB1_CAUR_L_CF2_RI2_TI2_R12__seed721204__it0000357.json,989,4cd94a94b8e2691f91924a41d6688077e105b327ec4ceb0b2635ab4208258fd8
outputs/phase6o_neural_shortlist_v1/relabeling/state_status/CB1_CAUR_L_CF2_RI2_TI2_R12__seed721204__it0000399.json,989,b81513fa3181c403c80f82dcccaec5620471de04024c6404c1f2b619fda27a27
outputs/phase6o_neural_shortlist_v1/relabeling/state_status/CB1_CAUR_L_CF3_RI2_TI2_R12_C02__seed691201__it0000010.json,1003,06a4ed1b7762e78407178227b33d0e9d62f2f55cc3e100e8f4d751ffcf48b91f
outputs/phase6o_neural_shortlist_v1/relabeling/state_status/CB1_CAUR_L_CF3_RI2_TI2_R12_C02__seed691201__it0000046.json,1006,4f0b1cfcc99f8dffb957db17890692ec4f01f2d21bf4abec276c8e4ea63d197a
outputs/phase6o_neural_shortlist_v1/relabeling/state_status/CB1_CAUR_L_CF3_RI2_TI2_R12_C02__seed691201__it0000085.json,1004,ea235ef49f95d51d9c964e40cadc12ded70e99e90d88d7b3fb96e47ae444b39b
outputs/phase6o_neural_shortlist_v1/relabeling/state_status/CB1_CAUR_L_CF3_RI2_TI2_R12_C02__seed691201__it0000121.json,1004,bf27079c21ca39bedeb779d516d58f6bd8ac343c1f26e3b6c27e2caec6cb1c7f
outputs/phase6o_neural_shortlist_v1/relabeling/state_status/CB1_CAUR_L_CF3_RI2_TI2_R12_C02__seed691201__it0000156.json,1004,f93dac0ef35cf2bd227482fb32709ec75fc7c69831492c826c76c4002aaafb89
outputs/phase6o_neural_shortlist_v1/relabeling/state_status/CB1_CAUR_L_CF3_RI2_TI2_R12_C02__seed691201__it0000195.json,1002,0db8bcba4e3630dbab973650781c8e87b4cc388c734063cfdd9ad62b5ee88f70
outputs/phase6o_neural_shortlist_v1/relabeling/state_status/CB1_CAUR_L_CF3_RI2_TI2_R12_C02__seed691201__it0000230.json,1006,10ba6edaabd95cb1d27ae37dec0123391b0447bca5dcb654f7a5e6d87d1b4d3e
outputs/phase6o_neural_shortlist_v1/relabeling/state_status/CB1_CAUR_L_CF3_RI2_TI2_R12_C02__seed691201__it0000258.json,1003,b2fa6ec17df1619e8c742a55478ba223682b1967f76679885ab7d89d675df033
outputs/phase6o_neural_shortlist_v1/relabeling/state_status/CB1_CAUR_L_CF3_RI2_TI2_R12_C02__seed691202__it0000010.json,1005,0d80b0cf471590d9df712386765b45a2eb0adc3dff502a46ccc8c4d47712c566
outputs/phase6o_neural_shortlist_v1/relabeling/state_status/CB1_CAUR_L_CF3_RI2_TI2_R12_C02__seed691202__it0000046.json,1004,fc08fa5b2d6119149ff4e26e8985e363009e72689dcdc7fdbd795f9908f68152
outputs/phase6o_neural_shortlist_v1/relabeling/state_status/CB1_CAUR_L_CF3_RI2_TI2_R12_C02__seed691202__it0000084.json,1003,b3f21187eedc11345cfedb6e39a0681fd842abcc0e0f3afaa7f505f97e06df53
outputs/phase6o_neural_shortlist_v1/relabeling/state_status/CB1_CAUR_L_CF3_RI2_TI2_R12_C02__seed691202__it0000120.json,1003,78753f924c1a1b84c219898477ebd3e58d224a23f73d54ac9659a243da5f68c4
outputs/phase6o_neural_shortlist_v1/relabeling/state_status/CB1_CAUR_L_CF3_RI2_TI2_R12_C02__seed691202__it0000156.json,1003,57e9fff5d6363db35d07b9732b85b4982d218934a593e6ae1b8640553b6221fe
outputs/phase6o_neural_shortlist_v1/relabeling/state_status/CB1_CAUR_L_CF3_RI2_TI2_R12_C02__seed691202__it0000193.json,1004,3f1efee628975df077cf0c5613d351dbf57c58924209a4a4dfb6e6116770ece9
outputs/phase6o_neural_shortlist_v1/relabeling/state_status/CB1_CAUR_L_CF3_RI2_TI2_R12_C02__seed691202__it0000228.json,1004,469c327d56f308ad7f5cb82c9307663acd717182411e497eb17cf84152ada710
outputs/phase6o_neural_shortlist_v1/relabeling/state_status/CB1_CAUR_L_CF3_RI2_TI2_R12_C02__seed691202__it0000256.json,1004,c60eb66e9f2bc29127452fb8b113adf8bdd6a9584700a9e9edb97c5348494629
outputs/phase6o_neural_shortlist_v1/relabeling/state_status/CB1_CAUR_L_CF3_RI2_TI2_R12_C02__seed721201__it0000016.json,1003,b019c7dc6c9c7073efff516a639aba0865be426c6f2e4b91e20cebc2ef18ae0f
outputs/phase6o_neural_shortlist_v1/relabeling/state_status/CB1_CAUR_L_CF3_RI2_TI2_R12_C02__seed721201__it0000074.json,1002,2b4a68791aa3fe0e182af83a7e4fcb6b76e0f90faa8c7ad3e5f62d2d9a9ae486
outputs/phase6o_neural_shortlist_v1/relabeling/state_status/CB1_CAUR_L_CF3_RI2_TI2_R12_C02__seed721201__it0000137.json,1001,63e80ef64ebfe4e0db1e16aefb4f57ab5ff6fe565a00d176903d3dd591a143b0
outputs/phase6o_neural_shortlist_v1/relabeling/state_status/CB1_CAUR_L_CF3_RI2_TI2_R12_C02__seed721201__it0000194.json,1001,d0ed2f541b6d3296df7b8f0ff653de9c261341fa3cbf3a97b9b2812620bca519
outputs/phase6o_neural_shortlist_v1/relabeling/state_status/CB1_CAUR_L_CF3_RI2_TI2_R12_C02__seed721201__it0000254.json,1002,9fd5a86dc0f6eade02140908d1f52f26ff1a5353945dfd7e48c7149be6e062bd
outputs/phase6o_neural_shortlist_v1/relabeling/state_status/CB1_CAUR_L_CF3_RI2_TI2_R12_C02__seed721201__it0000316.json,1001,a451125f0b68a3d69e066f1ec47d4a64784abfd488e0391f2d47889b9f6bd864
outputs/phase6o_neural_shortlist_v1/relabeling/state_status/CB1_CAUR_L_CF3_RI2_TI2_R12_C02__seed721201__it0000375.json,1002,a0983c71b6f01af7d9ea265337b749dfe5d3f9c290a6beb024413419b40d7a0f
outputs/phase6o_neural_shortlist_v1/relabeling/state_status/CB1_CAUR_L_CF3_RI2_TI2_R12_C02__seed721201__it0000420.json,1002,1250e5b7e3fe485833d858581035bdef9aaa0b4da262c56ce938e39223676a97
outputs/phase6o_neural_shortlist_v1/relabeling/state_status/CB1_CAUR_L_CF3_RI2_TI2_R12_C02__seed721202__it0000015.json,1001,20bc3c75e373af8e25f32d118b7f86e02cc9e23baf6b51409746be344757ee20
outputs/phase6o_neural_shortlist_v1/relabeling/state_status/CB1_CAUR_L_CF3_RI2_TI2_R12_C02__seed721202__it0000071.json,1001,8d910866732c3f454a7f239cb863851daae3fff49db1ebc93bb35297423d91cf
outputs/phase6o_neural_shortlist_v1/relabeling/state_status/CB1_CAUR_L_CF3_RI2_TI2_R12_C02__seed721202__it0000134.json,1002,5f5f472e79136ad92d44247bac7cf279ba1c1a0aab1402c2a4ceeb2c693ad4f1
outputs/phase6o_neural_shortlist_v1/relabeling/state_status/CB1_CAUR_L_CF3_RI2_TI2_R12_C02__seed721202__it0000193.json,1002,6d525724f905a63c34ab82eb52ed902e6a1540e6ccc0e72df7be735d244af021
outputs/phase6o_neural_shortlist_v1/relabeling/state_status/CB1_CAUR_L_CF3_RI2_TI2_R12_C02__seed721202__it0000253.json,1002,b25a99d0c259113a9f492799c8db12e015635ba792d9c5de778f6c03ce890f7b
outputs/phase6o_neural_shortlist_v1/relabeling/state_status/CB1_CAUR_L_CF3_RI2_TI2_R12_C02__seed721202__it0000316.json,1002,2fcea8edc446c58ed0ee5b6e0ca141bf44020180135bb0af6b23024ef613d818
outputs/phase6o_neural_shortlist_v1/relabeling/state_status/CB1_CAUR_L_CF3_RI2_TI2_R12_C02__seed721202__it0000374.json,1001,3cb68883ff18a6c63d09998e4843ee0efc64b3abac3a8c5c6e4fc87f6f848769
outputs/phase6o_neural_shortlist_v1/relabeling/state_status/CB1_CAUR_L_CF3_RI2_TI2_R12_C02__seed721202__it0000420.json,1001,52417efded38aab1208341f07f8e6eee641fd51ad1b61a8c26b62296b56408f5
outputs/phase6o_neural_shortlist_v1/relabeling/state_status/CB1_CAUR_L_CF3_RI2_TI2_R12_C02__seed721203__it0000016.json,1001,c61e419a0c1c0d2014cb77b9395646aed0deb21cc4ecd3f8376664f4de886e95
outputs/phase6o_neural_shortlist_v1/relabeling/state_status/CB1_CAUR_L_CF3_RI2_TI2_R12_C02__seed721203__it0000074.json,1001,ee479503537911c4a42c833cbb0acc59d45da58ec2be8be6cdbc45421704d5b2
outputs/phase6o_neural_shortlist_v1/relabeling/state_status/CB1_CAUR_L_CF3_RI2_TI2_R12_C02__seed721203__it0000135.json,1002,9c68c9e5f04952fcda889f9719c904620e03e0c2212273ce6e9d7ffd2ed9ba49
outputs/phase6o_neural_shortlist_v1/relabeling/state_status/CB1_CAUR_L_CF3_RI2_TI2_R12_C02__seed721203__it0000193.json,1001,6758aa8dcfc0996a187d6a22aab8ab0ca3d37d3de032e65e2f348aeb12b4f72d
outputs/phase6o_neural_shortlist_v1/relabeling/state_status/CB1_CAUR_L_CF3_RI2_TI2_R12_C02__seed721203__it0000252.json,1001,5136fbd6b1d4a8adffd0ff4a9f151f0cc1c30885d90f84fe074ef36a3a94103e
outputs/phase6o_neural_shortlist_v1/relabeling/state_status/CB1_CAUR_L_CF3_RI2_TI2_R12_C02__seed721203__it0000316.json,1002,b0f43604c45f448305b5bbfc0df5cc013bed0559c5e2993e766093296a6ba6bd
outputs/phase6o_neural_shortlist_v1/relabeling/state_status/CB1_CAUR_L_CF3_RI2_TI2_R12_C02__seed721203__it0000375.json,1002,b705943a222170a308652a91480b2fd283057e147045425b610b92cb09c511d1
outputs/phase6o_neural_shortlist_v1/relabeling/state_status/CB1_CAUR_L_CF3_RI2_TI2_R12_C02__seed721203__it0000421.json,1001,1e451dfee6c64a876500f7598302d3b0830e0cf5520984e7020ca0125f473bcd
outputs/phase6o_neural_shortlist_v1/relabeling/state_status/CB1_CAUR_L_CF3_RI2_TI2_R12_C02__seed721204__it0000016.json,1001,3e160f28bf7bbd38e237ff368b33d8675ce9911e74c72be85f658b3c6103d39c
outputs/phase6o_neural_shortlist_v1/relabeling/state_status/CB1_CAUR_L_CF3_RI2_TI2_R12_C02__seed721204__it0000073.json,1001,a07e1c4c899cbd7fb4fbb7a9a20744eb126f2d336f5e8e88ec0b6925b5e37622
outputs/phase6o_neural_shortlist_v1/relabeling/state_status/CB1_CAUR_L_CF3_RI2_TI2_R12_C02__seed721204__it0000135.json,1000,9af5c9009c864f8c7c98bf09b77a25802936d9f217bc0785233b3b69d3b7061b
outputs/phase6o_neural_shortlist_v1/relabeling/state_status/CB1_CAUR_L_CF3_RI2_TI2_R12_C02__seed721204__it0000192.json,1001,2e33bf98385c34397adda48c4ecd35d8b8faeefc5a8fe2dd462d5d6258caa0a0
outputs/phase6o_neural_shortlist_v1/relabeling/state_status/CB1_CAUR_L_CF3_RI2_TI2_R12_C02__seed721204__it0000251.json,1001,5a4a076ddba244061dc5eb283794835189177fe16b13999bf6501ae8b594b437
outputs/phase6o_neural_shortlist_v1/relabeling/state_status/CB1_CAUR_L_CF3_RI2_TI2_R12_C02__seed721204__it0000313.json,1001,0466cbc6fe0a9f6180045f5602bd9054e4db323ff3f617aa0570fda6e9fb68d5
outputs/phase6o_neural_shortlist_v1/relabeling/state_status/CB1_CAUR_L_CF3_RI2_TI2_R12_C02__seed721204__it0000371.json,1001,3e2d3fe912e55b086c5e0653971996609acd811f304620745e412796a02ad102
outputs/phase6o_neural_shortlist_v1/relabeling/state_status/CB1_CAUR_L_CF3_RI2_TI2_R12_C02__seed721204__it0000416.json,1001,d40a576efc45383b573ef8b74f0a38cfc9a41a9fe03015f10ebde9ab0fed9b20
outputs/phase6o_neural_shortlist_v1/relabeling/state_status/CB1_CAUR_L_CF3_RI2_TI2_R12__seed691201__it0000009.json,993,303b9a543205447a37a788087e1c35be8f237480f7a34a780817fcdca391d320
outputs/phase6o_neural_shortlist_v1/relabeling/state_status/CB1_CAUR_L_CF3_RI2_TI2_R12__seed691201__it0000044.json,994,f9a717b64920344c2c71360e2c9fc9d07ebe80279c95fbba67c55966a941c0dd
outputs/phase6o_neural_shortlist_v1/relabeling/state_status/CB1_CAUR_L_CF3_RI2_TI2_R12__seed691201__it0000083.json,991,2047973549dac359575e7899644915752adf482998fe94bd8ee2a045be861cb2
outputs/phase6o_neural_shortlist_v1/relabeling/state_status/CB1_CAUR_L_CF3_RI2_TI2_R12__seed691201__it0000118.json,992,96f20e52a6c644aa4da30611bcaaa8410072609841e85cd4a49229b81fa27f5b
outputs/phase6o_neural_shortlist_v1/relabeling/state_status/CB1_CAUR_L_CF3_RI2_TI2_R12__seed691201__it0000154.json,991,293a89f14b5dcc1d9028eb31853088609e57585d978f9820a2b09a4d1db4d3d7
outputs/phase6o_neural_shortlist_v1/relabeling/state_status/CB1_CAUR_L_CF3_RI2_TI2_R12__seed691201__it0000192.json,992,85b4b3ea62455ac25de579487f898aef0467829dc530430857484966554c2d1f
outputs/phase6o_neural_shortlist_v1/relabeling/state_status/CB1_CAUR_L_CF3_RI2_TI2_R12__seed691201__it0000227.json,992,42115440044907bed0614de40a7b8747a850ccd1b85fb5ac0a66310250ea4702
outputs/phase6o_neural_shortlist_v1/relabeling/state_status/CB1_CAUR_L_CF3_RI2_TI2_R12__seed691201__it0000254.json,993,ceb548fbf381684ac10a94d972e07fca1f098df2fe570d92f9d0cd9ac8af27ee
outputs/phase6o_neural_shortlist_v1/relabeling/state_status/CB1_CAUR_L_CF3_RI2_TI2_R12__seed691202__it0000009.json,992,048730b6e14c1a14228e0cba4bc2c0811066f1799d6158a4c81e116ec0ae6354
outputs/phase6o_neural_shortlist_v1/relabeling/state_status/CB1_CAUR_L_CF3_RI2_TI2_R12__seed691202__it0000045.json,994,6d70183e5f0ba938dbae1e6fec3db456a63b157035f62fbd420d0cb3e7640610
outputs/phase6o_neural_shortlist_v1/relabeling/state_status/CB1_CAUR_L_CF3_RI2_TI2_R12__seed691202__it0000082.json,991,a726f6a3f14d6b4480a4cef16012dd8abb04d85755fb99432583bec5a803ae81
outputs/phase6o_neural_shortlist_v1/relabeling/state_status/CB1_CAUR_L_CF3_RI2_TI2_R12__seed691202__it0000118.json,992,ac80ca71a91ed7a411e0fcb0dc78ae7f44647a51d823800eb118779f251c727e
outputs/phase6o_neural_shortlist_v1/relabeling/state_status/CB1_CAUR_L_CF3_RI2_TI2_R12__seed691202__it0000152.json,991,06198d16f9a48367e7d2a3bb1d92bd91c2d536e59bf2d225a0e672eb872b245a
outputs/phase6o_neural_shortlist_v1/relabeling/state_status/CB1_CAUR_L_CF3_RI2_TI2_R12__seed691202__it0000191.json,991,9c6692918669a19aa1a71eaf459e3e828ff7abf89074e170c31f37ba36ef1ae2
outputs/phase6o_neural_shortlist_v1/relabeling/state_status/CB1_CAUR_L_CF3_RI2_TI2_R12__seed691202__it0000226.json,991,c62c9c253a37bc86a6762830de0539f77c74fc9496e9af75a8f841567e8549cb
outputs/phase6o_neural_shortlist_v1/relabeling/state_status/CB1_CAUR_L_CF3_RI2_TI2_R12__seed691202__it0000254.json,993,7a48b3d9878009e34011fa861133169eb7bd8d8c25c24e21bfcc94c5996e2b52
outputs/phase6o_neural_shortlist_v1/relabeling/state_status/CB1_CAUR_L_CF3_RI2_TI2_R12__seed721201__it0000015.json,988,b01baf9257c9b2a5bcff72d280c384847eeba7b17235546b3ef9ec08717c6f9a
outputs/phase6o_neural_shortlist_v1/relabeling/state_status/CB1_CAUR_L_CF3_RI2_TI2_R12__seed721201__it0000072.json,989,726e83fd2871bad118e21d7ae6487fb6a8e3d6845a36684ff704373cd7d5505f
outputs/phase6o_neural_shortlist_v1/relabeling/state_status/CB1_CAUR_L_CF3_RI2_TI2_R12__seed721201__it0000133.json,989,b3b156cc73aca0b9da4ac6a806e0b10eb0d8a0f5690d8df67f28480a892f98ad
outputs/phase6o_neural_shortlist_v1/relabeling/state_status/CB1_CAUR_L_CF3_RI2_TI2_R12__seed721201__it0000189.json,989,e6a4109930d27b43fee9341992026cf0ad94f2ef909423cfc350270531ecb1d7
outputs/phase6o_neural_shortlist_v1/relabeling/state_status/CB1_CAUR_L_CF3_RI2_TI2_R12__seed721201__it0000246.json,989,aa07bd5815831a73e3b2a5d2736623ad299cbbf57714614cade691dd9f7c464c
outputs/phase6o_neural_shortlist_v1/relabeling/state_status/CB1_CAUR_L_CF3_RI2_TI2_R12__seed721201__it0000306.json,988,6e65854672b981d53e57b2d1f1bab07c1acb65062ea8e58394bacbfcc81dd306
outputs/phase6o_neural_shortlist_v1/relabeling/state_status/CB1_CAUR_L_CF3_RI2_TI2_R12__seed721201__it0000362.json,989,85486e39d0831236c0a470dcd79ca2cccae0bf4aba3e755ff29af98069cd058b
outputs/phase6o_neural_shortlist_v1/relabeling/state_status/CB1_CAUR_L_CF3_RI2_TI2_R12__seed721201__it0000404.json,988,80389c3fed3bfc02a046dcec1328811c272849057f5d5b57b915f23629617501
outputs/phase6o_neural_shortlist_v1/relabeling/state_status/CB1_CAUR_L_CF3_RI2_TI2_R12__seed721202__it0000015.json,989,3b1a3f01baba356c31f9ab779e22e230179fa572d449457f66d24a3d6271902a
outputs/phase6o_neural_shortlist_v1/relabeling/state_status/CB1_CAUR_L_CF3_RI2_TI2_R12__seed721202__it0000073.json,988,fb365e09b047db037f1273cbb12d98d6880cad6a1948846d5a1463a922bfacdb
outputs/phase6o_neural_shortlist_v1/relabeling/state_status/CB1_CAUR_L_CF3_RI2_TI2_R12__seed721202__it0000133.json,990,99aafeebe295491c77fbb38cc7892e281c76776e5b27bf3d8b55412c9bfe7278
outputs/phase6o_neural_shortlist_v1/relabeling/state_status/CB1_CAUR_L_CF3_RI2_TI2_R12__seed721202__it0000191.json,989,e6ce4946f9b069a43be9aea5f11d9ce90f53dcea712f2be4d40fd58e84a7fc73
outputs/phase6o_neural_shortlist_v1/relabeling/state_status/CB1_CAUR_L_CF3_RI2_TI2_R12__seed721202__it0000246.json,989,f8c42b709752fa011a53524d6d73eb57f5fc724dc36f221920cae6295673a12e
outputs/phase6o_neural_shortlist_v1/relabeling/state_status/CB1_CAUR_L_CF3_RI2_TI2_R12__seed721202__it0000307.json,989,153117d5908826cc04a7cf0ce04d7643a47951364d65da87417aca05b0968541
outputs/phase6o_neural_shortlist_v1/relabeling/state_status/CB1_CAUR_L_CF3_RI2_TI2_R12__seed721202__it0000362.json,989,ee6ac5d078602e6c3cf327ace66a64fa23af6ca5a2f8c68c0c5b2fb285b88794
outputs/phase6o_neural_shortlist_v1/relabeling/state_status/CB1_CAUR_L_CF3_RI2_TI2_R12__seed721202__it0000404.json,989,092f22f660df52b6c0cca78de237b5c2ae4a0d575d971529c0f4043bbbddd696
outputs/phase6o_neural_shortlist_v1/relabeling/state_status/CB1_CAUR_L_CF3_RI2_TI2_R12__seed721203__it0000015.json,989,933db8da29a6e016b6d33c3dd055b6d03d2fb3652a3370be3aa8174d5202a74d
outputs/phase6o_neural_shortlist_v1/relabeling/state_status/CB1_CAUR_L_CF3_RI2_TI2_R12__seed721203__it0000070.json,988,aa5fec8e6716f19d0fe516f9afbe9641868c98bea36726fb28b9e48ab1ed7a9d
outputs/phase6o_neural_shortlist_v1/relabeling/state_status/CB1_CAUR_L_CF3_RI2_TI2_R12__seed721203__it0000130.json,988,d58dce2ea31c850ea5f0df6a377304d5a8c8885850ab432dd6358666d2f2b6d8
outputs/phase6o_neural_shortlist_v1/relabeling/state_status/CB1_CAUR_L_CF3_RI2_TI2_R12__seed721203__it0000186.json,990,8bf07ffb2e3d70d60f1466b3e151cd98452c917a8d5c5a0923d208021b1727de
outputs/phase6o_neural_shortlist_v1/relabeling/state_status/CB1_CAUR_L_CF3_RI2_TI2_R12__seed721203__it0000242.json,989,d6c0a80651e7193f2e7913cc6897ef4abb0094ae24f4531d28628680cfa773f5
outputs/phase6o_neural_shortlist_v1/relabeling/state_status/CB1_CAUR_L_CF3_RI2_TI2_R12__seed721203__it0000302.json,989,42ebb571d3cd13a9a815bf53666bd29e4b29967361b6f290d0b4390dfd9e825c
outputs/phase6o_neural_shortlist_v1/relabeling/state_status/CB1_CAUR_L_CF3_RI2_TI2_R12__seed721203__it0000357.json,989,dda65b2d9884da2330072b94449dea37aef9f288e0f03eb412cd31e459747774
outputs/phase6o_neural_shortlist_v1/relabeling/state_status/CB1_CAUR_L_CF3_RI2_TI2_R12__seed721203__it0000400.json,989,8237a8fb3e88cbcb5cffb95c3abfed9dcf63fc55f19ffdf7bfdb575a45acc422
outputs/phase6o_neural_shortlist_v1/relabeling/state_status/CB1_CAUR_L_CF3_RI2_TI2_R12__seed721204__it0000015.json,988,7570951244fe6e6824d2b15bbd20f2bf06b69b3b61b53622d76afd6f80b25ef4
outputs/phase6o_neural_shortlist_v1/relabeling/state_status/CB1_CAUR_L_CF3_RI2_TI2_R12__seed721204__it0000070.json,989,201ca97d17bf87ec162ee72f1d9fc8839b134033767638af7de22784d70e292c
outputs/phase6o_neural_shortlist_v1/relabeling/state_status/CB1_CAUR_L_CF3_RI2_TI2_R12__seed721204__it0000131.json,989,551d602b0d9bd7d5cfe9fac2c376f74c0f99379753eb958da4060cc52fe2153b
outputs/phase6o_neural_shortlist_v1/relabeling/state_status/CB1_CAUR_L_CF3_RI2_TI2_R12__seed721204__it0000187.json,989,df98ce5b287cb819d9fc96b3c45c3814498918a0fa24d912b5ca3b4f4b6ff03f
outputs/phase6o_neural_shortlist_v1/relabeling/state_status/CB1_CAUR_L_CF3_RI2_TI2_R12__seed721204__it0000243.json,990,355c5229f6b72c7f2a1f0604f0242c2f47f101b7a11dbbf38ac7c513ddf4c9c9
outputs/phase6o_neural_shortlist_v1/relabeling/state_status/CB1_CAUR_L_CF3_RI2_TI2_R12__seed721204__it0000304.json,990,a7e2c2797bd6c15220db6c7c7d94c98ff0fdad537caf1ebb514fece761692a68
outputs/phase6o_neural_shortlist_v1/relabeling/state_status/CB1_CAUR_L_CF3_RI2_TI2_R12__seed721204__it0000361.json,990,d8f7de194a755b67eb42f7fc238da4707701e4587b4fd4ed0bb57396a8ed13df
outputs/phase6o_neural_shortlist_v1/relabeling/state_status/CB1_CAUR_L_CF3_RI2_TI2_R12__seed721204__it0000403.json,988,ad68ae3d516a969aac76ce159e722b03b82449cfef3d2886a4a36a7fd0853e9c
