2025-04-08 16:08:38,351 - DEBUG - 执行AGV分配局部搜索，当前完工时间: 2053.00
2025-04-08 16:08:38,354 - DEBUG - AGV分配局部搜索成功！完工时间从 2053.00 降低到 2038.00，改进: 15.00 (0.73%)
2025-04-08 16:08:38,358 - DEBUG - 执行AGV分配局部搜索，当前完工时间: 2093.00
2025-04-08 16:08:38,362 - DEBUG - AGV分配局部搜索成功！完工时间从 2093.00 降低到 2057.00，改进: 36.00 (1.72%)
2025-04-08 16:08:38,366 - DEBUG - 执行AGV分配局部搜索，当前完工时间: 2047.00
2025-04-08 16:08:38,370 - DEBUG - 局部搜索未能改进当前解
2025-04-08 16:08:38,374 - DEBUG - 执行AGV分配局部搜索，当前完工时间: 1965.00
2025-04-08 16:08:38,379 - DEBUG - 局部搜索未能改进当前解
2025-04-08 16:08:38,384 - DEBUG - 执行AGV分配局部搜索，当前完工时间: 2078.00
2025-04-08 16:08:38,388 - DEBUG - 局部搜索未能改进当前解
2025-04-08 16:08:38,391 - DEBUG - 执行AGV分配局部搜索，当前完工时间: 2002.00
2025-04-08 16:08:38,395 - DEBUG - AGV分配局部搜索成功！完工时间从 2002.00 降低到 2001.00，改进: 1.00 (0.05%)
2025-04-08 16:08:38,399 - DEBUG - 执行AGV分配局部搜索，当前完工时间: 2039.00
2025-04-08 16:08:38,402 - DEBUG - 局部搜索未能改进当前解
2025-04-08 16:08:38,406 - DEBUG - 执行AGV分配局部搜索，当前完工时间: 2047.00
2025-04-08 16:08:38,409 - DEBUG - 局部搜索未能改进当前解
2025-04-08 16:08:38,414 - DEBUG - 执行AGV分配局部搜索，当前完工时间: 2269.00
2025-04-08 16:08:38,416 - DEBUG - 局部搜索未能改进当前解
2025-04-08 16:08:38,421 - DEBUG - 执行AGV分配局部搜索，当前完工时间: 2088.00
2025-04-08 16:08:38,425 - DEBUG - AGV分配局部搜索成功！完工时间从 2088.00 降低到 2083.00，改进: 5.00 (0.24%)
2025-04-08 16:08:38,429 - DEBUG - 执行AGV分配局部搜索，当前完工时间: 2084.00
2025-04-08 16:08:38,432 - DEBUG - 局部搜索未能改进当前解
2025-04-08 16:08:38,435 - DEBUG - 执行AGV分配局部搜索，当前完工时间: 2072.00
2025-04-08 16:08:38,439 - DEBUG - 局部搜索未能改进当前解
2025-04-08 16:08:38,443 - DEBUG - 执行AGV分配局部搜索，当前完工时间: 2121.00
2025-04-08 16:08:38,447 - DEBUG - 局部搜索未能改进当前解
2025-04-08 16:08:38,451 - DEBUG - 执行AGV分配局部搜索，当前完工时间: 2067.00
2025-04-08 16:08:38,454 - DEBUG - 局部搜索未能改进当前解
2025-04-08 16:08:38,458 - DEBUG - 执行AGV分配局部搜索，当前完工时间: 2081.00
2025-04-08 16:08:38,460 - DEBUG - 局部搜索未能改进当前解
2025-04-08 16:08:38,465 - DEBUG - 执行AGV分配局部搜索，当前完工时间: 2004.00
2025-04-08 16:08:38,468 - DEBUG - 局部搜索未能改进当前解
2025-04-08 16:08:38,472 - DEBUG - 执行AGV分配局部搜索，当前完工时间: 2129.00
2025-04-08 16:08:38,475 - DEBUG - AGV分配局部搜索成功！完工时间从 2129.00 降低到 2098.00，改进: 31.00 (1.46%)
2025-04-08 16:08:38,480 - DEBUG - 执行AGV分配局部搜索，当前完工时间: 2191.00
2025-04-08 16:08:38,483 - DEBUG - AGV分配局部搜索成功！完工时间从 2191.00 降低到 2129.00，改进: 62.00 (2.83%)
2025-04-08 16:08:38,486 - DEBUG - 执行AGV分配局部搜索，当前完工时间: 2000.00
2025-04-08 16:08:38,490 - DEBUG - 局部搜索未能改进当前解
2025-04-08 16:08:38,494 - DEBUG - 执行AGV分配局部搜索，当前完工时间: 2024.00
2025-04-08 16:08:38,497 - DEBUG - 局部搜索未能改进当前解
2025-04-08 16:08:38,502 - DEBUG - 执行AGV分配局部搜索，当前完工时间: 1975.00
2025-04-08 16:08:38,506 - DEBUG - 局部搜索未能改进当前解
2025-04-08 16:08:38,510 - DEBUG - 执行AGV分配局部搜索，当前完工时间: 2376.00
2025-04-08 16:08:38,512 - DEBUG - 局部搜索未能改进当前解
2025-04-08 16:08:38,516 - DEBUG - 执行AGV分配局部搜索，当前完工时间: 1995.00
2025-04-08 16:08:38,520 - DEBUG - 局部搜索未能改进当前解
2025-04-08 16:08:38,525 - DEBUG - 执行AGV分配局部搜索，当前完工时间: 2120.00
2025-04-08 16:08:38,529 - DEBUG - 局部搜索未能改进当前解
2025-04-08 16:08:38,532 - DEBUG - 执行AGV分配局部搜索，当前完工时间: 2097.00
2025-04-08 16:08:38,536 - DEBUG - 局部搜索未能改进当前解
2025-04-08 16:08:38,539 - DEBUG - 执行AGV分配局部搜索，当前完工时间: 2109.00
2025-04-08 16:08:38,544 - DEBUG - 局部搜索未能改进当前解
2025-04-08 16:08:38,547 - DEBUG - 执行AGV分配局部搜索，当前完工时间: 2150.00
2025-04-08 16:08:38,551 - DEBUG - 局部搜索未能改进当前解
2025-04-08 16:08:38,554 - DEBUG - 执行AGV分配局部搜索，当前完工时间: 2105.00
2025-04-08 16:08:38,557 - DEBUG - 局部搜索未能改进当前解
2025-04-08 16:08:38,562 - DEBUG - 执行AGV分配局部搜索，当前完工时间: 2223.00
2025-04-08 16:08:38,565 - DEBUG - 局部搜索未能改进当前解
2025-04-08 16:08:38,569 - DEBUG - 执行AGV分配局部搜索，当前完工时间: 2046.00
2025-04-08 16:08:38,572 - DEBUG - 局部搜索未能改进当前解
2025-04-08 16:08:38,576 - DEBUG - 执行AGV分配局部搜索，当前完工时间: 2054.00
2025-04-08 16:08:38,579 - DEBUG - 局部搜索未能改进当前解
2025-04-08 16:08:38,583 - DEBUG - 执行AGV分配局部搜索，当前完工时间: 2086.00
2025-04-08 16:08:38,588 - DEBUG - 局部搜索未能改进当前解
2025-04-08 16:08:38,591 - DEBUG - 执行AGV分配局部搜索，当前完工时间: 2117.00
2025-04-08 16:08:38,595 - DEBUG - 局部搜索未能改进当前解
2025-04-08 16:08:38,599 - DEBUG - 执行AGV分配局部搜索，当前完工时间: 2031.00
2025-04-08 16:08:38,603 - DEBUG - 局部搜索未能改进当前解
2025-04-08 16:08:38,606 - DEBUG - 执行AGV分配局部搜索，当前完工时间: 2046.00
2025-04-08 16:08:38,610 - DEBUG - 局部搜索未能改进当前解
2025-04-08 16:08:38,614 - DEBUG - 执行AGV分配局部搜索，当前完工时间: 2059.00
2025-04-08 16:08:38,618 - DEBUG - 局部搜索未能改进当前解
2025-04-08 16:08:38,620 - DEBUG - 执行AGV分配局部搜索，当前完工时间: 2074.00
2025-04-08 16:08:38,625 - DEBUG - 局部搜索未能改进当前解
2025-04-08 16:08:38,629 - DEBUG - 执行AGV分配局部搜索，当前完工时间: 2080.00
2025-04-08 16:08:38,633 - DEBUG - 局部搜索未能改进当前解
2025-04-08 16:08:38,637 - DEBUG - 执行AGV分配局部搜索，当前完工时间: 2132.00
2025-04-08 16:08:38,640 - DEBUG - 局部搜索未能改进当前解
2025-04-08 16:08:38,644 - DEBUG - 执行AGV分配局部搜索，当前完工时间: 2093.00
2025-04-08 16:08:38,647 - DEBUG - 局部搜索未能改进当前解
2025-04-08 16:08:38,652 - DEBUG - 执行AGV分配局部搜索，当前完工时间: 2092.00
2025-04-08 16:08:38,655 - DEBUG - 局部搜索未能改进当前解
2025-04-08 16:08:38,659 - DEBUG - 执行AGV分配局部搜索，当前完工时间: 2061.00
2025-04-08 16:08:38,662 - DEBUG - 局部搜索未能改进当前解
2025-04-08 16:08:38,667 - DEBUG - 执行AGV分配局部搜索，当前完工时间: 2005.00
2025-04-08 16:08:38,670 - DEBUG - 局部搜索未能改进当前解
2025-04-08 16:08:38,674 - DEBUG - 执行AGV分配局部搜索，当前完工时间: 1971.00
2025-04-08 16:08:38,679 - DEBUG - 局部搜索未能改进当前解
2025-04-08 16:08:38,682 - DEBUG - 执行AGV分配局部搜索，当前完工时间: 2160.00
2025-04-08 16:08:38,686 - DEBUG - 局部搜索未能改进当前解
2025-04-08 16:08:38,689 - DEBUG - 执行AGV分配局部搜索，当前完工时间: 2074.00
2025-04-08 16:08:38,694 - DEBUG - 局部搜索未能改进当前解
2025-04-08 16:08:38,697 - DEBUG - 执行AGV分配局部搜索，当前完工时间: 1994.00
2025-04-08 16:08:38,701 - DEBUG - 局部搜索未能改进当前解
2025-04-08 16:08:38,705 - DEBUG - 执行AGV分配局部搜索，当前完工时间: 2105.00
2025-04-08 16:08:38,709 - DEBUG - 局部搜索未能改进当前解
2025-04-08 16:08:38,712 - DEBUG - 执行AGV分配局部搜索，当前完工时间: 2003.00
2025-04-08 16:08:38,717 - DEBUG - 局部搜索未能改进当前解
2025-04-08 16:08:38,720 - DEBUG - 执行AGV分配局部搜索，当前完工时间: 2043.00
2025-04-08 16:08:38,724 - DEBUG - 局部搜索未能改进当前解
2025-04-08 16:08:38,728 - DEBUG - 执行AGV分配局部搜索，当前完工时间: 2038.00
2025-04-08 16:08:38,731 - DEBUG - 局部搜索未能改进当前解
2025-04-08 16:08:38,736 - DEBUG - 执行AGV分配局部搜索，当前完工时间: 2194.00
2025-04-08 16:08:38,740 - DEBUG - 局部搜索未能改进当前解
2025-04-08 16:08:38,743 - DEBUG - 执行AGV分配局部搜索，当前完工时间: 2024.00
2025-04-08 16:08:38,747 - DEBUG - 局部搜索未能改进当前解
2025-04-08 16:08:38,751 - DEBUG - 执行AGV分配局部搜索，当前完工时间: 2029.00
2025-04-08 16:08:38,755 - DEBUG - 局部搜索未能改进当前解
2025-04-08 16:08:38,759 - DEBUG - 执行AGV分配局部搜索，当前完工时间: 2118.00
2025-04-08 16:08:38,762 - DEBUG - AGV分配局部搜索成功！完工时间从 2118.00 降低到 2114.00，改进: 4.00 (0.19%)
2025-04-08 16:08:38,767 - DEBUG - 执行AGV分配局部搜索，当前完工时间: 2132.00
2025-04-08 16:08:38,771 - DEBUG - 局部搜索未能改进当前解
2025-04-08 16:08:38,774 - DEBUG - 执行AGV分配局部搜索，当前完工时间: 2203.00
2025-04-08 16:08:38,778 - DEBUG - 局部搜索未能改进当前解
2025-04-08 16:08:38,782 - DEBUG - 执行AGV分配局部搜索，当前完工时间: 2098.00
2025-04-08 16:08:38,785 - DEBUG - AGV分配局部搜索成功！完工时间从 2098.00 降低到 2084.00，改进: 14.00 (0.67%)
2025-04-08 16:08:38,790 - DEBUG - 执行AGV分配局部搜索，当前完工时间: 2347.00
2025-04-08 16:08:38,793 - DEBUG - 局部搜索未能改进当前解
2025-04-08 16:08:38,797 - DEBUG - 执行AGV分配局部搜索，当前完工时间: 2070.00
2025-04-08 16:08:38,800 - DEBUG - 局部搜索未能改进当前解
2025-04-08 16:08:38,804 - DEBUG - 执行AGV分配局部搜索，当前完工时间: 1980.00
2025-04-08 16:08:38,808 - DEBUG - AGV分配局部搜索成功！完工时间从 1980.00 降低到 1967.00，改进: 13.00 (0.66%)
2025-04-08 16:08:38,812 - DEBUG - 执行AGV分配局部搜索，当前完工时间: 2029.00
2025-04-08 16:08:38,815 - DEBUG - 局部搜索未能改进当前解
2025-04-08 16:08:38,820 - DEBUG - 执行AGV分配局部搜索，当前完工时间: 2110.00
2025-04-08 16:08:38,823 - DEBUG - 局部搜索未能改进当前解
2025-04-08 16:08:38,826 - DEBUG - 执行AGV分配局部搜索，当前完工时间: 1983.00
2025-04-08 16:08:38,830 - DEBUG - 局部搜索未能改进当前解
2025-04-08 16:08:38,834 - DEBUG - 执行AGV分配局部搜索，当前完工时间: 2195.00
2025-04-08 16:08:38,837 - DEBUG - 局部搜索未能改进当前解
2025-04-08 16:08:38,841 - DEBUG - 执行AGV分配局部搜索，当前完工时间: 2078.00
2025-04-08 16:08:38,846 - DEBUG - AGV分配局部搜索成功！完工时间从 2078.00 降低到 2037.00，改进: 41.00 (1.97%)
2025-04-08 16:08:38,850 - DEBUG - 执行AGV分配局部搜索，当前完工时间: 2179.00
2025-04-08 16:08:38,854 - DEBUG - 局部搜索未能改进当前解
2025-04-08 16:08:38,858 - DEBUG - 执行AGV分配局部搜索，当前完工时间: 2068.00
2025-04-08 16:08:38,861 - DEBUG - AGV分配局部搜索成功！完工时间从 2068.00 降低到 2036.00，改进: 32.00 (1.55%)
2025-04-08 16:08:38,865 - DEBUG - 执行AGV分配局部搜索，当前完工时间: 2059.00
2025-04-08 16:08:38,868 - DEBUG - 局部搜索未能改进当前解
2025-04-08 16:08:38,872 - DEBUG - 执行AGV分配局部搜索，当前完工时间: 2045.00
2025-04-08 16:08:38,875 - DEBUG - 局部搜索未能改进当前解
2025-04-08 16:08:38,880 - DEBUG - 执行AGV分配局部搜索，当前完工时间: 2053.00
2025-04-08 16:08:38,883 - DEBUG - 局部搜索未能改进当前解
2025-04-08 16:08:38,887 - DEBUG - 执行AGV分配局部搜索，当前完工时间: 2037.00
2025-04-08 16:08:38,890 - DEBUG - 局部搜索未能改进当前解
2025-04-08 16:08:38,894 - DEBUG - 执行AGV分配局部搜索，当前完工时间: 2014.00
2025-04-08 16:08:38,898 - DEBUG - 局部搜索未能改进当前解
2025-04-08 16:08:38,901 - DEBUG - 执行AGV分配局部搜索，当前完工时间: 2242.00
2025-04-08 16:08:38,905 - DEBUG - 局部搜索未能改进当前解
2025-04-08 16:08:38,908 - DEBUG - 执行AGV分配局部搜索，当前完工时间: 2075.00
2025-04-08 16:08:38,913 - DEBUG - 局部搜索未能改进当前解
2025-04-08 16:08:38,917 - DEBUG - 执行AGV分配局部搜索，当前完工时间: 2121.00
2025-04-08 16:08:38,920 - DEBUG - AGV分配局部搜索成功！完工时间从 2121.00 降低到 2100.00，改进: 21.00 (0.99%)
2025-04-08 16:08:38,924 - DEBUG - 执行AGV分配局部搜索，当前完工时间: 2144.00
2025-04-08 16:08:38,929 - DEBUG - 局部搜索未能改进当前解
2025-04-08 16:08:38,932 - DEBUG - 执行AGV分配局部搜索，当前完工时间: 2001.00
2025-04-08 16:08:38,936 - DEBUG - AGV分配局部搜索成功！完工时间从 2001.00 降低到 1968.00，改进: 33.00 (1.65%)
2025-04-08 16:08:38,940 - DEBUG - 执行AGV分配局部搜索，当前完工时间: 2234.00
2025-04-08 16:08:38,943 - DEBUG - 局部搜索未能改进当前解
2025-04-08 16:08:38,947 - DEBUG - 执行AGV分配局部搜索，当前完工时间: 2005.00
2025-04-08 16:08:38,951 - DEBUG - 局部搜索未能改进当前解
2025-04-08 16:08:38,955 - DEBUG - 执行AGV分配局部搜索，当前完工时间: 2051.00
2025-04-08 16:08:38,958 - DEBUG - 局部搜索未能改进当前解
2025-04-08 16:08:38,962 - DEBUG - 执行AGV分配局部搜索，当前完工时间: 2104.00
2025-04-08 16:08:38,966 - DEBUG - AGV分配局部搜索成功！完工时间从 2104.00 降低到 2086.00，改进: 18.00 (0.86%)
2025-04-08 16:08:38,970 - DEBUG - 执行AGV分配局部搜索，当前完工时间: 2113.00
2025-04-08 16:08:38,974 - DEBUG - AGV分配局部搜索成功！完工时间从 2113.00 降低到 2087.00，改进: 26.00 (1.23%)
2025-04-08 16:08:38,978 - DEBUG - 执行AGV分配局部搜索，当前完工时间: 2138.00
2025-04-08 16:08:38,982 - DEBUG - AGV分配局部搜索成功！完工时间从 2138.00 降低到 2127.00，改进: 11.00 (0.51%)
2025-04-08 16:08:38,985 - DEBUG - 执行AGV分配局部搜索，当前完工时间: 2150.00
2025-04-08 16:08:38,988 - DEBUG - AGV分配局部搜索成功！完工时间从 2150.00 降低到 2141.00，改进: 9.00 (0.42%)
2025-04-08 16:08:38,993 - DEBUG - 执行AGV分配局部搜索，当前完工时间: 1940.00
2025-04-08 16:08:38,997 - DEBUG - 局部搜索未能改进当前解
2025-04-08 16:08:39,000 - DEBUG - 执行AGV分配局部搜索，当前完工时间: 1996.00
2025-04-08 16:08:39,003 - DEBUG - 局部搜索未能改进当前解
2025-04-08 16:08:39,007 - DEBUG - 执行AGV分配局部搜索，当前完工时间: 2107.00
2025-04-08 16:08:39,010 - DEBUG - 局部搜索未能改进当前解
2025-04-08 16:08:39,014 - DEBUG - 执行AGV分配局部搜索，当前完工时间: 2125.00
2025-04-08 16:08:39,018 - DEBUG - 局部搜索未能改进当前解
2025-04-08 16:08:39,022 - DEBUG - 执行AGV分配局部搜索，当前完工时间: 2037.00
2025-04-08 16:08:39,025 - DEBUG - 局部搜索未能改进当前解
2025-04-08 16:08:39,030 - DEBUG - 执行AGV分配局部搜索，当前完工时间: 2056.00
2025-04-08 16:08:39,033 - DEBUG - 局部搜索未能改进当前解
2025-04-08 16:08:39,037 - DEBUG - 执行AGV分配局部搜索，当前完工时间: 2129.00
2025-04-08 16:08:39,041 - DEBUG - 局部搜索未能改进当前解
2025-04-08 16:08:39,045 - DEBUG - 执行AGV分配局部搜索，当前完工时间: 2066.00
2025-04-08 16:08:39,049 - DEBUG - 局部搜索未能改进当前解
2025-04-08 16:08:39,053 - DEBUG - 执行AGV分配局部搜索，当前完工时间: 2079.00
2025-04-08 16:08:39,057 - DEBUG - 局部搜索未能改进当前解
2025-04-08 16:08:39,060 - DEBUG - 执行AGV分配局部搜索，当前完工时间: 2168.00
2025-04-08 16:08:39,064 - DEBUG - 局部搜索未能改进当前解
2025-04-08 16:08:39,068 - DEBUG - 执行AGV分配局部搜索，当前完工时间: 2026.00
2025-04-08 16:08:39,072 - DEBUG - 局部搜索未能改进当前解
2025-04-08 16:08:39,076 - DEBUG - 执行AGV分配局部搜索，当前完工时间: 2019.00
2025-04-08 16:08:39,080 - DEBUG - 局部搜索未能改进当前解
2025-04-08 16:08:39,084 - DEBUG - 执行AGV分配局部搜索，当前完工时间: 2115.00
2025-04-08 16:08:39,088 - DEBUG - 局部搜索未能改进当前解
2025-04-08 16:08:39,091 - DEBUG - 执行AGV分配局部搜索，当前完工时间: 2103.00
2025-04-08 16:08:39,095 - DEBUG - 局部搜索未能改进当前解
2025-04-08 16:08:39,095 - DEBUG - ==================================================
2025-04-08 16:08:39,095 - DEBUG - Efficiency Statistics of Local Search :
2025-04-08 16:08:39,095 - DEBUG - Number of attempts: 99
2025-04-08 16:08:39,095 - DEBUG - Average Success Rate: 17.17%
2025-04-08 16:08:39,095 - DEBUG - AGV Local Search Success: 17，Average Improvement: 21.88
2025-04-08 16:08:39,099 - DEBUG - 执行AGV分配局部搜索，当前完工时间: 1975.00
2025-04-08 16:08:39,102 - DEBUG - 局部搜索未能改进当前解
2025-04-08 16:08:39,106 - DEBUG - 执行AGV分配局部搜索，当前完工时间: 2032.00
2025-04-08 16:08:39,110 - DEBUG - 局部搜索未能改进当前解
2025-04-08 16:08:39,114 - DEBUG - 执行AGV分配局部搜索，当前完工时间: 1998.00
2025-04-08 16:08:39,118 - DEBUG - 局部搜索未能改进当前解
2025-04-08 16:08:39,122 - DEBUG - 执行AGV分配局部搜索，当前完工时间: 2073.00
2025-04-08 16:08:39,125 - DEBUG - 局部搜索未能改进当前解
2025-04-08 16:08:39,130 - DEBUG - 执行AGV分配局部搜索，当前完工时间: 1996.00
2025-04-08 16:08:39,133 - DEBUG - 局部搜索未能改进当前解
2025-04-08 16:08:39,137 - DEBUG - 执行AGV分配局部搜索，当前完工时间: 1963.00
2025-04-08 16:08:39,142 - DEBUG - 局部搜索未能改进当前解
2025-04-08 16:08:39,145 - DEBUG - 执行AGV分配局部搜索，当前完工时间: 2098.00
2025-04-08 16:08:39,149 - DEBUG - AGV分配局部搜索成功！完工时间从 2098.00 降低到 2065.00，改进: 33.00 (1.57%)
2025-04-08 16:08:39,154 - DEBUG - 执行AGV分配局部搜索，当前完工时间: 2055.00
2025-04-08 16:08:39,157 - DEBUG - 局部搜索未能改进当前解
2025-04-08 16:08:39,162 - DEBUG - 执行AGV分配局部搜索，当前完工时间: 2114.00
2025-04-08 16:08:39,165 - DEBUG - 局部搜索未能改进当前解
2025-04-08 16:08:39,169 - DEBUG - 执行AGV分配局部搜索，当前完工时间: 2005.00
2025-04-08 16:08:39,173 - DEBUG - 局部搜索未能改进当前解
2025-04-08 16:08:39,176 - DEBUG - 执行AGV分配局部搜索，当前完工时间: 2102.00
2025-04-08 16:08:39,181 - DEBUG - AGV分配局部搜索成功！完工时间从 2102.00 降低到 2087.00，改进: 15.00 (0.71%)
2025-04-08 16:08:39,184 - DEBUG - 执行AGV分配局部搜索，当前完工时间: 2057.00
2025-04-08 16:08:39,188 - DEBUG - 局部搜索未能改进当前解
2025-04-08 16:08:39,191 - DEBUG - 执行AGV分配局部搜索，当前完工时间: 1957.00
2025-04-08 16:08:39,195 - DEBUG - 局部搜索未能改进当前解
2025-04-08 16:08:39,199 - DEBUG - 执行AGV分配局部搜索，当前完工时间: 2053.00
2025-04-08 16:08:39,203 - DEBUG - AGV分配局部搜索成功！完工时间从 2053.00 降低到 2031.00，改进: 22.00 (1.07%)
2025-04-08 16:08:39,207 - DEBUG - 执行AGV分配局部搜索，当前完工时间: 2046.00
2025-04-08 16:08:39,211 - DEBUG - 局部搜索未能改进当前解
2025-04-08 16:08:39,215 - DEBUG - 执行AGV分配局部搜索，当前完工时间: 2117.00
2025-04-08 16:08:39,219 - DEBUG - 局部搜索未能改进当前解
2025-04-08 16:08:39,222 - DEBUG - 执行AGV分配局部搜索，当前完工时间: 1975.00
2025-04-08 16:08:39,226 - DEBUG - 局部搜索未能改进当前解
2025-04-08 16:08:39,230 - DEBUG - 执行AGV分配局部搜索，当前完工时间: 2191.00
2025-04-08 16:08:39,233 - DEBUG - AGV分配局部搜索成功！完工时间从 2191.00 降低到 2175.00，改进: 16.00 (0.73%)
2025-04-08 16:08:39,237 - DEBUG - 执行AGV分配局部搜索，当前完工时间: 2050.00
2025-04-08 16:08:39,240 - DEBUG - 局部搜索未能改进当前解
2025-04-08 16:08:39,244 - DEBUG - 执行AGV分配局部搜索，当前完工时间: 2022.00
2025-04-08 16:08:39,247 - DEBUG - 局部搜索未能改进当前解
2025-04-08 16:08:39,252 - DEBUG - 执行AGV分配局部搜索，当前完工时间: 2056.00
2025-04-08 16:08:39,255 - DEBUG - 局部搜索未能改进当前解
2025-04-08 16:08:39,259 - DEBUG - 执行AGV分配局部搜索，当前完工时间: 2048.00
2025-04-08 16:08:39,263 - DEBUG - 局部搜索未能改进当前解
2025-04-08 16:08:39,266 - DEBUG - 执行AGV分配局部搜索，当前完工时间: 2162.00
2025-04-08 16:08:39,271 - DEBUG - 局部搜索未能改进当前解
2025-04-08 16:08:39,274 - DEBUG - 执行AGV分配局部搜索，当前完工时间: 1941.00
2025-04-08 16:08:39,278 - DEBUG - 局部搜索未能改进当前解
2025-04-08 16:08:39,282 - DEBUG - 执行AGV分配局部搜索，当前完工时间: 2139.00
2025-04-08 16:08:39,286 - DEBUG - 局部搜索未能改进当前解
2025-04-08 16:08:39,290 - DEBUG - 执行AGV分配局部搜索，当前完工时间: 2051.00
2025-04-08 16:08:39,293 - DEBUG - 局部搜索未能改进当前解
2025-04-08 16:08:39,297 - DEBUG - 执行AGV分配局部搜索，当前完工时间: 1986.00
2025-04-08 16:08:39,300 - DEBUG - 局部搜索未能改进当前解
2025-04-08 16:08:39,304 - DEBUG - 执行AGV分配局部搜索，当前完工时间: 2070.00
2025-04-08 16:08:39,308 - DEBUG - 局部搜索未能改进当前解
2025-04-08 16:08:39,312 - DEBUG - 执行AGV分配局部搜索，当前完工时间: 2012.00
2025-04-08 16:08:39,315 - DEBUG - 局部搜索未能改进当前解
2025-04-08 16:08:39,319 - DEBUG - 执行AGV分配局部搜索，当前完工时间: 2141.00
2025-04-08 16:08:39,322 - DEBUG - AGV分配局部搜索成功！完工时间从 2141.00 降低到 2118.00，改进: 23.00 (1.07%)
2025-04-08 16:08:39,326 - DEBUG - 执行AGV分配局部搜索，当前完工时间: 1997.00
2025-04-08 16:08:39,331 - DEBUG - 局部搜索未能改进当前解
2025-04-08 16:08:39,334 - DEBUG - 执行AGV分配局部搜索，当前完工时间: 2089.00
2025-04-08 16:08:39,338 - DEBUG - 局部搜索未能改进当前解
2025-04-08 16:08:39,341 - DEBUG - 执行AGV分配局部搜索，当前完工时间: 2058.00
2025-04-08 16:08:39,345 - DEBUG - 局部搜索未能改进当前解
2025-04-08 16:08:39,348 - DEBUG - 执行AGV分配局部搜索，当前完工时间: 2032.00
2025-04-08 16:08:39,352 - DEBUG - 局部搜索未能改进当前解
2025-04-08 16:08:39,356 - DEBUG - 执行AGV分配局部搜索，当前完工时间: 2090.00
2025-04-08 16:08:39,359 - DEBUG - AGV分配局部搜索成功！完工时间从 2090.00 降低到 2057.00，改进: 33.00 (1.58%)
2025-04-08 16:08:39,363 - DEBUG - 执行AGV分配局部搜索，当前完工时间: 2048.00
2025-04-08 16:08:39,366 - DEBUG - 局部搜索未能改进当前解
2025-04-08 16:08:39,370 - DEBUG - 执行AGV分配局部搜索，当前完工时间: 1996.00
2025-04-08 16:08:39,373 - DEBUG - 局部搜索未能改进当前解
2025-04-08 16:08:39,376 - DEBUG - 执行AGV分配局部搜索，当前完工时间: 2122.00
2025-04-08 16:08:39,381 - DEBUG - 局部搜索未能改进当前解
2025-04-08 16:08:39,385 - DEBUG - 执行AGV分配局部搜索，当前完工时间: 2164.00
2025-04-08 16:08:39,388 - DEBUG - 局部搜索未能改进当前解
2025-04-08 16:08:39,392 - DEBUG - 执行AGV分配局部搜索，当前完工时间: 2106.00
2025-04-08 16:08:39,395 - DEBUG - 局部搜索未能改进当前解
2025-04-08 16:08:39,400 - DEBUG - 执行AGV分配局部搜索，当前完工时间: 2103.00
2025-04-08 16:08:39,403 - DEBUG - 局部搜索未能改进当前解
2025-04-08 16:08:39,406 - DEBUG - 执行AGV分配局部搜索，当前完工时间: 2005.00
2025-04-08 16:08:39,411 - DEBUG - 局部搜索未能改进当前解
2025-04-08 16:08:39,415 - DEBUG - 执行AGV分配局部搜索，当前完工时间: 1940.00
2025-04-08 16:08:39,418 - DEBUG - 局部搜索未能改进当前解
2025-04-08 16:08:39,422 - DEBUG - 执行AGV分配局部搜索，当前完工时间: 2049.00
2025-04-08 16:08:39,426 - DEBUG - 局部搜索未能改进当前解
2025-04-08 16:08:39,430 - DEBUG - 执行AGV分配局部搜索，当前完工时间: 2023.00
2025-04-08 16:08:39,434 - DEBUG - 局部搜索未能改进当前解
2025-04-08 16:08:39,437 - DEBUG - 执行AGV分配局部搜索，当前完工时间: 2027.00
2025-04-08 16:08:39,441 - DEBUG - AGV分配局部搜索成功！完工时间从 2027.00 降低到 2008.00，改进: 19.00 (0.94%)
2025-04-08 16:08:39,445 - DEBUG - 执行AGV分配局部搜索，当前完工时间: 1988.00
2025-04-08 16:08:39,448 - DEBUG - 局部搜索未能改进当前解
2025-04-08 16:08:39,452 - DEBUG - 执行AGV分配局部搜索，当前完工时间: 2127.00
2025-04-08 16:08:39,456 - DEBUG - 局部搜索未能改进当前解
2025-04-08 16:08:39,460 - DEBUG - 执行AGV分配局部搜索，当前完工时间: 1994.00
2025-04-08 16:08:39,462 - DEBUG - 局部搜索未能改进当前解
2025-04-08 16:08:39,466 - DEBUG - 执行AGV分配局部搜索，当前完工时间: 2002.00
2025-04-08 16:08:39,471 - DEBUG - 局部搜索未能改进当前解
2025-04-08 16:08:39,474 - DEBUG - 执行AGV分配局部搜索，当前完工时间: 1992.00
2025-04-08 16:08:39,478 - DEBUG - AGV分配局部搜索成功！完工时间从 1992.00 降低到 1946.00，改进: 46.00 (2.31%)
2025-04-08 16:08:39,482 - DEBUG - 执行AGV分配局部搜索，当前完工时间: 2105.00
2025-04-08 16:08:39,485 - DEBUG - AGV分配局部搜索成功！完工时间从 2105.00 降低到 2087.00，改进: 18.00 (0.86%)
2025-04-08 16:08:39,491 - DEBUG - 执行AGV分配局部搜索，当前完工时间: 2076.00
2025-04-08 16:08:39,494 - DEBUG - 局部搜索未能改进当前解
2025-04-08 16:08:39,497 - DEBUG - 执行AGV分配局部搜索，当前完工时间: 2201.00
2025-04-08 16:08:39,502 - DEBUG - AGV分配局部搜索成功！完工时间从 2201.00 降低到 2083.00，改进: 118.00 (5.36%)
2025-04-08 16:08:39,506 - DEBUG - 执行AGV分配局部搜索，当前完工时间: 2225.00
2025-04-08 16:08:39,509 - DEBUG - 局部搜索未能改进当前解
2025-04-08 16:08:39,512 - DEBUG - 执行AGV分配局部搜索，当前完工时间: 2021.00
2025-04-08 16:08:39,517 - DEBUG - AGV分配局部搜索成功！完工时间从 2021.00 降低到 2014.00，改进: 7.00 (0.35%)
2025-04-08 16:08:39,521 - DEBUG - 执行AGV分配局部搜索，当前完工时间: 2106.00
2025-04-08 16:08:39,524 - DEBUG - AGV分配局部搜索成功！完工时间从 2106.00 降低到 2088.00，改进: 18.00 (0.85%)
2025-04-08 16:08:39,529 - DEBUG - 执行AGV分配局部搜索，当前完工时间: 1986.00
2025-04-08 16:08:39,533 - DEBUG - 局部搜索未能改进当前解
2025-04-08 16:08:39,537 - DEBUG - 执行AGV分配局部搜索，当前完工时间: 2055.00
2025-04-08 16:08:39,540 - DEBUG - 局部搜索未能改进当前解
2025-04-08 16:08:39,543 - DEBUG - 执行AGV分配局部搜索，当前完工时间: 1975.00
2025-04-08 16:08:39,547 - DEBUG - 局部搜索未能改进当前解
2025-04-08 16:08:39,551 - DEBUG - 执行AGV分配局部搜索，当前完工时间: 2097.00
2025-04-08 16:08:39,556 - DEBUG - 局部搜索未能改进当前解
2025-04-08 16:08:39,560 - DEBUG - 执行AGV分配局部搜索，当前完工时间: 2071.00
2025-04-08 16:08:39,564 - DEBUG - 局部搜索未能改进当前解
2025-04-08 16:08:39,567 - DEBUG - 执行AGV分配局部搜索，当前完工时间: 2049.00
2025-04-08 16:08:39,571 - DEBUG - AGV分配局部搜索成功！完工时间从 2049.00 降低到 2045.00，改进: 4.00 (0.20%)
2025-04-08 16:08:39,574 - DEBUG - 执行AGV分配局部搜索，当前完工时间: 2134.00
2025-04-08 16:08:39,578 - DEBUG - 局部搜索未能改进当前解
2025-04-08 16:08:39,582 - DEBUG - 执行AGV分配局部搜索，当前完工时间: 2017.00
2025-04-08 16:08:39,586 - DEBUG - 局部搜索未能改进当前解
2025-04-08 16:08:39,590 - DEBUG - 执行AGV分配局部搜索，当前完工时间: 2017.00
2025-04-08 16:08:39,593 - DEBUG - 局部搜索未能改进当前解
2025-04-08 16:08:39,597 - DEBUG - 执行AGV分配局部搜索，当前完工时间: 2064.00
2025-04-08 16:08:39,601 - DEBUG - 局部搜索未能改进当前解
2025-04-08 16:08:39,604 - DEBUG - 执行AGV分配局部搜索，当前完工时间: 2034.00
2025-04-08 16:08:39,607 - DEBUG - 局部搜索未能改进当前解
2025-04-08 16:08:39,612 - DEBUG - 执行AGV分配局部搜索，当前完工时间: 1972.00
2025-04-08 16:08:39,616 - DEBUG - 局部搜索未能改进当前解
2025-04-08 16:08:39,620 - DEBUG - 执行AGV分配局部搜索，当前完工时间: 2051.00
2025-04-08 16:08:39,623 - DEBUG - 局部搜索未能改进当前解
2025-04-08 16:08:39,627 - DEBUG - 执行AGV分配局部搜索，当前完工时间: 2139.00
2025-04-08 16:08:39,631 - DEBUG - 局部搜索未能改进当前解
2025-04-08 16:08:39,634 - DEBUG - 执行AGV分配局部搜索，当前完工时间: 2132.00
2025-04-08 16:08:39,637 - DEBUG - 局部搜索未能改进当前解
2025-04-08 16:08:39,641 - DEBUG - 执行AGV分配局部搜索，当前完工时间: 1999.00
2025-04-08 16:08:39,645 - DEBUG - 局部搜索未能改进当前解
2025-04-08 16:08:39,649 - DEBUG - 执行AGV分配局部搜索，当前完工时间: 2051.00
2025-04-08 16:08:39,652 - DEBUG - 局部搜索未能改进当前解
2025-04-08 16:08:39,655 - DEBUG - 执行AGV分配局部搜索，当前完工时间: 2075.00
2025-04-08 16:08:39,658 - DEBUG - 局部搜索未能改进当前解
2025-04-08 16:08:39,662 - DEBUG - 执行AGV分配局部搜索，当前完工时间: 2093.00
2025-04-08 16:08:39,666 - DEBUG - 局部搜索未能改进当前解
2025-04-08 16:08:39,671 - DEBUG - 执行AGV分配局部搜索，当前完工时间: 2091.00
2025-04-08 16:08:39,674 - DEBUG - 局部搜索未能改进当前解
2025-04-08 16:08:39,678 - DEBUG - 执行AGV分配局部搜索，当前完工时间: 2183.00
2025-04-08 16:08:39,681 - DEBUG - AGV分配局部搜索成功！完工时间从 2183.00 降低到 2182.00，改进: 1.00 (0.05%)
2025-04-08 16:08:39,686 - DEBUG - 执行AGV分配局部搜索，当前完工时间: 2036.00
2025-04-08 16:08:39,689 - DEBUG - 局部搜索未能改进当前解
2025-04-08 16:08:39,693 - DEBUG - 执行AGV分配局部搜索，当前完工时间: 2054.00
2025-04-08 16:08:39,697 - DEBUG - 局部搜索未能改进当前解
2025-04-08 16:08:39,701 - DEBUG - 执行AGV分配局部搜索，当前完工时间: 1988.00
2025-04-08 16:08:39,704 - DEBUG - 局部搜索未能改进当前解
2025-04-08 16:08:39,709 - DEBUG - 执行AGV分配局部搜索，当前完工时间: 2191.00
2025-04-08 16:08:39,712 - DEBUG - 局部搜索未能改进当前解
2025-04-08 16:08:39,716 - DEBUG - 执行AGV分配局部搜索，当前完工时间: 2068.00
2025-04-08 16:08:39,720 - DEBUG - 局部搜索未能改进当前解
2025-04-08 16:08:39,723 - DEBUG - 执行AGV分配局部搜索，当前完工时间: 1987.00
2025-04-08 16:08:39,727 - DEBUG - 局部搜索未能改进当前解
2025-04-08 16:08:39,730 - DEBUG - 执行AGV分配局部搜索，当前完工时间: 2049.00
2025-04-08 16:08:39,734 - DEBUG - 局部搜索未能改进当前解
2025-04-08 16:08:39,738 - DEBUG - 执行AGV分配局部搜索，当前完工时间: 2027.00
2025-04-08 16:08:39,742 - DEBUG - 局部搜索未能改进当前解
2025-04-08 16:08:39,745 - DEBUG - 执行AGV分配局部搜索，当前完工时间: 2061.00
2025-04-08 16:08:39,749 - DEBUG - 局部搜索未能改进当前解
2025-04-08 16:08:39,753 - DEBUG - 执行AGV分配局部搜索，当前完工时间: 2115.00
2025-04-08 16:08:39,757 - DEBUG - 局部搜索未能改进当前解
2025-04-08 16:08:39,761 - DEBUG - 执行AGV分配局部搜索，当前完工时间: 2072.00
2025-04-08 16:08:39,764 - DEBUG - 局部搜索未能改进当前解
2025-04-08 16:08:39,768 - DEBUG - 执行AGV分配局部搜索，当前完工时间: 2034.00
2025-04-08 16:08:39,774 - DEBUG - 局部搜索未能改进当前解
2025-04-08 16:08:39,778 - DEBUG - 执行AGV分配局部搜索，当前完工时间: 2096.00
2025-04-08 16:08:39,782 - DEBUG - 局部搜索未能改进当前解
2025-04-08 16:08:39,785 - DEBUG - 执行AGV分配局部搜索，当前完工时间: 2019.00
2025-04-08 16:08:39,789 - DEBUG - AGV分配局部搜索成功！完工时间从 2019.00 降低到 1997.00，改进: 22.00 (1.09%)
2025-04-08 16:08:39,792 - DEBUG - 执行AGV分配局部搜索，当前完工时间: 2121.00
2025-04-08 16:08:39,795 - DEBUG - AGV分配局部搜索成功！完工时间从 2121.00 降低到 2117.00，改进: 4.00 (0.19%)
2025-04-08 16:08:39,800 - DEBUG - 执行AGV分配局部搜索，当前完工时间: 2004.00
2025-04-08 16:08:39,803 - DEBUG - 局部搜索未能改进当前解
2025-04-08 16:08:39,807 - DEBUG - 执行AGV分配局部搜索，当前完工时间: 1983.00
2025-04-08 16:08:39,810 - DEBUG - 局部搜索未能改进当前解
2025-04-08 16:08:39,814 - DEBUG - 执行AGV分配局部搜索，当前完工时间: 2115.00
2025-04-08 16:08:39,818 - DEBUG - 局部搜索未能改进当前解
2025-04-08 16:08:39,821 - DEBUG - 执行AGV分配局部搜索，当前完工时间: 2057.00
2025-04-08 16:08:39,825 - DEBUG - 局部搜索未能改进当前解
2025-04-08 16:08:39,830 - DEBUG - 执行AGV分配局部搜索，当前完工时间: 2039.00
2025-04-08 16:08:39,833 - DEBUG - AGV分配局部搜索成功！完工时间从 2039.00 降低到 2029.00，改进: 10.00 (0.49%)
2025-04-08 16:08:39,837 - DEBUG - 执行AGV分配局部搜索，当前完工时间: 1955.00
2025-04-08 16:08:39,841 - DEBUG - 局部搜索未能改进当前解
2025-04-08 16:08:39,841 - DEBUG - ==================================================
2025-04-08 16:08:39,841 - DEBUG - Efficiency Statistics of Local Search :
2025-04-08 16:08:39,841 - DEBUG - Number of attempts: 99
2025-04-08 16:08:39,841 - DEBUG - Average Success Rate: 17.17%
2025-04-08 16:08:39,841 - DEBUG - AGV Local Search Success: 17，Average Improvement: 24.06
2025-04-08 16:08:39,845 - DEBUG - 执行AGV分配局部搜索，当前完工时间: 2051.00
2025-04-08 16:08:39,849 - DEBUG - 局部搜索未能改进当前解
2025-04-08 16:08:39,853 - DEBUG - 执行AGV分配局部搜索，当前完工时间: 1964.00
2025-04-08 16:08:39,856 - DEBUG - 局部搜索未能改进当前解
2025-04-08 16:08:39,861 - DEBUG - 执行AGV分配局部搜索，当前完工时间: 1983.00
2025-04-08 16:08:39,864 - DEBUG - 局部搜索未能改进当前解
2025-04-08 16:08:39,869 - DEBUG - 执行AGV分配局部搜索，当前完工时间: 2027.00
2025-04-08 16:08:39,872 - DEBUG - 局部搜索未能改进当前解
2025-04-08 16:08:39,877 - DEBUG - 执行AGV分配局部搜索，当前完工时间: 2020.00
2025-04-08 16:08:39,880 - DEBUG - 局部搜索未能改进当前解
2025-04-08 16:08:39,884 - DEBUG - 执行AGV分配局部搜索，当前完工时间: 2012.00
2025-04-08 16:08:39,887 - DEBUG - 局部搜索未能改进当前解
2025-04-08 16:08:39,892 - DEBUG - 执行AGV分配局部搜索，当前完工时间: 2046.00
2025-04-08 16:08:39,895 - DEBUG - 局部搜索未能改进当前解
2025-04-08 16:08:39,899 - DEBUG - 执行AGV分配局部搜索，当前完工时间: 2008.00
2025-04-08 16:08:39,902 - DEBUG - 局部搜索未能改进当前解
2025-04-08 16:08:39,906 - DEBUG - 执行AGV分配局部搜索，当前完工时间: 1975.00
2025-04-08 16:08:39,910 - DEBUG - 局部搜索未能改进当前解
2025-04-08 16:08:39,914 - DEBUG - 执行AGV分配局部搜索，当前完工时间: 2020.00
2025-04-08 16:08:39,917 - DEBUG - 局部搜索未能改进当前解
2025-04-08 16:08:39,920 - DEBUG - 执行AGV分配局部搜索，当前完工时间: 2023.00
2025-04-08 16:08:39,924 - DEBUG - 局部搜索未能改进当前解
2025-04-08 16:08:39,929 - DEBUG - 执行AGV分配局部搜索，当前完工时间: 1986.00
2025-04-08 16:08:39,931 - DEBUG - 局部搜索未能改进当前解
2025-04-08 16:08:39,935 - DEBUG - 执行AGV分配局部搜索，当前完工时间: 2089.00
2025-04-08 16:08:39,939 - DEBUG - 局部搜索未能改进当前解
2025-04-08 16:08:39,942 - DEBUG - 执行AGV分配局部搜索，当前完工时间: 1980.00
2025-04-08 16:08:39,947 - DEBUG - 局部搜索未能改进当前解
2025-04-08 16:08:39,950 - DEBUG - 执行AGV分配局部搜索，当前完工时间: 2071.00
2025-04-08 16:08:39,953 - DEBUG - 局部搜索未能改进当前解
2025-04-08 16:08:39,957 - DEBUG - 执行AGV分配局部搜索，当前完工时间: 1988.00
2025-04-08 16:08:39,960 - DEBUG - 局部搜索未能改进当前解
2025-04-08 16:08:39,964 - DEBUG - 执行AGV分配局部搜索，当前完工时间: 2108.00
2025-04-08 16:08:39,968 - DEBUG - 局部搜索未能改进当前解
2025-04-08 16:08:39,972 - DEBUG - 执行AGV分配局部搜索，当前完工时间: 2021.00
2025-04-08 16:08:39,975 - DEBUG - 局部搜索未能改进当前解
2025-04-08 16:08:39,979 - DEBUG - 执行AGV分配局部搜索，当前完工时间: 1975.00
2025-04-08 16:08:39,983 - DEBUG - 局部搜索未能改进当前解
2025-04-08 16:08:39,987 - DEBUG - 执行AGV分配局部搜索，当前完工时间: 2030.00
2025-04-08 16:08:39,991 - DEBUG - 局部搜索未能改进当前解
2025-04-08 16:08:39,995 - DEBUG - 执行AGV分配局部搜索，当前完工时间: 2091.00
2025-04-08 16:08:39,997 - DEBUG - AGV分配局部搜索成功！完工时间从 2091.00 降低到 2060.00，改进: 31.00 (1.48%)
2025-04-08 16:08:40,002 - DEBUG - 执行AGV分配局部搜索，当前完工时间: 2164.00
2025-04-08 16:08:40,006 - DEBUG - AGV分配局部搜索成功！完工时间从 2164.00 降低到 2090.00，改进: 74.00 (3.42%)
2025-04-08 16:08:40,009 - DEBUG - 执行AGV分配局部搜索，当前完工时间: 1978.00
2025-04-08 16:08:40,012 - DEBUG - 局部搜索未能改进当前解
2025-04-08 16:08:40,017 - DEBUG - 执行AGV分配局部搜索，当前完工时间: 2065.00
2025-04-08 16:08:40,020 - DEBUG - 局部搜索未能改进当前解
2025-04-08 16:08:40,023 - DEBUG - 执行AGV分配局部搜索，当前完工时间: 2002.00
2025-04-08 16:08:40,027 - DEBUG - 局部搜索未能改进当前解
2025-04-08 16:08:40,031 - DEBUG - 执行AGV分配局部搜索，当前完工时间: 2048.00
2025-04-08 16:08:40,034 - DEBUG - 局部搜索未能改进当前解
2025-04-08 16:08:40,037 - DEBUG - 执行AGV分配局部搜索，当前完工时间: 1974.00
2025-04-08 16:08:40,041 - DEBUG - 局部搜索未能改进当前解
2025-04-08 16:08:40,045 - DEBUG - 执行AGV分配局部搜索，当前完工时间: 1972.00
2025-04-08 16:08:40,048 - DEBUG - 局部搜索未能改进当前解
2025-04-08 16:08:40,052 - DEBUG - 执行AGV分配局部搜索，当前完工时间: 1959.00
2025-04-08 16:08:40,056 - DEBUG - 局部搜索未能改进当前解
2025-04-08 16:08:40,060 - DEBUG - 执行AGV分配局部搜索，当前完工时间: 2046.00
2025-04-08 16:08:40,064 - DEBUG - AGV分配局部搜索成功！完工时间从 2046.00 降低到 2035.00，改进: 11.00 (0.54%)
2025-04-08 16:08:40,068 - DEBUG - 执行AGV分配局部搜索，当前完工时间: 2012.00
2025-04-08 16:08:40,071 - DEBUG - 局部搜索未能改进当前解
2025-04-08 16:08:40,074 - DEBUG - 执行AGV分配局部搜索，当前完工时间: 2078.00
2025-04-08 16:08:40,079 - DEBUG - 局部搜索未能改进当前解
2025-04-08 16:08:40,081 - DEBUG - 执行AGV分配局部搜索，当前完工时间: 1940.00
2025-04-08 16:08:40,085 - DEBUG - 局部搜索未能改进当前解
2025-04-08 16:08:40,089 - DEBUG - 执行AGV分配局部搜索，当前完工时间: 1996.00
2025-04-08 16:08:40,093 - DEBUG - 局部搜索未能改进当前解
2025-04-08 16:08:40,098 - DEBUG - 执行AGV分配局部搜索，当前完工时间: 2003.00
2025-04-08 16:08:40,101 - DEBUG - 局部搜索未能改进当前解
2025-04-08 16:08:40,104 - DEBUG - 执行AGV分配局部搜索，当前完工时间: 1981.00
2025-04-08 16:08:40,108 - DEBUG - 局部搜索未能改进当前解
2025-04-08 16:08:40,112 - DEBUG - 执行AGV分配局部搜索，当前完工时间: 2022.00
2025-04-08 16:08:40,115 - DEBUG - 局部搜索未能改进当前解
2025-04-08 16:08:40,120 - DEBUG - 执行AGV分配局部搜索，当前完工时间: 2185.00
2025-04-08 16:08:40,123 - DEBUG - 局部搜索未能改进当前解
2025-04-08 16:08:40,126 - DEBUG - 执行AGV分配局部搜索，当前完工时间: 2016.00
2025-04-08 16:08:40,131 - DEBUG - 局部搜索未能改进当前解
2025-04-08 16:08:40,134 - DEBUG - 执行AGV分配局部搜索，当前完工时间: 1977.00
2025-04-08 16:08:40,138 - DEBUG - 局部搜索未能改进当前解
2025-04-08 16:08:40,143 - DEBUG - 执行AGV分配局部搜索，当前完工时间: 1947.00
2025-04-08 16:08:40,147 - DEBUG - 局部搜索未能改进当前解
2025-04-08 16:08:40,150 - DEBUG - 执行AGV分配局部搜索，当前完工时间: 1964.00
2025-04-08 16:08:40,154 - DEBUG - 局部搜索未能改进当前解
2025-04-08 16:08:40,158 - DEBUG - 执行AGV分配局部搜索，当前完工时间: 1976.00
2025-04-08 16:08:40,162 - DEBUG - 局部搜索未能改进当前解
2025-04-08 16:08:40,165 - DEBUG - 执行AGV分配局部搜索，当前完工时间: 2149.00
2025-04-08 16:08:40,169 - DEBUG - AGV分配局部搜索成功！完工时间从 2149.00 降低到 2134.00，改进: 15.00 (0.70%)
2025-04-08 16:08:40,172 - DEBUG - 执行AGV分配局部搜索，当前完工时间: 2001.00
2025-04-08 16:08:40,177 - DEBUG - 局部搜索未能改进当前解
2025-04-08 16:08:40,180 - DEBUG - 执行AGV分配局部搜索，当前完工时间: 2006.00
2025-04-08 16:08:40,184 - DEBUG - AGV分配局部搜索成功！完工时间从 2006.00 降低到 1998.00，改进: 8.00 (0.40%)
2025-04-08 16:08:40,187 - DEBUG - 执行AGV分配局部搜索，当前完工时间: 2012.00
2025-04-08 16:08:40,192 - DEBUG - 局部搜索未能改进当前解
2025-04-08 16:08:40,194 - DEBUG - 执行AGV分配局部搜索，当前完工时间: 2005.00
2025-04-08 16:08:40,198 - DEBUG - 局部搜索未能改进当前解
2025-04-08 16:08:40,202 - DEBUG - 执行AGV分配局部搜索，当前完工时间: 2072.00
2025-04-08 16:08:40,206 - DEBUG - 局部搜索未能改进当前解
2025-04-08 16:08:40,210 - DEBUG - 执行AGV分配局部搜索，当前完工时间: 1997.00
2025-04-08 16:08:40,214 - DEBUG - 局部搜索未能改进当前解
2025-04-08 16:08:40,217 - DEBUG - 执行AGV分配局部搜索，当前完工时间: 2005.00
2025-04-08 16:08:40,220 - DEBUG - 局部搜索未能改进当前解
2025-04-08 16:08:40,224 - DEBUG - 执行AGV分配局部搜索，当前完工时间: 2068.00
2025-04-08 16:08:40,228 - DEBUG - 局部搜索未能改进当前解
2025-04-08 16:08:40,232 - DEBUG - 执行AGV分配局部搜索，当前完工时间: 1983.00
2025-04-08 16:08:40,235 - DEBUG - 局部搜索未能改进当前解
2025-04-08 16:08:40,240 - DEBUG - 执行AGV分配局部搜索，当前完工时间: 2056.00
2025-04-08 16:08:40,243 - DEBUG - 局部搜索未能改进当前解
2025-04-08 16:08:40,247 - DEBUG - 执行AGV分配局部搜索，当前完工时间: 2022.00
2025-04-08 16:08:40,250 - DEBUG - 局部搜索未能改进当前解
2025-04-08 16:08:40,254 - DEBUG - 执行AGV分配局部搜索，当前完工时间: 2069.00
2025-04-08 16:08:40,257 - DEBUG - 局部搜索未能改进当前解
2025-04-08 16:08:40,261 - DEBUG - 执行AGV分配局部搜索，当前完工时间: 1928.00
2025-04-08 16:08:40,264 - DEBUG - 局部搜索未能改进当前解
2025-04-08 16:08:40,268 - DEBUG - 执行AGV分配局部搜索，当前完工时间: 2057.00
2025-04-08 16:08:40,271 - DEBUG - 局部搜索未能改进当前解
2025-04-08 16:08:40,276 - DEBUG - 执行AGV分配局部搜索，当前完工时间: 2008.00
2025-04-08 16:08:40,280 - DEBUG - 局部搜索未能改进当前解
2025-04-08 16:08:40,283 - DEBUG - 执行AGV分配局部搜索，当前完工时间: 2015.00
2025-04-08 16:08:40,287 - DEBUG - 局部搜索未能改进当前解
2025-04-08 16:08:40,291 - DEBUG - 执行AGV分配局部搜索，当前完工时间: 1983.00
2025-04-08 16:08:40,294 - DEBUG - 局部搜索未能改进当前解
2025-04-08 16:08:40,299 - DEBUG - 执行AGV分配局部搜索，当前完工时间: 2154.00
2025-04-08 16:08:40,302 - DEBUG - 局部搜索未能改进当前解
2025-04-08 16:08:40,306 - DEBUG - 执行AGV分配局部搜索，当前完工时间: 1998.00
2025-04-08 16:08:40,310 - DEBUG - 局部搜索未能改进当前解
2025-04-08 16:08:40,314 - DEBUG - 执行AGV分配局部搜索，当前完工时间: 2048.00
2025-04-08 16:08:40,317 - DEBUG - 局部搜索未能改进当前解
2025-04-08 16:08:40,321 - DEBUG - 执行AGV分配局部搜索，当前完工时间: 2192.00
2025-04-08 16:08:40,324 - DEBUG - 局部搜索未能改进当前解
2025-04-08 16:08:40,328 - DEBUG - 执行AGV分配局部搜索，当前完工时间: 2140.00
2025-04-08 16:08:40,332 - DEBUG - 局部搜索未能改进当前解
2025-04-08 16:08:40,336 - DEBUG - 执行AGV分配局部搜索，当前完工时间: 2052.00
2025-04-08 16:08:40,340 - DEBUG - 局部搜索未能改进当前解
2025-04-08 16:08:40,343 - DEBUG - 执行AGV分配局部搜索，当前完工时间: 2003.00
2025-04-08 16:08:40,347 - DEBUG - AGV分配局部搜索成功！完工时间从 2003.00 降低到 1998.00，改进: 5.00 (0.25%)
2025-04-08 16:08:40,351 - DEBUG - 执行AGV分配局部搜索，当前完工时间: 2002.00
2025-04-08 16:08:40,354 - DEBUG - 局部搜索未能改进当前解
2025-04-08 16:08:40,358 - DEBUG - 执行AGV分配局部搜索，当前完工时间: 2039.00
2025-04-08 16:08:40,362 - DEBUG - 局部搜索未能改进当前解
2025-04-08 16:08:40,365 - DEBUG - 执行AGV分配局部搜索，当前完工时间: 1961.00
2025-04-08 16:08:40,369 - DEBUG - 局部搜索未能改进当前解
2025-04-08 16:08:40,373 - DEBUG - 执行AGV分配局部搜索，当前完工时间: 2017.00
2025-04-08 16:08:40,376 - DEBUG - 局部搜索未能改进当前解
2025-04-08 16:08:40,380 - DEBUG - 执行AGV分配局部搜索，当前完工时间: 2012.00
2025-04-08 16:08:40,384 - DEBUG - 局部搜索未能改进当前解
2025-04-08 16:08:40,387 - DEBUG - 执行AGV分配局部搜索，当前完工时间: 1954.00
2025-04-08 16:08:40,391 - DEBUG - 局部搜索未能改进当前解
2025-04-08 16:08:40,395 - DEBUG - 执行AGV分配局部搜索，当前完工时间: 1999.00
2025-04-08 16:08:40,399 - DEBUG - 局部搜索未能改进当前解
2025-04-08 16:08:40,402 - DEBUG - 执行AGV分配局部搜索，当前完工时间: 2087.00
2025-04-08 16:08:40,406 - DEBUG - 局部搜索未能改进当前解
2025-04-08 16:08:40,410 - DEBUG - 执行AGV分配局部搜索，当前完工时间: 2020.00
2025-04-08 16:08:40,414 - DEBUG - 局部搜索未能改进当前解
2025-04-08 16:08:40,417 - DEBUG - 执行AGV分配局部搜索，当前完工时间: 1971.00
2025-04-08 16:08:40,420 - DEBUG - 局部搜索未能改进当前解
2025-04-08 16:08:40,425 - DEBUG - 执行AGV分配局部搜索，当前完工时间: 2010.00
2025-04-08 16:08:40,428 - DEBUG - 局部搜索未能改进当前解
2025-04-08 16:08:40,433 - DEBUG - 执行AGV分配局部搜索，当前完工时间: 2098.00
2025-04-08 16:08:40,437 - DEBUG - 局部搜索未能改进当前解
2025-04-08 16:08:40,441 - DEBUG - 执行AGV分配局部搜索，当前完工时间: 2011.00
2025-04-08 16:08:40,444 - DEBUG - 局部搜索未能改进当前解
2025-04-08 16:08:40,449 - DEBUG - 执行AGV分配局部搜索，当前完工时间: 2000.00
2025-04-08 16:08:40,452 - DEBUG - 局部搜索未能改进当前解
2025-04-08 16:08:40,456 - DEBUG - 执行AGV分配局部搜索，当前完工时间: 2001.00
2025-04-08 16:08:40,459 - DEBUG - 局部搜索未能改进当前解
2025-04-08 16:08:40,462 - DEBUG - 执行AGV分配局部搜索，当前完工时间: 2106.00
2025-04-08 16:08:40,466 - DEBUG - 局部搜索未能改进当前解
2025-04-08 16:08:40,471 - DEBUG - 执行AGV分配局部搜索，当前完工时间: 2065.00
2025-04-08 16:08:40,474 - DEBUG - 局部搜索未能改进当前解
2025-04-08 16:08:40,478 - DEBUG - 执行AGV分配局部搜索，当前完工时间: 2055.00
2025-04-08 16:08:40,481 - DEBUG - 局部搜索未能改进当前解
2025-04-08 16:08:40,485 - DEBUG - 执行AGV分配局部搜索，当前完工时间: 1988.00
2025-04-08 16:08:40,489 - DEBUG - AGV分配局部搜索成功！完工时间从 1988.00 降低到 1984.00，改进: 4.00 (0.20%)
2025-04-08 16:08:40,493 - DEBUG - 执行AGV分配局部搜索，当前完工时间: 1974.00
2025-04-08 16:08:40,496 - DEBUG - 局部搜索未能改进当前解
2025-04-08 16:08:40,501 - DEBUG - 执行AGV分配局部搜索，当前完工时间: 2074.00
2025-04-08 16:08:40,505 - DEBUG - 局部搜索未能改进当前解
2025-04-08 16:08:40,508 - DEBUG - 执行AGV分配局部搜索，当前完工时间: 2081.00
2025-04-08 16:08:40,512 - DEBUG - AGV分配局部搜索成功！完工时间从 2081.00 降低到 2079.00，改进: 2.00 (0.10%)
2025-04-08 16:08:40,516 - DEBUG - 执行AGV分配局部搜索，当前完工时间: 2150.00
2025-04-08 16:08:40,520 - DEBUG - 局部搜索未能改进当前解
2025-04-08 16:08:40,523 - DEBUG - 执行AGV分配局部搜索，当前完工时间: 2055.00
2025-04-08 16:08:40,526 - DEBUG - 局部搜索未能改进当前解
2025-04-08 16:08:40,531 - DEBUG - 执行AGV分配局部搜索，当前完工时间: 1993.00
2025-04-08 16:08:40,535 - DEBUG - 局部搜索未能改进当前解
2025-04-08 16:08:40,539 - DEBUG - 执行AGV分配局部搜索，当前完工时间: 2031.00
2025-04-08 16:08:40,543 - DEBUG - 局部搜索未能改进当前解
2025-04-08 16:08:40,547 - DEBUG - 执行AGV分配局部搜索，当前完工时间: 1966.00
2025-04-08 16:08:40,550 - DEBUG - 局部搜索未能改进当前解
2025-04-08 16:08:40,554 - DEBUG - 执行AGV分配局部搜索，当前完工时间: 2114.00
2025-04-08 16:08:40,556 - DEBUG - 局部搜索未能改进当前解
2025-04-08 16:08:40,560 - DEBUG - 执行AGV分配局部搜索，当前完工时间: 2154.00
2025-04-08 16:08:40,566 - DEBUG - AGV分配局部搜索成功！完工时间从 2154.00 降低到 2147.00，改进: 7.00 (0.32%)
2025-04-08 16:08:40,571 - DEBUG - 执行AGV分配局部搜索，当前完工时间: 2006.00
2025-04-08 16:08:40,573 - DEBUG - 局部搜索未能改进当前解
2025-04-08 16:08:40,578 - DEBUG - 执行AGV分配局部搜索，当前完工时间: 1958.00
2025-04-08 16:08:40,581 - DEBUG - 局部搜索未能改进当前解
2025-04-08 16:08:40,581 - DEBUG - ==================================================
2025-04-08 16:08:40,581 - DEBUG - Efficiency Statistics of Local Search :
2025-04-08 16:08:40,581 - DEBUG - Number of attempts: 99
2025-04-08 16:08:40,581 - DEBUG - Average Success Rate: 9.09%
2025-04-08 16:08:40,581 - DEBUG - AGV Local Search Success: 9，Average Improvement: 17.44
2025-04-08 16:08:40,585 - DEBUG - 执行AGV分配局部搜索，当前完工时间: 2050.00
2025-04-08 16:08:40,589 - DEBUG - 局部搜索未能改进当前解
2025-04-08 16:08:40,593 - DEBUG - 执行AGV分配局部搜索，当前完工时间: 1955.00
2025-04-08 16:08:40,597 - DEBUG - 局部搜索未能改进当前解
2025-04-08 16:08:40,601 - DEBUG - 执行AGV分配局部搜索，当前完工时间: 2097.00
2025-04-08 16:08:40,605 - DEBUG - 局部搜索未能改进当前解
2025-04-08 16:08:40,609 - DEBUG - 执行AGV分配局部搜索，当前完工时间: 2006.00
2025-04-08 16:08:40,612 - DEBUG - 局部搜索未能改进当前解
2025-04-08 16:08:40,617 - DEBUG - 执行AGV分配局部搜索，当前完工时间: 1950.00
2025-04-08 16:08:40,620 - DEBUG - 局部搜索未能改进当前解
2025-04-08 16:08:40,624 - DEBUG - 执行AGV分配局部搜索，当前完工时间: 2001.00
2025-04-08 16:08:40,628 - DEBUG - 局部搜索未能改进当前解
2025-04-08 16:08:40,632 - DEBUG - 执行AGV分配局部搜索，当前完工时间: 2026.00
2025-04-08 16:08:40,635 - DEBUG - AGV分配局部搜索成功！完工时间从 2026.00 降低到 1989.00，改进: 37.00 (1.83%)
2025-04-08 16:08:40,638 - DEBUG - 执行AGV分配局部搜索，当前完工时间: 2134.00
2025-04-08 16:08:40,643 - DEBUG - AGV分配局部搜索成功！完工时间从 2134.00 降低到 2130.00，改进: 4.00 (0.19%)
2025-04-08 16:08:40,647 - DEBUG - 执行AGV分配局部搜索，当前完工时间: 1953.00
2025-04-08 16:08:40,650 - DEBUG - 局部搜索未能改进当前解
2025-04-08 16:08:40,654 - DEBUG - 执行AGV分配局部搜索，当前完工时间: 2043.00
2025-04-08 16:08:40,658 - DEBUG - 局部搜索未能改进当前解
2025-04-08 16:08:40,662 - DEBUG - 执行AGV分配局部搜索，当前完工时间: 2019.00
2025-04-08 16:08:40,666 - DEBUG - 局部搜索未能改进当前解
2025-04-08 16:08:40,669 - DEBUG - 执行AGV分配局部搜索，当前完工时间: 1947.00
2025-04-08 16:08:40,673 - DEBUG - AGV分配局部搜索成功！完工时间从 1947.00 降低到 1926.00，改进: 21.00 (1.08%)
2025-04-08 16:08:40,676 - DEBUG - 执行AGV分配局部搜索，当前完工时间: 2035.00
2025-04-08 16:08:40,681 - DEBUG - 局部搜索未能改进当前解
2025-04-08 16:08:40,684 - DEBUG - 执行AGV分配局部搜索，当前完工时间: 1981.00
2025-04-08 16:08:40,687 - DEBUG - 局部搜索未能改进当前解
2025-04-08 16:08:40,692 - DEBUG - 执行AGV分配局部搜索，当前完工时间: 1998.00
2025-04-08 16:08:40,695 - DEBUG - AGV分配局部搜索成功！完工时间从 1998.00 降低到 1977.00，改进: 21.00 (1.05%)
2025-04-08 16:08:40,699 - DEBUG - 执行AGV分配局部搜索，当前完工时间: 2148.00
2025-04-08 16:08:40,703 - DEBUG - 局部搜索未能改进当前解
2025-04-08 16:08:40,710 - DEBUG - 执行AGV分配局部搜索，当前完工时间: 1998.00
2025-04-08 16:08:40,712 - DEBUG - AGV分配局部搜索成功！完工时间从 1998.00 降低到 1989.00，改进: 9.00 (0.45%)
2025-04-08 16:08:40,721 - DEBUG - 执行AGV分配局部搜索，当前完工时间: 1960.00
2025-04-08 16:08:40,724 - DEBUG - 局部搜索未能改进当前解
2025-04-08 16:08:40,728 - DEBUG - 执行AGV分配局部搜索，当前完工时间: 1981.00
2025-04-08 16:08:40,732 - DEBUG - 局部搜索未能改进当前解
2025-04-08 16:08:40,736 - DEBUG - 执行AGV分配局部搜索，当前完工时间: 2137.00
2025-04-08 16:08:40,739 - DEBUG - 局部搜索未能改进当前解
2025-04-08 16:08:40,743 - DEBUG - 执行AGV分配局部搜索，当前完工时间: 1959.00
2025-04-08 16:08:40,745 - DEBUG - 局部搜索未能改进当前解
2025-04-08 16:08:40,751 - DEBUG - 执行AGV分配局部搜索，当前完工时间: 2055.00
2025-04-08 16:08:40,754 - DEBUG - AGV分配局部搜索成功！完工时间从 2055.00 降低到 2024.00，改进: 31.00 (1.51%)
2025-04-08 16:08:40,758 - DEBUG - 执行AGV分配局部搜索，当前完工时间: 2017.00
2025-04-08 16:08:40,762 - DEBUG - 局部搜索未能改进当前解
2025-04-08 16:08:40,766 - DEBUG - 执行AGV分配局部搜索，当前完工时间: 1994.00
2025-04-08 16:08:40,769 - DEBUG - 局部搜索未能改进当前解
2025-04-08 16:08:40,772 - DEBUG - 执行AGV分配局部搜索，当前完工时间: 2032.00
2025-04-08 16:08:40,776 - DEBUG - AGV分配局部搜索成功！完工时间从 2032.00 降低到 2017.00，改进: 15.00 (0.74%)
2025-04-08 16:08:40,780 - DEBUG - 执行AGV分配局部搜索，当前完工时间: 1998.00
2025-04-08 16:08:40,784 - DEBUG - 局部搜索未能改进当前解
2025-04-08 16:08:40,788 - DEBUG - 执行AGV分配局部搜索，当前完工时间: 2057.00
2025-04-08 16:08:40,791 - DEBUG - AGV分配局部搜索成功！完工时间从 2057.00 降低到 2035.00，改进: 22.00 (1.07%)
2025-04-08 16:08:40,794 - DEBUG - 执行AGV分配局部搜索，当前完工时间: 1988.00
2025-04-08 16:08:40,799 - DEBUG - 局部搜索未能改进当前解
2025-04-08 16:08:40,802 - DEBUG - 执行AGV分配局部搜索，当前完工时间: 1983.00
2025-04-08 16:08:40,806 - DEBUG - 局部搜索未能改进当前解
2025-04-08 16:08:40,810 - DEBUG - 执行AGV分配局部搜索，当前完工时间: 2012.00
2025-04-08 16:08:40,813 - DEBUG - 局部搜索未能改进当前解
2025-04-08 16:08:40,817 - DEBUG - 执行AGV分配局部搜索，当前完工时间: 2002.00
2025-04-08 16:08:40,821 - DEBUG - 局部搜索未能改进当前解
2025-04-08 16:08:40,824 - DEBUG - 执行AGV分配局部搜索，当前完工时间: 1971.00
2025-04-08 16:08:40,828 - DEBUG - 局部搜索未能改进当前解
2025-04-08 16:08:40,832 - DEBUG - 执行AGV分配局部搜索，当前完工时间: 1941.00
2025-04-08 16:08:40,835 - DEBUG - 局部搜索未能改进当前解
2025-04-08 16:08:40,839 - DEBUG - 执行AGV分配局部搜索，当前完工时间: 1976.00
2025-04-08 16:08:40,842 - DEBUG - 局部搜索未能改进当前解
2025-04-08 16:08:40,845 - DEBUG - 执行AGV分配局部搜索，当前完工时间: 2005.00
2025-04-08 16:08:40,850 - DEBUG - 局部搜索未能改进当前解
2025-04-08 16:08:40,853 - DEBUG - 执行AGV分配局部搜索，当前完工时间: 2114.00
2025-04-08 16:08:40,857 - DEBUG - AGV分配局部搜索成功！完工时间从 2114.00 降低到 2085.00，改进: 29.00 (1.37%)
2025-04-08 16:08:40,860 - DEBUG - 执行AGV分配局部搜索，当前完工时间: 2050.00
2025-04-08 16:08:40,864 - DEBUG - AGV分配局部搜索成功！完工时间从 2050.00 降低到 2033.00，改进: 17.00 (0.83%)
2025-04-08 16:08:40,868 - DEBUG - 执行AGV分配局部搜索，当前完工时间: 1933.00
2025-04-08 16:08:40,871 - DEBUG - 局部搜索未能改进当前解
2025-04-08 16:08:40,876 - DEBUG - 执行AGV分配局部搜索，当前完工时间: 1955.00
2025-04-08 16:08:40,879 - DEBUG - 局部搜索未能改进当前解
2025-04-08 16:08:40,883 - DEBUG - 执行AGV分配局部搜索，当前完工时间: 2014.00
2025-04-08 16:08:40,887 - DEBUG - AGV分配局部搜索成功！完工时间从 2014.00 降低到 1982.00，改进: 32.00 (1.59%)
2025-04-08 16:08:40,892 - DEBUG - 执行AGV分配局部搜索，当前完工时间: 2025.00
2025-04-08 16:08:40,896 - DEBUG - AGV分配局部搜索成功！完工时间从 2025.00 降低到 2011.00，改进: 14.00 (0.69%)
2025-04-08 16:08:40,899 - DEBUG - 执行AGV分配局部搜索，当前完工时间: 1965.00
2025-04-08 16:08:40,903 - DEBUG - 局部搜索未能改进当前解
2025-04-08 16:08:40,906 - DEBUG - 执行AGV分配局部搜索，当前完工时间: 2055.00
2025-04-08 16:08:40,910 - DEBUG - 局部搜索未能改进当前解
2025-04-08 16:08:40,912 - DEBUG - 执行AGV分配局部搜索，当前完工时间: 1989.00
2025-04-08 16:08:40,917 - DEBUG - AGV分配局部搜索成功！完工时间从 1989.00 降低到 1932.00，改进: 57.00 (2.87%)
2025-04-08 16:08:40,920 - DEBUG - 执行AGV分配局部搜索，当前完工时间: 1983.00
2025-04-08 16:08:40,923 - DEBUG - 局部搜索未能改进当前解
2025-04-08 16:08:40,927 - DEBUG - 执行AGV分配局部搜索，当前完工时间: 1984.00
2025-04-08 16:08:40,931 - DEBUG - 局部搜索未能改进当前解
2025-04-08 16:08:40,935 - DEBUG - 执行AGV分配局部搜索，当前完工时间: 2028.00
2025-04-08 16:08:40,939 - DEBUG - 局部搜索未能改进当前解
2025-04-08 16:08:40,943 - DEBUG - 执行AGV分配局部搜索，当前完工时间: 1958.00
2025-04-08 16:08:40,946 - DEBUG - 局部搜索未能改进当前解
2025-04-08 16:08:40,949 - DEBUG - 执行AGV分配局部搜索，当前完工时间: 1975.00
2025-04-08 16:08:40,953 - DEBUG - 局部搜索未能改进当前解
2025-04-08 16:08:40,958 - DEBUG - 执行AGV分配局部搜索，当前完工时间: 2058.00
2025-04-08 16:08:40,961 - DEBUG - 局部搜索未能改进当前解
2025-04-08 16:08:40,964 - DEBUG - 执行AGV分配局部搜索，当前完工时间: 1983.00
2025-04-08 16:08:40,969 - DEBUG - AGV分配局部搜索成功！完工时间从 1983.00 降低到 1966.00，改进: 17.00 (0.86%)
2025-04-08 16:08:40,972 - DEBUG - 执行AGV分配局部搜索，当前完工时间: 2012.00
2025-04-08 16:08:40,976 - DEBUG - 局部搜索未能改进当前解
2025-04-08 16:08:40,980 - DEBUG - 执行AGV分配局部搜索，当前完工时间: 2109.00
2025-04-08 16:08:40,984 - DEBUG - 局部搜索未能改进当前解
2025-04-08 16:08:40,987 - DEBUG - 执行AGV分配局部搜索，当前完工时间: 1978.00
2025-04-08 16:08:40,991 - DEBUG - 局部搜索未能改进当前解
2025-04-08 16:08:40,995 - DEBUG - 执行AGV分配局部搜索，当前完工时间: 1979.00
2025-04-08 16:08:40,999 - DEBUG - 局部搜索未能改进当前解
2025-04-08 16:08:41,003 - DEBUG - 执行AGV分配局部搜索，当前完工时间: 1937.00
2025-04-08 16:08:41,007 - DEBUG - 局部搜索未能改进当前解
2025-04-08 16:08:41,011 - DEBUG - 执行AGV分配局部搜索，当前完工时间: 2232.00
2025-04-08 16:08:41,014 - DEBUG - 局部搜索未能改进当前解
2025-04-08 16:08:41,018 - DEBUG - 执行AGV分配局部搜索，当前完工时间: 2136.00
2025-04-08 16:08:41,021 - DEBUG - AGV分配局部搜索成功！完工时间从 2136.00 降低到 2076.00，改进: 60.00 (2.81%)
2025-04-08 16:08:41,025 - DEBUG - 执行AGV分配局部搜索，当前完工时间: 1961.00
2025-04-08 16:08:41,029 - DEBUG - AGV分配局部搜索成功！完工时间从 1961.00 降低到 1947.00，改进: 14.00 (0.71%)
2025-04-08 16:08:41,033 - DEBUG - 执行AGV分配局部搜索，当前完工时间: 2160.00
2025-04-08 16:08:41,036 - DEBUG - 局部搜索未能改进当前解
2025-04-08 16:08:41,040 - DEBUG - 执行AGV分配局部搜索，当前完工时间: 2076.00
2025-04-08 16:08:41,044 - DEBUG - 局部搜索未能改进当前解
2025-04-08 16:08:41,047 - DEBUG - 执行AGV分配局部搜索，当前完工时间: 2123.00
2025-04-08 16:08:41,051 - DEBUG - AGV分配局部搜索成功！完工时间从 2123.00 降低到 2085.00，改进: 38.00 (1.79%)
2025-04-08 16:08:41,055 - DEBUG - 执行AGV分配局部搜索，当前完工时间: 1963.00
2025-04-08 16:08:41,058 - DEBUG - 局部搜索未能改进当前解
2025-04-08 16:08:41,062 - DEBUG - 执行AGV分配局部搜索，当前完工时间: 2012.00
2025-04-08 16:08:41,066 - DEBUG - 局部搜索未能改进当前解
2025-04-08 16:08:41,069 - DEBUG - 执行AGV分配局部搜索，当前完工时间: 2010.00
2025-04-08 16:08:41,072 - DEBUG - 局部搜索未能改进当前解
2025-04-08 16:08:41,077 - DEBUG - 执行AGV分配局部搜索，当前完工时间: 2012.00
2025-04-08 16:08:41,080 - DEBUG - 局部搜索未能改进当前解
2025-04-08 16:08:41,084 - DEBUG - 执行AGV分配局部搜索，当前完工时间: 1966.00
2025-04-08 16:08:41,087 - DEBUG - 局部搜索未能改进当前解
2025-04-08 16:08:41,092 - DEBUG - 执行AGV分配局部搜索，当前完工时间: 2021.00
2025-04-08 16:08:41,095 - DEBUG - 局部搜索未能改进当前解
2025-04-08 16:08:41,099 - DEBUG - 执行AGV分配局部搜索，当前完工时间: 1977.00
2025-04-08 16:08:41,102 - DEBUG - 局部搜索未能改进当前解
2025-04-08 16:08:41,106 - DEBUG - 执行AGV分配局部搜索，当前完工时间: 2005.00
2025-04-08 16:08:41,110 - DEBUG - 局部搜索未能改进当前解
2025-04-08 16:08:41,114 - DEBUG - 执行AGV分配局部搜索，当前完工时间: 2047.00
2025-04-08 16:08:41,118 - DEBUG - 局部搜索未能改进当前解
2025-04-08 16:08:41,120 - DEBUG - 执行AGV分配局部搜索，当前完工时间: 1983.00
2025-04-08 16:08:41,124 - DEBUG - 局部搜索未能改进当前解
2025-04-08 16:08:41,129 - DEBUG - 执行AGV分配局部搜索，当前完工时间: 2019.00
2025-04-08 16:08:41,132 - DEBUG - 局部搜索未能改进当前解
2025-04-08 16:08:41,136 - DEBUG - 执行AGV分配局部搜索，当前完工时间: 1990.00
2025-04-08 16:08:41,140 - DEBUG - 局部搜索未能改进当前解
2025-04-08 16:08:41,144 - DEBUG - 执行AGV分配局部搜索，当前完工时间: 2013.00
2025-04-08 16:08:41,148 - DEBUG - 局部搜索未能改进当前解
2025-04-08 16:08:41,152 - DEBUG - 执行AGV分配局部搜索，当前完工时间: 2051.00
2025-04-08 16:08:41,156 - DEBUG - 局部搜索未能改进当前解
2025-04-08 16:08:41,159 - DEBUG - 执行AGV分配局部搜索，当前完工时间: 2082.00
2025-04-08 16:08:41,162 - DEBUG - 局部搜索未能改进当前解
2025-04-08 16:08:41,166 - DEBUG - 执行AGV分配局部搜索，当前完工时间: 1892.00
2025-04-08 16:08:41,170 - DEBUG - 局部搜索未能改进当前解
2025-04-08 16:08:41,175 - DEBUG - 执行AGV分配局部搜索，当前完工时间: 2111.00
2025-04-08 16:08:41,179 - DEBUG - 局部搜索未能改进当前解
2025-04-08 16:08:41,182 - DEBUG - 执行AGV分配局部搜索，当前完工时间: 2074.00
2025-04-08 16:08:41,186 - DEBUG - 局部搜索未能改进当前解
2025-04-08 16:08:41,190 - DEBUG - 执行AGV分配局部搜索，当前完工时间: 2030.00
2025-04-08 16:08:41,193 - DEBUG - AGV分配局部搜索成功！完工时间从 2030.00 降低到 2000.00，改进: 30.00 (1.48%)
2025-04-08 16:08:41,197 - DEBUG - 执行AGV分配局部搜索，当前完工时间: 1969.00
2025-04-08 16:08:41,200 - DEBUG - 局部搜索未能改进当前解
2025-04-08 16:08:41,204 - DEBUG - 执行AGV分配局部搜索，当前完工时间: 2017.00
2025-04-08 16:08:41,208 - DEBUG - 局部搜索未能改进当前解
2025-04-08 16:08:41,212 - DEBUG - 执行AGV分配局部搜索，当前完工时间: 1986.00
2025-04-08 16:08:41,216 - DEBUG - 局部搜索未能改进当前解
2025-04-08 16:08:41,220 - DEBUG - 执行AGV分配局部搜索，当前完工时间: 1960.00
2025-04-08 16:08:41,224 - DEBUG - 局部搜索未能改进当前解
2025-04-08 16:08:41,226 - DEBUG - 执行AGV分配局部搜索，当前完工时间: 2114.00
2025-04-08 16:08:41,231 - DEBUG - 局部搜索未能改进当前解
2025-04-08 16:08:41,235 - DEBUG - 执行AGV分配局部搜索，当前完工时间: 2000.00
2025-04-08 16:08:41,239 - DEBUG - 局部搜索未能改进当前解
2025-04-08 16:08:41,242 - DEBUG - 执行AGV分配局部搜索，当前完工时间: 1955.00
2025-04-08 16:08:41,245 - DEBUG - AGV分配局部搜索成功！完工时间从 1955.00 降低到 1945.00，改进: 10.00 (0.51%)
2025-04-08 16:08:41,250 - DEBUG - 执行AGV分配局部搜索，当前完工时间: 1985.00
2025-04-08 16:08:41,253 - DEBUG - 局部搜索未能改进当前解
2025-04-08 16:08:41,257 - DEBUG - 执行AGV分配局部搜索，当前完工时间: 2003.00
2025-04-08 16:08:41,261 - DEBUG - AGV分配局部搜索成功！完工时间从 2003.00 降低到 1978.00，改进: 25.00 (1.25%)
2025-04-08 16:08:41,264 - DEBUG - 执行AGV分配局部搜索，当前完工时间: 2070.00
2025-04-08 16:08:41,268 - DEBUG - 局部搜索未能改进当前解
2025-04-08 16:08:41,272 - DEBUG - 执行AGV分配局部搜索，当前完工时间: 1986.00
2025-04-08 16:08:41,276 - DEBUG - 局部搜索未能改进当前解
2025-04-08 16:08:41,280 - DEBUG - 执行AGV分配局部搜索，当前完工时间: 2059.00
2025-04-08 16:08:41,283 - DEBUG - 局部搜索未能改进当前解
2025-04-08 16:08:41,287 - DEBUG - 执行AGV分配局部搜索，当前完工时间: 2060.00
2025-04-08 16:08:41,289 - DEBUG - 局部搜索未能改进当前解
2025-04-08 16:08:41,294 - DEBUG - 执行AGV分配局部搜索，当前完工时间: 1944.00
2025-04-08 16:08:41,297 - DEBUG - AGV分配局部搜索成功！完工时间从 1944.00 降低到 1930.00，改进: 14.00 (0.72%)
2025-04-08 16:08:41,301 - DEBUG - 执行AGV分配局部搜索，当前完工时间: 2016.00
2025-04-08 16:08:41,304 - DEBUG - 局部搜索未能改进当前解
2025-04-08 16:08:41,309 - DEBUG - 执行AGV分配局部搜索，当前完工时间: 2219.00
2025-04-08 16:08:41,312 - DEBUG - AGV分配局部搜索成功！完工时间从 2219.00 降低到 2193.00，改进: 26.00 (1.17%)
2025-04-08 16:08:41,316 - DEBUG - 执行AGV分配局部搜索，当前完工时间: 1993.00
2025-04-08 16:08:41,320 - DEBUG - AGV分配局部搜索成功！完工时间从 1993.00 降低到 1969.00，改进: 24.00 (1.20%)
2025-04-08 16:08:41,325 - DEBUG - 执行AGV分配局部搜索，当前完工时间: 1993.00
2025-04-08 16:08:41,328 - DEBUG - AGV分配局部搜索成功！完工时间从 1993.00 降低到 1970.00，改进: 23.00 (1.15%)
2025-04-08 16:08:41,328 - DEBUG - ==================================================
2025-04-08 16:08:41,328 - DEBUG - Efficiency Statistics of Local Search :
2025-04-08 16:08:41,328 - DEBUG - Number of attempts: 99
2025-04-08 16:08:41,328 - DEBUG - Average Success Rate: 24.24%
2025-04-08 16:08:41,328 - DEBUG - AGV Local Search Success: 24，Average Improvement: 24.58
2025-04-08 16:08:41,332 - DEBUG - 执行AGV分配局部搜索，当前完工时间: 1870.00
2025-04-08 16:08:41,336 - DEBUG - 局部搜索未能改进当前解
2025-04-08 16:08:41,340 - DEBUG - 执行AGV分配局部搜索，当前完工时间: 1934.00
2025-04-08 16:08:41,345 - DEBUG - 局部搜索未能改进当前解
2025-04-08 16:08:41,347 - DEBUG - 执行AGV分配局部搜索，当前完工时间: 1900.00
2025-04-08 16:08:41,352 - DEBUG - 局部搜索未能改进当前解
2025-04-08 16:08:41,356 - DEBUG - 执行AGV分配局部搜索，当前完工时间: 1921.00
2025-04-08 16:08:41,359 - DEBUG - 局部搜索未能改进当前解
2025-04-08 16:08:41,363 - DEBUG - 执行AGV分配局部搜索，当前完工时间: 2052.00
2025-04-08 16:08:41,368 - DEBUG - 局部搜索未能改进当前解
2025-04-08 16:08:41,372 - DEBUG - 执行AGV分配局部搜索，当前完工时间: 1960.00
2025-04-08 16:08:41,375 - DEBUG - AGV分配局部搜索成功！完工时间从 1960.00 降低到 1945.00，改进: 15.00 (0.77%)
2025-04-08 16:08:41,380 - DEBUG - 执行AGV分配局部搜索，当前完工时间: 1984.00
2025-04-08 16:08:41,383 - DEBUG - AGV分配局部搜索成功！完工时间从 1984.00 降低到 1976.00，改进: 8.00 (0.40%)
2025-04-08 16:08:41,387 - DEBUG - 执行AGV分配局部搜索，当前完工时间: 2020.00
2025-04-08 16:08:41,391 - DEBUG - 局部搜索未能改进当前解
2025-04-08 16:08:41,394 - DEBUG - 执行AGV分配局部搜索，当前完工时间: 2043.00
2025-04-08 16:08:41,398 - DEBUG - 局部搜索未能改进当前解
2025-04-08 16:08:41,402 - DEBUG - 执行AGV分配局部搜索，当前完工时间: 1948.00
2025-04-08 16:08:41,405 - DEBUG - 局部搜索未能改进当前解
2025-04-08 16:08:41,410 - DEBUG - 执行AGV分配局部搜索，当前完工时间: 1997.00
2025-04-08 16:08:41,414 - DEBUG - 局部搜索未能改进当前解
2025-04-08 16:08:41,418 - DEBUG - 执行AGV分配局部搜索，当前完工时间: 1977.00
2025-04-08 16:08:41,421 - DEBUG - 局部搜索未能改进当前解
2025-04-08 16:08:41,425 - DEBUG - 执行AGV分配局部搜索，当前完工时间: 2096.00
2025-04-08 16:08:41,429 - DEBUG - 局部搜索未能改进当前解
2025-04-08 16:08:41,433 - DEBUG - 执行AGV分配局部搜索，当前完工时间: 1950.00
2025-04-08 16:08:41,436 - DEBUG - 局部搜索未能改进当前解
2025-04-08 16:08:41,440 - DEBUG - 执行AGV分配局部搜索，当前完工时间: 1934.00
2025-04-08 16:08:41,443 - DEBUG - 局部搜索未能改进当前解
2025-04-08 16:08:41,447 - DEBUG - 执行AGV分配局部搜索，当前完工时间: 1953.00
2025-04-08 16:08:41,451 - DEBUG - 局部搜索未能改进当前解
2025-04-08 16:08:41,455 - DEBUG - 执行AGV分配局部搜索，当前完工时间: 2119.00
2025-04-08 16:08:41,458 - DEBUG - 局部搜索未能改进当前解
2025-04-08 16:08:41,462 - DEBUG - 执行AGV分配局部搜索，当前完工时间: 2088.00
2025-04-08 16:08:41,466 - DEBUG - 局部搜索未能改进当前解
2025-04-08 16:08:41,469 - DEBUG - 执行AGV分配局部搜索，当前完工时间: 2001.00
2025-04-08 16:08:41,473 - DEBUG - 局部搜索未能改进当前解
2025-04-08 16:08:41,476 - DEBUG - 执行AGV分配局部搜索，当前完工时间: 2016.00
2025-04-08 16:08:41,481 - DEBUG - 局部搜索未能改进当前解
2025-04-08 16:08:41,485 - DEBUG - 执行AGV分配局部搜索，当前完工时间: 2033.00
2025-04-08 16:08:41,488 - DEBUG - 局部搜索未能改进当前解
2025-04-08 16:08:41,493 - DEBUG - 执行AGV分配局部搜索，当前完工时间: 1962.00
2025-04-08 16:08:41,497 - DEBUG - 局部搜索未能改进当前解
2025-04-08 16:08:41,500 - DEBUG - 执行AGV分配局部搜索，当前完工时间: 1945.00
2025-04-08 16:08:41,504 - DEBUG - 局部搜索未能改进当前解
2025-04-08 16:08:41,507 - DEBUG - 执行AGV分配局部搜索，当前完工时间: 2040.00
2025-04-08 16:08:41,510 - DEBUG - AGV分配局部搜索成功！完工时间从 2040.00 降低到 2017.00，改进: 23.00 (1.13%)
2025-04-08 16:08:41,514 - DEBUG - 执行AGV分配局部搜索，当前完工时间: 1953.00
2025-04-08 16:08:41,518 - DEBUG - 局部搜索未能改进当前解
2025-04-08 16:08:41,522 - DEBUG - 执行AGV分配局部搜索，当前完工时间: 1945.00
2025-04-08 16:08:41,526 - DEBUG - 局部搜索未能改进当前解
2025-04-08 16:08:41,530 - DEBUG - 执行AGV分配局部搜索，当前完工时间: 1940.00
2025-04-08 16:08:41,534 - DEBUG - AGV分配局部搜索成功！完工时间从 1940.00 降低到 1914.00，改进: 26.00 (1.34%)
2025-04-08 16:08:41,537 - DEBUG - 执行AGV分配局部搜索，当前完工时间: 1979.00
2025-04-08 16:08:41,541 - DEBUG - 局部搜索未能改进当前解
2025-04-08 16:08:41,545 - DEBUG - 执行AGV分配局部搜索，当前完工时间: 1948.00
2025-04-08 16:08:41,547 - DEBUG - 局部搜索未能改进当前解
2025-04-08 16:08:41,552 - DEBUG - 执行AGV分配局部搜索，当前完工时间: 1949.00
2025-04-08 16:08:41,555 - DEBUG - 局部搜索未能改进当前解
2025-04-08 16:08:41,559 - DEBUG - 执行AGV分配局部搜索，当前完工时间: 2005.00
2025-04-08 16:08:41,563 - DEBUG - 局部搜索未能改进当前解
2025-04-08 16:08:41,566 - DEBUG - 执行AGV分配局部搜索，当前完工时间: 1981.00
2025-04-08 16:08:41,569 - DEBUG - 局部搜索未能改进当前解
2025-04-08 16:08:41,573 - DEBUG - 执行AGV分配局部搜索，当前完工时间: 1996.00
2025-04-08 16:08:41,577 - DEBUG - 局部搜索未能改进当前解
2025-04-08 16:08:41,581 - DEBUG - 执行AGV分配局部搜索，当前完工时间: 2104.00
2025-04-08 16:08:41,585 - DEBUG - 局部搜索未能改进当前解
2025-04-08 16:08:41,589 - DEBUG - 执行AGV分配局部搜索，当前完工时间: 1960.00
2025-04-08 16:08:41,592 - DEBUG - 局部搜索未能改进当前解
2025-04-08 16:08:41,596 - DEBUG - 执行AGV分配局部搜索，当前完工时间: 2074.00
2025-04-08 16:08:41,600 - DEBUG - 局部搜索未能改进当前解
2025-04-08 16:08:41,603 - DEBUG - 执行AGV分配局部搜索，当前完工时间: 2017.00
2025-04-08 16:08:41,606 - DEBUG - 局部搜索未能改进当前解
2025-04-08 16:08:41,610 - DEBUG - 执行AGV分配局部搜索，当前完工时间: 2018.00
2025-04-08 16:08:41,614 - DEBUG - 局部搜索未能改进当前解
2025-04-08 16:08:41,618 - DEBUG - 执行AGV分配局部搜索，当前完工时间: 1960.00
2025-04-08 16:08:41,622 - DEBUG - 局部搜索未能改进当前解
2025-04-08 16:08:41,625 - DEBUG - 执行AGV分配局部搜索，当前完工时间: 2074.00
2025-04-08 16:08:41,629 - DEBUG - 局部搜索未能改进当前解
2025-04-08 16:08:41,632 - DEBUG - 执行AGV分配局部搜索，当前完工时间: 1948.00
2025-04-08 16:08:41,636 - DEBUG - 局部搜索未能改进当前解
2025-04-08 16:08:41,640 - DEBUG - 执行AGV分配局部搜索，当前完工时间: 1993.00
2025-04-08 16:08:41,643 - DEBUG - 局部搜索未能改进当前解
2025-04-08 16:08:41,647 - DEBUG - 执行AGV分配局部搜索，当前完工时间: 1985.00
2025-04-08 16:08:41,650 - DEBUG - 局部搜索未能改进当前解
2025-04-08 16:08:41,654 - DEBUG - 执行AGV分配局部搜索，当前完工时间: 2038.00
2025-04-08 16:08:41,657 - DEBUG - 局部搜索未能改进当前解
2025-04-08 16:08:41,662 - DEBUG - 执行AGV分配局部搜索，当前完工时间: 2030.00
2025-04-08 16:08:41,666 - DEBUG - AGV分配局部搜索成功！完工时间从 2030.00 降低到 1995.00，改进: 35.00 (1.72%)
2025-04-08 16:08:41,669 - DEBUG - 执行AGV分配局部搜索，当前完工时间: 1984.00
2025-04-08 16:08:41,673 - DEBUG - 局部搜索未能改进当前解
2025-04-08 16:08:41,677 - DEBUG - 执行AGV分配局部搜索，当前完工时间: 1936.00
2025-04-08 16:08:41,680 - DEBUG - 局部搜索未能改进当前解
2025-04-08 16:08:41,684 - DEBUG - 执行AGV分配局部搜索，当前完工时间: 2008.00
2025-04-08 16:08:41,687 - DEBUG - 局部搜索未能改进当前解
2025-04-08 16:08:41,690 - DEBUG - 执行AGV分配局部搜索，当前完工时间: 2006.00
2025-04-08 16:08:41,694 - DEBUG - 局部搜索未能改进当前解
2025-04-08 16:08:41,697 - DEBUG - 执行AGV分配局部搜索，当前完工时间: 1958.00
2025-04-08 16:08:41,702 - DEBUG - 局部搜索未能改进当前解
2025-04-08 16:08:41,705 - DEBUG - 执行AGV分配局部搜索，当前完工时间: 1935.00
2025-04-08 16:08:41,709 - DEBUG - 局部搜索未能改进当前解
2025-04-08 16:08:41,712 - DEBUG - 执行AGV分配局部搜索，当前完工时间: 2080.00
2025-04-08 16:08:41,716 - DEBUG - 局部搜索未能改进当前解
2025-04-08 16:08:41,720 - DEBUG - 执行AGV分配局部搜索，当前完工时间: 2004.00
2025-04-08 16:08:41,724 - DEBUG - 局部搜索未能改进当前解
2025-04-08 16:08:41,727 - DEBUG - 执行AGV分配局部搜索，当前完工时间: 2003.00
2025-04-08 16:08:41,730 - DEBUG - 局部搜索未能改进当前解
2025-04-08 16:08:41,735 - DEBUG - 执行AGV分配局部搜索，当前完工时间: 1942.00
2025-04-08 16:08:41,739 - DEBUG - 局部搜索未能改进当前解
2025-04-08 16:08:41,742 - DEBUG - 执行AGV分配局部搜索，当前完工时间: 2046.00
2025-04-08 16:08:41,745 - DEBUG - 局部搜索未能改进当前解
2025-04-08 16:08:41,749 - DEBUG - 执行AGV分配局部搜索，当前完工时间: 2000.00
2025-04-08 16:08:41,753 - DEBUG - 局部搜索未能改进当前解
2025-04-08 16:08:41,756 - DEBUG - 执行AGV分配局部搜索，当前完工时间: 2019.00
2025-04-08 16:08:41,760 - DEBUG - 局部搜索未能改进当前解
2025-04-08 16:08:41,764 - DEBUG - 执行AGV分配局部搜索，当前完工时间: 2008.00
2025-04-08 16:08:41,768 - DEBUG - 局部搜索未能改进当前解
2025-04-08 16:08:41,770 - DEBUG - 执行AGV分配局部搜索，当前完工时间: 1967.00
2025-04-08 16:08:41,774 - DEBUG - 局部搜索未能改进当前解
2025-04-08 16:08:41,779 - DEBUG - 执行AGV分配局部搜索，当前完工时间: 2132.00
2025-04-08 16:08:41,782 - DEBUG - 局部搜索未能改进当前解
2025-04-08 16:08:41,787 - DEBUG - 执行AGV分配局部搜索，当前完工时间: 2054.00
2025-04-08 16:08:41,790 - DEBUG - 局部搜索未能改进当前解
2025-04-08 16:08:41,795 - DEBUG - 执行AGV分配局部搜索，当前完工时间: 2027.00
2025-04-08 16:08:41,798 - DEBUG - 局部搜索未能改进当前解
2025-04-08 16:08:41,802 - DEBUG - 执行AGV分配局部搜索，当前完工时间: 2098.00
2025-04-08 16:08:41,807 - DEBUG - 局部搜索未能改进当前解
2025-04-08 16:08:41,810 - DEBUG - 执行AGV分配局部搜索，当前完工时间: 2113.00
2025-04-08 16:08:41,814 - DEBUG - AGV分配局部搜索成功！完工时间从 2113.00 降低到 2076.00，改进: 37.00 (1.75%)
2025-04-08 16:08:41,816 - DEBUG - 执行AGV分配局部搜索，当前完工时间: 2009.00
2025-04-08 16:08:41,820 - DEBUG - 局部搜索未能改进当前解
2025-04-08 16:08:41,825 - DEBUG - 执行AGV分配局部搜索，当前完工时间: 2035.00
2025-04-08 16:08:41,828 - DEBUG - 局部搜索未能改进当前解
2025-04-08 16:08:41,833 - DEBUG - 执行AGV分配局部搜索，当前完工时间: 2075.00
2025-04-08 16:08:41,836 - DEBUG - 局部搜索未能改进当前解
2025-04-08 16:08:41,841 - DEBUG - 执行AGV分配局部搜索，当前完工时间: 2043.00
2025-04-08 16:08:41,844 - DEBUG - 局部搜索未能改进当前解
2025-04-08 16:08:41,847 - DEBUG - 执行AGV分配局部搜索，当前完工时间: 2085.00
2025-04-08 16:08:41,851 - DEBUG - 局部搜索未能改进当前解
2025-04-08 16:08:41,854 - DEBUG - 执行AGV分配局部搜索，当前完工时间: 2064.00
2025-04-08 16:08:41,860 - DEBUG - 局部搜索未能改进当前解
2025-04-08 16:08:41,864 - DEBUG - 执行AGV分配局部搜索，当前完工时间: 1978.00
2025-04-08 16:08:41,866 - DEBUG - 局部搜索未能改进当前解
2025-04-08 16:08:41,871 - DEBUG - 执行AGV分配局部搜索，当前完工时间: 2156.00
2025-04-08 16:08:41,874 - DEBUG - 局部搜索未能改进当前解
2025-04-08 16:08:41,879 - DEBUG - 执行AGV分配局部搜索，当前完工时间: 1954.00
2025-04-08 16:08:41,882 - DEBUG - 局部搜索未能改进当前解
2025-04-08 16:08:41,885 - DEBUG - 执行AGV分配局部搜索，当前完工时间: 1983.00
2025-04-08 16:08:41,889 - DEBUG - 局部搜索未能改进当前解
2025-04-08 16:08:41,893 - DEBUG - 执行AGV分配局部搜索，当前完工时间: 2096.00
2025-04-08 16:08:41,897 - DEBUG - AGV分配局部搜索成功！完工时间从 2096.00 降低到 2068.00，改进: 28.00 (1.34%)
2025-04-08 16:08:41,901 - DEBUG - 执行AGV分配局部搜索，当前完工时间: 2072.00
2025-04-08 16:08:41,904 - DEBUG - 局部搜索未能改进当前解
2025-04-08 16:08:41,908 - DEBUG - 执行AGV分配局部搜索，当前完工时间: 1996.00
2025-04-08 16:08:41,912 - DEBUG - AGV分配局部搜索成功！完工时间从 1996.00 降低到 1995.00，改进: 1.00 (0.05%)
2025-04-08 16:08:41,915 - DEBUG - 执行AGV分配局部搜索，当前完工时间: 2090.00
2025-04-08 16:08:41,920 - DEBUG - 局部搜索未能改进当前解
2025-04-08 16:08:41,923 - DEBUG - 执行AGV分配局部搜索，当前完工时间: 1955.00
2025-04-08 16:08:41,926 - DEBUG - AGV分配局部搜索成功！完工时间从 1955.00 降低到 1928.00，改进: 27.00 (1.38%)
2025-04-08 16:08:41,931 - DEBUG - 执行AGV分配局部搜索，当前完工时间: 1998.00
2025-04-08 16:08:41,934 - DEBUG - AGV分配局部搜索成功！完工时间从 1998.00 降低到 1988.00，改进: 10.00 (0.50%)
2025-04-08 16:08:41,938 - DEBUG - 执行AGV分配局部搜索，当前完工时间: 2101.00
2025-04-08 16:08:41,941 - DEBUG - 局部搜索未能改进当前解
2025-04-08 16:08:41,945 - DEBUG - 执行AGV分配局部搜索，当前完工时间: 1981.00
2025-04-08 16:08:41,947 - DEBUG - 局部搜索未能改进当前解
2025-04-08 16:08:41,952 - DEBUG - 执行AGV分配局部搜索，当前完工时间: 2093.00
2025-04-08 16:08:41,955 - DEBUG - 局部搜索未能改进当前解
2025-04-08 16:08:41,960 - DEBUG - 执行AGV分配局部搜索，当前完工时间: 2096.00
2025-04-08 16:08:41,964 - DEBUG - AGV分配局部搜索成功！完工时间从 2096.00 降低到 2085.00，改进: 11.00 (0.52%)
2025-04-08 16:08:41,968 - DEBUG - 执行AGV分配局部搜索，当前完工时间: 1960.00
2025-04-08 16:08:41,971 - DEBUG - 局部搜索未能改进当前解
2025-04-08 16:08:41,974 - DEBUG - 执行AGV分配局部搜索，当前完工时间: 1955.00
2025-04-08 16:08:41,978 - DEBUG - 局部搜索未能改进当前解
2025-04-08 16:08:41,982 - DEBUG - 执行AGV分配局部搜索，当前完工时间: 1924.00
2025-04-08 16:08:41,986 - DEBUG - AGV分配局部搜索成功！完工时间从 1924.00 降低到 1908.00，改进: 16.00 (0.83%)
2025-04-08 16:08:41,990 - DEBUG - 执行AGV分配局部搜索，当前完工时间: 1969.00
2025-04-08 16:08:41,994 - DEBUG - 局部搜索未能改进当前解
2025-04-08 16:08:41,997 - DEBUG - 执行AGV分配局部搜索，当前完工时间: 1910.00
2025-04-08 16:08:42,001 - DEBUG - 局部搜索未能改进当前解
2025-04-08 16:08:42,004 - DEBUG - 执行AGV分配局部搜索，当前完工时间: 1961.00
2025-04-08 16:08:42,008 - DEBUG - 局部搜索未能改进当前解
2025-04-08 16:08:42,016 - DEBUG - 执行AGV分配局部搜索，当前完工时间: 1928.00
2025-04-08 16:08:42,020 - DEBUG - 局部搜索未能改进当前解
2025-04-08 16:08:42,024 - DEBUG - 执行AGV分配局部搜索，当前完工时间: 1938.00
2025-04-08 16:08:42,026 - DEBUG - 局部搜索未能改进当前解
2025-04-08 16:08:42,032 - DEBUG - 执行AGV分配局部搜索，当前完工时间: 2011.00
2025-04-08 16:08:42,035 - DEBUG - 局部搜索未能改进当前解
2025-04-08 16:08:42,039 - DEBUG - 执行AGV分配局部搜索，当前完工时间: 1903.00
2025-04-08 16:08:42,042 - DEBUG - 局部搜索未能改进当前解
2025-04-08 16:08:42,045 - DEBUG - 执行AGV分配局部搜索，当前完工时间: 2128.00
2025-04-08 16:08:42,049 - DEBUG - 局部搜索未能改进当前解
2025-04-08 16:08:42,053 - DEBUG - 执行AGV分配局部搜索，当前完工时间: 1970.00
2025-04-08 16:08:42,057 - DEBUG - 局部搜索未能改进当前解
2025-04-08 16:08:42,060 - DEBUG - 执行AGV分配局部搜索，当前完工时间: 2097.00
2025-04-08 16:08:42,064 - DEBUG - 局部搜索未能改进当前解
2025-04-08 16:08:42,067 - DEBUG - 执行AGV分配局部搜索，当前完工时间: 2053.00
2025-04-08 16:08:42,071 - DEBUG - 局部搜索未能改进当前解
2025-04-08 16:08:42,071 - DEBUG - ==================================================
2025-04-08 16:08:42,071 - DEBUG - Efficiency Statistics of Local Search :
2025-04-08 16:08:42,071 - DEBUG - Number of attempts: 99
2025-04-08 16:08:42,071 - DEBUG - Average Success Rate: 12.12%
2025-04-08 16:08:42,071 - DEBUG - AGV Local Search Success: 12，Average Improvement: 19.75
2025-04-08 16:08:42,075 - DEBUG - 执行AGV分配局部搜索，当前完工时间: 1910.00
2025-04-08 16:08:42,080 - DEBUG - 局部搜索未能改进当前解
2025-04-08 16:08:42,083 - DEBUG - 执行AGV分配局部搜索，当前完工时间: 1956.00
2025-04-08 16:08:42,087 - DEBUG - 局部搜索未能改进当前解
2025-04-08 16:08:42,092 - DEBUG - 执行AGV分配局部搜索，当前完工时间: 2027.00
2025-04-08 16:08:42,095 - DEBUG - 局部搜索未能改进当前解
2025-04-08 16:08:42,099 - DEBUG - 执行AGV分配局部搜索，当前完工时间: 2007.00
2025-04-08 16:08:42,103 - DEBUG - 局部搜索未能改进当前解
2025-04-08 16:08:42,107 - DEBUG - 执行AGV分配局部搜索，当前完工时间: 2012.00
2025-04-08 16:08:42,110 - DEBUG - AGV分配局部搜索成功！完工时间从 2012.00 降低到 1999.00，改进: 13.00 (0.65%)
2025-04-08 16:08:42,114 - DEBUG - 执行AGV分配局部搜索，当前完工时间: 2007.00
2025-04-08 16:08:42,118 - DEBUG - AGV分配局部搜索成功！完工时间从 2007.00 降低到 1985.00，改进: 22.00 (1.10%)
2025-04-08 16:08:42,123 - DEBUG - 执行AGV分配局部搜索，当前完工时间: 1955.00
2025-04-08 16:08:42,126 - DEBUG - 局部搜索未能改进当前解
2025-04-08 16:08:42,130 - DEBUG - 执行AGV分配局部搜索，当前完工时间: 1904.00
2025-04-08 16:08:42,133 - DEBUG - 局部搜索未能改进当前解
2025-04-08 16:08:42,138 - DEBUG - 执行AGV分配局部搜索，当前完工时间: 1940.00
2025-04-08 16:08:42,141 - DEBUG - AGV分配局部搜索成功！完工时间从 1940.00 降低到 1926.00，改进: 14.00 (0.72%)
2025-04-08 16:08:42,145 - DEBUG - 执行AGV分配局部搜索，当前完工时间: 1945.00
2025-04-08 16:08:42,149 - DEBUG - 局部搜索未能改进当前解
2025-04-08 16:08:42,153 - DEBUG - 执行AGV分配局部搜索，当前完工时间: 2043.00
2025-04-08 16:08:42,157 - DEBUG - 局部搜索未能改进当前解
2025-04-08 16:08:42,161 - DEBUG - 执行AGV分配局部搜索，当前完工时间: 1938.00
2025-04-08 16:08:42,164 - DEBUG - 局部搜索未能改进当前解
2025-04-08 16:08:42,168 - DEBUG - 执行AGV分配局部搜索，当前完工时间: 1990.00
2025-04-08 16:08:42,170 - DEBUG - 局部搜索未能改进当前解
2025-04-08 16:08:42,176 - DEBUG - 执行AGV分配局部搜索，当前完工时间: 2035.00
2025-04-08 16:08:42,179 - DEBUG - 局部搜索未能改进当前解
2025-04-08 16:08:42,183 - DEBUG - 执行AGV分配局部搜索，当前完工时间: 1908.00
2025-04-08 16:08:42,186 - DEBUG - 局部搜索未能改进当前解
2025-04-08 16:08:42,190 - DEBUG - 执行AGV分配局部搜索，当前完工时间: 2087.00
2025-04-08 16:08:42,194 - DEBUG - 局部搜索未能改进当前解
2025-04-08 16:08:42,197 - DEBUG - 执行AGV分配局部搜索，当前完工时间: 2043.00
2025-04-08 16:08:42,201 - DEBUG - 局部搜索未能改进当前解
2025-04-08 16:08:42,205 - DEBUG - 执行AGV分配局部搜索，当前完工时间: 1960.00
2025-04-08 16:08:42,208 - DEBUG - 局部搜索未能改进当前解
2025-04-08 16:08:42,211 - DEBUG - 执行AGV分配局部搜索，当前完工时间: 1963.00
2025-04-08 16:08:42,216 - DEBUG - 局部搜索未能改进当前解
2025-04-08 16:08:42,219 - DEBUG - 执行AGV分配局部搜索，当前完工时间: 2050.00
2025-04-08 16:08:42,222 - DEBUG - 局部搜索未能改进当前解
2025-04-08 16:08:42,226 - DEBUG - 执行AGV分配局部搜索，当前完工时间: 2024.00
2025-04-08 16:08:42,230 - DEBUG - 局部搜索未能改进当前解
2025-04-08 16:08:42,233 - DEBUG - 执行AGV分配局部搜索，当前完工时间: 1934.00
2025-04-08 16:08:42,237 - DEBUG - 局部搜索未能改进当前解
2025-04-08 16:08:42,241 - DEBUG - 执行AGV分配局部搜索，当前完工时间: 2099.00
2025-04-08 16:08:42,245 - DEBUG - 局部搜索未能改进当前解
2025-04-08 16:08:42,248 - DEBUG - 执行AGV分配局部搜索，当前完工时间: 1988.00
2025-04-08 16:08:42,251 - DEBUG - 局部搜索未能改进当前解
2025-04-08 16:08:42,256 - DEBUG - 执行AGV分配局部搜索，当前完工时间: 1995.00
2025-04-08 16:08:42,259 - DEBUG - 局部搜索未能改进当前解
2025-04-08 16:08:42,263 - DEBUG - 执行AGV分配局部搜索，当前完工时间: 2099.00
2025-04-08 16:08:42,266 - DEBUG - AGV分配局部搜索成功！完工时间从 2099.00 降低到 2076.00，改进: 23.00 (1.10%)
2025-04-08 16:08:42,270 - DEBUG - 执行AGV分配局部搜索，当前完工时间: 2001.00
2025-04-08 16:08:42,274 - DEBUG - 局部搜索未能改进当前解
2025-04-08 16:08:42,277 - DEBUG - 执行AGV分配局部搜索，当前完工时间: 1983.00
2025-04-08 16:08:42,281 - DEBUG - AGV分配局部搜索成功！完工时间从 1983.00 降低到 1979.00，改进: 4.00 (0.20%)
2025-04-08 16:08:42,285 - DEBUG - 执行AGV分配局部搜索，当前完工时间: 1993.00
2025-04-08 16:08:42,289 - DEBUG - AGV分配局部搜索成功！完工时间从 1993.00 降低到 1987.00，改进: 6.00 (0.30%)
2025-04-08 16:08:42,293 - DEBUG - 执行AGV分配局部搜索，当前完工时间: 2125.00
2025-04-08 16:08:42,296 - DEBUG - 局部搜索未能改进当前解
2025-04-08 16:08:42,299 - DEBUG - 执行AGV分配局部搜索，当前完工时间: 1921.00
2025-04-08 16:08:42,302 - DEBUG - 局部搜索未能改进当前解
2025-04-08 16:08:42,307 - DEBUG - 执行AGV分配局部搜索，当前完工时间: 2053.00
2025-04-08 16:08:42,312 - DEBUG - 局部搜索未能改进当前解
2025-04-08 16:08:42,315 - DEBUG - 执行AGV分配局部搜索，当前完工时间: 2000.00
2025-04-08 16:08:42,319 - DEBUG - 局部搜索未能改进当前解
2025-04-08 16:08:42,322 - DEBUG - 执行AGV分配局部搜索，当前完工时间: 1952.00
2025-04-08 16:08:42,327 - DEBUG - 局部搜索未能改进当前解
2025-04-08 16:08:42,330 - DEBUG - 执行AGV分配局部搜索，当前完工时间: 2093.00
2025-04-08 16:08:42,334 - DEBUG - 局部搜索未能改进当前解
2025-04-08 16:08:42,337 - DEBUG - 执行AGV分配局部搜索，当前完工时间: 2031.00
2025-04-08 16:08:42,342 - DEBUG - 局部搜索未能改进当前解
2025-04-08 16:08:42,346 - DEBUG - 执行AGV分配局部搜索，当前完工时间: 1956.00
2025-04-08 16:08:42,348 - DEBUG - 局部搜索未能改进当前解
2025-04-08 16:08:42,352 - DEBUG - 执行AGV分配局部搜索，当前完工时间: 1950.00
2025-04-08 16:08:42,357 - DEBUG - 局部搜索未能改进当前解
2025-04-08 16:08:42,360 - DEBUG - 执行AGV分配局部搜索，当前完工时间: 2019.00
2025-04-08 16:08:42,363 - DEBUG - 局部搜索未能改进当前解
2025-04-08 16:08:42,367 - DEBUG - 执行AGV分配局部搜索，当前完工时间: 2009.00
2025-04-08 16:08:42,371 - DEBUG - 局部搜索未能改进当前解
2025-04-08 16:08:42,375 - DEBUG - 执行AGV分配局部搜索，当前完工时间: 1968.00
2025-04-08 16:08:42,378 - DEBUG - 局部搜索未能改进当前解
2025-04-08 16:08:42,382 - DEBUG - 执行AGV分配局部搜索，当前完工时间: 1935.00
2025-04-08 16:08:42,385 - DEBUG - AGV分配局部搜索成功！完工时间从 1935.00 降低到 1930.00，改进: 5.00 (0.26%)
2025-04-08 16:08:42,389 - DEBUG - 执行AGV分配局部搜索，当前完工时间: 2079.00
2025-04-08 16:08:42,393 - DEBUG - AGV分配局部搜索成功！完工时间从 2079.00 降低到 2062.00，改进: 17.00 (0.82%)
2025-04-08 16:08:42,397 - DEBUG - 执行AGV分配局部搜索，当前完工时间: 2009.00
2025-04-08 16:08:42,400 - DEBUG - 局部搜索未能改进当前解
2025-04-08 16:08:42,404 - DEBUG - 执行AGV分配局部搜索，当前完工时间: 2090.00
2025-04-08 16:08:42,407 - DEBUG - AGV分配局部搜索成功！完工时间从 2090.00 降低到 2052.00，改进: 38.00 (1.82%)
2025-04-08 16:08:42,412 - DEBUG - 执行AGV分配局部搜索，当前完工时间: 1935.00
2025-04-08 16:08:42,416 - DEBUG - AGV分配局部搜索成功！完工时间从 1935.00 降低到 1915.00，改进: 20.00 (1.03%)
2025-04-08 16:08:42,419 - DEBUG - 执行AGV分配局部搜索，当前完工时间: 1991.00
2025-04-08 16:08:42,424 - DEBUG - 局部搜索未能改进当前解
2025-04-08 16:08:42,426 - DEBUG - 执行AGV分配局部搜索，当前完工时间: 2126.00
2025-04-08 16:08:42,431 - DEBUG - 局部搜索未能改进当前解
2025-04-08 16:08:42,435 - DEBUG - 执行AGV分配局部搜索，当前完工时间: 1950.00
2025-04-08 16:08:42,439 - DEBUG - 局部搜索未能改进当前解
2025-04-08 16:08:42,443 - DEBUG - 执行AGV分配局部搜索，当前完工时间: 1897.00
2025-04-08 16:08:42,447 - DEBUG - 局部搜索未能改进当前解
2025-04-08 16:08:42,450 - DEBUG - 执行AGV分配局部搜索，当前完工时间: 1965.00
2025-04-08 16:08:42,454 - DEBUG - AGV分配局部搜索成功！完工时间从 1965.00 降低到 1953.00，改进: 12.00 (0.61%)
2025-04-08 16:08:42,457 - DEBUG - 执行AGV分配局部搜索，当前完工时间: 1981.00
2025-04-08 16:08:42,461 - DEBUG - 局部搜索未能改进当前解
2025-04-08 16:08:42,464 - DEBUG - 执行AGV分配局部搜索，当前完工时间: 1891.00
2025-04-08 16:08:42,468 - DEBUG - 局部搜索未能改进当前解
2025-04-08 16:08:42,472 - DEBUG - 执行AGV分配局部搜索，当前完工时间: 2007.00
2025-04-08 16:08:42,475 - DEBUG - 局部搜索未能改进当前解
2025-04-08 16:08:42,479 - DEBUG - 执行AGV分配局部搜索，当前完工时间: 2185.00
2025-04-08 16:08:42,484 - DEBUG - 局部搜索未能改进当前解
2025-04-08 16:08:42,488 - DEBUG - 执行AGV分配局部搜索，当前完工时间: 2018.00
2025-04-08 16:08:42,491 - DEBUG - 局部搜索未能改进当前解
2025-04-08 16:08:42,495 - DEBUG - 执行AGV分配局部搜索，当前完工时间: 1955.00
2025-04-08 16:08:42,498 - DEBUG - 局部搜索未能改进当前解
2025-04-08 16:08:42,502 - DEBUG - 执行AGV分配局部搜索，当前完工时间: 1923.00
2025-04-08 16:08:42,505 - DEBUG - 局部搜索未能改进当前解
2025-04-08 16:08:42,510 - DEBUG - 执行AGV分配局部搜索，当前完工时间: 2051.00
2025-04-08 16:08:42,514 - DEBUG - 局部搜索未能改进当前解
2025-04-08 16:08:42,517 - DEBUG - 执行AGV分配局部搜索，当前完工时间: 1903.00
2025-04-08 16:08:42,520 - DEBUG - 局部搜索未能改进当前解
2025-04-08 16:08:42,525 - DEBUG - 执行AGV分配局部搜索，当前完工时间: 1934.00
2025-04-08 16:08:42,530 - DEBUG - 局部搜索未能改进当前解
2025-04-08 16:08:42,534 - DEBUG - 执行AGV分配局部搜索，当前完工时间: 1963.00
2025-04-08 16:08:42,537 - DEBUG - 局部搜索未能改进当前解
2025-04-08 16:08:42,541 - DEBUG - 执行AGV分配局部搜索，当前完工时间: 1891.00
2025-04-08 16:08:42,545 - DEBUG - 局部搜索未能改进当前解
2025-04-08 16:08:42,549 - DEBUG - 执行AGV分配局部搜索，当前完工时间: 1936.00
2025-04-08 16:08:42,552 - DEBUG - 局部搜索未能改进当前解
2025-04-08 16:08:42,556 - DEBUG - 执行AGV分配局部搜索，当前完工时间: 1932.00
2025-04-08 16:08:42,560 - DEBUG - AGV分配局部搜索成功！完工时间从 1932.00 降低到 1920.00，改进: 12.00 (0.62%)
2025-04-08 16:08:42,564 - DEBUG - 执行AGV分配局部搜索，当前完工时间: 1960.00
2025-04-08 16:08:42,567 - DEBUG - 局部搜索未能改进当前解
2025-04-08 16:08:42,571 - DEBUG - 执行AGV分配局部搜索，当前完工时间: 2006.00
2025-04-08 16:08:42,574 - DEBUG - 局部搜索未能改进当前解
2025-04-08 16:08:42,578 - DEBUG - 执行AGV分配局部搜索，当前完工时间: 2116.00
2025-04-08 16:08:42,582 - DEBUG - 局部搜索未能改进当前解
2025-04-08 16:08:42,586 - DEBUG - 执行AGV分配局部搜索，当前完工时间: 1988.00
2025-04-08 16:08:42,590 - DEBUG - 局部搜索未能改进当前解
2025-04-08 16:08:42,594 - DEBUG - 执行AGV分配局部搜索，当前完工时间: 2071.00
2025-04-08 16:08:42,597 - DEBUG - 局部搜索未能改进当前解
2025-04-08 16:08:42,601 - DEBUG - 执行AGV分配局部搜索，当前完工时间: 1983.00
2025-04-08 16:08:42,605 - DEBUG - 局部搜索未能改进当前解
2025-04-08 16:08:42,608 - DEBUG - 执行AGV分配局部搜索，当前完工时间: 1974.00
2025-04-08 16:08:42,612 - DEBUG - AGV分配局部搜索成功！完工时间从 1974.00 降低到 1971.00，改进: 3.00 (0.15%)
2025-04-08 16:08:42,616 - DEBUG - 执行AGV分配局部搜索，当前完工时间: 2055.00
2025-04-08 16:08:42,619 - DEBUG - 局部搜索未能改进当前解
2025-04-08 16:08:42,622 - DEBUG - 执行AGV分配局部搜索，当前完工时间: 2082.00
2025-04-08 16:08:42,626 - DEBUG - AGV分配局部搜索成功！完工时间从 2082.00 降低到 2068.00，改进: 14.00 (0.67%)
2025-04-08 16:08:42,630 - DEBUG - 执行AGV分配局部搜索，当前完工时间: 1981.00
2025-04-08 16:08:42,632 - DEBUG - 局部搜索未能改进当前解
2025-04-08 16:08:42,636 - DEBUG - 执行AGV分配局部搜索，当前完工时间: 1942.00
2025-04-08 16:08:42,640 - DEBUG - 局部搜索未能改进当前解
2025-04-08 16:08:42,643 - DEBUG - 执行AGV分配局部搜索，当前完工时间: 1906.00
2025-04-08 16:08:42,647 - DEBUG - 局部搜索未能改进当前解
2025-04-08 16:08:42,651 - DEBUG - 执行AGV分配局部搜索，当前完工时间: 1959.00
2025-04-08 16:08:42,654 - DEBUG - 局部搜索未能改进当前解
2025-04-08 16:08:42,658 - DEBUG - 执行AGV分配局部搜索，当前完工时间: 1926.00
2025-04-08 16:08:42,662 - DEBUG - 局部搜索未能改进当前解
2025-04-08 16:08:42,665 - DEBUG - 执行AGV分配局部搜索，当前完工时间: 1962.00
2025-04-08 16:08:42,669 - DEBUG - AGV分配局部搜索成功！完工时间从 1962.00 降低到 1957.00，改进: 5.00 (0.25%)
2025-04-08 16:08:42,672 - DEBUG - 执行AGV分配局部搜索，当前完工时间: 1880.00
2025-04-08 16:08:42,675 - DEBUG - 局部搜索未能改进当前解
2025-04-08 16:08:42,680 - DEBUG - 执行AGV分配局部搜索，当前完工时间: 1918.00
2025-04-08 16:08:42,683 - DEBUG - 局部搜索未能改进当前解
2025-04-08 16:08:42,687 - DEBUG - 执行AGV分配局部搜索，当前完工时间: 1885.00
2025-04-08 16:08:42,691 - DEBUG - 局部搜索未能改进当前解
2025-04-08 16:08:42,694 - DEBUG - 执行AGV分配局部搜索，当前完工时间: 2014.00
2025-04-08 16:08:42,697 - DEBUG - 局部搜索未能改进当前解
2025-04-08 16:08:42,702 - DEBUG - 执行AGV分配局部搜索，当前完工时间: 2058.00
2025-04-08 16:08:42,705 - DEBUG - 局部搜索未能改进当前解
2025-04-08 16:08:42,709 - DEBUG - 执行AGV分配局部搜索，当前完工时间: 2021.00
2025-04-08 16:08:42,712 - DEBUG - 局部搜索未能改进当前解
2025-04-08 16:08:42,716 - DEBUG - 执行AGV分配局部搜索，当前完工时间: 1870.00
2025-04-08 16:08:42,720 - DEBUG - 局部搜索未能改进当前解
2025-04-08 16:08:42,724 - DEBUG - 执行AGV分配局部搜索，当前完工时间: 2007.00
2025-04-08 16:08:42,726 - DEBUG - 局部搜索未能改进当前解
2025-04-08 16:08:42,731 - DEBUG - 执行AGV分配局部搜索，当前完工时间: 2155.00
2025-04-08 16:08:42,735 - DEBUG - 局部搜索未能改进当前解
2025-04-08 16:08:42,738 - DEBUG - 执行AGV分配局部搜索，当前完工时间: 1910.00
2025-04-08 16:08:42,742 - DEBUG - 局部搜索未能改进当前解
2025-04-08 16:08:42,746 - DEBUG - 执行AGV分配局部搜索，当前完工时间: 1990.00
2025-04-08 16:08:42,750 - DEBUG - 局部搜索未能改进当前解
2025-04-08 16:08:42,754 - DEBUG - 执行AGV分配局部搜索，当前完工时间: 2060.00
2025-04-08 16:08:42,757 - DEBUG - AGV分配局部搜索成功！完工时间从 2060.00 降低到 2055.00，改进: 5.00 (0.24%)
2025-04-08 16:08:42,761 - DEBUG - 执行AGV分配局部搜索，当前完工时间: 1981.00
2025-04-08 16:08:42,764 - DEBUG - 局部搜索未能改进当前解
2025-04-08 16:08:42,768 - DEBUG - 执行AGV分配局部搜索，当前完工时间: 1960.00
2025-04-08 16:08:42,772 - DEBUG - 局部搜索未能改进当前解
2025-04-08 16:08:42,776 - DEBUG - 执行AGV分配局部搜索，当前完工时间: 1970.00
2025-04-08 16:08:42,780 - DEBUG - 局部搜索未能改进当前解
2025-04-08 16:08:42,783 - DEBUG - 执行AGV分配局部搜索，当前完工时间: 2058.00
2025-04-08 16:08:42,787 - DEBUG - AGV分配局部搜索成功！完工时间从 2058.00 降低到 1994.00，改进: 64.00 (3.11%)
2025-04-08 16:08:42,791 - DEBUG - 执行AGV分配局部搜索，当前完工时间: 2006.00
2025-04-08 16:08:42,794 - DEBUG - 局部搜索未能改进当前解
2025-04-08 16:08:42,797 - DEBUG - 执行AGV分配局部搜索，当前完工时间: 1970.00
2025-04-08 16:08:42,802 - DEBUG - 局部搜索未能改进当前解
2025-04-08 16:08:42,804 - DEBUG - 执行AGV分配局部搜索，当前完工时间: 1945.00
2025-04-08 16:08:42,809 - DEBUG - 局部搜索未能改进当前解
2025-04-08 16:08:42,809 - DEBUG - ==================================================
2025-04-08 16:08:42,809 - DEBUG - Efficiency Statistics of Local Search :
2025-04-08 16:08:42,809 - DEBUG - Number of attempts: 99
2025-04-08 16:08:42,809 - DEBUG - Average Success Rate: 17.17%
2025-04-08 16:08:42,809 - DEBUG - AGV Local Search Success: 17，Average Improvement: 16.29
2025-04-08 16:08:42,812 - DEBUG - 执行AGV分配局部搜索，当前完工时间: 1950.00
2025-04-08 16:08:42,817 - DEBUG - 局部搜索未能改进当前解
2025-04-08 16:08:42,821 - DEBUG - 执行AGV分配局部搜索，当前完工时间: 2093.00
2025-04-08 16:08:42,825 - DEBUG - AGV分配局部搜索成功！完工时间从 2093.00 降低到 2050.00，改进: 43.00 (2.05%)
2025-04-08 16:08:42,830 - DEBUG - 执行AGV分配局部搜索，当前完工时间: 1988.00
2025-04-08 16:08:42,834 - DEBUG - 局部搜索未能改进当前解
2025-04-08 16:08:42,837 - DEBUG - 执行AGV分配局部搜索，当前完工时间: 2019.00
2025-04-08 16:08:42,841 - DEBUG - 局部搜索未能改进当前解
2025-04-08 16:08:42,844 - DEBUG - 执行AGV分配局部搜索，当前完工时间: 1889.00
2025-04-08 16:08:42,848 - DEBUG - 局部搜索未能改进当前解
2025-04-08 16:08:42,852 - DEBUG - 执行AGV分配局部搜索，当前完工时间: 2007.00
2025-04-08 16:08:42,855 - DEBUG - AGV分配局部搜索成功！完工时间从 2007.00 降低到 1967.00，改进: 40.00 (1.99%)
2025-04-08 16:08:42,859 - DEBUG - 执行AGV分配局部搜索，当前完工时间: 2072.00
2025-04-08 16:08:42,862 - DEBUG - AGV分配局部搜索成功！完工时间从 2072.00 降低到 2031.00，改进: 41.00 (1.98%)
2025-04-08 16:08:42,866 - DEBUG - 执行AGV分配局部搜索，当前完工时间: 2012.00
2025-04-08 16:08:42,870 - DEBUG - 局部搜索未能改进当前解
2025-04-08 16:08:42,873 - DEBUG - 执行AGV分配局部搜索，当前完工时间: 1990.00
2025-04-08 16:08:42,876 - DEBUG - 局部搜索未能改进当前解
2025-04-08 16:08:42,881 - DEBUG - 执行AGV分配局部搜索，当前完工时间: 1889.00
2025-04-08 16:08:42,885 - DEBUG - 局部搜索未能改进当前解
2025-04-08 16:08:42,889 - DEBUG - 执行AGV分配局部搜索，当前完工时间: 1956.00
2025-04-08 16:08:42,892 - DEBUG - 局部搜索未能改进当前解
2025-04-08 16:08:42,895 - DEBUG - 执行AGV分配局部搜索，当前完工时间: 2149.00
2025-04-08 16:08:42,900 - DEBUG - AGV分配局部搜索成功！完工时间从 2149.00 降低到 2142.00，改进: 7.00 (0.33%)
2025-04-08 16:08:42,904 - DEBUG - 执行AGV分配局部搜索，当前完工时间: 1902.00
2025-04-08 16:08:42,907 - DEBUG - 局部搜索未能改进当前解
2025-04-08 16:08:42,910 - DEBUG - 执行AGV分配局部搜索，当前完工时间: 2000.00
2025-04-08 16:08:42,914 - DEBUG - 局部搜索未能改进当前解
2025-04-08 16:08:42,918 - DEBUG - 执行AGV分配局部搜索，当前完工时间: 2027.00
2025-04-08 16:08:42,920 - DEBUG - AGV分配局部搜索成功！完工时间从 2027.00 降低到 2005.00，改进: 22.00 (1.09%)
2025-04-08 16:08:42,925 - DEBUG - 执行AGV分配局部搜索，当前完工时间: 1945.00
2025-04-08 16:08:42,928 - DEBUG - 局部搜索未能改进当前解
2025-04-08 16:08:42,932 - DEBUG - 执行AGV分配局部搜索，当前完工时间: 1915.00
2025-04-08 16:08:42,935 - DEBUG - 局部搜索未能改进当前解
2025-04-08 16:08:42,938 - DEBUG - 执行AGV分配局部搜索，当前完工时间: 1926.00
2025-04-08 16:08:42,942 - DEBUG - AGV分配局部搜索成功！完工时间从 1926.00 降低到 1925.00，改进: 1.00 (0.05%)
2025-04-08 16:08:42,945 - DEBUG - 执行AGV分配局部搜索，当前完工时间: 2100.00
2025-04-08 16:08:42,950 - DEBUG - AGV分配局部搜索成功！完工时间从 2100.00 降低到 2058.00，改进: 42.00 (2.00%)
2025-04-08 16:08:42,953 - DEBUG - 执行AGV分配局部搜索，当前完工时间: 1970.00
2025-04-08 16:08:42,956 - DEBUG - 局部搜索未能改进当前解
2025-04-08 16:08:42,960 - DEBUG - 执行AGV分配局部搜索，当前完工时间: 1998.00
2025-04-08 16:08:42,964 - DEBUG - 局部搜索未能改进当前解
2025-04-08 16:08:42,968 - DEBUG - 执行AGV分配局部搜索，当前完工时间: 1922.00
2025-04-08 16:08:42,971 - DEBUG - 局部搜索未能改进当前解
2025-04-08 16:08:42,975 - DEBUG - 执行AGV分配局部搜索，当前完工时间: 2008.00
2025-04-08 16:08:42,979 - DEBUG - 局部搜索未能改进当前解
2025-04-08 16:08:42,983 - DEBUG - 执行AGV分配局部搜索，当前完工时间: 1977.00
2025-04-08 16:08:42,987 - DEBUG - 局部搜索未能改进当前解
2025-04-08 16:08:42,990 - DEBUG - 执行AGV分配局部搜索，当前完工时间: 1904.00
2025-04-08 16:08:42,994 - DEBUG - 局部搜索未能改进当前解
2025-04-08 16:08:42,997 - DEBUG - 执行AGV分配局部搜索，当前完工时间: 2057.00
2025-04-08 16:08:43,001 - DEBUG - 局部搜索未能改进当前解
2025-04-08 16:08:43,005 - DEBUG - 执行AGV分配局部搜索，当前完工时间: 2017.00
2025-04-08 16:08:43,009 - DEBUG - 局部搜索未能改进当前解
2025-04-08 16:08:43,012 - DEBUG - 执行AGV分配局部搜索，当前完工时间: 2005.00
2025-04-08 16:08:43,016 - DEBUG - AGV分配局部搜索成功！完工时间从 2005.00 降低到 1966.00，改进: 39.00 (1.95%)
2025-04-08 16:08:43,020 - DEBUG - 执行AGV分配局部搜索，当前完工时间: 1938.00
2025-04-08 16:08:43,024 - DEBUG - 局部搜索未能改进当前解
2025-04-08 16:08:43,028 - DEBUG - 执行AGV分配局部搜索，当前完工时间: 2104.00
2025-04-08 16:08:43,031 - DEBUG - 局部搜索未能改进当前解
2025-04-08 16:08:43,035 - DEBUG - 执行AGV分配局部搜索，当前完工时间: 2052.00
2025-04-08 16:08:43,037 - DEBUG - 局部搜索未能改进当前解
2025-04-08 16:08:43,041 - DEBUG - 执行AGV分配局部搜索，当前完工时间: 1950.00
2025-04-08 16:08:43,045 - DEBUG - 局部搜索未能改进当前解
2025-04-08 16:08:43,049 - DEBUG - 执行AGV分配局部搜索，当前完工时间: 1986.00
2025-04-08 16:08:43,052 - DEBUG - AGV分配局部搜索成功！完工时间从 1986.00 降低到 1984.00，改进: 2.00 (0.10%)
2025-04-08 16:08:43,055 - DEBUG - 执行AGV分配局部搜索，当前完工时间: 1939.00
2025-04-08 16:08:43,060 - DEBUG - 局部搜索未能改进当前解
2025-04-08 16:08:43,062 - DEBUG - 执行AGV分配局部搜索，当前完工时间: 2098.00
2025-04-08 16:08:43,067 - DEBUG - AGV分配局部搜索成功！完工时间从 2098.00 降低到 2062.00，改进: 36.00 (1.72%)
2025-04-08 16:08:43,070 - DEBUG - 执行AGV分配局部搜索，当前完工时间: 1870.00
2025-04-08 16:08:43,074 - DEBUG - 局部搜索未能改进当前解
2025-04-08 16:08:43,077 - DEBUG - 执行AGV分配局部搜索，当前完工时间: 1957.00
2025-04-08 16:08:43,081 - DEBUG - 局部搜索未能改进当前解
2025-04-08 16:08:43,086 - DEBUG - 执行AGV分配局部搜索，当前完工时间: 1934.00
2025-04-08 16:08:43,089 - DEBUG - 局部搜索未能改进当前解
2025-04-08 16:08:43,092 - DEBUG - 执行AGV分配局部搜索，当前完工时间: 2077.00
2025-04-08 16:08:43,096 - DEBUG - 局部搜索未能改进当前解
2025-04-08 16:08:43,099 - DEBUG - 执行AGV分配局部搜索，当前完工时间: 1963.00
2025-04-08 16:08:43,102 - DEBUG - 局部搜索未能改进当前解
2025-04-08 16:08:43,107 - DEBUG - 执行AGV分配局部搜索，当前完工时间: 1983.00
2025-04-08 16:08:43,110 - DEBUG - AGV分配局部搜索成功！完工时间从 1983.00 降低到 1943.00，改进: 40.00 (2.02%)
2025-04-08 16:08:43,114 - DEBUG - 执行AGV分配局部搜索，当前完工时间: 2044.00
2025-04-08 16:08:43,117 - DEBUG - 局部搜索未能改进当前解
2025-04-08 16:08:43,121 - DEBUG - 执行AGV分配局部搜索，当前完工时间: 2070.00
2025-04-08 16:08:43,124 - DEBUG - 局部搜索未能改进当前解
2025-04-08 16:08:43,129 - DEBUG - 执行AGV分配局部搜索，当前完工时间: 1892.00
2025-04-08 16:08:43,132 - DEBUG - 局部搜索未能改进当前解
2025-04-08 16:08:43,137 - DEBUG - 执行AGV分配局部搜索，当前完工时间: 1970.00
2025-04-08 16:08:43,141 - DEBUG - 局部搜索未能改进当前解
2025-04-08 16:08:43,145 - DEBUG - 执行AGV分配局部搜索，当前完工时间: 1970.00
2025-04-08 16:08:43,150 - DEBUG - 局部搜索未能改进当前解
2025-04-08 16:08:43,154 - DEBUG - 执行AGV分配局部搜索，当前完工时间: 2066.00
2025-04-08 16:08:43,158 - DEBUG - 局部搜索未能改进当前解
2025-04-08 16:08:43,162 - DEBUG - 执行AGV分配局部搜索，当前完工时间: 1950.00
2025-04-08 16:08:43,166 - DEBUG - 局部搜索未能改进当前解
2025-04-08 16:08:43,171 - DEBUG - 执行AGV分配局部搜索，当前完工时间: 2019.00
2025-04-08 16:08:43,174 - DEBUG - 局部搜索未能改进当前解
2025-04-08 16:08:43,178 - DEBUG - 执行AGV分配局部搜索，当前完工时间: 1874.00
2025-04-08 16:08:43,182 - DEBUG - 局部搜索未能改进当前解
2025-04-08 16:08:43,186 - DEBUG - 执行AGV分配局部搜索，当前完工时间: 2014.00
2025-04-08 16:08:43,189 - DEBUG - 局部搜索未能改进当前解
2025-04-08 16:08:43,192 - DEBUG - 执行AGV分配局部搜索，当前完工时间: 2090.00
2025-04-08 16:08:43,195 - DEBUG - 局部搜索未能改进当前解
2025-04-08 16:08:43,200 - DEBUG - 执行AGV分配局部搜索，当前完工时间: 1971.00
2025-04-08 16:08:43,203 - DEBUG - AGV分配局部搜索成功！完工时间从 1971.00 降低到 1947.00，改进: 24.00 (1.22%)
2025-04-08 16:08:43,207 - DEBUG - 执行AGV分配局部搜索，当前完工时间: 1922.00
2025-04-08 16:08:43,209 - DEBUG - 局部搜索未能改进当前解
2025-04-08 16:08:43,214 - DEBUG - 执行AGV分配局部搜索，当前完工时间: 1965.00
2025-04-08 16:08:43,218 - DEBUG - AGV分配局部搜索成功！完工时间从 1965.00 降低到 1952.00，改进: 13.00 (0.66%)
2025-04-08 16:08:43,220 - DEBUG - 执行AGV分配局部搜索，当前完工时间: 1941.00
2025-04-08 16:08:43,224 - DEBUG - 局部搜索未能改进当前解
2025-04-08 16:08:43,229 - DEBUG - 执行AGV分配局部搜索，当前完工时间: 2075.00
2025-04-08 16:08:43,232 - DEBUG - 局部搜索未能改进当前解
2025-04-08 16:08:43,236 - DEBUG - 执行AGV分配局部搜索，当前完工时间: 1963.00
2025-04-08 16:08:43,239 - DEBUG - AGV分配局部搜索成功！完工时间从 1963.00 降低到 1957.00，改进: 6.00 (0.31%)
2025-04-08 16:08:43,243 - DEBUG - 执行AGV分配局部搜索，当前完工时间: 1986.00
2025-04-08 16:08:43,247 - DEBUG - 局部搜索未能改进当前解
2025-04-08 16:08:43,250 - DEBUG - 执行AGV分配局部搜索，当前完工时间: 1990.00
2025-04-08 16:08:43,254 - DEBUG - AGV分配局部搜索成功！完工时间从 1990.00 降低到 1977.00，改进: 13.00 (0.65%)
2025-04-08 16:08:43,258 - DEBUG - 执行AGV分配局部搜索，当前完工时间: 1922.00
2025-04-08 16:08:43,260 - DEBUG - 局部搜索未能改进当前解
2025-04-08 16:08:43,264 - DEBUG - 执行AGV分配局部搜索，当前完工时间: 1906.00
2025-04-08 16:08:43,268 - DEBUG - 局部搜索未能改进当前解
2025-04-08 16:08:43,271 - DEBUG - 执行AGV分配局部搜索，当前完工时间: 1914.00
2025-04-08 16:08:43,289 - DEBUG - 局部搜索未能改进当前解
2025-04-08 16:08:43,293 - DEBUG - 执行AGV分配局部搜索，当前完工时间: 2062.00
2025-04-08 16:08:43,297 - DEBUG - 局部搜索未能改进当前解
2025-04-08 16:08:43,300 - DEBUG - 执行AGV分配局部搜索，当前完工时间: 1915.00
2025-04-08 16:08:43,303 - DEBUG - 局部搜索未能改进当前解
2025-04-08 16:08:43,307 - DEBUG - 执行AGV分配局部搜索，当前完工时间: 1901.00
2025-04-08 16:08:43,311 - DEBUG - 局部搜索未能改进当前解
2025-04-08 16:08:43,314 - DEBUG - 执行AGV分配局部搜索，当前完工时间: 1956.00
2025-04-08 16:08:43,318 - DEBUG - 局部搜索未能改进当前解
2025-04-08 16:08:43,322 - DEBUG - 执行AGV分配局部搜索，当前完工时间: 1953.00
2025-04-08 16:08:43,325 - DEBUG - 局部搜索未能改进当前解
2025-04-08 16:08:43,329 - DEBUG - 执行AGV分配局部搜索，当前完工时间: 2044.00
2025-04-08 16:08:43,332 - DEBUG - 局部搜索未能改进当前解
2025-04-08 16:08:43,336 - DEBUG - 执行AGV分配局部搜索，当前完工时间: 2053.00
2025-04-08 16:08:43,341 - DEBUG - 局部搜索未能改进当前解
2025-04-08 16:08:43,345 - DEBUG - 执行AGV分配局部搜索，当前完工时间: 1942.00
2025-04-08 16:08:43,347 - DEBUG - 局部搜索未能改进当前解
2025-04-08 16:08:43,351 - DEBUG - 执行AGV分配局部搜索，当前完工时间: 2038.00
2025-04-08 16:08:43,354 - DEBUG - 局部搜索未能改进当前解
2025-04-08 16:08:43,358 - DEBUG - 执行AGV分配局部搜索，当前完工时间: 1918.00
2025-04-08 16:08:43,362 - DEBUG - 局部搜索未能改进当前解
2025-04-08 16:08:43,366 - DEBUG - 执行AGV分配局部搜索，当前完工时间: 1918.00
2025-04-08 16:08:43,370 - DEBUG - 局部搜索未能改进当前解
2025-04-08 16:08:43,373 - DEBUG - 执行AGV分配局部搜索，当前完工时间: 1900.00
2025-04-08 16:08:43,378 - DEBUG - 局部搜索未能改进当前解
2025-04-08 16:08:43,381 - DEBUG - 执行AGV分配局部搜索，当前完工时间: 1997.00
2025-04-08 16:08:43,385 - DEBUG - 局部搜索未能改进当前解
2025-04-08 16:08:43,391 - DEBUG - 执行AGV分配局部搜索，当前完工时间: 1933.00
2025-04-08 16:08:43,394 - DEBUG - AGV分配局部搜索成功！完工时间从 1933.00 降低到 1931.00，改进: 2.00 (0.10%)
2025-04-08 16:08:43,397 - DEBUG - 执行AGV分配局部搜索，当前完工时间: 2057.00
2025-04-08 16:08:43,401 - DEBUG - AGV分配局部搜索成功！完工时间从 2057.00 降低到 2048.00，改进: 9.00 (0.44%)
2025-04-08 16:08:43,405 - DEBUG - 执行AGV分配局部搜索，当前完工时间: 1885.00
2025-04-08 16:08:43,409 - DEBUG - 局部搜索未能改进当前解
2025-04-08 16:08:43,413 - DEBUG - 执行AGV分配局部搜索，当前完工时间: 1956.00
2025-04-08 16:08:43,417 - DEBUG - AGV分配局部搜索成功！完工时间从 1956.00 降低到 1929.00，改进: 27.00 (1.38%)
2025-04-08 16:08:43,420 - DEBUG - 执行AGV分配局部搜索，当前完工时间: 1973.00
2025-04-08 16:08:43,423 - DEBUG - 局部搜索未能改进当前解
2025-04-08 16:08:43,427 - DEBUG - 执行AGV分配局部搜索，当前完工时间: 2106.00
2025-04-08 16:08:43,431 - DEBUG - 局部搜索未能改进当前解
2025-04-08 16:08:43,435 - DEBUG - 执行AGV分配局部搜索，当前完工时间: 1922.00
2025-04-08 16:08:43,439 - DEBUG - 局部搜索未能改进当前解
2025-04-08 16:08:43,443 - DEBUG - 执行AGV分配局部搜索，当前完工时间: 1990.00
2025-04-08 16:08:43,447 - DEBUG - 局部搜索未能改进当前解
2025-04-08 16:08:43,451 - DEBUG - 执行AGV分配局部搜索，当前完工时间: 1956.00
2025-04-08 16:08:43,454 - DEBUG - 局部搜索未能改进当前解
2025-04-08 16:08:43,457 - DEBUG - 执行AGV分配局部搜索，当前完工时间: 1907.00
2025-04-08 16:08:43,462 - DEBUG - 局部搜索未能改进当前解
2025-04-08 16:08:43,466 - DEBUG - 执行AGV分配局部搜索，当前完工时间: 1960.00
2025-04-08 16:08:43,470 - DEBUG - 局部搜索未能改进当前解
2025-04-08 16:08:43,473 - DEBUG - 执行AGV分配局部搜索，当前完工时间: 1970.00
2025-04-08 16:08:43,478 - DEBUG - 局部搜索未能改进当前解
2025-04-08 16:08:43,482 - DEBUG - 执行AGV分配局部搜索，当前完工时间: 2014.00
2025-04-08 16:08:43,486 - DEBUG - AGV分配局部搜索成功！完工时间从 2014.00 降低到 1992.00，改进: 22.00 (1.09%)
2025-04-08 16:08:43,489 - DEBUG - 执行AGV分配局部搜索，当前完工时间: 1968.00
2025-04-08 16:08:43,493 - DEBUG - 局部搜索未能改进当前解
2025-04-08 16:08:43,497 - DEBUG - 执行AGV分配局部搜索，当前完工时间: 1945.00
2025-04-08 16:08:43,500 - DEBUG - 局部搜索未能改进当前解
2025-04-08 16:08:43,504 - DEBUG - 执行AGV分配局部搜索，当前完工时间: 1945.00
2025-04-08 16:08:43,507 - DEBUG - 局部搜索未能改进当前解
2025-04-08 16:08:43,511 - DEBUG - 执行AGV分配局部搜索，当前完工时间: 1975.00
2025-04-08 16:08:43,514 - DEBUG - 局部搜索未能改进当前解
2025-04-08 16:08:43,518 - DEBUG - 执行AGV分配局部搜索，当前完工时间: 2042.00
2025-04-08 16:08:43,521 - DEBUG - 局部搜索未能改进当前解
2025-04-08 16:08:43,526 - DEBUG - 执行AGV分配局部搜索，当前完工时间: 1889.00
2025-04-08 16:08:43,529 - DEBUG - 局部搜索未能改进当前解
2025-04-08 16:08:43,533 - DEBUG - 执行AGV分配局部搜索，当前完工时间: 2231.00
2025-04-08 16:08:43,537 - DEBUG - AGV分配局部搜索成功！完工时间从 2231.00 降低到 2143.00，改进: 88.00 (3.94%)
2025-04-08 16:08:43,540 - DEBUG - 执行AGV分配局部搜索，当前完工时间: 2068.00
2025-04-08 16:08:43,544 - DEBUG - 局部搜索未能改进当前解
2025-04-08 16:08:43,548 - DEBUG - 执行AGV分配局部搜索，当前完工时间: 1963.00
2025-04-08 16:08:43,551 - DEBUG - 局部搜索未能改进当前解
2025-04-08 16:08:43,555 - DEBUG - 执行AGV分配局部搜索，当前完工时间: 1908.00
2025-04-08 16:08:43,559 - DEBUG - 局部搜索未能改进当前解
2025-04-08 16:08:43,559 - DEBUG - ==================================================
2025-04-08 16:08:43,559 - DEBUG - Efficiency Statistics of Local Search :
2025-04-08 16:08:43,559 - DEBUG - Number of attempts: 99
2025-04-08 16:08:43,559 - DEBUG - Average Success Rate: 20.20%
2025-04-08 16:08:43,559 - DEBUG - AGV Local Search Success: 20，Average Improvement: 25.85
2025-04-08 16:08:43,562 - DEBUG - 执行AGV分配局部搜索，当前完工时间: 1880.00
2025-04-08 16:08:43,566 - DEBUG - 局部搜索未能改进当前解
2025-04-08 16:08:43,571 - DEBUG - 执行AGV分配局部搜索，当前完工时间: 2193.00
2025-04-08 16:08:43,582 - DEBUG - 局部搜索未能改进当前解
2025-04-08 16:08:43,590 - DEBUG - 执行AGV分配局部搜索，当前完工时间: 2030.00
2025-04-08 16:08:43,597 - DEBUG - 局部搜索未能改进当前解
2025-04-08 16:08:43,604 - DEBUG - 执行AGV分配局部搜索，当前完工时间: 1915.00
2025-04-08 16:08:43,608 - DEBUG - 局部搜索未能改进当前解
2025-04-08 16:08:43,612 - DEBUG - 执行AGV分配局部搜索，当前完工时间: 1918.00
2025-04-08 16:08:43,616 - DEBUG - 局部搜索未能改进当前解
2025-04-08 16:08:43,620 - DEBUG - 执行AGV分配局部搜索，当前完工时间: 1947.00
2025-04-08 16:08:43,626 - DEBUG - 局部搜索未能改进当前解
2025-04-08 16:08:43,630 - DEBUG - 执行AGV分配局部搜索，当前完工时间: 1946.00
2025-04-08 16:08:43,633 - DEBUG - AGV分配局部搜索成功！完工时间从 1946.00 降低到 1914.00，改进: 32.00 (1.64%)
2025-04-08 16:08:43,637 - DEBUG - 执行AGV分配局部搜索，当前完工时间: 2076.00
2025-04-08 16:08:43,641 - DEBUG - AGV分配局部搜索成功！完工时间从 2076.00 降低到 2049.00，改进: 27.00 (1.30%)
2025-04-08 16:08:43,645 - DEBUG - 执行AGV分配局部搜索，当前完工时间: 1999.00
2025-04-08 16:08:43,649 - DEBUG - 局部搜索未能改进当前解
2025-04-08 16:08:43,653 - DEBUG - 执行AGV分配局部搜索，当前完工时间: 1876.00
2025-04-08 16:08:43,656 - DEBUG - 局部搜索未能改进当前解
2025-04-08 16:08:43,660 - DEBUG - 执行AGV分配局部搜索，当前完工时间: 1920.00
2025-04-08 16:08:43,664 - DEBUG - 局部搜索未能改进当前解
2025-04-08 16:08:43,668 - DEBUG - 执行AGV分配局部搜索，当前完工时间: 2020.00
2025-04-08 16:08:43,672 - DEBUG - 局部搜索未能改进当前解
2025-04-08 16:08:43,675 - DEBUG - 执行AGV分配局部搜索，当前完工时间: 1945.00
2025-04-08 16:08:43,680 - DEBUG - 局部搜索未能改进当前解
2025-04-08 16:08:43,683 - DEBUG - 执行AGV分配局部搜索，当前完工时间: 1908.00
2025-04-08 16:08:43,686 - DEBUG - 局部搜索未能改进当前解
2025-04-08 16:08:43,690 - DEBUG - 执行AGV分配局部搜索，当前完工时间: 2062.00
2025-04-08 16:08:43,694 - DEBUG - 局部搜索未能改进当前解
2025-04-08 16:08:43,699 - DEBUG - 执行AGV分配局部搜索，当前完工时间: 2005.00
2025-04-08 16:08:43,702 - DEBUG - 局部搜索未能改进当前解
2025-04-08 16:08:43,707 - DEBUG - 执行AGV分配局部搜索，当前完工时间: 2109.00
2025-04-08 16:08:43,710 - DEBUG - AGV分配局部搜索成功！完工时间从 2109.00 降低到 2096.00，改进: 13.00 (0.62%)
2025-04-08 16:08:43,714 - DEBUG - 执行AGV分配局部搜索，当前完工时间: 2024.00
2025-04-08 16:08:43,718 - DEBUG - 局部搜索未能改进当前解
2025-04-08 16:08:43,720 - DEBUG - 执行AGV分配局部搜索，当前完工时间: 1961.00
2025-04-08 16:08:43,725 - DEBUG - 局部搜索未能改进当前解
2025-04-08 16:08:43,729 - DEBUG - 执行AGV分配局部搜索，当前完工时间: 1975.00
2025-04-08 16:08:43,733 - DEBUG - 局部搜索未能改进当前解
2025-04-08 16:08:43,736 - DEBUG - 执行AGV分配局部搜索，当前完工时间: 1928.00
2025-04-08 16:08:43,740 - DEBUG - 局部搜索未能改进当前解
2025-04-08 16:08:43,744 - DEBUG - 执行AGV分配局部搜索，当前完工时间: 1964.00
2025-04-08 16:08:43,747 - DEBUG - 局部搜索未能改进当前解
2025-04-08 16:08:43,752 - DEBUG - 执行AGV分配局部搜索，当前完工时间: 1970.00
2025-04-08 16:08:43,755 - DEBUG - 局部搜索未能改进当前解
2025-04-08 16:08:43,758 - DEBUG - 执行AGV分配局部搜索，当前完工时间: 2011.00
2025-04-08 16:08:43,762 - DEBUG - 局部搜索未能改进当前解
2025-04-08 16:08:43,766 - DEBUG - 执行AGV分配局部搜索，当前完工时间: 1930.00
2025-04-08 16:08:43,770 - DEBUG - 局部搜索未能改进当前解
2025-04-08 16:08:43,774 - DEBUG - 执行AGV分配局部搜索，当前完工时间: 2003.00
2025-04-08 16:08:43,776 - DEBUG - 局部搜索未能改进当前解
2025-04-08 16:08:43,781 - DEBUG - 执行AGV分配局部搜索，当前完工时间: 1874.00
2025-04-08 16:08:43,784 - DEBUG - 局部搜索未能改进当前解
2025-04-08 16:08:43,787 - DEBUG - 执行AGV分配局部搜索，当前完工时间: 2044.00
2025-04-08 16:08:43,791 - DEBUG - AGV分配局部搜索成功！完工时间从 2044.00 降低到 2024.00，改进: 20.00 (0.98%)
2025-04-08 16:08:43,795 - DEBUG - 执行AGV分配局部搜索，当前完工时间: 1993.00
2025-04-08 16:08:43,798 - DEBUG - 局部搜索未能改进当前解
2025-04-08 16:08:43,802 - DEBUG - 执行AGV分配局部搜索，当前完工时间: 1885.00
2025-04-08 16:08:43,806 - DEBUG - 局部搜索未能改进当前解
2025-04-08 16:08:43,809 - DEBUG - 执行AGV分配局部搜索，当前完工时间: 1918.00
2025-04-08 16:08:43,812 - DEBUG - AGV分配局部搜索成功！完工时间从 1918.00 降低到 1902.00，改进: 16.00 (0.83%)
2025-04-08 16:08:43,816 - DEBUG - 执行AGV分配局部搜索，当前完工时间: 2004.00
2025-04-08 16:08:43,820 - DEBUG - AGV分配局部搜索成功！完工时间从 2004.00 降低到 1991.00，改进: 13.00 (0.65%)
2025-04-08 16:08:43,824 - DEBUG - 执行AGV分配局部搜索，当前完工时间: 2142.00
2025-04-08 16:08:43,827 - DEBUG - 局部搜索未能改进当前解
2025-04-08 16:08:43,831 - DEBUG - 执行AGV分配局部搜索，当前完工时间: 1879.00
2025-04-08 16:08:43,834 - DEBUG - 局部搜索未能改进当前解
2025-04-08 16:08:43,838 - DEBUG - 执行AGV分配局部搜索，当前完工时间: 2005.00
2025-04-08 16:08:43,842 - DEBUG - 局部搜索未能改进当前解
2025-04-08 16:08:43,845 - DEBUG - 执行AGV分配局部搜索，当前完工时间: 1900.00
2025-04-08 16:08:43,849 - DEBUG - 局部搜索未能改进当前解
2025-04-08 16:08:43,853 - DEBUG - 执行AGV分配局部搜索，当前完工时间: 1890.00
2025-04-08 16:08:43,856 - DEBUG - 局部搜索未能改进当前解
2025-04-08 16:08:43,860 - DEBUG - 执行AGV分配局部搜索，当前完工时间: 2014.00
2025-04-08 16:08:43,864 - DEBUG - 局部搜索未能改进当前解
2025-04-08 16:08:43,866 - DEBUG - 执行AGV分配局部搜索，当前完工时间: 1980.00
2025-04-08 16:08:43,871 - DEBUG - 局部搜索未能改进当前解
2025-04-08 16:08:43,874 - DEBUG - 执行AGV分配局部搜索，当前完工时间: 2032.00
2025-04-08 16:08:43,878 - DEBUG - 局部搜索未能改进当前解
2025-04-08 16:08:43,881 - DEBUG - 执行AGV分配局部搜索，当前完工时间: 2000.00
2025-04-08 16:08:43,886 - DEBUG - AGV分配局部搜索成功！完工时间从 2000.00 降低到 1995.00，改进: 5.00 (0.25%)
2025-04-08 16:08:43,888 - DEBUG - 执行AGV分配局部搜索，当前完工时间: 1957.00
2025-04-08 16:08:43,892 - DEBUG - 局部搜索未能改进当前解
2025-04-08 16:08:43,895 - DEBUG - 执行AGV分配局部搜索，当前完工时间: 1984.00
2025-04-08 16:08:43,900 - DEBUG - 局部搜索未能改进当前解
2025-04-08 16:08:43,904 - DEBUG - 执行AGV分配局部搜索，当前完工时间: 2008.00
2025-04-08 16:08:43,907 - DEBUG - 局部搜索未能改进当前解
2025-04-08 16:08:43,910 - DEBUG - 执行AGV分配局部搜索，当前完工时间: 1918.00
2025-04-08 16:08:43,914 - DEBUG - 局部搜索未能改进当前解
2025-04-08 16:08:43,916 - DEBUG - 执行AGV分配局部搜索，当前完工时间: 1922.00
2025-04-08 16:08:43,921 - DEBUG - 局部搜索未能改进当前解
2025-04-08 16:08:43,925 - DEBUG - 执行AGV分配局部搜索，当前完工时间: 2031.00
2025-04-08 16:08:43,928 - DEBUG - AGV分配局部搜索成功！完工时间从 2031.00 降低到 2002.00，改进: 29.00 (1.43%)
2025-04-08 16:08:43,933 - DEBUG - 执行AGV分配局部搜索，当前完工时间: 1952.00
2025-04-08 16:08:43,936 - DEBUG - 局部搜索未能改进当前解
2025-04-08 16:08:43,940 - DEBUG - 执行AGV分配局部搜索，当前完工时间: 2056.00
2025-04-08 16:08:43,943 - DEBUG - 局部搜索未能改进当前解
2025-04-08 16:08:43,947 - DEBUG - 执行AGV分配局部搜索，当前完工时间: 1920.00
2025-04-08 16:08:43,952 - DEBUG - 局部搜索未能改进当前解
2025-04-08 16:08:43,955 - DEBUG - 执行AGV分配局部搜索，当前完工时间: 1972.00
2025-04-08 16:08:43,958 - DEBUG - 局部搜索未能改进当前解
2025-04-08 16:08:43,962 - DEBUG - 执行AGV分配局部搜索，当前完工时间: 1902.00
2025-04-08 16:08:43,966 - DEBUG - 局部搜索未能改进当前解
2025-04-08 16:08:43,970 - DEBUG - 执行AGV分配局部搜索，当前完工时间: 1982.00
2025-04-08 16:08:43,973 - DEBUG - 局部搜索未能改进当前解
2025-04-08 16:08:43,977 - DEBUG - 执行AGV分配局部搜索，当前完工时间: 1924.00
2025-04-08 16:08:43,982 - DEBUG - 局部搜索未能改进当前解
2025-04-08 16:08:43,986 - DEBUG - 执行AGV分配局部搜索，当前完工时间: 2039.00
2025-04-08 16:08:43,990 - DEBUG - 局部搜索未能改进当前解
2025-04-08 16:08:43,994 - DEBUG - 执行AGV分配局部搜索，当前完工时间: 1888.00
2025-04-08 16:08:43,997 - DEBUG - 局部搜索未能改进当前解
2025-04-08 16:08:44,001 - DEBUG - 执行AGV分配局部搜索，当前完工时间: 2004.00
2025-04-08 16:08:44,005 - DEBUG - 局部搜索未能改进当前解
2025-04-08 16:08:44,008 - DEBUG - 执行AGV分配局部搜索，当前完工时间: 1946.00
2025-04-08 16:08:44,012 - DEBUG - 局部搜索未能改进当前解
2025-04-08 16:08:44,015 - DEBUG - 执行AGV分配局部搜索，当前完工时间: 1945.00
2025-04-08 16:08:44,019 - DEBUG - 局部搜索未能改进当前解
2025-04-08 16:08:44,022 - DEBUG - 执行AGV分配局部搜索，当前完工时间: 1928.00
2025-04-08 16:08:44,025 - DEBUG - 局部搜索未能改进当前解
2025-04-08 16:08:44,030 - DEBUG - 执行AGV分配局部搜索，当前完工时间: 1974.00
2025-04-08 16:08:44,033 - DEBUG - 局部搜索未能改进当前解
2025-04-08 16:08:44,037 - DEBUG - 执行AGV分配局部搜索，当前完工时间: 1959.00
2025-04-08 16:08:44,041 - DEBUG - 局部搜索未能改进当前解
2025-04-08 16:08:44,044 - DEBUG - 执行AGV分配局部搜索，当前完工时间: 1939.00
2025-04-08 16:08:44,047 - DEBUG - 局部搜索未能改进当前解
2025-04-08 16:08:44,051 - DEBUG - 执行AGV分配局部搜索，当前完工时间: 1925.00
2025-04-08 16:08:44,055 - DEBUG - 局部搜索未能改进当前解
2025-04-08 16:08:44,059 - DEBUG - 执行AGV分配局部搜索，当前完工时间: 1889.00
2025-04-08 16:08:44,062 - DEBUG - 局部搜索未能改进当前解
2025-04-08 16:08:44,066 - DEBUG - 执行AGV分配局部搜索，当前完工时间: 1971.00
2025-04-08 16:08:44,071 - DEBUG - 局部搜索未能改进当前解
2025-04-08 16:08:44,074 - DEBUG - 执行AGV分配局部搜索，当前完工时间: 1891.00
2025-04-08 16:08:44,078 - DEBUG - 局部搜索未能改进当前解
2025-04-08 16:08:44,081 - DEBUG - 执行AGV分配局部搜索，当前完工时间: 2058.00
2025-04-08 16:08:44,085 - DEBUG - AGV分配局部搜索成功！完工时间从 2058.00 降低到 2039.00，改进: 19.00 (0.92%)
2025-04-08 16:08:44,089 - DEBUG - 执行AGV分配局部搜索，当前完工时间: 2014.00
2025-04-08 16:08:44,092 - DEBUG - 局部搜索未能改进当前解
2025-04-08 16:08:44,096 - DEBUG - 执行AGV分配局部搜索，当前完工时间: 1956.00
2025-04-08 16:08:44,100 - DEBUG - 局部搜索未能改进当前解
2025-04-08 16:08:44,103 - DEBUG - 执行AGV分配局部搜索，当前完工时间: 2053.00
2025-04-08 16:08:44,107 - DEBUG - 局部搜索未能改进当前解
2025-04-08 16:08:44,110 - DEBUG - 执行AGV分配局部搜索，当前完工时间: 1866.00
2025-04-08 16:08:44,114 - DEBUG - 局部搜索未能改进当前解
2025-04-08 16:08:44,117 - DEBUG - 执行AGV分配局部搜索，当前完工时间: 1914.00
2025-04-08 16:08:44,121 - DEBUG - 局部搜索未能改进当前解
2025-04-08 16:08:44,125 - DEBUG - 执行AGV分配局部搜索，当前完工时间: 1896.00
2025-04-08 16:08:44,128 - DEBUG - 局部搜索未能改进当前解
2025-04-08 16:08:44,132 - DEBUG - 执行AGV分配局部搜索，当前完工时间: 1900.00
2025-04-08 16:08:44,135 - DEBUG - 局部搜索未能改进当前解
2025-04-08 16:08:44,139 - DEBUG - 执行AGV分配局部搜索，当前完工时间: 1922.00
2025-04-08 16:08:44,143 - DEBUG - 局部搜索未能改进当前解
2025-04-08 16:08:44,147 - DEBUG - 执行AGV分配局部搜索，当前完工时间: 2039.00
2025-04-08 16:08:44,152 - DEBUG - 局部搜索未能改进当前解
2025-04-08 16:08:44,155 - DEBUG - 执行AGV分配局部搜索，当前完工时间: 1934.00
2025-04-08 16:08:44,160 - DEBUG - 局部搜索未能改进当前解
2025-04-08 16:08:44,164 - DEBUG - 执行AGV分配局部搜索，当前完工时间: 2053.00
2025-04-08 16:08:44,166 - DEBUG - 局部搜索未能改进当前解
2025-04-08 16:08:44,170 - DEBUG - 执行AGV分配局部搜索，当前完工时间: 1833.00
2025-04-08 16:08:44,174 - DEBUG - 局部搜索未能改进当前解
2025-04-08 16:08:44,178 - DEBUG - 执行AGV分配局部搜索，当前完工时间: 1983.00
2025-04-08 16:08:44,181 - DEBUG - 局部搜索未能改进当前解
2025-04-08 16:08:44,185 - DEBUG - 执行AGV分配局部搜索，当前完工时间: 2004.00
2025-04-08 16:08:44,189 - DEBUG - 局部搜索未能改进当前解
2025-04-08 16:08:44,193 - DEBUG - 执行AGV分配局部搜索，当前完工时间: 2042.00
2025-04-08 16:08:44,197 - DEBUG - 局部搜索未能改进当前解
2025-04-08 16:08:44,201 - DEBUG - 执行AGV分配局部搜索，当前完工时间: 1914.00
2025-04-08 16:08:44,204 - DEBUG - 局部搜索未能改进当前解
2025-04-08 16:08:44,208 - DEBUG - 执行AGV分配局部搜索，当前完工时间: 1918.00
2025-04-08 16:08:44,212 - DEBUG - 局部搜索未能改进当前解
2025-04-08 16:08:44,216 - DEBUG - 执行AGV分配局部搜索，当前完工时间: 1938.00
2025-04-08 16:08:44,220 - DEBUG - 局部搜索未能改进当前解
2025-04-08 16:08:44,223 - DEBUG - 执行AGV分配局部搜索，当前完工时间: 1915.00
2025-04-08 16:08:44,227 - DEBUG - 局部搜索未能改进当前解
2025-04-08 16:08:44,231 - DEBUG - 执行AGV分配局部搜索，当前完工时间: 1945.00
2025-04-08 16:08:44,234 - DEBUG - 局部搜索未能改进当前解
2025-04-08 16:08:44,237 - DEBUG - 执行AGV分配局部搜索，当前完工时间: 1951.00
2025-04-08 16:08:44,241 - DEBUG - 局部搜索未能改进当前解
2025-04-08 16:08:44,245 - DEBUG - 执行AGV分配局部搜索，当前完工时间: 2000.00
2025-04-08 16:08:44,248 - DEBUG - 局部搜索未能改进当前解
2025-04-08 16:08:44,253 - DEBUG - 执行AGV分配局部搜索，当前完工时间: 1932.00
2025-04-08 16:08:44,257 - DEBUG - 局部搜索未能改进当前解
2025-04-08 16:08:44,262 - DEBUG - 执行AGV分配局部搜索，当前完工时间: 1922.00
2025-04-08 16:08:44,264 - DEBUG - 局部搜索未能改进当前解
2025-04-08 16:08:44,269 - DEBUG - 执行AGV分配局部搜索，当前完工时间: 1994.00
2025-04-08 16:08:44,273 - DEBUG - 局部搜索未能改进当前解
2025-04-08 16:08:44,275 - DEBUG - 执行AGV分配局部搜索，当前完工时间: 2113.00
2025-04-08 16:08:44,280 - DEBUG - 局部搜索未能改进当前解
2025-04-08 16:08:44,284 - DEBUG - 执行AGV分配局部搜索，当前完工时间: 1890.00
2025-04-08 16:08:44,288 - DEBUG - 局部搜索未能改进当前解
2025-04-08 16:08:44,292 - DEBUG - 执行AGV分配局部搜索，当前完工时间: 1887.00
2025-04-08 16:08:44,296 - DEBUG - 局部搜索未能改进当前解
2025-04-08 16:08:44,299 - DEBUG - 执行AGV分配局部搜索，当前完工时间: 1979.00
2025-04-08 16:08:44,303 - DEBUG - 局部搜索未能改进当前解
2025-04-08 16:08:44,307 - DEBUG - 执行AGV分配局部搜索，当前完工时间: 1952.00
2025-04-08 16:08:44,311 - DEBUG - 局部搜索未能改进当前解
2025-04-08 16:08:44,314 - DEBUG - 执行AGV分配局部搜索，当前完工时间: 1947.00
2025-04-08 16:08:44,318 - DEBUG - 局部搜索未能改进当前解
2025-04-08 16:08:44,318 - DEBUG - ==================================================
2025-04-08 16:08:44,318 - DEBUG - Efficiency Statistics of Local Search :
2025-04-08 16:08:44,318 - DEBUG - Number of attempts: 99
2025-04-08 16:08:44,318 - DEBUG - Average Success Rate: 9.09%
2025-04-08 16:08:44,318 - DEBUG - AGV Local Search Success: 9，Average Improvement: 19.33
2025-04-08 16:08:44,323 - DEBUG - 执行AGV分配局部搜索，当前完工时间: 1945.00
2025-04-08 16:08:44,326 - DEBUG - 局部搜索未能改进当前解
2025-04-08 16:08:44,330 - DEBUG - 执行AGV分配局部搜索，当前完工时间: 1901.00
2025-04-08 16:08:44,334 - DEBUG - 局部搜索未能改进当前解
2025-04-08 16:08:44,339 - DEBUG - 执行AGV分配局部搜索，当前完工时间: 1951.00
2025-04-08 16:08:44,342 - DEBUG - 局部搜索未能改进当前解
2025-04-08 16:08:44,347 - DEBUG - 执行AGV分配局部搜索，当前完工时间: 1986.00
2025-04-08 16:08:44,351 - DEBUG - 局部搜索未能改进当前解
2025-04-08 16:08:44,355 - DEBUG - 执行AGV分配局部搜索，当前完工时间: 1989.00
2025-04-08 16:08:44,358 - DEBUG - 局部搜索未能改进当前解
2025-04-08 16:08:44,362 - DEBUG - 执行AGV分配局部搜索，当前完工时间: 1926.00
2025-04-08 16:08:44,367 - DEBUG - 局部搜索未能改进当前解
2025-04-08 16:08:44,370 - DEBUG - 执行AGV分配局部搜索，当前完工时间: 1993.00
2025-04-08 16:08:44,373 - DEBUG - 局部搜索未能改进当前解
2025-04-08 16:08:44,376 - DEBUG - 执行AGV分配局部搜索，当前完工时间: 2012.00
2025-04-08 16:08:44,381 - DEBUG - 局部搜索未能改进当前解
2025-04-08 16:08:44,385 - DEBUG - 执行AGV分配局部搜索，当前完工时间: 1866.00
2025-04-08 16:08:44,388 - DEBUG - 局部搜索未能改进当前解
2025-04-08 16:08:44,393 - DEBUG - 执行AGV分配局部搜索，当前完工时间: 1974.00
2025-04-08 16:08:44,395 - DEBUG - 局部搜索未能改进当前解
2025-04-08 16:08:44,400 - DEBUG - 执行AGV分配局部搜索，当前完工时间: 1920.00
2025-04-08 16:08:44,403 - DEBUG - 局部搜索未能改进当前解
2025-04-08 16:08:44,407 - DEBUG - 执行AGV分配局部搜索，当前完工时间: 1971.00
2025-04-08 16:08:44,410 - DEBUG - AGV分配局部搜索成功！完工时间从 1971.00 降低到 1932.00，改进: 39.00 (1.98%)
2025-04-08 16:08:44,414 - DEBUG - 执行AGV分配局部搜索，当前完工时间: 1950.00
2025-04-08 16:08:44,418 - DEBUG - 局部搜索未能改进当前解
2025-04-08 16:08:44,423 - DEBUG - 执行AGV分配局部搜索，当前完工时间: 1924.00
2025-04-08 16:08:44,426 - DEBUG - 局部搜索未能改进当前解
2025-04-08 16:08:44,430 - DEBUG - 执行AGV分配局部搜索，当前完工时间: 1870.00
2025-04-08 16:08:44,433 - DEBUG - 局部搜索未能改进当前解
2025-04-08 16:08:44,437 - DEBUG - 执行AGV分配局部搜索，当前完工时间: 2016.00
2025-04-08 16:08:44,440 - DEBUG - 局部搜索未能改进当前解
2025-04-08 16:08:44,444 - DEBUG - 执行AGV分配局部搜索，当前完工时间: 1990.00
2025-04-08 16:08:44,447 - DEBUG - 局部搜索未能改进当前解
2025-04-08 16:08:44,452 - DEBUG - 执行AGV分配局部搜索，当前完工时间: 1966.00
2025-04-08 16:08:44,456 - DEBUG - AGV分配局部搜索成功！完工时间从 1966.00 降低到 1930.00，改进: 36.00 (1.83%)
2025-04-08 16:08:44,460 - DEBUG - 执行AGV分配局部搜索，当前完工时间: 2053.00
2025-04-08 16:08:44,463 - DEBUG - 局部搜索未能改进当前解
2025-04-08 16:08:44,467 - DEBUG - 执行AGV分配局部搜索，当前完工时间: 1970.00
2025-04-08 16:08:44,471 - DEBUG - 局部搜索未能改进当前解
2025-04-08 16:08:44,474 - DEBUG - 执行AGV分配局部搜索，当前完工时间: 1972.00
2025-04-08 16:08:44,479 - DEBUG - 局部搜索未能改进当前解
2025-04-08 16:08:44,483 - DEBUG - 执行AGV分配局部搜索，当前完工时间: 1956.00
2025-04-08 16:08:44,487 - DEBUG - 局部搜索未能改进当前解
2025-04-08 16:08:44,490 - DEBUG - 执行AGV分配局部搜索，当前完工时间: 2064.00
2025-04-08 16:08:44,494 - DEBUG - 局部搜索未能改进当前解
2025-04-08 16:08:44,497 - DEBUG - 执行AGV分配局部搜索，当前完工时间: 1942.00
2025-04-08 16:08:44,501 - DEBUG - 局部搜索未能改进当前解
2025-04-08 16:08:44,505 - DEBUG - 执行AGV分配局部搜索，当前完工时间: 1994.00
2025-04-08 16:08:44,509 - DEBUG - 局部搜索未能改进当前解
2025-04-08 16:08:44,513 - DEBUG - 执行AGV分配局部搜索，当前完工时间: 2023.00
2025-04-08 16:08:44,517 - DEBUG - 局部搜索未能改进当前解
2025-04-08 16:08:44,520 - DEBUG - 执行AGV分配局部搜索，当前完工时间: 1936.00
2025-04-08 16:08:44,524 - DEBUG - 局部搜索未能改进当前解
2025-04-08 16:08:44,528 - DEBUG - 执行AGV分配局部搜索，当前完工时间: 2025.00
2025-04-08 16:08:44,532 - DEBUG - 局部搜索未能改进当前解
2025-04-08 16:08:44,535 - DEBUG - 执行AGV分配局部搜索，当前完工时间: 1961.00
2025-04-08 16:08:44,540 - DEBUG - 局部搜索未能改进当前解
2025-04-08 16:08:44,544 - DEBUG - 执行AGV分配局部搜索，当前完工时间: 2026.00
2025-04-08 16:08:44,547 - DEBUG - 局部搜索未能改进当前解
2025-04-08 16:08:44,551 - DEBUG - 执行AGV分配局部搜索，当前完工时间: 2032.00
2025-04-08 16:08:44,554 - DEBUG - AGV分配局部搜索成功！完工时间从 2032.00 降低到 1980.00，改进: 52.00 (2.56%)
2025-04-08 16:08:44,558 - DEBUG - 执行AGV分配局部搜索，当前完工时间: 1932.00
2025-04-08 16:08:44,562 - DEBUG - 局部搜索未能改进当前解
2025-04-08 16:08:44,566 - DEBUG - 执行AGV分配局部搜索，当前完工时间: 1964.00
2025-04-08 16:08:44,570 - DEBUG - 局部搜索未能改进当前解
2025-04-08 16:08:44,573 - DEBUG - 执行AGV分配局部搜索，当前完工时间: 1928.00
2025-04-08 16:08:44,577 - DEBUG - AGV分配局部搜索成功！完工时间从 1928.00 降低到 1881.00，改进: 47.00 (2.44%)
2025-04-08 16:08:44,580 - DEBUG - 执行AGV分配局部搜索，当前完工时间: 1891.00
2025-04-08 16:08:44,584 - DEBUG - 局部搜索未能改进当前解
2025-04-08 16:08:44,589 - DEBUG - 执行AGV分配局部搜索，当前完工时间: 1912.00
2025-04-08 16:08:44,592 - DEBUG - 局部搜索未能改进当前解
2025-04-08 16:08:44,595 - DEBUG - 执行AGV分配局部搜索，当前完工时间: 1999.00
2025-04-08 16:08:44,599 - DEBUG - 局部搜索未能改进当前解
2025-04-08 16:08:44,602 - DEBUG - 执行AGV分配局部搜索，当前完工时间: 2021.00
2025-04-08 16:08:44,606 - DEBUG - 局部搜索未能改进当前解
2025-04-08 16:08:44,610 - DEBUG - 执行AGV分配局部搜索，当前完工时间: 1954.00
2025-04-08 16:08:44,614 - DEBUG - 局部搜索未能改进当前解
2025-04-08 16:08:44,618 - DEBUG - 执行AGV分配局部搜索，当前完工时间: 1922.00
2025-04-08 16:08:44,621 - DEBUG - 局部搜索未能改进当前解
2025-04-08 16:08:44,625 - DEBUG - 执行AGV分配局部搜索，当前完工时间: 1981.00
2025-04-08 16:08:44,629 - DEBUG - AGV分配局部搜索成功！完工时间从 1981.00 降低到 1968.00，改进: 13.00 (0.66%)
2025-04-08 16:08:44,632 - DEBUG - 执行AGV分配局部搜索，当前完工时间: 1932.00
2025-04-08 16:08:44,636 - DEBUG - 局部搜索未能改进当前解
2025-04-08 16:08:44,639 - DEBUG - 执行AGV分配局部搜索，当前完工时间: 1962.00
2025-04-08 16:08:44,642 - DEBUG - 局部搜索未能改进当前解
2025-04-08 16:08:44,646 - DEBUG - 执行AGV分配局部搜索，当前完工时间: 1935.00
2025-04-08 16:08:44,650 - DEBUG - 局部搜索未能改进当前解
2025-04-08 16:08:44,654 - DEBUG - 执行AGV分配局部搜索，当前完工时间: 2088.00
2025-04-08 16:08:44,657 - DEBUG - 局部搜索未能改进当前解
2025-04-08 16:08:44,661 - DEBUG - 执行AGV分配局部搜索，当前完工时间: 1866.00
2025-04-08 16:08:44,665 - DEBUG - 局部搜索未能改进当前解
2025-04-08 16:08:44,668 - DEBUG - 执行AGV分配局部搜索，当前完工时间: 1876.00
2025-04-08 16:08:44,672 - DEBUG - 局部搜索未能改进当前解
2025-04-08 16:08:44,675 - DEBUG - 执行AGV分配局部搜索，当前完工时间: 1946.00
2025-04-08 16:08:44,679 - DEBUG - 局部搜索未能改进当前解
2025-04-08 16:08:44,683 - DEBUG - 执行AGV分配局部搜索，当前完工时间: 1876.00
2025-04-08 16:08:44,686 - DEBUG - 局部搜索未能改进当前解
2025-04-08 16:08:44,690 - DEBUG - 执行AGV分配局部搜索，当前完工时间: 2047.00
2025-04-08 16:08:44,693 - DEBUG - 局部搜索未能改进当前解
2025-04-08 16:08:44,697 - DEBUG - 执行AGV分配局部搜索，当前完工时间: 2132.00
2025-04-08 16:08:44,701 - DEBUG - 局部搜索未能改进当前解
2025-04-08 16:08:44,704 - DEBUG - 执行AGV分配局部搜索，当前完工时间: 1959.00
2025-04-08 16:08:44,707 - DEBUG - 局部搜索未能改进当前解
2025-04-08 16:08:44,713 - DEBUG - 执行AGV分配局部搜索，当前完工时间: 1964.00
2025-04-08 16:08:44,717 - DEBUG - AGV分配局部搜索成功！完工时间从 1964.00 降低到 1946.00，改进: 18.00 (0.92%)
2025-04-08 16:08:44,720 - DEBUG - 执行AGV分配局部搜索，当前完工时间: 1945.00
2025-04-08 16:08:44,724 - DEBUG - 局部搜索未能改进当前解
2025-04-08 16:08:44,728 - DEBUG - 执行AGV分配局部搜索，当前完工时间: 2063.00
2025-04-08 16:08:44,731 - DEBUG - AGV分配局部搜索成功！完工时间从 2063.00 降低到 2057.00，改进: 6.00 (0.29%)
2025-04-08 16:08:44,735 - DEBUG - 执行AGV分配局部搜索，当前完工时间: 2014.00
2025-04-08 16:08:44,739 - DEBUG - AGV分配局部搜索成功！完工时间从 2014.00 降低到 1980.00，改进: 34.00 (1.69%)
2025-04-08 16:08:44,743 - DEBUG - 执行AGV分配局部搜索，当前完工时间: 1921.00
2025-04-08 16:08:44,747 - DEBUG - AGV分配局部搜索成功！完工时间从 1921.00 降低到 1883.00，改进: 38.00 (1.98%)
2025-04-08 16:08:44,751 - DEBUG - 执行AGV分配局部搜索，当前完工时间: 1938.00
2025-04-08 16:08:44,754 - DEBUG - 局部搜索未能改进当前解
2025-04-08 16:08:44,757 - DEBUG - 执行AGV分配局部搜索，当前完工时间: 1926.00
2025-04-08 16:08:44,762 - DEBUG - 局部搜索未能改进当前解
2025-04-08 16:08:44,766 - DEBUG - 执行AGV分配局部搜索，当前完工时间: 2008.00
2025-04-08 16:08:44,769 - DEBUG - 局部搜索未能改进当前解
2025-04-08 16:08:44,774 - DEBUG - 执行AGV分配局部搜索，当前完工时间: 1873.00
2025-04-08 16:08:44,777 - DEBUG - AGV分配局部搜索成功！完工时间从 1873.00 降低到 1868.00，改进: 5.00 (0.27%)
2025-04-08 16:08:44,781 - DEBUG - 执行AGV分配局部搜索，当前完工时间: 2049.00
2025-04-08 16:08:44,784 - DEBUG - 局部搜索未能改进当前解
2025-04-08 16:08:44,788 - DEBUG - 执行AGV分配局部搜索，当前完工时间: 1863.00
2025-04-08 16:08:44,791 - DEBUG - 局部搜索未能改进当前解
2025-04-08 16:08:44,795 - DEBUG - 执行AGV分配局部搜索，当前完工时间: 2049.00
2025-04-08 16:08:44,799 - DEBUG - 局部搜索未能改进当前解
2025-04-08 16:08:44,803 - DEBUG - 执行AGV分配局部搜索，当前完工时间: 1900.00
2025-04-08 16:08:44,807 - DEBUG - 局部搜索未能改进当前解
2025-04-08 16:08:44,810 - DEBUG - 执行AGV分配局部搜索，当前完工时间: 1921.00
2025-04-08 16:08:44,814 - DEBUG - 局部搜索未能改进当前解
2025-04-08 16:08:44,819 - DEBUG - 执行AGV分配局部搜索，当前完工时间: 1962.00
2025-04-08 16:08:44,821 - DEBUG - 局部搜索未能改进当前解
2025-04-08 16:08:44,826 - DEBUG - 执行AGV分配局部搜索，当前完工时间: 2051.00
2025-04-08 16:08:44,830 - DEBUG - 局部搜索未能改进当前解
2025-04-08 16:08:44,833 - DEBUG - 执行AGV分配局部搜索，当前完工时间: 1934.00
2025-04-08 16:08:44,837 - DEBUG - AGV分配局部搜索成功！完工时间从 1934.00 降低到 1913.00，改进: 21.00 (1.09%)
2025-04-08 16:08:44,841 - DEBUG - 执行AGV分配局部搜索，当前完工时间: 2023.00
2025-04-08 16:08:44,845 - DEBUG - 局部搜索未能改进当前解
2025-04-08 16:08:44,847 - DEBUG - 执行AGV分配局部搜索，当前完工时间: 1987.00
2025-04-08 16:08:44,851 - DEBUG - 局部搜索未能改进当前解
2025-04-08 16:08:44,855 - DEBUG - 执行AGV分配局部搜索，当前完工时间: 1874.00
2025-04-08 16:08:44,859 - DEBUG - 局部搜索未能改进当前解
2025-04-08 16:08:44,862 - DEBUG - 执行AGV分配局部搜索，当前完工时间: 1910.00
2025-04-08 16:08:44,866 - DEBUG - 局部搜索未能改进当前解
2025-04-08 16:08:44,869 - DEBUG - 执行AGV分配局部搜索，当前完工时间: 1961.00
2025-04-08 16:08:44,873 - DEBUG - 局部搜索未能改进当前解
2025-04-08 16:08:44,876 - DEBUG - 执行AGV分配局部搜索，当前完工时间: 1978.00
2025-04-08 16:08:44,881 - DEBUG - 局部搜索未能改进当前解
2025-04-08 16:08:44,885 - DEBUG - 执行AGV分配局部搜索，当前完工时间: 1969.00
2025-04-08 16:08:44,888 - DEBUG - AGV分配局部搜索成功！完工时间从 1969.00 降低到 1962.00，改进: 7.00 (0.36%)
2025-04-08 16:08:44,892 - DEBUG - 执行AGV分配局部搜索，当前完工时间: 1972.00
2025-04-08 16:08:44,895 - DEBUG - 局部搜索未能改进当前解
2025-04-08 16:08:44,899 - DEBUG - 执行AGV分配局部搜索，当前完工时间: 1946.00
2025-04-08 16:08:44,903 - DEBUG - 局部搜索未能改进当前解
2025-04-08 16:08:44,907 - DEBUG - 执行AGV分配局部搜索，当前完工时间: 1976.00
2025-04-08 16:08:44,910 - DEBUG - 局部搜索未能改进当前解
2025-04-08 16:08:44,914 - DEBUG - 执行AGV分配局部搜索，当前完工时间: 1907.00
2025-04-08 16:08:44,918 - DEBUG - 局部搜索未能改进当前解
2025-04-08 16:08:44,922 - DEBUG - 执行AGV分配局部搜索，当前完工时间: 1972.00
2025-04-08 16:08:44,925 - DEBUG - 局部搜索未能改进当前解
2025-04-08 16:08:44,928 - DEBUG - 执行AGV分配局部搜索，当前完工时间: 1913.00
2025-04-08 16:08:44,934 - DEBUG - 局部搜索未能改进当前解
2025-04-08 16:08:44,938 - DEBUG - 执行AGV分配局部搜索，当前完工时间: 1888.00
2025-04-08 16:08:44,941 - DEBUG - 局部搜索未能改进当前解
2025-04-08 16:08:44,944 - DEBUG - 执行AGV分配局部搜索，当前完工时间: 1917.00
2025-04-08 16:08:44,948 - DEBUG - 局部搜索未能改进当前解
2025-04-08 16:08:44,952 - DEBUG - 执行AGV分配局部搜索，当前完工时间: 1908.00
2025-04-08 16:08:44,955 - DEBUG - 局部搜索未能改进当前解
2025-04-08 16:08:44,959 - DEBUG - 执行AGV分配局部搜索，当前完工时间: 1999.00
2025-04-08 16:08:44,962 - DEBUG - 局部搜索未能改进当前解
2025-04-08 16:08:44,967 - DEBUG - 执行AGV分配局部搜索，当前完工时间: 1852.00
2025-04-08 16:08:44,970 - DEBUG - 局部搜索未能改进当前解
2025-04-08 16:08:44,974 - DEBUG - 执行AGV分配局部搜索，当前完工时间: 1894.00
2025-04-08 16:08:44,977 - DEBUG - 局部搜索未能改进当前解
2025-04-08 16:08:44,982 - DEBUG - 执行AGV分配局部搜索，当前完工时间: 1918.00
2025-04-08 16:08:44,986 - DEBUG - 局部搜索未能改进当前解
2025-04-08 16:08:44,989 - DEBUG - 执行AGV分配局部搜索，当前完工时间: 1937.00
2025-04-08 16:08:44,994 - DEBUG - 局部搜索未能改进当前解
2025-04-08 16:08:44,997 - DEBUG - 执行AGV分配局部搜索，当前完工时间: 2008.00
2025-04-08 16:08:45,001 - DEBUG - 局部搜索未能改进当前解
2025-04-08 16:08:45,005 - DEBUG - 执行AGV分配局部搜索，当前完工时间: 2067.00
2025-04-08 16:08:45,008 - DEBUG - 局部搜索未能改进当前解
2025-04-08 16:08:45,012 - DEBUG - 执行AGV分配局部搜索，当前完工时间: 1884.00
2025-04-08 16:08:45,016 - DEBUG - 局部搜索未能改进当前解
2025-04-08 16:08:45,020 - DEBUG - 执行AGV分配局部搜索，当前完工时间: 1906.00
2025-04-08 16:08:45,024 - DEBUG - 局部搜索未能改进当前解
2025-04-08 16:08:45,027 - DEBUG - 执行AGV分配局部搜索，当前完工时间: 1922.00
2025-04-08 16:08:45,030 - DEBUG - 局部搜索未能改进当前解
2025-04-08 16:08:45,034 - DEBUG - 执行AGV分配局部搜索，当前完工时间: 2002.00
2025-04-08 16:08:45,038 - DEBUG - 局部搜索未能改进当前解
2025-04-08 16:08:45,041 - DEBUG - 执行AGV分配局部搜索，当前完工时间: 1919.00
2025-04-08 16:08:45,045 - DEBUG - 局部搜索未能改进当前解
2025-04-08 16:08:45,049 - DEBUG - 执行AGV分配局部搜索，当前完工时间: 1902.00
2025-04-08 16:08:45,052 - DEBUG - 局部搜索未能改进当前解
2025-04-08 16:08:45,056 - DEBUG - 执行AGV分配局部搜索，当前完工时间: 1990.00
2025-04-08 16:08:45,060 - DEBUG - 局部搜索未能改进当前解
2025-04-08 16:08:45,060 - DEBUG - ==================================================
2025-04-08 16:08:45,060 - DEBUG - Efficiency Statistics of Local Search :
2025-04-08 16:08:45,060 - DEBUG - Number of attempts: 99
2025-04-08 16:08:45,060 - DEBUG - Average Success Rate: 12.12%
2025-04-08 16:08:45,060 - DEBUG - AGV Local Search Success: 12，Average Improvement: 26.33
2025-04-08 16:08:45,064 - DEBUG - 执行AGV分配局部搜索，当前完工时间: 2060.00
2025-04-08 16:08:45,068 - DEBUG - 局部搜索未能改进当前解
2025-04-08 16:08:45,072 - DEBUG - 执行AGV分配局部搜索，当前完工时间: 2004.00
2025-04-08 16:08:45,077 - DEBUG - AGV分配局部搜索成功！完工时间从 2004.00 降低到 1999.00，改进: 5.00 (0.25%)
2025-04-08 16:08:45,080 - DEBUG - 执行AGV分配局部搜索，当前完工时间: 1989.00
2025-04-08 16:08:45,085 - DEBUG - AGV分配局部搜索成功！完工时间从 1989.00 降低到 1979.00，改进: 10.00 (0.50%)
2025-04-08 16:08:45,089 - DEBUG - 执行AGV分配局部搜索，当前完工时间: 1983.00
2025-04-08 16:08:45,092 - DEBUG - 局部搜索未能改进当前解
2025-04-08 16:08:45,096 - DEBUG - 执行AGV分配局部搜索，当前完工时间: 1976.00
2025-04-08 16:08:45,100 - DEBUG - 局部搜索未能改进当前解
2025-04-08 16:08:45,104 - DEBUG - 执行AGV分配局部搜索，当前完工时间: 1924.00
2025-04-08 16:08:45,107 - DEBUG - 局部搜索未能改进当前解
2025-04-08 16:08:45,111 - DEBUG - 执行AGV分配局部搜索，当前完工时间: 1868.00
2025-04-08 16:08:45,115 - DEBUG - 局部搜索未能改进当前解
2025-04-08 16:08:45,118 - DEBUG - 执行AGV分配局部搜索，当前完工时间: 1910.00
2025-04-08 16:08:45,121 - DEBUG - 局部搜索未能改进当前解
2025-04-08 16:08:45,125 - DEBUG - 执行AGV分配局部搜索，当前完工时间: 1916.00
2025-04-08 16:08:45,129 - DEBUG - 局部搜索未能改进当前解
2025-04-08 16:08:45,134 - DEBUG - 执行AGV分配局部搜索，当前完工时间: 1891.00
2025-04-08 16:08:45,137 - DEBUG - 局部搜索未能改进当前解
2025-04-08 16:08:45,142 - DEBUG - 执行AGV分配局部搜索，当前完工时间: 1927.00
2025-04-08 16:08:45,145 - DEBUG - 局部搜索未能改进当前解
2025-04-08 16:08:45,150 - DEBUG - 执行AGV分配局部搜索，当前完工时间: 2045.00
2025-04-08 16:08:45,153 - DEBUG - 局部搜索未能改进当前解
2025-04-08 16:08:45,157 - DEBUG - 执行AGV分配局部搜索，当前完工时间: 1863.00
2025-04-08 16:08:45,161 - DEBUG - 局部搜索未能改进当前解
2025-04-08 16:08:45,165 - DEBUG - 执行AGV分配局部搜索，当前完工时间: 1956.00
2025-04-08 16:08:45,168 - DEBUG - 局部搜索未能改进当前解
2025-04-08 16:08:45,172 - DEBUG - 执行AGV分配局部搜索，当前完工时间: 1862.00
2025-04-08 16:08:45,175 - DEBUG - 局部搜索未能改进当前解
2025-04-08 16:08:45,179 - DEBUG - 执行AGV分配局部搜索，当前完工时间: 1940.00
2025-04-08 16:08:45,183 - DEBUG - 局部搜索未能改进当前解
2025-04-08 16:08:45,186 - DEBUG - 执行AGV分配局部搜索，当前完工时间: 1874.00
2025-04-08 16:08:45,190 - DEBUG - 局部搜索未能改进当前解
2025-04-08 16:08:45,193 - DEBUG - 执行AGV分配局部搜索，当前完工时间: 1935.00
2025-04-08 16:08:45,197 - DEBUG - 局部搜索未能改进当前解
2025-04-08 16:08:45,200 - DEBUG - 执行AGV分配局部搜索，当前完工时间: 1962.00
2025-04-08 16:08:45,204 - DEBUG - 局部搜索未能改进当前解
2025-04-08 16:08:45,208 - DEBUG - 执行AGV分配局部搜索，当前完工时间: 1915.00
2025-04-08 16:08:45,212 - DEBUG - 局部搜索未能改进当前解
2025-04-08 16:08:45,215 - DEBUG - 执行AGV分配局部搜索，当前完工时间: 1901.00
2025-04-08 16:08:45,219 - DEBUG - 局部搜索未能改进当前解
2025-04-08 16:08:45,222 - DEBUG - 执行AGV分配局部搜索，当前完工时间: 1866.00
2025-04-08 16:08:45,225 - DEBUG - 局部搜索未能改进当前解
2025-04-08 16:08:45,230 - DEBUG - 执行AGV分配局部搜索，当前完工时间: 1958.00
2025-04-08 16:08:45,233 - DEBUG - 局部搜索未能改进当前解
2025-04-08 16:08:45,236 - DEBUG - 执行AGV分配局部搜索，当前完工时间: 1932.00
2025-04-08 16:08:45,240 - DEBUG - 局部搜索未能改进当前解
2025-04-08 16:08:45,244 - DEBUG - 执行AGV分配局部搜索，当前完工时间: 1967.00
2025-04-08 16:08:45,247 - DEBUG - 局部搜索未能改进当前解
2025-04-08 16:08:45,251 - DEBUG - 执行AGV分配局部搜索，当前完工时间: 1994.00
2025-04-08 16:08:45,255 - DEBUG - 局部搜索未能改进当前解
2025-04-08 16:08:45,259 - DEBUG - 执行AGV分配局部搜索，当前完工时间: 1876.00
2025-04-08 16:08:45,262 - DEBUG - 局部搜索未能改进当前解
2025-04-08 16:08:45,267 - DEBUG - 执行AGV分配局部搜索，当前完工时间: 1979.00
2025-04-08 16:08:45,271 - DEBUG - AGV分配局部搜索成功！完工时间从 1979.00 降低到 1963.00，改进: 16.00 (0.81%)
2025-04-08 16:08:45,274 - DEBUG - 执行AGV分配局部搜索，当前完工时间: 1901.00
2025-04-08 16:08:45,278 - DEBUG - 局部搜索未能改进当前解
2025-04-08 16:08:45,281 - DEBUG - 执行AGV分配局部搜索，当前完工时间: 1919.00
2025-04-08 16:08:45,285 - DEBUG - 局部搜索未能改进当前解
2025-04-08 16:08:45,289 - DEBUG - 执行AGV分配局部搜索，当前完工时间: 1934.00
2025-04-08 16:08:45,292 - DEBUG - AGV分配局部搜索成功！完工时间从 1934.00 降低到 1929.00，改进: 5.00 (0.26%)
2025-04-08 16:08:45,295 - DEBUG - 执行AGV分配局部搜索，当前完工时间: 1855.00
2025-04-08 16:08:45,299 - DEBUG - 局部搜索未能改进当前解
2025-04-08 16:08:45,303 - DEBUG - 执行AGV分配局部搜索，当前完工时间: 1911.00
2025-04-08 16:08:45,307 - DEBUG - 局部搜索未能改进当前解
2025-04-08 16:08:45,311 - DEBUG - 执行AGV分配局部搜索，当前完工时间: 1958.00
2025-04-08 16:08:45,314 - DEBUG - 局部搜索未能改进当前解
2025-04-08 16:08:45,318 - DEBUG - 执行AGV分配局部搜索，当前完工时间: 1902.00
2025-04-08 16:08:45,322 - DEBUG - 局部搜索未能改进当前解
2025-04-08 16:08:45,325 - DEBUG - 执行AGV分配局部搜索，当前完工时间: 1915.00
2025-04-08 16:08:45,329 - DEBUG - 局部搜索未能改进当前解
2025-04-08 16:08:45,333 - DEBUG - 执行AGV分配局部搜索，当前完工时间: 1932.00
2025-04-08 16:08:45,336 - DEBUG - 局部搜索未能改进当前解
2025-04-08 16:08:45,340 - DEBUG - 执行AGV分配局部搜索，当前完工时间: 1994.00
2025-04-08 16:08:45,344 - DEBUG - AGV分配局部搜索成功！完工时间从 1994.00 降低到 1989.00，改进: 5.00 (0.25%)
2025-04-08 16:08:45,347 - DEBUG - 执行AGV分配局部搜索，当前完工时间: 1888.00
2025-04-08 16:08:45,352 - DEBUG - 局部搜索未能改进当前解
2025-04-08 16:08:45,355 - DEBUG - 执行AGV分配局部搜索，当前完工时间: 2044.00
2025-04-08 16:08:45,359 - DEBUG - AGV分配局部搜索成功！完工时间从 2044.00 降低到 2012.00，改进: 32.00 (1.57%)
2025-04-08 16:08:45,362 - DEBUG - 执行AGV分配局部搜索，当前完工时间: 1961.00
2025-04-08 16:08:45,367 - DEBUG - 局部搜索未能改进当前解
2025-04-08 16:08:45,371 - DEBUG - 执行AGV分配局部搜索，当前完工时间: 1936.00
2025-04-08 16:08:45,373 - DEBUG - 局部搜索未能改进当前解
2025-04-08 16:08:45,378 - DEBUG - 执行AGV分配局部搜索，当前完工时间: 1989.00
2025-04-08 16:08:45,382 - DEBUG - 局部搜索未能改进当前解
2025-04-08 16:08:45,385 - DEBUG - 执行AGV分配局部搜索，当前完工时间: 1913.00
2025-04-08 16:08:45,389 - DEBUG - AGV分配局部搜索成功！完工时间从 1913.00 降低到 1904.00，改进: 9.00 (0.47%)
2025-04-08 16:08:45,393 - DEBUG - 执行AGV分配局部搜索，当前完工时间: 1870.00
2025-04-08 16:08:45,397 - DEBUG - 局部搜索未能改进当前解
2025-04-08 16:08:45,401 - DEBUG - 执行AGV分配局部搜索，当前完工时间: 1904.00
2025-04-08 16:08:45,404 - DEBUG - 局部搜索未能改进当前解
2025-04-08 16:08:45,407 - DEBUG - 执行AGV分配局部搜索，当前完工时间: 1948.00
2025-04-08 16:08:45,411 - DEBUG - 局部搜索未能改进当前解
2025-04-08 16:08:45,415 - DEBUG - 执行AGV分配局部搜索，当前完工时间: 2030.00
2025-04-08 16:08:45,418 - DEBUG - 局部搜索未能改进当前解
2025-04-08 16:08:45,422 - DEBUG - 执行AGV分配局部搜索，当前完工时间: 1962.00
2025-04-08 16:08:45,425 - DEBUG - 局部搜索未能改进当前解
2025-04-08 16:08:45,429 - DEBUG - 执行AGV分配局部搜索，当前完工时间: 1912.00
2025-04-08 16:08:45,433 - DEBUG - 局部搜索未能改进当前解
2025-04-08 16:08:45,437 - DEBUG - 执行AGV分配局部搜索，当前完工时间: 1997.00
2025-04-08 16:08:45,440 - DEBUG - 局部搜索未能改进当前解
2025-04-08 16:08:45,445 - DEBUG - 执行AGV分配局部搜索，当前完工时间: 1840.00
2025-04-08 16:08:45,447 - DEBUG - 局部搜索未能改进当前解
2025-04-08 16:08:45,452 - DEBUG - 执行AGV分配局部搜索，当前完工时间: 1968.00
2025-04-08 16:08:45,455 - DEBUG - 局部搜索未能改进当前解
2025-04-08 16:08:45,460 - DEBUG - 执行AGV分配局部搜索，当前完工时间: 1948.00
2025-04-08 16:08:45,463 - DEBUG - 局部搜索未能改进当前解
2025-04-08 16:08:45,467 - DEBUG - 执行AGV分配局部搜索，当前完工时间: 2000.00
2025-04-08 16:08:45,470 - DEBUG - 局部搜索未能改进当前解
2025-04-08 16:08:45,474 - DEBUG - 执行AGV分配局部搜索，当前完工时间: 1892.00
2025-04-08 16:08:45,478 - DEBUG - 局部搜索未能改进当前解
2025-04-08 16:08:45,481 - DEBUG - 执行AGV分配局部搜索，当前完工时间: 2136.00
2025-04-08 16:08:45,484 - DEBUG - 局部搜索未能改进当前解
2025-04-08 16:08:45,490 - DEBUG - 执行AGV分配局部搜索，当前完工时间: 2090.00
2025-04-08 16:08:45,494 - DEBUG - AGV分配局部搜索成功！完工时间从 2090.00 降低到 2047.00，改进: 43.00 (2.06%)
2025-04-08 16:08:45,497 - DEBUG - 执行AGV分配局部搜索，当前完工时间: 1982.00
2025-04-08 16:08:45,501 - DEBUG - AGV分配局部搜索成功！完工时间从 1982.00 降低到 1944.00，改进: 38.00 (1.92%)
2025-04-08 16:08:45,505 - DEBUG - 执行AGV分配局部搜索，当前完工时间: 1885.00
2025-04-08 16:08:45,509 - DEBUG - 局部搜索未能改进当前解
2025-04-08 16:08:45,513 - DEBUG - 执行AGV分配局部搜索，当前完工时间: 1966.00
2025-04-08 16:08:45,517 - DEBUG - 局部搜索未能改进当前解
2025-04-08 16:08:45,520 - DEBUG - 执行AGV分配局部搜索，当前完工时间: 2025.00
2025-04-08 16:08:45,524 - DEBUG - 局部搜索未能改进当前解
2025-04-08 16:08:45,528 - DEBUG - 执行AGV分配局部搜索，当前完工时间: 2109.00
2025-04-08 16:08:45,531 - DEBUG - AGV分配局部搜索成功！完工时间从 2109.00 降低到 2089.00，改进: 20.00 (0.95%)
2025-04-08 16:08:45,536 - DEBUG - 执行AGV分配局部搜索，当前完工时间: 1959.00
2025-04-08 16:08:45,539 - DEBUG - AGV分配局部搜索成功！完工时间从 1959.00 降低到 1953.00，改进: 6.00 (0.31%)
2025-04-08 16:08:45,543 - DEBUG - 执行AGV分配局部搜索，当前完工时间: 1918.00
2025-04-08 16:08:45,546 - DEBUG - 局部搜索未能改进当前解
2025-04-08 16:08:45,550 - DEBUG - 执行AGV分配局部搜索，当前完工时间: 1939.00
2025-04-08 16:08:45,554 - DEBUG - 局部搜索未能改进当前解
2025-04-08 16:08:45,559 - DEBUG - 执行AGV分配局部搜索，当前完工时间: 1946.00
2025-04-08 16:08:45,564 - DEBUG - 局部搜索未能改进当前解
2025-04-08 16:08:45,567 - DEBUG - 执行AGV分配局部搜索，当前完工时间: 2090.00
2025-04-08 16:08:45,572 - DEBUG - 局部搜索未能改进当前解
2025-04-08 16:08:45,575 - DEBUG - 执行AGV分配局部搜索，当前完工时间: 1930.00
2025-04-08 16:08:45,579 - DEBUG - 局部搜索未能改进当前解
2025-04-08 16:08:45,583 - DEBUG - 执行AGV分配局部搜索，当前完工时间: 1884.00
2025-04-08 16:08:45,587 - DEBUG - 局部搜索未能改进当前解
2025-04-08 16:08:45,590 - DEBUG - 执行AGV分配局部搜索，当前完工时间: 2029.00
2025-04-08 16:08:45,593 - DEBUG - AGV分配局部搜索成功！完工时间从 2029.00 降低到 1994.00，改进: 35.00 (1.72%)
2025-04-08 16:08:45,597 - DEBUG - 执行AGV分配局部搜索，当前完工时间: 1998.00
2025-04-08 16:08:45,600 - DEBUG - 局部搜索未能改进当前解
2025-04-08 16:08:45,604 - DEBUG - 执行AGV分配局部搜索，当前完工时间: 1932.00
2025-04-08 16:08:45,608 - DEBUG - 局部搜索未能改进当前解
2025-04-08 16:08:45,612 - DEBUG - 执行AGV分配局部搜索，当前完工时间: 1912.00
2025-04-08 16:08:45,616 - DEBUG - 局部搜索未能改进当前解
2025-04-08 16:08:45,619 - DEBUG - 执行AGV分配局部搜索，当前完工时间: 1942.00
2025-04-08 16:08:45,622 - DEBUG - AGV分配局部搜索成功！完工时间从 1942.00 降低到 1909.00，改进: 33.00 (1.70%)
2025-04-08 16:08:45,626 - DEBUG - 执行AGV分配局部搜索，当前完工时间: 1989.00
2025-04-08 16:08:45,630 - DEBUG - 局部搜索未能改进当前解
2025-04-08 16:08:45,635 - DEBUG - 执行AGV分配局部搜索，当前完工时间: 1917.00
2025-04-08 16:08:45,639 - DEBUG - 局部搜索未能改进当前解
2025-04-08 16:08:45,642 - DEBUG - 执行AGV分配局部搜索，当前完工时间: 1914.00
2025-04-08 16:08:45,645 - DEBUG - 局部搜索未能改进当前解
2025-04-08 16:08:45,650 - DEBUG - 执行AGV分配局部搜索，当前完工时间: 1972.00
2025-04-08 16:08:45,654 - DEBUG - 局部搜索未能改进当前解
2025-04-08 16:08:45,657 - DEBUG - 执行AGV分配局部搜索，当前完工时间: 2014.00
2025-04-08 16:08:45,661 - DEBUG - 局部搜索未能改进当前解
2025-04-08 16:08:45,666 - DEBUG - 执行AGV分配局部搜索，当前完工时间: 1908.00
2025-04-08 16:08:45,669 - DEBUG - 局部搜索未能改进当前解
2025-04-08 16:08:45,674 - DEBUG - 执行AGV分配局部搜索，当前完工时间: 1944.00
2025-04-08 16:08:45,677 - DEBUG - 局部搜索未能改进当前解
2025-04-08 16:08:45,681 - DEBUG - 执行AGV分配局部搜索，当前完工时间: 1958.00
2025-04-08 16:08:45,684 - DEBUG - 局部搜索未能改进当前解
2025-04-08 16:08:45,687 - DEBUG - 执行AGV分配局部搜索，当前完工时间: 1977.00
2025-04-08 16:08:45,692 - DEBUG - AGV分配局部搜索成功！完工时间从 1977.00 降低到 1969.00，改进: 8.00 (0.40%)
2025-04-08 16:08:45,696 - DEBUG - 执行AGV分配局部搜索，当前完工时间: 2033.00
2025-04-08 16:08:45,699 - DEBUG - AGV分配局部搜索成功！完工时间从 2033.00 降低到 2031.00，改进: 2.00 (0.10%)
2025-04-08 16:08:45,703 - DEBUG - 执行AGV分配局部搜索，当前完工时间: 2093.00
2025-04-08 16:08:45,707 - DEBUG - AGV分配局部搜索成功！完工时间从 2093.00 降低到 2086.00，改进: 7.00 (0.33%)
2025-04-08 16:08:45,711 - DEBUG - 执行AGV分配局部搜索，当前完工时间: 2179.00
2025-04-08 16:08:45,714 - DEBUG - AGV分配局部搜索成功！完工时间从 2179.00 降低到 2154.00，改进: 25.00 (1.15%)
2025-04-08 16:08:45,718 - DEBUG - 执行AGV分配局部搜索，当前完工时间: 1915.00
2025-04-08 16:08:45,721 - DEBUG - AGV分配局部搜索成功！完工时间从 1915.00 降低到 1899.00，改进: 16.00 (0.84%)
2025-04-08 16:08:45,724 - DEBUG - 执行AGV分配局部搜索，当前完工时间: 1926.00
2025-04-08 16:08:45,728 - DEBUG - 局部搜索未能改进当前解
2025-04-08 16:08:45,731 - DEBUG - 执行AGV分配局部搜索，当前完工时间: 1941.00
2025-04-08 16:08:45,735 - DEBUG - AGV分配局部搜索成功！完工时间从 1941.00 降低到 1909.00，改进: 32.00 (1.65%)
2025-04-08 16:08:45,739 - DEBUG - 执行AGV分配局部搜索，当前完工时间: 1918.00
2025-04-08 16:08:45,743 - DEBUG - 局部搜索未能改进当前解
2025-04-08 16:08:45,747 - DEBUG - 执行AGV分配局部搜索，当前完工时间: 1962.00
2025-04-08 16:08:45,750 - DEBUG - 局部搜索未能改进当前解
2025-04-08 16:08:45,754 - DEBUG - 执行AGV分配局部搜索，当前完工时间: 1978.00
2025-04-08 16:08:45,757 - DEBUG - 局部搜索未能改进当前解
2025-04-08 16:08:45,761 - DEBUG - 执行AGV分配局部搜索，当前完工时间: 1920.00
2025-04-08 16:08:45,764 - DEBUG - 局部搜索未能改进当前解
2025-04-08 16:08:45,768 - DEBUG - 执行AGV分配局部搜索，当前完工时间: 1860.00
2025-04-08 16:08:45,772 - DEBUG - 局部搜索未能改进当前解
2025-04-08 16:08:45,775 - DEBUG - 执行AGV分配局部搜索，当前完工时间: 1951.00
2025-04-08 16:08:45,780 - DEBUG - 局部搜索未能改进当前解
2025-04-08 16:08:45,783 - DEBUG - 执行AGV分配局部搜索，当前完工时间: 1895.00
2025-04-08 16:08:45,787 - DEBUG - 局部搜索未能改进当前解
2025-04-08 16:08:45,791 - DEBUG - 执行AGV分配局部搜索，当前完工时间: 1932.00
2025-04-08 16:08:45,795 - DEBUG - 局部搜索未能改进当前解
2025-04-08 16:08:45,797 - DEBUG - 执行AGV分配局部搜索，当前完工时间: 1908.00
2025-04-08 16:08:45,802 - DEBUG - 局部搜索未能改进当前解
2025-04-08 16:08:45,802 - DEBUG - ==================================================
2025-04-08 16:08:45,802 - DEBUG - Efficiency Statistics of Local Search :
2025-04-08 16:08:45,802 - DEBUG - Number of attempts: 99
2025-04-08 16:08:45,802 - DEBUG - Average Success Rate: 19.19%
2025-04-08 16:08:45,802 - DEBUG - AGV Local Search Success: 19，Average Improvement: 18.26
2025-04-08 16:08:45,806 - DEBUG - 执行AGV分配局部搜索，当前完工时间: 2009.00
2025-04-08 16:08:45,809 - DEBUG - AGV分配局部搜索成功！完工时间从 2009.00 降低到 2004.00，改进: 5.00 (0.25%)
2025-04-08 16:08:45,814 - DEBUG - 执行AGV分配局部搜索，当前完工时间: 1948.00
2025-04-08 16:08:45,817 - DEBUG - 局部搜索未能改进当前解
2025-04-08 16:08:45,821 - DEBUG - 执行AGV分配局部搜索，当前完工时间: 1996.00
2025-04-08 16:08:45,826 - DEBUG - 局部搜索未能改进当前解
2025-04-08 16:08:45,829 - DEBUG - 执行AGV分配局部搜索，当前完工时间: 1963.00
2025-04-08 16:08:45,832 - DEBUG - 局部搜索未能改进当前解
2025-04-08 16:08:45,836 - DEBUG - 执行AGV分配局部搜索，当前完工时间: 1979.00
2025-04-08 16:08:45,839 - DEBUG - AGV分配局部搜索成功！完工时间从 1979.00 降低到 1977.00，改进: 2.00 (0.10%)
2025-04-08 16:08:45,844 - DEBUG - 执行AGV分配局部搜索，当前完工时间: 1882.00
2025-04-08 16:08:45,848 - DEBUG - 局部搜索未能改进当前解
2025-04-08 16:08:45,852 - DEBUG - 执行AGV分配局部搜索，当前完工时间: 1972.00
2025-04-08 16:08:45,855 - DEBUG - 局部搜索未能改进当前解
2025-04-08 16:08:45,860 - DEBUG - 执行AGV分配局部搜索，当前完工时间: 1840.00
2025-04-08 16:08:45,863 - DEBUG - 局部搜索未能改进当前解
2025-04-08 16:08:45,867 - DEBUG - 执行AGV分配局部搜索，当前完工时间: 1948.00
2025-04-08 16:08:45,871 - DEBUG - 局部搜索未能改进当前解
2025-04-08 16:08:45,874 - DEBUG - 执行AGV分配局部搜索，当前完工时间: 1962.00
2025-04-08 16:08:45,878 - DEBUG - 局部搜索未能改进当前解
2025-04-08 16:08:45,881 - DEBUG - 执行AGV分配局部搜索，当前完工时间: 1908.00
2025-04-08 16:08:45,886 - DEBUG - 局部搜索未能改进当前解
2025-04-08 16:08:45,889 - DEBUG - 执行AGV分配局部搜索，当前完工时间: 2131.00
2025-04-08 16:08:45,893 - DEBUG - 局部搜索未能改进当前解
2025-04-08 16:08:45,897 - DEBUG - 执行AGV分配局部搜索，当前完工时间: 1971.00
2025-04-08 16:08:45,900 - DEBUG - AGV分配局部搜索成功！完工时间从 1971.00 降低到 1927.00，改进: 44.00 (2.23%)
2025-04-08 16:08:45,904 - DEBUG - 执行AGV分配局部搜索，当前完工时间: 1983.00
2025-04-08 16:08:45,907 - DEBUG - 局部搜索未能改进当前解
2025-04-08 16:08:45,912 - DEBUG - 执行AGV分配局部搜索，当前完工时间: 1965.00
2025-04-08 16:08:45,915 - DEBUG - AGV分配局部搜索成功！完工时间从 1965.00 降低到 1940.00，改进: 25.00 (1.27%)
2025-04-08 16:08:45,918 - DEBUG - 执行AGV分配局部搜索，当前完工时间: 1962.00
2025-04-08 16:08:45,922 - DEBUG - 局部搜索未能改进当前解
2025-04-08 16:08:45,926 - DEBUG - 执行AGV分配局部搜索，当前完工时间: 1908.00
2025-04-08 16:08:45,929 - DEBUG - 局部搜索未能改进当前解
2025-04-08 16:08:45,933 - DEBUG - 执行AGV分配局部搜索，当前完工时间: 2020.00
2025-04-08 16:08:45,937 - DEBUG - 局部搜索未能改进当前解
2025-04-08 16:08:45,940 - DEBUG - 执行AGV分配局部搜索，当前完工时间: 1962.00
2025-04-08 16:08:45,944 - DEBUG - AGV分配局部搜索成功！完工时间从 1962.00 降低到 1952.00，改进: 10.00 (0.51%)
2025-04-08 16:08:45,947 - DEBUG - 执行AGV分配局部搜索，当前完工时间: 2026.00
2025-04-08 16:08:45,950 - DEBUG - AGV分配局部搜索成功！完工时间从 2026.00 降低到 2001.00，改进: 25.00 (1.23%)
2025-04-08 16:08:45,955 - DEBUG - 执行AGV分配局部搜索，当前完工时间: 1887.00
2025-04-08 16:08:45,959 - DEBUG - 局部搜索未能改进当前解
2025-04-08 16:08:45,962 - DEBUG - 执行AGV分配局部搜索，当前完工时间: 1958.00
2025-04-08 16:08:45,966 - DEBUG - 局部搜索未能改进当前解
2025-04-08 16:08:45,970 - DEBUG - 执行AGV分配局部搜索，当前完工时间: 1937.00
2025-04-08 16:08:45,974 - DEBUG - 局部搜索未能改进当前解
2025-04-08 16:08:45,977 - DEBUG - 执行AGV分配局部搜索，当前完工时间: 1887.00
2025-04-08 16:08:45,981 - DEBUG - 局部搜索未能改进当前解
2025-04-08 16:08:45,985 - DEBUG - 执行AGV分配局部搜索，当前完工时间: 1932.00
2025-04-08 16:08:45,989 - DEBUG - 局部搜索未能改进当前解
2025-04-08 16:08:45,992 - DEBUG - 执行AGV分配局部搜索，当前完工时间: 1975.00
2025-04-08 16:08:45,995 - DEBUG - 局部搜索未能改进当前解
2025-04-08 16:08:46,000 - DEBUG - 执行AGV分配局部搜索，当前完工时间: 1923.00
2025-04-08 16:08:46,003 - DEBUG - 局部搜索未能改进当前解
2025-04-08 16:08:46,008 - DEBUG - 执行AGV分配局部搜索，当前完工时间: 1882.00
2025-04-08 16:08:46,012 - DEBUG - AGV分配局部搜索成功！完工时间从 1882.00 降低到 1868.00，改进: 14.00 (0.74%)
2025-04-08 16:08:46,016 - DEBUG - 执行AGV分配局部搜索，当前完工时间: 2098.00
2025-04-08 16:08:46,020 - DEBUG - 局部搜索未能改进当前解
2025-04-08 16:08:46,023 - DEBUG - 执行AGV分配局部搜索，当前完工时间: 1957.00
2025-04-08 16:08:46,027 - DEBUG - 局部搜索未能改进当前解
2025-04-08 16:08:46,031 - DEBUG - 执行AGV分配局部搜索，当前完工时间: 2065.00
2025-04-08 16:08:46,034 - DEBUG - 局部搜索未能改进当前解
2025-04-08 16:08:46,037 - DEBUG - 执行AGV分配局部搜索，当前完工时间: 1905.00
2025-04-08 16:08:46,041 - DEBUG - 局部搜索未能改进当前解
2025-04-08 16:08:46,045 - DEBUG - 执行AGV分配局部搜索，当前完工时间: 1946.00
2025-04-08 16:08:46,049 - DEBUG - 局部搜索未能改进当前解
2025-04-08 16:08:46,052 - DEBUG - 执行AGV分配局部搜索，当前完工时间: 2066.00
2025-04-08 16:08:46,056 - DEBUG - AGV分配局部搜索成功！完工时间从 2066.00 降低到 2044.00，改进: 22.00 (1.06%)
2025-04-08 16:08:46,059 - DEBUG - 执行AGV分配局部搜索，当前完工时间: 1979.00
2025-04-08 16:08:46,062 - DEBUG - 局部搜索未能改进当前解
2025-04-08 16:08:46,067 - DEBUG - 执行AGV分配局部搜索，当前完工时间: 1879.00
2025-04-08 16:08:46,071 - DEBUG - 局部搜索未能改进当前解
2025-04-08 16:08:46,074 - DEBUG - 执行AGV分配局部搜索，当前完工时间: 1970.00
2025-04-08 16:08:46,077 - DEBUG - 局部搜索未能改进当前解
2025-04-08 16:08:46,081 - DEBUG - 执行AGV分配局部搜索，当前完工时间: 1966.00
2025-04-08 16:08:46,085 - DEBUG - 局部搜索未能改进当前解
2025-04-08 16:08:46,088 - DEBUG - 执行AGV分配局部搜索，当前完工时间: 2003.00
2025-04-08 16:08:46,092 - DEBUG - 局部搜索未能改进当前解
2025-04-08 16:08:46,095 - DEBUG - 执行AGV分配局部搜索，当前完工时间: 1986.00
2025-04-08 16:08:46,100 - DEBUG - AGV分配局部搜索成功！完工时间从 1986.00 降低到 1981.00，改进: 5.00 (0.25%)
2025-04-08 16:08:46,104 - DEBUG - 执行AGV分配局部搜索，当前完工时间: 1936.00
2025-04-08 16:08:46,107 - DEBUG - 局部搜索未能改进当前解
2025-04-08 16:08:46,111 - DEBUG - 执行AGV分配局部搜索，当前完工时间: 1968.00
2025-04-08 16:08:46,114 - DEBUG - 局部搜索未能改进当前解
2025-04-08 16:08:46,119 - DEBUG - 执行AGV分配局部搜索，当前完工时间: 1949.00
2025-04-08 16:08:46,122 - DEBUG - 局部搜索未能改进当前解
2025-04-08 16:08:46,126 - DEBUG - 执行AGV分配局部搜索，当前完工时间: 2197.00
2025-04-08 16:08:46,129 - DEBUG - 局部搜索未能改进当前解
2025-04-08 16:08:46,133 - DEBUG - 执行AGV分配局部搜索，当前完工时间: 2006.00
2025-04-08 16:08:46,136 - DEBUG - 局部搜索未能改进当前解
2025-04-08 16:08:46,141 - DEBUG - 执行AGV分配局部搜索，当前完工时间: 1912.00
2025-04-08 16:08:46,144 - DEBUG - 局部搜索未能改进当前解
2025-04-08 16:08:46,148 - DEBUG - 执行AGV分配局部搜索，当前完工时间: 1840.00
2025-04-08 16:08:46,152 - DEBUG - 局部搜索未能改进当前解
2025-04-08 16:08:46,157 - DEBUG - 执行AGV分配局部搜索，当前完工时间: 1968.00
2025-04-08 16:08:46,162 - DEBUG - AGV分配局部搜索成功！完工时间从 1968.00 降低到 1962.00，改进: 6.00 (0.30%)
2025-04-08 16:08:46,165 - DEBUG - 执行AGV分配局部搜索，当前完工时间: 1904.00
2025-04-08 16:08:46,169 - DEBUG - 局部搜索未能改进当前解
2025-04-08 16:08:46,173 - DEBUG - 执行AGV分配局部搜索，当前完工时间: 2075.00
2025-04-08 16:08:46,179 - DEBUG - 局部搜索未能改进当前解
2025-04-08 16:08:46,182 - DEBUG - 执行AGV分配局部搜索，当前完工时间: 1937.00
2025-04-08 16:08:46,186 - DEBUG - AGV分配局部搜索成功！完工时间从 1937.00 降低到 1916.00，改进: 21.00 (1.08%)
2025-04-08 16:08:46,188 - DEBUG - 执行AGV分配局部搜索，当前完工时间: 2076.00
2025-04-08 16:08:46,193 - DEBUG - 局部搜索未能改进当前解
2025-04-08 16:08:46,198 - DEBUG - 执行AGV分配局部搜索，当前完工时间: 1922.00
2025-04-08 16:08:46,201 - DEBUG - 局部搜索未能改进当前解
2025-04-08 16:08:46,204 - DEBUG - 执行AGV分配局部搜索，当前完工时间: 1906.00
2025-04-08 16:08:46,207 - DEBUG - 局部搜索未能改进当前解
2025-04-08 16:08:46,212 - DEBUG - 执行AGV分配局部搜索，当前完工时间: 2020.00
2025-04-08 16:08:46,215 - DEBUG - AGV分配局部搜索成功！完工时间从 2020.00 降低到 2018.00，改进: 2.00 (0.10%)
2025-04-08 16:08:46,219 - DEBUG - 执行AGV分配局部搜索，当前完工时间: 1958.00
2025-04-08 16:08:46,222 - DEBUG - 局部搜索未能改进当前解
2025-04-08 16:08:46,226 - DEBUG - 执行AGV分配局部搜索，当前完工时间: 1892.00
2025-04-08 16:08:46,230 - DEBUG - 局部搜索未能改进当前解
2025-04-08 16:08:46,234 - DEBUG - 执行AGV分配局部搜索，当前完工时间: 2003.00
2025-04-08 16:08:46,237 - DEBUG - 局部搜索未能改进当前解
2025-04-08 16:08:46,241 - DEBUG - 执行AGV分配局部搜索，当前完工时间: 1978.00
2025-04-08 16:08:46,245 - DEBUG - 局部搜索未能改进当前解
2025-04-08 16:08:46,249 - DEBUG - 执行AGV分配局部搜索，当前完工时间: 1976.00
2025-04-08 16:08:46,253 - DEBUG - 局部搜索未能改进当前解
2025-04-08 16:08:46,257 - DEBUG - 执行AGV分配局部搜索，当前完工时间: 1998.00
2025-04-08 16:08:46,260 - DEBUG - 局部搜索未能改进当前解
2025-04-08 16:08:46,264 - DEBUG - 执行AGV分配局部搜索，当前完工时间: 1884.00
2025-04-08 16:08:46,268 - DEBUG - 局部搜索未能改进当前解
2025-04-08 16:08:46,270 - DEBUG - 执行AGV分配局部搜索，当前完工时间: 1967.00
2025-04-08 16:08:46,275 - DEBUG - 局部搜索未能改进当前解
2025-04-08 16:08:46,279 - DEBUG - 执行AGV分配局部搜索，当前完工时间: 2054.00
2025-04-08 16:08:46,283 - DEBUG - AGV分配局部搜索成功！完工时间从 2054.00 降低到 2036.00，改进: 18.00 (0.88%)
2025-04-08 16:08:46,286 - DEBUG - 执行AGV分配局部搜索，当前完工时间: 2020.00
2025-04-08 16:08:46,289 - DEBUG - AGV分配局部搜索成功！完工时间从 2020.00 降低到 1987.00，改进: 33.00 (1.63%)
2025-04-08 16:08:46,294 - DEBUG - 执行AGV分配局部搜索，当前完工时间: 1962.00
2025-04-08 16:08:46,297 - DEBUG - 局部搜索未能改进当前解
2025-04-08 16:08:46,301 - DEBUG - 执行AGV分配局部搜索，当前完工时间: 2009.00
2025-04-08 16:08:46,305 - DEBUG - 局部搜索未能改进当前解
2025-04-08 16:08:46,308 - DEBUG - 执行AGV分配局部搜索，当前完工时间: 1890.00
2025-04-08 16:08:46,313 - DEBUG - 局部搜索未能改进当前解
2025-04-08 16:08:46,317 - DEBUG - 执行AGV分配局部搜索，当前完工时间: 1901.00
2025-04-08 16:08:46,321 - DEBUG - 局部搜索未能改进当前解
2025-04-08 16:08:46,325 - DEBUG - 执行AGV分配局部搜索，当前完工时间: 1930.00
2025-04-08 16:08:46,328 - DEBUG - 局部搜索未能改进当前解
2025-04-08 16:08:46,332 - DEBUG - 执行AGV分配局部搜索，当前完工时间: 2079.00
2025-04-08 16:08:46,337 - DEBUG - AGV分配局部搜索成功！完工时间从 2079.00 降低到 2025.00，改进: 54.00 (2.60%)
2025-04-08 16:08:46,341 - DEBUG - 执行AGV分配局部搜索，当前完工时间: 1947.00
2025-04-08 16:08:46,344 - DEBUG - 局部搜索未能改进当前解
2025-04-08 16:08:46,349 - DEBUG - 执行AGV分配局部搜索，当前完工时间: 1951.00
2025-04-08 16:08:46,352 - DEBUG - 局部搜索未能改进当前解
2025-04-08 16:08:46,356 - DEBUG - 执行AGV分配局部搜索，当前完工时间: 1914.00
2025-04-08 16:08:46,359 - DEBUG - 局部搜索未能改进当前解
2025-04-08 16:08:46,364 - DEBUG - 执行AGV分配局部搜索，当前完工时间: 1940.00
2025-04-08 16:08:46,368 - DEBUG - 局部搜索未能改进当前解
2025-04-08 16:08:46,372 - DEBUG - 执行AGV分配局部搜索，当前完工时间: 1975.00
2025-04-08 16:08:46,375 - DEBUG - 局部搜索未能改进当前解
2025-04-08 16:08:46,380 - DEBUG - 执行AGV分配局部搜索，当前完工时间: 1931.00
2025-04-08 16:08:46,384 - DEBUG - 局部搜索未能改进当前解
2025-04-08 16:08:46,387 - DEBUG - 执行AGV分配局部搜索，当前完工时间: 1953.00
2025-04-08 16:08:46,391 - DEBUG - 局部搜索未能改进当前解
2025-04-08 16:08:46,393 - DEBUG - 执行AGV分配局部搜索，当前完工时间: 1969.00
2025-04-08 16:08:46,397 - DEBUG - 局部搜索未能改进当前解
2025-04-08 16:08:46,401 - DEBUG - 执行AGV分配局部搜索，当前完工时间: 1901.00
2025-04-08 16:08:46,404 - DEBUG - 局部搜索未能改进当前解
2025-04-08 16:08:46,408 - DEBUG - 执行AGV分配局部搜索，当前完工时间: 1928.00
2025-04-08 16:08:46,412 - DEBUG - 局部搜索未能改进当前解
2025-04-08 16:08:46,417 - DEBUG - 执行AGV分配局部搜索，当前完工时间: 1918.00
2025-04-08 16:08:46,420 - DEBUG - 局部搜索未能改进当前解
2025-04-08 16:08:46,423 - DEBUG - 执行AGV分配局部搜索，当前完工时间: 2021.00
2025-04-08 16:08:46,426 - DEBUG - 局部搜索未能改进当前解
2025-04-08 16:08:46,430 - DEBUG - 执行AGV分配局部搜索，当前完工时间: 1892.00
2025-04-08 16:08:46,434 - DEBUG - 局部搜索未能改进当前解
2025-04-08 16:08:46,437 - DEBUG - 执行AGV分配局部搜索，当前完工时间: 1935.00
2025-04-08 16:08:46,442 - DEBUG - 局部搜索未能改进当前解
2025-04-08 16:08:46,445 - DEBUG - 执行AGV分配局部搜索，当前完工时间: 1895.00
2025-04-08 16:08:46,449 - DEBUG - 局部搜索未能改进当前解
2025-04-08 16:08:46,452 - DEBUG - 执行AGV分配局部搜索，当前完工时间: 2046.00
2025-04-08 16:08:46,456 - DEBUG - 局部搜索未能改进当前解
2025-04-08 16:08:46,461 - DEBUG - 执行AGV分配局部搜索，当前完工时间: 2042.00
2025-04-08 16:08:46,464 - DEBUG - 局部搜索未能改进当前解
2025-04-08 16:08:46,466 - DEBUG - 执行AGV分配局部搜索，当前完工时间: 1962.00
2025-04-08 16:08:46,470 - DEBUG - 局部搜索未能改进当前解
2025-04-08 16:08:46,474 - DEBUG - 执行AGV分配局部搜索，当前完工时间: 1948.00
2025-04-08 16:08:46,478 - DEBUG - 局部搜索未能改进当前解
2025-04-08 16:08:46,483 - DEBUG - 执行AGV分配局部搜索，当前完工时间: 2007.00
2025-04-08 16:08:46,486 - DEBUG - 局部搜索未能改进当前解
2025-04-08 16:08:46,490 - DEBUG - 执行AGV分配局部搜索，当前完工时间: 1936.00
2025-04-08 16:08:46,494 - DEBUG - 局部搜索未能改进当前解
2025-04-08 16:08:46,497 - DEBUG - 执行AGV分配局部搜索，当前完工时间: 1995.00
2025-04-08 16:08:46,502 - DEBUG - AGV分配局部搜索成功！完工时间从 1995.00 降低到 1973.00，改进: 22.00 (1.10%)
2025-04-08 16:08:46,506 - DEBUG - 执行AGV分配局部搜索，当前完工时间: 1938.00
2025-04-08 16:08:46,510 - DEBUG - AGV分配局部搜索成功！完工时间从 1938.00 降低到 1899.00，改进: 39.00 (2.01%)
2025-04-08 16:08:46,514 - DEBUG - 执行AGV分配局部搜索，当前完工时间: 1936.00
2025-04-08 16:08:46,516 - DEBUG - 局部搜索未能改进当前解
2025-04-08 16:08:46,522 - DEBUG - 执行AGV分配局部搜索，当前完工时间: 1959.00
2025-04-08 16:08:46,525 - DEBUG - 局部搜索未能改进当前解
2025-04-08 16:08:46,529 - DEBUG - 执行AGV分配局部搜索，当前完工时间: 1926.00
2025-04-08 16:08:46,532 - DEBUG - AGV分配局部搜索成功！完工时间从 1926.00 降低到 1923.00，改进: 3.00 (0.16%)
2025-04-08 16:08:46,536 - DEBUG - 执行AGV分配局部搜索，当前完工时间: 1941.00
2025-04-08 16:08:46,540 - DEBUG - 局部搜索未能改进当前解
2025-04-08 16:08:46,544 - DEBUG - 执行AGV分配局部搜索，当前完工时间: 1818.00
2025-04-08 16:08:46,547 - DEBUG - 局部搜索未能改进当前解
2025-04-08 16:08:46,547 - DEBUG - ==================================================
2025-04-08 16:08:46,547 - DEBUG - Efficiency Statistics of Local Search :
2025-04-08 16:08:46,547 - DEBUG - Number of attempts: 99
2025-04-08 16:08:46,547 - DEBUG - Average Success Rate: 18.18%
2025-04-08 16:08:46,547 - DEBUG - AGV Local Search Success: 18，Average Improvement: 19.44
2025-04-08 16:08:46,552 - DEBUG - 执行AGV分配局部搜索，当前完工时间: 2046.00
2025-04-08 16:08:46,556 - DEBUG - 局部搜索未能改进当前解
2025-04-08 16:08:46,558 - DEBUG - 执行AGV分配局部搜索，当前完工时间: 1957.00
2025-04-08 16:08:46,562 - DEBUG - 局部搜索未能改进当前解
2025-04-08 16:08:46,565 - DEBUG - 执行AGV分配局部搜索，当前完工时间: 1956.00
2025-04-08 16:08:46,570 - DEBUG - 局部搜索未能改进当前解
2025-04-08 16:08:46,574 - DEBUG - 执行AGV分配局部搜索，当前完工时间: 1912.00
2025-04-08 16:08:46,578 - DEBUG - 局部搜索未能改进当前解
2025-04-08 16:08:46,582 - DEBUG - 执行AGV分配局部搜索，当前完工时间: 2049.00
2025-04-08 16:08:46,587 - DEBUG - 局部搜索未能改进当前解
2025-04-08 16:08:46,590 - DEBUG - 执行AGV分配局部搜索，当前完工时间: 1946.00
2025-04-08 16:08:46,593 - DEBUG - 局部搜索未能改进当前解
2025-04-08 16:08:46,599 - DEBUG - 执行AGV分配局部搜索，当前完工时间: 1882.00
2025-04-08 16:08:46,602 - DEBUG - 局部搜索未能改进当前解
2025-04-08 16:08:46,605 - DEBUG - 执行AGV分配局部搜索，当前完工时间: 1858.00
2025-04-08 16:08:46,608 - DEBUG - 局部搜索未能改进当前解
2025-04-08 16:08:46,612 - DEBUG - 执行AGV分配局部搜索，当前完工时间: 2070.00
2025-04-08 16:08:46,616 - DEBUG - AGV分配局部搜索成功！完工时间从 2070.00 降低到 2060.00，改进: 10.00 (0.48%)
2025-04-08 16:08:46,620 - DEBUG - 执行AGV分配局部搜索，当前完工时间: 1896.00
2025-04-08 16:08:46,623 - DEBUG - 局部搜索未能改进当前解
2025-04-08 16:08:46,626 - DEBUG - 执行AGV分配局部搜索，当前完工时间: 1896.00
2025-04-08 16:08:46,631 - DEBUG - 局部搜索未能改进当前解
2025-04-08 16:08:46,635 - DEBUG - 执行AGV分配局部搜索，当前完工时间: 1905.00
2025-04-08 16:08:46,639 - DEBUG - 局部搜索未能改进当前解
2025-04-08 16:08:46,642 - DEBUG - 执行AGV分配局部搜索，当前完工时间: 1903.00
2025-04-08 16:08:46,645 - DEBUG - 局部搜索未能改进当前解
2025-04-08 16:08:46,650 - DEBUG - 执行AGV分配局部搜索，当前完工时间: 1952.00
2025-04-08 16:08:46,653 - DEBUG - 局部搜索未能改进当前解
2025-04-08 16:08:46,656 - DEBUG - 执行AGV分配局部搜索，当前完工时间: 1979.00
2025-04-08 16:08:46,660 - DEBUG - 局部搜索未能改进当前解
2025-04-08 16:08:46,664 - DEBUG - 执行AGV分配局部搜索，当前完工时间: 1901.00
2025-04-08 16:08:46,668 - DEBUG - 局部搜索未能改进当前解
2025-04-08 16:08:46,671 - DEBUG - 执行AGV分配局部搜索，当前完工时间: 1977.00
2025-04-08 16:08:46,675 - DEBUG - 局部搜索未能改进当前解
2025-04-08 16:08:46,679 - DEBUG - 执行AGV分配局部搜索，当前完工时间: 2057.00
2025-04-08 16:08:46,682 - DEBUG - 局部搜索未能改进当前解
2025-04-08 16:08:46,686 - DEBUG - 执行AGV分配局部搜索，当前完工时间: 2009.00
2025-04-08 16:08:46,690 - DEBUG - 局部搜索未能改进当前解
2025-04-08 16:08:46,693 - DEBUG - 执行AGV分配局部搜索，当前完工时间: 1922.00
2025-04-08 16:08:46,697 - DEBUG - 局部搜索未能改进当前解
2025-04-08 16:08:46,700 - DEBUG - 执行AGV分配局部搜索，当前完工时间: 2075.00
2025-04-08 16:08:46,704 - DEBUG - 局部搜索未能改进当前解
2025-04-08 16:08:46,707 - DEBUG - 执行AGV分配局部搜索，当前完工时间: 1922.00
2025-04-08 16:08:46,712 - DEBUG - 局部搜索未能改进当前解
2025-04-08 16:08:46,714 - DEBUG - 执行AGV分配局部搜索，当前完工时间: 1908.00
2025-04-08 16:08:46,718 - DEBUG - 局部搜索未能改进当前解
2025-04-08 16:08:46,721 - DEBUG - 执行AGV分配局部搜索，当前完工时间: 1882.00
2025-04-08 16:08:46,725 - DEBUG - 局部搜索未能改进当前解
2025-04-08 16:08:46,729 - DEBUG - 执行AGV分配局部搜索，当前完工时间: 1879.00
2025-04-08 16:08:46,732 - DEBUG - 局部搜索未能改进当前解
2025-04-08 16:08:46,736 - DEBUG - 执行AGV分配局部搜索，当前完工时间: 1874.00
2025-04-08 16:08:46,740 - DEBUG - AGV分配局部搜索成功！完工时间从 1874.00 降低到 1868.00，改进: 6.00 (0.32%)
2025-04-08 16:08:46,743 - DEBUG - 执行AGV分配局部搜索，当前完工时间: 1983.00
2025-04-08 16:08:46,747 - DEBUG - 局部搜索未能改进当前解
2025-04-08 16:08:46,751 - DEBUG - 执行AGV分配局部搜索，当前完工时间: 1897.00
2025-04-08 16:08:46,755 - DEBUG - 局部搜索未能改进当前解
2025-04-08 16:08:46,758 - DEBUG - 执行AGV分配局部搜索，当前完工时间: 1908.00
2025-04-08 16:08:46,762 - DEBUG - 局部搜索未能改进当前解
2025-04-08 16:08:46,764 - DEBUG - 执行AGV分配局部搜索，当前完工时间: 1934.00
2025-04-08 16:08:46,768 - DEBUG - 局部搜索未能改进当前解
2025-04-08 16:08:46,772 - DEBUG - 执行AGV分配局部搜索，当前完工时间: 1925.00
2025-04-08 16:08:46,776 - DEBUG - 局部搜索未能改进当前解
2025-04-08 16:08:46,780 - DEBUG - 执行AGV分配局部搜索，当前完工时间: 2052.00
2025-04-08 16:08:46,783 - DEBUG - AGV分配局部搜索成功！完工时间从 2052.00 降低到 1980.00，改进: 72.00 (3.51%)
2025-04-08 16:08:46,787 - DEBUG - 执行AGV分配局部搜索，当前完工时间: 1899.00
2025-04-08 16:08:46,790 - DEBUG - 局部搜索未能改进当前解
2025-04-08 16:08:46,794 - DEBUG - 执行AGV分配局部搜索，当前完工时间: 1978.00
2025-04-08 16:08:46,797 - DEBUG - 局部搜索未能改进当前解
2025-04-08 16:08:46,801 - DEBUG - 执行AGV分配局部搜索，当前完工时间: 1970.00
2025-04-08 16:08:46,805 - DEBUG - 局部搜索未能改进当前解
2025-04-08 16:08:46,808 - DEBUG - 执行AGV分配局部搜索，当前完工时间: 1962.00
2025-04-08 16:08:46,812 - DEBUG - 局部搜索未能改进当前解
2025-04-08 16:08:46,814 - DEBUG - 执行AGV分配局部搜索，当前完工时间: 1981.00
2025-04-08 16:08:46,818 - DEBUG - AGV分配局部搜索成功！完工时间从 1981.00 降低到 1975.00，改进: 6.00 (0.30%)
2025-04-08 16:08:46,822 - DEBUG - 执行AGV分配局部搜索，当前完工时间: 1927.00
2025-04-08 16:08:46,825 - DEBUG - 局部搜索未能改进当前解
2025-04-08 16:08:46,829 - DEBUG - 执行AGV分配局部搜索，当前完工时间: 1982.00
2025-04-08 16:08:46,833 - DEBUG - 局部搜索未能改进当前解
2025-04-08 16:08:46,837 - DEBUG - 执行AGV分配局部搜索，当前完工时间: 1942.00
2025-04-08 16:08:46,840 - DEBUG - 局部搜索未能改进当前解
2025-04-08 16:08:46,844 - DEBUG - 执行AGV分配局部搜索，当前完工时间: 1908.00
2025-04-08 16:08:46,847 - DEBUG - 局部搜索未能改进当前解
2025-04-08 16:08:46,852 - DEBUG - 执行AGV分配局部搜索，当前完工时间: 1895.00
2025-04-08 16:08:46,855 - DEBUG - 局部搜索未能改进当前解
2025-04-08 16:08:46,859 - DEBUG - 执行AGV分配局部搜索，当前完工时间: 1910.00
2025-04-08 16:08:46,863 - DEBUG - 局部搜索未能改进当前解
2025-04-08 16:08:46,866 - DEBUG - 执行AGV分配局部搜索，当前完工时间: 2018.00
2025-04-08 16:08:46,871 - DEBUG - 局部搜索未能改进当前解
2025-04-08 16:08:46,874 - DEBUG - 执行AGV分配局部搜索，当前完工时间: 1967.00
2025-04-08 16:08:46,879 - DEBUG - 局部搜索未能改进当前解
2025-04-08 16:08:46,882 - DEBUG - 执行AGV分配局部搜索，当前完工时间: 1916.00
2025-04-08 16:08:46,885 - DEBUG - 局部搜索未能改进当前解
2025-04-08 16:08:46,888 - DEBUG - 执行AGV分配局部搜索，当前完工时间: 1940.00
2025-04-08 16:08:46,893 - DEBUG - 局部搜索未能改进当前解
2025-04-08 16:08:46,897 - DEBUG - 执行AGV分配局部搜索，当前完工时间: 1892.00
2025-04-08 16:08:46,900 - DEBUG - 局部搜索未能改进当前解
2025-04-08 16:08:46,903 - DEBUG - 执行AGV分配局部搜索，当前完工时间: 1905.00
2025-04-08 16:08:46,907 - DEBUG - AGV分配局部搜索成功！完工时间从 1905.00 降低到 1884.00，改进: 21.00 (1.10%)
2025-04-08 16:08:46,911 - DEBUG - 执行AGV分配局部搜索，当前完工时间: 1898.00
2025-04-08 16:08:46,915 - DEBUG - 局部搜索未能改进当前解
2025-04-08 16:08:46,919 - DEBUG - 执行AGV分配局部搜索，当前完工时间: 1942.00
2025-04-08 16:08:46,922 - DEBUG - 局部搜索未能改进当前解
2025-04-08 16:08:46,925 - DEBUG - 执行AGV分配局部搜索，当前完工时间: 1984.00
2025-04-08 16:08:46,930 - DEBUG - 局部搜索未能改进当前解
2025-04-08 16:08:46,934 - DEBUG - 执行AGV分配局部搜索，当前完工时间: 1938.00
2025-04-08 16:08:46,937 - DEBUG - 局部搜索未能改进当前解
2025-04-08 16:08:46,941 - DEBUG - 执行AGV分配局部搜索，当前完工时间: 1977.00
2025-04-08 16:08:46,944 - DEBUG - 局部搜索未能改进当前解
2025-04-08 16:08:46,947 - DEBUG - 执行AGV分配局部搜索，当前完工时间: 1910.00
2025-04-08 16:08:46,952 - DEBUG - 局部搜索未能改进当前解
2025-04-08 16:08:46,955 - DEBUG - 执行AGV分配局部搜索，当前完工时间: 1986.00
2025-04-08 16:08:46,959 - DEBUG - 局部搜索未能改进当前解
2025-04-08 16:08:46,962 - DEBUG - 执行AGV分配局部搜索，当前完工时间: 1906.00
2025-04-08 16:08:46,967 - DEBUG - 局部搜索未能改进当前解
2025-04-08 16:08:46,971 - DEBUG - 执行AGV分配局部搜索，当前完工时间: 1990.00
2025-04-08 16:08:46,974 - DEBUG - 局部搜索未能改进当前解
2025-04-08 16:08:46,978 - DEBUG - 执行AGV分配局部搜索，当前完工时间: 2035.00
2025-04-08 16:08:46,982 - DEBUG - AGV分配局部搜索成功！完工时间从 2035.00 降低到 2034.00，改进: 1.00 (0.05%)
2025-04-08 16:08:46,986 - DEBUG - 执行AGV分配局部搜索，当前完工时间: 1894.00
2025-04-08 16:08:46,989 - DEBUG - 局部搜索未能改进当前解
2025-04-08 16:08:46,993 - DEBUG - 执行AGV分配局部搜索，当前完工时间: 1912.00
2025-04-08 16:08:46,997 - DEBUG - 局部搜索未能改进当前解
2025-04-08 16:08:47,000 - DEBUG - 执行AGV分配局部搜索，当前完工时间: 2020.00
2025-04-08 16:08:47,003 - DEBUG - AGV分配局部搜索成功！完工时间从 2020.00 降低到 2010.00，改进: 10.00 (0.50%)
2025-04-08 16:08:47,007 - DEBUG - 执行AGV分配局部搜索，当前完工时间: 1893.00
2025-04-08 16:08:47,011 - DEBUG - AGV分配局部搜索成功！完工时间从 1893.00 降低到 1863.00，改进: 30.00 (1.58%)
2025-04-08 16:08:47,015 - DEBUG - 执行AGV分配局部搜索，当前完工时间: 1851.00
2025-04-08 16:08:47,019 - DEBUG - 局部搜索未能改进当前解
2025-04-08 16:08:47,022 - DEBUG - 执行AGV分配局部搜索，当前完工时间: 1976.00
2025-04-08 16:08:47,026 - DEBUG - AGV分配局部搜索成功！完工时间从 1976.00 降低到 1963.00，改进: 13.00 (0.66%)
2025-04-08 16:08:47,030 - DEBUG - 执行AGV分配局部搜索，当前完工时间: 1927.00
2025-04-08 16:08:47,033 - DEBUG - 局部搜索未能改进当前解
2025-04-08 16:08:47,037 - DEBUG - 执行AGV分配局部搜索，当前完工时间: 1908.00
2025-04-08 16:08:47,041 - DEBUG - 局部搜索未能改进当前解
2025-04-08 16:08:47,045 - DEBUG - 执行AGV分配局部搜索，当前完工时间: 1906.00
2025-04-08 16:08:47,048 - DEBUG - 局部搜索未能改进当前解
2025-04-08 16:08:47,052 - DEBUG - 执行AGV分配局部搜索，当前完工时间: 1991.00
2025-04-08 16:08:47,055 - DEBUG - AGV分配局部搜索成功！完工时间从 1991.00 降低到 1918.00，改进: 73.00 (3.67%)
2025-04-08 16:08:47,060 - DEBUG - 执行AGV分配局部搜索，当前完工时间: 1956.00
2025-04-08 16:08:47,064 - DEBUG - 局部搜索未能改进当前解
2025-04-08 16:08:47,067 - DEBUG - 执行AGV分配局部搜索，当前完工时间: 1870.00
2025-04-08 16:08:47,070 - DEBUG - 局部搜索未能改进当前解
2025-04-08 16:08:47,074 - DEBUG - 执行AGV分配局部搜索，当前完工时间: 2082.00
2025-04-08 16:08:47,078 - DEBUG - AGV分配局部搜索成功！完工时间从 2082.00 降低到 2078.00，改进: 4.00 (0.19%)
2025-04-08 16:08:47,082 - DEBUG - 执行AGV分配局部搜索，当前完工时间: 2189.00
2025-04-08 16:08:47,086 - DEBUG - 局部搜索未能改进当前解
2025-04-08 16:08:47,089 - DEBUG - 执行AGV分配局部搜索，当前完工时间: 1879.00
2025-04-08 16:08:47,092 - DEBUG - 局部搜索未能改进当前解
2025-04-08 16:08:47,097 - DEBUG - 执行AGV分配局部搜索，当前完工时间: 1916.00
2025-04-08 16:08:47,100 - DEBUG - 局部搜索未能改进当前解
2025-04-08 16:08:47,104 - DEBUG - 执行AGV分配局部搜索，当前完工时间: 1931.00
2025-04-08 16:08:47,107 - DEBUG - 局部搜索未能改进当前解
2025-04-08 16:08:47,112 - DEBUG - 执行AGV分配局部搜索，当前完工时间: 1886.00
2025-04-08 16:08:47,114 - DEBUG - 局部搜索未能改进当前解
2025-04-08 16:08:47,119 - DEBUG - 执行AGV分配局部搜索，当前完工时间: 2162.00
2025-04-08 16:08:47,123 - DEBUG - 局部搜索未能改进当前解
2025-04-08 16:08:47,126 - DEBUG - 执行AGV分配局部搜索，当前完工时间: 1994.00
2025-04-08 16:08:47,130 - DEBUG - 局部搜索未能改进当前解
2025-04-08 16:08:47,134 - DEBUG - 执行AGV分配局部搜索，当前完工时间: 2068.00
2025-04-08 16:08:47,139 - DEBUG - AGV分配局部搜索成功！完工时间从 2068.00 降低到 2059.00，改进: 9.00 (0.44%)
2025-04-08 16:08:47,143 - DEBUG - 执行AGV分配局部搜索，当前完工时间: 1915.00
2025-04-08 16:08:47,147 - DEBUG - 局部搜索未能改进当前解
2025-04-08 16:08:47,150 - DEBUG - 执行AGV分配局部搜索，当前完工时间: 2022.00
2025-04-08 16:08:47,155 - DEBUG - AGV分配局部搜索成功！完工时间从 2022.00 降低到 2016.00，改进: 6.00 (0.30%)
2025-04-08 16:08:47,159 - DEBUG - 执行AGV分配局部搜索，当前完工时间: 2084.00
2025-04-08 16:08:47,163 - DEBUG - 局部搜索未能改进当前解
2025-04-08 16:08:47,167 - DEBUG - 执行AGV分配局部搜索，当前完工时间: 1994.00
2025-04-08 16:08:47,170 - DEBUG - 局部搜索未能改进当前解
2025-04-08 16:08:47,174 - DEBUG - 执行AGV分配局部搜索，当前完工时间: 1989.00
2025-04-08 16:08:47,176 - DEBUG - 局部搜索未能改进当前解
2025-04-08 16:08:47,181 - DEBUG - 执行AGV分配局部搜索，当前完工时间: 1991.00
2025-04-08 16:08:47,185 - DEBUG - 局部搜索未能改进当前解
2025-04-08 16:08:47,189 - DEBUG - 执行AGV分配局部搜索，当前完工时间: 1949.00
2025-04-08 16:08:47,192 - DEBUG - 局部搜索未能改进当前解
2025-04-08 16:08:47,196 - DEBUG - 执行AGV分配局部搜索，当前完工时间: 1867.00
2025-04-08 16:08:47,199 - DEBUG - 局部搜索未能改进当前解
2025-04-08 16:08:47,203 - DEBUG - 执行AGV分配局部搜索，当前完工时间: 1918.00
2025-04-08 16:08:47,206 - DEBUG - 局部搜索未能改进当前解
2025-04-08 16:08:47,211 - DEBUG - 执行AGV分配局部搜索，当前完工时间: 1969.00
2025-04-08 16:08:47,214 - DEBUG - 局部搜索未能改进当前解
2025-04-08 16:08:47,219 - DEBUG - 执行AGV分配局部搜索，当前完工时间: 2084.00
2025-04-08 16:08:47,222 - DEBUG - 局部搜索未能改进当前解
2025-04-08 16:08:47,227 - DEBUG - 执行AGV分配局部搜索，当前完工时间: 1882.00
2025-04-08 16:08:47,230 - DEBUG - 局部搜索未能改进当前解
2025-04-08 16:08:47,234 - DEBUG - 执行AGV分配局部搜索，当前完工时间: 1990.00
2025-04-08 16:08:47,238 - DEBUG - 局部搜索未能改进当前解
2025-04-08 16:08:47,242 - DEBUG - 执行AGV分配局部搜索，当前完工时间: 2002.00
2025-04-08 16:08:47,245 - DEBUG - 局部搜索未能改进当前解
2025-04-08 16:08:47,249 - DEBUG - 执行AGV分配局部搜索，当前完工时间: 1986.00
2025-04-08 16:08:47,253 - DEBUG - 局部搜索未能改进当前解
2025-04-08 16:08:47,257 - DEBUG - 执行AGV分配局部搜索，当前完工时间: 1888.00
2025-04-08 16:08:47,260 - DEBUG - 局部搜索未能改进当前解
2025-04-08 16:08:47,264 - DEBUG - 执行AGV分配局部搜索，当前完工时间: 1934.00
2025-04-08 16:08:47,268 - DEBUG - AGV分配局部搜索成功！完工时间从 1934.00 降低到 1919.00，改进: 15.00 (0.78%)
2025-04-08 16:08:47,272 - DEBUG - 执行AGV分配局部搜索，当前完工时间: 1961.00
2025-04-08 16:08:47,275 - DEBUG - 局部搜索未能改进当前解
2025-04-08 16:08:47,279 - DEBUG - 执行AGV分配局部搜索，当前完工时间: 2029.00
2025-04-08 16:08:47,282 - DEBUG - 局部搜索未能改进当前解
2025-04-08 16:08:47,282 - DEBUG - ==================================================
2025-04-08 16:08:47,282 - DEBUG - Efficiency Statistics of Local Search :
2025-04-08 16:08:47,282 - DEBUG - Number of attempts: 99
2025-04-08 16:08:47,282 - DEBUG - Average Success Rate: 14.14%
2025-04-08 16:08:47,282 - DEBUG - AGV Local Search Success: 14，Average Improvement: 19.71
2025-04-08 16:08:47,287 - DEBUG - 执行AGV分配局部搜索，当前完工时间: 1923.00
2025-04-08 16:08:47,290 - DEBUG - 局部搜索未能改进当前解
2025-04-08 16:08:47,294 - DEBUG - 执行AGV分配局部搜索，当前完工时间: 1918.00
2025-04-08 16:08:47,298 - DEBUG - 局部搜索未能改进当前解
2025-04-08 16:08:47,301 - DEBUG - 执行AGV分配局部搜索，当前完工时间: 1851.00
2025-04-08 16:08:47,305 - DEBUG - AGV分配局部搜索成功！完工时间从 1851.00 降低到 1839.00，改进: 12.00 (0.65%)
2025-04-08 16:08:47,309 - DEBUG - 执行AGV分配局部搜索，当前完工时间: 1944.00
2025-04-08 16:08:47,313 - DEBUG - 局部搜索未能改进当前解
2025-04-08 16:08:47,316 - DEBUG - 执行AGV分配局部搜索，当前完工时间: 1888.00
2025-04-08 16:08:47,320 - DEBUG - 局部搜索未能改进当前解
2025-04-08 16:08:47,324 - DEBUG - 执行AGV分配局部搜索，当前完工时间: 1879.00
2025-04-08 16:08:47,326 - DEBUG - AGV分配局部搜索成功！完工时间从 1879.00 降低到 1865.00，改进: 14.00 (0.75%)
2025-04-08 16:08:47,331 - DEBUG - 执行AGV分配局部搜索，当前完工时间: 1949.00
2025-04-08 16:08:47,335 - DEBUG - 局部搜索未能改进当前解
2025-04-08 16:08:47,338 - DEBUG - 执行AGV分配局部搜索，当前完工时间: 1992.00
2025-04-08 16:08:47,342 - DEBUG - 局部搜索未能改进当前解
2025-04-08 16:08:47,345 - DEBUG - 执行AGV分配局部搜索，当前完工时间: 1889.00
2025-04-08 16:08:47,350 - DEBUG - 局部搜索未能改进当前解
2025-04-08 16:08:47,353 - DEBUG - 执行AGV分配局部搜索，当前完工时间: 1897.00
2025-04-08 16:08:47,357 - DEBUG - 局部搜索未能改进当前解
2025-04-08 16:08:47,360 - DEBUG - 执行AGV分配局部搜索，当前完工时间: 1912.00
2025-04-08 16:08:47,364 - DEBUG - 局部搜索未能改进当前解
2025-04-08 16:08:47,368 - DEBUG - 执行AGV分配局部搜索，当前完工时间: 1940.00
2025-04-08 16:08:47,371 - DEBUG - 局部搜索未能改进当前解
2025-04-08 16:08:47,374 - DEBUG - 执行AGV分配局部搜索，当前完工时间: 1899.00
2025-04-08 16:08:47,379 - DEBUG - 局部搜索未能改进当前解
2025-04-08 16:08:47,383 - DEBUG - 执行AGV分配局部搜索，当前完工时间: 2018.00
2025-04-08 16:08:47,388 - DEBUG - 局部搜索未能改进当前解
2025-04-08 16:08:47,391 - DEBUG - 执行AGV分配局部搜索，当前完工时间: 1905.00
2025-04-08 16:08:47,395 - DEBUG - 局部搜索未能改进当前解
2025-04-08 16:08:47,399 - DEBUG - 执行AGV分配局部搜索，当前完工时间: 1890.00
2025-04-08 16:08:47,402 - DEBUG - 局部搜索未能改进当前解
2025-04-08 16:08:47,406 - DEBUG - 执行AGV分配局部搜索，当前完工时间: 1922.00
2025-04-08 16:08:47,409 - DEBUG - AGV分配局部搜索成功！完工时间从 1922.00 降低到 1913.00，改进: 9.00 (0.47%)
2025-04-08 16:08:47,413 - DEBUG - 执行AGV分配局部搜索，当前完工时间: 1994.00
2025-04-08 16:08:47,416 - DEBUG - AGV分配局部搜索成功！完工时间从 1994.00 降低到 1956.00，改进: 38.00 (1.91%)
2025-04-08 16:08:47,421 - DEBUG - 执行AGV分配局部搜索，当前完工时间: 1893.00
2025-04-08 16:08:47,423 - DEBUG - AGV分配局部搜索成功！完工时间从 1893.00 降低到 1874.00，改进: 19.00 (1.00%)
2025-04-08 16:08:47,428 - DEBUG - 执行AGV分配局部搜索，当前完工时间: 1954.00
2025-04-08 16:08:47,431 - DEBUG - 局部搜索未能改进当前解
2025-04-08 16:08:47,435 - DEBUG - 执行AGV分配局部搜索，当前完工时间: 2060.00
2025-04-08 16:08:47,439 - DEBUG - 局部搜索未能改进当前解
2025-04-08 16:08:47,443 - DEBUG - 执行AGV分配局部搜索，当前完工时间: 1992.00
2025-04-08 16:08:47,447 - DEBUG - AGV分配局部搜索成功！完工时间从 1992.00 降低到 1963.00，改进: 29.00 (1.46%)
2025-04-08 16:08:47,450 - DEBUG - 执行AGV分配局部搜索，当前完工时间: 1969.00
2025-04-08 16:08:47,454 - DEBUG - AGV分配局部搜索成功！完工时间从 1969.00 降低到 1951.00，改进: 18.00 (0.91%)
2025-04-08 16:08:47,457 - DEBUG - 执行AGV分配局部搜索，当前完工时间: 1956.00
2025-04-08 16:08:47,460 - DEBUG - 局部搜索未能改进当前解
2025-04-08 16:08:47,464 - DEBUG - 执行AGV分配局部搜索，当前完工时间: 1879.00
2025-04-08 16:08:47,468 - DEBUG - 局部搜索未能改进当前解
2025-04-08 16:08:47,472 - DEBUG - 执行AGV分配局部搜索，当前完工时间: 2017.00
2025-04-08 16:08:47,475 - DEBUG - 局部搜索未能改进当前解
2025-04-08 16:08:47,479 - DEBUG - 执行AGV分配局部搜索，当前完工时间: 2082.00
2025-04-08 16:08:47,482 - DEBUG - AGV分配局部搜索成功！完工时间从 2082.00 降低到 2023.00，改进: 59.00 (2.83%)
2025-04-08 16:08:47,486 - DEBUG - 执行AGV分配局部搜索，当前完工时间: 1930.00
2025-04-08 16:08:47,490 - DEBUG - 局部搜索未能改进当前解
2025-04-08 16:08:47,494 - DEBUG - 执行AGV分配局部搜索，当前完工时间: 1895.00
2025-04-08 16:08:47,498 - DEBUG - 局部搜索未能改进当前解
2025-04-08 16:08:47,502 - DEBUG - 执行AGV分配局部搜索，当前完工时间: 1885.00
2025-04-08 16:08:47,506 - DEBUG - 局部搜索未能改进当前解
2025-04-08 16:08:47,509 - DEBUG - 执行AGV分配局部搜索，当前完工时间: 1920.00
2025-04-08 16:08:47,512 - DEBUG - 局部搜索未能改进当前解
2025-04-08 16:08:47,517 - DEBUG - 执行AGV分配局部搜索，当前完工时间: 1881.00
2025-04-08 16:08:47,521 - DEBUG - 局部搜索未能改进当前解
2025-04-08 16:08:47,524 - DEBUG - 执行AGV分配局部搜索，当前完工时间: 1938.00
2025-04-08 16:08:47,528 - DEBUG - 局部搜索未能改进当前解
2025-04-08 16:08:47,532 - DEBUG - 执行AGV分配局部搜索，当前完工时间: 1915.00
2025-04-08 16:08:47,536 - DEBUG - AGV分配局部搜索成功！完工时间从 1915.00 降低到 1864.00，改进: 51.00 (2.66%)
2025-04-08 16:08:47,540 - DEBUG - 执行AGV分配局部搜索，当前完工时间: 1943.00
2025-04-08 16:08:47,543 - DEBUG - 局部搜索未能改进当前解
2025-04-08 16:08:47,546 - DEBUG - 执行AGV分配局部搜索，当前完工时间: 1886.00
2025-04-08 16:08:47,550 - DEBUG - 局部搜索未能改进当前解
2025-04-08 16:08:47,554 - DEBUG - 执行AGV分配局部搜索，当前完工时间: 1892.00
2025-04-08 16:08:47,558 - DEBUG - 局部搜索未能改进当前解
2025-04-08 16:08:47,562 - DEBUG - 执行AGV分配局部搜索，当前完工时间: 1880.00
2025-04-08 16:08:47,564 - DEBUG - 局部搜索未能改进当前解
2025-04-08 16:08:47,568 - DEBUG - 执行AGV分配局部搜索，当前完工时间: 1991.00
2025-04-08 16:08:47,572 - DEBUG - 局部搜索未能改进当前解
2025-04-08 16:08:47,575 - DEBUG - 执行AGV分配局部搜索，当前完工时间: 1863.00
2025-04-08 16:08:47,579 - DEBUG - 局部搜索未能改进当前解
2025-04-08 16:08:47,583 - DEBUG - 执行AGV分配局部搜索，当前完工时间: 2028.00
2025-04-08 16:08:47,587 - DEBUG - AGV分配局部搜索成功！完工时间从 2028.00 降低到 2019.00，改进: 9.00 (0.44%)
2025-04-08 16:08:47,591 - DEBUG - 执行AGV分配局部搜索，当前完工时间: 1933.00
2025-04-08 16:08:47,594 - DEBUG - 局部搜索未能改进当前解
2025-04-08 16:08:47,599 - DEBUG - 执行AGV分配局部搜索，当前完工时间: 1913.00
2025-04-08 16:08:47,602 - DEBUG - 局部搜索未能改进当前解
2025-04-08 16:08:47,605 - DEBUG - 执行AGV分配局部搜索，当前完工时间: 1869.00
2025-04-08 16:08:47,609 - DEBUG - 局部搜索未能改进当前解
2025-04-08 16:08:47,612 - DEBUG - 执行AGV分配局部搜索，当前完工时间: 1976.00
2025-04-08 16:08:47,617 - DEBUG - 局部搜索未能改进当前解
2025-04-08 16:08:47,621 - DEBUG - 执行AGV分配局部搜索，当前完工时间: 2088.00
2025-04-08 16:08:47,624 - DEBUG - 局部搜索未能改进当前解
2025-04-08 16:08:47,628 - DEBUG - 执行AGV分配局部搜索，当前完工时间: 2003.00
2025-04-08 16:08:47,632 - DEBUG - 局部搜索未能改进当前解
2025-04-08 16:08:47,636 - DEBUG - 执行AGV分配局部搜索，当前完工时间: 2002.00
2025-04-08 16:08:47,639 - DEBUG - AGV分配局部搜索成功！完工时间从 2002.00 降低到 1984.00，改进: 18.00 (0.90%)
2025-04-08 16:08:47,643 - DEBUG - 执行AGV分配局部搜索，当前完工时间: 1991.00
2025-04-08 16:08:47,647 - DEBUG - 局部搜索未能改进当前解
2025-04-08 16:08:47,651 - DEBUG - 执行AGV分配局部搜索，当前完工时间: 2030.00
2025-04-08 16:08:47,654 - DEBUG - 局部搜索未能改进当前解
2025-04-08 16:08:47,658 - DEBUG - 执行AGV分配局部搜索，当前完工时间: 2042.00
2025-04-08 16:08:47,662 - DEBUG - 局部搜索未能改进当前解
2025-04-08 16:08:47,666 - DEBUG - 执行AGV分配局部搜索，当前完工时间: 1858.00
2025-04-08 16:08:47,669 - DEBUG - 局部搜索未能改进当前解
2025-04-08 16:08:47,674 - DEBUG - 执行AGV分配局部搜索，当前完工时间: 2177.00
2025-04-08 16:08:47,676 - DEBUG - 局部搜索未能改进当前解
2025-04-08 16:08:47,680 - DEBUG - 执行AGV分配局部搜索，当前完工时间: 1981.00
2025-04-08 16:08:47,684 - DEBUG - 局部搜索未能改进当前解
2025-04-08 16:08:47,687 - DEBUG - 执行AGV分配局部搜索，当前完工时间: 1908.00
2025-04-08 16:08:47,691 - DEBUG - 局部搜索未能改进当前解
2025-04-08 16:08:47,695 - DEBUG - 执行AGV分配局部搜索，当前完工时间: 1908.00
2025-04-08 16:08:47,699 - DEBUG - 局部搜索未能改进当前解
2025-04-08 16:08:47,703 - DEBUG - 执行AGV分配局部搜索，当前完工时间: 2005.00
2025-04-08 16:08:47,707 - DEBUG - 局部搜索未能改进当前解
2025-04-08 16:08:47,710 - DEBUG - 执行AGV分配局部搜索，当前完工时间: 1906.00
2025-04-08 16:08:47,713 - DEBUG - 局部搜索未能改进当前解
2025-04-08 16:08:47,716 - DEBUG - 执行AGV分配局部搜索，当前完工时间: 1994.00
2025-04-08 16:08:47,721 - DEBUG - 局部搜索未能改进当前解
2025-04-08 16:08:47,724 - DEBUG - 执行AGV分配局部搜索，当前完工时间: 1970.00
2025-04-08 16:08:47,729 - DEBUG - 局部搜索未能改进当前解
2025-04-08 16:08:47,732 - DEBUG - 执行AGV分配局部搜索，当前完工时间: 1916.00
2025-04-08 16:08:47,735 - DEBUG - 局部搜索未能改进当前解
2025-04-08 16:08:47,739 - DEBUG - 执行AGV分配局部搜索，当前完工时间: 1904.00
2025-04-08 16:08:47,743 - DEBUG - 局部搜索未能改进当前解
2025-04-08 16:08:47,747 - DEBUG - 执行AGV分配局部搜索，当前完工时间: 1942.00
2025-04-08 16:08:47,751 - DEBUG - 局部搜索未能改进当前解
2025-04-08 16:08:47,754 - DEBUG - 执行AGV分配局部搜索，当前完工时间: 1882.00
2025-04-08 16:08:47,757 - DEBUG - AGV分配局部搜索成功！完工时间从 1882.00 降低到 1860.00，改进: 22.00 (1.17%)
2025-04-08 16:08:47,761 - DEBUG - 执行AGV分配局部搜索，当前完工时间: 1950.00
2025-04-08 16:08:47,764 - DEBUG - AGV分配局部搜索成功！完工时间从 1950.00 降低到 1933.00，改进: 17.00 (0.87%)
2025-04-08 16:08:47,769 - DEBUG - 执行AGV分配局部搜索，当前完工时间: 1883.00
2025-04-08 16:08:47,772 - DEBUG - 局部搜索未能改进当前解
2025-04-08 16:08:47,776 - DEBUG - 执行AGV分配局部搜索，当前完工时间: 1896.00
2025-04-08 16:08:47,780 - DEBUG - 局部搜索未能改进当前解
2025-04-08 16:08:47,784 - DEBUG - 执行AGV分配局部搜索，当前完工时间: 1919.00
2025-04-08 16:08:47,787 - DEBUG - 局部搜索未能改进当前解
2025-04-08 16:08:47,791 - DEBUG - 执行AGV分配局部搜索，当前完工时间: 2064.00
2025-04-08 16:08:47,796 - DEBUG - AGV分配局部搜索成功！完工时间从 2064.00 降低到 2059.00，改进: 5.00 (0.24%)
2025-04-08 16:08:47,799 - DEBUG - 执行AGV分配局部搜索，当前完工时间: 1882.00
2025-04-08 16:08:47,802 - DEBUG - 局部搜索未能改进当前解
2025-04-08 16:08:47,807 - DEBUG - 执行AGV分配局部搜索，当前完工时间: 1848.00
2025-04-08 16:08:47,810 - DEBUG - 局部搜索未能改进当前解
2025-04-08 16:08:47,814 - DEBUG - 执行AGV分配局部搜索，当前完工时间: 1964.00
2025-04-08 16:08:47,818 - DEBUG - 局部搜索未能改进当前解
2025-04-08 16:08:47,820 - DEBUG - 执行AGV分配局部搜索，当前完工时间: 1978.00
2025-04-08 16:08:47,825 - DEBUG - 局部搜索未能改进当前解
2025-04-08 16:08:47,829 - DEBUG - 执行AGV分配局部搜索，当前完工时间: 1926.00
2025-04-08 16:08:47,832 - DEBUG - 局部搜索未能改进当前解
2025-04-08 16:08:47,836 - DEBUG - 执行AGV分配局部搜索，当前完工时间: 1937.00
2025-04-08 16:08:47,840 - DEBUG - 局部搜索未能改进当前解
2025-04-08 16:08:47,844 - DEBUG - 执行AGV分配局部搜索，当前完工时间: 1957.00
2025-04-08 16:08:47,847 - DEBUG - 局部搜索未能改进当前解
2025-04-08 16:08:47,851 - DEBUG - 执行AGV分配局部搜索，当前完工时间: 1989.00
2025-04-08 16:08:47,855 - DEBUG - 局部搜索未能改进当前解
2025-04-08 16:08:47,858 - DEBUG - 执行AGV分配局部搜索，当前完工时间: 1934.00
2025-04-08 16:08:47,862 - DEBUG - AGV分配局部搜索成功！完工时间从 1934.00 降低到 1922.00，改进: 12.00 (0.62%)
2025-04-08 16:08:47,866 - DEBUG - 执行AGV分配局部搜索，当前完工时间: 1913.00
2025-04-08 16:08:47,869 - DEBUG - AGV分配局部搜索成功！完工时间从 1913.00 降低到 1899.00，改进: 14.00 (0.73%)
2025-04-08 16:08:47,873 - DEBUG - 执行AGV分配局部搜索，当前完工时间: 1903.00
2025-04-08 16:08:47,876 - DEBUG - 局部搜索未能改进当前解
2025-04-08 16:08:47,881 - DEBUG - 执行AGV分配局部搜索，当前完工时间: 2069.00
2025-04-08 16:08:47,884 - DEBUG - 局部搜索未能改进当前解
2025-04-08 16:08:47,889 - DEBUG - 执行AGV分配局部搜索，当前完工时间: 1986.00
2025-04-08 16:08:47,892 - DEBUG - 局部搜索未能改进当前解
2025-04-08 16:08:47,895 - DEBUG - 执行AGV分配局部搜索，当前完工时间: 2082.00
2025-04-08 16:08:47,899 - DEBUG - 局部搜索未能改进当前解
2025-04-08 16:08:47,904 - DEBUG - 执行AGV分配局部搜索，当前完工时间: 1917.00
2025-04-08 16:08:47,908 - DEBUG - 局部搜索未能改进当前解
2025-04-08 16:08:47,912 - DEBUG - 执行AGV分配局部搜索，当前完工时间: 1918.00
2025-04-08 16:08:47,916 - DEBUG - 局部搜索未能改进当前解
2025-04-08 16:08:47,919 - DEBUG - 执行AGV分配局部搜索，当前完工时间: 2216.00
2025-04-08 16:08:47,923 - DEBUG - 局部搜索未能改进当前解
2025-04-08 16:08:47,926 - DEBUG - 执行AGV分配局部搜索，当前完工时间: 1949.00
2025-04-08 16:08:47,930 - DEBUG - AGV分配局部搜索成功！完工时间从 1949.00 降低到 1934.00，改进: 15.00 (0.77%)
2025-04-08 16:08:47,934 - DEBUG - 执行AGV分配局部搜索，当前完工时间: 1964.00
2025-04-08 16:08:47,938 - DEBUG - 局部搜索未能改进当前解
2025-04-08 16:08:47,941 - DEBUG - 执行AGV分配局部搜索，当前完工时间: 1846.00
2025-04-08 16:08:47,945 - DEBUG - AGV分配局部搜索成功！完工时间从 1846.00 降低到 1835.00，改进: 11.00 (0.60%)
2025-04-08 16:08:47,949 - DEBUG - 执行AGV分配局部搜索，当前完工时间: 1936.00
2025-04-08 16:08:47,952 - DEBUG - 局部搜索未能改进当前解
2025-04-08 16:08:47,955 - DEBUG - 执行AGV分配局部搜索，当前完工时间: 1896.00
2025-04-08 16:08:47,959 - DEBUG - 局部搜索未能改进当前解
2025-04-08 16:08:47,963 - DEBUG - 执行AGV分配局部搜索，当前完工时间: 1892.00
2025-04-08 16:08:47,967 - DEBUG - 局部搜索未能改进当前解
2025-04-08 16:08:47,970 - DEBUG - 执行AGV分配局部搜索，当前完工时间: 1857.00
2025-04-08 16:08:47,973 - DEBUG - 局部搜索未能改进当前解
2025-04-08 16:08:47,979 - DEBUG - 执行AGV分配局部搜索，当前完工时间: 1966.00
2025-04-08 16:08:47,983 - DEBUG - 局部搜索未能改进当前解
2025-04-08 16:08:47,987 - DEBUG - 执行AGV分配局部搜索，当前完工时间: 1992.00
2025-04-08 16:08:47,991 - DEBUG - 局部搜索未能改进当前解
2025-04-08 16:08:47,994 - DEBUG - 执行AGV分配局部搜索，当前完工时间: 2053.00
2025-04-08 16:08:47,997 - DEBUG - AGV分配局部搜索成功！完工时间从 2053.00 降低到 2033.00，改进: 20.00 (0.97%)
2025-04-08 16:08:48,001 - DEBUG - 执行AGV分配局部搜索，当前完工时间: 1896.00
2025-04-08 16:08:48,004 - DEBUG - 局部搜索未能改进当前解
2025-04-08 16:08:48,008 - DEBUG - 执行AGV分配局部搜索，当前完工时间: 1942.00
2025-04-08 16:08:48,012 - DEBUG - 局部搜索未能改进当前解
2025-04-08 16:08:48,016 - DEBUG - 执行AGV分配局部搜索，当前完工时间: 2035.00
2025-04-08 16:08:48,020 - DEBUG - 局部搜索未能改进当前解
2025-04-08 16:08:48,020 - DEBUG - ==================================================
2025-04-08 16:08:48,020 - DEBUG - Efficiency Statistics of Local Search :
2025-04-08 16:08:48,020 - DEBUG - Number of attempts: 99
2025-04-08 16:08:48,020 - DEBUG - Average Success Rate: 19.19%
2025-04-08 16:08:48,020 - DEBUG - AGV Local Search Success: 19，Average Improvement: 20.63
2025-04-08 16:08:48,024 - DEBUG - 执行AGV分配局部搜索，当前完工时间: 2063.00
2025-04-08 16:08:48,029 - DEBUG - 局部搜索未能改进当前解
2025-04-08 16:08:48,033 - DEBUG - 执行AGV分配局部搜索，当前完工时间: 1955.00
2025-04-08 16:08:48,036 - DEBUG - 局部搜索未能改进当前解
2025-04-08 16:08:48,040 - DEBUG - 执行AGV分配局部搜索，当前完工时间: 1884.00
2025-04-08 16:08:48,044 - DEBUG - 局部搜索未能改进当前解
2025-04-08 16:08:48,047 - DEBUG - 执行AGV分配局部搜索，当前完工时间: 1837.00
2025-04-08 16:08:48,051 - DEBUG - AGV分配局部搜索成功！完工时间从 1837.00 降低到 1829.00，改进: 8.00 (0.44%)
2025-04-08 16:08:48,055 - DEBUG - 执行AGV分配局部搜索，当前完工时间: 2018.00
2025-04-08 16:08:48,058 - DEBUG - AGV分配局部搜索成功！完工时间从 2018.00 降低到 2010.00，改进: 8.00 (0.40%)
2025-04-08 16:08:48,062 - DEBUG - 执行AGV分配局部搜索，当前完工时间: 1893.00
2025-04-08 16:08:48,066 - DEBUG - 局部搜索未能改进当前解
2025-04-08 16:08:48,069 - DEBUG - 执行AGV分配局部搜索，当前完工时间: 1940.00
2025-04-08 16:08:48,073 - DEBUG - 局部搜索未能改进当前解
2025-04-08 16:08:48,076 - DEBUG - 执行AGV分配局部搜索，当前完工时间: 1934.00
2025-04-08 16:08:48,081 - DEBUG - 局部搜索未能改进当前解
2025-04-08 16:08:48,084 - DEBUG - 执行AGV分配局部搜索，当前完工时间: 1892.00
2025-04-08 16:08:48,087 - DEBUG - 局部搜索未能改进当前解
2025-04-08 16:08:48,091 - DEBUG - 执行AGV分配局部搜索，当前完工时间: 1916.00
2025-04-08 16:08:48,094 - DEBUG - 局部搜索未能改进当前解
2025-04-08 16:08:48,097 - DEBUG - 执行AGV分配局部搜索，当前完工时间: 1839.00
2025-04-08 16:08:48,101 - DEBUG - 局部搜索未能改进当前解
2025-04-08 16:08:48,105 - DEBUG - 执行AGV分配局部搜索，当前完工时间: 2009.00
2025-04-08 16:08:48,109 - DEBUG - 局部搜索未能改进当前解
2025-04-08 16:08:48,113 - DEBUG - 执行AGV分配局部搜索，当前完工时间: 1942.00
2025-04-08 16:08:48,116 - DEBUG - 局部搜索未能改进当前解
2025-04-08 16:08:48,120 - DEBUG - 执行AGV分配局部搜索，当前完工时间: 1951.00
2025-04-08 16:08:48,123 - DEBUG - 局部搜索未能改进当前解
2025-04-08 16:08:48,126 - DEBUG - 执行AGV分配局部搜索，当前完工时间: 1975.00
2025-04-08 16:08:48,131 - DEBUG - AGV分配局部搜索成功！完工时间从 1975.00 降低到 1966.00，改进: 9.00 (0.46%)
2025-04-08 16:08:48,135 - DEBUG - 执行AGV分配局部搜索，当前完工时间: 1949.00
2025-04-08 16:08:48,139 - DEBUG - 局部搜索未能改进当前解
2025-04-08 16:08:48,143 - DEBUG - 执行AGV分配局部搜索，当前完工时间: 2008.00
2025-04-08 16:08:48,147 - DEBUG - 局部搜索未能改进当前解
2025-04-08 16:08:48,151 - DEBUG - 执行AGV分配局部搜索，当前完工时间: 1972.00
2025-04-08 16:08:48,155 - DEBUG - 局部搜索未能改进当前解
2025-04-08 16:08:48,159 - DEBUG - 执行AGV分配局部搜索，当前完工时间: 1915.00
2025-04-08 16:08:48,163 - DEBUG - 局部搜索未能改进当前解
2025-04-08 16:08:48,167 - DEBUG - 执行AGV分配局部搜索，当前完工时间: 1990.00
2025-04-08 16:08:48,170 - DEBUG - 局部搜索未能改进当前解
2025-04-08 16:08:48,175 - DEBUG - 执行AGV分配局部搜索，当前完工时间: 1933.00
2025-04-08 16:08:48,178 - DEBUG - 局部搜索未能改进当前解
2025-04-08 16:08:48,182 - DEBUG - 执行AGV分配局部搜索，当前完工时间: 1925.00
2025-04-08 16:08:48,185 - DEBUG - 局部搜索未能改进当前解
2025-04-08 16:08:48,189 - DEBUG - 执行AGV分配局部搜索，当前完工时间: 1920.00
2025-04-08 16:08:48,192 - DEBUG - AGV分配局部搜索成功！完工时间从 1920.00 降低到 1888.00，改进: 32.00 (1.67%)
2025-04-08 16:08:48,195 - DEBUG - 执行AGV分配局部搜索，当前完工时间: 2052.00
2025-04-08 16:08:48,200 - DEBUG - 局部搜索未能改进当前解
2025-04-08 16:08:48,203 - DEBUG - 执行AGV分配局部搜索，当前完工时间: 1964.00
2025-04-08 16:08:48,207 - DEBUG - 局部搜索未能改进当前解
2025-04-08 16:08:48,210 - DEBUG - 执行AGV分配局部搜索，当前完工时间: 1959.00
2025-04-08 16:08:48,214 - DEBUG - AGV分配局部搜索成功！完工时间从 1959.00 降低到 1938.00，改进: 21.00 (1.07%)
2025-04-08 16:08:48,218 - DEBUG - 执行AGV分配局部搜索，当前完工时间: 1895.00
2025-04-08 16:08:48,221 - DEBUG - 局部搜索未能改进当前解
2025-04-08 16:08:48,226 - DEBUG - 执行AGV分配局部搜索，当前完工时间: 1902.00
2025-04-08 16:08:48,229 - DEBUG - 局部搜索未能改进当前解
2025-04-08 16:08:48,232 - DEBUG - 执行AGV分配局部搜索，当前完工时间: 1962.00
2025-04-08 16:08:48,236 - DEBUG - 局部搜索未能改进当前解
2025-04-08 16:08:48,240 - DEBUG - 执行AGV分配局部搜索，当前完工时间: 1968.00
2025-04-08 16:08:48,244 - DEBUG - 局部搜索未能改进当前解
2025-04-08 16:08:48,247 - DEBUG - 执行AGV分配局部搜索，当前完工时间: 1898.00
2025-04-08 16:08:48,251 - DEBUG - AGV分配局部搜索成功！完工时间从 1898.00 降低到 1896.00，改进: 2.00 (0.11%)
2025-04-08 16:08:48,256 - DEBUG - 执行AGV分配局部搜索，当前完工时间: 2135.00
2025-04-08 16:08:48,258 - DEBUG - AGV分配局部搜索成功！完工时间从 2135.00 降低到 2129.00，改进: 6.00 (0.28%)
2025-04-08 16:08:48,262 - DEBUG - 执行AGV分配局部搜索，当前完工时间: 1968.00
2025-04-08 16:08:48,265 - DEBUG - 局部搜索未能改进当前解
2025-04-08 16:08:48,270 - DEBUG - 执行AGV分配局部搜索，当前完工时间: 1936.00
2025-04-08 16:08:48,273 - DEBUG - 局部搜索未能改进当前解
2025-04-08 16:08:48,276 - DEBUG - 执行AGV分配局部搜索，当前完工时间: 2029.00
2025-04-08 16:08:48,280 - DEBUG - 局部搜索未能改进当前解
2025-04-08 16:08:48,284 - DEBUG - 执行AGV分配局部搜索，当前完工时间: 1925.00
2025-04-08 16:08:48,288 - DEBUG - 局部搜索未能改进当前解
2025-04-08 16:08:48,292 - DEBUG - 执行AGV分配局部搜索，当前完工时间: 2051.00
2025-04-08 16:08:48,295 - DEBUG - 局部搜索未能改进当前解
2025-04-08 16:08:48,299 - DEBUG - 执行AGV分配局部搜索，当前完工时间: 1850.00
2025-04-08 16:08:48,302 - DEBUG - 局部搜索未能改进当前解
2025-04-08 16:08:48,306 - DEBUG - 执行AGV分配局部搜索，当前完工时间: 1988.00
2025-04-08 16:08:48,310 - DEBUG - 局部搜索未能改进当前解
2025-04-08 16:08:48,314 - DEBUG - 执行AGV分配局部搜索，当前完工时间: 1984.00
2025-04-08 16:08:48,318 - DEBUG - 局部搜索未能改进当前解
2025-04-08 16:08:48,321 - DEBUG - 执行AGV分配局部搜索，当前完工时间: 2078.00
2025-04-08 16:08:48,324 - DEBUG - 局部搜索未能改进当前解
2025-04-08 16:08:48,328 - DEBUG - 执行AGV分配局部搜索，当前完工时间: 1968.00
2025-04-08 16:08:48,331 - DEBUG - 局部搜索未能改进当前解
2025-04-08 16:08:48,335 - DEBUG - 执行AGV分配局部搜索，当前完工时间: 2067.00
2025-04-08 16:08:48,339 - DEBUG - 局部搜索未能改进当前解
2025-04-08 16:08:48,343 - DEBUG - 执行AGV分配局部搜索，当前完工时间: 1894.00
2025-04-08 16:08:48,347 - DEBUG - AGV分配局部搜索成功！完工时间从 1894.00 降低到 1870.00，改进: 24.00 (1.27%)
2025-04-08 16:08:48,350 - DEBUG - 执行AGV分配局部搜索，当前完工时间: 1857.00
2025-04-08 16:08:48,353 - DEBUG - 局部搜索未能改进当前解
2025-04-08 16:08:48,357 - DEBUG - 执行AGV分配局部搜索，当前完工时间: 1835.00
2025-04-08 16:08:48,361 - DEBUG - 局部搜索未能改进当前解
2025-04-08 16:08:48,364 - DEBUG - 执行AGV分配局部搜索，当前完工时间: 1967.00
2025-04-08 16:08:48,368 - DEBUG - 局部搜索未能改进当前解
2025-04-08 16:08:48,372 - DEBUG - 执行AGV分配局部搜索，当前完工时间: 1869.00
2025-04-08 16:08:48,375 - DEBUG - 局部搜索未能改进当前解
2025-04-08 16:08:48,381 - DEBUG - 执行AGV分配局部搜索，当前完工时间: 1914.00
2025-04-08 16:08:48,384 - DEBUG - 局部搜索未能改进当前解
2025-04-08 16:08:48,388 - DEBUG - 执行AGV分配局部搜索，当前完工时间: 1990.00
2025-04-08 16:08:48,392 - DEBUG - 局部搜索未能改进当前解
2025-04-08 16:08:48,396 - DEBUG - 执行AGV分配局部搜索，当前完工时间: 2015.00
2025-04-08 16:08:48,399 - DEBUG - 局部搜索未能改进当前解
2025-04-08 16:08:48,403 - DEBUG - 执行AGV分配局部搜索，当前完工时间: 1838.00
2025-04-08 16:08:48,406 - DEBUG - 局部搜索未能改进当前解
2025-04-08 16:08:48,409 - DEBUG - 执行AGV分配局部搜索，当前完工时间: 1981.00
2025-04-08 16:08:48,413 - DEBUG - 局部搜索未能改进当前解
2025-04-08 16:08:48,417 - DEBUG - 执行AGV分配局部搜索，当前完工时间: 1936.00
2025-04-08 16:08:48,420 - DEBUG - 局部搜索未能改进当前解
2025-04-08 16:08:48,424 - DEBUG - 执行AGV分配局部搜索，当前完工时间: 1984.00
2025-04-08 16:08:48,427 - DEBUG - 局部搜索未能改进当前解
2025-04-08 16:08:48,431 - DEBUG - 执行AGV分配局部搜索，当前完工时间: 1893.00
2025-04-08 16:08:48,435 - DEBUG - 局部搜索未能改进当前解
2025-04-08 16:08:48,438 - DEBUG - 执行AGV分配局部搜索，当前完工时间: 2063.00
2025-04-08 16:08:48,443 - DEBUG - 局部搜索未能改进当前解
2025-04-08 16:08:48,447 - DEBUG - 执行AGV分配局部搜索，当前完工时间: 2001.00
2025-04-08 16:08:48,450 - DEBUG - 局部搜索未能改进当前解
2025-04-08 16:08:48,454 - DEBUG - 执行AGV分配局部搜索，当前完工时间: 1926.00
2025-04-08 16:08:48,458 - DEBUG - 局部搜索未能改进当前解
2025-04-08 16:08:48,462 - DEBUG - 执行AGV分配局部搜索，当前完工时间: 1839.00
2025-04-08 16:08:48,466 - DEBUG - 局部搜索未能改进当前解
2025-04-08 16:08:48,469 - DEBUG - 执行AGV分配局部搜索，当前完工时间: 2108.00
2025-04-08 16:08:48,472 - DEBUG - 局部搜索未能改进当前解
2025-04-08 16:08:48,476 - DEBUG - 执行AGV分配局部搜索，当前完工时间: 1961.00
2025-04-08 16:08:48,480 - DEBUG - 局部搜索未能改进当前解
2025-04-08 16:08:48,485 - DEBUG - 执行AGV分配局部搜索，当前完工时间: 2007.00
2025-04-08 16:08:48,489 - DEBUG - 局部搜索未能改进当前解
2025-04-08 16:08:48,493 - DEBUG - 执行AGV分配局部搜索，当前完工时间: 1928.00
2025-04-08 16:08:48,497 - DEBUG - 局部搜索未能改进当前解
2025-04-08 16:08:48,501 - DEBUG - 执行AGV分配局部搜索，当前完工时间: 1917.00
2025-04-08 16:08:48,504 - DEBUG - 局部搜索未能改进当前解
2025-04-08 16:08:48,508 - DEBUG - 执行AGV分配局部搜索，当前完工时间: 2030.00
2025-04-08 16:08:48,511 - DEBUG - 局部搜索未能改进当前解
2025-04-08 16:08:48,516 - DEBUG - 执行AGV分配局部搜索，当前完工时间: 1940.00
2025-04-08 16:08:48,520 - DEBUG - AGV分配局部搜索成功！完工时间从 1940.00 降低到 1932.00，改进: 8.00 (0.41%)
2025-04-08 16:08:48,523 - DEBUG - 执行AGV分配局部搜索，当前完工时间: 2022.00
2025-04-08 16:08:48,527 - DEBUG - 局部搜索未能改进当前解
2025-04-08 16:08:48,532 - DEBUG - 执行AGV分配局部搜索，当前完工时间: 1980.00
2025-04-08 16:08:48,535 - DEBUG - 局部搜索未能改进当前解
2025-04-08 16:08:48,538 - DEBUG - 执行AGV分配局部搜索，当前完工时间: 1934.00
2025-04-08 16:08:48,543 - DEBUG - 局部搜索未能改进当前解
2025-04-08 16:08:48,547 - DEBUG - 执行AGV分配局部搜索，当前完工时间: 1882.00
2025-04-08 16:08:48,551 - DEBUG - 局部搜索未能改进当前解
2025-04-08 16:08:48,554 - DEBUG - 执行AGV分配局部搜索，当前完工时间: 1888.00
2025-04-08 16:08:48,558 - DEBUG - 局部搜索未能改进当前解
2025-04-08 16:08:48,562 - DEBUG - 执行AGV分配局部搜索，当前完工时间: 2067.00
2025-04-08 16:08:48,565 - DEBUG - 局部搜索未能改进当前解
2025-04-08 16:08:48,570 - DEBUG - 执行AGV分配局部搜索，当前完工时间: 1879.00
2025-04-08 16:08:48,573 - DEBUG - AGV分配局部搜索成功！完工时间从 1879.00 降低到 1875.00，改进: 4.00 (0.21%)
2025-04-08 16:08:48,576 - DEBUG - 执行AGV分配局部搜索，当前完工时间: 2059.00
2025-04-08 16:08:48,581 - DEBUG - 局部搜索未能改进当前解
2025-04-08 16:08:48,585 - DEBUG - 执行AGV分配局部搜索，当前完工时间: 1994.00
2025-04-08 16:08:48,590 - DEBUG - 局部搜索未能改进当前解
2025-04-08 16:08:48,594 - DEBUG - 执行AGV分配局部搜索，当前完工时间: 2018.00
2025-04-08 16:08:48,597 - DEBUG - 局部搜索未能改进当前解
2025-04-08 16:08:48,601 - DEBUG - 执行AGV分配局部搜索，当前完工时间: 1888.00
2025-04-08 16:08:48,605 - DEBUG - 局部搜索未能改进当前解
2025-04-08 16:08:48,609 - DEBUG - 执行AGV分配局部搜索，当前完工时间: 2116.00
2025-04-08 16:08:48,612 - DEBUG - 局部搜索未能改进当前解
2025-04-08 16:08:48,616 - DEBUG - 执行AGV分配局部搜索，当前完工时间: 1848.00
2025-04-08 16:08:48,620 - DEBUG - 局部搜索未能改进当前解
2025-04-08 16:08:48,624 - DEBUG - 执行AGV分配局部搜索，当前完工时间: 1971.00
2025-04-08 16:08:48,628 - DEBUG - 局部搜索未能改进当前解
2025-04-08 16:08:48,631 - DEBUG - 执行AGV分配局部搜索，当前完工时间: 1899.00
2025-04-08 16:08:48,636 - DEBUG - 局部搜索未能改进当前解
2025-04-08 16:08:48,639 - DEBUG - 执行AGV分配局部搜索，当前完工时间: 1948.00
2025-04-08 16:08:48,642 - DEBUG - 局部搜索未能改进当前解
2025-04-08 16:08:48,647 - DEBUG - 执行AGV分配局部搜索，当前完工时间: 1966.00
2025-04-08 16:08:48,650 - DEBUG - 局部搜索未能改进当前解
2025-04-08 16:08:48,656 - DEBUG - 执行AGV分配局部搜索，当前完工时间: 2103.00
2025-04-08 16:08:48,659 - DEBUG - 局部搜索未能改进当前解
2025-04-08 16:08:48,662 - DEBUG - 执行AGV分配局部搜索，当前完工时间: 1897.00
2025-04-08 16:08:48,666 - DEBUG - 局部搜索未能改进当前解
2025-04-08 16:08:48,671 - DEBUG - 执行AGV分配局部搜索，当前完工时间: 1986.00
2025-04-08 16:08:48,674 - DEBUG - 局部搜索未能改进当前解
2025-04-08 16:08:48,678 - DEBUG - 执行AGV分配局部搜索，当前完工时间: 2059.00
2025-04-08 16:08:48,682 - DEBUG - 局部搜索未能改进当前解
2025-04-08 16:08:48,685 - DEBUG - 执行AGV分配局部搜索，当前完工时间: 2008.00
2025-04-08 16:08:48,689 - DEBUG - 局部搜索未能改进当前解
2025-04-08 16:08:48,692 - DEBUG - 执行AGV分配局部搜索，当前完工时间: 1890.00
2025-04-08 16:08:48,695 - DEBUG - 局部搜索未能改进当前解
2025-04-08 16:08:48,699 - DEBUG - 执行AGV分配局部搜索，当前完工时间: 1987.00
2025-04-08 16:08:48,703 - DEBUG - 局部搜索未能改进当前解
2025-04-08 16:08:48,707 - DEBUG - 执行AGV分配局部搜索，当前完工时间: 1989.00
2025-04-08 16:08:48,710 - DEBUG - AGV分配局部搜索成功！完工时间从 1989.00 降低到 1978.00，改进: 11.00 (0.55%)
2025-04-08 16:08:48,714 - DEBUG - 执行AGV分配局部搜索，当前完工时间: 1869.00
2025-04-08 16:08:48,717 - DEBUG - 局部搜索未能改进当前解
2025-04-08 16:08:48,721 - DEBUG - 执行AGV分配局部搜索，当前完工时间: 2143.00
2025-04-08 16:08:48,725 - DEBUG - 局部搜索未能改进当前解
2025-04-08 16:08:48,729 - DEBUG - 执行AGV分配局部搜索，当前完工时间: 1941.00
2025-04-08 16:08:48,733 - DEBUG - 局部搜索未能改进当前解
2025-04-08 16:08:48,737 - DEBUG - 执行AGV分配局部搜索，当前完工时间: 1908.00
2025-04-08 16:08:48,740 - DEBUG - 局部搜索未能改进当前解
2025-04-08 16:08:48,743 - DEBUG - 执行AGV分配局部搜索，当前完工时间: 1957.00
2025-04-08 16:08:48,747 - DEBUG - 局部搜索未能改进当前解
2025-04-08 16:08:48,750 - DEBUG - 执行AGV分配局部搜索，当前完工时间: 1965.00
2025-04-08 16:08:48,754 - DEBUG - 局部搜索未能改进当前解
2025-04-08 16:08:48,758 - DEBUG - 执行AGV分配局部搜索，当前完工时间: 1947.00
2025-04-08 16:08:48,762 - DEBUG - 局部搜索未能改进当前解
2025-04-08 16:08:48,762 - DEBUG - ==================================================
2025-04-08 16:08:48,762 - DEBUG - Efficiency Statistics of Local Search :
2025-04-08 16:08:48,762 - DEBUG - Number of attempts: 99
2025-04-08 16:08:48,762 - DEBUG - Average Success Rate: 11.11%
2025-04-08 16:08:48,762 - DEBUG - AGV Local Search Success: 11，Average Improvement: 12.09
2025-04-08 16:08:48,766 - DEBUG - 执行AGV分配局部搜索，当前完工时间: 1938.00
2025-04-08 16:08:48,770 - DEBUG - 局部搜索未能改进当前解
2025-04-08 16:08:48,774 - DEBUG - 执行AGV分配局部搜索，当前完工时间: 1988.00
2025-04-08 16:08:48,776 - DEBUG - 局部搜索未能改进当前解
2025-04-08 16:08:48,781 - DEBUG - 执行AGV分配局部搜索，当前完工时间: 2043.00
2025-04-08 16:08:48,785 - DEBUG - 局部搜索未能改进当前解
2025-04-08 16:08:48,788 - DEBUG - 执行AGV分配局部搜索，当前完工时间: 1976.00
2025-04-08 16:08:48,793 - DEBUG - AGV分配局部搜索成功！完工时间从 1976.00 降低到 1966.00，改进: 10.00 (0.51%)
2025-04-08 16:08:48,796 - DEBUG - 执行AGV分配局部搜索，当前完工时间: 2004.00
2025-04-08 16:08:48,800 - DEBUG - 局部搜索未能改进当前解
2025-04-08 16:08:48,803 - DEBUG - 执行AGV分配局部搜索，当前完工时间: 1901.00
2025-04-08 16:08:48,806 - DEBUG - 局部搜索未能改进当前解
2025-04-08 16:08:48,810 - DEBUG - 执行AGV分配局部搜索，当前完工时间: 1893.00
2025-04-08 16:08:48,815 - DEBUG - 局部搜索未能改进当前解
2025-04-08 16:08:48,818 - DEBUG - 执行AGV分配局部搜索，当前完工时间: 1870.00
2025-04-08 16:08:48,821 - DEBUG - 局部搜索未能改进当前解
2025-04-08 16:08:48,826 - DEBUG - 执行AGV分配局部搜索，当前完工时间: 2043.00
2025-04-08 16:08:48,828 - DEBUG - 局部搜索未能改进当前解
2025-04-08 16:08:48,832 - DEBUG - 执行AGV分配局部搜索，当前完工时间: 1911.00
2025-04-08 16:08:48,836 - DEBUG - 局部搜索未能改进当前解
2025-04-08 16:08:48,840 - DEBUG - 执行AGV分配局部搜索，当前完工时间: 1954.00
2025-04-08 16:08:48,843 - DEBUG - 局部搜索未能改进当前解
2025-04-08 16:08:48,847 - DEBUG - 执行AGV分配局部搜索，当前完工时间: 2018.00
2025-04-08 16:08:48,851 - DEBUG - AGV分配局部搜索成功！完工时间从 2018.00 降低到 2012.00，改进: 6.00 (0.30%)
2025-04-08 16:08:48,855 - DEBUG - 执行AGV分配局部搜索，当前完工时间: 1996.00
2025-04-08 16:08:48,858 - DEBUG - 局部搜索未能改进当前解
2025-04-08 16:08:48,863 - DEBUG - 执行AGV分配局部搜索，当前完工时间: 2063.00
2025-04-08 16:08:48,865 - DEBUG - AGV分配局部搜索成功！完工时间从 2063.00 降低到 2046.00，改进: 17.00 (0.82%)
2025-04-08 16:08:48,869 - DEBUG - 执行AGV分配局部搜索，当前完工时间: 2006.00
2025-04-08 16:08:48,873 - DEBUG - 局部搜索未能改进当前解
2025-04-08 16:08:48,877 - DEBUG - 执行AGV分配局部搜索，当前完工时间: 1927.00
2025-04-08 16:08:48,880 - DEBUG - 局部搜索未能改进当前解
2025-04-08 16:08:48,884 - DEBUG - 执行AGV分配局部搜索，当前完工时间: 1916.00
2025-04-08 16:08:48,887 - DEBUG - 局部搜索未能改进当前解
2025-04-08 16:08:48,891 - DEBUG - 执行AGV分配局部搜索，当前完工时间: 1941.00
2025-04-08 16:08:48,894 - DEBUG - AGV分配局部搜索成功！完工时间从 1941.00 降低到 1918.00，改进: 23.00 (1.18%)
2025-04-08 16:08:48,897 - DEBUG - 执行AGV分配局部搜索，当前完工时间: 1962.00
2025-04-08 16:08:48,901 - DEBUG - 局部搜索未能改进当前解
2025-04-08 16:08:48,905 - DEBUG - 执行AGV分配局部搜索，当前完工时间: 1893.00
2025-04-08 16:08:48,909 - DEBUG - AGV分配局部搜索成功！完工时间从 1893.00 降低到 1877.00，改进: 16.00 (0.85%)
2025-04-08 16:08:48,912 - DEBUG - 执行AGV分配局部搜索，当前完工时间: 1949.00
2025-04-08 16:08:48,916 - DEBUG - 局部搜索未能改进当前解
2025-04-08 16:08:48,920 - DEBUG - 执行AGV分配局部搜索，当前完工时间: 1998.00
2025-04-08 16:08:48,923 - DEBUG - 局部搜索未能改进当前解
2025-04-08 16:08:48,926 - DEBUG - 执行AGV分配局部搜索，当前完工时间: 1906.00
2025-04-08 16:08:48,931 - DEBUG - 局部搜索未能改进当前解
2025-04-08 16:08:48,934 - DEBUG - 执行AGV分配局部搜索，当前完工时间: 1967.00
2025-04-08 16:08:48,937 - DEBUG - 局部搜索未能改进当前解
2025-04-08 16:08:48,942 - DEBUG - 执行AGV分配局部搜索，当前完工时间: 1990.00
2025-04-08 16:08:48,945 - DEBUG - 局部搜索未能改进当前解
2025-04-08 16:08:48,950 - DEBUG - 执行AGV分配局部搜索，当前完工时间: 1956.00
2025-04-08 16:08:48,953 - DEBUG - 局部搜索未能改进当前解
2025-04-08 16:08:48,956 - DEBUG - 执行AGV分配局部搜索，当前完工时间: 1895.00
2025-04-08 16:08:48,959 - DEBUG - 局部搜索未能改进当前解
2025-04-08 16:08:48,964 - DEBUG - 执行AGV分配局部搜索，当前完工时间: 1982.00
2025-04-08 16:08:48,968 - DEBUG - AGV分配局部搜索成功！完工时间从 1982.00 降低到 1947.00，改进: 35.00 (1.77%)
2025-04-08 16:08:48,971 - DEBUG - 执行AGV分配局部搜索，当前完工时间: 2006.00
2025-04-08 16:08:48,975 - DEBUG - 局部搜索未能改进当前解
2025-04-08 16:08:48,979 - DEBUG - 执行AGV分配局部搜索，当前完工时间: 1949.00
2025-04-08 16:08:48,983 - DEBUG - AGV分配局部搜索成功！完工时间从 1949.00 降低到 1946.00，改进: 3.00 (0.15%)
2025-04-08 16:08:48,987 - DEBUG - 执行AGV分配局部搜索，当前完工时间: 2055.00
2025-04-08 16:08:48,991 - DEBUG - 局部搜索未能改进当前解
2025-04-08 16:08:48,995 - DEBUG - 执行AGV分配局部搜索，当前完工时间: 2041.00
2025-04-08 16:08:49,000 - DEBUG - 局部搜索未能改进当前解
2025-04-08 16:08:49,003 - DEBUG - 执行AGV分配局部搜索，当前完工时间: 1908.00
2025-04-08 16:08:49,007 - DEBUG - AGV分配局部搜索成功！完工时间从 1908.00 降低到 1881.00，改进: 27.00 (1.42%)
2025-04-08 16:08:49,010 - DEBUG - 执行AGV分配局部搜索，当前完工时间: 1869.00
2025-04-08 16:08:49,015 - DEBUG - 局部搜索未能改进当前解
2025-04-08 16:08:49,018 - DEBUG - 执行AGV分配局部搜索，当前完工时间: 1934.00
2025-04-08 16:08:49,022 - DEBUG - 局部搜索未能改进当前解
2025-04-08 16:08:49,025 - DEBUG - 执行AGV分配局部搜索，当前完工时间: 1988.00
2025-04-08 16:08:49,029 - DEBUG - 局部搜索未能改进当前解
2025-04-08 16:08:49,033 - DEBUG - 执行AGV分配局部搜索，当前完工时间: 1897.00
2025-04-08 16:08:49,036 - DEBUG - 局部搜索未能改进当前解
2025-04-08 16:08:49,040 - DEBUG - 执行AGV分配局部搜索，当前完工时间: 1829.00
2025-04-08 16:08:49,044 - DEBUG - 局部搜索未能改进当前解
2025-04-08 16:08:49,049 - DEBUG - 执行AGV分配局部搜索，当前完工时间: 1883.00
2025-04-08 16:08:49,052 - DEBUG - AGV分配局部搜索成功！完工时间从 1883.00 降低到 1870.00，改进: 13.00 (0.69%)
2025-04-08 16:08:49,056 - DEBUG - 执行AGV分配局部搜索，当前完工时间: 1886.00
2025-04-08 16:08:49,060 - DEBUG - 局部搜索未能改进当前解
2025-04-08 16:08:49,064 - DEBUG - 执行AGV分配局部搜索，当前完工时间: 1963.00
2025-04-08 16:08:49,069 - DEBUG - 局部搜索未能改进当前解
2025-04-08 16:08:49,072 - DEBUG - 执行AGV分配局部搜索，当前完工时间: 2090.00
2025-04-08 16:08:49,076 - DEBUG - AGV分配局部搜索成功！完工时间从 2090.00 降低到 2048.00，改进: 42.00 (2.01%)
2025-04-08 16:08:49,080 - DEBUG - 执行AGV分配局部搜索，当前完工时间: 1933.00
2025-04-08 16:08:49,084 - DEBUG - 局部搜索未能改进当前解
2025-04-08 16:08:49,087 - DEBUG - 执行AGV分配局部搜索，当前完工时间: 2060.00
2025-04-08 16:08:49,091 - DEBUG - 局部搜索未能改进当前解
2025-04-08 16:08:49,094 - DEBUG - 执行AGV分配局部搜索，当前完工时间: 1964.00
2025-04-08 16:08:49,098 - DEBUG - 局部搜索未能改进当前解
2025-04-08 16:08:49,102 - DEBUG - 执行AGV分配局部搜索，当前完工时间: 1999.00
2025-04-08 16:08:49,106 - DEBUG - 局部搜索未能改进当前解
2025-04-08 16:08:49,110 - DEBUG - 执行AGV分配局部搜索，当前完工时间: 1917.00
2025-04-08 16:08:49,114 - DEBUG - 局部搜索未能改进当前解
2025-04-08 16:08:49,118 - DEBUG - 执行AGV分配局部搜索，当前完工时间: 1860.00
2025-04-08 16:08:49,120 - DEBUG - 局部搜索未能改进当前解
2025-04-08 16:08:49,125 - DEBUG - 执行AGV分配局部搜索，当前完工时间: 1888.00
2025-04-08 16:08:49,129 - DEBUG - 局部搜索未能改进当前解
2025-04-08 16:08:49,133 - DEBUG - 执行AGV分配局部搜索，当前完工时间: 1978.00
2025-04-08 16:08:49,136 - DEBUG - 局部搜索未能改进当前解
2025-04-08 16:08:49,141 - DEBUG - 执行AGV分配局部搜索，当前完工时间: 1997.00
2025-04-08 16:08:49,144 - DEBUG - 局部搜索未能改进当前解
2025-04-08 16:08:49,148 - DEBUG - 执行AGV分配局部搜索，当前完工时间: 1893.00
2025-04-08 16:08:49,152 - DEBUG - 局部搜索未能改进当前解
2025-04-08 16:08:49,156 - DEBUG - 执行AGV分配局部搜索，当前完工时间: 2022.00
2025-04-08 16:08:49,160 - DEBUG - 局部搜索未能改进当前解
2025-04-08 16:08:49,164 - DEBUG - 执行AGV分配局部搜索，当前完工时间: 1994.00
2025-04-08 16:08:49,167 - DEBUG - 局部搜索未能改进当前解
2025-04-08 16:08:49,171 - DEBUG - 执行AGV分配局部搜索，当前完工时间: 1888.00
2025-04-08 16:08:49,175 - DEBUG - 局部搜索未能改进当前解
2025-04-08 16:08:49,178 - DEBUG - 执行AGV分配局部搜索，当前完工时间: 1933.00
2025-04-08 16:08:49,181 - DEBUG - 局部搜索未能改进当前解
2025-04-08 16:08:49,186 - DEBUG - 执行AGV分配局部搜索，当前完工时间: 1880.00
2025-04-08 16:08:49,189 - DEBUG - 局部搜索未能改进当前解
2025-04-08 16:08:49,192 - DEBUG - 执行AGV分配局部搜索，当前完工时间: 1899.00
2025-04-08 16:08:49,196 - DEBUG - 局部搜索未能改进当前解
2025-04-08 16:08:49,201 - DEBUG - 执行AGV分配局部搜索，当前完工时间: 1989.00
2025-04-08 16:08:49,204 - DEBUG - 局部搜索未能改进当前解
2025-04-08 16:08:49,208 - DEBUG - 执行AGV分配局部搜索，当前完工时间: 1950.00
2025-04-08 16:08:49,212 - DEBUG - 局部搜索未能改进当前解
2025-04-08 16:08:49,216 - DEBUG - 执行AGV分配局部搜索，当前完工时间: 1993.00
2025-04-08 16:08:49,220 - DEBUG - AGV分配局部搜索成功！完工时间从 1993.00 降低到 1990.00，改进: 3.00 (0.15%)
2025-04-08 16:08:49,224 - DEBUG - 执行AGV分配局部搜索，当前完工时间: 1947.00
2025-04-08 16:08:49,227 - DEBUG - 局部搜索未能改进当前解
2025-04-08 16:08:49,231 - DEBUG - 执行AGV分配局部搜索，当前完工时间: 1848.00
2025-04-08 16:08:49,235 - DEBUG - 局部搜索未能改进当前解
2025-04-08 16:08:49,238 - DEBUG - 执行AGV分配局部搜索，当前完工时间: 1957.00
2025-04-08 16:08:49,242 - DEBUG - 局部搜索未能改进当前解
2025-04-08 16:08:49,246 - DEBUG - 执行AGV分配局部搜索，当前完工时间: 1889.00
2025-04-08 16:08:49,249 - DEBUG - 局部搜索未能改进当前解
2025-04-08 16:08:49,253 - DEBUG - 执行AGV分配局部搜索，当前完工时间: 2058.00
2025-04-08 16:08:49,257 - DEBUG - 局部搜索未能改进当前解
2025-04-08 16:08:49,260 - DEBUG - 执行AGV分配局部搜索，当前完工时间: 1902.00
2025-04-08 16:08:49,265 - DEBUG - 局部搜索未能改进当前解
2025-04-08 16:08:49,268 - DEBUG - 执行AGV分配局部搜索，当前完工时间: 1915.00
2025-04-08 16:08:49,270 - DEBUG - 局部搜索未能改进当前解
2025-04-08 16:08:49,275 - DEBUG - 执行AGV分配局部搜索，当前完工时间: 1964.00
2025-04-08 16:08:49,278 - DEBUG - 局部搜索未能改进当前解
2025-04-08 16:08:49,282 - DEBUG - 执行AGV分配局部搜索，当前完工时间: 2043.00
2025-04-08 16:08:49,285 - DEBUG - 局部搜索未能改进当前解
2025-04-08 16:08:49,290 - DEBUG - 执行AGV分配局部搜索，当前完工时间: 1961.00
2025-04-08 16:08:49,293 - DEBUG - AGV分配局部搜索成功！完工时间从 1961.00 降低到 1917.00，改进: 44.00 (2.24%)
2025-04-08 16:08:49,297 - DEBUG - 执行AGV分配局部搜索，当前完工时间: 1904.00
2025-04-08 16:08:49,300 - DEBUG - 局部搜索未能改进当前解
2025-04-08 16:08:49,304 - DEBUG - 执行AGV分配局部搜索，当前完工时间: 1935.00
2025-04-08 16:08:49,307 - DEBUG - 局部搜索未能改进当前解
2025-04-08 16:08:49,312 - DEBUG - 执行AGV分配局部搜索，当前完工时间: 2020.00
2025-04-08 16:08:49,315 - DEBUG - 局部搜索未能改进当前解
2025-04-08 16:08:49,320 - DEBUG - 执行AGV分配局部搜索，当前完工时间: 1936.00
2025-04-08 16:08:49,323 - DEBUG - 局部搜索未能改进当前解
2025-04-08 16:08:49,326 - DEBUG - 执行AGV分配局部搜索，当前完工时间: 1982.00
2025-04-08 16:08:49,331 - DEBUG - 局部搜索未能改进当前解
2025-04-08 16:08:49,335 - DEBUG - 执行AGV分配局部搜索，当前完工时间: 1953.00
2025-04-08 16:08:49,338 - DEBUG - 局部搜索未能改进当前解
2025-04-08 16:08:49,342 - DEBUG - 执行AGV分配局部搜索，当前完工时间: 1951.00
2025-04-08 16:08:49,346 - DEBUG - 局部搜索未能改进当前解
2025-04-08 16:08:49,349 - DEBUG - 执行AGV分配局部搜索，当前完工时间: 1847.00
2025-04-08 16:08:49,352 - DEBUG - 局部搜索未能改进当前解
2025-04-08 16:08:49,356 - DEBUG - 执行AGV分配局部搜索，当前完工时间: 1916.00
2025-04-08 16:08:49,360 - DEBUG - AGV分配局部搜索成功！完工时间从 1916.00 降低到 1905.00，改进: 11.00 (0.57%)
2025-04-08 16:08:49,364 - DEBUG - 执行AGV分配局部搜索，当前完工时间: 1951.00
2025-04-08 16:08:49,368 - DEBUG - AGV分配局部搜索成功！完工时间从 1951.00 降低到 1949.00，改进: 2.00 (0.10%)
2025-04-08 16:08:49,372 - DEBUG - 执行AGV分配局部搜索，当前完工时间: 1883.00
2025-04-08 16:08:49,375 - DEBUG - 局部搜索未能改进当前解
2025-04-08 16:08:49,380 - DEBUG - 执行AGV分配局部搜索，当前完工时间: 1968.00
2025-04-08 16:08:49,383 - DEBUG - 局部搜索未能改进当前解
2025-04-08 16:08:49,388 - DEBUG - 执行AGV分配局部搜索，当前完工时间: 1966.00
2025-04-08 16:08:49,392 - DEBUG - 局部搜索未能改进当前解
2025-04-08 16:08:49,395 - DEBUG - 执行AGV分配局部搜索，当前完工时间: 1857.00
2025-04-08 16:08:49,399 - DEBUG - 局部搜索未能改进当前解
2025-04-08 16:08:49,403 - DEBUG - 执行AGV分配局部搜索，当前完工时间: 1923.00
2025-04-08 16:08:49,407 - DEBUG - 局部搜索未能改进当前解
2025-04-08 16:08:49,411 - DEBUG - 执行AGV分配局部搜索，当前完工时间: 1832.00
2025-04-08 16:08:49,414 - DEBUG - 局部搜索未能改进当前解
2025-04-08 16:08:49,419 - DEBUG - 执行AGV分配局部搜索，当前完工时间: 1964.00
2025-04-08 16:08:49,422 - DEBUG - 局部搜索未能改进当前解
2025-04-08 16:08:49,426 - DEBUG - 执行AGV分配局部搜索，当前完工时间: 1911.00
2025-04-08 16:08:49,440 - DEBUG - 局部搜索未能改进当前解
2025-04-08 16:08:49,447 - DEBUG - 执行AGV分配局部搜索，当前完工时间: 1968.00
2025-04-08 16:08:49,455 - DEBUG - 局部搜索未能改进当前解
2025-04-08 16:08:49,462 - DEBUG - 执行AGV分配局部搜索，当前完工时间: 1967.00
2025-04-08 16:08:49,466 - DEBUG - AGV分配局部搜索成功！完工时间从 1967.00 降低到 1962.00，改进: 5.00 (0.25%)
2025-04-08 16:08:49,470 - DEBUG - 执行AGV分配局部搜索，当前完工时间: 1837.00
2025-04-08 16:08:49,473 - DEBUG - 局部搜索未能改进当前解
2025-04-08 16:08:49,479 - DEBUG - 执行AGV分配局部搜索，当前完工时间: 1893.00
2025-04-08 16:08:49,486 - DEBUG - 局部搜索未能改进当前解
2025-04-08 16:08:49,490 - DEBUG - 执行AGV分配局部搜索，当前完工时间: 1834.00
2025-04-08 16:08:49,494 - DEBUG - 局部搜索未能改进当前解
2025-04-08 16:08:49,497 - DEBUG - 执行AGV分配局部搜索，当前完工时间: 2052.00
2025-04-08 16:08:49,501 - DEBUG - 局部搜索未能改进当前解
2025-04-08 16:08:49,504 - DEBUG - 执行AGV分配局部搜索，当前完工时间: 1934.00
2025-04-08 16:08:49,508 - DEBUG - 局部搜索未能改进当前解
2025-04-08 16:08:49,511 - DEBUG - 执行AGV分配局部搜索，当前完工时间: 1933.00
2025-04-08 16:08:49,515 - DEBUG - AGV分配局部搜索成功！完工时间从 1933.00 降低到 1910.00，改进: 23.00 (1.19%)
2025-04-08 16:08:49,519 - DEBUG - 执行AGV分配局部搜索，当前完工时间: 1876.00
2025-04-08 16:08:49,522 - DEBUG - AGV分配局部搜索成功！完工时间从 1876.00 降低到 1863.00，改进: 13.00 (0.69%)
2025-04-08 16:08:49,526 - DEBUG - 执行AGV分配局部搜索，当前完工时间: 1899.00
2025-04-08 16:08:49,529 - DEBUG - 局部搜索未能改进当前解
2025-04-08 16:08:49,529 - DEBUG - ==================================================
2025-04-08 16:08:49,529 - DEBUG - Efficiency Statistics of Local Search :
2025-04-08 16:08:49,529 - DEBUG - Number of attempts: 99
2025-04-08 16:08:49,529 - DEBUG - Average Success Rate: 17.17%
2025-04-08 16:08:49,529 - DEBUG - AGV Local Search Success: 17，Average Improvement: 17.24
2025-04-08 16:08:49,534 - DEBUG - 执行AGV分配局部搜索，当前完工时间: 1880.00
2025-04-08 16:08:49,538 - DEBUG - 局部搜索未能改进当前解
2025-04-08 16:08:49,543 - DEBUG - 执行AGV分配局部搜索，当前完工时间: 1936.00
2025-04-08 16:08:49,547 - DEBUG - 局部搜索未能改进当前解
2025-04-08 16:08:49,551 - DEBUG - 执行AGV分配局部搜索，当前完工时间: 1870.00
2025-04-08 16:08:49,555 - DEBUG - 局部搜索未能改进当前解
2025-04-08 16:08:49,558 - DEBUG - 执行AGV分配局部搜索，当前完工时间: 1903.00
2025-04-08 16:08:49,562 - DEBUG - AGV分配局部搜索成功！完工时间从 1903.00 降低到 1890.00，改进: 13.00 (0.68%)
2025-04-08 16:08:49,565 - DEBUG - 执行AGV分配局部搜索，当前完工时间: 1979.00
2025-04-08 16:08:49,570 - DEBUG - 局部搜索未能改进当前解
2025-04-08 16:08:49,572 - DEBUG - 执行AGV分配局部搜索，当前完工时间: 1948.00
2025-04-08 16:08:49,576 - DEBUG - 局部搜索未能改进当前解
2025-04-08 16:08:49,580 - DEBUG - 执行AGV分配局部搜索，当前完工时间: 1881.00
2025-04-08 16:08:49,583 - DEBUG - 局部搜索未能改进当前解
2025-04-08 16:08:49,587 - DEBUG - 执行AGV分配局部搜索，当前完工时间: 1834.00
2025-04-08 16:08:49,591 - DEBUG - 局部搜索未能改进当前解
2025-04-08 16:08:49,594 - DEBUG - 执行AGV分配局部搜索，当前完工时间: 1909.00
2025-04-08 16:08:49,597 - DEBUG - 局部搜索未能改进当前解
2025-04-08 16:08:49,601 - DEBUG - 执行AGV分配局部搜索，当前完工时间: 1856.00
2025-04-08 16:08:49,605 - DEBUG - 局部搜索未能改进当前解
2025-04-08 16:08:49,609 - DEBUG - 执行AGV分配局部搜索，当前完工时间: 1917.00
2025-04-08 16:08:49,612 - DEBUG - 局部搜索未能改进当前解
2025-04-08 16:08:49,617 - DEBUG - 执行AGV分配局部搜索，当前完工时间: 1904.00
2025-04-08 16:08:49,620 - DEBUG - AGV分配局部搜索成功！完工时间从 1904.00 降低到 1897.00，改进: 7.00 (0.37%)
2025-04-08 16:08:49,624 - DEBUG - 执行AGV分配局部搜索，当前完工时间: 1963.00
2025-04-08 16:08:49,627 - DEBUG - 局部搜索未能改进当前解
2025-04-08 16:08:49,631 - DEBUG - 执行AGV分配局部搜索，当前完工时间: 1913.00
2025-04-08 16:08:49,634 - DEBUG - 局部搜索未能改进当前解
2025-04-08 16:08:49,638 - DEBUG - 执行AGV分配局部搜索，当前完工时间: 1926.00
2025-04-08 16:08:49,642 - DEBUG - 局部搜索未能改进当前解
2025-04-08 16:08:49,645 - DEBUG - 执行AGV分配局部搜索，当前完工时间: 2000.00
2025-04-08 16:08:49,649 - DEBUG - 局部搜索未能改进当前解
2025-04-08 16:08:49,653 - DEBUG - 执行AGV分配局部搜索，当前完工时间: 2067.00
2025-04-08 16:08:49,656 - DEBUG - 局部搜索未能改进当前解
2025-04-08 16:08:49,660 - DEBUG - 执行AGV分配局部搜索，当前完工时间: 1906.00
2025-04-08 16:08:49,664 - DEBUG - 局部搜索未能改进当前解
2025-04-08 16:08:49,668 - DEBUG - 执行AGV分配局部搜索，当前完工时间: 1922.00
2025-04-08 16:08:49,672 - DEBUG - 局部搜索未能改进当前解
2025-04-08 16:08:49,675 - DEBUG - 执行AGV分配局部搜索，当前完工时间: 1920.00
2025-04-08 16:08:49,679 - DEBUG - 局部搜索未能改进当前解
2025-04-08 16:08:49,683 - DEBUG - 执行AGV分配局部搜索，当前完工时间: 1931.00
2025-04-08 16:08:49,686 - DEBUG - 局部搜索未能改进当前解
2025-04-08 16:08:49,690 - DEBUG - 执行AGV分配局部搜索，当前完工时间: 2000.00
2025-04-08 16:08:49,694 - DEBUG - 局部搜索未能改进当前解
2025-04-08 16:08:49,697 - DEBUG - 执行AGV分配局部搜索，当前完工时间: 1981.00
2025-04-08 16:08:49,701 - DEBUG - 局部搜索未能改进当前解
2025-04-08 16:08:49,704 - DEBUG - 执行AGV分配局部搜索，当前完工时间: 2041.00
2025-04-08 16:08:49,709 - DEBUG - 局部搜索未能改进当前解
2025-04-08 16:08:49,712 - DEBUG - 执行AGV分配局部搜索，当前完工时间: 2073.00
2025-04-08 16:08:49,715 - DEBUG - 局部搜索未能改进当前解
2025-04-08 16:08:49,719 - DEBUG - 执行AGV分配局部搜索，当前完工时间: 2086.00
2025-04-08 16:08:49,723 - DEBUG - AGV分配局部搜索成功！完工时间从 2086.00 降低到 2036.00，改进: 50.00 (2.40%)
2025-04-08 16:08:49,727 - DEBUG - 执行AGV分配局部搜索，当前完工时间: 1895.00
2025-04-08 16:08:49,731 - DEBUG - 局部搜索未能改进当前解
2025-04-08 16:08:49,734 - DEBUG - 执行AGV分配局部搜索，当前完工时间: 2019.00
2025-04-08 16:08:49,737 - DEBUG - 局部搜索未能改进当前解
2025-04-08 16:08:49,742 - DEBUG - 执行AGV分配局部搜索，当前完工时间: 2024.00
2025-04-08 16:08:49,745 - DEBUG - AGV分配局部搜索成功！完工时间从 2024.00 降低到 2014.00，改进: 10.00 (0.49%)
2025-04-08 16:08:49,750 - DEBUG - 执行AGV分配局部搜索，当前完工时间: 1854.00
2025-04-08 16:08:49,753 - DEBUG - 局部搜索未能改进当前解
2025-04-08 16:08:49,757 - DEBUG - 执行AGV分配局部搜索，当前完工时间: 1904.00
2025-04-08 16:08:49,761 - DEBUG - 局部搜索未能改进当前解
2025-04-08 16:08:49,765 - DEBUG - 执行AGV分配局部搜索，当前完工时间: 1834.00
2025-04-08 16:08:49,769 - DEBUG - 局部搜索未能改进当前解
2025-04-08 16:08:49,773 - DEBUG - 执行AGV分配局部搜索，当前完工时间: 2012.00
2025-04-08 16:08:49,777 - DEBUG - 局部搜索未能改进当前解
2025-04-08 16:08:49,782 - DEBUG - 执行AGV分配局部搜索，当前完工时间: 1901.00
2025-04-08 16:08:49,785 - DEBUG - 局部搜索未能改进当前解
2025-04-08 16:08:49,788 - DEBUG - 执行AGV分配局部搜索，当前完工时间: 1918.00
2025-04-08 16:08:49,793 - DEBUG - 局部搜索未能改进当前解
2025-04-08 16:08:49,797 - DEBUG - 执行AGV分配局部搜索，当前完工时间: 1915.00
2025-04-08 16:08:49,801 - DEBUG - 局部搜索未能改进当前解
2025-04-08 16:08:49,805 - DEBUG - 执行AGV分配局部搜索，当前完工时间: 1927.00
2025-04-08 16:08:49,808 - DEBUG - 局部搜索未能改进当前解
2025-04-08 16:08:49,813 - DEBUG - 执行AGV分配局部搜索，当前完工时间: 1950.00
2025-04-08 16:08:49,816 - DEBUG - 局部搜索未能改进当前解
2025-04-08 16:08:49,821 - DEBUG - 执行AGV分配局部搜索，当前完工时间: 2023.00
2025-04-08 16:08:49,825 - DEBUG - 局部搜索未能改进当前解
2025-04-08 16:08:49,829 - DEBUG - 执行AGV分配局部搜索，当前完工时间: 1902.00
2025-04-08 16:08:49,832 - DEBUG - 局部搜索未能改进当前解
2025-04-08 16:08:49,837 - DEBUG - 执行AGV分配局部搜索，当前完工时间: 1967.00
2025-04-08 16:08:49,840 - DEBUG - 局部搜索未能改进当前解
2025-04-08 16:08:49,844 - DEBUG - 执行AGV分配局部搜索，当前完工时间: 1942.00
2025-04-08 16:08:49,847 - DEBUG - 局部搜索未能改进当前解
2025-04-08 16:08:49,852 - DEBUG - 执行AGV分配局部搜索，当前完工时间: 2095.00
2025-04-08 16:08:49,855 - DEBUG - AGV分配局部搜索成功！完工时间从 2095.00 降低到 2073.00，改进: 22.00 (1.05%)
2025-04-08 16:08:49,859 - DEBUG - 执行AGV分配局部搜索，当前完工时间: 1898.00
2025-04-08 16:08:49,864 - DEBUG - 局部搜索未能改进当前解
2025-04-08 16:08:49,866 - DEBUG - 执行AGV分配局部搜索，当前完工时间: 2015.00
2025-04-08 16:08:49,870 - DEBUG - 局部搜索未能改进当前解
2025-04-08 16:08:49,874 - DEBUG - 执行AGV分配局部搜索，当前完工时间: 1984.00
2025-04-08 16:08:49,878 - DEBUG - 局部搜索未能改进当前解
2025-04-08 16:08:49,882 - DEBUG - 执行AGV分配局部搜索，当前完工时间: 1905.00
2025-04-08 16:08:49,885 - DEBUG - 局部搜索未能改进当前解
2025-04-08 16:08:49,888 - DEBUG - 执行AGV分配局部搜索，当前完工时间: 1939.00
2025-04-08 16:08:49,893 - DEBUG - 局部搜索未能改进当前解
2025-04-08 16:08:49,897 - DEBUG - 执行AGV分配局部搜索，当前完工时间: 1961.00
2025-04-08 16:08:49,900 - DEBUG - 局部搜索未能改进当前解
2025-04-08 16:08:49,904 - DEBUG - 执行AGV分配局部搜索，当前完工时间: 1930.00
2025-04-08 16:08:49,907 - DEBUG - 局部搜索未能改进当前解
2025-04-08 16:08:49,911 - DEBUG - 执行AGV分配局部搜索，当前完工时间: 1948.00
2025-04-08 16:08:49,915 - DEBUG - 局部搜索未能改进当前解
2025-04-08 16:08:49,920 - DEBUG - 执行AGV分配局部搜索，当前完工时间: 1948.00
2025-04-08 16:08:49,923 - DEBUG - 局部搜索未能改进当前解
2025-04-08 16:08:49,926 - DEBUG - 执行AGV分配局部搜索，当前完工时间: 1815.00
2025-04-08 16:08:49,930 - DEBUG - AGV分配局部搜索成功！完工时间从 1815.00 降低到 1811.00，改进: 4.00 (0.22%)
2025-04-08 16:08:49,934 - DEBUG - 执行AGV分配局部搜索，当前完工时间: 1917.00
2025-04-08 16:08:49,937 - DEBUG - 局部搜索未能改进当前解
2025-04-08 16:08:49,941 - DEBUG - 执行AGV分配局部搜索，当前完工时间: 1932.00
2025-04-08 16:08:49,945 - DEBUG - 局部搜索未能改进当前解
2025-04-08 16:08:49,949 - DEBUG - 执行AGV分配局部搜索，当前完工时间: 1972.00
2025-04-08 16:08:49,953 - DEBUG - 局部搜索未能改进当前解
2025-04-08 16:08:49,956 - DEBUG - 执行AGV分配局部搜索，当前完工时间: 1968.00
2025-04-08 16:08:49,960 - DEBUG - 局部搜索未能改进当前解
2025-04-08 16:08:49,962 - DEBUG - 执行AGV分配局部搜索，当前完工时间: 1894.00
2025-04-08 16:08:49,967 - DEBUG - 局部搜索未能改进当前解
2025-04-08 16:08:49,971 - DEBUG - 执行AGV分配局部搜索，当前完工时间: 1954.00
2025-04-08 16:08:49,974 - DEBUG - 局部搜索未能改进当前解
2025-04-08 16:08:49,978 - DEBUG - 执行AGV分配局部搜索，当前完工时间: 1920.00
2025-04-08 16:08:49,982 - DEBUG - 局部搜索未能改进当前解
2025-04-08 16:08:49,985 - DEBUG - 执行AGV分配局部搜索，当前完工时间: 1847.00
2025-04-08 16:08:49,989 - DEBUG - 局部搜索未能改进当前解
2025-04-08 16:08:49,993 - DEBUG - 执行AGV分配局部搜索，当前完工时间: 1881.00
2025-04-08 16:08:49,996 - DEBUG - 局部搜索未能改进当前解
2025-04-08 16:08:50,001 - DEBUG - 执行AGV分配局部搜索，当前完工时间: 1899.00
2025-04-08 16:08:50,004 - DEBUG - 局部搜索未能改进当前解
2025-04-08 16:08:50,008 - DEBUG - 执行AGV分配局部搜索，当前完工时间: 1911.00
2025-04-08 16:08:50,012 - DEBUG - 局部搜索未能改进当前解
2025-04-08 16:08:50,015 - DEBUG - 执行AGV分配局部搜索，当前完工时间: 1920.00
2025-04-08 16:08:50,019 - DEBUG - AGV分配局部搜索成功！完工时间从 1920.00 降低到 1912.00，改进: 8.00 (0.42%)
2025-04-08 16:08:50,022 - DEBUG - 执行AGV分配局部搜索，当前完工时间: 1923.00
2025-04-08 16:08:50,027 - DEBUG - 局部搜索未能改进当前解
2025-04-08 16:08:50,031 - DEBUG - 执行AGV分配局部搜索，当前完工时间: 1916.00
2025-04-08 16:08:50,035 - DEBUG - 局部搜索未能改进当前解
2025-04-08 16:08:50,039 - DEBUG - 执行AGV分配局部搜索，当前完工时间: 2006.00
2025-04-08 16:08:50,043 - DEBUG - 局部搜索未能改进当前解
2025-04-08 16:08:50,046 - DEBUG - 执行AGV分配局部搜索，当前完工时间: 1969.00
2025-04-08 16:08:50,050 - DEBUG - AGV分配局部搜索成功！完工时间从 1969.00 降低到 1899.00，改进: 70.00 (3.56%)
2025-04-08 16:08:50,054 - DEBUG - 执行AGV分配局部搜索，当前完工时间: 1887.00
2025-04-08 16:08:50,057 - DEBUG - 局部搜索未能改进当前解
2025-04-08 16:08:50,060 - DEBUG - 执行AGV分配局部搜索，当前完工时间: 1904.00
2025-04-08 16:08:50,064 - DEBUG - 局部搜索未能改进当前解
2025-04-08 16:08:50,069 - DEBUG - 执行AGV分配局部搜索，当前完工时间: 2014.00
2025-04-08 16:08:50,072 - DEBUG - 局部搜索未能改进当前解
2025-04-08 16:08:50,076 - DEBUG - 执行AGV分配局部搜索，当前完工时间: 2021.00
2025-04-08 16:08:50,080 - DEBUG - AGV分配局部搜索成功！完工时间从 2021.00 降低到 1991.00，改进: 30.00 (1.48%)
2025-04-08 16:08:50,084 - DEBUG - 执行AGV分配局部搜索，当前完工时间: 1962.00
2025-04-08 16:08:50,087 - DEBUG - 局部搜索未能改进当前解
2025-04-08 16:08:50,091 - DEBUG - 执行AGV分配局部搜索，当前完工时间: 1986.00
2025-04-08 16:08:50,095 - DEBUG - 局部搜索未能改进当前解
2025-04-08 16:08:50,099 - DEBUG - 执行AGV分配局部搜索，当前完工时间: 1904.00
2025-04-08 16:08:50,103 - DEBUG - 局部搜索未能改进当前解
2025-04-08 16:08:50,107 - DEBUG - 执行AGV分配局部搜索，当前完工时间: 1937.00
2025-04-08 16:08:50,111 - DEBUG - 局部搜索未能改进当前解
2025-04-08 16:08:50,114 - DEBUG - 执行AGV分配局部搜索，当前完工时间: 1893.00
2025-04-08 16:08:50,118 - DEBUG - 局部搜索未能改进当前解
2025-04-08 16:08:50,120 - DEBUG - 执行AGV分配局部搜索，当前完工时间: 1933.00
2025-04-08 16:08:50,125 - DEBUG - AGV分配局部搜索成功！完工时间从 1933.00 降低到 1930.00，改进: 3.00 (0.16%)
2025-04-08 16:08:50,130 - DEBUG - 执行AGV分配局部搜索，当前完工时间: 1883.00
2025-04-08 16:08:50,133 - DEBUG - AGV分配局部搜索成功！完工时间从 1883.00 降低到 1879.00，改进: 4.00 (0.21%)
2025-04-08 16:08:50,137 - DEBUG - 执行AGV分配局部搜索，当前完工时间: 1978.00
2025-04-08 16:08:50,141 - DEBUG - AGV分配局部搜索成功！完工时间从 1978.00 降低到 1910.00，改进: 68.00 (3.44%)
2025-04-08 16:08:50,145 - DEBUG - 执行AGV分配局部搜索，当前完工时间: 1839.00
2025-04-08 16:08:50,148 - DEBUG - 局部搜索未能改进当前解
2025-04-08 16:08:50,153 - DEBUG - 执行AGV分配局部搜索，当前完工时间: 1909.00
2025-04-08 16:08:50,156 - DEBUG - AGV分配局部搜索成功！完工时间从 1909.00 降低到 1902.00，改进: 7.00 (0.37%)
2025-04-08 16:08:50,160 - DEBUG - 执行AGV分配局部搜索，当前完工时间: 1913.00
2025-04-08 16:08:50,164 - DEBUG - 局部搜索未能改进当前解
2025-04-08 16:08:50,168 - DEBUG - 执行AGV分配局部搜索，当前完工时间: 1904.00
2025-04-08 16:08:50,173 - DEBUG - 局部搜索未能改进当前解
2025-04-08 16:08:50,175 - DEBUG - 执行AGV分配局部搜索，当前完工时间: 1873.00
2025-04-08 16:08:50,180 - DEBUG - 局部搜索未能改进当前解
2025-04-08 16:08:50,184 - DEBUG - 执行AGV分配局部搜索，当前完工时间: 1837.00
2025-04-08 16:08:50,187 - DEBUG - AGV分配局部搜索成功！完工时间从 1837.00 降低到 1832.00，改进: 5.00 (0.27%)
2025-04-08 16:08:50,191 - DEBUG - 执行AGV分配局部搜索，当前完工时间: 1857.00
2025-04-08 16:08:50,195 - DEBUG - 局部搜索未能改进当前解
2025-04-08 16:08:50,197 - DEBUG - 执行AGV分配局部搜索，当前完工时间: 1950.00
2025-04-08 16:08:50,201 - DEBUG - AGV分配局部搜索成功！完工时间从 1950.00 降低到 1941.00，改进: 9.00 (0.46%)
2025-04-08 16:08:50,205 - DEBUG - 执行AGV分配局部搜索，当前完工时间: 1933.00
2025-04-08 16:08:50,209 - DEBUG - 局部搜索未能改进当前解
2025-04-08 16:08:50,214 - DEBUG - 执行AGV分配局部搜索，当前完工时间: 1882.00
2025-04-08 16:08:50,216 - DEBUG - 局部搜索未能改进当前解
2025-04-08 16:08:50,220 - DEBUG - 执行AGV分配局部搜索，当前完工时间: 1888.00
2025-04-08 16:08:50,225 - DEBUG - 局部搜索未能改进当前解
2025-04-08 16:08:50,228 - DEBUG - 执行AGV分配局部搜索，当前完工时间: 1889.00
2025-04-08 16:08:50,232 - DEBUG - 局部搜索未能改进当前解
2025-04-08 16:08:50,235 - DEBUG - 执行AGV分配局部搜索，当前完工时间: 1910.00
2025-04-08 16:08:50,239 - DEBUG - 局部搜索未能改进当前解
2025-04-08 16:08:50,243 - DEBUG - 执行AGV分配局部搜索，当前完工时间: 1835.00
2025-04-08 16:08:50,245 - DEBUG - 局部搜索未能改进当前解
2025-04-08 16:08:50,249 - DEBUG - 执行AGV分配局部搜索，当前完工时间: 1891.00
2025-04-08 16:08:50,254 - DEBUG - 局部搜索未能改进当前解
2025-04-08 16:08:50,257 - DEBUG - 执行AGV分配局部搜索，当前完工时间: 1939.00
2025-04-08 16:08:50,260 - DEBUG - 局部搜索未能改进当前解
2025-04-08 16:08:50,264 - DEBUG - 执行AGV分配局部搜索，当前完工时间: 1881.00
2025-04-08 16:08:50,269 - DEBUG - 局部搜索未能改进当前解
2025-04-08 16:08:50,272 - DEBUG - 执行AGV分配局部搜索，当前完工时间: 2041.00
2025-04-08 16:08:50,276 - DEBUG - 局部搜索未能改进当前解
2025-04-08 16:08:50,276 - DEBUG - ==================================================
2025-04-08 16:08:50,276 - DEBUG - Efficiency Statistics of Local Search :
2025-04-08 16:08:50,276 - DEBUG - Number of attempts: 99
2025-04-08 16:08:50,276 - DEBUG - Average Success Rate: 15.15%
2025-04-08 16:08:50,276 - DEBUG - AGV Local Search Success: 15，Average Improvement: 20.67
2025-04-08 16:08:50,280 - DEBUG - 执行AGV分配局部搜索，当前完工时间: 1865.00
2025-04-08 16:08:50,285 - DEBUG - 局部搜索未能改进当前解
2025-04-08 16:08:50,289 - DEBUG - 执行AGV分配局部搜索，当前完工时间: 2140.00
2025-04-08 16:08:50,293 - DEBUG - 局部搜索未能改进当前解
2025-04-08 16:08:50,297 - DEBUG - 执行AGV分配局部搜索，当前完工时间: 1933.00
2025-04-08 16:08:50,301 - DEBUG - 局部搜索未能改进当前解
2025-04-08 16:08:50,305 - DEBUG - 执行AGV分配局部搜索，当前完工时间: 1939.00
2025-04-08 16:08:50,308 - DEBUG - 局部搜索未能改进当前解
2025-04-08 16:08:50,312 - DEBUG - 执行AGV分配局部搜索，当前完工时间: 2015.00
2025-04-08 16:08:50,315 - DEBUG - 局部搜索未能改进当前解
2025-04-08 16:08:50,320 - DEBUG - 执行AGV分配局部搜索，当前完工时间: 1926.00
2025-04-08 16:08:50,323 - DEBUG - 局部搜索未能改进当前解
2025-04-08 16:08:50,327 - DEBUG - 执行AGV分配局部搜索，当前完工时间: 1898.00
2025-04-08 16:08:50,331 - DEBUG - 局部搜索未能改进当前解
2025-04-08 16:08:50,335 - DEBUG - 执行AGV分配局部搜索，当前完工时间: 1889.00
2025-04-08 16:08:50,338 - DEBUG - 局部搜索未能改进当前解
2025-04-08 16:08:50,341 - DEBUG - 执行AGV分配局部搜索，当前完工时间: 1955.00
2025-04-08 16:08:50,346 - DEBUG - 局部搜索未能改进当前解
2025-04-08 16:08:50,350 - DEBUG - 执行AGV分配局部搜索，当前完工时间: 2006.00
2025-04-08 16:08:50,354 - DEBUG - 局部搜索未能改进当前解
2025-04-08 16:08:50,357 - DEBUG - 执行AGV分配局部搜索，当前完工时间: 1977.00
2025-04-08 16:08:50,360 - DEBUG - AGV分配局部搜索成功！完工时间从 1977.00 降低到 1964.00，改进: 13.00 (0.66%)
2025-04-08 16:08:50,365 - DEBUG - 执行AGV分配局部搜索，当前完工时间: 1962.00
2025-04-08 16:08:50,369 - DEBUG - 局部搜索未能改进当前解
2025-04-08 16:08:50,373 - DEBUG - 执行AGV分配局部搜索，当前完工时间: 2012.00
2025-04-08 16:08:50,377 - DEBUG - 局部搜索未能改进当前解
2025-04-08 16:08:50,381 - DEBUG - 执行AGV分配局部搜索，当前完工时间: 1886.00
2025-04-08 16:08:50,384 - DEBUG - 局部搜索未能改进当前解
2025-04-08 16:08:50,388 - DEBUG - 执行AGV分配局部搜索，当前完工时间: 1949.00
2025-04-08 16:08:50,392 - DEBUG - 局部搜索未能改进当前解
2025-04-08 16:08:50,396 - DEBUG - 执行AGV分配局部搜索，当前完工时间: 1911.00
2025-04-08 16:08:50,398 - DEBUG - 局部搜索未能改进当前解
2025-04-08 16:08:50,402 - DEBUG - 执行AGV分配局部搜索，当前完工时间: 1902.00
2025-04-08 16:08:50,406 - DEBUG - AGV分配局部搜索成功！完工时间从 1902.00 降低到 1900.00，改进: 2.00 (0.11%)
2025-04-08 16:08:50,410 - DEBUG - 执行AGV分配局部搜索，当前完工时间: 1900.00
2025-04-08 16:08:50,414 - DEBUG - 局部搜索未能改进当前解
2025-04-08 16:08:50,418 - DEBUG - 执行AGV分配局部搜索，当前完工时间: 1962.00
2025-04-08 16:08:50,421 - DEBUG - 局部搜索未能改进当前解
2025-04-08 16:08:50,425 - DEBUG - 执行AGV分配局部搜索，当前完工时间: 1962.00
2025-04-08 16:08:50,429 - DEBUG - 局部搜索未能改进当前解
2025-04-08 16:08:50,433 - DEBUG - 执行AGV分配局部搜索，当前完工时间: 1932.00
2025-04-08 16:08:50,436 - DEBUG - 局部搜索未能改进当前解
2025-04-08 16:08:50,439 - DEBUG - 执行AGV分配局部搜索，当前完工时间: 1843.00
2025-04-08 16:08:50,443 - DEBUG - 局部搜索未能改进当前解
2025-04-08 16:08:50,447 - DEBUG - 执行AGV分配局部搜索，当前完工时间: 1915.00
2025-04-08 16:08:50,450 - DEBUG - 局部搜索未能改进当前解
2025-04-08 16:08:50,454 - DEBUG - 执行AGV分配局部搜索，当前完工时间: 1978.00
2025-04-08 16:08:50,458 - DEBUG - 局部搜索未能改进当前解
2025-04-08 16:08:50,461 - DEBUG - 执行AGV分配局部搜索，当前完工时间: 1897.00
2025-04-08 16:08:50,466 - DEBUG - AGV分配局部搜索成功！完工时间从 1897.00 降低到 1852.00，改进: 45.00 (2.37%)
2025-04-08 16:08:50,469 - DEBUG - 执行AGV分配局部搜索，当前完工时间: 1937.00
2025-04-08 16:08:50,473 - DEBUG - 局部搜索未能改进当前解
2025-04-08 16:08:50,476 - DEBUG - 执行AGV分配局部搜索，当前完工时间: 1944.00
2025-04-08 16:08:50,481 - DEBUG - 局部搜索未能改进当前解
2025-04-08 16:08:50,484 - DEBUG - 执行AGV分配局部搜索，当前完工时间: 1915.00
2025-04-08 16:08:50,488 - DEBUG - 局部搜索未能改进当前解
2025-04-08 16:08:50,492 - DEBUG - 执行AGV分配局部搜索，当前完工时间: 1881.00
2025-04-08 16:08:50,495 - DEBUG - 局部搜索未能改进当前解
2025-04-08 16:08:50,499 - DEBUG - 执行AGV分配局部搜索，当前完工时间: 1883.00
2025-04-08 16:08:50,503 - DEBUG - 局部搜索未能改进当前解
2025-04-08 16:08:50,507 - DEBUG - 执行AGV分配局部搜索，当前完工时间: 1923.00
2025-04-08 16:08:50,510 - DEBUG - 局部搜索未能改进当前解
2025-04-08 16:08:50,514 - DEBUG - 执行AGV分配局部搜索，当前完工时间: 1940.00
2025-04-08 16:08:50,518 - DEBUG - 局部搜索未能改进当前解
2025-04-08 16:08:50,522 - DEBUG - 执行AGV分配局部搜索，当前完工时间: 1854.00
2025-04-08 16:08:50,527 - DEBUG - 局部搜索未能改进当前解
2025-04-08 16:08:50,530 - DEBUG - 执行AGV分配局部搜索，当前完工时间: 1950.00
2025-04-08 16:08:50,534 - DEBUG - 局部搜索未能改进当前解
2025-04-08 16:08:50,538 - DEBUG - 执行AGV分配局部搜索，当前完工时间: 1862.00
2025-04-08 16:08:50,542 - DEBUG - 局部搜索未能改进当前解
2025-04-08 16:08:50,545 - DEBUG - 执行AGV分配局部搜索，当前完工时间: 1868.00
2025-04-08 16:08:50,550 - DEBUG - 局部搜索未能改进当前解
2025-04-08 16:08:50,554 - DEBUG - 执行AGV分配局部搜索，当前完工时间: 1838.00
2025-04-08 16:08:50,557 - DEBUG - 局部搜索未能改进当前解
2025-04-08 16:08:50,561 - DEBUG - 执行AGV分配局部搜索，当前完工时间: 1884.00
2025-04-08 16:08:50,564 - DEBUG - 局部搜索未能改进当前解
2025-04-08 16:08:50,568 - DEBUG - 执行AGV分配局部搜索，当前完工时间: 1924.00
2025-04-08 16:08:50,572 - DEBUG - 局部搜索未能改进当前解
2025-04-08 16:08:50,576 - DEBUG - 执行AGV分配局部搜索，当前完工时间: 1895.00
2025-04-08 16:08:50,579 - DEBUG - 局部搜索未能改进当前解
2025-04-08 16:08:50,583 - DEBUG - 执行AGV分配局部搜索，当前完工时间: 1859.00
2025-04-08 16:08:50,587 - DEBUG - 局部搜索未能改进当前解
2025-04-08 16:08:50,592 - DEBUG - 执行AGV分配局部搜索，当前完工时间: 1858.00
2025-04-08 16:08:50,596 - DEBUG - AGV分配局部搜索成功！完工时间从 1858.00 降低到 1815.00，改进: 43.00 (2.31%)
2025-04-08 16:08:50,600 - DEBUG - 执行AGV分配局部搜索，当前完工时间: 1933.00
2025-04-08 16:08:50,604 - DEBUG - 局部搜索未能改进当前解
2025-04-08 16:08:50,607 - DEBUG - 执行AGV分配局部搜索，当前完工时间: 1940.00
2025-04-08 16:08:50,612 - DEBUG - 局部搜索未能改进当前解
2025-04-08 16:08:50,615 - DEBUG - 执行AGV分配局部搜索，当前完工时间: 2012.00
2025-04-08 16:08:50,619 - DEBUG - 局部搜索未能改进当前解
2025-04-08 16:08:50,623 - DEBUG - 执行AGV分配局部搜索，当前完工时间: 1891.00
2025-04-08 16:08:50,627 - DEBUG - 局部搜索未能改进当前解
2025-04-08 16:08:50,630 - DEBUG - 执行AGV分配局部搜索，当前完工时间: 1889.00
2025-04-08 16:08:50,634 - DEBUG - 局部搜索未能改进当前解
2025-04-08 16:08:50,638 - DEBUG - 执行AGV分配局部搜索，当前完工时间: 1927.00
2025-04-08 16:08:50,641 - DEBUG - 局部搜索未能改进当前解
2025-04-08 16:08:50,645 - DEBUG - 执行AGV分配局部搜索，当前完工时间: 1877.00
2025-04-08 16:08:50,649 - DEBUG - AGV分配局部搜索成功！完工时间从 1877.00 降低到 1867.00，改进: 10.00 (0.53%)
2025-04-08 16:08:50,652 - DEBUG - 执行AGV分配局部搜索，当前完工时间: 1917.00
2025-04-08 16:08:50,655 - DEBUG - 局部搜索未能改进当前解
2025-04-08 16:08:50,659 - DEBUG - 执行AGV分配局部搜索，当前完工时间: 1890.00
2025-04-08 16:08:50,663 - DEBUG - 局部搜索未能改进当前解
2025-04-08 16:08:50,666 - DEBUG - 执行AGV分配局部搜索，当前完工时间: 1898.00
2025-04-08 16:08:50,670 - DEBUG - AGV分配局部搜索成功！完工时间从 1898.00 降低到 1861.00，改进: 37.00 (1.95%)
2025-04-08 16:08:50,675 - DEBUG - 执行AGV分配局部搜索，当前完工时间: 2042.00
2025-04-08 16:08:50,679 - DEBUG - 局部搜索未能改进当前解
2025-04-08 16:08:50,682 - DEBUG - 执行AGV分配局部搜索，当前完工时间: 2006.00
2025-04-08 16:08:50,686 - DEBUG - 局部搜索未能改进当前解
2025-04-08 16:08:50,690 - DEBUG - 执行AGV分配局部搜索，当前完工时间: 1989.00
2025-04-08 16:08:50,693 - DEBUG - 局部搜索未能改进当前解
2025-04-08 16:08:50,697 - DEBUG - 执行AGV分配局部搜索，当前完工时间: 1881.00
2025-04-08 16:08:50,700 - DEBUG - 局部搜索未能改进当前解
2025-04-08 16:08:50,704 - DEBUG - 执行AGV分配局部搜索，当前完工时间: 1911.00
2025-04-08 16:08:50,707 - DEBUG - 局部搜索未能改进当前解
2025-04-08 16:08:50,711 - DEBUG - 执行AGV分配局部搜索，当前完工时间: 1968.00
2025-04-08 16:08:50,714 - DEBUG - 局部搜索未能改进当前解
2025-04-08 16:08:50,718 - DEBUG - 执行AGV分配局部搜索，当前完工时间: 1917.00
2025-04-08 16:08:50,721 - DEBUG - 局部搜索未能改进当前解
2025-04-08 16:08:50,725 - DEBUG - 执行AGV分配局部搜索，当前完工时间: 1884.00
2025-04-08 16:08:50,729 - DEBUG - 局部搜索未能改进当前解
2025-04-08 16:08:50,733 - DEBUG - 执行AGV分配局部搜索，当前完工时间: 1934.00
2025-04-08 16:08:50,737 - DEBUG - 局部搜索未能改进当前解
2025-04-08 16:08:50,740 - DEBUG - 执行AGV分配局部搜索，当前完工时间: 1950.00
2025-04-08 16:08:50,744 - DEBUG - 局部搜索未能改进当前解
2025-04-08 16:08:50,747 - DEBUG - 执行AGV分配局部搜索，当前完工时间: 1831.00
2025-04-08 16:08:50,752 - DEBUG - 局部搜索未能改进当前解
2025-04-08 16:08:50,755 - DEBUG - 执行AGV分配局部搜索，当前完工时间: 1997.00
2025-04-08 16:08:50,759 - DEBUG - 局部搜索未能改进当前解
2025-04-08 16:08:50,762 - DEBUG - 执行AGV分配局部搜索，当前完工时间: 1918.00
2025-04-08 16:08:50,766 - DEBUG - 局部搜索未能改进当前解
2025-04-08 16:08:50,770 - DEBUG - 执行AGV分配局部搜索，当前完工时间: 1896.00
2025-04-08 16:08:50,774 - DEBUG - 局部搜索未能改进当前解
2025-04-08 16:08:50,778 - DEBUG - 执行AGV分配局部搜索，当前完工时间: 1888.00
2025-04-08 16:08:50,781 - DEBUG - 局部搜索未能改进当前解
2025-04-08 16:08:50,785 - DEBUG - 执行AGV分配局部搜索，当前完工时间: 1972.00
2025-04-08 16:08:50,789 - DEBUG - 局部搜索未能改进当前解
2025-04-08 16:08:50,792 - DEBUG - 执行AGV分配局部搜索，当前完工时间: 1932.00
2025-04-08 16:08:50,796 - DEBUG - 局部搜索未能改进当前解
2025-04-08 16:08:50,800 - DEBUG - 执行AGV分配局部搜索，当前完工时间: 1899.00
2025-04-08 16:08:50,803 - DEBUG - 局部搜索未能改进当前解
2025-04-08 16:08:50,806 - DEBUG - 执行AGV分配局部搜索，当前完工时间: 1905.00
2025-04-08 16:08:50,810 - DEBUG - 局部搜索未能改进当前解
2025-04-08 16:08:50,814 - DEBUG - 执行AGV分配局部搜索，当前完工时间: 1897.00
2025-04-08 16:08:50,818 - DEBUG - 局部搜索未能改进当前解
2025-04-08 16:08:50,821 - DEBUG - 执行AGV分配局部搜索，当前完工时间: 2067.00
2025-04-08 16:08:50,825 - DEBUG - 局部搜索未能改进当前解
2025-04-08 16:08:50,830 - DEBUG - 执行AGV分配局部搜索，当前完工时间: 2036.00
2025-04-08 16:08:50,833 - DEBUG - 局部搜索未能改进当前解
2025-04-08 16:08:50,836 - DEBUG - 执行AGV分配局部搜索，当前完工时间: 1887.00
2025-04-08 16:08:50,840 - DEBUG - 局部搜索未能改进当前解
2025-04-08 16:08:50,843 - DEBUG - 执行AGV分配局部搜索，当前完工时间: 1975.00
2025-04-08 16:08:50,847 - DEBUG - 局部搜索未能改进当前解
2025-04-08 16:08:50,851 - DEBUG - 执行AGV分配局部搜索，当前完工时间: 1873.00
2025-04-08 16:08:50,854 - DEBUG - 局部搜索未能改进当前解
2025-04-08 16:08:50,858 - DEBUG - 执行AGV分配局部搜索，当前完工时间: 2066.00
2025-04-08 16:08:50,861 - DEBUG - AGV分配局部搜索成功！完工时间从 2066.00 降低到 2025.00，改进: 41.00 (1.98%)
2025-04-08 16:08:50,866 - DEBUG - 执行AGV分配局部搜索，当前完工时间: 1923.00
2025-04-08 16:08:50,869 - DEBUG - 局部搜索未能改进当前解
2025-04-08 16:08:50,872 - DEBUG - 执行AGV分配局部搜索，当前完工时间: 1950.00
2025-04-08 16:08:50,877 - DEBUG - 局部搜索未能改进当前解
2025-04-08 16:08:50,880 - DEBUG - 执行AGV分配局部搜索，当前完工时间: 1880.00
2025-04-08 16:08:50,884 - DEBUG - 局部搜索未能改进当前解
2025-04-08 16:08:50,888 - DEBUG - 执行AGV分配局部搜索，当前完工时间: 1972.00
2025-04-08 16:08:50,892 - DEBUG - 局部搜索未能改进当前解
2025-04-08 16:08:50,897 - DEBUG - 执行AGV分配局部搜索，当前完工时间: 1963.00
2025-04-08 16:08:50,900 - DEBUG - 局部搜索未能改进当前解
2025-04-08 16:08:50,903 - DEBUG - 执行AGV分配局部搜索，当前完工时间: 1834.00
2025-04-08 16:08:50,907 - DEBUG - 局部搜索未能改进当前解
2025-04-08 16:08:50,911 - DEBUG - 执行AGV分配局部搜索，当前完工时间: 1973.00
2025-04-08 16:08:50,914 - DEBUG - 局部搜索未能改进当前解
2025-04-08 16:08:50,918 - DEBUG - 执行AGV分配局部搜索，当前完工时间: 1882.00
2025-04-08 16:08:50,921 - DEBUG - 局部搜索未能改进当前解
2025-04-08 16:08:50,925 - DEBUG - 执行AGV分配局部搜索，当前完工时间: 1910.00
2025-04-08 16:08:50,929 - DEBUG - 局部搜索未能改进当前解
2025-04-08 16:08:50,933 - DEBUG - 执行AGV分配局部搜索，当前完工时间: 1885.00
2025-04-08 16:08:50,937 - DEBUG - 局部搜索未能改进当前解
2025-04-08 16:08:50,940 - DEBUG - 执行AGV分配局部搜索，当前完工时间: 2040.00
2025-04-08 16:08:50,944 - DEBUG - 局部搜索未能改进当前解
2025-04-08 16:08:50,947 - DEBUG - 执行AGV分配局部搜索，当前完工时间: 1933.00
2025-04-08 16:08:50,952 - DEBUG - 局部搜索未能改进当前解
2025-04-08 16:08:50,956 - DEBUG - 执行AGV分配局部搜索，当前完工时间: 1958.00
2025-04-08 16:08:50,958 - DEBUG - 局部搜索未能改进当前解
2025-04-08 16:08:50,962 - DEBUG - 执行AGV分配局部搜索，当前完工时间: 1906.00
2025-04-08 16:08:50,966 - DEBUG - 局部搜索未能改进当前解
2025-04-08 16:08:50,970 - DEBUG - 执行AGV分配局部搜索，当前完工时间: 1907.00
2025-04-08 16:08:50,973 - DEBUG - 局部搜索未能改进当前解
2025-04-08 16:08:50,977 - DEBUG - 执行AGV分配局部搜索，当前完工时间: 1866.00
2025-04-08 16:08:50,980 - DEBUG - 局部搜索未能改进当前解
2025-04-08 16:08:50,984 - DEBUG - 执行AGV分配局部搜索，当前完工时间: 1939.00
2025-04-08 16:08:50,988 - DEBUG - 局部搜索未能改进当前解
2025-04-08 16:08:50,992 - DEBUG - 执行AGV分配局部搜索，当前完工时间: 1916.00
2025-04-08 16:08:50,995 - DEBUG - 局部搜索未能改进当前解
2025-04-08 16:08:50,999 - DEBUG - 执行AGV分配局部搜索，当前完工时间: 1981.00
2025-04-08 16:08:51,003 - DEBUG - AGV分配局部搜索成功！完工时间从 1981.00 降低到 1915.00，改进: 66.00 (3.33%)
2025-04-08 16:08:51,007 - DEBUG - 执行AGV分配局部搜索，当前完工时间: 1940.00
2025-04-08 16:08:51,010 - DEBUG - 局部搜索未能改进当前解
2025-04-08 16:08:51,014 - DEBUG - 执行AGV分配局部搜索，当前完工时间: 1996.00
2025-04-08 16:08:51,018 - DEBUG - 局部搜索未能改进当前解
2025-04-08 16:08:51,019 - DEBUG - ==================================================
2025-04-08 16:08:51,019 - DEBUG - Efficiency Statistics of Local Search :
2025-04-08 16:08:51,019 - DEBUG - Number of attempts: 99
2025-04-08 16:08:51,019 - DEBUG - Average Success Rate: 8.08%
2025-04-08 16:08:51,019 - DEBUG - AGV Local Search Success: 8，Average Improvement: 32.12
2025-04-08 16:08:51,023 - DEBUG - 执行AGV分配局部搜索，当前完工时间: 1925.00
2025-04-08 16:08:51,026 - DEBUG - 局部搜索未能改进当前解
2025-04-08 16:08:51,031 - DEBUG - 执行AGV分配局部搜索，当前完工时间: 1866.00
2025-04-08 16:08:51,035 - DEBUG - 局部搜索未能改进当前解
2025-04-08 16:08:51,038 - DEBUG - 执行AGV分配局部搜索，当前完工时间: 1918.00
2025-04-08 16:08:51,041 - DEBUG - 局部搜索未能改进当前解
2025-04-08 16:08:51,046 - DEBUG - 执行AGV分配局部搜索，当前完工时间: 2036.00
2025-04-08 16:08:51,050 - DEBUG - 局部搜索未能改进当前解
2025-04-08 16:08:51,053 - DEBUG - 执行AGV分配局部搜索，当前完工时间: 1900.00
2025-04-08 16:08:51,057 - DEBUG - 局部搜索未能改进当前解
2025-04-08 16:08:51,061 - DEBUG - 执行AGV分配局部搜索，当前完工时间: 1850.00
2025-04-08 16:08:51,064 - DEBUG - 局部搜索未能改进当前解
2025-04-08 16:08:51,068 - DEBUG - 执行AGV分配局部搜索，当前完工时间: 1987.00
2025-04-08 16:08:51,072 - DEBUG - 局部搜索未能改进当前解
2025-04-08 16:08:51,076 - DEBUG - 执行AGV分配局部搜索，当前完工时间: 1911.00
2025-04-08 16:08:51,079 - DEBUG - 局部搜索未能改进当前解
2025-04-08 16:08:51,083 - DEBUG - 执行AGV分配局部搜索，当前完工时间: 2005.00
2025-04-08 16:08:51,087 - DEBUG - AGV分配局部搜索成功！完工时间从 2005.00 降低到 1983.00，改进: 22.00 (1.10%)
2025-04-08 16:08:51,091 - DEBUG - 执行AGV分配局部搜索，当前完工时间: 1906.00
2025-04-08 16:08:51,095 - DEBUG - 局部搜索未能改进当前解
2025-04-08 16:08:51,097 - DEBUG - 执行AGV分配局部搜索，当前完工时间: 1898.00
2025-04-08 16:08:51,102 - DEBUG - 局部搜索未能改进当前解
2025-04-08 16:08:51,105 - DEBUG - 执行AGV分配局部搜索，当前完工时间: 1864.00
2025-04-08 16:08:51,108 - DEBUG - 局部搜索未能改进当前解
2025-04-08 16:08:51,112 - DEBUG - 执行AGV分配局部搜索，当前完工时间: 1859.00
2025-04-08 16:08:51,118 - DEBUG - AGV分配局部搜索成功！完工时间从 1859.00 降低到 1841.00，改进: 18.00 (0.97%)
2025-04-08 16:08:51,120 - DEBUG - 执行AGV分配局部搜索，当前完工时间: 1957.00
2025-04-08 16:08:51,125 - DEBUG - 局部搜索未能改进当前解
2025-04-08 16:08:51,129 - DEBUG - 执行AGV分配局部搜索，当前完工时间: 1920.00
2025-04-08 16:08:51,133 - DEBUG - 局部搜索未能改进当前解
2025-04-08 16:08:51,137 - DEBUG - 执行AGV分配局部搜索，当前完工时间: 1907.00
2025-04-08 16:08:51,140 - DEBUG - 局部搜索未能改进当前解
2025-04-08 16:08:51,144 - DEBUG - 执行AGV分配局部搜索，当前完工时间: 1865.00
2025-04-08 16:08:51,148 - DEBUG - 局部搜索未能改进当前解
2025-04-08 16:08:51,153 - DEBUG - 执行AGV分配局部搜索，当前完工时间: 1933.00
2025-04-08 16:08:51,157 - DEBUG - 局部搜索未能改进当前解
2025-04-08 16:08:51,160 - DEBUG - 执行AGV分配局部搜索，当前完工时间: 1923.00
2025-04-08 16:08:51,164 - DEBUG - AGV分配局部搜索成功！完工时间从 1923.00 降低到 1889.00，改进: 34.00 (1.77%)
2025-04-08 16:08:51,168 - DEBUG - 执行AGV分配局部搜索，当前完工时间: 1947.00
2025-04-08 16:08:51,172 - DEBUG - 局部搜索未能改进当前解
2025-04-08 16:08:51,175 - DEBUG - 执行AGV分配局部搜索，当前完工时间: 1858.00
2025-04-08 16:08:51,179 - DEBUG - 局部搜索未能改进当前解
2025-04-08 16:08:51,183 - DEBUG - 执行AGV分配局部搜索，当前完工时间: 2048.00
2025-04-08 16:08:51,187 - DEBUG - 局部搜索未能改进当前解
2025-04-08 16:08:51,190 - DEBUG - 执行AGV分配局部搜索，当前完工时间: 2056.00
2025-04-08 16:08:51,194 - DEBUG - AGV分配局部搜索成功！完工时间从 2056.00 降低到 2044.00，改进: 12.00 (0.58%)
2025-04-08 16:08:51,197 - DEBUG - 执行AGV分配局部搜索，当前完工时间: 1978.00
2025-04-08 16:08:51,201 - DEBUG - 局部搜索未能改进当前解
2025-04-08 16:08:51,205 - DEBUG - 执行AGV分配局部搜索，当前完工时间: 1890.00
2025-04-08 16:08:51,208 - DEBUG - 局部搜索未能改进当前解
2025-04-08 16:08:51,212 - DEBUG - 执行AGV分配局部搜索，当前完工时间: 1906.00
2025-04-08 16:08:51,215 - DEBUG - 局部搜索未能改进当前解
2025-04-08 16:08:51,220 - DEBUG - 执行AGV分配局部搜索，当前完工时间: 1907.00
2025-04-08 16:08:51,223 - DEBUG - 局部搜索未能改进当前解
2025-04-08 16:08:51,227 - DEBUG - 执行AGV分配局部搜索，当前完工时间: 1897.00
2025-04-08 16:08:51,231 - DEBUG - 局部搜索未能改进当前解
2025-04-08 16:08:51,235 - DEBUG - 执行AGV分配局部搜索，当前完工时间: 1872.00
2025-04-08 16:08:51,238 - DEBUG - AGV分配局部搜索成功！完工时间从 1872.00 降低到 1818.00，改进: 54.00 (2.88%)
2025-04-08 16:08:51,242 - DEBUG - 执行AGV分配局部搜索，当前完工时间: 1870.00
2025-04-08 16:08:51,245 - DEBUG - AGV分配局部搜索成功！完工时间从 1870.00 降低到 1857.00，改进: 13.00 (0.70%)
2025-04-08 16:08:51,250 - DEBUG - 执行AGV分配局部搜索，当前完工时间: 1900.00
2025-04-08 16:08:51,254 - DEBUG - 局部搜索未能改进当前解
2025-04-08 16:08:51,257 - DEBUG - 执行AGV分配局部搜索，当前完工时间: 1867.00
2025-04-08 16:08:51,261 - DEBUG - 局部搜索未能改进当前解
2025-04-08 16:08:51,264 - DEBUG - 执行AGV分配局部搜索，当前完工时间: 1942.00
2025-04-08 16:08:51,268 - DEBUG - 局部搜索未能改进当前解
2025-04-08 16:08:51,272 - DEBUG - 执行AGV分配局部搜索，当前完工时间: 1909.00
2025-04-08 16:08:51,276 - DEBUG - 局部搜索未能改进当前解
2025-04-08 16:08:51,280 - DEBUG - 执行AGV分配局部搜索，当前完工时间: 2018.00
2025-04-08 16:08:51,283 - DEBUG - AGV分配局部搜索成功！完工时间从 2018.00 降低到 1995.00，改进: 23.00 (1.14%)
2025-04-08 16:08:51,287 - DEBUG - 执行AGV分配局部搜索，当前完工时间: 1989.00
2025-04-08 16:08:51,289 - DEBUG - 局部搜索未能改进当前解
2025-04-08 16:08:51,294 - DEBUG - 执行AGV分配局部搜索，当前完工时间: 1908.00
2025-04-08 16:08:51,298 - DEBUG - 局部搜索未能改进当前解
2025-04-08 16:08:51,302 - DEBUG - 执行AGV分配局部搜索，当前完工时间: 1874.00
2025-04-08 16:08:51,305 - DEBUG - 局部搜索未能改进当前解
2025-04-08 16:08:51,310 - DEBUG - 执行AGV分配局部搜索，当前完工时间: 1905.00
2025-04-08 16:08:51,312 - DEBUG - 局部搜索未能改进当前解
2025-04-08 16:08:51,317 - DEBUG - 执行AGV分配局部搜索，当前完工时间: 1922.00
2025-04-08 16:08:51,321 - DEBUG - 局部搜索未能改进当前解
2025-04-08 16:08:51,324 - DEBUG - 执行AGV分配局部搜索，当前完工时间: 1893.00
2025-04-08 16:08:51,328 - DEBUG - 局部搜索未能改进当前解
2025-04-08 16:08:51,332 - DEBUG - 执行AGV分配局部搜索，当前完工时间: 1916.00
2025-04-08 16:08:51,336 - DEBUG - 局部搜索未能改进当前解
2025-04-08 16:08:51,340 - DEBUG - 执行AGV分配局部搜索，当前完工时间: 1864.00
2025-04-08 16:08:51,343 - DEBUG - 局部搜索未能改进当前解
2025-04-08 16:08:51,347 - DEBUG - 执行AGV分配局部搜索，当前完工时间: 1939.00
2025-04-08 16:08:51,350 - DEBUG - 局部搜索未能改进当前解
2025-04-08 16:08:51,354 - DEBUG - 执行AGV分配局部搜索，当前完工时间: 1948.00
2025-04-08 16:08:51,357 - DEBUG - 局部搜索未能改进当前解
2025-04-08 16:08:51,360 - DEBUG - 执行AGV分配局部搜索，当前完工时间: 1890.00
2025-04-08 16:08:51,364 - DEBUG - AGV分配局部搜索成功！完工时间从 1890.00 降低到 1874.00，改进: 16.00 (0.85%)
2025-04-08 16:08:51,368 - DEBUG - 执行AGV分配局部搜索，当前完工时间: 1896.00
2025-04-08 16:08:51,371 - DEBUG - 局部搜索未能改进当前解
2025-04-08 16:08:51,375 - DEBUG - 执行AGV分配局部搜索，当前完工时间: 1889.00
2025-04-08 16:08:51,379 - DEBUG - 局部搜索未能改进当前解
2025-04-08 16:08:51,383 - DEBUG - 执行AGV分配局部搜索，当前完工时间: 1907.00
2025-04-08 16:08:51,386 - DEBUG - 局部搜索未能改进当前解
2025-04-08 16:08:51,390 - DEBUG - 执行AGV分配局部搜索，当前完工时间: 1897.00
2025-04-08 16:08:51,394 - DEBUG - 局部搜索未能改进当前解
2025-04-08 16:08:51,397 - DEBUG - 执行AGV分配局部搜索，当前完工时间: 1873.00
2025-04-08 16:08:51,401 - DEBUG - 局部搜索未能改进当前解
2025-04-08 16:08:51,405 - DEBUG - 执行AGV分配局部搜索，当前完工时间: 1981.00
2025-04-08 16:08:51,408 - DEBUG - 局部搜索未能改进当前解
2025-04-08 16:08:51,412 - DEBUG - 执行AGV分配局部搜索，当前完工时间: 1924.00
2025-04-08 16:08:51,416 - DEBUG - AGV分配局部搜索成功！完工时间从 1924.00 降低到 1909.00，改进: 15.00 (0.78%)
2025-04-08 16:08:51,421 - DEBUG - 执行AGV分配局部搜索，当前完工时间: 1825.00
2025-04-08 16:08:51,425 - DEBUG - 局部搜索未能改进当前解
2025-04-08 16:08:51,429 - DEBUG - 执行AGV分配局部搜索，当前完工时间: 1838.00
2025-04-08 16:08:51,432 - DEBUG - 局部搜索未能改进当前解
2025-04-08 16:08:51,436 - DEBUG - 执行AGV分配局部搜索，当前完工时间: 2028.00
2025-04-08 16:08:51,440 - DEBUG - 局部搜索未能改进当前解
2025-04-08 16:08:51,443 - DEBUG - 执行AGV分配局部搜索，当前完工时间: 1910.00
2025-04-08 16:08:51,447 - DEBUG - 局部搜索未能改进当前解
2025-04-08 16:08:51,450 - DEBUG - 执行AGV分配局部搜索，当前完工时间: 1884.00
2025-04-08 16:08:51,454 - DEBUG - 局部搜索未能改进当前解
2025-04-08 16:08:51,457 - DEBUG - 执行AGV分配局部搜索，当前完工时间: 1959.00
2025-04-08 16:08:51,460 - DEBUG - AGV分配局部搜索成功！完工时间从 1959.00 降低到 1930.00，改进: 29.00 (1.48%)
2025-04-08 16:08:51,464 - DEBUG - 执行AGV分配局部搜索，当前完工时间: 1952.00
2025-04-08 16:08:51,469 - DEBUG - 局部搜索未能改进当前解
2025-04-08 16:08:51,472 - DEBUG - 执行AGV分配局部搜索，当前完工时间: 1868.00
2025-04-08 16:08:51,476 - DEBUG - 局部搜索未能改进当前解
2025-04-08 16:08:51,480 - DEBUG - 执行AGV分配局部搜索，当前完工时间: 1908.00
2025-04-08 16:08:51,484 - DEBUG - AGV分配局部搜索成功！完工时间从 1908.00 降低到 1884.00，改进: 24.00 (1.26%)
2025-04-08 16:08:51,488 - DEBUG - 执行AGV分配局部搜索，当前完工时间: 1913.00
2025-04-08 16:08:51,492 - DEBUG - 局部搜索未能改进当前解
2025-04-08 16:08:51,496 - DEBUG - 执行AGV分配局部搜索，当前完工时间: 1887.00
2025-04-08 16:08:51,499 - DEBUG - AGV分配局部搜索成功！完工时间从 1887.00 降低到 1864.00，改进: 23.00 (1.22%)
2025-04-08 16:08:51,503 - DEBUG - 执行AGV分配局部搜索，当前完工时间: 2004.00
2025-04-08 16:08:51,507 - DEBUG - 局部搜索未能改进当前解
2025-04-08 16:08:51,510 - DEBUG - 执行AGV分配局部搜索，当前完工时间: 2058.00
2025-04-08 16:08:51,514 - DEBUG - 局部搜索未能改进当前解
2025-04-08 16:08:51,518 - DEBUG - 执行AGV分配局部搜索，当前完工时间: 1974.00
2025-04-08 16:08:51,522 - DEBUG - 局部搜索未能改进当前解
2025-04-08 16:08:51,524 - DEBUG - 执行AGV分配局部搜索，当前完工时间: 1887.00
2025-04-08 16:08:51,529 - DEBUG - 局部搜索未能改进当前解
2025-04-08 16:08:51,533 - DEBUG - 执行AGV分配局部搜索，当前完工时间: 1856.00
2025-04-08 16:08:51,535 - DEBUG - AGV分配局部搜索成功！完工时间从 1856.00 降低到 1852.00，改进: 4.00 (0.22%)
2025-04-08 16:08:51,540 - DEBUG - 执行AGV分配局部搜索，当前完工时间: 1913.00
2025-04-08 16:08:51,544 - DEBUG - 局部搜索未能改进当前解
2025-04-08 16:08:51,547 - DEBUG - 执行AGV分配局部搜索，当前完工时间: 1992.00
2025-04-08 16:08:51,551 - DEBUG - 局部搜索未能改进当前解
2025-04-08 16:08:51,555 - DEBUG - 执行AGV分配局部搜索，当前完工时间: 1880.00
2025-04-08 16:08:51,558 - DEBUG - 局部搜索未能改进当前解
2025-04-08 16:08:51,563 - DEBUG - 执行AGV分配局部搜索，当前完工时间: 1901.00
2025-04-08 16:08:51,566 - DEBUG - 局部搜索未能改进当前解
2025-04-08 16:08:51,570 - DEBUG - 执行AGV分配局部搜索，当前完工时间: 1919.00
2025-04-08 16:08:51,574 - DEBUG - 局部搜索未能改进当前解
2025-04-08 16:08:51,576 - DEBUG - 执行AGV分配局部搜索，当前完工时间: 1961.00
2025-04-08 16:08:51,580 - DEBUG - 局部搜索未能改进当前解
2025-04-08 16:08:51,584 - DEBUG - 执行AGV分配局部搜索，当前完工时间: 2109.00
2025-04-08 16:08:51,588 - DEBUG - 局部搜索未能改进当前解
2025-04-08 16:08:51,591 - DEBUG - 执行AGV分配局部搜索，当前完工时间: 1943.00
2025-04-08 16:08:51,595 - DEBUG - 局部搜索未能改进当前解
2025-04-08 16:08:51,598 - DEBUG - 执行AGV分配局部搜索，当前完工时间: 1926.00
2025-04-08 16:08:51,602 - DEBUG - 局部搜索未能改进当前解
2025-04-08 16:08:51,606 - DEBUG - 执行AGV分配局部搜索，当前完工时间: 1955.00
2025-04-08 16:08:51,610 - DEBUG - 局部搜索未能改进当前解
2025-04-08 16:08:51,614 - DEBUG - 执行AGV分配局部搜索，当前完工时间: 1917.00
2025-04-08 16:08:51,618 - DEBUG - 局部搜索未能改进当前解
2025-04-08 16:08:51,622 - DEBUG - 执行AGV分配局部搜索，当前完工时间: 1935.00
2025-04-08 16:08:51,625 - DEBUG - 局部搜索未能改进当前解
2025-04-08 16:08:51,630 - DEBUG - 执行AGV分配局部搜索，当前完工时间: 1862.00
2025-04-08 16:08:51,633 - DEBUG - 局部搜索未能改进当前解
2025-04-08 16:08:51,636 - DEBUG - 执行AGV分配局部搜索，当前完工时间: 1936.00
2025-04-08 16:08:51,641 - DEBUG - 局部搜索未能改进当前解
2025-04-08 16:08:51,644 - DEBUG - 执行AGV分配局部搜索，当前完工时间: 1888.00
2025-04-08 16:08:51,647 - DEBUG - 局部搜索未能改进当前解
2025-04-08 16:08:51,652 - DEBUG - 执行AGV分配局部搜索，当前完工时间: 1976.00
2025-04-08 16:08:51,655 - DEBUG - 局部搜索未能改进当前解
2025-04-08 16:08:51,659 - DEBUG - 执行AGV分配局部搜索，当前完工时间: 1894.00
2025-04-08 16:08:51,663 - DEBUG - 局部搜索未能改进当前解
2025-04-08 16:08:51,666 - DEBUG - 执行AGV分配局部搜索，当前完工时间: 1994.00
2025-04-08 16:08:51,670 - DEBUG - 局部搜索未能改进当前解
2025-04-08 16:08:51,673 - DEBUG - 执行AGV分配局部搜索，当前完工时间: 1950.00
2025-04-08 16:08:51,677 - DEBUG - AGV分配局部搜索成功！完工时间从 1950.00 降低到 1949.00，改进: 1.00 (0.05%)
2025-04-08 16:08:51,681 - DEBUG - 执行AGV分配局部搜索，当前完工时间: 1963.00
2025-04-08 16:08:51,685 - DEBUG - 局部搜索未能改进当前解
2025-04-08 16:08:51,689 - DEBUG - 执行AGV分配局部搜索，当前完工时间: 1902.00
2025-04-08 16:08:51,693 - DEBUG - 局部搜索未能改进当前解
2025-04-08 16:08:51,697 - DEBUG - 执行AGV分配局部搜索，当前完工时间: 1842.00
2025-04-08 16:08:51,700 - DEBUG - 局部搜索未能改进当前解
2025-04-08 16:08:51,704 - DEBUG - 执行AGV分配局部搜索，当前完工时间: 1898.00
2025-04-08 16:08:51,707 - DEBUG - 局部搜索未能改进当前解
2025-04-08 16:08:51,710 - DEBUG - 执行AGV分配局部搜索，当前完工时间: 1929.00
2025-04-08 16:08:51,714 - DEBUG - 局部搜索未能改进当前解
2025-04-08 16:08:51,718 - DEBUG - 执行AGV分配局部搜索，当前完工时间: 1821.00
2025-04-08 16:08:51,721 - DEBUG - 局部搜索未能改进当前解
2025-04-08 16:08:51,724 - DEBUG - 执行AGV分配局部搜索，当前完工时间: 2017.00
2025-04-08 16:08:51,728 - DEBUG - 局部搜索未能改进当前解
2025-04-08 16:08:51,732 - DEBUG - 执行AGV分配局部搜索，当前完工时间: 1939.00
2025-04-08 16:08:51,735 - DEBUG - 局部搜索未能改进当前解
2025-04-08 16:08:51,739 - DEBUG - 执行AGV分配局部搜索，当前完工时间: 1907.00
2025-04-08 16:08:51,743 - DEBUG - 局部搜索未能改进当前解
2025-04-08 16:08:51,747 - DEBUG - 执行AGV分配局部搜索，当前完工时间: 2076.00
2025-04-08 16:08:51,751 - DEBUG - 局部搜索未能改进当前解
2025-04-08 16:08:51,754 - DEBUG - 执行AGV分配局部搜索，当前完工时间: 1884.00
2025-04-08 16:08:51,757 - DEBUG - 局部搜索未能改进当前解
2025-04-08 16:08:51,757 - DEBUG - ==================================================
2025-04-08 16:08:51,758 - DEBUG - Efficiency Statistics of Local Search :
2025-04-08 16:08:51,758 - DEBUG - Number of attempts: 99
2025-04-08 16:08:51,758 - DEBUG - Average Success Rate: 14.14%
2025-04-08 16:08:51,758 - DEBUG - AGV Local Search Success: 14，Average Improvement: 20.57
2025-04-08 16:08:51,762 - DEBUG - 执行AGV分配局部搜索，当前完工时间: 1820.00
2025-04-08 16:08:51,766 - DEBUG - 局部搜索未能改进当前解
2025-04-08 16:08:51,770 - DEBUG - 执行AGV分配局部搜索，当前完工时间: 1835.00
2025-04-08 16:08:51,775 - DEBUG - 局部搜索未能改进当前解
2025-04-08 16:08:51,778 - DEBUG - 执行AGV分配局部搜索，当前完工时间: 1891.00
2025-04-08 16:08:51,782 - DEBUG - 局部搜索未能改进当前解
2025-04-08 16:08:51,786 - DEBUG - 执行AGV分配局部搜索，当前完工时间: 2029.00
2025-04-08 16:08:51,790 - DEBUG - 局部搜索未能改进当前解
2025-04-08 16:08:51,795 - DEBUG - 执行AGV分配局部搜索，当前完工时间: 1805.00
2025-04-08 16:08:51,798 - DEBUG - 局部搜索未能改进当前解
2025-04-08 16:08:51,802 - DEBUG - 执行AGV分配局部搜索，当前完工时间: 1907.00
2025-04-08 16:08:51,806 - DEBUG - 局部搜索未能改进当前解
2025-04-08 16:08:51,811 - DEBUG - 执行AGV分配局部搜索，当前完工时间: 1939.00
2025-04-08 16:08:51,814 - DEBUG - 局部搜索未能改进当前解
2025-04-08 16:08:51,818 - DEBUG - 执行AGV分配局部搜索，当前完工时间: 1994.00
2025-04-08 16:08:51,821 - DEBUG - 局部搜索未能改进当前解
2025-04-08 16:08:51,825 - DEBUG - 执行AGV分配局部搜索，当前完工时间: 1959.00
2025-04-08 16:08:51,829 - DEBUG - 局部搜索未能改进当前解
2025-04-08 16:08:51,833 - DEBUG - 执行AGV分配局部搜索，当前完工时间: 1848.00
2025-04-08 16:08:51,836 - DEBUG - 局部搜索未能改进当前解
2025-04-08 16:08:51,841 - DEBUG - 执行AGV分配局部搜索，当前完工时间: 1953.00
2025-04-08 16:08:51,844 - DEBUG - 局部搜索未能改进当前解
2025-04-08 16:08:51,849 - DEBUG - 执行AGV分配局部搜索，当前完工时间: 1841.00
2025-04-08 16:08:51,852 - DEBUG - AGV分配局部搜索成功！完工时间从 1841.00 降低到 1837.00，改进: 4.00 (0.22%)
2025-04-08 16:08:51,857 - DEBUG - 执行AGV分配局部搜索，当前完工时间: 1808.00
2025-04-08 16:08:51,861 - DEBUG - 局部搜索未能改进当前解
2025-04-08 16:08:51,864 - DEBUG - 执行AGV分配局部搜索，当前完工时间: 2177.00
2025-04-08 16:08:51,868 - DEBUG - AGV分配局部搜索成功！完工时间从 2177.00 降低到 2153.00，改进: 24.00 (1.10%)
2025-04-08 16:08:51,872 - DEBUG - 执行AGV分配局部搜索，当前完工时间: 1944.00
2025-04-08 16:08:51,875 - DEBUG - 局部搜索未能改进当前解
2025-04-08 16:08:51,879 - DEBUG - 执行AGV分配局部搜索，当前完工时间: 1864.00
2025-04-08 16:08:51,882 - DEBUG - 局部搜索未能改进当前解
2025-04-08 16:08:51,886 - DEBUG - 执行AGV分配局部搜索，当前完工时间: 1981.00
2025-04-08 16:08:51,890 - DEBUG - 局部搜索未能改进当前解
2025-04-08 16:08:51,895 - DEBUG - 执行AGV分配局部搜索，当前完工时间: 1969.00
2025-04-08 16:08:51,898 - DEBUG - 局部搜索未能改进当前解
2025-04-08 16:08:51,902 - DEBUG - 执行AGV分配局部搜索，当前完工时间: 1933.00
2025-04-08 16:08:51,905 - DEBUG - 局部搜索未能改进当前解
2025-04-08 16:08:51,910 - DEBUG - 执行AGV分配局部搜索，当前完工时间: 2026.00
2025-04-08 16:08:51,912 - DEBUG - AGV分配局部搜索成功！完工时间从 2026.00 降低到 2014.00，改进: 12.00 (0.59%)
2025-04-08 16:08:51,917 - DEBUG - 执行AGV分配局部搜索，当前完工时间: 1850.00
2025-04-08 16:08:51,920 - DEBUG - AGV分配局部搜索成功！完工时间从 1850.00 降低到 1834.00，改进: 16.00 (0.86%)
2025-04-08 16:08:51,923 - DEBUG - 执行AGV分配局部搜索，当前完工时间: 1904.00
2025-04-08 16:08:51,926 - DEBUG - 局部搜索未能改进当前解
2025-04-08 16:08:51,931 - DEBUG - 执行AGV分配局部搜索，当前完工时间: 1944.00
2025-04-08 16:08:51,935 - DEBUG - 局部搜索未能改进当前解
2025-04-08 16:08:51,939 - DEBUG - 执行AGV分配局部搜索，当前完工时间: 1851.00
2025-04-08 16:08:51,943 - DEBUG - 局部搜索未能改进当前解
2025-04-08 16:08:51,947 - DEBUG - 执行AGV分配局部搜索，当前完工时间: 1942.00
2025-04-08 16:08:51,950 - DEBUG - 局部搜索未能改进当前解
2025-04-08 16:08:51,954 - DEBUG - 执行AGV分配局部搜索，当前完工时间: 1926.00
2025-04-08 16:08:51,957 - DEBUG - 局部搜索未能改进当前解
2025-04-08 16:08:51,962 - DEBUG - 执行AGV分配局部搜索，当前完工时间: 1950.00
2025-04-08 16:08:51,965 - DEBUG - AGV分配局部搜索成功！完工时间从 1950.00 降低到 1946.00，改进: 4.00 (0.21%)
2025-04-08 16:08:51,969 - DEBUG - 执行AGV分配局部搜索，当前完工时间: 1979.00
2025-04-08 16:08:51,973 - DEBUG - 局部搜索未能改进当前解
2025-04-08 16:08:51,977 - DEBUG - 执行AGV分配局部搜索，当前完工时间: 1897.00
2025-04-08 16:08:51,980 - DEBUG - 局部搜索未能改进当前解
2025-04-08 16:08:51,984 - DEBUG - 执行AGV分配局部搜索，当前完工时间: 1828.00
2025-04-08 16:08:51,988 - DEBUG - 局部搜索未能改进当前解
2025-04-08 16:08:51,992 - DEBUG - 执行AGV分配局部搜索，当前完工时间: 1907.00
2025-04-08 16:08:51,995 - DEBUG - 局部搜索未能改进当前解
2025-04-08 16:08:52,000 - DEBUG - 执行AGV分配局部搜索，当前完工时间: 1988.00
2025-04-08 16:08:52,003 - DEBUG - 局部搜索未能改进当前解
2025-04-08 16:08:52,007 - DEBUG - 执行AGV分配局部搜索，当前完工时间: 1895.00
2025-04-08 16:08:52,010 - DEBUG - 局部搜索未能改进当前解
2025-04-08 16:08:52,014 - DEBUG - 执行AGV分配局部搜索，当前完工时间: 1911.00
2025-04-08 16:08:52,018 - DEBUG - 局部搜索未能改进当前解
2025-04-08 16:08:52,021 - DEBUG - 执行AGV分配局部搜索，当前完工时间: 1909.00
2025-04-08 16:08:52,025 - DEBUG - 局部搜索未能改进当前解
2025-04-08 16:08:52,029 - DEBUG - 执行AGV分配局部搜索，当前完工时间: 1919.00
2025-04-08 16:08:52,032 - DEBUG - 局部搜索未能改进当前解
2025-04-08 16:08:52,036 - DEBUG - 执行AGV分配局部搜索，当前完工时间: 1864.00
2025-04-08 16:08:52,040 - DEBUG - 局部搜索未能改进当前解
2025-04-08 16:08:52,044 - DEBUG - 执行AGV分配局部搜索，当前完工时间: 1902.00
2025-04-08 16:08:52,047 - DEBUG - 局部搜索未能改进当前解
2025-04-08 16:08:52,052 - DEBUG - 执行AGV分配局部搜索，当前完工时间: 1992.00
2025-04-08 16:08:52,056 - DEBUG - AGV分配局部搜索成功！完工时间从 1992.00 降低到 1916.00，改进: 76.00 (3.82%)
2025-04-08 16:08:52,059 - DEBUG - 执行AGV分配局部搜索，当前完工时间: 1958.00
2025-04-08 16:08:52,064 - DEBUG - 局部搜索未能改进当前解
2025-04-08 16:08:52,067 - DEBUG - 执行AGV分配局部搜索，当前完工时间: 1801.00
2025-04-08 16:08:52,070 - DEBUG - 局部搜索未能改进当前解
2025-04-08 16:08:52,076 - DEBUG - 执行AGV分配局部搜索，当前完工时间: 1923.00
2025-04-08 16:08:52,079 - DEBUG - 局部搜索未能改进当前解
2025-04-08 16:08:52,083 - DEBUG - 执行AGV分配局部搜索，当前完工时间: 2090.00
2025-04-08 16:08:52,086 - DEBUG - 局部搜索未能改进当前解
2025-04-08 16:08:52,090 - DEBUG - 执行AGV分配局部搜索，当前完工时间: 1892.00
2025-04-08 16:08:52,093 - DEBUG - 局部搜索未能改进当前解
2025-04-08 16:08:52,098 - DEBUG - 执行AGV分配局部搜索，当前完工时间: 1926.00
2025-04-08 16:08:52,101 - DEBUG - 局部搜索未能改进当前解
2025-04-08 16:08:52,105 - DEBUG - 执行AGV分配局部搜索，当前完工时间: 2091.00
2025-04-08 16:08:52,108 - DEBUG - AGV分配局部搜索成功！完工时间从 2091.00 降低到 2032.00，改进: 59.00 (2.82%)
2025-04-08 16:08:52,112 - DEBUG - 执行AGV分配局部搜索，当前完工时间: 1905.00
2025-04-08 16:08:52,115 - DEBUG - 局部搜索未能改进当前解
2025-04-08 16:08:52,120 - DEBUG - 执行AGV分配局部搜索，当前完工时间: 1904.00
2025-04-08 16:08:52,123 - DEBUG - 局部搜索未能改进当前解
2025-04-08 16:08:52,126 - DEBUG - 执行AGV分配局部搜索，当前完工时间: 1942.00
2025-04-08 16:08:52,130 - DEBUG - 局部搜索未能改进当前解
2025-04-08 16:08:52,134 - DEBUG - 执行AGV分配局部搜索，当前完工时间: 1886.00
2025-04-08 16:08:52,137 - DEBUG - 局部搜索未能改进当前解
2025-04-08 16:08:52,141 - DEBUG - 执行AGV分配局部搜索，当前完工时间: 1912.00
2025-04-08 16:08:52,145 - DEBUG - AGV分配局部搜索成功！完工时间从 1912.00 降低到 1890.00，改进: 22.00 (1.15%)
2025-04-08 16:08:52,149 - DEBUG - 执行AGV分配局部搜索，当前完工时间: 1815.00
2025-04-08 16:08:52,154 - DEBUG - 局部搜索未能改进当前解
2025-04-08 16:08:52,158 - DEBUG - 执行AGV分配局部搜索，当前完工时间: 1916.00
2025-04-08 16:08:52,162 - DEBUG - 局部搜索未能改进当前解
2025-04-08 16:08:52,167 - DEBUG - 执行AGV分配局部搜索，当前完工时间: 1927.00
2025-04-08 16:08:52,170 - DEBUG - 局部搜索未能改进当前解
2025-04-08 16:08:52,175 - DEBUG - 执行AGV分配局部搜索，当前完工时间: 1918.00
2025-04-08 16:08:52,179 - DEBUG - 局部搜索未能改进当前解
2025-04-08 16:08:52,182 - DEBUG - 执行AGV分配局部搜索，当前完工时间: 1849.00
2025-04-08 16:08:52,186 - DEBUG - 局部搜索未能改进当前解
2025-04-08 16:08:52,190 - DEBUG - 执行AGV分配局部搜索，当前完工时间: 1850.00
2025-04-08 16:08:52,193 - DEBUG - 局部搜索未能改进当前解
2025-04-08 16:08:52,197 - DEBUG - 执行AGV分配局部搜索，当前完工时间: 1892.00
2025-04-08 16:08:52,200 - DEBUG - 局部搜索未能改进当前解
2025-04-08 16:08:52,204 - DEBUG - 执行AGV分配局部搜索，当前完工时间: 1913.00
2025-04-08 16:08:52,208 - DEBUG - AGV分配局部搜索成功！完工时间从 1913.00 降低到 1908.00，改进: 5.00 (0.26%)
2025-04-08 16:08:52,212 - DEBUG - 执行AGV分配局部搜索，当前完工时间: 1922.00
2025-04-08 16:08:52,216 - DEBUG - 局部搜索未能改进当前解
2025-04-08 16:08:52,219 - DEBUG - 执行AGV分配局部搜索，当前完工时间: 1884.00
2025-04-08 16:08:52,223 - DEBUG - 局部搜索未能改进当前解
2025-04-08 16:08:52,227 - DEBUG - 执行AGV分配局部搜索，当前完工时间: 1834.00
2025-04-08 16:08:52,230 - DEBUG - 局部搜索未能改进当前解
2025-04-08 16:08:52,233 - DEBUG - 执行AGV分配局部搜索，当前完工时间: 1880.00
2025-04-08 16:08:52,237 - DEBUG - 局部搜索未能改进当前解
2025-04-08 16:08:52,241 - DEBUG - 执行AGV分配局部搜索，当前完工时间: 1868.00
2025-04-08 16:08:52,245 - DEBUG - 局部搜索未能改进当前解
2025-04-08 16:08:52,247 - DEBUG - 执行AGV分配局部搜索，当前完工时间: 1904.00
2025-04-08 16:08:52,251 - DEBUG - 局部搜索未能改进当前解
2025-04-08 16:08:52,255 - DEBUG - 执行AGV分配局部搜索，当前完工时间: 1916.00
2025-04-08 16:08:52,258 - DEBUG - AGV分配局部搜索成功！完工时间从 1916.00 降低到 1903.00，改进: 13.00 (0.68%)
2025-04-08 16:08:52,262 - DEBUG - 执行AGV分配局部搜索，当前完工时间: 1909.00
2025-04-08 16:08:52,266 - DEBUG - 局部搜索未能改进当前解
2025-04-08 16:08:52,270 - DEBUG - 执行AGV分配局部搜索，当前完工时间: 1888.00
2025-04-08 16:08:52,273 - DEBUG - 局部搜索未能改进当前解
2025-04-08 16:08:52,277 - DEBUG - 执行AGV分配局部搜索，当前完工时间: 1914.00
2025-04-08 16:08:52,281 - DEBUG - 局部搜索未能改进当前解
2025-04-08 16:08:52,284 - DEBUG - 执行AGV分配局部搜索，当前完工时间: 1870.00
2025-04-08 16:08:52,289 - DEBUG - 局部搜索未能改进当前解
2025-04-08 16:08:52,292 - DEBUG - 执行AGV分配局部搜索，当前完工时间: 1812.00
2025-04-08 16:08:52,295 - DEBUG - 局部搜索未能改进当前解
2025-04-08 16:08:52,300 - DEBUG - 执行AGV分配局部搜索，当前完工时间: 1911.00
2025-04-08 16:08:52,304 - DEBUG - 局部搜索未能改进当前解
2025-04-08 16:08:52,307 - DEBUG - 执行AGV分配局部搜索，当前完工时间: 1884.00
2025-04-08 16:08:52,311 - DEBUG - 局部搜索未能改进当前解
2025-04-08 16:08:52,314 - DEBUG - 执行AGV分配局部搜索，当前完工时间: 1900.00
2025-04-08 16:08:52,318 - DEBUG - 局部搜索未能改进当前解
2025-04-08 16:08:52,322 - DEBUG - 执行AGV分配局部搜索，当前完工时间: 1951.00
2025-04-08 16:08:52,325 - DEBUG - AGV分配局部搜索成功！完工时间从 1951.00 降低到 1932.00，改进: 19.00 (0.97%)
2025-04-08 16:08:52,329 - DEBUG - 执行AGV分配局部搜索，当前完工时间: 1873.00
2025-04-08 16:08:52,332 - DEBUG - 局部搜索未能改进当前解
2025-04-08 16:08:52,336 - DEBUG - 执行AGV分配局部搜索，当前完工时间: 1917.00
2025-04-08 16:08:52,340 - DEBUG - 局部搜索未能改进当前解
2025-04-08 16:08:52,343 - DEBUG - 执行AGV分配局部搜索，当前完工时间: 1883.00
2025-04-08 16:08:52,347 - DEBUG - AGV分配局部搜索成功！完工时间从 1883.00 降低到 1881.00，改进: 2.00 (0.11%)
2025-04-08 16:08:52,351 - DEBUG - 执行AGV分配局部搜索，当前完工时间: 1825.00
2025-04-08 16:08:52,354 - DEBUG - 局部搜索未能改进当前解
2025-04-08 16:08:52,357 - DEBUG - 执行AGV分配局部搜索，当前完工时间: 2043.00
2025-04-08 16:08:52,362 - DEBUG - 局部搜索未能改进当前解
2025-04-08 16:08:52,366 - DEBUG - 执行AGV分配局部搜索，当前完工时间: 1875.00
2025-04-08 16:08:52,368 - DEBUG - AGV分配局部搜索成功！完工时间从 1875.00 降低到 1862.00，改进: 13.00 (0.69%)
2025-04-08 16:08:52,372 - DEBUG - 执行AGV分配局部搜索，当前完工时间: 1821.00
2025-04-08 16:08:52,375 - DEBUG - 局部搜索未能改进当前解
2025-04-08 16:08:52,380 - DEBUG - 执行AGV分配局部搜索，当前完工时间: 1936.00
2025-04-08 16:08:52,383 - DEBUG - 局部搜索未能改进当前解
2025-04-08 16:08:52,387 - DEBUG - 执行AGV分配局部搜索，当前完工时间: 1882.00
2025-04-08 16:08:52,391 - DEBUG - AGV分配局部搜索成功！完工时间从 1882.00 降低到 1842.00，改进: 40.00 (2.13%)
2025-04-08 16:08:52,394 - DEBUG - 执行AGV分配局部搜索，当前完工时间: 2010.00
2025-04-08 16:08:52,398 - DEBUG - 局部搜索未能改进当前解
2025-04-08 16:08:52,402 - DEBUG - 执行AGV分配局部搜索，当前完工时间: 1889.00
2025-04-08 16:08:52,406 - DEBUG - 局部搜索未能改进当前解
2025-04-08 16:08:52,409 - DEBUG - 执行AGV分配局部搜索，当前完工时间: 1851.00
2025-04-08 16:08:52,413 - DEBUG - 局部搜索未能改进当前解
2025-04-08 16:08:52,416 - DEBUG - 执行AGV分配局部搜索，当前完工时间: 1901.00
2025-04-08 16:08:52,419 - DEBUG - 局部搜索未能改进当前解
2025-04-08 16:08:52,423 - DEBUG - 执行AGV分配局部搜索，当前完工时间: 1856.00
2025-04-08 16:08:52,426 - DEBUG - 局部搜索未能改进当前解
2025-04-08 16:08:52,431 - DEBUG - 执行AGV分配局部搜索，当前完工时间: 1896.00
2025-04-08 16:08:52,435 - DEBUG - 局部搜索未能改进当前解
2025-04-08 16:08:52,438 - DEBUG - 执行AGV分配局部搜索，当前完工时间: 2028.00
2025-04-08 16:08:52,442 - DEBUG - 局部搜索未能改进当前解
2025-04-08 16:08:52,445 - DEBUG - 执行AGV分配局部搜索，当前完工时间: 1897.00
2025-04-08 16:08:52,449 - DEBUG - 局部搜索未能改进当前解
2025-04-08 16:08:52,453 - DEBUG - 执行AGV分配局部搜索，当前完工时间: 1884.00
2025-04-08 16:08:52,456 - DEBUG - 局部搜索未能改进当前解
2025-04-08 16:08:52,460 - DEBUG - 执行AGV分配局部搜索，当前完工时间: 2028.00
2025-04-08 16:08:52,464 - DEBUG - 局部搜索未能改进当前解
2025-04-08 16:08:52,467 - DEBUG - 执行AGV分配局部搜索，当前完工时间: 1838.00
2025-04-08 16:08:52,471 - DEBUG - 局部搜索未能改进当前解
2025-04-08 16:08:52,474 - DEBUG - 执行AGV分配局部搜索，当前完工时间: 1874.00
2025-04-08 16:08:52,479 - DEBUG - 局部搜索未能改进当前解
2025-04-08 16:08:52,483 - DEBUG - 执行AGV分配局部搜索，当前完工时间: 1844.00
2025-04-08 16:08:52,486 - DEBUG - 局部搜索未能改进当前解
2025-04-08 16:08:52,490 - DEBUG - 执行AGV分配局部搜索，当前完工时间: 2023.00
2025-04-08 16:08:52,494 - DEBUG - 局部搜索未能改进当前解
2025-04-08 16:08:52,497 - DEBUG - 执行AGV分配局部搜索，当前完工时间: 1891.00
2025-04-08 16:08:52,501 - DEBUG - 局部搜索未能改进当前解
2025-04-08 16:08:52,501 - DEBUG - ==================================================
2025-04-08 16:08:52,501 - DEBUG - Efficiency Statistics of Local Search :
2025-04-08 16:08:52,501 - DEBUG - Number of attempts: 99
2025-04-08 16:08:52,501 - DEBUG - Average Success Rate: 14.14%
2025-04-08 16:08:52,501 - DEBUG - AGV Local Search Success: 14，Average Improvement: 22.07
2025-04-08 16:08:52,506 - DEBUG - 执行AGV分配局部搜索，当前完工时间: 1879.00
2025-04-08 16:08:52,510 - DEBUG - 局部搜索未能改进当前解
2025-04-08 16:08:52,514 - DEBUG - 执行AGV分配局部搜索，当前完工时间: 1880.00
2025-04-08 16:08:52,517 - DEBUG - 局部搜索未能改进当前解
2025-04-08 16:08:52,521 - DEBUG - 执行AGV分配局部搜索，当前完工时间: 1868.00
2025-04-08 16:08:52,525 - DEBUG - 局部搜索未能改进当前解
2025-04-08 16:08:52,529 - DEBUG - 执行AGV分配局部搜索，当前完工时间: 1931.00
2025-04-08 16:08:52,532 - DEBUG - 局部搜索未能改进当前解
2025-04-08 16:08:52,536 - DEBUG - 执行AGV分配局部搜索，当前完工时间: 1942.00
2025-04-08 16:08:52,541 - DEBUG - 局部搜索未能改进当前解
2025-04-08 16:08:52,544 - DEBUG - 执行AGV分配局部搜索，当前完工时间: 1857.00
2025-04-08 16:08:52,549 - DEBUG - 局部搜索未能改进当前解
2025-04-08 16:08:52,553 - DEBUG - 执行AGV分配局部搜索，当前完工时间: 1881.00
2025-04-08 16:08:52,557 - DEBUG - AGV分配局部搜索成功！完工时间从 1881.00 降低到 1847.00，改进: 34.00 (1.81%)
2025-04-08 16:08:52,560 - DEBUG - 执行AGV分配局部搜索，当前完工时间: 1860.00
2025-04-08 16:08:52,564 - DEBUG - 局部搜索未能改进当前解
2025-04-08 16:08:52,568 - DEBUG - 执行AGV分配局部搜索，当前完工时间: 1916.00
2025-04-08 16:08:52,572 - DEBUG - 局部搜索未能改进当前解
2025-04-08 16:08:52,576 - DEBUG - 执行AGV分配局部搜索，当前完工时间: 1825.00
2025-04-08 16:08:52,580 - DEBUG - 局部搜索未能改进当前解
2025-04-08 16:08:52,584 - DEBUG - 执行AGV分配局部搜索，当前完工时间: 1857.00
2025-04-08 16:08:52,587 - DEBUG - 局部搜索未能改进当前解
2025-04-08 16:08:52,591 - DEBUG - 执行AGV分配局部搜索，当前完工时间: 1895.00
2025-04-08 16:08:52,594 - DEBUG - 局部搜索未能改进当前解
2025-04-08 16:08:52,598 - DEBUG - 执行AGV分配局部搜索，当前完工时间: 1862.00
2025-04-08 16:08:52,602 - DEBUG - 局部搜索未能改进当前解
2025-04-08 16:08:52,605 - DEBUG - 执行AGV分配局部搜索，当前完工时间: 2079.00
2025-04-08 16:08:52,608 - DEBUG - 局部搜索未能改进当前解
2025-04-08 16:08:52,612 - DEBUG - 执行AGV分配局部搜索，当前完工时间: 1872.00
2025-04-08 16:08:52,616 - DEBUG - 局部搜索未能改进当前解
2025-04-08 16:08:52,621 - DEBUG - 执行AGV分配局部搜索，当前完工时间: 1865.00
2025-04-08 16:08:52,624 - DEBUG - 局部搜索未能改进当前解
2025-04-08 16:08:52,629 - DEBUG - 执行AGV分配局部搜索，当前完工时间: 1978.00
2025-04-08 16:08:52,632 - DEBUG - AGV分配局部搜索成功！完工时间从 1978.00 降低到 1968.00，改进: 10.00 (0.51%)
2025-04-08 16:08:52,636 - DEBUG - 执行AGV分配局部搜索，当前完工时间: 1980.00
2025-04-08 16:08:52,640 - DEBUG - 局部搜索未能改进当前解
2025-04-08 16:08:52,644 - DEBUG - 执行AGV分配局部搜索，当前完工时间: 1937.00
2025-04-08 16:08:52,647 - DEBUG - 局部搜索未能改进当前解
2025-04-08 16:08:52,650 - DEBUG - 执行AGV分配局部搜索，当前完工时间: 1820.00
2025-04-08 16:08:52,653 - DEBUG - 局部搜索未能改进当前解
2025-04-08 16:08:52,658 - DEBUG - 执行AGV分配局部搜索，当前完工时间: 1905.00
2025-04-08 16:08:52,660 - DEBUG - 局部搜索未能改进当前解
2025-04-08 16:08:52,664 - DEBUG - 执行AGV分配局部搜索，当前完工时间: 1851.00
2025-04-08 16:08:52,668 - DEBUG - 局部搜索未能改进当前解
2025-04-08 16:08:52,672 - DEBUG - 执行AGV分配局部搜索，当前完工时间: 1959.00
2025-04-08 16:08:52,675 - DEBUG - 局部搜索未能改进当前解
2025-04-08 16:08:52,680 - DEBUG - 执行AGV分配局部搜索，当前完工时间: 1902.00
2025-04-08 16:08:52,684 - DEBUG - 局部搜索未能改进当前解
2025-04-08 16:08:52,687 - DEBUG - 执行AGV分配局部搜索，当前完工时间: 1876.00
2025-04-08 16:08:52,691 - DEBUG - 局部搜索未能改进当前解
2025-04-08 16:08:52,694 - DEBUG - 执行AGV分配局部搜索，当前完工时间: 1825.00
2025-04-08 16:08:52,698 - DEBUG - 局部搜索未能改进当前解
2025-04-08 16:08:52,702 - DEBUG - 执行AGV分配局部搜索，当前完工时间: 1870.00
2025-04-08 16:08:52,706 - DEBUG - 局部搜索未能改进当前解
2025-04-08 16:08:52,709 - DEBUG - 执行AGV分配局部搜索，当前完工时间: 1834.00
2025-04-08 16:08:52,712 - DEBUG - 局部搜索未能改进当前解
2025-04-08 16:08:52,716 - DEBUG - 执行AGV分配局部搜索，当前完工时间: 2011.00
2025-04-08 16:08:52,720 - DEBUG - 局部搜索未能改进当前解
2025-04-08 16:08:52,723 - DEBUG - 执行AGV分配局部搜索，当前完工时间: 1864.00
2025-04-08 16:08:52,726 - DEBUG - 局部搜索未能改进当前解
2025-04-08 16:08:52,731 - DEBUG - 执行AGV分配局部搜索，当前完工时间: 2045.00
2025-04-08 16:08:52,735 - DEBUG - 局部搜索未能改进当前解
2025-04-08 16:08:52,738 - DEBUG - 执行AGV分配局部搜索，当前完工时间: 1937.00
2025-04-08 16:08:52,742 - DEBUG - AGV分配局部搜索成功！完工时间从 1937.00 降低到 1864.00，改进: 73.00 (3.77%)
2025-04-08 16:08:52,745 - DEBUG - 执行AGV分配局部搜索，当前完工时间: 1837.00
2025-04-08 16:08:52,749 - DEBUG - 局部搜索未能改进当前解
2025-04-08 16:08:52,752 - DEBUG - 执行AGV分配局部搜索，当前完工时间: 1836.00
2025-04-08 16:08:52,756 - DEBUG - AGV分配局部搜索成功！完工时间从 1836.00 降低到 1833.00，改进: 3.00 (0.16%)
2025-04-08 16:08:52,759 - DEBUG - 执行AGV分配局部搜索，当前完工时间: 1898.00
2025-04-08 16:08:52,762 - DEBUG - 局部搜索未能改进当前解
2025-04-08 16:08:52,766 - DEBUG - 执行AGV分配局部搜索，当前完工时间: 1852.00
2025-04-08 16:08:52,770 - DEBUG - 局部搜索未能改进当前解
2025-04-08 16:08:52,774 - DEBUG - 执行AGV分配局部搜索，当前完工时间: 1970.00
2025-04-08 16:08:52,778 - DEBUG - 局部搜索未能改进当前解
2025-04-08 16:08:52,781 - DEBUG - 执行AGV分配局部搜索，当前完工时间: 1981.00
2025-04-08 16:08:52,785 - DEBUG - AGV分配局部搜索成功！完工时间从 1981.00 降低到 1943.00，改进: 38.00 (1.92%)
2025-04-08 16:08:52,789 - DEBUG - 执行AGV分配局部搜索，当前完工时间: 1902.00
2025-04-08 16:08:52,792 - DEBUG - 局部搜索未能改进当前解
2025-04-08 16:08:52,796 - DEBUG - 执行AGV分配局部搜索，当前完工时间: 1878.00
2025-04-08 16:08:52,800 - DEBUG - AGV分配局部搜索成功！完工时间从 1878.00 降低到 1844.00，改进: 34.00 (1.81%)
2025-04-08 16:08:52,804 - DEBUG - 执行AGV分配局部搜索，当前完工时间: 1897.00
2025-04-08 16:08:52,807 - DEBUG - 局部搜索未能改进当前解
2025-04-08 16:08:52,810 - DEBUG - 执行AGV分配局部搜索，当前完工时间: 1847.00
2025-04-08 16:08:52,814 - DEBUG - 局部搜索未能改进当前解
2025-04-08 16:08:52,818 - DEBUG - 执行AGV分配局部搜索，当前完工时间: 1829.00
2025-04-08 16:08:52,822 - DEBUG - 局部搜索未能改进当前解
2025-04-08 16:08:52,826 - DEBUG - 执行AGV分配局部搜索，当前完工时间: 1876.00
2025-04-08 16:08:52,829 - DEBUG - 局部搜索未能改进当前解
2025-04-08 16:08:52,833 - DEBUG - 执行AGV分配局部搜索，当前完工时间: 1983.00
2025-04-08 16:08:52,836 - DEBUG - 局部搜索未能改进当前解
2025-04-08 16:08:52,840 - DEBUG - 执行AGV分配局部搜索，当前完工时间: 1852.00
2025-04-08 16:08:52,843 - DEBUG - 局部搜索未能改进当前解
2025-04-08 16:08:52,847 - DEBUG - 执行AGV分配局部搜索，当前完工时间: 1876.00
2025-04-08 16:08:52,851 - DEBUG - 局部搜索未能改进当前解
2025-04-08 16:08:52,855 - DEBUG - 执行AGV分配局部搜索，当前完工时间: 1873.00
2025-04-08 16:08:52,859 - DEBUG - AGV分配局部搜索成功！完工时间从 1873.00 降低到 1849.00，改进: 24.00 (1.28%)
2025-04-08 16:08:52,862 - DEBUG - 执行AGV分配局部搜索，当前完工时间: 1967.00
2025-04-08 16:08:52,867 - DEBUG - 局部搜索未能改进当前解
2025-04-08 16:08:52,870 - DEBUG - 执行AGV分配局部搜索，当前完工时间: 1945.00
2025-04-08 16:08:52,874 - DEBUG - 局部搜索未能改进当前解
2025-04-08 16:08:52,876 - DEBUG - 执行AGV分配局部搜索，当前完工时间: 1850.00
2025-04-08 16:08:52,881 - DEBUG - 局部搜索未能改进当前解
2025-04-08 16:08:52,884 - DEBUG - 执行AGV分配局部搜索，当前完工时间: 1811.00
2025-04-08 16:08:52,888 - DEBUG - 局部搜索未能改进当前解
2025-04-08 16:08:52,892 - DEBUG - 执行AGV分配局部搜索，当前完工时间: 1870.00
2025-04-08 16:08:52,895 - DEBUG - 局部搜索未能改进当前解
2025-04-08 16:08:52,899 - DEBUG - 执行AGV分配局部搜索，当前完工时间: 1921.00
2025-04-08 16:08:52,903 - DEBUG - 局部搜索未能改进当前解
2025-04-08 16:08:52,906 - DEBUG - 执行AGV分配局部搜索，当前完工时间: 1868.00
2025-04-08 16:08:52,910 - DEBUG - 局部搜索未能改进当前解
2025-04-08 16:08:52,914 - DEBUG - 执行AGV分配局部搜索，当前完工时间: 1961.00
2025-04-08 16:08:52,917 - DEBUG - 局部搜索未能改进当前解
2025-04-08 16:08:52,921 - DEBUG - 执行AGV分配局部搜索，当前完工时间: 1945.00
2025-04-08 16:08:52,925 - DEBUG - 局部搜索未能改进当前解
2025-04-08 16:08:52,929 - DEBUG - 执行AGV分配局部搜索，当前完工时间: 1946.00
2025-04-08 16:08:52,933 - DEBUG - 局部搜索未能改进当前解
2025-04-08 16:08:52,936 - DEBUG - 执行AGV分配局部搜索，当前完工时间: 1916.00
2025-04-08 16:08:52,940 - DEBUG - 局部搜索未能改进当前解
2025-04-08 16:08:52,944 - DEBUG - 执行AGV分配局部搜索，当前完工时间: 1932.00
2025-04-08 16:08:52,947 - DEBUG - 局部搜索未能改进当前解
2025-04-08 16:08:52,951 - DEBUG - 执行AGV分配局部搜索，当前完工时间: 1850.00
2025-04-08 16:08:52,954 - DEBUG - 局部搜索未能改进当前解
2025-04-08 16:08:52,958 - DEBUG - 执行AGV分配局部搜索，当前完工时间: 1828.00
2025-04-08 16:08:52,962 - DEBUG - AGV分配局部搜索成功！完工时间从 1828.00 降低到 1818.00，改进: 10.00 (0.55%)
2025-04-08 16:08:52,966 - DEBUG - 执行AGV分配局部搜索，当前完工时间: 1918.00
2025-04-08 16:08:52,969 - DEBUG - 局部搜索未能改进当前解
2025-04-08 16:08:52,973 - DEBUG - 执行AGV分配局部搜索，当前完工时间: 1880.00
2025-04-08 16:08:52,976 - DEBUG - 局部搜索未能改进当前解
2025-04-08 16:08:52,980 - DEBUG - 执行AGV分配局部搜索，当前完工时间: 1886.00
2025-04-08 16:08:52,983 - DEBUG - AGV分配局部搜索成功！完工时间从 1886.00 降低到 1879.00，改进: 7.00 (0.37%)
2025-04-08 16:08:52,987 - DEBUG - 执行AGV分配局部搜索，当前完工时间: 1896.00
2025-04-08 16:08:52,991 - DEBUG - 局部搜索未能改进当前解
2025-04-08 16:08:52,995 - DEBUG - 执行AGV分配局部搜索，当前完工时间: 1965.00
2025-04-08 16:08:52,999 - DEBUG - 局部搜索未能改进当前解
2025-04-08 16:08:53,003 - DEBUG - 执行AGV分配局部搜索，当前完工时间: 1826.00
2025-04-08 16:08:53,007 - DEBUG - 局部搜索未能改进当前解
2025-04-08 16:08:53,010 - DEBUG - 执行AGV分配局部搜索，当前完工时间: 1872.00
2025-04-08 16:08:53,013 - DEBUG - 局部搜索未能改进当前解
2025-04-08 16:08:53,018 - DEBUG - 执行AGV分配局部搜索，当前完工时间: 1828.00
2025-04-08 16:08:53,020 - DEBUG - 局部搜索未能改进当前解
2025-04-08 16:08:53,025 - DEBUG - 执行AGV分配局部搜索，当前完工时间: 1888.00
2025-04-08 16:08:53,028 - DEBUG - 局部搜索未能改进当前解
2025-04-08 16:08:53,033 - DEBUG - 执行AGV分配局部搜索，当前完工时间: 1853.00
2025-04-08 16:08:53,035 - DEBUG - AGV分配局部搜索成功！完工时间从 1853.00 降低到 1818.00，改进: 35.00 (1.89%)
2025-04-08 16:08:53,040 - DEBUG - 执行AGV分配局部搜索，当前完工时间: 1922.00
2025-04-08 16:08:53,043 - DEBUG - 局部搜索未能改进当前解
2025-04-08 16:08:53,047 - DEBUG - 执行AGV分配局部搜索，当前完工时间: 1808.00
2025-04-08 16:08:53,050 - DEBUG - 局部搜索未能改进当前解
2025-04-08 16:08:53,053 - DEBUG - 执行AGV分配局部搜索，当前完工时间: 1882.00
2025-04-08 16:08:53,060 - DEBUG - 局部搜索未能改进当前解
2025-04-08 16:08:53,065 - DEBUG - 执行AGV分配局部搜索，当前完工时间: 1838.00
2025-04-08 16:08:53,069 - DEBUG - 局部搜索未能改进当前解
2025-04-08 16:08:53,073 - DEBUG - 执行AGV分配局部搜索，当前完工时间: 1869.00
2025-04-08 16:08:53,077 - DEBUG - 局部搜索未能改进当前解
2025-04-08 16:08:53,081 - DEBUG - 执行AGV分配局部搜索，当前完工时间: 1892.00
2025-04-08 16:08:53,084 - DEBUG - 局部搜索未能改进当前解
2025-04-08 16:08:53,088 - DEBUG - 执行AGV分配局部搜索，当前完工时间: 1914.00
2025-04-08 16:08:53,092 - DEBUG - 局部搜索未能改进当前解
2025-04-08 16:08:53,095 - DEBUG - 执行AGV分配局部搜索，当前完工时间: 1907.00
2025-04-08 16:08:53,097 - DEBUG - 局部搜索未能改进当前解
2025-04-08 16:08:53,102 - DEBUG - 执行AGV分配局部搜索，当前完工时间: 1908.00
2025-04-08 16:08:53,105 - DEBUG - 局部搜索未能改进当前解
2025-04-08 16:08:53,110 - DEBUG - 执行AGV分配局部搜索，当前完工时间: 1922.00
2025-04-08 16:08:53,112 - DEBUG - 局部搜索未能改进当前解
2025-04-08 16:08:53,117 - DEBUG - 执行AGV分配局部搜索，当前完工时间: 1915.00
2025-04-08 16:08:53,121 - DEBUG - 局部搜索未能改进当前解
2025-04-08 16:08:53,124 - DEBUG - 执行AGV分配局部搜索，当前完工时间: 2002.00
2025-04-08 16:08:53,128 - DEBUG - 局部搜索未能改进当前解
2025-04-08 16:08:53,131 - DEBUG - 执行AGV分配局部搜索，当前完工时间: 1942.00
2025-04-08 16:08:53,136 - DEBUG - 局部搜索未能改进当前解
2025-04-08 16:08:53,140 - DEBUG - 执行AGV分配局部搜索，当前完工时间: 1967.00
2025-04-08 16:08:53,145 - DEBUG - 局部搜索未能改进当前解
2025-04-08 16:08:53,148 - DEBUG - 执行AGV分配局部搜索，当前完工时间: 1909.00
2025-04-08 16:08:53,153 - DEBUG - 局部搜索未能改进当前解
2025-04-08 16:08:53,157 - DEBUG - 执行AGV分配局部搜索，当前完工时间: 1848.00
2025-04-08 16:08:53,160 - DEBUG - 局部搜索未能改进当前解
2025-04-08 16:08:53,164 - DEBUG - 执行AGV分配局部搜索，当前完工时间: 1844.00
2025-04-08 16:08:53,166 - DEBUG - 局部搜索未能改进当前解
2025-04-08 16:08:53,171 - DEBUG - 执行AGV分配局部搜索，当前完工时间: 1891.00
2025-04-08 16:08:53,174 - DEBUG - 局部搜索未能改进当前解
2025-04-08 16:08:53,178 - DEBUG - 执行AGV分配局部搜索，当前完工时间: 1854.00
2025-04-08 16:08:53,182 - DEBUG - 局部搜索未能改进当前解
2025-04-08 16:08:53,185 - DEBUG - 执行AGV分配局部搜索，当前完工时间: 1847.00
2025-04-08 16:08:53,189 - DEBUG - 局部搜索未能改进当前解
2025-04-08 16:08:53,193 - DEBUG - 执行AGV分配局部搜索，当前完工时间: 1897.00
2025-04-08 16:08:53,196 - DEBUG - 局部搜索未能改进当前解
2025-04-08 16:08:53,200 - DEBUG - 执行AGV分配局部搜索，当前完工时间: 1898.00
2025-04-08 16:08:53,204 - DEBUG - 局部搜索未能改进当前解
2025-04-08 16:08:53,207 - DEBUG - 执行AGV分配局部搜索，当前完工时间: 1884.00
2025-04-08 16:08:53,211 - DEBUG - 局部搜索未能改进当前解
2025-04-08 16:08:53,215 - DEBUG - 执行AGV分配局部搜索，当前完工时间: 1866.00
2025-04-08 16:08:53,219 - DEBUG - 局部搜索未能改进当前解
2025-04-08 16:08:53,223 - DEBUG - 执行AGV分配局部搜索，当前完工时间: 1831.00
2025-04-08 16:08:53,226 - DEBUG - 局部搜索未能改进当前解
2025-04-08 16:08:53,230 - DEBUG - 执行AGV分配局部搜索，当前完工时间: 1868.00
2025-04-08 16:08:53,234 - DEBUG - 局部搜索未能改进当前解
2025-04-08 16:08:53,238 - DEBUG - 执行AGV分配局部搜索，当前完工时间: 1898.00
2025-04-08 16:08:53,241 - DEBUG - AGV分配局部搜索成功！完工时间从 1898.00 降低到 1877.00，改进: 21.00 (1.11%)
2025-04-08 16:08:53,241 - DEBUG - ==================================================
2025-04-08 16:08:53,241 - DEBUG - Efficiency Statistics of Local Search :
2025-04-08 16:08:53,241 - DEBUG - Number of attempts: 99
2025-04-08 16:08:53,241 - DEBUG - Average Success Rate: 11.11%
2025-04-08 16:08:53,241 - DEBUG - AGV Local Search Success: 11，Average Improvement: 26.27
2025-04-08 16:08:53,245 - DEBUG - 执行AGV分配局部搜索，当前完工时间: 1870.00
2025-04-08 16:08:53,249 - DEBUG - 局部搜索未能改进当前解
2025-04-08 16:08:53,252 - DEBUG - 执行AGV分配局部搜索，当前完工时间: 1830.00
2025-04-08 16:08:53,256 - DEBUG - 局部搜索未能改进当前解
2025-04-08 16:08:53,260 - DEBUG - 执行AGV分配局部搜索，当前完工时间: 1825.00
2025-04-08 16:08:53,264 - DEBUG - 局部搜索未能改进当前解
2025-04-08 16:08:53,268 - DEBUG - 执行AGV分配局部搜索，当前完工时间: 1844.00
2025-04-08 16:08:53,272 - DEBUG - 局部搜索未能改进当前解
2025-04-08 16:08:53,276 - DEBUG - 执行AGV分配局部搜索，当前完工时间: 1957.00
2025-04-08 16:08:53,280 - DEBUG - AGV分配局部搜索成功！完工时间从 1957.00 降低到 1942.00，改进: 15.00 (0.77%)
2025-04-08 16:08:53,283 - DEBUG - 执行AGV分配局部搜索，当前完工时间: 1878.00
2025-04-08 16:08:53,287 - DEBUG - 局部搜索未能改进当前解
2025-04-08 16:08:53,291 - DEBUG - 执行AGV分配局部搜索，当前完工时间: 1920.00
2025-04-08 16:08:53,294 - DEBUG - 局部搜索未能改进当前解
2025-04-08 16:08:53,297 - DEBUG - 执行AGV分配局部搜索，当前完工时间: 1862.00
2025-04-08 16:08:53,301 - DEBUG - AGV分配局部搜索成功！完工时间从 1862.00 降低到 1838.00，改进: 24.00 (1.29%)
2025-04-08 16:08:53,305 - DEBUG - 执行AGV分配局部搜索，当前完工时间: 1914.00
2025-04-08 16:08:53,308 - DEBUG - 局部搜索未能改进当前解
2025-04-08 16:08:53,312 - DEBUG - 执行AGV分配局部搜索，当前完工时间: 1956.00
2025-04-08 16:08:53,316 - DEBUG - 局部搜索未能改进当前解
2025-04-08 16:08:53,320 - DEBUG - 执行AGV分配局部搜索，当前完工时间: 1970.00
2025-04-08 16:08:53,323 - DEBUG - 局部搜索未能改进当前解
2025-04-08 16:08:53,326 - DEBUG - 执行AGV分配局部搜索，当前完工时间: 1924.00
2025-04-08 16:08:53,331 - DEBUG - 局部搜索未能改进当前解
2025-04-08 16:08:53,335 - DEBUG - 执行AGV分配局部搜索，当前完工时间: 1867.00
2025-04-08 16:08:53,338 - DEBUG - 局部搜索未能改进当前解
2025-04-08 16:08:53,343 - DEBUG - 执行AGV分配局部搜索，当前完工时间: 1886.00
2025-04-08 16:08:53,347 - DEBUG - 局部搜索未能改进当前解
2025-04-08 16:08:53,350 - DEBUG - 执行AGV分配局部搜索，当前完工时间: 1808.00
2025-04-08 16:08:53,354 - DEBUG - 局部搜索未能改进当前解
2025-04-08 16:08:53,357 - DEBUG - 执行AGV分配局部搜索，当前完工时间: 1863.00
2025-04-08 16:08:53,360 - DEBUG - 局部搜索未能改进当前解
2025-04-08 16:08:53,364 - DEBUG - 执行AGV分配局部搜索，当前完工时间: 1831.00
2025-04-08 16:08:53,368 - DEBUG - 局部搜索未能改进当前解
2025-04-08 16:08:53,371 - DEBUG - 执行AGV分配局部搜索，当前完工时间: 1851.00
2025-04-08 16:08:53,375 - DEBUG - 局部搜索未能改进当前解
2025-04-08 16:08:53,379 - DEBUG - 执行AGV分配局部搜索，当前完工时间: 1984.00
2025-04-08 16:08:53,383 - DEBUG - AGV分配局部搜索成功！完工时间从 1984.00 降低到 1979.00，改进: 5.00 (0.25%)
2025-04-08 16:08:53,386 - DEBUG - 执行AGV分配局部搜索，当前完工时间: 2096.00
2025-04-08 16:08:53,389 - DEBUG - 局部搜索未能改进当前解
2025-04-08 16:08:53,393 - DEBUG - 执行AGV分配局部搜索，当前完工时间: 1818.00
2025-04-08 16:08:53,398 - DEBUG - 局部搜索未能改进当前解
2025-04-08 16:08:53,401 - DEBUG - 执行AGV分配局部搜索，当前完工时间: 1896.00
2025-04-08 16:08:53,404 - DEBUG - 局部搜索未能改进当前解
2025-04-08 16:08:53,408 - DEBUG - 执行AGV分配局部搜索，当前完工时间: 1918.00
2025-04-08 16:08:53,412 - DEBUG - 局部搜索未能改进当前解
2025-04-08 16:08:53,416 - DEBUG - 执行AGV分配局部搜索，当前完工时间: 2044.00
2025-04-08 16:08:53,419 - DEBUG - 局部搜索未能改进当前解
2025-04-08 16:08:53,423 - DEBUG - 执行AGV分配局部搜索，当前完工时间: 1906.00
2025-04-08 16:08:53,426 - DEBUG - 局部搜索未能改进当前解
2025-04-08 16:08:53,431 - DEBUG - 执行AGV分配局部搜索，当前完工时间: 2014.00
2025-04-08 16:08:53,434 - DEBUG - 局部搜索未能改进当前解
2025-04-08 16:08:53,437 - DEBUG - 执行AGV分配局部搜索，当前完工时间: 1888.00
2025-04-08 16:08:53,441 - DEBUG - 局部搜索未能改进当前解
2025-04-08 16:08:53,445 - DEBUG - 执行AGV分配局部搜索，当前完工时间: 1825.00
2025-04-08 16:08:53,449 - DEBUG - 局部搜索未能改进当前解
2025-04-08 16:08:53,453 - DEBUG - 执行AGV分配局部搜索，当前完工时间: 1879.00
2025-04-08 16:08:53,456 - DEBUG - 局部搜索未能改进当前解
2025-04-08 16:08:53,460 - DEBUG - 执行AGV分配局部搜索，当前完工时间: 1837.00
2025-04-08 16:08:53,463 - DEBUG - 局部搜索未能改进当前解
2025-04-08 16:08:53,467 - DEBUG - 执行AGV分配局部搜索，当前完工时间: 1852.00
2025-04-08 16:08:53,470 - DEBUG - 局部搜索未能改进当前解
2025-04-08 16:08:53,474 - DEBUG - 执行AGV分配局部搜索，当前完工时间: 1842.00
2025-04-08 16:08:53,476 - DEBUG - 局部搜索未能改进当前解
2025-04-08 16:08:53,482 - DEBUG - 执行AGV分配局部搜索，当前完工时间: 1895.00
2025-04-08 16:08:53,485 - DEBUG - 局部搜索未能改进当前解
2025-04-08 16:08:53,489 - DEBUG - 执行AGV分配局部搜索，当前完工时间: 2138.00
2025-04-08 16:08:53,493 - DEBUG - 局部搜索未能改进当前解
2025-04-08 16:08:53,497 - DEBUG - 执行AGV分配局部搜索，当前完工时间: 1879.00
2025-04-08 16:08:53,500 - DEBUG - 局部搜索未能改进当前解
2025-04-08 16:08:53,503 - DEBUG - 执行AGV分配局部搜索，当前完工时间: 1847.00
2025-04-08 16:08:53,508 - DEBUG - 局部搜索未能改进当前解
2025-04-08 16:08:53,514 - DEBUG - 执行AGV分配局部搜索，当前完工时间: 1958.00
2025-04-08 16:08:53,517 - DEBUG - 局部搜索未能改进当前解
2025-04-08 16:08:53,520 - DEBUG - 执行AGV分配局部搜索，当前完工时间: 1861.00
2025-04-08 16:08:53,524 - DEBUG - AGV分配局部搜索成功！完工时间从 1861.00 降低到 1848.00，改进: 13.00 (0.70%)
2025-04-08 16:08:53,528 - DEBUG - 执行AGV分配局部搜索，当前完工时间: 1928.00
2025-04-08 16:08:53,531 - DEBUG - AGV分配局部搜索成功！完工时间从 1928.00 降低到 1913.00，改进: 15.00 (0.78%)
2025-04-08 16:08:53,536 - DEBUG - 执行AGV分配局部搜索，当前完工时间: 1862.00
2025-04-08 16:08:53,540 - DEBUG - 局部搜索未能改进当前解
2025-04-08 16:08:53,544 - DEBUG - 执行AGV分配局部搜索，当前完工时间: 1869.00
2025-04-08 16:08:53,547 - DEBUG - 局部搜索未能改进当前解
2025-04-08 16:08:53,551 - DEBUG - 执行AGV分配局部搜索，当前完工时间: 1885.00
2025-04-08 16:08:53,554 - DEBUG - 局部搜索未能改进当前解
2025-04-08 16:08:53,558 - DEBUG - 执行AGV分配局部搜索，当前完工时间: 1852.00
2025-04-08 16:08:53,562 - DEBUG - 局部搜索未能改进当前解
2025-04-08 16:08:53,566 - DEBUG - 执行AGV分配局部搜索，当前完工时间: 1994.00
2025-04-08 16:08:53,569 - DEBUG - 局部搜索未能改进当前解
2025-04-08 16:08:53,572 - DEBUG - 执行AGV分配局部搜索，当前完工时间: 1837.00
2025-04-08 16:08:53,576 - DEBUG - 局部搜索未能改进当前解
2025-04-08 16:08:53,581 - DEBUG - 执行AGV分配局部搜索，当前完工时间: 1807.00
2025-04-08 16:08:53,584 - DEBUG - 局部搜索未能改进当前解
2025-04-08 16:08:53,589 - DEBUG - 执行AGV分配局部搜索，当前完工时间: 1998.00
2025-04-08 16:08:53,593 - DEBUG - 局部搜索未能改进当前解
2025-04-08 16:08:53,595 - DEBUG - 执行AGV分配局部搜索，当前完工时间: 1913.00
2025-04-08 16:08:53,600 - DEBUG - AGV分配局部搜索成功！完工时间从 1913.00 降低到 1906.00，改进: 7.00 (0.37%)
2025-04-08 16:08:53,603 - DEBUG - 执行AGV分配局部搜索，当前完工时间: 1832.00
2025-04-08 16:08:53,607 - DEBUG - 局部搜索未能改进当前解
2025-04-08 16:08:53,611 - DEBUG - 执行AGV分配局部搜索，当前完工时间: 1855.00
2025-04-08 16:08:53,614 - DEBUG - 局部搜索未能改进当前解
2025-04-08 16:08:53,618 - DEBUG - 执行AGV分配局部搜索，当前完工时间: 1851.00
2025-04-08 16:08:53,621 - DEBUG - 局部搜索未能改进当前解
2025-04-08 16:08:53,624 - DEBUG - 执行AGV分配局部搜索，当前完工时间: 1891.00
2025-04-08 16:08:53,629 - DEBUG - 局部搜索未能改进当前解
2025-04-08 16:08:53,633 - DEBUG - 执行AGV分配局部搜索，当前完工时间: 1869.00
2025-04-08 16:08:53,636 - DEBUG - 局部搜索未能改进当前解
2025-04-08 16:08:53,640 - DEBUG - 执行AGV分配局部搜索，当前完工时间: 1945.00
2025-04-08 16:08:53,644 - DEBUG - 局部搜索未能改进当前解
2025-04-08 16:08:53,647 - DEBUG - 执行AGV分配局部搜索，当前完工时间: 1928.00
2025-04-08 16:08:53,651 - DEBUG - 局部搜索未能改进当前解
2025-04-08 16:08:53,655 - DEBUG - 执行AGV分配局部搜索，当前完工时间: 1932.00
2025-04-08 16:08:53,659 - DEBUG - 局部搜索未能改进当前解
2025-04-08 16:08:53,663 - DEBUG - 执行AGV分配局部搜索，当前完工时间: 1872.00
2025-04-08 16:08:53,667 - DEBUG - 局部搜索未能改进当前解
2025-04-08 16:08:53,671 - DEBUG - 执行AGV分配局部搜索，当前完工时间: 1818.00
2025-04-08 16:08:53,674 - DEBUG - 局部搜索未能改进当前解
2025-04-08 16:08:53,678 - DEBUG - 执行AGV分配局部搜索，当前完工时间: 1850.00
2025-04-08 16:08:53,681 - DEBUG - 局部搜索未能改进当前解
2025-04-08 16:08:53,685 - DEBUG - 执行AGV分配局部搜索，当前完工时间: 1857.00
2025-04-08 16:08:53,688 - DEBUG - 局部搜索未能改进当前解
2025-04-08 16:08:53,692 - DEBUG - 执行AGV分配局部搜索，当前完工时间: 1896.00
2025-04-08 16:08:53,695 - DEBUG - 局部搜索未能改进当前解
2025-04-08 16:08:53,699 - DEBUG - 执行AGV分配局部搜索，当前完工时间: 1931.00
2025-04-08 16:08:53,702 - DEBUG - 局部搜索未能改进当前解
2025-04-08 16:08:53,706 - DEBUG - 执行AGV分配局部搜索，当前完工时间: 1841.00
2025-04-08 16:08:53,710 - DEBUG - 局部搜索未能改进当前解
2025-04-08 16:08:53,714 - DEBUG - 执行AGV分配局部搜索，当前完工时间: 1814.00
2025-04-08 16:08:53,718 - DEBUG - 局部搜索未能改进当前解
2025-04-08 16:08:53,720 - DEBUG - 执行AGV分配局部搜索，当前完工时间: 1896.00
2025-04-08 16:08:53,725 - DEBUG - AGV分配局部搜索成功！完工时间从 1896.00 降低到 1878.00，改进: 18.00 (0.95%)
2025-04-08 16:08:53,729 - DEBUG - 执行AGV分配局部搜索，当前完工时间: 1948.00
2025-04-08 16:08:53,732 - DEBUG - 局部搜索未能改进当前解
2025-04-08 16:08:53,736 - DEBUG - 执行AGV分配局部搜索，当前完工时间: 1828.00
2025-04-08 16:08:53,740 - DEBUG - AGV分配局部搜索成功！完工时间从 1828.00 降低到 1817.00，改进: 11.00 (0.60%)
2025-04-08 16:08:53,743 - DEBUG - 执行AGV分配局部搜索，当前完工时间: 1921.00
2025-04-08 16:08:53,747 - DEBUG - 局部搜索未能改进当前解
2025-04-08 16:08:53,751 - DEBUG - 执行AGV分配局部搜索，当前完工时间: 1923.00
2025-04-08 16:08:53,755 - DEBUG - AGV分配局部搜索成功！完工时间从 1923.00 降低到 1905.00，改进: 18.00 (0.94%)
2025-04-08 16:08:53,759 - DEBUG - 执行AGV分配局部搜索，当前完工时间: 1846.00
2025-04-08 16:08:53,762 - DEBUG - 局部搜索未能改进当前解
2025-04-08 16:08:53,765 - DEBUG - 执行AGV分配局部搜索，当前完工时间: 1891.00
2025-04-08 16:08:53,769 - DEBUG - 局部搜索未能改进当前解
2025-04-08 16:08:53,773 - DEBUG - 执行AGV分配局部搜索，当前完工时间: 1872.00
2025-04-08 16:08:53,777 - DEBUG - 局部搜索未能改进当前解
2025-04-08 16:08:53,780 - DEBUG - 执行AGV分配局部搜索，当前完工时间: 1850.00
2025-04-08 16:08:53,784 - DEBUG - 局部搜索未能改进当前解
2025-04-08 16:08:53,787 - DEBUG - 执行AGV分配局部搜索，当前完工时间: 1830.00
2025-04-08 16:08:53,791 - DEBUG - 局部搜索未能改进当前解
2025-04-08 16:08:53,795 - DEBUG - 执行AGV分配局部搜索，当前完工时间: 1888.00
2025-04-08 16:08:53,799 - DEBUG - AGV分配局部搜索成功！完工时间从 1888.00 降低到 1853.00，改进: 35.00 (1.85%)
2025-04-08 16:08:53,803 - DEBUG - 执行AGV分配局部搜索，当前完工时间: 1987.00
2025-04-08 16:08:53,807 - DEBUG - 局部搜索未能改进当前解
2025-04-08 16:08:53,811 - DEBUG - 执行AGV分配局部搜索，当前完工时间: 1965.00
2025-04-08 16:08:53,814 - DEBUG - 局部搜索未能改进当前解
2025-04-08 16:08:53,818 - DEBUG - 执行AGV分配局部搜索，当前完工时间: 1910.00
2025-04-08 16:08:53,822 - DEBUG - 局部搜索未能改进当前解
2025-04-08 16:08:53,826 - DEBUG - 执行AGV分配局部搜索，当前完工时间: 1870.00
2025-04-08 16:08:53,828 - DEBUG - 局部搜索未能改进当前解
2025-04-08 16:08:53,832 - DEBUG - 执行AGV分配局部搜索，当前完工时间: 1833.00
2025-04-08 16:08:53,836 - DEBUG - 局部搜索未能改进当前解
2025-04-08 16:08:53,840 - DEBUG - 执行AGV分配局部搜索，当前完工时间: 1881.00
2025-04-08 16:08:53,844 - DEBUG - 局部搜索未能改进当前解
2025-04-08 16:08:53,847 - DEBUG - 执行AGV分配局部搜索，当前完工时间: 1918.00
2025-04-08 16:08:53,851 - DEBUG - 局部搜索未能改进当前解
2025-04-08 16:08:53,855 - DEBUG - 执行AGV分配局部搜索，当前完工时间: 1811.00
2025-04-08 16:08:53,859 - DEBUG - 局部搜索未能改进当前解
2025-04-08 16:08:53,862 - DEBUG - 执行AGV分配局部搜索，当前完工时间: 1928.00
2025-04-08 16:08:53,866 - DEBUG - 局部搜索未能改进当前解
2025-04-08 16:08:53,869 - DEBUG - 执行AGV分配局部搜索，当前完工时间: 1850.00
2025-04-08 16:08:53,873 - DEBUG - 局部搜索未能改进当前解
2025-04-08 16:08:53,876 - DEBUG - 执行AGV分配局部搜索，当前完工时间: 1854.00
2025-04-08 16:08:53,880 - DEBUG - 局部搜索未能改进当前解
2025-04-08 16:08:53,884 - DEBUG - 执行AGV分配局部搜索，当前完工时间: 1907.00
2025-04-08 16:08:53,887 - DEBUG - AGV分配局部搜索成功！完工时间从 1907.00 降低到 1893.00，改进: 14.00 (0.73%)
2025-04-08 16:08:53,890 - DEBUG - 执行AGV分配局部搜索，当前完工时间: 1929.00
2025-04-08 16:08:53,894 - DEBUG - 局部搜索未能改进当前解
2025-04-08 16:08:53,898 - DEBUG - 执行AGV分配局部搜索，当前完工时间: 1817.00
2025-04-08 16:08:53,902 - DEBUG - AGV分配局部搜索成功！完工时间从 1817.00 降低到 1802.00，改进: 15.00 (0.83%)
2025-04-08 16:08:53,905 - DEBUG - 执行AGV分配局部搜索，当前完工时间: 1908.00
2025-04-08 16:08:53,908 - DEBUG - 局部搜索未能改进当前解
2025-04-08 16:08:53,912 - DEBUG - 执行AGV分配局部搜索，当前完工时间: 1864.00
2025-04-08 16:08:53,916 - DEBUG - 局部搜索未能改进当前解
2025-04-08 16:08:53,918 - DEBUG - 执行AGV分配局部搜索，当前完工时间: 1925.00
2025-04-08 16:08:53,922 - DEBUG - 局部搜索未能改进当前解
2025-04-08 16:08:53,926 - DEBUG - 执行AGV分配局部搜索，当前完工时间: 1876.00
2025-04-08 16:08:53,930 - DEBUG - 局部搜索未能改进当前解
2025-04-08 16:08:53,934 - DEBUG - 执行AGV分配局部搜索，当前完工时间: 1906.00
2025-04-08 16:08:53,938 - DEBUG - 局部搜索未能改进当前解
2025-04-08 16:08:53,941 - DEBUG - 执行AGV分配局部搜索，当前完工时间: 1885.00
2025-04-08 16:08:53,945 - DEBUG - 局部搜索未能改进当前解
2025-04-08 16:08:53,949 - DEBUG - 执行AGV分配局部搜索，当前完工时间: 1811.00
2025-04-08 16:08:53,952 - DEBUG - 局部搜索未能改进当前解
2025-04-08 16:08:53,956 - DEBUG - 执行AGV分配局部搜索，当前完工时间: 1851.00
2025-04-08 16:08:53,959 - DEBUG - AGV分配局部搜索成功！完工时间从 1851.00 降低到 1850.00，改进: 1.00 (0.05%)
2025-04-08 16:08:53,962 - DEBUG - 执行AGV分配局部搜索，当前完工时间: 1820.00
2025-04-08 16:08:53,966 - DEBUG - 局部搜索未能改进当前解
2025-04-08 16:08:53,971 - DEBUG - 执行AGV分配局部搜索，当前完工时间: 1985.00
2025-04-08 16:08:53,974 - DEBUG - 局部搜索未能改进当前解
2025-04-08 16:08:53,974 - DEBUG - ==================================================
2025-04-08 16:08:53,974 - DEBUG - Efficiency Statistics of Local Search :
2025-04-08 16:08:53,974 - DEBUG - Number of attempts: 99
2025-04-08 16:08:53,974 - DEBUG - Average Success Rate: 13.13%
2025-04-08 16:08:53,974 - DEBUG - AGV Local Search Success: 13，Average Improvement: 14.69
2025-04-08 16:08:53,979 - DEBUG - 执行AGV分配局部搜索，当前完工时间: 1875.00
2025-04-08 16:08:53,983 - DEBUG - 局部搜索未能改进当前解
2025-04-08 16:08:53,987 - DEBUG - 执行AGV分配局部搜索，当前完工时间: 1859.00
2025-04-08 16:08:53,990 - DEBUG - 局部搜索未能改进当前解
2025-04-08 16:08:53,994 - DEBUG - 执行AGV分配局部搜索，当前完工时间: 1825.00
2025-04-08 16:08:53,998 - DEBUG - 局部搜索未能改进当前解
2025-04-08 16:08:54,002 - DEBUG - 执行AGV分配局部搜索，当前完工时间: 1885.00
2025-04-08 16:08:54,006 - DEBUG - 局部搜索未能改进当前解
2025-04-08 16:08:54,010 - DEBUG - 执行AGV分配局部搜索，当前完工时间: 1879.00
2025-04-08 16:08:54,014 - DEBUG - 局部搜索未能改进当前解
2025-04-08 16:08:54,018 - DEBUG - 执行AGV分配局部搜索，当前完工时间: 1897.00
2025-04-08 16:08:54,020 - DEBUG - 局部搜索未能改进当前解
2025-04-08 16:08:54,025 - DEBUG - 执行AGV分配局部搜索，当前完工时间: 1874.00
2025-04-08 16:08:54,029 - DEBUG - 局部搜索未能改进当前解
2025-04-08 16:08:54,033 - DEBUG - 执行AGV分配局部搜索，当前完工时间: 1906.00
2025-04-08 16:08:54,036 - DEBUG - 局部搜索未能改进当前解
2025-04-08 16:08:54,040 - DEBUG - 执行AGV分配局部搜索，当前完工时间: 1937.00
2025-04-08 16:08:54,044 - DEBUG - 局部搜索未能改进当前解
2025-04-08 16:08:54,048 - DEBUG - 执行AGV分配局部搜索，当前完工时间: 1904.00
2025-04-08 16:08:54,052 - DEBUG - AGV分配局部搜索成功！完工时间从 1904.00 降低到 1864.00，改进: 40.00 (2.10%)
2025-04-08 16:08:54,056 - DEBUG - 执行AGV分配局部搜索，当前完工时间: 1806.00
2025-04-08 16:08:54,060 - DEBUG - 局部搜索未能改进当前解
2025-04-08 16:08:54,063 - DEBUG - 执行AGV分配局部搜索，当前完工时间: 1819.00
2025-04-08 16:08:54,066 - DEBUG - 局部搜索未能改进当前解
2025-04-08 16:08:54,072 - DEBUG - 执行AGV分配局部搜索，当前完工时间: 1884.00
2025-04-08 16:08:54,075 - DEBUG - 局部搜索未能改进当前解
2025-04-08 16:08:54,079 - DEBUG - 执行AGV分配局部搜索，当前完工时间: 1833.00
2025-04-08 16:08:54,083 - DEBUG - 局部搜索未能改进当前解
2025-04-08 16:08:54,087 - DEBUG - 执行AGV分配局部搜索，当前完工时间: 1911.00
2025-04-08 16:08:54,090 - DEBUG - 局部搜索未能改进当前解
2025-04-08 16:08:54,094 - DEBUG - 执行AGV分配局部搜索，当前完工时间: 2038.00
2025-04-08 16:08:54,098 - DEBUG - 局部搜索未能改进当前解
2025-04-08 16:08:54,102 - DEBUG - 执行AGV分配局部搜索，当前完工时间: 1815.00
2025-04-08 16:08:54,105 - DEBUG - 局部搜索未能改进当前解
2025-04-08 16:08:54,109 - DEBUG - 执行AGV分配局部搜索，当前完工时间: 1911.00
2025-04-08 16:08:54,112 - DEBUG - 局部搜索未能改进当前解
2025-04-08 16:08:54,116 - DEBUG - 执行AGV分配局部搜索，当前完工时间: 1956.00
2025-04-08 16:08:54,120 - DEBUG - 局部搜索未能改进当前解
2025-04-08 16:08:54,124 - DEBUG - 执行AGV分配局部搜索，当前完工时间: 1847.00
2025-04-08 16:08:54,128 - DEBUG - 局部搜索未能改进当前解
2025-04-08 16:08:54,131 - DEBUG - 执行AGV分配局部搜索，当前完工时间: 1886.00
2025-04-08 16:08:54,136 - DEBUG - 局部搜索未能改进当前解
2025-04-08 16:08:54,139 - DEBUG - 执行AGV分配局部搜索，当前完工时间: 1796.00
2025-04-08 16:08:54,144 - DEBUG - 局部搜索未能改进当前解
2025-04-08 16:08:54,149 - DEBUG - 执行AGV分配局部搜索，当前完工时间: 1980.00
2025-04-08 16:08:54,153 - DEBUG - 局部搜索未能改进当前解
2025-04-08 16:08:54,157 - DEBUG - 执行AGV分配局部搜索，当前完工时间: 1868.00
2025-04-08 16:08:54,160 - DEBUG - 局部搜索未能改进当前解
2025-04-08 16:08:54,164 - DEBUG - 执行AGV分配局部搜索，当前完工时间: 1818.00
2025-04-08 16:08:54,166 - DEBUG - 局部搜索未能改进当前解
2025-04-08 16:08:54,171 - DEBUG - 执行AGV分配局部搜索，当前完工时间: 1884.00
2025-04-08 16:08:54,174 - DEBUG - 局部搜索未能改进当前解
2025-04-08 16:08:54,179 - DEBUG - 执行AGV分配局部搜索，当前完工时间: 1909.00
2025-04-08 16:08:54,183 - DEBUG - AGV分配局部搜索成功！完工时间从 1909.00 降低到 1907.00，改进: 2.00 (0.10%)
2025-04-08 16:08:54,187 - DEBUG - 执行AGV分配局部搜索，当前完工时间: 1853.00
2025-04-08 16:08:54,190 - DEBUG - 局部搜索未能改进当前解
2025-04-08 16:08:54,193 - DEBUG - 执行AGV分配局部搜索，当前完工时间: 1830.00
2025-04-08 16:08:54,197 - DEBUG - AGV分配局部搜索成功！完工时间从 1830.00 降低到 1822.00，改进: 8.00 (0.44%)
2025-04-08 16:08:54,200 - DEBUG - 执行AGV分配局部搜索，当前完工时间: 1835.00
2025-04-08 16:08:54,204 - DEBUG - 局部搜索未能改进当前解
2025-04-08 16:08:54,208 - DEBUG - 执行AGV分配局部搜索，当前完工时间: 1854.00
2025-04-08 16:08:54,212 - DEBUG - 局部搜索未能改进当前解
2025-04-08 16:08:54,216 - DEBUG - 执行AGV分配局部搜索，当前完工时间: 1915.00
2025-04-08 16:08:54,220 - DEBUG - AGV分配局部搜索成功！完工时间从 1915.00 降低到 1883.00，改进: 32.00 (1.67%)
2025-04-08 16:08:54,224 - DEBUG - 执行AGV分配局部搜索，当前完工时间: 1902.00
2025-04-08 16:08:54,226 - DEBUG - 局部搜索未能改进当前解
2025-04-08 16:08:54,231 - DEBUG - 执行AGV分配局部搜索，当前完工时间: 1857.00
2025-04-08 16:08:54,234 - DEBUG - 局部搜索未能改进当前解
2025-04-08 16:08:54,238 - DEBUG - 执行AGV分配局部搜索，当前完工时间: 2003.00
2025-04-08 16:08:54,242 - DEBUG - 局部搜索未能改进当前解
2025-04-08 16:08:54,246 - DEBUG - 执行AGV分配局部搜索，当前完工时间: 1881.00
2025-04-08 16:08:54,250 - DEBUG - 局部搜索未能改进当前解
2025-04-08 16:08:54,252 - DEBUG - 执行AGV分配局部搜索，当前完工时间: 1833.00
2025-04-08 16:08:54,256 - DEBUG - 局部搜索未能改进当前解
2025-04-08 16:08:54,260 - DEBUG - 执行AGV分配局部搜索，当前完工时间: 1931.00
2025-04-08 16:08:54,264 - DEBUG - 局部搜索未能改进当前解
2025-04-08 16:08:54,268 - DEBUG - 执行AGV分配局部搜索，当前完工时间: 1811.00
2025-04-08 16:08:54,270 - DEBUG - 局部搜索未能改进当前解
2025-04-08 16:08:54,275 - DEBUG - 执行AGV分配局部搜索，当前完工时间: 2011.00
2025-04-08 16:08:54,279 - DEBUG - 局部搜索未能改进当前解
2025-04-08 16:08:54,283 - DEBUG - 执行AGV分配局部搜索，当前完工时间: 1888.00
2025-04-08 16:08:54,286 - DEBUG - 局部搜索未能改进当前解
2025-04-08 16:08:54,290 - DEBUG - 执行AGV分配局部搜索，当前完工时间: 2064.00
2025-04-08 16:08:54,293 - DEBUG - 局部搜索未能改进当前解
2025-04-08 16:08:54,297 - DEBUG - 执行AGV分配局部搜索，当前完工时间: 1896.00
2025-04-08 16:08:54,301 - DEBUG - 局部搜索未能改进当前解
2025-04-08 16:08:54,305 - DEBUG - 执行AGV分配局部搜索，当前完工时间: 1898.00
2025-04-08 16:08:54,309 - DEBUG - 局部搜索未能改进当前解
2025-04-08 16:08:54,312 - DEBUG - 执行AGV分配局部搜索，当前完工时间: 1815.00
2025-04-08 16:08:54,316 - DEBUG - 局部搜索未能改进当前解
2025-04-08 16:08:54,320 - DEBUG - 执行AGV分配局部搜索，当前完工时间: 1849.00
2025-04-08 16:08:54,324 - DEBUG - 局部搜索未能改进当前解
2025-04-08 16:08:54,328 - DEBUG - 执行AGV分配局部搜索，当前完工时间: 1914.00
2025-04-08 16:08:54,331 - DEBUG - 局部搜索未能改进当前解
2025-04-08 16:08:54,335 - DEBUG - 执行AGV分配局部搜索，当前完工时间: 1895.00
2025-04-08 16:08:54,339 - DEBUG - 局部搜索未能改进当前解
2025-04-08 16:08:54,343 - DEBUG - 执行AGV分配局部搜索，当前完工时间: 1864.00
2025-04-08 16:08:54,346 - DEBUG - 局部搜索未能改进当前解
2025-04-08 16:08:54,351 - DEBUG - 执行AGV分配局部搜索，当前完工时间: 1895.00
2025-04-08 16:08:54,354 - DEBUG - AGV分配局部搜索成功！完工时间从 1895.00 降低到 1882.00，改进: 13.00 (0.69%)
2025-04-08 16:08:54,357 - DEBUG - 执行AGV分配局部搜索，当前完工时间: 1842.00
2025-04-08 16:08:54,360 - DEBUG - 局部搜索未能改进当前解
2025-04-08 16:08:54,366 - DEBUG - 执行AGV分配局部搜索，当前完工时间: 2018.00
2025-04-08 16:08:54,369 - DEBUG - AGV分配局部搜索成功！完工时间从 2018.00 降低到 1991.00，改进: 27.00 (1.34%)
2025-04-08 16:08:54,373 - DEBUG - 执行AGV分配局部搜索，当前完工时间: 1899.00
2025-04-08 16:08:54,376 - DEBUG - 局部搜索未能改进当前解
2025-04-08 16:08:54,380 - DEBUG - 执行AGV分配局部搜索，当前完工时间: 1969.00
2025-04-08 16:08:54,384 - DEBUG - AGV分配局部搜索成功！完工时间从 1969.00 降低到 1958.00，改进: 11.00 (0.56%)
2025-04-08 16:08:54,388 - DEBUG - 执行AGV分配局部搜索，当前完工时间: 1886.00
2025-04-08 16:08:54,391 - DEBUG - 局部搜索未能改进当前解
2025-04-08 16:08:54,395 - DEBUG - 执行AGV分配局部搜索，当前完工时间: 1911.00
2025-04-08 16:08:54,399 - DEBUG - AGV分配局部搜索成功！完工时间从 1911.00 降低到 1858.00，改进: 53.00 (2.77%)
2025-04-08 16:08:54,402 - DEBUG - 执行AGV分配局部搜索，当前完工时间: 1824.00
2025-04-08 16:08:54,407 - DEBUG - 局部搜索未能改进当前解
2025-04-08 16:08:54,410 - DEBUG - 执行AGV分配局部搜索，当前完工时间: 1852.00
2025-04-08 16:08:54,414 - DEBUG - 局部搜索未能改进当前解
2025-04-08 16:08:54,418 - DEBUG - 执行AGV分配局部搜索，当前完工时间: 1830.00
2025-04-08 16:08:54,420 - DEBUG - 局部搜索未能改进当前解
2025-04-08 16:08:54,425 - DEBUG - 执行AGV分配局部搜索，当前完工时间: 1906.00
2025-04-08 16:08:54,429 - DEBUG - AGV分配局部搜索成功！完工时间从 1906.00 降低到 1871.00，改进: 35.00 (1.84%)
2025-04-08 16:08:54,432 - DEBUG - 执行AGV分配局部搜索，当前完工时间: 1891.00
2025-04-08 16:08:54,436 - DEBUG - 局部搜索未能改进当前解
2025-04-08 16:08:54,439 - DEBUG - 执行AGV分配局部搜索，当前完工时间: 1896.00
2025-04-08 16:08:54,443 - DEBUG - 局部搜索未能改进当前解
2025-04-08 16:08:54,446 - DEBUG - 执行AGV分配局部搜索，当前完工时间: 2001.00
2025-04-08 16:08:54,451 - DEBUG - 局部搜索未能改进当前解
2025-04-08 16:08:54,454 - DEBUG - 执行AGV分配局部搜索，当前完工时间: 1844.00
2025-04-08 16:08:54,458 - DEBUG - 局部搜索未能改进当前解
2025-04-08 16:08:54,462 - DEBUG - 执行AGV分配局部搜索，当前完工时间: 1827.00
2025-04-08 16:08:54,466 - DEBUG - 局部搜索未能改进当前解
2025-04-08 16:08:54,470 - DEBUG - 执行AGV分配局部搜索，当前完工时间: 1873.00
2025-04-08 16:08:54,473 - DEBUG - AGV分配局部搜索成功！完工时间从 1873.00 降低到 1857.00，改进: 16.00 (0.85%)
2025-04-08 16:08:54,478 - DEBUG - 执行AGV分配局部搜索，当前完工时间: 1985.00
2025-04-08 16:08:54,482 - DEBUG - 局部搜索未能改进当前解
2025-04-08 16:08:54,486 - DEBUG - 执行AGV分配局部搜索，当前完工时间: 1814.00
2025-04-08 16:08:54,490 - DEBUG - 局部搜索未能改进当前解
2025-04-08 16:08:54,493 - DEBUG - 执行AGV分配局部搜索，当前完工时间: 1961.00
2025-04-08 16:08:54,496 - DEBUG - AGV分配局部搜索成功！完工时间从 1961.00 降低到 1955.00，改进: 6.00 (0.31%)
2025-04-08 16:08:54,501 - DEBUG - 执行AGV分配局部搜索，当前完工时间: 1977.00
2025-04-08 16:08:54,504 - DEBUG - 局部搜索未能改进当前解
2025-04-08 16:08:54,508 - DEBUG - 执行AGV分配局部搜索，当前完工时间: 1833.00
2025-04-08 16:08:54,512 - DEBUG - 局部搜索未能改进当前解
2025-04-08 16:08:54,516 - DEBUG - 执行AGV分配局部搜索，当前完工时间: 1957.00
2025-04-08 16:08:54,520 - DEBUG - 局部搜索未能改进当前解
2025-04-08 16:08:54,523 - DEBUG - 执行AGV分配局部搜索，当前完工时间: 1837.00
2025-04-08 16:08:54,526 - DEBUG - AGV分配局部搜索成功！完工时间从 1837.00 降低到 1836.00，改进: 1.00 (0.05%)
2025-04-08 16:08:54,531 - DEBUG - 执行AGV分配局部搜索，当前完工时间: 1982.00
2025-04-08 16:08:54,534 - DEBUG - 局部搜索未能改进当前解
2025-04-08 16:08:54,538 - DEBUG - 执行AGV分配局部搜索，当前完工时间: 1880.00
2025-04-08 16:08:54,542 - DEBUG - 局部搜索未能改进当前解
2025-04-08 16:08:54,545 - DEBUG - 执行AGV分配局部搜索，当前完工时间: 1820.00
2025-04-08 16:08:54,550 - DEBUG - 局部搜索未能改进当前解
2025-04-08 16:08:54,553 - DEBUG - 执行AGV分配局部搜索，当前完工时间: 1835.00
2025-04-08 16:08:54,557 - DEBUG - 局部搜索未能改进当前解
2025-04-08 16:08:54,560 - DEBUG - 执行AGV分配局部搜索，当前完工时间: 2023.00
2025-04-08 16:08:54,564 - DEBUG - AGV分配局部搜索成功！完工时间从 2023.00 降低到 1975.00，改进: 48.00 (2.37%)
2025-04-08 16:08:54,568 - DEBUG - 执行AGV分配局部搜索，当前完工时间: 1956.00
2025-04-08 16:08:54,572 - DEBUG - AGV分配局部搜索成功！完工时间从 1956.00 降低到 1945.00，改进: 11.00 (0.56%)
2025-04-08 16:08:54,575 - DEBUG - 执行AGV分配局部搜索，当前完工时间: 1851.00
2025-04-08 16:08:54,579 - DEBUG - 局部搜索未能改进当前解
2025-04-08 16:08:54,583 - DEBUG - 执行AGV分配局部搜索，当前完工时间: 1874.00
2025-04-08 16:08:54,586 - DEBUG - 局部搜索未能改进当前解
2025-04-08 16:08:54,590 - DEBUG - 执行AGV分配局部搜索，当前完工时间: 1955.00
2025-04-08 16:08:54,594 - DEBUG - 局部搜索未能改进当前解
2025-04-08 16:08:54,597 - DEBUG - 执行AGV分配局部搜索，当前完工时间: 1915.00
2025-04-08 16:08:54,601 - DEBUG - AGV分配局部搜索成功！完工时间从 1915.00 降低到 1885.00，改进: 30.00 (1.57%)
2025-04-08 16:08:54,604 - DEBUG - 执行AGV分配局部搜索，当前完工时间: 1936.00
2025-04-08 16:08:54,609 - DEBUG - 局部搜索未能改进当前解
2025-04-08 16:08:54,612 - DEBUG - 执行AGV分配局部搜索，当前完工时间: 2061.00
2025-04-08 16:08:54,616 - DEBUG - 局部搜索未能改进当前解
2025-04-08 16:08:54,620 - DEBUG - 执行AGV分配局部搜索，当前完工时间: 1846.00
2025-04-08 16:08:54,622 - DEBUG - 局部搜索未能改进当前解
2025-04-08 16:08:54,626 - DEBUG - 执行AGV分配局部搜索，当前完工时间: 1876.00
2025-04-08 16:08:54,631 - DEBUG - AGV分配局部搜索成功！完工时间从 1876.00 降低到 1875.00，改进: 1.00 (0.05%)
2025-04-08 16:08:54,635 - DEBUG - 执行AGV分配局部搜索，当前完工时间: 1928.00
2025-04-08 16:08:54,638 - DEBUG - AGV分配局部搜索成功！完工时间从 1928.00 降低到 1921.00，改进: 7.00 (0.36%)
2025-04-08 16:08:54,641 - DEBUG - 执行AGV分配局部搜索，当前完工时间: 1881.00
2025-04-08 16:08:54,645 - DEBUG - 局部搜索未能改进当前解
2025-04-08 16:08:54,649 - DEBUG - 执行AGV分配局部搜索，当前完工时间: 1985.00
2025-04-08 16:08:54,653 - DEBUG - AGV分配局部搜索成功！完工时间从 1985.00 降低到 1954.00，改进: 31.00 (1.56%)
2025-04-08 16:08:54,656 - DEBUG - 执行AGV分配局部搜索，当前完工时间: 1886.00
2025-04-08 16:08:54,660 - DEBUG - 局部搜索未能改进当前解
2025-04-08 16:08:54,664 - DEBUG - 执行AGV分配局部搜索，当前完工时间: 1918.00
2025-04-08 16:08:54,668 - DEBUG - 局部搜索未能改进当前解
2025-04-08 16:08:54,672 - DEBUG - 执行AGV分配局部搜索，当前完工时间: 1880.00
2025-04-08 16:08:54,675 - DEBUG - 局部搜索未能改进当前解
2025-04-08 16:08:54,679 - DEBUG - 执行AGV分配局部搜索，当前完工时间: 1914.00
2025-04-08 16:08:54,683 - DEBUG - AGV分配局部搜索成功！完工时间从 1914.00 降低到 1899.00，改进: 15.00 (0.78%)
2025-04-08 16:08:54,686 - DEBUG - 执行AGV分配局部搜索，当前完工时间: 1922.00
2025-04-08 16:08:54,690 - DEBUG - AGV分配局部搜索成功！完工时间从 1922.00 降低到 1856.00，改进: 66.00 (3.43%)
2025-04-08 16:08:54,694 - DEBUG - 执行AGV分配局部搜索，当前完工时间: 1948.00
2025-04-08 16:08:54,697 - DEBUG - 局部搜索未能改进当前解
2025-04-08 16:08:54,701 - DEBUG - 执行AGV分配局部搜索，当前完工时间: 1921.00
2025-04-08 16:08:54,704 - DEBUG - 局部搜索未能改进当前解
2025-04-08 16:08:54,709 - DEBUG - 执行AGV分配局部搜索，当前完工时间: 1876.00
2025-04-08 16:08:54,712 - DEBUG - AGV分配局部搜索成功！完工时间从 1876.00 降低到 1863.00，改进: 13.00 (0.69%)
2025-04-08 16:08:54,716 - DEBUG - 执行AGV分配局部搜索，当前完工时间: 1870.00
2025-04-08 16:08:54,720 - DEBUG - 局部搜索未能改进当前解
2025-04-08 16:08:54,720 - DEBUG - ==================================================
2025-04-08 16:08:54,720 - DEBUG - Efficiency Statistics of Local Search :
2025-04-08 16:08:54,720 - DEBUG - Number of attempts: 99
2025-04-08 16:08:54,720 - DEBUG - Average Success Rate: 21.21%
2025-04-08 16:08:54,720 - DEBUG - AGV Local Search Success: 21，Average Improvement: 22.19
2025-04-08 16:08:54,725 - DEBUG - 执行AGV分配局部搜索，当前完工时间: 1925.00
2025-04-08 16:08:54,730 - DEBUG - 局部搜索未能改进当前解
2025-04-08 16:08:54,733 - DEBUG - 执行AGV分配局部搜索，当前完工时间: 1851.00
2025-04-08 16:08:54,737 - DEBUG - 局部搜索未能改进当前解
2025-04-08 16:08:54,741 - DEBUG - 执行AGV分配局部搜索，当前完工时间: 1874.00
2025-04-08 16:08:54,745 - DEBUG - 局部搜索未能改进当前解
2025-04-08 16:08:54,748 - DEBUG - 执行AGV分配局部搜索，当前完工时间: 1836.00
2025-04-08 16:08:54,752 - DEBUG - 局部搜索未能改进当前解
2025-04-08 16:08:54,756 - DEBUG - 执行AGV分配局部搜索，当前完工时间: 1836.00
2025-04-08 16:08:54,759 - DEBUG - 局部搜索未能改进当前解
2025-04-08 16:08:54,764 - DEBUG - 执行AGV分配局部搜索，当前完工时间: 1898.00
2025-04-08 16:08:54,768 - DEBUG - 局部搜索未能改进当前解
2025-04-08 16:08:54,770 - DEBUG - 执行AGV分配局部搜索，当前完工时间: 1851.00
2025-04-08 16:08:54,776 - DEBUG - 局部搜索未能改进当前解
2025-04-08 16:08:54,779 - DEBUG - 执行AGV分配局部搜索，当前完工时间: 1972.00
2025-04-08 16:08:54,783 - DEBUG - 局部搜索未能改进当前解
2025-04-08 16:08:54,787 - DEBUG - 执行AGV分配局部搜索，当前完工时间: 1850.00
2025-04-08 16:08:54,791 - DEBUG - 局部搜索未能改进当前解
2025-04-08 16:08:54,795 - DEBUG - 执行AGV分配局部搜索，当前完工时间: 1886.00
2025-04-08 16:08:54,799 - DEBUG - 局部搜索未能改进当前解
2025-04-08 16:08:54,802 - DEBUG - 执行AGV分配局部搜索，当前完工时间: 1919.00
2025-04-08 16:08:54,806 - DEBUG - 局部搜索未能改进当前解
2025-04-08 16:08:54,809 - DEBUG - 执行AGV分配局部搜索，当前完工时间: 1898.00
2025-04-08 16:08:54,814 - DEBUG - 局部搜索未能改进当前解
2025-04-08 16:08:54,818 - DEBUG - 执行AGV分配局部搜索，当前完工时间: 1864.00
2025-04-08 16:08:54,821 - DEBUG - 局部搜索未能改进当前解
2025-04-08 16:08:54,825 - DEBUG - 执行AGV分配局部搜索，当前完工时间: 1817.00
2025-04-08 16:08:54,829 - DEBUG - 局部搜索未能改进当前解
2025-04-08 16:08:54,831 - DEBUG - 执行AGV分配局部搜索，当前完工时间: 1815.00
2025-04-08 16:08:54,835 - DEBUG - 局部搜索未能改进当前解
2025-04-08 16:08:54,839 - DEBUG - 执行AGV分配局部搜索，当前完工时间: 1917.00
2025-04-08 16:08:54,842 - DEBUG - AGV分配局部搜索成功！完工时间从 1917.00 降低到 1890.00，改进: 27.00 (1.41%)
2025-04-08 16:08:54,847 - DEBUG - 执行AGV分配局部搜索，当前完工时间: 1899.00
2025-04-08 16:08:54,850 - DEBUG - 局部搜索未能改进当前解
2025-04-08 16:08:54,854 - DEBUG - 执行AGV分配局部搜索，当前完工时间: 1899.00
2025-04-08 16:08:54,857 - DEBUG - 局部搜索未能改进当前解
2025-04-08 16:08:54,860 - DEBUG - 执行AGV分配局部搜索，当前完工时间: 1978.00
2025-04-08 16:08:54,864 - DEBUG - 局部搜索未能改进当前解
2025-04-08 16:08:54,867 - DEBUG - 执行AGV分配局部搜索，当前完工时间: 1842.00
2025-04-08 16:08:54,870 - DEBUG - 局部搜索未能改进当前解
2025-04-08 16:08:54,874 - DEBUG - 执行AGV分配局部搜索，当前完工时间: 1853.00
2025-04-08 16:08:54,879 - DEBUG - 局部搜索未能改进当前解
2025-04-08 16:08:54,883 - DEBUG - 执行AGV分配局部搜索，当前完工时间: 1830.00
2025-04-08 16:08:54,886 - DEBUG - 局部搜索未能改进当前解
2025-04-08 16:08:54,890 - DEBUG - 执行AGV分配局部搜索，当前完工时间: 1891.00
2025-04-08 16:08:54,893 - DEBUG - 局部搜索未能改进当前解
2025-04-08 16:08:54,898 - DEBUG - 执行AGV分配局部搜索，当前完工时间: 1928.00
2025-04-08 16:08:54,901 - DEBUG - 局部搜索未能改进当前解
2025-04-08 16:08:54,905 - DEBUG - 执行AGV分配局部搜索，当前完工时间: 1879.00
2025-04-08 16:08:54,908 - DEBUG - 局部搜索未能改进当前解
2025-04-08 16:08:54,912 - DEBUG - 执行AGV分配局部搜索，当前完工时间: 1874.00
2025-04-08 16:08:54,916 - DEBUG - 局部搜索未能改进当前解
2025-04-08 16:08:54,920 - DEBUG - 执行AGV分配局部搜索，当前完工时间: 1855.00
2025-04-08 16:08:54,922 - DEBUG - 局部搜索未能改进当前解
2025-04-08 16:08:54,927 - DEBUG - 执行AGV分配局部搜索，当前完工时间: 1902.00
2025-04-08 16:08:54,931 - DEBUG - 局部搜索未能改进当前解
2025-04-08 16:08:54,934 - DEBUG - 执行AGV分配局部搜索，当前完工时间: 1852.00
2025-04-08 16:08:54,938 - DEBUG - 局部搜索未能改进当前解
2025-04-08 16:08:54,941 - DEBUG - 执行AGV分配局部搜索，当前完工时间: 1852.00
2025-04-08 16:08:54,944 - DEBUG - 局部搜索未能改进当前解
2025-04-08 16:08:54,949 - DEBUG - 执行AGV分配局部搜索，当前完工时间: 1941.00
2025-04-08 16:08:54,952 - DEBUG - 局部搜索未能改进当前解
2025-04-08 16:08:54,956 - DEBUG - 执行AGV分配局部搜索，当前完工时间: 1811.00
2025-04-08 16:08:54,959 - DEBUG - 局部搜索未能改进当前解
2025-04-08 16:08:54,962 - DEBUG - 执行AGV分配局部搜索，当前完工时间: 1840.00
2025-04-08 16:08:54,967 - DEBUG - 局部搜索未能改进当前解
2025-04-08 16:08:54,970 - DEBUG - 执行AGV分配局部搜索，当前完工时间: 1796.00
2025-04-08 16:08:54,974 - DEBUG - 局部搜索未能改进当前解
2025-04-08 16:08:54,977 - DEBUG - 执行AGV分配局部搜索，当前完工时间: 1825.00
2025-04-08 16:08:54,981 - DEBUG - 局部搜索未能改进当前解
2025-04-08 16:08:54,985 - DEBUG - 执行AGV分配局部搜索，当前完工时间: 1917.00
2025-04-08 16:08:54,989 - DEBUG - 局部搜索未能改进当前解
2025-04-08 16:08:54,993 - DEBUG - 执行AGV分配局部搜索，当前完工时间: 1857.00
2025-04-08 16:08:54,997 - DEBUG - 局部搜索未能改进当前解
2025-04-08 16:08:55,000 - DEBUG - 执行AGV分配局部搜索，当前完工时间: 1884.00
2025-04-08 16:08:55,004 - DEBUG - 局部搜索未能改进当前解
2025-04-08 16:08:55,008 - DEBUG - 执行AGV分配局部搜索，当前完工时间: 1813.00
2025-04-08 16:08:55,010 - DEBUG - 局部搜索未能改进当前解
2025-04-08 16:08:55,015 - DEBUG - 执行AGV分配局部搜索，当前完工时间: 2027.00
2025-04-08 16:08:55,018 - DEBUG - 局部搜索未能改进当前解
2025-04-08 16:08:55,022 - DEBUG - 执行AGV分配局部搜索，当前完工时间: 1906.00
2025-04-08 16:08:55,026 - DEBUG - 局部搜索未能改进当前解
2025-04-08 16:08:55,030 - DEBUG - 执行AGV分配局部搜索，当前完工时间: 1968.00
2025-04-08 16:08:55,034 - DEBUG - 局部搜索未能改进当前解
2025-04-08 16:08:55,037 - DEBUG - 执行AGV分配局部搜索，当前完工时间: 1837.00
2025-04-08 16:08:55,041 - DEBUG - 局部搜索未能改进当前解
2025-04-08 16:08:55,044 - DEBUG - 执行AGV分配局部搜索，当前完工时间: 1920.00
2025-04-08 16:08:55,048 - DEBUG - 局部搜索未能改进当前解
2025-04-08 16:08:55,052 - DEBUG - 执行AGV分配局部搜索，当前完工时间: 1976.00
2025-04-08 16:08:55,055 - DEBUG - 局部搜索未能改进当前解
2025-04-08 16:08:55,060 - DEBUG - 执行AGV分配局部搜索，当前完工时间: 1866.00
2025-04-08 16:08:55,062 - DEBUG - 局部搜索未能改进当前解
2025-04-08 16:08:55,066 - DEBUG - 执行AGV分配局部搜索，当前完工时间: 1853.00
2025-04-08 16:08:55,070 - DEBUG - 局部搜索未能改进当前解
2025-04-08 16:08:55,074 - DEBUG - 执行AGV分配局部搜索，当前完工时间: 1796.00
2025-04-08 16:08:55,076 - DEBUG - 局部搜索未能改进当前解
2025-04-08 16:08:55,081 - DEBUG - 执行AGV分配局部搜索，当前完工时间: 1840.00
2025-04-08 16:08:55,084 - DEBUG - 局部搜索未能改进当前解
2025-04-08 16:08:55,089 - DEBUG - 执行AGV分配局部搜索，当前完工时间: 1860.00
2025-04-08 16:08:55,091 - DEBUG - 局部搜索未能改进当前解
2025-04-08 16:08:55,095 - DEBUG - 执行AGV分配局部搜索，当前完工时间: 2000.00
2025-04-08 16:08:55,099 - DEBUG - 局部搜索未能改进当前解
2025-04-08 16:08:55,103 - DEBUG - 执行AGV分配局部搜索，当前完工时间: 1909.00
2025-04-08 16:08:55,106 - DEBUG - 局部搜索未能改进当前解
2025-04-08 16:08:55,110 - DEBUG - 执行AGV分配局部搜索，当前完工时间: 1874.00
2025-04-08 16:08:55,114 - DEBUG - 局部搜索未能改进当前解
2025-04-08 16:08:55,116 - DEBUG - 执行AGV分配局部搜索，当前完工时间: 1957.00
2025-04-08 16:08:55,121 - DEBUG - 局部搜索未能改进当前解
2025-04-08 16:08:55,124 - DEBUG - 执行AGV分配局部搜索，当前完工时间: 1974.00
2025-04-08 16:08:55,128 - DEBUG - 局部搜索未能改进当前解
2025-04-08 16:08:55,131 - DEBUG - 执行AGV分配局部搜索，当前完工时间: 1954.00
2025-04-08 16:08:55,135 - DEBUG - 局部搜索未能改进当前解
2025-04-08 16:08:55,139 - DEBUG - 执行AGV分配局部搜索，当前完工时间: 1935.00
2025-04-08 16:08:55,142 - DEBUG - AGV分配局部搜索成功！完工时间从 1935.00 降低到 1879.00，改进: 56.00 (2.89%)
2025-04-08 16:08:55,147 - DEBUG - 执行AGV分配局部搜索，当前完工时间: 1950.00
2025-04-08 16:08:55,150 - DEBUG - 局部搜索未能改进当前解
2025-04-08 16:08:55,156 - DEBUG - 执行AGV分配局部搜索，当前完工时间: 1889.00
2025-04-08 16:08:55,159 - DEBUG - 局部搜索未能改进当前解
2025-04-08 16:08:55,164 - DEBUG - 执行AGV分配局部搜索，当前完工时间: 1809.00
2025-04-08 16:08:55,168 - DEBUG - 局部搜索未能改进当前解
2025-04-08 16:08:55,170 - DEBUG - 执行AGV分配局部搜索，当前完工时间: 1908.00
2025-04-08 16:08:55,176 - DEBUG - 局部搜索未能改进当前解
2025-04-08 16:08:55,179 - DEBUG - 执行AGV分配局部搜索，当前完工时间: 1912.00
2025-04-08 16:08:55,183 - DEBUG - 局部搜索未能改进当前解
2025-04-08 16:08:55,187 - DEBUG - 执行AGV分配局部搜索，当前完工时间: 1884.00
2025-04-08 16:08:55,190 - DEBUG - 局部搜索未能改进当前解
2025-04-08 16:08:55,195 - DEBUG - 执行AGV分配局部搜索，当前完工时间: 1875.00
2025-04-08 16:08:55,197 - DEBUG - 局部搜索未能改进当前解
2025-04-08 16:08:55,202 - DEBUG - 执行AGV分配局部搜索，当前完工时间: 1968.00
2025-04-08 16:08:55,206 - DEBUG - 局部搜索未能改进当前解
2025-04-08 16:08:55,210 - DEBUG - 执行AGV分配局部搜索，当前完工时间: 1841.00
2025-04-08 16:08:55,212 - DEBUG - 局部搜索未能改进当前解
2025-04-08 16:08:55,217 - DEBUG - 执行AGV分配局部搜索，当前完工时间: 1868.00
2025-04-08 16:08:55,221 - DEBUG - 局部搜索未能改进当前解
2025-04-08 16:08:55,224 - DEBUG - 执行AGV分配局部搜索，当前完工时间: 1967.00
2025-04-08 16:08:55,226 - DEBUG - 局部搜索未能改进当前解
2025-04-08 16:08:55,231 - DEBUG - 执行AGV分配局部搜索，当前完工时间: 1935.00
2025-04-08 16:08:55,235 - DEBUG - AGV分配局部搜索成功！完工时间从 1935.00 降低到 1928.00，改进: 7.00 (0.36%)
2025-04-08 16:08:55,240 - DEBUG - 执行AGV分配局部搜索，当前完工时间: 2089.00
2025-04-08 16:08:55,243 - DEBUG - 局部搜索未能改进当前解
2025-04-08 16:08:55,247 - DEBUG - 执行AGV分配局部搜索，当前完工时间: 1827.00
2025-04-08 16:08:55,252 - DEBUG - 局部搜索未能改进当前解
2025-04-08 16:08:55,255 - DEBUG - 执行AGV分配局部搜索，当前完工时间: 1907.00
2025-04-08 16:08:55,260 - DEBUG - AGV分配局部搜索成功！完工时间从 1907.00 降低到 1873.00，改进: 34.00 (1.78%)
2025-04-08 16:08:55,264 - DEBUG - 执行AGV分配局部搜索，当前完工时间: 1932.00
2025-04-08 16:08:55,268 - DEBUG - 局部搜索未能改进当前解
2025-04-08 16:08:55,272 - DEBUG - 执行AGV分配局部搜索，当前完工时间: 1981.00
2025-04-08 16:08:55,275 - DEBUG - 局部搜索未能改进当前解
2025-04-08 16:08:55,279 - DEBUG - 执行AGV分配局部搜索，当前完工时间: 1876.00
2025-04-08 16:08:55,283 - DEBUG - 局部搜索未能改进当前解
2025-04-08 16:08:55,286 - DEBUG - 执行AGV分配局部搜索，当前完工时间: 1896.00
2025-04-08 16:08:55,290 - DEBUG - 局部搜索未能改进当前解
2025-04-08 16:08:55,294 - DEBUG - 执行AGV分配局部搜索，当前完工时间: 1823.00
2025-04-08 16:08:55,297 - DEBUG - 局部搜索未能改进当前解
2025-04-08 16:08:55,300 - DEBUG - 执行AGV分配局部搜索，当前完工时间: 1952.00
2025-04-08 16:08:55,305 - DEBUG - 局部搜索未能改进当前解
2025-04-08 16:08:55,309 - DEBUG - 执行AGV分配局部搜索，当前完工时间: 1867.00
2025-04-08 16:08:55,312 - DEBUG - 局部搜索未能改进当前解
2025-04-08 16:08:55,315 - DEBUG - 执行AGV分配局部搜索，当前完工时间: 1879.00
2025-04-08 16:08:55,320 - DEBUG - AGV分配局部搜索成功！完工时间从 1879.00 降低到 1870.00，改进: 9.00 (0.48%)
2025-04-08 16:08:55,323 - DEBUG - 执行AGV分配局部搜索，当前完工时间: 1825.00
2025-04-08 16:08:55,327 - DEBUG - 局部搜索未能改进当前解
2025-04-08 16:08:55,331 - DEBUG - 执行AGV分配局部搜索，当前完工时间: 1899.00
2025-04-08 16:08:55,334 - DEBUG - 局部搜索未能改进当前解
2025-04-08 16:08:55,337 - DEBUG - 执行AGV分配局部搜索，当前完工时间: 1815.00
2025-04-08 16:08:55,341 - DEBUG - AGV分配局部搜索成功！完工时间从 1815.00 降低到 1810.00，改进: 5.00 (0.28%)
2025-04-08 16:08:55,345 - DEBUG - 执行AGV分配局部搜索，当前完工时间: 1853.00
2025-04-08 16:08:55,349 - DEBUG - AGV分配局部搜索成功！完工时间从 1853.00 降低到 1837.00，改进: 16.00 (0.86%)
2025-04-08 16:08:55,353 - DEBUG - 执行AGV分配局部搜索，当前完工时间: 1858.00
2025-04-08 16:08:55,357 - DEBUG - 局部搜索未能改进当前解
2025-04-08 16:08:55,360 - DEBUG - 执行AGV分配局部搜索，当前完工时间: 1852.00
2025-04-08 16:08:55,364 - DEBUG - AGV分配局部搜索成功！完工时间从 1852.00 降低到 1819.00，改进: 33.00 (1.78%)
2025-04-08 16:08:55,369 - DEBUG - 执行AGV分配局部搜索，当前完工时间: 1949.00
2025-04-08 16:08:55,373 - DEBUG - 局部搜索未能改进当前解
2025-04-08 16:08:55,377 - DEBUG - 执行AGV分配局部搜索，当前完工时间: 1926.00
2025-04-08 16:08:55,380 - DEBUG - 局部搜索未能改进当前解
2025-04-08 16:08:55,383 - DEBUG - 执行AGV分配局部搜索，当前完工时间: 1845.00
2025-04-08 16:08:55,387 - DEBUG - 局部搜索未能改进当前解
2025-04-08 16:08:55,391 - DEBUG - 执行AGV分配局部搜索，当前完工时间: 1871.00
2025-04-08 16:08:55,395 - DEBUG - AGV分配局部搜索成功！完工时间从 1871.00 降低到 1835.00，改进: 36.00 (1.92%)
2025-04-08 16:08:55,399 - DEBUG - 执行AGV分配局部搜索，当前完工时间: 1901.00
2025-04-08 16:08:55,403 - DEBUG - 局部搜索未能改进当前解
2025-04-08 16:08:55,406 - DEBUG - 执行AGV分配局部搜索，当前完工时间: 1905.00
2025-04-08 16:08:55,410 - DEBUG - 局部搜索未能改进当前解
2025-04-08 16:08:55,414 - DEBUG - 执行AGV分配局部搜索，当前完工时间: 1907.00
2025-04-08 16:08:55,417 - DEBUG - 局部搜索未能改进当前解
2025-04-08 16:08:55,421 - DEBUG - 执行AGV分配局部搜索，当前完工时间: 1859.00
2025-04-08 16:08:55,423 - DEBUG - 局部搜索未能改进当前解
2025-04-08 16:08:55,427 - DEBUG - 执行AGV分配局部搜索，当前完工时间: 1927.00
2025-04-08 16:08:55,431 - DEBUG - AGV分配局部搜索成功！完工时间从 1927.00 降低到 1870.00，改进: 57.00 (2.96%)
2025-04-08 16:08:55,435 - DEBUG - 执行AGV分配局部搜索，当前完工时间: 1897.00
2025-04-08 16:08:55,439 - DEBUG - 局部搜索未能改进当前解
2025-04-08 16:08:55,442 - DEBUG - 执行AGV分配局部搜索，当前完工时间: 1883.00
2025-04-08 16:08:55,447 - DEBUG - 局部搜索未能改进当前解
2025-04-08 16:08:55,450 - DEBUG - 执行AGV分配局部搜索，当前完工时间: 1842.00
2025-04-08 16:08:55,454 - DEBUG - 局部搜索未能改进当前解
2025-04-08 16:08:55,457 - DEBUG - 执行AGV分配局部搜索，当前完工时间: 1829.00
2025-04-08 16:08:55,460 - DEBUG - 局部搜索未能改进当前解
2025-04-08 16:08:55,460 - DEBUG - ==================================================
2025-04-08 16:08:55,460 - DEBUG - Efficiency Statistics of Local Search :
2025-04-08 16:08:55,460 - DEBUG - Number of attempts: 99
2025-04-08 16:08:55,460 - DEBUG - Average Success Rate: 10.10%
2025-04-08 16:08:55,460 - DEBUG - AGV Local Search Success: 10，Average Improvement: 28.00
2025-04-08 16:08:55,465 - DEBUG - 执行AGV分配局部搜索，当前完工时间: 1866.00
2025-04-08 16:08:55,470 - DEBUG - 局部搜索未能改进当前解
2025-04-08 16:08:55,474 - DEBUG - 执行AGV分配局部搜索，当前完工时间: 1898.00
2025-04-08 16:08:55,477 - DEBUG - AGV分配局部搜索成功！完工时间从 1898.00 降低到 1873.00，改进: 25.00 (1.32%)
2025-04-08 16:08:55,481 - DEBUG - 执行AGV分配局部搜索，当前完工时间: 1880.00
2025-04-08 16:08:55,486 - DEBUG - 局部搜索未能改进当前解
2025-04-08 16:08:55,490 - DEBUG - 执行AGV分配局部搜索，当前完工时间: 1844.00
2025-04-08 16:08:55,493 - DEBUG - 局部搜索未能改进当前解
2025-04-08 16:08:55,497 - DEBUG - 执行AGV分配局部搜索，当前完工时间: 1981.00
2025-04-08 16:08:55,501 - DEBUG - AGV分配局部搜索成功！完工时间从 1981.00 降低到 1976.00，改进: 5.00 (0.25%)
2025-04-08 16:08:55,505 - DEBUG - 执行AGV分配局部搜索，当前完工时间: 1913.00
2025-04-08 16:08:55,508 - DEBUG - 局部搜索未能改进当前解
2025-04-08 16:08:55,512 - DEBUG - 执行AGV分配局部搜索，当前完工时间: 1898.00
2025-04-08 16:08:55,516 - DEBUG - AGV分配局部搜索成功！完工时间从 1898.00 降低到 1876.00，改进: 22.00 (1.16%)
2025-04-08 16:08:55,520 - DEBUG - 执行AGV分配局部搜索，当前完工时间: 1846.00
2025-04-08 16:08:55,524 - DEBUG - 局部搜索未能改进当前解
2025-04-08 16:08:55,528 - DEBUG - 执行AGV分配局部搜索，当前完工时间: 1917.00
2025-04-08 16:08:55,531 - DEBUG - 局部搜索未能改进当前解
2025-04-08 16:08:55,535 - DEBUG - 执行AGV分配局部搜索，当前完工时间: 1815.00
2025-04-08 16:08:55,538 - DEBUG - 局部搜索未能改进当前解
2025-04-08 16:08:55,542 - DEBUG - 执行AGV分配局部搜索，当前完工时间: 1850.00
2025-04-08 16:08:55,545 - DEBUG - 局部搜索未能改进当前解
2025-04-08 16:08:55,550 - DEBUG - 执行AGV分配局部搜索，当前完工时间: 1914.00
2025-04-08 16:08:55,554 - DEBUG - 局部搜索未能改进当前解
2025-04-08 16:08:55,557 - DEBUG - 执行AGV分配局部搜索，当前完工时间: 1937.00
2025-04-08 16:08:55,561 - DEBUG - 局部搜索未能改进当前解
2025-04-08 16:08:55,564 - DEBUG - 执行AGV分配局部搜索，当前完工时间: 2060.00
2025-04-08 16:08:55,569 - DEBUG - AGV分配局部搜索成功！完工时间从 2060.00 降低到 2042.00，改进: 18.00 (0.87%)
2025-04-08 16:08:55,573 - DEBUG - 执行AGV分配局部搜索，当前完工时间: 1889.00
2025-04-08 16:08:55,577 - DEBUG - 局部搜索未能改进当前解
2025-04-08 16:08:55,580 - DEBUG - 执行AGV分配局部搜索，当前完工时间: 1825.00
2025-04-08 16:08:55,584 - DEBUG - 局部搜索未能改进当前解
2025-04-08 16:08:55,587 - DEBUG - 执行AGV分配局部搜索，当前完工时间: 1898.00
2025-04-08 16:08:55,591 - DEBUG - 局部搜索未能改进当前解
2025-04-08 16:08:55,595 - DEBUG - 执行AGV分配局部搜索，当前完工时间: 1872.00
2025-04-08 16:08:55,599 - DEBUG - 局部搜索未能改进当前解
2025-04-08 16:08:55,603 - DEBUG - 执行AGV分配局部搜索，当前完工时间: 1844.00
2025-04-08 16:08:55,606 - DEBUG - 局部搜索未能改进当前解
2025-04-08 16:08:55,609 - DEBUG - 执行AGV分配局部搜索，当前完工时间: 1917.00
2025-04-08 16:08:55,613 - DEBUG - 局部搜索未能改进当前解
2025-04-08 16:08:55,618 - DEBUG - 执行AGV分配局部搜索，当前完工时间: 1831.00
2025-04-08 16:08:55,620 - DEBUG - 局部搜索未能改进当前解
2025-04-08 16:08:55,625 - DEBUG - 执行AGV分配局部搜索，当前完工时间: 1897.00
2025-04-08 16:08:55,629 - DEBUG - 局部搜索未能改进当前解
2025-04-08 16:08:55,632 - DEBUG - 执行AGV分配局部搜索，当前完工时间: 1925.00
2025-04-08 16:08:55,636 - DEBUG - AGV分配局部搜索成功！完工时间从 1925.00 降低到 1924.00，改进: 1.00 (0.05%)
2025-04-08 16:08:55,640 - DEBUG - 执行AGV分配局部搜索，当前完工时间: 1854.00
2025-04-08 16:08:55,643 - DEBUG - 局部搜索未能改进当前解
2025-04-08 16:08:55,647 - DEBUG - 执行AGV分配局部搜索，当前完工时间: 1813.00
2025-04-08 16:08:55,650 - DEBUG - 局部搜索未能改进当前解
2025-04-08 16:08:55,654 - DEBUG - 执行AGV分配局部搜索，当前完工时间: 2023.00
2025-04-08 16:08:55,657 - DEBUG - 局部搜索未能改进当前解
2025-04-08 16:08:55,660 - DEBUG - 执行AGV分配局部搜索，当前完工时间: 1873.00
2025-04-08 16:08:55,664 - DEBUG - 局部搜索未能改进当前解
2025-04-08 16:08:55,668 - DEBUG - 执行AGV分配局部搜索，当前完工时间: 1845.00
2025-04-08 16:08:55,672 - DEBUG - 局部搜索未能改进当前解
2025-04-08 16:08:55,676 - DEBUG - 执行AGV分配局部搜索，当前完工时间: 1885.00
2025-04-08 16:08:55,680 - DEBUG - 局部搜索未能改进当前解
2025-04-08 16:08:55,683 - DEBUG - 执行AGV分配局部搜索，当前完工时间: 1807.00
2025-04-08 16:08:55,686 - DEBUG - 局部搜索未能改进当前解
2025-04-08 16:08:55,690 - DEBUG - 执行AGV分配局部搜索，当前完工时间: 1890.00
2025-04-08 16:08:55,694 - DEBUG - 局部搜索未能改进当前解
2025-04-08 16:08:55,697 - DEBUG - 执行AGV分配局部搜索，当前完工时间: 1837.00
2025-04-08 16:08:55,701 - DEBUG - 局部搜索未能改进当前解
2025-04-08 16:08:55,705 - DEBUG - 执行AGV分配局部搜索，当前完工时间: 1977.00
2025-04-08 16:08:55,708 - DEBUG - 局部搜索未能改进当前解
2025-04-08 16:08:55,712 - DEBUG - 执行AGV分配局部搜索，当前完工时间: 1936.00
2025-04-08 16:08:55,717 - DEBUG - 局部搜索未能改进当前解
2025-04-08 16:08:55,720 - DEBUG - 执行AGV分配局部搜索，当前完工时间: 1850.00
2025-04-08 16:08:55,723 - DEBUG - 局部搜索未能改进当前解
2025-04-08 16:08:55,728 - DEBUG - 执行AGV分配局部搜索，当前完工时间: 1882.00
2025-04-08 16:08:55,731 - DEBUG - 局部搜索未能改进当前解
2025-04-08 16:08:55,735 - DEBUG - 执行AGV分配局部搜索，当前完工时间: 1946.00
2025-04-08 16:08:55,739 - DEBUG - 局部搜索未能改进当前解
2025-04-08 16:08:55,743 - DEBUG - 执行AGV分配局部搜索，当前完工时间: 1869.00
2025-04-08 16:08:55,746 - DEBUG - AGV分配局部搜索成功！完工时间从 1869.00 降低到 1826.00，改进: 43.00 (2.30%)
2025-04-08 16:08:55,750 - DEBUG - 执行AGV分配局部搜索，当前完工时间: 1895.00
2025-04-08 16:08:55,754 - DEBUG - 局部搜索未能改进当前解
2025-04-08 16:08:55,757 - DEBUG - 执行AGV分配局部搜索，当前完工时间: 1817.00
2025-04-08 16:08:55,760 - DEBUG - 局部搜索未能改进当前解
2025-04-08 16:08:55,764 - DEBUG - 执行AGV分配局部搜索，当前完工时间: 1844.00
2025-04-08 16:08:55,768 - DEBUG - 局部搜索未能改进当前解
2025-04-08 16:08:55,772 - DEBUG - 执行AGV分配局部搜索，当前完工时间: 1944.00
2025-04-08 16:08:55,775 - DEBUG - 局部搜索未能改进当前解
2025-04-08 16:08:55,779 - DEBUG - 执行AGV分配局部搜索，当前完工时间: 1844.00
2025-04-08 16:08:55,782 - DEBUG - 局部搜索未能改进当前解
2025-04-08 16:08:55,786 - DEBUG - 执行AGV分配局部搜索，当前完工时间: 1879.00
2025-04-08 16:08:55,791 - DEBUG - 局部搜索未能改进当前解
2025-04-08 16:08:55,794 - DEBUG - 执行AGV分配局部搜索，当前完工时间: 1853.00
2025-04-08 16:08:55,797 - DEBUG - 局部搜索未能改进当前解
2025-04-08 16:08:55,802 - DEBUG - 执行AGV分配局部搜索，当前完工时间: 1913.00
2025-04-08 16:08:55,805 - DEBUG - AGV分配局部搜索成功！完工时间从 1913.00 降低到 1881.00，改进: 32.00 (1.67%)
2025-04-08 16:08:55,809 - DEBUG - 执行AGV分配局部搜索，当前完工时间: 1861.00
2025-04-08 16:08:55,812 - DEBUG - 局部搜索未能改进当前解
2025-04-08 16:08:55,816 - DEBUG - 执行AGV分配局部搜索，当前完工时间: 1880.00
2025-04-08 16:08:55,819 - DEBUG - 局部搜索未能改进当前解
2025-04-08 16:08:55,823 - DEBUG - 执行AGV分配局部搜索，当前完工时间: 1874.00
2025-04-08 16:08:55,827 - DEBUG - 局部搜索未能改进当前解
2025-04-08 16:08:55,830 - DEBUG - 执行AGV分配局部搜索，当前完工时间: 1897.00
2025-04-08 16:08:55,835 - DEBUG - 局部搜索未能改进当前解
2025-04-08 16:08:55,838 - DEBUG - 执行AGV分配局部搜索，当前完工时间: 1892.00
2025-04-08 16:08:55,842 - DEBUG - 局部搜索未能改进当前解
2025-04-08 16:08:55,847 - DEBUG - 执行AGV分配局部搜索，当前完工时间: 1943.00
2025-04-08 16:08:55,849 - DEBUG - 局部搜索未能改进当前解
2025-04-08 16:08:55,854 - DEBUG - 执行AGV分配局部搜索，当前完工时间: 1949.00
2025-04-08 16:08:55,857 - DEBUG - AGV分配局部搜索成功！完工时间从 1949.00 降低到 1924.00，改进: 25.00 (1.28%)
2025-04-08 16:08:55,860 - DEBUG - 执行AGV分配局部搜索，当前完工时间: 1906.00
2025-04-08 16:08:55,866 - DEBUG - AGV分配局部搜索成功！完工时间从 1906.00 降低到 1862.00，改进: 44.00 (2.31%)
2025-04-08 16:08:55,869 - DEBUG - 执行AGV分配局部搜索，当前完工时间: 1817.00
2025-04-08 16:08:55,873 - DEBUG - 局部搜索未能改进当前解
2025-04-08 16:08:55,877 - DEBUG - 执行AGV分配局部搜索，当前完工时间: 1824.00
2025-04-08 16:08:55,881 - DEBUG - 局部搜索未能改进当前解
2025-04-08 16:08:55,884 - DEBUG - 执行AGV分配局部搜索，当前完工时间: 1880.00
2025-04-08 16:08:55,889 - DEBUG - 局部搜索未能改进当前解
2025-04-08 16:08:55,893 - DEBUG - 执行AGV分配局部搜索，当前完工时间: 1837.00
2025-04-08 16:08:55,896 - DEBUG - 局部搜索未能改进当前解
2025-04-08 16:08:55,900 - DEBUG - 执行AGV分配局部搜索，当前完工时间: 1842.00
2025-04-08 16:08:55,904 - DEBUG - 局部搜索未能改进当前解
2025-04-08 16:08:55,907 - DEBUG - 执行AGV分配局部搜索，当前完工时间: 1984.00
2025-04-08 16:08:55,910 - DEBUG - 局部搜索未能改进当前解
2025-04-08 16:08:55,915 - DEBUG - 执行AGV分配局部搜索，当前完工时间: 1956.00
2025-04-08 16:08:55,918 - DEBUG - 局部搜索未能改进当前解
2025-04-08 16:08:55,922 - DEBUG - 执行AGV分配局部搜索，当前完工时间: 1852.00
2025-04-08 16:08:55,925 - DEBUG - 局部搜索未能改进当前解
2025-04-08 16:08:55,930 - DEBUG - 执行AGV分配局部搜索，当前完工时间: 1898.00
2025-04-08 16:08:55,933 - DEBUG - AGV分配局部搜索成功！完工时间从 1898.00 降低到 1894.00，改进: 4.00 (0.21%)
2025-04-08 16:08:55,936 - DEBUG - 执行AGV分配局部搜索，当前完工时间: 1853.00
2025-04-08 16:08:55,941 - DEBUG - 局部搜索未能改进当前解
2025-04-08 16:08:55,944 - DEBUG - 执行AGV分配局部搜索，当前完工时间: 1920.00
2025-04-08 16:08:55,948 - DEBUG - 局部搜索未能改进当前解
2025-04-08 16:08:55,952 - DEBUG - 执行AGV分配局部搜索，当前完工时间: 1847.00
2025-04-08 16:08:55,956 - DEBUG - 局部搜索未能改进当前解
2025-04-08 16:08:55,959 - DEBUG - 执行AGV分配局部搜索，当前完工时间: 1825.00
2025-04-08 16:08:55,962 - DEBUG - 局部搜索未能改进当前解
2025-04-08 16:08:55,967 - DEBUG - 执行AGV分配局部搜索，当前完工时间: 1846.00
2025-04-08 16:08:55,971 - DEBUG - 局部搜索未能改进当前解
2025-04-08 16:08:55,974 - DEBUG - 执行AGV分配局部搜索，当前完工时间: 1851.00
2025-04-08 16:08:55,978 - DEBUG - 局部搜索未能改进当前解
2025-04-08 16:08:55,981 - DEBUG - 执行AGV分配局部搜索，当前完工时间: 1788.00
2025-04-08 16:08:55,985 - DEBUG - 局部搜索未能改进当前解
2025-04-08 16:08:55,989 - DEBUG - 执行AGV分配局部搜索，当前完工时间: 1798.00
2025-04-08 16:08:55,993 - DEBUG - 局部搜索未能改进当前解
2025-04-08 16:08:55,996 - DEBUG - 执行AGV分配局部搜索，当前完工时间: 1917.00
2025-04-08 16:08:56,000 - DEBUG - 局部搜索未能改进当前解
2025-04-08 16:08:56,004 - DEBUG - 执行AGV分配局部搜索，当前完工时间: 1863.00
2025-04-08 16:08:56,007 - DEBUG - 局部搜索未能改进当前解
2025-04-08 16:08:56,012 - DEBUG - 执行AGV分配局部搜索，当前完工时间: 1966.00
2025-04-08 16:08:56,015 - DEBUG - 局部搜索未能改进当前解
2025-04-08 16:08:56,019 - DEBUG - 执行AGV分配局部搜索，当前完工时间: 2013.00
2025-04-08 16:08:56,023 - DEBUG - 局部搜索未能改进当前解
2025-04-08 16:08:56,026 - DEBUG - 执行AGV分配局部搜索，当前完工时间: 1926.00
2025-04-08 16:08:56,030 - DEBUG - 局部搜索未能改进当前解
2025-04-08 16:08:56,034 - DEBUG - 执行AGV分配局部搜索，当前完工时间: 1845.00
2025-04-08 16:08:56,037 - DEBUG - 局部搜索未能改进当前解
2025-04-08 16:08:56,041 - DEBUG - 执行AGV分配局部搜索，当前完工时间: 1931.00
2025-04-08 16:08:56,044 - DEBUG - AGV分配局部搜索成功！完工时间从 1931.00 降低到 1928.00，改进: 3.00 (0.16%)
2025-04-08 16:08:56,048 - DEBUG - 执行AGV分配局部搜索，当前完工时间: 1883.00
2025-04-08 16:08:56,052 - DEBUG - AGV分配局部搜索成功！完工时间从 1883.00 降低到 1856.00，改进: 27.00 (1.43%)
2025-04-08 16:08:56,055 - DEBUG - 执行AGV分配局部搜索，当前完工时间: 1837.00
2025-04-08 16:08:56,059 - DEBUG - 局部搜索未能改进当前解
2025-04-08 16:08:56,062 - DEBUG - 执行AGV分配局部搜索，当前完工时间: 1915.00
2025-04-08 16:08:56,067 - DEBUG - 局部搜索未能改进当前解
2025-04-08 16:08:56,070 - DEBUG - 执行AGV分配局部搜索，当前完工时间: 1886.00
2025-04-08 16:08:56,073 - DEBUG - 局部搜索未能改进当前解
2025-04-08 16:08:56,077 - DEBUG - 执行AGV分配局部搜索，当前完工时间: 1953.00
2025-04-08 16:08:56,081 - DEBUG - 局部搜索未能改进当前解
2025-04-08 16:08:56,085 - DEBUG - 执行AGV分配局部搜索，当前完工时间: 1893.00
2025-04-08 16:08:56,089 - DEBUG - AGV分配局部搜索成功！完工时间从 1893.00 降低到 1861.00，改进: 32.00 (1.69%)
2025-04-08 16:08:56,092 - DEBUG - 执行AGV分配局部搜索，当前完工时间: 1844.00
2025-04-08 16:08:56,096 - DEBUG - 局部搜索未能改进当前解
2025-04-08 16:08:56,101 - DEBUG - 执行AGV分配局部搜索，当前完工时间: 1908.00
2025-04-08 16:08:56,104 - DEBUG - AGV分配局部搜索成功！完工时间从 1908.00 降低到 1840.00，改进: 68.00 (3.56%)
2025-04-08 16:08:56,108 - DEBUG - 执行AGV分配局部搜索，当前完工时间: 1862.00
2025-04-08 16:08:56,111 - DEBUG - 局部搜索未能改进当前解
2025-04-08 16:08:56,115 - DEBUG - 执行AGV分配局部搜索，当前完工时间: 1922.00
2025-04-08 16:08:56,119 - DEBUG - 局部搜索未能改进当前解
2025-04-08 16:08:56,122 - DEBUG - 执行AGV分配局部搜索，当前完工时间: 1798.00
2025-04-08 16:08:56,127 - DEBUG - 局部搜索未能改进当前解
2025-04-08 16:08:56,130 - DEBUG - 执行AGV分配局部搜索，当前完工时间: 1897.00
2025-04-08 16:08:56,133 - DEBUG - 局部搜索未能改进当前解
2025-04-08 16:08:56,136 - DEBUG - 执行AGV分配局部搜索，当前完工时间: 1818.00
2025-04-08 16:08:56,141 - DEBUG - 局部搜索未能改进当前解
2025-04-08 16:08:56,144 - DEBUG - 执行AGV分配局部搜索，当前完工时间: 1827.00
2025-04-08 16:08:56,148 - DEBUG - 局部搜索未能改进当前解
2025-04-08 16:08:56,152 - DEBUG - 执行AGV分配局部搜索，当前完工时间: 1830.00
2025-04-08 16:08:56,156 - DEBUG - 局部搜索未能改进当前解
2025-04-08 16:08:56,160 - DEBUG - 执行AGV分配局部搜索，当前完工时间: 1868.00
2025-04-08 16:08:56,164 - DEBUG - AGV分配局部搜索成功！完工时间从 1868.00 降低到 1866.00，改进: 2.00 (0.11%)
2025-04-08 16:08:56,168 - DEBUG - 执行AGV分配局部搜索，当前完工时间: 1873.00
2025-04-08 16:08:56,170 - DEBUG - 局部搜索未能改进当前解
2025-04-08 16:08:56,176 - DEBUG - 执行AGV分配局部搜索，当前完工时间: 1862.00
2025-04-08 16:08:56,179 - DEBUG - 局部搜索未能改进当前解
2025-04-08 16:08:56,182 - DEBUG - 执行AGV分配局部搜索，当前完工时间: 1835.00
2025-04-08 16:08:56,185 - DEBUG - AGV分配局部搜索成功！完工时间从 1835.00 降低到 1825.00，改进: 10.00 (0.54%)
2025-04-08 16:08:56,190 - DEBUG - 执行AGV分配局部搜索，当前完工时间: 1864.00
2025-04-08 16:08:56,193 - DEBUG - 局部搜索未能改进当前解
2025-04-08 16:08:56,197 - DEBUG - 执行AGV分配局部搜索，当前完工时间: 1835.00
2025-04-08 16:08:56,200 - DEBUG - 局部搜索未能改进当前解
2025-04-08 16:08:56,201 - DEBUG - ==================================================
2025-04-08 16:08:56,201 - DEBUG - Efficiency Statistics of Local Search :
2025-04-08 16:08:56,201 - DEBUG - Number of attempts: 99
2025-04-08 16:08:56,201 - DEBUG - Average Success Rate: 16.16%
2025-04-08 16:08:56,201 - DEBUG - AGV Local Search Success: 16，Average Improvement: 22.56
2025-04-08 16:08:56,205 - DEBUG - 执行AGV分配局部搜索，当前完工时间: 1898.00
2025-04-08 16:08:56,208 - DEBUG - 局部搜索未能改进当前解
2025-04-08 16:08:56,213 - DEBUG - 执行AGV分配局部搜索，当前完工时间: 1919.00
2025-04-08 16:08:56,217 - DEBUG - 局部搜索未能改进当前解
2025-04-08 16:08:56,220 - DEBUG - 执行AGV分配局部搜索，当前完工时间: 1907.00
2025-04-08 16:08:56,225 - DEBUG - 局部搜索未能改进当前解
2025-04-08 16:08:56,228 - DEBUG - 执行AGV分配局部搜索，当前完工时间: 1802.00
2025-04-08 16:08:56,232 - DEBUG - 局部搜索未能改进当前解
2025-04-08 16:08:56,236 - DEBUG - 执行AGV分配局部搜索，当前完工时间: 1848.00
2025-04-08 16:08:56,240 - DEBUG - 局部搜索未能改进当前解
2025-04-08 16:08:56,244 - DEBUG - 执行AGV分配局部搜索，当前完工时间: 1952.00
2025-04-08 16:08:56,247 - DEBUG - 局部搜索未能改进当前解
2025-04-08 16:08:56,251 - DEBUG - 执行AGV分配局部搜索，当前完工时间: 1870.00
2025-04-08 16:08:56,255 - DEBUG - 局部搜索未能改进当前解
2025-04-08 16:08:56,258 - DEBUG - 执行AGV分配局部搜索，当前完工时间: 1926.00
2025-04-08 16:08:56,262 - DEBUG - 局部搜索未能改进当前解
2025-04-08 16:08:56,266 - DEBUG - 执行AGV分配局部搜索，当前完工时间: 1839.00
2025-04-08 16:08:56,270 - DEBUG - 局部搜索未能改进当前解
2025-04-08 16:08:56,273 - DEBUG - 执行AGV分配局部搜索，当前完工时间: 1841.00
2025-04-08 16:08:56,276 - DEBUG - 局部搜索未能改进当前解
2025-04-08 16:08:56,281 - DEBUG - 执行AGV分配局部搜索，当前完工时间: 1871.00
2025-04-08 16:08:56,285 - DEBUG - 局部搜索未能改进当前解
2025-04-08 16:08:56,289 - DEBUG - 执行AGV分配局部搜索，当前完工时间: 1941.00
2025-04-08 16:08:56,292 - DEBUG - AGV分配局部搜索成功！完工时间从 1941.00 降低到 1918.00，改进: 23.00 (1.18%)
2025-04-08 16:08:56,295 - DEBUG - 执行AGV分配局部搜索，当前完工时间: 1880.00
2025-04-08 16:08:56,299 - DEBUG - 局部搜索未能改进当前解
2025-04-08 16:08:56,303 - DEBUG - 执行AGV分配局部搜索，当前完工时间: 1925.00
2025-04-08 16:08:56,306 - DEBUG - AGV分配局部搜索成功！完工时间从 1925.00 降低到 1913.00，改进: 12.00 (0.62%)
2025-04-08 16:08:56,310 - DEBUG - 执行AGV分配局部搜索，当前完工时间: 1899.00
2025-04-08 16:08:56,314 - DEBUG - 局部搜索未能改进当前解
2025-04-08 16:08:56,318 - DEBUG - 执行AGV分配局部搜索，当前完工时间: 1902.00
2025-04-08 16:08:56,322 - DEBUG - 局部搜索未能改进当前解
2025-04-08 16:08:56,326 - DEBUG - 执行AGV分配局部搜索，当前完工时间: 1817.00
2025-04-08 16:08:56,329 - DEBUG - 局部搜索未能改进当前解
2025-04-08 16:08:56,333 - DEBUG - 执行AGV分配局部搜索，当前完工时间: 1872.00
2025-04-08 16:08:56,337 - DEBUG - 局部搜索未能改进当前解
2025-04-08 16:08:56,341 - DEBUG - 执行AGV分配局部搜索，当前完工时间: 1904.00
2025-04-08 16:08:56,345 - DEBUG - 局部搜索未能改进当前解
2025-04-08 16:08:56,349 - DEBUG - 执行AGV分配局部搜索，当前完工时间: 1854.00
2025-04-08 16:08:56,352 - DEBUG - 局部搜索未能改进当前解
2025-04-08 16:08:56,356 - DEBUG - 执行AGV分配局部搜索，当前完工时间: 1839.00
2025-04-08 16:08:56,359 - DEBUG - AGV分配局部搜索成功！完工时间从 1839.00 降低到 1819.00，改进: 20.00 (1.09%)
2025-04-08 16:08:56,364 - DEBUG - 执行AGV分配局部搜索，当前完工时间: 1837.00
2025-04-08 16:08:56,367 - DEBUG - 局部搜索未能改进当前解
2025-04-08 16:08:56,370 - DEBUG - 执行AGV分配局部搜索，当前完工时间: 1790.00
2025-04-08 16:08:56,375 - DEBUG - 局部搜索未能改进当前解
2025-04-08 16:08:56,379 - DEBUG - 执行AGV分配局部搜索，当前完工时间: 1855.00
2025-04-08 16:08:56,382 - DEBUG - 局部搜索未能改进当前解
2025-04-08 16:08:56,385 - DEBUG - 执行AGV分配局部搜索，当前完工时间: 1876.00
2025-04-08 16:08:56,390 - DEBUG - 局部搜索未能改进当前解
2025-04-08 16:08:56,393 - DEBUG - 执行AGV分配局部搜索，当前完工时间: 1950.00
2025-04-08 16:08:56,397 - DEBUG - 局部搜索未能改进当前解
2025-04-08 16:08:56,401 - DEBUG - 执行AGV分配局部搜索，当前完工时间: 1895.00
2025-04-08 16:08:56,405 - DEBUG - 局部搜索未能改进当前解
2025-04-08 16:08:56,408 - DEBUG - 执行AGV分配局部搜索，当前完工时间: 1929.00
2025-04-08 16:08:56,412 - DEBUG - 局部搜索未能改进当前解
2025-04-08 16:08:56,415 - DEBUG - 执行AGV分配局部搜索，当前完工时间: 1879.00
2025-04-08 16:08:56,419 - DEBUG - 局部搜索未能改进当前解
2025-04-08 16:08:56,423 - DEBUG - 执行AGV分配局部搜索，当前完工时间: 1798.00
2025-04-08 16:08:56,426 - DEBUG - 局部搜索未能改进当前解
2025-04-08 16:08:56,429 - DEBUG - 执行AGV分配局部搜索，当前完工时间: 1978.00
2025-04-08 16:08:56,433 - DEBUG - 局部搜索未能改进当前解
2025-04-08 16:08:56,436 - DEBUG - 执行AGV分配局部搜索，当前完工时间: 1884.00
2025-04-08 16:08:56,441 - DEBUG - 局部搜索未能改进当前解
2025-04-08 16:08:56,444 - DEBUG - 执行AGV分配局部搜索，当前完工时间: 1915.00
2025-04-08 16:08:56,447 - DEBUG - 局部搜索未能改进当前解
2025-04-08 16:08:56,451 - DEBUG - 执行AGV分配局部搜索，当前完工时间: 2072.00
2025-04-08 16:08:56,454 - DEBUG - 局部搜索未能改进当前解
2025-04-08 16:08:56,458 - DEBUG - 执行AGV分配局部搜索，当前完工时间: 1840.00
2025-04-08 16:08:56,462 - DEBUG - 局部搜索未能改进当前解
2025-04-08 16:08:56,466 - DEBUG - 执行AGV分配局部搜索，当前完工时间: 1877.00
2025-04-08 16:08:56,470 - DEBUG - AGV分配局部搜索成功！完工时间从 1877.00 降低到 1842.00，改进: 35.00 (1.86%)
2025-04-08 16:08:56,474 - DEBUG - 执行AGV分配局部搜索，当前完工时间: 2034.00
2025-04-08 16:08:56,477 - DEBUG - AGV分配局部搜索成功！完工时间从 2034.00 降低到 2030.00，改进: 4.00 (0.20%)
2025-04-08 16:08:56,480 - DEBUG - 执行AGV分配局部搜索，当前完工时间: 1831.00
2025-04-08 16:08:56,484 - DEBUG - 局部搜索未能改进当前解
2025-04-08 16:08:56,489 - DEBUG - 执行AGV分配局部搜索，当前完工时间: 1968.00
2025-04-08 16:08:56,492 - DEBUG - 局部搜索未能改进当前解
2025-04-08 16:08:56,495 - DEBUG - 执行AGV分配局部搜索，当前完工时间: 1921.00
2025-04-08 16:08:56,500 - DEBUG - 局部搜索未能改进当前解
2025-04-08 16:08:56,503 - DEBUG - 执行AGV分配局部搜索，当前完工时间: 1816.00
2025-04-08 16:08:56,508 - DEBUG - 局部搜索未能改进当前解
2025-04-08 16:08:56,511 - DEBUG - 执行AGV分配局部搜索，当前完工时间: 1829.00
2025-04-08 16:08:56,515 - DEBUG - AGV分配局部搜索成功！完工时间从 1829.00 降低到 1800.00，改进: 29.00 (1.59%)
2025-04-08 16:08:56,519 - DEBUG - 执行AGV分配局部搜索，当前完工时间: 2060.00
2025-04-08 16:08:56,523 - DEBUG - 局部搜索未能改进当前解
2025-04-08 16:08:56,526 - DEBUG - 执行AGV分配局部搜索，当前完工时间: 1864.00
2025-04-08 16:08:56,530 - DEBUG - AGV分配局部搜索成功！完工时间从 1864.00 降低到 1853.00，改进: 11.00 (0.59%)
2025-04-08 16:08:56,533 - DEBUG - 执行AGV分配局部搜索，当前完工时间: 1866.00
2025-04-08 16:08:56,537 - DEBUG - 局部搜索未能改进当前解
2025-04-08 16:08:56,541 - DEBUG - 执行AGV分配局部搜索，当前完工时间: 1861.00
2025-04-08 16:08:56,545 - DEBUG - AGV分配局部搜索成功！完工时间从 1861.00 降低到 1857.00，改进: 4.00 (0.21%)
2025-04-08 16:08:56,549 - DEBUG - 执行AGV分配局部搜索，当前完工时间: 1822.00
2025-04-08 16:08:56,552 - DEBUG - 局部搜索未能改进当前解
2025-04-08 16:08:56,555 - DEBUG - 执行AGV分配局部搜索，当前完工时间: 1950.00
2025-04-08 16:08:56,560 - DEBUG - AGV分配局部搜索成功！完工时间从 1950.00 降低到 1908.00，改进: 42.00 (2.15%)
2025-04-08 16:08:56,564 - DEBUG - 执行AGV分配局部搜索，当前完工时间: 1880.00
2025-04-08 16:08:56,567 - DEBUG - 局部搜索未能改进当前解
2025-04-08 16:08:56,571 - DEBUG - 执行AGV分配局部搜索，当前完工时间: 1914.00
2025-04-08 16:08:56,574 - DEBUG - 局部搜索未能改进当前解
2025-04-08 16:08:56,578 - DEBUG - 执行AGV分配局部搜索，当前完工时间: 1817.00
2025-04-08 16:08:56,582 - DEBUG - 局部搜索未能改进当前解
2025-04-08 16:08:56,586 - DEBUG - 执行AGV分配局部搜索，当前完工时间: 1898.00
2025-04-08 16:08:56,589 - DEBUG - 局部搜索未能改进当前解
2025-04-08 16:08:56,592 - DEBUG - 执行AGV分配局部搜索，当前完工时间: 1901.00
2025-04-08 16:08:56,597 - DEBUG - 局部搜索未能改进当前解
2025-04-08 16:08:56,600 - DEBUG - 执行AGV分配局部搜索，当前完工时间: 1844.00
2025-04-08 16:08:56,604 - DEBUG - 局部搜索未能改进当前解
2025-04-08 16:08:56,608 - DEBUG - 执行AGV分配局部搜索，当前完工时间: 1920.00
2025-04-08 16:08:56,612 - DEBUG - 局部搜索未能改进当前解
2025-04-08 16:08:56,615 - DEBUG - 执行AGV分配局部搜索，当前完工时间: 1867.00
2025-04-08 16:08:56,619 - DEBUG - 局部搜索未能改进当前解
2025-04-08 16:08:56,623 - DEBUG - 执行AGV分配局部搜索，当前完工时间: 1868.00
2025-04-08 16:08:56,626 - DEBUG - 局部搜索未能改进当前解
2025-04-08 16:08:56,631 - DEBUG - 执行AGV分配局部搜索，当前完工时间: 1886.00
2025-04-08 16:08:56,634 - DEBUG - AGV分配局部搜索成功！完工时间从 1886.00 降低到 1867.00，改进: 19.00 (1.01%)
2025-04-08 16:08:56,637 - DEBUG - 执行AGV分配局部搜索，当前完工时间: 1825.00
2025-04-08 16:08:56,642 - DEBUG - 局部搜索未能改进当前解
2025-04-08 16:08:56,646 - DEBUG - 执行AGV分配局部搜索，当前完工时间: 1826.00
2025-04-08 16:08:56,649 - DEBUG - 局部搜索未能改进当前解
2025-04-08 16:08:56,652 - DEBUG - 执行AGV分配局部搜索，当前完工时间: 1888.00
2025-04-08 16:08:56,656 - DEBUG - 局部搜索未能改进当前解
2025-04-08 16:08:56,660 - DEBUG - 执行AGV分配局部搜索，当前完工时间: 1853.00
2025-04-08 16:08:56,663 - DEBUG - 局部搜索未能改进当前解
2025-04-08 16:08:56,668 - DEBUG - 执行AGV分配局部搜索，当前完工时间: 1872.00
2025-04-08 16:08:56,671 - DEBUG - 局部搜索未能改进当前解
2025-04-08 16:08:56,675 - DEBUG - 执行AGV分配局部搜索，当前完工时间: 1917.00
2025-04-08 16:08:56,679 - DEBUG - AGV分配局部搜索成功！完工时间从 1917.00 降低到 1877.00，改进: 40.00 (2.09%)
2025-04-08 16:08:56,682 - DEBUG - 执行AGV分配局部搜索，当前完工时间: 1901.00
2025-04-08 16:08:56,686 - DEBUG - 局部搜索未能改进当前解
2025-04-08 16:08:56,690 - DEBUG - 执行AGV分配局部搜索，当前完工时间: 1853.00
2025-04-08 16:08:56,694 - DEBUG - 局部搜索未能改进当前解
2025-04-08 16:08:56,697 - DEBUG - 执行AGV分配局部搜索，当前完工时间: 1939.00
2025-04-08 16:08:56,700 - DEBUG - AGV分配局部搜索成功！完工时间从 1939.00 降低到 1935.00，改进: 4.00 (0.21%)
2025-04-08 16:08:56,704 - DEBUG - 执行AGV分配局部搜索，当前完工时间: 1821.00
2025-04-08 16:08:56,708 - DEBUG - AGV分配局部搜索成功！完工时间从 1821.00 降低到 1806.00，改进: 15.00 (0.82%)
2025-04-08 16:08:56,712 - DEBUG - 执行AGV分配局部搜索，当前完工时间: 1788.00
2025-04-08 16:08:56,715 - DEBUG - 局部搜索未能改进当前解
2025-04-08 16:08:56,719 - DEBUG - 执行AGV分配局部搜索，当前完工时间: 1907.00
2025-04-08 16:08:56,723 - DEBUG - 局部搜索未能改进当前解
2025-04-08 16:08:56,727 - DEBUG - 执行AGV分配局部搜索，当前完工时间: 1916.00
2025-04-08 16:08:56,730 - DEBUG - 局部搜索未能改进当前解
2025-04-08 16:08:56,734 - DEBUG - 执行AGV分配局部搜索，当前完工时间: 1862.00
2025-04-08 16:08:56,738 - DEBUG - 局部搜索未能改进当前解
2025-04-08 16:08:56,741 - DEBUG - 执行AGV分配局部搜索，当前完工时间: 1796.00
2025-04-08 16:08:56,745 - DEBUG - 局部搜索未能改进当前解
2025-04-08 16:08:56,750 - DEBUG - 执行AGV分配局部搜索，当前完工时间: 1866.00
2025-04-08 16:08:56,753 - DEBUG - AGV分配局部搜索成功！完工时间从 1866.00 降低到 1858.00，改进: 8.00 (0.43%)
2025-04-08 16:08:56,757 - DEBUG - 执行AGV分配局部搜索，当前完工时间: 1894.00
2025-04-08 16:08:56,762 - DEBUG - 局部搜索未能改进当前解
2025-04-08 16:08:56,765 - DEBUG - 执行AGV分配局部搜索，当前完工时间: 1926.00
2025-04-08 16:08:56,769 - DEBUG - 局部搜索未能改进当前解
2025-04-08 16:08:56,773 - DEBUG - 执行AGV分配局部搜索，当前完工时间: 1876.00
2025-04-08 16:08:56,776 - DEBUG - 局部搜索未能改进当前解
2025-04-08 16:08:56,780 - DEBUG - 执行AGV分配局部搜索，当前完工时间: 1933.00
2025-04-08 16:08:56,784 - DEBUG - 局部搜索未能改进当前解
2025-04-08 16:08:56,787 - DEBUG - 执行AGV分配局部搜索，当前完工时间: 1841.00
2025-04-08 16:08:56,791 - DEBUG - 局部搜索未能改进当前解
2025-04-08 16:08:56,795 - DEBUG - 执行AGV分配局部搜索，当前完工时间: 1851.00
2025-04-08 16:08:56,799 - DEBUG - 局部搜索未能改进当前解
2025-04-08 16:08:56,803 - DEBUG - 执行AGV分配局部搜索，当前完工时间: 1874.00
2025-04-08 16:08:56,806 - DEBUG - 局部搜索未能改进当前解
2025-04-08 16:08:56,810 - DEBUG - 执行AGV分配局部搜索，当前完工时间: 1820.00
2025-04-08 16:08:56,814 - DEBUG - 局部搜索未能改进当前解
2025-04-08 16:08:56,817 - DEBUG - 执行AGV分配局部搜索，当前完工时间: 1843.00
2025-04-08 16:08:56,820 - DEBUG - 局部搜索未能改进当前解
2025-04-08 16:08:56,824 - DEBUG - 执行AGV分配局部搜索，当前完工时间: 1969.00
2025-04-08 16:08:56,828 - DEBUG - 局部搜索未能改进当前解
2025-04-08 16:08:56,831 - DEBUG - 执行AGV分配局部搜索，当前完工时间: 1822.00
2025-04-08 16:08:56,835 - DEBUG - 局部搜索未能改进当前解
2025-04-08 16:08:56,839 - DEBUG - 执行AGV分配局部搜索，当前完工时间: 1949.00
2025-04-08 16:08:56,843 - DEBUG - 局部搜索未能改进当前解
2025-04-08 16:08:56,847 - DEBUG - 执行AGV分配局部搜索，当前完工时间: 1851.00
2025-04-08 16:08:56,850 - DEBUG - 局部搜索未能改进当前解
2025-04-08 16:08:56,854 - DEBUG - 执行AGV分配局部搜索，当前完工时间: 1850.00
2025-04-08 16:08:56,857 - DEBUG - AGV分配局部搜索成功！完工时间从 1850.00 降低到 1844.00，改进: 6.00 (0.32%)
2025-04-08 16:08:56,861 - DEBUG - 执行AGV分配局部搜索，当前完工时间: 1936.00
2025-04-08 16:08:56,864 - DEBUG - 局部搜索未能改进当前解
2025-04-08 16:08:56,868 - DEBUG - 执行AGV分配局部搜索，当前完工时间: 1916.00
2025-04-08 16:08:56,872 - DEBUG - 局部搜索未能改进当前解
2025-04-08 16:08:56,875 - DEBUG - 执行AGV分配局部搜索，当前完工时间: 1900.00
2025-04-08 16:08:56,879 - DEBUG - 局部搜索未能改进当前解
2025-04-08 16:08:56,884 - DEBUG - 执行AGV分配局部搜索，当前完工时间: 1856.00
2025-04-08 16:08:56,887 - DEBUG - 局部搜索未能改进当前解
2025-04-08 16:08:56,891 - DEBUG - 执行AGV分配局部搜索，当前完工时间: 1871.00
2025-04-08 16:08:56,895 - DEBUG - 局部搜索未能改进当前解
2025-04-08 16:08:56,899 - DEBUG - 执行AGV分配局部搜索，当前完工时间: 1853.00
2025-04-08 16:08:56,903 - DEBUG - 局部搜索未能改进当前解
2025-04-08 16:08:56,906 - DEBUG - 执行AGV分配局部搜索，当前完工时间: 1800.00
2025-04-08 16:08:56,910 - DEBUG - 局部搜索未能改进当前解
2025-04-08 16:08:56,913 - DEBUG - 执行AGV分配局部搜索，当前完工时间: 1819.00
2025-04-08 16:08:56,916 - DEBUG - 局部搜索未能改进当前解
2025-04-08 16:08:56,921 - DEBUG - 执行AGV分配局部搜索，当前完工时间: 1915.00
2025-04-08 16:08:56,925 - DEBUG - AGV分配局部搜索成功！完工时间从 1915.00 降低到 1899.00，改进: 16.00 (0.84%)
2025-04-08 16:08:56,929 - DEBUG - 执行AGV分配局部搜索，当前完工时间: 1783.00
2025-04-08 16:08:56,932 - DEBUG - 局部搜索未能改进当前解
2025-04-08 16:08:56,936 - DEBUG - 执行AGV分配局部搜索，当前完工时间: 1839.00
2025-04-08 16:08:56,939 - DEBUG - 局部搜索未能改进当前解
2025-04-08 16:08:56,940 - DEBUG - ==================================================
2025-04-08 16:08:56,940 - DEBUG - Efficiency Statistics of Local Search :
2025-04-08 16:08:56,940 - DEBUG - Number of attempts: 99
2025-04-08 16:08:56,940 - DEBUG - Average Success Rate: 16.16%
2025-04-08 16:08:56,940 - DEBUG - AGV Local Search Success: 16，Average Improvement: 18.00
2025-04-08 16:08:56,945 - DEBUG - 执行AGV分配局部搜索，当前完工时间: 1907.00
2025-04-08 16:08:56,949 - DEBUG - 局部搜索未能改进当前解
2025-04-08 16:08:56,953 - DEBUG - 执行AGV分配局部搜索，当前完工时间: 1839.00
2025-04-08 16:08:56,957 - DEBUG - AGV分配局部搜索成功！完工时间从 1839.00 降低到 1833.00，改进: 6.00 (0.33%)
2025-04-08 16:08:56,962 - DEBUG - 执行AGV分配局部搜索，当前完工时间: 1901.00
2025-04-08 16:08:56,964 - DEBUG - AGV分配局部搜索成功！完工时间从 1901.00 降低到 1880.00，改进: 21.00 (1.10%)
2025-04-08 16:08:56,969 - DEBUG - 执行AGV分配局部搜索，当前完工时间: 1871.00
2025-04-08 16:08:56,973 - DEBUG - 局部搜索未能改进当前解
2025-04-08 16:08:56,978 - DEBUG - 执行AGV分配局部搜索，当前完工时间: 1936.00
2025-04-08 16:08:56,981 - DEBUG - 局部搜索未能改进当前解
2025-04-08 16:08:56,986 - DEBUG - 执行AGV分配局部搜索，当前完工时间: 1861.00
2025-04-08 16:08:56,988 - DEBUG - 局部搜索未能改进当前解
2025-04-08 16:08:56,993 - DEBUG - 执行AGV分配局部搜索，当前完工时间: 1842.00
2025-04-08 16:08:56,997 - DEBUG - 局部搜索未能改进当前解
2025-04-08 16:08:57,001 - DEBUG - 执行AGV分配局部搜索，当前完工时间: 1856.00
2025-04-08 16:08:57,004 - DEBUG - 局部搜索未能改进当前解
2025-04-08 16:08:57,008 - DEBUG - 执行AGV分配局部搜索，当前完工时间: 1839.00
2025-04-08 16:08:57,010 - DEBUG - 局部搜索未能改进当前解
2025-04-08 16:08:57,015 - DEBUG - 执行AGV分配局部搜索，当前完工时间: 1866.00
2025-04-08 16:08:57,019 - DEBUG - 局部搜索未能改进当前解
2025-04-08 16:08:57,022 - DEBUG - 执行AGV分配局部搜索，当前完工时间: 1819.00
2025-04-08 16:08:57,025 - DEBUG - 局部搜索未能改进当前解
2025-04-08 16:08:57,030 - DEBUG - 执行AGV分配局部搜索，当前完工时间: 1852.00
2025-04-08 16:08:57,034 - DEBUG - 局部搜索未能改进当前解
2025-04-08 16:08:57,037 - DEBUG - 执行AGV分配局部搜索，当前完工时间: 1884.00
2025-04-08 16:08:57,040 - DEBUG - 局部搜索未能改进当前解
2025-04-08 16:08:57,044 - DEBUG - 执行AGV分配局部搜索，当前完工时间: 1826.00
2025-04-08 16:08:57,047 - DEBUG - 局部搜索未能改进当前解
2025-04-08 16:08:57,053 - DEBUG - 执行AGV分配局部搜索，当前完工时间: 1846.00
2025-04-08 16:08:57,056 - DEBUG - 局部搜索未能改进当前解
2025-04-08 16:08:57,059 - DEBUG - 执行AGV分配局部搜索，当前完工时间: 1939.00
2025-04-08 16:08:57,063 - DEBUG - 局部搜索未能改进当前解
2025-04-08 16:08:57,068 - DEBUG - 执行AGV分配局部搜索，当前完工时间: 1939.00
2025-04-08 16:08:57,071 - DEBUG - 局部搜索未能改进当前解
2025-04-08 16:08:57,075 - DEBUG - 执行AGV分配局部搜索，当前完工时间: 1887.00
2025-04-08 16:08:57,078 - DEBUG - 局部搜索未能改进当前解
2025-04-08 16:08:57,083 - DEBUG - 执行AGV分配局部搜索，当前完工时间: 1940.00
2025-04-08 16:08:57,086 - DEBUG - 局部搜索未能改进当前解
2025-04-08 16:08:57,090 - DEBUG - 执行AGV分配局部搜索，当前完工时间: 1859.00
2025-04-08 16:08:57,094 - DEBUG - 局部搜索未能改进当前解
2025-04-08 16:08:57,097 - DEBUG - 执行AGV分配局部搜索，当前完工时间: 1904.00
2025-04-08 16:08:57,101 - DEBUG - AGV分配局部搜索成功！完工时间从 1904.00 降低到 1872.00，改进: 32.00 (1.68%)
2025-04-08 16:08:57,105 - DEBUG - 执行AGV分配局部搜索，当前完工时间: 1785.00
2025-04-08 16:08:57,108 - DEBUG - 局部搜索未能改进当前解
2025-04-08 16:08:57,112 - DEBUG - 执行AGV分配局部搜索，当前完工时间: 2005.00
2025-04-08 16:08:57,117 - DEBUG - AGV分配局部搜索成功！完工时间从 2005.00 降低到 2004.00，改进: 1.00 (0.05%)
2025-04-08 16:08:57,121 - DEBUG - 执行AGV分配局部搜索，当前完工时间: 1783.00
2025-04-08 16:08:57,124 - DEBUG - 局部搜索未能改进当前解
2025-04-08 16:08:57,128 - DEBUG - 执行AGV分配局部搜索，当前完工时间: 1912.00
2025-04-08 16:08:57,132 - DEBUG - 局部搜索未能改进当前解
2025-04-08 16:08:57,136 - DEBUG - 执行AGV分配局部搜索，当前完工时间: 1971.00
2025-04-08 16:08:57,138 - DEBUG - 局部搜索未能改进当前解
2025-04-08 16:08:57,143 - DEBUG - 执行AGV分配局部搜索，当前完工时间: 1908.00
2025-04-08 16:08:57,148 - DEBUG - 局部搜索未能改进当前解
2025-04-08 16:08:57,151 - DEBUG - 执行AGV分配局部搜索，当前完工时间: 1968.00
2025-04-08 16:08:57,155 - DEBUG - 局部搜索未能改进当前解
2025-04-08 16:08:57,159 - DEBUG - 执行AGV分配局部搜索，当前完工时间: 1807.00
2025-04-08 16:08:57,164 - DEBUG - 局部搜索未能改进当前解
2025-04-08 16:08:57,168 - DEBUG - 执行AGV分配局部搜索，当前完工时间: 1875.00
2025-04-08 16:08:57,172 - DEBUG - 局部搜索未能改进当前解
2025-04-08 16:08:57,176 - DEBUG - 执行AGV分配局部搜索，当前完工时间: 1924.00
2025-04-08 16:08:57,180 - DEBUG - 局部搜索未能改进当前解
2025-04-08 16:08:57,184 - DEBUG - 执行AGV分配局部搜索，当前完工时间: 1879.00
2025-04-08 16:08:57,188 - DEBUG - 局部搜索未能改进当前解
2025-04-08 16:08:57,191 - DEBUG - 执行AGV分配局部搜索，当前完工时间: 1926.00
2025-04-08 16:08:57,194 - DEBUG - 局部搜索未能改进当前解
2025-04-08 16:08:57,199 - DEBUG - 执行AGV分配局部搜索，当前完工时间: 1874.00
2025-04-08 16:08:57,203 - DEBUG - 局部搜索未能改进当前解
2025-04-08 16:08:57,206 - DEBUG - 执行AGV分配局部搜索，当前完工时间: 1860.00
2025-04-08 16:08:57,210 - DEBUG - AGV分配局部搜索成功！完工时间从 1860.00 降低到 1857.00，改进: 3.00 (0.16%)
2025-04-08 16:08:57,214 - DEBUG - 执行AGV分配局部搜索，当前完工时间: 1823.00
2025-04-08 16:08:57,217 - DEBUG - AGV分配局部搜索成功！完工时间从 1823.00 降低到 1807.00，改进: 16.00 (0.88%)
2025-04-08 16:08:57,220 - DEBUG - 执行AGV分配局部搜索，当前完工时间: 1841.00
2025-04-08 16:08:57,223 - DEBUG - 局部搜索未能改进当前解
2025-04-08 16:08:57,227 - DEBUG - 执行AGV分配局部搜索，当前完工时间: 1872.00
2025-04-08 16:08:57,231 - DEBUG - AGV分配局部搜索成功！完工时间从 1872.00 降低到 1864.00，改进: 8.00 (0.43%)
2025-04-08 16:08:57,235 - DEBUG - 执行AGV分配局部搜索，当前完工时间: 1861.00
2025-04-08 16:08:57,238 - DEBUG - 局部搜索未能改进当前解
2025-04-08 16:08:57,242 - DEBUG - 执行AGV分配局部搜索，当前完工时间: 1947.00
2025-04-08 16:08:57,247 - DEBUG - 局部搜索未能改进当前解
2025-04-08 16:08:57,250 - DEBUG - 执行AGV分配局部搜索，当前完工时间: 1813.00
2025-04-08 16:08:57,253 - DEBUG - 局部搜索未能改进当前解
2025-04-08 16:08:57,258 - DEBUG - 执行AGV分配局部搜索，当前完工时间: 1892.00
2025-04-08 16:08:57,262 - DEBUG - 局部搜索未能改进当前解
2025-04-08 16:08:57,265 - DEBUG - 执行AGV分配局部搜索，当前完工时间: 1892.00
2025-04-08 16:08:57,269 - DEBUG - 局部搜索未能改进当前解
2025-04-08 16:08:57,273 - DEBUG - 执行AGV分配局部搜索，当前完工时间: 1891.00
2025-04-08 16:08:57,276 - DEBUG - 局部搜索未能改进当前解
2025-04-08 16:08:57,280 - DEBUG - 执行AGV分配局部搜索，当前完工时间: 1835.00
2025-04-08 16:08:57,283 - DEBUG - 局部搜索未能改进当前解
2025-04-08 16:08:57,287 - DEBUG - 执行AGV分配局部搜索，当前完工时间: 1888.00
2025-04-08 16:08:57,291 - DEBUG - 局部搜索未能改进当前解
2025-04-08 16:08:57,295 - DEBUG - 执行AGV分配局部搜索，当前完工时间: 1839.00
2025-04-08 16:08:57,297 - DEBUG - 局部搜索未能改进当前解
2025-04-08 16:08:57,302 - DEBUG - 执行AGV分配局部搜索，当前完工时间: 1817.00
2025-04-08 16:08:57,305 - DEBUG - 局部搜索未能改进当前解
2025-04-08 16:08:57,308 - DEBUG - 执行AGV分配局部搜索，当前完工时间: 1808.00
2025-04-08 16:08:57,312 - DEBUG - 局部搜索未能改进当前解
2025-04-08 16:08:57,317 - DEBUG - 执行AGV分配局部搜索，当前完工时间: 1919.00
2025-04-08 16:08:57,320 - DEBUG - 局部搜索未能改进当前解
2025-04-08 16:08:57,323 - DEBUG - 执行AGV分配局部搜索，当前完工时间: 1857.00
2025-04-08 16:08:57,328 - DEBUG - 局部搜索未能改进当前解
2025-04-08 16:08:57,332 - DEBUG - 执行AGV分配局部搜索，当前完工时间: 1852.00
2025-04-08 16:08:57,335 - DEBUG - 局部搜索未能改进当前解
2025-04-08 16:08:57,339 - DEBUG - 执行AGV分配局部搜索，当前完工时间: 1929.00
2025-04-08 16:08:57,343 - DEBUG - AGV分配局部搜索成功！完工时间从 1929.00 降低到 1896.00，改进: 33.00 (1.71%)
2025-04-08 16:08:57,346 - DEBUG - 执行AGV分配局部搜索，当前完工时间: 1925.00
2025-04-08 16:08:57,350 - DEBUG - 局部搜索未能改进当前解
2025-04-08 16:08:57,353 - DEBUG - 执行AGV分配局部搜索，当前完工时间: 1858.00
2025-04-08 16:08:57,356 - DEBUG - 局部搜索未能改进当前解
2025-04-08 16:08:57,360 - DEBUG - 执行AGV分配局部搜索，当前完工时间: 1799.00
2025-04-08 16:08:57,364 - DEBUG - 局部搜索未能改进当前解
2025-04-08 16:08:57,368 - DEBUG - 执行AGV分配局部搜索，当前完工时间: 1925.00
2025-04-08 16:08:57,371 - DEBUG - 局部搜索未能改进当前解
2025-04-08 16:08:57,374 - DEBUG - 执行AGV分配局部搜索，当前完工时间: 1816.00
2025-04-08 16:08:57,378 - DEBUG - 局部搜索未能改进当前解
2025-04-08 16:08:57,382 - DEBUG - 执行AGV分配局部搜索，当前完工时间: 1886.00
2025-04-08 16:08:57,385 - DEBUG - 局部搜索未能改进当前解
2025-04-08 16:08:57,389 - DEBUG - 执行AGV分配局部搜索，当前完工时间: 1862.00
2025-04-08 16:08:57,393 - DEBUG - 局部搜索未能改进当前解
2025-04-08 16:08:57,397 - DEBUG - 执行AGV分配局部搜索，当前完工时间: 1894.00
2025-04-08 16:08:57,400 - DEBUG - AGV分配局部搜索成功！完工时间从 1894.00 降低到 1888.00，改进: 6.00 (0.32%)
2025-04-08 16:08:57,404 - DEBUG - 执行AGV分配局部搜索，当前完工时间: 1908.00
2025-04-08 16:08:57,407 - DEBUG - 局部搜索未能改进当前解
2025-04-08 16:08:57,410 - DEBUG - 执行AGV分配局部搜索，当前完工时间: 1873.00
2025-04-08 16:08:57,415 - DEBUG - AGV分配局部搜索成功！完工时间从 1873.00 降低到 1860.00，改进: 13.00 (0.69%)
2025-04-08 16:08:57,419 - DEBUG - 执行AGV分配局部搜索，当前完工时间: 1863.00
2025-04-08 16:08:57,422 - DEBUG - 局部搜索未能改进当前解
2025-04-08 16:08:57,427 - DEBUG - 执行AGV分配局部搜索，当前完工时间: 1818.00
2025-04-08 16:08:57,429 - DEBUG - AGV分配局部搜索成功！完工时间从 1818.00 降低到 1817.00，改进: 1.00 (0.06%)
2025-04-08 16:08:57,433 - DEBUG - 执行AGV分配局部搜索，当前完工时间: 1905.00
2025-04-08 16:08:57,437 - DEBUG - 局部搜索未能改进当前解
2025-04-08 16:08:57,440 - DEBUG - 执行AGV分配局部搜索，当前完工时间: 1886.00
2025-04-08 16:08:57,444 - DEBUG - 局部搜索未能改进当前解
2025-04-08 16:08:57,447 - DEBUG - 执行AGV分配局部搜索，当前完工时间: 1887.00
2025-04-08 16:08:57,451 - DEBUG - 局部搜索未能改进当前解
2025-04-08 16:08:57,455 - DEBUG - 执行AGV分配局部搜索，当前完工时间: 1830.00
2025-04-08 16:08:57,460 - DEBUG - 局部搜索未能改进当前解
2025-04-08 16:08:57,462 - DEBUG - 执行AGV分配局部搜索，当前完工时间: 1957.00
2025-04-08 16:08:57,466 - DEBUG - 局部搜索未能改进当前解
2025-04-08 16:08:57,470 - DEBUG - 执行AGV分配局部搜索，当前完工时间: 1812.00
2025-04-08 16:08:57,474 - DEBUG - 局部搜索未能改进当前解
2025-04-08 16:08:57,478 - DEBUG - 执行AGV分配局部搜索，当前完工时间: 1915.00
2025-04-08 16:08:57,482 - DEBUG - AGV分配局部搜索成功！完工时间从 1915.00 降低到 1886.00，改进: 29.00 (1.51%)
2025-04-08 16:08:57,486 - DEBUG - 执行AGV分配局部搜索，当前完工时间: 1896.00
2025-04-08 16:08:57,490 - DEBUG - 局部搜索未能改进当前解
2025-04-08 16:08:57,494 - DEBUG - 执行AGV分配局部搜索，当前完工时间: 2013.00
2025-04-08 16:08:57,497 - DEBUG - 局部搜索未能改进当前解
2025-04-08 16:08:57,501 - DEBUG - 执行AGV分配局部搜索，当前完工时间: 1874.00
2025-04-08 16:08:57,504 - DEBUG - 局部搜索未能改进当前解
2025-04-08 16:08:57,508 - DEBUG - 执行AGV分配局部搜索，当前完工时间: 1972.00
2025-04-08 16:08:57,511 - DEBUG - 局部搜索未能改进当前解
2025-04-08 16:08:57,515 - DEBUG - 执行AGV分配局部搜索，当前完工时间: 1841.00
2025-04-08 16:08:57,519 - DEBUG - 局部搜索未能改进当前解
2025-04-08 16:08:57,522 - DEBUG - 执行AGV分配局部搜索，当前完工时间: 1861.00
2025-04-08 16:08:57,526 - DEBUG - 局部搜索未能改进当前解
2025-04-08 16:08:57,530 - DEBUG - 执行AGV分配局部搜索，当前完工时间: 1814.00
2025-04-08 16:08:57,533 - DEBUG - 局部搜索未能改进当前解
2025-04-08 16:08:57,537 - DEBUG - 执行AGV分配局部搜索，当前完工时间: 1839.00
2025-04-08 16:08:57,540 - DEBUG - 局部搜索未能改进当前解
2025-04-08 16:08:57,543 - DEBUG - 执行AGV分配局部搜索，当前完工时间: 1783.00
2025-04-08 16:08:57,547 - DEBUG - 局部搜索未能改进当前解
2025-04-08 16:08:57,551 - DEBUG - 执行AGV分配局部搜索，当前完工时间: 1869.00
2025-04-08 16:08:57,555 - DEBUG - AGV分配局部搜索成功！完工时间从 1869.00 降低到 1833.00，改进: 36.00 (1.93%)
2025-04-08 16:08:57,558 - DEBUG - 执行AGV分配局部搜索，当前完工时间: 1832.00
2025-04-08 16:08:57,562 - DEBUG - 局部搜索未能改进当前解
2025-04-08 16:08:57,567 - DEBUG - 执行AGV分配局部搜索，当前完工时间: 1845.00
2025-04-08 16:08:57,570 - DEBUG - AGV分配局部搜索成功！完工时间从 1845.00 降低到 1836.00，改进: 9.00 (0.49%)
2025-04-08 16:08:57,573 - DEBUG - 执行AGV分配局部搜索，当前完工时间: 1909.00
2025-04-08 16:08:57,578 - DEBUG - 局部搜索未能改进当前解
2025-04-08 16:08:57,582 - DEBUG - 执行AGV分配局部搜索，当前完工时间: 1927.00
2025-04-08 16:08:57,585 - DEBUG - 局部搜索未能改进当前解
2025-04-08 16:08:57,589 - DEBUG - 执行AGV分配局部搜索，当前完工时间: 1858.00
2025-04-08 16:08:57,592 - DEBUG - AGV分配局部搜索成功！完工时间从 1858.00 降低到 1854.00，改进: 4.00 (0.22%)
2025-04-08 16:08:57,596 - DEBUG - 执行AGV分配局部搜索，当前完工时间: 1790.00
2025-04-08 16:08:57,599 - DEBUG - AGV分配局部搜索成功！完工时间从 1790.00 降低到 1788.00，改进: 2.00 (0.11%)
2025-04-08 16:08:57,603 - DEBUG - 执行AGV分配局部搜索，当前完工时间: 1907.00
2025-04-08 16:08:57,607 - DEBUG - 局部搜索未能改进当前解
2025-04-08 16:08:57,610 - DEBUG - 执行AGV分配局部搜索，当前完工时间: 1894.00
2025-04-08 16:08:57,614 - DEBUG - AGV分配局部搜索成功！完工时间从 1894.00 降低到 1829.00，改进: 65.00 (3.43%)
2025-04-08 16:08:57,618 - DEBUG - 执行AGV分配局部搜索，当前完工时间: 1841.00
2025-04-08 16:08:57,621 - DEBUG - 局部搜索未能改进当前解
2025-04-08 16:08:57,625 - DEBUG - 执行AGV分配局部搜索，当前完工时间: 1860.00
2025-04-08 16:08:57,629 - DEBUG - 局部搜索未能改进当前解
2025-04-08 16:08:57,632 - DEBUG - 执行AGV分配局部搜索，当前完工时间: 1844.00
2025-04-08 16:08:57,637 - DEBUG - 局部搜索未能改进当前解
2025-04-08 16:08:57,641 - DEBUG - 执行AGV分配局部搜索，当前完工时间: 1870.00
2025-04-08 16:08:57,644 - DEBUG - 局部搜索未能改进当前解
2025-04-08 16:08:57,647 - DEBUG - 执行AGV分配局部搜索，当前完工时间: 1848.00
2025-04-08 16:08:57,651 - DEBUG - 局部搜索未能改进当前解
2025-04-08 16:08:57,655 - DEBUG - 执行AGV分配局部搜索，当前完工时间: 1848.00
2025-04-08 16:08:57,658 - DEBUG - 局部搜索未能改进当前解
2025-04-08 16:08:57,661 - DEBUG - 执行AGV分配局部搜索，当前完工时间: 1929.00
2025-04-08 16:08:57,665 - DEBUG - AGV分配局部搜索成功！完工时间从 1929.00 降低到 1870.00，改进: 59.00 (3.06%)
2025-04-08 16:08:57,670 - DEBUG - 执行AGV分配局部搜索，当前完工时间: 2099.00
2025-04-08 16:08:57,672 - DEBUG - 局部搜索未能改进当前解
2025-04-08 16:08:57,676 - DEBUG - 执行AGV分配局部搜索，当前完工时间: 1822.00
2025-04-08 16:08:57,681 - DEBUG - 局部搜索未能改进当前解
2025-04-08 16:08:57,681 - DEBUG - ==================================================
2025-04-08 16:08:57,681 - DEBUG - Efficiency Statistics of Local Search :
2025-04-08 16:08:57,681 - DEBUG - Number of attempts: 99
2025-04-08 16:08:57,681 - DEBUG - Average Success Rate: 18.18%
2025-04-08 16:08:57,681 - DEBUG - AGV Local Search Success: 18，Average Improvement: 19.11
2025-04-08 16:08:57,685 - DEBUG - 执行AGV分配局部搜索，当前完工时间: 1971.00
2025-04-08 16:08:57,688 - DEBUG - 局部搜索未能改进当前解
2025-04-08 16:08:57,692 - DEBUG - 执行AGV分配局部搜索，当前完工时间: 1899.00
2025-04-08 16:08:57,695 - DEBUG - 局部搜索未能改进当前解
2025-04-08 16:08:57,701 - DEBUG - 执行AGV分配局部搜索，当前完工时间: 1930.00
2025-04-08 16:08:57,704 - DEBUG - 局部搜索未能改进当前解
2025-04-08 16:08:57,708 - DEBUG - 执行AGV分配局部搜索，当前完工时间: 1832.00
2025-04-08 16:08:57,711 - DEBUG - 局部搜索未能改进当前解
2025-04-08 16:08:57,716 - DEBUG - 执行AGV分配局部搜索，当前完工时间: 1908.00
2025-04-08 16:08:57,719 - DEBUG - 局部搜索未能改进当前解
2025-04-08 16:08:57,723 - DEBUG - 执行AGV分配局部搜索，当前完工时间: 1839.00
2025-04-08 16:08:57,726 - DEBUG - 局部搜索未能改进当前解
2025-04-08 16:08:57,730 - DEBUG - 执行AGV分配局部搜索，当前完工时间: 1996.00
2025-04-08 16:08:57,734 - DEBUG - 局部搜索未能改进当前解
2025-04-08 16:08:57,737 - DEBUG - 执行AGV分配局部搜索，当前完工时间: 1870.00
2025-04-08 16:08:57,741 - DEBUG - 局部搜索未能改进当前解
2025-04-08 16:08:57,744 - DEBUG - 执行AGV分配局部搜索，当前完工时间: 1839.00
2025-04-08 16:08:57,747 - DEBUG - AGV分配局部搜索成功！完工时间从 1839.00 降低到 1831.00，改进: 8.00 (0.44%)
2025-04-08 16:08:57,751 - DEBUG - 执行AGV分配局部搜索，当前完工时间: 1932.00
2025-04-08 16:08:57,756 - DEBUG - 局部搜索未能改进当前解
2025-04-08 16:08:57,759 - DEBUG - 执行AGV分配局部搜索，当前完工时间: 1852.00
2025-04-08 16:08:57,763 - DEBUG - 局部搜索未能改进当前解
2025-04-08 16:08:57,768 - DEBUG - 执行AGV分配局部搜索，当前完工时间: 1838.00
2025-04-08 16:08:57,771 - DEBUG - 局部搜索未能改进当前解
2025-04-08 16:08:57,774 - DEBUG - 执行AGV分配局部搜索，当前完工时间: 1929.00
2025-04-08 16:08:57,778 - DEBUG - AGV分配局部搜索成功！完工时间从 1929.00 降低到 1928.00，改进: 1.00 (0.05%)
2025-04-08 16:08:57,782 - DEBUG - 执行AGV分配局部搜索，当前完工时间: 1830.00
2025-04-08 16:08:57,785 - DEBUG - AGV分配局部搜索成功！完工时间从 1830.00 降低到 1829.00，改进: 1.00 (0.05%)
2025-04-08 16:08:57,790 - DEBUG - 执行AGV分配局部搜索，当前完工时间: 1876.00
2025-04-08 16:08:57,793 - DEBUG - 局部搜索未能改进当前解
2025-04-08 16:08:57,797 - DEBUG - 执行AGV分配局部搜索，当前完工时间: 1918.00
2025-04-08 16:08:57,800 - DEBUG - 局部搜索未能改进当前解
2025-04-08 16:08:57,804 - DEBUG - 执行AGV分配局部搜索，当前完工时间: 1856.00
2025-04-08 16:08:57,807 - DEBUG - 局部搜索未能改进当前解
2025-04-08 16:08:57,811 - DEBUG - 执行AGV分配局部搜索，当前完工时间: 1895.00
2025-04-08 16:08:57,814 - DEBUG - 局部搜索未能改进当前解
2025-04-08 16:08:57,818 - DEBUG - 执行AGV分配局部搜索，当前完工时间: 1892.00
2025-04-08 16:08:57,822 - DEBUG - AGV分配局部搜索成功！完工时间从 1892.00 降低到 1858.00，改进: 34.00 (1.80%)
2025-04-08 16:08:57,826 - DEBUG - 执行AGV分配局部搜索，当前完工时间: 1820.00
2025-04-08 16:08:57,829 - DEBUG - 局部搜索未能改进当前解
2025-04-08 16:08:57,834 - DEBUG - 执行AGV分配局部搜索，当前完工时间: 1817.00
2025-04-08 16:08:57,837 - DEBUG - 局部搜索未能改进当前解
2025-04-08 16:08:57,840 - DEBUG - 执行AGV分配局部搜索，当前完工时间: 1887.00
2025-04-08 16:08:57,844 - DEBUG - 局部搜索未能改进当前解
2025-04-08 16:08:57,847 - DEBUG - 执行AGV分配局部搜索，当前完工时间: 1937.00
2025-04-08 16:08:57,851 - DEBUG - 局部搜索未能改进当前解
2025-04-08 16:08:57,856 - DEBUG - 执行AGV分配局部搜索，当前完工时间: 1900.00
2025-04-08 16:08:57,859 - DEBUG - 局部搜索未能改进当前解
2025-04-08 16:08:57,864 - DEBUG - 执行AGV分配局部搜索，当前完工时间: 1819.00
2025-04-08 16:08:57,866 - DEBUG - 局部搜索未能改进当前解
2025-04-08 16:08:57,870 - DEBUG - 执行AGV分配局部搜索，当前完工时间: 1800.00
2025-04-08 16:08:57,874 - DEBUG - 局部搜索未能改进当前解
2025-04-08 16:08:57,879 - DEBUG - 执行AGV分配局部搜索，当前完工时间: 1939.00
2025-04-08 16:08:57,882 - DEBUG - 局部搜索未能改进当前解
2025-04-08 16:08:57,886 - DEBUG - 执行AGV分配局部搜索，当前完工时间: 1858.00
2025-04-08 16:08:57,890 - DEBUG - 局部搜索未能改进当前解
2025-04-08 16:08:57,893 - DEBUG - 执行AGV分配局部搜索，当前完工时间: 1788.00
2025-04-08 16:08:57,896 - DEBUG - 局部搜索未能改进当前解
2025-04-08 16:08:57,900 - DEBUG - 执行AGV分配局部搜索，当前完工时间: 1909.00
2025-04-08 16:08:57,904 - DEBUG - 局部搜索未能改进当前解
2025-04-08 16:08:57,908 - DEBUG - 执行AGV分配局部搜索，当前完工时间: 1794.00
2025-04-08 16:08:57,912 - DEBUG - 局部搜索未能改进当前解
2025-04-08 16:08:57,915 - DEBUG - 执行AGV分配局部搜索，当前完工时间: 1854.00
2025-04-08 16:08:57,919 - DEBUG - AGV分配局部搜索成功！完工时间从 1854.00 降低到 1832.00，改进: 22.00 (1.19%)
2025-04-08 16:08:57,922 - DEBUG - 执行AGV分配局部搜索，当前完工时间: 1895.00
2025-04-08 16:08:57,927 - DEBUG - 局部搜索未能改进当前解
2025-04-08 16:08:57,931 - DEBUG - 执行AGV分配局部搜索，当前完工时间: 1975.00
2025-04-08 16:08:57,934 - DEBUG - 局部搜索未能改进当前解
2025-04-08 16:08:57,938 - DEBUG - 执行AGV分配局部搜索，当前完工时间: 1867.00
2025-04-08 16:08:57,941 - DEBUG - AGV分配局部搜索成功！完工时间从 1867.00 降低到 1844.00，改进: 23.00 (1.23%)
2025-04-08 16:08:57,945 - DEBUG - 执行AGV分配局部搜索，当前完工时间: 1847.00
2025-04-08 16:08:57,949 - DEBUG - 局部搜索未能改进当前解
2025-04-08 16:08:57,953 - DEBUG - 执行AGV分配局部搜索，当前完工时间: 1828.00
2025-04-08 16:08:57,956 - DEBUG - 局部搜索未能改进当前解
2025-04-08 16:08:57,961 - DEBUG - 执行AGV分配局部搜索，当前完工时间: 1874.00
2025-04-08 16:08:57,964 - DEBUG - 局部搜索未能改进当前解
2025-04-08 16:08:57,968 - DEBUG - 执行AGV分配局部搜索，当前完工时间: 1828.00
2025-04-08 16:08:57,972 - DEBUG - 局部搜索未能改进当前解
2025-04-08 16:08:57,975 - DEBUG - 执行AGV分配局部搜索，当前完工时间: 1899.00
2025-04-08 16:08:57,979 - DEBUG - 局部搜索未能改进当前解
2025-04-08 16:08:57,983 - DEBUG - 执行AGV分配局部搜索，当前完工时间: 1799.00
2025-04-08 16:08:57,987 - DEBUG - 局部搜索未能改进当前解
2025-04-08 16:08:57,991 - DEBUG - 执行AGV分配局部搜索，当前完工时间: 1902.00
2025-04-08 16:08:57,995 - DEBUG - 局部搜索未能改进当前解
2025-04-08 16:08:58,000 - DEBUG - 执行AGV分配局部搜索，当前完工时间: 1895.00
2025-04-08 16:08:58,003 - DEBUG - 局部搜索未能改进当前解
2025-04-08 16:08:58,007 - DEBUG - 执行AGV分配局部搜索，当前完工时间: 1870.00
2025-04-08 16:08:58,011 - DEBUG - 局部搜索未能改进当前解
2025-04-08 16:08:58,014 - DEBUG - 执行AGV分配局部搜索，当前完工时间: 1892.00
2025-04-08 16:08:58,018 - DEBUG - 局部搜索未能改进当前解
2025-04-08 16:08:58,022 - DEBUG - 执行AGV分配局部搜索，当前完工时间: 1858.00
2025-04-08 16:08:58,026 - DEBUG - 局部搜索未能改进当前解
2025-04-08 16:08:58,030 - DEBUG - 执行AGV分配局部搜索，当前完工时间: 1900.00
2025-04-08 16:08:58,033 - DEBUG - 局部搜索未能改进当前解
2025-04-08 16:08:58,037 - DEBUG - 执行AGV分配局部搜索，当前完工时间: 1808.00
2025-04-08 16:08:58,040 - DEBUG - 局部搜索未能改进当前解
2025-04-08 16:08:58,044 - DEBUG - 执行AGV分配局部搜索，当前完工时间: 1816.00
2025-04-08 16:08:58,047 - DEBUG - AGV分配局部搜索成功！完工时间从 1816.00 降低到 1808.00，改进: 8.00 (0.44%)
2025-04-08 16:08:58,051 - DEBUG - 执行AGV分配局部搜索，当前完工时间: 1891.00
2025-04-08 16:08:58,054 - DEBUG - 局部搜索未能改进当前解
2025-04-08 16:08:58,058 - DEBUG - 执行AGV分配局部搜索，当前完工时间: 1870.00
2025-04-08 16:08:58,062 - DEBUG - 局部搜索未能改进当前解
2025-04-08 16:08:58,066 - DEBUG - 执行AGV分配局部搜索，当前完工时间: 1821.00
2025-04-08 16:08:58,070 - DEBUG - 局部搜索未能改进当前解
2025-04-08 16:08:58,073 - DEBUG - 执行AGV分配局部搜索，当前完工时间: 1808.00
2025-04-08 16:08:58,076 - DEBUG - 局部搜索未能改进当前解
2025-04-08 16:08:58,080 - DEBUG - 执行AGV分配局部搜索，当前完工时间: 1891.00
2025-04-08 16:08:58,084 - DEBUG - AGV分配局部搜索成功！完工时间从 1891.00 降低到 1887.00，改进: 4.00 (0.21%)
2025-04-08 16:08:58,087 - DEBUG - 执行AGV分配局部搜索，当前完工时间: 1849.00
2025-04-08 16:08:58,091 - DEBUG - 局部搜索未能改进当前解
2025-04-08 16:08:58,095 - DEBUG - 执行AGV分配局部搜索，当前完工时间: 1806.00
2025-04-08 16:08:58,099 - DEBUG - 局部搜索未能改进当前解
2025-04-08 16:08:58,102 - DEBUG - 执行AGV分配局部搜索，当前完工时间: 1829.00
2025-04-08 16:08:58,106 - DEBUG - 局部搜索未能改进当前解
2025-04-08 16:08:58,110 - DEBUG - 执行AGV分配局部搜索，当前完工时间: 1923.00
2025-04-08 16:08:58,114 - DEBUG - 局部搜索未能改进当前解
2025-04-08 16:08:58,119 - DEBUG - 执行AGV分配局部搜索，当前完工时间: 1825.00
2025-04-08 16:08:58,122 - DEBUG - 局部搜索未能改进当前解
2025-04-08 16:08:58,125 - DEBUG - 执行AGV分配局部搜索，当前完工时间: 1867.00
2025-04-08 16:08:58,129 - DEBUG - 局部搜索未能改进当前解
2025-04-08 16:08:58,133 - DEBUG - 执行AGV分配局部搜索，当前完工时间: 1863.00
2025-04-08 16:08:58,137 - DEBUG - 局部搜索未能改进当前解
2025-04-08 16:08:58,141 - DEBUG - 执行AGV分配局部搜索，当前完工时间: 1869.00
2025-04-08 16:08:58,146 - DEBUG - 局部搜索未能改进当前解
2025-04-08 16:08:58,150 - DEBUG - 执行AGV分配局部搜索，当前完工时间: 1852.00
2025-04-08 16:08:58,153 - DEBUG - 局部搜索未能改进当前解
2025-04-08 16:08:58,156 - DEBUG - 执行AGV分配局部搜索，当前完工时间: 1969.00
2025-04-08 16:08:58,160 - DEBUG - AGV分配局部搜索成功！完工时间从 1969.00 降低到 1916.00，改进: 53.00 (2.69%)
2025-04-08 16:08:58,164 - DEBUG - 执行AGV分配局部搜索，当前完工时间: 1856.00
2025-04-08 16:08:58,168 - DEBUG - 局部搜索未能改进当前解
2025-04-08 16:08:58,172 - DEBUG - 执行AGV分配局部搜索，当前完工时间: 1860.00
2025-04-08 16:08:58,175 - DEBUG - 局部搜索未能改进当前解
2025-04-08 16:08:58,178 - DEBUG - 执行AGV分配局部搜索，当前完工时间: 1880.00
2025-04-08 16:08:58,183 - DEBUG - 局部搜索未能改进当前解
2025-04-08 16:08:58,186 - DEBUG - 执行AGV分配局部搜索，当前完工时间: 1872.00
2025-04-08 16:08:58,190 - DEBUG - 局部搜索未能改进当前解
2025-04-08 16:08:58,193 - DEBUG - 执行AGV分配局部搜索，当前完工时间: 1851.00
2025-04-08 16:08:58,197 - DEBUG - 局部搜索未能改进当前解
2025-04-08 16:08:58,200 - DEBUG - 执行AGV分配局部搜索，当前完工时间: 1808.00
2025-04-08 16:08:58,204 - DEBUG - 局部搜索未能改进当前解
2025-04-08 16:08:58,207 - DEBUG - 执行AGV分配局部搜索，当前完工时间: 1939.00
2025-04-08 16:08:58,210 - DEBUG - 局部搜索未能改进当前解
2025-04-08 16:08:58,214 - DEBUG - 执行AGV分配局部搜索，当前完工时间: 1994.00
2025-04-08 16:08:58,219 - DEBUG - 局部搜索未能改进当前解
2025-04-08 16:08:58,222 - DEBUG - 执行AGV分配局部搜索，当前完工时间: 1860.00
2025-04-08 16:08:58,226 - DEBUG - 局部搜索未能改进当前解
2025-04-08 16:08:58,230 - DEBUG - 执行AGV分配局部搜索，当前完工时间: 1910.00
2025-04-08 16:08:58,234 - DEBUG - 局部搜索未能改进当前解
2025-04-08 16:08:58,238 - DEBUG - 执行AGV分配局部搜索，当前完工时间: 1986.00
2025-04-08 16:08:58,241 - DEBUG - 局部搜索未能改进当前解
2025-04-08 16:08:58,245 - DEBUG - 执行AGV分配局部搜索，当前完工时间: 1857.00
2025-04-08 16:08:58,247 - DEBUG - 局部搜索未能改进当前解
2025-04-08 16:08:58,252 - DEBUG - 执行AGV分配局部搜索，当前完工时间: 1896.00
2025-04-08 16:08:58,255 - DEBUG - 局部搜索未能改进当前解
2025-04-08 16:08:58,259 - DEBUG - 执行AGV分配局部搜索，当前完工时间: 1799.00
2025-04-08 16:08:58,262 - DEBUG - 局部搜索未能改进当前解
2025-04-08 16:08:58,266 - DEBUG - 执行AGV分配局部搜索，当前完工时间: 1831.00
2025-04-08 16:08:58,270 - DEBUG - 局部搜索未能改进当前解
2025-04-08 16:08:58,273 - DEBUG - 执行AGV分配局部搜索，当前完工时间: 1807.00
2025-04-08 16:08:58,277 - DEBUG - 局部搜索未能改进当前解
2025-04-08 16:08:58,281 - DEBUG - 执行AGV分配局部搜索，当前完工时间: 1918.00
2025-04-08 16:08:58,284 - DEBUG - 局部搜索未能改进当前解
2025-04-08 16:08:58,288 - DEBUG - 执行AGV分配局部搜索，当前完工时间: 1941.00
2025-04-08 16:08:58,291 - DEBUG - AGV分配局部搜索成功！完工时间从 1941.00 降低到 1913.00，改进: 28.00 (1.44%)
2025-04-08 16:08:58,295 - DEBUG - 执行AGV分配局部搜索，当前完工时间: 1862.00
2025-04-08 16:08:58,298 - DEBUG - 局部搜索未能改进当前解
2025-04-08 16:08:58,302 - DEBUG - 执行AGV分配局部搜索，当前完工时间: 1945.00
2025-04-08 16:08:58,305 - DEBUG - 局部搜索未能改进当前解
2025-04-08 16:08:58,310 - DEBUG - 执行AGV分配局部搜索，当前完工时间: 1959.00
2025-04-08 16:08:58,313 - DEBUG - 局部搜索未能改进当前解
2025-04-08 16:08:58,318 - DEBUG - 执行AGV分配局部搜索，当前完工时间: 1841.00
2025-04-08 16:08:58,320 - DEBUG - 局部搜索未能改进当前解
2025-04-08 16:08:58,325 - DEBUG - 执行AGV分配局部搜索，当前完工时间: 1852.00
2025-04-08 16:08:58,328 - DEBUG - AGV分配局部搜索成功！完工时间从 1852.00 降低到 1834.00，改进: 18.00 (0.97%)
2025-04-08 16:08:58,331 - DEBUG - 执行AGV分配局部搜索，当前完工时间: 1881.00
2025-04-08 16:08:58,335 - DEBUG - 局部搜索未能改进当前解
2025-04-08 16:08:58,339 - DEBUG - 执行AGV分配局部搜索，当前完工时间: 1918.00
2025-04-08 16:08:58,342 - DEBUG - 局部搜索未能改进当前解
2025-04-08 16:08:58,345 - DEBUG - 执行AGV分配局部搜索，当前完工时间: 1871.00
2025-04-08 16:08:58,349 - DEBUG - 局部搜索未能改进当前解
2025-04-08 16:08:58,353 - DEBUG - 执行AGV分配局部搜索，当前完工时间: 1852.00
2025-04-08 16:08:58,356 - DEBUG - AGV分配局部搜索成功！完工时间从 1852.00 降低到 1834.00，改进: 18.00 (0.97%)
2025-04-08 16:08:58,360 - DEBUG - 执行AGV分配局部搜索，当前完工时间: 1901.00
2025-04-08 16:08:58,364 - DEBUG - 局部搜索未能改进当前解
2025-04-08 16:08:58,368 - DEBUG - 执行AGV分配局部搜索，当前完工时间: 1906.00
2025-04-08 16:08:58,373 - DEBUG - 局部搜索未能改进当前解
2025-04-08 16:08:58,377 - DEBUG - 执行AGV分配局部搜索，当前完工时间: 1866.00
2025-04-08 16:08:58,379 - DEBUG - 局部搜索未能改进当前解
2025-04-08 16:08:58,383 - DEBUG - 执行AGV分配局部搜索，当前完工时间: 1943.00
2025-04-08 16:08:58,389 - DEBUG - 局部搜索未能改进当前解
2025-04-08 16:08:58,392 - DEBUG - 执行AGV分配局部搜索，当前完工时间: 1822.00
2025-04-08 16:08:58,396 - DEBUG - 局部搜索未能改进当前解
2025-04-08 16:08:58,400 - DEBUG - 执行AGV分配局部搜索，当前完工时间: 1859.00
2025-04-08 16:08:58,403 - DEBUG - 局部搜索未能改进当前解
2025-04-08 16:08:58,407 - DEBUG - 执行AGV分配局部搜索，当前完工时间: 1816.00
2025-04-08 16:08:58,410 - DEBUG - 局部搜索未能改进当前解
2025-04-08 16:08:58,414 - DEBUG - 执行AGV分配局部搜索，当前完工时间: 1839.00
2025-04-08 16:08:58,418 - DEBUG - 局部搜索未能改进当前解
2025-04-08 16:08:58,418 - DEBUG - ==================================================
2025-04-08 16:08:58,418 - DEBUG - Efficiency Statistics of Local Search :
2025-04-08 16:08:58,418 - DEBUG - Number of attempts: 99
2025-04-08 16:08:58,418 - DEBUG - Average Success Rate: 12.12%
2025-04-08 16:08:58,418 - DEBUG - AGV Local Search Success: 12，Average Improvement: 18.17
2025-04-08 16:08:58,422 - DEBUG - 执行AGV分配局部搜索，当前完工时间: 1870.00
2025-04-08 16:08:58,426 - DEBUG - 局部搜索未能改进当前解
2025-04-08 16:08:58,429 - DEBUG - 执行AGV分配局部搜索，当前完工时间: 1831.00
2025-04-08 16:08:58,433 - DEBUG - 局部搜索未能改进当前解
2025-04-08 16:08:58,437 - DEBUG - 执行AGV分配局部搜索，当前完工时间: 1875.00
2025-04-08 16:08:58,441 - DEBUG - 局部搜索未能改进当前解
2025-04-08 16:08:58,445 - DEBUG - 执行AGV分配局部搜索，当前完工时间: 1817.00
2025-04-08 16:08:58,449 - DEBUG - 局部搜索未能改进当前解
2025-04-08 16:08:58,452 - DEBUG - 执行AGV分配局部搜索，当前完工时间: 1832.00
2025-04-08 16:08:58,456 - DEBUG - 局部搜索未能改进当前解
2025-04-08 16:08:58,460 - DEBUG - 执行AGV分配局部搜索，当前完工时间: 1852.00
2025-04-08 16:08:58,464 - DEBUG - 局部搜索未能改进当前解
2025-04-08 16:08:58,466 - DEBUG - 执行AGV分配局部搜索，当前完工时间: 1963.00
2025-04-08 16:08:58,470 - DEBUG - 局部搜索未能改进当前解
2025-04-08 16:08:58,474 - DEBUG - 执行AGV分配局部搜索，当前完工时间: 1831.00
2025-04-08 16:08:58,479 - DEBUG - 局部搜索未能改进当前解
2025-04-08 16:08:58,482 - DEBUG - 执行AGV分配局部搜索，当前完工时间: 2015.00
2025-04-08 16:08:58,486 - DEBUG - 局部搜索未能改进当前解
2025-04-08 16:08:58,490 - DEBUG - 执行AGV分配局部搜索，当前完工时间: 1880.00
2025-04-08 16:08:58,493 - DEBUG - 局部搜索未能改进当前解
2025-04-08 16:08:58,496 - DEBUG - 执行AGV分配局部搜索，当前完工时间: 1974.00
2025-04-08 16:08:58,500 - DEBUG - 局部搜索未能改进当前解
2025-04-08 16:08:58,504 - DEBUG - 执行AGV分配局部搜索，当前完工时间: 1903.00
2025-04-08 16:08:58,508 - DEBUG - 局部搜索未能改进当前解
2025-04-08 16:08:58,512 - DEBUG - 执行AGV分配局部搜索，当前完工时间: 1820.00
2025-04-08 16:08:58,516 - DEBUG - 局部搜索未能改进当前解
2025-04-08 16:08:58,519 - DEBUG - 执行AGV分配局部搜索，当前完工时间: 1766.00
2025-04-08 16:08:58,523 - DEBUG - 局部搜索未能改进当前解
2025-04-08 16:08:58,526 - DEBUG - 执行AGV分配局部搜索，当前完工时间: 1807.00
2025-04-08 16:08:58,530 - DEBUG - 局部搜索未能改进当前解
2025-04-08 16:08:58,534 - DEBUG - 执行AGV分配局部搜索，当前完工时间: 1819.00
2025-04-08 16:08:58,538 - DEBUG - 局部搜索未能改进当前解
2025-04-08 16:08:58,541 - DEBUG - 执行AGV分配局部搜索，当前完工时间: 1813.00
2025-04-08 16:08:58,544 - DEBUG - 局部搜索未能改进当前解
2025-04-08 16:08:58,548 - DEBUG - 执行AGV分配局部搜索，当前完工时间: 1854.00
2025-04-08 16:08:58,551 - DEBUG - 局部搜索未能改进当前解
2025-04-08 16:08:58,555 - DEBUG - 执行AGV分配局部搜索，当前完工时间: 1865.00
2025-04-08 16:08:58,559 - DEBUG - 局部搜索未能改进当前解
2025-04-08 16:08:58,562 - DEBUG - 执行AGV分配局部搜索，当前完工时间: 1867.00
2025-04-08 16:08:58,567 - DEBUG - AGV分配局部搜索成功！完工时间从 1867.00 降低到 1856.00，改进: 11.00 (0.59%)
2025-04-08 16:08:58,569 - DEBUG - 执行AGV分配局部搜索，当前完工时间: 1870.00
2025-04-08 16:08:58,573 - DEBUG - 局部搜索未能改进当前解
2025-04-08 16:08:58,577 - DEBUG - 执行AGV分配局部搜索，当前完工时间: 1900.00
2025-04-08 16:08:58,581 - DEBUG - 局部搜索未能改进当前解
2025-04-08 16:08:58,584 - DEBUG - 执行AGV分配局部搜索，当前完工时间: 1863.00
2025-04-08 16:08:58,589 - DEBUG - 局部搜索未能改进当前解
2025-04-08 16:08:58,591 - DEBUG - 执行AGV分配局部搜索，当前完工时间: 1827.00
2025-04-08 16:08:58,594 - DEBUG - 局部搜索未能改进当前解
2025-04-08 16:08:58,599 - DEBUG - 执行AGV分配局部搜索，当前完工时间: 1876.00
2025-04-08 16:08:58,603 - DEBUG - AGV分配局部搜索成功！完工时间从 1876.00 降低到 1814.00，改进: 62.00 (3.30%)
2025-04-08 16:08:58,606 - DEBUG - 执行AGV分配局部搜索，当前完工时间: 1862.00
2025-04-08 16:08:58,609 - DEBUG - 局部搜索未能改进当前解
2025-04-08 16:08:58,613 - DEBUG - 执行AGV分配局部搜索，当前完工时间: 1908.00
2025-04-08 16:08:58,617 - DEBUG - 局部搜索未能改进当前解
2025-04-08 16:08:58,621 - DEBUG - 执行AGV分配局部搜索，当前完工时间: 1800.00
2025-04-08 16:08:58,624 - DEBUG - 局部搜索未能改进当前解
2025-04-08 16:08:58,628 - DEBUG - 执行AGV分配局部搜索，当前完工时间: 1970.00
2025-04-08 16:08:58,631 - DEBUG - 局部搜索未能改进当前解
2025-04-08 16:08:58,635 - DEBUG - 执行AGV分配局部搜索，当前完工时间: 1867.00
2025-04-08 16:08:58,639 - DEBUG - 局部搜索未能改进当前解
2025-04-08 16:08:58,643 - DEBUG - 执行AGV分配局部搜索，当前完工时间: 1880.00
2025-04-08 16:08:58,647 - DEBUG - 局部搜索未能改进当前解
2025-04-08 16:08:58,650 - DEBUG - 执行AGV分配局部搜索，当前完工时间: 1869.00
2025-04-08 16:08:58,655 - DEBUG - 局部搜索未能改进当前解
2025-04-08 16:08:58,659 - DEBUG - 执行AGV分配局部搜索，当前完工时间: 1799.00
2025-04-08 16:08:58,662 - DEBUG - AGV分配局部搜索成功！完工时间从 1799.00 降低到 1792.00，改进: 7.00 (0.39%)
2025-04-08 16:08:58,666 - DEBUG - 执行AGV分配局部搜索，当前完工时间: 1792.00
2025-04-08 16:08:58,669 - DEBUG - 局部搜索未能改进当前解
2025-04-08 16:08:58,672 - DEBUG - 执行AGV分配局部搜索，当前完工时间: 1806.00
2025-04-08 16:08:58,676 - DEBUG - 局部搜索未能改进当前解
2025-04-08 16:08:58,681 - DEBUG - 执行AGV分配局部搜索，当前完工时间: 1815.00
2025-04-08 16:08:58,684 - DEBUG - 局部搜索未能改进当前解
2025-04-08 16:08:58,687 - DEBUG - 执行AGV分配局部搜索，当前完工时间: 1933.00
2025-04-08 16:08:58,692 - DEBUG - 局部搜索未能改进当前解
2025-04-08 16:08:58,695 - DEBUG - 执行AGV分配局部搜索，当前完工时间: 1831.00
2025-04-08 16:08:58,697 - DEBUG - 局部搜索未能改进当前解
2025-04-08 16:08:58,702 - DEBUG - 执行AGV分配局部搜索，当前完工时间: 1841.00
2025-04-08 16:08:58,706 - DEBUG - 局部搜索未能改进当前解
2025-04-08 16:08:58,709 - DEBUG - 执行AGV分配局部搜索，当前完工时间: 1948.00
2025-04-08 16:08:58,714 - DEBUG - 局部搜索未能改进当前解
2025-04-08 16:08:58,716 - DEBUG - 执行AGV分配局部搜索，当前完工时间: 1844.00
2025-04-08 16:08:58,721 - DEBUG - 局部搜索未能改进当前解
2025-04-08 16:08:58,724 - DEBUG - 执行AGV分配局部搜索，当前完工时间: 1801.00
2025-04-08 16:08:58,728 - DEBUG - AGV分配局部搜索成功！完工时间从 1801.00 降低到 1793.00，改进: 8.00 (0.44%)
2025-04-08 16:08:58,732 - DEBUG - 执行AGV分配局部搜索，当前完工时间: 1854.00
2025-04-08 16:08:58,735 - DEBUG - 局部搜索未能改进当前解
2025-04-08 16:08:58,739 - DEBUG - 执行AGV分配局部搜索，当前完工时间: 1874.00
2025-04-08 16:08:58,743 - DEBUG - 局部搜索未能改进当前解
2025-04-08 16:08:58,747 - DEBUG - 执行AGV分配局部搜索，当前完工时间: 1908.00
2025-04-08 16:08:58,750 - DEBUG - 局部搜索未能改进当前解
2025-04-08 16:08:58,754 - DEBUG - 执行AGV分配局部搜索，当前完工时间: 1810.00
2025-04-08 16:08:58,757 - DEBUG - 局部搜索未能改进当前解
2025-04-08 16:08:58,760 - DEBUG - 执行AGV分配局部搜索，当前完工时间: 1847.00
2025-04-08 16:08:58,764 - DEBUG - 局部搜索未能改进当前解
2025-04-08 16:08:58,768 - DEBUG - 执行AGV分配局部搜索，当前完工时间: 1957.00
2025-04-08 16:08:58,771 - DEBUG - AGV分配局部搜索成功！完工时间从 1957.00 降低到 1883.00，改进: 74.00 (3.78%)
2025-04-08 16:08:58,776 - DEBUG - 执行AGV分配局部搜索，当前完工时间: 1832.00
2025-04-08 16:08:58,780 - DEBUG - 局部搜索未能改进当前解
2025-04-08 16:08:58,784 - DEBUG - 执行AGV分配局部搜索，当前完工时间: 1884.00
2025-04-08 16:08:58,787 - DEBUG - 局部搜索未能改进当前解
2025-04-08 16:08:58,791 - DEBUG - 执行AGV分配局部搜索，当前完工时间: 1953.00
2025-04-08 16:08:58,794 - DEBUG - AGV分配局部搜索成功！完工时间从 1953.00 降低到 1886.00，改进: 67.00 (3.43%)
2025-04-08 16:08:58,799 - DEBUG - 执行AGV分配局部搜索，当前完工时间: 1822.00
2025-04-08 16:08:58,802 - DEBUG - 局部搜索未能改进当前解
2025-04-08 16:08:58,806 - DEBUG - 执行AGV分配局部搜索，当前完工时间: 1860.00
2025-04-08 16:08:58,808 - DEBUG - 局部搜索未能改进当前解
2025-04-08 16:08:58,812 - DEBUG - 执行AGV分配局部搜索，当前完工时间: 1855.00
2025-04-08 16:08:58,815 - DEBUG - 局部搜索未能改进当前解
2025-04-08 16:08:58,820 - DEBUG - 执行AGV分配局部搜索，当前完工时间: 1794.00
2025-04-08 16:08:58,823 - DEBUG - 局部搜索未能改进当前解
2025-04-08 16:08:58,827 - DEBUG - 执行AGV分配局部搜索，当前完工时间: 1888.00
2025-04-08 16:08:58,830 - DEBUG - 局部搜索未能改进当前解
2025-04-08 16:08:58,834 - DEBUG - 执行AGV分配局部搜索，当前完工时间: 1921.00
2025-04-08 16:08:58,837 - DEBUG - 局部搜索未能改进当前解
2025-04-08 16:08:58,841 - DEBUG - 执行AGV分配局部搜索，当前完工时间: 1902.00
2025-04-08 16:08:58,845 - DEBUG - 局部搜索未能改进当前解
2025-04-08 16:08:58,847 - DEBUG - 执行AGV分配局部搜索，当前完工时间: 1847.00
2025-04-08 16:08:58,852 - DEBUG - AGV分配局部搜索成功！完工时间从 1847.00 降低到 1803.00，改进: 44.00 (2.38%)
2025-04-08 16:08:58,856 - DEBUG - 执行AGV分配局部搜索，当前完工时间: 1903.00
2025-04-08 16:08:58,860 - DEBUG - 局部搜索未能改进当前解
2025-04-08 16:08:58,864 - DEBUG - 执行AGV分配局部搜索，当前完工时间: 1811.00
2025-04-08 16:08:58,866 - DEBUG - 局部搜索未能改进当前解
2025-04-08 16:08:58,870 - DEBUG - 执行AGV分配局部搜索，当前完工时间: 1876.00
2025-04-08 16:08:58,874 - DEBUG - AGV分配局部搜索成功！完工时间从 1876.00 降低到 1832.00，改进: 44.00 (2.35%)
2025-04-08 16:08:58,879 - DEBUG - 执行AGV分配局部搜索，当前完工时间: 1996.00
2025-04-08 16:08:58,882 - DEBUG - 局部搜索未能改进当前解
2025-04-08 16:08:58,885 - DEBUG - 执行AGV分配局部搜索，当前完工时间: 1825.00
2025-04-08 16:08:58,889 - DEBUG - 局部搜索未能改进当前解
2025-04-08 16:08:58,893 - DEBUG - 执行AGV分配局部搜索，当前完工时间: 1864.00
2025-04-08 16:08:58,896 - DEBUG - 局部搜索未能改进当前解
2025-04-08 16:08:58,901 - DEBUG - 执行AGV分配局部搜索，当前完工时间: 1899.00
2025-04-08 16:08:58,904 - DEBUG - 局部搜索未能改进当前解
2025-04-08 16:08:58,908 - DEBUG - 执行AGV分配局部搜索，当前完工时间: 1821.00
2025-04-08 16:08:58,912 - DEBUG - 局部搜索未能改进当前解
2025-04-08 16:08:58,915 - DEBUG - 执行AGV分配局部搜索，当前完工时间: 1866.00
2025-04-08 16:08:58,919 - DEBUG - AGV分配局部搜索成功！完工时间从 1866.00 降低到 1821.00，改进: 45.00 (2.41%)
2025-04-08 16:08:58,923 - DEBUG - 执行AGV分配局部搜索，当前完工时间: 1933.00
2025-04-08 16:08:58,927 - DEBUG - AGV分配局部搜索成功！完工时间从 1933.00 降低到 1927.00，改进: 6.00 (0.31%)
2025-04-08 16:08:58,930 - DEBUG - 执行AGV分配局部搜索，当前完工时间: 1837.00
2025-04-08 16:08:58,934 - DEBUG - 局部搜索未能改进当前解
2025-04-08 16:08:58,937 - DEBUG - 执行AGV分配局部搜索，当前完工时间: 1828.00
2025-04-08 16:08:58,941 - DEBUG - AGV分配局部搜索成功！完工时间从 1828.00 降低到 1815.00，改进: 13.00 (0.71%)
2025-04-08 16:08:58,945 - DEBUG - 执行AGV分配局部搜索，当前完工时间: 1819.00
2025-04-08 16:08:58,947 - DEBUG - 局部搜索未能改进当前解
2025-04-08 16:08:58,953 - DEBUG - 执行AGV分配局部搜索，当前完工时间: 2016.00
2025-04-08 16:08:58,956 - DEBUG - 局部搜索未能改进当前解
2025-04-08 16:08:58,960 - DEBUG - 执行AGV分配局部搜索，当前完工时间: 1884.00
2025-04-08 16:08:58,964 - DEBUG - 局部搜索未能改进当前解
2025-04-08 16:08:58,968 - DEBUG - 执行AGV分配局部搜索，当前完工时间: 1811.00
2025-04-08 16:08:58,971 - DEBUG - 局部搜索未能改进当前解
2025-04-08 16:08:58,975 - DEBUG - 执行AGV分配局部搜索，当前完工时间: 1914.00
2025-04-08 16:08:58,979 - DEBUG - AGV分配局部搜索成功！完工时间从 1914.00 降低到 1889.00，改进: 25.00 (1.31%)
2025-04-08 16:08:58,983 - DEBUG - 执行AGV分配局部搜索，当前完工时间: 1799.00
2025-04-08 16:08:58,987 - DEBUG - 局部搜索未能改进当前解
2025-04-08 16:08:58,990 - DEBUG - 执行AGV分配局部搜索，当前完工时间: 1891.00
2025-04-08 16:08:58,994 - DEBUG - 局部搜索未能改进当前解
2025-04-08 16:08:58,997 - DEBUG - 执行AGV分配局部搜索，当前完工时间: 1864.00
2025-04-08 16:08:59,001 - DEBUG - 局部搜索未能改进当前解
2025-04-08 16:08:59,004 - DEBUG - 执行AGV分配局部搜索，当前完工时间: 1939.00
2025-04-08 16:08:59,008 - DEBUG - AGV分配局部搜索成功！完工时间从 1939.00 降低到 1909.00，改进: 30.00 (1.55%)
2025-04-08 16:08:59,012 - DEBUG - 执行AGV分配局部搜索，当前完工时间: 1824.00
2025-04-08 16:08:59,016 - DEBUG - 局部搜索未能改进当前解
2025-04-08 16:08:59,020 - DEBUG - 执行AGV分配局部搜索，当前完工时间: 1809.00
2025-04-08 16:08:59,023 - DEBUG - 局部搜索未能改进当前解
2025-04-08 16:08:59,027 - DEBUG - 执行AGV分配局部搜索，当前完工时间: 1906.00
2025-04-08 16:08:59,030 - DEBUG - 局部搜索未能改进当前解
2025-04-08 16:08:59,034 - DEBUG - 执行AGV分配局部搜索，当前完工时间: 1793.00
2025-04-08 16:08:59,037 - DEBUG - 局部搜索未能改进当前解
2025-04-08 16:08:59,042 - DEBUG - 执行AGV分配局部搜索，当前完工时间: 1798.00
2025-04-08 16:08:59,046 - DEBUG - 局部搜索未能改进当前解
2025-04-08 16:08:59,049 - DEBUG - 执行AGV分配局部搜索，当前完工时间: 1831.00
2025-04-08 16:08:59,053 - DEBUG - 局部搜索未能改进当前解
2025-04-08 16:08:59,056 - DEBUG - 执行AGV分配局部搜索，当前完工时间: 1839.00
2025-04-08 16:08:59,060 - DEBUG - AGV分配局部搜索成功！完工时间从 1839.00 降低到 1838.00，改进: 1.00 (0.05%)
2025-04-08 16:08:59,064 - DEBUG - 执行AGV分配局部搜索，当前完工时间: 1847.00
2025-04-08 16:08:59,068 - DEBUG - 局部搜索未能改进当前解
2025-04-08 16:08:59,070 - DEBUG - 执行AGV分配局部搜索，当前完工时间: 1874.00
2025-04-08 16:08:59,075 - DEBUG - 局部搜索未能改进当前解
2025-04-08 16:08:59,079 - DEBUG - 执行AGV分配局部搜索，当前完工时间: 1832.00
2025-04-08 16:08:59,082 - DEBUG - 局部搜索未能改进当前解
2025-04-08 16:08:59,086 - DEBUG - 执行AGV分配局部搜索，当前完工时间: 1817.00
2025-04-08 16:08:59,090 - DEBUG - 局部搜索未能改进当前解
2025-04-08 16:08:59,093 - DEBUG - 执行AGV分配局部搜索，当前完工时间: 1925.00
2025-04-08 16:08:59,096 - DEBUG - 局部搜索未能改进当前解
2025-04-08 16:08:59,100 - DEBUG - 执行AGV分配局部搜索，当前完工时间: 1867.00
2025-04-08 16:08:59,103 - DEBUG - 局部搜索未能改进当前解
2025-04-08 16:08:59,106 - DEBUG - 执行AGV分配局部搜索，当前完工时间: 1887.00
2025-04-08 16:08:59,110 - DEBUG - 局部搜索未能改进当前解
2025-04-08 16:08:59,114 - DEBUG - 执行AGV分配局部搜索，当前完工时间: 1832.00
2025-04-08 16:08:59,118 - DEBUG - 局部搜索未能改进当前解
2025-04-08 16:08:59,122 - DEBUG - 执行AGV分配局部搜索，当前完工时间: 1951.00
2025-04-08 16:08:59,125 - DEBUG - 局部搜索未能改进当前解
2025-04-08 16:08:59,130 - DEBUG - 执行AGV分配局部搜索，当前完工时间: 1978.00
2025-04-08 16:08:59,133 - DEBUG - 局部搜索未能改进当前解
2025-04-08 16:08:59,137 - DEBUG - 执行AGV分配局部搜索，当前完工时间: 1854.00
2025-04-08 16:08:59,141 - DEBUG - AGV分配局部搜索成功！完工时间从 1854.00 降低到 1831.00，改进: 23.00 (1.24%)
2025-04-08 16:08:59,145 - DEBUG - 执行AGV分配局部搜索，当前完工时间: 1873.00
2025-04-08 16:08:59,149 - DEBUG - AGV分配局部搜索成功！完工时间从 1873.00 降低到 1855.00，改进: 18.00 (0.96%)
2025-04-08 16:08:59,150 - DEBUG - ==================================================
2025-04-08 16:08:59,150 - DEBUG - Efficiency Statistics of Local Search :
2025-04-08 16:08:59,150 - DEBUG - Number of attempts: 99
2025-04-08 16:08:59,150 - DEBUG - Average Success Rate: 16.16%
2025-04-08 16:08:59,150 - DEBUG - AGV Local Search Success: 16，Average Improvement: 29.88
2025-04-08 16:08:59,155 - DEBUG - 执行AGV分配局部搜索，当前完工时间: 1927.00
2025-04-08 16:08:59,158 - DEBUG - 局部搜索未能改进当前解
2025-04-08 16:08:59,162 - DEBUG - 执行AGV分配局部搜索，当前完工时间: 1843.00
2025-04-08 16:08:59,165 - DEBUG - 局部搜索未能改进当前解
2025-04-08 16:08:59,169 - DEBUG - 执行AGV分配局部搜索，当前完工时间: 1881.00
2025-04-08 16:08:59,173 - DEBUG - 局部搜索未能改进当前解
2025-04-08 16:08:59,177 - DEBUG - 执行AGV分配局部搜索，当前完工时间: 1810.00
2025-04-08 16:08:59,180 - DEBUG - 局部搜索未能改进当前解
2025-04-08 16:08:59,184 - DEBUG - 执行AGV分配局部搜索，当前完工时间: 1841.00
2025-04-08 16:08:59,188 - DEBUG - 局部搜索未能改进当前解
2025-04-08 16:08:59,192 - DEBUG - 执行AGV分配局部搜索，当前完工时间: 1925.00
2025-04-08 16:08:59,196 - DEBUG - 局部搜索未能改进当前解
2025-04-08 16:08:59,200 - DEBUG - 执行AGV分配局部搜索，当前完工时间: 1824.00
2025-04-08 16:08:59,204 - DEBUG - 局部搜索未能改进当前解
2025-04-08 16:08:59,207 - DEBUG - 执行AGV分配局部搜索，当前完工时间: 1843.00
2025-04-08 16:08:59,210 - DEBUG - 局部搜索未能改进当前解
2025-04-08 16:08:59,214 - DEBUG - 执行AGV分配局部搜索，当前完工时间: 1762.00
2025-04-08 16:08:59,218 - DEBUG - 局部搜索未能改进当前解
2025-04-08 16:08:59,222 - DEBUG - 执行AGV分配局部搜索，当前完工时间: 1860.00
2025-04-08 16:08:59,225 - DEBUG - 局部搜索未能改进当前解
2025-04-08 16:08:59,229 - DEBUG - 执行AGV分配局部搜索，当前完工时间: 1945.00
2025-04-08 16:08:59,232 - DEBUG - 局部搜索未能改进当前解
2025-04-08 16:08:59,236 - DEBUG - 执行AGV分配局部搜索，当前完工时间: 1839.00
2025-04-08 16:08:59,241 - DEBUG - 局部搜索未能改进当前解
2025-04-08 16:08:59,244 - DEBUG - 执行AGV分配局部搜索，当前完工时间: 1855.00
2025-04-08 16:08:59,247 - DEBUG - 局部搜索未能改进当前解
2025-04-08 16:08:59,252 - DEBUG - 执行AGV分配局部搜索，当前完工时间: 1817.00
2025-04-08 16:08:59,255 - DEBUG - 局部搜索未能改进当前解
2025-04-08 16:08:59,258 - DEBUG - 执行AGV分配局部搜索，当前完工时间: 1883.00
2025-04-08 16:08:59,263 - DEBUG - 局部搜索未能改进当前解
2025-04-08 16:08:59,266 - DEBUG - 执行AGV分配局部搜索，当前完工时间: 1832.00
2025-04-08 16:08:59,270 - DEBUG - 局部搜索未能改进当前解
2025-04-08 16:08:59,273 - DEBUG - 执行AGV分配局部搜索，当前完工时间: 1788.00
2025-04-08 16:08:59,277 - DEBUG - 局部搜索未能改进当前解
2025-04-08 16:08:59,281 - DEBUG - 执行AGV分配局部搜索，当前完工时间: 1850.00
2025-04-08 16:08:59,284 - DEBUG - 局部搜索未能改进当前解
2025-04-08 16:08:59,289 - DEBUG - 执行AGV分配局部搜索，当前完工时间: 1845.00
2025-04-08 16:08:59,292 - DEBUG - 局部搜索未能改进当前解
2025-04-08 16:08:59,296 - DEBUG - 执行AGV分配局部搜索，当前完工时间: 1872.00
2025-04-08 16:08:59,300 - DEBUG - 局部搜索未能改进当前解
2025-04-08 16:08:59,303 - DEBUG - 执行AGV分配局部搜索，当前完工时间: 1830.00
2025-04-08 16:08:59,307 - DEBUG - 局部搜索未能改进当前解
2025-04-08 16:08:59,310 - DEBUG - 执行AGV分配局部搜索，当前完工时间: 1840.00
2025-04-08 16:08:59,314 - DEBUG - 局部搜索未能改进当前解
2025-04-08 16:08:59,318 - DEBUG - 执行AGV分配局部搜索，当前完工时间: 1831.00
2025-04-08 16:08:59,321 - DEBUG - 局部搜索未能改进当前解
2025-04-08 16:08:59,325 - DEBUG - 执行AGV分配局部搜索，当前完工时间: 1942.00
2025-04-08 16:08:59,329 - DEBUG - AGV分配局部搜索成功！完工时间从 1942.00 降低到 1931.00，改进: 11.00 (0.57%)
2025-04-08 16:08:59,333 - DEBUG - 执行AGV分配局部搜索，当前完工时间: 1790.00
2025-04-08 16:08:59,336 - DEBUG - 局部搜索未能改进当前解
2025-04-08 16:08:59,340 - DEBUG - 执行AGV分配局部搜索，当前完工时间: 1826.00
2025-04-08 16:08:59,345 - DEBUG - 局部搜索未能改进当前解
2025-04-08 16:08:59,347 - DEBUG - 执行AGV分配局部搜索，当前完工时间: 1821.00
2025-04-08 16:08:59,352 - DEBUG - 局部搜索未能改进当前解
2025-04-08 16:08:59,356 - DEBUG - 执行AGV分配局部搜索，当前完工时间: 1915.00
2025-04-08 16:08:59,359 - DEBUG - 局部搜索未能改进当前解
2025-04-08 16:08:59,362 - DEBUG - 执行AGV分配局部搜索，当前完工时间: 1882.00
2025-04-08 16:08:59,367 - DEBUG - 局部搜索未能改进当前解
2025-04-08 16:08:59,370 - DEBUG - 执行AGV分配局部搜索，当前完工时间: 1902.00
2025-04-08 16:08:59,374 - DEBUG - 局部搜索未能改进当前解
2025-04-08 16:08:59,378 - DEBUG - 执行AGV分配局部搜索，当前完工时间: 1911.00
2025-04-08 16:08:59,382 - DEBUG - 局部搜索未能改进当前解
2025-04-08 16:08:59,386 - DEBUG - 执行AGV分配局部搜索，当前完工时间: 1830.00
2025-04-08 16:08:59,390 - DEBUG - AGV分配局部搜索成功！完工时间从 1830.00 降低到 1825.00，改进: 5.00 (0.27%)
2025-04-08 16:08:59,393 - DEBUG - 执行AGV分配局部搜索，当前完工时间: 1944.00
2025-04-08 16:08:59,397 - DEBUG - 局部搜索未能改进当前解
2025-04-08 16:08:59,401 - DEBUG - 执行AGV分配局部搜索，当前完工时间: 1812.00
2025-04-08 16:08:59,404 - DEBUG - AGV分配局部搜索成功！完工时间从 1812.00 降低到 1784.00，改进: 28.00 (1.55%)
2025-04-08 16:08:59,408 - DEBUG - 执行AGV分配局部搜索，当前完工时间: 1948.00
2025-04-08 16:08:59,411 - DEBUG - 局部搜索未能改进当前解
2025-04-08 16:08:59,415 - DEBUG - 执行AGV分配局部搜索，当前完工时间: 1983.00
2025-04-08 16:08:59,418 - DEBUG - 局部搜索未能改进当前解
2025-04-08 16:08:59,422 - DEBUG - 执行AGV分配局部搜索，当前完工时间: 1831.00
2025-04-08 16:08:59,425 - DEBUG - 局部搜索未能改进当前解
2025-04-08 16:08:59,429 - DEBUG - 执行AGV分配局部搜索，当前完工时间: 1903.00
2025-04-08 16:08:59,433 - DEBUG - 局部搜索未能改进当前解
2025-04-08 16:08:59,437 - DEBUG - 执行AGV分配局部搜索，当前完工时间: 1899.00
2025-04-08 16:08:59,440 - DEBUG - AGV分配局部搜索成功！完工时间从 1899.00 降低到 1880.00，改进: 19.00 (1.00%)
2025-04-08 16:08:59,444 - DEBUG - 执行AGV分配局部搜索，当前完工时间: 1925.00
2025-04-08 16:08:59,448 - DEBUG - AGV分配局部搜索成功！完工时间从 1925.00 降低到 1904.00，改进: 21.00 (1.09%)
2025-04-08 16:08:59,452 - DEBUG - 执行AGV分配局部搜索，当前完工时间: 1838.00
2025-04-08 16:08:59,455 - DEBUG - 局部搜索未能改进当前解
2025-04-08 16:08:59,459 - DEBUG - 执行AGV分配局部搜索，当前完工时间: 1825.00
2025-04-08 16:08:59,462 - DEBUG - 局部搜索未能改进当前解
2025-04-08 16:08:59,466 - DEBUG - 执行AGV分配局部搜索，当前完工时间: 1905.00
2025-04-08 16:08:59,471 - DEBUG - AGV分配局部搜索成功！完工时间从 1905.00 降低到 1848.00，改进: 57.00 (2.99%)
2025-04-08 16:08:59,474 - DEBUG - 执行AGV分配局部搜索，当前完工时间: 1792.00
2025-04-08 16:08:59,476 - DEBUG - 局部搜索未能改进当前解
2025-04-08 16:08:59,482 - DEBUG - 执行AGV分配局部搜索，当前完工时间: 2035.00
2025-04-08 16:08:59,485 - DEBUG - 局部搜索未能改进当前解
2025-04-08 16:08:59,489 - DEBUG - 执行AGV分配局部搜索，当前完工时间: 1846.00
2025-04-08 16:08:59,493 - DEBUG - 局部搜索未能改进当前解
2025-04-08 16:08:59,496 - DEBUG - 执行AGV分配局部搜索，当前完工时间: 1825.00
2025-04-08 16:08:59,501 - DEBUG - 局部搜索未能改进当前解
2025-04-08 16:08:59,504 - DEBUG - 执行AGV分配局部搜索，当前完工时间: 1873.00
2025-04-08 16:08:59,507 - DEBUG - 局部搜索未能改进当前解
2025-04-08 16:08:59,512 - DEBUG - 执行AGV分配局部搜索，当前完工时间: 1934.00
2025-04-08 16:08:59,515 - DEBUG - AGV分配局部搜索成功！完工时间从 1934.00 降低到 1896.00，改进: 38.00 (1.96%)
2025-04-08 16:08:59,519 - DEBUG - 执行AGV分配局部搜索，当前完工时间: 1846.00
2025-04-08 16:08:59,522 - DEBUG - 局部搜索未能改进当前解
2025-04-08 16:08:59,526 - DEBUG - 执行AGV分配局部搜索，当前完工时间: 1915.00
2025-04-08 16:08:59,530 - DEBUG - 局部搜索未能改进当前解
2025-04-08 16:08:59,534 - DEBUG - 执行AGV分配局部搜索，当前完工时间: 1867.00
2025-04-08 16:08:59,537 - DEBUG - 局部搜索未能改进当前解
2025-04-08 16:08:59,541 - DEBUG - 执行AGV分配局部搜索，当前完工时间: 1822.00
2025-04-08 16:08:59,545 - DEBUG - 局部搜索未能改进当前解
2025-04-08 16:08:59,548 - DEBUG - 执行AGV分配局部搜索，当前完工时间: 1805.00
2025-04-08 16:08:59,551 - DEBUG - 局部搜索未能改进当前解
2025-04-08 16:08:59,556 - DEBUG - 执行AGV分配局部搜索，当前完工时间: 1863.00
2025-04-08 16:08:59,560 - DEBUG - AGV分配局部搜索成功！完工时间从 1863.00 降低到 1857.00，改进: 6.00 (0.32%)
2025-04-08 16:08:59,562 - DEBUG - 执行AGV分配局部搜索，当前完工时间: 1813.00
2025-04-08 16:08:59,567 - DEBUG - 局部搜索未能改进当前解
2025-04-08 16:08:59,571 - DEBUG - 执行AGV分配局部搜索，当前完工时间: 1840.00
2025-04-08 16:08:59,576 - DEBUG - 局部搜索未能改进当前解
2025-04-08 16:08:59,579 - DEBUG - 执行AGV分配局部搜索，当前完工时间: 1942.00
2025-04-08 16:08:59,584 - DEBUG - 局部搜索未能改进当前解
2025-04-08 16:08:59,587 - DEBUG - 执行AGV分配局部搜索，当前完工时间: 1951.00
2025-04-08 16:08:59,592 - DEBUG - AGV分配局部搜索成功！完工时间从 1951.00 降低到 1894.00，改进: 57.00 (2.92%)
2025-04-08 16:08:59,595 - DEBUG - 执行AGV分配局部搜索，当前完工时间: 1860.00
2025-04-08 16:08:59,599 - DEBUG - 局部搜索未能改进当前解
2025-04-08 16:08:59,603 - DEBUG - 执行AGV分配局部搜索，当前完工时间: 1836.00
2025-04-08 16:08:59,607 - DEBUG - 局部搜索未能改进当前解
2025-04-08 16:08:59,610 - DEBUG - 执行AGV分配局部搜索，当前完工时间: 1847.00
2025-04-08 16:08:59,614 - DEBUG - 局部搜索未能改进当前解
2025-04-08 16:08:59,618 - DEBUG - 执行AGV分配局部搜索，当前完工时间: 1827.00
2025-04-08 16:08:59,622 - DEBUG - 局部搜索未能改进当前解
2025-04-08 16:08:59,625 - DEBUG - 执行AGV分配局部搜索，当前完工时间: 1781.00
2025-04-08 16:08:59,629 - DEBUG - 局部搜索未能改进当前解
2025-04-08 16:08:59,633 - DEBUG - 执行AGV分配局部搜索，当前完工时间: 1811.00
2025-04-08 16:08:59,637 - DEBUG - 局部搜索未能改进当前解
2025-04-08 16:08:59,641 - DEBUG - 执行AGV分配局部搜索，当前完工时间: 1880.00
2025-04-08 16:08:59,645 - DEBUG - AGV分配局部搜索成功！完工时间从 1880.00 降低到 1874.00，改进: 6.00 (0.32%)
2025-04-08 16:08:59,648 - DEBUG - 执行AGV分配局部搜索，当前完工时间: 1821.00
2025-04-08 16:08:59,652 - DEBUG - 局部搜索未能改进当前解
2025-04-08 16:08:59,656 - DEBUG - 执行AGV分配局部搜索，当前完工时间: 1918.00
2025-04-08 16:08:59,660 - DEBUG - 局部搜索未能改进当前解
2025-04-08 16:08:59,664 - DEBUG - 执行AGV分配局部搜索，当前完工时间: 1868.00
2025-04-08 16:08:59,668 - DEBUG - 局部搜索未能改进当前解
2025-04-08 16:08:59,672 - DEBUG - 执行AGV分配局部搜索，当前完工时间: 1876.00
2025-04-08 16:08:59,676 - DEBUG - 局部搜索未能改进当前解
2025-04-08 16:08:59,679 - DEBUG - 执行AGV分配局部搜索，当前完工时间: 1781.00
2025-04-08 16:08:59,683 - DEBUG - 局部搜索未能改进当前解
2025-04-08 16:08:59,687 - DEBUG - 执行AGV分配局部搜索，当前完工时间: 1878.00
2025-04-08 16:08:59,691 - DEBUG - 局部搜索未能改进当前解
2025-04-08 16:08:59,695 - DEBUG - 执行AGV分配局部搜索，当前完工时间: 1831.00
2025-04-08 16:08:59,699 - DEBUG - 局部搜索未能改进当前解
2025-04-08 16:08:59,702 - DEBUG - 执行AGV分配局部搜索，当前完工时间: 1921.00
2025-04-08 16:08:59,705 - DEBUG - AGV分配局部搜索成功！完工时间从 1921.00 降低到 1911.00，改进: 10.00 (0.52%)
2025-04-08 16:08:59,710 - DEBUG - 执行AGV分配局部搜索，当前完工时间: 1877.00
2025-04-08 16:08:59,712 - DEBUG - 局部搜索未能改进当前解
2025-04-08 16:08:59,717 - DEBUG - 执行AGV分配局部搜索，当前完工时间: 1858.00
2025-04-08 16:08:59,720 - DEBUG - 局部搜索未能改进当前解
2025-04-08 16:08:59,725 - DEBUG - 执行AGV分配局部搜索，当前完工时间: 1926.00
2025-04-08 16:08:59,728 - DEBUG - 局部搜索未能改进当前解
2025-04-08 16:08:59,731 - DEBUG - 执行AGV分配局部搜索，当前完工时间: 1891.00
2025-04-08 16:08:59,735 - DEBUG - 局部搜索未能改进当前解
2025-04-08 16:08:59,738 - DEBUG - 执行AGV分配局部搜索，当前完工时间: 1879.00
2025-04-08 16:08:59,743 - DEBUG - 局部搜索未能改进当前解
2025-04-08 16:08:59,746 - DEBUG - 执行AGV分配局部搜索，当前完工时间: 1831.00
2025-04-08 16:08:59,750 - DEBUG - 局部搜索未能改进当前解
2025-04-08 16:08:59,754 - DEBUG - 执行AGV分配局部搜索，当前完工时间: 1972.00
2025-04-08 16:08:59,758 - DEBUG - 局部搜索未能改进当前解
2025-04-08 16:08:59,762 - DEBUG - 执行AGV分配局部搜索，当前完工时间: 1817.00
2025-04-08 16:08:59,766 - DEBUG - 局部搜索未能改进当前解
2025-04-08 16:08:59,769 - DEBUG - 执行AGV分配局部搜索，当前完工时间: 1853.00
2025-04-08 16:08:59,772 - DEBUG - 局部搜索未能改进当前解
2025-04-08 16:08:59,777 - DEBUG - 执行AGV分配局部搜索，当前完工时间: 1865.00
2025-04-08 16:08:59,779 - DEBUG - 局部搜索未能改进当前解
2025-04-08 16:08:59,784 - DEBUG - 执行AGV分配局部搜索，当前完工时间: 1938.00
2025-04-08 16:08:59,788 - DEBUG - 局部搜索未能改进当前解
2025-04-08 16:08:59,792 - DEBUG - 执行AGV分配局部搜索，当前完工时间: 1973.00
2025-04-08 16:08:59,795 - DEBUG - 局部搜索未能改进当前解
2025-04-08 16:08:59,798 - DEBUG - 执行AGV分配局部搜索，当前完工时间: 1825.00
2025-04-08 16:08:59,803 - DEBUG - 局部搜索未能改进当前解
2025-04-08 16:08:59,807 - DEBUG - 执行AGV分配局部搜索，当前完工时间: 1834.00
2025-04-08 16:08:59,810 - DEBUG - 局部搜索未能改进当前解
2025-04-08 16:08:59,814 - DEBUG - 执行AGV分配局部搜索，当前完工时间: 1910.00
2025-04-08 16:08:59,816 - DEBUG - 局部搜索未能改进当前解
2025-04-08 16:08:59,822 - DEBUG - 执行AGV分配局部搜索，当前完工时间: 1907.00
2025-04-08 16:08:59,825 - DEBUG - 局部搜索未能改进当前解
2025-04-08 16:08:59,829 - DEBUG - 执行AGV分配局部搜索，当前完工时间: 1916.00
2025-04-08 16:08:59,833 - DEBUG - 局部搜索未能改进当前解
2025-04-08 16:08:59,837 - DEBUG - 执行AGV分配局部搜索，当前完工时间: 1898.00
2025-04-08 16:08:59,840 - DEBUG - 局部搜索未能改进当前解
2025-04-08 16:08:59,844 - DEBUG - 执行AGV分配局部搜索，当前完工时间: 1898.00
2025-04-08 16:08:59,847 - DEBUG - 局部搜索未能改进当前解
2025-04-08 16:08:59,851 - DEBUG - 执行AGV分配局部搜索，当前完工时间: 1819.00
2025-04-08 16:08:59,855 - DEBUG - 局部搜索未能改进当前解
2025-04-08 16:08:59,858 - DEBUG - 执行AGV分配局部搜索，当前完工时间: 1851.00
2025-04-08 16:08:59,862 - DEBUG - AGV分配局部搜索成功！完工时间从 1851.00 降低到 1828.00，改进: 23.00 (1.24%)
2025-04-08 16:08:59,865 - DEBUG - 执行AGV分配局部搜索，当前完工时间: 1878.00
2025-04-08 16:08:59,869 - DEBUG - 局部搜索未能改进当前解
2025-04-08 16:08:59,872 - DEBUG - 执行AGV分配局部搜索，当前完工时间: 1790.00
2025-04-08 16:08:59,877 - DEBUG - 局部搜索未能改进当前解
2025-04-08 16:08:59,881 - DEBUG - 执行AGV分配局部搜索，当前完工时间: 1823.00
2025-04-08 16:08:59,885 - DEBUG - AGV分配局部搜索成功！完工时间从 1823.00 降低到 1810.00，改进: 13.00 (0.71%)
2025-04-08 16:08:59,888 - DEBUG - 执行AGV分配局部搜索，当前完工时间: 1892.00
2025-04-08 16:08:59,892 - DEBUG - AGV分配局部搜索成功！完工时间从 1892.00 降低到 1888.00，改进: 4.00 (0.21%)
2025-04-08 16:08:59,893 - DEBUG - ==================================================
2025-04-08 16:08:59,893 - DEBUG - Efficiency Statistics of Local Search :
2025-04-08 16:08:59,893 - DEBUG - Number of attempts: 99
2025-04-08 16:08:59,893 - DEBUG - Average Success Rate: 14.14%
2025-04-08 16:08:59,893 - DEBUG - AGV Local Search Success: 14，Average Improvement: 21.29
2025-04-08 16:08:59,897 - DEBUG - 执行AGV分配局部搜索，当前完工时间: 1832.00
2025-04-08 16:08:59,900 - DEBUG - 局部搜索未能改进当前解
2025-04-08 16:08:59,905 - DEBUG - 执行AGV分配局部搜索，当前完工时间: 1929.00
2025-04-08 16:08:59,909 - DEBUG - 局部搜索未能改进当前解
2025-04-08 16:08:59,912 - DEBUG - 执行AGV分配局部搜索，当前完工时间: 1859.00
2025-04-08 16:08:59,916 - DEBUG - 局部搜索未能改进当前解
2025-04-08 16:08:59,920 - DEBUG - 执行AGV分配局部搜索，当前完工时间: 1848.00
2025-04-08 16:08:59,924 - DEBUG - 局部搜索未能改进当前解
2025-04-08 16:08:59,928 - DEBUG - 执行AGV分配局部搜索，当前完工时间: 1847.00
2025-04-08 16:08:59,931 - DEBUG - 局部搜索未能改进当前解
2025-04-08 16:08:59,936 - DEBUG - 执行AGV分配局部搜索，当前完工时间: 1808.00
2025-04-08 16:08:59,939 - DEBUG - AGV分配局部搜索成功！完工时间从 1808.00 降低到 1804.00，改进: 4.00 (0.22%)
2025-04-08 16:08:59,943 - DEBUG - 执行AGV分配局部搜索，当前完工时间: 1989.00
2025-04-08 16:08:59,947 - DEBUG - 局部搜索未能改进当前解
2025-04-08 16:08:59,951 - DEBUG - 执行AGV分配局部搜索，当前完工时间: 1892.00
2025-04-08 16:08:59,955 - DEBUG - 局部搜索未能改进当前解
2025-04-08 16:08:59,958 - DEBUG - 执行AGV分配局部搜索，当前完工时间: 1803.00
2025-04-08 16:08:59,962 - DEBUG - 局部搜索未能改进当前解
2025-04-08 16:08:59,966 - DEBUG - 执行AGV分配局部搜索，当前完工时间: 1814.00
2025-04-08 16:08:59,970 - DEBUG - 局部搜索未能改进当前解
2025-04-08 16:08:59,974 - DEBUG - 执行AGV分配局部搜索，当前完工时间: 1934.00
2025-04-08 16:08:59,977 - DEBUG - 局部搜索未能改进当前解
2025-04-08 16:08:59,982 - DEBUG - 执行AGV分配局部搜索，当前完工时间: 1944.00
2025-04-08 16:08:59,985 - DEBUG - AGV分配局部搜索成功！完工时间从 1944.00 降低到 1897.00，改进: 47.00 (2.42%)
2025-04-08 16:08:59,989 - DEBUG - 执行AGV分配局部搜索，当前完工时间: 1835.00
2025-04-08 16:08:59,993 - DEBUG - 局部搜索未能改进当前解
2025-04-08 16:08:59,997 - DEBUG - 执行AGV分配局部搜索，当前完工时间: 1848.00
2025-04-08 16:09:00,000 - DEBUG - 局部搜索未能改进当前解
2025-04-08 16:09:00,004 - DEBUG - 执行AGV分配局部搜索，当前完工时间: 1823.00
2025-04-08 16:09:00,009 - DEBUG - 局部搜索未能改进当前解
2025-04-08 16:09:00,014 - DEBUG - 执行AGV分配局部搜索，当前完工时间: 1888.00
2025-04-08 16:09:00,018 - DEBUG - AGV分配局部搜索成功！完工时间从 1888.00 降低到 1884.00，改进: 4.00 (0.21%)
2025-04-08 16:09:00,022 - DEBUG - 执行AGV分配局部搜索，当前完工时间: 1867.00
2025-04-08 16:09:00,025 - DEBUG - AGV分配局部搜索成功！完工时间从 1867.00 降低到 1846.00，改进: 21.00 (1.12%)
2025-04-08 16:09:00,030 - DEBUG - 执行AGV分配局部搜索，当前完工时间: 1825.00
2025-04-08 16:09:00,033 - DEBUG - 局部搜索未能改进当前解
2025-04-08 16:09:00,036 - DEBUG - 执行AGV分配局部搜索，当前完工时间: 1825.00
2025-04-08 16:09:00,041 - DEBUG - 局部搜索未能改进当前解
2025-04-08 16:09:00,045 - DEBUG - 执行AGV分配局部搜索，当前完工时间: 1858.00
2025-04-08 16:09:00,047 - DEBUG - 局部搜索未能改进当前解
2025-04-08 16:09:00,052 - DEBUG - 执行AGV分配局部搜索，当前完工时间: 1962.00
2025-04-08 16:09:00,056 - DEBUG - 局部搜索未能改进当前解
2025-04-08 16:09:00,059 - DEBUG - 执行AGV分配局部搜索，当前完工时间: 1928.00
2025-04-08 16:09:00,064 - DEBUG - AGV分配局部搜索成功！完工时间从 1928.00 降低到 1922.00，改进: 6.00 (0.31%)
2025-04-08 16:09:00,068 - DEBUG - 执行AGV分配局部搜索，当前完工时间: 1907.00
2025-04-08 16:09:00,070 - DEBUG - AGV分配局部搜索成功！完工时间从 1907.00 降低到 1885.00，改进: 22.00 (1.15%)
2025-04-08 16:09:00,075 - DEBUG - 执行AGV分配局部搜索，当前完工时间: 1925.00
2025-04-08 16:09:00,078 - DEBUG - 局部搜索未能改进当前解
2025-04-08 16:09:00,082 - DEBUG - 执行AGV分配局部搜索，当前完工时间: 1866.00
2025-04-08 16:09:00,086 - DEBUG - 局部搜索未能改进当前解
2025-04-08 16:09:00,088 - DEBUG - 执行AGV分配局部搜索，当前完工时间: 1831.00
2025-04-08 16:09:00,093 - DEBUG - AGV分配局部搜索成功！完工时间从 1831.00 降低到 1818.00，改进: 13.00 (0.71%)
2025-04-08 16:09:00,097 - DEBUG - 执行AGV分配局部搜索，当前完工时间: 1884.00
2025-04-08 16:09:00,100 - DEBUG - 局部搜索未能改进当前解
2025-04-08 16:09:00,105 - DEBUG - 执行AGV分配局部搜索，当前完工时间: 1821.00
2025-04-08 16:09:00,108 - DEBUG - 局部搜索未能改进当前解
2025-04-08 16:09:00,113 - DEBUG - 执行AGV分配局部搜索，当前完工时间: 1806.00
2025-04-08 16:09:00,116 - DEBUG - 局部搜索未能改进当前解
2025-04-08 16:09:00,121 - DEBUG - 执行AGV分配局部搜索，当前完工时间: 1837.00
2025-04-08 16:09:00,124 - DEBUG - AGV分配局部搜索成功！完工时间从 1837.00 降低到 1817.00，改进: 20.00 (1.09%)
2025-04-08 16:09:00,129 - DEBUG - 执行AGV分配局部搜索，当前完工时间: 1831.00
2025-04-08 16:09:00,133 - DEBUG - 局部搜索未能改进当前解
2025-04-08 16:09:00,137 - DEBUG - 执行AGV分配局部搜索，当前完工时间: 1837.00
2025-04-08 16:09:00,140 - DEBUG - 局部搜索未能改进当前解
2025-04-08 16:09:00,144 - DEBUG - 执行AGV分配局部搜索，当前完工时间: 1862.00
2025-04-08 16:09:00,147 - DEBUG - AGV分配局部搜索成功！完工时间从 1862.00 降低到 1832.00，改进: 30.00 (1.61%)
2025-04-08 16:09:00,152 - DEBUG - 执行AGV分配局部搜索，当前完工时间: 1839.00
2025-04-08 16:09:00,155 - DEBUG - 局部搜索未能改进当前解
2025-04-08 16:09:00,159 - DEBUG - 执行AGV分配局部搜索，当前完工时间: 1895.00
2025-04-08 16:09:00,164 - DEBUG - 局部搜索未能改进当前解
2025-04-08 16:09:00,166 - DEBUG - 执行AGV分配局部搜索，当前完工时间: 1805.00
2025-04-08 16:09:00,171 - DEBUG - 局部搜索未能改进当前解
2025-04-08 16:09:00,175 - DEBUG - 执行AGV分配局部搜索，当前完工时间: 1863.00
2025-04-08 16:09:00,180 - DEBUG - 局部搜索未能改进当前解
2025-04-08 16:09:00,188 - DEBUG - 执行AGV分配局部搜索，当前完工时间: 1937.00
2025-04-08 16:09:00,191 - DEBUG - 局部搜索未能改进当前解
2025-04-08 16:09:00,195 - DEBUG - 执行AGV分配局部搜索，当前完工时间: 1841.00
2025-04-08 16:09:00,199 - DEBUG - 局部搜索未能改进当前解
2025-04-08 16:09:00,202 - DEBUG - 执行AGV分配局部搜索，当前完工时间: 1852.00
2025-04-08 16:09:00,205 - DEBUG - 局部搜索未能改进当前解
2025-04-08 16:09:00,209 - DEBUG - 执行AGV分配局部搜索，当前完工时间: 1878.00
2025-04-08 16:09:00,212 - DEBUG - 局部搜索未能改进当前解
2025-04-08 16:09:00,216 - DEBUG - 执行AGV分配局部搜索，当前完工时间: 1878.00
2025-04-08 16:09:00,220 - DEBUG - 局部搜索未能改进当前解
2025-04-08 16:09:00,224 - DEBUG - 执行AGV分配局部搜索，当前完工时间: 1822.00
2025-04-08 16:09:00,228 - DEBUG - 局部搜索未能改进当前解
2025-04-08 16:09:00,231 - DEBUG - 执行AGV分配局部搜索，当前完工时间: 1834.00
2025-04-08 16:09:00,235 - DEBUG - 局部搜索未能改进当前解
2025-04-08 16:09:00,240 - DEBUG - 执行AGV分配局部搜索，当前完工时间: 1820.00
2025-04-08 16:09:00,243 - DEBUG - 局部搜索未能改进当前解
2025-04-08 16:09:00,247 - DEBUG - 执行AGV分配局部搜索，当前完工时间: 1868.00
2025-04-08 16:09:00,250 - DEBUG - 局部搜索未能改进当前解
2025-04-08 16:09:00,254 - DEBUG - 执行AGV分配局部搜索，当前完工时间: 1874.00
2025-04-08 16:09:00,257 - DEBUG - AGV分配局部搜索成功！完工时间从 1874.00 降低到 1853.00，改进: 21.00 (1.12%)
2025-04-08 16:09:00,260 - DEBUG - 执行AGV分配局部搜索，当前完工时间: 1949.00
2025-04-08 16:09:00,265 - DEBUG - 局部搜索未能改进当前解
2025-04-08 16:09:00,268 - DEBUG - 执行AGV分配局部搜索，当前完工时间: 1826.00
2025-04-08 16:09:00,274 - DEBUG - 局部搜索未能改进当前解
2025-04-08 16:09:00,276 - DEBUG - 执行AGV分配局部搜索，当前完工时间: 1993.00
2025-04-08 16:09:00,281 - DEBUG - 局部搜索未能改进当前解
2025-04-08 16:09:00,285 - DEBUG - 执行AGV分配局部搜索，当前完工时间: 1917.00
2025-04-08 16:09:00,289 - DEBUG - 局部搜索未能改进当前解
2025-04-08 16:09:00,292 - DEBUG - 执行AGV分配局部搜索，当前完工时间: 1827.00
2025-04-08 16:09:00,297 - DEBUG - 局部搜索未能改进当前解
2025-04-08 16:09:00,301 - DEBUG - 执行AGV分配局部搜索，当前完工时间: 1803.00
2025-04-08 16:09:00,305 - DEBUG - 局部搜索未能改进当前解
2025-04-08 16:09:00,308 - DEBUG - 执行AGV分配局部搜索，当前完工时间: 1838.00
2025-04-08 16:09:00,312 - DEBUG - 局部搜索未能改进当前解
2025-04-08 16:09:00,316 - DEBUG - 执行AGV分配局部搜索，当前完工时间: 1868.00
2025-04-08 16:09:00,320 - DEBUG - 局部搜索未能改进当前解
2025-04-08 16:09:00,323 - DEBUG - 执行AGV分配局部搜索，当前完工时间: 1911.00
2025-04-08 16:09:00,326 - DEBUG - 局部搜索未能改进当前解
2025-04-08 16:09:00,331 - DEBUG - 执行AGV分配局部搜索，当前完工时间: 1808.00
2025-04-08 16:09:00,335 - DEBUG - 局部搜索未能改进当前解
2025-04-08 16:09:00,338 - DEBUG - 执行AGV分配局部搜索，当前完工时间: 1818.00
2025-04-08 16:09:00,342 - DEBUG - 局部搜索未能改进当前解
2025-04-08 16:09:00,346 - DEBUG - 执行AGV分配局部搜索，当前完工时间: 1826.00
2025-04-08 16:09:00,349 - DEBUG - 局部搜索未能改进当前解
2025-04-08 16:09:00,353 - DEBUG - 执行AGV分配局部搜索，当前完工时间: 1809.00
2025-04-08 16:09:00,357 - DEBUG - 局部搜索未能改进当前解
2025-04-08 16:09:00,360 - DEBUG - 执行AGV分配局部搜索，当前完工时间: 1839.00
2025-04-08 16:09:00,364 - DEBUG - AGV分配局部搜索成功！完工时间从 1839.00 降低到 1817.00，改进: 22.00 (1.20%)
2025-04-08 16:09:00,368 - DEBUG - 执行AGV分配局部搜索，当前完工时间: 1850.00
2025-04-08 16:09:00,372 - DEBUG - 局部搜索未能改进当前解
2025-04-08 16:09:00,375 - DEBUG - 执行AGV分配局部搜索，当前完工时间: 1870.00
2025-04-08 16:09:00,379 - DEBUG - 局部搜索未能改进当前解
2025-04-08 16:09:00,383 - DEBUG - 执行AGV分配局部搜索，当前完工时间: 1836.00
2025-04-08 16:09:00,387 - DEBUG - 局部搜索未能改进当前解
2025-04-08 16:09:00,391 - DEBUG - 执行AGV分配局部搜索，当前完工时间: 1868.00
2025-04-08 16:09:00,394 - DEBUG - 局部搜索未能改进当前解
2025-04-08 16:09:00,398 - DEBUG - 执行AGV分配局部搜索，当前完工时间: 1838.00
2025-04-08 16:09:00,402 - DEBUG - 局部搜索未能改进当前解
2025-04-08 16:09:00,406 - DEBUG - 执行AGV分配局部搜索，当前完工时间: 1819.00
2025-04-08 16:09:00,409 - DEBUG - 局部搜索未能改进当前解
2025-04-08 16:09:00,414 - DEBUG - 执行AGV分配局部搜索，当前完工时间: 1862.00
2025-04-08 16:09:00,416 - DEBUG - 局部搜索未能改进当前解
2025-04-08 16:09:00,420 - DEBUG - 执行AGV分配局部搜索，当前完工时间: 1873.00
2025-04-08 16:09:00,424 - DEBUG - AGV分配局部搜索成功！完工时间从 1873.00 降低到 1871.00，改进: 2.00 (0.11%)
2025-04-08 16:09:00,428 - DEBUG - 执行AGV分配局部搜索，当前完工时间: 1784.00
2025-04-08 16:09:00,431 - DEBUG - 局部搜索未能改进当前解
2025-04-08 16:09:00,435 - DEBUG - 执行AGV分配局部搜索，当前完工时间: 1871.00
2025-04-08 16:09:00,440 - DEBUG - 局部搜索未能改进当前解
2025-04-08 16:09:00,443 - DEBUG - 执行AGV分配局部搜索，当前完工时间: 1826.00
2025-04-08 16:09:00,447 - DEBUG - 局部搜索未能改进当前解
2025-04-08 16:09:00,450 - DEBUG - 执行AGV分配局部搜索，当前完工时间: 1924.00
2025-04-08 16:09:00,454 - DEBUG - AGV分配局部搜索成功！完工时间从 1924.00 降低到 1911.00，改进: 13.00 (0.68%)
2025-04-08 16:09:00,458 - DEBUG - 执行AGV分配局部搜索，当前完工时间: 1864.00
2025-04-08 16:09:00,460 - DEBUG - AGV分配局部搜索成功！完工时间从 1864.00 降低到 1833.00，改进: 31.00 (1.66%)
2025-04-08 16:09:00,465 - DEBUG - 执行AGV分配局部搜索，当前完工时间: 1961.00
2025-04-08 16:09:00,468 - DEBUG - 局部搜索未能改进当前解
2025-04-08 16:09:00,472 - DEBUG - 执行AGV分配局部搜索，当前完工时间: 1832.00
2025-04-08 16:09:00,475 - DEBUG - 局部搜索未能改进当前解
2025-04-08 16:09:00,480 - DEBUG - 执行AGV分配局部搜索，当前完工时间: 1897.00
2025-04-08 16:09:00,483 - DEBUG - 局部搜索未能改进当前解
2025-04-08 16:09:00,488 - DEBUG - 执行AGV分配局部搜索，当前完工时间: 1831.00
2025-04-08 16:09:00,491 - DEBUG - 局部搜索未能改进当前解
2025-04-08 16:09:00,495 - DEBUG - 执行AGV分配局部搜索，当前完工时间: 1831.00
2025-04-08 16:09:00,499 - DEBUG - 局部搜索未能改进当前解
2025-04-08 16:09:00,503 - DEBUG - 执行AGV分配局部搜索，当前完工时间: 1810.00
2025-04-08 16:09:00,506 - DEBUG - 局部搜索未能改进当前解
2025-04-08 16:09:00,509 - DEBUG - 执行AGV分配局部搜索，当前完工时间: 1868.00
2025-04-08 16:09:00,513 - DEBUG - AGV分配局部搜索成功！完工时间从 1868.00 降低到 1826.00，改进: 42.00 (2.25%)
2025-04-08 16:09:00,518 - DEBUG - 执行AGV分配局部搜索，当前完工时间: 1883.00
2025-04-08 16:09:00,520 - DEBUG - 局部搜索未能改进当前解
2025-04-08 16:09:00,525 - DEBUG - 执行AGV分配局部搜索，当前完工时间: 1843.00
2025-04-08 16:09:00,528 - DEBUG - AGV分配局部搜索成功！完工时间从 1843.00 降低到 1841.00，改进: 2.00 (0.11%)
2025-04-08 16:09:00,531 - DEBUG - 执行AGV分配局部搜索，当前完工时间: 1944.00
2025-04-08 16:09:00,536 - DEBUG - 局部搜索未能改进当前解
2025-04-08 16:09:00,540 - DEBUG - 执行AGV分配局部搜索，当前完工时间: 1870.00
2025-04-08 16:09:00,543 - DEBUG - 局部搜索未能改进当前解
2025-04-08 16:09:00,547 - DEBUG - 执行AGV分配局部搜索，当前完工时间: 1762.00
2025-04-08 16:09:00,552 - DEBUG - 局部搜索未能改进当前解
2025-04-08 16:09:00,556 - DEBUG - 执行AGV分配局部搜索，当前完工时间: 1797.00
2025-04-08 16:09:00,558 - DEBUG - AGV分配局部搜索成功！完工时间从 1797.00 降低到 1775.00，改进: 22.00 (1.22%)
2025-04-08 16:09:00,563 - DEBUG - 执行AGV分配局部搜索，当前完工时间: 1904.00
2025-04-08 16:09:00,566 - DEBUG - AGV分配局部搜索成功！完工时间从 1904.00 降低到 1882.00，改进: 22.00 (1.16%)
2025-04-08 16:09:00,570 - DEBUG - 执行AGV分配局部搜索，当前完工时间: 1840.00
2025-04-08 16:09:00,575 - DEBUG - 局部搜索未能改进当前解
2025-04-08 16:09:00,579 - DEBUG - 执行AGV分配局部搜索，当前完工时间: 1898.00
2025-04-08 16:09:00,583 - DEBUG - AGV分配局部搜索成功！完工时间从 1898.00 降低到 1870.00，改进: 28.00 (1.48%)
2025-04-08 16:09:00,587 - DEBUG - 执行AGV分配局部搜索，当前完工时间: 1838.00
2025-04-08 16:09:00,590 - DEBUG - 局部搜索未能改进当前解
2025-04-08 16:09:00,594 - DEBUG - 执行AGV分配局部搜索，当前完工时间: 1810.00
2025-04-08 16:09:00,597 - DEBUG - 局部搜索未能改进当前解
2025-04-08 16:09:00,602 - DEBUG - 执行AGV分配局部搜索，当前完工时间: 1838.00
2025-04-08 16:09:00,605 - DEBUG - 局部搜索未能改进当前解
2025-04-08 16:09:00,609 - DEBUG - 执行AGV分配局部搜索，当前完工时间: 1935.00
2025-04-08 16:09:00,613 - DEBUG - 局部搜索未能改进当前解
2025-04-08 16:09:00,616 - DEBUG - 执行AGV分配局部搜索，当前完工时间: 1855.00
2025-04-08 16:09:00,620 - DEBUG - 局部搜索未能改进当前解
2025-04-08 16:09:00,624 - DEBUG - 执行AGV分配局部搜索，当前完工时间: 1873.00
2025-04-08 16:09:00,628 - DEBUG - 局部搜索未能改进当前解
2025-04-08 16:09:00,632 - DEBUG - 执行AGV分配局部搜索，当前完工时间: 1870.00
2025-04-08 16:09:00,635 - DEBUG - 局部搜索未能改进当前解
2025-04-08 16:09:00,640 - DEBUG - 执行AGV分配局部搜索，当前完工时间: 1862.00
2025-04-08 16:09:00,644 - DEBUG - AGV分配局部搜索成功！完工时间从 1862.00 降低到 1847.00，改进: 15.00 (0.81%)
2025-04-08 16:09:00,647 - DEBUG - 执行AGV分配局部搜索，当前完工时间: 1859.00
2025-04-08 16:09:00,651 - DEBUG - AGV分配局部搜索成功！完工时间从 1859.00 降低到 1839.00，改进: 20.00 (1.08%)
2025-04-08 16:09:00,651 - DEBUG - ==================================================
2025-04-08 16:09:00,651 - DEBUG - Efficiency Statistics of Local Search :
2025-04-08 16:09:00,651 - DEBUG - Number of attempts: 99
2025-04-08 16:09:00,651 - DEBUG - Average Success Rate: 21.21%
2025-04-08 16:09:00,651 - DEBUG - AGV Local Search Success: 21，Average Improvement: 19.38
2025-04-08 16:09:00,655 - DEBUG - 执行AGV分配局部搜索，当前完工时间: 1810.00
2025-04-08 16:09:00,659 - DEBUG - 局部搜索未能改进当前解
2025-04-08 16:09:00,664 - DEBUG - 执行AGV分配局部搜索，当前完工时间: 1861.00
2025-04-08 16:09:00,666 - DEBUG - 局部搜索未能改进当前解
2025-04-08 16:09:00,670 - DEBUG - 执行AGV分配局部搜索，当前完工时间: 1802.00
2025-04-08 16:09:00,675 - DEBUG - 局部搜索未能改进当前解
2025-04-08 16:09:00,679 - DEBUG - 执行AGV分配局部搜索，当前完工时间: 1897.00
2025-04-08 16:09:00,683 - DEBUG - 局部搜索未能改进当前解
2025-04-08 16:09:00,687 - DEBUG - 执行AGV分配局部搜索，当前完工时间: 1882.00
2025-04-08 16:09:00,691 - DEBUG - 局部搜索未能改进当前解
2025-04-08 16:09:00,695 - DEBUG - 执行AGV分配局部搜索，当前完工时间: 1859.00
2025-04-08 16:09:00,698 - DEBUG - 局部搜索未能改进当前解
2025-04-08 16:09:00,701 - DEBUG - 执行AGV分配局部搜索，当前完工时间: 1840.00
2025-04-08 16:09:00,705 - DEBUG - 局部搜索未能改进当前解
2025-04-08 16:09:00,710 - DEBUG - 执行AGV分配局部搜索，当前完工时间: 1838.00
2025-04-08 16:09:00,712 - DEBUG - 局部搜索未能改进当前解
2025-04-08 16:09:00,716 - DEBUG - 执行AGV分配局部搜索，当前完工时间: 1839.00
2025-04-08 16:09:00,721 - DEBUG - 局部搜索未能改进当前解
2025-04-08 16:09:00,724 - DEBUG - 执行AGV分配局部搜索，当前完工时间: 1882.00
2025-04-08 16:09:00,728 - DEBUG - 局部搜索未能改进当前解
2025-04-08 16:09:00,732 - DEBUG - 执行AGV分配局部搜索，当前完工时间: 1962.00
2025-04-08 16:09:00,735 - DEBUG - 局部搜索未能改进当前解
2025-04-08 16:09:00,739 - DEBUG - 执行AGV分配局部搜索，当前完工时间: 1959.00
2025-04-08 16:09:00,743 - DEBUG - 局部搜索未能改进当前解
2025-04-08 16:09:00,747 - DEBUG - 执行AGV分配局部搜索，当前完工时间: 1793.00
2025-04-08 16:09:00,751 - DEBUG - 局部搜索未能改进当前解
2025-04-08 16:09:00,754 - DEBUG - 执行AGV分配局部搜索，当前完工时间: 1883.00
2025-04-08 16:09:00,758 - DEBUG - AGV分配局部搜索成功！完工时间从 1883.00 降低到 1834.00，改进: 49.00 (2.60%)
2025-04-08 16:09:00,762 - DEBUG - 执行AGV分配局部搜索，当前完工时间: 1988.00
2025-04-08 16:09:00,766 - DEBUG - 局部搜索未能改进当前解
2025-04-08 16:09:00,769 - DEBUG - 执行AGV分配局部搜索，当前完工时间: 1822.00
2025-04-08 16:09:00,772 - DEBUG - AGV分配局部搜索成功！完工时间从 1822.00 降低到 1815.00，改进: 7.00 (0.38%)
2025-04-08 16:09:00,777 - DEBUG - 执行AGV分配局部搜索，当前完工时间: 1856.00
2025-04-08 16:09:00,779 - DEBUG - 局部搜索未能改进当前解
2025-04-08 16:09:00,784 - DEBUG - 执行AGV分配局部搜索，当前完工时间: 1850.00
2025-04-08 16:09:00,787 - DEBUG - 局部搜索未能改进当前解
2025-04-08 16:09:00,792 - DEBUG - 执行AGV分配局部搜索，当前完工时间: 1886.00
2025-04-08 16:09:00,795 - DEBUG - 局部搜索未能改进当前解
2025-04-08 16:09:00,798 - DEBUG - 执行AGV分配局部搜索，当前完工时间: 1907.00
2025-04-08 16:09:00,803 - DEBUG - 局部搜索未能改进当前解
2025-04-08 16:09:00,807 - DEBUG - 执行AGV分配局部搜索，当前完工时间: 1842.00
2025-04-08 16:09:00,811 - DEBUG - 局部搜索未能改进当前解
2025-04-08 16:09:00,816 - DEBUG - 执行AGV分配局部搜索，当前完工时间: 1895.00
2025-04-08 16:09:00,820 - DEBUG - 局部搜索未能改进当前解
2025-04-08 16:09:00,823 - DEBUG - 执行AGV分配局部搜索，当前完工时间: 1870.00
2025-04-08 16:09:00,826 - DEBUG - 局部搜索未能改进当前解
2025-04-08 16:09:00,831 - DEBUG - 执行AGV分配局部搜索，当前完工时间: 1870.00
2025-04-08 16:09:00,834 - DEBUG - AGV分配局部搜索成功！完工时间从 1870.00 降低到 1806.00，改进: 64.00 (3.42%)
2025-04-08 16:09:00,838 - DEBUG - 执行AGV分配局部搜索，当前完工时间: 1905.00
2025-04-08 16:09:00,842 - DEBUG - 局部搜索未能改进当前解
2025-04-08 16:09:00,845 - DEBUG - 执行AGV分配局部搜索，当前完工时间: 2014.00
2025-04-08 16:09:00,849 - DEBUG - AGV分配局部搜索成功！完工时间从 2014.00 降低到 1977.00，改进: 37.00 (1.84%)
2025-04-08 16:09:00,853 - DEBUG - 执行AGV分配局部搜索，当前完工时间: 1901.00
2025-04-08 16:09:00,856 - DEBUG - 局部搜索未能改进当前解
2025-04-08 16:09:00,860 - DEBUG - 执行AGV分配局部搜索，当前完工时间: 1816.00
2025-04-08 16:09:00,864 - DEBUG - 局部搜索未能改进当前解
2025-04-08 16:09:00,868 - DEBUG - 执行AGV分配局部搜索，当前完工时间: 1932.00
2025-04-08 16:09:00,872 - DEBUG - 局部搜索未能改进当前解
2025-04-08 16:09:00,876 - DEBUG - 执行AGV分配局部搜索，当前完工时间: 1828.00
2025-04-08 16:09:00,880 - DEBUG - 局部搜索未能改进当前解
2025-04-08 16:09:00,884 - DEBUG - 执行AGV分配局部搜索，当前完工时间: 1890.00
2025-04-08 16:09:00,887 - DEBUG - 局部搜索未能改进当前解
2025-04-08 16:09:00,892 - DEBUG - 执行AGV分配局部搜索，当前完工时间: 1817.00
2025-04-08 16:09:00,897 - DEBUG - 局部搜索未能改进当前解
2025-04-08 16:09:00,900 - DEBUG - 执行AGV分配局部搜索，当前完工时间: 1902.00
2025-04-08 16:09:00,904 - DEBUG - AGV分配局部搜索成功！完工时间从 1902.00 降低到 1855.00，改进: 47.00 (2.47%)
2025-04-08 16:09:00,907 - DEBUG - 执行AGV分配局部搜索，当前完工时间: 1802.00
2025-04-08 16:09:00,911 - DEBUG - AGV分配局部搜索成功！完工时间从 1802.00 降低到 1786.00，改进: 16.00 (0.89%)
2025-04-08 16:09:00,914 - DEBUG - 执行AGV分配局部搜索，当前完工时间: 1853.00
2025-04-08 16:09:00,918 - DEBUG - 局部搜索未能改进当前解
2025-04-08 16:09:00,922 - DEBUG - 执行AGV分配局部搜索，当前完工时间: 1812.00
2025-04-08 16:09:00,925 - DEBUG - 局部搜索未能改进当前解
2025-04-08 16:09:00,930 - DEBUG - 执行AGV分配局部搜索，当前完工时间: 1804.00
2025-04-08 16:09:00,933 - DEBUG - 局部搜索未能改进当前解
2025-04-08 16:09:00,937 - DEBUG - 执行AGV分配局部搜索，当前完工时间: 1830.00
2025-04-08 16:09:00,941 - DEBUG - 局部搜索未能改进当前解
2025-04-08 16:09:00,945 - DEBUG - 执行AGV分配局部搜索，当前完工时间: 1849.00
2025-04-08 16:09:00,948 - DEBUG - 局部搜索未能改进当前解
2025-04-08 16:09:00,952 - DEBUG - 执行AGV分配局部搜索，当前完工时间: 1840.00
2025-04-08 16:09:00,955 - DEBUG - 局部搜索未能改进当前解
2025-04-08 16:09:00,960 - DEBUG - 执行AGV分配局部搜索，当前完工时间: 1870.00
2025-04-08 16:09:00,964 - DEBUG - 局部搜索未能改进当前解
2025-04-08 16:09:00,967 - DEBUG - 执行AGV分配局部搜索，当前完工时间: 1848.00
2025-04-08 16:09:00,971 - DEBUG - 局部搜索未能改进当前解
2025-04-08 16:09:00,975 - DEBUG - 执行AGV分配局部搜索，当前完工时间: 1843.00
2025-04-08 16:09:00,979 - DEBUG - 局部搜索未能改进当前解
2025-04-08 16:09:00,983 - DEBUG - 执行AGV分配局部搜索，当前完工时间: 1818.00
2025-04-08 16:09:00,987 - DEBUG - 局部搜索未能改进当前解
2025-04-08 16:09:00,990 - DEBUG - 执行AGV分配局部搜索，当前完工时间: 1895.00
2025-04-08 16:09:00,994 - DEBUG - AGV分配局部搜索成功！完工时间从 1895.00 降低到 1860.00，改进: 35.00 (1.85%)
2025-04-08 16:09:00,998 - DEBUG - 执行AGV分配局部搜索，当前完工时间: 1868.00
2025-04-08 16:09:01,000 - DEBUG - 局部搜索未能改进当前解
2025-04-08 16:09:01,005 - DEBUG - 执行AGV分配局部搜索，当前完工时间: 1789.00
2025-04-08 16:09:01,009 - DEBUG - 局部搜索未能改进当前解
2025-04-08 16:09:01,012 - DEBUG - 执行AGV分配局部搜索，当前完工时间: 1846.00
2025-04-08 16:09:01,015 - DEBUG - AGV分配局部搜索成功！完工时间从 1846.00 降低到 1839.00，改进: 7.00 (0.38%)
2025-04-08 16:09:01,020 - DEBUG - 执行AGV分配局部搜索，当前完工时间: 1818.00
2025-04-08 16:09:01,023 - DEBUG - AGV分配局部搜索成功！完工时间从 1818.00 降低到 1802.00，改进: 16.00 (0.88%)
2025-04-08 16:09:01,027 - DEBUG - 执行AGV分配局部搜索，当前完工时间: 1854.00
2025-04-08 16:09:01,031 - DEBUG - 局部搜索未能改进当前解
2025-04-08 16:09:01,035 - DEBUG - 执行AGV分配局部搜索，当前完工时间: 1800.00
2025-04-08 16:09:01,039 - DEBUG - 局部搜索未能改进当前解
2025-04-08 16:09:01,042 - DEBUG - 执行AGV分配局部搜索，当前完工时间: 1870.00
2025-04-08 16:09:01,045 - DEBUG - 局部搜索未能改进当前解
2025-04-08 16:09:01,049 - DEBUG - 执行AGV分配局部搜索，当前完工时间: 1845.00
2025-04-08 16:09:01,053 - DEBUG - 局部搜索未能改进当前解
2025-04-08 16:09:01,057 - DEBUG - 执行AGV分配局部搜索，当前完工时间: 1898.00
2025-04-08 16:09:01,061 - DEBUG - 局部搜索未能改进当前解
2025-04-08 16:09:01,064 - DEBUG - 执行AGV分配局部搜索，当前完工时间: 1765.00
2025-04-08 16:09:01,068 - DEBUG - 局部搜索未能改进当前解
2025-04-08 16:09:01,071 - DEBUG - 执行AGV分配局部搜索，当前完工时间: 1898.00
2025-04-08 16:09:01,075 - DEBUG - 局部搜索未能改进当前解
2025-04-08 16:09:01,078 - DEBUG - 执行AGV分配局部搜索，当前完工时间: 1813.00
2025-04-08 16:09:01,083 - DEBUG - 局部搜索未能改进当前解
2025-04-08 16:09:01,087 - DEBUG - 执行AGV分配局部搜索，当前完工时间: 1908.00
2025-04-08 16:09:01,090 - DEBUG - 局部搜索未能改进当前解
2025-04-08 16:09:01,094 - DEBUG - 执行AGV分配局部搜索，当前完工时间: 1839.00
2025-04-08 16:09:01,098 - DEBUG - 局部搜索未能改进当前解
2025-04-08 16:09:01,101 - DEBUG - 执行AGV分配局部搜索，当前完工时间: 1870.00
2025-04-08 16:09:01,105 - DEBUG - 局部搜索未能改进当前解
2025-04-08 16:09:01,108 - DEBUG - 执行AGV分配局部搜索，当前完工时间: 1865.00
2025-04-08 16:09:01,112 - DEBUG - 局部搜索未能改进当前解
2025-04-08 16:09:01,116 - DEBUG - 执行AGV分配局部搜索，当前完工时间: 1855.00
2025-04-08 16:09:01,120 - DEBUG - 局部搜索未能改进当前解
2025-04-08 16:09:01,124 - DEBUG - 执行AGV分配局部搜索，当前完工时间: 1799.00
2025-04-08 16:09:01,128 - DEBUG - 局部搜索未能改进当前解
2025-04-08 16:09:01,133 - DEBUG - 执行AGV分配局部搜索，当前完工时间: 1889.00
2025-04-08 16:09:01,137 - DEBUG - 局部搜索未能改进当前解
2025-04-08 16:09:01,141 - DEBUG - 执行AGV分配局部搜索，当前完工时间: 1840.00
2025-04-08 16:09:01,146 - DEBUG - 局部搜索未能改进当前解
2025-04-08 16:09:01,150 - DEBUG - 执行AGV分配局部搜索，当前完工时间: 1804.00
2025-04-08 16:09:01,155 - DEBUG - 局部搜索未能改进当前解
2025-04-08 16:09:01,159 - DEBUG - 执行AGV分配局部搜索，当前完工时间: 2007.00
2025-04-08 16:09:01,163 - DEBUG - 局部搜索未能改进当前解
2025-04-08 16:09:01,166 - DEBUG - 执行AGV分配局部搜索，当前完工时间: 1866.00
2025-04-08 16:09:01,170 - DEBUG - 局部搜索未能改进当前解
2025-04-08 16:09:01,174 - DEBUG - 执行AGV分配局部搜索，当前完工时间: 1872.00
2025-04-08 16:09:01,178 - DEBUG - 局部搜索未能改进当前解
2025-04-08 16:09:01,182 - DEBUG - 执行AGV分配局部搜索，当前完工时间: 1916.00
2025-04-08 16:09:01,185 - DEBUG - 局部搜索未能改进当前解
2025-04-08 16:09:01,189 - DEBUG - 执行AGV分配局部搜索，当前完工时间: 1765.00
2025-04-08 16:09:01,193 - DEBUG - 局部搜索未能改进当前解
2025-04-08 16:09:01,196 - DEBUG - 执行AGV分配局部搜索，当前完工时间: 1910.00
2025-04-08 16:09:01,200 - DEBUG - 局部搜索未能改进当前解
2025-04-08 16:09:01,204 - DEBUG - 执行AGV分配局部搜索，当前完工时间: 1843.00
2025-04-08 16:09:01,207 - DEBUG - 局部搜索未能改进当前解
2025-04-08 16:09:01,211 - DEBUG - 执行AGV分配局部搜索，当前完工时间: 1945.00
2025-04-08 16:09:01,214 - DEBUG - 局部搜索未能改进当前解
2025-04-08 16:09:01,218 - DEBUG - 执行AGV分配局部搜索，当前完工时间: 1896.00
2025-04-08 16:09:01,222 - DEBUG - 局部搜索未能改进当前解
2025-04-08 16:09:01,225 - DEBUG - 执行AGV分配局部搜索，当前完工时间: 1868.00
2025-04-08 16:09:01,229 - DEBUG - 局部搜索未能改进当前解
2025-04-08 16:09:01,233 - DEBUG - 执行AGV分配局部搜索，当前完工时间: 1826.00
2025-04-08 16:09:01,237 - DEBUG - 局部搜索未能改进当前解
2025-04-08 16:09:01,240 - DEBUG - 执行AGV分配局部搜索，当前完工时间: 1902.00
2025-04-08 16:09:01,243 - DEBUG - AGV分配局部搜索成功！完工时间从 1902.00 降低到 1870.00，改进: 32.00 (1.68%)
2025-04-08 16:09:01,247 - DEBUG - 执行AGV分配局部搜索，当前完工时间: 1841.00
2025-04-08 16:09:01,251 - DEBUG - 局部搜索未能改进当前解
2025-04-08 16:09:01,254 - DEBUG - 执行AGV分配局部搜索，当前完工时间: 1868.00
2025-04-08 16:09:01,258 - DEBUG - 局部搜索未能改进当前解
2025-04-08 16:09:01,262 - DEBUG - 执行AGV分配局部搜索，当前完工时间: 1896.00
2025-04-08 16:09:01,264 - DEBUG - 局部搜索未能改进当前解
2025-04-08 16:09:01,270 - DEBUG - 执行AGV分配局部搜索，当前完工时间: 1865.00
2025-04-08 16:09:01,273 - DEBUG - AGV分配局部搜索成功！完工时间从 1865.00 降低到 1853.00，改进: 12.00 (0.64%)
2025-04-08 16:09:01,277 - DEBUG - 执行AGV分配局部搜索，当前完工时间: 1837.00
2025-04-08 16:09:01,280 - DEBUG - AGV分配局部搜索成功！完工时间从 1837.00 降低到 1822.00，改进: 15.00 (0.82%)
2025-04-08 16:09:01,284 - DEBUG - 执行AGV分配局部搜索，当前完工时间: 2023.00
2025-04-08 16:09:01,288 - DEBUG - 局部搜索未能改进当前解
2025-04-08 16:09:01,291 - DEBUG - 执行AGV分配局部搜索，当前完工时间: 1870.00
2025-04-08 16:09:01,295 - DEBUG - AGV分配局部搜索成功！完工时间从 1870.00 降低到 1834.00，改进: 36.00 (1.93%)
2025-04-08 16:09:01,298 - DEBUG - 执行AGV分配局部搜索，当前完工时间: 1799.00
2025-04-08 16:09:01,302 - DEBUG - 局部搜索未能改进当前解
2025-04-08 16:09:01,306 - DEBUG - 执行AGV分配局部搜索，当前完工时间: 1887.00
2025-04-08 16:09:01,309 - DEBUG - 局部搜索未能改进当前解
2025-04-08 16:09:01,313 - DEBUG - 执行AGV分配局部搜索，当前完工时间: 1898.00
2025-04-08 16:09:01,316 - DEBUG - 局部搜索未能改进当前解
2025-04-08 16:09:01,320 - DEBUG - 执行AGV分配局部搜索，当前完工时间: 1803.00
2025-04-08 16:09:01,324 - DEBUG - 局部搜索未能改进当前解
2025-04-08 16:09:01,328 - DEBUG - 执行AGV分配局部搜索，当前完工时间: 1835.00
2025-04-08 16:09:01,331 - DEBUG - 局部搜索未能改进当前解
2025-04-08 16:09:01,335 - DEBUG - 执行AGV分配局部搜索，当前完工时间: 1831.00
2025-04-08 16:09:01,338 - DEBUG - 局部搜索未能改进当前解
2025-04-08 16:09:01,343 - DEBUG - 执行AGV分配局部搜索，当前完工时间: 1889.00
2025-04-08 16:09:01,347 - DEBUG - 局部搜索未能改进当前解
2025-04-08 16:09:01,351 - DEBUG - 执行AGV分配局部搜索，当前完工时间: 1836.00
2025-04-08 16:09:01,354 - DEBUG - 局部搜索未能改进当前解
2025-04-08 16:09:01,357 - DEBUG - 执行AGV分配局部搜索，当前完工时间: 1784.00
2025-04-08 16:09:01,362 - DEBUG - 局部搜索未能改进当前解
2025-04-08 16:09:01,364 - DEBUG - 执行AGV分配局部搜索，当前完工时间: 1931.00
2025-04-08 16:09:01,369 - DEBUG - 局部搜索未能改进当前解
2025-04-08 16:09:01,373 - DEBUG - 执行AGV分配局部搜索，当前完工时间: 1830.00
2025-04-08 16:09:01,376 - DEBUG - 局部搜索未能改进当前解
2025-04-08 16:09:01,380 - DEBUG - 执行AGV分配局部搜索，当前完工时间: 1832.00
2025-04-08 16:09:01,384 - DEBUG - AGV分配局部搜索成功！完工时间从 1832.00 降低到 1813.00，改进: 19.00 (1.04%)
2025-04-08 16:09:01,387 - DEBUG - 执行AGV分配局部搜索，当前完工时间: 1897.00
2025-04-08 16:09:01,391 - DEBUG - 局部搜索未能改进当前解
2025-04-08 16:09:01,395 - DEBUG - 执行AGV分配局部搜索，当前完工时间: 1881.00
2025-04-08 16:09:01,398 - DEBUG - AGV分配局部搜索成功！完工时间从 1881.00 降低到 1867.00，改进: 14.00 (0.74%)
2025-04-08 16:09:01,398 - DEBUG - ==================================================
2025-04-08 16:09:01,398 - DEBUG - Efficiency Statistics of Local Search :
2025-04-08 16:09:01,398 - DEBUG - Number of attempts: 99
2025-04-08 16:09:01,398 - DEBUG - Average Success Rate: 15.15%
2025-04-08 16:09:01,398 - DEBUG - AGV Local Search Success: 15，Average Improvement: 27.07
2025-04-08 16:09:01,403 - DEBUG - 执行AGV分配局部搜索，当前完工时间: 1894.00
2025-04-08 16:09:01,406 - DEBUG - AGV分配局部搜索成功！完工时间从 1894.00 降低到 1891.00，改进: 3.00 (0.16%)
2025-04-08 16:09:01,410 - DEBUG - 执行AGV分配局部搜索，当前完工时间: 1871.00
2025-04-08 16:09:01,415 - DEBUG - 局部搜索未能改进当前解
2025-04-08 16:09:01,419 - DEBUG - 执行AGV分配局部搜索，当前完工时间: 1858.00
2025-04-08 16:09:01,423 - DEBUG - 局部搜索未能改进当前解
2025-04-08 16:09:01,427 - DEBUG - 执行AGV分配局部搜索，当前完工时间: 1813.00
2025-04-08 16:09:01,431 - DEBUG - 局部搜索未能改进当前解
2025-04-08 16:09:01,434 - DEBUG - 执行AGV分配局部搜索，当前完工时间: 1772.00
2025-04-08 16:09:01,437 - DEBUG - 局部搜索未能改进当前解
2025-04-08 16:09:01,441 - DEBUG - 执行AGV分配局部搜索，当前完工时间: 1831.00
2025-04-08 16:09:01,445 - DEBUG - 局部搜索未能改进当前解
2025-04-08 16:09:01,449 - DEBUG - 执行AGV分配局部搜索，当前完工时间: 1998.00
2025-04-08 16:09:01,453 - DEBUG - 局部搜索未能改进当前解
2025-04-08 16:09:01,457 - DEBUG - 执行AGV分配局部搜索，当前完工时间: 1837.00
2025-04-08 16:09:01,460 - DEBUG - 局部搜索未能改进当前解
2025-04-08 16:09:01,464 - DEBUG - 执行AGV分配局部搜索，当前完工时间: 1826.00
2025-04-08 16:09:01,466 - DEBUG - 局部搜索未能改进当前解
2025-04-08 16:09:01,471 - DEBUG - 执行AGV分配局部搜索，当前完工时间: 1898.00
2025-04-08 16:09:01,475 - DEBUG - AGV分配局部搜索成功！完工时间从 1898.00 降低到 1832.00，改进: 66.00 (3.48%)
2025-04-08 16:09:01,479 - DEBUG - 执行AGV分配局部搜索，当前完工时间: 1833.00
2025-04-08 16:09:01,482 - DEBUG - 局部搜索未能改进当前解
2025-04-08 16:09:01,486 - DEBUG - 执行AGV分配局部搜索，当前完工时间: 1800.00
2025-04-08 16:09:01,490 - DEBUG - AGV分配局部搜索成功！完工时间从 1800.00 降低到 1767.00，改进: 33.00 (1.83%)
2025-04-08 16:09:01,494 - DEBUG - 执行AGV分配局部搜索，当前完工时间: 1788.00
2025-04-08 16:09:01,497 - DEBUG - 局部搜索未能改进当前解
2025-04-08 16:09:01,501 - DEBUG - 执行AGV分配局部搜索，当前完工时间: 1819.00
2025-04-08 16:09:01,505 - DEBUG - 局部搜索未能改进当前解
2025-04-08 16:09:01,508 - DEBUG - 执行AGV分配局部搜索，当前完工时间: 1788.00
2025-04-08 16:09:01,512 - DEBUG - 局部搜索未能改进当前解
2025-04-08 16:09:01,516 - DEBUG - 执行AGV分配局部搜索，当前完工时间: 1893.00
2025-04-08 16:09:01,520 - DEBUG - 局部搜索未能改进当前解
2025-04-08 16:09:01,523 - DEBUG - 执行AGV分配局部搜索，当前完工时间: 1844.00
2025-04-08 16:09:01,526 - DEBUG - AGV分配局部搜索成功！完工时间从 1844.00 降低到 1836.00，改进: 8.00 (0.43%)
2025-04-08 16:09:01,530 - DEBUG - 执行AGV分配局部搜索，当前完工时间: 1906.00
2025-04-08 16:09:01,534 - DEBUG - 局部搜索未能改进当前解
2025-04-08 16:09:01,537 - DEBUG - 执行AGV分配局部搜索，当前完工时间: 1804.00
2025-04-08 16:09:01,541 - DEBUG - 局部搜索未能改进当前解
2025-04-08 16:09:01,545 - DEBUG - 执行AGV分配局部搜索，当前完工时间: 1816.00
2025-04-08 16:09:01,549 - DEBUG - AGV分配局部搜索成功！完工时间从 1816.00 降低到 1812.00，改进: 4.00 (0.22%)
2025-04-08 16:09:01,552 - DEBUG - 执行AGV分配局部搜索，当前完工时间: 1897.00
2025-04-08 16:09:01,557 - DEBUG - 局部搜索未能改进当前解
2025-04-08 16:09:01,560 - DEBUG - 执行AGV分配局部搜索，当前完工时间: 1791.00
2025-04-08 16:09:01,564 - DEBUG - 局部搜索未能改进当前解
2025-04-08 16:09:01,568 - DEBUG - 执行AGV分配局部搜索，当前完工时间: 1834.00
2025-04-08 16:09:01,572 - DEBUG - 局部搜索未能改进当前解
2025-04-08 16:09:01,575 - DEBUG - 执行AGV分配局部搜索，当前完工时间: 1849.00
2025-04-08 16:09:01,579 - DEBUG - AGV分配局部搜索成功！完工时间从 1849.00 降低到 1846.00，改进: 3.00 (0.16%)
2025-04-08 16:09:01,583 - DEBUG - 执行AGV分配局部搜索，当前完工时间: 1943.00
2025-04-08 16:09:01,586 - DEBUG - 局部搜索未能改进当前解
2025-04-08 16:09:01,591 - DEBUG - 执行AGV分配局部搜索，当前完工时间: 1849.00
2025-04-08 16:09:01,595 - DEBUG - 局部搜索未能改进当前解
2025-04-08 16:09:01,598 - DEBUG - 执行AGV分配局部搜索，当前完工时间: 1896.00
2025-04-08 16:09:01,602 - DEBUG - 局部搜索未能改进当前解
2025-04-08 16:09:01,606 - DEBUG - 执行AGV分配局部搜索，当前完工时间: 1916.00
2025-04-08 16:09:01,609 - DEBUG - 局部搜索未能改进当前解
2025-04-08 16:09:01,614 - DEBUG - 执行AGV分配局部搜索，当前完工时间: 1844.00
2025-04-08 16:09:01,616 - DEBUG - 局部搜索未能改进当前解
2025-04-08 16:09:01,620 - DEBUG - 执行AGV分配局部搜索，当前完工时间: 1870.00
2025-04-08 16:09:01,625 - DEBUG - 局部搜索未能改进当前解
2025-04-08 16:09:01,629 - DEBUG - 执行AGV分配局部搜索，当前完工时间: 1878.00
2025-04-08 16:09:01,632 - DEBUG - 局部搜索未能改进当前解
2025-04-08 16:09:01,637 - DEBUG - 执行AGV分配局部搜索，当前完工时间: 1898.00
2025-04-08 16:09:01,639 - DEBUG - 局部搜索未能改进当前解
2025-04-08 16:09:01,645 - DEBUG - 执行AGV分配局部搜索，当前完工时间: 1901.00
2025-04-08 16:09:01,648 - DEBUG - 局部搜索未能改进当前解
2025-04-08 16:09:01,652 - DEBUG - 执行AGV分配局部搜索，当前完工时间: 1884.00
2025-04-08 16:09:01,655 - DEBUG - AGV分配局部搜索成功！完工时间从 1884.00 降低到 1876.00，改进: 8.00 (0.42%)
2025-04-08 16:09:01,659 - DEBUG - 执行AGV分配局部搜索，当前完工时间: 1852.00
2025-04-08 16:09:01,662 - DEBUG - 局部搜索未能改进当前解
2025-04-08 16:09:01,666 - DEBUG - 执行AGV分配局部搜索，当前完工时间: 1885.00
2025-04-08 16:09:01,670 - DEBUG - 局部搜索未能改进当前解
2025-04-08 16:09:01,675 - DEBUG - 执行AGV分配局部搜索，当前完工时间: 1868.00
2025-04-08 16:09:01,678 - DEBUG - AGV分配局部搜索成功！完工时间从 1868.00 降低到 1866.00，改进: 2.00 (0.11%)
2025-04-08 16:09:01,682 - DEBUG - 执行AGV分配局部搜索，当前完工时间: 1895.00
2025-04-08 16:09:01,686 - DEBUG - 局部搜索未能改进当前解
2025-04-08 16:09:01,690 - DEBUG - 执行AGV分配局部搜索，当前完工时间: 1960.00
2025-04-08 16:09:01,695 - DEBUG - AGV分配局部搜索成功！完工时间从 1960.00 降低到 1929.00，改进: 31.00 (1.58%)
2025-04-08 16:09:01,698 - DEBUG - 执行AGV分配局部搜索，当前完工时间: 1983.00
2025-04-08 16:09:01,702 - DEBUG - 局部搜索未能改进当前解
2025-04-08 16:09:01,706 - DEBUG - 执行AGV分配局部搜索，当前完工时间: 1874.00
2025-04-08 16:09:01,709 - DEBUG - AGV分配局部搜索成功！完工时间从 1874.00 降低到 1852.00，改进: 22.00 (1.17%)
2025-04-08 16:09:01,712 - DEBUG - 执行AGV分配局部搜索，当前完工时间: 1740.00
2025-04-08 16:09:01,717 - DEBUG - 局部搜索未能改进当前解
2025-04-08 16:09:01,720 - DEBUG - 执行AGV分配局部搜索，当前完工时间: 1927.00
2025-04-08 16:09:01,725 - DEBUG - 局部搜索未能改进当前解
2025-04-08 16:09:01,729 - DEBUG - 执行AGV分配局部搜索，当前完工时间: 1848.00
2025-04-08 16:09:01,732 - DEBUG - 局部搜索未能改进当前解
2025-04-08 16:09:01,736 - DEBUG - 执行AGV分配局部搜索，当前完工时间: 1815.00
2025-04-08 16:09:01,740 - DEBUG - 局部搜索未能改进当前解
2025-04-08 16:09:01,743 - DEBUG - 执行AGV分配局部搜索，当前完工时间: 1832.00
2025-04-08 16:09:01,747 - DEBUG - AGV分配局部搜索成功！完工时间从 1832.00 降低到 1820.00，改进: 12.00 (0.66%)
2025-04-08 16:09:01,751 - DEBUG - 执行AGV分配局部搜索，当前完工时间: 1858.00
2025-04-08 16:09:01,754 - DEBUG - 局部搜索未能改进当前解
2025-04-08 16:09:01,758 - DEBUG - 执行AGV分配局部搜索，当前完工时间: 1840.00
2025-04-08 16:09:01,762 - DEBUG - 局部搜索未能改进当前解
2025-04-08 16:09:01,765 - DEBUG - 执行AGV分配局部搜索，当前完工时间: 1897.00
2025-04-08 16:09:01,769 - DEBUG - 局部搜索未能改进当前解
2025-04-08 16:09:01,772 - DEBUG - 执行AGV分配局部搜索，当前完工时间: 1828.00
2025-04-08 16:09:01,776 - DEBUG - AGV分配局部搜索成功！完工时间从 1828.00 降低到 1824.00，改进: 4.00 (0.22%)
2025-04-08 16:09:01,780 - DEBUG - 执行AGV分配局部搜索，当前完工时间: 1830.00
2025-04-08 16:09:01,783 - DEBUG - 局部搜索未能改进当前解
2025-04-08 16:09:01,787 - DEBUG - 执行AGV分配局部搜索，当前完工时间: 1921.00
2025-04-08 16:09:01,790 - DEBUG - AGV分配局部搜索成功！完工时间从 1921.00 降低到 1869.00，改进: 52.00 (2.71%)
2025-04-08 16:09:01,794 - DEBUG - 执行AGV分配局部搜索，当前完工时间: 1950.00
2025-04-08 16:09:01,798 - DEBUG - 局部搜索未能改进当前解
2025-04-08 16:09:01,802 - DEBUG - 执行AGV分配局部搜索，当前完工时间: 1944.00
2025-04-08 16:09:01,805 - DEBUG - 局部搜索未能改进当前解
2025-04-08 16:09:01,808 - DEBUG - 执行AGV分配局部搜索，当前完工时间: 1882.00
2025-04-08 16:09:01,812 - DEBUG - 局部搜索未能改进当前解
2025-04-08 16:09:01,816 - DEBUG - 执行AGV分配局部搜索，当前完工时间: 1802.00
2025-04-08 16:09:01,820 - DEBUG - 局部搜索未能改进当前解
2025-04-08 16:09:01,823 - DEBUG - 执行AGV分配局部搜索，当前完工时间: 1815.00
2025-04-08 16:09:01,826 - DEBUG - 局部搜索未能改进当前解
2025-04-08 16:09:01,830 - DEBUG - 执行AGV分配局部搜索，当前完工时间: 1803.00
2025-04-08 16:09:01,833 - DEBUG - 局部搜索未能改进当前解
2025-04-08 16:09:01,837 - DEBUG - 执行AGV分配局部搜索，当前完工时间: 1813.00
2025-04-08 16:09:01,841 - DEBUG - 局部搜索未能改进当前解
2025-04-08 16:09:01,845 - DEBUG - 执行AGV分配局部搜索，当前完工时间: 1839.00
2025-04-08 16:09:01,847 - DEBUG - 局部搜索未能改进当前解
2025-04-08 16:09:01,852 - DEBUG - 执行AGV分配局部搜索，当前完工时间: 1840.00
2025-04-08 16:09:01,855 - DEBUG - 局部搜索未能改进当前解
2025-04-08 16:09:01,858 - DEBUG - 执行AGV分配局部搜索，当前完工时间: 1866.00
2025-04-08 16:09:01,863 - DEBUG - 局部搜索未能改进当前解
2025-04-08 16:09:01,866 - DEBUG - 执行AGV分配局部搜索，当前完工时间: 1799.00
2025-04-08 16:09:01,870 - DEBUG - 局部搜索未能改进当前解
2025-04-08 16:09:01,873 - DEBUG - 执行AGV分配局部搜索，当前完工时间: 1838.00
2025-04-08 16:09:01,877 - DEBUG - 局部搜索未能改进当前解
2025-04-08 16:09:01,881 - DEBUG - 执行AGV分配局部搜索，当前完工时间: 1856.00
2025-04-08 16:09:01,884 - DEBUG - 局部搜索未能改进当前解
2025-04-08 16:09:01,889 - DEBUG - 执行AGV分配局部搜索，当前完工时间: 1787.00
2025-04-08 16:09:01,892 - DEBUG - 局部搜索未能改进当前解
2025-04-08 16:09:01,896 - DEBUG - 执行AGV分配局部搜索，当前完工时间: 1793.00
2025-04-08 16:09:01,899 - DEBUG - 局部搜索未能改进当前解
2025-04-08 16:09:01,903 - DEBUG - 执行AGV分配局部搜索，当前完工时间: 1840.00
2025-04-08 16:09:01,906 - DEBUG - 局部搜索未能改进当前解
2025-04-08 16:09:01,910 - DEBUG - 执行AGV分配局部搜索，当前完工时间: 1842.00
2025-04-08 16:09:01,914 - DEBUG - 局部搜索未能改进当前解
2025-04-08 16:09:01,918 - DEBUG - 执行AGV分配局部搜索，当前完工时间: 1836.00
2025-04-08 16:09:01,921 - DEBUG - 局部搜索未能改进当前解
2025-04-08 16:09:01,925 - DEBUG - 执行AGV分配局部搜索，当前完工时间: 1863.00
2025-04-08 16:09:01,928 - DEBUG - 局部搜索未能改进当前解
2025-04-08 16:09:01,932 - DEBUG - 执行AGV分配局部搜索，当前完工时间: 1819.00
2025-04-08 16:09:01,935 - DEBUG - 局部搜索未能改进当前解
2025-04-08 16:09:01,940 - DEBUG - 执行AGV分配局部搜索，当前完工时间: 1833.00
2025-04-08 16:09:01,943 - DEBUG - 局部搜索未能改进当前解
2025-04-08 16:09:01,947 - DEBUG - 执行AGV分配局部搜索，当前完工时间: 1812.00
2025-04-08 16:09:01,950 - DEBUG - AGV分配局部搜索成功！完工时间从 1812.00 降低到 1794.00，改进: 18.00 (0.99%)
2025-04-08 16:09:01,954 - DEBUG - 执行AGV分配局部搜索，当前完工时间: 1957.00
2025-04-08 16:09:01,958 - DEBUG - 局部搜索未能改进当前解
2025-04-08 16:09:01,962 - DEBUG - 执行AGV分配局部搜索，当前完工时间: 1976.00
2025-04-08 16:09:01,965 - DEBUG - AGV分配局部搜索成功！完工时间从 1976.00 降低到 1945.00，改进: 31.00 (1.57%)
2025-04-08 16:09:01,969 - DEBUG - 执行AGV分配局部搜索，当前完工时间: 1882.00
2025-04-08 16:09:01,973 - DEBUG - 局部搜索未能改进当前解
2025-04-08 16:09:01,977 - DEBUG - 执行AGV分配局部搜索，当前完工时间: 1832.00
2025-04-08 16:09:01,981 - DEBUG - 局部搜索未能改进当前解
2025-04-08 16:09:01,985 - DEBUG - 执行AGV分配局部搜索，当前完工时间: 1857.00
2025-04-08 16:09:01,990 - DEBUG - 局部搜索未能改进当前解
2025-04-08 16:09:01,994 - DEBUG - 执行AGV分配局部搜索，当前完工时间: 1830.00
2025-04-08 16:09:01,997 - DEBUG - 局部搜索未能改进当前解
2025-04-08 16:09:02,001 - DEBUG - 执行AGV分配局部搜索，当前完工时间: 1865.00
2025-04-08 16:09:02,005 - DEBUG - 局部搜索未能改进当前解
2025-04-08 16:09:02,008 - DEBUG - 执行AGV分配局部搜索，当前完工时间: 1918.00
2025-04-08 16:09:02,010 - DEBUG - AGV分配局部搜索成功！完工时间从 1918.00 降低到 1911.00，改进: 7.00 (0.36%)
2025-04-08 16:09:02,015 - DEBUG - 执行AGV分配局部搜索，当前完工时间: 1812.00
2025-04-08 16:09:02,018 - DEBUG - 局部搜索未能改进当前解
2025-04-08 16:09:02,023 - DEBUG - 执行AGV分配局部搜索，当前完工时间: 1934.00
2025-04-08 16:09:02,026 - DEBUG - 局部搜索未能改进当前解
2025-04-08 16:09:02,030 - DEBUG - 执行AGV分配局部搜索，当前完工时间: 1915.00
2025-04-08 16:09:02,034 - DEBUG - 局部搜索未能改进当前解
2025-04-08 16:09:02,037 - DEBUG - 执行AGV分配局部搜索，当前完工时间: 1836.00
2025-04-08 16:09:02,041 - DEBUG - 局部搜索未能改进当前解
2025-04-08 16:09:02,045 - DEBUG - 执行AGV分配局部搜索，当前完工时间: 1873.00
2025-04-08 16:09:02,049 - DEBUG - 局部搜索未能改进当前解
2025-04-08 16:09:02,052 - DEBUG - 执行AGV分配局部搜索，当前完工时间: 1906.00
2025-04-08 16:09:02,055 - DEBUG - 局部搜索未能改进当前解
2025-04-08 16:09:02,060 - DEBUG - 执行AGV分配局部搜索，当前完工时间: 1824.00
2025-04-08 16:09:02,063 - DEBUG - 局部搜索未能改进当前解
2025-04-08 16:09:02,068 - DEBUG - 执行AGV分配局部搜索，当前完工时间: 1837.00
2025-04-08 16:09:02,071 - DEBUG - 局部搜索未能改进当前解
2025-04-08 16:09:02,074 - DEBUG - 执行AGV分配局部搜索，当前完工时间: 1821.00
2025-04-08 16:09:02,078 - DEBUG - 局部搜索未能改进当前解
2025-04-08 16:09:02,081 - DEBUG - 执行AGV分配局部搜索，当前完工时间: 1876.00
2025-04-08 16:09:02,084 - DEBUG - 局部搜索未能改进当前解
2025-04-08 16:09:02,089 - DEBUG - 执行AGV分配局部搜索，当前完工时间: 1868.00
2025-04-08 16:09:02,092 - DEBUG - 局部搜索未能改进当前解
2025-04-08 16:09:02,096 - DEBUG - 执行AGV分配局部搜索，当前完工时间: 1841.00
2025-04-08 16:09:02,100 - DEBUG - 局部搜索未能改进当前解
2025-04-08 16:09:02,104 - DEBUG - 执行AGV分配局部搜索，当前完工时间: 1888.00
2025-04-08 16:09:02,107 - DEBUG - AGV分配局部搜索成功！完工时间从 1888.00 降低到 1885.00，改进: 3.00 (0.16%)
2025-04-08 16:09:02,110 - DEBUG - 执行AGV分配局部搜索，当前完工时间: 1956.00
2025-04-08 16:09:02,114 - DEBUG - 局部搜索未能改进当前解
2025-04-08 16:09:02,118 - DEBUG - 执行AGV分配局部搜索，当前完工时间: 1841.00
2025-04-08 16:09:02,122 - DEBUG - 局部搜索未能改进当前解
2025-04-08 16:09:02,127 - DEBUG - 执行AGV分配局部搜索，当前完工时间: 1902.00
2025-04-08 16:09:02,130 - DEBUG - 局部搜索未能改进当前解
2025-04-08 16:09:02,134 - DEBUG - 执行AGV分配局部搜索，当前完工时间: 1818.00
2025-04-08 16:09:02,137 - DEBUG - 局部搜索未能改进当前解
2025-04-08 16:09:02,137 - DEBUG - ==================================================
2025-04-08 16:09:02,137 - DEBUG - Efficiency Statistics of Local Search :
2025-04-08 16:09:02,137 - DEBUG - Number of attempts: 99
2025-04-08 16:09:02,137 - DEBUG - Average Success Rate: 17.17%
2025-04-08 16:09:02,137 - DEBUG - AGV Local Search Success: 17，Average Improvement: 18.06
2025-04-08 16:09:02,143 - DEBUG - 执行AGV分配局部搜索，当前完工时间: 1911.00
2025-04-08 16:09:02,147 - DEBUG - 局部搜索未能改进当前解
2025-04-08 16:09:02,151 - DEBUG - 执行AGV分配局部搜索，当前完工时间: 1822.00
2025-04-08 16:09:02,154 - DEBUG - 局部搜索未能改进当前解
2025-04-08 16:09:02,158 - DEBUG - 执行AGV分配局部搜索，当前完工时间: 1914.00
2025-04-08 16:09:02,162 - DEBUG - AGV分配局部搜索成功！完工时间从 1914.00 降低到 1872.00，改进: 42.00 (2.19%)
2025-04-08 16:09:02,165 - DEBUG - 执行AGV分配局部搜索，当前完工时间: 1828.00
2025-04-08 16:09:02,170 - DEBUG - 局部搜索未能改进当前解
2025-04-08 16:09:02,173 - DEBUG - 执行AGV分配局部搜索，当前完工时间: 1863.00
2025-04-08 16:09:02,176 - DEBUG - 局部搜索未能改进当前解
2025-04-08 16:09:02,181 - DEBUG - 执行AGV分配局部搜索，当前完工时间: 1854.00
2025-04-08 16:09:02,185 - DEBUG - 局部搜索未能改进当前解
2025-04-08 16:09:02,188 - DEBUG - 执行AGV分配局部搜索，当前完工时间: 1810.00
2025-04-08 16:09:02,192 - DEBUG - 局部搜索未能改进当前解
2025-04-08 16:09:02,195 - DEBUG - 执行AGV分配局部搜索，当前完工时间: 1843.00
2025-04-08 16:09:02,199 - DEBUG - 局部搜索未能改进当前解
2025-04-08 16:09:02,203 - DEBUG - 执行AGV分配局部搜索，当前完工时间: 1823.00
2025-04-08 16:09:02,206 - DEBUG - 局部搜索未能改进当前解
2025-04-08 16:09:02,210 - DEBUG - 执行AGV分配局部搜索，当前完工时间: 1831.00
2025-04-08 16:09:02,214 - DEBUG - 局部搜索未能改进当前解
2025-04-08 16:09:02,219 - DEBUG - 执行AGV分配局部搜索，当前完工时间: 1813.00
2025-04-08 16:09:02,222 - DEBUG - 局部搜索未能改进当前解
2025-04-08 16:09:02,226 - DEBUG - 执行AGV分配局部搜索，当前完工时间: 1818.00
2025-04-08 16:09:02,229 - DEBUG - AGV分配局部搜索成功！完工时间从 1818.00 降低到 1790.00，改进: 28.00 (1.54%)
2025-04-08 16:09:02,234 - DEBUG - 执行AGV分配局部搜索，当前完工时间: 1825.00
2025-04-08 16:09:02,238 - DEBUG - 局部搜索未能改进当前解
2025-04-08 16:09:02,241 - DEBUG - 执行AGV分配局部搜索，当前完工时间: 1892.00
2025-04-08 16:09:02,245 - DEBUG - 局部搜索未能改进当前解
2025-04-08 16:09:02,249 - DEBUG - 执行AGV分配局部搜索，当前完工时间: 1918.00
2025-04-08 16:09:02,253 - DEBUG - 局部搜索未能改进当前解
2025-04-08 16:09:02,257 - DEBUG - 执行AGV分配局部搜索，当前完工时间: 1824.00
2025-04-08 16:09:02,260 - DEBUG - 局部搜索未能改进当前解
2025-04-08 16:09:02,264 - DEBUG - 执行AGV分配局部搜索，当前完工时间: 1852.00
2025-04-08 16:09:02,268 - DEBUG - AGV分配局部搜索成功！完工时间从 1852.00 降低到 1825.00，改进: 27.00 (1.46%)
2025-04-08 16:09:02,272 - DEBUG - 执行AGV分配局部搜索，当前完工时间: 1799.00
2025-04-08 16:09:02,275 - DEBUG - AGV分配局部搜索成功！完工时间从 1799.00 降低到 1795.00，改进: 4.00 (0.22%)
2025-04-08 16:09:02,279 - DEBUG - 执行AGV分配局部搜索，当前完工时间: 1809.00
2025-04-08 16:09:02,283 - DEBUG - 局部搜索未能改进当前解
2025-04-08 16:09:02,286 - DEBUG - 执行AGV分配局部搜索，当前完工时间: 1820.00
2025-04-08 16:09:02,290 - DEBUG - 局部搜索未能改进当前解
2025-04-08 16:09:02,294 - DEBUG - 执行AGV分配局部搜索，当前完工时间: 1868.00
2025-04-08 16:09:02,300 - DEBUG - 局部搜索未能改进当前解
2025-04-08 16:09:02,304 - DEBUG - 执行AGV分配局部搜索，当前完工时间: 1878.00
2025-04-08 16:09:02,307 - DEBUG - 局部搜索未能改进当前解
2025-04-08 16:09:02,311 - DEBUG - 执行AGV分配局部搜索，当前完工时间: 1878.00
2025-04-08 16:09:02,314 - DEBUG - 局部搜索未能改进当前解
2025-04-08 16:09:02,318 - DEBUG - 执行AGV分配局部搜索，当前完工时间: 1930.00
2025-04-08 16:09:02,321 - DEBUG - AGV分配局部搜索成功！完工时间从 1930.00 降低到 1926.00，改进: 4.00 (0.21%)
2025-04-08 16:09:02,325 - DEBUG - 执行AGV分配局部搜索，当前完工时间: 1955.00
2025-04-08 16:09:02,329 - DEBUG - 局部搜索未能改进当前解
2025-04-08 16:09:02,332 - DEBUG - 执行AGV分配局部搜索，当前完工时间: 1762.00
2025-04-08 16:09:02,336 - DEBUG - 局部搜索未能改进当前解
2025-04-08 16:09:02,340 - DEBUG - 执行AGV分配局部搜索，当前完工时间: 1850.00
2025-04-08 16:09:02,344 - DEBUG - 局部搜索未能改进当前解
2025-04-08 16:09:02,347 - DEBUG - 执行AGV分配局部搜索，当前完工时间: 1908.00
2025-04-08 16:09:02,351 - DEBUG - 局部搜索未能改进当前解
2025-04-08 16:09:02,355 - DEBUG - 执行AGV分配局部搜索，当前完工时间: 1864.00
2025-04-08 16:09:02,359 - DEBUG - AGV分配局部搜索成功！完工时间从 1864.00 降低到 1847.00，改进: 17.00 (0.91%)
2025-04-08 16:09:02,363 - DEBUG - 执行AGV分配局部搜索，当前完工时间: 1879.00
2025-04-08 16:09:02,366 - DEBUG - 局部搜索未能改进当前解
2025-04-08 16:09:02,370 - DEBUG - 执行AGV分配局部搜索，当前完工时间: 1919.00
2025-04-08 16:09:02,374 - DEBUG - 局部搜索未能改进当前解
2025-04-08 16:09:02,378 - DEBUG - 执行AGV分配局部搜索，当前完工时间: 1853.00
2025-04-08 16:09:02,381 - DEBUG - 局部搜索未能改进当前解
2025-04-08 16:09:02,385 - DEBUG - 执行AGV分配局部搜索，当前完工时间: 1836.00
2025-04-08 16:09:02,389 - DEBUG - 局部搜索未能改进当前解
2025-04-08 16:09:02,392 - DEBUG - 执行AGV分配局部搜索，当前完工时间: 1878.00
2025-04-08 16:09:02,395 - DEBUG - 局部搜索未能改进当前解
2025-04-08 16:09:02,399 - DEBUG - 执行AGV分配局部搜索，当前完工时间: 1948.00
2025-04-08 16:09:02,403 - DEBUG - 局部搜索未能改进当前解
2025-04-08 16:09:02,408 - DEBUG - 执行AGV分配局部搜索，当前完工时间: 1886.00
2025-04-08 16:09:02,411 - DEBUG - 局部搜索未能改进当前解
2025-04-08 16:09:02,415 - DEBUG - 执行AGV分配局部搜索，当前完工时间: 1740.00
2025-04-08 16:09:02,419 - DEBUG - 局部搜索未能改进当前解
2025-04-08 16:09:02,422 - DEBUG - 执行AGV分配局部搜索，当前完工时间: 1968.00
2025-04-08 16:09:02,426 - DEBUG - 局部搜索未能改进当前解
2025-04-08 16:09:02,430 - DEBUG - 执行AGV分配局部搜索，当前完工时间: 1836.00
2025-04-08 16:09:02,434 - DEBUG - 局部搜索未能改进当前解
2025-04-08 16:09:02,438 - DEBUG - 执行AGV分配局部搜索，当前完工时间: 1873.00
2025-04-08 16:09:02,441 - DEBUG - 局部搜索未能改进当前解
2025-04-08 16:09:02,445 - DEBUG - 执行AGV分配局部搜索，当前完工时间: 1794.00
2025-04-08 16:09:02,449 - DEBUG - 局部搜索未能改进当前解
2025-04-08 16:09:02,453 - DEBUG - 执行AGV分配局部搜索，当前完工时间: 1802.00
2025-04-08 16:09:02,457 - DEBUG - 局部搜索未能改进当前解
2025-04-08 16:09:02,461 - DEBUG - 执行AGV分配局部搜索，当前完工时间: 1972.00
2025-04-08 16:09:02,465 - DEBUG - 局部搜索未能改进当前解
2025-04-08 16:09:02,468 - DEBUG - 执行AGV分配局部搜索，当前完工时间: 1952.00
2025-04-08 16:09:02,472 - DEBUG - 局部搜索未能改进当前解
2025-04-08 16:09:02,476 - DEBUG - 执行AGV分配局部搜索，当前完工时间: 1937.00
2025-04-08 16:09:02,480 - DEBUG - 局部搜索未能改进当前解
2025-04-08 16:09:02,484 - DEBUG - 执行AGV分配局部搜索，当前完工时间: 1850.00
2025-04-08 16:09:02,487 - DEBUG - 局部搜索未能改进当前解
2025-04-08 16:09:02,492 - DEBUG - 执行AGV分配局部搜索，当前完工时间: 1778.00
2025-04-08 16:09:02,496 - DEBUG - 局部搜索未能改进当前解
2025-04-08 16:09:02,500 - DEBUG - 执行AGV分配局部搜索，当前完工时间: 1837.00
2025-04-08 16:09:02,503 - DEBUG - 局部搜索未能改进当前解
2025-04-08 16:09:02,507 - DEBUG - 执行AGV分配局部搜索，当前完工时间: 1882.00
2025-04-08 16:09:02,510 - DEBUG - 局部搜索未能改进当前解
2025-04-08 16:09:02,514 - DEBUG - 执行AGV分配局部搜索，当前完工时间: 1815.00
2025-04-08 16:09:02,518 - DEBUG - 局部搜索未能改进当前解
2025-04-08 16:09:02,522 - DEBUG - 执行AGV分配局部搜索，当前完工时间: 1879.00
2025-04-08 16:09:02,525 - DEBUG - 局部搜索未能改进当前解
2025-04-08 16:09:02,530 - DEBUG - 执行AGV分配局部搜索，当前完工时间: 1871.00
2025-04-08 16:09:02,533 - DEBUG - 局部搜索未能改进当前解
2025-04-08 16:09:02,537 - DEBUG - 执行AGV分配局部搜索，当前完工时间: 1834.00
2025-04-08 16:09:02,540 - DEBUG - 局部搜索未能改进当前解
2025-04-08 16:09:02,544 - DEBUG - 执行AGV分配局部搜索，当前完工时间: 1827.00
2025-04-08 16:09:02,547 - DEBUG - 局部搜索未能改进当前解
2025-04-08 16:09:02,552 - DEBUG - 执行AGV分配局部搜索，当前完工时间: 1841.00
2025-04-08 16:09:02,555 - DEBUG - 局部搜索未能改进当前解
2025-04-08 16:09:02,560 - DEBUG - 执行AGV分配局部搜索，当前完工时间: 1847.00
2025-04-08 16:09:02,562 - DEBUG - AGV分配局部搜索成功！完工时间从 1847.00 降低到 1835.00，改进: 12.00 (0.65%)
2025-04-08 16:09:02,566 - DEBUG - 执行AGV分配局部搜索，当前完工时间: 1877.00
2025-04-08 16:09:02,570 - DEBUG - 局部搜索未能改进当前解
2025-04-08 16:09:02,575 - DEBUG - 执行AGV分配局部搜索，当前完工时间: 1840.00
2025-04-08 16:09:02,579 - DEBUG - 局部搜索未能改进当前解
2025-04-08 16:09:02,582 - DEBUG - 执行AGV分配局部搜索，当前完工时间: 1908.00
2025-04-08 16:09:02,586 - DEBUG - 局部搜索未能改进当前解
2025-04-08 16:09:02,591 - DEBUG - 执行AGV分配局部搜索，当前完工时间: 1785.00
2025-04-08 16:09:02,594 - DEBUG - AGV分配局部搜索成功！完工时间从 1785.00 降低到 1767.00，改进: 18.00 (1.01%)
2025-04-08 16:09:02,598 - DEBUG - 执行AGV分配局部搜索，当前完工时间: 1824.00
2025-04-08 16:09:02,601 - DEBUG - 局部搜索未能改进当前解
2025-04-08 16:09:02,606 - DEBUG - 执行AGV分配局部搜索，当前完工时间: 1906.00
2025-04-08 16:09:02,609 - DEBUG - AGV分配局部搜索成功！完工时间从 1906.00 降低到 1890.00，改进: 16.00 (0.84%)
2025-04-08 16:09:02,612 - DEBUG - 执行AGV分配局部搜索，当前完工时间: 1834.00
2025-04-08 16:09:02,616 - DEBUG - 局部搜索未能改进当前解
2025-04-08 16:09:02,621 - DEBUG - 执行AGV分配局部搜索，当前完工时间: 1788.00
2025-04-08 16:09:02,625 - DEBUG - 局部搜索未能改进当前解
2025-04-08 16:09:02,628 - DEBUG - 执行AGV分配局部搜索，当前完工时间: 1818.00
2025-04-08 16:09:02,631 - DEBUG - 局部搜索未能改进当前解
2025-04-08 16:09:02,636 - DEBUG - 执行AGV分配局部搜索，当前完工时间: 1844.00
2025-04-08 16:09:02,638 - DEBUG - 局部搜索未能改进当前解
2025-04-08 16:09:02,643 - DEBUG - 执行AGV分配局部搜索，当前完工时间: 1863.00
2025-04-08 16:09:02,647 - DEBUG - 局部搜索未能改进当前解
2025-04-08 16:09:02,651 - DEBUG - 执行AGV分配局部搜索，当前完工时间: 1821.00
2025-04-08 16:09:02,655 - DEBUG - 局部搜索未能改进当前解
2025-04-08 16:09:02,659 - DEBUG - 执行AGV分配局部搜索，当前完工时间: 1793.00
2025-04-08 16:09:02,662 - DEBUG - 局部搜索未能改进当前解
2025-04-08 16:09:02,667 - DEBUG - 执行AGV分配局部搜索，当前完工时间: 1787.00
2025-04-08 16:09:02,670 - DEBUG - 局部搜索未能改进当前解
2025-04-08 16:09:02,674 - DEBUG - 执行AGV分配局部搜索，当前完工时间: 1891.00
2025-04-08 16:09:02,676 - DEBUG - 局部搜索未能改进当前解
2025-04-08 16:09:02,681 - DEBUG - 执行AGV分配局部搜索，当前完工时间: 1841.00
2025-04-08 16:09:02,685 - DEBUG - 局部搜索未能改进当前解
2025-04-08 16:09:02,689 - DEBUG - 执行AGV分配局部搜索，当前完工时间: 1808.00
2025-04-08 16:09:02,693 - DEBUG - 局部搜索未能改进当前解
2025-04-08 16:09:02,697 - DEBUG - 执行AGV分配局部搜索，当前完工时间: 1806.00
2025-04-08 16:09:02,700 - DEBUG - AGV分配局部搜索成功！完工时间从 1806.00 降低到 1782.00，改进: 24.00 (1.33%)
2025-04-08 16:09:02,704 - DEBUG - 执行AGV分配局部搜索，当前完工时间: 1868.00
2025-04-08 16:09:02,707 - DEBUG - 局部搜索未能改进当前解
2025-04-08 16:09:02,712 - DEBUG - 执行AGV分配局部搜索，当前完工时间: 1866.00
2025-04-08 16:09:02,715 - DEBUG - 局部搜索未能改进当前解
2025-04-08 16:09:02,719 - DEBUG - 执行AGV分配局部搜索，当前完工时间: 1878.00
2025-04-08 16:09:02,723 - DEBUG - 局部搜索未能改进当前解
2025-04-08 16:09:02,728 - DEBUG - 执行AGV分配局部搜索，当前完工时间: 1932.00
2025-04-08 16:09:02,730 - DEBUG - 局部搜索未能改进当前解
2025-04-08 16:09:02,734 - DEBUG - 执行AGV分配局部搜索，当前完工时间: 1768.00
2025-04-08 16:09:02,738 - DEBUG - 局部搜索未能改进当前解
2025-04-08 16:09:02,742 - DEBUG - 执行AGV分配局部搜索，当前完工时间: 1855.00
2025-04-08 16:09:02,745 - DEBUG - 局部搜索未能改进当前解
2025-04-08 16:09:02,750 - DEBUG - 执行AGV分配局部搜索，当前完工时间: 1916.00
2025-04-08 16:09:02,753 - DEBUG - 局部搜索未能改进当前解
2025-04-08 16:09:02,757 - DEBUG - 执行AGV分配局部搜索，当前完工时间: 1823.00
2025-04-08 16:09:02,761 - DEBUG - AGV分配局部搜索成功！完工时间从 1823.00 降低到 1814.00，改进: 9.00 (0.49%)
2025-04-08 16:09:02,764 - DEBUG - 执行AGV分配局部搜索，当前完工时间: 1800.00
2025-04-08 16:09:02,769 - DEBUG - AGV分配局部搜索成功！完工时间从 1800.00 降低到 1776.00，改进: 24.00 (1.33%)
2025-04-08 16:09:02,773 - DEBUG - 执行AGV分配局部搜索，当前完工时间: 1793.00
2025-04-08 16:09:02,776 - DEBUG - 局部搜索未能改进当前解
2025-04-08 16:09:02,780 - DEBUG - 执行AGV分配局部搜索，当前完工时间: 1764.00
2025-04-08 16:09:02,784 - DEBUG - 局部搜索未能改进当前解
2025-04-08 16:09:02,787 - DEBUG - 执行AGV分配局部搜索，当前完工时间: 1977.00
2025-04-08 16:09:02,791 - DEBUG - 局部搜索未能改进当前解
2025-04-08 16:09:02,795 - DEBUG - 执行AGV分配局部搜索，当前完工时间: 1806.00
2025-04-08 16:09:02,799 - DEBUG - 局部搜索未能改进当前解
2025-04-08 16:09:02,802 - DEBUG - 执行AGV分配局部搜索，当前完工时间: 1801.00
2025-04-08 16:09:02,806 - DEBUG - 局部搜索未能改进当前解
2025-04-08 16:09:02,811 - DEBUG - 执行AGV分配局部搜索，当前完工时间: 1780.00
2025-04-08 16:09:02,814 - DEBUG - 局部搜索未能改进当前解
2025-04-08 16:09:02,818 - DEBUG - 执行AGV分配局部搜索，当前完工时间: 1766.00
2025-04-08 16:09:02,822 - DEBUG - 局部搜索未能改进当前解
2025-04-08 16:09:02,825 - DEBUG - 执行AGV分配局部搜索，当前完工时间: 1833.00
2025-04-08 16:09:02,829 - DEBUG - 局部搜索未能改进当前解
2025-04-08 16:09:02,833 - DEBUG - 执行AGV分配局部搜索，当前完工时间: 1862.00
2025-04-08 16:09:02,837 - DEBUG - 局部搜索未能改进当前解
2025-04-08 16:09:02,840 - DEBUG - 执行AGV分配局部搜索，当前完工时间: 1812.00
2025-04-08 16:09:02,844 - DEBUG - 局部搜索未能改进当前解
2025-04-08 16:09:02,847 - DEBUG - 执行AGV分配局部搜索，当前完工时间: 1887.00
2025-04-08 16:09:02,850 - DEBUG - AGV分配局部搜索成功！完工时间从 1887.00 降低到 1837.00，改进: 50.00 (2.65%)
2025-04-08 16:09:02,854 - DEBUG - 执行AGV分配局部搜索，当前完工时间: 1808.00
2025-04-08 16:09:02,858 - DEBUG - 局部搜索未能改进当前解
2025-04-08 16:09:02,862 - DEBUG - 执行AGV分配局部搜索，当前完工时间: 1869.00
2025-04-08 16:09:02,865 - DEBUG - 局部搜索未能改进当前解
2025-04-08 16:09:02,870 - DEBUG - 执行AGV分配局部搜索，当前完工时间: 1959.00
2025-04-08 16:09:02,872 - DEBUG - 局部搜索未能改进当前解
2025-04-08 16:09:02,877 - DEBUG - 执行AGV分配局部搜索，当前完工时间: 1913.00
2025-04-08 16:09:02,880 - DEBUG - 局部搜索未能改进当前解
2025-04-08 16:09:02,884 - DEBUG - 执行AGV分配局部搜索，当前完工时间: 1867.00
2025-04-08 16:09:02,887 - DEBUG - 局部搜索未能改进当前解
2025-04-08 16:09:02,887 - DEBUG - ==================================================
2025-04-08 16:09:02,887 - DEBUG - Efficiency Statistics of Local Search :
2025-04-08 16:09:02,887 - DEBUG - Number of attempts: 99
2025-04-08 16:09:02,887 - DEBUG - Average Success Rate: 13.13%
2025-04-08 16:09:02,887 - DEBUG - AGV Local Search Success: 13，Average Improvement: 21.15
2025-04-08 16:09:02,893 - DEBUG - 执行AGV分配局部搜索，当前完工时间: 1839.00
2025-04-08 16:09:02,896 - DEBUG - 局部搜索未能改进当前解
2025-04-08 16:09:02,900 - DEBUG - 执行AGV分配局部搜索，当前完工时间: 1771.00
2025-04-08 16:09:02,904 - DEBUG - 局部搜索未能改进当前解
2025-04-08 16:09:02,908 - DEBUG - 执行AGV分配局部搜索，当前完工时间: 1804.00
2025-04-08 16:09:02,910 - DEBUG - AGV分配局部搜索成功！完工时间从 1804.00 降低到 1771.00，改进: 33.00 (1.83%)
2025-04-08 16:09:02,916 - DEBUG - 执行AGV分配局部搜索，当前完工时间: 1861.00
2025-04-08 16:09:02,920 - DEBUG - 局部搜索未能改进当前解
2025-04-08 16:09:02,924 - DEBUG - 执行AGV分配局部搜索，当前完工时间: 1817.00
2025-04-08 16:09:02,927 - DEBUG - 局部搜索未能改进当前解
2025-04-08 16:09:02,931 - DEBUG - 执行AGV分配局部搜索，当前完工时间: 1809.00
2025-04-08 16:09:02,935 - DEBUG - AGV分配局部搜索成功！完工时间从 1809.00 降低到 1777.00，改进: 32.00 (1.77%)
2025-04-08 16:09:02,939 - DEBUG - 执行AGV分配局部搜索，当前完工时间: 1802.00
2025-04-08 16:09:02,942 - DEBUG - 局部搜索未能改进当前解
2025-04-08 16:09:02,946 - DEBUG - 执行AGV分配局部搜索，当前完工时间: 1811.00
2025-04-08 16:09:02,949 - DEBUG - 局部搜索未能改进当前解
2025-04-08 16:09:02,953 - DEBUG - 执行AGV分配局部搜索，当前完工时间: 1836.00
2025-04-08 16:09:02,956 - DEBUG - 局部搜索未能改进当前解
2025-04-08 16:09:02,961 - DEBUG - 执行AGV分配局部搜索，当前完工时间: 1740.00
2025-04-08 16:09:02,964 - DEBUG - 局部搜索未能改进当前解
2025-04-08 16:09:02,968 - DEBUG - 执行AGV分配局部搜索，当前完工时间: 1878.00
2025-04-08 16:09:02,972 - DEBUG - 局部搜索未能改进当前解
2025-04-08 16:09:02,977 - DEBUG - 执行AGV分配局部搜索，当前完工时间: 1854.00
2025-04-08 16:09:02,980 - DEBUG - 局部搜索未能改进当前解
2025-04-08 16:09:02,985 - DEBUG - 执行AGV分配局部搜索，当前完工时间: 1820.00
2025-04-08 16:09:02,989 - DEBUG - 局部搜索未能改进当前解
2025-04-08 16:09:02,993 - DEBUG - 执行AGV分配局部搜索，当前完工时间: 1879.00
2025-04-08 16:09:02,997 - DEBUG - 局部搜索未能改进当前解
2025-04-08 16:09:03,000 - DEBUG - 执行AGV分配局部搜索，当前完工时间: 1825.00
2025-04-08 16:09:03,004 - DEBUG - 局部搜索未能改进当前解
2025-04-08 16:09:03,007 - DEBUG - 执行AGV分配局部搜索，当前完工时间: 1803.00
2025-04-08 16:09:03,011 - DEBUG - 局部搜索未能改进当前解
2025-04-08 16:09:03,015 - DEBUG - 执行AGV分配局部搜索，当前完工时间: 1962.00
2025-04-08 16:09:03,019 - DEBUG - 局部搜索未能改进当前解
2025-04-08 16:09:03,023 - DEBUG - 执行AGV分配局部搜索，当前完工时间: 1774.00
2025-04-08 16:09:03,027 - DEBUG - 局部搜索未能改进当前解
2025-04-08 16:09:03,030 - DEBUG - 执行AGV分配局部搜索，当前完工时间: 1837.00
2025-04-08 16:09:03,034 - DEBUG - AGV分配局部搜索成功！完工时间从 1837.00 降低到 1806.00，改进: 31.00 (1.69%)
2025-04-08 16:09:03,038 - DEBUG - 执行AGV分配局部搜索，当前完工时间: 1928.00
2025-04-08 16:09:03,042 - DEBUG - 局部搜索未能改进当前解
2025-04-08 16:09:03,045 - DEBUG - 执行AGV分配局部搜索，当前完工时间: 1815.00
2025-04-08 16:09:03,049 - DEBUG - 局部搜索未能改进当前解
2025-04-08 16:09:03,054 - DEBUG - 执行AGV分配局部搜索，当前完工时间: 1827.00
2025-04-08 16:09:03,057 - DEBUG - 局部搜索未能改进当前解
2025-04-08 16:09:03,061 - DEBUG - 执行AGV分配局部搜索，当前完工时间: 1765.00
2025-04-08 16:09:03,064 - DEBUG - 局部搜索未能改进当前解
2025-04-08 16:09:03,068 - DEBUG - 执行AGV分配局部搜索，当前完工时间: 1852.00
2025-04-08 16:09:03,072 - DEBUG - AGV分配局部搜索成功！完工时间从 1852.00 降低到 1819.00，改进: 33.00 (1.78%)
2025-04-08 16:09:03,076 - DEBUG - 执行AGV分配局部搜索，当前完工时间: 1860.00
2025-04-08 16:09:03,080 - DEBUG - 局部搜索未能改进当前解
2025-04-08 16:09:03,084 - DEBUG - 执行AGV分配局部搜索，当前完工时间: 1816.00
2025-04-08 16:09:03,087 - DEBUG - 局部搜索未能改进当前解
2025-04-08 16:09:03,091 - DEBUG - 执行AGV分配局部搜索，当前完工时间: 1837.00
2025-04-08 16:09:03,096 - DEBUG - 局部搜索未能改进当前解
2025-04-08 16:09:03,099 - DEBUG - 执行AGV分配局部搜索，当前完工时间: 1780.00
2025-04-08 16:09:03,102 - DEBUG - 局部搜索未能改进当前解
2025-04-08 16:09:03,106 - DEBUG - 执行AGV分配局部搜索，当前完工时间: 1943.00
2025-04-08 16:09:03,111 - DEBUG - 局部搜索未能改进当前解
2025-04-08 16:09:03,114 - DEBUG - 执行AGV分配局部搜索，当前完工时间: 1857.00
2025-04-08 16:09:03,118 - DEBUG - AGV分配局部搜索成功！完工时间从 1857.00 降低到 1838.00，改进: 19.00 (1.02%)
2025-04-08 16:09:03,122 - DEBUG - 执行AGV分配局部搜索，当前完工时间: 1874.00
2025-04-08 16:09:03,126 - DEBUG - 局部搜索未能改进当前解
2025-04-08 16:09:03,130 - DEBUG - 执行AGV分配局部搜索，当前完工时间: 1824.00
2025-04-08 16:09:03,133 - DEBUG - AGV分配局部搜索成功！完工时间从 1824.00 降低到 1820.00，改进: 4.00 (0.22%)
2025-04-08 16:09:03,137 - DEBUG - 执行AGV分配局部搜索，当前完工时间: 1808.00
2025-04-08 16:09:03,141 - DEBUG - 局部搜索未能改进当前解
2025-04-08 16:09:03,144 - DEBUG - 执行AGV分配局部搜索，当前完工时间: 1775.00
2025-04-08 16:09:03,149 - DEBUG - 局部搜索未能改进当前解
2025-04-08 16:09:03,153 - DEBUG - 执行AGV分配局部搜索，当前完工时间: 1838.00
2025-04-08 16:09:03,157 - DEBUG - 局部搜索未能改进当前解
2025-04-08 16:09:03,160 - DEBUG - 执行AGV分配局部搜索，当前完工时间: 1791.00
2025-04-08 16:09:03,164 - DEBUG - AGV分配局部搜索成功！完工时间从 1791.00 降低到 1789.00，改进: 2.00 (0.11%)
2025-04-08 16:09:03,169 - DEBUG - 执行AGV分配局部搜索，当前完工时间: 1835.00
2025-04-08 16:09:03,172 - DEBUG - 局部搜索未能改进当前解
2025-04-08 16:09:03,176 - DEBUG - 执行AGV分配局部搜索，当前完工时间: 1844.00
2025-04-08 16:09:03,180 - DEBUG - AGV分配局部搜索成功！完工时间从 1844.00 降低到 1840.00，改进: 4.00 (0.22%)
2025-04-08 16:09:03,183 - DEBUG - 执行AGV分配局部搜索，当前完工时间: 1955.00
2025-04-08 16:09:03,186 - DEBUG - 局部搜索未能改进当前解
2025-04-08 16:09:03,190 - DEBUG - 执行AGV分配局部搜索，当前完工时间: 1762.00
2025-04-08 16:09:03,194 - DEBUG - 局部搜索未能改进当前解
2025-04-08 16:09:03,197 - DEBUG - 执行AGV分配局部搜索，当前完工时间: 1845.00
2025-04-08 16:09:03,201 - DEBUG - AGV分配局部搜索成功！完工时间从 1845.00 降低到 1813.00，改进: 32.00 (1.73%)
2025-04-08 16:09:03,205 - DEBUG - 执行AGV分配局部搜索，当前完工时间: 1874.00
2025-04-08 16:09:03,208 - DEBUG - 局部搜索未能改进当前解
2025-04-08 16:09:03,213 - DEBUG - 执行AGV分配局部搜索，当前完工时间: 1816.00
2025-04-08 16:09:03,217 - DEBUG - AGV分配局部搜索成功！完工时间从 1816.00 降低到 1810.00，改进: 6.00 (0.33%)
2025-04-08 16:09:03,220 - DEBUG - 执行AGV分配局部搜索，当前完工时间: 1773.00
2025-04-08 16:09:03,224 - DEBUG - AGV分配局部搜索成功！完工时间从 1773.00 降低到 1755.00，改进: 18.00 (1.02%)
2025-04-08 16:09:03,228 - DEBUG - 执行AGV分配局部搜索，当前完工时间: 1871.00
2025-04-08 16:09:03,232 - DEBUG - 局部搜索未能改进当前解
2025-04-08 16:09:03,235 - DEBUG - 执行AGV分配局部搜索，当前完工时间: 1839.00
2025-04-08 16:09:03,240 - DEBUG - 局部搜索未能改进当前解
2025-04-08 16:09:03,243 - DEBUG - 执行AGV分配局部搜索，当前完工时间: 1846.00
2025-04-08 16:09:03,247 - DEBUG - 局部搜索未能改进当前解
2025-04-08 16:09:03,250 - DEBUG - 执行AGV分配局部搜索，当前完工时间: 1812.00
2025-04-08 16:09:03,254 - DEBUG - AGV分配局部搜索成功！完工时间从 1812.00 降低到 1809.00，改进: 3.00 (0.17%)
2025-04-08 16:09:03,258 - DEBUG - 执行AGV分配局部搜索，当前完工时间: 1840.00
2025-04-08 16:09:03,261 - DEBUG - 局部搜索未能改进当前解
2025-04-08 16:09:03,266 - DEBUG - 执行AGV分配局部搜索，当前完工时间: 1795.00
2025-04-08 16:09:03,269 - DEBUG - 局部搜索未能改进当前解
2025-04-08 16:09:03,273 - DEBUG - 执行AGV分配局部搜索，当前完工时间: 1824.00
2025-04-08 16:09:03,276 - DEBUG - AGV分配局部搜索成功！完工时间从 1824.00 降低到 1760.00，改进: 64.00 (3.51%)
2025-04-08 16:09:03,282 - DEBUG - 执行AGV分配局部搜索，当前完工时间: 1930.00
2025-04-08 16:09:03,285 - DEBUG - 局部搜索未能改进当前解
2025-04-08 16:09:03,289 - DEBUG - 执行AGV分配局部搜索，当前完工时间: 1831.00
2025-04-08 16:09:03,293 - DEBUG - 局部搜索未能改进当前解
2025-04-08 16:09:03,297 - DEBUG - 执行AGV分配局部搜索，当前完工时间: 1811.00
2025-04-08 16:09:03,301 - DEBUG - 局部搜索未能改进当前解
2025-04-08 16:09:03,305 - DEBUG - 执行AGV分配局部搜索，当前完工时间: 1854.00
2025-04-08 16:09:03,308 - DEBUG - 局部搜索未能改进当前解
2025-04-08 16:09:03,312 - DEBUG - 执行AGV分配局部搜索，当前完工时间: 1801.00
2025-04-08 16:09:03,316 - DEBUG - 局部搜索未能改进当前解
2025-04-08 16:09:03,320 - DEBUG - 执行AGV分配局部搜索，当前完工时间: 1787.00
2025-04-08 16:09:03,323 - DEBUG - 局部搜索未能改进当前解
2025-04-08 16:09:03,327 - DEBUG - 执行AGV分配局部搜索，当前完工时间: 1826.00
2025-04-08 16:09:03,330 - DEBUG - AGV分配局部搜索成功！完工时间从 1826.00 降低到 1815.00，改进: 11.00 (0.60%)
2025-04-08 16:09:03,334 - DEBUG - 执行AGV分配局部搜索，当前完工时间: 1854.00
2025-04-08 16:09:03,337 - DEBUG - AGV分配局部搜索成功！完工时间从 1854.00 降低到 1818.00，改进: 36.00 (1.94%)
2025-04-08 16:09:03,342 - DEBUG - 执行AGV分配局部搜索，当前完工时间: 1770.00
2025-04-08 16:09:03,346 - DEBUG - 局部搜索未能改进当前解
2025-04-08 16:09:03,348 - DEBUG - 执行AGV分配局部搜索，当前完工时间: 1869.00
2025-04-08 16:09:03,352 - DEBUG - 局部搜索未能改进当前解
2025-04-08 16:09:03,356 - DEBUG - 执行AGV分配局部搜索，当前完工时间: 1942.00
2025-04-08 16:09:03,360 - DEBUG - AGV分配局部搜索成功！完工时间从 1942.00 降低到 1931.00，改进: 11.00 (0.57%)
2025-04-08 16:09:03,364 - DEBUG - 执行AGV分配局部搜索，当前完工时间: 1925.00
2025-04-08 16:09:03,368 - DEBUG - 局部搜索未能改进当前解
2025-04-08 16:09:03,372 - DEBUG - 执行AGV分配局部搜索，当前完工时间: 1798.00
2025-04-08 16:09:03,375 - DEBUG - AGV分配局部搜索成功！完工时间从 1798.00 降低到 1797.00，改进: 1.00 (0.06%)
2025-04-08 16:09:03,379 - DEBUG - 执行AGV分配局部搜索，当前完工时间: 1939.00
2025-04-08 16:09:03,383 - DEBUG - 局部搜索未能改进当前解
2025-04-08 16:09:03,387 - DEBUG - 执行AGV分配局部搜索，当前完工时间: 1895.00
2025-04-08 16:09:03,391 - DEBUG - 局部搜索未能改进当前解
2025-04-08 16:09:03,395 - DEBUG - 执行AGV分配局部搜索，当前完工时间: 1857.00
2025-04-08 16:09:03,397 - DEBUG - 局部搜索未能改进当前解
2025-04-08 16:09:03,402 - DEBUG - 执行AGV分配局部搜索，当前完工时间: 1879.00
2025-04-08 16:09:03,406 - DEBUG - AGV分配局部搜索成功！完工时间从 1879.00 降低到 1877.00，改进: 2.00 (0.11%)
2025-04-08 16:09:03,409 - DEBUG - 执行AGV分配局部搜索，当前完工时间: 1872.00
2025-04-08 16:09:03,413 - DEBUG - 局部搜索未能改进当前解
2025-04-08 16:09:03,417 - DEBUG - 执行AGV分配局部搜索，当前完工时间: 1790.00
2025-04-08 16:09:03,420 - DEBUG - 局部搜索未能改进当前解
2025-04-08 16:09:03,424 - DEBUG - 执行AGV分配局部搜索，当前完工时间: 1978.00
2025-04-08 16:09:03,429 - DEBUG - 局部搜索未能改进当前解
2025-04-08 16:09:03,432 - DEBUG - 执行AGV分配局部搜索，当前完工时间: 1856.00
2025-04-08 16:09:03,436 - DEBUG - 局部搜索未能改进当前解
2025-04-08 16:09:03,440 - DEBUG - 执行AGV分配局部搜索，当前完工时间: 2017.00
2025-04-08 16:09:03,444 - DEBUG - 局部搜索未能改进当前解
2025-04-08 16:09:03,447 - DEBUG - 执行AGV分配局部搜索，当前完工时间: 1938.00
2025-04-08 16:09:03,451 - DEBUG - 局部搜索未能改进当前解
2025-04-08 16:09:03,455 - DEBUG - 执行AGV分配局部搜索，当前完工时间: 1874.00
2025-04-08 16:09:03,459 - DEBUG - 局部搜索未能改进当前解
2025-04-08 16:09:03,462 - DEBUG - 执行AGV分配局部搜索，当前完工时间: 1919.00
2025-04-08 16:09:03,466 - DEBUG - 局部搜索未能改进当前解
2025-04-08 16:09:03,470 - DEBUG - 执行AGV分配局部搜索，当前完工时间: 1986.00
2025-04-08 16:09:03,474 - DEBUG - 局部搜索未能改进当前解
2025-04-08 16:09:03,477 - DEBUG - 执行AGV分配局部搜索，当前完工时间: 1795.00
2025-04-08 16:09:03,481 - DEBUG - 局部搜索未能改进当前解
2025-04-08 16:09:03,485 - DEBUG - 执行AGV分配局部搜索，当前完工时间: 1818.00
2025-04-08 16:09:03,489 - DEBUG - 局部搜索未能改进当前解
2025-04-08 16:09:03,494 - DEBUG - 执行AGV分配局部搜索，当前完工时间: 1800.00
2025-04-08 16:09:03,497 - DEBUG - 局部搜索未能改进当前解
2025-04-08 16:09:03,501 - DEBUG - 执行AGV分配局部搜索，当前完工时间: 1807.00
2025-04-08 16:09:03,504 - DEBUG - 局部搜索未能改进当前解
2025-04-08 16:09:03,508 - DEBUG - 执行AGV分配局部搜索，当前完工时间: 1981.00
2025-04-08 16:09:03,512 - DEBUG - 局部搜索未能改进当前解
2025-04-08 16:09:03,515 - DEBUG - 执行AGV分配局部搜索，当前完工时间: 1956.00
2025-04-08 16:09:03,519 - DEBUG - 局部搜索未能改进当前解
2025-04-08 16:09:03,524 - DEBUG - 执行AGV分配局部搜索，当前完工时间: 1891.00
2025-04-08 16:09:03,527 - DEBUG - 局部搜索未能改进当前解
2025-04-08 16:09:03,531 - DEBUG - 执行AGV分配局部搜索，当前完工时间: 1973.00
2025-04-08 16:09:03,535 - DEBUG - AGV分配局部搜索成功！完工时间从 1973.00 降低到 1962.00，改进: 11.00 (0.56%)
2025-04-08 16:09:03,538 - DEBUG - 执行AGV分配局部搜索，当前完工时间: 1837.00
2025-04-08 16:09:03,543 - DEBUG - 局部搜索未能改进当前解
2025-04-08 16:09:03,547 - DEBUG - 执行AGV分配局部搜索，当前完工时间: 1827.00
2025-04-08 16:09:03,550 - DEBUG - 局部搜索未能改进当前解
2025-04-08 16:09:03,553 - DEBUG - 执行AGV分配局部搜索，当前完工时间: 1770.00
2025-04-08 16:09:03,557 - DEBUG - 局部搜索未能改进当前解
2025-04-08 16:09:03,561 - DEBUG - 执行AGV分配局部搜索，当前完工时间: 1884.00
2025-04-08 16:09:03,564 - DEBUG - AGV分配局部搜索成功！完工时间从 1884.00 降低到 1867.00，改进: 17.00 (0.90%)
2025-04-08 16:09:03,569 - DEBUG - 执行AGV分配局部搜索，当前完工时间: 1798.00
2025-04-08 16:09:03,573 - DEBUG - 局部搜索未能改进当前解
2025-04-08 16:09:03,576 - DEBUG - 执行AGV分配局部搜索，当前完工时间: 1867.00
2025-04-08 16:09:03,581 - DEBUG - 局部搜索未能改进当前解
2025-04-08 16:09:03,585 - DEBUG - 执行AGV分配局部搜索，当前完工时间: 1948.00
2025-04-08 16:09:03,588 - DEBUG - 局部搜索未能改进当前解
2025-04-08 16:09:03,592 - DEBUG - 执行AGV分配局部搜索，当前完工时间: 1882.00
2025-04-08 16:09:03,595 - DEBUG - 局部搜索未能改进当前解
2025-04-08 16:09:03,600 - DEBUG - 执行AGV分配局部搜索，当前完工时间: 1833.00
2025-04-08 16:09:03,603 - DEBUG - 局部搜索未能改进当前解
2025-04-08 16:09:03,606 - DEBUG - 执行AGV分配局部搜索，当前完工时间: 1801.00
2025-04-08 16:09:03,610 - DEBUG - 局部搜索未能改进当前解
2025-04-08 16:09:03,615 - DEBUG - 执行AGV分配局部搜索，当前完工时间: 1837.00
2025-04-08 16:09:03,618 - DEBUG - 局部搜索未能改进当前解
2025-04-08 16:09:03,622 - DEBUG - 执行AGV分配局部搜索，当前完工时间: 1803.00
2025-04-08 16:09:03,625 - DEBUG - 局部搜索未能改进当前解
2025-04-08 16:09:03,629 - DEBUG - 执行AGV分配局部搜索，当前完工时间: 1815.00
2025-04-08 16:09:03,633 - DEBUG - 局部搜索未能改进当前解
2025-04-08 16:09:03,636 - DEBUG - 执行AGV分配局部搜索，当前完工时间: 1816.00
2025-04-08 16:09:03,640 - DEBUG - 局部搜索未能改进当前解
2025-04-08 16:09:03,641 - DEBUG - ==================================================
2025-04-08 16:09:03,641 - DEBUG - Efficiency Statistics of Local Search :
2025-04-08 16:09:03,641 - DEBUG - Number of attempts: 99
2025-04-08 16:09:03,641 - DEBUG - Average Success Rate: 20.20%
2025-04-08 16:09:03,641 - DEBUG - AGV Local Search Success: 20，Average Improvement: 18.50
2025-04-08 16:09:03,645 - DEBUG - 执行AGV分配局部搜索，当前完工时间: 1844.00
2025-04-08 16:09:03,648 - DEBUG - 局部搜索未能改进当前解
2025-04-08 16:09:03,652 - DEBUG - 执行AGV分配局部搜索，当前完工时间: 1834.00
2025-04-08 16:09:03,656 - DEBUG - 局部搜索未能改进当前解
2025-04-08 16:09:03,660 - DEBUG - 执行AGV分配局部搜索，当前完工时间: 1956.00
2025-04-08 16:09:03,665 - DEBUG - 局部搜索未能改进当前解
2025-04-08 16:09:03,670 - DEBUG - 执行AGV分配局部搜索，当前完工时间: 1883.00
2025-04-08 16:09:03,673 - DEBUG - 局部搜索未能改进当前解
2025-04-08 16:09:03,678 - DEBUG - 执行AGV分配局部搜索，当前完工时间: 1762.00
2025-04-08 16:09:03,681 - DEBUG - 局部搜索未能改进当前解
2025-04-08 16:09:03,684 - DEBUG - 执行AGV分配局部搜索，当前完工时间: 1822.00
2025-04-08 16:09:03,688 - DEBUG - 局部搜索未能改进当前解
2025-04-08 16:09:03,693 - DEBUG - 执行AGV分配局部搜索，当前完工时间: 1821.00
2025-04-08 16:09:03,695 - DEBUG - 局部搜索未能改进当前解
2025-04-08 16:09:03,700 - DEBUG - 执行AGV分配局部搜索，当前完工时间: 1866.00
2025-04-08 16:09:03,703 - DEBUG - 局部搜索未能改进当前解
2025-04-08 16:09:03,707 - DEBUG - 执行AGV分配局部搜索，当前完工时间: 1793.00
2025-04-08 16:09:03,712 - DEBUG - 局部搜索未能改进当前解
2025-04-08 16:09:03,715 - DEBUG - 执行AGV分配局部搜索，当前完工时间: 1932.00
2025-04-08 16:09:03,719 - DEBUG - AGV分配局部搜索成功！完工时间从 1932.00 降低到 1877.00，改进: 55.00 (2.85%)
2025-04-08 16:09:03,723 - DEBUG - 执行AGV分配局部搜索，当前完工时间: 1930.00
2025-04-08 16:09:03,727 - DEBUG - 局部搜索未能改进当前解
2025-04-08 16:09:03,730 - DEBUG - 执行AGV分配局部搜索，当前完工时间: 1821.00
2025-04-08 16:09:03,734 - DEBUG - 局部搜索未能改进当前解
2025-04-08 16:09:03,737 - DEBUG - 执行AGV分配局部搜索，当前完工时间: 1881.00
2025-04-08 16:09:03,742 - DEBUG - 局部搜索未能改进当前解
2025-04-08 16:09:03,745 - DEBUG - 执行AGV分配局部搜索，当前完工时间: 1807.00
2025-04-08 16:09:03,749 - DEBUG - 局部搜索未能改进当前解
2025-04-08 16:09:03,752 - DEBUG - 执行AGV分配局部搜索，当前完工时间: 1895.00
2025-04-08 16:09:03,756 - DEBUG - AGV分配局部搜索成功！完工时间从 1895.00 降低到 1892.00，改进: 3.00 (0.16%)
2025-04-08 16:09:03,759 - DEBUG - 执行AGV分配局部搜索，当前完工时间: 1941.00
2025-04-08 16:09:03,763 - DEBUG - 局部搜索未能改进当前解
2025-04-08 16:09:03,767 - DEBUG - 执行AGV分配局部搜索，当前完工时间: 1876.00
2025-04-08 16:09:03,770 - DEBUG - 局部搜索未能改进当前解
2025-04-08 16:09:03,775 - DEBUG - 执行AGV分配局部搜索，当前完工时间: 1813.00
2025-04-08 16:09:03,779 - DEBUG - 局部搜索未能改进当前解
2025-04-08 16:09:03,782 - DEBUG - 执行AGV分配局部搜索，当前完工时间: 1860.00
2025-04-08 16:09:03,786 - DEBUG - 局部搜索未能改进当前解
2025-04-08 16:09:03,789 - DEBUG - 执行AGV分配局部搜索，当前完工时间: 1996.00
2025-04-08 16:09:03,794 - DEBUG - 局部搜索未能改进当前解
2025-04-08 16:09:03,797 - DEBUG - 执行AGV分配局部搜索，当前完工时间: 1884.00
2025-04-08 16:09:03,801 - DEBUG - 局部搜索未能改进当前解
2025-04-08 16:09:03,805 - DEBUG - 执行AGV分配局部搜索，当前完工时间: 1773.00
2025-04-08 16:09:03,809 - DEBUG - 局部搜索未能改进当前解
2025-04-08 16:09:03,812 - DEBUG - 执行AGV分配局部搜索，当前完工时间: 1778.00
2025-04-08 16:09:03,816 - DEBUG - 局部搜索未能改进当前解
2025-04-08 16:09:03,820 - DEBUG - 执行AGV分配局部搜索，当前完工时间: 1807.00
2025-04-08 16:09:03,824 - DEBUG - 局部搜索未能改进当前解
2025-04-08 16:09:03,829 - DEBUG - 执行AGV分配局部搜索，当前完工时间: 1865.00
2025-04-08 16:09:03,833 - DEBUG - 局部搜索未能改进当前解
2025-04-08 16:09:03,836 - DEBUG - 执行AGV分配局部搜索，当前完工时间: 1855.00
2025-04-08 16:09:03,840 - DEBUG - AGV分配局部搜索成功！完工时间从 1855.00 降低到 1842.00，改进: 13.00 (0.70%)
2025-04-08 16:09:03,843 - DEBUG - 执行AGV分配局部搜索，当前完工时间: 1836.00
2025-04-08 16:09:03,847 - DEBUG - 局部搜索未能改进当前解
2025-04-08 16:09:03,851 - DEBUG - 执行AGV分配局部搜索，当前完工时间: 1775.00
2025-04-08 16:09:03,854 - DEBUG - 局部搜索未能改进当前解
2025-04-08 16:09:03,859 - DEBUG - 执行AGV分配局部搜索，当前完工时间: 1791.00
2025-04-08 16:09:03,862 - DEBUG - 局部搜索未能改进当前解
2025-04-08 16:09:03,866 - DEBUG - 执行AGV分配局部搜索，当前完工时间: 1879.00
2025-04-08 16:09:03,869 - DEBUG - 局部搜索未能改进当前解
2025-04-08 16:09:03,874 - DEBUG - 执行AGV分配局部搜索，当前完工时间: 1831.00
2025-04-08 16:09:03,876 - DEBUG - AGV分配局部搜索成功！完工时间从 1831.00 降低到 1813.00，改进: 18.00 (0.98%)
2025-04-08 16:09:03,881 - DEBUG - 执行AGV分配局部搜索，当前完工时间: 1858.00
2025-04-08 16:09:03,884 - DEBUG - 局部搜索未能改进当前解
2025-04-08 16:09:03,889 - DEBUG - 执行AGV分配局部搜索，当前完工时间: 1776.00
2025-04-08 16:09:03,892 - DEBUG - 局部搜索未能改进当前解
2025-04-08 16:09:03,895 - DEBUG - 执行AGV分配局部搜索，当前完工时间: 1785.00
2025-04-08 16:09:03,899 - DEBUG - 局部搜索未能改进当前解
2025-04-08 16:09:03,903 - DEBUG - 执行AGV分配局部搜索，当前完工时间: 1781.00
2025-04-08 16:09:03,907 - DEBUG - 局部搜索未能改进当前解
2025-04-08 16:09:03,910 - DEBUG - 执行AGV分配局部搜索，当前完工时间: 1824.00
2025-04-08 16:09:03,914 - DEBUG - 局部搜索未能改进当前解
2025-04-08 16:09:03,919 - DEBUG - 执行AGV分配局部搜索，当前完工时间: 1850.00
2025-04-08 16:09:03,922 - DEBUG - 局部搜索未能改进当前解
2025-04-08 16:09:03,926 - DEBUG - 执行AGV分配局部搜索，当前完工时间: 1956.00
2025-04-08 16:09:03,930 - DEBUG - 局部搜索未能改进当前解
2025-04-08 16:09:03,933 - DEBUG - 执行AGV分配局部搜索，当前完工时间: 1789.00
2025-04-08 16:09:03,937 - DEBUG - 局部搜索未能改进当前解
2025-04-08 16:09:03,941 - DEBUG - 执行AGV分配局部搜索，当前完工时间: 1801.00
2025-04-08 16:09:03,945 - DEBUG - AGV分配局部搜索成功！完工时间从 1801.00 降低到 1777.00，改进: 24.00 (1.33%)
2025-04-08 16:09:03,949 - DEBUG - 执行AGV分配局部搜索，当前完工时间: 1770.00
2025-04-08 16:09:03,952 - DEBUG - 局部搜索未能改进当前解
2025-04-08 16:09:03,955 - DEBUG - 执行AGV分配局部搜索，当前完工时间: 1807.00
2025-04-08 16:09:03,960 - DEBUG - 局部搜索未能改进当前解
2025-04-08 16:09:03,964 - DEBUG - 执行AGV分配局部搜索，当前完工时间: 1768.00
2025-04-08 16:09:03,966 - DEBUG - AGV分配局部搜索成功！完工时间从 1768.00 降低到 1757.00，改进: 11.00 (0.62%)
2025-04-08 16:09:03,971 - DEBUG - 执行AGV分配局部搜索，当前完工时间: 1838.00
2025-04-08 16:09:03,974 - DEBUG - 局部搜索未能改进当前解
2025-04-08 16:09:03,978 - DEBUG - 执行AGV分配局部搜索，当前完工时间: 1857.00
2025-04-08 16:09:03,981 - DEBUG - 局部搜索未能改进当前解
2025-04-08 16:09:03,985 - DEBUG - 执行AGV分配局部搜索，当前完工时间: 1770.00
2025-04-08 16:09:03,989 - DEBUG - 局部搜索未能改进当前解
2025-04-08 16:09:03,992 - DEBUG - 执行AGV分配局部搜索，当前完工时间: 1789.00
2025-04-08 16:09:03,997 - DEBUG - 局部搜索未能改进当前解
2025-04-08 16:09:03,999 - DEBUG - 执行AGV分配局部搜索，当前完工时间: 1761.00
2025-04-08 16:09:04,005 - DEBUG - 局部搜索未能改进当前解
2025-04-08 16:09:04,009 - DEBUG - 执行AGV分配局部搜索，当前完工时间: 1925.00
2025-04-08 16:09:04,013 - DEBUG - AGV分配局部搜索成功！完工时间从 1925.00 降低到 1906.00，改进: 19.00 (0.99%)
2025-04-08 16:09:04,017 - DEBUG - 执行AGV分配局部搜索，当前完工时间: 1841.00
2025-04-08 16:09:04,020 - DEBUG - 局部搜索未能改进当前解
2025-04-08 16:09:04,024 - DEBUG - 执行AGV分配局部搜索，当前完工时间: 1837.00
2025-04-08 16:09:04,028 - DEBUG - 局部搜索未能改进当前解
2025-04-08 16:09:04,032 - DEBUG - 执行AGV分配局部搜索，当前完工时间: 1750.00
2025-04-08 16:09:04,036 - DEBUG - 局部搜索未能改进当前解
2025-04-08 16:09:04,040 - DEBUG - 执行AGV分配局部搜索，当前完工时间: 1922.00
2025-04-08 16:09:04,043 - DEBUG - 局部搜索未能改进当前解
2025-04-08 16:09:04,047 - DEBUG - 执行AGV分配局部搜索，当前完工时间: 1793.00
2025-04-08 16:09:04,050 - DEBUG - 局部搜索未能改进当前解
2025-04-08 16:09:04,054 - DEBUG - 执行AGV分配局部搜索，当前完工时间: 1876.00
2025-04-08 16:09:04,058 - DEBUG - AGV分配局部搜索成功！完工时间从 1876.00 降低到 1875.00，改进: 1.00 (0.05%)
2025-04-08 16:09:04,062 - DEBUG - 执行AGV分配局部搜索，当前完工时间: 1820.00
2025-04-08 16:09:04,066 - DEBUG - AGV分配局部搜索成功！完工时间从 1820.00 降低到 1775.00，改进: 45.00 (2.47%)
2025-04-08 16:09:04,070 - DEBUG - 执行AGV分配局部搜索，当前完工时间: 1796.00
2025-04-08 16:09:04,074 - DEBUG - 局部搜索未能改进当前解
2025-04-08 16:09:04,077 - DEBUG - 执行AGV分配局部搜索，当前完工时间: 1840.00
2025-04-08 16:09:04,081 - DEBUG - 局部搜索未能改进当前解
2025-04-08 16:09:04,085 - DEBUG - 执行AGV分配局部搜索，当前完工时间: 1845.00
2025-04-08 16:09:04,088 - DEBUG - AGV分配局部搜索成功！完工时间从 1845.00 降低到 1822.00，改进: 23.00 (1.25%)
2025-04-08 16:09:04,092 - DEBUG - 执行AGV分配局部搜索，当前完工时间: 1838.00
2025-04-08 16:09:04,096 - DEBUG - AGV分配局部搜索成功！完工时间从 1838.00 降低到 1825.00，改进: 13.00 (0.71%)
2025-04-08 16:09:04,100 - DEBUG - 执行AGV分配局部搜索，当前完工时间: 1844.00
2025-04-08 16:09:04,103 - DEBUG - AGV分配局部搜索成功！完工时间从 1844.00 降低到 1837.00，改进: 7.00 (0.38%)
2025-04-08 16:09:04,106 - DEBUG - 执行AGV分配局部搜索，当前完工时间: 1845.00
2025-04-08 16:09:04,111 - DEBUG - 局部搜索未能改进当前解
2025-04-08 16:09:04,114 - DEBUG - 执行AGV分配局部搜索，当前完工时间: 1925.00
2025-04-08 16:09:04,118 - DEBUG - AGV分配局部搜索成功！完工时间从 1925.00 降低到 1892.00，改进: 33.00 (1.71%)
2025-04-08 16:09:04,122 - DEBUG - 执行AGV分配局部搜索，当前完工时间: 1936.00
2025-04-08 16:09:04,125 - DEBUG - 局部搜索未能改进当前解
2025-04-08 16:09:04,130 - DEBUG - 执行AGV分配局部搜索，当前完工时间: 1873.00
2025-04-08 16:09:04,133 - DEBUG - 局部搜索未能改进当前解
2025-04-08 16:09:04,137 - DEBUG - 执行AGV分配局部搜索，当前完工时间: 1817.00
2025-04-08 16:09:04,141 - DEBUG - 局部搜索未能改进当前解
2025-04-08 16:09:04,145 - DEBUG - 执行AGV分配局部搜索，当前完工时间: 1756.00
2025-04-08 16:09:04,148 - DEBUG - 局部搜索未能改进当前解
2025-04-08 16:09:04,154 - DEBUG - 执行AGV分配局部搜索，当前完工时间: 1837.00
2025-04-08 16:09:04,158 - DEBUG - 局部搜索未能改进当前解
2025-04-08 16:09:04,162 - DEBUG - 执行AGV分配局部搜索，当前完工时间: 1948.00
2025-04-08 16:09:04,165 - DEBUG - 局部搜索未能改进当前解
2025-04-08 16:09:04,169 - DEBUG - 执行AGV分配局部搜索，当前完工时间: 1774.00
2025-04-08 16:09:04,174 - DEBUG - 局部搜索未能改进当前解
2025-04-08 16:09:04,179 - DEBUG - 执行AGV分配局部搜索，当前完工时间: 1891.00
2025-04-08 16:09:04,182 - DEBUG - 局部搜索未能改进当前解
2025-04-08 16:09:04,185 - DEBUG - 执行AGV分配局部搜索，当前完工时间: 1788.00
2025-04-08 16:09:04,189 - DEBUG - 局部搜索未能改进当前解
2025-04-08 16:09:04,193 - DEBUG - 执行AGV分配局部搜索，当前完工时间: 1965.00
2025-04-08 16:09:04,197 - DEBUG - 局部搜索未能改进当前解
2025-04-08 16:09:04,199 - DEBUG - 执行AGV分配局部搜索，当前完工时间: 1776.00
2025-04-08 16:09:04,203 - DEBUG - 局部搜索未能改进当前解
2025-04-08 16:09:04,207 - DEBUG - 执行AGV分配局部搜索，当前完工时间: 1828.00
2025-04-08 16:09:04,212 - DEBUG - 局部搜索未能改进当前解
2025-04-08 16:09:04,215 - DEBUG - 执行AGV分配局部搜索，当前完工时间: 1887.00
2025-04-08 16:09:04,219 - DEBUG - 局部搜索未能改进当前解
2025-04-08 16:09:04,223 - DEBUG - 执行AGV分配局部搜索，当前完工时间: 1888.00
2025-04-08 16:09:04,226 - DEBUG - AGV分配局部搜索成功！完工时间从 1888.00 降低到 1865.00，改进: 23.00 (1.22%)
2025-04-08 16:09:04,231 - DEBUG - 执行AGV分配局部搜索，当前完工时间: 1840.00
2025-04-08 16:09:04,234 - DEBUG - 局部搜索未能改进当前解
2025-04-08 16:09:04,237 - DEBUG - 执行AGV分配局部搜索，当前完工时间: 1789.00
2025-04-08 16:09:04,241 - DEBUG - 局部搜索未能改进当前解
2025-04-08 16:09:04,245 - DEBUG - 执行AGV分配局部搜索，当前完工时间: 1875.00
2025-04-08 16:09:04,249 - DEBUG - AGV分配局部搜索成功！完工时间从 1875.00 降低到 1858.00，改进: 17.00 (0.91%)
2025-04-08 16:09:04,252 - DEBUG - 执行AGV分配局部搜索，当前完工时间: 1800.00
2025-04-08 16:09:04,256 - DEBUG - 局部搜索未能改进当前解
2025-04-08 16:09:04,259 - DEBUG - 执行AGV分配局部搜索，当前完工时间: 1783.00
2025-04-08 16:09:04,263 - DEBUG - 局部搜索未能改进当前解
2025-04-08 16:09:04,267 - DEBUG - 执行AGV分配局部搜索，当前完工时间: 1840.00
2025-04-08 16:09:04,271 - DEBUG - 局部搜索未能改进当前解
2025-04-08 16:09:04,275 - DEBUG - 执行AGV分配局部搜索，当前完工时间: 1806.00
2025-04-08 16:09:04,278 - DEBUG - 局部搜索未能改进当前解
2025-04-08 16:09:04,282 - DEBUG - 执行AGV分配局部搜索，当前完工时间: 1956.00
2025-04-08 16:09:04,286 - DEBUG - 局部搜索未能改进当前解
2025-04-08 16:09:04,290 - DEBUG - 执行AGV分配局部搜索，当前完工时间: 1792.00
2025-04-08 16:09:04,293 - DEBUG - 局部搜索未能改进当前解
2025-04-08 16:09:04,296 - DEBUG - 执行AGV分配局部搜索，当前完工时间: 1882.00
2025-04-08 16:09:04,300 - DEBUG - 局部搜索未能改进当前解
2025-04-08 16:09:04,304 - DEBUG - 执行AGV分配局部搜索，当前完工时间: 1855.00
2025-04-08 16:09:04,307 - DEBUG - 局部搜索未能改进当前解
2025-04-08 16:09:04,310 - DEBUG - 执行AGV分配局部搜索，当前完工时间: 1749.00
2025-04-08 16:09:04,314 - DEBUG - 局部搜索未能改进当前解
2025-04-08 16:09:04,318 - DEBUG - 执行AGV分配局部搜索，当前完工时间: 1836.00
2025-04-08 16:09:04,321 - DEBUG - 局部搜索未能改进当前解
2025-04-08 16:09:04,324 - DEBUG - 执行AGV分配局部搜索，当前完工时间: 1814.00
2025-04-08 16:09:04,329 - DEBUG - 局部搜索未能改进当前解
2025-04-08 16:09:04,334 - DEBUG - 执行AGV分配局部搜索，当前完工时间: 1896.00
2025-04-08 16:09:04,337 - DEBUG - AGV分配局部搜索成功！完工时间从 1896.00 降低到 1894.00，改进: 2.00 (0.11%)
2025-04-08 16:09:04,341 - DEBUG - 执行AGV分配局部搜索，当前完工时间: 1908.00
2025-04-08 16:09:04,345 - DEBUG - AGV分配局部搜索成功！完工时间从 1908.00 降低到 1894.00，改进: 14.00 (0.73%)
2025-04-08 16:09:04,349 - DEBUG - 执行AGV分配局部搜索，当前完工时间: 1764.00
2025-04-08 16:09:04,352 - DEBUG - 局部搜索未能改进当前解
2025-04-08 16:09:04,357 - DEBUG - 执行AGV分配局部搜索，当前完工时间: 1768.00
2025-04-08 16:09:04,360 - DEBUG - AGV分配局部搜索成功！完工时间从 1768.00 降低到 1752.00，改进: 16.00 (0.90%)
2025-04-08 16:09:04,364 - DEBUG - 执行AGV分配局部搜索，当前完工时间: 1793.00
2025-04-08 16:09:04,368 - DEBUG - AGV分配局部搜索成功！完工时间从 1793.00 降低到 1772.00，改进: 21.00 (1.17%)
2025-04-08 16:09:04,371 - DEBUG - 执行AGV分配局部搜索，当前完工时间: 1890.00
2025-04-08 16:09:04,375 - DEBUG - 局部搜索未能改进当前解
2025-04-08 16:09:04,379 - DEBUG - 执行AGV分配局部搜索，当前完工时间: 1896.00
2025-04-08 16:09:04,382 - DEBUG - 局部搜索未能改进当前解
2025-04-08 16:09:04,385 - DEBUG - 执行AGV分配局部搜索，当前完工时间: 1795.00
2025-04-08 16:09:04,389 - DEBUG - 局部搜索未能改进当前解
2025-04-08 16:09:04,390 - DEBUG - ==================================================
2025-04-08 16:09:04,390 - DEBUG - Efficiency Statistics of Local Search :
2025-04-08 16:09:04,390 - DEBUG - Number of attempts: 99
2025-04-08 16:09:04,390 - DEBUG - Average Success Rate: 19.19%
2025-04-08 16:09:04,390 - DEBUG - AGV Local Search Success: 19，Average Improvement: 18.84
2025-04-08 16:09:04,393 - DEBUG - 执行AGV分配局部搜索，当前完工时间: 1836.00
2025-04-08 16:09:04,397 - DEBUG - 局部搜索未能改进当前解
2025-04-08 16:09:04,400 - DEBUG - 执行AGV分配局部搜索，当前完工时间: 1857.00
2025-04-08 16:09:04,405 - DEBUG - 局部搜索未能改进当前解
2025-04-08 16:09:04,409 - DEBUG - 执行AGV分配局部搜索，当前完工时间: 1831.00
2025-04-08 16:09:04,412 - DEBUG - 局部搜索未能改进当前解
2025-04-08 16:09:04,416 - DEBUG - 执行AGV分配局部搜索，当前完工时间: 1796.00
2025-04-08 16:09:04,420 - DEBUG - 局部搜索未能改进当前解
2025-04-08 16:09:04,423 - DEBUG - 执行AGV分配局部搜索，当前完工时间: 1762.00
2025-04-08 16:09:04,426 - DEBUG - 局部搜索未能改进当前解
2025-04-08 16:09:04,430 - DEBUG - 执行AGV分配局部搜索，当前完工时间: 1775.00
2025-04-08 16:09:04,434 - DEBUG - 局部搜索未能改进当前解
2025-04-08 16:09:04,438 - DEBUG - 执行AGV分配局部搜索，当前完工时间: 1930.00
2025-04-08 16:09:04,442 - DEBUG - 局部搜索未能改进当前解
2025-04-08 16:09:04,446 - DEBUG - 执行AGV分配局部搜索，当前完工时间: 1752.00
2025-04-08 16:09:04,448 - DEBUG - AGV分配局部搜索成功！完工时间从 1752.00 降低到 1751.00，改进: 1.00 (0.06%)
2025-04-08 16:09:04,453 - DEBUG - 执行AGV分配局部搜索，当前完工时间: 1744.00
2025-04-08 16:09:04,456 - DEBUG - 局部搜索未能改进当前解
2025-04-08 16:09:04,460 - DEBUG - 执行AGV分配局部搜索，当前完工时间: 1896.00
2025-04-08 16:09:04,464 - DEBUG - 局部搜索未能改进当前解
2025-04-08 16:09:04,466 - DEBUG - 执行AGV分配局部搜索，当前完工时间: 1774.00
2025-04-08 16:09:04,470 - DEBUG - 局部搜索未能改进当前解
2025-04-08 16:09:04,474 - DEBUG - 执行AGV分配局部搜索，当前完工时间: 1785.00
2025-04-08 16:09:04,478 - DEBUG - 局部搜索未能改进当前解
2025-04-08 16:09:04,481 - DEBUG - 执行AGV分配局部搜索，当前完工时间: 1808.00
2025-04-08 16:09:04,485 - DEBUG - 局部搜索未能改进当前解
2025-04-08 16:09:04,488 - DEBUG - 执行AGV分配局部搜索，当前完工时间: 1793.00
2025-04-08 16:09:04,492 - DEBUG - 局部搜索未能改进当前解
2025-04-08 16:09:04,497 - DEBUG - 执行AGV分配局部搜索，当前完工时间: 1751.00
2025-04-08 16:09:04,501 - DEBUG - 局部搜索未能改进当前解
2025-04-08 16:09:04,505 - DEBUG - 执行AGV分配局部搜索，当前完工时间: 1800.00
2025-04-08 16:09:04,509 - DEBUG - 局部搜索未能改进当前解
2025-04-08 16:09:04,513 - DEBUG - 执行AGV分配局部搜索，当前完工时间: 1892.00
2025-04-08 16:09:04,516 - DEBUG - AGV分配局部搜索成功！完工时间从 1892.00 降低到 1849.00，改进: 43.00 (2.27%)
2025-04-08 16:09:04,520 - DEBUG - 执行AGV分配局部搜索，当前完工时间: 1792.00
2025-04-08 16:09:04,525 - DEBUG - 局部搜索未能改进当前解
2025-04-08 16:09:04,529 - DEBUG - 执行AGV分配局部搜索，当前完工时间: 1816.00
2025-04-08 16:09:04,532 - DEBUG - 局部搜索未能改进当前解
2025-04-08 16:09:04,536 - DEBUG - 执行AGV分配局部搜索，当前完工时间: 1738.00
2025-04-08 16:09:04,540 - DEBUG - 局部搜索未能改进当前解
2025-04-08 16:09:04,544 - DEBUG - 执行AGV分配局部搜索，当前完工时间: 1840.00
2025-04-08 16:09:04,547 - DEBUG - 局部搜索未能改进当前解
2025-04-08 16:09:04,551 - DEBUG - 执行AGV分配局部搜索，当前完工时间: 1859.00
2025-04-08 16:09:04,555 - DEBUG - 局部搜索未能改进当前解
2025-04-08 16:09:04,558 - DEBUG - 执行AGV分配局部搜索，当前完工时间: 1809.00
2025-04-08 16:09:04,562 - DEBUG - 局部搜索未能改进当前解
2025-04-08 16:09:04,566 - DEBUG - 执行AGV分配局部搜索，当前完工时间: 1796.00
2025-04-08 16:09:04,570 - DEBUG - 局部搜索未能改进当前解
2025-04-08 16:09:04,573 - DEBUG - 执行AGV分配局部搜索，当前完工时间: 1852.00
2025-04-08 16:09:04,576 - DEBUG - 局部搜索未能改进当前解
2025-04-08 16:09:04,581 - DEBUG - 执行AGV分配局部搜索，当前完工时间: 1796.00
2025-04-08 16:09:04,584 - DEBUG - 局部搜索未能改进当前解
2025-04-08 16:09:04,588 - DEBUG - 执行AGV分配局部搜索，当前完工时间: 1852.00
2025-04-08 16:09:04,591 - DEBUG - 局部搜索未能改进当前解
2025-04-08 16:09:04,595 - DEBUG - 执行AGV分配局部搜索，当前完工时间: 1833.00
2025-04-08 16:09:04,599 - DEBUG - 局部搜索未能改进当前解
2025-04-08 16:09:04,602 - DEBUG - 执行AGV分配局部搜索，当前完工时间: 1893.00
2025-04-08 16:09:04,607 - DEBUG - 局部搜索未能改进当前解
2025-04-08 16:09:04,611 - DEBUG - 执行AGV分配局部搜索，当前完工时间: 1779.00
2025-04-08 16:09:04,614 - DEBUG - 局部搜索未能改进当前解
2025-04-08 16:09:04,618 - DEBUG - 执行AGV分配局部搜索，当前完工时间: 1877.00
2025-04-08 16:09:04,622 - DEBUG - 局部搜索未能改进当前解
2025-04-08 16:09:04,626 - DEBUG - 执行AGV分配局部搜索，当前完工时间: 1834.00
2025-04-08 16:09:04,629 - DEBUG - 局部搜索未能改进当前解
2025-04-08 16:09:04,633 - DEBUG - 执行AGV分配局部搜索，当前完工时间: 1837.00
2025-04-08 16:09:04,636 - DEBUG - 局部搜索未能改进当前解
2025-04-08 16:09:04,641 - DEBUG - 执行AGV分配局部搜索，当前完工时间: 1853.00
2025-04-08 16:09:04,644 - DEBUG - 局部搜索未能改进当前解
2025-04-08 16:09:04,649 - DEBUG - 执行AGV分配局部搜索，当前完工时间: 1923.00
2025-04-08 16:09:04,653 - DEBUG - 局部搜索未能改进当前解
2025-04-08 16:09:04,656 - DEBUG - 执行AGV分配局部搜索，当前完工时间: 1861.00
2025-04-08 16:09:04,659 - DEBUG - 局部搜索未能改进当前解
2025-04-08 16:09:04,664 - DEBUG - 执行AGV分配局部搜索，当前完工时间: 1756.00
2025-04-08 16:09:04,668 - DEBUG - 局部搜索未能改进当前解
2025-04-08 16:09:04,672 - DEBUG - 执行AGV分配局部搜索，当前完工时间: 1818.00
2025-04-08 16:09:04,675 - DEBUG - 局部搜索未能改进当前解
2025-04-08 16:09:04,679 - DEBUG - 执行AGV分配局部搜索，当前完工时间: 1791.00
2025-04-08 16:09:04,683 - DEBUG - 局部搜索未能改进当前解
2025-04-08 16:09:04,687 - DEBUG - 执行AGV分配局部搜索，当前完工时间: 1840.00
2025-04-08 16:09:04,691 - DEBUG - 局部搜索未能改进当前解
2025-04-08 16:09:04,694 - DEBUG - 执行AGV分配局部搜索，当前完工时间: 1776.00
2025-04-08 16:09:04,699 - DEBUG - 局部搜索未能改进当前解
2025-04-08 16:09:04,702 - DEBUG - 执行AGV分配局部搜索，当前完工时间: 1787.00
2025-04-08 16:09:04,706 - DEBUG - 局部搜索未能改进当前解
2025-04-08 16:09:04,710 - DEBUG - 执行AGV分配局部搜索，当前完工时间: 1872.00
2025-04-08 16:09:04,714 - DEBUG - 局部搜索未能改进当前解
2025-04-08 16:09:04,718 - DEBUG - 执行AGV分配局部搜索，当前完工时间: 2018.00
2025-04-08 16:09:04,722 - DEBUG - 局部搜索未能改进当前解
2025-04-08 16:09:04,726 - DEBUG - 执行AGV分配局部搜索，当前完工时间: 1795.00
2025-04-08 16:09:04,730 - DEBUG - 局部搜索未能改进当前解
2025-04-08 16:09:04,734 - DEBUG - 执行AGV分配局部搜索，当前完工时间: 1809.00
2025-04-08 16:09:04,738 - DEBUG - 局部搜索未能改进当前解
2025-04-08 16:09:04,742 - DEBUG - 执行AGV分配局部搜索，当前完工时间: 1776.00
2025-04-08 16:09:04,745 - DEBUG - 局部搜索未能改进当前解
2025-04-08 16:09:04,749 - DEBUG - 执行AGV分配局部搜索，当前完工时间: 1802.00
2025-04-08 16:09:04,752 - DEBUG - 局部搜索未能改进当前解
2025-04-08 16:09:04,756 - DEBUG - 执行AGV分配局部搜索，当前完工时间: 1817.00
2025-04-08 16:09:04,761 - DEBUG - 局部搜索未能改进当前解
2025-04-08 16:09:04,764 - DEBUG - 执行AGV分配局部搜索，当前完工时间: 1829.00
2025-04-08 16:09:04,769 - DEBUG - 局部搜索未能改进当前解
2025-04-08 16:09:04,772 - DEBUG - 执行AGV分配局部搜索，当前完工时间: 1779.00
2025-04-08 16:09:04,776 - DEBUG - 局部搜索未能改进当前解
2025-04-08 16:09:04,779 - DEBUG - 执行AGV分配局部搜索，当前完工时间: 1757.00
2025-04-08 16:09:04,784 - DEBUG - AGV分配局部搜索成功！完工时间从 1757.00 降低到 1751.00，改进: 6.00 (0.34%)
2025-04-08 16:09:04,786 - DEBUG - 执行AGV分配局部搜索，当前完工时间: 1854.00
2025-04-08 16:09:04,791 - DEBUG - 局部搜索未能改进当前解
2025-04-08 16:09:04,795 - DEBUG - 执行AGV分配局部搜索，当前完工时间: 1841.00
2025-04-08 16:09:04,799 - DEBUG - 局部搜索未能改进当前解
2025-04-08 16:09:04,802 - DEBUG - 执行AGV分配局部搜索，当前完工时间: 1884.00
2025-04-08 16:09:04,806 - DEBUG - AGV分配局部搜索成功！完工时间从 1884.00 降低到 1862.00，改进: 22.00 (1.17%)
2025-04-08 16:09:04,810 - DEBUG - 执行AGV分配局部搜索，当前完工时间: 1781.00
2025-04-08 16:09:04,814 - DEBUG - 局部搜索未能改进当前解
2025-04-08 16:09:04,818 - DEBUG - 执行AGV分配局部搜索，当前完工时间: 1901.00
2025-04-08 16:09:04,821 - DEBUG - 局部搜索未能改进当前解
2025-04-08 16:09:04,824 - DEBUG - 执行AGV分配局部搜索，当前完工时间: 1821.00
2025-04-08 16:09:04,829 - DEBUG - 局部搜索未能改进当前解
2025-04-08 16:09:04,833 - DEBUG - 执行AGV分配局部搜索，当前完工时间: 1864.00
2025-04-08 16:09:04,836 - DEBUG - AGV分配局部搜索成功！完工时间从 1864.00 降低到 1863.00，改进: 1.00 (0.05%)
2025-04-08 16:09:04,839 - DEBUG - 执行AGV分配局部搜索，当前完工时间: 1761.00
2025-04-08 16:09:04,844 - DEBUG - AGV分配局部搜索成功！完工时间从 1761.00 降低到 1756.00，改进: 5.00 (0.28%)
2025-04-08 16:09:04,847 - DEBUG - 执行AGV分配局部搜索，当前完工时间: 1818.00
2025-04-08 16:09:04,851 - DEBUG - 局部搜索未能改进当前解
2025-04-08 16:09:04,855 - DEBUG - 执行AGV分配局部搜索，当前完工时间: 1836.00
2025-04-08 16:09:04,859 - DEBUG - 局部搜索未能改进当前解
2025-04-08 16:09:04,862 - DEBUG - 执行AGV分配局部搜索，当前完工时间: 1842.00
2025-04-08 16:09:04,867 - DEBUG - 局部搜索未能改进当前解
2025-04-08 16:09:04,870 - DEBUG - 执行AGV分配局部搜索，当前完工时间: 1890.00
2025-04-08 16:09:04,875 - DEBUG - 局部搜索未能改进当前解
2025-04-08 16:09:04,878 - DEBUG - 执行AGV分配局部搜索，当前完工时间: 1822.00
2025-04-08 16:09:04,882 - DEBUG - 局部搜索未能改进当前解
2025-04-08 16:09:04,886 - DEBUG - 执行AGV分配局部搜索，当前完工时间: 1768.00
2025-04-08 16:09:04,890 - DEBUG - 局部搜索未能改进当前解
2025-04-08 16:09:04,894 - DEBUG - 执行AGV分配局部搜索，当前完工时间: 1749.00
2025-04-08 16:09:04,897 - DEBUG - 局部搜索未能改进当前解
2025-04-08 16:09:04,900 - DEBUG - 执行AGV分配局部搜索，当前完工时间: 1856.00
2025-04-08 16:09:04,904 - DEBUG - 局部搜索未能改进当前解
2025-04-08 16:09:04,908 - DEBUG - 执行AGV分配局部搜索，当前完工时间: 1800.00
2025-04-08 16:09:04,912 - DEBUG - 局部搜索未能改进当前解
2025-04-08 16:09:04,915 - DEBUG - 执行AGV分配局部搜索，当前完工时间: 1893.00
2025-04-08 16:09:04,919 - DEBUG - 局部搜索未能改进当前解
2025-04-08 16:09:04,924 - DEBUG - 执行AGV分配局部搜索，当前完工时间: 1826.00
2025-04-08 16:09:04,926 - DEBUG - 局部搜索未能改进当前解
2025-04-08 16:09:04,930 - DEBUG - 执行AGV分配局部搜索，当前完工时间: 1849.00
2025-04-08 16:09:04,934 - DEBUG - 局部搜索未能改进当前解
2025-04-08 16:09:04,938 - DEBUG - 执行AGV分配局部搜索，当前完工时间: 1838.00
2025-04-08 16:09:04,942 - DEBUG - 局部搜索未能改进当前解
2025-04-08 16:09:04,945 - DEBUG - 执行AGV分配局部搜索，当前完工时间: 1789.00
2025-04-08 16:09:04,948 - DEBUG - 局部搜索未能改进当前解
2025-04-08 16:09:04,952 - DEBUG - 执行AGV分配局部搜索，当前完工时间: 1818.00
2025-04-08 16:09:04,956 - DEBUG - 局部搜索未能改进当前解
2025-04-08 16:09:04,960 - DEBUG - 执行AGV分配局部搜索，当前完工时间: 1929.00
2025-04-08 16:09:04,964 - DEBUG - AGV分配局部搜索成功！完工时间从 1929.00 降低到 1918.00，改进: 11.00 (0.57%)
2025-04-08 16:09:04,967 - DEBUG - 执行AGV分配局部搜索，当前完工时间: 1778.00
2025-04-08 16:09:04,971 - DEBUG - 局部搜索未能改进当前解
2025-04-08 16:09:04,974 - DEBUG - 执行AGV分配局部搜索，当前完工时间: 1841.00
2025-04-08 16:09:04,977 - DEBUG - 局部搜索未能改进当前解
2025-04-08 16:09:04,981 - DEBUG - 执行AGV分配局部搜索，当前完工时间: 1793.00
2025-04-08 16:09:04,985 - DEBUG - 局部搜索未能改进当前解
2025-04-08 16:09:04,989 - DEBUG - 执行AGV分配局部搜索，当前完工时间: 1781.00
2025-04-08 16:09:04,992 - DEBUG - 局部搜索未能改进当前解
2025-04-08 16:09:04,997 - DEBUG - 执行AGV分配局部搜索，当前完工时间: 1929.00
2025-04-08 16:09:05,000 - DEBUG - 局部搜索未能改进当前解
2025-04-08 16:09:05,003 - DEBUG - 执行AGV分配局部搜索，当前完工时间: 1819.00
2025-04-08 16:09:05,007 - DEBUG - 局部搜索未能改进当前解
2025-04-08 16:09:05,011 - DEBUG - 执行AGV分配局部搜索，当前完工时间: 1850.00
2025-04-08 16:09:05,014 - DEBUG - 局部搜索未能改进当前解
2025-04-08 16:09:05,018 - DEBUG - 执行AGV分配局部搜索，当前完工时间: 1877.00
2025-04-08 16:09:05,022 - DEBUG - AGV分配局部搜索成功！完工时间从 1877.00 降低到 1797.00，改进: 80.00 (4.26%)
2025-04-08 16:09:05,026 - DEBUG - 执行AGV分配局部搜索，当前完工时间: 1791.00
2025-04-08 16:09:05,030 - DEBUG - 局部搜索未能改进当前解
2025-04-08 16:09:05,034 - DEBUG - 执行AGV分配局部搜索，当前完工时间: 1813.00
2025-04-08 16:09:05,037 - DEBUG - 局部搜索未能改进当前解
2025-04-08 16:09:05,040 - DEBUG - 执行AGV分配局部搜索，当前完工时间: 1816.00
2025-04-08 16:09:05,044 - DEBUG - 局部搜索未能改进当前解
2025-04-08 16:09:05,048 - DEBUG - 执行AGV分配局部搜索，当前完工时间: 1786.00
2025-04-08 16:09:05,051 - DEBUG - 局部搜索未能改进当前解
2025-04-08 16:09:05,055 - DEBUG - 执行AGV分配局部搜索，当前完工时间: 1740.00
2025-04-08 16:09:05,059 - DEBUG - 局部搜索未能改进当前解
2025-04-08 16:09:05,062 - DEBUG - 执行AGV分配局部搜索，当前完工时间: 1921.00
2025-04-08 16:09:05,066 - DEBUG - 局部搜索未能改进当前解
2025-04-08 16:09:05,070 - DEBUG - 执行AGV分配局部搜索，当前完工时间: 1879.00
2025-04-08 16:09:05,073 - DEBUG - 局部搜索未能改进当前解
2025-04-08 16:09:05,078 - DEBUG - 执行AGV分配局部搜索，当前完工时间: 1776.00
2025-04-08 16:09:05,081 - DEBUG - 局部搜索未能改进当前解
2025-04-08 16:09:05,084 - DEBUG - 执行AGV分配局部搜索，当前完工时间: 1756.00
2025-04-08 16:09:05,088 - DEBUG - 局部搜索未能改进当前解
2025-04-08 16:09:05,092 - DEBUG - 执行AGV分配局部搜索，当前完工时间: 1945.00
2025-04-08 16:09:05,095 - DEBUG - 局部搜索未能改进当前解
2025-04-08 16:09:05,100 - DEBUG - 执行AGV分配局部搜索，当前完工时间: 1873.00
2025-04-08 16:09:05,104 - DEBUG - 局部搜索未能改进当前解
2025-04-08 16:09:05,107 - DEBUG - 执行AGV分配局部搜索，当前完工时间: 1840.00
2025-04-08 16:09:05,112 - DEBUG - 局部搜索未能改进当前解
2025-04-08 16:09:05,115 - DEBUG - 执行AGV分配局部搜索，当前完工时间: 1762.00
2025-04-08 16:09:05,119 - DEBUG - 局部搜索未能改进当前解
2025-04-08 16:09:05,122 - DEBUG - 执行AGV分配局部搜索，当前完工时间: 1760.00
2025-04-08 16:09:05,125 - DEBUG - 局部搜索未能改进当前解
2025-04-08 16:09:05,130 - DEBUG - 执行AGV分配局部搜索，当前完工时间: 1753.00
2025-04-08 16:09:05,134 - DEBUG - 局部搜索未能改进当前解
2025-04-08 16:09:05,134 - DEBUG - ==================================================
2025-04-08 16:09:05,134 - DEBUG - Efficiency Statistics of Local Search :
2025-04-08 16:09:05,134 - DEBUG - Number of attempts: 99
2025-04-08 16:09:05,134 - DEBUG - Average Success Rate: 8.08%
2025-04-08 16:09:05,134 - DEBUG - AGV Local Search Success: 8，Average Improvement: 21.12
2025-04-08 16:09:05,138 - DEBUG - 执行AGV分配局部搜索，当前完工时间: 1863.00
2025-04-08 16:09:05,142 - DEBUG - AGV分配局部搜索成功！完工时间从 1863.00 降低到 1843.00，改进: 20.00 (1.07%)
2025-04-08 16:09:05,148 - DEBUG - 执行AGV分配局部搜索，当前完工时间: 1768.00
2025-04-08 16:09:05,151 - DEBUG - 局部搜索未能改进当前解
2025-04-08 16:09:05,155 - DEBUG - 执行AGV分配局部搜索，当前完工时间: 1768.00
2025-04-08 16:09:05,160 - DEBUG - 局部搜索未能改进当前解
2025-04-08 16:09:05,164 - DEBUG - 执行AGV分配局部搜索，当前完工时间: 1752.00
2025-04-08 16:09:05,168 - DEBUG - AGV分配局部搜索成功！完工时间从 1752.00 降低到 1745.00，改进: 7.00 (0.40%)
2025-04-08 16:09:05,172 - DEBUG - 执行AGV分配局部搜索，当前完工时间: 1862.00
2025-04-08 16:09:05,176 - DEBUG - AGV分配局部搜索成功！完工时间从 1862.00 降低到 1847.00，改进: 15.00 (0.81%)
2025-04-08 16:09:05,180 - DEBUG - 执行AGV分配局部搜索，当前完工时间: 1793.00
2025-04-08 16:09:05,183 - DEBUG - 局部搜索未能改进当前解
2025-04-08 16:09:05,187 - DEBUG - 执行AGV分配局部搜索，当前完工时间: 1908.00
2025-04-08 16:09:05,191 - DEBUG - 局部搜索未能改进当前解
2025-04-08 16:09:05,195 - DEBUG - 执行AGV分配局部搜索，当前完工时间: 1793.00
2025-04-08 16:09:05,198 - DEBUG - 局部搜索未能改进当前解
2025-04-08 16:09:05,203 - DEBUG - 执行AGV分配局部搜索，当前完工时间: 1911.00
2025-04-08 16:09:05,207 - DEBUG - 局部搜索未能改进当前解
2025-04-08 16:09:05,210 - DEBUG - 执行AGV分配局部搜索，当前完工时间: 1860.00
2025-04-08 16:09:05,215 - DEBUG - 局部搜索未能改进当前解
2025-04-08 16:09:05,218 - DEBUG - 执行AGV分配局部搜索，当前完工时间: 1803.00
2025-04-08 16:09:05,221 - DEBUG - 局部搜索未能改进当前解
2025-04-08 16:09:05,225 - DEBUG - 执行AGV分配局部搜索，当前完工时间: 1796.00
2025-04-08 16:09:05,228 - DEBUG - AGV分配局部搜索成功！完工时间从 1796.00 降低到 1776.00，改进: 20.00 (1.11%)
2025-04-08 16:09:05,232 - DEBUG - 执行AGV分配局部搜索，当前完工时间: 1791.00
2025-04-08 16:09:05,236 - DEBUG - 局部搜索未能改进当前解
2025-04-08 16:09:05,240 - DEBUG - 执行AGV分配局部搜索，当前完工时间: 1808.00
2025-04-08 16:09:05,244 - DEBUG - AGV分配局部搜索成功！完工时间从 1808.00 降低到 1801.00，改进: 7.00 (0.39%)
2025-04-08 16:09:05,247 - DEBUG - 执行AGV分配局部搜索，当前完工时间: 1802.00
2025-04-08 16:09:05,251 - DEBUG - 局部搜索未能改进当前解
2025-04-08 16:09:05,255 - DEBUG - 执行AGV分配局部搜索，当前完工时间: 1834.00
2025-04-08 16:09:05,259 - DEBUG - 局部搜索未能改进当前解
2025-04-08 16:09:05,262 - DEBUG - 执行AGV分配局部搜索，当前完工时间: 1760.00
2025-04-08 16:09:05,265 - DEBUG - 局部搜索未能改进当前解
2025-04-08 16:09:05,270 - DEBUG - 执行AGV分配局部搜索，当前完工时间: 1915.00
2025-04-08 16:09:05,273 - DEBUG - 局部搜索未能改进当前解
2025-04-08 16:09:05,276 - DEBUG - 执行AGV分配局部搜索，当前完工时间: 1813.00
2025-04-08 16:09:05,281 - DEBUG - 局部搜索未能改进当前解
2025-04-08 16:09:05,285 - DEBUG - 执行AGV分配局部搜索，当前完工时间: 1840.00
2025-04-08 16:09:05,289 - DEBUG - 局部搜索未能改进当前解
2025-04-08 16:09:05,292 - DEBUG - 执行AGV分配局部搜索，当前完工时间: 1808.00
2025-04-08 16:09:05,296 - DEBUG - 局部搜索未能改进当前解
2025-04-08 16:09:05,299 - DEBUG - 执行AGV分配局部搜索，当前完工时间: 1799.00
2025-04-08 16:09:05,303 - DEBUG - 局部搜索未能改进当前解
2025-04-08 16:09:05,307 - DEBUG - 执行AGV分配局部搜索，当前完工时间: 1838.00
2025-04-08 16:09:05,311 - DEBUG - 局部搜索未能改进当前解
2025-04-08 16:09:05,314 - DEBUG - 执行AGV分配局部搜索，当前完工时间: 1814.00
2025-04-08 16:09:05,318 - DEBUG - 局部搜索未能改进当前解
2025-04-08 16:09:05,322 - DEBUG - 执行AGV分配局部搜索，当前完工时间: 1875.00
2025-04-08 16:09:05,326 - DEBUG - 局部搜索未能改进当前解
2025-04-08 16:09:05,330 - DEBUG - 执行AGV分配局部搜索，当前完工时间: 1779.00
2025-04-08 16:09:05,333 - DEBUG - 局部搜索未能改进当前解
2025-04-08 16:09:05,337 - DEBUG - 执行AGV分配局部搜索，当前完工时间: 1775.00
2025-04-08 16:09:05,341 - DEBUG - 局部搜索未能改进当前解
2025-04-08 16:09:05,345 - DEBUG - 执行AGV分配局部搜索，当前完工时间: 1852.00
2025-04-08 16:09:05,348 - DEBUG - 局部搜索未能改进当前解
2025-04-08 16:09:05,352 - DEBUG - 执行AGV分配局部搜索，当前完工时间: 1818.00
2025-04-08 16:09:05,356 - DEBUG - 局部搜索未能改进当前解
2025-04-08 16:09:05,359 - DEBUG - 执行AGV分配局部搜索，当前完工时间: 1741.00
2025-04-08 16:09:05,362 - DEBUG - 局部搜索未能改进当前解
2025-04-08 16:09:05,367 - DEBUG - 执行AGV分配局部搜索，当前完工时间: 1774.00
2025-04-08 16:09:05,370 - DEBUG - 局部搜索未能改进当前解
2025-04-08 16:09:05,373 - DEBUG - 执行AGV分配局部搜索，当前完工时间: 1890.00
2025-04-08 16:09:05,376 - DEBUG - 局部搜索未能改进当前解
2025-04-08 16:09:05,381 - DEBUG - 执行AGV分配局部搜索，当前完工时间: 1756.00
2025-04-08 16:09:05,384 - DEBUG - 局部搜索未能改进当前解
2025-04-08 16:09:05,388 - DEBUG - 执行AGV分配局部搜索，当前完工时间: 1785.00
2025-04-08 16:09:05,393 - DEBUG - 局部搜索未能改进当前解
2025-04-08 16:09:05,397 - DEBUG - 执行AGV分配局部搜索，当前完工时间: 1788.00
2025-04-08 16:09:05,401 - DEBUG - 局部搜索未能改进当前解
2025-04-08 16:09:05,404 - DEBUG - 执行AGV分配局部搜索，当前完工时间: 1902.00
2025-04-08 16:09:05,408 - DEBUG - 局部搜索未能改进当前解
2025-04-08 16:09:05,412 - DEBUG - 执行AGV分配局部搜索，当前完工时间: 1832.00
2025-04-08 16:09:05,415 - DEBUG - 局部搜索未能改进当前解
2025-04-08 16:09:05,419 - DEBUG - 执行AGV分配局部搜索，当前完工时间: 1801.00
2025-04-08 16:09:05,423 - DEBUG - 局部搜索未能改进当前解
2025-04-08 16:09:05,426 - DEBUG - 执行AGV分配局部搜索，当前完工时间: 1768.00
2025-04-08 16:09:05,431 - DEBUG - 局部搜索未能改进当前解
2025-04-08 16:09:05,434 - DEBUG - 执行AGV分配局部搜索，当前完工时间: 1778.00
2025-04-08 16:09:05,437 - DEBUG - 局部搜索未能改进当前解
2025-04-08 16:09:05,442 - DEBUG - 执行AGV分配局部搜索，当前完工时间: 1856.00
2025-04-08 16:09:05,445 - DEBUG - 局部搜索未能改进当前解
2025-04-08 16:09:05,449 - DEBUG - 执行AGV分配局部搜索，当前完工时间: 1778.00
2025-04-08 16:09:05,452 - DEBUG - 局部搜索未能改进当前解
2025-04-08 16:09:05,456 - DEBUG - 执行AGV分配局部搜索，当前完工时间: 1771.00
2025-04-08 16:09:05,460 - DEBUG - 局部搜索未能改进当前解
2025-04-08 16:09:05,464 - DEBUG - 执行AGV分配局部搜索，当前完工时间: 1823.00
2025-04-08 16:09:05,468 - DEBUG - 局部搜索未能改进当前解
2025-04-08 16:09:05,471 - DEBUG - 执行AGV分配局部搜索，当前完工时间: 1852.00
2025-04-08 16:09:05,475 - DEBUG - 局部搜索未能改进当前解
2025-04-08 16:09:05,479 - DEBUG - 执行AGV分配局部搜索，当前完工时间: 1827.00
2025-04-08 16:09:05,482 - DEBUG - 局部搜索未能改进当前解
2025-04-08 16:09:05,487 - DEBUG - 执行AGV分配局部搜索，当前完工时间: 1809.00
2025-04-08 16:09:05,492 - DEBUG - AGV分配局部搜索成功！完工时间从 1809.00 降低到 1784.00，改进: 25.00 (1.38%)
2025-04-08 16:09:05,495 - DEBUG - 执行AGV分配局部搜索，当前完工时间: 1764.00
2025-04-08 16:09:05,499 - DEBUG - 局部搜索未能改进当前解
2025-04-08 16:09:05,504 - DEBUG - 执行AGV分配局部搜索，当前完工时间: 1776.00
2025-04-08 16:09:05,507 - DEBUG - 局部搜索未能改进当前解
2025-04-08 16:09:05,510 - DEBUG - 执行AGV分配局部搜索，当前完工时间: 1833.00
2025-04-08 16:09:05,514 - DEBUG - 局部搜索未能改进当前解
2025-04-08 16:09:05,517 - DEBUG - 执行AGV分配局部搜索，当前完工时间: 1813.00
2025-04-08 16:09:05,521 - DEBUG - 局部搜索未能改进当前解
2025-04-08 16:09:05,524 - DEBUG - 执行AGV分配局部搜索，当前完工时间: 1867.00
2025-04-08 16:09:05,529 - DEBUG - 局部搜索未能改进当前解
2025-04-08 16:09:05,533 - DEBUG - 执行AGV分配局部搜索，当前完工时间: 1887.00
2025-04-08 16:09:05,536 - DEBUG - 局部搜索未能改进当前解
2025-04-08 16:09:05,540 - DEBUG - 执行AGV分配局部搜索，当前完工时间: 1814.00
2025-04-08 16:09:05,543 - DEBUG - 局部搜索未能改进当前解
2025-04-08 16:09:05,547 - DEBUG - 执行AGV分配局部搜索，当前完工时间: 1984.00
2025-04-08 16:09:05,550 - DEBUG - AGV分配局部搜索成功！完工时间从 1984.00 降低到 1950.00，改进: 34.00 (1.71%)
2025-04-08 16:09:05,554 - DEBUG - 执行AGV分配局部搜索，当前完工时间: 1800.00
2025-04-08 16:09:05,558 - DEBUG - 局部搜索未能改进当前解
2025-04-08 16:09:05,563 - DEBUG - 执行AGV分配局部搜索，当前完工时间: 1945.00
2025-04-08 16:09:05,566 - DEBUG - 局部搜索未能改进当前解
2025-04-08 16:09:05,570 - DEBUG - 执行AGV分配局部搜索，当前完工时间: 1862.00
2025-04-08 16:09:05,574 - DEBUG - AGV分配局部搜索成功！完工时间从 1862.00 降低到 1827.00，改进: 35.00 (1.88%)
2025-04-08 16:09:05,577 - DEBUG - 执行AGV分配局部搜索，当前完工时间: 1938.00
2025-04-08 16:09:05,581 - DEBUG - 局部搜索未能改进当前解
2025-04-08 16:09:05,584 - DEBUG - 执行AGV分配局部搜索，当前完工时间: 1756.00
2025-04-08 16:09:05,588 - DEBUG - AGV分配局部搜索成功！完工时间从 1756.00 降低到 1746.00，改进: 10.00 (0.57%)
2025-04-08 16:09:05,592 - DEBUG - 执行AGV分配局部搜索，当前完工时间: 1757.00
2025-04-08 16:09:05,596 - DEBUG - 局部搜索未能改进当前解
2025-04-08 16:09:05,600 - DEBUG - 执行AGV分配局部搜索，当前完工时间: 1758.00
2025-04-08 16:09:05,604 - DEBUG - 局部搜索未能改进当前解
2025-04-08 16:09:05,607 - DEBUG - 执行AGV分配局部搜索，当前完工时间: 1719.00
2025-04-08 16:09:05,612 - DEBUG - 局部搜索未能改进当前解
2025-04-08 16:09:05,615 - DEBUG - 执行AGV分配局部搜索，当前完工时间: 1889.00
2025-04-08 16:09:05,619 - DEBUG - 局部搜索未能改进当前解
2025-04-08 16:09:05,622 - DEBUG - 执行AGV分配局部搜索，当前完工时间: 1792.00
2025-04-08 16:09:05,626 - DEBUG - 局部搜索未能改进当前解
2025-04-08 16:09:05,630 - DEBUG - 执行AGV分配局部搜索，当前完工时间: 1962.00
2025-04-08 16:09:05,633 - DEBUG - 局部搜索未能改进当前解
2025-04-08 16:09:05,637 - DEBUG - 执行AGV分配局部搜索，当前完工时间: 1903.00
2025-04-08 16:09:05,641 - DEBUG - 局部搜索未能改进当前解
2025-04-08 16:09:05,645 - DEBUG - 执行AGV分配局部搜索，当前完工时间: 1760.00
2025-04-08 16:09:05,649 - DEBUG - 局部搜索未能改进当前解
2025-04-08 16:09:05,652 - DEBUG - 执行AGV分配局部搜索，当前完工时间: 1779.00
2025-04-08 16:09:05,656 - DEBUG - 局部搜索未能改进当前解
2025-04-08 16:09:05,660 - DEBUG - 执行AGV分配局部搜索，当前完工时间: 1838.00
2025-04-08 16:09:05,664 - DEBUG - 局部搜索未能改进当前解
2025-04-08 16:09:05,668 - DEBUG - 执行AGV分配局部搜索，当前完工时间: 1842.00
2025-04-08 16:09:05,670 - DEBUG - 局部搜索未能改进当前解
2025-04-08 16:09:05,676 - DEBUG - 执行AGV分配局部搜索，当前完工时间: 1836.00
2025-04-08 16:09:05,680 - DEBUG - 局部搜索未能改进当前解
2025-04-08 16:09:05,683 - DEBUG - 执行AGV分配局部搜索，当前完工时间: 1874.00
2025-04-08 16:09:05,687 - DEBUG - 局部搜索未能改进当前解
2025-04-08 16:09:05,692 - DEBUG - 执行AGV分配局部搜索，当前完工时间: 1898.00
2025-04-08 16:09:05,695 - DEBUG - 局部搜索未能改进当前解
2025-04-08 16:09:05,699 - DEBUG - 执行AGV分配局部搜索，当前完工时间: 1753.00
2025-04-08 16:09:05,702 - DEBUG - 局部搜索未能改进当前解
2025-04-08 16:09:05,707 - DEBUG - 执行AGV分配局部搜索，当前完工时间: 1767.00
2025-04-08 16:09:05,710 - DEBUG - 局部搜索未能改进当前解
2025-04-08 16:09:05,714 - DEBUG - 执行AGV分配局部搜索，当前完工时间: 1813.00
2025-04-08 16:09:05,717 - DEBUG - 局部搜索未能改进当前解
2025-04-08 16:09:05,721 - DEBUG - 执行AGV分配局部搜索，当前完工时间: 1822.00
2025-04-08 16:09:05,724 - DEBUG - 局部搜索未能改进当前解
2025-04-08 16:09:05,728 - DEBUG - 执行AGV分配局部搜索，当前完工时间: 1762.00
2025-04-08 16:09:05,732 - DEBUG - 局部搜索未能改进当前解
2025-04-08 16:09:05,737 - DEBUG - 执行AGV分配局部搜索，当前完工时间: 1845.00
2025-04-08 16:09:05,740 - DEBUG - 局部搜索未能改进当前解
2025-04-08 16:09:05,744 - DEBUG - 执行AGV分配局部搜索，当前完工时间: 1960.00
2025-04-08 16:09:05,747 - DEBUG - 局部搜索未能改进当前解
2025-04-08 16:09:05,751 - DEBUG - 执行AGV分配局部搜索，当前完工时间: 1798.00
2025-04-08 16:09:05,755 - DEBUG - 局部搜索未能改进当前解
2025-04-08 16:09:05,758 - DEBUG - 执行AGV分配局部搜索，当前完工时间: 1795.00
2025-04-08 16:09:05,762 - DEBUG - 局部搜索未能改进当前解
2025-04-08 16:09:05,766 - DEBUG - 执行AGV分配局部搜索，当前完工时间: 1812.00
2025-04-08 16:09:05,770 - DEBUG - 局部搜索未能改进当前解
2025-04-08 16:09:05,774 - DEBUG - 执行AGV分配局部搜索，当前完工时间: 1839.00
2025-04-08 16:09:05,778 - DEBUG - AGV分配局部搜索成功！完工时间从 1839.00 降低到 1795.00，改进: 44.00 (2.39%)
2025-04-08 16:09:05,782 - DEBUG - 执行AGV分配局部搜索，当前完工时间: 1817.00
2025-04-08 16:09:05,785 - DEBUG - 局部搜索未能改进当前解
2025-04-08 16:09:05,788 - DEBUG - 执行AGV分配局部搜索，当前完工时间: 1792.00
2025-04-08 16:09:05,792 - DEBUG - 局部搜索未能改进当前解
2025-04-08 16:09:05,795 - DEBUG - 执行AGV分配局部搜索，当前完工时间: 1817.00
2025-04-08 16:09:05,799 - DEBUG - 局部搜索未能改进当前解
2025-04-08 16:09:05,802 - DEBUG - 执行AGV分配局部搜索，当前完工时间: 1788.00
2025-04-08 16:09:05,807 - DEBUG - AGV分配局部搜索成功！完工时间从 1788.00 降低到 1781.00，改进: 7.00 (0.39%)
2025-04-08 16:09:05,811 - DEBUG - 执行AGV分配局部搜索，当前完工时间: 1832.00
2025-04-08 16:09:05,814 - DEBUG - 局部搜索未能改进当前解
2025-04-08 16:09:05,818 - DEBUG - 执行AGV分配局部搜索，当前完工时间: 1795.00
2025-04-08 16:09:05,822 - DEBUG - 局部搜索未能改进当前解
2025-04-08 16:09:05,827 - DEBUG - 执行AGV分配局部搜索，当前完工时间: 1868.00
2025-04-08 16:09:05,829 - DEBUG - 局部搜索未能改进当前解
2025-04-08 16:09:05,833 - DEBUG - 执行AGV分配局部搜索，当前完工时间: 1767.00
2025-04-08 16:09:05,837 - DEBUG - 局部搜索未能改进当前解
2025-04-08 16:09:05,842 - DEBUG - 执行AGV分配局部搜索，当前完工时间: 1781.00
2025-04-08 16:09:05,845 - DEBUG - 局部搜索未能改进当前解
2025-04-08 16:09:05,849 - DEBUG - 执行AGV分配局部搜索，当前完工时间: 1796.00
2025-04-08 16:09:05,852 - DEBUG - 局部搜索未能改进当前解
2025-04-08 16:09:05,856 - DEBUG - 执行AGV分配局部搜索，当前完工时间: 1793.00
2025-04-08 16:09:05,860 - DEBUG - 局部搜索未能改进当前解
2025-04-08 16:09:05,864 - DEBUG - 执行AGV分配局部搜索，当前完工时间: 1795.00
2025-04-08 16:09:05,868 - DEBUG - AGV分配局部搜索成功！完工时间从 1795.00 降低到 1783.00，改进: 12.00 (0.67%)
2025-04-08 16:09:05,871 - DEBUG - 执行AGV分配局部搜索，当前完工时间: 1813.00
2025-04-08 16:09:05,875 - DEBUG - 局部搜索未能改进当前解
2025-04-08 16:09:05,879 - DEBUG - 执行AGV分配局部搜索，当前完工时间: 1737.00
2025-04-08 16:09:05,883 - DEBUG - 局部搜索未能改进当前解
2025-04-08 16:09:05,883 - DEBUG - ==================================================
2025-04-08 16:09:05,883 - DEBUG - Efficiency Statistics of Local Search :
2025-04-08 16:09:05,883 - DEBUG - Number of attempts: 99
2025-04-08 16:09:05,883 - DEBUG - Average Success Rate: 12.12%
2025-04-08 16:09:05,883 - DEBUG - AGV Local Search Success: 12，Average Improvement: 19.67
2025-04-08 16:09:05,888 - DEBUG - 执行AGV分配局部搜索，当前完工时间: 1776.00
2025-04-08 16:09:05,891 - DEBUG - 局部搜索未能改进当前解
2025-04-08 16:09:05,895 - DEBUG - 执行AGV分配局部搜索，当前完工时间: 1768.00
2025-04-08 16:09:05,899 - DEBUG - AGV分配局部搜索成功！完工时间从 1768.00 降低到 1764.00，改进: 4.00 (0.23%)
2025-04-08 16:09:05,902 - DEBUG - 执行AGV分配局部搜索，当前完工时间: 1832.00
2025-04-08 16:09:05,906 - DEBUG - 局部搜索未能改进当前解
2025-04-08 16:09:05,909 - DEBUG - 执行AGV分配局部搜索，当前完工时间: 1830.00
2025-04-08 16:09:05,913 - DEBUG - AGV分配局部搜索成功！完工时间从 1830.00 降低到 1822.00，改进: 8.00 (0.44%)
2025-04-08 16:09:05,918 - DEBUG - 执行AGV分配局部搜索，当前完工时间: 1834.00
2025-04-08 16:09:05,921 - DEBUG - AGV分配局部搜索成功！完工时间从 1834.00 降低到 1823.00，改进: 11.00 (0.60%)
2025-04-08 16:09:05,925 - DEBUG - 执行AGV分配局部搜索，当前完工时间: 1845.00
2025-04-08 16:09:05,929 - DEBUG - 局部搜索未能改进当前解
2025-04-08 16:09:05,933 - DEBUG - 执行AGV分配局部搜索，当前完工时间: 1756.00
2025-04-08 16:09:05,937 - DEBUG - 局部搜索未能改进当前解
2025-04-08 16:09:05,941 - DEBUG - 执行AGV分配局部搜索，当前完工时间: 1848.00
2025-04-08 16:09:05,944 - DEBUG - 局部搜索未能改进当前解
2025-04-08 16:09:05,947 - DEBUG - 执行AGV分配局部搜索，当前完工时间: 1847.00
2025-04-08 16:09:05,952 - DEBUG - 局部搜索未能改进当前解
2025-04-08 16:09:05,955 - DEBUG - 执行AGV分配局部搜索，当前完工时间: 1786.00
2025-04-08 16:09:05,959 - DEBUG - 局部搜索未能改进当前解
2025-04-08 16:09:05,962 - DEBUG - 执行AGV分配局部搜索，当前完工时间: 1824.00
2025-04-08 16:09:05,967 - DEBUG - 局部搜索未能改进当前解
2025-04-08 16:09:05,970 - DEBUG - 执行AGV分配局部搜索，当前完工时间: 1855.00
2025-04-08 16:09:05,974 - DEBUG - 局部搜索未能改进当前解
2025-04-08 16:09:05,977 - DEBUG - 执行AGV分配局部搜索，当前完工时间: 1753.00
2025-04-08 16:09:05,981 - DEBUG - 局部搜索未能改进当前解
2025-04-08 16:09:05,985 - DEBUG - 执行AGV分配局部搜索，当前完工时间: 1911.00
2025-04-08 16:09:05,989 - DEBUG - 局部搜索未能改进当前解
2025-04-08 16:09:05,993 - DEBUG - 执行AGV分配局部搜索，当前完工时间: 1979.00
2025-04-08 16:09:05,996 - DEBUG - AGV分配局部搜索成功！完工时间从 1979.00 降低到 1953.00，改进: 26.00 (1.31%)
2025-04-08 16:09:06,000 - DEBUG - 执行AGV分配局部搜索，当前完工时间: 1748.00
2025-04-08 16:09:06,003 - DEBUG - 局部搜索未能改进当前解
2025-04-08 16:09:06,006 - DEBUG - 执行AGV分配局部搜索，当前完工时间: 1837.00
2025-04-08 16:09:06,010 - DEBUG - 局部搜索未能改进当前解
2025-04-08 16:09:06,014 - DEBUG - 执行AGV分配局部搜索，当前完工时间: 1846.00
2025-04-08 16:09:06,018 - DEBUG - 局部搜索未能改进当前解
2025-04-08 16:09:06,021 - DEBUG - 执行AGV分配局部搜索，当前完工时间: 1859.00
2025-04-08 16:09:06,025 - DEBUG - 局部搜索未能改进当前解
2025-04-08 16:09:06,029 - DEBUG - 执行AGV分配局部搜索，当前完工时间: 1865.00
2025-04-08 16:09:06,033 - DEBUG - 局部搜索未能改进当前解
2025-04-08 16:09:06,036 - DEBUG - 执行AGV分配局部搜索，当前完工时间: 1796.00
2025-04-08 16:09:06,039 - DEBUG - 局部搜索未能改进当前解
2025-04-08 16:09:06,043 - DEBUG - 执行AGV分配局部搜索，当前完工时间: 1788.00
2025-04-08 16:09:06,047 - DEBUG - 局部搜索未能改进当前解
2025-04-08 16:09:06,051 - DEBUG - 执行AGV分配局部搜索，当前完工时间: 1838.00
2025-04-08 16:09:06,055 - DEBUG - 局部搜索未能改进当前解
2025-04-08 16:09:06,058 - DEBUG - 执行AGV分配局部搜索，当前完工时间: 1852.00
2025-04-08 16:09:06,062 - DEBUG - 局部搜索未能改进当前解
2025-04-08 16:09:06,066 - DEBUG - 执行AGV分配局部搜索，当前完工时间: 1767.00
2025-04-08 16:09:06,069 - DEBUG - 局部搜索未能改进当前解
2025-04-08 16:09:06,073 - DEBUG - 执行AGV分配局部搜索，当前完工时间: 1862.00
2025-04-08 16:09:06,077 - DEBUG - 局部搜索未能改进当前解
2025-04-08 16:09:06,080 - DEBUG - 执行AGV分配局部搜索，当前完工时间: 1776.00
2025-04-08 16:09:06,084 - DEBUG - 局部搜索未能改进当前解
2025-04-08 16:09:06,088 - DEBUG - 执行AGV分配局部搜索，当前完工时间: 1836.00
2025-04-08 16:09:06,091 - DEBUG - 局部搜索未能改进当前解
2025-04-08 16:09:06,095 - DEBUG - 执行AGV分配局部搜索，当前完工时间: 1804.00
2025-04-08 16:09:06,098 - DEBUG - 局部搜索未能改进当前解
2025-04-08 16:09:06,103 - DEBUG - 执行AGV分配局部搜索，当前完工时间: 1867.00
2025-04-08 16:09:06,106 - DEBUG - 局部搜索未能改进当前解
2025-04-08 16:09:06,110 - DEBUG - 执行AGV分配局部搜索，当前完工时间: 1743.00
2025-04-08 16:09:06,114 - DEBUG - 局部搜索未能改进当前解
2025-04-08 16:09:06,117 - DEBUG - 执行AGV分配局部搜索，当前完工时间: 1847.00
2025-04-08 16:09:06,121 - DEBUG - 局部搜索未能改进当前解
2025-04-08 16:09:06,125 - DEBUG - 执行AGV分配局部搜索，当前完工时间: 1874.00
2025-04-08 16:09:06,129 - DEBUG - 局部搜索未能改进当前解
2025-04-08 16:09:06,133 - DEBUG - 执行AGV分配局部搜索，当前完工时间: 1870.00
2025-04-08 16:09:06,136 - DEBUG - 局部搜索未能改进当前解
2025-04-08 16:09:06,140 - DEBUG - 执行AGV分配局部搜索，当前完工时间: 1801.00
2025-04-08 16:09:06,144 - DEBUG - AGV分配局部搜索成功！完工时间从 1801.00 降低到 1787.00，改进: 14.00 (0.78%)
2025-04-08 16:09:06,147 - DEBUG - 执行AGV分配局部搜索，当前完工时间: 1787.00
2025-04-08 16:09:06,151 - DEBUG - 局部搜索未能改进当前解
2025-04-08 16:09:06,156 - DEBUG - 执行AGV分配局部搜索，当前完工时间: 1770.00
2025-04-08 16:09:06,159 - DEBUG - 局部搜索未能改进当前解
2025-04-08 16:09:06,162 - DEBUG - 执行AGV分配局部搜索，当前完工时间: 1865.00
2025-04-08 16:09:06,166 - DEBUG - 局部搜索未能改进当前解
2025-04-08 16:09:06,171 - DEBUG - 执行AGV分配局部搜索，当前完工时间: 1741.00
2025-04-08 16:09:06,174 - DEBUG - 局部搜索未能改进当前解
2025-04-08 16:09:06,178 - DEBUG - 执行AGV分配局部搜索，当前完工时间: 1863.00
2025-04-08 16:09:06,181 - DEBUG - 局部搜索未能改进当前解
2025-04-08 16:09:06,185 - DEBUG - 执行AGV分配局部搜索，当前完工时间: 1761.00
2025-04-08 16:09:06,188 - DEBUG - 局部搜索未能改进当前解
2025-04-08 16:09:06,193 - DEBUG - 执行AGV分配局部搜索，当前完工时间: 1798.00
2025-04-08 16:09:06,197 - DEBUG - 局部搜索未能改进当前解
2025-04-08 16:09:06,200 - DEBUG - 执行AGV分配局部搜索，当前完工时间: 1812.00
2025-04-08 16:09:06,204 - DEBUG - 局部搜索未能改进当前解
2025-04-08 16:09:06,207 - DEBUG - 执行AGV分配局部搜索，当前完工时间: 1779.00
2025-04-08 16:09:06,212 - DEBUG - AGV分配局部搜索成功！完工时间从 1779.00 降低到 1776.00，改进: 3.00 (0.17%)
2025-04-08 16:09:06,214 - DEBUG - 执行AGV分配局部搜索，当前完工时间: 1812.00
2025-04-08 16:09:06,219 - DEBUG - AGV分配局部搜索成功！完工时间从 1812.00 降低到 1794.00，改进: 18.00 (0.99%)
2025-04-08 16:09:06,222 - DEBUG - 执行AGV分配局部搜索，当前完工时间: 1846.00
2025-04-08 16:09:06,225 - DEBUG - 局部搜索未能改进当前解
2025-04-08 16:09:06,229 - DEBUG - 执行AGV分配局部搜索，当前完工时间: 1783.00
2025-04-08 16:09:06,233 - DEBUG - 局部搜索未能改进当前解
2025-04-08 16:09:06,236 - DEBUG - 执行AGV分配局部搜索，当前完工时间: 1774.00
2025-04-08 16:09:06,240 - DEBUG - 局部搜索未能改进当前解
2025-04-08 16:09:06,244 - DEBUG - 执行AGV分配局部搜索，当前完工时间: 1822.00
2025-04-08 16:09:06,247 - DEBUG - 局部搜索未能改进当前解
2025-04-08 16:09:06,251 - DEBUG - 执行AGV分配局部搜索，当前完工时间: 1787.00
2025-04-08 16:09:06,254 - DEBUG - 局部搜索未能改进当前解
2025-04-08 16:09:06,258 - DEBUG - 执行AGV分配局部搜索，当前完工时间: 1719.00
2025-04-08 16:09:06,262 - DEBUG - 局部搜索未能改进当前解
2025-04-08 16:09:06,265 - DEBUG - 执行AGV分配局部搜索，当前完工时间: 1860.00
2025-04-08 16:09:06,269 - DEBUG - 局部搜索未能改进当前解
2025-04-08 16:09:06,272 - DEBUG - 执行AGV分配局部搜索，当前完工时间: 1778.00
2025-04-08 16:09:06,277 - DEBUG - 局部搜索未能改进当前解
2025-04-08 16:09:06,280 - DEBUG - 执行AGV分配局部搜索，当前完工时间: 1832.00
2025-04-08 16:09:06,284 - DEBUG - 局部搜索未能改进当前解
2025-04-08 16:09:06,287 - DEBUG - 执行AGV分配局部搜索，当前完工时间: 1770.00
2025-04-08 16:09:06,291 - DEBUG - 局部搜索未能改进当前解
2025-04-08 16:09:06,295 - DEBUG - 执行AGV分配局部搜索，当前完工时间: 1820.00
2025-04-08 16:09:06,299 - DEBUG - 局部搜索未能改进当前解
2025-04-08 16:09:06,303 - DEBUG - 执行AGV分配局部搜索，当前完工时间: 1793.00
2025-04-08 16:09:06,306 - DEBUG - 局部搜索未能改进当前解
2025-04-08 16:09:06,309 - DEBUG - 执行AGV分配局部搜索，当前完工时间: 1841.00
2025-04-08 16:09:06,313 - DEBUG - 局部搜索未能改进当前解
2025-04-08 16:09:06,316 - DEBUG - 执行AGV分配局部搜索，当前完工时间: 1838.00
2025-04-08 16:09:06,320 - DEBUG - 局部搜索未能改进当前解
2025-04-08 16:09:06,324 - DEBUG - 执行AGV分配局部搜索，当前完工时间: 1849.00
2025-04-08 16:09:06,328 - DEBUG - AGV分配局部搜索成功！完工时间从 1849.00 降低到 1847.00，改进: 2.00 (0.11%)
2025-04-08 16:09:06,332 - DEBUG - 执行AGV分配局部搜索，当前完工时间: 1802.00
2025-04-08 16:09:06,335 - DEBUG - 局部搜索未能改进当前解
2025-04-08 16:09:06,339 - DEBUG - 执行AGV分配局部搜索，当前完工时间: 1745.00
2025-04-08 16:09:06,342 - DEBUG - 局部搜索未能改进当前解
2025-04-08 16:09:06,346 - DEBUG - 执行AGV分配局部搜索，当前完工时间: 1750.00
2025-04-08 16:09:06,350 - DEBUG - 局部搜索未能改进当前解
2025-04-08 16:09:06,354 - DEBUG - 执行AGV分配局部搜索，当前完工时间: 1891.00
2025-04-08 16:09:06,357 - DEBUG - 局部搜索未能改进当前解
2025-04-08 16:09:06,360 - DEBUG - 执行AGV分配局部搜索，当前完工时间: 1805.00
2025-04-08 16:09:06,365 - DEBUG - 局部搜索未能改进当前解
2025-04-08 16:09:06,369 - DEBUG - 执行AGV分配局部搜索，当前完工时间: 1878.00
2025-04-08 16:09:06,372 - DEBUG - 局部搜索未能改进当前解
2025-04-08 16:09:06,376 - DEBUG - 执行AGV分配局部搜索，当前完工时间: 1927.00
2025-04-08 16:09:06,381 - DEBUG - AGV分配局部搜索成功！完工时间从 1927.00 降低到 1893.00，改进: 34.00 (1.76%)
2025-04-08 16:09:06,384 - DEBUG - 执行AGV分配局部搜索，当前完工时间: 1895.00
2025-04-08 16:09:06,387 - DEBUG - AGV分配局部搜索成功！完工时间从 1895.00 降低到 1861.00，改进: 34.00 (1.79%)
2025-04-08 16:09:06,392 - DEBUG - 执行AGV分配局部搜索，当前完工时间: 1866.00
2025-04-08 16:09:06,395 - DEBUG - 局部搜索未能改进当前解
2025-04-08 16:09:06,399 - DEBUG - 执行AGV分配局部搜索，当前完工时间: 1847.00
2025-04-08 16:09:06,404 - DEBUG - 局部搜索未能改进当前解
2025-04-08 16:09:06,407 - DEBUG - 执行AGV分配局部搜索，当前完工时间: 1868.00
2025-04-08 16:09:06,410 - DEBUG - 局部搜索未能改进当前解
2025-04-08 16:09:06,414 - DEBUG - 执行AGV分配局部搜索，当前完工时间: 1969.00
2025-04-08 16:09:06,418 - DEBUG - 局部搜索未能改进当前解
2025-04-08 16:09:06,421 - DEBUG - 执行AGV分配局部搜索，当前完工时间: 1813.00
2025-04-08 16:09:06,425 - DEBUG - AGV分配局部搜索成功！完工时间从 1813.00 降低到 1786.00，改进: 27.00 (1.49%)
2025-04-08 16:09:06,429 - DEBUG - 执行AGV分配局部搜索，当前完工时间: 1846.00
2025-04-08 16:09:06,432 - DEBUG - 局部搜索未能改进当前解
2025-04-08 16:09:06,436 - DEBUG - 执行AGV分配局部搜索，当前完工时间: 1799.00
2025-04-08 16:09:06,440 - DEBUG - 局部搜索未能改进当前解
2025-04-08 16:09:06,444 - DEBUG - 执行AGV分配局部搜索，当前完工时间: 1768.00
2025-04-08 16:09:06,447 - DEBUG - 局部搜索未能改进当前解
2025-04-08 16:09:06,451 - DEBUG - 执行AGV分配局部搜索，当前完工时间: 1952.00
2025-04-08 16:09:06,455 - DEBUG - AGV分配局部搜索成功！完工时间从 1952.00 降低到 1932.00，改进: 20.00 (1.02%)
2025-04-08 16:09:06,459 - DEBUG - 执行AGV分配局部搜索，当前完工时间: 1766.00
2025-04-08 16:09:06,463 - DEBUG - 局部搜索未能改进当前解
2025-04-08 16:09:06,466 - DEBUG - 执行AGV分配局部搜索，当前完工时间: 1741.00
2025-04-08 16:09:06,470 - DEBUG - 局部搜索未能改进当前解
2025-04-08 16:09:06,474 - DEBUG - 执行AGV分配局部搜索，当前完工时间: 1726.00
2025-04-08 16:09:06,477 - DEBUG - AGV分配局部搜索成功！完工时间从 1726.00 降低到 1718.00，改进: 8.00 (0.46%)
2025-04-08 16:09:06,481 - DEBUG - 执行AGV分配局部搜索，当前完工时间: 1758.00
2025-04-08 16:09:06,485 - DEBUG - 局部搜索未能改进当前解
2025-04-08 16:09:06,490 - DEBUG - 执行AGV分配局部搜索，当前完工时间: 1852.00
2025-04-08 16:09:06,493 - DEBUG - AGV分配局部搜索成功！完工时间从 1852.00 降低到 1844.00，改进: 8.00 (0.43%)
2025-04-08 16:09:06,497 - DEBUG - 执行AGV分配局部搜索，当前完工时间: 1811.00
2025-04-08 16:09:06,501 - DEBUG - 局部搜索未能改进当前解
2025-04-08 16:09:06,505 - DEBUG - 执行AGV分配局部搜索，当前完工时间: 1814.00
2025-04-08 16:09:06,508 - DEBUG - 局部搜索未能改进当前解
2025-04-08 16:09:06,512 - DEBUG - 执行AGV分配局部搜索，当前完工时间: 1750.00
2025-04-08 16:09:06,516 - DEBUG - 局部搜索未能改进当前解
2025-04-08 16:09:06,520 - DEBUG - 执行AGV分配局部搜索，当前完工时间: 1898.00
2025-04-08 16:09:06,524 - DEBUG - 局部搜索未能改进当前解
2025-04-08 16:09:06,528 - DEBUG - 执行AGV分配局部搜索，当前完工时间: 1770.00
2025-04-08 16:09:06,531 - DEBUG - AGV分配局部搜索成功！完工时间从 1770.00 降低到 1768.00，改进: 2.00 (0.11%)
2025-04-08 16:09:06,535 - DEBUG - 执行AGV分配局部搜索，当前完工时间: 1872.00
2025-04-08 16:09:06,538 - DEBUG - 局部搜索未能改进当前解
2025-04-08 16:09:06,543 - DEBUG - 执行AGV分配局部搜索，当前完工时间: 1767.00
2025-04-08 16:09:06,547 - DEBUG - 局部搜索未能改进当前解
2025-04-08 16:09:06,550 - DEBUG - 执行AGV分配局部搜索，当前完工时间: 1849.00
2025-04-08 16:09:06,554 - DEBUG - 局部搜索未能改进当前解
2025-04-08 16:09:06,557 - DEBUG - 执行AGV分配局部搜索，当前完工时间: 1904.00
2025-04-08 16:09:06,561 - DEBUG - 局部搜索未能改进当前解
2025-04-08 16:09:06,565 - DEBUG - 执行AGV分配局部搜索，当前完工时间: 1818.00
2025-04-08 16:09:06,569 - DEBUG - 局部搜索未能改进当前解
2025-04-08 16:09:06,573 - DEBUG - 执行AGV分配局部搜索，当前完工时间: 1909.00
2025-04-08 16:09:06,577 - DEBUG - 局部搜索未能改进当前解
2025-04-08 16:09:06,581 - DEBUG - 执行AGV分配局部搜索，当前完工时间: 1752.00
2025-04-08 16:09:06,584 - DEBUG - 局部搜索未能改进当前解
2025-04-08 16:09:06,588 - DEBUG - 执行AGV分配局部搜索，当前完工时间: 1825.00
2025-04-08 16:09:06,592 - DEBUG - 局部搜索未能改进当前解
2025-04-08 16:09:06,595 - DEBUG - 执行AGV分配局部搜索，当前完工时间: 1754.00
2025-04-08 16:09:06,599 - DEBUG - 局部搜索未能改进当前解
2025-04-08 16:09:06,603 - DEBUG - 执行AGV分配局部搜索，当前完工时间: 1878.00
2025-04-08 16:09:06,607 - DEBUG - 局部搜索未能改进当前解
2025-04-08 16:09:06,610 - DEBUG - 执行AGV分配局部搜索，当前完工时间: 1744.00
2025-04-08 16:09:06,615 - DEBUG - 局部搜索未能改进当前解
2025-04-08 16:09:06,619 - DEBUG - 执行AGV分配局部搜索，当前完工时间: 1760.00
2025-04-08 16:09:06,622 - DEBUG - 局部搜索未能改进当前解
2025-04-08 16:09:06,622 - DEBUG - ==================================================
2025-04-08 16:09:06,622 - DEBUG - Efficiency Statistics of Local Search :
2025-04-08 16:09:06,622 - DEBUG - Number of attempts: 99
2025-04-08 16:09:06,622 - DEBUG - Average Success Rate: 15.15%
2025-04-08 16:09:06,623 - DEBUG - AGV Local Search Success: 15，Average Improvement: 14.60
2025-04-08 16:09:06,627 - DEBUG - 执行AGV分配局部搜索，当前完工时间: 1970.00
2025-04-08 16:09:06,630 - DEBUG - 局部搜索未能改进当前解
2025-04-08 16:09:06,634 - DEBUG - 执行AGV分配局部搜索，当前完工时间: 1794.00
2025-04-08 16:09:06,639 - DEBUG - 局部搜索未能改进当前解
2025-04-08 16:09:06,642 - DEBUG - 执行AGV分配局部搜索，当前完工时间: 1850.00
2025-04-08 16:09:06,647 - DEBUG - 局部搜索未能改进当前解
2025-04-08 16:09:06,650 - DEBUG - 执行AGV分配局部搜索，当前完工时间: 1865.00
2025-04-08 16:09:06,654 - DEBUG - 局部搜索未能改进当前解
2025-04-08 16:09:06,658 - DEBUG - 执行AGV分配局部搜索，当前完工时间: 1773.00
2025-04-08 16:09:06,660 - DEBUG - 局部搜索未能改进当前解
2025-04-08 16:09:06,665 - DEBUG - 执行AGV分配局部搜索，当前完工时间: 1871.00
2025-04-08 16:09:06,670 - DEBUG - 局部搜索未能改进当前解
2025-04-08 16:09:06,673 - DEBUG - 执行AGV分配局部搜索，当前完工时间: 1804.00
2025-04-08 16:09:06,676 - DEBUG - 局部搜索未能改进当前解
2025-04-08 16:09:06,682 - DEBUG - 执行AGV分配局部搜索，当前完工时间: 1795.00
2025-04-08 16:09:06,685 - DEBUG - 局部搜索未能改进当前解
2025-04-08 16:09:06,689 - DEBUG - 执行AGV分配局部搜索，当前完工时间: 1774.00
2025-04-08 16:09:06,693 - DEBUG - AGV分配局部搜索成功！完工时间从 1774.00 降低到 1770.00，改进: 4.00 (0.23%)
2025-04-08 16:09:06,696 - DEBUG - 执行AGV分配局部搜索，当前完工时间: 1776.00
2025-04-08 16:09:06,700 - DEBUG - 局部搜索未能改进当前解
2025-04-08 16:09:06,704 - DEBUG - 执行AGV分配局部搜索，当前完工时间: 1789.00
2025-04-08 16:09:06,708 - DEBUG - AGV分配局部搜索成功！完工时间从 1789.00 降低到 1772.00，改进: 17.00 (0.95%)
2025-04-08 16:09:06,712 - DEBUG - 执行AGV分配局部搜索，当前完工时间: 1782.00
2025-04-08 16:09:06,715 - DEBUG - 局部搜索未能改进当前解
2025-04-08 16:09:06,719 - DEBUG - 执行AGV分配局部搜索，当前完工时间: 1837.00
2025-04-08 16:09:06,723 - DEBUG - 局部搜索未能改进当前解
2025-04-08 16:09:06,726 - DEBUG - 执行AGV分配局部搜索，当前完工时间: 1885.00
2025-04-08 16:09:06,731 - DEBUG - 局部搜索未能改进当前解
2025-04-08 16:09:06,736 - DEBUG - 执行AGV分配局部搜索，当前完工时间: 1786.00
2025-04-08 16:09:06,739 - DEBUG - 局部搜索未能改进当前解
2025-04-08 16:09:06,743 - DEBUG - 执行AGV分配局部搜索，当前完工时间: 1852.00
2025-04-08 16:09:06,747 - DEBUG - 局部搜索未能改进当前解
2025-04-08 16:09:06,750 - DEBUG - 执行AGV分配局部搜索，当前完工时间: 1832.00
2025-04-08 16:09:06,753 - DEBUG - 局部搜索未能改进当前解
2025-04-08 16:09:06,757 - DEBUG - 执行AGV分配局部搜索，当前完工时间: 1763.00
2025-04-08 16:09:06,760 - DEBUG - 局部搜索未能改进当前解
2025-04-08 16:09:06,764 - DEBUG - 执行AGV分配局部搜索，当前完工时间: 1856.00
2025-04-08 16:09:06,769 - DEBUG - 局部搜索未能改进当前解
2025-04-08 16:09:06,772 - DEBUG - 执行AGV分配局部搜索，当前完工时间: 1770.00
2025-04-08 16:09:06,776 - DEBUG - 局部搜索未能改进当前解
2025-04-08 16:09:06,780 - DEBUG - 执行AGV分配局部搜索，当前完工时间: 1838.00
2025-04-08 16:09:06,783 - DEBUG - 局部搜索未能改进当前解
2025-04-08 16:09:06,787 - DEBUG - 执行AGV分配局部搜索，当前完工时间: 1851.00
2025-04-08 16:09:06,791 - DEBUG - 局部搜索未能改进当前解
2025-04-08 16:09:06,794 - DEBUG - 执行AGV分配局部搜索，当前完工时间: 1766.00
2025-04-08 16:09:06,798 - DEBUG - 局部搜索未能改进当前解
2025-04-08 16:09:06,801 - DEBUG - 执行AGV分配局部搜索，当前完工时间: 1760.00
2025-04-08 16:09:06,805 - DEBUG - 局部搜索未能改进当前解
2025-04-08 16:09:06,808 - DEBUG - 执行AGV分配局部搜索，当前完工时间: 1827.00
2025-04-08 16:09:06,813 - DEBUG - 局部搜索未能改进当前解
2025-04-08 16:09:06,817 - DEBUG - 执行AGV分配局部搜索，当前完工时间: 1797.00
2025-04-08 16:09:06,820 - DEBUG - AGV分配局部搜索成功！完工时间从 1797.00 降低到 1796.00，改进: 1.00 (0.06%)
2025-04-08 16:09:06,824 - DEBUG - 执行AGV分配局部搜索，当前完工时间: 1814.00
2025-04-08 16:09:06,826 - DEBUG - 局部搜索未能改进当前解
2025-04-08 16:09:06,832 - DEBUG - 执行AGV分配局部搜索，当前完工时间: 1850.00
2025-04-08 16:09:06,835 - DEBUG - 局部搜索未能改进当前解
2025-04-08 16:09:06,838 - DEBUG - 执行AGV分配局部搜索，当前完工时间: 1805.00
2025-04-08 16:09:06,843 - DEBUG - 局部搜索未能改进当前解
2025-04-08 16:09:06,847 - DEBUG - 执行AGV分配局部搜索，当前完工时间: 1790.00
2025-04-08 16:09:06,850 - DEBUG - 局部搜索未能改进当前解
2025-04-08 16:09:06,854 - DEBUG - 执行AGV分配局部搜索，当前完工时间: 1886.00
2025-04-08 16:09:06,857 - DEBUG - AGV分配局部搜索成功！完工时间从 1886.00 降低到 1876.00，改进: 10.00 (0.53%)
2025-04-08 16:09:06,862 - DEBUG - 执行AGV分配局部搜索，当前完工时间: 1754.00
2025-04-08 16:09:06,865 - DEBUG - 局部搜索未能改进当前解
2025-04-08 16:09:06,870 - DEBUG - 执行AGV分配局部搜索，当前完工时间: 1786.00
2025-04-08 16:09:06,873 - DEBUG - 局部搜索未能改进当前解
2025-04-08 16:09:06,877 - DEBUG - 执行AGV分配局部搜索，当前完工时间: 1910.00
2025-04-08 16:09:06,880 - DEBUG - 局部搜索未能改进当前解
2025-04-08 16:09:06,884 - DEBUG - 执行AGV分配局部搜索，当前完工时间: 1749.00
2025-04-08 16:09:06,888 - DEBUG - AGV分配局部搜索成功！完工时间从 1749.00 降低到 1728.00，改进: 21.00 (1.20%)
2025-04-08 16:09:06,892 - DEBUG - 执行AGV分配局部搜索，当前完工时间: 1811.00
2025-04-08 16:09:06,895 - DEBUG - AGV分配局部搜索成功！完工时间从 1811.00 降低到 1799.00，改进: 12.00 (0.66%)
2025-04-08 16:09:06,900 - DEBUG - 执行AGV分配局部搜索，当前完工时间: 1846.00
2025-04-08 16:09:06,903 - DEBUG - 局部搜索未能改进当前解
2025-04-08 16:09:06,908 - DEBUG - 执行AGV分配局部搜索，当前完工时间: 1798.00
2025-04-08 16:09:06,912 - DEBUG - 局部搜索未能改进当前解
2025-04-08 16:09:06,916 - DEBUG - 执行AGV分配局部搜索，当前完工时间: 1774.00
2025-04-08 16:09:06,920 - DEBUG - 局部搜索未能改进当前解
2025-04-08 16:09:06,924 - DEBUG - 执行AGV分配局部搜索，当前完工时间: 1778.00
2025-04-08 16:09:06,928 - DEBUG - 局部搜索未能改进当前解
2025-04-08 16:09:06,931 - DEBUG - 执行AGV分配局部搜索，当前完工时间: 1770.00
2025-04-08 16:09:06,934 - DEBUG - 局部搜索未能改进当前解
2025-04-08 16:09:06,938 - DEBUG - 执行AGV分配局部搜索，当前完工时间: 1815.00
2025-04-08 16:09:06,943 - DEBUG - 局部搜索未能改进当前解
2025-04-08 16:09:06,946 - DEBUG - 执行AGV分配局部搜索，当前完工时间: 1755.00
2025-04-08 16:09:06,950 - DEBUG - 局部搜索未能改进当前解
2025-04-08 16:09:06,954 - DEBUG - 执行AGV分配局部搜索，当前完工时间: 1845.00
2025-04-08 16:09:06,957 - DEBUG - 局部搜索未能改进当前解
2025-04-08 16:09:06,960 - DEBUG - 执行AGV分配局部搜索，当前完工时间: 1873.00
2025-04-08 16:09:06,965 - DEBUG - 局部搜索未能改进当前解
2025-04-08 16:09:06,969 - DEBUG - 执行AGV分配局部搜索，当前完工时间: 1753.00
2025-04-08 16:09:06,972 - DEBUG - 局部搜索未能改进当前解
2025-04-08 16:09:06,976 - DEBUG - 执行AGV分配局部搜索，当前完工时间: 1968.00
2025-04-08 16:09:06,980 - DEBUG - 局部搜索未能改进当前解
2025-04-08 16:09:06,984 - DEBUG - 执行AGV分配局部搜索，当前完工时间: 1829.00
2025-04-08 16:09:06,988 - DEBUG - 局部搜索未能改进当前解
2025-04-08 16:09:06,992 - DEBUG - 执行AGV分配局部搜索，当前完工时间: 1953.00
2025-04-08 16:09:06,995 - DEBUG - 局部搜索未能改进当前解
2025-04-08 16:09:06,999 - DEBUG - 执行AGV分配局部搜索，当前完工时间: 1701.00
2025-04-08 16:09:07,003 - DEBUG - 局部搜索未能改进当前解
2025-04-08 16:09:07,007 - DEBUG - 执行AGV分配局部搜索，当前完工时间: 1812.00
2025-04-08 16:09:07,011 - DEBUG - AGV分配局部搜索成功！完工时间从 1812.00 降低到 1810.00，改进: 2.00 (0.11%)
2025-04-08 16:09:07,014 - DEBUG - 执行AGV分配局部搜索，当前完工时间: 1767.00
2025-04-08 16:09:07,018 - DEBUG - 局部搜索未能改进当前解
2025-04-08 16:09:07,020 - DEBUG - 执行AGV分配局部搜索，当前完工时间: 1832.00
2025-04-08 16:09:07,025 - DEBUG - 局部搜索未能改进当前解
2025-04-08 16:09:07,029 - DEBUG - 执行AGV分配局部搜索，当前完工时间: 1799.00
2025-04-08 16:09:07,033 - DEBUG - 局部搜索未能改进当前解
2025-04-08 16:09:07,037 - DEBUG - 执行AGV分配局部搜索，当前完工时间: 1823.00
2025-04-08 16:09:07,040 - DEBUG - 局部搜索未能改进当前解
2025-04-08 16:09:07,044 - DEBUG - 执行AGV分配局部搜索，当前完工时间: 1862.00
2025-04-08 16:09:07,047 - DEBUG - 局部搜索未能改进当前解
2025-04-08 16:09:07,052 - DEBUG - 执行AGV分配局部搜索，当前完工时间: 1865.00
2025-04-08 16:09:07,056 - DEBUG - 局部搜索未能改进当前解
2025-04-08 16:09:07,059 - DEBUG - 执行AGV分配局部搜索，当前完工时间: 1824.00
2025-04-08 16:09:07,062 - DEBUG - 局部搜索未能改进当前解
2025-04-08 16:09:07,067 - DEBUG - 执行AGV分配局部搜索，当前完工时间: 1775.00
2025-04-08 16:09:07,070 - DEBUG - 局部搜索未能改进当前解
2025-04-08 16:09:07,074 - DEBUG - 执行AGV分配局部搜索，当前完工时间: 1839.00
2025-04-08 16:09:07,078 - DEBUG - 局部搜索未能改进当前解
2025-04-08 16:09:07,081 - DEBUG - 执行AGV分配局部搜索，当前完工时间: 1829.00
2025-04-08 16:09:07,086 - DEBUG - 局部搜索未能改进当前解
2025-04-08 16:09:07,088 - DEBUG - 执行AGV分配局部搜索，当前完工时间: 1748.00
2025-04-08 16:09:07,093 - DEBUG - 局部搜索未能改进当前解
2025-04-08 16:09:07,097 - DEBUG - 执行AGV分配局部搜索，当前完工时间: 1820.00
2025-04-08 16:09:07,101 - DEBUG - 局部搜索未能改进当前解
2025-04-08 16:09:07,105 - DEBUG - 执行AGV分配局部搜索，当前完工时间: 1798.00
2025-04-08 16:09:07,108 - DEBUG - 局部搜索未能改进当前解
2025-04-08 16:09:07,112 - DEBUG - 执行AGV分配局部搜索，当前完工时间: 1773.00
2025-04-08 16:09:07,115 - DEBUG - 局部搜索未能改进当前解
2025-04-08 16:09:07,119 - DEBUG - 执行AGV分配局部搜索，当前完工时间: 1979.00
2025-04-08 16:09:07,123 - DEBUG - 局部搜索未能改进当前解
2025-04-08 16:09:07,127 - DEBUG - 执行AGV分配局部搜索，当前完工时间: 1897.00
2025-04-08 16:09:07,130 - DEBUG - 局部搜索未能改进当前解
2025-04-08 16:09:07,133 - DEBUG - 执行AGV分配局部搜索，当前完工时间: 1834.00
2025-04-08 16:09:07,137 - DEBUG - 局部搜索未能改进当前解
2025-04-08 16:09:07,142 - DEBUG - 执行AGV分配局部搜索，当前完工时间: 1750.00
2025-04-08 16:09:07,146 - DEBUG - 局部搜索未能改进当前解
2025-04-08 16:09:07,150 - DEBUG - 执行AGV分配局部搜索，当前完工时间: 1762.00
2025-04-08 16:09:07,154 - DEBUG - 局部搜索未能改进当前解
2025-04-08 16:09:07,158 - DEBUG - 执行AGV分配局部搜索，当前完工时间: 1795.00
2025-04-08 16:09:07,162 - DEBUG - 局部搜索未能改进当前解
2025-04-08 16:09:07,166 - DEBUG - 执行AGV分配局部搜索，当前完工时间: 1777.00
2025-04-08 16:09:07,170 - DEBUG - 局部搜索未能改进当前解
2025-04-08 16:09:07,174 - DEBUG - 执行AGV分配局部搜索，当前完工时间: 1854.00
2025-04-08 16:09:07,177 - DEBUG - 局部搜索未能改进当前解
2025-04-08 16:09:07,181 - DEBUG - 执行AGV分配局部搜索，当前完工时间: 1805.00
2025-04-08 16:09:07,185 - DEBUG - 局部搜索未能改进当前解
2025-04-08 16:09:07,189 - DEBUG - 执行AGV分配局部搜索，当前完工时间: 1805.00
2025-04-08 16:09:07,192 - DEBUG - 局部搜索未能改进当前解
2025-04-08 16:09:07,195 - DEBUG - 执行AGV分配局部搜索，当前完工时间: 1732.00
2025-04-08 16:09:07,199 - DEBUG - 局部搜索未能改进当前解
2025-04-08 16:09:07,203 - DEBUG - 执行AGV分配局部搜索，当前完工时间: 1792.00
2025-04-08 16:09:07,205 - DEBUG - 局部搜索未能改进当前解
2025-04-08 16:09:07,209 - DEBUG - 执行AGV分配局部搜索，当前完工时间: 1849.00
2025-04-08 16:09:07,214 - DEBUG - 局部搜索未能改进当前解
2025-04-08 16:09:07,218 - DEBUG - 执行AGV分配局部搜索，当前完工时间: 1767.00
2025-04-08 16:09:07,222 - DEBUG - 局部搜索未能改进当前解
2025-04-08 16:09:07,225 - DEBUG - 执行AGV分配局部搜索，当前完工时间: 1807.00
2025-04-08 16:09:07,229 - DEBUG - 局部搜索未能改进当前解
2025-04-08 16:09:07,233 - DEBUG - 执行AGV分配局部搜索，当前完工时间: 1748.00
2025-04-08 16:09:07,236 - DEBUG - 局部搜索未能改进当前解
2025-04-08 16:09:07,240 - DEBUG - 执行AGV分配局部搜索，当前完工时间: 1785.00
2025-04-08 16:09:07,243 - DEBUG - 局部搜索未能改进当前解
2025-04-08 16:09:07,247 - DEBUG - 执行AGV分配局部搜索，当前完工时间: 1725.00
2025-04-08 16:09:07,251 - DEBUG - 局部搜索未能改进当前解
2025-04-08 16:09:07,255 - DEBUG - 执行AGV分配局部搜索，当前完工时间: 1849.00
2025-04-08 16:09:07,257 - DEBUG - 局部搜索未能改进当前解
2025-04-08 16:09:07,262 - DEBUG - 执行AGV分配局部搜索，当前完工时间: 1779.00
2025-04-08 16:09:07,265 - DEBUG - 局部搜索未能改进当前解
2025-04-08 16:09:07,269 - DEBUG - 执行AGV分配局部搜索，当前完工时间: 1780.00
2025-04-08 16:09:07,272 - DEBUG - 局部搜索未能改进当前解
2025-04-08 16:09:07,276 - DEBUG - 执行AGV分配局部搜索，当前完工时间: 1741.00
2025-04-08 16:09:07,280 - DEBUG - 局部搜索未能改进当前解
2025-04-08 16:09:07,283 - DEBUG - 执行AGV分配局部搜索，当前完工时间: 1746.00
2025-04-08 16:09:07,287 - DEBUG - 局部搜索未能改进当前解
2025-04-08 16:09:07,290 - DEBUG - 执行AGV分配局部搜索，当前完工时间: 1718.00
2025-04-08 16:09:07,294 - DEBUG - 局部搜索未能改进当前解
2025-04-08 16:09:07,299 - DEBUG - 执行AGV分配局部搜索，当前完工时间: 1811.00
2025-04-08 16:09:07,302 - DEBUG - 局部搜索未能改进当前解
2025-04-08 16:09:07,305 - DEBUG - 执行AGV分配局部搜索，当前完工时间: 1816.00
2025-04-08 16:09:07,308 - DEBUG - 局部搜索未能改进当前解
2025-04-08 16:09:07,313 - DEBUG - 执行AGV分配局部搜索，当前完工时间: 1787.00
2025-04-08 16:09:07,316 - DEBUG - 局部搜索未能改进当前解
2025-04-08 16:09:07,320 - DEBUG - 执行AGV分配局部搜索，当前完工时间: 1766.00
2025-04-08 16:09:07,323 - DEBUG - AGV分配局部搜索成功！完工时间从 1766.00 降低到 1747.00，改进: 19.00 (1.08%)
2025-04-08 16:09:07,326 - DEBUG - 执行AGV分配局部搜索，当前完工时间: 1761.00
2025-04-08 16:09:07,331 - DEBUG - 局部搜索未能改进当前解
2025-04-08 16:09:07,334 - DEBUG - 执行AGV分配局部搜索，当前完工时间: 1762.00
2025-04-08 16:09:07,337 - DEBUG - 局部搜索未能改进当前解
2025-04-08 16:09:07,341 - DEBUG - 执行AGV分配局部搜索，当前完工时间: 1805.00
2025-04-08 16:09:07,345 - DEBUG - 局部搜索未能改进当前解
2025-04-08 16:09:07,349 - DEBUG - 执行AGV分配局部搜索，当前完工时间: 1820.00
2025-04-08 16:09:07,352 - DEBUG - 局部搜索未能改进当前解
2025-04-08 16:09:07,356 - DEBUG - 执行AGV分配局部搜索，当前完工时间: 1781.00
2025-04-08 16:09:07,360 - DEBUG - 局部搜索未能改进当前解
2025-04-08 16:09:07,364 - DEBUG - 执行AGV分配局部搜索，当前完工时间: 1867.00
2025-04-08 16:09:07,366 - DEBUG - AGV分配局部搜索成功！完工时间从 1867.00 降低到 1853.00，改进: 14.00 (0.75%)
2025-04-08 16:09:07,366 - DEBUG - ==================================================
2025-04-08 16:09:07,366 - DEBUG - Efficiency Statistics of Local Search :
2025-04-08 16:09:07,366 - DEBUG - Number of attempts: 99
2025-04-08 16:09:07,366 - DEBUG - Average Success Rate: 9.09%
2025-04-08 16:09:07,366 - DEBUG - AGV Local Search Success: 9，Average Improvement: 11.11
2025-04-08 16:09:07,371 - DEBUG - 执行AGV分配局部搜索，当前完工时间: 1864.00
2025-04-08 16:09:07,376 - DEBUG - AGV分配局部搜索成功！完工时间从 1864.00 降低到 1831.00，改进: 33.00 (1.77%)
2025-04-08 16:09:07,379 - DEBUG - 执行AGV分配局部搜索，当前完工时间: 1745.00
2025-04-08 16:09:07,382 - DEBUG - 局部搜索未能改进当前解
2025-04-08 16:09:07,387 - DEBUG - 执行AGV分配局部搜索，当前完工时间: 1799.00
2025-04-08 16:09:07,391 - DEBUG - 局部搜索未能改进当前解
2025-04-08 16:09:07,395 - DEBUG - 执行AGV分配局部搜索，当前完工时间: 1760.00
2025-04-08 16:09:07,399 - DEBUG - 局部搜索未能改进当前解
2025-04-08 16:09:07,403 - DEBUG - 执行AGV分配局部搜索，当前完工时间: 1864.00
2025-04-08 16:09:07,407 - DEBUG - 局部搜索未能改进当前解
2025-04-08 16:09:07,411 - DEBUG - 执行AGV分配局部搜索，当前完工时间: 1756.00
2025-04-08 16:09:07,414 - DEBUG - 局部搜索未能改进当前解
2025-04-08 16:09:07,418 - DEBUG - 执行AGV分配局部搜索，当前完工时间: 1701.00
2025-04-08 16:09:07,422 - DEBUG - 局部搜索未能改进当前解
2025-04-08 16:09:07,426 - DEBUG - 执行AGV分配局部搜索，当前完工时间: 1862.00
2025-04-08 16:09:07,429 - DEBUG - AGV分配局部搜索成功！完工时间从 1862.00 降低到 1797.00，改进: 65.00 (3.49%)
2025-04-08 16:09:07,433 - DEBUG - 执行AGV分配局部搜索，当前完工时间: 1911.00
2025-04-08 16:09:07,437 - DEBUG - 局部搜索未能改进当前解
2025-04-08 16:09:07,441 - DEBUG - 执行AGV分配局部搜索，当前完工时间: 1746.00
2025-04-08 16:09:07,445 - DEBUG - AGV分配局部搜索成功！完工时间从 1746.00 降低到 1738.00，改进: 8.00 (0.46%)
2025-04-08 16:09:07,447 - DEBUG - 执行AGV分配局部搜索，当前完工时间: 1754.00
2025-04-08 16:09:07,452 - DEBUG - 局部搜索未能改进当前解
2025-04-08 16:09:07,455 - DEBUG - 执行AGV分配局部搜索，当前完工时间: 1764.00
2025-04-08 16:09:07,459 - DEBUG - 局部搜索未能改进当前解
2025-04-08 16:09:07,462 - DEBUG - 执行AGV分配局部搜索，当前完工时间: 1873.00
2025-04-08 16:09:07,467 - DEBUG - 局部搜索未能改进当前解
2025-04-08 16:09:07,471 - DEBUG - 执行AGV分配局部搜索，当前完工时间: 1778.00
2025-04-08 16:09:07,475 - DEBUG - 局部搜索未能改进当前解
2025-04-08 16:09:07,479 - DEBUG - 执行AGV分配局部搜索，当前完工时间: 1769.00
2025-04-08 16:09:07,482 - DEBUG - AGV分配局部搜索成功！完工时间从 1769.00 降低到 1763.00，改进: 6.00 (0.34%)
2025-04-08 16:09:07,485 - DEBUG - 执行AGV分配局部搜索，当前完工时间: 1770.00
2025-04-08 16:09:07,489 - DEBUG - 局部搜索未能改进当前解
2025-04-08 16:09:07,494 - DEBUG - 执行AGV分配局部搜索，当前完工时间: 1724.00
2025-04-08 16:09:07,497 - DEBUG - 局部搜索未能改进当前解
2025-04-08 16:09:07,502 - DEBUG - 执行AGV分配局部搜索，当前完工时间: 1739.00
2025-04-08 16:09:07,505 - DEBUG - 局部搜索未能改进当前解
2025-04-08 16:09:07,508 - DEBUG - 执行AGV分配局部搜索，当前完工时间: 1756.00
2025-04-08 16:09:07,513 - DEBUG - 局部搜索未能改进当前解
2025-04-08 16:09:07,517 - DEBUG - 执行AGV分配局部搜索，当前完工时间: 1855.00
2025-04-08 16:09:07,520 - DEBUG - 局部搜索未能改进当前解
2025-04-08 16:09:07,524 - DEBUG - 执行AGV分配局部搜索，当前完工时间: 1780.00
2025-04-08 16:09:07,528 - DEBUG - AGV分配局部搜索成功！完工时间从 1780.00 降低到 1768.00，改进: 12.00 (0.67%)
2025-04-08 16:09:07,532 - DEBUG - 执行AGV分配局部搜索，当前完工时间: 1789.00
2025-04-08 16:09:07,535 - DEBUG - 局部搜索未能改进当前解
2025-04-08 16:09:07,540 - DEBUG - 执行AGV分配局部搜索，当前完工时间: 1805.00
2025-04-08 16:09:07,543 - DEBUG - 局部搜索未能改进当前解
2025-04-08 16:09:07,547 - DEBUG - 执行AGV分配局部搜索，当前完工时间: 1750.00
2025-04-08 16:09:07,550 - DEBUG - 局部搜索未能改进当前解
2025-04-08 16:09:07,555 - DEBUG - 执行AGV分配局部搜索，当前完工时间: 1785.00
2025-04-08 16:09:07,557 - DEBUG - 局部搜索未能改进当前解
2025-04-08 16:09:07,562 - DEBUG - 执行AGV分配局部搜索，当前完工时间: 1871.00
2025-04-08 16:09:07,565 - DEBUG - AGV分配局部搜索成功！完工时间从 1871.00 降低到 1796.00，改进: 75.00 (4.01%)
2025-04-08 16:09:07,570 - DEBUG - 执行AGV分配局部搜索，当前完工时间: 1767.00
2025-04-08 16:09:07,573 - DEBUG - 局部搜索未能改进当前解
2025-04-08 16:09:07,577 - DEBUG - 执行AGV分配局部搜索，当前完工时间: 1835.00
2025-04-08 16:09:07,581 - DEBUG - 局部搜索未能改进当前解
2025-04-08 16:09:07,584 - DEBUG - 执行AGV分配局部搜索，当前完工时间: 1912.00
2025-04-08 16:09:07,587 - DEBUG - 局部搜索未能改进当前解
2025-04-08 16:09:07,592 - DEBUG - 执行AGV分配局部搜索，当前完工时间: 1829.00
2025-04-08 16:09:07,596 - DEBUG - 局部搜索未能改进当前解
2025-04-08 16:09:07,599 - DEBUG - 执行AGV分配局部搜索，当前完工时间: 1815.00
2025-04-08 16:09:07,603 - DEBUG - 局部搜索未能改进当前解
2025-04-08 16:09:07,607 - DEBUG - 执行AGV分配局部搜索，当前完工时间: 1788.00
2025-04-08 16:09:07,610 - DEBUG - 局部搜索未能改进当前解
2025-04-08 16:09:07,615 - DEBUG - 执行AGV分配局部搜索，当前完工时间: 1734.00
2025-04-08 16:09:07,618 - DEBUG - 局部搜索未能改进当前解
2025-04-08 16:09:07,623 - DEBUG - 执行AGV分配局部搜索，当前完工时间: 1739.00
2025-04-08 16:09:07,626 - DEBUG - 局部搜索未能改进当前解
2025-04-08 16:09:07,630 - DEBUG - 执行AGV分配局部搜索，当前完工时间: 1770.00
2025-04-08 16:09:07,633 - DEBUG - 局部搜索未能改进当前解
2025-04-08 16:09:07,637 - DEBUG - 执行AGV分配局部搜索，当前完工时间: 1857.00
2025-04-08 16:09:07,640 - DEBUG - 局部搜索未能改进当前解
2025-04-08 16:09:07,644 - DEBUG - 执行AGV分配局部搜索，当前完工时间: 1812.00
2025-04-08 16:09:07,647 - DEBUG - AGV分配局部搜索成功！完工时间从 1812.00 降低到 1806.00，改进: 6.00 (0.33%)
2025-04-08 16:09:07,652 - DEBUG - 执行AGV分配局部搜索，当前完工时间: 1761.00
2025-04-08 16:09:07,656 - DEBUG - 局部搜索未能改进当前解
2025-04-08 16:09:07,659 - DEBUG - 执行AGV分配局部搜索，当前完工时间: 1888.00
2025-04-08 16:09:07,662 - DEBUG - 局部搜索未能改进当前解
2025-04-08 16:09:07,667 - DEBUG - 执行AGV分配局部搜索，当前完工时间: 1789.00
2025-04-08 16:09:07,671 - DEBUG - 局部搜索未能改进当前解
2025-04-08 16:09:07,674 - DEBUG - 执行AGV分配局部搜索，当前完工时间: 1785.00
2025-04-08 16:09:07,678 - DEBUG - 局部搜索未能改进当前解
2025-04-08 16:09:07,682 - DEBUG - 执行AGV分配局部搜索，当前完工时间: 1903.00
2025-04-08 16:09:07,685 - DEBUG - 局部搜索未能改进当前解
2025-04-08 16:09:07,690 - DEBUG - 执行AGV分配局部搜索，当前完工时间: 1882.00
2025-04-08 16:09:07,693 - DEBUG - 局部搜索未能改进当前解
2025-04-08 16:09:07,696 - DEBUG - 执行AGV分配局部搜索，当前完工时间: 1798.00
2025-04-08 16:09:07,701 - DEBUG - 局部搜索未能改进当前解
2025-04-08 16:09:07,707 - DEBUG - 执行AGV分配局部搜索，当前完工时间: 1786.00
2025-04-08 16:09:07,710 - DEBUG - 局部搜索未能改进当前解
2025-04-08 16:09:07,714 - DEBUG - 执行AGV分配局部搜索，当前完工时间: 1786.00
2025-04-08 16:09:07,718 - DEBUG - AGV分配局部搜索成功！完工时间从 1786.00 降低到 1772.00，改进: 14.00 (0.78%)
2025-04-08 16:09:07,722 - DEBUG - 执行AGV分配局部搜索，当前完工时间: 1734.00
2025-04-08 16:09:07,725 - DEBUG - 局部搜索未能改进当前解
2025-04-08 16:09:07,730 - DEBUG - 执行AGV分配局部搜索，当前完工时间: 1799.00
2025-04-08 16:09:07,734 - DEBUG - 局部搜索未能改进当前解
2025-04-08 16:09:07,737 - DEBUG - 执行AGV分配局部搜索，当前完工时间: 1873.00
2025-04-08 16:09:07,741 - DEBUG - 局部搜索未能改进当前解
2025-04-08 16:09:07,744 - DEBUG - 执行AGV分配局部搜索，当前完工时间: 1740.00
2025-04-08 16:09:07,749 - DEBUG - 局部搜索未能改进当前解
2025-04-08 16:09:07,752 - DEBUG - 执行AGV分配局部搜索，当前完工时间: 1753.00
2025-04-08 16:09:07,756 - DEBUG - 局部搜索未能改进当前解
2025-04-08 16:09:07,760 - DEBUG - 执行AGV分配局部搜索，当前完工时间: 1756.00
2025-04-08 16:09:07,764 - DEBUG - 局部搜索未能改进当前解
2025-04-08 16:09:07,768 - DEBUG - 执行AGV分配局部搜索，当前完工时间: 1768.00
2025-04-08 16:09:07,770 - DEBUG - 局部搜索未能改进当前解
2025-04-08 16:09:07,775 - DEBUG - 执行AGV分配局部搜索，当前完工时间: 1761.00
2025-04-08 16:09:07,779 - DEBUG - AGV分配局部搜索成功！完工时间从 1761.00 降低到 1760.00，改进: 1.00 (0.06%)
2025-04-08 16:09:07,783 - DEBUG - 执行AGV分配局部搜索，当前完工时间: 1807.00
2025-04-08 16:09:07,786 - DEBUG - 局部搜索未能改进当前解
2025-04-08 16:09:07,789 - DEBUG - 执行AGV分配局部搜索，当前完工时间: 1778.00
2025-04-08 16:09:07,793 - DEBUG - 局部搜索未能改进当前解
2025-04-08 16:09:07,798 - DEBUG - 执行AGV分配局部搜索，当前完工时间: 1772.00
2025-04-08 16:09:07,800 - DEBUG - 局部搜索未能改进当前解
2025-04-08 16:09:07,804 - DEBUG - 执行AGV分配局部搜索，当前完工时间: 1826.00
2025-04-08 16:09:07,809 - DEBUG - 局部搜索未能改进当前解
2025-04-08 16:09:07,812 - DEBUG - 执行AGV分配局部搜索，当前完工时间: 1862.00
2025-04-08 16:09:07,816 - DEBUG - 局部搜索未能改进当前解
2025-04-08 16:09:07,820 - DEBUG - 执行AGV分配局部搜索，当前完工时间: 1854.00
2025-04-08 16:09:07,823 - DEBUG - 局部搜索未能改进当前解
2025-04-08 16:09:07,827 - DEBUG - 执行AGV分配局部搜索，当前完工时间: 1773.00
2025-04-08 16:09:07,831 - DEBUG - 局部搜索未能改进当前解
2025-04-08 16:09:07,834 - DEBUG - 执行AGV分配局部搜索，当前完工时间: 1782.00
2025-04-08 16:09:07,837 - DEBUG - 局部搜索未能改进当前解
2025-04-08 16:09:07,842 - DEBUG - 执行AGV分配局部搜索，当前完工时间: 1767.00
2025-04-08 16:09:07,845 - DEBUG - 局部搜索未能改进当前解
2025-04-08 16:09:07,849 - DEBUG - 执行AGV分配局部搜索，当前完工时间: 1869.00
2025-04-08 16:09:07,853 - DEBUG - AGV分配局部搜索成功！完工时间从 1869.00 降低到 1817.00，改进: 52.00 (2.78%)
2025-04-08 16:09:07,857 - DEBUG - 执行AGV分配局部搜索，当前完工时间: 1809.00
2025-04-08 16:09:07,860 - DEBUG - AGV分配局部搜索成功！完工时间从 1809.00 降低到 1803.00，改进: 6.00 (0.33%)
2025-04-08 16:09:07,865 - DEBUG - 执行AGV分配局部搜索，当前完工时间: 1798.00
2025-04-08 16:09:07,868 - DEBUG - 局部搜索未能改进当前解
2025-04-08 16:09:07,873 - DEBUG - 执行AGV分配局部搜索，当前完工时间: 1832.00
2025-04-08 16:09:07,876 - DEBUG - 局部搜索未能改进当前解
2025-04-08 16:09:07,881 - DEBUG - 执行AGV分配局部搜索，当前完工时间: 1741.00
2025-04-08 16:09:07,884 - DEBUG - 局部搜索未能改进当前解
2025-04-08 16:09:07,888 - DEBUG - 执行AGV分配局部搜索，当前完工时间: 1766.00
2025-04-08 16:09:07,891 - DEBUG - 局部搜索未能改进当前解
2025-04-08 16:09:07,895 - DEBUG - 执行AGV分配局部搜索，当前完工时间: 1814.00
2025-04-08 16:09:07,897 - DEBUG - 局部搜索未能改进当前解
2025-04-08 16:09:07,902 - DEBUG - 执行AGV分配局部搜索，当前完工时间: 1775.00
2025-04-08 16:09:07,906 - DEBUG - 局部搜索未能改进当前解
2025-04-08 16:09:07,909 - DEBUG - 执行AGV分配局部搜索，当前完工时间: 1788.00
2025-04-08 16:09:07,912 - DEBUG - 局部搜索未能改进当前解
2025-04-08 16:09:07,917 - DEBUG - 执行AGV分配局部搜索，当前完工时间: 1944.00
2025-04-08 16:09:07,921 - DEBUG - 局部搜索未能改进当前解
2025-04-08 16:09:07,924 - DEBUG - 执行AGV分配局部搜索，当前完工时间: 1792.00
2025-04-08 16:09:07,928 - DEBUG - 局部搜索未能改进当前解
2025-04-08 16:09:07,932 - DEBUG - 执行AGV分配局部搜索，当前完工时间: 1875.00
2025-04-08 16:09:07,935 - DEBUG - 局部搜索未能改进当前解
2025-04-08 16:09:07,938 - DEBUG - 执行AGV分配局部搜索，当前完工时间: 1738.00
2025-04-08 16:09:07,943 - DEBUG - 局部搜索未能改进当前解
2025-04-08 16:09:07,947 - DEBUG - 执行AGV分配局部搜索，当前完工时间: 1755.00
2025-04-08 16:09:07,951 - DEBUG - 局部搜索未能改进当前解
2025-04-08 16:09:07,955 - DEBUG - 执行AGV分配局部搜索，当前完工时间: 1804.00
2025-04-08 16:09:07,958 - DEBUG - 局部搜索未能改进当前解
2025-04-08 16:09:07,962 - DEBUG - 执行AGV分配局部搜索，当前完工时间: 1728.00
2025-04-08 16:09:07,965 - DEBUG - 局部搜索未能改进当前解
2025-04-08 16:09:07,969 - DEBUG - 执行AGV分配局部搜索，当前完工时间: 1862.00
2025-04-08 16:09:07,972 - DEBUG - 局部搜索未能改进当前解
2025-04-08 16:09:07,977 - DEBUG - 执行AGV分配局部搜索，当前完工时间: 1823.00
2025-04-08 16:09:07,981 - DEBUG - 局部搜索未能改进当前解
2025-04-08 16:09:07,985 - DEBUG - 执行AGV分配局部搜索，当前完工时间: 1815.00
2025-04-08 16:09:07,988 - DEBUG - 局部搜索未能改进当前解
2025-04-08 16:09:07,992 - DEBUG - 执行AGV分配局部搜索，当前完工时间: 1808.00
2025-04-08 16:09:07,997 - DEBUG - 局部搜索未能改进当前解
2025-04-08 16:09:08,001 - DEBUG - 执行AGV分配局部搜索，当前完工时间: 1763.00
2025-04-08 16:09:08,005 - DEBUG - 局部搜索未能改进当前解
2025-04-08 16:09:08,009 - DEBUG - 执行AGV分配局部搜索，当前完工时间: 1737.00
2025-04-08 16:09:08,012 - DEBUG - 局部搜索未能改进当前解
2025-04-08 16:09:08,015 - DEBUG - 执行AGV分配局部搜索，当前完工时间: 1841.00
2025-04-08 16:09:08,019 - DEBUG - AGV分配局部搜索成功！完工时间从 1841.00 降低到 1819.00，改进: 22.00 (1.20%)
2025-04-08 16:09:08,022 - DEBUG - 执行AGV分配局部搜索，当前完工时间: 1773.00
2025-04-08 16:09:08,027 - DEBUG - 局部搜索未能改进当前解
2025-04-08 16:09:08,030 - DEBUG - 执行AGV分配局部搜索，当前完工时间: 1748.00
2025-04-08 16:09:08,033 - DEBUG - 局部搜索未能改进当前解
2025-04-08 16:09:08,037 - DEBUG - 执行AGV分配局部搜索，当前完工时间: 1818.00
2025-04-08 16:09:08,041 - DEBUG - AGV分配局部搜索成功！完工时间从 1818.00 降低到 1797.00，改进: 21.00 (1.16%)
2025-04-08 16:09:08,045 - DEBUG - 执行AGV分配局部搜索，当前完工时间: 1773.00
2025-04-08 16:09:08,050 - DEBUG - 局部搜索未能改进当前解
2025-04-08 16:09:08,053 - DEBUG - 执行AGV分配局部搜索，当前完工时间: 1893.00
2025-04-08 16:09:08,057 - DEBUG - 局部搜索未能改进当前解
2025-04-08 16:09:08,061 - DEBUG - 执行AGV分配局部搜索，当前完工时间: 1796.00
2025-04-08 16:09:08,065 - DEBUG - 局部搜索未能改进当前解
2025-04-08 16:09:08,068 - DEBUG - 执行AGV分配局部搜索，当前完工时间: 1815.00
2025-04-08 16:09:08,071 - DEBUG - 局部搜索未能改进当前解
2025-04-08 16:09:08,076 - DEBUG - 执行AGV分配局部搜索，当前完工时间: 1805.00
2025-04-08 16:09:08,079 - DEBUG - 局部搜索未能改进当前解
2025-04-08 16:09:08,083 - DEBUG - 执行AGV分配局部搜索，当前完工时间: 1799.00
2025-04-08 16:09:08,086 - DEBUG - 局部搜索未能改进当前解
2025-04-08 16:09:08,090 - DEBUG - 执行AGV分配局部搜索，当前完工时间: 1851.00
2025-04-08 16:09:08,094 - DEBUG - 局部搜索未能改进当前解
2025-04-08 16:09:08,097 - DEBUG - 执行AGV分配局部搜索，当前完工时间: 1789.00
2025-04-08 16:09:08,101 - DEBUG - 局部搜索未能改进当前解
2025-04-08 16:09:08,105 - DEBUG - 执行AGV分配局部搜索，当前完工时间: 1860.00
2025-04-08 16:09:08,108 - DEBUG - 局部搜索未能改进当前解
2025-04-08 16:09:08,112 - DEBUG - 执行AGV分配局部搜索，当前完工时间: 1803.00
2025-04-08 16:09:08,115 - DEBUG - 局部搜索未能改进当前解
2025-04-08 16:09:08,115 - DEBUG - ==================================================
2025-04-08 16:09:08,115 - DEBUG - Efficiency Statistics of Local Search :
2025-04-08 16:09:08,115 - DEBUG - Number of attempts: 99
2025-04-08 16:09:08,115 - DEBUG - Average Success Rate: 13.13%
2025-04-08 16:09:08,115 - DEBUG - AGV Local Search Success: 13，Average Improvement: 24.69
2025-04-08 16:09:08,120 - DEBUG - 执行AGV分配局部搜索，当前完工时间: 1752.00
2025-04-08 16:09:08,123 - DEBUG - 局部搜索未能改进当前解
2025-04-08 16:09:08,127 - DEBUG - 执行AGV分配局部搜索，当前完工时间: 1734.00
2025-04-08 16:09:08,130 - DEBUG - 局部搜索未能改进当前解
2025-04-08 16:09:08,134 - DEBUG - 执行AGV分配局部搜索，当前完工时间: 1886.00
2025-04-08 16:09:08,139 - DEBUG - 局部搜索未能改进当前解
2025-04-08 16:09:08,145 - DEBUG - 执行AGV分配局部搜索，当前完工时间: 1803.00
2025-04-08 16:09:08,149 - DEBUG - 局部搜索未能改进当前解
2025-04-08 16:09:08,153 - DEBUG - 执行AGV分配局部搜索，当前完工时间: 1799.00
2025-04-08 16:09:08,157 - DEBUG - 局部搜索未能改进当前解
2025-04-08 16:09:08,161 - DEBUG - 执行AGV分配局部搜索，当前完工时间: 1766.00
2025-04-08 16:09:08,164 - DEBUG - 局部搜索未能改进当前解
2025-04-08 16:09:08,168 - DEBUG - 执行AGV分配局部搜索，当前完工时间: 1899.00
2025-04-08 16:09:08,172 - DEBUG - 局部搜索未能改进当前解
2025-04-08 16:09:08,175 - DEBUG - 执行AGV分配局部搜索，当前完工时间: 1839.00
2025-04-08 16:09:08,179 - DEBUG - 局部搜索未能改进当前解
2025-04-08 16:09:08,183 - DEBUG - 执行AGV分配局部搜索，当前完工时间: 1731.00
2025-04-08 16:09:08,187 - DEBUG - 局部搜索未能改进当前解
2025-04-08 16:09:08,191 - DEBUG - 执行AGV分配局部搜索，当前完工时间: 1799.00
2025-04-08 16:09:08,194 - DEBUG - 局部搜索未能改进当前解
2025-04-08 16:09:08,199 - DEBUG - 执行AGV分配局部搜索，当前完工时间: 1737.00
2025-04-08 16:09:08,202 - DEBUG - 局部搜索未能改进当前解
2025-04-08 16:09:08,206 - DEBUG - 执行AGV分配局部搜索，当前完工时间: 1748.00
2025-04-08 16:09:08,209 - DEBUG - 局部搜索未能改进当前解
2025-04-08 16:09:08,214 - DEBUG - 执行AGV分配局部搜索，当前完工时间: 1754.00
2025-04-08 16:09:08,216 - DEBUG - 局部搜索未能改进当前解
2025-04-08 16:09:08,222 - DEBUG - 执行AGV分配局部搜索，当前完工时间: 1832.00
2025-04-08 16:09:08,225 - DEBUG - 局部搜索未能改进当前解
2025-04-08 16:09:08,229 - DEBUG - 执行AGV分配局部搜索，当前完工时间: 1753.00
2025-04-08 16:09:08,233 - DEBUG - 局部搜索未能改进当前解
2025-04-08 16:09:08,237 - DEBUG - 执行AGV分配局部搜索，当前完工时间: 1771.00
2025-04-08 16:09:08,241 - DEBUG - 局部搜索未能改进当前解
2025-04-08 16:09:08,245 - DEBUG - 执行AGV分配局部搜索，当前完工时间: 1928.00
2025-04-08 16:09:08,248 - DEBUG - 局部搜索未能改进当前解
2025-04-08 16:09:08,252 - DEBUG - 执行AGV分配局部搜索，当前完工时间: 1905.00
2025-04-08 16:09:08,256 - DEBUG - 局部搜索未能改进当前解
2025-04-08 16:09:08,260 - DEBUG - 执行AGV分配局部搜索，当前完工时间: 1802.00
2025-04-08 16:09:08,264 - DEBUG - 局部搜索未能改进当前解
2025-04-08 16:09:08,268 - DEBUG - 执行AGV分配局部搜索，当前完工时间: 1731.00
2025-04-08 16:09:08,271 - DEBUG - 局部搜索未能改进当前解
2025-04-08 16:09:08,275 - DEBUG - 执行AGV分配局部搜索，当前完工时间: 1768.00
2025-04-08 16:09:08,279 - DEBUG - 局部搜索未能改进当前解
2025-04-08 16:09:08,283 - DEBUG - 执行AGV分配局部搜索，当前完工时间: 1825.00
2025-04-08 16:09:08,286 - DEBUG - 局部搜索未能改进当前解
2025-04-08 16:09:08,290 - DEBUG - 执行AGV分配局部搜索，当前完工时间: 1806.00
2025-04-08 16:09:08,294 - DEBUG - 局部搜索未能改进当前解
2025-04-08 16:09:08,297 - DEBUG - 执行AGV分配局部搜索，当前完工时间: 1728.00
2025-04-08 16:09:08,301 - DEBUG - 局部搜索未能改进当前解
2025-04-08 16:09:08,305 - DEBUG - 执行AGV分配局部搜索，当前完工时间: 1809.00
2025-04-08 16:09:08,308 - DEBUG - 局部搜索未能改进当前解
2025-04-08 16:09:08,312 - DEBUG - 执行AGV分配局部搜索，当前完工时间: 1841.00
2025-04-08 16:09:08,315 - DEBUG - 局部搜索未能改进当前解
2025-04-08 16:09:08,319 - DEBUG - 执行AGV分配局部搜索，当前完工时间: 1885.00
2025-04-08 16:09:08,324 - DEBUG - 局部搜索未能改进当前解
2025-04-08 16:09:08,326 - DEBUG - 执行AGV分配局部搜索，当前完工时间: 1773.00
2025-04-08 16:09:08,332 - DEBUG - AGV分配局部搜索成功！完工时间从 1773.00 降低到 1764.00，改进: 9.00 (0.51%)
2025-04-08 16:09:08,335 - DEBUG - 执行AGV分配局部搜索，当前完工时间: 1817.00
2025-04-08 16:09:08,339 - DEBUG - 局部搜索未能改进当前解
2025-04-08 16:09:08,342 - DEBUG - 执行AGV分配局部搜索，当前完工时间: 1797.00
2025-04-08 16:09:08,347 - DEBUG - 局部搜索未能改进当前解
2025-04-08 16:09:08,350 - DEBUG - 执行AGV分配局部搜索，当前完工时间: 1839.00
2025-04-08 16:09:08,353 - DEBUG - 局部搜索未能改进当前解
2025-04-08 16:09:08,357 - DEBUG - 执行AGV分配局部搜索，当前完工时间: 1794.00
2025-04-08 16:09:08,361 - DEBUG - 局部搜索未能改进当前解
2025-04-08 16:09:08,366 - DEBUG - 执行AGV分配局部搜索，当前完工时间: 1770.00
2025-04-08 16:09:08,368 - DEBUG - 局部搜索未能改进当前解
2025-04-08 16:09:08,373 - DEBUG - 执行AGV分配局部搜索，当前完工时间: 1869.00
2025-04-08 16:09:08,377 - DEBUG - 局部搜索未能改进当前解
2025-04-08 16:09:08,380 - DEBUG - 执行AGV分配局部搜索，当前完工时间: 1798.00
2025-04-08 16:09:08,384 - DEBUG - 局部搜索未能改进当前解
2025-04-08 16:09:08,387 - DEBUG - 执行AGV分配局部搜索，当前完工时间: 1772.00
2025-04-08 16:09:08,391 - DEBUG - 局部搜索未能改进当前解
2025-04-08 16:09:08,395 - DEBUG - 执行AGV分配局部搜索，当前完工时间: 1802.00
2025-04-08 16:09:08,399 - DEBUG - 局部搜索未能改进当前解
2025-04-08 16:09:08,402 - DEBUG - 执行AGV分配局部搜索，当前完工时间: 1768.00
2025-04-08 16:09:08,406 - DEBUG - 局部搜索未能改进当前解
2025-04-08 16:09:08,410 - DEBUG - 执行AGV分配局部搜索，当前完工时间: 1737.00
2025-04-08 16:09:08,412 - DEBUG - 局部搜索未能改进当前解
2025-04-08 16:09:08,417 - DEBUG - 执行AGV分配局部搜索，当前完工时间: 1872.00
2025-04-08 16:09:08,420 - DEBUG - 局部搜索未能改进当前解
2025-04-08 16:09:08,424 - DEBUG - 执行AGV分配局部搜索，当前完工时间: 1750.00
2025-04-08 16:09:08,428 - DEBUG - 局部搜索未能改进当前解
2025-04-08 16:09:08,432 - DEBUG - 执行AGV分配局部搜索，当前完工时间: 1781.00
2025-04-08 16:09:08,436 - DEBUG - 局部搜索未能改进当前解
2025-04-08 16:09:08,441 - DEBUG - 执行AGV分配局部搜索，当前完工时间: 1798.00
2025-04-08 16:09:08,444 - DEBUG - 局部搜索未能改进当前解
2025-04-08 16:09:08,447 - DEBUG - 执行AGV分配局部搜索，当前完工时间: 1875.00
2025-04-08 16:09:08,452 - DEBUG - AGV分配局部搜索成功！完工时间从 1875.00 降低到 1872.00，改进: 3.00 (0.16%)
2025-04-08 16:09:08,456 - DEBUG - 执行AGV分配局部搜索，当前完工时间: 1774.00
2025-04-08 16:09:08,459 - DEBUG - 局部搜索未能改进当前解
2025-04-08 16:09:08,463 - DEBUG - 执行AGV分配局部搜索，当前完工时间: 1785.00
2025-04-08 16:09:08,467 - DEBUG - 局部搜索未能改进当前解
2025-04-08 16:09:08,471 - DEBUG - 执行AGV分配局部搜索，当前完工时间: 1829.00
2025-04-08 16:09:08,474 - DEBUG - 局部搜索未能改进当前解
2025-04-08 16:09:08,478 - DEBUG - 执行AGV分配局部搜索，当前完工时间: 1845.00
2025-04-08 16:09:08,482 - DEBUG - 局部搜索未能改进当前解
2025-04-08 16:09:08,487 - DEBUG - 执行AGV分配局部搜索，当前完工时间: 1780.00
2025-04-08 16:09:08,490 - DEBUG - 局部搜索未能改进当前解
2025-04-08 16:09:08,494 - DEBUG - 执行AGV分配局部搜索，当前完工时间: 1856.00
2025-04-08 16:09:08,497 - DEBUG - 局部搜索未能改进当前解
2025-04-08 16:09:08,502 - DEBUG - 执行AGV分配局部搜索，当前完工时间: 1738.00
2025-04-08 16:09:08,505 - DEBUG - 局部搜索未能改进当前解
2025-04-08 16:09:08,509 - DEBUG - 执行AGV分配局部搜索，当前完工时间: 1764.00
2025-04-08 16:09:08,512 - DEBUG - 局部搜索未能改进当前解
2025-04-08 16:09:08,516 - DEBUG - 执行AGV分配局部搜索，当前完工时间: 1774.00
2025-04-08 16:09:08,520 - DEBUG - 局部搜索未能改进当前解
2025-04-08 16:09:08,523 - DEBUG - 执行AGV分配局部搜索，当前完工时间: 1759.00
2025-04-08 16:09:08,528 - DEBUG - 局部搜索未能改进当前解
2025-04-08 16:09:08,531 - DEBUG - 执行AGV分配局部搜索，当前完工时间: 1748.00
2025-04-08 16:09:08,534 - DEBUG - 局部搜索未能改进当前解
2025-04-08 16:09:08,539 - DEBUG - 执行AGV分配局部搜索，当前完工时间: 1780.00
2025-04-08 16:09:08,542 - DEBUG - 局部搜索未能改进当前解
2025-04-08 16:09:08,547 - DEBUG - 执行AGV分配局部搜索，当前完工时间: 1813.00
2025-04-08 16:09:08,551 - DEBUG - 局部搜索未能改进当前解
2025-04-08 16:09:08,554 - DEBUG - 执行AGV分配局部搜索，当前完工时间: 1875.00
2025-04-08 16:09:08,557 - DEBUG - 局部搜索未能改进当前解
2025-04-08 16:09:08,561 - DEBUG - 执行AGV分配局部搜索，当前完工时间: 1840.00
2025-04-08 16:09:08,566 - DEBUG - 局部搜索未能改进当前解
2025-04-08 16:09:08,569 - DEBUG - 执行AGV分配局部搜索，当前完工时间: 1771.00
2025-04-08 16:09:08,572 - DEBUG - 局部搜索未能改进当前解
2025-04-08 16:09:08,577 - DEBUG - 执行AGV分配局部搜索，当前完工时间: 1776.00
2025-04-08 16:09:08,581 - DEBUG - 局部搜索未能改进当前解
2025-04-08 16:09:08,585 - DEBUG - 执行AGV分配局部搜索，当前完工时间: 1808.00
2025-04-08 16:09:08,588 - DEBUG - 局部搜索未能改进当前解
2025-04-08 16:09:08,592 - DEBUG - 执行AGV分配局部搜索，当前完工时间: 1783.00
2025-04-08 16:09:08,596 - DEBUG - AGV分配局部搜索成功！完工时间从 1783.00 降低到 1779.00，改进: 4.00 (0.22%)
2025-04-08 16:09:08,599 - DEBUG - 执行AGV分配局部搜索，当前完工时间: 1738.00
2025-04-08 16:09:08,602 - DEBUG - 局部搜索未能改进当前解
2025-04-08 16:09:08,606 - DEBUG - 执行AGV分配局部搜索，当前完工时间: 1774.00
2025-04-08 16:09:08,609 - DEBUG - 局部搜索未能改进当前解
2025-04-08 16:09:08,613 - DEBUG - 执行AGV分配局部搜索，当前完工时间: 1818.00
2025-04-08 16:09:08,617 - DEBUG - 局部搜索未能改进当前解
2025-04-08 16:09:08,621 - DEBUG - 执行AGV分配局部搜索，当前完工时间: 1732.00
2025-04-08 16:09:08,625 - DEBUG - 局部搜索未能改进当前解
2025-04-08 16:09:08,628 - DEBUG - 执行AGV分配局部搜索，当前完工时间: 1825.00
2025-04-08 16:09:08,632 - DEBUG - 局部搜索未能改进当前解
2025-04-08 16:09:08,636 - DEBUG - 执行AGV分配局部搜索，当前完工时间: 1887.00
2025-04-08 16:09:08,640 - DEBUG - AGV分配局部搜索成功！完工时间从 1887.00 降低到 1870.00，改进: 17.00 (0.90%)
2025-04-08 16:09:08,644 - DEBUG - 执行AGV分配局部搜索，当前完工时间: 1820.00
2025-04-08 16:09:08,647 - DEBUG - 局部搜索未能改进当前解
2025-04-08 16:09:08,651 - DEBUG - 执行AGV分配局部搜索，当前完工时间: 1748.00
2025-04-08 16:09:08,655 - DEBUG - 局部搜索未能改进当前解
2025-04-08 16:09:08,658 - DEBUG - 执行AGV分配局部搜索，当前完工时间: 1792.00
2025-04-08 16:09:08,663 - DEBUG - 局部搜索未能改进当前解
2025-04-08 16:09:08,666 - DEBUG - 执行AGV分配局部搜索，当前完工时间: 1800.00
2025-04-08 16:09:08,671 - DEBUG - 局部搜索未能改进当前解
2025-04-08 16:09:08,674 - DEBUG - 执行AGV分配局部搜索，当前完工时间: 1881.00
2025-04-08 16:09:08,678 - DEBUG - 局部搜索未能改进当前解
2025-04-08 16:09:08,682 - DEBUG - 执行AGV分配局部搜索，当前完工时间: 1756.00
2025-04-08 16:09:08,686 - DEBUG - 局部搜索未能改进当前解
2025-04-08 16:09:08,690 - DEBUG - 执行AGV分配局部搜索，当前完工时间: 1750.00
2025-04-08 16:09:08,693 - DEBUG - 局部搜索未能改进当前解
2025-04-08 16:09:08,697 - DEBUG - 执行AGV分配局部搜索，当前完工时间: 1794.00
2025-04-08 16:09:08,700 - DEBUG - 局部搜索未能改进当前解
2025-04-08 16:09:08,705 - DEBUG - 执行AGV分配局部搜索，当前完工时间: 1996.00
2025-04-08 16:09:08,709 - DEBUG - AGV分配局部搜索成功！完工时间从 1996.00 降低到 1983.00，改进: 13.00 (0.65%)
2025-04-08 16:09:08,712 - DEBUG - 执行AGV分配局部搜索，当前完工时间: 1828.00
2025-04-08 16:09:08,716 - DEBUG - AGV分配局部搜索成功！完工时间从 1828.00 降低到 1823.00，改进: 5.00 (0.27%)
2025-04-08 16:09:08,720 - DEBUG - 执行AGV分配局部搜索，当前完工时间: 1760.00
2025-04-08 16:09:08,724 - DEBUG - 局部搜索未能改进当前解
2025-04-08 16:09:08,726 - DEBUG - 执行AGV分配局部搜索，当前完工时间: 1781.00
2025-04-08 16:09:08,731 - DEBUG - 局部搜索未能改进当前解
2025-04-08 16:09:08,735 - DEBUG - 执行AGV分配局部搜索，当前完工时间: 1780.00
2025-04-08 16:09:08,738 - DEBUG - AGV分配局部搜索成功！完工时间从 1780.00 降低到 1772.00，改进: 8.00 (0.45%)
2025-04-08 16:09:08,743 - DEBUG - 执行AGV分配局部搜索，当前完工时间: 1806.00
2025-04-08 16:09:08,746 - DEBUG - 局部搜索未能改进当前解
2025-04-08 16:09:08,750 - DEBUG - 执行AGV分配局部搜索，当前完工时间: 1901.00
2025-04-08 16:09:08,754 - DEBUG - 局部搜索未能改进当前解
2025-04-08 16:09:08,757 - DEBUG - 执行AGV分配局部搜索，当前完工时间: 1903.00
2025-04-08 16:09:08,760 - DEBUG - 局部搜索未能改进当前解
2025-04-08 16:09:08,766 - DEBUG - 执行AGV分配局部搜索，当前完工时间: 1755.00
2025-04-08 16:09:08,769 - DEBUG - 局部搜索未能改进当前解
2025-04-08 16:09:08,774 - DEBUG - 执行AGV分配局部搜索，当前完工时间: 1762.00
2025-04-08 16:09:08,777 - DEBUG - 局部搜索未能改进当前解
2025-04-08 16:09:08,781 - DEBUG - 执行AGV分配局部搜索，当前完工时间: 1882.00
2025-04-08 16:09:08,785 - DEBUG - 局部搜索未能改进当前解
2025-04-08 16:09:08,789 - DEBUG - 执行AGV分配局部搜索，当前完工时间: 1818.00
2025-04-08 16:09:08,793 - DEBUG - AGV分配局部搜索成功！完工时间从 1818.00 降低到 1786.00，改进: 32.00 (1.76%)
2025-04-08 16:09:08,796 - DEBUG - 执行AGV分配局部搜索，当前完工时间: 1744.00
2025-04-08 16:09:08,800 - DEBUG - 局部搜索未能改进当前解
2025-04-08 16:09:08,804 - DEBUG - 执行AGV分配局部搜索，当前完工时间: 1760.00
2025-04-08 16:09:08,808 - DEBUG - 局部搜索未能改进当前解
2025-04-08 16:09:08,811 - DEBUG - 执行AGV分配局部搜索，当前完工时间: 1802.00
2025-04-08 16:09:08,815 - DEBUG - 局部搜索未能改进当前解
2025-04-08 16:09:08,819 - DEBUG - 执行AGV分配局部搜索，当前完工时间: 1858.00
2025-04-08 16:09:08,822 - DEBUG - AGV分配局部搜索成功！完工时间从 1858.00 降低到 1835.00，改进: 23.00 (1.24%)
2025-04-08 16:09:08,827 - DEBUG - 执行AGV分配局部搜索，当前完工时间: 1751.00
2025-04-08 16:09:08,830 - DEBUG - AGV分配局部搜索成功！完工时间从 1751.00 降低到 1737.00，改进: 14.00 (0.80%)
2025-04-08 16:09:08,834 - DEBUG - 执行AGV分配局部搜索，当前完工时间: 1735.00
2025-04-08 16:09:08,837 - DEBUG - 局部搜索未能改进当前解
2025-04-08 16:09:08,841 - DEBUG - 执行AGV分配局部搜索，当前完工时间: 1755.00
2025-04-08 16:09:08,844 - DEBUG - 局部搜索未能改进当前解
2025-04-08 16:09:08,849 - DEBUG - 执行AGV分配局部搜索，当前完工时间: 1772.00
2025-04-08 16:09:08,852 - DEBUG - 局部搜索未能改进当前解
2025-04-08 16:09:08,855 - DEBUG - 执行AGV分配局部搜索，当前完工时间: 1796.00
2025-04-08 16:09:08,859 - DEBUG - 局部搜索未能改进当前解
2025-04-08 16:09:08,863 - DEBUG - 执行AGV分配局部搜索，当前完工时间: 1789.00
2025-04-08 16:09:08,866 - DEBUG - 局部搜索未能改进当前解
2025-04-08 16:09:08,866 - DEBUG - ==================================================
2025-04-08 16:09:08,866 - DEBUG - Efficiency Statistics of Local Search :
2025-04-08 16:09:08,866 - DEBUG - Number of attempts: 99
2025-04-08 16:09:08,866 - DEBUG - Average Success Rate: 10.10%
2025-04-08 16:09:08,866 - DEBUG - AGV Local Search Success: 10，Average Improvement: 12.80
2025-04-08 16:09:08,871 - DEBUG - 执行AGV分配局部搜索，当前完工时间: 1770.00
2025-04-08 16:09:08,874 - DEBUG - 局部搜索未能改进当前解
2025-04-08 16:09:08,879 - DEBUG - 执行AGV分配局部搜索，当前完工时间: 1752.00
2025-04-08 16:09:08,883 - DEBUG - AGV分配局部搜索成功！完工时间从 1752.00 降低到 1724.00，改进: 28.00 (1.60%)
2025-04-08 16:09:08,887 - DEBUG - 执行AGV分配局部搜索，当前完工时间: 1786.00
2025-04-08 16:09:08,891 - DEBUG - 局部搜索未能改进当前解
2025-04-08 16:09:08,896 - DEBUG - 执行AGV分配局部搜索，当前完工时间: 1763.00
2025-04-08 16:09:08,900 - DEBUG - 局部搜索未能改进当前解
2025-04-08 16:09:08,904 - DEBUG - 执行AGV分配局部搜索，当前完工时间: 1776.00
2025-04-08 16:09:08,908 - DEBUG - 局部搜索未能改进当前解
2025-04-08 16:09:08,910 - DEBUG - 执行AGV分配局部搜索，当前完工时间: 1866.00
2025-04-08 16:09:08,914 - DEBUG - 局部搜索未能改进当前解
2025-04-08 16:09:08,919 - DEBUG - 执行AGV分配局部搜索，当前完工时间: 1810.00
2025-04-08 16:09:08,922 - DEBUG - 局部搜索未能改进当前解
2025-04-08 16:09:08,926 - DEBUG - 执行AGV分配局部搜索，当前完工时间: 2026.00
2025-04-08 16:09:08,930 - DEBUG - AGV分配局部搜索成功！完工时间从 2026.00 降低到 1998.00，改进: 28.00 (1.38%)
2025-04-08 16:09:08,934 - DEBUG - 执行AGV分配局部搜索，当前完工时间: 1886.00
2025-04-08 16:09:08,937 - DEBUG - AGV分配局部搜索成功！完工时间从 1886.00 降低到 1883.00，改进: 3.00 (0.16%)
2025-04-08 16:09:08,941 - DEBUG - 执行AGV分配局部搜索，当前完工时间: 1856.00
2025-04-08 16:09:08,945 - DEBUG - AGV分配局部搜索成功！完工时间从 1856.00 降低到 1827.00，改进: 29.00 (1.56%)
2025-04-08 16:09:08,949 - DEBUG - 执行AGV分配局部搜索，当前完工时间: 1738.00
2025-04-08 16:09:08,952 - DEBUG - 局部搜索未能改进当前解
2025-04-08 16:09:08,956 - DEBUG - 执行AGV分配局部搜索，当前完工时间: 1929.00
2025-04-08 16:09:08,960 - DEBUG - 局部搜索未能改进当前解
2025-04-08 16:09:08,963 - DEBUG - 执行AGV分配局部搜索，当前完工时间: 1795.00
2025-04-08 16:09:08,967 - DEBUG - 局部搜索未能改进当前解
2025-04-08 16:09:08,970 - DEBUG - 执行AGV分配局部搜索，当前完工时间: 1798.00
2025-04-08 16:09:08,975 - DEBUG - AGV分配局部搜索成功！完工时间从 1798.00 降低到 1787.00，改进: 11.00 (0.61%)
2025-04-08 16:09:08,978 - DEBUG - 执行AGV分配局部搜索，当前完工时间: 1899.00
2025-04-08 16:09:08,981 - DEBUG - 局部搜索未能改进当前解
2025-04-08 16:09:08,985 - DEBUG - 执行AGV分配局部搜索，当前完工时间: 1758.00
2025-04-08 16:09:08,989 - DEBUG - 局部搜索未能改进当前解
2025-04-08 16:09:08,992 - DEBUG - 执行AGV分配局部搜索，当前完工时间: 1754.00
2025-04-08 16:09:08,996 - DEBUG - 局部搜索未能改进当前解
2025-04-08 16:09:09,000 - DEBUG - 执行AGV分配局部搜索，当前完工时间: 1835.00
2025-04-08 16:09:09,004 - DEBUG - AGV分配局部搜索成功！完工时间从 1835.00 降低到 1826.00，改进: 9.00 (0.49%)
2025-04-08 16:09:09,008 - DEBUG - 执行AGV分配局部搜索，当前完工时间: 1764.00
2025-04-08 16:09:09,012 - DEBUG - 局部搜索未能改进当前解
2025-04-08 16:09:09,015 - DEBUG - 执行AGV分配局部搜索，当前完工时间: 1780.00
2025-04-08 16:09:09,019 - DEBUG - 局部搜索未能改进当前解
2025-04-08 16:09:09,023 - DEBUG - 执行AGV分配局部搜索，当前完工时间: 1772.00
2025-04-08 16:09:09,026 - DEBUG - 局部搜索未能改进当前解
2025-04-08 16:09:09,030 - DEBUG - 执行AGV分配局部搜索，当前完工时间: 1762.00
2025-04-08 16:09:09,034 - DEBUG - AGV分配局部搜索成功！完工时间从 1762.00 降低到 1759.00，改进: 3.00 (0.17%)
2025-04-08 16:09:09,038 - DEBUG - 执行AGV分配局部搜索，当前完工时间: 1863.00
2025-04-08 16:09:09,042 - DEBUG - 局部搜索未能改进当前解
2025-04-08 16:09:09,045 - DEBUG - 执行AGV分配局部搜索，当前完工时间: 1729.00
2025-04-08 16:09:09,049 - DEBUG - 局部搜索未能改进当前解
2025-04-08 16:09:09,053 - DEBUG - 执行AGV分配局部搜索，当前完工时间: 1842.00
2025-04-08 16:09:09,057 - DEBUG - 局部搜索未能改进当前解
2025-04-08 16:09:09,061 - DEBUG - 执行AGV分配局部搜索，当前完工时间: 1781.00
2025-04-08 16:09:09,064 - DEBUG - 局部搜索未能改进当前解
2025-04-08 16:09:09,068 - DEBUG - 执行AGV分配局部搜索，当前完工时间: 1932.00
2025-04-08 16:09:09,072 - DEBUG - 局部搜索未能改进当前解
2025-04-08 16:09:09,075 - DEBUG - 执行AGV分配局部搜索，当前完工时间: 1816.00
2025-04-08 16:09:09,080 - DEBUG - 局部搜索未能改进当前解
2025-04-08 16:09:09,084 - DEBUG - 执行AGV分配局部搜索，当前完工时间: 1924.00
2025-04-08 16:09:09,088 - DEBUG - 局部搜索未能改进当前解
2025-04-08 16:09:09,091 - DEBUG - 执行AGV分配局部搜索，当前完工时间: 1782.00
2025-04-08 16:09:09,095 - DEBUG - 局部搜索未能改进当前解
2025-04-08 16:09:09,098 - DEBUG - 执行AGV分配局部搜索，当前完工时间: 1881.00
2025-04-08 16:09:09,102 - DEBUG - 局部搜索未能改进当前解
2025-04-08 16:09:09,105 - DEBUG - 执行AGV分配局部搜索，当前完工时间: 1799.00
2025-04-08 16:09:09,110 - DEBUG - 局部搜索未能改进当前解
2025-04-08 16:09:09,114 - DEBUG - 执行AGV分配局部搜索，当前完工时间: 1767.00
2025-04-08 16:09:09,116 - DEBUG - 局部搜索未能改进当前解
2025-04-08 16:09:09,121 - DEBUG - 执行AGV分配局部搜索，当前完工时间: 1736.00
2025-04-08 16:09:09,125 - DEBUG - 局部搜索未能改进当前解
2025-04-08 16:09:09,128 - DEBUG - 执行AGV分配局部搜索，当前完工时间: 1822.00
2025-04-08 16:09:09,132 - DEBUG - 局部搜索未能改进当前解
2025-04-08 16:09:09,136 - DEBUG - 执行AGV分配局部搜索，当前完工时间: 1831.00
2025-04-08 16:09:09,141 - DEBUG - AGV分配局部搜索成功！完工时间从 1831.00 降低到 1811.00，改进: 20.00 (1.09%)
2025-04-08 16:09:09,145 - DEBUG - 执行AGV分配局部搜索，当前完工时间: 1774.00
2025-04-08 16:09:09,148 - DEBUG - AGV分配局部搜索成功！完工时间从 1774.00 降低到 1737.00，改进: 37.00 (2.09%)
2025-04-08 16:09:09,153 - DEBUG - 执行AGV分配局部搜索，当前完工时间: 1760.00
2025-04-08 16:09:09,156 - DEBUG - AGV分配局部搜索成功！完工时间从 1760.00 降低到 1750.00，改进: 10.00 (0.57%)
2025-04-08 16:09:09,160 - DEBUG - 执行AGV分配局部搜索，当前完工时间: 2053.00
2025-04-08 16:09:09,164 - DEBUG - 局部搜索未能改进当前解
2025-04-08 16:09:09,168 - DEBUG - 执行AGV分配局部搜索，当前完工时间: 1802.00
2025-04-08 16:09:09,170 - DEBUG - 局部搜索未能改进当前解
2025-04-08 16:09:09,174 - DEBUG - 执行AGV分配局部搜索，当前完工时间: 1701.00
2025-04-08 16:09:09,178 - DEBUG - 局部搜索未能改进当前解
2025-04-08 16:09:09,182 - DEBUG - 执行AGV分配局部搜索，当前完工时间: 1812.00
2025-04-08 16:09:09,185 - DEBUG - 局部搜索未能改进当前解
2025-04-08 16:09:09,189 - DEBUG - 执行AGV分配局部搜索，当前完工时间: 1768.00
2025-04-08 16:09:09,193 - DEBUG - 局部搜索未能改进当前解
2025-04-08 16:09:09,196 - DEBUG - 执行AGV分配局部搜索，当前完工时间: 1901.00
2025-04-08 16:09:09,200 - DEBUG - 局部搜索未能改进当前解
2025-04-08 16:09:09,204 - DEBUG - 执行AGV分配局部搜索，当前完工时间: 1796.00
2025-04-08 16:09:09,208 - DEBUG - 局部搜索未能改进当前解
2025-04-08 16:09:09,212 - DEBUG - 执行AGV分配局部搜索，当前完工时间: 1754.00
2025-04-08 16:09:09,215 - DEBUG - 局部搜索未能改进当前解
2025-04-08 16:09:09,218 - DEBUG - 执行AGV分配局部搜索，当前完工时间: 1748.00
2025-04-08 16:09:09,222 - DEBUG - 局部搜索未能改进当前解
2025-04-08 16:09:09,225 - DEBUG - 执行AGV分配局部搜索，当前完工时间: 1927.00
2025-04-08 16:09:09,229 - DEBUG - 局部搜索未能改进当前解
2025-04-08 16:09:09,233 - DEBUG - 执行AGV分配局部搜索，当前完工时间: 1718.00
2025-04-08 16:09:09,236 - DEBUG - 局部搜索未能改进当前解
2025-04-08 16:09:09,240 - DEBUG - 执行AGV分配局部搜索，当前完工时间: 1743.00
2025-04-08 16:09:09,243 - DEBUG - 局部搜索未能改进当前解
2025-04-08 16:09:09,247 - DEBUG - 执行AGV分配局部搜索，当前完工时间: 1762.00
2025-04-08 16:09:09,251 - DEBUG - 局部搜索未能改进当前解
2025-04-08 16:09:09,254 - DEBUG - 执行AGV分配局部搜索，当前完工时间: 1827.00
2025-04-08 16:09:09,259 - DEBUG - 局部搜索未能改进当前解
2025-04-08 16:09:09,262 - DEBUG - 执行AGV分配局部搜索，当前完工时间: 1780.00
2025-04-08 16:09:09,265 - DEBUG - 局部搜索未能改进当前解
2025-04-08 16:09:09,270 - DEBUG - 执行AGV分配局部搜索，当前完工时间: 1826.00
2025-04-08 16:09:09,272 - DEBUG - 局部搜索未能改进当前解
2025-04-08 16:09:09,277 - DEBUG - 执行AGV分配局部搜索，当前完工时间: 1792.00
2025-04-08 16:09:09,281 - DEBUG - 局部搜索未能改进当前解
2025-04-08 16:09:09,284 - DEBUG - 执行AGV分配局部搜索，当前完工时间: 1731.00
2025-04-08 16:09:09,287 - DEBUG - 局部搜索未能改进当前解
2025-04-08 16:09:09,291 - DEBUG - 执行AGV分配局部搜索，当前完工时间: 1819.00
2025-04-08 16:09:09,295 - DEBUG - 局部搜索未能改进当前解
2025-04-08 16:09:09,299 - DEBUG - 执行AGV分配局部搜索，当前完工时间: 1771.00
2025-04-08 16:09:09,303 - DEBUG - 局部搜索未能改进当前解
2025-04-08 16:09:09,306 - DEBUG - 执行AGV分配局部搜索，当前完工时间: 1793.00
2025-04-08 16:09:09,310 - DEBUG - 局部搜索未能改进当前解
2025-04-08 16:09:09,314 - DEBUG - 执行AGV分配局部搜索，当前完工时间: 1746.00
2025-04-08 16:09:09,317 - DEBUG - AGV分配局部搜索成功！完工时间从 1746.00 降低到 1719.00，改进: 27.00 (1.55%)
2025-04-08 16:09:09,321 - DEBUG - 执行AGV分配局部搜索，当前完工时间: 1750.00
2025-04-08 16:09:09,324 - DEBUG - 局部搜索未能改进当前解
2025-04-08 16:09:09,328 - DEBUG - 执行AGV分配局部搜索，当前完工时间: 1734.00
2025-04-08 16:09:09,332 - DEBUG - 局部搜索未能改进当前解
2025-04-08 16:09:09,336 - DEBUG - 执行AGV分配局部搜索，当前完工时间: 1725.00
2025-04-08 16:09:09,339 - DEBUG - 局部搜索未能改进当前解
2025-04-08 16:09:09,343 - DEBUG - 执行AGV分配局部搜索，当前完工时间: 1828.00
2025-04-08 16:09:09,346 - DEBUG - 局部搜索未能改进当前解
2025-04-08 16:09:09,350 - DEBUG - 执行AGV分配局部搜索，当前完工时间: 1735.00
2025-04-08 16:09:09,354 - DEBUG - 局部搜索未能改进当前解
2025-04-08 16:09:09,357 - DEBUG - 执行AGV分配局部搜索，当前完工时间: 1772.00
2025-04-08 16:09:09,361 - DEBUG - 局部搜索未能改进当前解
2025-04-08 16:09:09,365 - DEBUG - 执行AGV分配局部搜索，当前完工时间: 1851.00
2025-04-08 16:09:09,368 - DEBUG - AGV分配局部搜索成功！完工时间从 1851.00 降低到 1849.00，改进: 2.00 (0.11%)
2025-04-08 16:09:09,372 - DEBUG - 执行AGV分配局部搜索，当前完工时间: 1817.00
2025-04-08 16:09:09,375 - DEBUG - 局部搜索未能改进当前解
2025-04-08 16:09:09,379 - DEBUG - 执行AGV分配局部搜索，当前完工时间: 1734.00
2025-04-08 16:09:09,382 - DEBUG - 局部搜索未能改进当前解
2025-04-08 16:09:09,387 - DEBUG - 执行AGV分配局部搜索，当前完工时间: 1773.00
2025-04-08 16:09:09,390 - DEBUG - 局部搜索未能改进当前解
2025-04-08 16:09:09,394 - DEBUG - 执行AGV分配局部搜索，当前完工时间: 1756.00
2025-04-08 16:09:09,398 - DEBUG - 局部搜索未能改进当前解
2025-04-08 16:09:09,401 - DEBUG - 执行AGV分配局部搜索，当前完工时间: 1812.00
2025-04-08 16:09:09,405 - DEBUG - 局部搜索未能改进当前解
2025-04-08 16:09:09,409 - DEBUG - 执行AGV分配局部搜索，当前完工时间: 1795.00
2025-04-08 16:09:09,412 - DEBUG - AGV分配局部搜索成功！完工时间从 1795.00 降低到 1789.00，改进: 6.00 (0.33%)
2025-04-08 16:09:09,416 - DEBUG - 执行AGV分配局部搜索，当前完工时间: 1852.00
2025-04-08 16:09:09,420 - DEBUG - 局部搜索未能改进当前解
2025-04-08 16:09:09,424 - DEBUG - 执行AGV分配局部搜索，当前完工时间: 1790.00
2025-04-08 16:09:09,427 - DEBUG - 局部搜索未能改进当前解
2025-04-08 16:09:09,431 - DEBUG - 执行AGV分配局部搜索，当前完工时间: 1776.00
2025-04-08 16:09:09,434 - DEBUG - AGV分配局部搜索成功！完工时间从 1776.00 降低到 1774.00，改进: 2.00 (0.11%)
2025-04-08 16:09:09,439 - DEBUG - 执行AGV分配局部搜索，当前完工时间: 1851.00
2025-04-08 16:09:09,442 - DEBUG - 局部搜索未能改进当前解
2025-04-08 16:09:09,445 - DEBUG - 执行AGV分配局部搜索，当前完工时间: 1788.00
2025-04-08 16:09:09,450 - DEBUG - 局部搜索未能改进当前解
2025-04-08 16:09:09,454 - DEBUG - 执行AGV分配局部搜索，当前完工时间: 1809.00
2025-04-08 16:09:09,457 - DEBUG - 局部搜索未能改进当前解
2025-04-08 16:09:09,461 - DEBUG - 执行AGV分配局部搜索，当前完工时间: 1848.00
2025-04-08 16:09:09,464 - DEBUG - 局部搜索未能改进当前解
2025-04-08 16:09:09,468 - DEBUG - 执行AGV分配局部搜索，当前完工时间: 1700.00
2025-04-08 16:09:09,472 - DEBUG - 局部搜索未能改进当前解
2025-04-08 16:09:09,475 - DEBUG - 执行AGV分配局部搜索，当前完工时间: 1780.00
2025-04-08 16:09:09,480 - DEBUG - 局部搜索未能改进当前解
2025-04-08 16:09:09,484 - DEBUG - 执行AGV分配局部搜索，当前完工时间: 1771.00
2025-04-08 16:09:09,488 - DEBUG - 局部搜索未能改进当前解
2025-04-08 16:09:09,492 - DEBUG - 执行AGV分配局部搜索，当前完工时间: 1752.00
2025-04-08 16:09:09,496 - DEBUG - 局部搜索未能改进当前解
2025-04-08 16:09:09,499 - DEBUG - 执行AGV分配局部搜索，当前完工时间: 1803.00
2025-04-08 16:09:09,502 - DEBUG - 局部搜索未能改进当前解
2025-04-08 16:09:09,506 - DEBUG - 执行AGV分配局部搜索，当前完工时间: 1753.00
2025-04-08 16:09:09,510 - DEBUG - 局部搜索未能改进当前解
2025-04-08 16:09:09,513 - DEBUG - 执行AGV分配局部搜索，当前完工时间: 1779.00
2025-04-08 16:09:09,517 - DEBUG - 局部搜索未能改进当前解
2025-04-08 16:09:09,521 - DEBUG - 执行AGV分配局部搜索，当前完工时间: 1865.00
2025-04-08 16:09:09,524 - DEBUG - 局部搜索未能改进当前解
2025-04-08 16:09:09,529 - DEBUG - 执行AGV分配局部搜索，当前完工时间: 1748.00
2025-04-08 16:09:09,533 - DEBUG - 局部搜索未能改进当前解
2025-04-08 16:09:09,537 - DEBUG - 执行AGV分配局部搜索，当前完工时间: 1857.00
2025-04-08 16:09:09,540 - DEBUG - 局部搜索未能改进当前解
2025-04-08 16:09:09,544 - DEBUG - 执行AGV分配局部搜索，当前完工时间: 1839.00
2025-04-08 16:09:09,547 - DEBUG - 局部搜索未能改进当前解
2025-04-08 16:09:09,551 - DEBUG - 执行AGV分配局部搜索，当前完工时间: 1754.00
2025-04-08 16:09:09,555 - DEBUG - 局部搜索未能改进当前解
2025-04-08 16:09:09,559 - DEBUG - 执行AGV分配局部搜索，当前完工时间: 1735.00
2025-04-08 16:09:09,562 - DEBUG - 局部搜索未能改进当前解
2025-04-08 16:09:09,566 - DEBUG - 执行AGV分配局部搜索，当前完工时间: 1762.00
2025-04-08 16:09:09,570 - DEBUG - 局部搜索未能改进当前解
2025-04-08 16:09:09,574 - DEBUG - 执行AGV分配局部搜索，当前完工时间: 1828.00
2025-04-08 16:09:09,578 - DEBUG - 局部搜索未能改进当前解
2025-04-08 16:09:09,581 - DEBUG - 执行AGV分配局部搜索，当前完工时间: 1784.00
2025-04-08 16:09:09,586 - DEBUG - 局部搜索未能改进当前解
2025-04-08 16:09:09,588 - DEBUG - 执行AGV分配局部搜索，当前完工时间: 1746.00
2025-04-08 16:09:09,593 - DEBUG - 局部搜索未能改进当前解
2025-04-08 16:09:09,597 - DEBUG - 执行AGV分配局部搜索，当前完工时间: 1778.00
2025-04-08 16:09:09,600 - DEBUG - 局部搜索未能改进当前解
2025-04-08 16:09:09,604 - DEBUG - 执行AGV分配局部搜索，当前完工时间: 1729.00
2025-04-08 16:09:09,607 - DEBUG - AGV分配局部搜索成功！完工时间从 1729.00 降低到 1720.00，改进: 9.00 (0.52%)
2025-04-08 16:09:09,607 - DEBUG - ==================================================
2025-04-08 16:09:09,608 - DEBUG - Efficiency Statistics of Local Search :
2025-04-08 16:09:09,608 - DEBUG - Number of attempts: 99
2025-04-08 16:09:09,608 - DEBUG - Average Success Rate: 15.15%
2025-04-08 16:09:09,608 - DEBUG - AGV Local Search Success: 15，Average Improvement: 14.93
2025-04-08 16:09:09,612 - DEBUG - 执行AGV分配局部搜索，当前完工时间: 1786.00
2025-04-08 16:09:09,615 - DEBUG - 局部搜索未能改进当前解
2025-04-08 16:09:09,620 - DEBUG - 执行AGV分配局部搜索，当前完工时间: 1825.00
2025-04-08 16:09:09,624 - DEBUG - 局部搜索未能改进当前解
2025-04-08 16:09:09,629 - DEBUG - 执行AGV分配局部搜索，当前完工时间: 1728.00
2025-04-08 16:09:09,632 - DEBUG - 局部搜索未能改进当前解
2025-04-08 16:09:09,636 - DEBUG - 执行AGV分配局部搜索，当前完工时间: 1885.00
2025-04-08 16:09:09,640 - DEBUG - 局部搜索未能改进当前解
2025-04-08 16:09:09,644 - DEBUG - 执行AGV分配局部搜索，当前完工时间: 1816.00
2025-04-08 16:09:09,647 - DEBUG - 局部搜索未能改进当前解
2025-04-08 16:09:09,651 - DEBUG - 执行AGV分配局部搜索，当前完工时间: 1833.00
2025-04-08 16:09:09,655 - DEBUG - AGV分配局部搜索成功！完工时间从 1833.00 降低到 1826.00，改进: 7.00 (0.38%)
2025-04-08 16:09:09,659 - DEBUG - 执行AGV分配局部搜索，当前完工时间: 1767.00
2025-04-08 16:09:09,662 - DEBUG - 局部搜索未能改进当前解
2025-04-08 16:09:09,666 - DEBUG - 执行AGV分配局部搜索，当前完工时间: 1880.00
2025-04-08 16:09:09,671 - DEBUG - 局部搜索未能改进当前解
2025-04-08 16:09:09,674 - DEBUG - 执行AGV分配局部搜索，当前完工时间: 1774.00
2025-04-08 16:09:09,678 - DEBUG - 局部搜索未能改进当前解
2025-04-08 16:09:09,682 - DEBUG - 执行AGV分配局部搜索，当前完工时间: 1806.00
2025-04-08 16:09:09,685 - DEBUG - 局部搜索未能改进当前解
2025-04-08 16:09:09,689 - DEBUG - 执行AGV分配局部搜索，当前完工时间: 1754.00
2025-04-08 16:09:09,692 - DEBUG - 局部搜索未能改进当前解
2025-04-08 16:09:09,695 - DEBUG - 执行AGV分配局部搜索，当前完工时间: 1795.00
2025-04-08 16:09:09,699 - DEBUG - 局部搜索未能改进当前解
2025-04-08 16:09:09,703 - DEBUG - 执行AGV分配局部搜索，当前完工时间: 1804.00
2025-04-08 16:09:09,707 - DEBUG - 局部搜索未能改进当前解
2025-04-08 16:09:09,710 - DEBUG - 执行AGV分配局部搜索，当前完工时间: 1804.00
2025-04-08 16:09:09,714 - DEBUG - 局部搜索未能改进当前解
2025-04-08 16:09:09,718 - DEBUG - 执行AGV分配局部搜索，当前完工时间: 1701.00
2025-04-08 16:09:09,723 - DEBUG - 局部搜索未能改进当前解
2025-04-08 16:09:09,725 - DEBUG - 执行AGV分配局部搜索，当前完工时间: 1836.00
2025-04-08 16:09:09,730 - DEBUG - 局部搜索未能改进当前解
2025-04-08 16:09:09,734 - DEBUG - 执行AGV分配局部搜索，当前完工时间: 1845.00
2025-04-08 16:09:09,737 - DEBUG - AGV分配局部搜索成功！完工时间从 1845.00 降低到 1824.00，改进: 21.00 (1.14%)
2025-04-08 16:09:09,741 - DEBUG - 执行AGV分配局部搜索，当前完工时间: 1738.00
2025-04-08 16:09:09,744 - DEBUG - 局部搜索未能改进当前解
2025-04-08 16:09:09,749 - DEBUG - 执行AGV分配局部搜索，当前完工时间: 1712.00
2025-04-08 16:09:09,753 - DEBUG - 局部搜索未能改进当前解
2025-04-08 16:09:09,756 - DEBUG - 执行AGV分配局部搜索，当前完工时间: 1748.00
2025-04-08 16:09:09,759 - DEBUG - 局部搜索未能改进当前解
2025-04-08 16:09:09,762 - DEBUG - 执行AGV分配局部搜索，当前完工时间: 1774.00
2025-04-08 16:09:09,766 - DEBUG - 局部搜索未能改进当前解
2025-04-08 16:09:09,770 - DEBUG - 执行AGV分配局部搜索，当前完工时间: 1780.00
2025-04-08 16:09:09,773 - DEBUG - AGV分配局部搜索成功！完工时间从 1780.00 降低到 1778.00，改进: 2.00 (0.11%)
2025-04-08 16:09:09,778 - DEBUG - 执行AGV分配局部搜索，当前完工时间: 1736.00
2025-04-08 16:09:09,781 - DEBUG - 局部搜索未能改进当前解
2025-04-08 16:09:09,785 - DEBUG - 执行AGV分配局部搜索，当前完工时间: 1784.00
2025-04-08 16:09:09,788 - DEBUG - 局部搜索未能改进当前解
2025-04-08 16:09:09,793 - DEBUG - 执行AGV分配局部搜索，当前完工时间: 1768.00
2025-04-08 16:09:09,797 - DEBUG - 局部搜索未能改进当前解
2025-04-08 16:09:09,800 - DEBUG - 执行AGV分配局部搜索，当前完工时间: 1732.00
2025-04-08 16:09:09,804 - DEBUG - 局部搜索未能改进当前解
2025-04-08 16:09:09,807 - DEBUG - 执行AGV分配局部搜索，当前完工时间: 1748.00
2025-04-08 16:09:09,811 - DEBUG - 局部搜索未能改进当前解
2025-04-08 16:09:09,815 - DEBUG - 执行AGV分配局部搜索，当前完工时间: 1882.00
2025-04-08 16:09:09,818 - DEBUG - AGV分配局部搜索成功！完工时间从 1882.00 降低到 1880.00，改进: 2.00 (0.11%)
2025-04-08 16:09:09,822 - DEBUG - 执行AGV分配局部搜索，当前完工时间: 1781.00
2025-04-08 16:09:09,825 - DEBUG - 局部搜索未能改进当前解
2025-04-08 16:09:09,830 - DEBUG - 执行AGV分配局部搜索，当前完工时间: 1866.00
2025-04-08 16:09:09,834 - DEBUG - 局部搜索未能改进当前解
2025-04-08 16:09:09,837 - DEBUG - 执行AGV分配局部搜索，当前完工时间: 1708.00
2025-04-08 16:09:09,841 - DEBUG - 局部搜索未能改进当前解
2025-04-08 16:09:09,845 - DEBUG - 执行AGV分配局部搜索，当前完工时间: 1770.00
2025-04-08 16:09:09,849 - DEBUG - AGV分配局部搜索成功！完工时间从 1770.00 降低到 1759.00，改进: 11.00 (0.62%)
2025-04-08 16:09:09,852 - DEBUG - 执行AGV分配局部搜索，当前完工时间: 1752.00
2025-04-08 16:09:09,856 - DEBUG - AGV分配局部搜索成功！完工时间从 1752.00 降低到 1748.00，改进: 4.00 (0.23%)
2025-04-08 16:09:09,860 - DEBUG - 执行AGV分配局部搜索，当前完工时间: 1759.00
2025-04-08 16:09:09,864 - DEBUG - 局部搜索未能改进当前解
2025-04-08 16:09:09,867 - DEBUG - 执行AGV分配局部搜索，当前完工时间: 1748.00
2025-04-08 16:09:09,871 - DEBUG - 局部搜索未能改进当前解
2025-04-08 16:09:09,874 - DEBUG - 执行AGV分配局部搜索，当前完工时间: 1748.00
2025-04-08 16:09:09,878 - DEBUG - 局部搜索未能改进当前解
2025-04-08 16:09:09,882 - DEBUG - 执行AGV分配局部搜索，当前完工时间: 1793.00
2025-04-08 16:09:09,885 - DEBUG - 局部搜索未能改进当前解
2025-04-08 16:09:09,889 - DEBUG - 执行AGV分配局部搜索，当前完工时间: 1757.00
2025-04-08 16:09:09,892 - DEBUG - 局部搜索未能改进当前解
2025-04-08 16:09:09,896 - DEBUG - 执行AGV分配局部搜索，当前完工时间: 1802.00
2025-04-08 16:09:09,900 - DEBUG - 局部搜索未能改进当前解
2025-04-08 16:09:09,904 - DEBUG - 执行AGV分配局部搜索，当前完工时间: 1908.00
2025-04-08 16:09:09,908 - DEBUG - 局部搜索未能改进当前解
2025-04-08 16:09:09,912 - DEBUG - 执行AGV分配局部搜索，当前完工时间: 1844.00
2025-04-08 16:09:09,915 - DEBUG - AGV分配局部搜索成功！完工时间从 1844.00 降低到 1838.00，改进: 6.00 (0.33%)
2025-04-08 16:09:09,919 - DEBUG - 执行AGV分配局部搜索，当前完工时间: 1772.00
2025-04-08 16:09:09,922 - DEBUG - 局部搜索未能改进当前解
2025-04-08 16:09:09,926 - DEBUG - 执行AGV分配局部搜索，当前完工时间: 1840.00
2025-04-08 16:09:09,931 - DEBUG - 局部搜索未能改进当前解
2025-04-08 16:09:09,934 - DEBUG - 执行AGV分配局部搜索，当前完工时间: 1857.00
2025-04-08 16:09:09,937 - DEBUG - 局部搜索未能改进当前解
2025-04-08 16:09:09,941 - DEBUG - 执行AGV分配局部搜索，当前完工时间: 1758.00
2025-04-08 16:09:09,945 - DEBUG - 局部搜索未能改进当前解
2025-04-08 16:09:09,949 - DEBUG - 执行AGV分配局部搜索，当前完工时间: 1765.00
2025-04-08 16:09:09,952 - DEBUG - 局部搜索未能改进当前解
2025-04-08 16:09:09,955 - DEBUG - 执行AGV分配局部搜索，当前完工时间: 1797.00
2025-04-08 16:09:09,958 - DEBUG - 局部搜索未能改进当前解
2025-04-08 16:09:09,963 - DEBUG - 执行AGV分配局部搜索，当前完工时间: 1802.00
2025-04-08 16:09:09,966 - DEBUG - 局部搜索未能改进当前解
2025-04-08 16:09:09,972 - DEBUG - 执行AGV分配局部搜索，当前完工时间: 1774.00
2025-04-08 16:09:09,975 - DEBUG - 局部搜索未能改进当前解
2025-04-08 16:09:09,979 - DEBUG - 执行AGV分配局部搜索，当前完工时间: 1762.00
2025-04-08 16:09:09,983 - DEBUG - 局部搜索未能改进当前解
2025-04-08 16:09:09,986 - DEBUG - 执行AGV分配局部搜索，当前完工时间: 1724.00
2025-04-08 16:09:09,990 - DEBUG - 局部搜索未能改进当前解
2025-04-08 16:09:09,995 - DEBUG - 执行AGV分配局部搜索，当前完工时间: 1772.00
2025-04-08 16:09:09,999 - DEBUG - AGV分配局部搜索成功！完工时间从 1772.00 降低到 1762.00，改进: 10.00 (0.56%)
2025-04-08 16:09:10,002 - DEBUG - 执行AGV分配局部搜索，当前完工时间: 1838.00
2025-04-08 16:09:10,006 - DEBUG - 局部搜索未能改进当前解
2025-04-08 16:09:10,011 - DEBUG - 执行AGV分配局部搜索，当前完工时间: 1757.00
2025-04-08 16:09:10,015 - DEBUG - 局部搜索未能改进当前解
2025-04-08 16:09:10,019 - DEBUG - 执行AGV分配局部搜索，当前完工时间: 1751.00
2025-04-08 16:09:10,022 - DEBUG - 局部搜索未能改进当前解
2025-04-08 16:09:10,027 - DEBUG - 执行AGV分配局部搜索，当前完工时间: 1776.00
2025-04-08 16:09:10,030 - DEBUG - 局部搜索未能改进当前解
2025-04-08 16:09:10,033 - DEBUG - 执行AGV分配局部搜索，当前完工时间: 1762.00
2025-04-08 16:09:10,037 - DEBUG - 局部搜索未能改进当前解
2025-04-08 16:09:10,041 - DEBUG - 执行AGV分配局部搜索，当前完工时间: 1783.00
2025-04-08 16:09:10,044 - DEBUG - AGV分配局部搜索成功！完工时间从 1783.00 降低到 1778.00，改进: 5.00 (0.28%)
2025-04-08 16:09:10,047 - DEBUG - 执行AGV分配局部搜索，当前完工时间: 1849.00
2025-04-08 16:09:10,052 - DEBUG - 局部搜索未能改进当前解
2025-04-08 16:09:10,055 - DEBUG - 执行AGV分配局部搜索，当前完工时间: 1800.00
2025-04-08 16:09:10,058 - DEBUG - 局部搜索未能改进当前解
2025-04-08 16:09:10,062 - DEBUG - 执行AGV分配局部搜索，当前完工时间: 1793.00
2025-04-08 16:09:10,065 - DEBUG - 局部搜索未能改进当前解
2025-04-08 16:09:10,070 - DEBUG - 执行AGV分配局部搜索，当前完工时间: 1790.00
2025-04-08 16:09:10,073 - DEBUG - 局部搜索未能改进当前解
2025-04-08 16:09:10,077 - DEBUG - 执行AGV分配局部搜索，当前完工时间: 1840.00
2025-04-08 16:09:10,081 - DEBUG - 局部搜索未能改进当前解
2025-04-08 16:09:10,084 - DEBUG - 执行AGV分配局部搜索，当前完工时间: 1895.00
2025-04-08 16:09:10,087 - DEBUG - 局部搜索未能改进当前解
2025-04-08 16:09:10,092 - DEBUG - 执行AGV分配局部搜索，当前完工时间: 1790.00
2025-04-08 16:09:10,095 - DEBUG - 局部搜索未能改进当前解
2025-04-08 16:09:10,098 - DEBUG - 执行AGV分配局部搜索，当前完工时间: 1753.00
2025-04-08 16:09:10,103 - DEBUG - 局部搜索未能改进当前解
2025-04-08 16:09:10,106 - DEBUG - 执行AGV分配局部搜索，当前完工时间: 1738.00
2025-04-08 16:09:10,110 - DEBUG - 局部搜索未能改进当前解
2025-04-08 16:09:10,114 - DEBUG - 执行AGV分配局部搜索，当前完工时间: 1892.00
2025-04-08 16:09:10,118 - DEBUG - 局部搜索未能改进当前解
2025-04-08 16:09:10,121 - DEBUG - 执行AGV分配局部搜索，当前完工时间: 1835.00
2025-04-08 16:09:10,125 - DEBUG - 局部搜索未能改进当前解
2025-04-08 16:09:10,130 - DEBUG - 执行AGV分配局部搜索，当前完工时间: 1876.00
2025-04-08 16:09:10,133 - DEBUG - 局部搜索未能改进当前解
2025-04-08 16:09:10,137 - DEBUG - 执行AGV分配局部搜索，当前完工时间: 1752.00
2025-04-08 16:09:10,143 - DEBUG - 局部搜索未能改进当前解
2025-04-08 16:09:10,147 - DEBUG - 执行AGV分配局部搜索，当前完工时间: 1803.00
2025-04-08 16:09:10,150 - DEBUG - AGV分配局部搜索成功！完工时间从 1803.00 降低到 1791.00，改进: 12.00 (0.67%)
2025-04-08 16:09:10,154 - DEBUG - 执行AGV分配局部搜索，当前完工时间: 1786.00
2025-04-08 16:09:10,158 - DEBUG - AGV分配局部搜索成功！完工时间从 1786.00 降低到 1749.00，改进: 37.00 (2.07%)
2025-04-08 16:09:10,162 - DEBUG - 执行AGV分配局部搜索，当前完工时间: 1706.00
2025-04-08 16:09:10,166 - DEBUG - 局部搜索未能改进当前解
2025-04-08 16:09:10,170 - DEBUG - 执行AGV分配局部搜索，当前完工时间: 1801.00
2025-04-08 16:09:10,173 - DEBUG - AGV分配局部搜索成功！完工时间从 1801.00 降低到 1783.00，改进: 18.00 (1.00%)
2025-04-08 16:09:10,176 - DEBUG - 执行AGV分配局部搜索，当前完工时间: 1832.00
2025-04-08 16:09:10,181 - DEBUG - 局部搜索未能改进当前解
2025-04-08 16:09:10,184 - DEBUG - 执行AGV分配局部搜索，当前完工时间: 1782.00
2025-04-08 16:09:10,187 - DEBUG - 局部搜索未能改进当前解
2025-04-08 16:09:10,191 - DEBUG - 执行AGV分配局部搜索，当前完工时间: 1736.00
2025-04-08 16:09:10,195 - DEBUG - 局部搜索未能改进当前解
2025-04-08 16:09:10,199 - DEBUG - 执行AGV分配局部搜索，当前完工时间: 1796.00
2025-04-08 16:09:10,203 - DEBUG - 局部搜索未能改进当前解
2025-04-08 16:09:10,207 - DEBUG - 执行AGV分配局部搜索，当前完工时间: 1744.00
2025-04-08 16:09:10,211 - DEBUG - 局部搜索未能改进当前解
2025-04-08 16:09:10,215 - DEBUG - 执行AGV分配局部搜索，当前完工时间: 1735.00
2025-04-08 16:09:10,219 - DEBUG - 局部搜索未能改进当前解
2025-04-08 16:09:10,222 - DEBUG - 执行AGV分配局部搜索，当前完工时间: 1812.00
2025-04-08 16:09:10,226 - DEBUG - AGV分配局部搜索成功！完工时间从 1812.00 降低到 1796.00，改进: 16.00 (0.88%)
2025-04-08 16:09:10,230 - DEBUG - 执行AGV分配局部搜索，当前完工时间: 1773.00
2025-04-08 16:09:10,233 - DEBUG - 局部搜索未能改进当前解
2025-04-08 16:09:10,238 - DEBUG - 执行AGV分配局部搜索，当前完工时间: 1773.00
2025-04-08 16:09:10,241 - DEBUG - 局部搜索未能改进当前解
2025-04-08 16:09:10,245 - DEBUG - 执行AGV分配局部搜索，当前完工时间: 1792.00
2025-04-08 16:09:10,249 - DEBUG - AGV分配局部搜索成功！完工时间从 1792.00 降低到 1781.00，改进: 11.00 (0.61%)
2025-04-08 16:09:10,252 - DEBUG - 执行AGV分配局部搜索，当前完工时间: 1834.00
2025-04-08 16:09:10,255 - DEBUG - 局部搜索未能改进当前解
2025-04-08 16:09:10,260 - DEBUG - 执行AGV分配局部搜索，当前完工时间: 1815.00
2025-04-08 16:09:10,264 - DEBUG - 局部搜索未能改进当前解
2025-04-08 16:09:10,266 - DEBUG - 执行AGV分配局部搜索，当前完工时间: 1812.00
2025-04-08 16:09:10,271 - DEBUG - 局部搜索未能改进当前解
2025-04-08 16:09:10,275 - DEBUG - 执行AGV分配局部搜索，当前完工时间: 1743.00
2025-04-08 16:09:10,279 - DEBUG - 局部搜索未能改进当前解
2025-04-08 16:09:10,283 - DEBUG - 执行AGV分配局部搜索，当前完工时间: 1720.00
2025-04-08 16:09:10,286 - DEBUG - 局部搜索未能改进当前解
2025-04-08 16:09:10,290 - DEBUG - 执行AGV分配局部搜索，当前完工时间: 1754.00
2025-04-08 16:09:10,294 - DEBUG - 局部搜索未能改进当前解
2025-04-08 16:09:10,297 - DEBUG - 执行AGV分配局部搜索，当前完工时间: 1784.00
2025-04-08 16:09:10,302 - DEBUG - 局部搜索未能改进当前解
2025-04-08 16:09:10,306 - DEBUG - 执行AGV分配局部搜索，当前完工时间: 1837.00
2025-04-08 16:09:10,309 - DEBUG - 局部搜索未能改进当前解
2025-04-08 16:09:10,314 - DEBUG - 执行AGV分配局部搜索，当前完工时间: 1815.00
2025-04-08 16:09:10,316 - DEBUG - 局部搜索未能改进当前解
2025-04-08 16:09:10,320 - DEBUG - 执行AGV分配局部搜索，当前完工时间: 1779.00
2025-04-08 16:09:10,325 - DEBUG - 局部搜索未能改进当前解
2025-04-08 16:09:10,329 - DEBUG - 执行AGV分配局部搜索，当前完工时间: 1814.00
2025-04-08 16:09:10,332 - DEBUG - 局部搜索未能改进当前解
2025-04-08 16:09:10,336 - DEBUG - 执行AGV分配局部搜索，当前完工时间: 1799.00
2025-04-08 16:09:10,340 - DEBUG - 局部搜索未能改进当前解
2025-04-08 16:09:10,343 - DEBUG - 执行AGV分配局部搜索，当前完工时间: 2015.00
2025-04-08 16:09:10,347 - DEBUG - 局部搜索未能改进当前解
2025-04-08 16:09:10,350 - DEBUG - 执行AGV分配局部搜索，当前完工时间: 1816.00
2025-04-08 16:09:10,355 - DEBUG - 局部搜索未能改进当前解
2025-04-08 16:09:10,355 - DEBUG - ==================================================
2025-04-08 16:09:10,355 - DEBUG - Efficiency Statistics of Local Search :
2025-04-08 16:09:10,355 - DEBUG - Number of attempts: 99
2025-04-08 16:09:10,355 - DEBUG - Average Success Rate: 14.14%
2025-04-08 16:09:10,355 - DEBUG - AGV Local Search Success: 14，Average Improvement: 11.57
2025-04-08 16:09:10,359 - DEBUG - 执行AGV分配局部搜索，当前完工时间: 1846.00
2025-04-08 16:09:10,362 - DEBUG - 局部搜索未能改进当前解
2025-04-08 16:09:10,366 - DEBUG - 执行AGV分配局部搜索，当前完工时间: 1754.00
2025-04-08 16:09:10,370 - DEBUG - 局部搜索未能改进当前解
2025-04-08 16:09:10,373 - DEBUG - 执行AGV分配局部搜索，当前完工时间: 1785.00
2025-04-08 16:09:10,378 - DEBUG - AGV分配局部搜索成功！完工时间从 1785.00 降低到 1729.00，改进: 56.00 (3.14%)
2025-04-08 16:09:10,381 - DEBUG - 执行AGV分配局部搜索，当前完工时间: 1806.00
2025-04-08 16:09:10,385 - DEBUG - AGV分配局部搜索成功！完工时间从 1806.00 降低到 1773.00，改进: 33.00 (1.83%)
2025-04-08 16:09:10,390 - DEBUG - 执行AGV分配局部搜索，当前完工时间: 1712.00
2025-04-08 16:09:10,393 - DEBUG - 局部搜索未能改进当前解
2025-04-08 16:09:10,397 - DEBUG - 执行AGV分配局部搜索，当前完工时间: 1879.00
2025-04-08 16:09:10,400 - DEBUG - 局部搜索未能改进当前解
2025-04-08 16:09:10,404 - DEBUG - 执行AGV分配局部搜索，当前完工时间: 1763.00
2025-04-08 16:09:10,408 - DEBUG - 局部搜索未能改进当前解
2025-04-08 16:09:10,412 - DEBUG - 执行AGV分配局部搜索，当前完工时间: 1743.00
2025-04-08 16:09:10,416 - DEBUG - 局部搜索未能改进当前解
2025-04-08 16:09:10,420 - DEBUG - 执行AGV分配局部搜索，当前完工时间: 1777.00
2025-04-08 16:09:10,423 - DEBUG - 局部搜索未能改进当前解
2025-04-08 16:09:10,427 - DEBUG - 执行AGV分配局部搜索，当前完工时间: 1824.00
2025-04-08 16:09:10,431 - DEBUG - 局部搜索未能改进当前解
2025-04-08 16:09:10,434 - DEBUG - 执行AGV分配局部搜索，当前完工时间: 1825.00
2025-04-08 16:09:10,439 - DEBUG - 局部搜索未能改进当前解
2025-04-08 16:09:10,443 - DEBUG - 执行AGV分配局部搜索，当前完工时间: 1686.00
2025-04-08 16:09:10,446 - DEBUG - 局部搜索未能改进当前解
2025-04-08 16:09:10,450 - DEBUG - 执行AGV分配局部搜索，当前完工时间: 1847.00
2025-04-08 16:09:10,454 - DEBUG - 局部搜索未能改进当前解
2025-04-08 16:09:10,457 - DEBUG - 执行AGV分配局部搜索，当前完工时间: 1806.00
2025-04-08 16:09:10,461 - DEBUG - 局部搜索未能改进当前解
2025-04-08 16:09:10,466 - DEBUG - 执行AGV分配局部搜索，当前完工时间: 1848.00
2025-04-08 16:09:10,469 - DEBUG - 局部搜索未能改进当前解
2025-04-08 16:09:10,473 - DEBUG - 执行AGV分配局部搜索，当前完工时间: 1763.00
2025-04-08 16:09:10,477 - DEBUG - 局部搜索未能改进当前解
2025-04-08 16:09:10,481 - DEBUG - 执行AGV分配局部搜索，当前完工时间: 1768.00
2025-04-08 16:09:10,484 - DEBUG - 局部搜索未能改进当前解
2025-04-08 16:09:10,489 - DEBUG - 执行AGV分配局部搜索，当前完工时间: 1815.00
2025-04-08 16:09:10,492 - DEBUG - 局部搜索未能改进当前解
2025-04-08 16:09:10,495 - DEBUG - 执行AGV分配局部搜索，当前完工时间: 1751.00
2025-04-08 16:09:10,500 - DEBUG - 局部搜索未能改进当前解
2025-04-08 16:09:10,503 - DEBUG - 执行AGV分配局部搜索，当前完工时间: 1758.00
2025-04-08 16:09:10,507 - DEBUG - 局部搜索未能改进当前解
2025-04-08 16:09:10,511 - DEBUG - 执行AGV分配局部搜索，当前完工时间: 1796.00
2025-04-08 16:09:10,514 - DEBUG - AGV分配局部搜索成功！完工时间从 1796.00 降低到 1776.00，改进: 20.00 (1.11%)
2025-04-08 16:09:10,518 - DEBUG - 执行AGV分配局部搜索，当前完工时间: 1810.00
2025-04-08 16:09:10,522 - DEBUG - AGV分配局部搜索成功！完工时间从 1810.00 降低到 1789.00，改进: 21.00 (1.16%)
2025-04-08 16:09:10,526 - DEBUG - 执行AGV分配局部搜索，当前完工时间: 1845.00
2025-04-08 16:09:10,530 - DEBUG - 局部搜索未能改进当前解
2025-04-08 16:09:10,533 - DEBUG - 执行AGV分配局部搜索，当前完工时间: 1775.00
2025-04-08 16:09:10,537 - DEBUG - 局部搜索未能改进当前解
2025-04-08 16:09:10,541 - DEBUG - 执行AGV分配局部搜索，当前完工时间: 1770.00
2025-04-08 16:09:10,545 - DEBUG - 局部搜索未能改进当前解
2025-04-08 16:09:10,549 - DEBUG - 执行AGV分配局部搜索，当前完工时间: 1850.00
2025-04-08 16:09:10,552 - DEBUG - 局部搜索未能改进当前解
2025-04-08 16:09:10,556 - DEBUG - 执行AGV分配局部搜索，当前完工时间: 1844.00
2025-04-08 16:09:10,560 - DEBUG - 局部搜索未能改进当前解
2025-04-08 16:09:10,564 - DEBUG - 执行AGV分配局部搜索，当前完工时间: 1745.00
2025-04-08 16:09:10,567 - DEBUG - 局部搜索未能改进当前解
2025-04-08 16:09:10,571 - DEBUG - 执行AGV分配局部搜索，当前完工时间: 1846.00
2025-04-08 16:09:10,574 - DEBUG - 局部搜索未能改进当前解
2025-04-08 16:09:10,579 - DEBUG - 执行AGV分配局部搜索，当前完工时间: 1717.00
2025-04-08 16:09:10,582 - DEBUG - 局部搜索未能改进当前解
2025-04-08 16:09:10,586 - DEBUG - 执行AGV分配局部搜索，当前完工时间: 1742.00
2025-04-08 16:09:10,590 - DEBUG - 局部搜索未能改进当前解
2025-04-08 16:09:10,594 - DEBUG - 执行AGV分配局部搜索，当前完工时间: 1845.00
2025-04-08 16:09:10,597 - DEBUG - AGV分配局部搜索成功！完工时间从 1845.00 降低到 1826.00，改进: 19.00 (1.03%)
2025-04-08 16:09:10,601 - DEBUG - 执行AGV分配局部搜索，当前完工时间: 1835.00
2025-04-08 16:09:10,605 - DEBUG - AGV分配局部搜索成功！完工时间从 1835.00 降低到 1822.00，改进: 13.00 (0.71%)
2025-04-08 16:09:10,608 - DEBUG - 执行AGV分配局部搜索，当前完工时间: 1826.00
2025-04-08 16:09:10,612 - DEBUG - 局部搜索未能改进当前解
2025-04-08 16:09:10,616 - DEBUG - 执行AGV分配局部搜索，当前完工时间: 1753.00
2025-04-08 16:09:10,620 - DEBUG - 局部搜索未能改进当前解
2025-04-08 16:09:10,624 - DEBUG - 执行AGV分配局部搜索，当前完工时间: 1805.00
2025-04-08 16:09:10,628 - DEBUG - 局部搜索未能改进当前解
2025-04-08 16:09:10,631 - DEBUG - 执行AGV分配局部搜索，当前完工时间: 1731.00
2025-04-08 16:09:10,635 - DEBUG - 局部搜索未能改进当前解
2025-04-08 16:09:10,638 - DEBUG - 执行AGV分配局部搜索，当前完工时间: 1746.00
2025-04-08 16:09:10,643 - DEBUG - 局部搜索未能改进当前解
2025-04-08 16:09:10,647 - DEBUG - 执行AGV分配局部搜索，当前完工时间: 1762.00
2025-04-08 16:09:10,651 - DEBUG - 局部搜索未能改进当前解
2025-04-08 16:09:10,655 - DEBUG - 执行AGV分配局部搜索，当前完工时间: 1818.00
2025-04-08 16:09:10,658 - DEBUG - 局部搜索未能改进当前解
2025-04-08 16:09:10,662 - DEBUG - 执行AGV分配局部搜索，当前完工时间: 1812.00
2025-04-08 16:09:10,666 - DEBUG - 局部搜索未能改进当前解
2025-04-08 16:09:10,669 - DEBUG - 执行AGV分配局部搜索，当前完工时间: 1826.00
2025-04-08 16:09:10,673 - DEBUG - AGV分配局部搜索成功！完工时间从 1826.00 降低到 1809.00，改进: 17.00 (0.93%)
2025-04-08 16:09:10,676 - DEBUG - 执行AGV分配局部搜索，当前完工时间: 1824.00
2025-04-08 16:09:10,681 - DEBUG - 局部搜索未能改进当前解
2025-04-08 16:09:10,684 - DEBUG - 执行AGV分配局部搜索，当前完工时间: 1727.00
2025-04-08 16:09:10,688 - DEBUG - 局部搜索未能改进当前解
2025-04-08 16:09:10,692 - DEBUG - 执行AGV分配局部搜索，当前完工时间: 1815.00
2025-04-08 16:09:10,695 - DEBUG - 局部搜索未能改进当前解
2025-04-08 16:09:10,700 - DEBUG - 执行AGV分配局部搜索，当前完工时间: 1812.00
2025-04-08 16:09:10,703 - DEBUG - 局部搜索未能改进当前解
2025-04-08 16:09:10,707 - DEBUG - 执行AGV分配局部搜索，当前完工时间: 1841.00
2025-04-08 16:09:10,711 - DEBUG - 局部搜索未能改进当前解
2025-04-08 16:09:10,714 - DEBUG - 执行AGV分配局部搜索，当前完工时间: 1757.00
2025-04-08 16:09:10,718 - DEBUG - 局部搜索未能改进当前解
2025-04-08 16:09:10,720 - DEBUG - 执行AGV分配局部搜索，当前完工时间: 1745.00
2025-04-08 16:09:10,725 - DEBUG - 局部搜索未能改进当前解
2025-04-08 16:09:10,729 - DEBUG - 执行AGV分配局部搜索，当前完工时间: 1741.00
2025-04-08 16:09:10,733 - DEBUG - 局部搜索未能改进当前解
2025-04-08 16:09:10,737 - DEBUG - 执行AGV分配局部搜索，当前完工时间: 1824.00
2025-04-08 16:09:10,740 - DEBUG - 局部搜索未能改进当前解
2025-04-08 16:09:10,744 - DEBUG - 执行AGV分配局部搜索，当前完工时间: 1735.00
2025-04-08 16:09:10,747 - DEBUG - 局部搜索未能改进当前解
2025-04-08 16:09:10,751 - DEBUG - 执行AGV分配局部搜索，当前完工时间: 1796.00
2025-04-08 16:09:10,756 - DEBUG - 局部搜索未能改进当前解
2025-04-08 16:09:10,760 - DEBUG - 执行AGV分配局部搜索，当前完工时间: 1784.00
2025-04-08 16:09:10,762 - DEBUG - 局部搜索未能改进当前解
2025-04-08 16:09:10,766 - DEBUG - 执行AGV分配局部搜索，当前完工时间: 1796.00
2025-04-08 16:09:10,772 - DEBUG - 局部搜索未能改进当前解
2025-04-08 16:09:10,775 - DEBUG - 执行AGV分配局部搜索，当前完工时间: 1796.00
2025-04-08 16:09:10,779 - DEBUG - AGV分配局部搜索成功！完工时间从 1796.00 降低到 1779.00，改进: 17.00 (0.95%)
2025-04-08 16:09:10,782 - DEBUG - 执行AGV分配局部搜索，当前完工时间: 1768.00
2025-04-08 16:09:10,786 - DEBUG - 局部搜索未能改进当前解
2025-04-08 16:09:10,791 - DEBUG - 执行AGV分配局部搜索，当前完工时间: 1813.00
2025-04-08 16:09:10,794 - DEBUG - AGV分配局部搜索成功！完工时间从 1813.00 降低到 1773.00，改进: 40.00 (2.21%)
2025-04-08 16:09:10,798 - DEBUG - 执行AGV分配局部搜索，当前完工时间: 1848.00
2025-04-08 16:09:10,802 - DEBUG - 局部搜索未能改进当前解
2025-04-08 16:09:10,806 - DEBUG - 执行AGV分配局部搜索，当前完工时间: 1813.00
2025-04-08 16:09:10,810 - DEBUG - AGV分配局部搜索成功！完工时间从 1813.00 降低到 1758.00，改进: 55.00 (3.03%)
2025-04-08 16:09:10,813 - DEBUG - 执行AGV分配局部搜索，当前完工时间: 1796.00
2025-04-08 16:09:10,816 - DEBUG - 局部搜索未能改进当前解
2025-04-08 16:09:10,821 - DEBUG - 执行AGV分配局部搜索，当前完工时间: 1750.00
2025-04-08 16:09:10,824 - DEBUG - 局部搜索未能改进当前解
2025-04-08 16:09:10,829 - DEBUG - 执行AGV分配局部搜索，当前完工时间: 1848.00
2025-04-08 16:09:10,832 - DEBUG - 局部搜索未能改进当前解
2025-04-08 16:09:10,836 - DEBUG - 执行AGV分配局部搜索，当前完工时间: 1799.00
2025-04-08 16:09:10,840 - DEBUG - AGV分配局部搜索成功！完工时间从 1799.00 降低到 1797.00，改进: 2.00 (0.11%)
2025-04-08 16:09:10,844 - DEBUG - 执行AGV分配局部搜索，当前完工时间: 1832.00
2025-04-08 16:09:10,847 - DEBUG - 局部搜索未能改进当前解
2025-04-08 16:09:10,852 - DEBUG - 执行AGV分配局部搜索，当前完工时间: 1813.00
2025-04-08 16:09:10,855 - DEBUG - AGV分配局部搜索成功！完工时间从 1813.00 降低到 1796.00，改进: 17.00 (0.94%)
2025-04-08 16:09:10,859 - DEBUG - 执行AGV分配局部搜索，当前完工时间: 1783.00
2025-04-08 16:09:10,862 - DEBUG - 局部搜索未能改进当前解
2025-04-08 16:09:10,866 - DEBUG - 执行AGV分配局部搜索，当前完工时间: 1752.00
2025-04-08 16:09:10,870 - DEBUG - 局部搜索未能改进当前解
2025-04-08 16:09:10,874 - DEBUG - 执行AGV分配局部搜索，当前完工时间: 1773.00
2025-04-08 16:09:10,876 - DEBUG - 局部搜索未能改进当前解
2025-04-08 16:09:10,882 - DEBUG - 执行AGV分配局部搜索，当前完工时间: 1804.00
2025-04-08 16:09:10,886 - DEBUG - AGV分配局部搜索成功！完工时间从 1804.00 降低到 1786.00，改进: 18.00 (1.00%)
2025-04-08 16:09:10,889 - DEBUG - 执行AGV分配局部搜索，当前完工时间: 1768.00
2025-04-08 16:09:10,892 - DEBUG - 局部搜索未能改进当前解
2025-04-08 16:09:10,896 - DEBUG - 执行AGV分配局部搜索，当前完工时间: 1739.00
2025-04-08 16:09:10,899 - DEBUG - 局部搜索未能改进当前解
2025-04-08 16:09:10,903 - DEBUG - 执行AGV分配局部搜索，当前完工时间: 1763.00
2025-04-08 16:09:10,906 - DEBUG - 局部搜索未能改进当前解
2025-04-08 16:09:10,911 - DEBUG - 执行AGV分配局部搜索，当前完工时间: 1748.00
2025-04-08 16:09:10,915 - DEBUG - 局部搜索未能改进当前解
2025-04-08 16:09:10,919 - DEBUG - 执行AGV分配局部搜索，当前完工时间: 1867.00
2025-04-08 16:09:10,922 - DEBUG - 局部搜索未能改进当前解
2025-04-08 16:09:10,926 - DEBUG - 执行AGV分配局部搜索，当前完工时间: 1792.00
2025-04-08 16:09:10,930 - DEBUG - AGV分配局部搜索成功！完工时间从 1792.00 降低到 1756.00，改进: 36.00 (2.01%)
2025-04-08 16:09:10,934 - DEBUG - 执行AGV分配局部搜索，当前完工时间: 1756.00
2025-04-08 16:09:10,937 - DEBUG - 局部搜索未能改进当前解
2025-04-08 16:09:10,941 - DEBUG - 执行AGV分配局部搜索，当前完工时间: 1829.00
2025-04-08 16:09:10,944 - DEBUG - 局部搜索未能改进当前解
2025-04-08 16:09:10,947 - DEBUG - 执行AGV分配局部搜索，当前完工时间: 1769.00
2025-04-08 16:09:10,952 - DEBUG - 局部搜索未能改进当前解
2025-04-08 16:09:10,955 - DEBUG - 执行AGV分配局部搜索，当前完工时间: 1743.00
2025-04-08 16:09:10,959 - DEBUG - AGV分配局部搜索成功！完工时间从 1743.00 降低到 1731.00，改进: 12.00 (0.69%)
2025-04-08 16:09:10,963 - DEBUG - 执行AGV分配局部搜索，当前完工时间: 1753.00
2025-04-08 16:09:10,966 - DEBUG - 局部搜索未能改进当前解
2025-04-08 16:09:10,970 - DEBUG - 执行AGV分配局部搜索，当前完工时间: 1818.00
2025-04-08 16:09:10,974 - DEBUG - 局部搜索未能改进当前解
2025-04-08 16:09:10,978 - DEBUG - 执行AGV分配局部搜索，当前完工时间: 1822.00
2025-04-08 16:09:10,983 - DEBUG - 局部搜索未能改进当前解
2025-04-08 16:09:10,986 - DEBUG - 执行AGV分配局部搜索，当前完工时间: 1729.00
2025-04-08 16:09:10,990 - DEBUG - 局部搜索未能改进当前解
2025-04-08 16:09:10,994 - DEBUG - 执行AGV分配局部搜索，当前完工时间: 1854.00
2025-04-08 16:09:10,998 - DEBUG - AGV分配局部搜索成功！完工时间从 1854.00 降低到 1769.00，改进: 85.00 (4.58%)
2025-04-08 16:09:11,002 - DEBUG - 执行AGV分配局部搜索，当前完工时间: 1752.00
2025-04-08 16:09:11,005 - DEBUG - 局部搜索未能改进当前解
2025-04-08 16:09:11,009 - DEBUG - 执行AGV分配局部搜索，当前完工时间: 1762.00
2025-04-08 16:09:11,012 - DEBUG - 局部搜索未能改进当前解
2025-04-08 16:09:11,016 - DEBUG - 执行AGV分配局部搜索，当前完工时间: 1770.00
2025-04-08 16:09:11,020 - DEBUG - 局部搜索未能改进当前解
2025-04-08 16:09:11,025 - DEBUG - 执行AGV分配局部搜索，当前完工时间: 1758.00
2025-04-08 16:09:11,029 - DEBUG - 局部搜索未能改进当前解
2025-04-08 16:09:11,032 - DEBUG - 执行AGV分配局部搜索，当前完工时间: 1774.00
2025-04-08 16:09:11,036 - DEBUG - 局部搜索未能改进当前解
2025-04-08 16:09:11,040 - DEBUG - 执行AGV分配局部搜索，当前完工时间: 1761.00
2025-04-08 16:09:11,044 - DEBUG - 局部搜索未能改进当前解
2025-04-08 16:09:11,047 - DEBUG - 执行AGV分配局部搜索，当前完工时间: 1764.00
2025-04-08 16:09:11,051 - DEBUG - 局部搜索未能改进当前解
2025-04-08 16:09:11,055 - DEBUG - 执行AGV分配局部搜索，当前完工时间: 1732.00
2025-04-08 16:09:11,059 - DEBUG - 局部搜索未能改进当前解
2025-04-08 16:09:11,063 - DEBUG - 执行AGV分配局部搜索，当前完工时间: 1738.00
2025-04-08 16:09:11,067 - DEBUG - 局部搜索未能改进当前解
2025-04-08 16:09:11,071 - DEBUG - 执行AGV分配局部搜索，当前完工时间: 1730.00
2025-04-08 16:09:11,075 - DEBUG - 局部搜索未能改进当前解
2025-04-08 16:09:11,079 - DEBUG - 执行AGV分配局部搜索，当前完工时间: 1940.00
2025-04-08 16:09:11,083 - DEBUG - 局部搜索未能改进当前解
2025-04-08 16:09:11,086 - DEBUG - 执行AGV分配局部搜索，当前完工时间: 1779.00
2025-04-08 16:09:11,089 - DEBUG - 局部搜索未能改进当前解
2025-04-08 16:09:11,093 - DEBUG - 执行AGV分配局部搜索，当前完工时间: 1810.00
2025-04-08 16:09:11,097 - DEBUG - 局部搜索未能改进当前解
2025-04-08 16:09:11,101 - DEBUG - 执行AGV分配局部搜索，当前完工时间: 1700.00
2025-04-08 16:09:11,105 - DEBUG - 局部搜索未能改进当前解
2025-04-08 16:09:11,106 - DEBUG - ==================================================
2025-04-08 16:09:11,106 - DEBUG - Efficiency Statistics of Local Search :
2025-04-08 16:09:11,106 - DEBUG - Number of attempts: 99
2025-04-08 16:09:11,106 - DEBUG - Average Success Rate: 16.16%
2025-04-08 16:09:11,106 - DEBUG - AGV Local Search Success: 16，Average Improvement: 28.81
2025-04-08 16:09:11,109 - DEBUG - 执行AGV分配局部搜索，当前完工时间: 1912.00
2025-04-08 16:09:11,113 - DEBUG - 局部搜索未能改进当前解
2025-04-08 16:09:11,119 - DEBUG - 执行AGV分配局部搜索，当前完工时间: 1782.00
2025-04-08 16:09:11,122 - DEBUG - 局部搜索未能改进当前解
2025-04-08 16:09:11,126 - DEBUG - 执行AGV分配局部搜索，当前完工时间: 1730.00
2025-04-08 16:09:11,130 - DEBUG - 局部搜索未能改进当前解
2025-04-08 16:09:11,134 - DEBUG - 执行AGV分配局部搜索，当前完工时间: 1863.00
2025-04-08 16:09:11,139 - DEBUG - 局部搜索未能改进当前解
2025-04-08 16:09:11,145 - DEBUG - 执行AGV分配局部搜索，当前完工时间: 1756.00
2025-04-08 16:09:11,149 - DEBUG - 局部搜索未能改进当前解
2025-04-08 16:09:11,153 - DEBUG - 执行AGV分配局部搜索，当前完工时间: 1776.00
2025-04-08 16:09:11,156 - DEBUG - 局部搜索未能改进当前解
2025-04-08 16:09:11,160 - DEBUG - 执行AGV分配局部搜索，当前完工时间: 1796.00
2025-04-08 16:09:11,163 - DEBUG - 局部搜索未能改进当前解
2025-04-08 16:09:11,167 - DEBUG - 执行AGV分配局部搜索，当前完工时间: 1787.00
2025-04-08 16:09:11,170 - DEBUG - AGV分配局部搜索成功！完工时间从 1787.00 降低到 1780.00，改进: 7.00 (0.39%)
2025-04-08 16:09:11,175 - DEBUG - 执行AGV分配局部搜索，当前完工时间: 1768.00
2025-04-08 16:09:11,178 - DEBUG - 局部搜索未能改进当前解
2025-04-08 16:09:11,181 - DEBUG - 执行AGV分配局部搜索，当前完工时间: 1751.00
2025-04-08 16:09:11,185 - DEBUG - 局部搜索未能改进当前解
2025-04-08 16:09:11,189 - DEBUG - 执行AGV分配局部搜索，当前完工时间: 1820.00
2025-04-08 16:09:11,193 - DEBUG - AGV分配局部搜索成功！完工时间从 1820.00 降低到 1805.00，改进: 15.00 (0.82%)
2025-04-08 16:09:11,196 - DEBUG - 执行AGV分配局部搜索，当前完工时间: 1767.00
2025-04-08 16:09:11,200 - DEBUG - 局部搜索未能改进当前解
2025-04-08 16:09:11,204 - DEBUG - 执行AGV分配局部搜索，当前完工时间: 1844.00
2025-04-08 16:09:11,208 - DEBUG - 局部搜索未能改进当前解
2025-04-08 16:09:11,212 - DEBUG - 执行AGV分配局部搜索，当前完工时间: 1763.00
2025-04-08 16:09:11,215 - DEBUG - 局部搜索未能改进当前解
2025-04-08 16:09:11,219 - DEBUG - 执行AGV分配局部搜索，当前完工时间: 1754.00
2025-04-08 16:09:11,223 - DEBUG - AGV分配局部搜索成功！完工时间从 1754.00 降低到 1726.00，改进: 28.00 (1.60%)
2025-04-08 16:09:11,228 - DEBUG - 执行AGV分配局部搜索，当前完工时间: 1762.00
2025-04-08 16:09:11,231 - DEBUG - 局部搜索未能改进当前解
2025-04-08 16:09:11,234 - DEBUG - 执行AGV分配局部搜索，当前完工时间: 1884.00
2025-04-08 16:09:11,238 - DEBUG - 局部搜索未能改进当前解
2025-04-08 16:09:11,242 - DEBUG - 执行AGV分配局部搜索，当前完工时间: 1842.00
2025-04-08 16:09:11,245 - DEBUG - 局部搜索未能改进当前解
2025-04-08 16:09:11,250 - DEBUG - 执行AGV分配局部搜索，当前完工时间: 1759.00
2025-04-08 16:09:11,254 - DEBUG - AGV分配局部搜索成功！完工时间从 1759.00 降低到 1742.00，改进: 17.00 (0.97%)
2025-04-08 16:09:11,257 - DEBUG - 执行AGV分配局部搜索，当前完工时间: 1828.00
2025-04-08 16:09:11,262 - DEBUG - 局部搜索未能改进当前解
2025-04-08 16:09:11,265 - DEBUG - 执行AGV分配局部搜索，当前完工时间: 1932.00
2025-04-08 16:09:11,270 - DEBUG - 局部搜索未能改进当前解
2025-04-08 16:09:11,274 - DEBUG - 执行AGV分配局部搜索，当前完工时间: 1764.00
2025-04-08 16:09:11,277 - DEBUG - 局部搜索未能改进当前解
2025-04-08 16:09:11,281 - DEBUG - 执行AGV分配局部搜索，当前完工时间: 1739.00
2025-04-08 16:09:11,285 - DEBUG - 局部搜索未能改进当前解
2025-04-08 16:09:11,288 - DEBUG - 执行AGV分配局部搜索，当前完工时间: 1866.00
2025-04-08 16:09:11,293 - DEBUG - 局部搜索未能改进当前解
2025-04-08 16:09:11,297 - DEBUG - 执行AGV分配局部搜索，当前完工时间: 1805.00
2025-04-08 16:09:11,300 - DEBUG - 局部搜索未能改进当前解
2025-04-08 16:09:11,304 - DEBUG - 执行AGV分配局部搜索，当前完工时间: 1766.00
2025-04-08 16:09:11,307 - DEBUG - 局部搜索未能改进当前解
2025-04-08 16:09:11,310 - DEBUG - 执行AGV分配局部搜索，当前完工时间: 1761.00
2025-04-08 16:09:11,315 - DEBUG - AGV分配局部搜索成功！完工时间从 1761.00 降低到 1749.00，改进: 12.00 (0.68%)
2025-04-08 16:09:11,319 - DEBUG - 执行AGV分配局部搜索，当前完工时间: 1753.00
2025-04-08 16:09:11,322 - DEBUG - 局部搜索未能改进当前解
2025-04-08 16:09:11,327 - DEBUG - 执行AGV分配局部搜索，当前完工时间: 1824.00
2025-04-08 16:09:11,330 - DEBUG - 局部搜索未能改进当前解
2025-04-08 16:09:11,335 - DEBUG - 执行AGV分配局部搜索，当前完工时间: 1794.00
2025-04-08 16:09:11,338 - DEBUG - 局部搜索未能改进当前解
2025-04-08 16:09:11,342 - DEBUG - 执行AGV分配局部搜索，当前完工时间: 1736.00
2025-04-08 16:09:11,346 - DEBUG - AGV分配局部搜索成功！完工时间从 1736.00 降低到 1734.00，改进: 2.00 (0.12%)
2025-04-08 16:09:11,348 - DEBUG - 执行AGV分配局部搜索，当前完工时间: 1764.00
2025-04-08 16:09:11,353 - DEBUG - 局部搜索未能改进当前解
2025-04-08 16:09:11,356 - DEBUG - 执行AGV分配局部搜索，当前完工时间: 1753.00
2025-04-08 16:09:11,360 - DEBUG - 局部搜索未能改进当前解
2025-04-08 16:09:11,364 - DEBUG - 执行AGV分配局部搜索，当前完工时间: 1816.00
2025-04-08 16:09:11,368 - DEBUG - 局部搜索未能改进当前解
2025-04-08 16:09:11,370 - DEBUG - 执行AGV分配局部搜索，当前完工时间: 1778.00
2025-04-08 16:09:11,375 - DEBUG - AGV分配局部搜索成功！完工时间从 1778.00 降低到 1744.00，改进: 34.00 (1.91%)
2025-04-08 16:09:11,379 - DEBUG - 执行AGV分配局部搜索，当前完工时间: 1726.00
2025-04-08 16:09:11,383 - DEBUG - 局部搜索未能改进当前解
2025-04-08 16:09:11,387 - DEBUG - 执行AGV分配局部搜索，当前完工时间: 1731.00
2025-04-08 16:09:11,390 - DEBUG - 局部搜索未能改进当前解
2025-04-08 16:09:11,394 - DEBUG - 执行AGV分配局部搜索，当前完工时间: 1742.00
2025-04-08 16:09:11,397 - DEBUG - 局部搜索未能改进当前解
2025-04-08 16:09:11,402 - DEBUG - 执行AGV分配局部搜索，当前完工时间: 1704.00
2025-04-08 16:09:11,405 - DEBUG - 局部搜索未能改进当前解
2025-04-08 16:09:11,409 - DEBUG - 执行AGV分配局部搜索，当前完工时间: 1750.00
2025-04-08 16:09:11,412 - DEBUG - 局部搜索未能改进当前解
2025-04-08 16:09:11,417 - DEBUG - 执行AGV分配局部搜索，当前完工时间: 1901.00
2025-04-08 16:09:11,421 - DEBUG - 局部搜索未能改进当前解
2025-04-08 16:09:11,424 - DEBUG - 执行AGV分配局部搜索，当前完工时间: 1778.00
2025-04-08 16:09:11,428 - DEBUG - 局部搜索未能改进当前解
2025-04-08 16:09:11,432 - DEBUG - 执行AGV分配局部搜索，当前完工时间: 1820.00
2025-04-08 16:09:11,436 - DEBUG - 局部搜索未能改进当前解
2025-04-08 16:09:11,440 - DEBUG - 执行AGV分配局部搜索，当前完工时间: 1785.00
2025-04-08 16:09:11,443 - DEBUG - 局部搜索未能改进当前解
2025-04-08 16:09:11,447 - DEBUG - 执行AGV分配局部搜索，当前完工时间: 1748.00
2025-04-08 16:09:11,451 - DEBUG - 局部搜索未能改进当前解
2025-04-08 16:09:11,455 - DEBUG - 执行AGV分配局部搜索，当前完工时间: 1851.00
2025-04-08 16:09:11,458 - DEBUG - 局部搜索未能改进当前解
2025-04-08 16:09:11,462 - DEBUG - 执行AGV分配局部搜索，当前完工时间: 1779.00
2025-04-08 16:09:11,466 - DEBUG - 局部搜索未能改进当前解
2025-04-08 16:09:11,470 - DEBUG - 执行AGV分配局部搜索，当前完工时间: 1739.00
2025-04-08 16:09:11,473 - DEBUG - 局部搜索未能改进当前解
2025-04-08 16:09:11,476 - DEBUG - 执行AGV分配局部搜索，当前完工时间: 1855.00
2025-04-08 16:09:11,479 - DEBUG - 局部搜索未能改进当前解
2025-04-08 16:09:11,484 - DEBUG - 执行AGV分配局部搜索，当前完工时间: 1792.00
2025-04-08 16:09:11,487 - DEBUG - 局部搜索未能改进当前解
2025-04-08 16:09:11,492 - DEBUG - 执行AGV分配局部搜索，当前完工时间: 1824.00
2025-04-08 16:09:11,496 - DEBUG - 局部搜索未能改进当前解
2025-04-08 16:09:11,500 - DEBUG - 执行AGV分配局部搜索，当前完工时间: 1757.00
2025-04-08 16:09:11,503 - DEBUG - 局部搜索未能改进当前解
2025-04-08 16:09:11,507 - DEBUG - 执行AGV分配局部搜索，当前完工时间: 1781.00
2025-04-08 16:09:11,510 - DEBUG - 局部搜索未能改进当前解
2025-04-08 16:09:11,514 - DEBUG - 执行AGV分配局部搜索，当前完工时间: 1911.00
2025-04-08 16:09:11,517 - DEBUG - 局部搜索未能改进当前解
2025-04-08 16:09:11,521 - DEBUG - 执行AGV分配局部搜索，当前完工时间: 1804.00
2025-04-08 16:09:11,525 - DEBUG - 局部搜索未能改进当前解
2025-04-08 16:09:11,529 - DEBUG - 执行AGV分配局部搜索，当前完工时间: 1762.00
2025-04-08 16:09:11,532 - DEBUG - 局部搜索未能改进当前解
2025-04-08 16:09:11,536 - DEBUG - 执行AGV分配局部搜索，当前完工时间: 1846.00
2025-04-08 16:09:11,538 - DEBUG - AGV分配局部搜索成功！完工时间从 1846.00 降低到 1798.00，改进: 48.00 (2.60%)
2025-04-08 16:09:11,544 - DEBUG - 执行AGV分配局部搜索，当前完工时间: 1793.00
2025-04-08 16:09:11,547 - DEBUG - 局部搜索未能改进当前解
2025-04-08 16:09:11,551 - DEBUG - 执行AGV分配局部搜索，当前完工时间: 1736.00
2025-04-08 16:09:11,555 - DEBUG - 局部搜索未能改进当前解
2025-04-08 16:09:11,559 - DEBUG - 执行AGV分配局部搜索，当前完工时间: 1846.00
2025-04-08 16:09:11,562 - DEBUG - 局部搜索未能改进当前解
2025-04-08 16:09:11,567 - DEBUG - 执行AGV分配局部搜索，当前完工时间: 1753.00
2025-04-08 16:09:11,570 - DEBUG - 局部搜索未能改进当前解
2025-04-08 16:09:11,573 - DEBUG - 执行AGV分配局部搜索，当前完工时间: 1777.00
2025-04-08 16:09:11,576 - DEBUG - 局部搜索未能改进当前解
2025-04-08 16:09:11,581 - DEBUG - 执行AGV分配局部搜索，当前完工时间: 1875.00
2025-04-08 16:09:11,584 - DEBUG - 局部搜索未能改进当前解
2025-04-08 16:09:11,588 - DEBUG - 执行AGV分配局部搜索，当前完工时间: 1801.00
2025-04-08 16:09:11,591 - DEBUG - 局部搜索未能改进当前解
2025-04-08 16:09:11,595 - DEBUG - 执行AGV分配局部搜索，当前完工时间: 1758.00
2025-04-08 16:09:11,599 - DEBUG - 局部搜索未能改进当前解
2025-04-08 16:09:11,602 - DEBUG - 执行AGV分配局部搜索，当前完工时间: 1731.00
2025-04-08 16:09:11,605 - DEBUG - 局部搜索未能改进当前解
2025-04-08 16:09:11,610 - DEBUG - 执行AGV分配局部搜索，当前完工时间: 1748.00
2025-04-08 16:09:11,614 - DEBUG - 局部搜索未能改进当前解
2025-04-08 16:09:11,618 - DEBUG - 执行AGV分配局部搜索，当前完工时间: 1879.00
2025-04-08 16:09:11,621 - DEBUG - AGV分配局部搜索成功！完工时间从 1879.00 降低到 1862.00，改进: 17.00 (0.90%)
2025-04-08 16:09:11,624 - DEBUG - 执行AGV分配局部搜索，当前完工时间: 1786.00
2025-04-08 16:09:11,628 - DEBUG - 局部搜索未能改进当前解
2025-04-08 16:09:11,632 - DEBUG - 执行AGV分配局部搜索，当前完工时间: 1753.00
2025-04-08 16:09:11,635 - DEBUG - 局部搜索未能改进当前解
2025-04-08 16:09:11,639 - DEBUG - 执行AGV分配局部搜索，当前完工时间: 1820.00
2025-04-08 16:09:11,643 - DEBUG - 局部搜索未能改进当前解
2025-04-08 16:09:11,647 - DEBUG - 执行AGV分配局部搜索，当前完工时间: 1709.00
2025-04-08 16:09:11,651 - DEBUG - 局部搜索未能改进当前解
2025-04-08 16:09:11,654 - DEBUG - 执行AGV分配局部搜索，当前完工时间: 1740.00
2025-04-08 16:09:11,658 - DEBUG - AGV分配局部搜索成功！完工时间从 1740.00 降低到 1731.00，改进: 9.00 (0.52%)
2025-04-08 16:09:11,662 - DEBUG - 执行AGV分配局部搜索，当前完工时间: 1785.00
2025-04-08 16:09:11,666 - DEBUG - 局部搜索未能改进当前解
2025-04-08 16:09:11,670 - DEBUG - 执行AGV分配局部搜索，当前完工时间: 1768.00
2025-04-08 16:09:11,674 - DEBUG - 局部搜索未能改进当前解
2025-04-08 16:09:11,679 - DEBUG - 执行AGV分配局部搜索，当前完工时间: 1846.00
2025-04-08 16:09:11,682 - DEBUG - 局部搜索未能改进当前解
2025-04-08 16:09:11,686 - DEBUG - 执行AGV分配局部搜索，当前完工时间: 1752.00
2025-04-08 16:09:11,691 - DEBUG - 局部搜索未能改进当前解
2025-04-08 16:09:11,695 - DEBUG - 执行AGV分配局部搜索，当前完工时间: 1866.00
2025-04-08 16:09:11,697 - DEBUG - 局部搜索未能改进当前解
2025-04-08 16:09:11,703 - DEBUG - 执行AGV分配局部搜索，当前完工时间: 1803.00
2025-04-08 16:09:11,706 - DEBUG - 局部搜索未能改进当前解
2025-04-08 16:09:11,709 - DEBUG - 执行AGV分配局部搜索，当前完工时间: 1779.00
2025-04-08 16:09:11,713 - DEBUG - 局部搜索未能改进当前解
2025-04-08 16:09:11,717 - DEBUG - 执行AGV分配局部搜索，当前完工时间: 1779.00
2025-04-08 16:09:11,721 - DEBUG - 局部搜索未能改进当前解
2025-04-08 16:09:11,725 - DEBUG - 执行AGV分配局部搜索，当前完工时间: 1746.00
2025-04-08 16:09:11,728 - DEBUG - 局部搜索未能改进当前解
2025-04-08 16:09:11,732 - DEBUG - 执行AGV分配局部搜索，当前完工时间: 1862.00
2025-04-08 16:09:11,736 - DEBUG - 局部搜索未能改进当前解
2025-04-08 16:09:11,740 - DEBUG - 执行AGV分配局部搜索，当前完工时间: 1817.00
2025-04-08 16:09:11,743 - DEBUG - 局部搜索未能改进当前解
2025-04-08 16:09:11,747 - DEBUG - 执行AGV分配局部搜索，当前完工时间: 1773.00
2025-04-08 16:09:11,751 - DEBUG - 局部搜索未能改进当前解
2025-04-08 16:09:11,755 - DEBUG - 执行AGV分配局部搜索，当前完工时间: 1799.00
2025-04-08 16:09:11,758 - DEBUG - 局部搜索未能改进当前解
2025-04-08 16:09:11,762 - DEBUG - 执行AGV分配局部搜索，当前完工时间: 1751.00
2025-04-08 16:09:11,767 - DEBUG - 局部搜索未能改进当前解
2025-04-08 16:09:11,770 - DEBUG - 执行AGV分配局部搜索，当前完工时间: 1775.00
2025-04-08 16:09:11,774 - DEBUG - 局部搜索未能改进当前解
2025-04-08 16:09:11,779 - DEBUG - 执行AGV分配局部搜索，当前完工时间: 1769.00
2025-04-08 16:09:11,783 - DEBUG - 局部搜索未能改进当前解
2025-04-08 16:09:11,786 - DEBUG - 执行AGV分配局部搜索，当前完工时间: 1811.00
2025-04-08 16:09:11,790 - DEBUG - 局部搜索未能改进当前解
2025-04-08 16:09:11,793 - DEBUG - 执行AGV分配局部搜索，当前完工时间: 1777.00
2025-04-08 16:09:11,797 - DEBUG - 局部搜索未能改进当前解
2025-04-08 16:09:11,801 - DEBUG - 执行AGV分配局部搜索，当前完工时间: 1866.00
2025-04-08 16:09:11,805 - DEBUG - 局部搜索未能改进当前解
2025-04-08 16:09:11,809 - DEBUG - 执行AGV分配局部搜索，当前完工时间: 1774.00
2025-04-08 16:09:11,812 - DEBUG - 局部搜索未能改进当前解
2025-04-08 16:09:11,816 - DEBUG - 执行AGV分配局部搜索，当前完工时间: 1758.00
2025-04-08 16:09:11,820 - DEBUG - 局部搜索未能改进当前解
2025-04-08 16:09:11,824 - DEBUG - 执行AGV分配局部搜索，当前完工时间: 1779.00
2025-04-08 16:09:11,826 - DEBUG - 局部搜索未能改进当前解
2025-04-08 16:09:11,831 - DEBUG - 执行AGV分配局部搜索，当前完工时间: 1715.00
2025-04-08 16:09:11,835 - DEBUG - 局部搜索未能改进当前解
2025-04-08 16:09:11,839 - DEBUG - 执行AGV分配局部搜索，当前完工时间: 1834.00
2025-04-08 16:09:11,842 - DEBUG - 局部搜索未能改进当前解
2025-04-08 16:09:11,847 - DEBUG - 执行AGV分配局部搜索，当前完工时间: 1732.00
2025-04-08 16:09:11,850 - DEBUG - 局部搜索未能改进当前解
2025-04-08 16:09:11,854 - DEBUG - 执行AGV分配局部搜索，当前完工时间: 1696.00
2025-04-08 16:09:11,857 - DEBUG - 局部搜索未能改进当前解
2025-04-08 16:09:11,857 - DEBUG - ==================================================
2025-04-08 16:09:11,857 - DEBUG - Efficiency Statistics of Local Search :
2025-04-08 16:09:11,857 - DEBUG - Number of attempts: 99
2025-04-08 16:09:11,857 - DEBUG - Average Success Rate: 10.10%
2025-04-08 16:09:11,857 - DEBUG - AGV Local Search Success: 10，Average Improvement: 18.90
2025-04-08 16:09:11,862 - DEBUG - 执行AGV分配局部搜索，当前完工时间: 1851.00
2025-04-08 16:09:11,866 - DEBUG - 局部搜索未能改进当前解
2025-04-08 16:09:11,870 - DEBUG - 执行AGV分配局部搜索，当前完工时间: 1812.00
2025-04-08 16:09:11,873 - DEBUG - 局部搜索未能改进当前解
2025-04-08 16:09:11,878 - DEBUG - 执行AGV分配局部搜索，当前完工时间: 1830.00
2025-04-08 16:09:11,881 - DEBUG - 局部搜索未能改进当前解
2025-04-08 16:09:11,884 - DEBUG - 执行AGV分配局部搜索，当前完工时间: 1770.00
2025-04-08 16:09:11,887 - DEBUG - 局部搜索未能改进当前解
2025-04-08 16:09:11,893 - DEBUG - 执行AGV分配局部搜索，当前完工时间: 1684.00
2025-04-08 16:09:11,896 - DEBUG - 局部搜索未能改进当前解
2025-04-08 16:09:11,900 - DEBUG - 执行AGV分配局部搜索，当前完工时间: 1796.00
2025-04-08 16:09:11,904 - DEBUG - 局部搜索未能改进当前解
2025-04-08 16:09:11,907 - DEBUG - 执行AGV分配局部搜索，当前完工时间: 1782.00
2025-04-08 16:09:11,910 - DEBUG - AGV分配局部搜索成功！完工时间从 1782.00 降低到 1737.00，改进: 45.00 (2.53%)
2025-04-08 16:09:11,915 - DEBUG - 执行AGV分配局部搜索，当前完工时间: 1782.00
2025-04-08 16:09:11,919 - DEBUG - AGV分配局部搜索成功！完工时间从 1782.00 降低到 1764.00，改进: 18.00 (1.01%)
2025-04-08 16:09:11,923 - DEBUG - 执行AGV分配局部搜索，当前完工时间: 1868.00
2025-04-08 16:09:11,927 - DEBUG - 局部搜索未能改进当前解
2025-04-08 16:09:11,931 - DEBUG - 执行AGV分配局部搜索，当前完工时间: 1867.00
2025-04-08 16:09:11,934 - DEBUG - 局部搜索未能改进当前解
2025-04-08 16:09:11,937 - DEBUG - 执行AGV分配局部搜索，当前完工时间: 1803.00
2025-04-08 16:09:11,942 - DEBUG - 局部搜索未能改进当前解
2025-04-08 16:09:11,946 - DEBUG - 执行AGV分配局部搜索，当前完工时间: 1753.00
2025-04-08 16:09:11,950 - DEBUG - 局部搜索未能改进当前解
2025-04-08 16:09:11,954 - DEBUG - 执行AGV分配局部搜索，当前完工时间: 1707.00
2025-04-08 16:09:11,957 - DEBUG - 局部搜索未能改进当前解
2025-04-08 16:09:11,961 - DEBUG - 执行AGV分配局部搜索，当前完工时间: 1788.00
2025-04-08 16:09:11,964 - DEBUG - AGV分配局部搜索成功！完工时间从 1788.00 降低到 1782.00，改进: 6.00 (0.34%)
2025-04-08 16:09:11,968 - DEBUG - 执行AGV分配局部搜索，当前完工时间: 1774.00
2025-04-08 16:09:11,971 - DEBUG - 局部搜索未能改进当前解
2025-04-08 16:09:11,975 - DEBUG - 执行AGV分配局部搜索，当前完工时间: 1767.00
2025-04-08 16:09:11,979 - DEBUG - AGV分配局部搜索成功！完工时间从 1767.00 降低到 1760.00，改进: 7.00 (0.40%)
2025-04-08 16:09:11,983 - DEBUG - 执行AGV分配局部搜索，当前完工时间: 1801.00
2025-04-08 16:09:11,987 - DEBUG - 局部搜索未能改进当前解
2025-04-08 16:09:11,991 - DEBUG - 执行AGV分配局部搜索，当前完工时间: 1730.00
2025-04-08 16:09:11,995 - DEBUG - 局部搜索未能改进当前解
2025-04-08 16:09:11,999 - DEBUG - 执行AGV分配局部搜索，当前完工时间: 1781.00
2025-04-08 16:09:12,003 - DEBUG - 局部搜索未能改进当前解
2025-04-08 16:09:12,007 - DEBUG - 执行AGV分配局部搜索，当前完工时间: 1870.00
2025-04-08 16:09:12,011 - DEBUG - 局部搜索未能改进当前解
2025-04-08 16:09:12,014 - DEBUG - 执行AGV分配局部搜索，当前完工时间: 1750.00
2025-04-08 16:09:12,018 - DEBUG - 局部搜索未能改进当前解
2025-04-08 16:09:12,022 - DEBUG - 执行AGV分配局部搜索，当前完工时间: 1776.00
2025-04-08 16:09:12,025 - DEBUG - 局部搜索未能改进当前解
2025-04-08 16:09:12,029 - DEBUG - 执行AGV分配局部搜索，当前完工时间: 1726.00
2025-04-08 16:09:12,034 - DEBUG - 局部搜索未能改进当前解
2025-04-08 16:09:12,037 - DEBUG - 执行AGV分配局部搜索，当前完工时间: 1765.00
2025-04-08 16:09:12,041 - DEBUG - 局部搜索未能改进当前解
2025-04-08 16:09:12,044 - DEBUG - 执行AGV分配局部搜索，当前完工时间: 1751.00
2025-04-08 16:09:12,048 - DEBUG - 局部搜索未能改进当前解
2025-04-08 16:09:12,052 - DEBUG - 执行AGV分配局部搜索，当前完工时间: 1816.00
2025-04-08 16:09:12,056 - DEBUG - 局部搜索未能改进当前解
2025-04-08 16:09:12,059 - DEBUG - 执行AGV分配局部搜索，当前完工时间: 1841.00
2025-04-08 16:09:12,063 - DEBUG - 局部搜索未能改进当前解
2025-04-08 16:09:12,066 - DEBUG - 执行AGV分配局部搜索，当前完工时间: 1852.00
2025-04-08 16:09:12,071 - DEBUG - 局部搜索未能改进当前解
2025-04-08 16:09:12,075 - DEBUG - 执行AGV分配局部搜索，当前完工时间: 1737.00
2025-04-08 16:09:12,079 - DEBUG - 局部搜索未能改进当前解
2025-04-08 16:09:12,082 - DEBUG - 执行AGV分配局部搜索，当前完工时间: 1763.00
2025-04-08 16:09:12,086 - DEBUG - 局部搜索未能改进当前解
2025-04-08 16:09:12,089 - DEBUG - 执行AGV分配局部搜索，当前完工时间: 1748.00
2025-04-08 16:09:12,093 - DEBUG - 局部搜索未能改进当前解
2025-04-08 16:09:12,097 - DEBUG - 执行AGV分配局部搜索，当前完工时间: 1704.00
2025-04-08 16:09:12,100 - DEBUG - AGV分配局部搜索成功！完工时间从 1704.00 降低到 1694.00，改进: 10.00 (0.59%)
2025-04-08 16:09:12,104 - DEBUG - 执行AGV分配局部搜索，当前完工时间: 1752.00
2025-04-08 16:09:12,108 - DEBUG - 局部搜索未能改进当前解
2025-04-08 16:09:12,112 - DEBUG - 执行AGV分配局部搜索，当前完工时间: 1862.00
2025-04-08 16:09:12,116 - DEBUG - 局部搜索未能改进当前解
2025-04-08 16:09:12,119 - DEBUG - 执行AGV分配局部搜索，当前完工时间: 1752.00
2025-04-08 16:09:12,124 - DEBUG - 局部搜索未能改进当前解
2025-04-08 16:09:12,127 - DEBUG - 执行AGV分配局部搜索，当前完工时间: 1776.00
2025-04-08 16:09:12,131 - DEBUG - AGV分配局部搜索成功！完工时间从 1776.00 降低到 1775.00，改进: 1.00 (0.06%)
2025-04-08 16:09:12,134 - DEBUG - 执行AGV分配局部搜索，当前完工时间: 1762.00
2025-04-08 16:09:12,139 - DEBUG - 局部搜索未能改进当前解
2025-04-08 16:09:12,143 - DEBUG - 执行AGV分配局部搜索，当前完工时间: 1761.00
2025-04-08 16:09:12,147 - DEBUG - AGV分配局部搜索成功！完工时间从 1761.00 降低到 1703.00，改进: 58.00 (3.29%)
2025-04-08 16:09:12,151 - DEBUG - 执行AGV分配局部搜索，当前完工时间: 1733.00
2025-04-08 16:09:12,155 - DEBUG - 局部搜索未能改进当前解
2025-04-08 16:09:12,159 - DEBUG - 执行AGV分配局部搜索，当前完工时间: 1786.00
2025-04-08 16:09:12,163 - DEBUG - 局部搜索未能改进当前解
2025-04-08 16:09:12,166 - DEBUG - 执行AGV分配局部搜索，当前完工时间: 1786.00
2025-04-08 16:09:12,171 - DEBUG - 局部搜索未能改进当前解
2025-04-08 16:09:12,174 - DEBUG - 执行AGV分配局部搜索，当前完工时间: 1809.00
2025-04-08 16:09:12,179 - DEBUG - 局部搜索未能改进当前解
2025-04-08 16:09:12,182 - DEBUG - 执行AGV分配局部搜索，当前完工时间: 1896.00
2025-04-08 16:09:12,186 - DEBUG - 局部搜索未能改进当前解
2025-04-08 16:09:12,190 - DEBUG - 执行AGV分配局部搜索，当前完工时间: 1746.00
2025-04-08 16:09:12,194 - DEBUG - 局部搜索未能改进当前解
2025-04-08 16:09:12,198 - DEBUG - 执行AGV分配局部搜索，当前完工时间: 1750.00
2025-04-08 16:09:12,200 - DEBUG - 局部搜索未能改进当前解
2025-04-08 16:09:12,205 - DEBUG - 执行AGV分配局部搜索，当前完工时间: 1802.00
2025-04-08 16:09:12,209 - DEBUG - 局部搜索未能改进当前解
2025-04-08 16:09:12,213 - DEBUG - 执行AGV分配局部搜索，当前完工时间: 1809.00
2025-04-08 16:09:12,216 - DEBUG - 局部搜索未能改进当前解
2025-04-08 16:09:12,220 - DEBUG - 执行AGV分配局部搜索，当前完工时间: 1742.00
2025-04-08 16:09:12,224 - DEBUG - 局部搜索未能改进当前解
2025-04-08 16:09:12,227 - DEBUG - 执行AGV分配局部搜索，当前完工时间: 1777.00
2025-04-08 16:09:12,231 - DEBUG - 局部搜索未能改进当前解
2025-04-08 16:09:12,235 - DEBUG - 执行AGV分配局部搜索，当前完工时间: 1793.00
2025-04-08 16:09:12,239 - DEBUG - 局部搜索未能改进当前解
2025-04-08 16:09:12,243 - DEBUG - 执行AGV分配局部搜索，当前完工时间: 1825.00
2025-04-08 16:09:12,246 - DEBUG - 局部搜索未能改进当前解
2025-04-08 16:09:12,250 - DEBUG - 执行AGV分配局部搜索，当前完工时间: 1772.00
2025-04-08 16:09:12,254 - DEBUG - AGV分配局部搜索成功！完工时间从 1772.00 降低到 1745.00，改进: 27.00 (1.52%)
2025-04-08 16:09:12,258 - DEBUG - 执行AGV分配局部搜索，当前完工时间: 2027.00
2025-04-08 16:09:12,262 - DEBUG - 局部搜索未能改进当前解
2025-04-08 16:09:12,266 - DEBUG - 执行AGV分配局部搜索，当前完工时间: 1819.00
2025-04-08 16:09:12,270 - DEBUG - 局部搜索未能改进当前解
2025-04-08 16:09:12,273 - DEBUG - 执行AGV分配局部搜索，当前完工时间: 1753.00
2025-04-08 16:09:12,277 - DEBUG - 局部搜索未能改进当前解
2025-04-08 16:09:12,280 - DEBUG - 执行AGV分配局部搜索，当前完工时间: 1802.00
2025-04-08 16:09:12,284 - DEBUG - 局部搜索未能改进当前解
2025-04-08 16:09:12,289 - DEBUG - 执行AGV分配局部搜索，当前完工时间: 1776.00
2025-04-08 16:09:12,292 - DEBUG - 局部搜索未能改进当前解
2025-04-08 16:09:12,296 - DEBUG - 执行AGV分配局部搜索，当前完工时间: 1843.00
2025-04-08 16:09:12,300 - DEBUG - 局部搜索未能改进当前解
2025-04-08 16:09:12,304 - DEBUG - 执行AGV分配局部搜索，当前完工时间: 1785.00
2025-04-08 16:09:12,307 - DEBUG - 局部搜索未能改进当前解
2025-04-08 16:09:12,310 - DEBUG - 执行AGV分配局部搜索，当前完工时间: 1775.00
2025-04-08 16:09:12,315 - DEBUG - 局部搜索未能改进当前解
2025-04-08 16:09:12,319 - DEBUG - 执行AGV分配局部搜索，当前完工时间: 1825.00
2025-04-08 16:09:12,322 - DEBUG - 局部搜索未能改进当前解
2025-04-08 16:09:12,325 - DEBUG - 执行AGV分配局部搜索，当前完工时间: 1753.00
2025-04-08 16:09:12,330 - DEBUG - AGV分配局部搜索成功！完工时间从 1753.00 降低到 1743.00，改进: 10.00 (0.57%)
2025-04-08 16:09:12,333 - DEBUG - 执行AGV分配局部搜索，当前完工时间: 1756.00
2025-04-08 16:09:12,337 - DEBUG - 局部搜索未能改进当前解
2025-04-08 16:09:12,341 - DEBUG - 执行AGV分配局部搜索，当前完工时间: 1742.00
2025-04-08 16:09:12,344 - DEBUG - 局部搜索未能改进当前解
2025-04-08 16:09:12,349 - DEBUG - 执行AGV分配局部搜索，当前完工时间: 1775.00
2025-04-08 16:09:12,353 - DEBUG - 局部搜索未能改进当前解
2025-04-08 16:09:12,357 - DEBUG - 执行AGV分配局部搜索，当前完工时间: 1750.00
2025-04-08 16:09:12,361 - DEBUG - 局部搜索未能改进当前解
2025-04-08 16:09:12,364 - DEBUG - 执行AGV分配局部搜索，当前完工时间: 1731.00
2025-04-08 16:09:12,368 - DEBUG - 局部搜索未能改进当前解
2025-04-08 16:09:12,372 - DEBUG - 执行AGV分配局部搜索，当前完工时间: 1784.00
2025-04-08 16:09:12,376 - DEBUG - 局部搜索未能改进当前解
2025-04-08 16:09:12,380 - DEBUG - 执行AGV分配局部搜索，当前完工时间: 1777.00
2025-04-08 16:09:12,384 - DEBUG - 局部搜索未能改进当前解
2025-04-08 16:09:12,387 - DEBUG - 执行AGV分配局部搜索，当前完工时间: 1878.00
2025-04-08 16:09:12,391 - DEBUG - 局部搜索未能改进当前解
2025-04-08 16:09:12,395 - DEBUG - 执行AGV分配局部搜索，当前完工时间: 1778.00
2025-04-08 16:09:12,398 - DEBUG - 局部搜索未能改进当前解
2025-04-08 16:09:12,402 - DEBUG - 执行AGV分配局部搜索，当前完工时间: 1777.00
2025-04-08 16:09:12,407 - DEBUG - 局部搜索未能改进当前解
2025-04-08 16:09:12,410 - DEBUG - 执行AGV分配局部搜索，当前完工时间: 1822.00
2025-04-08 16:09:12,414 - DEBUG - 局部搜索未能改进当前解
2025-04-08 16:09:12,418 - DEBUG - 执行AGV分配局部搜索，当前完工时间: 1742.00
2025-04-08 16:09:12,422 - DEBUG - 局部搜索未能改进当前解
2025-04-08 16:09:12,425 - DEBUG - 执行AGV分配局部搜索，当前完工时间: 1846.00
2025-04-08 16:09:12,430 - DEBUG - 局部搜索未能改进当前解
2025-04-08 16:09:12,434 - DEBUG - 执行AGV分配局部搜索，当前完工时间: 1744.00
2025-04-08 16:09:12,437 - DEBUG - 局部搜索未能改进当前解
2025-04-08 16:09:12,441 - DEBUG - 执行AGV分配局部搜索，当前完工时间: 1799.00
2025-04-08 16:09:12,445 - DEBUG - 局部搜索未能改进当前解
2025-04-08 16:09:12,447 - DEBUG - 执行AGV分配局部搜索，当前完工时间: 1804.00
2025-04-08 16:09:12,452 - DEBUG - 局部搜索未能改进当前解
2025-04-08 16:09:12,456 - DEBUG - 执行AGV分配局部搜索，当前完工时间: 1844.00
2025-04-08 16:09:12,460 - DEBUG - 局部搜索未能改进当前解
2025-04-08 16:09:12,464 - DEBUG - 执行AGV分配局部搜索，当前完工时间: 1840.00
2025-04-08 16:09:12,467 - DEBUG - 局部搜索未能改进当前解
2025-04-08 16:09:12,472 - DEBUG - 执行AGV分配局部搜索，当前完工时间: 1807.00
2025-04-08 16:09:12,475 - DEBUG - 局部搜索未能改进当前解
2025-04-08 16:09:12,479 - DEBUG - 执行AGV分配局部搜索，当前完工时间: 1761.00
2025-04-08 16:09:12,483 - DEBUG - AGV分配局部搜索成功！完工时间从 1761.00 降低到 1753.00，改进: 8.00 (0.45%)
2025-04-08 16:09:12,486 - DEBUG - 执行AGV分配局部搜索，当前完工时间: 1827.00
2025-04-08 16:09:12,491 - DEBUG - 局部搜索未能改进当前解
2025-04-08 16:09:12,495 - DEBUG - 执行AGV分配局部搜索，当前完工时间: 1792.00
2025-04-08 16:09:12,498 - DEBUG - 局部搜索未能改进当前解
2025-04-08 16:09:12,502 - DEBUG - 执行AGV分配局部搜索，当前完工时间: 1846.00
2025-04-08 16:09:12,506 - DEBUG - 局部搜索未能改进当前解
2025-04-08 16:09:12,510 - DEBUG - 执行AGV分配局部搜索，当前完工时间: 1801.00
2025-04-08 16:09:12,514 - DEBUG - AGV分配局部搜索成功！完工时间从 1801.00 降低到 1781.00，改进: 20.00 (1.11%)
2025-04-08 16:09:12,517 - DEBUG - 执行AGV分配局部搜索，当前完工时间: 1750.00
2025-04-08 16:09:12,520 - DEBUG - 局部搜索未能改进当前解
2025-04-08 16:09:12,524 - DEBUG - 执行AGV分配局部搜索，当前完工时间: 1753.00
2025-04-08 16:09:12,529 - DEBUG - 局部搜索未能改进当前解
2025-04-08 16:09:12,532 - DEBUG - 执行AGV分配局部搜索，当前完工时间: 1724.00
2025-04-08 16:09:12,535 - DEBUG - 局部搜索未能改进当前解
2025-04-08 16:09:12,538 - DEBUG - 执行AGV分配局部搜索，当前完工时间: 1752.00
2025-04-08 16:09:12,543 - DEBUG - 局部搜索未能改进当前解
2025-04-08 16:09:12,547 - DEBUG - 执行AGV分配局部搜索，当前完工时间: 1758.00
2025-04-08 16:09:12,551 - DEBUG - 局部搜索未能改进当前解
2025-04-08 16:09:12,555 - DEBUG - 执行AGV分配局部搜索，当前完工时间: 1827.00
2025-04-08 16:09:12,558 - DEBUG - 局部搜索未能改进当前解
2025-04-08 16:09:12,562 - DEBUG - 执行AGV分配局部搜索，当前完工时间: 1807.00
2025-04-08 16:09:12,566 - DEBUG - 局部搜索未能改进当前解
2025-04-08 16:09:12,570 - DEBUG - 执行AGV分配局部搜索，当前完工时间: 1713.00
2025-04-08 16:09:12,574 - DEBUG - 局部搜索未能改进当前解
2025-04-08 16:09:12,576 - DEBUG - 执行AGV分配局部搜索，当前完工时间: 1785.00
2025-04-08 16:09:12,580 - DEBUG - 局部搜索未能改进当前解
2025-04-08 16:09:12,584 - DEBUG - 执行AGV分配局部搜索，当前完工时间: 1803.00
2025-04-08 16:09:12,588 - DEBUG - AGV分配局部搜索成功！完工时间从 1803.00 降低到 1794.00，改进: 9.00 (0.50%)
2025-04-08 16:09:12,592 - DEBUG - 执行AGV分配局部搜索，当前完工时间: 1806.00
2025-04-08 16:09:12,595 - DEBUG - 局部搜索未能改进当前解
2025-04-08 16:09:12,600 - DEBUG - 执行AGV分配局部搜索，当前完工时间: 1813.00
2025-04-08 16:09:12,604 - DEBUG - 局部搜索未能改进当前解
2025-04-08 16:09:12,607 - DEBUG - 执行AGV分配局部搜索，当前完工时间: 1832.00
2025-04-08 16:09:12,611 - DEBUG - AGV分配局部搜索成功！完工时间从 1832.00 降低到 1830.00，改进: 2.00 (0.11%)
2025-04-08 16:09:12,611 - DEBUG - ==================================================
2025-04-08 16:09:12,611 - DEBUG - Efficiency Statistics of Local Search :
2025-04-08 16:09:12,611 - DEBUG - Number of attempts: 99
2025-04-08 16:09:12,611 - DEBUG - Average Success Rate: 13.13%
2025-04-08 16:09:12,611 - DEBUG - AGV Local Search Success: 13，Average Improvement: 17.00
2025-04-08 16:09:12,615 - DEBUG - 执行AGV分配局部搜索，当前完工时间: 1788.00
2025-04-08 16:09:12,620 - DEBUG - 局部搜索未能改进当前解
2025-04-08 16:09:12,623 - DEBUG - 执行AGV分配局部搜索，当前完工时间: 1761.00
2025-04-08 16:09:12,626 - DEBUG - 局部搜索未能改进当前解
2025-04-08 16:09:12,631 - DEBUG - 执行AGV分配局部搜索，当前完工时间: 1792.00
2025-04-08 16:09:12,635 - DEBUG - AGV分配局部搜索成功！完工时间从 1792.00 降低到 1765.00，改进: 27.00 (1.51%)
2025-04-08 16:09:12,638 - DEBUG - 执行AGV分配局部搜索，当前完工时间: 1781.00
2025-04-08 16:09:12,643 - DEBUG - AGV分配局部搜索成功！完工时间从 1781.00 降低到 1764.00，改进: 17.00 (0.95%)
2025-04-08 16:09:12,647 - DEBUG - 执行AGV分配局部搜索，当前完工时间: 1810.00
2025-04-08 16:09:12,651 - DEBUG - 局部搜索未能改进当前解
2025-04-08 16:09:12,655 - DEBUG - 执行AGV分配局部搜索，当前完工时间: 1806.00
2025-04-08 16:09:12,659 - DEBUG - 局部搜索未能改进当前解
2025-04-08 16:09:12,662 - DEBUG - 执行AGV分配局部搜索，当前完工时间: 1742.00
2025-04-08 16:09:12,665 - DEBUG - 局部搜索未能改进当前解
2025-04-08 16:09:12,669 - DEBUG - 执行AGV分配局部搜索，当前完工时间: 1716.00
2025-04-08 16:09:12,673 - DEBUG - 局部搜索未能改进当前解
2025-04-08 16:09:12,676 - DEBUG - 执行AGV分配局部搜索，当前完工时间: 1749.00
2025-04-08 16:09:12,680 - DEBUG - 局部搜索未能改进当前解
2025-04-08 16:09:12,684 - DEBUG - 执行AGV分配局部搜索，当前完工时间: 1892.00
2025-04-08 16:09:12,689 - DEBUG - AGV分配局部搜索成功！完工时间从 1892.00 降低到 1854.00，改进: 38.00 (2.01%)
2025-04-08 16:09:12,692 - DEBUG - 执行AGV分配局部搜索，当前完工时间: 1756.00
2025-04-08 16:09:12,695 - DEBUG - 局部搜索未能改进当前解
2025-04-08 16:09:12,699 - DEBUG - 执行AGV分配局部搜索，当前完工时间: 1781.00
2025-04-08 16:09:12,702 - DEBUG - 局部搜索未能改进当前解
2025-04-08 16:09:12,706 - DEBUG - 执行AGV分配局部搜索，当前完工时间: 1858.00
2025-04-08 16:09:12,709 - DEBUG - 局部搜索未能改进当前解
2025-04-08 16:09:12,714 - DEBUG - 执行AGV分配局部搜索，当前完工时间: 1794.00
2025-04-08 16:09:12,718 - DEBUG - 局部搜索未能改进当前解
2025-04-08 16:09:12,721 - DEBUG - 执行AGV分配局部搜索，当前完工时间: 1744.00
2025-04-08 16:09:12,725 - DEBUG - 局部搜索未能改进当前解
2025-04-08 16:09:12,729 - DEBUG - 执行AGV分配局部搜索，当前完工时间: 1751.00
2025-04-08 16:09:12,733 - DEBUG - 局部搜索未能改进当前解
2025-04-08 16:09:12,736 - DEBUG - 执行AGV分配局部搜索，当前完工时间: 1874.00
2025-04-08 16:09:12,741 - DEBUG - 局部搜索未能改进当前解
2025-04-08 16:09:12,744 - DEBUG - 执行AGV分配局部搜索，当前完工时间: 1802.00
2025-04-08 16:09:12,749 - DEBUG - 局部搜索未能改进当前解
2025-04-08 16:09:12,753 - DEBUG - 执行AGV分配局部搜索，当前完工时间: 1750.00
2025-04-08 16:09:12,757 - DEBUG - 局部搜索未能改进当前解
2025-04-08 16:09:12,760 - DEBUG - 执行AGV分配局部搜索，当前完工时间: 1764.00
2025-04-08 16:09:12,764 - DEBUG - AGV分配局部搜索成功！完工时间从 1764.00 降低到 1758.00，改进: 6.00 (0.34%)
2025-04-08 16:09:12,768 - DEBUG - 执行AGV分配局部搜索，当前完工时间: 1845.00
2025-04-08 16:09:12,772 - DEBUG - 局部搜索未能改进当前解
2025-04-08 16:09:12,775 - DEBUG - 执行AGV分配局部搜索，当前完工时间: 1750.00
2025-04-08 16:09:12,779 - DEBUG - 局部搜索未能改进当前解
2025-04-08 16:09:12,783 - DEBUG - 执行AGV分配局部搜索，当前完工时间: 1773.00
2025-04-08 16:09:12,788 - DEBUG - 局部搜索未能改进当前解
2025-04-08 16:09:12,792 - DEBUG - 执行AGV分配局部搜索，当前完工时间: 1750.00
2025-04-08 16:09:12,795 - DEBUG - 局部搜索未能改进当前解
2025-04-08 16:09:12,799 - DEBUG - 执行AGV分配局部搜索，当前完工时间: 1739.00
2025-04-08 16:09:12,803 - DEBUG - 局部搜索未能改进当前解
2025-04-08 16:09:12,807 - DEBUG - 执行AGV分配局部搜索，当前完工时间: 1719.00
2025-04-08 16:09:12,810 - DEBUG - 局部搜索未能改进当前解
2025-04-08 16:09:12,815 - DEBUG - 执行AGV分配局部搜索，当前完工时间: 1842.00
2025-04-08 16:09:12,820 - DEBUG - 局部搜索未能改进当前解
2025-04-08 16:09:12,823 - DEBUG - 执行AGV分配局部搜索，当前完工时间: 1785.00
2025-04-08 16:09:12,826 - DEBUG - AGV分配局部搜索成功！完工时间从 1785.00 降低到 1784.00，改进: 1.00 (0.06%)
2025-04-08 16:09:12,832 - DEBUG - 执行AGV分配局部搜索，当前完工时间: 1804.00
2025-04-08 16:09:12,835 - DEBUG - AGV分配局部搜索成功！完工时间从 1804.00 降低到 1783.00，改进: 21.00 (1.16%)
2025-04-08 16:09:12,839 - DEBUG - 执行AGV分配局部搜索，当前完工时间: 1684.00
2025-04-08 16:09:12,843 - DEBUG - 局部搜索未能改进当前解
2025-04-08 16:09:12,847 - DEBUG - 执行AGV分配局部搜索，当前完工时间: 1794.00
2025-04-08 16:09:12,850 - DEBUG - 局部搜索未能改进当前解
2025-04-08 16:09:12,853 - DEBUG - 执行AGV分配局部搜索，当前完工时间: 1797.00
2025-04-08 16:09:12,857 - DEBUG - 局部搜索未能改进当前解
2025-04-08 16:09:12,860 - DEBUG - 执行AGV分配局部搜索，当前完工时间: 1873.00
2025-04-08 16:09:12,864 - DEBUG - 局部搜索未能改进当前解
2025-04-08 16:09:12,868 - DEBUG - 执行AGV分配局部搜索，当前完工时间: 1703.00
2025-04-08 16:09:12,872 - DEBUG - 局部搜索未能改进当前解
2025-04-08 16:09:12,876 - DEBUG - 执行AGV分配局部搜索，当前完工时间: 1802.00
2025-04-08 16:09:12,880 - DEBUG - AGV分配局部搜索成功！完工时间从 1802.00 降低到 1784.00，改进: 18.00 (1.00%)
2025-04-08 16:09:12,884 - DEBUG - 执行AGV分配局部搜索，当前完工时间: 1709.00
2025-04-08 16:09:12,887 - DEBUG - 局部搜索未能改进当前解
2025-04-08 16:09:12,891 - DEBUG - 执行AGV分配局部搜索，当前完工时间: 1768.00
2025-04-08 16:09:12,894 - DEBUG - 局部搜索未能改进当前解
2025-04-08 16:09:12,898 - DEBUG - 执行AGV分配局部搜索，当前完工时间: 1863.00
2025-04-08 16:09:12,901 - DEBUG - 局部搜索未能改进当前解
2025-04-08 16:09:12,905 - DEBUG - 执行AGV分配局部搜索，当前完工时间: 1843.00
2025-04-08 16:09:12,909 - DEBUG - 局部搜索未能改进当前解
2025-04-08 16:09:12,913 - DEBUG - 执行AGV分配局部搜索，当前完工时间: 1773.00
2025-04-08 16:09:12,916 - DEBUG - 局部搜索未能改进当前解
2025-04-08 16:09:12,920 - DEBUG - 执行AGV分配局部搜索，当前完工时间: 1772.00
2025-04-08 16:09:12,924 - DEBUG - AGV分配局部搜索成功！完工时间从 1772.00 降低到 1771.00，改进: 1.00 (0.06%)
2025-04-08 16:09:12,928 - DEBUG - 执行AGV分配局部搜索，当前完工时间: 1858.00
2025-04-08 16:09:12,932 - DEBUG - 局部搜索未能改进当前解
2025-04-08 16:09:12,935 - DEBUG - 执行AGV分配局部搜索，当前完工时间: 1835.00
2025-04-08 16:09:12,939 - DEBUG - 局部搜索未能改进当前解
2025-04-08 16:09:12,943 - DEBUG - 执行AGV分配局部搜索，当前完工时间: 1768.00
2025-04-08 16:09:12,947 - DEBUG - 局部搜索未能改进当前解
2025-04-08 16:09:12,951 - DEBUG - 执行AGV分配局部搜索，当前完工时间: 1736.00
2025-04-08 16:09:12,955 - DEBUG - 局部搜索未能改进当前解
2025-04-08 16:09:12,958 - DEBUG - 执行AGV分配局部搜索，当前完工时间: 1802.00
2025-04-08 16:09:12,962 - DEBUG - 局部搜索未能改进当前解
2025-04-08 16:09:12,966 - DEBUG - 执行AGV分配局部搜索，当前完工时间: 1764.00
2025-04-08 16:09:12,971 - DEBUG - 局部搜索未能改进当前解
2025-04-08 16:09:12,975 - DEBUG - 执行AGV分配局部搜索，当前完工时间: 1769.00
2025-04-08 16:09:12,979 - DEBUG - AGV分配局部搜索成功！完工时间从 1769.00 降低到 1761.00，改进: 8.00 (0.45%)
2025-04-08 16:09:12,982 - DEBUG - 执行AGV分配局部搜索，当前完工时间: 1824.00
2025-04-08 16:09:12,985 - DEBUG - 局部搜索未能改进当前解
2025-04-08 16:09:12,990 - DEBUG - 执行AGV分配局部搜索，当前完工时间: 1761.00
2025-04-08 16:09:12,994 - DEBUG - 局部搜索未能改进当前解
2025-04-08 16:09:12,997 - DEBUG - 执行AGV分配局部搜索，当前完工时间: 1849.00
2025-04-08 16:09:13,001 - DEBUG - 局部搜索未能改进当前解
2025-04-08 16:09:13,005 - DEBUG - 执行AGV分配局部搜索，当前完工时间: 1738.00
2025-04-08 16:09:13,009 - DEBUG - 局部搜索未能改进当前解
2025-04-08 16:09:13,012 - DEBUG - 执行AGV分配局部搜索，当前完工时间: 1733.00
2025-04-08 16:09:13,016 - DEBUG - 局部搜索未能改进当前解
2025-04-08 16:09:13,020 - DEBUG - 执行AGV分配局部搜索，当前完工时间: 1760.00
2025-04-08 16:09:13,023 - DEBUG - 局部搜索未能改进当前解
2025-04-08 16:09:13,027 - DEBUG - 执行AGV分配局部搜索，当前完工时间: 1796.00
2025-04-08 16:09:13,031 - DEBUG - 局部搜索未能改进当前解
2025-04-08 16:09:13,035 - DEBUG - 执行AGV分配局部搜索，当前完工时间: 1737.00
2025-04-08 16:09:13,038 - DEBUG - AGV分配局部搜索成功！完工时间从 1737.00 降低到 1729.00，改进: 8.00 (0.46%)
2025-04-08 16:09:13,042 - DEBUG - 执行AGV分配局部搜索，当前完工时间: 1761.00
2025-04-08 16:09:13,046 - DEBUG - 局部搜索未能改进当前解
2025-04-08 16:09:13,049 - DEBUG - 执行AGV分配局部搜索，当前完工时间: 1778.00
2025-04-08 16:09:13,053 - DEBUG - 局部搜索未能改进当前解
2025-04-08 16:09:13,057 - DEBUG - 执行AGV分配局部搜索，当前完工时间: 1721.00
2025-04-08 16:09:13,060 - DEBUG - 局部搜索未能改进当前解
2025-04-08 16:09:13,064 - DEBUG - 执行AGV分配局部搜索，当前完工时间: 1789.00
2025-04-08 16:09:13,068 - DEBUG - AGV分配局部搜索成功！完工时间从 1789.00 降低到 1772.00，改进: 17.00 (0.95%)
2025-04-08 16:09:13,072 - DEBUG - 执行AGV分配局部搜索，当前完工时间: 1818.00
2025-04-08 16:09:13,076 - DEBUG - 局部搜索未能改进当前解
2025-04-08 16:09:13,079 - DEBUG - 执行AGV分配局部搜索，当前完工时间: 1730.00
2025-04-08 16:09:13,083 - DEBUG - AGV分配局部搜索成功！完工时间从 1730.00 降低到 1716.00，改进: 14.00 (0.81%)
2025-04-08 16:09:13,086 - DEBUG - 执行AGV分配局部搜索，当前完工时间: 1833.00
2025-04-08 16:09:13,091 - DEBUG - 局部搜索未能改进当前解
2025-04-08 16:09:13,094 - DEBUG - 执行AGV分配局部搜索，当前完工时间: 1772.00
2025-04-08 16:09:13,097 - DEBUG - 局部搜索未能改进当前解
2025-04-08 16:09:13,102 - DEBUG - 执行AGV分配局部搜索，当前完工时间: 1781.00
2025-04-08 16:09:13,105 - DEBUG - AGV分配局部搜索成功！完工时间从 1781.00 降低到 1774.00，改进: 7.00 (0.39%)
2025-04-08 16:09:13,108 - DEBUG - 执行AGV分配局部搜索，当前完工时间: 1845.00
2025-04-08 16:09:13,112 - DEBUG - AGV分配局部搜索成功！完工时间从 1845.00 降低到 1837.00，改进: 8.00 (0.43%)
2025-04-08 16:09:13,116 - DEBUG - 执行AGV分配局部搜索，当前完工时间: 1745.00
2025-04-08 16:09:13,120 - DEBUG - 局部搜索未能改进当前解
2025-04-08 16:09:13,125 - DEBUG - 执行AGV分配局部搜索，当前完工时间: 1800.00
2025-04-08 16:09:13,129 - DEBUG - 局部搜索未能改进当前解
2025-04-08 16:09:13,133 - DEBUG - 执行AGV分配局部搜索，当前完工时间: 1780.00
2025-04-08 16:09:13,136 - DEBUG - 局部搜索未能改进当前解
2025-04-08 16:09:13,140 - DEBUG - 执行AGV分配局部搜索，当前完工时间: 1782.00
2025-04-08 16:09:13,144 - DEBUG - AGV分配局部搜索成功！完工时间从 1782.00 降低到 1751.00，改进: 31.00 (1.74%)
2025-04-08 16:09:13,148 - DEBUG - 执行AGV分配局部搜索，当前完工时间: 1781.00
2025-04-08 16:09:13,152 - DEBUG - 局部搜索未能改进当前解
2025-04-08 16:09:13,156 - DEBUG - 执行AGV分配局部搜索，当前完工时间: 1792.00
2025-04-08 16:09:13,160 - DEBUG - 局部搜索未能改进当前解
2025-04-08 16:09:13,164 - DEBUG - 执行AGV分配局部搜索，当前完工时间: 1758.00
2025-04-08 16:09:13,168 - DEBUG - 局部搜索未能改进当前解
2025-04-08 16:09:13,172 - DEBUG - 执行AGV分配局部搜索，当前完工时间: 1827.00
2025-04-08 16:09:13,175 - DEBUG - 局部搜索未能改进当前解
2025-04-08 16:09:13,179 - DEBUG - 执行AGV分配局部搜索，当前完工时间: 1800.00
2025-04-08 16:09:13,183 - DEBUG - 局部搜索未能改进当前解
2025-04-08 16:09:13,186 - DEBUG - 执行AGV分配局部搜索，当前完工时间: 1948.00
2025-04-08 16:09:13,190 - DEBUG - 局部搜索未能改进当前解
2025-04-08 16:09:13,193 - DEBUG - 执行AGV分配局部搜索，当前完工时间: 1756.00
2025-04-08 16:09:13,198 - DEBUG - 局部搜索未能改进当前解
2025-04-08 16:09:13,201 - DEBUG - 执行AGV分配局部搜索，当前完工时间: 1814.00
2025-04-08 16:09:13,207 - DEBUG - 局部搜索未能改进当前解
2025-04-08 16:09:13,210 - DEBUG - 执行AGV分配局部搜索，当前完工时间: 1801.00
2025-04-08 16:09:13,214 - DEBUG - 局部搜索未能改进当前解
2025-04-08 16:09:13,218 - DEBUG - 执行AGV分配局部搜索，当前完工时间: 1755.00
2025-04-08 16:09:13,221 - DEBUG - 局部搜索未能改进当前解
2025-04-08 16:09:13,225 - DEBUG - 执行AGV分配局部搜索，当前完工时间: 1782.00
2025-04-08 16:09:13,229 - DEBUG - 局部搜索未能改进当前解
2025-04-08 16:09:13,232 - DEBUG - 执行AGV分配局部搜索，当前完工时间: 1736.00
2025-04-08 16:09:13,236 - DEBUG - 局部搜索未能改进当前解
2025-04-08 16:09:13,240 - DEBUG - 执行AGV分配局部搜索，当前完工时间: 1804.00
2025-04-08 16:09:13,244 - DEBUG - 局部搜索未能改进当前解
2025-04-08 16:09:13,248 - DEBUG - 执行AGV分配局部搜索，当前完工时间: 1737.00
2025-04-08 16:09:13,251 - DEBUG - 局部搜索未能改进当前解
2025-04-08 16:09:13,254 - DEBUG - 执行AGV分配局部搜索，当前完工时间: 1779.00
2025-04-08 16:09:13,257 - DEBUG - 局部搜索未能改进当前解
2025-04-08 16:09:13,262 - DEBUG - 执行AGV分配局部搜索，当前完工时间: 1753.00
2025-04-08 16:09:13,266 - DEBUG - 局部搜索未能改进当前解
2025-04-08 16:09:13,270 - DEBUG - 执行AGV分配局部搜索，当前完工时间: 1742.00
2025-04-08 16:09:13,273 - DEBUG - 局部搜索未能改进当前解
2025-04-08 16:09:13,277 - DEBUG - 执行AGV分配局部搜索，当前完工时间: 1745.00
2025-04-08 16:09:13,281 - DEBUG - 局部搜索未能改进当前解
2025-04-08 16:09:13,284 - DEBUG - 执行AGV分配局部搜索，当前完工时间: 1875.00
2025-04-08 16:09:13,288 - DEBUG - 局部搜索未能改进当前解
2025-04-08 16:09:13,292 - DEBUG - 执行AGV分配局部搜索，当前完工时间: 1732.00
2025-04-08 16:09:13,295 - DEBUG - 局部搜索未能改进当前解
2025-04-08 16:09:13,300 - DEBUG - 执行AGV分配局部搜索，当前完工时间: 1828.00
2025-04-08 16:09:13,303 - DEBUG - 局部搜索未能改进当前解
2025-04-08 16:09:13,307 - DEBUG - 执行AGV分配局部搜索，当前完工时间: 1893.00
2025-04-08 16:09:13,310 - DEBUG - 局部搜索未能改进当前解
2025-04-08 16:09:13,314 - DEBUG - 执行AGV分配局部搜索，当前完工时间: 1818.00
2025-04-08 16:09:13,318 - DEBUG - 局部搜索未能改进当前解
2025-04-08 16:09:13,320 - DEBUG - 执行AGV分配局部搜索，当前完工时间: 1688.00
2025-04-08 16:09:13,325 - DEBUG - 局部搜索未能改进当前解
2025-04-08 16:09:13,329 - DEBUG - 执行AGV分配局部搜索，当前完工时间: 1785.00
2025-04-08 16:09:13,332 - DEBUG - 局部搜索未能改进当前解
2025-04-08 16:09:13,336 - DEBUG - 执行AGV分配局部搜索，当前完工时间: 1742.00
2025-04-08 16:09:13,338 - DEBUG - 局部搜索未能改进当前解
2025-04-08 16:09:13,344 - DEBUG - 执行AGV分配局部搜索，当前完工时间: 1684.00
2025-04-08 16:09:13,347 - DEBUG - 局部搜索未能改进当前解
2025-04-08 16:09:13,351 - DEBUG - 执行AGV分配局部搜索，当前完工时间: 1828.00
2025-04-08 16:09:13,355 - DEBUG - 局部搜索未能改进当前解
2025-04-08 16:09:13,359 - DEBUG - 执行AGV分配局部搜索，当前完工时间: 1885.00
2025-04-08 16:09:13,362 - DEBUG - 局部搜索未能改进当前解
2025-04-08 16:09:13,362 - DEBUG - ==================================================
2025-04-08 16:09:13,362 - DEBUG - Efficiency Statistics of Local Search :
2025-04-08 16:09:13,362 - DEBUG - Number of attempts: 99
2025-04-08 16:09:13,362 - DEBUG - Average Success Rate: 15.15%
2025-04-08 16:09:13,362 - DEBUG - AGV Local Search Success: 15，Average Improvement: 14.80
2025-04-08 16:09:13,366 - DEBUG - 执行AGV分配局部搜索，当前完工时间: 1835.00
2025-04-08 16:09:13,370 - DEBUG - 局部搜索未能改进当前解
2025-04-08 16:09:13,375 - DEBUG - 执行AGV分配局部搜索，当前完工时间: 1821.00
2025-04-08 16:09:13,379 - DEBUG - AGV分配局部搜索成功！完工时间从 1821.00 降低到 1814.00，改进: 7.00 (0.38%)
2025-04-08 16:09:13,384 - DEBUG - 执行AGV分配局部搜索，当前完工时间: 1752.00
2025-04-08 16:09:13,387 - DEBUG - AGV分配局部搜索成功！完工时间从 1752.00 降低到 1741.00，改进: 11.00 (0.63%)
2025-04-08 16:09:13,391 - DEBUG - 执行AGV分配局部搜索，当前完工时间: 1772.00
2025-04-08 16:09:13,394 - DEBUG - 局部搜索未能改进当前解
2025-04-08 16:09:13,399 - DEBUG - 执行AGV分配局部搜索，当前完工时间: 1740.00
2025-04-08 16:09:13,403 - DEBUG - 局部搜索未能改进当前解
2025-04-08 16:09:13,406 - DEBUG - 执行AGV分配局部搜索，当前完工时间: 1942.00
2025-04-08 16:09:13,410 - DEBUG - 局部搜索未能改进当前解
2025-04-08 16:09:13,414 - DEBUG - 执行AGV分配局部搜索，当前完工时间: 1726.00
2025-04-08 16:09:13,417 - DEBUG - 局部搜索未能改进当前解
2025-04-08 16:09:13,420 - DEBUG - 执行AGV分配局部搜索，当前完工时间: 1837.00
2025-04-08 16:09:13,425 - DEBUG - AGV分配局部搜索成功！完工时间从 1837.00 降低到 1826.00，改进: 11.00 (0.60%)
2025-04-08 16:09:13,429 - DEBUG - 执行AGV分配局部搜索，当前完工时间: 1773.00
2025-04-08 16:09:13,433 - DEBUG - 局部搜索未能改进当前解
2025-04-08 16:09:13,437 - DEBUG - 执行AGV分配局部搜索，当前完工时间: 1816.00
2025-04-08 16:09:13,441 - DEBUG - AGV分配局部搜索成功！完工时间从 1816.00 降低到 1791.00，改进: 25.00 (1.38%)
2025-04-08 16:09:13,445 - DEBUG - 执行AGV分配局部搜索，当前完工时间: 1791.00
2025-04-08 16:09:13,449 - DEBUG - 局部搜索未能改进当前解
2025-04-08 16:09:13,452 - DEBUG - 执行AGV分配局部搜索，当前完工时间: 1873.00
2025-04-08 16:09:13,455 - DEBUG - AGV分配局部搜索成功！完工时间从 1873.00 降低到 1845.00，改进: 28.00 (1.49%)
2025-04-08 16:09:13,459 - DEBUG - 执行AGV分配局部搜索，当前完工时间: 1738.00
2025-04-08 16:09:13,464 - DEBUG - 局部搜索未能改进当前解
2025-04-08 16:09:13,467 - DEBUG - 执行AGV分配局部搜索，当前完工时间: 1826.00
2025-04-08 16:09:13,470 - DEBUG - 局部搜索未能改进当前解
2025-04-08 16:09:13,475 - DEBUG - 执行AGV分配局部搜索，当前完工时间: 1764.00
2025-04-08 16:09:13,480 - DEBUG - 局部搜索未能改进当前解
2025-04-08 16:09:13,484 - DEBUG - 执行AGV分配局部搜索，当前完工时间: 1756.00
2025-04-08 16:09:13,487 - DEBUG - AGV分配局部搜索成功！完工时间从 1756.00 降低到 1745.00，改进: 11.00 (0.63%)
2025-04-08 16:09:13,491 - DEBUG - 执行AGV分配局部搜索，当前完工时间: 1792.00
2025-04-08 16:09:13,494 - DEBUG - 局部搜索未能改进当前解
2025-04-08 16:09:13,499 - DEBUG - 执行AGV分配局部搜索，当前完工时间: 1862.00
2025-04-08 16:09:13,502 - DEBUG - 局部搜索未能改进当前解
2025-04-08 16:09:13,506 - DEBUG - 执行AGV分配局部搜索，当前完工时间: 1756.00
2025-04-08 16:09:13,509 - DEBUG - 局部搜索未能改进当前解
2025-04-08 16:09:13,512 - DEBUG - 执行AGV分配局部搜索，当前完工时间: 1784.00
2025-04-08 16:09:13,516 - DEBUG - AGV分配局部搜索成功！完工时间从 1784.00 降低到 1783.00，改进: 1.00 (0.06%)
2025-04-08 16:09:13,520 - DEBUG - 执行AGV分配局部搜索，当前完工时间: 1776.00
2025-04-08 16:09:13,523 - DEBUG - 局部搜索未能改进当前解
2025-04-08 16:09:13,528 - DEBUG - 执行AGV分配局部搜索，当前完工时间: 1736.00
2025-04-08 16:09:13,531 - DEBUG - 局部搜索未能改进当前解
2025-04-08 16:09:13,534 - DEBUG - 执行AGV分配局部搜索，当前完工时间: 1740.00
2025-04-08 16:09:13,538 - DEBUG - 局部搜索未能改进当前解
2025-04-08 16:09:13,543 - DEBUG - 执行AGV分配局部搜索，当前完工时间: 1816.00
2025-04-08 16:09:13,547 - DEBUG - 局部搜索未能改进当前解
2025-04-08 16:09:13,550 - DEBUG - 执行AGV分配局部搜索，当前完工时间: 1731.00
2025-04-08 16:09:13,554 - DEBUG - 局部搜索未能改进当前解
2025-04-08 16:09:13,557 - DEBUG - 执行AGV分配局部搜索，当前完工时间: 1825.00
2025-04-08 16:09:13,562 - DEBUG - 局部搜索未能改进当前解
2025-04-08 16:09:13,565 - DEBUG - 执行AGV分配局部搜索，当前完工时间: 1764.00
2025-04-08 16:09:13,568 - DEBUG - AGV分配局部搜索成功！完工时间从 1764.00 降低到 1751.00，改进: 13.00 (0.74%)
2025-04-08 16:09:13,572 - DEBUG - 执行AGV分配局部搜索，当前完工时间: 1795.00
2025-04-08 16:09:13,575 - DEBUG - AGV分配局部搜索成功！完工时间从 1795.00 降低到 1778.00，改进: 17.00 (0.95%)
2025-04-08 16:09:13,579 - DEBUG - 执行AGV分配局部搜索，当前完工时间: 1662.00
2025-04-08 16:09:13,583 - DEBUG - 局部搜索未能改进当前解
2025-04-08 16:09:13,586 - DEBUG - 执行AGV分配局部搜索，当前完工时间: 1773.00
2025-04-08 16:09:13,590 - DEBUG - 局部搜索未能改进当前解
2025-04-08 16:09:13,594 - DEBUG - 执行AGV分配局部搜索，当前完工时间: 1748.00
2025-04-08 16:09:13,597 - DEBUG - 局部搜索未能改进当前解
2025-04-08 16:09:13,602 - DEBUG - 执行AGV分配局部搜索，当前完工时间: 1815.00
2025-04-08 16:09:13,605 - DEBUG - 局部搜索未能改进当前解
2025-04-08 16:09:13,608 - DEBUG - 执行AGV分配局部搜索，当前完工时间: 1794.00
2025-04-08 16:09:13,612 - DEBUG - AGV分配局部搜索成功！完工时间从 1794.00 降低到 1789.00，改进: 5.00 (0.28%)
2025-04-08 16:09:13,616 - DEBUG - 执行AGV分配局部搜索，当前完工时间: 1742.00
2025-04-08 16:09:13,620 - DEBUG - 局部搜索未能改进当前解
2025-04-08 16:09:13,624 - DEBUG - 执行AGV分配局部搜索，当前完工时间: 1796.00
2025-04-08 16:09:13,628 - DEBUG - 局部搜索未能改进当前解
2025-04-08 16:09:13,631 - DEBUG - 执行AGV分配局部搜索，当前完工时间: 1841.00
2025-04-08 16:09:13,634 - DEBUG - 局部搜索未能改进当前解
2025-04-08 16:09:13,639 - DEBUG - 执行AGV分配局部搜索，当前完工时间: 1877.00
2025-04-08 16:09:13,642 - DEBUG - AGV分配局部搜索成功！完工时间从 1877.00 降低到 1853.00，改进: 24.00 (1.28%)
2025-04-08 16:09:13,645 - DEBUG - 执行AGV分配局部搜索，当前完工时间: 1732.00
2025-04-08 16:09:13,649 - DEBUG - 局部搜索未能改进当前解
2025-04-08 16:09:13,653 - DEBUG - 执行AGV分配局部搜索，当前完工时间: 1812.00
2025-04-08 16:09:13,656 - DEBUG - AGV分配局部搜索成功！完工时间从 1812.00 降低到 1803.00，改进: 9.00 (0.50%)
2025-04-08 16:09:13,660 - DEBUG - 执行AGV分配局部搜索，当前完工时间: 1799.00
2025-04-08 16:09:13,664 - DEBUG - 局部搜索未能改进当前解
2025-04-08 16:09:13,668 - DEBUG - 执行AGV分配局部搜索，当前完工时间: 1725.00
2025-04-08 16:09:13,672 - DEBUG - AGV分配局部搜索成功！完工时间从 1725.00 降低到 1722.00，改进: 3.00 (0.17%)
2025-04-08 16:09:13,675 - DEBUG - 执行AGV分配局部搜索，当前完工时间: 1741.00
2025-04-08 16:09:13,679 - DEBUG - AGV分配局部搜索成功！完工时间从 1741.00 降低到 1723.00，改进: 18.00 (1.03%)
2025-04-08 16:09:13,682 - DEBUG - 执行AGV分配局部搜索，当前完工时间: 1721.00
2025-04-08 16:09:13,686 - DEBUG - 局部搜索未能改进当前解
2025-04-08 16:09:13,690 - DEBUG - 执行AGV分配局部搜索，当前完工时间: 1709.00
2025-04-08 16:09:13,693 - DEBUG - AGV分配局部搜索成功！完工时间从 1709.00 降低到 1696.00，改进: 13.00 (0.76%)
2025-04-08 16:09:13,696 - DEBUG - 执行AGV分配局部搜索，当前完工时间: 1889.00
2025-04-08 16:09:13,701 - DEBUG - 局部搜索未能改进当前解
2025-04-08 16:09:13,705 - DEBUG - 执行AGV分配局部搜索，当前完工时间: 1800.00
2025-04-08 16:09:13,708 - DEBUG - 局部搜索未能改进当前解
2025-04-08 16:09:13,713 - DEBUG - 执行AGV分配局部搜索，当前完工时间: 1820.00
2025-04-08 16:09:13,716 - DEBUG - AGV分配局部搜索成功！完工时间从 1820.00 降低到 1781.00，改进: 39.00 (2.14%)
2025-04-08 16:09:13,720 - DEBUG - 执行AGV分配局部搜索，当前完工时间: 1808.00
2025-04-08 16:09:13,723 - DEBUG - 局部搜索未能改进当前解
2025-04-08 16:09:13,726 - DEBUG - 执行AGV分配局部搜索，当前完工时间: 1774.00
2025-04-08 16:09:13,731 - DEBUG - 局部搜索未能改进当前解
2025-04-08 16:09:13,734 - DEBUG - 执行AGV分配局部搜索，当前完工时间: 1858.00
2025-04-08 16:09:13,738 - DEBUG - 局部搜索未能改进当前解
2025-04-08 16:09:13,742 - DEBUG - 执行AGV分配局部搜索，当前完工时间: 1827.00
2025-04-08 16:09:13,745 - DEBUG - 局部搜索未能改进当前解
2025-04-08 16:09:13,750 - DEBUG - 执行AGV分配局部搜索，当前完工时间: 1746.00
2025-04-08 16:09:13,754 - DEBUG - 局部搜索未能改进当前解
2025-04-08 16:09:13,757 - DEBUG - 执行AGV分配局部搜索，当前完工时间: 1728.00
2025-04-08 16:09:13,760 - DEBUG - 局部搜索未能改进当前解
2025-04-08 16:09:13,764 - DEBUG - 执行AGV分配局部搜索，当前完工时间: 1822.00
2025-04-08 16:09:13,768 - DEBUG - 局部搜索未能改进当前解
2025-04-08 16:09:13,771 - DEBUG - 执行AGV分配局部搜索，当前完工时间: 1821.00
2025-04-08 16:09:13,774 - DEBUG - AGV分配局部搜索成功！完工时间从 1821.00 降低到 1802.00，改进: 19.00 (1.04%)
2025-04-08 16:09:13,779 - DEBUG - 执行AGV分配局部搜索，当前完工时间: 1688.00
2025-04-08 16:09:13,782 - DEBUG - AGV分配局部搜索成功！完工时间从 1688.00 降低到 1675.00，改进: 13.00 (0.77%)
2025-04-08 16:09:13,786 - DEBUG - 执行AGV分配局部搜索，当前完工时间: 1793.00
2025-04-08 16:09:13,790 - DEBUG - 局部搜索未能改进当前解
2025-04-08 16:09:13,795 - DEBUG - 执行AGV分配局部搜索，当前完工时间: 1844.00
2025-04-08 16:09:13,798 - DEBUG - 局部搜索未能改进当前解
2025-04-08 16:09:13,803 - DEBUG - 执行AGV分配局部搜索，当前完工时间: 1843.00
2025-04-08 16:09:13,806 - DEBUG - AGV分配局部搜索成功！完工时间从 1843.00 降低到 1803.00，改进: 40.00 (2.17%)
2025-04-08 16:09:13,809 - DEBUG - 执行AGV分配局部搜索，当前完工时间: 1688.00
2025-04-08 16:09:13,813 - DEBUG - AGV分配局部搜索成功！完工时间从 1688.00 降低到 1677.00，改进: 11.00 (0.65%)
2025-04-08 16:09:13,817 - DEBUG - 执行AGV分配局部搜索，当前完工时间: 1820.00
2025-04-08 16:09:13,820 - DEBUG - 局部搜索未能改进当前解
2025-04-08 16:09:13,824 - DEBUG - 执行AGV分配局部搜索，当前完工时间: 1784.00
2025-04-08 16:09:13,829 - DEBUG - 局部搜索未能改进当前解
2025-04-08 16:09:13,832 - DEBUG - 执行AGV分配局部搜索，当前完工时间: 1740.00
2025-04-08 16:09:13,836 - DEBUG - 局部搜索未能改进当前解
2025-04-08 16:09:13,838 - DEBUG - 执行AGV分配局部搜索，当前完工时间: 1860.00
2025-04-08 16:09:13,844 - DEBUG - 局部搜索未能改进当前解
2025-04-08 16:09:13,847 - DEBUG - 执行AGV分配局部搜索，当前完工时间: 1808.00
2025-04-08 16:09:13,851 - DEBUG - 局部搜索未能改进当前解
2025-04-08 16:09:13,855 - DEBUG - 执行AGV分配局部搜索，当前完工时间: 1795.00
2025-04-08 16:09:13,858 - DEBUG - 局部搜索未能改进当前解
2025-04-08 16:09:13,861 - DEBUG - 执行AGV分配局部搜索，当前完工时间: 1823.00
2025-04-08 16:09:13,865 - DEBUG - 局部搜索未能改进当前解
2025-04-08 16:09:13,869 - DEBUG - 执行AGV分配局部搜索，当前完工时间: 1883.00
2025-04-08 16:09:13,873 - DEBUG - 局部搜索未能改进当前解
2025-04-08 16:09:13,877 - DEBUG - 执行AGV分配局部搜索，当前完工时间: 1792.00
2025-04-08 16:09:13,882 - DEBUG - 局部搜索未能改进当前解
2025-04-08 16:09:13,885 - DEBUG - 执行AGV分配局部搜索，当前完工时间: 1732.00
2025-04-08 16:09:13,889 - DEBUG - 局部搜索未能改进当前解
2025-04-08 16:09:13,892 - DEBUG - 执行AGV分配局部搜索，当前完工时间: 1813.00
2025-04-08 16:09:13,895 - DEBUG - AGV分配局部搜索成功！完工时间从 1813.00 降低到 1809.00，改进: 4.00 (0.22%)
2025-04-08 16:09:13,900 - DEBUG - 执行AGV分配局部搜索，当前完工时间: 1803.00
2025-04-08 16:09:13,904 - DEBUG - 局部搜索未能改进当前解
2025-04-08 16:09:13,907 - DEBUG - 执行AGV分配局部搜索，当前完工时间: 1802.00
2025-04-08 16:09:13,911 - DEBUG - 局部搜索未能改进当前解
2025-04-08 16:09:13,914 - DEBUG - 执行AGV分配局部搜索，当前完工时间: 1844.00
2025-04-08 16:09:13,918 - DEBUG - 局部搜索未能改进当前解
2025-04-08 16:09:13,921 - DEBUG - 执行AGV分配局部搜索，当前完工时间: 1827.00
2025-04-08 16:09:13,925 - DEBUG - 局部搜索未能改进当前解
2025-04-08 16:09:13,928 - DEBUG - 执行AGV分配局部搜索，当前完工时间: 1747.00
2025-04-08 16:09:13,932 - DEBUG - 局部搜索未能改进当前解
2025-04-08 16:09:13,936 - DEBUG - 执行AGV分配局部搜索，当前完工时间: 1780.00
2025-04-08 16:09:13,939 - DEBUG - AGV分配局部搜索成功！完工时间从 1780.00 降低到 1743.00，改进: 37.00 (2.08%)
2025-04-08 16:09:13,943 - DEBUG - 执行AGV分配局部搜索，当前完工时间: 1795.00
2025-04-08 16:09:13,946 - DEBUG - AGV分配局部搜索成功！完工时间从 1795.00 降低到 1763.00，改进: 32.00 (1.78%)
2025-04-08 16:09:13,949 - DEBUG - 执行AGV分配局部搜索，当前完工时间: 1822.00
2025-04-08 16:09:13,954 - DEBUG - 局部搜索未能改进当前解
2025-04-08 16:09:13,958 - DEBUG - 执行AGV分配局部搜索，当前完工时间: 1833.00
2025-04-08 16:09:13,962 - DEBUG - AGV分配局部搜索成功！完工时间从 1833.00 降低到 1800.00，改进: 33.00 (1.80%)
2025-04-08 16:09:13,964 - DEBUG - 执行AGV分配局部搜索，当前完工时间: 1787.00
2025-04-08 16:09:13,968 - DEBUG - 局部搜索未能改进当前解
2025-04-08 16:09:13,972 - DEBUG - 执行AGV分配局部搜索，当前完工时间: 1697.00
2025-04-08 16:09:13,976 - DEBUG - 局部搜索未能改进当前解
2025-04-08 16:09:13,980 - DEBUG - 执行AGV分配局部搜索，当前完工时间: 1889.00
2025-04-08 16:09:13,984 - DEBUG - AGV分配局部搜索成功！完工时间从 1889.00 降低到 1888.00，改进: 1.00 (0.05%)
2025-04-08 16:09:13,989 - DEBUG - 执行AGV分配局部搜索，当前完工时间: 1703.00
2025-04-08 16:09:13,992 - DEBUG - 局部搜索未能改进当前解
2025-04-08 16:09:13,995 - DEBUG - 执行AGV分配局部搜索，当前完工时间: 1840.00
2025-04-08 16:09:13,999 - DEBUG - 局部搜索未能改进当前解
2025-04-08 16:09:14,003 - DEBUG - 执行AGV分配局部搜索，当前完工时间: 1836.00
2025-04-08 16:09:14,006 - DEBUG - AGV分配局部搜索成功！完工时间从 1836.00 降低到 1728.00，改进: 108.00 (5.88%)
2025-04-08 16:09:14,011 - DEBUG - 执行AGV分配局部搜索，当前完工时间: 1849.00
2025-04-08 16:09:14,013 - DEBUG - 局部搜索未能改进当前解
2025-04-08 16:09:14,019 - DEBUG - 执行AGV分配局部搜索，当前完工时间: 1746.00
2025-04-08 16:09:14,022 - DEBUG - 局部搜索未能改进当前解
2025-04-08 16:09:14,025 - DEBUG - 执行AGV分配局部搜索，当前完工时间: 1768.00
2025-04-08 16:09:14,029 - DEBUG - 局部搜索未能改进当前解
2025-04-08 16:09:14,033 - DEBUG - 执行AGV分配局部搜索，当前完工时间: 1728.00
2025-04-08 16:09:14,037 - DEBUG - 局部搜索未能改进当前解
2025-04-08 16:09:14,040 - DEBUG - 执行AGV分配局部搜索，当前完工时间: 1719.00
2025-04-08 16:09:14,043 - DEBUG - 局部搜索未能改进当前解
2025-04-08 16:09:14,047 - DEBUG - 执行AGV分配局部搜索，当前完工时间: 1866.00
2025-04-08 16:09:14,051 - DEBUG - 局部搜索未能改进当前解
2025-04-08 16:09:14,055 - DEBUG - 执行AGV分配局部搜索，当前完工时间: 1766.00
2025-04-08 16:09:14,058 - DEBUG - 局部搜索未能改进当前解
2025-04-08 16:09:14,062 - DEBUG - 执行AGV分配局部搜索，当前完工时间: 1761.00
2025-04-08 16:09:14,065 - DEBUG - 局部搜索未能改进当前解
2025-04-08 16:09:14,069 - DEBUG - 执行AGV分配局部搜索，当前完工时间: 1730.00
2025-04-08 16:09:14,073 - DEBUG - 局部搜索未能改进当前解
2025-04-08 16:09:14,076 - DEBUG - 执行AGV分配局部搜索，当前完工时间: 1706.00
2025-04-08 16:09:14,079 - DEBUG - 局部搜索未能改进当前解
2025-04-08 16:09:14,084 - DEBUG - 执行AGV分配局部搜索，当前完工时间: 1738.00
2025-04-08 16:09:14,087 - DEBUG - 局部搜索未能改进当前解
2025-04-08 16:09:14,091 - DEBUG - 执行AGV分配局部搜索，当前完工时间: 1801.00
2025-04-08 16:09:14,095 - DEBUG - 局部搜索未能改进当前解
2025-04-08 16:09:14,097 - DEBUG - 执行AGV分配局部搜索，当前完工时间: 1684.00
2025-04-08 16:09:14,101 - DEBUG - 局部搜索未能改进当前解
2025-04-08 16:09:14,101 - DEBUG - ==================================================
2025-04-08 16:09:14,103 - DEBUG - Efficiency Statistics of Local Search :
2025-04-08 16:09:14,103 - DEBUG - Number of attempts: 99
2025-04-08 16:09:14,103 - DEBUG - Average Success Rate: 26.26%
2025-04-08 16:09:14,103 - DEBUG - AGV Local Search Success: 26，Average Improvement: 20.50
2025-04-08 16:09:14,107 - DEBUG - 执行AGV分配局部搜索，当前完工时间: 1799.00
2025-04-08 16:09:14,110 - DEBUG - AGV分配局部搜索成功！完工时间从 1799.00 降低到 1730.00，改进: 69.00 (3.84%)
2025-04-08 16:09:14,114 - DEBUG - 执行AGV分配局部搜索，当前完工时间: 1786.00
2025-04-08 16:09:14,117 - DEBUG - 局部搜索未能改进当前解
2025-04-08 16:09:14,121 - DEBUG - 执行AGV分配局部搜索，当前完工时间: 1786.00
2025-04-08 16:09:14,125 - DEBUG - 局部搜索未能改进当前解
2025-04-08 16:09:14,129 - DEBUG - 执行AGV分配局部搜索，当前完工时间: 1718.00
2025-04-08 16:09:14,133 - DEBUG - 局部搜索未能改进当前解
2025-04-08 16:09:14,136 - DEBUG - 执行AGV分配局部搜索，当前完工时间: 1787.00
2025-04-08 16:09:14,142 - DEBUG - 局部搜索未能改进当前解
2025-04-08 16:09:14,147 - DEBUG - 执行AGV分配局部搜索，当前完工时间: 1792.00
2025-04-08 16:09:14,151 - DEBUG - 局部搜索未能改进当前解
2025-04-08 16:09:14,156 - DEBUG - 执行AGV分配局部搜索，当前完工时间: 1785.00
2025-04-08 16:09:14,161 - DEBUG - 局部搜索未能改进当前解
2025-04-08 16:09:14,164 - DEBUG - 执行AGV分配局部搜索，当前完工时间: 1805.00
2025-04-08 16:09:14,168 - DEBUG - 局部搜索未能改进当前解
2025-04-08 16:09:14,172 - DEBUG - 执行AGV分配局部搜索，当前完工时间: 1755.00
2025-04-08 16:09:14,175 - DEBUG - 局部搜索未能改进当前解
2025-04-08 16:09:14,180 - DEBUG - 执行AGV分配局部搜索，当前完工时间: 1870.00
2025-04-08 16:09:14,182 - DEBUG - AGV分配局部搜索成功！完工时间从 1870.00 降低到 1855.00，改进: 15.00 (0.80%)
2025-04-08 16:09:14,187 - DEBUG - 执行AGV分配局部搜索，当前完工时间: 1745.00
2025-04-08 16:09:14,191 - DEBUG - 局部搜索未能改进当前解
2025-04-08 16:09:14,194 - DEBUG - 执行AGV分配局部搜索，当前完工时间: 1760.00
2025-04-08 16:09:14,197 - DEBUG - 局部搜索未能改进当前解
2025-04-08 16:09:14,202 - DEBUG - 执行AGV分配局部搜索，当前完工时间: 1720.00
2025-04-08 16:09:14,206 - DEBUG - 局部搜索未能改进当前解
2025-04-08 16:09:14,210 - DEBUG - 执行AGV分配局部搜索，当前完工时间: 1845.00
2025-04-08 16:09:14,213 - DEBUG - 局部搜索未能改进当前解
2025-04-08 16:09:14,217 - DEBUG - 执行AGV分配局部搜索，当前完工时间: 1786.00
2025-04-08 16:09:14,221 - DEBUG - 局部搜索未能改进当前解
2025-04-08 16:09:14,224 - DEBUG - 执行AGV分配局部搜索，当前完工时间: 1745.00
2025-04-08 16:09:14,228 - DEBUG - 局部搜索未能改进当前解
2025-04-08 16:09:14,232 - DEBUG - 执行AGV分配局部搜索，当前完工时间: 1836.00
2025-04-08 16:09:14,235 - DEBUG - 局部搜索未能改进当前解
2025-04-08 16:09:14,240 - DEBUG - 执行AGV分配局部搜索，当前完工时间: 1728.00
2025-04-08 16:09:14,243 - DEBUG - 局部搜索未能改进当前解
2025-04-08 16:09:14,247 - DEBUG - 执行AGV分配局部搜索，当前完工时间: 1715.00
2025-04-08 16:09:14,251 - DEBUG - 局部搜索未能改进当前解
2025-04-08 16:09:14,254 - DEBUG - 执行AGV分配局部搜索，当前完工时间: 1899.00
2025-04-08 16:09:14,257 - DEBUG - 局部搜索未能改进当前解
2025-04-08 16:09:14,262 - DEBUG - 执行AGV分配局部搜索，当前完工时间: 1676.00
2025-04-08 16:09:14,266 - DEBUG - 局部搜索未能改进当前解
2025-04-08 16:09:14,269 - DEBUG - 执行AGV分配局部搜索，当前完工时间: 1921.00
2025-04-08 16:09:14,272 - DEBUG - 局部搜索未能改进当前解
2025-04-08 16:09:14,275 - DEBUG - 执行AGV分配局部搜索，当前完工时间: 1824.00
2025-04-08 16:09:14,280 - DEBUG - 局部搜索未能改进当前解
2025-04-08 16:09:14,283 - DEBUG - 执行AGV分配局部搜索，当前完工时间: 1809.00
2025-04-08 16:09:14,287 - DEBUG - 局部搜索未能改进当前解
2025-04-08 16:09:14,291 - DEBUG - 执行AGV分配局部搜索，当前完工时间: 1757.00
2025-04-08 16:09:14,295 - DEBUG - 局部搜索未能改进当前解
2025-04-08 16:09:14,297 - DEBUG - 执行AGV分配局部搜索，当前完工时间: 1684.00
2025-04-08 16:09:14,301 - DEBUG - AGV分配局部搜索成功！完工时间从 1684.00 降低到 1668.00，改进: 16.00 (0.95%)
2025-04-08 16:09:14,305 - DEBUG - 执行AGV分配局部搜索，当前完工时间: 1758.00
2025-04-08 16:09:14,308 - DEBUG - 局部搜索未能改进当前解
2025-04-08 16:09:14,312 - DEBUG - 执行AGV分配局部搜索，当前完工时间: 1738.00
2025-04-08 16:09:14,316 - DEBUG - 局部搜索未能改进当前解
2025-04-08 16:09:14,319 - DEBUG - 执行AGV分配局部搜索，当前完工时间: 1723.00
2025-04-08 16:09:14,322 - DEBUG - AGV分配局部搜索成功！完工时间从 1723.00 降低到 1720.00，改进: 3.00 (0.17%)
2025-04-08 16:09:14,325 - DEBUG - 执行AGV分配局部搜索，当前完工时间: 1797.00
2025-04-08 16:09:14,329 - DEBUG - 局部搜索未能改进当前解
2025-04-08 16:09:14,333 - DEBUG - 执行AGV分配局部搜索，当前完工时间: 1762.00
2025-04-08 16:09:14,336 - DEBUG - 局部搜索未能改进当前解
2025-04-08 16:09:14,341 - DEBUG - 执行AGV分配局部搜索，当前完工时间: 1778.00
2025-04-08 16:09:14,344 - DEBUG - 局部搜索未能改进当前解
2025-04-08 16:09:14,348 - DEBUG - 执行AGV分配局部搜索，当前完工时间: 1795.00
2025-04-08 16:09:14,352 - DEBUG - 局部搜索未能改进当前解
2025-04-08 16:09:14,355 - DEBUG - 执行AGV分配局部搜索，当前完工时间: 1732.00
2025-04-08 16:09:14,359 - DEBUG - 局部搜索未能改进当前解
2025-04-08 16:09:14,363 - DEBUG - 执行AGV分配局部搜索，当前完工时间: 1677.00
2025-04-08 16:09:14,366 - DEBUG - 局部搜索未能改进当前解
2025-04-08 16:09:14,371 - DEBUG - 执行AGV分配局部搜索，当前完工时间: 1798.00
2025-04-08 16:09:14,374 - DEBUG - 局部搜索未能改进当前解
2025-04-08 16:09:14,378 - DEBUG - 执行AGV分配局部搜索，当前完工时间: 1850.00
2025-04-08 16:09:14,382 - DEBUG - 局部搜索未能改进当前解
2025-04-08 16:09:14,386 - DEBUG - 执行AGV分配局部搜索，当前完工时间: 1768.00
2025-04-08 16:09:14,389 - DEBUG - 局部搜索未能改进当前解
2025-04-08 16:09:14,393 - DEBUG - 执行AGV分配局部搜索，当前完工时间: 1851.00
2025-04-08 16:09:14,397 - DEBUG - 局部搜索未能改进当前解
2025-04-08 16:09:14,401 - DEBUG - 执行AGV分配局部搜索，当前完工时间: 1803.00
2025-04-08 16:09:14,405 - DEBUG - AGV分配局部搜索成功！完工时间从 1803.00 降低到 1762.00，改进: 41.00 (2.27%)
2025-04-08 16:09:14,409 - DEBUG - 执行AGV分配局部搜索，当前完工时间: 1888.00
2025-04-08 16:09:14,412 - DEBUG - AGV分配局部搜索成功！完工时间从 1888.00 降低到 1870.00，改进: 18.00 (0.95%)
2025-04-08 16:09:14,416 - DEBUG - 执行AGV分配局部搜索，当前完工时间: 1772.00
2025-04-08 16:09:14,420 - DEBUG - 局部搜索未能改进当前解
2025-04-08 16:09:14,423 - DEBUG - 执行AGV分配局部搜索，当前完工时间: 1773.00
2025-04-08 16:09:14,427 - DEBUG - 局部搜索未能改进当前解
2025-04-08 16:09:14,430 - DEBUG - 执行AGV分配局部搜索，当前完工时间: 1753.00
2025-04-08 16:09:14,434 - DEBUG - AGV分配局部搜索成功！完工时间从 1753.00 降低到 1733.00，改进: 20.00 (1.14%)
2025-04-08 16:09:14,437 - DEBUG - 执行AGV分配局部搜索，当前完工时间: 1778.00
2025-04-08 16:09:14,442 - DEBUG - 局部搜索未能改进当前解
2025-04-08 16:09:14,445 - DEBUG - 执行AGV分配局部搜索，当前完工时间: 1839.00
2025-04-08 16:09:14,449 - DEBUG - 局部搜索未能改进当前解
2025-04-08 16:09:14,453 - DEBUG - 执行AGV分配局部搜索，当前完工时间: 1812.00
2025-04-08 16:09:14,456 - DEBUG - 局部搜索未能改进当前解
2025-04-08 16:09:14,461 - DEBUG - 执行AGV分配局部搜索，当前完工时间: 1738.00
2025-04-08 16:09:14,464 - DEBUG - 局部搜索未能改进当前解
2025-04-08 16:09:14,468 - DEBUG - 执行AGV分配局部搜索，当前完工时间: 1831.00
2025-04-08 16:09:14,470 - DEBUG - 局部搜索未能改进当前解
2025-04-08 16:09:14,475 - DEBUG - 执行AGV分配局部搜索，当前完工时间: 1787.00
2025-04-08 16:09:14,480 - DEBUG - 局部搜索未能改进当前解
2025-04-08 16:09:14,484 - DEBUG - 执行AGV分配局部搜索，当前完工时间: 1758.00
2025-04-08 16:09:14,487 - DEBUG - 局部搜索未能改进当前解
2025-04-08 16:09:14,492 - DEBUG - 执行AGV分配局部搜索，当前完工时间: 1826.00
2025-04-08 16:09:14,495 - DEBUG - 局部搜索未能改进当前解
2025-04-08 16:09:14,499 - DEBUG - 执行AGV分配局部搜索，当前完工时间: 1863.00
2025-04-08 16:09:14,503 - DEBUG - 局部搜索未能改进当前解
2025-04-08 16:09:14,507 - DEBUG - 执行AGV分配局部搜索，当前完工时间: 1728.00
2025-04-08 16:09:14,510 - DEBUG - 局部搜索未能改进当前解
2025-04-08 16:09:14,514 - DEBUG - 执行AGV分配局部搜索，当前完工时间: 1777.00
2025-04-08 16:09:14,518 - DEBUG - 局部搜索未能改进当前解
2025-04-08 16:09:14,522 - DEBUG - 执行AGV分配局部搜索，当前完工时间: 1724.00
2025-04-08 16:09:14,526 - DEBUG - 局部搜索未能改进当前解
2025-04-08 16:09:14,530 - DEBUG - 执行AGV分配局部搜索，当前完工时间: 1787.00
2025-04-08 16:09:14,534 - DEBUG - 局部搜索未能改进当前解
2025-04-08 16:09:14,537 - DEBUG - 执行AGV分配局部搜索，当前完工时间: 1846.00
2025-04-08 16:09:14,541 - DEBUG - 局部搜索未能改进当前解
2025-04-08 16:09:14,545 - DEBUG - 执行AGV分配局部搜索，当前完工时间: 1743.00
2025-04-08 16:09:14,548 - DEBUG - 局部搜索未能改进当前解
2025-04-08 16:09:14,552 - DEBUG - 执行AGV分配局部搜索，当前完工时间: 1778.00
2025-04-08 16:09:14,555 - DEBUG - 局部搜索未能改进当前解
2025-04-08 16:09:14,559 - DEBUG - 执行AGV分配局部搜索，当前完工时间: 1877.00
2025-04-08 16:09:14,564 - DEBUG - AGV分配局部搜索成功！完工时间从 1877.00 降低到 1868.00，改进: 9.00 (0.48%)
2025-04-08 16:09:14,566 - DEBUG - 执行AGV分配局部搜索，当前完工时间: 1792.00
2025-04-08 16:09:14,570 - DEBUG - 局部搜索未能改进当前解
2025-04-08 16:09:14,575 - DEBUG - 执行AGV分配局部搜索，当前完工时间: 1791.00
2025-04-08 16:09:14,579 - DEBUG - AGV分配局部搜索成功！完工时间从 1791.00 降低到 1790.00，改进: 1.00 (0.06%)
2025-04-08 16:09:14,583 - DEBUG - 执行AGV分配局部搜索，当前完工时间: 1841.00
2025-04-08 16:09:14,586 - DEBUG - 局部搜索未能改进当前解
2025-04-08 16:09:14,590 - DEBUG - 执行AGV分配局部搜索，当前完工时间: 1794.00
2025-04-08 16:09:14,594 - DEBUG - 局部搜索未能改进当前解
2025-04-08 16:09:14,597 - DEBUG - 执行AGV分配局部搜索，当前完工时间: 1749.00
2025-04-08 16:09:14,601 - DEBUG - AGV分配局部搜索成功！完工时间从 1749.00 降低到 1734.00，改进: 15.00 (0.86%)
2025-04-08 16:09:14,606 - DEBUG - 执行AGV分配局部搜索，当前完工时间: 1684.00
2025-04-08 16:09:14,609 - DEBUG - 局部搜索未能改进当前解
2025-04-08 16:09:14,612 - DEBUG - 执行AGV分配局部搜索，当前完工时间: 1717.00
2025-04-08 16:09:14,617 - DEBUG - 局部搜索未能改进当前解
2025-04-08 16:09:14,621 - DEBUG - 执行AGV分配局部搜索，当前完工时间: 1740.00
2025-04-08 16:09:14,624 - DEBUG - 局部搜索未能改进当前解
2025-04-08 16:09:14,628 - DEBUG - 执行AGV分配局部搜索，当前完工时间: 1775.00
2025-04-08 16:09:14,632 - DEBUG - 局部搜索未能改进当前解
2025-04-08 16:09:14,636 - DEBUG - 执行AGV分配局部搜索，当前完工时间: 1773.00
2025-04-08 16:09:14,640 - DEBUG - 局部搜索未能改进当前解
2025-04-08 16:09:14,643 - DEBUG - 执行AGV分配局部搜索，当前完工时间: 1766.00
2025-04-08 16:09:14,647 - DEBUG - 局部搜索未能改进当前解
2025-04-08 16:09:14,651 - DEBUG - 执行AGV分配局部搜索，当前完工时间: 1724.00
2025-04-08 16:09:14,655 - DEBUG - 局部搜索未能改进当前解
2025-04-08 16:09:14,658 - DEBUG - 执行AGV分配局部搜索，当前完工时间: 1719.00
2025-04-08 16:09:14,662 - DEBUG - 局部搜索未能改进当前解
2025-04-08 16:09:14,665 - DEBUG - 执行AGV分配局部搜索，当前完工时间: 1876.00
2025-04-08 16:09:14,670 - DEBUG - 局部搜索未能改进当前解
2025-04-08 16:09:14,673 - DEBUG - 执行AGV分配局部搜索，当前完工时间: 1842.00
2025-04-08 16:09:14,676 - DEBUG - 局部搜索未能改进当前解
2025-04-08 16:09:14,681 - DEBUG - 执行AGV分配局部搜索，当前完工时间: 1786.00
2025-04-08 16:09:14,684 - DEBUG - AGV分配局部搜索成功！完工时间从 1786.00 降低到 1780.00，改进: 6.00 (0.34%)
2025-04-08 16:09:14,688 - DEBUG - 执行AGV分配局部搜索，当前完工时间: 1801.00
2025-04-08 16:09:14,692 - DEBUG - 局部搜索未能改进当前解
2025-04-08 16:09:14,696 - DEBUG - 执行AGV分配局部搜索，当前完工时间: 1782.00
2025-04-08 16:09:14,699 - DEBUG - 局部搜索未能改进当前解
2025-04-08 16:09:14,703 - DEBUG - 执行AGV分配局部搜索，当前完工时间: 1777.00
2025-04-08 16:09:14,707 - DEBUG - 局部搜索未能改进当前解
2025-04-08 16:09:14,710 - DEBUG - 执行AGV分配局部搜索，当前完工时间: 1790.00
2025-04-08 16:09:14,714 - DEBUG - 局部搜索未能改进当前解
2025-04-08 16:09:14,719 - DEBUG - 执行AGV分配局部搜索，当前完工时间: 1778.00
2025-04-08 16:09:14,722 - DEBUG - 局部搜索未能改进当前解
2025-04-08 16:09:14,725 - DEBUG - 执行AGV分配局部搜索，当前完工时间: 1768.00
2025-04-08 16:09:14,730 - DEBUG - 局部搜索未能改进当前解
2025-04-08 16:09:14,734 - DEBUG - 执行AGV分配局部搜索，当前完工时间: 1826.00
2025-04-08 16:09:14,737 - DEBUG - 局部搜索未能改进当前解
2025-04-08 16:09:14,741 - DEBUG - 执行AGV分配局部搜索，当前完工时间: 1739.00
2025-04-08 16:09:14,744 - DEBUG - 局部搜索未能改进当前解
2025-04-08 16:09:14,747 - DEBUG - 执行AGV分配局部搜索，当前完工时间: 1844.00
2025-04-08 16:09:14,752 - DEBUG - 局部搜索未能改进当前解
2025-04-08 16:09:14,755 - DEBUG - 执行AGV分配局部搜索，当前完工时间: 1739.00
2025-04-08 16:09:14,758 - DEBUG - AGV分配局部搜索成功！完工时间从 1739.00 降低到 1714.00，改进: 25.00 (1.44%)
2025-04-08 16:09:14,762 - DEBUG - 执行AGV分配局部搜索，当前完工时间: 1722.00
2025-04-08 16:09:14,767 - DEBUG - 局部搜索未能改进当前解
2025-04-08 16:09:14,770 - DEBUG - 执行AGV分配局部搜索，当前完工时间: 1731.00
2025-04-08 16:09:14,773 - DEBUG - 局部搜索未能改进当前解
2025-04-08 16:09:14,777 - DEBUG - 执行AGV分配局部搜索，当前完工时间: 1728.00
2025-04-08 16:09:14,780 - DEBUG - 局部搜索未能改进当前解
2025-04-08 16:09:14,784 - DEBUG - 执行AGV分配局部搜索，当前完工时间: 1686.00
2025-04-08 16:09:14,788 - DEBUG - 局部搜索未能改进当前解
2025-04-08 16:09:14,792 - DEBUG - 执行AGV分配局部搜索，当前完工时间: 1794.00
2025-04-08 16:09:14,795 - DEBUG - 局部搜索未能改进当前解
2025-04-08 16:09:14,799 - DEBUG - 执行AGV分配局部搜索，当前完工时间: 1842.00
2025-04-08 16:09:14,803 - DEBUG - 局部搜索未能改进当前解
2025-04-08 16:09:14,807 - DEBUG - 执行AGV分配局部搜索，当前完工时间: 1709.00
2025-04-08 16:09:14,810 - DEBUG - 局部搜索未能改进当前解
2025-04-08 16:09:14,815 - DEBUG - 执行AGV分配局部搜索，当前完工时间: 1714.00
2025-04-08 16:09:14,819 - DEBUG - 局部搜索未能改进当前解
2025-04-08 16:09:14,823 - DEBUG - 执行AGV分配局部搜索，当前完工时间: 1740.00
2025-04-08 16:09:14,826 - DEBUG - 局部搜索未能改进当前解
2025-04-08 16:09:14,830 - DEBUG - 执行AGV分配局部搜索，当前完工时间: 1832.00
2025-04-08 16:09:14,833 - DEBUG - 局部搜索未能改进当前解
2025-04-08 16:09:14,836 - DEBUG - 执行AGV分配局部搜索，当前完工时间: 1733.00
2025-04-08 16:09:14,840 - DEBUG - 局部搜索未能改进当前解
2025-04-08 16:09:14,844 - DEBUG - 执行AGV分配局部搜索，当前完工时间: 1849.00
2025-04-08 16:09:14,847 - DEBUG - 局部搜索未能改进当前解
2025-04-08 16:09:14,847 - DEBUG - ==================================================
2025-04-08 16:09:14,847 - DEBUG - Efficiency Statistics of Local Search :
2025-04-08 16:09:14,847 - DEBUG - Number of attempts: 99
2025-04-08 16:09:14,847 - DEBUG - Average Success Rate: 12.12%
2025-04-08 16:09:14,847 - DEBUG - AGV Local Search Success: 12，Average Improvement: 19.83
2025-04-08 16:09:14,852 - DEBUG - 执行AGV分配局部搜索，当前完工时间: 1712.00
2025-04-08 16:09:14,856 - DEBUG - AGV分配局部搜索成功！完工时间从 1712.00 降低到 1709.00，改进: 3.00 (0.18%)
2025-04-08 16:09:14,860 - DEBUG - 执行AGV分配局部搜索，当前完工时间: 1697.00
2025-04-08 16:09:14,864 - DEBUG - 局部搜索未能改进当前解
2025-04-08 16:09:14,866 - DEBUG - 执行AGV分配局部搜索，当前完工时间: 1820.00
2025-04-08 16:09:14,871 - DEBUG - 局部搜索未能改进当前解
2025-04-08 16:09:14,875 - DEBUG - 执行AGV分配局部搜索，当前完工时间: 1687.00
2025-04-08 16:09:14,879 - DEBUG - 局部搜索未能改进当前解
2025-04-08 16:09:14,882 - DEBUG - 执行AGV分配局部搜索，当前完工时间: 1782.00
2025-04-08 16:09:14,886 - DEBUG - 局部搜索未能改进当前解
2025-04-08 16:09:14,890 - DEBUG - 执行AGV分配局部搜索，当前完工时间: 1708.00
2025-04-08 16:09:14,893 - DEBUG - 局部搜索未能改进当前解
2025-04-08 16:09:14,897 - DEBUG - 执行AGV分配局部搜索，当前完工时间: 1790.00
2025-04-08 16:09:14,901 - DEBUG - 局部搜索未能改进当前解
2025-04-08 16:09:14,904 - DEBUG - 执行AGV分配局部搜索，当前完工时间: 1764.00
2025-04-08 16:09:14,908 - DEBUG - 局部搜索未能改进当前解
2025-04-08 16:09:14,912 - DEBUG - 执行AGV分配局部搜索，当前完工时间: 1799.00
2025-04-08 16:09:14,916 - DEBUG - 局部搜索未能改进当前解
2025-04-08 16:09:14,920 - DEBUG - 执行AGV分配局部搜索，当前完工时间: 1774.00
2025-04-08 16:09:14,923 - DEBUG - AGV分配局部搜索成功！完工时间从 1774.00 降低到 1736.00，改进: 38.00 (2.14%)
2025-04-08 16:09:14,926 - DEBUG - 执行AGV分配局部搜索，当前完工时间: 1766.00
2025-04-08 16:09:14,931 - DEBUG - 局部搜索未能改进当前解
2025-04-08 16:09:14,934 - DEBUG - 执行AGV分配局部搜索，当前完工时间: 1864.00
2025-04-08 16:09:14,938 - DEBUG - 局部搜索未能改进当前解
2025-04-08 16:09:14,941 - DEBUG - 执行AGV分配局部搜索，当前完工时间: 1791.00
2025-04-08 16:09:14,945 - DEBUG - 局部搜索未能改进当前解
2025-04-08 16:09:14,949 - DEBUG - 执行AGV分配局部搜索，当前完工时间: 1717.00
2025-04-08 16:09:14,953 - DEBUG - 局部搜索未能改进当前解
2025-04-08 16:09:14,957 - DEBUG - 执行AGV分配局部搜索，当前完工时间: 1865.00
2025-04-08 16:09:14,961 - DEBUG - AGV分配局部搜索成功！完工时间从 1865.00 降低到 1831.00，改进: 34.00 (1.82%)
2025-04-08 16:09:14,966 - DEBUG - 执行AGV分配局部搜索，当前完工时间: 1818.00
2025-04-08 16:09:14,970 - DEBUG - 局部搜索未能改进当前解
2025-04-08 16:09:14,973 - DEBUG - 执行AGV分配局部搜索，当前完工时间: 1824.00
2025-04-08 16:09:14,976 - DEBUG - AGV分配局部搜索成功！完工时间从 1824.00 降低到 1800.00，改进: 24.00 (1.32%)
2025-04-08 16:09:14,981 - DEBUG - 执行AGV分配局部搜索，当前完工时间: 1802.00
2025-04-08 16:09:14,984 - DEBUG - 局部搜索未能改进当前解
2025-04-08 16:09:14,989 - DEBUG - 执行AGV分配局部搜索，当前完工时间: 1806.00
2025-04-08 16:09:14,992 - DEBUG - 局部搜索未能改进当前解
2025-04-08 16:09:14,995 - DEBUG - 执行AGV分配局部搜索，当前完工时间: 1733.00
2025-04-08 16:09:14,999 - DEBUG - 局部搜索未能改进当前解
2025-04-08 16:09:15,002 - DEBUG - 执行AGV分配局部搜索，当前完工时间: 1808.00
2025-04-08 16:09:15,006 - DEBUG - AGV分配局部搜索成功！完工时间从 1808.00 降低到 1742.00，改进: 66.00 (3.65%)
2025-04-08 16:09:15,010 - DEBUG - 执行AGV分配局部搜索，当前完工时间: 1714.00
2025-04-08 16:09:15,014 - DEBUG - 局部搜索未能改进当前解
2025-04-08 16:09:15,018 - DEBUG - 执行AGV分配局部搜索，当前完工时间: 1745.00
2025-04-08 16:09:15,022 - DEBUG - 局部搜索未能改进当前解
2025-04-08 16:09:15,025 - DEBUG - 执行AGV分配局部搜索，当前完工时间: 1746.00
2025-04-08 16:09:15,029 - DEBUG - 局部搜索未能改进当前解
2025-04-08 16:09:15,033 - DEBUG - 执行AGV分配局部搜索，当前完工时间: 1688.00
2025-04-08 16:09:15,036 - DEBUG - 局部搜索未能改进当前解
2025-04-08 16:09:15,041 - DEBUG - 执行AGV分配局部搜索，当前完工时间: 1799.00
2025-04-08 16:09:15,045 - DEBUG - 局部搜索未能改进当前解
2025-04-08 16:09:15,048 - DEBUG - 执行AGV分配局部搜索，当前完工时间: 1722.00
2025-04-08 16:09:15,052 - DEBUG - 局部搜索未能改进当前解
2025-04-08 16:09:15,056 - DEBUG - 执行AGV分配局部搜索，当前完工时间: 1781.00
2025-04-08 16:09:15,060 - DEBUG - 局部搜索未能改进当前解
2025-04-08 16:09:15,064 - DEBUG - 执行AGV分配局部搜索，当前完工时间: 1746.00
2025-04-08 16:09:15,066 - DEBUG - 局部搜索未能改进当前解
2025-04-08 16:09:15,070 - DEBUG - 执行AGV分配局部搜索，当前完工时间: 1684.00
2025-04-08 16:09:15,074 - DEBUG - 局部搜索未能改进当前解
2025-04-08 16:09:15,079 - DEBUG - 执行AGV分配局部搜索，当前完工时间: 1749.00
2025-04-08 16:09:15,082 - DEBUG - 局部搜索未能改进当前解
2025-04-08 16:09:15,086 - DEBUG - 执行AGV分配局部搜索，当前完工时间: 1864.00
2025-04-08 16:09:15,088 - DEBUG - 局部搜索未能改进当前解
2025-04-08 16:09:15,094 - DEBUG - 执行AGV分配局部搜索，当前完工时间: 1680.00
2025-04-08 16:09:15,097 - DEBUG - 局部搜索未能改进当前解
2025-04-08 16:09:15,101 - DEBUG - 执行AGV分配局部搜索，当前完工时间: 1844.00
2025-04-08 16:09:15,104 - DEBUG - 局部搜索未能改进当前解
2025-04-08 16:09:15,108 - DEBUG - 执行AGV分配局部搜索，当前完工时间: 1778.00
2025-04-08 16:09:15,112 - DEBUG - 局部搜索未能改进当前解
2025-04-08 16:09:15,115 - DEBUG - 执行AGV分配局部搜索，当前完工时间: 1734.00
2025-04-08 16:09:15,119 - DEBUG - 局部搜索未能改进当前解
2025-04-08 16:09:15,123 - DEBUG - 执行AGV分配局部搜索，当前完工时间: 1758.00
2025-04-08 16:09:15,126 - DEBUG - 局部搜索未能改进当前解
2025-04-08 16:09:15,130 - DEBUG - 执行AGV分配局部搜索，当前完工时间: 1766.00
2025-04-08 16:09:15,134 - DEBUG - 局部搜索未能改进当前解
2025-04-08 16:09:15,138 - DEBUG - 执行AGV分配局部搜索，当前完工时间: 1762.00
2025-04-08 16:09:15,142 - DEBUG - 局部搜索未能改进当前解
2025-04-08 16:09:15,147 - DEBUG - 执行AGV分配局部搜索，当前完工时间: 1684.00
2025-04-08 16:09:15,151 - DEBUG - 局部搜索未能改进当前解
2025-04-08 16:09:15,155 - DEBUG - 执行AGV分配局部搜索，当前完工时间: 1748.00
2025-04-08 16:09:15,158 - DEBUG - 局部搜索未能改进当前解
2025-04-08 16:09:15,163 - DEBUG - 执行AGV分配局部搜索，当前完工时间: 1778.00
2025-04-08 16:09:15,166 - DEBUG - 局部搜索未能改进当前解
2025-04-08 16:09:15,170 - DEBUG - 执行AGV分配局部搜索，当前完工时间: 1728.00
2025-04-08 16:09:15,174 - DEBUG - 局部搜索未能改进当前解
2025-04-08 16:09:15,177 - DEBUG - 执行AGV分配局部搜索，当前完工时间: 1791.00
2025-04-08 16:09:15,181 - DEBUG - 局部搜索未能改进当前解
2025-04-08 16:09:15,186 - DEBUG - 执行AGV分配局部搜索，当前完工时间: 1724.00
2025-04-08 16:09:15,190 - DEBUG - 局部搜索未能改进当前解
2025-04-08 16:09:15,194 - DEBUG - 执行AGV分配局部搜索，当前完工时间: 1779.00
2025-04-08 16:09:15,198 - DEBUG - 局部搜索未能改进当前解
2025-04-08 16:09:15,200 - DEBUG - 执行AGV分配局部搜索，当前完工时间: 1768.00
2025-04-08 16:09:15,204 - DEBUG - 局部搜索未能改进当前解
2025-04-08 16:09:15,208 - DEBUG - 执行AGV分配局部搜索，当前完工时间: 1811.00
2025-04-08 16:09:15,212 - DEBUG - AGV分配局部搜索成功！完工时间从 1811.00 降低到 1807.00，改进: 4.00 (0.22%)
2025-04-08 16:09:15,216 - DEBUG - 执行AGV分配局部搜索，当前完工时间: 1744.00
2025-04-08 16:09:15,219 - DEBUG - 局部搜索未能改进当前解
2025-04-08 16:09:15,222 - DEBUG - 执行AGV分配局部搜索，当前完工时间: 1728.00
2025-04-08 16:09:15,226 - DEBUG - 局部搜索未能改进当前解
2025-04-08 16:09:15,230 - DEBUG - 执行AGV分配局部搜索，当前完工时间: 1720.00
2025-04-08 16:09:15,234 - DEBUG - 局部搜索未能改进当前解
2025-04-08 16:09:15,237 - DEBUG - 执行AGV分配局部搜索，当前完工时间: 1761.00
2025-04-08 16:09:15,241 - DEBUG - 局部搜索未能改进当前解
2025-04-08 16:09:15,245 - DEBUG - 执行AGV分配局部搜索，当前完工时间: 1686.00
2025-04-08 16:09:15,248 - DEBUG - 局部搜索未能改进当前解
2025-04-08 16:09:15,252 - DEBUG - 执行AGV分配局部搜索，当前完工时间: 1820.00
2025-04-08 16:09:15,256 - DEBUG - 局部搜索未能改进当前解
2025-04-08 16:09:15,260 - DEBUG - 执行AGV分配局部搜索，当前完工时间: 1738.00
2025-04-08 16:09:15,264 - DEBUG - 局部搜索未能改进当前解
2025-04-08 16:09:15,268 - DEBUG - 执行AGV分配局部搜索，当前完工时间: 1717.00
2025-04-08 16:09:15,271 - DEBUG - 局部搜索未能改进当前解
2025-04-08 16:09:15,275 - DEBUG - 执行AGV分配局部搜索，当前完工时间: 1799.00
2025-04-08 16:09:15,279 - DEBUG - AGV分配局部搜索成功！完工时间从 1799.00 降低到 1782.00，改进: 17.00 (0.94%)
2025-04-08 16:09:15,283 - DEBUG - 执行AGV分配局部搜索，当前完工时间: 1733.00
2025-04-08 16:09:15,286 - DEBUG - 局部搜索未能改进当前解
2025-04-08 16:09:15,290 - DEBUG - 执行AGV分配局部搜索，当前完工时间: 1775.00
2025-04-08 16:09:15,293 - DEBUG - 局部搜索未能改进当前解
2025-04-08 16:09:15,297 - DEBUG - 执行AGV分配局部搜索，当前完工时间: 1790.00
2025-04-08 16:09:15,300 - DEBUG - AGV分配局部搜索成功！完工时间从 1790.00 降低到 1788.00，改进: 2.00 (0.11%)
2025-04-08 16:09:15,304 - DEBUG - 执行AGV分配局部搜索，当前完工时间: 1826.00
2025-04-08 16:09:15,307 - DEBUG - 局部搜索未能改进当前解
2025-04-08 16:09:15,312 - DEBUG - 执行AGV分配局部搜索，当前完工时间: 1719.00
2025-04-08 16:09:15,315 - DEBUG - 局部搜索未能改进当前解
2025-04-08 16:09:15,319 - DEBUG - 执行AGV分配局部搜索，当前完工时间: 1848.00
2025-04-08 16:09:15,322 - DEBUG - 局部搜索未能改进当前解
2025-04-08 16:09:15,327 - DEBUG - 执行AGV分配局部搜索，当前完工时间: 1725.00
2025-04-08 16:09:15,330 - DEBUG - 局部搜索未能改进当前解
2025-04-08 16:09:15,333 - DEBUG - 执行AGV分配局部搜索，当前完工时间: 1837.00
2025-04-08 16:09:15,337 - DEBUG - 局部搜索未能改进当前解
2025-04-08 16:09:15,341 - DEBUG - 执行AGV分配局部搜索，当前完工时间: 1692.00
2025-04-08 16:09:15,345 - DEBUG - 局部搜索未能改进当前解
2025-04-08 16:09:15,347 - DEBUG - 执行AGV分配局部搜索，当前完工时间: 1786.00
2025-04-08 16:09:15,352 - DEBUG - AGV分配局部搜索成功！完工时间从 1786.00 降低到 1760.00，改进: 26.00 (1.46%)
2025-04-08 16:09:15,355 - DEBUG - 执行AGV分配局部搜索，当前完工时间: 1809.00
2025-04-08 16:09:15,358 - DEBUG - 局部搜索未能改进当前解
2025-04-08 16:09:15,362 - DEBUG - 执行AGV分配局部搜索，当前完工时间: 1769.00
2025-04-08 16:09:15,366 - DEBUG - 局部搜索未能改进当前解
2025-04-08 16:09:15,370 - DEBUG - 执行AGV分配局部搜索，当前完工时间: 1812.00
2025-04-08 16:09:15,374 - DEBUG - 局部搜索未能改进当前解
2025-04-08 16:09:15,378 - DEBUG - 执行AGV分配局部搜索，当前完工时间: 1830.00
2025-04-08 16:09:15,381 - DEBUG - 局部搜索未能改进当前解
2025-04-08 16:09:15,385 - DEBUG - 执行AGV分配局部搜索，当前完工时间: 1804.00
2025-04-08 16:09:15,388 - DEBUG - 局部搜索未能改进当前解
2025-04-08 16:09:15,392 - DEBUG - 执行AGV分配局部搜索，当前完工时间: 1769.00
2025-04-08 16:09:15,395 - DEBUG - 局部搜索未能改进当前解
2025-04-08 16:09:15,399 - DEBUG - 执行AGV分配局部搜索，当前完工时间: 1738.00
2025-04-08 16:09:15,403 - DEBUG - 局部搜索未能改进当前解
2025-04-08 16:09:15,407 - DEBUG - 执行AGV分配局部搜索，当前完工时间: 1728.00
2025-04-08 16:09:15,411 - DEBUG - 局部搜索未能改进当前解
2025-04-08 16:09:15,414 - DEBUG - 执行AGV分配局部搜索，当前完工时间: 1775.00
2025-04-08 16:09:15,418 - DEBUG - 局部搜索未能改进当前解
2025-04-08 16:09:15,421 - DEBUG - 执行AGV分配局部搜索，当前完工时间: 1729.00
2025-04-08 16:09:15,425 - DEBUG - 局部搜索未能改进当前解
2025-04-08 16:09:15,428 - DEBUG - 执行AGV分配局部搜索，当前完工时间: 1770.00
2025-04-08 16:09:15,432 - DEBUG - 局部搜索未能改进当前解
2025-04-08 16:09:15,436 - DEBUG - 执行AGV分配局部搜索，当前完工时间: 1757.00
2025-04-08 16:09:15,440 - DEBUG - 局部搜索未能改进当前解
2025-04-08 16:09:15,444 - DEBUG - 执行AGV分配局部搜索，当前完工时间: 1692.00
2025-04-08 16:09:15,447 - DEBUG - 局部搜索未能改进当前解
2025-04-08 16:09:15,452 - DEBUG - 执行AGV分配局部搜索，当前完工时间: 1748.00
2025-04-08 16:09:15,455 - DEBUG - 局部搜索未能改进当前解
2025-04-08 16:09:15,459 - DEBUG - 执行AGV分配局部搜索，当前完工时间: 1944.00
2025-04-08 16:09:15,464 - DEBUG - 局部搜索未能改进当前解
2025-04-08 16:09:15,468 - DEBUG - 执行AGV分配局部搜索，当前完工时间: 1734.00
2025-04-08 16:09:15,471 - DEBUG - 局部搜索未能改进当前解
2025-04-08 16:09:15,475 - DEBUG - 执行AGV分配局部搜索，当前完工时间: 1681.00
2025-04-08 16:09:15,479 - DEBUG - 局部搜索未能改进当前解
2025-04-08 16:09:15,483 - DEBUG - 执行AGV分配局部搜索，当前完工时间: 1805.00
2025-04-08 16:09:15,487 - DEBUG - AGV分配局部搜索成功！完工时间从 1805.00 降低到 1793.00，改进: 12.00 (0.66%)
2025-04-08 16:09:15,491 - DEBUG - 执行AGV分配局部搜索，当前完工时间: 1840.00
2025-04-08 16:09:15,495 - DEBUG - 局部搜索未能改进当前解
2025-04-08 16:09:15,499 - DEBUG - 执行AGV分配局部搜索，当前完工时间: 1733.00
2025-04-08 16:09:15,502 - DEBUG - 局部搜索未能改进当前解
2025-04-08 16:09:15,506 - DEBUG - 执行AGV分配局部搜索，当前完工时间: 1836.00
2025-04-08 16:09:15,510 - DEBUG - 局部搜索未能改进当前解
2025-04-08 16:09:15,513 - DEBUG - 执行AGV分配局部搜索，当前完工时间: 1734.00
2025-04-08 16:09:15,517 - DEBUG - AGV分配局部搜索成功！完工时间从 1734.00 降低到 1722.00，改进: 12.00 (0.69%)
2025-04-08 16:09:15,521 - DEBUG - 执行AGV分配局部搜索，当前完工时间: 1740.00
2025-04-08 16:09:15,524 - DEBUG - 局部搜索未能改进当前解
2025-04-08 16:09:15,528 - DEBUG - 执行AGV分配局部搜索，当前完工时间: 1745.00
2025-04-08 16:09:15,532 - DEBUG - 局部搜索未能改进当前解
2025-04-08 16:09:15,536 - DEBUG - 执行AGV分配局部搜索，当前完工时间: 1733.00
2025-04-08 16:09:15,539 - DEBUG - 局部搜索未能改进当前解
2025-04-08 16:09:15,543 - DEBUG - 执行AGV分配局部搜索，当前完工时间: 1752.00
2025-04-08 16:09:15,547 - DEBUG - 局部搜索未能改进当前解
2025-04-08 16:09:15,551 - DEBUG - 执行AGV分配局部搜索，当前完工时间: 1744.00
2025-04-08 16:09:15,554 - DEBUG - 局部搜索未能改进当前解
2025-04-08 16:09:15,558 - DEBUG - 执行AGV分配局部搜索，当前完工时间: 1773.00
2025-04-08 16:09:15,562 - DEBUG - 局部搜索未能改进当前解
2025-04-08 16:09:15,565 - DEBUG - 执行AGV分配局部搜索，当前完工时间: 1740.00
2025-04-08 16:09:15,569 - DEBUG - 局部搜索未能改进当前解
2025-04-08 16:09:15,573 - DEBUG - 执行AGV分配局部搜索，当前完工时间: 1717.00
2025-04-08 16:09:15,576 - DEBUG - AGV分配局部搜索成功！完工时间从 1717.00 降低到 1708.00，改进: 9.00 (0.52%)
2025-04-08 16:09:15,581 - DEBUG - 执行AGV分配局部搜索，当前完工时间: 1804.00
2025-04-08 16:09:15,584 - DEBUG - 局部搜索未能改进当前解
2025-04-08 16:09:15,589 - DEBUG - 执行AGV分配局部搜索，当前完工时间: 1719.00
2025-04-08 16:09:15,592 - DEBUG - 局部搜索未能改进当前解
2025-04-08 16:09:15,592 - DEBUG - ==================================================
2025-04-08 16:09:15,592 - DEBUG - Efficiency Statistics of Local Search :
2025-04-08 16:09:15,592 - DEBUG - Number of attempts: 99
2025-04-08 16:09:15,592 - DEBUG - Average Success Rate: 12.12%
2025-04-08 16:09:15,592 - DEBUG - AGV Local Search Success: 12，Average Improvement: 20.58
2025-04-08 16:09:15,596 - DEBUG - 执行AGV分配局部搜索，当前完工时间: 1788.00
2025-04-08 16:09:15,600 - DEBUG - 局部搜索未能改进当前解
2025-04-08 16:09:15,603 - DEBUG - 执行AGV分配局部搜索，当前完工时间: 1765.00
2025-04-08 16:09:15,607 - DEBUG - 局部搜索未能改进当前解
2025-04-08 16:09:15,611 - DEBUG - 执行AGV分配局部搜索，当前完工时间: 1722.00
2025-04-08 16:09:15,615 - DEBUG - 局部搜索未能改进当前解
2025-04-08 16:09:15,619 - DEBUG - 执行AGV分配局部搜索，当前完工时间: 1770.00
2025-04-08 16:09:15,623 - DEBUG - 局部搜索未能改进当前解
2025-04-08 16:09:15,626 - DEBUG - 执行AGV分配局部搜索，当前完工时间: 1841.00
2025-04-08 16:09:15,630 - DEBUG - 局部搜索未能改进当前解
2025-04-08 16:09:15,635 - DEBUG - 执行AGV分配局部搜索，当前完工时间: 1778.00
2025-04-08 16:09:15,638 - DEBUG - 局部搜索未能改进当前解
2025-04-08 16:09:15,642 - DEBUG - 执行AGV分配局部搜索，当前完工时间: 1846.00
2025-04-08 16:09:15,645 - DEBUG - 局部搜索未能改进当前解
2025-04-08 16:09:15,649 - DEBUG - 执行AGV分配局部搜索，当前完工时间: 1791.00
2025-04-08 16:09:15,652 - DEBUG - 局部搜索未能改进当前解
2025-04-08 16:09:15,656 - DEBUG - 执行AGV分配局部搜索，当前完工时间: 1736.00
2025-04-08 16:09:15,659 - DEBUG - AGV分配局部搜索成功！完工时间从 1736.00 降低到 1710.00，改进: 26.00 (1.50%)
2025-04-08 16:09:15,664 - DEBUG - 执行AGV分配局部搜索，当前完工时间: 1753.00
2025-04-08 16:09:15,668 - DEBUG - 局部搜索未能改进当前解
2025-04-08 16:09:15,672 - DEBUG - 执行AGV分配局部搜索，当前完工时间: 1759.00
2025-04-08 16:09:15,675 - DEBUG - 局部搜索未能改进当前解
2025-04-08 16:09:15,679 - DEBUG - 执行AGV分配局部搜索，当前完工时间: 1733.00
2025-04-08 16:09:15,682 - DEBUG - 局部搜索未能改进当前解
2025-04-08 16:09:15,686 - DEBUG - 执行AGV分配局部搜索，当前完工时间: 1764.00
2025-04-08 16:09:15,690 - DEBUG - 局部搜索未能改进当前解
2025-04-08 16:09:15,693 - DEBUG - 执行AGV分配局部搜索，当前完工时间: 1720.00
2025-04-08 16:09:15,697 - DEBUG - 局部搜索未能改进当前解
2025-04-08 16:09:15,701 - DEBUG - 执行AGV分配局部搜索，当前完工时间: 1805.00
2025-04-08 16:09:15,705 - DEBUG - 局部搜索未能改进当前解
2025-04-08 16:09:15,708 - DEBUG - 执行AGV分配局部搜索，当前完工时间: 1735.00
2025-04-08 16:09:15,712 - DEBUG - 局部搜索未能改进当前解
2025-04-08 16:09:15,716 - DEBUG - 执行AGV分配局部搜索，当前完工时间: 1732.00
2025-04-08 16:09:15,719 - DEBUG - 局部搜索未能改进当前解
2025-04-08 16:09:15,722 - DEBUG - 执行AGV分配局部搜索，当前完工时间: 1898.00
2025-04-08 16:09:15,726 - DEBUG - 局部搜索未能改进当前解
2025-04-08 16:09:15,731 - DEBUG - 执行AGV分配局部搜索，当前完工时间: 1676.00
2025-04-08 16:09:15,734 - DEBUG - 局部搜索未能改进当前解
2025-04-08 16:09:15,737 - DEBUG - 执行AGV分配局部搜索，当前完工时间: 1748.00
2025-04-08 16:09:15,741 - DEBUG - 局部搜索未能改进当前解
2025-04-08 16:09:15,746 - DEBUG - 执行AGV分配局部搜索，当前完工时间: 1745.00
2025-04-08 16:09:15,750 - DEBUG - 局部搜索未能改进当前解
2025-04-08 16:09:15,754 - DEBUG - 执行AGV分配局部搜索，当前完工时间: 1778.00
2025-04-08 16:09:15,757 - DEBUG - 局部搜索未能改进当前解
2025-04-08 16:09:15,762 - DEBUG - 执行AGV分配局部搜索，当前完工时间: 1801.00
2025-04-08 16:09:15,765 - DEBUG - 局部搜索未能改进当前解
2025-04-08 16:09:15,769 - DEBUG - 执行AGV分配局部搜索，当前完工时间: 1775.00
2025-04-08 16:09:15,773 - DEBUG - 局部搜索未能改进当前解
2025-04-08 16:09:15,777 - DEBUG - 执行AGV分配局部搜索，当前完工时间: 1761.00
2025-04-08 16:09:15,780 - DEBUG - 局部搜索未能改进当前解
2025-04-08 16:09:15,784 - DEBUG - 执行AGV分配局部搜索，当前完工时间: 1850.00
2025-04-08 16:09:15,787 - DEBUG - 局部搜索未能改进当前解
2025-04-08 16:09:15,791 - DEBUG - 执行AGV分配局部搜索，当前完工时间: 1731.00
2025-04-08 16:09:15,795 - DEBUG - 局部搜索未能改进当前解
2025-04-08 16:09:15,798 - DEBUG - 执行AGV分配局部搜索，当前完工时间: 1727.00
2025-04-08 16:09:15,802 - DEBUG - 局部搜索未能改进当前解
2025-04-08 16:09:15,807 - DEBUG - 执行AGV分配局部搜索，当前完工时间: 1788.00
2025-04-08 16:09:15,811 - DEBUG - 局部搜索未能改进当前解
2025-04-08 16:09:15,814 - DEBUG - 执行AGV分配局部搜索，当前完工时间: 1804.00
2025-04-08 16:09:15,818 - DEBUG - 局部搜索未能改进当前解
2025-04-08 16:09:15,822 - DEBUG - 执行AGV分配局部搜索，当前完工时间: 1834.00
2025-04-08 16:09:15,826 - DEBUG - 局部搜索未能改进当前解
2025-04-08 16:09:15,830 - DEBUG - 执行AGV分配局部搜索，当前完工时间: 1775.00
2025-04-08 16:09:15,834 - DEBUG - 局部搜索未能改进当前解
2025-04-08 16:09:15,837 - DEBUG - 执行AGV分配局部搜索，当前完工时间: 1779.00
2025-04-08 16:09:15,841 - DEBUG - 局部搜索未能改进当前解
2025-04-08 16:09:15,845 - DEBUG - 执行AGV分配局部搜索，当前完工时间: 1770.00
2025-04-08 16:09:15,849 - DEBUG - 局部搜索未能改进当前解
2025-04-08 16:09:15,852 - DEBUG - 执行AGV分配局部搜索，当前完工时间: 1717.00
2025-04-08 16:09:15,856 - DEBUG - 局部搜索未能改进当前解
2025-04-08 16:09:15,860 - DEBUG - 执行AGV分配局部搜索，当前完工时间: 1734.00
2025-04-08 16:09:15,864 - DEBUG - 局部搜索未能改进当前解
2025-04-08 16:09:15,868 - DEBUG - 执行AGV分配局部搜索，当前完工时间: 1763.00
2025-04-08 16:09:15,870 - DEBUG - 局部搜索未能改进当前解
2025-04-08 16:09:15,875 - DEBUG - 执行AGV分配局部搜索，当前完工时间: 1738.00
2025-04-08 16:09:15,879 - DEBUG - 局部搜索未能改进当前解
2025-04-08 16:09:15,883 - DEBUG - 执行AGV分配局部搜索，当前完工时间: 1782.00
2025-04-08 16:09:15,887 - DEBUG - 局部搜索未能改进当前解
2025-04-08 16:09:15,891 - DEBUG - 执行AGV分配局部搜索，当前完工时间: 1829.00
2025-04-08 16:09:15,895 - DEBUG - 局部搜索未能改进当前解
2025-04-08 16:09:15,899 - DEBUG - 执行AGV分配局部搜索，当前完工时间: 1761.00
2025-04-08 16:09:15,903 - DEBUG - 局部搜索未能改进当前解
2025-04-08 16:09:15,906 - DEBUG - 执行AGV分配局部搜索，当前完工时间: 1736.00
2025-04-08 16:09:15,910 - DEBUG - AGV分配局部搜索成功！完工时间从 1736.00 降低到 1710.00，改进: 26.00 (1.50%)
2025-04-08 16:09:15,914 - DEBUG - 执行AGV分配局部搜索，当前完工时间: 1813.00
2025-04-08 16:09:15,918 - DEBUG - AGV分配局部搜索成功！完工时间从 1813.00 降低到 1802.00，改进: 11.00 (0.61%)
2025-04-08 16:09:15,922 - DEBUG - 执行AGV分配局部搜索，当前完工时间: 1752.00
2025-04-08 16:09:15,925 - DEBUG - 局部搜索未能改进当前解
2025-04-08 16:09:15,929 - DEBUG - 执行AGV分配局部搜索，当前完工时间: 1778.00
2025-04-08 16:09:15,933 - DEBUG - 局部搜索未能改进当前解
2025-04-08 16:09:15,937 - DEBUG - 执行AGV分配局部搜索，当前完工时间: 1734.00
2025-04-08 16:09:15,940 - DEBUG - 局部搜索未能改进当前解
2025-04-08 16:09:15,944 - DEBUG - 执行AGV分配局部搜索，当前完工时间: 1719.00
2025-04-08 16:09:15,947 - DEBUG - 局部搜索未能改进当前解
2025-04-08 16:09:15,951 - DEBUG - 执行AGV分配局部搜索，当前完工时间: 1735.00
2025-04-08 16:09:15,955 - DEBUG - 局部搜索未能改进当前解
2025-04-08 16:09:15,959 - DEBUG - 执行AGV分配局部搜索，当前完工时间: 1703.00
2025-04-08 16:09:15,963 - DEBUG - 局部搜索未能改进当前解
2025-04-08 16:09:15,966 - DEBUG - 执行AGV分配局部搜索，当前完工时间: 1814.00
2025-04-08 16:09:15,970 - DEBUG - 局部搜索未能改进当前解
2025-04-08 16:09:15,974 - DEBUG - 执行AGV分配局部搜索，当前完工时间: 1841.00
2025-04-08 16:09:15,978 - DEBUG - AGV分配局部搜索成功！完工时间从 1841.00 降低到 1823.00，改进: 18.00 (0.98%)
2025-04-08 16:09:15,981 - DEBUG - 执行AGV分配局部搜索，当前完工时间: 1778.00
2025-04-08 16:09:15,985 - DEBUG - 局部搜索未能改进当前解
2025-04-08 16:09:15,990 - DEBUG - 执行AGV分配局部搜索，当前完工时间: 1767.00
2025-04-08 16:09:15,994 - DEBUG - 局部搜索未能改进当前解
2025-04-08 16:09:15,997 - DEBUG - 执行AGV分配局部搜索，当前完工时间: 1719.00
2025-04-08 16:09:16,002 - DEBUG - 局部搜索未能改进当前解
2025-04-08 16:09:16,006 - DEBUG - 执行AGV分配局部搜索，当前完工时间: 1796.00
2025-04-08 16:09:16,009 - DEBUG - 局部搜索未能改进当前解
2025-04-08 16:09:16,014 - DEBUG - 执行AGV分配局部搜索，当前完工时间: 1687.00
2025-04-08 16:09:16,016 - DEBUG - 局部搜索未能改进当前解
2025-04-08 16:09:16,021 - DEBUG - 执行AGV分配局部搜索，当前完工时间: 1729.00
2025-04-08 16:09:16,024 - DEBUG - 局部搜索未能改进当前解
2025-04-08 16:09:16,029 - DEBUG - 执行AGV分配局部搜索，当前完工时间: 1918.00
2025-04-08 16:09:16,032 - DEBUG - AGV分配局部搜索成功！完工时间从 1918.00 降低到 1798.00，改进: 120.00 (6.26%)
2025-04-08 16:09:16,036 - DEBUG - 执行AGV分配局部搜索，当前完工时间: 1792.00
2025-04-08 16:09:16,040 - DEBUG - 局部搜索未能改进当前解
2025-04-08 16:09:16,043 - DEBUG - 执行AGV分配局部搜索，当前完工时间: 1791.00
2025-04-08 16:09:16,046 - DEBUG - 局部搜索未能改进当前解
2025-04-08 16:09:16,050 - DEBUG - 执行AGV分配局部搜索，当前完工时间: 1871.00
2025-04-08 16:09:16,054 - DEBUG - 局部搜索未能改进当前解
2025-04-08 16:09:16,058 - DEBUG - 执行AGV分配局部搜索，当前完工时间: 1725.00
2025-04-08 16:09:16,062 - DEBUG - AGV分配局部搜索成功！完工时间从 1725.00 降低到 1708.00，改进: 17.00 (0.99%)
2025-04-08 16:09:16,065 - DEBUG - 执行AGV分配局部搜索，当前完工时间: 1799.00
2025-04-08 16:09:16,069 - DEBUG - 局部搜索未能改进当前解
2025-04-08 16:09:16,073 - DEBUG - 执行AGV分配局部搜索，当前完工时间: 1714.00
2025-04-08 16:09:16,076 - DEBUG - 局部搜索未能改进当前解
2025-04-08 16:09:16,081 - DEBUG - 执行AGV分配局部搜索，当前完工时间: 1817.00
2025-04-08 16:09:16,085 - DEBUG - 局部搜索未能改进当前解
2025-04-08 16:09:16,089 - DEBUG - 执行AGV分配局部搜索，当前完工时间: 1709.00
2025-04-08 16:09:16,092 - DEBUG - 局部搜索未能改进当前解
2025-04-08 16:09:16,095 - DEBUG - 执行AGV分配局部搜索，当前完工时间: 1789.00
2025-04-08 16:09:16,099 - DEBUG - 局部搜索未能改进当前解
2025-04-08 16:09:16,103 - DEBUG - 执行AGV分配局部搜索，当前完工时间: 1866.00
2025-04-08 16:09:16,106 - DEBUG - 局部搜索未能改进当前解
2025-04-08 16:09:16,110 - DEBUG - 执行AGV分配局部搜索，当前完工时间: 1762.00
2025-04-08 16:09:16,114 - DEBUG - 局部搜索未能改进当前解
2025-04-08 16:09:16,118 - DEBUG - 执行AGV分配局部搜索，当前完工时间: 1770.00
2025-04-08 16:09:16,122 - DEBUG - 局部搜索未能改进当前解
2025-04-08 16:09:16,125 - DEBUG - 执行AGV分配局部搜索，当前完工时间: 1721.00
2025-04-08 16:09:16,129 - DEBUG - 局部搜索未能改进当前解
2025-04-08 16:09:16,133 - DEBUG - 执行AGV分配局部搜索，当前完工时间: 1752.00
2025-04-08 16:09:16,136 - DEBUG - 局部搜索未能改进当前解
2025-04-08 16:09:16,141 - DEBUG - 执行AGV分配局部搜索，当前完工时间: 1812.00
2025-04-08 16:09:16,145 - DEBUG - 局部搜索未能改进当前解
2025-04-08 16:09:16,150 - DEBUG - 执行AGV分配局部搜索，当前完工时间: 1792.00
2025-04-08 16:09:16,155 - DEBUG - 局部搜索未能改进当前解
2025-04-08 16:09:16,159 - DEBUG - 执行AGV分配局部搜索，当前完工时间: 1702.00
2025-04-08 16:09:16,163 - DEBUG - 局部搜索未能改进当前解
2025-04-08 16:09:16,167 - DEBUG - 执行AGV分配局部搜索，当前完工时间: 1744.00
2025-04-08 16:09:16,170 - DEBUG - 局部搜索未能改进当前解
2025-04-08 16:09:16,175 - DEBUG - 执行AGV分配局部搜索，当前完工时间: 1719.00
2025-04-08 16:09:16,179 - DEBUG - 局部搜索未能改进当前解
2025-04-08 16:09:16,182 - DEBUG - 执行AGV分配局部搜索，当前完工时间: 1771.00
2025-04-08 16:09:16,186 - DEBUG - 局部搜索未能改进当前解
2025-04-08 16:09:16,190 - DEBUG - 执行AGV分配局部搜索，当前完工时间: 1768.00
2025-04-08 16:09:16,193 - DEBUG - 局部搜索未能改进当前解
2025-04-08 16:09:16,198 - DEBUG - 执行AGV分配局部搜索，当前完工时间: 1745.00
2025-04-08 16:09:16,201 - DEBUG - 局部搜索未能改进当前解
2025-04-08 16:09:16,205 - DEBUG - 执行AGV分配局部搜索，当前完工时间: 1894.00
2025-04-08 16:09:16,208 - DEBUG - 局部搜索未能改进当前解
2025-04-08 16:09:16,213 - DEBUG - 执行AGV分配局部搜索，当前完工时间: 1822.00
2025-04-08 16:09:16,215 - DEBUG - AGV分配局部搜索成功！完工时间从 1822.00 降低到 1789.00，改进: 33.00 (1.81%)
2025-04-08 16:09:16,220 - DEBUG - 执行AGV分配局部搜索，当前完工时间: 1903.00
2025-04-08 16:09:16,223 - DEBUG - 局部搜索未能改进当前解
2025-04-08 16:09:16,226 - DEBUG - 执行AGV分配局部搜索，当前完工时间: 1737.00
2025-04-08 16:09:16,231 - DEBUG - 局部搜索未能改进当前解
2025-04-08 16:09:16,235 - DEBUG - 执行AGV分配局部搜索，当前完工时间: 1772.00
2025-04-08 16:09:16,238 - DEBUG - 局部搜索未能改进当前解
2025-04-08 16:09:16,243 - DEBUG - 执行AGV分配局部搜索，当前完工时间: 1736.00
2025-04-08 16:09:16,247 - DEBUG - AGV分配局部搜索成功！完工时间从 1736.00 降低到 1729.00，改进: 7.00 (0.40%)
2025-04-08 16:09:16,250 - DEBUG - 执行AGV分配局部搜索，当前完工时间: 1710.00
2025-04-08 16:09:16,254 - DEBUG - 局部搜索未能改进当前解
2025-04-08 16:09:16,257 - DEBUG - 执行AGV分配局部搜索，当前完工时间: 1719.00
2025-04-08 16:09:16,260 - DEBUG - 局部搜索未能改进当前解
2025-04-08 16:09:16,264 - DEBUG - 执行AGV分配局部搜索，当前完工时间: 1774.00
2025-04-08 16:09:16,268 - DEBUG - 局部搜索未能改进当前解
2025-04-08 16:09:16,272 - DEBUG - 执行AGV分配局部搜索，当前完工时间: 1864.00
2025-04-08 16:09:16,275 - DEBUG - 局部搜索未能改进当前解
2025-04-08 16:09:16,279 - DEBUG - 执行AGV分配局部搜索，当前完工时间: 1721.00
2025-04-08 16:09:16,283 - DEBUG - 局部搜索未能改进当前解
2025-04-08 16:09:16,287 - DEBUG - 执行AGV分配局部搜索，当前完工时间: 1835.00
2025-04-08 16:09:16,290 - DEBUG - AGV分配局部搜索成功！完工时间从 1835.00 降低到 1787.00，改进: 48.00 (2.62%)
2025-04-08 16:09:16,294 - DEBUG - 执行AGV分配局部搜索，当前完工时间: 1807.00
2025-04-08 16:09:16,297 - DEBUG - 局部搜索未能改进当前解
2025-04-08 16:09:16,302 - DEBUG - 执行AGV分配局部搜索，当前完工时间: 1734.00
2025-04-08 16:09:16,305 - DEBUG - 局部搜索未能改进当前解
2025-04-08 16:09:16,309 - DEBUG - 执行AGV分配局部搜索，当前完工时间: 1761.00
2025-04-08 16:09:16,312 - DEBUG - 局部搜索未能改进当前解
2025-04-08 16:09:16,316 - DEBUG - 执行AGV分配局部搜索，当前完工时间: 1787.00
2025-04-08 16:09:16,319 - DEBUG - 局部搜索未能改进当前解
2025-04-08 16:09:16,324 - DEBUG - 执行AGV分配局部搜索，当前完工时间: 1854.00
2025-04-08 16:09:16,327 - DEBUG - AGV分配局部搜索成功！完工时间从 1854.00 降低到 1804.00，改进: 50.00 (2.70%)
2025-04-08 16:09:16,331 - DEBUG - 执行AGV分配局部搜索，当前完工时间: 1719.00
2025-04-08 16:09:16,335 - DEBUG - 局部搜索未能改进当前解
2025-04-08 16:09:16,338 - DEBUG - 执行AGV分配局部搜索，当前完工时间: 1684.00
2025-04-08 16:09:16,341 - DEBUG - 局部搜索未能改进当前解
2025-04-08 16:09:16,341 - DEBUG - ==================================================
2025-04-08 16:09:16,341 - DEBUG - Efficiency Statistics of Local Search :
2025-04-08 16:09:16,341 - DEBUG - Number of attempts: 99
2025-04-08 16:09:16,341 - DEBUG - Average Success Rate: 10.10%
2025-04-08 16:09:16,342 - DEBUG - AGV Local Search Success: 10，Average Improvement: 35.60
2025-04-08 16:09:16,345 - DEBUG - 执行AGV分配局部搜索，当前完工时间: 1719.00
2025-04-08 16:09:16,349 - DEBUG - AGV分配局部搜索成功！完工时间从 1719.00 降低到 1697.00，改进: 22.00 (1.28%)
2025-04-08 16:09:16,353 - DEBUG - 执行AGV分配局部搜索，当前完工时间: 1725.00
2025-04-08 16:09:16,356 - DEBUG - 局部搜索未能改进当前解
2025-04-08 16:09:16,360 - DEBUG - 执行AGV分配局部搜索，当前完工时间: 1795.00
2025-04-08 16:09:16,364 - DEBUG - AGV分配局部搜索成功！完工时间从 1795.00 降低到 1755.00，改进: 40.00 (2.23%)
2025-04-08 16:09:16,369 - DEBUG - 执行AGV分配局部搜索，当前完工时间: 1696.00
2025-04-08 16:09:16,373 - DEBUG - 局部搜索未能改进当前解
2025-04-08 16:09:16,377 - DEBUG - 执行AGV分配局部搜索，当前完工时间: 1734.00
2025-04-08 16:09:16,381 - DEBUG - 局部搜索未能改进当前解
2025-04-08 16:09:16,385 - DEBUG - 执行AGV分配局部搜索，当前完工时间: 1778.00
2025-04-08 16:09:16,388 - DEBUG - 局部搜索未能改进当前解
2025-04-08 16:09:16,393 - DEBUG - 执行AGV分配局部搜索，当前完工时间: 1836.00
2025-04-08 16:09:16,397 - DEBUG - 局部搜索未能改进当前解
2025-04-08 16:09:16,401 - DEBUG - 执行AGV分配局部搜索，当前完工时间: 1767.00
2025-04-08 16:09:16,405 - DEBUG - 局部搜索未能改进当前解
2025-04-08 16:09:16,409 - DEBUG - 执行AGV分配局部搜索，当前完工时间: 1721.00
2025-04-08 16:09:16,413 - DEBUG - 局部搜索未能改进当前解
2025-04-08 16:09:16,416 - DEBUG - 执行AGV分配局部搜索，当前完工时间: 1748.00
2025-04-08 16:09:16,420 - DEBUG - 局部搜索未能改进当前解
2025-04-08 16:09:16,424 - DEBUG - 执行AGV分配局部搜索，当前完工时间: 1792.00
2025-04-08 16:09:16,428 - DEBUG - 局部搜索未能改进当前解
2025-04-08 16:09:16,431 - DEBUG - 执行AGV分配局部搜索，当前完工时间: 1832.00
2025-04-08 16:09:16,435 - DEBUG - 局部搜索未能改进当前解
2025-04-08 16:09:16,438 - DEBUG - 执行AGV分配局部搜索，当前完工时间: 1787.00
2025-04-08 16:09:16,442 - DEBUG - 局部搜索未能改进当前解
2025-04-08 16:09:16,447 - DEBUG - 执行AGV分配局部搜索，当前完工时间: 1726.00
2025-04-08 16:09:16,451 - DEBUG - 局部搜索未能改进当前解
2025-04-08 16:09:16,454 - DEBUG - 执行AGV分配局部搜索，当前完工时间: 1682.00
2025-04-08 16:09:16,458 - DEBUG - 局部搜索未能改进当前解
2025-04-08 16:09:16,462 - DEBUG - 执行AGV分配局部搜索，当前完工时间: 1814.00
2025-04-08 16:09:16,465 - DEBUG - 局部搜索未能改进当前解
2025-04-08 16:09:16,470 - DEBUG - 执行AGV分配局部搜索，当前完工时间: 1739.00
2025-04-08 16:09:16,473 - DEBUG - 局部搜索未能改进当前解
2025-04-08 16:09:16,477 - DEBUG - 执行AGV分配局部搜索，当前完工时间: 1799.00
2025-04-08 16:09:16,481 - DEBUG - 局部搜索未能改进当前解
2025-04-08 16:09:16,485 - DEBUG - 执行AGV分配局部搜索，当前完工时间: 1774.00
2025-04-08 16:09:16,488 - DEBUG - AGV分配局部搜索成功！完工时间从 1774.00 降低到 1764.00，改进: 10.00 (0.56%)
2025-04-08 16:09:16,492 - DEBUG - 执行AGV分配局部搜索，当前完工时间: 1743.00
2025-04-08 16:09:16,495 - DEBUG - 局部搜索未能改进当前解
2025-04-08 16:09:16,500 - DEBUG - 执行AGV分配局部搜索，当前完工时间: 1825.00
2025-04-08 16:09:16,503 - DEBUG - 局部搜索未能改进当前解
2025-04-08 16:09:16,507 - DEBUG - 执行AGV分配局部搜索，当前完工时间: 1737.00
2025-04-08 16:09:16,510 - DEBUG - AGV分配局部搜索成功！完工时间从 1737.00 降低到 1729.00，改进: 8.00 (0.46%)
2025-04-08 16:09:16,515 - DEBUG - 执行AGV分配局部搜索，当前完工时间: 1762.00
2025-04-08 16:09:16,519 - DEBUG - 局部搜索未能改进当前解
2025-04-08 16:09:16,523 - DEBUG - 执行AGV分配局部搜索，当前完工时间: 1706.00
2025-04-08 16:09:16,527 - DEBUG - 局部搜索未能改进当前解
2025-04-08 16:09:16,531 - DEBUG - 执行AGV分配局部搜索，当前完工时间: 1779.00
2025-04-08 16:09:16,534 - DEBUG - 局部搜索未能改进当前解
2025-04-08 16:09:16,538 - DEBUG - 执行AGV分配局部搜索，当前完工时间: 1728.00
2025-04-08 16:09:16,542 - DEBUG - 局部搜索未能改进当前解
2025-04-08 16:09:16,545 - DEBUG - 执行AGV分配局部搜索，当前完工时间: 1809.00
2025-04-08 16:09:16,550 - DEBUG - 局部搜索未能改进当前解
2025-04-08 16:09:16,553 - DEBUG - 执行AGV分配局部搜索，当前完工时间: 1862.00
2025-04-08 16:09:16,556 - DEBUG - 局部搜索未能改进当前解
2025-04-08 16:09:16,560 - DEBUG - 执行AGV分配局部搜索，当前完工时间: 1745.00
2025-04-08 16:09:16,562 - DEBUG - 局部搜索未能改进当前解
2025-04-08 16:09:16,566 - DEBUG - 执行AGV分配局部搜索，当前完工时间: 1736.00
2025-04-08 16:09:16,570 - DEBUG - 局部搜索未能改进当前解
2025-04-08 16:09:16,574 - DEBUG - 执行AGV分配局部搜索，当前完工时间: 1718.00
2025-04-08 16:09:16,578 - DEBUG - 局部搜索未能改进当前解
2025-04-08 16:09:16,581 - DEBUG - 执行AGV分配局部搜索，当前完工时间: 1804.00
2025-04-08 16:09:16,586 - DEBUG - 局部搜索未能改进当前解
2025-04-08 16:09:16,589 - DEBUG - 执行AGV分配局部搜索，当前完工时间: 1755.00
2025-04-08 16:09:16,593 - DEBUG - 局部搜索未能改进当前解
2025-04-08 16:09:16,597 - DEBUG - 执行AGV分配局部搜索，当前完工时间: 1752.00
2025-04-08 16:09:16,601 - DEBUG - 局部搜索未能改进当前解
2025-04-08 16:09:16,604 - DEBUG - 执行AGV分配局部搜索，当前完工时间: 1728.00
2025-04-08 16:09:16,607 - DEBUG - 局部搜索未能改进当前解
2025-04-08 16:09:16,610 - DEBUG - 执行AGV分配局部搜索，当前完工时间: 1729.00
2025-04-08 16:09:16,614 - DEBUG - 局部搜索未能改进当前解
2025-04-08 16:09:16,618 - DEBUG - 执行AGV分配局部搜索，当前完工时间: 1866.00
2025-04-08 16:09:16,622 - DEBUG - 局部搜索未能改进当前解
2025-04-08 16:09:16,626 - DEBUG - 执行AGV分配局部搜索，当前完工时间: 1818.00
2025-04-08 16:09:16,629 - DEBUG - 局部搜索未能改进当前解
2025-04-08 16:09:16,633 - DEBUG - 执行AGV分配局部搜索，当前完工时间: 1739.00
2025-04-08 16:09:16,637 - DEBUG - 局部搜索未能改进当前解
2025-04-08 16:09:16,640 - DEBUG - 执行AGV分配局部搜索，当前完工时间: 1664.00
2025-04-08 16:09:16,644 - DEBUG - 局部搜索未能改进当前解
2025-04-08 16:09:16,647 - DEBUG - 执行AGV分配局部搜索，当前完工时间: 1810.00
2025-04-08 16:09:16,651 - DEBUG - AGV分配局部搜索成功！完工时间从 1810.00 降低到 1802.00，改进: 8.00 (0.44%)
2025-04-08 16:09:16,655 - DEBUG - 执行AGV分配局部搜索，当前完工时间: 1767.00
2025-04-08 16:09:16,657 - DEBUG - AGV分配局部搜索成功！完工时间从 1767.00 降低到 1743.00，改进: 24.00 (1.36%)
2025-04-08 16:09:16,662 - DEBUG - 执行AGV分配局部搜索，当前完工时间: 1786.00
2025-04-08 16:09:16,665 - DEBUG - AGV分配局部搜索成功！完工时间从 1786.00 降低到 1766.00，改进: 20.00 (1.12%)
2025-04-08 16:09:16,669 - DEBUG - 执行AGV分配局部搜索，当前完工时间: 1800.00
2025-04-08 16:09:16,673 - DEBUG - 局部搜索未能改进当前解
2025-04-08 16:09:16,677 - DEBUG - 执行AGV分配局部搜索，当前完工时间: 1755.00
2025-04-08 16:09:16,680 - DEBUG - 局部搜索未能改进当前解
2025-04-08 16:09:16,684 - DEBUG - 执行AGV分配局部搜索，当前完工时间: 1845.00
2025-04-08 16:09:16,687 - DEBUG - 局部搜索未能改进当前解
2025-04-08 16:09:16,691 - DEBUG - 执行AGV分配局部搜索，当前完工时间: 1708.00
2025-04-08 16:09:16,695 - DEBUG - 局部搜索未能改进当前解
2025-04-08 16:09:16,698 - DEBUG - 执行AGV分配局部搜索，当前完工时间: 1847.00
2025-04-08 16:09:16,702 - DEBUG - AGV分配局部搜索成功！完工时间从 1847.00 降低到 1846.00，改进: 1.00 (0.05%)
2025-04-08 16:09:16,706 - DEBUG - 执行AGV分配局部搜索，当前完工时间: 1879.00
2025-04-08 16:09:16,710 - DEBUG - AGV分配局部搜索成功！完工时间从 1879.00 降低到 1872.00，改进: 7.00 (0.37%)
2025-04-08 16:09:16,714 - DEBUG - 执行AGV分配局部搜索，当前完工时间: 2108.00
2025-04-08 16:09:16,716 - DEBUG - 局部搜索未能改进当前解
2025-04-08 16:09:16,721 - DEBUG - 执行AGV分配局部搜索，当前完工时间: 1823.00
2025-04-08 16:09:16,725 - DEBUG - 局部搜索未能改进当前解
2025-04-08 16:09:16,729 - DEBUG - 执行AGV分配局部搜索，当前完工时间: 1735.00
2025-04-08 16:09:16,733 - DEBUG - 局部搜索未能改进当前解
2025-04-08 16:09:16,736 - DEBUG - 执行AGV分配局部搜索，当前完工时间: 1779.00
2025-04-08 16:09:16,738 - DEBUG - 局部搜索未能改进当前解
2025-04-08 16:09:16,744 - DEBUG - 执行AGV分配局部搜索，当前完工时间: 1846.00
2025-04-08 16:09:16,747 - DEBUG - 局部搜索未能改进当前解
2025-04-08 16:09:16,751 - DEBUG - 执行AGV分配局部搜索，当前完工时间: 1807.00
2025-04-08 16:09:16,755 - DEBUG - 局部搜索未能改进当前解
2025-04-08 16:09:16,759 - DEBUG - 执行AGV分配局部搜索，当前完工时间: 1796.00
2025-04-08 16:09:16,762 - DEBUG - 局部搜索未能改进当前解
2025-04-08 16:09:16,766 - DEBUG - 执行AGV分配局部搜索，当前完工时间: 1788.00
2025-04-08 16:09:16,770 - DEBUG - 局部搜索未能改进当前解
2025-04-08 16:09:16,774 - DEBUG - 执行AGV分配局部搜索，当前完工时间: 1754.00
2025-04-08 16:09:16,778 - DEBUG - 局部搜索未能改进当前解
2025-04-08 16:09:16,781 - DEBUG - 执行AGV分配局部搜索，当前完工时间: 1733.00
2025-04-08 16:09:16,785 - DEBUG - 局部搜索未能改进当前解
2025-04-08 16:09:16,788 - DEBUG - 执行AGV分配局部搜索，当前完工时间: 1823.00
2025-04-08 16:09:16,792 - DEBUG - 局部搜索未能改进当前解
2025-04-08 16:09:16,795 - DEBUG - 执行AGV分配局部搜索，当前完工时间: 1826.00
2025-04-08 16:09:16,800 - DEBUG - 局部搜索未能改进当前解
2025-04-08 16:09:16,804 - DEBUG - 执行AGV分配局部搜索，当前完工时间: 1811.00
2025-04-08 16:09:16,807 - DEBUG - 局部搜索未能改进当前解
2025-04-08 16:09:16,811 - DEBUG - 执行AGV分配局部搜索，当前完工时间: 1766.00
2025-04-08 16:09:16,814 - DEBUG - 局部搜索未能改进当前解
2025-04-08 16:09:16,819 - DEBUG - 执行AGV分配局部搜索，当前完工时间: 1834.00
2025-04-08 16:09:16,822 - DEBUG - 局部搜索未能改进当前解
2025-04-08 16:09:16,827 - DEBUG - 执行AGV分配局部搜索，当前完工时间: 1702.00
2025-04-08 16:09:16,830 - DEBUG - 局部搜索未能改进当前解
2025-04-08 16:09:16,834 - DEBUG - 执行AGV分配局部搜索，当前完工时间: 1724.00
2025-04-08 16:09:16,837 - DEBUG - 局部搜索未能改进当前解
2025-04-08 16:09:16,841 - DEBUG - 执行AGV分配局部搜索，当前完工时间: 1717.00
2025-04-08 16:09:16,845 - DEBUG - 局部搜索未能改进当前解
2025-04-08 16:09:16,849 - DEBUG - 执行AGV分配局部搜索，当前完工时间: 1960.00
2025-04-08 16:09:16,853 - DEBUG - 局部搜索未能改进当前解
2025-04-08 16:09:16,856 - DEBUG - 执行AGV分配局部搜索，当前完工时间: 1779.00
2025-04-08 16:09:16,860 - DEBUG - AGV分配局部搜索成功！完工时间从 1779.00 降低到 1760.00，改进: 19.00 (1.07%)
2025-04-08 16:09:16,864 - DEBUG - 执行AGV分配局部搜索，当前完工时间: 1753.00
2025-04-08 16:09:16,868 - DEBUG - AGV分配局部搜索成功！完工时间从 1753.00 降低到 1739.00，改进: 14.00 (0.80%)
2025-04-08 16:09:16,871 - DEBUG - 执行AGV分配局部搜索，当前完工时间: 1744.00
2025-04-08 16:09:16,875 - DEBUG - 局部搜索未能改进当前解
2025-04-08 16:09:16,879 - DEBUG - 执行AGV分配局部搜索，当前完工时间: 1735.00
2025-04-08 16:09:16,883 - DEBUG - AGV分配局部搜索成功！完工时间从 1735.00 降低到 1723.00，改进: 12.00 (0.69%)
2025-04-08 16:09:16,887 - DEBUG - 执行AGV分配局部搜索，当前完工时间: 1665.00
2025-04-08 16:09:16,890 - DEBUG - 局部搜索未能改进当前解
2025-04-08 16:09:16,894 - DEBUG - 执行AGV分配局部搜索，当前完工时间: 1845.00
2025-04-08 16:09:16,897 - DEBUG - 局部搜索未能改进当前解
2025-04-08 16:09:16,901 - DEBUG - 执行AGV分配局部搜索，当前完工时间: 1716.00
2025-04-08 16:09:16,905 - DEBUG - 局部搜索未能改进当前解
2025-04-08 16:09:16,909 - DEBUG - 执行AGV分配局部搜索，当前完工时间: 1767.00
2025-04-08 16:09:16,912 - DEBUG - 局部搜索未能改进当前解
2025-04-08 16:09:16,915 - DEBUG - 执行AGV分配局部搜索，当前完工时间: 1734.00
2025-04-08 16:09:16,919 - DEBUG - 局部搜索未能改进当前解
2025-04-08 16:09:16,923 - DEBUG - 执行AGV分配局部搜索，当前完工时间: 1782.00
2025-04-08 16:09:16,927 - DEBUG - 局部搜索未能改进当前解
2025-04-08 16:09:16,930 - DEBUG - 执行AGV分配局部搜索，当前完工时间: 1741.00
2025-04-08 16:09:16,934 - DEBUG - 局部搜索未能改进当前解
2025-04-08 16:09:16,937 - DEBUG - 执行AGV分配局部搜索，当前完工时间: 1808.00
2025-04-08 16:09:16,942 - DEBUG - 局部搜索未能改进当前解
2025-04-08 16:09:16,946 - DEBUG - 执行AGV分配局部搜索，当前完工时间: 1762.00
2025-04-08 16:09:16,950 - DEBUG - 局部搜索未能改进当前解
2025-04-08 16:09:16,953 - DEBUG - 执行AGV分配局部搜索，当前完工时间: 1733.00
2025-04-08 16:09:16,957 - DEBUG - 局部搜索未能改进当前解
2025-04-08 16:09:16,960 - DEBUG - 执行AGV分配局部搜索，当前完工时间: 1722.00
2025-04-08 16:09:16,964 - DEBUG - 局部搜索未能改进当前解
2025-04-08 16:09:16,968 - DEBUG - 执行AGV分配局部搜索，当前完工时间: 1811.00
2025-04-08 16:09:16,972 - DEBUG - 局部搜索未能改进当前解
2025-04-08 16:09:16,975 - DEBUG - 执行AGV分配局部搜索，当前完工时间: 1750.00
2025-04-08 16:09:16,980 - DEBUG - 局部搜索未能改进当前解
2025-04-08 16:09:16,984 - DEBUG - 执行AGV分配局部搜索，当前完工时间: 1770.00
2025-04-08 16:09:16,987 - DEBUG - 局部搜索未能改进当前解
2025-04-08 16:09:16,991 - DEBUG - 执行AGV分配局部搜索，当前完工时间: 1809.00
2025-04-08 16:09:16,995 - DEBUG - 局部搜索未能改进当前解
2025-04-08 16:09:16,999 - DEBUG - 执行AGV分配局部搜索，当前完工时间: 1790.00
2025-04-08 16:09:17,003 - DEBUG - 局部搜索未能改进当前解
2025-04-08 16:09:17,007 - DEBUG - 执行AGV分配局部搜索，当前完工时间: 1750.00
2025-04-08 16:09:17,010 - DEBUG - 局部搜索未能改进当前解
2025-04-08 16:09:17,014 - DEBUG - 执行AGV分配局部搜索，当前完工时间: 1786.00
2025-04-08 16:09:17,018 - DEBUG - 局部搜索未能改进当前解
2025-04-08 16:09:17,022 - DEBUG - 执行AGV分配局部搜索，当前完工时间: 1844.00
2025-04-08 16:09:17,026 - DEBUG - 局部搜索未能改进当前解
2025-04-08 16:09:17,030 - DEBUG - 执行AGV分配局部搜索，当前完工时间: 1689.00
2025-04-08 16:09:17,033 - DEBUG - 局部搜索未能改进当前解
2025-04-08 16:09:17,036 - DEBUG - 执行AGV分配局部搜索，当前完工时间: 1710.00
2025-04-08 16:09:17,040 - DEBUG - 局部搜索未能改进当前解
2025-04-08 16:09:17,044 - DEBUG - 执行AGV分配局部搜索，当前完工时间: 1702.00
2025-04-08 16:09:17,047 - DEBUG - 局部搜索未能改进当前解
2025-04-08 16:09:17,052 - DEBUG - 执行AGV分配局部搜索，当前完工时间: 1726.00
2025-04-08 16:09:17,056 - DEBUG - 局部搜索未能改进当前解
2025-04-08 16:09:17,059 - DEBUG - 执行AGV分配局部搜索，当前完工时间: 1778.00
2025-04-08 16:09:17,062 - DEBUG - AGV分配局部搜索成功！完工时间从 1778.00 降低到 1773.00，改进: 5.00 (0.28%)
2025-04-08 16:09:17,067 - DEBUG - 执行AGV分配局部搜索，当前完工时间: 1761.00
2025-04-08 16:09:17,070 - DEBUG - 局部搜索未能改进当前解
2025-04-08 16:09:17,074 - DEBUG - 执行AGV分配局部搜索，当前完工时间: 1727.00
2025-04-08 16:09:17,078 - DEBUG - 局部搜索未能改进当前解
2025-04-08 16:09:17,081 - DEBUG - 执行AGV分配局部搜索，当前完工时间: 1838.00
2025-04-08 16:09:17,085 - DEBUG - AGV分配局部搜索成功！完工时间从 1838.00 降低到 1825.00，改进: 13.00 (0.71%)
2025-04-08 16:09:17,085 - DEBUG - ==================================================
2025-04-08 16:09:17,085 - DEBUG - Efficiency Statistics of Local Search :
2025-04-08 16:09:17,085 - DEBUG - Number of attempts: 99
2025-04-08 16:09:17,085 - DEBUG - Average Success Rate: 14.14%
2025-04-08 16:09:17,085 - DEBUG - AGV Local Search Success: 14，Average Improvement: 14.50
2025-04-08 16:09:17,090 - DEBUG - 执行AGV分配局部搜索，当前完工时间: 1750.00
2025-04-08 16:09:17,094 - DEBUG - 局部搜索未能改进当前解
2025-04-08 16:09:17,097 - DEBUG - 执行AGV分配局部搜索，当前完工时间: 1790.00
2025-04-08 16:09:17,101 - DEBUG - 局部搜索未能改进当前解
2025-04-08 16:09:17,105 - DEBUG - 执行AGV分配局部搜索，当前完工时间: 1843.00
2025-04-08 16:09:17,109 - DEBUG - AGV分配局部搜索成功！完工时间从 1843.00 降低到 1827.00，改进: 16.00 (0.87%)
2025-04-08 16:09:17,112 - DEBUG - 执行AGV分配局部搜索，当前完工时间: 1745.00
2025-04-08 16:09:17,117 - DEBUG - 局部搜索未能改进当前解
2025-04-08 16:09:17,121 - DEBUG - 执行AGV分配局部搜索，当前完工时间: 1852.00
2025-04-08 16:09:17,125 - DEBUG - 局部搜索未能改进当前解
2025-04-08 16:09:17,128 - DEBUG - 执行AGV分配局部搜索，当前完工时间: 1853.00
2025-04-08 16:09:17,133 - DEBUG - 局部搜索未能改进当前解
2025-04-08 16:09:17,137 - DEBUG - 执行AGV分配局部搜索，当前完工时间: 1746.00
2025-04-08 16:09:17,141 - DEBUG - 局部搜索未能改进当前解
2025-04-08 16:09:17,145 - DEBUG - 执行AGV分配局部搜索，当前完工时间: 1826.00
2025-04-08 16:09:17,149 - DEBUG - 局部搜索未能改进当前解
2025-04-08 16:09:17,152 - DEBUG - 执行AGV分配局部搜索，当前完工时间: 1743.00
2025-04-08 16:09:17,156 - DEBUG - 局部搜索未能改进当前解
2025-04-08 16:09:17,160 - DEBUG - 执行AGV分配局部搜索，当前完工时间: 1808.00
2025-04-08 16:09:17,164 - DEBUG - 局部搜索未能改进当前解
2025-04-08 16:09:17,169 - DEBUG - 执行AGV分配局部搜索，当前完工时间: 1717.00
2025-04-08 16:09:17,172 - DEBUG - 局部搜索未能改进当前解
2025-04-08 16:09:17,176 - DEBUG - 执行AGV分配局部搜索，当前完工时间: 1796.00
2025-04-08 16:09:17,179 - DEBUG - 局部搜索未能改进当前解
2025-04-08 16:09:17,184 - DEBUG - 执行AGV分配局部搜索，当前完工时间: 1697.00
2025-04-08 16:09:17,187 - DEBUG - 局部搜索未能改进当前解
2025-04-08 16:09:17,191 - DEBUG - 执行AGV分配局部搜索，当前完工时间: 1722.00
2025-04-08 16:09:17,195 - DEBUG - 局部搜索未能改进当前解
2025-04-08 16:09:17,199 - DEBUG - 执行AGV分配局部搜索，当前完工时间: 1846.00
2025-04-08 16:09:17,203 - DEBUG - 局部搜索未能改进当前解
2025-04-08 16:09:17,207 - DEBUG - 执行AGV分配局部搜索，当前完工时间: 1847.00
2025-04-08 16:09:17,211 - DEBUG - 局部搜索未能改进当前解
2025-04-08 16:09:17,214 - DEBUG - 执行AGV分配局部搜索，当前完工时间: 1774.00
2025-04-08 16:09:17,218 - DEBUG - 局部搜索未能改进当前解
2025-04-08 16:09:17,220 - DEBUG - 执行AGV分配局部搜索，当前完工时间: 1726.00
2025-04-08 16:09:17,225 - DEBUG - 局部搜索未能改进当前解
2025-04-08 16:09:17,230 - DEBUG - 执行AGV分配局部搜索，当前完工时间: 1789.00
2025-04-08 16:09:17,233 - DEBUG - AGV分配局部搜索成功！完工时间从 1789.00 降低到 1781.00，改进: 8.00 (0.45%)
2025-04-08 16:09:17,236 - DEBUG - 执行AGV分配局部搜索，当前完工时间: 1781.00
2025-04-08 16:09:17,240 - DEBUG - AGV分配局部搜索成功！完工时间从 1781.00 降低到 1735.00，改进: 46.00 (2.58%)
2025-04-08 16:09:17,245 - DEBUG - 执行AGV分配局部搜索，当前完工时间: 1803.00
2025-04-08 16:09:17,249 - DEBUG - 局部搜索未能改进当前解
2025-04-08 16:09:17,252 - DEBUG - 执行AGV分配局部搜索，当前完工时间: 1785.00
2025-04-08 16:09:17,256 - DEBUG - AGV分配局部搜索成功！完工时间从 1785.00 降低到 1752.00，改进: 33.00 (1.85%)
2025-04-08 16:09:17,259 - DEBUG - 执行AGV分配局部搜索，当前完工时间: 1725.00
2025-04-08 16:09:17,263 - DEBUG - 局部搜索未能改进当前解
2025-04-08 16:09:17,266 - DEBUG - 执行AGV分配局部搜索，当前完工时间: 1792.00
2025-04-08 16:09:17,271 - DEBUG - 局部搜索未能改进当前解
2025-04-08 16:09:17,274 - DEBUG - 执行AGV分配局部搜索，当前完工时间: 1755.00
2025-04-08 16:09:17,278 - DEBUG - AGV分配局部搜索成功！完工时间从 1755.00 降低到 1739.00，改进: 16.00 (0.91%)
2025-04-08 16:09:17,282 - DEBUG - 执行AGV分配局部搜索，当前完工时间: 1761.00
2025-04-08 16:09:17,286 - DEBUG - 局部搜索未能改进当前解
2025-04-08 16:09:17,290 - DEBUG - 执行AGV分配局部搜索，当前完工时间: 1778.00
2025-04-08 16:09:17,293 - DEBUG - 局部搜索未能改进当前解
2025-04-08 16:09:17,296 - DEBUG - 执行AGV分配局部搜索，当前完工时间: 1731.00
2025-04-08 16:09:17,300 - DEBUG - 局部搜索未能改进当前解
2025-04-08 16:09:17,304 - DEBUG - 执行AGV分配局部搜索，当前完工时间: 1793.00
2025-04-08 16:09:17,307 - DEBUG - 局部搜索未能改进当前解
2025-04-08 16:09:17,310 - DEBUG - 执行AGV分配局部搜索，当前完工时间: 1800.00
2025-04-08 16:09:17,314 - DEBUG - 局部搜索未能改进当前解
2025-04-08 16:09:17,318 - DEBUG - 执行AGV分配局部搜索，当前完工时间: 1799.00
2025-04-08 16:09:17,322 - DEBUG - 局部搜索未能改进当前解
2025-04-08 16:09:17,326 - DEBUG - 执行AGV分配局部搜索，当前完工时间: 1702.00
2025-04-08 16:09:17,329 - DEBUG - 局部搜索未能改进当前解
2025-04-08 16:09:17,333 - DEBUG - 执行AGV分配局部搜索，当前完工时间: 1738.00
2025-04-08 16:09:17,337 - DEBUG - 局部搜索未能改进当前解
2025-04-08 16:09:17,340 - DEBUG - 执行AGV分配局部搜索，当前完工时间: 1773.00
2025-04-08 16:09:17,344 - DEBUG - 局部搜索未能改进当前解
2025-04-08 16:09:17,347 - DEBUG - 执行AGV分配局部搜索，当前完工时间: 1717.00
2025-04-08 16:09:17,351 - DEBUG - 局部搜索未能改进当前解
2025-04-08 16:09:17,355 - DEBUG - 执行AGV分配局部搜索，当前完工时间: 1820.00
2025-04-08 16:09:17,358 - DEBUG - 局部搜索未能改进当前解
2025-04-08 16:09:17,362 - DEBUG - 执行AGV分配局部搜索，当前完工时间: 1844.00
2025-04-08 16:09:17,366 - DEBUG - AGV分配局部搜索成功！完工时间从 1844.00 降低到 1837.00，改进: 7.00 (0.38%)
2025-04-08 16:09:17,370 - DEBUG - 执行AGV分配局部搜索，当前完工时间: 1753.00
2025-04-08 16:09:17,374 - DEBUG - AGV分配局部搜索成功！完工时间从 1753.00 降低到 1733.00，改进: 20.00 (1.14%)
2025-04-08 16:09:17,378 - DEBUG - 执行AGV分配局部搜索，当前完工时间: 1739.00
2025-04-08 16:09:17,381 - DEBUG - 局部搜索未能改进当前解
2025-04-08 16:09:17,385 - DEBUG - 执行AGV分配局部搜索，当前完工时间: 1741.00
2025-04-08 16:09:17,389 - DEBUG - 局部搜索未能改进当前解
2025-04-08 16:09:17,392 - DEBUG - 执行AGV分配局部搜索，当前完工时间: 1770.00
2025-04-08 16:09:17,396 - DEBUG - AGV分配局部搜索成功！完工时间从 1770.00 降低到 1766.00，改进: 4.00 (0.23%)
2025-04-08 16:09:17,400 - DEBUG - 执行AGV分配局部搜索，当前完工时间: 1739.00
2025-04-08 16:09:17,404 - DEBUG - 局部搜索未能改进当前解
2025-04-08 16:09:17,407 - DEBUG - 执行AGV分配局部搜索，当前完工时间: 1718.00
2025-04-08 16:09:17,411 - DEBUG - 局部搜索未能改进当前解
2025-04-08 16:09:17,414 - DEBUG - 执行AGV分配局部搜索，当前完工时间: 1758.00
2025-04-08 16:09:17,418 - DEBUG - 局部搜索未能改进当前解
2025-04-08 16:09:17,422 - DEBUG - 执行AGV分配局部搜索，当前完工时间: 1746.00
2025-04-08 16:09:17,425 - DEBUG - 局部搜索未能改进当前解
2025-04-08 16:09:17,430 - DEBUG - 执行AGV分配局部搜索，当前完工时间: 1727.00
2025-04-08 16:09:17,433 - DEBUG - 局部搜索未能改进当前解
2025-04-08 16:09:17,437 - DEBUG - 执行AGV分配局部搜索，当前完工时间: 1662.00
2025-04-08 16:09:17,441 - DEBUG - 局部搜索未能改进当前解
2025-04-08 16:09:17,445 - DEBUG - 执行AGV分配局部搜索，当前完工时间: 1754.00
2025-04-08 16:09:17,449 - DEBUG - 局部搜索未能改进当前解
2025-04-08 16:09:17,452 - DEBUG - 执行AGV分配局部搜索，当前完工时间: 1789.00
2025-04-08 16:09:17,455 - DEBUG - 局部搜索未能改进当前解
2025-04-08 16:09:17,460 - DEBUG - 执行AGV分配局部搜索，当前完工时间: 1766.00
2025-04-08 16:09:17,464 - DEBUG - AGV分配局部搜索成功！完工时间从 1766.00 降低到 1735.00，改进: 31.00 (1.76%)
2025-04-08 16:09:17,468 - DEBUG - 执行AGV分配局部搜索，当前完工时间: 1838.00
2025-04-08 16:09:17,471 - DEBUG - 局部搜索未能改进当前解
2025-04-08 16:09:17,475 - DEBUG - 执行AGV分配局部搜索，当前完工时间: 1735.00
2025-04-08 16:09:17,479 - DEBUG - 局部搜索未能改进当前解
2025-04-08 16:09:17,482 - DEBUG - 执行AGV分配局部搜索，当前完工时间: 1716.00
2025-04-08 16:09:17,486 - DEBUG - 局部搜索未能改进当前解
2025-04-08 16:09:17,490 - DEBUG - 执行AGV分配局部搜索，当前完工时间: 1770.00
2025-04-08 16:09:17,494 - DEBUG - 局部搜索未能改进当前解
2025-04-08 16:09:17,499 - DEBUG - 执行AGV分配局部搜索，当前完工时间: 1777.00
2025-04-08 16:09:17,502 - DEBUG - 局部搜索未能改进当前解
2025-04-08 16:09:17,506 - DEBUG - 执行AGV分配局部搜索，当前完工时间: 1888.00
2025-04-08 16:09:17,510 - DEBUG - 局部搜索未能改进当前解
2025-04-08 16:09:17,512 - DEBUG - 执行AGV分配局部搜索，当前完工时间: 1774.00
2025-04-08 16:09:17,517 - DEBUG - 局部搜索未能改进当前解
2025-04-08 16:09:17,520 - DEBUG - 执行AGV分配局部搜索，当前完工时间: 1670.00
2025-04-08 16:09:17,524 - DEBUG - 局部搜索未能改进当前解
2025-04-08 16:09:17,528 - DEBUG - 执行AGV分配局部搜索，当前完工时间: 1721.00
2025-04-08 16:09:17,532 - DEBUG - 局部搜索未能改进当前解
2025-04-08 16:09:17,536 - DEBUG - 执行AGV分配局部搜索，当前完工时间: 1748.00
2025-04-08 16:09:17,539 - DEBUG - 局部搜索未能改进当前解
2025-04-08 16:09:17,543 - DEBUG - 执行AGV分配局部搜索，当前完工时间: 1727.00
2025-04-08 16:09:17,547 - DEBUG - AGV分配局部搜索成功！完工时间从 1727.00 降低到 1724.00，改进: 3.00 (0.17%)
2025-04-08 16:09:17,551 - DEBUG - 执行AGV分配局部搜索，当前完工时间: 1860.00
2025-04-08 16:09:17,554 - DEBUG - 局部搜索未能改进当前解
2025-04-08 16:09:17,558 - DEBUG - 执行AGV分配局部搜索，当前完工时间: 1735.00
2025-04-08 16:09:17,562 - DEBUG - AGV分配局部搜索成功！完工时间从 1735.00 降低到 1710.00，改进: 25.00 (1.44%)
2025-04-08 16:09:17,566 - DEBUG - 执行AGV分配局部搜索，当前完工时间: 1769.00
2025-04-08 16:09:17,569 - DEBUG - 局部搜索未能改进当前解
2025-04-08 16:09:17,573 - DEBUG - 执行AGV分配局部搜索，当前完工时间: 1793.00
2025-04-08 16:09:17,576 - DEBUG - 局部搜索未能改进当前解
2025-04-08 16:09:17,580 - DEBUG - 执行AGV分配局部搜索，当前完工时间: 1764.00
2025-04-08 16:09:17,584 - DEBUG - 局部搜索未能改进当前解
2025-04-08 16:09:17,588 - DEBUG - 执行AGV分配局部搜索，当前完工时间: 1681.00
2025-04-08 16:09:17,592 - DEBUG - 局部搜索未能改进当前解
2025-04-08 16:09:17,595 - DEBUG - 执行AGV分配局部搜索，当前完工时间: 1682.00
2025-04-08 16:09:17,599 - DEBUG - 局部搜索未能改进当前解
2025-04-08 16:09:17,603 - DEBUG - 执行AGV分配局部搜索，当前完工时间: 1778.00
2025-04-08 16:09:17,606 - DEBUG - 局部搜索未能改进当前解
2025-04-08 16:09:17,610 - DEBUG - 执行AGV分配局部搜索，当前完工时间: 1769.00
2025-04-08 16:09:17,614 - DEBUG - AGV分配局部搜索成功！完工时间从 1769.00 降低到 1731.00，改进: 38.00 (2.15%)
2025-04-08 16:09:17,618 - DEBUG - 执行AGV分配局部搜索，当前完工时间: 1801.00
2025-04-08 16:09:17,621 - DEBUG - 局部搜索未能改进当前解
2025-04-08 16:09:17,625 - DEBUG - 执行AGV分配局部搜索，当前完工时间: 1766.00
2025-04-08 16:09:17,629 - DEBUG - 局部搜索未能改进当前解
2025-04-08 16:09:17,633 - DEBUG - 执行AGV分配局部搜索，当前完工时间: 1739.00
2025-04-08 16:09:17,636 - DEBUG - 局部搜索未能改进当前解
2025-04-08 16:09:17,640 - DEBUG - 执行AGV分配局部搜索，当前完工时间: 1756.00
2025-04-08 16:09:17,643 - DEBUG - 局部搜索未能改进当前解
2025-04-08 16:09:17,647 - DEBUG - 执行AGV分配局部搜索，当前完工时间: 1817.00
2025-04-08 16:09:17,651 - DEBUG - AGV分配局部搜索成功！完工时间从 1817.00 降低到 1770.00，改进: 47.00 (2.59%)
2025-04-08 16:09:17,655 - DEBUG - 执行AGV分配局部搜索，当前完工时间: 1739.00
2025-04-08 16:09:17,658 - DEBUG - 局部搜索未能改进当前解
2025-04-08 16:09:17,662 - DEBUG - 执行AGV分配局部搜索，当前完工时间: 1687.00
2025-04-08 16:09:17,665 - DEBUG - 局部搜索未能改进当前解
2025-04-08 16:09:17,669 - DEBUG - 执行AGV分配局部搜索，当前完工时间: 1741.00
2025-04-08 16:09:17,673 - DEBUG - 局部搜索未能改进当前解
2025-04-08 16:09:17,677 - DEBUG - 执行AGV分配局部搜索，当前完工时间: 1740.00
2025-04-08 16:09:17,681 - DEBUG - 局部搜索未能改进当前解
2025-04-08 16:09:17,684 - DEBUG - 执行AGV分配局部搜索，当前完工时间: 1691.00
2025-04-08 16:09:17,688 - DEBUG - 局部搜索未能改进当前解
2025-04-08 16:09:17,692 - DEBUG - 执行AGV分配局部搜索，当前完工时间: 1721.00
2025-04-08 16:09:17,696 - DEBUG - 局部搜索未能改进当前解
2025-04-08 16:09:17,699 - DEBUG - 执行AGV分配局部搜索，当前完工时间: 1773.00
2025-04-08 16:09:17,703 - DEBUG - 局部搜索未能改进当前解
2025-04-08 16:09:17,707 - DEBUG - 执行AGV分配局部搜索，当前完工时间: 1774.00
2025-04-08 16:09:17,711 - DEBUG - 局部搜索未能改进当前解
2025-04-08 16:09:17,714 - DEBUG - 执行AGV分配局部搜索，当前完工时间: 1753.00
2025-04-08 16:09:17,718 - DEBUG - 局部搜索未能改进当前解
2025-04-08 16:09:17,722 - DEBUG - 执行AGV分配局部搜索，当前完工时间: 1834.00
2025-04-08 16:09:17,725 - DEBUG - AGV分配局部搜索成功！完工时间从 1834.00 降低到 1809.00，改进: 25.00 (1.36%)
2025-04-08 16:09:17,729 - DEBUG - 执行AGV分配局部搜索，当前完工时间: 1716.00
2025-04-08 16:09:17,732 - DEBUG - 局部搜索未能改进当前解
2025-04-08 16:09:17,737 - DEBUG - 执行AGV分配局部搜索，当前完工时间: 1765.00
2025-04-08 16:09:17,740 - DEBUG - AGV分配局部搜索成功！完工时间从 1765.00 降低到 1763.00，改进: 2.00 (0.11%)
2025-04-08 16:09:17,744 - DEBUG - 执行AGV分配局部搜索，当前完工时间: 1711.00
2025-04-08 16:09:17,748 - DEBUG - 局部搜索未能改进当前解
2025-04-08 16:09:17,751 - DEBUG - 执行AGV分配局部搜索，当前完工时间: 1732.00
2025-04-08 16:09:17,755 - DEBUG - 局部搜索未能改进当前解
2025-04-08 16:09:17,759 - DEBUG - 执行AGV分配局部搜索，当前完工时间: 1728.00
2025-04-08 16:09:17,762 - DEBUG - 局部搜索未能改进当前解
2025-04-08 16:09:17,765 - DEBUG - 执行AGV分配局部搜索，当前完工时间: 1782.00
2025-04-08 16:09:17,770 - DEBUG - 局部搜索未能改进当前解
2025-04-08 16:09:17,773 - DEBUG - 执行AGV分配局部搜索，当前完工时间: 1772.00
2025-04-08 16:09:17,778 - DEBUG - 局部搜索未能改进当前解
2025-04-08 16:09:17,781 - DEBUG - 执行AGV分配局部搜索，当前完工时间: 1727.00
2025-04-08 16:09:17,784 - DEBUG - 局部搜索未能改进当前解
2025-04-08 16:09:17,787 - DEBUG - 执行AGV分配局部搜索，当前完工时间: 1802.00
2025-04-08 16:09:17,791 - DEBUG - 局部搜索未能改进当前解
2025-04-08 16:09:17,794 - DEBUG - 执行AGV分配局部搜索，当前完工时间: 1687.00
2025-04-08 16:09:17,799 - DEBUG - 局部搜索未能改进当前解
2025-04-08 16:09:17,803 - DEBUG - 执行AGV分配局部搜索，当前完工时间: 1739.00
2025-04-08 16:09:17,806 - DEBUG - 局部搜索未能改进当前解
2025-04-08 16:09:17,810 - DEBUG - 执行AGV分配局部搜索，当前完工时间: 1739.00
2025-04-08 16:09:17,812 - DEBUG - AGV分配局部搜索成功！完工时间从 1739.00 降低到 1721.00，改进: 18.00 (1.04%)
2025-04-08 16:09:17,817 - DEBUG - 执行AGV分配局部搜索，当前完工时间: 1719.00
2025-04-08 16:09:17,820 - DEBUG - 局部搜索未能改进当前解
2025-04-08 16:09:17,824 - DEBUG - 执行AGV分配局部搜索，当前完工时间: 1775.00
2025-04-08 16:09:17,828 - DEBUG - 局部搜索未能改进当前解
2025-04-08 16:09:17,828 - DEBUG - ==================================================
2025-04-08 16:09:17,828 - DEBUG - Efficiency Statistics of Local Search :
2025-04-08 16:09:17,828 - DEBUG - Number of attempts: 99
2025-04-08 16:09:17,828 - DEBUG - Average Success Rate: 16.16%
2025-04-08 16:09:17,828 - DEBUG - AGV Local Search Success: 16，Average Improvement: 21.19
2025-04-08 16:09:17,833 - DEBUG - 执行AGV分配局部搜索，当前完工时间: 1794.00
2025-04-08 16:09:17,837 - DEBUG - 局部搜索未能改进当前解
2025-04-08 16:09:17,840 - DEBUG - 执行AGV分配局部搜索，当前完工时间: 1847.00
2025-04-08 16:09:17,844 - DEBUG - 局部搜索未能改进当前解
2025-04-08 16:09:17,849 - DEBUG - 执行AGV分配局部搜索，当前完工时间: 1935.00
2025-04-08 16:09:17,853 - DEBUG - 局部搜索未能改进当前解
2025-04-08 16:09:17,856 - DEBUG - 执行AGV分配局部搜索，当前完工时间: 1747.00
2025-04-08 16:09:17,861 - DEBUG - 局部搜索未能改进当前解
2025-04-08 16:09:17,864 - DEBUG - 执行AGV分配局部搜索，当前完工时间: 1838.00
2025-04-08 16:09:17,869 - DEBUG - 局部搜索未能改进当前解
2025-04-08 16:09:17,872 - DEBUG - 执行AGV分配局部搜索，当前完工时间: 1684.00
2025-04-08 16:09:17,877 - DEBUG - 局部搜索未能改进当前解
2025-04-08 16:09:17,880 - DEBUG - 执行AGV分配局部搜索，当前完工时间: 1849.00
2025-04-08 16:09:17,884 - DEBUG - 局部搜索未能改进当前解
2025-04-08 16:09:17,887 - DEBUG - 执行AGV分配局部搜索，当前完工时间: 1758.00
2025-04-08 16:09:17,891 - DEBUG - AGV分配局部搜索成功！完工时间从 1758.00 降低到 1745.00，改进: 13.00 (0.74%)
2025-04-08 16:09:17,895 - DEBUG - 执行AGV分配局部搜索，当前完工时间: 1785.00
2025-04-08 16:09:17,899 - DEBUG - 局部搜索未能改进当前解
2025-04-08 16:09:17,902 - DEBUG - 执行AGV分配局部搜索，当前完工时间: 1708.00
2025-04-08 16:09:17,906 - DEBUG - 局部搜索未能改进当前解
2025-04-08 16:09:17,910 - DEBUG - 执行AGV分配局部搜索，当前完工时间: 1766.00
2025-04-08 16:09:17,913 - DEBUG - 局部搜索未能改进当前解
2025-04-08 16:09:17,918 - DEBUG - 执行AGV分配局部搜索，当前完工时间: 1685.00
2025-04-08 16:09:17,921 - DEBUG - 局部搜索未能改进当前解
2025-04-08 16:09:17,924 - DEBUG - 执行AGV分配局部搜索，当前完工时间: 1759.00
2025-04-08 16:09:17,928 - DEBUG - 局部搜索未能改进当前解
2025-04-08 16:09:17,932 - DEBUG - 执行AGV分配局部搜索，当前完工时间: 1769.00
2025-04-08 16:09:17,936 - DEBUG - 局部搜索未能改进当前解
2025-04-08 16:09:17,940 - DEBUG - 执行AGV分配局部搜索，当前完工时间: 1745.00
2025-04-08 16:09:17,943 - DEBUG - 局部搜索未能改进当前解
2025-04-08 16:09:17,947 - DEBUG - 执行AGV分配局部搜索，当前完工时间: 1847.00
2025-04-08 16:09:17,951 - DEBUG - 局部搜索未能改进当前解
2025-04-08 16:09:17,954 - DEBUG - 执行AGV分配局部搜索，当前完工时间: 1747.00
2025-04-08 16:09:17,958 - DEBUG - 局部搜索未能改进当前解
2025-04-08 16:09:17,962 - DEBUG - 执行AGV分配局部搜索，当前完工时间: 1798.00
2025-04-08 16:09:17,965 - DEBUG - 局部搜索未能改进当前解
2025-04-08 16:09:17,969 - DEBUG - 执行AGV分配局部搜索，当前完工时间: 1760.00
2025-04-08 16:09:17,972 - DEBUG - 局部搜索未能改进当前解
2025-04-08 16:09:17,977 - DEBUG - 执行AGV分配局部搜索，当前完工时间: 1718.00
2025-04-08 16:09:17,981 - DEBUG - 局部搜索未能改进当前解
2025-04-08 16:09:17,985 - DEBUG - 执行AGV分配局部搜索，当前完工时间: 1770.00
2025-04-08 16:09:17,989 - DEBUG - 局部搜索未能改进当前解
2025-04-08 16:09:17,992 - DEBUG - 执行AGV分配局部搜索，当前完工时间: 1733.00
2025-04-08 16:09:17,996 - DEBUG - 局部搜索未能改进当前解
2025-04-08 16:09:18,000 - DEBUG - 执行AGV分配局部搜索，当前完工时间: 1700.00
2025-04-08 16:09:18,003 - DEBUG - 局部搜索未能改进当前解
2025-04-08 16:09:18,007 - DEBUG - 执行AGV分配局部搜索，当前完工时间: 1743.00
2025-04-08 16:09:18,011 - DEBUG - 局部搜索未能改进当前解
2025-04-08 16:09:18,014 - DEBUG - 执行AGV分配局部搜索，当前完工时间: 1739.00
2025-04-08 16:09:18,018 - DEBUG - 局部搜索未能改进当前解
2025-04-08 16:09:18,021 - DEBUG - 执行AGV分配局部搜索，当前完工时间: 1783.00
2025-04-08 16:09:18,025 - DEBUG - 局部搜索未能改进当前解
2025-04-08 16:09:18,029 - DEBUG - 执行AGV分配局部搜索，当前完工时间: 1808.00
2025-04-08 16:09:18,032 - DEBUG - 局部搜索未能改进当前解
2025-04-08 16:09:18,037 - DEBUG - 执行AGV分配局部搜索，当前完工时间: 1715.00
2025-04-08 16:09:18,040 - DEBUG - 局部搜索未能改进当前解
2025-04-08 16:09:18,044 - DEBUG - 执行AGV分配局部搜索，当前完工时间: 1714.00
2025-04-08 16:09:18,047 - DEBUG - 局部搜索未能改进当前解
2025-04-08 16:09:18,052 - DEBUG - 执行AGV分配局部搜索，当前完工时间: 1735.00
2025-04-08 16:09:18,056 - DEBUG - 局部搜索未能改进当前解
2025-04-08 16:09:18,059 - DEBUG - 执行AGV分配局部搜索，当前完工时间: 1861.00
2025-04-08 16:09:18,062 - DEBUG - 局部搜索未能改进当前解
2025-04-08 16:09:18,067 - DEBUG - 执行AGV分配局部搜索，当前完工时间: 1761.00
2025-04-08 16:09:18,071 - DEBUG - AGV分配局部搜索成功！完工时间从 1761.00 降低到 1745.00，改进: 16.00 (0.91%)
2025-04-08 16:09:18,074 - DEBUG - 执行AGV分配局部搜索，当前完工时间: 1730.00
2025-04-08 16:09:18,078 - DEBUG - 局部搜索未能改进当前解
2025-04-08 16:09:18,082 - DEBUG - 执行AGV分配局部搜索，当前完工时间: 1780.00
2025-04-08 16:09:18,085 - DEBUG - 局部搜索未能改进当前解
2025-04-08 16:09:18,088 - DEBUG - 执行AGV分配局部搜索，当前完工时间: 1716.00
2025-04-08 16:09:18,092 - DEBUG - 局部搜索未能改进当前解
2025-04-08 16:09:18,096 - DEBUG - 执行AGV分配局部搜索，当前完工时间: 1716.00
2025-04-08 16:09:18,100 - DEBUG - 局部搜索未能改进当前解
2025-04-08 16:09:18,104 - DEBUG - 执行AGV分配局部搜索，当前完工时间: 1814.00
2025-04-08 16:09:18,107 - DEBUG - 局部搜索未能改进当前解
2025-04-08 16:09:18,110 - DEBUG - 执行AGV分配局部搜索，当前完工时间: 1740.00
2025-04-08 16:09:18,114 - DEBUG - 局部搜索未能改进当前解
2025-04-08 16:09:18,118 - DEBUG - 执行AGV分配局部搜索，当前完工时间: 1726.00
2025-04-08 16:09:18,122 - DEBUG - AGV分配局部搜索成功！完工时间从 1726.00 降低到 1701.00，改进: 25.00 (1.45%)
2025-04-08 16:09:18,126 - DEBUG - 执行AGV分配局部搜索，当前完工时间: 1688.00
2025-04-08 16:09:18,130 - DEBUG - 局部搜索未能改进当前解
2025-04-08 16:09:18,134 - DEBUG - 执行AGV分配局部搜索，当前完工时间: 1749.00
2025-04-08 16:09:18,137 - DEBUG - AGV分配局部搜索成功！完工时间从 1749.00 降低到 1741.00，改进: 8.00 (0.46%)
2025-04-08 16:09:18,142 - DEBUG - 执行AGV分配局部搜索，当前完工时间: 1831.00
2025-04-08 16:09:18,149 - DEBUG - 局部搜索未能改进当前解
2025-04-08 16:09:18,153 - DEBUG - 执行AGV分配局部搜索，当前完工时间: 1728.00
2025-04-08 16:09:18,156 - DEBUG - 局部搜索未能改进当前解
2025-04-08 16:09:18,160 - DEBUG - 执行AGV分配局部搜索，当前完工时间: 1746.00
2025-04-08 16:09:18,164 - DEBUG - AGV分配局部搜索成功！完工时间从 1746.00 降低到 1726.00，改进: 20.00 (1.15%)
2025-04-08 16:09:18,168 - DEBUG - 执行AGV分配局部搜索，当前完工时间: 1738.00
2025-04-08 16:09:18,172 - DEBUG - 局部搜索未能改进当前解
2025-04-08 16:09:18,175 - DEBUG - 执行AGV分配局部搜索，当前完工时间: 1740.00
2025-04-08 16:09:18,179 - DEBUG - 局部搜索未能改进当前解
2025-04-08 16:09:18,183 - DEBUG - 执行AGV分配局部搜索，当前完工时间: 1795.00
2025-04-08 16:09:18,186 - DEBUG - 局部搜索未能改进当前解
2025-04-08 16:09:18,190 - DEBUG - 执行AGV分配局部搜索，当前完工时间: 1852.00
2025-04-08 16:09:18,195 - DEBUG - 局部搜索未能改进当前解
2025-04-08 16:09:18,197 - DEBUG - 执行AGV分配局部搜索，当前完工时间: 1719.00
2025-04-08 16:09:18,202 - DEBUG - 局部搜索未能改进当前解
2025-04-08 16:09:18,206 - DEBUG - 执行AGV分配局部搜索，当前完工时间: 1808.00
2025-04-08 16:09:18,209 - DEBUG - 局部搜索未能改进当前解
2025-04-08 16:09:18,212 - DEBUG - 执行AGV分配局部搜索，当前完工时间: 1809.00
2025-04-08 16:09:18,216 - DEBUG - 局部搜索未能改进当前解
2025-04-08 16:09:18,220 - DEBUG - 执行AGV分配局部搜索，当前完工时间: 1782.00
2025-04-08 16:09:18,223 - DEBUG - 局部搜索未能改进当前解
2025-04-08 16:09:18,227 - DEBUG - 执行AGV分配局部搜索，当前完工时间: 1731.00
2025-04-08 16:09:18,231 - DEBUG - 局部搜索未能改进当前解
2025-04-08 16:09:18,235 - DEBUG - 执行AGV分配局部搜索，当前完工时间: 1821.00
2025-04-08 16:09:18,239 - DEBUG - 局部搜索未能改进当前解
2025-04-08 16:09:18,243 - DEBUG - 执行AGV分配局部搜索，当前完工时间: 1777.00
2025-04-08 16:09:18,245 - DEBUG - AGV分配局部搜索成功！完工时间从 1777.00 降低到 1760.00，改进: 17.00 (0.96%)
2025-04-08 16:09:18,250 - DEBUG - 执行AGV分配局部搜索，当前完工时间: 1662.00
2025-04-08 16:09:18,254 - DEBUG - 局部搜索未能改进当前解
2025-04-08 16:09:18,258 - DEBUG - 执行AGV分配局部搜索，当前完工时间: 1813.00
2025-04-08 16:09:18,262 - DEBUG - 局部搜索未能改进当前解
2025-04-08 16:09:18,265 - DEBUG - 执行AGV分配局部搜索，当前完工时间: 1785.00
2025-04-08 16:09:18,269 - DEBUG - 局部搜索未能改进当前解
2025-04-08 16:09:18,273 - DEBUG - 执行AGV分配局部搜索，当前完工时间: 1757.00
2025-04-08 16:09:18,276 - DEBUG - 局部搜索未能改进当前解
2025-04-08 16:09:18,280 - DEBUG - 执行AGV分配局部搜索，当前完工时间: 1725.00
2025-04-08 16:09:18,284 - DEBUG - 局部搜索未能改进当前解
2025-04-08 16:09:18,288 - DEBUG - 执行AGV分配局部搜索，当前完工时间: 1781.00
2025-04-08 16:09:18,291 - DEBUG - 局部搜索未能改进当前解
2025-04-08 16:09:18,295 - DEBUG - 执行AGV分配局部搜索，当前完工时间: 1779.00
2025-04-08 16:09:18,298 - DEBUG - AGV分配局部搜索成功！完工时间从 1779.00 降低到 1776.00，改进: 3.00 (0.17%)
2025-04-08 16:09:18,302 - DEBUG - 执行AGV分配局部搜索，当前完工时间: 1752.00
2025-04-08 16:09:18,306 - DEBUG - AGV分配局部搜索成功！完工时间从 1752.00 降低到 1749.00，改进: 3.00 (0.17%)
2025-04-08 16:09:18,311 - DEBUG - 执行AGV分配局部搜索，当前完工时间: 1770.00
2025-04-08 16:09:18,314 - DEBUG - 局部搜索未能改进当前解
2025-04-08 16:09:18,318 - DEBUG - 执行AGV分配局部搜索，当前完工时间: 1797.00
2025-04-08 16:09:18,321 - DEBUG - 局部搜索未能改进当前解
2025-04-08 16:09:18,325 - DEBUG - 执行AGV分配局部搜索，当前完工时间: 1679.00
2025-04-08 16:09:18,329 - DEBUG - 局部搜索未能改进当前解
2025-04-08 16:09:18,332 - DEBUG - 执行AGV分配局部搜索，当前完工时间: 1707.00
2025-04-08 16:09:18,336 - DEBUG - 局部搜索未能改进当前解
2025-04-08 16:09:18,340 - DEBUG - 执行AGV分配局部搜索，当前完工时间: 1732.00
2025-04-08 16:09:18,344 - DEBUG - 局部搜索未能改进当前解
2025-04-08 16:09:18,347 - DEBUG - 执行AGV分配局部搜索，当前完工时间: 1712.00
2025-04-08 16:09:18,351 - DEBUG - 局部搜索未能改进当前解
2025-04-08 16:09:18,354 - DEBUG - 执行AGV分配局部搜索，当前完工时间: 1706.00
2025-04-08 16:09:18,358 - DEBUG - 局部搜索未能改进当前解
2025-04-08 16:09:18,362 - DEBUG - 执行AGV分配局部搜索，当前完工时间: 1716.00
2025-04-08 16:09:18,366 - DEBUG - 局部搜索未能改进当前解
2025-04-08 16:09:18,371 - DEBUG - 执行AGV分配局部搜索，当前完工时间: 1830.00
2025-04-08 16:09:18,374 - DEBUG - 局部搜索未能改进当前解
2025-04-08 16:09:18,378 - DEBUG - 执行AGV分配局部搜索，当前完工时间: 1753.00
2025-04-08 16:09:18,382 - DEBUG - AGV分配局部搜索成功！完工时间从 1753.00 降低到 1731.00，改进: 22.00 (1.25%)
2025-04-08 16:09:18,386 - DEBUG - 执行AGV分配局部搜索，当前完工时间: 1755.00
2025-04-08 16:09:18,390 - DEBUG - 局部搜索未能改进当前解
2025-04-08 16:09:18,395 - DEBUG - 执行AGV分配局部搜索，当前完工时间: 1815.00
2025-04-08 16:09:18,398 - DEBUG - 局部搜索未能改进当前解
2025-04-08 16:09:18,402 - DEBUG - 执行AGV分配局部搜索，当前完工时间: 1803.00
2025-04-08 16:09:18,406 - DEBUG - AGV分配局部搜索成功！完工时间从 1803.00 降低到 1797.00，改进: 6.00 (0.33%)
2025-04-08 16:09:18,409 - DEBUG - 执行AGV分配局部搜索，当前完工时间: 1772.00
2025-04-08 16:09:18,412 - DEBUG - 局部搜索未能改进当前解
2025-04-08 16:09:18,417 - DEBUG - 执行AGV分配局部搜索，当前完工时间: 1691.00
2025-04-08 16:09:18,420 - DEBUG - 局部搜索未能改进当前解
2025-04-08 16:09:18,424 - DEBUG - 执行AGV分配局部搜索，当前完工时间: 1799.00
2025-04-08 16:09:18,426 - DEBUG - 局部搜索未能改进当前解
2025-04-08 16:09:18,431 - DEBUG - 执行AGV分配局部搜索，当前完工时间: 1789.00
2025-04-08 16:09:18,434 - DEBUG - 局部搜索未能改进当前解
2025-04-08 16:09:18,438 - DEBUG - 执行AGV分配局部搜索，当前完工时间: 1807.00
2025-04-08 16:09:18,442 - DEBUG - 局部搜索未能改进当前解
2025-04-08 16:09:18,445 - DEBUG - 执行AGV分配局部搜索，当前完工时间: 1724.00
2025-04-08 16:09:18,449 - DEBUG - AGV分配局部搜索成功！完工时间从 1724.00 降低到 1705.00，改进: 19.00 (1.10%)
2025-04-08 16:09:18,453 - DEBUG - 执行AGV分配局部搜索，当前完工时间: 1715.00
2025-04-08 16:09:18,457 - DEBUG - 局部搜索未能改进当前解
2025-04-08 16:09:18,460 - DEBUG - 执行AGV分配局部搜索，当前完工时间: 1888.00
2025-04-08 16:09:18,464 - DEBUG - 局部搜索未能改进当前解
2025-04-08 16:09:18,468 - DEBUG - 执行AGV分配局部搜索，当前完工时间: 1705.00
2025-04-08 16:09:18,471 - DEBUG - AGV分配局部搜索成功！完工时间从 1705.00 降低到 1696.00，改进: 9.00 (0.53%)
2025-04-08 16:09:18,475 - DEBUG - 执行AGV分配局部搜索，当前完工时间: 1771.00
2025-04-08 16:09:18,479 - DEBUG - AGV分配局部搜索成功！完工时间从 1771.00 降低到 1748.00，改进: 23.00 (1.30%)
2025-04-08 16:09:18,483 - DEBUG - 执行AGV分配局部搜索，当前完工时间: 1721.00
2025-04-08 16:09:18,487 - DEBUG - 局部搜索未能改进当前解
2025-04-08 16:09:18,491 - DEBUG - 执行AGV分配局部搜索，当前完工时间: 1724.00
2025-04-08 16:09:18,494 - DEBUG - 局部搜索未能改进当前解
2025-04-08 16:09:18,497 - DEBUG - 执行AGV分配局部搜索，当前完工时间: 1717.00
2025-04-08 16:09:18,502 - DEBUG - 局部搜索未能改进当前解
2025-04-08 16:09:18,506 - DEBUG - 执行AGV分配局部搜索，当前完工时间: 1733.00
2025-04-08 16:09:18,509 - DEBUG - 局部搜索未能改进当前解
2025-04-08 16:09:18,514 - DEBUG - 执行AGV分配局部搜索，当前完工时间: 1714.00
2025-04-08 16:09:18,516 - DEBUG - 局部搜索未能改进当前解
2025-04-08 16:09:18,520 - DEBUG - 执行AGV分配局部搜索，当前完工时间: 1849.00
2025-04-08 16:09:18,525 - DEBUG - 局部搜索未能改进当前解
2025-04-08 16:09:18,529 - DEBUG - 执行AGV分配局部搜索，当前完工时间: 1790.00
2025-04-08 16:09:18,533 - DEBUG - 局部搜索未能改进当前解
2025-04-08 16:09:18,536 - DEBUG - 执行AGV分配局部搜索，当前完工时间: 1779.00
2025-04-08 16:09:18,540 - DEBUG - 局部搜索未能改进当前解
2025-04-08 16:09:18,544 - DEBUG - 执行AGV分配局部搜索，当前完工时间: 1777.00
2025-04-08 16:09:18,548 - DEBUG - 局部搜索未能改进当前解
2025-04-08 16:09:18,552 - DEBUG - 执行AGV分配局部搜索，当前完工时间: 1776.00
2025-04-08 16:09:18,555 - DEBUG - 局部搜索未能改进当前解
2025-04-08 16:09:18,559 - DEBUG - 执行AGV分配局部搜索，当前完工时间: 1768.00
2025-04-08 16:09:18,562 - DEBUG - 局部搜索未能改进当前解
2025-04-08 16:09:18,566 - DEBUG - 执行AGV分配局部搜索，当前完工时间: 1769.00
2025-04-08 16:09:18,570 - DEBUG - 局部搜索未能改进当前解
2025-04-08 16:09:18,574 - DEBUG - 执行AGV分配局部搜索，当前完工时间: 1721.00
2025-04-08 16:09:18,578 - DEBUG - 局部搜索未能改进当前解
2025-04-08 16:09:18,578 - DEBUG - ==================================================
2025-04-08 16:09:18,578 - DEBUG - Efficiency Statistics of Local Search :
2025-04-08 16:09:18,578 - DEBUG - Number of attempts: 99
2025-04-08 16:09:18,578 - DEBUG - Average Success Rate: 13.13%
2025-04-08 16:09:18,578 - DEBUG - AGV Local Search Success: 13，Average Improvement: 14.15
2025-04-08 16:09:18,582 - DEBUG - 执行AGV分配局部搜索，当前完工时间: 1662.00
2025-04-08 16:09:18,586 - DEBUG - 局部搜索未能改进当前解
2025-04-08 16:09:18,590 - DEBUG - 执行AGV分配局部搜索，当前完工时间: 1680.00
2025-04-08 16:09:18,594 - DEBUG - 局部搜索未能改进当前解
2025-04-08 16:09:18,597 - DEBUG - 执行AGV分配局部搜索，当前完工时间: 1840.00
2025-04-08 16:09:18,602 - DEBUG - AGV分配局部搜索成功！完工时间从 1840.00 降低到 1810.00，改进: 30.00 (1.63%)
2025-04-08 16:09:18,606 - DEBUG - 执行AGV分配局部搜索，当前完工时间: 1754.00
2025-04-08 16:09:18,610 - DEBUG - 局部搜索未能改进当前解
2025-04-08 16:09:18,613 - DEBUG - 执行AGV分配局部搜索，当前完工时间: 1802.00
2025-04-08 16:09:18,618 - DEBUG - 局部搜索未能改进当前解
2025-04-08 16:09:18,620 - DEBUG - 执行AGV分配局部搜索，当前完工时间: 1786.00
2025-04-08 16:09:18,624 - DEBUG - 局部搜索未能改进当前解
2025-04-08 16:09:18,629 - DEBUG - 执行AGV分配局部搜索，当前完工时间: 1782.00
2025-04-08 16:09:18,631 - DEBUG - AGV分配局部搜索成功！完工时间从 1782.00 降低到 1764.00，改进: 18.00 (1.01%)
2025-04-08 16:09:18,635 - DEBUG - 执行AGV分配局部搜索，当前完工时间: 1692.00
2025-04-08 16:09:18,640 - DEBUG - 局部搜索未能改进当前解
2025-04-08 16:09:18,644 - DEBUG - 执行AGV分配局部搜索，当前完工时间: 1925.00
2025-04-08 16:09:18,647 - DEBUG - 局部搜索未能改进当前解
2025-04-08 16:09:18,651 - DEBUG - 执行AGV分配局部搜索，当前完工时间: 1736.00
2025-04-08 16:09:18,655 - DEBUG - 局部搜索未能改进当前解
2025-04-08 16:09:18,661 - DEBUG - 执行AGV分配局部搜索，当前完工时间: 1748.00
2025-04-08 16:09:18,664 - DEBUG - 局部搜索未能改进当前解
2025-04-08 16:09:18,669 - DEBUG - 执行AGV分配局部搜索，当前完工时间: 1737.00
2025-04-08 16:09:18,673 - DEBUG - 局部搜索未能改进当前解
2025-04-08 16:09:18,676 - DEBUG - 执行AGV分配局部搜索，当前完工时间: 1769.00
2025-04-08 16:09:18,679 - DEBUG - 局部搜索未能改进当前解
2025-04-08 16:09:18,683 - DEBUG - 执行AGV分配局部搜索，当前完工时间: 1706.00
2025-04-08 16:09:18,687 - DEBUG - 局部搜索未能改进当前解
2025-04-08 16:09:18,692 - DEBUG - 执行AGV分配局部搜索，当前完工时间: 1662.00
2025-04-08 16:09:18,695 - DEBUG - 局部搜索未能改进当前解
2025-04-08 16:09:18,699 - DEBUG - 执行AGV分配局部搜索，当前完工时间: 1716.00
2025-04-08 16:09:18,702 - DEBUG - AGV分配局部搜索成功！完工时间从 1716.00 降低到 1706.00，改进: 10.00 (0.58%)
2025-04-08 16:09:18,706 - DEBUG - 执行AGV分配局部搜索，当前完工时间: 1679.00
2025-04-08 16:09:18,709 - DEBUG - 局部搜索未能改进当前解
2025-04-08 16:09:18,713 - DEBUG - 执行AGV分配局部搜索，当前完工时间: 1729.00
2025-04-08 16:09:18,717 - DEBUG - 局部搜索未能改进当前解
2025-04-08 16:09:18,721 - DEBUG - 执行AGV分配局部搜索，当前完工时间: 1833.00
2025-04-08 16:09:18,724 - DEBUG - 局部搜索未能改进当前解
2025-04-08 16:09:18,729 - DEBUG - 执行AGV分配局部搜索，当前完工时间: 1670.00
2025-04-08 16:09:18,732 - DEBUG - 局部搜索未能改进当前解
2025-04-08 16:09:18,736 - DEBUG - 执行AGV分配局部搜索，当前完工时间: 1792.00
2025-04-08 16:09:18,740 - DEBUG - 局部搜索未能改进当前解
2025-04-08 16:09:18,745 - DEBUG - 执行AGV分配局部搜索，当前完工时间: 1741.00
2025-04-08 16:09:18,747 - DEBUG - 局部搜索未能改进当前解
2025-04-08 16:09:18,752 - DEBUG - 执行AGV分配局部搜索，当前完工时间: 1716.00
2025-04-08 16:09:18,755 - DEBUG - 局部搜索未能改进当前解
2025-04-08 16:09:18,759 - DEBUG - 执行AGV分配局部搜索，当前完工时间: 1815.00
2025-04-08 16:09:18,763 - DEBUG - 局部搜索未能改进当前解
2025-04-08 16:09:18,766 - DEBUG - 执行AGV分配局部搜索，当前完工时间: 1733.00
2025-04-08 16:09:18,770 - DEBUG - 局部搜索未能改进当前解
2025-04-08 16:09:18,774 - DEBUG - 执行AGV分配局部搜索，当前完工时间: 1729.00
2025-04-08 16:09:18,776 - DEBUG - 局部搜索未能改进当前解
2025-04-08 16:09:18,782 - DEBUG - 执行AGV分配局部搜索，当前完工时间: 1757.00
2025-04-08 16:09:18,785 - DEBUG - 局部搜索未能改进当前解
2025-04-08 16:09:18,789 - DEBUG - 执行AGV分配局部搜索，当前完工时间: 1771.00
2025-04-08 16:09:18,794 - DEBUG - 局部搜索未能改进当前解
2025-04-08 16:09:18,798 - DEBUG - 执行AGV分配局部搜索，当前完工时间: 1722.00
2025-04-08 16:09:18,802 - DEBUG - AGV分配局部搜索成功！完工时间从 1722.00 降低到 1721.00，改进: 1.00 (0.06%)
2025-04-08 16:09:18,806 - DEBUG - 执行AGV分配局部搜索，当前完工时间: 1932.00
2025-04-08 16:09:18,809 - DEBUG - 局部搜索未能改进当前解
2025-04-08 16:09:18,814 - DEBUG - 执行AGV分配局部搜索，当前完工时间: 1883.00
2025-04-08 16:09:18,818 - DEBUG - 局部搜索未能改进当前解
2025-04-08 16:09:18,820 - DEBUG - 执行AGV分配局部搜索，当前完工时间: 1741.00
2025-04-08 16:09:18,824 - DEBUG - 局部搜索未能改进当前解
2025-04-08 16:09:18,828 - DEBUG - 执行AGV分配局部搜索，当前完工时间: 1808.00
2025-04-08 16:09:18,832 - DEBUG - 局部搜索未能改进当前解
2025-04-08 16:09:18,836 - DEBUG - 执行AGV分配局部搜索，当前完工时间: 1728.00
2025-04-08 16:09:18,840 - DEBUG - 局部搜索未能改进当前解
2025-04-08 16:09:18,843 - DEBUG - 执行AGV分配局部搜索，当前完工时间: 1741.00
2025-04-08 16:09:18,847 - DEBUG - 局部搜索未能改进当前解
2025-04-08 16:09:18,850 - DEBUG - 执行AGV分配局部搜索，当前完工时间: 1728.00
2025-04-08 16:09:18,854 - DEBUG - 局部搜索未能改进当前解
2025-04-08 16:09:18,857 - DEBUG - 执行AGV分配局部搜索，当前完工时间: 1691.00
2025-04-08 16:09:18,862 - DEBUG - 局部搜索未能改进当前解
2025-04-08 16:09:18,866 - DEBUG - 执行AGV分配局部搜索，当前完工时间: 1770.00
2025-04-08 16:09:18,870 - DEBUG - 局部搜索未能改进当前解
2025-04-08 16:09:18,873 - DEBUG - 执行AGV分配局部搜索，当前完工时间: 1765.00
2025-04-08 16:09:18,878 - DEBUG - 局部搜索未能改进当前解
2025-04-08 16:09:18,881 - DEBUG - 执行AGV分配局部搜索，当前完工时间: 1790.00
2025-04-08 16:09:18,885 - DEBUG - AGV分配局部搜索成功！完工时间从 1790.00 降低到 1758.00，改进: 32.00 (1.79%)
2025-04-08 16:09:18,888 - DEBUG - 执行AGV分配局部搜索，当前完工时间: 1733.00
2025-04-08 16:09:18,892 - DEBUG - 局部搜索未能改进当前解
2025-04-08 16:09:18,895 - DEBUG - 执行AGV分配局部搜索，当前完工时间: 1688.00
2025-04-08 16:09:18,900 - DEBUG - 局部搜索未能改进当前解
2025-04-08 16:09:18,903 - DEBUG - 执行AGV分配局部搜索，当前完工时间: 1829.00
2025-04-08 16:09:18,907 - DEBUG - AGV分配局部搜索成功！完工时间从 1829.00 降低到 1799.00，改进: 30.00 (1.64%)
2025-04-08 16:09:18,910 - DEBUG - 执行AGV分配局部搜索，当前完工时间: 1760.00
2025-04-08 16:09:18,914 - DEBUG - 局部搜索未能改进当前解
2025-04-08 16:09:18,918 - DEBUG - 执行AGV分配局部搜索，当前完工时间: 1685.00
2025-04-08 16:09:18,921 - DEBUG - 局部搜索未能改进当前解
2025-04-08 16:09:18,925 - DEBUG - 执行AGV分配局部搜索，当前完工时间: 1730.00
2025-04-08 16:09:18,929 - DEBUG - 局部搜索未能改进当前解
2025-04-08 16:09:18,933 - DEBUG - 执行AGV分配局部搜索，当前完工时间: 1743.00
2025-04-08 16:09:18,937 - DEBUG - 局部搜索未能改进当前解
2025-04-08 16:09:18,941 - DEBUG - 执行AGV分配局部搜索，当前完工时间: 1662.00
2025-04-08 16:09:18,944 - DEBUG - 局部搜索未能改进当前解
2025-04-08 16:09:18,948 - DEBUG - 执行AGV分配局部搜索，当前完工时间: 1733.00
2025-04-08 16:09:18,951 - DEBUG - 局部搜索未能改进当前解
2025-04-08 16:09:18,956 - DEBUG - 执行AGV分配局部搜索，当前完工时间: 1763.00
2025-04-08 16:09:18,959 - DEBUG - 局部搜索未能改进当前解
2025-04-08 16:09:18,962 - DEBUG - 执行AGV分配局部搜索，当前完工时间: 1791.00
2025-04-08 16:09:18,966 - DEBUG - 局部搜索未能改进当前解
2025-04-08 16:09:18,971 - DEBUG - 执行AGV分配局部搜索，当前完工时间: 1853.00
2025-04-08 16:09:18,974 - DEBUG - 局部搜索未能改进当前解
2025-04-08 16:09:18,979 - DEBUG - 执行AGV分配局部搜索，当前完工时间: 1793.00
2025-04-08 16:09:18,982 - DEBUG - 局部搜索未能改进当前解
2025-04-08 16:09:18,986 - DEBUG - 执行AGV分配局部搜索，当前完工时间: 1781.00
2025-04-08 16:09:18,990 - DEBUG - AGV分配局部搜索成功！完工时间从 1781.00 降低到 1743.00，改进: 38.00 (2.13%)
2025-04-08 16:09:18,994 - DEBUG - 执行AGV分配局部搜索，当前完工时间: 1841.00
2025-04-08 16:09:18,997 - DEBUG - 局部搜索未能改进当前解
2025-04-08 16:09:19,002 - DEBUG - 执行AGV分配局部搜索，当前完工时间: 1803.00
2025-04-08 16:09:19,004 - DEBUG - AGV分配局部搜索成功！完工时间从 1803.00 降低到 1773.00，改进: 30.00 (1.66%)
2025-04-08 16:09:19,008 - DEBUG - 执行AGV分配局部搜索，当前完工时间: 1809.00
2025-04-08 16:09:19,012 - DEBUG - 局部搜索未能改进当前解
2025-04-08 16:09:19,016 - DEBUG - 执行AGV分配局部搜索，当前完工时间: 1694.00
2025-04-08 16:09:19,020 - DEBUG - 局部搜索未能改进当前解
2025-04-08 16:09:19,023 - DEBUG - 执行AGV分配局部搜索，当前完工时间: 1701.00
2025-04-08 16:09:19,028 - DEBUG - 局部搜索未能改进当前解
2025-04-08 16:09:19,031 - DEBUG - 执行AGV分配局部搜索，当前完工时间: 1729.00
2025-04-08 16:09:19,035 - DEBUG - 局部搜索未能改进当前解
2025-04-08 16:09:19,038 - DEBUG - 执行AGV分配局部搜索，当前完工时间: 1788.00
2025-04-08 16:09:19,043 - DEBUG - 局部搜索未能改进当前解
2025-04-08 16:09:19,047 - DEBUG - 执行AGV分配局部搜索，当前完工时间: 1769.00
2025-04-08 16:09:19,051 - DEBUG - 局部搜索未能改进当前解
2025-04-08 16:09:19,055 - DEBUG - 执行AGV分配局部搜索，当前完工时间: 1706.00
2025-04-08 16:09:19,058 - DEBUG - 局部搜索未能改进当前解
2025-04-08 16:09:19,062 - DEBUG - 执行AGV分配局部搜索，当前完工时间: 1762.00
2025-04-08 16:09:19,065 - DEBUG - 局部搜索未能改进当前解
2025-04-08 16:09:19,070 - DEBUG - 执行AGV分配局部搜索，当前完工时间: 1735.00
2025-04-08 16:09:19,075 - DEBUG - 局部搜索未能改进当前解
2025-04-08 16:09:19,080 - DEBUG - 执行AGV分配局部搜索，当前完工时间: 1757.00
2025-04-08 16:09:19,084 - DEBUG - 局部搜索未能改进当前解
2025-04-08 16:09:19,087 - DEBUG - 执行AGV分配局部搜索，当前完工时间: 1782.00
2025-04-08 16:09:19,092 - DEBUG - AGV分配局部搜索成功！完工时间从 1782.00 降低到 1760.00，改进: 22.00 (1.23%)
2025-04-08 16:09:19,096 - DEBUG - 执行AGV分配局部搜索，当前完工时间: 1737.00
2025-04-08 16:09:19,100 - DEBUG - 局部搜索未能改进当前解
2025-04-08 16:09:19,104 - DEBUG - 执行AGV分配局部搜索，当前完工时间: 1714.00
2025-04-08 16:09:19,108 - DEBUG - 局部搜索未能改进当前解
2025-04-08 16:09:19,112 - DEBUG - 执行AGV分配局部搜索，当前完工时间: 1795.00
2025-04-08 16:09:19,116 - DEBUG - 局部搜索未能改进当前解
2025-04-08 16:09:19,121 - DEBUG - 执行AGV分配局部搜索，当前完工时间: 1683.00
2025-04-08 16:09:19,125 - DEBUG - 局部搜索未能改进当前解
2025-04-08 16:09:19,129 - DEBUG - 执行AGV分配局部搜索，当前完工时间: 1721.00
2025-04-08 16:09:19,133 - DEBUG - 局部搜索未能改进当前解
2025-04-08 16:09:19,137 - DEBUG - 执行AGV分配局部搜索，当前完工时间: 1716.00
2025-04-08 16:09:19,142 - DEBUG - AGV分配局部搜索成功！完工时间从 1716.00 降低到 1705.00，改进: 11.00 (0.64%)
2025-04-08 16:09:19,147 - DEBUG - 执行AGV分配局部搜索，当前完工时间: 1768.00
2025-04-08 16:09:19,151 - DEBUG - 局部搜索未能改进当前解
2025-04-08 16:09:19,157 - DEBUG - 执行AGV分配局部搜索，当前完工时间: 1709.00
2025-04-08 16:09:19,162 - DEBUG - 局部搜索未能改进当前解
2025-04-08 16:09:19,166 - DEBUG - 执行AGV分配局部搜索，当前完工时间: 1747.00
2025-04-08 16:09:19,171 - DEBUG - 局部搜索未能改进当前解
2025-04-08 16:09:19,175 - DEBUG - 执行AGV分配局部搜索，当前完工时间: 1714.00
2025-04-08 16:09:19,179 - DEBUG - 局部搜索未能改进当前解
2025-04-08 16:09:19,184 - DEBUG - 执行AGV分配局部搜索，当前完工时间: 1829.00
2025-04-08 16:09:19,188 - DEBUG - AGV分配局部搜索成功！完工时间从 1829.00 降低到 1809.00，改进: 20.00 (1.09%)
2025-04-08 16:09:19,193 - DEBUG - 执行AGV分配局部搜索，当前完工时间: 1707.00
2025-04-08 16:09:19,197 - DEBUG - 局部搜索未能改进当前解
2025-04-08 16:09:19,201 - DEBUG - 执行AGV分配局部搜索，当前完工时间: 1806.00
2025-04-08 16:09:19,205 - DEBUG - 局部搜索未能改进当前解
2025-04-08 16:09:19,210 - DEBUG - 执行AGV分配局部搜索，当前完工时间: 1847.00
2025-04-08 16:09:19,214 - DEBUG - AGV分配局部搜索成功！完工时间从 1847.00 降低到 1812.00，改进: 35.00 (1.89%)
2025-04-08 16:09:19,220 - DEBUG - 执行AGV分配局部搜索，当前完工时间: 1711.00
2025-04-08 16:09:19,223 - DEBUG - 局部搜索未能改进当前解
2025-04-08 16:09:19,228 - DEBUG - 执行AGV分配局部搜索，当前完工时间: 1708.00
2025-04-08 16:09:19,232 - DEBUG - 局部搜索未能改进当前解
2025-04-08 16:09:19,235 - DEBUG - 执行AGV分配局部搜索，当前完工时间: 1752.00
2025-04-08 16:09:19,239 - DEBUG - 局部搜索未能改进当前解
2025-04-08 16:09:19,242 - DEBUG - 执行AGV分配局部搜索，当前完工时间: 1861.00
2025-04-08 16:09:19,245 - DEBUG - 局部搜索未能改进当前解
2025-04-08 16:09:19,250 - DEBUG - 执行AGV分配局部搜索，当前完工时间: 1732.00
2025-04-08 16:09:19,254 - DEBUG - 局部搜索未能改进当前解
2025-04-08 16:09:19,258 - DEBUG - 执行AGV分配局部搜索，当前完工时间: 1790.00
2025-04-08 16:09:19,262 - DEBUG - 局部搜索未能改进当前解
2025-04-08 16:09:19,265 - DEBUG - 执行AGV分配局部搜索，当前完工时间: 1714.00
2025-04-08 16:09:19,269 - DEBUG - 局部搜索未能改进当前解
2025-04-08 16:09:19,273 - DEBUG - 执行AGV分配局部搜索，当前完工时间: 1822.00
2025-04-08 16:09:19,277 - DEBUG - AGV分配局部搜索成功！完工时间从 1822.00 降低到 1792.00，改进: 30.00 (1.65%)
2025-04-08 16:09:19,281 - DEBUG - 执行AGV分配局部搜索，当前完工时间: 1709.00
2025-04-08 16:09:19,285 - DEBUG - 局部搜索未能改进当前解
2025-04-08 16:09:19,288 - DEBUG - 执行AGV分配局部搜索，当前完工时间: 1738.00
2025-04-08 16:09:19,293 - DEBUG - 局部搜索未能改进当前解
2025-04-08 16:09:19,297 - DEBUG - 执行AGV分配局部搜索，当前完工时间: 1811.00
2025-04-08 16:09:19,300 - DEBUG - 局部搜索未能改进当前解
2025-04-08 16:09:19,304 - DEBUG - 执行AGV分配局部搜索，当前完工时间: 1750.00
2025-04-08 16:09:19,307 - DEBUG - 局部搜索未能改进当前解
2025-04-08 16:09:19,311 - DEBUG - 执行AGV分配局部搜索，当前完工时间: 1741.00
2025-04-08 16:09:19,314 - DEBUG - 局部搜索未能改进当前解
2025-04-08 16:09:19,318 - DEBUG - 执行AGV分配局部搜索，当前完工时间: 1798.00
2025-04-08 16:09:19,321 - DEBUG - 局部搜索未能改进当前解
2025-04-08 16:09:19,325 - DEBUG - 执行AGV分配局部搜索，当前完工时间: 1734.00
2025-04-08 16:09:19,329 - DEBUG - 局部搜索未能改进当前解
2025-04-08 16:09:19,332 - DEBUG - 执行AGV分配局部搜索，当前完工时间: 1714.00
2025-04-08 16:09:19,336 - DEBUG - 局部搜索未能改进当前解
2025-04-08 16:09:19,340 - DEBUG - 执行AGV分配局部搜索，当前完工时间: 1733.00
2025-04-08 16:09:19,344 - DEBUG - AGV分配局部搜索成功！完工时间从 1733.00 降低到 1722.00，改进: 11.00 (0.63%)
2025-04-08 16:09:19,347 - DEBUG - 执行AGV分配局部搜索，当前完工时间: 1734.00
2025-04-08 16:09:19,352 - DEBUG - AGV分配局部搜索成功！完工时间从 1734.00 降低到 1729.00，改进: 5.00 (0.29%)
2025-04-08 16:09:19,352 - DEBUG - ==================================================
2025-04-08 16:09:19,352 - DEBUG - Efficiency Statistics of Local Search :
2025-04-08 16:09:19,352 - DEBUG - Number of attempts: 99
2025-04-08 16:09:19,352 - DEBUG - Average Success Rate: 15.15%
2025-04-08 16:09:19,352 - DEBUG - AGV Local Search Success: 15，Average Improvement: 21.53
2025-04-08 16:09:19,355 - DEBUG - 执行AGV分配局部搜索，当前完工时间: 1780.00
2025-04-08 16:09:19,359 - DEBUG - AGV分配局部搜索成功！完工时间从 1780.00 降低到 1767.00，改进: 13.00 (0.73%)
2025-04-08 16:09:19,362 - DEBUG - 执行AGV分配局部搜索，当前完工时间: 1774.00
2025-04-08 16:09:19,366 - DEBUG - AGV分配局部搜索成功！完工时间从 1774.00 降低到 1733.00，改进: 41.00 (2.31%)
2025-04-08 16:09:19,371 - DEBUG - 执行AGV分配局部搜索，当前完工时间: 1734.00
2025-04-08 16:09:19,374 - DEBUG - 局部搜索未能改进当前解
2025-04-08 16:09:19,378 - DEBUG - 执行AGV分配局部搜索，当前完工时间: 1769.00
2025-04-08 16:09:19,382 - DEBUG - 局部搜索未能改进当前解
2025-04-08 16:09:19,386 - DEBUG - 执行AGV分配局部搜索，当前完工时间: 1680.00
2025-04-08 16:09:19,389 - DEBUG - 局部搜索未能改进当前解
2025-04-08 16:09:19,393 - DEBUG - 执行AGV分配局部搜索，当前完工时间: 1733.00
2025-04-08 16:09:19,397 - DEBUG - 局部搜索未能改进当前解
2025-04-08 16:09:19,401 - DEBUG - 执行AGV分配局部搜索，当前完工时间: 1672.00
2025-04-08 16:09:19,404 - DEBUG - 局部搜索未能改进当前解
2025-04-08 16:09:19,407 - DEBUG - 执行AGV分配局部搜索，当前完工时间: 1692.00
2025-04-08 16:09:19,412 - DEBUG - 局部搜索未能改进当前解
2025-04-08 16:09:19,415 - DEBUG - 执行AGV分配局部搜索，当前完工时间: 1790.00
2025-04-08 16:09:19,419 - DEBUG - 局部搜索未能改进当前解
2025-04-08 16:09:19,422 - DEBUG - 执行AGV分配局部搜索，当前完工时间: 1713.00
2025-04-08 16:09:19,426 - DEBUG - 局部搜索未能改进当前解
2025-04-08 16:09:19,430 - DEBUG - 执行AGV分配局部搜索，当前完工时间: 1829.00
2025-04-08 16:09:19,434 - DEBUG - 局部搜索未能改进当前解
2025-04-08 16:09:19,437 - DEBUG - 执行AGV分配局部搜索，当前完工时间: 1745.00
2025-04-08 16:09:19,441 - DEBUG - 局部搜索未能改进当前解
2025-04-08 16:09:19,444 - DEBUG - 执行AGV分配局部搜索，当前完工时间: 1662.00
2025-04-08 16:09:19,447 - DEBUG - 局部搜索未能改进当前解
2025-04-08 16:09:19,452 - DEBUG - 执行AGV分配局部搜索，当前完工时间: 1765.00
2025-04-08 16:09:19,456 - DEBUG - 局部搜索未能改进当前解
2025-04-08 16:09:19,459 - DEBUG - 执行AGV分配局部搜索，当前完工时间: 1711.00
2025-04-08 16:09:19,462 - DEBUG - 局部搜索未能改进当前解
2025-04-08 16:09:19,467 - DEBUG - 执行AGV分配局部搜索，当前完工时间: 1662.00
2025-04-08 16:09:19,470 - DEBUG - 局部搜索未能改进当前解
2025-04-08 16:09:19,474 - DEBUG - 执行AGV分配局部搜索，当前完工时间: 1754.00
2025-04-08 16:09:19,478 - DEBUG - 局部搜索未能改进当前解
2025-04-08 16:09:19,482 - DEBUG - 执行AGV分配局部搜索，当前完工时间: 1716.00
2025-04-08 16:09:19,486 - DEBUG - 局部搜索未能改进当前解
2025-04-08 16:09:19,492 - DEBUG - 执行AGV分配局部搜索，当前完工时间: 1729.00
2025-04-08 16:09:19,498 - DEBUG - 局部搜索未能改进当前解
2025-04-08 16:09:19,502 - DEBUG - 执行AGV分配局部搜索，当前完工时间: 1691.00
2025-04-08 16:09:19,506 - DEBUG - 局部搜索未能改进当前解
2025-04-08 16:09:19,512 - DEBUG - 执行AGV分配局部搜索，当前完工时间: 1751.00
2025-04-08 16:09:19,516 - DEBUG - 局部搜索未能改进当前解
2025-04-08 16:09:19,520 - DEBUG - 执行AGV分配局部搜索，当前完工时间: 1762.00
2025-04-08 16:09:19,524 - DEBUG - 局部搜索未能改进当前解
2025-04-08 16:09:19,528 - DEBUG - 执行AGV分配局部搜索，当前完工时间: 1821.00
2025-04-08 16:09:19,532 - DEBUG - AGV分配局部搜索成功！完工时间从 1821.00 降低到 1765.00，改进: 56.00 (3.08%)
2025-04-08 16:09:19,536 - DEBUG - 执行AGV分配局部搜索，当前完工时间: 1748.00
2025-04-08 16:09:19,541 - DEBUG - 局部搜索未能改进当前解
2025-04-08 16:09:19,545 - DEBUG - 执行AGV分配局部搜索，当前完工时间: 1745.00
2025-04-08 16:09:19,550 - DEBUG - AGV分配局部搜索成功！完工时间从 1745.00 降低到 1697.00，改进: 48.00 (2.75%)
2025-04-08 16:09:19,554 - DEBUG - 执行AGV分配局部搜索，当前完工时间: 1792.00
2025-04-08 16:09:19,558 - DEBUG - 局部搜索未能改进当前解
2025-04-08 16:09:19,562 - DEBUG - 执行AGV分配局部搜索，当前完工时间: 1723.00
2025-04-08 16:09:19,566 - DEBUG - 局部搜索未能改进当前解
2025-04-08 16:09:19,571 - DEBUG - 执行AGV分配局部搜索，当前完工时间: 1763.00
2025-04-08 16:09:19,575 - DEBUG - 局部搜索未能改进当前解
2025-04-08 16:09:19,579 - DEBUG - 执行AGV分配局部搜索，当前完工时间: 1715.00
2025-04-08 16:09:19,583 - DEBUG - 局部搜索未能改进当前解
2025-04-08 16:09:19,587 - DEBUG - 执行AGV分配局部搜索，当前完工时间: 1708.00
2025-04-08 16:09:19,591 - DEBUG - 局部搜索未能改进当前解
2025-04-08 16:09:19,595 - DEBUG - 执行AGV分配局部搜索，当前完工时间: 1857.00
2025-04-08 16:09:19,599 - DEBUG - AGV分配局部搜索成功！完工时间从 1857.00 降低到 1853.00，改进: 4.00 (0.22%)
2025-04-08 16:09:19,603 - DEBUG - 执行AGV分配局部搜索，当前完工时间: 1736.00
2025-04-08 16:09:19,607 - DEBUG - 局部搜索未能改进当前解
2025-04-08 16:09:19,612 - DEBUG - 执行AGV分配局部搜索，当前完工时间: 1785.00
2025-04-08 16:09:19,615 - DEBUG - 局部搜索未能改进当前解
2025-04-08 16:09:19,620 - DEBUG - 执行AGV分配局部搜索，当前完工时间: 1776.00
2025-04-08 16:09:19,624 - DEBUG - 局部搜索未能改进当前解
2025-04-08 16:09:19,628 - DEBUG - 执行AGV分配局部搜索，当前完工时间: 1757.00
2025-04-08 16:09:19,632 - DEBUG - 局部搜索未能改进当前解
2025-04-08 16:09:19,636 - DEBUG - 执行AGV分配局部搜索，当前完工时间: 1767.00
2025-04-08 16:09:19,640 - DEBUG - 局部搜索未能改进当前解
2025-04-08 16:09:19,643 - DEBUG - 执行AGV分配局部搜索，当前完工时间: 1662.00
2025-04-08 16:09:19,647 - DEBUG - 局部搜索未能改进当前解
2025-04-08 16:09:19,650 - DEBUG - 执行AGV分配局部搜索，当前完工时间: 1727.00
2025-04-08 16:09:19,654 - DEBUG - 局部搜索未能改进当前解
2025-04-08 16:09:19,657 - DEBUG - 执行AGV分配局部搜索，当前完工时间: 1747.00
2025-04-08 16:09:19,661 - DEBUG - 局部搜索未能改进当前解
2025-04-08 16:09:19,664 - DEBUG - 执行AGV分配局部搜索，当前完工时间: 1747.00
2025-04-08 16:09:19,668 - DEBUG - 局部搜索未能改进当前解
2025-04-08 16:09:19,671 - DEBUG - 执行AGV分配局部搜索，当前完工时间: 1706.00
2025-04-08 16:09:19,674 - DEBUG - 局部搜索未能改进当前解
2025-04-08 16:09:19,679 - DEBUG - 执行AGV分配局部搜索，当前完工时间: 1739.00
2025-04-08 16:09:19,682 - DEBUG - 局部搜索未能改进当前解
2025-04-08 16:09:19,686 - DEBUG - 执行AGV分配局部搜索，当前完工时间: 1728.00
2025-04-08 16:09:19,688 - DEBUG - 局部搜索未能改进当前解
2025-04-08 16:09:19,693 - DEBUG - 执行AGV分配局部搜索，当前完工时间: 1688.00
2025-04-08 16:09:19,697 - DEBUG - AGV分配局部搜索成功！完工时间从 1688.00 降低到 1680.00，改进: 8.00 (0.47%)
2025-04-08 16:09:19,700 - DEBUG - 执行AGV分配局部搜索，当前完工时间: 1683.00
2025-04-08 16:09:19,704 - DEBUG - 局部搜索未能改进当前解
2025-04-08 16:09:19,708 - DEBUG - 执行AGV分配局部搜索，当前完工时间: 1750.00
2025-04-08 16:09:19,712 - DEBUG - 局部搜索未能改进当前解
2025-04-08 16:09:19,717 - DEBUG - 执行AGV分配局部搜索，当前完工时间: 1719.00
2025-04-08 16:09:19,720 - DEBUG - 局部搜索未能改进当前解
2025-04-08 16:09:19,724 - DEBUG - 执行AGV分配局部搜索，当前完工时间: 1772.00
2025-04-08 16:09:19,728 - DEBUG - 局部搜索未能改进当前解
2025-04-08 16:09:19,731 - DEBUG - 执行AGV分配局部搜索，当前完工时间: 1737.00
2025-04-08 16:09:19,734 - DEBUG - 局部搜索未能改进当前解
2025-04-08 16:09:19,738 - DEBUG - 执行AGV分配局部搜索，当前完工时间: 1750.00
2025-04-08 16:09:19,742 - DEBUG - 局部搜索未能改进当前解
2025-04-08 16:09:19,745 - DEBUG - 执行AGV分配局部搜索，当前完工时间: 1757.00
2025-04-08 16:09:19,749 - DEBUG - 局部搜索未能改进当前解
2025-04-08 16:09:19,752 - DEBUG - 执行AGV分配局部搜索，当前完工时间: 1803.00
2025-04-08 16:09:19,756 - DEBUG - 局部搜索未能改进当前解
2025-04-08 16:09:19,760 - DEBUG - 执行AGV分配局部搜索，当前完工时间: 1705.00
2025-04-08 16:09:19,764 - DEBUG - 局部搜索未能改进当前解
2025-04-08 16:09:19,768 - DEBUG - 执行AGV分配局部搜索，当前完工时间: 1754.00
2025-04-08 16:09:19,772 - DEBUG - AGV分配局部搜索成功！完工时间从 1754.00 降低到 1736.00，改进: 18.00 (1.03%)
2025-04-08 16:09:19,776 - DEBUG - 执行AGV分配局部搜索，当前完工时间: 1747.00
2025-04-08 16:09:19,780 - DEBUG - 局部搜索未能改进当前解
2025-04-08 16:09:19,783 - DEBUG - 执行AGV分配局部搜索，当前完工时间: 1709.00
2025-04-08 16:09:19,787 - DEBUG - 局部搜索未能改进当前解
2025-04-08 16:09:19,791 - DEBUG - 执行AGV分配局部搜索，当前完工时间: 1693.00
2025-04-08 16:09:19,794 - DEBUG - 局部搜索未能改进当前解
2025-04-08 16:09:19,797 - DEBUG - 执行AGV分配局部搜索，当前完工时间: 1786.00
2025-04-08 16:09:19,801 - DEBUG - AGV分配局部搜索成功！完工时间从 1786.00 降低到 1739.00，改进: 47.00 (2.63%)
2025-04-08 16:09:19,804 - DEBUG - 执行AGV分配局部搜索，当前完工时间: 1694.00
2025-04-08 16:09:19,809 - DEBUG - 局部搜索未能改进当前解
2025-04-08 16:09:19,812 - DEBUG - 执行AGV分配局部搜索，当前完工时间: 1809.00
2025-04-08 16:09:19,816 - DEBUG - 局部搜索未能改进当前解
2025-04-08 16:09:19,821 - DEBUG - 执行AGV分配局部搜索，当前完工时间: 1784.00
2025-04-08 16:09:19,825 - DEBUG - 局部搜索未能改进当前解
2025-04-08 16:09:19,829 - DEBUG - 执行AGV分配局部搜索，当前完工时间: 1733.00
2025-04-08 16:09:19,833 - DEBUG - 局部搜索未能改进当前解
2025-04-08 16:09:19,836 - DEBUG - 执行AGV分配局部搜索，当前完工时间: 1736.00
2025-04-08 16:09:19,840 - DEBUG - 局部搜索未能改进当前解
2025-04-08 16:09:19,844 - DEBUG - 执行AGV分配局部搜索，当前完工时间: 1771.00
2025-04-08 16:09:19,847 - DEBUG - 局部搜索未能改进当前解
2025-04-08 16:09:19,851 - DEBUG - 执行AGV分配局部搜索，当前完工时间: 1721.00
2025-04-08 16:09:19,854 - DEBUG - 局部搜索未能改进当前解
2025-04-08 16:09:19,857 - DEBUG - 执行AGV分配局部搜索，当前完工时间: 1718.00
2025-04-08 16:09:19,861 - DEBUG - 局部搜索未能改进当前解
2025-04-08 16:09:19,865 - DEBUG - 执行AGV分配局部搜索，当前完工时间: 1788.00
2025-04-08 16:09:19,869 - DEBUG - 局部搜索未能改进当前解
2025-04-08 16:09:19,873 - DEBUG - 执行AGV分配局部搜索，当前完工时间: 1747.00
2025-04-08 16:09:19,876 - DEBUG - 局部搜索未能改进当前解
2025-04-08 16:09:19,880 - DEBUG - 执行AGV分配局部搜索，当前完工时间: 1737.00
2025-04-08 16:09:19,883 - DEBUG - 局部搜索未能改进当前解
2025-04-08 16:09:19,887 - DEBUG - 执行AGV分配局部搜索，当前完工时间: 1788.00
2025-04-08 16:09:19,891 - DEBUG - AGV分配局部搜索成功！完工时间从 1788.00 降低到 1766.00，改进: 22.00 (1.23%)
2025-04-08 16:09:19,894 - DEBUG - 执行AGV分配局部搜索，当前完工时间: 1708.00
2025-04-08 16:09:19,899 - DEBUG - 局部搜索未能改进当前解
2025-04-08 16:09:19,904 - DEBUG - 执行AGV分配局部搜索，当前完工时间: 1791.00
2025-04-08 16:09:19,909 - DEBUG - 局部搜索未能改进当前解
2025-04-08 16:09:19,914 - DEBUG - 执行AGV分配局部搜索，当前完工时间: 1834.00
2025-04-08 16:09:19,919 - DEBUG - 局部搜索未能改进当前解
2025-04-08 16:09:19,922 - DEBUG - 执行AGV分配局部搜索，当前完工时间: 1743.00
2025-04-08 16:09:19,926 - DEBUG - 局部搜索未能改进当前解
2025-04-08 16:09:19,931 - DEBUG - 执行AGV分配局部搜索，当前完工时间: 1791.00
2025-04-08 16:09:19,935 - DEBUG - 局部搜索未能改进当前解
2025-04-08 16:09:19,938 - DEBUG - 执行AGV分配局部搜索，当前完工时间: 1662.00
2025-04-08 16:09:19,943 - DEBUG - 局部搜索未能改进当前解
2025-04-08 16:09:19,947 - DEBUG - 执行AGV分配局部搜索，当前完工时间: 1810.00
2025-04-08 16:09:19,952 - DEBUG - 局部搜索未能改进当前解
2025-04-08 16:09:19,955 - DEBUG - 执行AGV分配局部搜索，当前完工时间: 1783.00
2025-04-08 16:09:19,959 - DEBUG - 局部搜索未能改进当前解
2025-04-08 16:09:19,963 - DEBUG - 执行AGV分配局部搜索，当前完工时间: 1800.00
2025-04-08 16:09:19,968 - DEBUG - 局部搜索未能改进当前解
2025-04-08 16:09:19,972 - DEBUG - 执行AGV分配局部搜索，当前完工时间: 1829.00
2025-04-08 16:09:19,976 - DEBUG - 局部搜索未能改进当前解
2025-04-08 16:09:19,981 - DEBUG - 执行AGV分配局部搜索，当前完工时间: 1714.00
2025-04-08 16:09:19,984 - DEBUG - 局部搜索未能改进当前解
2025-04-08 16:09:19,989 - DEBUG - 执行AGV分配局部搜索，当前完工时间: 1736.00
2025-04-08 16:09:19,993 - DEBUG - 局部搜索未能改进当前解
2025-04-08 16:09:19,997 - DEBUG - 执行AGV分配局部搜索，当前完工时间: 1728.00
2025-04-08 16:09:20,001 - DEBUG - 局部搜索未能改进当前解
2025-04-08 16:09:20,006 - DEBUG - 执行AGV分配局部搜索，当前完工时间: 1713.00
2025-04-08 16:09:20,010 - DEBUG - 局部搜索未能改进当前解
2025-04-08 16:09:20,014 - DEBUG - 执行AGV分配局部搜索，当前完工时间: 1709.00
2025-04-08 16:09:20,018 - DEBUG - 局部搜索未能改进当前解
2025-04-08 16:09:20,022 - DEBUG - 执行AGV分配局部搜索，当前完工时间: 1705.00
2025-04-08 16:09:20,026 - DEBUG - 局部搜索未能改进当前解
2025-04-08 16:09:20,031 - DEBUG - 执行AGV分配局部搜索，当前完工时间: 1856.00
2025-04-08 16:09:20,036 - DEBUG - 局部搜索未能改进当前解
2025-04-08 16:09:20,040 - DEBUG - 执行AGV分配局部搜索，当前完工时间: 1725.00
2025-04-08 16:09:20,044 - DEBUG - 局部搜索未能改进当前解
2025-04-08 16:09:20,048 - DEBUG - 执行AGV分配局部搜索，当前完工时间: 1751.00
2025-04-08 16:09:20,052 - DEBUG - 局部搜索未能改进当前解
2025-04-08 16:09:20,057 - DEBUG - 执行AGV分配局部搜索，当前完工时间: 1719.00
2025-04-08 16:09:20,060 - DEBUG - 局部搜索未能改进当前解
2025-04-08 16:09:20,065 - DEBUG - 执行AGV分配局部搜索，当前完工时间: 1759.00
2025-04-08 16:09:20,069 - DEBUG - AGV分配局部搜索成功！完工时间从 1759.00 降低到 1744.00，改进: 15.00 (0.85%)
2025-04-08 16:09:20,072 - DEBUG - 执行AGV分配局部搜索，当前完工时间: 1700.00
2025-04-08 16:09:20,076 - DEBUG - 局部搜索未能改进当前解
2025-04-08 16:09:20,080 - DEBUG - 执行AGV分配局部搜索，当前完工时间: 1752.00
2025-04-08 16:09:20,084 - DEBUG - 局部搜索未能改进当前解
2025-04-08 16:09:20,087 - DEBUG - 执行AGV分配局部搜索，当前完工时间: 1835.00
2025-04-08 16:09:20,091 - DEBUG - AGV分配局部搜索成功！完工时间从 1835.00 降低到 1792.00，改进: 43.00 (2.34%)
2025-04-08 16:09:20,095 - DEBUG - 执行AGV分配局部搜索，当前完工时间: 1705.00
2025-04-08 16:09:20,099 - DEBUG - 局部搜索未能改进当前解
2025-04-08 16:09:20,103 - DEBUG - 执行AGV分配局部搜索，当前完工时间: 1706.00
2025-04-08 16:09:20,107 - DEBUG - 局部搜索未能改进当前解
2025-04-08 16:09:20,110 - DEBUG - 执行AGV分配局部搜索，当前完工时间: 1692.00
2025-04-08 16:09:20,113 - DEBUG - 局部搜索未能改进当前解
2025-04-08 16:09:20,116 - DEBUG - 执行AGV分配局部搜索，当前完工时间: 1685.00
2025-04-08 16:09:20,120 - DEBUG - 局部搜索未能改进当前解
2025-04-08 16:09:20,124 - DEBUG - 执行AGV分配局部搜索，当前完工时间: 1757.00
2025-04-08 16:09:20,128 - DEBUG - 局部搜索未能改进当前解
2025-04-08 16:09:20,128 - DEBUG - ==================================================
2025-04-08 16:09:20,128 - DEBUG - Efficiency Statistics of Local Search :
2025-04-08 16:09:20,128 - DEBUG - Number of attempts: 99
2025-04-08 16:09:20,128 - DEBUG - Average Success Rate: 11.11%
2025-04-08 16:09:20,128 - DEBUG - AGV Local Search Success: 11，Average Improvement: 28.64
2025-04-08 16:09:20,132 - DEBUG - 执行AGV分配局部搜索，当前完工时间: 1814.00
2025-04-08 16:09:20,136 - DEBUG - 局部搜索未能改进当前解
2025-04-08 16:09:20,140 - DEBUG - 执行AGV分配局部搜索，当前完工时间: 1706.00
2025-04-08 16:09:20,143 - DEBUG - 局部搜索未能改进当前解
2025-04-08 16:09:20,147 - DEBUG - 执行AGV分配局部搜索，当前完工时间: 1725.00
2025-04-08 16:09:20,152 - DEBUG - 局部搜索未能改进当前解
2025-04-08 16:09:20,156 - DEBUG - 执行AGV分配局部搜索，当前完工时间: 1795.00
2025-04-08 16:09:20,160 - DEBUG - 局部搜索未能改进当前解
2025-04-08 16:09:20,164 - DEBUG - 执行AGV分配局部搜索，当前完工时间: 1840.00
2025-04-08 16:09:20,167 - DEBUG - AGV分配局部搜索成功！完工时间从 1840.00 降低到 1748.00，改进: 92.00 (5.00%)
2025-04-08 16:09:20,171 - DEBUG - 执行AGV分配局部搜索，当前完工时间: 1741.00
2025-04-08 16:09:20,175 - DEBUG - 局部搜索未能改进当前解
2025-04-08 16:09:20,179 - DEBUG - 执行AGV分配局部搜索，当前完工时间: 1745.00
2025-04-08 16:09:20,182 - DEBUG - 局部搜索未能改进当前解
2025-04-08 16:09:20,186 - DEBUG - 执行AGV分配局部搜索，当前完工时间: 1675.00
2025-04-08 16:09:20,190 - DEBUG - 局部搜索未能改进当前解
2025-04-08 16:09:20,193 - DEBUG - 执行AGV分配局部搜索，当前完工时间: 1759.00
2025-04-08 16:09:20,197 - DEBUG - AGV分配局部搜索成功！完工时间从 1759.00 降低到 1755.00，改进: 4.00 (0.23%)
2025-04-08 16:09:20,200 - DEBUG - 执行AGV分配局部搜索，当前完工时间: 1685.00
2025-04-08 16:09:20,204 - DEBUG - AGV分配局部搜索成功！完工时间从 1685.00 降低到 1680.00，改进: 5.00 (0.30%)
2025-04-08 16:09:20,208 - DEBUG - 执行AGV分配局部搜索，当前完工时间: 1777.00
2025-04-08 16:09:20,212 - DEBUG - AGV分配局部搜索成功！完工时间从 1777.00 降低到 1770.00，改进: 7.00 (0.39%)
2025-04-08 16:09:20,215 - DEBUG - 执行AGV分配局部搜索，当前完工时间: 1748.00
2025-04-08 16:09:20,219 - DEBUG - 局部搜索未能改进当前解
2025-04-08 16:09:20,222 - DEBUG - 执行AGV分配局部搜索，当前完工时间: 1745.00
2025-04-08 16:09:20,227 - DEBUG - 局部搜索未能改进当前解
2025-04-08 16:09:20,230 - DEBUG - 执行AGV分配局部搜索，当前完工时间: 1719.00
2025-04-08 16:09:20,234 - DEBUG - 局部搜索未能改进当前解
2025-04-08 16:09:20,237 - DEBUG - 执行AGV分配局部搜索，当前完工时间: 1747.00
2025-04-08 16:09:20,242 - DEBUG - 局部搜索未能改进当前解
2025-04-08 16:09:20,245 - DEBUG - 执行AGV分配局部搜索，当前完工时间: 1771.00
2025-04-08 16:09:20,249 - DEBUG - 局部搜索未能改进当前解
2025-04-08 16:09:20,252 - DEBUG - 执行AGV分配局部搜索，当前完工时间: 1706.00
2025-04-08 16:09:20,256 - DEBUG - 局部搜索未能改进当前解
2025-04-08 16:09:20,260 - DEBUG - 执行AGV分配局部搜索，当前完工时间: 1740.00
2025-04-08 16:09:20,264 - DEBUG - AGV分配局部搜索成功！完工时间从 1740.00 降低到 1704.00，改进: 36.00 (2.07%)
2025-04-08 16:09:20,268 - DEBUG - 执行AGV分配局部搜索，当前完工时间: 1795.00
2025-04-08 16:09:20,271 - DEBUG - 局部搜索未能改进当前解
2025-04-08 16:09:20,275 - DEBUG - 执行AGV分配局部搜索，当前完工时间: 1737.00
2025-04-08 16:09:20,279 - DEBUG - 局部搜索未能改进当前解
2025-04-08 16:09:20,282 - DEBUG - 执行AGV分配局部搜索，当前完工时间: 1814.00
2025-04-08 16:09:20,286 - DEBUG - 局部搜索未能改进当前解
2025-04-08 16:09:20,290 - DEBUG - 执行AGV分配局部搜索，当前完工时间: 1662.00
2025-04-08 16:09:20,293 - DEBUG - 局部搜索未能改进当前解
2025-04-08 16:09:20,297 - DEBUG - 执行AGV分配局部搜索，当前完工时间: 1722.00
2025-04-08 16:09:20,301 - DEBUG - 局部搜索未能改进当前解
2025-04-08 16:09:20,305 - DEBUG - 执行AGV分配局部搜索，当前完工时间: 1787.00
2025-04-08 16:09:20,308 - DEBUG - 局部搜索未能改进当前解
2025-04-08 16:09:20,312 - DEBUG - 执行AGV分配局部搜索，当前完工时间: 1713.00
2025-04-08 16:09:20,315 - DEBUG - 局部搜索未能改进当前解
2025-04-08 16:09:20,320 - DEBUG - 执行AGV分配局部搜索，当前完工时间: 1687.00
2025-04-08 16:09:20,323 - DEBUG - 局部搜索未能改进当前解
2025-04-08 16:09:20,327 - DEBUG - 执行AGV分配局部搜索，当前完工时间: 1781.00
2025-04-08 16:09:20,331 - DEBUG - 局部搜索未能改进当前解
2025-04-08 16:09:20,334 - DEBUG - 执行AGV分配局部搜索，当前完工时间: 1786.00
2025-04-08 16:09:20,337 - DEBUG - 局部搜索未能改进当前解
2025-04-08 16:09:20,341 - DEBUG - 执行AGV分配局部搜索，当前完工时间: 1715.00
2025-04-08 16:09:20,344 - DEBUG - 局部搜索未能改进当前解
2025-04-08 16:09:20,349 - DEBUG - 执行AGV分配局部搜索，当前完工时间: 1728.00
2025-04-08 16:09:20,352 - DEBUG - 局部搜索未能改进当前解
2025-04-08 16:09:20,356 - DEBUG - 执行AGV分配局部搜索，当前完工时间: 1713.00
2025-04-08 16:09:20,360 - DEBUG - 局部搜索未能改进当前解
2025-04-08 16:09:20,363 - DEBUG - 执行AGV分配局部搜索，当前完工时间: 1717.00
2025-04-08 16:09:20,366 - DEBUG - 局部搜索未能改进当前解
2025-04-08 16:09:20,370 - DEBUG - 执行AGV分配局部搜索，当前完工时间: 1699.00
2025-04-08 16:09:20,374 - DEBUG - 局部搜索未能改进当前解
2025-04-08 16:09:20,377 - DEBUG - 执行AGV分配局部搜索，当前完工时间: 1796.00
2025-04-08 16:09:20,381 - DEBUG - 局部搜索未能改进当前解
2025-04-08 16:09:20,384 - DEBUG - 执行AGV分配局部搜索，当前完工时间: 1757.00
2025-04-08 16:09:20,388 - DEBUG - 局部搜索未能改进当前解
2025-04-08 16:09:20,392 - DEBUG - 执行AGV分配局部搜索，当前完工时间: 1766.00
2025-04-08 16:09:20,396 - DEBUG - 局部搜索未能改进当前解
2025-04-08 16:09:20,401 - DEBUG - 执行AGV分配局部搜索，当前完工时间: 1731.00
2025-04-08 16:09:20,404 - DEBUG - 局部搜索未能改进当前解
2025-04-08 16:09:20,408 - DEBUG - 执行AGV分配局部搜索，当前完工时间: 1744.00
2025-04-08 16:09:20,412 - DEBUG - 局部搜索未能改进当前解
2025-04-08 16:09:20,415 - DEBUG - 执行AGV分配局部搜索，当前完工时间: 1735.00
2025-04-08 16:09:20,419 - DEBUG - 局部搜索未能改进当前解
2025-04-08 16:09:20,423 - DEBUG - 执行AGV分配局部搜索，当前完工时间: 1761.00
2025-04-08 16:09:20,426 - DEBUG - 局部搜索未能改进当前解
2025-04-08 16:09:20,429 - DEBUG - 执行AGV分配局部搜索，当前完工时间: 1822.00
2025-04-08 16:09:20,434 - DEBUG - 局部搜索未能改进当前解
2025-04-08 16:09:20,437 - DEBUG - 执行AGV分配局部搜索，当前完工时间: 1727.00
2025-04-08 16:09:20,440 - DEBUG - 局部搜索未能改进当前解
2025-04-08 16:09:20,445 - DEBUG - 执行AGV分配局部搜索，当前完工时间: 1889.00
2025-04-08 16:09:20,449 - DEBUG - AGV分配局部搜索成功！完工时间从 1889.00 降低到 1825.00，改进: 64.00 (3.39%)
2025-04-08 16:09:20,452 - DEBUG - 执行AGV分配局部搜索，当前完工时间: 1844.00
2025-04-08 16:09:20,455 - DEBUG - AGV分配局部搜索成功！完工时间从 1844.00 降低到 1799.00，改进: 45.00 (2.44%)
2025-04-08 16:09:20,459 - DEBUG - 执行AGV分配局部搜索，当前完工时间: 1705.00
2025-04-08 16:09:20,462 - DEBUG - 局部搜索未能改进当前解
2025-04-08 16:09:20,467 - DEBUG - 执行AGV分配局部搜索，当前完工时间: 1744.00
2025-04-08 16:09:20,470 - DEBUG - 局部搜索未能改进当前解
2025-04-08 16:09:20,473 - DEBUG - 执行AGV分配局部搜索，当前完工时间: 1718.00
2025-04-08 16:09:20,478 - DEBUG - 局部搜索未能改进当前解
2025-04-08 16:09:20,481 - DEBUG - 执行AGV分配局部搜索，当前完工时间: 1751.00
2025-04-08 16:09:20,484 - DEBUG - 局部搜索未能改进当前解
2025-04-08 16:09:20,489 - DEBUG - 执行AGV分配局部搜索，当前完工时间: 1742.00
2025-04-08 16:09:20,493 - DEBUG - 局部搜索未能改进当前解
2025-04-08 16:09:20,497 - DEBUG - 执行AGV分配局部搜索，当前完工时间: 1824.00
2025-04-08 16:09:20,501 - DEBUG - AGV分配局部搜索成功！完工时间从 1824.00 降低到 1799.00，改进: 25.00 (1.37%)
2025-04-08 16:09:20,505 - DEBUG - 执行AGV分配局部搜索，当前完工时间: 1762.00
2025-04-08 16:09:20,508 - DEBUG - 局部搜索未能改进当前解
2025-04-08 16:09:20,512 - DEBUG - 执行AGV分配局部搜索，当前完工时间: 1741.00
2025-04-08 16:09:20,515 - DEBUG - 局部搜索未能改进当前解
2025-04-08 16:09:20,520 - DEBUG - 执行AGV分配局部搜索，当前完工时间: 1694.00
2025-04-08 16:09:20,523 - DEBUG - 局部搜索未能改进当前解
2025-04-08 16:09:20,528 - DEBUG - 执行AGV分配局部搜索，当前完工时间: 1814.00
2025-04-08 16:09:20,531 - DEBUG - AGV分配局部搜索成功！完工时间从 1814.00 降低到 1792.00，改进: 22.00 (1.21%)
2025-04-08 16:09:20,535 - DEBUG - 执行AGV分配局部搜索，当前完工时间: 1689.00
2025-04-08 16:09:20,538 - DEBUG - 局部搜索未能改进当前解
2025-04-08 16:09:20,543 - DEBUG - 执行AGV分配局部搜索，当前完工时间: 1779.00
2025-04-08 16:09:20,546 - DEBUG - 局部搜索未能改进当前解
2025-04-08 16:09:20,550 - DEBUG - 执行AGV分配局部搜索，当前完工时间: 1672.00
2025-04-08 16:09:20,554 - DEBUG - 局部搜索未能改进当前解
2025-04-08 16:09:20,557 - DEBUG - 执行AGV分配局部搜索，当前完工时间: 1797.00
2025-04-08 16:09:20,561 - DEBUG - 局部搜索未能改进当前解
2025-04-08 16:09:20,566 - DEBUG - 执行AGV分配局部搜索，当前完工时间: 1867.00
2025-04-08 16:09:20,569 - DEBUG - 局部搜索未能改进当前解
2025-04-08 16:09:20,572 - DEBUG - 执行AGV分配局部搜索，当前完工时间: 1887.00
2025-04-08 16:09:20,576 - DEBUG - 局部搜索未能改进当前解
2025-04-08 16:09:20,581 - DEBUG - 执行AGV分配局部搜索，当前完工时间: 1741.00
2025-04-08 16:09:20,584 - DEBUG - 局部搜索未能改进当前解
2025-04-08 16:09:20,588 - DEBUG - 执行AGV分配局部搜索，当前完工时间: 1709.00
2025-04-08 16:09:20,592 - DEBUG - 局部搜索未能改进当前解
2025-04-08 16:09:20,597 - DEBUG - 执行AGV分配局部搜索，当前完工时间: 1754.00
2025-04-08 16:09:20,601 - DEBUG - 局部搜索未能改进当前解
2025-04-08 16:09:20,604 - DEBUG - 执行AGV分配局部搜索，当前完工时间: 1757.00
2025-04-08 16:09:20,608 - DEBUG - 局部搜索未能改进当前解
2025-04-08 16:09:20,612 - DEBUG - 执行AGV分配局部搜索，当前完工时间: 1744.00
2025-04-08 16:09:20,616 - DEBUG - 局部搜索未能改进当前解
2025-04-08 16:09:20,620 - DEBUG - 执行AGV分配局部搜索，当前完工时间: 1816.00
2025-04-08 16:09:20,624 - DEBUG - 局部搜索未能改进当前解
2025-04-08 16:09:20,627 - DEBUG - 执行AGV分配局部搜索，当前完工时间: 1775.00
2025-04-08 16:09:20,632 - DEBUG - 局部搜索未能改进当前解
2025-04-08 16:09:20,635 - DEBUG - 执行AGV分配局部搜索，当前完工时间: 1790.00
2025-04-08 16:09:20,639 - DEBUG - 局部搜索未能改进当前解
2025-04-08 16:09:20,643 - DEBUG - 执行AGV分配局部搜索，当前完工时间: 1685.00
2025-04-08 16:09:20,647 - DEBUG - 局部搜索未能改进当前解
2025-04-08 16:09:20,651 - DEBUG - 执行AGV分配局部搜索，当前完工时间: 1680.00
2025-04-08 16:09:20,654 - DEBUG - 局部搜索未能改进当前解
2025-04-08 16:09:20,657 - DEBUG - 执行AGV分配局部搜索，当前完工时间: 1759.00
2025-04-08 16:09:20,660 - DEBUG - 局部搜索未能改进当前解
2025-04-08 16:09:20,664 - DEBUG - 执行AGV分配局部搜索，当前完工时间: 1783.00
2025-04-08 16:09:20,669 - DEBUG - 局部搜索未能改进当前解
2025-04-08 16:09:20,673 - DEBUG - 执行AGV分配局部搜索，当前完工时间: 1766.00
2025-04-08 16:09:20,677 - DEBUG - 局部搜索未能改进当前解
2025-04-08 16:09:20,680 - DEBUG - 执行AGV分配局部搜索，当前完工时间: 1839.00
2025-04-08 16:09:20,683 - DEBUG - 局部搜索未能改进当前解
2025-04-08 16:09:20,687 - DEBUG - 执行AGV分配局部搜索，当前完工时间: 1767.00
2025-04-08 16:09:20,690 - DEBUG - 局部搜索未能改进当前解
2025-04-08 16:09:20,693 - DEBUG - 执行AGV分配局部搜索，当前完工时间: 1711.00
2025-04-08 16:09:20,697 - DEBUG - AGV分配局部搜索成功！完工时间从 1711.00 降低到 1697.00，改进: 14.00 (0.82%)
2025-04-08 16:09:20,701 - DEBUG - 执行AGV分配局部搜索，当前完工时间: 1706.00
2025-04-08 16:09:20,705 - DEBUG - 局部搜索未能改进当前解
2025-04-08 16:09:20,708 - DEBUG - 执行AGV分配局部搜索，当前完工时间: 1722.00
2025-04-08 16:09:20,712 - DEBUG - 局部搜索未能改进当前解
2025-04-08 16:09:20,716 - DEBUG - 执行AGV分配局部搜索，当前完工时间: 1843.00
2025-04-08 16:09:20,720 - DEBUG - 局部搜索未能改进当前解
2025-04-08 16:09:20,723 - DEBUG - 执行AGV分配局部搜索，当前完工时间: 1717.00
2025-04-08 16:09:20,727 - DEBUG - 局部搜索未能改进当前解
2025-04-08 16:09:20,731 - DEBUG - 执行AGV分配局部搜索，当前完工时间: 1836.00
2025-04-08 16:09:20,735 - DEBUG - 局部搜索未能改进当前解
2025-04-08 16:09:20,738 - DEBUG - 执行AGV分配局部搜索，当前完工时间: 1733.00
2025-04-08 16:09:20,741 - DEBUG - 局部搜索未能改进当前解
2025-04-08 16:09:20,745 - DEBUG - 执行AGV分配局部搜索，当前完工时间: 1737.00
2025-04-08 16:09:20,748 - DEBUG - 局部搜索未能改进当前解
2025-04-08 16:09:20,751 - DEBUG - 执行AGV分配局部搜索，当前完工时间: 1750.00
2025-04-08 16:09:20,755 - DEBUG - 局部搜索未能改进当前解
2025-04-08 16:09:20,759 - DEBUG - 执行AGV分配局部搜索，当前完工时间: 1707.00
2025-04-08 16:09:20,763 - DEBUG - 局部搜索未能改进当前解
2025-04-08 16:09:20,766 - DEBUG - 执行AGV分配局部搜索，当前完工时间: 1778.00
2025-04-08 16:09:20,771 - DEBUG - AGV分配局部搜索成功！完工时间从 1778.00 降低到 1745.00，改进: 33.00 (1.86%)
2025-04-08 16:09:20,774 - DEBUG - 执行AGV分配局部搜索，当前完工时间: 1766.00
2025-04-08 16:09:20,778 - DEBUG - 局部搜索未能改进当前解
2025-04-08 16:09:20,782 - DEBUG - 执行AGV分配局部搜索，当前完工时间: 1711.00
2025-04-08 16:09:20,785 - DEBUG - 局部搜索未能改进当前解
2025-04-08 16:09:20,788 - DEBUG - 执行AGV分配局部搜索，当前完工时间: 1680.00
2025-04-08 16:09:20,793 - DEBUG - 局部搜索未能改进当前解
2025-04-08 16:09:20,797 - DEBUG - 执行AGV分配局部搜索，当前完工时间: 1749.00
2025-04-08 16:09:20,800 - DEBUG - 局部搜索未能改进当前解
2025-04-08 16:09:20,804 - DEBUG - 执行AGV分配局部搜索，当前完工时间: 1774.00
2025-04-08 16:09:20,807 - DEBUG - 局部搜索未能改进当前解
2025-04-08 16:09:20,811 - DEBUG - 执行AGV分配局部搜索，当前完工时间: 1714.00
2025-04-08 16:09:20,815 - DEBUG - 局部搜索未能改进当前解
2025-04-08 16:09:20,819 - DEBUG - 执行AGV分配局部搜索，当前完工时间: 1694.00
2025-04-08 16:09:20,822 - DEBUG - 局部搜索未能改进当前解
2025-04-08 16:09:20,825 - DEBUG - 执行AGV分配局部搜索，当前完工时间: 1697.00
2025-04-08 16:09:20,829 - DEBUG - 局部搜索未能改进当前解
2025-04-08 16:09:20,833 - DEBUG - 执行AGV分配局部搜索，当前完工时间: 1706.00
2025-04-08 16:09:20,836 - DEBUG - 局部搜索未能改进当前解
2025-04-08 16:09:20,840 - DEBUG - 执行AGV分配局部搜索，当前完工时间: 1777.00
2025-04-08 16:09:20,844 - DEBUG - 局部搜索未能改进当前解
2025-04-08 16:09:20,847 - DEBUG - 执行AGV分配局部搜索，当前完工时间: 1753.00
2025-04-08 16:09:20,851 - DEBUG - 局部搜索未能改进当前解
2025-04-08 16:09:20,854 - DEBUG - 执行AGV分配局部搜索，当前完工时间: 1692.00
2025-04-08 16:09:20,859 - DEBUG - 局部搜索未能改进当前解
2025-04-08 16:09:20,862 - DEBUG - 执行AGV分配局部搜索，当前完工时间: 1765.00
2025-04-08 16:09:20,867 - DEBUG - 局部搜索未能改进当前解
2025-04-08 16:09:20,867 - DEBUG - ==================================================
2025-04-08 16:09:20,867 - DEBUG - Efficiency Statistics of Local Search :
2025-04-08 16:09:20,867 - DEBUG - Number of attempts: 99
2025-04-08 16:09:20,867 - DEBUG - Average Success Rate: 11.11%
2025-04-08 16:09:20,867 - DEBUG - AGV Local Search Success: 11，Average Improvement: 31.55
2025-04-08 16:09:20,870 - DEBUG - 执行AGV分配局部搜索，当前完工时间: 1668.00
2025-04-08 16:09:20,875 - DEBUG - 局部搜索未能改进当前解
2025-04-08 16:09:20,879 - DEBUG - 执行AGV分配局部搜索，当前完工时间: 1739.00
2025-04-08 16:09:20,882 - DEBUG - 局部搜索未能改进当前解
2025-04-08 16:09:20,887 - DEBUG - 执行AGV分配局部搜索，当前完工时间: 1822.00
2025-04-08 16:09:20,890 - DEBUG - 局部搜索未能改进当前解
2025-04-08 16:09:20,894 - DEBUG - 执行AGV分配局部搜索，当前完工时间: 1728.00
2025-04-08 16:09:20,897 - DEBUG - 局部搜索未能改进当前解
2025-04-08 16:09:20,901 - DEBUG - 执行AGV分配局部搜索，当前完工时间: 1694.00
2025-04-08 16:09:20,907 - DEBUG - 局部搜索未能改进当前解
2025-04-08 16:09:20,911 - DEBUG - 执行AGV分配局部搜索，当前完工时间: 1691.00
2025-04-08 16:09:20,915 - DEBUG - 局部搜索未能改进当前解
2025-04-08 16:09:20,920 - DEBUG - 执行AGV分配局部搜索，当前完工时间: 1797.00
2025-04-08 16:09:20,923 - DEBUG - 局部搜索未能改进当前解
2025-04-08 16:09:20,926 - DEBUG - 执行AGV分配局部搜索，当前完工时间: 1685.00
2025-04-08 16:09:20,931 - DEBUG - 局部搜索未能改进当前解
2025-04-08 16:09:20,935 - DEBUG - 执行AGV分配局部搜索，当前完工时间: 1945.00
2025-04-08 16:09:20,938 - DEBUG - 局部搜索未能改进当前解
2025-04-08 16:09:20,941 - DEBUG - 执行AGV分配局部搜索，当前完工时间: 1759.00
2025-04-08 16:09:20,944 - DEBUG - 局部搜索未能改进当前解
2025-04-08 16:09:20,948 - DEBUG - 执行AGV分配局部搜索，当前完工时间: 1816.00
2025-04-08 16:09:20,952 - DEBUG - 局部搜索未能改进当前解
2025-04-08 16:09:20,955 - DEBUG - 执行AGV分配局部搜索，当前完工时间: 1833.00
2025-04-08 16:09:20,960 - DEBUG - 局部搜索未能改进当前解
2025-04-08 16:09:20,964 - DEBUG - 执行AGV分配局部搜索，当前完工时间: 1713.00
2025-04-08 16:09:20,966 - DEBUG - 局部搜索未能改进当前解
2025-04-08 16:09:20,970 - DEBUG - 执行AGV分配局部搜索，当前完工时间: 1705.00
2025-04-08 16:09:20,975 - DEBUG - 局部搜索未能改进当前解
2025-04-08 16:09:20,978 - DEBUG - 执行AGV分配局部搜索，当前完工时间: 1743.00
2025-04-08 16:09:20,981 - DEBUG - AGV分配局部搜索成功！完工时间从 1743.00 降低到 1724.00，改进: 19.00 (1.09%)
2025-04-08 16:09:20,986 - DEBUG - 执行AGV分配局部搜索，当前完工时间: 1694.00
2025-04-08 16:09:20,990 - DEBUG - 局部搜索未能改进当前解
2025-04-08 16:09:20,993 - DEBUG - 执行AGV分配局部搜索，当前完工时间: 1745.00
2025-04-08 16:09:20,997 - DEBUG - 局部搜索未能改进当前解
2025-04-08 16:09:21,001 - DEBUG - 执行AGV分配局部搜索，当前完工时间: 1748.00
2025-04-08 16:09:21,005 - DEBUG - 局部搜索未能改进当前解
2025-04-08 16:09:21,008 - DEBUG - 执行AGV分配局部搜索，当前完工时间: 1726.00
2025-04-08 16:09:21,012 - DEBUG - 局部搜索未能改进当前解
2025-04-08 16:09:21,016 - DEBUG - 执行AGV分配局部搜索，当前完工时间: 1728.00
2025-04-08 16:09:21,020 - DEBUG - 局部搜索未能改进当前解
2025-04-08 16:09:21,023 - DEBUG - 执行AGV分配局部搜索，当前完工时间: 1755.00
2025-04-08 16:09:21,026 - DEBUG - 局部搜索未能改进当前解
2025-04-08 16:09:21,032 - DEBUG - 执行AGV分配局部搜索，当前完工时间: 1841.00
2025-04-08 16:09:21,035 - DEBUG - 局部搜索未能改进当前解
2025-04-08 16:09:21,040 - DEBUG - 执行AGV分配局部搜索，当前完工时间: 1772.00
2025-04-08 16:09:21,043 - DEBUG - 局部搜索未能改进当前解
2025-04-08 16:09:21,047 - DEBUG - 执行AGV分配局部搜索，当前完工时间: 1809.00
2025-04-08 16:09:21,050 - DEBUG - 局部搜索未能改进当前解
2025-04-08 16:09:21,053 - DEBUG - 执行AGV分配局部搜索，当前完工时间: 1716.00
2025-04-08 16:09:21,058 - DEBUG - 局部搜索未能改进当前解
2025-04-08 16:09:21,062 - DEBUG - 执行AGV分配局部搜索，当前完工时间: 1797.00
2025-04-08 16:09:21,066 - DEBUG - 局部搜索未能改进当前解
2025-04-08 16:09:21,070 - DEBUG - 执行AGV分配局部搜索，当前完工时间: 1711.00
2025-04-08 16:09:21,073 - DEBUG - 局部搜索未能改进当前解
2025-04-08 16:09:21,077 - DEBUG - 执行AGV分配局部搜索，当前完工时间: 1812.00
2025-04-08 16:09:21,080 - DEBUG - 局部搜索未能改进当前解
2025-04-08 16:09:21,085 - DEBUG - 执行AGV分配局部搜索，当前完工时间: 1759.00
2025-04-08 16:09:21,088 - DEBUG - 局部搜索未能改进当前解
2025-04-08 16:09:21,093 - DEBUG - 执行AGV分配局部搜索，当前完工时间: 1826.00
2025-04-08 16:09:21,096 - DEBUG - 局部搜索未能改进当前解
2025-04-08 16:09:21,100 - DEBUG - 执行AGV分配局部搜索，当前完工时间: 1786.00
2025-04-08 16:09:21,103 - DEBUG - 局部搜索未能改进当前解
2025-04-08 16:09:21,107 - DEBUG - 执行AGV分配局部搜索，当前完工时间: 1709.00
2025-04-08 16:09:21,110 - DEBUG - 局部搜索未能改进当前解
2025-04-08 16:09:21,115 - DEBUG - 执行AGV分配局部搜索，当前完工时间: 1728.00
2025-04-08 16:09:21,118 - DEBUG - 局部搜索未能改进当前解
2025-04-08 16:09:21,122 - DEBUG - 执行AGV分配局部搜索，当前完工时间: 1697.00
2025-04-08 16:09:21,126 - DEBUG - 局部搜索未能改进当前解
2025-04-08 16:09:21,130 - DEBUG - 执行AGV分配局部搜索，当前完工时间: 1805.00
2025-04-08 16:09:21,134 - DEBUG - AGV分配局部搜索成功！完工时间从 1805.00 降低到 1796.00，改进: 9.00 (0.50%)
2025-04-08 16:09:21,138 - DEBUG - 执行AGV分配局部搜索，当前完工时间: 1832.00
2025-04-08 16:09:21,143 - DEBUG - AGV分配局部搜索成功！完工时间从 1832.00 降低到 1769.00，改进: 63.00 (3.44%)
2025-04-08 16:09:21,147 - DEBUG - 执行AGV分配局部搜索，当前完工时间: 1697.00
2025-04-08 16:09:21,151 - DEBUG - 局部搜索未能改进当前解
2025-04-08 16:09:21,156 - DEBUG - 执行AGV分配局部搜索，当前完工时间: 1752.00
2025-04-08 16:09:21,160 - DEBUG - AGV分配局部搜索成功！完工时间从 1752.00 降低到 1734.00，改进: 18.00 (1.03%)
2025-04-08 16:09:21,162 - DEBUG - 执行AGV分配局部搜索，当前完工时间: 1767.00
2025-04-08 16:09:21,167 - DEBUG - 局部搜索未能改进当前解
2025-04-08 16:09:21,171 - DEBUG - 执行AGV分配局部搜索，当前完工时间: 1847.00
2025-04-08 16:09:21,174 - DEBUG - 局部搜索未能改进当前解
2025-04-08 16:09:21,178 - DEBUG - 执行AGV分配局部搜索，当前完工时间: 1752.00
2025-04-08 16:09:21,181 - DEBUG - 局部搜索未能改进当前解
2025-04-08 16:09:21,184 - DEBUG - 执行AGV分配局部搜索，当前完工时间: 1706.00
2025-04-08 16:09:21,188 - DEBUG - AGV分配局部搜索成功！完工时间从 1706.00 降低到 1701.00，改进: 5.00 (0.29%)
2025-04-08 16:09:21,192 - DEBUG - 执行AGV分配局部搜索，当前完工时间: 1727.00
2025-04-08 16:09:21,195 - DEBUG - 局部搜索未能改进当前解
2025-04-08 16:09:21,198 - DEBUG - 执行AGV分配局部搜索，当前完工时间: 1759.00
2025-04-08 16:09:21,202 - DEBUG - AGV分配局部搜索成功！完工时间从 1759.00 降低到 1747.00，改进: 12.00 (0.68%)
2025-04-08 16:09:21,207 - DEBUG - 执行AGV分配局部搜索，当前完工时间: 1656.00
2025-04-08 16:09:21,210 - DEBUG - 局部搜索未能改进当前解
2025-04-08 16:09:21,214 - DEBUG - 执行AGV分配局部搜索，当前完工时间: 1729.00
2025-04-08 16:09:21,218 - DEBUG - 局部搜索未能改进当前解
2025-04-08 16:09:21,220 - DEBUG - 执行AGV分配局部搜索，当前完工时间: 1717.00
2025-04-08 16:09:21,225 - DEBUG - 局部搜索未能改进当前解
2025-04-08 16:09:21,227 - DEBUG - 执行AGV分配局部搜索，当前完工时间: 1694.00
2025-04-08 16:09:21,232 - DEBUG - 局部搜索未能改进当前解
2025-04-08 16:09:21,235 - DEBUG - 执行AGV分配局部搜索，当前完工时间: 1750.00
2025-04-08 16:09:21,238 - DEBUG - 局部搜索未能改进当前解
2025-04-08 16:09:21,242 - DEBUG - 执行AGV分配局部搜索，当前完工时间: 1689.00
2025-04-08 16:09:21,245 - DEBUG - 局部搜索未能改进当前解
2025-04-08 16:09:21,250 - DEBUG - 执行AGV分配局部搜索，当前完工时间: 1791.00
2025-04-08 16:09:21,253 - DEBUG - AGV分配局部搜索成功！完工时间从 1791.00 降低到 1771.00，改进: 20.00 (1.12%)
2025-04-08 16:09:21,258 - DEBUG - 执行AGV分配局部搜索，当前完工时间: 1740.00
2025-04-08 16:09:21,260 - DEBUG - 局部搜索未能改进当前解
2025-04-08 16:09:21,265 - DEBUG - 执行AGV分配局部搜索，当前完工时间: 1856.00
2025-04-08 16:09:21,269 - DEBUG - 局部搜索未能改进当前解
2025-04-08 16:09:21,272 - DEBUG - 执行AGV分配局部搜索，当前完工时间: 1759.00
2025-04-08 16:09:21,276 - DEBUG - 局部搜索未能改进当前解
2025-04-08 16:09:21,281 - DEBUG - 执行AGV分配局部搜索，当前完工时间: 1726.00
2025-04-08 16:09:21,285 - DEBUG - AGV分配局部搜索成功！完工时间从 1726.00 降低到 1712.00，改进: 14.00 (0.81%)
2025-04-08 16:09:21,288 - DEBUG - 执行AGV分配局部搜索，当前完工时间: 1662.00
2025-04-08 16:09:21,292 - DEBUG - 局部搜索未能改进当前解
2025-04-08 16:09:21,295 - DEBUG - 执行AGV分配局部搜索，当前完工时间: 1814.00
2025-04-08 16:09:21,300 - DEBUG - AGV分配局部搜索成功！完工时间从 1814.00 降低到 1787.00，改进: 27.00 (1.49%)
2025-04-08 16:09:21,304 - DEBUG - 执行AGV分配局部搜索，当前完工时间: 1766.00
2025-04-08 16:09:21,307 - DEBUG - 局部搜索未能改进当前解
2025-04-08 16:09:21,310 - DEBUG - 执行AGV分配局部搜索，当前完工时间: 1799.00
2025-04-08 16:09:21,315 - DEBUG - 局部搜索未能改进当前解
2025-04-08 16:09:21,320 - DEBUG - 执行AGV分配局部搜索，当前完工时间: 1789.00
2025-04-08 16:09:21,324 - DEBUG - 局部搜索未能改进当前解
2025-04-08 16:09:21,327 - DEBUG - 执行AGV分配局部搜索，当前完工时间: 1668.00
2025-04-08 16:09:21,331 - DEBUG - 局部搜索未能改进当前解
2025-04-08 16:09:21,336 - DEBUG - 执行AGV分配局部搜索，当前完工时间: 1809.00
2025-04-08 16:09:21,340 - DEBUG - 局部搜索未能改进当前解
2025-04-08 16:09:21,343 - DEBUG - 执行AGV分配局部搜索，当前完工时间: 1841.00
2025-04-08 16:09:21,346 - DEBUG - 局部搜索未能改进当前解
2025-04-08 16:09:21,350 - DEBUG - 执行AGV分配局部搜索，当前完工时间: 1699.00
2025-04-08 16:09:21,354 - DEBUG - 局部搜索未能改进当前解
2025-04-08 16:09:21,358 - DEBUG - 执行AGV分配局部搜索，当前完工时间: 1840.00
2025-04-08 16:09:21,362 - DEBUG - 局部搜索未能改进当前解
2025-04-08 16:09:21,366 - DEBUG - 执行AGV分配局部搜索，当前完工时间: 1776.00
2025-04-08 16:09:21,370 - DEBUG - 局部搜索未能改进当前解
2025-04-08 16:09:21,374 - DEBUG - 执行AGV分配局部搜索，当前完工时间: 1775.00
2025-04-08 16:09:21,378 - DEBUG - 局部搜索未能改进当前解
2025-04-08 16:09:21,382 - DEBUG - 执行AGV分配局部搜索，当前完工时间: 1856.00
2025-04-08 16:09:21,386 - DEBUG - 局部搜索未能改进当前解
2025-04-08 16:09:21,390 - DEBUG - 执行AGV分配局部搜索，当前完工时间: 1696.00
2025-04-08 16:09:21,394 - DEBUG - 局部搜索未能改进当前解
2025-04-08 16:09:21,398 - DEBUG - 执行AGV分配局部搜索，当前完工时间: 1745.00
2025-04-08 16:09:21,401 - DEBUG - 局部搜索未能改进当前解
2025-04-08 16:09:21,405 - DEBUG - 执行AGV分配局部搜索，当前完工时间: 1757.00
2025-04-08 16:09:21,410 - DEBUG - 局部搜索未能改进当前解
2025-04-08 16:09:21,412 - DEBUG - 执行AGV分配局部搜索，当前完工时间: 1702.00
2025-04-08 16:09:21,416 - DEBUG - 局部搜索未能改进当前解
2025-04-08 16:09:21,421 - DEBUG - 执行AGV分配局部搜索，当前完工时间: 1708.00
2025-04-08 16:09:21,425 - DEBUG - 局部搜索未能改进当前解
2025-04-08 16:09:21,430 - DEBUG - 执行AGV分配局部搜索，当前完工时间: 1737.00
2025-04-08 16:09:21,434 - DEBUG - 局部搜索未能改进当前解
2025-04-08 16:09:21,437 - DEBUG - 执行AGV分配局部搜索，当前完工时间: 1846.00
2025-04-08 16:09:21,442 - DEBUG - 局部搜索未能改进当前解
2025-04-08 16:09:21,446 - DEBUG - 执行AGV分配局部搜索，当前完工时间: 1734.00
2025-04-08 16:09:21,450 - DEBUG - 局部搜索未能改进当前解
2025-04-08 16:09:21,454 - DEBUG - 执行AGV分配局部搜索，当前完工时间: 1717.00
2025-04-08 16:09:21,457 - DEBUG - 局部搜索未能改进当前解
2025-04-08 16:09:21,461 - DEBUG - 执行AGV分配局部搜索，当前完工时间: 1788.00
2025-04-08 16:09:21,465 - DEBUG - 局部搜索未能改进当前解
2025-04-08 16:09:21,469 - DEBUG - 执行AGV分配局部搜索，当前完工时间: 1745.00
2025-04-08 16:09:21,472 - DEBUG - 局部搜索未能改进当前解
2025-04-08 16:09:21,476 - DEBUG - 执行AGV分配局部搜索，当前完工时间: 1703.00
2025-04-08 16:09:21,480 - DEBUG - 局部搜索未能改进当前解
2025-04-08 16:09:21,484 - DEBUG - 执行AGV分配局部搜索，当前完工时间: 1810.00
2025-04-08 16:09:21,487 - DEBUG - 局部搜索未能改进当前解
2025-04-08 16:09:21,491 - DEBUG - 执行AGV分配局部搜索，当前完工时间: 1740.00
2025-04-08 16:09:21,495 - DEBUG - 局部搜索未能改进当前解
2025-04-08 16:09:21,499 - DEBUG - 执行AGV分配局部搜索，当前完工时间: 1684.00
2025-04-08 16:09:21,503 - DEBUG - 局部搜索未能改进当前解
2025-04-08 16:09:21,506 - DEBUG - 执行AGV分配局部搜索，当前完工时间: 1919.00
2025-04-08 16:09:21,510 - DEBUG - 局部搜索未能改进当前解
2025-04-08 16:09:21,514 - DEBUG - 执行AGV分配局部搜索，当前完工时间: 1762.00
2025-04-08 16:09:21,516 - DEBUG - 局部搜索未能改进当前解
2025-04-08 16:09:21,521 - DEBUG - 执行AGV分配局部搜索，当前完工时间: 1662.00
2025-04-08 16:09:21,524 - DEBUG - 局部搜索未能改进当前解
2025-04-08 16:09:21,529 - DEBUG - 执行AGV分配局部搜索，当前完工时间: 1757.00
2025-04-08 16:09:21,532 - DEBUG - 局部搜索未能改进当前解
2025-04-08 16:09:21,536 - DEBUG - 执行AGV分配局部搜索，当前完工时间: 1693.00
2025-04-08 16:09:21,539 - DEBUG - 局部搜索未能改进当前解
2025-04-08 16:09:21,544 - DEBUG - 执行AGV分配局部搜索，当前完工时间: 1740.00
2025-04-08 16:09:21,547 - DEBUG - AGV分配局部搜索成功！完工时间从 1740.00 降低到 1724.00，改进: 16.00 (0.92%)
2025-04-08 16:09:21,551 - DEBUG - 执行AGV分配局部搜索，当前完工时间: 1781.00
2025-04-08 16:09:21,555 - DEBUG - 局部搜索未能改进当前解
2025-04-08 16:09:21,559 - DEBUG - 执行AGV分配局部搜索，当前完工时间: 1891.00
2025-04-08 16:09:21,562 - DEBUG - 局部搜索未能改进当前解
2025-04-08 16:09:21,566 - DEBUG - 执行AGV分配局部搜索，当前完工时间: 1731.00
2025-04-08 16:09:21,571 - DEBUG - 局部搜索未能改进当前解
2025-04-08 16:09:21,573 - DEBUG - 执行AGV分配局部搜索，当前完工时间: 1725.00
2025-04-08 16:09:21,576 - DEBUG - 局部搜索未能改进当前解
2025-04-08 16:09:21,582 - DEBUG - 执行AGV分配局部搜索，当前完工时间: 1695.00
2025-04-08 16:09:21,585 - DEBUG - 局部搜索未能改进当前解
2025-04-08 16:09:21,589 - DEBUG - 执行AGV分配局部搜索，当前完工时间: 1661.00
2025-04-08 16:09:21,592 - DEBUG - 局部搜索未能改进当前解
2025-04-08 16:09:21,595 - DEBUG - 执行AGV分配局部搜索，当前完工时间: 1700.00
2025-04-08 16:09:21,599 - DEBUG - 局部搜索未能改进当前解
2025-04-08 16:09:21,603 - DEBUG - 执行AGV分配局部搜索，当前完工时间: 1705.00
2025-04-08 16:09:21,607 - DEBUG - 局部搜索未能改进当前解
2025-04-08 16:09:21,611 - DEBUG - 执行AGV分配局部搜索，当前完工时间: 1799.00
2025-04-08 16:09:21,614 - DEBUG - 局部搜索未能改进当前解
2025-04-08 16:09:21,618 - DEBUG - 执行AGV分配局部搜索，当前完工时间: 1686.00
2025-04-08 16:09:21,621 - DEBUG - 局部搜索未能改进当前解
2025-04-08 16:09:21,621 - DEBUG - ==================================================
2025-04-08 16:09:21,621 - DEBUG - Efficiency Statistics of Local Search :
2025-04-08 16:09:21,622 - DEBUG - Number of attempts: 99
2025-04-08 16:09:21,622 - DEBUG - Average Success Rate: 10.10%
2025-04-08 16:09:21,622 - DEBUG - AGV Local Search Success: 10，Average Improvement: 20.30
2025-04-08 16:09:21,626 - DEBUG - 执行AGV分配局部搜索，当前完工时间: 1806.00
2025-04-08 16:09:21,630 - DEBUG - 局部搜索未能改进当前解
2025-04-08 16:09:21,634 - DEBUG - 执行AGV分配局部搜索，当前完工时间: 1755.00
2025-04-08 16:09:21,637 - DEBUG - 局部搜索未能改进当前解
2025-04-08 16:09:21,641 - DEBUG - 执行AGV分配局部搜索，当前完工时间: 1817.00
2025-04-08 16:09:21,645 - DEBUG - AGV分配局部搜索成功！完工时间从 1817.00 降低到 1724.00，改进: 93.00 (5.12%)
2025-04-08 16:09:21,649 - DEBUG - 执行AGV分配局部搜索，当前完工时间: 1781.00
2025-04-08 16:09:21,653 - DEBUG - AGV分配局部搜索成功！完工时间从 1781.00 降低到 1760.00，改进: 21.00 (1.18%)
2025-04-08 16:09:21,657 - DEBUG - 执行AGV分配局部搜索，当前完工时间: 1759.00
2025-04-08 16:09:21,660 - DEBUG - 局部搜索未能改进当前解
2025-04-08 16:09:21,664 - DEBUG - 执行AGV分配局部搜索，当前完工时间: 1802.00
2025-04-08 16:09:21,668 - DEBUG - 局部搜索未能改进当前解
2025-04-08 16:09:21,671 - DEBUG - 执行AGV分配局部搜索，当前完工时间: 1750.00
2025-04-08 16:09:21,675 - DEBUG - 局部搜索未能改进当前解
2025-04-08 16:09:21,679 - DEBUG - 执行AGV分配局部搜索，当前完工时间: 1773.00
2025-04-08 16:09:21,682 - DEBUG - 局部搜索未能改进当前解
2025-04-08 16:09:21,687 - DEBUG - 执行AGV分配局部搜索，当前完工时间: 1672.00
2025-04-08 16:09:21,690 - DEBUG - 局部搜索未能改进当前解
2025-04-08 16:09:21,694 - DEBUG - 执行AGV分配局部搜索，当前完工时间: 1746.00
2025-04-08 16:09:21,699 - DEBUG - AGV分配局部搜索成功！完工时间从 1746.00 降低到 1717.00，改进: 29.00 (1.66%)
2025-04-08 16:09:21,703 - DEBUG - 执行AGV分配局部搜索，当前完工时间: 1717.00
2025-04-08 16:09:21,706 - DEBUG - 局部搜索未能改进当前解
2025-04-08 16:09:21,710 - DEBUG - 执行AGV分配局部搜索，当前完工时间: 1836.00
2025-04-08 16:09:21,714 - DEBUG - 局部搜索未能改进当前解
2025-04-08 16:09:21,718 - DEBUG - 执行AGV分配局部搜索，当前完工时间: 1935.00
2025-04-08 16:09:21,721 - DEBUG - 局部搜索未能改进当前解
2025-04-08 16:09:21,725 - DEBUG - 执行AGV分配局部搜索，当前完工时间: 1802.00
2025-04-08 16:09:21,729 - DEBUG - AGV分配局部搜索成功！完工时间从 1802.00 降低到 1777.00，改进: 25.00 (1.39%)
2025-04-08 16:09:21,733 - DEBUG - 执行AGV分配局部搜索，当前完工时间: 1771.00
2025-04-08 16:09:21,737 - DEBUG - 局部搜索未能改进当前解
2025-04-08 16:09:21,741 - DEBUG - 执行AGV分配局部搜索，当前完工时间: 1699.00
2025-04-08 16:09:21,745 - DEBUG - 局部搜索未能改进当前解
2025-04-08 16:09:21,748 - DEBUG - 执行AGV分配局部搜索，当前完工时间: 1717.00
2025-04-08 16:09:21,753 - DEBUG - 局部搜索未能改进当前解
2025-04-08 16:09:21,757 - DEBUG - 执行AGV分配局部搜索，当前完工时间: 1732.00
2025-04-08 16:09:21,761 - DEBUG - 局部搜索未能改进当前解
2025-04-08 16:09:21,764 - DEBUG - 执行AGV分配局部搜索，当前完工时间: 1721.00
2025-04-08 16:09:21,769 - DEBUG - 局部搜索未能改进当前解
2025-04-08 16:09:21,772 - DEBUG - 执行AGV分配局部搜索，当前完工时间: 1711.00
2025-04-08 16:09:21,776 - DEBUG - AGV分配局部搜索成功！完工时间从 1711.00 降低到 1681.00，改进: 30.00 (1.75%)
2025-04-08 16:09:21,781 - DEBUG - 执行AGV分配局部搜索，当前完工时间: 1719.00
2025-04-08 16:09:21,785 - DEBUG - 局部搜索未能改进当前解
2025-04-08 16:09:21,789 - DEBUG - 执行AGV分配局部搜索，当前完工时间: 1752.00
2025-04-08 16:09:21,793 - DEBUG - 局部搜索未能改进当前解
2025-04-08 16:09:21,797 - DEBUG - 执行AGV分配局部搜索，当前完工时间: 1724.00
2025-04-08 16:09:21,800 - DEBUG - 局部搜索未能改进当前解
2025-04-08 16:09:21,804 - DEBUG - 执行AGV分配局部搜索，当前完工时间: 1805.00
2025-04-08 16:09:21,809 - DEBUG - 局部搜索未能改进当前解
2025-04-08 16:09:21,812 - DEBUG - 执行AGV分配局部搜索，当前完工时间: 1705.00
2025-04-08 16:09:21,817 - DEBUG - 局部搜索未能改进当前解
2025-04-08 16:09:21,820 - DEBUG - 执行AGV分配局部搜索，当前完工时间: 1764.00
2025-04-08 16:09:21,825 - DEBUG - 局部搜索未能改进当前解
2025-04-08 16:09:21,830 - DEBUG - 执行AGV分配局部搜索，当前完工时间: 1762.00
2025-04-08 16:09:21,834 - DEBUG - 局部搜索未能改进当前解
2025-04-08 16:09:21,837 - DEBUG - 执行AGV分配局部搜索，当前完工时间: 1717.00
2025-04-08 16:09:21,842 - DEBUG - 局部搜索未能改进当前解
2025-04-08 16:09:21,847 - DEBUG - 执行AGV分配局部搜索，当前完工时间: 1795.00
2025-04-08 16:09:21,850 - DEBUG - 局部搜索未能改进当前解
2025-04-08 16:09:21,854 - DEBUG - 执行AGV分配局部搜索，当前完工时间: 1710.00
2025-04-08 16:09:21,857 - DEBUG - 局部搜索未能改进当前解
2025-04-08 16:09:21,862 - DEBUG - 执行AGV分配局部搜索，当前完工时间: 1796.00
2025-04-08 16:09:21,865 - DEBUG - AGV分配局部搜索成功！完工时间从 1796.00 降低到 1794.00，改进: 2.00 (0.11%)
2025-04-08 16:09:21,869 - DEBUG - 执行AGV分配局部搜索，当前完工时间: 1727.00
2025-04-08 16:09:21,873 - DEBUG - 局部搜索未能改进当前解
2025-04-08 16:09:21,877 - DEBUG - 执行AGV分配局部搜索，当前完工时间: 1706.00
2025-04-08 16:09:21,881 - DEBUG - 局部搜索未能改进当前解
2025-04-08 16:09:21,885 - DEBUG - 执行AGV分配局部搜索，当前完工时间: 1678.00
2025-04-08 16:09:21,889 - DEBUG - 局部搜索未能改进当前解
2025-04-08 16:09:21,893 - DEBUG - 执行AGV分配局部搜索，当前完工时间: 1717.00
2025-04-08 16:09:21,896 - DEBUG - 局部搜索未能改进当前解
2025-04-08 16:09:21,900 - DEBUG - 执行AGV分配局部搜索，当前完工时间: 1833.00
2025-04-08 16:09:21,903 - DEBUG - 局部搜索未能改进当前解
2025-04-08 16:09:21,907 - DEBUG - 执行AGV分配局部搜索，当前完工时间: 1842.00
2025-04-08 16:09:21,912 - DEBUG - 局部搜索未能改进当前解
2025-04-08 16:09:21,916 - DEBUG - 执行AGV分配局部搜索，当前完工时间: 1713.00
2025-04-08 16:09:21,919 - DEBUG - 局部搜索未能改进当前解
2025-04-08 16:09:21,923 - DEBUG - 执行AGV分配局部搜索，当前完工时间: 1759.00
2025-04-08 16:09:21,928 - DEBUG - 局部搜索未能改进当前解
2025-04-08 16:09:21,931 - DEBUG - 执行AGV分配局部搜索，当前完工时间: 1713.00
2025-04-08 16:09:21,935 - DEBUG - 局部搜索未能改进当前解
2025-04-08 16:09:21,938 - DEBUG - 执行AGV分配局部搜索，当前完工时间: 1713.00
2025-04-08 16:09:21,943 - DEBUG - 局部搜索未能改进当前解
2025-04-08 16:09:21,947 - DEBUG - 执行AGV分配局部搜索，当前完工时间: 1759.00
2025-04-08 16:09:21,950 - DEBUG - 局部搜索未能改进当前解
2025-04-08 16:09:21,954 - DEBUG - 执行AGV分配局部搜索，当前完工时间: 1897.00
2025-04-08 16:09:21,957 - DEBUG - 局部搜索未能改进当前解
2025-04-08 16:09:21,961 - DEBUG - 执行AGV分配局部搜索，当前完工时间: 1808.00
2025-04-08 16:09:21,964 - DEBUG - 局部搜索未能改进当前解
2025-04-08 16:09:21,968 - DEBUG - 执行AGV分配局部搜索，当前完工时间: 1749.00
2025-04-08 16:09:21,971 - DEBUG - 局部搜索未能改进当前解
2025-04-08 16:09:21,975 - DEBUG - 执行AGV分配局部搜索，当前完工时间: 1801.00
2025-04-08 16:09:21,979 - DEBUG - AGV分配局部搜索成功！完工时间从 1801.00 降低到 1762.00，改进: 39.00 (2.17%)
2025-04-08 16:09:21,982 - DEBUG - 执行AGV分配局部搜索，当前完工时间: 1764.00
2025-04-08 16:09:21,986 - DEBUG - 局部搜索未能改进当前解
2025-04-08 16:09:21,990 - DEBUG - 执行AGV分配局部搜索，当前完工时间: 1805.00
2025-04-08 16:09:21,995 - DEBUG - 局部搜索未能改进当前解
2025-04-08 16:09:21,999 - DEBUG - 执行AGV分配局部搜索，当前完工时间: 1710.00
2025-04-08 16:09:22,003 - DEBUG - 局部搜索未能改进当前解
2025-04-08 16:09:22,007 - DEBUG - 执行AGV分配局部搜索，当前完工时间: 1771.00
2025-04-08 16:09:22,010 - DEBUG - 局部搜索未能改进当前解
2025-04-08 16:09:22,014 - DEBUG - 执行AGV分配局部搜索，当前完工时间: 1702.00
2025-04-08 16:09:22,018 - DEBUG - 局部搜索未能改进当前解
2025-04-08 16:09:22,021 - DEBUG - 执行AGV分配局部搜索，当前完工时间: 1707.00
2025-04-08 16:09:22,024 - DEBUG - 局部搜索未能改进当前解
2025-04-08 16:09:22,029 - DEBUG - 执行AGV分配局部搜索，当前完工时间: 1716.00
2025-04-08 16:09:22,032 - DEBUG - AGV分配局部搜索成功！完工时间从 1716.00 降低到 1708.00，改进: 8.00 (0.47%)
2025-04-08 16:09:22,036 - DEBUG - 执行AGV分配局部搜索，当前完工时间: 1770.00
2025-04-08 16:09:22,040 - DEBUG - 局部搜索未能改进当前解
2025-04-08 16:09:22,044 - DEBUG - 执行AGV分配局部搜索，当前完工时间: 1693.00
2025-04-08 16:09:22,047 - DEBUG - 局部搜索未能改进当前解
2025-04-08 16:09:22,051 - DEBUG - 执行AGV分配局部搜索，当前完工时间: 1739.00
2025-04-08 16:09:22,055 - DEBUG - AGV分配局部搜索成功！完工时间从 1739.00 降低到 1737.00，改进: 2.00 (0.12%)
2025-04-08 16:09:22,058 - DEBUG - 执行AGV分配局部搜索，当前完工时间: 1788.00
2025-04-08 16:09:22,062 - DEBUG - 局部搜索未能改进当前解
2025-04-08 16:09:22,065 - DEBUG - 执行AGV分配局部搜索，当前完工时间: 1730.00
2025-04-08 16:09:22,069 - DEBUG - 局部搜索未能改进当前解
2025-04-08 16:09:22,073 - DEBUG - 执行AGV分配局部搜索，当前完工时间: 1729.00
2025-04-08 16:09:22,077 - DEBUG - 局部搜索未能改进当前解
2025-04-08 16:09:22,081 - DEBUG - 执行AGV分配局部搜索，当前完工时间: 1689.00
2025-04-08 16:09:22,084 - DEBUG - 局部搜索未能改进当前解
2025-04-08 16:09:22,088 - DEBUG - 执行AGV分配局部搜索，当前完工时间: 1763.00
2025-04-08 16:09:22,092 - DEBUG - 局部搜索未能改进当前解
2025-04-08 16:09:22,095 - DEBUG - 执行AGV分配局部搜索，当前完工时间: 1683.00
2025-04-08 16:09:22,098 - DEBUG - AGV分配局部搜索成功！完工时间从 1683.00 降低到 1678.00，改进: 5.00 (0.30%)
2025-04-08 16:09:22,103 - DEBUG - 执行AGV分配局部搜索，当前完工时间: 1691.00
2025-04-08 16:09:22,106 - DEBUG - 局部搜索未能改进当前解
2025-04-08 16:09:22,110 - DEBUG - 执行AGV分配局部搜索，当前完工时间: 1823.00
2025-04-08 16:09:22,114 - DEBUG - 局部搜索未能改进当前解
2025-04-08 16:09:22,116 - DEBUG - 执行AGV分配局部搜索，当前完工时间: 1882.00
2025-04-08 16:09:22,121 - DEBUG - 局部搜索未能改进当前解
2025-04-08 16:09:22,124 - DEBUG - 执行AGV分配局部搜索，当前完工时间: 1817.00
2025-04-08 16:09:22,128 - DEBUG - 局部搜索未能改进当前解
2025-04-08 16:09:22,132 - DEBUG - 执行AGV分配局部搜索，当前完工时间: 1702.00
2025-04-08 16:09:22,136 - DEBUG - 局部搜索未能改进当前解
2025-04-08 16:09:22,140 - DEBUG - 执行AGV分配局部搜索，当前完工时间: 1776.00
2025-04-08 16:09:22,144 - DEBUG - 局部搜索未能改进当前解
2025-04-08 16:09:22,147 - DEBUG - 执行AGV分配局部搜索，当前完工时间: 1672.00
2025-04-08 16:09:22,152 - DEBUG - 局部搜索未能改进当前解
2025-04-08 16:09:22,156 - DEBUG - 执行AGV分配局部搜索，当前完工时间: 1710.00
2025-04-08 16:09:22,159 - DEBUG - 局部搜索未能改进当前解
2025-04-08 16:09:22,163 - DEBUG - 执行AGV分配局部搜索，当前完工时间: 1662.00
2025-04-08 16:09:22,167 - DEBUG - 局部搜索未能改进当前解
2025-04-08 16:09:22,171 - DEBUG - 执行AGV分配局部搜索，当前完工时间: 1731.00
2025-04-08 16:09:22,173 - DEBUG - 局部搜索未能改进当前解
2025-04-08 16:09:22,177 - DEBUG - 执行AGV分配局部搜索，当前完工时间: 1811.00
2025-04-08 16:09:22,181 - DEBUG - AGV分配局部搜索成功！完工时间从 1811.00 降低到 1788.00，改进: 23.00 (1.27%)
2025-04-08 16:09:22,185 - DEBUG - 执行AGV分配局部搜索，当前完工时间: 1745.00
2025-04-08 16:09:22,188 - DEBUG - 局部搜索未能改进当前解
2025-04-08 16:09:22,192 - DEBUG - 执行AGV分配局部搜索，当前完工时间: 1673.00
2025-04-08 16:09:22,195 - DEBUG - 局部搜索未能改进当前解
2025-04-08 16:09:22,199 - DEBUG - 执行AGV分配局部搜索，当前完工时间: 1813.00
2025-04-08 16:09:22,203 - DEBUG - AGV分配局部搜索成功！完工时间从 1813.00 降低到 1757.00，改进: 56.00 (3.09%)
2025-04-08 16:09:22,207 - DEBUG - 执行AGV分配局部搜索，当前完工时间: 1731.00
2025-04-08 16:09:22,209 - DEBUG - 局部搜索未能改进当前解
2025-04-08 16:09:22,213 - DEBUG - 执行AGV分配局部搜索，当前完工时间: 1689.00
2025-04-08 16:09:22,217 - DEBUG - 局部搜索未能改进当前解
2025-04-08 16:09:22,221 - DEBUG - 执行AGV分配局部搜索，当前完工时间: 1699.00
2025-04-08 16:09:22,224 - DEBUG - 局部搜索未能改进当前解
2025-04-08 16:09:22,228 - DEBUG - 执行AGV分配局部搜索，当前完工时间: 1722.00
2025-04-08 16:09:22,231 - DEBUG - 局部搜索未能改进当前解
2025-04-08 16:09:22,235 - DEBUG - 执行AGV分配局部搜索，当前完工时间: 1804.00
2025-04-08 16:09:22,239 - DEBUG - 局部搜索未能改进当前解
2025-04-08 16:09:22,243 - DEBUG - 执行AGV分配局部搜索，当前完工时间: 1756.00
2025-04-08 16:09:22,245 - DEBUG - AGV分配局部搜索成功！完工时间从 1756.00 降低到 1707.00，改进: 49.00 (2.79%)
2025-04-08 16:09:22,251 - DEBUG - 执行AGV分配局部搜索，当前完工时间: 1702.00
2025-04-08 16:09:22,255 - DEBUG - 局部搜索未能改进当前解
2025-04-08 16:09:22,258 - DEBUG - 执行AGV分配局部搜索，当前完工时间: 1731.00
2025-04-08 16:09:22,261 - DEBUG - 局部搜索未能改进当前解
2025-04-08 16:09:22,264 - DEBUG - 执行AGV分配局部搜索，当前完工时间: 1789.00
2025-04-08 16:09:22,268 - DEBUG - 局部搜索未能改进当前解
2025-04-08 16:09:22,272 - DEBUG - 执行AGV分配局部搜索，当前完工时间: 1741.00
2025-04-08 16:09:22,275 - DEBUG - 局部搜索未能改进当前解
2025-04-08 16:09:22,280 - DEBUG - 执行AGV分配局部搜索，当前完工时间: 1845.00
2025-04-08 16:09:22,294 - DEBUG - 局部搜索未能改进当前解
2025-04-08 16:09:22,301 - DEBUG - 执行AGV分配局部搜索，当前完工时间: 1748.00
2025-04-08 16:09:22,309 - DEBUG - 局部搜索未能改进当前解
2025-04-08 16:09:22,314 - DEBUG - 执行AGV分配局部搜索，当前完工时间: 1855.00
2025-04-08 16:09:22,318 - DEBUG - 局部搜索未能改进当前解
2025-04-08 16:09:22,323 - DEBUG - 执行AGV分配局部搜索，当前完工时间: 1823.00
2025-04-08 16:09:22,329 - DEBUG - 局部搜索未能改进当前解
2025-04-08 16:09:22,333 - DEBUG - 执行AGV分配局部搜索，当前完工时间: 1729.00
2025-04-08 16:09:22,337 - DEBUG - 局部搜索未能改进当前解
2025-04-08 16:09:22,341 - DEBUG - 执行AGV分配局部搜索，当前完工时间: 1728.00
2025-04-08 16:09:22,345 - DEBUG - 局部搜索未能改进当前解
2025-04-08 16:09:22,350 - DEBUG - 执行AGV分配局部搜索，当前完工时间: 1728.00
2025-04-08 16:09:22,355 - DEBUG - 局部搜索未能改进当前解
2025-04-08 16:09:22,359 - DEBUG - 执行AGV分配局部搜索，当前完工时间: 1857.00
2025-04-08 16:09:22,363 - DEBUG - 局部搜索未能改进当前解
2025-04-08 16:09:22,368 - DEBUG - 执行AGV分配局部搜索，当前完工时间: 1685.00
2025-04-08 16:09:22,372 - DEBUG - 局部搜索未能改进当前解
2025-04-08 16:09:22,375 - DEBUG - 执行AGV分配局部搜索，当前完工时间: 1699.00
2025-04-08 16:09:22,379 - DEBUG - 局部搜索未能改进当前解
2025-04-08 16:09:22,383 - DEBUG - 执行AGV分配局部搜索，当前完工时间: 1719.00
2025-04-08 16:09:22,387 - DEBUG - 局部搜索未能改进当前解
2025-04-08 16:09:22,392 - DEBUG - 执行AGV分配局部搜索，当前完工时间: 1808.00
2025-04-08 16:09:22,395 - DEBUG - AGV分配局部搜索成功！完工时间从 1808.00 降低到 1799.00，改进: 9.00 (0.50%)
2025-04-08 16:09:22,400 - DEBUG - 执行AGV分配局部搜索，当前完工时间: 1698.00
2025-04-08 16:09:22,404 - DEBUG - 局部搜索未能改进当前解
2025-04-08 16:09:22,404 - DEBUG - ==================================================
2025-04-08 16:09:22,404 - DEBUG - Efficiency Statistics of Local Search :
2025-04-08 16:09:22,404 - DEBUG - Number of attempts: 99
2025-04-08 16:09:22,404 - DEBUG - Average Success Rate: 14.14%
2025-04-08 16:09:22,404 - DEBUG - AGV Local Search Success: 14，Average Improvement: 27.93
2025-04-08 16:09:22,409 - DEBUG - 执行AGV分配局部搜索，当前完工时间: 1725.00
2025-04-08 16:09:22,414 - DEBUG - 局部搜索未能改进当前解
2025-04-08 16:09:22,418 - DEBUG - 执行AGV分配局部搜索，当前完工时间: 1662.00
2025-04-08 16:09:22,422 - DEBUG - 局部搜索未能改进当前解
2025-04-08 16:09:22,426 - DEBUG - 执行AGV分配局部搜索，当前完工时间: 1714.00
2025-04-08 16:09:22,430 - DEBUG - 局部搜索未能改进当前解
2025-04-08 16:09:22,434 - DEBUG - 执行AGV分配局部搜索，当前完工时间: 1760.00
2025-04-08 16:09:22,439 - DEBUG - 局部搜索未能改进当前解
2025-04-08 16:09:22,443 - DEBUG - 执行AGV分配局部搜索，当前完工时间: 1801.00
2025-04-08 16:09:22,446 - DEBUG - 局部搜索未能改进当前解
2025-04-08 16:09:22,450 - DEBUG - 执行AGV分配局部搜索，当前完工时间: 1836.00
2025-04-08 16:09:22,453 - DEBUG - 局部搜索未能改进当前解
2025-04-08 16:09:22,457 - DEBUG - 执行AGV分配局部搜索，当前完工时间: 1701.00
2025-04-08 16:09:22,462 - DEBUG - 局部搜索未能改进当前解
2025-04-08 16:09:22,466 - DEBUG - 执行AGV分配局部搜索，当前完工时间: 1912.00
2025-04-08 16:09:22,469 - DEBUG - 局部搜索未能改进当前解
2025-04-08 16:09:22,473 - DEBUG - 执行AGV分配局部搜索，当前完工时间: 1678.00
2025-04-08 16:09:22,476 - DEBUG - 局部搜索未能改进当前解
2025-04-08 16:09:22,480 - DEBUG - 执行AGV分配局部搜索，当前完工时间: 1768.00
2025-04-08 16:09:22,484 - DEBUG - 局部搜索未能改进当前解
2025-04-08 16:09:22,488 - DEBUG - 执行AGV分配局部搜索，当前完工时间: 1852.00
2025-04-08 16:09:22,492 - DEBUG - 局部搜索未能改进当前解
2025-04-08 16:09:22,495 - DEBUG - 执行AGV分配局部搜索，当前完工时间: 1749.00
2025-04-08 16:09:22,500 - DEBUG - 局部搜索未能改进当前解
2025-04-08 16:09:22,503 - DEBUG - 执行AGV分配局部搜索，当前完工时间: 1802.00
2025-04-08 16:09:22,507 - DEBUG - AGV分配局部搜索成功！完工时间从 1802.00 降低到 1799.00，改进: 3.00 (0.17%)
2025-04-08 16:09:22,512 - DEBUG - 执行AGV分配局部搜索，当前完工时间: 1845.00
2025-04-08 16:09:22,514 - DEBUG - AGV分配局部搜索成功！完工时间从 1845.00 降低到 1836.00，改进: 9.00 (0.49%)
2025-04-08 16:09:22,519 - DEBUG - 执行AGV分配局部搜索，当前完工时间: 1694.00
2025-04-08 16:09:22,522 - DEBUG - 局部搜索未能改进当前解
2025-04-08 16:09:22,526 - DEBUG - 执行AGV分配局部搜索，当前完工时间: 1689.00
2025-04-08 16:09:22,529 - DEBUG - 局部搜索未能改进当前解
2025-04-08 16:09:22,534 - DEBUG - 执行AGV分配局部搜索，当前完工时间: 1826.00
2025-04-08 16:09:22,537 - DEBUG - 局部搜索未能改进当前解
2025-04-08 16:09:22,541 - DEBUG - 执行AGV分配局部搜索，当前完工时间: 1762.00
2025-04-08 16:09:22,545 - DEBUG - 局部搜索未能改进当前解
2025-04-08 16:09:22,549 - DEBUG - 执行AGV分配局部搜索，当前完工时间: 1674.00
2025-04-08 16:09:22,553 - DEBUG - 局部搜索未能改进当前解
2025-04-08 16:09:22,557 - DEBUG - 执行AGV分配局部搜索，当前完工时间: 1732.00
2025-04-08 16:09:22,561 - DEBUG - 局部搜索未能改进当前解
2025-04-08 16:09:22,564 - DEBUG - 执行AGV分配局部搜索，当前完工时间: 1655.00
2025-04-08 16:09:22,569 - DEBUG - 局部搜索未能改进当前解
2025-04-08 16:09:22,573 - DEBUG - 执行AGV分配局部搜索，当前完工时间: 1722.00
2025-04-08 16:09:22,576 - DEBUG - 局部搜索未能改进当前解
2025-04-08 16:09:22,580 - DEBUG - 执行AGV分配局部搜索，当前完工时间: 1697.00
2025-04-08 16:09:22,583 - DEBUG - 局部搜索未能改进当前解
2025-04-08 16:09:22,586 - DEBUG - 执行AGV分配局部搜索，当前完工时间: 1765.00
2025-04-08 16:09:22,591 - DEBUG - AGV分配局部搜索成功！完工时间从 1765.00 降低到 1734.00，改进: 31.00 (1.76%)
2025-04-08 16:09:22,595 - DEBUG - 执行AGV分配局部搜索，当前完工时间: 1826.00
2025-04-08 16:09:22,598 - DEBUG - 局部搜索未能改进当前解
2025-04-08 16:09:22,602 - DEBUG - 执行AGV分配局部搜索，当前完工时间: 1719.00
2025-04-08 16:09:22,606 - DEBUG - 局部搜索未能改进当前解
2025-04-08 16:09:22,609 - DEBUG - 执行AGV分配局部搜索，当前完工时间: 1755.00
2025-04-08 16:09:22,613 - DEBUG - 局部搜索未能改进当前解
2025-04-08 16:09:22,617 - DEBUG - 执行AGV分配局部搜索，当前完工时间: 1746.00
2025-04-08 16:09:22,621 - DEBUG - 局部搜索未能改进当前解
2025-04-08 16:09:22,624 - DEBUG - 执行AGV分配局部搜索，当前完工时间: 1861.00
2025-04-08 16:09:22,628 - DEBUG - 局部搜索未能改进当前解
2025-04-08 16:09:22,632 - DEBUG - 执行AGV分配局部搜索，当前完工时间: 1702.00
2025-04-08 16:09:22,636 - DEBUG - 局部搜索未能改进当前解
2025-04-08 16:09:22,639 - DEBUG - 执行AGV分配局部搜索，当前完工时间: 1732.00
2025-04-08 16:09:22,642 - DEBUG - 局部搜索未能改进当前解
2025-04-08 16:09:22,647 - DEBUG - 执行AGV分配局部搜索，当前完工时间: 1920.00
2025-04-08 16:09:22,651 - DEBUG - AGV分配局部搜索成功！完工时间从 1920.00 降低到 1905.00，改进: 15.00 (0.78%)
2025-04-08 16:09:22,655 - DEBUG - 执行AGV分配局部搜索，当前完工时间: 1761.00
2025-04-08 16:09:22,658 - DEBUG - 局部搜索未能改进当前解
2025-04-08 16:09:22,662 - DEBUG - 执行AGV分配局部搜索，当前完工时间: 1696.00
2025-04-08 16:09:22,665 - DEBUG - 局部搜索未能改进当前解
2025-04-08 16:09:22,669 - DEBUG - 执行AGV分配局部搜索，当前完工时间: 1777.00
2025-04-08 16:09:22,673 - DEBUG - 局部搜索未能改进当前解
2025-04-08 16:09:22,677 - DEBUG - 执行AGV分配局部搜索，当前完工时间: 1721.00
2025-04-08 16:09:22,680 - DEBUG - 局部搜索未能改进当前解
2025-04-08 16:09:22,684 - DEBUG - 执行AGV分配局部搜索，当前完工时间: 1721.00
2025-04-08 16:09:22,687 - DEBUG - 局部搜索未能改进当前解
2025-04-08 16:09:22,691 - DEBUG - 执行AGV分配局部搜索，当前完工时间: 1767.00
2025-04-08 16:09:22,695 - DEBUG - 局部搜索未能改进当前解
2025-04-08 16:09:22,699 - DEBUG - 执行AGV分配局部搜索，当前完工时间: 1737.00
2025-04-08 16:09:22,703 - DEBUG - 局部搜索未能改进当前解
2025-04-08 16:09:22,706 - DEBUG - 执行AGV分配局部搜索，当前完工时间: 1741.00
2025-04-08 16:09:22,710 - DEBUG - 局部搜索未能改进当前解
2025-04-08 16:09:22,713 - DEBUG - 执行AGV分配局部搜索，当前完工时间: 1756.00
2025-04-08 16:09:22,716 - DEBUG - 局部搜索未能改进当前解
2025-04-08 16:09:22,720 - DEBUG - 执行AGV分配局部搜索，当前完工时间: 1706.00
2025-04-08 16:09:22,724 - DEBUG - 局部搜索未能改进当前解
2025-04-08 16:09:22,728 - DEBUG - 执行AGV分配局部搜索，当前完工时间: 1726.00
2025-04-08 16:09:22,732 - DEBUG - 局部搜索未能改进当前解
2025-04-08 16:09:22,735 - DEBUG - 执行AGV分配局部搜索，当前完工时间: 1762.00
2025-04-08 16:09:22,739 - DEBUG - 局部搜索未能改进当前解
2025-04-08 16:09:22,742 - DEBUG - 执行AGV分配局部搜索，当前完工时间: 1820.00
2025-04-08 16:09:22,746 - DEBUG - 局部搜索未能改进当前解
2025-04-08 16:09:22,750 - DEBUG - 执行AGV分配局部搜索，当前完工时间: 1718.00
2025-04-08 16:09:22,753 - DEBUG - 局部搜索未能改进当前解
2025-04-08 16:09:22,757 - DEBUG - 执行AGV分配局部搜索，当前完工时间: 1709.00
2025-04-08 16:09:22,761 - DEBUG - 局部搜索未能改进当前解
2025-04-08 16:09:22,765 - DEBUG - 执行AGV分配局部搜索，当前完工时间: 1747.00
2025-04-08 16:09:22,768 - DEBUG - 局部搜索未能改进当前解
2025-04-08 16:09:22,770 - DEBUG - 执行AGV分配局部搜索，当前完工时间: 1777.00
2025-04-08 16:09:22,775 - DEBUG - 局部搜索未能改进当前解
2025-04-08 16:09:22,779 - DEBUG - 执行AGV分配局部搜索，当前完工时间: 1729.00
2025-04-08 16:09:22,782 - DEBUG - 局部搜索未能改进当前解
2025-04-08 16:09:22,786 - DEBUG - 执行AGV分配局部搜索，当前完工时间: 1706.00
2025-04-08 16:09:22,790 - DEBUG - 局部搜索未能改进当前解
2025-04-08 16:09:22,793 - DEBUG - 执行AGV分配局部搜索，当前完工时间: 1727.00
2025-04-08 16:09:22,797 - DEBUG - 局部搜索未能改进当前解
2025-04-08 16:09:22,800 - DEBUG - 执行AGV分配局部搜索，当前完工时间: 1737.00
2025-04-08 16:09:22,805 - DEBUG - AGV分配局部搜索成功！完工时间从 1737.00 降低到 1735.00，改进: 2.00 (0.12%)
2025-04-08 16:09:22,809 - DEBUG - 执行AGV分配局部搜索，当前完工时间: 1829.00
2025-04-08 16:09:22,812 - DEBUG - 局部搜索未能改进当前解
2025-04-08 16:09:22,817 - DEBUG - 执行AGV分配局部搜索，当前完工时间: 1737.00
2025-04-08 16:09:22,820 - DEBUG - 局部搜索未能改进当前解
2025-04-08 16:09:22,825 - DEBUG - 执行AGV分配局部搜索，当前完工时间: 1678.00
2025-04-08 16:09:22,828 - DEBUG - 局部搜索未能改进当前解
2025-04-08 16:09:22,832 - DEBUG - 执行AGV分配局部搜索，当前完工时间: 1793.00
2025-04-08 16:09:22,835 - DEBUG - AGV分配局部搜索成功！完工时间从 1793.00 降低到 1707.00，改进: 86.00 (4.80%)
2025-04-08 16:09:22,839 - DEBUG - 执行AGV分配局部搜索，当前完工时间: 1777.00
2025-04-08 16:09:22,843 - DEBUG - 局部搜索未能改进当前解
2025-04-08 16:09:22,847 - DEBUG - 执行AGV分配局部搜索，当前完工时间: 1711.00
2025-04-08 16:09:22,850 - DEBUG - 局部搜索未能改进当前解
2025-04-08 16:09:22,854 - DEBUG - 执行AGV分配局部搜索，当前完工时间: 1851.00
2025-04-08 16:09:22,858 - DEBUG - 局部搜索未能改进当前解
2025-04-08 16:09:22,862 - DEBUG - 执行AGV分配局部搜索，当前完工时间: 1840.00
2025-04-08 16:09:22,865 - DEBUG - 局部搜索未能改进当前解
2025-04-08 16:09:22,869 - DEBUG - 执行AGV分配局部搜索，当前完工时间: 1730.00
2025-04-08 16:09:22,872 - DEBUG - 局部搜索未能改进当前解
2025-04-08 16:09:22,876 - DEBUG - 执行AGV分配局部搜索，当前完工时间: 1736.00
2025-04-08 16:09:22,880 - DEBUG - 局部搜索未能改进当前解
2025-04-08 16:09:22,883 - DEBUG - 执行AGV分配局部搜索，当前完工时间: 1707.00
2025-04-08 16:09:22,887 - DEBUG - 局部搜索未能改进当前解
2025-04-08 16:09:22,892 - DEBUG - 执行AGV分配局部搜索，当前完工时间: 1729.00
2025-04-08 16:09:22,895 - DEBUG - 局部搜索未能改进当前解
2025-04-08 16:09:22,899 - DEBUG - 执行AGV分配局部搜索，当前完工时间: 1801.00
2025-04-08 16:09:22,903 - DEBUG - 局部搜索未能改进当前解
2025-04-08 16:09:22,907 - DEBUG - 执行AGV分配局部搜索，当前完工时间: 1775.00
2025-04-08 16:09:22,910 - DEBUG - 局部搜索未能改进当前解
2025-04-08 16:09:22,915 - DEBUG - 执行AGV分配局部搜索，当前完工时间: 1775.00
2025-04-08 16:09:22,919 - DEBUG - AGV分配局部搜索成功！完工时间从 1775.00 降低到 1773.00，改进: 2.00 (0.11%)
2025-04-08 16:09:22,923 - DEBUG - 执行AGV分配局部搜索，当前完工时间: 1740.00
2025-04-08 16:09:22,926 - DEBUG - 局部搜索未能改进当前解
2025-04-08 16:09:22,929 - DEBUG - 执行AGV分配局部搜索，当前完工时间: 1717.00
2025-04-08 16:09:22,933 - DEBUG - 局部搜索未能改进当前解
2025-04-08 16:09:22,937 - DEBUG - 执行AGV分配局部搜索，当前完工时间: 1750.00
2025-04-08 16:09:22,941 - DEBUG - 局部搜索未能改进当前解
2025-04-08 16:09:22,944 - DEBUG - 执行AGV分配局部搜索，当前完工时间: 1747.00
2025-04-08 16:09:22,948 - DEBUG - 局部搜索未能改进当前解
2025-04-08 16:09:22,952 - DEBUG - 执行AGV分配局部搜索，当前完工时间: 1698.00
2025-04-08 16:09:22,955 - DEBUG - 局部搜索未能改进当前解
2025-04-08 16:09:22,959 - DEBUG - 执行AGV分配局部搜索，当前完工时间: 1755.00
2025-04-08 16:09:22,962 - DEBUG - 局部搜索未能改进当前解
2025-04-08 16:09:22,966 - DEBUG - 执行AGV分配局部搜索，当前完工时间: 1831.00
2025-04-08 16:09:22,970 - DEBUG - 局部搜索未能改进当前解
2025-04-08 16:09:22,974 - DEBUG - 执行AGV分配局部搜索，当前完工时间: 1883.00
2025-04-08 16:09:22,976 - DEBUG - 局部搜索未能改进当前解
2025-04-08 16:09:22,981 - DEBUG - 执行AGV分配局部搜索，当前完工时间: 1703.00
2025-04-08 16:09:22,984 - DEBUG - 局部搜索未能改进当前解
2025-04-08 16:09:22,988 - DEBUG - 执行AGV分配局部搜索，当前完工时间: 1772.00
2025-04-08 16:09:22,993 - DEBUG - 局部搜索未能改进当前解
2025-04-08 16:09:22,996 - DEBUG - 执行AGV分配局部搜索，当前完工时间: 1673.00
2025-04-08 16:09:23,000 - DEBUG - 局部搜索未能改进当前解
2025-04-08 16:09:23,004 - DEBUG - 执行AGV分配局部搜索，当前完工时间: 1672.00
2025-04-08 16:09:23,007 - DEBUG - 局部搜索未能改进当前解
2025-04-08 16:09:23,010 - DEBUG - 执行AGV分配局部搜索，当前完工时间: 1754.00
2025-04-08 16:09:23,015 - DEBUG - 局部搜索未能改进当前解
2025-04-08 16:09:23,018 - DEBUG - 执行AGV分配局部搜索，当前完工时间: 1784.00
2025-04-08 16:09:23,022 - DEBUG - 局部搜索未能改进当前解
2025-04-08 16:09:23,025 - DEBUG - 执行AGV分配局部搜索，当前完工时间: 1767.00
2025-04-08 16:09:23,029 - DEBUG - 局部搜索未能改进当前解
2025-04-08 16:09:23,033 - DEBUG - 执行AGV分配局部搜索，当前完工时间: 1863.00
2025-04-08 16:09:23,036 - DEBUG - 局部搜索未能改进当前解
2025-04-08 16:09:23,040 - DEBUG - 执行AGV分配局部搜索，当前完工时间: 1722.00
2025-04-08 16:09:23,044 - DEBUG - 局部搜索未能改进当前解
2025-04-08 16:09:23,048 - DEBUG - 执行AGV分配局部搜索，当前完工时间: 1773.00
2025-04-08 16:09:23,052 - DEBUG - 局部搜索未能改进当前解
2025-04-08 16:09:23,055 - DEBUG - 执行AGV分配局部搜索，当前完工时间: 1699.00
2025-04-08 16:09:23,059 - DEBUG - 局部搜索未能改进当前解
2025-04-08 16:09:23,063 - DEBUG - 执行AGV分配局部搜索，当前完工时间: 1740.00
2025-04-08 16:09:23,066 - DEBUG - 局部搜索未能改进当前解
2025-04-08 16:09:23,070 - DEBUG - 执行AGV分配局部搜索，当前完工时间: 1746.00
2025-04-08 16:09:23,074 - DEBUG - AGV分配局部搜索成功！完工时间从 1746.00 降低到 1730.00，改进: 16.00 (0.92%)
2025-04-08 16:09:23,079 - DEBUG - 执行AGV分配局部搜索，当前完工时间: 1814.00
2025-04-08 16:09:23,082 - DEBUG - 局部搜索未能改进当前解
2025-04-08 16:09:23,085 - DEBUG - 执行AGV分配局部搜索，当前完工时间: 1729.00
2025-04-08 16:09:23,089 - DEBUG - 局部搜索未能改进当前解
2025-04-08 16:09:23,092 - DEBUG - 执行AGV分配局部搜索，当前完工时间: 1727.00
2025-04-08 16:09:23,095 - DEBUG - 局部搜索未能改进当前解
2025-04-08 16:09:23,098 - DEBUG - 执行AGV分配局部搜索，当前完工时间: 1811.00
2025-04-08 16:09:23,103 - DEBUG - 局部搜索未能改进当前解
2025-04-08 16:09:23,107 - DEBUG - 执行AGV分配局部搜索，当前完工时间: 1679.00
2025-04-08 16:09:23,111 - DEBUG - 局部搜索未能改进当前解
2025-04-08 16:09:23,114 - DEBUG - 执行AGV分配局部搜索，当前完工时间: 1906.00
2025-04-08 16:09:23,118 - DEBUG - 局部搜索未能改进当前解
2025-04-08 16:09:23,122 - DEBUG - 执行AGV分配局部搜索，当前完工时间: 1727.00
2025-04-08 16:09:23,126 - DEBUG - 局部搜索未能改进当前解
2025-04-08 16:09:23,130 - DEBUG - 执行AGV分配局部搜索，当前完工时间: 1842.00
2025-04-08 16:09:23,134 - DEBUG - 局部搜索未能改进当前解
2025-04-08 16:09:23,138 - DEBUG - 执行AGV分配局部搜索，当前完工时间: 1730.00
2025-04-08 16:09:23,143 - DEBUG - 局部搜索未能改进当前解
2025-04-08 16:09:23,147 - DEBUG - 执行AGV分配局部搜索，当前完工时间: 1859.00
2025-04-08 16:09:23,152 - DEBUG - AGV分配局部搜索成功！完工时间从 1859.00 降低到 1831.00，改进: 28.00 (1.51%)
2025-04-08 16:09:23,152 - DEBUG - ==================================================
2025-04-08 16:09:23,152 - DEBUG - Efficiency Statistics of Local Search :
2025-04-08 16:09:23,152 - DEBUG - Number of attempts: 99
2025-04-08 16:09:23,152 - DEBUG - Average Success Rate: 9.09%
2025-04-08 16:09:23,152 - DEBUG - AGV Local Search Success: 9，Average Improvement: 21.33
2025-04-08 16:09:23,157 - DEBUG - 执行AGV分配局部搜索，当前完工时间: 1748.00
2025-04-08 16:09:23,162 - DEBUG - 局部搜索未能改进当前解
2025-04-08 16:09:23,166 - DEBUG - 执行AGV分配局部搜索，当前完工时间: 1810.00
2025-04-08 16:09:23,169 - DEBUG - AGV分配局部搜索成功！完工时间从 1810.00 降低到 1791.00，改进: 19.00 (1.05%)
2025-04-08 16:09:23,173 - DEBUG - 执行AGV分配局部搜索，当前完工时间: 1705.00
2025-04-08 16:09:23,177 - DEBUG - 局部搜索未能改进当前解
2025-04-08 16:09:23,181 - DEBUG - 执行AGV分配局部搜索，当前完工时间: 1689.00
2025-04-08 16:09:23,185 - DEBUG - 局部搜索未能改进当前解
2025-04-08 16:09:23,188 - DEBUG - 执行AGV分配局部搜索，当前完工时间: 1694.00
2025-04-08 16:09:23,192 - DEBUG - 局部搜索未能改进当前解
2025-04-08 16:09:23,197 - DEBUG - 执行AGV分配局部搜索，当前完工时间: 1718.00
2025-04-08 16:09:23,202 - DEBUG - AGV分配局部搜索成功！完工时间从 1718.00 降低到 1712.00，改进: 6.00 (0.35%)
2025-04-08 16:09:23,206 - DEBUG - 执行AGV分配局部搜索，当前完工时间: 1735.00
2025-04-08 16:09:23,209 - DEBUG - AGV分配局部搜索成功！完工时间从 1735.00 降低到 1687.00，改进: 48.00 (2.77%)
2025-04-08 16:09:23,214 - DEBUG - 执行AGV分配局部搜索，当前完工时间: 1929.00
2025-04-08 16:09:23,218 - DEBUG - 局部搜索未能改进当前解
2025-04-08 16:09:23,222 - DEBUG - 执行AGV分配局部搜索，当前完工时间: 1678.00
2025-04-08 16:09:23,226 - DEBUG - 局部搜索未能改进当前解
2025-04-08 16:09:23,230 - DEBUG - 执行AGV分配局部搜索，当前完工时间: 1739.00
2025-04-08 16:09:23,234 - DEBUG - 局部搜索未能改进当前解
2025-04-08 16:09:23,239 - DEBUG - 执行AGV分配局部搜索，当前完工时间: 1810.00
2025-04-08 16:09:23,243 - DEBUG - 局部搜索未能改进当前解
2025-04-08 16:09:23,246 - DEBUG - 执行AGV分配局部搜索，当前完工时间: 1740.00
2025-04-08 16:09:23,249 - DEBUG - AGV分配局部搜索成功！完工时间从 1740.00 降低到 1660.00，改进: 80.00 (4.60%)
2025-04-08 16:09:23,254 - DEBUG - 执行AGV分配局部搜索，当前完工时间: 1759.00
2025-04-08 16:09:23,257 - DEBUG - 局部搜索未能改进当前解
2025-04-08 16:09:23,261 - DEBUG - 执行AGV分配局部搜索，当前完工时间: 1743.00
2025-04-08 16:09:23,265 - DEBUG - AGV分配局部搜索成功！完工时间从 1743.00 降低到 1724.00，改进: 19.00 (1.09%)
2025-04-08 16:09:23,269 - DEBUG - 执行AGV分配局部搜索，当前完工时间: 1773.00
2025-04-08 16:09:23,273 - DEBUG - 局部搜索未能改进当前解
2025-04-08 16:09:23,276 - DEBUG - 执行AGV分配局部搜索，当前完工时间: 1811.00
2025-04-08 16:09:23,280 - DEBUG - 局部搜索未能改进当前解
2025-04-08 16:09:23,283 - DEBUG - 执行AGV分配局部搜索，当前完工时间: 1731.00
2025-04-08 16:09:23,287 - DEBUG - 局部搜索未能改进当前解
2025-04-08 16:09:23,292 - DEBUG - 执行AGV分配局部搜索，当前完工时间: 1801.00
2025-04-08 16:09:23,295 - DEBUG - 局部搜索未能改进当前解
2025-04-08 16:09:23,299 - DEBUG - 执行AGV分配局部搜索，当前完工时间: 1762.00
2025-04-08 16:09:23,302 - DEBUG - 局部搜索未能改进当前解
2025-04-08 16:09:23,306 - DEBUG - 执行AGV分配局部搜索，当前完工时间: 1747.00
2025-04-08 16:09:23,310 - DEBUG - 局部搜索未能改进当前解
2025-04-08 16:09:23,313 - DEBUG - 执行AGV分配局部搜索，当前完工时间: 1723.00
2025-04-08 16:09:23,316 - DEBUG - 局部搜索未能改进当前解
2025-04-08 16:09:23,320 - DEBUG - 执行AGV分配局部搜索，当前完工时间: 1716.00
2025-04-08 16:09:23,324 - DEBUG - 局部搜索未能改进当前解
2025-04-08 16:09:23,328 - DEBUG - 执行AGV分配局部搜索，当前完工时间: 1767.00
2025-04-08 16:09:23,332 - DEBUG - AGV分配局部搜索成功！完工时间从 1767.00 降低到 1754.00，改进: 13.00 (0.74%)
2025-04-08 16:09:23,335 - DEBUG - 执行AGV分配局部搜索，当前完工时间: 1770.00
2025-04-08 16:09:23,339 - DEBUG - 局部搜索未能改进当前解
2025-04-08 16:09:23,343 - DEBUG - 执行AGV分配局部搜索，当前完工时间: 1774.00
2025-04-08 16:09:23,346 - DEBUG - AGV分配局部搜索成功！完工时间从 1774.00 降低到 1761.00，改进: 13.00 (0.73%)
2025-04-08 16:09:23,350 - DEBUG - 执行AGV分配局部搜索，当前完工时间: 1752.00
2025-04-08 16:09:23,353 - DEBUG - 局部搜索未能改进当前解
2025-04-08 16:09:23,357 - DEBUG - 执行AGV分配局部搜索，当前完工时间: 1804.00
2025-04-08 16:09:23,360 - DEBUG - AGV分配局部搜索成功！完工时间从 1804.00 降低到 1792.00，改进: 12.00 (0.67%)
2025-04-08 16:09:23,364 - DEBUG - 执行AGV分配局部搜索，当前完工时间: 1835.00
2025-04-08 16:09:23,368 - DEBUG - 局部搜索未能改进当前解
2025-04-08 16:09:23,372 - DEBUG - 执行AGV分配局部搜索，当前完工时间: 1706.00
2025-04-08 16:09:23,375 - DEBUG - AGV分配局部搜索成功！完工时间从 1706.00 降低到 1697.00，改进: 9.00 (0.53%)
2025-04-08 16:09:23,379 - DEBUG - 执行AGV分配局部搜索，当前完工时间: 1811.00
2025-04-08 16:09:23,382 - DEBUG - 局部搜索未能改进当前解
2025-04-08 16:09:23,386 - DEBUG - 执行AGV分配局部搜索，当前完工时间: 1737.00
2025-04-08 16:09:23,389 - DEBUG - 局部搜索未能改进当前解
2025-04-08 16:09:23,392 - DEBUG - 执行AGV分配局部搜索，当前完工时间: 1723.00
2025-04-08 16:09:23,397 - DEBUG - 局部搜索未能改进当前解
2025-04-08 16:09:23,401 - DEBUG - 执行AGV分配局部搜索，当前完工时间: 1732.00
2025-04-08 16:09:23,404 - DEBUG - AGV分配局部搜索成功！完工时间从 1732.00 降低到 1723.00，改进: 9.00 (0.52%)
2025-04-08 16:09:23,408 - DEBUG - 执行AGV分配局部搜索，当前完工时间: 1729.00
2025-04-08 16:09:23,410 - DEBUG - 局部搜索未能改进当前解
2025-04-08 16:09:23,414 - DEBUG - 执行AGV分配局部搜索，当前完工时间: 1753.00
2025-04-08 16:09:23,419 - DEBUG - 局部搜索未能改进当前解
2025-04-08 16:09:23,422 - DEBUG - 执行AGV分配局部搜索，当前完工时间: 1783.00
2025-04-08 16:09:23,426 - DEBUG - 局部搜索未能改进当前解
2025-04-08 16:09:23,430 - DEBUG - 执行AGV分配局部搜索，当前完工时间: 1730.00
2025-04-08 16:09:23,434 - DEBUG - 局部搜索未能改进当前解
2025-04-08 16:09:23,437 - DEBUG - 执行AGV分配局部搜索，当前完工时间: 1678.00
2025-04-08 16:09:23,441 - DEBUG - 局部搜索未能改进当前解
2025-04-08 16:09:23,445 - DEBUG - 执行AGV分配局部搜索，当前完工时间: 1751.00
2025-04-08 16:09:23,448 - DEBUG - 局部搜索未能改进当前解
2025-04-08 16:09:23,451 - DEBUG - 执行AGV分配局部搜索，当前完工时间: 1673.00
2025-04-08 16:09:23,455 - DEBUG - 局部搜索未能改进当前解
2025-04-08 16:09:23,459 - DEBUG - 执行AGV分配局部搜索，当前完工时间: 1677.00
2025-04-08 16:09:23,462 - DEBUG - 局部搜索未能改进当前解
2025-04-08 16:09:23,466 - DEBUG - 执行AGV分配局部搜索，当前完工时间: 1665.00
2025-04-08 16:09:23,471 - DEBUG - 局部搜索未能改进当前解
2025-04-08 16:09:23,474 - DEBUG - 执行AGV分配局部搜索，当前完工时间: 1782.00
2025-04-08 16:09:23,478 - DEBUG - AGV分配局部搜索成功！完工时间从 1782.00 降低到 1772.00，改进: 10.00 (0.56%)
2025-04-08 16:09:23,482 - DEBUG - 执行AGV分配局部搜索，当前完工时间: 1780.00
2025-04-08 16:09:23,486 - DEBUG - 局部搜索未能改进当前解
2025-04-08 16:09:23,490 - DEBUG - 执行AGV分配局部搜索，当前完工时间: 1746.00
2025-04-08 16:09:23,492 - DEBUG - 局部搜索未能改进当前解
2025-04-08 16:09:23,497 - DEBUG - 执行AGV分配局部搜索，当前完工时间: 1662.00
2025-04-08 16:09:23,501 - DEBUG - 局部搜索未能改进当前解
2025-04-08 16:09:23,504 - DEBUG - 执行AGV分配局部搜索，当前完工时间: 1781.00
2025-04-08 16:09:23,507 - DEBUG - 局部搜索未能改进当前解
2025-04-08 16:09:23,511 - DEBUG - 执行AGV分配局部搜索，当前完工时间: 1755.00
2025-04-08 16:09:23,514 - DEBUG - 局部搜索未能改进当前解
2025-04-08 16:09:23,519 - DEBUG - 执行AGV分配局部搜索，当前完工时间: 1763.00
2025-04-08 16:09:23,522 - DEBUG - 局部搜索未能改进当前解
2025-04-08 16:09:23,526 - DEBUG - 执行AGV分配局部搜索，当前完工时间: 1769.00
2025-04-08 16:09:23,530 - DEBUG - AGV分配局部搜索成功！完工时间从 1769.00 降低到 1759.00，改进: 10.00 (0.57%)
2025-04-08 16:09:23,533 - DEBUG - 执行AGV分配局部搜索，当前完工时间: 1754.00
2025-04-08 16:09:23,537 - DEBUG - 局部搜索未能改进当前解
2025-04-08 16:09:23,541 - DEBUG - 执行AGV分配局部搜索，当前完工时间: 1655.00
2025-04-08 16:09:23,544 - DEBUG - 局部搜索未能改进当前解
2025-04-08 16:09:23,549 - DEBUG - 执行AGV分配局部搜索，当前完工时间: 1886.00
2025-04-08 16:09:23,552 - DEBUG - 局部搜索未能改进当前解
2025-04-08 16:09:23,555 - DEBUG - 执行AGV分配局部搜索，当前完工时间: 1673.00
2025-04-08 16:09:23,559 - DEBUG - 局部搜索未能改进当前解
2025-04-08 16:09:23,563 - DEBUG - 执行AGV分配局部搜索，当前完工时间: 1681.00
2025-04-08 16:09:23,566 - DEBUG - 局部搜索未能改进当前解
2025-04-08 16:09:23,570 - DEBUG - 执行AGV分配局部搜索，当前完工时间: 1755.00
2025-04-08 16:09:23,574 - DEBUG - 局部搜索未能改进当前解
2025-04-08 16:09:23,576 - DEBUG - 执行AGV分配局部搜索，当前完工时间: 1788.00
2025-04-08 16:09:23,580 - DEBUG - 局部搜索未能改进当前解
2025-04-08 16:09:23,584 - DEBUG - 执行AGV分配局部搜索，当前完工时间: 1767.00
2025-04-08 16:09:23,588 - DEBUG - 局部搜索未能改进当前解
2025-04-08 16:09:23,592 - DEBUG - 执行AGV分配局部搜索，当前完工时间: 1784.00
2025-04-08 16:09:23,595 - DEBUG - 局部搜索未能改进当前解
2025-04-08 16:09:23,600 - DEBUG - 执行AGV分配局部搜索，当前完工时间: 1747.00
2025-04-08 16:09:23,603 - DEBUG - 局部搜索未能改进当前解
2025-04-08 16:09:23,607 - DEBUG - 执行AGV分配局部搜索，当前完工时间: 1856.00
2025-04-08 16:09:23,611 - DEBUG - 局部搜索未能改进当前解
2025-04-08 16:09:23,614 - DEBUG - 执行AGV分配局部搜索，当前完工时间: 1735.00
2025-04-08 16:09:23,619 - DEBUG - 局部搜索未能改进当前解
2025-04-08 16:09:23,622 - DEBUG - 执行AGV分配局部搜索，当前完工时间: 1702.00
2025-04-08 16:09:23,625 - DEBUG - 局部搜索未能改进当前解
2025-04-08 16:09:23,630 - DEBUG - 执行AGV分配局部搜索，当前完工时间: 1734.00
2025-04-08 16:09:23,633 - DEBUG - 局部搜索未能改进当前解
2025-04-08 16:09:23,637 - DEBUG - 执行AGV分配局部搜索，当前完工时间: 1746.00
2025-04-08 16:09:23,641 - DEBUG - AGV分配局部搜索成功！完工时间从 1746.00 降低到 1729.00，改进: 17.00 (0.97%)
2025-04-08 16:09:23,644 - DEBUG - 执行AGV分配局部搜索，当前完工时间: 1732.00
2025-04-08 16:09:23,647 - DEBUG - 局部搜索未能改进当前解
2025-04-08 16:09:23,651 - DEBUG - 执行AGV分配局部搜索，当前完工时间: 1712.00
2025-04-08 16:09:23,654 - DEBUG - 局部搜索未能改进当前解
2025-04-08 16:09:23,658 - DEBUG - 执行AGV分配局部搜索，当前完工时间: 1715.00
2025-04-08 16:09:23,662 - DEBUG - 局部搜索未能改进当前解
2025-04-08 16:09:23,665 - DEBUG - 执行AGV分配局部搜索，当前完工时间: 1729.00
2025-04-08 16:09:23,669 - DEBUG - AGV分配局部搜索成功！完工时间从 1729.00 降低到 1726.00，改进: 3.00 (0.17%)
2025-04-08 16:09:23,673 - DEBUG - 执行AGV分配局部搜索，当前完工时间: 1740.00
2025-04-08 16:09:23,676 - DEBUG - 局部搜索未能改进当前解
2025-04-08 16:09:23,679 - DEBUG - 执行AGV分配局部搜索，当前完工时间: 1755.00
2025-04-08 16:09:23,684 - DEBUG - 局部搜索未能改进当前解
2025-04-08 16:09:23,687 - DEBUG - 执行AGV分配局部搜索，当前完工时间: 1721.00
2025-04-08 16:09:23,691 - DEBUG - 局部搜索未能改进当前解
2025-04-08 16:09:23,694 - DEBUG - 执行AGV分配局部搜索，当前完工时间: 1655.00
2025-04-08 16:09:23,698 - DEBUG - 局部搜索未能改进当前解
2025-04-08 16:09:23,701 - DEBUG - 执行AGV分配局部搜索，当前完工时间: 1695.00
2025-04-08 16:09:23,706 - DEBUG - 局部搜索未能改进当前解
2025-04-08 16:09:23,709 - DEBUG - 执行AGV分配局部搜索，当前完工时间: 1749.00
2025-04-08 16:09:23,712 - DEBUG - 局部搜索未能改进当前解
2025-04-08 16:09:23,715 - DEBUG - 执行AGV分配局部搜索，当前完工时间: 1800.00
2025-04-08 16:09:23,720 - DEBUG - 局部搜索未能改进当前解
2025-04-08 16:09:23,724 - DEBUG - 执行AGV分配局部搜索，当前完工时间: 1761.00
2025-04-08 16:09:23,728 - DEBUG - 局部搜索未能改进当前解
2025-04-08 16:09:23,731 - DEBUG - 执行AGV分配局部搜索，当前完工时间: 1697.00
2025-04-08 16:09:23,734 - DEBUG - 局部搜索未能改进当前解
2025-04-08 16:09:23,738 - DEBUG - 执行AGV分配局部搜索，当前完工时间: 1704.00
2025-04-08 16:09:23,742 - DEBUG - 局部搜索未能改进当前解
2025-04-08 16:09:23,746 - DEBUG - 执行AGV分配局部搜索，当前完工时间: 1807.00
2025-04-08 16:09:23,751 - DEBUG - 局部搜索未能改进当前解
2025-04-08 16:09:23,754 - DEBUG - 执行AGV分配局部搜索，当前完工时间: 1741.00
2025-04-08 16:09:23,757 - DEBUG - 局部搜索未能改进当前解
2025-04-08 16:09:23,762 - DEBUG - 执行AGV分配局部搜索，当前完工时间: 1744.00
2025-04-08 16:09:23,765 - DEBUG - 局部搜索未能改进当前解
2025-04-08 16:09:23,769 - DEBUG - 执行AGV分配局部搜索，当前完工时间: 1709.00
2025-04-08 16:09:23,772 - DEBUG - AGV分配局部搜索成功！完工时间从 1709.00 降低到 1705.00，改进: 4.00 (0.23%)
2025-04-08 16:09:23,777 - DEBUG - 执行AGV分配局部搜索，当前完工时间: 1746.00
2025-04-08 16:09:23,780 - DEBUG - 局部搜索未能改进当前解
2025-04-08 16:09:23,784 - DEBUG - 执行AGV分配局部搜索，当前完工时间: 1699.00
2025-04-08 16:09:23,787 - DEBUG - 局部搜索未能改进当前解
2025-04-08 16:09:23,791 - DEBUG - 执行AGV分配局部搜索，当前完工时间: 1776.00
2025-04-08 16:09:23,795 - DEBUG - 局部搜索未能改进当前解
2025-04-08 16:09:23,799 - DEBUG - 执行AGV分配局部搜索，当前完工时间: 1725.00
2025-04-08 16:09:23,801 - DEBUG - 局部搜索未能改进当前解
2025-04-08 16:09:23,805 - DEBUG - 执行AGV分配局部搜索，当前完工时间: 1723.00
2025-04-08 16:09:23,810 - DEBUG - 局部搜索未能改进当前解
2025-04-08 16:09:23,812 - DEBUG - 执行AGV分配局部搜索，当前完工时间: 1694.00
2025-04-08 16:09:23,816 - DEBUG - 局部搜索未能改进当前解
2025-04-08 16:09:23,820 - DEBUG - 执行AGV分配局部搜索，当前完工时间: 1772.00
2025-04-08 16:09:23,824 - DEBUG - 局部搜索未能改进当前解
2025-04-08 16:09:23,828 - DEBUG - 执行AGV分配局部搜索，当前完工时间: 1795.00
2025-04-08 16:09:23,831 - DEBUG - 局部搜索未能改进当前解
2025-04-08 16:09:23,835 - DEBUG - 执行AGV分配局部搜索，当前完工时间: 1809.00
2025-04-08 16:09:23,839 - DEBUG - 局部搜索未能改进当前解
2025-04-08 16:09:23,843 - DEBUG - 执行AGV分配局部搜索，当前完工时间: 1719.00
2025-04-08 16:09:23,847 - DEBUG - 局部搜索未能改进当前解
2025-04-08 16:09:23,850 - DEBUG - 执行AGV分配局部搜索，当前完工时间: 1703.00
2025-04-08 16:09:23,854 - DEBUG - 局部搜索未能改进当前解
2025-04-08 16:09:23,858 - DEBUG - 执行AGV分配局部搜索，当前完工时间: 1768.00
2025-04-08 16:09:23,862 - DEBUG - 局部搜索未能改进当前解
2025-04-08 16:09:23,865 - DEBUG - 执行AGV分配局部搜索，当前完工时间: 1710.00
2025-04-08 16:09:23,869 - DEBUG - 局部搜索未能改进当前解
2025-04-08 16:09:23,873 - DEBUG - 执行AGV分配局部搜索，当前完工时间: 1741.00
2025-04-08 16:09:23,876 - DEBUG - 局部搜索未能改进当前解
2025-04-08 16:09:23,880 - DEBUG - 执行AGV分配局部搜索，当前完工时间: 1713.00
2025-04-08 16:09:23,883 - DEBUG - 局部搜索未能改进当前解
2025-04-08 16:09:23,887 - DEBUG - 执行AGV分配局部搜索，当前完工时间: 1760.00
2025-04-08 16:09:23,891 - DEBUG - 局部搜索未能改进当前解
2025-04-08 16:09:23,891 - DEBUG - ==================================================
2025-04-08 16:09:23,891 - DEBUG - Efficiency Statistics of Local Search :
2025-04-08 16:09:23,891 - DEBUG - Number of attempts: 99
2025-04-08 16:09:23,891 - DEBUG - Average Success Rate: 15.15%
2025-04-08 16:09:23,891 - DEBUG - AGV Local Search Success: 15，Average Improvement: 18.13
2025-04-08 16:09:23,895 - DEBUG - 执行AGV分配局部搜索，当前完工时间: 1711.00
2025-04-08 16:09:23,898 - DEBUG - 局部搜索未能改进当前解
2025-04-08 16:09:23,902 - DEBUG - 执行AGV分配局部搜索，当前完工时间: 1746.00
2025-04-08 16:09:23,906 - DEBUG - 局部搜索未能改进当前解
2025-04-08 16:09:23,910 - DEBUG - 执行AGV分配局部搜索，当前完工时间: 1673.00
2025-04-08 16:09:23,913 - DEBUG - 局部搜索未能改进当前解
2025-04-08 16:09:23,918 - DEBUG - 执行AGV分配局部搜索，当前完工时间: 1751.00
2025-04-08 16:09:23,922 - DEBUG - 局部搜索未能改进当前解
2025-04-08 16:09:23,925 - DEBUG - 执行AGV分配局部搜索，当前完工时间: 1850.00
2025-04-08 16:09:23,929 - DEBUG - 局部搜索未能改进当前解
2025-04-08 16:09:23,934 - DEBUG - 执行AGV分配局部搜索，当前完工时间: 1712.00
2025-04-08 16:09:23,937 - DEBUG - 局部搜索未能改进当前解
2025-04-08 16:09:23,941 - DEBUG - 执行AGV分配局部搜索，当前完工时间: 1801.00
2025-04-08 16:09:23,945 - DEBUG - 局部搜索未能改进当前解
2025-04-08 16:09:23,948 - DEBUG - 执行AGV分配局部搜索，当前完工时间: 1730.00
2025-04-08 16:09:23,955 - DEBUG - 局部搜索未能改进当前解
2025-04-08 16:09:23,959 - DEBUG - 执行AGV分配局部搜索，当前完工时间: 1821.00
2025-04-08 16:09:23,962 - DEBUG - 局部搜索未能改进当前解
2025-04-08 16:09:23,966 - DEBUG - 执行AGV分配局部搜索，当前完工时间: 1705.00
2025-04-08 16:09:23,970 - DEBUG - 局部搜索未能改进当前解
2025-04-08 16:09:23,974 - DEBUG - 执行AGV分配局部搜索，当前完工时间: 1804.00
2025-04-08 16:09:23,978 - DEBUG - 局部搜索未能改进当前解
2025-04-08 16:09:23,982 - DEBUG - 执行AGV分配局部搜索，当前完工时间: 1704.00
2025-04-08 16:09:23,985 - DEBUG - 局部搜索未能改进当前解
2025-04-08 16:09:23,989 - DEBUG - 执行AGV分配局部搜索，当前完工时间: 1747.00
2025-04-08 16:09:23,993 - DEBUG - 局部搜索未能改进当前解
2025-04-08 16:09:23,997 - DEBUG - 执行AGV分配局部搜索，当前完工时间: 1847.00
2025-04-08 16:09:24,001 - DEBUG - AGV分配局部搜索成功！完工时间从 1847.00 降低到 1840.00，改进: 7.00 (0.38%)
2025-04-08 16:09:24,005 - DEBUG - 执行AGV分配局部搜索，当前完工时间: 1800.00
2025-04-08 16:09:24,009 - DEBUG - 局部搜索未能改进当前解
2025-04-08 16:09:24,012 - DEBUG - 执行AGV分配局部搜索，当前完工时间: 1711.00
2025-04-08 16:09:24,016 - DEBUG - 局部搜索未能改进当前解
2025-04-08 16:09:24,021 - DEBUG - 执行AGV分配局部搜索，当前完工时间: 1698.00
2025-04-08 16:09:24,024 - DEBUG - 局部搜索未能改进当前解
2025-04-08 16:09:24,028 - DEBUG - 执行AGV分配局部搜索，当前完工时间: 1733.00
2025-04-08 16:09:24,032 - DEBUG - 局部搜索未能改进当前解
2025-04-08 16:09:24,035 - DEBUG - 执行AGV分配局部搜索，当前完工时间: 1726.00
2025-04-08 16:09:24,038 - DEBUG - 局部搜索未能改进当前解
2025-04-08 16:09:24,042 - DEBUG - 执行AGV分配局部搜索，当前完工时间: 1678.00
2025-04-08 16:09:24,045 - DEBUG - 局部搜索未能改进当前解
2025-04-08 16:09:24,049 - DEBUG - 执行AGV分配局部搜索，当前完工时间: 1732.00
2025-04-08 16:09:24,052 - DEBUG - 局部搜索未能改进当前解
2025-04-08 16:09:24,057 - DEBUG - 执行AGV分配局部搜索，当前完工时间: 1820.00
2025-04-08 16:09:24,060 - DEBUG - 局部搜索未能改进当前解
2025-04-08 16:09:24,064 - DEBUG - 执行AGV分配局部搜索，当前完工时间: 1801.00
2025-04-08 16:09:24,068 - DEBUG - 局部搜索未能改进当前解
2025-04-08 16:09:24,071 - DEBUG - 执行AGV分配局部搜索，当前完工时间: 1769.00
2025-04-08 16:09:24,075 - DEBUG - 局部搜索未能改进当前解
2025-04-08 16:09:24,079 - DEBUG - 执行AGV分配局部搜索，当前完工时间: 1677.00
2025-04-08 16:09:24,082 - DEBUG - 局部搜索未能改进当前解
2025-04-08 16:09:24,086 - DEBUG - 执行AGV分配局部搜索，当前完工时间: 1677.00
2025-04-08 16:09:24,089 - DEBUG - 局部搜索未能改进当前解
2025-04-08 16:09:24,093 - DEBUG - 执行AGV分配局部搜索，当前完工时间: 1901.00
2025-04-08 16:09:24,096 - DEBUG - 局部搜索未能改进当前解
2025-04-08 16:09:24,100 - DEBUG - 执行AGV分配局部搜索，当前完工时间: 1768.00
2025-04-08 16:09:24,103 - DEBUG - AGV分配局部搜索成功！完工时间从 1768.00 降低到 1707.00，改进: 61.00 (3.45%)
2025-04-08 16:09:24,107 - DEBUG - 执行AGV分配局部搜索，当前完工时间: 1747.00
2025-04-08 16:09:24,111 - DEBUG - 局部搜索未能改进当前解
2025-04-08 16:09:24,114 - DEBUG - 执行AGV分配局部搜索，当前完工时间: 1765.00
2025-04-08 16:09:24,118 - DEBUG - 局部搜索未能改进当前解
2025-04-08 16:09:24,122 - DEBUG - 执行AGV分配局部搜索，当前完工时间: 1749.00
2025-04-08 16:09:24,125 - DEBUG - 局部搜索未能改进当前解
2025-04-08 16:09:24,129 - DEBUG - 执行AGV分配局部搜索，当前完工时间: 1814.00
2025-04-08 16:09:24,133 - DEBUG - 局部搜索未能改进当前解
2025-04-08 16:09:24,137 - DEBUG - 执行AGV分配局部搜索，当前完工时间: 1758.00
2025-04-08 16:09:24,141 - DEBUG - 局部搜索未能改进当前解
2025-04-08 16:09:24,146 - DEBUG - 执行AGV分配局部搜索，当前完工时间: 1823.00
2025-04-08 16:09:24,149 - DEBUG - 局部搜索未能改进当前解
2025-04-08 16:09:24,153 - DEBUG - 执行AGV分配局部搜索，当前完工时间: 1804.00
2025-04-08 16:09:24,157 - DEBUG - 局部搜索未能改进当前解
2025-04-08 16:09:24,162 - DEBUG - 执行AGV分配局部搜索，当前完工时间: 1655.00
2025-04-08 16:09:24,166 - DEBUG - 局部搜索未能改进当前解
2025-04-08 16:09:24,170 - DEBUG - 执行AGV分配局部搜索，当前完工时间: 1733.00
2025-04-08 16:09:24,174 - DEBUG - 局部搜索未能改进当前解
2025-04-08 16:09:24,179 - DEBUG - 执行AGV分配局部搜索，当前完工时间: 1751.00
2025-04-08 16:09:24,183 - DEBUG - AGV分配局部搜索成功！完工时间从 1751.00 降低到 1737.00，改进: 14.00 (0.80%)
2025-04-08 16:09:24,187 - DEBUG - 执行AGV分配局部搜索，当前完工时间: 1710.00
2025-04-08 16:09:24,190 - DEBUG - 局部搜索未能改进当前解
2025-04-08 16:09:24,195 - DEBUG - 执行AGV分配局部搜索，当前完工时间: 1892.00
2025-04-08 16:09:24,198 - DEBUG - 局部搜索未能改进当前解
2025-04-08 16:09:24,202 - DEBUG - 执行AGV分配局部搜索，当前完工时间: 1925.00
2025-04-08 16:09:24,207 - DEBUG - 局部搜索未能改进当前解
2025-04-08 16:09:24,210 - DEBUG - 执行AGV分配局部搜索，当前完工时间: 1863.00
2025-04-08 16:09:24,214 - DEBUG - 局部搜索未能改进当前解
2025-04-08 16:09:24,218 - DEBUG - 执行AGV分配局部搜索，当前完工时间: 1796.00
2025-04-08 16:09:24,222 - DEBUG - 局部搜索未能改进当前解
2025-04-08 16:09:24,226 - DEBUG - 执行AGV分配局部搜索，当前完工时间: 1813.00
2025-04-08 16:09:24,230 - DEBUG - 局部搜索未能改进当前解
2025-04-08 16:09:24,233 - DEBUG - 执行AGV分配局部搜索，当前完工时间: 1748.00
2025-04-08 16:09:24,237 - DEBUG - 局部搜索未能改进当前解
2025-04-08 16:09:24,241 - DEBUG - 执行AGV分配局部搜索，当前完工时间: 1702.00
2025-04-08 16:09:24,244 - DEBUG - 局部搜索未能改进当前解
2025-04-08 16:09:24,248 - DEBUG - 执行AGV分配局部搜索，当前完工时间: 1823.00
2025-04-08 16:09:24,252 - DEBUG - 局部搜索未能改进当前解
2025-04-08 16:09:24,255 - DEBUG - 执行AGV分配局部搜索，当前完工时间: 1690.00
2025-04-08 16:09:24,259 - DEBUG - 局部搜索未能改进当前解
2025-04-08 16:09:24,264 - DEBUG - 执行AGV分配局部搜索，当前完工时间: 1802.00
2025-04-08 16:09:24,266 - DEBUG - 局部搜索未能改进当前解
2025-04-08 16:09:24,270 - DEBUG - 执行AGV分配局部搜索，当前完工时间: 1716.00
2025-04-08 16:09:24,274 - DEBUG - 局部搜索未能改进当前解
2025-04-08 16:09:24,278 - DEBUG - 执行AGV分配局部搜索，当前完工时间: 1734.00
2025-04-08 16:09:24,281 - DEBUG - 局部搜索未能改进当前解
2025-04-08 16:09:24,285 - DEBUG - 执行AGV分配局部搜索，当前完工时间: 1709.00
2025-04-08 16:09:24,289 - DEBUG - 局部搜索未能改进当前解
2025-04-08 16:09:24,293 - DEBUG - 执行AGV分配局部搜索，当前完工时间: 1810.00
2025-04-08 16:09:24,297 - DEBUG - AGV分配局部搜索成功！完工时间从 1810.00 降低到 1770.00，改进: 40.00 (2.21%)
2025-04-08 16:09:24,300 - DEBUG - 执行AGV分配局部搜索，当前完工时间: 1723.00
2025-04-08 16:09:24,304 - DEBUG - 局部搜索未能改进当前解
2025-04-08 16:09:24,308 - DEBUG - 执行AGV分配局部搜索，当前完工时间: 1732.00
2025-04-08 16:09:24,312 - DEBUG - 局部搜索未能改进当前解
2025-04-08 16:09:24,316 - DEBUG - 执行AGV分配局部搜索，当前完工时间: 1778.00
2025-04-08 16:09:24,320 - DEBUG - 局部搜索未能改进当前解
2025-04-08 16:09:24,323 - DEBUG - 执行AGV分配局部搜索，当前完工时间: 1790.00
2025-04-08 16:09:24,326 - DEBUG - 局部搜索未能改进当前解
2025-04-08 16:09:24,330 - DEBUG - 执行AGV分配局部搜索，当前完工时间: 1737.00
2025-04-08 16:09:24,334 - DEBUG - 局部搜索未能改进当前解
2025-04-08 16:09:24,339 - DEBUG - 执行AGV分配局部搜索，当前完工时间: 1739.00
2025-04-08 16:09:24,342 - DEBUG - 局部搜索未能改进当前解
2025-04-08 16:09:24,346 - DEBUG - 执行AGV分配局部搜索，当前完工时间: 1762.00
2025-04-08 16:09:24,350 - DEBUG - 局部搜索未能改进当前解
2025-04-08 16:09:24,354 - DEBUG - 执行AGV分配局部搜索，当前完工时间: 1702.00
2025-04-08 16:09:24,357 - DEBUG - 局部搜索未能改进当前解
2025-04-08 16:09:24,361 - DEBUG - 执行AGV分配局部搜索，当前完工时间: 1734.00
2025-04-08 16:09:24,364 - DEBUG - 局部搜索未能改进当前解
2025-04-08 16:09:24,368 - DEBUG - 执行AGV分配局部搜索，当前完工时间: 1693.00
2025-04-08 16:09:24,372 - DEBUG - 局部搜索未能改进当前解
2025-04-08 16:09:24,375 - DEBUG - 执行AGV分配局部搜索，当前完工时间: 1791.00
2025-04-08 16:09:24,379 - DEBUG - 局部搜索未能改进当前解
2025-04-08 16:09:24,383 - DEBUG - 执行AGV分配局部搜索，当前完工时间: 1854.00
2025-04-08 16:09:24,387 - DEBUG - 局部搜索未能改进当前解
2025-04-08 16:09:24,391 - DEBUG - 执行AGV分配局部搜索，当前完工时间: 1866.00
2025-04-08 16:09:24,395 - DEBUG - 局部搜索未能改进当前解
2025-04-08 16:09:24,399 - DEBUG - 执行AGV分配局部搜索，当前完工时间: 1768.00
2025-04-08 16:09:24,403 - DEBUG - AGV分配局部搜索成功！完工时间从 1768.00 降低到 1742.00，改进: 26.00 (1.47%)
2025-04-08 16:09:24,406 - DEBUG - 执行AGV分配局部搜索，当前完工时间: 1705.00
2025-04-08 16:09:24,409 - DEBUG - 局部搜索未能改进当前解
2025-04-08 16:09:24,414 - DEBUG - 执行AGV分配局部搜索，当前完工时间: 1806.00
2025-04-08 16:09:24,417 - DEBUG - 局部搜索未能改进当前解
2025-04-08 16:09:24,422 - DEBUG - 执行AGV分配局部搜索，当前完工时间: 1794.00
2025-04-08 16:09:24,425 - DEBUG - 局部搜索未能改进当前解
2025-04-08 16:09:24,430 - DEBUG - 执行AGV分配局部搜索，当前完工时间: 1787.00
2025-04-08 16:09:24,433 - DEBUG - AGV分配局部搜索成功！完工时间从 1787.00 降低到 1780.00，改进: 7.00 (0.39%)
2025-04-08 16:09:24,437 - DEBUG - 执行AGV分配局部搜索，当前完工时间: 1784.00
2025-04-08 16:09:24,440 - DEBUG - 局部搜索未能改进当前解
2025-04-08 16:09:24,444 - DEBUG - 执行AGV分配局部搜索，当前完工时间: 1716.00
2025-04-08 16:09:24,449 - DEBUG - 局部搜索未能改进当前解
2025-04-08 16:09:24,452 - DEBUG - 执行AGV分配局部搜索，当前完工时间: 1767.00
2025-04-08 16:09:24,456 - DEBUG - 局部搜索未能改进当前解
2025-04-08 16:09:24,459 - DEBUG - 执行AGV分配局部搜索，当前完工时间: 1772.00
2025-04-08 16:09:24,462 - DEBUG - 局部搜索未能改进当前解
2025-04-08 16:09:24,466 - DEBUG - 执行AGV分配局部搜索，当前完工时间: 1729.00
2025-04-08 16:09:24,470 - DEBUG - 局部搜索未能改进当前解
2025-04-08 16:09:24,474 - DEBUG - 执行AGV分配局部搜索，当前完工时间: 1819.00
2025-04-08 16:09:24,477 - DEBUG - 局部搜索未能改进当前解
2025-04-08 16:09:24,482 - DEBUG - 执行AGV分配局部搜索，当前完工时间: 1675.00
2025-04-08 16:09:24,485 - DEBUG - 局部搜索未能改进当前解
2025-04-08 16:09:24,490 - DEBUG - 执行AGV分配局部搜索，当前完工时间: 1737.00
2025-04-08 16:09:24,493 - DEBUG - AGV分配局部搜索成功！完工时间从 1737.00 降低到 1725.00，改进: 12.00 (0.69%)
2025-04-08 16:09:24,497 - DEBUG - 执行AGV分配局部搜索，当前完工时间: 1746.00
2025-04-08 16:09:24,500 - DEBUG - 局部搜索未能改进当前解
2025-04-08 16:09:24,504 - DEBUG - 执行AGV分配局部搜索，当前完工时间: 1737.00
2025-04-08 16:09:24,507 - DEBUG - 局部搜索未能改进当前解
2025-04-08 16:09:24,512 - DEBUG - 执行AGV分配局部搜索，当前完工时间: 1694.00
2025-04-08 16:09:24,515 - DEBUG - 局部搜索未能改进当前解
2025-04-08 16:09:24,519 - DEBUG - 执行AGV分配局部搜索，当前完工时间: 1693.00
2025-04-08 16:09:24,523 - DEBUG - 局部搜索未能改进当前解
2025-04-08 16:09:24,526 - DEBUG - 执行AGV分配局部搜索，当前完工时间: 1729.00
2025-04-08 16:09:24,530 - DEBUG - 局部搜索未能改进当前解
2025-04-08 16:09:24,533 - DEBUG - 执行AGV分配局部搜索，当前完工时间: 1725.00
2025-04-08 16:09:24,537 - DEBUG - 局部搜索未能改进当前解
2025-04-08 16:09:24,542 - DEBUG - 执行AGV分配局部搜索，当前完工时间: 1769.00
2025-04-08 16:09:24,545 - DEBUG - 局部搜索未能改进当前解
2025-04-08 16:09:24,549 - DEBUG - 执行AGV分配局部搜索，当前完工时间: 1723.00
2025-04-08 16:09:24,553 - DEBUG - 局部搜索未能改进当前解
2025-04-08 16:09:24,557 - DEBUG - 执行AGV分配局部搜索，当前完工时间: 1686.00
2025-04-08 16:09:24,560 - DEBUG - 局部搜索未能改进当前解
2025-04-08 16:09:24,564 - DEBUG - 执行AGV分配局部搜索，当前完工时间: 1740.00
2025-04-08 16:09:24,568 - DEBUG - 局部搜索未能改进当前解
2025-04-08 16:09:24,572 - DEBUG - 执行AGV分配局部搜索，当前完工时间: 1701.00
2025-04-08 16:09:24,575 - DEBUG - 局部搜索未能改进当前解
2025-04-08 16:09:24,579 - DEBUG - 执行AGV分配局部搜索，当前完工时间: 1728.00
2025-04-08 16:09:24,582 - DEBUG - 局部搜索未能改进当前解
2025-04-08 16:09:24,586 - DEBUG - 执行AGV分配局部搜索，当前完工时间: 1713.00
2025-04-08 16:09:24,591 - DEBUG - AGV分配局部搜索成功！完工时间从 1713.00 降低到 1699.00，改进: 14.00 (0.82%)
2025-04-08 16:09:24,595 - DEBUG - 执行AGV分配局部搜索，当前完工时间: 1794.00
2025-04-08 16:09:24,597 - DEBUG - 局部搜索未能改进当前解
2025-04-08 16:09:24,602 - DEBUG - 执行AGV分配局部搜索，当前完工时间: 1772.00
2025-04-08 16:09:24,606 - DEBUG - 局部搜索未能改进当前解
2025-04-08 16:09:24,609 - DEBUG - 执行AGV分配局部搜索，当前完工时间: 1702.00
2025-04-08 16:09:24,612 - DEBUG - 局部搜索未能改进当前解
2025-04-08 16:09:24,616 - DEBUG - 执行AGV分配局部搜索，当前完工时间: 1760.00
2025-04-08 16:09:24,620 - DEBUG - 局部搜索未能改进当前解
2025-04-08 16:09:24,624 - DEBUG - 执行AGV分配局部搜索，当前完工时间: 1722.00
2025-04-08 16:09:24,628 - DEBUG - 局部搜索未能改进当前解
2025-04-08 16:09:24,632 - DEBUG - 执行AGV分配局部搜索，当前完工时间: 1730.00
2025-04-08 16:09:24,635 - DEBUG - 局部搜索未能改进当前解
2025-04-08 16:09:24,639 - DEBUG - 执行AGV分配局部搜索，当前完工时间: 1780.00
2025-04-08 16:09:24,643 - DEBUG - 局部搜索未能改进当前解
2025-04-08 16:09:24,643 - DEBUG - ==================================================
2025-04-08 16:09:24,643 - DEBUG - Efficiency Statistics of Local Search :
2025-04-08 16:09:24,643 - DEBUG - Number of attempts: 99
2025-04-08 16:09:24,643 - DEBUG - Average Success Rate: 8.08%
2025-04-08 16:09:24,643 - DEBUG - AGV Local Search Success: 8，Average Improvement: 22.62
2025-04-08 16:09:24,647 - DEBUG - 执行AGV分配局部搜索，当前完工时间: 1642.00
2025-04-08 16:09:24,651 - DEBUG - 局部搜索未能改进当前解
2025-04-08 16:09:24,655 - DEBUG - 执行AGV分配局部搜索，当前完工时间: 1733.00
2025-04-08 16:09:24,659 - DEBUG - 局部搜索未能改进当前解
2025-04-08 16:09:24,662 - DEBUG - 执行AGV分配局部搜索，当前完工时间: 1721.00
2025-04-08 16:09:24,667 - DEBUG - 局部搜索未能改进当前解
2025-04-08 16:09:24,670 - DEBUG - 执行AGV分配局部搜索，当前完工时间: 1757.00
2025-04-08 16:09:24,674 - DEBUG - 局部搜索未能改进当前解
2025-04-08 16:09:24,678 - DEBUG - 执行AGV分配局部搜索，当前完工时间: 1693.00
2025-04-08 16:09:24,682 - DEBUG - 局部搜索未能改进当前解
2025-04-08 16:09:24,686 - DEBUG - 执行AGV分配局部搜索，当前完工时间: 1855.00
2025-04-08 16:09:24,690 - DEBUG - AGV分配局部搜索成功！完工时间从 1855.00 降低到 1802.00，改进: 53.00 (2.86%)
2025-04-08 16:09:24,694 - DEBUG - 执行AGV分配局部搜索，当前完工时间: 1868.00
2025-04-08 16:09:24,697 - DEBUG - 局部搜索未能改进当前解
2025-04-08 16:09:24,701 - DEBUG - 执行AGV分配局部搜索，当前完工时间: 1813.00
2025-04-08 16:09:24,705 - DEBUG - AGV分配局部搜索成功！完工时间从 1813.00 降低到 1795.00，改进: 18.00 (0.99%)
2025-04-08 16:09:24,709 - DEBUG - 执行AGV分配局部搜索，当前完工时间: 1705.00
2025-04-08 16:09:24,712 - DEBUG - 局部搜索未能改进当前解
2025-04-08 16:09:24,716 - DEBUG - 执行AGV分配局部搜索，当前完工时间: 1790.00
2025-04-08 16:09:24,720 - DEBUG - 局部搜索未能改进当前解
2025-04-08 16:09:24,724 - DEBUG - 执行AGV分配局部搜索，当前完工时间: 1781.00
2025-04-08 16:09:24,728 - DEBUG - 局部搜索未能改进当前解
2025-04-08 16:09:24,732 - DEBUG - 执行AGV分配局部搜索，当前完工时间: 1812.00
2025-04-08 16:09:24,735 - DEBUG - 局部搜索未能改进当前解
2025-04-08 16:09:24,738 - DEBUG - 执行AGV分配局部搜索，当前完工时间: 1780.00
2025-04-08 16:09:24,743 - DEBUG - 局部搜索未能改进当前解
2025-04-08 16:09:24,747 - DEBUG - 执行AGV分配局部搜索，当前完工时间: 1714.00
2025-04-08 16:09:24,751 - DEBUG - 局部搜索未能改进当前解
2025-04-08 16:09:24,754 - DEBUG - 执行AGV分配局部搜索，当前完工时间: 1677.00
2025-04-08 16:09:24,759 - DEBUG - 局部搜索未能改进当前解
2025-04-08 16:09:24,762 - DEBUG - 执行AGV分配局部搜索，当前完工时间: 1704.00
2025-04-08 16:09:24,765 - DEBUG - 局部搜索未能改进当前解
2025-04-08 16:09:24,770 - DEBUG - 执行AGV分配局部搜索，当前完工时间: 1764.00
2025-04-08 16:09:24,774 - DEBUG - 局部搜索未能改进当前解
2025-04-08 16:09:24,778 - DEBUG - 执行AGV分配局部搜索，当前完工时间: 1704.00
2025-04-08 16:09:24,780 - DEBUG - 局部搜索未能改进当前解
2025-04-08 16:09:24,785 - DEBUG - 执行AGV分配局部搜索，当前完工时间: 1730.00
2025-04-08 16:09:24,788 - DEBUG - 局部搜索未能改进当前解
2025-04-08 16:09:24,792 - DEBUG - 执行AGV分配局部搜索，当前完工时间: 1689.00
2025-04-08 16:09:24,796 - DEBUG - 局部搜索未能改进当前解
2025-04-08 16:09:24,800 - DEBUG - 执行AGV分配局部搜索，当前完工时间: 1661.00
2025-04-08 16:09:24,804 - DEBUG - 局部搜索未能改进当前解
2025-04-08 16:09:24,807 - DEBUG - 执行AGV分配局部搜索，当前完工时间: 1805.00
2025-04-08 16:09:24,810 - DEBUG - 局部搜索未能改进当前解
2025-04-08 16:09:24,814 - DEBUG - 执行AGV分配局部搜索，当前完工时间: 1724.00
2025-04-08 16:09:24,818 - DEBUG - 局部搜索未能改进当前解
2025-04-08 16:09:24,822 - DEBUG - 执行AGV分配局部搜索，当前完工时间: 1847.00
2025-04-08 16:09:24,825 - DEBUG - 局部搜索未能改进当前解
2025-04-08 16:09:24,829 - DEBUG - 执行AGV分配局部搜索，当前完工时间: 1814.00
2025-04-08 16:09:24,832 - DEBUG - 局部搜索未能改进当前解
2025-04-08 16:09:24,836 - DEBUG - 执行AGV分配局部搜索，当前完工时间: 1772.00
2025-04-08 16:09:24,840 - DEBUG - 局部搜索未能改进当前解
2025-04-08 16:09:24,843 - DEBUG - 执行AGV分配局部搜索，当前完工时间: 1738.00
2025-04-08 16:09:24,847 - DEBUG - 局部搜索未能改进当前解
2025-04-08 16:09:24,850 - DEBUG - 执行AGV分配局部搜索，当前完工时间: 1696.00
2025-04-08 16:09:24,854 - DEBUG - AGV分配局部搜索成功！完工时间从 1696.00 降低到 1687.00，改进: 9.00 (0.53%)
2025-04-08 16:09:24,857 - DEBUG - 执行AGV分配局部搜索，当前完工时间: 1705.00
2025-04-08 16:09:24,860 - DEBUG - 局部搜索未能改进当前解
2025-04-08 16:09:24,865 - DEBUG - 执行AGV分配局部搜索，当前完工时间: 1811.00
2025-04-08 16:09:24,868 - DEBUG - 局部搜索未能改进当前解
2025-04-08 16:09:24,872 - DEBUG - 执行AGV分配局部搜索，当前完工时间: 1736.00
2025-04-08 16:09:24,875 - DEBUG - 局部搜索未能改进当前解
2025-04-08 16:09:24,879 - DEBUG - 执行AGV分配局部搜索，当前完工时间: 1756.00
2025-04-08 16:09:24,883 - DEBUG - 局部搜索未能改进当前解
2025-04-08 16:09:24,887 - DEBUG - 执行AGV分配局部搜索，当前完工时间: 1778.00
2025-04-08 16:09:24,891 - DEBUG - 局部搜索未能改进当前解
2025-04-08 16:09:24,894 - DEBUG - 执行AGV分配局部搜索，当前完工时间: 1844.00
2025-04-08 16:09:24,897 - DEBUG - AGV分配局部搜索成功！完工时间从 1844.00 降低到 1821.00，改进: 23.00 (1.25%)
2025-04-08 16:09:24,902 - DEBUG - 执行AGV分配局部搜索，当前完工时间: 1733.00
2025-04-08 16:09:24,905 - DEBUG - 局部搜索未能改进当前解
2025-04-08 16:09:24,909 - DEBUG - 执行AGV分配局部搜索，当前完工时间: 1792.00
2025-04-08 16:09:24,913 - DEBUG - 局部搜索未能改进当前解
2025-04-08 16:09:24,916 - DEBUG - 执行AGV分配局部搜索，当前完工时间: 1728.00
2025-04-08 16:09:24,921 - DEBUG - 局部搜索未能改进当前解
2025-04-08 16:09:24,924 - DEBUG - 执行AGV分配局部搜索，当前完工时间: 1785.00
2025-04-08 16:09:24,928 - DEBUG - 局部搜索未能改进当前解
2025-04-08 16:09:24,931 - DEBUG - 执行AGV分配局部搜索，当前完工时间: 1679.00
2025-04-08 16:09:24,935 - DEBUG - 局部搜索未能改进当前解
2025-04-08 16:09:24,939 - DEBUG - 执行AGV分配局部搜索，当前完工时间: 1791.00
2025-04-08 16:09:24,942 - DEBUG - AGV分配局部搜索成功！完工时间从 1791.00 降低到 1761.00，改进: 30.00 (1.68%)
2025-04-08 16:09:24,947 - DEBUG - 执行AGV分配局部搜索，当前完工时间: 1703.00
2025-04-08 16:09:24,951 - DEBUG - 局部搜索未能改进当前解
2025-04-08 16:09:24,954 - DEBUG - 执行AGV分配局部搜索，当前完工时间: 1779.00
2025-04-08 16:09:24,958 - DEBUG - 局部搜索未能改进当前解
2025-04-08 16:09:24,963 - DEBUG - 执行AGV分配局部搜索，当前完工时间: 1752.00
2025-04-08 16:09:24,965 - DEBUG - AGV分配局部搜索成功！完工时间从 1752.00 降低到 1734.00，改进: 18.00 (1.03%)
2025-04-08 16:09:24,970 - DEBUG - 执行AGV分配局部搜索，当前完工时间: 1704.00
2025-04-08 16:09:24,974 - DEBUG - 局部搜索未能改进当前解
2025-04-08 16:09:24,978 - DEBUG - 执行AGV分配局部搜索，当前完工时间: 1860.00
2025-04-08 16:09:24,981 - DEBUG - 局部搜索未能改进当前解
2025-04-08 16:09:24,985 - DEBUG - 执行AGV分配局部搜索，当前完工时间: 1768.00
2025-04-08 16:09:24,988 - DEBUG - 局部搜索未能改进当前解
2025-04-08 16:09:24,992 - DEBUG - 执行AGV分配局部搜索，当前完工时间: 1707.00
2025-04-08 16:09:24,995 - DEBUG - 局部搜索未能改进当前解
2025-04-08 16:09:24,999 - DEBUG - 执行AGV分配局部搜索，当前完工时间: 1722.00
2025-04-08 16:09:25,003 - DEBUG - 局部搜索未能改进当前解
2025-04-08 16:09:25,007 - DEBUG - 执行AGV分配局部搜索，当前完工时间: 1709.00
2025-04-08 16:09:25,010 - DEBUG - 局部搜索未能改进当前解
2025-04-08 16:09:25,015 - DEBUG - 执行AGV分配局部搜索，当前完工时间: 1795.00
2025-04-08 16:09:25,018 - DEBUG - 局部搜索未能改进当前解
2025-04-08 16:09:25,021 - DEBUG - 执行AGV分配局部搜索，当前完工时间: 1855.00
2025-04-08 16:09:25,025 - DEBUG - 局部搜索未能改进当前解
2025-04-08 16:09:25,029 - DEBUG - 执行AGV分配局部搜索，当前完工时间: 1702.00
2025-04-08 16:09:25,032 - DEBUG - 局部搜索未能改进当前解
2025-04-08 16:09:25,036 - DEBUG - 执行AGV分配局部搜索，当前完工时间: 1729.00
2025-04-08 16:09:25,039 - DEBUG - 局部搜索未能改进当前解
2025-04-08 16:09:25,043 - DEBUG - 执行AGV分配局部搜索，当前完工时间: 1751.00
2025-04-08 16:09:25,046 - DEBUG - 局部搜索未能改进当前解
2025-04-08 16:09:25,050 - DEBUG - 执行AGV分配局部搜索，当前完工时间: 1684.00
2025-04-08 16:09:25,053 - DEBUG - 局部搜索未能改进当前解
2025-04-08 16:09:25,057 - DEBUG - 执行AGV分配局部搜索，当前完工时间: 1724.00
2025-04-08 16:09:25,062 - DEBUG - 局部搜索未能改进当前解
2025-04-08 16:09:25,065 - DEBUG - 执行AGV分配局部搜索，当前完工时间: 1722.00
2025-04-08 16:09:25,070 - DEBUG - 局部搜索未能改进当前解
2025-04-08 16:09:25,073 - DEBUG - 执行AGV分配局部搜索，当前完工时间: 1796.00
2025-04-08 16:09:25,076 - DEBUG - 局部搜索未能改进当前解
2025-04-08 16:09:25,081 - DEBUG - 执行AGV分配局部搜索，当前完工时间: 1759.00
2025-04-08 16:09:25,085 - DEBUG - AGV分配局部搜索成功！完工时间从 1759.00 降低到 1710.00，改进: 49.00 (2.79%)
2025-04-08 16:09:25,089 - DEBUG - 执行AGV分配局部搜索，当前完工时间: 1831.00
2025-04-08 16:09:25,092 - DEBUG - 局部搜索未能改进当前解
2025-04-08 16:09:25,096 - DEBUG - 执行AGV分配局部搜索，当前完工时间: 1708.00
2025-04-08 16:09:25,100 - DEBUG - 局部搜索未能改进当前解
2025-04-08 16:09:25,104 - DEBUG - 执行AGV分配局部搜索，当前完工时间: 1760.00
2025-04-08 16:09:25,107 - DEBUG - 局部搜索未能改进当前解
2025-04-08 16:09:25,111 - DEBUG - 执行AGV分配局部搜索，当前完工时间: 1786.00
2025-04-08 16:09:25,115 - DEBUG - 局部搜索未能改进当前解
2025-04-08 16:09:25,119 - DEBUG - 执行AGV分配局部搜索，当前完工时间: 1743.00
2025-04-08 16:09:25,123 - DEBUG - 局部搜索未能改进当前解
2025-04-08 16:09:25,127 - DEBUG - 执行AGV分配局部搜索，当前完工时间: 1704.00
2025-04-08 16:09:25,130 - DEBUG - 局部搜索未能改进当前解
2025-04-08 16:09:25,135 - DEBUG - 执行AGV分配局部搜索，当前完工时间: 1703.00
2025-04-08 16:09:25,139 - DEBUG - 局部搜索未能改进当前解
2025-04-08 16:09:25,142 - DEBUG - 执行AGV分配局部搜索，当前完工时间: 1731.00
2025-04-08 16:09:25,147 - DEBUG - 局部搜索未能改进当前解
2025-04-08 16:09:25,151 - DEBUG - 执行AGV分配局部搜索，当前完工时间: 1675.00
2025-04-08 16:09:25,154 - DEBUG - 局部搜索未能改进当前解
2025-04-08 16:09:25,159 - DEBUG - 执行AGV分配局部搜索，当前完工时间: 1739.00
2025-04-08 16:09:25,162 - DEBUG - 局部搜索未能改进当前解
2025-04-08 16:09:25,166 - DEBUG - 执行AGV分配局部搜索，当前完工时间: 1676.00
2025-04-08 16:09:25,171 - DEBUG - 局部搜索未能改进当前解
2025-04-08 16:09:25,174 - DEBUG - 执行AGV分配局部搜索，当前完工时间: 1698.00
2025-04-08 16:09:25,178 - DEBUG - 局部搜索未能改进当前解
2025-04-08 16:09:25,181 - DEBUG - 执行AGV分配局部搜索，当前完工时间: 1777.00
2025-04-08 16:09:25,184 - DEBUG - 局部搜索未能改进当前解
2025-04-08 16:09:25,188 - DEBUG - 执行AGV分配局部搜索，当前完工时间: 1733.00
2025-04-08 16:09:25,192 - DEBUG - 局部搜索未能改进当前解
2025-04-08 16:09:25,196 - DEBUG - 执行AGV分配局部搜索，当前完工时间: 1726.00
2025-04-08 16:09:25,200 - DEBUG - 局部搜索未能改进当前解
2025-04-08 16:09:25,204 - DEBUG - 执行AGV分配局部搜索，当前完工时间: 1752.00
2025-04-08 16:09:25,208 - DEBUG - AGV分配局部搜索成功！完工时间从 1752.00 降低到 1708.00，改进: 44.00 (2.51%)
2025-04-08 16:09:25,212 - DEBUG - 执行AGV分配局部搜索，当前完工时间: 1734.00
2025-04-08 16:09:25,214 - DEBUG - 局部搜索未能改进当前解
2025-04-08 16:09:25,219 - DEBUG - 执行AGV分配局部搜索，当前完工时间: 1713.00
2025-04-08 16:09:25,222 - DEBUG - 局部搜索未能改进当前解
2025-04-08 16:09:25,226 - DEBUG - 执行AGV分配局部搜索，当前完工时间: 1838.00
2025-04-08 16:09:25,230 - DEBUG - 局部搜索未能改进当前解
2025-04-08 16:09:25,234 - DEBUG - 执行AGV分配局部搜索，当前完工时间: 1675.00
2025-04-08 16:09:25,238 - DEBUG - 局部搜索未能改进当前解
2025-04-08 16:09:25,242 - DEBUG - 执行AGV分配局部搜索，当前完工时间: 1717.00
2025-04-08 16:09:25,245 - DEBUG - 局部搜索未能改进当前解
2025-04-08 16:09:25,249 - DEBUG - 执行AGV分配局部搜索，当前完工时间: 1762.00
2025-04-08 16:09:25,253 - DEBUG - AGV分配局部搜索成功！完工时间从 1762.00 降低到 1741.00，改进: 21.00 (1.19%)
2025-04-08 16:09:25,257 - DEBUG - 执行AGV分配局部搜索，当前完工时间: 1736.00
2025-04-08 16:09:25,259 - DEBUG - AGV分配局部搜索成功！完工时间从 1736.00 降低到 1713.00，改进: 23.00 (1.32%)
2025-04-08 16:09:25,263 - DEBUG - 执行AGV分配局部搜索，当前完工时间: 1757.00
2025-04-08 16:09:25,266 - DEBUG - 局部搜索未能改进当前解
2025-04-08 16:09:25,271 - DEBUG - 执行AGV分配局部搜索，当前完工时间: 1701.00
2025-04-08 16:09:25,274 - DEBUG - 局部搜索未能改进当前解
2025-04-08 16:09:25,278 - DEBUG - 执行AGV分配局部搜索，当前完工时间: 1813.00
2025-04-08 16:09:25,281 - DEBUG - AGV分配局部搜索成功！完工时间从 1813.00 降低到 1809.00，改进: 4.00 (0.22%)
2025-04-08 16:09:25,285 - DEBUG - 执行AGV分配局部搜索，当前完工时间: 1807.00
2025-04-08 16:09:25,289 - DEBUG - 局部搜索未能改进当前解
2025-04-08 16:09:25,293 - DEBUG - 执行AGV分配局部搜索，当前完工时间: 1751.00
2025-04-08 16:09:25,295 - DEBUG - 局部搜索未能改进当前解
2025-04-08 16:09:25,300 - DEBUG - 执行AGV分配局部搜索，当前完工时间: 1655.00
2025-04-08 16:09:25,304 - DEBUG - 局部搜索未能改进当前解
2025-04-08 16:09:25,307 - DEBUG - 执行AGV分配局部搜索，当前完工时间: 1891.00
2025-04-08 16:09:25,312 - DEBUG - 局部搜索未能改进当前解
2025-04-08 16:09:25,314 - DEBUG - 执行AGV分配局部搜索，当前完工时间: 1716.00
2025-04-08 16:09:25,318 - DEBUG - 局部搜索未能改进当前解
2025-04-08 16:09:25,322 - DEBUG - 执行AGV分配局部搜索，当前完工时间: 1799.00
2025-04-08 16:09:25,325 - DEBUG - 局部搜索未能改进当前解
2025-04-08 16:09:25,330 - DEBUG - 执行AGV分配局部搜索，当前完工时间: 1792.00
2025-04-08 16:09:25,334 - DEBUG - 局部搜索未能改进当前解
2025-04-08 16:09:25,337 - DEBUG - 执行AGV分配局部搜索，当前完工时间: 1686.00
2025-04-08 16:09:25,340 - DEBUG - 局部搜索未能改进当前解
2025-04-08 16:09:25,345 - DEBUG - 执行AGV分配局部搜索，当前完工时间: 1875.00
2025-04-08 16:09:25,347 - DEBUG - 局部搜索未能改进当前解
2025-04-08 16:09:25,352 - DEBUG - 执行AGV分配局部搜索，当前完工时间: 1763.00
2025-04-08 16:09:25,356 - DEBUG - 局部搜索未能改进当前解
2025-04-08 16:09:25,359 - DEBUG - 执行AGV分配局部搜索，当前完工时间: 1729.00
2025-04-08 16:09:25,362 - DEBUG - 局部搜索未能改进当前解
2025-04-08 16:09:25,366 - DEBUG - 执行AGV分配局部搜索，当前完工时间: 1722.00
2025-04-08 16:09:25,370 - DEBUG - 局部搜索未能改进当前解
2025-04-08 16:09:25,374 - DEBUG - 执行AGV分配局部搜索，当前完工时间: 1751.00
2025-04-08 16:09:25,378 - DEBUG - 局部搜索未能改进当前解
2025-04-08 16:09:25,381 - DEBUG - 执行AGV分配局部搜索，当前完工时间: 1737.00
2025-04-08 16:09:25,385 - DEBUG - 局部搜索未能改进当前解
2025-04-08 16:09:25,385 - DEBUG - ==================================================
2025-04-08 16:09:25,385 - DEBUG - Efficiency Statistics of Local Search :
2025-04-08 16:09:25,385 - DEBUG - Number of attempts: 99
2025-04-08 16:09:25,385 - DEBUG - Average Success Rate: 11.11%
2025-04-08 16:09:25,385 - DEBUG - AGV Local Search Success: 11，Average Improvement: 26.55
2025-04-08 16:09:25,390 - DEBUG - 执行AGV分配局部搜索，当前完工时间: 1784.00
2025-04-08 16:09:25,394 - DEBUG - 局部搜索未能改进当前解
2025-04-08 16:09:25,398 - DEBUG - 执行AGV分配局部搜索，当前完工时间: 1758.00
2025-04-08 16:09:25,402 - DEBUG - AGV分配局部搜索成功！完工时间从 1758.00 降低到 1753.00，改进: 5.00 (0.28%)
2025-04-08 16:09:25,405 - DEBUG - 执行AGV分配局部搜索，当前完工时间: 1821.00
2025-04-08 16:09:25,409 - DEBUG - 局部搜索未能改进当前解
2025-04-08 16:09:25,414 - DEBUG - 执行AGV分配局部搜索，当前完工时间: 1748.00
2025-04-08 16:09:25,416 - DEBUG - 局部搜索未能改进当前解
2025-04-08 16:09:25,421 - DEBUG - 执行AGV分配局部搜索，当前完工时间: 1770.00
2025-04-08 16:09:25,424 - DEBUG - 局部搜索未能改进当前解
2025-04-08 16:09:25,429 - DEBUG - 执行AGV分配局部搜索，当前完工时间: 1724.00
2025-04-08 16:09:25,432 - DEBUG - 局部搜索未能改进当前解
2025-04-08 16:09:25,436 - DEBUG - 执行AGV分配局部搜索，当前完工时间: 1775.00
2025-04-08 16:09:25,440 - DEBUG - 局部搜索未能改进当前解
2025-04-08 16:09:25,443 - DEBUG - 执行AGV分配局部搜索，当前完工时间: 1710.00
2025-04-08 16:09:25,447 - DEBUG - 局部搜索未能改进当前解
2025-04-08 16:09:25,451 - DEBUG - 执行AGV分配局部搜索，当前完工时间: 1713.00
2025-04-08 16:09:25,455 - DEBUG - 局部搜索未能改进当前解
2025-04-08 16:09:25,460 - DEBUG - 执行AGV分配局部搜索，当前完工时间: 1778.00
2025-04-08 16:09:25,462 - DEBUG - 局部搜索未能改进当前解
2025-04-08 16:09:25,466 - DEBUG - 执行AGV分配局部搜索，当前完工时间: 1750.00
2025-04-08 16:09:25,470 - DEBUG - 局部搜索未能改进当前解
2025-04-08 16:09:25,475 - DEBUG - 执行AGV分配局部搜索，当前完工时间: 1696.00
2025-04-08 16:09:25,478 - DEBUG - 局部搜索未能改进当前解
2025-04-08 16:09:25,482 - DEBUG - 执行AGV分配局部搜索，当前完工时间: 1668.00
2025-04-08 16:09:25,486 - DEBUG - 局部搜索未能改进当前解
2025-04-08 16:09:25,490 - DEBUG - 执行AGV分配局部搜索，当前完工时间: 1746.00
2025-04-08 16:09:25,494 - DEBUG - 局部搜索未能改进当前解
2025-04-08 16:09:25,497 - DEBUG - 执行AGV分配局部搜索，当前完工时间: 1660.00
2025-04-08 16:09:25,500 - DEBUG - 局部搜索未能改进当前解
2025-04-08 16:09:25,504 - DEBUG - 执行AGV分配局部搜索，当前完工时间: 1713.00
2025-04-08 16:09:25,508 - DEBUG - 局部搜索未能改进当前解
2025-04-08 16:09:25,512 - DEBUG - 执行AGV分配局部搜索，当前完工时间: 1677.00
2025-04-08 16:09:25,515 - DEBUG - 局部搜索未能改进当前解
2025-04-08 16:09:25,520 - DEBUG - 执行AGV分配局部搜索，当前完工时间: 1708.00
2025-04-08 16:09:25,523 - DEBUG - 局部搜索未能改进当前解
2025-04-08 16:09:25,526 - DEBUG - 执行AGV分配局部搜索，当前完工时间: 1704.00
2025-04-08 16:09:25,530 - DEBUG - 局部搜索未能改进当前解
2025-04-08 16:09:25,534 - DEBUG - 执行AGV分配局部搜索，当前完工时间: 1806.00
2025-04-08 16:09:25,537 - DEBUG - AGV分配局部搜索成功！完工时间从 1806.00 降低到 1766.00，改进: 40.00 (2.21%)
2025-04-08 16:09:25,541 - DEBUG - 执行AGV分配局部搜索，当前完工时间: 1686.00
2025-04-08 16:09:25,545 - DEBUG - 局部搜索未能改进当前解
2025-04-08 16:09:25,548 - DEBUG - 执行AGV分配局部搜索，当前完工时间: 1764.00
2025-04-08 16:09:25,552 - DEBUG - 局部搜索未能改进当前解
2025-04-08 16:09:25,556 - DEBUG - 执行AGV分配局部搜索，当前完工时间: 1792.00
2025-04-08 16:09:25,560 - DEBUG - 局部搜索未能改进当前解
2025-04-08 16:09:25,565 - DEBUG - 执行AGV分配局部搜索，当前完工时间: 1735.00
2025-04-08 16:09:25,568 - DEBUG - 局部搜索未能改进当前解
2025-04-08 16:09:25,572 - DEBUG - 执行AGV分配局部搜索，当前完工时间: 1798.00
2025-04-08 16:09:25,575 - DEBUG - 局部搜索未能改进当前解
2025-04-08 16:09:25,579 - DEBUG - 执行AGV分配局部搜索，当前完工时间: 1726.00
2025-04-08 16:09:25,583 - DEBUG - 局部搜索未能改进当前解
2025-04-08 16:09:25,586 - DEBUG - 执行AGV分配局部搜索，当前完工时间: 1751.00
2025-04-08 16:09:25,589 - DEBUG - 局部搜索未能改进当前解
2025-04-08 16:09:25,594 - DEBUG - 执行AGV分配局部搜索，当前完工时间: 1743.00
2025-04-08 16:09:25,597 - DEBUG - 局部搜索未能改进当前解
2025-04-08 16:09:25,602 - DEBUG - 执行AGV分配局部搜索，当前完工时间: 1801.00
2025-04-08 16:09:25,605 - DEBUG - 局部搜索未能改进当前解
2025-04-08 16:09:25,608 - DEBUG - 执行AGV分配局部搜索，当前完工时间: 1728.00
2025-04-08 16:09:25,612 - DEBUG - 局部搜索未能改进当前解
2025-04-08 16:09:25,616 - DEBUG - 执行AGV分配局部搜索，当前完工时间: 1722.00
2025-04-08 16:09:25,619 - DEBUG - 局部搜索未能改进当前解
2025-04-08 16:09:25,623 - DEBUG - 执行AGV分配局部搜索，当前完工时间: 1728.00
2025-04-08 16:09:25,627 - DEBUG - 局部搜索未能改进当前解
2025-04-08 16:09:25,630 - DEBUG - 执行AGV分配局部搜索，当前完工时间: 1775.00
2025-04-08 16:09:25,634 - DEBUG - AGV分配局部搜索成功！完工时间从 1775.00 降低到 1729.00，改进: 46.00 (2.59%)
2025-04-08 16:09:25,637 - DEBUG - 执行AGV分配局部搜索，当前完工时间: 1770.00
2025-04-08 16:09:25,641 - DEBUG - 局部搜索未能改进当前解
2025-04-08 16:09:25,645 - DEBUG - 执行AGV分配局部搜索，当前完工时间: 1778.00
2025-04-08 16:09:25,647 - DEBUG - AGV分配局部搜索成功！完工时间从 1778.00 降低到 1730.00，改进: 48.00 (2.70%)
2025-04-08 16:09:25,651 - DEBUG - 执行AGV分配局部搜索，当前完工时间: 1821.00
2025-04-08 16:09:25,655 - DEBUG - 局部搜索未能改进当前解
2025-04-08 16:09:25,658 - DEBUG - 执行AGV分配局部搜索，当前完工时间: 1775.00
2025-04-08 16:09:25,662 - DEBUG - 局部搜索未能改进当前解
2025-04-08 16:09:25,666 - DEBUG - 执行AGV分配局部搜索，当前完工时间: 1761.00
2025-04-08 16:09:25,670 - DEBUG - 局部搜索未能改进当前解
2025-04-08 16:09:25,673 - DEBUG - 执行AGV分配局部搜索，当前完工时间: 1695.00
2025-04-08 16:09:25,677 - DEBUG - AGV分配局部搜索成功！完工时间从 1695.00 降低到 1692.00，改进: 3.00 (0.18%)
2025-04-08 16:09:25,681 - DEBUG - 执行AGV分配局部搜索，当前完工时间: 1839.00
2025-04-08 16:09:25,685 - DEBUG - AGV分配局部搜索成功！完工时间从 1839.00 降低到 1818.00，改进: 21.00 (1.14%)
2025-04-08 16:09:25,688 - DEBUG - 执行AGV分配局部搜索，当前完工时间: 1673.00
2025-04-08 16:09:25,693 - DEBUG - 局部搜索未能改进当前解
2025-04-08 16:09:25,696 - DEBUG - 执行AGV分配局部搜索，当前完工时间: 1763.00
2025-04-08 16:09:25,700 - DEBUG - 局部搜索未能改进当前解
2025-04-08 16:09:25,703 - DEBUG - 执行AGV分配局部搜索，当前完工时间: 1810.00
2025-04-08 16:09:25,707 - DEBUG - 局部搜索未能改进当前解
2025-04-08 16:09:25,710 - DEBUG - 执行AGV分配局部搜索，当前完工时间: 1745.00
2025-04-08 16:09:25,714 - DEBUG - 局部搜索未能改进当前解
2025-04-08 16:09:25,718 - DEBUG - 执行AGV分配局部搜索，当前完工时间: 1800.00
2025-04-08 16:09:25,722 - DEBUG - AGV分配局部搜索成功！完工时间从 1800.00 降低到 1783.00，改进: 17.00 (0.94%)
2025-04-08 16:09:25,726 - DEBUG - 执行AGV分配局部搜索，当前完工时间: 1637.00
2025-04-08 16:09:25,729 - DEBUG - 局部搜索未能改进当前解
2025-04-08 16:09:25,734 - DEBUG - 执行AGV分配局部搜索，当前完工时间: 1723.00
2025-04-08 16:09:25,737 - DEBUG - 局部搜索未能改进当前解
2025-04-08 16:09:25,740 - DEBUG - 执行AGV分配局部搜索，当前完工时间: 1704.00
2025-04-08 16:09:25,744 - DEBUG - AGV分配局部搜索成功！完工时间从 1704.00 降低到 1668.00，改进: 36.00 (2.11%)
2025-04-08 16:09:25,748 - DEBUG - 执行AGV分配局部搜索，当前完工时间: 1782.00
2025-04-08 16:09:25,752 - DEBUG - 局部搜索未能改进当前解
2025-04-08 16:09:25,756 - DEBUG - 执行AGV分配局部搜索，当前完工时间: 1733.00
2025-04-08 16:09:25,759 - DEBUG - 局部搜索未能改进当前解
2025-04-08 16:09:25,763 - DEBUG - 执行AGV分配局部搜索，当前完工时间: 1680.00
2025-04-08 16:09:25,766 - DEBUG - 局部搜索未能改进当前解
2025-04-08 16:09:25,771 - DEBUG - 执行AGV分配局部搜索，当前完工时间: 1708.00
2025-04-08 16:09:25,774 - DEBUG - 局部搜索未能改进当前解
2025-04-08 16:09:25,778 - DEBUG - 执行AGV分配局部搜索，当前完工时间: 1642.00
2025-04-08 16:09:25,781 - DEBUG - 局部搜索未能改进当前解
2025-04-08 16:09:25,785 - DEBUG - 执行AGV分配局部搜索，当前完工时间: 1790.00
2025-04-08 16:09:25,789 - DEBUG - 局部搜索未能改进当前解
2025-04-08 16:09:25,793 - DEBUG - 执行AGV分配局部搜索，当前完工时间: 1717.00
2025-04-08 16:09:25,797 - DEBUG - 局部搜索未能改进当前解
2025-04-08 16:09:25,802 - DEBUG - 执行AGV分配局部搜索，当前完工时间: 1801.00
2025-04-08 16:09:25,805 - DEBUG - 局部搜索未能改进当前解
2025-04-08 16:09:25,809 - DEBUG - 执行AGV分配局部搜索，当前完工时间: 1709.00
2025-04-08 16:09:25,812 - DEBUG - 局部搜索未能改进当前解
2025-04-08 16:09:25,816 - DEBUG - 执行AGV分配局部搜索，当前完工时间: 1674.00
2025-04-08 16:09:25,820 - DEBUG - 局部搜索未能改进当前解
2025-04-08 16:09:25,823 - DEBUG - 执行AGV分配局部搜索，当前完工时间: 1799.00
2025-04-08 16:09:25,826 - DEBUG - 局部搜索未能改进当前解
2025-04-08 16:09:25,832 - DEBUG - 执行AGV分配局部搜索，当前完工时间: 1702.00
2025-04-08 16:09:25,835 - DEBUG - 局部搜索未能改进当前解
2025-04-08 16:09:25,839 - DEBUG - 执行AGV分配局部搜索，当前完工时间: 1785.00
2025-04-08 16:09:25,842 - DEBUG - 局部搜索未能改进当前解
2025-04-08 16:09:25,847 - DEBUG - 执行AGV分配局部搜索，当前完工时间: 1793.00
2025-04-08 16:09:25,850 - DEBUG - 局部搜索未能改进当前解
2025-04-08 16:09:25,854 - DEBUG - 执行AGV分配局部搜索，当前完工时间: 1705.00
2025-04-08 16:09:25,857 - DEBUG - 局部搜索未能改进当前解
2025-04-08 16:09:25,860 - DEBUG - 执行AGV分配局部搜索，当前完工时间: 1676.00
2025-04-08 16:09:25,865 - DEBUG - AGV分配局部搜索成功！完工时间从 1676.00 降低到 1669.00，改进: 7.00 (0.42%)
2025-04-08 16:09:25,869 - DEBUG - 执行AGV分配局部搜索，当前完工时间: 1747.00
2025-04-08 16:09:25,872 - DEBUG - 局部搜索未能改进当前解
2025-04-08 16:09:25,875 - DEBUG - 执行AGV分配局部搜索，当前完工时间: 1710.00
2025-04-08 16:09:25,879 - DEBUG - 局部搜索未能改进当前解
2025-04-08 16:09:25,883 - DEBUG - 执行AGV分配局部搜索，当前完工时间: 1683.00
2025-04-08 16:09:25,887 - DEBUG - 局部搜索未能改进当前解
2025-04-08 16:09:25,891 - DEBUG - 执行AGV分配局部搜索，当前完工时间: 1751.00
2025-04-08 16:09:25,895 - DEBUG - AGV分配局部搜索成功！完工时间从 1751.00 降低到 1730.00，改进: 21.00 (1.20%)
2025-04-08 16:09:25,897 - DEBUG - 执行AGV分配局部搜索，当前完工时间: 1689.00
2025-04-08 16:09:25,902 - DEBUG - 局部搜索未能改进当前解
2025-04-08 16:09:25,905 - DEBUG - 执行AGV分配局部搜索，当前完工时间: 1771.00
2025-04-08 16:09:25,909 - DEBUG - 局部搜索未能改进当前解
2025-04-08 16:09:25,914 - DEBUG - 执行AGV分配局部搜索，当前完工时间: 1688.00
2025-04-08 16:09:25,918 - DEBUG - 局部搜索未能改进当前解
2025-04-08 16:09:25,920 - DEBUG - 执行AGV分配局部搜索，当前完工时间: 1685.00
2025-04-08 16:09:25,925 - DEBUG - 局部搜索未能改进当前解
2025-04-08 16:09:25,930 - DEBUG - 执行AGV分配局部搜索，当前完工时间: 1686.00
2025-04-08 16:09:25,933 - DEBUG - 局部搜索未能改进当前解
2025-04-08 16:09:25,937 - DEBUG - 执行AGV分配局部搜索，当前完工时间: 1733.00
2025-04-08 16:09:25,941 - DEBUG - 局部搜索未能改进当前解
2025-04-08 16:09:25,945 - DEBUG - 执行AGV分配局部搜索，当前完工时间: 1735.00
2025-04-08 16:09:25,949 - DEBUG - 局部搜索未能改进当前解
2025-04-08 16:09:25,953 - DEBUG - 执行AGV分配局部搜索，当前完工时间: 1662.00
2025-04-08 16:09:25,956 - DEBUG - 局部搜索未能改进当前解
2025-04-08 16:09:25,961 - DEBUG - 执行AGV分配局部搜索，当前完工时间: 1738.00
2025-04-08 16:09:25,964 - DEBUG - 局部搜索未能改进当前解
2025-04-08 16:09:25,968 - DEBUG - 执行AGV分配局部搜索，当前完工时间: 1720.00
2025-04-08 16:09:25,970 - DEBUG - 局部搜索未能改进当前解
2025-04-08 16:09:25,975 - DEBUG - 执行AGV分配局部搜索，当前完工时间: 1733.00
2025-04-08 16:09:25,979 - DEBUG - 局部搜索未能改进当前解
2025-04-08 16:09:25,982 - DEBUG - 执行AGV分配局部搜索，当前完工时间: 1728.00
2025-04-08 16:09:25,986 - DEBUG - AGV分配局部搜索成功！完工时间从 1728.00 降低到 1723.00，改进: 5.00 (0.29%)
2025-04-08 16:09:25,991 - DEBUG - 执行AGV分配局部搜索，当前完工时间: 1686.00
2025-04-08 16:09:25,994 - DEBUG - 局部搜索未能改进当前解
2025-04-08 16:09:25,998 - DEBUG - 执行AGV分配局部搜索，当前完工时间: 1694.00
2025-04-08 16:09:26,003 - DEBUG - 局部搜索未能改进当前解
2025-04-08 16:09:26,007 - DEBUG - 执行AGV分配局部搜索，当前完工时间: 1745.00
2025-04-08 16:09:26,010 - DEBUG - 局部搜索未能改进当前解
2025-04-08 16:09:26,014 - DEBUG - 执行AGV分配局部搜索，当前完工时间: 1691.00
2025-04-08 16:09:26,016 - DEBUG - 局部搜索未能改进当前解
2025-04-08 16:09:26,021 - DEBUG - 执行AGV分配局部搜索，当前完工时间: 1757.00
2025-04-08 16:09:26,024 - DEBUG - 局部搜索未能改进当前解
2025-04-08 16:09:26,028 - DEBUG - 执行AGV分配局部搜索，当前完工时间: 1690.00
2025-04-08 16:09:26,031 - DEBUG - 局部搜索未能改进当前解
2025-04-08 16:09:26,035 - DEBUG - 执行AGV分配局部搜索，当前完工时间: 1751.00
2025-04-08 16:09:26,038 - DEBUG - 局部搜索未能改进当前解
2025-04-08 16:09:26,043 - DEBUG - 执行AGV分配局部搜索，当前完工时间: 1789.00
2025-04-08 16:09:26,046 - DEBUG - 局部搜索未能改进当前解
2025-04-08 16:09:26,050 - DEBUG - 执行AGV分配局部搜索，当前完工时间: 1666.00
2025-04-08 16:09:26,053 - DEBUG - 局部搜索未能改进当前解
2025-04-08 16:09:26,057 - DEBUG - 执行AGV分配局部搜索，当前完工时间: 1751.00
2025-04-08 16:09:26,060 - DEBUG - 局部搜索未能改进当前解
2025-04-08 16:09:26,064 - DEBUG - 执行AGV分配局部搜索，当前完工时间: 1757.00
2025-04-08 16:09:26,068 - DEBUG - 局部搜索未能改进当前解
2025-04-08 16:09:26,072 - DEBUG - 执行AGV分配局部搜索，当前完工时间: 1693.00
2025-04-08 16:09:26,075 - DEBUG - 局部搜索未能改进当前解
2025-04-08 16:09:26,079 - DEBUG - 执行AGV分配局部搜索，当前完工时间: 1725.00
2025-04-08 16:09:26,083 - DEBUG - 局部搜索未能改进当前解
2025-04-08 16:09:26,087 - DEBUG - 执行AGV分配局部搜索，当前完工时间: 1707.00
2025-04-08 16:09:26,090 - DEBUG - 局部搜索未能改进当前解
2025-04-08 16:09:26,094 - DEBUG - 执行AGV分配局部搜索，当前完工时间: 1698.00
2025-04-08 16:09:26,098 - DEBUG - 局部搜索未能改进当前解
2025-04-08 16:09:26,101 - DEBUG - 执行AGV分配局部搜索，当前完工时间: 1845.00
2025-04-08 16:09:26,105 - DEBUG - 局部搜索未能改进当前解
2025-04-08 16:09:26,108 - DEBUG - 执行AGV分配局部搜索，当前完工时间: 1714.00
2025-04-08 16:09:26,112 - DEBUG - 局部搜索未能改进当前解
2025-04-08 16:09:26,116 - DEBUG - 执行AGV分配局部搜索，当前完工时间: 1704.00
2025-04-08 16:09:26,119 - DEBUG - 局部搜索未能改进当前解
2025-04-08 16:09:26,123 - DEBUG - 执行AGV分配局部搜索，当前完工时间: 1707.00
2025-04-08 16:09:26,126 - DEBUG - 局部搜索未能改进当前解
2025-04-08 16:09:26,126 - DEBUG - ==================================================
2025-04-08 16:09:26,126 - DEBUG - Efficiency Statistics of Local Search :
2025-04-08 16:09:26,126 - DEBUG - Number of attempts: 99
2025-04-08 16:09:26,126 - DEBUG - Average Success Rate: 11.11%
2025-04-08 16:09:26,126 - DEBUG - AGV Local Search Success: 11，Average Improvement: 22.64
2025-04-08 16:09:26,131 - DEBUG - 执行AGV分配局部搜索，当前完工时间: 1710.00
2025-04-08 16:09:26,135 - DEBUG - 局部搜索未能改进当前解
2025-04-08 16:09:26,139 - DEBUG - 执行AGV分配局部搜索，当前完工时间: 1836.00
2025-04-08 16:09:26,142 - DEBUG - 局部搜索未能改进当前解
2025-04-08 16:09:26,147 - DEBUG - 执行AGV分配局部搜索，当前完工时间: 1707.00
2025-04-08 16:09:26,152 - DEBUG - 局部搜索未能改进当前解
2025-04-08 16:09:26,157 - DEBUG - 执行AGV分配局部搜索，当前完工时间: 1727.00
2025-04-08 16:09:26,160 - DEBUG - 局部搜索未能改进当前解
2025-04-08 16:09:26,165 - DEBUG - 执行AGV分配局部搜索，当前完工时间: 1667.00
2025-04-08 16:09:26,169 - DEBUG - 局部搜索未能改进当前解
2025-04-08 16:09:26,174 - DEBUG - 执行AGV分配局部搜索，当前完工时间: 1678.00
2025-04-08 16:09:26,178 - DEBUG - 局部搜索未能改进当前解
2025-04-08 16:09:26,182 - DEBUG - 执行AGV分配局部搜索，当前完工时间: 1730.00
2025-04-08 16:09:26,185 - DEBUG - 局部搜索未能改进当前解
2025-04-08 16:09:26,189 - DEBUG - 执行AGV分配局部搜索，当前完工时间: 1749.00
2025-04-08 16:09:26,193 - DEBUG - 局部搜索未能改进当前解
2025-04-08 16:09:26,197 - DEBUG - 执行AGV分配局部搜索，当前完工时间: 1782.00
2025-04-08 16:09:26,201 - DEBUG - AGV分配局部搜索成功！完工时间从 1782.00 降低到 1763.00，改进: 19.00 (1.07%)
2025-04-08 16:09:26,205 - DEBUG - 执行AGV分配局部搜索，当前完工时间: 1758.00
2025-04-08 16:09:26,208 - DEBUG - 局部搜索未能改进当前解
2025-04-08 16:09:26,212 - DEBUG - 执行AGV分配局部搜索，当前完工时间: 1702.00
2025-04-08 16:09:26,215 - DEBUG - 局部搜索未能改进当前解
2025-04-08 16:09:26,219 - DEBUG - 执行AGV分配局部搜索，当前完工时间: 1664.00
2025-04-08 16:09:26,224 - DEBUG - 局部搜索未能改进当前解
2025-04-08 16:09:26,228 - DEBUG - 执行AGV分配局部搜索，当前完工时间: 1756.00
2025-04-08 16:09:26,231 - DEBUG - 局部搜索未能改进当前解
2025-04-08 16:09:26,235 - DEBUG - 执行AGV分配局部搜索，当前完工时间: 1767.00
2025-04-08 16:09:26,239 - DEBUG - 局部搜索未能改进当前解
2025-04-08 16:09:26,242 - DEBUG - 执行AGV分配局部搜索，当前完工时间: 1746.00
2025-04-08 16:09:26,245 - DEBUG - 局部搜索未能改进当前解
2025-04-08 16:09:26,249 - DEBUG - 执行AGV分配局部搜索，当前完工时间: 1790.00
2025-04-08 16:09:26,253 - DEBUG - 局部搜索未能改进当前解
2025-04-08 16:09:26,257 - DEBUG - 执行AGV分配局部搜索，当前完工时间: 1831.00
2025-04-08 16:09:26,261 - DEBUG - 局部搜索未能改进当前解
2025-04-08 16:09:26,265 - DEBUG - 执行AGV分配局部搜索，当前完工时间: 1765.00
2025-04-08 16:09:26,268 - DEBUG - 局部搜索未能改进当前解
2025-04-08 16:09:26,273 - DEBUG - 执行AGV分配局部搜索，当前完工时间: 1693.00
2025-04-08 16:09:26,276 - DEBUG - 局部搜索未能改进当前解
2025-04-08 16:09:26,280 - DEBUG - 执行AGV分配局部搜索，当前完工时间: 1702.00
2025-04-08 16:09:26,284 - DEBUG - 局部搜索未能改进当前解
2025-04-08 16:09:26,287 - DEBUG - 执行AGV分配局部搜索，当前完工时间: 1743.00
2025-04-08 16:09:26,291 - DEBUG - 局部搜索未能改进当前解
2025-04-08 16:09:26,294 - DEBUG - 执行AGV分配局部搜索，当前完工时间: 1804.00
2025-04-08 16:09:26,298 - DEBUG - 局部搜索未能改进当前解
2025-04-08 16:09:26,302 - DEBUG - 执行AGV分配局部搜索，当前完工时间: 1750.00
2025-04-08 16:09:26,306 - DEBUG - 局部搜索未能改进当前解
2025-04-08 16:09:26,309 - DEBUG - 执行AGV分配局部搜索，当前完工时间: 1676.00
2025-04-08 16:09:26,312 - DEBUG - 局部搜索未能改进当前解
2025-04-08 16:09:26,317 - DEBUG - 执行AGV分配局部搜索，当前完工时间: 1717.00
2025-04-08 16:09:26,320 - DEBUG - 局部搜索未能改进当前解
2025-04-08 16:09:26,324 - DEBUG - 执行AGV分配局部搜索，当前完工时间: 1672.00
2025-04-08 16:09:26,327 - DEBUG - AGV分配局部搜索成功！完工时间从 1672.00 降低到 1661.00，改进: 11.00 (0.66%)
2025-04-08 16:09:26,331 - DEBUG - 执行AGV分配局部搜索，当前完工时间: 1677.00
2025-04-08 16:09:26,335 - DEBUG - 局部搜索未能改进当前解
2025-04-08 16:09:26,339 - DEBUG - 执行AGV分配局部搜索，当前完工时间: 1726.00
2025-04-08 16:09:26,344 - DEBUG - 局部搜索未能改进当前解
2025-04-08 16:09:26,347 - DEBUG - 执行AGV分配局部搜索，当前完工时间: 1776.00
2025-04-08 16:09:26,351 - DEBUG - 局部搜索未能改进当前解
2025-04-08 16:09:26,354 - DEBUG - 执行AGV分配局部搜索，当前完工时间: 1693.00
2025-04-08 16:09:26,357 - DEBUG - 局部搜索未能改进当前解
2025-04-08 16:09:26,360 - DEBUG - 执行AGV分配局部搜索，当前完工时间: 1707.00
2025-04-08 16:09:26,364 - DEBUG - 局部搜索未能改进当前解
2025-04-08 16:09:26,369 - DEBUG - 执行AGV分配局部搜索，当前完工时间: 1794.00
2025-04-08 16:09:26,372 - DEBUG - 局部搜索未能改进当前解
2025-04-08 16:09:26,376 - DEBUG - 执行AGV分配局部搜索，当前完工时间: 1718.00
2025-04-08 16:09:26,380 - DEBUG - 局部搜索未能改进当前解
2025-04-08 16:09:26,383 - DEBUG - 执行AGV分配局部搜索，当前完工时间: 1689.00
2025-04-08 16:09:26,387 - DEBUG - 局部搜索未能改进当前解
2025-04-08 16:09:26,390 - DEBUG - 执行AGV分配局部搜索，当前完工时间: 1773.00
2025-04-08 16:09:26,394 - DEBUG - 局部搜索未能改进当前解
2025-04-08 16:09:26,399 - DEBUG - 执行AGV分配局部搜索，当前完工时间: 1844.00
2025-04-08 16:09:26,403 - DEBUG - 局部搜索未能改进当前解
2025-04-08 16:09:26,406 - DEBUG - 执行AGV分配局部搜索，当前完工时间: 1664.00
2025-04-08 16:09:26,411 - DEBUG - 局部搜索未能改进当前解
2025-04-08 16:09:26,414 - DEBUG - 执行AGV分配局部搜索，当前完工时间: 1691.00
2025-04-08 16:09:26,418 - DEBUG - AGV分配局部搜索成功！完工时间从 1691.00 降低到 1675.00，改进: 16.00 (0.95%)
2025-04-08 16:09:26,422 - DEBUG - 执行AGV分配局部搜索，当前完工时间: 1735.00
2025-04-08 16:09:26,426 - DEBUG - 局部搜索未能改进当前解
2025-04-08 16:09:26,430 - DEBUG - 执行AGV分配局部搜索，当前完工时间: 1701.00
2025-04-08 16:09:26,434 - DEBUG - 局部搜索未能改进当前解
2025-04-08 16:09:26,437 - DEBUG - 执行AGV分配局部搜索，当前完工时间: 1772.00
2025-04-08 16:09:26,441 - DEBUG - AGV分配局部搜索成功！完工时间从 1772.00 降低到 1733.00，改进: 39.00 (2.20%)
2025-04-08 16:09:26,445 - DEBUG - 执行AGV分配局部搜索，当前完工时间: 1724.00
2025-04-08 16:09:26,448 - DEBUG - 局部搜索未能改进当前解
2025-04-08 16:09:26,452 - DEBUG - 执行AGV分配局部搜索，当前完工时间: 1683.00
2025-04-08 16:09:26,456 - DEBUG - 局部搜索未能改进当前解
2025-04-08 16:09:26,460 - DEBUG - 执行AGV分配局部搜索，当前完工时间: 1810.00
2025-04-08 16:09:26,463 - DEBUG - 局部搜索未能改进当前解
2025-04-08 16:09:26,467 - DEBUG - 执行AGV分配局部搜索，当前完工时间: 1722.00
2025-04-08 16:09:26,471 - DEBUG - 局部搜索未能改进当前解
2025-04-08 16:09:26,474 - DEBUG - 执行AGV分配局部搜索，当前完工时间: 1768.00
2025-04-08 16:09:26,479 - DEBUG - 局部搜索未能改进当前解
2025-04-08 16:09:26,482 - DEBUG - 执行AGV分配局部搜索，当前完工时间: 1705.00
2025-04-08 16:09:26,487 - DEBUG - 局部搜索未能改进当前解
2025-04-08 16:09:26,491 - DEBUG - 执行AGV分配局部搜索，当前完工时间: 1726.00
2025-04-08 16:09:26,494 - DEBUG - 局部搜索未能改进当前解
2025-04-08 16:09:26,498 - DEBUG - 执行AGV分配局部搜索，当前完工时间: 1740.00
2025-04-08 16:09:26,502 - DEBUG - 局部搜索未能改进当前解
2025-04-08 16:09:26,505 - DEBUG - 执行AGV分配局部搜索，当前完工时间: 1694.00
2025-04-08 16:09:26,510 - DEBUG - 局部搜索未能改进当前解
2025-04-08 16:09:26,513 - DEBUG - 执行AGV分配局部搜索，当前完工时间: 1770.00
2025-04-08 16:09:26,516 - DEBUG - 局部搜索未能改进当前解
2025-04-08 16:09:26,520 - DEBUG - 执行AGV分配局部搜索，当前完工时间: 1684.00
2025-04-08 16:09:26,525 - DEBUG - AGV分配局部搜索成功！完工时间从 1684.00 降低到 1683.00，改进: 1.00 (0.06%)
2025-04-08 16:09:26,529 - DEBUG - 执行AGV分配局部搜索，当前完工时间: 1699.00
2025-04-08 16:09:26,532 - DEBUG - 局部搜索未能改进当前解
2025-04-08 16:09:26,536 - DEBUG - 执行AGV分配局部搜索，当前完工时间: 1702.00
2025-04-08 16:09:26,540 - DEBUG - 局部搜索未能改进当前解
2025-04-08 16:09:26,544 - DEBUG - 执行AGV分配局部搜索，当前完工时间: 1720.00
2025-04-08 16:09:26,547 - DEBUG - 局部搜索未能改进当前解
2025-04-08 16:09:26,551 - DEBUG - 执行AGV分配局部搜索，当前完工时间: 1669.00
2025-04-08 16:09:26,554 - DEBUG - 局部搜索未能改进当前解
2025-04-08 16:09:26,557 - DEBUG - 执行AGV分配局部搜索，当前完工时间: 1732.00
2025-04-08 16:09:26,562 - DEBUG - AGV分配局部搜索成功！完工时间从 1732.00 降低到 1703.00，改进: 29.00 (1.67%)
2025-04-08 16:09:26,566 - DEBUG - 执行AGV分配局部搜索，当前完工时间: 1710.00
2025-04-08 16:09:26,570 - DEBUG - 局部搜索未能改进当前解
2025-04-08 16:09:26,573 - DEBUG - 执行AGV分配局部搜索，当前完工时间: 1753.00
2025-04-08 16:09:26,577 - DEBUG - 局部搜索未能改进当前解
2025-04-08 16:09:26,581 - DEBUG - 执行AGV分配局部搜索，当前完工时间: 1688.00
2025-04-08 16:09:26,585 - DEBUG - 局部搜索未能改进当前解
2025-04-08 16:09:26,588 - DEBUG - 执行AGV分配局部搜索，当前完工时间: 1732.00
2025-04-08 16:09:26,592 - DEBUG - 局部搜索未能改进当前解
2025-04-08 16:09:26,595 - DEBUG - 执行AGV分配局部搜索，当前完工时间: 1816.00
2025-04-08 16:09:26,600 - DEBUG - 局部搜索未能改进当前解
2025-04-08 16:09:26,604 - DEBUG - 执行AGV分配局部搜索，当前完工时间: 1840.00
2025-04-08 16:09:26,608 - DEBUG - AGV分配局部搜索成功！完工时间从 1840.00 降低到 1789.00，改进: 51.00 (2.77%)
2025-04-08 16:09:26,612 - DEBUG - 执行AGV分配局部搜索，当前完工时间: 1711.00
2025-04-08 16:09:26,616 - DEBUG - 局部搜索未能改进当前解
2025-04-08 16:09:26,620 - DEBUG - 执行AGV分配局部搜索，当前完工时间: 1692.00
2025-04-08 16:09:26,624 - DEBUG - 局部搜索未能改进当前解
2025-04-08 16:09:26,626 - DEBUG - 执行AGV分配局部搜索，当前完工时间: 1708.00
2025-04-08 16:09:26,631 - DEBUG - 局部搜索未能改进当前解
2025-04-08 16:09:26,635 - DEBUG - 执行AGV分配局部搜索，当前完工时间: 1698.00
2025-04-08 16:09:26,638 - DEBUG - 局部搜索未能改进当前解
2025-04-08 16:09:26,641 - DEBUG - 执行AGV分配局部搜索，当前完工时间: 1728.00
2025-04-08 16:09:26,645 - DEBUG - 局部搜索未能改进当前解
2025-04-08 16:09:26,649 - DEBUG - 执行AGV分配局部搜索，当前完工时间: 1729.00
2025-04-08 16:09:26,653 - DEBUG - 局部搜索未能改进当前解
2025-04-08 16:09:26,656 - DEBUG - 执行AGV分配局部搜索，当前完工时间: 1679.00
2025-04-08 16:09:26,660 - DEBUG - 局部搜索未能改进当前解
2025-04-08 16:09:26,663 - DEBUG - 执行AGV分配局部搜索，当前完工时间: 1676.00
2025-04-08 16:09:26,668 - DEBUG - 局部搜索未能改进当前解
2025-04-08 16:09:26,670 - DEBUG - 执行AGV分配局部搜索，当前完工时间: 1726.00
2025-04-08 16:09:26,675 - DEBUG - 局部搜索未能改进当前解
2025-04-08 16:09:26,678 - DEBUG - 执行AGV分配局部搜索，当前完工时间: 1683.00
2025-04-08 16:09:26,682 - DEBUG - 局部搜索未能改进当前解
2025-04-08 16:09:26,686 - DEBUG - 执行AGV分配局部搜索，当前完工时间: 1711.00
2025-04-08 16:09:26,690 - DEBUG - 局部搜索未能改进当前解
2025-04-08 16:09:26,694 - DEBUG - 执行AGV分配局部搜索，当前完工时间: 1750.00
2025-04-08 16:09:26,697 - DEBUG - AGV分配局部搜索成功！完工时间从 1750.00 降低到 1745.00，改进: 5.00 (0.29%)
2025-04-08 16:09:26,701 - DEBUG - 执行AGV分配局部搜索，当前完工时间: 1824.00
2025-04-08 16:09:26,705 - DEBUG - 局部搜索未能改进当前解
2025-04-08 16:09:26,708 - DEBUG - 执行AGV分配局部搜索，当前完工时间: 1701.00
2025-04-08 16:09:26,712 - DEBUG - 局部搜索未能改进当前解
2025-04-08 16:09:26,716 - DEBUG - 执行AGV分配局部搜索，当前完工时间: 1744.00
2025-04-08 16:09:26,720 - DEBUG - 局部搜索未能改进当前解
2025-04-08 16:09:26,723 - DEBUG - 执行AGV分配局部搜索，当前完工时间: 1679.00
2025-04-08 16:09:26,726 - DEBUG - 局部搜索未能改进当前解
2025-04-08 16:09:26,731 - DEBUG - 执行AGV分配局部搜索，当前完工时间: 1747.00
2025-04-08 16:09:26,735 - DEBUG - 局部搜索未能改进当前解
2025-04-08 16:09:26,738 - DEBUG - 执行AGV分配局部搜索，当前完工时间: 1729.00
2025-04-08 16:09:26,742 - DEBUG - 局部搜索未能改进当前解
2025-04-08 16:09:26,746 - DEBUG - 执行AGV分配局部搜索，当前完工时间: 1842.00
2025-04-08 16:09:26,750 - DEBUG - 局部搜索未能改进当前解
2025-04-08 16:09:26,754 - DEBUG - 执行AGV分配局部搜索，当前完工时间: 1746.00
2025-04-08 16:09:26,757 - DEBUG - 局部搜索未能改进当前解
2025-04-08 16:09:26,761 - DEBUG - 执行AGV分配局部搜索，当前完工时间: 1748.00
2025-04-08 16:09:26,765 - DEBUG - 局部搜索未能改进当前解
2025-04-08 16:09:26,770 - DEBUG - 执行AGV分配局部搜索，当前完工时间: 1818.00
2025-04-08 16:09:26,773 - DEBUG - 局部搜索未能改进当前解
2025-04-08 16:09:26,776 - DEBUG - 执行AGV分配局部搜索，当前完工时间: 1660.00
2025-04-08 16:09:26,780 - DEBUG - 局部搜索未能改进当前解
2025-04-08 16:09:26,784 - DEBUG - 执行AGV分配局部搜索，当前完工时间: 1764.00
2025-04-08 16:09:26,788 - DEBUG - 局部搜索未能改进当前解
2025-04-08 16:09:26,793 - DEBUG - 执行AGV分配局部搜索，当前完工时间: 1729.00
2025-04-08 16:09:26,795 - DEBUG - 局部搜索未能改进当前解
2025-04-08 16:09:26,799 - DEBUG - 执行AGV分配局部搜索，当前完工时间: 1642.00
2025-04-08 16:09:26,803 - DEBUG - 局部搜索未能改进当前解
2025-04-08 16:09:26,808 - DEBUG - 执行AGV分配局部搜索，当前完工时间: 1703.00
2025-04-08 16:09:26,811 - DEBUG - 局部搜索未能改进当前解
2025-04-08 16:09:26,814 - DEBUG - 执行AGV分配局部搜索，当前完工时间: 1709.00
2025-04-08 16:09:26,818 - DEBUG - 局部搜索未能改进当前解
2025-04-08 16:09:26,822 - DEBUG - 执行AGV分配局部搜索，当前完工时间: 1755.00
2025-04-08 16:09:26,826 - DEBUG - AGV分配局部搜索成功！完工时间从 1755.00 降低到 1730.00，改进: 25.00 (1.42%)
2025-04-08 16:09:26,829 - DEBUG - 执行AGV分配局部搜索，当前完工时间: 1751.00
2025-04-08 16:09:26,833 - DEBUG - 局部搜索未能改进当前解
2025-04-08 16:09:26,837 - DEBUG - 执行AGV分配局部搜索，当前完工时间: 1729.00
2025-04-08 16:09:26,840 - DEBUG - 局部搜索未能改进当前解
2025-04-08 16:09:26,844 - DEBUG - 执行AGV分配局部搜索，当前完工时间: 1763.00
2025-04-08 16:09:26,848 - DEBUG - 局部搜索未能改进当前解
2025-04-08 16:09:26,852 - DEBUG - 执行AGV分配局部搜索，当前完工时间: 1650.00
2025-04-08 16:09:26,856 - DEBUG - 局部搜索未能改进当前解
2025-04-08 16:09:26,860 - DEBUG - 执行AGV分配局部搜索，当前完工时间: 1792.00
2025-04-08 16:09:26,862 - DEBUG - 局部搜索未能改进当前解
2025-04-08 16:09:26,866 - DEBUG - 执行AGV分配局部搜索，当前完工时间: 1682.00
2025-04-08 16:09:26,870 - DEBUG - 局部搜索未能改进当前解
2025-04-08 16:09:26,875 - DEBUG - 执行AGV分配局部搜索，当前完工时间: 1700.00
2025-04-08 16:09:26,878 - DEBUG - 局部搜索未能改进当前解
2025-04-08 16:09:26,879 - DEBUG - ==================================================
2025-04-08 16:09:26,879 - DEBUG - Efficiency Statistics of Local Search :
2025-04-08 16:09:26,879 - DEBUG - Number of attempts: 99
2025-04-08 16:09:26,879 - DEBUG - Average Success Rate: 9.09%
2025-04-08 16:09:26,879 - DEBUG - AGV Local Search Success: 9，Average Improvement: 21.78
2025-04-08 16:09:26,883 - DEBUG - 执行AGV分配局部搜索，当前完工时间: 1762.00
2025-04-08 16:09:26,886 - DEBUG - 局部搜索未能改进当前解
2025-04-08 16:09:26,891 - DEBUG - 执行AGV分配局部搜索，当前完工时间: 1741.00
2025-04-08 16:09:26,894 - DEBUG - 局部搜索未能改进当前解
2025-04-08 16:09:26,897 - DEBUG - 执行AGV分配局部搜索，当前完工时间: 1724.00
2025-04-08 16:09:26,902 - DEBUG - 局部搜索未能改进当前解
2025-04-08 16:09:26,905 - DEBUG - 执行AGV分配局部搜索，当前完工时间: 1689.00
2025-04-08 16:09:26,910 - DEBUG - 局部搜索未能改进当前解
2025-04-08 16:09:26,914 - DEBUG - 执行AGV分配局部搜索，当前完工时间: 1734.00
2025-04-08 16:09:26,918 - DEBUG - 局部搜索未能改进当前解
2025-04-08 16:09:26,922 - DEBUG - 执行AGV分配局部搜索，当前完工时间: 1727.00
2025-04-08 16:09:26,926 - DEBUG - 局部搜索未能改进当前解
2025-04-08 16:09:26,930 - DEBUG - 执行AGV分配局部搜索，当前完工时间: 1738.00
2025-04-08 16:09:26,934 - DEBUG - 局部搜索未能改进当前解
2025-04-08 16:09:26,937 - DEBUG - 执行AGV分配局部搜索，当前完工时间: 1679.00
2025-04-08 16:09:26,941 - DEBUG - AGV分配局部搜索成功！完工时间从 1679.00 降低到 1662.00，改进: 17.00 (1.01%)
2025-04-08 16:09:26,945 - DEBUG - 执行AGV分配局部搜索，当前完工时间: 1715.00
2025-04-08 16:09:26,949 - DEBUG - 局部搜索未能改进当前解
2025-04-08 16:09:26,952 - DEBUG - 执行AGV分配局部搜索，当前完工时间: 1809.00
2025-04-08 16:09:26,956 - DEBUG - 局部搜索未能改进当前解
2025-04-08 16:09:26,961 - DEBUG - 执行AGV分配局部搜索，当前完工时间: 1702.00
2025-04-08 16:09:26,964 - DEBUG - 局部搜索未能改进当前解
2025-04-08 16:09:26,968 - DEBUG - 执行AGV分配局部搜索，当前完工时间: 1714.00
2025-04-08 16:09:26,972 - DEBUG - 局部搜索未能改进当前解
2025-04-08 16:09:26,976 - DEBUG - 执行AGV分配局部搜索，当前完工时间: 1661.00
2025-04-08 16:09:26,980 - DEBUG - 局部搜索未能改进当前解
2025-04-08 16:09:26,983 - DEBUG - 执行AGV分配局部搜索，当前完工时间: 1744.00
2025-04-08 16:09:26,987 - DEBUG - 局部搜索未能改进当前解
2025-04-08 16:09:26,992 - DEBUG - 执行AGV分配局部搜索，当前完工时间: 1683.00
2025-04-08 16:09:26,996 - DEBUG - 局部搜索未能改进当前解
2025-04-08 16:09:26,999 - DEBUG - 执行AGV分配局部搜索，当前完工时间: 1680.00
2025-04-08 16:09:27,003 - DEBUG - 局部搜索未能改进当前解
2025-04-08 16:09:27,006 - DEBUG - 执行AGV分配局部搜索，当前完工时间: 1672.00
2025-04-08 16:09:27,010 - DEBUG - 局部搜索未能改进当前解
2025-04-08 16:09:27,015 - DEBUG - 执行AGV分配局部搜索，当前完工时间: 1698.00
2025-04-08 16:09:27,021 - DEBUG - 局部搜索未能改进当前解
2025-04-08 16:09:27,024 - DEBUG - 执行AGV分配局部搜索，当前完工时间: 1726.00
2025-04-08 16:09:27,028 - DEBUG - 局部搜索未能改进当前解
2025-04-08 16:09:27,032 - DEBUG - 执行AGV分配局部搜索，当前完工时间: 1725.00
2025-04-08 16:09:27,035 - DEBUG - AGV分配局部搜索成功！完工时间从 1725.00 降低到 1723.00，改进: 2.00 (0.12%)
2025-04-08 16:09:27,039 - DEBUG - 执行AGV分配局部搜索，当前完工时间: 1751.00
2025-04-08 16:09:27,043 - DEBUG - 局部搜索未能改进当前解
2025-04-08 16:09:27,045 - DEBUG - 执行AGV分配局部搜索，当前完工时间: 1716.00
2025-04-08 16:09:27,049 - DEBUG - 局部搜索未能改进当前解
2025-04-08 16:09:27,053 - DEBUG - 执行AGV分配局部搜索，当前完工时间: 1721.00
2025-04-08 16:09:27,057 - DEBUG - 局部搜索未能改进当前解
2025-04-08 16:09:27,060 - DEBUG - 执行AGV分配局部搜索，当前完工时间: 1708.00
2025-04-08 16:09:27,065 - DEBUG - 局部搜索未能改进当前解
2025-04-08 16:09:27,068 - DEBUG - 执行AGV分配局部搜索，当前完工时间: 1642.00
2025-04-08 16:09:27,072 - DEBUG - 局部搜索未能改进当前解
2025-04-08 16:09:27,075 - DEBUG - 执行AGV分配局部搜索，当前完工时间: 1660.00
2025-04-08 16:09:27,079 - DEBUG - 局部搜索未能改进当前解
2025-04-08 16:09:27,083 - DEBUG - 执行AGV分配局部搜索，当前完工时间: 1730.00
2025-04-08 16:09:27,087 - DEBUG - 局部搜索未能改进当前解
2025-04-08 16:09:27,090 - DEBUG - 执行AGV分配局部搜索，当前完工时间: 1708.00
2025-04-08 16:09:27,094 - DEBUG - 局部搜索未能改进当前解
2025-04-08 16:09:27,097 - DEBUG - 执行AGV分配局部搜索，当前完工时间: 1710.00
2025-04-08 16:09:27,101 - DEBUG - AGV分配局部搜索成功！完工时间从 1710.00 降低到 1687.00，改进: 23.00 (1.35%)
2025-04-08 16:09:27,104 - DEBUG - 执行AGV分配局部搜索，当前完工时间: 1707.00
2025-04-08 16:09:27,108 - DEBUG - 局部搜索未能改进当前解
2025-04-08 16:09:27,112 - DEBUG - 执行AGV分配局部搜索，当前完工时间: 1679.00
2025-04-08 16:09:27,116 - DEBUG - 局部搜索未能改进当前解
2025-04-08 16:09:27,120 - DEBUG - 执行AGV分配局部搜索，当前完工时间: 1746.00
2025-04-08 16:09:27,124 - DEBUG - 局部搜索未能改进当前解
2025-04-08 16:09:27,128 - DEBUG - 执行AGV分配局部搜索，当前完工时间: 1733.00
2025-04-08 16:09:27,131 - DEBUG - 局部搜索未能改进当前解
2025-04-08 16:09:27,135 - DEBUG - 执行AGV分配局部搜索，当前完工时间: 1762.00
2025-04-08 16:09:27,139 - DEBUG - 局部搜索未能改进当前解
2025-04-08 16:09:27,143 - DEBUG - 执行AGV分配局部搜索，当前完工时间: 1719.00
2025-04-08 16:09:27,147 - DEBUG - 局部搜索未能改进当前解
2025-04-08 16:09:27,152 - DEBUG - 执行AGV分配局部搜索，当前完工时间: 1702.00
2025-04-08 16:09:27,155 - DEBUG - AGV分配局部搜索成功！完工时间从 1702.00 降低到 1697.00，改进: 5.00 (0.29%)
2025-04-08 16:09:27,158 - DEBUG - 执行AGV分配局部搜索，当前完工时间: 1701.00
2025-04-08 16:09:27,163 - DEBUG - 局部搜索未能改进当前解
2025-04-08 16:09:27,166 - DEBUG - 执行AGV分配局部搜索，当前完工时间: 1688.00
2025-04-08 16:09:27,170 - DEBUG - 局部搜索未能改进当前解
2025-04-08 16:09:27,173 - DEBUG - 执行AGV分配局部搜索，当前完工时间: 1704.00
2025-04-08 16:09:27,177 - DEBUG - AGV分配局部搜索成功！完工时间从 1704.00 降低到 1683.00，改进: 21.00 (1.23%)
2025-04-08 16:09:27,181 - DEBUG - 执行AGV分配局部搜索，当前完工时间: 1790.00
2025-04-08 16:09:27,185 - DEBUG - 局部搜索未能改进当前解
2025-04-08 16:09:27,189 - DEBUG - 执行AGV分配局部搜索，当前完工时间: 1780.00
2025-04-08 16:09:27,193 - DEBUG - 局部搜索未能改进当前解
2025-04-08 16:09:27,196 - DEBUG - 执行AGV分配局部搜索，当前完工时间: 1664.00
2025-04-08 16:09:27,200 - DEBUG - 局部搜索未能改进当前解
2025-04-08 16:09:27,203 - DEBUG - 执行AGV分配局部搜索，当前完工时间: 1705.00
2025-04-08 16:09:27,207 - DEBUG - AGV分配局部搜索成功！完工时间从 1705.00 降低到 1699.00，改进: 6.00 (0.35%)
2025-04-08 16:09:27,210 - DEBUG - 执行AGV分配局部搜索，当前完工时间: 1797.00
2025-04-08 16:09:27,214 - DEBUG - 局部搜索未能改进当前解
2025-04-08 16:09:27,218 - DEBUG - 执行AGV分配局部搜索，当前完工时间: 1712.00
2025-04-08 16:09:27,222 - DEBUG - 局部搜索未能改进当前解
2025-04-08 16:09:27,225 - DEBUG - 执行AGV分配局部搜索，当前完工时间: 1716.00
2025-04-08 16:09:27,229 - DEBUG - AGV分配局部搜索成功！完工时间从 1716.00 降低到 1709.00，改进: 7.00 (0.41%)
2025-04-08 16:09:27,233 - DEBUG - 执行AGV分配局部搜索，当前完工时间: 1746.00
2025-04-08 16:09:27,237 - DEBUG - 局部搜索未能改进当前解
2025-04-08 16:09:27,240 - DEBUG - 执行AGV分配局部搜索，当前完工时间: 1751.00
2025-04-08 16:09:27,244 - DEBUG - 局部搜索未能改进当前解
2025-04-08 16:09:27,247 - DEBUG - 执行AGV分配局部搜索，当前完工时间: 1714.00
2025-04-08 16:09:27,251 - DEBUG - 局部搜索未能改进当前解
2025-04-08 16:09:27,255 - DEBUG - 执行AGV分配局部搜索，当前完工时间: 1703.00
2025-04-08 16:09:27,258 - DEBUG - 局部搜索未能改进当前解
2025-04-08 16:09:27,262 - DEBUG - 执行AGV分配局部搜索，当前完工时间: 1730.00
2025-04-08 16:09:27,265 - DEBUG - 局部搜索未能改进当前解
2025-04-08 16:09:27,269 - DEBUG - 执行AGV分配局部搜索，当前完工时间: 1676.00
2025-04-08 16:09:27,273 - DEBUG - 局部搜索未能改进当前解
2025-04-08 16:09:27,276 - DEBUG - 执行AGV分配局部搜索，当前完工时间: 1674.00
2025-04-08 16:09:27,280 - DEBUG - 局部搜索未能改进当前解
2025-04-08 16:09:27,284 - DEBUG - 执行AGV分配局部搜索，当前完工时间: 1703.00
2025-04-08 16:09:27,288 - DEBUG - 局部搜索未能改进当前解
2025-04-08 16:09:27,292 - DEBUG - 执行AGV分配局部搜索，当前完工时间: 1779.00
2025-04-08 16:09:27,297 - DEBUG - 局部搜索未能改进当前解
2025-04-08 16:09:27,300 - DEBUG - 执行AGV分配局部搜索，当前完工时间: 1693.00
2025-04-08 16:09:27,304 - DEBUG - 局部搜索未能改进当前解
2025-04-08 16:09:27,307 - DEBUG - 执行AGV分配局部搜索，当前完工时间: 1664.00
2025-04-08 16:09:27,311 - DEBUG - 局部搜索未能改进当前解
2025-04-08 16:09:27,315 - DEBUG - 执行AGV分配局部搜索，当前完工时间: 1696.00
2025-04-08 16:09:27,318 - DEBUG - AGV分配局部搜索成功！完工时间从 1696.00 降低到 1689.00，改进: 7.00 (0.41%)
2025-04-08 16:09:27,323 - DEBUG - 执行AGV分配局部搜索，当前完工时间: 1753.00
2025-04-08 16:09:27,326 - DEBUG - 局部搜索未能改进当前解
2025-04-08 16:09:27,330 - DEBUG - 执行AGV分配局部搜索，当前完工时间: 1784.00
2025-04-08 16:09:27,333 - DEBUG - 局部搜索未能改进当前解
2025-04-08 16:09:27,337 - DEBUG - 执行AGV分配局部搜索，当前完工时间: 1748.00
2025-04-08 16:09:27,342 - DEBUG - 局部搜索未能改进当前解
2025-04-08 16:09:27,345 - DEBUG - 执行AGV分配局部搜索，当前完工时间: 1753.00
2025-04-08 16:09:27,349 - DEBUG - 局部搜索未能改进当前解
2025-04-08 16:09:27,352 - DEBUG - 执行AGV分配局部搜索，当前完工时间: 1718.00
2025-04-08 16:09:27,356 - DEBUG - AGV分配局部搜索成功！完工时间从 1718.00 降低到 1697.00，改进: 21.00 (1.22%)
2025-04-08 16:09:27,360 - DEBUG - 执行AGV分配局部搜索，当前完工时间: 1752.00
2025-04-08 16:09:27,364 - DEBUG - 局部搜索未能改进当前解
2025-04-08 16:09:27,368 - DEBUG - 执行AGV分配局部搜索，当前完工时间: 1715.00
2025-04-08 16:09:27,372 - DEBUG - 局部搜索未能改进当前解
2025-04-08 16:09:27,375 - DEBUG - 执行AGV分配局部搜索，当前完工时间: 1745.00
2025-04-08 16:09:27,379 - DEBUG - AGV分配局部搜索成功！完工时间从 1745.00 降低到 1698.00，改进: 47.00 (2.69%)
2025-04-08 16:09:27,383 - DEBUG - 执行AGV分配局部搜索，当前完工时间: 1690.00
2025-04-08 16:09:27,387 - DEBUG - AGV分配局部搜索成功！完工时间从 1690.00 降低到 1666.00，改进: 24.00 (1.42%)
2025-04-08 16:09:27,390 - DEBUG - 执行AGV分配局部搜索，当前完工时间: 1694.00
2025-04-08 16:09:27,394 - DEBUG - 局部搜索未能改进当前解
2025-04-08 16:09:27,397 - DEBUG - 执行AGV分配局部搜索，当前完工时间: 1864.00
2025-04-08 16:09:27,402 - DEBUG - 局部搜索未能改进当前解
2025-04-08 16:09:27,406 - DEBUG - 执行AGV分配局部搜索，当前完工时间: 1734.00
2025-04-08 16:09:27,408 - DEBUG - 局部搜索未能改进当前解
2025-04-08 16:09:27,412 - DEBUG - 执行AGV分配局部搜索，当前完工时间: 1689.00
2025-04-08 16:09:27,416 - DEBUG - 局部搜索未能改进当前解
2025-04-08 16:09:27,420 - DEBUG - 执行AGV分配局部搜索，当前完工时间: 1712.00
2025-04-08 16:09:27,424 - DEBUG - 局部搜索未能改进当前解
2025-04-08 16:09:27,428 - DEBUG - 执行AGV分配局部搜索，当前完工时间: 1679.00
2025-04-08 16:09:27,431 - DEBUG - 局部搜索未能改进当前解
2025-04-08 16:09:27,436 - DEBUG - 执行AGV分配局部搜索，当前完工时间: 1668.00
2025-04-08 16:09:27,438 - DEBUG - 局部搜索未能改进当前解
2025-04-08 16:09:27,443 - DEBUG - 执行AGV分配局部搜索，当前完工时间: 1719.00
2025-04-08 16:09:27,446 - DEBUG - 局部搜索未能改进当前解
2025-04-08 16:09:27,450 - DEBUG - 执行AGV分配局部搜索，当前完工时间: 1706.00
2025-04-08 16:09:27,454 - DEBUG - 局部搜索未能改进当前解
2025-04-08 16:09:27,458 - DEBUG - 执行AGV分配局部搜索，当前完工时间: 1846.00
2025-04-08 16:09:27,462 - DEBUG - 局部搜索未能改进当前解
2025-04-08 16:09:27,465 - DEBUG - 执行AGV分配局部搜索，当前完工时间: 1759.00
2025-04-08 16:09:27,469 - DEBUG - AGV分配局部搜索成功！完工时间从 1759.00 降低到 1758.00，改进: 1.00 (0.06%)
2025-04-08 16:09:27,473 - DEBUG - 执行AGV分配局部搜索，当前完工时间: 1721.00
2025-04-08 16:09:27,476 - DEBUG - 局部搜索未能改进当前解
2025-04-08 16:09:27,481 - DEBUG - 执行AGV分配局部搜索，当前完工时间: 1732.00
2025-04-08 16:09:27,484 - DEBUG - 局部搜索未能改进当前解
2025-04-08 16:09:27,487 - DEBUG - 执行AGV分配局部搜索，当前完工时间: 1748.00
2025-04-08 16:09:27,492 - DEBUG - 局部搜索未能改进当前解
2025-04-08 16:09:27,496 - DEBUG - 执行AGV分配局部搜索，当前完工时间: 1705.00
2025-04-08 16:09:27,499 - DEBUG - 局部搜索未能改进当前解
2025-04-08 16:09:27,503 - DEBUG - 执行AGV分配局部搜索，当前完工时间: 1707.00
2025-04-08 16:09:27,507 - DEBUG - 局部搜索未能改进当前解
2025-04-08 16:09:27,511 - DEBUG - 执行AGV分配局部搜索，当前完工时间: 1757.00
2025-04-08 16:09:27,514 - DEBUG - 局部搜索未能改进当前解
2025-04-08 16:09:27,519 - DEBUG - 执行AGV分配局部搜索，当前完工时间: 1707.00
2025-04-08 16:09:27,522 - DEBUG - 局部搜索未能改进当前解
2025-04-08 16:09:27,526 - DEBUG - 执行AGV分配局部搜索，当前完工时间: 1832.00
2025-04-08 16:09:27,530 - DEBUG - AGV分配局部搜索成功！完工时间从 1832.00 降低到 1752.00，改进: 80.00 (4.37%)
2025-04-08 16:09:27,534 - DEBUG - 执行AGV分配局部搜索，当前完工时间: 1684.00
2025-04-08 16:09:27,537 - DEBUG - 局部搜索未能改进当前解
2025-04-08 16:09:27,541 - DEBUG - 执行AGV分配局部搜索，当前完工时间: 1757.00
2025-04-08 16:09:27,544 - DEBUG - 局部搜索未能改进当前解
2025-04-08 16:09:27,548 - DEBUG - 执行AGV分配局部搜索，当前完工时间: 1700.00
2025-04-08 16:09:27,552 - DEBUG - 局部搜索未能改进当前解
2025-04-08 16:09:27,556 - DEBUG - 执行AGV分配局部搜索，当前完工时间: 1733.00
2025-04-08 16:09:27,560 - DEBUG - 局部搜索未能改进当前解
2025-04-08 16:09:27,564 - DEBUG - 执行AGV分配局部搜索，当前完工时间: 1707.00
2025-04-08 16:09:27,568 - DEBUG - 局部搜索未能改进当前解
2025-04-08 16:09:27,572 - DEBUG - 执行AGV分配局部搜索，当前完工时间: 1783.00
2025-04-08 16:09:27,575 - DEBUG - 局部搜索未能改进当前解
2025-04-08 16:09:27,580 - DEBUG - 执行AGV分配局部搜索，当前完工时间: 1742.00
2025-04-08 16:09:27,583 - DEBUG - AGV分配局部搜索成功！完工时间从 1742.00 降低到 1709.00，改进: 33.00 (1.89%)
2025-04-08 16:09:27,586 - DEBUG - 执行AGV分配局部搜索，当前完工时间: 1833.00
2025-04-08 16:09:27,591 - DEBUG - 局部搜索未能改进当前解
2025-04-08 16:09:27,595 - DEBUG - 执行AGV分配局部搜索，当前完工时间: 1721.00
2025-04-08 16:09:27,599 - DEBUG - 局部搜索未能改进当前解
2025-04-08 16:09:27,602 - DEBUG - 执行AGV分配局部搜索，当前完工时间: 1701.00
2025-04-08 16:09:27,606 - DEBUG - 局部搜索未能改进当前解
2025-04-08 16:09:27,609 - DEBUG - 执行AGV分配局部搜索，当前完工时间: 1761.00
2025-04-08 16:09:27,613 - DEBUG - 局部搜索未能改进当前解
2025-04-08 16:09:27,616 - DEBUG - 执行AGV分配局部搜索，当前完工时间: 1848.00
2025-04-08 16:09:27,620 - DEBUG - AGV分配局部搜索成功！完工时间从 1848.00 降低到 1777.00，改进: 71.00 (3.84%)
2025-04-08 16:09:27,623 - DEBUG - 执行AGV分配局部搜索，当前完工时间: 1782.00
2025-04-08 16:09:27,628 - DEBUG - 局部搜索未能改进当前解
2025-04-08 16:09:27,628 - DEBUG - ==================================================
2025-04-08 16:09:27,628 - DEBUG - Efficiency Statistics of Local Search :
2025-04-08 16:09:27,628 - DEBUG - Number of attempts: 99
2025-04-08 16:09:27,628 - DEBUG - Average Success Rate: 15.15%
2025-04-08 16:09:27,628 - DEBUG - AGV Local Search Success: 15，Average Improvement: 24.33
2025-04-08 16:09:27,631 - DEBUG - 执行AGV分配局部搜索，当前完工时间: 1846.00
2025-04-08 16:09:27,636 - DEBUG - 局部搜索未能改进当前解
2025-04-08 16:09:27,638 - DEBUG - 执行AGV分配局部搜索，当前完工时间: 1752.00
2025-04-08 16:09:27,643 - DEBUG - 局部搜索未能改进当前解
2025-04-08 16:09:27,646 - DEBUG - 执行AGV分配局部搜索，当前完工时间: 1801.00
2025-04-08 16:09:27,651 - DEBUG - 局部搜索未能改进当前解
2025-04-08 16:09:27,655 - DEBUG - 执行AGV分配局部搜索，当前完工时间: 1718.00
2025-04-08 16:09:27,659 - DEBUG - 局部搜索未能改进当前解
2025-04-08 16:09:27,662 - DEBUG - 执行AGV分配局部搜索，当前完工时间: 1732.00
2025-04-08 16:09:27,666 - DEBUG - 局部搜索未能改进当前解
2025-04-08 16:09:27,671 - DEBUG - 执行AGV分配局部搜索，当前完工时间: 1664.00
2025-04-08 16:09:27,674 - DEBUG - 局部搜索未能改进当前解
2025-04-08 16:09:27,677 - DEBUG - 执行AGV分配局部搜索，当前完工时间: 1668.00
2025-04-08 16:09:27,681 - DEBUG - 局部搜索未能改进当前解
2025-04-08 16:09:27,685 - DEBUG - 执行AGV分配局部搜索，当前完工时间: 1679.00
2025-04-08 16:09:27,688 - DEBUG - 局部搜索未能改进当前解
2025-04-08 16:09:27,692 - DEBUG - 执行AGV分配局部搜索，当前完工时间: 1674.00
2025-04-08 16:09:27,695 - DEBUG - 局部搜索未能改进当前解
2025-04-08 16:09:27,699 - DEBUG - 执行AGV分配局部搜索，当前完工时间: 1706.00
2025-04-08 16:09:27,703 - DEBUG - 局部搜索未能改进当前解
2025-04-08 16:09:27,707 - DEBUG - 执行AGV分配局部搜索，当前完工时间: 1661.00
2025-04-08 16:09:27,710 - DEBUG - 局部搜索未能改进当前解
2025-04-08 16:09:27,714 - DEBUG - 执行AGV分配局部搜索，当前完工时间: 1931.00
2025-04-08 16:09:27,717 - DEBUG - 局部搜索未能改进当前解
2025-04-08 16:09:27,721 - DEBUG - 执行AGV分配局部搜索，当前完工时间: 1720.00
2025-04-08 16:09:27,725 - DEBUG - 局部搜索未能改进当前解
2025-04-08 16:09:27,729 - DEBUG - 执行AGV分配局部搜索，当前完工时间: 1664.00
2025-04-08 16:09:27,732 - DEBUG - 局部搜索未能改进当前解
2025-04-08 16:09:27,736 - DEBUG - 执行AGV分配局部搜索，当前完工时间: 1668.00
2025-04-08 16:09:27,740 - DEBUG - 局部搜索未能改进当前解
2025-04-08 16:09:27,743 - DEBUG - 执行AGV分配局部搜索，当前完工时间: 1709.00
2025-04-08 16:09:27,747 - DEBUG - 局部搜索未能改进当前解
2025-04-08 16:09:27,751 - DEBUG - 执行AGV分配局部搜索，当前完工时间: 1754.00
2025-04-08 16:09:27,755 - DEBUG - 局部搜索未能改进当前解
2025-04-08 16:09:27,758 - DEBUG - 执行AGV分配局部搜索，当前完工时间: 1739.00
2025-04-08 16:09:27,762 - DEBUG - 局部搜索未能改进当前解
2025-04-08 16:09:27,765 - DEBUG - 执行AGV分配局部搜索，当前完工时间: 1738.00
2025-04-08 16:09:27,769 - DEBUG - 局部搜索未能改进当前解
2025-04-08 16:09:27,772 - DEBUG - 执行AGV分配局部搜索，当前完工时间: 1730.00
2025-04-08 16:09:27,775 - DEBUG - 局部搜索未能改进当前解
2025-04-08 16:09:27,780 - DEBUG - 执行AGV分配局部搜索，当前完工时间: 1682.00
2025-04-08 16:09:27,784 - DEBUG - 局部搜索未能改进当前解
2025-04-08 16:09:27,787 - DEBUG - 执行AGV分配局部搜索，当前完工时间: 1768.00
2025-04-08 16:09:27,791 - DEBUG - 局部搜索未能改进当前解
2025-04-08 16:09:27,794 - DEBUG - 执行AGV分配局部搜索，当前完工时间: 1712.00
2025-04-08 16:09:27,797 - DEBUG - 局部搜索未能改进当前解
2025-04-08 16:09:27,802 - DEBUG - 执行AGV分配局部搜索，当前完工时间: 1706.00
2025-04-08 16:09:27,806 - DEBUG - 局部搜索未能改进当前解
2025-04-08 16:09:27,809 - DEBUG - 执行AGV分配局部搜索，当前完工时间: 1684.00
2025-04-08 16:09:27,814 - DEBUG - 局部搜索未能改进当前解
2025-04-08 16:09:27,818 - DEBUG - 执行AGV分配局部搜索，当前完工时间: 1712.00
2025-04-08 16:09:27,821 - DEBUG - 局部搜索未能改进当前解
2025-04-08 16:09:27,825 - DEBUG - 执行AGV分配局部搜索，当前完工时间: 1739.00
2025-04-08 16:09:27,829 - DEBUG - 局部搜索未能改进当前解
2025-04-08 16:09:27,833 - DEBUG - 执行AGV分配局部搜索，当前完工时间: 1736.00
2025-04-08 16:09:27,836 - DEBUG - 局部搜索未能改进当前解
2025-04-08 16:09:27,840 - DEBUG - 执行AGV分配局部搜索，当前完工时间: 1775.00
2025-04-08 16:09:27,844 - DEBUG - 局部搜索未能改进当前解
2025-04-08 16:09:27,847 - DEBUG - 执行AGV分配局部搜索，当前完工时间: 1816.00
2025-04-08 16:09:27,851 - DEBUG - 局部搜索未能改进当前解
2025-04-08 16:09:27,855 - DEBUG - 执行AGV分配局部搜索，当前完工时间: 1716.00
2025-04-08 16:09:27,858 - DEBUG - 局部搜索未能改进当前解
2025-04-08 16:09:27,862 - DEBUG - 执行AGV分配局部搜索，当前完工时间: 1721.00
2025-04-08 16:09:27,865 - DEBUG - 局部搜索未能改进当前解
2025-04-08 16:09:27,870 - DEBUG - 执行AGV分配局部搜索，当前完工时间: 1715.00
2025-04-08 16:09:27,873 - DEBUG - 局部搜索未能改进当前解
2025-04-08 16:09:27,876 - DEBUG - 执行AGV分配局部搜索，当前完工时间: 1726.00
2025-04-08 16:09:27,881 - DEBUG - 局部搜索未能改进当前解
2025-04-08 16:09:27,884 - DEBUG - 执行AGV分配局部搜索，当前完工时间: 1855.00
2025-04-08 16:09:27,887 - DEBUG - 局部搜索未能改进当前解
2025-04-08 16:09:27,892 - DEBUG - 执行AGV分配局部搜索，当前完工时间: 1713.00
2025-04-08 16:09:27,895 - DEBUG - 局部搜索未能改进当前解
2025-04-08 16:09:27,899 - DEBUG - 执行AGV分配局部搜索，当前完工时间: 1740.00
2025-04-08 16:09:27,903 - DEBUG - 局部搜索未能改进当前解
2025-04-08 16:09:27,907 - DEBUG - 执行AGV分配局部搜索，当前完工时间: 1740.00
2025-04-08 16:09:27,910 - DEBUG - 局部搜索未能改进当前解
2025-04-08 16:09:27,915 - DEBUG - 执行AGV分配局部搜索，当前完工时间: 1824.00
2025-04-08 16:09:27,919 - DEBUG - 局部搜索未能改进当前解
2025-04-08 16:09:27,922 - DEBUG - 执行AGV分配局部搜索，当前完工时间: 1707.00
2025-04-08 16:09:27,926 - DEBUG - 局部搜索未能改进当前解
2025-04-08 16:09:27,930 - DEBUG - 执行AGV分配局部搜索，当前完工时间: 1658.00
2025-04-08 16:09:27,934 - DEBUG - 局部搜索未能改进当前解
2025-04-08 16:09:27,937 - DEBUG - 执行AGV分配局部搜索，当前完工时间: 1764.00
2025-04-08 16:09:27,942 - DEBUG - 局部搜索未能改进当前解
2025-04-08 16:09:27,945 - DEBUG - 执行AGV分配局部搜索，当前完工时间: 1734.00
2025-04-08 16:09:27,949 - DEBUG - 局部搜索未能改进当前解
2025-04-08 16:09:27,953 - DEBUG - 执行AGV分配局部搜索，当前完工时间: 1776.00
2025-04-08 16:09:27,956 - DEBUG - 局部搜索未能改进当前解
2025-04-08 16:09:27,960 - DEBUG - 执行AGV分配局部搜索，当前完工时间: 1707.00
2025-04-08 16:09:27,964 - DEBUG - 局部搜索未能改进当前解
2025-04-08 16:09:27,968 - DEBUG - 执行AGV分配局部搜索，当前完工时间: 1756.00
2025-04-08 16:09:27,972 - DEBUG - 局部搜索未能改进当前解
2025-04-08 16:09:27,976 - DEBUG - 执行AGV分配局部搜索，当前完工时间: 1707.00
2025-04-08 16:09:27,980 - DEBUG - 局部搜索未能改进当前解
2025-04-08 16:09:27,984 - DEBUG - 执行AGV分配局部搜索，当前完工时间: 1736.00
2025-04-08 16:09:27,989 - DEBUG - 局部搜索未能改进当前解
2025-04-08 16:09:27,993 - DEBUG - 执行AGV分配局部搜索，当前完工时间: 1688.00
2025-04-08 16:09:27,998 - DEBUG - 局部搜索未能改进当前解
2025-04-08 16:09:28,001 - DEBUG - 执行AGV分配局部搜索，当前完工时间: 1800.00
2025-04-08 16:09:28,005 - DEBUG - 局部搜索未能改进当前解
2025-04-08 16:09:28,008 - DEBUG - 执行AGV分配局部搜索，当前完工时间: 1730.00
2025-04-08 16:09:28,012 - DEBUG - 局部搜索未能改进当前解
2025-04-08 16:09:28,017 - DEBUG - 执行AGV分配局部搜索，当前完工时间: 1678.00
2025-04-08 16:09:28,020 - DEBUG - 局部搜索未能改进当前解
2025-04-08 16:09:28,023 - DEBUG - 执行AGV分配局部搜索，当前完工时间: 1772.00
2025-04-08 16:09:28,027 - DEBUG - 局部搜索未能改进当前解
2025-04-08 16:09:28,031 - DEBUG - 执行AGV分配局部搜索，当前完工时间: 1777.00
2025-04-08 16:09:28,035 - DEBUG - 局部搜索未能改进当前解
2025-04-08 16:09:28,038 - DEBUG - 执行AGV分配局部搜索，当前完工时间: 1792.00
2025-04-08 16:09:28,042 - DEBUG - 局部搜索未能改进当前解
2025-04-08 16:09:28,046 - DEBUG - 执行AGV分配局部搜索，当前完工时间: 1753.00
2025-04-08 16:09:28,049 - DEBUG - 局部搜索未能改进当前解
2025-04-08 16:09:28,053 - DEBUG - 执行AGV分配局部搜索，当前完工时间: 1665.00
2025-04-08 16:09:28,057 - DEBUG - 局部搜索未能改进当前解
2025-04-08 16:09:28,061 - DEBUG - 执行AGV分配局部搜索，当前完工时间: 1802.00
2025-04-08 16:09:28,064 - DEBUG - 局部搜索未能改进当前解
2025-04-08 16:09:28,068 - DEBUG - 执行AGV分配局部搜索，当前完工时间: 1809.00
2025-04-08 16:09:28,072 - DEBUG - AGV分配局部搜索成功！完工时间从 1809.00 降低到 1743.00，改进: 66.00 (3.65%)
2025-04-08 16:09:28,076 - DEBUG - 执行AGV分配局部搜索，当前完工时间: 1884.00
2025-04-08 16:09:28,080 - DEBUG - 局部搜索未能改进当前解
2025-04-08 16:09:28,084 - DEBUG - 执行AGV分配局部搜索，当前完工时间: 1740.00
2025-04-08 16:09:28,087 - DEBUG - 局部搜索未能改进当前解
2025-04-08 16:09:28,092 - DEBUG - 执行AGV分配局部搜索，当前完工时间: 1797.00
2025-04-08 16:09:28,096 - DEBUG - 局部搜索未能改进当前解
2025-04-08 16:09:28,100 - DEBUG - 执行AGV分配局部搜索，当前完工时间: 1723.00
2025-04-08 16:09:28,104 - DEBUG - AGV分配局部搜索成功！完工时间从 1723.00 降低到 1714.00，改进: 9.00 (0.52%)
2025-04-08 16:09:28,107 - DEBUG - 执行AGV分配局部搜索，当前完工时间: 1726.00
2025-04-08 16:09:28,110 - DEBUG - 局部搜索未能改进当前解
2025-04-08 16:09:28,114 - DEBUG - 执行AGV分配局部搜索，当前完工时间: 1702.00
2025-04-08 16:09:28,118 - DEBUG - 局部搜索未能改进当前解
2025-04-08 16:09:28,123 - DEBUG - 执行AGV分配局部搜索，当前完工时间: 1641.00
2025-04-08 16:09:28,127 - DEBUG - 局部搜索未能改进当前解
2025-04-08 16:09:28,131 - DEBUG - 执行AGV分配局部搜索，当前完工时间: 1723.00
2025-04-08 16:09:28,135 - DEBUG - 局部搜索未能改进当前解
2025-04-08 16:09:28,138 - DEBUG - 执行AGV分配局部搜索，当前完工时间: 1693.00
2025-04-08 16:09:28,143 - DEBUG - 局部搜索未能改进当前解
2025-04-08 16:09:28,147 - DEBUG - 执行AGV分配局部搜索，当前完工时间: 1768.00
2025-04-08 16:09:28,151 - DEBUG - 局部搜索未能改进当前解
2025-04-08 16:09:28,154 - DEBUG - 执行AGV分配局部搜索，当前完工时间: 1718.00
2025-04-08 16:09:28,159 - DEBUG - 局部搜索未能改进当前解
2025-04-08 16:09:28,162 - DEBUG - 执行AGV分配局部搜索，当前完工时间: 1707.00
2025-04-08 16:09:28,165 - DEBUG - 局部搜索未能改进当前解
2025-04-08 16:09:28,170 - DEBUG - 执行AGV分配局部搜索，当前完工时间: 1685.00
2025-04-08 16:09:28,173 - DEBUG - AGV分配局部搜索成功！完工时间从 1685.00 降低到 1671.00，改进: 14.00 (0.83%)
2025-04-08 16:09:28,177 - DEBUG - 执行AGV分配局部搜索，当前完工时间: 1720.00
2025-04-08 16:09:28,181 - DEBUG - AGV分配局部搜索成功！完工时间从 1720.00 降低到 1707.00，改进: 13.00 (0.76%)
2025-04-08 16:09:28,185 - DEBUG - 执行AGV分配局部搜索，当前完工时间: 1725.00
2025-04-08 16:09:28,189 - DEBUG - 局部搜索未能改进当前解
2025-04-08 16:09:28,193 - DEBUG - 执行AGV分配局部搜索，当前完工时间: 1725.00
2025-04-08 16:09:28,196 - DEBUG - 局部搜索未能改进当前解
2025-04-08 16:09:28,200 - DEBUG - 执行AGV分配局部搜索，当前完工时间: 1730.00
2025-04-08 16:09:28,204 - DEBUG - 局部搜索未能改进当前解
2025-04-08 16:09:28,208 - DEBUG - 执行AGV分配局部搜索，当前完工时间: 1749.00
2025-04-08 16:09:28,212 - DEBUG - 局部搜索未能改进当前解
2025-04-08 16:09:28,216 - DEBUG - 执行AGV分配局部搜索，当前完工时间: 1700.00
2025-04-08 16:09:28,220 - DEBUG - 局部搜索未能改进当前解
2025-04-08 16:09:28,223 - DEBUG - 执行AGV分配局部搜索，当前完工时间: 1744.00
2025-04-08 16:09:28,227 - DEBUG - 局部搜索未能改进当前解
2025-04-08 16:09:28,231 - DEBUG - 执行AGV分配局部搜索，当前完工时间: 1775.00
2025-04-08 16:09:28,235 - DEBUG - 局部搜索未能改进当前解
2025-04-08 16:09:28,238 - DEBUG - 执行AGV分配局部搜索，当前完工时间: 1703.00
2025-04-08 16:09:28,242 - DEBUG - 局部搜索未能改进当前解
2025-04-08 16:09:28,245 - DEBUG - 执行AGV分配局部搜索，当前完工时间: 1735.00
2025-04-08 16:09:28,250 - DEBUG - 局部搜索未能改进当前解
2025-04-08 16:09:28,254 - DEBUG - 执行AGV分配局部搜索，当前完工时间: 1700.00
2025-04-08 16:09:28,257 - DEBUG - 局部搜索未能改进当前解
2025-04-08 16:09:28,260 - DEBUG - 执行AGV分配局部搜索，当前完工时间: 1742.00
2025-04-08 16:09:28,264 - DEBUG - 局部搜索未能改进当前解
2025-04-08 16:09:28,268 - DEBUG - 执行AGV分配局部搜索，当前完工时间: 1716.00
2025-04-08 16:09:28,272 - DEBUG - 局部搜索未能改进当前解
2025-04-08 16:09:28,275 - DEBUG - 执行AGV分配局部搜索，当前完工时间: 1736.00
2025-04-08 16:09:28,280 - DEBUG - 局部搜索未能改进当前解
2025-04-08 16:09:28,284 - DEBUG - 执行AGV分配局部搜索，当前完工时间: 1742.00
2025-04-08 16:09:28,287 - DEBUG - 局部搜索未能改进当前解
2025-04-08 16:09:28,291 - DEBUG - 执行AGV分配局部搜索，当前完工时间: 1693.00
2025-04-08 16:09:28,294 - DEBUG - 局部搜索未能改进当前解
2025-04-08 16:09:28,299 - DEBUG - 执行AGV分配局部搜索，当前完工时间: 1776.00
2025-04-08 16:09:28,302 - DEBUG - AGV分配局部搜索成功！完工时间从 1776.00 降低到 1705.00，改进: 71.00 (4.00%)
2025-04-08 16:09:28,306 - DEBUG - 执行AGV分配局部搜索，当前完工时间: 1760.00
2025-04-08 16:09:28,310 - DEBUG - 局部搜索未能改进当前解
2025-04-08 16:09:28,314 - DEBUG - 执行AGV分配局部搜索，当前完工时间: 1664.00
2025-04-08 16:09:28,318 - DEBUG - 局部搜索未能改进当前解
2025-04-08 16:09:28,320 - DEBUG - 执行AGV分配局部搜索，当前完工时间: 1720.00
2025-04-08 16:09:28,326 - DEBUG - 局部搜索未能改进当前解
2025-04-08 16:09:28,329 - DEBUG - 执行AGV分配局部搜索，当前完工时间: 1708.00
2025-04-08 16:09:28,333 - DEBUG - 局部搜索未能改进当前解
2025-04-08 16:09:28,336 - DEBUG - 执行AGV分配局部搜索，当前完工时间: 1737.00
2025-04-08 16:09:28,339 - DEBUG - 局部搜索未能改进当前解
2025-04-08 16:09:28,343 - DEBUG - 执行AGV分配局部搜索，当前完工时间: 1747.00
2025-04-08 16:09:28,347 - DEBUG - 局部搜索未能改进当前解
2025-04-08 16:09:28,351 - DEBUG - 执行AGV分配局部搜索，当前完工时间: 1893.00
2025-04-08 16:09:28,355 - DEBUG - 局部搜索未能改进当前解
2025-04-08 16:09:28,359 - DEBUG - 执行AGV分配局部搜索，当前完工时间: 1682.00
2025-04-08 16:09:28,362 - DEBUG - 局部搜索未能改进当前解
2025-04-08 16:09:28,366 - DEBUG - 执行AGV分配局部搜索，当前完工时间: 1703.00
2025-04-08 16:09:28,371 - DEBUG - 局部搜索未能改进当前解
2025-04-08 16:09:28,374 - DEBUG - 执行AGV分配局部搜索，当前完工时间: 1707.00
2025-04-08 16:09:28,378 - DEBUG - 局部搜索未能改进当前解
2025-04-08 16:09:28,378 - DEBUG - ==================================================
2025-04-08 16:09:28,378 - DEBUG - Efficiency Statistics of Local Search :
2025-04-08 16:09:28,378 - DEBUG - Number of attempts: 99
2025-04-08 16:09:28,378 - DEBUG - Average Success Rate: 5.05%
2025-04-08 16:09:28,378 - DEBUG - AGV Local Search Success: 5，Average Improvement: 34.60
2025-04-08 16:09:28,382 - DEBUG - 执行AGV分配局部搜索，当前完工时间: 1785.00
2025-04-08 16:09:28,385 - DEBUG - AGV分配局部搜索成功！完工时间从 1785.00 降低到 1752.00，改进: 33.00 (1.85%)
2025-04-08 16:09:28,389 - DEBUG - 执行AGV分配局部搜索，当前完工时间: 1825.00
2025-04-08 16:09:28,393 - DEBUG - 局部搜索未能改进当前解
2025-04-08 16:09:28,397 - DEBUG - 执行AGV分配局部搜索，当前完工时间: 1782.00
2025-04-08 16:09:28,401 - DEBUG - 局部搜索未能改进当前解
2025-04-08 16:09:28,405 - DEBUG - 执行AGV分配局部搜索，当前完工时间: 1756.00
2025-04-08 16:09:28,409 - DEBUG - AGV分配局部搜索成功！完工时间从 1756.00 降低到 1753.00，改进: 3.00 (0.17%)
2025-04-08 16:09:28,412 - DEBUG - 执行AGV分配局部搜索，当前完工时间: 1693.00
2025-04-08 16:09:28,416 - DEBUG - 局部搜索未能改进当前解
2025-04-08 16:09:28,420 - DEBUG - 执行AGV分配局部搜索，当前完工时间: 1716.00
2025-04-08 16:09:28,423 - DEBUG - 局部搜索未能改进当前解
2025-04-08 16:09:28,427 - DEBUG - 执行AGV分配局部搜索，当前完工时间: 1678.00
2025-04-08 16:09:28,431 - DEBUG - 局部搜索未能改进当前解
2025-04-08 16:09:28,434 - DEBUG - 执行AGV分配局部搜索，当前完工时间: 1712.00
2025-04-08 16:09:28,437 - DEBUG - 局部搜索未能改进当前解
2025-04-08 16:09:28,441 - DEBUG - 执行AGV分配局部搜索，当前完工时间: 1747.00
2025-04-08 16:09:28,446 - DEBUG - AGV分配局部搜索成功！完工时间从 1747.00 降低到 1728.00，改进: 19.00 (1.09%)
2025-04-08 16:09:28,449 - DEBUG - 执行AGV分配局部搜索，当前完工时间: 1709.00
2025-04-08 16:09:28,454 - DEBUG - 局部搜索未能改进当前解
2025-04-08 16:09:28,457 - DEBUG - 执行AGV分配局部搜索，当前完工时间: 1703.00
2025-04-08 16:09:28,460 - DEBUG - 局部搜索未能改进当前解
2025-04-08 16:09:28,464 - DEBUG - 执行AGV分配局部搜索，当前完工时间: 1744.00
2025-04-08 16:09:28,468 - DEBUG - 局部搜索未能改进当前解
2025-04-08 16:09:28,471 - DEBUG - 执行AGV分配局部搜索，当前完工时间: 1778.00
2025-04-08 16:09:28,476 - DEBUG - 局部搜索未能改进当前解
2025-04-08 16:09:28,479 - DEBUG - 执行AGV分配局部搜索，当前完工时间: 1670.00
2025-04-08 16:09:28,483 - DEBUG - 局部搜索未能改进当前解
2025-04-08 16:09:28,487 - DEBUG - 执行AGV分配局部搜索，当前完工时间: 1710.00
2025-04-08 16:09:28,490 - DEBUG - 局部搜索未能改进当前解
2025-04-08 16:09:28,494 - DEBUG - 执行AGV分配局部搜索，当前完工时间: 1690.00
2025-04-08 16:09:28,498 - DEBUG - 局部搜索未能改进当前解
2025-04-08 16:09:28,501 - DEBUG - 执行AGV分配局部搜索，当前完工时间: 1726.00
2025-04-08 16:09:28,505 - DEBUG - 局部搜索未能改进当前解
2025-04-08 16:09:28,509 - DEBUG - 执行AGV分配局部搜索，当前完工时间: 1766.00
2025-04-08 16:09:28,513 - DEBUG - 局部搜索未能改进当前解
2025-04-08 16:09:28,517 - DEBUG - 执行AGV分配局部搜索，当前完工时间: 1664.00
2025-04-08 16:09:28,520 - DEBUG - 局部搜索未能改进当前解
2025-04-08 16:09:28,523 - DEBUG - 执行AGV分配局部搜索，当前完工时间: 1664.00
2025-04-08 16:09:28,526 - DEBUG - 局部搜索未能改进当前解
2025-04-08 16:09:28,530 - DEBUG - 执行AGV分配局部搜索，当前完工时间: 1739.00
2025-04-08 16:09:28,533 - DEBUG - 局部搜索未能改进当前解
2025-04-08 16:09:28,537 - DEBUG - 执行AGV分配局部搜索，当前完工时间: 1670.00
2025-04-08 16:09:28,541 - DEBUG - 局部搜索未能改进当前解
2025-04-08 16:09:28,545 - DEBUG - 执行AGV分配局部搜索，当前完工时间: 1691.00
2025-04-08 16:09:28,549 - DEBUG - 局部搜索未能改进当前解
2025-04-08 16:09:28,552 - DEBUG - 执行AGV分配局部搜索，当前完工时间: 1712.00
2025-04-08 16:09:28,556 - DEBUG - 局部搜索未能改进当前解
2025-04-08 16:09:28,560 - DEBUG - 执行AGV分配局部搜索，当前完工时间: 1697.00
2025-04-08 16:09:28,563 - DEBUG - 局部搜索未能改进当前解
2025-04-08 16:09:28,567 - DEBUG - 执行AGV分配局部搜索，当前完工时间: 1700.00
2025-04-08 16:09:28,570 - DEBUG - AGV分配局部搜索成功！完工时间从 1700.00 降低到 1686.00，改进: 14.00 (0.82%)
2025-04-08 16:09:28,574 - DEBUG - 执行AGV分配局部搜索，当前完工时间: 1689.00
2025-04-08 16:09:28,576 - DEBUG - 局部搜索未能改进当前解
2025-04-08 16:09:28,581 - DEBUG - 执行AGV分配局部搜索，当前完工时间: 1776.00
2025-04-08 16:09:28,585 - DEBUG - 局部搜索未能改进当前解
2025-04-08 16:09:28,588 - DEBUG - 执行AGV分配局部搜索，当前完工时间: 1688.00
2025-04-08 16:09:28,591 - DEBUG - 局部搜索未能改进当前解
2025-04-08 16:09:28,595 - DEBUG - 执行AGV分配局部搜索，当前完工时间: 1795.00
2025-04-08 16:09:28,598 - DEBUG - 局部搜索未能改进当前解
2025-04-08 16:09:28,603 - DEBUG - 执行AGV分配局部搜索，当前完工时间: 1808.00
2025-04-08 16:09:28,606 - DEBUG - 局部搜索未能改进当前解
2025-04-08 16:09:28,610 - DEBUG - 执行AGV分配局部搜索，当前完工时间: 1669.00
2025-04-08 16:09:28,612 - DEBUG - 局部搜索未能改进当前解
2025-04-08 16:09:28,616 - DEBUG - 执行AGV分配局部搜索，当前完工时间: 1680.00
2025-04-08 16:09:28,620 - DEBUG - 局部搜索未能改进当前解
2025-04-08 16:09:28,624 - DEBUG - 执行AGV分配局部搜索，当前完工时间: 1664.00
2025-04-08 16:09:28,628 - DEBUG - 局部搜索未能改进当前解
2025-04-08 16:09:28,631 - DEBUG - 执行AGV分配局部搜索，当前完工时间: 1740.00
2025-04-08 16:09:28,634 - DEBUG - AGV分配局部搜索成功！完工时间从 1740.00 降低到 1716.00，改进: 24.00 (1.38%)
2025-04-08 16:09:28,638 - DEBUG - 执行AGV分配局部搜索，当前完工时间: 1738.00
2025-04-08 16:09:28,642 - DEBUG - 局部搜索未能改进当前解
2025-04-08 16:09:28,645 - DEBUG - 执行AGV分配局部搜索，当前完工时间: 1675.00
2025-04-08 16:09:28,649 - DEBUG - AGV分配局部搜索成功！完工时间从 1675.00 降低到 1673.00，改进: 2.00 (0.12%)
2025-04-08 16:09:28,653 - DEBUG - 执行AGV分配局部搜索，当前完工时间: 1687.00
2025-04-08 16:09:28,656 - DEBUG - 局部搜索未能改进当前解
2025-04-08 16:09:28,660 - DEBUG - 执行AGV分配局部搜索，当前完工时间: 1692.00
2025-04-08 16:09:28,662 - DEBUG - 局部搜索未能改进当前解
2025-04-08 16:09:28,667 - DEBUG - 执行AGV分配局部搜索，当前完工时间: 1783.00
2025-04-08 16:09:28,671 - DEBUG - 局部搜索未能改进当前解
2025-04-08 16:09:28,674 - DEBUG - 执行AGV分配局部搜索，当前完工时间: 1817.00
2025-04-08 16:09:28,678 - DEBUG - 局部搜索未能改进当前解
2025-04-08 16:09:28,681 - DEBUG - 执行AGV分配局部搜索，当前完工时间: 1744.00
2025-04-08 16:09:28,686 - DEBUG - 局部搜索未能改进当前解
2025-04-08 16:09:28,690 - DEBUG - 执行AGV分配局部搜索，当前完工时间: 1809.00
2025-04-08 16:09:28,693 - DEBUG - 局部搜索未能改进当前解
2025-04-08 16:09:28,697 - DEBUG - 执行AGV分配局部搜索，当前完工时间: 1757.00
2025-04-08 16:09:28,700 - DEBUG - 局部搜索未能改进当前解
2025-04-08 16:09:28,703 - DEBUG - 执行AGV分配局部搜索，当前完工时间: 1727.00
2025-04-08 16:09:28,707 - DEBUG - 局部搜索未能改进当前解
2025-04-08 16:09:28,710 - DEBUG - 执行AGV分配局部搜索，当前完工时间: 1702.00
2025-04-08 16:09:28,714 - DEBUG - 局部搜索未能改进当前解
2025-04-08 16:09:28,718 - DEBUG - 执行AGV分配局部搜索，当前完工时间: 1707.00
2025-04-08 16:09:28,722 - DEBUG - 局部搜索未能改进当前解
2025-04-08 16:09:28,726 - DEBUG - 执行AGV分配局部搜索，当前完工时间: 1797.00
2025-04-08 16:09:28,730 - DEBUG - 局部搜索未能改进当前解
2025-04-08 16:09:28,734 - DEBUG - 执行AGV分配局部搜索，当前完工时间: 1769.00
2025-04-08 16:09:28,737 - DEBUG - 局部搜索未能改进当前解
2025-04-08 16:09:28,742 - DEBUG - 执行AGV分配局部搜索，当前完工时间: 1720.00
2025-04-08 16:09:28,745 - DEBUG - 局部搜索未能改进当前解
2025-04-08 16:09:28,749 - DEBUG - 执行AGV分配局部搜索，当前完工时间: 1683.00
2025-04-08 16:09:28,752 - DEBUG - 局部搜索未能改进当前解
2025-04-08 16:09:28,756 - DEBUG - 执行AGV分配局部搜索，当前完工时间: 1722.00
2025-04-08 16:09:28,759 - DEBUG - 局部搜索未能改进当前解
2025-04-08 16:09:28,763 - DEBUG - 执行AGV分配局部搜索，当前完工时间: 1729.00
2025-04-08 16:09:28,767 - DEBUG - 局部搜索未能改进当前解
2025-04-08 16:09:28,770 - DEBUG - 执行AGV分配局部搜索，当前完工时间: 1701.00
2025-04-08 16:09:28,774 - DEBUG - AGV分配局部搜索成功！完工时间从 1701.00 降低到 1695.00，改进: 6.00 (0.35%)
2025-04-08 16:09:28,778 - DEBUG - 执行AGV分配局部搜索，当前完工时间: 1700.00
2025-04-08 16:09:28,782 - DEBUG - 局部搜索未能改进当前解
2025-04-08 16:09:28,786 - DEBUG - 执行AGV分配局部搜索，当前完工时间: 1755.00
2025-04-08 16:09:28,790 - DEBUG - 局部搜索未能改进当前解
2025-04-08 16:09:28,793 - DEBUG - 执行AGV分配局部搜索，当前完工时间: 1664.00
2025-04-08 16:09:28,797 - DEBUG - 局部搜索未能改进当前解
2025-04-08 16:09:28,801 - DEBUG - 执行AGV分配局部搜索，当前完工时间: 1746.00
2025-04-08 16:09:28,805 - DEBUG - AGV分配局部搜索成功！完工时间从 1746.00 降低到 1729.00，改进: 17.00 (0.97%)
2025-04-08 16:09:28,808 - DEBUG - 执行AGV分配局部搜索，当前完工时间: 1697.00
2025-04-08 16:09:28,812 - DEBUG - 局部搜索未能改进当前解
2025-04-08 16:09:28,816 - DEBUG - 执行AGV分配局部搜索，当前完工时间: 1799.00
2025-04-08 16:09:28,819 - DEBUG - AGV分配局部搜索成功！完工时间从 1799.00 降低到 1762.00，改进: 37.00 (2.06%)
2025-04-08 16:09:28,823 - DEBUG - 执行AGV分配局部搜索，当前完工时间: 1766.00
2025-04-08 16:09:28,826 - DEBUG - 局部搜索未能改进当前解
2025-04-08 16:09:28,830 - DEBUG - 执行AGV分配局部搜索，当前完工时间: 1743.00
2025-04-08 16:09:28,834 - DEBUG - 局部搜索未能改进当前解
2025-04-08 16:09:28,837 - DEBUG - 执行AGV分配局部搜索，当前完工时间: 1717.00
2025-04-08 16:09:28,841 - DEBUG - 局部搜索未能改进当前解
2025-04-08 16:09:28,845 - DEBUG - 执行AGV分配局部搜索，当前完工时间: 1740.00
2025-04-08 16:09:28,849 - DEBUG - 局部搜索未能改进当前解
2025-04-08 16:09:28,852 - DEBUG - 执行AGV分配局部搜索，当前完工时间: 1667.00
2025-04-08 16:09:28,856 - DEBUG - 局部搜索未能改进当前解
2025-04-08 16:09:28,861 - DEBUG - 执行AGV分配局部搜索，当前完工时间: 1765.00
2025-04-08 16:09:28,864 - DEBUG - 局部搜索未能改进当前解
2025-04-08 16:09:28,868 - DEBUG - 执行AGV分配局部搜索，当前完工时间: 1678.00
2025-04-08 16:09:28,873 - DEBUG - 局部搜索未能改进当前解
2025-04-08 16:09:28,876 - DEBUG - 执行AGV分配局部搜索，当前完工时间: 1710.00
2025-04-08 16:09:28,879 - DEBUG - 局部搜索未能改进当前解
2025-04-08 16:09:28,882 - DEBUG - 执行AGV分配局部搜索，当前完工时间: 1665.00
2025-04-08 16:09:28,887 - DEBUG - 局部搜索未能改进当前解
2025-04-08 16:09:28,891 - DEBUG - 执行AGV分配局部搜索，当前完工时间: 1704.00
2025-04-08 16:09:28,894 - DEBUG - 局部搜索未能改进当前解
2025-04-08 16:09:28,897 - DEBUG - 执行AGV分配局部搜索，当前完工时间: 1822.00
2025-04-08 16:09:28,901 - DEBUG - AGV分配局部搜索成功！完工时间从 1822.00 降低到 1806.00，改进: 16.00 (0.88%)
2025-04-08 16:09:28,907 - DEBUG - 执行AGV分配局部搜索，当前完工时间: 1793.00
2025-04-08 16:09:28,910 - DEBUG - 局部搜索未能改进当前解
2025-04-08 16:09:28,914 - DEBUG - 执行AGV分配局部搜索，当前完工时间: 1712.00
2025-04-08 16:09:28,918 - DEBUG - 局部搜索未能改进当前解
2025-04-08 16:09:28,921 - DEBUG - 执行AGV分配局部搜索，当前完工时间: 1719.00
2025-04-08 16:09:28,925 - DEBUG - 局部搜索未能改进当前解
2025-04-08 16:09:28,929 - DEBUG - 执行AGV分配局部搜索，当前完工时间: 1785.00
2025-04-08 16:09:28,933 - DEBUG - 局部搜索未能改进当前解
2025-04-08 16:09:28,936 - DEBUG - 执行AGV分配局部搜索，当前完工时间: 1715.00
2025-04-08 16:09:28,941 - DEBUG - 局部搜索未能改进当前解
2025-04-08 16:09:28,944 - DEBUG - 执行AGV分配局部搜索，当前完工时间: 1740.00
2025-04-08 16:09:28,947 - DEBUG - 局部搜索未能改进当前解
2025-04-08 16:09:28,952 - DEBUG - 执行AGV分配局部搜索，当前完工时间: 1787.00
2025-04-08 16:09:28,956 - DEBUG - 局部搜索未能改进当前解
2025-04-08 16:09:28,959 - DEBUG - 执行AGV分配局部搜索，当前完工时间: 1655.00
2025-04-08 16:09:28,962 - DEBUG - 局部搜索未能改进当前解
2025-04-08 16:09:28,966 - DEBUG - 执行AGV分配局部搜索，当前完工时间: 1770.00
2025-04-08 16:09:28,970 - DEBUG - 局部搜索未能改进当前解
2025-04-08 16:09:28,973 - DEBUG - 执行AGV分配局部搜索，当前完工时间: 1749.00
2025-04-08 16:09:28,978 - DEBUG - 局部搜索未能改进当前解
2025-04-08 16:09:28,982 - DEBUG - 执行AGV分配局部搜索，当前完工时间: 1736.00
2025-04-08 16:09:28,986 - DEBUG - 局部搜索未能改进当前解
2025-04-08 16:09:28,988 - DEBUG - 执行AGV分配局部搜索，当前完工时间: 1717.00
2025-04-08 16:09:28,992 - DEBUG - 局部搜索未能改进当前解
2025-04-08 16:09:28,997 - DEBUG - 执行AGV分配局部搜索，当前完工时间: 1880.00
2025-04-08 16:09:29,000 - DEBUG - 局部搜索未能改进当前解
2025-04-08 16:09:29,004 - DEBUG - 执行AGV分配局部搜索，当前完工时间: 1869.00
2025-04-08 16:09:29,008 - DEBUG - 局部搜索未能改进当前解
2025-04-08 16:09:29,012 - DEBUG - 执行AGV分配局部搜索，当前完工时间: 1798.00
2025-04-08 16:09:29,015 - DEBUG - AGV分配局部搜索成功！完工时间从 1798.00 降低到 1796.00，改进: 2.00 (0.11%)
2025-04-08 16:09:29,020 - DEBUG - 执行AGV分配局部搜索，当前完工时间: 1785.00
2025-04-08 16:09:29,024 - DEBUG - AGV分配局部搜索成功！完工时间从 1785.00 降低到 1738.00，改进: 47.00 (2.63%)
2025-04-08 16:09:29,028 - DEBUG - 执行AGV分配局部搜索，当前完工时间: 1694.00
2025-04-08 16:09:29,031 - DEBUG - 局部搜索未能改进当前解
2025-04-08 16:09:29,034 - DEBUG - 执行AGV分配局部搜索，当前完工时间: 1715.00
2025-04-08 16:09:29,038 - DEBUG - 局部搜索未能改进当前解
2025-04-08 16:09:29,042 - DEBUG - 执行AGV分配局部搜索，当前完工时间: 1773.00
2025-04-08 16:09:29,045 - DEBUG - 局部搜索未能改进当前解
2025-04-08 16:09:29,049 - DEBUG - 执行AGV分配局部搜索，当前完工时间: 1705.00
2025-04-08 16:09:29,053 - DEBUG - AGV分配局部搜索成功！完工时间从 1705.00 降低到 1694.00，改进: 11.00 (0.65%)
2025-04-08 16:09:29,057 - DEBUG - 执行AGV分配局部搜索，当前完工时间: 1754.00
2025-04-08 16:09:29,061 - DEBUG - 局部搜索未能改进当前解
2025-04-08 16:09:29,064 - DEBUG - 执行AGV分配局部搜索，当前完工时间: 1827.00
2025-04-08 16:09:29,068 - DEBUG - 局部搜索未能改进当前解
2025-04-08 16:09:29,070 - DEBUG - 执行AGV分配局部搜索，当前完工时间: 1710.00
2025-04-08 16:09:29,075 - DEBUG - 局部搜索未能改进当前解
2025-04-08 16:09:29,079 - DEBUG - 执行AGV分配局部搜索，当前完工时间: 1854.00
2025-04-08 16:09:29,083 - DEBUG - 局部搜索未能改进当前解
2025-04-08 16:09:29,086 - DEBUG - 执行AGV分配局部搜索，当前完工时间: 1682.00
2025-04-08 16:09:29,090 - DEBUG - 局部搜索未能改进当前解
2025-04-08 16:09:29,093 - DEBUG - 执行AGV分配局部搜索，当前完工时间: 1816.00
2025-04-08 16:09:29,097 - DEBUG - 局部搜索未能改进当前解
2025-04-08 16:09:29,100 - DEBUG - 执行AGV分配局部搜索，当前完工时间: 1689.00
2025-04-08 16:09:29,104 - DEBUG - 局部搜索未能改进当前解
2025-04-08 16:09:29,108 - DEBUG - 执行AGV分配局部搜索，当前完工时间: 1781.00
2025-04-08 16:09:29,112 - DEBUG - 局部搜索未能改进当前解
2025-04-08 16:09:29,112 - DEBUG - ==================================================
2025-04-08 16:09:29,112 - DEBUG - Efficiency Statistics of Local Search :
2025-04-08 16:09:29,112 - DEBUG - Number of attempts: 99
2025-04-08 16:09:29,112 - DEBUG - Average Success Rate: 13.13%
2025-04-08 16:09:29,112 - DEBUG - AGV Local Search Success: 13，Average Improvement: 17.77
2025-04-08 16:09:29,116 - DEBUG - 执行AGV分配局部搜索，当前完工时间: 1800.00
2025-04-08 16:09:29,120 - DEBUG - 局部搜索未能改进当前解
2025-04-08 16:09:29,123 - DEBUG - 执行AGV分配局部搜索，当前完工时间: 1726.00
2025-04-08 16:09:29,127 - DEBUG - 局部搜索未能改进当前解
2025-04-08 16:09:29,132 - DEBUG - 执行AGV分配局部搜索，当前完工时间: 1680.00
2025-04-08 16:09:29,135 - DEBUG - 局部搜索未能改进当前解
2025-04-08 16:09:29,139 - DEBUG - 执行AGV分配局部搜索，当前完工时间: 1665.00
2025-04-08 16:09:29,144 - DEBUG - 局部搜索未能改进当前解
2025-04-08 16:09:29,149 - DEBUG - 执行AGV分配局部搜索，当前完工时间: 1717.00
2025-04-08 16:09:29,152 - DEBUG - 局部搜索未能改进当前解
2025-04-08 16:09:29,156 - DEBUG - 执行AGV分配局部搜索，当前完工时间: 1760.00
2025-04-08 16:09:29,160 - DEBUG - 局部搜索未能改进当前解
2025-04-08 16:09:29,164 - DEBUG - 执行AGV分配局部搜索，当前完工时间: 1803.00
2025-04-08 16:09:29,167 - DEBUG - AGV分配局部搜索成功！完工时间从 1803.00 降低到 1789.00，改进: 14.00 (0.78%)
2025-04-08 16:09:29,170 - DEBUG - 执行AGV分配局部搜索，当前完工时间: 1743.00
2025-04-08 16:09:29,175 - DEBUG - 局部搜索未能改进当前解
2025-04-08 16:09:29,179 - DEBUG - 执行AGV分配局部搜索，当前完工时间: 1878.00
2025-04-08 16:09:29,183 - DEBUG - 局部搜索未能改进当前解
2025-04-08 16:09:29,187 - DEBUG - 执行AGV分配局部搜索，当前完工时间: 1701.00
2025-04-08 16:09:29,190 - DEBUG - 局部搜索未能改进当前解
2025-04-08 16:09:29,193 - DEBUG - 执行AGV分配局部搜索，当前完工时间: 1797.00
2025-04-08 16:09:29,197 - DEBUG - 局部搜索未能改进当前解
2025-04-08 16:09:29,201 - DEBUG - 执行AGV分配局部搜索，当前完工时间: 1734.00
2025-04-08 16:09:29,204 - DEBUG - 局部搜索未能改进当前解
2025-04-08 16:09:29,208 - DEBUG - 执行AGV分配局部搜索，当前完工时间: 1787.00
2025-04-08 16:09:29,212 - DEBUG - 局部搜索未能改进当前解
2025-04-08 16:09:29,216 - DEBUG - 执行AGV分配局部搜索，当前完工时间: 1710.00
2025-04-08 16:09:29,220 - DEBUG - 局部搜索未能改进当前解
2025-04-08 16:09:29,223 - DEBUG - 执行AGV分配局部搜索，当前完工时间: 1673.00
2025-04-08 16:09:29,226 - DEBUG - 局部搜索未能改进当前解
2025-04-08 16:09:29,231 - DEBUG - 执行AGV分配局部搜索，当前完工时间: 1719.00
2025-04-08 16:09:29,234 - DEBUG - 局部搜索未能改进当前解
2025-04-08 16:09:29,238 - DEBUG - 执行AGV分配局部搜索，当前完工时间: 1677.00
2025-04-08 16:09:29,241 - DEBUG - 局部搜索未能改进当前解
2025-04-08 16:09:29,245 - DEBUG - 执行AGV分配局部搜索，当前完工时间: 1658.00
2025-04-08 16:09:29,249 - DEBUG - 局部搜索未能改进当前解
2025-04-08 16:09:29,254 - DEBUG - 执行AGV分配局部搜索，当前完工时间: 1670.00
2025-04-08 16:09:29,257 - DEBUG - 局部搜索未能改进当前解
2025-04-08 16:09:29,260 - DEBUG - 执行AGV分配局部搜索，当前完工时间: 1717.00
2025-04-08 16:09:29,265 - DEBUG - 局部搜索未能改进当前解
2025-04-08 16:09:29,268 - DEBUG - 执行AGV分配局部搜索，当前完工时间: 1667.00
2025-04-08 16:09:29,272 - DEBUG - 局部搜索未能改进当前解
2025-04-08 16:09:29,276 - DEBUG - 执行AGV分配局部搜索，当前完工时间: 1697.00
2025-04-08 16:09:29,280 - DEBUG - 局部搜索未能改进当前解
2025-04-08 16:09:29,284 - DEBUG - 执行AGV分配局部搜索，当前完工时间: 1743.00
2025-04-08 16:09:29,287 - DEBUG - 局部搜索未能改进当前解
2025-04-08 16:09:29,291 - DEBUG - 执行AGV分配局部搜索，当前完工时间: 1846.00
2025-04-08 16:09:29,294 - DEBUG - 局部搜索未能改进当前解
2025-04-08 16:09:29,299 - DEBUG - 执行AGV分配局部搜索，当前完工时间: 1743.00
2025-04-08 16:09:29,302 - DEBUG - AGV分配局部搜索成功！完工时间从 1743.00 降低到 1725.00，改进: 18.00 (1.03%)
2025-04-08 16:09:29,305 - DEBUG - 执行AGV分配局部搜索，当前完工时间: 1672.00
2025-04-08 16:09:29,309 - DEBUG - 局部搜索未能改进当前解
2025-04-08 16:09:29,312 - DEBUG - 执行AGV分配局部搜索，当前完工时间: 1721.00
2025-04-08 16:09:29,316 - DEBUG - 局部搜索未能改进当前解
2025-04-08 16:09:29,320 - DEBUG - 执行AGV分配局部搜索，当前完工时间: 1820.00
2025-04-08 16:09:29,324 - DEBUG - 局部搜索未能改进当前解
2025-04-08 16:09:29,328 - DEBUG - 执行AGV分配局部搜索，当前完工时间: 1718.00
2025-04-08 16:09:29,331 - DEBUG - 局部搜索未能改进当前解
2025-04-08 16:09:29,334 - DEBUG - 执行AGV分配局部搜索，当前完工时间: 1738.00
2025-04-08 16:09:29,338 - DEBUG - 局部搜索未能改进当前解
2025-04-08 16:09:29,342 - DEBUG - 执行AGV分配局部搜索，当前完工时间: 1659.00
2025-04-08 16:09:29,346 - DEBUG - 局部搜索未能改进当前解
2025-04-08 16:09:29,349 - DEBUG - 执行AGV分配局部搜索，当前完工时间: 1788.00
2025-04-08 16:09:29,352 - DEBUG - 局部搜索未能改进当前解
2025-04-08 16:09:29,356 - DEBUG - 执行AGV分配局部搜索，当前完工时间: 1717.00
2025-04-08 16:09:29,359 - DEBUG - 局部搜索未能改进当前解
2025-04-08 16:09:29,364 - DEBUG - 执行AGV分配局部搜索，当前完工时间: 1713.00
2025-04-08 16:09:29,366 - DEBUG - 局部搜索未能改进当前解
2025-04-08 16:09:29,370 - DEBUG - 执行AGV分配局部搜索，当前完工时间: 1637.00
2025-04-08 16:09:29,374 - DEBUG - 局部搜索未能改进当前解
2025-04-08 16:09:29,378 - DEBUG - 执行AGV分配局部搜索，当前完工时间: 1783.00
2025-04-08 16:09:29,381 - DEBUG - 局部搜索未能改进当前解
2025-04-08 16:09:29,385 - DEBUG - 执行AGV分配局部搜索，当前完工时间: 1632.00
2025-04-08 16:09:29,388 - DEBUG - 局部搜索未能改进当前解
2025-04-08 16:09:29,393 - DEBUG - 执行AGV分配局部搜索，当前完工时间: 1653.00
2025-04-08 16:09:29,396 - DEBUG - 局部搜索未能改进当前解
2025-04-08 16:09:29,400 - DEBUG - 执行AGV分配局部搜索，当前完工时间: 1784.00
2025-04-08 16:09:29,404 - DEBUG - 局部搜索未能改进当前解
2025-04-08 16:09:29,407 - DEBUG - 执行AGV分配局部搜索，当前完工时间: 1723.00
2025-04-08 16:09:29,411 - DEBUG - 局部搜索未能改进当前解
2025-04-08 16:09:29,415 - DEBUG - 执行AGV分配局部搜索，当前完工时间: 1753.00
2025-04-08 16:09:29,418 - DEBUG - 局部搜索未能改进当前解
2025-04-08 16:09:29,423 - DEBUG - 执行AGV分配局部搜索，当前完工时间: 1727.00
2025-04-08 16:09:29,427 - DEBUG - 局部搜索未能改进当前解
2025-04-08 16:09:29,431 - DEBUG - 执行AGV分配局部搜索，当前完工时间: 1864.00
2025-04-08 16:09:29,434 - DEBUG - 局部搜索未能改进当前解
2025-04-08 16:09:29,439 - DEBUG - 执行AGV分配局部搜索，当前完工时间: 1715.00
2025-04-08 16:09:29,443 - DEBUG - 局部搜索未能改进当前解
2025-04-08 16:09:29,446 - DEBUG - 执行AGV分配局部搜索，当前完工时间: 1645.00
2025-04-08 16:09:29,449 - DEBUG - 局部搜索未能改进当前解
2025-04-08 16:09:29,455 - DEBUG - 执行AGV分配局部搜索，当前完工时间: 1833.00
2025-04-08 16:09:29,458 - DEBUG - 局部搜索未能改进当前解
2025-04-08 16:09:29,462 - DEBUG - 执行AGV分配局部搜索，当前完工时间: 1856.00
2025-04-08 16:09:29,466 - DEBUG - 局部搜索未能改进当前解
2025-04-08 16:09:29,469 - DEBUG - 执行AGV分配局部搜索，当前完工时间: 1703.00
2025-04-08 16:09:29,472 - DEBUG - 局部搜索未能改进当前解
2025-04-08 16:09:29,476 - DEBUG - 执行AGV分配局部搜索，当前完工时间: 1765.00
2025-04-08 16:09:29,480 - DEBUG - AGV分配局部搜索成功！完工时间从 1765.00 降低到 1736.00，改进: 29.00 (1.64%)
2025-04-08 16:09:29,484 - DEBUG - 执行AGV分配局部搜索，当前完工时间: 1717.00
2025-04-08 16:09:29,487 - DEBUG - 局部搜索未能改进当前解
2025-04-08 16:09:29,491 - DEBUG - 执行AGV分配局部搜索，当前完工时间: 1699.00
2025-04-08 16:09:29,495 - DEBUG - 局部搜索未能改进当前解
2025-04-08 16:09:29,500 - DEBUG - 执行AGV分配局部搜索，当前完工时间: 1641.00
2025-04-08 16:09:29,503 - DEBUG - 局部搜索未能改进当前解
2025-04-08 16:09:29,507 - DEBUG - 执行AGV分配局部搜索，当前完工时间: 1736.00
2025-04-08 16:09:29,510 - DEBUG - AGV分配局部搜索成功！完工时间从 1736.00 降低到 1707.00，改进: 29.00 (1.67%)
2025-04-08 16:09:29,514 - DEBUG - 执行AGV分配局部搜索，当前完工时间: 1690.00
2025-04-08 16:09:29,517 - DEBUG - 局部搜索未能改进当前解
2025-04-08 16:09:29,520 - DEBUG - 执行AGV分配局部搜索，当前完工时间: 1682.00
2025-04-08 16:09:29,524 - DEBUG - 局部搜索未能改进当前解
2025-04-08 16:09:29,528 - DEBUG - 执行AGV分配局部搜索，当前完工时间: 1716.00
2025-04-08 16:09:29,531 - DEBUG - 局部搜索未能改进当前解
2025-04-08 16:09:29,536 - DEBUG - 执行AGV分配局部搜索，当前完工时间: 1760.00
2025-04-08 16:09:29,540 - DEBUG - 局部搜索未能改进当前解
2025-04-08 16:09:29,543 - DEBUG - 执行AGV分配局部搜索，当前完工时间: 1697.00
2025-04-08 16:09:29,547 - DEBUG - 局部搜索未能改进当前解
2025-04-08 16:09:29,551 - DEBUG - 执行AGV分配局部搜索，当前完工时间: 1738.00
2025-04-08 16:09:29,555 - DEBUG - 局部搜索未能改进当前解
2025-04-08 16:09:29,558 - DEBUG - 执行AGV分配局部搜索，当前完工时间: 1704.00
2025-04-08 16:09:29,562 - DEBUG - 局部搜索未能改进当前解
2025-04-08 16:09:29,565 - DEBUG - 执行AGV分配局部搜索，当前完工时间: 1664.00
2025-04-08 16:09:29,569 - DEBUG - 局部搜索未能改进当前解
2025-04-08 16:09:29,573 - DEBUG - 执行AGV分配局部搜索，当前完工时间: 1720.00
2025-04-08 16:09:29,577 - DEBUG - 局部搜索未能改进当前解
2025-04-08 16:09:29,580 - DEBUG - 执行AGV分配局部搜索，当前完工时间: 1792.00
2025-04-08 16:09:29,583 - DEBUG - 局部搜索未能改进当前解
2025-04-08 16:09:29,586 - DEBUG - 执行AGV分配局部搜索，当前完工时间: 1637.00
2025-04-08 16:09:29,591 - DEBUG - 局部搜索未能改进当前解
2025-04-08 16:09:29,594 - DEBUG - 执行AGV分配局部搜索，当前完工时间: 1777.00
2025-04-08 16:09:29,597 - DEBUG - 局部搜索未能改进当前解
2025-04-08 16:09:29,601 - DEBUG - 执行AGV分配局部搜索，当前完工时间: 1698.00
2025-04-08 16:09:29,605 - DEBUG - 局部搜索未能改进当前解
2025-04-08 16:09:29,608 - DEBUG - 执行AGV分配局部搜索，当前完工时间: 1706.00
2025-04-08 16:09:29,612 - DEBUG - 局部搜索未能改进当前解
2025-04-08 16:09:29,616 - DEBUG - 执行AGV分配局部搜索，当前完工时间: 1893.00
2025-04-08 16:09:29,620 - DEBUG - 局部搜索未能改进当前解
2025-04-08 16:09:29,624 - DEBUG - 执行AGV分配局部搜索，当前完工时间: 1687.00
2025-04-08 16:09:29,626 - DEBUG - 局部搜索未能改进当前解
2025-04-08 16:09:29,630 - DEBUG - 执行AGV分配局部搜索，当前完工时间: 1839.00
2025-04-08 16:09:29,635 - DEBUG - 局部搜索未能改进当前解
2025-04-08 16:09:29,638 - DEBUG - 执行AGV分配局部搜索，当前完工时间: 1716.00
2025-04-08 16:09:29,642 - DEBUG - 局部搜索未能改进当前解
2025-04-08 16:09:29,646 - DEBUG - 执行AGV分配局部搜索，当前完工时间: 1806.00
2025-04-08 16:09:29,650 - DEBUG - 局部搜索未能改进当前解
2025-04-08 16:09:29,653 - DEBUG - 执行AGV分配局部搜索，当前完工时间: 1726.00
2025-04-08 16:09:29,657 - DEBUG - 局部搜索未能改进当前解
2025-04-08 16:09:29,660 - DEBUG - 执行AGV分配局部搜索，当前完工时间: 1714.00
2025-04-08 16:09:29,663 - DEBUG - AGV分配局部搜索成功！完工时间从 1714.00 降低到 1698.00，改进: 16.00 (0.93%)
2025-04-08 16:09:29,668 - DEBUG - 执行AGV分配局部搜索，当前完工时间: 1795.00
2025-04-08 16:09:29,670 - DEBUG - 局部搜索未能改进当前解
2025-04-08 16:09:29,674 - DEBUG - 执行AGV分配局部搜索，当前完工时间: 1722.00
2025-04-08 16:09:29,678 - DEBUG - 局部搜索未能改进当前解
2025-04-08 16:09:29,682 - DEBUG - 执行AGV分配局部搜索，当前完工时间: 1767.00
2025-04-08 16:09:29,685 - DEBUG - 局部搜索未能改进当前解
2025-04-08 16:09:29,689 - DEBUG - 执行AGV分配局部搜索，当前完工时间: 1754.00
2025-04-08 16:09:29,693 - DEBUG - 局部搜索未能改进当前解
2025-04-08 16:09:29,697 - DEBUG - 执行AGV分配局部搜索，当前完工时间: 1692.00
2025-04-08 16:09:29,699 - DEBUG - 局部搜索未能改进当前解
2025-04-08 16:09:29,704 - DEBUG - 执行AGV分配局部搜索，当前完工时间: 1747.00
2025-04-08 16:09:29,707 - DEBUG - 局部搜索未能改进当前解
2025-04-08 16:09:29,711 - DEBUG - 执行AGV分配局部搜索，当前完工时间: 1741.00
2025-04-08 16:09:29,714 - DEBUG - 局部搜索未能改进当前解
2025-04-08 16:09:29,718 - DEBUG - 执行AGV分配局部搜索，当前完工时间: 1670.00
2025-04-08 16:09:29,722 - DEBUG - 局部搜索未能改进当前解
2025-04-08 16:09:29,726 - DEBUG - 执行AGV分配局部搜索，当前完工时间: 1800.00
2025-04-08 16:09:29,730 - DEBUG - 局部搜索未能改进当前解
2025-04-08 16:09:29,733 - DEBUG - 执行AGV分配局部搜索，当前完工时间: 1725.00
2025-04-08 16:09:29,737 - DEBUG - 局部搜索未能改进当前解
2025-04-08 16:09:29,740 - DEBUG - 执行AGV分配局部搜索，当前完工时间: 1720.00
2025-04-08 16:09:29,744 - DEBUG - 局部搜索未能改进当前解
2025-04-08 16:09:29,747 - DEBUG - 执行AGV分配局部搜索，当前完工时间: 1735.00
2025-04-08 16:09:29,751 - DEBUG - 局部搜索未能改进当前解
2025-04-08 16:09:29,754 - DEBUG - 执行AGV分配局部搜索，当前完工时间: 1692.00
2025-04-08 16:09:29,758 - DEBUG - 局部搜索未能改进当前解
2025-04-08 16:09:29,762 - DEBUG - 执行AGV分配局部搜索，当前完工时间: 1771.00
2025-04-08 16:09:29,766 - DEBUG - 局部搜索未能改进当前解
2025-04-08 16:09:29,770 - DEBUG - 执行AGV分配局部搜索，当前完工时间: 1678.00
2025-04-08 16:09:29,773 - DEBUG - 局部搜索未能改进当前解
2025-04-08 16:09:29,776 - DEBUG - 执行AGV分配局部搜索，当前完工时间: 1757.00
2025-04-08 16:09:29,781 - DEBUG - 局部搜索未能改进当前解
2025-04-08 16:09:29,785 - DEBUG - 执行AGV分配局部搜索，当前完工时间: 1733.00
2025-04-08 16:09:29,789 - DEBUG - 局部搜索未能改进当前解
2025-04-08 16:09:29,793 - DEBUG - 执行AGV分配局部搜索，当前完工时间: 1766.00
2025-04-08 16:09:29,796 - DEBUG - 局部搜索未能改进当前解
2025-04-08 16:09:29,800 - DEBUG - 执行AGV分配局部搜索，当前完工时间: 1698.00
2025-04-08 16:09:29,803 - DEBUG - 局部搜索未能改进当前解
2025-04-08 16:09:29,806 - DEBUG - 执行AGV分配局部搜索，当前完工时间: 1715.00
2025-04-08 16:09:29,810 - DEBUG - AGV分配局部搜索成功！完工时间从 1715.00 降低到 1710.00，改进: 5.00 (0.29%)
2025-04-08 16:09:29,814 - DEBUG - 执行AGV分配局部搜索，当前完工时间: 1785.00
2025-04-08 16:09:29,818 - DEBUG - 局部搜索未能改进当前解
2025-04-08 16:09:29,821 - DEBUG - 执行AGV分配局部搜索，当前完工时间: 1664.00
2025-04-08 16:09:29,824 - DEBUG - 局部搜索未能改进当前解
2025-04-08 16:09:29,829 - DEBUG - 执行AGV分配局部搜索，当前完工时间: 1797.00
2025-04-08 16:09:29,832 - DEBUG - AGV分配局部搜索成功！完工时间从 1797.00 降低到 1780.00，改进: 17.00 (0.95%)
2025-04-08 16:09:29,836 - DEBUG - 执行AGV分配局部搜索，当前完工时间: 1703.00
2025-04-08 16:09:29,839 - DEBUG - 局部搜索未能改进当前解
2025-04-08 16:09:29,843 - DEBUG - 执行AGV分配局部搜索，当前完工时间: 1704.00
2025-04-08 16:09:29,847 - DEBUG - 局部搜索未能改进当前解
2025-04-08 16:09:29,847 - DEBUG - ==================================================
2025-04-08 16:09:29,847 - DEBUG - Efficiency Statistics of Local Search :
2025-04-08 16:09:29,847 - DEBUG - Number of attempts: 99
2025-04-08 16:09:29,847 - DEBUG - Average Success Rate: 7.07%
2025-04-08 16:09:29,847 - DEBUG - AGV Local Search Success: 7，Average Improvement: 18.29
2025-04-08 16:09:29,851 - DEBUG - 执行AGV分配局部搜索，当前完工时间: 1736.00
2025-04-08 16:09:29,855 - DEBUG - AGV分配局部搜索成功！完工时间从 1736.00 降低到 1719.00，改进: 17.00 (0.98%)
2025-04-08 16:09:29,858 - DEBUG - 执行AGV分配局部搜索，当前完工时间: 1752.00
2025-04-08 16:09:29,862 - DEBUG - 局部搜索未能改进当前解
2025-04-08 16:09:29,866 - DEBUG - 执行AGV分配局部搜索，当前完工时间: 1677.00
2025-04-08 16:09:29,869 - DEBUG - 局部搜索未能改进当前解
2025-04-08 16:09:29,874 - DEBUG - 执行AGV分配局部搜索，当前完工时间: 1657.00
2025-04-08 16:09:29,878 - DEBUG - 局部搜索未能改进当前解
2025-04-08 16:09:29,882 - DEBUG - 执行AGV分配局部搜索，当前完工时间: 1758.00
2025-04-08 16:09:29,885 - DEBUG - 局部搜索未能改进当前解
2025-04-08 16:09:29,890 - DEBUG - 执行AGV分配局部搜索，当前完工时间: 1698.00
2025-04-08 16:09:29,893 - DEBUG - 局部搜索未能改进当前解
2025-04-08 16:09:29,896 - DEBUG - 执行AGV分配局部搜索，当前完工时间: 1823.00
2025-04-08 16:09:29,900 - DEBUG - 局部搜索未能改进当前解
2025-04-08 16:09:29,903 - DEBUG - 执行AGV分配局部搜索，当前完工时间: 1750.00
2025-04-08 16:09:29,907 - DEBUG - 局部搜索未能改进当前解
2025-04-08 16:09:29,911 - DEBUG - 执行AGV分配局部搜索，当前完工时间: 1710.00
2025-04-08 16:09:29,914 - DEBUG - 局部搜索未能改进当前解
2025-04-08 16:09:29,919 - DEBUG - 执行AGV分配局部搜索，当前完工时间: 1723.00
2025-04-08 16:09:29,922 - DEBUG - AGV分配局部搜索成功！完工时间从 1723.00 降低到 1700.00，改进: 23.00 (1.33%)
2025-04-08 16:09:29,925 - DEBUG - 执行AGV分配局部搜索，当前完工时间: 1709.00
2025-04-08 16:09:29,929 - DEBUG - 局部搜索未能改进当前解
2025-04-08 16:09:29,933 - DEBUG - 执行AGV分配局部搜索，当前完工时间: 1692.00
2025-04-08 16:09:29,937 - DEBUG - 局部搜索未能改进当前解
2025-04-08 16:09:29,941 - DEBUG - 执行AGV分配局部搜索，当前完工时间: 1665.00
2025-04-08 16:09:29,945 - DEBUG - 局部搜索未能改进当前解
2025-04-08 16:09:29,949 - DEBUG - 执行AGV分配局部搜索，当前完工时间: 1780.00
2025-04-08 16:09:29,952 - DEBUG - 局部搜索未能改进当前解
2025-04-08 16:09:29,956 - DEBUG - 执行AGV分配局部搜索，当前完工时间: 1682.00
2025-04-08 16:09:29,960 - DEBUG - 局部搜索未能改进当前解
2025-04-08 16:09:29,962 - DEBUG - 执行AGV分配局部搜索，当前完工时间: 1662.00
2025-04-08 16:09:29,967 - DEBUG - 局部搜索未能改进当前解
2025-04-08 16:09:29,971 - DEBUG - 执行AGV分配局部搜索，当前完工时间: 1661.00
2025-04-08 16:09:29,974 - DEBUG - 局部搜索未能改进当前解
2025-04-08 16:09:29,977 - DEBUG - 执行AGV分配局部搜索，当前完工时间: 1709.00
2025-04-08 16:09:29,981 - DEBUG - 局部搜索未能改进当前解
2025-04-08 16:09:29,985 - DEBUG - 执行AGV分配局部搜索，当前完工时间: 1675.00
2025-04-08 16:09:29,988 - DEBUG - 局部搜索未能改进当前解
2025-04-08 16:09:29,992 - DEBUG - 执行AGV分配局部搜索，当前完工时间: 1684.00
2025-04-08 16:09:29,996 - DEBUG - 局部搜索未能改进当前解
2025-04-08 16:09:30,000 - DEBUG - 执行AGV分配局部搜索，当前完工时间: 1719.00
2025-04-08 16:09:30,004 - DEBUG - 局部搜索未能改进当前解
2025-04-08 16:09:30,008 - DEBUG - 执行AGV分配局部搜索，当前完工时间: 1716.00
2025-04-08 16:09:30,010 - DEBUG - 局部搜索未能改进当前解
2025-04-08 16:09:30,015 - DEBUG - 执行AGV分配局部搜索，当前完工时间: 1716.00
2025-04-08 16:09:30,019 - DEBUG - 局部搜索未能改进当前解
2025-04-08 16:09:30,022 - DEBUG - 执行AGV分配局部搜索，当前完工时间: 1667.00
2025-04-08 16:09:30,026 - DEBUG - 局部搜索未能改进当前解
2025-04-08 16:09:30,030 - DEBUG - 执行AGV分配局部搜索，当前完工时间: 1730.00
2025-04-08 16:09:30,034 - DEBUG - 局部搜索未能改进当前解
2025-04-08 16:09:30,037 - DEBUG - 执行AGV分配局部搜索，当前完工时间: 1728.00
2025-04-08 16:09:30,041 - DEBUG - 局部搜索未能改进当前解
2025-04-08 16:09:30,044 - DEBUG - 执行AGV分配局部搜索，当前完工时间: 1746.00
2025-04-08 16:09:30,047 - DEBUG - 局部搜索未能改进当前解
2025-04-08 16:09:30,052 - DEBUG - 执行AGV分配局部搜索，当前完工时间: 1679.00
2025-04-08 16:09:30,055 - DEBUG - 局部搜索未能改进当前解
2025-04-08 16:09:30,059 - DEBUG - 执行AGV分配局部搜索，当前完工时间: 1686.00
2025-04-08 16:09:30,062 - DEBUG - 局部搜索未能改进当前解
2025-04-08 16:09:30,066 - DEBUG - 执行AGV分配局部搜索，当前完工时间: 1672.00
2025-04-08 16:09:30,070 - DEBUG - 局部搜索未能改进当前解
2025-04-08 16:09:30,073 - DEBUG - 执行AGV分配局部搜索，当前完工时间: 1714.00
2025-04-08 16:09:30,077 - DEBUG - 局部搜索未能改进当前解
2025-04-08 16:09:30,080 - DEBUG - 执行AGV分配局部搜索，当前完工时间: 1637.00
2025-04-08 16:09:30,085 - DEBUG - 局部搜索未能改进当前解
2025-04-08 16:09:30,089 - DEBUG - 执行AGV分配局部搜索，当前完工时间: 1820.00
2025-04-08 16:09:30,091 - DEBUG - 局部搜索未能改进当前解
2025-04-08 16:09:30,095 - DEBUG - 执行AGV分配局部搜索，当前完工时间: 1693.00
2025-04-08 16:09:30,099 - DEBUG - 局部搜索未能改进当前解
2025-04-08 16:09:30,103 - DEBUG - 执行AGV分配局部搜索，当前完工时间: 1749.00
2025-04-08 16:09:30,106 - DEBUG - 局部搜索未能改进当前解
2025-04-08 16:09:30,110 - DEBUG - 执行AGV分配局部搜索，当前完工时间: 1724.00
2025-04-08 16:09:30,114 - DEBUG - 局部搜索未能改进当前解
2025-04-08 16:09:30,118 - DEBUG - 执行AGV分配局部搜索，当前完工时间: 1666.00
2025-04-08 16:09:30,121 - DEBUG - 局部搜索未能改进当前解
2025-04-08 16:09:30,125 - DEBUG - 执行AGV分配局部搜索，当前完工时间: 1726.00
2025-04-08 16:09:30,129 - DEBUG - 局部搜索未能改进当前解
2025-04-08 16:09:30,133 - DEBUG - 执行AGV分配局部搜索，当前完工时间: 1632.00
2025-04-08 16:09:30,137 - DEBUG - 局部搜索未能改进当前解
2025-04-08 16:09:30,141 - DEBUG - 执行AGV分配局部搜索，当前完工时间: 1665.00
2025-04-08 16:09:30,145 - DEBUG - 局部搜索未能改进当前解
2025-04-08 16:09:30,149 - DEBUG - 执行AGV分配局部搜索，当前完工时间: 1758.00
2025-04-08 16:09:30,153 - DEBUG - 局部搜索未能改进当前解
2025-04-08 16:09:30,157 - DEBUG - 执行AGV分配局部搜索，当前完工时间: 1926.00
2025-04-08 16:09:30,162 - DEBUG - AGV分配局部搜索成功！完工时间从 1926.00 降低到 1920.00，改进: 6.00 (0.31%)
2025-04-08 16:09:30,165 - DEBUG - 执行AGV分配局部搜索，当前完工时间: 1789.00
2025-04-08 16:09:30,169 - DEBUG - 局部搜索未能改进当前解
2025-04-08 16:09:30,173 - DEBUG - 执行AGV分配局部搜索，当前完工时间: 1729.00
2025-04-08 16:09:30,176 - DEBUG - 局部搜索未能改进当前解
2025-04-08 16:09:30,180 - DEBUG - 执行AGV分配局部搜索，当前完工时间: 1725.00
2025-04-08 16:09:30,183 - DEBUG - 局部搜索未能改进当前解
2025-04-08 16:09:30,187 - DEBUG - 执行AGV分配局部搜索，当前完工时间: 1692.00
2025-04-08 16:09:30,191 - DEBUG - 局部搜索未能改进当前解
2025-04-08 16:09:30,194 - DEBUG - 执行AGV分配局部搜索，当前完工时间: 1668.00
2025-04-08 16:09:30,199 - DEBUG - 局部搜索未能改进当前解
2025-04-08 16:09:30,202 - DEBUG - 执行AGV分配局部搜索，当前完工时间: 1701.00
2025-04-08 16:09:30,206 - DEBUG - 局部搜索未能改进当前解
2025-04-08 16:09:30,208 - DEBUG - 执行AGV分配局部搜索，当前完工时间: 1793.00
2025-04-08 16:09:30,212 - DEBUG - AGV分配局部搜索成功！完工时间从 1793.00 降低到 1738.00，改进: 55.00 (3.07%)
2025-04-08 16:09:30,216 - DEBUG - 执行AGV分配局部搜索，当前完工时间: 1678.00
2025-04-08 16:09:30,220 - DEBUG - 局部搜索未能改进当前解
2025-04-08 16:09:30,223 - DEBUG - 执行AGV分配局部搜索，当前完工时间: 1746.00
2025-04-08 16:09:30,226 - DEBUG - 局部搜索未能改进当前解
2025-04-08 16:09:30,231 - DEBUG - 执行AGV分配局部搜索，当前完工时间: 1759.00
2025-04-08 16:09:30,235 - DEBUG - 局部搜索未能改进当前解
2025-04-08 16:09:30,237 - DEBUG - 执行AGV分配局部搜索，当前完工时间: 1795.00
2025-04-08 16:09:30,241 - DEBUG - 局部搜索未能改进当前解
2025-04-08 16:09:30,245 - DEBUG - 执行AGV分配局部搜索，当前完工时间: 1694.00
2025-04-08 16:09:30,249 - DEBUG - 局部搜索未能改进当前解
2025-04-08 16:09:30,253 - DEBUG - 执行AGV分配局部搜索，当前完工时间: 1674.00
2025-04-08 16:09:30,257 - DEBUG - 局部搜索未能改进当前解
2025-04-08 16:09:30,260 - DEBUG - 执行AGV分配局部搜索，当前完工时间: 1752.00
2025-04-08 16:09:30,265 - DEBUG - 局部搜索未能改进当前解
2025-04-08 16:09:30,268 - DEBUG - 执行AGV分配局部搜索，当前完工时间: 1776.00
2025-04-08 16:09:30,272 - DEBUG - 局部搜索未能改进当前解
2025-04-08 16:09:30,275 - DEBUG - 执行AGV分配局部搜索，当前完工时间: 1684.00
2025-04-08 16:09:30,280 - DEBUG - 局部搜索未能改进当前解
2025-04-08 16:09:30,283 - DEBUG - 执行AGV分配局部搜索，当前完工时间: 1699.00
2025-04-08 16:09:30,287 - DEBUG - 局部搜索未能改进当前解
2025-04-08 16:09:30,290 - DEBUG - 执行AGV分配局部搜索，当前完工时间: 1819.00
2025-04-08 16:09:30,294 - DEBUG - 局部搜索未能改进当前解
2025-04-08 16:09:30,297 - DEBUG - 执行AGV分配局部搜索，当前完工时间: 1723.00
2025-04-08 16:09:30,302 - DEBUG - AGV分配局部搜索成功！完工时间从 1723.00 降低到 1681.00，改进: 42.00 (2.44%)
2025-04-08 16:09:30,305 - DEBUG - 执行AGV分配局部搜索，当前完工时间: 1751.00
2025-04-08 16:09:30,310 - DEBUG - 局部搜索未能改进当前解
2025-04-08 16:09:30,314 - DEBUG - 执行AGV分配局部搜索，当前完工时间: 1725.00
2025-04-08 16:09:30,316 - DEBUG - 局部搜索未能改进当前解
2025-04-08 16:09:30,320 - DEBUG - 执行AGV分配局部搜索，当前完工时间: 1721.00
2025-04-08 16:09:30,324 - DEBUG - 局部搜索未能改进当前解
2025-04-08 16:09:30,328 - DEBUG - 执行AGV分配局部搜索，当前完工时间: 1771.00
2025-04-08 16:09:30,332 - DEBUG - AGV分配局部搜索成功！完工时间从 1771.00 降低到 1713.00，改进: 58.00 (3.27%)
2025-04-08 16:09:30,336 - DEBUG - 执行AGV分配局部搜索，当前完工时间: 1778.00
2025-04-08 16:09:30,340 - DEBUG - AGV分配局部搜索成功！完工时间从 1778.00 降低到 1766.00，改进: 12.00 (0.67%)
2025-04-08 16:09:30,344 - DEBUG - 执行AGV分配局部搜索，当前完工时间: 1736.00
2025-04-08 16:09:30,347 - DEBUG - 局部搜索未能改进当前解
2025-04-08 16:09:30,351 - DEBUG - 执行AGV分配局部搜索，当前完工时间: 1649.00
2025-04-08 16:09:30,355 - DEBUG - 局部搜索未能改进当前解
2025-04-08 16:09:30,358 - DEBUG - 执行AGV分配局部搜索，当前完工时间: 1728.00
2025-04-08 16:09:30,362 - DEBUG - 局部搜索未能改进当前解
2025-04-08 16:09:30,365 - DEBUG - 执行AGV分配局部搜索，当前完工时间: 1677.00
2025-04-08 16:09:30,369 - DEBUG - 局部搜索未能改进当前解
2025-04-08 16:09:30,372 - DEBUG - 执行AGV分配局部搜索，当前完工时间: 1637.00
2025-04-08 16:09:30,376 - DEBUG - 局部搜索未能改进当前解
2025-04-08 16:09:30,380 - DEBUG - 执行AGV分配局部搜索，当前完工时间: 1705.00
2025-04-08 16:09:30,383 - DEBUG - 局部搜索未能改进当前解
2025-04-08 16:09:30,387 - DEBUG - 执行AGV分配局部搜索，当前完工时间: 1700.00
2025-04-08 16:09:30,391 - DEBUG - 局部搜索未能改进当前解
2025-04-08 16:09:30,395 - DEBUG - 执行AGV分配局部搜索，当前完工时间: 1653.00
2025-04-08 16:09:30,398 - DEBUG - 局部搜索未能改进当前解
2025-04-08 16:09:30,402 - DEBUG - 执行AGV分配局部搜索，当前完工时间: 1769.00
2025-04-08 16:09:30,405 - DEBUG - AGV分配局部搜索成功！完工时间从 1769.00 降低到 1735.00，改进: 34.00 (1.92%)
2025-04-08 16:09:30,409 - DEBUG - 执行AGV分配局部搜索，当前完工时间: 1803.00
2025-04-08 16:09:30,412 - DEBUG - 局部搜索未能改进当前解
2025-04-08 16:09:30,416 - DEBUG - 执行AGV分配局部搜索，当前完工时间: 1826.00
2025-04-08 16:09:30,421 - DEBUG - 局部搜索未能改进当前解
2025-04-08 16:09:30,424 - DEBUG - 执行AGV分配局部搜索，当前完工时间: 1738.00
2025-04-08 16:09:30,428 - DEBUG - 局部搜索未能改进当前解
2025-04-08 16:09:30,432 - DEBUG - 执行AGV分配局部搜索，当前完工时间: 1754.00
2025-04-08 16:09:30,436 - DEBUG - 局部搜索未能改进当前解
2025-04-08 16:09:30,439 - DEBUG - 执行AGV分配局部搜索，当前完工时间: 1699.00
2025-04-08 16:09:30,443 - DEBUG - 局部搜索未能改进当前解
2025-04-08 16:09:30,447 - DEBUG - 执行AGV分配局部搜索，当前完工时间: 1704.00
2025-04-08 16:09:30,451 - DEBUG - 局部搜索未能改进当前解
2025-04-08 16:09:30,454 - DEBUG - 执行AGV分配局部搜索，当前完工时间: 1704.00
2025-04-08 16:09:30,458 - DEBUG - 局部搜索未能改进当前解
2025-04-08 16:09:30,462 - DEBUG - 执行AGV分配局部搜索，当前完工时间: 1756.00
2025-04-08 16:09:30,466 - DEBUG - 局部搜索未能改进当前解
2025-04-08 16:09:30,470 - DEBUG - 执行AGV分配局部搜索，当前完工时间: 1723.00
2025-04-08 16:09:30,474 - DEBUG - 局部搜索未能改进当前解
2025-04-08 16:09:30,476 - DEBUG - 执行AGV分配局部搜索，当前完工时间: 1714.00
2025-04-08 16:09:30,481 - DEBUG - 局部搜索未能改进当前解
2025-04-08 16:09:30,485 - DEBUG - 执行AGV分配局部搜索，当前完工时间: 1748.00
2025-04-08 16:09:30,488 - DEBUG - 局部搜索未能改进当前解
2025-04-08 16:09:30,493 - DEBUG - 执行AGV分配局部搜索，当前完工时间: 1835.00
2025-04-08 16:09:30,497 - DEBUG - AGV分配局部搜索成功！完工时间从 1835.00 降低到 1809.00，改进: 26.00 (1.42%)
2025-04-08 16:09:30,501 - DEBUG - 执行AGV分配局部搜索，当前完工时间: 1707.00
2025-04-08 16:09:30,504 - DEBUG - 局部搜索未能改进当前解
2025-04-08 16:09:30,507 - DEBUG - 执行AGV分配局部搜索，当前完工时间: 1692.00
2025-04-08 16:09:30,511 - DEBUG - 局部搜索未能改进当前解
2025-04-08 16:09:30,514 - DEBUG - 执行AGV分配局部搜索，当前完工时间: 1755.00
2025-04-08 16:09:30,518 - DEBUG - 局部搜索未能改进当前解
2025-04-08 16:09:30,521 - DEBUG - 执行AGV分配局部搜索，当前完工时间: 1784.00
2025-04-08 16:09:30,524 - DEBUG - AGV分配局部搜索成功！完工时间从 1784.00 降低到 1778.00，改进: 6.00 (0.34%)
2025-04-08 16:09:30,529 - DEBUG - 执行AGV分配局部搜索，当前完工时间: 1658.00
2025-04-08 16:09:30,532 - DEBUG - 局部搜索未能改进当前解
2025-04-08 16:09:30,535 - DEBUG - 执行AGV分配局部搜索，当前完工时间: 1664.00
2025-04-08 16:09:30,539 - DEBUG - 局部搜索未能改进当前解
2025-04-08 16:09:30,543 - DEBUG - 执行AGV分配局部搜索，当前完工时间: 1714.00
2025-04-08 16:09:30,547 - DEBUG - 局部搜索未能改进当前解
2025-04-08 16:09:30,550 - DEBUG - 执行AGV分配局部搜索，当前完工时间: 1700.00
2025-04-08 16:09:30,554 - DEBUG - 局部搜索未能改进当前解
2025-04-08 16:09:30,557 - DEBUG - 执行AGV分配局部搜索，当前完工时间: 1720.00
2025-04-08 16:09:30,562 - DEBUG - AGV分配局部搜索成功！完工时间从 1720.00 降低到 1699.00，改进: 21.00 (1.22%)
2025-04-08 16:09:30,565 - DEBUG - 执行AGV分配局部搜索，当前完工时间: 1664.00
2025-04-08 16:09:30,569 - DEBUG - 局部搜索未能改进当前解
2025-04-08 16:09:30,572 - DEBUG - 执行AGV分配局部搜索，当前完工时间: 1706.00
2025-04-08 16:09:30,577 - DEBUG - 局部搜索未能改进当前解
2025-04-08 16:09:30,580 - DEBUG - 执行AGV分配局部搜索，当前完工时间: 1865.00
2025-04-08 16:09:30,585 - DEBUG - 局部搜索未能改进当前解
2025-04-08 16:09:30,585 - DEBUG - ==================================================
2025-04-08 16:09:30,585 - DEBUG - Efficiency Statistics of Local Search :
2025-04-08 16:09:30,585 - DEBUG - Number of attempts: 99
2025-04-08 16:09:30,585 - DEBUG - Average Success Rate: 11.11%
2025-04-08 16:09:30,585 - DEBUG - AGV Local Search Success: 11，Average Improvement: 27.27
2025-04-08 16:09:30,590 - DEBUG - 执行AGV分配局部搜索，当前完工时间: 1792.00
2025-04-08 16:09:30,593 - DEBUG - AGV分配局部搜索成功！完工时间从 1792.00 降低到 1780.00，改进: 12.00 (0.67%)
2025-04-08 16:09:30,597 - DEBUG - 执行AGV分配局部搜索，当前完工时间: 1632.00
2025-04-08 16:09:30,600 - DEBUG - 局部搜索未能改进当前解
2025-04-08 16:09:30,604 - DEBUG - 执行AGV分配局部搜索，当前完工时间: 1659.00
2025-04-08 16:09:30,607 - DEBUG - 局部搜索未能改进当前解
2025-04-08 16:09:30,612 - DEBUG - 执行AGV分配局部搜索，当前完工时间: 1740.00
2025-04-08 16:09:30,615 - DEBUG - 局部搜索未能改进当前解
2025-04-08 16:09:30,619 - DEBUG - 执行AGV分配局部搜索，当前完工时间: 1719.00
2025-04-08 16:09:30,623 - DEBUG - 局部搜索未能改进当前解
2025-04-08 16:09:30,626 - DEBUG - 执行AGV分配局部搜索，当前完工时间: 1731.00
2025-04-08 16:09:30,631 - DEBUG - 局部搜索未能改进当前解
2025-04-08 16:09:30,635 - DEBUG - 执行AGV分配局部搜索，当前完工时间: 1653.00
2025-04-08 16:09:30,638 - DEBUG - 局部搜索未能改进当前解
2025-04-08 16:09:30,643 - DEBUG - 执行AGV分配局部搜索，当前完工时间: 1732.00
2025-04-08 16:09:30,647 - DEBUG - 局部搜索未能改进当前解
2025-04-08 16:09:30,650 - DEBUG - 执行AGV分配局部搜索，当前完工时间: 1638.00
2025-04-08 16:09:30,654 - DEBUG - 局部搜索未能改进当前解
2025-04-08 16:09:30,657 - DEBUG - 执行AGV分配局部搜索，当前完工时间: 1722.00
2025-04-08 16:09:30,660 - DEBUG - 局部搜索未能改进当前解
2025-04-08 16:09:30,665 - DEBUG - 执行AGV分配局部搜索，当前完工时间: 1817.00
2025-04-08 16:09:30,668 - DEBUG - AGV分配局部搜索成功！完工时间从 1817.00 降低到 1815.00，改进: 2.00 (0.11%)
2025-04-08 16:09:30,672 - DEBUG - 执行AGV分配局部搜索，当前完工时间: 1705.00
2025-04-08 16:09:30,676 - DEBUG - 局部搜索未能改进当前解
2025-04-08 16:09:30,680 - DEBUG - 执行AGV分配局部搜索，当前完工时间: 1741.00
2025-04-08 16:09:30,684 - DEBUG - 局部搜索未能改进当前解
2025-04-08 16:09:30,687 - DEBUG - 执行AGV分配局部搜索，当前完工时间: 1711.00
2025-04-08 16:09:30,691 - DEBUG - 局部搜索未能改进当前解
2025-04-08 16:09:30,695 - DEBUG - 执行AGV分配局部搜索，当前完工时间: 1711.00
2025-04-08 16:09:30,699 - DEBUG - 局部搜索未能改进当前解
2025-04-08 16:09:30,702 - DEBUG - 执行AGV分配局部搜索，当前完工时间: 1717.00
2025-04-08 16:09:30,706 - DEBUG - 局部搜索未能改进当前解
2025-04-08 16:09:30,710 - DEBUG - 执行AGV分配局部搜索，当前完工时间: 1767.00
2025-04-08 16:09:30,714 - DEBUG - AGV分配局部搜索成功！完工时间从 1767.00 降低到 1766.00，改进: 1.00 (0.06%)
2025-04-08 16:09:30,717 - DEBUG - 执行AGV分配局部搜索，当前完工时间: 1748.00
2025-04-08 16:09:30,720 - DEBUG - 局部搜索未能改进当前解
2025-04-08 16:09:30,724 - DEBUG - 执行AGV分配局部搜索，当前完工时间: 1766.00
2025-04-08 16:09:30,728 - DEBUG - 局部搜索未能改进当前解
2025-04-08 16:09:30,731 - DEBUG - 执行AGV分配局部搜索，当前完工时间: 1719.00
2025-04-08 16:09:30,735 - DEBUG - 局部搜索未能改进当前解
2025-04-08 16:09:30,739 - DEBUG - 执行AGV分配局部搜索，当前完工时间: 1724.00
2025-04-08 16:09:30,741 - DEBUG - 局部搜索未能改进当前解
2025-04-08 16:09:30,746 - DEBUG - 执行AGV分配局部搜索，当前完工时间: 1696.00
2025-04-08 16:09:30,749 - DEBUG - 局部搜索未能改进当前解
2025-04-08 16:09:30,752 - DEBUG - 执行AGV分配局部搜索，当前完工时间: 1716.00
2025-04-08 16:09:30,756 - DEBUG - 局部搜索未能改进当前解
2025-04-08 16:09:30,760 - DEBUG - 执行AGV分配局部搜索，当前完工时间: 1714.00
2025-04-08 16:09:30,764 - DEBUG - 局部搜索未能改进当前解
2025-04-08 16:09:30,767 - DEBUG - 执行AGV分配局部搜索，当前完工时间: 1684.00
2025-04-08 16:09:30,771 - DEBUG - 局部搜索未能改进当前解
2025-04-08 16:09:30,775 - DEBUG - 执行AGV分配局部搜索，当前完工时间: 1792.00
2025-04-08 16:09:30,778 - DEBUG - 局部搜索未能改进当前解
2025-04-08 16:09:30,783 - DEBUG - 执行AGV分配局部搜索，当前完工时间: 1728.00
2025-04-08 16:09:30,786 - DEBUG - 局部搜索未能改进当前解
2025-04-08 16:09:30,790 - DEBUG - 执行AGV分配局部搜索，当前完工时间: 1713.00
2025-04-08 16:09:30,794 - DEBUG - 局部搜索未能改进当前解
2025-04-08 16:09:30,797 - DEBUG - 执行AGV分配局部搜索，当前完工时间: 1718.00
2025-04-08 16:09:30,800 - DEBUG - 局部搜索未能改进当前解
2025-04-08 16:09:30,806 - DEBUG - 执行AGV分配局部搜索，当前完工时间: 1690.00
2025-04-08 16:09:30,810 - DEBUG - 局部搜索未能改进当前解
2025-04-08 16:09:30,814 - DEBUG - 执行AGV分配局部搜索，当前完工时间: 1713.00
2025-04-08 16:09:30,818 - DEBUG - 局部搜索未能改进当前解
2025-04-08 16:09:30,821 - DEBUG - 执行AGV分配局部搜索，当前完工时间: 1714.00
2025-04-08 16:09:30,825 - DEBUG - 局部搜索未能改进当前解
2025-04-08 16:09:30,829 - DEBUG - 执行AGV分配局部搜索，当前完工时间: 1709.00
2025-04-08 16:09:30,832 - DEBUG - 局部搜索未能改进当前解
2025-04-08 16:09:30,836 - DEBUG - 执行AGV分配局部搜索，当前完工时间: 1717.00
2025-04-08 16:09:30,840 - DEBUG - AGV分配局部搜索成功！完工时间从 1717.00 降低到 1710.00，改进: 7.00 (0.41%)
2025-04-08 16:09:30,844 - DEBUG - 执行AGV分配局部搜索，当前完工时间: 1678.00
2025-04-08 16:09:30,847 - DEBUG - 局部搜索未能改进当前解
2025-04-08 16:09:30,851 - DEBUG - 执行AGV分配局部搜索，当前完工时间: 1689.00
2025-04-08 16:09:30,855 - DEBUG - 局部搜索未能改进当前解
2025-04-08 16:09:30,859 - DEBUG - 执行AGV分配局部搜索，当前完工时间: 1697.00
2025-04-08 16:09:30,862 - DEBUG - 局部搜索未能改进当前解
2025-04-08 16:09:30,866 - DEBUG - 执行AGV分配局部搜索，当前完工时间: 1699.00
2025-04-08 16:09:30,868 - DEBUG - 局部搜索未能改进当前解
2025-04-08 16:09:30,872 - DEBUG - 执行AGV分配局部搜索，当前完工时间: 1715.00
2025-04-08 16:09:30,876 - DEBUG - 局部搜索未能改进当前解
2025-04-08 16:09:30,881 - DEBUG - 执行AGV分配局部搜索，当前完工时间: 1687.00
2025-04-08 16:09:30,885 - DEBUG - 局部搜索未能改进当前解
2025-04-08 16:09:30,888 - DEBUG - 执行AGV分配局部搜索，当前完工时间: 1687.00
2025-04-08 16:09:30,892 - DEBUG - 局部搜索未能改进当前解
2025-04-08 16:09:30,895 - DEBUG - 执行AGV分配局部搜索，当前完工时间: 1665.00
2025-04-08 16:09:30,899 - DEBUG - 局部搜索未能改进当前解
2025-04-08 16:09:30,903 - DEBUG - 执行AGV分配局部搜索，当前完工时间: 1836.00
2025-04-08 16:09:30,907 - DEBUG - 局部搜索未能改进当前解
2025-04-08 16:09:30,910 - DEBUG - 执行AGV分配局部搜索，当前完工时间: 1666.00
2025-04-08 16:09:30,913 - DEBUG - 局部搜索未能改进当前解
2025-04-08 16:09:30,918 - DEBUG - 执行AGV分配局部搜索，当前完工时间: 1708.00
2025-04-08 16:09:30,921 - DEBUG - 局部搜索未能改进当前解
2025-04-08 16:09:30,925 - DEBUG - 执行AGV分配局部搜索，当前完工时间: 1779.00
2025-04-08 16:09:30,929 - DEBUG - 局部搜索未能改进当前解
2025-04-08 16:09:30,932 - DEBUG - 执行AGV分配局部搜索，当前完工时间: 1758.00
2025-04-08 16:09:30,936 - DEBUG - 局部搜索未能改进当前解
2025-04-08 16:09:30,940 - DEBUG - 执行AGV分配局部搜索，当前完工时间: 1710.00
2025-04-08 16:09:30,944 - DEBUG - 局部搜索未能改进当前解
2025-04-08 16:09:30,947 - DEBUG - 执行AGV分配局部搜索，当前完工时间: 1686.00
2025-04-08 16:09:30,951 - DEBUG - 局部搜索未能改进当前解
2025-04-08 16:09:30,955 - DEBUG - 执行AGV分配局部搜索，当前完工时间: 1679.00
2025-04-08 16:09:30,958 - DEBUG - 局部搜索未能改进当前解
2025-04-08 16:09:30,962 - DEBUG - 执行AGV分配局部搜索，当前完工时间: 1880.00
2025-04-08 16:09:30,966 - DEBUG - 局部搜索未能改进当前解
2025-04-08 16:09:30,970 - DEBUG - 执行AGV分配局部搜索，当前完工时间: 1697.00
2025-04-08 16:09:30,973 - DEBUG - 局部搜索未能改进当前解
2025-04-08 16:09:30,977 - DEBUG - 执行AGV分配局部搜索，当前完工时间: 1703.00
2025-04-08 16:09:30,981 - DEBUG - 局部搜索未能改进当前解
2025-04-08 16:09:30,985 - DEBUG - 执行AGV分配局部搜索，当前完工时间: 1801.00
2025-04-08 16:09:30,989 - DEBUG - 局部搜索未能改进当前解
2025-04-08 16:09:30,993 - DEBUG - 执行AGV分配局部搜索，当前完工时间: 1762.00
2025-04-08 16:09:30,997 - DEBUG - 局部搜索未能改进当前解
2025-04-08 16:09:31,000 - DEBUG - 执行AGV分配局部搜索，当前完工时间: 1644.00
2025-04-08 16:09:31,004 - DEBUG - 局部搜索未能改进当前解
2025-04-08 16:09:31,006 - DEBUG - 执行AGV分配局部搜索，当前完工时间: 1668.00
2025-04-08 16:09:31,011 - DEBUG - 局部搜索未能改进当前解
2025-04-08 16:09:31,013 - DEBUG - 执行AGV分配局部搜索，当前完工时间: 1654.00
2025-04-08 16:09:31,018 - DEBUG - 局部搜索未能改进当前解
2025-04-08 16:09:31,021 - DEBUG - 执行AGV分配局部搜索，当前完工时间: 1671.00
2025-04-08 16:09:31,024 - DEBUG - 局部搜索未能改进当前解
2025-04-08 16:09:31,029 - DEBUG - 执行AGV分配局部搜索，当前完工时间: 1718.00
2025-04-08 16:09:31,033 - DEBUG - 局部搜索未能改进当前解
2025-04-08 16:09:31,037 - DEBUG - 执行AGV分配局部搜索，当前完工时间: 1662.00
2025-04-08 16:09:31,040 - DEBUG - 局部搜索未能改进当前解
2025-04-08 16:09:31,044 - DEBUG - 执行AGV分配局部搜索，当前完工时间: 1759.00
2025-04-08 16:09:31,047 - DEBUG - 局部搜索未能改进当前解
2025-04-08 16:09:31,052 - DEBUG - 执行AGV分配局部搜索，当前完工时间: 1720.00
2025-04-08 16:09:31,056 - DEBUG - 局部搜索未能改进当前解
2025-04-08 16:09:31,059 - DEBUG - 执行AGV分配局部搜索，当前完工时间: 1662.00
2025-04-08 16:09:31,063 - DEBUG - 局部搜索未能改进当前解
2025-04-08 16:09:31,067 - DEBUG - 执行AGV分配局部搜索，当前完工时间: 1692.00
2025-04-08 16:09:31,070 - DEBUG - 局部搜索未能改进当前解
2025-04-08 16:09:31,074 - DEBUG - 执行AGV分配局部搜索，当前完工时间: 1774.00
2025-04-08 16:09:31,078 - DEBUG - AGV分配局部搜索成功！完工时间从 1774.00 降低到 1753.00，改进: 21.00 (1.18%)
2025-04-08 16:09:31,082 - DEBUG - 执行AGV分配局部搜索，当前完工时间: 1730.00
2025-04-08 16:09:31,085 - DEBUG - 局部搜索未能改进当前解
2025-04-08 16:09:31,089 - DEBUG - 执行AGV分配局部搜索，当前完工时间: 1776.00
2025-04-08 16:09:31,093 - DEBUG - AGV分配局部搜索成功！完工时间从 1776.00 降低到 1708.00，改进: 68.00 (3.83%)
2025-04-08 16:09:31,097 - DEBUG - 执行AGV分配局部搜索，当前完工时间: 1696.00
2025-04-08 16:09:31,100 - DEBUG - 局部搜索未能改进当前解
2025-04-08 16:09:31,104 - DEBUG - 执行AGV分配局部搜索，当前完工时间: 1723.00
2025-04-08 16:09:31,107 - DEBUG - 局部搜索未能改进当前解
2025-04-08 16:09:31,110 - DEBUG - 执行AGV分配局部搜索，当前完工时间: 1720.00
2025-04-08 16:09:31,114 - DEBUG - 局部搜索未能改进当前解
2025-04-08 16:09:31,118 - DEBUG - 执行AGV分配局部搜索，当前完工时间: 1667.00
2025-04-08 16:09:31,122 - DEBUG - 局部搜索未能改进当前解
2025-04-08 16:09:31,126 - DEBUG - 执行AGV分配局部搜索，当前完工时间: 1698.00
2025-04-08 16:09:31,129 - DEBUG - 局部搜索未能改进当前解
2025-04-08 16:09:31,133 - DEBUG - 执行AGV分配局部搜索，当前完工时间: 1655.00
2025-04-08 16:09:31,137 - DEBUG - 局部搜索未能改进当前解
2025-04-08 16:09:31,140 - DEBUG - 执行AGV分配局部搜索，当前完工时间: 1664.00
2025-04-08 16:09:31,145 - DEBUG - 局部搜索未能改进当前解
2025-04-08 16:09:31,149 - DEBUG - 执行AGV分配局部搜索，当前完工时间: 1909.00
2025-04-08 16:09:31,153 - DEBUG - 局部搜索未能改进当前解
2025-04-08 16:09:31,157 - DEBUG - 执行AGV分配局部搜索，当前完工时间: 1771.00
2025-04-08 16:09:31,162 - DEBUG - 局部搜索未能改进当前解
2025-04-08 16:09:31,165 - DEBUG - 执行AGV分配局部搜索，当前完工时间: 1711.00
2025-04-08 16:09:31,169 - DEBUG - 局部搜索未能改进当前解
2025-04-08 16:09:31,173 - DEBUG - 执行AGV分配局部搜索，当前完工时间: 1668.00
2025-04-08 16:09:31,176 - DEBUG - 局部搜索未能改进当前解
2025-04-08 16:09:31,180 - DEBUG - 执行AGV分配局部搜索，当前完工时间: 1763.00
2025-04-08 16:09:31,184 - DEBUG - 局部搜索未能改进当前解
2025-04-08 16:09:31,187 - DEBUG - 执行AGV分配局部搜索，当前完工时间: 1632.00
2025-04-08 16:09:31,191 - DEBUG - 局部搜索未能改进当前解
2025-04-08 16:09:31,194 - DEBUG - 执行AGV分配局部搜索，当前完工时间: 1729.00
2025-04-08 16:09:31,197 - DEBUG - 局部搜索未能改进当前解
2025-04-08 16:09:31,202 - DEBUG - 执行AGV分配局部搜索，当前完工时间: 1689.00
2025-04-08 16:09:31,205 - DEBUG - 局部搜索未能改进当前解
2025-04-08 16:09:31,208 - DEBUG - 执行AGV分配局部搜索，当前完工时间: 1661.00
2025-04-08 16:09:31,212 - DEBUG - 局部搜索未能改进当前解
2025-04-08 16:09:31,216 - DEBUG - 执行AGV分配局部搜索，当前完工时间: 1701.00
2025-04-08 16:09:31,220 - DEBUG - 局部搜索未能改进当前解
2025-04-08 16:09:31,223 - DEBUG - 执行AGV分配局部搜索，当前完工时间: 1768.00
2025-04-08 16:09:31,226 - DEBUG - 局部搜索未能改进当前解
2025-04-08 16:09:31,231 - DEBUG - 执行AGV分配局部搜索，当前完工时间: 1784.00
2025-04-08 16:09:31,235 - DEBUG - 局部搜索未能改进当前解
2025-04-08 16:09:31,239 - DEBUG - 执行AGV分配局部搜索，当前完工时间: 1868.00
2025-04-08 16:09:31,243 - DEBUG - 局部搜索未能改进当前解
2025-04-08 16:09:31,247 - DEBUG - 执行AGV分配局部搜索，当前完工时间: 1731.00
2025-04-08 16:09:31,251 - DEBUG - AGV分配局部搜索成功！完工时间从 1731.00 降低到 1707.00，改进: 24.00 (1.39%)
2025-04-08 16:09:31,254 - DEBUG - 执行AGV分配局部搜索，当前完工时间: 1670.00
2025-04-08 16:09:31,258 - DEBUG - 局部搜索未能改进当前解
2025-04-08 16:09:31,260 - DEBUG - 执行AGV分配局部搜索，当前完工时间: 1803.00
2025-04-08 16:09:31,264 - DEBUG - 局部搜索未能改进当前解
2025-04-08 16:09:31,269 - DEBUG - 执行AGV分配局部搜索，当前完工时间: 1837.00
2025-04-08 16:09:31,272 - DEBUG - 局部搜索未能改进当前解
2025-04-08 16:09:31,276 - DEBUG - 执行AGV分配局部搜索，当前完工时间: 1748.00
2025-04-08 16:09:31,280 - DEBUG - 局部搜索未能改进当前解
2025-04-08 16:09:31,284 - DEBUG - 执行AGV分配局部搜索，当前完工时间: 1779.00
2025-04-08 16:09:31,287 - DEBUG - 局部搜索未能改进当前解
2025-04-08 16:09:31,291 - DEBUG - 执行AGV分配局部搜索，当前完工时间: 1682.00
2025-04-08 16:09:31,294 - DEBUG - 局部搜索未能改进当前解
2025-04-08 16:09:31,297 - DEBUG - 执行AGV分配局部搜索，当前完工时间: 1714.00
2025-04-08 16:09:31,301 - DEBUG - 局部搜索未能改进当前解
2025-04-08 16:09:31,305 - DEBUG - 执行AGV分配局部搜索，当前完工时间: 1761.00
2025-04-08 16:09:31,309 - DEBUG - 局部搜索未能改进当前解
2025-04-08 16:09:31,312 - DEBUG - 执行AGV分配局部搜索，当前完工时间: 1773.00
2025-04-08 16:09:31,316 - DEBUG - AGV分配局部搜索成功！完工时间从 1773.00 降低到 1737.00，改进: 36.00 (2.03%)
2025-04-08 16:09:31,320 - DEBUG - 执行AGV分配局部搜索，当前完工时间: 1709.00
2025-04-08 16:09:31,323 - DEBUG - 局部搜索未能改进当前解
2025-04-08 16:09:31,323 - DEBUG - ==================================================
2025-04-08 16:09:31,323 - DEBUG - Efficiency Statistics of Local Search :
2025-04-08 16:09:31,323 - DEBUG - Number of attempts: 99
2025-04-08 16:09:31,323 - DEBUG - Average Success Rate: 8.08%
2025-04-08 16:09:31,323 - DEBUG - AGV Local Search Success: 8，Average Improvement: 21.38
2025-04-08 16:09:31,328 - DEBUG - 执行AGV分配局部搜索，当前完工时间: 1664.00
2025-04-08 16:09:31,332 - DEBUG - 局部搜索未能改进当前解
2025-04-08 16:09:31,335 - DEBUG - 执行AGV分配局部搜索，当前完工时间: 1709.00
2025-04-08 16:09:31,340 - DEBUG - 局部搜索未能改进当前解
2025-04-08 16:09:31,344 - DEBUG - 执行AGV分配局部搜索，当前完工时间: 1749.00
2025-04-08 16:09:31,347 - DEBUG - AGV分配局部搜索成功！完工时间从 1749.00 降低到 1746.00，改进: 3.00 (0.17%)
2025-04-08 16:09:31,351 - DEBUG - 执行AGV分配局部搜索，当前完工时间: 1694.00
2025-04-08 16:09:31,355 - DEBUG - 局部搜索未能改进当前解
2025-04-08 16:09:31,359 - DEBUG - 执行AGV分配局部搜索，当前完工时间: 1697.00
2025-04-08 16:09:31,362 - DEBUG - 局部搜索未能改进当前解
2025-04-08 16:09:31,366 - DEBUG - 执行AGV分配局部搜索，当前完工时间: 1685.00
2025-04-08 16:09:31,371 - DEBUG - 局部搜索未能改进当前解
2025-04-08 16:09:31,374 - DEBUG - 执行AGV分配局部搜索，当前完工时间: 1671.00
2025-04-08 16:09:31,378 - DEBUG - 局部搜索未能改进当前解
2025-04-08 16:09:31,381 - DEBUG - 执行AGV分配局部搜索，当前完工时间: 1638.00
2025-04-08 16:09:31,385 - DEBUG - 局部搜索未能改进当前解
2025-04-08 16:09:31,389 - DEBUG - 执行AGV分配局部搜索，当前完工时间: 1706.00
2025-04-08 16:09:31,392 - DEBUG - 局部搜索未能改进当前解
2025-04-08 16:09:31,397 - DEBUG - 执行AGV分配局部搜索，当前完工时间: 1720.00
2025-04-08 16:09:31,400 - DEBUG - 局部搜索未能改进当前解
2025-04-08 16:09:31,403 - DEBUG - 执行AGV分配局部搜索，当前完工时间: 1713.00
2025-04-08 16:09:31,407 - DEBUG - AGV分配局部搜索成功！完工时间从 1713.00 降低到 1674.00，改进: 39.00 (2.28%)
2025-04-08 16:09:31,410 - DEBUG - 执行AGV分配局部搜索，当前完工时间: 1685.00
2025-04-08 16:09:31,415 - DEBUG - 局部搜索未能改进当前解
2025-04-08 16:09:31,418 - DEBUG - 执行AGV分配局部搜索，当前完工时间: 1731.00
2025-04-08 16:09:31,421 - DEBUG - 局部搜索未能改进当前解
2025-04-08 16:09:31,425 - DEBUG - 执行AGV分配局部搜索，当前完工时间: 1701.00
2025-04-08 16:09:31,429 - DEBUG - 局部搜索未能改进当前解
2025-04-08 16:09:31,433 - DEBUG - 执行AGV分配局部搜索，当前完工时间: 1712.00
2025-04-08 16:09:31,436 - DEBUG - 局部搜索未能改进当前解
2025-04-08 16:09:31,440 - DEBUG - 执行AGV分配局部搜索，当前完工时间: 1735.00
2025-04-08 16:09:31,444 - DEBUG - 局部搜索未能改进当前解
2025-04-08 16:09:31,448 - DEBUG - 执行AGV分配局部搜索，当前完工时间: 1789.00
2025-04-08 16:09:31,452 - DEBUG - 局部搜索未能改进当前解
2025-04-08 16:09:31,455 - DEBUG - 执行AGV分配局部搜索，当前完工时间: 1717.00
2025-04-08 16:09:31,458 - DEBUG - 局部搜索未能改进当前解
2025-04-08 16:09:31,462 - DEBUG - 执行AGV分配局部搜索，当前完工时间: 1660.00
2025-04-08 16:09:31,466 - DEBUG - 局部搜索未能改进当前解
2025-04-08 16:09:31,470 - DEBUG - 执行AGV分配局部搜索，当前完工时间: 1831.00
2025-04-08 16:09:31,473 - DEBUG - 局部搜索未能改进当前解
2025-04-08 16:09:31,477 - DEBUG - 执行AGV分配局部搜索，当前完工时间: 1716.00
2025-04-08 16:09:31,481 - DEBUG - 局部搜索未能改进当前解
2025-04-08 16:09:31,485 - DEBUG - 执行AGV分配局部搜索，当前完工时间: 1657.00
2025-04-08 16:09:31,488 - DEBUG - 局部搜索未能改进当前解
2025-04-08 16:09:31,492 - DEBUG - 执行AGV分配局部搜索，当前完工时间: 1756.00
2025-04-08 16:09:31,495 - DEBUG - 局部搜索未能改进当前解
2025-04-08 16:09:31,500 - DEBUG - 执行AGV分配局部搜索，当前完工时间: 1746.00
2025-04-08 16:09:31,504 - DEBUG - 局部搜索未能改进当前解
2025-04-08 16:09:31,507 - DEBUG - 执行AGV分配局部搜索，当前完工时间: 1769.00
2025-04-08 16:09:31,511 - DEBUG - 局部搜索未能改进当前解
2025-04-08 16:09:31,514 - DEBUG - 执行AGV分配局部搜索，当前完工时间: 1629.00
2025-04-08 16:09:31,518 - DEBUG - AGV分配局部搜索成功！完工时间从 1629.00 降低到 1624.00，改进: 5.00 (0.31%)
2025-04-08 16:09:31,522 - DEBUG - 执行AGV分配局部搜索，当前完工时间: 1679.00
2025-04-08 16:09:31,525 - DEBUG - 局部搜索未能改进当前解
2025-04-08 16:09:31,530 - DEBUG - 执行AGV分配局部搜索，当前完工时间: 1658.00
2025-04-08 16:09:31,533 - DEBUG - 局部搜索未能改进当前解
2025-04-08 16:09:31,537 - DEBUG - 执行AGV分配局部搜索，当前完工时间: 1686.00
2025-04-08 16:09:31,540 - DEBUG - 局部搜索未能改进当前解
2025-04-08 16:09:31,544 - DEBUG - 执行AGV分配局部搜索，当前完工时间: 1730.00
2025-04-08 16:09:31,547 - DEBUG - 局部搜索未能改进当前解
2025-04-08 16:09:31,552 - DEBUG - 执行AGV分配局部搜索，当前完工时间: 1676.00
2025-04-08 16:09:31,555 - DEBUG - 局部搜索未能改进当前解
2025-04-08 16:09:31,559 - DEBUG - 执行AGV分配局部搜索，当前完工时间: 1773.00
2025-04-08 16:09:31,562 - DEBUG - 局部搜索未能改进当前解
2025-04-08 16:09:31,566 - DEBUG - 执行AGV分配局部搜索，当前完工时间: 1690.00
2025-04-08 16:09:31,569 - DEBUG - AGV分配局部搜索成功！完工时间从 1690.00 降低到 1658.00，改进: 32.00 (1.89%)
2025-04-08 16:09:31,574 - DEBUG - 执行AGV分配局部搜索，当前完工时间: 1735.00
2025-04-08 16:09:31,576 - DEBUG - 局部搜索未能改进当前解
2025-04-08 16:09:31,581 - DEBUG - 执行AGV分配局部搜索，当前完工时间: 1752.00
2025-04-08 16:09:31,585 - DEBUG - 局部搜索未能改进当前解
2025-04-08 16:09:31,589 - DEBUG - 执行AGV分配局部搜索，当前完工时间: 1702.00
2025-04-08 16:09:31,592 - DEBUG - 局部搜索未能改进当前解
2025-04-08 16:09:31,595 - DEBUG - 执行AGV分配局部搜索，当前完工时间: 1664.00
2025-04-08 16:09:31,599 - DEBUG - 局部搜索未能改进当前解
2025-04-08 16:09:31,603 - DEBUG - 执行AGV分配局部搜索，当前完工时间: 1905.00
2025-04-08 16:09:31,607 - DEBUG - 局部搜索未能改进当前解
2025-04-08 16:09:31,610 - DEBUG - 执行AGV分配局部搜索，当前完工时间: 1701.00
2025-04-08 16:09:31,614 - DEBUG - 局部搜索未能改进当前解
2025-04-08 16:09:31,618 - DEBUG - 执行AGV分配局部搜索，当前完工时间: 1680.00
2025-04-08 16:09:31,622 - DEBUG - 局部搜索未能改进当前解
2025-04-08 16:09:31,625 - DEBUG - 执行AGV分配局部搜索，当前完工时间: 1664.00
2025-04-08 16:09:31,628 - DEBUG - 局部搜索未能改进当前解
2025-04-08 16:09:31,632 - DEBUG - 执行AGV分配局部搜索，当前完工时间: 1723.00
2025-04-08 16:09:31,636 - DEBUG - 局部搜索未能改进当前解
2025-04-08 16:09:31,640 - DEBUG - 执行AGV分配局部搜索，当前完工时间: 1658.00
2025-04-08 16:09:31,644 - DEBUG - 局部搜索未能改进当前解
2025-04-08 16:09:31,647 - DEBUG - 执行AGV分配局部搜索，当前完工时间: 1686.00
2025-04-08 16:09:31,651 - DEBUG - 局部搜索未能改进当前解
2025-04-08 16:09:31,654 - DEBUG - 执行AGV分配局部搜索，当前完工时间: 1689.00
2025-04-08 16:09:31,658 - DEBUG - 局部搜索未能改进当前解
2025-04-08 16:09:31,662 - DEBUG - 执行AGV分配局部搜索，当前完工时间: 1759.00
2025-04-08 16:09:31,666 - DEBUG - 局部搜索未能改进当前解
2025-04-08 16:09:31,670 - DEBUG - 执行AGV分配局部搜索，当前完工时间: 1714.00
2025-04-08 16:09:31,675 - DEBUG - 局部搜索未能改进当前解
2025-04-08 16:09:31,678 - DEBUG - 执行AGV分配局部搜索，当前完工时间: 1661.00
2025-04-08 16:09:31,682 - DEBUG - 局部搜索未能改进当前解
2025-04-08 16:09:31,685 - DEBUG - 执行AGV分配局部搜索，当前完工时间: 1743.00
2025-04-08 16:09:31,688 - DEBUG - 局部搜索未能改进当前解
2025-04-08 16:09:31,693 - DEBUG - 执行AGV分配局部搜索，当前完工时间: 1736.00
2025-04-08 16:09:31,697 - DEBUG - 局部搜索未能改进当前解
2025-04-08 16:09:31,700 - DEBUG - 执行AGV分配局部搜索，当前完工时间: 1712.00
2025-04-08 16:09:31,703 - DEBUG - 局部搜索未能改进当前解
2025-04-08 16:09:31,707 - DEBUG - 执行AGV分配局部搜索，当前完工时间: 1750.00
2025-04-08 16:09:31,711 - DEBUG - 局部搜索未能改进当前解
2025-04-08 16:09:31,715 - DEBUG - 执行AGV分配局部搜索，当前完工时间: 1697.00
2025-04-08 16:09:31,718 - DEBUG - AGV分配局部搜索成功！完工时间从 1697.00 降低到 1692.00，改进: 5.00 (0.29%)
2025-04-08 16:09:31,722 - DEBUG - 执行AGV分配局部搜索，当前完工时间: 1674.00
2025-04-08 16:09:31,726 - DEBUG - 局部搜索未能改进当前解
2025-04-08 16:09:31,729 - DEBUG - 执行AGV分配局部搜索，当前完工时间: 1678.00
2025-04-08 16:09:31,733 - DEBUG - 局部搜索未能改进当前解
2025-04-08 16:09:31,737 - DEBUG - 执行AGV分配局部搜索，当前完工时间: 1774.00
2025-04-08 16:09:31,741 - DEBUG - 局部搜索未能改进当前解
2025-04-08 16:09:31,745 - DEBUG - 执行AGV分配局部搜索，当前完工时间: 1698.00
2025-04-08 16:09:31,748 - DEBUG - 局部搜索未能改进当前解
2025-04-08 16:09:31,751 - DEBUG - 执行AGV分配局部搜索，当前完工时间: 1638.00
2025-04-08 16:09:31,755 - DEBUG - 局部搜索未能改进当前解
2025-04-08 16:09:31,759 - DEBUG - 执行AGV分配局部搜索，当前完工时间: 1686.00
2025-04-08 16:09:31,763 - DEBUG - 局部搜索未能改进当前解
2025-04-08 16:09:31,767 - DEBUG - 执行AGV分配局部搜索，当前完工时间: 1729.00
2025-04-08 16:09:31,770 - DEBUG - 局部搜索未能改进当前解
2025-04-08 16:09:31,773 - DEBUG - 执行AGV分配局部搜索，当前完工时间: 1764.00
2025-04-08 16:09:31,778 - DEBUG - 局部搜索未能改进当前解
2025-04-08 16:09:31,782 - DEBUG - 执行AGV分配局部搜索，当前完工时间: 1692.00
2025-04-08 16:09:31,786 - DEBUG - 局部搜索未能改进当前解
2025-04-08 16:09:31,790 - DEBUG - 执行AGV分配局部搜索，当前完工时间: 1679.00
2025-04-08 16:09:31,793 - DEBUG - 局部搜索未能改进当前解
2025-04-08 16:09:31,797 - DEBUG - 执行AGV分配局部搜索，当前完工时间: 1777.00
2025-04-08 16:09:31,801 - DEBUG - 局部搜索未能改进当前解
2025-04-08 16:09:31,805 - DEBUG - 执行AGV分配局部搜索，当前完工时间: 1746.00
2025-04-08 16:09:31,809 - DEBUG - 局部搜索未能改进当前解
2025-04-08 16:09:31,812 - DEBUG - 执行AGV分配局部搜索，当前完工时间: 1757.00
2025-04-08 16:09:31,815 - DEBUG - 局部搜索未能改进当前解
2025-04-08 16:09:31,820 - DEBUG - 执行AGV分配局部搜索，当前完工时间: 1702.00
2025-04-08 16:09:31,824 - DEBUG - 局部搜索未能改进当前解
2025-04-08 16:09:31,827 - DEBUG - 执行AGV分配局部搜索，当前完工时间: 1700.00
2025-04-08 16:09:31,830 - DEBUG - 局部搜索未能改进当前解
2025-04-08 16:09:31,834 - DEBUG - 执行AGV分配局部搜索，当前完工时间: 1626.00
2025-04-08 16:09:31,838 - DEBUG - 局部搜索未能改进当前解
2025-04-08 16:09:31,841 - DEBUG - 执行AGV分配局部搜索，当前完工时间: 1661.00
2025-04-08 16:09:31,845 - DEBUG - 局部搜索未能改进当前解
2025-04-08 16:09:31,849 - DEBUG - 执行AGV分配局部搜索，当前完工时间: 1795.00
2025-04-08 16:09:31,853 - DEBUG - AGV分配局部搜索成功！完工时间从 1795.00 降低到 1744.00，改进: 51.00 (2.84%)
2025-04-08 16:09:31,857 - DEBUG - 执行AGV分配局部搜索，当前完工时间: 1626.00
2025-04-08 16:09:31,860 - DEBUG - 局部搜索未能改进当前解
2025-04-08 16:09:31,864 - DEBUG - 执行AGV分配局部搜索，当前完工时间: 1682.00
2025-04-08 16:09:31,867 - DEBUG - 局部搜索未能改进当前解
2025-04-08 16:09:31,870 - DEBUG - 执行AGV分配局部搜索，当前完工时间: 1704.00
2025-04-08 16:09:31,874 - DEBUG - 局部搜索未能改进当前解
2025-04-08 16:09:31,878 - DEBUG - 执行AGV分配局部搜索，当前完工时间: 1708.00
2025-04-08 16:09:31,881 - DEBUG - 局部搜索未能改进当前解
2025-04-08 16:09:31,886 - DEBUG - 执行AGV分配局部搜索，当前完工时间: 1782.00
2025-04-08 16:09:31,890 - DEBUG - 局部搜索未能改进当前解
2025-04-08 16:09:31,893 - DEBUG - 执行AGV分配局部搜索，当前完工时间: 1686.00
2025-04-08 16:09:31,897 - DEBUG - 局部搜索未能改进当前解
2025-04-08 16:09:31,901 - DEBUG - 执行AGV分配局部搜索，当前完工时间: 1684.00
2025-04-08 16:09:31,905 - DEBUG - 局部搜索未能改进当前解
2025-04-08 16:09:31,908 - DEBUG - 执行AGV分配局部搜索，当前完工时间: 1753.00
2025-04-08 16:09:31,912 - DEBUG - 局部搜索未能改进当前解
2025-04-08 16:09:31,916 - DEBUG - 执行AGV分配局部搜索，当前完工时间: 1717.00
2025-04-08 16:09:31,920 - DEBUG - 局部搜索未能改进当前解
2025-04-08 16:09:31,923 - DEBUG - 执行AGV分配局部搜索，当前完工时间: 1777.00
2025-04-08 16:09:31,926 - DEBUG - 局部搜索未能改进当前解
2025-04-08 16:09:31,931 - DEBUG - 执行AGV分配局部搜索，当前完工时间: 1700.00
2025-04-08 16:09:31,934 - DEBUG - 局部搜索未能改进当前解
2025-04-08 16:09:31,937 - DEBUG - 执行AGV分配局部搜索，当前完工时间: 1699.00
2025-04-08 16:09:31,941 - DEBUG - 局部搜索未能改进当前解
2025-04-08 16:09:31,945 - DEBUG - 执行AGV分配局部搜索，当前完工时间: 1706.00
2025-04-08 16:09:31,948 - DEBUG - 局部搜索未能改进当前解
2025-04-08 16:09:31,952 - DEBUG - 执行AGV分配局部搜索，当前完工时间: 1677.00
2025-04-08 16:09:31,956 - DEBUG - AGV分配局部搜索成功！完工时间从 1677.00 降低到 1665.00，改进: 12.00 (0.72%)
2025-04-08 16:09:31,960 - DEBUG - 执行AGV分配局部搜索，当前完工时间: 1676.00
2025-04-08 16:09:31,962 - DEBUG - 局部搜索未能改进当前解
2025-04-08 16:09:31,967 - DEBUG - 执行AGV分配局部搜索，当前完工时间: 1686.00
2025-04-08 16:09:31,971 - DEBUG - 局部搜索未能改进当前解
2025-04-08 16:09:31,974 - DEBUG - 执行AGV分配局部搜索，当前完工时间: 1708.00
2025-04-08 16:09:31,976 - DEBUG - 局部搜索未能改进当前解
2025-04-08 16:09:31,981 - DEBUG - 执行AGV分配局部搜索，当前完工时间: 1748.00
2025-04-08 16:09:31,985 - DEBUG - 局部搜索未能改进当前解
2025-04-08 16:09:31,989 - DEBUG - 执行AGV分配局部搜索，当前完工时间: 1757.00
2025-04-08 16:09:31,993 - DEBUG - 局部搜索未能改进当前解
2025-04-08 16:09:31,996 - DEBUG - 执行AGV分配局部搜索，当前完工时间: 1806.00
2025-04-08 16:09:32,000 - DEBUG - 局部搜索未能改进当前解
2025-04-08 16:09:32,004 - DEBUG - 执行AGV分配局部搜索，当前完工时间: 1718.00
2025-04-08 16:09:32,007 - DEBUG - 局部搜索未能改进当前解
2025-04-08 16:09:32,011 - DEBUG - 执行AGV分配局部搜索，当前完工时间: 1778.00
2025-04-08 16:09:32,015 - DEBUG - 局部搜索未能改进当前解
2025-04-08 16:09:32,019 - DEBUG - 执行AGV分配局部搜索，当前完工时间: 1767.00
2025-04-08 16:09:32,022 - DEBUG - 局部搜索未能改进当前解
2025-04-08 16:09:32,025 - DEBUG - 执行AGV分配局部搜索，当前完工时间: 1653.00
2025-04-08 16:09:32,030 - DEBUG - 局部搜索未能改进当前解
2025-04-08 16:09:32,034 - DEBUG - 执行AGV分配局部搜索，当前完工时间: 1778.00
2025-04-08 16:09:32,037 - DEBUG - 局部搜索未能改进当前解
2025-04-08 16:09:32,042 - DEBUG - 执行AGV分配局部搜索，当前完工时间: 1673.00
2025-04-08 16:09:32,046 - DEBUG - AGV分配局部搜索成功！完工时间从 1673.00 降低到 1657.00，改进: 16.00 (0.96%)
2025-04-08 16:09:32,049 - DEBUG - 执行AGV分配局部搜索，当前完工时间: 1735.00
2025-04-08 16:09:32,053 - DEBUG - 局部搜索未能改进当前解
2025-04-08 16:09:32,057 - DEBUG - 执行AGV分配局部搜索，当前完工时间: 1691.00
2025-04-08 16:09:32,060 - DEBUG - 局部搜索未能改进当前解
2025-04-08 16:09:32,060 - DEBUG - ==================================================
2025-04-08 16:09:32,060 - DEBUG - Efficiency Statistics of Local Search :
2025-04-08 16:09:32,062 - DEBUG - Number of attempts: 99
2025-04-08 16:09:32,062 - DEBUG - Average Success Rate: 8.08%
2025-04-08 16:09:32,062 - DEBUG - AGV Local Search Success: 8，Average Improvement: 20.38
2025-04-08 16:09:32,066 - DEBUG - 执行AGV分配局部搜索，当前完工时间: 1736.00
2025-04-08 16:09:32,070 - DEBUG - 局部搜索未能改进当前解
2025-04-08 16:09:32,074 - DEBUG - 执行AGV分配局部搜索，当前完工时间: 1679.00
2025-04-08 16:09:32,078 - DEBUG - 局部搜索未能改进当前解
2025-04-08 16:09:32,082 - DEBUG - 执行AGV分配局部搜索，当前完工时间: 1696.00
2025-04-08 16:09:32,086 - DEBUG - 局部搜索未能改进当前解
2025-04-08 16:09:32,089 - DEBUG - 执行AGV分配局部搜索，当前完工时间: 1672.00
2025-04-08 16:09:32,093 - DEBUG - 局部搜索未能改进当前解
2025-04-08 16:09:32,097 - DEBUG - 执行AGV分配局部搜索，当前完工时间: 1733.00
2025-04-08 16:09:32,101 - DEBUG - 局部搜索未能改进当前解
2025-04-08 16:09:32,105 - DEBUG - 执行AGV分配局部搜索，当前完工时间: 1658.00
2025-04-08 16:09:32,108 - DEBUG - 局部搜索未能改进当前解
2025-04-08 16:09:32,112 - DEBUG - 执行AGV分配局部搜索，当前完工时间: 1660.00
2025-04-08 16:09:32,115 - DEBUG - 局部搜索未能改进当前解
2025-04-08 16:09:32,119 - DEBUG - 执行AGV分配局部搜索，当前完工时间: 1688.00
2025-04-08 16:09:32,124 - DEBUG - AGV分配局部搜索成功！完工时间从 1688.00 降低到 1676.00，改进: 12.00 (0.71%)
2025-04-08 16:09:32,127 - DEBUG - 执行AGV分配局部搜索，当前完工时间: 1721.00
2025-04-08 16:09:32,131 - DEBUG - 局部搜索未能改进当前解
2025-04-08 16:09:32,135 - DEBUG - 执行AGV分配局部搜索，当前完工时间: 1716.00
2025-04-08 16:09:32,138 - DEBUG - 局部搜索未能改进当前解
2025-04-08 16:09:32,143 - DEBUG - 执行AGV分配局部搜索，当前完工时间: 1743.00
2025-04-08 16:09:32,148 - DEBUG - 局部搜索未能改进当前解
2025-04-08 16:09:32,151 - DEBUG - 执行AGV分配局部搜索，当前完工时间: 1652.00
2025-04-08 16:09:32,155 - DEBUG - 局部搜索未能改进当前解
2025-04-08 16:09:32,160 - DEBUG - 执行AGV分配局部搜索，当前完工时间: 1668.00
2025-04-08 16:09:32,163 - DEBUG - 局部搜索未能改进当前解
2025-04-08 16:09:32,167 - DEBUG - 执行AGV分配局部搜索，当前完工时间: 1690.00
2025-04-08 16:09:32,170 - DEBUG - 局部搜索未能改进当前解
2025-04-08 16:09:32,174 - DEBUG - 执行AGV分配局部搜索，当前完工时间: 1708.00
2025-04-08 16:09:32,178 - DEBUG - 局部搜索未能改进当前解
2025-04-08 16:09:32,182 - DEBUG - 执行AGV分配局部搜索，当前完工时间: 1816.00
2025-04-08 16:09:32,185 - DEBUG - AGV分配局部搜索成功！完工时间从 1816.00 降低到 1813.00，改进: 3.00 (0.17%)
2025-04-08 16:09:32,190 - DEBUG - 执行AGV分配局部搜索，当前完工时间: 1677.00
2025-04-08 16:09:32,193 - DEBUG - 局部搜索未能改进当前解
2025-04-08 16:09:32,197 - DEBUG - 执行AGV分配局部搜索，当前完工时间: 1648.00
2025-04-08 16:09:32,200 - DEBUG - 局部搜索未能改进当前解
2025-04-08 16:09:32,204 - DEBUG - 执行AGV分配局部搜索，当前完工时间: 1694.00
2025-04-08 16:09:32,207 - DEBUG - 局部搜索未能改进当前解
2025-04-08 16:09:32,212 - DEBUG - 执行AGV分配局部搜索，当前完工时间: 1674.00
2025-04-08 16:09:32,215 - DEBUG - 局部搜索未能改进当前解
2025-04-08 16:09:32,218 - DEBUG - 执行AGV分配局部搜索，当前完工时间: 1658.00
2025-04-08 16:09:32,222 - DEBUG - AGV分配局部搜索成功！完工时间从 1658.00 降低到 1646.00，改进: 12.00 (0.72%)
2025-04-08 16:09:32,226 - DEBUG - 执行AGV分配局部搜索，当前完工时间: 1736.00
2025-04-08 16:09:32,230 - DEBUG - 局部搜索未能改进当前解
2025-04-08 16:09:32,234 - DEBUG - 执行AGV分配局部搜索，当前完工时间: 1683.00
2025-04-08 16:09:32,237 - DEBUG - 局部搜索未能改进当前解
2025-04-08 16:09:32,240 - DEBUG - 执行AGV分配局部搜索，当前完工时间: 1726.00
2025-04-08 16:09:32,244 - DEBUG - 局部搜索未能改进当前解
2025-04-08 16:09:32,249 - DEBUG - 执行AGV分配局部搜索，当前完工时间: 1661.00
2025-04-08 16:09:32,252 - DEBUG - 局部搜索未能改进当前解
2025-04-08 16:09:32,256 - DEBUG - 执行AGV分配局部搜索，当前完工时间: 1679.00
2025-04-08 16:09:32,258 - DEBUG - 局部搜索未能改进当前解
2025-04-08 16:09:32,262 - DEBUG - 执行AGV分配局部搜索，当前完工时间: 1735.00
2025-04-08 16:09:32,266 - DEBUG - 局部搜索未能改进当前解
2025-04-08 16:09:32,270 - DEBUG - 执行AGV分配局部搜索，当前完工时间: 1645.00
2025-04-08 16:09:32,274 - DEBUG - 局部搜索未能改进当前解
2025-04-08 16:09:32,278 - DEBUG - 执行AGV分配局部搜索，当前完工时间: 1726.00
2025-04-08 16:09:32,281 - DEBUG - 局部搜索未能改进当前解
2025-04-08 16:09:32,285 - DEBUG - 执行AGV分配局部搜索，当前完工时间: 1736.00
2025-04-08 16:09:32,289 - DEBUG - 局部搜索未能改进当前解
2025-04-08 16:09:32,293 - DEBUG - 执行AGV分配局部搜索，当前完工时间: 1775.00
2025-04-08 16:09:32,297 - DEBUG - 局部搜索未能改进当前解
2025-04-08 16:09:32,301 - DEBUG - 执行AGV分配局部搜索，当前完工时间: 1652.00
2025-04-08 16:09:32,305 - DEBUG - 局部搜索未能改进当前解
2025-04-08 16:09:32,308 - DEBUG - 执行AGV分配局部搜索，当前完工时间: 1682.00
2025-04-08 16:09:32,312 - DEBUG - 局部搜索未能改进当前解
2025-04-08 16:09:32,314 - DEBUG - 执行AGV分配局部搜索，当前完工时间: 1624.00
2025-04-08 16:09:32,319 - DEBUG - 局部搜索未能改进当前解
2025-04-08 16:09:32,322 - DEBUG - 执行AGV分配局部搜索，当前完工时间: 1638.00
2025-04-08 16:09:32,325 - DEBUG - 局部搜索未能改进当前解
2025-04-08 16:09:32,330 - DEBUG - 执行AGV分配局部搜索，当前完工时间: 1698.00
2025-04-08 16:09:32,333 - DEBUG - 局部搜索未能改进当前解
2025-04-08 16:09:32,337 - DEBUG - 执行AGV分配局部搜索，当前完工时间: 1644.00
2025-04-08 16:09:32,341 - DEBUG - 局部搜索未能改进当前解
2025-04-08 16:09:32,344 - DEBUG - 执行AGV分配局部搜索，当前完工时间: 1701.00
2025-04-08 16:09:32,347 - DEBUG - 局部搜索未能改进当前解
2025-04-08 16:09:32,351 - DEBUG - 执行AGV分配局部搜索，当前完工时间: 1721.00
2025-04-08 16:09:32,355 - DEBUG - 局部搜索未能改进当前解
2025-04-08 16:09:32,358 - DEBUG - 执行AGV分配局部搜索，当前完工时间: 1730.00
2025-04-08 16:09:32,362 - DEBUG - 局部搜索未能改进当前解
2025-04-08 16:09:32,365 - DEBUG - 执行AGV分配局部搜索，当前完工时间: 1666.00
2025-04-08 16:09:32,370 - DEBUG - 局部搜索未能改进当前解
2025-04-08 16:09:32,373 - DEBUG - 执行AGV分配局部搜索，当前完工时间: 1706.00
2025-04-08 16:09:32,377 - DEBUG - 局部搜索未能改进当前解
2025-04-08 16:09:32,381 - DEBUG - 执行AGV分配局部搜索，当前完工时间: 1723.00
2025-04-08 16:09:32,385 - DEBUG - 局部搜索未能改进当前解
2025-04-08 16:09:32,388 - DEBUG - 执行AGV分配局部搜索，当前完工时间: 1626.00
2025-04-08 16:09:32,392 - DEBUG - 局部搜索未能改进当前解
2025-04-08 16:09:32,396 - DEBUG - 执行AGV分配局部搜索，当前完工时间: 1670.00
2025-04-08 16:09:32,399 - DEBUG - 局部搜索未能改进当前解
2025-04-08 16:09:32,402 - DEBUG - 执行AGV分配局部搜索，当前完工时间: 1727.00
2025-04-08 16:09:32,406 - DEBUG - 局部搜索未能改进当前解
2025-04-08 16:09:32,410 - DEBUG - 执行AGV分配局部搜索，当前完工时间: 1882.00
2025-04-08 16:09:32,413 - DEBUG - 局部搜索未能改进当前解
2025-04-08 16:09:32,416 - DEBUG - 执行AGV分配局部搜索，当前完工时间: 1661.00
2025-04-08 16:09:32,421 - DEBUG - 局部搜索未能改进当前解
2025-04-08 16:09:32,425 - DEBUG - 执行AGV分配局部搜索，当前完工时间: 1689.00
2025-04-08 16:09:32,429 - DEBUG - 局部搜索未能改进当前解
2025-04-08 16:09:32,434 - DEBUG - 执行AGV分配局部搜索，当前完工时间: 1670.00
2025-04-08 16:09:32,437 - DEBUG - 局部搜索未能改进当前解
2025-04-08 16:09:32,440 - DEBUG - 执行AGV分配局部搜索，当前完工时间: 1673.00
2025-04-08 16:09:32,444 - DEBUG - 局部搜索未能改进当前解
2025-04-08 16:09:32,448 - DEBUG - 执行AGV分配局部搜索，当前完工时间: 1753.00
2025-04-08 16:09:32,451 - DEBUG - 局部搜索未能改进当前解
2025-04-08 16:09:32,455 - DEBUG - 执行AGV分配局部搜索，当前完工时间: 1650.00
2025-04-08 16:09:32,459 - DEBUG - 局部搜索未能改进当前解
2025-04-08 16:09:32,462 - DEBUG - 执行AGV分配局部搜索，当前完工时间: 1670.00
2025-04-08 16:09:32,466 - DEBUG - 局部搜索未能改进当前解
2025-04-08 16:09:32,470 - DEBUG - 执行AGV分配局部搜索，当前完工时间: 1658.00
2025-04-08 16:09:32,472 - DEBUG - 局部搜索未能改进当前解
2025-04-08 16:09:32,477 - DEBUG - 执行AGV分配局部搜索，当前完工时间: 1704.00
2025-04-08 16:09:32,481 - DEBUG - 局部搜索未能改进当前解
2025-04-08 16:09:32,485 - DEBUG - 执行AGV分配局部搜索，当前完工时间: 1729.00
2025-04-08 16:09:32,489 - DEBUG - 局部搜索未能改进当前解
2025-04-08 16:09:32,492 - DEBUG - 执行AGV分配局部搜索，当前完工时间: 1708.00
2025-04-08 16:09:32,496 - DEBUG - 局部搜索未能改进当前解
2025-04-08 16:09:32,500 - DEBUG - 执行AGV分配局部搜索，当前完工时间: 1651.00
2025-04-08 16:09:32,503 - DEBUG - 局部搜索未能改进当前解
2025-04-08 16:09:32,507 - DEBUG - 执行AGV分配局部搜索，当前完工时间: 1775.00
2025-04-08 16:09:32,511 - DEBUG - 局部搜索未能改进当前解
2025-04-08 16:09:32,515 - DEBUG - 执行AGV分配局部搜索，当前完工时间: 1755.00
2025-04-08 16:09:32,519 - DEBUG - 局部搜索未能改进当前解
2025-04-08 16:09:32,524 - DEBUG - 执行AGV分配局部搜索，当前完工时间: 1710.00
2025-04-08 16:09:32,527 - DEBUG - 局部搜索未能改进当前解
2025-04-08 16:09:32,530 - DEBUG - 执行AGV分配局部搜索，当前完工时间: 1768.00
2025-04-08 16:09:32,534 - DEBUG - 局部搜索未能改进当前解
2025-04-08 16:09:32,539 - DEBUG - 执行AGV分配局部搜索，当前完工时间: 1718.00
2025-04-08 16:09:32,543 - DEBUG - 局部搜索未能改进当前解
2025-04-08 16:09:32,547 - DEBUG - 执行AGV分配局部搜索，当前完工时间: 1698.00
2025-04-08 16:09:32,550 - DEBUG - 局部搜索未能改进当前解
2025-04-08 16:09:32,554 - DEBUG - 执行AGV分配局部搜索，当前完工时间: 1630.00
2025-04-08 16:09:32,558 - DEBUG - 局部搜索未能改进当前解
2025-04-08 16:09:32,562 - DEBUG - 执行AGV分配局部搜索，当前完工时间: 1721.00
2025-04-08 16:09:32,565 - DEBUG - 局部搜索未能改进当前解
2025-04-08 16:09:32,569 - DEBUG - 执行AGV分配局部搜索，当前完工时间: 1762.00
2025-04-08 16:09:32,573 - DEBUG - AGV分配局部搜索成功！完工时间从 1762.00 降低到 1751.00，改进: 11.00 (0.62%)
2025-04-08 16:09:32,577 - DEBUG - 执行AGV分配局部搜索，当前完工时间: 1783.00
2025-04-08 16:09:32,580 - DEBUG - AGV分配局部搜索成功！完工时间从 1783.00 降低到 1764.00，改进: 19.00 (1.07%)
2025-04-08 16:09:32,584 - DEBUG - 执行AGV分配局部搜索，当前完工时间: 1726.00
2025-04-08 16:09:32,588 - DEBUG - 局部搜索未能改进当前解
2025-04-08 16:09:32,591 - DEBUG - 执行AGV分配局部搜索，当前完工时间: 1665.00
2025-04-08 16:09:32,595 - DEBUG - 局部搜索未能改进当前解
2025-04-08 16:09:32,599 - DEBUG - 执行AGV分配局部搜索，当前完工时间: 1761.00
2025-04-08 16:09:32,602 - DEBUG - 局部搜索未能改进当前解
2025-04-08 16:09:32,606 - DEBUG - 执行AGV分配局部搜索，当前完工时间: 1741.00
2025-04-08 16:09:32,610 - DEBUG - 局部搜索未能改进当前解
2025-04-08 16:09:32,612 - DEBUG - 执行AGV分配局部搜索，当前完工时间: 1646.00
2025-04-08 16:09:32,617 - DEBUG - 局部搜索未能改进当前解
2025-04-08 16:09:32,621 - DEBUG - 执行AGV分配局部搜索，当前完工时间: 1671.00
2025-04-08 16:09:32,624 - DEBUG - 局部搜索未能改进当前解
2025-04-08 16:09:32,628 - DEBUG - 执行AGV分配局部搜索，当前完工时间: 1682.00
2025-04-08 16:09:32,631 - DEBUG - 局部搜索未能改进当前解
2025-04-08 16:09:32,635 - DEBUG - 执行AGV分配局部搜索，当前完工时间: 1676.00
2025-04-08 16:09:32,639 - DEBUG - 局部搜索未能改进当前解
2025-04-08 16:09:32,643 - DEBUG - 执行AGV分配局部搜索，当前完工时间: 1784.00
2025-04-08 16:09:32,647 - DEBUG - 局部搜索未能改进当前解
2025-04-08 16:09:32,650 - DEBUG - 执行AGV分配局部搜索，当前完工时间: 1759.00
2025-04-08 16:09:32,654 - DEBUG - 局部搜索未能改进当前解
2025-04-08 16:09:32,658 - DEBUG - 执行AGV分配局部搜索，当前完工时间: 1686.00
2025-04-08 16:09:32,662 - DEBUG - AGV分配局部搜索成功！完工时间从 1686.00 降低到 1659.00，改进: 27.00 (1.60%)
2025-04-08 16:09:32,665 - DEBUG - 执行AGV分配局部搜索，当前完工时间: 1722.00
2025-04-08 16:09:32,668 - DEBUG - 局部搜索未能改进当前解
2025-04-08 16:09:32,673 - DEBUG - 执行AGV分配局部搜索，当前完工时间: 1752.00
2025-04-08 16:09:32,677 - DEBUG - 局部搜索未能改进当前解
2025-04-08 16:09:32,680 - DEBUG - 执行AGV分配局部搜索，当前完工时间: 1686.00
2025-04-08 16:09:32,684 - DEBUG - 局部搜索未能改进当前解
2025-04-08 16:09:32,687 - DEBUG - 执行AGV分配局部搜索，当前完工时间: 1773.00
2025-04-08 16:09:32,691 - DEBUG - 局部搜索未能改进当前解
2025-04-08 16:09:32,694 - DEBUG - 执行AGV分配局部搜索，当前完工时间: 1692.00
2025-04-08 16:09:32,698 - DEBUG - 局部搜索未能改进当前解
2025-04-08 16:09:32,702 - DEBUG - 执行AGV分配局部搜索，当前完工时间: 1762.00
2025-04-08 16:09:32,706 - DEBUG - 局部搜索未能改进当前解
2025-04-08 16:09:32,709 - DEBUG - 执行AGV分配局部搜索，当前完工时间: 1702.00
2025-04-08 16:09:32,713 - DEBUG - 局部搜索未能改进当前解
2025-04-08 16:09:32,716 - DEBUG - 执行AGV分配局部搜索，当前完工时间: 1715.00
2025-04-08 16:09:32,721 - DEBUG - 局部搜索未能改进当前解
2025-04-08 16:09:32,724 - DEBUG - 执行AGV分配局部搜索，当前完工时间: 1674.00
2025-04-08 16:09:32,728 - DEBUG - 局部搜索未能改进当前解
2025-04-08 16:09:32,731 - DEBUG - 执行AGV分配局部搜索，当前完工时间: 1671.00
2025-04-08 16:09:32,735 - DEBUG - 局部搜索未能改进当前解
2025-04-08 16:09:32,739 - DEBUG - 执行AGV分配局部搜索，当前完工时间: 1682.00
2025-04-08 16:09:32,742 - DEBUG - 局部搜索未能改进当前解
2025-04-08 16:09:32,745 - DEBUG - 执行AGV分配局部搜索，当前完工时间: 1817.00
2025-04-08 16:09:32,749 - DEBUG - 局部搜索未能改进当前解
2025-04-08 16:09:32,753 - DEBUG - 执行AGV分配局部搜索，当前完工时间: 1656.00
2025-04-08 16:09:32,756 - DEBUG - 局部搜索未能改进当前解
2025-04-08 16:09:32,761 - DEBUG - 执行AGV分配局部搜索，当前完工时间: 1718.00
2025-04-08 16:09:32,764 - DEBUG - 局部搜索未能改进当前解
2025-04-08 16:09:32,768 - DEBUG - 执行AGV分配局部搜索，当前完工时间: 1660.00
2025-04-08 16:09:32,772 - DEBUG - 局部搜索未能改进当前解
2025-04-08 16:09:32,775 - DEBUG - 执行AGV分配局部搜索，当前完工时间: 1751.00
2025-04-08 16:09:32,779 - DEBUG - 局部搜索未能改进当前解
2025-04-08 16:09:32,782 - DEBUG - 执行AGV分配局部搜索，当前完工时间: 1654.00
2025-04-08 16:09:32,786 - DEBUG - 局部搜索未能改进当前解
2025-04-08 16:09:32,789 - DEBUG - 执行AGV分配局部搜索，当前完工时间: 1717.00
2025-04-08 16:09:32,793 - DEBUG - 局部搜索未能改进当前解
2025-04-08 16:09:32,797 - DEBUG - 执行AGV分配局部搜索，当前完工时间: 1716.00
2025-04-08 16:09:32,800 - DEBUG - 局部搜索未能改进当前解
2025-04-08 16:09:32,800 - DEBUG - ==================================================
2025-04-08 16:09:32,800 - DEBUG - Efficiency Statistics of Local Search :
2025-04-08 16:09:32,800 - DEBUG - Number of attempts: 99
2025-04-08 16:09:32,800 - DEBUG - Average Success Rate: 6.06%
2025-04-08 16:09:32,800 - DEBUG - AGV Local Search Success: 6，Average Improvement: 14.00
2025-04-08 16:09:32,805 - DEBUG - 执行AGV分配局部搜索，当前完工时间: 1702.00
2025-04-08 16:09:32,809 - DEBUG - 局部搜索未能改进当前解
2025-04-08 16:09:32,812 - DEBUG - 执行AGV分配局部搜索，当前完工时间: 1674.00
2025-04-08 16:09:32,815 - DEBUG - 局部搜索未能改进当前解
2025-04-08 16:09:32,820 - DEBUG - 执行AGV分配局部搜索，当前完工时间: 1745.00
2025-04-08 16:09:32,824 - DEBUG - 局部搜索未能改进当前解
2025-04-08 16:09:32,828 - DEBUG - 执行AGV分配局部搜索，当前完工时间: 1677.00
2025-04-08 16:09:32,832 - DEBUG - 局部搜索未能改进当前解
2025-04-08 16:09:32,835 - DEBUG - 执行AGV分配局部搜索，当前完工时间: 1731.00
2025-04-08 16:09:32,838 - DEBUG - 局部搜索未能改进当前解
2025-04-08 16:09:32,843 - DEBUG - 执行AGV分配局部搜索，当前完工时间: 1675.00
2025-04-08 16:09:32,847 - DEBUG - 局部搜索未能改进当前解
2025-04-08 16:09:32,850 - DEBUG - 执行AGV分配局部搜索，当前完工时间: 1701.00
2025-04-08 16:09:32,854 - DEBUG - 局部搜索未能改进当前解
2025-04-08 16:09:32,857 - DEBUG - 执行AGV分配局部搜索，当前完工时间: 1683.00
2025-04-08 16:09:32,861 - DEBUG - 局部搜索未能改进当前解
2025-04-08 16:09:32,864 - DEBUG - 执行AGV分配局部搜索，当前完工时间: 1716.00
2025-04-08 16:09:32,868 - DEBUG - 局部搜索未能改进当前解
2025-04-08 16:09:32,872 - DEBUG - 执行AGV分配局部搜索，当前完工时间: 1753.00
2025-04-08 16:09:32,875 - DEBUG - 局部搜索未能改进当前解
2025-04-08 16:09:32,879 - DEBUG - 执行AGV分配局部搜索，当前完工时间: 1689.00
2025-04-08 16:09:32,883 - DEBUG - 局部搜索未能改进当前解
2025-04-08 16:09:32,886 - DEBUG - 执行AGV分配局部搜索，当前完工时间: 1826.00
2025-04-08 16:09:32,890 - DEBUG - AGV分配局部搜索成功！完工时间从 1826.00 降低到 1765.00，改进: 61.00 (3.34%)
2025-04-08 16:09:32,893 - DEBUG - 执行AGV分配局部搜索，当前完工时间: 1717.00
2025-04-08 16:09:32,897 - DEBUG - 局部搜索未能改进当前解
2025-04-08 16:09:32,901 - DEBUG - 执行AGV分配局部搜索，当前完工时间: 1684.00
2025-04-08 16:09:32,905 - DEBUG - 局部搜索未能改进当前解
2025-04-08 16:09:32,908 - DEBUG - 执行AGV分配局部搜索，当前完工时间: 1692.00
2025-04-08 16:09:32,912 - DEBUG - 局部搜索未能改进当前解
2025-04-08 16:09:32,916 - DEBUG - 执行AGV分配局部搜索，当前完工时间: 1716.00
2025-04-08 16:09:32,919 - DEBUG - 局部搜索未能改进当前解
2025-04-08 16:09:32,922 - DEBUG - 执行AGV分配局部搜索，当前完工时间: 1638.00
2025-04-08 16:09:32,926 - DEBUG - 局部搜索未能改进当前解
2025-04-08 16:09:32,931 - DEBUG - 执行AGV分配局部搜索，当前完工时间: 1718.00
2025-04-08 16:09:32,935 - DEBUG - 局部搜索未能改进当前解
2025-04-08 16:09:32,938 - DEBUG - 执行AGV分配局部搜索，当前完工时间: 1658.00
2025-04-08 16:09:32,941 - DEBUG - AGV分配局部搜索成功！完工时间从 1658.00 降低到 1654.00，改进: 4.00 (0.24%)
2025-04-08 16:09:32,946 - DEBUG - 执行AGV分配局部搜索，当前完工时间: 1696.00
2025-04-08 16:09:32,949 - DEBUG - 局部搜索未能改进当前解
2025-04-08 16:09:32,954 - DEBUG - 执行AGV分配局部搜索，当前完工时间: 1659.00
2025-04-08 16:09:32,957 - DEBUG - AGV分配局部搜索成功！完工时间从 1659.00 降低到 1648.00，改进: 11.00 (0.66%)
2025-04-08 16:09:32,960 - DEBUG - 执行AGV分配局部搜索，当前完工时间: 1683.00
2025-04-08 16:09:32,964 - DEBUG - AGV分配局部搜索成功！完工时间从 1683.00 降低到 1672.00，改进: 11.00 (0.65%)
2025-04-08 16:09:32,968 - DEBUG - 执行AGV分配局部搜索，当前完工时间: 1811.00
2025-04-08 16:09:32,972 - DEBUG - 局部搜索未能改进当前解
2025-04-08 16:09:32,976 - DEBUG - 执行AGV分配局部搜索，当前完工时间: 1651.00
2025-04-08 16:09:32,980 - DEBUG - 局部搜索未能改进当前解
2025-04-08 16:09:32,983 - DEBUG - 执行AGV分配局部搜索，当前完工时间: 1630.00
2025-04-08 16:09:32,987 - DEBUG - 局部搜索未能改进当前解
2025-04-08 16:09:32,991 - DEBUG - 执行AGV分配局部搜索，当前完工时间: 1644.00
2025-04-08 16:09:32,995 - DEBUG - 局部搜索未能改进当前解
2025-04-08 16:09:32,999 - DEBUG - 执行AGV分配局部搜索，当前完工时间: 1733.00
2025-04-08 16:09:33,002 - DEBUG - 局部搜索未能改进当前解
2025-04-08 16:09:33,005 - DEBUG - 执行AGV分配局部搜索，当前完工时间: 1714.00
2025-04-08 16:09:33,009 - DEBUG - 局部搜索未能改进当前解
2025-04-08 16:09:33,014 - DEBUG - 执行AGV分配局部搜索，当前完工时间: 1690.00
2025-04-08 16:09:33,018 - DEBUG - 局部搜索未能改进当前解
2025-04-08 16:09:33,020 - DEBUG - 执行AGV分配局部搜索，当前完工时间: 1733.00
2025-04-08 16:09:33,025 - DEBUG - 局部搜索未能改进当前解
2025-04-08 16:09:33,028 - DEBUG - 执行AGV分配局部搜索，当前完工时间: 1745.00
2025-04-08 16:09:33,032 - DEBUG - 局部搜索未能改进当前解
2025-04-08 16:09:33,036 - DEBUG - 执行AGV分配局部搜索，当前完工时间: 1689.00
2025-04-08 16:09:33,040 - DEBUG - 局部搜索未能改进当前解
2025-04-08 16:09:33,044 - DEBUG - 执行AGV分配局部搜索，当前完工时间: 1678.00
2025-04-08 16:09:33,047 - DEBUG - 局部搜索未能改进当前解
2025-04-08 16:09:33,051 - DEBUG - 执行AGV分配局部搜索，当前完工时间: 1714.00
2025-04-08 16:09:33,054 - DEBUG - 局部搜索未能改进当前解
2025-04-08 16:09:33,058 - DEBUG - 执行AGV分配局部搜索，当前完工时间: 1743.00
2025-04-08 16:09:33,062 - DEBUG - 局部搜索未能改进当前解
2025-04-08 16:09:33,066 - DEBUG - 执行AGV分配局部搜索，当前完工时间: 1642.00
2025-04-08 16:09:33,069 - DEBUG - 局部搜索未能改进当前解
2025-04-08 16:09:33,072 - DEBUG - 执行AGV分配局部搜索，当前完工时间: 1637.00
2025-04-08 16:09:33,076 - DEBUG - 局部搜索未能改进当前解
2025-04-08 16:09:33,080 - DEBUG - 执行AGV分配局部搜索，当前完工时间: 1679.00
2025-04-08 16:09:33,083 - DEBUG - 局部搜索未能改进当前解
2025-04-08 16:09:33,088 - DEBUG - 执行AGV分配局部搜索，当前完工时间: 1638.00
2025-04-08 16:09:33,091 - DEBUG - 局部搜索未能改进当前解
2025-04-08 16:09:33,095 - DEBUG - 执行AGV分配局部搜索，当前完工时间: 1668.00
2025-04-08 16:09:33,097 - DEBUG - 局部搜索未能改进当前解
2025-04-08 16:09:33,102 - DEBUG - 执行AGV分配局部搜索，当前完工时间: 1660.00
2025-04-08 16:09:33,106 - DEBUG - 局部搜索未能改进当前解
2025-04-08 16:09:33,110 - DEBUG - 执行AGV分配局部搜索，当前完工时间: 1626.00
2025-04-08 16:09:33,114 - DEBUG - 局部搜索未能改进当前解
2025-04-08 16:09:33,116 - DEBUG - 执行AGV分配局部搜索，当前完工时间: 1760.00
2025-04-08 16:09:33,120 - DEBUG - 局部搜索未能改进当前解
2025-04-08 16:09:33,124 - DEBUG - 执行AGV分配局部搜索，当前完工时间: 1676.00
2025-04-08 16:09:33,128 - DEBUG - 局部搜索未能改进当前解
2025-04-08 16:09:33,132 - DEBUG - 执行AGV分配局部搜索，当前完工时间: 1727.00
2025-04-08 16:09:33,136 - DEBUG - 局部搜索未能改进当前解
2025-04-08 16:09:33,141 - DEBUG - 执行AGV分配局部搜索，当前完工时间: 1726.00
2025-04-08 16:09:33,145 - DEBUG - 局部搜索未能改进当前解
2025-04-08 16:09:33,148 - DEBUG - 执行AGV分配局部搜索，当前完工时间: 1672.00
2025-04-08 16:09:33,152 - DEBUG - 局部搜索未能改进当前解
2025-04-08 16:09:33,157 - DEBUG - 执行AGV分配局部搜索，当前完工时间: 1772.00
2025-04-08 16:09:33,160 - DEBUG - 局部搜索未能改进当前解
2025-04-08 16:09:33,164 - DEBUG - 执行AGV分配局部搜索，当前完工时间: 1683.00
2025-04-08 16:09:33,166 - DEBUG - 局部搜索未能改进当前解
2025-04-08 16:09:33,170 - DEBUG - 执行AGV分配局部搜索，当前完工时间: 1662.00
2025-04-08 16:09:33,174 - DEBUG - 局部搜索未能改进当前解
2025-04-08 16:09:33,178 - DEBUG - 执行AGV分配局部搜索，当前完工时间: 1715.00
2025-04-08 16:09:33,182 - DEBUG - 局部搜索未能改进当前解
2025-04-08 16:09:33,185 - DEBUG - 执行AGV分配局部搜索，当前完工时间: 1645.00
2025-04-08 16:09:33,188 - DEBUG - 局部搜索未能改进当前解
2025-04-08 16:09:33,192 - DEBUG - 执行AGV分配局部搜索，当前完工时间: 1716.00
2025-04-08 16:09:33,195 - DEBUG - AGV分配局部搜索成功！完工时间从 1716.00 降低到 1694.00，改进: 22.00 (1.28%)
2025-04-08 16:09:33,200 - DEBUG - 执行AGV分配局部搜索，当前完工时间: 1690.00
2025-04-08 16:09:33,203 - DEBUG - 局部搜索未能改进当前解
2025-04-08 16:09:33,207 - DEBUG - 执行AGV分配局部搜索，当前完工时间: 1686.00
2025-04-08 16:09:33,210 - DEBUG - 局部搜索未能改进当前解
2025-04-08 16:09:33,214 - DEBUG - 执行AGV分配局部搜索，当前完工时间: 1701.00
2025-04-08 16:09:33,218 - DEBUG - 局部搜索未能改进当前解
2025-04-08 16:09:33,222 - DEBUG - 执行AGV分配局部搜索，当前完工时间: 1699.00
2025-04-08 16:09:33,226 - DEBUG - 局部搜索未能改进当前解
2025-04-08 16:09:33,230 - DEBUG - 执行AGV分配局部搜索，当前完工时间: 1636.00
2025-04-08 16:09:33,233 - DEBUG - 局部搜索未能改进当前解
2025-04-08 16:09:33,237 - DEBUG - 执行AGV分配局部搜索，当前完工时间: 1630.00
2025-04-08 16:09:33,241 - DEBUG - 局部搜索未能改进当前解
2025-04-08 16:09:33,245 - DEBUG - 执行AGV分配局部搜索，当前完工时间: 1725.00
2025-04-08 16:09:33,248 - DEBUG - 局部搜索未能改进当前解
2025-04-08 16:09:33,252 - DEBUG - 执行AGV分配局部搜索，当前完工时间: 1725.00
2025-04-08 16:09:33,256 - DEBUG - 局部搜索未能改进当前解
2025-04-08 16:09:33,259 - DEBUG - 执行AGV分配局部搜索，当前完工时间: 1667.00
2025-04-08 16:09:33,262 - DEBUG - 局部搜索未能改进当前解
2025-04-08 16:09:33,266 - DEBUG - 执行AGV分配局部搜索，当前完工时间: 1734.00
2025-04-08 16:09:33,270 - DEBUG - 局部搜索未能改进当前解
2025-04-08 16:09:33,274 - DEBUG - 执行AGV分配局部搜索，当前完工时间: 1706.00
2025-04-08 16:09:33,279 - DEBUG - 局部搜索未能改进当前解
2025-04-08 16:09:33,282 - DEBUG - 执行AGV分配局部搜索，当前完工时间: 1760.00
2025-04-08 16:09:33,285 - DEBUG - AGV分配局部搜索成功！完工时间从 1760.00 降低到 1697.00，改进: 63.00 (3.58%)
2025-04-08 16:09:33,289 - DEBUG - 执行AGV分配局部搜索，当前完工时间: 1648.00
2025-04-08 16:09:33,293 - DEBUG - 局部搜索未能改进当前解
2025-04-08 16:09:33,296 - DEBUG - 执行AGV分配局部搜索，当前完工时间: 1644.00
2025-04-08 16:09:33,299 - DEBUG - 局部搜索未能改进当前解
2025-04-08 16:09:33,303 - DEBUG - 执行AGV分配局部搜索，当前完工时间: 1693.00
2025-04-08 16:09:33,307 - DEBUG - 局部搜索未能改进当前解
2025-04-08 16:09:33,310 - DEBUG - 执行AGV分配局部搜索，当前完工时间: 1774.00
2025-04-08 16:09:33,314 - DEBUG - 局部搜索未能改进当前解
2025-04-08 16:09:33,318 - DEBUG - 执行AGV分配局部搜索，当前完工时间: 1728.00
2025-04-08 16:09:33,322 - DEBUG - 局部搜索未能改进当前解
2025-04-08 16:09:33,326 - DEBUG - 执行AGV分配局部搜索，当前完工时间: 1657.00
2025-04-08 16:09:33,330 - DEBUG - 局部搜索未能改进当前解
2025-04-08 16:09:33,333 - DEBUG - 执行AGV分配局部搜索，当前完工时间: 1703.00
2025-04-08 16:09:33,336 - DEBUG - 局部搜索未能改进当前解
2025-04-08 16:09:33,340 - DEBUG - 执行AGV分配局部搜索，当前完工时间: 1679.00
2025-04-08 16:09:33,344 - DEBUG - 局部搜索未能改进当前解
2025-04-08 16:09:33,347 - DEBUG - 执行AGV分配局部搜索，当前完工时间: 1730.00
2025-04-08 16:09:33,351 - DEBUG - 局部搜索未能改进当前解
2025-04-08 16:09:33,355 - DEBUG - 执行AGV分配局部搜索，当前完工时间: 1684.00
2025-04-08 16:09:33,358 - DEBUG - 局部搜索未能改进当前解
2025-04-08 16:09:33,363 - DEBUG - 执行AGV分配局部搜索，当前完工时间: 1803.00
2025-04-08 16:09:33,367 - DEBUG - 局部搜索未能改进当前解
2025-04-08 16:09:33,371 - DEBUG - 执行AGV分配局部搜索，当前完工时间: 1711.00
2025-04-08 16:09:33,374 - DEBUG - 局部搜索未能改进当前解
2025-04-08 16:09:33,377 - DEBUG - 执行AGV分配局部搜索，当前完工时间: 1682.00
2025-04-08 16:09:33,381 - DEBUG - 局部搜索未能改进当前解
2025-04-08 16:09:33,385 - DEBUG - 执行AGV分配局部搜索，当前完工时间: 1653.00
2025-04-08 16:09:33,388 - DEBUG - 局部搜索未能改进当前解
2025-04-08 16:09:33,392 - DEBUG - 执行AGV分配局部搜索，当前完工时间: 1626.00
2025-04-08 16:09:33,395 - DEBUG - 局部搜索未能改进当前解
2025-04-08 16:09:33,400 - DEBUG - 执行AGV分配局部搜索，当前完工时间: 1730.00
2025-04-08 16:09:33,403 - DEBUG - 局部搜索未能改进当前解
2025-04-08 16:09:33,407 - DEBUG - 执行AGV分配局部搜索，当前完工时间: 1725.00
2025-04-08 16:09:33,410 - DEBUG - 局部搜索未能改进当前解
2025-04-08 16:09:33,414 - DEBUG - 执行AGV分配局部搜索，当前完工时间: 1756.00
2025-04-08 16:09:33,416 - DEBUG - AGV分配局部搜索成功！完工时间从 1756.00 降低到 1740.00，改进: 16.00 (0.91%)
2025-04-08 16:09:33,421 - DEBUG - 执行AGV分配局部搜索，当前完工时间: 1692.00
2025-04-08 16:09:33,424 - DEBUG - AGV分配局部搜索成功！完工时间从 1692.00 降低到 1688.00，改进: 4.00 (0.24%)
2025-04-08 16:09:33,429 - DEBUG - 执行AGV分配局部搜索，当前完工时间: 1719.00
2025-04-08 16:09:33,432 - DEBUG - 局部搜索未能改进当前解
2025-04-08 16:09:33,435 - DEBUG - 执行AGV分配局部搜索，当前完工时间: 1750.00
2025-04-08 16:09:33,440 - DEBUG - 局部搜索未能改进当前解
2025-04-08 16:09:33,443 - DEBUG - 执行AGV分配局部搜索，当前完工时间: 1726.00
2025-04-08 16:09:33,447 - DEBUG - 局部搜索未能改进当前解
2025-04-08 16:09:33,451 - DEBUG - 执行AGV分配局部搜索，当前完工时间: 1662.00
2025-04-08 16:09:33,455 - DEBUG - 局部搜索未能改进当前解
2025-04-08 16:09:33,459 - DEBUG - 执行AGV分配局部搜索，当前完工时间: 1679.00
2025-04-08 16:09:33,462 - DEBUG - AGV分配局部搜索成功！完工时间从 1679.00 降低到 1664.00，改进: 15.00 (0.89%)
2025-04-08 16:09:33,465 - DEBUG - 执行AGV分配局部搜索，当前完工时间: 1739.00
2025-04-08 16:09:33,469 - DEBUG - 局部搜索未能改进当前解
2025-04-08 16:09:33,473 - DEBUG - 执行AGV分配局部搜索，当前完工时间: 1622.00
2025-04-08 16:09:33,476 - DEBUG - 局部搜索未能改进当前解
2025-04-08 16:09:33,481 - DEBUG - 执行AGV分配局部搜索，当前完工时间: 1683.00
2025-04-08 16:09:33,484 - DEBUG - 局部搜索未能改进当前解
2025-04-08 16:09:33,487 - DEBUG - 执行AGV分配局部搜索，当前完工时间: 1712.00
2025-04-08 16:09:33,491 - DEBUG - 局部搜索未能改进当前解
2025-04-08 16:09:33,495 - DEBUG - 执行AGV分配局部搜索，当前完工时间: 1709.00
2025-04-08 16:09:33,498 - DEBUG - AGV分配局部搜索成功！完工时间从 1709.00 降低到 1671.00，改进: 38.00 (2.22%)
2025-04-08 16:09:33,503 - DEBUG - 执行AGV分配局部搜索，当前完工时间: 1718.00
2025-04-08 16:09:33,506 - DEBUG - 局部搜索未能改进当前解
2025-04-08 16:09:33,509 - DEBUG - 执行AGV分配局部搜索，当前完工时间: 1650.00
2025-04-08 16:09:33,512 - DEBUG - 局部搜索未能改进当前解
2025-04-08 16:09:33,517 - DEBUG - 执行AGV分配局部搜索，当前完工时间: 1709.00
2025-04-08 16:09:33,520 - DEBUG - AGV分配局部搜索成功！完工时间从 1709.00 降低到 1626.00，改进: 83.00 (4.86%)
2025-04-08 16:09:33,524 - DEBUG - 执行AGV分配局部搜索，当前完工时间: 1643.00
2025-04-08 16:09:33,527 - DEBUG - 局部搜索未能改进当前解
2025-04-08 16:09:33,532 - DEBUG - 执行AGV分配局部搜索，当前完工时间: 1767.00
2025-04-08 16:09:33,535 - DEBUG - 局部搜索未能改进当前解
2025-04-08 16:09:33,535 - DEBUG - ==================================================
2025-04-08 16:09:33,535 - DEBUG - Efficiency Statistics of Local Search :
2025-04-08 16:09:33,535 - DEBUG - Number of attempts: 99
2025-04-08 16:09:33,535 - DEBUG - Average Success Rate: 11.11%
2025-04-08 16:09:33,535 - DEBUG - AGV Local Search Success: 11，Average Improvement: 29.82
2025-04-08 16:09:33,540 - DEBUG - 执行AGV分配局部搜索，当前完工时间: 1690.00
2025-04-08 16:09:33,543 - DEBUG - 局部搜索未能改进当前解
2025-04-08 16:09:33,547 - DEBUG - 执行AGV分配局部搜索，当前完工时间: 1716.00
2025-04-08 16:09:33,551 - DEBUG - 局部搜索未能改进当前解
2025-04-08 16:09:33,554 - DEBUG - 执行AGV分配局部搜索，当前完工时间: 1684.00
2025-04-08 16:09:33,558 - DEBUG - 局部搜索未能改进当前解
2025-04-08 16:09:33,562 - DEBUG - 执行AGV分配局部搜索，当前完工时间: 1643.00
2025-04-08 16:09:33,566 - DEBUG - 局部搜索未能改进当前解
2025-04-08 16:09:33,569 - DEBUG - 执行AGV分配局部搜索，当前完工时间: 1632.00
2025-04-08 16:09:33,573 - DEBUG - 局部搜索未能改进当前解
2025-04-08 16:09:33,578 - DEBUG - 执行AGV分配局部搜索，当前完工时间: 1670.00
2025-04-08 16:09:33,580 - DEBUG - 局部搜索未能改进当前解
2025-04-08 16:09:33,585 - DEBUG - 执行AGV分配局部搜索，当前完工时间: 1642.00
2025-04-08 16:09:33,588 - DEBUG - 局部搜索未能改进当前解
2025-04-08 16:09:33,593 - DEBUG - 执行AGV分配局部搜索，当前完工时间: 1732.00
2025-04-08 16:09:33,598 - DEBUG - 局部搜索未能改进当前解
2025-04-08 16:09:33,601 - DEBUG - 执行AGV分配局部搜索，当前完工时间: 1705.00
2025-04-08 16:09:33,605 - DEBUG - 局部搜索未能改进当前解
2025-04-08 16:09:33,608 - DEBUG - 执行AGV分配局部搜索，当前完工时间: 1622.00
2025-04-08 16:09:33,612 - DEBUG - 局部搜索未能改进当前解
2025-04-08 16:09:33,614 - DEBUG - 执行AGV分配局部搜索，当前完工时间: 1624.00
2025-04-08 16:09:33,619 - DEBUG - 局部搜索未能改进当前解
2025-04-08 16:09:33,622 - DEBUG - 执行AGV分配局部搜索，当前完工时间: 1646.00
2025-04-08 16:09:33,625 - DEBUG - 局部搜索未能改进当前解
2025-04-08 16:09:33,629 - DEBUG - 执行AGV分配局部搜索，当前完工时间: 1760.00
2025-04-08 16:09:33,633 - DEBUG - 局部搜索未能改进当前解
2025-04-08 16:09:33,637 - DEBUG - 执行AGV分配局部搜索，当前完工时间: 1681.00
2025-04-08 16:09:33,641 - DEBUG - 局部搜索未能改进当前解
2025-04-08 16:09:33,644 - DEBUG - 执行AGV分配局部搜索，当前完工时间: 1732.00
2025-04-08 16:09:33,647 - DEBUG - AGV分配局部搜索成功！完工时间从 1732.00 降低到 1712.00，改进: 20.00 (1.15%)
2025-04-08 16:09:33,652 - DEBUG - 执行AGV分配局部搜索，当前完工时间: 1640.00
2025-04-08 16:09:33,655 - DEBUG - 局部搜索未能改进当前解
2025-04-08 16:09:33,659 - DEBUG - 执行AGV分配局部搜索，当前完工时间: 1666.00
2025-04-08 16:09:33,662 - DEBUG - 局部搜索未能改进当前解
2025-04-08 16:09:33,666 - DEBUG - 执行AGV分配局部搜索，当前完工时间: 1670.00
2025-04-08 16:09:33,670 - DEBUG - 局部搜索未能改进当前解
2025-04-08 16:09:33,673 - DEBUG - 执行AGV分配局部搜索，当前完工时间: 1683.00
2025-04-08 16:09:33,677 - DEBUG - 局部搜索未能改进当前解
2025-04-08 16:09:33,680 - DEBUG - 执行AGV分配局部搜索，当前完工时间: 1795.00
2025-04-08 16:09:33,684 - DEBUG - 局部搜索未能改进当前解
2025-04-08 16:09:33,687 - DEBUG - 执行AGV分配局部搜索，当前完工时间: 1725.00
2025-04-08 16:09:33,692 - DEBUG - 局部搜索未能改进当前解
2025-04-08 16:09:33,696 - DEBUG - 执行AGV分配局部搜索，当前完工时间: 1670.00
2025-04-08 16:09:33,699 - DEBUG - 局部搜索未能改进当前解
2025-04-08 16:09:33,703 - DEBUG - 执行AGV分配局部搜索，当前完工时间: 1716.00
2025-04-08 16:09:33,707 - DEBUG - AGV分配局部搜索成功！完工时间从 1716.00 降低到 1696.00，改进: 20.00 (1.17%)
2025-04-08 16:09:33,709 - DEBUG - 执行AGV分配局部搜索，当前完工时间: 1679.00
2025-04-08 16:09:33,713 - DEBUG - 局部搜索未能改进当前解
2025-04-08 16:09:33,716 - DEBUG - 执行AGV分配局部搜索，当前完工时间: 1738.00
2025-04-08 16:09:33,721 - DEBUG - 局部搜索未能改进当前解
2025-04-08 16:09:33,724 - DEBUG - 执行AGV分配局部搜索，当前完工时间: 1660.00
2025-04-08 16:09:33,727 - DEBUG - 局部搜索未能改进当前解
2025-04-08 16:09:33,731 - DEBUG - 执行AGV分配局部搜索，当前完工时间: 1648.00
2025-04-08 16:09:33,735 - DEBUG - 局部搜索未能改进当前解
2025-04-08 16:09:33,739 - DEBUG - 执行AGV分配局部搜索，当前完工时间: 1742.00
2025-04-08 16:09:33,742 - DEBUG - 局部搜索未能改进当前解
2025-04-08 16:09:33,746 - DEBUG - 执行AGV分配局部搜索，当前完工时间: 1675.00
2025-04-08 16:09:33,750 - DEBUG - 局部搜索未能改进当前解
2025-04-08 16:09:33,753 - DEBUG - 执行AGV分配局部搜索，当前完工时间: 1698.00
2025-04-08 16:09:33,757 - DEBUG - 局部搜索未能改进当前解
2025-04-08 16:09:33,760 - DEBUG - 执行AGV分配局部搜索，当前完工时间: 1735.00
2025-04-08 16:09:33,764 - DEBUG - AGV分配局部搜索成功！完工时间从 1735.00 降低到 1726.00，改进: 9.00 (0.52%)
2025-04-08 16:09:33,768 - DEBUG - 执行AGV分配局部搜索，当前完工时间: 1637.00
2025-04-08 16:09:33,772 - DEBUG - 局部搜索未能改进当前解
2025-04-08 16:09:33,776 - DEBUG - 执行AGV分配局部搜索，当前完工时间: 1730.00
2025-04-08 16:09:33,780 - DEBUG - 局部搜索未能改进当前解
2025-04-08 16:09:33,784 - DEBUG - 执行AGV分配局部搜索，当前完工时间: 1702.00
2025-04-08 16:09:33,787 - DEBUG - 局部搜索未能改进当前解
2025-04-08 16:09:33,791 - DEBUG - 执行AGV分配局部搜索，当前完工时间: 1733.00
2025-04-08 16:09:33,794 - DEBUG - 局部搜索未能改进当前解
2025-04-08 16:09:33,799 - DEBUG - 执行AGV分配局部搜索，当前完工时间: 1744.00
2025-04-08 16:09:33,802 - DEBUG - 局部搜索未能改进当前解
2025-04-08 16:09:33,806 - DEBUG - 执行AGV分配局部搜索，当前完工时间: 1670.00
2025-04-08 16:09:33,809 - DEBUG - 局部搜索未能改进当前解
2025-04-08 16:09:33,812 - DEBUG - 执行AGV分配局部搜索，当前完工时间: 1674.00
2025-04-08 16:09:33,816 - DEBUG - 局部搜索未能改进当前解
2025-04-08 16:09:33,820 - DEBUG - 执行AGV分配局部搜索，当前完工时间: 1743.00
2025-04-08 16:09:33,823 - DEBUG - 局部搜索未能改进当前解
2025-04-08 16:09:33,826 - DEBUG - 执行AGV分配局部搜索，当前完工时间: 1683.00
2025-04-08 16:09:33,831 - DEBUG - 局部搜索未能改进当前解
2025-04-08 16:09:33,835 - DEBUG - 执行AGV分配局部搜索，当前完工时间: 1696.00
2025-04-08 16:09:33,838 - DEBUG - 局部搜索未能改进当前解
2025-04-08 16:09:33,842 - DEBUG - 执行AGV分配局部搜索，当前完工时间: 1686.00
2025-04-08 16:09:33,846 - DEBUG - 局部搜索未能改进当前解
2025-04-08 16:09:33,850 - DEBUG - 执行AGV分配局部搜索，当前完工时间: 1758.00
2025-04-08 16:09:33,853 - DEBUG - 局部搜索未能改进当前解
2025-04-08 16:09:33,857 - DEBUG - 执行AGV分配局部搜索，当前完工时间: 1739.00
2025-04-08 16:09:33,861 - DEBUG - 局部搜索未能改进当前解
2025-04-08 16:09:33,864 - DEBUG - 执行AGV分配局部搜索，当前完工时间: 1766.00
2025-04-08 16:09:33,868 - DEBUG - 局部搜索未能改进当前解
2025-04-08 16:09:33,872 - DEBUG - 执行AGV分配局部搜索，当前完工时间: 1686.00
2025-04-08 16:09:33,876 - DEBUG - 局部搜索未能改进当前解
2025-04-08 16:09:33,880 - DEBUG - 执行AGV分配局部搜索，当前完工时间: 1703.00
2025-04-08 16:09:33,883 - DEBUG - AGV分配局部搜索成功！完工时间从 1703.00 降低到 1696.00，改进: 7.00 (0.41%)
2025-04-08 16:09:33,887 - DEBUG - 执行AGV分配局部搜索，当前完工时间: 1708.00
2025-04-08 16:09:33,891 - DEBUG - AGV分配局部搜索成功！完工时间从 1708.00 降低到 1701.00，改进: 7.00 (0.41%)
2025-04-08 16:09:33,894 - DEBUG - 执行AGV分配局部搜索，当前完工时间: 1759.00
2025-04-08 16:09:33,897 - DEBUG - 局部搜索未能改进当前解
2025-04-08 16:09:33,902 - DEBUG - 执行AGV分配局部搜索，当前完工时间: 1713.00
2025-04-08 16:09:33,905 - DEBUG - 局部搜索未能改进当前解
2025-04-08 16:09:33,908 - DEBUG - 执行AGV分配局部搜索，当前完工时间: 1636.00
2025-04-08 16:09:33,912 - DEBUG - 局部搜索未能改进当前解
2025-04-08 16:09:33,916 - DEBUG - 执行AGV分配局部搜索，当前完工时间: 1669.00
2025-04-08 16:09:33,920 - DEBUG - 局部搜索未能改进当前解
2025-04-08 16:09:33,924 - DEBUG - 执行AGV分配局部搜索，当前完工时间: 1761.00
2025-04-08 16:09:33,928 - DEBUG - 局部搜索未能改进当前解
2025-04-08 16:09:33,931 - DEBUG - 执行AGV分配局部搜索，当前完工时间: 1697.00
2025-04-08 16:09:33,935 - DEBUG - 局部搜索未能改进当前解
2025-04-08 16:09:33,939 - DEBUG - 执行AGV分配局部搜索，当前完工时间: 1668.00
2025-04-08 16:09:33,942 - DEBUG - 局部搜索未能改进当前解
2025-04-08 16:09:33,946 - DEBUG - 执行AGV分配局部搜索，当前完工时间: 1712.00
2025-04-08 16:09:33,950 - DEBUG - 局部搜索未能改进当前解
2025-04-08 16:09:33,954 - DEBUG - 执行AGV分配局部搜索，当前完工时间: 1718.00
2025-04-08 16:09:33,957 - DEBUG - 局部搜索未能改进当前解
2025-04-08 16:09:33,960 - DEBUG - 执行AGV分配局部搜索，当前完工时间: 1667.00
2025-04-08 16:09:33,965 - DEBUG - 局部搜索未能改进当前解
2025-04-08 16:09:33,968 - DEBUG - 执行AGV分配局部搜索，当前完工时间: 1778.00
2025-04-08 16:09:33,972 - DEBUG - 局部搜索未能改进当前解
2025-04-08 16:09:33,976 - DEBUG - 执行AGV分配局部搜索，当前完工时间: 1665.00
2025-04-08 16:09:33,980 - DEBUG - 局部搜索未能改进当前解
2025-04-08 16:09:33,984 - DEBUG - 执行AGV分配局部搜索，当前完工时间: 1812.00
2025-04-08 16:09:33,987 - DEBUG - 局部搜索未能改进当前解
2025-04-08 16:09:33,992 - DEBUG - 执行AGV分配局部搜索，当前完工时间: 1796.00
2025-04-08 16:09:33,995 - DEBUG - 局部搜索未能改进当前解
2025-04-08 16:09:33,999 - DEBUG - 执行AGV分配局部搜索，当前完工时间: 1815.00
2025-04-08 16:09:34,003 - DEBUG - 局部搜索未能改进当前解
2025-04-08 16:09:34,007 - DEBUG - 执行AGV分配局部搜索，当前完工时间: 1698.00
2025-04-08 16:09:34,010 - DEBUG - 局部搜索未能改进当前解
2025-04-08 16:09:34,014 - DEBUG - 执行AGV分配局部搜索，当前完工时间: 1790.00
2025-04-08 16:09:34,018 - DEBUG - 局部搜索未能改进当前解
2025-04-08 16:09:34,022 - DEBUG - 执行AGV分配局部搜索，当前完工时间: 1800.00
2025-04-08 16:09:34,026 - DEBUG - AGV分配局部搜索成功！完工时间从 1800.00 降低到 1783.00，改进: 17.00 (0.94%)
2025-04-08 16:09:34,030 - DEBUG - 执行AGV分配局部搜索，当前完工时间: 1792.00
2025-04-08 16:09:34,034 - DEBUG - 局部搜索未能改进当前解
2025-04-08 16:09:34,037 - DEBUG - 执行AGV分配局部搜索，当前完工时间: 1638.00
2025-04-08 16:09:34,041 - DEBUG - 局部搜索未能改进当前解
2025-04-08 16:09:34,044 - DEBUG - 执行AGV分配局部搜索，当前完工时间: 1734.00
2025-04-08 16:09:34,047 - DEBUG - 局部搜索未能改进当前解
2025-04-08 16:09:34,052 - DEBUG - 执行AGV分配局部搜索，当前完工时间: 1800.00
2025-04-08 16:09:34,056 - DEBUG - AGV分配局部搜索成功！完工时间从 1800.00 降低到 1735.00，改进: 65.00 (3.61%)
2025-04-08 16:09:34,059 - DEBUG - 执行AGV分配局部搜索，当前完工时间: 1725.00
2025-04-08 16:09:34,064 - DEBUG - 局部搜索未能改进当前解
2025-04-08 16:09:34,068 - DEBUG - 执行AGV分配局部搜索，当前完工时间: 1653.00
2025-04-08 16:09:34,071 - DEBUG - 局部搜索未能改进当前解
2025-04-08 16:09:34,075 - DEBUG - 执行AGV分配局部搜索，当前完工时间: 1712.00
2025-04-08 16:09:34,080 - DEBUG - 局部搜索未能改进当前解
2025-04-08 16:09:34,083 - DEBUG - 执行AGV分配局部搜索，当前完工时间: 1698.00
2025-04-08 16:09:34,087 - DEBUG - 局部搜索未能改进当前解
2025-04-08 16:09:34,091 - DEBUG - 执行AGV分配局部搜索，当前完工时间: 1644.00
2025-04-08 16:09:34,095 - DEBUG - 局部搜索未能改进当前解
2025-04-08 16:09:34,098 - DEBUG - 执行AGV分配局部搜索，当前完工时间: 1738.00
2025-04-08 16:09:34,102 - DEBUG - 局部搜索未能改进当前解
2025-04-08 16:09:34,105 - DEBUG - 执行AGV分配局部搜索，当前完工时间: 1737.00
2025-04-08 16:09:34,109 - DEBUG - 局部搜索未能改进当前解
2025-04-08 16:09:34,114 - DEBUG - 执行AGV分配局部搜索，当前完工时间: 1650.00
2025-04-08 16:09:34,116 - DEBUG - 局部搜索未能改进当前解
2025-04-08 16:09:34,121 - DEBUG - 执行AGV分配局部搜索，当前完工时间: 1698.00
2025-04-08 16:09:34,125 - DEBUG - AGV分配局部搜索成功！完工时间从 1698.00 降低到 1692.00，改进: 6.00 (0.35%)
2025-04-08 16:09:34,129 - DEBUG - 执行AGV分配局部搜索，当前完工时间: 1689.00
2025-04-08 16:09:34,132 - DEBUG - 局部搜索未能改进当前解
2025-04-08 16:09:34,135 - DEBUG - 执行AGV分配局部搜索，当前完工时间: 1803.00
2025-04-08 16:09:34,140 - DEBUG - AGV分配局部搜索成功！完工时间从 1803.00 降低到 1741.00，改进: 62.00 (3.44%)
2025-04-08 16:09:34,144 - DEBUG - 执行AGV分配局部搜索，当前完工时间: 1654.00
2025-04-08 16:09:34,147 - DEBUG - 局部搜索未能改进当前解
2025-04-08 16:09:34,150 - DEBUG - 执行AGV分配局部搜索，当前完工时间: 1727.00
2025-04-08 16:09:34,154 - DEBUG - 局部搜索未能改进当前解
2025-04-08 16:09:34,159 - DEBUG - 执行AGV分配局部搜索，当前完工时间: 1640.00
2025-04-08 16:09:34,162 - DEBUG - 局部搜索未能改进当前解
2025-04-08 16:09:34,167 - DEBUG - 执行AGV分配局部搜索，当前完工时间: 1648.00
2025-04-08 16:09:34,170 - DEBUG - 局部搜索未能改进当前解
2025-04-08 16:09:34,174 - DEBUG - 执行AGV分配局部搜索，当前完工时间: 1677.00
2025-04-08 16:09:34,178 - DEBUG - 局部搜索未能改进当前解
2025-04-08 16:09:34,181 - DEBUG - 执行AGV分配局部搜索，当前完工时间: 1682.00
2025-04-08 16:09:34,185 - DEBUG - 局部搜索未能改进当前解
2025-04-08 16:09:34,188 - DEBUG - 执行AGV分配局部搜索，当前完工时间: 1693.00
2025-04-08 16:09:34,192 - DEBUG - 局部搜索未能改进当前解
2025-04-08 16:09:34,197 - DEBUG - 执行AGV分配局部搜索，当前完工时间: 1717.00
2025-04-08 16:09:34,199 - DEBUG - 局部搜索未能改进当前解
2025-04-08 16:09:34,203 - DEBUG - 执行AGV分配局部搜索，当前完工时间: 1716.00
2025-04-08 16:09:34,207 - DEBUG - 局部搜索未能改进当前解
2025-04-08 16:09:34,210 - DEBUG - 执行AGV分配局部搜索，当前完工时间: 1652.00
2025-04-08 16:09:34,214 - DEBUG - 局部搜索未能改进当前解
2025-04-08 16:09:34,218 - DEBUG - 执行AGV分配局部搜索，当前完工时间: 1771.00
2025-04-08 16:09:34,222 - DEBUG - 局部搜索未能改进当前解
2025-04-08 16:09:34,225 - DEBUG - 执行AGV分配局部搜索，当前完工时间: 1718.00
2025-04-08 16:09:34,230 - DEBUG - 局部搜索未能改进当前解
2025-04-08 16:09:34,234 - DEBUG - 执行AGV分配局部搜索，当前完工时间: 1676.00
2025-04-08 16:09:34,237 - DEBUG - 局部搜索未能改进当前解
2025-04-08 16:09:34,240 - DEBUG - 执行AGV分配局部搜索，当前完工时间: 1668.00
2025-04-08 16:09:34,243 - DEBUG - 局部搜索未能改进当前解
2025-04-08 16:09:34,247 - DEBUG - 执行AGV分配局部搜索，当前完工时间: 1672.00
2025-04-08 16:09:34,251 - DEBUG - 局部搜索未能改进当前解
2025-04-08 16:09:34,256 - DEBUG - 执行AGV分配局部搜索，当前完工时间: 1773.00
2025-04-08 16:09:34,259 - DEBUG - 局部搜索未能改进当前解
2025-04-08 16:09:34,263 - DEBUG - 执行AGV分配局部搜索，当前完工时间: 1687.00
2025-04-08 16:09:34,267 - DEBUG - 局部搜索未能改进当前解
2025-04-08 16:09:34,270 - DEBUG - 执行AGV分配局部搜索，当前完工时间: 1676.00
2025-04-08 16:09:34,273 - DEBUG - 局部搜索未能改进当前解
2025-04-08 16:09:34,273 - DEBUG - ==================================================
2025-04-08 16:09:34,273 - DEBUG - Efficiency Statistics of Local Search :
2025-04-08 16:09:34,273 - DEBUG - Number of attempts: 99
2025-04-08 16:09:34,273 - DEBUG - Average Success Rate: 9.09%
2025-04-08 16:09:34,273 - DEBUG - AGV Local Search Success: 9，Average Improvement: 23.67
2025-04-08 16:09:34,278 - DEBUG - 执行AGV分配局部搜索，当前完工时间: 1668.00
2025-04-08 16:09:34,282 - DEBUG - 局部搜索未能改进当前解
2025-04-08 16:09:34,285 - DEBUG - 执行AGV分配局部搜索，当前完工时间: 1648.00
2025-04-08 16:09:34,288 - DEBUG - 局部搜索未能改进当前解
2025-04-08 16:09:34,292 - DEBUG - 执行AGV分配局部搜索，当前完工时间: 1796.00
2025-04-08 16:09:34,295 - DEBUG - 局部搜索未能改进当前解
2025-04-08 16:09:34,300 - DEBUG - 执行AGV分配局部搜索，当前完工时间: 1769.00
2025-04-08 16:09:34,304 - DEBUG - 局部搜索未能改进当前解
2025-04-08 16:09:34,307 - DEBUG - 执行AGV分配局部搜索，当前完工时间: 1736.00
2025-04-08 16:09:34,311 - DEBUG - 局部搜索未能改进当前解
2025-04-08 16:09:34,315 - DEBUG - 执行AGV分配局部搜索，当前完工时间: 1652.00
2025-04-08 16:09:34,319 - DEBUG - 局部搜索未能改进当前解
2025-04-08 16:09:34,322 - DEBUG - 执行AGV分配局部搜索，当前完工时间: 1636.00
2025-04-08 16:09:34,325 - DEBUG - 局部搜索未能改进当前解
2025-04-08 16:09:34,329 - DEBUG - 执行AGV分配局部搜索，当前完工时间: 1759.00
2025-04-08 16:09:34,332 - DEBUG - 局部搜索未能改进当前解
2025-04-08 16:09:34,337 - DEBUG - 执行AGV分配局部搜索，当前完工时间: 1746.00
2025-04-08 16:09:34,340 - DEBUG - AGV分配局部搜索成功！完工时间从 1746.00 降低到 1726.00，改进: 20.00 (1.15%)
2025-04-08 16:09:34,344 - DEBUG - 执行AGV分配局部搜索，当前完工时间: 1775.00
2025-04-08 16:09:34,347 - DEBUG - 局部搜索未能改进当前解
2025-04-08 16:09:34,351 - DEBUG - 执行AGV分配局部搜索，当前完工时间: 1643.00
2025-04-08 16:09:34,355 - DEBUG - 局部搜索未能改进当前解
2025-04-08 16:09:34,359 - DEBUG - 执行AGV分配局部搜索，当前完工时间: 1710.00
2025-04-08 16:09:34,362 - DEBUG - 局部搜索未能改进当前解
2025-04-08 16:09:34,366 - DEBUG - 执行AGV分配局部搜索，当前完工时间: 1696.00
2025-04-08 16:09:34,370 - DEBUG - 局部搜索未能改进当前解
2025-04-08 16:09:34,374 - DEBUG - 执行AGV分配局部搜索，当前完工时间: 1733.00
2025-04-08 16:09:34,376 - DEBUG - 局部搜索未能改进当前解
2025-04-08 16:09:34,381 - DEBUG - 执行AGV分配局部搜索，当前完工时间: 1716.00
2025-04-08 16:09:34,385 - DEBUG - 局部搜索未能改进当前解
2025-04-08 16:09:34,389 - DEBUG - 执行AGV分配局部搜索，当前完工时间: 1679.00
2025-04-08 16:09:34,393 - DEBUG - 局部搜索未能改进当前解
2025-04-08 16:09:34,397 - DEBUG - 执行AGV分配局部搜索，当前完工时间: 1686.00
2025-04-08 16:09:34,400 - DEBUG - AGV分配局部搜索成功！完工时间从 1686.00 降低到 1667.00，改进: 19.00 (1.13%)
2025-04-08 16:09:34,404 - DEBUG - 执行AGV分配局部搜索，当前完工时间: 1763.00
2025-04-08 16:09:34,407 - DEBUG - 局部搜索未能改进当前解
2025-04-08 16:09:34,411 - DEBUG - 执行AGV分配局部搜索，当前完工时间: 1663.00
2025-04-08 16:09:34,415 - DEBUG - 局部搜索未能改进当前解
2025-04-08 16:09:34,419 - DEBUG - 执行AGV分配局部搜索，当前完工时间: 1733.00
2025-04-08 16:09:34,422 - DEBUG - 局部搜索未能改进当前解
2025-04-08 16:09:34,426 - DEBUG - 执行AGV分配局部搜索，当前完工时间: 1689.00
2025-04-08 16:09:34,431 - DEBUG - 局部搜索未能改进当前解
2025-04-08 16:09:34,434 - DEBUG - 执行AGV分配局部搜索，当前完工时间: 1622.00
2025-04-08 16:09:34,437 - DEBUG - AGV分配局部搜索成功！完工时间从 1622.00 降低到 1621.00，改进: 1.00 (0.06%)
2025-04-08 16:09:34,442 - DEBUG - 执行AGV分配局部搜索，当前完工时间: 1832.00
2025-04-08 16:09:34,445 - DEBUG - AGV分配局部搜索成功！完工时间从 1832.00 降低到 1816.00，改进: 16.00 (0.87%)
2025-04-08 16:09:34,449 - DEBUG - 执行AGV分配局部搜索，当前完工时间: 1650.00
2025-04-08 16:09:34,453 - DEBUG - 局部搜索未能改进当前解
2025-04-08 16:09:34,457 - DEBUG - 执行AGV分配局部搜索，当前完工时间: 1758.00
2025-04-08 16:09:34,460 - DEBUG - AGV分配局部搜索成功！完工时间从 1758.00 降低到 1747.00，改进: 11.00 (0.63%)
2025-04-08 16:09:34,464 - DEBUG - 执行AGV分配局部搜索，当前完工时间: 1714.00
2025-04-08 16:09:34,468 - DEBUG - 局部搜索未能改进当前解
2025-04-08 16:09:34,470 - DEBUG - 执行AGV分配局部搜索，当前完工时间: 1733.00
2025-04-08 16:09:34,475 - DEBUG - AGV分配局部搜索成功！完工时间从 1733.00 降低到 1732.00，改进: 1.00 (0.06%)
2025-04-08 16:09:34,479 - DEBUG - 执行AGV分配局部搜索，当前完工时间: 1715.00
2025-04-08 16:09:34,482 - DEBUG - AGV分配局部搜索成功！完工时间从 1715.00 降低到 1710.00，改进: 5.00 (0.29%)
2025-04-08 16:09:34,486 - DEBUG - 执行AGV分配局部搜索，当前完工时间: 1773.00
2025-04-08 16:09:34,489 - DEBUG - 局部搜索未能改进当前解
2025-04-08 16:09:34,494 - DEBUG - 执行AGV分配局部搜索，当前完工时间: 1654.00
2025-04-08 16:09:34,497 - DEBUG - 局部搜索未能改进当前解
2025-04-08 16:09:34,502 - DEBUG - 执行AGV分配局部搜索，当前完工时间: 1725.00
2025-04-08 16:09:34,506 - DEBUG - AGV分配局部搜索成功！完工时间从 1725.00 降低到 1724.00，改进: 1.00 (0.06%)
2025-04-08 16:09:34,510 - DEBUG - 执行AGV分配局部搜索，当前完工时间: 1697.00
2025-04-08 16:09:34,512 - DEBUG - AGV分配局部搜索成功！完工时间从 1697.00 降低到 1679.00，改进: 18.00 (1.06%)
2025-04-08 16:09:34,516 - DEBUG - 执行AGV分配局部搜索，当前完工时间: 1720.00
2025-04-08 16:09:34,520 - DEBUG - 局部搜索未能改进当前解
2025-04-08 16:09:34,525 - DEBUG - 执行AGV分配局部搜索，当前完工时间: 1716.00
2025-04-08 16:09:34,529 - DEBUG - 局部搜索未能改进当前解
2025-04-08 16:09:34,533 - DEBUG - 执行AGV分配局部搜索，当前完工时间: 1697.00
2025-04-08 16:09:34,536 - DEBUG - 局部搜索未能改进当前解
2025-04-08 16:09:34,540 - DEBUG - 执行AGV分配局部搜索，当前完工时间: 1817.00
2025-04-08 16:09:34,544 - DEBUG - 局部搜索未能改进当前解
2025-04-08 16:09:34,547 - DEBUG - 执行AGV分配局部搜索，当前完工时间: 1683.00
2025-04-08 16:09:34,552 - DEBUG - 局部搜索未能改进当前解
2025-04-08 16:09:34,555 - DEBUG - 执行AGV分配局部搜索，当前完工时间: 1702.00
2025-04-08 16:09:34,558 - DEBUG - 局部搜索未能改进当前解
2025-04-08 16:09:34,562 - DEBUG - 执行AGV分配局部搜索，当前完工时间: 1660.00
2025-04-08 16:09:34,565 - DEBUG - 局部搜索未能改进当前解
2025-04-08 16:09:34,569 - DEBUG - 执行AGV分配局部搜索，当前完工时间: 1696.00
2025-04-08 16:09:34,573 - DEBUG - 局部搜索未能改进当前解
2025-04-08 16:09:34,576 - DEBUG - 执行AGV分配局部搜索，当前完工时间: 1706.00
2025-04-08 16:09:34,580 - DEBUG - 局部搜索未能改进当前解
2025-04-08 16:09:34,583 - DEBUG - 执行AGV分配局部搜索，当前完工时间: 1640.00
2025-04-08 16:09:34,587 - DEBUG - 局部搜索未能改进当前解
2025-04-08 16:09:34,590 - DEBUG - 执行AGV分配局部搜索，当前完工时间: 1709.00
2025-04-08 16:09:34,594 - DEBUG - 局部搜索未能改进当前解
2025-04-08 16:09:34,597 - DEBUG - 执行AGV分配局部搜索，当前完工时间: 1732.00
2025-04-08 16:09:34,602 - DEBUG - 局部搜索未能改进当前解
2025-04-08 16:09:34,605 - DEBUG - 执行AGV分配局部搜索，当前完工时间: 1669.00
2025-04-08 16:09:34,609 - DEBUG - AGV分配局部搜索成功！完工时间从 1669.00 降低到 1654.00，改进: 15.00 (0.90%)
2025-04-08 16:09:34,612 - DEBUG - 执行AGV分配局部搜索，当前完工时间: 1855.00
2025-04-08 16:09:34,616 - DEBUG - 局部搜索未能改进当前解
2025-04-08 16:09:34,620 - DEBUG - 执行AGV分配局部搜索，当前完工时间: 1693.00
2025-04-08 16:09:34,628 - DEBUG - 局部搜索未能改进当前解
2025-04-08 16:09:34,632 - DEBUG - 执行AGV分配局部搜索，当前完工时间: 1668.00
2025-04-08 16:09:34,635 - DEBUG - 局部搜索未能改进当前解
2025-04-08 16:09:34,638 - DEBUG - 执行AGV分配局部搜索，当前完工时间: 1665.00
2025-04-08 16:09:34,643 - DEBUG - AGV分配局部搜索成功！完工时间从 1665.00 降低到 1653.00，改进: 12.00 (0.72%)
2025-04-08 16:09:34,647 - DEBUG - 执行AGV分配局部搜索，当前完工时间: 1683.00
2025-04-08 16:09:34,651 - DEBUG - 局部搜索未能改进当前解
2025-04-08 16:09:34,655 - DEBUG - 执行AGV分配局部搜索，当前完工时间: 1742.00
2025-04-08 16:09:34,658 - DEBUG - 局部搜索未能改进当前解
2025-04-08 16:09:34,662 - DEBUG - 执行AGV分配局部搜索，当前完工时间: 1748.00
2025-04-08 16:09:34,666 - DEBUG - 局部搜索未能改进当前解
2025-04-08 16:09:34,669 - DEBUG - 执行AGV分配局部搜索，当前完工时间: 1746.00
2025-04-08 16:09:34,673 - DEBUG - 局部搜索未能改进当前解
2025-04-08 16:09:34,677 - DEBUG - 执行AGV分配局部搜索，当前完工时间: 1766.00
2025-04-08 16:09:34,680 - DEBUG - 局部搜索未能改进当前解
2025-04-08 16:09:34,684 - DEBUG - 执行AGV分配局部搜索，当前完工时间: 1699.00
2025-04-08 16:09:34,688 - DEBUG - 局部搜索未能改进当前解
2025-04-08 16:09:34,692 - DEBUG - 执行AGV分配局部搜索，当前完工时间: 1774.00
2025-04-08 16:09:34,695 - DEBUG - 局部搜索未能改进当前解
2025-04-08 16:09:34,699 - DEBUG - 执行AGV分配局部搜索，当前完工时间: 1693.00
2025-04-08 16:09:34,702 - DEBUG - 局部搜索未能改进当前解
2025-04-08 16:09:34,706 - DEBUG - 执行AGV分配局部搜索，当前完工时间: 1731.00
2025-04-08 16:09:34,710 - DEBUG - 局部搜索未能改进当前解
2025-04-08 16:09:34,714 - DEBUG - 执行AGV分配局部搜索，当前完工时间: 1651.00
2025-04-08 16:09:34,718 - DEBUG - 局部搜索未能改进当前解
2025-04-08 16:09:34,721 - DEBUG - 执行AGV分配局部搜索，当前完工时间: 1646.00
2025-04-08 16:09:34,725 - DEBUG - AGV分配局部搜索成功！完工时间从 1646.00 降低到 1636.00，改进: 10.00 (0.61%)
2025-04-08 16:09:34,729 - DEBUG - 执行AGV分配局部搜索，当前完工时间: 1716.00
2025-04-08 16:09:34,732 - DEBUG - 局部搜索未能改进当前解
2025-04-08 16:09:34,735 - DEBUG - 执行AGV分配局部搜索，当前完工时间: 1682.00
2025-04-08 16:09:34,739 - DEBUG - 局部搜索未能改进当前解
2025-04-08 16:09:34,742 - DEBUG - 执行AGV分配局部搜索，当前完工时间: 1728.00
2025-04-08 16:09:34,747 - DEBUG - 局部搜索未能改进当前解
2025-04-08 16:09:34,751 - DEBUG - 执行AGV分配局部搜索，当前完工时间: 1729.00
2025-04-08 16:09:34,754 - DEBUG - 局部搜索未能改进当前解
2025-04-08 16:09:34,758 - DEBUG - 执行AGV分配局部搜索，当前完工时间: 1681.00
2025-04-08 16:09:34,762 - DEBUG - AGV分配局部搜索成功！完工时间从 1681.00 降低到 1644.00，改进: 37.00 (2.20%)
2025-04-08 16:09:34,764 - DEBUG - 执行AGV分配局部搜索，当前完工时间: 1734.00
2025-04-08 16:09:34,768 - DEBUG - 局部搜索未能改进当前解
2025-04-08 16:09:34,772 - DEBUG - 执行AGV分配局部搜索，当前完工时间: 1637.00
2025-04-08 16:09:34,776 - DEBUG - 局部搜索未能改进当前解
2025-04-08 16:09:34,780 - DEBUG - 执行AGV分配局部搜索，当前完工时间: 1710.00
2025-04-08 16:09:34,783 - DEBUG - 局部搜索未能改进当前解
2025-04-08 16:09:34,787 - DEBUG - 执行AGV分配局部搜索，当前完工时间: 1779.00
2025-04-08 16:09:34,791 - DEBUG - 局部搜索未能改进当前解
2025-04-08 16:09:34,794 - DEBUG - 执行AGV分配局部搜索，当前完工时间: 1693.00
2025-04-08 16:09:34,798 - DEBUG - 局部搜索未能改进当前解
2025-04-08 16:09:34,802 - DEBUG - 执行AGV分配局部搜索，当前完工时间: 1708.00
2025-04-08 16:09:34,805 - DEBUG - 局部搜索未能改进当前解
2025-04-08 16:09:34,808 - DEBUG - 执行AGV分配局部搜索，当前完工时间: 1642.00
2025-04-08 16:09:34,812 - DEBUG - 局部搜索未能改进当前解
2025-04-08 16:09:34,816 - DEBUG - 执行AGV分配局部搜索，当前完工时间: 1690.00
2025-04-08 16:09:34,820 - DEBUG - 局部搜索未能改进当前解
2025-04-08 16:09:34,823 - DEBUG - 执行AGV分配局部搜索，当前完工时间: 1685.00
2025-04-08 16:09:34,827 - DEBUG - 局部搜索未能改进当前解
2025-04-08 16:09:34,831 - DEBUG - 执行AGV分配局部搜索，当前完工时间: 1712.00
2025-04-08 16:09:34,835 - DEBUG - 局部搜索未能改进当前解
2025-04-08 16:09:34,839 - DEBUG - 执行AGV分配局部搜索，当前完工时间: 1753.00
2025-04-08 16:09:34,843 - DEBUG - 局部搜索未能改进当前解
2025-04-08 16:09:34,847 - DEBUG - 执行AGV分配局部搜索，当前完工时间: 1636.00
2025-04-08 16:09:34,850 - DEBUG - 局部搜索未能改进当前解
2025-04-08 16:09:34,854 - DEBUG - 执行AGV分配局部搜索，当前完工时间: 1680.00
2025-04-08 16:09:34,857 - DEBUG - 局部搜索未能改进当前解
2025-04-08 16:09:34,860 - DEBUG - 执行AGV分配局部搜索，当前完工时间: 1798.00
2025-04-08 16:09:34,865 - DEBUG - 局部搜索未能改进当前解
2025-04-08 16:09:34,869 - DEBUG - 执行AGV分配局部搜索，当前完工时间: 1655.00
2025-04-08 16:09:34,872 - DEBUG - 局部搜索未能改进当前解
2025-04-08 16:09:34,876 - DEBUG - 执行AGV分配局部搜索，当前完工时间: 1704.00
2025-04-08 16:09:34,879 - DEBUG - 局部搜索未能改进当前解
2025-04-08 16:09:34,883 - DEBUG - 执行AGV分配局部搜索，当前完工时间: 1843.00
2025-04-08 16:09:34,887 - DEBUG - AGV分配局部搜索成功！完工时间从 1843.00 降低到 1825.00，改进: 18.00 (0.98%)
2025-04-08 16:09:34,891 - DEBUG - 执行AGV分配局部搜索，当前完工时间: 1704.00
2025-04-08 16:09:34,896 - DEBUG - AGV分配局部搜索成功！完工时间从 1704.00 降低到 1662.00，改进: 42.00 (2.46%)
2025-04-08 16:09:34,899 - DEBUG - 执行AGV分配局部搜索，当前完工时间: 1652.00
2025-04-08 16:09:34,903 - DEBUG - 局部搜索未能改进当前解
2025-04-08 16:09:34,907 - DEBUG - 执行AGV分配局部搜索，当前完工时间: 1676.00
2025-04-08 16:09:34,911 - DEBUG - 局部搜索未能改进当前解
2025-04-08 16:09:34,914 - DEBUG - 执行AGV分配局部搜索，当前完工时间: 1749.00
2025-04-08 16:09:34,918 - DEBUG - 局部搜索未能改进当前解
2025-04-08 16:09:34,921 - DEBUG - 执行AGV分配局部搜索，当前完工时间: 1730.00
2025-04-08 16:09:34,925 - DEBUG - 局部搜索未能改进当前解
2025-04-08 16:09:34,929 - DEBUG - 执行AGV分配局部搜索，当前完工时间: 1635.00
2025-04-08 16:09:34,932 - DEBUG - 局部搜索未能改进当前解
2025-04-08 16:09:34,936 - DEBUG - 执行AGV分配局部搜索，当前完工时间: 1669.00
2025-04-08 16:09:34,940 - DEBUG - AGV分配局部搜索成功！完工时间从 1669.00 降低到 1668.00，改进: 1.00 (0.06%)
2025-04-08 16:09:34,944 - DEBUG - 执行AGV分配局部搜索，当前完工时间: 1634.00
2025-04-08 16:09:34,948 - DEBUG - 局部搜索未能改进当前解
2025-04-08 16:09:34,951 - DEBUG - 执行AGV分配局部搜索，当前完工时间: 1658.00
2025-04-08 16:09:34,955 - DEBUG - 局部搜索未能改进当前解
2025-04-08 16:09:34,958 - DEBUG - 执行AGV分配局部搜索，当前完工时间: 1778.00
2025-04-08 16:09:34,963 - DEBUG - 局部搜索未能改进当前解
2025-04-08 16:09:34,966 - DEBUG - 执行AGV分配局部搜索，当前完工时间: 1717.00
2025-04-08 16:09:34,970 - DEBUG - 局部搜索未能改进当前解
2025-04-08 16:09:34,974 - DEBUG - 执行AGV分配局部搜索，当前完工时间: 1697.00
2025-04-08 16:09:34,978 - DEBUG - 局部搜索未能改进当前解
2025-04-08 16:09:34,981 - DEBUG - 执行AGV分配局部搜索，当前完工时间: 1713.00
2025-04-08 16:09:34,985 - DEBUG - 局部搜索未能改进当前解
2025-04-08 16:09:34,988 - DEBUG - 执行AGV分配局部搜索，当前完工时间: 1649.00
2025-04-08 16:09:34,992 - DEBUG - 局部搜索未能改进当前解
2025-04-08 16:09:34,996 - DEBUG - 执行AGV分配局部搜索，当前完工时间: 1686.00
2025-04-08 16:09:34,999 - DEBUG - 局部搜索未能改进当前解
2025-04-08 16:09:35,003 - DEBUG - 执行AGV分配局部搜索，当前完工时间: 1716.00
2025-04-08 16:09:35,007 - DEBUG - 局部搜索未能改进当前解
2025-04-08 16:09:35,012 - DEBUG - 执行AGV分配局部搜索，当前完工时间: 1673.00
2025-04-08 16:09:35,014 - DEBUG - 局部搜索未能改进当前解
2025-04-08 16:09:35,014 - DEBUG - ==================================================
2025-04-08 16:09:35,014 - DEBUG - Efficiency Statistics of Local Search :
2025-04-08 16:09:35,014 - DEBUG - Number of attempts: 99
2025-04-08 16:09:35,014 - DEBUG - Average Success Rate: 16.16%
2025-04-08 16:09:35,014 - DEBUG - AGV Local Search Success: 16，Average Improvement: 14.19
2025-04-08 16:09:35,020 - DEBUG - 执行AGV分配局部搜索，当前完工时间: 1768.00
2025-04-08 16:09:35,024 - DEBUG - 局部搜索未能改进当前解
2025-04-08 16:09:35,026 - DEBUG - 执行AGV分配局部搜索，当前完工时间: 1647.00
2025-04-08 16:09:35,031 - DEBUG - 局部搜索未能改进当前解
2025-04-08 16:09:35,035 - DEBUG - 执行AGV分配局部搜索，当前完工时间: 1782.00
2025-04-08 16:09:35,039 - DEBUG - AGV分配局部搜索成功！完工时间从 1782.00 降低到 1719.00，改进: 63.00 (3.54%)
2025-04-08 16:09:35,042 - DEBUG - 执行AGV分配局部搜索，当前完工时间: 1732.00
2025-04-08 16:09:35,047 - DEBUG - 局部搜索未能改进当前解
2025-04-08 16:09:35,050 - DEBUG - 执行AGV分配局部搜索，当前完工时间: 1683.00
2025-04-08 16:09:35,053 - DEBUG - 局部搜索未能改进当前解
2025-04-08 16:09:35,057 - DEBUG - 执行AGV分配局部搜索，当前完工时间: 1693.00
2025-04-08 16:09:35,061 - DEBUG - 局部搜索未能改进当前解
2025-04-08 16:09:35,065 - DEBUG - 执行AGV分配局部搜索，当前完工时间: 1703.00
2025-04-08 16:09:35,069 - DEBUG - AGV分配局部搜索成功！完工时间从 1703.00 降低到 1695.00，改进: 8.00 (0.47%)
2025-04-08 16:09:35,072 - DEBUG - 执行AGV分配局部搜索，当前完工时间: 1742.00
2025-04-08 16:09:35,076 - DEBUG - 局部搜索未能改进当前解
2025-04-08 16:09:35,079 - DEBUG - 执行AGV分配局部搜索，当前完工时间: 1804.00
2025-04-08 16:09:35,083 - DEBUG - 局部搜索未能改进当前解
2025-04-08 16:09:35,087 - DEBUG - 执行AGV分配局部搜索，当前完工时间: 1688.00
2025-04-08 16:09:35,092 - DEBUG - 局部搜索未能改进当前解
2025-04-08 16:09:35,095 - DEBUG - 执行AGV分配局部搜索，当前完工时间: 1711.00
2025-04-08 16:09:35,099 - DEBUG - 局部搜索未能改进当前解
2025-04-08 16:09:35,102 - DEBUG - 执行AGV分配局部搜索，当前完工时间: 1693.00
2025-04-08 16:09:35,107 - DEBUG - 局部搜索未能改进当前解
2025-04-08 16:09:35,111 - DEBUG - 执行AGV分配局部搜索，当前完工时间: 1689.00
2025-04-08 16:09:35,113 - DEBUG - 局部搜索未能改进当前解
2025-04-08 16:09:35,118 - DEBUG - 执行AGV分配局部搜索，当前完工时间: 1716.00
2025-04-08 16:09:35,121 - DEBUG - 局部搜索未能改进当前解
2025-04-08 16:09:35,125 - DEBUG - 执行AGV分配局部搜索，当前完工时间: 1724.00
2025-04-08 16:09:35,129 - DEBUG - 局部搜索未能改进当前解
2025-04-08 16:09:35,132 - DEBUG - 执行AGV分配局部搜索，当前完工时间: 1723.00
2025-04-08 16:09:35,136 - DEBUG - AGV分配局部搜索成功！完工时间从 1723.00 降低到 1717.00，改进: 6.00 (0.35%)
2025-04-08 16:09:35,139 - DEBUG - 执行AGV分配局部搜索，当前完工时间: 1698.00
2025-04-08 16:09:35,143 - DEBUG - 局部搜索未能改进当前解
2025-04-08 16:09:35,147 - DEBUG - 执行AGV分配局部搜索，当前完工时间: 1705.00
2025-04-08 16:09:35,150 - DEBUG - 局部搜索未能改进当前解
2025-04-08 16:09:35,155 - DEBUG - 执行AGV分配局部搜索，当前完工时间: 1725.00
2025-04-08 16:09:35,158 - DEBUG - AGV分配局部搜索成功！完工时间从 1725.00 降低到 1675.00，改进: 50.00 (2.90%)
2025-04-08 16:09:35,162 - DEBUG - 执行AGV分配局部搜索，当前完工时间: 1649.00
2025-04-08 16:09:35,166 - DEBUG - 局部搜索未能改进当前解
2025-04-08 16:09:35,170 - DEBUG - 执行AGV分配局部搜索，当前完工时间: 1668.00
2025-04-08 16:09:35,173 - DEBUG - 局部搜索未能改进当前解
2025-04-08 16:09:35,178 - DEBUG - 执行AGV分配局部搜索，当前完工时间: 1726.00
2025-04-08 16:09:35,181 - DEBUG - 局部搜索未能改进当前解
2025-04-08 16:09:35,185 - DEBUG - 执行AGV分配局部搜索，当前完工时间: 1690.00
2025-04-08 16:09:35,189 - DEBUG - AGV分配局部搜索成功！完工时间从 1690.00 降低到 1684.00，改进: 6.00 (0.36%)
2025-04-08 16:09:35,192 - DEBUG - 执行AGV分配局部搜索，当前完工时间: 1636.00
2025-04-08 16:09:35,195 - DEBUG - 局部搜索未能改进当前解
2025-04-08 16:09:35,200 - DEBUG - 执行AGV分配局部搜索，当前完工时间: 1733.00
2025-04-08 16:09:35,203 - DEBUG - 局部搜索未能改进当前解
2025-04-08 16:09:35,207 - DEBUG - 执行AGV分配局部搜索，当前完工时间: 1913.00
2025-04-08 16:09:35,210 - DEBUG - 局部搜索未能改进当前解
2025-04-08 16:09:35,214 - DEBUG - 执行AGV分配局部搜索，当前完工时间: 1746.00
2025-04-08 16:09:35,218 - DEBUG - 局部搜索未能改进当前解
2025-04-08 16:09:35,222 - DEBUG - 执行AGV分配局部搜索，当前完工时间: 1733.00
2025-04-08 16:09:35,225 - DEBUG - AGV分配局部搜索成功！完工时间从 1733.00 降低到 1705.00，改进: 28.00 (1.62%)
2025-04-08 16:09:35,231 - DEBUG - 执行AGV分配局部搜索，当前完工时间: 1716.00
2025-04-08 16:09:35,234 - DEBUG - 局部搜索未能改进当前解
2025-04-08 16:09:35,237 - DEBUG - 执行AGV分配局部搜索，当前完工时间: 1714.00
2025-04-08 16:09:35,241 - DEBUG - 局部搜索未能改进当前解
2025-04-08 16:09:35,246 - DEBUG - 执行AGV分配局部搜索，当前完工时间: 1734.00
2025-04-08 16:09:35,249 - DEBUG - 局部搜索未能改进当前解
2025-04-08 16:09:35,253 - DEBUG - 执行AGV分配局部搜索，当前完工时间: 1660.00
2025-04-08 16:09:35,257 - DEBUG - 局部搜索未能改进当前解
2025-04-08 16:09:35,260 - DEBUG - 执行AGV分配局部搜索，当前完工时间: 1685.00
2025-04-08 16:09:35,263 - DEBUG - AGV分配局部搜索成功！完工时间从 1685.00 降低到 1648.00，改进: 37.00 (2.20%)
2025-04-08 16:09:35,268 - DEBUG - 执行AGV分配局部搜索，当前完工时间: 1816.00
2025-04-08 16:09:35,271 - DEBUG - 局部搜索未能改进当前解
2025-04-08 16:09:35,275 - DEBUG - 执行AGV分配局部搜索，当前完工时间: 1671.00
2025-04-08 16:09:35,279 - DEBUG - 局部搜索未能改进当前解
2025-04-08 16:09:35,283 - DEBUG - 执行AGV分配局部搜索，当前完工时间: 1678.00
2025-04-08 16:09:35,286 - DEBUG - 局部搜索未能改进当前解
2025-04-08 16:09:35,290 - DEBUG - 执行AGV分配局部搜索，当前完工时间: 1748.00
2025-04-08 16:09:35,294 - DEBUG - 局部搜索未能改进当前解
2025-04-08 16:09:35,297 - DEBUG - 执行AGV分配局部搜索，当前完工时间: 1765.00
2025-04-08 16:09:35,301 - DEBUG - AGV分配局部搜索成功！完工时间从 1765.00 降低到 1732.00，改进: 33.00 (1.87%)
2025-04-08 16:09:35,305 - DEBUG - 执行AGV分配局部搜索，当前完工时间: 1814.00
2025-04-08 16:09:35,308 - DEBUG - 局部搜索未能改进当前解
2025-04-08 16:09:35,312 - DEBUG - 执行AGV分配局部搜索，当前完工时间: 1718.00
2025-04-08 16:09:35,316 - DEBUG - 局部搜索未能改进当前解
2025-04-08 16:09:35,319 - DEBUG - 执行AGV分配局部搜索，当前完工时间: 1699.00
2025-04-08 16:09:35,322 - DEBUG - 局部搜索未能改进当前解
2025-04-08 16:09:35,327 - DEBUG - 执行AGV分配局部搜索，当前完工时间: 1716.00
2025-04-08 16:09:35,330 - DEBUG - AGV分配局部搜索成功！完工时间从 1716.00 降低到 1715.00，改进: 1.00 (0.06%)
2025-04-08 16:09:35,334 - DEBUG - 执行AGV分配局部搜索，当前完工时间: 1626.00
2025-04-08 16:09:35,338 - DEBUG - 局部搜索未能改进当前解
2025-04-08 16:09:35,341 - DEBUG - 执行AGV分配局部搜索，当前完工时间: 1691.00
2025-04-08 16:09:35,344 - DEBUG - 局部搜索未能改进当前解
2025-04-08 16:09:35,349 - DEBUG - 执行AGV分配局部搜索，当前完工时间: 1648.00
2025-04-08 16:09:35,352 - DEBUG - 局部搜索未能改进当前解
2025-04-08 16:09:35,356 - DEBUG - 执行AGV分配局部搜索，当前完工时间: 1837.00
2025-04-08 16:09:35,359 - DEBUG - AGV分配局部搜索成功！完工时间从 1837.00 降低到 1818.00，改进: 19.00 (1.03%)
2025-04-08 16:09:35,362 - DEBUG - 执行AGV分配局部搜索，当前完工时间: 1765.00
2025-04-08 16:09:35,366 - DEBUG - 局部搜索未能改进当前解
2025-04-08 16:09:35,371 - DEBUG - 执行AGV分配局部搜索，当前完工时间: 1664.00
2025-04-08 16:09:35,374 - DEBUG - 局部搜索未能改进当前解
2025-04-08 16:09:35,378 - DEBUG - 执行AGV分配局部搜索，当前完工时间: 1642.00
2025-04-08 16:09:35,381 - DEBUG - 局部搜索未能改进当前解
2025-04-08 16:09:35,385 - DEBUG - 执行AGV分配局部搜索，当前完工时间: 1688.00
2025-04-08 16:09:35,389 - DEBUG - 局部搜索未能改进当前解
2025-04-08 16:09:35,393 - DEBUG - 执行AGV分配局部搜索，当前完工时间: 1742.00
2025-04-08 16:09:35,396 - DEBUG - 局部搜索未能改进当前解
2025-04-08 16:09:35,400 - DEBUG - 执行AGV分配局部搜索，当前完工时间: 1635.00
2025-04-08 16:09:35,403 - DEBUG - 局部搜索未能改进当前解
2025-04-08 16:09:35,407 - DEBUG - 执行AGV分配局部搜索，当前完工时间: 1748.00
2025-04-08 16:09:35,410 - DEBUG - 局部搜索未能改进当前解
2025-04-08 16:09:35,414 - DEBUG - 执行AGV分配局部搜索，当前完工时间: 1640.00
2025-04-08 16:09:35,418 - DEBUG - 局部搜索未能改进当前解
2025-04-08 16:09:35,422 - DEBUG - 执行AGV分配局部搜索，当前完工时间: 1712.00
2025-04-08 16:09:35,426 - DEBUG - 局部搜索未能改进当前解
2025-04-08 16:09:35,429 - DEBUG - 执行AGV分配局部搜索，当前完工时间: 1680.00
2025-04-08 16:09:35,433 - DEBUG - 局部搜索未能改进当前解
2025-04-08 16:09:35,436 - DEBUG - 执行AGV分配局部搜索，当前完工时间: 1642.00
2025-04-08 16:09:35,441 - DEBUG - 局部搜索未能改进当前解
2025-04-08 16:09:35,444 - DEBUG - 执行AGV分配局部搜索，当前完工时间: 1636.00
2025-04-08 16:09:35,448 - DEBUG - 局部搜索未能改进当前解
2025-04-08 16:09:35,451 - DEBUG - 执行AGV分配局部搜索，当前完工时间: 1664.00
2025-04-08 16:09:35,455 - DEBUG - 局部搜索未能改进当前解
2025-04-08 16:09:35,459 - DEBUG - 执行AGV分配局部搜索，当前完工时间: 1842.00
2025-04-08 16:09:35,463 - DEBUG - AGV分配局部搜索成功！完工时间从 1842.00 降低到 1821.00，改进: 21.00 (1.14%)
2025-04-08 16:09:35,466 - DEBUG - 执行AGV分配局部搜索，当前完工时间: 1679.00
2025-04-08 16:09:35,471 - DEBUG - 局部搜索未能改进当前解
2025-04-08 16:09:35,474 - DEBUG - 执行AGV分配局部搜索，当前完工时间: 1651.00
2025-04-08 16:09:35,478 - DEBUG - AGV分配局部搜索成功！完工时间从 1651.00 降低到 1639.00，改进: 12.00 (0.73%)
2025-04-08 16:09:35,482 - DEBUG - 执行AGV分配局部搜索，当前完工时间: 1806.00
2025-04-08 16:09:35,485 - DEBUG - 局部搜索未能改进当前解
2025-04-08 16:09:35,490 - DEBUG - 执行AGV分配局部搜索，当前完工时间: 1652.00
2025-04-08 16:09:35,494 - DEBUG - 局部搜索未能改进当前解
2025-04-08 16:09:35,497 - DEBUG - 执行AGV分配局部搜索，当前完工时间: 1676.00
2025-04-08 16:09:35,502 - DEBUG - 局部搜索未能改进当前解
2025-04-08 16:09:35,505 - DEBUG - 执行AGV分配局部搜索，当前完工时间: 1654.00
2025-04-08 16:09:35,508 - DEBUG - 局部搜索未能改进当前解
2025-04-08 16:09:35,512 - DEBUG - 执行AGV分配局部搜索，当前完工时间: 1720.00
2025-04-08 16:09:35,517 - DEBUG - 局部搜索未能改进当前解
2025-04-08 16:09:35,520 - DEBUG - 执行AGV分配局部搜索，当前完工时间: 1732.00
2025-04-08 16:09:35,523 - DEBUG - 局部搜索未能改进当前解
2025-04-08 16:09:35,526 - DEBUG - 执行AGV分配局部搜索，当前完工时间: 1833.00
2025-04-08 16:09:35,531 - DEBUG - 局部搜索未能改进当前解
2025-04-08 16:09:35,534 - DEBUG - 执行AGV分配局部搜索，当前完工时间: 1780.00
2025-04-08 16:09:35,538 - DEBUG - 局部搜索未能改进当前解
2025-04-08 16:09:35,541 - DEBUG - 执行AGV分配局部搜索，当前完工时间: 1689.00
2025-04-08 16:09:35,545 - DEBUG - 局部搜索未能改进当前解
2025-04-08 16:09:35,549 - DEBUG - 执行AGV分配局部搜索，当前完工时间: 1717.00
2025-04-08 16:09:35,552 - DEBUG - AGV分配局部搜索成功！完工时间从 1717.00 降低到 1704.00，改进: 13.00 (0.76%)
2025-04-08 16:09:35,557 - DEBUG - 执行AGV分配局部搜索，当前完工时间: 1833.00
2025-04-08 16:09:35,560 - DEBUG - 局部搜索未能改进当前解
2025-04-08 16:09:35,564 - DEBUG - 执行AGV分配局部搜索，当前完工时间: 1775.00
2025-04-08 16:09:35,568 - DEBUG - 局部搜索未能改进当前解
2025-04-08 16:09:35,572 - DEBUG - 执行AGV分配局部搜索，当前完工时间: 1732.00
2025-04-08 16:09:35,575 - DEBUG - 局部搜索未能改进当前解
2025-04-08 16:09:35,580 - DEBUG - 执行AGV分配局部搜索，当前完工时间: 1731.00
2025-04-08 16:09:35,583 - DEBUG - 局部搜索未能改进当前解
2025-04-08 16:09:35,587 - DEBUG - 执行AGV分配局部搜索，当前完工时间: 1724.00
2025-04-08 16:09:35,590 - DEBUG - 局部搜索未能改进当前解
2025-04-08 16:09:35,594 - DEBUG - 执行AGV分配局部搜索，当前完工时间: 1668.00
2025-04-08 16:09:35,598 - DEBUG - 局部搜索未能改进当前解
2025-04-08 16:09:35,602 - DEBUG - 执行AGV分配局部搜索，当前完工时间: 1636.00
2025-04-08 16:09:35,605 - DEBUG - 局部搜索未能改进当前解
2025-04-08 16:09:35,608 - DEBUG - 执行AGV分配局部搜索，当前完工时间: 1687.00
2025-04-08 16:09:35,613 - DEBUG - 局部搜索未能改进当前解
2025-04-08 16:09:35,617 - DEBUG - 执行AGV分配局部搜索，当前完工时间: 1654.00
2025-04-08 16:09:35,620 - DEBUG - 局部搜索未能改进当前解
2025-04-08 16:09:35,624 - DEBUG - 执行AGV分配局部搜索，当前完工时间: 1729.00
2025-04-08 16:09:35,628 - DEBUG - 局部搜索未能改进当前解
2025-04-08 16:09:35,631 - DEBUG - 执行AGV分配局部搜索，当前完工时间: 1692.00
2025-04-08 16:09:35,635 - DEBUG - AGV分配局部搜索成功！完工时间从 1692.00 降低到 1683.00，改进: 9.00 (0.53%)
2025-04-08 16:09:35,639 - DEBUG - 执行AGV分配局部搜索，当前完工时间: 1778.00
2025-04-08 16:09:35,641 - DEBUG - 局部搜索未能改进当前解
2025-04-08 16:09:35,645 - DEBUG - 执行AGV分配局部搜索，当前完工时间: 1718.00
2025-04-08 16:09:35,649 - DEBUG - 局部搜索未能改进当前解
2025-04-08 16:09:35,652 - DEBUG - 执行AGV分配局部搜索，当前完工时间: 1693.00
2025-04-08 16:09:35,656 - DEBUG - 局部搜索未能改进当前解
2025-04-08 16:09:35,660 - DEBUG - 执行AGV分配局部搜索，当前完工时间: 1688.00
2025-04-08 16:09:35,664 - DEBUG - AGV分配局部搜索成功！完工时间从 1688.00 降低到 1680.00，改进: 8.00 (0.47%)
2025-04-08 16:09:35,668 - DEBUG - 执行AGV分配局部搜索，当前完工时间: 1676.00
2025-04-08 16:09:35,670 - DEBUG - 局部搜索未能改进当前解
2025-04-08 16:09:35,675 - DEBUG - 执行AGV分配局部搜索，当前完工时间: 1674.00
2025-04-08 16:09:35,678 - DEBUG - 局部搜索未能改进当前解
2025-04-08 16:09:35,682 - DEBUG - 执行AGV分配局部搜索，当前完工时间: 1636.00
2025-04-08 16:09:35,686 - DEBUG - 局部搜索未能改进当前解
2025-04-08 16:09:35,690 - DEBUG - 执行AGV分配局部搜索，当前完工时间: 1718.00
2025-04-08 16:09:35,693 - DEBUG - 局部搜索未能改进当前解
2025-04-08 16:09:35,697 - DEBUG - 执行AGV分配局部搜索，当前完工时间: 1648.00
2025-04-08 16:09:35,700 - DEBUG - 局部搜索未能改进当前解
2025-04-08 16:09:35,704 - DEBUG - 执行AGV分配局部搜索，当前完工时间: 1685.00
2025-04-08 16:09:35,707 - DEBUG - AGV分配局部搜索成功！完工时间从 1685.00 降低到 1660.00，改进: 25.00 (1.48%)
2025-04-08 16:09:35,711 - DEBUG - 执行AGV分配局部搜索，当前完工时间: 1678.00
2025-04-08 16:09:35,714 - DEBUG - 局部搜索未能改进当前解
2025-04-08 16:09:35,718 - DEBUG - 执行AGV分配局部搜索，当前完工时间: 1654.00
2025-04-08 16:09:35,722 - DEBUG - 局部搜索未能改进当前解
2025-04-08 16:09:35,725 - DEBUG - 执行AGV分配局部搜索，当前完工时间: 1632.00
2025-04-08 16:09:35,729 - DEBUG - 局部搜索未能改进当前解
2025-04-08 16:09:35,733 - DEBUG - 执行AGV分配局部搜索，当前完工时间: 1680.00
2025-04-08 16:09:35,737 - DEBUG - 局部搜索未能改进当前解
2025-04-08 16:09:35,740 - DEBUG - 执行AGV分配局部搜索，当前完工时间: 1664.00
2025-04-08 16:09:35,744 - DEBUG - 局部搜索未能改进当前解
2025-04-08 16:09:35,748 - DEBUG - 执行AGV分配局部搜索，当前完工时间: 1643.00
2025-04-08 16:09:35,752 - DEBUG - 局部搜索未能改进当前解
2025-04-08 16:09:35,752 - DEBUG - ==================================================
2025-04-08 16:09:35,752 - DEBUG - Efficiency Statistics of Local Search :
2025-04-08 16:09:35,752 - DEBUG - Number of attempts: 99
2025-04-08 16:09:35,752 - DEBUG - Average Success Rate: 16.16%
2025-04-08 16:09:35,752 - DEBUG - AGV Local Search Success: 16，Average Improvement: 21.19
2025-04-08 16:09:35,756 - DEBUG - 执行AGV分配局部搜索，当前完工时间: 1761.00
2025-04-08 16:09:35,760 - DEBUG - 局部搜索未能改进当前解
2025-04-08 16:09:35,764 - DEBUG - 执行AGV分配局部搜索，当前完工时间: 1759.00
2025-04-08 16:09:35,768 - DEBUG - 局部搜索未能改进当前解
2025-04-08 16:09:35,772 - DEBUG - 执行AGV分配局部搜索，当前完工时间: 1660.00
2025-04-08 16:09:35,775 - DEBUG - 局部搜索未能改进当前解
2025-04-08 16:09:35,779 - DEBUG - 执行AGV分配局部搜索，当前完工时间: 1678.00
2025-04-08 16:09:35,783 - DEBUG - 局部搜索未能改进当前解
2025-04-08 16:09:35,787 - DEBUG - 执行AGV分配局部搜索，当前完工时间: 1740.00
2025-04-08 16:09:35,790 - DEBUG - AGV分配局部搜索成功！完工时间从 1740.00 降低到 1721.00，改进: 19.00 (1.09%)
2025-04-08 16:09:35,794 - DEBUG - 执行AGV分配局部搜索，当前完工时间: 1699.00
2025-04-08 16:09:35,797 - DEBUG - 局部搜索未能改进当前解
2025-04-08 16:09:35,802 - DEBUG - 执行AGV分配局部搜索，当前完工时间: 1662.00
2025-04-08 16:09:35,805 - DEBUG - 局部搜索未能改进当前解
2025-04-08 16:09:35,809 - DEBUG - 执行AGV分配局部搜索，当前完工时间: 1686.00
2025-04-08 16:09:35,812 - DEBUG - 局部搜索未能改进当前解
2025-04-08 16:09:35,818 - DEBUG - 执行AGV分配局部搜索，当前完工时间: 1724.00
2025-04-08 16:09:35,821 - DEBUG - 局部搜索未能改进当前解
2025-04-08 16:09:35,824 - DEBUG - 执行AGV分配局部搜索，当前完工时间: 1696.00
2025-04-08 16:09:35,829 - DEBUG - 局部搜索未能改进当前解
2025-04-08 16:09:35,832 - DEBUG - 执行AGV分配局部搜索，当前完工时间: 1636.00
2025-04-08 16:09:35,836 - DEBUG - 局部搜索未能改进当前解
2025-04-08 16:09:35,840 - DEBUG - 执行AGV分配局部搜索，当前完工时间: 1742.00
2025-04-08 16:09:35,843 - DEBUG - 局部搜索未能改进当前解
2025-04-08 16:09:35,847 - DEBUG - 执行AGV分配局部搜索，当前完工时间: 1794.00
2025-04-08 16:09:35,851 - DEBUG - 局部搜索未能改进当前解
2025-04-08 16:09:35,854 - DEBUG - 执行AGV分配局部搜索，当前完工时间: 1657.00
2025-04-08 16:09:35,858 - DEBUG - 局部搜索未能改进当前解
2025-04-08 16:09:35,862 - DEBUG - 执行AGV分配局部搜索，当前完工时间: 1733.00
2025-04-08 16:09:35,865 - DEBUG - 局部搜索未能改进当前解
2025-04-08 16:09:35,870 - DEBUG - 执行AGV分配局部搜索，当前完工时间: 1734.00
2025-04-08 16:09:35,873 - DEBUG - 局部搜索未能改进当前解
2025-04-08 16:09:35,876 - DEBUG - 执行AGV分配局部搜索，当前完工时间: 1657.00
2025-04-08 16:09:35,880 - DEBUG - 局部搜索未能改进当前解
2025-04-08 16:09:35,884 - DEBUG - 执行AGV分配局部搜索，当前完工时间: 1670.00
2025-04-08 16:09:35,887 - DEBUG - 局部搜索未能改进当前解
2025-04-08 16:09:35,891 - DEBUG - 执行AGV分配局部搜索，当前完工时间: 1723.00
2025-04-08 16:09:35,894 - DEBUG - 局部搜索未能改进当前解
2025-04-08 16:09:35,899 - DEBUG - 执行AGV分配局部搜索，当前完工时间: 1723.00
2025-04-08 16:09:35,903 - DEBUG - 局部搜索未能改进当前解
2025-04-08 16:09:35,906 - DEBUG - 执行AGV分配局部搜索，当前完工时间: 1836.00
2025-04-08 16:09:35,909 - DEBUG - 局部搜索未能改进当前解
2025-04-08 16:09:35,913 - DEBUG - 执行AGV分配局部搜索，当前完工时间: 1678.00
2025-04-08 16:09:35,917 - DEBUG - 局部搜索未能改进当前解
2025-04-08 16:09:35,922 - DEBUG - 执行AGV分配局部搜索，当前完工时间: 1712.00
2025-04-08 16:09:35,925 - DEBUG - 局部搜索未能改进当前解
2025-04-08 16:09:35,929 - DEBUG - 执行AGV分配局部搜索，当前完工时间: 1653.00
2025-04-08 16:09:35,932 - DEBUG - 局部搜索未能改进当前解
2025-04-08 16:09:35,936 - DEBUG - 执行AGV分配局部搜索，当前完工时间: 1648.00
2025-04-08 16:09:35,940 - DEBUG - 局部搜索未能改进当前解
2025-04-08 16:09:35,944 - DEBUG - 执行AGV分配局部搜索，当前完工时间: 1615.00
2025-04-08 16:09:35,948 - DEBUG - 局部搜索未能改进当前解
2025-04-08 16:09:35,951 - DEBUG - 执行AGV分配局部搜索，当前完工时间: 1689.00
2025-04-08 16:09:35,955 - DEBUG - AGV分配局部搜索成功！完工时间从 1689.00 降低到 1685.00，改进: 4.00 (0.24%)
2025-04-08 16:09:35,959 - DEBUG - 执行AGV分配局部搜索，当前完工时间: 1731.00
2025-04-08 16:09:35,963 - DEBUG - 局部搜索未能改进当前解
2025-04-08 16:09:35,966 - DEBUG - 执行AGV分配局部搜索，当前完工时间: 1678.00
2025-04-08 16:09:35,970 - DEBUG - 局部搜索未能改进当前解
2025-04-08 16:09:35,974 - DEBUG - 执行AGV分配局部搜索，当前完工时间: 1632.00
2025-04-08 16:09:35,978 - DEBUG - 局部搜索未能改进当前解
2025-04-08 16:09:35,982 - DEBUG - 执行AGV分配局部搜索，当前完工时间: 1663.00
2025-04-08 16:09:35,985 - DEBUG - 局部搜索未能改进当前解
2025-04-08 16:09:35,989 - DEBUG - 执行AGV分配局部搜索，当前完工时间: 1654.00
2025-04-08 16:09:35,993 - DEBUG - 局部搜索未能改进当前解
2025-04-08 16:09:35,997 - DEBUG - 执行AGV分配局部搜索，当前完工时间: 1690.00
2025-04-08 16:09:36,001 - DEBUG - 局部搜索未能改进当前解
2025-04-08 16:09:36,004 - DEBUG - 执行AGV分配局部搜索，当前完工时间: 1746.00
2025-04-08 16:09:36,008 - DEBUG - AGV分配局部搜索成功！完工时间从 1746.00 降低到 1726.00，改进: 20.00 (1.15%)
2025-04-08 16:09:36,012 - DEBUG - 执行AGV分配局部搜索，当前完工时间: 1639.00
2025-04-08 16:09:36,015 - DEBUG - 局部搜索未能改进当前解
2025-04-08 16:09:36,019 - DEBUG - 执行AGV分配局部搜索，当前完工时间: 1727.00
2025-04-08 16:09:36,023 - DEBUG - 局部搜索未能改进当前解
2025-04-08 16:09:36,026 - DEBUG - 执行AGV分配局部搜索，当前完工时间: 1702.00
2025-04-08 16:09:36,030 - DEBUG - 局部搜索未能改进当前解
2025-04-08 16:09:36,034 - DEBUG - 执行AGV分配局部搜索，当前完工时间: 1760.00
2025-04-08 16:09:36,037 - DEBUG - 局部搜索未能改进当前解
2025-04-08 16:09:36,041 - DEBUG - 执行AGV分配局部搜索，当前完工时间: 1731.00
2025-04-08 16:09:36,044 - DEBUG - 局部搜索未能改进当前解
2025-04-08 16:09:36,048 - DEBUG - 执行AGV分配局部搜索，当前完工时间: 1636.00
2025-04-08 16:09:36,052 - DEBUG - 局部搜索未能改进当前解
2025-04-08 16:09:36,056 - DEBUG - 执行AGV分配局部搜索，当前完工时间: 1732.00
2025-04-08 16:09:36,059 - DEBUG - AGV分配局部搜索成功！完工时间从 1732.00 降低到 1721.00，改进: 11.00 (0.64%)
2025-04-08 16:09:36,062 - DEBUG - 执行AGV分配局部搜索，当前完工时间: 1734.00
2025-04-08 16:09:36,066 - DEBUG - AGV分配局部搜索成功！完工时间从 1734.00 降低到 1659.00，改进: 75.00 (4.33%)
2025-04-08 16:09:36,071 - DEBUG - 执行AGV分配局部搜索，当前完工时间: 1709.00
2025-04-08 16:09:36,075 - DEBUG - 局部搜索未能改进当前解
2025-04-08 16:09:36,078 - DEBUG - 执行AGV分配局部搜索，当前完工时间: 1736.00
2025-04-08 16:09:36,082 - DEBUG - 局部搜索未能改进当前解
2025-04-08 16:09:36,085 - DEBUG - 执行AGV分配局部搜索，当前完工时间: 1703.00
2025-04-08 16:09:36,090 - DEBUG - AGV分配局部搜索成功！完工时间从 1703.00 降低到 1693.00，改进: 10.00 (0.59%)
2025-04-08 16:09:36,093 - DEBUG - 执行AGV分配局部搜索，当前完工时间: 1676.00
2025-04-08 16:09:36,097 - DEBUG - 局部搜索未能改进当前解
2025-04-08 16:09:36,101 - DEBUG - 执行AGV分配局部搜索，当前完工时间: 1754.00
2025-04-08 16:09:36,104 - DEBUG - 局部搜索未能改进当前解
2025-04-08 16:09:36,108 - DEBUG - 执行AGV分配局部搜索，当前完工时间: 1698.00
2025-04-08 16:09:36,112 - DEBUG - AGV分配局部搜索成功！完工时间从 1698.00 降低到 1684.00，改进: 14.00 (0.82%)
2025-04-08 16:09:36,115 - DEBUG - 执行AGV分配局部搜索，当前完工时间: 1639.00
2025-04-08 16:09:36,119 - DEBUG - 局部搜索未能改进当前解
2025-04-08 16:09:36,124 - DEBUG - 执行AGV分配局部搜索，当前完工时间: 1707.00
2025-04-08 16:09:36,128 - DEBUG - 局部搜索未能改进当前解
2025-04-08 16:09:36,132 - DEBUG - 执行AGV分配局部搜索，当前完工时间: 1729.00
2025-04-08 16:09:36,136 - DEBUG - 局部搜索未能改进当前解
2025-04-08 16:09:36,140 - DEBUG - 执行AGV分配局部搜索，当前完工时间: 1672.00
2025-04-08 16:09:36,144 - DEBUG - 局部搜索未能改进当前解
2025-04-08 16:09:36,147 - DEBUG - 执行AGV分配局部搜索，当前完工时间: 1824.00
2025-04-08 16:09:36,151 - DEBUG - 局部搜索未能改进当前解
2025-04-08 16:09:36,155 - DEBUG - 执行AGV分配局部搜索，当前完工时间: 1697.00
2025-04-08 16:09:36,159 - DEBUG - 局部搜索未能改进当前解
2025-04-08 16:09:36,163 - DEBUG - 执行AGV分配局部搜索，当前完工时间: 1790.00
2025-04-08 16:09:36,167 - DEBUG - 局部搜索未能改进当前解
2025-04-08 16:09:36,171 - DEBUG - 执行AGV分配局部搜索，当前完工时间: 1697.00
2025-04-08 16:09:36,174 - DEBUG - 局部搜索未能改进当前解
2025-04-08 16:09:36,179 - DEBUG - 执行AGV分配局部搜索，当前完工时间: 1964.00
2025-04-08 16:09:36,182 - DEBUG - 局部搜索未能改进当前解
2025-04-08 16:09:36,186 - DEBUG - 执行AGV分配局部搜索，当前完工时间: 1680.00
2025-04-08 16:09:36,190 - DEBUG - 局部搜索未能改进当前解
2025-04-08 16:09:36,194 - DEBUG - 执行AGV分配局部搜索，当前完工时间: 1664.00
2025-04-08 16:09:36,198 - DEBUG - 局部搜索未能改进当前解
2025-04-08 16:09:36,202 - DEBUG - 执行AGV分配局部搜索，当前完工时间: 1652.00
2025-04-08 16:09:36,205 - DEBUG - 局部搜索未能改进当前解
2025-04-08 16:09:36,208 - DEBUG - 执行AGV分配局部搜索，当前完工时间: 1674.00
2025-04-08 16:09:36,212 - DEBUG - 局部搜索未能改进当前解
2025-04-08 16:09:36,215 - DEBUG - 执行AGV分配局部搜索，当前完工时间: 1680.00
2025-04-08 16:09:36,219 - DEBUG - 局部搜索未能改进当前解
2025-04-08 16:09:36,223 - DEBUG - 执行AGV分配局部搜索，当前完工时间: 1717.00
2025-04-08 16:09:36,226 - DEBUG - 局部搜索未能改进当前解
2025-04-08 16:09:36,230 - DEBUG - 执行AGV分配局部搜索，当前完工时间: 1650.00
2025-04-08 16:09:36,234 - DEBUG - 局部搜索未能改进当前解
2025-04-08 16:09:36,237 - DEBUG - 执行AGV分配局部搜索，当前完工时间: 1723.00
2025-04-08 16:09:36,241 - DEBUG - 局部搜索未能改进当前解
2025-04-08 16:09:36,245 - DEBUG - 执行AGV分配局部搜索，当前完工时间: 1708.00
2025-04-08 16:09:36,249 - DEBUG - 局部搜索未能改进当前解
2025-04-08 16:09:36,253 - DEBUG - 执行AGV分配局部搜索，当前完工时间: 1713.00
2025-04-08 16:09:36,256 - DEBUG - 局部搜索未能改进当前解
2025-04-08 16:09:36,260 - DEBUG - 执行AGV分配局部搜索，当前完工时间: 1729.00
2025-04-08 16:09:36,264 - DEBUG - 局部搜索未能改进当前解
2025-04-08 16:09:36,268 - DEBUG - 执行AGV分配局部搜索，当前完工时间: 1785.00
2025-04-08 16:09:36,270 - DEBUG - 局部搜索未能改进当前解
2025-04-08 16:09:36,275 - DEBUG - 执行AGV分配局部搜索，当前完工时间: 1832.00
2025-04-08 16:09:36,279 - DEBUG - 局部搜索未能改进当前解
2025-04-08 16:09:36,283 - DEBUG - 执行AGV分配局部搜索，当前完工时间: 1725.00
2025-04-08 16:09:36,286 - DEBUG - 局部搜索未能改进当前解
2025-04-08 16:09:36,289 - DEBUG - 执行AGV分配局部搜索，当前完工时间: 1725.00
2025-04-08 16:09:36,293 - DEBUG - 局部搜索未能改进当前解
2025-04-08 16:09:36,297 - DEBUG - 执行AGV分配局部搜索，当前完工时间: 1707.00
2025-04-08 16:09:36,300 - DEBUG - 局部搜索未能改进当前解
2025-04-08 16:09:36,304 - DEBUG - 执行AGV分配局部搜索，当前完工时间: 1684.00
2025-04-08 16:09:36,307 - DEBUG - 局部搜索未能改进当前解
2025-04-08 16:09:36,312 - DEBUG - 执行AGV分配局部搜索，当前完工时间: 1743.00
2025-04-08 16:09:36,315 - DEBUG - 局部搜索未能改进当前解
2025-04-08 16:09:36,318 - DEBUG - 执行AGV分配局部搜索，当前完工时间: 1664.00
2025-04-08 16:09:36,322 - DEBUG - 局部搜索未能改进当前解
2025-04-08 16:09:36,326 - DEBUG - 执行AGV分配局部搜索，当前完工时间: 1626.00
2025-04-08 16:09:36,329 - DEBUG - 局部搜索未能改进当前解
2025-04-08 16:09:36,333 - DEBUG - 执行AGV分配局部搜索，当前完工时间: 1732.00
2025-04-08 16:09:36,336 - DEBUG - 局部搜索未能改进当前解
2025-04-08 16:09:36,341 - DEBUG - 执行AGV分配局部搜索，当前完工时间: 1640.00
2025-04-08 16:09:36,345 - DEBUG - 局部搜索未能改进当前解
2025-04-08 16:09:36,348 - DEBUG - 执行AGV分配局部搜索，当前完工时间: 1743.00
2025-04-08 16:09:36,352 - DEBUG - 局部搜索未能改进当前解
2025-04-08 16:09:36,357 - DEBUG - 执行AGV分配局部搜索，当前完工时间: 1750.00
2025-04-08 16:09:36,360 - DEBUG - 局部搜索未能改进当前解
2025-04-08 16:09:36,364 - DEBUG - 执行AGV分配局部搜索，当前完工时间: 1683.00
2025-04-08 16:09:36,368 - DEBUG - 局部搜索未能改进当前解
2025-04-08 16:09:36,371 - DEBUG - 执行AGV分配局部搜索，当前完工时间: 1664.00
2025-04-08 16:09:36,375 - DEBUG - 局部搜索未能改进当前解
2025-04-08 16:09:36,378 - DEBUG - 执行AGV分配局部搜索，当前完工时间: 1716.00
2025-04-08 16:09:36,382 - DEBUG - 局部搜索未能改进当前解
2025-04-08 16:09:36,386 - DEBUG - 执行AGV分配局部搜索，当前完工时间: 1747.00
2025-04-08 16:09:36,389 - DEBUG - 局部搜索未能改进当前解
2025-04-08 16:09:36,393 - DEBUG - 执行AGV分配局部搜索，当前完工时间: 1711.00
2025-04-08 16:09:36,397 - DEBUG - 局部搜索未能改进当前解
2025-04-08 16:09:36,401 - DEBUG - 执行AGV分配局部搜索，当前完工时间: 1734.00
2025-04-08 16:09:36,404 - DEBUG - 局部搜索未能改进当前解
2025-04-08 16:09:36,408 - DEBUG - 执行AGV分配局部搜索，当前完工时间: 1633.00
2025-04-08 16:09:36,412 - DEBUG - 局部搜索未能改进当前解
2025-04-08 16:09:36,415 - DEBUG - 执行AGV分配局部搜索，当前完工时间: 1711.00
2025-04-08 16:09:36,420 - DEBUG - 局部搜索未能改进当前解
2025-04-08 16:09:36,423 - DEBUG - 执行AGV分配局部搜索，当前完工时间: 1716.00
2025-04-08 16:09:36,427 - DEBUG - 局部搜索未能改进当前解
2025-04-08 16:09:36,430 - DEBUG - 执行AGV分配局部搜索，当前完工时间: 1662.00
2025-04-08 16:09:36,434 - DEBUG - 局部搜索未能改进当前解
2025-04-08 16:09:36,437 - DEBUG - 执行AGV分配局部搜索，当前完工时间: 1647.00
2025-04-08 16:09:36,443 - DEBUG - 局部搜索未能改进当前解
2025-04-08 16:09:36,446 - DEBUG - 执行AGV分配局部搜索，当前完工时间: 1640.00
2025-04-08 16:09:36,450 - DEBUG - 局部搜索未能改进当前解
2025-04-08 16:09:36,454 - DEBUG - 执行AGV分配局部搜索，当前完工时间: 1684.00
2025-04-08 16:09:36,458 - DEBUG - 局部搜索未能改进当前解
2025-04-08 16:09:36,462 - DEBUG - 执行AGV分配局部搜索，当前完工时间: 1709.00
2025-04-08 16:09:36,466 - DEBUG - 局部搜索未能改进当前解
2025-04-08 16:09:36,469 - DEBUG - 执行AGV分配局部搜索，当前完工时间: 1716.00
2025-04-08 16:09:36,472 - DEBUG - 局部搜索未能改进当前解
2025-04-08 16:09:36,477 - DEBUG - 执行AGV分配局部搜索，当前完工时间: 1672.00
2025-04-08 16:09:36,480 - DEBUG - AGV分配局部搜索成功！完工时间从 1672.00 降低到 1664.00，改进: 8.00 (0.48%)
2025-04-08 16:09:36,484 - DEBUG - 执行AGV分配局部搜索，当前完工时间: 1688.00
2025-04-08 16:09:36,487 - DEBUG - 局部搜索未能改进当前解
2025-04-08 16:09:36,492 - DEBUG - 执行AGV分配局部搜索，当前完工时间: 1659.00
2025-04-08 16:09:36,495 - DEBUG - 局部搜索未能改进当前解
2025-04-08 16:09:36,495 - DEBUG - ==================================================
2025-04-08 16:09:36,495 - DEBUG - Efficiency Statistics of Local Search :
2025-04-08 16:09:36,495 - DEBUG - Number of attempts: 99
2025-04-08 16:09:36,495 - DEBUG - Average Success Rate: 8.08%
2025-04-08 16:09:36,495 - DEBUG - AGV Local Search Success: 8，Average Improvement: 20.12
2025-04-08 16:09:36,501 - DEBUG - 执行AGV分配局部搜索，当前完工时间: 1735.00
2025-04-08 16:09:36,505 - DEBUG - 局部搜索未能改进当前解
2025-04-08 16:09:36,508 - DEBUG - 执行AGV分配局部搜索，当前完工时间: 1643.00
2025-04-08 16:09:36,512 - DEBUG - 局部搜索未能改进当前解
2025-04-08 16:09:36,515 - DEBUG - 执行AGV分配局部搜索，当前完工时间: 1649.00
2025-04-08 16:09:36,520 - DEBUG - 局部搜索未能改进当前解
2025-04-08 16:09:36,523 - DEBUG - 执行AGV分配局部搜索，当前完工时间: 1730.00
2025-04-08 16:09:36,528 - DEBUG - 局部搜索未能改进当前解
2025-04-08 16:09:36,532 - DEBUG - 执行AGV分配局部搜索，当前完工时间: 1823.00
2025-04-08 16:09:36,536 - DEBUG - 局部搜索未能改进当前解
2025-04-08 16:09:36,539 - DEBUG - 执行AGV分配局部搜索，当前完工时间: 1674.00
2025-04-08 16:09:36,543 - DEBUG - 局部搜索未能改进当前解
2025-04-08 16:09:36,547 - DEBUG - 执行AGV分配局部搜索，当前完工时间: 1664.00
2025-04-08 16:09:36,551 - DEBUG - 局部搜索未能改进当前解
2025-04-08 16:09:36,555 - DEBUG - 执行AGV分配局部搜索，当前完工时间: 1647.00
2025-04-08 16:09:36,558 - DEBUG - 局部搜索未能改进当前解
2025-04-08 16:09:36,562 - DEBUG - 执行AGV分配局部搜索，当前完工时间: 1649.00
2025-04-08 16:09:36,566 - DEBUG - 局部搜索未能改进当前解
2025-04-08 16:09:36,569 - DEBUG - 执行AGV分配局部搜索，当前完工时间: 1714.00
2025-04-08 16:09:36,572 - DEBUG - AGV分配局部搜索成功！完工时间从 1714.00 降低到 1683.00，改进: 31.00 (1.81%)
2025-04-08 16:09:36,576 - DEBUG - 执行AGV分配局部搜索，当前完工时间: 1670.00
2025-04-08 16:09:36,580 - DEBUG - 局部搜索未能改进当前解
2025-04-08 16:09:36,584 - DEBUG - 执行AGV分配局部搜索，当前完工时间: 1639.00
2025-04-08 16:09:36,587 - DEBUG - 局部搜索未能改进当前解
2025-04-08 16:09:36,591 - DEBUG - 执行AGV分配局部搜索，当前完工时间: 1908.00
2025-04-08 16:09:36,595 - DEBUG - 局部搜索未能改进当前解
2025-04-08 16:09:36,599 - DEBUG - 执行AGV分配局部搜索，当前完工时间: 1724.00
2025-04-08 16:09:36,602 - DEBUG - 局部搜索未能改进当前解
2025-04-08 16:09:36,606 - DEBUG - 执行AGV分配局部搜索，当前完工时间: 1669.00
2025-04-08 16:09:36,610 - DEBUG - 局部搜索未能改进当前解
2025-04-08 16:09:36,615 - DEBUG - 执行AGV分配局部搜索，当前完工时间: 1713.00
2025-04-08 16:09:36,618 - DEBUG - 局部搜索未能改进当前解
2025-04-08 16:09:36,622 - DEBUG - 执行AGV分配局部搜索，当前完工时间: 1694.00
2025-04-08 16:09:36,625 - DEBUG - 局部搜索未能改进当前解
2025-04-08 16:09:36,629 - DEBUG - 执行AGV分配局部搜索，当前完工时间: 1657.00
2025-04-08 16:09:36,633 - DEBUG - 局部搜索未能改进当前解
2025-04-08 16:09:36,636 - DEBUG - 执行AGV分配局部搜索，当前完工时间: 1678.00
2025-04-08 16:09:36,638 - DEBUG - 局部搜索未能改进当前解
2025-04-08 16:09:36,643 - DEBUG - 执行AGV分配局部搜索，当前完工时间: 1735.00
2025-04-08 16:09:36,647 - DEBUG - 局部搜索未能改进当前解
2025-04-08 16:09:36,650 - DEBUG - 执行AGV分配局部搜索，当前完工时间: 1698.00
2025-04-08 16:09:36,654 - DEBUG - 局部搜索未能改进当前解
2025-04-08 16:09:36,658 - DEBUG - 执行AGV分配局部搜索，当前完工时间: 1630.00
2025-04-08 16:09:36,662 - DEBUG - AGV分配局部搜索成功！完工时间从 1630.00 降低到 1627.00，改进: 3.00 (0.18%)
2025-04-08 16:09:36,666 - DEBUG - 执行AGV分配局部搜索，当前完工时间: 1742.00
2025-04-08 16:09:36,670 - DEBUG - 局部搜索未能改进当前解
2025-04-08 16:09:36,673 - DEBUG - 执行AGV分配局部搜索，当前完工时间: 1652.00
2025-04-08 16:09:36,677 - DEBUG - 局部搜索未能改进当前解
2025-04-08 16:09:36,681 - DEBUG - 执行AGV分配局部搜索，当前完工时间: 1680.00
2025-04-08 16:09:36,685 - DEBUG - 局部搜索未能改进当前解
2025-04-08 16:09:36,689 - DEBUG - 执行AGV分配局部搜索，当前完工时间: 1676.00
2025-04-08 16:09:36,692 - DEBUG - AGV分配局部搜索成功！完工时间从 1676.00 降低到 1666.00，改进: 10.00 (0.60%)
2025-04-08 16:09:36,697 - DEBUG - 执行AGV分配局部搜索，当前完工时间: 1628.00
2025-04-08 16:09:36,700 - DEBUG - 局部搜索未能改进当前解
2025-04-08 16:09:36,703 - DEBUG - 执行AGV分配局部搜索，当前完工时间: 1742.00
2025-04-08 16:09:36,707 - DEBUG - 局部搜索未能改进当前解
2025-04-08 16:09:36,710 - DEBUG - 执行AGV分配局部搜索，当前完工时间: 1723.00
2025-04-08 16:09:36,714 - DEBUG - 局部搜索未能改进当前解
2025-04-08 16:09:36,718 - DEBUG - 执行AGV分配局部搜索，当前完工时间: 1669.00
2025-04-08 16:09:36,722 - DEBUG - AGV分配局部搜索成功！完工时间从 1669.00 降低到 1637.00，改进: 32.00 (1.92%)
2025-04-08 16:09:36,725 - DEBUG - 执行AGV分配局部搜索，当前完工时间: 1672.00
2025-04-08 16:09:36,730 - DEBUG - 局部搜索未能改进当前解
2025-04-08 16:09:36,733 - DEBUG - 执行AGV分配局部搜索，当前完工时间: 1862.00
2025-04-08 16:09:36,737 - DEBUG - 局部搜索未能改进当前解
2025-04-08 16:09:36,741 - DEBUG - 执行AGV分配局部搜索，当前完工时间: 1641.00
2025-04-08 16:09:36,744 - DEBUG - 局部搜索未能改进当前解
2025-04-08 16:09:36,747 - DEBUG - 执行AGV分配局部搜索，当前完工时间: 1743.00
2025-04-08 16:09:36,752 - DEBUG - 局部搜索未能改进当前解
2025-04-08 16:09:36,756 - DEBUG - 执行AGV分配局部搜索，当前完工时间: 1683.00
2025-04-08 16:09:36,759 - DEBUG - 局部搜索未能改进当前解
2025-04-08 16:09:36,762 - DEBUG - 执行AGV分配局部搜索，当前完工时间: 1663.00
2025-04-08 16:09:36,767 - DEBUG - 局部搜索未能改进当前解
2025-04-08 16:09:36,771 - DEBUG - 执行AGV分配局部搜索，当前完工时间: 1636.00
2025-04-08 16:09:36,773 - DEBUG - 局部搜索未能改进当前解
2025-04-08 16:09:36,777 - DEBUG - 执行AGV分配局部搜索，当前完工时间: 1668.00
2025-04-08 16:09:36,781 - DEBUG - 局部搜索未能改进当前解
2025-04-08 16:09:36,784 - DEBUG - 执行AGV分配局部搜索，当前完工时间: 1626.00
2025-04-08 16:09:36,787 - DEBUG - 局部搜索未能改进当前解
2025-04-08 16:09:36,792 - DEBUG - 执行AGV分配局部搜索，当前完工时间: 1720.00
2025-04-08 16:09:36,795 - DEBUG - 局部搜索未能改进当前解
2025-04-08 16:09:36,799 - DEBUG - 执行AGV分配局部搜索，当前完工时间: 1863.00
2025-04-08 16:09:36,802 - DEBUG - 局部搜索未能改进当前解
2025-04-08 16:09:36,806 - DEBUG - 执行AGV分配局部搜索，当前完工时间: 1670.00
2025-04-08 16:09:36,809 - DEBUG - 局部搜索未能改进当前解
2025-04-08 16:09:36,814 - DEBUG - 执行AGV分配局部搜索，当前完工时间: 1651.00
2025-04-08 16:09:36,817 - DEBUG - 局部搜索未能改进当前解
2025-04-08 16:09:36,821 - DEBUG - 执行AGV分配局部搜索，当前完工时间: 1687.00
2025-04-08 16:09:36,824 - DEBUG - 局部搜索未能改进当前解
2025-04-08 16:09:36,828 - DEBUG - 执行AGV分配局部搜索，当前完工时间: 1677.00
2025-04-08 16:09:36,832 - DEBUG - 局部搜索未能改进当前解
2025-04-08 16:09:36,835 - DEBUG - 执行AGV分配局部搜索，当前完工时间: 1751.00
2025-04-08 16:09:36,839 - DEBUG - 局部搜索未能改进当前解
2025-04-08 16:09:36,843 - DEBUG - 执行AGV分配局部搜索，当前完工时间: 1648.00
2025-04-08 16:09:36,847 - DEBUG - 局部搜索未能改进当前解
2025-04-08 16:09:36,849 - DEBUG - 执行AGV分配局部搜索，当前完工时间: 1848.00
2025-04-08 16:09:36,853 - DEBUG - 局部搜索未能改进当前解
2025-04-08 16:09:36,857 - DEBUG - 执行AGV分配局部搜索，当前完工时间: 1709.00
2025-04-08 16:09:36,860 - DEBUG - 局部搜索未能改进当前解
2025-04-08 16:09:36,865 - DEBUG - 执行AGV分配局部搜索，当前完工时间: 1757.00
2025-04-08 16:09:36,868 - DEBUG - 局部搜索未能改进当前解
2025-04-08 16:09:36,871 - DEBUG - 执行AGV分配局部搜索，当前完工时间: 1630.00
2025-04-08 16:09:36,875 - DEBUG - 局部搜索未能改进当前解
2025-04-08 16:09:36,878 - DEBUG - 执行AGV分配局部搜索，当前完工时间: 1727.00
2025-04-08 16:09:36,881 - DEBUG - 局部搜索未能改进当前解
2025-04-08 16:09:36,885 - DEBUG - 执行AGV分配局部搜索，当前完工时间: 1683.00
2025-04-08 16:09:36,889 - DEBUG - 局部搜索未能改进当前解
2025-04-08 16:09:36,893 - DEBUG - 执行AGV分配局部搜索，当前完工时间: 1751.00
2025-04-08 16:09:36,897 - DEBUG - 局部搜索未能改进当前解
2025-04-08 16:09:36,901 - DEBUG - 执行AGV分配局部搜索，当前完工时间: 1680.00
2025-04-08 16:09:36,905 - DEBUG - 局部搜索未能改进当前解
2025-04-08 16:09:36,909 - DEBUG - 执行AGV分配局部搜索，当前完工时间: 1671.00
2025-04-08 16:09:36,912 - DEBUG - 局部搜索未能改进当前解
2025-04-08 16:09:36,916 - DEBUG - 执行AGV分配局部搜索，当前完工时间: 1695.00
2025-04-08 16:09:36,920 - DEBUG - 局部搜索未能改进当前解
2025-04-08 16:09:36,924 - DEBUG - 执行AGV分配局部搜索，当前完工时间: 1640.00
2025-04-08 16:09:36,928 - DEBUG - 局部搜索未能改进当前解
2025-04-08 16:09:36,931 - DEBUG - 执行AGV分配局部搜索，当前完工时间: 1761.00
2025-04-08 16:09:36,936 - DEBUG - AGV分配局部搜索成功！完工时间从 1761.00 降低到 1727.00，改进: 34.00 (1.93%)
2025-04-08 16:09:36,940 - DEBUG - 执行AGV分配局部搜索，当前完工时间: 1712.00
2025-04-08 16:09:36,944 - DEBUG - 局部搜索未能改进当前解
2025-04-08 16:09:36,947 - DEBUG - 执行AGV分配局部搜索，当前完工时间: 1737.00
2025-04-08 16:09:36,950 - DEBUG - AGV分配局部搜索成功！完工时间从 1737.00 降低到 1704.00，改进: 33.00 (1.90%)
2025-04-08 16:09:36,954 - DEBUG - 执行AGV分配局部搜索，当前完工时间: 1712.00
2025-04-08 16:09:36,958 - DEBUG - 局部搜索未能改进当前解
2025-04-08 16:09:36,962 - DEBUG - 执行AGV分配局部搜索，当前完工时间: 1654.00
2025-04-08 16:09:36,966 - DEBUG - 局部搜索未能改进当前解
2025-04-08 16:09:36,970 - DEBUG - 执行AGV分配局部搜索，当前完工时间: 1771.00
2025-04-08 16:09:36,973 - DEBUG - AGV分配局部搜索成功！完工时间从 1771.00 降低到 1767.00，改进: 4.00 (0.23%)
2025-04-08 16:09:36,976 - DEBUG - 执行AGV分配局部搜索，当前完工时间: 1654.00
2025-04-08 16:09:36,981 - DEBUG - 局部搜索未能改进当前解
2025-04-08 16:09:36,985 - DEBUG - 执行AGV分配局部搜索，当前完工时间: 1634.00
2025-04-08 16:09:36,988 - DEBUG - 局部搜索未能改进当前解
2025-04-08 16:09:36,993 - DEBUG - 执行AGV分配局部搜索，当前完工时间: 1700.00
2025-04-08 16:09:36,997 - DEBUG - 局部搜索未能改进当前解
2025-04-08 16:09:37,000 - DEBUG - 执行AGV分配局部搜索，当前完工时间: 1735.00
2025-04-08 16:09:37,004 - DEBUG - 局部搜索未能改进当前解
2025-04-08 16:09:37,007 - DEBUG - 执行AGV分配局部搜索，当前完工时间: 1640.00
2025-04-08 16:09:37,010 - DEBUG - 局部搜索未能改进当前解
2025-04-08 16:09:37,014 - DEBUG - 执行AGV分配局部搜索，当前完工时间: 1646.00
2025-04-08 16:09:37,018 - DEBUG - 局部搜索未能改进当前解
2025-04-08 16:09:37,021 - DEBUG - 执行AGV分配局部搜索，当前完工时间: 1695.00
2025-04-08 16:09:37,025 - DEBUG - 局部搜索未能改进当前解
2025-04-08 16:09:37,029 - DEBUG - 执行AGV分配局部搜索，当前完工时间: 1715.00
2025-04-08 16:09:37,032 - DEBUG - 局部搜索未能改进当前解
2025-04-08 16:09:37,036 - DEBUG - 执行AGV分配局部搜索，当前完工时间: 1649.00
2025-04-08 16:09:37,040 - DEBUG - AGV分配局部搜索成功！完工时间从 1649.00 降低到 1640.00，改进: 9.00 (0.55%)
2025-04-08 16:09:37,043 - DEBUG - 执行AGV分配局部搜索，当前完工时间: 1804.00
2025-04-08 16:09:37,047 - DEBUG - 局部搜索未能改进当前解
2025-04-08 16:09:37,050 - DEBUG - 执行AGV分配局部搜索，当前完工时间: 1724.00
2025-04-08 16:09:37,055 - DEBUG - 局部搜索未能改进当前解
2025-04-08 16:09:37,058 - DEBUG - 执行AGV分配局部搜索，当前完工时间: 1675.00
2025-04-08 16:09:37,062 - DEBUG - 局部搜索未能改进当前解
2025-04-08 16:09:37,066 - DEBUG - 执行AGV分配局部搜索，当前完工时间: 1688.00
2025-04-08 16:09:37,069 - DEBUG - 局部搜索未能改进当前解
2025-04-08 16:09:37,073 - DEBUG - 执行AGV分配局部搜索，当前完工时间: 1801.00
2025-04-08 16:09:37,077 - DEBUG - 局部搜索未能改进当前解
2025-04-08 16:09:37,080 - DEBUG - 执行AGV分配局部搜索，当前完工时间: 1656.00
2025-04-08 16:09:37,084 - DEBUG - AGV分配局部搜索成功！完工时间从 1656.00 降低到 1646.00，改进: 10.00 (0.60%)
2025-04-08 16:09:37,088 - DEBUG - 执行AGV分配局部搜索，当前完工时间: 1742.00
2025-04-08 16:09:37,091 - DEBUG - 局部搜索未能改进当前解
2025-04-08 16:09:37,095 - DEBUG - 执行AGV分配局部搜索，当前完工时间: 1669.00
2025-04-08 16:09:37,098 - DEBUG - 局部搜索未能改进当前解
2025-04-08 16:09:37,102 - DEBUG - 执行AGV分配局部搜索，当前完工时间: 1725.00
2025-04-08 16:09:37,106 - DEBUG - AGV分配局部搜索成功！完工时间从 1725.00 降低到 1718.00，改进: 7.00 (0.41%)
2025-04-08 16:09:37,110 - DEBUG - 执行AGV分配局部搜索，当前完工时间: 1657.00
2025-04-08 16:09:37,113 - DEBUG - 局部搜索未能改进当前解
2025-04-08 16:09:37,117 - DEBUG - 执行AGV分配局部搜索，当前完工时间: 1773.00
2025-04-08 16:09:37,121 - DEBUG - 局部搜索未能改进当前解
2025-04-08 16:09:37,124 - DEBUG - 执行AGV分配局部搜索，当前完工时间: 1810.00
2025-04-08 16:09:37,128 - DEBUG - 局部搜索未能改进当前解
2025-04-08 16:09:37,132 - DEBUG - 执行AGV分配局部搜索，当前完工时间: 1698.00
2025-04-08 16:09:37,136 - DEBUG - 局部搜索未能改进当前解
2025-04-08 16:09:37,138 - DEBUG - 执行AGV分配局部搜索，当前完工时间: 1746.00
2025-04-08 16:09:37,143 - DEBUG - 局部搜索未能改进当前解
2025-04-08 16:09:37,146 - DEBUG - 执行AGV分配局部搜索，当前完工时间: 1665.00
2025-04-08 16:09:37,150 - DEBUG - 局部搜索未能改进当前解
2025-04-08 16:09:37,155 - DEBUG - 执行AGV分配局部搜索，当前完工时间: 1636.00
2025-04-08 16:09:37,158 - DEBUG - 局部搜索未能改进当前解
2025-04-08 16:09:37,162 - DEBUG - 执行AGV分配局部搜索，当前完工时间: 1772.00
2025-04-08 16:09:37,167 - DEBUG - 局部搜索未能改进当前解
2025-04-08 16:09:37,171 - DEBUG - 执行AGV分配局部搜索，当前完工时间: 1703.00
2025-04-08 16:09:37,175 - DEBUG - 局部搜索未能改进当前解
2025-04-08 16:09:37,179 - DEBUG - 执行AGV分配局部搜索，当前完工时间: 1840.00
2025-04-08 16:09:37,183 - DEBUG - 局部搜索未能改进当前解
2025-04-08 16:09:37,186 - DEBUG - 执行AGV分配局部搜索，当前完工时间: 1727.00
2025-04-08 16:09:37,190 - DEBUG - 局部搜索未能改进当前解
2025-04-08 16:09:37,194 - DEBUG - 执行AGV分配局部搜索，当前完工时间: 1699.00
2025-04-08 16:09:37,197 - DEBUG - 局部搜索未能改进当前解
2025-04-08 16:09:37,201 - DEBUG - 执行AGV分配局部搜索，当前完工时间: 1684.00
2025-04-08 16:09:37,204 - DEBUG - 局部搜索未能改进当前解
2025-04-08 16:09:37,209 - DEBUG - 执行AGV分配局部搜索，当前完工时间: 1706.00
2025-04-08 16:09:37,213 - DEBUG - 局部搜索未能改进当前解
2025-04-08 16:09:37,216 - DEBUG - 执行AGV分配局部搜索，当前完工时间: 1738.00
2025-04-08 16:09:37,219 - DEBUG - AGV分配局部搜索成功！完工时间从 1738.00 降低到 1719.00，改进: 19.00 (1.09%)
2025-04-08 16:09:37,223 - DEBUG - 执行AGV分配局部搜索，当前完工时间: 1668.00
2025-04-08 16:09:37,226 - DEBUG - 局部搜索未能改进当前解
2025-04-08 16:09:37,230 - DEBUG - 执行AGV分配局部搜索，当前完工时间: 1707.00
2025-04-08 16:09:37,233 - DEBUG - AGV分配局部搜索成功！完工时间从 1707.00 降低到 1698.00，改进: 9.00 (0.53%)
2025-04-08 16:09:37,233 - DEBUG - ==================================================
2025-04-08 16:09:37,233 - DEBUG - Efficiency Statistics of Local Search :
2025-04-08 16:09:37,233 - DEBUG - Number of attempts: 99
2025-04-08 16:09:37,233 - DEBUG - Average Success Rate: 12.12%
2025-04-08 16:09:37,233 - DEBUG - AGV Local Search Success: 12，Average Improvement: 16.75
2025-04-08 16:09:37,238 - DEBUG - 执行AGV分配局部搜索，当前完工时间: 1742.00
2025-04-08 16:09:37,241 - DEBUG - 局部搜索未能改进当前解
2025-04-08 16:09:37,245 - DEBUG - 执行AGV分配局部搜索，当前完工时间: 1827.00
2025-04-08 16:09:37,249 - DEBUG - 局部搜索未能改进当前解
2025-04-08 16:09:37,254 - DEBUG - 执行AGV分配局部搜索，当前完工时间: 1754.00
2025-04-08 16:09:37,257 - DEBUG - 局部搜索未能改进当前解
2025-04-08 16:09:37,262 - DEBUG - 执行AGV分配局部搜索，当前完工时间: 1689.00
2025-04-08 16:09:37,265 - DEBUG - 局部搜索未能改进当前解
2025-04-08 16:09:37,269 - DEBUG - 执行AGV分配局部搜索，当前完工时间: 1651.00
2025-04-08 16:09:37,272 - DEBUG - 局部搜索未能改进当前解
2025-04-08 16:09:37,276 - DEBUG - 执行AGV分配局部搜索，当前完工时间: 1725.00
2025-04-08 16:09:37,280 - DEBUG - 局部搜索未能改进当前解
2025-04-08 16:09:37,284 - DEBUG - 执行AGV分配局部搜索，当前完工时间: 1744.00
2025-04-08 16:09:37,287 - DEBUG - 局部搜索未能改进当前解
2025-04-08 16:09:37,291 - DEBUG - 执行AGV分配局部搜索，当前完工时间: 1676.00
2025-04-08 16:09:37,294 - DEBUG - AGV分配局部搜索成功！完工时间从 1676.00 降低到 1665.00，改进: 11.00 (0.66%)
2025-04-08 16:09:37,297 - DEBUG - 执行AGV分配局部搜索，当前完工时间: 1868.00
2025-04-08 16:09:37,301 - DEBUG - 局部搜索未能改进当前解
2025-04-08 16:09:37,305 - DEBUG - 执行AGV分配局部搜索，当前完工时间: 1623.00
2025-04-08 16:09:37,308 - DEBUG - 局部搜索未能改进当前解
2025-04-08 16:09:37,312 - DEBUG - 执行AGV分配局部搜索，当前完工时间: 1737.00
2025-04-08 16:09:37,315 - DEBUG - 局部搜索未能改进当前解
2025-04-08 16:09:37,320 - DEBUG - 执行AGV分配局部搜索，当前完工时间: 1752.00
2025-04-08 16:09:37,323 - DEBUG - 局部搜索未能改进当前解
2025-04-08 16:09:37,326 - DEBUG - 执行AGV分配局部搜索，当前完工时间: 1646.00
2025-04-08 16:09:37,330 - DEBUG - 局部搜索未能改进当前解
2025-04-08 16:09:37,333 - DEBUG - 执行AGV分配局部搜索，当前完工时间: 1712.00
2025-04-08 16:09:37,337 - DEBUG - AGV分配局部搜索成功！完工时间从 1712.00 降低到 1695.00，改进: 17.00 (0.99%)
2025-04-08 16:09:37,341 - DEBUG - 执行AGV分配局部搜索，当前完工时间: 1684.00
2025-04-08 16:09:37,344 - DEBUG - 局部搜索未能改进当前解
2025-04-08 16:09:37,349 - DEBUG - 执行AGV分配局部搜索，当前完工时间: 1720.00
2025-04-08 16:09:37,352 - DEBUG - 局部搜索未能改进当前解
2025-04-08 16:09:37,356 - DEBUG - 执行AGV分配局部搜索，当前完工时间: 1713.00
2025-04-08 16:09:37,359 - DEBUG - AGV分配局部搜索成功！完工时间从 1713.00 降低到 1710.00，改进: 3.00 (0.18%)
2025-04-08 16:09:37,364 - DEBUG - 执行AGV分配局部搜索，当前完工时间: 1639.00
2025-04-08 16:09:37,366 - DEBUG - 局部搜索未能改进当前解
2025-04-08 16:09:37,371 - DEBUG - 执行AGV分配局部搜索，当前完工时间: 1699.00
2025-04-08 16:09:37,374 - DEBUG - 局部搜索未能改进当前解
2025-04-08 16:09:37,378 - DEBUG - 执行AGV分配局部搜索，当前完工时间: 1649.00
2025-04-08 16:09:37,381 - DEBUG - 局部搜索未能改进当前解
2025-04-08 16:09:37,385 - DEBUG - 执行AGV分配局部搜索，当前完工时间: 1690.00
2025-04-08 16:09:37,388 - DEBUG - 局部搜索未能改进当前解
2025-04-08 16:09:37,391 - DEBUG - 执行AGV分配局部搜索，当前完工时间: 1686.00
2025-04-08 16:09:37,395 - DEBUG - 局部搜索未能改进当前解
2025-04-08 16:09:37,399 - DEBUG - 执行AGV分配局部搜索，当前完工时间: 1720.00
2025-04-08 16:09:37,402 - DEBUG - AGV分配局部搜索成功！完工时间从 1720.00 降低到 1700.00，改进: 20.00 (1.16%)
2025-04-08 16:09:37,406 - DEBUG - 执行AGV分配局部搜索，当前完工时间: 1686.00
2025-04-08 16:09:37,410 - DEBUG - 局部搜索未能改进当前解
2025-04-08 16:09:37,414 - DEBUG - 执行AGV分配局部搜索，当前完工时间: 1686.00
2025-04-08 16:09:37,418 - DEBUG - 局部搜索未能改进当前解
2025-04-08 16:09:37,421 - DEBUG - 执行AGV分配局部搜索，当前完工时间: 1688.00
2025-04-08 16:09:37,425 - DEBUG - 局部搜索未能改进当前解
2025-04-08 16:09:37,430 - DEBUG - 执行AGV分配局部搜索，当前完工时间: 1709.00
2025-04-08 16:09:37,433 - DEBUG - 局部搜索未能改进当前解
2025-04-08 16:09:37,437 - DEBUG - 执行AGV分配局部搜索，当前完工时间: 1720.00
2025-04-08 16:09:37,440 - DEBUG - 局部搜索未能改进当前解
2025-04-08 16:09:37,443 - DEBUG - 执行AGV分配局部搜索，当前完工时间: 1709.00
2025-04-08 16:09:37,447 - DEBUG - 局部搜索未能改进当前解
2025-04-08 16:09:37,451 - DEBUG - 执行AGV分配局部搜索，当前完工时间: 1640.00
2025-04-08 16:09:37,454 - DEBUG - 局部搜索未能改进当前解
2025-04-08 16:09:37,457 - DEBUG - 执行AGV分配局部搜索，当前完工时间: 1669.00
2025-04-08 16:09:37,461 - DEBUG - 局部搜索未能改进当前解
2025-04-08 16:09:37,465 - DEBUG - 执行AGV分配局部搜索，当前完工时间: 1817.00
2025-04-08 16:09:37,468 - DEBUG - 局部搜索未能改进当前解
2025-04-08 16:09:37,472 - DEBUG - 执行AGV分配局部搜索，当前完工时间: 1654.00
2025-04-08 16:09:37,475 - DEBUG - 局部搜索未能改进当前解
2025-04-08 16:09:37,480 - DEBUG - 执行AGV分配局部搜索，当前完工时间: 1655.00
2025-04-08 16:09:37,484 - DEBUG - 局部搜索未能改进当前解
2025-04-08 16:09:37,488 - DEBUG - 执行AGV分配局部搜索，当前完工时间: 1724.00
2025-04-08 16:09:37,491 - DEBUG - AGV分配局部搜索成功！完工时间从 1724.00 降低到 1710.00，改进: 14.00 (0.81%)
2025-04-08 16:09:37,495 - DEBUG - 执行AGV分配局部搜索，当前完工时间: 1659.00
2025-04-08 16:09:37,499 - DEBUG - 局部搜索未能改进当前解
2025-04-08 16:09:37,502 - DEBUG - 执行AGV分配局部搜索，当前完工时间: 1694.00
2025-04-08 16:09:37,506 - DEBUG - AGV分配局部搜索成功！完工时间从 1694.00 降低到 1685.00，改进: 9.00 (0.53%)
2025-04-08 16:09:37,509 - DEBUG - 执行AGV分配局部搜索，当前完工时间: 1726.00
2025-04-08 16:09:37,513 - DEBUG - 局部搜索未能改进当前解
2025-04-08 16:09:37,516 - DEBUG - 执行AGV分配局部搜索，当前完工时间: 1746.00
2025-04-08 16:09:37,521 - DEBUG - 局部搜索未能改进当前解
2025-04-08 16:09:37,525 - DEBUG - 执行AGV分配局部搜索，当前完工时间: 1669.00
2025-04-08 16:09:37,529 - DEBUG - 局部搜索未能改进当前解
2025-04-08 16:09:37,532 - DEBUG - 执行AGV分配局部搜索，当前完工时间: 1725.00
2025-04-08 16:09:37,536 - DEBUG - 局部搜索未能改进当前解
2025-04-08 16:09:37,540 - DEBUG - 执行AGV分配局部搜索，当前完工时间: 1683.00
2025-04-08 16:09:37,544 - DEBUG - 局部搜索未能改进当前解
2025-04-08 16:09:37,547 - DEBUG - 执行AGV分配局部搜索，当前完工时间: 1733.00
2025-04-08 16:09:37,552 - DEBUG - 局部搜索未能改进当前解
2025-04-08 16:09:37,554 - DEBUG - 执行AGV分配局部搜索，当前完工时间: 1719.00
2025-04-08 16:09:37,558 - DEBUG - AGV分配局部搜索成功！完工时间从 1719.00 降低到 1676.00，改进: 43.00 (2.50%)
2025-04-08 16:09:37,562 - DEBUG - 执行AGV分配局部搜索，当前完工时间: 1685.00
2025-04-08 16:09:37,565 - DEBUG - 局部搜索未能改进当前解
2025-04-08 16:09:37,569 - DEBUG - 执行AGV分配局部搜索，当前完工时间: 1689.00
2025-04-08 16:09:37,572 - DEBUG - 局部搜索未能改进当前解
2025-04-08 16:09:37,575 - DEBUG - 执行AGV分配局部搜索，当前完工时间: 1752.00
2025-04-08 16:09:37,579 - DEBUG - 局部搜索未能改进当前解
2025-04-08 16:09:37,583 - DEBUG - 执行AGV分配局部搜索，当前完工时间: 1729.00
2025-04-08 16:09:37,587 - DEBUG - 局部搜索未能改进当前解
2025-04-08 16:09:37,590 - DEBUG - 执行AGV分配局部搜索，当前完工时间: 1669.00
2025-04-08 16:09:37,594 - DEBUG - 局部搜索未能改进当前解
2025-04-08 16:09:37,597 - DEBUG - 执行AGV分配局部搜索，当前完工时间: 1686.00
2025-04-08 16:09:37,600 - DEBUG - 局部搜索未能改进当前解
2025-04-08 16:09:37,604 - DEBUG - 执行AGV分配局部搜索，当前完工时间: 1726.00
2025-04-08 16:09:37,608 - DEBUG - 局部搜索未能改进当前解
2025-04-08 16:09:37,612 - DEBUG - 执行AGV分配局部搜索，当前完工时间: 1671.00
2025-04-08 16:09:37,616 - DEBUG - 局部搜索未能改进当前解
2025-04-08 16:09:37,619 - DEBUG - 执行AGV分配局部搜索，当前完工时间: 1736.00
2025-04-08 16:09:37,623 - DEBUG - 局部搜索未能改进当前解
2025-04-08 16:09:37,626 - DEBUG - 执行AGV分配局部搜索，当前完工时间: 1753.00
2025-04-08 16:09:37,630 - DEBUG - 局部搜索未能改进当前解
2025-04-08 16:09:37,634 - DEBUG - 执行AGV分配局部搜索，当前完工时间: 1698.00
2025-04-08 16:09:37,638 - DEBUG - 局部搜索未能改进当前解
2025-04-08 16:09:37,641 - DEBUG - 执行AGV分配局部搜索，当前完工时间: 1689.00
2025-04-08 16:09:37,644 - DEBUG - 局部搜索未能改进当前解
2025-04-08 16:09:37,648 - DEBUG - 执行AGV分配局部搜索，当前完工时间: 1634.00
2025-04-08 16:09:37,651 - DEBUG - 局部搜索未能改进当前解
2025-04-08 16:09:37,655 - DEBUG - 执行AGV分配局部搜索，当前完工时间: 1682.00
2025-04-08 16:09:37,658 - DEBUG - 局部搜索未能改进当前解
2025-04-08 16:09:37,662 - DEBUG - 执行AGV分配局部搜索，当前完工时间: 1680.00
2025-04-08 16:09:37,667 - DEBUG - 局部搜索未能改进当前解
2025-04-08 16:09:37,671 - DEBUG - 执行AGV分配局部搜索，当前完工时间: 1741.00
2025-04-08 16:09:37,673 - DEBUG - 局部搜索未能改进当前解
2025-04-08 16:09:37,676 - DEBUG - 执行AGV分配局部搜索，当前完工时间: 1648.00
2025-04-08 16:09:37,681 - DEBUG - 局部搜索未能改进当前解
2025-04-08 16:09:37,685 - DEBUG - 执行AGV分配局部搜索，当前完工时间: 1693.00
2025-04-08 16:09:37,689 - DEBUG - 局部搜索未能改进当前解
2025-04-08 16:09:37,692 - DEBUG - 执行AGV分配局部搜索，当前完工时间: 1743.00
2025-04-08 16:09:37,696 - DEBUG - 局部搜索未能改进当前解
2025-04-08 16:09:37,700 - DEBUG - 执行AGV分配局部搜索，当前完工时间: 1688.00
2025-04-08 16:09:37,703 - DEBUG - 局部搜索未能改进当前解
2025-04-08 16:09:37,707 - DEBUG - 执行AGV分配局部搜索，当前完工时间: 1626.00
2025-04-08 16:09:37,711 - DEBUG - 局部搜索未能改进当前解
2025-04-08 16:09:37,714 - DEBUG - 执行AGV分配局部搜索，当前完工时间: 1643.00
2025-04-08 16:09:37,718 - DEBUG - 局部搜索未能改进当前解
2025-04-08 16:09:37,722 - DEBUG - 执行AGV分配局部搜索，当前完工时间: 1673.00
2025-04-08 16:09:37,725 - DEBUG - 局部搜索未能改进当前解
2025-04-08 16:09:37,729 - DEBUG - 执行AGV分配局部搜索，当前完工时间: 1722.00
2025-04-08 16:09:37,733 - DEBUG - 局部搜索未能改进当前解
2025-04-08 16:09:37,737 - DEBUG - 执行AGV分配局部搜索，当前完工时间: 1706.00
2025-04-08 16:09:37,739 - DEBUG - 局部搜索未能改进当前解
2025-04-08 16:09:37,744 - DEBUG - 执行AGV分配局部搜索，当前完工时间: 1695.00
2025-04-08 16:09:37,747 - DEBUG - AGV分配局部搜索成功！完工时间从 1695.00 降低到 1693.00，改进: 2.00 (0.12%)
2025-04-08 16:09:37,750 - DEBUG - 执行AGV分配局部搜索，当前完工时间: 1689.00
2025-04-08 16:09:37,754 - DEBUG - 局部搜索未能改进当前解
2025-04-08 16:09:37,758 - DEBUG - 执行AGV分配局部搜索，当前完工时间: 1683.00
2025-04-08 16:09:37,761 - DEBUG - 局部搜索未能改进当前解
2025-04-08 16:09:37,765 - DEBUG - 执行AGV分配局部搜索，当前完工时间: 1683.00
2025-04-08 16:09:37,768 - DEBUG - 局部搜索未能改进当前解
2025-04-08 16:09:37,772 - DEBUG - 执行AGV分配局部搜索，当前完工时间: 1658.00
2025-04-08 16:09:37,775 - DEBUG - AGV分配局部搜索成功！完工时间从 1658.00 降低到 1643.00，改进: 15.00 (0.90%)
2025-04-08 16:09:37,779 - DEBUG - 执行AGV分配局部搜索，当前完工时间: 1714.00
2025-04-08 16:09:37,783 - DEBUG - 局部搜索未能改进当前解
2025-04-08 16:09:37,786 - DEBUG - 执行AGV分配局部搜索，当前完工时间: 1615.00
2025-04-08 16:09:37,791 - DEBUG - AGV分配局部搜索成功！完工时间从 1615.00 降低到 1610.00，改进: 5.00 (0.31%)
2025-04-08 16:09:37,794 - DEBUG - 执行AGV分配局部搜索，当前完工时间: 1677.00
2025-04-08 16:09:37,797 - DEBUG - 局部搜索未能改进当前解
2025-04-08 16:09:37,801 - DEBUG - 执行AGV分配局部搜索，当前完工时间: 1799.00
2025-04-08 16:09:37,805 - DEBUG - 局部搜索未能改进当前解
2025-04-08 16:09:37,809 - DEBUG - 执行AGV分配局部搜索，当前完工时间: 1678.00
2025-04-08 16:09:37,812 - DEBUG - 局部搜索未能改进当前解
2025-04-08 16:09:37,815 - DEBUG - 执行AGV分配局部搜索，当前完工时间: 1661.00
2025-04-08 16:09:37,819 - DEBUG - 局部搜索未能改进当前解
2025-04-08 16:09:37,822 - DEBUG - 执行AGV分配局部搜索，当前完工时间: 1763.00
2025-04-08 16:09:37,826 - DEBUG - AGV分配局部搜索成功！完工时间从 1763.00 降低到 1728.00，改进: 35.00 (1.99%)
2025-04-08 16:09:37,830 - DEBUG - 执行AGV分配局部搜索，当前完工时间: 1661.00
2025-04-08 16:09:37,834 - DEBUG - 局部搜索未能改进当前解
2025-04-08 16:09:37,837 - DEBUG - 执行AGV分配局部搜索，当前完工时间: 1645.00
2025-04-08 16:09:37,840 - DEBUG - 局部搜索未能改进当前解
2025-04-08 16:09:37,844 - DEBUG - 执行AGV分配局部搜索，当前完工时间: 1674.00
2025-04-08 16:09:37,849 - DEBUG - 局部搜索未能改进当前解
2025-04-08 16:09:37,852 - DEBUG - 执行AGV分配局部搜索，当前完工时间: 1670.00
2025-04-08 16:09:37,855 - DEBUG - 局部搜索未能改进当前解
2025-04-08 16:09:37,859 - DEBUG - 执行AGV分配局部搜索，当前完工时间: 1770.00
2025-04-08 16:09:37,863 - DEBUG - 局部搜索未能改进当前解
2025-04-08 16:09:37,867 - DEBUG - 执行AGV分配局部搜索，当前完工时间: 1736.00
2025-04-08 16:09:37,871 - DEBUG - 局部搜索未能改进当前解
2025-04-08 16:09:37,875 - DEBUG - 执行AGV分配局部搜索，当前完工时间: 1693.00
2025-04-08 16:09:37,878 - DEBUG - AGV分配局部搜索成功！完工时间从 1693.00 降低到 1672.00，改进: 21.00 (1.24%)
2025-04-08 16:09:37,882 - DEBUG - 执行AGV分配局部搜索，当前完工时间: 1684.00
2025-04-08 16:09:37,886 - DEBUG - 局部搜索未能改进当前解
2025-04-08 16:09:37,889 - DEBUG - 执行AGV分配局部搜索，当前完工时间: 1710.00
2025-04-08 16:09:37,893 - DEBUG - 局部搜索未能改进当前解
2025-04-08 16:09:37,896 - DEBUG - 执行AGV分配局部搜索，当前完工时间: 1657.00
2025-04-08 16:09:37,900 - DEBUG - 局部搜索未能改进当前解
2025-04-08 16:09:37,903 - DEBUG - 执行AGV分配局部搜索，当前完工时间: 1727.00
2025-04-08 16:09:37,906 - DEBUG - 局部搜索未能改进当前解
2025-04-08 16:09:37,910 - DEBUG - 执行AGV分配局部搜索，当前完工时间: 1665.00
2025-04-08 16:09:37,914 - DEBUG - 局部搜索未能改进当前解
2025-04-08 16:09:37,918 - DEBUG - 执行AGV分配局部搜索，当前完工时间: 1775.00
2025-04-08 16:09:37,921 - DEBUG - AGV分配局部搜索成功！完工时间从 1775.00 降低到 1756.00，改进: 19.00 (1.07%)
2025-04-08 16:09:37,925 - DEBUG - 执行AGV分配局部搜索，当前完工时间: 1664.00
2025-04-08 16:09:37,929 - DEBUG - 局部搜索未能改进当前解
2025-04-08 16:09:37,933 - DEBUG - 执行AGV分配局部搜索，当前完工时间: 1627.00
2025-04-08 16:09:37,936 - DEBUG - 局部搜索未能改进当前解
2025-04-08 16:09:37,940 - DEBUG - 执行AGV分配局部搜索，当前完工时间: 1688.00
2025-04-08 16:09:37,943 - DEBUG - 局部搜索未能改进当前解
2025-04-08 16:09:37,947 - DEBUG - 执行AGV分配局部搜索，当前完工时间: 1696.00
2025-04-08 16:09:37,950 - DEBUG - 局部搜索未能改进当前解
2025-04-08 16:09:37,954 - DEBUG - 执行AGV分配局部搜索，当前完工时间: 1773.00
2025-04-08 16:09:37,958 - DEBUG - AGV分配局部搜索成功！完工时间从 1773.00 降低到 1768.00，改进: 5.00 (0.28%)
2025-04-08 16:09:37,958 - DEBUG - ==================================================
2025-04-08 16:09:37,958 - DEBUG - Efficiency Statistics of Local Search :
2025-04-08 16:09:37,958 - DEBUG - Number of attempts: 99
2025-04-08 16:09:37,958 - DEBUG - Average Success Rate: 14.14%
2025-04-08 16:09:37,958 - DEBUG - AGV Local Search Success: 14，Average Improvement: 15.64
2025-04-08 16:09:37,962 - DEBUG - 执行AGV分配局部搜索，当前完工时间: 1677.00
2025-04-08 16:09:37,966 - DEBUG - 局部搜索未能改进当前解
2025-04-08 16:09:37,970 - DEBUG - 执行AGV分配局部搜索，当前完工时间: 1638.00
2025-04-08 16:09:37,974 - DEBUG - 局部搜索未能改进当前解
2025-04-08 16:09:37,979 - DEBUG - 执行AGV分配局部搜索，当前完工时间: 1776.00
2025-04-08 16:09:37,983 - DEBUG - 局部搜索未能改进当前解
2025-04-08 16:09:37,986 - DEBUG - 执行AGV分配局部搜索，当前完工时间: 1615.00
2025-04-08 16:09:37,990 - DEBUG - 局部搜索未能改进当前解
2025-04-08 16:09:37,994 - DEBUG - 执行AGV分配局部搜索，当前完工时间: 1663.00
2025-04-08 16:09:37,999 - DEBUG - 局部搜索未能改进当前解
2025-04-08 16:09:38,003 - DEBUG - 执行AGV分配局部搜索，当前完工时间: 1700.00
2025-04-08 16:09:38,007 - DEBUG - 局部搜索未能改进当前解
2025-04-08 16:09:38,010 - DEBUG - 执行AGV分配局部搜索，当前完工时间: 1755.00
2025-04-08 16:09:38,014 - DEBUG - AGV分配局部搜索成功！完工时间从 1755.00 降低到 1737.00，改进: 18.00 (1.03%)
2025-04-08 16:09:38,018 - DEBUG - 执行AGV分配局部搜索，当前完工时间: 1708.00
2025-04-08 16:09:38,020 - DEBUG - 局部搜索未能改进当前解
2025-04-08 16:09:38,026 - DEBUG - 执行AGV分配局部搜索，当前完工时间: 1639.00
2025-04-08 16:09:38,029 - DEBUG - 局部搜索未能改进当前解
2025-04-08 16:09:38,033 - DEBUG - 执行AGV分配局部搜索，当前完工时间: 1635.00
2025-04-08 16:09:38,037 - DEBUG - 局部搜索未能改进当前解
2025-04-08 16:09:38,040 - DEBUG - 执行AGV分配局部搜索，当前完工时间: 1692.00
2025-04-08 16:09:38,044 - DEBUG - AGV分配局部搜索成功！完工时间从 1692.00 降低到 1683.00，改进: 9.00 (0.53%)
2025-04-08 16:09:38,047 - DEBUG - 执行AGV分配局部搜索，当前完工时间: 1673.00
2025-04-08 16:09:38,051 - DEBUG - 局部搜索未能改进当前解
2025-04-08 16:09:38,055 - DEBUG - 执行AGV分配局部搜索，当前完工时间: 1674.00
2025-04-08 16:09:38,059 - DEBUG - 局部搜索未能改进当前解
2025-04-08 16:09:38,062 - DEBUG - 执行AGV分配局部搜索，当前完工时间: 1713.00
2025-04-08 16:09:38,066 - DEBUG - 局部搜索未能改进当前解
2025-04-08 16:09:38,071 - DEBUG - 执行AGV分配局部搜索，当前完工时间: 1746.00
2025-04-08 16:09:38,074 - DEBUG - 局部搜索未能改进当前解
2025-04-08 16:09:38,078 - DEBUG - 执行AGV分配局部搜索，当前完工时间: 1683.00
2025-04-08 16:09:38,081 - DEBUG - 局部搜索未能改进当前解
2025-04-08 16:09:38,086 - DEBUG - 执行AGV分配局部搜索，当前完工时间: 1670.00
2025-04-08 16:09:38,089 - DEBUG - 局部搜索未能改进当前解
2025-04-08 16:09:38,092 - DEBUG - 执行AGV分配局部搜索，当前完工时间: 1618.00
2025-04-08 16:09:38,096 - DEBUG - 局部搜索未能改进当前解
2025-04-08 16:09:38,100 - DEBUG - 执行AGV分配局部搜索，当前完工时间: 1752.00
2025-04-08 16:09:38,103 - DEBUG - 局部搜索未能改进当前解
2025-04-08 16:09:38,107 - DEBUG - 执行AGV分配局部搜索，当前完工时间: 1661.00
2025-04-08 16:09:38,111 - DEBUG - 局部搜索未能改进当前解
2025-04-08 16:09:38,114 - DEBUG - 执行AGV分配局部搜索，当前完工时间: 1674.00
2025-04-08 16:09:38,118 - DEBUG - 局部搜索未能改进当前解
2025-04-08 16:09:38,122 - DEBUG - 执行AGV分配局部搜索，当前完工时间: 1672.00
2025-04-08 16:09:38,125 - DEBUG - 局部搜索未能改进当前解
2025-04-08 16:09:38,129 - DEBUG - 执行AGV分配局部搜索，当前完工时间: 1688.00
2025-04-08 16:09:38,133 - DEBUG - 局部搜索未能改进当前解
2025-04-08 16:09:38,137 - DEBUG - 执行AGV分配局部搜索，当前完工时间: 1644.00
2025-04-08 16:09:38,141 - DEBUG - 局部搜索未能改进当前解
2025-04-08 16:09:38,144 - DEBUG - 执行AGV分配局部搜索，当前完工时间: 1720.00
2025-04-08 16:09:38,149 - DEBUG - 局部搜索未能改进当前解
2025-04-08 16:09:38,153 - DEBUG - 执行AGV分配局部搜索，当前完工时间: 1683.00
2025-04-08 16:09:38,158 - DEBUG - 局部搜索未能改进当前解
2025-04-08 16:09:38,162 - DEBUG - 执行AGV分配局部搜索，当前完工时间: 1701.00
2025-04-08 16:09:38,165 - DEBUG - AGV分配局部搜索成功！完工时间从 1701.00 降低到 1697.00，改进: 4.00 (0.24%)
2025-04-08 16:09:38,170 - DEBUG - 执行AGV分配局部搜索，当前完工时间: 1688.00
2025-04-08 16:09:38,173 - DEBUG - 局部搜索未能改进当前解
2025-04-08 16:09:38,176 - DEBUG - 执行AGV分配局部搜索，当前完工时间: 1683.00
2025-04-08 16:09:38,180 - DEBUG - AGV分配局部搜索成功！完工时间从 1683.00 降低到 1679.00，改进: 4.00 (0.24%)
2025-04-08 16:09:38,185 - DEBUG - 执行AGV分配局部搜索，当前完工时间: 1746.00
2025-04-08 16:09:38,188 - DEBUG - 局部搜索未能改进当前解
2025-04-08 16:09:38,192 - DEBUG - 执行AGV分配局部搜索，当前完工时间: 1781.00
2025-04-08 16:09:38,195 - DEBUG - 局部搜索未能改进当前解
2025-04-08 16:09:38,200 - DEBUG - 执行AGV分配局部搜索，当前完工时间: 1797.00
2025-04-08 16:09:38,203 - DEBUG - AGV分配局部搜索成功！完工时间从 1797.00 降低到 1709.00，改进: 88.00 (4.90%)
2025-04-08 16:09:38,207 - DEBUG - 执行AGV分配局部搜索，当前完工时间: 1793.00
2025-04-08 16:09:38,210 - DEBUG - 局部搜索未能改进当前解
2025-04-08 16:09:38,213 - DEBUG - 执行AGV分配局部搜索，当前完工时间: 1651.00
2025-04-08 16:09:38,218 - DEBUG - 局部搜索未能改进当前解
2025-04-08 16:09:38,221 - DEBUG - 执行AGV分配局部搜索，当前完工时间: 1680.00
2025-04-08 16:09:38,225 - DEBUG - 局部搜索未能改进当前解
2025-04-08 16:09:38,229 - DEBUG - 执行AGV分配局部搜索，当前完工时间: 1691.00
2025-04-08 16:09:38,233 - DEBUG - 局部搜索未能改进当前解
2025-04-08 16:09:38,237 - DEBUG - 执行AGV分配局部搜索，当前完工时间: 1761.00
2025-04-08 16:09:38,240 - DEBUG - AGV分配局部搜索成功！完工时间从 1761.00 降低到 1717.00，改进: 44.00 (2.50%)
2025-04-08 16:09:38,244 - DEBUG - 执行AGV分配局部搜索，当前完工时间: 1753.00
2025-04-08 16:09:38,247 - DEBUG - 局部搜索未能改进当前解
2025-04-08 16:09:38,252 - DEBUG - 执行AGV分配局部搜索，当前完工时间: 1683.00
2025-04-08 16:09:38,255 - DEBUG - AGV分配局部搜索成功！完工时间从 1683.00 降低到 1643.00，改进: 40.00 (2.38%)
2025-04-08 16:09:38,258 - DEBUG - 执行AGV分配局部搜索，当前完工时间: 1661.00
2025-04-08 16:09:38,262 - DEBUG - 局部搜索未能改进当前解
2025-04-08 16:09:38,265 - DEBUG - 执行AGV分配局部搜索，当前完工时间: 1680.00
2025-04-08 16:09:38,269 - DEBUG - 局部搜索未能改进当前解
2025-04-08 16:09:38,272 - DEBUG - 执行AGV分配局部搜索，当前完工时间: 1612.00
2025-04-08 16:09:38,276 - DEBUG - 局部搜索未能改进当前解
2025-04-08 16:09:38,279 - DEBUG - 执行AGV分配局部搜索，当前完工时间: 1628.00
2025-04-08 16:09:38,283 - DEBUG - 局部搜索未能改进当前解
2025-04-08 16:09:38,287 - DEBUG - 执行AGV分配局部搜索，当前完工时间: 1683.00
2025-04-08 16:09:38,291 - DEBUG - 局部搜索未能改进当前解
2025-04-08 16:09:38,294 - DEBUG - 执行AGV分配局部搜索，当前完工时间: 1748.00
2025-04-08 16:09:38,297 - DEBUG - 局部搜索未能改进当前解
2025-04-08 16:09:38,302 - DEBUG - 执行AGV分配局部搜索，当前完工时间: 1678.00
2025-04-08 16:09:38,305 - DEBUG - AGV分配局部搜索成功！完工时间从 1678.00 降低到 1674.00，改进: 4.00 (0.24%)
2025-04-08 16:09:38,308 - DEBUG - 执行AGV分配局部搜索，当前完工时间: 1652.00
2025-04-08 16:09:38,312 - DEBUG - AGV分配局部搜索成功！完工时间从 1652.00 降低到 1643.00，改进: 9.00 (0.54%)
2025-04-08 16:09:38,316 - DEBUG - 执行AGV分配局部搜索，当前完工时间: 1691.00
2025-04-08 16:09:38,320 - DEBUG - 局部搜索未能改进当前解
2025-04-08 16:09:38,324 - DEBUG - 执行AGV分配局部搜索，当前完工时间: 1628.00
2025-04-08 16:09:38,326 - DEBUG - 局部搜索未能改进当前解
2025-04-08 16:09:38,330 - DEBUG - 执行AGV分配局部搜索，当前完工时间: 1639.00
2025-04-08 16:09:38,334 - DEBUG - 局部搜索未能改进当前解
2025-04-08 16:09:38,338 - DEBUG - 执行AGV分配局部搜索，当前完工时间: 1704.00
2025-04-08 16:09:38,342 - DEBUG - 局部搜索未能改进当前解
2025-04-08 16:09:38,346 - DEBUG - 执行AGV分配局部搜索，当前完工时间: 1858.00
2025-04-08 16:09:38,349 - DEBUG - 局部搜索未能改进当前解
2025-04-08 16:09:38,353 - DEBUG - 执行AGV分配局部搜索，当前完工时间: 1680.00
2025-04-08 16:09:38,357 - DEBUG - 局部搜索未能改进当前解
2025-04-08 16:09:38,361 - DEBUG - 执行AGV分配局部搜索，当前完工时间: 1702.00
2025-04-08 16:09:38,364 - DEBUG - 局部搜索未能改进当前解
2025-04-08 16:09:38,368 - DEBUG - 执行AGV分配局部搜索，当前完工时间: 1679.00
2025-04-08 16:09:38,372 - DEBUG - 局部搜索未能改进当前解
2025-04-08 16:09:38,376 - DEBUG - 执行AGV分配局部搜索，当前完工时间: 1645.00
2025-04-08 16:09:38,379 - DEBUG - 局部搜索未能改进当前解
2025-04-08 16:09:38,383 - DEBUG - 执行AGV分配局部搜索，当前完工时间: 1639.00
2025-04-08 16:09:38,386 - DEBUG - 局部搜索未能改进当前解
2025-04-08 16:09:38,390 - DEBUG - 执行AGV分配局部搜索，当前完工时间: 1711.00
2025-04-08 16:09:38,394 - DEBUG - 局部搜索未能改进当前解
2025-04-08 16:09:38,397 - DEBUG - 执行AGV分配局部搜索，当前完工时间: 1693.00
2025-04-08 16:09:38,400 - DEBUG - 局部搜索未能改进当前解
2025-04-08 16:09:38,404 - DEBUG - 执行AGV分配局部搜索，当前完工时间: 1671.00
2025-04-08 16:09:38,408 - DEBUG - 局部搜索未能改进当前解
2025-04-08 16:09:38,412 - DEBUG - 执行AGV分配局部搜索，当前完工时间: 1699.00
2025-04-08 16:09:38,416 - DEBUG - 局部搜索未能改进当前解
2025-04-08 16:09:38,419 - DEBUG - 执行AGV分配局部搜索，当前完工时间: 1645.00
2025-04-08 16:09:38,424 - DEBUG - 局部搜索未能改进当前解
2025-04-08 16:09:38,426 - DEBUG - 执行AGV分配局部搜索，当前完工时间: 1689.00
2025-04-08 16:09:38,431 - DEBUG - 局部搜索未能改进当前解
2025-04-08 16:09:38,435 - DEBUG - 执行AGV分配局部搜索，当前完工时间: 1661.00
2025-04-08 16:09:38,438 - DEBUG - 局部搜索未能改进当前解
2025-04-08 16:09:38,442 - DEBUG - 执行AGV分配局部搜索，当前完工时间: 1709.00
2025-04-08 16:09:38,446 - DEBUG - 局部搜索未能改进当前解
2025-04-08 16:09:38,450 - DEBUG - 执行AGV分配局部搜索，当前完工时间: 1704.00
2025-04-08 16:09:38,454 - DEBUG - 局部搜索未能改进当前解
2025-04-08 16:09:38,457 - DEBUG - 执行AGV分配局部搜索，当前完工时间: 1726.00
2025-04-08 16:09:38,460 - DEBUG - 局部搜索未能改进当前解
2025-04-08 16:09:38,463 - DEBUG - 执行AGV分配局部搜索，当前完工时间: 1661.00
2025-04-08 16:09:38,468 - DEBUG - 局部搜索未能改进当前解
2025-04-08 16:09:38,471 - DEBUG - 执行AGV分配局部搜索，当前完工时间: 1717.00
2025-04-08 16:09:38,475 - DEBUG - 局部搜索未能改进当前解
2025-04-08 16:09:38,479 - DEBUG - 执行AGV分配局部搜索，当前完工时间: 1694.00
2025-04-08 16:09:38,483 - DEBUG - 局部搜索未能改进当前解
2025-04-08 16:09:38,487 - DEBUG - 执行AGV分配局部搜索，当前完工时间: 1706.00
2025-04-08 16:09:38,490 - DEBUG - 局部搜索未能改进当前解
2025-04-08 16:09:38,494 - DEBUG - 执行AGV分配局部搜索，当前完工时间: 1696.00
2025-04-08 16:09:38,497 - DEBUG - 局部搜索未能改进当前解
2025-04-08 16:09:38,500 - DEBUG - 执行AGV分配局部搜索，当前完工时间: 1629.00
2025-04-08 16:09:38,504 - DEBUG - 局部搜索未能改进当前解
2025-04-08 16:09:38,508 - DEBUG - 执行AGV分配局部搜索，当前完工时间: 1632.00
2025-04-08 16:09:38,512 - DEBUG - 局部搜索未能改进当前解
2025-04-08 16:09:38,514 - DEBUG - 执行AGV分配局部搜索，当前完工时间: 1748.00
2025-04-08 16:09:38,519 - DEBUG - 局部搜索未能改进当前解
2025-04-08 16:09:38,523 - DEBUG - 执行AGV分配局部搜索，当前完工时间: 1703.00
2025-04-08 16:09:38,526 - DEBUG - 局部搜索未能改进当前解
2025-04-08 16:09:38,531 - DEBUG - 执行AGV分配局部搜索，当前完工时间: 1633.00
2025-04-08 16:09:38,534 - DEBUG - 局部搜索未能改进当前解
2025-04-08 16:09:38,537 - DEBUG - 执行AGV分配局部搜索，当前完工时间: 1671.00
2025-04-08 16:09:38,541 - DEBUG - 局部搜索未能改进当前解
2025-04-08 16:09:38,545 - DEBUG - 执行AGV分配局部搜索，当前完工时间: 1655.00
2025-04-08 16:09:38,549 - DEBUG - AGV分配局部搜索成功！完工时间从 1655.00 降低到 1653.00，改进: 2.00 (0.12%)
2025-04-08 16:09:38,553 - DEBUG - 执行AGV分配局部搜索，当前完工时间: 1751.00
2025-04-08 16:09:38,557 - DEBUG - 局部搜索未能改进当前解
2025-04-08 16:09:38,560 - DEBUG - 执行AGV分配局部搜索，当前完工时间: 1688.00
2025-04-08 16:09:38,564 - DEBUG - 局部搜索未能改进当前解
2025-04-08 16:09:38,568 - DEBUG - 执行AGV分配局部搜索，当前完工时间: 1712.00
2025-04-08 16:09:38,570 - DEBUG - 局部搜索未能改进当前解
2025-04-08 16:09:38,575 - DEBUG - 执行AGV分配局部搜索，当前完工时间: 1627.00
2025-04-08 16:09:38,578 - DEBUG - 局部搜索未能改进当前解
2025-04-08 16:09:38,583 - DEBUG - 执行AGV分配局部搜索，当前完工时间: 1721.00
2025-04-08 16:09:38,586 - DEBUG - 局部搜索未能改进当前解
2025-04-08 16:09:38,590 - DEBUG - 执行AGV分配局部搜索，当前完工时间: 1647.00
2025-04-08 16:09:38,593 - DEBUG - 局部搜索未能改进当前解
2025-04-08 16:09:38,597 - DEBUG - 执行AGV分配局部搜索，当前完工时间: 1744.00
2025-04-08 16:09:38,602 - DEBUG - 局部搜索未能改进当前解
2025-04-08 16:09:38,605 - DEBUG - 执行AGV分配局部搜索，当前完工时间: 1660.00
2025-04-08 16:09:38,608 - DEBUG - 局部搜索未能改进当前解
2025-04-08 16:09:38,612 - DEBUG - 执行AGV分配局部搜索，当前完工时间: 1681.00
2025-04-08 16:09:38,615 - DEBUG - 局部搜索未能改进当前解
2025-04-08 16:09:38,619 - DEBUG - 执行AGV分配局部搜索，当前完工时间: 1680.00
2025-04-08 16:09:38,623 - DEBUG - 局部搜索未能改进当前解
2025-04-08 16:09:38,627 - DEBUG - 执行AGV分配局部搜索，当前完工时间: 1829.00
2025-04-08 16:09:38,630 - DEBUG - 局部搜索未能改进当前解
2025-04-08 16:09:38,634 - DEBUG - 执行AGV分配局部搜索，当前完工时间: 1836.00
2025-04-08 16:09:38,637 - DEBUG - 局部搜索未能改进当前解
2025-04-08 16:09:38,642 - DEBUG - 执行AGV分配局部搜索，当前完工时间: 1643.00
2025-04-08 16:09:38,646 - DEBUG - 局部搜索未能改进当前解
2025-04-08 16:09:38,648 - DEBUG - 执行AGV分配局部搜索，当前完工时间: 1776.00
2025-04-08 16:09:38,653 - DEBUG - 局部搜索未能改进当前解
2025-04-08 16:09:38,657 - DEBUG - 执行AGV分配局部搜索，当前完工时间: 1661.00
2025-04-08 16:09:38,660 - DEBUG - 局部搜索未能改进当前解
2025-04-08 16:09:38,663 - DEBUG - 执行AGV分配局部搜索，当前完工时间: 1672.00
2025-04-08 16:09:38,668 - DEBUG - 局部搜索未能改进当前解
2025-04-08 16:09:38,671 - DEBUG - 执行AGV分配局部搜索，当前完工时间: 1771.00
2025-04-08 16:09:38,675 - DEBUG - 局部搜索未能改进当前解
2025-04-08 16:09:38,679 - DEBUG - 执行AGV分配局部搜索，当前完工时间: 1649.00
2025-04-08 16:09:38,683 - DEBUG - 局部搜索未能改进当前解
2025-04-08 16:09:38,687 - DEBUG - 执行AGV分配局部搜索，当前完工时间: 1760.00
2025-04-08 16:09:38,690 - DEBUG - 局部搜索未能改进当前解
2025-04-08 16:09:38,694 - DEBUG - 执行AGV分配局部搜索，当前完工时间: 1743.00
2025-04-08 16:09:38,697 - DEBUG - 局部搜索未能改进当前解
2025-04-08 16:09:38,697 - DEBUG - ==================================================
2025-04-08 16:09:38,697 - DEBUG - Efficiency Statistics of Local Search :
2025-04-08 16:09:38,697 - DEBUG - Number of attempts: 99
2025-04-08 16:09:38,697 - DEBUG - Average Success Rate: 10.10%
2025-04-08 16:09:38,697 - DEBUG - AGV Local Search Success: 10，Average Improvement: 22.20
2025-04-08 16:09:38,702 - DEBUG - 执行AGV分配局部搜索，当前完工时间: 1774.00
2025-04-08 16:09:38,706 - DEBUG - 局部搜索未能改进当前解
2025-04-08 16:09:38,709 - DEBUG - 执行AGV分配局部搜索，当前完工时间: 1716.00
2025-04-08 16:09:38,714 - DEBUG - 局部搜索未能改进当前解
2025-04-08 16:09:38,718 - DEBUG - 执行AGV分配局部搜索，当前完工时间: 1704.00
2025-04-08 16:09:38,721 - DEBUG - 局部搜索未能改进当前解
2025-04-08 16:09:38,725 - DEBUG - 执行AGV分配局部搜索，当前完工时间: 1719.00
2025-04-08 16:09:38,729 - DEBUG - 局部搜索未能改进当前解
2025-04-08 16:09:38,732 - DEBUG - 执行AGV分配局部搜索，当前完工时间: 1657.00
2025-04-08 16:09:38,736 - DEBUG - 局部搜索未能改进当前解
2025-04-08 16:09:38,740 - DEBUG - 执行AGV分配局部搜索，当前完工时间: 1640.00
2025-04-08 16:09:38,743 - DEBUG - 局部搜索未能改进当前解
2025-04-08 16:09:38,747 - DEBUG - 执行AGV分配局部搜索，当前完工时间: 1680.00
2025-04-08 16:09:38,751 - DEBUG - 局部搜索未能改进当前解
2025-04-08 16:09:38,753 - DEBUG - 执行AGV分配局部搜索，当前完工时间: 1660.00
2025-04-08 16:09:38,757 - DEBUG - 局部搜索未能改进当前解
2025-04-08 16:09:38,761 - DEBUG - 执行AGV分配局部搜索，当前完工时间: 1664.00
2025-04-08 16:09:38,764 - DEBUG - 局部搜索未能改进当前解
2025-04-08 16:09:38,769 - DEBUG - 执行AGV分配局部搜索，当前完工时间: 1632.00
2025-04-08 16:09:38,772 - DEBUG - 局部搜索未能改进当前解
2025-04-08 16:09:38,776 - DEBUG - 执行AGV分配局部搜索，当前完工时间: 1663.00
2025-04-08 16:09:38,780 - DEBUG - 局部搜索未能改进当前解
2025-04-08 16:09:38,783 - DEBUG - 执行AGV分配局部搜索，当前完工时间: 1670.00
2025-04-08 16:09:38,787 - DEBUG - 局部搜索未能改进当前解
2025-04-08 16:09:38,791 - DEBUG - 执行AGV分配局部搜索，当前完工时间: 1625.00
2025-04-08 16:09:38,795 - DEBUG - 局部搜索未能改进当前解
2025-04-08 16:09:38,799 - DEBUG - 执行AGV分配局部搜索，当前完工时间: 1668.00
2025-04-08 16:09:38,802 - DEBUG - 局部搜索未能改进当前解
2025-04-08 16:09:38,806 - DEBUG - 执行AGV分配局部搜索，当前完工时间: 1700.00
2025-04-08 16:09:38,809 - DEBUG - 局部搜索未能改进当前解
2025-04-08 16:09:38,812 - DEBUG - 执行AGV分配局部搜索，当前完工时间: 1704.00
2025-04-08 16:09:38,816 - DEBUG - 局部搜索未能改进当前解
2025-04-08 16:09:38,820 - DEBUG - 执行AGV分配局部搜索，当前完工时间: 1645.00
2025-04-08 16:09:38,824 - DEBUG - 局部搜索未能改进当前解
2025-04-08 16:09:38,827 - DEBUG - 执行AGV分配局部搜索，当前完工时间: 1696.00
2025-04-08 16:09:38,830 - DEBUG - 局部搜索未能改进当前解
2025-04-08 16:09:38,834 - DEBUG - 执行AGV分配局部搜索，当前完工时间: 1639.00
2025-04-08 16:09:38,838 - DEBUG - 局部搜索未能改进当前解
2025-04-08 16:09:38,842 - DEBUG - 执行AGV分配局部搜索，当前完工时间: 1629.00
2025-04-08 16:09:38,845 - DEBUG - 局部搜索未能改进当前解
2025-04-08 16:09:38,849 - DEBUG - 执行AGV分配局部搜索，当前完工时间: 1657.00
2025-04-08 16:09:38,853 - DEBUG - 局部搜索未能改进当前解
2025-04-08 16:09:38,856 - DEBUG - 执行AGV分配局部搜索，当前完工时间: 1843.00
2025-04-08 16:09:38,859 - DEBUG - 局部搜索未能改进当前解
2025-04-08 16:09:38,864 - DEBUG - 执行AGV分配局部搜索，当前完工时间: 1650.00
2025-04-08 16:09:38,867 - DEBUG - 局部搜索未能改进当前解
2025-04-08 16:09:38,870 - DEBUG - 执行AGV分配局部搜索，当前完工时间: 1698.00
2025-04-08 16:09:38,874 - DEBUG - 局部搜索未能改进当前解
2025-04-08 16:09:38,878 - DEBUG - 执行AGV分配局部搜索，当前完工时间: 1637.00
2025-04-08 16:09:38,882 - DEBUG - 局部搜索未能改进当前解
2025-04-08 16:09:38,886 - DEBUG - 执行AGV分配局部搜索，当前完工时间: 1768.00
2025-04-08 16:09:38,888 - DEBUG - 局部搜索未能改进当前解
2025-04-08 16:09:38,892 - DEBUG - 执行AGV分配局部搜索，当前完工时间: 1688.00
2025-04-08 16:09:38,898 - DEBUG - 局部搜索未能改进当前解
2025-04-08 16:09:38,901 - DEBUG - 执行AGV分配局部搜索，当前完工时间: 1653.00
2025-04-08 16:09:38,904 - DEBUG - 局部搜索未能改进当前解
2025-04-08 16:09:38,908 - DEBUG - 执行AGV分配局部搜索，当前完工时间: 1618.00
2025-04-08 16:09:38,912 - DEBUG - 局部搜索未能改进当前解
2025-04-08 16:09:38,915 - DEBUG - 执行AGV分配局部搜索，当前完工时间: 1673.00
2025-04-08 16:09:38,919 - DEBUG - 局部搜索未能改进当前解
2025-04-08 16:09:38,923 - DEBUG - 执行AGV分配局部搜索，当前完工时间: 1722.00
2025-04-08 16:09:38,927 - DEBUG - AGV分配局部搜索成功！完工时间从 1722.00 降低到 1713.00，改进: 9.00 (0.52%)
2025-04-08 16:09:38,930 - DEBUG - 执行AGV分配局部搜索，当前完工时间: 1630.00
2025-04-08 16:09:38,934 - DEBUG - 局部搜索未能改进当前解
2025-04-08 16:09:38,938 - DEBUG - 执行AGV分配局部搜索，当前完工时间: 1690.00
2025-04-08 16:09:38,941 - DEBUG - 局部搜索未能改进当前解
2025-04-08 16:09:38,945 - DEBUG - 执行AGV分配局部搜索，当前完工时间: 1739.00
2025-04-08 16:09:38,948 - DEBUG - 局部搜索未能改进当前解
2025-04-08 16:09:38,953 - DEBUG - 执行AGV分配局部搜索，当前完工时间: 1744.00
2025-04-08 16:09:38,956 - DEBUG - 局部搜索未能改进当前解
2025-04-08 16:09:38,960 - DEBUG - 执行AGV分配局部搜索，当前完工时间: 1621.00
2025-04-08 16:09:38,964 - DEBUG - 局部搜索未能改进当前解
2025-04-08 16:09:38,968 - DEBUG - 执行AGV分配局部搜索，当前完工时间: 1683.00
2025-04-08 16:09:38,970 - DEBUG - 局部搜索未能改进当前解
2025-04-08 16:09:38,975 - DEBUG - 执行AGV分配局部搜索，当前完工时间: 1677.00
2025-04-08 16:09:38,979 - DEBUG - 局部搜索未能改进当前解
2025-04-08 16:09:38,982 - DEBUG - 执行AGV分配局部搜索，当前完工时间: 1657.00
2025-04-08 16:09:38,986 - DEBUG - 局部搜索未能改进当前解
2025-04-08 16:09:38,990 - DEBUG - 执行AGV分配局部搜索，当前完工时间: 1731.00
2025-04-08 16:09:38,994 - DEBUG - 局部搜索未能改进当前解
2025-04-08 16:09:38,997 - DEBUG - 执行AGV分配局部搜索，当前完工时间: 1717.00
2025-04-08 16:09:39,001 - DEBUG - 局部搜索未能改进当前解
2025-04-08 16:09:39,004 - DEBUG - 执行AGV分配局部搜索，当前完工时间: 1683.00
2025-04-08 16:09:39,008 - DEBUG - 局部搜索未能改进当前解
2025-04-08 16:09:39,011 - DEBUG - 执行AGV分配局部搜索，当前完工时间: 1703.00
2025-04-08 16:09:39,015 - DEBUG - 局部搜索未能改进当前解
2025-04-08 16:09:39,019 - DEBUG - 执行AGV分配局部搜索，当前完工时间: 1688.00
2025-04-08 16:09:39,022 - DEBUG - 局部搜索未能改进当前解
2025-04-08 16:09:39,026 - DEBUG - 执行AGV分配局部搜索，当前完工时间: 1698.00
2025-04-08 16:09:39,030 - DEBUG - 局部搜索未能改进当前解
2025-04-08 16:09:39,033 - DEBUG - 执行AGV分配局部搜索，当前完工时间: 1627.00
2025-04-08 16:09:39,037 - DEBUG - 局部搜索未能改进当前解
2025-04-08 16:09:39,040 - DEBUG - 执行AGV分配局部搜索，当前完工时间: 1702.00
2025-04-08 16:09:39,044 - DEBUG - 局部搜索未能改进当前解
2025-04-08 16:09:39,047 - DEBUG - 执行AGV分配局部搜索，当前完工时间: 1683.00
2025-04-08 16:09:39,051 - DEBUG - 局部搜索未能改进当前解
2025-04-08 16:09:39,054 - DEBUG - 执行AGV分配局部搜索，当前完工时间: 1662.00
2025-04-08 16:09:39,058 - DEBUG - AGV分配局部搜索成功！完工时间从 1662.00 降低到 1638.00，改进: 24.00 (1.44%)
2025-04-08 16:09:39,062 - DEBUG - 执行AGV分配局部搜索，当前完工时间: 1645.00
2025-04-08 16:09:39,065 - DEBUG - 局部搜索未能改进当前解
2025-04-08 16:09:39,069 - DEBUG - 执行AGV分配局部搜索，当前完工时间: 1672.00
2025-04-08 16:09:39,072 - DEBUG - 局部搜索未能改进当前解
2025-04-08 16:09:39,076 - DEBUG - 执行AGV分配局部搜索，当前完工时间: 1704.00
2025-04-08 16:09:39,079 - DEBUG - 局部搜索未能改进当前解
2025-04-08 16:09:39,083 - DEBUG - 执行AGV分配局部搜索，当前完工时间: 1740.00
2025-04-08 16:09:39,087 - DEBUG - 局部搜索未能改进当前解
2025-04-08 16:09:39,090 - DEBUG - 执行AGV分配局部搜索，当前完工时间: 1732.00
2025-04-08 16:09:39,094 - DEBUG - 局部搜索未能改进当前解
2025-04-08 16:09:39,097 - DEBUG - 执行AGV分配局部搜索，当前完工时间: 1664.00
2025-04-08 16:09:39,102 - DEBUG - 局部搜索未能改进当前解
2025-04-08 16:09:39,106 - DEBUG - 执行AGV分配局部搜索，当前完工时间: 1714.00
2025-04-08 16:09:39,109 - DEBUG - 局部搜索未能改进当前解
2025-04-08 16:09:39,112 - DEBUG - 执行AGV分配局部搜索，当前完工时间: 1704.00
2025-04-08 16:09:39,116 - DEBUG - 局部搜索未能改进当前解
2025-04-08 16:09:39,120 - DEBUG - 执行AGV分配局部搜索，当前完工时间: 1660.00
2025-04-08 16:09:39,123 - DEBUG - 局部搜索未能改进当前解
2025-04-08 16:09:39,126 - DEBUG - 执行AGV分配局部搜索，当前完工时间: 1686.00
2025-04-08 16:09:39,130 - DEBUG - 局部搜索未能改进当前解
2025-04-08 16:09:39,134 - DEBUG - 执行AGV分配局部搜索，当前完工时间: 1642.00
2025-04-08 16:09:39,137 - DEBUG - 局部搜索未能改进当前解
2025-04-08 16:09:39,142 - DEBUG - 执行AGV分配局部搜索，当前完工时间: 1718.00
2025-04-08 16:09:39,146 - DEBUG - 局部搜索未能改进当前解
2025-04-08 16:09:39,149 - DEBUG - 执行AGV分配局部搜索，当前完工时间: 1616.00
2025-04-08 16:09:39,152 - DEBUG - 局部搜索未能改进当前解
2025-04-08 16:09:39,157 - DEBUG - 执行AGV分配局部搜索，当前完工时间: 1684.00
2025-04-08 16:09:39,161 - DEBUG - 局部搜索未能改进当前解
2025-04-08 16:09:39,166 - DEBUG - 执行AGV分配局部搜索，当前完工时间: 1670.00
2025-04-08 16:09:39,171 - DEBUG - 局部搜索未能改进当前解
2025-04-08 16:09:39,175 - DEBUG - 执行AGV分配局部搜索，当前完工时间: 1683.00
2025-04-08 16:09:39,179 - DEBUG - AGV分配局部搜索成功！完工时间从 1683.00 降低到 1654.00，改进: 29.00 (1.72%)
2025-04-08 16:09:39,183 - DEBUG - 执行AGV分配局部搜索，当前完工时间: 1628.00
2025-04-08 16:09:39,186 - DEBUG - AGV分配局部搜索成功！完工时间从 1628.00 降低到 1626.00，改进: 2.00 (0.12%)
2025-04-08 16:09:39,190 - DEBUG - 执行AGV分配局部搜索，当前完工时间: 1662.00
2025-04-08 16:09:39,193 - DEBUG - 局部搜索未能改进当前解
2025-04-08 16:09:39,197 - DEBUG - 执行AGV分配局部搜索，当前完工时间: 1665.00
2025-04-08 16:09:39,200 - DEBUG - 局部搜索未能改进当前解
2025-04-08 16:09:39,205 - DEBUG - 执行AGV分配局部搜索，当前完工时间: 1663.00
2025-04-08 16:09:39,208 - DEBUG - 局部搜索未能改进当前解
2025-04-08 16:09:39,212 - DEBUG - 执行AGV分配局部搜索，当前完工时间: 1639.00
2025-04-08 16:09:39,215 - DEBUG - 局部搜索未能改进当前解
2025-04-08 16:09:39,219 - DEBUG - 执行AGV分配局部搜索，当前完工时间: 1673.00
2025-04-08 16:09:39,223 - DEBUG - 局部搜索未能改进当前解
2025-04-08 16:09:39,225 - DEBUG - 执行AGV分配局部搜索，当前完工时间: 1664.00
2025-04-08 16:09:39,230 - DEBUG - 局部搜索未能改进当前解
2025-04-08 16:09:39,234 - DEBUG - 执行AGV分配局部搜索，当前完工时间: 1686.00
2025-04-08 16:09:39,237 - DEBUG - 局部搜索未能改进当前解
2025-04-08 16:09:39,241 - DEBUG - 执行AGV分配局部搜索，当前完工时间: 1681.00
2025-04-08 16:09:39,244 - DEBUG - 局部搜索未能改进当前解
2025-04-08 16:09:39,248 - DEBUG - 执行AGV分配局部搜索，当前完工时间: 1714.00
2025-04-08 16:09:39,252 - DEBUG - 局部搜索未能改进当前解
2025-04-08 16:09:39,255 - DEBUG - 执行AGV分配局部搜索，当前完工时间: 1759.00
2025-04-08 16:09:39,259 - DEBUG - AGV分配局部搜索成功！完工时间从 1759.00 降低到 1741.00，改进: 18.00 (1.02%)
2025-04-08 16:09:39,263 - DEBUG - 执行AGV分配局部搜索，当前完工时间: 1649.00
2025-04-08 16:09:39,267 - DEBUG - AGV分配局部搜索成功！完工时间从 1649.00 降低到 1635.00，改进: 14.00 (0.85%)
2025-04-08 16:09:39,269 - DEBUG - 执行AGV分配局部搜索，当前完工时间: 1632.00
2025-04-08 16:09:39,273 - DEBUG - 局部搜索未能改进当前解
2025-04-08 16:09:39,277 - DEBUG - 执行AGV分配局部搜索，当前完工时间: 1749.00
2025-04-08 16:09:39,280 - DEBUG - 局部搜索未能改进当前解
2025-04-08 16:09:39,283 - DEBUG - 执行AGV分配局部搜索，当前完工时间: 1758.00
2025-04-08 16:09:39,287 - DEBUG - AGV分配局部搜索成功！完工时间从 1758.00 降低到 1729.00，改进: 29.00 (1.65%)
2025-04-08 16:09:39,292 - DEBUG - 执行AGV分配局部搜索，当前完工时间: 1711.00
2025-04-08 16:09:39,295 - DEBUG - 局部搜索未能改进当前解
2025-04-08 16:09:39,299 - DEBUG - 执行AGV分配局部搜索，当前完工时间: 1679.00
2025-04-08 16:09:39,303 - DEBUG - 局部搜索未能改进当前解
2025-04-08 16:09:39,306 - DEBUG - 执行AGV分配局部搜索，当前完工时间: 1737.00
2025-04-08 16:09:39,310 - DEBUG - 局部搜索未能改进当前解
2025-04-08 16:09:39,312 - DEBUG - 执行AGV分配局部搜索，当前完工时间: 1776.00
2025-04-08 16:09:39,317 - DEBUG - 局部搜索未能改进当前解
2025-04-08 16:09:39,320 - DEBUG - 执行AGV分配局部搜索，当前完工时间: 1737.00
2025-04-08 16:09:39,324 - DEBUG - 局部搜索未能改进当前解
2025-04-08 16:09:39,329 - DEBUG - 执行AGV分配局部搜索，当前完工时间: 1681.00
2025-04-08 16:09:39,333 - DEBUG - 局部搜索未能改进当前解
2025-04-08 16:09:39,336 - DEBUG - 执行AGV分配局部搜索，当前完工时间: 1661.00
2025-04-08 16:09:39,340 - DEBUG - 局部搜索未能改进当前解
2025-04-08 16:09:39,343 - DEBUG - 执行AGV分配局部搜索，当前完工时间: 1621.00
2025-04-08 16:09:39,347 - DEBUG - 局部搜索未能改进当前解
2025-04-08 16:09:39,350 - DEBUG - 执行AGV分配局部搜索，当前完工时间: 1658.00
2025-04-08 16:09:39,353 - DEBUG - 局部搜索未能改进当前解
2025-04-08 16:09:39,357 - DEBUG - 执行AGV分配局部搜索，当前完工时间: 1703.00
2025-04-08 16:09:39,361 - DEBUG - AGV分配局部搜索成功！完工时间从 1703.00 降低到 1690.00，改进: 13.00 (0.76%)
2025-04-08 16:09:39,364 - DEBUG - 执行AGV分配局部搜索，当前完工时间: 1643.00
2025-04-08 16:09:39,368 - DEBUG - 局部搜索未能改进当前解
2025-04-08 16:09:39,372 - DEBUG - 执行AGV分配局部搜索，当前完工时间: 1654.00
2025-04-08 16:09:39,375 - DEBUG - 局部搜索未能改进当前解
2025-04-08 16:09:39,379 - DEBUG - 执行AGV分配局部搜索，当前完工时间: 1748.00
2025-04-08 16:09:39,383 - DEBUG - 局部搜索未能改进当前解
2025-04-08 16:09:39,386 - DEBUG - 执行AGV分配局部搜索，当前完工时间: 1772.00
2025-04-08 16:09:39,390 - DEBUG - 局部搜索未能改进当前解
2025-04-08 16:09:39,394 - DEBUG - 执行AGV分配局部搜索，当前完工时间: 1655.00
2025-04-08 16:09:39,397 - DEBUG - 局部搜索未能改进当前解
2025-04-08 16:09:39,401 - DEBUG - 执行AGV分配局部搜索，当前完工时间: 1768.00
2025-04-08 16:09:39,405 - DEBUG - 局部搜索未能改进当前解
2025-04-08 16:09:39,409 - DEBUG - 执行AGV分配局部搜索，当前完工时间: 1651.00
2025-04-08 16:09:39,412 - DEBUG - 局部搜索未能改进当前解
2025-04-08 16:09:39,417 - DEBUG - 执行AGV分配局部搜索，当前完工时间: 1765.00
2025-04-08 16:09:39,420 - DEBUG - 局部搜索未能改进当前解
2025-04-08 16:09:39,424 - DEBUG - 执行AGV分配局部搜索，当前完工时间: 1649.00
2025-04-08 16:09:39,428 - DEBUG - AGV分配局部搜索成功！完工时间从 1649.00 降低到 1648.00，改进: 1.00 (0.06%)
2025-04-08 16:09:39,428 - DEBUG - ==================================================
2025-04-08 16:09:39,428 - DEBUG - Efficiency Statistics of Local Search :
2025-04-08 16:09:39,428 - DEBUG - Number of attempts: 99
2025-04-08 16:09:39,428 - DEBUG - Average Success Rate: 9.09%
2025-04-08 16:09:39,428 - DEBUG - AGV Local Search Success: 9，Average Improvement: 15.44
2025-04-08 16:09:39,432 - DEBUG - 执行AGV分配局部搜索，当前完工时间: 1695.00
2025-04-08 16:09:39,435 - DEBUG - 局部搜索未能改进当前解
2025-04-08 16:09:39,440 - DEBUG - 执行AGV分配局部搜索，当前完工时间: 1639.00
2025-04-08 16:09:39,443 - DEBUG - 局部搜索未能改进当前解
2025-04-08 16:09:39,447 - DEBUG - 执行AGV分配局部搜索，当前完工时间: 1653.00
2025-04-08 16:09:39,450 - DEBUG - 局部搜索未能改进当前解
2025-04-08 16:09:39,454 - DEBUG - 执行AGV分配局部搜索，当前完工时间: 1723.00
2025-04-08 16:09:39,458 - DEBUG - 局部搜索未能改进当前解
2025-04-08 16:09:39,462 - DEBUG - 执行AGV分配局部搜索，当前完工时间: 1670.00
2025-04-08 16:09:39,465 - DEBUG - AGV分配局部搜索成功！完工时间从 1670.00 降低到 1660.00，改进: 10.00 (0.60%)
2025-04-08 16:09:39,469 - DEBUG - 执行AGV分配局部搜索，当前完工时间: 1659.00
2025-04-08 16:09:39,473 - DEBUG - 局部搜索未能改进当前解
2025-04-08 16:09:39,477 - DEBUG - 执行AGV分配局部搜索，当前完工时间: 1680.00
2025-04-08 16:09:39,480 - DEBUG - 局部搜索未能改进当前解
2025-04-08 16:09:39,484 - DEBUG - 执行AGV分配局部搜索，当前完工时间: 1697.00
2025-04-08 16:09:39,488 - DEBUG - 局部搜索未能改进当前解
2025-04-08 16:09:39,492 - DEBUG - 执行AGV分配局部搜索，当前完工时间: 1632.00
2025-04-08 16:09:39,495 - DEBUG - 局部搜索未能改进当前解
2025-04-08 16:09:39,499 - DEBUG - 执行AGV分配局部搜索，当前完工时间: 1640.00
2025-04-08 16:09:39,503 - DEBUG - 局部搜索未能改进当前解
2025-04-08 16:09:39,507 - DEBUG - 执行AGV分配局部搜索，当前完工时间: 1659.00
2025-04-08 16:09:39,510 - DEBUG - 局部搜索未能改进当前解
2025-04-08 16:09:39,514 - DEBUG - 执行AGV分配局部搜索，当前完工时间: 1714.00
2025-04-08 16:09:39,518 - DEBUG - 局部搜索未能改进当前解
2025-04-08 16:09:39,522 - DEBUG - 执行AGV分配局部搜索，当前完工时间: 1699.00
2025-04-08 16:09:39,525 - DEBUG - AGV分配局部搜索成功！完工时间从 1699.00 降低到 1695.00，改进: 4.00 (0.24%)
2025-04-08 16:09:39,529 - DEBUG - 执行AGV分配局部搜索，当前完工时间: 1819.00
2025-04-08 16:09:39,533 - DEBUG - AGV分配局部搜索成功！完工时间从 1819.00 降低到 1812.00，改进: 7.00 (0.38%)
2025-04-08 16:09:39,537 - DEBUG - 执行AGV分配局部搜索，当前完工时间: 1688.00
2025-04-08 16:09:39,540 - DEBUG - 局部搜索未能改进当前解
2025-04-08 16:09:39,545 - DEBUG - 执行AGV分配局部搜索，当前完工时间: 1681.00
2025-04-08 16:09:39,548 - DEBUG - 局部搜索未能改进当前解
2025-04-08 16:09:39,551 - DEBUG - 执行AGV分配局部搜索，当前完工时间: 1632.00
2025-04-08 16:09:39,554 - DEBUG - 局部搜索未能改进当前解
2025-04-08 16:09:39,559 - DEBUG - 执行AGV分配局部搜索，当前完工时间: 1668.00
2025-04-08 16:09:39,562 - DEBUG - 局部搜索未能改进当前解
2025-04-08 16:09:39,566 - DEBUG - 执行AGV分配局部搜索，当前完工时间: 1723.00
2025-04-08 16:09:39,570 - DEBUG - 局部搜索未能改进当前解
2025-04-08 16:09:39,574 - DEBUG - 执行AGV分配局部搜索，当前完工时间: 1652.00
2025-04-08 16:09:39,576 - DEBUG - 局部搜索未能改进当前解
2025-04-08 16:09:39,581 - DEBUG - 执行AGV分配局部搜索，当前完工时间: 1642.00
2025-04-08 16:09:39,585 - DEBUG - 局部搜索未能改进当前解
2025-04-08 16:09:39,588 - DEBUG - 执行AGV分配局部搜索，当前完工时间: 1649.00
2025-04-08 16:09:39,592 - DEBUG - 局部搜索未能改进当前解
2025-04-08 16:09:39,595 - DEBUG - 执行AGV分配局部搜索，当前完工时间: 1673.00
2025-04-08 16:09:39,599 - DEBUG - 局部搜索未能改进当前解
2025-04-08 16:09:39,603 - DEBUG - 执行AGV分配局部搜索，当前完工时间: 1614.00
2025-04-08 16:09:39,606 - DEBUG - 局部搜索未能改进当前解
2025-04-08 16:09:39,609 - DEBUG - 执行AGV分配局部搜索，当前完工时间: 1628.00
2025-04-08 16:09:39,613 - DEBUG - 局部搜索未能改进当前解
2025-04-08 16:09:39,618 - DEBUG - 执行AGV分配局部搜索，当前完工时间: 1694.00
2025-04-08 16:09:39,621 - DEBUG - 局部搜索未能改进当前解
2025-04-08 16:09:39,625 - DEBUG - 执行AGV分配局部搜索，当前完工时间: 1783.00
2025-04-08 16:09:39,629 - DEBUG - 局部搜索未能改进当前解
2025-04-08 16:09:39,632 - DEBUG - 执行AGV分配局部搜索，当前完工时间: 1698.00
2025-04-08 16:09:39,635 - DEBUG - AGV分配局部搜索成功！完工时间从 1698.00 降低到 1662.00，改进: 36.00 (2.12%)
2025-04-08 16:09:39,640 - DEBUG - 执行AGV分配局部搜索，当前完工时间: 1757.00
2025-04-08 16:09:39,643 - DEBUG - 局部搜索未能改进当前解
2025-04-08 16:09:39,647 - DEBUG - 执行AGV分配局部搜索，当前完工时间: 1696.00
2025-04-08 16:09:39,651 - DEBUG - 局部搜索未能改进当前解
2025-04-08 16:09:39,654 - DEBUG - 执行AGV分配局部搜索，当前完工时间: 1694.00
2025-04-08 16:09:39,657 - DEBUG - 局部搜索未能改进当前解
2025-04-08 16:09:39,662 - DEBUG - 执行AGV分配局部搜索，当前完工时间: 1660.00
2025-04-08 16:09:39,665 - DEBUG - 局部搜索未能改进当前解
2025-04-08 16:09:39,669 - DEBUG - 执行AGV分配局部搜索，当前完工时间: 1636.00
2025-04-08 16:09:39,672 - DEBUG - 局部搜索未能改进当前解
2025-04-08 16:09:39,676 - DEBUG - 执行AGV分配局部搜索，当前完工时间: 1648.00
2025-04-08 16:09:39,680 - DEBUG - 局部搜索未能改进当前解
2025-04-08 16:09:39,683 - DEBUG - 执行AGV分配局部搜索，当前完工时间: 1662.00
2025-04-08 16:09:39,687 - DEBUG - 局部搜索未能改进当前解
2025-04-08 16:09:39,691 - DEBUG - 执行AGV分配局部搜索，当前完工时间: 1639.00
2025-04-08 16:09:39,694 - DEBUG - 局部搜索未能改进当前解
2025-04-08 16:09:39,697 - DEBUG - 执行AGV分配局部搜索，当前完工时间: 1648.00
2025-04-08 16:09:39,701 - DEBUG - 局部搜索未能改进当前解
2025-04-08 16:09:39,705 - DEBUG - 执行AGV分配局部搜索，当前完工时间: 1669.00
2025-04-08 16:09:39,708 - DEBUG - 局部搜索未能改进当前解
2025-04-08 16:09:39,712 - DEBUG - 执行AGV分配局部搜索，当前完工时间: 1640.00
2025-04-08 16:09:39,716 - DEBUG - 局部搜索未能改进当前解
2025-04-08 16:09:39,720 - DEBUG - 执行AGV分配局部搜索，当前完工时间: 1720.00
2025-04-08 16:09:39,724 - DEBUG - 局部搜索未能改进当前解
2025-04-08 16:09:39,728 - DEBUG - 执行AGV分配局部搜索，当前完工时间: 1680.00
2025-04-08 16:09:39,731 - DEBUG - 局部搜索未能改进当前解
2025-04-08 16:09:39,734 - DEBUG - 执行AGV分配局部搜索，当前完工时间: 1627.00
2025-04-08 16:09:39,738 - DEBUG - 局部搜索未能改进当前解
2025-04-08 16:09:39,742 - DEBUG - 执行AGV分配局部搜索，当前完工时间: 1700.00
2025-04-08 16:09:39,745 - DEBUG - 局部搜索未能改进当前解
2025-04-08 16:09:39,748 - DEBUG - 执行AGV分配局部搜索，当前完工时间: 1686.00
2025-04-08 16:09:39,753 - DEBUG - 局部搜索未能改进当前解
2025-04-08 16:09:39,757 - DEBUG - 执行AGV分配局部搜索，当前完工时间: 1685.00
2025-04-08 16:09:39,762 - DEBUG - 局部搜索未能改进当前解
2025-04-08 16:09:39,765 - DEBUG - 执行AGV分配局部搜索，当前完工时间: 1756.00
2025-04-08 16:09:39,769 - DEBUG - 局部搜索未能改进当前解
2025-04-08 16:09:39,772 - DEBUG - 执行AGV分配局部搜索，当前完工时间: 1716.00
2025-04-08 16:09:39,775 - DEBUG - 局部搜索未能改进当前解
2025-04-08 16:09:39,780 - DEBUG - 执行AGV分配局部搜索，当前完工时间: 1617.00
2025-04-08 16:09:39,783 - DEBUG - 局部搜索未能改进当前解
2025-04-08 16:09:39,787 - DEBUG - 执行AGV分配局部搜索，当前完工时间: 1690.00
2025-04-08 16:09:39,791 - DEBUG - 局部搜索未能改进当前解
2025-04-08 16:09:39,794 - DEBUG - 执行AGV分配局部搜索，当前完工时间: 1656.00
2025-04-08 16:09:39,798 - DEBUG - 局部搜索未能改进当前解
2025-04-08 16:09:39,802 - DEBUG - 执行AGV分配局部搜索，当前完工时间: 1652.00
2025-04-08 16:09:39,805 - DEBUG - 局部搜索未能改进当前解
2025-04-08 16:09:39,809 - DEBUG - 执行AGV分配局部搜索，当前完工时间: 1648.00
2025-04-08 16:09:39,812 - DEBUG - 局部搜索未能改进当前解
2025-04-08 16:09:39,816 - DEBUG - 执行AGV分配局部搜索，当前完工时间: 1837.00
2025-04-08 16:09:39,820 - DEBUG - 局部搜索未能改进当前解
2025-04-08 16:09:39,823 - DEBUG - 执行AGV分配局部搜索，当前完工时间: 1688.00
2025-04-08 16:09:39,826 - DEBUG - AGV分配局部搜索成功！完工时间从 1688.00 降低到 1686.00，改进: 2.00 (0.12%)
2025-04-08 16:09:39,831 - DEBUG - 执行AGV分配局部搜索，当前完工时间: 1632.00
2025-04-08 16:09:39,834 - DEBUG - 局部搜索未能改进当前解
2025-04-08 16:09:39,837 - DEBUG - 执行AGV分配局部搜索，当前完工时间: 1693.00
2025-04-08 16:09:39,842 - DEBUG - 局部搜索未能改进当前解
2025-04-08 16:09:39,845 - DEBUG - 执行AGV分配局部搜索，当前完工时间: 1684.00
2025-04-08 16:09:39,848 - DEBUG - 局部搜索未能改进当前解
2025-04-08 16:09:39,853 - DEBUG - 执行AGV分配局部搜索，当前完工时间: 1628.00
2025-04-08 16:09:39,856 - DEBUG - 局部搜索未能改进当前解
2025-04-08 16:09:39,860 - DEBUG - 执行AGV分配局部搜索，当前完工时间: 1638.00
2025-04-08 16:09:39,862 - DEBUG - 局部搜索未能改进当前解
2025-04-08 16:09:39,867 - DEBUG - 执行AGV分配局部搜索，当前完工时间: 1706.00
2025-04-08 16:09:39,870 - DEBUG - 局部搜索未能改进当前解
2025-04-08 16:09:39,874 - DEBUG - 执行AGV分配局部搜索，当前完工时间: 1699.00
2025-04-08 16:09:39,878 - DEBUG - 局部搜索未能改进当前解
2025-04-08 16:09:39,882 - DEBUG - 执行AGV分配局部搜索，当前完工时间: 1747.00
2025-04-08 16:09:39,885 - DEBUG - AGV分配局部搜索成功！完工时间从 1747.00 降低到 1728.00，改进: 19.00 (1.09%)
2025-04-08 16:09:39,888 - DEBUG - 执行AGV分配局部搜索，当前完工时间: 1774.00
2025-04-08 16:09:39,892 - DEBUG - AGV分配局部搜索成功！完工时间从 1774.00 降低到 1732.00，改进: 42.00 (2.37%)
2025-04-08 16:09:39,895 - DEBUG - 执行AGV分配局部搜索，当前完工时间: 1776.00
2025-04-08 16:09:39,899 - DEBUG - 局部搜索未能改进当前解
2025-04-08 16:09:39,903 - DEBUG - 执行AGV分配局部搜索，当前完工时间: 1618.00
2025-04-08 16:09:39,906 - DEBUG - 局部搜索未能改进当前解
2025-04-08 16:09:39,910 - DEBUG - 执行AGV分配局部搜索，当前完工时间: 1654.00
2025-04-08 16:09:39,914 - DEBUG - 局部搜索未能改进当前解
2025-04-08 16:09:39,918 - DEBUG - 执行AGV分配局部搜索，当前完工时间: 1690.00
2025-04-08 16:09:39,921 - DEBUG - 局部搜索未能改进当前解
2025-04-08 16:09:39,925 - DEBUG - 执行AGV分配局部搜索，当前完工时间: 1733.00
2025-04-08 16:09:39,929 - DEBUG - AGV分配局部搜索成功！完工时间从 1733.00 降低到 1729.00，改进: 4.00 (0.23%)
2025-04-08 16:09:39,932 - DEBUG - 执行AGV分配局部搜索，当前完工时间: 1712.00
2025-04-08 16:09:39,936 - DEBUG - 局部搜索未能改进当前解
2025-04-08 16:09:39,940 - DEBUG - 执行AGV分配局部搜索，当前完工时间: 1648.00
2025-04-08 16:09:39,943 - DEBUG - 局部搜索未能改进当前解
2025-04-08 16:09:39,946 - DEBUG - 执行AGV分配局部搜索，当前完工时间: 1618.00
2025-04-08 16:09:39,950 - DEBUG - 局部搜索未能改进当前解
2025-04-08 16:09:39,955 - DEBUG - 执行AGV分配局部搜索，当前完工时间: 1662.00
2025-04-08 16:09:39,958 - DEBUG - 局部搜索未能改进当前解
2025-04-08 16:09:39,962 - DEBUG - 执行AGV分配局部搜索，当前完工时间: 1632.00
2025-04-08 16:09:39,966 - DEBUG - 局部搜索未能改进当前解
2025-04-08 16:09:39,969 - DEBUG - 执行AGV分配局部搜索，当前完工时间: 1629.00
2025-04-08 16:09:39,972 - DEBUG - 局部搜索未能改进当前解
2025-04-08 16:09:39,976 - DEBUG - 执行AGV分配局部搜索，当前完工时间: 1888.00
2025-04-08 16:09:39,980 - DEBUG - 局部搜索未能改进当前解
2025-04-08 16:09:39,984 - DEBUG - 执行AGV分配局部搜索，当前完工时间: 1630.00
2025-04-08 16:09:39,987 - DEBUG - 局部搜索未能改进当前解
2025-04-08 16:09:39,991 - DEBUG - 执行AGV分配局部搜索，当前完工时间: 1657.00
2025-04-08 16:09:39,994 - DEBUG - 局部搜索未能改进当前解
2025-04-08 16:09:39,999 - DEBUG - 执行AGV分配局部搜索，当前完工时间: 1647.00
2025-04-08 16:09:40,002 - DEBUG - 局部搜索未能改进当前解
2025-04-08 16:09:40,006 - DEBUG - 执行AGV分配局部搜索，当前完工时间: 1740.00
2025-04-08 16:09:40,009 - DEBUG - 局部搜索未能改进当前解
2025-04-08 16:09:40,013 - DEBUG - 执行AGV分配局部搜索，当前完工时间: 1672.00
2025-04-08 16:09:40,017 - DEBUG - 局部搜索未能改进当前解
2025-04-08 16:09:40,020 - DEBUG - 执行AGV分配局部搜索，当前完工时间: 1663.00
2025-04-08 16:09:40,024 - DEBUG - 局部搜索未能改进当前解
2025-04-08 16:09:40,028 - DEBUG - 执行AGV分配局部搜索，当前完工时间: 1698.00
2025-04-08 16:09:40,032 - DEBUG - 局部搜索未能改进当前解
2025-04-08 16:09:40,035 - DEBUG - 执行AGV分配局部搜索，当前完工时间: 1677.00
2025-04-08 16:09:40,039 - DEBUG - 局部搜索未能改进当前解
2025-04-08 16:09:40,043 - DEBUG - 执行AGV分配局部搜索，当前完工时间: 1616.00
2025-04-08 16:09:40,046 - DEBUG - 局部搜索未能改进当前解
2025-04-08 16:09:40,049 - DEBUG - 执行AGV分配局部搜索，当前完工时间: 1760.00
2025-04-08 16:09:40,054 - DEBUG - 局部搜索未能改进当前解
2025-04-08 16:09:40,057 - DEBUG - 执行AGV分配局部搜索，当前完工时间: 1801.00
2025-04-08 16:09:40,060 - DEBUG - AGV分配局部搜索成功！完工时间从 1801.00 降低到 1763.00，改进: 38.00 (2.11%)
2025-04-08 16:09:40,064 - DEBUG - 执行AGV分配局部搜索，当前完工时间: 1877.00
2025-04-08 16:09:40,068 - DEBUG - 局部搜索未能改进当前解
2025-04-08 16:09:40,073 - DEBUG - 执行AGV分配局部搜索，当前完工时间: 1653.00
2025-04-08 16:09:40,077 - DEBUG - 局部搜索未能改进当前解
2025-04-08 16:09:40,080 - DEBUG - 执行AGV分配局部搜索，当前完工时间: 1686.00
2025-04-08 16:09:40,084 - DEBUG - 局部搜索未能改进当前解
2025-04-08 16:09:40,087 - DEBUG - 执行AGV分配局部搜索，当前完工时间: 1746.00
2025-04-08 16:09:40,092 - DEBUG - 局部搜索未能改进当前解
2025-04-08 16:09:40,096 - DEBUG - 执行AGV分配局部搜索，当前完工时间: 1662.00
2025-04-08 16:09:40,099 - DEBUG - 局部搜索未能改进当前解
2025-04-08 16:09:40,103 - DEBUG - 执行AGV分配局部搜索，当前完工时间: 1699.00
2025-04-08 16:09:40,107 - DEBUG - 局部搜索未能改进当前解
2025-04-08 16:09:40,109 - DEBUG - 执行AGV分配局部搜索，当前完工时间: 1655.00
2025-04-08 16:09:40,114 - DEBUG - 局部搜索未能改进当前解
2025-04-08 16:09:40,118 - DEBUG - 执行AGV分配局部搜索，当前完工时间: 1620.00
2025-04-08 16:09:40,120 - DEBUG - 局部搜索未能改进当前解
2025-04-08 16:09:40,125 - DEBUG - 执行AGV分配局部搜索，当前完工时间: 1765.00
2025-04-08 16:09:40,129 - DEBUG - 局部搜索未能改进当前解
2025-04-08 16:09:40,133 - DEBUG - 执行AGV分配局部搜索，当前完工时间: 1735.00
2025-04-08 16:09:40,136 - DEBUG - 局部搜索未能改进当前解
2025-04-08 16:09:40,140 - DEBUG - 执行AGV分配局部搜索，当前完工时间: 1726.00
2025-04-08 16:09:40,144 - DEBUG - 局部搜索未能改进当前解
2025-04-08 16:09:40,147 - DEBUG - 执行AGV分配局部搜索，当前完工时间: 1651.00
2025-04-08 16:09:40,152 - DEBUG - 局部搜索未能改进当前解
2025-04-08 16:09:40,155 - DEBUG - 执行AGV分配局部搜索，当前完工时间: 1723.00
2025-04-08 16:09:40,160 - DEBUG - 局部搜索未能改进当前解
2025-04-08 16:09:40,160 - DEBUG - ==================================================
2025-04-08 16:09:40,160 - DEBUG - Efficiency Statistics of Local Search :
2025-04-08 16:09:40,160 - DEBUG - Number of attempts: 99
2025-04-08 16:09:40,160 - DEBUG - Average Success Rate: 9.09%
2025-04-08 16:09:40,160 - DEBUG - AGV Local Search Success: 9，Average Improvement: 18.00
2025-04-08 16:09:40,165 - DEBUG - 执行AGV分配局部搜索，当前完工时间: 1616.00
2025-04-08 16:09:40,170 - DEBUG - 局部搜索未能改进当前解
2025-04-08 16:09:40,175 - DEBUG - 执行AGV分配局部搜索，当前完工时间: 1732.00
2025-04-08 16:09:40,179 - DEBUG - 局部搜索未能改进当前解
2025-04-08 16:09:40,183 - DEBUG - 执行AGV分配局部搜索，当前完工时间: 1618.00
2025-04-08 16:09:40,186 - DEBUG - 局部搜索未能改进当前解
2025-04-08 16:09:40,191 - DEBUG - 执行AGV分配局部搜索，当前完工时间: 1690.00
2025-04-08 16:09:40,194 - DEBUG - 局部搜索未能改进当前解
2025-04-08 16:09:40,198 - DEBUG - 执行AGV分配局部搜索，当前完工时间: 1800.00
2025-04-08 16:09:40,201 - DEBUG - 局部搜索未能改进当前解
2025-04-08 16:09:40,205 - DEBUG - 执行AGV分配局部搜索，当前完工时间: 1684.00
2025-04-08 16:09:40,209 - DEBUG - 局部搜索未能改进当前解
2025-04-08 16:09:40,212 - DEBUG - 执行AGV分配局部搜索，当前完工时间: 1640.00
2025-04-08 16:09:40,216 - DEBUG - 局部搜索未能改进当前解
2025-04-08 16:09:40,220 - DEBUG - 执行AGV分配局部搜索，当前完工时间: 1653.00
2025-04-08 16:09:40,223 - DEBUG - 局部搜索未能改进当前解
2025-04-08 16:09:40,226 - DEBUG - 执行AGV分配局部搜索，当前完工时间: 1635.00
2025-04-08 16:09:40,231 - DEBUG - 局部搜索未能改进当前解
2025-04-08 16:09:40,235 - DEBUG - 执行AGV分配局部搜索，当前完工时间: 1791.00
2025-04-08 16:09:40,239 - DEBUG - 局部搜索未能改进当前解
2025-04-08 16:09:40,242 - DEBUG - 执行AGV分配局部搜索，当前完工时间: 1622.00
2025-04-08 16:09:40,246 - DEBUG - 局部搜索未能改进当前解
2025-04-08 16:09:40,250 - DEBUG - 执行AGV分配局部搜索，当前完工时间: 1644.00
2025-04-08 16:09:40,253 - DEBUG - 局部搜索未能改进当前解
2025-04-08 16:09:40,257 - DEBUG - 执行AGV分配局部搜索，当前完工时间: 1643.00
2025-04-08 16:09:40,261 - DEBUG - 局部搜索未能改进当前解
2025-04-08 16:09:40,265 - DEBUG - 执行AGV分配局部搜索，当前完工时间: 1630.00
2025-04-08 16:09:40,269 - DEBUG - 局部搜索未能改进当前解
2025-04-08 16:09:40,273 - DEBUG - 执行AGV分配局部搜索，当前完工时间: 1712.00
2025-04-08 16:09:40,276 - DEBUG - 局部搜索未能改进当前解
2025-04-08 16:09:40,280 - DEBUG - 执行AGV分配局部搜索，当前完工时间: 1607.00
2025-04-08 16:09:40,284 - DEBUG - 局部搜索未能改进当前解
2025-04-08 16:09:40,287 - DEBUG - 执行AGV分配局部搜索，当前完工时间: 1779.00
2025-04-08 16:09:40,290 - DEBUG - 局部搜索未能改进当前解
2025-04-08 16:09:40,295 - DEBUG - 执行AGV分配局部搜索，当前完工时间: 1652.00
2025-04-08 16:09:40,299 - DEBUG - 局部搜索未能改进当前解
2025-04-08 16:09:40,303 - DEBUG - 执行AGV分配局部搜索，当前完工时间: 1708.00
2025-04-08 16:09:40,306 - DEBUG - 局部搜索未能改进当前解
2025-04-08 16:09:40,310 - DEBUG - 执行AGV分配局部搜索，当前完工时间: 1649.00
2025-04-08 16:09:40,314 - DEBUG - 局部搜索未能改进当前解
2025-04-08 16:09:40,318 - DEBUG - 执行AGV分配局部搜索，当前完工时间: 1663.00
2025-04-08 16:09:40,320 - DEBUG - 局部搜索未能改进当前解
2025-04-08 16:09:40,324 - DEBUG - 执行AGV分配局部搜索，当前完工时间: 1692.00
2025-04-08 16:09:40,328 - DEBUG - 局部搜索未能改进当前解
2025-04-08 16:09:40,331 - DEBUG - 执行AGV分配局部搜索，当前完工时间: 1653.00
2025-04-08 16:09:40,334 - DEBUG - 局部搜索未能改进当前解
2025-04-08 16:09:40,338 - DEBUG - 执行AGV分配局部搜索，当前完工时间: 1636.00
2025-04-08 16:09:40,342 - DEBUG - 局部搜索未能改进当前解
2025-04-08 16:09:40,345 - DEBUG - 执行AGV分配局部搜索，当前完工时间: 1644.00
2025-04-08 16:09:40,349 - DEBUG - 局部搜索未能改进当前解
2025-04-08 16:09:40,353 - DEBUG - 执行AGV分配局部搜索，当前完工时间: 1734.00
2025-04-08 16:09:40,356 - DEBUG - 局部搜索未能改进当前解
2025-04-08 16:09:40,360 - DEBUG - 执行AGV分配局部搜索，当前完工时间: 1733.00
2025-04-08 16:09:40,364 - DEBUG - 局部搜索未能改进当前解
2025-04-08 16:09:40,368 - DEBUG - 执行AGV分配局部搜索，当前完工时间: 1830.00
2025-04-08 16:09:40,372 - DEBUG - 局部搜索未能改进当前解
2025-04-08 16:09:40,377 - DEBUG - 执行AGV分配局部搜索，当前完工时间: 1655.00
2025-04-08 16:09:40,380 - DEBUG - 局部搜索未能改进当前解
2025-04-08 16:09:40,384 - DEBUG - 执行AGV分配局部搜索，当前完工时间: 1689.00
2025-04-08 16:09:40,387 - DEBUG - 局部搜索未能改进当前解
2025-04-08 16:09:40,391 - DEBUG - 执行AGV分配局部搜索，当前完工时间: 1762.00
2025-04-08 16:09:40,395 - DEBUG - 局部搜索未能改进当前解
2025-04-08 16:09:40,399 - DEBUG - 执行AGV分配局部搜索，当前完工时间: 1652.00
2025-04-08 16:09:40,403 - DEBUG - 局部搜索未能改进当前解
2025-04-08 16:09:40,406 - DEBUG - 执行AGV分配局部搜索，当前完工时间: 1653.00
2025-04-08 16:09:40,409 - DEBUG - 局部搜索未能改进当前解
2025-04-08 16:09:40,413 - DEBUG - 执行AGV分配局部搜索，当前完工时间: 1672.00
2025-04-08 16:09:40,416 - DEBUG - 局部搜索未能改进当前解
2025-04-08 16:09:40,420 - DEBUG - 执行AGV分配局部搜索，当前完工时间: 1681.00
2025-04-08 16:09:40,424 - DEBUG - 局部搜索未能改进当前解
2025-04-08 16:09:40,428 - DEBUG - 执行AGV分配局部搜索，当前完工时间: 1644.00
2025-04-08 16:09:40,431 - DEBUG - AGV分配局部搜索成功！完工时间从 1644.00 降低到 1637.00，改进: 7.00 (0.43%)
2025-04-08 16:09:40,434 - DEBUG - 执行AGV分配局部搜索，当前完工时间: 1690.00
2025-04-08 16:09:40,439 - DEBUG - 局部搜索未能改进当前解
2025-04-08 16:09:40,442 - DEBUG - 执行AGV分配局部搜索，当前完工时间: 1703.00
2025-04-08 16:09:40,447 - DEBUG - 局部搜索未能改进当前解
2025-04-08 16:09:40,451 - DEBUG - 执行AGV分配局部搜索，当前完工时间: 1649.00
2025-04-08 16:09:40,455 - DEBUG - 局部搜索未能改进当前解
2025-04-08 16:09:40,458 - DEBUG - 执行AGV分配局部搜索，当前完工时间: 1637.00
2025-04-08 16:09:40,462 - DEBUG - 局部搜索未能改进当前解
2025-04-08 16:09:40,466 - DEBUG - 执行AGV分配局部搜索，当前完工时间: 1714.00
2025-04-08 16:09:40,469 - DEBUG - 局部搜索未能改进当前解
2025-04-08 16:09:40,472 - DEBUG - 执行AGV分配局部搜索，当前完工时间: 1673.00
2025-04-08 16:09:40,477 - DEBUG - AGV分配局部搜索成功！完工时间从 1673.00 降低到 1666.00，改进: 7.00 (0.42%)
2025-04-08 16:09:40,480 - DEBUG - 执行AGV分配局部搜索，当前完工时间: 1648.00
2025-04-08 16:09:40,484 - DEBUG - 局部搜索未能改进当前解
2025-04-08 16:09:40,487 - DEBUG - 执行AGV分配局部搜索，当前完工时间: 1630.00
2025-04-08 16:09:40,492 - DEBUG - 局部搜索未能改进当前解
2025-04-08 16:09:40,495 - DEBUG - 执行AGV分配局部搜索，当前完工时间: 1692.00
2025-04-08 16:09:40,499 - DEBUG - 局部搜索未能改进当前解
2025-04-08 16:09:40,502 - DEBUG - 执行AGV分配局部搜索，当前完工时间: 1614.00
2025-04-08 16:09:40,506 - DEBUG - 局部搜索未能改进当前解
2025-04-08 16:09:40,509 - DEBUG - 执行AGV分配局部搜索，当前完工时间: 1675.00
2025-04-08 16:09:40,512 - DEBUG - 局部搜索未能改进当前解
2025-04-08 16:09:40,517 - DEBUG - 执行AGV分配局部搜索，当前完工时间: 1803.00
2025-04-08 16:09:40,520 - DEBUG - 局部搜索未能改进当前解
2025-04-08 16:09:40,525 - DEBUG - 执行AGV分配局部搜索，当前完工时间: 1642.00
2025-04-08 16:09:40,528 - DEBUG - 局部搜索未能改进当前解
2025-04-08 16:09:40,531 - DEBUG - 执行AGV分配局部搜索，当前完工时间: 1660.00
2025-04-08 16:09:40,534 - DEBUG - AGV分配局部搜索成功！完工时间从 1660.00 降低到 1652.00，改进: 8.00 (0.48%)
2025-04-08 16:09:40,538 - DEBUG - 执行AGV分配局部搜索，当前完工时间: 1653.00
2025-04-08 16:09:40,542 - DEBUG - 局部搜索未能改进当前解
2025-04-08 16:09:40,546 - DEBUG - 执行AGV分配局部搜索，当前完工时间: 1700.00
2025-04-08 16:09:40,548 - DEBUG - 局部搜索未能改进当前解
2025-04-08 16:09:40,552 - DEBUG - 执行AGV分配局部搜索，当前完工时间: 1690.00
2025-04-08 16:09:40,556 - DEBUG - 局部搜索未能改进当前解
2025-04-08 16:09:40,559 - DEBUG - 执行AGV分配局部搜索，当前完工时间: 1686.00
2025-04-08 16:09:40,562 - DEBUG - 局部搜索未能改进当前解
2025-04-08 16:09:40,566 - DEBUG - 执行AGV分配局部搜索，当前完工时间: 1619.00
2025-04-08 16:09:40,571 - DEBUG - 局部搜索未能改进当前解
2025-04-08 16:09:40,574 - DEBUG - 执行AGV分配局部搜索，当前完工时间: 1768.00
2025-04-08 16:09:40,578 - DEBUG - 局部搜索未能改进当前解
2025-04-08 16:09:40,582 - DEBUG - 执行AGV分配局部搜索，当前完工时间: 1676.00
2025-04-08 16:09:40,586 - DEBUG - 局部搜索未能改进当前解
2025-04-08 16:09:40,589 - DEBUG - 执行AGV分配局部搜索，当前完工时间: 1700.00
2025-04-08 16:09:40,592 - DEBUG - 局部搜索未能改进当前解
2025-04-08 16:09:40,595 - DEBUG - 执行AGV分配局部搜索，当前完工时间: 1609.00
2025-04-08 16:09:40,600 - DEBUG - 局部搜索未能改进当前解
2025-04-08 16:09:40,604 - DEBUG - 执行AGV分配局部搜索，当前完工时间: 1647.00
2025-04-08 16:09:40,607 - DEBUG - 局部搜索未能改进当前解
2025-04-08 16:09:40,611 - DEBUG - 执行AGV分配局部搜索，当前完工时间: 1639.00
2025-04-08 16:09:40,614 - DEBUG - 局部搜索未能改进当前解
2025-04-08 16:09:40,619 - DEBUG - 执行AGV分配局部搜索，当前完工时间: 1756.00
2025-04-08 16:09:40,622 - DEBUG - 局部搜索未能改进当前解
2025-04-08 16:09:40,625 - DEBUG - 执行AGV分配局部搜索，当前完工时间: 1672.00
2025-04-08 16:09:40,629 - DEBUG - 局部搜索未能改进当前解
2025-04-08 16:09:40,632 - DEBUG - 执行AGV分配局部搜索，当前完工时间: 1736.00
2025-04-08 16:09:40,637 - DEBUG - 局部搜索未能改进当前解
2025-04-08 16:09:40,641 - DEBUG - 执行AGV分配局部搜索，当前完工时间: 1667.00
2025-04-08 16:09:40,644 - DEBUG - 局部搜索未能改进当前解
2025-04-08 16:09:40,647 - DEBUG - 执行AGV分配局部搜索，当前完工时间: 1656.00
2025-04-08 16:09:40,652 - DEBUG - 局部搜索未能改进当前解
2025-04-08 16:09:40,656 - DEBUG - 执行AGV分配局部搜索，当前完工时间: 1790.00
2025-04-08 16:09:40,659 - DEBUG - 局部搜索未能改进当前解
2025-04-08 16:09:40,664 - DEBUG - 执行AGV分配局部搜索，当前完工时间: 1692.00
2025-04-08 16:09:40,667 - DEBUG - 局部搜索未能改进当前解
2025-04-08 16:09:40,670 - DEBUG - 执行AGV分配局部搜索，当前完工时间: 1636.00
2025-04-08 16:09:40,674 - DEBUG - 局部搜索未能改进当前解
2025-04-08 16:09:40,676 - DEBUG - 执行AGV分配局部搜索，当前完工时间: 1632.00
2025-04-08 16:09:40,681 - DEBUG - 局部搜索未能改进当前解
2025-04-08 16:09:40,684 - DEBUG - 执行AGV分配局部搜索，当前完工时间: 1680.00
2025-04-08 16:09:40,687 - DEBUG - 局部搜索未能改进当前解
2025-04-08 16:09:40,691 - DEBUG - 执行AGV分配局部搜索，当前完工时间: 1724.00
2025-04-08 16:09:40,694 - DEBUG - AGV分配局部搜索成功！完工时间从 1724.00 降低到 1721.00，改进: 3.00 (0.17%)
2025-04-08 16:09:40,699 - DEBUG - 执行AGV分配局部搜索，当前完工时间: 1723.00
2025-04-08 16:09:40,703 - DEBUG - 局部搜索未能改进当前解
2025-04-08 16:09:40,707 - DEBUG - 执行AGV分配局部搜索，当前完工时间: 1674.00
2025-04-08 16:09:40,709 - DEBUG - 局部搜索未能改进当前解
2025-04-08 16:09:40,713 - DEBUG - 执行AGV分配局部搜索，当前完工时间: 1708.00
2025-04-08 16:09:40,717 - DEBUG - AGV分配局部搜索成功！完工时间从 1708.00 降低到 1695.00，改进: 13.00 (0.76%)
2025-04-08 16:09:40,721 - DEBUG - 执行AGV分配局部搜索，当前完工时间: 1644.00
2025-04-08 16:09:40,725 - DEBUG - 局部搜索未能改进当前解
2025-04-08 16:09:40,729 - DEBUG - 执行AGV分配局部搜索，当前完工时间: 1661.00
2025-04-08 16:09:40,731 - DEBUG - 局部搜索未能改进当前解
2025-04-08 16:09:40,735 - DEBUG - 执行AGV分配局部搜索，当前完工时间: 1780.00
2025-04-08 16:09:40,739 - DEBUG - 局部搜索未能改进当前解
2025-04-08 16:09:40,743 - DEBUG - 执行AGV分配局部搜索，当前完工时间: 1747.00
2025-04-08 16:09:40,746 - DEBUG - 局部搜索未能改进当前解
2025-04-08 16:09:40,750 - DEBUG - 执行AGV分配局部搜索，当前完工时间: 1624.00
2025-04-08 16:09:40,754 - DEBUG - AGV分配局部搜索成功！完工时间从 1624.00 降低到 1619.00，改进: 5.00 (0.31%)
2025-04-08 16:09:40,756 - DEBUG - 执行AGV分配局部搜索，当前完工时间: 1683.00
2025-04-08 16:09:40,761 - DEBUG - 局部搜索未能改进当前解
2025-04-08 16:09:40,765 - DEBUG - 执行AGV分配局部搜索，当前完工时间: 1696.00
2025-04-08 16:09:40,769 - DEBUG - 局部搜索未能改进当前解
2025-04-08 16:09:40,772 - DEBUG - 执行AGV分配局部搜索，当前完工时间: 1686.00
2025-04-08 16:09:40,775 - DEBUG - 局部搜索未能改进当前解
2025-04-08 16:09:40,779 - DEBUG - 执行AGV分配局部搜索，当前完工时间: 1673.00
2025-04-08 16:09:40,783 - DEBUG - 局部搜索未能改进当前解
2025-04-08 16:09:40,786 - DEBUG - 执行AGV分配局部搜索，当前完工时间: 1714.00
2025-04-08 16:09:40,790 - DEBUG - 局部搜索未能改进当前解
2025-04-08 16:09:40,794 - DEBUG - 执行AGV分配局部搜索，当前完工时间: 1687.00
2025-04-08 16:09:40,797 - DEBUG - 局部搜索未能改进当前解
2025-04-08 16:09:40,801 - DEBUG - 执行AGV分配局部搜索，当前完工时间: 1740.00
2025-04-08 16:09:40,804 - DEBUG - 局部搜索未能改进当前解
2025-04-08 16:09:40,808 - DEBUG - 执行AGV分配局部搜索，当前完工时间: 1620.00
2025-04-08 16:09:40,812 - DEBUG - 局部搜索未能改进当前解
2025-04-08 16:09:40,815 - DEBUG - 执行AGV分配局部搜索，当前完工时间: 1632.00
2025-04-08 16:09:40,819 - DEBUG - 局部搜索未能改进当前解
2025-04-08 16:09:40,822 - DEBUG - 执行AGV分配局部搜索，当前完工时间: 1740.00
2025-04-08 16:09:40,826 - DEBUG - 局部搜索未能改进当前解
2025-04-08 16:09:40,830 - DEBUG - 执行AGV分配局部搜索，当前完工时间: 1657.00
2025-04-08 16:09:40,834 - DEBUG - 局部搜索未能改进当前解
2025-04-08 16:09:40,838 - DEBUG - 执行AGV分配局部搜索，当前完工时间: 1691.00
2025-04-08 16:09:40,841 - DEBUG - 局部搜索未能改进当前解
2025-04-08 16:09:40,845 - DEBUG - 执行AGV分配局部搜索，当前完工时间: 1749.00
2025-04-08 16:09:40,849 - DEBUG - 局部搜索未能改进当前解
2025-04-08 16:09:40,853 - DEBUG - 执行AGV分配局部搜索，当前完工时间: 1735.00
2025-04-08 16:09:40,857 - DEBUG - AGV分配局部搜索成功！完工时间从 1735.00 降低到 1716.00，改进: 19.00 (1.10%)
2025-04-08 16:09:40,861 - DEBUG - 执行AGV分配局部搜索，当前完工时间: 1649.00
2025-04-08 16:09:40,863 - DEBUG - 局部搜索未能改进当前解
2025-04-08 16:09:40,866 - DEBUG - 执行AGV分配局部搜索，当前完工时间: 1655.00
2025-04-08 16:09:40,870 - DEBUG - 局部搜索未能改进当前解
2025-04-08 16:09:40,875 - DEBUG - 执行AGV分配局部搜索，当前完工时间: 1632.00
2025-04-08 16:09:40,878 - DEBUG - 局部搜索未能改进当前解
2025-04-08 16:09:40,883 - DEBUG - 执行AGV分配局部搜索，当前完工时间: 1705.00
2025-04-08 16:09:40,886 - DEBUG - 局部搜索未能改进当前解
2025-04-08 16:09:40,890 - DEBUG - 执行AGV分配局部搜索，当前完工时间: 1710.00
2025-04-08 16:09:40,893 - DEBUG - 局部搜索未能改进当前解
2025-04-08 16:09:40,894 - DEBUG - ==================================================
2025-04-08 16:09:40,894 - DEBUG - Efficiency Statistics of Local Search :
2025-04-08 16:09:40,894 - DEBUG - Number of attempts: 99
2025-04-08 16:09:40,894 - DEBUG - Average Success Rate: 7.07%
2025-04-08 16:09:40,894 - DEBUG - AGV Local Search Success: 7，Average Improvement: 8.86
2025-04-08 16:09:40,898 - DEBUG - 执行AGV分配局部搜索，当前完工时间: 1710.00
2025-04-08 16:09:40,902 - DEBUG - 局部搜索未能改进当前解
2025-04-08 16:09:40,907 - DEBUG - 执行AGV分配局部搜索，当前完工时间: 1634.00
2025-04-08 16:09:40,911 - DEBUG - 局部搜索未能改进当前解
2025-04-08 16:09:40,914 - DEBUG - 执行AGV分配局部搜索，当前完工时间: 1791.00
2025-04-08 16:09:40,918 - DEBUG - AGV分配局部搜索成功！完工时间从 1791.00 降低到 1758.00，改进: 33.00 (1.84%)
2025-04-08 16:09:40,923 - DEBUG - 执行AGV分配局部搜索，当前完工时间: 1716.00
2025-04-08 16:09:40,927 - DEBUG - 局部搜索未能改进当前解
2025-04-08 16:09:40,930 - DEBUG - 执行AGV分配局部搜索，当前完工时间: 1655.00
2025-04-08 16:09:40,934 - DEBUG - 局部搜索未能改进当前解
2025-04-08 16:09:40,937 - DEBUG - 执行AGV分配局部搜索，当前完工时间: 1686.00
2025-04-08 16:09:40,941 - DEBUG - 局部搜索未能改进当前解
2025-04-08 16:09:40,945 - DEBUG - 执行AGV分配局部搜索，当前完工时间: 1706.00
2025-04-08 16:09:40,949 - DEBUG - 局部搜索未能改进当前解
2025-04-08 16:09:40,953 - DEBUG - 执行AGV分配局部搜索，当前完工时间: 1749.00
2025-04-08 16:09:40,956 - DEBUG - 局部搜索未能改进当前解
2025-04-08 16:09:40,959 - DEBUG - 执行AGV分配局部搜索，当前完工时间: 1707.00
2025-04-08 16:09:40,964 - DEBUG - 局部搜索未能改进当前解
2025-04-08 16:09:40,968 - DEBUG - 执行AGV分配局部搜索，当前完工时间: 1663.00
2025-04-08 16:09:40,972 - DEBUG - 局部搜索未能改进当前解
2025-04-08 16:09:40,975 - DEBUG - 执行AGV分配局部搜索，当前完工时间: 1652.00
2025-04-08 16:09:40,979 - DEBUG - 局部搜索未能改进当前解
2025-04-08 16:09:40,982 - DEBUG - 执行AGV分配局部搜索，当前完工时间: 1708.00
2025-04-08 16:09:40,986 - DEBUG - 局部搜索未能改进当前解
2025-04-08 16:09:40,990 - DEBUG - 执行AGV分配局部搜索，当前完工时间: 1655.00
2025-04-08 16:09:40,993 - DEBUG - 局部搜索未能改进当前解
2025-04-08 16:09:40,997 - DEBUG - 执行AGV分配局部搜索，当前完工时间: 1734.00
2025-04-08 16:09:41,000 - DEBUG - AGV分配局部搜索成功！完工时间从 1734.00 降低到 1712.00，改进: 22.00 (1.27%)
2025-04-08 16:09:41,004 - DEBUG - 执行AGV分配局部搜索，当前完工时间: 1630.00
2025-04-08 16:09:41,008 - DEBUG - 局部搜索未能改进当前解
2025-04-08 16:09:41,012 - DEBUG - 执行AGV分配局部搜索，当前完工时间: 1765.00
2025-04-08 16:09:41,016 - DEBUG - AGV分配局部搜索成功！完工时间从 1765.00 降低到 1756.00，改进: 9.00 (0.51%)
2025-04-08 16:09:41,020 - DEBUG - 执行AGV分配局部搜索，当前完工时间: 1707.00
2025-04-08 16:09:41,022 - DEBUG - 局部搜索未能改进当前解
2025-04-08 16:09:41,026 - DEBUG - 执行AGV分配局部搜索，当前完工时间: 1652.00
2025-04-08 16:09:41,030 - DEBUG - 局部搜索未能改进当前解
2025-04-08 16:09:41,033 - DEBUG - 执行AGV分配局部搜索，当前完工时间: 1696.00
2025-04-08 16:09:41,038 - DEBUG - 局部搜索未能改进当前解
2025-04-08 16:09:41,041 - DEBUG - 执行AGV分配局部搜索，当前完工时间: 1691.00
2025-04-08 16:09:41,045 - DEBUG - AGV分配局部搜索成功！完工时间从 1691.00 降低到 1675.00，改进: 16.00 (0.95%)
2025-04-08 16:09:41,049 - DEBUG - 执行AGV分配局部搜索，当前完工时间: 1718.00
2025-04-08 16:09:41,052 - DEBUG - AGV分配局部搜索成功！完工时间从 1718.00 降低到 1647.00，改进: 71.00 (4.13%)
2025-04-08 16:09:41,056 - DEBUG - 执行AGV分配局部搜索，当前完工时间: 1630.00
2025-04-08 16:09:41,060 - DEBUG - AGV分配局部搜索成功！完工时间从 1630.00 降低到 1613.00，改进: 17.00 (1.04%)
2025-04-08 16:09:41,064 - DEBUG - 执行AGV分配局部搜索，当前完工时间: 1658.00
2025-04-08 16:09:41,066 - DEBUG - 局部搜索未能改进当前解
2025-04-08 16:09:41,070 - DEBUG - 执行AGV分配局部搜索，当前完工时间: 1634.00
2025-04-08 16:09:41,075 - DEBUG - AGV分配局部搜索成功！完工时间从 1634.00 降低到 1631.00，改进: 3.00 (0.18%)
2025-04-08 16:09:41,078 - DEBUG - 执行AGV分配局部搜索，当前完工时间: 1690.00
2025-04-08 16:09:41,082 - DEBUG - 局部搜索未能改进当前解
2025-04-08 16:09:41,086 - DEBUG - 执行AGV分配局部搜索，当前完工时间: 1640.00
2025-04-08 16:09:41,089 - DEBUG - 局部搜索未能改进当前解
2025-04-08 16:09:41,094 - DEBUG - 执行AGV分配局部搜索，当前完工时间: 1645.00
2025-04-08 16:09:41,097 - DEBUG - 局部搜索未能改进当前解
2025-04-08 16:09:41,100 - DEBUG - 执行AGV分配局部搜索，当前完工时间: 1648.00
2025-04-08 16:09:41,105 - DEBUG - 局部搜索未能改进当前解
2025-04-08 16:09:41,108 - DEBUG - 执行AGV分配局部搜索，当前完工时间: 1655.00
2025-04-08 16:09:41,112 - DEBUG - AGV分配局部搜索成功！完工时间从 1655.00 降低到 1654.00，改进: 1.00 (0.06%)
2025-04-08 16:09:41,115 - DEBUG - 执行AGV分配局部搜索，当前完工时间: 1703.00
2025-04-08 16:09:41,119 - DEBUG - 局部搜索未能改进当前解
2025-04-08 16:09:41,123 - DEBUG - 执行AGV分配局部搜索，当前完工时间: 1734.00
2025-04-08 16:09:41,127 - DEBUG - 局部搜索未能改进当前解
2025-04-08 16:09:41,131 - DEBUG - 执行AGV分配局部搜索，当前完工时间: 1659.00
2025-04-08 16:09:41,134 - DEBUG - 局部搜索未能改进当前解
2025-04-08 16:09:41,137 - DEBUG - 执行AGV分配局部搜索，当前完工时间: 1675.00
2025-04-08 16:09:41,141 - DEBUG - 局部搜索未能改进当前解
2025-04-08 16:09:41,145 - DEBUG - 执行AGV分配局部搜索，当前完工时间: 1649.00
2025-04-08 16:09:41,149 - DEBUG - 局部搜索未能改进当前解
2025-04-08 16:09:41,153 - DEBUG - 执行AGV分配局部搜索，当前完工时间: 1697.00
2025-04-08 16:09:41,157 - DEBUG - 局部搜索未能改进当前解
2025-04-08 16:09:41,161 - DEBUG - 执行AGV分配局部搜索，当前完工时间: 1727.00
2025-04-08 16:09:41,165 - DEBUG - AGV分配局部搜索成功！完工时间从 1727.00 降低到 1703.00，改进: 24.00 (1.39%)
2025-04-08 16:09:41,169 - DEBUG - 执行AGV分配局部搜索，当前完工时间: 1793.00
2025-04-08 16:09:41,172 - DEBUG - 局部搜索未能改进当前解
2025-04-08 16:09:41,176 - DEBUG - 执行AGV分配局部搜索，当前完工时间: 1692.00
2025-04-08 16:09:41,180 - DEBUG - 局部搜索未能改进当前解
2025-04-08 16:09:41,184 - DEBUG - 执行AGV分配局部搜索，当前完工时间: 1622.00
2025-04-08 16:09:41,187 - DEBUG - 局部搜索未能改进当前解
2025-04-08 16:09:41,191 - DEBUG - 执行AGV分配局部搜索，当前完工时间: 1699.00
2025-04-08 16:09:41,195 - DEBUG - 局部搜索未能改进当前解
2025-04-08 16:09:41,199 - DEBUG - 执行AGV分配局部搜索，当前完工时间: 1629.00
2025-04-08 16:09:41,203 - DEBUG - 局部搜索未能改进当前解
2025-04-08 16:09:41,206 - DEBUG - 执行AGV分配局部搜索，当前完工时间: 1686.00
2025-04-08 16:09:41,210 - DEBUG - AGV分配局部搜索成功！完工时间从 1686.00 降低到 1640.00，改进: 46.00 (2.73%)
2025-04-08 16:09:41,212 - DEBUG - 执行AGV分配局部搜索，当前完工时间: 1734.00
2025-04-08 16:09:41,216 - DEBUG - 局部搜索未能改进当前解
2025-04-08 16:09:41,221 - DEBUG - 执行AGV分配局部搜索，当前完工时间: 1652.00
2025-04-08 16:09:41,224 - DEBUG - 局部搜索未能改进当前解
2025-04-08 16:09:41,228 - DEBUG - 执行AGV分配局部搜索，当前完工时间: 1653.00
2025-04-08 16:09:41,232 - DEBUG - 局部搜索未能改进当前解
2025-04-08 16:09:41,236 - DEBUG - 执行AGV分配局部搜索，当前完工时间: 1649.00
2025-04-08 16:09:41,239 - DEBUG - 局部搜索未能改进当前解
2025-04-08 16:09:41,242 - DEBUG - 执行AGV分配局部搜索，当前完工时间: 1751.00
2025-04-08 16:09:41,245 - DEBUG - 局部搜索未能改进当前解
2025-04-08 16:09:41,249 - DEBUG - 执行AGV分配局部搜索，当前完工时间: 1831.00
2025-04-08 16:09:41,253 - DEBUG - 局部搜索未能改进当前解
2025-04-08 16:09:41,257 - DEBUG - 执行AGV分配局部搜索，当前完工时间: 1712.00
2025-04-08 16:09:41,262 - DEBUG - 局部搜索未能改进当前解
2025-04-08 16:09:41,264 - DEBUG - 执行AGV分配局部搜索，当前完工时间: 1638.00
2025-04-08 16:09:41,268 - DEBUG - 局部搜索未能改进当前解
2025-04-08 16:09:41,272 - DEBUG - 执行AGV分配局部搜索，当前完工时间: 1670.00
2025-04-08 16:09:41,275 - DEBUG - 局部搜索未能改进当前解
2025-04-08 16:09:41,279 - DEBUG - 执行AGV分配局部搜索，当前完工时间: 1709.00
2025-04-08 16:09:41,283 - DEBUG - AGV分配局部搜索成功！完工时间从 1709.00 降低到 1689.00，改进: 20.00 (1.17%)
2025-04-08 16:09:41,287 - DEBUG - 执行AGV分配局部搜索，当前完工时间: 1694.00
2025-04-08 16:09:41,290 - DEBUG - 局部搜索未能改进当前解
2025-04-08 16:09:41,294 - DEBUG - 执行AGV分配局部搜索，当前完工时间: 1715.00
2025-04-08 16:09:41,297 - DEBUG - 局部搜索未能改进当前解
2025-04-08 16:09:41,301 - DEBUG - 执行AGV分配局部搜索，当前完工时间: 1791.00
2025-04-08 16:09:41,305 - DEBUG - 局部搜索未能改进当前解
2025-04-08 16:09:41,308 - DEBUG - 执行AGV分配局部搜索，当前完工时间: 1645.00
2025-04-08 16:09:41,312 - DEBUG - 局部搜索未能改进当前解
2025-04-08 16:09:41,316 - DEBUG - 执行AGV分配局部搜索，当前完工时间: 1630.00
2025-04-08 16:09:41,319 - DEBUG - 局部搜索未能改进当前解
2025-04-08 16:09:41,322 - DEBUG - 执行AGV分配局部搜索，当前完工时间: 1638.00
2025-04-08 16:09:41,327 - DEBUG - 局部搜索未能改进当前解
2025-04-08 16:09:41,331 - DEBUG - 执行AGV分配局部搜索，当前完工时间: 1661.00
2025-04-08 16:09:41,334 - DEBUG - 局部搜索未能改进当前解
2025-04-08 16:09:41,337 - DEBUG - 执行AGV分配局部搜索，当前完工时间: 1637.00
2025-04-08 16:09:41,341 - DEBUG - 局部搜索未能改进当前解
2025-04-08 16:09:41,345 - DEBUG - 执行AGV分配局部搜索，当前完工时间: 1700.00
2025-04-08 16:09:41,349 - DEBUG - AGV分配局部搜索成功！完工时间从 1700.00 降低到 1692.00，改进: 8.00 (0.47%)
2025-04-08 16:09:41,352 - DEBUG - 执行AGV分配局部搜索，当前完工时间: 1656.00
2025-04-08 16:09:41,356 - DEBUG - 局部搜索未能改进当前解
2025-04-08 16:09:41,359 - DEBUG - 执行AGV分配局部搜索，当前完工时间: 1615.00
2025-04-08 16:09:41,362 - DEBUG - 局部搜索未能改进当前解
2025-04-08 16:09:41,368 - DEBUG - 执行AGV分配局部搜索，当前完工时间: 1695.00
2025-04-08 16:09:41,371 - DEBUG - 局部搜索未能改进当前解
2025-04-08 16:09:41,374 - DEBUG - 执行AGV分配局部搜索，当前完工时间: 1698.00
2025-04-08 16:09:41,378 - DEBUG - 局部搜索未能改进当前解
2025-04-08 16:09:41,381 - DEBUG - 执行AGV分配局部搜索，当前完工时间: 1763.00
2025-04-08 16:09:41,385 - DEBUG - 局部搜索未能改进当前解
2025-04-08 16:09:41,389 - DEBUG - 执行AGV分配局部搜索，当前完工时间: 1607.00
2025-04-08 16:09:41,392 - DEBUG - 局部搜索未能改进当前解
2025-04-08 16:09:41,395 - DEBUG - 执行AGV分配局部搜索，当前完工时间: 1616.00
2025-04-08 16:09:41,400 - DEBUG - 局部搜索未能改进当前解
2025-04-08 16:09:41,404 - DEBUG - 执行AGV分配局部搜索，当前完工时间: 1677.00
2025-04-08 16:09:41,407 - DEBUG - 局部搜索未能改进当前解
2025-04-08 16:09:41,411 - DEBUG - 执行AGV分配局部搜索，当前完工时间: 1630.00
2025-04-08 16:09:41,414 - DEBUG - 局部搜索未能改进当前解
2025-04-08 16:09:41,418 - DEBUG - 执行AGV分配局部搜索，当前完工时间: 1741.00
2025-04-08 16:09:41,422 - DEBUG - 局部搜索未能改进当前解
2025-04-08 16:09:41,425 - DEBUG - 执行AGV分配局部搜索，当前完工时间: 1684.00
2025-04-08 16:09:41,430 - DEBUG - 局部搜索未能改进当前解
2025-04-08 16:09:41,433 - DEBUG - 执行AGV分配局部搜索，当前完工时间: 1721.00
2025-04-08 16:09:41,437 - DEBUG - 局部搜索未能改进当前解
2025-04-08 16:09:41,441 - DEBUG - 执行AGV分配局部搜索，当前完工时间: 1629.00
2025-04-08 16:09:41,444 - DEBUG - 局部搜索未能改进当前解
2025-04-08 16:09:41,447 - DEBUG - 执行AGV分配局部搜索，当前完工时间: 1646.00
2025-04-08 16:09:41,451 - DEBUG - 局部搜索未能改进当前解
2025-04-08 16:09:41,455 - DEBUG - 执行AGV分配局部搜索，当前完工时间: 1650.00
2025-04-08 16:09:41,458 - DEBUG - 局部搜索未能改进当前解
2025-04-08 16:09:41,462 - DEBUG - 执行AGV分配局部搜索，当前完工时间: 1686.00
2025-04-08 16:09:41,466 - DEBUG - 局部搜索未能改进当前解
2025-04-08 16:09:41,470 - DEBUG - 执行AGV分配局部搜索，当前完工时间: 1780.00
2025-04-08 16:09:41,473 - DEBUG - AGV分配局部搜索成功！完工时间从 1780.00 降低到 1748.00，改进: 32.00 (1.80%)
2025-04-08 16:09:41,476 - DEBUG - 执行AGV分配局部搜索，当前完工时间: 1663.00
2025-04-08 16:09:41,481 - DEBUG - 局部搜索未能改进当前解
2025-04-08 16:09:41,485 - DEBUG - 执行AGV分配局部搜索，当前完工时间: 1630.00
2025-04-08 16:09:41,488 - DEBUG - 局部搜索未能改进当前解
2025-04-08 16:09:41,491 - DEBUG - 执行AGV分配局部搜索，当前完工时间: 1622.00
2025-04-08 16:09:41,495 - DEBUG - 局部搜索未能改进当前解
2025-04-08 16:09:41,500 - DEBUG - 执行AGV分配局部搜索，当前完工时间: 1620.00
2025-04-08 16:09:41,503 - DEBUG - 局部搜索未能改进当前解
2025-04-08 16:09:41,507 - DEBUG - 执行AGV分配局部搜索，当前完工时间: 1781.00
2025-04-08 16:09:41,510 - DEBUG - 局部搜索未能改进当前解
2025-04-08 16:09:41,514 - DEBUG - 执行AGV分配局部搜索，当前完工时间: 1616.00
2025-04-08 16:09:41,518 - DEBUG - 局部搜索未能改进当前解
2025-04-08 16:09:41,522 - DEBUG - 执行AGV分配局部搜索，当前完工时间: 1659.00
2025-04-08 16:09:41,526 - DEBUG - 局部搜索未能改进当前解
2025-04-08 16:09:41,530 - DEBUG - 执行AGV分配局部搜索，当前完工时间: 1622.00
2025-04-08 16:09:41,533 - DEBUG - 局部搜索未能改进当前解
2025-04-08 16:09:41,538 - DEBUG - 执行AGV分配局部搜索，当前完工时间: 1696.00
2025-04-08 16:09:41,541 - DEBUG - 局部搜索未能改进当前解
2025-04-08 16:09:41,545 - DEBUG - 执行AGV分配局部搜索，当前完工时间: 1724.00
2025-04-08 16:09:41,549 - DEBUG - 局部搜索未能改进当前解
2025-04-08 16:09:41,552 - DEBUG - 执行AGV分配局部搜索，当前完工时间: 1637.00
2025-04-08 16:09:41,555 - DEBUG - 局部搜索未能改进当前解
2025-04-08 16:09:41,560 - DEBUG - 执行AGV分配局部搜索，当前完工时间: 1669.00
2025-04-08 16:09:41,564 - DEBUG - 局部搜索未能改进当前解
2025-04-08 16:09:41,568 - DEBUG - 执行AGV分配局部搜索，当前完工时间: 1673.00
2025-04-08 16:09:41,572 - DEBUG - 局部搜索未能改进当前解
2025-04-08 16:09:41,575 - DEBUG - 执行AGV分配局部搜索，当前完工时间: 1642.00
2025-04-08 16:09:41,579 - DEBUG - 局部搜索未能改进当前解
2025-04-08 16:09:41,583 - DEBUG - 执行AGV分配局部搜索，当前完工时间: 1711.00
2025-04-08 16:09:41,586 - DEBUG - AGV分配局部搜索成功！完工时间从 1711.00 降低到 1701.00，改进: 10.00 (0.58%)
2025-04-08 16:09:41,590 - DEBUG - 执行AGV分配局部搜索，当前完工时间: 1634.00
2025-04-08 16:09:41,594 - DEBUG - 局部搜索未能改进当前解
2025-04-08 16:09:41,597 - DEBUG - 执行AGV分配局部搜索，当前完工时间: 1626.00
2025-04-08 16:09:41,601 - DEBUG - 局部搜索未能改进当前解
2025-04-08 16:09:41,604 - DEBUG - 执行AGV分配局部搜索，当前完工时间: 1695.00
2025-04-08 16:09:41,608 - DEBUG - 局部搜索未能改进当前解
2025-04-08 16:09:41,612 - DEBUG - 执行AGV分配局部搜索，当前完工时间: 1639.00
2025-04-08 16:09:41,615 - DEBUG - 局部搜索未能改进当前解
2025-04-08 16:09:41,619 - DEBUG - 执行AGV分配局部搜索，当前完工时间: 1700.00
2025-04-08 16:09:41,622 - DEBUG - 局部搜索未能改进当前解
2025-04-08 16:09:41,626 - DEBUG - 执行AGV分配局部搜索，当前完工时间: 1671.00
2025-04-08 16:09:41,629 - DEBUG - 局部搜索未能改进当前解
2025-04-08 16:09:41,630 - DEBUG - ==================================================
2025-04-08 16:09:41,630 - DEBUG - Efficiency Statistics of Local Search :
2025-04-08 16:09:41,630 - DEBUG - Number of attempts: 99
2025-04-08 16:09:41,630 - DEBUG - Average Success Rate: 14.14%
2025-04-08 16:09:41,630 - DEBUG - AGV Local Search Success: 14，Average Improvement: 22.29
