2025-04-08 15:00:35,278 - DEBUG - 执行AGV分配局部搜索，当前完工时间: 2243.00
2025-04-08 15:00:35,282 - DEBUG - 局部搜索未能改进当前解
2025-04-08 15:00:35,285 - DEBUG - 执行AGV分配局部搜索，当前完工时间: 2134.00
2025-04-08 15:00:35,288 - DEBUG - 局部搜索未能改进当前解
2025-04-08 15:00:35,293 - DEBUG - 执行AGV分配局部搜索，当前完工时间: 2006.00
2025-04-08 15:00:35,297 - DEBUG - 局部搜索未能改进当前解
2025-04-08 15:00:35,300 - DEBUG - 执行AGV分配局部搜索，当前完工时间: 2157.00
2025-04-08 15:00:35,304 - DEBUG - AGV分配局部搜索成功！完工时间从 2157.00 降低到 2145.00，改进: 12.00 (0.56%)
2025-04-08 15:00:35,307 - DEBUG - 执行AGV分配局部搜索，当前完工时间: 2136.00
2025-04-08 15:00:35,312 - DEBUG - 局部搜索未能改进当前解
2025-04-08 15:00:35,315 - DEBUG - 执行AGV分配局部搜索，当前完工时间: 2072.00
2025-04-08 15:00:35,319 - DEBUG - AGV分配局部搜索成功！完工时间从 2072.00 降低到 2050.00，改进: 22.00 (1.06%)
2025-04-08 15:00:35,322 - DEBUG - 执行AGV分配局部搜索，当前完工时间: 2092.00
2025-04-08 15:00:35,326 - DEBUG - 局部搜索未能改进当前解
2025-04-08 15:00:35,329 - DEBUG - 执行AGV分配局部搜索，当前完工时间: 2084.00
2025-04-08 15:00:35,334 - DEBUG - 局部搜索未能改进当前解
2025-04-08 15:00:35,338 - DEBUG - 执行AGV分配局部搜索，当前完工时间: 2026.00
2025-04-08 15:00:35,342 - DEBUG - 局部搜索未能改进当前解
2025-04-08 15:00:35,345 - DEBUG - 执行AGV分配局部搜索，当前完工时间: 1986.00
2025-04-08 15:00:35,349 - DEBUG - 局部搜索未能改进当前解
2025-04-08 15:00:35,353 - DEBUG - 执行AGV分配局部搜索，当前完工时间: 2006.00
2025-04-08 15:00:35,357 - DEBUG - 局部搜索未能改进当前解
2025-04-08 15:00:35,360 - DEBUG - 执行AGV分配局部搜索，当前完工时间: 1997.00
2025-04-08 15:00:35,364 - DEBUG - 局部搜索未能改进当前解
2025-04-08 15:00:35,366 - DEBUG - 执行AGV分配局部搜索，当前完工时间: 2028.00
2025-04-08 15:00:35,371 - DEBUG - 局部搜索未能改进当前解
2025-04-08 15:00:35,374 - DEBUG - 执行AGV分配局部搜索，当前完工时间: 2108.00
2025-04-08 15:00:35,378 - DEBUG - 局部搜索未能改进当前解
2025-04-08 15:00:35,382 - DEBUG - 执行AGV分配局部搜索，当前完工时间: 2072.00
2025-04-08 15:00:35,385 - DEBUG - 局部搜索未能改进当前解
2025-04-08 15:00:35,389 - DEBUG - 执行AGV分配局部搜索，当前完工时间: 2053.00
2025-04-08 15:00:35,393 - DEBUG - AGV分配局部搜索成功！完工时间从 2053.00 降低到 2044.00，改进: 9.00 (0.44%)
2025-04-08 15:00:35,397 - DEBUG - 执行AGV分配局部搜索，当前完工时间: 2051.00
2025-04-08 15:00:35,400 - DEBUG - 局部搜索未能改进当前解
2025-04-08 15:00:35,404 - DEBUG - 执行AGV分配局部搜索，当前完工时间: 2033.00
2025-04-08 15:00:35,407 - DEBUG - 局部搜索未能改进当前解
2025-04-08 15:00:35,411 - DEBUG - 执行AGV分配局部搜索，当前完工时间: 2024.00
2025-04-08 15:00:35,415 - DEBUG - 局部搜索未能改进当前解
2025-04-08 15:00:35,419 - DEBUG - 执行AGV分配局部搜索，当前完工时间: 2077.00
2025-04-08 15:00:35,422 - DEBUG - 局部搜索未能改进当前解
2025-04-08 15:00:35,426 - DEBUG - 执行AGV分配局部搜索，当前完工时间: 2051.00
2025-04-08 15:00:35,430 - DEBUG - AGV分配局部搜索成功！完工时间从 2051.00 降低到 2047.00，改进: 4.00 (0.20%)
2025-04-08 15:00:35,433 - DEBUG - 执行AGV分配局部搜索，当前完工时间: 2052.00
2025-04-08 15:00:35,437 - DEBUG - 局部搜索未能改进当前解
2025-04-08 15:00:35,441 - DEBUG - 执行AGV分配局部搜索，当前完工时间: 2036.00
2025-04-08 15:00:35,444 - DEBUG - AGV分配局部搜索成功！完工时间从 2036.00 降低到 2006.00，改进: 30.00 (1.47%)
2025-04-08 15:00:35,447 - DEBUG - 执行AGV分配局部搜索，当前完工时间: 2010.00
2025-04-08 15:00:35,451 - DEBUG - 局部搜索未能改进当前解
2025-04-08 15:00:35,455 - DEBUG - 执行AGV分配局部搜索，当前完工时间: 2038.00
2025-04-08 15:00:35,458 - DEBUG - 局部搜索未能改进当前解
2025-04-08 15:00:35,462 - DEBUG - 执行AGV分配局部搜索，当前完工时间: 1952.00
2025-04-08 15:00:35,466 - DEBUG - 局部搜索未能改进当前解
2025-04-08 15:00:35,470 - DEBUG - 执行AGV分配局部搜索，当前完工时间: 2128.00
2025-04-08 15:00:35,473 - DEBUG - 局部搜索未能改进当前解
2025-04-08 15:00:35,476 - DEBUG - 执行AGV分配局部搜索，当前完工时间: 2226.00
2025-04-08 15:00:35,481 - DEBUG - 局部搜索未能改进当前解
2025-04-08 15:00:35,484 - DEBUG - 执行AGV分配局部搜索，当前完工时间: 2104.00
2025-04-08 15:00:35,487 - DEBUG - 局部搜索未能改进当前解
2025-04-08 15:00:35,491 - DEBUG - 执行AGV分配局部搜索，当前完工时间: 2213.00
2025-04-08 15:00:35,495 - DEBUG - 局部搜索未能改进当前解
2025-04-08 15:00:35,499 - DEBUG - 执行AGV分配局部搜索，当前完工时间: 2078.00
2025-04-08 15:00:35,502 - DEBUG - 局部搜索未能改进当前解
2025-04-08 15:00:35,505 - DEBUG - 执行AGV分配局部搜索，当前完工时间: 1945.00
2025-04-08 15:00:35,509 - DEBUG - 局部搜索未能改进当前解
2025-04-08 15:00:35,512 - DEBUG - 执行AGV分配局部搜索，当前完工时间: 2074.00
2025-04-08 15:00:35,516 - DEBUG - 局部搜索未能改进当前解
2025-04-08 15:00:35,520 - DEBUG - 执行AGV分配局部搜索，当前完工时间: 2048.00
2025-04-08 15:00:35,523 - DEBUG - 局部搜索未能改进当前解
2025-04-08 15:00:35,528 - DEBUG - 执行AGV分配局部搜索，当前完工时间: 1966.00
2025-04-08 15:00:35,531 - DEBUG - 局部搜索未能改进当前解
2025-04-08 15:00:35,535 - DEBUG - 执行AGV分配局部搜索，当前完工时间: 2005.00
2025-04-08 15:00:35,538 - DEBUG - 局部搜索未能改进当前解
2025-04-08 15:00:35,542 - DEBUG - 执行AGV分配局部搜索，当前完工时间: 2024.00
2025-04-08 15:00:35,545 - DEBUG - 局部搜索未能改进当前解
2025-04-08 15:00:35,550 - DEBUG - 执行AGV分配局部搜索，当前完工时间: 2052.00
2025-04-08 15:00:35,553 - DEBUG - 局部搜索未能改进当前解
2025-04-08 15:00:35,557 - DEBUG - 执行AGV分配局部搜索，当前完工时间: 2116.00
2025-04-08 15:00:35,560 - DEBUG - 局部搜索未能改进当前解
2025-04-08 15:00:35,564 - DEBUG - 执行AGV分配局部搜索，当前完工时间: 2026.00
2025-04-08 15:00:35,568 - DEBUG - 局部搜索未能改进当前解
2025-04-08 15:00:35,570 - DEBUG - 执行AGV分配局部搜索，当前完工时间: 2085.00
2025-04-08 15:00:35,575 - DEBUG - 局部搜索未能改进当前解
2025-04-08 15:00:35,579 - DEBUG - 执行AGV分配局部搜索，当前完工时间: 2056.00
2025-04-08 15:00:35,582 - DEBUG - 局部搜索未能改进当前解
2025-04-08 15:00:35,586 - DEBUG - 执行AGV分配局部搜索，当前完工时间: 2041.00
2025-04-08 15:00:35,590 - DEBUG - 局部搜索未能改进当前解
2025-04-08 15:00:35,594 - DEBUG - 执行AGV分配局部搜索，当前完工时间: 1988.00
2025-04-08 15:00:35,597 - DEBUG - 局部搜索未能改进当前解
2025-04-08 15:00:35,601 - DEBUG - 执行AGV分配局部搜索，当前完工时间: 1974.00
2025-04-08 15:00:35,605 - DEBUG - 局部搜索未能改进当前解
2025-04-08 15:00:35,608 - DEBUG - 执行AGV分配局部搜索，当前完工时间: 1970.00
2025-04-08 15:00:35,612 - DEBUG - 局部搜索未能改进当前解
2025-04-08 15:00:35,615 - DEBUG - 执行AGV分配局部搜索，当前完工时间: 2022.00
2025-04-08 15:00:35,620 - DEBUG - 局部搜索未能改进当前解
2025-04-08 15:00:35,622 - DEBUG - 执行AGV分配局部搜索，当前完工时间: 2044.00
2025-04-08 15:00:35,627 - DEBUG - 局部搜索未能改进当前解
2025-04-08 15:00:35,630 - DEBUG - 执行AGV分配局部搜索，当前完工时间: 2069.00
2025-04-08 15:00:35,635 - DEBUG - 局部搜索未能改进当前解
2025-04-08 15:00:35,638 - DEBUG - 执行AGV分配局部搜索，当前完工时间: 2071.00
2025-04-08 15:00:35,642 - DEBUG - 局部搜索未能改进当前解
2025-04-08 15:00:35,646 - DEBUG - 执行AGV分配局部搜索，当前完工时间: 2049.00
2025-04-08 15:00:35,650 - DEBUG - 局部搜索未能改进当前解
2025-04-08 15:00:35,654 - DEBUG - 执行AGV分配局部搜索，当前完工时间: 2066.00
2025-04-08 15:00:35,657 - DEBUG - 局部搜索未能改进当前解
2025-04-08 15:00:35,661 - DEBUG - 执行AGV分配局部搜索，当前完工时间: 2045.00
2025-04-08 15:00:35,664 - DEBUG - 局部搜索未能改进当前解
2025-04-08 15:00:35,669 - DEBUG - 执行AGV分配局部搜索，当前完工时间: 2222.00
2025-04-08 15:00:35,672 - DEBUG - 局部搜索未能改进当前解
2025-04-08 15:00:35,675 - DEBUG - 执行AGV分配局部搜索，当前完工时间: 2049.00
2025-04-08 15:00:35,680 - DEBUG - 局部搜索未能改进当前解
2025-04-08 15:00:35,684 - DEBUG - 执行AGV分配局部搜索，当前完工时间: 2054.00
2025-04-08 15:00:35,687 - DEBUG - 局部搜索未能改进当前解
2025-04-08 15:00:35,690 - DEBUG - 执行AGV分配局部搜索，当前完工时间: 2150.00
2025-04-08 15:00:35,694 - DEBUG - 局部搜索未能改进当前解
2025-04-08 15:00:35,697 - DEBUG - 执行AGV分配局部搜索，当前完工时间: 2028.00
2025-04-08 15:00:35,702 - DEBUG - 局部搜索未能改进当前解
2025-04-08 15:00:35,705 - DEBUG - 执行AGV分配局部搜索，当前完工时间: 2122.00
2025-04-08 15:00:35,708 - DEBUG - 局部搜索未能改进当前解
2025-04-08 15:00:35,712 - DEBUG - 执行AGV分配局部搜索，当前完工时间: 2032.00
2025-04-08 15:00:35,715 - DEBUG - 局部搜索未能改进当前解
2025-04-08 15:00:35,719 - DEBUG - 执行AGV分配局部搜索，当前完工时间: 2072.00
2025-04-08 15:00:35,722 - DEBUG - 局部搜索未能改进当前解
2025-04-08 15:00:35,726 - DEBUG - 执行AGV分配局部搜索，当前完工时间: 2098.00
2025-04-08 15:00:35,729 - DEBUG - 局部搜索未能改进当前解
2025-04-08 15:00:35,733 - DEBUG - 执行AGV分配局部搜索，当前完工时间: 2124.00
2025-04-08 15:00:35,737 - DEBUG - 局部搜索未能改进当前解
2025-04-08 15:00:35,741 - DEBUG - 执行AGV分配局部搜索，当前完工时间: 2062.00
2025-04-08 15:00:35,746 - DEBUG - 局部搜索未能改进当前解
2025-04-08 15:00:35,750 - DEBUG - 执行AGV分配局部搜索，当前完工时间: 2062.00
2025-04-08 15:00:35,754 - DEBUG - 局部搜索未能改进当前解
2025-04-08 15:00:35,757 - DEBUG - 执行AGV分配局部搜索，当前完工时间: 2101.00
2025-04-08 15:00:35,760 - DEBUG - 局部搜索未能改进当前解
2025-04-08 15:00:35,764 - DEBUG - 执行AGV分配局部搜索，当前完工时间: 1996.00
2025-04-08 15:00:35,769 - DEBUG - 局部搜索未能改进当前解
2025-04-08 15:00:35,772 - DEBUG - 执行AGV分配局部搜索，当前完工时间: 1979.00
2025-04-08 15:00:35,775 - DEBUG - AGV分配局部搜索成功！完工时间从 1979.00 降低到 1956.00，改进: 23.00 (1.16%)
2025-04-08 15:00:35,779 - DEBUG - 执行AGV分配局部搜索，当前完工时间: 2046.00
2025-04-08 15:00:35,782 - DEBUG - 局部搜索未能改进当前解
2025-04-08 15:00:35,786 - DEBUG - 执行AGV分配局部搜索，当前完工时间: 2028.00
2025-04-08 15:00:35,790 - DEBUG - 局部搜索未能改进当前解
2025-04-08 15:00:35,794 - DEBUG - 执行AGV分配局部搜索，当前完工时间: 1979.00
2025-04-08 15:00:35,797 - DEBUG - 局部搜索未能改进当前解
2025-04-08 15:00:35,801 - DEBUG - 执行AGV分配局部搜索，当前完工时间: 1948.00
2025-04-08 15:00:35,804 - DEBUG - 局部搜索未能改进当前解
2025-04-08 15:00:35,807 - DEBUG - 执行AGV分配局部搜索，当前完工时间: 2006.00
2025-04-08 15:00:35,810 - DEBUG - 局部搜索未能改进当前解
2025-04-08 15:00:35,814 - DEBUG - 执行AGV分配局部搜索，当前完工时间: 2075.00
2025-04-08 15:00:35,818 - DEBUG - 局部搜索未能改进当前解
2025-04-08 15:00:35,822 - DEBUG - 执行AGV分配局部搜索，当前完工时间: 2096.00
2025-04-08 15:00:35,825 - DEBUG - 局部搜索未能改进当前解
2025-04-08 15:00:35,829 - DEBUG - 执行AGV分配局部搜索，当前完工时间: 2049.00
2025-04-08 15:00:35,832 - DEBUG - 局部搜索未能改进当前解
2025-04-08 15:00:35,837 - DEBUG - 执行AGV分配局部搜索，当前完工时间: 2241.00
2025-04-08 15:00:35,841 - DEBUG - 局部搜索未能改进当前解
2025-04-08 15:00:35,844 - DEBUG - 执行AGV分配局部搜索，当前完工时间: 2108.00
2025-04-08 15:00:35,848 - DEBUG - 局部搜索未能改进当前解
2025-04-08 15:00:35,851 - DEBUG - 执行AGV分配局部搜索，当前完工时间: 2011.00
2025-04-08 15:00:35,855 - DEBUG - 局部搜索未能改进当前解
2025-04-08 15:00:35,860 - DEBUG - 执行AGV分配局部搜索，当前完工时间: 1952.00
2025-04-08 15:00:35,862 - DEBUG - AGV分配局部搜索成功！完工时间从 1952.00 降低到 1947.00，改进: 5.00 (0.26%)
2025-04-08 15:00:35,866 - DEBUG - 执行AGV分配局部搜索，当前完工时间: 1978.00
2025-04-08 15:00:35,870 - DEBUG - 局部搜索未能改进当前解
2025-04-08 15:00:35,873 - DEBUG - 执行AGV分配局部搜索，当前完工时间: 1936.00
2025-04-08 15:00:35,877 - DEBUG - 局部搜索未能改进当前解
2025-04-08 15:00:35,881 - DEBUG - 执行AGV分配局部搜索，当前完工时间: 1952.00
2025-04-08 15:00:35,884 - DEBUG - AGV分配局部搜索成功！完工时间从 1952.00 降低到 1950.00，改进: 2.00 (0.10%)
2025-04-08 15:00:35,887 - DEBUG - 执行AGV分配局部搜索，当前完工时间: 2168.00
2025-04-08 15:00:35,891 - DEBUG - 局部搜索未能改进当前解
2025-04-08 15:00:35,895 - DEBUG - 执行AGV分配局部搜索，当前完工时间: 2008.00
2025-04-08 15:00:35,899 - DEBUG - 局部搜索未能改进当前解
2025-04-08 15:00:35,903 - DEBUG - 执行AGV分配局部搜索，当前完工时间: 1990.00
2025-04-08 15:00:35,906 - DEBUG - 局部搜索未能改进当前解
2025-04-08 15:00:35,911 - DEBUG - 执行AGV分配局部搜索，当前完工时间: 2072.00
2025-04-08 15:00:35,914 - DEBUG - 局部搜索未能改进当前解
2025-04-08 15:00:35,918 - DEBUG - 执行AGV分配局部搜索，当前完工时间: 2029.00
2025-04-08 15:00:35,920 - DEBUG - AGV分配局部搜索成功！完工时间从 2029.00 降低到 1997.00，改进: 32.00 (1.58%)
2025-04-08 15:00:35,925 - DEBUG - 执行AGV分配局部搜索，当前完工时间: 2097.00
2025-04-08 15:00:35,928 - DEBUG - 局部搜索未能改进当前解
2025-04-08 15:00:35,932 - DEBUG - 执行AGV分配局部搜索，当前完工时间: 1973.00
2025-04-08 15:00:35,936 - DEBUG - 局部搜索未能改进当前解
2025-04-08 15:00:35,939 - DEBUG - 执行AGV分配局部搜索，当前完工时间: 2036.00
2025-04-08 15:00:35,943 - DEBUG - 局部搜索未能改进当前解
2025-04-08 15:00:35,947 - DEBUG - 执行AGV分配局部搜索，当前完工时间: 1995.00
2025-04-08 15:00:35,951 - DEBUG - 局部搜索未能改进当前解
2025-04-08 15:00:35,954 - DEBUG - 执行AGV分配局部搜索，当前完工时间: 2042.00
2025-04-08 15:00:35,957 - DEBUG - 局部搜索未能改进当前解
2025-04-08 15:00:35,961 - DEBUG - 执行AGV分配局部搜索，当前完工时间: 2221.00
2025-04-08 15:00:35,964 - DEBUG - 局部搜索未能改进当前解
2025-04-08 15:00:35,969 - DEBUG - 执行AGV分配局部搜索，当前完工时间: 1997.00
2025-04-08 15:00:35,972 - DEBUG - 局部搜索未能改进当前解
2025-04-08 15:00:35,975 - DEBUG - 执行AGV分配局部搜索，当前完工时间: 2156.00
2025-04-08 15:00:35,980 - DEBUG - 局部搜索未能改进当前解
2025-04-08 15:00:35,984 - DEBUG - 执行AGV分配局部搜索，当前完工时间: 2022.00
2025-04-08 15:00:35,988 - DEBUG - 局部搜索未能改进当前解
2025-04-08 15:00:35,991 - DEBUG - 执行AGV分配局部搜索，当前完工时间: 2015.00
2025-04-08 15:00:35,995 - DEBUG - 局部搜索未能改进当前解
2025-04-08 15:00:36,000 - DEBUG - 执行AGV分配局部搜索，当前完工时间: 2174.00
2025-04-08 15:00:36,003 - DEBUG - 局部搜索未能改进当前解
2025-04-08 15:00:36,003 - DEBUG - ==================================================
2025-04-08 15:00:36,003 - DEBUG - Efficiency Statistics of Local Search :
2025-04-08 15:00:36,003 - DEBUG - Number of attempts: 99
2025-04-08 15:00:36,003 - DEBUG - Average Success Rate: 9.09%
2025-04-08 15:00:36,003 - DEBUG - AGV Local Search Success: 9，Average Improvement: 15.44
2025-04-08 15:00:36,007 - DEBUG - 执行AGV分配局部搜索，当前完工时间: 2098.00
2025-04-08 15:00:36,011 - DEBUG - 局部搜索未能改进当前解
2025-04-08 15:00:36,014 - DEBUG - 执行AGV分配局部搜索，当前完工时间: 2003.00
2025-04-08 15:00:36,018 - DEBUG - AGV分配局部搜索成功！完工时间从 2003.00 降低到 2002.00，改进: 1.00 (0.05%)
2025-04-08 15:00:36,022 - DEBUG - 执行AGV分配局部搜索，当前完工时间: 2048.00
2025-04-08 15:00:36,026 - DEBUG - 局部搜索未能改进当前解
2025-04-08 15:00:36,030 - DEBUG - 执行AGV分配局部搜索，当前完工时间: 2033.00
2025-04-08 15:00:36,033 - DEBUG - AGV分配局部搜索成功！完工时间从 2033.00 降低到 2012.00，改进: 21.00 (1.03%)
2025-04-08 15:00:36,037 - DEBUG - 执行AGV分配局部搜索，当前完工时间: 2006.00
2025-04-08 15:00:36,040 - DEBUG - 局部搜索未能改进当前解
2025-04-08 15:00:36,044 - DEBUG - 执行AGV分配局部搜索，当前完工时间: 2008.00
2025-04-08 15:00:36,047 - DEBUG - 局部搜索未能改进当前解
2025-04-08 15:00:36,052 - DEBUG - 执行AGV分配局部搜索，当前完工时间: 2110.00
2025-04-08 15:00:36,055 - DEBUG - 局部搜索未能改进当前解
2025-04-08 15:00:36,058 - DEBUG - 执行AGV分配局部搜索，当前完工时间: 1981.00
2025-04-08 15:00:36,062 - DEBUG - 局部搜索未能改进当前解
2025-04-08 15:00:36,066 - DEBUG - 执行AGV分配局部搜索，当前完工时间: 1992.00
2025-04-08 15:00:36,070 - DEBUG - 局部搜索未能改进当前解
2025-04-08 15:00:36,073 - DEBUG - 执行AGV分配局部搜索，当前完工时间: 2095.00
2025-04-08 15:00:36,077 - DEBUG - AGV分配局部搜索成功！完工时间从 2095.00 降低到 2064.00，改进: 31.00 (1.48%)
2025-04-08 15:00:36,080 - DEBUG - 执行AGV分配局部搜索，当前完工时间: 1985.00
2025-04-08 15:00:36,083 - DEBUG - 局部搜索未能改进当前解
2025-04-08 15:00:36,088 - DEBUG - 执行AGV分配局部搜索，当前完工时间: 2008.00
2025-04-08 15:00:36,092 - DEBUG - 局部搜索未能改进当前解
2025-04-08 15:00:36,095 - DEBUG - 执行AGV分配局部搜索，当前完工时间: 1959.00
2025-04-08 15:00:36,098 - DEBUG - 局部搜索未能改进当前解
2025-04-08 15:00:36,102 - DEBUG - 执行AGV分配局部搜索，当前完工时间: 2214.00
2025-04-08 15:00:36,106 - DEBUG - 局部搜索未能改进当前解
2025-04-08 15:00:36,109 - DEBUG - 执行AGV分配局部搜索，当前完工时间: 2006.00
2025-04-08 15:00:36,112 - DEBUG - 局部搜索未能改进当前解
2025-04-08 15:00:36,116 - DEBUG - 执行AGV分配局部搜索，当前完工时间: 2014.00
2025-04-08 15:00:36,121 - DEBUG - 局部搜索未能改进当前解
2025-04-08 15:00:36,125 - DEBUG - 执行AGV分配局部搜索，当前完工时间: 1950.00
2025-04-08 15:00:36,128 - DEBUG - 局部搜索未能改进当前解
2025-04-08 15:00:36,132 - DEBUG - 执行AGV分配局部搜索，当前完工时间: 2221.00
2025-04-08 15:00:36,136 - DEBUG - AGV分配局部搜索成功！完工时间从 2221.00 降低到 2199.00，改进: 22.00 (0.99%)
2025-04-08 15:00:36,140 - DEBUG - 执行AGV分配局部搜索，当前完工时间: 2135.00
2025-04-08 15:00:36,144 - DEBUG - 局部搜索未能改进当前解
2025-04-08 15:00:36,148 - DEBUG - 执行AGV分配局部搜索，当前完工时间: 2156.00
2025-04-08 15:00:36,151 - DEBUG - 局部搜索未能改进当前解
2025-04-08 15:00:36,155 - DEBUG - 执行AGV分配局部搜索，当前完工时间: 1982.00
2025-04-08 15:00:36,158 - DEBUG - 局部搜索未能改进当前解
2025-04-08 15:00:36,163 - DEBUG - 执行AGV分配局部搜索，当前完工时间: 2092.00
2025-04-08 15:00:36,166 - DEBUG - 局部搜索未能改进当前解
2025-04-08 15:00:36,170 - DEBUG - 执行AGV分配局部搜索，当前完工时间: 2024.00
2025-04-08 15:00:36,174 - DEBUG - 局部搜索未能改进当前解
2025-04-08 15:00:36,176 - DEBUG - 执行AGV分配局部搜索，当前完工时间: 2048.00
2025-04-08 15:00:36,181 - DEBUG - AGV分配局部搜索成功！完工时间从 2048.00 降低到 2008.00，改进: 40.00 (1.95%)
2025-04-08 15:00:36,185 - DEBUG - 执行AGV分配局部搜索，当前完工时间: 2144.00
2025-04-08 15:00:36,188 - DEBUG - 局部搜索未能改进当前解
2025-04-08 15:00:36,192 - DEBUG - 执行AGV分配局部搜索，当前完工时间: 2017.00
2025-04-08 15:00:36,195 - DEBUG - 局部搜索未能改进当前解
2025-04-08 15:00:36,199 - DEBUG - 执行AGV分配局部搜索，当前完工时间: 2347.00
2025-04-08 15:00:36,203 - DEBUG - 局部搜索未能改进当前解
2025-04-08 15:00:36,207 - DEBUG - 执行AGV分配局部搜索，当前完工时间: 1942.00
2025-04-08 15:00:36,210 - DEBUG - 局部搜索未能改进当前解
2025-04-08 15:00:36,213 - DEBUG - 执行AGV分配局部搜索，当前完工时间: 2050.00
2025-04-08 15:00:36,218 - DEBUG - 局部搜索未能改进当前解
2025-04-08 15:00:36,220 - DEBUG - 执行AGV分配局部搜索，当前完工时间: 1971.00
2025-04-08 15:00:36,224 - DEBUG - 局部搜索未能改进当前解
2025-04-08 15:00:36,229 - DEBUG - 执行AGV分配局部搜索，当前完工时间: 2050.00
2025-04-08 15:00:36,232 - DEBUG - 局部搜索未能改进当前解
2025-04-08 15:00:36,235 - DEBUG - 执行AGV分配局部搜索，当前完工时间: 1986.00
2025-04-08 15:00:36,238 - DEBUG - 局部搜索未能改进当前解
2025-04-08 15:00:36,243 - DEBUG - 执行AGV分配局部搜索，当前完工时间: 1966.00
2025-04-08 15:00:36,247 - DEBUG - 局部搜索未能改进当前解
2025-04-08 15:00:36,250 - DEBUG - 执行AGV分配局部搜索，当前完工时间: 2038.00
2025-04-08 15:00:36,254 - DEBUG - 局部搜索未能改进当前解
2025-04-08 15:00:36,257 - DEBUG - 执行AGV分配局部搜索，当前完工时间: 2034.00
2025-04-08 15:00:36,260 - DEBUG - 局部搜索未能改进当前解
2025-04-08 15:00:36,263 - DEBUG - 执行AGV分配局部搜索，当前完工时间: 2072.00
2025-04-08 15:00:36,268 - DEBUG - AGV分配局部搜索成功！完工时间从 2072.00 降低到 2042.00，改进: 30.00 (1.45%)
2025-04-08 15:00:36,271 - DEBUG - 执行AGV分配局部搜索，当前完工时间: 1943.00
2025-04-08 15:00:36,274 - DEBUG - 局部搜索未能改进当前解
2025-04-08 15:00:36,279 - DEBUG - 执行AGV分配局部搜索，当前完工时间: 2170.00
2025-04-08 15:00:36,282 - DEBUG - 局部搜索未能改进当前解
2025-04-08 15:00:36,286 - DEBUG - 执行AGV分配局部搜索，当前完工时间: 2052.00
2025-04-08 15:00:36,290 - DEBUG - 局部搜索未能改进当前解
2025-04-08 15:00:36,293 - DEBUG - 执行AGV分配局部搜索，当前完工时间: 2005.00
2025-04-08 15:00:36,296 - DEBUG - 局部搜索未能改进当前解
2025-04-08 15:00:36,300 - DEBUG - 执行AGV分配局部搜索，当前完工时间: 2071.00
2025-04-08 15:00:36,304 - DEBUG - 局部搜索未能改进当前解
2025-04-08 15:00:36,307 - DEBUG - 执行AGV分配局部搜索，当前完工时间: 2052.00
2025-04-08 15:00:36,311 - DEBUG - 局部搜索未能改进当前解
2025-04-08 15:00:36,314 - DEBUG - 执行AGV分配局部搜索，当前完工时间: 2006.00
2025-04-08 15:00:36,318 - DEBUG - 局部搜索未能改进当前解
2025-04-08 15:00:36,323 - DEBUG - 执行AGV分配局部搜索，当前完工时间: 1995.00
2025-04-08 15:00:36,327 - DEBUG - 局部搜索未能改进当前解
2025-04-08 15:00:36,330 - DEBUG - 执行AGV分配局部搜索，当前完工时间: 2019.00
2025-04-08 15:00:36,334 - DEBUG - 局部搜索未能改进当前解
2025-04-08 15:00:36,337 - DEBUG - 执行AGV分配局部搜索，当前完工时间: 2220.00
2025-04-08 15:00:36,341 - DEBUG - 局部搜索未能改进当前解
2025-04-08 15:00:36,344 - DEBUG - 执行AGV分配局部搜索，当前完工时间: 2063.00
2025-04-08 15:00:36,347 - DEBUG - 局部搜索未能改进当前解
2025-04-08 15:00:36,352 - DEBUG - 执行AGV分配局部搜索，当前完工时间: 2080.00
2025-04-08 15:00:36,356 - DEBUG - 局部搜索未能改进当前解
2025-04-08 15:00:36,360 - DEBUG - 执行AGV分配局部搜索，当前完工时间: 2053.00
2025-04-08 15:00:36,364 - DEBUG - 局部搜索未能改进当前解
2025-04-08 15:00:36,368 - DEBUG - 执行AGV分配局部搜索，当前完工时间: 2050.00
2025-04-08 15:00:36,372 - DEBUG - 局部搜索未能改进当前解
2025-04-08 15:00:36,376 - DEBUG - 执行AGV分配局部搜索，当前完工时间: 2052.00
2025-04-08 15:00:36,379 - DEBUG - 局部搜索未能改进当前解
2025-04-08 15:00:36,383 - DEBUG - 执行AGV分配局部搜索，当前完工时间: 2116.00
2025-04-08 15:00:36,387 - DEBUG - 局部搜索未能改进当前解
2025-04-08 15:00:36,390 - DEBUG - 执行AGV分配局部搜索，当前完工时间: 2119.00
2025-04-08 15:00:36,395 - DEBUG - 局部搜索未能改进当前解
2025-04-08 15:00:36,398 - DEBUG - 执行AGV分配局部搜索，当前完工时间: 1967.00
2025-04-08 15:00:36,401 - DEBUG - 局部搜索未能改进当前解
2025-04-08 15:00:36,406 - DEBUG - 执行AGV分配局部搜索，当前完工时间: 2006.00
2025-04-08 15:00:36,409 - DEBUG - 局部搜索未能改进当前解
2025-04-08 15:00:36,413 - DEBUG - 执行AGV分配局部搜索，当前完工时间: 2034.00
2025-04-08 15:00:36,416 - DEBUG - AGV分配局部搜索成功！完工时间从 2034.00 降低到 2004.00，改进: 30.00 (1.47%)
2025-04-08 15:00:36,420 - DEBUG - 执行AGV分配局部搜索，当前完工时间: 2066.00
2025-04-08 15:00:36,424 - DEBUG - 局部搜索未能改进当前解
2025-04-08 15:00:36,428 - DEBUG - 执行AGV分配局部搜索，当前完工时间: 2028.00
2025-04-08 15:00:36,431 - DEBUG - 局部搜索未能改进当前解
2025-04-08 15:00:36,436 - DEBUG - 执行AGV分配局部搜索，当前完工时间: 1985.00
2025-04-08 15:00:36,440 - DEBUG - 局部搜索未能改进当前解
2025-04-08 15:00:36,444 - DEBUG - 执行AGV分配局部搜索，当前完工时间: 2012.00
2025-04-08 15:00:36,447 - DEBUG - 局部搜索未能改进当前解
2025-04-08 15:00:36,450 - DEBUG - 执行AGV分配局部搜索，当前完工时间: 1962.00
2025-04-08 15:00:36,455 - DEBUG - 局部搜索未能改进当前解
2025-04-08 15:00:36,458 - DEBUG - 执行AGV分配局部搜索，当前完工时间: 2074.00
2025-04-08 15:00:36,462 - DEBUG - 局部搜索未能改进当前解
2025-04-08 15:00:36,466 - DEBUG - 执行AGV分配局部搜索，当前完工时间: 2002.00
2025-04-08 15:00:36,469 - DEBUG - 局部搜索未能改进当前解
2025-04-08 15:00:36,473 - DEBUG - 执行AGV分配局部搜索，当前完工时间: 2077.00
2025-04-08 15:00:36,477 - DEBUG - 局部搜索未能改进当前解
2025-04-08 15:00:36,481 - DEBUG - 执行AGV分配局部搜索，当前完工时间: 2136.00
2025-04-08 15:00:36,484 - DEBUG - 局部搜索未能改进当前解
2025-04-08 15:00:36,488 - DEBUG - 执行AGV分配局部搜索，当前完工时间: 2008.00
2025-04-08 15:00:36,492 - DEBUG - 局部搜索未能改进当前解
2025-04-08 15:00:36,496 - DEBUG - 执行AGV分配局部搜索，当前完工时间: 2165.00
2025-04-08 15:00:36,500 - DEBUG - 局部搜索未能改进当前解
2025-04-08 15:00:36,504 - DEBUG - 执行AGV分配局部搜索，当前完工时间: 2073.00
2025-04-08 15:00:36,507 - DEBUG - AGV分配局部搜索成功！完工时间从 2073.00 降低到 2069.00，改进: 4.00 (0.19%)
2025-04-08 15:00:36,511 - DEBUG - 执行AGV分配局部搜索，当前完工时间: 2100.00
2025-04-08 15:00:36,515 - DEBUG - 局部搜索未能改进当前解
2025-04-08 15:00:36,519 - DEBUG - 执行AGV分配局部搜索，当前完工时间: 2121.00
2025-04-08 15:00:36,523 - DEBUG - 局部搜索未能改进当前解
2025-04-08 15:00:36,526 - DEBUG - 执行AGV分配局部搜索，当前完工时间: 1941.00
2025-04-08 15:00:36,531 - DEBUG - 局部搜索未能改进当前解
2025-04-08 15:00:36,535 - DEBUG - 执行AGV分配局部搜索，当前完工时间: 2153.00
2025-04-08 15:00:36,539 - DEBUG - 局部搜索未能改进当前解
2025-04-08 15:00:36,542 - DEBUG - 执行AGV分配局部搜索，当前完工时间: 2125.00
2025-04-08 15:00:36,546 - DEBUG - 局部搜索未能改进当前解
2025-04-08 15:00:36,550 - DEBUG - 执行AGV分配局部搜索，当前完工时间: 2044.00
2025-04-08 15:00:36,554 - DEBUG - 局部搜索未能改进当前解
2025-04-08 15:00:36,557 - DEBUG - 执行AGV分配局部搜索，当前完工时间: 2113.00
2025-04-08 15:00:36,562 - DEBUG - 局部搜索未能改进当前解
2025-04-08 15:00:36,566 - DEBUG - 执行AGV分配局部搜索，当前完工时间: 2070.00
2025-04-08 15:00:36,569 - DEBUG - 局部搜索未能改进当前解
2025-04-08 15:00:36,573 - DEBUG - 执行AGV分配局部搜索，当前完工时间: 1980.00
2025-04-08 15:00:36,576 - DEBUG - 局部搜索未能改进当前解
2025-04-08 15:00:36,581 - DEBUG - 执行AGV分配局部搜索，当前完工时间: 2063.00
2025-04-08 15:00:36,585 - DEBUG - 局部搜索未能改进当前解
2025-04-08 15:00:36,589 - DEBUG - 执行AGV分配局部搜索，当前完工时间: 2091.00
2025-04-08 15:00:36,593 - DEBUG - 局部搜索未能改进当前解
2025-04-08 15:00:36,597 - DEBUG - 执行AGV分配局部搜索，当前完工时间: 2033.00
2025-04-08 15:00:36,600 - DEBUG - 局部搜索未能改进当前解
2025-04-08 15:00:36,604 - DEBUG - 执行AGV分配局部搜索，当前完工时间: 2015.00
2025-04-08 15:00:36,607 - DEBUG - 局部搜索未能改进当前解
2025-04-08 15:00:36,610 - DEBUG - 执行AGV分配局部搜索，当前完工时间: 2015.00
2025-04-08 15:00:36,614 - DEBUG - 局部搜索未能改进当前解
2025-04-08 15:00:36,619 - DEBUG - 执行AGV分配局部搜索，当前完工时间: 2064.00
2025-04-08 15:00:36,622 - DEBUG - 局部搜索未能改进当前解
2025-04-08 15:00:36,626 - DEBUG - 执行AGV分配局部搜索，当前完工时间: 1984.00
2025-04-08 15:00:36,630 - DEBUG - 局部搜索未能改进当前解
2025-04-08 15:00:36,634 - DEBUG - 执行AGV分配局部搜索，当前完工时间: 2055.00
2025-04-08 15:00:36,637 - DEBUG - 局部搜索未能改进当前解
2025-04-08 15:00:36,642 - DEBUG - 执行AGV分配局部搜索，当前完工时间: 2087.00
2025-04-08 15:00:36,645 - DEBUG - 局部搜索未能改进当前解
2025-04-08 15:00:36,648 - DEBUG - 执行AGV分配局部搜索，当前完工时间: 2016.00
2025-04-08 15:00:36,652 - DEBUG - 局部搜索未能改进当前解
2025-04-08 15:00:36,657 - DEBUG - 执行AGV分配局部搜索，当前完工时间: 2011.00
2025-04-08 15:00:36,661 - DEBUG - 局部搜索未能改进当前解
2025-04-08 15:00:36,664 - DEBUG - 执行AGV分配局部搜索，当前完工时间: 2007.00
2025-04-08 15:00:36,668 - DEBUG - 局部搜索未能改进当前解
2025-04-08 15:00:36,672 - DEBUG - 执行AGV分配局部搜索，当前完工时间: 2028.00
2025-04-08 15:00:36,675 - DEBUG - 局部搜索未能改进当前解
2025-04-08 15:00:36,679 - DEBUG - 执行AGV分配局部搜索，当前完工时间: 1976.00
2025-04-08 15:00:36,683 - DEBUG - 局部搜索未能改进当前解
2025-04-08 15:00:36,687 - DEBUG - 执行AGV分配局部搜索，当前完工时间: 1996.00
2025-04-08 15:00:36,691 - DEBUG - 局部搜索未能改进当前解
2025-04-08 15:00:36,695 - DEBUG - 执行AGV分配局部搜索，当前完工时间: 1941.00
2025-04-08 15:00:36,699 - DEBUG - 局部搜索未能改进当前解
2025-04-08 15:00:36,702 - DEBUG - 执行AGV分配局部搜索，当前完工时间: 2004.00
2025-04-08 15:00:36,706 - DEBUG - 局部搜索未能改进当前解
2025-04-08 15:00:36,710 - DEBUG - 执行AGV分配局部搜索，当前完工时间: 2004.00
2025-04-08 15:00:36,714 - DEBUG - 局部搜索未能改进当前解
2025-04-08 15:00:36,718 - DEBUG - 执行AGV分配局部搜索，当前完工时间: 2009.00
2025-04-08 15:00:36,722 - DEBUG - 局部搜索未能改进当前解
2025-04-08 15:00:36,726 - DEBUG - 执行AGV分配局部搜索，当前完工时间: 2228.00
2025-04-08 15:00:36,730 - DEBUG - 局部搜索未能改进当前解
2025-04-08 15:00:36,734 - DEBUG - 执行AGV分配局部搜索，当前完工时间: 2051.00
2025-04-08 15:00:36,738 - DEBUG - 局部搜索未能改进当前解
2025-04-08 15:00:36,741 - DEBUG - 执行AGV分配局部搜索，当前完工时间: 2015.00
2025-04-08 15:00:36,745 - DEBUG - 局部搜索未能改进当前解
2025-04-08 15:00:36,745 - DEBUG - ==================================================
2025-04-08 15:00:36,745 - DEBUG - Efficiency Statistics of Local Search :
2025-04-08 15:00:36,745 - DEBUG - Number of attempts: 99
2025-04-08 15:00:36,745 - DEBUG - Average Success Rate: 8.08%
2025-04-08 15:00:36,745 - DEBUG - AGV Local Search Success: 8，Average Improvement: 22.38
2025-04-08 15:00:36,749 - DEBUG - 执行AGV分配局部搜索，当前完工时间: 2041.00
2025-04-08 15:00:36,754 - DEBUG - 局部搜索未能改进当前解
2025-04-08 15:00:36,757 - DEBUG - 执行AGV分配局部搜索，当前完工时间: 2032.00
2025-04-08 15:00:36,762 - DEBUG - 局部搜索未能改进当前解
2025-04-08 15:00:36,766 - DEBUG - 执行AGV分配局部搜索，当前完工时间: 1963.00
2025-04-08 15:00:36,770 - DEBUG - 局部搜索未能改进当前解
2025-04-08 15:00:36,774 - DEBUG - 执行AGV分配局部搜索，当前完工时间: 2098.00
2025-04-08 15:00:36,776 - DEBUG - AGV分配局部搜索成功！完工时间从 2098.00 降低到 2094.00，改进: 4.00 (0.19%)
2025-04-08 15:00:36,782 - DEBUG - 执行AGV分配局部搜索，当前完工时间: 2050.00
2025-04-08 15:00:36,785 - DEBUG - 局部搜索未能改进当前解
2025-04-08 15:00:36,788 - DEBUG - 执行AGV分配局部搜索，当前完工时间: 2096.00
2025-04-08 15:00:36,792 - DEBUG - 局部搜索未能改进当前解
2025-04-08 15:00:36,796 - DEBUG - 执行AGV分配局部搜索，当前完工时间: 2012.00
2025-04-08 15:00:36,800 - DEBUG - 局部搜索未能改进当前解
2025-04-08 15:00:36,804 - DEBUG - 执行AGV分配局部搜索，当前完工时间: 1996.00
2025-04-08 15:00:36,807 - DEBUG - 局部搜索未能改进当前解
2025-04-08 15:00:36,811 - DEBUG - 执行AGV分配局部搜索，当前完工时间: 2036.00
2025-04-08 15:00:36,814 - DEBUG - 局部搜索未能改进当前解
2025-04-08 15:00:36,818 - DEBUG - 执行AGV分配局部搜索，当前完工时间: 2027.00
2025-04-08 15:00:36,820 - DEBUG - 局部搜索未能改进当前解
2025-04-08 15:00:36,825 - DEBUG - 执行AGV分配局部搜索，当前完工时间: 1971.00
2025-04-08 15:00:36,829 - DEBUG - 局部搜索未能改进当前解
2025-04-08 15:00:36,833 - DEBUG - 执行AGV分配局部搜索，当前完工时间: 2044.00
2025-04-08 15:00:36,837 - DEBUG - 局部搜索未能改进当前解
2025-04-08 15:00:36,840 - DEBUG - 执行AGV分配局部搜索，当前完工时间: 2121.00
2025-04-08 15:00:36,845 - DEBUG - 局部搜索未能改进当前解
2025-04-08 15:00:36,849 - DEBUG - 执行AGV分配局部搜索，当前完工时间: 2179.00
2025-04-08 15:00:36,852 - DEBUG - 局部搜索未能改进当前解
2025-04-08 15:00:36,856 - DEBUG - 执行AGV分配局部搜索，当前完工时间: 1938.00
2025-04-08 15:00:36,859 - DEBUG - 局部搜索未能改进当前解
2025-04-08 15:00:36,864 - DEBUG - 执行AGV分配局部搜索，当前完工时间: 2265.00
2025-04-08 15:00:36,866 - DEBUG - 局部搜索未能改进当前解
2025-04-08 15:00:36,870 - DEBUG - 执行AGV分配局部搜索，当前完工时间: 1956.00
2025-04-08 15:00:36,874 - DEBUG - 局部搜索未能改进当前解
2025-04-08 15:00:36,879 - DEBUG - 执行AGV分配局部搜索，当前完工时间: 1969.00
2025-04-08 15:00:36,881 - DEBUG - 局部搜索未能改进当前解
2025-04-08 15:00:36,885 - DEBUG - 执行AGV分配局部搜索，当前完工时间: 2004.00
2025-04-08 15:00:36,888 - DEBUG - 局部搜索未能改进当前解
2025-04-08 15:00:36,893 - DEBUG - 执行AGV分配局部搜索，当前完工时间: 2030.00
2025-04-08 15:00:36,897 - DEBUG - AGV分配局部搜索成功！完工时间从 2030.00 降低到 2016.00，改进: 14.00 (0.69%)
2025-04-08 15:00:36,900 - DEBUG - 执行AGV分配局部搜索，当前完工时间: 1942.00
2025-04-08 15:00:36,904 - DEBUG - 局部搜索未能改进当前解
2025-04-08 15:00:36,907 - DEBUG - 执行AGV分配局部搜索，当前完工时间: 1941.00
2025-04-08 15:00:36,910 - DEBUG - 局部搜索未能改进当前解
2025-04-08 15:00:36,915 - DEBUG - 执行AGV分配局部搜索，当前完工时间: 2194.00
2025-04-08 15:00:36,918 - DEBUG - 局部搜索未能改进当前解
2025-04-08 15:00:36,921 - DEBUG - 执行AGV分配局部搜索，当前完工时间: 1936.00
2025-04-08 15:00:36,925 - DEBUG - 局部搜索未能改进当前解
2025-04-08 15:00:36,929 - DEBUG - 执行AGV分配局部搜索，当前完工时间: 2004.00
2025-04-08 15:00:36,933 - DEBUG - 局部搜索未能改进当前解
2025-04-08 15:00:36,936 - DEBUG - 执行AGV分配局部搜索，当前完工时间: 2002.00
2025-04-08 15:00:36,940 - DEBUG - 局部搜索未能改进当前解
2025-04-08 15:00:36,943 - DEBUG - 执行AGV分配局部搜索，当前完工时间: 2017.00
2025-04-08 15:00:36,947 - DEBUG - 局部搜索未能改进当前解
2025-04-08 15:00:36,951 - DEBUG - 执行AGV分配局部搜索，当前完工时间: 2068.00
2025-04-08 15:00:36,954 - DEBUG - AGV分配局部搜索成功！完工时间从 2068.00 降低到 2019.00，改进: 49.00 (2.37%)
2025-04-08 15:00:36,959 - DEBUG - 执行AGV分配局部搜索，当前完工时间: 2041.00
2025-04-08 15:00:36,962 - DEBUG - AGV分配局部搜索成功！完工时间从 2041.00 降低到 2040.00，改进: 1.00 (0.05%)
2025-04-08 15:00:36,966 - DEBUG - 执行AGV分配局部搜索，当前完工时间: 1973.00
2025-04-08 15:00:36,969 - DEBUG - 局部搜索未能改进当前解
2025-04-08 15:00:36,973 - DEBUG - 执行AGV分配局部搜索，当前完工时间: 1975.00
2025-04-08 15:00:36,977 - DEBUG - 局部搜索未能改进当前解
2025-04-08 15:00:36,980 - DEBUG - 执行AGV分配局部搜索，当前完工时间: 2121.00
2025-04-08 15:00:36,984 - DEBUG - 局部搜索未能改进当前解
2025-04-08 15:00:36,988 - DEBUG - 执行AGV分配局部搜索，当前完工时间: 1927.00
2025-04-08 15:00:36,992 - DEBUG - 局部搜索未能改进当前解
2025-04-08 15:00:36,996 - DEBUG - 执行AGV分配局部搜索，当前完工时间: 1938.00
2025-04-08 15:00:36,999 - DEBUG - 局部搜索未能改进当前解
2025-04-08 15:00:37,003 - DEBUG - 执行AGV分配局部搜索，当前完工时间: 1942.00
2025-04-08 15:00:37,007 - DEBUG - AGV分配局部搜索成功！完工时间从 1942.00 降低到 1920.00，改进: 22.00 (1.13%)
2025-04-08 15:00:37,011 - DEBUG - 执行AGV分配局部搜索，当前完工时间: 1993.00
2025-04-08 15:00:37,014 - DEBUG - AGV分配局部搜索成功！完工时间从 1993.00 降低到 1979.00，改进: 14.00 (0.70%)
2025-04-08 15:00:37,019 - DEBUG - 执行AGV分配局部搜索，当前完工时间: 2050.00
2025-04-08 15:00:37,022 - DEBUG - 局部搜索未能改进当前解
2025-04-08 15:00:37,025 - DEBUG - 执行AGV分配局部搜索，当前完工时间: 2042.00
2025-04-08 15:00:37,029 - DEBUG - 局部搜索未能改进当前解
2025-04-08 15:00:37,032 - DEBUG - 执行AGV分配局部搜索，当前完工时间: 1987.00
2025-04-08 15:00:37,036 - DEBUG - 局部搜索未能改进当前解
2025-04-08 15:00:37,039 - DEBUG - 执行AGV分配局部搜索，当前完工时间: 2106.00
2025-04-08 15:00:37,043 - DEBUG - 局部搜索未能改进当前解
2025-04-08 15:00:37,047 - DEBUG - 执行AGV分配局部搜索，当前完工时间: 1992.00
2025-04-08 15:00:37,049 - DEBUG - AGV分配局部搜索成功！完工时间从 1992.00 降低到 1970.00，改进: 22.00 (1.10%)
2025-04-08 15:00:37,054 - DEBUG - 执行AGV分配局部搜索，当前完工时间: 2017.00
2025-04-08 15:00:37,056 - DEBUG - 局部搜索未能改进当前解
2025-04-08 15:00:37,060 - DEBUG - 执行AGV分配局部搜索，当前完工时间: 1981.00
2025-04-08 15:00:37,064 - DEBUG - 局部搜索未能改进当前解
2025-04-08 15:00:37,066 - DEBUG - 执行AGV分配局部搜索，当前完工时间: 2078.00
2025-04-08 15:00:37,070 - DEBUG - 局部搜索未能改进当前解
2025-04-08 15:00:37,074 - DEBUG - 执行AGV分配局部搜索，当前完工时间: 2042.00
2025-04-08 15:00:37,079 - DEBUG - 局部搜索未能改进当前解
2025-04-08 15:00:37,083 - DEBUG - 执行AGV分配局部搜索，当前完工时间: 2139.00
2025-04-08 15:00:37,087 - DEBUG - 局部搜索未能改进当前解
2025-04-08 15:00:37,090 - DEBUG - 执行AGV分配局部搜索，当前完工时间: 2005.00
2025-04-08 15:00:37,094 - DEBUG - 局部搜索未能改进当前解
2025-04-08 15:00:37,097 - DEBUG - 执行AGV分配局部搜索，当前完工时间: 2065.00
2025-04-08 15:00:37,101 - DEBUG - 局部搜索未能改进当前解
2025-04-08 15:00:37,105 - DEBUG - 执行AGV分配局部搜索，当前完工时间: 2119.00
2025-04-08 15:00:37,108 - DEBUG - 局部搜索未能改进当前解
2025-04-08 15:00:37,112 - DEBUG - 执行AGV分配局部搜索，当前完工时间: 1999.00
2025-04-08 15:00:37,115 - DEBUG - 局部搜索未能改进当前解
2025-04-08 15:00:37,118 - DEBUG - 执行AGV分配局部搜索，当前完工时间: 2012.00
2025-04-08 15:00:37,122 - DEBUG - 局部搜索未能改进当前解
2025-04-08 15:00:37,127 - DEBUG - 执行AGV分配局部搜索，当前完工时间: 1986.00
2025-04-08 15:00:37,131 - DEBUG - 局部搜索未能改进当前解
2025-04-08 15:00:37,134 - DEBUG - 执行AGV分配局部搜索，当前完工时间: 2117.00
2025-04-08 15:00:37,137 - DEBUG - 局部搜索未能改进当前解
2025-04-08 15:00:37,141 - DEBUG - 执行AGV分配局部搜索，当前完工时间: 1998.00
2025-04-08 15:00:37,145 - DEBUG - 局部搜索未能改进当前解
2025-04-08 15:00:37,148 - DEBUG - 执行AGV分配局部搜索，当前完工时间: 1941.00
2025-04-08 15:00:37,152 - DEBUG - 局部搜索未能改进当前解
2025-04-08 15:00:37,156 - DEBUG - 执行AGV分配局部搜索，当前完工时间: 1992.00
2025-04-08 15:00:37,159 - DEBUG - 局部搜索未能改进当前解
2025-04-08 15:00:37,163 - DEBUG - 执行AGV分配局部搜索，当前完工时间: 2064.00
2025-04-08 15:00:37,166 - DEBUG - 局部搜索未能改进当前解
2025-04-08 15:00:37,171 - DEBUG - 执行AGV分配局部搜索，当前完工时间: 2116.00
2025-04-08 15:00:37,174 - DEBUG - 局部搜索未能改进当前解
2025-04-08 15:00:37,178 - DEBUG - 执行AGV分配局部搜索，当前完工时间: 2091.00
2025-04-08 15:00:37,181 - DEBUG - 局部搜索未能改进当前解
2025-04-08 15:00:37,184 - DEBUG - 执行AGV分配局部搜索，当前完工时间: 1940.00
2025-04-08 15:00:37,188 - DEBUG - 局部搜索未能改进当前解
2025-04-08 15:00:37,192 - DEBUG - 执行AGV分配局部搜索，当前完工时间: 2017.00
2025-04-08 15:00:37,196 - DEBUG - AGV分配局部搜索成功！完工时间从 2017.00 降低到 1989.00，改进: 28.00 (1.39%)
2025-04-08 15:00:37,199 - DEBUG - 执行AGV分配局部搜索，当前完工时间: 2144.00
2025-04-08 15:00:37,203 - DEBUG - 局部搜索未能改进当前解
2025-04-08 15:00:37,206 - DEBUG - 执行AGV分配局部搜索，当前完工时间: 1971.00
2025-04-08 15:00:37,210 - DEBUG - 局部搜索未能改进当前解
2025-04-08 15:00:37,214 - DEBUG - 执行AGV分配局部搜索，当前完工时间: 1966.00
2025-04-08 15:00:37,216 - DEBUG - 局部搜索未能改进当前解
2025-04-08 15:00:37,220 - DEBUG - 执行AGV分配局部搜索，当前完工时间: 2002.00
2025-04-08 15:00:37,224 - DEBUG - 局部搜索未能改进当前解
2025-04-08 15:00:37,226 - DEBUG - 执行AGV分配局部搜索，当前完工时间: 2055.00
2025-04-08 15:00:37,230 - DEBUG - 局部搜索未能改进当前解
2025-04-08 15:00:37,234 - DEBUG - 执行AGV分配局部搜索，当前完工时间: 2025.00
2025-04-08 15:00:37,237 - DEBUG - AGV分配局部搜索成功！完工时间从 2025.00 降低到 1998.00，改进: 27.00 (1.33%)
2025-04-08 15:00:37,242 - DEBUG - 执行AGV分配局部搜索，当前完工时间: 2049.00
2025-04-08 15:00:37,245 - DEBUG - 局部搜索未能改进当前解
2025-04-08 15:00:37,249 - DEBUG - 执行AGV分配局部搜索，当前完工时间: 2097.00
2025-04-08 15:00:37,252 - DEBUG - 局部搜索未能改进当前解
2025-04-08 15:00:37,256 - DEBUG - 执行AGV分配局部搜索，当前完工时间: 2082.00
2025-04-08 15:00:37,259 - DEBUG - 局部搜索未能改进当前解
2025-04-08 15:00:37,262 - DEBUG - 执行AGV分配局部搜索，当前完工时间: 1954.00
2025-04-08 15:00:37,267 - DEBUG - 局部搜索未能改进当前解
2025-04-08 15:00:37,270 - DEBUG - 执行AGV分配局部搜索，当前完工时间: 1982.00
2025-04-08 15:00:37,273 - DEBUG - 局部搜索未能改进当前解
2025-04-08 15:00:37,276 - DEBUG - 执行AGV分配局部搜索，当前完工时间: 1980.00
2025-04-08 15:00:37,280 - DEBUG - 局部搜索未能改进当前解
2025-04-08 15:00:37,284 - DEBUG - 执行AGV分配局部搜索，当前完工时间: 1980.00
2025-04-08 15:00:37,288 - DEBUG - AGV分配局部搜索成功！完工时间从 1980.00 降低到 1943.00，改进: 37.00 (1.87%)
2025-04-08 15:00:37,291 - DEBUG - 执行AGV分配局部搜索，当前完工时间: 1984.00
2025-04-08 15:00:37,295 - DEBUG - 局部搜索未能改进当前解
2025-04-08 15:00:37,299 - DEBUG - 执行AGV分配局部搜索，当前完工时间: 2002.00
2025-04-08 15:00:37,303 - DEBUG - 局部搜索未能改进当前解
2025-04-08 15:00:37,306 - DEBUG - 执行AGV分配局部搜索，当前完工时间: 2015.00
2025-04-08 15:00:37,310 - DEBUG - AGV分配局部搜索成功！完工时间从 2015.00 降低到 1979.00，改进: 36.00 (1.79%)
2025-04-08 15:00:37,314 - DEBUG - 执行AGV分配局部搜索，当前完工时间: 2038.00
2025-04-08 15:00:37,316 - DEBUG - 局部搜索未能改进当前解
2025-04-08 15:00:37,321 - DEBUG - 执行AGV分配局部搜索，当前完工时间: 2183.00
2025-04-08 15:00:37,324 - DEBUG - 局部搜索未能改进当前解
2025-04-08 15:00:37,328 - DEBUG - 执行AGV分配局部搜索，当前完工时间: 1979.00
2025-04-08 15:00:37,332 - DEBUG - 局部搜索未能改进当前解
2025-04-08 15:00:37,335 - DEBUG - 执行AGV分配局部搜索，当前完工时间: 2075.00
2025-04-08 15:00:37,338 - DEBUG - 局部搜索未能改进当前解
2025-04-08 15:00:37,343 - DEBUG - 执行AGV分配局部搜索，当前完工时间: 2026.00
2025-04-08 15:00:37,347 - DEBUG - 局部搜索未能改进当前解
2025-04-08 15:00:37,350 - DEBUG - 执行AGV分配局部搜索，当前完工时间: 2006.00
2025-04-08 15:00:37,353 - DEBUG - 局部搜索未能改进当前解
2025-04-08 15:00:37,357 - DEBUG - 执行AGV分配局部搜索，当前完工时间: 1967.00
2025-04-08 15:00:37,360 - DEBUG - 局部搜索未能改进当前解
2025-04-08 15:00:37,365 - DEBUG - 执行AGV分配局部搜索，当前完工时间: 1985.00
2025-04-08 15:00:37,368 - DEBUG - 局部搜索未能改进当前解
2025-04-08 15:00:37,372 - DEBUG - 执行AGV分配局部搜索，当前完工时间: 2199.00
2025-04-08 15:00:37,375 - DEBUG - 局部搜索未能改进当前解
2025-04-08 15:00:37,379 - DEBUG - 执行AGV分配局部搜索，当前完工时间: 2078.00
2025-04-08 15:00:37,383 - DEBUG - 局部搜索未能改进当前解
2025-04-08 15:00:37,386 - DEBUG - 执行AGV分配局部搜索，当前完工时间: 2046.00
2025-04-08 15:00:37,390 - DEBUG - 局部搜索未能改进当前解
2025-04-08 15:00:37,394 - DEBUG - 执行AGV分配局部搜索，当前完工时间: 2090.00
2025-04-08 15:00:37,397 - DEBUG - 局部搜索未能改进当前解
2025-04-08 15:00:37,402 - DEBUG - 执行AGV分配局部搜索，当前完工时间: 2072.00
2025-04-08 15:00:37,405 - DEBUG - 局部搜索未能改进当前解
2025-04-08 15:00:37,409 - DEBUG - 执行AGV分配局部搜索，当前完工时间: 1994.00
2025-04-08 15:00:37,412 - DEBUG - 局部搜索未能改进当前解
2025-04-08 15:00:37,415 - DEBUG - 执行AGV分配局部搜索，当前完工时间: 1966.00
2025-04-08 15:00:37,420 - DEBUG - 局部搜索未能改进当前解
2025-04-08 15:00:37,423 - DEBUG - 执行AGV分配局部搜索，当前完工时间: 2014.00
2025-04-08 15:00:37,427 - DEBUG - 局部搜索未能改进当前解
2025-04-08 15:00:37,430 - DEBUG - 执行AGV分配局部搜索，当前完工时间: 1967.00
2025-04-08 15:00:37,434 - DEBUG - 局部搜索未能改进当前解
2025-04-08 15:00:37,437 - DEBUG - 执行AGV分配局部搜索，当前完工时间: 2084.00
2025-04-08 15:00:37,441 - DEBUG - 局部搜索未能改进当前解
2025-04-08 15:00:37,444 - DEBUG - 执行AGV分配局部搜索，当前完工时间: 2014.00
2025-04-08 15:00:37,448 - DEBUG - 局部搜索未能改进当前解
2025-04-08 15:00:37,452 - DEBUG - 执行AGV分配局部搜索，当前完工时间: 2052.00
2025-04-08 15:00:37,456 - DEBUG - 局部搜索未能改进当前解
2025-04-08 15:00:37,460 - DEBUG - 执行AGV分配局部搜索，当前完工时间: 1950.00
2025-04-08 15:00:37,464 - DEBUG - AGV分配局部搜索成功！完工时间从 1950.00 降低到 1949.00，改进: 1.00 (0.05%)
2025-04-08 15:00:37,467 - DEBUG - 执行AGV分配局部搜索，当前完工时间: 2017.00
2025-04-08 15:00:37,471 - DEBUG - 局部搜索未能改进当前解
2025-04-08 15:00:37,471 - DEBUG - ==================================================
2025-04-08 15:00:37,471 - DEBUG - Efficiency Statistics of Local Search :
2025-04-08 15:00:37,471 - DEBUG - Number of attempts: 99
2025-04-08 15:00:37,471 - DEBUG - Average Success Rate: 12.12%
2025-04-08 15:00:37,471 - DEBUG - AGV Local Search Success: 12，Average Improvement: 21.25
2025-04-08 15:00:37,474 - DEBUG - 执行AGV分配局部搜索，当前完工时间: 1869.00
2025-04-08 15:00:37,478 - DEBUG - 局部搜索未能改进当前解
2025-04-08 15:00:37,482 - DEBUG - 执行AGV分配局部搜索，当前完工时间: 2102.00
2025-04-08 15:00:37,486 - DEBUG - AGV分配局部搜索成功！完工时间从 2102.00 降低到 2096.00，改进: 6.00 (0.29%)
2025-04-08 15:00:37,491 - DEBUG - 执行AGV分配局部搜索，当前完工时间: 1967.00
2025-04-08 15:00:37,494 - DEBUG - 局部搜索未能改进当前解
2025-04-08 15:00:37,498 - DEBUG - 执行AGV分配局部搜索，当前完工时间: 1932.00
2025-04-08 15:00:37,501 - DEBUG - 局部搜索未能改进当前解
2025-04-08 15:00:37,505 - DEBUG - 执行AGV分配局部搜索，当前完工时间: 2165.00
2025-04-08 15:00:37,509 - DEBUG - 局部搜索未能改进当前解
2025-04-08 15:00:37,512 - DEBUG - 执行AGV分配局部搜索，当前完工时间: 1982.00
2025-04-08 15:00:37,516 - DEBUG - 局部搜索未能改进当前解
2025-04-08 15:00:37,520 - DEBUG - 执行AGV分配局部搜索，当前完工时间: 1978.00
2025-04-08 15:00:37,523 - DEBUG - AGV分配局部搜索成功！完工时间从 1978.00 降低到 1950.00，改进: 28.00 (1.42%)
2025-04-08 15:00:37,527 - DEBUG - 执行AGV分配局部搜索，当前完工时间: 2071.00
2025-04-08 15:00:37,530 - DEBUG - 局部搜索未能改进当前解
2025-04-08 15:00:37,534 - DEBUG - 执行AGV分配局部搜索，当前完工时间: 2009.00
2025-04-08 15:00:37,537 - DEBUG - AGV分配局部搜索成功！完工时间从 2009.00 降低到 1994.00，改进: 15.00 (0.75%)
2025-04-08 15:00:37,540 - DEBUG - 执行AGV分配局部搜索，当前完工时间: 2029.00
2025-04-08 15:00:37,544 - DEBUG - 局部搜索未能改进当前解
2025-04-08 15:00:37,547 - DEBUG - 执行AGV分配局部搜索，当前完工时间: 2058.00
2025-04-08 15:00:37,551 - DEBUG - 局部搜索未能改进当前解
2025-04-08 15:00:37,556 - DEBUG - 执行AGV分配局部搜索，当前完工时间: 1941.00
2025-04-08 15:00:37,559 - DEBUG - 局部搜索未能改进当前解
2025-04-08 15:00:37,562 - DEBUG - 执行AGV分配局部搜索，当前完工时间: 2217.00
2025-04-08 15:00:37,567 - DEBUG - 局部搜索未能改进当前解
2025-04-08 15:00:37,570 - DEBUG - 执行AGV分配局部搜索，当前完工时间: 2011.00
2025-04-08 15:00:37,573 - DEBUG - AGV分配局部搜索成功！完工时间从 2011.00 降低到 1984.00，改进: 27.00 (1.34%)
2025-04-08 15:00:37,577 - DEBUG - 执行AGV分配局部搜索，当前完工时间: 2115.00
2025-04-08 15:00:37,580 - DEBUG - 局部搜索未能改进当前解
2025-04-08 15:00:37,584 - DEBUG - 执行AGV分配局部搜索，当前完工时间: 2086.00
2025-04-08 15:00:37,588 - DEBUG - 局部搜索未能改进当前解
2025-04-08 15:00:37,592 - DEBUG - 执行AGV分配局部搜索，当前完工时间: 2166.00
2025-04-08 15:00:37,595 - DEBUG - 局部搜索未能改进当前解
2025-04-08 15:00:37,599 - DEBUG - 执行AGV分配局部搜索，当前完工时间: 2031.00
2025-04-08 15:00:37,602 - DEBUG - 局部搜索未能改进当前解
2025-04-08 15:00:37,606 - DEBUG - 执行AGV分配局部搜索，当前完工时间: 2148.00
2025-04-08 15:00:37,610 - DEBUG - 局部搜索未能改进当前解
2025-04-08 15:00:37,614 - DEBUG - 执行AGV分配局部搜索，当前完工时间: 2146.00
2025-04-08 15:00:37,617 - DEBUG - AGV分配局部搜索成功！完工时间从 2146.00 降低到 2145.00，改进: 1.00 (0.05%)
2025-04-08 15:00:37,621 - DEBUG - 执行AGV分配局部搜索，当前完工时间: 1955.00
2025-04-08 15:00:37,624 - DEBUG - 局部搜索未能改进当前解
2025-04-08 15:00:37,629 - DEBUG - 执行AGV分配局部搜索，当前完工时间: 2036.00
2025-04-08 15:00:37,633 - DEBUG - 局部搜索未能改进当前解
2025-04-08 15:00:37,637 - DEBUG - 执行AGV分配局部搜索，当前完工时间: 2006.00
2025-04-08 15:00:37,641 - DEBUG - 局部搜索未能改进当前解
2025-04-08 15:00:37,645 - DEBUG - 执行AGV分配局部搜索，当前完工时间: 2016.00
2025-04-08 15:00:37,649 - DEBUG - 局部搜索未能改进当前解
2025-04-08 15:00:37,653 - DEBUG - 执行AGV分配局部搜索，当前完工时间: 2231.00
2025-04-08 15:00:37,656 - DEBUG - 局部搜索未能改进当前解
2025-04-08 15:00:37,659 - DEBUG - 执行AGV分配局部搜索，当前完工时间: 2082.00
2025-04-08 15:00:37,662 - DEBUG - 局部搜索未能改进当前解
2025-04-08 15:00:37,667 - DEBUG - 执行AGV分配局部搜索，当前完工时间: 2076.00
2025-04-08 15:00:37,672 - DEBUG - 局部搜索未能改进当前解
2025-04-08 15:00:37,676 - DEBUG - 执行AGV分配局部搜索，当前完工时间: 2002.00
2025-04-08 15:00:37,680 - DEBUG - 局部搜索未能改进当前解
2025-04-08 15:00:37,683 - DEBUG - 执行AGV分配局部搜索，当前完工时间: 2010.00
2025-04-08 15:00:37,687 - DEBUG - 局部搜索未能改进当前解
2025-04-08 15:00:37,691 - DEBUG - 执行AGV分配局部搜索，当前完工时间: 2047.00
2025-04-08 15:00:37,694 - DEBUG - 局部搜索未能改进当前解
2025-04-08 15:00:37,697 - DEBUG - 执行AGV分配局部搜索，当前完工时间: 1984.00
2025-04-08 15:00:37,701 - DEBUG - 局部搜索未能改进当前解
2025-04-08 15:00:37,705 - DEBUG - 执行AGV分配局部搜索，当前完工时间: 2022.00
2025-04-08 15:00:37,708 - DEBUG - 局部搜索未能改进当前解
2025-04-08 15:00:37,712 - DEBUG - 执行AGV分配局部搜索，当前完工时间: 2036.00
2025-04-08 15:00:37,716 - DEBUG - 局部搜索未能改进当前解
2025-04-08 15:00:37,719 - DEBUG - 执行AGV分配局部搜索，当前完工时间: 2027.00
2025-04-08 15:00:37,723 - DEBUG - AGV分配局部搜索成功！完工时间从 2027.00 降低到 2019.00，改进: 8.00 (0.39%)
2025-04-08 15:00:37,726 - DEBUG - 执行AGV分配局部搜索，当前完工时间: 2032.00
2025-04-08 15:00:37,730 - DEBUG - AGV分配局部搜索成功！完工时间从 2032.00 降低到 2000.00，改进: 32.00 (1.57%)
2025-04-08 15:00:37,734 - DEBUG - 执行AGV分配局部搜索，当前完工时间: 2003.00
2025-04-08 15:00:37,737 - DEBUG - 局部搜索未能改进当前解
2025-04-08 15:00:37,741 - DEBUG - 执行AGV分配局部搜索，当前完工时间: 2002.00
2025-04-08 15:00:37,745 - DEBUG - 局部搜索未能改进当前解
2025-04-08 15:00:37,749 - DEBUG - 执行AGV分配局部搜索，当前完工时间: 1980.00
2025-04-08 15:00:37,753 - DEBUG - AGV分配局部搜索成功！完工时间从 1980.00 降低到 1973.00，改进: 7.00 (0.35%)
2025-04-08 15:00:37,756 - DEBUG - 执行AGV分配局部搜索，当前完工时间: 1992.00
2025-04-08 15:00:37,759 - DEBUG - 局部搜索未能改进当前解
2025-04-08 15:00:37,763 - DEBUG - 执行AGV分配局部搜索，当前完工时间: 1987.00
2025-04-08 15:00:37,768 - DEBUG - 局部搜索未能改进当前解
2025-04-08 15:00:37,771 - DEBUG - 执行AGV分配局部搜索，当前完工时间: 1987.00
2025-04-08 15:00:37,775 - DEBUG - 局部搜索未能改进当前解
2025-04-08 15:00:37,779 - DEBUG - 执行AGV分配局部搜索，当前完工时间: 2082.00
2025-04-08 15:00:37,782 - DEBUG - 局部搜索未能改进当前解
2025-04-08 15:00:37,786 - DEBUG - 执行AGV分配局部搜索，当前完工时间: 1998.00
2025-04-08 15:00:37,790 - DEBUG - 局部搜索未能改进当前解
2025-04-08 15:00:37,793 - DEBUG - 执行AGV分配局部搜索，当前完工时间: 1982.00
2025-04-08 15:00:37,797 - DEBUG - 局部搜索未能改进当前解
2025-04-08 15:00:37,800 - DEBUG - 执行AGV分配局部搜索，当前完工时间: 2012.00
2025-04-08 15:00:37,803 - DEBUG - 局部搜索未能改进当前解
2025-04-08 15:00:37,807 - DEBUG - 执行AGV分配局部搜索，当前完工时间: 1970.00
2025-04-08 15:00:37,810 - DEBUG - AGV分配局部搜索成功！完工时间从 1970.00 降低到 1955.00，改进: 15.00 (0.76%)
2025-04-08 15:00:37,814 - DEBUG - 执行AGV分配局部搜索，当前完工时间: 1931.00
2025-04-08 15:00:37,818 - DEBUG - 局部搜索未能改进当前解
2025-04-08 15:00:37,823 - DEBUG - 执行AGV分配局部搜索，当前完工时间: 2177.00
2025-04-08 15:00:37,825 - DEBUG - 局部搜索未能改进当前解
2025-04-08 15:00:37,830 - DEBUG - 执行AGV分配局部搜索，当前完工时间: 1958.00
2025-04-08 15:00:37,833 - DEBUG - 局部搜索未能改进当前解
2025-04-08 15:00:37,837 - DEBUG - 执行AGV分配局部搜索，当前完工时间: 1972.00
2025-04-08 15:00:37,841 - DEBUG - 局部搜索未能改进当前解
2025-04-08 15:00:37,844 - DEBUG - 执行AGV分配局部搜索，当前完工时间: 2010.00
2025-04-08 15:00:37,847 - DEBUG - 局部搜索未能改进当前解
2025-04-08 15:00:37,852 - DEBUG - 执行AGV分配局部搜索，当前完工时间: 2052.00
2025-04-08 15:00:37,855 - DEBUG - 局部搜索未能改进当前解
2025-04-08 15:00:37,858 - DEBUG - 执行AGV分配局部搜索，当前完工时间: 1975.00
2025-04-08 15:00:37,862 - DEBUG - 局部搜索未能改进当前解
2025-04-08 15:00:37,865 - DEBUG - 执行AGV分配局部搜索，当前完工时间: 2012.00
2025-04-08 15:00:37,869 - DEBUG - 局部搜索未能改进当前解
2025-04-08 15:00:37,872 - DEBUG - 执行AGV分配局部搜索，当前完工时间: 1975.00
2025-04-08 15:00:37,876 - DEBUG - 局部搜索未能改进当前解
2025-04-08 15:00:37,880 - DEBUG - 执行AGV分配局部搜索，当前完工时间: 2139.00
2025-04-08 15:00:37,883 - DEBUG - AGV分配局部搜索成功！完工时间从 2139.00 降低到 2138.00，改进: 1.00 (0.05%)
2025-04-08 15:00:37,887 - DEBUG - 执行AGV分配局部搜索，当前完工时间: 2182.00
2025-04-08 15:00:37,891 - DEBUG - AGV分配局部搜索成功！完工时间从 2182.00 降低到 2135.00，改进: 47.00 (2.15%)
2025-04-08 15:00:37,895 - DEBUG - 执行AGV分配局部搜索，当前完工时间: 2054.00
2025-04-08 15:00:37,897 - DEBUG - AGV分配局部搜索成功！完工时间从 2054.00 降低到 2044.00，改进: 10.00 (0.49%)
2025-04-08 15:00:37,902 - DEBUG - 执行AGV分配局部搜索，当前完工时间: 1943.00
2025-04-08 15:00:37,905 - DEBUG - 局部搜索未能改进当前解
2025-04-08 15:00:37,909 - DEBUG - 执行AGV分配局部搜索，当前完工时间: 2011.00
2025-04-08 15:00:37,913 - DEBUG - 局部搜索未能改进当前解
2025-04-08 15:00:37,916 - DEBUG - 执行AGV分配局部搜索，当前完工时间: 1976.00
2025-04-08 15:00:37,920 - DEBUG - 局部搜索未能改进当前解
2025-04-08 15:00:37,924 - DEBUG - 执行AGV分配局部搜索，当前完工时间: 2008.00
2025-04-08 15:00:37,928 - DEBUG - 局部搜索未能改进当前解
2025-04-08 15:00:37,932 - DEBUG - 执行AGV分配局部搜索，当前完工时间: 2058.00
2025-04-08 15:00:37,935 - DEBUG - 局部搜索未能改进当前解
2025-04-08 15:00:37,939 - DEBUG - 执行AGV分配局部搜索，当前完工时间: 1960.00
2025-04-08 15:00:37,942 - DEBUG - 局部搜索未能改进当前解
2025-04-08 15:00:37,946 - DEBUG - 执行AGV分配局部搜索，当前完工时间: 2129.00
2025-04-08 15:00:37,950 - DEBUG - 局部搜索未能改进当前解
2025-04-08 15:00:37,953 - DEBUG - 执行AGV分配局部搜索，当前完工时间: 1991.00
2025-04-08 15:00:37,957 - DEBUG - AGV分配局部搜索成功！完工时间从 1991.00 降低到 1968.00，改进: 23.00 (1.16%)
2025-04-08 15:00:37,960 - DEBUG - 执行AGV分配局部搜索，当前完工时间: 2072.00
2025-04-08 15:00:37,964 - DEBUG - 局部搜索未能改进当前解
2025-04-08 15:00:37,968 - DEBUG - 执行AGV分配局部搜索，当前完工时间: 2088.00
2025-04-08 15:00:37,971 - DEBUG - 局部搜索未能改进当前解
2025-04-08 15:00:37,975 - DEBUG - 执行AGV分配局部搜索，当前完工时间: 2033.00
2025-04-08 15:00:37,979 - DEBUG - 局部搜索未能改进当前解
2025-04-08 15:00:37,982 - DEBUG - 执行AGV分配局部搜索，当前完工时间: 2044.00
2025-04-08 15:00:37,986 - DEBUG - 局部搜索未能改进当前解
2025-04-08 15:00:37,990 - DEBUG - 执行AGV分配局部搜索，当前完工时间: 1972.00
2025-04-08 15:00:37,993 - DEBUG - 局部搜索未能改进当前解
2025-04-08 15:00:37,997 - DEBUG - 执行AGV分配局部搜索，当前完工时间: 1920.00
2025-04-08 15:00:38,000 - DEBUG - 局部搜索未能改进当前解
2025-04-08 15:00:38,003 - DEBUG - 执行AGV分配局部搜索，当前完工时间: 1971.00
2025-04-08 15:00:38,007 - DEBUG - 局部搜索未能改进当前解
2025-04-08 15:00:38,011 - DEBUG - 执行AGV分配局部搜索，当前完工时间: 2050.00
2025-04-08 15:00:38,014 - DEBUG - 局部搜索未能改进当前解
2025-04-08 15:00:38,018 - DEBUG - 执行AGV分配局部搜索，当前完工时间: 2060.00
2025-04-08 15:00:38,020 - DEBUG - AGV分配局部搜索成功！完工时间从 2060.00 降低到 2038.00，改进: 22.00 (1.07%)
2025-04-08 15:00:38,025 - DEBUG - 执行AGV分配局部搜索，当前完工时间: 1965.00
2025-04-08 15:00:38,029 - DEBUG - 局部搜索未能改进当前解
2025-04-08 15:00:38,033 - DEBUG - 执行AGV分配局部搜索，当前完工时间: 1941.00
2025-04-08 15:00:38,036 - DEBUG - 局部搜索未能改进当前解
2025-04-08 15:00:38,038 - DEBUG - 执行AGV分配局部搜索，当前完工时间: 1963.00
2025-04-08 15:00:38,043 - DEBUG - 局部搜索未能改进当前解
2025-04-08 15:00:38,047 - DEBUG - 执行AGV分配局部搜索，当前完工时间: 2056.00
2025-04-08 15:00:38,051 - DEBUG - 局部搜索未能改进当前解
2025-04-08 15:00:38,054 - DEBUG - 执行AGV分配局部搜索，当前完工时间: 2041.00
2025-04-08 15:00:38,058 - DEBUG - AGV分配局部搜索成功！完工时间从 2041.00 降低到 2023.00，改进: 18.00 (0.88%)
2025-04-08 15:00:38,062 - DEBUG - 执行AGV分配局部搜索，当前完工时间: 2000.00
2025-04-08 15:00:38,065 - DEBUG - 局部搜索未能改进当前解
2025-04-08 15:00:38,068 - DEBUG - 执行AGV分配局部搜索，当前完工时间: 2012.00
2025-04-08 15:00:38,073 - DEBUG - 局部搜索未能改进当前解
2025-04-08 15:00:38,076 - DEBUG - 执行AGV分配局部搜索，当前完工时间: 2000.00
2025-04-08 15:00:38,080 - DEBUG - 局部搜索未能改进当前解
2025-04-08 15:00:38,083 - DEBUG - 执行AGV分配局部搜索，当前完工时间: 2007.00
2025-04-08 15:00:38,087 - DEBUG - 局部搜索未能改进当前解
2025-04-08 15:00:38,091 - DEBUG - 执行AGV分配局部搜索，当前完工时间: 2038.00
2025-04-08 15:00:38,095 - DEBUG - 局部搜索未能改进当前解
2025-04-08 15:00:38,099 - DEBUG - 执行AGV分配局部搜索，当前完工时间: 1992.00
2025-04-08 15:00:38,103 - DEBUG - 局部搜索未能改进当前解
2025-04-08 15:00:38,107 - DEBUG - 执行AGV分配局部搜索，当前完工时间: 2047.00
2025-04-08 15:00:38,110 - DEBUG - 局部搜索未能改进当前解
2025-04-08 15:00:38,114 - DEBUG - 执行AGV分配局部搜索，当前完工时间: 2158.00
2025-04-08 15:00:38,117 - DEBUG - 局部搜索未能改进当前解
2025-04-08 15:00:38,121 - DEBUG - 执行AGV分配局部搜索，当前完工时间: 2042.00
2025-04-08 15:00:38,125 - DEBUG - 局部搜索未能改进当前解
2025-04-08 15:00:38,128 - DEBUG - 执行AGV分配局部搜索，当前完工时间: 2024.00
2025-04-08 15:00:38,132 - DEBUG - 局部搜索未能改进当前解
2025-04-08 15:00:38,136 - DEBUG - 执行AGV分配局部搜索，当前完工时间: 2225.00
2025-04-08 15:00:38,140 - DEBUG - 局部搜索未能改进当前解
2025-04-08 15:00:38,144 - DEBUG - 执行AGV分配局部搜索，当前完工时间: 2015.00
2025-04-08 15:00:38,148 - DEBUG - 局部搜索未能改进当前解
2025-04-08 15:00:38,151 - DEBUG - 执行AGV分配局部搜索，当前完工时间: 1966.00
2025-04-08 15:00:38,155 - DEBUG - 局部搜索未能改进当前解
2025-04-08 15:00:38,159 - DEBUG - 执行AGV分配局部搜索，当前完工时间: 2074.00
2025-04-08 15:00:38,162 - DEBUG - 局部搜索未能改进当前解
2025-04-08 15:00:38,166 - DEBUG - 执行AGV分配局部搜索，当前完工时间: 2110.00
2025-04-08 15:00:38,169 - DEBUG - AGV分配局部搜索成功！完工时间从 2110.00 降低到 2081.00，改进: 29.00 (1.37%)
2025-04-08 15:00:38,173 - DEBUG - 执行AGV分配局部搜索，当前完工时间: 2049.00
2025-04-08 15:00:38,176 - DEBUG - 局部搜索未能改进当前解
2025-04-08 15:00:38,180 - DEBUG - 执行AGV分配局部搜索，当前完工时间: 1936.00
2025-04-08 15:00:38,183 - DEBUG - 局部搜索未能改进当前解
2025-04-08 15:00:38,187 - DEBUG - 执行AGV分配局部搜索，当前完工时间: 2006.00
2025-04-08 15:00:38,191 - DEBUG - 局部搜索未能改进当前解
2025-04-08 15:00:38,195 - DEBUG - 执行AGV分配局部搜索，当前完工时间: 2022.00
2025-04-08 15:00:38,197 - DEBUG - 局部搜索未能改进当前解
2025-04-08 15:00:38,199 - DEBUG - ==================================================
2025-04-08 15:00:38,199 - DEBUG - Efficiency Statistics of Local Search :
2025-04-08 15:00:38,199 - DEBUG - Number of attempts: 99
2025-04-08 15:00:38,199 - DEBUG - Average Success Rate: 16.16%
2025-04-08 15:00:38,199 - DEBUG - AGV Local Search Success: 16，Average Improvement: 18.06
2025-04-08 15:00:38,203 - DEBUG - 执行AGV分配局部搜索，当前完工时间: 2008.00
2025-04-08 15:00:38,206 - DEBUG - 局部搜索未能改进当前解
2025-04-08 15:00:38,209 - DEBUG - 执行AGV分配局部搜索，当前完工时间: 2056.00
2025-04-08 15:00:38,214 - DEBUG - 局部搜索未能改进当前解
2025-04-08 15:00:38,218 - DEBUG - 执行AGV分配局部搜索，当前完工时间: 2137.00
2025-04-08 15:00:38,221 - DEBUG - 局部搜索未能改进当前解
2025-04-08 15:00:38,224 - DEBUG - 执行AGV分配局部搜索，当前完工时间: 1955.00
2025-04-08 15:00:38,228 - DEBUG - AGV分配局部搜索成功！完工时间从 1955.00 降低到 1952.00，改进: 3.00 (0.15%)
2025-04-08 15:00:38,232 - DEBUG - 执行AGV分配局部搜索，当前完工时间: 1923.00
2025-04-08 15:00:38,235 - DEBUG - 局部搜索未能改进当前解
2025-04-08 15:00:38,239 - DEBUG - 执行AGV分配局部搜索，当前完工时间: 1940.00
2025-04-08 15:00:38,243 - DEBUG - 局部搜索未能改进当前解
2025-04-08 15:00:38,246 - DEBUG - 执行AGV分配局部搜索，当前完工时间: 2077.00
2025-04-08 15:00:38,250 - DEBUG - 局部搜索未能改进当前解
2025-04-08 15:00:38,253 - DEBUG - 执行AGV分配局部搜索，当前完工时间: 2002.00
2025-04-08 15:00:38,256 - DEBUG - 局部搜索未能改进当前解
2025-04-08 15:00:38,260 - DEBUG - 执行AGV分配局部搜索，当前完工时间: 2052.00
2025-04-08 15:00:38,264 - DEBUG - 局部搜索未能改进当前解
2025-04-08 15:00:38,268 - DEBUG - 执行AGV分配局部搜索，当前完工时间: 2023.00
2025-04-08 15:00:38,271 - DEBUG - 局部搜索未能改进当前解
2025-04-08 15:00:38,274 - DEBUG - 执行AGV分配局部搜索，当前完工时间: 2010.00
2025-04-08 15:00:38,278 - DEBUG - 局部搜索未能改进当前解
2025-04-08 15:00:38,281 - DEBUG - 执行AGV分配局部搜索，当前完工时间: 2075.00
2025-04-08 15:00:38,285 - DEBUG - 局部搜索未能改进当前解
2025-04-08 15:00:38,289 - DEBUG - 执行AGV分配局部搜索，当前完工时间: 2075.00
2025-04-08 15:00:38,293 - DEBUG - 局部搜索未能改进当前解
2025-04-08 15:00:38,297 - DEBUG - 执行AGV分配局部搜索，当前完工时间: 1993.00
2025-04-08 15:00:38,301 - DEBUG - 局部搜索未能改进当前解
2025-04-08 15:00:38,305 - DEBUG - 执行AGV分配局部搜索，当前完工时间: 1936.00
2025-04-08 15:00:38,308 - DEBUG - 局部搜索未能改进当前解
2025-04-08 15:00:38,313 - DEBUG - 执行AGV分配局部搜索，当前完工时间: 2037.00
2025-04-08 15:00:38,317 - DEBUG - 局部搜索未能改进当前解
2025-04-08 15:00:38,320 - DEBUG - 执行AGV分配局部搜索，当前完工时间: 2096.00
2025-04-08 15:00:38,324 - DEBUG - 局部搜索未能改进当前解
2025-04-08 15:00:38,328 - DEBUG - 执行AGV分配局部搜索，当前完工时间: 2029.00
2025-04-08 15:00:38,332 - DEBUG - 局部搜索未能改进当前解
2025-04-08 15:00:38,335 - DEBUG - 执行AGV分配局部搜索，当前完工时间: 1978.00
2025-04-08 15:00:38,339 - DEBUG - 局部搜索未能改进当前解
2025-04-08 15:00:38,341 - DEBUG - 执行AGV分配局部搜索，当前完工时间: 2002.00
2025-04-08 15:00:38,345 - DEBUG - 局部搜索未能改进当前解
2025-04-08 15:00:38,349 - DEBUG - 执行AGV分配局部搜索，当前完工时间: 2043.00
2025-04-08 15:00:38,353 - DEBUG - 局部搜索未能改进当前解
2025-04-08 15:00:38,357 - DEBUG - 执行AGV分配局部搜索，当前完工时间: 2156.00
2025-04-08 15:00:38,360 - DEBUG - 局部搜索未能改进当前解
2025-04-08 15:00:38,364 - DEBUG - 执行AGV分配局部搜索，当前完工时间: 2185.00
2025-04-08 15:00:38,366 - DEBUG - 局部搜索未能改进当前解
2025-04-08 15:00:38,371 - DEBUG - 执行AGV分配局部搜索，当前完工时间: 2234.00
2025-04-08 15:00:38,374 - DEBUG - 局部搜索未能改进当前解
2025-04-08 15:00:38,378 - DEBUG - 执行AGV分配局部搜索，当前完工时间: 1967.00
2025-04-08 15:00:38,382 - DEBUG - 局部搜索未能改进当前解
2025-04-08 15:00:38,385 - DEBUG - 执行AGV分配局部搜索，当前完工时间: 2020.00
2025-04-08 15:00:38,389 - DEBUG - 局部搜索未能改进当前解
2025-04-08 15:00:38,392 - DEBUG - 执行AGV分配局部搜索，当前完工时间: 2023.00
2025-04-08 15:00:38,396 - DEBUG - AGV分配局部搜索成功！完工时间从 2023.00 降低到 1981.00，改进: 42.00 (2.08%)
2025-04-08 15:00:38,400 - DEBUG - 执行AGV分配局部搜索，当前完工时间: 1948.00
2025-04-08 15:00:38,404 - DEBUG - 局部搜索未能改进当前解
2025-04-08 15:00:38,407 - DEBUG - 执行AGV分配局部搜索，当前完工时间: 1979.00
2025-04-08 15:00:38,410 - DEBUG - 局部搜索未能改进当前解
2025-04-08 15:00:38,414 - DEBUG - 执行AGV分配局部搜索，当前完工时间: 2186.00
2025-04-08 15:00:38,419 - DEBUG - 局部搜索未能改进当前解
2025-04-08 15:00:38,422 - DEBUG - 执行AGV分配局部搜索，当前完工时间: 1975.00
2025-04-08 15:00:38,426 - DEBUG - 局部搜索未能改进当前解
2025-04-08 15:00:38,430 - DEBUG - 执行AGV分配局部搜索，当前完工时间: 1957.00
2025-04-08 15:00:38,433 - DEBUG - 局部搜索未能改进当前解
2025-04-08 15:00:38,437 - DEBUG - 执行AGV分配局部搜索，当前完工时间: 1953.00
2025-04-08 15:00:38,440 - DEBUG - 局部搜索未能改进当前解
2025-04-08 15:00:38,444 - DEBUG - 执行AGV分配局部搜索，当前完工时间: 2115.00
2025-04-08 15:00:38,447 - DEBUG - 局部搜索未能改进当前解
2025-04-08 15:00:38,450 - DEBUG - 执行AGV分配局部搜索，当前完工时间: 2018.00
2025-04-08 15:00:38,453 - DEBUG - 局部搜索未能改进当前解
2025-04-08 15:00:38,457 - DEBUG - 执行AGV分配局部搜索，当前完工时间: 2012.00
2025-04-08 15:00:38,461 - DEBUG - 局部搜索未能改进当前解
2025-04-08 15:00:38,464 - DEBUG - 执行AGV分配局部搜索，当前完工时间: 2012.00
2025-04-08 15:00:38,468 - DEBUG - 局部搜索未能改进当前解
2025-04-08 15:00:38,472 - DEBUG - 执行AGV分配局部搜索，当前完工时间: 1976.00
2025-04-08 15:00:38,475 - DEBUG - 局部搜索未能改进当前解
2025-04-08 15:00:38,479 - DEBUG - 执行AGV分配局部搜索，当前完工时间: 2093.00
2025-04-08 15:00:38,483 - DEBUG - 局部搜索未能改进当前解
2025-04-08 15:00:38,486 - DEBUG - 执行AGV分配局部搜索，当前完工时间: 1975.00
2025-04-08 15:00:38,490 - DEBUG - 局部搜索未能改进当前解
2025-04-08 15:00:38,494 - DEBUG - 执行AGV分配局部搜索，当前完工时间: 1950.00
2025-04-08 15:00:38,497 - DEBUG - 局部搜索未能改进当前解
2025-04-08 15:00:38,501 - DEBUG - 执行AGV分配局部搜索，当前完工时间: 2111.00
2025-04-08 15:00:38,504 - DEBUG - AGV分配局部搜索成功！完工时间从 2111.00 降低到 2110.00，改进: 1.00 (0.05%)
2025-04-08 15:00:38,509 - DEBUG - 执行AGV分配局部搜索，当前完工时间: 1946.00
2025-04-08 15:00:38,512 - DEBUG - 局部搜索未能改进当前解
2025-04-08 15:00:38,517 - DEBUG - 执行AGV分配局部搜索，当前完工时间: 2037.00
2025-04-08 15:00:38,521 - DEBUG - AGV分配局部搜索成功！完工时间从 2037.00 降低到 2022.00，改进: 15.00 (0.74%)
2025-04-08 15:00:38,524 - DEBUG - 执行AGV分配局部搜索，当前完工时间: 2054.00
2025-04-08 15:00:38,528 - DEBUG - 局部搜索未能改进当前解
2025-04-08 15:00:38,531 - DEBUG - 执行AGV分配局部搜索，当前完工时间: 2116.00
2025-04-08 15:00:38,534 - DEBUG - 局部搜索未能改进当前解
2025-04-08 15:00:38,539 - DEBUG - 执行AGV分配局部搜索，当前完工时间: 2076.00
2025-04-08 15:00:38,542 - DEBUG - 局部搜索未能改进当前解
2025-04-08 15:00:38,545 - DEBUG - 执行AGV分配局部搜索，当前完工时间: 1869.00
2025-04-08 15:00:38,549 - DEBUG - 局部搜索未能改进当前解
2025-04-08 15:00:38,553 - DEBUG - 执行AGV分配局部搜索，当前完工时间: 1984.00
2025-04-08 15:00:38,557 - DEBUG - 局部搜索未能改进当前解
2025-04-08 15:00:38,560 - DEBUG - 执行AGV分配局部搜索，当前完工时间: 1920.00
2025-04-08 15:00:38,564 - DEBUG - 局部搜索未能改进当前解
2025-04-08 15:00:38,568 - DEBUG - 执行AGV分配局部搜索，当前完工时间: 2048.00
2025-04-08 15:00:38,572 - DEBUG - 局部搜索未能改进当前解
2025-04-08 15:00:38,575 - DEBUG - 执行AGV分配局部搜索，当前完工时间: 1978.00
2025-04-08 15:00:38,579 - DEBUG - 局部搜索未能改进当前解
2025-04-08 15:00:38,583 - DEBUG - 执行AGV分配局部搜索，当前完工时间: 2072.00
2025-04-08 15:00:38,587 - DEBUG - 局部搜索未能改进当前解
2025-04-08 15:00:38,590 - DEBUG - 执行AGV分配局部搜索，当前完工时间: 1931.00
2025-04-08 15:00:38,593 - DEBUG - 局部搜索未能改进当前解
2025-04-08 15:00:38,597 - DEBUG - 执行AGV分配局部搜索，当前完工时间: 2053.00
2025-04-08 15:00:38,602 - DEBUG - 局部搜索未能改进当前解
2025-04-08 15:00:38,606 - DEBUG - 执行AGV分配局部搜索，当前完工时间: 2018.00
2025-04-08 15:00:38,608 - DEBUG - 局部搜索未能改进当前解
2025-04-08 15:00:38,612 - DEBUG - 执行AGV分配局部搜索，当前完工时间: 2089.00
2025-04-08 15:00:38,616 - DEBUG - AGV分配局部搜索成功！完工时间从 2089.00 降低到 2087.00，改进: 2.00 (0.10%)
2025-04-08 15:00:38,620 - DEBUG - 执行AGV分配局部搜索，当前完工时间: 2031.00
2025-04-08 15:00:38,624 - DEBUG - 局部搜索未能改进当前解
2025-04-08 15:00:38,628 - DEBUG - 执行AGV分配局部搜索，当前完工时间: 2035.00
2025-04-08 15:00:38,631 - DEBUG - 局部搜索未能改进当前解
2025-04-08 15:00:38,636 - DEBUG - 执行AGV分配局部搜索，当前完工时间: 1990.00
2025-04-08 15:00:38,638 - DEBUG - 局部搜索未能改进当前解
2025-04-08 15:00:38,643 - DEBUG - 执行AGV分配局部搜索，当前完工时间: 2119.00
2025-04-08 15:00:38,646 - DEBUG - 局部搜索未能改进当前解
2025-04-08 15:00:38,651 - DEBUG - 执行AGV分配局部搜索，当前完工时间: 2010.00
2025-04-08 15:00:38,655 - DEBUG - 局部搜索未能改进当前解
2025-04-08 15:00:38,658 - DEBUG - 执行AGV分配局部搜索，当前完工时间: 1954.00
2025-04-08 15:00:38,662 - DEBUG - 局部搜索未能改进当前解
2025-04-08 15:00:38,666 - DEBUG - 执行AGV分配局部搜索，当前完工时间: 2035.00
2025-04-08 15:00:38,669 - DEBUG - 局部搜索未能改进当前解
2025-04-08 15:00:38,673 - DEBUG - 执行AGV分配局部搜索，当前完工时间: 2074.00
2025-04-08 15:00:38,677 - DEBUG - 局部搜索未能改进当前解
2025-04-08 15:00:38,682 - DEBUG - 执行AGV分配局部搜索，当前完工时间: 1935.00
2025-04-08 15:00:38,685 - DEBUG - 局部搜索未能改进当前解
2025-04-08 15:00:38,689 - DEBUG - 执行AGV分配局部搜索，当前完工时间: 2019.00
2025-04-08 15:00:38,693 - DEBUG - AGV分配局部搜索成功！完工时间从 2019.00 降低到 1950.00，改进: 69.00 (3.42%)
2025-04-08 15:00:38,697 - DEBUG - 执行AGV分配局部搜索，当前完工时间: 2086.00
2025-04-08 15:00:38,700 - DEBUG - 局部搜索未能改进当前解
2025-04-08 15:00:38,704 - DEBUG - 执行AGV分配局部搜索，当前完工时间: 1992.00
2025-04-08 15:00:38,707 - DEBUG - 局部搜索未能改进当前解
2025-04-08 15:00:38,712 - DEBUG - 执行AGV分配局部搜索，当前完工时间: 2008.00
2025-04-08 15:00:38,715 - DEBUG - 局部搜索未能改进当前解
2025-04-08 15:00:38,719 - DEBUG - 执行AGV分配局部搜索，当前完工时间: 1967.00
2025-04-08 15:00:38,723 - DEBUG - 局部搜索未能改进当前解
2025-04-08 15:00:38,726 - DEBUG - 执行AGV分配局部搜索，当前完工时间: 1971.00
2025-04-08 15:00:38,730 - DEBUG - 局部搜索未能改进当前解
2025-04-08 15:00:38,733 - DEBUG - 执行AGV分配局部搜索，当前完工时间: 1940.00
2025-04-08 15:00:38,736 - DEBUG - 局部搜索未能改进当前解
2025-04-08 15:00:38,740 - DEBUG - 执行AGV分配局部搜索，当前完工时间: 1998.00
2025-04-08 15:00:38,744 - DEBUG - 局部搜索未能改进当前解
2025-04-08 15:00:38,747 - DEBUG - 执行AGV分配局部搜索，当前完工时间: 1992.00
2025-04-08 15:00:38,752 - DEBUG - 局部搜索未能改进当前解
2025-04-08 15:00:38,757 - DEBUG - 执行AGV分配局部搜索，当前完工时间: 2059.00
2025-04-08 15:00:38,760 - DEBUG - 局部搜索未能改进当前解
2025-04-08 15:00:38,763 - DEBUG - 执行AGV分配局部搜索，当前完工时间: 1975.00
2025-04-08 15:00:38,768 - DEBUG - 局部搜索未能改进当前解
2025-04-08 15:00:38,771 - DEBUG - 执行AGV分配局部搜索，当前完工时间: 1920.00
2025-04-08 15:00:38,775 - DEBUG - 局部搜索未能改进当前解
2025-04-08 15:00:38,779 - DEBUG - 执行AGV分配局部搜索，当前完工时间: 2027.00
2025-04-08 15:00:38,782 - DEBUG - 局部搜索未能改进当前解
2025-04-08 15:00:38,786 - DEBUG - 执行AGV分配局部搜索，当前完工时间: 1855.00
2025-04-08 15:00:38,790 - DEBUG - 局部搜索未能改进当前解
2025-04-08 15:00:38,793 - DEBUG - 执行AGV分配局部搜索，当前完工时间: 1978.00
2025-04-08 15:00:38,797 - DEBUG - 局部搜索未能改进当前解
2025-04-08 15:00:38,800 - DEBUG - 执行AGV分配局部搜索，当前完工时间: 2123.00
2025-04-08 15:00:38,804 - DEBUG - 局部搜索未能改进当前解
2025-04-08 15:00:38,808 - DEBUG - 执行AGV分配局部搜索，当前完工时间: 1984.00
2025-04-08 15:00:38,812 - DEBUG - AGV分配局部搜索成功！完工时间从 1984.00 降低到 1982.00，改进: 2.00 (0.10%)
2025-04-08 15:00:38,815 - DEBUG - 执行AGV分配局部搜索，当前完工时间: 2085.00
2025-04-08 15:00:38,819 - DEBUG - AGV分配局部搜索成功！完工时间从 2085.00 降低到 2072.00，改进: 13.00 (0.62%)
2025-04-08 15:00:38,823 - DEBUG - 执行AGV分配局部搜索，当前完工时间: 2088.00
2025-04-08 15:00:38,827 - DEBUG - 局部搜索未能改进当前解
2025-04-08 15:00:38,831 - DEBUG - 执行AGV分配局部搜索，当前完工时间: 2080.00
2025-04-08 15:00:38,834 - DEBUG - AGV分配局部搜索成功！完工时间从 2080.00 降低到 2016.00，改进: 64.00 (3.08%)
2025-04-08 15:00:38,837 - DEBUG - 执行AGV分配局部搜索，当前完工时间: 1944.00
2025-04-08 15:00:38,842 - DEBUG - 局部搜索未能改进当前解
2025-04-08 15:00:38,845 - DEBUG - 执行AGV分配局部搜索，当前完工时间: 2040.00
2025-04-08 15:00:38,849 - DEBUG - 局部搜索未能改进当前解
2025-04-08 15:00:38,853 - DEBUG - 执行AGV分配局部搜索，当前完工时间: 2080.00
2025-04-08 15:00:38,857 - DEBUG - 局部搜索未能改进当前解
2025-04-08 15:00:38,861 - DEBUG - 执行AGV分配局部搜索，当前完工时间: 1975.00
2025-04-08 15:00:38,864 - DEBUG - 局部搜索未能改进当前解
2025-04-08 15:00:38,868 - DEBUG - 执行AGV分配局部搜索，当前完工时间: 1986.00
2025-04-08 15:00:38,871 - DEBUG - 局部搜索未能改进当前解
2025-04-08 15:00:38,875 - DEBUG - 执行AGV分配局部搜索，当前完工时间: 1956.00
2025-04-08 15:00:38,879 - DEBUG - 局部搜索未能改进当前解
2025-04-08 15:00:38,882 - DEBUG - 执行AGV分配局部搜索，当前完工时间: 2033.00
2025-04-08 15:00:38,886 - DEBUG - AGV分配局部搜索成功！完工时间从 2033.00 降低到 1993.00，改进: 40.00 (1.97%)
2025-04-08 15:00:38,890 - DEBUG - 执行AGV分配局部搜索，当前完工时间: 1968.00
2025-04-08 15:00:38,892 - DEBUG - 局部搜索未能改进当前解
2025-04-08 15:00:38,897 - DEBUG - 执行AGV分配局部搜索，当前完工时间: 1976.00
2025-04-08 15:00:38,900 - DEBUG - 局部搜索未能改进当前解
2025-04-08 15:00:38,903 - DEBUG - 执行AGV分配局部搜索，当前完工时间: 2008.00
2025-04-08 15:00:38,907 - DEBUG - 局部搜索未能改进当前解
2025-04-08 15:00:38,911 - DEBUG - 执行AGV分配局部搜索，当前完工时间: 1977.00
2025-04-08 15:00:38,915 - DEBUG - 局部搜索未能改进当前解
2025-04-08 15:00:38,919 - DEBUG - 执行AGV分配局部搜索，当前完工时间: 1989.00
2025-04-08 15:00:38,922 - DEBUG - 局部搜索未能改进当前解
2025-04-08 15:00:38,927 - DEBUG - 执行AGV分配局部搜索，当前完工时间: 2091.00
2025-04-08 15:00:38,929 - DEBUG - 局部搜索未能改进当前解
2025-04-08 15:00:38,929 - DEBUG - ==================================================
2025-04-08 15:00:38,929 - DEBUG - Efficiency Statistics of Local Search :
2025-04-08 15:00:38,929 - DEBUG - Number of attempts: 99
2025-04-08 15:00:38,929 - DEBUG - Average Success Rate: 10.10%
2025-04-08 15:00:38,929 - DEBUG - AGV Local Search Success: 10，Average Improvement: 25.10
2025-04-08 15:00:38,934 - DEBUG - 执行AGV分配局部搜索，当前完工时间: 2117.00
2025-04-08 15:00:38,937 - DEBUG - 局部搜索未能改进当前解
2025-04-08 15:00:38,942 - DEBUG - 执行AGV分配局部搜索，当前完工时间: 1928.00
2025-04-08 15:00:38,945 - DEBUG - 局部搜索未能改进当前解
2025-04-08 15:00:38,950 - DEBUG - 执行AGV分配局部搜索，当前完工时间: 1978.00
2025-04-08 15:00:38,954 - DEBUG - 局部搜索未能改进当前解
2025-04-08 15:00:38,958 - DEBUG - 执行AGV分配局部搜索，当前完工时间: 1950.00
2025-04-08 15:00:38,960 - DEBUG - 局部搜索未能改进当前解
2025-04-08 15:00:38,966 - DEBUG - 执行AGV分配局部搜索，当前完工时间: 2018.00
2025-04-08 15:00:38,970 - DEBUG - 局部搜索未能改进当前解
2025-04-08 15:00:38,973 - DEBUG - 执行AGV分配局部搜索，当前完工时间: 2061.00
2025-04-08 15:00:38,976 - DEBUG - 局部搜索未能改进当前解
2025-04-08 15:00:38,980 - DEBUG - 执行AGV分配局部搜索，当前完工时间: 1981.00
2025-04-08 15:00:38,985 - DEBUG - AGV分配局部搜索成功！完工时间从 1981.00 降低到 1966.00，改进: 15.00 (0.76%)
2025-04-08 15:00:38,988 - DEBUG - 执行AGV分配局部搜索，当前完工时间: 1930.00
2025-04-08 15:00:38,992 - DEBUG - 局部搜索未能改进当前解
2025-04-08 15:00:38,995 - DEBUG - 执行AGV分配局部搜索，当前完工时间: 2072.00
2025-04-08 15:00:38,999 - DEBUG - 局部搜索未能改进当前解
2025-04-08 15:00:39,003 - DEBUG - 执行AGV分配局部搜索，当前完工时间: 2025.00
2025-04-08 15:00:39,006 - DEBUG - 局部搜索未能改进当前解
2025-04-08 15:00:39,010 - DEBUG - 执行AGV分配局部搜索，当前完工时间: 2018.00
2025-04-08 15:00:39,014 - DEBUG - AGV分配局部搜索成功！完工时间从 2018.00 降低到 2015.00，改进: 3.00 (0.15%)
2025-04-08 15:00:39,018 - DEBUG - 执行AGV分配局部搜索，当前完工时间: 2078.00
2025-04-08 15:00:39,021 - DEBUG - 局部搜索未能改进当前解
2025-04-08 15:00:39,024 - DEBUG - 执行AGV分配局部搜索，当前完工时间: 1973.00
2025-04-08 15:00:39,029 - DEBUG - 局部搜索未能改进当前解
2025-04-08 15:00:39,032 - DEBUG - 执行AGV分配局部搜索，当前完工时间: 2126.00
2025-04-08 15:00:39,036 - DEBUG - AGV分配局部搜索成功！完工时间从 2126.00 降低到 2114.00，改进: 12.00 (0.56%)
2025-04-08 15:00:39,040 - DEBUG - 执行AGV分配局部搜索，当前完工时间: 2002.00
2025-04-08 15:00:39,043 - DEBUG - 局部搜索未能改进当前解
2025-04-08 15:00:39,046 - DEBUG - 执行AGV分配局部搜索，当前完工时间: 1944.00
2025-04-08 15:00:39,050 - DEBUG - 局部搜索未能改进当前解
2025-04-08 15:00:39,054 - DEBUG - 执行AGV分配局部搜索，当前完工时间: 1962.00
2025-04-08 15:00:39,057 - DEBUG - 局部搜索未能改进当前解
2025-04-08 15:00:39,060 - DEBUG - 执行AGV分配局部搜索，当前完工时间: 1945.00
2025-04-08 15:00:39,064 - DEBUG - 局部搜索未能改进当前解
2025-04-08 15:00:39,068 - DEBUG - 执行AGV分配局部搜索，当前完工时间: 2010.00
2025-04-08 15:00:39,072 - DEBUG - 局部搜索未能改进当前解
2025-04-08 15:00:39,075 - DEBUG - 执行AGV分配局部搜索，当前完工时间: 2074.00
2025-04-08 15:00:39,079 - DEBUG - 局部搜索未能改进当前解
2025-04-08 15:00:39,083 - DEBUG - 执行AGV分配局部搜索，当前完工时间: 2040.00
2025-04-08 15:00:39,087 - DEBUG - 局部搜索未能改进当前解
2025-04-08 15:00:39,091 - DEBUG - 执行AGV分配局部搜索，当前完工时间: 2040.00
2025-04-08 15:00:39,095 - DEBUG - 局部搜索未能改进当前解
2025-04-08 15:00:39,097 - DEBUG - 执行AGV分配局部搜索，当前完工时间: 1991.00
2025-04-08 15:00:39,102 - DEBUG - 局部搜索未能改进当前解
2025-04-08 15:00:39,106 - DEBUG - 执行AGV分配局部搜索，当前完工时间: 1984.00
2025-04-08 15:00:39,109 - DEBUG - 局部搜索未能改进当前解
2025-04-08 15:00:39,113 - DEBUG - 执行AGV分配局部搜索，当前完工时间: 2005.00
2025-04-08 15:00:39,116 - DEBUG - 局部搜索未能改进当前解
2025-04-08 15:00:39,120 - DEBUG - 执行AGV分配局部搜索，当前完工时间: 2264.00
2025-04-08 15:00:39,124 - DEBUG - 局部搜索未能改进当前解
2025-04-08 15:00:39,127 - DEBUG - 执行AGV分配局部搜索，当前完工时间: 2035.00
2025-04-08 15:00:39,131 - DEBUG - 局部搜索未能改进当前解
2025-04-08 15:00:39,135 - DEBUG - 执行AGV分配局部搜索，当前完工时间: 2006.00
2025-04-08 15:00:39,138 - DEBUG - 局部搜索未能改进当前解
2025-04-08 15:00:39,143 - DEBUG - 执行AGV分配局部搜索，当前完工时间: 2016.00
2025-04-08 15:00:39,147 - DEBUG - 局部搜索未能改进当前解
2025-04-08 15:00:39,151 - DEBUG - 执行AGV分配局部搜索，当前完工时间: 1946.00
2025-04-08 15:00:39,154 - DEBUG - 局部搜索未能改进当前解
2025-04-08 15:00:39,158 - DEBUG - 执行AGV分配局部搜索，当前完工时间: 1931.00
2025-04-08 15:00:39,162 - DEBUG - 局部搜索未能改进当前解
2025-04-08 15:00:39,166 - DEBUG - 执行AGV分配局部搜索，当前完工时间: 1952.00
2025-04-08 15:00:39,170 - DEBUG - 局部搜索未能改进当前解
2025-04-08 15:00:39,172 - DEBUG - 执行AGV分配局部搜索，当前完工时间: 2031.00
2025-04-08 15:00:39,176 - DEBUG - 局部搜索未能改进当前解
2025-04-08 15:00:39,181 - DEBUG - 执行AGV分配局部搜索，当前完工时间: 1989.00
2025-04-08 15:00:39,184 - DEBUG - 局部搜索未能改进当前解
2025-04-08 15:00:39,187 - DEBUG - 执行AGV分配局部搜索，当前完工时间: 1929.00
2025-04-08 15:00:39,191 - DEBUG - 局部搜索未能改进当前解
2025-04-08 15:00:39,194 - DEBUG - 执行AGV分配局部搜索，当前完工时间: 1994.00
2025-04-08 15:00:39,199 - DEBUG - 局部搜索未能改进当前解
2025-04-08 15:00:39,202 - DEBUG - 执行AGV分配局部搜索，当前完工时间: 1976.00
2025-04-08 15:00:39,207 - DEBUG - 局部搜索未能改进当前解
2025-04-08 15:00:39,210 - DEBUG - 执行AGV分配局部搜索，当前完工时间: 2098.00
2025-04-08 15:00:39,215 - DEBUG - 局部搜索未能改进当前解
2025-04-08 15:00:39,218 - DEBUG - 执行AGV分配局部搜索，当前完工时间: 1989.00
2025-04-08 15:00:39,221 - DEBUG - 局部搜索未能改进当前解
2025-04-08 15:00:39,225 - DEBUG - 执行AGV分配局部搜索，当前完工时间: 1971.00
2025-04-08 15:00:39,229 - DEBUG - 局部搜索未能改进当前解
2025-04-08 15:00:39,233 - DEBUG - 执行AGV分配局部搜索，当前完工时间: 2031.00
2025-04-08 15:00:39,237 - DEBUG - AGV分配局部搜索成功！完工时间从 2031.00 降低到 2028.00，改进: 3.00 (0.15%)
2025-04-08 15:00:39,240 - DEBUG - 执行AGV分配局部搜索，当前完工时间: 1869.00
2025-04-08 15:00:39,243 - DEBUG - 局部搜索未能改进当前解
2025-04-08 15:00:39,248 - DEBUG - 执行AGV分配局部搜索，当前完工时间: 1911.00
2025-04-08 15:00:39,251 - DEBUG - 局部搜索未能改进当前解
2025-04-08 15:00:39,255 - DEBUG - 执行AGV分配局部搜索，当前完工时间: 1896.00
2025-04-08 15:00:39,258 - DEBUG - 局部搜索未能改进当前解
2025-04-08 15:00:39,262 - DEBUG - 执行AGV分配局部搜索，当前完工时间: 2027.00
2025-04-08 15:00:39,266 - DEBUG - 局部搜索未能改进当前解
2025-04-08 15:00:39,269 - DEBUG - 执行AGV分配局部搜索，当前完工时间: 1939.00
2025-04-08 15:00:39,273 - DEBUG - AGV分配局部搜索成功！完工时间从 1939.00 降低到 1919.00，改进: 20.00 (1.03%)
2025-04-08 15:00:39,276 - DEBUG - 执行AGV分配局部搜索，当前完工时间: 2032.00
2025-04-08 15:00:39,280 - DEBUG - 局部搜索未能改进当前解
2025-04-08 15:00:39,283 - DEBUG - 执行AGV分配局部搜索，当前完工时间: 2056.00
2025-04-08 15:00:39,287 - DEBUG - 局部搜索未能改进当前解
2025-04-08 15:00:39,291 - DEBUG - 执行AGV分配局部搜索，当前完工时间: 1940.00
2025-04-08 15:00:39,295 - DEBUG - 局部搜索未能改进当前解
2025-04-08 15:00:39,299 - DEBUG - 执行AGV分配局部搜索，当前完工时间: 2055.00
2025-04-08 15:00:39,303 - DEBUG - 局部搜索未能改进当前解
2025-04-08 15:00:39,306 - DEBUG - 执行AGV分配局部搜索，当前完工时间: 1984.00
2025-04-08 15:00:39,311 - DEBUG - 局部搜索未能改进当前解
2025-04-08 15:00:39,314 - DEBUG - 执行AGV分配局部搜索，当前完工时间: 2018.00
2025-04-08 15:00:39,318 - DEBUG - 局部搜索未能改进当前解
2025-04-08 15:00:39,320 - DEBUG - 执行AGV分配局部搜索，当前完工时间: 1932.00
2025-04-08 15:00:39,325 - DEBUG - 局部搜索未能改进当前解
2025-04-08 15:00:39,329 - DEBUG - 执行AGV分配局部搜索，当前完工时间: 1957.00
2025-04-08 15:00:39,332 - DEBUG - 局部搜索未能改进当前解
2025-04-08 15:00:39,336 - DEBUG - 执行AGV分配局部搜索，当前完工时间: 1955.00
2025-04-08 15:00:39,339 - DEBUG - 局部搜索未能改进当前解
2025-04-08 15:00:39,344 - DEBUG - 执行AGV分配局部搜索，当前完工时间: 2013.00
2025-04-08 15:00:39,347 - DEBUG - 局部搜索未能改进当前解
2025-04-08 15:00:39,351 - DEBUG - 执行AGV分配局部搜索，当前完工时间: 2046.00
2025-04-08 15:00:39,354 - DEBUG - 局部搜索未能改进当前解
2025-04-08 15:00:39,358 - DEBUG - 执行AGV分配局部搜索，当前完工时间: 1986.00
2025-04-08 15:00:39,362 - DEBUG - 局部搜索未能改进当前解
2025-04-08 15:00:39,365 - DEBUG - 执行AGV分配局部搜索，当前完工时间: 1920.00
2025-04-08 15:00:39,368 - DEBUG - 局部搜索未能改进当前解
2025-04-08 15:00:39,373 - DEBUG - 执行AGV分配局部搜索，当前完工时间: 1947.00
2025-04-08 15:00:39,380 - DEBUG - AGV分配局部搜索成功！完工时间从 1947.00 降低到 1934.00，改进: 13.00 (0.67%)
2025-04-08 15:00:39,384 - DEBUG - 执行AGV分配局部搜索，当前完工时间: 1944.00
2025-04-08 15:00:39,387 - DEBUG - 局部搜索未能改进当前解
2025-04-08 15:00:39,391 - DEBUG - 执行AGV分配局部搜索，当前完工时间: 1911.00
2025-04-08 15:00:39,394 - DEBUG - 局部搜索未能改进当前解
2025-04-08 15:00:39,397 - DEBUG - 执行AGV分配局部搜索，当前完工时间: 1928.00
2025-04-08 15:00:39,402 - DEBUG - 局部搜索未能改进当前解
2025-04-08 15:00:39,406 - DEBUG - 执行AGV分配局部搜索，当前完工时间: 1886.00
2025-04-08 15:00:39,408 - DEBUG - 局部搜索未能改进当前解
2025-04-08 15:00:39,412 - DEBUG - 执行AGV分配局部搜索，当前完工时间: 2097.00
2025-04-08 15:00:39,416 - DEBUG - 局部搜索未能改进当前解
2025-04-08 15:00:39,420 - DEBUG - 执行AGV分配局部搜索，当前完工时间: 2131.00
2025-04-08 15:00:39,424 - DEBUG - 局部搜索未能改进当前解
2025-04-08 15:00:39,426 - DEBUG - 执行AGV分配局部搜索，当前完工时间: 1986.00
2025-04-08 15:00:39,432 - DEBUG - 局部搜索未能改进当前解
2025-04-08 15:00:39,436 - DEBUG - 执行AGV分配局部搜索，当前完工时间: 1914.00
2025-04-08 15:00:39,438 - DEBUG - 局部搜索未能改进当前解
2025-04-08 15:00:39,443 - DEBUG - 执行AGV分配局部搜索，当前完工时间: 2058.00
2025-04-08 15:00:39,447 - DEBUG - 局部搜索未能改进当前解
2025-04-08 15:00:39,451 - DEBUG - 执行AGV分配局部搜索，当前完工时间: 1935.00
2025-04-08 15:00:39,454 - DEBUG - 局部搜索未能改进当前解
2025-04-08 15:00:39,457 - DEBUG - 执行AGV分配局部搜索，当前完工时间: 2029.00
2025-04-08 15:00:39,462 - DEBUG - 局部搜索未能改进当前解
2025-04-08 15:00:39,465 - DEBUG - 执行AGV分配局部搜索，当前完工时间: 1869.00
2025-04-08 15:00:39,468 - DEBUG - 局部搜索未能改进当前解
2025-04-08 15:00:39,472 - DEBUG - 执行AGV分配局部搜索，当前完工时间: 1967.00
2025-04-08 15:00:39,475 - DEBUG - 局部搜索未能改进当前解
2025-04-08 15:00:39,479 - DEBUG - 执行AGV分配局部搜索，当前完工时间: 1982.00
2025-04-08 15:00:39,482 - DEBUG - 局部搜索未能改进当前解
2025-04-08 15:00:39,486 - DEBUG - 执行AGV分配局部搜索，当前完工时间: 2020.00
2025-04-08 15:00:39,490 - DEBUG - 局部搜索未能改进当前解
2025-04-08 15:00:39,492 - DEBUG - 执行AGV分配局部搜索，当前完工时间: 1928.00
2025-04-08 15:00:39,497 - DEBUG - AGV分配局部搜索成功！完工时间从 1928.00 降低到 1927.00，改进: 1.00 (0.05%)
2025-04-08 15:00:39,501 - DEBUG - 执行AGV分配局部搜索，当前完工时间: 1998.00
2025-04-08 15:00:39,505 - DEBUG - 局部搜索未能改进当前解
2025-04-08 15:00:39,508 - DEBUG - 执行AGV分配局部搜索，当前完工时间: 1973.00
2025-04-08 15:00:39,512 - DEBUG - 局部搜索未能改进当前解
2025-04-08 15:00:39,517 - DEBUG - 执行AGV分配局部搜索，当前完工时间: 2121.00
2025-04-08 15:00:39,520 - DEBUG - 局部搜索未能改进当前解
2025-04-08 15:00:39,524 - DEBUG - 执行AGV分配局部搜索，当前完工时间: 2083.00
2025-04-08 15:00:39,528 - DEBUG - 局部搜索未能改进当前解
2025-04-08 15:00:39,532 - DEBUG - 执行AGV分配局部搜索，当前完工时间: 2000.00
2025-04-08 15:00:39,535 - DEBUG - 局部搜索未能改进当前解
2025-04-08 15:00:39,539 - DEBUG - 执行AGV分配局部搜索，当前完工时间: 1964.00
2025-04-08 15:00:39,542 - DEBUG - 局部搜索未能改进当前解
2025-04-08 15:00:39,546 - DEBUG - 执行AGV分配局部搜索，当前完工时间: 1951.00
2025-04-08 15:00:39,548 - DEBUG - 局部搜索未能改进当前解
2025-04-08 15:00:39,553 - DEBUG - 执行AGV分配局部搜索，当前完工时间: 1954.00
2025-04-08 15:00:39,557 - DEBUG - 局部搜索未能改进当前解
2025-04-08 15:00:39,560 - DEBUG - 执行AGV分配局部搜索，当前完工时间: 2105.00
2025-04-08 15:00:39,563 - DEBUG - 局部搜索未能改进当前解
2025-04-08 15:00:39,568 - DEBUG - 执行AGV分配局部搜索，当前完工时间: 2023.00
2025-04-08 15:00:39,570 - DEBUG - 局部搜索未能改进当前解
2025-04-08 15:00:39,575 - DEBUG - 执行AGV分配局部搜索，当前完工时间: 2030.00
2025-04-08 15:00:39,578 - DEBUG - 局部搜索未能改进当前解
2025-04-08 15:00:39,582 - DEBUG - 执行AGV分配局部搜索，当前完工时间: 2129.00
2025-04-08 15:00:39,585 - DEBUG - 局部搜索未能改进当前解
2025-04-08 15:00:39,589 - DEBUG - 执行AGV分配局部搜索，当前完工时间: 2005.00
2025-04-08 15:00:39,592 - DEBUG - 局部搜索未能改进当前解
2025-04-08 15:00:39,596 - DEBUG - 执行AGV分配局部搜索，当前完工时间: 1976.00
2025-04-08 15:00:39,599 - DEBUG - 局部搜索未能改进当前解
2025-04-08 15:00:39,603 - DEBUG - 执行AGV分配局部搜索，当前完工时间: 1950.00
2025-04-08 15:00:39,607 - DEBUG - 局部搜索未能改进当前解
2025-04-08 15:00:39,611 - DEBUG - 执行AGV分配局部搜索，当前完工时间: 2005.00
2025-04-08 15:00:39,614 - DEBUG - 局部搜索未能改进当前解
2025-04-08 15:00:39,618 - DEBUG - 执行AGV分配局部搜索，当前完工时间: 1933.00
2025-04-08 15:00:39,621 - DEBUG - AGV分配局部搜索成功！完工时间从 1933.00 降低到 1874.00，改进: 59.00 (3.05%)
2025-04-08 15:00:39,625 - DEBUG - 执行AGV分配局部搜索，当前完工时间: 1954.00
2025-04-08 15:00:39,630 - DEBUG - 局部搜索未能改进当前解
2025-04-08 15:00:39,634 - DEBUG - 执行AGV分配局部搜索，当前完工时间: 1970.00
2025-04-08 15:00:39,637 - DEBUG - AGV分配局部搜索成功！完工时间从 1970.00 降低到 1948.00，改进: 22.00 (1.12%)
2025-04-08 15:00:39,640 - DEBUG - 执行AGV分配局部搜索，当前完工时间: 2005.00
2025-04-08 15:00:39,644 - DEBUG - 局部搜索未能改进当前解
2025-04-08 15:00:39,647 - DEBUG - 执行AGV分配局部搜索，当前完工时间: 2123.00
2025-04-08 15:00:39,651 - DEBUG - 局部搜索未能改进当前解
2025-04-08 15:00:39,655 - DEBUG - 执行AGV分配局部搜索，当前完工时间: 1979.00
2025-04-08 15:00:39,658 - DEBUG - 局部搜索未能改进当前解
2025-04-08 15:00:39,662 - DEBUG - 执行AGV分配局部搜索，当前完工时间: 1924.00
2025-04-08 15:00:39,665 - DEBUG - 局部搜索未能改进当前解
2025-04-08 15:00:39,666 - DEBUG - ==================================================
2025-04-08 15:00:39,666 - DEBUG - Efficiency Statistics of Local Search :
2025-04-08 15:00:39,666 - DEBUG - Number of attempts: 99
2025-04-08 15:00:39,666 - DEBUG - Average Success Rate: 9.09%
2025-04-08 15:00:39,666 - DEBUG - AGV Local Search Success: 9，Average Improvement: 16.44
2025-04-08 15:00:39,670 - DEBUG - 执行AGV分配局部搜索，当前完工时间: 2005.00
2025-04-08 15:00:39,674 - DEBUG - 局部搜索未能改进当前解
2025-04-08 15:00:39,678 - DEBUG - 执行AGV分配局部搜索，当前完工时间: 1960.00
2025-04-08 15:00:39,681 - DEBUG - 局部搜索未能改进当前解
2025-04-08 15:00:39,686 - DEBUG - 执行AGV分配局部搜索，当前完工时间: 1958.00
2025-04-08 15:00:39,690 - DEBUG - 局部搜索未能改进当前解
2025-04-08 15:00:39,694 - DEBUG - 执行AGV分配局部搜索，当前完工时间: 2135.00
2025-04-08 15:00:39,697 - DEBUG - 局部搜索未能改进当前解
2025-04-08 15:00:39,702 - DEBUG - 执行AGV分配局部搜索，当前完工时间: 1872.00
2025-04-08 15:00:39,705 - DEBUG - 局部搜索未能改进当前解
2025-04-08 15:00:39,709 - DEBUG - 执行AGV分配局部搜索，当前完工时间: 1956.00
2025-04-08 15:00:39,712 - DEBUG - 局部搜索未能改进当前解
2025-04-08 15:00:39,716 - DEBUG - 执行AGV分配局部搜索，当前完工时间: 1974.00
2025-04-08 15:00:39,721 - DEBUG - 局部搜索未能改进当前解
2025-04-08 15:00:39,724 - DEBUG - 执行AGV分配局部搜索，当前完工时间: 1941.00
2025-04-08 15:00:39,728 - DEBUG - 局部搜索未能改进当前解
2025-04-08 15:00:39,731 - DEBUG - 执行AGV分配局部搜索，当前完工时间: 1949.00
2025-04-08 15:00:39,734 - DEBUG - 局部搜索未能改进当前解
2025-04-08 15:00:39,739 - DEBUG - 执行AGV分配局部搜索，当前完工时间: 1932.00
2025-04-08 15:00:39,742 - DEBUG - 局部搜索未能改进当前解
2025-04-08 15:00:39,746 - DEBUG - 执行AGV分配局部搜索，当前完工时间: 1981.00
2025-04-08 15:00:39,750 - DEBUG - AGV分配局部搜索成功！完工时间从 1981.00 降低到 1966.00，改进: 15.00 (0.76%)
2025-04-08 15:00:39,754 - DEBUG - 执行AGV分配局部搜索，当前完工时间: 1981.00
2025-04-08 15:00:39,757 - DEBUG - 局部搜索未能改进当前解
2025-04-08 15:00:39,762 - DEBUG - 执行AGV分配局部搜索，当前完工时间: 1963.00
2025-04-08 15:00:39,766 - DEBUG - 局部搜索未能改进当前解
2025-04-08 15:00:39,770 - DEBUG - 执行AGV分配局部搜索，当前完工时间: 1925.00
2025-04-08 15:00:39,773 - DEBUG - 局部搜索未能改进当前解
2025-04-08 15:00:39,777 - DEBUG - 执行AGV分配局部搜索，当前完工时间: 2014.00
2025-04-08 15:00:39,781 - DEBUG - 局部搜索未能改进当前解
2025-04-08 15:00:39,785 - DEBUG - 执行AGV分配局部搜索，当前完工时间: 1951.00
2025-04-08 15:00:39,787 - DEBUG - 局部搜索未能改进当前解
2025-04-08 15:00:39,792 - DEBUG - 执行AGV分配局部搜索，当前完工时间: 1954.00
2025-04-08 15:00:39,795 - DEBUG - 局部搜索未能改进当前解
2025-04-08 15:00:39,799 - DEBUG - 执行AGV分配局部搜索，当前完工时间: 1960.00
2025-04-08 15:00:39,802 - DEBUG - 局部搜索未能改进当前解
2025-04-08 15:00:39,806 - DEBUG - 执行AGV分配局部搜索，当前完工时间: 1899.00
2025-04-08 15:00:39,809 - DEBUG - 局部搜索未能改进当前解
2025-04-08 15:00:39,812 - DEBUG - 执行AGV分配局部搜索，当前完工时间: 1991.00
2025-04-08 15:00:39,817 - DEBUG - 局部搜索未能改进当前解
2025-04-08 15:00:39,820 - DEBUG - 执行AGV分配局部搜索，当前完工时间: 1955.00
2025-04-08 15:00:39,824 - DEBUG - 局部搜索未能改进当前解
2025-04-08 15:00:39,826 - DEBUG - 执行AGV分配局部搜索，当前完工时间: 1892.00
2025-04-08 15:00:39,831 - DEBUG - 局部搜索未能改进当前解
2025-04-08 15:00:39,834 - DEBUG - 执行AGV分配局部搜索，当前完工时间: 1914.00
2025-04-08 15:00:39,837 - DEBUG - 局部搜索未能改进当前解
2025-04-08 15:00:39,842 - DEBUG - 执行AGV分配局部搜索，当前完工时间: 1932.00
2025-04-08 15:00:39,845 - DEBUG - 局部搜索未能改进当前解
2025-04-08 15:00:39,849 - DEBUG - 执行AGV分配局部搜索，当前完工时间: 1904.00
2025-04-08 15:00:39,852 - DEBUG - 局部搜索未能改进当前解
2025-04-08 15:00:39,856 - DEBUG - 执行AGV分配局部搜索，当前完工时间: 1920.00
2025-04-08 15:00:39,860 - DEBUG - 局部搜索未能改进当前解
2025-04-08 15:00:39,864 - DEBUG - 执行AGV分配局部搜索，当前完工时间: 1957.00
2025-04-08 15:00:39,867 - DEBUG - 局部搜索未能改进当前解
2025-04-08 15:00:39,871 - DEBUG - 执行AGV分配局部搜索，当前完工时间: 2000.00
2025-04-08 15:00:39,874 - DEBUG - 局部搜索未能改进当前解
2025-04-08 15:00:39,878 - DEBUG - 执行AGV分配局部搜索，当前完工时间: 1991.00
2025-04-08 15:00:39,882 - DEBUG - 局部搜索未能改进当前解
2025-04-08 15:00:39,886 - DEBUG - 执行AGV分配局部搜索，当前完工时间: 2185.00
2025-04-08 15:00:39,889 - DEBUG - 局部搜索未能改进当前解
2025-04-08 15:00:39,893 - DEBUG - 执行AGV分配局部搜索，当前完工时间: 2113.00
2025-04-08 15:00:39,896 - DEBUG - 局部搜索未能改进当前解
2025-04-08 15:00:39,900 - DEBUG - 执行AGV分配局部搜索，当前完工时间: 2014.00
2025-04-08 15:00:39,903 - DEBUG - 局部搜索未能改进当前解
2025-04-08 15:00:39,907 - DEBUG - 执行AGV分配局部搜索，当前完工时间: 1936.00
2025-04-08 15:00:39,910 - DEBUG - 局部搜索未能改进当前解
2025-04-08 15:00:39,914 - DEBUG - 执行AGV分配局部搜索，当前完工时间: 1932.00
2025-04-08 15:00:39,918 - DEBUG - AGV分配局部搜索成功！完工时间从 1932.00 降低到 1928.00，改进: 4.00 (0.21%)
2025-04-08 15:00:39,921 - DEBUG - 执行AGV分配局部搜索，当前完工时间: 2034.00
2025-04-08 15:00:39,924 - DEBUG - 局部搜索未能改进当前解
2025-04-08 15:00:39,929 - DEBUG - 执行AGV分配局部搜索，当前完工时间: 2143.00
2025-04-08 15:00:39,931 - DEBUG - AGV分配局部搜索成功！完工时间从 2143.00 降低到 2131.00，改进: 12.00 (0.56%)
2025-04-08 15:00:39,936 - DEBUG - 执行AGV分配局部搜索，当前完工时间: 2049.00
2025-04-08 15:00:39,938 - DEBUG - 局部搜索未能改进当前解
2025-04-08 15:00:39,943 - DEBUG - 执行AGV分配局部搜索，当前完工时间: 1985.00
2025-04-08 15:00:39,946 - DEBUG - 局部搜索未能改进当前解
2025-04-08 15:00:39,950 - DEBUG - 执行AGV分配局部搜索，当前完工时间: 1982.00
2025-04-08 15:00:39,954 - DEBUG - 局部搜索未能改进当前解
2025-04-08 15:00:39,957 - DEBUG - 执行AGV分配局部搜索，当前完工时间: 2134.00
2025-04-08 15:00:39,961 - DEBUG - 局部搜索未能改进当前解
2025-04-08 15:00:39,964 - DEBUG - 执行AGV分配局部搜索，当前完工时间: 2052.00
2025-04-08 15:00:39,968 - DEBUG - 局部搜索未能改进当前解
2025-04-08 15:00:39,972 - DEBUG - 执行AGV分配局部搜索，当前完工时间: 1982.00
2025-04-08 15:00:39,975 - DEBUG - 局部搜索未能改进当前解
2025-04-08 15:00:39,979 - DEBUG - 执行AGV分配局部搜索，当前完工时间: 1929.00
2025-04-08 15:00:39,983 - DEBUG - 局部搜索未能改进当前解
2025-04-08 15:00:39,986 - DEBUG - 执行AGV分配局部搜索，当前完工时间: 2053.00
2025-04-08 15:00:39,990 - DEBUG - 局部搜索未能改进当前解
2025-04-08 15:00:39,993 - DEBUG - 执行AGV分配局部搜索，当前完工时间: 2037.00
2025-04-08 15:00:39,996 - DEBUG - 局部搜索未能改进当前解
2025-04-08 15:00:40,000 - DEBUG - 执行AGV分配局部搜索，当前完工时间: 1978.00
2025-04-08 15:00:40,004 - DEBUG - 局部搜索未能改进当前解
2025-04-08 15:00:40,007 - DEBUG - 执行AGV分配局部搜索，当前完工时间: 1967.00
2025-04-08 15:00:40,010 - DEBUG - 局部搜索未能改进当前解
2025-04-08 15:00:40,014 - DEBUG - 执行AGV分配局部搜索，当前完工时间: 1949.00
2025-04-08 15:00:40,018 - DEBUG - 局部搜索未能改进当前解
2025-04-08 15:00:40,022 - DEBUG - 执行AGV分配局部搜索，当前完工时间: 1971.00
2025-04-08 15:00:40,025 - DEBUG - 局部搜索未能改进当前解
2025-04-08 15:00:40,029 - DEBUG - 执行AGV分配局部搜索，当前完工时间: 1869.00
2025-04-08 15:00:40,032 - DEBUG - 局部搜索未能改进当前解
2025-04-08 15:00:40,036 - DEBUG - 执行AGV分配局部搜索，当前完工时间: 1920.00
2025-04-08 15:00:40,039 - DEBUG - 局部搜索未能改进当前解
2025-04-08 15:00:40,043 - DEBUG - 执行AGV分配局部搜索，当前完工时间: 1971.00
2025-04-08 15:00:40,046 - DEBUG - 局部搜索未能改进当前解
2025-04-08 15:00:40,049 - DEBUG - 执行AGV分配局部搜索，当前完工时间: 1986.00
2025-04-08 15:00:40,053 - DEBUG - 局部搜索未能改进当前解
2025-04-08 15:00:40,057 - DEBUG - 执行AGV分配局部搜索，当前完工时间: 2047.00
2025-04-08 15:00:40,060 - DEBUG - 局部搜索未能改进当前解
2025-04-08 15:00:40,064 - DEBUG - 执行AGV分配局部搜索，当前完工时间: 1968.00
2025-04-08 15:00:40,068 - DEBUG - 局部搜索未能改进当前解
2025-04-08 15:00:40,070 - DEBUG - 执行AGV分配局部搜索，当前完工时间: 1957.00
2025-04-08 15:00:40,074 - DEBUG - 局部搜索未能改进当前解
2025-04-08 15:00:40,078 - DEBUG - 执行AGV分配局部搜索，当前完工时间: 2049.00
2025-04-08 15:00:40,081 - DEBUG - 局部搜索未能改进当前解
2025-04-08 15:00:40,085 - DEBUG - 执行AGV分配局部搜索，当前完工时间: 1953.00
2025-04-08 15:00:40,088 - DEBUG - 局部搜索未能改进当前解
2025-04-08 15:00:40,092 - DEBUG - 执行AGV分配局部搜索，当前完工时间: 1928.00
2025-04-08 15:00:40,095 - DEBUG - 局部搜索未能改进当前解
2025-04-08 15:00:40,100 - DEBUG - 执行AGV分配局部搜索，当前完工时间: 2044.00
2025-04-08 15:00:40,103 - DEBUG - 局部搜索未能改进当前解
2025-04-08 15:00:40,107 - DEBUG - 执行AGV分配局部搜索，当前完工时间: 1874.00
2025-04-08 15:00:40,110 - DEBUG - 局部搜索未能改进当前解
2025-04-08 15:00:40,114 - DEBUG - 执行AGV分配局部搜索，当前完工时间: 1990.00
2025-04-08 15:00:40,116 - DEBUG - 局部搜索未能改进当前解
2025-04-08 15:00:40,121 - DEBUG - 执行AGV分配局部搜索，当前完工时间: 2024.00
2025-04-08 15:00:40,125 - DEBUG - 局部搜索未能改进当前解
2025-04-08 15:00:40,129 - DEBUG - 执行AGV分配局部搜索，当前完工时间: 1961.00
2025-04-08 15:00:40,132 - DEBUG - 局部搜索未能改进当前解
2025-04-08 15:00:40,136 - DEBUG - 执行AGV分配局部搜索，当前完工时间: 1930.00
2025-04-08 15:00:40,140 - DEBUG - 局部搜索未能改进当前解
2025-04-08 15:00:40,145 - DEBUG - 执行AGV分配局部搜索，当前完工时间: 1950.00
2025-04-08 15:00:40,147 - DEBUG - 局部搜索未能改进当前解
2025-04-08 15:00:40,152 - DEBUG - 执行AGV分配局部搜索，当前完工时间: 1982.00
2025-04-08 15:00:40,155 - DEBUG - 局部搜索未能改进当前解
2025-04-08 15:00:40,159 - DEBUG - 执行AGV分配局部搜索，当前完工时间: 2030.00
2025-04-08 15:00:40,162 - DEBUG - 局部搜索未能改进当前解
2025-04-08 15:00:40,166 - DEBUG - 执行AGV分配局部搜索，当前完工时间: 1932.00
2025-04-08 15:00:40,170 - DEBUG - 局部搜索未能改进当前解
2025-04-08 15:00:40,173 - DEBUG - 执行AGV分配局部搜索，当前完工时间: 1967.00
2025-04-08 15:00:40,176 - DEBUG - 局部搜索未能改进当前解
2025-04-08 15:00:40,181 - DEBUG - 执行AGV分配局部搜索，当前完工时间: 2040.00
2025-04-08 15:00:40,185 - DEBUG - 局部搜索未能改进当前解
2025-04-08 15:00:40,189 - DEBUG - 执行AGV分配局部搜索，当前完工时间: 1943.00
2025-04-08 15:00:40,192 - DEBUG - AGV分配局部搜索成功！完工时间从 1943.00 降低到 1939.00，改进: 4.00 (0.21%)
2025-04-08 15:00:40,195 - DEBUG - 执行AGV分配局部搜索，当前完工时间: 1902.00
2025-04-08 15:00:40,200 - DEBUG - 局部搜索未能改进当前解
2025-04-08 15:00:40,204 - DEBUG - 执行AGV分配局部搜索，当前完工时间: 1989.00
2025-04-08 15:00:40,207 - DEBUG - 局部搜索未能改进当前解
2025-04-08 15:00:40,211 - DEBUG - 执行AGV分配局部搜索，当前完工时间: 1982.00
2025-04-08 15:00:40,214 - DEBUG - 局部搜索未能改进当前解
2025-04-08 15:00:40,218 - DEBUG - 执行AGV分配局部搜索，当前完工时间: 1947.00
2025-04-08 15:00:40,221 - DEBUG - 局部搜索未能改进当前解
2025-04-08 15:00:40,225 - DEBUG - 执行AGV分配局部搜索，当前完工时间: 2032.00
2025-04-08 15:00:40,229 - DEBUG - 局部搜索未能改进当前解
2025-04-08 15:00:40,233 - DEBUG - 执行AGV分配局部搜索，当前完工时间: 2039.00
2025-04-08 15:00:40,236 - DEBUG - 局部搜索未能改进当前解
2025-04-08 15:00:40,239 - DEBUG - 执行AGV分配局部搜索，当前完工时间: 2076.00
2025-04-08 15:00:40,242 - DEBUG - AGV分配局部搜索成功！完工时间从 2076.00 降低到 2054.00，改进: 22.00 (1.06%)
2025-04-08 15:00:40,247 - DEBUG - 执行AGV分配局部搜索，当前完工时间: 2032.00
2025-04-08 15:00:40,250 - DEBUG - 局部搜索未能改进当前解
2025-04-08 15:00:40,254 - DEBUG - 执行AGV分配局部搜索，当前完工时间: 2000.00
2025-04-08 15:00:40,257 - DEBUG - 局部搜索未能改进当前解
2025-04-08 15:00:40,262 - DEBUG - 执行AGV分配局部搜索，当前完工时间: 2032.00
2025-04-08 15:00:40,264 - DEBUG - 局部搜索未能改进当前解
2025-04-08 15:00:40,268 - DEBUG - 执行AGV分配局部搜索，当前完工时间: 1930.00
2025-04-08 15:00:40,270 - DEBUG - 局部搜索未能改进当前解
2025-04-08 15:00:40,275 - DEBUG - 执行AGV分配局部搜索，当前完工时间: 1847.00
2025-04-08 15:00:40,279 - DEBUG - 局部搜索未能改进当前解
2025-04-08 15:00:40,282 - DEBUG - 执行AGV分配局部搜索，当前完工时间: 1931.00
2025-04-08 15:00:40,286 - DEBUG - 局部搜索未能改进当前解
2025-04-08 15:00:40,290 - DEBUG - 执行AGV分配局部搜索，当前完工时间: 1941.00
2025-04-08 15:00:40,293 - DEBUG - AGV分配局部搜索成功！完工时间从 1941.00 降低到 1919.00，改进: 22.00 (1.13%)
2025-04-08 15:00:40,297 - DEBUG - 执行AGV分配局部搜索，当前完工时间: 2013.00
2025-04-08 15:00:40,301 - DEBUG - 局部搜索未能改进当前解
2025-04-08 15:00:40,304 - DEBUG - 执行AGV分配局部搜索，当前完工时间: 1916.00
2025-04-08 15:00:40,308 - DEBUG - 局部搜索未能改进当前解
2025-04-08 15:00:40,312 - DEBUG - 执行AGV分配局部搜索，当前完工时间: 2096.00
2025-04-08 15:00:40,315 - DEBUG - 局部搜索未能改进当前解
2025-04-08 15:00:40,319 - DEBUG - 执行AGV分配局部搜索，当前完工时间: 1964.00
2025-04-08 15:00:40,323 - DEBUG - 局部搜索未能改进当前解
2025-04-08 15:00:40,327 - DEBUG - 执行AGV分配局部搜索，当前完工时间: 2132.00
2025-04-08 15:00:40,330 - DEBUG - 局部搜索未能改进当前解
2025-04-08 15:00:40,334 - DEBUG - 执行AGV分配局部搜索，当前完工时间: 1986.00
2025-04-08 15:00:40,337 - DEBUG - 局部搜索未能改进当前解
2025-04-08 15:00:40,342 - DEBUG - 执行AGV分配局部搜索，当前完工时间: 1925.00
2025-04-08 15:00:40,345 - DEBUG - 局部搜索未能改进当前解
2025-04-08 15:00:40,349 - DEBUG - 执行AGV分配局部搜索，当前完工时间: 2004.00
2025-04-08 15:00:40,353 - DEBUG - 局部搜索未能改进当前解
2025-04-08 15:00:40,357 - DEBUG - 执行AGV分配局部搜索，当前完工时间: 1944.00
2025-04-08 15:00:40,360 - DEBUG - 局部搜索未能改进当前解
2025-04-08 15:00:40,364 - DEBUG - 执行AGV分配局部搜索，当前完工时间: 1989.00
2025-04-08 15:00:40,366 - DEBUG - 局部搜索未能改进当前解
2025-04-08 15:00:40,370 - DEBUG - 执行AGV分配局部搜索，当前完工时间: 1958.00
2025-04-08 15:00:40,375 - DEBUG - 局部搜索未能改进当前解
2025-04-08 15:00:40,379 - DEBUG - 执行AGV分配局部搜索，当前完工时间: 1965.00
2025-04-08 15:00:40,382 - DEBUG - 局部搜索未能改进当前解
2025-04-08 15:00:40,386 - DEBUG - 执行AGV分配局部搜索，当前完工时间: 2083.00
2025-04-08 15:00:40,390 - DEBUG - 局部搜索未能改进当前解
2025-04-08 15:00:40,390 - DEBUG - ==================================================
2025-04-08 15:00:40,390 - DEBUG - Efficiency Statistics of Local Search :
2025-04-08 15:00:40,390 - DEBUG - Number of attempts: 99
2025-04-08 15:00:40,390 - DEBUG - Average Success Rate: 6.06%
2025-04-08 15:00:40,390 - DEBUG - AGV Local Search Success: 6，Average Improvement: 13.17
2025-04-08 15:00:40,394 - DEBUG - 执行AGV分配局部搜索，当前完工时间: 1965.00
2025-04-08 15:00:40,397 - DEBUG - 局部搜索未能改进当前解
2025-04-08 15:00:40,401 - DEBUG - 执行AGV分配局部搜索，当前完工时间: 1900.00
2025-04-08 15:00:40,405 - DEBUG - 局部搜索未能改进当前解
2025-04-08 15:00:40,409 - DEBUG - 执行AGV分配局部搜索，当前完工时间: 2130.00
2025-04-08 15:00:40,413 - DEBUG - 局部搜索未能改进当前解
2025-04-08 15:00:40,416 - DEBUG - 执行AGV分配局部搜索，当前完工时间: 1902.00
2025-04-08 15:00:40,420 - DEBUG - AGV分配局部搜索成功！完工时间从 1902.00 降低到 1870.00，改进: 32.00 (1.68%)
2025-04-08 15:00:40,424 - DEBUG - 执行AGV分配局部搜索，当前完工时间: 2082.00
2025-04-08 15:00:40,428 - DEBUG - AGV分配局部搜索成功！完工时间从 2082.00 降低到 2068.00，改进: 14.00 (0.67%)
2025-04-08 15:00:40,431 - DEBUG - 执行AGV分配局部搜索，当前完工时间: 1978.00
2025-04-08 15:00:40,435 - DEBUG - 局部搜索未能改进当前解
2025-04-08 15:00:40,439 - DEBUG - 执行AGV分配局部搜索，当前完工时间: 1949.00
2025-04-08 15:00:40,443 - DEBUG - 局部搜索未能改进当前解
2025-04-08 15:00:40,446 - DEBUG - 执行AGV分配局部搜索，当前完工时间: 1931.00
2025-04-08 15:00:40,449 - DEBUG - 局部搜索未能改进当前解
2025-04-08 15:00:40,453 - DEBUG - 执行AGV分配局部搜索，当前完工时间: 2108.00
2025-04-08 15:00:40,457 - DEBUG - 局部搜索未能改进当前解
2025-04-08 15:00:40,461 - DEBUG - 执行AGV分配局部搜索，当前完工时间: 1952.00
2025-04-08 15:00:40,464 - DEBUG - 局部搜索未能改进当前解
2025-04-08 15:00:40,469 - DEBUG - 执行AGV分配局部搜索，当前完工时间: 1900.00
2025-04-08 15:00:40,472 - DEBUG - 局部搜索未能改进当前解
2025-04-08 15:00:40,475 - DEBUG - 执行AGV分配局部搜索，当前完工时间: 1950.00
2025-04-08 15:00:40,479 - DEBUG - AGV分配局部搜索成功！完工时间从 1950.00 降低到 1939.00，改进: 11.00 (0.56%)
2025-04-08 15:00:40,483 - DEBUG - 执行AGV分配局部搜索，当前完工时间: 2006.00
2025-04-08 15:00:40,487 - DEBUG - 局部搜索未能改进当前解
2025-04-08 15:00:40,490 - DEBUG - 执行AGV分配局部搜索，当前完工时间: 2070.00
2025-04-08 15:00:40,493 - DEBUG - AGV分配局部搜索成功！完工时间从 2070.00 降低到 2040.00，改进: 30.00 (1.45%)
2025-04-08 15:00:40,497 - DEBUG - 执行AGV分配局部搜索，当前完工时间: 1985.00
2025-04-08 15:00:40,501 - DEBUG - 局部搜索未能改进当前解
2025-04-08 15:00:40,505 - DEBUG - 执行AGV分配局部搜索，当前完工时间: 1855.00
2025-04-08 15:00:40,507 - DEBUG - 局部搜索未能改进当前解
2025-04-08 15:00:40,511 - DEBUG - 执行AGV分配局部搜索，当前完工时间: 1949.00
2025-04-08 15:00:40,515 - DEBUG - 局部搜索未能改进当前解
2025-04-08 15:00:40,519 - DEBUG - 执行AGV分配局部搜索，当前完工时间: 1922.00
2025-04-08 15:00:40,522 - DEBUG - 局部搜索未能改进当前解
2025-04-08 15:00:40,526 - DEBUG - 执行AGV分配局部搜索，当前完工时间: 1943.00
2025-04-08 15:00:40,530 - DEBUG - 局部搜索未能改进当前解
2025-04-08 15:00:40,534 - DEBUG - 执行AGV分配局部搜索，当前完工时间: 1966.00
2025-04-08 15:00:40,537 - DEBUG - 局部搜索未能改进当前解
2025-04-08 15:00:40,540 - DEBUG - 执行AGV分配局部搜索，当前完工时间: 2069.00
2025-04-08 15:00:40,544 - DEBUG - 局部搜索未能改进当前解
2025-04-08 15:00:40,547 - DEBUG - 执行AGV分配局部搜索，当前完工时间: 2108.00
2025-04-08 15:00:40,551 - DEBUG - AGV分配局部搜索成功！完工时间从 2108.00 降低到 2069.00，改进: 39.00 (1.85%)
2025-04-08 15:00:40,555 - DEBUG - 执行AGV分配局部搜索，当前完工时间: 1982.00
2025-04-08 15:00:40,557 - DEBUG - AGV分配局部搜索成功！完工时间从 1982.00 降低到 1979.00，改进: 3.00 (0.15%)
2025-04-08 15:00:40,560 - DEBUG - 执行AGV分配局部搜索，当前完工时间: 1872.00
2025-04-08 15:00:40,564 - DEBUG - 局部搜索未能改进当前解
2025-04-08 15:00:40,569 - DEBUG - 执行AGV分配局部搜索，当前完工时间: 1918.00
2025-04-08 15:00:40,572 - DEBUG - 局部搜索未能改进当前解
2025-04-08 15:00:40,575 - DEBUG - 执行AGV分配局部搜索，当前完工时间: 1985.00
2025-04-08 15:00:40,580 - DEBUG - 局部搜索未能改进当前解
2025-04-08 15:00:40,583 - DEBUG - 执行AGV分配局部搜索，当前完工时间: 2090.00
2025-04-08 15:00:40,586 - DEBUG - 局部搜索未能改进当前解
2025-04-08 15:00:40,590 - DEBUG - 执行AGV分配局部搜索，当前完工时间: 1936.00
2025-04-08 15:00:40,593 - DEBUG - 局部搜索未能改进当前解
2025-04-08 15:00:40,597 - DEBUG - 执行AGV分配局部搜索，当前完工时间: 1888.00
2025-04-08 15:00:40,601 - DEBUG - 局部搜索未能改进当前解
2025-04-08 15:00:40,604 - DEBUG - 执行AGV分配局部搜索，当前完工时间: 2066.00
2025-04-08 15:00:40,607 - DEBUG - 局部搜索未能改进当前解
2025-04-08 15:00:40,610 - DEBUG - 执行AGV分配局部搜索，当前完工时间: 2028.00
2025-04-08 15:00:40,614 - DEBUG - 局部搜索未能改进当前解
2025-04-08 15:00:40,618 - DEBUG - 执行AGV分配局部搜索，当前完工时间: 1990.00
2025-04-08 15:00:40,622 - DEBUG - 局部搜索未能改进当前解
2025-04-08 15:00:40,625 - DEBUG - 执行AGV分配局部搜索，当前完工时间: 1847.00
2025-04-08 15:00:40,630 - DEBUG - 局部搜索未能改进当前解
2025-04-08 15:00:40,633 - DEBUG - 执行AGV分配局部搜索，当前完工时间: 2071.00
2025-04-08 15:00:40,637 - DEBUG - 局部搜索未能改进当前解
2025-04-08 15:00:40,641 - DEBUG - 执行AGV分配局部搜索，当前完工时间: 1958.00
2025-04-08 15:00:40,645 - DEBUG - 局部搜索未能改进当前解
2025-04-08 15:00:40,649 - DEBUG - 执行AGV分配局部搜索，当前完工时间: 2004.00
2025-04-08 15:00:40,652 - DEBUG - 局部搜索未能改进当前解
2025-04-08 15:00:40,656 - DEBUG - 执行AGV分配局部搜索，当前完工时间: 1900.00
2025-04-08 15:00:40,659 - DEBUG - 局部搜索未能改进当前解
2025-04-08 15:00:40,663 - DEBUG - 执行AGV分配局部搜索，当前完工时间: 1953.00
2025-04-08 15:00:40,666 - DEBUG - 局部搜索未能改进当前解
2025-04-08 15:00:40,670 - DEBUG - 执行AGV分配局部搜索，当前完工时间: 1923.00
2025-04-08 15:00:40,673 - DEBUG - 局部搜索未能改进当前解
2025-04-08 15:00:40,676 - DEBUG - 执行AGV分配局部搜索，当前完工时间: 1944.00
2025-04-08 15:00:40,680 - DEBUG - 局部搜索未能改进当前解
2025-04-08 15:00:40,685 - DEBUG - 执行AGV分配局部搜索，当前完工时间: 2028.00
2025-04-08 15:00:40,688 - DEBUG - 局部搜索未能改进当前解
2025-04-08 15:00:40,692 - DEBUG - 执行AGV分配局部搜索，当前完工时间: 1986.00
2025-04-08 15:00:40,695 - DEBUG - 局部搜索未能改进当前解
2025-04-08 15:00:40,698 - DEBUG - 执行AGV分配局部搜索，当前完工时间: 1950.00
2025-04-08 15:00:40,702 - DEBUG - 局部搜索未能改进当前解
2025-04-08 15:00:40,705 - DEBUG - 执行AGV分配局部搜索，当前完工时间: 1922.00
2025-04-08 15:00:40,708 - DEBUG - 局部搜索未能改进当前解
2025-04-08 15:00:40,713 - DEBUG - 执行AGV分配局部搜索，当前完工时间: 2031.00
2025-04-08 15:00:40,716 - DEBUG - 局部搜索未能改进当前解
2025-04-08 15:00:40,720 - DEBUG - 执行AGV分配局部搜索，当前完工时间: 2017.00
2025-04-08 15:00:40,724 - DEBUG - 局部搜索未能改进当前解
2025-04-08 15:00:40,727 - DEBUG - 执行AGV分配局部搜索，当前完工时间: 1974.00
2025-04-08 15:00:40,731 - DEBUG - 局部搜索未能改进当前解
2025-04-08 15:00:40,734 - DEBUG - 执行AGV分配局部搜索，当前完工时间: 1925.00
2025-04-08 15:00:40,738 - DEBUG - 局部搜索未能改进当前解
2025-04-08 15:00:40,742 - DEBUG - 执行AGV分配局部搜索，当前完工时间: 2055.00
2025-04-08 15:00:40,745 - DEBUG - 局部搜索未能改进当前解
2025-04-08 15:00:40,750 - DEBUG - 执行AGV分配局部搜索，当前完工时间: 1898.00
2025-04-08 15:00:40,754 - DEBUG - 局部搜索未能改进当前解
2025-04-08 15:00:40,757 - DEBUG - 执行AGV分配局部搜索，当前完工时间: 2066.00
2025-04-08 15:00:40,761 - DEBUG - 局部搜索未能改进当前解
2025-04-08 15:00:40,764 - DEBUG - 执行AGV分配局部搜索，当前完工时间: 1971.00
2025-04-08 15:00:40,768 - DEBUG - 局部搜索未能改进当前解
2025-04-08 15:00:40,772 - DEBUG - 执行AGV分配局部搜索，当前完工时间: 2038.00
2025-04-08 15:00:40,775 - DEBUG - 局部搜索未能改进当前解
2025-04-08 15:00:40,780 - DEBUG - 执行AGV分配局部搜索，当前完工时间: 1901.00
2025-04-08 15:00:40,783 - DEBUG - 局部搜索未能改进当前解
2025-04-08 15:00:40,787 - DEBUG - 执行AGV分配局部搜索，当前完工时间: 1941.00
2025-04-08 15:00:40,790 - DEBUG - 局部搜索未能改进当前解
2025-04-08 15:00:40,795 - DEBUG - 执行AGV分配局部搜索，当前完工时间: 2012.00
2025-04-08 15:00:40,797 - DEBUG - 局部搜索未能改进当前解
2025-04-08 15:00:40,802 - DEBUG - 执行AGV分配局部搜索，当前完工时间: 2006.00
2025-04-08 15:00:40,806 - DEBUG - 局部搜索未能改进当前解
2025-04-08 15:00:40,809 - DEBUG - 执行AGV分配局部搜索，当前完工时间: 2000.00
2025-04-08 15:00:40,812 - DEBUG - AGV分配局部搜索成功！完工时间从 2000.00 降低到 1974.00，改进: 26.00 (1.30%)
2025-04-08 15:00:40,816 - DEBUG - 执行AGV分配局部搜索，当前完工时间: 1996.00
2025-04-08 15:00:40,821 - DEBUG - 局部搜索未能改进当前解
2025-04-08 15:00:40,824 - DEBUG - 执行AGV分配局部搜索，当前完工时间: 2074.00
2025-04-08 15:00:40,828 - DEBUG - 局部搜索未能改进当前解
2025-04-08 15:00:40,831 - DEBUG - 执行AGV分配局部搜索，当前完工时间: 1930.00
2025-04-08 15:00:40,835 - DEBUG - 局部搜索未能改进当前解
2025-04-08 15:00:40,838 - DEBUG - 执行AGV分配局部搜索，当前完工时间: 1954.00
2025-04-08 15:00:40,841 - DEBUG - 局部搜索未能改进当前解
2025-04-08 15:00:40,845 - DEBUG - 执行AGV分配局部搜索，当前完工时间: 1945.00
2025-04-08 15:00:40,849 - DEBUG - 局部搜索未能改进当前解
2025-04-08 15:00:40,852 - DEBUG - 执行AGV分配局部搜索，当前完工时间: 2024.00
2025-04-08 15:00:40,856 - DEBUG - AGV分配局部搜索成功！完工时间从 2024.00 降低到 1993.00，改进: 31.00 (1.53%)
2025-04-08 15:00:40,860 - DEBUG - 执行AGV分配局部搜索，当前完工时间: 1912.00
2025-04-08 15:00:40,864 - DEBUG - 局部搜索未能改进当前解
2025-04-08 15:00:40,868 - DEBUG - 执行AGV分配局部搜索，当前完工时间: 1967.00
2025-04-08 15:00:40,871 - DEBUG - 局部搜索未能改进当前解
2025-04-08 15:00:40,874 - DEBUG - 执行AGV分配局部搜索，当前完工时间: 2005.00
2025-04-08 15:00:40,878 - DEBUG - 局部搜索未能改进当前解
2025-04-08 15:00:40,881 - DEBUG - 执行AGV分配局部搜索，当前完工时间: 1958.00
2025-04-08 15:00:40,886 - DEBUG - 局部搜索未能改进当前解
2025-04-08 15:00:40,889 - DEBUG - 执行AGV分配局部搜索，当前完工时间: 1978.00
2025-04-08 15:00:40,892 - DEBUG - AGV分配局部搜索成功！完工时间从 1978.00 降低到 1974.00，改进: 4.00 (0.20%)
2025-04-08 15:00:40,897 - DEBUG - 执行AGV分配局部搜索，当前完工时间: 1944.00
2025-04-08 15:00:40,899 - DEBUG - 局部搜索未能改进当前解
2025-04-08 15:00:40,904 - DEBUG - 执行AGV分配局部搜索，当前完工时间: 2001.00
2025-04-08 15:00:40,908 - DEBUG - 局部搜索未能改进当前解
2025-04-08 15:00:40,912 - DEBUG - 执行AGV分配局部搜索，当前完工时间: 1997.00
2025-04-08 15:00:40,914 - DEBUG - 局部搜索未能改进当前解
2025-04-08 15:00:40,919 - DEBUG - 执行AGV分配局部搜索，当前完工时间: 1935.00
2025-04-08 15:00:40,922 - DEBUG - 局部搜索未能改进当前解
2025-04-08 15:00:40,926 - DEBUG - 执行AGV分配局部搜索，当前完工时间: 1914.00
2025-04-08 15:00:40,929 - DEBUG - 局部搜索未能改进当前解
2025-04-08 15:00:40,933 - DEBUG - 执行AGV分配局部搜索，当前完工时间: 2010.00
2025-04-08 15:00:40,937 - DEBUG - 局部搜索未能改进当前解
2025-04-08 15:00:40,941 - DEBUG - 执行AGV分配局部搜索，当前完工时间: 1983.00
2025-04-08 15:00:40,945 - DEBUG - 局部搜索未能改进当前解
2025-04-08 15:00:40,947 - DEBUG - 执行AGV分配局部搜索，当前完工时间: 1932.00
2025-04-08 15:00:40,951 - DEBUG - 局部搜索未能改进当前解
2025-04-08 15:00:40,955 - DEBUG - 执行AGV分配局部搜索，当前完工时间: 2079.00
2025-04-08 15:00:40,959 - DEBUG - 局部搜索未能改进当前解
2025-04-08 15:00:40,962 - DEBUG - 执行AGV分配局部搜索，当前完工时间: 1969.00
2025-04-08 15:00:40,966 - DEBUG - 局部搜索未能改进当前解
2025-04-08 15:00:40,970 - DEBUG - 执行AGV分配局部搜索，当前完工时间: 1853.00
2025-04-08 15:00:40,974 - DEBUG - 局部搜索未能改进当前解
2025-04-08 15:00:40,977 - DEBUG - 执行AGV分配局部搜索，当前完工时间: 1978.00
2025-04-08 15:00:40,980 - DEBUG - 局部搜索未能改进当前解
2025-04-08 15:00:40,985 - DEBUG - 执行AGV分配局部搜索，当前完工时间: 1998.00
2025-04-08 15:00:40,988 - DEBUG - 局部搜索未能改进当前解
2025-04-08 15:00:40,991 - DEBUG - 执行AGV分配局部搜索，当前完工时间: 2015.00
2025-04-08 15:00:40,995 - DEBUG - 局部搜索未能改进当前解
2025-04-08 15:00:40,999 - DEBUG - 执行AGV分配局部搜索，当前完工时间: 1958.00
2025-04-08 15:00:41,002 - DEBUG - 局部搜索未能改进当前解
2025-04-08 15:00:41,006 - DEBUG - 执行AGV分配局部搜索，当前完工时间: 1883.00
2025-04-08 15:00:41,009 - DEBUG - 局部搜索未能改进当前解
2025-04-08 15:00:41,012 - DEBUG - 执行AGV分配局部搜索，当前完工时间: 1978.00
2025-04-08 15:00:41,016 - DEBUG - 局部搜索未能改进当前解
2025-04-08 15:00:41,021 - DEBUG - 执行AGV分配局部搜索，当前完工时间: 1941.00
2025-04-08 15:00:41,024 - DEBUG - 局部搜索未能改进当前解
2025-04-08 15:00:41,028 - DEBUG - 执行AGV分配局部搜索，当前完工时间: 1937.00
2025-04-08 15:00:41,032 - DEBUG - 局部搜索未能改进当前解
2025-04-08 15:00:41,035 - DEBUG - 执行AGV分配局部搜索，当前完工时间: 1980.00
2025-04-08 15:00:41,039 - DEBUG - 局部搜索未能改进当前解
2025-04-08 15:00:41,043 - DEBUG - 执行AGV分配局部搜索，当前完工时间: 1937.00
2025-04-08 15:00:41,047 - DEBUG - 局部搜索未能改进当前解
2025-04-08 15:00:41,050 - DEBUG - 执行AGV分配局部搜索，当前完工时间: 1899.00
2025-04-08 15:00:41,053 - DEBUG - 局部搜索未能改进当前解
2025-04-08 15:00:41,057 - DEBUG - 执行AGV分配局部搜索，当前完工时间: 1926.00
2025-04-08 15:00:41,061 - DEBUG - 局部搜索未能改进当前解
2025-04-08 15:00:41,065 - DEBUG - 执行AGV分配局部搜索，当前完工时间: 1981.00
2025-04-08 15:00:41,068 - DEBUG - 局部搜索未能改进当前解
2025-04-08 15:00:41,072 - DEBUG - 执行AGV分配局部搜索，当前完工时间: 1942.00
2025-04-08 15:00:41,075 - DEBUG - 局部搜索未能改进当前解
2025-04-08 15:00:41,079 - DEBUG - 执行AGV分配局部搜索，当前完工时间: 1874.00
2025-04-08 15:00:41,082 - DEBUG - 局部搜索未能改进当前解
2025-04-08 15:00:41,085 - DEBUG - 执行AGV分配局部搜索，当前完工时间: 1956.00
2025-04-08 15:00:41,088 - DEBUG - 局部搜索未能改进当前解
2025-04-08 15:00:41,093 - DEBUG - 执行AGV分配局部搜索，当前完工时间: 1983.00
2025-04-08 15:00:41,097 - DEBUG - 局部搜索未能改进当前解
2025-04-08 15:00:41,100 - DEBUG - 执行AGV分配局部搜索，当前完工时间: 1974.00
2025-04-08 15:00:41,103 - DEBUG - 局部搜索未能改进当前解
2025-04-08 15:00:41,107 - DEBUG - 执行AGV分配局部搜索，当前完工时间: 1974.00
2025-04-08 15:00:41,110 - DEBUG - AGV分配局部搜索成功！完工时间从 1974.00 降低到 1954.00，改进: 20.00 (1.01%)
2025-04-08 15:00:41,110 - DEBUG - ==================================================
2025-04-08 15:00:41,110 - DEBUG - Efficiency Statistics of Local Search :
2025-04-08 15:00:41,110 - DEBUG - Number of attempts: 99
2025-04-08 15:00:41,110 - DEBUG - Average Success Rate: 10.10%
2025-04-08 15:00:41,110 - DEBUG - AGV Local Search Success: 10，Average Improvement: 21.00
2025-04-08 15:00:41,114 - DEBUG - 执行AGV分配局部搜索，当前完工时间: 2000.00
2025-04-08 15:00:41,118 - DEBUG - 局部搜索未能改进当前解
2025-04-08 15:00:41,123 - DEBUG - 执行AGV分配局部搜索，当前完工时间: 1959.00
2025-04-08 15:00:41,127 - DEBUG - AGV分配局部搜索成功！完工时间从 1959.00 降低到 1884.00，改进: 75.00 (3.83%)
2025-04-08 15:00:41,131 - DEBUG - 执行AGV分配局部搜索，当前完工时间: 1898.00
2025-04-08 15:00:41,135 - DEBUG - 局部搜索未能改进当前解
2025-04-08 15:00:41,139 - DEBUG - 执行AGV分配局部搜索，当前完工时间: 1887.00
2025-04-08 15:00:41,142 - DEBUG - 局部搜索未能改进当前解
2025-04-08 15:00:41,145 - DEBUG - 执行AGV分配局部搜索，当前完工时间: 1963.00
2025-04-08 15:00:41,150 - DEBUG - 局部搜索未能改进当前解
2025-04-08 15:00:41,154 - DEBUG - 执行AGV分配局部搜索，当前完工时间: 1935.00
2025-04-08 15:00:41,157 - DEBUG - 局部搜索未能改进当前解
2025-04-08 15:00:41,160 - DEBUG - 执行AGV分配局部搜索，当前完工时间: 1952.00
2025-04-08 15:00:41,164 - DEBUG - AGV分配局部搜索成功！完工时间从 1952.00 降低到 1942.00，改进: 10.00 (0.51%)
2025-04-08 15:00:41,168 - DEBUG - 执行AGV分配局部搜索，当前完工时间: 1915.00
2025-04-08 15:00:41,172 - DEBUG - 局部搜索未能改进当前解
2025-04-08 15:00:41,176 - DEBUG - 执行AGV分配局部搜索，当前完工时间: 2052.00
2025-04-08 15:00:41,179 - DEBUG - 局部搜索未能改进当前解
2025-04-08 15:00:41,183 - DEBUG - 执行AGV分配局部搜索，当前完工时间: 1898.00
2025-04-08 15:00:41,186 - DEBUG - 局部搜索未能改进当前解
2025-04-08 15:00:41,190 - DEBUG - 执行AGV分配局部搜索，当前完工时间: 1912.00
2025-04-08 15:00:41,193 - DEBUG - 局部搜索未能改进当前解
2025-04-08 15:00:41,196 - DEBUG - 执行AGV分配局部搜索，当前完工时间: 1997.00
2025-04-08 15:00:41,201 - DEBUG - 局部搜索未能改进当前解
2025-04-08 15:00:41,205 - DEBUG - 执行AGV分配局部搜索，当前完工时间: 1933.00
2025-04-08 15:00:41,207 - DEBUG - 局部搜索未能改进当前解
2025-04-08 15:00:41,210 - DEBUG - 执行AGV分配局部搜索，当前完工时间: 2012.00
2025-04-08 15:00:41,216 - DEBUG - AGV分配局部搜索成功！完工时间从 2012.00 降低到 1972.00，改进: 40.00 (1.99%)
2025-04-08 15:00:41,219 - DEBUG - 执行AGV分配局部搜索，当前完工时间: 1971.00
2025-04-08 15:00:41,223 - DEBUG - 局部搜索未能改进当前解
2025-04-08 15:00:41,227 - DEBUG - 执行AGV分配局部搜索，当前完工时间: 1944.00
2025-04-08 15:00:41,230 - DEBUG - 局部搜索未能改进当前解
2025-04-08 15:00:41,234 - DEBUG - 执行AGV分配局部搜索，当前完工时间: 1959.00
2025-04-08 15:00:41,238 - DEBUG - 局部搜索未能改进当前解
2025-04-08 15:00:41,241 - DEBUG - 执行AGV分配局部搜索，当前完工时间: 1853.00
2025-04-08 15:00:41,245 - DEBUG - 局部搜索未能改进当前解
2025-04-08 15:00:41,249 - DEBUG - 执行AGV分配局部搜索，当前完工时间: 1936.00
2025-04-08 15:00:41,252 - DEBUG - 局部搜索未能改进当前解
2025-04-08 15:00:41,255 - DEBUG - 执行AGV分配局部搜索，当前完工时间: 1961.00
2025-04-08 15:00:41,260 - DEBUG - 局部搜索未能改进当前解
2025-04-08 15:00:41,262 - DEBUG - 执行AGV分配局部搜索，当前完工时间: 2009.00
2025-04-08 15:00:41,266 - DEBUG - 局部搜索未能改进当前解
2025-04-08 15:00:41,271 - DEBUG - 执行AGV分配局部搜索，当前完工时间: 1933.00
2025-04-08 15:00:41,275 - DEBUG - 局部搜索未能改进当前解
2025-04-08 15:00:41,278 - DEBUG - 执行AGV分配局部搜索，当前完工时间: 1970.00
2025-04-08 15:00:41,281 - DEBUG - 局部搜索未能改进当前解
2025-04-08 15:00:41,285 - DEBUG - 执行AGV分配局部搜索，当前完工时间: 2066.00
2025-04-08 15:00:41,289 - DEBUG - AGV分配局部搜索成功！完工时间从 2066.00 降低到 1997.00，改进: 69.00 (3.34%)
2025-04-08 15:00:41,292 - DEBUG - 执行AGV分配局部搜索，当前完工时间: 1944.00
2025-04-08 15:00:41,295 - DEBUG - 局部搜索未能改进当前解
2025-04-08 15:00:41,299 - DEBUG - 执行AGV分配局部搜索，当前完工时间: 1879.00
2025-04-08 15:00:41,303 - DEBUG - 局部搜索未能改进当前解
2025-04-08 15:00:41,307 - DEBUG - 执行AGV分配局部搜索，当前完工时间: 1865.00
2025-04-08 15:00:41,309 - DEBUG - 局部搜索未能改进当前解
2025-04-08 15:00:41,314 - DEBUG - 执行AGV分配局部搜索，当前完工时间: 1965.00
2025-04-08 15:00:41,316 - DEBUG - AGV分配局部搜索成功！完工时间从 1965.00 降低到 1962.00，改进: 3.00 (0.15%)
2025-04-08 15:00:41,321 - DEBUG - 执行AGV分配局部搜索，当前完工时间: 1900.00
2025-04-08 15:00:41,325 - DEBUG - AGV分配局部搜索成功！完工时间从 1900.00 降低到 1884.00，改进: 16.00 (0.84%)
2025-04-08 15:00:41,327 - DEBUG - 执行AGV分配局部搜索，当前完工时间: 1900.00
2025-04-08 15:00:41,331 - DEBUG - 局部搜索未能改进当前解
2025-04-08 15:00:41,334 - DEBUG - 执行AGV分配局部搜索，当前完工时间: 1900.00
2025-04-08 15:00:41,337 - DEBUG - 局部搜索未能改进当前解
2025-04-08 15:00:41,342 - DEBUG - 执行AGV分配局部搜索，当前完工时间: 1939.00
2025-04-08 15:00:41,345 - DEBUG - 局部搜索未能改进当前解
2025-04-08 15:00:41,349 - DEBUG - 执行AGV分配局部搜索，当前完工时间: 2084.00
2025-04-08 15:00:41,352 - DEBUG - 局部搜索未能改进当前解
2025-04-08 15:00:41,356 - DEBUG - 执行AGV分配局部搜索，当前完工时间: 2114.00
2025-04-08 15:00:41,360 - DEBUG - 局部搜索未能改进当前解
2025-04-08 15:00:41,364 - DEBUG - 执行AGV分配局部搜索，当前完工时间: 1983.00
2025-04-08 15:00:41,367 - DEBUG - 局部搜索未能改进当前解
2025-04-08 15:00:41,371 - DEBUG - 执行AGV分配局部搜索，当前完工时间: 1935.00
2025-04-08 15:00:41,374 - DEBUG - 局部搜索未能改进当前解
2025-04-08 15:00:41,379 - DEBUG - 执行AGV分配局部搜索，当前完工时间: 2071.00
2025-04-08 15:00:41,382 - DEBUG - 局部搜索未能改进当前解
2025-04-08 15:00:41,386 - DEBUG - 执行AGV分配局部搜索，当前完工时间: 1944.00
2025-04-08 15:00:41,390 - DEBUG - 局部搜索未能改进当前解
2025-04-08 15:00:41,393 - DEBUG - 执行AGV分配局部搜索，当前完工时间: 1944.00
2025-04-08 15:00:41,397 - DEBUG - 局部搜索未能改进当前解
2025-04-08 15:00:41,402 - DEBUG - 执行AGV分配局部搜索，当前完工时间: 1893.00
2025-04-08 15:00:41,405 - DEBUG - 局部搜索未能改进当前解
2025-04-08 15:00:41,409 - DEBUG - 执行AGV分配局部搜索，当前完工时间: 1904.00
2025-04-08 15:00:41,412 - DEBUG - 局部搜索未能改进当前解
2025-04-08 15:00:41,416 - DEBUG - 执行AGV分配局部搜索，当前完工时间: 1996.00
2025-04-08 15:00:41,420 - DEBUG - AGV分配局部搜索成功！完工时间从 1996.00 降低到 1929.00，改进: 67.00 (3.36%)
2025-04-08 15:00:41,423 - DEBUG - 执行AGV分配局部搜索，当前完工时间: 2101.00
2025-04-08 15:00:41,427 - DEBUG - 局部搜索未能改进当前解
2025-04-08 15:00:41,430 - DEBUG - 执行AGV分配局部搜索，当前完工时间: 1898.00
2025-04-08 15:00:41,434 - DEBUG - 局部搜索未能改进当前解
2025-04-08 15:00:41,437 - DEBUG - 执行AGV分配局部搜索，当前完工时间: 2108.00
2025-04-08 15:00:41,441 - DEBUG - 局部搜索未能改进当前解
2025-04-08 15:00:41,445 - DEBUG - 执行AGV分配局部搜索，当前完工时间: 1948.00
2025-04-08 15:00:41,447 - DEBUG - 局部搜索未能改进当前解
2025-04-08 15:00:41,452 - DEBUG - 执行AGV分配局部搜索，当前完工时间: 1881.00
2025-04-08 15:00:41,456 - DEBUG - 局部搜索未能改进当前解
2025-04-08 15:00:41,459 - DEBUG - 执行AGV分配局部搜索，当前完工时间: 1937.00
2025-04-08 15:00:41,462 - DEBUG - 局部搜索未能改进当前解
2025-04-08 15:00:41,466 - DEBUG - 执行AGV分配局部搜索，当前完工时间: 2018.00
2025-04-08 15:00:41,470 - DEBUG - 局部搜索未能改进当前解
2025-04-08 15:00:41,473 - DEBUG - 执行AGV分配局部搜索，当前完工时间: 1934.00
2025-04-08 15:00:41,477 - DEBUG - 局部搜索未能改进当前解
2025-04-08 15:00:41,479 - DEBUG - 执行AGV分配局部搜索，当前完工时间: 1939.00
2025-04-08 15:00:41,484 - DEBUG - 局部搜索未能改进当前解
2025-04-08 15:00:41,487 - DEBUG - 执行AGV分配局部搜索，当前完工时间: 1991.00
2025-04-08 15:00:41,492 - DEBUG - 局部搜索未能改进当前解
2025-04-08 15:00:41,496 - DEBUG - 执行AGV分配局部搜索，当前完工时间: 2009.00
2025-04-08 15:00:41,499 - DEBUG - AGV分配局部搜索成功！完工时间从 2009.00 降低到 1997.00，改进: 12.00 (0.60%)
2025-04-08 15:00:41,502 - DEBUG - 执行AGV分配局部搜索，当前完工时间: 1908.00
2025-04-08 15:00:41,506 - DEBUG - 局部搜索未能改进当前解
2025-04-08 15:00:41,510 - DEBUG - 执行AGV分配局部搜索，当前完工时间: 2046.00
2025-04-08 15:00:41,514 - DEBUG - 局部搜索未能改进当前解
2025-04-08 15:00:41,518 - DEBUG - 执行AGV分配局部搜索，当前完工时间: 2022.00
2025-04-08 15:00:41,521 - DEBUG - 局部搜索未能改进当前解
2025-04-08 15:00:41,525 - DEBUG - 执行AGV分配局部搜索，当前完工时间: 1997.00
2025-04-08 15:00:41,529 - DEBUG - 局部搜索未能改进当前解
2025-04-08 15:00:41,533 - DEBUG - 执行AGV分配局部搜索，当前完工时间: 1978.00
2025-04-08 15:00:41,536 - DEBUG - 局部搜索未能改进当前解
2025-04-08 15:00:41,540 - DEBUG - 执行AGV分配局部搜索，当前完工时间: 1955.00
2025-04-08 15:00:41,544 - DEBUG - 局部搜索未能改进当前解
2025-04-08 15:00:41,548 - DEBUG - 执行AGV分配局部搜索，当前完工时间: 2080.00
2025-04-08 15:00:41,552 - DEBUG - 局部搜索未能改进当前解
2025-04-08 15:00:41,556 - DEBUG - 执行AGV分配局部搜索，当前完工时间: 1974.00
2025-04-08 15:00:41,559 - DEBUG - 局部搜索未能改进当前解
2025-04-08 15:00:41,562 - DEBUG - 执行AGV分配局部搜索，当前完工时间: 1983.00
2025-04-08 15:00:41,567 - DEBUG - 局部搜索未能改进当前解
2025-04-08 15:00:41,570 - DEBUG - 执行AGV分配局部搜索，当前完工时间: 1944.00
2025-04-08 15:00:41,574 - DEBUG - 局部搜索未能改进当前解
2025-04-08 15:00:41,577 - DEBUG - 执行AGV分配局部搜索，当前完工时间: 1984.00
2025-04-08 15:00:41,580 - DEBUG - AGV分配局部搜索成功！完工时间从 1984.00 降低到 1970.00，改进: 14.00 (0.71%)
2025-04-08 15:00:41,584 - DEBUG - 执行AGV分配局部搜索，当前完工时间: 2006.00
2025-04-08 15:00:41,588 - DEBUG - 局部搜索未能改进当前解
2025-04-08 15:00:41,592 - DEBUG - 执行AGV分配局部搜索，当前完工时间: 2079.00
2025-04-08 15:00:41,595 - DEBUG - 局部搜索未能改进当前解
2025-04-08 15:00:41,599 - DEBUG - 执行AGV分配局部搜索，当前完工时间: 2011.00
2025-04-08 15:00:41,603 - DEBUG - 局部搜索未能改进当前解
2025-04-08 15:00:41,607 - DEBUG - 执行AGV分配局部搜索，当前完工时间: 1940.00
2025-04-08 15:00:41,609 - DEBUG - 局部搜索未能改进当前解
2025-04-08 15:00:41,614 - DEBUG - 执行AGV分配局部搜索，当前完工时间: 1930.00
2025-04-08 15:00:41,618 - DEBUG - 局部搜索未能改进当前解
2025-04-08 15:00:41,621 - DEBUG - 执行AGV分配局部搜索，当前完工时间: 1970.00
2025-04-08 15:00:41,625 - DEBUG - 局部搜索未能改进当前解
2025-04-08 15:00:41,629 - DEBUG - 执行AGV分配局部搜索，当前完工时间: 1908.00
2025-04-08 15:00:41,633 - DEBUG - 局部搜索未能改进当前解
2025-04-08 15:00:41,636 - DEBUG - 执行AGV分配局部搜索，当前完工时间: 1974.00
2025-04-08 15:00:41,639 - DEBUG - AGV分配局部搜索成功！完工时间从 1974.00 降低到 1952.00，改进: 22.00 (1.11%)
2025-04-08 15:00:41,644 - DEBUG - 执行AGV分配局部搜索，当前完工时间: 1923.00
2025-04-08 15:00:41,647 - DEBUG - 局部搜索未能改进当前解
2025-04-08 15:00:41,651 - DEBUG - 执行AGV分配局部搜索，当前完工时间: 1982.00
2025-04-08 15:00:41,655 - DEBUG - 局部搜索未能改进当前解
2025-04-08 15:00:41,659 - DEBUG - 执行AGV分配局部搜索，当前完工时间: 1905.00
2025-04-08 15:00:41,662 - DEBUG - 局部搜索未能改进当前解
2025-04-08 15:00:41,666 - DEBUG - 执行AGV分配局部搜索，当前完工时间: 1901.00
2025-04-08 15:00:41,669 - DEBUG - AGV分配局部搜索成功！完工时间从 1901.00 降低到 1874.00，改进: 27.00 (1.42%)
2025-04-08 15:00:41,673 - DEBUG - 执行AGV分配局部搜索，当前完工时间: 2079.00
2025-04-08 15:00:41,676 - DEBUG - 局部搜索未能改进当前解
2025-04-08 15:00:41,680 - DEBUG - 执行AGV分配局部搜索，当前完工时间: 1913.00
2025-04-08 15:00:41,684 - DEBUG - 局部搜索未能改进当前解
2025-04-08 15:00:41,687 - DEBUG - 执行AGV分配局部搜索，当前完工时间: 1924.00
2025-04-08 15:00:41,691 - DEBUG - 局部搜索未能改进当前解
2025-04-08 15:00:41,694 - DEBUG - 执行AGV分配局部搜索，当前完工时间: 2002.00
2025-04-08 15:00:41,697 - DEBUG - 局部搜索未能改进当前解
2025-04-08 15:00:41,702 - DEBUG - 执行AGV分配局部搜索，当前完工时间: 1898.00
2025-04-08 15:00:41,705 - DEBUG - 局部搜索未能改进当前解
2025-04-08 15:00:41,708 - DEBUG - 执行AGV分配局部搜索，当前完工时间: 2071.00
2025-04-08 15:00:41,712 - DEBUG - 局部搜索未能改进当前解
2025-04-08 15:00:41,716 - DEBUG - 执行AGV分配局部搜索，当前完工时间: 1985.00
2025-04-08 15:00:41,719 - DEBUG - 局部搜索未能改进当前解
2025-04-08 15:00:41,723 - DEBUG - 执行AGV分配局部搜索，当前完工时间: 2030.00
2025-04-08 15:00:41,726 - DEBUG - 局部搜索未能改进当前解
2025-04-08 15:00:41,731 - DEBUG - 执行AGV分配局部搜索，当前完工时间: 2114.00
2025-04-08 15:00:41,735 - DEBUG - AGV分配局部搜索成功！完工时间从 2114.00 降低到 2104.00，改进: 10.00 (0.47%)
2025-04-08 15:00:41,738 - DEBUG - 执行AGV分配局部搜索，当前完工时间: 1999.00
2025-04-08 15:00:41,742 - DEBUG - 局部搜索未能改进当前解
2025-04-08 15:00:41,747 - DEBUG - 执行AGV分配局部搜索，当前完工时间: 2100.00
2025-04-08 15:00:41,750 - DEBUG - 局部搜索未能改进当前解
2025-04-08 15:00:41,754 - DEBUG - 执行AGV分配局部搜索，当前完工时间: 1950.00
2025-04-08 15:00:41,759 - DEBUG - 局部搜索未能改进当前解
2025-04-08 15:00:41,763 - DEBUG - 执行AGV分配局部搜索，当前完工时间: 1898.00
2025-04-08 15:00:41,766 - DEBUG - 局部搜索未能改进当前解
2025-04-08 15:00:41,771 - DEBUG - 执行AGV分配局部搜索，当前完工时间: 1997.00
2025-04-08 15:00:41,774 - DEBUG - 局部搜索未能改进当前解
2025-04-08 15:00:41,778 - DEBUG - 执行AGV分配局部搜索，当前完工时间: 1935.00
2025-04-08 15:00:41,782 - DEBUG - 局部搜索未能改进当前解
2025-04-08 15:00:41,785 - DEBUG - 执行AGV分配局部搜索，当前完工时间: 1913.00
2025-04-08 15:00:41,788 - DEBUG - 局部搜索未能改进当前解
2025-04-08 15:00:41,793 - DEBUG - 执行AGV分配局部搜索，当前完工时间: 1952.00
2025-04-08 15:00:41,796 - DEBUG - 局部搜索未能改进当前解
2025-04-08 15:00:41,799 - DEBUG - 执行AGV分配局部搜索，当前完工时间: 1860.00
2025-04-08 15:00:41,803 - DEBUG - 局部搜索未能改进当前解
2025-04-08 15:00:41,806 - DEBUG - 执行AGV分配局部搜索，当前完工时间: 1925.00
2025-04-08 15:00:41,809 - DEBUG - 局部搜索未能改进当前解
2025-04-08 15:00:41,814 - DEBUG - 执行AGV分配局部搜索，当前完工时间: 2082.00
2025-04-08 15:00:41,818 - DEBUG - 局部搜索未能改进当前解
2025-04-08 15:00:41,821 - DEBUG - 执行AGV分配局部搜索，当前完工时间: 1941.00
2025-04-08 15:00:41,825 - DEBUG - 局部搜索未能改进当前解
2025-04-08 15:00:41,829 - DEBUG - 执行AGV分配局部搜索，当前完工时间: 1936.00
2025-04-08 15:00:41,832 - DEBUG - 局部搜索未能改进当前解
2025-04-08 15:00:41,835 - DEBUG - 执行AGV分配局部搜索，当前完工时间: 1936.00
2025-04-08 15:00:41,839 - DEBUG - 局部搜索未能改进当前解
2025-04-08 15:00:41,839 - DEBUG - ==================================================
2025-04-08 15:00:41,839 - DEBUG - Efficiency Statistics of Local Search :
2025-04-08 15:00:41,839 - DEBUG - Number of attempts: 99
2025-04-08 15:00:41,839 - DEBUG - Average Success Rate: 12.12%
2025-04-08 15:00:41,839 - DEBUG - AGV Local Search Success: 12，Average Improvement: 30.42
2025-04-08 15:00:41,844 - DEBUG - 执行AGV分配局部搜索，当前完工时间: 1922.00
2025-04-08 15:00:41,847 - DEBUG - AGV分配局部搜索成功！完工时间从 1922.00 降低到 1912.00，改进: 10.00 (0.52%)
2025-04-08 15:00:41,852 - DEBUG - 执行AGV分配局部搜索，当前完工时间: 2079.00
2025-04-08 15:00:41,855 - DEBUG - 局部搜索未能改进当前解
2025-04-08 15:00:41,860 - DEBUG - 执行AGV分配局部搜索，当前完工时间: 1936.00
2025-04-08 15:00:41,862 - DEBUG - 局部搜索未能改进当前解
2025-04-08 15:00:41,866 - DEBUG - 执行AGV分配局部搜索，当前完工时间: 1909.00
2025-04-08 15:00:41,870 - DEBUG - AGV分配局部搜索成功！完工时间从 1909.00 降低到 1907.00，改进: 2.00 (0.10%)
2025-04-08 15:00:41,875 - DEBUG - 执行AGV分配局部搜索，当前完工时间: 2094.00
2025-04-08 15:00:41,878 - DEBUG - 局部搜索未能改进当前解
2025-04-08 15:00:41,881 - DEBUG - 执行AGV分配局部搜索，当前完工时间: 1924.00
2025-04-08 15:00:41,885 - DEBUG - 局部搜索未能改进当前解
2025-04-08 15:00:41,889 - DEBUG - 执行AGV分配局部搜索，当前完工时间: 1901.00
2025-04-08 15:00:41,892 - DEBUG - 局部搜索未能改进当前解
2025-04-08 15:00:41,897 - DEBUG - 执行AGV分配局部搜索，当前完工时间: 1953.00
2025-04-08 15:00:41,900 - DEBUG - 局部搜索未能改进当前解
2025-04-08 15:00:41,904 - DEBUG - 执行AGV分配局部搜索，当前完工时间: 1898.00
2025-04-08 15:00:41,907 - DEBUG - 局部搜索未能改进当前解
2025-04-08 15:00:41,911 - DEBUG - 执行AGV分配局部搜索，当前完工时间: 1944.00
2025-04-08 15:00:41,914 - DEBUG - 局部搜索未能改进当前解
2025-04-08 15:00:41,918 - DEBUG - 执行AGV分配局部搜索，当前完工时间: 1919.00
2025-04-08 15:00:41,921 - DEBUG - 局部搜索未能改进当前解
2025-04-08 15:00:41,925 - DEBUG - 执行AGV分配局部搜索，当前完工时间: 2068.00
2025-04-08 15:00:41,928 - DEBUG - 局部搜索未能改进当前解
2025-04-08 15:00:41,932 - DEBUG - 执行AGV分配局部搜索，当前完工时间: 2092.00
2025-04-08 15:00:41,937 - DEBUG - 局部搜索未能改进当前解
2025-04-08 15:00:41,940 - DEBUG - 执行AGV分配局部搜索，当前完工时间: 2038.00
2025-04-08 15:00:41,945 - DEBUG - AGV分配局部搜索成功！完工时间从 2038.00 降低到 2020.00，改进: 18.00 (0.88%)
2025-04-08 15:00:41,949 - DEBUG - 执行AGV分配局部搜索，当前完工时间: 1998.00
2025-04-08 15:00:41,953 - DEBUG - 局部搜索未能改进当前解
2025-04-08 15:00:41,957 - DEBUG - 执行AGV分配局部搜索，当前完工时间: 1915.00
2025-04-08 15:00:41,960 - DEBUG - 局部搜索未能改进当前解
2025-04-08 15:00:41,964 - DEBUG - 执行AGV分配局部搜索，当前完工时间: 1940.00
2025-04-08 15:00:41,967 - DEBUG - 局部搜索未能改进当前解
2025-04-08 15:00:41,971 - DEBUG - 执行AGV分配局部搜索，当前完工时间: 1924.00
2025-04-08 15:00:41,975 - DEBUG - 局部搜索未能改进当前解
2025-04-08 15:00:41,978 - DEBUG - 执行AGV分配局部搜索，当前完工时间: 2174.00
2025-04-08 15:00:41,982 - DEBUG - 局部搜索未能改进当前解
2025-04-08 15:00:41,985 - DEBUG - 执行AGV分配局部搜索，当前完工时间: 1978.00
2025-04-08 15:00:41,990 - DEBUG - AGV分配局部搜索成功！完工时间从 1978.00 降低到 1970.00，改进: 8.00 (0.40%)
2025-04-08 15:00:41,993 - DEBUG - 执行AGV分配局部搜索，当前完工时间: 1996.00
2025-04-08 15:00:41,997 - DEBUG - 局部搜索未能改进当前解
2025-04-08 15:00:42,000 - DEBUG - 执行AGV分配局部搜索，当前完工时间: 1952.00
2025-04-08 15:00:42,004 - DEBUG - 局部搜索未能改进当前解
2025-04-08 15:00:42,008 - DEBUG - 执行AGV分配局部搜索，当前完工时间: 1957.00
2025-04-08 15:00:42,012 - DEBUG - 局部搜索未能改进当前解
2025-04-08 15:00:42,016 - DEBUG - 执行AGV分配局部搜索，当前完工时间: 1985.00
2025-04-08 15:00:42,020 - DEBUG - 局部搜索未能改进当前解
2025-04-08 15:00:42,024 - DEBUG - 执行AGV分配局部搜索，当前完工时间: 1963.00
2025-04-08 15:00:42,027 - DEBUG - 局部搜索未能改进当前解
2025-04-08 15:00:42,031 - DEBUG - 执行AGV分配局部搜索，当前完工时间: 1901.00
2025-04-08 15:00:42,034 - DEBUG - 局部搜索未能改进当前解
2025-04-08 15:00:42,039 - DEBUG - 执行AGV分配局部搜索，当前完工时间: 1966.00
2025-04-08 15:00:42,042 - DEBUG - AGV分配局部搜索成功！完工时间从 1966.00 降低到 1936.00，改进: 30.00 (1.53%)
2025-04-08 15:00:42,045 - DEBUG - 执行AGV分配局部搜索，当前完工时间: 2003.00
2025-04-08 15:00:42,049 - DEBUG - 局部搜索未能改进当前解
2025-04-08 15:00:42,053 - DEBUG - 执行AGV分配局部搜索，当前完工时间: 1971.00
2025-04-08 15:00:42,056 - DEBUG - 局部搜索未能改进当前解
2025-04-08 15:00:42,060 - DEBUG - 执行AGV分配局部搜索，当前完工时间: 1915.00
2025-04-08 15:00:42,064 - DEBUG - 局部搜索未能改进当前解
2025-04-08 15:00:42,066 - DEBUG - 执行AGV分配局部搜索，当前完工时间: 1982.00
2025-04-08 15:00:42,070 - DEBUG - 局部搜索未能改进当前解
2025-04-08 15:00:42,073 - DEBUG - 执行AGV分配局部搜索，当前完工时间: 1935.00
2025-04-08 15:00:42,076 - DEBUG - 局部搜索未能改进当前解
2025-04-08 15:00:42,081 - DEBUG - 执行AGV分配局部搜索，当前完工时间: 1935.00
2025-04-08 15:00:42,086 - DEBUG - 局部搜索未能改进当前解
2025-04-08 15:00:42,089 - DEBUG - 执行AGV分配局部搜索，当前完工时间: 1920.00
2025-04-08 15:00:42,093 - DEBUG - 局部搜索未能改进当前解
2025-04-08 15:00:42,096 - DEBUG - 执行AGV分配局部搜索，当前完工时间: 1964.00
2025-04-08 15:00:42,100 - DEBUG - 局部搜索未能改进当前解
2025-04-08 15:00:42,103 - DEBUG - 执行AGV分配局部搜索，当前完工时间: 2013.00
2025-04-08 15:00:42,107 - DEBUG - 局部搜索未能改进当前解
2025-04-08 15:00:42,111 - DEBUG - 执行AGV分配局部搜索，当前完工时间: 1896.00
2025-04-08 15:00:42,115 - DEBUG - 局部搜索未能改进当前解
2025-04-08 15:00:42,118 - DEBUG - 执行AGV分配局部搜索，当前完工时间: 1898.00
2025-04-08 15:00:42,122 - DEBUG - 局部搜索未能改进当前解
2025-04-08 15:00:42,125 - DEBUG - 执行AGV分配局部搜索，当前完工时间: 1970.00
2025-04-08 15:00:42,129 - DEBUG - 局部搜索未能改进当前解
2025-04-08 15:00:42,133 - DEBUG - 执行AGV分配局部搜索，当前完工时间: 2087.00
2025-04-08 15:00:42,137 - DEBUG - 局部搜索未能改进当前解
2025-04-08 15:00:42,140 - DEBUG - 执行AGV分配局部搜索，当前完工时间: 1941.00
2025-04-08 15:00:42,144 - DEBUG - 局部搜索未能改进当前解
2025-04-08 15:00:42,147 - DEBUG - 执行AGV分配局部搜索，当前完工时间: 2082.00
2025-04-08 15:00:42,151 - DEBUG - 局部搜索未能改进当前解
2025-04-08 15:00:42,155 - DEBUG - 执行AGV分配局部搜索，当前完工时间: 1911.00
2025-04-08 15:00:42,158 - DEBUG - 局部搜索未能改进当前解
2025-04-08 15:00:42,162 - DEBUG - 执行AGV分配局部搜索，当前完工时间: 1939.00
2025-04-08 15:00:42,164 - DEBUG - 局部搜索未能改进当前解
2025-04-08 15:00:42,169 - DEBUG - 执行AGV分配局部搜索，当前完工时间: 2095.00
2025-04-08 15:00:42,172 - DEBUG - 局部搜索未能改进当前解
2025-04-08 15:00:42,177 - DEBUG - 执行AGV分配局部搜索，当前完工时间: 1938.00
2025-04-08 15:00:42,180 - DEBUG - 局部搜索未能改进当前解
2025-04-08 15:00:42,183 - DEBUG - 执行AGV分配局部搜索，当前完工时间: 2151.00
2025-04-08 15:00:42,187 - DEBUG - 局部搜索未能改进当前解
2025-04-08 15:00:42,191 - DEBUG - 执行AGV分配局部搜索，当前完工时间: 1901.00
2025-04-08 15:00:42,195 - DEBUG - 局部搜索未能改进当前解
2025-04-08 15:00:42,199 - DEBUG - 执行AGV分配局部搜索，当前完工时间: 1862.00
2025-04-08 15:00:42,202 - DEBUG - 局部搜索未能改进当前解
2025-04-08 15:00:42,206 - DEBUG - 执行AGV分配局部搜索，当前完工时间: 1969.00
2025-04-08 15:00:42,209 - DEBUG - 局部搜索未能改进当前解
2025-04-08 15:00:42,212 - DEBUG - 执行AGV分配局部搜索，当前完工时间: 1910.00
2025-04-08 15:00:42,216 - DEBUG - 局部搜索未能改进当前解
2025-04-08 15:00:42,220 - DEBUG - 执行AGV分配局部搜索，当前完工时间: 1910.00
2025-04-08 15:00:42,223 - DEBUG - 局部搜索未能改进当前解
2025-04-08 15:00:42,227 - DEBUG - 执行AGV分配局部搜索，当前完工时间: 1969.00
2025-04-08 15:00:42,230 - DEBUG - AGV分配局部搜索成功！完工时间从 1969.00 降低到 1939.00，改进: 30.00 (1.52%)
2025-04-08 15:00:42,234 - DEBUG - 执行AGV分配局部搜索，当前完工时间: 1948.00
2025-04-08 15:00:42,238 - DEBUG - 局部搜索未能改进当前解
2025-04-08 15:00:42,242 - DEBUG - 执行AGV分配局部搜索，当前完工时间: 1978.00
2025-04-08 15:00:42,246 - DEBUG - 局部搜索未能改进当前解
2025-04-08 15:00:42,248 - DEBUG - 执行AGV分配局部搜索，当前完工时间: 1936.00
2025-04-08 15:00:42,252 - DEBUG - 局部搜索未能改进当前解
2025-04-08 15:00:42,256 - DEBUG - 执行AGV分配局部搜索，当前完工时间: 1936.00
2025-04-08 15:00:42,260 - DEBUG - 局部搜索未能改进当前解
2025-04-08 15:00:42,264 - DEBUG - 执行AGV分配局部搜索，当前完工时间: 1900.00
2025-04-08 15:00:42,267 - DEBUG - 局部搜索未能改进当前解
2025-04-08 15:00:42,271 - DEBUG - 执行AGV分配局部搜索，当前完工时间: 1907.00
2025-04-08 15:00:42,274 - DEBUG - 局部搜索未能改进当前解
2025-04-08 15:00:42,278 - DEBUG - 执行AGV分配局部搜索，当前完工时间: 1956.00
2025-04-08 15:00:42,282 - DEBUG - 局部搜索未能改进当前解
2025-04-08 15:00:42,285 - DEBUG - 执行AGV分配局部搜索，当前完工时间: 1937.00
2025-04-08 15:00:42,288 - DEBUG - 局部搜索未能改进当前解
2025-04-08 15:00:42,293 - DEBUG - 执行AGV分配局部搜索，当前完工时间: 1852.00
2025-04-08 15:00:42,310 - DEBUG - 局部搜索未能改进当前解
2025-04-08 15:00:42,314 - DEBUG - 执行AGV分配局部搜索，当前完工时间: 1959.00
2025-04-08 15:00:42,316 - DEBUG - 局部搜索未能改进当前解
2025-04-08 15:00:42,321 - DEBUG - 执行AGV分配局部搜索，当前完工时间: 1884.00
2025-04-08 15:00:42,324 - DEBUG - 局部搜索未能改进当前解
2025-04-08 15:00:42,328 - DEBUG - 执行AGV分配局部搜索，当前完工时间: 2044.00
2025-04-08 15:00:42,332 - DEBUG - 局部搜索未能改进当前解
2025-04-08 15:00:42,335 - DEBUG - 执行AGV分配局部搜索，当前完工时间: 2071.00
2025-04-08 15:00:42,338 - DEBUG - 局部搜索未能改进当前解
2025-04-08 15:00:42,343 - DEBUG - 执行AGV分配局部搜索，当前完工时间: 2010.00
2025-04-08 15:00:42,346 - DEBUG - 局部搜索未能改进当前解
2025-04-08 15:00:42,350 - DEBUG - 执行AGV分配局部搜索，当前完工时间: 1944.00
2025-04-08 15:00:42,353 - DEBUG - 局部搜索未能改进当前解
2025-04-08 15:00:42,357 - DEBUG - 执行AGV分配局部搜索，当前完工时间: 1996.00
2025-04-08 15:00:42,361 - DEBUG - 局部搜索未能改进当前解
2025-04-08 15:00:42,364 - DEBUG - 执行AGV分配局部搜索，当前完工时间: 1913.00
2025-04-08 15:00:42,368 - DEBUG - 局部搜索未能改进当前解
2025-04-08 15:00:42,372 - DEBUG - 执行AGV分配局部搜索，当前完工时间: 1990.00
2025-04-08 15:00:42,375 - DEBUG - 局部搜索未能改进当前解
2025-04-08 15:00:42,379 - DEBUG - 执行AGV分配局部搜索，当前完工时间: 1939.00
2025-04-08 15:00:42,383 - DEBUG - 局部搜索未能改进当前解
2025-04-08 15:00:42,386 - DEBUG - 执行AGV分配局部搜索，当前完工时间: 1959.00
2025-04-08 15:00:42,390 - DEBUG - 局部搜索未能改进当前解
2025-04-08 15:00:42,393 - DEBUG - 执行AGV分配局部搜索，当前完工时间: 2027.00
2025-04-08 15:00:42,398 - DEBUG - AGV分配局部搜索成功！完工时间从 2027.00 降低到 1929.00，改进: 98.00 (4.83%)
2025-04-08 15:00:42,401 - DEBUG - 执行AGV分配局部搜索，当前完工时间: 1959.00
2025-04-08 15:00:42,404 - DEBUG - 局部搜索未能改进当前解
2025-04-08 15:00:42,409 - DEBUG - 执行AGV分配局部搜索，当前完工时间: 1917.00
2025-04-08 15:00:42,412 - DEBUG - AGV分配局部搜索成功！完工时间从 1917.00 降低到 1904.00，改进: 13.00 (0.68%)
2025-04-08 15:00:42,417 - DEBUG - 执行AGV分配局部搜索，当前完工时间: 1986.00
2025-04-08 15:00:42,420 - DEBUG - 局部搜索未能改进当前解
2025-04-08 15:00:42,424 - DEBUG - 执行AGV分配局部搜索，当前完工时间: 1853.00
2025-04-08 15:00:42,426 - DEBUG - 局部搜索未能改进当前解
2025-04-08 15:00:42,431 - DEBUG - 执行AGV分配局部搜索，当前完工时间: 1973.00
2025-04-08 15:00:42,435 - DEBUG - 局部搜索未能改进当前解
2025-04-08 15:00:42,438 - DEBUG - 执行AGV分配局部搜索，当前完工时间: 1898.00
2025-04-08 15:00:42,441 - DEBUG - 局部搜索未能改进当前解
2025-04-08 15:00:42,447 - DEBUG - 执行AGV分配局部搜索，当前完工时间: 1972.00
2025-04-08 15:00:42,450 - DEBUG - 局部搜索未能改进当前解
2025-04-08 15:00:42,454 - DEBUG - 执行AGV分配局部搜索，当前完工时间: 1949.00
2025-04-08 15:00:42,457 - DEBUG - 局部搜索未能改进当前解
2025-04-08 15:00:42,462 - DEBUG - 执行AGV分配局部搜索，当前完工时间: 1918.00
2025-04-08 15:00:42,465 - DEBUG - 局部搜索未能改进当前解
2025-04-08 15:00:42,469 - DEBUG - 执行AGV分配局部搜索，当前完工时间: 2068.00
2025-04-08 15:00:42,473 - DEBUG - 局部搜索未能改进当前解
2025-04-08 15:00:42,476 - DEBUG - 执行AGV分配局部搜索，当前完工时间: 1908.00
2025-04-08 15:00:42,480 - DEBUG - 局部搜索未能改进当前解
2025-04-08 15:00:42,484 - DEBUG - 执行AGV分配局部搜索，当前完工时间: 1934.00
2025-04-08 15:00:42,488 - DEBUG - 局部搜索未能改进当前解
2025-04-08 15:00:42,492 - DEBUG - 执行AGV分配局部搜索，当前完工时间: 1959.00
2025-04-08 15:00:42,495 - DEBUG - 局部搜索未能改进当前解
2025-04-08 15:00:42,499 - DEBUG - 执行AGV分配局部搜索，当前完工时间: 1933.00
2025-04-08 15:00:42,503 - DEBUG - 局部搜索未能改进当前解
2025-04-08 15:00:42,507 - DEBUG - 执行AGV分配局部搜索，当前完工时间: 1956.00
2025-04-08 15:00:42,510 - DEBUG - 局部搜索未能改进当前解
2025-04-08 15:00:42,514 - DEBUG - 执行AGV分配局部搜索，当前完工时间: 1918.00
2025-04-08 15:00:42,518 - DEBUG - 局部搜索未能改进当前解
2025-04-08 15:00:42,523 - DEBUG - 执行AGV分配局部搜索，当前完工时间: 1936.00
2025-04-08 15:00:42,526 - DEBUG - 局部搜索未能改进当前解
2025-04-08 15:00:42,530 - DEBUG - 执行AGV分配局部搜索，当前完工时间: 1952.00
2025-04-08 15:00:42,534 - DEBUG - AGV分配局部搜索成功！完工时间从 1952.00 降低到 1909.00，改进: 43.00 (2.20%)
2025-04-08 15:00:42,537 - DEBUG - 执行AGV分配局部搜索，当前完工时间: 2023.00
2025-04-08 15:00:42,541 - DEBUG - 局部搜索未能改进当前解
2025-04-08 15:00:42,545 - DEBUG - 执行AGV分配局部搜索，当前完工时间: 1977.00
2025-04-08 15:00:42,549 - DEBUG - 局部搜索未能改进当前解
2025-04-08 15:00:42,553 - DEBUG - 执行AGV分配局部搜索，当前完工时间: 1943.00
2025-04-08 15:00:42,556 - DEBUG - 局部搜索未能改进当前解
2025-04-08 15:00:42,560 - DEBUG - 执行AGV分配局部搜索，当前完工时间: 1989.00
2025-04-08 15:00:42,564 - DEBUG - 局部搜索未能改进当前解
2025-04-08 15:00:42,568 - DEBUG - 执行AGV分配局部搜索，当前完工时间: 1876.00
2025-04-08 15:00:42,571 - DEBUG - 局部搜索未能改进当前解
2025-04-08 15:00:42,575 - DEBUG - 执行AGV分配局部搜索，当前完工时间: 1922.00
2025-04-08 15:00:42,579 - DEBUG - 局部搜索未能改进当前解
2025-04-08 15:00:42,583 - DEBUG - 执行AGV分配局部搜索，当前完工时间: 2050.00
2025-04-08 15:00:42,586 - DEBUG - 局部搜索未能改进当前解
2025-04-08 15:00:42,586 - DEBUG - ==================================================
2025-04-08 15:00:42,586 - DEBUG - Efficiency Statistics of Local Search :
2025-04-08 15:00:42,586 - DEBUG - Number of attempts: 99
2025-04-08 15:00:42,586 - DEBUG - Average Success Rate: 9.09%
2025-04-08 15:00:42,586 - DEBUG - AGV Local Search Success: 9，Average Improvement: 28.00
2025-04-08 15:00:42,591 - DEBUG - 执行AGV分配局部搜索，当前完工时间: 2019.00
2025-04-08 15:00:42,595 - DEBUG - 局部搜索未能改进当前解
2025-04-08 15:00:42,599 - DEBUG - 执行AGV分配局部搜索，当前完工时间: 1894.00
2025-04-08 15:00:42,603 - DEBUG - 局部搜索未能改进当前解
2025-04-08 15:00:42,607 - DEBUG - 执行AGV分配局部搜索，当前完工时间: 1874.00
2025-04-08 15:00:42,611 - DEBUG - 局部搜索未能改进当前解
2025-04-08 15:00:42,615 - DEBUG - 执行AGV分配局部搜索，当前完工时间: 1969.00
2025-04-08 15:00:42,620 - DEBUG - 局部搜索未能改进当前解
2025-04-08 15:00:42,623 - DEBUG - 执行AGV分配局部搜索，当前完工时间: 2074.00
2025-04-08 15:00:42,628 - DEBUG - 局部搜索未能改进当前解
2025-04-08 15:00:42,631 - DEBUG - 执行AGV分配局部搜索，当前完工时间: 1898.00
2025-04-08 15:00:42,635 - DEBUG - 局部搜索未能改进当前解
2025-04-08 15:00:42,639 - DEBUG - 执行AGV分配局部搜索，当前完工时间: 1958.00
2025-04-08 15:00:42,643 - DEBUG - 局部搜索未能改进当前解
2025-04-08 15:00:42,646 - DEBUG - 执行AGV分配局部搜索，当前完工时间: 1921.00
2025-04-08 15:00:42,650 - DEBUG - 局部搜索未能改进当前解
2025-04-08 15:00:42,654 - DEBUG - 执行AGV分配局部搜索，当前完工时间: 1881.00
2025-04-08 15:00:42,658 - DEBUG - 局部搜索未能改进当前解
2025-04-08 15:00:42,661 - DEBUG - 执行AGV分配局部搜索，当前完工时间: 1930.00
2025-04-08 15:00:42,666 - DEBUG - AGV分配局部搜索成功！完工时间从 1930.00 降低到 1919.00，改进: 11.00 (0.57%)
2025-04-08 15:00:42,670 - DEBUG - 执行AGV分配局部搜索，当前完工时间: 1847.00
2025-04-08 15:00:42,673 - DEBUG - 局部搜索未能改进当前解
2025-04-08 15:00:42,676 - DEBUG - 执行AGV分配局部搜索，当前完工时间: 1948.00
2025-04-08 15:00:42,681 - DEBUG - 局部搜索未能改进当前解
2025-04-08 15:00:42,684 - DEBUG - 执行AGV分配局部搜索，当前完工时间: 1885.00
2025-04-08 15:00:42,687 - DEBUG - 局部搜索未能改进当前解
2025-04-08 15:00:42,692 - DEBUG - 执行AGV分配局部搜索，当前完工时间: 1900.00
2025-04-08 15:00:42,695 - DEBUG - AGV分配局部搜索成功！完工时间从 1900.00 降低到 1898.00，改进: 2.00 (0.11%)
2025-04-08 15:00:42,699 - DEBUG - 执行AGV分配局部搜索，当前完工时间: 1882.00
2025-04-08 15:00:42,703 - DEBUG - 局部搜索未能改进当前解
2025-04-08 15:00:42,706 - DEBUG - 执行AGV分配局部搜索，当前完工时间: 1966.00
2025-04-08 15:00:42,709 - DEBUG - 局部搜索未能改进当前解
2025-04-08 15:00:42,713 - DEBUG - 执行AGV分配局部搜索，当前完工时间: 1878.00
2025-04-08 15:00:42,718 - DEBUG - 局部搜索未能改进当前解
2025-04-08 15:00:42,721 - DEBUG - 执行AGV分配局部搜索，当前完工时间: 1994.00
2025-04-08 15:00:42,724 - DEBUG - 局部搜索未能改进当前解
2025-04-08 15:00:42,728 - DEBUG - 执行AGV分配局部搜索，当前完工时间: 1910.00
2025-04-08 15:00:42,732 - DEBUG - 局部搜索未能改进当前解
2025-04-08 15:00:42,736 - DEBUG - 执行AGV分配局部搜索，当前完工时间: 1948.00
2025-04-08 15:00:42,740 - DEBUG - 局部搜索未能改进当前解
2025-04-08 15:00:42,744 - DEBUG - 执行AGV分配局部搜索，当前完工时间: 1986.00
2025-04-08 15:00:42,748 - DEBUG - 局部搜索未能改进当前解
2025-04-08 15:00:42,752 - DEBUG - 执行AGV分配局部搜索，当前完工时间: 1894.00
2025-04-08 15:00:42,756 - DEBUG - 局部搜索未能改进当前解
2025-04-08 15:00:42,760 - DEBUG - 执行AGV分配局部搜索，当前完工时间: 1936.00
2025-04-08 15:00:42,764 - DEBUG - 局部搜索未能改进当前解
2025-04-08 15:00:42,768 - DEBUG - 执行AGV分配局部搜索，当前完工时间: 1932.00
2025-04-08 15:00:42,771 - DEBUG - 局部搜索未能改进当前解
2025-04-08 15:00:42,775 - DEBUG - 执行AGV分配局部搜索，当前完工时间: 2154.00
2025-04-08 15:00:42,779 - DEBUG - AGV分配局部搜索成功！完工时间从 2154.00 降低到 2132.00，改进: 22.00 (1.02%)
2025-04-08 15:00:42,783 - DEBUG - 执行AGV分配局部搜索，当前完工时间: 1956.00
2025-04-08 15:00:42,786 - DEBUG - 局部搜索未能改进当前解
2025-04-08 15:00:42,789 - DEBUG - 执行AGV分配局部搜索，当前完工时间: 1996.00
2025-04-08 15:00:42,793 - DEBUG - 局部搜索未能改进当前解
2025-04-08 15:00:42,797 - DEBUG - 执行AGV分配局部搜索，当前完工时间: 1937.00
2025-04-08 15:00:42,801 - DEBUG - 局部搜索未能改进当前解
2025-04-08 15:00:42,804 - DEBUG - 执行AGV分配局部搜索，当前完工时间: 1956.00
2025-04-08 15:00:42,808 - DEBUG - AGV分配局部搜索成功！完工时间从 1956.00 降低到 1931.00，改进: 25.00 (1.28%)
2025-04-08 15:00:42,812 - DEBUG - 执行AGV分配局部搜索，当前完工时间: 1946.00
2025-04-08 15:00:42,816 - DEBUG - 局部搜索未能改进当前解
2025-04-08 15:00:42,820 - DEBUG - 执行AGV分配局部搜索，当前完工时间: 2007.00
2025-04-08 15:00:42,823 - DEBUG - 局部搜索未能改进当前解
2025-04-08 15:00:42,827 - DEBUG - 执行AGV分配局部搜索，当前完工时间: 1882.00
2025-04-08 15:00:42,831 - DEBUG - 局部搜索未能改进当前解
2025-04-08 15:00:42,834 - DEBUG - 执行AGV分配局部搜索，当前完工时间: 1937.00
2025-04-08 15:00:42,837 - DEBUG - 局部搜索未能改进当前解
2025-04-08 15:00:42,842 - DEBUG - 执行AGV分配局部搜索，当前完工时间: 1973.00
2025-04-08 15:00:42,845 - DEBUG - 局部搜索未能改进当前解
2025-04-08 15:00:42,849 - DEBUG - 执行AGV分配局部搜索，当前完工时间: 1986.00
2025-04-08 15:00:42,852 - DEBUG - 局部搜索未能改进当前解
2025-04-08 15:00:42,856 - DEBUG - 执行AGV分配局部搜索，当前完工时间: 1910.00
2025-04-08 15:00:42,860 - DEBUG - 局部搜索未能改进当前解
2025-04-08 15:00:42,864 - DEBUG - 执行AGV分配局部搜索，当前完工时间: 2036.00
2025-04-08 15:00:42,868 - DEBUG - 局部搜索未能改进当前解
2025-04-08 15:00:42,872 - DEBUG - 执行AGV分配局部搜索，当前完工时间: 1936.00
2025-04-08 15:00:42,875 - DEBUG - 局部搜索未能改进当前解
2025-04-08 15:00:42,879 - DEBUG - 执行AGV分配局部搜索，当前完工时间: 1966.00
2025-04-08 15:00:42,883 - DEBUG - 局部搜索未能改进当前解
2025-04-08 15:00:42,887 - DEBUG - 执行AGV分配局部搜索，当前完工时间: 1978.00
2025-04-08 15:00:42,891 - DEBUG - 局部搜索未能改进当前解
2025-04-08 15:00:42,895 - DEBUG - 执行AGV分配局部搜索，当前完工时间: 2018.00
2025-04-08 15:00:42,899 - DEBUG - 局部搜索未能改进当前解
2025-04-08 15:00:42,904 - DEBUG - 执行AGV分配局部搜索，当前完工时间: 1934.00
2025-04-08 15:00:42,907 - DEBUG - 局部搜索未能改进当前解
2025-04-08 15:00:42,910 - DEBUG - 执行AGV分配局部搜索，当前完工时间: 1973.00
2025-04-08 15:00:42,916 - DEBUG - 局部搜索未能改进当前解
2025-04-08 15:00:42,919 - DEBUG - 执行AGV分配局部搜索，当前完工时间: 2021.00
2025-04-08 15:00:42,922 - DEBUG - 局部搜索未能改进当前解
2025-04-08 15:00:42,926 - DEBUG - 执行AGV分配局部搜索，当前完工时间: 1898.00
2025-04-08 15:00:42,930 - DEBUG - 局部搜索未能改进当前解
2025-04-08 15:00:42,934 - DEBUG - 执行AGV分配局部搜索，当前完工时间: 2157.00
2025-04-08 15:00:42,938 - DEBUG - 局部搜索未能改进当前解
2025-04-08 15:00:42,942 - DEBUG - 执行AGV分配局部搜索，当前完工时间: 1903.00
2025-04-08 15:00:42,945 - DEBUG - 局部搜索未能改进当前解
2025-04-08 15:00:42,949 - DEBUG - 执行AGV分配局部搜索，当前完工时间: 1902.00
2025-04-08 15:00:42,952 - DEBUG - 局部搜索未能改进当前解
2025-04-08 15:00:42,956 - DEBUG - 执行AGV分配局部搜索，当前完工时间: 2000.00
2025-04-08 15:00:42,960 - DEBUG - 局部搜索未能改进当前解
2025-04-08 15:00:42,964 - DEBUG - 执行AGV分配局部搜索，当前完工时间: 1908.00
2025-04-08 15:00:42,968 - DEBUG - 局部搜索未能改进当前解
2025-04-08 15:00:42,972 - DEBUG - 执行AGV分配局部搜索，当前完工时间: 1936.00
2025-04-08 15:00:42,976 - DEBUG - 局部搜索未能改进当前解
2025-04-08 15:00:42,979 - DEBUG - 执行AGV分配局部搜索，当前完工时间: 2038.00
2025-04-08 15:00:42,983 - DEBUG - AGV分配局部搜索成功！完工时间从 2038.00 降低到 2024.00，改进: 14.00 (0.69%)
2025-04-08 15:00:42,987 - DEBUG - 执行AGV分配局部搜索，当前完工时间: 2010.00
2025-04-08 15:00:42,991 - DEBUG - 局部搜索未能改进当前解
2025-04-08 15:00:42,995 - DEBUG - 执行AGV分配局部搜索，当前完工时间: 1998.00
2025-04-08 15:00:42,998 - DEBUG - 局部搜索未能改进当前解
2025-04-08 15:00:43,001 - DEBUG - 执行AGV分配局部搜索，当前完工时间: 1874.00
2025-04-08 15:00:43,006 - DEBUG - 局部搜索未能改进当前解
2025-04-08 15:00:43,010 - DEBUG - 执行AGV分配局部搜索，当前完工时间: 1957.00
2025-04-08 15:00:43,014 - DEBUG - 局部搜索未能改进当前解
2025-04-08 15:00:43,018 - DEBUG - 执行AGV分配局部搜索，当前完工时间: 1969.00
2025-04-08 15:00:43,022 - DEBUG - 局部搜索未能改进当前解
2025-04-08 15:00:43,025 - DEBUG - 执行AGV分配局部搜索，当前完工时间: 1910.00
2025-04-08 15:00:43,029 - DEBUG - 局部搜索未能改进当前解
2025-04-08 15:00:43,033 - DEBUG - 执行AGV分配局部搜索，当前完工时间: 2008.00
2025-04-08 15:00:43,036 - DEBUG - 局部搜索未能改进当前解
2025-04-08 15:00:43,041 - DEBUG - 执行AGV分配局部搜索，当前完工时间: 1968.00
2025-04-08 15:00:43,044 - DEBUG - 局部搜索未能改进当前解
2025-04-08 15:00:43,048 - DEBUG - 执行AGV分配局部搜索，当前完工时间: 1919.00
2025-04-08 15:00:43,052 - DEBUG - 局部搜索未能改进当前解
2025-04-08 15:00:43,055 - DEBUG - 执行AGV分配局部搜索，当前完工时间: 1918.00
2025-04-08 15:00:43,059 - DEBUG - 局部搜索未能改进当前解
2025-04-08 15:00:43,064 - DEBUG - 执行AGV分配局部搜索，当前完工时间: 1964.00
2025-04-08 15:00:43,068 - DEBUG - 局部搜索未能改进当前解
2025-04-08 15:00:43,071 - DEBUG - 执行AGV分配局部搜索，当前完工时间: 1876.00
2025-04-08 15:00:43,075 - DEBUG - 局部搜索未能改进当前解
2025-04-08 15:00:43,079 - DEBUG - 执行AGV分配局部搜索，当前完工时间: 2020.00
2025-04-08 15:00:43,082 - DEBUG - AGV分配局部搜索成功！完工时间从 2020.00 降低到 2001.00，改进: 19.00 (0.94%)
2025-04-08 15:00:43,087 - DEBUG - 执行AGV分配局部搜索，当前完工时间: 1864.00
2025-04-08 15:00:43,090 - DEBUG - 局部搜索未能改进当前解
2025-04-08 15:00:43,094 - DEBUG - 执行AGV分配局部搜索，当前完工时间: 1968.00
2025-04-08 15:00:43,097 - DEBUG - 局部搜索未能改进当前解
2025-04-08 15:00:43,102 - DEBUG - 执行AGV分配局部搜索，当前完工时间: 1854.00
2025-04-08 15:00:43,105 - DEBUG - 局部搜索未能改进当前解
2025-04-08 15:00:43,109 - DEBUG - 执行AGV分配局部搜索，当前完工时间: 1937.00
2025-04-08 15:00:43,114 - DEBUG - 局部搜索未能改进当前解
2025-04-08 15:00:43,116 - DEBUG - 执行AGV分配局部搜索，当前完工时间: 1884.00
2025-04-08 15:00:43,120 - DEBUG - 局部搜索未能改进当前解
2025-04-08 15:00:43,125 - DEBUG - 执行AGV分配局部搜索，当前完工时间: 1959.00
2025-04-08 15:00:43,129 - DEBUG - AGV分配局部搜索成功！完工时间从 1959.00 降低到 1958.00，改进: 1.00 (0.05%)
2025-04-08 15:00:43,132 - DEBUG - 执行AGV分配局部搜索，当前完工时间: 2003.00
2025-04-08 15:00:43,136 - DEBUG - AGV分配局部搜索成功！完工时间从 2003.00 降低到 1952.00，改进: 51.00 (2.55%)
2025-04-08 15:00:43,139 - DEBUG - 执行AGV分配局部搜索，当前完工时间: 1910.00
2025-04-08 15:00:43,143 - DEBUG - 局部搜索未能改进当前解
2025-04-08 15:00:43,147 - DEBUG - 执行AGV分配局部搜索，当前完工时间: 1931.00
2025-04-08 15:00:43,152 - DEBUG - 局部搜索未能改进当前解
2025-04-08 15:00:43,156 - DEBUG - 执行AGV分配局部搜索，当前完工时间: 1912.00
2025-04-08 15:00:43,159 - DEBUG - 局部搜索未能改进当前解
2025-04-08 15:00:43,162 - DEBUG - 执行AGV分配局部搜索，当前完工时间: 1890.00
2025-04-08 15:00:43,166 - DEBUG - 局部搜索未能改进当前解
2025-04-08 15:00:43,170 - DEBUG - 执行AGV分配局部搜索，当前完工时间: 1962.00
2025-04-08 15:00:43,174 - DEBUG - 局部搜索未能改进当前解
2025-04-08 15:00:43,179 - DEBUG - 执行AGV分配局部搜索，当前完工时间: 2052.00
2025-04-08 15:00:43,182 - DEBUG - 局部搜索未能改进当前解
2025-04-08 15:00:43,185 - DEBUG - 执行AGV分配局部搜索，当前完工时间: 1933.00
2025-04-08 15:00:43,189 - DEBUG - 局部搜索未能改进当前解
2025-04-08 15:00:43,193 - DEBUG - 执行AGV分配局部搜索，当前完工时间: 2013.00
2025-04-08 15:00:43,197 - DEBUG - AGV分配局部搜索成功！完工时间从 2013.00 降低到 2003.00，改进: 10.00 (0.50%)
2025-04-08 15:00:43,201 - DEBUG - 执行AGV分配局部搜索，当前完工时间: 1838.00
2025-04-08 15:00:43,205 - DEBUG - 局部搜索未能改进当前解
2025-04-08 15:00:43,208 - DEBUG - 执行AGV分配局部搜索，当前完工时间: 1928.00
2025-04-08 15:00:43,212 - DEBUG - 局部搜索未能改进当前解
2025-04-08 15:00:43,216 - DEBUG - 执行AGV分配局部搜索，当前完工时间: 1920.00
2025-04-08 15:00:43,219 - DEBUG - 局部搜索未能改进当前解
2025-04-08 15:00:43,224 - DEBUG - 执行AGV分配局部搜索，当前完工时间: 1922.00
2025-04-08 15:00:43,228 - DEBUG - 局部搜索未能改进当前解
2025-04-08 15:00:43,231 - DEBUG - 执行AGV分配局部搜索，当前完工时间: 1886.00
2025-04-08 15:00:43,234 - DEBUG - 局部搜索未能改进当前解
2025-04-08 15:00:43,239 - DEBUG - 执行AGV分配局部搜索，当前完工时间: 2064.00
2025-04-08 15:00:43,242 - DEBUG - AGV分配局部搜索成功！完工时间从 2064.00 降低到 2041.00，改进: 23.00 (1.11%)
2025-04-08 15:00:43,246 - DEBUG - 执行AGV分配局部搜索，当前完工时间: 1978.00
2025-04-08 15:00:43,250 - DEBUG - AGV分配局部搜索成功！完工时间从 1978.00 降低到 1968.00，改进: 10.00 (0.51%)
2025-04-08 15:00:43,254 - DEBUG - 执行AGV分配局部搜索，当前完工时间: 1862.00
2025-04-08 15:00:43,257 - DEBUG - 局部搜索未能改进当前解
2025-04-08 15:00:43,260 - DEBUG - 执行AGV分配局部搜索，当前完工时间: 1934.00
2025-04-08 15:00:43,264 - DEBUG - 局部搜索未能改进当前解
2025-04-08 15:00:43,268 - DEBUG - 执行AGV分配局部搜索，当前完工时间: 1936.00
2025-04-08 15:00:43,272 - DEBUG - 局部搜索未能改进当前解
2025-04-08 15:00:43,275 - DEBUG - 执行AGV分配局部搜索，当前完工时间: 1870.00
2025-04-08 15:00:43,279 - DEBUG - 局部搜索未能改进当前解
2025-04-08 15:00:43,283 - DEBUG - 执行AGV分配局部搜索，当前完工时间: 1929.00
2025-04-08 15:00:43,287 - DEBUG - AGV分配局部搜索成功！完工时间从 1929.00 降低到 1895.00，改进: 34.00 (1.76%)
2025-04-08 15:00:43,290 - DEBUG - 执行AGV分配局部搜索，当前完工时间: 2111.00
2025-04-08 15:00:43,294 - DEBUG - 局部搜索未能改进当前解
2025-04-08 15:00:43,297 - DEBUG - 执行AGV分配局部搜索，当前完工时间: 2050.00
2025-04-08 15:00:43,302 - DEBUG - 局部搜索未能改进当前解
2025-04-08 15:00:43,305 - DEBUG - 执行AGV分配局部搜索，当前完工时间: 1965.00
2025-04-08 15:00:43,308 - DEBUG - 局部搜索未能改进当前解
2025-04-08 15:00:43,312 - DEBUG - 执行AGV分配局部搜索，当前完工时间: 1858.00
2025-04-08 15:00:43,316 - DEBUG - 局部搜索未能改进当前解
2025-04-08 15:00:43,320 - DEBUG - 执行AGV分配局部搜索，当前完工时间: 2024.00
2025-04-08 15:00:43,323 - DEBUG - AGV分配局部搜索成功！完工时间从 2024.00 降低到 1992.00，改进: 32.00 (1.58%)
2025-04-08 15:00:43,329 - DEBUG - 执行AGV分配局部搜索，当前完工时间: 1912.00
2025-04-08 15:00:43,333 - DEBUG - 局部搜索未能改进当前解
2025-04-08 15:00:43,337 - DEBUG - 执行AGV分配局部搜索，当前完工时间: 1940.00
2025-04-08 15:00:43,340 - DEBUG - AGV分配局部搜索成功！完工时间从 1940.00 降低到 1933.00，改进: 7.00 (0.36%)
2025-04-08 15:00:43,341 - DEBUG - ==================================================
2025-04-08 15:00:43,341 - DEBUG - Efficiency Statistics of Local Search :
2025-04-08 15:00:43,341 - DEBUG - Number of attempts: 99
2025-04-08 15:00:43,341 - DEBUG - Average Success Rate: 14.14%
2025-04-08 15:00:43,341 - DEBUG - AGV Local Search Success: 14，Average Improvement: 18.64
2025-04-08 15:00:43,347 - DEBUG - 执行AGV分配局部搜索，当前完工时间: 1965.00
2025-04-08 15:00:43,351 - DEBUG - 局部搜索未能改进当前解
2025-04-08 15:00:43,355 - DEBUG - 执行AGV分配局部搜索，当前完工时间: 1848.00
2025-04-08 15:00:43,358 - DEBUG - 局部搜索未能改进当前解
2025-04-08 15:00:43,364 - DEBUG - 执行AGV分配局部搜索，当前完工时间: 1896.00
2025-04-08 15:00:43,370 - DEBUG - 局部搜索未能改进当前解
2025-04-08 15:00:43,374 - DEBUG - 执行AGV分配局部搜索，当前完工时间: 2068.00
2025-04-08 15:00:43,379 - DEBUG - 局部搜索未能改进当前解
2025-04-08 15:00:43,382 - DEBUG - 执行AGV分配局部搜索，当前完工时间: 1911.00
2025-04-08 15:00:43,386 - DEBUG - AGV分配局部搜索成功！完工时间从 1911.00 降低到 1907.00，改进: 4.00 (0.21%)
2025-04-08 15:00:43,390 - DEBUG - 执行AGV分配局部搜索，当前完工时间: 1884.00
2025-04-08 15:00:43,394 - DEBUG - 局部搜索未能改进当前解
2025-04-08 15:00:43,397 - DEBUG - 执行AGV分配局部搜索，当前完工时间: 1910.00
2025-04-08 15:00:43,401 - DEBUG - 局部搜索未能改进当前解
2025-04-08 15:00:43,405 - DEBUG - 执行AGV分配局部搜索，当前完工时间: 1992.00
2025-04-08 15:00:43,408 - DEBUG - 局部搜索未能改进当前解
2025-04-08 15:00:43,413 - DEBUG - 执行AGV分配局部搜索，当前完工时间: 1935.00
2025-04-08 15:00:43,416 - DEBUG - 局部搜索未能改进当前解
2025-04-08 15:00:43,420 - DEBUG - 执行AGV分配局部搜索，当前完工时间: 1898.00
2025-04-08 15:00:43,425 - DEBUG - 局部搜索未能改进当前解
2025-04-08 15:00:43,431 - DEBUG - 执行AGV分配局部搜索，当前完工时间: 1928.00
2025-04-08 15:00:43,436 - DEBUG - AGV分配局部搜索成功！完工时间从 1928.00 降低到 1907.00，改进: 21.00 (1.09%)
2025-04-08 15:00:43,440 - DEBUG - 执行AGV分配局部搜索，当前完工时间: 1885.00
2025-04-08 15:00:43,445 - DEBUG - 局部搜索未能改进当前解
2025-04-08 15:00:43,449 - DEBUG - 执行AGV分配局部搜索，当前完工时间: 1948.00
2025-04-08 15:00:43,452 - DEBUG - AGV分配局部搜索成功！完工时间从 1948.00 降低到 1920.00，改进: 28.00 (1.44%)
2025-04-08 15:00:43,456 - DEBUG - 执行AGV分配局部搜索，当前完工时间: 1937.00
2025-04-08 15:00:43,461 - DEBUG - 局部搜索未能改进当前解
2025-04-08 15:00:43,465 - DEBUG - 执行AGV分配局部搜索，当前完工时间: 1930.00
2025-04-08 15:00:43,469 - DEBUG - 局部搜索未能改进当前解
2025-04-08 15:00:43,474 - DEBUG - 执行AGV分配局部搜索，当前完工时间: 1912.00
2025-04-08 15:00:43,478 - DEBUG - 局部搜索未能改进当前解
2025-04-08 15:00:43,482 - DEBUG - 执行AGV分配局部搜索，当前完工时间: 1936.00
2025-04-08 15:00:43,485 - DEBUG - AGV分配局部搜索成功！完工时间从 1936.00 降低到 1933.00，改进: 3.00 (0.15%)
2025-04-08 15:00:43,490 - DEBUG - 执行AGV分配局部搜索，当前完工时间: 1885.00
2025-04-08 15:00:43,494 - DEBUG - 局部搜索未能改进当前解
2025-04-08 15:00:43,498 - DEBUG - 执行AGV分配局部搜索，当前完工时间: 1996.00
2025-04-08 15:00:43,501 - DEBUG - AGV分配局部搜索成功！完工时间从 1996.00 降低到 1982.00，改进: 14.00 (0.70%)
2025-04-08 15:00:43,506 - DEBUG - 执行AGV分配局部搜索，当前完工时间: 1904.00
2025-04-08 15:00:43,510 - DEBUG - 局部搜索未能改进当前解
2025-04-08 15:00:43,514 - DEBUG - 执行AGV分配局部搜索，当前完工时间: 1966.00
2025-04-08 15:00:43,516 - DEBUG - 局部搜索未能改进当前解
2025-04-08 15:00:43,520 - DEBUG - 执行AGV分配局部搜索，当前完工时间: 1942.00
2025-04-08 15:00:43,525 - DEBUG - 局部搜索未能改进当前解
2025-04-08 15:00:43,528 - DEBUG - 执行AGV分配局部搜索，当前完工时间: 1989.00
2025-04-08 15:00:43,531 - DEBUG - 局部搜索未能改进当前解
2025-04-08 15:00:43,536 - DEBUG - 执行AGV分配局部搜索，当前完工时间: 1922.00
2025-04-08 15:00:43,540 - DEBUG - AGV分配局部搜索成功！完工时间从 1922.00 降低到 1898.00，改进: 24.00 (1.25%)
2025-04-08 15:00:43,544 - DEBUG - 执行AGV分配局部搜索，当前完工时间: 1876.00
2025-04-08 15:00:43,547 - DEBUG - 局部搜索未能改进当前解
2025-04-08 15:00:43,551 - DEBUG - 执行AGV分配局部搜索，当前完工时间: 1990.00
2025-04-08 15:00:43,555 - DEBUG - 局部搜索未能改进当前解
2025-04-08 15:00:43,558 - DEBUG - 执行AGV分配局部搜索，当前完工时间: 1954.00
2025-04-08 15:00:43,562 - DEBUG - 局部搜索未能改进当前解
2025-04-08 15:00:43,566 - DEBUG - 执行AGV分配局部搜索，当前完工时间: 1984.00
2025-04-08 15:00:43,570 - DEBUG - 局部搜索未能改进当前解
2025-04-08 15:00:43,574 - DEBUG - 执行AGV分配局部搜索，当前完工时间: 1920.00
2025-04-08 15:00:43,578 - DEBUG - AGV分配局部搜索成功！完工时间从 1920.00 降低到 1916.00，改进: 4.00 (0.21%)
2025-04-08 15:00:43,583 - DEBUG - 执行AGV分配局部搜索，当前完工时间: 1936.00
2025-04-08 15:00:43,587 - DEBUG - 局部搜索未能改进当前解
2025-04-08 15:00:43,590 - DEBUG - 执行AGV分配局部搜索，当前完工时间: 1936.00
2025-04-08 15:00:43,594 - DEBUG - AGV分配局部搜索成功！完工时间从 1936.00 降低到 1910.00，改进: 26.00 (1.34%)
2025-04-08 15:00:43,597 - DEBUG - 执行AGV分配局部搜索，当前完工时间: 1901.00
2025-04-08 15:00:43,601 - DEBUG - 局部搜索未能改进当前解
2025-04-08 15:00:43,605 - DEBUG - 执行AGV分配局部搜索，当前完工时间: 1942.00
2025-04-08 15:00:43,609 - DEBUG - 局部搜索未能改进当前解
2025-04-08 15:00:43,612 - DEBUG - 执行AGV分配局部搜索，当前完工时间: 1994.00
2025-04-08 15:00:43,616 - DEBUG - 局部搜索未能改进当前解
2025-04-08 15:00:43,621 - DEBUG - 执行AGV分配局部搜索，当前完工时间: 1882.00
2025-04-08 15:00:43,624 - DEBUG - 局部搜索未能改进当前解
2025-04-08 15:00:43,629 - DEBUG - 执行AGV分配局部搜索，当前完工时间: 1950.00
2025-04-08 15:00:43,632 - DEBUG - 局部搜索未能改进当前解
2025-04-08 15:00:43,636 - DEBUG - 执行AGV分配局部搜索，当前完工时间: 1954.00
2025-04-08 15:00:43,638 - DEBUG - 局部搜索未能改进当前解
2025-04-08 15:00:43,643 - DEBUG - 执行AGV分配局部搜索，当前完工时间: 1922.00
2025-04-08 15:00:43,647 - DEBUG - 局部搜索未能改进当前解
2025-04-08 15:00:43,651 - DEBUG - 执行AGV分配局部搜索，当前完工时间: 1882.00
2025-04-08 15:00:43,655 - DEBUG - 局部搜索未能改进当前解
2025-04-08 15:00:43,659 - DEBUG - 执行AGV分配局部搜索，当前完工时间: 1970.00
2025-04-08 15:00:43,663 - DEBUG - 局部搜索未能改进当前解
2025-04-08 15:00:43,667 - DEBUG - 执行AGV分配局部搜索，当前完工时间: 1887.00
2025-04-08 15:00:43,671 - DEBUG - 局部搜索未能改进当前解
2025-04-08 15:00:43,675 - DEBUG - 执行AGV分配局部搜索，当前完工时间: 1936.00
2025-04-08 15:00:43,678 - DEBUG - 局部搜索未能改进当前解
2025-04-08 15:00:43,682 - DEBUG - 执行AGV分配局部搜索，当前完工时间: 1945.00
2025-04-08 15:00:43,685 - DEBUG - 局部搜索未能改进当前解
2025-04-08 15:00:43,690 - DEBUG - 执行AGV分配局部搜索，当前完工时间: 2004.00
2025-04-08 15:00:43,694 - DEBUG - 局部搜索未能改进当前解
2025-04-08 15:00:43,697 - DEBUG - 执行AGV分配局部搜索，当前完工时间: 1981.00
2025-04-08 15:00:43,701 - DEBUG - 局部搜索未能改进当前解
2025-04-08 15:00:43,705 - DEBUG - 执行AGV分配局部搜索，当前完工时间: 1937.00
2025-04-08 15:00:43,709 - DEBUG - AGV分配局部搜索成功！完工时间从 1937.00 降低到 1920.00，改进: 17.00 (0.88%)
2025-04-08 15:00:43,713 - DEBUG - 执行AGV分配局部搜索，当前完工时间: 1889.00
2025-04-08 15:00:43,718 - DEBUG - 局部搜索未能改进当前解
2025-04-08 15:00:43,720 - DEBUG - 执行AGV分配局部搜索，当前完工时间: 1884.00
2025-04-08 15:00:43,725 - DEBUG - 局部搜索未能改进当前解
2025-04-08 15:00:43,729 - DEBUG - 执行AGV分配局部搜索，当前完工时间: 2074.00
2025-04-08 15:00:43,733 - DEBUG - 局部搜索未能改进当前解
2025-04-08 15:00:43,737 - DEBUG - 执行AGV分配局部搜索，当前完工时间: 1920.00
2025-04-08 15:00:43,741 - DEBUG - AGV分配局部搜索成功！完工时间从 1920.00 降低到 1863.00，改进: 57.00 (2.97%)
2025-04-08 15:00:43,744 - DEBUG - 执行AGV分配局部搜索，当前完工时间: 1910.00
2025-04-08 15:00:43,748 - DEBUG - 局部搜索未能改进当前解
2025-04-08 15:00:43,752 - DEBUG - 执行AGV分配局部搜索，当前完工时间: 1885.00
2025-04-08 15:00:43,757 - DEBUG - 局部搜索未能改进当前解
2025-04-08 15:00:43,760 - DEBUG - 执行AGV分配局部搜索，当前完工时间: 1910.00
2025-04-08 15:00:43,764 - DEBUG - 局部搜索未能改进当前解
2025-04-08 15:00:43,768 - DEBUG - 执行AGV分配局部搜索，当前完工时间: 2093.00
2025-04-08 15:00:43,772 - DEBUG - 局部搜索未能改进当前解
2025-04-08 15:00:43,776 - DEBUG - 执行AGV分配局部搜索，当前完工时间: 2033.00
2025-04-08 15:00:43,780 - DEBUG - 局部搜索未能改进当前解
2025-04-08 15:00:43,784 - DEBUG - 执行AGV分配局部搜索，当前完工时间: 2178.00
2025-04-08 15:00:43,789 - DEBUG - 局部搜索未能改进当前解
2025-04-08 15:00:43,793 - DEBUG - 执行AGV分配局部搜索，当前完工时间: 1874.00
2025-04-08 15:00:43,797 - DEBUG - 局部搜索未能改进当前解
2025-04-08 15:00:43,801 - DEBUG - 执行AGV分配局部搜索，当前完工时间: 1925.00
2025-04-08 15:00:43,805 - DEBUG - 局部搜索未能改进当前解
2025-04-08 15:00:43,809 - DEBUG - 执行AGV分配局部搜索，当前完工时间: 2131.00
2025-04-08 15:00:43,813 - DEBUG - 局部搜索未能改进当前解
2025-04-08 15:00:43,817 - DEBUG - 执行AGV分配局部搜索，当前完工时间: 1939.00
2025-04-08 15:00:43,821 - DEBUG - 局部搜索未能改进当前解
2025-04-08 15:00:43,825 - DEBUG - 执行AGV分配局部搜索，当前完工时间: 1912.00
2025-04-08 15:00:43,828 - DEBUG - 局部搜索未能改进当前解
2025-04-08 15:00:43,832 - DEBUG - 执行AGV分配局部搜索，当前完工时间: 1870.00
2025-04-08 15:00:43,836 - DEBUG - 局部搜索未能改进当前解
2025-04-08 15:00:43,840 - DEBUG - 执行AGV分配局部搜索，当前完工时间: 1986.00
2025-04-08 15:00:43,844 - DEBUG - 局部搜索未能改进当前解
2025-04-08 15:00:43,848 - DEBUG - 执行AGV分配局部搜索，当前完工时间: 1958.00
2025-04-08 15:00:43,852 - DEBUG - AGV分配局部搜索成功！完工时间从 1958.00 降低到 1913.00，改进: 45.00 (2.30%)
2025-04-08 15:00:43,855 - DEBUG - 执行AGV分配局部搜索，当前完工时间: 1860.00
2025-04-08 15:00:43,860 - DEBUG - 局部搜索未能改进当前解
2025-04-08 15:00:43,864 - DEBUG - 执行AGV分配局部搜索，当前完工时间: 1924.00
2025-04-08 15:00:43,868 - DEBUG - 局部搜索未能改进当前解
2025-04-08 15:00:43,872 - DEBUG - 执行AGV分配局部搜索，当前完工时间: 1892.00
2025-04-08 15:00:43,876 - DEBUG - 局部搜索未能改进当前解
2025-04-08 15:00:43,880 - DEBUG - 执行AGV分配局部搜索，当前完工时间: 1964.00
2025-04-08 15:00:43,884 - DEBUG - 局部搜索未能改进当前解
2025-04-08 15:00:43,889 - DEBUG - 执行AGV分配局部搜索，当前完工时间: 1959.00
2025-04-08 15:00:43,892 - DEBUG - AGV分配局部搜索成功！完工时间从 1959.00 降低到 1925.00，改进: 34.00 (1.74%)
2025-04-08 15:00:43,897 - DEBUG - 执行AGV分配局部搜索，当前完工时间: 1907.00
2025-04-08 15:00:43,900 - DEBUG - AGV分配局部搜索成功！完工时间从 1907.00 降低到 1890.00，改进: 17.00 (0.89%)
2025-04-08 15:00:43,905 - DEBUG - 执行AGV分配局部搜索，当前完工时间: 1856.00
2025-04-08 15:00:43,909 - DEBUG - 局部搜索未能改进当前解
2025-04-08 15:00:43,912 - DEBUG - 执行AGV分配局部搜索，当前完工时间: 1982.00
2025-04-08 15:00:43,915 - DEBUG - 局部搜索未能改进当前解
2025-04-08 15:00:43,919 - DEBUG - 执行AGV分配局部搜索，当前完工时间: 2002.00
2025-04-08 15:00:43,924 - DEBUG - AGV分配局部搜索成功！完工时间从 2002.00 降低到 1987.00，改进: 15.00 (0.75%)
2025-04-08 15:00:43,926 - DEBUG - 执行AGV分配局部搜索，当前完工时间: 1968.00
2025-04-08 15:00:43,931 - DEBUG - 局部搜索未能改进当前解
2025-04-08 15:00:43,935 - DEBUG - 执行AGV分配局部搜索，当前完工时间: 2294.00
2025-04-08 15:00:43,939 - DEBUG - 局部搜索未能改进当前解
2025-04-08 15:00:43,942 - DEBUG - 执行AGV分配局部搜索，当前完工时间: 1926.00
2025-04-08 15:00:43,945 - DEBUG - 局部搜索未能改进当前解
2025-04-08 15:00:43,950 - DEBUG - 执行AGV分配局部搜索，当前完工时间: 2005.00
2025-04-08 15:00:43,954 - DEBUG - 局部搜索未能改进当前解
2025-04-08 15:00:43,957 - DEBUG - 执行AGV分配局部搜索，当前完工时间: 1988.00
2025-04-08 15:00:43,960 - DEBUG - AGV分配局部搜索成功！完工时间从 1988.00 降低到 1953.00，改进: 35.00 (1.76%)
2025-04-08 15:00:43,964 - DEBUG - 执行AGV分配局部搜索，当前完工时间: 1894.00
2025-04-08 15:00:43,968 - DEBUG - 局部搜索未能改进当前解
2025-04-08 15:00:43,972 - DEBUG - 执行AGV分配局部搜索，当前完工时间: 1917.00
2025-04-08 15:00:43,976 - DEBUG - 局部搜索未能改进当前解
2025-04-08 15:00:43,980 - DEBUG - 执行AGV分配局部搜索，当前完工时间: 1967.00
2025-04-08 15:00:43,985 - DEBUG - 局部搜索未能改进当前解
2025-04-08 15:00:43,989 - DEBUG - 执行AGV分配局部搜索，当前完工时间: 1888.00
2025-04-08 15:00:43,992 - DEBUG - 局部搜索未能改进当前解
2025-04-08 15:00:43,995 - DEBUG - 执行AGV分配局部搜索，当前完工时间: 2008.00
2025-04-08 15:00:44,001 - DEBUG - 局部搜索未能改进当前解
2025-04-08 15:00:44,006 - DEBUG - 执行AGV分配局部搜索，当前完工时间: 1931.00
2025-04-08 15:00:44,010 - DEBUG - AGV分配局部搜索成功！完工时间从 1931.00 降低到 1927.00，改进: 4.00 (0.21%)
2025-04-08 15:00:44,012 - DEBUG - 执行AGV分配局部搜索，当前完工时间: 1992.00
2025-04-08 15:00:44,016 - DEBUG - 局部搜索未能改进当前解
2025-04-08 15:00:44,021 - DEBUG - 执行AGV分配局部搜索，当前完工时间: 1894.00
2025-04-08 15:00:44,024 - DEBUG - 局部搜索未能改进当前解
2025-04-08 15:00:44,028 - DEBUG - 执行AGV分配局部搜索，当前完工时间: 1911.00
2025-04-08 15:00:44,032 - DEBUG - 局部搜索未能改进当前解
2025-04-08 15:00:44,036 - DEBUG - 执行AGV分配局部搜索，当前完工时间: 2107.00
2025-04-08 15:00:44,040 - DEBUG - 局部搜索未能改进当前解
2025-04-08 15:00:44,043 - DEBUG - 执行AGV分配局部搜索，当前完工时间: 1932.00
2025-04-08 15:00:44,047 - DEBUG - 局部搜索未能改进当前解
2025-04-08 15:00:44,051 - DEBUG - 执行AGV分配局部搜索，当前完工时间: 2048.00
2025-04-08 15:00:44,055 - DEBUG - 局部搜索未能改进当前解
2025-04-08 15:00:44,058 - DEBUG - 执行AGV分配局部搜索，当前完工时间: 1918.00
2025-04-08 15:00:44,062 - DEBUG - 局部搜索未能改进当前解
2025-04-08 15:00:44,065 - DEBUG - 执行AGV分配局部搜索，当前完工时间: 1898.00
2025-04-08 15:00:44,070 - DEBUG - 局部搜索未能改进当前解
2025-04-08 15:00:44,073 - DEBUG - 执行AGV分配局部搜索，当前完工时间: 1936.00
2025-04-08 15:00:44,077 - DEBUG - 局部搜索未能改进当前解
2025-04-08 15:00:44,081 - DEBUG - 执行AGV分配局部搜索，当前完工时间: 1946.00
2025-04-08 15:00:44,085 - DEBUG - 局部搜索未能改进当前解
2025-04-08 15:00:44,089 - DEBUG - 执行AGV分配局部搜索，当前完工时间: 1968.00
2025-04-08 15:00:44,093 - DEBUG - 局部搜索未能改进当前解
2025-04-08 15:00:44,097 - DEBUG - 执行AGV分配局部搜索，当前完工时间: 1925.00
2025-04-08 15:00:44,101 - DEBUG - 局部搜索未能改进当前解
2025-04-08 15:00:44,105 - DEBUG - 执行AGV分配局部搜索，当前完工时间: 1945.00
2025-04-08 15:00:44,108 - DEBUG - 局部搜索未能改进当前解
2025-04-08 15:00:44,112 - DEBUG - 执行AGV分配局部搜索，当前完工时间: 2012.00
2025-04-08 15:00:44,116 - DEBUG - 局部搜索未能改进当前解
2025-04-08 15:00:44,120 - DEBUG - 执行AGV分配局部搜索，当前完工时间: 1915.00
2025-04-08 15:00:44,125 - DEBUG - 局部搜索未能改进当前解
2025-04-08 15:00:44,125 - DEBUG - ==================================================
2025-04-08 15:00:44,125 - DEBUG - Efficiency Statistics of Local Search :
2025-04-08 15:00:44,125 - DEBUG - Number of attempts: 99
2025-04-08 15:00:44,125 - DEBUG - Average Success Rate: 16.16%
2025-04-08 15:00:44,125 - DEBUG - AGV Local Search Success: 16，Average Improvement: 21.75
2025-04-08 15:00:44,129 - DEBUG - 执行AGV分配局部搜索，当前完工时间: 1894.00
2025-04-08 15:00:44,133 - DEBUG - 局部搜索未能改进当前解
2025-04-08 15:00:44,136 - DEBUG - 执行AGV分配局部搜索，当前完工时间: 2024.00
2025-04-08 15:00:44,140 - DEBUG - 局部搜索未能改进当前解
2025-04-08 15:00:44,144 - DEBUG - 执行AGV分配局部搜索，当前完工时间: 1918.00
2025-04-08 15:00:44,148 - DEBUG - 局部搜索未能改进当前解
2025-04-08 15:00:44,152 - DEBUG - 执行AGV分配局部搜索，当前完工时间: 1932.00
2025-04-08 15:00:44,156 - DEBUG - 局部搜索未能改进当前解
2025-04-08 15:00:44,160 - DEBUG - 执行AGV分配局部搜索，当前完工时间: 1894.00
2025-04-08 15:00:44,164 - DEBUG - 局部搜索未能改进当前解
2025-04-08 15:00:44,167 - DEBUG - 执行AGV分配局部搜索，当前完工时间: 1855.00
2025-04-08 15:00:44,171 - DEBUG - 局部搜索未能改进当前解
2025-04-08 15:00:44,175 - DEBUG - 执行AGV分配局部搜索，当前完工时间: 1934.00
2025-04-08 15:00:44,179 - DEBUG - 局部搜索未能改进当前解
2025-04-08 15:00:44,182 - DEBUG - 执行AGV分配局部搜索，当前完工时间: 1892.00
2025-04-08 15:00:44,186 - DEBUG - 局部搜索未能改进当前解
2025-04-08 15:00:44,190 - DEBUG - 执行AGV分配局部搜索，当前完工时间: 1868.00
2025-04-08 15:00:44,194 - DEBUG - 局部搜索未能改进当前解
2025-04-08 15:00:44,198 - DEBUG - 执行AGV分配局部搜索，当前完工时间: 2001.00
2025-04-08 15:00:44,202 - DEBUG - 局部搜索未能改进当前解
2025-04-08 15:00:44,205 - DEBUG - 执行AGV分配局部搜索，当前完工时间: 1917.00
2025-04-08 15:00:44,209 - DEBUG - AGV分配局部搜索成功！完工时间从 1917.00 降低到 1896.00，改进: 21.00 (1.10%)
2025-04-08 15:00:44,215 - DEBUG - 执行AGV分配局部搜索，当前完工时间: 1842.00
2025-04-08 15:00:44,220 - DEBUG - 局部搜索未能改进当前解
2025-04-08 15:00:44,223 - DEBUG - 执行AGV分配局部搜索，当前完工时间: 1848.00
2025-04-08 15:00:44,226 - DEBUG - 局部搜索未能改进当前解
2025-04-08 15:00:44,231 - DEBUG - 执行AGV分配局部搜索，当前完工时间: 1947.00
2025-04-08 15:00:44,234 - DEBUG - 局部搜索未能改进当前解
2025-04-08 15:00:44,239 - DEBUG - 执行AGV分配局部搜索，当前完工时间: 2004.00
2025-04-08 15:00:44,242 - DEBUG - 局部搜索未能改进当前解
2025-04-08 15:00:44,245 - DEBUG - 执行AGV分配局部搜索，当前完工时间: 1838.00
2025-04-08 15:00:44,250 - DEBUG - 局部搜索未能改进当前解
2025-04-08 15:00:44,254 - DEBUG - 执行AGV分配局部搜索，当前完工时间: 1926.00
2025-04-08 15:00:44,257 - DEBUG - 局部搜索未能改进当前解
2025-04-08 15:00:44,262 - DEBUG - 执行AGV分配局部搜索，当前完工时间: 1978.00
2025-04-08 15:00:44,265 - DEBUG - 局部搜索未能改进当前解
2025-04-08 15:00:44,270 - DEBUG - 执行AGV分配局部搜索，当前完工时间: 1926.00
2025-04-08 15:00:44,273 - DEBUG - 局部搜索未能改进当前解
2025-04-08 15:00:44,277 - DEBUG - 执行AGV分配局部搜索，当前完工时间: 1882.00
2025-04-08 15:00:44,281 - DEBUG - 局部搜索未能改进当前解
2025-04-08 15:00:44,285 - DEBUG - 执行AGV分配局部搜索，当前完工时间: 1915.00
2025-04-08 15:00:44,288 - DEBUG - 局部搜索未能改进当前解
2025-04-08 15:00:44,292 - DEBUG - 执行AGV分配局部搜索，当前完工时间: 2003.00
2025-04-08 15:00:44,295 - DEBUG - 局部搜索未能改进当前解
2025-04-08 15:00:44,300 - DEBUG - 执行AGV分配局部搜索，当前完工时间: 1910.00
2025-04-08 15:00:44,303 - DEBUG - 局部搜索未能改进当前解
2025-04-08 15:00:44,307 - DEBUG - 执行AGV分配局部搜索，当前完工时间: 1889.00
2025-04-08 15:00:44,310 - DEBUG - 局部搜索未能改进当前解
2025-04-08 15:00:44,314 - DEBUG - 执行AGV分配局部搜索，当前完工时间: 1936.00
2025-04-08 15:00:44,318 - DEBUG - 局部搜索未能改进当前解
2025-04-08 15:00:44,322 - DEBUG - 执行AGV分配局部搜索，当前完工时间: 1978.00
2025-04-08 15:00:44,325 - DEBUG - 局部搜索未能改进当前解
2025-04-08 15:00:44,329 - DEBUG - 执行AGV分配局部搜索，当前完工时间: 1894.00
2025-04-08 15:00:44,333 - DEBUG - AGV分配局部搜索成功！完工时间从 1894.00 降低到 1863.00，改进: 31.00 (1.64%)
2025-04-08 15:00:44,337 - DEBUG - 执行AGV分配局部搜索，当前完工时间: 1904.00
2025-04-08 15:00:44,341 - DEBUG - 局部搜索未能改进当前解
2025-04-08 15:00:44,345 - DEBUG - 执行AGV分配局部搜索，当前完工时间: 1916.00
2025-04-08 15:00:44,349 - DEBUG - 局部搜索未能改进当前解
2025-04-08 15:00:44,352 - DEBUG - 执行AGV分配局部搜索，当前完工时间: 1882.00
2025-04-08 15:00:44,356 - DEBUG - 局部搜索未能改进当前解
2025-04-08 15:00:44,361 - DEBUG - 执行AGV分配局部搜索，当前完工时间: 1957.00
2025-04-08 15:00:44,364 - DEBUG - AGV分配局部搜索成功！完工时间从 1957.00 降低到 1955.00，改进: 2.00 (0.10%)
2025-04-08 15:00:44,368 - DEBUG - 执行AGV分配局部搜索，当前完工时间: 1920.00
2025-04-08 15:00:44,372 - DEBUG - 局部搜索未能改进当前解
2025-04-08 15:00:44,376 - DEBUG - 执行AGV分配局部搜索，当前完工时间: 1882.00
2025-04-08 15:00:44,379 - DEBUG - 局部搜索未能改进当前解
2025-04-08 15:00:44,383 - DEBUG - 执行AGV分配局部搜索，当前完工时间: 1925.00
2025-04-08 15:00:44,387 - DEBUG - 局部搜索未能改进当前解
2025-04-08 15:00:44,391 - DEBUG - 执行AGV分配局部搜索，当前完工时间: 1864.00
2025-04-08 15:00:44,394 - DEBUG - 局部搜索未能改进当前解
2025-04-08 15:00:44,398 - DEBUG - 执行AGV分配局部搜索，当前完工时间: 1910.00
2025-04-08 15:00:44,402 - DEBUG - AGV分配局部搜索成功！完工时间从 1910.00 降低到 1903.00，改进: 7.00 (0.37%)
2025-04-08 15:00:44,406 - DEBUG - 执行AGV分配局部搜索，当前完工时间: 1901.00
2025-04-08 15:00:44,410 - DEBUG - 局部搜索未能改进当前解
2025-04-08 15:00:44,414 - DEBUG - 执行AGV分配局部搜索，当前完工时间: 2004.00
2025-04-08 15:00:44,418 - DEBUG - AGV分配局部搜索成功！完工时间从 2004.00 降低到 1970.00，改进: 34.00 (1.70%)
2025-04-08 15:00:44,420 - DEBUG - 执行AGV分配局部搜索，当前完工时间: 1952.00
2025-04-08 15:00:44,425 - DEBUG - 局部搜索未能改进当前解
2025-04-08 15:00:44,429 - DEBUG - 执行AGV分配局部搜索，当前完工时间: 1960.00
2025-04-08 15:00:44,432 - DEBUG - 局部搜索未能改进当前解
2025-04-08 15:00:44,436 - DEBUG - 执行AGV分配局部搜索，当前完工时间: 1871.00
2025-04-08 15:00:44,440 - DEBUG - 局部搜索未能改进当前解
2025-04-08 15:00:44,444 - DEBUG - 执行AGV分配局部搜索，当前完工时间: 1945.00
2025-04-08 15:00:44,448 - DEBUG - 局部搜索未能改进当前解
2025-04-08 15:00:44,451 - DEBUG - 执行AGV分配局部搜索，当前完工时间: 1911.00
2025-04-08 15:00:44,455 - DEBUG - 局部搜索未能改进当前解
2025-04-08 15:00:44,458 - DEBUG - 执行AGV分配局部搜索，当前完工时间: 1924.00
2025-04-08 15:00:44,463 - DEBUG - 局部搜索未能改进当前解
2025-04-08 15:00:44,467 - DEBUG - 执行AGV分配局部搜索，当前完工时间: 1894.00
2025-04-08 15:00:44,470 - DEBUG - 局部搜索未能改进当前解
2025-04-08 15:00:44,474 - DEBUG - 执行AGV分配局部搜索，当前完工时间: 2056.00
2025-04-08 15:00:44,478 - DEBUG - 局部搜索未能改进当前解
2025-04-08 15:00:44,481 - DEBUG - 执行AGV分配局部搜索，当前完工时间: 1918.00
2025-04-08 15:00:44,486 - DEBUG - 局部搜索未能改进当前解
2025-04-08 15:00:44,490 - DEBUG - 执行AGV分配局部搜索，当前完工时间: 1936.00
2025-04-08 15:00:44,493 - DEBUG - 局部搜索未能改进当前解
2025-04-08 15:00:44,497 - DEBUG - 执行AGV分配局部搜索，当前完工时间: 1963.00
2025-04-08 15:00:44,500 - DEBUG - 局部搜索未能改进当前解
2025-04-08 15:00:44,504 - DEBUG - 执行AGV分配局部搜索，当前完工时间: 2006.00
2025-04-08 15:00:44,509 - DEBUG - AGV分配局部搜索成功！完工时间从 2006.00 降低到 2000.00，改进: 6.00 (0.30%)
2025-04-08 15:00:44,512 - DEBUG - 执行AGV分配局部搜索，当前完工时间: 1909.00
2025-04-08 15:00:44,516 - DEBUG - 局部搜索未能改进当前解
2025-04-08 15:00:44,519 - DEBUG - 执行AGV分配局部搜索，当前完工时间: 1939.00
2025-04-08 15:00:44,523 - DEBUG - 局部搜索未能改进当前解
2025-04-08 15:00:44,528 - DEBUG - 执行AGV分配局部搜索，当前完工时间: 1953.00
2025-04-08 15:00:44,531 - DEBUG - 局部搜索未能改进当前解
2025-04-08 15:00:44,535 - DEBUG - 执行AGV分配局部搜索，当前完工时间: 1902.00
2025-04-08 15:00:44,538 - DEBUG - 局部搜索未能改进当前解
2025-04-08 15:00:44,543 - DEBUG - 执行AGV分配局部搜索，当前完工时间: 1938.00
2025-04-08 15:00:44,547 - DEBUG - 局部搜索未能改进当前解
2025-04-08 15:00:44,551 - DEBUG - 执行AGV分配局部搜索，当前完工时间: 1888.00
2025-04-08 15:00:44,554 - DEBUG - 局部搜索未能改进当前解
2025-04-08 15:00:44,558 - DEBUG - 执行AGV分配局部搜索，当前完工时间: 1977.00
2025-04-08 15:00:44,562 - DEBUG - 局部搜索未能改进当前解
2025-04-08 15:00:44,566 - DEBUG - 执行AGV分配局部搜索，当前完工时间: 1945.00
2025-04-08 15:00:44,570 - DEBUG - 局部搜索未能改进当前解
2025-04-08 15:00:44,574 - DEBUG - 执行AGV分配局部搜索，当前完工时间: 1953.00
2025-04-08 15:00:44,578 - DEBUG - 局部搜索未能改进当前解
2025-04-08 15:00:44,582 - DEBUG - 执行AGV分配局部搜索，当前完工时间: 2006.00
2025-04-08 15:00:44,586 - DEBUG - 局部搜索未能改进当前解
2025-04-08 15:00:44,589 - DEBUG - 执行AGV分配局部搜索，当前完工时间: 1929.00
2025-04-08 15:00:44,593 - DEBUG - AGV分配局部搜索成功！完工时间从 1929.00 降低到 1921.00，改进: 8.00 (0.41%)
2025-04-08 15:00:44,597 - DEBUG - 执行AGV分配局部搜索，当前完工时间: 1904.00
2025-04-08 15:00:44,600 - DEBUG - 局部搜索未能改进当前解
2025-04-08 15:00:44,604 - DEBUG - 执行AGV分配局部搜索，当前完工时间: 2033.00
2025-04-08 15:00:44,608 - DEBUG - 局部搜索未能改进当前解
2025-04-08 15:00:44,612 - DEBUG - 执行AGV分配局部搜索，当前完工时间: 1915.00
2025-04-08 15:00:44,616 - DEBUG - 局部搜索未能改进当前解
2025-04-08 15:00:44,620 - DEBUG - 执行AGV分配局部搜索，当前完工时间: 2048.00
2025-04-08 15:00:44,625 - DEBUG - 局部搜索未能改进当前解
2025-04-08 15:00:44,628 - DEBUG - 执行AGV分配局部搜索，当前完工时间: 1871.00
2025-04-08 15:00:44,632 - DEBUG - 局部搜索未能改进当前解
2025-04-08 15:00:44,635 - DEBUG - 执行AGV分配局部搜索，当前完工时间: 1933.00
2025-04-08 15:00:44,640 - DEBUG - 局部搜索未能改进当前解
2025-04-08 15:00:44,643 - DEBUG - 执行AGV分配局部搜索，当前完工时间: 1997.00
2025-04-08 15:00:44,647 - DEBUG - AGV分配局部搜索成功！完工时间从 1997.00 降低到 1947.00，改进: 50.00 (2.50%)
2025-04-08 15:00:44,650 - DEBUG - 执行AGV分配局部搜索，当前完工时间: 1910.00
2025-04-08 15:00:44,654 - DEBUG - 局部搜索未能改进当前解
2025-04-08 15:00:44,658 - DEBUG - 执行AGV分配局部搜索，当前完工时间: 1964.00
2025-04-08 15:00:44,662 - DEBUG - 局部搜索未能改进当前解
2025-04-08 15:00:44,666 - DEBUG - 执行AGV分配局部搜索，当前完工时间: 1933.00
2025-04-08 15:00:44,669 - DEBUG - 局部搜索未能改进当前解
2025-04-08 15:00:44,673 - DEBUG - 执行AGV分配局部搜索，当前完工时间: 1912.00
2025-04-08 15:00:44,677 - DEBUG - 局部搜索未能改进当前解
2025-04-08 15:00:44,681 - DEBUG - 执行AGV分配局部搜索，当前完工时间: 1936.00
2025-04-08 15:00:44,685 - DEBUG - 局部搜索未能改进当前解
2025-04-08 15:00:44,688 - DEBUG - 执行AGV分配局部搜索，当前完工时间: 1898.00
2025-04-08 15:00:44,693 - DEBUG - 局部搜索未能改进当前解
2025-04-08 15:00:44,697 - DEBUG - 执行AGV分配局部搜索，当前完工时间: 1939.00
2025-04-08 15:00:44,701 - DEBUG - 局部搜索未能改进当前解
2025-04-08 15:00:44,705 - DEBUG - 执行AGV分配局部搜索，当前完工时间: 1894.00
2025-04-08 15:00:44,709 - DEBUG - 局部搜索未能改进当前解
2025-04-08 15:00:44,713 - DEBUG - 执行AGV分配局部搜索，当前完工时间: 2070.00
2025-04-08 15:00:44,716 - DEBUG - 局部搜索未能改进当前解
2025-04-08 15:00:44,720 - DEBUG - 执行AGV分配局部搜索，当前完工时间: 1907.00
2025-04-08 15:00:44,724 - DEBUG - 局部搜索未能改进当前解
2025-04-08 15:00:44,729 - DEBUG - 执行AGV分配局部搜索，当前完工时间: 1857.00
2025-04-08 15:00:44,732 - DEBUG - 局部搜索未能改进当前解
2025-04-08 15:00:44,736 - DEBUG - 执行AGV分配局部搜索，当前完工时间: 1910.00
2025-04-08 15:00:44,739 - DEBUG - 局部搜索未能改进当前解
2025-04-08 15:00:44,743 - DEBUG - 执行AGV分配局部搜索，当前完工时间: 2007.00
2025-04-08 15:00:44,748 - DEBUG - 局部搜索未能改进当前解
2025-04-08 15:00:44,751 - DEBUG - 执行AGV分配局部搜索，当前完工时间: 2040.00
2025-04-08 15:00:44,757 - DEBUG - 局部搜索未能改进当前解
2025-04-08 15:00:44,760 - DEBUG - 执行AGV分配局部搜索，当前完工时间: 1994.00
2025-04-08 15:00:44,764 - DEBUG - 局部搜索未能改进当前解
2025-04-08 15:00:44,768 - DEBUG - 执行AGV分配局部搜索，当前完工时间: 1966.00
2025-04-08 15:00:44,770 - DEBUG - 局部搜索未能改进当前解
2025-04-08 15:00:44,775 - DEBUG - 执行AGV分配局部搜索，当前完工时间: 1954.00
2025-04-08 15:00:44,780 - DEBUG - 局部搜索未能改进当前解
2025-04-08 15:00:44,784 - DEBUG - 执行AGV分配局部搜索，当前完工时间: 1876.00
2025-04-08 15:00:44,787 - DEBUG - 局部搜索未能改进当前解
2025-04-08 15:00:44,792 - DEBUG - 执行AGV分配局部搜索，当前完工时间: 1904.00
2025-04-08 15:00:44,796 - DEBUG - 局部搜索未能改进当前解
2025-04-08 15:00:44,800 - DEBUG - 执行AGV分配局部搜索，当前完工时间: 1884.00
2025-04-08 15:00:44,803 - DEBUG - 局部搜索未能改进当前解
2025-04-08 15:00:44,807 - DEBUG - 执行AGV分配局部搜索，当前完工时间: 2008.00
2025-04-08 15:00:44,810 - DEBUG - 局部搜索未能改进当前解
2025-04-08 15:00:44,814 - DEBUG - 执行AGV分配局部搜索，当前完工时间: 1900.00
2025-04-08 15:00:44,819 - DEBUG - 局部搜索未能改进当前解
2025-04-08 15:00:44,822 - DEBUG - 执行AGV分配局部搜索，当前完工时间: 1947.00
2025-04-08 15:00:44,826 - DEBUG - 局部搜索未能改进当前解
2025-04-08 15:00:44,830 - DEBUG - 执行AGV分配局部搜索，当前完工时间: 1928.00
2025-04-08 15:00:44,834 - DEBUG - 局部搜索未能改进当前解
2025-04-08 15:00:44,837 - DEBUG - 执行AGV分配局部搜索，当前完工时间: 1884.00
2025-04-08 15:00:44,842 - DEBUG - 局部搜索未能改进当前解
2025-04-08 15:00:44,845 - DEBUG - 执行AGV分配局部搜索，当前完工时间: 2036.00
2025-04-08 15:00:44,849 - DEBUG - 局部搜索未能改进当前解
2025-04-08 15:00:44,853 - DEBUG - 执行AGV分配局部搜索，当前完工时间: 1986.00
2025-04-08 15:00:44,857 - DEBUG - AGV分配局部搜索成功！完工时间从 1986.00 降低到 1960.00，改进: 26.00 (1.31%)
2025-04-08 15:00:44,861 - DEBUG - 执行AGV分配局部搜索，当前完工时间: 1901.00
2025-04-08 15:00:44,864 - DEBUG - 局部搜索未能改进当前解
2025-04-08 15:00:44,868 - DEBUG - 执行AGV分配局部搜索，当前完工时间: 1941.00
2025-04-08 15:00:44,872 - DEBUG - 局部搜索未能改进当前解
2025-04-08 15:00:44,876 - DEBUG - 执行AGV分配局部搜索，当前完工时间: 1922.00
2025-04-08 15:00:44,880 - DEBUG - 局部搜索未能改进当前解
2025-04-08 15:00:44,883 - DEBUG - 执行AGV分配局部搜索，当前完工时间: 1882.00
2025-04-08 15:00:44,887 - DEBUG - 局部搜索未能改进当前解
2025-04-08 15:00:44,887 - DEBUG - ==================================================
2025-04-08 15:00:44,887 - DEBUG - Efficiency Statistics of Local Search :
2025-04-08 15:00:44,887 - DEBUG - Number of attempts: 99
2025-04-08 15:00:44,887 - DEBUG - Average Success Rate: 9.09%
2025-04-08 15:00:44,887 - DEBUG - AGV Local Search Success: 9，Average Improvement: 20.56
2025-04-08 15:00:44,892 - DEBUG - 执行AGV分配局部搜索，当前完工时间: 1947.00
2025-04-08 15:00:44,895 - DEBUG - 局部搜索未能改进当前解
2025-04-08 15:00:44,899 - DEBUG - 执行AGV分配局部搜索，当前完工时间: 1978.00
2025-04-08 15:00:44,903 - DEBUG - 局部搜索未能改进当前解
2025-04-08 15:00:44,907 - DEBUG - 执行AGV分配局部搜索，当前完工时间: 1922.00
2025-04-08 15:00:44,910 - DEBUG - 局部搜索未能改进当前解
2025-04-08 15:00:44,914 - DEBUG - 执行AGV分配局部搜索，当前完工时间: 1992.00
2025-04-08 15:00:44,919 - DEBUG - 局部搜索未能改进当前解
2025-04-08 15:00:44,922 - DEBUG - 执行AGV分配局部搜索，当前完工时间: 1898.00
2025-04-08 15:00:44,929 - DEBUG - 局部搜索未能改进当前解
2025-04-08 15:00:44,933 - DEBUG - 执行AGV分配局部搜索，当前完工时间: 1903.00
2025-04-08 15:00:44,937 - DEBUG - 局部搜索未能改进当前解
2025-04-08 15:00:44,941 - DEBUG - 执行AGV分配局部搜索，当前完工时间: 2001.00
2025-04-08 15:00:44,944 - DEBUG - 局部搜索未能改进当前解
2025-04-08 15:00:44,948 - DEBUG - 执行AGV分配局部搜索，当前完工时间: 1986.00
2025-04-08 15:00:44,953 - DEBUG - 局部搜索未能改进当前解
2025-04-08 15:00:44,957 - DEBUG - 执行AGV分配局部搜索，当前完工时间: 1939.00
2025-04-08 15:00:44,960 - DEBUG - 局部搜索未能改进当前解
2025-04-08 15:00:44,964 - DEBUG - 执行AGV分配局部搜索，当前完工时间: 1942.00
2025-04-08 15:00:44,968 - DEBUG - 局部搜索未能改进当前解
2025-04-08 15:00:44,972 - DEBUG - 执行AGV分配局部搜索，当前完工时间: 1973.00
2025-04-08 15:00:44,976 - DEBUG - AGV分配局部搜索成功！完工时间从 1973.00 降低到 1950.00，改进: 23.00 (1.17%)
2025-04-08 15:00:44,979 - DEBUG - 执行AGV分配局部搜索，当前完工时间: 1888.00
2025-04-08 15:00:44,984 - DEBUG - 局部搜索未能改进当前解
2025-04-08 15:00:44,987 - DEBUG - 执行AGV分配局部搜索，当前完工时间: 1871.00
2025-04-08 15:00:44,991 - DEBUG - 局部搜索未能改进当前解
2025-04-08 15:00:44,997 - DEBUG - 执行AGV分配局部搜索，当前完工时间: 1928.00
2025-04-08 15:00:45,001 - DEBUG - 局部搜索未能改进当前解
2025-04-08 15:00:45,005 - DEBUG - 执行AGV分配局部搜索，当前完工时间: 1891.00
2025-04-08 15:00:45,013 - DEBUG - 局部搜索未能改进当前解
2025-04-08 15:00:45,022 - DEBUG - 执行AGV分配局部搜索，当前完工时间: 1914.00
2025-04-08 15:00:45,030 - DEBUG - 局部搜索未能改进当前解
2025-04-08 15:00:45,037 - DEBUG - 执行AGV分配局部搜索，当前完工时间: 1939.00
2025-04-08 15:00:45,041 - DEBUG - 局部搜索未能改进当前解
2025-04-08 15:00:45,045 - DEBUG - 执行AGV分配局部搜索，当前完工时间: 2066.00
2025-04-08 15:00:45,049 - DEBUG - 局部搜索未能改进当前解
2025-04-08 15:00:45,053 - DEBUG - 执行AGV分配局部搜索，当前完工时间: 1895.00
2025-04-08 15:00:45,056 - DEBUG - 局部搜索未能改进当前解
2025-04-08 15:00:45,060 - DEBUG - 执行AGV分配局部搜索，当前完工时间: 1924.00
2025-04-08 15:00:45,064 - DEBUG - 局部搜索未能改进当前解
2025-04-08 15:00:45,068 - DEBUG - 执行AGV分配局部搜索，当前完工时间: 1954.00
2025-04-08 15:00:45,072 - DEBUG - 局部搜索未能改进当前解
2025-04-08 15:00:45,075 - DEBUG - 执行AGV分配局部搜索，当前完工时间: 1978.00
2025-04-08 15:00:45,079 - DEBUG - 局部搜索未能改进当前解
2025-04-08 15:00:45,083 - DEBUG - 执行AGV分配局部搜索，当前完工时间: 1987.00
2025-04-08 15:00:45,087 - DEBUG - AGV分配局部搜索成功！完工时间从 1987.00 降低到 1955.00，改进: 32.00 (1.61%)
2025-04-08 15:00:45,091 - DEBUG - 执行AGV分配局部搜索，当前完工时间: 2050.00
2025-04-08 15:00:45,094 - DEBUG - 局部搜索未能改进当前解
2025-04-08 15:00:45,098 - DEBUG - 执行AGV分配局部搜索，当前完工时间: 2000.00
2025-04-08 15:00:45,102 - DEBUG - 局部搜索未能改进当前解
2025-04-08 15:00:45,105 - DEBUG - 执行AGV分配局部搜索，当前完工时间: 1894.00
2025-04-08 15:00:45,108 - DEBUG - 局部搜索未能改进当前解
2025-04-08 15:00:45,112 - DEBUG - 执行AGV分配局部搜索，当前完工时间: 1902.00
2025-04-08 15:00:45,116 - DEBUG - 局部搜索未能改进当前解
2025-04-08 15:00:45,121 - DEBUG - 执行AGV分配局部搜索，当前完工时间: 1891.00
2025-04-08 15:00:45,125 - DEBUG - AGV分配局部搜索成功！完工时间从 1891.00 降低到 1837.00，改进: 54.00 (2.86%)
2025-04-08 15:00:45,128 - DEBUG - 执行AGV分配局部搜索，当前完工时间: 1959.00
2025-04-08 15:00:45,132 - DEBUG - 局部搜索未能改进当前解
2025-04-08 15:00:45,136 - DEBUG - 执行AGV分配局部搜索，当前完工时间: 1889.00
2025-04-08 15:00:45,140 - DEBUG - 局部搜索未能改进当前解
2025-04-08 15:00:45,143 - DEBUG - 执行AGV分配局部搜索，当前完工时间: 1993.00
2025-04-08 15:00:45,147 - DEBUG - AGV分配局部搜索成功！完工时间从 1993.00 降低到 1977.00，改进: 16.00 (0.80%)
2025-04-08 15:00:45,151 - DEBUG - 执行AGV分配局部搜索，当前完工时间: 1944.00
2025-04-08 15:00:45,154 - DEBUG - 局部搜索未能改进当前解
2025-04-08 15:00:45,158 - DEBUG - 执行AGV分配局部搜索，当前完工时间: 1915.00
2025-04-08 15:00:45,162 - DEBUG - 局部搜索未能改进当前解
2025-04-08 15:00:45,166 - DEBUG - 执行AGV分配局部搜索，当前完工时间: 2023.00
2025-04-08 15:00:45,170 - DEBUG - AGV分配局部搜索成功！完工时间从 2023.00 降低到 1968.00，改进: 55.00 (2.72%)
2025-04-08 15:00:45,173 - DEBUG - 执行AGV分配局部搜索，当前完工时间: 1906.00
2025-04-08 15:00:45,176 - DEBUG - 局部搜索未能改进当前解
2025-04-08 15:00:45,180 - DEBUG - 执行AGV分配局部搜索，当前完工时间: 1963.00
2025-04-08 15:00:45,183 - DEBUG - 局部搜索未能改进当前解
2025-04-08 15:00:45,187 - DEBUG - 执行AGV分配局部搜索，当前完工时间: 1897.00
2025-04-08 15:00:45,191 - DEBUG - 局部搜索未能改进当前解
2025-04-08 15:00:45,194 - DEBUG - 执行AGV分配局部搜索，当前完工时间: 1871.00
2025-04-08 15:00:45,197 - DEBUG - 局部搜索未能改进当前解
2025-04-08 15:00:45,202 - DEBUG - 执行AGV分配局部搜索，当前完工时间: 1932.00
2025-04-08 15:00:45,205 - DEBUG - 局部搜索未能改进当前解
2025-04-08 15:00:45,208 - DEBUG - 执行AGV分配局部搜索，当前完工时间: 1852.00
2025-04-08 15:00:45,212 - DEBUG - AGV分配局部搜索成功！完工时间从 1852.00 降低到 1850.00，改进: 2.00 (0.11%)
2025-04-08 15:00:45,216 - DEBUG - 执行AGV分配局部搜索，当前完工时间: 1961.00
2025-04-08 15:00:45,220 - DEBUG - 局部搜索未能改进当前解
2025-04-08 15:00:45,224 - DEBUG - 执行AGV分配局部搜索，当前完工时间: 2057.00
2025-04-08 15:00:45,226 - DEBUG - AGV分配局部搜索成功！完工时间从 2057.00 降低到 2054.00，改进: 3.00 (0.15%)
2025-04-08 15:00:45,231 - DEBUG - 执行AGV分配局部搜索，当前完工时间: 1898.00
2025-04-08 15:00:45,235 - DEBUG - 局部搜索未能改进当前解
2025-04-08 15:00:45,238 - DEBUG - 执行AGV分配局部搜索，当前完工时间: 1898.00
2025-04-08 15:00:45,242 - DEBUG - 局部搜索未能改进当前解
2025-04-08 15:00:45,245 - DEBUG - 执行AGV分配局部搜索，当前完工时间: 1882.00
2025-04-08 15:00:45,249 - DEBUG - 局部搜索未能改进当前解
2025-04-08 15:00:45,252 - DEBUG - 执行AGV分配局部搜索，当前完工时间: 1922.00
2025-04-08 15:00:45,256 - DEBUG - 局部搜索未能改进当前解
2025-04-08 15:00:45,260 - DEBUG - 执行AGV分配局部搜索，当前完工时间: 1913.00
2025-04-08 15:00:45,264 - DEBUG - 局部搜索未能改进当前解
2025-04-08 15:00:45,268 - DEBUG - 执行AGV分配局部搜索，当前完工时间: 1862.00
2025-04-08 15:00:45,272 - DEBUG - 局部搜索未能改进当前解
2025-04-08 15:00:45,276 - DEBUG - 执行AGV分配局部搜索，当前完工时间: 1912.00
2025-04-08 15:00:45,279 - DEBUG - 局部搜索未能改进当前解
2025-04-08 15:00:45,283 - DEBUG - 执行AGV分配局部搜索，当前完工时间: 1924.00
2025-04-08 15:00:45,287 - DEBUG - 局部搜索未能改进当前解
2025-04-08 15:00:45,291 - DEBUG - 执行AGV分配局部搜索，当前完工时间: 1999.00
2025-04-08 15:00:45,295 - DEBUG - 局部搜索未能改进当前解
2025-04-08 15:00:45,299 - DEBUG - 执行AGV分配局部搜索，当前完工时间: 1924.00
2025-04-08 15:00:45,303 - DEBUG - 局部搜索未能改进当前解
2025-04-08 15:00:45,306 - DEBUG - 执行AGV分配局部搜索，当前完工时间: 1902.00
2025-04-08 15:00:45,310 - DEBUG - 局部搜索未能改进当前解
2025-04-08 15:00:45,314 - DEBUG - 执行AGV分配局部搜索，当前完工时间: 1934.00
2025-04-08 15:00:45,318 - DEBUG - 局部搜索未能改进当前解
2025-04-08 15:00:45,322 - DEBUG - 执行AGV分配局部搜索，当前完工时间: 1869.00
2025-04-08 15:00:45,325 - DEBUG - 局部搜索未能改进当前解
2025-04-08 15:00:45,330 - DEBUG - 执行AGV分配局部搜索，当前完工时间: 1890.00
2025-04-08 15:00:45,334 - DEBUG - AGV分配局部搜索成功！完工时间从 1890.00 降低到 1881.00，改进: 9.00 (0.48%)
2025-04-08 15:00:45,338 - DEBUG - 执行AGV分配局部搜索，当前完工时间: 1887.00
2025-04-08 15:00:45,341 - DEBUG - 局部搜索未能改进当前解
2025-04-08 15:00:45,345 - DEBUG - 执行AGV分配局部搜索，当前完工时间: 1896.00
2025-04-08 15:00:45,349 - DEBUG - 局部搜索未能改进当前解
2025-04-08 15:00:45,353 - DEBUG - 执行AGV分配局部搜索，当前完工时间: 1920.00
2025-04-08 15:00:45,357 - DEBUG - 局部搜索未能改进当前解
2025-04-08 15:00:45,362 - DEBUG - 执行AGV分配局部搜索，当前完工时间: 1964.00
2025-04-08 15:00:45,366 - DEBUG - 局部搜索未能改进当前解
2025-04-08 15:00:45,370 - DEBUG - 执行AGV分配局部搜索，当前完工时间: 1853.00
2025-04-08 15:00:45,373 - DEBUG - 局部搜索未能改进当前解
2025-04-08 15:00:45,376 - DEBUG - 执行AGV分配局部搜索，当前完工时间: 1898.00
2025-04-08 15:00:45,381 - DEBUG - 局部搜索未能改进当前解
2025-04-08 15:00:45,385 - DEBUG - 执行AGV分配局部搜索，当前完工时间: 1922.00
2025-04-08 15:00:45,388 - DEBUG - 局部搜索未能改进当前解
2025-04-08 15:00:45,393 - DEBUG - 执行AGV分配局部搜索，当前完工时间: 1831.00
2025-04-08 15:00:45,397 - DEBUG - 局部搜索未能改进当前解
2025-04-08 15:00:45,402 - DEBUG - 执行AGV分配局部搜索，当前完工时间: 1968.00
2025-04-08 15:00:45,405 - DEBUG - 局部搜索未能改进当前解
2025-04-08 15:00:45,409 - DEBUG - 执行AGV分配局部搜索，当前完工时间: 1903.00
2025-04-08 15:00:45,413 - DEBUG - 局部搜索未能改进当前解
2025-04-08 15:00:45,417 - DEBUG - 执行AGV分配局部搜索，当前完工时间: 1851.00
2025-04-08 15:00:45,421 - DEBUG - 局部搜索未能改进当前解
2025-04-08 15:00:45,425 - DEBUG - 执行AGV分配局部搜索，当前完工时间: 1871.00
2025-04-08 15:00:45,430 - DEBUG - AGV分配局部搜索成功！完工时间从 1871.00 降低到 1849.00，改进: 22.00 (1.18%)
2025-04-08 15:00:45,434 - DEBUG - 执行AGV分配局部搜索，当前完工时间: 2094.00
2025-04-08 15:00:45,438 - DEBUG - 局部搜索未能改进当前解
2025-04-08 15:00:45,441 - DEBUG - 执行AGV分配局部搜索，当前完工时间: 1936.00
2025-04-08 15:00:45,445 - DEBUG - 局部搜索未能改进当前解
2025-04-08 15:00:45,450 - DEBUG - 执行AGV分配局部搜索，当前完工时间: 1912.00
2025-04-08 15:00:45,454 - DEBUG - 局部搜索未能改进当前解
2025-04-08 15:00:45,459 - DEBUG - 执行AGV分配局部搜索，当前完工时间: 1922.00
2025-04-08 15:00:45,462 - DEBUG - 局部搜索未能改进当前解
2025-04-08 15:00:45,467 - DEBUG - 执行AGV分配局部搜索，当前完工时间: 1835.00
2025-04-08 15:00:45,470 - DEBUG - 局部搜索未能改进当前解
2025-04-08 15:00:45,474 - DEBUG - 执行AGV分配局部搜索，当前完工时间: 1886.00
2025-04-08 15:00:45,479 - DEBUG - 局部搜索未能改进当前解
2025-04-08 15:00:45,482 - DEBUG - 执行AGV分配局部搜索，当前完工时间: 1918.00
2025-04-08 15:00:45,486 - DEBUG - 局部搜索未能改进当前解
2025-04-08 15:00:45,491 - DEBUG - 执行AGV分配局部搜索，当前完工时间: 1920.00
2025-04-08 15:00:45,494 - DEBUG - 局部搜索未能改进当前解
2025-04-08 15:00:45,499 - DEBUG - 执行AGV分配局部搜索，当前完工时间: 1881.00
2025-04-08 15:00:45,503 - DEBUG - 局部搜索未能改进当前解
2025-04-08 15:00:45,507 - DEBUG - 执行AGV分配局部搜索，当前完工时间: 1875.00
2025-04-08 15:00:45,510 - DEBUG - 局部搜索未能改进当前解
2025-04-08 15:00:45,514 - DEBUG - 执行AGV分配局部搜索，当前完工时间: 1921.00
2025-04-08 15:00:45,519 - DEBUG - 局部搜索未能改进当前解
2025-04-08 15:00:45,527 - DEBUG - 执行AGV分配局部搜索，当前完工时间: 1946.00
2025-04-08 15:00:45,532 - DEBUG - 局部搜索未能改进当前解
2025-04-08 15:00:45,536 - DEBUG - 执行AGV分配局部搜索，当前完工时间: 1864.00
2025-04-08 15:00:45,539 - DEBUG - 局部搜索未能改进当前解
2025-04-08 15:00:45,544 - DEBUG - 执行AGV分配局部搜索，当前完工时间: 1898.00
2025-04-08 15:00:45,549 - DEBUG - 局部搜索未能改进当前解
2025-04-08 15:00:45,552 - DEBUG - 执行AGV分配局部搜索，当前完工时间: 1882.00
2025-04-08 15:00:45,556 - DEBUG - 局部搜索未能改进当前解
2025-04-08 15:00:45,560 - DEBUG - 执行AGV分配局部搜索，当前完工时间: 1894.00
2025-04-08 15:00:45,564 - DEBUG - 局部搜索未能改进当前解
2025-04-08 15:00:45,568 - DEBUG - 执行AGV分配局部搜索，当前完工时间: 2052.00
2025-04-08 15:00:45,572 - DEBUG - 局部搜索未能改进当前解
2025-04-08 15:00:45,576 - DEBUG - 执行AGV分配局部搜索，当前完工时间: 1861.00
2025-04-08 15:00:45,580 - DEBUG - 局部搜索未能改进当前解
2025-04-08 15:00:45,584 - DEBUG - 执行AGV分配局部搜索，当前完工时间: 1904.00
2025-04-08 15:00:45,588 - DEBUG - 局部搜索未能改进当前解
2025-04-08 15:00:45,592 - DEBUG - 执行AGV分配局部搜索，当前完工时间: 1918.00
2025-04-08 15:00:45,595 - DEBUG - 局部搜索未能改进当前解
2025-04-08 15:00:45,600 - DEBUG - 执行AGV分配局部搜索，当前完工时间: 1918.00
2025-04-08 15:00:45,604 - DEBUG - 局部搜索未能改进当前解
2025-04-08 15:00:45,608 - DEBUG - 执行AGV分配局部搜索，当前完工时间: 1889.00
2025-04-08 15:00:45,612 - DEBUG - 局部搜索未能改进当前解
2025-04-08 15:00:45,615 - DEBUG - 执行AGV分配局部搜索，当前完工时间: 1926.00
2025-04-08 15:00:45,620 - DEBUG - 局部搜索未能改进当前解
2025-04-08 15:00:45,624 - DEBUG - 执行AGV分配局部搜索，当前完工时间: 1944.00
2025-04-08 15:00:45,626 - DEBUG - 局部搜索未能改进当前解
2025-04-08 15:00:45,631 - DEBUG - 执行AGV分配局部搜索，当前完工时间: 1871.00
2025-04-08 15:00:45,635 - DEBUG - AGV分配局部搜索成功！完工时间从 1871.00 降低到 1849.00，改进: 22.00 (1.18%)
2025-04-08 15:00:45,638 - DEBUG - 执行AGV分配局部搜索，当前完工时间: 1875.00
2025-04-08 15:00:45,643 - DEBUG - AGV分配局部搜索成功！完工时间从 1875.00 降低到 1874.00，改进: 1.00 (0.05%)
2025-04-08 15:00:45,647 - DEBUG - 执行AGV分配局部搜索，当前完工时间: 1982.00
2025-04-08 15:00:45,650 - DEBUG - 局部搜索未能改进当前解
2025-04-08 15:00:45,654 - DEBUG - 执行AGV分配局部搜索，当前完工时间: 1915.00
2025-04-08 15:00:45,658 - DEBUG - 局部搜索未能改进当前解
2025-04-08 15:00:45,662 - DEBUG - 执行AGV分配局部搜索，当前完工时间: 1951.00
2025-04-08 15:00:45,666 - DEBUG - 局部搜索未能改进当前解
2025-04-08 15:00:45,671 - DEBUG - 执行AGV分配局部搜索，当前完工时间: 1960.00
2025-04-08 15:00:45,674 - DEBUG - 局部搜索未能改进当前解
2025-04-08 15:00:45,678 - DEBUG - 执行AGV分配局部搜索，当前完工时间: 1952.00
2025-04-08 15:00:45,682 - DEBUG - 局部搜索未能改进当前解
2025-04-08 15:00:45,682 - DEBUG - ==================================================
2025-04-08 15:00:45,682 - DEBUG - Efficiency Statistics of Local Search :
2025-04-08 15:00:45,682 - DEBUG - Number of attempts: 99
2025-04-08 15:00:45,682 - DEBUG - Average Success Rate: 11.11%
2025-04-08 15:00:45,682 - DEBUG - AGV Local Search Success: 11，Average Improvement: 21.73
2025-04-08 15:00:45,688 - DEBUG - 执行AGV分配局部搜索，当前完工时间: 1966.00
2025-04-08 15:00:45,691 - DEBUG - 局部搜索未能改进当前解
2025-04-08 15:00:45,695 - DEBUG - 执行AGV分配局部搜索，当前完工时间: 1890.00
2025-04-08 15:00:45,700 - DEBUG - 局部搜索未能改进当前解
2025-04-08 15:00:45,704 - DEBUG - 执行AGV分配局部搜索，当前完工时间: 1931.00
2025-04-08 15:00:45,708 - DEBUG - 局部搜索未能改进当前解
2025-04-08 15:00:45,712 - DEBUG - 执行AGV分配局部搜索，当前完工时间: 1859.00
2025-04-08 15:00:45,716 - DEBUG - 局部搜索未能改进当前解
2025-04-08 15:00:45,720 - DEBUG - 执行AGV分配局部搜索，当前完工时间: 1921.00
2025-04-08 15:00:45,724 - DEBUG - 局部搜索未能改进当前解
2025-04-08 15:00:45,728 - DEBUG - 执行AGV分配局部搜索，当前完工时间: 1853.00
2025-04-08 15:00:45,731 - DEBUG - 局部搜索未能改进当前解
2025-04-08 15:00:45,735 - DEBUG - 执行AGV分配局部搜索，当前完工时间: 1929.00
2025-04-08 15:00:45,740 - DEBUG - 局部搜索未能改进当前解
2025-04-08 15:00:45,744 - DEBUG - 执行AGV分配局部搜索，当前完工时间: 1986.00
2025-04-08 15:00:45,747 - DEBUG - 局部搜索未能改进当前解
2025-04-08 15:00:45,752 - DEBUG - 执行AGV分配局部搜索，当前完工时间: 1925.00
2025-04-08 15:00:45,757 - DEBUG - 局部搜索未能改进当前解
2025-04-08 15:00:45,760 - DEBUG - 执行AGV分配局部搜索，当前完工时间: 1935.00
2025-04-08 15:00:45,764 - DEBUG - 局部搜索未能改进当前解
2025-04-08 15:00:45,768 - DEBUG - 执行AGV分配局部搜索，当前完工时间: 1857.00
2025-04-08 15:00:45,772 - DEBUG - 局部搜索未能改进当前解
2025-04-08 15:00:45,776 - DEBUG - 执行AGV分配局部搜索，当前完工时间: 1948.00
2025-04-08 15:00:45,781 - DEBUG - AGV分配局部搜索成功！完工时间从 1948.00 降低到 1936.00，改进: 12.00 (0.62%)
2025-04-08 15:00:45,785 - DEBUG - 执行AGV分配局部搜索，当前完工时间: 1893.00
2025-04-08 15:00:45,790 - DEBUG - 局部搜索未能改进当前解
2025-04-08 15:00:45,793 - DEBUG - 执行AGV分配局部搜索，当前完工时间: 2083.00
2025-04-08 15:00:45,797 - DEBUG - 局部搜索未能改进当前解
2025-04-08 15:00:45,801 - DEBUG - 执行AGV分配局部搜索，当前完工时间: 1862.00
2025-04-08 15:00:45,804 - DEBUG - 局部搜索未能改进当前解
2025-04-08 15:00:45,809 - DEBUG - 执行AGV分配局部搜索，当前完工时间: 2027.00
2025-04-08 15:00:45,812 - DEBUG - 局部搜索未能改进当前解
2025-04-08 15:00:45,816 - DEBUG - 执行AGV分配局部搜索，当前完工时间: 1982.00
2025-04-08 15:00:45,820 - DEBUG - 局部搜索未能改进当前解
2025-04-08 15:00:45,824 - DEBUG - 执行AGV分配局部搜索，当前完工时间: 1961.00
2025-04-08 15:00:45,828 - DEBUG - 局部搜索未能改进当前解
2025-04-08 15:00:45,832 - DEBUG - 执行AGV分配局部搜索，当前完工时间: 1850.00
2025-04-08 15:00:45,836 - DEBUG - 局部搜索未能改进当前解
2025-04-08 15:00:45,840 - DEBUG - 执行AGV分配局部搜索，当前完工时间: 1895.00
2025-04-08 15:00:45,844 - DEBUG - 局部搜索未能改进当前解
2025-04-08 15:00:45,848 - DEBUG - 执行AGV分配局部搜索，当前完工时间: 1866.00
2025-04-08 15:00:45,851 - DEBUG - 局部搜索未能改进当前解
2025-04-08 15:00:45,856 - DEBUG - 执行AGV分配局部搜索，当前完工时间: 1879.00
2025-04-08 15:00:45,859 - DEBUG - 局部搜索未能改进当前解
2025-04-08 15:00:45,863 - DEBUG - 执行AGV分配局部搜索，当前完工时间: 1850.00
2025-04-08 15:00:45,867 - DEBUG - 局部搜索未能改进当前解
2025-04-08 15:00:45,871 - DEBUG - 执行AGV分配局部搜索，当前完工时间: 1954.00
2025-04-08 15:00:45,874 - DEBUG - AGV分配局部搜索成功！完工时间从 1954.00 降低到 1930.00，改进: 24.00 (1.23%)
2025-04-08 15:00:45,879 - DEBUG - 执行AGV分配局部搜索，当前完工时间: 1881.00
2025-04-08 15:00:45,883 - DEBUG - 局部搜索未能改进当前解
2025-04-08 15:00:45,887 - DEBUG - 执行AGV分配局部搜索，当前完工时间: 1881.00
2025-04-08 15:00:45,891 - DEBUG - 局部搜索未能改进当前解
2025-04-08 15:00:45,894 - DEBUG - 执行AGV分配局部搜索，当前完工时间: 1871.00
2025-04-08 15:00:45,897 - DEBUG - 局部搜索未能改进当前解
2025-04-08 15:00:45,902 - DEBUG - 执行AGV分配局部搜索，当前完工时间: 1896.00
2025-04-08 15:00:45,906 - DEBUG - 局部搜索未能改进当前解
2025-04-08 15:00:45,909 - DEBUG - 执行AGV分配局部搜索，当前完工时间: 1871.00
2025-04-08 15:00:45,914 - DEBUG - 局部搜索未能改进当前解
2025-04-08 15:00:45,916 - DEBUG - 执行AGV分配局部搜索，当前完工时间: 1893.00
2025-04-08 15:00:45,921 - DEBUG - 局部搜索未能改进当前解
2025-04-08 15:00:45,925 - DEBUG - 执行AGV分配局部搜索，当前完工时间: 1886.00
2025-04-08 15:00:45,929 - DEBUG - 局部搜索未能改进当前解
2025-04-08 15:00:45,933 - DEBUG - 执行AGV分配局部搜索，当前完工时间: 1837.00
2025-04-08 15:00:45,937 - DEBUG - 局部搜索未能改进当前解
2025-04-08 15:00:45,942 - DEBUG - 执行AGV分配局部搜索，当前完工时间: 1972.00
2025-04-08 15:00:45,946 - DEBUG - 局部搜索未能改进当前解
2025-04-08 15:00:45,949 - DEBUG - 执行AGV分配局部搜索，当前完工时间: 1897.00
2025-04-08 15:00:45,953 - DEBUG - 局部搜索未能改进当前解
2025-04-08 15:00:45,959 - DEBUG - 执行AGV分配局部搜索，当前完工时间: 1968.00
2025-04-08 15:00:45,964 - DEBUG - 局部搜索未能改进当前解
2025-04-08 15:00:45,968 - DEBUG - 执行AGV分配局部搜索，当前完工时间: 1894.00
2025-04-08 15:00:45,970 - DEBUG - AGV分配局部搜索成功！完工时间从 1894.00 降低到 1891.00，改进: 3.00 (0.16%)
2025-04-08 15:00:45,974 - DEBUG - 执行AGV分配局部搜索，当前完工时间: 1924.00
2025-04-08 15:00:45,979 - DEBUG - 局部搜索未能改进当前解
2025-04-08 15:00:45,983 - DEBUG - 执行AGV分配局部搜索，当前完工时间: 1903.00
2025-04-08 15:00:45,987 - DEBUG - 局部搜索未能改进当前解
2025-04-08 15:00:45,990 - DEBUG - 执行AGV分配局部搜索，当前完工时间: 1918.00
2025-04-08 15:00:45,994 - DEBUG - 局部搜索未能改进当前解
2025-04-08 15:00:45,997 - DEBUG - 执行AGV分配局部搜索，当前完工时间: 1888.00
2025-04-08 15:00:46,001 - DEBUG - 局部搜索未能改进当前解
2025-04-08 15:00:46,006 - DEBUG - 执行AGV分配局部搜索，当前完工时间: 1871.00
2025-04-08 15:00:46,009 - DEBUG - 局部搜索未能改进当前解
2025-04-08 15:00:46,012 - DEBUG - 执行AGV分配局部搜索，当前完工时间: 2011.00
2025-04-08 15:00:46,016 - DEBUG - 局部搜索未能改进当前解
2025-04-08 15:00:46,021 - DEBUG - 执行AGV分配局部搜索，当前完工时间: 1936.00
2025-04-08 15:00:46,024 - DEBUG - 局部搜索未能改进当前解
2025-04-08 15:00:46,029 - DEBUG - 执行AGV分配局部搜索，当前完工时间: 1906.00
2025-04-08 15:00:46,032 - DEBUG - 局部搜索未能改进当前解
2025-04-08 15:00:46,036 - DEBUG - 执行AGV分配局部搜索，当前完工时间: 1850.00
2025-04-08 15:00:46,040 - DEBUG - AGV分配局部搜索成功！完工时间从 1850.00 降低到 1829.00，改进: 21.00 (1.14%)
2025-04-08 15:00:46,043 - DEBUG - 执行AGV分配局部搜索，当前完工时间: 1944.00
2025-04-08 15:00:46,046 - DEBUG - 局部搜索未能改进当前解
2025-04-08 15:00:46,051 - DEBUG - 执行AGV分配局部搜索，当前完工时间: 2238.00
2025-04-08 15:00:46,055 - DEBUG - 局部搜索未能改进当前解
2025-04-08 15:00:46,059 - DEBUG - 执行AGV分配局部搜索，当前完工时间: 2034.00
2025-04-08 15:00:46,062 - DEBUG - 局部搜索未能改进当前解
2025-04-08 15:00:46,067 - DEBUG - 执行AGV分配局部搜索，当前完工时间: 2124.00
2025-04-08 15:00:46,070 - DEBUG - AGV分配局部搜索成功！完工时间从 2124.00 降低到 2103.00，改进: 21.00 (0.99%)
2025-04-08 15:00:46,074 - DEBUG - 执行AGV分配局部搜索，当前完工时间: 1884.00
2025-04-08 15:00:46,078 - DEBUG - 局部搜索未能改进当前解
2025-04-08 15:00:46,082 - DEBUG - 执行AGV分配局部搜索，当前完工时间: 1974.00
2025-04-08 15:00:46,086 - DEBUG - 局部搜索未能改进当前解
2025-04-08 15:00:46,089 - DEBUG - 执行AGV分配局部搜索，当前完工时间: 1901.00
2025-04-08 15:00:46,094 - DEBUG - 局部搜索未能改进当前解
2025-04-08 15:00:46,097 - DEBUG - 执行AGV分配局部搜索，当前完工时间: 1989.00
2025-04-08 15:00:46,102 - DEBUG - 局部搜索未能改进当前解
2025-04-08 15:00:46,106 - DEBUG - 执行AGV分配局部搜索，当前完工时间: 1966.00
2025-04-08 15:00:46,109 - DEBUG - AGV分配局部搜索成功！完工时间从 1966.00 降低到 1964.00，改进: 2.00 (0.10%)
2025-04-08 15:00:46,113 - DEBUG - 执行AGV分配局部搜索，当前完工时间: 1929.00
2025-04-08 15:00:46,116 - DEBUG - 局部搜索未能改进当前解
2025-04-08 15:00:46,120 - DEBUG - 执行AGV分配局部搜索，当前完工时间: 1851.00
2025-04-08 15:00:46,124 - DEBUG - 局部搜索未能改进当前解
2025-04-08 15:00:46,128 - DEBUG - 执行AGV分配局部搜索，当前完工时间: 1903.00
2025-04-08 15:00:46,131 - DEBUG - AGV分配局部搜索成功！完工时间从 1903.00 降低到 1878.00，改进: 25.00 (1.31%)
2025-04-08 15:00:46,136 - DEBUG - 执行AGV分配局部搜索，当前完工时间: 1863.00
2025-04-08 15:00:46,139 - DEBUG - 局部搜索未能改进当前解
2025-04-08 15:00:46,144 - DEBUG - 执行AGV分配局部搜索，当前完工时间: 2014.00
2025-04-08 15:00:46,147 - DEBUG - 局部搜索未能改进当前解
2025-04-08 15:00:46,151 - DEBUG - 执行AGV分配局部搜索，当前完工时间: 1902.00
2025-04-08 15:00:46,155 - DEBUG - AGV分配局部搜索成功！完工时间从 1902.00 降低到 1900.00，改进: 2.00 (0.11%)
2025-04-08 15:00:46,159 - DEBUG - 执行AGV分配局部搜索，当前完工时间: 1851.00
2025-04-08 15:00:46,162 - DEBUG - 局部搜索未能改进当前解
2025-04-08 15:00:46,166 - DEBUG - 执行AGV分配局部搜索，当前完工时间: 1937.00
2025-04-08 15:00:46,170 - DEBUG - 局部搜索未能改进当前解
2025-04-08 15:00:46,173 - DEBUG - 执行AGV分配局部搜索，当前完工时间: 1875.00
2025-04-08 15:00:46,176 - DEBUG - 局部搜索未能改进当前解
2025-04-08 15:00:46,182 - DEBUG - 执行AGV分配局部搜索，当前完工时间: 1944.00
2025-04-08 15:00:46,185 - DEBUG - 局部搜索未能改进当前解
2025-04-08 15:00:46,188 - DEBUG - 执行AGV分配局部搜索，当前完工时间: 1917.00
2025-04-08 15:00:46,192 - DEBUG - 局部搜索未能改进当前解
2025-04-08 15:00:46,195 - DEBUG - 执行AGV分配局部搜索，当前完工时间: 1905.00
2025-04-08 15:00:46,199 - DEBUG - 局部搜索未能改进当前解
2025-04-08 15:00:46,203 - DEBUG - 执行AGV分配局部搜索，当前完工时间: 1951.00
2025-04-08 15:00:46,206 - DEBUG - AGV分配局部搜索成功！完工时间从 1951.00 降低到 1947.00，改进: 4.00 (0.21%)
2025-04-08 15:00:46,209 - DEBUG - 执行AGV分配局部搜索，当前完工时间: 1948.00
2025-04-08 15:00:46,213 - DEBUG - 局部搜索未能改进当前解
2025-04-08 15:00:46,216 - DEBUG - 执行AGV分配局部搜索，当前完工时间: 1916.00
2025-04-08 15:00:46,220 - DEBUG - 局部搜索未能改进当前解
2025-04-08 15:00:46,223 - DEBUG - 执行AGV分配局部搜索，当前完工时间: 1915.00
2025-04-08 15:00:46,226 - DEBUG - 局部搜索未能改进当前解
2025-04-08 15:00:46,231 - DEBUG - 执行AGV分配局部搜索，当前完工时间: 1893.00
2025-04-08 15:00:46,234 - DEBUG - 局部搜索未能改进当前解
2025-04-08 15:00:46,237 - DEBUG - 执行AGV分配局部搜索，当前完工时间: 1911.00
2025-04-08 15:00:46,241 - DEBUG - 局部搜索未能改进当前解
2025-04-08 15:00:46,245 - DEBUG - 执行AGV分配局部搜索，当前完工时间: 1981.00
2025-04-08 15:00:46,249 - DEBUG - AGV分配局部搜索成功！完工时间从 1981.00 降低到 1977.00，改进: 4.00 (0.20%)
2025-04-08 15:00:46,252 - DEBUG - 执行AGV分配局部搜索，当前完工时间: 1909.00
2025-04-08 15:00:46,256 - DEBUG - 局部搜索未能改进当前解
2025-04-08 15:00:46,259 - DEBUG - 执行AGV分配局部搜索，当前完工时间: 1941.00
2025-04-08 15:00:46,263 - DEBUG - 局部搜索未能改进当前解
2025-04-08 15:00:46,267 - DEBUG - 执行AGV分配局部搜索，当前完工时间: 1888.00
2025-04-08 15:00:46,270 - DEBUG - 局部搜索未能改进当前解
2025-04-08 15:00:46,274 - DEBUG - 执行AGV分配局部搜索，当前完工时间: 1971.00
2025-04-08 15:00:46,278 - DEBUG - 局部搜索未能改进当前解
2025-04-08 15:00:46,281 - DEBUG - 执行AGV分配局部搜索，当前完工时间: 1897.00
2025-04-08 15:00:46,286 - DEBUG - 局部搜索未能改进当前解
2025-04-08 15:00:46,290 - DEBUG - 执行AGV分配局部搜索，当前完工时间: 1990.00
2025-04-08 15:00:46,293 - DEBUG - 局部搜索未能改进当前解
2025-04-08 15:00:46,297 - DEBUG - 执行AGV分配局部搜索，当前完工时间: 1873.00
2025-04-08 15:00:46,301 - DEBUG - 局部搜索未能改进当前解
2025-04-08 15:00:46,305 - DEBUG - 执行AGV分配局部搜索，当前完工时间: 2028.00
2025-04-08 15:00:46,308 - DEBUG - 局部搜索未能改进当前解
2025-04-08 15:00:46,312 - DEBUG - 执行AGV分配局部搜索，当前完工时间: 1879.00
2025-04-08 15:00:46,316 - DEBUG - 局部搜索未能改进当前解
2025-04-08 15:00:46,321 - DEBUG - 执行AGV分配局部搜索，当前完工时间: 2105.00
2025-04-08 15:00:46,324 - DEBUG - 局部搜索未能改进当前解
2025-04-08 15:00:46,329 - DEBUG - 执行AGV分配局部搜索，当前完工时间: 1901.00
2025-04-08 15:00:46,331 - DEBUG - 局部搜索未能改进当前解
2025-04-08 15:00:46,336 - DEBUG - 执行AGV分配局部搜索，当前完工时间: 1944.00
2025-04-08 15:00:46,340 - DEBUG - 局部搜索未能改进当前解
2025-04-08 15:00:46,343 - DEBUG - 执行AGV分配局部搜索，当前完工时间: 2030.00
2025-04-08 15:00:46,347 - DEBUG - 局部搜索未能改进当前解
2025-04-08 15:00:46,351 - DEBUG - 执行AGV分配局部搜索，当前完工时间: 1907.00
2025-04-08 15:00:46,355 - DEBUG - AGV分配局部搜索成功！完工时间从 1907.00 降低到 1896.00，改进: 11.00 (0.58%)
2025-04-08 15:00:46,361 - DEBUG - 执行AGV分配局部搜索，当前完工时间: 1903.00
2025-04-08 15:00:46,365 - DEBUG - 局部搜索未能改进当前解
2025-04-08 15:00:46,369 - DEBUG - 执行AGV分配局部搜索，当前完工时间: 1952.00
2025-04-08 15:00:46,372 - DEBUG - 局部搜索未能改进当前解
2025-04-08 15:00:46,377 - DEBUG - 执行AGV分配局部搜索，当前完工时间: 1884.00
2025-04-08 15:00:46,380 - DEBUG - AGV分配局部搜索成功！完工时间从 1884.00 降低到 1873.00，改进: 11.00 (0.58%)
2025-04-08 15:00:46,384 - DEBUG - 执行AGV分配局部搜索，当前完工时间: 1894.00
2025-04-08 15:00:46,388 - DEBUG - AGV分配局部搜索成功！完工时间从 1894.00 降低到 1891.00，改进: 3.00 (0.16%)
2025-04-08 15:00:46,392 - DEBUG - 执行AGV分配局部搜索，当前完工时间: 1931.00
2025-04-08 15:00:46,396 - DEBUG - 局部搜索未能改进当前解
2025-04-08 15:00:46,401 - DEBUG - 执行AGV分配局部搜索，当前完工时间: 1977.00
2025-04-08 15:00:46,405 - DEBUG - 局部搜索未能改进当前解
2025-04-08 15:00:46,408 - DEBUG - 执行AGV分配局部搜索，当前完工时间: 1899.00
2025-04-08 15:00:46,411 - DEBUG - 局部搜索未能改进当前解
2025-04-08 15:00:46,416 - DEBUG - 执行AGV分配局部搜索，当前完工时间: 1959.00
2025-04-08 15:00:46,420 - DEBUG - 局部搜索未能改进当前解
2025-04-08 15:00:46,423 - DEBUG - 执行AGV分配局部搜索，当前完工时间: 1924.00
2025-04-08 15:00:46,426 - DEBUG - AGV分配局部搜索成功！完工时间从 1924.00 降低到 1876.00，改进: 48.00 (2.49%)
2025-04-08 15:00:46,431 - DEBUG - 执行AGV分配局部搜索，当前完工时间: 1906.00
2025-04-08 15:00:46,436 - DEBUG - 局部搜索未能改进当前解
2025-04-08 15:00:46,440 - DEBUG - 执行AGV分配局部搜索，当前完工时间: 2015.00
2025-04-08 15:00:46,443 - DEBUG - AGV分配局部搜索成功！完工时间从 2015.00 降低到 2011.00，改进: 4.00 (0.20%)
2025-04-08 15:00:46,446 - DEBUG - 执行AGV分配局部搜索，当前完工时间: 1924.00
2025-04-08 15:00:46,450 - DEBUG - 局部搜索未能改进当前解
2025-04-08 15:00:46,450 - DEBUG - ==================================================
2025-04-08 15:00:46,450 - DEBUG - Efficiency Statistics of Local Search :
2025-04-08 15:00:46,450 - DEBUG - Number of attempts: 99
2025-04-08 15:00:46,450 - DEBUG - Average Success Rate: 15.15%
2025-04-08 15:00:46,450 - DEBUG - AGV Local Search Success: 15，Average Improvement: 13.00
2025-04-08 15:00:46,455 - DEBUG - 执行AGV分配局部搜索，当前完工时间: 1930.00
2025-04-08 15:00:46,459 - DEBUG - 局部搜索未能改进当前解
2025-04-08 15:00:46,462 - DEBUG - 执行AGV分配局部搜索，当前完工时间: 1864.00
2025-04-08 15:00:46,467 - DEBUG - 局部搜索未能改进当前解
2025-04-08 15:00:46,470 - DEBUG - 执行AGV分配局部搜索，当前完工时间: 1940.00
2025-04-08 15:00:46,474 - DEBUG - 局部搜索未能改进当前解
2025-04-08 15:00:46,478 - DEBUG - 执行AGV分配局部搜索，当前完工时间: 1883.00
2025-04-08 15:00:46,482 - DEBUG - 局部搜索未能改进当前解
2025-04-08 15:00:46,486 - DEBUG - 执行AGV分配局部搜索，当前完工时间: 1924.00
2025-04-08 15:00:46,488 - DEBUG - AGV分配局部搜索成功！完工时间从 1924.00 降低到 1914.00，改进: 10.00 (0.52%)
2025-04-08 15:00:46,493 - DEBUG - 执行AGV分配局部搜索，当前完工时间: 1835.00
2025-04-08 15:00:46,497 - DEBUG - 局部搜索未能改进当前解
2025-04-08 15:00:46,500 - DEBUG - 执行AGV分配局部搜索，当前完工时间: 1891.00
2025-04-08 15:00:46,504 - DEBUG - 局部搜索未能改进当前解
2025-04-08 15:00:46,508 - DEBUG - 执行AGV分配局部搜索，当前完工时间: 1879.00
2025-04-08 15:00:46,512 - DEBUG - 局部搜索未能改进当前解
2025-04-08 15:00:46,515 - DEBUG - 执行AGV分配局部搜索，当前完工时间: 1977.00
2025-04-08 15:00:46,520 - DEBUG - AGV分配局部搜索成功！完工时间从 1977.00 降低到 1943.00，改进: 34.00 (1.72%)
2025-04-08 15:00:46,523 - DEBUG - 执行AGV分配局部搜索，当前完工时间: 1954.00
2025-04-08 15:00:46,526 - DEBUG - 局部搜索未能改进当前解
2025-04-08 15:00:46,531 - DEBUG - 执行AGV分配局部搜索，当前完工时间: 1965.00
2025-04-08 15:00:46,535 - DEBUG - 局部搜索未能改进当前解
2025-04-08 15:00:46,539 - DEBUG - 执行AGV分配局部搜索，当前完工时间: 1963.00
2025-04-08 15:00:46,542 - DEBUG - 局部搜索未能改进当前解
2025-04-08 15:00:46,546 - DEBUG - 执行AGV分配局部搜索，当前完工时间: 1850.00
2025-04-08 15:00:46,550 - DEBUG - 局部搜索未能改进当前解
2025-04-08 15:00:46,554 - DEBUG - 执行AGV分配局部搜索，当前完工时间: 1848.00
2025-04-08 15:00:46,557 - DEBUG - AGV分配局部搜索成功！完工时间从 1848.00 降低到 1822.00，改进: 26.00 (1.41%)
2025-04-08 15:00:46,561 - DEBUG - 执行AGV分配局部搜索，当前完工时间: 1917.00
2025-04-08 15:00:46,565 - DEBUG - 局部搜索未能改进当前解
2025-04-08 15:00:46,569 - DEBUG - 执行AGV分配局部搜索，当前完工时间: 1906.00
2025-04-08 15:00:46,573 - DEBUG - 局部搜索未能改进当前解
2025-04-08 15:00:46,577 - DEBUG - 执行AGV分配局部搜索，当前完工时间: 1821.00
2025-04-08 15:00:46,581 - DEBUG - 局部搜索未能改进当前解
2025-04-08 15:00:46,584 - DEBUG - 执行AGV分配局部搜索，当前完工时间: 1982.00
2025-04-08 15:00:46,587 - DEBUG - 局部搜索未能改进当前解
2025-04-08 15:00:46,592 - DEBUG - 执行AGV分配局部搜索，当前完工时间: 1929.00
2025-04-08 15:00:46,595 - DEBUG - 局部搜索未能改进当前解
2025-04-08 15:00:46,599 - DEBUG - 执行AGV分配局部搜索，当前完工时间: 1880.00
2025-04-08 15:00:46,602 - DEBUG - 局部搜索未能改进当前解
2025-04-08 15:00:46,606 - DEBUG - 执行AGV分配局部搜索，当前完工时间: 1895.00
2025-04-08 15:00:46,611 - DEBUG - 局部搜索未能改进当前解
2025-04-08 15:00:46,615 - DEBUG - 执行AGV分配局部搜索，当前完工时间: 1978.00
2025-04-08 15:00:46,619 - DEBUG - 局部搜索未能改进当前解
2025-04-08 15:00:46,623 - DEBUG - 执行AGV分配局部搜索，当前完工时间: 1900.00
2025-04-08 15:00:46,626 - DEBUG - 局部搜索未能改进当前解
2025-04-08 15:00:46,630 - DEBUG - 执行AGV分配局部搜索，当前完工时间: 1831.00
2025-04-08 15:00:46,633 - DEBUG - AGV分配局部搜索成功！完工时间从 1831.00 降低到 1829.00，改进: 2.00 (0.11%)
2025-04-08 15:00:46,637 - DEBUG - 执行AGV分配局部搜索，当前完工时间: 1829.00
2025-04-08 15:00:46,641 - DEBUG - 局部搜索未能改进当前解
2025-04-08 15:00:46,645 - DEBUG - 执行AGV分配局部搜索，当前完工时间: 1887.00
2025-04-08 15:00:46,649 - DEBUG - 局部搜索未能改进当前解
2025-04-08 15:00:46,652 - DEBUG - 执行AGV分配局部搜索，当前完工时间: 1975.00
2025-04-08 15:00:46,656 - DEBUG - 局部搜索未能改进当前解
2025-04-08 15:00:46,660 - DEBUG - 执行AGV分配局部搜索，当前完工时间: 1896.00
2025-04-08 15:00:46,664 - DEBUG - 局部搜索未能改进当前解
2025-04-08 15:00:46,666 - DEBUG - 执行AGV分配局部搜索，当前完工时间: 1848.00
2025-04-08 15:00:46,671 - DEBUG - 局部搜索未能改进当前解
2025-04-08 15:00:46,675 - DEBUG - 执行AGV分配局部搜索，当前完工时间: 1900.00
2025-04-08 15:00:46,679 - DEBUG - 局部搜索未能改进当前解
2025-04-08 15:00:46,682 - DEBUG - 执行AGV分配局部搜索，当前完工时间: 1886.00
2025-04-08 15:00:46,686 - DEBUG - 局部搜索未能改进当前解
2025-04-08 15:00:46,690 - DEBUG - 执行AGV分配局部搜索，当前完工时间: 1931.00
2025-04-08 15:00:46,694 - DEBUG - 局部搜索未能改进当前解
2025-04-08 15:00:46,697 - DEBUG - 执行AGV分配局部搜索，当前完工时间: 1884.00
2025-04-08 15:00:46,700 - DEBUG - 局部搜索未能改进当前解
2025-04-08 15:00:46,704 - DEBUG - 执行AGV分配局部搜索，当前完工时间: 1959.00
2025-04-08 15:00:46,708 - DEBUG - 局部搜索未能改进当前解
2025-04-08 15:00:46,711 - DEBUG - 执行AGV分配局部搜索，当前完工时间: 1829.00
2025-04-08 15:00:46,714 - DEBUG - 局部搜索未能改进当前解
2025-04-08 15:00:46,719 - DEBUG - 执行AGV分配局部搜索，当前完工时间: 1904.00
2025-04-08 15:00:46,723 - DEBUG - AGV分配局部搜索成功！完工时间从 1904.00 降低到 1898.00，改进: 6.00 (0.32%)
2025-04-08 15:00:46,727 - DEBUG - 执行AGV分配局部搜索，当前完工时间: 1833.00
2025-04-08 15:00:46,730 - DEBUG - 局部搜索未能改进当前解
2025-04-08 15:00:46,733 - DEBUG - 执行AGV分配局部搜索，当前完工时间: 1881.00
2025-04-08 15:00:46,737 - DEBUG - 局部搜索未能改进当前解
2025-04-08 15:00:46,741 - DEBUG - 执行AGV分配局部搜索，当前完工时间: 1969.00
2025-04-08 15:00:46,745 - DEBUG - AGV分配局部搜索成功！完工时间从 1969.00 降低到 1957.00，改进: 12.00 (0.61%)
2025-04-08 15:00:46,747 - DEBUG - 执行AGV分配局部搜索，当前完工时间: 1893.00
2025-04-08 15:00:46,752 - DEBUG - 局部搜索未能改进当前解
2025-04-08 15:00:46,756 - DEBUG - 执行AGV分配局部搜索，当前完工时间: 1853.00
2025-04-08 15:00:46,760 - DEBUG - 局部搜索未能改进当前解
2025-04-08 15:00:46,764 - DEBUG - 执行AGV分配局部搜索，当前完工时间: 1901.00
2025-04-08 15:00:46,768 - DEBUG - AGV分配局部搜索成功！完工时间从 1901.00 降低到 1895.00，改进: 6.00 (0.32%)
2025-04-08 15:00:46,771 - DEBUG - 执行AGV分配局部搜索，当前完工时间: 1874.00
2025-04-08 15:00:46,775 - DEBUG - 局部搜索未能改进当前解
2025-04-08 15:00:46,779 - DEBUG - 执行AGV分配局部搜索，当前完工时间: 1943.00
2025-04-08 15:00:46,783 - DEBUG - 局部搜索未能改进当前解
2025-04-08 15:00:46,787 - DEBUG - 执行AGV分配局部搜索，当前完工时间: 1858.00
2025-04-08 15:00:46,790 - DEBUG - AGV分配局部搜索成功！完工时间从 1858.00 降低到 1850.00，改进: 8.00 (0.43%)
2025-04-08 15:00:46,794 - DEBUG - 执行AGV分配局部搜索，当前完工时间: 1906.00
2025-04-08 15:00:46,799 - DEBUG - 局部搜索未能改进当前解
2025-04-08 15:00:46,804 - DEBUG - 执行AGV分配局部搜索，当前完工时间: 1948.00
2025-04-08 15:00:46,807 - DEBUG - 局部搜索未能改进当前解
2025-04-08 15:00:46,810 - DEBUG - 执行AGV分配局部搜索，当前完工时间: 1906.00
2025-04-08 15:00:46,814 - DEBUG - 局部搜索未能改进当前解
2025-04-08 15:00:46,818 - DEBUG - 执行AGV分配局部搜索，当前完工时间: 1916.00
2025-04-08 15:00:46,821 - DEBUG - AGV分配局部搜索成功！完工时间从 1916.00 降低到 1886.00，改进: 30.00 (1.57%)
2025-04-08 15:00:46,825 - DEBUG - 执行AGV分配局部搜索，当前完工时间: 1983.00
2025-04-08 15:00:46,829 - DEBUG - 局部搜索未能改进当前解
2025-04-08 15:00:46,833 - DEBUG - 执行AGV分配局部搜索，当前完工时间: 1904.00
2025-04-08 15:00:46,835 - DEBUG - 局部搜索未能改进当前解
2025-04-08 15:00:46,840 - DEBUG - 执行AGV分配局部搜索，当前完工时间: 1915.00
2025-04-08 15:00:46,844 - DEBUG - 局部搜索未能改进当前解
2025-04-08 15:00:46,847 - DEBUG - 执行AGV分配局部搜索，当前完工时间: 1935.00
2025-04-08 15:00:46,851 - DEBUG - 局部搜索未能改进当前解
2025-04-08 15:00:46,854 - DEBUG - 执行AGV分配局部搜索，当前完工时间: 1888.00
2025-04-08 15:00:46,858 - DEBUG - 局部搜索未能改进当前解
2025-04-08 15:00:46,862 - DEBUG - 执行AGV分配局部搜索，当前完工时间: 1889.00
2025-04-08 15:00:46,865 - DEBUG - 局部搜索未能改进当前解
2025-04-08 15:00:46,870 - DEBUG - 执行AGV分配局部搜索，当前完工时间: 1862.00
2025-04-08 15:00:46,873 - DEBUG - 局部搜索未能改进当前解
2025-04-08 15:00:46,877 - DEBUG - 执行AGV分配局部搜索，当前完工时间: 1871.00
2025-04-08 15:00:46,881 - DEBUG - 局部搜索未能改进当前解
2025-04-08 15:00:46,885 - DEBUG - 执行AGV分配局部搜索，当前完工时间: 1939.00
2025-04-08 15:00:46,889 - DEBUG - 局部搜索未能改进当前解
2025-04-08 15:00:46,892 - DEBUG - 执行AGV分配局部搜索，当前完工时间: 2044.00
2025-04-08 15:00:46,897 - DEBUG - AGV分配局部搜索成功！完工时间从 2044.00 降低到 2029.00，改进: 15.00 (0.73%)
2025-04-08 15:00:46,900 - DEBUG - 执行AGV分配局部搜索，当前完工时间: 1902.00
2025-04-08 15:00:46,903 - DEBUG - 局部搜索未能改进当前解
2025-04-08 15:00:46,908 - DEBUG - 执行AGV分配局部搜索，当前完工时间: 1875.00
2025-04-08 15:00:46,912 - DEBUG - 局部搜索未能改进当前解
2025-04-08 15:00:46,916 - DEBUG - 执行AGV分配局部搜索，当前完工时间: 2025.00
2025-04-08 15:00:46,920 - DEBUG - 局部搜索未能改进当前解
2025-04-08 15:00:46,923 - DEBUG - 执行AGV分配局部搜索，当前完工时间: 2011.00
2025-04-08 15:00:46,927 - DEBUG - 局部搜索未能改进当前解
2025-04-08 15:00:46,930 - DEBUG - 执行AGV分配局部搜索，当前完工时间: 1939.00
2025-04-08 15:00:46,933 - DEBUG - 局部搜索未能改进当前解
2025-04-08 15:00:46,938 - DEBUG - 执行AGV分配局部搜索，当前完工时间: 1952.00
2025-04-08 15:00:46,941 - DEBUG - 局部搜索未能改进当前解
2025-04-08 15:00:46,945 - DEBUG - 执行AGV分配局部搜索，当前完工时间: 1872.00
2025-04-08 15:00:46,949 - DEBUG - 局部搜索未能改进当前解
2025-04-08 15:00:46,953 - DEBUG - 执行AGV分配局部搜索，当前完工时间: 1949.00
2025-04-08 15:00:46,957 - DEBUG - 局部搜索未能改进当前解
2025-04-08 15:00:46,959 - DEBUG - 执行AGV分配局部搜索，当前完工时间: 1878.00
2025-04-08 15:00:46,963 - DEBUG - 局部搜索未能改进当前解
2025-04-08 15:00:46,967 - DEBUG - 执行AGV分配局部搜索，当前完工时间: 1905.00
2025-04-08 15:00:46,970 - DEBUG - 局部搜索未能改进当前解
2025-04-08 15:00:46,974 - DEBUG - 执行AGV分配局部搜索，当前完工时间: 1909.00
2025-04-08 15:00:46,979 - DEBUG - 局部搜索未能改进当前解
2025-04-08 15:00:46,982 - DEBUG - 执行AGV分配局部搜索，当前完工时间: 1832.00
2025-04-08 15:00:46,986 - DEBUG - 局部搜索未能改进当前解
2025-04-08 15:00:46,990 - DEBUG - 执行AGV分配局部搜索，当前完工时间: 1909.00
2025-04-08 15:00:46,993 - DEBUG - 局部搜索未能改进当前解
2025-04-08 15:00:46,995 - DEBUG - 执行AGV分配局部搜索，当前完工时间: 1871.00
2025-04-08 15:00:47,000 - DEBUG - 局部搜索未能改进当前解
2025-04-08 15:00:47,004 - DEBUG - 执行AGV分配局部搜索，当前完工时间: 1897.00
2025-04-08 15:00:47,007 - DEBUG - 局部搜索未能改进当前解
2025-04-08 15:00:47,012 - DEBUG - 执行AGV分配局部搜索，当前完工时间: 1864.00
2025-04-08 15:00:47,016 - DEBUG - 局部搜索未能改进当前解
2025-04-08 15:00:47,020 - DEBUG - 执行AGV分配局部搜索，当前完工时间: 1899.00
2025-04-08 15:00:47,023 - DEBUG - 局部搜索未能改进当前解
2025-04-08 15:00:47,028 - DEBUG - 执行AGV分配局部搜索，当前完工时间: 2061.00
2025-04-08 15:00:47,031 - DEBUG - 局部搜索未能改进当前解
2025-04-08 15:00:47,035 - DEBUG - 执行AGV分配局部搜索，当前完工时间: 1977.00
2025-04-08 15:00:47,040 - DEBUG - AGV分配局部搜索成功！完工时间从 1977.00 降低到 1924.00，改进: 53.00 (2.68%)
2025-04-08 15:00:47,043 - DEBUG - 执行AGV分配局部搜索，当前完工时间: 1837.00
2025-04-08 15:00:47,047 - DEBUG - 局部搜索未能改进当前解
2025-04-08 15:00:47,052 - DEBUG - 执行AGV分配局部搜索，当前完工时间: 1909.00
2025-04-08 15:00:47,055 - DEBUG - 局部搜索未能改进当前解
2025-04-08 15:00:47,060 - DEBUG - 执行AGV分配局部搜索，当前完工时间: 1900.00
2025-04-08 15:00:47,064 - DEBUG - 局部搜索未能改进当前解
2025-04-08 15:00:47,068 - DEBUG - 执行AGV分配局部搜索，当前完工时间: 2039.00
2025-04-08 15:00:47,070 - DEBUG - 局部搜索未能改进当前解
2025-04-08 15:00:47,075 - DEBUG - 执行AGV分配局部搜索，当前完工时间: 1859.00
2025-04-08 15:00:47,079 - DEBUG - 局部搜索未能改进当前解
2025-04-08 15:00:47,083 - DEBUG - 执行AGV分配局部搜索，当前完工时间: 1921.00
2025-04-08 15:00:47,086 - DEBUG - 局部搜索未能改进当前解
2025-04-08 15:00:47,091 - DEBUG - 执行AGV分配局部搜索，当前完工时间: 2011.00
2025-04-08 15:00:47,095 - DEBUG - 局部搜索未能改进当前解
2025-04-08 15:00:47,099 - DEBUG - 执行AGV分配局部搜索，当前完工时间: 2019.00
2025-04-08 15:00:47,102 - DEBUG - AGV分配局部搜索成功！完工时间从 2019.00 降低到 1910.00，改进: 109.00 (5.40%)
2025-04-08 15:00:47,106 - DEBUG - 执行AGV分配局部搜索，当前完工时间: 1927.00
2025-04-08 15:00:47,111 - DEBUG - 局部搜索未能改进当前解
2025-04-08 15:00:47,114 - DEBUG - 执行AGV分配局部搜索，当前完工时间: 1879.00
2025-04-08 15:00:47,118 - DEBUG - 局部搜索未能改进当前解
2025-04-08 15:00:47,121 - DEBUG - 执行AGV分配局部搜索，当前完工时间: 1916.00
2025-04-08 15:00:47,125 - DEBUG - 局部搜索未能改进当前解
2025-04-08 15:00:47,129 - DEBUG - 执行AGV分配局部搜索，当前完工时间: 1921.00
2025-04-08 15:00:47,133 - DEBUG - AGV分配局部搜索成功！完工时间从 1921.00 降低到 1889.00，改进: 32.00 (1.67%)
2025-04-08 15:00:47,136 - DEBUG - 执行AGV分配局部搜索，当前完工时间: 1892.00
2025-04-08 15:00:47,140 - DEBUG - 局部搜索未能改进当前解
2025-04-08 15:00:47,143 - DEBUG - 执行AGV分配局部搜索，当前完工时间: 1866.00
2025-04-08 15:00:47,147 - DEBUG - AGV分配局部搜索成功！完工时间从 1866.00 降低到 1831.00，改进: 35.00 (1.88%)
2025-04-08 15:00:47,150 - DEBUG - 执行AGV分配局部搜索，当前完工时间: 1990.00
2025-04-08 15:00:47,154 - DEBUG - 局部搜索未能改进当前解
2025-04-08 15:00:47,158 - DEBUG - 执行AGV分配局部搜索，当前完工时间: 1861.00
2025-04-08 15:00:47,162 - DEBUG - AGV分配局部搜索成功！完工时间从 1861.00 降低到 1851.00，改进: 10.00 (0.54%)
2025-04-08 15:00:47,165 - DEBUG - 执行AGV分配局部搜索，当前完工时间: 1973.00
2025-04-08 15:00:47,169 - DEBUG - AGV分配局部搜索成功！完工时间从 1973.00 降低到 1972.00，改进: 1.00 (0.05%)
2025-04-08 15:00:47,172 - DEBUG - 执行AGV分配局部搜索，当前完工时间: 1936.00
2025-04-08 15:00:47,176 - DEBUG - 局部搜索未能改进当前解
2025-04-08 15:00:47,180 - DEBUG - 执行AGV分配局部搜索，当前完工时间: 1991.00
2025-04-08 15:00:47,183 - DEBUG - 局部搜索未能改进当前解
2025-04-08 15:00:47,187 - DEBUG - 执行AGV分配局部搜索，当前完工时间: 1938.00
2025-04-08 15:00:47,191 - DEBUG - AGV分配局部搜索成功！完工时间从 1938.00 降低到 1925.00，改进: 13.00 (0.67%)
2025-04-08 15:00:47,194 - DEBUG - 执行AGV分配局部搜索，当前完工时间: 1979.00
2025-04-08 15:00:47,198 - DEBUG - 局部搜索未能改进当前解
2025-04-08 15:00:47,199 - DEBUG - ==================================================
2025-04-08 15:00:47,199 - DEBUG - Efficiency Statistics of Local Search :
2025-04-08 15:00:47,199 - DEBUG - Number of attempts: 99
2025-04-08 15:00:47,199 - DEBUG - Average Success Rate: 17.17%
2025-04-08 15:00:47,199 - DEBUG - AGV Local Search Success: 17，Average Improvement: 23.65
2025-04-08 15:00:47,203 - DEBUG - 执行AGV分配局部搜索，当前完工时间: 1897.00
2025-04-08 15:00:47,207 - DEBUG - 局部搜索未能改进当前解
2025-04-08 15:00:47,210 - DEBUG - 执行AGV分配局部搜索，当前完工时间: 2004.00
2025-04-08 15:00:47,214 - DEBUG - AGV分配局部搜索成功！完工时间从 2004.00 降低到 1980.00，改进: 24.00 (1.20%)
2025-04-08 15:00:47,218 - DEBUG - 执行AGV分配局部搜索，当前完工时间: 1831.00
2025-04-08 15:00:47,222 - DEBUG - 局部搜索未能改进当前解
2025-04-08 15:00:47,225 - DEBUG - 执行AGV分配局部搜索，当前完工时间: 1874.00
2025-04-08 15:00:47,229 - DEBUG - 局部搜索未能改进当前解
2025-04-08 15:00:47,233 - DEBUG - 执行AGV分配局部搜索，当前完工时间: 1882.00
2025-04-08 15:00:47,237 - DEBUG - 局部搜索未能改进当前解
2025-04-08 15:00:47,241 - DEBUG - 执行AGV分配局部搜索，当前完工时间: 2000.00
2025-04-08 15:00:47,244 - DEBUG - AGV分配局部搜索成功！完工时间从 2000.00 降低到 1949.00，改进: 51.00 (2.55%)
2025-04-08 15:00:47,248 - DEBUG - 执行AGV分配局部搜索，当前完工时间: 1940.00
2025-04-08 15:00:47,253 - DEBUG - AGV分配局部搜索成功！完工时间从 1940.00 降低到 1867.00，改进: 73.00 (3.76%)
2025-04-08 15:00:47,256 - DEBUG - 执行AGV分配局部搜索，当前完工时间: 1886.00
2025-04-08 15:00:47,260 - DEBUG - 局部搜索未能改进当前解
2025-04-08 15:00:47,264 - DEBUG - 执行AGV分配局部搜索，当前完工时间: 1909.00
2025-04-08 15:00:47,268 - DEBUG - 局部搜索未能改进当前解
2025-04-08 15:00:47,272 - DEBUG - 执行AGV分配局部搜索，当前完工时间: 1881.00
2025-04-08 15:00:47,275 - DEBUG - 局部搜索未能改进当前解
2025-04-08 15:00:47,279 - DEBUG - 执行AGV分配局部搜索，当前完工时间: 1895.00
2025-04-08 15:00:47,283 - DEBUG - 局部搜索未能改进当前解
2025-04-08 15:00:47,287 - DEBUG - 执行AGV分配局部搜索，当前完工时间: 1964.00
2025-04-08 15:00:47,290 - DEBUG - AGV分配局部搜索成功！完工时间从 1964.00 降低到 1903.00，改进: 61.00 (3.11%)
2025-04-08 15:00:47,294 - DEBUG - 执行AGV分配局部搜索，当前完工时间: 1819.00
2025-04-08 15:00:47,299 - DEBUG - 局部搜索未能改进当前解
2025-04-08 15:00:47,302 - DEBUG - 执行AGV分配局部搜索，当前完工时间: 1937.00
2025-04-08 15:00:47,306 - DEBUG - 局部搜索未能改进当前解
2025-04-08 15:00:47,310 - DEBUG - 执行AGV分配局部搜索，当前完工时间: 1860.00
2025-04-08 15:00:47,314 - DEBUG - 局部搜索未能改进当前解
2025-04-08 15:00:47,318 - DEBUG - 执行AGV分配局部搜索，当前完工时间: 1945.00
2025-04-08 15:00:47,320 - DEBUG - 局部搜索未能改进当前解
2025-04-08 15:00:47,325 - DEBUG - 执行AGV分配局部搜索，当前完工时间: 1951.00
2025-04-08 15:00:47,329 - DEBUG - 局部搜索未能改进当前解
2025-04-08 15:00:47,333 - DEBUG - 执行AGV分配局部搜索，当前完工时间: 1881.00
2025-04-08 15:00:47,337 - DEBUG - 局部搜索未能改进当前解
2025-04-08 15:00:47,340 - DEBUG - 执行AGV分配局部搜索，当前完工时间: 2014.00
2025-04-08 15:00:47,344 - DEBUG - 局部搜索未能改进当前解
2025-04-08 15:00:47,349 - DEBUG - 执行AGV分配局部搜索，当前完工时间: 1998.00
2025-04-08 15:00:47,352 - DEBUG - 局部搜索未能改进当前解
2025-04-08 15:00:47,356 - DEBUG - 执行AGV分配局部搜索，当前完工时间: 1923.00
2025-04-08 15:00:47,360 - DEBUG - 局部搜索未能改进当前解
2025-04-08 15:00:47,364 - DEBUG - 执行AGV分配局部搜索，当前完工时间: 1919.00
2025-04-08 15:00:47,366 - DEBUG - 局部搜索未能改进当前解
2025-04-08 15:00:47,371 - DEBUG - 执行AGV分配局部搜索，当前完工时间: 1997.00
2025-04-08 15:00:47,374 - DEBUG - AGV分配局部搜索成功！完工时间从 1997.00 降低到 1983.00，改进: 14.00 (0.70%)
2025-04-08 15:00:47,379 - DEBUG - 执行AGV分配局部搜索，当前完工时间: 1862.00
2025-04-08 15:00:47,382 - DEBUG - 局部搜索未能改进当前解
2025-04-08 15:00:47,386 - DEBUG - 执行AGV分配局部搜索，当前完工时间: 1860.00
2025-04-08 15:00:47,390 - DEBUG - 局部搜索未能改进当前解
2025-04-08 15:00:47,394 - DEBUG - 执行AGV分配局部搜索，当前完工时间: 1864.00
2025-04-08 15:00:47,398 - DEBUG - 局部搜索未能改进当前解
2025-04-08 15:00:47,401 - DEBUG - 执行AGV分配局部搜索，当前完工时间: 1871.00
2025-04-08 15:00:47,405 - DEBUG - 局部搜索未能改进当前解
2025-04-08 15:00:47,408 - DEBUG - 执行AGV分配局部搜索，当前完工时间: 1837.00
2025-04-08 15:00:47,411 - DEBUG - 局部搜索未能改进当前解
2025-04-08 15:00:47,415 - DEBUG - 执行AGV分配局部搜索，当前完工时间: 1935.00
2025-04-08 15:00:47,419 - DEBUG - 局部搜索未能改进当前解
2025-04-08 15:00:47,423 - DEBUG - 执行AGV分配局部搜索，当前完工时间: 1959.00
2025-04-08 15:00:47,426 - DEBUG - 局部搜索未能改进当前解
2025-04-08 15:00:47,431 - DEBUG - 执行AGV分配局部搜索，当前完工时间: 1893.00
2025-04-08 15:00:47,434 - DEBUG - 局部搜索未能改进当前解
2025-04-08 15:00:47,438 - DEBUG - 执行AGV分配局部搜索，当前完工时间: 1905.00
2025-04-08 15:00:47,442 - DEBUG - 局部搜索未能改进当前解
2025-04-08 15:00:47,445 - DEBUG - 执行AGV分配局部搜索，当前完工时间: 1921.00
2025-04-08 15:00:47,449 - DEBUG - 局部搜索未能改进当前解
2025-04-08 15:00:47,453 - DEBUG - 执行AGV分配局部搜索，当前完工时间: 1861.00
2025-04-08 15:00:47,457 - DEBUG - 局部搜索未能改进当前解
2025-04-08 15:00:47,461 - DEBUG - 执行AGV分配局部搜索，当前完工时间: 1937.00
2025-04-08 15:00:47,464 - DEBUG - 局部搜索未能改进当前解
2025-04-08 15:00:47,466 - DEBUG - 执行AGV分配局部搜索，当前完工时间: 1874.00
2025-04-08 15:00:47,471 - DEBUG - 局部搜索未能改进当前解
2025-04-08 15:00:47,475 - DEBUG - 执行AGV分配局部搜索，当前完工时间: 1976.00
2025-04-08 15:00:47,478 - DEBUG - 局部搜索未能改进当前解
2025-04-08 15:00:47,482 - DEBUG - 执行AGV分配局部搜索，当前完工时间: 1906.00
2025-04-08 15:00:47,485 - DEBUG - 局部搜索未能改进当前解
2025-04-08 15:00:47,489 - DEBUG - 执行AGV分配局部搜索，当前完工时间: 2031.00
2025-04-08 15:00:47,492 - DEBUG - 局部搜索未能改进当前解
2025-04-08 15:00:47,495 - DEBUG - 执行AGV分配局部搜索，当前完工时间: 1850.00
2025-04-08 15:00:47,500 - DEBUG - AGV分配局部搜索成功！完工时间从 1850.00 降低到 1831.00，改进: 19.00 (1.03%)
2025-04-08 15:00:47,503 - DEBUG - 执行AGV分配局部搜索，当前完工时间: 1840.00
2025-04-08 15:00:47,507 - DEBUG - 局部搜索未能改进当前解
2025-04-08 15:00:47,510 - DEBUG - 执行AGV分配局部搜索，当前完工时间: 1875.00
2025-04-08 15:00:47,514 - DEBUG - 局部搜索未能改进当前解
2025-04-08 15:00:47,518 - DEBUG - 执行AGV分配局部搜索，当前完工时间: 1914.00
2025-04-08 15:00:47,521 - DEBUG - 局部搜索未能改进当前解
2025-04-08 15:00:47,525 - DEBUG - 执行AGV分配局部搜索，当前完工时间: 1875.00
2025-04-08 15:00:47,530 - DEBUG - 局部搜索未能改进当前解
2025-04-08 15:00:47,533 - DEBUG - 执行AGV分配局部搜索，当前完工时间: 1872.00
2025-04-08 15:00:47,536 - DEBUG - 局部搜索未能改进当前解
2025-04-08 15:00:47,540 - DEBUG - 执行AGV分配局部搜索，当前完工时间: 1927.00
2025-04-08 15:00:47,543 - DEBUG - 局部搜索未能改进当前解
2025-04-08 15:00:47,547 - DEBUG - 执行AGV分配局部搜索，当前完工时间: 1929.00
2025-04-08 15:00:47,551 - DEBUG - 局部搜索未能改进当前解
2025-04-08 15:00:47,555 - DEBUG - 执行AGV分配局部搜索，当前完工时间: 1893.00
2025-04-08 15:00:47,559 - DEBUG - 局部搜索未能改进当前解
2025-04-08 15:00:47,563 - DEBUG - 执行AGV分配局部搜索，当前完工时间: 1874.00
2025-04-08 15:00:47,566 - DEBUG - AGV分配局部搜索成功！完工时间从 1874.00 降低到 1852.00，改进: 22.00 (1.17%)
2025-04-08 15:00:47,569 - DEBUG - 执行AGV分配局部搜索，当前完工时间: 1829.00
2025-04-08 15:00:47,572 - DEBUG - 局部搜索未能改进当前解
2025-04-08 15:00:47,576 - DEBUG - 执行AGV分配局部搜索，当前完工时间: 1875.00
2025-04-08 15:00:47,581 - DEBUG - 局部搜索未能改进当前解
2025-04-08 15:00:47,584 - DEBUG - 执行AGV分配局部搜索，当前完工时间: 1903.00
2025-04-08 15:00:47,587 - DEBUG - 局部搜索未能改进当前解
2025-04-08 15:00:47,591 - DEBUG - 执行AGV分配局部搜索，当前完工时间: 1995.00
2025-04-08 15:00:47,595 - DEBUG - 局部搜索未能改进当前解
2025-04-08 15:00:47,600 - DEBUG - 执行AGV分配局部搜索，当前完工时间: 1945.00
2025-04-08 15:00:47,602 - DEBUG - AGV分配局部搜索成功！完工时间从 1945.00 降低到 1943.00，改进: 2.00 (0.10%)
2025-04-08 15:00:47,606 - DEBUG - 执行AGV分配局部搜索，当前完工时间: 1903.00
2025-04-08 15:00:47,611 - DEBUG - 局部搜索未能改进当前解
2025-04-08 15:00:47,614 - DEBUG - 执行AGV分配局部搜索，当前完工时间: 1847.00
2025-04-08 15:00:47,616 - DEBUG - 局部搜索未能改进当前解
2025-04-08 15:00:47,621 - DEBUG - 执行AGV分配局部搜索，当前完工时间: 1956.00
2025-04-08 15:00:47,624 - DEBUG - 局部搜索未能改进当前解
2025-04-08 15:00:47,628 - DEBUG - 执行AGV分配局部搜索，当前完工时间: 1847.00
2025-04-08 15:00:47,632 - DEBUG - 局部搜索未能改进当前解
2025-04-08 15:00:47,635 - DEBUG - 执行AGV分配局部搜索，当前完工时间: 1877.00
2025-04-08 15:00:47,641 - DEBUG - 局部搜索未能改进当前解
2025-04-08 15:00:47,645 - DEBUG - 执行AGV分配局部搜索，当前完工时间: 1879.00
2025-04-08 15:00:47,647 - DEBUG - AGV分配局部搜索成功！完工时间从 1879.00 降低到 1868.00，改进: 11.00 (0.59%)
2025-04-08 15:00:47,652 - DEBUG - 执行AGV分配局部搜索，当前完工时间: 2090.00
2025-04-08 15:00:47,655 - DEBUG - 局部搜索未能改进当前解
2025-04-08 15:00:47,659 - DEBUG - 执行AGV分配局部搜索，当前完工时间: 1975.00
2025-04-08 15:00:47,664 - DEBUG - AGV分配局部搜索成功！完工时间从 1975.00 降低到 1924.00，改进: 51.00 (2.58%)
2025-04-08 15:00:47,668 - DEBUG - 执行AGV分配局部搜索，当前完工时间: 1955.00
2025-04-08 15:00:47,670 - DEBUG - 局部搜索未能改进当前解
2025-04-08 15:00:47,675 - DEBUG - 执行AGV分配局部搜索，当前完工时间: 1849.00
2025-04-08 15:00:47,679 - DEBUG - 局部搜索未能改进当前解
2025-04-08 15:00:47,682 - DEBUG - 执行AGV分配局部搜索，当前完工时间: 1954.00
2025-04-08 15:00:47,686 - DEBUG - 局部搜索未能改进当前解
2025-04-08 15:00:47,690 - DEBUG - 执行AGV分配局部搜索，当前完工时间: 2073.00
2025-04-08 15:00:47,693 - DEBUG - 局部搜索未能改进当前解
2025-04-08 15:00:47,697 - DEBUG - 执行AGV分配局部搜索，当前完工时间: 1904.00
2025-04-08 15:00:47,700 - DEBUG - 局部搜索未能改进当前解
2025-04-08 15:00:47,705 - DEBUG - 执行AGV分配局部搜索，当前完工时间: 2013.00
2025-04-08 15:00:47,708 - DEBUG - 局部搜索未能改进当前解
2025-04-08 15:00:47,712 - DEBUG - 执行AGV分配局部搜索，当前完工时间: 1943.00
2025-04-08 15:00:47,715 - DEBUG - 局部搜索未能改进当前解
2025-04-08 15:00:47,720 - DEBUG - 执行AGV分配局部搜索，当前完工时间: 1953.00
2025-04-08 15:00:47,725 - DEBUG - 局部搜索未能改进当前解
2025-04-08 15:00:47,728 - DEBUG - 执行AGV分配局部搜索，当前完工时间: 1832.00
2025-04-08 15:00:47,732 - DEBUG - AGV分配局部搜索成功！完工时间从 1832.00 降低到 1831.00，改进: 1.00 (0.05%)
2025-04-08 15:00:47,735 - DEBUG - 执行AGV分配局部搜索，当前完工时间: 1882.00
2025-04-08 15:00:47,738 - DEBUG - 局部搜索未能改进当前解
2025-04-08 15:00:47,743 - DEBUG - 执行AGV分配局部搜索，当前完工时间: 1939.00
2025-04-08 15:00:47,747 - DEBUG - 局部搜索未能改进当前解
2025-04-08 15:00:47,752 - DEBUG - 执行AGV分配局部搜索，当前完工时间: 1948.00
2025-04-08 15:00:47,756 - DEBUG - 局部搜索未能改进当前解
2025-04-08 15:00:47,760 - DEBUG - 执行AGV分配局部搜索，当前完工时间: 1973.00
2025-04-08 15:00:47,764 - DEBUG - 局部搜索未能改进当前解
2025-04-08 15:00:47,768 - DEBUG - 执行AGV分配局部搜索，当前完工时间: 1849.00
2025-04-08 15:00:47,771 - DEBUG - 局部搜索未能改进当前解
2025-04-08 15:00:47,775 - DEBUG - 执行AGV分配局部搜索，当前完工时间: 1900.00
2025-04-08 15:00:47,779 - DEBUG - AGV分配局部搜索成功！完工时间从 1900.00 降低到 1883.00，改进: 17.00 (0.89%)
2025-04-08 15:00:47,783 - DEBUG - 执行AGV分配局部搜索，当前完工时间: 1984.00
2025-04-08 15:00:47,786 - DEBUG - 局部搜索未能改进当前解
2025-04-08 15:00:47,790 - DEBUG - 执行AGV分配局部搜索，当前完工时间: 1924.00
2025-04-08 15:00:47,794 - DEBUG - AGV分配局部搜索成功！完工时间从 1924.00 降低到 1846.00，改进: 78.00 (4.05%)
2025-04-08 15:00:47,798 - DEBUG - 执行AGV分配局部搜索，当前完工时间: 1869.00
2025-04-08 15:00:47,801 - DEBUG - 局部搜索未能改进当前解
2025-04-08 15:00:47,805 - DEBUG - 执行AGV分配局部搜索，当前完工时间: 1915.00
2025-04-08 15:00:47,810 - DEBUG - 局部搜索未能改进当前解
2025-04-08 15:00:47,812 - DEBUG - 执行AGV分配局部搜索，当前完工时间: 1904.00
2025-04-08 15:00:47,818 - DEBUG - AGV分配局部搜索成功！完工时间从 1904.00 降低到 1846.00，改进: 58.00 (3.05%)
2025-04-08 15:00:47,822 - DEBUG - 执行AGV分配局部搜索，当前完工时间: 1859.00
2025-04-08 15:00:47,826 - DEBUG - 局部搜索未能改进当前解
2025-04-08 15:00:47,829 - DEBUG - 执行AGV分配局部搜索，当前完工时间: 1990.00
2025-04-08 15:00:47,833 - DEBUG - 局部搜索未能改进当前解
2025-04-08 15:00:47,836 - DEBUG - 执行AGV分配局部搜索，当前完工时间: 1873.00
2025-04-08 15:00:47,841 - DEBUG - 局部搜索未能改进当前解
2025-04-08 15:00:47,845 - DEBUG - 执行AGV分配局部搜索，当前完工时间: 2017.00
2025-04-08 15:00:47,849 - DEBUG - 局部搜索未能改进当前解
2025-04-08 15:00:47,852 - DEBUG - 执行AGV分配局部搜索，当前完工时间: 1902.00
2025-04-08 15:00:47,855 - DEBUG - 局部搜索未能改进当前解
2025-04-08 15:00:47,859 - DEBUG - 执行AGV分配局部搜索，当前完工时间: 1905.00
2025-04-08 15:00:47,863 - DEBUG - 局部搜索未能改进当前解
2025-04-08 15:00:47,868 - DEBUG - 执行AGV分配局部搜索，当前完工时间: 2007.00
2025-04-08 15:00:47,870 - DEBUG - 局部搜索未能改进当前解
2025-04-08 15:00:47,877 - DEBUG - 执行AGV分配局部搜索，当前完工时间: 1904.00
2025-04-08 15:00:47,881 - DEBUG - 局部搜索未能改进当前解
2025-04-08 15:00:47,885 - DEBUG - 执行AGV分配局部搜索，当前完工时间: 1890.00
2025-04-08 15:00:47,888 - DEBUG - 局部搜索未能改进当前解
2025-04-08 15:00:47,892 - DEBUG - 执行AGV分配局部搜索，当前完工时间: 2029.00
2025-04-08 15:00:47,896 - DEBUG - 局部搜索未能改进当前解
2025-04-08 15:00:47,900 - DEBUG - 执行AGV分配局部搜索，当前完工时间: 1872.00
2025-04-08 15:00:47,904 - DEBUG - 局部搜索未能改进当前解
2025-04-08 15:00:47,908 - DEBUG - 执行AGV分配局部搜索，当前完工时间: 1966.00
2025-04-08 15:00:47,912 - DEBUG - 局部搜索未能改进当前解
2025-04-08 15:00:47,916 - DEBUG - 执行AGV分配局部搜索，当前完工时间: 1870.00
2025-04-08 15:00:47,919 - DEBUG - 局部搜索未能改进当前解
2025-04-08 15:00:47,923 - DEBUG - 执行AGV分配局部搜索，当前完工时间: 1890.00
2025-04-08 15:00:47,926 - DEBUG - 局部搜索未能改进当前解
2025-04-08 15:00:47,930 - DEBUG - 执行AGV分配局部搜索，当前完工时间: 1931.00
2025-04-08 15:00:47,934 - DEBUG - 局部搜索未能改进当前解
2025-04-08 15:00:47,938 - DEBUG - 执行AGV分配局部搜索，当前完工时间: 1878.00
2025-04-08 15:00:47,942 - DEBUG - 局部搜索未能改进当前解
2025-04-08 15:00:47,946 - DEBUG - 执行AGV分配局部搜索，当前完工时间: 1857.00
2025-04-08 15:00:47,951 - DEBUG - 局部搜索未能改进当前解
2025-04-08 15:00:47,951 - DEBUG - ==================================================
2025-04-08 15:00:47,951 - DEBUG - Efficiency Statistics of Local Search :
2025-04-08 15:00:47,951 - DEBUG - Number of attempts: 99
2025-04-08 15:00:47,951 - DEBUG - Average Success Rate: 14.14%
2025-04-08 15:00:47,951 - DEBUG - AGV Local Search Success: 14，Average Improvement: 34.43
2025-04-08 15:00:47,957 - DEBUG - 执行AGV分配局部搜索，当前完工时间: 1905.00
2025-04-08 15:00:47,960 - DEBUG - 局部搜索未能改进当前解
2025-04-08 15:00:47,964 - DEBUG - 执行AGV分配局部搜索，当前完工时间: 1860.00
2025-04-08 15:00:47,970 - DEBUG - 局部搜索未能改进当前解
2025-04-08 15:00:47,973 - DEBUG - 执行AGV分配局部搜索，当前完工时间: 1921.00
2025-04-08 15:00:47,977 - DEBUG - 局部搜索未能改进当前解
2025-04-08 15:00:47,981 - DEBUG - 执行AGV分配局部搜索，当前完工时间: 2005.00
2025-04-08 15:00:47,985 - DEBUG - 局部搜索未能改进当前解
2025-04-08 15:00:47,988 - DEBUG - 执行AGV分配局部搜索，当前完工时间: 1873.00
2025-04-08 15:00:47,992 - DEBUG - 局部搜索未能改进当前解
2025-04-08 15:00:47,995 - DEBUG - 执行AGV分配局部搜索，当前完工时间: 1886.00
2025-04-08 15:00:48,000 - DEBUG - 局部搜索未能改进当前解
2025-04-08 15:00:48,004 - DEBUG - 执行AGV分配局部搜索，当前完工时间: 1978.00
2025-04-08 15:00:48,007 - DEBUG - AGV分配局部搜索成功！完工时间从 1978.00 降低到 1958.00，改进: 20.00 (1.01%)
2025-04-08 15:00:48,011 - DEBUG - 执行AGV分配局部搜索，当前完工时间: 2051.00
2025-04-08 15:00:48,015 - DEBUG - AGV分配局部搜索成功！完工时间从 2051.00 降低到 2004.00，改进: 47.00 (2.29%)
2025-04-08 15:00:48,020 - DEBUG - 执行AGV分配局部搜索，当前完工时间: 1907.00
2025-04-08 15:00:48,023 - DEBUG - AGV分配局部搜索成功！完工时间从 1907.00 降低到 1870.00，改进: 37.00 (1.94%)
2025-04-08 15:00:48,026 - DEBUG - 执行AGV分配局部搜索，当前完工时间: 1815.00
2025-04-08 15:00:48,030 - DEBUG - 局部搜索未能改进当前解
2025-04-08 15:00:48,034 - DEBUG - 执行AGV分配局部搜索，当前完工时间: 1967.00
2025-04-08 15:00:48,038 - DEBUG - 局部搜索未能改进当前解
2025-04-08 15:00:48,042 - DEBUG - 执行AGV分配局部搜索，当前完工时间: 1846.00
2025-04-08 15:00:48,045 - DEBUG - 局部搜索未能改进当前解
2025-04-08 15:00:48,051 - DEBUG - 执行AGV分配局部搜索，当前完工时间: 1873.00
2025-04-08 15:00:48,055 - DEBUG - 局部搜索未能改进当前解
2025-04-08 15:00:48,058 - DEBUG - 执行AGV分配局部搜索，当前完工时间: 1897.00
2025-04-08 15:00:48,062 - DEBUG - 局部搜索未能改进当前解
2025-04-08 15:00:48,066 - DEBUG - 执行AGV分配局部搜索，当前完工时间: 1914.00
2025-04-08 15:00:48,069 - DEBUG - 局部搜索未能改进当前解
2025-04-08 15:00:48,073 - DEBUG - 执行AGV分配局部搜索，当前完工时间: 1870.00
2025-04-08 15:00:48,077 - DEBUG - 局部搜索未能改进当前解
2025-04-08 15:00:48,080 - DEBUG - 执行AGV分配局部搜索，当前完工时间: 1969.00
2025-04-08 15:00:48,083 - DEBUG - 局部搜索未能改进当前解
2025-04-08 15:00:48,087 - DEBUG - 执行AGV分配局部搜索，当前完工时间: 2005.00
2025-04-08 15:00:48,091 - DEBUG - 局部搜索未能改进当前解
2025-04-08 15:00:48,095 - DEBUG - 执行AGV分配局部搜索，当前完工时间: 1969.00
2025-04-08 15:00:48,098 - DEBUG - 局部搜索未能改进当前解
2025-04-08 15:00:48,103 - DEBUG - 执行AGV分配局部搜索，当前完工时间: 1931.00
2025-04-08 15:00:48,106 - DEBUG - 局部搜索未能改进当前解
2025-04-08 15:00:48,110 - DEBUG - 执行AGV分配局部搜索，当前完工时间: 1851.00
2025-04-08 15:00:48,113 - DEBUG - 局部搜索未能改进当前解
2025-04-08 15:00:48,118 - DEBUG - 执行AGV分配局部搜索，当前完工时间: 1813.00
2025-04-08 15:00:48,122 - DEBUG - AGV分配局部搜索成功！完工时间从 1813.00 降低到 1806.00，改进: 7.00 (0.39%)
2025-04-08 15:00:48,126 - DEBUG - 执行AGV分配局部搜索，当前完工时间: 1846.00
2025-04-08 15:00:48,130 - DEBUG - 局部搜索未能改进当前解
2025-04-08 15:00:48,133 - DEBUG - 执行AGV分配局部搜索，当前完工时间: 1818.00
2025-04-08 15:00:48,137 - DEBUG - 局部搜索未能改进当前解
2025-04-08 15:00:48,140 - DEBUG - 执行AGV分配局部搜索，当前完工时间: 1945.00
2025-04-08 15:00:48,144 - DEBUG - 局部搜索未能改进当前解
2025-04-08 15:00:48,147 - DEBUG - 执行AGV分配局部搜索，当前完工时间: 1840.00
2025-04-08 15:00:48,152 - DEBUG - 局部搜索未能改进当前解
2025-04-08 15:00:48,156 - DEBUG - 执行AGV分配局部搜索，当前完工时间: 2000.00
2025-04-08 15:00:48,159 - DEBUG - AGV分配局部搜索成功！完工时间从 2000.00 降低到 1993.00，改进: 7.00 (0.35%)
2025-04-08 15:00:48,163 - DEBUG - 执行AGV分配局部搜索，当前完工时间: 1964.00
2025-04-08 15:00:48,166 - DEBUG - 局部搜索未能改进当前解
2025-04-08 15:00:48,171 - DEBUG - 执行AGV分配局部搜索，当前完工时间: 1928.00
2025-04-08 15:00:48,174 - DEBUG - 局部搜索未能改进当前解
2025-04-08 15:00:48,179 - DEBUG - 执行AGV分配局部搜索，当前完工时间: 1902.00
2025-04-08 15:00:48,183 - DEBUG - 局部搜索未能改进当前解
2025-04-08 15:00:48,187 - DEBUG - 执行AGV分配局部搜索，当前完工时间: 1900.00
2025-04-08 15:00:48,191 - DEBUG - 局部搜索未能改进当前解
2025-04-08 15:00:48,195 - DEBUG - 执行AGV分配局部搜索，当前完工时间: 1885.00
2025-04-08 15:00:48,197 - DEBUG - 局部搜索未能改进当前解
2025-04-08 15:00:48,202 - DEBUG - 执行AGV分配局部搜索，当前完工时间: 1861.00
2025-04-08 15:00:48,206 - DEBUG - 局部搜索未能改进当前解
2025-04-08 15:00:48,210 - DEBUG - 执行AGV分配局部搜索，当前完工时间: 1897.00
2025-04-08 15:00:48,212 - DEBUG - 局部搜索未能改进当前解
2025-04-08 15:00:48,217 - DEBUG - 执行AGV分配局部搜索，当前完工时间: 1937.00
2025-04-08 15:00:48,221 - DEBUG - 局部搜索未能改进当前解
2025-04-08 15:00:48,224 - DEBUG - 执行AGV分配局部搜索，当前完工时间: 1889.00
2025-04-08 15:00:48,226 - DEBUG - 局部搜索未能改进当前解
2025-04-08 15:00:48,231 - DEBUG - 执行AGV分配局部搜索，当前完工时间: 1876.00
2025-04-08 15:00:48,234 - DEBUG - 局部搜索未能改进当前解
2025-04-08 15:00:48,239 - DEBUG - 执行AGV分配局部搜索，当前完工时间: 1882.00
2025-04-08 15:00:48,241 - DEBUG - 局部搜索未能改进当前解
2025-04-08 15:00:48,246 - DEBUG - 执行AGV分配局部搜索，当前完工时间: 1873.00
2025-04-08 15:00:48,249 - DEBUG - 局部搜索未能改进当前解
2025-04-08 15:00:48,252 - DEBUG - 执行AGV分配局部搜索，当前完工时间: 1934.00
2025-04-08 15:00:48,256 - DEBUG - 局部搜索未能改进当前解
2025-04-08 15:00:48,260 - DEBUG - 执行AGV分配局部搜索，当前完工时间: 1868.00
2025-04-08 15:00:48,264 - DEBUG - 局部搜索未能改进当前解
2025-04-08 15:00:48,266 - DEBUG - 执行AGV分配局部搜索，当前完工时间: 1910.00
2025-04-08 15:00:48,271 - DEBUG - 局部搜索未能改进当前解
2025-04-08 15:00:48,275 - DEBUG - 执行AGV分配局部搜索，当前完工时间: 1886.00
2025-04-08 15:00:48,278 - DEBUG - 局部搜索未能改进当前解
2025-04-08 15:00:48,281 - DEBUG - 执行AGV分配局部搜索，当前完工时间: 1918.00
2025-04-08 15:00:48,285 - DEBUG - 局部搜索未能改进当前解
2025-04-08 15:00:48,289 - DEBUG - 执行AGV分配局部搜索，当前完工时间: 1893.00
2025-04-08 15:00:48,292 - DEBUG - 局部搜索未能改进当前解
2025-04-08 15:00:48,296 - DEBUG - 执行AGV分配局部搜索，当前完工时间: 1919.00
2025-04-08 15:00:48,300 - DEBUG - 局部搜索未能改进当前解
2025-04-08 15:00:48,303 - DEBUG - 执行AGV分配局部搜索，当前完工时间: 1933.00
2025-04-08 15:00:48,307 - DEBUG - 局部搜索未能改进当前解
2025-04-08 15:00:48,311 - DEBUG - 执行AGV分配局部搜索，当前完工时间: 1915.00
2025-04-08 15:00:48,314 - DEBUG - 局部搜索未能改进当前解
2025-04-08 15:00:48,318 - DEBUG - 执行AGV分配局部搜索，当前完工时间: 1903.00
2025-04-08 15:00:48,320 - DEBUG - 局部搜索未能改进当前解
2025-04-08 15:00:48,325 - DEBUG - 执行AGV分配局部搜索，当前完工时间: 1872.00
2025-04-08 15:00:48,329 - DEBUG - 局部搜索未能改进当前解
2025-04-08 15:00:48,332 - DEBUG - 执行AGV分配局部搜索，当前完工时间: 1955.00
2025-04-08 15:00:48,336 - DEBUG - AGV分配局部搜索成功！完工时间从 1955.00 降低到 1863.00，改进: 92.00 (4.71%)
2025-04-08 15:00:48,340 - DEBUG - 执行AGV分配局部搜索，当前完工时间: 1886.00
2025-04-08 15:00:48,344 - DEBUG - 局部搜索未能改进当前解
2025-04-08 15:00:48,347 - DEBUG - 执行AGV分配局部搜索，当前完工时间: 1908.00
2025-04-08 15:00:48,351 - DEBUG - 局部搜索未能改进当前解
2025-04-08 15:00:48,355 - DEBUG - 执行AGV分配局部搜索，当前完工时间: 1911.00
2025-04-08 15:00:48,358 - DEBUG - AGV分配局部搜索成功！完工时间从 1911.00 降低到 1910.00，改进: 1.00 (0.05%)
2025-04-08 15:00:48,362 - DEBUG - 执行AGV分配局部搜索，当前完工时间: 1949.00
2025-04-08 15:00:48,366 - DEBUG - 局部搜索未能改进当前解
2025-04-08 15:00:48,370 - DEBUG - 执行AGV分配局部搜索，当前完工时间: 1888.00
2025-04-08 15:00:48,374 - DEBUG - 局部搜索未能改进当前解
2025-04-08 15:00:48,378 - DEBUG - 执行AGV分配局部搜索，当前完工时间: 1861.00
2025-04-08 15:00:48,381 - DEBUG - 局部搜索未能改进当前解
2025-04-08 15:00:48,385 - DEBUG - 执行AGV分配局部搜索，当前完工时间: 1905.00
2025-04-08 15:00:48,388 - DEBUG - 局部搜索未能改进当前解
2025-04-08 15:00:48,392 - DEBUG - 执行AGV分配局部搜索，当前完工时间: 1894.00
2025-04-08 15:00:48,395 - DEBUG - 局部搜索未能改进当前解
2025-04-08 15:00:48,399 - DEBUG - 执行AGV分配局部搜索，当前完工时间: 1986.00
2025-04-08 15:00:48,403 - DEBUG - 局部搜索未能改进当前解
2025-04-08 15:00:48,406 - DEBUG - 执行AGV分配局部搜索，当前完工时间: 1878.00
2025-04-08 15:00:48,410 - DEBUG - 局部搜索未能改进当前解
2025-04-08 15:00:48,413 - DEBUG - 执行AGV分配局部搜索，当前完工时间: 1948.00
2025-04-08 15:00:48,418 - DEBUG - 局部搜索未能改进当前解
2025-04-08 15:00:48,421 - DEBUG - 执行AGV分配局部搜索，当前完工时间: 1930.00
2025-04-08 15:00:48,425 - DEBUG - 局部搜索未能改进当前解
2025-04-08 15:00:48,428 - DEBUG - 执行AGV分配局部搜索，当前完工时间: 1892.00
2025-04-08 15:00:48,432 - DEBUG - 局部搜索未能改进当前解
2025-04-08 15:00:48,437 - DEBUG - 执行AGV分配局部搜索，当前完工时间: 1912.00
2025-04-08 15:00:48,440 - DEBUG - 局部搜索未能改进当前解
2025-04-08 15:00:48,443 - DEBUG - 执行AGV分配局部搜索，当前完工时间: 1890.00
2025-04-08 15:00:48,447 - DEBUG - 局部搜索未能改进当前解
2025-04-08 15:00:48,452 - DEBUG - 执行AGV分配局部搜索，当前完工时间: 1937.00
2025-04-08 15:00:48,455 - DEBUG - 局部搜索未能改进当前解
2025-04-08 15:00:48,459 - DEBUG - 执行AGV分配局部搜索，当前完工时间: 1870.00
2025-04-08 15:00:48,462 - DEBUG - 局部搜索未能改进当前解
2025-04-08 15:00:48,465 - DEBUG - 执行AGV分配局部搜索，当前完工时间: 1872.00
2025-04-08 15:00:48,470 - DEBUG - 局部搜索未能改进当前解
2025-04-08 15:00:48,473 - DEBUG - 执行AGV分配局部搜索，当前完工时间: 2055.00
2025-04-08 15:00:48,476 - DEBUG - 局部搜索未能改进当前解
2025-04-08 15:00:48,481 - DEBUG - 执行AGV分配局部搜索，当前完工时间: 2057.00
2025-04-08 15:00:48,484 - DEBUG - 局部搜索未能改进当前解
2025-04-08 15:00:48,488 - DEBUG - 执行AGV分配局部搜索，当前完工时间: 1929.00
2025-04-08 15:00:48,491 - DEBUG - 局部搜索未能改进当前解
2025-04-08 15:00:48,494 - DEBUG - 执行AGV分配局部搜索，当前完工时间: 1874.00
2025-04-08 15:00:48,498 - DEBUG - 局部搜索未能改进当前解
2025-04-08 15:00:48,502 - DEBUG - 执行AGV分配局部搜索，当前完工时间: 1831.00
2025-04-08 15:00:48,505 - DEBUG - 局部搜索未能改进当前解
2025-04-08 15:00:48,508 - DEBUG - 执行AGV分配局部搜索，当前完工时间: 1841.00
2025-04-08 15:00:48,512 - DEBUG - 局部搜索未能改进当前解
2025-04-08 15:00:48,516 - DEBUG - 执行AGV分配局部搜索，当前完工时间: 1861.00
2025-04-08 15:00:48,520 - DEBUG - 局部搜索未能改进当前解
2025-04-08 15:00:48,524 - DEBUG - 执行AGV分配局部搜索，当前完工时间: 1817.00
2025-04-08 15:00:48,527 - DEBUG - 局部搜索未能改进当前解
2025-04-08 15:00:48,530 - DEBUG - 执行AGV分配局部搜索，当前完工时间: 1875.00
2025-04-08 15:00:48,534 - DEBUG - 局部搜索未能改进当前解
2025-04-08 15:00:48,538 - DEBUG - 执行AGV分配局部搜索，当前完工时间: 1863.00
2025-04-08 15:00:48,541 - DEBUG - 局部搜索未能改进当前解
2025-04-08 15:00:48,545 - DEBUG - 执行AGV分配局部搜索，当前完工时间: 1884.00
2025-04-08 15:00:48,549 - DEBUG - 局部搜索未能改进当前解
2025-04-08 15:00:48,553 - DEBUG - 执行AGV分配局部搜索，当前完工时间: 1840.00
2025-04-08 15:00:48,556 - DEBUG - 局部搜索未能改进当前解
2025-04-08 15:00:48,560 - DEBUG - 执行AGV分配局部搜索，当前完工时间: 1852.00
2025-04-08 15:00:48,563 - DEBUG - 局部搜索未能改进当前解
2025-04-08 15:00:48,566 - DEBUG - 执行AGV分配局部搜索，当前完工时间: 1948.00
2025-04-08 15:00:48,570 - DEBUG - 局部搜索未能改进当前解
2025-04-08 15:00:48,574 - DEBUG - 执行AGV分配局部搜索，当前完工时间: 1895.00
2025-04-08 15:00:48,579 - DEBUG - 局部搜索未能改进当前解
2025-04-08 15:00:48,582 - DEBUG - 执行AGV分配局部搜索，当前完工时间: 2038.00
2025-04-08 15:00:48,586 - DEBUG - 局部搜索未能改进当前解
2025-04-08 15:00:48,589 - DEBUG - 执行AGV分配局部搜索，当前完工时间: 1844.00
2025-04-08 15:00:48,593 - DEBUG - 局部搜索未能改进当前解
2025-04-08 15:00:48,597 - DEBUG - 执行AGV分配局部搜索，当前完工时间: 1895.00
2025-04-08 15:00:48,600 - DEBUG - 局部搜索未能改进当前解
2025-04-08 15:00:48,604 - DEBUG - 执行AGV分配局部搜索，当前完工时间: 1888.00
2025-04-08 15:00:48,608 - DEBUG - 局部搜索未能改进当前解
2025-04-08 15:00:48,610 - DEBUG - 执行AGV分配局部搜索，当前完工时间: 1869.00
2025-04-08 15:00:48,614 - DEBUG - 局部搜索未能改进当前解
2025-04-08 15:00:48,618 - DEBUG - 执行AGV分配局部搜索，当前完工时间: 1846.00
2025-04-08 15:00:48,620 - DEBUG - 局部搜索未能改进当前解
2025-04-08 15:00:48,625 - DEBUG - 执行AGV分配局部搜索，当前完工时间: 1865.00
2025-04-08 15:00:48,630 - DEBUG - 局部搜索未能改进当前解
2025-04-08 15:00:48,633 - DEBUG - 执行AGV分配局部搜索，当前完工时间: 1964.00
2025-04-08 15:00:48,637 - DEBUG - 局部搜索未能改进当前解
2025-04-08 15:00:48,641 - DEBUG - 执行AGV分配局部搜索，当前完工时间: 1929.00
2025-04-08 15:00:48,644 - DEBUG - 局部搜索未能改进当前解
2025-04-08 15:00:48,647 - DEBUG - 执行AGV分配局部搜索，当前完工时间: 1802.00
2025-04-08 15:00:48,651 - DEBUG - 局部搜索未能改进当前解
2025-04-08 15:00:48,655 - DEBUG - 执行AGV分配局部搜索，当前完工时间: 1994.00
2025-04-08 15:00:48,658 - DEBUG - 局部搜索未能改进当前解
2025-04-08 15:00:48,662 - DEBUG - 执行AGV分配局部搜索，当前完工时间: 1903.00
2025-04-08 15:00:48,665 - DEBUG - 局部搜索未能改进当前解
2025-04-08 15:00:48,669 - DEBUG - 执行AGV分配局部搜索，当前完工时间: 1853.00
2025-04-08 15:00:48,672 - DEBUG - 局部搜索未能改进当前解
2025-04-08 15:00:48,676 - DEBUG - 执行AGV分配局部搜索，当前完工时间: 1987.00
2025-04-08 15:00:48,680 - DEBUG - 局部搜索未能改进当前解
2025-04-08 15:00:48,684 - DEBUG - 执行AGV分配局部搜索，当前完工时间: 1935.00
2025-04-08 15:00:48,688 - DEBUG - 局部搜索未能改进当前解
2025-04-08 15:00:48,689 - DEBUG - ==================================================
2025-04-08 15:00:48,689 - DEBUG - Efficiency Statistics of Local Search :
2025-04-08 15:00:48,689 - DEBUG - Number of attempts: 99
2025-04-08 15:00:48,689 - DEBUG - Average Success Rate: 7.07%
2025-04-08 15:00:48,689 - DEBUG - AGV Local Search Success: 7，Average Improvement: 30.14
2025-04-08 15:00:48,693 - DEBUG - 执行AGV分配局部搜索，当前完工时间: 1947.00
2025-04-08 15:00:48,697 - DEBUG - 局部搜索未能改进当前解
2025-04-08 15:00:48,701 - DEBUG - 执行AGV分配局部搜索，当前完工时间: 1865.00
2025-04-08 15:00:48,705 - DEBUG - 局部搜索未能改进当前解
2025-04-08 15:00:48,710 - DEBUG - 执行AGV分配局部搜索，当前完工时间: 1995.00
2025-04-08 15:00:48,714 - DEBUG - 局部搜索未能改进当前解
2025-04-08 15:00:48,718 - DEBUG - 执行AGV分配局部搜索，当前完工时间: 1950.00
2025-04-08 15:00:48,722 - DEBUG - 局部搜索未能改进当前解
2025-04-08 15:00:48,726 - DEBUG - 执行AGV分配局部搜索，当前完工时间: 1856.00
2025-04-08 15:00:48,729 - DEBUG - 局部搜索未能改进当前解
2025-04-08 15:00:48,733 - DEBUG - 执行AGV分配局部搜索，当前完工时间: 1901.00
2025-04-08 15:00:48,737 - DEBUG - 局部搜索未能改进当前解
2025-04-08 15:00:48,741 - DEBUG - 执行AGV分配局部搜索，当前完工时间: 1921.00
2025-04-08 15:00:48,745 - DEBUG - 局部搜索未能改进当前解
2025-04-08 15:00:48,748 - DEBUG - 执行AGV分配局部搜索，当前完工时间: 1869.00
2025-04-08 15:00:48,753 - DEBUG - 局部搜索未能改进当前解
2025-04-08 15:00:48,757 - DEBUG - 执行AGV分配局部搜索，当前完工时间: 1883.00
2025-04-08 15:00:48,760 - DEBUG - 局部搜索未能改进当前解
2025-04-08 15:00:48,765 - DEBUG - 执行AGV分配局部搜索，当前完工时间: 1838.00
2025-04-08 15:00:48,769 - DEBUG - 局部搜索未能改进当前解
2025-04-08 15:00:48,772 - DEBUG - 执行AGV分配局部搜索，当前完工时间: 1886.00
2025-04-08 15:00:48,776 - DEBUG - 局部搜索未能改进当前解
2025-04-08 15:00:48,780 - DEBUG - 执行AGV分配局部搜索，当前完工时间: 1888.00
2025-04-08 15:00:48,783 - DEBUG - 局部搜索未能改进当前解
2025-04-08 15:00:48,787 - DEBUG - 执行AGV分配局部搜索，当前完工时间: 1909.00
2025-04-08 15:00:48,791 - DEBUG - AGV分配局部搜索成功！完工时间从 1909.00 降低到 1906.00，改进: 3.00 (0.16%)
2025-04-08 15:00:48,795 - DEBUG - 执行AGV分配局部搜索，当前完工时间: 2018.00
2025-04-08 15:00:48,798 - DEBUG - 局部搜索未能改进当前解
2025-04-08 15:00:48,801 - DEBUG - 执行AGV分配局部搜索，当前完工时间: 1954.00
2025-04-08 15:00:48,806 - DEBUG - 局部搜索未能改进当前解
2025-04-08 15:00:48,809 - DEBUG - 执行AGV分配局部搜索，当前完工时间: 1818.00
2025-04-08 15:00:48,813 - DEBUG - 局部搜索未能改进当前解
2025-04-08 15:00:48,816 - DEBUG - 执行AGV分配局部搜索，当前完工时间: 1914.00
2025-04-08 15:00:48,820 - DEBUG - 局部搜索未能改进当前解
2025-04-08 15:00:48,825 - DEBUG - 执行AGV分配局部搜索，当前完工时间: 1827.00
2025-04-08 15:00:48,829 - DEBUG - 局部搜索未能改进当前解
2025-04-08 15:00:48,832 - DEBUG - 执行AGV分配局部搜索，当前完工时间: 2108.00
2025-04-08 15:00:48,836 - DEBUG - 局部搜索未能改进当前解
2025-04-08 15:00:48,840 - DEBUG - 执行AGV分配局部搜索，当前完工时间: 1927.00
2025-04-08 15:00:48,844 - DEBUG - 局部搜索未能改进当前解
2025-04-08 15:00:48,848 - DEBUG - 执行AGV分配局部搜索，当前完工时间: 1918.00
2025-04-08 15:00:48,851 - DEBUG - 局部搜索未能改进当前解
2025-04-08 15:00:48,855 - DEBUG - 执行AGV分配局部搜索，当前完工时间: 1912.00
2025-04-08 15:00:48,859 - DEBUG - 局部搜索未能改进当前解
2025-04-08 15:00:48,864 - DEBUG - 执行AGV分配局部搜索，当前完工时间: 1910.00
2025-04-08 15:00:48,866 - DEBUG - AGV分配局部搜索成功！完工时间从 1910.00 降低到 1902.00，改进: 8.00 (0.42%)
2025-04-08 15:00:48,870 - DEBUG - 执行AGV分配局部搜索，当前完工时间: 1964.00
2025-04-08 15:00:48,875 - DEBUG - 局部搜索未能改进当前解
2025-04-08 15:00:48,879 - DEBUG - 执行AGV分配局部搜索，当前完工时间: 1860.00
2025-04-08 15:00:48,882 - DEBUG - 局部搜索未能改进当前解
2025-04-08 15:00:48,886 - DEBUG - 执行AGV分配局部搜索，当前完工时间: 1915.00
2025-04-08 15:00:48,890 - DEBUG - 局部搜索未能改进当前解
2025-04-08 15:00:48,894 - DEBUG - 执行AGV分配局部搜索，当前完工时间: 1933.00
2025-04-08 15:00:48,897 - DEBUG - 局部搜索未能改进当前解
2025-04-08 15:00:48,901 - DEBUG - 执行AGV分配局部搜索，当前完工时间: 1870.00
2025-04-08 15:00:48,905 - DEBUG - 局部搜索未能改进当前解
2025-04-08 15:00:48,909 - DEBUG - 执行AGV分配局部搜索，当前完工时间: 1888.00
2025-04-08 15:00:48,912 - DEBUG - AGV分配局部搜索成功！完工时间从 1888.00 降低到 1881.00，改进: 7.00 (0.37%)
2025-04-08 15:00:48,917 - DEBUG - 执行AGV分配局部搜索，当前完工时间: 1879.00
2025-04-08 15:00:48,920 - DEBUG - 局部搜索未能改进当前解
2025-04-08 15:00:48,924 - DEBUG - 执行AGV分配局部搜索，当前完工时间: 1948.00
2025-04-08 15:00:48,928 - DEBUG - 局部搜索未能改进当前解
2025-04-08 15:00:48,932 - DEBUG - 执行AGV分配局部搜索，当前完工时间: 1813.00
2025-04-08 15:00:48,935 - DEBUG - 局部搜索未能改进当前解
2025-04-08 15:00:48,939 - DEBUG - 执行AGV分配局部搜索，当前完工时间: 1873.00
2025-04-08 15:00:48,942 - DEBUG - 局部搜索未能改进当前解
2025-04-08 15:00:48,945 - DEBUG - 执行AGV分配局部搜索，当前完工时间: 1945.00
2025-04-08 15:00:48,950 - DEBUG - 局部搜索未能改进当前解
2025-04-08 15:00:48,953 - DEBUG - 执行AGV分配局部搜索，当前完工时间: 1932.00
2025-04-08 15:00:48,957 - DEBUG - 局部搜索未能改进当前解
2025-04-08 15:00:48,960 - DEBUG - 执行AGV分配局部搜索，当前完工时间: 1943.00
2025-04-08 15:00:48,963 - DEBUG - 局部搜索未能改进当前解
2025-04-08 15:00:48,967 - DEBUG - 执行AGV分配局部搜索，当前完工时间: 1864.00
2025-04-08 15:00:48,970 - DEBUG - 局部搜索未能改进当前解
2025-04-08 15:00:48,975 - DEBUG - 执行AGV分配局部搜索，当前完工时间: 1870.00
2025-04-08 15:00:48,979 - DEBUG - AGV分配局部搜索成功！完工时间从 1870.00 降低到 1851.00，改进: 19.00 (1.02%)
2025-04-08 15:00:48,983 - DEBUG - 执行AGV分配局部搜索，当前完工时间: 1945.00
2025-04-08 15:00:48,987 - DEBUG - 局部搜索未能改进当前解
2025-04-08 15:00:48,990 - DEBUG - 执行AGV分配局部搜索，当前完工时间: 1899.00
2025-04-08 15:00:48,994 - DEBUG - AGV分配局部搜索成功！完工时间从 1899.00 降低到 1889.00，改进: 10.00 (0.53%)
2025-04-08 15:00:48,997 - DEBUG - 执行AGV分配局部搜索，当前完工时间: 1859.00
2025-04-08 15:00:49,001 - DEBUG - 局部搜索未能改进当前解
2025-04-08 15:00:49,005 - DEBUG - 执行AGV分配局部搜索，当前完工时间: 1953.00
2025-04-08 15:00:49,008 - DEBUG - 局部搜索未能改进当前解
2025-04-08 15:00:49,012 - DEBUG - 执行AGV分配局部搜索，当前完工时间: 1861.00
2025-04-08 15:00:49,014 - DEBUG - 局部搜索未能改进当前解
2025-04-08 15:00:49,018 - DEBUG - 执行AGV分配局部搜索，当前完工时间: 1899.00
2025-04-08 15:00:49,022 - DEBUG - 局部搜索未能改进当前解
2025-04-08 15:00:49,025 - DEBUG - 执行AGV分配局部搜索，当前完工时间: 2018.00
2025-04-08 15:00:49,029 - DEBUG - AGV分配局部搜索成功！完工时间从 2018.00 降低到 1957.00，改进: 61.00 (3.02%)
2025-04-08 15:00:49,033 - DEBUG - 执行AGV分配局部搜索，当前完工时间: 1964.00
2025-04-08 15:00:49,036 - DEBUG - AGV分配局部搜索成功！完工时间从 1964.00 降低到 1929.00，改进: 35.00 (1.78%)
2025-04-08 15:00:49,040 - DEBUG - 执行AGV分配局部搜索，当前完工时间: 2009.00
2025-04-08 15:00:49,043 - DEBUG - 局部搜索未能改进当前解
2025-04-08 15:00:49,048 - DEBUG - 执行AGV分配局部搜索，当前完工时间: 1926.00
2025-04-08 15:00:49,051 - DEBUG - 局部搜索未能改进当前解
2025-04-08 15:00:49,054 - DEBUG - 执行AGV分配局部搜索，当前完工时间: 1985.00
2025-04-08 15:00:49,058 - DEBUG - 局部搜索未能改进当前解
2025-04-08 15:00:49,062 - DEBUG - 执行AGV分配局部搜索，当前完工时间: 1846.00
2025-04-08 15:00:49,065 - DEBUG - 局部搜索未能改进当前解
2025-04-08 15:00:49,069 - DEBUG - 执行AGV分配局部搜索，当前完工时间: 1913.00
2025-04-08 15:00:49,072 - DEBUG - AGV分配局部搜索成功！完工时间从 1913.00 降低到 1899.00，改进: 14.00 (0.73%)
2025-04-08 15:00:49,075 - DEBUG - 执行AGV分配局部搜索，当前完工时间: 1860.00
2025-04-08 15:00:49,080 - DEBUG - 局部搜索未能改进当前解
2025-04-08 15:00:49,083 - DEBUG - 执行AGV分配局部搜索，当前完工时间: 1838.00
2025-04-08 15:00:49,087 - DEBUG - 局部搜索未能改进当前解
2025-04-08 15:00:49,090 - DEBUG - 执行AGV分配局部搜索，当前完工时间: 1828.00
2025-04-08 15:00:49,094 - DEBUG - 局部搜索未能改进当前解
2025-04-08 15:00:49,097 - DEBUG - 执行AGV分配局部搜索，当前完工时间: 1940.00
2025-04-08 15:00:49,101 - DEBUG - 局部搜索未能改进当前解
2025-04-08 15:00:49,105 - DEBUG - 执行AGV分配局部搜索，当前完工时间: 1869.00
2025-04-08 15:00:49,108 - DEBUG - 局部搜索未能改进当前解
2025-04-08 15:00:49,113 - DEBUG - 执行AGV分配局部搜索，当前完工时间: 1879.00
2025-04-08 15:00:49,116 - DEBUG - 局部搜索未能改进当前解
2025-04-08 15:00:49,120 - DEBUG - 执行AGV分配局部搜索，当前完工时间: 1929.00
2025-04-08 15:00:49,124 - DEBUG - 局部搜索未能改进当前解
2025-04-08 15:00:49,128 - DEBUG - 执行AGV分配局部搜索，当前完工时间: 1843.00
2025-04-08 15:00:49,131 - DEBUG - 局部搜索未能改进当前解
2025-04-08 15:00:49,135 - DEBUG - 执行AGV分配局部搜索，当前完工时间: 1839.00
2025-04-08 15:00:49,138 - DEBUG - 局部搜索未能改进当前解
2025-04-08 15:00:49,143 - DEBUG - 执行AGV分配局部搜索，当前完工时间: 1837.00
2025-04-08 15:00:49,147 - DEBUG - 局部搜索未能改进当前解
2025-04-08 15:00:49,150 - DEBUG - 执行AGV分配局部搜索，当前完工时间: 1918.00
2025-04-08 15:00:49,153 - DEBUG - 局部搜索未能改进当前解
2025-04-08 15:00:49,157 - DEBUG - 执行AGV分配局部搜索，当前完工时间: 1925.00
2025-04-08 15:00:49,161 - DEBUG - 局部搜索未能改进当前解
2025-04-08 15:00:49,165 - DEBUG - 执行AGV分配局部搜索，当前完工时间: 2020.00
2025-04-08 15:00:49,169 - DEBUG - 局部搜索未能改进当前解
2025-04-08 15:00:49,172 - DEBUG - 执行AGV分配局部搜索，当前完工时间: 1902.00
2025-04-08 15:00:49,177 - DEBUG - 局部搜索未能改进当前解
2025-04-08 15:00:49,180 - DEBUG - 执行AGV分配局部搜索，当前完工时间: 1900.00
2025-04-08 15:00:49,183 - DEBUG - 局部搜索未能改进当前解
2025-04-08 15:00:49,187 - DEBUG - 执行AGV分配局部搜索，当前完工时间: 1894.00
2025-04-08 15:00:49,190 - DEBUG - 局部搜索未能改进当前解
2025-04-08 15:00:49,194 - DEBUG - 执行AGV分配局部搜索，当前完工时间: 1870.00
2025-04-08 15:00:49,197 - DEBUG - 局部搜索未能改进当前解
2025-04-08 15:00:49,201 - DEBUG - 执行AGV分配局部搜索，当前完工时间: 1848.00
2025-04-08 15:00:49,204 - DEBUG - 局部搜索未能改进当前解
2025-04-08 15:00:49,207 - DEBUG - 执行AGV分配局部搜索，当前完工时间: 1865.00
2025-04-08 15:00:49,212 - DEBUG - 局部搜索未能改进当前解
2025-04-08 15:00:49,215 - DEBUG - 执行AGV分配局部搜索，当前完工时间: 1899.00
2025-04-08 15:00:49,218 - DEBUG - 局部搜索未能改进当前解
2025-04-08 15:00:49,222 - DEBUG - 执行AGV分配局部搜索，当前完工时间: 1844.00
2025-04-08 15:00:49,225 - DEBUG - 局部搜索未能改进当前解
2025-04-08 15:00:49,229 - DEBUG - 执行AGV分配局部搜索，当前完工时间: 1900.00
2025-04-08 15:00:49,232 - DEBUG - 局部搜索未能改进当前解
2025-04-08 15:00:49,236 - DEBUG - 执行AGV分配局部搜索，当前完工时间: 1939.00
2025-04-08 15:00:49,240 - DEBUG - AGV分配局部搜索成功！完工时间从 1939.00 降低到 1935.00，改进: 4.00 (0.21%)
2025-04-08 15:00:49,244 - DEBUG - 执行AGV分配局部搜索，当前完工时间: 1888.00
2025-04-08 15:00:49,247 - DEBUG - 局部搜索未能改进当前解
2025-04-08 15:00:49,250 - DEBUG - 执行AGV分配局部搜索，当前完工时间: 1949.00
2025-04-08 15:00:49,254 - DEBUG - AGV分配局部搜索成功！完工时间从 1949.00 降低到 1939.00，改进: 10.00 (0.51%)
2025-04-08 15:00:49,258 - DEBUG - 执行AGV分配局部搜索，当前完工时间: 1878.00
2025-04-08 15:00:49,262 - DEBUG - 局部搜索未能改进当前解
2025-04-08 15:00:49,266 - DEBUG - 执行AGV分配局部搜索，当前完工时间: 1894.00
2025-04-08 15:00:49,269 - DEBUG - 局部搜索未能改进当前解
2025-04-08 15:00:49,274 - DEBUG - 执行AGV分配局部搜索，当前完工时间: 1858.00
2025-04-08 15:00:49,276 - DEBUG - AGV分配局部搜索成功！完工时间从 1858.00 降低到 1825.00，改进: 33.00 (1.78%)
2025-04-08 15:00:49,281 - DEBUG - 执行AGV分配局部搜索，当前完工时间: 1964.00
2025-04-08 15:00:49,285 - DEBUG - 局部搜索未能改进当前解
2025-04-08 15:00:49,288 - DEBUG - 执行AGV分配局部搜索，当前完工时间: 1895.00
2025-04-08 15:00:49,292 - DEBUG - 局部搜索未能改进当前解
2025-04-08 15:00:49,295 - DEBUG - 执行AGV分配局部搜索，当前完工时间: 1897.00
2025-04-08 15:00:49,299 - DEBUG - 局部搜索未能改进当前解
2025-04-08 15:00:49,302 - DEBUG - 执行AGV分配局部搜索，当前完工时间: 1903.00
2025-04-08 15:00:49,306 - DEBUG - 局部搜索未能改进当前解
2025-04-08 15:00:49,309 - DEBUG - 执行AGV分配局部搜索，当前完工时间: 1897.00
2025-04-08 15:00:49,313 - DEBUG - 局部搜索未能改进当前解
2025-04-08 15:00:49,316 - DEBUG - 执行AGV分配局部搜索，当前完工时间: 2027.00
2025-04-08 15:00:49,320 - DEBUG - AGV分配局部搜索成功！完工时间从 2027.00 降低到 1994.00，改进: 33.00 (1.63%)
2025-04-08 15:00:49,323 - DEBUG - 执行AGV分配局部搜索，当前完工时间: 1864.00
2025-04-08 15:00:49,328 - DEBUG - 局部搜索未能改进当前解
2025-04-08 15:00:49,331 - DEBUG - 执行AGV分配局部搜索，当前完工时间: 1893.00
2025-04-08 15:00:49,336 - DEBUG - 局部搜索未能改进当前解
2025-04-08 15:00:49,339 - DEBUG - 执行AGV分配局部搜索，当前完工时间: 1893.00
2025-04-08 15:00:49,343 - DEBUG - 局部搜索未能改进当前解
2025-04-08 15:00:49,347 - DEBUG - 执行AGV分配局部搜索，当前完工时间: 1917.00
2025-04-08 15:00:49,350 - DEBUG - 局部搜索未能改进当前解
2025-04-08 15:00:49,354 - DEBUG - 执行AGV分配局部搜索，当前完工时间: 1851.00
2025-04-08 15:00:49,357 - DEBUG - 局部搜索未能改进当前解
2025-04-08 15:00:49,362 - DEBUG - 执行AGV分配局部搜索，当前完工时间: 1793.00
2025-04-08 15:00:49,366 - DEBUG - 局部搜索未能改进当前解
2025-04-08 15:00:49,369 - DEBUG - 执行AGV分配局部搜索，当前完工时间: 1802.00
2025-04-08 15:00:49,373 - DEBUG - 局部搜索未能改进当前解
2025-04-08 15:00:49,376 - DEBUG - 执行AGV分配局部搜索，当前完工时间: 1883.00
2025-04-08 15:00:49,381 - DEBUG - 局部搜索未能改进当前解
2025-04-08 15:00:49,384 - DEBUG - 执行AGV分配局部搜索，当前完工时间: 1874.00
2025-04-08 15:00:49,388 - DEBUG - AGV分配局部搜索成功！完工时间从 1874.00 降低到 1870.00，改进: 4.00 (0.21%)
2025-04-08 15:00:49,392 - DEBUG - 执行AGV分配局部搜索，当前完工时间: 1903.00
2025-04-08 15:00:49,395 - DEBUG - 局部搜索未能改进当前解
2025-04-08 15:00:49,399 - DEBUG - 执行AGV分配局部搜索，当前完工时间: 1948.00
2025-04-08 15:00:49,404 - DEBUG - 局部搜索未能改进当前解
2025-04-08 15:00:49,408 - DEBUG - 执行AGV分配局部搜索，当前完工时间: 1920.00
2025-04-08 15:00:49,412 - DEBUG - 局部搜索未能改进当前解
2025-04-08 15:00:49,415 - DEBUG - 执行AGV分配局部搜索，当前完工时间: 1859.00
2025-04-08 15:00:49,419 - DEBUG - 局部搜索未能改进当前解
2025-04-08 15:00:49,424 - DEBUG - 执行AGV分配局部搜索，当前完工时间: 1828.00
2025-04-08 15:00:49,427 - DEBUG - AGV分配局部搜索成功！完工时间从 1828.00 降低到 1814.00，改进: 14.00 (0.77%)
2025-04-08 15:00:49,428 - DEBUG - ==================================================
2025-04-08 15:00:49,428 - DEBUG - Efficiency Statistics of Local Search :
2025-04-08 15:00:49,428 - DEBUG - Number of attempts: 99
2025-04-08 15:00:49,428 - DEBUG - Average Success Rate: 14.14%
2025-04-08 15:00:49,428 - DEBUG - AGV Local Search Success: 14，Average Improvement: 18.21
2025-04-08 15:00:49,432 - DEBUG - 执行AGV分配局部搜索，当前完工时间: 1902.00
2025-04-08 15:00:49,436 - DEBUG - 局部搜索未能改进当前解
2025-04-08 15:00:49,441 - DEBUG - 执行AGV分配局部搜索，当前完工时间: 1974.00
2025-04-08 15:00:49,444 - DEBUG - AGV分配局部搜索成功！完工时间从 1974.00 降低到 1964.00，改进: 10.00 (0.51%)
2025-04-08 15:00:49,448 - DEBUG - 执行AGV分配局部搜索，当前完工时间: 1966.00
2025-04-08 15:00:49,452 - DEBUG - 局部搜索未能改进当前解
2025-04-08 15:00:49,455 - DEBUG - 执行AGV分配局部搜索，当前完工时间: 1867.00
2025-04-08 15:00:49,459 - DEBUG - 局部搜索未能改进当前解
2025-04-08 15:00:49,462 - DEBUG - 执行AGV分配局部搜索，当前完工时间: 2026.00
2025-04-08 15:00:49,466 - DEBUG - 局部搜索未能改进当前解
2025-04-08 15:00:49,471 - DEBUG - 执行AGV分配局部搜索，当前完工时间: 1862.00
2025-04-08 15:00:49,475 - DEBUG - 局部搜索未能改进当前解
2025-04-08 15:00:49,477 - DEBUG - 执行AGV分配局部搜索，当前完工时间: 1814.00
2025-04-08 15:00:49,481 - DEBUG - 局部搜索未能改进当前解
2025-04-08 15:00:49,485 - DEBUG - 执行AGV分配局部搜索，当前完工时间: 1913.00
2025-04-08 15:00:49,490 - DEBUG - 局部搜索未能改进当前解
2025-04-08 15:00:49,493 - DEBUG - 执行AGV分配局部搜索，当前完工时间: 1873.00
2025-04-08 15:00:49,497 - DEBUG - 局部搜索未能改进当前解
2025-04-08 15:00:49,500 - DEBUG - 执行AGV分配局部搜索，当前完工时间: 1865.00
2025-04-08 15:00:49,504 - DEBUG - 局部搜索未能改进当前解
2025-04-08 15:00:49,508 - DEBUG - 执行AGV分配局部搜索，当前完工时间: 1894.00
2025-04-08 15:00:49,511 - DEBUG - 局部搜索未能改进当前解
2025-04-08 15:00:49,514 - DEBUG - 执行AGV分配局部搜索，当前完工时间: 1946.00
2025-04-08 15:00:49,519 - DEBUG - 局部搜索未能改进当前解
2025-04-08 15:00:49,522 - DEBUG - 执行AGV分配局部搜索，当前完工时间: 1869.00
2025-04-08 15:00:49,526 - DEBUG - 局部搜索未能改进当前解
2025-04-08 15:00:49,530 - DEBUG - 执行AGV分配局部搜索，当前完工时间: 1955.00
2025-04-08 15:00:49,534 - DEBUG - 局部搜索未能改进当前解
2025-04-08 15:00:49,537 - DEBUG - 执行AGV分配局部搜索，当前完工时间: 1813.00
2025-04-08 15:00:49,541 - DEBUG - 局部搜索未能改进当前解
2025-04-08 15:00:49,545 - DEBUG - 执行AGV分配局部搜索，当前完工时间: 1859.00
2025-04-08 15:00:49,548 - DEBUG - 局部搜索未能改进当前解
2025-04-08 15:00:49,552 - DEBUG - 执行AGV分配局部搜索，当前完工时间: 1841.00
2025-04-08 15:00:49,556 - DEBUG - 局部搜索未能改进当前解
2025-04-08 15:00:49,560 - DEBUG - 执行AGV分配局部搜索，当前完工时间: 1837.00
2025-04-08 15:00:49,564 - DEBUG - AGV分配局部搜索成功！完工时间从 1837.00 降低到 1834.00，改进: 3.00 (0.16%)
2025-04-08 15:00:49,568 - DEBUG - 执行AGV分配局部搜索，当前完工时间: 1912.00
2025-04-08 15:00:49,572 - DEBUG - AGV分配局部搜索成功！完工时间从 1912.00 降低到 1884.00，改进: 28.00 (1.46%)
2025-04-08 15:00:49,575 - DEBUG - 执行AGV分配局部搜索，当前完工时间: 1863.00
2025-04-08 15:00:49,579 - DEBUG - 局部搜索未能改进当前解
2025-04-08 15:00:49,582 - DEBUG - 执行AGV分配局部搜索，当前完工时间: 1869.00
2025-04-08 15:00:49,586 - DEBUG - 局部搜索未能改进当前解
2025-04-08 15:00:49,590 - DEBUG - 执行AGV分配局部搜索，当前完工时间: 1881.00
2025-04-08 15:00:49,593 - DEBUG - AGV分配局部搜索成功！完工时间从 1881.00 降低到 1878.00，改进: 3.00 (0.16%)
2025-04-08 15:00:49,597 - DEBUG - 执行AGV分配局部搜索，当前完工时间: 1883.00
2025-04-08 15:00:49,600 - DEBUG - 局部搜索未能改进当前解
2025-04-08 15:00:49,604 - DEBUG - 执行AGV分配局部搜索，当前完工时间: 1929.00
2025-04-08 15:00:49,608 - DEBUG - AGV分配局部搜索成功！完工时间从 1929.00 降低到 1868.00，改进: 61.00 (3.16%)
2025-04-08 15:00:49,612 - DEBUG - 执行AGV分配局部搜索，当前完工时间: 1941.00
2025-04-08 15:00:49,616 - DEBUG - 局部搜索未能改进当前解
2025-04-08 15:00:49,620 - DEBUG - 执行AGV分配局部搜索，当前完工时间: 1922.00
2025-04-08 15:00:49,623 - DEBUG - 局部搜索未能改进当前解
2025-04-08 15:00:49,627 - DEBUG - 执行AGV分配局部搜索，当前完工时间: 1850.00
2025-04-08 15:00:49,631 - DEBUG - 局部搜索未能改进当前解
2025-04-08 15:00:49,634 - DEBUG - 执行AGV分配局部搜索，当前完工时间: 1872.00
2025-04-08 15:00:49,637 - DEBUG - 局部搜索未能改进当前解
2025-04-08 15:00:49,641 - DEBUG - 执行AGV分配局部搜索，当前完工时间: 1927.00
2025-04-08 15:00:49,645 - DEBUG - 局部搜索未能改进当前解
2025-04-08 15:00:49,647 - DEBUG - 执行AGV分配局部搜索，当前完工时间: 1935.00
2025-04-08 15:00:49,652 - DEBUG - 局部搜索未能改进当前解
2025-04-08 15:00:49,655 - DEBUG - 执行AGV分配局部搜索，当前完工时间: 1842.00
2025-04-08 15:00:49,659 - DEBUG - 局部搜索未能改进当前解
2025-04-08 15:00:49,663 - DEBUG - 执行AGV分配局部搜索，当前完工时间: 1837.00
2025-04-08 15:00:49,666 - DEBUG - 局部搜索未能改进当前解
2025-04-08 15:00:49,669 - DEBUG - 执行AGV分配局部搜索，当前完工时间: 1907.00
2025-04-08 15:00:49,674 - DEBUG - 局部搜索未能改进当前解
2025-04-08 15:00:49,676 - DEBUG - 执行AGV分配局部搜索，当前完工时间: 1859.00
2025-04-08 15:00:49,680 - DEBUG - 局部搜索未能改进当前解
2025-04-08 15:00:49,684 - DEBUG - 执行AGV分配局部搜索，当前完工时间: 1881.00
2025-04-08 15:00:49,687 - DEBUG - 局部搜索未能改进当前解
2025-04-08 15:00:49,691 - DEBUG - 执行AGV分配局部搜索，当前完工时间: 1897.00
2025-04-08 15:00:49,695 - DEBUG - AGV分配局部搜索成功！完工时间从 1897.00 降低到 1896.00，改进: 1.00 (0.05%)
2025-04-08 15:00:49,698 - DEBUG - 执行AGV分配局部搜索，当前完工时间: 1833.00
2025-04-08 15:00:49,702 - DEBUG - 局部搜索未能改进当前解
2025-04-08 15:00:49,706 - DEBUG - 执行AGV分配局部搜索，当前完工时间: 1827.00
2025-04-08 15:00:49,710 - DEBUG - 局部搜索未能改进当前解
2025-04-08 15:00:49,713 - DEBUG - 执行AGV分配局部搜索，当前完工时间: 1919.00
2025-04-08 15:00:49,716 - DEBUG - 局部搜索未能改进当前解
2025-04-08 15:00:49,720 - DEBUG - 执行AGV分配局部搜索，当前完工时间: 1927.00
2025-04-08 15:00:49,724 - DEBUG - 局部搜索未能改进当前解
2025-04-08 15:00:49,728 - DEBUG - 执行AGV分配局部搜索，当前完工时间: 1923.00
2025-04-08 15:00:49,731 - DEBUG - 局部搜索未能改进当前解
2025-04-08 15:00:49,735 - DEBUG - 执行AGV分配局部搜索，当前完工时间: 1932.00
2025-04-08 15:00:49,739 - DEBUG - 局部搜索未能改进当前解
2025-04-08 15:00:49,743 - DEBUG - 执行AGV分配局部搜索，当前完工时间: 1965.00
2025-04-08 15:00:49,746 - DEBUG - 局部搜索未能改进当前解
2025-04-08 15:00:49,749 - DEBUG - 执行AGV分配局部搜索，当前完工时间: 1944.00
2025-04-08 15:00:49,754 - DEBUG - 局部搜索未能改进当前解
2025-04-08 15:00:49,759 - DEBUG - 执行AGV分配局部搜索，当前完工时间: 1967.00
2025-04-08 15:00:49,762 - DEBUG - AGV分配局部搜索成功！完工时间从 1967.00 降低到 1959.00，改进: 8.00 (0.41%)
2025-04-08 15:00:49,767 - DEBUG - 执行AGV分配局部搜索，当前完工时间: 1879.00
2025-04-08 15:00:49,770 - DEBUG - 局部搜索未能改进当前解
2025-04-08 15:00:49,775 - DEBUG - 执行AGV分配局部搜索，当前完工时间: 1911.00
2025-04-08 15:00:49,780 - DEBUG - AGV分配局部搜索成功！完工时间从 1911.00 降低到 1897.00，改进: 14.00 (0.73%)
2025-04-08 15:00:49,784 - DEBUG - 执行AGV分配局部搜索，当前完工时间: 1925.00
2025-04-08 15:00:49,788 - DEBUG - AGV分配局部搜索成功！完工时间从 1925.00 降低到 1917.00，改进: 8.00 (0.42%)
2025-04-08 15:00:49,792 - DEBUG - 执行AGV分配局部搜索，当前完工时间: 2072.00
2025-04-08 15:00:49,796 - DEBUG - 局部搜索未能改进当前解
2025-04-08 15:00:49,799 - DEBUG - 执行AGV分配局部搜索，当前完工时间: 1977.00
2025-04-08 15:00:49,803 - DEBUG - 局部搜索未能改进当前解
2025-04-08 15:00:49,807 - DEBUG - 执行AGV分配局部搜索，当前完工时间: 1977.00
2025-04-08 15:00:49,810 - DEBUG - AGV分配局部搜索成功！完工时间从 1977.00 降低到 1972.00，改进: 5.00 (0.25%)
2025-04-08 15:00:49,814 - DEBUG - 执行AGV分配局部搜索，当前完工时间: 1897.00
2025-04-08 15:00:49,818 - DEBUG - 局部搜索未能改进当前解
2025-04-08 15:00:49,822 - DEBUG - 执行AGV分配局部搜索，当前完工时间: 1974.00
2025-04-08 15:00:49,825 - DEBUG - 局部搜索未能改进当前解
2025-04-08 15:00:49,829 - DEBUG - 执行AGV分配局部搜索，当前完工时间: 1841.00
2025-04-08 15:00:49,833 - DEBUG - 局部搜索未能改进当前解
2025-04-08 15:00:49,837 - DEBUG - 执行AGV分配局部搜索，当前完工时间: 1935.00
2025-04-08 15:00:49,840 - DEBUG - 局部搜索未能改进当前解
2025-04-08 15:00:49,845 - DEBUG - 执行AGV分配局部搜索，当前完工时间: 1918.00
2025-04-08 15:00:49,847 - DEBUG - 局部搜索未能改进当前解
2025-04-08 15:00:49,852 - DEBUG - 执行AGV分配局部搜索，当前完工时间: 1920.00
2025-04-08 15:00:49,856 - DEBUG - 局部搜索未能改进当前解
2025-04-08 15:00:49,859 - DEBUG - 执行AGV分配局部搜索，当前完工时间: 1978.00
2025-04-08 15:00:49,862 - DEBUG - 局部搜索未能改进当前解
2025-04-08 15:00:49,866 - DEBUG - 执行AGV分配局部搜索，当前完工时间: 1883.00
2025-04-08 15:00:49,871 - DEBUG - 局部搜索未能改进当前解
2025-04-08 15:00:49,874 - DEBUG - 执行AGV分配局部搜索，当前完工时间: 1942.00
2025-04-08 15:00:49,878 - DEBUG - 局部搜索未能改进当前解
2025-04-08 15:00:49,882 - DEBUG - 执行AGV分配局部搜索，当前完工时间: 1919.00
2025-04-08 15:00:49,886 - DEBUG - AGV分配局部搜索成功！完工时间从 1919.00 降低到 1917.00，改进: 2.00 (0.10%)
2025-04-08 15:00:49,889 - DEBUG - 执行AGV分配局部搜索，当前完工时间: 1855.00
2025-04-08 15:00:49,893 - DEBUG - AGV分配局部搜索成功！完工时间从 1855.00 降低到 1854.00，改进: 1.00 (0.05%)
2025-04-08 15:00:49,897 - DEBUG - 执行AGV分配局部搜索，当前完工时间: 1822.00
2025-04-08 15:00:49,899 - DEBUG - 局部搜索未能改进当前解
2025-04-08 15:00:49,903 - DEBUG - 执行AGV分配局部搜索，当前完工时间: 1929.00
2025-04-08 15:00:49,909 - DEBUG - AGV分配局部搜索成功！完工时间从 1929.00 降低到 1923.00，改进: 6.00 (0.31%)
2025-04-08 15:00:49,912 - DEBUG - 执行AGV分配局部搜索，当前完工时间: 1861.00
2025-04-08 15:00:49,915 - DEBUG - 局部搜索未能改进当前解
2025-04-08 15:00:49,919 - DEBUG - 执行AGV分配局部搜索，当前完工时间: 1902.00
2025-04-08 15:00:49,923 - DEBUG - 局部搜索未能改进当前解
2025-04-08 15:00:49,927 - DEBUG - 执行AGV分配局部搜索，当前完工时间: 1932.00
2025-04-08 15:00:49,930 - DEBUG - AGV分配局部搜索成功！完工时间从 1932.00 降低到 1918.00，改进: 14.00 (0.72%)
2025-04-08 15:00:49,934 - DEBUG - 执行AGV分配局部搜索，当前完工时间: 1929.00
2025-04-08 15:00:49,938 - DEBUG - 局部搜索未能改进当前解
2025-04-08 15:00:49,942 - DEBUG - 执行AGV分配局部搜索，当前完工时间: 1865.00
2025-04-08 15:00:49,945 - DEBUG - 局部搜索未能改进当前解
2025-04-08 15:00:49,949 - DEBUG - 执行AGV分配局部搜索，当前完工时间: 1842.00
2025-04-08 15:00:49,953 - DEBUG - 局部搜索未能改进当前解
2025-04-08 15:00:49,957 - DEBUG - 执行AGV分配局部搜索，当前完工时间: 2041.00
2025-04-08 15:00:49,960 - DEBUG - 局部搜索未能改进当前解
2025-04-08 15:00:49,964 - DEBUG - 执行AGV分配局部搜索，当前完工时间: 1843.00
2025-04-08 15:00:49,969 - DEBUG - AGV分配局部搜索成功！完工时间从 1843.00 降低到 1796.00，改进: 47.00 (2.55%)
2025-04-08 15:00:49,972 - DEBUG - 执行AGV分配局部搜索，当前完工时间: 1843.00
2025-04-08 15:00:49,975 - DEBUG - 局部搜索未能改进当前解
2025-04-08 15:00:49,980 - DEBUG - 执行AGV分配局部搜索，当前完工时间: 1904.00
2025-04-08 15:00:49,983 - DEBUG - 局部搜索未能改进当前解
2025-04-08 15:00:49,986 - DEBUG - 执行AGV分配局部搜索，当前完工时间: 1868.00
2025-04-08 15:00:49,990 - DEBUG - 局部搜索未能改进当前解
2025-04-08 15:00:49,994 - DEBUG - 执行AGV分配局部搜索，当前完工时间: 1996.00
2025-04-08 15:00:49,998 - DEBUG - 局部搜索未能改进当前解
2025-04-08 15:00:50,002 - DEBUG - 执行AGV分配局部搜索，当前完工时间: 1932.00
2025-04-08 15:00:50,006 - DEBUG - 局部搜索未能改进当前解
2025-04-08 15:00:50,010 - DEBUG - 执行AGV分配局部搜索，当前完工时间: 1976.00
2025-04-08 15:00:50,013 - DEBUG - 局部搜索未能改进当前解
2025-04-08 15:00:50,017 - DEBUG - 执行AGV分配局部搜索，当前完工时间: 1903.00
2025-04-08 15:00:50,020 - DEBUG - 局部搜索未能改进当前解
2025-04-08 15:00:50,024 - DEBUG - 执行AGV分配局部搜索，当前完工时间: 1895.00
2025-04-08 15:00:50,028 - DEBUG - 局部搜索未能改进当前解
2025-04-08 15:00:50,032 - DEBUG - 执行AGV分配局部搜索，当前完工时间: 1826.00
2025-04-08 15:00:50,035 - DEBUG - 局部搜索未能改进当前解
2025-04-08 15:00:50,038 - DEBUG - 执行AGV分配局部搜索，当前完工时间: 1869.00
2025-04-08 15:00:50,043 - DEBUG - 局部搜索未能改进当前解
2025-04-08 15:00:50,046 - DEBUG - 执行AGV分配局部搜索，当前完工时间: 1941.00
2025-04-08 15:00:50,049 - DEBUG - 局部搜索未能改进当前解
2025-04-08 15:00:50,053 - DEBUG - 执行AGV分配局部搜索，当前完工时间: 1873.00
2025-04-08 15:00:50,056 - DEBUG - 局部搜索未能改进当前解
2025-04-08 15:00:50,062 - DEBUG - 执行AGV分配局部搜索，当前完工时间: 1921.00
2025-04-08 15:00:50,064 - DEBUG - 局部搜索未能改进当前解
2025-04-08 15:00:50,068 - DEBUG - 执行AGV分配局部搜索，当前完工时间: 1921.00
2025-04-08 15:00:50,072 - DEBUG - 局部搜索未能改进当前解
2025-04-08 15:00:50,076 - DEBUG - 执行AGV分配局部搜索，当前完工时间: 1859.00
2025-04-08 15:00:50,080 - DEBUG - AGV分配局部搜索成功！完工时间从 1859.00 降低到 1834.00，改进: 25.00 (1.34%)
2025-04-08 15:00:50,084 - DEBUG - 执行AGV分配局部搜索，当前完工时间: 1882.00
2025-04-08 15:00:50,087 - DEBUG - 局部搜索未能改进当前解
2025-04-08 15:00:50,091 - DEBUG - 执行AGV分配局部搜索，当前完工时间: 1930.00
2025-04-08 15:00:50,095 - DEBUG - 局部搜索未能改进当前解
2025-04-08 15:00:50,099 - DEBUG - 执行AGV分配局部搜索，当前完工时间: 1927.00
2025-04-08 15:00:50,102 - DEBUG - 局部搜索未能改进当前解
2025-04-08 15:00:50,107 - DEBUG - 执行AGV分配局部搜索，当前完工时间: 1853.00
2025-04-08 15:00:50,110 - DEBUG - 局部搜索未能改进当前解
2025-04-08 15:00:50,114 - DEBUG - 执行AGV分配局部搜索，当前完工时间: 1860.00
2025-04-08 15:00:50,118 - DEBUG - 局部搜索未能改进当前解
2025-04-08 15:00:50,121 - DEBUG - 执行AGV分配局部搜索，当前完工时间: 1836.00
2025-04-08 15:00:50,125 - DEBUG - 局部搜索未能改进当前解
2025-04-08 15:00:50,129 - DEBUG - 执行AGV分配局部搜索，当前完工时间: 1893.00
2025-04-08 15:00:50,132 - DEBUG - 局部搜索未能改进当前解
2025-04-08 15:00:50,136 - DEBUG - 执行AGV分配局部搜索，当前完工时间: 2028.00
2025-04-08 15:00:50,140 - DEBUG - 局部搜索未能改进当前解
2025-04-08 15:00:50,143 - DEBUG - 执行AGV分配局部搜索，当前完工时间: 1866.00
2025-04-08 15:00:50,147 - DEBUG - 局部搜索未能改进当前解
2025-04-08 15:00:50,151 - DEBUG - 执行AGV分配局部搜索，当前完工时间: 1977.00
2025-04-08 15:00:50,155 - DEBUG - 局部搜索未能改进当前解
2025-04-08 15:00:50,160 - DEBUG - 执行AGV分配局部搜索，当前完工时间: 1933.00
2025-04-08 15:00:50,163 - DEBUG - 局部搜索未能改进当前解
2025-04-08 15:00:50,166 - DEBUG - 执行AGV分配局部搜索，当前完工时间: 1947.00
2025-04-08 15:00:50,170 - DEBUG - 局部搜索未能改进当前解
2025-04-08 15:00:50,171 - DEBUG - ==================================================
2025-04-08 15:00:50,171 - DEBUG - Efficiency Statistics of Local Search :
2025-04-08 15:00:50,171 - DEBUG - Number of attempts: 99
2025-04-08 15:00:50,171 - DEBUG - Average Success Rate: 16.16%
2025-04-08 15:00:50,171 - DEBUG - AGV Local Search Success: 16，Average Improvement: 14.75
2025-04-08 15:00:50,174 - DEBUG - 执行AGV分配局部搜索，当前完工时间: 1815.00
2025-04-08 15:00:50,179 - DEBUG - 局部搜索未能改进当前解
2025-04-08 15:00:50,183 - DEBUG - 执行AGV分配局部搜索，当前完工时间: 1869.00
2025-04-08 15:00:50,187 - DEBUG - 局部搜索未能改进当前解
2025-04-08 15:00:50,191 - DEBUG - 执行AGV分配局部搜索，当前完工时间: 1931.00
2025-04-08 15:00:50,195 - DEBUG - 局部搜索未能改进当前解
2025-04-08 15:00:50,198 - DEBUG - 执行AGV分配局部搜索，当前完工时间: 1860.00
2025-04-08 15:00:50,202 - DEBUG - 局部搜索未能改进当前解
2025-04-08 15:00:50,206 - DEBUG - 执行AGV分配局部搜索，当前完工时间: 1882.00
2025-04-08 15:00:50,210 - DEBUG - 局部搜索未能改进当前解
2025-04-08 15:00:50,213 - DEBUG - 执行AGV分配局部搜索，当前完工时间: 1920.00
2025-04-08 15:00:50,218 - DEBUG - AGV分配局部搜索成功！完工时间从 1920.00 降低到 1900.00，改进: 20.00 (1.04%)
2025-04-08 15:00:50,222 - DEBUG - 执行AGV分配局部搜索，当前完工时间: 1958.00
2025-04-08 15:00:50,224 - DEBUG - 局部搜索未能改进当前解
2025-04-08 15:00:50,229 - DEBUG - 执行AGV分配局部搜索，当前完工时间: 1873.00
2025-04-08 15:00:50,233 - DEBUG - 局部搜索未能改进当前解
2025-04-08 15:00:50,236 - DEBUG - 执行AGV分配局部搜索，当前完工时间: 1948.00
2025-04-08 15:00:50,241 - DEBUG - 局部搜索未能改进当前解
2025-04-08 15:00:50,244 - DEBUG - 执行AGV分配局部搜索，当前完工时间: 1821.00
2025-04-08 15:00:50,247 - DEBUG - 局部搜索未能改进当前解
2025-04-08 15:00:50,252 - DEBUG - 执行AGV分配局部搜索，当前完工时间: 1997.00
2025-04-08 15:00:50,255 - DEBUG - 局部搜索未能改进当前解
2025-04-08 15:00:50,260 - DEBUG - 执行AGV分配局部搜索，当前完工时间: 2004.00
2025-04-08 15:00:50,262 - DEBUG - 局部搜索未能改进当前解
2025-04-08 15:00:50,266 - DEBUG - 执行AGV分配局部搜索，当前完工时间: 1938.00
2025-04-08 15:00:50,270 - DEBUG - 局部搜索未能改进当前解
2025-04-08 15:00:50,274 - DEBUG - 执行AGV分配局部搜索，当前完工时间: 1871.00
2025-04-08 15:00:50,278 - DEBUG - 局部搜索未能改进当前解
2025-04-08 15:00:50,282 - DEBUG - 执行AGV分配局部搜索，当前完工时间: 1864.00
2025-04-08 15:00:50,286 - DEBUG - 局部搜索未能改进当前解
2025-04-08 15:00:50,289 - DEBUG - 执行AGV分配局部搜索，当前完工时间: 1983.00
2025-04-08 15:00:50,294 - DEBUG - 局部搜索未能改进当前解
2025-04-08 15:00:50,297 - DEBUG - 执行AGV分配局部搜索，当前完工时间: 1831.00
2025-04-08 15:00:50,301 - DEBUG - 局部搜索未能改进当前解
2025-04-08 15:00:50,304 - DEBUG - 执行AGV分配局部搜索，当前完工时间: 1884.00
2025-04-08 15:00:50,309 - DEBUG - 局部搜索未能改进当前解
2025-04-08 15:00:50,312 - DEBUG - 执行AGV分配局部搜索，当前完工时间: 1992.00
2025-04-08 15:00:50,316 - DEBUG - 局部搜索未能改进当前解
2025-04-08 15:00:50,320 - DEBUG - 执行AGV分配局部搜索，当前完工时间: 1840.00
2025-04-08 15:00:50,323 - DEBUG - 局部搜索未能改进当前解
2025-04-08 15:00:50,328 - DEBUG - 执行AGV分配局部搜索，当前完工时间: 1852.00
2025-04-08 15:00:50,331 - DEBUG - 局部搜索未能改进当前解
2025-04-08 15:00:50,336 - DEBUG - 执行AGV分配局部搜索，当前完工时间: 1887.00
2025-04-08 15:00:50,338 - DEBUG - 局部搜索未能改进当前解
2025-04-08 15:00:50,343 - DEBUG - 执行AGV分配局部搜索，当前完工时间: 1903.00
2025-04-08 15:00:50,347 - DEBUG - 局部搜索未能改进当前解
2025-04-08 15:00:50,350 - DEBUG - 执行AGV分配局部搜索，当前完工时间: 1891.00
2025-04-08 15:00:50,354 - DEBUG - 局部搜索未能改进当前解
2025-04-08 15:00:50,358 - DEBUG - 执行AGV分配局部搜索，当前完工时间: 1903.00
2025-04-08 15:00:50,362 - DEBUG - 局部搜索未能改进当前解
2025-04-08 15:00:50,366 - DEBUG - 执行AGV分配局部搜索，当前完工时间: 2005.00
2025-04-08 15:00:50,370 - DEBUG - 局部搜索未能改进当前解
2025-04-08 15:00:50,373 - DEBUG - 执行AGV分配局部搜索，当前完工时间: 1856.00
2025-04-08 15:00:50,377 - DEBUG - 局部搜索未能改进当前解
2025-04-08 15:00:50,380 - DEBUG - 执行AGV分配局部搜索，当前完工时间: 1855.00
2025-04-08 15:00:50,385 - DEBUG - 局部搜索未能改进当前解
2025-04-08 15:00:50,389 - DEBUG - 执行AGV分配局部搜索，当前完工时间: 1855.00
2025-04-08 15:00:50,392 - DEBUG - 局部搜索未能改进当前解
2025-04-08 15:00:50,396 - DEBUG - 执行AGV分配局部搜索，当前完工时间: 1951.00
2025-04-08 15:00:50,400 - DEBUG - AGV分配局部搜索成功！完工时间从 1951.00 降低到 1928.00，改进: 23.00 (1.18%)
2025-04-08 15:00:50,404 - DEBUG - 执行AGV分配局部搜索，当前完工时间: 1839.00
2025-04-08 15:00:50,407 - DEBUG - AGV分配局部搜索成功！完工时间从 1839.00 降低到 1828.00，改进: 11.00 (0.60%)
2025-04-08 15:00:50,410 - DEBUG - 执行AGV分配局部搜索，当前完工时间: 1846.00
2025-04-08 15:00:50,414 - DEBUG - 局部搜索未能改进当前解
2025-04-08 15:00:50,418 - DEBUG - 执行AGV分配局部搜索，当前完工时间: 1849.00
2025-04-08 15:00:50,422 - DEBUG - 局部搜索未能改进当前解
2025-04-08 15:00:50,425 - DEBUG - 执行AGV分配局部搜索，当前完工时间: 1893.00
2025-04-08 15:00:50,429 - DEBUG - 局部搜索未能改进当前解
2025-04-08 15:00:50,433 - DEBUG - 执行AGV分配局部搜索，当前完工时间: 1912.00
2025-04-08 15:00:50,436 - DEBUG - 局部搜索未能改进当前解
2025-04-08 15:00:50,441 - DEBUG - 执行AGV分配局部搜索，当前完工时间: 1859.00
2025-04-08 15:00:50,445 - DEBUG - 局部搜索未能改进当前解
2025-04-08 15:00:50,447 - DEBUG - 执行AGV分配局部搜索，当前完工时间: 1935.00
2025-04-08 15:00:50,452 - DEBUG - AGV分配局部搜索成功！完工时间从 1935.00 降低到 1896.00，改进: 39.00 (2.02%)
2025-04-08 15:00:50,456 - DEBUG - 执行AGV分配局部搜索，当前完工时间: 1911.00
2025-04-08 15:00:50,459 - DEBUG - 局部搜索未能改进当前解
2025-04-08 15:00:50,463 - DEBUG - 执行AGV分配局部搜索，当前完工时间: 1862.00
2025-04-08 15:00:50,466 - DEBUG - 局部搜索未能改进当前解
2025-04-08 15:00:50,470 - DEBUG - 执行AGV分配局部搜索，当前完工时间: 1915.00
2025-04-08 15:00:50,474 - DEBUG - 局部搜索未能改进当前解
2025-04-08 15:00:50,478 - DEBUG - 执行AGV分配局部搜索，当前完工时间: 1960.00
2025-04-08 15:00:50,482 - DEBUG - 局部搜索未能改进当前解
2025-04-08 15:00:50,486 - DEBUG - 执行AGV分配局部搜索，当前完工时间: 1830.00
2025-04-08 15:00:50,489 - DEBUG - 局部搜索未能改进当前解
2025-04-08 15:00:50,492 - DEBUG - 执行AGV分配局部搜索，当前完工时间: 1888.00
2025-04-08 15:00:50,497 - DEBUG - 局部搜索未能改进当前解
2025-04-08 15:00:50,501 - DEBUG - 执行AGV分配局部搜索，当前完工时间: 1897.00
2025-04-08 15:00:50,504 - DEBUG - 局部搜索未能改进当前解
2025-04-08 15:00:50,507 - DEBUG - 执行AGV分配局部搜索，当前完工时间: 1836.00
2025-04-08 15:00:50,510 - DEBUG - 局部搜索未能改进当前解
2025-04-08 15:00:50,515 - DEBUG - 执行AGV分配局部搜索，当前完工时间: 1903.00
2025-04-08 15:00:50,519 - DEBUG - 局部搜索未能改进当前解
2025-04-08 15:00:50,522 - DEBUG - 执行AGV分配局部搜索，当前完工时间: 2036.00
2025-04-08 15:00:50,526 - DEBUG - AGV分配局部搜索成功！完工时间从 2036.00 降低到 2034.00，改进: 2.00 (0.10%)
2025-04-08 15:00:50,531 - DEBUG - 执行AGV分配局部搜索，当前完工时间: 1859.00
2025-04-08 15:00:50,534 - DEBUG - 局部搜索未能改进当前解
2025-04-08 15:00:50,538 - DEBUG - 执行AGV分配局部搜索，当前完工时间: 1958.00
2025-04-08 15:00:50,542 - DEBUG - 局部搜索未能改进当前解
2025-04-08 15:00:50,545 - DEBUG - 执行AGV分配局部搜索，当前完工时间: 1900.00
2025-04-08 15:00:50,550 - DEBUG - 局部搜索未能改进当前解
2025-04-08 15:00:50,553 - DEBUG - 执行AGV分配局部搜索，当前完工时间: 1999.00
2025-04-08 15:00:50,557 - DEBUG - 局部搜索未能改进当前解
2025-04-08 15:00:50,562 - DEBUG - 执行AGV分配局部搜索，当前完工时间: 1914.00
2025-04-08 15:00:50,564 - DEBUG - 局部搜索未能改进当前解
2025-04-08 15:00:50,569 - DEBUG - 执行AGV分配局部搜索，当前完工时间: 1879.00
2025-04-08 15:00:50,572 - DEBUG - 局部搜索未能改进当前解
2025-04-08 15:00:50,576 - DEBUG - 执行AGV分配局部搜索，当前完工时间: 1901.00
2025-04-08 15:00:50,580 - DEBUG - AGV分配局部搜索成功！完工时间从 1901.00 降低到 1898.00，改进: 3.00 (0.16%)
2025-04-08 15:00:50,583 - DEBUG - 执行AGV分配局部搜索，当前完工时间: 1894.00
2025-04-08 15:00:50,587 - DEBUG - 局部搜索未能改进当前解
2025-04-08 15:00:50,592 - DEBUG - 执行AGV分配局部搜索，当前完工时间: 1893.00
2025-04-08 15:00:50,596 - DEBUG - 局部搜索未能改进当前解
2025-04-08 15:00:50,600 - DEBUG - 执行AGV分配局部搜索，当前完工时间: 1840.00
2025-04-08 15:00:50,603 - DEBUG - 局部搜索未能改进当前解
2025-04-08 15:00:50,607 - DEBUG - 执行AGV分配局部搜索，当前完工时间: 1896.00
2025-04-08 15:00:50,610 - DEBUG - AGV分配局部搜索成功！完工时间从 1896.00 降低到 1894.00，改进: 2.00 (0.11%)
2025-04-08 15:00:50,614 - DEBUG - 执行AGV分配局部搜索，当前完工时间: 1852.00
2025-04-08 15:00:50,618 - DEBUG - 局部搜索未能改进当前解
2025-04-08 15:00:50,622 - DEBUG - 执行AGV分配局部搜索，当前完工时间: 1971.00
2025-04-08 15:00:50,625 - DEBUG - 局部搜索未能改进当前解
2025-04-08 15:00:50,630 - DEBUG - 执行AGV分配局部搜索，当前完工时间: 1873.00
2025-04-08 15:00:50,633 - DEBUG - 局部搜索未能改进当前解
2025-04-08 15:00:50,637 - DEBUG - 执行AGV分配局部搜索，当前完工时间: 1826.00
2025-04-08 15:00:50,641 - DEBUG - 局部搜索未能改进当前解
2025-04-08 15:00:50,644 - DEBUG - 执行AGV分配局部搜索，当前完工时间: 1887.00
2025-04-08 15:00:50,648 - DEBUG - 局部搜索未能改进当前解
2025-04-08 15:00:50,652 - DEBUG - 执行AGV分配局部搜索，当前完工时间: 1933.00
2025-04-08 15:00:50,655 - DEBUG - 局部搜索未能改进当前解
2025-04-08 15:00:50,660 - DEBUG - 执行AGV分配局部搜索，当前完工时间: 1890.00
2025-04-08 15:00:50,663 - DEBUG - 局部搜索未能改进当前解
2025-04-08 15:00:50,668 - DEBUG - 执行AGV分配局部搜索，当前完工时间: 1838.00
2025-04-08 15:00:50,674 - DEBUG - 局部搜索未能改进当前解
2025-04-08 15:00:50,678 - DEBUG - 执行AGV分配局部搜索，当前完工时间: 1960.00
2025-04-08 15:00:50,681 - DEBUG - 局部搜索未能改进当前解
2025-04-08 15:00:50,685 - DEBUG - 执行AGV分配局部搜索，当前完工时间: 1904.00
2025-04-08 15:00:50,689 - DEBUG - 局部搜索未能改进当前解
2025-04-08 15:00:50,693 - DEBUG - 执行AGV分配局部搜索，当前完工时间: 1970.00
2025-04-08 15:00:50,695 - DEBUG - 局部搜索未能改进当前解
2025-04-08 15:00:50,699 - DEBUG - 执行AGV分配局部搜索，当前完工时间: 1898.00
2025-04-08 15:00:50,703 - DEBUG - 局部搜索未能改进当前解
2025-04-08 15:00:50,706 - DEBUG - 执行AGV分配局部搜索，当前完工时间: 1940.00
2025-04-08 15:00:50,710 - DEBUG - AGV分配局部搜索成功！完工时间从 1940.00 降低到 1925.00，改进: 15.00 (0.77%)
2025-04-08 15:00:50,714 - DEBUG - 执行AGV分配局部搜索，当前完工时间: 1924.00
2025-04-08 15:00:50,718 - DEBUG - 局部搜索未能改进当前解
2025-04-08 15:00:50,720 - DEBUG - 执行AGV分配局部搜索，当前完工时间: 1938.00
2025-04-08 15:00:50,725 - DEBUG - 局部搜索未能改进当前解
2025-04-08 15:00:50,729 - DEBUG - 执行AGV分配局部搜索，当前完工时间: 1850.00
2025-04-08 15:00:50,733 - DEBUG - 局部搜索未能改进当前解
2025-04-08 15:00:50,736 - DEBUG - 执行AGV分配局部搜索，当前完工时间: 1834.00
2025-04-08 15:00:50,740 - DEBUG - 局部搜索未能改进当前解
2025-04-08 15:00:50,744 - DEBUG - 执行AGV分配局部搜索，当前完工时间: 1814.00
2025-04-08 15:00:50,748 - DEBUG - 局部搜索未能改进当前解
2025-04-08 15:00:50,752 - DEBUG - 执行AGV分配局部搜索，当前完工时间: 1891.00
2025-04-08 15:00:50,756 - DEBUG - 局部搜索未能改进当前解
2025-04-08 15:00:50,761 - DEBUG - 执行AGV分配局部搜索，当前完工时间: 1898.00
2025-04-08 15:00:50,764 - DEBUG - 局部搜索未能改进当前解
2025-04-08 15:00:50,769 - DEBUG - 执行AGV分配局部搜索，当前完工时间: 1844.00
2025-04-08 15:00:50,773 - DEBUG - 局部搜索未能改进当前解
2025-04-08 15:00:50,777 - DEBUG - 执行AGV分配局部搜索，当前完工时间: 1850.00
2025-04-08 15:00:50,781 - DEBUG - 局部搜索未能改进当前解
2025-04-08 15:00:50,784 - DEBUG - 执行AGV分配局部搜索，当前完工时间: 1954.00
2025-04-08 15:00:50,787 - DEBUG - AGV分配局部搜索成功！完工时间从 1954.00 降低到 1936.00，改进: 18.00 (0.92%)
2025-04-08 15:00:50,792 - DEBUG - 执行AGV分配局部搜索，当前完工时间: 1865.00
2025-04-08 15:00:50,795 - DEBUG - 局部搜索未能改进当前解
2025-04-08 15:00:50,799 - DEBUG - 执行AGV分配局部搜索，当前完工时间: 1845.00
2025-04-08 15:00:50,801 - DEBUG - 局部搜索未能改进当前解
2025-04-08 15:00:50,805 - DEBUG - 执行AGV分配局部搜索，当前完工时间: 1932.00
2025-04-08 15:00:50,810 - DEBUG - 局部搜索未能改进当前解
2025-04-08 15:00:50,812 - DEBUG - 执行AGV分配局部搜索，当前完工时间: 1963.00
2025-04-08 15:00:50,817 - DEBUG - 局部搜索未能改进当前解
2025-04-08 15:00:50,820 - DEBUG - 执行AGV分配局部搜索，当前完工时间: 1840.00
2025-04-08 15:00:50,824 - DEBUG - 局部搜索未能改进当前解
2025-04-08 15:00:50,828 - DEBUG - 执行AGV分配局部搜索，当前完工时间: 1923.00
2025-04-08 15:00:50,831 - DEBUG - 局部搜索未能改进当前解
2025-04-08 15:00:50,836 - DEBUG - 执行AGV分配局部搜索，当前完工时间: 1938.00
2025-04-08 15:00:50,839 - DEBUG - 局部搜索未能改进当前解
2025-04-08 15:00:50,844 - DEBUG - 执行AGV分配局部搜索，当前完工时间: 1946.00
2025-04-08 15:00:50,847 - DEBUG - 局部搜索未能改进当前解
2025-04-08 15:00:50,850 - DEBUG - 执行AGV分配局部搜索，当前完工时间: 2015.00
2025-04-08 15:00:50,854 - DEBUG - 局部搜索未能改进当前解
2025-04-08 15:00:50,858 - DEBUG - 执行AGV分配局部搜索，当前完工时间: 1860.00
2025-04-08 15:00:50,861 - DEBUG - 局部搜索未能改进当前解
2025-04-08 15:00:50,865 - DEBUG - 执行AGV分配局部搜索，当前完工时间: 1856.00
2025-04-08 15:00:50,869 - DEBUG - 局部搜索未能改进当前解
2025-04-08 15:00:50,872 - DEBUG - 执行AGV分配局部搜索，当前完工时间: 1892.00
2025-04-08 15:00:50,875 - DEBUG - 局部搜索未能改进当前解
2025-04-08 15:00:50,879 - DEBUG - 执行AGV分配局部搜索，当前完工时间: 1941.00
2025-04-08 15:00:50,883 - DEBUG - AGV分配局部搜索成功！完工时间从 1941.00 降低到 1922.00，改进: 19.00 (0.98%)
2025-04-08 15:00:50,887 - DEBUG - 执行AGV分配局部搜索，当前完工时间: 1994.00
2025-04-08 15:00:50,891 - DEBUG - 局部搜索未能改进当前解
2025-04-08 15:00:50,895 - DEBUG - 执行AGV分配局部搜索，当前完工时间: 1793.00
2025-04-08 15:00:50,897 - DEBUG - 局部搜索未能改进当前解
2025-04-08 15:00:50,903 - DEBUG - 执行AGV分配局部搜索，当前完工时间: 1902.00
2025-04-08 15:00:50,906 - DEBUG - AGV分配局部搜索成功！完工时间从 1902.00 降低到 1889.00，改进: 13.00 (0.68%)
2025-04-08 15:00:50,910 - DEBUG - 执行AGV分配局部搜索，当前完工时间: 1958.00
2025-04-08 15:00:50,913 - DEBUG - 局部搜索未能改进当前解
2025-04-08 15:00:50,918 - DEBUG - 执行AGV分配局部搜索，当前完工时间: 1875.00
2025-04-08 15:00:50,922 - DEBUG - 局部搜索未能改进当前解
2025-04-08 15:00:50,922 - DEBUG - ==================================================
2025-04-08 15:00:50,922 - DEBUG - Efficiency Statistics of Local Search :
2025-04-08 15:00:50,922 - DEBUG - Number of attempts: 99
2025-04-08 15:00:50,922 - DEBUG - Average Success Rate: 11.11%
2025-04-08 15:00:50,922 - DEBUG - AGV Local Search Success: 11，Average Improvement: 15.00
2025-04-08 15:00:50,926 - DEBUG - 执行AGV分配局部搜索，当前完工时间: 1834.00
2025-04-08 15:00:50,931 - DEBUG - 局部搜索未能改进当前解
2025-04-08 15:00:50,934 - DEBUG - 执行AGV分配局部搜索，当前完工时间: 1899.00
2025-04-08 15:00:50,938 - DEBUG - 局部搜索未能改进当前解
2025-04-08 15:00:50,942 - DEBUG - 执行AGV分配局部搜索，当前完工时间: 1915.00
2025-04-08 15:00:50,945 - DEBUG - 局部搜索未能改进当前解
2025-04-08 15:00:50,950 - DEBUG - 执行AGV分配局部搜索，当前完工时间: 1888.00
2025-04-08 15:00:50,954 - DEBUG - AGV分配局部搜索成功！完工时间从 1888.00 降低到 1859.00，改进: 29.00 (1.54%)
2025-04-08 15:00:50,957 - DEBUG - 执行AGV分配局部搜索，当前完工时间: 1905.00
2025-04-08 15:00:50,961 - DEBUG - 局部搜索未能改进当前解
2025-04-08 15:00:50,965 - DEBUG - 执行AGV分配局部搜索，当前完工时间: 1852.00
2025-04-08 15:00:50,969 - DEBUG - 局部搜索未能改进当前解
2025-04-08 15:00:50,972 - DEBUG - 执行AGV分配局部搜索，当前完工时间: 1911.00
2025-04-08 15:00:50,976 - DEBUG - 局部搜索未能改进当前解
2025-04-08 15:00:50,980 - DEBUG - 执行AGV分配局部搜索，当前完工时间: 1857.00
2025-04-08 15:00:50,984 - DEBUG - AGV分配局部搜索成功！完工时间从 1857.00 降低到 1856.00，改进: 1.00 (0.05%)
2025-04-08 15:00:50,987 - DEBUG - 执行AGV分配局部搜索，当前完工时间: 1879.00
2025-04-08 15:00:50,992 - DEBUG - AGV分配局部搜索成功！完工时间从 1879.00 降低到 1871.00，改进: 8.00 (0.43%)
2025-04-08 15:00:50,995 - DEBUG - 执行AGV分配局部搜索，当前完工时间: 1855.00
2025-04-08 15:00:50,999 - DEBUG - 局部搜索未能改进当前解
2025-04-08 15:00:51,003 - DEBUG - 执行AGV分配局部搜索，当前完工时间: 1862.00
2025-04-08 15:00:51,007 - DEBUG - 局部搜索未能改进当前解
2025-04-08 15:00:51,010 - DEBUG - 执行AGV分配局部搜索，当前完工时间: 1939.00
2025-04-08 15:00:51,014 - DEBUG - 局部搜索未能改进当前解
2025-04-08 15:00:51,018 - DEBUG - 执行AGV分配局部搜索，当前完工时间: 1877.00
2025-04-08 15:00:51,022 - DEBUG - 局部搜索未能改进当前解
2025-04-08 15:00:51,025 - DEBUG - 执行AGV分配局部搜索，当前完工时间: 1837.00
2025-04-08 15:00:51,029 - DEBUG - 局部搜索未能改进当前解
2025-04-08 15:00:51,032 - DEBUG - 执行AGV分配局部搜索，当前完工时间: 1859.00
2025-04-08 15:00:51,036 - DEBUG - 局部搜索未能改进当前解
2025-04-08 15:00:51,040 - DEBUG - 执行AGV分配局部搜索，当前完工时间: 1894.00
2025-04-08 15:00:51,043 - DEBUG - 局部搜索未能改进当前解
2025-04-08 15:00:51,047 - DEBUG - 执行AGV分配局部搜索，当前完工时间: 1840.00
2025-04-08 15:00:51,050 - DEBUG - 局部搜索未能改进当前解
2025-04-08 15:00:51,054 - DEBUG - 执行AGV分配局部搜索，当前完工时间: 1891.00
2025-04-08 15:00:51,057 - DEBUG - 局部搜索未能改进当前解
2025-04-08 15:00:51,060 - DEBUG - 执行AGV分配局部搜索，当前完工时间: 1882.00
2025-04-08 15:00:51,064 - DEBUG - 局部搜索未能改进当前解
2025-04-08 15:00:51,068 - DEBUG - 执行AGV分配局部搜索，当前完工时间: 1985.00
2025-04-08 15:00:51,071 - DEBUG - 局部搜索未能改进当前解
2025-04-08 15:00:51,074 - DEBUG - 执行AGV分配局部搜索，当前完工时间: 1821.00
2025-04-08 15:00:51,079 - DEBUG - 局部搜索未能改进当前解
2025-04-08 15:00:51,083 - DEBUG - 执行AGV分配局部搜索，当前完工时间: 1924.00
2025-04-08 15:00:51,086 - DEBUG - AGV分配局部搜索成功！完工时间从 1924.00 降低到 1919.00，改进: 5.00 (0.26%)
2025-04-08 15:00:51,089 - DEBUG - 执行AGV分配局部搜索，当前完工时间: 1897.00
2025-04-08 15:00:51,093 - DEBUG - 局部搜索未能改进当前解
2025-04-08 15:00:51,097 - DEBUG - 执行AGV分配局部搜索，当前完工时间: 1895.00
2025-04-08 15:00:51,101 - DEBUG - AGV分配局部搜索成功！完工时间从 1895.00 降低到 1882.00，改进: 13.00 (0.69%)
2025-04-08 15:00:51,104 - DEBUG - 执行AGV分配局部搜索，当前完工时间: 1964.00
2025-04-08 15:00:51,107 - DEBUG - 局部搜索未能改进当前解
2025-04-08 15:00:51,111 - DEBUG - 执行AGV分配局部搜索，当前完工时间: 1978.00
2025-04-08 15:00:51,115 - DEBUG - AGV分配局部搜索成功！完工时间从 1978.00 降低到 1878.00，改进: 100.00 (5.06%)
2025-04-08 15:00:51,118 - DEBUG - 执行AGV分配局部搜索，当前完工时间: 1854.00
2025-04-08 15:00:51,122 - DEBUG - 局部搜索未能改进当前解
2025-04-08 15:00:51,126 - DEBUG - 执行AGV分配局部搜索，当前完工时间: 1900.00
2025-04-08 15:00:51,130 - DEBUG - 局部搜索未能改进当前解
2025-04-08 15:00:51,133 - DEBUG - 执行AGV分配局部搜索，当前完工时间: 1828.00
2025-04-08 15:00:51,136 - DEBUG - 局部搜索未能改进当前解
2025-04-08 15:00:51,140 - DEBUG - 执行AGV分配局部搜索，当前完工时间: 2013.00
2025-04-08 15:00:51,143 - DEBUG - 局部搜索未能改进当前解
2025-04-08 15:00:51,147 - DEBUG - 执行AGV分配局部搜索，当前完工时间: 1838.00
2025-04-08 15:00:51,150 - DEBUG - 局部搜索未能改进当前解
2025-04-08 15:00:51,154 - DEBUG - 执行AGV分配局部搜索，当前完工时间: 1897.00
2025-04-08 15:00:51,157 - DEBUG - 局部搜索未能改进当前解
2025-04-08 15:00:51,161 - DEBUG - 执行AGV分配局部搜索，当前完工时间: 2031.00
2025-04-08 15:00:51,165 - DEBUG - AGV分配局部搜索成功！完工时间从 2031.00 降低到 1983.00，改进: 48.00 (2.36%)
2025-04-08 15:00:51,169 - DEBUG - 执行AGV分配局部搜索，当前完工时间: 1932.00
2025-04-08 15:00:51,173 - DEBUG - AGV分配局部搜索成功！完工时间从 1932.00 降低到 1917.00，改进: 15.00 (0.78%)
2025-04-08 15:00:51,176 - DEBUG - 执行AGV分配局部搜索，当前完工时间: 1876.00
2025-04-08 15:00:51,180 - DEBUG - 局部搜索未能改进当前解
2025-04-08 15:00:51,183 - DEBUG - 执行AGV分配局部搜索，当前完工时间: 1821.00
2025-04-08 15:00:51,187 - DEBUG - 局部搜索未能改进当前解
2025-04-08 15:00:51,191 - DEBUG - 执行AGV分配局部搜索，当前完工时间: 1837.00
2025-04-08 15:00:51,194 - DEBUG - 局部搜索未能改进当前解
2025-04-08 15:00:51,199 - DEBUG - 执行AGV分配局部搜索，当前完工时间: 1995.00
2025-04-08 15:00:51,202 - DEBUG - 局部搜索未能改进当前解
2025-04-08 15:00:51,206 - DEBUG - 执行AGV分配局部搜索，当前完工时间: 1914.00
2025-04-08 15:00:51,209 - DEBUG - 局部搜索未能改进当前解
2025-04-08 15:00:51,213 - DEBUG - 执行AGV分配局部搜索，当前完工时间: 1891.00
2025-04-08 15:00:51,217 - DEBUG - 局部搜索未能改进当前解
2025-04-08 15:00:51,221 - DEBUG - 执行AGV分配局部搜索，当前完工时间: 1897.00
2025-04-08 15:00:51,224 - DEBUG - 局部搜索未能改进当前解
2025-04-08 15:00:51,226 - DEBUG - 执行AGV分配局部搜索，当前完工时间: 1831.00
2025-04-08 15:00:51,231 - DEBUG - 局部搜索未能改进当前解
2025-04-08 15:00:51,234 - DEBUG - 执行AGV分配局部搜索，当前完工时间: 1901.00
2025-04-08 15:00:51,237 - DEBUG - 局部搜索未能改进当前解
2025-04-08 15:00:51,242 - DEBUG - 执行AGV分配局部搜索，当前完工时间: 1884.00
2025-04-08 15:00:51,245 - DEBUG - AGV分配局部搜索成功！完工时间从 1884.00 降低到 1872.00，改进: 12.00 (0.64%)
2025-04-08 15:00:51,249 - DEBUG - 执行AGV分配局部搜索，当前完工时间: 1834.00
2025-04-08 15:00:51,252 - DEBUG - AGV分配局部搜索成功！完工时间从 1834.00 降低到 1826.00，改进: 8.00 (0.44%)
2025-04-08 15:00:51,255 - DEBUG - 执行AGV分配局部搜索，当前完工时间: 2039.00
2025-04-08 15:00:51,259 - DEBUG - AGV分配局部搜索成功！完工时间从 2039.00 降低到 2037.00，改进: 2.00 (0.10%)
2025-04-08 15:00:51,264 - DEBUG - 执行AGV分配局部搜索，当前完工时间: 2042.00
2025-04-08 15:00:51,267 - DEBUG - 局部搜索未能改进当前解
2025-04-08 15:00:51,270 - DEBUG - 执行AGV分配局部搜索，当前完工时间: 1911.00
2025-04-08 15:00:51,274 - DEBUG - 局部搜索未能改进当前解
2025-04-08 15:00:51,278 - DEBUG - 执行AGV分配局部搜索，当前完工时间: 1830.00
2025-04-08 15:00:51,281 - DEBUG - 局部搜索未能改进当前解
2025-04-08 15:00:51,285 - DEBUG - 执行AGV分配局部搜索，当前完工时间: 1936.00
2025-04-08 15:00:51,290 - DEBUG - 局部搜索未能改进当前解
2025-04-08 15:00:51,292 - DEBUG - 执行AGV分配局部搜索，当前完工时间: 1900.00
2025-04-08 15:00:51,295 - DEBUG - 局部搜索未能改进当前解
2025-04-08 15:00:51,300 - DEBUG - 执行AGV分配局部搜索，当前完工时间: 1913.00
2025-04-08 15:00:51,304 - DEBUG - 局部搜索未能改进当前解
2025-04-08 15:00:51,307 - DEBUG - 执行AGV分配局部搜索，当前完工时间: 1905.00
2025-04-08 15:00:51,310 - DEBUG - 局部搜索未能改进当前解
2025-04-08 15:00:51,314 - DEBUG - 执行AGV分配局部搜索，当前完工时间: 1895.00
2025-04-08 15:00:51,318 - DEBUG - 局部搜索未能改进当前解
2025-04-08 15:00:51,321 - DEBUG - 执行AGV分配局部搜索，当前完工时间: 1901.00
2025-04-08 15:00:51,325 - DEBUG - AGV分配局部搜索成功！完工时间从 1901.00 降低到 1888.00，改进: 13.00 (0.68%)
2025-04-08 15:00:51,328 - DEBUG - 执行AGV分配局部搜索，当前完工时间: 1910.00
2025-04-08 15:00:51,332 - DEBUG - 局部搜索未能改进当前解
2025-04-08 15:00:51,336 - DEBUG - 执行AGV分配局部搜索，当前完工时间: 1963.00
2025-04-08 15:00:51,340 - DEBUG - 局部搜索未能改进当前解
2025-04-08 15:00:51,344 - DEBUG - 执行AGV分配局部搜索，当前完工时间: 1889.00
2025-04-08 15:00:51,347 - DEBUG - 局部搜索未能改进当前解
2025-04-08 15:00:51,351 - DEBUG - 执行AGV分配局部搜索，当前完工时间: 1828.00
2025-04-08 15:00:51,355 - DEBUG - 局部搜索未能改进当前解
2025-04-08 15:00:51,358 - DEBUG - 执行AGV分配局部搜索，当前完工时间: 1976.00
2025-04-08 15:00:51,362 - DEBUG - 局部搜索未能改进当前解
2025-04-08 15:00:51,367 - DEBUG - 执行AGV分配局部搜索，当前完工时间: 1831.00
2025-04-08 15:00:51,370 - DEBUG - 局部搜索未能改进当前解
2025-04-08 15:00:51,375 - DEBUG - 执行AGV分配局部搜索，当前完工时间: 1852.00
2025-04-08 15:00:51,378 - DEBUG - 局部搜索未能改进当前解
2025-04-08 15:00:51,381 - DEBUG - 执行AGV分配局部搜索，当前完工时间: 1890.00
2025-04-08 15:00:51,386 - DEBUG - 局部搜索未能改进当前解
2025-04-08 15:00:51,390 - DEBUG - 执行AGV分配局部搜索，当前完工时间: 1871.00
2025-04-08 15:00:51,394 - DEBUG - 局部搜索未能改进当前解
2025-04-08 15:00:51,398 - DEBUG - 执行AGV分配局部搜索，当前完工时间: 1878.00
2025-04-08 15:00:51,402 - DEBUG - 局部搜索未能改进当前解
2025-04-08 15:00:51,406 - DEBUG - 执行AGV分配局部搜索，当前完工时间: 1874.00
2025-04-08 15:00:51,410 - DEBUG - 局部搜索未能改进当前解
2025-04-08 15:00:51,414 - DEBUG - 执行AGV分配局部搜索，当前完工时间: 1863.00
2025-04-08 15:00:51,418 - DEBUG - 局部搜索未能改进当前解
2025-04-08 15:00:51,422 - DEBUG - 执行AGV分配局部搜索，当前完工时间: 1960.00
2025-04-08 15:00:51,426 - DEBUG - 局部搜索未能改进当前解
2025-04-08 15:00:51,430 - DEBUG - 执行AGV分配局部搜索，当前完工时间: 1964.00
2025-04-08 15:00:51,434 - DEBUG - 局部搜索未能改进当前解
2025-04-08 15:00:51,437 - DEBUG - 执行AGV分配局部搜索，当前完工时间: 1861.00
2025-04-08 15:00:51,442 - DEBUG - 局部搜索未能改进当前解
2025-04-08 15:00:51,445 - DEBUG - 执行AGV分配局部搜索，当前完工时间: 1940.00
2025-04-08 15:00:51,449 - DEBUG - 局部搜索未能改进当前解
2025-04-08 15:00:51,453 - DEBUG - 执行AGV分配局部搜索，当前完工时间: 1856.00
2025-04-08 15:00:51,457 - DEBUG - 局部搜索未能改进当前解
2025-04-08 15:00:51,460 - DEBUG - 执行AGV分配局部搜索，当前完工时间: 1986.00
2025-04-08 15:00:51,464 - DEBUG - 局部搜索未能改进当前解
2025-04-08 15:00:51,468 - DEBUG - 执行AGV分配局部搜索，当前完工时间: 1936.00
2025-04-08 15:00:51,472 - DEBUG - 局部搜索未能改进当前解
2025-04-08 15:00:51,475 - DEBUG - 执行AGV分配局部搜索，当前完工时间: 1887.00
2025-04-08 15:00:51,479 - DEBUG - 局部搜索未能改进当前解
2025-04-08 15:00:51,483 - DEBUG - 执行AGV分配局部搜索，当前完工时间: 1948.00
2025-04-08 15:00:51,487 - DEBUG - 局部搜索未能改进当前解
2025-04-08 15:00:51,490 - DEBUG - 执行AGV分配局部搜索，当前完工时间: 1868.00
2025-04-08 15:00:51,494 - DEBUG - 局部搜索未能改进当前解
2025-04-08 15:00:51,498 - DEBUG - 执行AGV分配局部搜索，当前完工时间: 1993.00
2025-04-08 15:00:51,501 - DEBUG - 局部搜索未能改进当前解
2025-04-08 15:00:51,505 - DEBUG - 执行AGV分配局部搜索，当前完工时间: 1828.00
2025-04-08 15:00:51,508 - DEBUG - 局部搜索未能改进当前解
2025-04-08 15:00:51,512 - DEBUG - 执行AGV分配局部搜索，当前完工时间: 1871.00
2025-04-08 15:00:51,516 - DEBUG - 局部搜索未能改进当前解
2025-04-08 15:00:51,520 - DEBUG - 执行AGV分配局部搜索，当前完工时间: 1891.00
2025-04-08 15:00:51,523 - DEBUG - 局部搜索未能改进当前解
2025-04-08 15:00:51,528 - DEBUG - 执行AGV分配局部搜索，当前完工时间: 1958.00
2025-04-08 15:00:51,531 - DEBUG - 局部搜索未能改进当前解
2025-04-08 15:00:51,535 - DEBUG - 执行AGV分配局部搜索，当前完工时间: 1922.00
2025-04-08 15:00:51,538 - DEBUG - 局部搜索未能改进当前解
2025-04-08 15:00:51,542 - DEBUG - 执行AGV分配局部搜索，当前完工时间: 1850.00
2025-04-08 15:00:51,545 - DEBUG - 局部搜索未能改进当前解
2025-04-08 15:00:51,550 - DEBUG - 执行AGV分配局部搜索，当前完工时间: 1993.00
2025-04-08 15:00:51,553 - DEBUG - 局部搜索未能改进当前解
2025-04-08 15:00:51,557 - DEBUG - 执行AGV分配局部搜索，当前完工时间: 1907.00
2025-04-08 15:00:51,561 - DEBUG - 局部搜索未能改进当前解
2025-04-08 15:00:51,564 - DEBUG - 执行AGV分配局部搜索，当前完工时间: 1840.00
2025-04-08 15:00:51,568 - DEBUG - 局部搜索未能改进当前解
2025-04-08 15:00:51,573 - DEBUG - 执行AGV分配局部搜索，当前完工时间: 1968.00
2025-04-08 15:00:51,576 - DEBUG - 局部搜索未能改进当前解
2025-04-08 15:00:51,581 - DEBUG - 执行AGV分配局部搜索，当前完工时间: 1829.00
2025-04-08 15:00:51,584 - DEBUG - 局部搜索未能改进当前解
2025-04-08 15:00:51,588 - DEBUG - 执行AGV分配局部搜索，当前完工时间: 1964.00
2025-04-08 15:00:51,592 - DEBUG - 局部搜索未能改进当前解
2025-04-08 15:00:51,596 - DEBUG - 执行AGV分配局部搜索，当前完工时间: 1916.00
2025-04-08 15:00:51,600 - DEBUG - AGV分配局部搜索成功！完工时间从 1916.00 降低到 1909.00，改进: 7.00 (0.37%)
2025-04-08 15:00:51,604 - DEBUG - 执行AGV分配局部搜索，当前完工时间: 1875.00
2025-04-08 15:00:51,607 - DEBUG - 局部搜索未能改进当前解
2025-04-08 15:00:51,611 - DEBUG - 执行AGV分配局部搜索，当前完工时间: 1869.00
2025-04-08 15:00:51,614 - DEBUG - 局部搜索未能改进当前解
2025-04-08 15:00:51,618 - DEBUG - 执行AGV分配局部搜索，当前完工时间: 1828.00
2025-04-08 15:00:51,622 - DEBUG - 局部搜索未能改进当前解
2025-04-08 15:00:51,625 - DEBUG - 执行AGV分配局部搜索，当前完工时间: 1882.00
2025-04-08 15:00:51,629 - DEBUG - 局部搜索未能改进当前解
2025-04-08 15:00:51,633 - DEBUG - 执行AGV分配局部搜索，当前完工时间: 1988.00
2025-04-08 15:00:51,636 - DEBUG - 局部搜索未能改进当前解
2025-04-08 15:00:51,641 - DEBUG - 执行AGV分配局部搜索，当前完工时间: 1918.00
2025-04-08 15:00:51,645 - DEBUG - 局部搜索未能改进当前解
2025-04-08 15:00:51,649 - DEBUG - 执行AGV分配局部搜索，当前完工时间: 2004.00
2025-04-08 15:00:51,652 - DEBUG - 局部搜索未能改进当前解
2025-04-08 15:00:51,656 - DEBUG - 执行AGV分配局部搜索，当前完工时间: 1904.00
2025-04-08 15:00:51,659 - DEBUG - 局部搜索未能改进当前解
2025-04-08 15:00:51,659 - DEBUG - ==================================================
2025-04-08 15:00:51,660 - DEBUG - Efficiency Statistics of Local Search :
2025-04-08 15:00:51,660 - DEBUG - Number of attempts: 99
2025-04-08 15:00:51,660 - DEBUG - Average Success Rate: 13.13%
2025-04-08 15:00:51,660 - DEBUG - AGV Local Search Success: 13，Average Improvement: 20.08
2025-04-08 15:00:51,664 - DEBUG - 执行AGV分配局部搜索，当前完工时间: 1826.00
2025-04-08 15:00:51,666 - DEBUG - 局部搜索未能改进当前解
2025-04-08 15:00:51,671 - DEBUG - 执行AGV分配局部搜索，当前完工时间: 1850.00
2025-04-08 15:00:51,674 - DEBUG - 局部搜索未能改进当前解
2025-04-08 15:00:51,679 - DEBUG - 执行AGV分配局部搜索，当前完工时间: 1878.00
2025-04-08 15:00:51,682 - DEBUG - 局部搜索未能改进当前解
2025-04-08 15:00:51,686 - DEBUG - 执行AGV分配局部搜索，当前完工时间: 1907.00
2025-04-08 15:00:51,689 - DEBUG - 局部搜索未能改进当前解
2025-04-08 15:00:51,693 - DEBUG - 执行AGV分配局部搜索，当前完工时间: 1888.00
2025-04-08 15:00:51,697 - DEBUG - 局部搜索未能改进当前解
2025-04-08 15:00:51,700 - DEBUG - 执行AGV分配局部搜索，当前完工时间: 1826.00
2025-04-08 15:00:51,704 - DEBUG - 局部搜索未能改进当前解
2025-04-08 15:00:51,708 - DEBUG - 执行AGV分配局部搜索，当前完工时间: 1879.00
2025-04-08 15:00:51,712 - DEBUG - 局部搜索未能改进当前解
2025-04-08 15:00:51,716 - DEBUG - 执行AGV分配局部搜索，当前完工时间: 1868.00
2025-04-08 15:00:51,720 - DEBUG - 局部搜索未能改进当前解
2025-04-08 15:00:51,723 - DEBUG - 执行AGV分配局部搜索，当前完工时间: 1910.00
2025-04-08 15:00:51,726 - DEBUG - 局部搜索未能改进当前解
2025-04-08 15:00:51,730 - DEBUG - 执行AGV分配局部搜索，当前完工时间: 1912.00
2025-04-08 15:00:51,734 - DEBUG - AGV分配局部搜索成功！完工时间从 1912.00 降低到 1906.00，改进: 6.00 (0.31%)
2025-04-08 15:00:51,738 - DEBUG - 执行AGV分配局部搜索，当前完工时间: 1972.00
2025-04-08 15:00:51,743 - DEBUG - 局部搜索未能改进当前解
2025-04-08 15:00:51,747 - DEBUG - 执行AGV分配局部搜索，当前完工时间: 1892.00
2025-04-08 15:00:51,752 - DEBUG - 局部搜索未能改进当前解
2025-04-08 15:00:51,756 - DEBUG - 执行AGV分配局部搜索，当前完工时间: 1880.00
2025-04-08 15:00:51,760 - DEBUG - 局部搜索未能改进当前解
2025-04-08 15:00:51,764 - DEBUG - 执行AGV分配局部搜索，当前完工时间: 1853.00
2025-04-08 15:00:51,768 - DEBUG - 局部搜索未能改进当前解
2025-04-08 15:00:51,772 - DEBUG - 执行AGV分配局部搜索，当前完工时间: 1896.00
2025-04-08 15:00:51,775 - DEBUG - 局部搜索未能改进当前解
2025-04-08 15:00:51,780 - DEBUG - 执行AGV分配局部搜索，当前完工时间: 1884.00
2025-04-08 15:00:51,783 - DEBUG - 局部搜索未能改进当前解
2025-04-08 15:00:51,787 - DEBUG - 执行AGV分配局部搜索，当前完工时间: 1846.00
2025-04-08 15:00:51,792 - DEBUG - 局部搜索未能改进当前解
2025-04-08 15:00:51,795 - DEBUG - 执行AGV分配局部搜索，当前完工时间: 1840.00
2025-04-08 15:00:51,798 - DEBUG - 局部搜索未能改进当前解
2025-04-08 15:00:51,803 - DEBUG - 执行AGV分配局部搜索，当前完工时间: 1873.00
2025-04-08 15:00:51,807 - DEBUG - 局部搜索未能改进当前解
2025-04-08 15:00:51,810 - DEBUG - 执行AGV分配局部搜索，当前完工时间: 1831.00
2025-04-08 15:00:51,814 - DEBUG - 局部搜索未能改进当前解
2025-04-08 15:00:51,816 - DEBUG - 执行AGV分配局部搜索，当前完工时间: 1939.00
2025-04-08 15:00:51,821 - DEBUG - 局部搜索未能改进当前解
2025-04-08 15:00:51,825 - DEBUG - 执行AGV分配局部搜索，当前完工时间: 2051.00
2025-04-08 15:00:51,829 - DEBUG - 局部搜索未能改进当前解
2025-04-08 15:00:51,833 - DEBUG - 执行AGV分配局部搜索，当前完工时间: 1835.00
2025-04-08 15:00:51,837 - DEBUG - 局部搜索未能改进当前解
2025-04-08 15:00:51,840 - DEBUG - 执行AGV分配局部搜索，当前完工时间: 1936.00
2025-04-08 15:00:51,844 - DEBUG - 局部搜索未能改进当前解
2025-04-08 15:00:51,847 - DEBUG - 执行AGV分配局部搜索，当前完工时间: 1837.00
2025-04-08 15:00:51,852 - DEBUG - 局部搜索未能改进当前解
2025-04-08 15:00:51,855 - DEBUG - 执行AGV分配局部搜索，当前完工时间: 1987.00
2025-04-08 15:00:51,859 - DEBUG - AGV分配局部搜索成功！完工时间从 1987.00 降低到 1972.00，改进: 15.00 (0.75%)
2025-04-08 15:00:51,862 - DEBUG - 执行AGV分配局部搜索，当前完工时间: 1864.00
2025-04-08 15:00:51,867 - DEBUG - 局部搜索未能改进当前解
2025-04-08 15:00:51,871 - DEBUG - 执行AGV分配局部搜索，当前完工时间: 1846.00
2025-04-08 15:00:51,875 - DEBUG - AGV分配局部搜索成功！完工时间从 1846.00 降低到 1816.00，改进: 30.00 (1.63%)
2025-04-08 15:00:51,879 - DEBUG - 执行AGV分配局部搜索，当前完工时间: 1965.00
2025-04-08 15:00:51,883 - DEBUG - 局部搜索未能改进当前解
2025-04-08 15:00:51,887 - DEBUG - 执行AGV分配局部搜索，当前完工时间: 1888.00
2025-04-08 15:00:51,890 - DEBUG - 局部搜索未能改进当前解
2025-04-08 15:00:51,893 - DEBUG - 执行AGV分配局部搜索，当前完工时间: 1823.00
2025-04-08 15:00:51,897 - DEBUG - 局部搜索未能改进当前解
2025-04-08 15:00:51,901 - DEBUG - 执行AGV分配局部搜索，当前完工时间: 1908.00
2025-04-08 15:00:51,905 - DEBUG - 局部搜索未能改进当前解
2025-04-08 15:00:51,908 - DEBUG - 执行AGV分配局部搜索，当前完工时间: 1901.00
2025-04-08 15:00:51,912 - DEBUG - 局部搜索未能改进当前解
2025-04-08 15:00:51,916 - DEBUG - 执行AGV分配局部搜索，当前完工时间: 2081.00
2025-04-08 15:00:51,920 - DEBUG - 局部搜索未能改进当前解
2025-04-08 15:00:51,923 - DEBUG - 执行AGV分配局部搜索，当前完工时间: 1828.00
2025-04-08 15:00:51,926 - DEBUG - 局部搜索未能改进当前解
2025-04-08 15:00:51,931 - DEBUG - 执行AGV分配局部搜索，当前完工时间: 1890.00
2025-04-08 15:00:51,935 - DEBUG - 局部搜索未能改进当前解
2025-04-08 15:00:51,938 - DEBUG - 执行AGV分配局部搜索，当前完工时间: 1865.00
2025-04-08 15:00:51,942 - DEBUG - AGV分配局部搜索成功！完工时间从 1865.00 降低到 1860.00，改进: 5.00 (0.27%)
2025-04-08 15:00:51,947 - DEBUG - 执行AGV分配局部搜索，当前完工时间: 1867.00
2025-04-08 15:00:51,950 - DEBUG - 局部搜索未能改进当前解
2025-04-08 15:00:51,953 - DEBUG - 执行AGV分配局部搜索，当前完工时间: 1880.00
2025-04-08 15:00:51,957 - DEBUG - 局部搜索未能改进当前解
2025-04-08 15:00:51,962 - DEBUG - 执行AGV分配局部搜索，当前完工时间: 1870.00
2025-04-08 15:00:51,965 - DEBUG - 局部搜索未能改进当前解
2025-04-08 15:00:51,969 - DEBUG - 执行AGV分配局部搜索，当前完工时间: 1899.00
2025-04-08 15:00:51,972 - DEBUG - 局部搜索未能改进当前解
2025-04-08 15:00:51,977 - DEBUG - 执行AGV分配局部搜索，当前完工时间: 1992.00
2025-04-08 15:00:51,980 - DEBUG - 局部搜索未能改进当前解
2025-04-08 15:00:51,983 - DEBUG - 执行AGV分配局部搜索，当前完工时间: 1954.00
2025-04-08 15:00:51,987 - DEBUG - 局部搜索未能改进当前解
2025-04-08 15:00:51,991 - DEBUG - 执行AGV分配局部搜索，当前完工时间: 1846.00
2025-04-08 15:00:51,994 - DEBUG - 局部搜索未能改进当前解
2025-04-08 15:00:51,998 - DEBUG - 执行AGV分配局部搜索，当前完工时间: 1928.00
2025-04-08 15:00:52,002 - DEBUG - 局部搜索未能改进当前解
2025-04-08 15:00:52,006 - DEBUG - 执行AGV分配局部搜索，当前完工时间: 1833.00
2025-04-08 15:00:52,010 - DEBUG - 局部搜索未能改进当前解
2025-04-08 15:00:52,013 - DEBUG - 执行AGV分配局部搜索，当前完工时间: 1854.00
2025-04-08 15:00:52,017 - DEBUG - 局部搜索未能改进当前解
2025-04-08 15:00:52,020 - DEBUG - 执行AGV分配局部搜索，当前完工时间: 1947.00
2025-04-08 15:00:52,025 - DEBUG - 局部搜索未能改进当前解
2025-04-08 15:00:52,029 - DEBUG - 执行AGV分配局部搜索，当前完工时间: 1978.00
2025-04-08 15:00:52,032 - DEBUG - 局部搜索未能改进当前解
2025-04-08 15:00:52,036 - DEBUG - 执行AGV分配局部搜索，当前完工时间: 1862.00
2025-04-08 15:00:52,039 - DEBUG - 局部搜索未能改进当前解
2025-04-08 15:00:52,044 - DEBUG - 执行AGV分配局部搜索，当前完工时间: 1903.00
2025-04-08 15:00:52,047 - DEBUG - 局部搜索未能改进当前解
2025-04-08 15:00:52,051 - DEBUG - 执行AGV分配局部搜索，当前完工时间: 1884.00
2025-04-08 15:00:52,055 - DEBUG - 局部搜索未能改进当前解
2025-04-08 15:00:52,058 - DEBUG - 执行AGV分配局部搜索，当前完工时间: 1914.00
2025-04-08 15:00:52,062 - DEBUG - 局部搜索未能改进当前解
2025-04-08 15:00:52,065 - DEBUG - 执行AGV分配局部搜索，当前完工时间: 1849.00
2025-04-08 15:00:52,069 - DEBUG - 局部搜索未能改进当前解
2025-04-08 15:00:52,072 - DEBUG - 执行AGV分配局部搜索，当前完工时间: 1936.00
2025-04-08 15:00:52,076 - DEBUG - 局部搜索未能改进当前解
2025-04-08 15:00:52,080 - DEBUG - 执行AGV分配局部搜索，当前完工时间: 1917.00
2025-04-08 15:00:52,084 - DEBUG - 局部搜索未能改进当前解
2025-04-08 15:00:52,087 - DEBUG - 执行AGV分配局部搜索，当前完工时间: 1874.00
2025-04-08 15:00:52,091 - DEBUG - 局部搜索未能改进当前解
2025-04-08 15:00:52,094 - DEBUG - 执行AGV分配局部搜索，当前完工时间: 1859.00
2025-04-08 15:00:52,098 - DEBUG - 局部搜索未能改进当前解
2025-04-08 15:00:52,102 - DEBUG - 执行AGV分配局部搜索，当前完工时间: 1837.00
2025-04-08 15:00:52,106 - DEBUG - 局部搜索未能改进当前解
2025-04-08 15:00:52,109 - DEBUG - 执行AGV分配局部搜索，当前完工时间: 1869.00
2025-04-08 15:00:52,114 - DEBUG - 局部搜索未能改进当前解
2025-04-08 15:00:52,117 - DEBUG - 执行AGV分配局部搜索，当前完工时间: 1909.00
2025-04-08 15:00:52,120 - DEBUG - 局部搜索未能改进当前解
2025-04-08 15:00:52,126 - DEBUG - 执行AGV分配局部搜索，当前完工时间: 1898.00
2025-04-08 15:00:52,129 - DEBUG - AGV分配局部搜索成功！完工时间从 1898.00 降低到 1860.00，改进: 38.00 (2.00%)
2025-04-08 15:00:52,133 - DEBUG - 执行AGV分配局部搜索，当前完工时间: 1915.00
2025-04-08 15:00:52,137 - DEBUG - AGV分配局部搜索成功！完工时间从 1915.00 降低到 1896.00，改进: 19.00 (0.99%)
2025-04-08 15:00:52,140 - DEBUG - 执行AGV分配局部搜索，当前完工时间: 1876.00
2025-04-08 15:00:52,144 - DEBUG - 局部搜索未能改进当前解
2025-04-08 15:00:52,148 - DEBUG - 执行AGV分配局部搜索，当前完工时间: 1850.00
2025-04-08 15:00:52,151 - DEBUG - 局部搜索未能改进当前解
2025-04-08 15:00:52,155 - DEBUG - 执行AGV分配局部搜索，当前完工时间: 1897.00
2025-04-08 15:00:52,158 - DEBUG - 局部搜索未能改进当前解
2025-04-08 15:00:52,163 - DEBUG - 执行AGV分配局部搜索，当前完工时间: 1947.00
2025-04-08 15:00:52,166 - DEBUG - 局部搜索未能改进当前解
2025-04-08 15:00:52,170 - DEBUG - 执行AGV分配局部搜索，当前完工时间: 1914.00
2025-04-08 15:00:52,173 - DEBUG - AGV分配局部搜索成功！完工时间从 1914.00 降低到 1890.00，改进: 24.00 (1.25%)
2025-04-08 15:00:52,178 - DEBUG - 执行AGV分配局部搜索，当前完工时间: 1855.00
2025-04-08 15:00:52,181 - DEBUG - 局部搜索未能改进当前解
2025-04-08 15:00:52,185 - DEBUG - 执行AGV分配局部搜索，当前完工时间: 1898.00
2025-04-08 15:00:52,188 - DEBUG - 局部搜索未能改进当前解
2025-04-08 15:00:52,193 - DEBUG - 执行AGV分配局部搜索，当前完工时间: 1866.00
2025-04-08 15:00:52,196 - DEBUG - 局部搜索未能改进当前解
2025-04-08 15:00:52,200 - DEBUG - 执行AGV分配局部搜索，当前完工时间: 1927.00
2025-04-08 15:00:52,203 - DEBUG - AGV分配局部搜索成功！完工时间从 1927.00 降低到 1875.00，改进: 52.00 (2.70%)
2025-04-08 15:00:52,207 - DEBUG - 执行AGV分配局部搜索，当前完工时间: 1867.00
2025-04-08 15:00:52,212 - DEBUG - AGV分配局部搜索成功！完工时间从 1867.00 降低到 1861.00，改进: 6.00 (0.32%)
2025-04-08 15:00:52,215 - DEBUG - 执行AGV分配局部搜索，当前完工时间: 1876.00
2025-04-08 15:00:52,218 - DEBUG - 局部搜索未能改进当前解
2025-04-08 15:00:52,222 - DEBUG - 执行AGV分配局部搜索，当前完工时间: 1908.00
2025-04-08 15:00:52,226 - DEBUG - 局部搜索未能改进当前解
2025-04-08 15:00:52,229 - DEBUG - 执行AGV分配局部搜索，当前完工时间: 1934.00
2025-04-08 15:00:52,233 - DEBUG - 局部搜索未能改进当前解
2025-04-08 15:00:52,237 - DEBUG - 执行AGV分配局部搜索，当前完工时间: 1933.00
2025-04-08 15:00:52,240 - DEBUG - 局部搜索未能改进当前解
2025-04-08 15:00:52,244 - DEBUG - 执行AGV分配局部搜索，当前完工时间: 1869.00
2025-04-08 15:00:52,248 - DEBUG - 局部搜索未能改进当前解
2025-04-08 15:00:52,252 - DEBUG - 执行AGV分配局部搜索，当前完工时间: 1897.00
2025-04-08 15:00:52,255 - DEBUG - 局部搜索未能改进当前解
2025-04-08 15:00:52,260 - DEBUG - 执行AGV分配局部搜索，当前完工时间: 1911.00
2025-04-08 15:00:52,262 - DEBUG - AGV分配局部搜索成功！完工时间从 1911.00 降低到 1885.00，改进: 26.00 (1.36%)
2025-04-08 15:00:52,267 - DEBUG - 执行AGV分配局部搜索，当前完工时间: 1897.00
2025-04-08 15:00:52,270 - DEBUG - 局部搜索未能改进当前解
2025-04-08 15:00:52,274 - DEBUG - 执行AGV分配局部搜索，当前完工时间: 1869.00
2025-04-08 15:00:52,277 - DEBUG - 局部搜索未能改进当前解
2025-04-08 15:00:52,281 - DEBUG - 执行AGV分配局部搜索，当前完工时间: 1908.00
2025-04-08 15:00:52,285 - DEBUG - 局部搜索未能改进当前解
2025-04-08 15:00:52,288 - DEBUG - 执行AGV分配局部搜索，当前完工时间: 1961.00
2025-04-08 15:00:52,291 - DEBUG - 局部搜索未能改进当前解
2025-04-08 15:00:52,295 - DEBUG - 执行AGV分配局部搜索，当前完工时间: 1830.00
2025-04-08 15:00:52,300 - DEBUG - 局部搜索未能改进当前解
2025-04-08 15:00:52,304 - DEBUG - 执行AGV分配局部搜索，当前完工时间: 1919.00
2025-04-08 15:00:52,307 - DEBUG - AGV分配局部搜索成功！完工时间从 1919.00 降低到 1823.00，改进: 96.00 (5.00%)
2025-04-08 15:00:52,310 - DEBUG - 执行AGV分配局部搜索，当前完工时间: 1820.00
2025-04-08 15:00:52,314 - DEBUG - 局部搜索未能改进当前解
2025-04-08 15:00:52,319 - DEBUG - 执行AGV分配局部搜索，当前完工时间: 1847.00
2025-04-08 15:00:52,322 - DEBUG - AGV分配局部搜索成功！完工时间从 1847.00 降低到 1837.00，改进: 10.00 (0.54%)
2025-04-08 15:00:52,327 - DEBUG - 执行AGV分配局部搜索，当前完工时间: 1906.00
2025-04-08 15:00:52,330 - DEBUG - AGV分配局部搜索成功！完工时间从 1906.00 降低到 1882.00，改进: 24.00 (1.26%)
2025-04-08 15:00:52,334 - DEBUG - 执行AGV分配局部搜索，当前完工时间: 1961.00
2025-04-08 15:00:52,337 - DEBUG - 局部搜索未能改进当前解
2025-04-08 15:00:52,342 - DEBUG - 执行AGV分配局部搜索，当前完工时间: 1864.00
2025-04-08 15:00:52,345 - DEBUG - 局部搜索未能改进当前解
2025-04-08 15:00:52,349 - DEBUG - 执行AGV分配局部搜索，当前完工时间: 1832.00
2025-04-08 15:00:52,353 - DEBUG - 局部搜索未能改进当前解
2025-04-08 15:00:52,356 - DEBUG - 执行AGV分配局部搜索，当前完工时间: 1815.00
2025-04-08 15:00:52,360 - DEBUG - 局部搜索未能改进当前解
2025-04-08 15:00:52,364 - DEBUG - 执行AGV分配局部搜索，当前完工时间: 1845.00
2025-04-08 15:00:52,368 - DEBUG - 局部搜索未能改进当前解
2025-04-08 15:00:52,371 - DEBUG - 执行AGV分配局部搜索，当前完工时间: 1828.00
2025-04-08 15:00:52,375 - DEBUG - AGV分配局部搜索成功！完工时间从 1828.00 降低到 1825.00，改进: 3.00 (0.16%)
2025-04-08 15:00:52,378 - DEBUG - 执行AGV分配局部搜索，当前完工时间: 1933.00
2025-04-08 15:00:52,382 - DEBUG - 局部搜索未能改进当前解
2025-04-08 15:00:52,386 - DEBUG - 执行AGV分配局部搜索，当前完工时间: 1926.00
2025-04-08 15:00:52,390 - DEBUG - 局部搜索未能改进当前解
2025-04-08 15:00:52,394 - DEBUG - 执行AGV分配局部搜索，当前完工时间: 1857.00
2025-04-08 15:00:52,397 - DEBUG - AGV分配局部搜索成功！完工时间从 1857.00 降低到 1836.00，改进: 21.00 (1.13%)
2025-04-08 15:00:52,401 - DEBUG - 执行AGV分配局部搜索，当前完工时间: 1844.00
2025-04-08 15:00:52,405 - DEBUG - 局部搜索未能改进当前解
2025-04-08 15:00:52,405 - DEBUG - ==================================================
2025-04-08 15:00:52,405 - DEBUG - Efficiency Statistics of Local Search :
2025-04-08 15:00:52,405 - DEBUG - Number of attempts: 99
2025-04-08 15:00:52,405 - DEBUG - Average Success Rate: 15.15%
2025-04-08 15:00:52,405 - DEBUG - AGV Local Search Success: 15，Average Improvement: 25.00
2025-04-08 15:00:52,410 - DEBUG - 执行AGV分配局部搜索，当前完工时间: 1807.00
2025-04-08 15:00:52,414 - DEBUG - 局部搜索未能改进当前解
2025-04-08 15:00:52,417 - DEBUG - 执行AGV分配局部搜索，当前完工时间: 1886.00
2025-04-08 15:00:52,420 - DEBUG - 局部搜索未能改进当前解
2025-04-08 15:00:52,424 - DEBUG - 执行AGV分配局部搜索，当前完工时间: 1894.00
2025-04-08 15:00:52,429 - DEBUG - 局部搜索未能改进当前解
2025-04-08 15:00:52,432 - DEBUG - 执行AGV分配局部搜索，当前完工时间: 1862.00
2025-04-08 15:00:52,435 - DEBUG - 局部搜索未能改进当前解
2025-04-08 15:00:52,439 - DEBUG - 执行AGV分配局部搜索，当前完工时间: 1805.00
2025-04-08 15:00:52,444 - DEBUG - AGV分配局部搜索成功！完工时间从 1805.00 降低到 1798.00，改进: 7.00 (0.39%)
2025-04-08 15:00:52,447 - DEBUG - 执行AGV分配局部搜索，当前完工时间: 1913.00
2025-04-08 15:00:52,450 - DEBUG - 局部搜索未能改进当前解
2025-04-08 15:00:52,454 - DEBUG - 执行AGV分配局部搜索，当前完工时间: 1908.00
2025-04-08 15:00:52,458 - DEBUG - 局部搜索未能改进当前解
2025-04-08 15:00:52,462 - DEBUG - 执行AGV分配局部搜索，当前完工时间: 1908.00
2025-04-08 15:00:52,465 - DEBUG - 局部搜索未能改进当前解
2025-04-08 15:00:52,469 - DEBUG - 执行AGV分配局部搜索，当前完工时间: 1846.00
2025-04-08 15:00:52,474 - DEBUG - 局部搜索未能改进当前解
2025-04-08 15:00:52,478 - DEBUG - 执行AGV分配局部搜索，当前完工时间: 1865.00
2025-04-08 15:00:52,481 - DEBUG - AGV分配局部搜索成功！完工时间从 1865.00 降低到 1843.00，改进: 22.00 (1.18%)
2025-04-08 15:00:52,485 - DEBUG - 执行AGV分配局部搜索，当前完工时间: 1852.00
2025-04-08 15:00:52,489 - DEBUG - 局部搜索未能改进当前解
2025-04-08 15:00:52,493 - DEBUG - 执行AGV分配局部搜索，当前完工时间: 1874.00
2025-04-08 15:00:52,497 - DEBUG - 局部搜索未能改进当前解
2025-04-08 15:00:52,501 - DEBUG - 执行AGV分配局部搜索，当前完工时间: 1828.00
2025-04-08 15:00:52,504 - DEBUG - 局部搜索未能改进当前解
2025-04-08 15:00:52,508 - DEBUG - 执行AGV分配局部搜索，当前完工时间: 1926.00
2025-04-08 15:00:52,512 - DEBUG - AGV分配局部搜索成功！完工时间从 1926.00 降低到 1906.00，改进: 20.00 (1.04%)
2025-04-08 15:00:52,515 - DEBUG - 执行AGV分配局部搜索，当前完工时间: 1825.00
2025-04-08 15:00:52,519 - DEBUG - 局部搜索未能改进当前解
2025-04-08 15:00:52,522 - DEBUG - 执行AGV分配局部搜索，当前完工时间: 1950.00
2025-04-08 15:00:52,527 - DEBUG - 局部搜索未能改进当前解
2025-04-08 15:00:52,530 - DEBUG - 执行AGV分配局部搜索，当前完工时间: 1872.00
2025-04-08 15:00:52,534 - DEBUG - 局部搜索未能改进当前解
2025-04-08 15:00:52,539 - DEBUG - 执行AGV分配局部搜索，当前完工时间: 1863.00
2025-04-08 15:00:52,541 - DEBUG - 局部搜索未能改进当前解
2025-04-08 15:00:52,545 - DEBUG - 执行AGV分配局部搜索，当前完工时间: 1948.00
2025-04-08 15:00:52,550 - DEBUG - 局部搜索未能改进当前解
2025-04-08 15:00:52,554 - DEBUG - 执行AGV分配局部搜索，当前完工时间: 1985.00
2025-04-08 15:00:52,557 - DEBUG - 局部搜索未能改进当前解
2025-04-08 15:00:52,561 - DEBUG - 执行AGV分配局部搜索，当前完工时间: 1858.00
2025-04-08 15:00:52,566 - DEBUG - 局部搜索未能改进当前解
2025-04-08 15:00:52,569 - DEBUG - 执行AGV分配局部搜索，当前完工时间: 1948.00
2025-04-08 15:00:52,572 - DEBUG - 局部搜索未能改进当前解
2025-04-08 15:00:52,576 - DEBUG - 执行AGV分配局部搜索，当前完工时间: 1851.00
2025-04-08 15:00:52,580 - DEBUG - 局部搜索未能改进当前解
2025-04-08 15:00:52,584 - DEBUG - 执行AGV分配局部搜索，当前完工时间: 2016.00
2025-04-08 15:00:52,588 - DEBUG - 局部搜索未能改进当前解
2025-04-08 15:00:52,592 - DEBUG - 执行AGV分配局部搜索，当前完工时间: 1981.00
2025-04-08 15:00:52,597 - DEBUG - AGV分配局部搜索成功！完工时间从 1981.00 降低到 1851.00，改进: 130.00 (6.56%)
2025-04-08 15:00:52,600 - DEBUG - 执行AGV分配局部搜索，当前完工时间: 1894.00
2025-04-08 15:00:52,603 - DEBUG - 局部搜索未能改进当前解
2025-04-08 15:00:52,607 - DEBUG - 执行AGV分配局部搜索，当前完工时间: 1851.00
2025-04-08 15:00:52,611 - DEBUG - 局部搜索未能改进当前解
2025-04-08 15:00:52,615 - DEBUG - 执行AGV分配局部搜索，当前完工时间: 1848.00
2025-04-08 15:00:52,619 - DEBUG - 局部搜索未能改进当前解
2025-04-08 15:00:52,622 - DEBUG - 执行AGV分配局部搜索，当前完工时间: 1910.00
2025-04-08 15:00:52,625 - DEBUG - 局部搜索未能改进当前解
2025-04-08 15:00:52,630 - DEBUG - 执行AGV分配局部搜索，当前完工时间: 1953.00
2025-04-08 15:00:52,633 - DEBUG - 局部搜索未能改进当前解
2025-04-08 15:00:52,637 - DEBUG - 执行AGV分配局部搜索，当前完工时间: 1874.00
2025-04-08 15:00:52,640 - DEBUG - 局部搜索未能改进当前解
2025-04-08 15:00:52,644 - DEBUG - 执行AGV分配局部搜索，当前完工时间: 1830.00
2025-04-08 15:00:52,647 - DEBUG - 局部搜索未能改进当前解
2025-04-08 15:00:52,651 - DEBUG - 执行AGV分配局部搜索，当前完工时间: 1882.00
2025-04-08 15:00:52,655 - DEBUG - 局部搜索未能改进当前解
2025-04-08 15:00:52,659 - DEBUG - 执行AGV分配局部搜索，当前完工时间: 1886.00
2025-04-08 15:00:52,662 - DEBUG - 局部搜索未能改进当前解
2025-04-08 15:00:52,666 - DEBUG - 执行AGV分配局部搜索，当前完工时间: 2034.00
2025-04-08 15:00:52,671 - DEBUG - 局部搜索未能改进当前解
2025-04-08 15:00:52,674 - DEBUG - 执行AGV分配局部搜索，当前完工时间: 1951.00
2025-04-08 15:00:52,678 - DEBUG - 局部搜索未能改进当前解
2025-04-08 15:00:52,682 - DEBUG - 执行AGV分配局部搜索，当前完工时间: 1866.00
2025-04-08 15:00:52,685 - DEBUG - 局部搜索未能改进当前解
2025-04-08 15:00:52,691 - DEBUG - 执行AGV分配局部搜索，当前完工时间: 1919.00
2025-04-08 15:00:52,695 - DEBUG - 局部搜索未能改进当前解
2025-04-08 15:00:52,701 - DEBUG - 执行AGV分配局部搜索，当前完工时间: 1956.00
2025-04-08 15:00:52,704 - DEBUG - 局部搜索未能改进当前解
2025-04-08 15:00:52,710 - DEBUG - 执行AGV分配局部搜索，当前完工时间: 1865.00
2025-04-08 15:00:52,714 - DEBUG - 局部搜索未能改进当前解
2025-04-08 15:00:52,718 - DEBUG - 执行AGV分配局部搜索，当前完工时间: 1899.00
2025-04-08 15:00:52,722 - DEBUG - 局部搜索未能改进当前解
2025-04-08 15:00:52,726 - DEBUG - 执行AGV分配局部搜索，当前完工时间: 1965.00
2025-04-08 15:00:52,732 - DEBUG - 局部搜索未能改进当前解
2025-04-08 15:00:52,735 - DEBUG - 执行AGV分配局部搜索，当前完工时间: 1937.00
2025-04-08 15:00:52,739 - DEBUG - 局部搜索未能改进当前解
2025-04-08 15:00:52,743 - DEBUG - 执行AGV分配局部搜索，当前完工时间: 1866.00
2025-04-08 15:00:52,747 - DEBUG - 局部搜索未能改进当前解
2025-04-08 15:00:52,751 - DEBUG - 执行AGV分配局部搜索，当前完工时间: 1874.00
2025-04-08 15:00:52,755 - DEBUG - 局部搜索未能改进当前解
2025-04-08 15:00:52,759 - DEBUG - 执行AGV分配局部搜索，当前完工时间: 1846.00
2025-04-08 15:00:52,762 - DEBUG - 局部搜索未能改进当前解
2025-04-08 15:00:52,766 - DEBUG - 执行AGV分配局部搜索，当前完工时间: 1885.00
2025-04-08 15:00:52,770 - DEBUG - AGV分配局部搜索成功！完工时间从 1885.00 降低到 1860.00，改进: 25.00 (1.33%)
2025-04-08 15:00:52,774 - DEBUG - 执行AGV分配局部搜索，当前完工时间: 1810.00
2025-04-08 15:00:52,776 - DEBUG - 局部搜索未能改进当前解
2025-04-08 15:00:52,781 - DEBUG - 执行AGV分配局部搜索，当前完工时间: 1920.00
2025-04-08 15:00:52,785 - DEBUG - 局部搜索未能改进当前解
2025-04-08 15:00:52,791 - DEBUG - 执行AGV分配局部搜索，当前完工时间: 1868.00
2025-04-08 15:00:52,794 - DEBUG - 局部搜索未能改进当前解
2025-04-08 15:00:52,797 - DEBUG - 执行AGV分配局部搜索，当前完工时间: 1923.00
2025-04-08 15:00:52,802 - DEBUG - 局部搜索未能改进当前解
2025-04-08 15:00:52,806 - DEBUG - 执行AGV分配局部搜索，当前完工时间: 1830.00
2025-04-08 15:00:52,809 - DEBUG - 局部搜索未能改进当前解
2025-04-08 15:00:52,812 - DEBUG - 执行AGV分配局部搜索，当前完工时间: 1903.00
2025-04-08 15:00:52,817 - DEBUG - AGV分配局部搜索成功！完工时间从 1903.00 降低到 1894.00，改进: 9.00 (0.47%)
2025-04-08 15:00:52,820 - DEBUG - 执行AGV分配局部搜索，当前完工时间: 1853.00
2025-04-08 15:00:52,824 - DEBUG - 局部搜索未能改进当前解
2025-04-08 15:00:52,828 - DEBUG - 执行AGV分配局部搜索，当前完工时间: 1830.00
2025-04-08 15:00:52,832 - DEBUG - 局部搜索未能改进当前解
2025-04-08 15:00:52,840 - DEBUG - 执行AGV分配局部搜索，当前完工时间: 1869.00
2025-04-08 15:00:52,843 - DEBUG - 局部搜索未能改进当前解
2025-04-08 15:00:52,848 - DEBUG - 执行AGV分配局部搜索，当前完工时间: 1953.00
2025-04-08 15:00:52,852 - DEBUG - 局部搜索未能改进当前解
2025-04-08 15:00:52,856 - DEBUG - 执行AGV分配局部搜索，当前完工时间: 1829.00
2025-04-08 15:00:52,860 - DEBUG - 局部搜索未能改进当前解
2025-04-08 15:00:52,864 - DEBUG - 执行AGV分配局部搜索，当前完工时间: 1879.00
2025-04-08 15:00:52,867 - DEBUG - 局部搜索未能改进当前解
2025-04-08 15:00:52,871 - DEBUG - 执行AGV分配局部搜索，当前完工时间: 1818.00
2025-04-08 15:00:52,875 - DEBUG - 局部搜索未能改进当前解
2025-04-08 15:00:52,882 - DEBUG - 执行AGV分配局部搜索，当前完工时间: 1823.00
2025-04-08 15:00:52,886 - DEBUG - AGV分配局部搜索成功！完工时间从 1823.00 降低到 1793.00，改进: 30.00 (1.65%)
2025-04-08 15:00:52,890 - DEBUG - 执行AGV分配局部搜索，当前完工时间: 1887.00
2025-04-08 15:00:52,894 - DEBUG - AGV分配局部搜索成功！完工时间从 1887.00 降低到 1873.00，改进: 14.00 (0.74%)
2025-04-08 15:00:52,898 - DEBUG - 执行AGV分配局部搜索，当前完工时间: 1889.00
2025-04-08 15:00:52,903 - DEBUG - 局部搜索未能改进当前解
2025-04-08 15:00:52,907 - DEBUG - 执行AGV分配局部搜索，当前完工时间: 1862.00
2025-04-08 15:00:52,910 - DEBUG - 局部搜索未能改进当前解
2025-04-08 15:00:52,914 - DEBUG - 执行AGV分配局部搜索，当前完工时间: 1960.00
2025-04-08 15:00:52,918 - DEBUG - 局部搜索未能改进当前解
2025-04-08 15:00:52,920 - DEBUG - 执行AGV分配局部搜索，当前完工时间: 1923.00
2025-04-08 15:00:52,925 - DEBUG - 局部搜索未能改进当前解
2025-04-08 15:00:52,928 - DEBUG - 执行AGV分配局部搜索，当前完工时间: 2000.00
2025-04-08 15:00:52,932 - DEBUG - 局部搜索未能改进当前解
2025-04-08 15:00:52,936 - DEBUG - 执行AGV分配局部搜索，当前完工时间: 1890.00
2025-04-08 15:00:52,940 - DEBUG - 局部搜索未能改进当前解
2025-04-08 15:00:52,944 - DEBUG - 执行AGV分配局部搜索，当前完工时间: 1883.00
2025-04-08 15:00:52,947 - DEBUG - 局部搜索未能改进当前解
2025-04-08 15:00:52,952 - DEBUG - 执行AGV分配局部搜索，当前完工时间: 1868.00
2025-04-08 15:00:52,955 - DEBUG - 局部搜索未能改进当前解
2025-04-08 15:00:52,959 - DEBUG - 执行AGV分配局部搜索，当前完工时间: 1855.00
2025-04-08 15:00:52,962 - DEBUG - AGV分配局部搜索成功！完工时间从 1855.00 降低到 1842.00，改进: 13.00 (0.70%)
2025-04-08 15:00:52,966 - DEBUG - 执行AGV分配局部搜索，当前完工时间: 1877.00
2025-04-08 15:00:52,970 - DEBUG - 局部搜索未能改进当前解
2025-04-08 15:00:52,974 - DEBUG - 执行AGV分配局部搜索，当前完工时间: 1937.00
2025-04-08 15:00:52,978 - DEBUG - 局部搜索未能改进当前解
2025-04-08 15:00:52,982 - DEBUG - 执行AGV分配局部搜索，当前完工时间: 2000.00
2025-04-08 15:00:52,986 - DEBUG - 局部搜索未能改进当前解
2025-04-08 15:00:52,990 - DEBUG - 执行AGV分配局部搜索，当前完工时间: 1826.00
2025-04-08 15:00:52,993 - DEBUG - 局部搜索未能改进当前解
2025-04-08 15:00:52,997 - DEBUG - 执行AGV分配局部搜索，当前完工时间: 1862.00
2025-04-08 15:00:53,001 - DEBUG - 局部搜索未能改进当前解
2025-04-08 15:00:53,005 - DEBUG - 执行AGV分配局部搜索，当前完工时间: 1861.00
2025-04-08 15:00:53,008 - DEBUG - 局部搜索未能改进当前解
2025-04-08 15:00:53,012 - DEBUG - 执行AGV分配局部搜索，当前完工时间: 1875.00
2025-04-08 15:00:53,017 - DEBUG - 局部搜索未能改进当前解
2025-04-08 15:00:53,021 - DEBUG - 执行AGV分配局部搜索，当前完工时间: 1825.00
2025-04-08 15:00:53,024 - DEBUG - 局部搜索未能改进当前解
2025-04-08 15:00:53,028 - DEBUG - 执行AGV分配局部搜索，当前完工时间: 1858.00
2025-04-08 15:00:53,032 - DEBUG - 局部搜索未能改进当前解
2025-04-08 15:00:53,036 - DEBUG - 执行AGV分配局部搜索，当前完工时间: 1894.00
2025-04-08 15:00:53,039 - DEBUG - 局部搜索未能改进当前解
2025-04-08 15:00:53,043 - DEBUG - 执行AGV分配局部搜索，当前完工时间: 1866.00
2025-04-08 15:00:53,047 - DEBUG - 局部搜索未能改进当前解
2025-04-08 15:00:53,050 - DEBUG - 执行AGV分配局部搜索，当前完工时间: 1809.00
2025-04-08 15:00:53,054 - DEBUG - 局部搜索未能改进当前解
2025-04-08 15:00:53,058 - DEBUG - 执行AGV分配局部搜索，当前完工时间: 1840.00
2025-04-08 15:00:53,062 - DEBUG - 局部搜索未能改进当前解
2025-04-08 15:00:53,066 - DEBUG - 执行AGV分配局部搜索，当前完工时间: 1998.00
2025-04-08 15:00:53,070 - DEBUG - 局部搜索未能改进当前解
2025-04-08 15:00:53,073 - DEBUG - 执行AGV分配局部搜索，当前完工时间: 1836.00
2025-04-08 15:00:53,076 - DEBUG - 局部搜索未能改进当前解
2025-04-08 15:00:53,080 - DEBUG - 执行AGV分配局部搜索，当前完工时间: 1865.00
2025-04-08 15:00:53,085 - DEBUG - 局部搜索未能改进当前解
2025-04-08 15:00:53,088 - DEBUG - 执行AGV分配局部搜索，当前完工时间: 1888.00
2025-04-08 15:00:53,092 - DEBUG - 局部搜索未能改进当前解
2025-04-08 15:00:53,097 - DEBUG - 执行AGV分配局部搜索，当前完工时间: 1914.00
2025-04-08 15:00:53,101 - DEBUG - 局部搜索未能改进当前解
2025-04-08 15:00:53,104 - DEBUG - 执行AGV分配局部搜索，当前完工时间: 1837.00
2025-04-08 15:00:53,109 - DEBUG - 局部搜索未能改进当前解
2025-04-08 15:00:53,113 - DEBUG - 执行AGV分配局部搜索，当前完工时间: 1845.00
2025-04-08 15:00:53,116 - DEBUG - 局部搜索未能改进当前解
2025-04-08 15:00:53,120 - DEBUG - 执行AGV分配局部搜索，当前完工时间: 1910.00
2025-04-08 15:00:53,124 - DEBUG - 局部搜索未能改进当前解
2025-04-08 15:00:53,128 - DEBUG - 执行AGV分配局部搜索，当前完工时间: 1885.00
2025-04-08 15:00:53,131 - DEBUG - 局部搜索未能改进当前解
2025-04-08 15:00:53,135 - DEBUG - 执行AGV分配局部搜索，当前完工时间: 1816.00
2025-04-08 15:00:53,139 - DEBUG - 局部搜索未能改进当前解
2025-04-08 15:00:53,142 - DEBUG - 执行AGV分配局部搜索，当前完工时间: 1897.00
2025-04-08 15:00:53,145 - DEBUG - 局部搜索未能改进当前解
2025-04-08 15:00:53,150 - DEBUG - 执行AGV分配局部搜索，当前完工时间: 1837.00
2025-04-08 15:00:53,154 - DEBUG - 局部搜索未能改进当前解
2025-04-08 15:00:53,157 - DEBUG - 执行AGV分配局部搜索，当前完工时间: 1860.00
2025-04-08 15:00:53,161 - DEBUG - 局部搜索未能改进当前解
2025-04-08 15:00:53,164 - DEBUG - 执行AGV分配局部搜索，当前完工时间: 1913.00
2025-04-08 15:00:53,169 - DEBUG - 局部搜索未能改进当前解
2025-04-08 15:00:53,173 - DEBUG - 执行AGV分配局部搜索，当前完工时间: 1848.00
2025-04-08 15:00:53,176 - DEBUG - 局部搜索未能改进当前解
2025-04-08 15:00:53,176 - DEBUG - ==================================================
2025-04-08 15:00:53,176 - DEBUG - Efficiency Statistics of Local Search :
2025-04-08 15:00:53,176 - DEBUG - Number of attempts: 99
2025-04-08 15:00:53,176 - DEBUG - Average Success Rate: 9.09%
2025-04-08 15:00:53,176 - DEBUG - AGV Local Search Success: 9，Average Improvement: 30.00
2025-04-08 15:00:53,181 - DEBUG - 执行AGV分配局部搜索，当前完工时间: 1906.00
2025-04-08 15:00:53,185 - DEBUG - 局部搜索未能改进当前解
2025-04-08 15:00:53,188 - DEBUG - 执行AGV分配局部搜索，当前完工时间: 1910.00
2025-04-08 15:00:53,192 - DEBUG - 局部搜索未能改进当前解
2025-04-08 15:00:53,195 - DEBUG - 执行AGV分配局部搜索，当前完工时间: 1869.00
2025-04-08 15:00:53,200 - DEBUG - 局部搜索未能改进当前解
2025-04-08 15:00:53,204 - DEBUG - 执行AGV分配局部搜索，当前完工时间: 1891.00
2025-04-08 15:00:53,208 - DEBUG - 局部搜索未能改进当前解
2025-04-08 15:00:53,212 - DEBUG - 执行AGV分配局部搜索，当前完工时间: 1930.00
2025-04-08 15:00:53,215 - DEBUG - 局部搜索未能改进当前解
2025-04-08 15:00:53,220 - DEBUG - 执行AGV分配局部搜索，当前完工时间: 1944.00
2025-04-08 15:00:53,224 - DEBUG - 局部搜索未能改进当前解
2025-04-08 15:00:53,228 - DEBUG - 执行AGV分配局部搜索，当前完工时间: 1796.00
2025-04-08 15:00:53,231 - DEBUG - 局部搜索未能改进当前解
2025-04-08 15:00:53,236 - DEBUG - 执行AGV分配局部搜索，当前完工时间: 1886.00
2025-04-08 15:00:53,239 - DEBUG - 局部搜索未能改进当前解
2025-04-08 15:00:53,243 - DEBUG - 执行AGV分配局部搜索，当前完工时间: 1840.00
2025-04-08 15:00:53,247 - DEBUG - 局部搜索未能改进当前解
2025-04-08 15:00:53,251 - DEBUG - 执行AGV分配局部搜索，当前完工时间: 1888.00
2025-04-08 15:00:53,255 - DEBUG - 局部搜索未能改进当前解
2025-04-08 15:00:53,258 - DEBUG - 执行AGV分配局部搜索，当前完工时间: 1793.00
2025-04-08 15:00:53,262 - DEBUG - 局部搜索未能改进当前解
2025-04-08 15:00:53,267 - DEBUG - 执行AGV分配局部搜索，当前完工时间: 1989.00
2025-04-08 15:00:53,270 - DEBUG - 局部搜索未能改进当前解
2025-04-08 15:00:53,274 - DEBUG - 执行AGV分配局部搜索，当前完工时间: 1822.00
2025-04-08 15:00:53,277 - DEBUG - 局部搜索未能改进当前解
2025-04-08 15:00:53,282 - DEBUG - 执行AGV分配局部搜索，当前完工时间: 1836.00
2025-04-08 15:00:53,285 - DEBUG - 局部搜索未能改进当前解
2025-04-08 15:00:53,289 - DEBUG - 执行AGV分配局部搜索，当前完工时间: 1852.00
2025-04-08 15:00:53,293 - DEBUG - 局部搜索未能改进当前解
2025-04-08 15:00:53,295 - DEBUG - 执行AGV分配局部搜索，当前完工时间: 1807.00
2025-04-08 15:00:53,300 - DEBUG - 局部搜索未能改进当前解
2025-04-08 15:00:53,303 - DEBUG - 执行AGV分配局部搜索，当前完工时间: 1896.00
2025-04-08 15:00:53,307 - DEBUG - AGV分配局部搜索成功！完工时间从 1896.00 降低到 1877.00，改进: 19.00 (1.00%)
2025-04-08 15:00:53,310 - DEBUG - 执行AGV分配局部搜索，当前完工时间: 1796.00
2025-04-08 15:00:53,314 - DEBUG - 局部搜索未能改进当前解
2025-04-08 15:00:53,318 - DEBUG - 执行AGV分配局部搜索，当前完工时间: 1912.00
2025-04-08 15:00:53,321 - DEBUG - 局部搜索未能改进当前解
2025-04-08 15:00:53,326 - DEBUG - 执行AGV分配局部搜索，当前完工时间: 1852.00
2025-04-08 15:00:53,329 - DEBUG - 局部搜索未能改进当前解
2025-04-08 15:00:53,333 - DEBUG - 执行AGV分配局部搜索，当前完工时间: 1860.00
2025-04-08 15:00:53,337 - DEBUG - 局部搜索未能改进当前解
2025-04-08 15:00:53,340 - DEBUG - 执行AGV分配局部搜索，当前完工时间: 1938.00
2025-04-08 15:00:53,344 - DEBUG - 局部搜索未能改进当前解
2025-04-08 15:00:53,348 - DEBUG - 执行AGV分配局部搜索，当前完工时间: 1864.00
2025-04-08 15:00:53,352 - DEBUG - 局部搜索未能改进当前解
2025-04-08 15:00:53,355 - DEBUG - 执行AGV分配局部搜索，当前完工时间: 1877.00
2025-04-08 15:00:53,358 - DEBUG - 局部搜索未能改进当前解
2025-04-08 15:00:53,362 - DEBUG - 执行AGV分配局部搜索，当前完工时间: 2046.00
2025-04-08 15:00:53,366 - DEBUG - 局部搜索未能改进当前解
2025-04-08 15:00:53,370 - DEBUG - 执行AGV分配局部搜索，当前完工时间: 1815.00
2025-04-08 15:00:53,374 - DEBUG - 局部搜索未能改进当前解
2025-04-08 15:00:53,378 - DEBUG - 执行AGV分配局部搜索，当前完工时间: 1831.00
2025-04-08 15:00:53,382 - DEBUG - 局部搜索未能改进当前解
2025-04-08 15:00:53,386 - DEBUG - 执行AGV分配局部搜索，当前完工时间: 1825.00
2025-04-08 15:00:53,389 - DEBUG - AGV分配局部搜索成功！完工时间从 1825.00 降低到 1817.00，改进: 8.00 (0.44%)
2025-04-08 15:00:53,393 - DEBUG - 执行AGV分配局部搜索，当前完工时间: 1895.00
2025-04-08 15:00:53,397 - DEBUG - 局部搜索未能改进当前解
2025-04-08 15:00:53,401 - DEBUG - 执行AGV分配局部搜索，当前完工时间: 1899.00
2025-04-08 15:00:53,404 - DEBUG - 局部搜索未能改进当前解
2025-04-08 15:00:53,408 - DEBUG - 执行AGV分配局部搜索，当前完工时间: 1815.00
2025-04-08 15:00:53,412 - DEBUG - 局部搜索未能改进当前解
2025-04-08 15:00:53,415 - DEBUG - 执行AGV分配局部搜索，当前完工时间: 1902.00
2025-04-08 15:00:53,419 - DEBUG - 局部搜索未能改进当前解
2025-04-08 15:00:53,422 - DEBUG - 执行AGV分配局部搜索，当前完工时间: 1894.00
2025-04-08 15:00:53,425 - DEBUG - 局部搜索未能改进当前解
2025-04-08 15:00:53,430 - DEBUG - 执行AGV分配局部搜索，当前完工时间: 1947.00
2025-04-08 15:00:53,434 - DEBUG - AGV分配局部搜索成功！完工时间从 1947.00 降低到 1895.00，改进: 52.00 (2.67%)
2025-04-08 15:00:53,437 - DEBUG - 执行AGV分配局部搜索，当前完工时间: 1889.00
2025-04-08 15:00:53,441 - DEBUG - 局部搜索未能改进当前解
2025-04-08 15:00:53,445 - DEBUG - 执行AGV分配局部搜索，当前完工时间: 1973.00
2025-04-08 15:00:53,449 - DEBUG - 局部搜索未能改进当前解
2025-04-08 15:00:53,452 - DEBUG - 执行AGV分配局部搜索，当前完工时间: 1892.00
2025-04-08 15:00:53,456 - DEBUG - 局部搜索未能改进当前解
2025-04-08 15:00:53,460 - DEBUG - 执行AGV分配局部搜索，当前完工时间: 1936.00
2025-04-08 15:00:53,464 - DEBUG - AGV分配局部搜索成功！完工时间从 1936.00 降低到 1898.00，改进: 38.00 (1.96%)
2025-04-08 15:00:53,468 - DEBUG - 执行AGV分配局部搜索，当前完工时间: 1847.00
2025-04-08 15:00:53,470 - DEBUG - 局部搜索未能改进当前解
2025-04-08 15:00:53,475 - DEBUG - 执行AGV分配局部搜索，当前完工时间: 1892.00
2025-04-08 15:00:53,479 - DEBUG - 局部搜索未能改进当前解
2025-04-08 15:00:53,483 - DEBUG - 执行AGV分配局部搜索，当前完工时间: 1886.00
2025-04-08 15:00:53,487 - DEBUG - 局部搜索未能改进当前解
2025-04-08 15:00:53,491 - DEBUG - 执行AGV分配局部搜索，当前完工时间: 1911.00
2025-04-08 15:00:53,495 - DEBUG - 局部搜索未能改进当前解
2025-04-08 15:00:53,499 - DEBUG - 执行AGV分配局部搜索，当前完工时间: 1872.00
2025-04-08 15:00:53,502 - DEBUG - 局部搜索未能改进当前解
2025-04-08 15:00:53,506 - DEBUG - 执行AGV分配局部搜索，当前完工时间: 1866.00
2025-04-08 15:00:53,509 - DEBUG - 局部搜索未能改进当前解
2025-04-08 15:00:53,514 - DEBUG - 执行AGV分配局部搜索，当前完工时间: 1865.00
2025-04-08 15:00:53,518 - DEBUG - 局部搜索未能改进当前解
2025-04-08 15:00:53,520 - DEBUG - 执行AGV分配局部搜索，当前完工时间: 1798.00
2025-04-08 15:00:53,525 - DEBUG - 局部搜索未能改进当前解
2025-04-08 15:00:53,529 - DEBUG - 执行AGV分配局部搜索，当前完工时间: 1890.00
2025-04-08 15:00:53,532 - DEBUG - 局部搜索未能改进当前解
2025-04-08 15:00:53,536 - DEBUG - 执行AGV分配局部搜索，当前完工时间: 1885.00
2025-04-08 15:00:53,540 - DEBUG - 局部搜索未能改进当前解
2025-04-08 15:00:53,543 - DEBUG - 执行AGV分配局部搜索，当前完工时间: 1878.00
2025-04-08 15:00:53,547 - DEBUG - 局部搜索未能改进当前解
2025-04-08 15:00:53,552 - DEBUG - 执行AGV分配局部搜索，当前完工时间: 1846.00
2025-04-08 15:00:53,560 - DEBUG - 局部搜索未能改进当前解
2025-04-08 15:00:53,569 - DEBUG - 执行AGV分配局部搜索，当前完工时间: 1911.00
2025-04-08 15:00:53,576 - DEBUG - 局部搜索未能改进当前解
2025-04-08 15:00:53,583 - DEBUG - 执行AGV分配局部搜索，当前完工时间: 1846.00
2025-04-08 15:00:53,587 - DEBUG - 局部搜索未能改进当前解
2025-04-08 15:00:53,591 - DEBUG - 执行AGV分配局部搜索，当前完工时间: 1927.00
2025-04-08 15:00:53,595 - DEBUG - 局部搜索未能改进当前解
2025-04-08 15:00:53,599 - DEBUG - 执行AGV分配局部搜索，当前完工时间: 1793.00
2025-04-08 15:00:53,604 - DEBUG - 局部搜索未能改进当前解
2025-04-08 15:00:53,608 - DEBUG - 执行AGV分配局部搜索，当前完工时间: 2018.00
2025-04-08 15:00:53,613 - DEBUG - 局部搜索未能改进当前解
2025-04-08 15:00:53,616 - DEBUG - 执行AGV分配局部搜索，当前完工时间: 1872.00
2025-04-08 15:00:53,620 - DEBUG - 局部搜索未能改进当前解
2025-04-08 15:00:53,624 - DEBUG - 执行AGV分配局部搜索，当前完工时间: 1949.00
2025-04-08 15:00:53,627 - DEBUG - 局部搜索未能改进当前解
2025-04-08 15:00:53,630 - DEBUG - 执行AGV分配局部搜索，当前完工时间: 1813.00
2025-04-08 15:00:53,635 - DEBUG - 局部搜索未能改进当前解
2025-04-08 15:00:53,638 - DEBUG - 执行AGV分配局部搜索，当前完工时间: 1859.00
2025-04-08 15:00:53,642 - DEBUG - 局部搜索未能改进当前解
2025-04-08 15:00:53,645 - DEBUG - 执行AGV分配局部搜索，当前完工时间: 1837.00
2025-04-08 15:00:53,650 - DEBUG - 局部搜索未能改进当前解
2025-04-08 15:00:53,653 - DEBUG - 执行AGV分配局部搜索，当前完工时间: 1930.00
2025-04-08 15:00:53,657 - DEBUG - 局部搜索未能改进当前解
2025-04-08 15:00:53,662 - DEBUG - 执行AGV分配局部搜索，当前完工时间: 1872.00
2025-04-08 15:00:53,664 - DEBUG - 局部搜索未能改进当前解
2025-04-08 15:00:53,669 - DEBUG - 执行AGV分配局部搜索，当前完工时间: 1828.00
2025-04-08 15:00:53,672 - DEBUG - 局部搜索未能改进当前解
2025-04-08 15:00:53,675 - DEBUG - 执行AGV分配局部搜索，当前完工时间: 1874.00
2025-04-08 15:00:53,679 - DEBUG - 局部搜索未能改进当前解
2025-04-08 15:00:53,683 - DEBUG - 执行AGV分配局部搜索，当前完工时间: 1911.00
2025-04-08 15:00:53,686 - DEBUG - 局部搜索未能改进当前解
2025-04-08 15:00:53,691 - DEBUG - 执行AGV分配局部搜索，当前完工时间: 1884.00
2025-04-08 15:00:53,694 - DEBUG - 局部搜索未能改进当前解
2025-04-08 15:00:53,697 - DEBUG - 执行AGV分配局部搜索，当前完工时间: 1818.00
2025-04-08 15:00:53,702 - DEBUG - 局部搜索未能改进当前解
2025-04-08 15:00:53,706 - DEBUG - 执行AGV分配局部搜索，当前完工时间: 1851.00
2025-04-08 15:00:53,710 - DEBUG - 局部搜索未能改进当前解
2025-04-08 15:00:53,713 - DEBUG - 执行AGV分配局部搜索，当前完工时间: 1935.00
2025-04-08 15:00:53,718 - DEBUG - 局部搜索未能改进当前解
2025-04-08 15:00:53,722 - DEBUG - 执行AGV分配局部搜索，当前完工时间: 1870.00
2025-04-08 15:00:53,725 - DEBUG - 局部搜索未能改进当前解
2025-04-08 15:00:53,729 - DEBUG - 执行AGV分配局部搜索，当前完工时间: 1886.00
2025-04-08 15:00:53,733 - DEBUG - AGV分配局部搜索成功！完工时间从 1886.00 降低到 1879.00，改进: 7.00 (0.37%)
2025-04-08 15:00:53,736 - DEBUG - 执行AGV分配局部搜索，当前完工时间: 1861.00
2025-04-08 15:00:53,740 - DEBUG - 局部搜索未能改进当前解
2025-04-08 15:00:53,744 - DEBUG - 执行AGV分配局部搜索，当前完工时间: 2105.00
2025-04-08 15:00:53,748 - DEBUG - 局部搜索未能改进当前解
2025-04-08 15:00:53,752 - DEBUG - 执行AGV分配局部搜索，当前完工时间: 1854.00
2025-04-08 15:00:53,756 - DEBUG - 局部搜索未能改进当前解
2025-04-08 15:00:53,760 - DEBUG - 执行AGV分配局部搜索，当前完工时间: 1793.00
2025-04-08 15:00:53,763 - DEBUG - 局部搜索未能改进当前解
2025-04-08 15:00:53,768 - DEBUG - 执行AGV分配局部搜索，当前完工时间: 1880.00
2025-04-08 15:00:53,772 - DEBUG - 局部搜索未能改进当前解
2025-04-08 15:00:53,776 - DEBUG - 执行AGV分配局部搜索，当前完工时间: 1837.00
2025-04-08 15:00:53,780 - DEBUG - 局部搜索未能改进当前解
2025-04-08 15:00:53,783 - DEBUG - 执行AGV分配局部搜索，当前完工时间: 1810.00
2025-04-08 15:00:53,787 - DEBUG - 局部搜索未能改进当前解
2025-04-08 15:00:53,791 - DEBUG - 执行AGV分配局部搜索，当前完工时间: 1859.00
2025-04-08 15:00:53,795 - DEBUG - 局部搜索未能改进当前解
2025-04-08 15:00:53,797 - DEBUG - 执行AGV分配局部搜索，当前完工时间: 1907.00
2025-04-08 15:00:53,802 - DEBUG - AGV分配局部搜索成功！完工时间从 1907.00 降低到 1905.00，改进: 2.00 (0.10%)
2025-04-08 15:00:53,806 - DEBUG - 执行AGV分配局部搜索，当前完工时间: 1897.00
2025-04-08 15:00:53,810 - DEBUG - 局部搜索未能改进当前解
2025-04-08 15:00:53,812 - DEBUG - 执行AGV分配局部搜索，当前完工时间: 1915.00
2025-04-08 15:00:53,817 - DEBUG - 局部搜索未能改进当前解
2025-04-08 15:00:53,820 - DEBUG - 执行AGV分配局部搜索，当前完工时间: 1891.00
2025-04-08 15:00:53,824 - DEBUG - 局部搜索未能改进当前解
2025-04-08 15:00:53,828 - DEBUG - 执行AGV分配局部搜索，当前完工时间: 1836.00
2025-04-08 15:00:53,832 - DEBUG - AGV分配局部搜索成功！完工时间从 1836.00 降低到 1819.00，改进: 17.00 (0.93%)
2025-04-08 15:00:53,835 - DEBUG - 执行AGV分配局部搜索，当前完工时间: 1893.00
2025-04-08 15:00:53,839 - DEBUG - AGV分配局部搜索成功！完工时间从 1893.00 降低到 1873.00，改进: 20.00 (1.06%)
2025-04-08 15:00:53,843 - DEBUG - 执行AGV分配局部搜索，当前完工时间: 1849.00
2025-04-08 15:00:53,846 - DEBUG - 局部搜索未能改进当前解
2025-04-08 15:00:53,849 - DEBUG - 执行AGV分配局部搜索，当前完工时间: 1848.00
2025-04-08 15:00:53,853 - DEBUG - 局部搜索未能改进当前解
2025-04-08 15:00:53,856 - DEBUG - 执行AGV分配局部搜索，当前完工时间: 1846.00
2025-04-08 15:00:53,860 - DEBUG - 局部搜索未能改进当前解
2025-04-08 15:00:53,864 - DEBUG - 执行AGV分配局部搜索，当前完工时间: 1889.00
2025-04-08 15:00:53,867 - DEBUG - 局部搜索未能改进当前解
2025-04-08 15:00:53,871 - DEBUG - 执行AGV分配局部搜索，当前完工时间: 1839.00
2025-04-08 15:00:53,875 - DEBUG - 局部搜索未能改进当前解
2025-04-08 15:00:53,878 - DEBUG - 执行AGV分配局部搜索，当前完工时间: 1917.00
2025-04-08 15:00:53,882 - DEBUG - 局部搜索未能改进当前解
2025-04-08 15:00:53,885 - DEBUG - 执行AGV分配局部搜索，当前完工时间: 1835.00
2025-04-08 15:00:53,890 - DEBUG - 局部搜索未能改进当前解
2025-04-08 15:00:53,895 - DEBUG - 执行AGV分配局部搜索，当前完工时间: 1908.00
2025-04-08 15:00:53,899 - DEBUG - 局部搜索未能改进当前解
2025-04-08 15:00:53,902 - DEBUG - 执行AGV分配局部搜索，当前完工时间: 1817.00
2025-04-08 15:00:53,906 - DEBUG - 局部搜索未能改进当前解
2025-04-08 15:00:53,909 - DEBUG - 执行AGV分配局部搜索，当前完工时间: 1881.00
2025-04-08 15:00:53,912 - DEBUG - 局部搜索未能改进当前解
2025-04-08 15:00:53,916 - DEBUG - 执行AGV分配局部搜索，当前完工时间: 2093.00
2025-04-08 15:00:53,921 - DEBUG - 局部搜索未能改进当前解
2025-04-08 15:00:53,924 - DEBUG - 执行AGV分配局部搜索，当前完工时间: 1815.00
2025-04-08 15:00:53,927 - DEBUG - 局部搜索未能改进当前解
2025-04-08 15:00:53,931 - DEBUG - 执行AGV分配局部搜索，当前完工时间: 1872.00
2025-04-08 15:00:53,934 - DEBUG - 局部搜索未能改进当前解
2025-04-08 15:00:53,938 - DEBUG - 执行AGV分配局部搜索，当前完工时间: 1938.00
2025-04-08 15:00:53,942 - DEBUG - 局部搜索未能改进当前解
2025-04-08 15:00:53,942 - DEBUG - ==================================================
2025-04-08 15:00:53,942 - DEBUG - Efficiency Statistics of Local Search :
2025-04-08 15:00:53,942 - DEBUG - Number of attempts: 99
2025-04-08 15:00:53,942 - DEBUG - Average Success Rate: 8.08%
2025-04-08 15:00:53,942 - DEBUG - AGV Local Search Success: 8，Average Improvement: 20.38
2025-04-08 15:00:53,945 - DEBUG - 执行AGV分配局部搜索，当前完工时间: 1892.00
2025-04-08 15:00:53,951 - DEBUG - 局部搜索未能改进当前解
2025-04-08 15:00:53,955 - DEBUG - 执行AGV分配局部搜索，当前完工时间: 1849.00
2025-04-08 15:00:53,958 - DEBUG - 局部搜索未能改进当前解
2025-04-08 15:00:53,962 - DEBUG - 执行AGV分配局部搜索，当前完工时间: 1860.00
2025-04-08 15:00:53,966 - DEBUG - 局部搜索未能改进当前解
2025-04-08 15:00:53,970 - DEBUG - 执行AGV分配局部搜索，当前完工时间: 1852.00
2025-04-08 15:00:53,974 - DEBUG - 局部搜索未能改进当前解
2025-04-08 15:00:53,978 - DEBUG - 执行AGV分配局部搜索，当前完工时间: 1851.00
2025-04-08 15:00:53,982 - DEBUG - 局部搜索未能改进当前解
2025-04-08 15:00:53,985 - DEBUG - 执行AGV分配局部搜索，当前完工时间: 1879.00
2025-04-08 15:00:53,988 - DEBUG - AGV分配局部搜索成功！完工时间从 1879.00 降低到 1876.00，改进: 3.00 (0.16%)
2025-04-08 15:00:53,993 - DEBUG - 执行AGV分配局部搜索，当前完工时间: 1914.00
2025-04-08 15:00:53,996 - DEBUG - 局部搜索未能改进当前解
2025-04-08 15:00:53,999 - DEBUG - 执行AGV分配局部搜索，当前完工时间: 1872.00
2025-04-08 15:00:54,004 - DEBUG - 局部搜索未能改进当前解
2025-04-08 15:00:54,008 - DEBUG - 执行AGV分配局部搜索，当前完工时间: 1907.00
2025-04-08 15:00:54,011 - DEBUG - AGV分配局部搜索成功！完工时间从 1907.00 降低到 1886.00，改进: 21.00 (1.10%)
2025-04-08 15:00:54,015 - DEBUG - 执行AGV分配局部搜索，当前完工时间: 1846.00
2025-04-08 15:00:54,019 - DEBUG - AGV分配局部搜索成功！完工时间从 1846.00 降低到 1817.00，改进: 29.00 (1.57%)
2025-04-08 15:00:54,023 - DEBUG - 执行AGV分配局部搜索，当前完工时间: 1878.00
2025-04-08 15:00:54,027 - DEBUG - 局部搜索未能改进当前解
2025-04-08 15:00:54,030 - DEBUG - 执行AGV分配局部搜索，当前完工时间: 1786.00
2025-04-08 15:00:54,034 - DEBUG - 局部搜索未能改进当前解
2025-04-08 15:00:54,037 - DEBUG - 执行AGV分配局部搜索，当前完工时间: 1808.00
2025-04-08 15:00:54,041 - DEBUG - 局部搜索未能改进当前解
2025-04-08 15:00:54,045 - DEBUG - 执行AGV分配局部搜索，当前完工时间: 1891.00
2025-04-08 15:00:54,049 - DEBUG - 局部搜索未能改进当前解
2025-04-08 15:00:54,053 - DEBUG - 执行AGV分配局部搜索，当前完工时间: 2019.00
2025-04-08 15:00:54,057 - DEBUG - 局部搜索未能改进当前解
2025-04-08 15:00:54,060 - DEBUG - 执行AGV分配局部搜索，当前完工时间: 1904.00
2025-04-08 15:00:54,064 - DEBUG - 局部搜索未能改进当前解
2025-04-08 15:00:54,068 - DEBUG - 执行AGV分配局部搜索，当前完工时间: 1815.00
2025-04-08 15:00:54,070 - DEBUG - 局部搜索未能改进当前解
2025-04-08 15:00:54,075 - DEBUG - 执行AGV分配局部搜索，当前完工时间: 1816.00
2025-04-08 15:00:54,079 - DEBUG - 局部搜索未能改进当前解
2025-04-08 15:00:54,083 - DEBUG - 执行AGV分配局部搜索，当前完工时间: 1814.00
2025-04-08 15:00:54,087 - DEBUG - 局部搜索未能改进当前解
2025-04-08 15:00:54,090 - DEBUG - 执行AGV分配局部搜索，当前完工时间: 1864.00
2025-04-08 15:00:54,094 - DEBUG - 局部搜索未能改进当前解
2025-04-08 15:00:54,097 - DEBUG - 执行AGV分配局部搜索，当前完工时间: 1791.00
2025-04-08 15:00:54,101 - DEBUG - 局部搜索未能改进当前解
2025-04-08 15:00:54,105 - DEBUG - 执行AGV分配局部搜索，当前完工时间: 1976.00
2025-04-08 15:00:54,108 - DEBUG - 局部搜索未能改进当前解
2025-04-08 15:00:54,112 - DEBUG - 执行AGV分配局部搜索，当前完工时间: 1932.00
2025-04-08 15:00:54,116 - DEBUG - 局部搜索未能改进当前解
2025-04-08 15:00:54,121 - DEBUG - 执行AGV分配局部搜索，当前完工时间: 1817.00
2025-04-08 15:00:54,124 - DEBUG - 局部搜索未能改进当前解
2025-04-08 15:00:54,128 - DEBUG - 执行AGV分配局部搜索，当前完工时间: 1909.00
2025-04-08 15:00:54,131 - DEBUG - AGV分配局部搜索成功！完工时间从 1909.00 降低到 1890.00，改进: 19.00 (1.00%)
2025-04-08 15:00:54,136 - DEBUG - 执行AGV分配局部搜索，当前完工时间: 1860.00
2025-04-08 15:00:54,138 - DEBUG - 局部搜索未能改进当前解
2025-04-08 15:00:54,143 - DEBUG - 执行AGV分配局部搜索，当前完工时间: 1800.00
2025-04-08 15:00:54,147 - DEBUG - 局部搜索未能改进当前解
2025-04-08 15:00:54,151 - DEBUG - 执行AGV分配局部搜索，当前完工时间: 1962.00
2025-04-08 15:00:54,154 - DEBUG - 局部搜索未能改进当前解
2025-04-08 15:00:54,158 - DEBUG - 执行AGV分配局部搜索，当前完工时间: 1837.00
2025-04-08 15:00:54,162 - DEBUG - 局部搜索未能改进当前解
2025-04-08 15:00:54,165 - DEBUG - 执行AGV分配局部搜索，当前完工时间: 1983.00
2025-04-08 15:00:54,170 - DEBUG - AGV分配局部搜索成功！完工时间从 1983.00 降低到 1936.00，改进: 47.00 (2.37%)
2025-04-08 15:00:54,173 - DEBUG - 执行AGV分配局部搜索，当前完工时间: 1862.00
2025-04-08 15:00:54,177 - DEBUG - AGV分配局部搜索成功！完工时间从 1862.00 降低到 1853.00，改进: 9.00 (0.48%)
2025-04-08 15:00:54,180 - DEBUG - 执行AGV分配局部搜索，当前完工时间: 1848.00
2025-04-08 15:00:54,184 - DEBUG - 局部搜索未能改进当前解
2025-04-08 15:00:54,188 - DEBUG - 执行AGV分配局部搜索，当前完工时间: 1911.00
2025-04-08 15:00:54,192 - DEBUG - 局部搜索未能改进当前解
2025-04-08 15:00:54,195 - DEBUG - 执行AGV分配局部搜索，当前完工时间: 1906.00
2025-04-08 15:00:54,200 - DEBUG - 局部搜索未能改进当前解
2025-04-08 15:00:54,204 - DEBUG - 执行AGV分配局部搜索，当前完工时间: 1889.00
2025-04-08 15:00:54,207 - DEBUG - 局部搜索未能改进当前解
2025-04-08 15:00:54,211 - DEBUG - 执行AGV分配局部搜索，当前完工时间: 1975.00
2025-04-08 15:00:54,215 - DEBUG - 局部搜索未能改进当前解
2025-04-08 15:00:54,219 - DEBUG - 执行AGV分配局部搜索，当前完工时间: 1818.00
2025-04-08 15:00:54,222 - DEBUG - 局部搜索未能改进当前解
2025-04-08 15:00:54,226 - DEBUG - 执行AGV分配局部搜索，当前完工时间: 1853.00
2025-04-08 15:00:54,229 - DEBUG - 局部搜索未能改进当前解
2025-04-08 15:00:54,234 - DEBUG - 执行AGV分配局部搜索，当前完工时间: 1831.00
2025-04-08 15:00:54,237 - DEBUG - 局部搜索未能改进当前解
2025-04-08 15:00:54,241 - DEBUG - 执行AGV分配局部搜索，当前完工时间: 1830.00
2025-04-08 15:00:54,245 - DEBUG - 局部搜索未能改进当前解
2025-04-08 15:00:54,248 - DEBUG - 执行AGV分配局部搜索，当前完工时间: 1898.00
2025-04-08 15:00:54,252 - DEBUG - 局部搜索未能改进当前解
2025-04-08 15:00:54,255 - DEBUG - 执行AGV分配局部搜索，当前完工时间: 1807.00
2025-04-08 15:00:54,262 - DEBUG - 局部搜索未能改进当前解
2025-04-08 15:00:54,266 - DEBUG - 执行AGV分配局部搜索，当前完工时间: 1931.00
2025-04-08 15:00:54,270 - DEBUG - 局部搜索未能改进当前解
2025-04-08 15:00:54,273 - DEBUG - 执行AGV分配局部搜索，当前完工时间: 1844.00
2025-04-08 15:00:54,277 - DEBUG - AGV分配局部搜索成功！完工时间从 1844.00 降低到 1839.00，改进: 5.00 (0.27%)
2025-04-08 15:00:54,281 - DEBUG - 执行AGV分配局部搜索，当前完工时间: 1903.00
2025-04-08 15:00:54,284 - DEBUG - 局部搜索未能改进当前解
2025-04-08 15:00:54,287 - DEBUG - 执行AGV分配局部搜索，当前完工时间: 1844.00
2025-04-08 15:00:54,291 - DEBUG - 局部搜索未能改进当前解
2025-04-08 15:00:54,295 - DEBUG - 执行AGV分配局部搜索，当前完工时间: 1905.00
2025-04-08 15:00:54,299 - DEBUG - 局部搜索未能改进当前解
2025-04-08 15:00:54,302 - DEBUG - 执行AGV分配局部搜索，当前完工时间: 1873.00
2025-04-08 15:00:54,306 - DEBUG - 局部搜索未能改进当前解
2025-04-08 15:00:54,310 - DEBUG - 执行AGV分配局部搜索，当前完工时间: 1916.00
2025-04-08 15:00:54,314 - DEBUG - 局部搜索未能改进当前解
2025-04-08 15:00:54,317 - DEBUG - 执行AGV分配局部搜索，当前完工时间: 1860.00
2025-04-08 15:00:54,321 - DEBUG - 局部搜索未能改进当前解
2025-04-08 15:00:54,325 - DEBUG - 执行AGV分配局部搜索，当前完工时间: 1880.00
2025-04-08 15:00:54,329 - DEBUG - AGV分配局部搜索成功！完工时间从 1880.00 降低到 1870.00，改进: 10.00 (0.53%)
2025-04-08 15:00:54,333 - DEBUG - 执行AGV分配局部搜索，当前完工时间: 1840.00
2025-04-08 15:00:54,336 - DEBUG - 局部搜索未能改进当前解
2025-04-08 15:00:54,340 - DEBUG - 执行AGV分配局部搜索，当前完工时间: 1850.00
2025-04-08 15:00:54,344 - DEBUG - 局部搜索未能改进当前解
2025-04-08 15:00:54,347 - DEBUG - 执行AGV分配局部搜索，当前完工时间: 1779.00
2025-04-08 15:00:54,352 - DEBUG - 局部搜索未能改进当前解
2025-04-08 15:00:54,356 - DEBUG - 执行AGV分配局部搜索，当前完工时间: 1918.00
2025-04-08 15:00:54,359 - DEBUG - 局部搜索未能改进当前解
2025-04-08 15:00:54,362 - DEBUG - 执行AGV分配局部搜索，当前完工时间: 1793.00
2025-04-08 15:00:54,365 - DEBUG - 局部搜索未能改进当前解
2025-04-08 15:00:54,370 - DEBUG - 执行AGV分配局部搜索，当前完工时间: 1783.00
2025-04-08 15:00:54,373 - DEBUG - 局部搜索未能改进当前解
2025-04-08 15:00:54,377 - DEBUG - 执行AGV分配局部搜索，当前完工时间: 1835.00
2025-04-08 15:00:54,380 - DEBUG - 局部搜索未能改进当前解
2025-04-08 15:00:54,384 - DEBUG - 执行AGV分配局部搜索，当前完工时间: 1809.00
2025-04-08 15:00:54,387 - DEBUG - 局部搜索未能改进当前解
2025-04-08 15:00:54,391 - DEBUG - 执行AGV分配局部搜索，当前完工时间: 1881.00
2025-04-08 15:00:54,395 - DEBUG - AGV分配局部搜索成功！完工时间从 1881.00 降低到 1864.00，改进: 17.00 (0.90%)
2025-04-08 15:00:54,399 - DEBUG - 执行AGV分配局部搜索，当前完工时间: 1861.00
2025-04-08 15:00:54,402 - DEBUG - 局部搜索未能改进当前解
2025-04-08 15:00:54,406 - DEBUG - 执行AGV分配局部搜索，当前完工时间: 1846.00
2025-04-08 15:00:54,410 - DEBUG - 局部搜索未能改进当前解
2025-04-08 15:00:54,414 - DEBUG - 执行AGV分配局部搜索，当前完工时间: 1859.00
2025-04-08 15:00:54,417 - DEBUG - 局部搜索未能改进当前解
2025-04-08 15:00:54,420 - DEBUG - 执行AGV分配局部搜索，当前完工时间: 1839.00
2025-04-08 15:00:54,424 - DEBUG - 局部搜索未能改进当前解
2025-04-08 15:00:54,429 - DEBUG - 执行AGV分配局部搜索，当前完工时间: 1853.00
2025-04-08 15:00:54,432 - DEBUG - 局部搜索未能改进当前解
2025-04-08 15:00:54,437 - DEBUG - 执行AGV分配局部搜索，当前完工时间: 1914.00
2025-04-08 15:00:54,440 - DEBUG - AGV分配局部搜索成功！完工时间从 1914.00 降低到 1903.00，改进: 11.00 (0.57%)
2025-04-08 15:00:54,444 - DEBUG - 执行AGV分配局部搜索，当前完工时间: 2025.00
2025-04-08 15:00:54,448 - DEBUG - AGV分配局部搜索成功！完工时间从 2025.00 降低到 2000.00，改进: 25.00 (1.23%)
2025-04-08 15:00:54,452 - DEBUG - 执行AGV分配局部搜索，当前完工时间: 1829.00
2025-04-08 15:00:54,455 - DEBUG - 局部搜索未能改进当前解
2025-04-08 15:00:54,459 - DEBUG - 执行AGV分配局部搜索，当前完工时间: 1905.00
2025-04-08 15:00:54,463 - DEBUG - 局部搜索未能改进当前解
2025-04-08 15:00:54,466 - DEBUG - 执行AGV分配局部搜索，当前完工时间: 1857.00
2025-04-08 15:00:54,470 - DEBUG - AGV分配局部搜索成功！完工时间从 1857.00 降低到 1851.00，改进: 6.00 (0.32%)
2025-04-08 15:00:54,474 - DEBUG - 执行AGV分配局部搜索，当前完工时间: 1923.00
2025-04-08 15:00:54,478 - DEBUG - 局部搜索未能改进当前解
2025-04-08 15:00:54,481 - DEBUG - 执行AGV分配局部搜索，当前完工时间: 2031.00
2025-04-08 15:00:54,485 - DEBUG - 局部搜索未能改进当前解
2025-04-08 15:00:54,489 - DEBUG - 执行AGV分配局部搜索，当前完工时间: 1862.00
2025-04-08 15:00:54,492 - DEBUG - 局部搜索未能改进当前解
2025-04-08 15:00:54,496 - DEBUG - 执行AGV分配局部搜索，当前完工时间: 1904.00
2025-04-08 15:00:54,500 - DEBUG - AGV分配局部搜索成功！完工时间从 1904.00 降低到 1893.00，改进: 11.00 (0.58%)
2025-04-08 15:00:54,504 - DEBUG - 执行AGV分配局部搜索，当前完工时间: 1814.00
2025-04-08 15:00:54,507 - DEBUG - 局部搜索未能改进当前解
2025-04-08 15:00:54,511 - DEBUG - 执行AGV分配局部搜索，当前完工时间: 1857.00
2025-04-08 15:00:54,514 - DEBUG - 局部搜索未能改进当前解
2025-04-08 15:00:54,518 - DEBUG - 执行AGV分配局部搜索，当前完工时间: 1908.00
2025-04-08 15:00:54,522 - DEBUG - 局部搜索未能改进当前解
2025-04-08 15:00:54,525 - DEBUG - 执行AGV分配局部搜索，当前完工时间: 1869.00
2025-04-08 15:00:54,529 - DEBUG - 局部搜索未能改进当前解
2025-04-08 15:00:54,533 - DEBUG - 执行AGV分配局部搜索，当前完工时间: 1858.00
2025-04-08 15:00:54,536 - DEBUG - 局部搜索未能改进当前解
2025-04-08 15:00:54,540 - DEBUG - 执行AGV分配局部搜索，当前完工时间: 1892.00
2025-04-08 15:00:54,544 - DEBUG - 局部搜索未能改进当前解
2025-04-08 15:00:54,547 - DEBUG - 执行AGV分配局部搜索，当前完工时间: 1818.00
2025-04-08 15:00:54,550 - DEBUG - 局部搜索未能改进当前解
2025-04-08 15:00:54,555 - DEBUG - 执行AGV分配局部搜索，当前完工时间: 1940.00
2025-04-08 15:00:54,559 - DEBUG - 局部搜索未能改进当前解
2025-04-08 15:00:54,562 - DEBUG - 执行AGV分配局部搜索，当前完工时间: 1848.00
2025-04-08 15:00:54,565 - DEBUG - 局部搜索未能改进当前解
2025-04-08 15:00:54,569 - DEBUG - 执行AGV分配局部搜索，当前完工时间: 1885.00
2025-04-08 15:00:54,572 - DEBUG - AGV分配局部搜索成功！完工时间从 1885.00 降低到 1872.00，改进: 13.00 (0.69%)
2025-04-08 15:00:54,576 - DEBUG - 执行AGV分配局部搜索，当前完工时间: 1854.00
2025-04-08 15:00:54,579 - DEBUG - 局部搜索未能改进当前解
2025-04-08 15:00:54,584 - DEBUG - 执行AGV分配局部搜索，当前完工时间: 1955.00
2025-04-08 15:00:54,587 - DEBUG - 局部搜索未能改进当前解
2025-04-08 15:00:54,591 - DEBUG - 执行AGV分配局部搜索，当前完工时间: 1885.00
2025-04-08 15:00:54,595 - DEBUG - 局部搜索未能改进当前解
2025-04-08 15:00:54,599 - DEBUG - 执行AGV分配局部搜索，当前完工时间: 1797.00
2025-04-08 15:00:54,602 - DEBUG - 局部搜索未能改进当前解
2025-04-08 15:00:54,606 - DEBUG - 执行AGV分配局部搜索，当前完工时间: 1889.00
2025-04-08 15:00:54,610 - DEBUG - 局部搜索未能改进当前解
2025-04-08 15:00:54,614 - DEBUG - 执行AGV分配局部搜索，当前完工时间: 1957.00
2025-04-08 15:00:54,618 - DEBUG - 局部搜索未能改进当前解
2025-04-08 15:00:54,621 - DEBUG - 执行AGV分配局部搜索，当前完工时间: 1869.00
2025-04-08 15:00:54,626 - DEBUG - AGV分配局部搜索成功！完工时间从 1869.00 降低到 1826.00，改进: 43.00 (2.30%)
2025-04-08 15:00:54,629 - DEBUG - 执行AGV分配局部搜索，当前完工时间: 1849.00
2025-04-08 15:00:54,632 - DEBUG - 局部搜索未能改进当前解
2025-04-08 15:00:54,636 - DEBUG - 执行AGV分配局部搜索，当前完工时间: 1869.00
2025-04-08 15:00:54,639 - DEBUG - AGV分配局部搜索成功！完工时间从 1869.00 降低到 1816.00，改进: 53.00 (2.84%)
2025-04-08 15:00:54,645 - DEBUG - 执行AGV分配局部搜索，当前完工时间: 1892.00
2025-04-08 15:00:54,647 - DEBUG - 局部搜索未能改进当前解
2025-04-08 15:00:54,652 - DEBUG - 执行AGV分配局部搜索，当前完工时间: 1842.00
2025-04-08 15:00:54,655 - DEBUG - 局部搜索未能改进当前解
2025-04-08 15:00:54,659 - DEBUG - 执行AGV分配局部搜索，当前完工时间: 1892.00
2025-04-08 15:00:54,663 - DEBUG - 局部搜索未能改进当前解
2025-04-08 15:00:54,666 - DEBUG - 执行AGV分配局部搜索，当前完工时间: 1794.00
2025-04-08 15:00:54,670 - DEBUG - 局部搜索未能改进当前解
2025-04-08 15:00:54,674 - DEBUG - 执行AGV分配局部搜索，当前完工时间: 1845.00
2025-04-08 15:00:54,678 - DEBUG - 局部搜索未能改进当前解
2025-04-08 15:00:54,681 - DEBUG - 执行AGV分配局部搜索，当前完工时间: 1836.00
2025-04-08 15:00:54,684 - DEBUG - 局部搜索未能改进当前解
2025-04-08 15:00:54,684 - DEBUG - ==================================================
2025-04-08 15:00:54,684 - DEBUG - Efficiency Statistics of Local Search :
2025-04-08 15:00:54,684 - DEBUG - Number of attempts: 99
2025-04-08 15:00:54,684 - DEBUG - Average Success Rate: 16.16%
2025-04-08 15:00:54,684 - DEBUG - AGV Local Search Success: 16，Average Improvement: 20.12
2025-04-08 15:00:54,689 - DEBUG - 执行AGV分配局部搜索，当前完工时间: 1809.00
2025-04-08 15:00:54,693 - DEBUG - 局部搜索未能改进当前解
2025-04-08 15:00:54,695 - DEBUG - 执行AGV分配局部搜索，当前完工时间: 1879.00
2025-04-08 15:00:54,701 - DEBUG - 局部搜索未能改进当前解
2025-04-08 15:00:54,705 - DEBUG - 执行AGV分配局部搜索，当前完工时间: 1828.00
2025-04-08 15:00:54,709 - DEBUG - 局部搜索未能改进当前解
2025-04-08 15:00:54,712 - DEBUG - 执行AGV分配局部搜索，当前完工时间: 1805.00
2025-04-08 15:00:54,716 - DEBUG - 局部搜索未能改进当前解
2025-04-08 15:00:54,720 - DEBUG - 执行AGV分配局部搜索，当前完工时间: 1851.00
2025-04-08 15:00:54,723 - DEBUG - 局部搜索未能改进当前解
2025-04-08 15:00:54,726 - DEBUG - 执行AGV分配局部搜索，当前完工时间: 1842.00
2025-04-08 15:00:54,731 - DEBUG - 局部搜索未能改进当前解
2025-04-08 15:00:54,735 - DEBUG - 执行AGV分配局部搜索，当前完工时间: 1837.00
2025-04-08 15:00:54,738 - DEBUG - 局部搜索未能改进当前解
2025-04-08 15:00:54,742 - DEBUG - 执行AGV分配局部搜索，当前完工时间: 1983.00
2025-04-08 15:00:54,746 - DEBUG - 局部搜索未能改进当前解
2025-04-08 15:00:54,750 - DEBUG - 执行AGV分配局部搜索，当前完工时间: 1907.00
2025-04-08 15:00:54,754 - DEBUG - 局部搜索未能改进当前解
2025-04-08 15:00:54,757 - DEBUG - 执行AGV分配局部搜索，当前完工时间: 1867.00
2025-04-08 15:00:54,760 - DEBUG - AGV分配局部搜索成功！完工时间从 1867.00 降低到 1840.00，改进: 27.00 (1.45%)
2025-04-08 15:00:54,766 - DEBUG - 执行AGV分配局部搜索，当前完工时间: 1877.00
2025-04-08 15:00:54,769 - DEBUG - 局部搜索未能改进当前解
2025-04-08 15:00:54,773 - DEBUG - 执行AGV分配局部搜索，当前完工时间: 1996.00
2025-04-08 15:00:54,776 - DEBUG - AGV分配局部搜索成功！完工时间从 1996.00 降低到 1974.00，改进: 22.00 (1.10%)
2025-04-08 15:00:54,781 - DEBUG - 执行AGV分配局部搜索，当前完工时间: 1926.00
2025-04-08 15:00:54,784 - DEBUG - 局部搜索未能改进当前解
2025-04-08 15:00:54,788 - DEBUG - 执行AGV分配局部搜索，当前完工时间: 1932.00
2025-04-08 15:00:54,792 - DEBUG - 局部搜索未能改进当前解
2025-04-08 15:00:54,795 - DEBUG - 执行AGV分配局部搜索，当前完工时间: 1870.00
2025-04-08 15:00:54,799 - DEBUG - 局部搜索未能改进当前解
2025-04-08 15:00:54,803 - DEBUG - 执行AGV分配局部搜索，当前完工时间: 1915.00
2025-04-08 15:00:54,806 - DEBUG - 局部搜索未能改进当前解
2025-04-08 15:00:54,810 - DEBUG - 执行AGV分配局部搜索，当前完工时间: 1847.00
2025-04-08 15:00:54,812 - DEBUG - AGV分配局部搜索成功！完工时间从 1847.00 降低到 1833.00，改进: 14.00 (0.76%)
2025-04-08 15:00:54,817 - DEBUG - 执行AGV分配局部搜索，当前完工时间: 1828.00
2025-04-08 15:00:54,821 - DEBUG - 局部搜索未能改进当前解
2025-04-08 15:00:54,824 - DEBUG - 执行AGV分配局部搜索，当前完工时间: 1804.00
2025-04-08 15:00:54,828 - DEBUG - AGV分配局部搜索成功！完工时间从 1804.00 降低到 1793.00，改进: 11.00 (0.61%)
2025-04-08 15:00:54,832 - DEBUG - 执行AGV分配局部搜索，当前完工时间: 1876.00
2025-04-08 15:00:54,835 - DEBUG - 局部搜索未能改进当前解
2025-04-08 15:00:54,838 - DEBUG - 执行AGV分配局部搜索，当前完工时间: 1850.00
2025-04-08 15:00:54,842 - DEBUG - AGV分配局部搜索成功！完工时间从 1850.00 降低到 1841.00，改进: 9.00 (0.49%)
2025-04-08 15:00:54,846 - DEBUG - 执行AGV分配局部搜索，当前完工时间: 1831.00
2025-04-08 15:00:54,850 - DEBUG - 局部搜索未能改进当前解
2025-04-08 15:00:54,854 - DEBUG - 执行AGV分配局部搜索，当前完工时间: 1861.00
2025-04-08 15:00:54,857 - DEBUG - 局部搜索未能改进当前解
2025-04-08 15:00:54,862 - DEBUG - 执行AGV分配局部搜索，当前完工时间: 1844.00
2025-04-08 15:00:54,864 - DEBUG - 局部搜索未能改进当前解
2025-04-08 15:00:54,868 - DEBUG - 执行AGV分配局部搜索，当前完工时间: 1912.00
2025-04-08 15:00:54,872 - DEBUG - 局部搜索未能改进当前解
2025-04-08 15:00:54,875 - DEBUG - 执行AGV分配局部搜索，当前完工时间: 1920.00
2025-04-08 15:00:54,880 - DEBUG - 局部搜索未能改进当前解
2025-04-08 15:00:54,883 - DEBUG - 执行AGV分配局部搜索，当前完工时间: 1906.00
2025-04-08 15:00:54,887 - DEBUG - 局部搜索未能改进当前解
2025-04-08 15:00:54,891 - DEBUG - 执行AGV分配局部搜索，当前完工时间: 1829.00
2025-04-08 15:00:54,895 - DEBUG - 局部搜索未能改进当前解
2025-04-08 15:00:54,899 - DEBUG - 执行AGV分配局部搜索，当前完工时间: 1880.00
2025-04-08 15:00:54,902 - DEBUG - 局部搜索未能改进当前解
2025-04-08 15:00:54,906 - DEBUG - 执行AGV分配局部搜索，当前完工时间: 1912.00
2025-04-08 15:00:54,910 - DEBUG - 局部搜索未能改进当前解
2025-04-08 15:00:54,913 - DEBUG - 执行AGV分配局部搜索，当前完工时间: 1840.00
2025-04-08 15:00:54,917 - DEBUG - 局部搜索未能改进当前解
2025-04-08 15:00:54,920 - DEBUG - 执行AGV分配局部搜索，当前完工时间: 1844.00
2025-04-08 15:00:54,925 - DEBUG - 局部搜索未能改进当前解
2025-04-08 15:00:54,929 - DEBUG - 执行AGV分配局部搜索，当前完工时间: 1853.00
2025-04-08 15:00:54,932 - DEBUG - 局部搜索未能改进当前解
2025-04-08 15:00:54,936 - DEBUG - 执行AGV分配局部搜索，当前完工时间: 1811.00
2025-04-08 15:00:54,940 - DEBUG - 局部搜索未能改进当前解
2025-04-08 15:00:54,944 - DEBUG - 执行AGV分配局部搜索，当前完工时间: 1864.00
2025-04-08 15:00:54,947 - DEBUG - 局部搜索未能改进当前解
2025-04-08 15:00:54,950 - DEBUG - 执行AGV分配局部搜索，当前完工时间: 1928.00
2025-04-08 15:00:54,954 - DEBUG - 局部搜索未能改进当前解
2025-04-08 15:00:54,958 - DEBUG - 执行AGV分配局部搜索，当前完工时间: 1853.00
2025-04-08 15:00:54,962 - DEBUG - 局部搜索未能改进当前解
2025-04-08 15:00:54,965 - DEBUG - 执行AGV分配局部搜索，当前完工时间: 1970.00
2025-04-08 15:00:54,969 - DEBUG - 局部搜索未能改进当前解
2025-04-08 15:00:54,973 - DEBUG - 执行AGV分配局部搜索，当前完工时间: 1794.00
2025-04-08 15:00:54,977 - DEBUG - 局部搜索未能改进当前解
2025-04-08 15:00:54,980 - DEBUG - 执行AGV分配局部搜索，当前完工时间: 1818.00
2025-04-08 15:00:54,983 - DEBUG - 局部搜索未能改进当前解
2025-04-08 15:00:54,987 - DEBUG - 执行AGV分配局部搜索，当前完工时间: 1849.00
2025-04-08 15:00:54,991 - DEBUG - 局部搜索未能改进当前解
2025-04-08 15:00:54,995 - DEBUG - 执行AGV分配局部搜索，当前完工时间: 1864.00
2025-04-08 15:00:54,998 - DEBUG - 局部搜索未能改进当前解
2025-04-08 15:00:55,002 - DEBUG - 执行AGV分配局部搜索，当前完工时间: 1801.00
2025-04-08 15:00:55,006 - DEBUG - 局部搜索未能改进当前解
2025-04-08 15:00:55,010 - DEBUG - 执行AGV分配局部搜索，当前完工时间: 1893.00
2025-04-08 15:00:55,014 - DEBUG - 局部搜索未能改进当前解
2025-04-08 15:00:55,016 - DEBUG - 执行AGV分配局部搜索，当前完工时间: 1962.00
2025-04-08 15:00:55,021 - DEBUG - AGV分配局部搜索成功！完工时间从 1962.00 降低到 1961.00，改进: 1.00 (0.05%)
2025-04-08 15:00:55,024 - DEBUG - 执行AGV分配局部搜索，当前完工时间: 1948.00
2025-04-08 15:00:55,028 - DEBUG - 局部搜索未能改进当前解
2025-04-08 15:00:55,033 - DEBUG - 执行AGV分配局部搜索，当前完工时间: 1850.00
2025-04-08 15:00:55,036 - DEBUG - AGV分配局部搜索成功！完工时间从 1850.00 降低到 1848.00，改进: 2.00 (0.11%)
2025-04-08 15:00:55,040 - DEBUG - 执行AGV分配局部搜索，当前完工时间: 1785.00
2025-04-08 15:00:55,044 - DEBUG - 局部搜索未能改进当前解
2025-04-08 15:00:55,047 - DEBUG - 执行AGV分配局部搜索，当前完工时间: 1868.00
2025-04-08 15:00:55,050 - DEBUG - 局部搜索未能改进当前解
2025-04-08 15:00:55,054 - DEBUG - 执行AGV分配局部搜索，当前完工时间: 1785.00
2025-04-08 15:00:55,058 - DEBUG - 局部搜索未能改进当前解
2025-04-08 15:00:55,062 - DEBUG - 执行AGV分配局部搜索，当前完工时间: 1908.00
2025-04-08 15:00:55,065 - DEBUG - AGV分配局部搜索成功！完工时间从 1908.00 降低到 1898.00，改进: 10.00 (0.52%)
2025-04-08 15:00:55,069 - DEBUG - 执行AGV分配局部搜索，当前完工时间: 1834.00
2025-04-08 15:00:55,073 - DEBUG - 局部搜索未能改进当前解
2025-04-08 15:00:55,077 - DEBUG - 执行AGV分配局部搜索，当前完工时间: 1859.00
2025-04-08 15:00:55,080 - DEBUG - 局部搜索未能改进当前解
2025-04-08 15:00:55,084 - DEBUG - 执行AGV分配局部搜索，当前完工时间: 1865.00
2025-04-08 15:00:55,087 - DEBUG - 局部搜索未能改进当前解
2025-04-08 15:00:55,091 - DEBUG - 执行AGV分配局部搜索，当前完工时间: 1830.00
2025-04-08 15:00:55,094 - DEBUG - 局部搜索未能改进当前解
2025-04-08 15:00:55,097 - DEBUG - 执行AGV分配局部搜索，当前完工时间: 1799.00
2025-04-08 15:00:55,102 - DEBUG - 局部搜索未能改进当前解
2025-04-08 15:00:55,105 - DEBUG - 执行AGV分配局部搜索，当前完工时间: 2011.00
2025-04-08 15:00:55,109 - DEBUG - 局部搜索未能改进当前解
2025-04-08 15:00:55,112 - DEBUG - 执行AGV分配局部搜索，当前完工时间: 1837.00
2025-04-08 15:00:55,116 - DEBUG - 局部搜索未能改进当前解
2025-04-08 15:00:55,120 - DEBUG - 执行AGV分配局部搜索，当前完工时间: 1885.00
2025-04-08 15:00:55,124 - DEBUG - 局部搜索未能改进当前解
2025-04-08 15:00:55,127 - DEBUG - 执行AGV分配局部搜索，当前完工时间: 1815.00
2025-04-08 15:00:55,132 - DEBUG - 局部搜索未能改进当前解
2025-04-08 15:00:55,135 - DEBUG - 执行AGV分配局部搜索，当前完工时间: 1944.00
2025-04-08 15:00:55,138 - DEBUG - 局部搜索未能改进当前解
2025-04-08 15:00:55,142 - DEBUG - 执行AGV分配局部搜索，当前完工时间: 1907.00
2025-04-08 15:00:55,145 - DEBUG - 局部搜索未能改进当前解
2025-04-08 15:00:55,149 - DEBUG - 执行AGV分配局部搜索，当前完工时间: 1889.00
2025-04-08 15:00:55,153 - DEBUG - 局部搜索未能改进当前解
2025-04-08 15:00:55,157 - DEBUG - 执行AGV分配局部搜索，当前完工时间: 1820.00
2025-04-08 15:00:55,160 - DEBUG - 局部搜索未能改进当前解
2025-04-08 15:00:55,164 - DEBUG - 执行AGV分配局部搜索，当前完工时间: 1834.00
2025-04-08 15:00:55,167 - DEBUG - 局部搜索未能改进当前解
2025-04-08 15:00:55,170 - DEBUG - 执行AGV分配局部搜索，当前完工时间: 1861.00
2025-04-08 15:00:55,174 - DEBUG - 局部搜索未能改进当前解
2025-04-08 15:00:55,178 - DEBUG - 执行AGV分配局部搜索，当前完工时间: 1975.00
2025-04-08 15:00:55,182 - DEBUG - 局部搜索未能改进当前解
2025-04-08 15:00:55,185 - DEBUG - 执行AGV分配局部搜索，当前完工时间: 1817.00
2025-04-08 15:00:55,189 - DEBUG - 局部搜索未能改进当前解
2025-04-08 15:00:55,192 - DEBUG - 执行AGV分配局部搜索，当前完工时间: 1966.00
2025-04-08 15:00:55,196 - DEBUG - 局部搜索未能改进当前解
2025-04-08 15:00:55,200 - DEBUG - 执行AGV分配局部搜索，当前完工时间: 1848.00
2025-04-08 15:00:55,203 - DEBUG - 局部搜索未能改进当前解
2025-04-08 15:00:55,207 - DEBUG - 执行AGV分配局部搜索，当前完工时间: 1819.00
2025-04-08 15:00:55,210 - DEBUG - 局部搜索未能改进当前解
2025-04-08 15:00:55,212 - DEBUG - 执行AGV分配局部搜索，当前完工时间: 1874.00
2025-04-08 15:00:55,217 - DEBUG - 局部搜索未能改进当前解
2025-04-08 15:00:55,221 - DEBUG - 执行AGV分配局部搜索，当前完工时间: 1822.00
2025-04-08 15:00:55,224 - DEBUG - AGV分配局部搜索成功！完工时间从 1822.00 降低到 1817.00，改进: 5.00 (0.27%)
2025-04-08 15:00:55,229 - DEBUG - 执行AGV分配局部搜索，当前完工时间: 1886.00
2025-04-08 15:00:55,232 - DEBUG - 局部搜索未能改进当前解
2025-04-08 15:00:55,236 - DEBUG - 执行AGV分配局部搜索，当前完工时间: 1896.00
2025-04-08 15:00:55,239 - DEBUG - 局部搜索未能改进当前解
2025-04-08 15:00:55,243 - DEBUG - 执行AGV分配局部搜索，当前完工时间: 1896.00
2025-04-08 15:00:55,247 - DEBUG - 局部搜索未能改进当前解
2025-04-08 15:00:55,251 - DEBUG - 执行AGV分配局部搜索，当前完工时间: 1868.00
2025-04-08 15:00:55,254 - DEBUG - 局部搜索未能改进当前解
2025-04-08 15:00:55,258 - DEBUG - 执行AGV分配局部搜索，当前完工时间: 1816.00
2025-04-08 15:00:55,262 - DEBUG - 局部搜索未能改进当前解
2025-04-08 15:00:55,265 - DEBUG - 执行AGV分配局部搜索，当前完工时间: 1779.00
2025-04-08 15:00:55,268 - DEBUG - 局部搜索未能改进当前解
2025-04-08 15:00:55,272 - DEBUG - 执行AGV分配局部搜索，当前完工时间: 1860.00
2025-04-08 15:00:55,277 - DEBUG - 局部搜索未能改进当前解
2025-04-08 15:00:55,281 - DEBUG - 执行AGV分配局部搜索，当前完工时间: 1928.00
2025-04-08 15:00:55,284 - DEBUG - 局部搜索未能改进当前解
2025-04-08 15:00:55,288 - DEBUG - 执行AGV分配局部搜索，当前完工时间: 2041.00
2025-04-08 15:00:55,291 - DEBUG - 局部搜索未能改进当前解
2025-04-08 15:00:55,295 - DEBUG - 执行AGV分配局部搜索，当前完工时间: 1826.00
2025-04-08 15:00:55,298 - DEBUG - 局部搜索未能改进当前解
2025-04-08 15:00:55,302 - DEBUG - 执行AGV分配局部搜索，当前完工时间: 1815.00
2025-04-08 15:00:55,305 - DEBUG - 局部搜索未能改进当前解
2025-04-08 15:00:55,309 - DEBUG - 执行AGV分配局部搜索，当前完工时间: 1792.00
2025-04-08 15:00:55,312 - DEBUG - 局部搜索未能改进当前解
2025-04-08 15:00:55,316 - DEBUG - 执行AGV分配局部搜索，当前完工时间: 1751.00
2025-04-08 15:00:55,320 - DEBUG - 局部搜索未能改进当前解
2025-04-08 15:00:55,325 - DEBUG - 执行AGV分配局部搜索，当前完工时间: 1834.00
2025-04-08 15:00:55,328 - DEBUG - AGV分配局部搜索成功！完工时间从 1834.00 降低到 1828.00，改进: 6.00 (0.33%)
2025-04-08 15:00:55,331 - DEBUG - 执行AGV分配局部搜索，当前完工时间: 1789.00
2025-04-08 15:00:55,335 - DEBUG - 局部搜索未能改进当前解
2025-04-08 15:00:55,339 - DEBUG - 执行AGV分配局部搜索，当前完工时间: 1845.00
2025-04-08 15:00:55,342 - DEBUG - 局部搜索未能改进当前解
2025-04-08 15:00:55,345 - DEBUG - 执行AGV分配局部搜索，当前完工时间: 1925.00
2025-04-08 15:00:55,349 - DEBUG - 局部搜索未能改进当前解
2025-04-08 15:00:55,353 - DEBUG - 执行AGV分配局部搜索，当前完工时间: 1817.00
2025-04-08 15:00:55,356 - DEBUG - 局部搜索未能改进当前解
2025-04-08 15:00:55,360 - DEBUG - 执行AGV分配局部搜索，当前完工时间: 1864.00
2025-04-08 15:00:55,363 - DEBUG - 局部搜索未能改进当前解
2025-04-08 15:00:55,367 - DEBUG - 执行AGV分配局部搜索，当前完工时间: 1786.00
2025-04-08 15:00:55,371 - DEBUG - 局部搜索未能改进当前解
2025-04-08 15:00:55,374 - DEBUG - 执行AGV分配局部搜索，当前完工时间: 1858.00
2025-04-08 15:00:55,378 - DEBUG - 局部搜索未能改进当前解
2025-04-08 15:00:55,382 - DEBUG - 执行AGV分配局部搜索，当前完工时间: 1793.00
2025-04-08 15:00:55,385 - DEBUG - 局部搜索未能改进当前解
2025-04-08 15:00:55,389 - DEBUG - 执行AGV分配局部搜索，当前完工时间: 1902.00
2025-04-08 15:00:55,393 - DEBUG - 局部搜索未能改进当前解
2025-04-08 15:00:55,397 - DEBUG - 执行AGV分配局部搜索，当前完工时间: 1800.00
2025-04-08 15:00:55,400 - DEBUG - 局部搜索未能改进当前解
2025-04-08 15:00:55,404 - DEBUG - 执行AGV分配局部搜索，当前完工时间: 1819.00
2025-04-08 15:00:55,407 - DEBUG - 局部搜索未能改进当前解
2025-04-08 15:00:55,410 - DEBUG - 执行AGV分配局部搜索，当前完工时间: 1851.00
2025-04-08 15:00:55,413 - DEBUG - AGV分配局部搜索成功！完工时间从 1851.00 降低到 1822.00，改进: 29.00 (1.57%)
2025-04-08 15:00:55,414 - DEBUG - ==================================================
2025-04-08 15:00:55,414 - DEBUG - Efficiency Statistics of Local Search :
2025-04-08 15:00:55,414 - DEBUG - Number of attempts: 99
2025-04-08 15:00:55,414 - DEBUG - Average Success Rate: 11.11%
2025-04-08 15:00:55,414 - DEBUG - AGV Local Search Success: 11，Average Improvement: 12.36
