2025-04-08 16:04:15,097 - DEBUG - 执行AGV分配局部搜索，当前完工时间: 2100.00
2025-04-08 16:04:15,101 - DEBUG - AGV分配局部搜索成功！完工时间从 2100.00 降低到 2075.00，改进: 25.00 (1.19%)
2025-04-08 16:04:15,105 - DEBUG - 执行AGV分配局部搜索，当前完工时间: 2116.00
2025-04-08 16:04:15,108 - DEBUG - 局部搜索未能改进当前解
2025-04-08 16:04:15,112 - DEBUG - 执行AGV分配局部搜索，当前完工时间: 1988.00
2025-04-08 16:04:15,116 - DEBUG - 局部搜索未能改进当前解
2025-04-08 16:04:15,120 - DEBUG - 执行AGV分配局部搜索，当前完工时间: 2171.00
2025-04-08 16:04:15,123 - DEBUG - AGV分配局部搜索成功！完工时间从 2171.00 降低到 2137.00，改进: 34.00 (1.57%)
2025-04-08 16:04:15,128 - DEBUG - 执行AGV分配局部搜索，当前完工时间: 2028.00
2025-04-08 16:04:15,131 - DEBUG - 局部搜索未能改进当前解
2025-04-08 16:04:15,135 - DEBUG - 执行AGV分配局部搜索，当前完工时间: 2071.00
2025-04-08 16:04:15,139 - DEBUG - 局部搜索未能改进当前解
2025-04-08 16:04:15,144 - DEBUG - 执行AGV分配局部搜索，当前完工时间: 2174.00
2025-04-08 16:04:15,147 - DEBUG - 局部搜索未能改进当前解
2025-04-08 16:04:15,151 - DEBUG - 执行AGV分配局部搜索，当前完工时间: 2056.00
2025-04-08 16:04:15,155 - DEBUG - 局部搜索未能改进当前解
2025-04-08 16:04:15,159 - DEBUG - 执行AGV分配局部搜索，当前完工时间: 2030.00
2025-04-08 16:04:15,163 - DEBUG - 局部搜索未能改进当前解
2025-04-08 16:04:15,166 - DEBUG - 执行AGV分配局部搜索，当前完工时间: 2038.00
2025-04-08 16:04:15,169 - DEBUG - 局部搜索未能改进当前解
2025-04-08 16:04:15,173 - DEBUG - 执行AGV分配局部搜索，当前完工时间: 2087.00
2025-04-08 16:04:15,177 - DEBUG - 局部搜索未能改进当前解
2025-04-08 16:04:15,180 - DEBUG - 执行AGV分配局部搜索，当前完工时间: 2038.00
2025-04-08 16:04:15,184 - DEBUG - AGV分配局部搜索成功！完工时间从 2038.00 降低到 2022.00，改进: 16.00 (0.79%)
2025-04-08 16:04:15,188 - DEBUG - 执行AGV分配局部搜索，当前完工时间: 2131.00
2025-04-08 16:04:15,193 - DEBUG - AGV分配局部搜索成功！完工时间从 2131.00 降低到 2098.00，改进: 33.00 (1.55%)
2025-04-08 16:04:15,199 - DEBUG - 执行AGV分配局部搜索，当前完工时间: 2216.00
2025-04-08 16:04:15,202 - DEBUG - 局部搜索未能改进当前解
2025-04-08 16:04:15,206 - DEBUG - 执行AGV分配局部搜索，当前完工时间: 2166.00
2025-04-08 16:04:15,209 - DEBUG - 局部搜索未能改进当前解
2025-04-08 16:04:15,214 - DEBUG - 执行AGV分配局部搜索，当前完工时间: 2142.00
2025-04-08 16:04:15,216 - DEBUG - 局部搜索未能改进当前解
2025-04-08 16:04:15,221 - DEBUG - 执行AGV分配局部搜索，当前完工时间: 2160.00
2025-04-08 16:04:15,225 - DEBUG - AGV分配局部搜索成功！完工时间从 2160.00 降低到 2151.00，改进: 9.00 (0.42%)
2025-04-08 16:04:15,229 - DEBUG - 执行AGV分配局部搜索，当前完工时间: 2057.00
2025-04-08 16:04:15,233 - DEBUG - 局部搜索未能改进当前解
2025-04-08 16:04:15,237 - DEBUG - 执行AGV分配局部搜索，当前完工时间: 2043.00
2025-04-08 16:04:15,242 - DEBUG - AGV分配局部搜索成功！完工时间从 2043.00 降低到 2025.00，改进: 18.00 (0.88%)
2025-04-08 16:04:15,245 - DEBUG - 执行AGV分配局部搜索，当前完工时间: 2119.00
2025-04-08 16:04:15,250 - DEBUG - 局部搜索未能改进当前解
2025-04-08 16:04:15,254 - DEBUG - 执行AGV分配局部搜索，当前完工时间: 2042.00
2025-04-08 16:04:15,257 - DEBUG - 局部搜索未能改进当前解
2025-04-08 16:04:15,261 - DEBUG - 执行AGV分配局部搜索，当前完工时间: 2083.00
2025-04-08 16:04:15,265 - DEBUG - AGV分配局部搜索成功！完工时间从 2083.00 降低到 2068.00，改进: 15.00 (0.72%)
2025-04-08 16:04:15,269 - DEBUG - 执行AGV分配局部搜索，当前完工时间: 1929.00
2025-04-08 16:04:15,272 - DEBUG - 局部搜索未能改进当前解
2025-04-08 16:04:15,276 - DEBUG - 执行AGV分配局部搜索，当前完工时间: 2125.00
2025-04-08 16:04:15,280 - DEBUG - 局部搜索未能改进当前解
2025-04-08 16:04:15,284 - DEBUG - 执行AGV分配局部搜索，当前完工时间: 2085.00
2025-04-08 16:04:15,288 - DEBUG - AGV分配局部搜索成功！完工时间从 2085.00 降低到 2084.00，改进: 1.00 (0.05%)
2025-04-08 16:04:15,292 - DEBUG - 执行AGV分配局部搜索，当前完工时间: 2179.00
2025-04-08 16:04:15,296 - DEBUG - 局部搜索未能改进当前解
2025-04-08 16:04:15,299 - DEBUG - 执行AGV分配局部搜索，当前完工时间: 2050.00
2025-04-08 16:04:15,303 - DEBUG - 局部搜索未能改进当前解
2025-04-08 16:04:15,307 - DEBUG - 执行AGV分配局部搜索，当前完工时间: 2109.00
2025-04-08 16:04:15,310 - DEBUG - 局部搜索未能改进当前解
2025-04-08 16:04:15,314 - DEBUG - 执行AGV分配局部搜索，当前完工时间: 1990.00
2025-04-08 16:04:15,318 - DEBUG - 局部搜索未能改进当前解
2025-04-08 16:04:15,322 - DEBUG - 执行AGV分配局部搜索，当前完工时间: 1984.00
2025-04-08 16:04:15,325 - DEBUG - 局部搜索未能改进当前解
2025-04-08 16:04:15,329 - DEBUG - 执行AGV分配局部搜索，当前完工时间: 2034.00
2025-04-08 16:04:15,333 - DEBUG - 局部搜索未能改进当前解
2025-04-08 16:04:15,337 - DEBUG - 执行AGV分配局部搜索，当前完工时间: 2056.00
2025-04-08 16:04:15,340 - DEBUG - 局部搜索未能改进当前解
2025-04-08 16:04:15,344 - DEBUG - 执行AGV分配局部搜索，当前完工时间: 1929.00
2025-04-08 16:04:15,347 - DEBUG - 局部搜索未能改进当前解
2025-04-08 16:04:15,351 - DEBUG - 执行AGV分配局部搜索，当前完工时间: 2014.00
2025-04-08 16:04:15,355 - DEBUG - 局部搜索未能改进当前解
2025-04-08 16:04:15,359 - DEBUG - 执行AGV分配局部搜索，当前完工时间: 2078.00
2025-04-08 16:04:15,362 - DEBUG - AGV分配局部搜索成功！完工时间从 2078.00 降低到 2075.00，改进: 3.00 (0.14%)
2025-04-08 16:04:15,366 - DEBUG - 执行AGV分配局部搜索，当前完工时间: 2004.00
2025-04-08 16:04:15,371 - DEBUG - 局部搜索未能改进当前解
2025-04-08 16:04:15,374 - DEBUG - 执行AGV分配局部搜索，当前完工时间: 1991.00
2025-04-08 16:04:15,378 - DEBUG - 局部搜索未能改进当前解
2025-04-08 16:04:15,381 - DEBUG - 执行AGV分配局部搜索，当前完工时间: 2118.00
2025-04-08 16:04:15,385 - DEBUG - 局部搜索未能改进当前解
2025-04-08 16:04:15,388 - DEBUG - 执行AGV分配局部搜索，当前完工时间: 2184.00
2025-04-08 16:04:15,393 - DEBUG - AGV分配局部搜索成功！完工时间从 2184.00 降低到 2182.00，改进: 2.00 (0.09%)
2025-04-08 16:04:15,397 - DEBUG - 执行AGV分配局部搜索，当前完工时间: 2159.00
2025-04-08 16:04:15,400 - DEBUG - 局部搜索未能改进当前解
2025-04-08 16:04:15,403 - DEBUG - 执行AGV分配局部搜索，当前完工时间: 2099.00
2025-04-08 16:04:15,408 - DEBUG - 局部搜索未能改进当前解
2025-04-08 16:04:15,412 - DEBUG - 执行AGV分配局部搜索，当前完工时间: 2391.00
2025-04-08 16:04:15,415 - DEBUG - 局部搜索未能改进当前解
2025-04-08 16:04:15,420 - DEBUG - 执行AGV分配局部搜索，当前完工时间: 2047.00
2025-04-08 16:04:15,423 - DEBUG - AGV分配局部搜索成功！完工时间从 2047.00 降低到 2032.00，改进: 15.00 (0.73%)
2025-04-08 16:04:15,427 - DEBUG - 执行AGV分配局部搜索，当前完工时间: 2076.00
2025-04-08 16:04:15,431 - DEBUG - 局部搜索未能改进当前解
2025-04-08 16:04:15,434 - DEBUG - 执行AGV分配局部搜索，当前完工时间: 2024.00
2025-04-08 16:04:15,437 - DEBUG - 局部搜索未能改进当前解
2025-04-08 16:04:15,442 - DEBUG - 执行AGV分配局部搜索，当前完工时间: 2288.00
2025-04-08 16:04:15,446 - DEBUG - 局部搜索未能改进当前解
2025-04-08 16:04:15,449 - DEBUG - 执行AGV分配局部搜索，当前完工时间: 2151.00
2025-04-08 16:04:15,453 - DEBUG - AGV分配局部搜索成功！完工时间从 2151.00 降低到 2107.00，改进: 44.00 (2.05%)
2025-04-08 16:04:15,456 - DEBUG - 执行AGV分配局部搜索，当前完工时间: 2210.00
2025-04-08 16:04:15,460 - DEBUG - 局部搜索未能改进当前解
2025-04-08 16:04:15,464 - DEBUG - 执行AGV分配局部搜索，当前完工时间: 2160.00
2025-04-08 16:04:15,468 - DEBUG - 局部搜索未能改进当前解
2025-04-08 16:04:15,472 - DEBUG - 执行AGV分配局部搜索，当前完工时间: 2117.00
2025-04-08 16:04:15,475 - DEBUG - 局部搜索未能改进当前解
2025-04-08 16:04:15,480 - DEBUG - 执行AGV分配局部搜索，当前完工时间: 1950.00
2025-04-08 16:04:15,484 - DEBUG - AGV分配局部搜索成功！完工时间从 1950.00 降低到 1928.00，改进: 22.00 (1.13%)
2025-04-08 16:04:15,487 - DEBUG - 执行AGV分配局部搜索，当前完工时间: 2032.00
2025-04-08 16:04:15,491 - DEBUG - 局部搜索未能改进当前解
2025-04-08 16:04:15,495 - DEBUG - 执行AGV分配局部搜索，当前完工时间: 2085.00
2025-04-08 16:04:15,499 - DEBUG - 局部搜索未能改进当前解
2025-04-08 16:04:15,503 - DEBUG - 执行AGV分配局部搜索，当前完工时间: 2046.00
2025-04-08 16:04:15,506 - DEBUG - 局部搜索未能改进当前解
2025-04-08 16:04:15,510 - DEBUG - 执行AGV分配局部搜索，当前完工时间: 1999.00
2025-04-08 16:04:15,512 - DEBUG - 局部搜索未能改进当前解
2025-04-08 16:04:15,516 - DEBUG - 执行AGV分配局部搜索，当前完工时间: 2025.00
2025-04-08 16:04:15,521 - DEBUG - 局部搜索未能改进当前解
2025-04-08 16:04:15,524 - DEBUG - 执行AGV分配局部搜索，当前完工时间: 2100.00
2025-04-08 16:04:15,529 - DEBUG - 局部搜索未能改进当前解
2025-04-08 16:04:15,532 - DEBUG - 执行AGV分配局部搜索，当前完工时间: 2033.00
2025-04-08 16:04:15,535 - DEBUG - AGV分配局部搜索成功！完工时间从 2033.00 降低到 1995.00，改进: 38.00 (1.87%)
2025-04-08 16:04:15,539 - DEBUG - 执行AGV分配局部搜索，当前完工时间: 2024.00
2025-04-08 16:04:15,542 - DEBUG - 局部搜索未能改进当前解
2025-04-08 16:04:15,547 - DEBUG - 执行AGV分配局部搜索，当前完工时间: 2120.00
2025-04-08 16:04:15,551 - DEBUG - 局部搜索未能改进当前解
2025-04-08 16:04:15,553 - DEBUG - 执行AGV分配局部搜索，当前完工时间: 2093.00
2025-04-08 16:04:15,556 - DEBUG - AGV分配局部搜索成功！完工时间从 2093.00 降低到 2067.00，改进: 26.00 (1.24%)
2025-04-08 16:04:15,562 - DEBUG - 执行AGV分配局部搜索，当前完工时间: 2049.00
2025-04-08 16:04:15,566 - DEBUG - AGV分配局部搜索成功！完工时间从 2049.00 降低到 2034.00，改进: 15.00 (0.73%)
2025-04-08 16:04:15,569 - DEBUG - 执行AGV分配局部搜索，当前完工时间: 2068.00
2025-04-08 16:04:15,572 - DEBUG - 局部搜索未能改进当前解
2025-04-08 16:04:15,577 - DEBUG - 执行AGV分配局部搜索，当前完工时间: 2128.00
2025-04-08 16:04:15,581 - DEBUG - 局部搜索未能改进当前解
2025-04-08 16:04:15,585 - DEBUG - 执行AGV分配局部搜索，当前完工时间: 1960.00
2025-04-08 16:04:15,588 - DEBUG - 局部搜索未能改进当前解
2025-04-08 16:04:15,592 - DEBUG - 执行AGV分配局部搜索，当前完工时间: 2032.00
2025-04-08 16:04:15,596 - DEBUG - 局部搜索未能改进当前解
2025-04-08 16:04:15,600 - DEBUG - 执行AGV分配局部搜索，当前完工时间: 2024.00
2025-04-08 16:04:15,603 - DEBUG - AGV分配局部搜索成功！完工时间从 2024.00 降低到 2002.00，改进: 22.00 (1.09%)
2025-04-08 16:04:15,607 - DEBUG - 执行AGV分配局部搜索，当前完工时间: 1959.00
2025-04-08 16:04:15,610 - DEBUG - AGV分配局部搜索成功！完工时间从 1959.00 降低到 1956.00，改进: 3.00 (0.15%)
2025-04-08 16:04:15,614 - DEBUG - 执行AGV分配局部搜索，当前完工时间: 2039.00
2025-04-08 16:04:15,618 - DEBUG - 局部搜索未能改进当前解
2025-04-08 16:04:15,621 - DEBUG - 执行AGV分配局部搜索，当前完工时间: 2061.00
2025-04-08 16:04:15,625 - DEBUG - AGV分配局部搜索成功！完工时间从 2061.00 降低到 2055.00，改进: 6.00 (0.29%)
2025-04-08 16:04:15,629 - DEBUG - 执行AGV分配局部搜索，当前完工时间: 2045.00
2025-04-08 16:04:15,633 - DEBUG - 局部搜索未能改进当前解
2025-04-08 16:04:15,636 - DEBUG - 执行AGV分配局部搜索，当前完工时间: 1950.00
2025-04-08 16:04:15,640 - DEBUG - AGV分配局部搜索成功！完工时间从 1950.00 降低到 1936.00，改进: 14.00 (0.72%)
2025-04-08 16:04:15,643 - DEBUG - 执行AGV分配局部搜索，当前完工时间: 2036.00
2025-04-08 16:04:15,647 - DEBUG - 局部搜索未能改进当前解
2025-04-08 16:04:15,651 - DEBUG - 执行AGV分配局部搜索，当前完工时间: 2099.00
2025-04-08 16:04:15,655 - DEBUG - AGV分配局部搜索成功！完工时间从 2099.00 降低到 2086.00，改进: 13.00 (0.62%)
2025-04-08 16:04:15,658 - DEBUG - 执行AGV分配局部搜索，当前完工时间: 2077.00
2025-04-08 16:04:15,662 - DEBUG - 局部搜索未能改进当前解
2025-04-08 16:04:15,666 - DEBUG - 执行AGV分配局部搜索，当前完工时间: 2071.00
2025-04-08 16:04:15,669 - DEBUG - AGV分配局部搜索成功！完工时间从 2071.00 降低到 2051.00，改进: 20.00 (0.97%)
2025-04-08 16:04:15,674 - DEBUG - 执行AGV分配局部搜索，当前完工时间: 2081.00
2025-04-08 16:04:15,677 - DEBUG - 局部搜索未能改进当前解
2025-04-08 16:04:15,683 - DEBUG - 执行AGV分配局部搜索，当前完工时间: 1954.00
2025-04-08 16:04:15,687 - DEBUG - AGV分配局部搜索成功！完工时间从 1954.00 降低到 1938.00，改进: 16.00 (0.82%)
2025-04-08 16:04:15,690 - DEBUG - 执行AGV分配局部搜索，当前完工时间: 2044.00
2025-04-08 16:04:15,694 - DEBUG - 局部搜索未能改进当前解
2025-04-08 16:04:15,697 - DEBUG - 执行AGV分配局部搜索，当前完工时间: 2002.00
2025-04-08 16:04:15,701 - DEBUG - 局部搜索未能改进当前解
2025-04-08 16:04:15,706 - DEBUG - 执行AGV分配局部搜索，当前完工时间: 2013.00
2025-04-08 16:04:15,709 - DEBUG - 局部搜索未能改进当前解
2025-04-08 16:04:15,712 - DEBUG - 执行AGV分配局部搜索，当前完工时间: 2101.00
2025-04-08 16:04:15,716 - DEBUG - 局部搜索未能改进当前解
2025-04-08 16:04:15,720 - DEBUG - 执行AGV分配局部搜索，当前完工时间: 2195.00
2025-04-08 16:04:15,724 - DEBUG - 局部搜索未能改进当前解
2025-04-08 16:04:15,728 - DEBUG - 执行AGV分配局部搜索，当前完工时间: 2161.00
2025-04-08 16:04:15,731 - DEBUG - 局部搜索未能改进当前解
2025-04-08 16:04:15,735 - DEBUG - 执行AGV分配局部搜索，当前完工时间: 2026.00
2025-04-08 16:04:15,738 - DEBUG - 局部搜索未能改进当前解
2025-04-08 16:04:15,742 - DEBUG - 执行AGV分配局部搜索，当前完工时间: 2106.00
2025-04-08 16:04:15,745 - DEBUG - 局部搜索未能改进当前解
2025-04-08 16:04:15,749 - DEBUG - 执行AGV分配局部搜索，当前完工时间: 1968.00
2025-04-08 16:04:15,753 - DEBUG - 局部搜索未能改进当前解
2025-04-08 16:04:15,756 - DEBUG - 执行AGV分配局部搜索，当前完工时间: 2117.00
2025-04-08 16:04:15,760 - DEBUG - 局部搜索未能改进当前解
2025-04-08 16:04:15,764 - DEBUG - 执行AGV分配局部搜索，当前完工时间: 1990.00
2025-04-08 16:04:15,767 - DEBUG - 局部搜索未能改进当前解
2025-04-08 16:04:15,770 - DEBUG - 执行AGV分配局部搜索，当前完工时间: 2103.00
2025-04-08 16:04:15,775 - DEBUG - 局部搜索未能改进当前解
2025-04-08 16:04:15,779 - DEBUG - 执行AGV分配局部搜索，当前完工时间: 2115.00
2025-04-08 16:04:15,783 - DEBUG - 局部搜索未能改进当前解
2025-04-08 16:04:15,786 - DEBUG - 执行AGV分配局部搜索，当前完工时间: 2152.00
2025-04-08 16:04:15,790 - DEBUG - AGV分配局部搜索成功！完工时间从 2152.00 降低到 2108.00，改进: 44.00 (2.04%)
2025-04-08 16:04:15,794 - DEBUG - 执行AGV分配局部搜索，当前完工时间: 2161.00
2025-04-08 16:04:15,798 - DEBUG - 局部搜索未能改进当前解
2025-04-08 16:04:15,803 - DEBUG - 执行AGV分配局部搜索，当前完工时间: 2160.00
2025-04-08 16:04:15,806 - DEBUG - 局部搜索未能改进当前解
2025-04-08 16:04:15,809 - DEBUG - 执行AGV分配局部搜索，当前完工时间: 2105.00
2025-04-08 16:04:15,813 - DEBUG - 局部搜索未能改进当前解
2025-04-08 16:04:15,817 - DEBUG - 执行AGV分配局部搜索，当前完工时间: 1993.00
2025-04-08 16:04:15,820 - DEBUG - 局部搜索未能改进当前解
2025-04-08 16:04:15,825 - DEBUG - 执行AGV分配局部搜索，当前完工时间: 2047.00
2025-04-08 16:04:15,829 - DEBUG - 局部搜索未能改进当前解
2025-04-08 16:04:15,832 - DEBUG - 执行AGV分配局部搜索，当前完工时间: 2105.00
2025-04-08 16:04:15,836 - DEBUG - 局部搜索未能改进当前解
2025-04-08 16:04:15,838 - DEBUG - 执行AGV分配局部搜索，当前完工时间: 2018.00
2025-04-08 16:04:15,843 - DEBUG - 局部搜索未能改进当前解
2025-04-08 16:04:15,843 - DEBUG - ==================================================
2025-04-08 16:04:15,843 - DEBUG - Efficiency Statistics of Local Search :
2025-04-08 16:04:15,843 - DEBUG - Number of attempts: 99
2025-04-08 16:04:15,843 - DEBUG - Average Success Rate: 24.24%
2025-04-08 16:04:15,843 - DEBUG - AGV Local Search Success: 24，Average Improvement: 18.92
2025-04-08 16:04:15,847 - DEBUG - 执行AGV分配局部搜索，当前完工时间: 2006.00
2025-04-08 16:04:15,851 - DEBUG - 局部搜索未能改进当前解
2025-04-08 16:04:15,855 - DEBUG - 执行AGV分配局部搜索，当前完工时间: 1991.00
2025-04-08 16:04:15,858 - DEBUG - 局部搜索未能改进当前解
2025-04-08 16:04:15,862 - DEBUG - 执行AGV分配局部搜索，当前完工时间: 2126.00
2025-04-08 16:04:15,866 - DEBUG - 局部搜索未能改进当前解
2025-04-08 16:04:15,869 - DEBUG - 执行AGV分配局部搜索，当前完工时间: 2054.00
2025-04-08 16:04:15,873 - DEBUG - 局部搜索未能改进当前解
2025-04-08 16:04:15,876 - DEBUG - 执行AGV分配局部搜索，当前完工时间: 1970.00
2025-04-08 16:04:15,881 - DEBUG - AGV分配局部搜索成功！完工时间从 1970.00 降低到 1959.00，改进: 11.00 (0.56%)
2025-04-08 16:04:15,884 - DEBUG - 执行AGV分配局部搜索，当前完工时间: 2019.00
2025-04-08 16:04:15,888 - DEBUG - 局部搜索未能改进当前解
2025-04-08 16:04:15,893 - DEBUG - 执行AGV分配局部搜索，当前完工时间: 2056.00
2025-04-08 16:04:15,897 - DEBUG - 局部搜索未能改进当前解
2025-04-08 16:04:15,900 - DEBUG - 执行AGV分配局部搜索，当前完工时间: 2086.00
2025-04-08 16:04:15,904 - DEBUG - 局部搜索未能改进当前解
2025-04-08 16:04:15,907 - DEBUG - 执行AGV分配局部搜索，当前完工时间: 2045.00
2025-04-08 16:04:15,912 - DEBUG - 局部搜索未能改进当前解
2025-04-08 16:04:15,916 - DEBUG - 执行AGV分配局部搜索，当前完工时间: 2037.00
2025-04-08 16:04:15,919 - DEBUG - 局部搜索未能改进当前解
2025-04-08 16:04:15,924 - DEBUG - 执行AGV分配局部搜索，当前完工时间: 2117.00
2025-04-08 16:04:15,927 - DEBUG - AGV分配局部搜索成功！完工时间从 2117.00 降低到 2102.00，改进: 15.00 (0.71%)
2025-04-08 16:04:15,931 - DEBUG - 执行AGV分配局部搜索，当前完工时间: 1994.00
2025-04-08 16:04:15,934 - DEBUG - 局部搜索未能改进当前解
2025-04-08 16:04:15,938 - DEBUG - 执行AGV分配局部搜索，当前完工时间: 2067.00
2025-04-08 16:04:15,942 - DEBUG - AGV分配局部搜索成功！完工时间从 2067.00 降低到 2062.00，改进: 5.00 (0.24%)
2025-04-08 16:04:15,945 - DEBUG - 执行AGV分配局部搜索，当前完工时间: 2137.00
2025-04-08 16:04:15,949 - DEBUG - 局部搜索未能改进当前解
2025-04-08 16:04:15,954 - DEBUG - 执行AGV分配局部搜索，当前完工时间: 2125.00
2025-04-08 16:04:15,957 - DEBUG - 局部搜索未能改进当前解
2025-04-08 16:04:15,960 - DEBUG - 执行AGV分配局部搜索，当前完工时间: 2186.00
2025-04-08 16:04:15,964 - DEBUG - 局部搜索未能改进当前解
2025-04-08 16:04:15,968 - DEBUG - 执行AGV分配局部搜索，当前完工时间: 2160.00
2025-04-08 16:04:15,972 - DEBUG - 局部搜索未能改进当前解
2025-04-08 16:04:15,975 - DEBUG - 执行AGV分配局部搜索，当前完工时间: 2041.00
2025-04-08 16:04:15,979 - DEBUG - 局部搜索未能改进当前解
2025-04-08 16:04:15,982 - DEBUG - 执行AGV分配局部搜索，当前完工时间: 2039.00
2025-04-08 16:04:15,985 - DEBUG - 局部搜索未能改进当前解
2025-04-08 16:04:15,990 - DEBUG - 执行AGV分配局部搜索，当前完工时间: 2084.00
2025-04-08 16:04:15,993 - DEBUG - 局部搜索未能改进当前解
2025-04-08 16:04:15,997 - DEBUG - 执行AGV分配局部搜索，当前完工时间: 2087.00
2025-04-08 16:04:16,000 - DEBUG - AGV分配局部搜索成功！完工时间从 2087.00 降低到 2067.00，改进: 20.00 (0.96%)
2025-04-08 16:04:16,004 - DEBUG - 执行AGV分配局部搜索，当前完工时间: 1941.00
2025-04-08 16:04:16,007 - DEBUG - 局部搜索未能改进当前解
2025-04-08 16:04:16,011 - DEBUG - 执行AGV分配局部搜索，当前完工时间: 2174.00
2025-04-08 16:04:16,015 - DEBUG - 局部搜索未能改进当前解
2025-04-08 16:04:16,019 - DEBUG - 执行AGV分配局部搜索，当前完工时间: 2100.00
2025-04-08 16:04:16,022 - DEBUG - 局部搜索未能改进当前解
2025-04-08 16:04:16,025 - DEBUG - 执行AGV分配局部搜索，当前完工时间: 2091.00
2025-04-08 16:04:16,030 - DEBUG - 局部搜索未能改进当前解
2025-04-08 16:04:16,034 - DEBUG - 执行AGV分配局部搜索，当前完工时间: 2133.00
2025-04-08 16:04:16,038 - DEBUG - 局部搜索未能改进当前解
2025-04-08 16:04:16,042 - DEBUG - 执行AGV分配局部搜索，当前完工时间: 2087.00
2025-04-08 16:04:16,045 - DEBUG - 局部搜索未能改进当前解
2025-04-08 16:04:16,050 - DEBUG - 执行AGV分配局部搜索，当前完工时间: 2112.00
2025-04-08 16:04:16,054 - DEBUG - 局部搜索未能改进当前解
2025-04-08 16:04:16,058 - DEBUG - 执行AGV分配局部搜索，当前完工时间: 2140.00
2025-04-08 16:04:16,060 - DEBUG - 局部搜索未能改进当前解
2025-04-08 16:04:16,064 - DEBUG - 执行AGV分配局部搜索，当前完工时间: 2066.00
2025-04-08 16:04:16,069 - DEBUG - AGV分配局部搜索成功！完工时间从 2066.00 降低到 2050.00，改进: 16.00 (0.77%)
2025-04-08 16:04:16,072 - DEBUG - 执行AGV分配局部搜索，当前完工时间: 1956.00
2025-04-08 16:04:16,075 - DEBUG - 局部搜索未能改进当前解
2025-04-08 16:04:16,081 - DEBUG - 执行AGV分配局部搜索，当前完工时间: 2151.00
2025-04-08 16:04:16,085 - DEBUG - 局部搜索未能改进当前解
2025-04-08 16:04:16,089 - DEBUG - 执行AGV分配局部搜索，当前完工时间: 2101.00
2025-04-08 16:04:16,093 - DEBUG - 局部搜索未能改进当前解
2025-04-08 16:04:16,097 - DEBUG - 执行AGV分配局部搜索，当前完工时间: 2071.00
2025-04-08 16:04:16,102 - DEBUG - 局部搜索未能改进当前解
2025-04-08 16:04:16,105 - DEBUG - 执行AGV分配局部搜索，当前完工时间: 2062.00
2025-04-08 16:04:16,109 - DEBUG - 局部搜索未能改进当前解
2025-04-08 16:04:16,113 - DEBUG - 执行AGV分配局部搜索，当前完工时间: 2137.00
2025-04-08 16:04:16,117 - DEBUG - 局部搜索未能改进当前解
2025-04-08 16:04:16,120 - DEBUG - 执行AGV分配局部搜索，当前完工时间: 2028.00
2025-04-08 16:04:16,124 - DEBUG - 局部搜索未能改进当前解
2025-04-08 16:04:16,129 - DEBUG - 执行AGV分配局部搜索，当前完工时间: 2024.00
2025-04-08 16:04:16,132 - DEBUG - 局部搜索未能改进当前解
2025-04-08 16:04:16,135 - DEBUG - 执行AGV分配局部搜索，当前完工时间: 1990.00
2025-04-08 16:04:16,139 - DEBUG - 局部搜索未能改进当前解
2025-04-08 16:04:16,143 - DEBUG - 执行AGV分配局部搜索，当前完工时间: 1936.00
2025-04-08 16:04:16,146 - DEBUG - 局部搜索未能改进当前解
2025-04-08 16:04:16,149 - DEBUG - 执行AGV分配局部搜索，当前完工时间: 1984.00
2025-04-08 16:04:16,153 - DEBUG - 局部搜索未能改进当前解
2025-04-08 16:04:16,157 - DEBUG - 执行AGV分配局部搜索，当前完工时间: 2116.00
2025-04-08 16:04:16,160 - DEBUG - AGV分配局部搜索成功！完工时间从 2116.00 降低到 2081.00，改进: 35.00 (1.65%)
2025-04-08 16:04:16,164 - DEBUG - 执行AGV分配局部搜索，当前完工时间: 2046.00
2025-04-08 16:04:16,168 - DEBUG - 局部搜索未能改进当前解
2025-04-08 16:04:16,172 - DEBUG - 执行AGV分配局部搜索，当前完工时间: 1966.00
2025-04-08 16:04:16,175 - DEBUG - 局部搜索未能改进当前解
2025-04-08 16:04:16,180 - DEBUG - 执行AGV分配局部搜索，当前完工时间: 2074.00
2025-04-08 16:04:16,183 - DEBUG - 局部搜索未能改进当前解
2025-04-08 16:04:16,186 - DEBUG - 执行AGV分配局部搜索，当前完工时间: 2028.00
2025-04-08 16:04:16,190 - DEBUG - 局部搜索未能改进当前解
2025-04-08 16:04:16,194 - DEBUG - 执行AGV分配局部搜索，当前完工时间: 2085.00
2025-04-08 16:04:16,197 - DEBUG - 局部搜索未能改进当前解
2025-04-08 16:04:16,202 - DEBUG - 执行AGV分配局部搜索，当前完工时间: 2093.00
2025-04-08 16:04:16,206 - DEBUG - 局部搜索未能改进当前解
2025-04-08 16:04:16,210 - DEBUG - 执行AGV分配局部搜索，当前完工时间: 1986.00
2025-04-08 16:04:16,213 - DEBUG - 局部搜索未能改进当前解
2025-04-08 16:04:16,217 - DEBUG - 执行AGV分配局部搜索，当前完工时间: 2117.00
2025-04-08 16:04:16,220 - DEBUG - 局部搜索未能改进当前解
2025-04-08 16:04:16,225 - DEBUG - 执行AGV分配局部搜索，当前完工时间: 2075.00
2025-04-08 16:04:16,229 - DEBUG - 局部搜索未能改进当前解
2025-04-08 16:04:16,233 - DEBUG - 执行AGV分配局部搜索，当前完工时间: 2094.00
2025-04-08 16:04:16,236 - DEBUG - 局部搜索未能改进当前解
2025-04-08 16:04:16,240 - DEBUG - 执行AGV分配局部搜索，当前完工时间: 2025.00
2025-04-08 16:04:16,244 - DEBUG - 局部搜索未能改进当前解
2025-04-08 16:04:16,247 - DEBUG - 执行AGV分配局部搜索，当前完工时间: 1957.00
2025-04-08 16:04:16,251 - DEBUG - AGV分配局部搜索成功！完工时间从 1957.00 降低到 1955.00，改进: 2.00 (0.10%)
2025-04-08 16:04:16,255 - DEBUG - 执行AGV分配局部搜索，当前完工时间: 2068.00
2025-04-08 16:04:16,259 - DEBUG - 局部搜索未能改进当前解
2025-04-08 16:04:16,262 - DEBUG - 执行AGV分配局部搜索，当前完工时间: 2096.00
2025-04-08 16:04:16,266 - DEBUG - 局部搜索未能改进当前解
2025-04-08 16:04:16,270 - DEBUG - 执行AGV分配局部搜索，当前完工时间: 2032.00
2025-04-08 16:04:16,274 - DEBUG - 局部搜索未能改进当前解
2025-04-08 16:04:16,277 - DEBUG - 执行AGV分配局部搜索，当前完工时间: 2080.00
2025-04-08 16:04:16,281 - DEBUG - 局部搜索未能改进当前解
2025-04-08 16:04:16,284 - DEBUG - 执行AGV分配局部搜索，当前完工时间: 2020.00
2025-04-08 16:04:16,287 - DEBUG - 局部搜索未能改进当前解
2025-04-08 16:04:16,292 - DEBUG - 执行AGV分配局部搜索，当前完工时间: 1988.00
2025-04-08 16:04:16,295 - DEBUG - 局部搜索未能改进当前解
2025-04-08 16:04:16,300 - DEBUG - 执行AGV分配局部搜索，当前完工时间: 1996.00
2025-04-08 16:04:16,303 - DEBUG - 局部搜索未能改进当前解
2025-04-08 16:04:16,306 - DEBUG - 执行AGV分配局部搜索，当前完工时间: 2028.00
2025-04-08 16:04:16,311 - DEBUG - 局部搜索未能改进当前解
2025-04-08 16:04:16,314 - DEBUG - 执行AGV分配局部搜索，当前完工时间: 2056.00
2025-04-08 16:04:16,318 - DEBUG - 局部搜索未能改进当前解
2025-04-08 16:04:16,320 - DEBUG - 执行AGV分配局部搜索，当前完工时间: 2096.00
2025-04-08 16:04:16,325 - DEBUG - 局部搜索未能改进当前解
2025-04-08 16:04:16,329 - DEBUG - 执行AGV分配局部搜索，当前完工时间: 2072.00
2025-04-08 16:04:16,333 - DEBUG - 局部搜索未能改进当前解
2025-04-08 16:04:16,337 - DEBUG - 执行AGV分配局部搜索，当前完工时间: 2028.00
2025-04-08 16:04:16,340 - DEBUG - 局部搜索未能改进当前解
2025-04-08 16:04:16,345 - DEBUG - 执行AGV分配局部搜索，当前完工时间: 1986.00
2025-04-08 16:04:16,349 - DEBUG - 局部搜索未能改进当前解
2025-04-08 16:04:16,352 - DEBUG - 执行AGV分配局部搜索，当前完工时间: 2075.00
2025-04-08 16:04:16,356 - DEBUG - AGV分配局部搜索成功！完工时间从 2075.00 降低到 2035.00，改进: 40.00 (1.93%)
2025-04-08 16:04:16,360 - DEBUG - 执行AGV分配局部搜索，当前完工时间: 1992.00
2025-04-08 16:04:16,362 - DEBUG - 局部搜索未能改进当前解
2025-04-08 16:04:16,367 - DEBUG - 执行AGV分配局部搜索，当前完工时间: 2174.00
2025-04-08 16:04:16,370 - DEBUG - 局部搜索未能改进当前解
2025-04-08 16:04:16,374 - DEBUG - 执行AGV分配局部搜索，当前完工时间: 1938.00
2025-04-08 16:04:16,378 - DEBUG - 局部搜索未能改进当前解
2025-04-08 16:04:16,382 - DEBUG - 执行AGV分配局部搜索，当前完工时间: 2117.00
2025-04-08 16:04:16,386 - DEBUG - AGV分配局部搜索成功！完工时间从 2117.00 降低到 2092.00，改进: 25.00 (1.18%)
2025-04-08 16:04:16,388 - DEBUG - 执行AGV分配局部搜索，当前完工时间: 1963.00
2025-04-08 16:04:16,393 - DEBUG - 局部搜索未能改进当前解
2025-04-08 16:04:16,395 - DEBUG - 执行AGV分配局部搜索，当前完工时间: 2025.00
2025-04-08 16:04:16,400 - DEBUG - 局部搜索未能改进当前解
2025-04-08 16:04:16,403 - DEBUG - 执行AGV分配局部搜索，当前完工时间: 2052.00
2025-04-08 16:04:16,407 - DEBUG - 局部搜索未能改进当前解
2025-04-08 16:04:16,412 - DEBUG - 执行AGV分配局部搜索，当前完工时间: 2031.00
2025-04-08 16:04:16,415 - DEBUG - 局部搜索未能改进当前解
2025-04-08 16:04:16,419 - DEBUG - 执行AGV分配局部搜索，当前完工时间: 1966.00
2025-04-08 16:04:16,422 - DEBUG - 局部搜索未能改进当前解
2025-04-08 16:04:16,427 - DEBUG - 执行AGV分配局部搜索，当前完工时间: 2106.00
2025-04-08 16:04:16,430 - DEBUG - 局部搜索未能改进当前解
2025-04-08 16:04:16,434 - DEBUG - 执行AGV分配局部搜索，当前完工时间: 1973.00
2025-04-08 16:04:16,437 - DEBUG - 局部搜索未能改进当前解
2025-04-08 16:04:16,442 - DEBUG - 执行AGV分配局部搜索，当前完工时间: 2091.00
2025-04-08 16:04:16,445 - DEBUG - 局部搜索未能改进当前解
2025-04-08 16:04:16,449 - DEBUG - 执行AGV分配局部搜索，当前完工时间: 1924.00
2025-04-08 16:04:16,453 - DEBUG - 局部搜索未能改进当前解
2025-04-08 16:04:16,456 - DEBUG - 执行AGV分配局部搜索，当前完工时间: 2004.00
2025-04-08 16:04:16,459 - DEBUG - 局部搜索未能改进当前解
2025-04-08 16:04:16,462 - DEBUG - 执行AGV分配局部搜索，当前完工时间: 2118.00
2025-04-08 16:04:16,467 - DEBUG - 局部搜索未能改进当前解
2025-04-08 16:04:16,470 - DEBUG - 执行AGV分配局部搜索，当前完工时间: 1999.00
2025-04-08 16:04:16,475 - DEBUG - 局部搜索未能改进当前解
2025-04-08 16:04:16,477 - DEBUG - 执行AGV分配局部搜索，当前完工时间: 2103.00
2025-04-08 16:04:16,481 - DEBUG - 局部搜索未能改进当前解
2025-04-08 16:04:16,485 - DEBUG - 执行AGV分配局部搜索，当前完工时间: 2004.00
2025-04-08 16:04:16,489 - DEBUG - 局部搜索未能改进当前解
2025-04-08 16:04:16,492 - DEBUG - 执行AGV分配局部搜索，当前完工时间: 2113.00
2025-04-08 16:04:16,495 - DEBUG - 局部搜索未能改进当前解
2025-04-08 16:04:16,500 - DEBUG - 执行AGV分配局部搜索，当前完工时间: 2002.00
2025-04-08 16:04:16,503 - DEBUG - AGV分配局部搜索成功！完工时间从 2002.00 降低到 1989.00，改进: 13.00 (0.65%)
2025-04-08 16:04:16,507 - DEBUG - 执行AGV分配局部搜索，当前完工时间: 1990.00
2025-04-08 16:04:16,511 - DEBUG - 局部搜索未能改进当前解
2025-04-08 16:04:16,514 - DEBUG - 执行AGV分配局部搜索，当前完工时间: 1996.00
2025-04-08 16:04:16,518 - DEBUG - 局部搜索未能改进当前解
2025-04-08 16:04:16,522 - DEBUG - 执行AGV分配局部搜索，当前完工时间: 2133.00
2025-04-08 16:04:16,525 - DEBUG - 局部搜索未能改进当前解
2025-04-08 16:04:16,529 - DEBUG - 执行AGV分配局部搜索，当前完工时间: 2060.00
2025-04-08 16:04:16,533 - DEBUG - 局部搜索未能改进当前解
2025-04-08 16:04:16,537 - DEBUG - 执行AGV分配局部搜索，当前完工时间: 2130.00
2025-04-08 16:04:16,540 - DEBUG - 局部搜索未能改进当前解
2025-04-08 16:04:16,544 - DEBUG - 执行AGV分配局部搜索，当前完工时间: 1921.00
2025-04-08 16:04:16,548 - DEBUG - 局部搜索未能改进当前解
2025-04-08 16:04:16,552 - DEBUG - 执行AGV分配局部搜索，当前完工时间: 2086.00
2025-04-08 16:04:16,555 - DEBUG - 局部搜索未能改进当前解
2025-04-08 16:04:16,559 - DEBUG - 执行AGV分配局部搜索，当前完工时间: 2032.00
2025-04-08 16:04:16,563 - DEBUG - 局部搜索未能改进当前解
2025-04-08 16:04:16,566 - DEBUG - 执行AGV分配局部搜索，当前完工时间: 2103.00
2025-04-08 16:04:16,570 - DEBUG - 局部搜索未能改进当前解
2025-04-08 16:04:16,574 - DEBUG - 执行AGV分配局部搜索，当前完工时间: 2067.00
2025-04-08 16:04:16,579 - DEBUG - 局部搜索未能改进当前解
2025-04-08 16:04:16,582 - DEBUG - 执行AGV分配局部搜索，当前完工时间: 2019.00
2025-04-08 16:04:16,586 - DEBUG - 局部搜索未能改进当前解
2025-04-08 16:04:16,586 - DEBUG - ==================================================
2025-04-08 16:04:16,586 - DEBUG - Efficiency Statistics of Local Search :
2025-04-08 16:04:16,586 - DEBUG - Number of attempts: 99
2025-04-08 16:04:16,586 - DEBUG - Average Success Rate: 10.10%
2025-04-08 16:04:16,586 - DEBUG - AGV Local Search Success: 10，Average Improvement: 18.20
2025-04-08 16:04:16,590 - DEBUG - 执行AGV分配局部搜索，当前完工时间: 2192.00
2025-04-08 16:04:16,593 - DEBUG - 局部搜索未能改进当前解
2025-04-08 16:04:16,597 - DEBUG - 执行AGV分配局部搜索，当前完工时间: 2061.00
2025-04-08 16:04:16,602 - DEBUG - 局部搜索未能改进当前解
2025-04-08 16:04:16,605 - DEBUG - 执行AGV分配局部搜索，当前完工时间: 2043.00
2025-04-08 16:04:16,608 - DEBUG - 局部搜索未能改进当前解
2025-04-08 16:04:16,612 - DEBUG - 执行AGV分配局部搜索，当前完工时间: 1966.00
2025-04-08 16:04:16,616 - DEBUG - 局部搜索未能改进当前解
2025-04-08 16:04:16,620 - DEBUG - 执行AGV分配局部搜索，当前完工时间: 2016.00
2025-04-08 16:04:16,623 - DEBUG - 局部搜索未能改进当前解
2025-04-08 16:04:16,628 - DEBUG - 执行AGV分配局部搜索，当前完工时间: 1896.00
2025-04-08 16:04:16,630 - DEBUG - 局部搜索未能改进当前解
2025-04-08 16:04:16,635 - DEBUG - 执行AGV分配局部搜索，当前完工时间: 1973.00
2025-04-08 16:04:16,638 - DEBUG - 局部搜索未能改进当前解
2025-04-08 16:04:16,643 - DEBUG - 执行AGV分配局部搜索，当前完工时间: 2095.00
2025-04-08 16:04:16,646 - DEBUG - 局部搜索未能改进当前解
2025-04-08 16:04:16,650 - DEBUG - 执行AGV分配局部搜索，当前完工时间: 2041.00
2025-04-08 16:04:16,653 - DEBUG - 局部搜索未能改进当前解
2025-04-08 16:04:16,657 - DEBUG - 执行AGV分配局部搜索，当前完工时间: 2025.00
2025-04-08 16:04:16,661 - DEBUG - 局部搜索未能改进当前解
2025-04-08 16:04:16,664 - DEBUG - 执行AGV分配局部搜索，当前完工时间: 1994.00
2025-04-08 16:04:16,669 - DEBUG - 局部搜索未能改进当前解
2025-04-08 16:04:16,671 - DEBUG - 执行AGV分配局部搜索，当前完工时间: 2055.00
2025-04-08 16:04:16,676 - DEBUG - 局部搜索未能改进当前解
2025-04-08 16:04:16,679 - DEBUG - 执行AGV分配局部搜索，当前完工时间: 1986.00
2025-04-08 16:04:16,683 - DEBUG - 局部搜索未能改进当前解
2025-04-08 16:04:16,687 - DEBUG - 执行AGV分配局部搜索，当前完工时间: 2121.00
2025-04-08 16:04:16,691 - DEBUG - AGV分配局部搜索成功！完工时间从 2121.00 降低到 2089.00，改进: 32.00 (1.51%)
2025-04-08 16:04:16,695 - DEBUG - 执行AGV分配局部搜索，当前完工时间: 1961.00
2025-04-08 16:04:16,697 - DEBUG - 局部搜索未能改进当前解
2025-04-08 16:04:16,702 - DEBUG - 执行AGV分配局部搜索，当前完工时间: 2066.00
2025-04-08 16:04:16,706 - DEBUG - 局部搜索未能改进当前解
2025-04-08 16:04:16,710 - DEBUG - 执行AGV分配局部搜索，当前完工时间: 1996.00
2025-04-08 16:04:16,714 - DEBUG - 局部搜索未能改进当前解
2025-04-08 16:04:16,718 - DEBUG - 执行AGV分配局部搜索，当前完工时间: 1944.00
2025-04-08 16:04:16,721 - DEBUG - 局部搜索未能改进当前解
2025-04-08 16:04:16,725 - DEBUG - 执行AGV分配局部搜索，当前完工时间: 2055.00
2025-04-08 16:04:16,729 - DEBUG - 局部搜索未能改进当前解
2025-04-08 16:04:16,733 - DEBUG - 执行AGV分配局部搜索，当前完工时间: 1946.00
2025-04-08 16:04:16,736 - DEBUG - AGV分配局部搜索成功！完工时间从 1946.00 降低到 1927.00，改进: 19.00 (0.98%)
2025-04-08 16:04:16,741 - DEBUG - 执行AGV分配局部搜索，当前完工时间: 2126.00
2025-04-08 16:04:16,744 - DEBUG - 局部搜索未能改进当前解
2025-04-08 16:04:16,748 - DEBUG - 执行AGV分配局部搜索，当前完工时间: 2032.00
2025-04-08 16:04:16,751 - DEBUG - 局部搜索未能改进当前解
2025-04-08 16:04:16,755 - DEBUG - 执行AGV分配局部搜索，当前完工时间: 1899.00
2025-04-08 16:04:16,758 - DEBUG - 局部搜索未能改进当前解
2025-04-08 16:04:16,762 - DEBUG - 执行AGV分配局部搜索，当前完工时间: 1974.00
2025-04-08 16:04:16,766 - DEBUG - 局部搜索未能改进当前解
2025-04-08 16:04:16,769 - DEBUG - 执行AGV分配局部搜索，当前完工时间: 1972.00
2025-04-08 16:04:16,774 - DEBUG - AGV分配局部搜索成功！完工时间从 1972.00 降低到 1964.00，改进: 8.00 (0.41%)
2025-04-08 16:04:16,778 - DEBUG - 执行AGV分配局部搜索，当前完工时间: 2092.00
2025-04-08 16:04:16,781 - DEBUG - 局部搜索未能改进当前解
2025-04-08 16:04:16,784 - DEBUG - 执行AGV分配局部搜索，当前完工时间: 2056.00
2025-04-08 16:04:16,789 - DEBUG - 局部搜索未能改进当前解
2025-04-08 16:04:16,793 - DEBUG - 执行AGV分配局部搜索，当前完工时间: 2026.00
2025-04-08 16:04:16,795 - DEBUG - 局部搜索未能改进当前解
2025-04-08 16:04:16,800 - DEBUG - 执行AGV分配局部搜索，当前完工时间: 2130.00
2025-04-08 16:04:16,803 - DEBUG - 局部搜索未能改进当前解
2025-04-08 16:04:16,807 - DEBUG - 执行AGV分配局部搜索，当前完工时间: 2054.00
2025-04-08 16:04:16,811 - DEBUG - 局部搜索未能改进当前解
2025-04-08 16:04:16,814 - DEBUG - 执行AGV分配局部搜索，当前完工时间: 2105.00
2025-04-08 16:04:16,818 - DEBUG - 局部搜索未能改进当前解
2025-04-08 16:04:16,822 - DEBUG - 执行AGV分配局部搜索，当前完工时间: 2113.00
2025-04-08 16:04:16,825 - DEBUG - AGV分配局部搜索成功！完工时间从 2113.00 降低到 2084.00，改进: 29.00 (1.37%)
2025-04-08 16:04:16,830 - DEBUG - 执行AGV分配局部搜索，当前完工时间: 1989.00
2025-04-08 16:04:16,833 - DEBUG - 局部搜索未能改进当前解
2025-04-08 16:04:16,837 - DEBUG - 执行AGV分配局部搜索，当前完工时间: 2028.00
2025-04-08 16:04:16,840 - DEBUG - 局部搜索未能改进当前解
2025-04-08 16:04:16,844 - DEBUG - 执行AGV分配局部搜索，当前完工时间: 2055.00
2025-04-08 16:04:16,849 - DEBUG - 局部搜索未能改进当前解
2025-04-08 16:04:16,852 - DEBUG - 执行AGV分配局部搜索，当前完工时间: 2179.00
2025-04-08 16:04:16,856 - DEBUG - 局部搜索未能改进当前解
2025-04-08 16:04:16,860 - DEBUG - 执行AGV分配局部搜索，当前完工时间: 2015.00
2025-04-08 16:04:16,862 - DEBUG - 局部搜索未能改进当前解
2025-04-08 16:04:16,867 - DEBUG - 执行AGV分配局部搜索，当前完工时间: 2054.00
2025-04-08 16:04:16,871 - DEBUG - 局部搜索未能改进当前解
2025-04-08 16:04:16,875 - DEBUG - 执行AGV分配局部搜索，当前完工时间: 1980.00
2025-04-08 16:04:16,879 - DEBUG - AGV分配局部搜索成功！完工时间从 1980.00 降低到 1942.00，改进: 38.00 (1.92%)
2025-04-08 16:04:16,882 - DEBUG - 执行AGV分配局部搜索，当前完工时间: 1990.00
2025-04-08 16:04:16,886 - DEBUG - 局部搜索未能改进当前解
2025-04-08 16:04:16,888 - DEBUG - 执行AGV分配局部搜索，当前完工时间: 1975.00
2025-04-08 16:04:16,893 - DEBUG - 局部搜索未能改进当前解
2025-04-08 16:04:16,897 - DEBUG - 执行AGV分配局部搜索，当前完工时间: 1952.00
2025-04-08 16:04:16,901 - DEBUG - 局部搜索未能改进当前解
2025-04-08 16:04:16,904 - DEBUG - 执行AGV分配局部搜索，当前完工时间: 2091.00
2025-04-08 16:04:16,907 - DEBUG - 局部搜索未能改进当前解
2025-04-08 16:04:16,911 - DEBUG - 执行AGV分配局部搜索，当前完工时间: 2018.00
2025-04-08 16:04:16,914 - DEBUG - 局部搜索未能改进当前解
2025-04-08 16:04:16,919 - DEBUG - 执行AGV分配局部搜索，当前完工时间: 2148.00
2025-04-08 16:04:16,922 - DEBUG - 局部搜索未能改进当前解
2025-04-08 16:04:16,926 - DEBUG - 执行AGV分配局部搜索，当前完工时间: 2006.00
2025-04-08 16:04:16,930 - DEBUG - 局部搜索未能改进当前解
2025-04-08 16:04:16,934 - DEBUG - 执行AGV分配局部搜索，当前完工时间: 1992.00
2025-04-08 16:04:16,939 - DEBUG - 局部搜索未能改进当前解
2025-04-08 16:04:16,942 - DEBUG - 执行AGV分配局部搜索，当前完工时间: 2007.00
2025-04-08 16:04:16,946 - DEBUG - 局部搜索未能改进当前解
2025-04-08 16:04:16,949 - DEBUG - 执行AGV分配局部搜索，当前完工时间: 2080.00
2025-04-08 16:04:16,953 - DEBUG - 局部搜索未能改进当前解
2025-04-08 16:04:16,958 - DEBUG - 执行AGV分配局部搜索，当前完工时间: 2028.00
2025-04-08 16:04:16,960 - DEBUG - 局部搜索未能改进当前解
2025-04-08 16:04:16,965 - DEBUG - 执行AGV分配局部搜索，当前完工时间: 2062.00
2025-04-08 16:04:16,968 - DEBUG - 局部搜索未能改进当前解
2025-04-08 16:04:16,972 - DEBUG - 执行AGV分配局部搜索，当前完工时间: 2036.00
2025-04-08 16:04:16,976 - DEBUG - 局部搜索未能改进当前解
2025-04-08 16:04:16,980 - DEBUG - 执行AGV分配局部搜索，当前完工时间: 2018.00
2025-04-08 16:04:16,984 - DEBUG - 局部搜索未能改进当前解
2025-04-08 16:04:16,987 - DEBUG - 执行AGV分配局部搜索，当前完工时间: 1950.00
2025-04-08 16:04:16,992 - DEBUG - 局部搜索未能改进当前解
2025-04-08 16:04:16,996 - DEBUG - 执行AGV分配局部搜索，当前完工时间: 2084.00
2025-04-08 16:04:17,000 - DEBUG - 局部搜索未能改进当前解
2025-04-08 16:04:17,003 - DEBUG - 执行AGV分配局部搜索，当前完工时间: 1996.00
2025-04-08 16:04:17,007 - DEBUG - 局部搜索未能改进当前解
2025-04-08 16:04:17,010 - DEBUG - 执行AGV分配局部搜索，当前完工时间: 2000.00
2025-04-08 16:04:17,014 - DEBUG - 局部搜索未能改进当前解
2025-04-08 16:04:17,016 - DEBUG - 执行AGV分配局部搜索，当前完工时间: 1966.00
2025-04-08 16:04:17,020 - DEBUG - AGV分配局部搜索成功！完工时间从 1966.00 降低到 1950.00，改进: 16.00 (0.81%)
2025-04-08 16:04:17,025 - DEBUG - 执行AGV分配局部搜索，当前完工时间: 2049.00
2025-04-08 16:04:17,029 - DEBUG - 局部搜索未能改进当前解
2025-04-08 16:04:17,034 - DEBUG - 执行AGV分配局部搜索，当前完工时间: 2154.00
2025-04-08 16:04:17,037 - DEBUG - 局部搜索未能改进当前解
2025-04-08 16:04:17,041 - DEBUG - 执行AGV分配局部搜索，当前完工时间: 2086.00
2025-04-08 16:04:17,045 - DEBUG - 局部搜索未能改进当前解
2025-04-08 16:04:17,049 - DEBUG - 执行AGV分配局部搜索，当前完工时间: 2026.00
2025-04-08 16:04:17,053 - DEBUG - 局部搜索未能改进当前解
2025-04-08 16:04:17,056 - DEBUG - 执行AGV分配局部搜索，当前完工时间: 2024.00
2025-04-08 16:04:17,059 - DEBUG - 局部搜索未能改进当前解
2025-04-08 16:04:17,064 - DEBUG - 执行AGV分配局部搜索，当前完工时间: 2107.00
2025-04-08 16:04:17,068 - DEBUG - 局部搜索未能改进当前解
2025-04-08 16:04:17,071 - DEBUG - 执行AGV分配局部搜索，当前完工时间: 1972.00
2025-04-08 16:04:17,075 - DEBUG - 局部搜索未能改进当前解
2025-04-08 16:04:17,079 - DEBUG - 执行AGV分配局部搜索，当前完工时间: 2051.00
2025-04-08 16:04:17,083 - DEBUG - 局部搜索未能改进当前解
2025-04-08 16:04:17,087 - DEBUG - 执行AGV分配局部搜索，当前完工时间: 1996.00
2025-04-08 16:04:17,092 - DEBUG - 局部搜索未能改进当前解
2025-04-08 16:04:17,096 - DEBUG - 执行AGV分配局部搜索，当前完工时间: 1959.00
2025-04-08 16:04:17,099 - DEBUG - 局部搜索未能改进当前解
2025-04-08 16:04:17,103 - DEBUG - 执行AGV分配局部搜索，当前完工时间: 2041.00
2025-04-08 16:04:17,107 - DEBUG - 局部搜索未能改进当前解
2025-04-08 16:04:17,110 - DEBUG - 执行AGV分配局部搜索，当前完工时间: 2024.00
2025-04-08 16:04:17,115 - DEBUG - 局部搜索未能改进当前解
2025-04-08 16:04:17,118 - DEBUG - 执行AGV分配局部搜索，当前完工时间: 2019.00
2025-04-08 16:04:17,121 - DEBUG - 局部搜索未能改进当前解
2025-04-08 16:04:17,125 - DEBUG - 执行AGV分配局部搜索，当前完工时间: 2000.00
2025-04-08 16:04:17,129 - DEBUG - AGV分配局部搜索成功！完工时间从 2000.00 降低到 1997.00，改进: 3.00 (0.15%)
2025-04-08 16:04:17,133 - DEBUG - 执行AGV分配局部搜索，当前完工时间: 1976.00
2025-04-08 16:04:17,137 - DEBUG - 局部搜索未能改进当前解
2025-04-08 16:04:17,141 - DEBUG - 执行AGV分配局部搜索，当前完工时间: 2197.00
2025-04-08 16:04:17,144 - DEBUG - 局部搜索未能改进当前解
2025-04-08 16:04:17,149 - DEBUG - 执行AGV分配局部搜索，当前完工时间: 2052.00
2025-04-08 16:04:17,152 - DEBUG - 局部搜索未能改进当前解
2025-04-08 16:04:17,155 - DEBUG - 执行AGV分配局部搜索，当前完工时间: 1912.00
2025-04-08 16:04:17,159 - DEBUG - AGV分配局部搜索成功！完工时间从 1912.00 降低到 1910.00，改进: 2.00 (0.10%)
2025-04-08 16:04:17,164 - DEBUG - 执行AGV分配局部搜索，当前完工时间: 2110.00
2025-04-08 16:04:17,166 - DEBUG - 局部搜索未能改进当前解
2025-04-08 16:04:17,171 - DEBUG - 执行AGV分配局部搜索，当前完工时间: 1980.00
2025-04-08 16:04:17,174 - DEBUG - 局部搜索未能改进当前解
2025-04-08 16:04:17,178 - DEBUG - 执行AGV分配局部搜索，当前完工时间: 2106.00
2025-04-08 16:04:17,181 - DEBUG - 局部搜索未能改进当前解
2025-04-08 16:04:17,185 - DEBUG - 执行AGV分配局部搜索，当前完工时间: 2026.00
2025-04-08 16:04:17,190 - DEBUG - 局部搜索未能改进当前解
2025-04-08 16:04:17,193 - DEBUG - 执行AGV分配局部搜索，当前完工时间: 1977.00
2025-04-08 16:04:17,197 - DEBUG - 局部搜索未能改进当前解
2025-04-08 16:04:17,200 - DEBUG - 执行AGV分配局部搜索，当前完工时间: 2101.00
2025-04-08 16:04:17,203 - DEBUG - 局部搜索未能改进当前解
2025-04-08 16:04:17,207 - DEBUG - 执行AGV分配局部搜索，当前完工时间: 2031.00
2025-04-08 16:04:17,210 - DEBUG - 局部搜索未能改进当前解
2025-04-08 16:04:17,214 - DEBUG - 执行AGV分配局部搜索，当前完工时间: 2003.00
2025-04-08 16:04:17,218 - DEBUG - 局部搜索未能改进当前解
2025-04-08 16:04:17,222 - DEBUG - 执行AGV分配局部搜索，当前完工时间: 1998.00
2025-04-08 16:04:17,225 - DEBUG - 局部搜索未能改进当前解
2025-04-08 16:04:17,229 - DEBUG - 执行AGV分配局部搜索，当前完工时间: 2014.00
2025-04-08 16:04:17,233 - DEBUG - 局部搜索未能改进当前解
2025-04-08 16:04:17,237 - DEBUG - 执行AGV分配局部搜索，当前完工时间: 1958.00
2025-04-08 16:04:17,240 - DEBUG - 局部搜索未能改进当前解
2025-04-08 16:04:17,244 - DEBUG - 执行AGV分配局部搜索，当前完工时间: 2084.00
2025-04-08 16:04:17,248 - DEBUG - 局部搜索未能改进当前解
2025-04-08 16:04:17,251 - DEBUG - 执行AGV分配局部搜索，当前完工时间: 1969.00
2025-04-08 16:04:17,256 - DEBUG - AGV分配局部搜索成功！完工时间从 1969.00 降低到 1942.00，改进: 27.00 (1.37%)
2025-04-08 16:04:17,259 - DEBUG - 执行AGV分配局部搜索，当前完工时间: 2094.00
2025-04-08 16:04:17,263 - DEBUG - 局部搜索未能改进当前解
2025-04-08 16:04:17,268 - DEBUG - 执行AGV分配局部搜索，当前完工时间: 2052.00
2025-04-08 16:04:17,270 - DEBUG - 局部搜索未能改进当前解
2025-04-08 16:04:17,275 - DEBUG - 执行AGV分配局部搜索，当前完工时间: 2056.00
2025-04-08 16:04:17,279 - DEBUG - 局部搜索未能改进当前解
2025-04-08 16:04:17,282 - DEBUG - 执行AGV分配局部搜索，当前完工时间: 2174.00
2025-04-08 16:04:17,286 - DEBUG - 局部搜索未能改进当前解
2025-04-08 16:04:17,290 - DEBUG - 执行AGV分配局部搜索，当前完工时间: 1958.00
2025-04-08 16:04:17,293 - DEBUG - AGV分配局部搜索成功！完工时间从 1958.00 降低到 1941.00，改进: 17.00 (0.87%)
2025-04-08 16:04:17,297 - DEBUG - 执行AGV分配局部搜索，当前完工时间: 2072.00
2025-04-08 16:04:17,301 - DEBUG - AGV分配局部搜索成功！完工时间从 2072.00 降低到 2044.00，改进: 28.00 (1.35%)
2025-04-08 16:04:17,304 - DEBUG - 执行AGV分配局部搜索，当前完工时间: 2116.00
2025-04-08 16:04:17,307 - DEBUG - 局部搜索未能改进当前解
2025-04-08 16:04:17,312 - DEBUG - 执行AGV分配局部搜索，当前完工时间: 2035.00
2025-04-08 16:04:17,316 - DEBUG - 局部搜索未能改进当前解
2025-04-08 16:04:17,319 - DEBUG - 执行AGV分配局部搜索，当前完工时间: 1960.00
2025-04-08 16:04:17,322 - DEBUG - 局部搜索未能改进当前解
2025-04-08 16:04:17,327 - DEBUG - 执行AGV分配局部搜索，当前完工时间: 2167.00
2025-04-08 16:04:17,330 - DEBUG - 局部搜索未能改进当前解
2025-04-08 16:04:17,330 - DEBUG - ==================================================
2025-04-08 16:04:17,330 - DEBUG - Efficiency Statistics of Local Search :
2025-04-08 16:04:17,330 - DEBUG - Number of attempts: 99
2025-04-08 16:04:17,330 - DEBUG - Average Success Rate: 11.11%
2025-04-08 16:04:17,330 - DEBUG - AGV Local Search Success: 11，Average Improvement: 19.91
2025-04-08 16:04:17,334 - DEBUG - 执行AGV分配局部搜索，当前完工时间: 2042.00
2025-04-08 16:04:17,338 - DEBUG - 局部搜索未能改进当前解
2025-04-08 16:04:17,342 - DEBUG - 执行AGV分配局部搜索，当前完工时间: 1924.00
2025-04-08 16:04:17,345 - DEBUG - 局部搜索未能改进当前解
2025-04-08 16:04:17,350 - DEBUG - 执行AGV分配局部搜索，当前完工时间: 2023.00
2025-04-08 16:04:17,354 - DEBUG - 局部搜索未能改进当前解
2025-04-08 16:04:17,357 - DEBUG - 执行AGV分配局部搜索，当前完工时间: 2160.00
2025-04-08 16:04:17,360 - DEBUG - AGV分配局部搜索成功！完工时间从 2160.00 降低到 2084.00，改进: 76.00 (3.52%)
2025-04-08 16:04:17,365 - DEBUG - 执行AGV分配局部搜索，当前完工时间: 2012.00
2025-04-08 16:04:17,368 - DEBUG - AGV分配局部搜索成功！完工时间从 2012.00 降低到 2009.00，改进: 3.00 (0.15%)
2025-04-08 16:04:17,372 - DEBUG - 执行AGV分配局部搜索，当前完工时间: 2000.00
2025-04-08 16:04:17,376 - DEBUG - 局部搜索未能改进当前解
2025-04-08 16:04:17,380 - DEBUG - 执行AGV分配局部搜索，当前完工时间: 2119.00
2025-04-08 16:04:17,383 - DEBUG - 局部搜索未能改进当前解
2025-04-08 16:04:17,387 - DEBUG - 执行AGV分配局部搜索，当前完工时间: 2151.00
2025-04-08 16:04:17,390 - DEBUG - 局部搜索未能改进当前解
2025-04-08 16:04:17,394 - DEBUG - 执行AGV分配局部搜索，当前完工时间: 2014.00
2025-04-08 16:04:17,397 - DEBUG - 局部搜索未能改进当前解
2025-04-08 16:04:17,402 - DEBUG - 执行AGV分配局部搜索，当前完工时间: 2027.00
2025-04-08 16:04:17,405 - DEBUG - AGV分配局部搜索成功！完工时间从 2027.00 降低到 2026.00，改进: 1.00 (0.05%)
2025-04-08 16:04:17,410 - DEBUG - 执行AGV分配局部搜索，当前完工时间: 1969.00
2025-04-08 16:04:17,413 - DEBUG - 局部搜索未能改进当前解
2025-04-08 16:04:17,417 - DEBUG - 执行AGV分配局部搜索，当前完工时间: 2120.00
2025-04-08 16:04:17,421 - DEBUG - AGV分配局部搜索成功！完工时间从 2120.00 降低到 2098.00，改进: 22.00 (1.04%)
2025-04-08 16:04:17,424 - DEBUG - 执行AGV分配局部搜索，当前完工时间: 1929.00
2025-04-08 16:04:17,428 - DEBUG - 局部搜索未能改进当前解
2025-04-08 16:04:17,432 - DEBUG - 执行AGV分配局部搜索，当前完工时间: 2045.00
2025-04-08 16:04:17,436 - DEBUG - 局部搜索未能改进当前解
2025-04-08 16:04:17,438 - DEBUG - 执行AGV分配局部搜索，当前完工时间: 2006.00
2025-04-08 16:04:17,443 - DEBUG - 局部搜索未能改进当前解
2025-04-08 16:04:17,445 - DEBUG - 执行AGV分配局部搜索，当前完工时间: 1961.00
2025-04-08 16:04:17,450 - DEBUG - 局部搜索未能改进当前解
2025-04-08 16:04:17,454 - DEBUG - 执行AGV分配局部搜索，当前完工时间: 2015.00
2025-04-08 16:04:17,457 - DEBUG - 局部搜索未能改进当前解
2025-04-08 16:04:17,460 - DEBUG - 执行AGV分配局部搜索，当前完工时间: 2054.00
2025-04-08 16:04:17,464 - DEBUG - 局部搜索未能改进当前解
2025-04-08 16:04:17,467 - DEBUG - 执行AGV分配局部搜索，当前完工时间: 2048.00
2025-04-08 16:04:17,471 - DEBUG - 局部搜索未能改进当前解
2025-04-08 16:04:17,474 - DEBUG - 执行AGV分配局部搜索，当前完工时间: 1948.00
2025-04-08 16:04:17,478 - DEBUG - 局部搜索未能改进当前解
2025-04-08 16:04:17,482 - DEBUG - 执行AGV分配局部搜索，当前完工时间: 1996.00
2025-04-08 16:04:17,486 - DEBUG - 局部搜索未能改进当前解
2025-04-08 16:04:17,489 - DEBUG - 执行AGV分配局部搜索，当前完工时间: 1949.00
2025-04-08 16:04:17,493 - DEBUG - 局部搜索未能改进当前解
2025-04-08 16:04:17,497 - DEBUG - 执行AGV分配局部搜索，当前完工时间: 1991.00
2025-04-08 16:04:17,500 - DEBUG - 局部搜索未能改进当前解
2025-04-08 16:04:17,505 - DEBUG - 执行AGV分配局部搜索，当前完工时间: 2000.00
2025-04-08 16:04:17,508 - DEBUG - 局部搜索未能改进当前解
2025-04-08 16:04:17,512 - DEBUG - 执行AGV分配局部搜索，当前完工时间: 1929.00
2025-04-08 16:04:17,516 - DEBUG - 局部搜索未能改进当前解
2025-04-08 16:04:17,520 - DEBUG - 执行AGV分配局部搜索，当前完工时间: 2035.00
2025-04-08 16:04:17,523 - DEBUG - AGV分配局部搜索成功！完工时间从 2035.00 降低到 2017.00，改进: 18.00 (0.88%)
2025-04-08 16:04:17,526 - DEBUG - 执行AGV分配局部搜索，当前完工时间: 1998.00
2025-04-08 16:04:17,531 - DEBUG - AGV分配局部搜索成功！完工时间从 1998.00 降低到 1960.00，改进: 38.00 (1.90%)
2025-04-08 16:04:17,535 - DEBUG - 执行AGV分配局部搜索，当前完工时间: 2084.00
2025-04-08 16:04:17,539 - DEBUG - 局部搜索未能改进当前解
2025-04-08 16:04:17,543 - DEBUG - 执行AGV分配局部搜索，当前完工时间: 2022.00
2025-04-08 16:04:17,547 - DEBUG - 局部搜索未能改进当前解
2025-04-08 16:04:17,551 - DEBUG - 执行AGV分配局部搜索，当前完工时间: 1984.00
2025-04-08 16:04:17,555 - DEBUG - 局部搜索未能改进当前解
2025-04-08 16:04:17,558 - DEBUG - 执行AGV分配局部搜索，当前完工时间: 1944.00
2025-04-08 16:04:17,562 - DEBUG - 局部搜索未能改进当前解
2025-04-08 16:04:17,566 - DEBUG - 执行AGV分配局部搜索，当前完工时间: 2122.00
2025-04-08 16:04:17,570 - DEBUG - AGV分配局部搜索成功！完工时间从 2122.00 降低到 2117.00，改进: 5.00 (0.24%)
2025-04-08 16:04:17,573 - DEBUG - 执行AGV分配局部搜索，当前完工时间: 1921.00
2025-04-08 16:04:17,578 - DEBUG - 局部搜索未能改进当前解
2025-04-08 16:04:17,582 - DEBUG - 执行AGV分配局部搜索，当前完工时间: 1973.00
2025-04-08 16:04:17,585 - DEBUG - 局部搜索未能改进当前解
2025-04-08 16:04:17,589 - DEBUG - 执行AGV分配局部搜索，当前完工时间: 2068.00
2025-04-08 16:04:17,593 - DEBUG - 局部搜索未能改进当前解
2025-04-08 16:04:17,597 - DEBUG - 执行AGV分配局部搜索，当前完工时间: 2006.00
2025-04-08 16:04:17,600 - DEBUG - 局部搜索未能改进当前解
2025-04-08 16:04:17,604 - DEBUG - 执行AGV分配局部搜索，当前完工时间: 2086.00
2025-04-08 16:04:17,607 - DEBUG - 局部搜索未能改进当前解
2025-04-08 16:04:17,612 - DEBUG - 执行AGV分配局部搜索，当前完工时间: 1978.00
2025-04-08 16:04:17,614 - DEBUG - AGV分配局部搜索成功！完工时间从 1978.00 降低到 1962.00，改进: 16.00 (0.81%)
2025-04-08 16:04:17,619 - DEBUG - 执行AGV分配局部搜索，当前完工时间: 2078.00
2025-04-08 16:04:17,622 - DEBUG - 局部搜索未能改进当前解
2025-04-08 16:04:17,626 - DEBUG - 执行AGV分配局部搜索，当前完工时间: 2237.00
2025-04-08 16:04:17,629 - DEBUG - AGV分配局部搜索成功！完工时间从 2237.00 降低到 2218.00，改进: 19.00 (0.85%)
2025-04-08 16:04:17,633 - DEBUG - 执行AGV分配局部搜索，当前完工时间: 2061.00
2025-04-08 16:04:17,637 - DEBUG - 局部搜索未能改进当前解
2025-04-08 16:04:17,641 - DEBUG - 执行AGV分配局部搜索，当前完工时间: 1953.00
2025-04-08 16:04:17,644 - DEBUG - AGV分配局部搜索成功！完工时间从 1953.00 降低到 1952.00，改进: 1.00 (0.05%)
2025-04-08 16:04:17,647 - DEBUG - 执行AGV分配局部搜索，当前完工时间: 1962.00
2025-04-08 16:04:17,652 - DEBUG - 局部搜索未能改进当前解
2025-04-08 16:04:17,656 - DEBUG - 执行AGV分配局部搜索，当前完工时间: 1941.00
2025-04-08 16:04:17,659 - DEBUG - 局部搜索未能改进当前解
2025-04-08 16:04:17,663 - DEBUG - 执行AGV分配局部搜索，当前完工时间: 2034.00
2025-04-08 16:04:17,667 - DEBUG - 局部搜索未能改进当前解
2025-04-08 16:04:17,671 - DEBUG - 执行AGV分配局部搜索，当前完工时间: 2107.00
2025-04-08 16:04:17,674 - DEBUG - 局部搜索未能改进当前解
2025-04-08 16:04:17,678 - DEBUG - 执行AGV分配局部搜索，当前完工时间: 2246.00
2025-04-08 16:04:17,681 - DEBUG - 局部搜索未能改进当前解
2025-04-08 16:04:17,685 - DEBUG - 执行AGV分配局部搜索，当前完工时间: 2027.00
2025-04-08 16:04:17,689 - DEBUG - 局部搜索未能改进当前解
2025-04-08 16:04:17,692 - DEBUG - 执行AGV分配局部搜索，当前完工时间: 1966.00
2025-04-08 16:04:17,695 - DEBUG - 局部搜索未能改进当前解
2025-04-08 16:04:17,698 - DEBUG - 执行AGV分配局部搜索，当前完工时间: 2048.00
2025-04-08 16:04:17,702 - DEBUG - 局部搜索未能改进当前解
2025-04-08 16:04:17,706 - DEBUG - 执行AGV分配局部搜索，当前完工时间: 2111.00
2025-04-08 16:04:17,710 - DEBUG - 局部搜索未能改进当前解
2025-04-08 16:04:17,714 - DEBUG - 执行AGV分配局部搜索，当前完工时间: 1928.00
2025-04-08 16:04:17,719 - DEBUG - 局部搜索未能改进当前解
2025-04-08 16:04:17,722 - DEBUG - 执行AGV分配局部搜索，当前完工时间: 1941.00
2025-04-08 16:04:17,726 - DEBUG - 局部搜索未能改进当前解
2025-04-08 16:04:17,730 - DEBUG - 执行AGV分配局部搜索，当前完工时间: 2017.00
2025-04-08 16:04:17,734 - DEBUG - 局部搜索未能改进当前解
2025-04-08 16:04:17,737 - DEBUG - 执行AGV分配局部搜索，当前完工时间: 1957.00
2025-04-08 16:04:17,742 - DEBUG - 局部搜索未能改进当前解
2025-04-08 16:04:17,745 - DEBUG - 执行AGV分配局部搜索，当前完工时间: 2019.00
2025-04-08 16:04:17,749 - DEBUG - 局部搜索未能改进当前解
2025-04-08 16:04:17,753 - DEBUG - 执行AGV分配局部搜索，当前完工时间: 2056.00
2025-04-08 16:04:17,756 - DEBUG - 局部搜索未能改进当前解
2025-04-08 16:04:17,760 - DEBUG - 执行AGV分配局部搜索，当前完工时间: 1963.00
2025-04-08 16:04:17,765 - DEBUG - 局部搜索未能改进当前解
2025-04-08 16:04:17,768 - DEBUG - 执行AGV分配局部搜索，当前完工时间: 1960.00
2025-04-08 16:04:17,772 - DEBUG - 局部搜索未能改进当前解
2025-04-08 16:04:17,775 - DEBUG - 执行AGV分配局部搜索，当前完工时间: 2150.00
2025-04-08 16:04:17,779 - DEBUG - 局部搜索未能改进当前解
2025-04-08 16:04:17,783 - DEBUG - 执行AGV分配局部搜索，当前完工时间: 1961.00
2025-04-08 16:04:17,786 - DEBUG - 局部搜索未能改进当前解
2025-04-08 16:04:17,791 - DEBUG - 执行AGV分配局部搜索，当前完工时间: 1942.00
2025-04-08 16:04:17,794 - DEBUG - 局部搜索未能改进当前解
2025-04-08 16:04:17,798 - DEBUG - 执行AGV分配局部搜索，当前完工时间: 2031.00
2025-04-08 16:04:17,802 - DEBUG - 局部搜索未能改进当前解
2025-04-08 16:04:17,806 - DEBUG - 执行AGV分配局部搜索，当前完工时间: 2072.00
2025-04-08 16:04:17,809 - DEBUG - AGV分配局部搜索成功！完工时间从 2072.00 降低到 2070.00，改进: 2.00 (0.10%)
2025-04-08 16:04:17,812 - DEBUG - 执行AGV分配局部搜索，当前完工时间: 2160.00
2025-04-08 16:04:17,816 - DEBUG - 局部搜索未能改进当前解
2025-04-08 16:04:17,820 - DEBUG - 执行AGV分配局部搜索，当前完工时间: 2113.00
2025-04-08 16:04:17,825 - DEBUG - 局部搜索未能改进当前解
2025-04-08 16:04:17,828 - DEBUG - 执行AGV分配局部搜索，当前完工时间: 1974.00
2025-04-08 16:04:17,831 - DEBUG - 局部搜索未能改进当前解
2025-04-08 16:04:17,835 - DEBUG - 执行AGV分配局部搜索，当前完工时间: 1899.00
2025-04-08 16:04:17,838 - DEBUG - 局部搜索未能改进当前解
2025-04-08 16:04:17,843 - DEBUG - 执行AGV分配局部搜索，当前完工时间: 2046.00
2025-04-08 16:04:17,847 - DEBUG - 局部搜索未能改进当前解
2025-04-08 16:04:17,851 - DEBUG - 执行AGV分配局部搜索，当前完工时间: 1960.00
2025-04-08 16:04:17,854 - DEBUG - 局部搜索未能改进当前解
2025-04-08 16:04:17,859 - DEBUG - 执行AGV分配局部搜索，当前完工时间: 1974.00
2025-04-08 16:04:17,862 - DEBUG - 局部搜索未能改进当前解
2025-04-08 16:04:17,865 - DEBUG - 执行AGV分配局部搜索，当前完工时间: 1940.00
2025-04-08 16:04:17,870 - DEBUG - 局部搜索未能改进当前解
2025-04-08 16:04:17,873 - DEBUG - 执行AGV分配局部搜索，当前完工时间: 1953.00
2025-04-08 16:04:17,877 - DEBUG - 局部搜索未能改进当前解
2025-04-08 16:04:17,881 - DEBUG - 执行AGV分配局部搜索，当前完工时间: 2000.00
2025-04-08 16:04:17,885 - DEBUG - 局部搜索未能改进当前解
2025-04-08 16:04:17,888 - DEBUG - 执行AGV分配局部搜索，当前完工时间: 2031.00
2025-04-08 16:04:17,892 - DEBUG - 局部搜索未能改进当前解
2025-04-08 16:04:17,895 - DEBUG - 执行AGV分配局部搜索，当前完工时间: 1959.00
2025-04-08 16:04:17,900 - DEBUG - AGV分配局部搜索成功！完工时间从 1959.00 降低到 1935.00，改进: 24.00 (1.23%)
2025-04-08 16:04:17,903 - DEBUG - 执行AGV分配局部搜索，当前完工时间: 2002.00
2025-04-08 16:04:17,907 - DEBUG - 局部搜索未能改进当前解
2025-04-08 16:04:17,910 - DEBUG - 执行AGV分配局部搜索，当前完工时间: 2027.00
2025-04-08 16:04:17,913 - DEBUG - 局部搜索未能改进当前解
2025-04-08 16:04:17,916 - DEBUG - 执行AGV分配局部搜索，当前完工时间: 2117.00
2025-04-08 16:04:17,920 - DEBUG - 局部搜索未能改进当前解
2025-04-08 16:04:17,924 - DEBUG - 执行AGV分配局部搜索，当前完工时间: 1944.00
2025-04-08 16:04:17,928 - DEBUG - 局部搜索未能改进当前解
2025-04-08 16:04:17,932 - DEBUG - 执行AGV分配局部搜索，当前完工时间: 2018.00
2025-04-08 16:04:17,935 - DEBUG - 局部搜索未能改进当前解
2025-04-08 16:04:17,940 - DEBUG - 执行AGV分配局部搜索，当前完工时间: 1992.00
2025-04-08 16:04:17,943 - DEBUG - 局部搜索未能改进当前解
2025-04-08 16:04:17,947 - DEBUG - 执行AGV分配局部搜索，当前完工时间: 1978.00
2025-04-08 16:04:17,950 - DEBUG - 局部搜索未能改进当前解
2025-04-08 16:04:17,954 - DEBUG - 执行AGV分配局部搜索，当前完工时间: 1958.00
2025-04-08 16:04:17,957 - DEBUG - 局部搜索未能改进当前解
2025-04-08 16:04:17,961 - DEBUG - 执行AGV分配局部搜索，当前完工时间: 2041.00
2025-04-08 16:04:17,964 - DEBUG - 局部搜索未能改进当前解
2025-04-08 16:04:17,968 - DEBUG - 执行AGV分配局部搜索，当前完工时间: 1936.00
2025-04-08 16:04:17,971 - DEBUG - 局部搜索未能改进当前解
2025-04-08 16:04:17,975 - DEBUG - 执行AGV分配局部搜索，当前完工时间: 1992.00
2025-04-08 16:04:17,979 - DEBUG - 局部搜索未能改进当前解
2025-04-08 16:04:17,984 - DEBUG - 执行AGV分配局部搜索，当前完工时间: 2094.00
2025-04-08 16:04:17,987 - DEBUG - 局部搜索未能改进当前解
2025-04-08 16:04:17,991 - DEBUG - 执行AGV分配局部搜索，当前完工时间: 2021.00
2025-04-08 16:04:17,994 - DEBUG - 局部搜索未能改进当前解
2025-04-08 16:04:17,998 - DEBUG - 执行AGV分配局部搜索，当前完工时间: 1982.00
2025-04-08 16:04:18,002 - DEBUG - AGV分配局部搜索成功！完工时间从 1982.00 降低到 1972.00，改进: 10.00 (0.50%)
2025-04-08 16:04:18,006 - DEBUG - 执行AGV分配局部搜索，当前完工时间: 2030.00
2025-04-08 16:04:18,009 - DEBUG - 局部搜索未能改进当前解
2025-04-08 16:04:18,013 - DEBUG - 执行AGV分配局部搜索，当前完工时间: 1962.00
2025-04-08 16:04:18,016 - DEBUG - 局部搜索未能改进当前解
2025-04-08 16:04:18,021 - DEBUG - 执行AGV分配局部搜索，当前完工时间: 2168.00
2025-04-08 16:04:18,024 - DEBUG - 局部搜索未能改进当前解
2025-04-08 16:04:18,029 - DEBUG - 执行AGV分配局部搜索，当前完工时间: 2055.00
2025-04-08 16:04:18,032 - DEBUG - 局部搜索未能改进当前解
2025-04-08 16:04:18,036 - DEBUG - 执行AGV分配局部搜索，当前完工时间: 2070.00
2025-04-08 16:04:18,039 - DEBUG - AGV分配局部搜索成功！完工时间从 2070.00 降低到 2043.00，改进: 27.00 (1.30%)
2025-04-08 16:04:18,045 - DEBUG - 执行AGV分配局部搜索，当前完工时间: 2034.00
2025-04-08 16:04:18,047 - DEBUG - AGV分配局部搜索成功！完工时间从 2034.00 降低到 1984.00，改进: 50.00 (2.46%)
2025-04-08 16:04:18,051 - DEBUG - 执行AGV分配局部搜索，当前完工时间: 2023.00
2025-04-08 16:04:18,055 - DEBUG - 局部搜索未能改进当前解
2025-04-08 16:04:18,059 - DEBUG - 执行AGV分配局部搜索，当前完工时间: 2102.00
2025-04-08 16:04:18,064 - DEBUG - 局部搜索未能改进当前解
2025-04-08 16:04:18,068 - DEBUG - 执行AGV分配局部搜索，当前完工时间: 1906.00
2025-04-08 16:04:18,071 - DEBUG - 局部搜索未能改进当前解
2025-04-08 16:04:18,071 - DEBUG - ==================================================
2025-04-08 16:04:18,071 - DEBUG - Efficiency Statistics of Local Search :
2025-04-08 16:04:18,071 - DEBUG - Number of attempts: 99
2025-04-08 16:04:18,071 - DEBUG - Average Success Rate: 15.15%
2025-04-08 16:04:18,071 - DEBUG - AGV Local Search Success: 15，Average Improvement: 20.80
2025-04-08 16:04:18,075 - DEBUG - 执行AGV分配局部搜索，当前完工时间: 1982.00
2025-04-08 16:04:18,080 - DEBUG - 局部搜索未能改进当前解
2025-04-08 16:04:18,084 - DEBUG - 执行AGV分配局部搜索，当前完工时间: 2032.00
2025-04-08 16:04:18,087 - DEBUG - 局部搜索未能改进当前解
2025-04-08 16:04:18,092 - DEBUG - 执行AGV分配局部搜索，当前完工时间: 1916.00
2025-04-08 16:04:18,096 - DEBUG - 局部搜索未能改进当前解
2025-04-08 16:04:18,100 - DEBUG - 执行AGV分配局部搜索，当前完工时间: 2005.00
2025-04-08 16:04:18,103 - DEBUG - 局部搜索未能改进当前解
2025-04-08 16:04:18,107 - DEBUG - 执行AGV分配局部搜索，当前完工时间: 2111.00
2025-04-08 16:04:18,110 - DEBUG - 局部搜索未能改进当前解
2025-04-08 16:04:18,114 - DEBUG - 执行AGV分配局部搜索，当前完工时间: 1994.00
2025-04-08 16:04:18,118 - DEBUG - 局部搜索未能改进当前解
2025-04-08 16:04:18,122 - DEBUG - 执行AGV分配局部搜索，当前完工时间: 1936.00
2025-04-08 16:04:18,125 - DEBUG - 局部搜索未能改进当前解
2025-04-08 16:04:18,129 - DEBUG - 执行AGV分配局部搜索，当前完工时间: 2120.00
2025-04-08 16:04:18,132 - DEBUG - AGV分配局部搜索成功！完工时间从 2120.00 降低到 2119.00，改进: 1.00 (0.05%)
2025-04-08 16:04:18,136 - DEBUG - 执行AGV分配局部搜索，当前完工时间: 1935.00
2025-04-08 16:04:18,140 - DEBUG - 局部搜索未能改进当前解
2025-04-08 16:04:18,144 - DEBUG - 执行AGV分配局部搜索，当前完工时间: 1999.00
2025-04-08 16:04:18,147 - DEBUG - 局部搜索未能改进当前解
2025-04-08 16:04:18,151 - DEBUG - 执行AGV分配局部搜索，当前完工时间: 1932.00
2025-04-08 16:04:18,156 - DEBUG - 局部搜索未能改进当前解
2025-04-08 16:04:18,160 - DEBUG - 执行AGV分配局部搜索，当前完工时间: 1988.00
2025-04-08 16:04:18,164 - DEBUG - AGV分配局部搜索成功！完工时间从 1988.00 降低到 1976.00，改进: 12.00 (0.60%)
2025-04-08 16:04:18,167 - DEBUG - 执行AGV分配局部搜索，当前完工时间: 1984.00
2025-04-08 16:04:18,170 - DEBUG - 局部搜索未能改进当前解
2025-04-08 16:04:18,175 - DEBUG - 执行AGV分配局部搜索，当前完工时间: 1962.00
2025-04-08 16:04:18,178 - DEBUG - 局部搜索未能改进当前解
2025-04-08 16:04:18,182 - DEBUG - 执行AGV分配局部搜索，当前完工时间: 1973.00
2025-04-08 16:04:18,185 - DEBUG - 局部搜索未能改进当前解
2025-04-08 16:04:18,189 - DEBUG - 执行AGV分配局部搜索，当前完工时间: 1942.00
2025-04-08 16:04:18,193 - DEBUG - AGV分配局部搜索成功！完工时间从 1942.00 降低到 1924.00，改进: 18.00 (0.93%)
2025-04-08 16:04:18,196 - DEBUG - 执行AGV分配局部搜索，当前完工时间: 2000.00
2025-04-08 16:04:18,199 - DEBUG - 局部搜索未能改进当前解
2025-04-08 16:04:18,203 - DEBUG - 执行AGV分配局部搜索，当前完工时间: 2172.00
2025-04-08 16:04:18,208 - DEBUG - 局部搜索未能改进当前解
2025-04-08 16:04:18,211 - DEBUG - 执行AGV分配局部搜索，当前完工时间: 2279.00
2025-04-08 16:04:18,215 - DEBUG - 局部搜索未能改进当前解
2025-04-08 16:04:18,218 - DEBUG - 执行AGV分配局部搜索，当前完工时间: 2096.00
2025-04-08 16:04:18,222 - DEBUG - AGV分配局部搜索成功！完工时间从 2096.00 降低到 2077.00，改进: 19.00 (0.91%)
2025-04-08 16:04:18,226 - DEBUG - 执行AGV分配局部搜索，当前完工时间: 2000.00
2025-04-08 16:04:18,230 - DEBUG - 局部搜索未能改进当前解
2025-04-08 16:04:18,234 - DEBUG - 执行AGV分配局部搜索，当前完工时间: 2139.00
2025-04-08 16:04:18,237 - DEBUG - 局部搜索未能改进当前解
2025-04-08 16:04:18,241 - DEBUG - 执行AGV分配局部搜索，当前完工时间: 1942.00
2025-04-08 16:04:18,244 - DEBUG - 局部搜索未能改进当前解
2025-04-08 16:04:18,248 - DEBUG - 执行AGV分配局部搜索，当前完工时间: 2059.00
2025-04-08 16:04:18,252 - DEBUG - 局部搜索未能改进当前解
2025-04-08 16:04:18,256 - DEBUG - 执行AGV分配局部搜索，当前完工时间: 2085.00
2025-04-08 16:04:18,259 - DEBUG - 局部搜索未能改进当前解
2025-04-08 16:04:18,264 - DEBUG - 执行AGV分配局部搜索，当前完工时间: 2004.00
2025-04-08 16:04:18,266 - DEBUG - 局部搜索未能改进当前解
2025-04-08 16:04:18,271 - DEBUG - 执行AGV分配局部搜索，当前完工时间: 2020.00
2025-04-08 16:04:18,274 - DEBUG - 局部搜索未能改进当前解
2025-04-08 16:04:18,279 - DEBUG - 执行AGV分配局部搜索，当前完工时间: 1986.00
2025-04-08 16:04:18,283 - DEBUG - 局部搜索未能改进当前解
2025-04-08 16:04:18,287 - DEBUG - 执行AGV分配局部搜索，当前完工时间: 1993.00
2025-04-08 16:04:18,291 - DEBUG - 局部搜索未能改进当前解
2025-04-08 16:04:18,294 - DEBUG - 执行AGV分配局部搜索，当前完工时间: 1962.00
2025-04-08 16:04:18,297 - DEBUG - AGV分配局部搜索成功！完工时间从 1962.00 降低到 1958.00，改进: 4.00 (0.20%)
2025-04-08 16:04:18,302 - DEBUG - 执行AGV分配局部搜索，当前完工时间: 1973.00
2025-04-08 16:04:18,305 - DEBUG - 局部搜索未能改进当前解
2025-04-08 16:04:18,310 - DEBUG - 执行AGV分配局部搜索，当前完工时间: 2124.00
2025-04-08 16:04:18,313 - DEBUG - 局部搜索未能改进当前解
2025-04-08 16:04:18,316 - DEBUG - 执行AGV分配局部搜索，当前完工时间: 2005.00
2025-04-08 16:04:18,320 - DEBUG - 局部搜索未能改进当前解
2025-04-08 16:04:18,324 - DEBUG - 执行AGV分配局部搜索，当前完工时间: 1929.00
2025-04-08 16:04:18,328 - DEBUG - 局部搜索未能改进当前解
2025-04-08 16:04:18,331 - DEBUG - 执行AGV分配局部搜索，当前完工时间: 1960.00
2025-04-08 16:04:18,335 - DEBUG - 局部搜索未能改进当前解
2025-04-08 16:04:18,339 - DEBUG - 执行AGV分配局部搜索，当前完工时间: 2074.00
2025-04-08 16:04:18,343 - DEBUG - 局部搜索未能改进当前解
2025-04-08 16:04:18,347 - DEBUG - 执行AGV分配局部搜索，当前完工时间: 1906.00
2025-04-08 16:04:18,351 - DEBUG - 局部搜索未能改进当前解
2025-04-08 16:04:18,355 - DEBUG - 执行AGV分配局部搜索，当前完工时间: 1989.00
2025-04-08 16:04:18,358 - DEBUG - AGV分配局部搜索成功！完工时间从 1989.00 降低到 1977.00，改进: 12.00 (0.60%)
2025-04-08 16:04:18,362 - DEBUG - 执行AGV分配局部搜索，当前完工时间: 2005.00
2025-04-08 16:04:18,366 - DEBUG - 局部搜索未能改进当前解
2025-04-08 16:04:18,369 - DEBUG - 执行AGV分配局部搜索，当前完工时间: 1991.00
2025-04-08 16:04:18,372 - DEBUG - 局部搜索未能改进当前解
2025-04-08 16:04:18,377 - DEBUG - 执行AGV分配局部搜索，当前完工时间: 1942.00
2025-04-08 16:04:18,381 - DEBUG - 局部搜索未能改进当前解
2025-04-08 16:04:18,384 - DEBUG - 执行AGV分配局部搜索，当前完工时间: 1994.00
2025-04-08 16:04:18,388 - DEBUG - 局部搜索未能改进当前解
2025-04-08 16:04:18,391 - DEBUG - 执行AGV分配局部搜索，当前完工时间: 1944.00
2025-04-08 16:04:18,395 - DEBUG - 局部搜索未能改进当前解
2025-04-08 16:04:18,399 - DEBUG - 执行AGV分配局部搜索，当前完工时间: 2029.00
2025-04-08 16:04:18,402 - DEBUG - 局部搜索未能改进当前解
2025-04-08 16:04:18,406 - DEBUG - 执行AGV分配局部搜索，当前完工时间: 1978.00
2025-04-08 16:04:18,411 - DEBUG - 局部搜索未能改进当前解
2025-04-08 16:04:18,414 - DEBUG - 执行AGV分配局部搜索，当前完工时间: 1961.00
2025-04-08 16:04:18,417 - DEBUG - 局部搜索未能改进当前解
2025-04-08 16:04:18,421 - DEBUG - 执行AGV分配局部搜索，当前完工时间: 1989.00
2025-04-08 16:04:18,424 - DEBUG - AGV分配局部搜索成功！完工时间从 1989.00 降低到 1970.00，改进: 19.00 (0.96%)
2025-04-08 16:04:18,428 - DEBUG - 执行AGV分配局部搜索，当前完工时间: 1969.00
2025-04-08 16:04:18,433 - DEBUG - 局部搜索未能改进当前解
2025-04-08 16:04:18,436 - DEBUG - 执行AGV分配局部搜索，当前完工时间: 2065.00
2025-04-08 16:04:18,440 - DEBUG - 局部搜索未能改进当前解
2025-04-08 16:04:18,443 - DEBUG - 执行AGV分配局部搜索，当前完工时间: 2118.00
2025-04-08 16:04:18,447 - DEBUG - 局部搜索未能改进当前解
2025-04-08 16:04:18,451 - DEBUG - 执行AGV分配局部搜索，当前完工时间: 1975.00
2025-04-08 16:04:18,454 - DEBUG - 局部搜索未能改进当前解
2025-04-08 16:04:18,459 - DEBUG - 执行AGV分配局部搜索，当前完工时间: 1925.00
2025-04-08 16:04:18,462 - DEBUG - 局部搜索未能改进当前解
2025-04-08 16:04:18,466 - DEBUG - 执行AGV分配局部搜索，当前完工时间: 2017.00
2025-04-08 16:04:18,470 - DEBUG - 局部搜索未能改进当前解
2025-04-08 16:04:18,473 - DEBUG - 执行AGV分配局部搜索，当前完工时间: 2164.00
2025-04-08 16:04:18,477 - DEBUG - 局部搜索未能改进当前解
2025-04-08 16:04:18,481 - DEBUG - 执行AGV分配局部搜索，当前完工时间: 1907.00
2025-04-08 16:04:18,485 - DEBUG - 局部搜索未能改进当前解
2025-04-08 16:04:18,488 - DEBUG - 执行AGV分配局部搜索，当前完工时间: 1952.00
2025-04-08 16:04:18,492 - DEBUG - 局部搜索未能改进当前解
2025-04-08 16:04:18,495 - DEBUG - 执行AGV分配局部搜索，当前完工时间: 1876.00
2025-04-08 16:04:18,499 - DEBUG - 局部搜索未能改进当前解
2025-04-08 16:04:18,503 - DEBUG - 执行AGV分配局部搜索，当前完工时间: 2043.00
2025-04-08 16:04:18,506 - DEBUG - 局部搜索未能改进当前解
2025-04-08 16:04:18,511 - DEBUG - 执行AGV分配局部搜索，当前完工时间: 2016.00
2025-04-08 16:04:18,514 - DEBUG - 局部搜索未能改进当前解
2025-04-08 16:04:18,518 - DEBUG - 执行AGV分配局部搜索，当前完工时间: 1943.00
2025-04-08 16:04:18,522 - DEBUG - 局部搜索未能改进当前解
2025-04-08 16:04:18,525 - DEBUG - 执行AGV分配局部搜索，当前完工时间: 2038.00
2025-04-08 16:04:18,529 - DEBUG - 局部搜索未能改进当前解
2025-04-08 16:04:18,533 - DEBUG - 执行AGV分配局部搜索，当前完工时间: 2026.00
2025-04-08 16:04:18,537 - DEBUG - 局部搜索未能改进当前解
2025-04-08 16:04:18,541 - DEBUG - 执行AGV分配局部搜索，当前完工时间: 1982.00
2025-04-08 16:04:18,545 - DEBUG - 局部搜索未能改进当前解
2025-04-08 16:04:18,548 - DEBUG - 执行AGV分配局部搜索，当前完工时间: 1941.00
2025-04-08 16:04:18,552 - DEBUG - 局部搜索未能改进当前解
2025-04-08 16:04:18,556 - DEBUG - 执行AGV分配局部搜索，当前完工时间: 2033.00
2025-04-08 16:04:18,560 - DEBUG - 局部搜索未能改进当前解
2025-04-08 16:04:18,564 - DEBUG - 执行AGV分配局部搜索，当前完工时间: 2000.00
2025-04-08 16:04:18,566 - DEBUG - 局部搜索未能改进当前解
2025-04-08 16:04:18,571 - DEBUG - 执行AGV分配局部搜索，当前完工时间: 1952.00
2025-04-08 16:04:18,575 - DEBUG - 局部搜索未能改进当前解
2025-04-08 16:04:18,579 - DEBUG - 执行AGV分配局部搜索，当前完工时间: 1946.00
2025-04-08 16:04:18,582 - DEBUG - 局部搜索未能改进当前解
2025-04-08 16:04:18,586 - DEBUG - 执行AGV分配局部搜索，当前完工时间: 2057.00
2025-04-08 16:04:18,590 - DEBUG - AGV分配局部搜索成功！完工时间从 2057.00 降低到 2043.00，改进: 14.00 (0.68%)
2025-04-08 16:04:18,594 - DEBUG - 执行AGV分配局部搜索，当前完工时间: 2089.00
2025-04-08 16:04:18,597 - DEBUG - 局部搜索未能改进当前解
2025-04-08 16:04:18,601 - DEBUG - 执行AGV分配局部搜索，当前完工时间: 2080.00
2025-04-08 16:04:18,605 - DEBUG - 局部搜索未能改进当前解
2025-04-08 16:04:18,608 - DEBUG - 执行AGV分配局部搜索，当前完工时间: 2041.00
2025-04-08 16:04:18,613 - DEBUG - 局部搜索未能改进当前解
2025-04-08 16:04:18,616 - DEBUG - 执行AGV分配局部搜索，当前完工时间: 1965.00
2025-04-08 16:04:18,620 - DEBUG - 局部搜索未能改进当前解
2025-04-08 16:04:18,624 - DEBUG - 执行AGV分配局部搜索，当前完工时间: 1982.00
2025-04-08 16:04:18,628 - DEBUG - 局部搜索未能改进当前解
2025-04-08 16:04:18,631 - DEBUG - 执行AGV分配局部搜索，当前完工时间: 2029.00
2025-04-08 16:04:18,635 - DEBUG - AGV分配局部搜索成功！完工时间从 2029.00 降低到 1986.00，改进: 43.00 (2.12%)
2025-04-08 16:04:18,640 - DEBUG - 执行AGV分配局部搜索，当前完工时间: 2007.00
2025-04-08 16:04:18,643 - DEBUG - 局部搜索未能改进当前解
2025-04-08 16:04:18,647 - DEBUG - 执行AGV分配局部搜索，当前完工时间: 2033.00
2025-04-08 16:04:18,651 - DEBUG - 局部搜索未能改进当前解
2025-04-08 16:04:18,655 - DEBUG - 执行AGV分配局部搜索，当前完工时间: 2101.00
2025-04-08 16:04:18,658 - DEBUG - 局部搜索未能改进当前解
2025-04-08 16:04:18,662 - DEBUG - 执行AGV分配局部搜索，当前完工时间: 1962.00
2025-04-08 16:04:18,666 - DEBUG - 局部搜索未能改进当前解
2025-04-08 16:04:18,669 - DEBUG - 执行AGV分配局部搜索，当前完工时间: 1965.00
2025-04-08 16:04:18,673 - DEBUG - 局部搜索未能改进当前解
2025-04-08 16:04:18,677 - DEBUG - 执行AGV分配局部搜索，当前完工时间: 1974.00
2025-04-08 16:04:18,680 - DEBUG - 局部搜索未能改进当前解
2025-04-08 16:04:18,684 - DEBUG - 执行AGV分配局部搜索，当前完工时间: 2018.00
2025-04-08 16:04:18,688 - DEBUG - 局部搜索未能改进当前解
2025-04-08 16:04:18,692 - DEBUG - 执行AGV分配局部搜索，当前完工时间: 2059.00
2025-04-08 16:04:18,695 - DEBUG - 局部搜索未能改进当前解
2025-04-08 16:04:18,699 - DEBUG - 执行AGV分配局部搜索，当前完工时间: 1905.00
2025-04-08 16:04:18,702 - DEBUG - 局部搜索未能改进当前解
2025-04-08 16:04:18,706 - DEBUG - 执行AGV分配局部搜索，当前完工时间: 1993.00
2025-04-08 16:04:18,710 - DEBUG - 局部搜索未能改进当前解
2025-04-08 16:04:18,714 - DEBUG - 执行AGV分配局部搜索，当前完工时间: 2024.00
2025-04-08 16:04:18,718 - DEBUG - 局部搜索未能改进当前解
2025-04-08 16:04:18,721 - DEBUG - 执行AGV分配局部搜索，当前完工时间: 2066.00
2025-04-08 16:04:18,724 - DEBUG - 局部搜索未能改进当前解
2025-04-08 16:04:18,729 - DEBUG - 执行AGV分配局部搜索，当前完工时间: 1966.00
2025-04-08 16:04:18,732 - DEBUG - AGV分配局部搜索成功！完工时间从 1966.00 降低到 1959.00，改进: 7.00 (0.36%)
2025-04-08 16:04:18,737 - DEBUG - 执行AGV分配局部搜索，当前完工时间: 1942.00
2025-04-08 16:04:18,740 - DEBUG - 局部搜索未能改进当前解
2025-04-08 16:04:18,743 - DEBUG - 执行AGV分配局部搜索，当前完工时间: 2069.00
2025-04-08 16:04:18,748 - DEBUG - AGV分配局部搜索成功！完工时间从 2069.00 降低到 2041.00，改进: 28.00 (1.35%)
2025-04-08 16:04:18,751 - DEBUG - 执行AGV分配局部搜索，当前完工时间: 1966.00
2025-04-08 16:04:18,754 - DEBUG - 局部搜索未能改进当前解
2025-04-08 16:04:18,758 - DEBUG - 执行AGV分配局部搜索，当前完工时间: 1961.00
2025-04-08 16:04:18,762 - DEBUG - 局部搜索未能改进当前解
2025-04-08 16:04:18,765 - DEBUG - 执行AGV分配局部搜索，当前完工时间: 2076.00
2025-04-08 16:04:18,769 - DEBUG - 局部搜索未能改进当前解
2025-04-08 16:04:18,772 - DEBUG - 执行AGV分配局部搜索，当前完工时间: 1948.00
2025-04-08 16:04:18,776 - DEBUG - 局部搜索未能改进当前解
2025-04-08 16:04:18,780 - DEBUG - 执行AGV分配局部搜索，当前完工时间: 1948.00
2025-04-08 16:04:18,784 - DEBUG - 局部搜索未能改进当前解
2025-04-08 16:04:18,787 - DEBUG - 执行AGV分配局部搜索，当前完工时间: 1998.00
2025-04-08 16:04:18,791 - DEBUG - 局部搜索未能改进当前解
2025-04-08 16:04:18,795 - DEBUG - 执行AGV分配局部搜索，当前完工时间: 2124.00
2025-04-08 16:04:18,799 - DEBUG - 局部搜索未能改进当前解
2025-04-08 16:04:18,802 - DEBUG - 执行AGV分配局部搜索，当前完工时间: 1969.00
2025-04-08 16:04:18,805 - DEBUG - AGV分配局部搜索成功！完工时间从 1969.00 降低到 1958.00，改进: 11.00 (0.56%)
2025-04-08 16:04:18,810 - DEBUG - 执行AGV分配局部搜索，当前完工时间: 1914.00
2025-04-08 16:04:18,813 - DEBUG - 局部搜索未能改进当前解
2025-04-08 16:04:18,813 - DEBUG - ==================================================
2025-04-08 16:04:18,813 - DEBUG - Efficiency Statistics of Local Search :
2025-04-08 16:04:18,813 - DEBUG - Number of attempts: 99
2025-04-08 16:04:18,813 - DEBUG - Average Success Rate: 12.12%
2025-04-08 16:04:18,813 - DEBUG - AGV Local Search Success: 12，Average Improvement: 15.67
2025-04-08 16:04:18,816 - DEBUG - 执行AGV分配局部搜索，当前完工时间: 1966.00
2025-04-08 16:04:18,821 - DEBUG - 局部搜索未能改进当前解
2025-04-08 16:04:18,825 - DEBUG - 执行AGV分配局部搜索，当前完工时间: 1982.00
2025-04-08 16:04:18,828 - DEBUG - 局部搜索未能改进当前解
2025-04-08 16:04:18,833 - DEBUG - 执行AGV分配局部搜索，当前完工时间: 2127.00
2025-04-08 16:04:18,836 - DEBUG - 局部搜索未能改进当前解
2025-04-08 16:04:18,840 - DEBUG - 执行AGV分配局部搜索，当前完工时间: 1937.00
2025-04-08 16:04:18,844 - DEBUG - AGV分配局部搜索成功！完工时间从 1937.00 降低到 1894.00，改进: 43.00 (2.22%)
2025-04-08 16:04:18,847 - DEBUG - 执行AGV分配局部搜索，当前完工时间: 1990.00
2025-04-08 16:04:18,851 - DEBUG - 局部搜索未能改进当前解
2025-04-08 16:04:18,855 - DEBUG - 执行AGV分配局部搜索，当前完工时间: 1945.00
2025-04-08 16:04:18,858 - DEBUG - 局部搜索未能改进当前解
2025-04-08 16:04:18,862 - DEBUG - 执行AGV分配局部搜索，当前完工时间: 2167.00
2025-04-08 16:04:18,866 - DEBUG - 局部搜索未能改进当前解
2025-04-08 16:04:18,870 - DEBUG - 执行AGV分配局部搜索，当前完工时间: 1961.00
2025-04-08 16:04:18,874 - DEBUG - 局部搜索未能改进当前解
2025-04-08 16:04:18,877 - DEBUG - 执行AGV分配局部搜索，当前完工时间: 1988.00
2025-04-08 16:04:18,880 - DEBUG - AGV分配局部搜索成功！完工时间从 1988.00 降低到 1980.00，改进: 8.00 (0.40%)
2025-04-08 16:04:18,884 - DEBUG - 执行AGV分配局部搜索，当前完工时间: 2020.00
2025-04-08 16:04:18,888 - DEBUG - 局部搜索未能改进当前解
2025-04-08 16:04:18,891 - DEBUG - 执行AGV分配局部搜索，当前完工时间: 1982.00
2025-04-08 16:04:18,895 - DEBUG - 局部搜索未能改进当前解
2025-04-08 16:04:18,897 - DEBUG - 执行AGV分配局部搜索，当前完工时间: 2025.00
2025-04-08 16:04:18,901 - DEBUG - 局部搜索未能改进当前解
2025-04-08 16:04:18,905 - DEBUG - 执行AGV分配局部搜索，当前完工时间: 1973.00
2025-04-08 16:04:18,909 - DEBUG - AGV分配局部搜索成功！完工时间从 1973.00 降低到 1964.00，改进: 9.00 (0.46%)
2025-04-08 16:04:18,913 - DEBUG - 执行AGV分配局部搜索，当前完工时间: 2028.00
2025-04-08 16:04:18,916 - DEBUG - 局部搜索未能改进当前解
2025-04-08 16:04:18,920 - DEBUG - 执行AGV分配局部搜索，当前完工时间: 1969.00
2025-04-08 16:04:18,924 - DEBUG - 局部搜索未能改进当前解
2025-04-08 16:04:18,927 - DEBUG - 执行AGV分配局部搜索，当前完工时间: 2070.00
2025-04-08 16:04:18,932 - DEBUG - 局部搜索未能改进当前解
2025-04-08 16:04:18,935 - DEBUG - 执行AGV分配局部搜索，当前完工时间: 1916.00
2025-04-08 16:04:18,939 - DEBUG - 局部搜索未能改进当前解
2025-04-08 16:04:18,942 - DEBUG - 执行AGV分配局部搜索，当前完工时间: 1903.00
2025-04-08 16:04:18,945 - DEBUG - 局部搜索未能改进当前解
2025-04-08 16:04:18,950 - DEBUG - 执行AGV分配局部搜索，当前完工时间: 2150.00
2025-04-08 16:04:18,954 - DEBUG - 局部搜索未能改进当前解
2025-04-08 16:04:18,957 - DEBUG - 执行AGV分配局部搜索，当前完工时间: 1931.00
2025-04-08 16:04:18,960 - DEBUG - 局部搜索未能改进当前解
2025-04-08 16:04:18,964 - DEBUG - 执行AGV分配局部搜索，当前完工时间: 1948.00
2025-04-08 16:04:18,968 - DEBUG - 局部搜索未能改进当前解
2025-04-08 16:04:18,972 - DEBUG - 执行AGV分配局部搜索，当前完工时间: 1948.00
2025-04-08 16:04:18,976 - DEBUG - 局部搜索未能改进当前解
2025-04-08 16:04:18,979 - DEBUG - 执行AGV分配局部搜索，当前完工时间: 1962.00
2025-04-08 16:04:18,983 - DEBUG - AGV分配局部搜索成功！完工时间从 1962.00 降低到 1943.00，改进: 19.00 (0.97%)
2025-04-08 16:04:18,986 - DEBUG - 执行AGV分配局部搜索，当前完工时间: 2001.00
2025-04-08 16:04:18,990 - DEBUG - 局部搜索未能改进当前解
2025-04-08 16:04:18,995 - DEBUG - 执行AGV分配局部搜索，当前完工时间: 2034.00
2025-04-08 16:04:18,998 - DEBUG - 局部搜索未能改进当前解
2025-04-08 16:04:19,003 - DEBUG - 执行AGV分配局部搜索，当前完工时间: 1983.00
2025-04-08 16:04:19,007 - DEBUG - 局部搜索未能改进当前解
2025-04-08 16:04:19,010 - DEBUG - 执行AGV分配局部搜索，当前完工时间: 1992.00
2025-04-08 16:04:19,014 - DEBUG - 局部搜索未能改进当前解
2025-04-08 16:04:19,018 - DEBUG - 执行AGV分配局部搜索，当前完工时间: 2029.00
2025-04-08 16:04:19,021 - DEBUG - 局部搜索未能改进当前解
2025-04-08 16:04:19,025 - DEBUG - 执行AGV分配局部搜索，当前完工时间: 1960.00
2025-04-08 16:04:19,030 - DEBUG - 局部搜索未能改进当前解
2025-04-08 16:04:19,034 - DEBUG - 执行AGV分配局部搜索，当前完工时间: 1937.00
2025-04-08 16:04:19,037 - DEBUG - 局部搜索未能改进当前解
2025-04-08 16:04:19,041 - DEBUG - 执行AGV分配局部搜索，当前完工时间: 2003.00
2025-04-08 16:04:19,045 - DEBUG - AGV分配局部搜索成功！完工时间从 2003.00 降低到 1992.00，改进: 11.00 (0.55%)
2025-04-08 16:04:19,047 - DEBUG - 执行AGV分配局部搜索，当前完工时间: 1963.00
2025-04-08 16:04:19,052 - DEBUG - AGV分配局部搜索成功！完工时间从 1963.00 降低到 1955.00，改进: 8.00 (0.41%)
2025-04-08 16:04:19,055 - DEBUG - 执行AGV分配局部搜索，当前完工时间: 2023.00
2025-04-08 16:04:19,059 - DEBUG - AGV分配局部搜索成功！完工时间从 2023.00 降低到 2002.00，改进: 21.00 (1.04%)
2025-04-08 16:04:19,062 - DEBUG - 执行AGV分配局部搜索，当前完工时间: 2086.00
2025-04-08 16:04:19,066 - DEBUG - 局部搜索未能改进当前解
2025-04-08 16:04:19,071 - DEBUG - 执行AGV分配局部搜索，当前完工时间: 2051.00
2025-04-08 16:04:19,075 - DEBUG - 局部搜索未能改进当前解
2025-04-08 16:04:19,080 - DEBUG - 执行AGV分配局部搜索，当前完工时间: 2079.00
2025-04-08 16:04:19,084 - DEBUG - 局部搜索未能改进当前解
2025-04-08 16:04:19,088 - DEBUG - 执行AGV分配局部搜索，当前完工时间: 1943.00
2025-04-08 16:04:19,091 - DEBUG - 局部搜索未能改进当前解
2025-04-08 16:04:19,095 - DEBUG - 执行AGV分配局部搜索，当前完工时间: 2019.00
2025-04-08 16:04:19,099 - DEBUG - 局部搜索未能改进当前解
2025-04-08 16:04:19,103 - DEBUG - 执行AGV分配局部搜索，当前完工时间: 2059.00
2025-04-08 16:04:19,106 - DEBUG - 局部搜索未能改进当前解
2025-04-08 16:04:19,111 - DEBUG - 执行AGV分配局部搜索，当前完工时间: 1999.00
2025-04-08 16:04:19,114 - DEBUG - 局部搜索未能改进当前解
2025-04-08 16:04:19,118 - DEBUG - 执行AGV分配局部搜索，当前完工时间: 1969.00
2025-04-08 16:04:19,121 - DEBUG - AGV分配局部搜索成功！完工时间从 1969.00 降低到 1917.00，改进: 52.00 (2.64%)
2025-04-08 16:04:19,126 - DEBUG - 执行AGV分配局部搜索，当前完工时间: 1965.00
2025-04-08 16:04:19,129 - DEBUG - 局部搜索未能改进当前解
2025-04-08 16:04:19,133 - DEBUG - 执行AGV分配局部搜索，当前完工时间: 1998.00
2025-04-08 16:04:19,137 - DEBUG - AGV分配局部搜索成功！完工时间从 1998.00 降低到 1997.00，改进: 1.00 (0.05%)
2025-04-08 16:04:19,141 - DEBUG - 执行AGV分配局部搜索，当前完工时间: 1917.00
2025-04-08 16:04:19,145 - DEBUG - 局部搜索未能改进当前解
2025-04-08 16:04:19,149 - DEBUG - 执行AGV分配局部搜索，当前完工时间: 1948.00
2025-04-08 16:04:19,154 - DEBUG - 局部搜索未能改进当前解
2025-04-08 16:04:19,157 - DEBUG - 执行AGV分配局部搜索，当前完工时间: 1971.00
2025-04-08 16:04:19,162 - DEBUG - 局部搜索未能改进当前解
2025-04-08 16:04:19,165 - DEBUG - 执行AGV分配局部搜索，当前完工时间: 1989.00
2025-04-08 16:04:19,169 - DEBUG - 局部搜索未能改进当前解
2025-04-08 16:04:19,173 - DEBUG - 执行AGV分配局部搜索，当前完工时间: 1924.00
2025-04-08 16:04:19,176 - DEBUG - 局部搜索未能改进当前解
2025-04-08 16:04:19,181 - DEBUG - 执行AGV分配局部搜索，当前完工时间: 2043.00
2025-04-08 16:04:19,186 - DEBUG - 局部搜索未能改进当前解
2025-04-08 16:04:19,190 - DEBUG - 执行AGV分配局部搜索，当前完工时间: 1991.00
2025-04-08 16:04:19,194 - DEBUG - 局部搜索未能改进当前解
2025-04-08 16:04:19,198 - DEBUG - 执行AGV分配局部搜索，当前完工时间: 1932.00
2025-04-08 16:04:19,202 - DEBUG - AGV分配局部搜索成功！完工时间从 1932.00 降低到 1924.00，改进: 8.00 (0.41%)
2025-04-08 16:04:19,206 - DEBUG - 执行AGV分配局部搜索，当前完工时间: 1986.00
2025-04-08 16:04:19,209 - DEBUG - 局部搜索未能改进当前解
2025-04-08 16:04:19,213 - DEBUG - 执行AGV分配局部搜索，当前完工时间: 1900.00
2025-04-08 16:04:19,216 - DEBUG - 局部搜索未能改进当前解
2025-04-08 16:04:19,221 - DEBUG - 执行AGV分配局部搜索，当前完工时间: 1960.00
2025-04-08 16:04:19,225 - DEBUG - 局部搜索未能改进当前解
2025-04-08 16:04:19,229 - DEBUG - 执行AGV分配局部搜索，当前完工时间: 1945.00
2025-04-08 16:04:19,232 - DEBUG - 局部搜索未能改进当前解
2025-04-08 16:04:19,236 - DEBUG - 执行AGV分配局部搜索，当前完工时间: 1990.00
2025-04-08 16:04:19,240 - DEBUG - 局部搜索未能改进当前解
2025-04-08 16:04:19,245 - DEBUG - 执行AGV分配局部搜索，当前完工时间: 2009.00
2025-04-08 16:04:19,247 - DEBUG - 局部搜索未能改进当前解
2025-04-08 16:04:19,252 - DEBUG - 执行AGV分配局部搜索，当前完工时间: 2009.00
2025-04-08 16:04:19,255 - DEBUG - 局部搜索未能改进当前解
2025-04-08 16:04:19,260 - DEBUG - 执行AGV分配局部搜索，当前完工时间: 2046.00
2025-04-08 16:04:19,264 - DEBUG - 局部搜索未能改进当前解
2025-04-08 16:04:19,268 - DEBUG - 执行AGV分配局部搜索，当前完工时间: 2092.00
2025-04-08 16:04:19,272 - DEBUG - 局部搜索未能改进当前解
2025-04-08 16:04:19,276 - DEBUG - 执行AGV分配局部搜索，当前完工时间: 1897.00
2025-04-08 16:04:19,280 - DEBUG - 局部搜索未能改进当前解
2025-04-08 16:04:19,284 - DEBUG - 执行AGV分配局部搜索，当前完工时间: 1981.00
2025-04-08 16:04:19,288 - DEBUG - 局部搜索未能改进当前解
2025-04-08 16:04:19,293 - DEBUG - 执行AGV分配局部搜索，当前完工时间: 2007.00
2025-04-08 16:04:19,297 - DEBUG - 局部搜索未能改进当前解
2025-04-08 16:04:19,301 - DEBUG - 执行AGV分配局部搜索，当前完工时间: 1961.00
2025-04-08 16:04:19,304 - DEBUG - 局部搜索未能改进当前解
2025-04-08 16:04:19,309 - DEBUG - 执行AGV分配局部搜索，当前完工时间: 1966.00
2025-04-08 16:04:19,313 - DEBUG - 局部搜索未能改进当前解
2025-04-08 16:04:19,316 - DEBUG - 执行AGV分配局部搜索，当前完工时间: 2068.00
2025-04-08 16:04:19,320 - DEBUG - 局部搜索未能改进当前解
2025-04-08 16:04:19,324 - DEBUG - 执行AGV分配局部搜索，当前完工时间: 2070.00
2025-04-08 16:04:19,329 - DEBUG - 局部搜索未能改进当前解
2025-04-08 16:04:19,332 - DEBUG - 执行AGV分配局部搜索，当前完工时间: 1978.00
2025-04-08 16:04:19,336 - DEBUG - 局部搜索未能改进当前解
2025-04-08 16:04:19,339 - DEBUG - 执行AGV分配局部搜索，当前完工时间: 2005.00
2025-04-08 16:04:19,343 - DEBUG - 局部搜索未能改进当前解
2025-04-08 16:04:19,346 - DEBUG - 执行AGV分配局部搜索，当前完工时间: 1965.00
2025-04-08 16:04:19,351 - DEBUG - 局部搜索未能改进当前解
2025-04-08 16:04:19,354 - DEBUG - 执行AGV分配局部搜索，当前完工时间: 1933.00
2025-04-08 16:04:19,359 - DEBUG - 局部搜索未能改进当前解
2025-04-08 16:04:19,362 - DEBUG - 执行AGV分配局部搜索，当前完工时间: 2000.00
2025-04-08 16:04:19,366 - DEBUG - 局部搜索未能改进当前解
2025-04-08 16:04:19,370 - DEBUG - 执行AGV分配局部搜索，当前完工时间: 1990.00
2025-04-08 16:04:19,374 - DEBUG - 局部搜索未能改进当前解
2025-04-08 16:04:19,378 - DEBUG - 执行AGV分配局部搜索，当前完工时间: 1916.00
2025-04-08 16:04:19,381 - DEBUG - 局部搜索未能改进当前解
2025-04-08 16:04:19,384 - DEBUG - 执行AGV分配局部搜索，当前完工时间: 2067.00
2025-04-08 16:04:19,388 - DEBUG - 局部搜索未能改进当前解
2025-04-08 16:04:19,392 - DEBUG - 执行AGV分配局部搜索，当前完工时间: 2074.00
2025-04-08 16:04:19,396 - DEBUG - 局部搜索未能改进当前解
2025-04-08 16:04:19,400 - DEBUG - 执行AGV分配局部搜索，当前完工时间: 1891.00
2025-04-08 16:04:19,403 - DEBUG - 局部搜索未能改进当前解
2025-04-08 16:04:19,407 - DEBUG - 执行AGV分配局部搜索，当前完工时间: 2044.00
2025-04-08 16:04:19,410 - DEBUG - 局部搜索未能改进当前解
2025-04-08 16:04:19,414 - DEBUG - 执行AGV分配局部搜索，当前完工时间: 2018.00
2025-04-08 16:04:19,419 - DEBUG - AGV分配局部搜索成功！完工时间从 2018.00 降低到 2012.00，改进: 6.00 (0.30%)
2025-04-08 16:04:19,422 - DEBUG - 执行AGV分配局部搜索，当前完工时间: 1944.00
2025-04-08 16:04:19,426 - DEBUG - 局部搜索未能改进当前解
2025-04-08 16:04:19,429 - DEBUG - 执行AGV分配局部搜索，当前完工时间: 1966.00
2025-04-08 16:04:19,433 - DEBUG - 局部搜索未能改进当前解
2025-04-08 16:04:19,437 - DEBUG - 执行AGV分配局部搜索，当前完工时间: 1995.00
2025-04-08 16:04:19,441 - DEBUG - 局部搜索未能改进当前解
2025-04-08 16:04:19,445 - DEBUG - 执行AGV分配局部搜索，当前完工时间: 1889.00
2025-04-08 16:04:19,448 - DEBUG - 局部搜索未能改进当前解
2025-04-08 16:04:19,451 - DEBUG - 执行AGV分配局部搜索，当前完工时间: 1942.00
2025-04-08 16:04:19,455 - DEBUG - 局部搜索未能改进当前解
2025-04-08 16:04:19,458 - DEBUG - 执行AGV分配局部搜索，当前完工时间: 1934.00
2025-04-08 16:04:19,462 - DEBUG - 局部搜索未能改进当前解
2025-04-08 16:04:19,466 - DEBUG - 执行AGV分配局部搜索，当前完工时间: 2091.00
2025-04-08 16:04:19,470 - DEBUG - 局部搜索未能改进当前解
2025-04-08 16:04:19,473 - DEBUG - 执行AGV分配局部搜索，当前完工时间: 1951.00
2025-04-08 16:04:19,476 - DEBUG - 局部搜索未能改进当前解
2025-04-08 16:04:19,481 - DEBUG - 执行AGV分配局部搜索，当前完工时间: 1973.00
2025-04-08 16:04:19,485 - DEBUG - 局部搜索未能改进当前解
2025-04-08 16:04:19,488 - DEBUG - 执行AGV分配局部搜索，当前完工时间: 2047.00
2025-04-08 16:04:19,492 - DEBUG - 局部搜索未能改进当前解
2025-04-08 16:04:19,495 - DEBUG - 执行AGV分配局部搜索，当前完工时间: 2102.00
2025-04-08 16:04:19,500 - DEBUG - AGV分配局部搜索成功！完工时间从 2102.00 降低到 2051.00，改进: 51.00 (2.43%)
2025-04-08 16:04:19,503 - DEBUG - 执行AGV分配局部搜索，当前完工时间: 1970.00
2025-04-08 16:04:19,507 - DEBUG - 局部搜索未能改进当前解
2025-04-08 16:04:19,510 - DEBUG - 执行AGV分配局部搜索，当前完工时间: 2111.00
2025-04-08 16:04:19,514 - DEBUG - 局部搜索未能改进当前解
2025-04-08 16:04:19,518 - DEBUG - 执行AGV分配局部搜索，当前完工时间: 1977.00
2025-04-08 16:04:19,521 - DEBUG - 局部搜索未能改进当前解
2025-04-08 16:04:19,525 - DEBUG - 执行AGV分配局部搜索，当前完工时间: 1951.00
2025-04-08 16:04:19,529 - DEBUG - 局部搜索未能改进当前解
2025-04-08 16:04:19,533 - DEBUG - 执行AGV分配局部搜索，当前完工时间: 2039.00
2025-04-08 16:04:19,537 - DEBUG - AGV分配局部搜索成功！完工时间从 2039.00 降低到 2033.00，改进: 6.00 (0.29%)
2025-04-08 16:04:19,541 - DEBUG - 执行AGV分配局部搜索，当前完工时间: 2020.00
2025-04-08 16:04:19,545 - DEBUG - 局部搜索未能改进当前解
2025-04-08 16:04:19,549 - DEBUG - 执行AGV分配局部搜索，当前完工时间: 1926.00
2025-04-08 16:04:19,552 - DEBUG - AGV分配局部搜索成功！完工时间从 1926.00 降低到 1920.00，改进: 6.00 (0.31%)
2025-04-08 16:04:19,556 - DEBUG - 执行AGV分配局部搜索，当前完工时间: 2049.00
2025-04-08 16:04:19,560 - DEBUG - 局部搜索未能改进当前解
2025-04-08 16:04:19,562 - DEBUG - 执行AGV分配局部搜索，当前完工时间: 1970.00
2025-04-08 16:04:19,566 - DEBUG - 局部搜索未能改进当前解
2025-04-08 16:04:19,566 - DEBUG - ==================================================
2025-04-08 16:04:19,566 - DEBUG - Efficiency Statistics of Local Search :
2025-04-08 16:04:19,566 - DEBUG - Number of attempts: 99
2025-04-08 16:04:19,566 - DEBUG - Average Success Rate: 14.14%
2025-04-08 16:04:19,566 - DEBUG - AGV Local Search Success: 14，Average Improvement: 17.79
2025-04-08 16:04:19,571 - DEBUG - 执行AGV分配局部搜索，当前完工时间: 2106.00
2025-04-08 16:04:19,575 - DEBUG - 局部搜索未能改进当前解
2025-04-08 16:04:19,580 - DEBUG - 执行AGV分配局部搜索，当前完工时间: 2041.00
2025-04-08 16:04:19,583 - DEBUG - 局部搜索未能改进当前解
2025-04-08 16:04:19,587 - DEBUG - 执行AGV分配局部搜索，当前完工时间: 2047.00
2025-04-08 16:04:19,591 - DEBUG - 局部搜索未能改进当前解
2025-04-08 16:04:19,594 - DEBUG - 执行AGV分配局部搜索，当前完工时间: 1963.00
2025-04-08 16:04:19,597 - DEBUG - 局部搜索未能改进当前解
2025-04-08 16:04:19,602 - DEBUG - 执行AGV分配局部搜索，当前完工时间: 2000.00
2025-04-08 16:04:19,604 - DEBUG - 局部搜索未能改进当前解
2025-04-08 16:04:19,609 - DEBUG - 执行AGV分配局部搜索，当前完工时间: 1956.00
2025-04-08 16:04:19,612 - DEBUG - 局部搜索未能改进当前解
2025-04-08 16:04:19,616 - DEBUG - 执行AGV分配局部搜索，当前完工时间: 2057.00
2025-04-08 16:04:19,620 - DEBUG - 局部搜索未能改进当前解
2025-04-08 16:04:19,623 - DEBUG - 执行AGV分配局部搜索，当前完工时间: 1921.00
2025-04-08 16:04:19,626 - DEBUG - 局部搜索未能改进当前解
2025-04-08 16:04:19,631 - DEBUG - 执行AGV分配局部搜索，当前完工时间: 1947.00
2025-04-08 16:04:19,634 - DEBUG - 局部搜索未能改进当前解
2025-04-08 16:04:19,638 - DEBUG - 执行AGV分配局部搜索，当前完工时间: 1952.00
2025-04-08 16:04:19,642 - DEBUG - 局部搜索未能改进当前解
2025-04-08 16:04:19,645 - DEBUG - 执行AGV分配局部搜索，当前完工时间: 1891.00
2025-04-08 16:04:19,648 - DEBUG - 局部搜索未能改进当前解
2025-04-08 16:04:19,653 - DEBUG - 执行AGV分配局部搜索，当前完工时间: 2063.00
2025-04-08 16:04:19,657 - DEBUG - 局部搜索未能改进当前解
2025-04-08 16:04:19,660 - DEBUG - 执行AGV分配局部搜索，当前完工时间: 1928.00
2025-04-08 16:04:19,665 - DEBUG - 局部搜索未能改进当前解
2025-04-08 16:04:19,668 - DEBUG - 执行AGV分配局部搜索，当前完工时间: 1946.00
2025-04-08 16:04:19,671 - DEBUG - 局部搜索未能改进当前解
2025-04-08 16:04:19,675 - DEBUG - 执行AGV分配局部搜索，当前完工时间: 2047.00
2025-04-08 16:04:19,679 - DEBUG - AGV分配局部搜索成功！完工时间从 2047.00 降低到 2025.00，改进: 22.00 (1.07%)
2025-04-08 16:04:19,683 - DEBUG - 执行AGV分配局部搜索，当前完工时间: 2027.00
2025-04-08 16:04:19,686 - DEBUG - 局部搜索未能改进当前解
2025-04-08 16:04:19,690 - DEBUG - 执行AGV分配局部搜索，当前完工时间: 2053.00
2025-04-08 16:04:19,693 - DEBUG - AGV分配局部搜索成功！完工时间从 2053.00 降低到 2052.00，改进: 1.00 (0.05%)
2025-04-08 16:04:19,697 - DEBUG - 执行AGV分配局部搜索，当前完工时间: 1931.00
2025-04-08 16:04:19,701 - DEBUG - 局部搜索未能改进当前解
2025-04-08 16:04:19,704 - DEBUG - 执行AGV分配局部搜索，当前完工时间: 1942.00
2025-04-08 16:04:19,707 - DEBUG - 局部搜索未能改进当前解
2025-04-08 16:04:19,712 - DEBUG - 执行AGV分配局部搜索，当前完工时间: 1973.00
2025-04-08 16:04:19,715 - DEBUG - 局部搜索未能改进当前解
2025-04-08 16:04:19,719 - DEBUG - 执行AGV分配局部搜索，当前完工时间: 1903.00
2025-04-08 16:04:19,722 - DEBUG - 局部搜索未能改进当前解
2025-04-08 16:04:19,725 - DEBUG - 执行AGV分配局部搜索，当前完工时间: 2039.00
2025-04-08 16:04:19,730 - DEBUG - 局部搜索未能改进当前解
2025-04-08 16:04:19,734 - DEBUG - 执行AGV分配局部搜索，当前完工时间: 1880.00
2025-04-08 16:04:19,737 - DEBUG - 局部搜索未能改进当前解
2025-04-08 16:04:19,741 - DEBUG - 执行AGV分配局部搜索，当前完工时间: 2029.00
2025-04-08 16:04:19,745 - DEBUG - 局部搜索未能改进当前解
2025-04-08 16:04:19,749 - DEBUG - 执行AGV分配局部搜索，当前完工时间: 1970.00
2025-04-08 16:04:19,752 - DEBUG - 局部搜索未能改进当前解
2025-04-08 16:04:19,756 - DEBUG - 执行AGV分配局部搜索，当前完工时间: 2016.00
2025-04-08 16:04:19,760 - DEBUG - AGV分配局部搜索成功！完工时间从 2016.00 降低到 1989.00，改进: 27.00 (1.34%)
2025-04-08 16:04:19,764 - DEBUG - 执行AGV分配局部搜索，当前完工时间: 2029.00
2025-04-08 16:04:19,768 - DEBUG - 局部搜索未能改进当前解
2025-04-08 16:04:19,772 - DEBUG - 执行AGV分配局部搜索，当前完工时间: 1942.00
2025-04-08 16:04:19,776 - DEBUG - 局部搜索未能改进当前解
2025-04-08 16:04:19,779 - DEBUG - 执行AGV分配局部搜索，当前完工时间: 1968.00
2025-04-08 16:04:19,783 - DEBUG - AGV分配局部搜索成功！完工时间从 1968.00 降低到 1952.00，改进: 16.00 (0.81%)
2025-04-08 16:04:19,786 - DEBUG - 执行AGV分配局部搜索，当前完工时间: 1876.00
2025-04-08 16:04:19,790 - DEBUG - 局部搜索未能改进当前解
2025-04-08 16:04:19,795 - DEBUG - 执行AGV分配局部搜索，当前完工时间: 2048.00
2025-04-08 16:04:19,799 - DEBUG - AGV分配局部搜索成功！完工时间从 2048.00 降低到 1951.00，改进: 97.00 (4.74%)
2025-04-08 16:04:19,803 - DEBUG - 执行AGV分配局部搜索，当前完工时间: 1981.00
2025-04-08 16:04:19,807 - DEBUG - 局部搜索未能改进当前解
2025-04-08 16:04:19,811 - DEBUG - 执行AGV分配局部搜索，当前完工时间: 1922.00
2025-04-08 16:04:19,815 - DEBUG - 局部搜索未能改进当前解
2025-04-08 16:04:19,819 - DEBUG - 执行AGV分配局部搜索，当前完工时间: 1882.00
2025-04-08 16:04:19,823 - DEBUG - 局部搜索未能改进当前解
2025-04-08 16:04:19,826 - DEBUG - 执行AGV分配局部搜索，当前完工时间: 1897.00
2025-04-08 16:04:19,831 - DEBUG - 局部搜索未能改进当前解
2025-04-08 16:04:19,835 - DEBUG - 执行AGV分配局部搜索，当前完工时间: 1949.00
2025-04-08 16:04:19,838 - DEBUG - AGV分配局部搜索成功！完工时间从 1949.00 降低到 1921.00，改进: 28.00 (1.44%)
2025-04-08 16:04:19,842 - DEBUG - 执行AGV分配局部搜索，当前完工时间: 2048.00
2025-04-08 16:04:19,845 - DEBUG - 局部搜索未能改进当前解
2025-04-08 16:04:19,850 - DEBUG - 执行AGV分配局部搜索，当前完工时间: 1964.00
2025-04-08 16:04:19,854 - DEBUG - 局部搜索未能改进当前解
2025-04-08 16:04:19,857 - DEBUG - 执行AGV分配局部搜索，当前完工时间: 2022.00
2025-04-08 16:04:19,860 - DEBUG - 局部搜索未能改进当前解
2025-04-08 16:04:19,864 - DEBUG - 执行AGV分配局部搜索，当前完工时间: 1924.00
2025-04-08 16:04:19,869 - DEBUG - 局部搜索未能改进当前解
2025-04-08 16:04:19,872 - DEBUG - 执行AGV分配局部搜索，当前完工时间: 2021.00
2025-04-08 16:04:19,875 - DEBUG - AGV分配局部搜索成功！完工时间从 2021.00 降低到 2012.00，改进: 9.00 (0.45%)
2025-04-08 16:04:19,880 - DEBUG - 执行AGV分配局部搜索，当前完工时间: 2072.00
2025-04-08 16:04:19,884 - DEBUG - 局部搜索未能改进当前解
2025-04-08 16:04:19,887 - DEBUG - 执行AGV分配局部搜索，当前完工时间: 1977.00
2025-04-08 16:04:19,891 - DEBUG - 局部搜索未能改进当前解
2025-04-08 16:04:19,895 - DEBUG - 执行AGV分配局部搜索，当前完工时间: 1948.00
2025-04-08 16:04:19,898 - DEBUG - 局部搜索未能改进当前解
2025-04-08 16:04:19,903 - DEBUG - 执行AGV分配局部搜索，当前完工时间: 2068.00
2025-04-08 16:04:19,906 - DEBUG - 局部搜索未能改进当前解
2025-04-08 16:04:19,910 - DEBUG - 执行AGV分配局部搜索，当前完工时间: 1939.00
2025-04-08 16:04:19,914 - DEBUG - 局部搜索未能改进当前解
2025-04-08 16:04:19,918 - DEBUG - 执行AGV分配局部搜索，当前完工时间: 1952.00
2025-04-08 16:04:19,921 - DEBUG - 局部搜索未能改进当前解
2025-04-08 16:04:19,925 - DEBUG - 执行AGV分配局部搜索，当前完工时间: 1985.00
2025-04-08 16:04:19,929 - DEBUG - 局部搜索未能改进当前解
2025-04-08 16:04:19,933 - DEBUG - 执行AGV分配局部搜索，当前完工时间: 1926.00
2025-04-08 16:04:19,936 - DEBUG - 局部搜索未能改进当前解
2025-04-08 16:04:19,940 - DEBUG - 执行AGV分配局部搜索，当前完工时间: 2047.00
2025-04-08 16:04:19,943 - DEBUG - 局部搜索未能改进当前解
2025-04-08 16:04:19,948 - DEBUG - 执行AGV分配局部搜索，当前完工时间: 2061.00
2025-04-08 16:04:19,951 - DEBUG - 局部搜索未能改进当前解
2025-04-08 16:04:19,954 - DEBUG - 执行AGV分配局部搜索，当前完工时间: 1928.00
2025-04-08 16:04:19,958 - DEBUG - 局部搜索未能改进当前解
2025-04-08 16:04:19,963 - DEBUG - 执行AGV分配局部搜索，当前完工时间: 1991.00
2025-04-08 16:04:19,967 - DEBUG - 局部搜索未能改进当前解
2025-04-08 16:04:19,970 - DEBUG - 执行AGV分配局部搜索，当前完工时间: 2259.00
2025-04-08 16:04:19,974 - DEBUG - AGV分配局部搜索成功！完工时间从 2259.00 降低到 2235.00，改进: 24.00 (1.06%)
2025-04-08 16:04:19,976 - DEBUG - 执行AGV分配局部搜索，当前完工时间: 1903.00
2025-04-08 16:04:19,982 - DEBUG - 局部搜索未能改进当前解
2025-04-08 16:04:19,985 - DEBUG - 执行AGV分配局部搜索，当前完工时间: 1916.00
2025-04-08 16:04:19,989 - DEBUG - 局部搜索未能改进当前解
2025-04-08 16:04:19,992 - DEBUG - 执行AGV分配局部搜索，当前完工时间: 2007.00
2025-04-08 16:04:19,996 - DEBUG - 局部搜索未能改进当前解
2025-04-08 16:04:20,000 - DEBUG - 执行AGV分配局部搜索，当前完工时间: 1979.00
2025-04-08 16:04:20,003 - DEBUG - AGV分配局部搜索成功！完工时间从 1979.00 降低到 1975.00，改进: 4.00 (0.20%)
2025-04-08 16:04:20,007 - DEBUG - 执行AGV分配局部搜索，当前完工时间: 2160.00
2025-04-08 16:04:20,012 - DEBUG - AGV分配局部搜索成功！完工时间从 2160.00 降低到 2147.00，改进: 13.00 (0.60%)
2025-04-08 16:04:20,016 - DEBUG - 执行AGV分配局部搜索，当前完工时间: 2002.00
2025-04-08 16:04:20,020 - DEBUG - 局部搜索未能改进当前解
2025-04-08 16:04:20,022 - DEBUG - 执行AGV分配局部搜索，当前完工时间: 2122.00
2025-04-08 16:04:20,040 - DEBUG - 局部搜索未能改进当前解
2025-04-08 16:04:20,044 - DEBUG - 执行AGV分配局部搜索，当前完工时间: 2060.00
2025-04-08 16:04:20,047 - DEBUG - 局部搜索未能改进当前解
2025-04-08 16:04:20,052 - DEBUG - 执行AGV分配局部搜索，当前完工时间: 1961.00
2025-04-08 16:04:20,056 - DEBUG - 局部搜索未能改进当前解
2025-04-08 16:04:20,059 - DEBUG - 执行AGV分配局部搜索，当前完工时间: 1959.00
2025-04-08 16:04:20,064 - DEBUG - 局部搜索未能改进当前解
2025-04-08 16:04:20,066 - DEBUG - 执行AGV分配局部搜索，当前完工时间: 1981.00
2025-04-08 16:04:20,071 - DEBUG - 局部搜索未能改进当前解
2025-04-08 16:04:20,075 - DEBUG - 执行AGV分配局部搜索，当前完工时间: 2130.00
2025-04-08 16:04:20,080 - DEBUG - AGV分配局部搜索成功！完工时间从 2130.00 降低到 2094.00，改进: 36.00 (1.69%)
2025-04-08 16:04:20,084 - DEBUG - 执行AGV分配局部搜索，当前完工时间: 2010.00
2025-04-08 16:04:20,087 - DEBUG - 局部搜索未能改进当前解
2025-04-08 16:04:20,092 - DEBUG - 执行AGV分配局部搜索，当前完工时间: 1964.00
2025-04-08 16:04:20,095 - DEBUG - 局部搜索未能改进当前解
2025-04-08 16:04:20,099 - DEBUG - 执行AGV分配局部搜索，当前完工时间: 1973.00
2025-04-08 16:04:20,103 - DEBUG - 局部搜索未能改进当前解
2025-04-08 16:04:20,106 - DEBUG - 执行AGV分配局部搜索，当前完工时间: 1920.00
2025-04-08 16:04:20,109 - DEBUG - 局部搜索未能改进当前解
2025-04-08 16:04:20,114 - DEBUG - 执行AGV分配局部搜索，当前完工时间: 1966.00
2025-04-08 16:04:20,117 - DEBUG - AGV分配局部搜索成功！完工时间从 1966.00 降低到 1933.00，改进: 33.00 (1.68%)
2025-04-08 16:04:20,120 - DEBUG - 执行AGV分配局部搜索，当前完工时间: 2025.00
2025-04-08 16:04:20,124 - DEBUG - 局部搜索未能改进当前解
2025-04-08 16:04:20,127 - DEBUG - 执行AGV分配局部搜索，当前完工时间: 2095.00
2025-04-08 16:04:20,131 - DEBUG - 局部搜索未能改进当前解
2025-04-08 16:04:20,136 - DEBUG - 执行AGV分配局部搜索，当前完工时间: 1922.00
2025-04-08 16:04:20,140 - DEBUG - 局部搜索未能改进当前解
2025-04-08 16:04:20,144 - DEBUG - 执行AGV分配局部搜索，当前完工时间: 1970.00
2025-04-08 16:04:20,147 - DEBUG - 局部搜索未能改进当前解
2025-04-08 16:04:20,151 - DEBUG - 执行AGV分配局部搜索，当前完工时间: 1939.00
2025-04-08 16:04:20,154 - DEBUG - 局部搜索未能改进当前解
2025-04-08 16:04:20,157 - DEBUG - 执行AGV分配局部搜索，当前完工时间: 2000.00
2025-04-08 16:04:20,162 - DEBUG - AGV分配局部搜索成功！完工时间从 2000.00 降低到 1986.00，改进: 14.00 (0.70%)
2025-04-08 16:04:20,165 - DEBUG - 执行AGV分配局部搜索，当前完工时间: 2000.00
2025-04-08 16:04:20,169 - DEBUG - AGV分配局部搜索成功！完工时间从 2000.00 降低到 1999.00，改进: 1.00 (0.05%)
2025-04-08 16:04:20,172 - DEBUG - 执行AGV分配局部搜索，当前完工时间: 1919.00
2025-04-08 16:04:20,176 - DEBUG - AGV分配局部搜索成功！完工时间从 1919.00 降低到 1915.00，改进: 4.00 (0.21%)
2025-04-08 16:04:20,180 - DEBUG - 执行AGV分配局部搜索，当前完工时间: 2070.00
2025-04-08 16:04:20,184 - DEBUG - 局部搜索未能改进当前解
2025-04-08 16:04:20,187 - DEBUG - 执行AGV分配局部搜索，当前完工时间: 1916.00
2025-04-08 16:04:20,190 - DEBUG - 局部搜索未能改进当前解
2025-04-08 16:04:20,194 - DEBUG - 执行AGV分配局部搜索，当前完工时间: 2050.00
2025-04-08 16:04:20,197 - DEBUG - 局部搜索未能改进当前解
2025-04-08 16:04:20,202 - DEBUG - 执行AGV分配局部搜索，当前完工时间: 1922.00
2025-04-08 16:04:20,206 - DEBUG - 局部搜索未能改进当前解
2025-04-08 16:04:20,209 - DEBUG - 执行AGV分配局部搜索，当前完工时间: 1990.00
2025-04-08 16:04:20,212 - DEBUG - 局部搜索未能改进当前解
2025-04-08 16:04:20,217 - DEBUG - 执行AGV分配局部搜索，当前完工时间: 2087.00
2025-04-08 16:04:20,220 - DEBUG - 局部搜索未能改进当前解
2025-04-08 16:04:20,224 - DEBUG - 执行AGV分配局部搜索，当前完工时间: 1978.00
2025-04-08 16:04:20,228 - DEBUG - 局部搜索未能改进当前解
2025-04-08 16:04:20,232 - DEBUG - 执行AGV分配局部搜索，当前完工时间: 1930.00
2025-04-08 16:04:20,235 - DEBUG - 局部搜索未能改进当前解
2025-04-08 16:04:20,239 - DEBUG - 执行AGV分配局部搜索，当前完工时间: 1959.00
2025-04-08 16:04:20,244 - DEBUG - 局部搜索未能改进当前解
2025-04-08 16:04:20,247 - DEBUG - 执行AGV分配局部搜索，当前完工时间: 1989.00
2025-04-08 16:04:20,252 - DEBUG - 局部搜索未能改进当前解
2025-04-08 16:04:20,256 - DEBUG - 执行AGV分配局部搜索，当前完工时间: 2008.00
2025-04-08 16:04:20,259 - DEBUG - AGV分配局部搜索成功！完工时间从 2008.00 降低到 1984.00，改进: 24.00 (1.20%)
2025-04-08 16:04:20,263 - DEBUG - 执行AGV分配局部搜索，当前完工时间: 1958.00
2025-04-08 16:04:20,266 - DEBUG - AGV分配局部搜索成功！完工时间从 1958.00 降低到 1935.00，改进: 23.00 (1.17%)
2025-04-08 16:04:20,271 - DEBUG - 执行AGV分配局部搜索，当前完工时间: 2008.00
2025-04-08 16:04:20,275 - DEBUG - 局部搜索未能改进当前解
2025-04-08 16:04:20,279 - DEBUG - 执行AGV分配局部搜索，当前完工时间: 2088.00
2025-04-08 16:04:20,283 - DEBUG - 局部搜索未能改进当前解
2025-04-08 16:04:20,287 - DEBUG - 执行AGV分配局部搜索，当前完工时间: 2056.00
2025-04-08 16:04:20,290 - DEBUG - AGV分配局部搜索成功！完工时间从 2056.00 降低到 2009.00，改进: 47.00 (2.29%)
2025-04-08 16:04:20,294 - DEBUG - 执行AGV分配局部搜索，当前完工时间: 2148.00
2025-04-08 16:04:20,297 - DEBUG - 局部搜索未能改进当前解
2025-04-08 16:04:20,301 - DEBUG - 执行AGV分配局部搜索，当前完工时间: 1966.00
2025-04-08 16:04:20,305 - DEBUG - 局部搜索未能改进当前解
2025-04-08 16:04:20,309 - DEBUG - 执行AGV分配局部搜索，当前完工时间: 1922.00
2025-04-08 16:04:20,314 - DEBUG - 局部搜索未能改进当前解
2025-04-08 16:04:20,316 - DEBUG - 执行AGV分配局部搜索，当前完工时间: 1987.00
2025-04-08 16:04:20,320 - DEBUG - AGV分配局部搜索成功！完工时间从 1987.00 降低到 1979.00，改进: 8.00 (0.40%)
2025-04-08 16:04:20,324 - DEBUG - 执行AGV分配局部搜索，当前完工时间: 1941.00
2025-04-08 16:04:20,326 - DEBUG - 局部搜索未能改进当前解
2025-04-08 16:04:20,328 - DEBUG - ==================================================
2025-04-08 16:04:20,328 - DEBUG - Efficiency Statistics of Local Search :
2025-04-08 16:04:20,328 - DEBUG - Number of attempts: 99
2025-04-08 16:04:20,328 - DEBUG - Average Success Rate: 19.19%
2025-04-08 16:04:20,328 - DEBUG - AGV Local Search Success: 19，Average Improvement: 22.68
2025-04-08 16:04:20,332 - DEBUG - 执行AGV分配局部搜索，当前完工时间: 1958.00
2025-04-08 16:04:20,335 - DEBUG - 局部搜索未能改进当前解
2025-04-08 16:04:20,339 - DEBUG - 执行AGV分配局部搜索，当前完工时间: 2056.00
2025-04-08 16:04:20,343 - DEBUG - AGV分配局部搜索成功！完工时间从 2056.00 降低到 2045.00，改进: 11.00 (0.54%)
2025-04-08 16:04:20,347 - DEBUG - 执行AGV分配局部搜索，当前完工时间: 1937.00
2025-04-08 16:04:20,350 - DEBUG - 局部搜索未能改进当前解
2025-04-08 16:04:20,354 - DEBUG - 执行AGV分配局部搜索，当前完工时间: 1968.00
2025-04-08 16:04:20,357 - DEBUG - 局部搜索未能改进当前解
2025-04-08 16:04:20,361 - DEBUG - 执行AGV分配局部搜索，当前完工时间: 1989.00
2025-04-08 16:04:20,365 - DEBUG - 局部搜索未能改进当前解
2025-04-08 16:04:20,369 - DEBUG - 执行AGV分配局部搜索，当前完工时间: 1946.00
2025-04-08 16:04:20,373 - DEBUG - 局部搜索未能改进当前解
2025-04-08 16:04:20,376 - DEBUG - 执行AGV分配局部搜索，当前完工时间: 2050.00
2025-04-08 16:04:20,379 - DEBUG - 局部搜索未能改进当前解
2025-04-08 16:04:20,383 - DEBUG - 执行AGV分配局部搜索，当前完工时间: 2024.00
2025-04-08 16:04:20,387 - DEBUG - 局部搜索未能改进当前解
2025-04-08 16:04:20,390 - DEBUG - 执行AGV分配局部搜索，当前完工时间: 2005.00
2025-04-08 16:04:20,394 - DEBUG - 局部搜索未能改进当前解
2025-04-08 16:04:20,398 - DEBUG - 执行AGV分配局部搜索，当前完工时间: 1890.00
2025-04-08 16:04:20,402 - DEBUG - 局部搜索未能改进当前解
2025-04-08 16:04:20,406 - DEBUG - 执行AGV分配局部搜索，当前完工时间: 1980.00
2025-04-08 16:04:20,409 - DEBUG - 局部搜索未能改进当前解
2025-04-08 16:04:20,413 - DEBUG - 执行AGV分配局部搜索，当前完工时间: 2012.00
2025-04-08 16:04:20,416 - DEBUG - 局部搜索未能改进当前解
2025-04-08 16:04:20,420 - DEBUG - 执行AGV分配局部搜索，当前完工时间: 1910.00
2025-04-08 16:04:20,425 - DEBUG - 局部搜索未能改进当前解
2025-04-08 16:04:20,429 - DEBUG - 执行AGV分配局部搜索，当前完工时间: 1940.00
2025-04-08 16:04:20,433 - DEBUG - 局部搜索未能改进当前解
2025-04-08 16:04:20,437 - DEBUG - 执行AGV分配局部搜索，当前完工时间: 1972.00
2025-04-08 16:04:20,440 - DEBUG - 局部搜索未能改进当前解
2025-04-08 16:04:20,444 - DEBUG - 执行AGV分配局部搜索，当前完工时间: 1931.00
2025-04-08 16:04:20,448 - DEBUG - 局部搜索未能改进当前解
2025-04-08 16:04:20,452 - DEBUG - 执行AGV分配局部搜索，当前完工时间: 1959.00
2025-04-08 16:04:20,456 - DEBUG - 局部搜索未能改进当前解
2025-04-08 16:04:20,459 - DEBUG - 执行AGV分配局部搜索，当前完工时间: 1951.00
2025-04-08 16:04:20,463 - DEBUG - 局部搜索未能改进当前解
2025-04-08 16:04:20,466 - DEBUG - 执行AGV分配局部搜索，当前完工时间: 2038.00
2025-04-08 16:04:20,470 - DEBUG - AGV分配局部搜索成功！完工时间从 2038.00 降低到 2015.00，改进: 23.00 (1.13%)
2025-04-08 16:04:20,474 - DEBUG - 执行AGV分配局部搜索，当前完工时间: 1943.00
2025-04-08 16:04:20,478 - DEBUG - 局部搜索未能改进当前解
2025-04-08 16:04:20,482 - DEBUG - 执行AGV分配局部搜索，当前完工时间: 2021.00
2025-04-08 16:04:20,485 - DEBUG - 局部搜索未能改进当前解
2025-04-08 16:04:20,488 - DEBUG - 执行AGV分配局部搜索，当前完工时间: 2098.00
2025-04-08 16:04:20,492 - DEBUG - 局部搜索未能改进当前解
2025-04-08 16:04:20,497 - DEBUG - 执行AGV分配局部搜索，当前完工时间: 1936.00
2025-04-08 16:04:20,501 - DEBUG - 局部搜索未能改进当前解
2025-04-08 16:04:20,504 - DEBUG - 执行AGV分配局部搜索，当前完工时间: 2083.00
2025-04-08 16:04:20,507 - DEBUG - 局部搜索未能改进当前解
2025-04-08 16:04:20,511 - DEBUG - 执行AGV分配局部搜索，当前完工时间: 1932.00
2025-04-08 16:04:20,515 - DEBUG - 局部搜索未能改进当前解
2025-04-08 16:04:20,519 - DEBUG - 执行AGV分配局部搜索，当前完工时间: 1988.00
2025-04-08 16:04:20,523 - DEBUG - AGV分配局部搜索成功！完工时间从 1988.00 降低到 1960.00，改进: 28.00 (1.41%)
2025-04-08 16:04:20,526 - DEBUG - 执行AGV分配局部搜索，当前完工时间: 2003.00
2025-04-08 16:04:20,529 - DEBUG - 局部搜索未能改进当前解
2025-04-08 16:04:20,533 - DEBUG - 执行AGV分配局部搜索，当前完工时间: 1911.00
2025-04-08 16:04:20,536 - DEBUG - 局部搜索未能改进当前解
2025-04-08 16:04:20,541 - DEBUG - 执行AGV分配局部搜索，当前完工时间: 1992.00
2025-04-08 16:04:20,545 - DEBUG - 局部搜索未能改进当前解
2025-04-08 16:04:20,548 - DEBUG - 执行AGV分配局部搜索，当前完工时间: 1925.00
2025-04-08 16:04:20,552 - DEBUG - 局部搜索未能改进当前解
2025-04-08 16:04:20,556 - DEBUG - 执行AGV分配局部搜索，当前完工时间: 1988.00
2025-04-08 16:04:20,560 - DEBUG - AGV分配局部搜索成功！完工时间从 1988.00 降低到 1978.00，改进: 10.00 (0.50%)
2025-04-08 16:04:20,564 - DEBUG - 执行AGV分配局部搜索，当前完工时间: 1970.00
2025-04-08 16:04:20,568 - DEBUG - 局部搜索未能改进当前解
2025-04-08 16:04:20,571 - DEBUG - 执行AGV分配局部搜索，当前完工时间: 1948.00
2025-04-08 16:04:20,574 - DEBUG - 局部搜索未能改进当前解
2025-04-08 16:04:20,579 - DEBUG - 执行AGV分配局部搜索，当前完工时间: 1903.00
2025-04-08 16:04:20,582 - DEBUG - 局部搜索未能改进当前解
2025-04-08 16:04:20,587 - DEBUG - 执行AGV分配局部搜索，当前完工时间: 1929.00
2025-04-08 16:04:20,591 - DEBUG - 局部搜索未能改进当前解
2025-04-08 16:04:20,596 - DEBUG - 执行AGV分配局部搜索，当前完工时间: 2046.00
2025-04-08 16:04:20,599 - DEBUG - 局部搜索未能改进当前解
2025-04-08 16:04:20,603 - DEBUG - 执行AGV分配局部搜索，当前完工时间: 1933.00
2025-04-08 16:04:20,607 - DEBUG - AGV分配局部搜索成功！完工时间从 1933.00 降低到 1918.00，改进: 15.00 (0.78%)
2025-04-08 16:04:20,610 - DEBUG - 执行AGV分配局部搜索，当前完工时间: 1973.00
2025-04-08 16:04:20,614 - DEBUG - 局部搜索未能改进当前解
2025-04-08 16:04:20,618 - DEBUG - 执行AGV分配局部搜索，当前完工时间: 1930.00
2025-04-08 16:04:20,620 - DEBUG - 局部搜索未能改进当前解
2025-04-08 16:04:20,625 - DEBUG - 执行AGV分配局部搜索，当前完工时间: 1948.00
2025-04-08 16:04:20,629 - DEBUG - 局部搜索未能改进当前解
2025-04-08 16:04:20,633 - DEBUG - 执行AGV分配局部搜索，当前完工时间: 2255.00
2025-04-08 16:04:20,637 - DEBUG - 局部搜索未能改进当前解
2025-04-08 16:04:20,640 - DEBUG - 执行AGV分配局部搜索，当前完工时间: 1903.00
2025-04-08 16:04:20,643 - DEBUG - 局部搜索未能改进当前解
2025-04-08 16:04:20,647 - DEBUG - 执行AGV分配局部搜索，当前完工时间: 1922.00
2025-04-08 16:04:20,651 - DEBUG - 局部搜索未能改进当前解
2025-04-08 16:04:20,655 - DEBUG - 执行AGV分配局部搜索，当前完工时间: 2027.00
2025-04-08 16:04:20,658 - DEBUG - 局部搜索未能改进当前解
2025-04-08 16:04:20,660 - DEBUG - 执行AGV分配局部搜索，当前完工时间: 1961.00
2025-04-08 16:04:20,665 - DEBUG - 局部搜索未能改进当前解
2025-04-08 16:04:20,669 - DEBUG - 执行AGV分配局部搜索，当前完工时间: 1959.00
2025-04-08 16:04:20,672 - DEBUG - 局部搜索未能改进当前解
2025-04-08 16:04:20,676 - DEBUG - 执行AGV分配局部搜索，当前完工时间: 1922.00
2025-04-08 16:04:20,679 - DEBUG - 局部搜索未能改进当前解
2025-04-08 16:04:20,684 - DEBUG - 执行AGV分配局部搜索，当前完工时间: 1936.00
2025-04-08 16:04:20,687 - DEBUG - 局部搜索未能改进当前解
2025-04-08 16:04:20,691 - DEBUG - 执行AGV分配局部搜索，当前完工时间: 1990.00
2025-04-08 16:04:20,694 - DEBUG - 局部搜索未能改进当前解
2025-04-08 16:04:20,697 - DEBUG - 执行AGV分配局部搜索，当前完工时间: 1920.00
2025-04-08 16:04:20,701 - DEBUG - 局部搜索未能改进当前解
2025-04-08 16:04:20,704 - DEBUG - 执行AGV分配局部搜索，当前完工时间: 1925.00
2025-04-08 16:04:20,708 - DEBUG - 局部搜索未能改进当前解
2025-04-08 16:04:20,712 - DEBUG - 执行AGV分配局部搜索，当前完工时间: 1894.00
2025-04-08 16:04:20,715 - DEBUG - 局部搜索未能改进当前解
2025-04-08 16:04:20,719 - DEBUG - 执行AGV分配局部搜索，当前完工时间: 1882.00
2025-04-08 16:04:20,722 - DEBUG - 局部搜索未能改进当前解
2025-04-08 16:04:20,727 - DEBUG - 执行AGV分配局部搜索，当前完工时间: 1960.00
2025-04-08 16:04:20,730 - DEBUG - 局部搜索未能改进当前解
2025-04-08 16:04:20,734 - DEBUG - 执行AGV分配局部搜索，当前完工时间: 1936.00
2025-04-08 16:04:20,737 - DEBUG - 局部搜索未能改进当前解
2025-04-08 16:04:20,742 - DEBUG - 执行AGV分配局部搜索，当前完工时间: 2175.00
2025-04-08 16:04:20,745 - DEBUG - 局部搜索未能改进当前解
2025-04-08 16:04:20,749 - DEBUG - 执行AGV分配局部搜索，当前完工时间: 1931.00
2025-04-08 16:04:20,752 - DEBUG - 局部搜索未能改进当前解
2025-04-08 16:04:20,756 - DEBUG - 执行AGV分配局部搜索，当前完工时间: 1947.00
2025-04-08 16:04:20,762 - DEBUG - 局部搜索未能改进当前解
2025-04-08 16:04:20,765 - DEBUG - 执行AGV分配局部搜索，当前完工时间: 1991.00
2025-04-08 16:04:20,769 - DEBUG - 局部搜索未能改进当前解
2025-04-08 16:04:20,772 - DEBUG - 执行AGV分配局部搜索，当前完工时间: 1908.00
2025-04-08 16:04:20,776 - DEBUG - AGV分配局部搜索成功！完工时间从 1908.00 降低到 1907.00，改进: 1.00 (0.05%)
2025-04-08 16:04:20,781 - DEBUG - 执行AGV分配局部搜索，当前完工时间: 1974.00
2025-04-08 16:04:20,784 - DEBUG - AGV分配局部搜索成功！完工时间从 1974.00 降低到 1963.00，改进: 11.00 (0.56%)
2025-04-08 16:04:20,789 - DEBUG - 执行AGV分配局部搜索，当前完工时间: 1924.00
2025-04-08 16:04:20,792 - DEBUG - 局部搜索未能改进当前解
2025-04-08 16:04:20,795 - DEBUG - 执行AGV分配局部搜索，当前完工时间: 1954.00
2025-04-08 16:04:20,799 - DEBUG - 局部搜索未能改进当前解
2025-04-08 16:04:20,803 - DEBUG - 执行AGV分配局部搜索，当前完工时间: 1933.00
2025-04-08 16:04:20,806 - DEBUG - 局部搜索未能改进当前解
2025-04-08 16:04:20,809 - DEBUG - 执行AGV分配局部搜索，当前完工时间: 1903.00
2025-04-08 16:04:20,813 - DEBUG - 局部搜索未能改进当前解
2025-04-08 16:04:20,818 - DEBUG - 执行AGV分配局部搜索，当前完工时间: 2065.00
2025-04-08 16:04:20,821 - DEBUG - 局部搜索未能改进当前解
2025-04-08 16:04:20,825 - DEBUG - 执行AGV分配局部搜索，当前完工时间: 1954.00
2025-04-08 16:04:20,829 - DEBUG - 局部搜索未能改进当前解
2025-04-08 16:04:20,832 - DEBUG - 执行AGV分配局部搜索，当前完工时间: 1926.00
2025-04-08 16:04:20,836 - DEBUG - 局部搜索未能改进当前解
2025-04-08 16:04:20,840 - DEBUG - 执行AGV分配局部搜索，当前完工时间: 2013.00
2025-04-08 16:04:20,843 - DEBUG - 局部搜索未能改进当前解
2025-04-08 16:04:20,847 - DEBUG - 执行AGV分配局部搜索，当前完工时间: 2170.00
2025-04-08 16:04:20,850 - DEBUG - 局部搜索未能改进当前解
2025-04-08 16:04:20,854 - DEBUG - 执行AGV分配局部搜索，当前完工时间: 1970.00
2025-04-08 16:04:20,858 - DEBUG - 局部搜索未能改进当前解
2025-04-08 16:04:20,862 - DEBUG - 执行AGV分配局部搜索，当前完工时间: 1876.00
2025-04-08 16:04:20,865 - DEBUG - 局部搜索未能改进当前解
2025-04-08 16:04:20,869 - DEBUG - 执行AGV分配局部搜索，当前完工时间: 2019.00
2025-04-08 16:04:20,872 - DEBUG - 局部搜索未能改进当前解
2025-04-08 16:04:20,877 - DEBUG - 执行AGV分配局部搜索，当前完工时间: 2048.00
2025-04-08 16:04:20,879 - DEBUG - 局部搜索未能改进当前解
2025-04-08 16:04:20,884 - DEBUG - 执行AGV分配局部搜索，当前完工时间: 2051.00
2025-04-08 16:04:20,887 - DEBUG - 局部搜索未能改进当前解
2025-04-08 16:04:20,892 - DEBUG - 执行AGV分配局部搜索，当前完工时间: 1894.00
2025-04-08 16:04:20,894 - DEBUG - 局部搜索未能改进当前解
2025-04-08 16:04:20,899 - DEBUG - 执行AGV分配局部搜索，当前完工时间: 1912.00
2025-04-08 16:04:20,902 - DEBUG - 局部搜索未能改进当前解
2025-04-08 16:04:20,906 - DEBUG - 执行AGV分配局部搜索，当前完工时间: 2027.00
2025-04-08 16:04:20,910 - DEBUG - 局部搜索未能改进当前解
2025-04-08 16:04:20,914 - DEBUG - 执行AGV分配局部搜索，当前完工时间: 1913.00
2025-04-08 16:04:20,917 - DEBUG - AGV分配局部搜索成功！完工时间从 1913.00 降低到 1879.00，改进: 34.00 (1.78%)
2025-04-08 16:04:20,921 - DEBUG - 执行AGV分配局部搜索，当前完工时间: 1952.00
2025-04-08 16:04:20,924 - DEBUG - 局部搜索未能改进当前解
2025-04-08 16:04:20,929 - DEBUG - 执行AGV分配局部搜索，当前完工时间: 1920.00
2025-04-08 16:04:20,932 - DEBUG - 局部搜索未能改进当前解
2025-04-08 16:04:20,936 - DEBUG - 执行AGV分配局部搜索，当前完工时间: 1996.00
2025-04-08 16:04:20,938 - DEBUG - 局部搜索未能改进当前解
2025-04-08 16:04:20,943 - DEBUG - 执行AGV分配局部搜索，当前完工时间: 2037.00
2025-04-08 16:04:20,947 - DEBUG - AGV分配局部搜索成功！完工时间从 2037.00 降低到 2033.00，改进: 4.00 (0.20%)
2025-04-08 16:04:20,951 - DEBUG - 执行AGV分配局部搜索，当前完工时间: 1902.00
2025-04-08 16:04:20,955 - DEBUG - 局部搜索未能改进当前解
2025-04-08 16:04:20,958 - DEBUG - 执行AGV分配局部搜索，当前完工时间: 2019.00
2025-04-08 16:04:20,961 - DEBUG - 局部搜索未能改进当前解
2025-04-08 16:04:20,965 - DEBUG - 执行AGV分配局部搜索，当前完工时间: 2056.00
2025-04-08 16:04:20,969 - DEBUG - 局部搜索未能改进当前解
2025-04-08 16:04:20,973 - DEBUG - 执行AGV分配局部搜索，当前完工时间: 2088.00
2025-04-08 16:04:20,977 - DEBUG - 局部搜索未能改进当前解
2025-04-08 16:04:20,980 - DEBUG - 执行AGV分配局部搜索，当前完工时间: 2009.00
2025-04-08 16:04:20,983 - DEBUG - 局部搜索未能改进当前解
2025-04-08 16:04:20,987 - DEBUG - 执行AGV分配局部搜索，当前完工时间: 1988.00
2025-04-08 16:04:20,991 - DEBUG - AGV分配局部搜索成功！完工时间从 1988.00 降低到 1969.00，改进: 19.00 (0.96%)
2025-04-08 16:04:20,994 - DEBUG - 执行AGV分配局部搜索，当前完工时间: 1964.00
2025-04-08 16:04:20,997 - DEBUG - 局部搜索未能改进当前解
2025-04-08 16:04:21,001 - DEBUG - 执行AGV分配局部搜索，当前完工时间: 2056.00
2025-04-08 16:04:21,006 - DEBUG - AGV分配局部搜索成功！完工时间从 2056.00 降低到 2043.00，改进: 13.00 (0.63%)
2025-04-08 16:04:21,010 - DEBUG - 执行AGV分配局部搜索，当前完工时间: 1958.00
2025-04-08 16:04:21,012 - DEBUG - 局部搜索未能改进当前解
2025-04-08 16:04:21,017 - DEBUG - 执行AGV分配局部搜索，当前完工时间: 1885.00
2025-04-08 16:04:21,020 - DEBUG - 局部搜索未能改进当前解
2025-04-08 16:04:21,024 - DEBUG - 执行AGV分配局部搜索，当前完工时间: 1897.00
2025-04-08 16:04:21,029 - DEBUG - 局部搜索未能改进当前解
2025-04-08 16:04:21,033 - DEBUG - 执行AGV分配局部搜索，当前完工时间: 2022.00
2025-04-08 16:04:21,037 - DEBUG - 局部搜索未能改进当前解
2025-04-08 16:04:21,040 - DEBUG - 执行AGV分配局部搜索，当前完工时间: 2141.00
2025-04-08 16:04:21,044 - DEBUG - 局部搜索未能改进当前解
2025-04-08 16:04:21,048 - DEBUG - 执行AGV分配局部搜索，当前完工时间: 1954.00
2025-04-08 16:04:21,052 - DEBUG - 局部搜索未能改进当前解
2025-04-08 16:04:21,056 - DEBUG - 执行AGV分配局部搜索，当前完工时间: 2070.00
2025-04-08 16:04:21,059 - DEBUG - 局部搜索未能改进当前解
2025-04-08 16:04:21,062 - DEBUG - 执行AGV分配局部搜索，当前完工时间: 1956.00
2025-04-08 16:04:21,067 - DEBUG - AGV分配局部搜索成功！完工时间从 1956.00 降低到 1879.00，改进: 77.00 (3.94%)
2025-04-08 16:04:21,067 - DEBUG - ==================================================
2025-04-08 16:04:21,067 - DEBUG - Efficiency Statistics of Local Search :
2025-04-08 16:04:21,067 - DEBUG - Number of attempts: 99
2025-04-08 16:04:21,067 - DEBUG - Average Success Rate: 12.12%
2025-04-08 16:04:21,067 - DEBUG - AGV Local Search Success: 12，Average Improvement: 20.50
2025-04-08 16:04:21,071 - DEBUG - 执行AGV分配局部搜索，当前完工时间: 2051.00
2025-04-08 16:04:21,075 - DEBUG - 局部搜索未能改进当前解
2025-04-08 16:04:21,080 - DEBUG - 执行AGV分配局部搜索，当前完工时间: 2048.00
2025-04-08 16:04:21,083 - DEBUG - 局部搜索未能改进当前解
2025-04-08 16:04:21,087 - DEBUG - 执行AGV分配局部搜索，当前完工时间: 1937.00
2025-04-08 16:04:21,091 - DEBUG - AGV分配局部搜索成功！完工时间从 1937.00 降低到 1930.00，改进: 7.00 (0.36%)
2025-04-08 16:04:21,095 - DEBUG - 执行AGV分配局部搜索，当前完工时间: 2041.00
2025-04-08 16:04:21,099 - DEBUG - 局部搜索未能改进当前解
2025-04-08 16:04:21,103 - DEBUG - 执行AGV分配局部搜索，当前完工时间: 2005.00
2025-04-08 16:04:21,106 - DEBUG - 局部搜索未能改进当前解
2025-04-08 16:04:21,110 - DEBUG - 执行AGV分配局部搜索，当前完工时间: 2021.00
2025-04-08 16:04:21,114 - DEBUG - 局部搜索未能改进当前解
2025-04-08 16:04:21,118 - DEBUG - 执行AGV分配局部搜索，当前完工时间: 2010.00
2025-04-08 16:04:21,120 - DEBUG - 局部搜索未能改进当前解
2025-04-08 16:04:21,126 - DEBUG - 执行AGV分配局部搜索，当前完工时间: 2040.00
2025-04-08 16:04:21,129 - DEBUG - 局部搜索未能改进当前解
2025-04-08 16:04:21,133 - DEBUG - 执行AGV分配局部搜索，当前完工时间: 2131.00
2025-04-08 16:04:21,137 - DEBUG - 局部搜索未能改进当前解
2025-04-08 16:04:21,141 - DEBUG - 执行AGV分配局部搜索，当前完工时间: 1924.00
2025-04-08 16:04:21,144 - DEBUG - 局部搜索未能改进当前解
2025-04-08 16:04:21,148 - DEBUG - 执行AGV分配局部搜索，当前完工时间: 2023.00
2025-04-08 16:04:21,152 - DEBUG - 局部搜索未能改进当前解
2025-04-08 16:04:21,155 - DEBUG - 执行AGV分配局部搜索，当前完工时间: 1915.00
2025-04-08 16:04:21,159 - DEBUG - 局部搜索未能改进当前解
2025-04-08 16:04:21,162 - DEBUG - 执行AGV分配局部搜索，当前完工时间: 2039.00
2025-04-08 16:04:21,166 - DEBUG - 局部搜索未能改进当前解
2025-04-08 16:04:21,170 - DEBUG - 执行AGV分配局部搜索，当前完工时间: 2003.00
2025-04-08 16:04:21,174 - DEBUG - 局部搜索未能改进当前解
2025-04-08 16:04:21,178 - DEBUG - 执行AGV分配局部搜索，当前完工时间: 2024.00
2025-04-08 16:04:21,180 - DEBUG - 局部搜索未能改进当前解
2025-04-08 16:04:21,184 - DEBUG - 执行AGV分配局部搜索，当前完工时间: 1931.00
2025-04-08 16:04:21,187 - DEBUG - 局部搜索未能改进当前解
2025-04-08 16:04:21,192 - DEBUG - 执行AGV分配局部搜索，当前完工时间: 1977.00
2025-04-08 16:04:21,196 - DEBUG - 局部搜索未能改进当前解
2025-04-08 16:04:21,200 - DEBUG - 执行AGV分配局部搜索，当前完工时间: 1911.00
2025-04-08 16:04:21,203 - DEBUG - 局部搜索未能改进当前解
2025-04-08 16:04:21,206 - DEBUG - 执行AGV分配局部搜索，当前完工时间: 1920.00
2025-04-08 16:04:21,210 - DEBUG - 局部搜索未能改进当前解
2025-04-08 16:04:21,214 - DEBUG - 执行AGV分配局部搜索，当前完工时间: 1914.00
2025-04-08 16:04:21,218 - DEBUG - 局部搜索未能改进当前解
2025-04-08 16:04:21,222 - DEBUG - 执行AGV分配局部搜索，当前完工时间: 2048.00
2025-04-08 16:04:21,225 - DEBUG - 局部搜索未能改进当前解
2025-04-08 16:04:21,230 - DEBUG - 执行AGV分配局部搜索，当前完工时间: 1882.00
2025-04-08 16:04:21,233 - DEBUG - 局部搜索未能改进当前解
2025-04-08 16:04:21,236 - DEBUG - 执行AGV分配局部搜索，当前完工时间: 1908.00
2025-04-08 16:04:21,240 - DEBUG - AGV分配局部搜索成功！完工时间从 1908.00 降低到 1905.00，改进: 3.00 (0.16%)
2025-04-08 16:04:21,244 - DEBUG - 执行AGV分配局部搜索，当前完工时间: 1854.00
2025-04-08 16:04:21,247 - DEBUG - 局部搜索未能改进当前解
2025-04-08 16:04:21,252 - DEBUG - 执行AGV分配局部搜索，当前完工时间: 1958.00
2025-04-08 16:04:21,256 - DEBUG - 局部搜索未能改进当前解
2025-04-08 16:04:21,259 - DEBUG - 执行AGV分配局部搜索，当前完工时间: 1944.00
2025-04-08 16:04:21,263 - DEBUG - 局部搜索未能改进当前解
2025-04-08 16:04:21,266 - DEBUG - 执行AGV分配局部搜索，当前完工时间: 1984.00
2025-04-08 16:04:21,271 - DEBUG - 局部搜索未能改进当前解
2025-04-08 16:04:21,275 - DEBUG - 执行AGV分配局部搜索，当前完工时间: 1914.00
2025-04-08 16:04:21,278 - DEBUG - 局部搜索未能改进当前解
2025-04-08 16:04:21,282 - DEBUG - 执行AGV分配局部搜索，当前完工时间: 1963.00
2025-04-08 16:04:21,285 - DEBUG - AGV分配局部搜索成功！完工时间从 1963.00 降低到 1955.00，改进: 8.00 (0.41%)
2025-04-08 16:04:21,288 - DEBUG - 执行AGV分配局部搜索，当前完工时间: 1924.00
2025-04-08 16:04:21,293 - DEBUG - 局部搜索未能改进当前解
2025-04-08 16:04:21,297 - DEBUG - 执行AGV分配局部搜索，当前完工时间: 1876.00
2025-04-08 16:04:21,300 - DEBUG - 局部搜索未能改进当前解
2025-04-08 16:04:21,305 - DEBUG - 执行AGV分配局部搜索，当前完工时间: 2024.00
2025-04-08 16:04:21,308 - DEBUG - 局部搜索未能改进当前解
2025-04-08 16:04:21,312 - DEBUG - 执行AGV分配局部搜索，当前完工时间: 1967.00
2025-04-08 16:04:21,315 - DEBUG - AGV分配局部搜索成功！完工时间从 1967.00 降低到 1954.00，改进: 13.00 (0.66%)
2025-04-08 16:04:21,320 - DEBUG - 执行AGV分配局部搜索，当前完工时间: 1927.00
2025-04-08 16:04:21,323 - DEBUG - 局部搜索未能改进当前解
2025-04-08 16:04:21,327 - DEBUG - 执行AGV分配局部搜索，当前完工时间: 1917.00
2025-04-08 16:04:21,332 - DEBUG - 局部搜索未能改进当前解
2025-04-08 16:04:21,336 - DEBUG - 执行AGV分配局部搜索，当前完工时间: 1894.00
2025-04-08 16:04:21,338 - DEBUG - 局部搜索未能改进当前解
2025-04-08 16:04:21,343 - DEBUG - 执行AGV分配局部搜索，当前完工时间: 1939.00
2025-04-08 16:04:21,347 - DEBUG - 局部搜索未能改进当前解
2025-04-08 16:04:21,351 - DEBUG - 执行AGV分配局部搜索，当前完工时间: 2029.00
2025-04-08 16:04:21,354 - DEBUG - 局部搜索未能改进当前解
2025-04-08 16:04:21,358 - DEBUG - 执行AGV分配局部搜索，当前完工时间: 2031.00
2025-04-08 16:04:21,362 - DEBUG - 局部搜索未能改进当前解
2025-04-08 16:04:21,365 - DEBUG - 执行AGV分配局部搜索，当前完工时间: 1989.00
2025-04-08 16:04:21,370 - DEBUG - 局部搜索未能改进当前解
2025-04-08 16:04:21,374 - DEBUG - 执行AGV分配局部搜索，当前完工时间: 2078.00
2025-04-08 16:04:21,378 - DEBUG - 局部搜索未能改进当前解
2025-04-08 16:04:21,381 - DEBUG - 执行AGV分配局部搜索，当前完工时间: 1952.00
2025-04-08 16:04:21,385 - DEBUG - 局部搜索未能改进当前解
2025-04-08 16:04:21,389 - DEBUG - 执行AGV分配局部搜索，当前完工时间: 2058.00
2025-04-08 16:04:21,393 - DEBUG - 局部搜索未能改进当前解
2025-04-08 16:04:21,396 - DEBUG - 执行AGV分配局部搜索，当前完工时间: 1947.00
2025-04-08 16:04:21,400 - DEBUG - 局部搜索未能改进当前解
2025-04-08 16:04:21,404 - DEBUG - 执行AGV分配局部搜索，当前完工时间: 1946.00
2025-04-08 16:04:21,407 - DEBUG - 局部搜索未能改进当前解
2025-04-08 16:04:21,412 - DEBUG - 执行AGV分配局部搜索，当前完工时间: 2141.00
2025-04-08 16:04:21,415 - DEBUG - 局部搜索未能改进当前解
2025-04-08 16:04:21,419 - DEBUG - 执行AGV分配局部搜索，当前完工时间: 1890.00
2025-04-08 16:04:21,422 - DEBUG - 局部搜索未能改进当前解
2025-04-08 16:04:21,425 - DEBUG - 执行AGV分配局部搜索，当前完工时间: 1995.00
2025-04-08 16:04:21,430 - DEBUG - AGV分配局部搜索成功！完工时间从 1995.00 降低到 1951.00，改进: 44.00 (2.21%)
2025-04-08 16:04:21,434 - DEBUG - 执行AGV分配局部搜索，当前完工时间: 1849.00
2025-04-08 16:04:21,438 - DEBUG - 局部搜索未能改进当前解
2025-04-08 16:04:21,441 - DEBUG - 执行AGV分配局部搜索，当前完工时间: 2032.00
2025-04-08 16:04:21,445 - DEBUG - 局部搜索未能改进当前解
2025-04-08 16:04:21,449 - DEBUG - 执行AGV分配局部搜索，当前完工时间: 1978.00
2025-04-08 16:04:21,453 - DEBUG - 局部搜索未能改进当前解
2025-04-08 16:04:21,456 - DEBUG - 执行AGV分配局部搜索，当前完工时间: 2027.00
2025-04-08 16:04:21,460 - DEBUG - 局部搜索未能改进当前解
2025-04-08 16:04:21,465 - DEBUG - 执行AGV分配局部搜索，当前完工时间: 1981.00
2025-04-08 16:04:21,468 - DEBUG - 局部搜索未能改进当前解
2025-04-08 16:04:21,472 - DEBUG - 执行AGV分配局部搜索，当前完工时间: 1970.00
2025-04-08 16:04:21,475 - DEBUG - 局部搜索未能改进当前解
2025-04-08 16:04:21,479 - DEBUG - 执行AGV分配局部搜索，当前完工时间: 2050.00
2025-04-08 16:04:21,483 - DEBUG - 局部搜索未能改进当前解
2025-04-08 16:04:21,487 - DEBUG - 执行AGV分配局部搜索，当前完工时间: 1966.00
2025-04-08 16:04:21,491 - DEBUG - 局部搜索未能改进当前解
2025-04-08 16:04:21,494 - DEBUG - 执行AGV分配局部搜索，当前完工时间: 1906.00
2025-04-08 16:04:21,497 - DEBUG - 局部搜索未能改进当前解
2025-04-08 16:04:21,502 - DEBUG - 执行AGV分配局部搜索，当前完工时间: 1933.00
2025-04-08 16:04:21,506 - DEBUG - 局部搜索未能改进当前解
2025-04-08 16:04:21,509 - DEBUG - 执行AGV分配局部搜索，当前完工时间: 1948.00
2025-04-08 16:04:21,513 - DEBUG - 局部搜索未能改进当前解
2025-04-08 16:04:21,517 - DEBUG - 执行AGV分配局部搜索，当前完工时间: 1981.00
2025-04-08 16:04:21,520 - DEBUG - 局部搜索未能改进当前解
2025-04-08 16:04:21,524 - DEBUG - 执行AGV分配局部搜索，当前完工时间: 1888.00
2025-04-08 16:04:21,528 - DEBUG - 局部搜索未能改进当前解
2025-04-08 16:04:21,532 - DEBUG - 执行AGV分配局部搜索，当前完工时间: 1946.00
2025-04-08 16:04:21,536 - DEBUG - 局部搜索未能改进当前解
2025-04-08 16:04:21,539 - DEBUG - 执行AGV分配局部搜索，当前完工时间: 1913.00
2025-04-08 16:04:21,544 - DEBUG - 局部搜索未能改进当前解
2025-04-08 16:04:21,547 - DEBUG - 执行AGV分配局部搜索，当前完工时间: 2026.00
2025-04-08 16:04:21,551 - DEBUG - 局部搜索未能改进当前解
2025-04-08 16:04:21,555 - DEBUG - 执行AGV分配局部搜索，当前完工时间: 2062.00
2025-04-08 16:04:21,558 - DEBUG - 局部搜索未能改进当前解
2025-04-08 16:04:21,562 - DEBUG - 执行AGV分配局部搜索，当前完工时间: 1966.00
2025-04-08 16:04:21,566 - DEBUG - AGV分配局部搜索成功！完工时间从 1966.00 降低到 1929.00，改进: 37.00 (1.88%)
2025-04-08 16:04:21,569 - DEBUG - 执行AGV分配局部搜索，当前完工时间: 1890.00
2025-04-08 16:04:21,574 - DEBUG - 局部搜索未能改进当前解
2025-04-08 16:04:21,578 - DEBUG - 执行AGV分配局部搜索，当前完工时间: 1936.00
2025-04-08 16:04:21,581 - DEBUG - 局部搜索未能改进当前解
2025-04-08 16:04:21,585 - DEBUG - 执行AGV分配局部搜索，当前完工时间: 2077.00
2025-04-08 16:04:21,588 - DEBUG - AGV分配局部搜索成功！完工时间从 2077.00 降低到 2049.00，改进: 28.00 (1.35%)
2025-04-08 16:04:21,593 - DEBUG - 执行AGV分配局部搜索，当前完工时间: 1940.00
2025-04-08 16:04:21,597 - DEBUG - 局部搜索未能改进当前解
2025-04-08 16:04:21,601 - DEBUG - 执行AGV分配局部搜索，当前完工时间: 1956.00
2025-04-08 16:04:21,605 - DEBUG - 局部搜索未能改进当前解
2025-04-08 16:04:21,609 - DEBUG - 执行AGV分配局部搜索，当前完工时间: 1964.00
2025-04-08 16:04:21,612 - DEBUG - 局部搜索未能改进当前解
2025-04-08 16:04:21,616 - DEBUG - 执行AGV分配局部搜索，当前完工时间: 1919.00
2025-04-08 16:04:21,619 - DEBUG - 局部搜索未能改进当前解
2025-04-08 16:04:21,623 - DEBUG - 执行AGV分配局部搜索，当前完工时间: 1925.00
2025-04-08 16:04:21,626 - DEBUG - 局部搜索未能改进当前解
2025-04-08 16:04:21,630 - DEBUG - 执行AGV分配局部搜索，当前完工时间: 1966.00
2025-04-08 16:04:21,634 - DEBUG - 局部搜索未能改进当前解
2025-04-08 16:04:21,637 - DEBUG - 执行AGV分配局部搜索，当前完工时间: 2094.00
2025-04-08 16:04:21,641 - DEBUG - 局部搜索未能改进当前解
2025-04-08 16:04:21,645 - DEBUG - 执行AGV分配局部搜索，当前完工时间: 2004.00
2025-04-08 16:04:21,649 - DEBUG - 局部搜索未能改进当前解
2025-04-08 16:04:21,653 - DEBUG - 执行AGV分配局部搜索，当前完工时间: 2163.00
2025-04-08 16:04:21,656 - DEBUG - 局部搜索未能改进当前解
2025-04-08 16:04:21,660 - DEBUG - 执行AGV分配局部搜索，当前完工时间: 2037.00
2025-04-08 16:04:21,664 - DEBUG - AGV分配局部搜索成功！完工时间从 2037.00 降低到 2007.00，改进: 30.00 (1.47%)
2025-04-08 16:04:21,668 - DEBUG - 执行AGV分配局部搜索，当前完工时间: 2072.00
2025-04-08 16:04:21,671 - DEBUG - 局部搜索未能改进当前解
2025-04-08 16:04:21,674 - DEBUG - 执行AGV分配局部搜索，当前完工时间: 2013.00
2025-04-08 16:04:21,678 - DEBUG - 局部搜索未能改进当前解
2025-04-08 16:04:21,681 - DEBUG - 执行AGV分配局部搜索，当前完工时间: 1879.00
2025-04-08 16:04:21,685 - DEBUG - 局部搜索未能改进当前解
2025-04-08 16:04:21,689 - DEBUG - 执行AGV分配局部搜索，当前完工时间: 1998.00
2025-04-08 16:04:21,693 - DEBUG - 局部搜索未能改进当前解
2025-04-08 16:04:21,696 - DEBUG - 执行AGV分配局部搜索，当前完工时间: 1952.00
2025-04-08 16:04:21,700 - DEBUG - 局部搜索未能改进当前解
2025-04-08 16:04:21,703 - DEBUG - 执行AGV分配局部搜索，当前完工时间: 2014.00
2025-04-08 16:04:21,706 - DEBUG - 局部搜索未能改进当前解
2025-04-08 16:04:21,711 - DEBUG - 执行AGV分配局部搜索，当前完工时间: 1944.00
2025-04-08 16:04:21,714 - DEBUG - 局部搜索未能改进当前解
2025-04-08 16:04:21,718 - DEBUG - 执行AGV分配局部搜索，当前完工时间: 1945.00
2025-04-08 16:04:21,721 - DEBUG - 局部搜索未能改进当前解
2025-04-08 16:04:21,725 - DEBUG - 执行AGV分配局部搜索，当前完工时间: 2084.00
2025-04-08 16:04:21,730 - DEBUG - 局部搜索未能改进当前解
2025-04-08 16:04:21,733 - DEBUG - 执行AGV分配局部搜索，当前完工时间: 1933.00
2025-04-08 16:04:21,737 - DEBUG - 局部搜索未能改进当前解
2025-04-08 16:04:21,741 - DEBUG - 执行AGV分配局部搜索，当前完工时间: 1963.00
2025-04-08 16:04:21,744 - DEBUG - 局部搜索未能改进当前解
2025-04-08 16:04:21,747 - DEBUG - 执行AGV分配局部搜索，当前完工时间: 1988.00
2025-04-08 16:04:21,752 - DEBUG - 局部搜索未能改进当前解
2025-04-08 16:04:21,755 - DEBUG - 执行AGV分配局部搜索，当前完工时间: 1876.00
2025-04-08 16:04:21,759 - DEBUG - 局部搜索未能改进当前解
2025-04-08 16:04:21,763 - DEBUG - 执行AGV分配局部搜索，当前完工时间: 1984.00
2025-04-08 16:04:21,766 - DEBUG - 局部搜索未能改进当前解
2025-04-08 16:04:21,770 - DEBUG - 执行AGV分配局部搜索，当前完工时间: 1942.00
2025-04-08 16:04:21,774 - DEBUG - 局部搜索未能改进当前解
2025-04-08 16:04:21,779 - DEBUG - 执行AGV分配局部搜索，当前完工时间: 1927.00
2025-04-08 16:04:21,782 - DEBUG - 局部搜索未能改进当前解
2025-04-08 16:04:21,786 - DEBUG - 执行AGV分配局部搜索，当前完工时间: 1980.00
2025-04-08 16:04:21,790 - DEBUG - 局部搜索未能改进当前解
2025-04-08 16:04:21,793 - DEBUG - 执行AGV分配局部搜索，当前完工时间: 2040.00
2025-04-08 16:04:21,797 - DEBUG - 局部搜索未能改进当前解
2025-04-08 16:04:21,801 - DEBUG - 执行AGV分配局部搜索，当前完工时间: 2049.00
2025-04-08 16:04:21,805 - DEBUG - AGV分配局部搜索成功！完工时间从 2049.00 降低到 2034.00，改进: 15.00 (0.73%)
2025-04-08 16:04:21,808 - DEBUG - 执行AGV分配局部搜索，当前完工时间: 1881.00
2025-04-08 16:04:21,812 - DEBUG - 局部搜索未能改进当前解
2025-04-08 16:04:21,812 - DEBUG - ==================================================
2025-04-08 16:04:21,812 - DEBUG - Efficiency Statistics of Local Search :
2025-04-08 16:04:21,814 - DEBUG - Number of attempts: 99
2025-04-08 16:04:21,814 - DEBUG - Average Success Rate: 9.09%
2025-04-08 16:04:21,814 - DEBUG - AGV Local Search Success: 9，Average Improvement: 20.56
2025-04-08 16:04:21,817 - DEBUG - 执行AGV分配局部搜索，当前完工时间: 1967.00
2025-04-08 16:04:21,821 - DEBUG - 局部搜索未能改进当前解
2025-04-08 16:04:21,825 - DEBUG - 执行AGV分配局部搜索，当前完工时间: 1862.00
2025-04-08 16:04:21,828 - DEBUG - 局部搜索未能改进当前解
2025-04-08 16:04:21,832 - DEBUG - 执行AGV分配局部搜索，当前完工时间: 1923.00
2025-04-08 16:04:21,835 - DEBUG - 局部搜索未能改进当前解
2025-04-08 16:04:21,838 - DEBUG - 执行AGV分配局部搜索，当前完工时间: 1947.00
2025-04-08 16:04:21,843 - DEBUG - 局部搜索未能改进当前解
2025-04-08 16:04:21,847 - DEBUG - 执行AGV分配局部搜索，当前完工时间: 2078.00
2025-04-08 16:04:21,851 - DEBUG - 局部搜索未能改进当前解
2025-04-08 16:04:21,854 - DEBUG - 执行AGV分配局部搜索，当前完工时间: 1906.00
2025-04-08 16:04:21,857 - DEBUG - 局部搜索未能改进当前解
2025-04-08 16:04:21,862 - DEBUG - 执行AGV分配局部搜索，当前完工时间: 2017.00
2025-04-08 16:04:21,865 - DEBUG - 局部搜索未能改进当前解
2025-04-08 16:04:21,870 - DEBUG - 执行AGV分配局部搜索，当前完工时间: 1988.00
2025-04-08 16:04:21,874 - DEBUG - 局部搜索未能改进当前解
2025-04-08 16:04:21,878 - DEBUG - 执行AGV分配局部搜索，当前完工时间: 1994.00
2025-04-08 16:04:21,882 - DEBUG - AGV分配局部搜索成功！完工时间从 1994.00 降低到 1964.00，改进: 30.00 (1.50%)
2025-04-08 16:04:21,886 - DEBUG - 执行AGV分配局部搜索，当前完工时间: 1994.00
2025-04-08 16:04:21,890 - DEBUG - 局部搜索未能改进当前解
2025-04-08 16:04:21,895 - DEBUG - 执行AGV分配局部搜索，当前完工时间: 2101.00
2025-04-08 16:04:21,897 - DEBUG - AGV分配局部搜索成功！完工时间从 2101.00 降低到 2095.00，改进: 6.00 (0.29%)
2025-04-08 16:04:21,901 - DEBUG - 执行AGV分配局部搜索，当前完工时间: 1876.00
2025-04-08 16:04:21,905 - DEBUG - 局部搜索未能改进当前解
2025-04-08 16:04:21,908 - DEBUG - 执行AGV分配局部搜索，当前完工时间: 1953.00
2025-04-08 16:04:21,912 - DEBUG - 局部搜索未能改进当前解
2025-04-08 16:04:21,916 - DEBUG - 执行AGV分配局部搜索，当前完工时间: 1954.00
2025-04-08 16:04:21,920 - DEBUG - 局部搜索未能改进当前解
2025-04-08 16:04:21,923 - DEBUG - 执行AGV分配局部搜索，当前完工时间: 1904.00
2025-04-08 16:04:21,927 - DEBUG - 局部搜索未能改进当前解
2025-04-08 16:04:21,931 - DEBUG - 执行AGV分配局部搜索，当前完工时间: 1914.00
2025-04-08 16:04:21,935 - DEBUG - 局部搜索未能改进当前解
2025-04-08 16:04:21,940 - DEBUG - 执行AGV分配局部搜索，当前完工时间: 1936.00
2025-04-08 16:04:21,943 - DEBUG - 局部搜索未能改进当前解
2025-04-08 16:04:21,947 - DEBUG - 执行AGV分配局部搜索，当前完工时间: 1955.00
2025-04-08 16:04:21,951 - DEBUG - 局部搜索未能改进当前解
2025-04-08 16:04:21,955 - DEBUG - 执行AGV分配局部搜索，当前完工时间: 1948.00
2025-04-08 16:04:21,958 - DEBUG - 局部搜索未能改进当前解
2025-04-08 16:04:21,963 - DEBUG - 执行AGV分配局部搜索，当前完工时间: 1922.00
2025-04-08 16:04:21,966 - DEBUG - 局部搜索未能改进当前解
2025-04-08 16:04:21,970 - DEBUG - 执行AGV分配局部搜索，当前完工时间: 2010.00
2025-04-08 16:04:21,974 - DEBUG - 局部搜索未能改进当前解
2025-04-08 16:04:21,978 - DEBUG - 执行AGV分配局部搜索，当前完工时间: 2010.00
2025-04-08 16:04:21,981 - DEBUG - AGV分配局部搜索成功！完工时间从 2010.00 降低到 2002.00，改进: 8.00 (0.40%)
2025-04-08 16:04:21,985 - DEBUG - 执行AGV分配局部搜索，当前完工时间: 1928.00
2025-04-08 16:04:21,989 - DEBUG - 局部搜索未能改进当前解
2025-04-08 16:04:21,992 - DEBUG - 执行AGV分配局部搜索，当前完工时间: 1986.00
2025-04-08 16:04:21,996 - DEBUG - 局部搜索未能改进当前解
2025-04-08 16:04:22,000 - DEBUG - 执行AGV分配局部搜索，当前完工时间: 1921.00
2025-04-08 16:04:22,003 - DEBUG - 局部搜索未能改进当前解
2025-04-08 16:04:22,007 - DEBUG - 执行AGV分配局部搜索，当前完工时间: 1875.00
2025-04-08 16:04:22,011 - DEBUG - 局部搜索未能改进当前解
2025-04-08 16:04:22,014 - DEBUG - 执行AGV分配局部搜索，当前完工时间: 1931.00
2025-04-08 16:04:22,019 - DEBUG - 局部搜索未能改进当前解
2025-04-08 16:04:22,023 - DEBUG - 执行AGV分配局部搜索，当前完工时间: 2016.00
2025-04-08 16:04:22,027 - DEBUG - 局部搜索未能改进当前解
2025-04-08 16:04:22,031 - DEBUG - 执行AGV分配局部搜索，当前完工时间: 2063.00
2025-04-08 16:04:22,034 - DEBUG - 局部搜索未能改进当前解
2025-04-08 16:04:22,039 - DEBUG - 执行AGV分配局部搜索，当前完工时间: 1961.00
2025-04-08 16:04:22,042 - DEBUG - AGV分配局部搜索成功！完工时间从 1961.00 降低到 1938.00，改进: 23.00 (1.17%)
2025-04-08 16:04:22,045 - DEBUG - 执行AGV分配局部搜索，当前完工时间: 1915.00
2025-04-08 16:04:22,050 - DEBUG - 局部搜索未能改进当前解
2025-04-08 16:04:22,053 - DEBUG - 执行AGV分配局部搜索，当前完工时间: 1986.00
2025-04-08 16:04:22,057 - DEBUG - 局部搜索未能改进当前解
2025-04-08 16:04:22,061 - DEBUG - 执行AGV分配局部搜索，当前完工时间: 2032.00
2025-04-08 16:04:22,064 - DEBUG - 局部搜索未能改进当前解
2025-04-08 16:04:22,068 - DEBUG - 执行AGV分配局部搜索，当前完工时间: 1968.00
2025-04-08 16:04:22,072 - DEBUG - 局部搜索未能改进当前解
2025-04-08 16:04:22,076 - DEBUG - 执行AGV分配局部搜索，当前完工时间: 1886.00
2025-04-08 16:04:22,080 - DEBUG - AGV分配局部搜索成功！完工时间从 1886.00 降低到 1884.00，改进: 2.00 (0.11%)
2025-04-08 16:04:22,085 - DEBUG - 执行AGV分配局部搜索，当前完工时间: 1908.00
2025-04-08 16:04:22,088 - DEBUG - 局部搜索未能改进当前解
2025-04-08 16:04:22,092 - DEBUG - 执行AGV分配局部搜索，当前完工时间: 2021.00
2025-04-08 16:04:22,095 - DEBUG - 局部搜索未能改进当前解
2025-04-08 16:04:22,099 - DEBUG - 执行AGV分配局部搜索，当前完工时间: 1948.00
2025-04-08 16:04:22,103 - DEBUG - 局部搜索未能改进当前解
2025-04-08 16:04:22,107 - DEBUG - 执行AGV分配局部搜索，当前完工时间: 1965.00
2025-04-08 16:04:22,110 - DEBUG - 局部搜索未能改进当前解
2025-04-08 16:04:22,114 - DEBUG - 执行AGV分配局部搜索，当前完工时间: 1926.00
2025-04-08 16:04:22,117 - DEBUG - 局部搜索未能改进当前解
2025-04-08 16:04:22,121 - DEBUG - 执行AGV分配局部搜索，当前完工时间: 1986.00
2025-04-08 16:04:22,124 - DEBUG - 局部搜索未能改进当前解
2025-04-08 16:04:22,129 - DEBUG - 执行AGV分配局部搜索，当前完工时间: 1946.00
2025-04-08 16:04:22,133 - DEBUG - 局部搜索未能改进当前解
2025-04-08 16:04:22,137 - DEBUG - 执行AGV分配局部搜索，当前完工时间: 1909.00
2025-04-08 16:04:22,140 - DEBUG - 局部搜索未能改进当前解
2025-04-08 16:04:22,144 - DEBUG - 执行AGV分配局部搜索，当前完工时间: 2064.00
2025-04-08 16:04:22,147 - DEBUG - 局部搜索未能改进当前解
2025-04-08 16:04:22,151 - DEBUG - 执行AGV分配局部搜索，当前完工时间: 1997.00
2025-04-08 16:04:22,155 - DEBUG - 局部搜索未能改进当前解
2025-04-08 16:04:22,158 - DEBUG - 执行AGV分配局部搜索，当前完工时间: 1914.00
2025-04-08 16:04:22,162 - DEBUG - 局部搜索未能改进当前解
2025-04-08 16:04:22,166 - DEBUG - 执行AGV分配局部搜索，当前完工时间: 1879.00
2025-04-08 16:04:22,170 - DEBUG - 局部搜索未能改进当前解
2025-04-08 16:04:22,173 - DEBUG - 执行AGV分配局部搜索，当前完工时间: 1890.00
2025-04-08 16:04:22,176 - DEBUG - 局部搜索未能改进当前解
2025-04-08 16:04:22,180 - DEBUG - 执行AGV分配局部搜索，当前完工时间: 1975.00
2025-04-08 16:04:22,184 - DEBUG - 局部搜索未能改进当前解
2025-04-08 16:04:22,188 - DEBUG - 执行AGV分配局部搜索，当前完工时间: 2032.00
2025-04-08 16:04:22,193 - DEBUG - 局部搜索未能改进当前解
2025-04-08 16:04:22,197 - DEBUG - 执行AGV分配局部搜索，当前完工时间: 1995.00
2025-04-08 16:04:22,200 - DEBUG - 局部搜索未能改进当前解
2025-04-08 16:04:22,204 - DEBUG - 执行AGV分配局部搜索，当前完工时间: 1903.00
2025-04-08 16:04:22,208 - DEBUG - 局部搜索未能改进当前解
2025-04-08 16:04:22,212 - DEBUG - 执行AGV分配局部搜索，当前完工时间: 1935.00
2025-04-08 16:04:22,215 - DEBUG - 局部搜索未能改进当前解
2025-04-08 16:04:22,220 - DEBUG - 执行AGV分配局部搜索，当前完工时间: 1933.00
2025-04-08 16:04:22,224 - DEBUG - 局部搜索未能改进当前解
2025-04-08 16:04:22,228 - DEBUG - 执行AGV分配局部搜索，当前完工时间: 1906.00
2025-04-08 16:04:22,231 - DEBUG - 局部搜索未能改进当前解
2025-04-08 16:04:22,235 - DEBUG - 执行AGV分配局部搜索，当前完工时间: 2063.00
2025-04-08 16:04:22,239 - DEBUG - AGV分配局部搜索成功！完工时间从 2063.00 降低到 2055.00，改进: 8.00 (0.39%)
2025-04-08 16:04:22,242 - DEBUG - 执行AGV分配局部搜索，当前完工时间: 1906.00
2025-04-08 16:04:22,245 - DEBUG - AGV分配局部搜索成功！完工时间从 1906.00 降低到 1900.00，改进: 6.00 (0.31%)
2025-04-08 16:04:22,250 - DEBUG - 执行AGV分配局部搜索，当前完工时间: 2006.00
2025-04-08 16:04:22,253 - DEBUG - 局部搜索未能改进当前解
2025-04-08 16:04:22,257 - DEBUG - 执行AGV分配局部搜索，当前完工时间: 1913.00
2025-04-08 16:04:22,262 - DEBUG - 局部搜索未能改进当前解
2025-04-08 16:04:22,266 - DEBUG - 执行AGV分配局部搜索，当前完工时间: 2001.00
2025-04-08 16:04:22,270 - DEBUG - AGV分配局部搜索成功！完工时间从 2001.00 降低到 2000.00，改进: 1.00 (0.05%)
2025-04-08 16:04:22,273 - DEBUG - 执行AGV分配局部搜索，当前完工时间: 2020.00
2025-04-08 16:04:22,278 - DEBUG - 局部搜索未能改进当前解
2025-04-08 16:04:22,282 - DEBUG - 执行AGV分配局部搜索，当前完工时间: 1990.00
2025-04-08 16:04:22,285 - DEBUG - 局部搜索未能改进当前解
2025-04-08 16:04:22,288 - DEBUG - 执行AGV分配局部搜索，当前完工时间: 1993.00
2025-04-08 16:04:22,293 - DEBUG - 局部搜索未能改进当前解
2025-04-08 16:04:22,297 - DEBUG - 执行AGV分配局部搜索，当前完工时间: 1899.00
2025-04-08 16:04:22,301 - DEBUG - 局部搜索未能改进当前解
2025-04-08 16:04:22,304 - DEBUG - 执行AGV分配局部搜索，当前完工时间: 1968.00
2025-04-08 16:04:22,307 - DEBUG - AGV分配局部搜索成功！完工时间从 1968.00 降低到 1967.00，改进: 1.00 (0.05%)
2025-04-08 16:04:22,312 - DEBUG - 执行AGV分配局部搜索，当前完工时间: 1944.00
2025-04-08 16:04:22,315 - DEBUG - AGV分配局部搜索成功！完工时间从 1944.00 降低到 1934.00，改进: 10.00 (0.51%)
2025-04-08 16:04:22,319 - DEBUG - 执行AGV分配局部搜索，当前完工时间: 2038.00
2025-04-08 16:04:22,322 - DEBUG - 局部搜索未能改进当前解
2025-04-08 16:04:22,326 - DEBUG - 执行AGV分配局部搜索，当前完工时间: 1981.00
2025-04-08 16:04:22,330 - DEBUG - AGV分配局部搜索成功！完工时间从 1981.00 降低到 1980.00，改进: 1.00 (0.05%)
2025-04-08 16:04:22,333 - DEBUG - 执行AGV分配局部搜索，当前完工时间: 1898.00
2025-04-08 16:04:22,337 - DEBUG - 局部搜索未能改进当前解
2025-04-08 16:04:22,341 - DEBUG - 执行AGV分配局部搜索，当前完工时间: 2004.00
2025-04-08 16:04:22,345 - DEBUG - 局部搜索未能改进当前解
2025-04-08 16:04:22,348 - DEBUG - 执行AGV分配局部搜索，当前完工时间: 2034.00
2025-04-08 16:04:22,352 - DEBUG - 局部搜索未能改进当前解
2025-04-08 16:04:22,355 - DEBUG - 执行AGV分配局部搜索，当前完工时间: 1885.00
2025-04-08 16:04:22,359 - DEBUG - 局部搜索未能改进当前解
2025-04-08 16:04:22,362 - DEBUG - 执行AGV分配局部搜索，当前完工时间: 2092.00
2025-04-08 16:04:22,366 - DEBUG - 局部搜索未能改进当前解
2025-04-08 16:04:22,370 - DEBUG - 执行AGV分配局部搜索，当前完工时间: 2004.00
2025-04-08 16:04:22,374 - DEBUG - 局部搜索未能改进当前解
2025-04-08 16:04:22,376 - DEBUG - 执行AGV分配局部搜索，当前完工时间: 1876.00
2025-04-08 16:04:22,380 - DEBUG - 局部搜索未能改进当前解
2025-04-08 16:04:22,385 - DEBUG - 执行AGV分配局部搜索，当前完工时间: 1930.00
2025-04-08 16:04:22,388 - DEBUG - AGV分配局部搜索成功！完工时间从 1930.00 降低到 1928.00，改进: 2.00 (0.10%)
2025-04-08 16:04:22,392 - DEBUG - 执行AGV分配局部搜索，当前完工时间: 1939.00
2025-04-08 16:04:22,395 - DEBUG - 局部搜索未能改进当前解
2025-04-08 16:04:22,400 - DEBUG - 执行AGV分配局部搜索，当前完工时间: 2046.00
2025-04-08 16:04:22,403 - DEBUG - 局部搜索未能改进当前解
2025-04-08 16:04:22,407 - DEBUG - 执行AGV分配局部搜索，当前完工时间: 2064.00
2025-04-08 16:04:22,410 - DEBUG - 局部搜索未能改进当前解
2025-04-08 16:04:22,415 - DEBUG - 执行AGV分配局部搜索，当前完工时间: 1947.00
2025-04-08 16:04:22,418 - DEBUG - 局部搜索未能改进当前解
2025-04-08 16:04:22,421 - DEBUG - 执行AGV分配局部搜索，当前完工时间: 1939.00
2025-04-08 16:04:22,426 - DEBUG - 局部搜索未能改进当前解
2025-04-08 16:04:22,429 - DEBUG - 执行AGV分配局部搜索，当前完工时间: 1904.00
2025-04-08 16:04:22,433 - DEBUG - 局部搜索未能改进当前解
2025-04-08 16:04:22,436 - DEBUG - 执行AGV分配局部搜索，当前完工时间: 2016.00
2025-04-08 16:04:22,440 - DEBUG - 局部搜索未能改进当前解
2025-04-08 16:04:22,444 - DEBUG - 执行AGV分配局部搜索，当前完工时间: 1970.00
2025-04-08 16:04:22,447 - DEBUG - AGV分配局部搜索成功！完工时间从 1970.00 降低到 1962.00，改进: 8.00 (0.41%)
2025-04-08 16:04:22,452 - DEBUG - 执行AGV分配局部搜索，当前完工时间: 1919.00
2025-04-08 16:04:22,455 - DEBUG - 局部搜索未能改进当前解
2025-04-08 16:04:22,460 - DEBUG - 执行AGV分配局部搜索，当前完工时间: 1876.00
2025-04-08 16:04:22,462 - DEBUG - 局部搜索未能改进当前解
2025-04-08 16:04:22,466 - DEBUG - 执行AGV分配局部搜索，当前完工时间: 1989.00
2025-04-08 16:04:22,471 - DEBUG - AGV分配局部搜索成功！完工时间从 1989.00 降低到 1958.00，改进: 31.00 (1.56%)
2025-04-08 16:04:22,475 - DEBUG - 执行AGV分配局部搜索，当前完工时间: 1952.00
2025-04-08 16:04:22,479 - DEBUG - 局部搜索未能改进当前解
2025-04-08 16:04:22,482 - DEBUG - 执行AGV分配局部搜索，当前完工时间: 1936.00
2025-04-08 16:04:22,485 - DEBUG - 局部搜索未能改进当前解
2025-04-08 16:04:22,490 - DEBUG - 执行AGV分配局部搜索，当前完工时间: 1946.00
2025-04-08 16:04:22,494 - DEBUG - 局部搜索未能改进当前解
2025-04-08 16:04:22,497 - DEBUG - 执行AGV分配局部搜索，当前完工时间: 1863.00
2025-04-08 16:04:22,501 - DEBUG - 局部搜索未能改进当前解
2025-04-08 16:04:22,505 - DEBUG - 执行AGV分配局部搜索，当前完工时间: 1935.00
2025-04-08 16:04:22,510 - DEBUG - 局部搜索未能改进当前解
2025-04-08 16:04:22,513 - DEBUG - 执行AGV分配局部搜索，当前完工时间: 1966.00
2025-04-08 16:04:22,517 - DEBUG - 局部搜索未能改进当前解
2025-04-08 16:04:22,521 - DEBUG - 执行AGV分配局部搜索，当前完工时间: 1933.00
2025-04-08 16:04:22,524 - DEBUG - 局部搜索未能改进当前解
2025-04-08 16:04:22,528 - DEBUG - 执行AGV分配局部搜索，当前完工时间: 1868.00
2025-04-08 16:04:22,531 - DEBUG - 局部搜索未能改进当前解
2025-04-08 16:04:22,535 - DEBUG - 执行AGV分配局部搜索，当前完工时间: 1980.00
2025-04-08 16:04:22,538 - DEBUG - 局部搜索未能改进当前解
2025-04-08 16:04:22,542 - DEBUG - 执行AGV分配局部搜索，当前完工时间: 1931.00
2025-04-08 16:04:22,545 - DEBUG - 局部搜索未能改进当前解
2025-04-08 16:04:22,550 - DEBUG - 执行AGV分配局部搜索，当前完工时间: 1968.00
2025-04-08 16:04:22,554 - DEBUG - 局部搜索未能改进当前解
2025-04-08 16:04:22,557 - DEBUG - 执行AGV分配局部搜索，当前完工时间: 1933.00
2025-04-08 16:04:22,560 - DEBUG - 局部搜索未能改进当前解
2025-04-08 16:04:22,560 - DEBUG - ==================================================
2025-04-08 16:04:22,560 - DEBUG - Efficiency Statistics of Local Search :
2025-04-08 16:04:22,560 - DEBUG - Number of attempts: 99
2025-04-08 16:04:22,562 - DEBUG - Average Success Rate: 14.14%
2025-04-08 16:04:22,562 - DEBUG - AGV Local Search Success: 14，Average Improvement: 9.79
2025-04-08 16:04:22,565 - DEBUG - 执行AGV分配局部搜索，当前完工时间: 1971.00
2025-04-08 16:04:22,570 - DEBUG - 局部搜索未能改进当前解
2025-04-08 16:04:22,573 - DEBUG - 执行AGV分配局部搜索，当前完工时间: 1946.00
2025-04-08 16:04:22,577 - DEBUG - 局部搜索未能改进当前解
2025-04-08 16:04:22,580 - DEBUG - 执行AGV分配局部搜索，当前完工时间: 1973.00
2025-04-08 16:04:22,585 - DEBUG - 局部搜索未能改进当前解
2025-04-08 16:04:22,589 - DEBUG - 执行AGV分配局部搜索，当前完工时间: 2014.00
2025-04-08 16:04:22,593 - DEBUG - AGV分配局部搜索成功！完工时间从 2014.00 降低到 1995.00，改进: 19.00 (0.94%)
2025-04-08 16:04:22,596 - DEBUG - 执行AGV分配局部搜索，当前完工时间: 2035.00
2025-04-08 16:04:22,600 - DEBUG - 局部搜索未能改进当前解
2025-04-08 16:04:22,603 - DEBUG - 执行AGV分配局部搜索，当前完工时间: 1949.00
2025-04-08 16:04:22,607 - DEBUG - 局部搜索未能改进当前解
2025-04-08 16:04:22,610 - DEBUG - 执行AGV分配局部搜索，当前完工时间: 1902.00
2025-04-08 16:04:22,616 - DEBUG - 局部搜索未能改进当前解
2025-04-08 16:04:22,621 - DEBUG - 执行AGV分配局部搜索，当前完工时间: 1972.00
2025-04-08 16:04:22,625 - DEBUG - 局部搜索未能改进当前解
2025-04-08 16:04:22,629 - DEBUG - 执行AGV分配局部搜索，当前完工时间: 2017.00
2025-04-08 16:04:22,632 - DEBUG - 局部搜索未能改进当前解
2025-04-08 16:04:22,636 - DEBUG - 执行AGV分配局部搜索，当前完工时间: 1934.00
2025-04-08 16:04:22,639 - DEBUG - 局部搜索未能改进当前解
2025-04-08 16:04:22,643 - DEBUG - 执行AGV分配局部搜索，当前完工时间: 2011.00
2025-04-08 16:04:22,647 - DEBUG - 局部搜索未能改进当前解
2025-04-08 16:04:22,650 - DEBUG - 执行AGV分配局部搜索，当前完工时间: 1928.00
2025-04-08 16:04:22,654 - DEBUG - 局部搜索未能改进当前解
2025-04-08 16:04:22,658 - DEBUG - 执行AGV分配局部搜索，当前完工时间: 1952.00
2025-04-08 16:04:22,662 - DEBUG - 局部搜索未能改进当前解
2025-04-08 16:04:22,665 - DEBUG - 执行AGV分配局部搜索，当前完工时间: 1987.00
2025-04-08 16:04:22,669 - DEBUG - 局部搜索未能改进当前解
2025-04-08 16:04:22,673 - DEBUG - 执行AGV分配局部搜索，当前完工时间: 1986.00
2025-04-08 16:04:22,676 - DEBUG - 局部搜索未能改进当前解
2025-04-08 16:04:22,681 - DEBUG - 执行AGV分配局部搜索，当前完工时间: 1962.00
2025-04-08 16:04:22,684 - DEBUG - 局部搜索未能改进当前解
2025-04-08 16:04:22,689 - DEBUG - 执行AGV分配局部搜索，当前完工时间: 1894.00
2025-04-08 16:04:22,693 - DEBUG - 局部搜索未能改进当前解
2025-04-08 16:04:22,696 - DEBUG - 执行AGV分配局部搜索，当前完工时间: 1986.00
2025-04-08 16:04:22,700 - DEBUG - 局部搜索未能改进当前解
2025-04-08 16:04:22,704 - DEBUG - 执行AGV分配局部搜索，当前完工时间: 1969.00
2025-04-08 16:04:22,707 - DEBUG - 局部搜索未能改进当前解
2025-04-08 16:04:22,712 - DEBUG - 执行AGV分配局部搜索，当前完工时间: 2012.00
2025-04-08 16:04:22,715 - DEBUG - 局部搜索未能改进当前解
2025-04-08 16:04:22,719 - DEBUG - 执行AGV分配局部搜索，当前完工时间: 1867.00
2025-04-08 16:04:22,723 - DEBUG - AGV分配局部搜索成功！完工时间从 1867.00 降低到 1864.00，改进: 3.00 (0.16%)
2025-04-08 16:04:22,728 - DEBUG - 执行AGV分配局部搜索，当前完工时间: 1988.00
2025-04-08 16:04:22,731 - DEBUG - AGV分配局部搜索成功！完工时间从 1988.00 降低到 1958.00，改进: 30.00 (1.51%)
2025-04-08 16:04:22,735 - DEBUG - 执行AGV分配局部搜索，当前完工时间: 1962.00
2025-04-08 16:04:22,739 - DEBUG - 局部搜索未能改进当前解
2025-04-08 16:04:22,743 - DEBUG - 执行AGV分配局部搜索，当前完工时间: 1922.00
2025-04-08 16:04:22,747 - DEBUG - 局部搜索未能改进当前解
2025-04-08 16:04:22,750 - DEBUG - 执行AGV分配局部搜索，当前完工时间: 2041.00
2025-04-08 16:04:22,754 - DEBUG - 局部搜索未能改进当前解
2025-04-08 16:04:22,756 - DEBUG - 执行AGV分配局部搜索，当前完工时间: 2083.00
2025-04-08 16:04:22,760 - DEBUG - 局部搜索未能改进当前解
2025-04-08 16:04:22,764 - DEBUG - 执行AGV分配局部搜索，当前完工时间: 1941.00
2025-04-08 16:04:22,768 - DEBUG - 局部搜索未能改进当前解
2025-04-08 16:04:22,772 - DEBUG - 执行AGV分配局部搜索，当前完工时间: 1927.00
2025-04-08 16:04:22,777 - DEBUG - 局部搜索未能改进当前解
2025-04-08 16:04:22,780 - DEBUG - 执行AGV分配局部搜索，当前完工时间: 1915.00
2025-04-08 16:04:22,785 - DEBUG - 局部搜索未能改进当前解
2025-04-08 16:04:22,789 - DEBUG - 执行AGV分配局部搜索，当前完工时间: 1947.00
2025-04-08 16:04:22,792 - DEBUG - 局部搜索未能改进当前解
2025-04-08 16:04:22,795 - DEBUG - 执行AGV分配局部搜索，当前完工时间: 1982.00
2025-04-08 16:04:22,799 - DEBUG - AGV分配局部搜索成功！完工时间从 1982.00 降低到 1940.00，改进: 42.00 (2.12%)
2025-04-08 16:04:22,803 - DEBUG - 执行AGV分配局部搜索，当前完工时间: 2050.00
2025-04-08 16:04:22,806 - DEBUG - 局部搜索未能改进当前解
2025-04-08 16:04:22,810 - DEBUG - 执行AGV分配局部搜索，当前完工时间: 1947.00
2025-04-08 16:04:22,814 - DEBUG - 局部搜索未能改进当前解
2025-04-08 16:04:22,817 - DEBUG - 执行AGV分配局部搜索，当前完工时间: 1993.00
2025-04-08 16:04:22,821 - DEBUG - 局部搜索未能改进当前解
2025-04-08 16:04:22,825 - DEBUG - 执行AGV分配局部搜索，当前完工时间: 1976.00
2025-04-08 16:04:22,828 - DEBUG - 局部搜索未能改进当前解
2025-04-08 16:04:22,831 - DEBUG - 执行AGV分配局部搜索，当前完工时间: 1876.00
2025-04-08 16:04:22,836 - DEBUG - 局部搜索未能改进当前解
2025-04-08 16:04:22,838 - DEBUG - 执行AGV分配局部搜索，当前完工时间: 1932.00
2025-04-08 16:04:22,843 - DEBUG - 局部搜索未能改进当前解
2025-04-08 16:04:22,845 - DEBUG - 执行AGV分配局部搜索，当前完工时间: 1909.00
2025-04-08 16:04:22,850 - DEBUG - 局部搜索未能改进当前解
2025-04-08 16:04:22,854 - DEBUG - 执行AGV分配局部搜索，当前完工时间: 1938.00
2025-04-08 16:04:22,857 - DEBUG - 局部搜索未能改进当前解
2025-04-08 16:04:22,862 - DEBUG - 执行AGV分配局部搜索，当前完工时间: 1909.00
2025-04-08 16:04:22,865 - DEBUG - 局部搜索未能改进当前解
2025-04-08 16:04:22,869 - DEBUG - 执行AGV分配局部搜索，当前完工时间: 1961.00
2025-04-08 16:04:22,873 - DEBUG - 局部搜索未能改进当前解
2025-04-08 16:04:22,877 - DEBUG - 执行AGV分配局部搜索，当前完工时间: 2035.00
2025-04-08 16:04:22,881 - DEBUG - 局部搜索未能改进当前解
2025-04-08 16:04:22,884 - DEBUG - 执行AGV分配局部搜索，当前完工时间: 1892.00
2025-04-08 16:04:22,887 - DEBUG - 局部搜索未能改进当前解
2025-04-08 16:04:22,891 - DEBUG - 执行AGV分配局部搜索，当前完工时间: 1942.00
2025-04-08 16:04:22,895 - DEBUG - 局部搜索未能改进当前解
2025-04-08 16:04:22,899 - DEBUG - 执行AGV分配局部搜索，当前完工时间: 1901.00
2025-04-08 16:04:22,903 - DEBUG - 局部搜索未能改进当前解
2025-04-08 16:04:22,907 - DEBUG - 执行AGV分配局部搜索，当前完工时间: 1898.00
2025-04-08 16:04:22,911 - DEBUG - 局部搜索未能改进当前解
2025-04-08 16:04:22,914 - DEBUG - 执行AGV分配局部搜索，当前完工时间: 1946.00
2025-04-08 16:04:22,918 - DEBUG - 局部搜索未能改进当前解
2025-04-08 16:04:22,922 - DEBUG - 执行AGV分配局部搜索，当前完工时间: 1893.00
2025-04-08 16:04:22,925 - DEBUG - 局部搜索未能改进当前解
2025-04-08 16:04:22,929 - DEBUG - 执行AGV分配局部搜索，当前完工时间: 1916.00
2025-04-08 16:04:22,933 - DEBUG - AGV分配局部搜索成功！完工时间从 1916.00 降低到 1892.00，改进: 24.00 (1.25%)
2025-04-08 16:04:22,937 - DEBUG - 执行AGV分配局部搜索，当前完工时间: 1953.00
2025-04-08 16:04:22,940 - DEBUG - AGV分配局部搜索成功！完工时间从 1953.00 降低到 1905.00，改进: 48.00 (2.46%)
2025-04-08 16:04:22,944 - DEBUG - 执行AGV分配局部搜索，当前完工时间: 1914.00
2025-04-08 16:04:22,947 - DEBUG - 局部搜索未能改进当前解
2025-04-08 16:04:22,952 - DEBUG - 执行AGV分配局部搜索，当前完工时间: 2172.00
2025-04-08 16:04:22,955 - DEBUG - 局部搜索未能改进当前解
2025-04-08 16:04:22,960 - DEBUG - 执行AGV分配局部搜索，当前完工时间: 1908.00
2025-04-08 16:04:22,962 - DEBUG - 局部搜索未能改进当前解
2025-04-08 16:04:22,967 - DEBUG - 执行AGV分配局部搜索，当前完工时间: 1955.00
2025-04-08 16:04:22,970 - DEBUG - 局部搜索未能改进当前解
2025-04-08 16:04:22,974 - DEBUG - 执行AGV分配局部搜索，当前完工时间: 1903.00
2025-04-08 16:04:22,978 - DEBUG - 局部搜索未能改进当前解
2025-04-08 16:04:22,981 - DEBUG - 执行AGV分配局部搜索，当前完工时间: 1915.00
2025-04-08 16:04:22,984 - DEBUG - 局部搜索未能改进当前解
2025-04-08 16:04:22,987 - DEBUG - 执行AGV分配局部搜索，当前完工时间: 1966.00
2025-04-08 16:04:22,992 - DEBUG - AGV分配局部搜索成功！完工时间从 1966.00 降低到 1955.00，改进: 11.00 (0.56%)
2025-04-08 16:04:22,995 - DEBUG - 执行AGV分配局部搜索，当前完工时间: 1923.00
2025-04-08 16:04:22,999 - DEBUG - 局部搜索未能改进当前解
2025-04-08 16:04:23,002 - DEBUG - 执行AGV分配局部搜索，当前完工时间: 2066.00
2025-04-08 16:04:23,006 - DEBUG - 局部搜索未能改进当前解
2025-04-08 16:04:23,009 - DEBUG - 执行AGV分配局部搜索，当前完工时间: 1991.00
2025-04-08 16:04:23,013 - DEBUG - 局部搜索未能改进当前解
2025-04-08 16:04:23,017 - DEBUG - 执行AGV分配局部搜索，当前完工时间: 1919.00
2025-04-08 16:04:23,020 - DEBUG - 局部搜索未能改进当前解
2025-04-08 16:04:23,025 - DEBUG - 执行AGV分配局部搜索，当前完工时间: 1950.00
2025-04-08 16:04:23,029 - DEBUG - 局部搜索未能改进当前解
2025-04-08 16:04:23,032 - DEBUG - 执行AGV分配局部搜索，当前完工时间: 1980.00
2025-04-08 16:04:23,036 - DEBUG - 局部搜索未能改进当前解
2025-04-08 16:04:23,040 - DEBUG - 执行AGV分配局部搜索，当前完工时间: 1954.00
2025-04-08 16:04:23,044 - DEBUG - 局部搜索未能改进当前解
2025-04-08 16:04:23,047 - DEBUG - 执行AGV分配局部搜索，当前完工时间: 1915.00
2025-04-08 16:04:23,051 - DEBUG - 局部搜索未能改进当前解
2025-04-08 16:04:23,055 - DEBUG - 执行AGV分配局部搜索，当前完工时间: 1918.00
2025-04-08 16:04:23,058 - DEBUG - 局部搜索未能改进当前解
2025-04-08 16:04:23,062 - DEBUG - 执行AGV分配局部搜索，当前完工时间: 1958.00
2025-04-08 16:04:23,067 - DEBUG - 局部搜索未能改进当前解
2025-04-08 16:04:23,070 - DEBUG - 执行AGV分配局部搜索，当前完工时间: 1875.00
2025-04-08 16:04:23,074 - DEBUG - 局部搜索未能改进当前解
2025-04-08 16:04:23,079 - DEBUG - 执行AGV分配局部搜索，当前完工时间: 1933.00
2025-04-08 16:04:23,083 - DEBUG - 局部搜索未能改进当前解
2025-04-08 16:04:23,086 - DEBUG - 执行AGV分配局部搜索，当前完工时间: 1937.00
2025-04-08 16:04:23,090 - DEBUG - 局部搜索未能改进当前解
2025-04-08 16:04:23,095 - DEBUG - 执行AGV分配局部搜索，当前完工时间: 1912.00
2025-04-08 16:04:23,099 - DEBUG - AGV分配局部搜索成功！完工时间从 1912.00 降低到 1906.00，改进: 6.00 (0.31%)
2025-04-08 16:04:23,103 - DEBUG - 执行AGV分配局部搜索，当前完工时间: 1973.00
2025-04-08 16:04:23,107 - DEBUG - AGV分配局部搜索成功！完工时间从 1973.00 降低到 1960.00，改进: 13.00 (0.66%)
2025-04-08 16:04:23,112 - DEBUG - 执行AGV分配局部搜索，当前完工时间: 1925.00
2025-04-08 16:04:23,115 - DEBUG - AGV分配局部搜索成功！完工时间从 1925.00 降低到 1911.00，改进: 14.00 (0.73%)
2025-04-08 16:04:23,119 - DEBUG - 执行AGV分配局部搜索，当前完工时间: 1889.00
2025-04-08 16:04:23,123 - DEBUG - 局部搜索未能改进当前解
2025-04-08 16:04:23,127 - DEBUG - 执行AGV分配局部搜索，当前完工时间: 1944.00
2025-04-08 16:04:23,131 - DEBUG - AGV分配局部搜索成功！完工时间从 1944.00 降低到 1888.00，改进: 56.00 (2.88%)
2025-04-08 16:04:23,133 - DEBUG - 执行AGV分配局部搜索，当前完工时间: 1919.00
2025-04-08 16:04:23,137 - DEBUG - 局部搜索未能改进当前解
2025-04-08 16:04:23,141 - DEBUG - 执行AGV分配局部搜索，当前完工时间: 1997.00
2025-04-08 16:04:23,145 - DEBUG - 局部搜索未能改进当前解
2025-04-08 16:04:23,147 - DEBUG - 执行AGV分配局部搜索，当前完工时间: 1915.00
2025-04-08 16:04:23,151 - DEBUG - 局部搜索未能改进当前解
2025-04-08 16:04:23,155 - DEBUG - 执行AGV分配局部搜索，当前完工时间: 1915.00
2025-04-08 16:04:23,159 - DEBUG - 局部搜索未能改进当前解
2025-04-08 16:04:23,164 - DEBUG - 执行AGV分配局部搜索，当前完工时间: 1960.00
2025-04-08 16:04:23,166 - DEBUG - 局部搜索未能改进当前解
2025-04-08 16:04:23,170 - DEBUG - 执行AGV分配局部搜索，当前完工时间: 1923.00
2025-04-08 16:04:23,175 - DEBUG - 局部搜索未能改进当前解
2025-04-08 16:04:23,179 - DEBUG - 执行AGV分配局部搜索，当前完工时间: 1915.00
2025-04-08 16:04:23,182 - DEBUG - 局部搜索未能改进当前解
2025-04-08 16:04:23,186 - DEBUG - 执行AGV分配局部搜索，当前完工时间: 1967.00
2025-04-08 16:04:23,190 - DEBUG - 局部搜索未能改进当前解
2025-04-08 16:04:23,194 - DEBUG - 执行AGV分配局部搜索，当前完工时间: 2055.00
2025-04-08 16:04:23,197 - DEBUG - 局部搜索未能改进当前解
2025-04-08 16:04:23,201 - DEBUG - 执行AGV分配局部搜索，当前完工时间: 2189.00
2025-04-08 16:04:23,205 - DEBUG - 局部搜索未能改进当前解
2025-04-08 16:04:23,209 - DEBUG - 执行AGV分配局部搜索，当前完工时间: 1904.00
2025-04-08 16:04:23,212 - DEBUG - 局部搜索未能改进当前解
2025-04-08 16:04:23,216 - DEBUG - 执行AGV分配局部搜索，当前完工时间: 1856.00
2025-04-08 16:04:23,220 - DEBUG - 局部搜索未能改进当前解
2025-04-08 16:04:23,224 - DEBUG - 执行AGV分配局部搜索，当前完工时间: 2098.00
2025-04-08 16:04:23,228 - DEBUG - 局部搜索未能改进当前解
2025-04-08 16:04:23,231 - DEBUG - 执行AGV分配局部搜索，当前完工时间: 1900.00
2025-04-08 16:04:23,235 - DEBUG - 局部搜索未能改进当前解
2025-04-08 16:04:23,238 - DEBUG - 执行AGV分配局部搜索，当前完工时间: 1859.00
2025-04-08 16:04:23,242 - DEBUG - 局部搜索未能改进当前解
2025-04-08 16:04:23,245 - DEBUG - 执行AGV分配局部搜索，当前完工时间: 1953.00
2025-04-08 16:04:23,249 - DEBUG - 局部搜索未能改进当前解
2025-04-08 16:04:23,254 - DEBUG - 执行AGV分配局部搜索，当前完工时间: 1894.00
2025-04-08 16:04:23,257 - DEBUG - 局部搜索未能改进当前解
2025-04-08 16:04:23,261 - DEBUG - 执行AGV分配局部搜索，当前完工时间: 1908.00
2025-04-08 16:04:23,264 - DEBUG - 局部搜索未能改进当前解
2025-04-08 16:04:23,269 - DEBUG - 执行AGV分配局部搜索，当前完工时间: 2030.00
2025-04-08 16:04:23,273 - DEBUG - AGV分配局部搜索成功！完工时间从 2030.00 降低到 2001.00，改进: 29.00 (1.43%)
2025-04-08 16:04:23,277 - DEBUG - 执行AGV分配局部搜索，当前完工时间: 1904.00
2025-04-08 16:04:23,280 - DEBUG - 局部搜索未能改进当前解
2025-04-08 16:04:23,283 - DEBUG - 执行AGV分配局部搜索，当前完工时间: 1876.00
2025-04-08 16:04:23,287 - DEBUG - 局部搜索未能改进当前解
2025-04-08 16:04:23,291 - DEBUG - 执行AGV分配局部搜索，当前完工时间: 1924.00
2025-04-08 16:04:23,294 - DEBUG - AGV分配局部搜索成功！完工时间从 1924.00 降低到 1915.00，改进: 9.00 (0.47%)
2025-04-08 16:04:23,298 - DEBUG - 执行AGV分配局部搜索，当前完工时间: 1955.00
2025-04-08 16:04:23,301 - DEBUG - 局部搜索未能改进当前解
2025-04-08 16:04:23,305 - DEBUG - 执行AGV分配局部搜索，当前完工时间: 1981.00
2025-04-08 16:04:23,310 - DEBUG - 局部搜索未能改进当前解
2025-04-08 16:04:23,310 - DEBUG - ==================================================
2025-04-08 16:04:23,310 - DEBUG - Efficiency Statistics of Local Search :
2025-04-08 16:04:23,310 - DEBUG - Number of attempts: 99
2025-04-08 16:04:23,310 - DEBUG - Average Success Rate: 13.13%
2025-04-08 16:04:23,310 - DEBUG - AGV Local Search Success: 13，Average Improvement: 23.38
2025-04-08 16:04:23,312 - DEBUG - 执行AGV分配局部搜索，当前完工时间: 1921.00
2025-04-08 16:04:23,316 - DEBUG - 局部搜索未能改进当前解
2025-04-08 16:04:23,320 - DEBUG - 执行AGV分配局部搜索，当前完工时间: 1980.00
2025-04-08 16:04:23,324 - DEBUG - 局部搜索未能改进当前解
2025-04-08 16:04:23,328 - DEBUG - 执行AGV分配局部搜索，当前完工时间: 2023.00
2025-04-08 16:04:23,331 - DEBUG - 局部搜索未能改进当前解
2025-04-08 16:04:23,336 - DEBUG - 执行AGV分配局部搜索，当前完工时间: 1969.00
2025-04-08 16:04:23,340 - DEBUG - 局部搜索未能改进当前解
2025-04-08 16:04:23,344 - DEBUG - 执行AGV分配局部搜索，当前完工时间: 1923.00
2025-04-08 16:04:23,347 - DEBUG - AGV分配局部搜索成功！完工时间从 1923.00 降低到 1914.00，改进: 9.00 (0.47%)
2025-04-08 16:04:23,351 - DEBUG - 执行AGV分配局部搜索，当前完工时间: 1966.00
2025-04-08 16:04:23,355 - DEBUG - 局部搜索未能改进当前解
2025-04-08 16:04:23,359 - DEBUG - 执行AGV分配局部搜索，当前完工时间: 1941.00
2025-04-08 16:04:23,362 - DEBUG - 局部搜索未能改进当前解
2025-04-08 16:04:23,366 - DEBUG - 执行AGV分配局部搜索，当前完工时间: 1848.00
2025-04-08 16:04:23,369 - DEBUG - 局部搜索未能改进当前解
2025-04-08 16:04:23,373 - DEBUG - 执行AGV分配局部搜索，当前完工时间: 1873.00
2025-04-08 16:04:23,377 - DEBUG - 局部搜索未能改进当前解
2025-04-08 16:04:23,381 - DEBUG - 执行AGV分配局部搜索，当前完工时间: 1959.00
2025-04-08 16:04:23,385 - DEBUG - AGV分配局部搜索成功！完工时间从 1959.00 降低到 1956.00，改进: 3.00 (0.15%)
2025-04-08 16:04:23,388 - DEBUG - 执行AGV分配局部搜索，当前完工时间: 1931.00
2025-04-08 16:04:23,392 - DEBUG - 局部搜索未能改进当前解
2025-04-08 16:04:23,396 - DEBUG - 执行AGV分配局部搜索，当前完工时间: 1962.00
2025-04-08 16:04:23,398 - DEBUG - 局部搜索未能改进当前解
2025-04-08 16:04:23,402 - DEBUG - 执行AGV分配局部搜索，当前完工时间: 1949.00
2025-04-08 16:04:23,407 - DEBUG - AGV分配局部搜索成功！完工时间从 1949.00 降低到 1945.00，改进: 4.00 (0.21%)
2025-04-08 16:04:23,410 - DEBUG - 执行AGV分配局部搜索，当前完工时间: 1990.00
2025-04-08 16:04:23,414 - DEBUG - 局部搜索未能改进当前解
2025-04-08 16:04:23,417 - DEBUG - 执行AGV分配局部搜索，当前完工时间: 1971.00
2025-04-08 16:04:23,420 - DEBUG - 局部搜索未能改进当前解
2025-04-08 16:04:23,424 - DEBUG - 执行AGV分配局部搜索，当前完工时间: 1900.00
2025-04-08 16:04:23,428 - DEBUG - 局部搜索未能改进当前解
2025-04-08 16:04:23,431 - DEBUG - 执行AGV分配局部搜索，当前完工时间: 1900.00
2025-04-08 16:04:23,435 - DEBUG - 局部搜索未能改进当前解
2025-04-08 16:04:23,440 - DEBUG - 执行AGV分配局部搜索，当前完工时间: 1909.00
2025-04-08 16:04:23,443 - DEBUG - AGV分配局部搜索成功！完工时间从 1909.00 降低到 1903.00，改进: 6.00 (0.31%)
2025-04-08 16:04:23,447 - DEBUG - 执行AGV分配局部搜索，当前完工时间: 1942.00
2025-04-08 16:04:23,451 - DEBUG - 局部搜索未能改进当前解
2025-04-08 16:04:23,455 - DEBUG - 执行AGV分配局部搜索，当前完工时间: 1922.00
2025-04-08 16:04:23,458 - DEBUG - 局部搜索未能改进当前解
2025-04-08 16:04:23,462 - DEBUG - 执行AGV分配局部搜索，当前完工时间: 2024.00
2025-04-08 16:04:23,466 - DEBUG - 局部搜索未能改进当前解
2025-04-08 16:04:23,470 - DEBUG - 执行AGV分配局部搜索，当前完工时间: 1911.00
2025-04-08 16:04:23,474 - DEBUG - AGV分配局部搜索成功！完工时间从 1911.00 降低到 1905.00，改进: 6.00 (0.31%)
2025-04-08 16:04:23,478 - DEBUG - 执行AGV分配局部搜索，当前完工时间: 2003.00
2025-04-08 16:04:23,482 - DEBUG - 局部搜索未能改进当前解
2025-04-08 16:04:23,485 - DEBUG - 执行AGV分配局部搜索，当前完工时间: 1902.00
2025-04-08 16:04:23,488 - DEBUG - 局部搜索未能改进当前解
2025-04-08 16:04:23,493 - DEBUG - 执行AGV分配局部搜索，当前完工时间: 1894.00
2025-04-08 16:04:23,497 - DEBUG - 局部搜索未能改进当前解
2025-04-08 16:04:23,501 - DEBUG - 执行AGV分配局部搜索，当前完工时间: 1952.00
2025-04-08 16:04:23,504 - DEBUG - 局部搜索未能改进当前解
2025-04-08 16:04:23,507 - DEBUG - 执行AGV分配局部搜索，当前完工时间: 1927.00
2025-04-08 16:04:23,511 - DEBUG - 局部搜索未能改进当前解
2025-04-08 16:04:23,515 - DEBUG - 执行AGV分配局部搜索，当前完工时间: 1898.00
2025-04-08 16:04:23,519 - DEBUG - 局部搜索未能改进当前解
2025-04-08 16:04:23,523 - DEBUG - 执行AGV分配局部搜索，当前完工时间: 1934.00
2025-04-08 16:04:23,527 - DEBUG - 局部搜索未能改进当前解
2025-04-08 16:04:23,530 - DEBUG - 执行AGV分配局部搜索，当前完工时间: 1892.00
2025-04-08 16:04:23,534 - DEBUG - 局部搜索未能改进当前解
2025-04-08 16:04:23,537 - DEBUG - 执行AGV分配局部搜索，当前完工时间: 1862.00
2025-04-08 16:04:23,542 - DEBUG - 局部搜索未能改进当前解
2025-04-08 16:04:23,546 - DEBUG - 执行AGV分配局部搜索，当前完工时间: 1929.00
2025-04-08 16:04:23,549 - DEBUG - 局部搜索未能改进当前解
2025-04-08 16:04:23,553 - DEBUG - 执行AGV分配局部搜索，当前完工时间: 1878.00
2025-04-08 16:04:23,557 - DEBUG - 局部搜索未能改进当前解
2025-04-08 16:04:23,560 - DEBUG - 执行AGV分配局部搜索，当前完工时间: 2034.00
2025-04-08 16:04:23,564 - DEBUG - 局部搜索未能改进当前解
2025-04-08 16:04:23,568 - DEBUG - 执行AGV分配局部搜索，当前完工时间: 1942.00
2025-04-08 16:04:23,572 - DEBUG - 局部搜索未能改进当前解
2025-04-08 16:04:23,576 - DEBUG - 执行AGV分配局部搜索，当前完工时间: 1952.00
2025-04-08 16:04:23,580 - DEBUG - AGV分配局部搜索成功！完工时间从 1952.00 降低到 1927.00，改进: 25.00 (1.28%)
2025-04-08 16:04:23,584 - DEBUG - 执行AGV分配局部搜索，当前完工时间: 1950.00
2025-04-08 16:04:23,589 - DEBUG - 局部搜索未能改进当前解
2025-04-08 16:04:23,592 - DEBUG - 执行AGV分配局部搜索，当前完工时间: 1950.00
2025-04-08 16:04:23,595 - DEBUG - 局部搜索未能改进当前解
2025-04-08 16:04:23,600 - DEBUG - 执行AGV分配局部搜索，当前完工时间: 1897.00
2025-04-08 16:04:23,603 - DEBUG - 局部搜索未能改进当前解
2025-04-08 16:04:23,607 - DEBUG - 执行AGV分配局部搜索，当前完工时间: 1957.00
2025-04-08 16:04:23,610 - DEBUG - 局部搜索未能改进当前解
2025-04-08 16:04:23,614 - DEBUG - 执行AGV分配局部搜索，当前完工时间: 1976.00
2025-04-08 16:04:23,618 - DEBUG - 局部搜索未能改进当前解
2025-04-08 16:04:23,621 - DEBUG - 执行AGV分配局部搜索，当前完工时间: 1905.00
2025-04-08 16:04:23,626 - DEBUG - AGV分配局部搜索成功！完工时间从 1905.00 降低到 1893.00，改进: 12.00 (0.63%)
2025-04-08 16:04:23,629 - DEBUG - 执行AGV分配局部搜索，当前完工时间: 1971.00
2025-04-08 16:04:23,633 - DEBUG - 局部搜索未能改进当前解
2025-04-08 16:04:23,637 - DEBUG - 执行AGV分配局部搜索，当前完工时间: 1908.00
2025-04-08 16:04:23,640 - DEBUG - 局部搜索未能改进当前解
2025-04-08 16:04:23,644 - DEBUG - 执行AGV分配局部搜索，当前完工时间: 1975.00
2025-04-08 16:04:23,647 - DEBUG - AGV分配局部搜索成功！完工时间从 1975.00 降低到 1944.00，改进: 31.00 (1.57%)
2025-04-08 16:04:23,652 - DEBUG - 执行AGV分配局部搜索，当前完工时间: 1910.00
2025-04-08 16:04:23,655 - DEBUG - 局部搜索未能改进当前解
2025-04-08 16:04:23,658 - DEBUG - 执行AGV分配局部搜索，当前完工时间: 1998.00
2025-04-08 16:04:23,662 - DEBUG - 局部搜索未能改进当前解
2025-04-08 16:04:23,666 - DEBUG - 执行AGV分配局部搜索，当前完工时间: 1861.00
2025-04-08 16:04:23,670 - DEBUG - 局部搜索未能改进当前解
2025-04-08 16:04:23,674 - DEBUG - 执行AGV分配局部搜索，当前完工时间: 1937.00
2025-04-08 16:04:23,678 - DEBUG - 局部搜索未能改进当前解
2025-04-08 16:04:23,681 - DEBUG - 执行AGV分配局部搜索，当前完工时间: 1933.00
2025-04-08 16:04:23,684 - DEBUG - 局部搜索未能改进当前解
2025-04-08 16:04:23,688 - DEBUG - 执行AGV分配局部搜索，当前完工时间: 1933.00
2025-04-08 16:04:23,692 - DEBUG - 局部搜索未能改进当前解
2025-04-08 16:04:23,696 - DEBUG - 执行AGV分配局部搜索，当前完工时间: 2002.00
2025-04-08 16:04:23,700 - DEBUG - 局部搜索未能改进当前解
2025-04-08 16:04:23,704 - DEBUG - 执行AGV分配局部搜索，当前完工时间: 1926.00
2025-04-08 16:04:23,707 - DEBUG - 局部搜索未能改进当前解
2025-04-08 16:04:23,710 - DEBUG - 执行AGV分配局部搜索，当前完工时间: 1940.00
2025-04-08 16:04:23,714 - DEBUG - AGV分配局部搜索成功！完工时间从 1940.00 降低到 1930.00，改进: 10.00 (0.52%)
2025-04-08 16:04:23,718 - DEBUG - 执行AGV分配局部搜索，当前完工时间: 2070.00
2025-04-08 16:04:23,721 - DEBUG - 局部搜索未能改进当前解
2025-04-08 16:04:23,725 - DEBUG - 执行AGV分配局部搜索，当前完工时间: 1941.00
2025-04-08 16:04:23,729 - DEBUG - 局部搜索未能改进当前解
2025-04-08 16:04:23,732 - DEBUG - 执行AGV分配局部搜索，当前完工时间: 1955.00
2025-04-08 16:04:23,736 - DEBUG - 局部搜索未能改进当前解
2025-04-08 16:04:23,740 - DEBUG - 执行AGV分配局部搜索，当前完工时间: 1919.00
2025-04-08 16:04:23,743 - DEBUG - AGV分配局部搜索成功！完工时间从 1919.00 降低到 1916.00，改进: 3.00 (0.16%)
2025-04-08 16:04:23,747 - DEBUG - 执行AGV分配局部搜索，当前完工时间: 1888.00
2025-04-08 16:04:23,751 - DEBUG - 局部搜索未能改进当前解
2025-04-08 16:04:23,755 - DEBUG - 执行AGV分配局部搜索，当前完工时间: 1899.00
2025-04-08 16:04:23,759 - DEBUG - AGV分配局部搜索成功！完工时间从 1899.00 降低到 1894.00，改进: 5.00 (0.26%)
2025-04-08 16:04:23,762 - DEBUG - 执行AGV分配局部搜索，当前完工时间: 1993.00
2025-04-08 16:04:23,766 - DEBUG - 局部搜索未能改进当前解
2025-04-08 16:04:23,771 - DEBUG - 执行AGV分配局部搜索，当前完工时间: 1916.00
2025-04-08 16:04:23,774 - DEBUG - 局部搜索未能改进当前解
2025-04-08 16:04:23,778 - DEBUG - 执行AGV分配局部搜索，当前完工时间: 1848.00
2025-04-08 16:04:23,782 - DEBUG - 局部搜索未能改进当前解
2025-04-08 16:04:23,785 - DEBUG - 执行AGV分配局部搜索，当前完工时间: 1898.00
2025-04-08 16:04:23,790 - DEBUG - 局部搜索未能改进当前解
2025-04-08 16:04:23,793 - DEBUG - 执行AGV分配局部搜索，当前完工时间: 1909.00
2025-04-08 16:04:23,798 - DEBUG - 局部搜索未能改进当前解
2025-04-08 16:04:23,801 - DEBUG - 执行AGV分配局部搜索，当前完工时间: 2035.00
2025-04-08 16:04:23,805 - DEBUG - 局部搜索未能改进当前解
2025-04-08 16:04:23,808 - DEBUG - 执行AGV分配局部搜索，当前完工时间: 2124.00
2025-04-08 16:04:23,812 - DEBUG - 局部搜索未能改进当前解
2025-04-08 16:04:23,816 - DEBUG - 执行AGV分配局部搜索，当前完工时间: 2001.00
2025-04-08 16:04:23,820 - DEBUG - 局部搜索未能改进当前解
2025-04-08 16:04:23,823 - DEBUG - 执行AGV分配局部搜索，当前完工时间: 1963.00
2025-04-08 16:04:23,826 - DEBUG - 局部搜索未能改进当前解
2025-04-08 16:04:23,831 - DEBUG - 执行AGV分配局部搜索，当前完工时间: 1938.00
2025-04-08 16:04:23,834 - DEBUG - 局部搜索未能改进当前解
2025-04-08 16:04:23,837 - DEBUG - 执行AGV分配局部搜索，当前完工时间: 1915.00
2025-04-08 16:04:23,841 - DEBUG - AGV分配局部搜索成功！完工时间从 1915.00 降低到 1905.00，改进: 10.00 (0.52%)
2025-04-08 16:04:23,845 - DEBUG - 执行AGV分配局部搜索，当前完工时间: 2089.00
2025-04-08 16:04:23,847 - DEBUG - AGV分配局部搜索成功！完工时间从 2089.00 降低到 2035.00，改进: 54.00 (2.58%)
2025-04-08 16:04:23,853 - DEBUG - 执行AGV分配局部搜索，当前完工时间: 1993.00
2025-04-08 16:04:23,856 - DEBUG - 局部搜索未能改进当前解
2025-04-08 16:04:23,859 - DEBUG - 执行AGV分配局部搜索，当前完工时间: 1922.00
2025-04-08 16:04:23,864 - DEBUG - 局部搜索未能改进当前解
2025-04-08 16:04:23,866 - DEBUG - 执行AGV分配局部搜索，当前完工时间: 1941.00
2025-04-08 16:04:23,871 - DEBUG - AGV分配局部搜索成功！完工时间从 1941.00 降低到 1927.00，改进: 14.00 (0.72%)
2025-04-08 16:04:23,874 - DEBUG - 执行AGV分配局部搜索，当前完工时间: 1925.00
2025-04-08 16:04:23,878 - DEBUG - 局部搜索未能改进当前解
2025-04-08 16:04:23,881 - DEBUG - 执行AGV分配局部搜索，当前完工时间: 2096.00
2025-04-08 16:04:23,884 - DEBUG - 局部搜索未能改进当前解
2025-04-08 16:04:23,889 - DEBUG - 执行AGV分配局部搜索，当前完工时间: 1917.00
2025-04-08 16:04:23,893 - DEBUG - AGV分配局部搜索成功！完工时间从 1917.00 降低到 1892.00，改进: 25.00 (1.30%)
2025-04-08 16:04:23,896 - DEBUG - 执行AGV分配局部搜索，当前完工时间: 1969.00
2025-04-08 16:04:23,900 - DEBUG - 局部搜索未能改进当前解
2025-04-08 16:04:23,904 - DEBUG - 执行AGV分配局部搜索，当前完工时间: 1964.00
2025-04-08 16:04:23,908 - DEBUG - 局部搜索未能改进当前解
2025-04-08 16:04:23,911 - DEBUG - 执行AGV分配局部搜索，当前完工时间: 1926.00
2025-04-08 16:04:23,915 - DEBUG - 局部搜索未能改进当前解
2025-04-08 16:04:23,919 - DEBUG - 执行AGV分配局部搜索，当前完工时间: 1958.00
2025-04-08 16:04:23,922 - DEBUG - AGV分配局部搜索成功！完工时间从 1958.00 降低到 1957.00，改进: 1.00 (0.05%)
2025-04-08 16:04:23,927 - DEBUG - 执行AGV分配局部搜索，当前完工时间: 2022.00
2025-04-08 16:04:23,930 - DEBUG - 局部搜索未能改进当前解
2025-04-08 16:04:23,933 - DEBUG - 执行AGV分配局部搜索，当前完工时间: 1926.00
2025-04-08 16:04:23,937 - DEBUG - 局部搜索未能改进当前解
2025-04-08 16:04:23,941 - DEBUG - 执行AGV分配局部搜索，当前完工时间: 1890.00
2025-04-08 16:04:23,944 - DEBUG - 局部搜索未能改进当前解
2025-04-08 16:04:23,948 - DEBUG - 执行AGV分配局部搜索，当前完工时间: 1846.00
2025-04-08 16:04:23,952 - DEBUG - 局部搜索未能改进当前解
2025-04-08 16:04:23,956 - DEBUG - 执行AGV分配局部搜索，当前完工时间: 1846.00
2025-04-08 16:04:23,959 - DEBUG - 局部搜索未能改进当前解
2025-04-08 16:04:23,963 - DEBUG - 执行AGV分配局部搜索，当前完工时间: 1855.00
2025-04-08 16:04:23,967 - DEBUG - 局部搜索未能改进当前解
2025-04-08 16:04:23,970 - DEBUG - 执行AGV分配局部搜索，当前完工时间: 1864.00
2025-04-08 16:04:23,974 - DEBUG - 局部搜索未能改进当前解
2025-04-08 16:04:23,978 - DEBUG - 执行AGV分配局部搜索，当前完工时间: 2039.00
2025-04-08 16:04:23,981 - DEBUG - 局部搜索未能改进当前解
2025-04-08 16:04:23,986 - DEBUG - 执行AGV分配局部搜索，当前完工时间: 1918.00
2025-04-08 16:04:23,990 - DEBUG - 局部搜索未能改进当前解
2025-04-08 16:04:23,993 - DEBUG - 执行AGV分配局部搜索，当前完工时间: 1914.00
2025-04-08 16:04:23,997 - DEBUG - 局部搜索未能改进当前解
2025-04-08 16:04:24,000 - DEBUG - 执行AGV分配局部搜索，当前完工时间: 1920.00
2025-04-08 16:04:24,004 - DEBUG - 局部搜索未能改进当前解
2025-04-08 16:04:24,008 - DEBUG - 执行AGV分配局部搜索，当前完工时间: 1991.00
2025-04-08 16:04:24,012 - DEBUG - 局部搜索未能改进当前解
2025-04-08 16:04:24,016 - DEBUG - 执行AGV分配局部搜索，当前完工时间: 1928.00
2025-04-08 16:04:24,020 - DEBUG - 局部搜索未能改进当前解
2025-04-08 16:04:24,024 - DEBUG - 执行AGV分配局部搜索，当前完工时间: 1923.00
2025-04-08 16:04:24,028 - DEBUG - 局部搜索未能改进当前解
2025-04-08 16:04:24,031 - DEBUG - 执行AGV分配局部搜索，当前完工时间: 1982.00
2025-04-08 16:04:24,035 - DEBUG - 局部搜索未能改进当前解
2025-04-08 16:04:24,038 - DEBUG - 执行AGV分配局部搜索，当前完工时间: 2066.00
2025-04-08 16:04:24,043 - DEBUG - 局部搜索未能改进当前解
2025-04-08 16:04:24,047 - DEBUG - 执行AGV分配局部搜索，当前完工时间: 2022.00
2025-04-08 16:04:24,050 - DEBUG - 局部搜索未能改进当前解
2025-04-08 16:04:24,051 - DEBUG - ==================================================
2025-04-08 16:04:24,051 - DEBUG - Efficiency Statistics of Local Search :
2025-04-08 16:04:24,051 - DEBUG - Number of attempts: 99
2025-04-08 16:04:24,051 - DEBUG - Average Success Rate: 16.16%
2025-04-08 16:04:24,051 - DEBUG - AGV Local Search Success: 16，Average Improvement: 13.62
2025-04-08 16:04:24,055 - DEBUG - 执行AGV分配局部搜索，当前完工时间: 2000.00
2025-04-08 16:04:24,059 - DEBUG - AGV分配局部搜索成功！完工时间从 2000.00 降低到 1966.00，改进: 34.00 (1.70%)
2025-04-08 16:04:24,063 - DEBUG - 执行AGV分配局部搜索，当前完工时间: 1966.00
2025-04-08 16:04:24,066 - DEBUG - 局部搜索未能改进当前解
2025-04-08 16:04:24,070 - DEBUG - 执行AGV分配局部搜索，当前完工时间: 2001.00
2025-04-08 16:04:24,074 - DEBUG - 局部搜索未能改进当前解
2025-04-08 16:04:24,079 - DEBUG - 执行AGV分配局部搜索，当前完工时间: 2000.00
2025-04-08 16:04:24,083 - DEBUG - 局部搜索未能改进当前解
2025-04-08 16:04:24,088 - DEBUG - 执行AGV分配局部搜索，当前完工时间: 1880.00
2025-04-08 16:04:24,092 - DEBUG - 局部搜索未能改进当前解
2025-04-08 16:04:24,097 - DEBUG - 执行AGV分配局部搜索，当前完工时间: 1970.00
2025-04-08 16:04:24,101 - DEBUG - 局部搜索未能改进当前解
2025-04-08 16:04:24,104 - DEBUG - 执行AGV分配局部搜索，当前完工时间: 1931.00
2025-04-08 16:04:24,108 - DEBUG - 局部搜索未能改进当前解
2025-04-08 16:04:24,112 - DEBUG - 执行AGV分配局部搜索，当前完工时间: 1985.00
2025-04-08 16:04:24,116 - DEBUG - 局部搜索未能改进当前解
2025-04-08 16:04:24,120 - DEBUG - 执行AGV分配局部搜索，当前完工时间: 1998.00
2025-04-08 16:04:24,123 - DEBUG - 局部搜索未能改进当前解
2025-04-08 16:04:24,127 - DEBUG - 执行AGV分配局部搜索，当前完工时间: 1881.00
2025-04-08 16:04:24,130 - DEBUG - 局部搜索未能改进当前解
2025-04-08 16:04:24,134 - DEBUG - 执行AGV分配局部搜索，当前完工时间: 1918.00
2025-04-08 16:04:24,138 - DEBUG - 局部搜索未能改进当前解
2025-04-08 16:04:24,141 - DEBUG - 执行AGV分配局部搜索，当前完工时间: 1962.00
2025-04-08 16:04:24,145 - DEBUG - 局部搜索未能改进当前解
2025-04-08 16:04:24,149 - DEBUG - 执行AGV分配局部搜索，当前完工时间: 2064.00
2025-04-08 16:04:24,153 - DEBUG - 局部搜索未能改进当前解
2025-04-08 16:04:24,157 - DEBUG - 执行AGV分配局部搜索，当前完工时间: 2085.00
2025-04-08 16:04:24,160 - DEBUG - AGV分配局部搜索成功！完工时间从 2085.00 降低到 2068.00，改进: 17.00 (0.82%)
2025-04-08 16:04:24,164 - DEBUG - 执行AGV分配局部搜索，当前完工时间: 1849.00
2025-04-08 16:04:24,175 - DEBUG - 局部搜索未能改进当前解
2025-04-08 16:04:24,183 - DEBUG - 执行AGV分配局部搜索，当前完工时间: 1998.00
2025-04-08 16:04:24,187 - DEBUG - 局部搜索未能改进当前解
2025-04-08 16:04:24,192 - DEBUG - 执行AGV分配局部搜索，当前完工时间: 1960.00
2025-04-08 16:04:24,195 - DEBUG - 局部搜索未能改进当前解
2025-04-08 16:04:24,201 - DEBUG - 执行AGV分配局部搜索，当前完工时间: 2051.00
2025-04-08 16:04:24,205 - DEBUG - 局部搜索未能改进当前解
2025-04-08 16:04:24,209 - DEBUG - 执行AGV分配局部搜索，当前完工时间: 1873.00
2025-04-08 16:04:24,212 - DEBUG - 局部搜索未能改进当前解
2025-04-08 16:04:24,217 - DEBUG - 执行AGV分配局部搜索，当前完工时间: 1921.00
2025-04-08 16:04:24,222 - DEBUG - 局部搜索未能改进当前解
2025-04-08 16:04:24,227 - DEBUG - 执行AGV分配局部搜索，当前完工时间: 1968.00
2025-04-08 16:04:24,230 - DEBUG - 局部搜索未能改进当前解
2025-04-08 16:04:24,235 - DEBUG - 执行AGV分配局部搜索，当前完工时间: 1910.00
2025-04-08 16:04:24,239 - DEBUG - 局部搜索未能改进当前解
2025-04-08 16:04:24,242 - DEBUG - 执行AGV分配局部搜索，当前完工时间: 1954.00
2025-04-08 16:04:24,245 - DEBUG - 局部搜索未能改进当前解
2025-04-08 16:04:24,251 - DEBUG - 执行AGV分配局部搜索，当前完工时间: 2037.00
2025-04-08 16:04:24,255 - DEBUG - 局部搜索未能改进当前解
2025-04-08 16:04:24,258 - DEBUG - 执行AGV分配局部搜索，当前完工时间: 1886.00
2025-04-08 16:04:24,262 - DEBUG - 局部搜索未能改进当前解
2025-04-08 16:04:24,266 - DEBUG - 执行AGV分配局部搜索，当前完工时间: 1954.00
2025-04-08 16:04:24,270 - DEBUG - 局部搜索未能改进当前解
2025-04-08 16:04:24,273 - DEBUG - 执行AGV分配局部搜索，当前完工时间: 1835.00
2025-04-08 16:04:24,276 - DEBUG - 局部搜索未能改进当前解
2025-04-08 16:04:24,280 - DEBUG - 执行AGV分配局部搜索，当前完工时间: 1893.00
2025-04-08 16:04:24,284 - DEBUG - AGV分配局部搜索成功！完工时间从 1893.00 降低到 1873.00，改进: 20.00 (1.06%)
2025-04-08 16:04:24,288 - DEBUG - 执行AGV分配局部搜索，当前完工时间: 1968.00
2025-04-08 16:04:24,291 - DEBUG - 局部搜索未能改进当前解
2025-04-08 16:04:24,295 - DEBUG - 执行AGV分配局部搜索，当前完工时间: 1862.00
2025-04-08 16:04:24,299 - DEBUG - 局部搜索未能改进当前解
2025-04-08 16:04:24,303 - DEBUG - 执行AGV分配局部搜索，当前完工时间: 1907.00
2025-04-08 16:04:24,307 - DEBUG - 局部搜索未能改进当前解
2025-04-08 16:04:24,311 - DEBUG - 执行AGV分配局部搜索，当前完工时间: 1934.00
2025-04-08 16:04:24,315 - DEBUG - 局部搜索未能改进当前解
2025-04-08 16:04:24,319 - DEBUG - 执行AGV分配局部搜索，当前完工时间: 1894.00
2025-04-08 16:04:24,322 - DEBUG - 局部搜索未能改进当前解
2025-04-08 16:04:24,327 - DEBUG - 执行AGV分配局部搜索，当前完工时间: 1905.00
2025-04-08 16:04:24,330 - DEBUG - 局部搜索未能改进当前解
2025-04-08 16:04:24,334 - DEBUG - 执行AGV分配局部搜索，当前完工时间: 1930.00
2025-04-08 16:04:24,337 - DEBUG - 局部搜索未能改进当前解
2025-04-08 16:04:24,341 - DEBUG - 执行AGV分配局部搜索，当前完工时间: 1892.00
2025-04-08 16:04:24,344 - DEBUG - 局部搜索未能改进当前解
2025-04-08 16:04:24,348 - DEBUG - 执行AGV分配局部搜索，当前完工时间: 2002.00
2025-04-08 16:04:24,351 - DEBUG - 局部搜索未能改进当前解
2025-04-08 16:04:24,355 - DEBUG - 执行AGV分配局部搜索，当前完工时间: 1872.00
2025-04-08 16:04:24,360 - DEBUG - 局部搜索未能改进当前解
2025-04-08 16:04:24,364 - DEBUG - 执行AGV分配局部搜索，当前完工时间: 1974.00
2025-04-08 16:04:24,368 - DEBUG - 局部搜索未能改进当前解
2025-04-08 16:04:24,370 - DEBUG - 执行AGV分配局部搜索，当前完工时间: 1893.00
2025-04-08 16:04:24,375 - DEBUG - AGV分配局部搜索成功！完工时间从 1893.00 降低到 1867.00，改进: 26.00 (1.37%)
2025-04-08 16:04:24,379 - DEBUG - 执行AGV分配局部搜索，当前完工时间: 1898.00
2025-04-08 16:04:24,382 - DEBUG - AGV分配局部搜索成功！完工时间从 1898.00 降低到 1878.00，改进: 20.00 (1.05%)
2025-04-08 16:04:24,385 - DEBUG - 执行AGV分配局部搜索，当前完工时间: 1922.00
2025-04-08 16:04:24,390 - DEBUG - 局部搜索未能改进当前解
2025-04-08 16:04:24,393 - DEBUG - 执行AGV分配局部搜索，当前完工时间: 1892.00
2025-04-08 16:04:24,397 - DEBUG - 局部搜索未能改进当前解
2025-04-08 16:04:24,401 - DEBUG - 执行AGV分配局部搜索，当前完工时间: 2085.00
2025-04-08 16:04:24,404 - DEBUG - 局部搜索未能改进当前解
2025-04-08 16:04:24,407 - DEBUG - 执行AGV分配局部搜索，当前完工时间: 1947.00
2025-04-08 16:04:24,411 - DEBUG - 局部搜索未能改进当前解
2025-04-08 16:04:24,415 - DEBUG - 执行AGV分配局部搜索，当前完工时间: 2014.00
2025-04-08 16:04:24,419 - DEBUG - 局部搜索未能改进当前解
2025-04-08 16:04:24,423 - DEBUG - 执行AGV分配局部搜索，当前完工时间: 1961.00
2025-04-08 16:04:24,426 - DEBUG - 局部搜索未能改进当前解
2025-04-08 16:04:24,430 - DEBUG - 执行AGV分配局部搜索，当前完工时间: 2130.00
2025-04-08 16:04:24,434 - DEBUG - 局部搜索未能改进当前解
2025-04-08 16:04:24,437 - DEBUG - 执行AGV分配局部搜索，当前完工时间: 1998.00
2025-04-08 16:04:24,441 - DEBUG - 局部搜索未能改进当前解
2025-04-08 16:04:24,445 - DEBUG - 执行AGV分配局部搜索，当前完工时间: 2028.00
2025-04-08 16:04:24,449 - DEBUG - 局部搜索未能改进当前解
2025-04-08 16:04:24,453 - DEBUG - 执行AGV分配局部搜索，当前完工时间: 1927.00
2025-04-08 16:04:24,457 - DEBUG - 局部搜索未能改进当前解
2025-04-08 16:04:24,460 - DEBUG - 执行AGV分配局部搜索，当前完工时间: 1914.00
2025-04-08 16:04:24,462 - DEBUG - 局部搜索未能改进当前解
2025-04-08 16:04:24,467 - DEBUG - 执行AGV分配局部搜索，当前完工时间: 1988.00
2025-04-08 16:04:24,471 - DEBUG - 局部搜索未能改进当前解
2025-04-08 16:04:24,474 - DEBUG - 执行AGV分配局部搜索，当前完工时间: 1949.00
2025-04-08 16:04:24,478 - DEBUG - 局部搜索未能改进当前解
2025-04-08 16:04:24,482 - DEBUG - 执行AGV分配局部搜索，当前完工时间: 2041.00
2025-04-08 16:04:24,486 - DEBUG - 局部搜索未能改进当前解
2025-04-08 16:04:24,488 - DEBUG - 执行AGV分配局部搜索，当前完工时间: 1934.00
2025-04-08 16:04:24,493 - DEBUG - 局部搜索未能改进当前解
2025-04-08 16:04:24,497 - DEBUG - 执行AGV分配局部搜索，当前完工时间: 1975.00
2025-04-08 16:04:24,501 - DEBUG - 局部搜索未能改进当前解
2025-04-08 16:04:24,504 - DEBUG - 执行AGV分配局部搜索，当前完工时间: 1957.00
2025-04-08 16:04:24,507 - DEBUG - 局部搜索未能改进当前解
2025-04-08 16:04:24,511 - DEBUG - 执行AGV分配局部搜索，当前完工时间: 1856.00
2025-04-08 16:04:24,515 - DEBUG - 局部搜索未能改进当前解
2025-04-08 16:04:24,519 - DEBUG - 执行AGV分配局部搜索，当前完工时间: 1943.00
2025-04-08 16:04:24,523 - DEBUG - 局部搜索未能改进当前解
2025-04-08 16:04:24,526 - DEBUG - 执行AGV分配局部搜索，当前完工时间: 1821.00
2025-04-08 16:04:24,530 - DEBUG - AGV分配局部搜索成功！完工时间从 1821.00 降低到 1802.00，改进: 19.00 (1.04%)
2025-04-08 16:04:24,534 - DEBUG - 执行AGV分配局部搜索，当前完工时间: 1870.00
2025-04-08 16:04:24,539 - DEBUG - 局部搜索未能改进当前解
2025-04-08 16:04:24,542 - DEBUG - 执行AGV分配局部搜索，当前完工时间: 1909.00
2025-04-08 16:04:24,546 - DEBUG - 局部搜索未能改进当前解
2025-04-08 16:04:24,550 - DEBUG - 执行AGV分配局部搜索，当前完工时间: 1998.00
2025-04-08 16:04:24,553 - DEBUG - 局部搜索未能改进当前解
2025-04-08 16:04:24,557 - DEBUG - 执行AGV分配局部搜索，当前完工时间: 1904.00
2025-04-08 16:04:24,560 - DEBUG - 局部搜索未能改进当前解
2025-04-08 16:04:24,564 - DEBUG - 执行AGV分配局部搜索，当前完工时间: 1987.00
2025-04-08 16:04:24,568 - DEBUG - 局部搜索未能改进当前解
2025-04-08 16:04:24,572 - DEBUG - 执行AGV分配局部搜索，当前完工时间: 1888.00
2025-04-08 16:04:24,576 - DEBUG - 局部搜索未能改进当前解
2025-04-08 16:04:24,580 - DEBUG - 执行AGV分配局部搜索，当前完工时间: 1945.00
2025-04-08 16:04:24,583 - DEBUG - 局部搜索未能改进当前解
2025-04-08 16:04:24,588 - DEBUG - 执行AGV分配局部搜索，当前完工时间: 1984.00
2025-04-08 16:04:24,592 - DEBUG - 局部搜索未能改进当前解
2025-04-08 16:04:24,596 - DEBUG - 执行AGV分配局部搜索，当前完工时间: 1901.00
2025-04-08 16:04:24,599 - DEBUG - 局部搜索未能改进当前解
2025-04-08 16:04:24,603 - DEBUG - 执行AGV分配局部搜索，当前完工时间: 2094.00
2025-04-08 16:04:24,608 - DEBUG - 局部搜索未能改进当前解
2025-04-08 16:04:24,612 - DEBUG - 执行AGV分配局部搜索，当前完工时间: 1963.00
2025-04-08 16:04:24,616 - DEBUG - 局部搜索未能改进当前解
2025-04-08 16:04:24,620 - DEBUG - 执行AGV分配局部搜索，当前完工时间: 2088.00
2025-04-08 16:04:24,623 - DEBUG - 局部搜索未能改进当前解
2025-04-08 16:04:24,626 - DEBUG - 执行AGV分配局部搜索，当前完工时间: 1929.00
2025-04-08 16:04:24,630 - DEBUG - 局部搜索未能改进当前解
2025-04-08 16:04:24,634 - DEBUG - 执行AGV分配局部搜索，当前完工时间: 1944.00
2025-04-08 16:04:24,637 - DEBUG - AGV分配局部搜索成功！完工时间从 1944.00 降低到 1928.00，改进: 16.00 (0.82%)
2025-04-08 16:04:24,642 - DEBUG - 执行AGV分配局部搜索，当前完工时间: 1943.00
2025-04-08 16:04:24,646 - DEBUG - 局部搜索未能改进当前解
2025-04-08 16:04:24,649 - DEBUG - 执行AGV分配局部搜索，当前完工时间: 1898.00
2025-04-08 16:04:24,653 - DEBUG - 局部搜索未能改进当前解
2025-04-08 16:04:24,657 - DEBUG - 执行AGV分配局部搜索，当前完工时间: 2001.00
2025-04-08 16:04:24,660 - DEBUG - 局部搜索未能改进当前解
2025-04-08 16:04:24,664 - DEBUG - 执行AGV分配局部搜索，当前完工时间: 1943.00
2025-04-08 16:04:24,668 - DEBUG - 局部搜索未能改进当前解
2025-04-08 16:04:24,672 - DEBUG - 执行AGV分配局部搜索，当前完工时间: 1877.00
2025-04-08 16:04:24,675 - DEBUG - 局部搜索未能改进当前解
2025-04-08 16:04:24,679 - DEBUG - 执行AGV分配局部搜索，当前完工时间: 1955.00
2025-04-08 16:04:24,682 - DEBUG - 局部搜索未能改进当前解
2025-04-08 16:04:24,686 - DEBUG - 执行AGV分配局部搜索，当前完工时间: 2012.00
2025-04-08 16:04:24,690 - DEBUG - 局部搜索未能改进当前解
2025-04-08 16:04:24,693 - DEBUG - 执行AGV分配局部搜索，当前完工时间: 1962.00
2025-04-08 16:04:24,696 - DEBUG - 局部搜索未能改进当前解
2025-04-08 16:04:24,701 - DEBUG - 执行AGV分配局部搜索，当前完工时间: 1896.00
2025-04-08 16:04:24,705 - DEBUG - 局部搜索未能改进当前解
2025-04-08 16:04:24,708 - DEBUG - 执行AGV分配局部搜索，当前完工时间: 1919.00
2025-04-08 16:04:24,711 - DEBUG - 局部搜索未能改进当前解
2025-04-08 16:04:24,715 - DEBUG - 执行AGV分配局部搜索，当前完工时间: 2007.00
2025-04-08 16:04:24,719 - DEBUG - AGV分配局部搜索成功！完工时间从 2007.00 降低到 2002.00，改进: 5.00 (0.25%)
2025-04-08 16:04:24,722 - DEBUG - 执行AGV分配局部搜索，当前完工时间: 2022.00
2025-04-08 16:04:24,725 - DEBUG - 局部搜索未能改进当前解
2025-04-08 16:04:24,729 - DEBUG - 执行AGV分配局部搜索，当前完工时间: 1982.00
2025-04-08 16:04:24,733 - DEBUG - 局部搜索未能改进当前解
2025-04-08 16:04:24,737 - DEBUG - 执行AGV分配局部搜索，当前完工时间: 1943.00
2025-04-08 16:04:24,741 - DEBUG - 局部搜索未能改进当前解
2025-04-08 16:04:24,745 - DEBUG - 执行AGV分配局部搜索，当前完工时间: 1945.00
2025-04-08 16:04:24,748 - DEBUG - 局部搜索未能改进当前解
2025-04-08 16:04:24,753 - DEBUG - 执行AGV分配局部搜索，当前完工时间: 1890.00
2025-04-08 16:04:24,756 - DEBUG - 局部搜索未能改进当前解
2025-04-08 16:04:24,759 - DEBUG - 执行AGV分配局部搜索，当前完工时间: 1910.00
2025-04-08 16:04:24,763 - DEBUG - 局部搜索未能改进当前解
2025-04-08 16:04:24,768 - DEBUG - 执行AGV分配局部搜索，当前完工时间: 2034.00
2025-04-08 16:04:24,770 - DEBUG - 局部搜索未能改进当前解
2025-04-08 16:04:24,774 - DEBUG - 执行AGV分配局部搜索，当前完工时间: 1983.00
2025-04-08 16:04:24,778 - DEBUG - AGV分配局部搜索成功！完工时间从 1983.00 降低到 1960.00，改进: 23.00 (1.16%)
2025-04-08 16:04:24,782 - DEBUG - 执行AGV分配局部搜索，当前完工时间: 1873.00
2025-04-08 16:04:24,785 - DEBUG - 局部搜索未能改进当前解
2025-04-08 16:04:24,789 - DEBUG - 执行AGV分配局部搜索，当前完工时间: 1922.00
2025-04-08 16:04:24,792 - DEBUG - 局部搜索未能改进当前解
2025-04-08 16:04:24,797 - DEBUG - 执行AGV分配局部搜索，当前完工时间: 1944.00
2025-04-08 16:04:24,799 - DEBUG - 局部搜索未能改进当前解
2025-04-08 16:04:24,804 - DEBUG - 执行AGV分配局部搜索，当前完工时间: 1933.00
2025-04-08 16:04:24,807 - DEBUG - 局部搜索未能改进当前解
2025-04-08 16:04:24,810 - DEBUG - 执行AGV分配局部搜索，当前完工时间: 1869.00
2025-04-08 16:04:24,815 - DEBUG - 局部搜索未能改进当前解
2025-04-08 16:04:24,815 - DEBUG - ==================================================
2025-04-08 16:04:24,815 - DEBUG - Efficiency Statistics of Local Search :
2025-04-08 16:04:24,815 - DEBUG - Number of attempts: 99
2025-04-08 16:04:24,815 - DEBUG - Average Success Rate: 9.09%
2025-04-08 16:04:24,815 - DEBUG - AGV Local Search Success: 9，Average Improvement: 20.00
2025-04-08 16:04:24,819 - DEBUG - 执行AGV分配局部搜索，当前完工时间: 1962.00
2025-04-08 16:04:24,823 - DEBUG - 局部搜索未能改进当前解
2025-04-08 16:04:24,827 - DEBUG - 执行AGV分配局部搜索，当前完工时间: 1913.00
2025-04-08 16:04:24,831 - DEBUG - 局部搜索未能改进当前解
2025-04-08 16:04:24,835 - DEBUG - 执行AGV分配局部搜索，当前完工时间: 1952.00
2025-04-08 16:04:24,839 - DEBUG - 局部搜索未能改进当前解
2025-04-08 16:04:24,842 - DEBUG - 执行AGV分配局部搜索，当前完工时间: 2045.00
2025-04-08 16:04:24,845 - DEBUG - 局部搜索未能改进当前解
2025-04-08 16:04:24,850 - DEBUG - 执行AGV分配局部搜索，当前完工时间: 2005.00
2025-04-08 16:04:24,853 - DEBUG - 局部搜索未能改进当前解
2025-04-08 16:04:24,857 - DEBUG - 执行AGV分配局部搜索，当前完工时间: 2072.00
2025-04-08 16:04:24,860 - DEBUG - AGV分配局部搜索成功！完工时间从 2072.00 降低到 2043.00，改进: 29.00 (1.40%)
2025-04-08 16:04:24,864 - DEBUG - 执行AGV分配局部搜索，当前完工时间: 2008.00
2025-04-08 16:04:24,868 - DEBUG - 局部搜索未能改进当前解
2025-04-08 16:04:24,871 - DEBUG - 执行AGV分配局部搜索，当前完工时间: 1919.00
2025-04-08 16:04:24,875 - DEBUG - 局部搜索未能改进当前解
2025-04-08 16:04:24,880 - DEBUG - 执行AGV分配局部搜索，当前完工时间: 1910.00
2025-04-08 16:04:24,883 - DEBUG - 局部搜索未能改进当前解
2025-04-08 16:04:24,888 - DEBUG - 执行AGV分配局部搜索，当前完工时间: 1922.00
2025-04-08 16:04:24,891 - DEBUG - 局部搜索未能改进当前解
2025-04-08 16:04:24,895 - DEBUG - 执行AGV分配局部搜索，当前完工时间: 1951.00
2025-04-08 16:04:24,898 - DEBUG - 局部搜索未能改进当前解
2025-04-08 16:04:24,902 - DEBUG - 执行AGV分配局部搜索，当前完工时间: 1960.00
2025-04-08 16:04:24,906 - DEBUG - 局部搜索未能改进当前解
2025-04-08 16:04:24,909 - DEBUG - 执行AGV分配局部搜索，当前完工时间: 1920.00
2025-04-08 16:04:24,912 - DEBUG - 局部搜索未能改进当前解
2025-04-08 16:04:24,916 - DEBUG - 执行AGV分配局部搜索，当前完工时间: 1946.00
2025-04-08 16:04:24,921 - DEBUG - 局部搜索未能改进当前解
2025-04-08 16:04:24,924 - DEBUG - 执行AGV分配局部搜索，当前完工时间: 2044.00
2025-04-08 16:04:24,928 - DEBUG - 局部搜索未能改进当前解
2025-04-08 16:04:24,932 - DEBUG - 执行AGV分配局部搜索，当前完工时间: 1898.00
2025-04-08 16:04:24,935 - DEBUG - AGV分配局部搜索成功！完工时间从 1898.00 降低到 1890.00，改进: 8.00 (0.42%)
2025-04-08 16:04:24,940 - DEBUG - 执行AGV分配局部搜索，当前完工时间: 1909.00
2025-04-08 16:04:24,943 - DEBUG - 局部搜索未能改进当前解
2025-04-08 16:04:24,947 - DEBUG - 执行AGV分配局部搜索，当前完工时间: 1957.00
2025-04-08 16:04:24,952 - DEBUG - 局部搜索未能改进当前解
2025-04-08 16:04:24,958 - DEBUG - 执行AGV分配局部搜索，当前完工时间: 1926.00
2025-04-08 16:04:24,962 - DEBUG - 局部搜索未能改进当前解
2025-04-08 16:04:24,966 - DEBUG - 执行AGV分配局部搜索，当前完工时间: 1892.00
2025-04-08 16:04:24,969 - DEBUG - 局部搜索未能改进当前解
2025-04-08 16:04:24,973 - DEBUG - 执行AGV分配局部搜索，当前完工时间: 1971.00
2025-04-08 16:04:24,977 - DEBUG - 局部搜索未能改进当前解
2025-04-08 16:04:24,980 - DEBUG - 执行AGV分配局部搜索，当前完工时间: 1914.00
2025-04-08 16:04:24,984 - DEBUG - 局部搜索未能改进当前解
2025-04-08 16:04:24,987 - DEBUG - 执行AGV分配局部搜索，当前完工时间: 2089.00
2025-04-08 16:04:24,991 - DEBUG - 局部搜索未能改进当前解
2025-04-08 16:04:24,995 - DEBUG - 执行AGV分配局部搜索，当前完工时间: 1977.00
2025-04-08 16:04:24,999 - DEBUG - 局部搜索未能改进当前解
2025-04-08 16:04:25,002 - DEBUG - 执行AGV分配局部搜索，当前完工时间: 1875.00
2025-04-08 16:04:25,005 - DEBUG - 局部搜索未能改进当前解
2025-04-08 16:04:25,009 - DEBUG - 执行AGV分配局部搜索，当前完工时间: 1999.00
2025-04-08 16:04:25,013 - DEBUG - 局部搜索未能改进当前解
2025-04-08 16:04:25,016 - DEBUG - 执行AGV分配局部搜索，当前完工时间: 1947.00
2025-04-08 16:04:25,020 - DEBUG - 局部搜索未能改进当前解
2025-04-08 16:04:25,024 - DEBUG - 执行AGV分配局部搜索，当前完工时间: 1889.00
2025-04-08 16:04:25,028 - DEBUG - 局部搜索未能改进当前解
2025-04-08 16:04:25,032 - DEBUG - 执行AGV分配局部搜索，当前完工时间: 2015.00
2025-04-08 16:04:25,036 - DEBUG - 局部搜索未能改进当前解
2025-04-08 16:04:25,040 - DEBUG - 执行AGV分配局部搜索，当前完工时间: 1937.00
2025-04-08 16:04:25,043 - DEBUG - 局部搜索未能改进当前解
2025-04-08 16:04:25,047 - DEBUG - 执行AGV分配局部搜索，当前完工时间: 1983.00
2025-04-08 16:04:25,051 - DEBUG - 局部搜索未能改进当前解
2025-04-08 16:04:25,055 - DEBUG - 执行AGV分配局部搜索，当前完工时间: 1983.00
2025-04-08 16:04:25,059 - DEBUG - 局部搜索未能改进当前解
2025-04-08 16:04:25,062 - DEBUG - 执行AGV分配局部搜索，当前完工时间: 1956.00
2025-04-08 16:04:25,065 - DEBUG - 局部搜索未能改进当前解
2025-04-08 16:04:25,070 - DEBUG - 执行AGV分配局部搜索，当前完工时间: 1898.00
2025-04-08 16:04:25,073 - DEBUG - AGV分配局部搜索成功！完工时间从 1898.00 降低到 1884.00，改进: 14.00 (0.74%)
2025-04-08 16:04:25,078 - DEBUG - 执行AGV分配局部搜索，当前完工时间: 1864.00
2025-04-08 16:04:25,082 - DEBUG - 局部搜索未能改进当前解
2025-04-08 16:04:25,086 - DEBUG - 执行AGV分配局部搜索，当前完工时间: 1967.00
2025-04-08 16:04:25,090 - DEBUG - 局部搜索未能改进当前解
2025-04-08 16:04:25,094 - DEBUG - 执行AGV分配局部搜索，当前完工时间: 1971.00
2025-04-08 16:04:25,097 - DEBUG - 局部搜索未能改进当前解
2025-04-08 16:04:25,102 - DEBUG - 执行AGV分配局部搜索，当前完工时间: 1945.00
2025-04-08 16:04:25,106 - DEBUG - 局部搜索未能改进当前解
2025-04-08 16:04:25,109 - DEBUG - 执行AGV分配局部搜索，当前完工时间: 2007.00
2025-04-08 16:04:25,112 - DEBUG - 局部搜索未能改进当前解
2025-04-08 16:04:25,117 - DEBUG - 执行AGV分配局部搜索，当前完工时间: 2000.00
2025-04-08 16:04:25,121 - DEBUG - 局部搜索未能改进当前解
2025-04-08 16:04:25,125 - DEBUG - 执行AGV分配局部搜索，当前完工时间: 2018.00
2025-04-08 16:04:25,128 - DEBUG - 局部搜索未能改进当前解
2025-04-08 16:04:25,132 - DEBUG - 执行AGV分配局部搜索，当前完工时间: 1846.00
2025-04-08 16:04:25,136 - DEBUG - 局部搜索未能改进当前解
2025-04-08 16:04:25,139 - DEBUG - 执行AGV分配局部搜索，当前完工时间: 1954.00
2025-04-08 16:04:25,142 - DEBUG - 局部搜索未能改进当前解
2025-04-08 16:04:25,145 - DEBUG - 执行AGV分配局部搜索，当前完工时间: 1937.00
2025-04-08 16:04:25,149 - DEBUG - 局部搜索未能改进当前解
2025-04-08 16:04:25,153 - DEBUG - 执行AGV分配局部搜索，当前完工时间: 2028.00
2025-04-08 16:04:25,157 - DEBUG - 局部搜索未能改进当前解
2025-04-08 16:04:25,160 - DEBUG - 执行AGV分配局部搜索，当前完工时间: 1902.00
2025-04-08 16:04:25,163 - DEBUG - 局部搜索未能改进当前解
2025-04-08 16:04:25,168 - DEBUG - 执行AGV分配局部搜索，当前完工时间: 1959.00
2025-04-08 16:04:25,170 - DEBUG - 局部搜索未能改进当前解
2025-04-08 16:04:25,174 - DEBUG - 执行AGV分配局部搜索，当前完工时间: 1961.00
2025-04-08 16:04:25,179 - DEBUG - 局部搜索未能改进当前解
2025-04-08 16:04:25,182 - DEBUG - 执行AGV分配局部搜索，当前完工时间: 1881.00
2025-04-08 16:04:25,186 - DEBUG - 局部搜索未能改进当前解
2025-04-08 16:04:25,189 - DEBUG - 执行AGV分配局部搜索，当前完工时间: 2059.00
2025-04-08 16:04:25,193 - DEBUG - AGV分配局部搜索成功！完工时间从 2059.00 降低到 2044.00，改进: 15.00 (0.73%)
2025-04-08 16:04:25,197 - DEBUG - 执行AGV分配局部搜索，当前完工时间: 1998.00
2025-04-08 16:04:25,201 - DEBUG - 局部搜索未能改进当前解
2025-04-08 16:04:25,205 - DEBUG - 执行AGV分配局部搜索，当前完工时间: 1933.00
2025-04-08 16:04:25,208 - DEBUG - 局部搜索未能改进当前解
2025-04-08 16:04:25,212 - DEBUG - 执行AGV分配局部搜索，当前完工时间: 1964.00
2025-04-08 16:04:25,215 - DEBUG - AGV分配局部搜索成功！完工时间从 1964.00 降低到 1962.00，改进: 2.00 (0.10%)
2025-04-08 16:04:25,219 - DEBUG - 执行AGV分配局部搜索，当前完工时间: 1923.00
2025-04-08 16:04:25,223 - DEBUG - 局部搜索未能改进当前解
2025-04-08 16:04:25,228 - DEBUG - 执行AGV分配局部搜索，当前完工时间: 2076.00
2025-04-08 16:04:25,231 - DEBUG - 局部搜索未能改进当前解
2025-04-08 16:04:25,235 - DEBUG - 执行AGV分配局部搜索，当前完工时间: 2039.00
2025-04-08 16:04:25,240 - DEBUG - 局部搜索未能改进当前解
2025-04-08 16:04:25,243 - DEBUG - 执行AGV分配局部搜索，当前完工时间: 1978.00
2025-04-08 16:04:25,247 - DEBUG - 局部搜索未能改进当前解
2025-04-08 16:04:25,251 - DEBUG - 执行AGV分配局部搜索，当前完工时间: 2177.00
2025-04-08 16:04:25,254 - DEBUG - AGV分配局部搜索成功！完工时间从 2177.00 降低到 2161.00，改进: 16.00 (0.73%)
2025-04-08 16:04:25,257 - DEBUG - 执行AGV分配局部搜索，当前完工时间: 1965.00
2025-04-08 16:04:25,262 - DEBUG - 局部搜索未能改进当前解
2025-04-08 16:04:25,264 - DEBUG - 执行AGV分配局部搜索，当前完工时间: 1918.00
2025-04-08 16:04:25,268 - DEBUG - 局部搜索未能改进当前解
2025-04-08 16:04:25,272 - DEBUG - 执行AGV分配局部搜索，当前完工时间: 1880.00
2025-04-08 16:04:25,276 - DEBUG - 局部搜索未能改进当前解
2025-04-08 16:04:25,279 - DEBUG - 执行AGV分配局部搜索，当前完工时间: 1920.00
2025-04-08 16:04:25,283 - DEBUG - 局部搜索未能改进当前解
2025-04-08 16:04:25,287 - DEBUG - 执行AGV分配局部搜索，当前完工时间: 1884.00
2025-04-08 16:04:25,291 - DEBUG - 局部搜索未能改进当前解
2025-04-08 16:04:25,295 - DEBUG - 执行AGV分配局部搜索，当前完工时间: 1918.00
2025-04-08 16:04:25,297 - DEBUG - 局部搜索未能改进当前解
2025-04-08 16:04:25,302 - DEBUG - 执行AGV分配局部搜索，当前完工时间: 1997.00
2025-04-08 16:04:25,306 - DEBUG - 局部搜索未能改进当前解
2025-04-08 16:04:25,310 - DEBUG - 执行AGV分配局部搜索，当前完工时间: 1950.00
2025-04-08 16:04:25,314 - DEBUG - 局部搜索未能改进当前解
2025-04-08 16:04:25,316 - DEBUG - 执行AGV分配局部搜索，当前完工时间: 2195.00
2025-04-08 16:04:25,320 - DEBUG - 局部搜索未能改进当前解
2025-04-08 16:04:25,325 - DEBUG - 执行AGV分配局部搜索，当前完工时间: 2019.00
2025-04-08 16:04:25,329 - DEBUG - 局部搜索未能改进当前解
2025-04-08 16:04:25,332 - DEBUG - 执行AGV分配局部搜索，当前完工时间: 1946.00
2025-04-08 16:04:25,336 - DEBUG - 局部搜索未能改进当前解
2025-04-08 16:04:25,340 - DEBUG - 执行AGV分配局部搜索，当前完工时间: 1943.00
2025-04-08 16:04:25,343 - DEBUG - 局部搜索未能改进当前解
2025-04-08 16:04:25,347 - DEBUG - 执行AGV分配局部搜索，当前完工时间: 1890.00
2025-04-08 16:04:25,351 - DEBUG - 局部搜索未能改进当前解
2025-04-08 16:04:25,355 - DEBUG - 执行AGV分配局部搜索，当前完工时间: 1898.00
2025-04-08 16:04:25,359 - DEBUG - 局部搜索未能改进当前解
2025-04-08 16:04:25,362 - DEBUG - 执行AGV分配局部搜索，当前完工时间: 1881.00
2025-04-08 16:04:25,365 - DEBUG - 局部搜索未能改进当前解
2025-04-08 16:04:25,370 - DEBUG - 执行AGV分配局部搜索，当前完工时间: 1946.00
2025-04-08 16:04:25,374 - DEBUG - 局部搜索未能改进当前解
2025-04-08 16:04:25,378 - DEBUG - 执行AGV分配局部搜索，当前完工时间: 1880.00
2025-04-08 16:04:25,382 - DEBUG - 局部搜索未能改进当前解
2025-04-08 16:04:25,386 - DEBUG - 执行AGV分配局部搜索，当前完工时间: 1873.00
2025-04-08 16:04:25,389 - DEBUG - 局部搜索未能改进当前解
2025-04-08 16:04:25,392 - DEBUG - 执行AGV分配局部搜索，当前完工时间: 1899.00
2025-04-08 16:04:25,395 - DEBUG - AGV分配局部搜索成功！完工时间从 1899.00 降低到 1896.00，改进: 3.00 (0.16%)
2025-04-08 16:04:25,399 - DEBUG - 执行AGV分配局部搜索，当前完工时间: 1993.00
2025-04-08 16:04:25,403 - DEBUG - 局部搜索未能改进当前解
2025-04-08 16:04:25,406 - DEBUG - 执行AGV分配局部搜索，当前完工时间: 2019.00
2025-04-08 16:04:25,410 - DEBUG - 局部搜索未能改进当前解
2025-04-08 16:04:25,414 - DEBUG - 执行AGV分配局部搜索，当前完工时间: 1923.00
2025-04-08 16:04:25,418 - DEBUG - 局部搜索未能改进当前解
2025-04-08 16:04:25,420 - DEBUG - 执行AGV分配局部搜索，当前完工时间: 1911.00
2025-04-08 16:04:25,425 - DEBUG - AGV分配局部搜索成功！完工时间从 1911.00 降低到 1887.00，改进: 24.00 (1.26%)
2025-04-08 16:04:25,429 - DEBUG - 执行AGV分配局部搜索，当前完工时间: 1957.00
2025-04-08 16:04:25,431 - DEBUG - 局部搜索未能改进当前解
2025-04-08 16:04:25,435 - DEBUG - 执行AGV分配局部搜索，当前完工时间: 1903.00
2025-04-08 16:04:25,440 - DEBUG - 局部搜索未能改进当前解
2025-04-08 16:04:25,444 - DEBUG - 执行AGV分配局部搜索，当前完工时间: 1926.00
2025-04-08 16:04:25,447 - DEBUG - 局部搜索未能改进当前解
2025-04-08 16:04:25,450 - DEBUG - 执行AGV分配局部搜索，当前完工时间: 1955.00
2025-04-08 16:04:25,455 - DEBUG - 局部搜索未能改进当前解
2025-04-08 16:04:25,458 - DEBUG - 执行AGV分配局部搜索，当前完工时间: 1990.00
2025-04-08 16:04:25,462 - DEBUG - 局部搜索未能改进当前解
2025-04-08 16:04:25,465 - DEBUG - 执行AGV分配局部搜索，当前完工时间: 1881.00
2025-04-08 16:04:25,469 - DEBUG - 局部搜索未能改进当前解
2025-04-08 16:04:25,473 - DEBUG - 执行AGV分配局部搜索，当前完工时间: 1898.00
2025-04-08 16:04:25,476 - DEBUG - 局部搜索未能改进当前解
2025-04-08 16:04:25,480 - DEBUG - 执行AGV分配局部搜索，当前完工时间: 1994.00
2025-04-08 16:04:25,484 - DEBUG - 局部搜索未能改进当前解
2025-04-08 16:04:25,487 - DEBUG - 执行AGV分配局部搜索，当前完工时间: 2001.00
2025-04-08 16:04:25,492 - DEBUG - 局部搜索未能改进当前解
2025-04-08 16:04:25,496 - DEBUG - 执行AGV分配局部搜索，当前完工时间: 1963.00
2025-04-08 16:04:25,500 - DEBUG - 局部搜索未能改进当前解
2025-04-08 16:04:25,504 - DEBUG - 执行AGV分配局部搜索，当前完工时间: 1863.00
2025-04-08 16:04:25,507 - DEBUG - 局部搜索未能改进当前解
2025-04-08 16:04:25,511 - DEBUG - 执行AGV分配局部搜索，当前完工时间: 1963.00
2025-04-08 16:04:25,514 - DEBUG - AGV分配局部搜索成功！完工时间从 1963.00 降低到 1936.00，改进: 27.00 (1.38%)
2025-04-08 16:04:25,518 - DEBUG - 执行AGV分配局部搜索，当前完工时间: 1904.00
2025-04-08 16:04:25,521 - DEBUG - 局部搜索未能改进当前解
2025-04-08 16:04:25,525 - DEBUG - 执行AGV分配局部搜索，当前完工时间: 1927.00
2025-04-08 16:04:25,529 - DEBUG - 局部搜索未能改进当前解
2025-04-08 16:04:25,532 - DEBUG - 执行AGV分配局部搜索，当前完工时间: 1934.00
2025-04-08 16:04:25,536 - DEBUG - 局部搜索未能改进当前解
2025-04-08 16:04:25,540 - DEBUG - 执行AGV分配局部搜索，当前完工时间: 1921.00
2025-04-08 16:04:25,544 - DEBUG - AGV分配局部搜索成功！完工时间从 1921.00 降低到 1918.00，改进: 3.00 (0.16%)
2025-04-08 16:04:25,547 - DEBUG - 执行AGV分配局部搜索，当前完工时间: 1912.00
2025-04-08 16:04:25,551 - DEBUG - 局部搜索未能改进当前解
2025-04-08 16:04:25,555 - DEBUG - 执行AGV分配局部搜索，当前完工时间: 1934.00
2025-04-08 16:04:25,558 - DEBUG - 局部搜索未能改进当前解
2025-04-08 16:04:25,558 - DEBUG - ==================================================
2025-04-08 16:04:25,558 - DEBUG - Efficiency Statistics of Local Search :
2025-04-08 16:04:25,558 - DEBUG - Number of attempts: 99
2025-04-08 16:04:25,558 - DEBUG - Average Success Rate: 10.10%
2025-04-08 16:04:25,558 - DEBUG - AGV Local Search Success: 10，Average Improvement: 14.10
2025-04-08 16:04:25,562 - DEBUG - 执行AGV分配局部搜索，当前完工时间: 1916.00
2025-04-08 16:04:25,566 - DEBUG - 局部搜索未能改进当前解
2025-04-08 16:04:25,570 - DEBUG - 执行AGV分配局部搜索，当前完工时间: 1939.00
2025-04-08 16:04:25,574 - DEBUG - 局部搜索未能改进当前解
2025-04-08 16:04:25,578 - DEBUG - 执行AGV分配局部搜索，当前完工时间: 2059.00
2025-04-08 16:04:25,582 - DEBUG - 局部搜索未能改进当前解
2025-04-08 16:04:25,585 - DEBUG - 执行AGV分配局部搜索，当前完工时间: 1945.00
2025-04-08 16:04:25,588 - DEBUG - 局部搜索未能改进当前解
2025-04-08 16:04:25,593 - DEBUG - 执行AGV分配局部搜索，当前完工时间: 1957.00
2025-04-08 16:04:25,596 - DEBUG - 局部搜索未能改进当前解
2025-04-08 16:04:25,600 - DEBUG - 执行AGV分配局部搜索，当前完工时间: 1912.00
2025-04-08 16:04:25,604 - DEBUG - 局部搜索未能改进当前解
2025-04-08 16:04:25,607 - DEBUG - 执行AGV分配局部搜索，当前完工时间: 1896.00
2025-04-08 16:04:25,611 - DEBUG - 局部搜索未能改进当前解
2025-04-08 16:04:25,616 - DEBUG - 执行AGV分配局部搜索，当前完工时间: 1832.00
2025-04-08 16:04:25,619 - DEBUG - 局部搜索未能改进当前解
2025-04-08 16:04:25,623 - DEBUG - 执行AGV分配局部搜索，当前完工时间: 1868.00
2025-04-08 16:04:25,627 - DEBUG - AGV分配局部搜索成功！完工时间从 1868.00 降低到 1818.00，改进: 50.00 (2.68%)
2025-04-08 16:04:25,630 - DEBUG - 执行AGV分配局部搜索，当前完工时间: 1990.00
2025-04-08 16:04:25,634 - DEBUG - 局部搜索未能改进当前解
2025-04-08 16:04:25,637 - DEBUG - 执行AGV分配局部搜索，当前完工时间: 1959.00
2025-04-08 16:04:25,641 - DEBUG - AGV分配局部搜索成功！完工时间从 1959.00 降低到 1948.00，改进: 11.00 (0.56%)
2025-04-08 16:04:25,645 - DEBUG - 执行AGV分配局部搜索，当前完工时间: 1875.00
2025-04-08 16:04:25,648 - DEBUG - 局部搜索未能改进当前解
2025-04-08 16:04:25,652 - DEBUG - 执行AGV分配局部搜索，当前完工时间: 1925.00
2025-04-08 16:04:25,656 - DEBUG - 局部搜索未能改进当前解
2025-04-08 16:04:25,660 - DEBUG - 执行AGV分配局部搜索，当前完工时间: 1907.00
2025-04-08 16:04:25,663 - DEBUG - 局部搜索未能改进当前解
2025-04-08 16:04:25,666 - DEBUG - 执行AGV分配局部搜索，当前完工时间: 1946.00
2025-04-08 16:04:25,670 - DEBUG - 局部搜索未能改进当前解
2025-04-08 16:04:25,673 - DEBUG - 执行AGV分配局部搜索，当前完工时间: 1962.00
2025-04-08 16:04:25,676 - DEBUG - 局部搜索未能改进当前解
2025-04-08 16:04:25,680 - DEBUG - 执行AGV分配局部搜索，当前完工时间: 1967.00
2025-04-08 16:04:25,684 - DEBUG - 局部搜索未能改进当前解
2025-04-08 16:04:25,687 - DEBUG - 执行AGV分配局部搜索，当前完工时间: 1985.00
2025-04-08 16:04:25,692 - DEBUG - 局部搜索未能改进当前解
2025-04-08 16:04:25,696 - DEBUG - 执行AGV分配局部搜索，当前完工时间: 1878.00
2025-04-08 16:04:25,699 - DEBUG - 局部搜索未能改进当前解
2025-04-08 16:04:25,702 - DEBUG - 执行AGV分配局部搜索，当前完工时间: 2113.00
2025-04-08 16:04:25,706 - DEBUG - 局部搜索未能改进当前解
2025-04-08 16:04:25,710 - DEBUG - 执行AGV分配局部搜索，当前完工时间: 1935.00
2025-04-08 16:04:25,713 - DEBUG - 局部搜索未能改进当前解
2025-04-08 16:04:25,718 - DEBUG - 执行AGV分配局部搜索，当前完工时间: 2035.00
2025-04-08 16:04:25,720 - DEBUG - 局部搜索未能改进当前解
2025-04-08 16:04:25,725 - DEBUG - 执行AGV分配局部搜索，当前完工时间: 1911.00
2025-04-08 16:04:25,729 - DEBUG - AGV分配局部搜索成功！完工时间从 1911.00 降低到 1845.00，改进: 66.00 (3.45%)
2025-04-08 16:04:25,733 - DEBUG - 执行AGV分配局部搜索，当前完工时间: 2014.00
2025-04-08 16:04:25,736 - DEBUG - 局部搜索未能改进当前解
2025-04-08 16:04:25,740 - DEBUG - 执行AGV分配局部搜索，当前完工时间: 1865.00
2025-04-08 16:04:25,743 - DEBUG - 局部搜索未能改进当前解
2025-04-08 16:04:25,747 - DEBUG - 执行AGV分配局部搜索，当前完工时间: 1877.00
2025-04-08 16:04:25,751 - DEBUG - 局部搜索未能改进当前解
2025-04-08 16:04:25,754 - DEBUG - 执行AGV分配局部搜索，当前完工时间: 2028.00
2025-04-08 16:04:25,759 - DEBUG - 局部搜索未能改进当前解
2025-04-08 16:04:25,762 - DEBUG - 执行AGV分配局部搜索，当前完工时间: 1891.00
2025-04-08 16:04:25,766 - DEBUG - 局部搜索未能改进当前解
2025-04-08 16:04:25,769 - DEBUG - 执行AGV分配局部搜索，当前完工时间: 1957.00
2025-04-08 16:04:25,773 - DEBUG - 局部搜索未能改进当前解
2025-04-08 16:04:25,776 - DEBUG - 执行AGV分配局部搜索，当前完工时间: 1898.00
2025-04-08 16:04:25,780 - DEBUG - 局部搜索未能改进当前解
2025-04-08 16:04:25,784 - DEBUG - 执行AGV分配局部搜索，当前完工时间: 1949.00
2025-04-08 16:04:25,787 - DEBUG - 局部搜索未能改进当前解
2025-04-08 16:04:25,791 - DEBUG - 执行AGV分配局部搜索，当前完工时间: 1919.00
2025-04-08 16:04:25,795 - DEBUG - AGV分配局部搜索成功！完工时间从 1919.00 降低到 1908.00，改进: 11.00 (0.57%)
2025-04-08 16:04:25,798 - DEBUG - 执行AGV分配局部搜索，当前完工时间: 1890.00
2025-04-08 16:04:25,802 - DEBUG - 局部搜索未能改进当前解
2025-04-08 16:04:25,805 - DEBUG - 执行AGV分配局部搜索，当前完工时间: 1893.00
2025-04-08 16:04:25,809 - DEBUG - AGV分配局部搜索成功！完工时间从 1893.00 降低到 1878.00，改进: 15.00 (0.79%)
2025-04-08 16:04:25,813 - DEBUG - 执行AGV分配局部搜索，当前完工时间: 1942.00
2025-04-08 16:04:25,816 - DEBUG - 局部搜索未能改进当前解
2025-04-08 16:04:25,821 - DEBUG - 执行AGV分配局部搜索，当前完工时间: 1915.00
2025-04-08 16:04:25,824 - DEBUG - 局部搜索未能改进当前解
2025-04-08 16:04:25,829 - DEBUG - 执行AGV分配局部搜索，当前完工时间: 1918.00
2025-04-08 16:04:25,833 - DEBUG - AGV分配局部搜索成功！完工时间从 1918.00 降低到 1910.00，改进: 8.00 (0.42%)
2025-04-08 16:04:25,836 - DEBUG - 执行AGV分配局部搜索，当前完工时间: 1950.00
2025-04-08 16:04:25,840 - DEBUG - 局部搜索未能改进当前解
2025-04-08 16:04:25,842 - DEBUG - 执行AGV分配局部搜索，当前完工时间: 1926.00
2025-04-08 16:04:25,847 - DEBUG - 局部搜索未能改进当前解
2025-04-08 16:04:25,851 - DEBUG - 执行AGV分配局部搜索，当前完工时间: 1927.00
2025-04-08 16:04:25,855 - DEBUG - 局部搜索未能改进当前解
2025-04-08 16:04:25,859 - DEBUG - 执行AGV分配局部搜索，当前完工时间: 2028.00
2025-04-08 16:04:25,862 - DEBUG - 局部搜索未能改进当前解
2025-04-08 16:04:25,866 - DEBUG - 执行AGV分配局部搜索，当前完工时间: 1938.00
2025-04-08 16:04:25,869 - DEBUG - 局部搜索未能改进当前解
2025-04-08 16:04:25,873 - DEBUG - 执行AGV分配局部搜索，当前完工时间: 1954.00
2025-04-08 16:04:25,876 - DEBUG - AGV分配局部搜索成功！完工时间从 1954.00 降低到 1945.00，改进: 9.00 (0.46%)
2025-04-08 16:04:25,879 - DEBUG - 执行AGV分配局部搜索，当前完工时间: 1924.00
2025-04-08 16:04:25,884 - DEBUG - 局部搜索未能改进当前解
2025-04-08 16:04:25,887 - DEBUG - 执行AGV分配局部搜索，当前完工时间: 1890.00
2025-04-08 16:04:25,891 - DEBUG - 局部搜索未能改进当前解
2025-04-08 16:04:25,895 - DEBUG - 执行AGV分配局部搜索，当前完工时间: 1885.00
2025-04-08 16:04:25,898 - DEBUG - 局部搜索未能改进当前解
2025-04-08 16:04:25,903 - DEBUG - 执行AGV分配局部搜索，当前完工时间: 1955.00
2025-04-08 16:04:25,905 - DEBUG - 局部搜索未能改进当前解
2025-04-08 16:04:25,910 - DEBUG - 执行AGV分配局部搜索，当前完工时间: 1872.00
2025-04-08 16:04:25,912 - DEBUG - 局部搜索未能改进当前解
2025-04-08 16:04:25,917 - DEBUG - 执行AGV分配局部搜索，当前完工时间: 1892.00
2025-04-08 16:04:25,920 - DEBUG - 局部搜索未能改进当前解
2025-04-08 16:04:25,924 - DEBUG - 执行AGV分配局部搜索，当前完工时间: 1977.00
2025-04-08 16:04:25,929 - DEBUG - 局部搜索未能改进当前解
2025-04-08 16:04:25,932 - DEBUG - 执行AGV分配局部搜索，当前完工时间: 1855.00
2025-04-08 16:04:25,936 - DEBUG - 局部搜索未能改进当前解
2025-04-08 16:04:25,940 - DEBUG - 执行AGV分配局部搜索，当前完工时间: 1901.00
2025-04-08 16:04:25,943 - DEBUG - 局部搜索未能改进当前解
2025-04-08 16:04:25,947 - DEBUG - 执行AGV分配局部搜索，当前完工时间: 2010.00
2025-04-08 16:04:25,950 - DEBUG - 局部搜索未能改进当前解
2025-04-08 16:04:25,954 - DEBUG - 执行AGV分配局部搜索，当前完工时间: 1894.00
2025-04-08 16:04:25,957 - DEBUG - 局部搜索未能改进当前解
2025-04-08 16:04:25,961 - DEBUG - 执行AGV分配局部搜索，当前完工时间: 1881.00
2025-04-08 16:04:25,964 - DEBUG - 局部搜索未能改进当前解
2025-04-08 16:04:25,968 - DEBUG - 执行AGV分配局部搜索，当前完工时间: 1946.00
2025-04-08 16:04:25,972 - DEBUG - 局部搜索未能改进当前解
2025-04-08 16:04:25,976 - DEBUG - 执行AGV分配局部搜索，当前完工时间: 2184.00
2025-04-08 16:04:25,980 - DEBUG - 局部搜索未能改进当前解
2025-04-08 16:04:25,984 - DEBUG - 执行AGV分配局部搜索，当前完工时间: 1946.00
2025-04-08 16:04:25,987 - DEBUG - 局部搜索未能改进当前解
2025-04-08 16:04:25,991 - DEBUG - 执行AGV分配局部搜索，当前完工时间: 2008.00
2025-04-08 16:04:25,995 - DEBUG - 局部搜索未能改进当前解
2025-04-08 16:04:25,999 - DEBUG - 执行AGV分配局部搜索，当前完工时间: 1954.00
2025-04-08 16:04:26,003 - DEBUG - 局部搜索未能改进当前解
2025-04-08 16:04:26,006 - DEBUG - 执行AGV分配局部搜索，当前完工时间: 1919.00
2025-04-08 16:04:26,010 - DEBUG - 局部搜索未能改进当前解
2025-04-08 16:04:26,014 - DEBUG - 执行AGV分配局部搜索，当前完工时间: 1956.00
2025-04-08 16:04:26,018 - DEBUG - 局部搜索未能改进当前解
2025-04-08 16:04:26,021 - DEBUG - 执行AGV分配局部搜索，当前完工时间: 1918.00
2025-04-08 16:04:26,025 - DEBUG - 局部搜索未能改进当前解
2025-04-08 16:04:26,029 - DEBUG - 执行AGV分配局部搜索，当前完工时间: 1920.00
2025-04-08 16:04:26,032 - DEBUG - AGV分配局部搜索成功！完工时间从 1920.00 降低到 1900.00，改进: 20.00 (1.04%)
2025-04-08 16:04:26,035 - DEBUG - 执行AGV分配局部搜索，当前完工时间: 1881.00
2025-04-08 16:04:26,039 - DEBUG - 局部搜索未能改进当前解
2025-04-08 16:04:26,043 - DEBUG - 执行AGV分配局部搜索，当前完工时间: 1898.00
2025-04-08 16:04:26,047 - DEBUG - 局部搜索未能改进当前解
2025-04-08 16:04:26,050 - DEBUG - 执行AGV分配局部搜索，当前完工时间: 1919.00
2025-04-08 16:04:26,054 - DEBUG - 局部搜索未能改进当前解
2025-04-08 16:04:26,057 - DEBUG - 执行AGV分配局部搜索，当前完工时间: 1940.00
2025-04-08 16:04:26,062 - DEBUG - 局部搜索未能改进当前解
2025-04-08 16:04:26,066 - DEBUG - 执行AGV分配局部搜索，当前完工时间: 1909.00
2025-04-08 16:04:26,069 - DEBUG - 局部搜索未能改进当前解
2025-04-08 16:04:26,074 - DEBUG - 执行AGV分配局部搜索，当前完工时间: 1932.00
2025-04-08 16:04:26,076 - DEBUG - 局部搜索未能改进当前解
2025-04-08 16:04:26,081 - DEBUG - 执行AGV分配局部搜索，当前完工时间: 1869.00
2025-04-08 16:04:26,085 - DEBUG - 局部搜索未能改进当前解
2025-04-08 16:04:26,089 - DEBUG - 执行AGV分配局部搜索，当前完工时间: 1866.00
2025-04-08 16:04:26,094 - DEBUG - 局部搜索未能改进当前解
2025-04-08 16:04:26,099 - DEBUG - 执行AGV分配局部搜索，当前完工时间: 2012.00
2025-04-08 16:04:26,103 - DEBUG - AGV分配局部搜索成功！完工时间从 2012.00 降低到 2004.00，改进: 8.00 (0.40%)
2025-04-08 16:04:26,106 - DEBUG - 执行AGV分配局部搜索，当前完工时间: 2053.00
2025-04-08 16:04:26,110 - DEBUG - AGV分配局部搜索成功！完工时间从 2053.00 降低到 2023.00，改进: 30.00 (1.46%)
2025-04-08 16:04:26,114 - DEBUG - 执行AGV分配局部搜索，当前完工时间: 1982.00
2025-04-08 16:04:26,117 - DEBUG - 局部搜索未能改进当前解
2025-04-08 16:04:26,121 - DEBUG - 执行AGV分配局部搜索，当前完工时间: 1939.00
2025-04-08 16:04:26,125 - DEBUG - 局部搜索未能改进当前解
2025-04-08 16:04:26,128 - DEBUG - 执行AGV分配局部搜索，当前完工时间: 1969.00
2025-04-08 16:04:26,132 - DEBUG - 局部搜索未能改进当前解
2025-04-08 16:04:26,135 - DEBUG - 执行AGV分配局部搜索，当前完工时间: 2041.00
2025-04-08 16:04:26,139 - DEBUG - 局部搜索未能改进当前解
2025-04-08 16:04:26,143 - DEBUG - 执行AGV分配局部搜索，当前完工时间: 1949.00
2025-04-08 16:04:26,146 - DEBUG - 局部搜索未能改进当前解
2025-04-08 16:04:26,150 - DEBUG - 执行AGV分配局部搜索，当前完工时间: 1889.00
2025-04-08 16:04:26,153 - DEBUG - 局部搜索未能改进当前解
2025-04-08 16:04:26,157 - DEBUG - 执行AGV分配局部搜索，当前完工时间: 1920.00
2025-04-08 16:04:26,161 - DEBUG - AGV分配局部搜索成功！完工时间从 1920.00 降低到 1914.00，改进: 6.00 (0.31%)
2025-04-08 16:04:26,165 - DEBUG - 执行AGV分配局部搜索，当前完工时间: 1944.00
2025-04-08 16:04:26,169 - DEBUG - AGV分配局部搜索成功！完工时间从 1944.00 降低到 1940.00，改进: 4.00 (0.21%)
2025-04-08 16:04:26,172 - DEBUG - 执行AGV分配局部搜索，当前完工时间: 1923.00
2025-04-08 16:04:26,175 - DEBUG - AGV分配局部搜索成功！完工时间从 1923.00 降低到 1908.00，改进: 15.00 (0.78%)
2025-04-08 16:04:26,179 - DEBUG - 执行AGV分配局部搜索，当前完工时间: 1870.00
2025-04-08 16:04:26,183 - DEBUG - 局部搜索未能改进当前解
2025-04-08 16:04:26,187 - DEBUG - 执行AGV分配局部搜索，当前完工时间: 2008.00
2025-04-08 16:04:26,191 - DEBUG - 局部搜索未能改进当前解
2025-04-08 16:04:26,195 - DEBUG - 执行AGV分配局部搜索，当前完工时间: 1972.00
2025-04-08 16:04:26,199 - DEBUG - 局部搜索未能改进当前解
2025-04-08 16:04:26,202 - DEBUG - 执行AGV分配局部搜索，当前完工时间: 1938.00
2025-04-08 16:04:26,205 - DEBUG - 局部搜索未能改进当前解
2025-04-08 16:04:26,209 - DEBUG - 执行AGV分配局部搜索，当前完工时间: 1939.00
2025-04-08 16:04:26,213 - DEBUG - 局部搜索未能改进当前解
2025-04-08 16:04:26,217 - DEBUG - 执行AGV分配局部搜索，当前完工时间: 1972.00
2025-04-08 16:04:26,219 - DEBUG - 局部搜索未能改进当前解
2025-04-08 16:04:26,223 - DEBUG - 执行AGV分配局部搜索，当前完工时间: 1994.00
2025-04-08 16:04:26,227 - DEBUG - AGV分配局部搜索成功！完工时间从 1994.00 降低到 1986.00，改进: 8.00 (0.40%)
2025-04-08 16:04:26,231 - DEBUG - 执行AGV分配局部搜索，当前完工时间: 2025.00
2025-04-08 16:04:26,234 - DEBUG - 局部搜索未能改进当前解
2025-04-08 16:04:26,238 - DEBUG - 执行AGV分配局部搜索，当前完工时间: 1939.00
2025-04-08 16:04:26,242 - DEBUG - 局部搜索未能改进当前解
2025-04-08 16:04:26,245 - DEBUG - 执行AGV分配局部搜索，当前完工时间: 1888.00
2025-04-08 16:04:26,250 - DEBUG - 局部搜索未能改进当前解
2025-04-08 16:04:26,254 - DEBUG - 执行AGV分配局部搜索，当前完工时间: 1916.00
2025-04-08 16:04:26,257 - DEBUG - AGV分配局部搜索成功！完工时间从 1916.00 降低到 1899.00，改进: 17.00 (0.89%)
2025-04-08 16:04:26,260 - DEBUG - 执行AGV分配局部搜索，当前完工时间: 1997.00
2025-04-08 16:04:26,264 - DEBUG - 局部搜索未能改进当前解
2025-04-08 16:04:26,268 - DEBUG - 执行AGV分配局部搜索，当前完工时间: 1892.00
2025-04-08 16:04:26,272 - DEBUG - 局部搜索未能改进当前解
2025-04-08 16:04:26,276 - DEBUG - 执行AGV分配局部搜索，当前完工时间: 1922.00
2025-04-08 16:04:26,279 - DEBUG - 局部搜索未能改进当前解
2025-04-08 16:04:26,283 - DEBUG - 执行AGV分配局部搜索，当前完工时间: 1998.00
2025-04-08 16:04:26,286 - DEBUG - 局部搜索未能改进当前解
2025-04-08 16:04:26,290 - DEBUG - 执行AGV分配局部搜索，当前完工时间: 1923.00
2025-04-08 16:04:26,294 - DEBUG - AGV分配局部搜索成功！完工时间从 1923.00 降低到 1898.00，改进: 25.00 (1.30%)
2025-04-08 16:04:26,294 - DEBUG - ==================================================
2025-04-08 16:04:26,294 - DEBUG - Efficiency Statistics of Local Search :
2025-04-08 16:04:26,294 - DEBUG - Number of attempts: 99
2025-04-08 16:04:26,294 - DEBUG - Average Success Rate: 16.16%
2025-04-08 16:04:26,294 - DEBUG - AGV Local Search Success: 16，Average Improvement: 18.94
2025-04-08 16:04:26,297 - DEBUG - 执行AGV分配局部搜索，当前完工时间: 1941.00
2025-04-08 16:04:26,301 - DEBUG - 局部搜索未能改进当前解
2025-04-08 16:04:26,305 - DEBUG - 执行AGV分配局部搜索，当前完工时间: 2015.00
2025-04-08 16:04:26,308 - DEBUG - 局部搜索未能改进当前解
2025-04-08 16:04:26,312 - DEBUG - 执行AGV分配局部搜索，当前完工时间: 2003.00
2025-04-08 16:04:26,316 - DEBUG - 局部搜索未能改进当前解
2025-04-08 16:04:26,320 - DEBUG - 执行AGV分配局部搜索，当前完工时间: 1980.00
2025-04-08 16:04:26,324 - DEBUG - 局部搜索未能改进当前解
2025-04-08 16:04:26,328 - DEBUG - 执行AGV分配局部搜索，当前完工时间: 1880.00
2025-04-08 16:04:26,332 - DEBUG - AGV分配局部搜索成功！完工时间从 1880.00 降低到 1878.00，改进: 2.00 (0.11%)
2025-04-08 16:04:26,336 - DEBUG - 执行AGV分配局部搜索，当前完工时间: 2015.00
2025-04-08 16:04:26,340 - DEBUG - AGV分配局部搜索成功！完工时间从 2015.00 降低到 1971.00，改进: 44.00 (2.18%)
2025-04-08 16:04:26,344 - DEBUG - 执行AGV分配局部搜索，当前完工时间: 1944.00
2025-04-08 16:04:26,348 - DEBUG - 局部搜索未能改进当前解
2025-04-08 16:04:26,352 - DEBUG - 执行AGV分配局部搜索，当前完工时间: 1861.00
2025-04-08 16:04:26,356 - DEBUG - 局部搜索未能改进当前解
2025-04-08 16:04:26,359 - DEBUG - 执行AGV分配局部搜索，当前完工时间: 1941.00
2025-04-08 16:04:26,363 - DEBUG - AGV分配局部搜索成功！完工时间从 1941.00 降低到 1922.00，改进: 19.00 (0.98%)
2025-04-08 16:04:26,366 - DEBUG - 执行AGV分配局部搜索，当前完工时间: 1954.00
2025-04-08 16:04:26,370 - DEBUG - AGV分配局部搜索成功！完工时间从 1954.00 降低到 1952.00，改进: 2.00 (0.10%)
2025-04-08 16:04:26,373 - DEBUG - 执行AGV分配局部搜索，当前完工时间: 1897.00
2025-04-08 16:04:26,376 - DEBUG - 局部搜索未能改进当前解
2025-04-08 16:04:26,381 - DEBUG - 执行AGV分配局部搜索，当前完工时间: 1962.00
2025-04-08 16:04:26,385 - DEBUG - 局部搜索未能改进当前解
2025-04-08 16:04:26,388 - DEBUG - 执行AGV分配局部搜索，当前完工时间: 1938.00
2025-04-08 16:04:26,392 - DEBUG - 局部搜索未能改进当前解
2025-04-08 16:04:26,395 - DEBUG - 执行AGV分配局部搜索，当前完工时间: 1894.00
2025-04-08 16:04:26,399 - DEBUG - 局部搜索未能改进当前解
2025-04-08 16:04:26,403 - DEBUG - 执行AGV分配局部搜索，当前完工时间: 1850.00
2025-04-08 16:04:26,407 - DEBUG - 局部搜索未能改进当前解
2025-04-08 16:04:26,410 - DEBUG - 执行AGV分配局部搜索，当前完工时间: 2021.00
2025-04-08 16:04:26,414 - DEBUG - 局部搜索未能改进当前解
2025-04-08 16:04:26,419 - DEBUG - 执行AGV分配局部搜索，当前完工时间: 1942.00
2025-04-08 16:04:26,422 - DEBUG - 局部搜索未能改进当前解
2025-04-08 16:04:26,426 - DEBUG - 执行AGV分配局部搜索，当前完工时间: 1905.00
2025-04-08 16:04:26,430 - DEBUG - 局部搜索未能改进当前解
2025-04-08 16:04:26,433 - DEBUG - 执行AGV分配局部搜索，当前完工时间: 1928.00
2025-04-08 16:04:26,437 - DEBUG - 局部搜索未能改进当前解
2025-04-08 16:04:26,441 - DEBUG - 执行AGV分配局部搜索，当前完工时间: 2037.00
2025-04-08 16:04:26,444 - DEBUG - 局部搜索未能改进当前解
2025-04-08 16:04:26,448 - DEBUG - 执行AGV分配局部搜索，当前完工时间: 1932.00
2025-04-08 16:04:26,452 - DEBUG - 局部搜索未能改进当前解
2025-04-08 16:04:26,455 - DEBUG - 执行AGV分配局部搜索，当前完工时间: 1922.00
2025-04-08 16:04:26,459 - DEBUG - 局部搜索未能改进当前解
2025-04-08 16:04:26,462 - DEBUG - 执行AGV分配局部搜索，当前完工时间: 1865.00
2025-04-08 16:04:26,466 - DEBUG - 局部搜索未能改进当前解
2025-04-08 16:04:26,470 - DEBUG - 执行AGV分配局部搜索，当前完工时间: 1885.00
2025-04-08 16:04:26,473 - DEBUG - 局部搜索未能改进当前解
2025-04-08 16:04:26,477 - DEBUG - 执行AGV分配局部搜索，当前完工时间: 1939.00
2025-04-08 16:04:26,480 - DEBUG - 局部搜索未能改进当前解
2025-04-08 16:04:26,485 - DEBUG - 执行AGV分配局部搜索，当前完工时间: 1887.00
2025-04-08 16:04:26,487 - DEBUG - 局部搜索未能改进当前解
2025-04-08 16:04:26,492 - DEBUG - 执行AGV分配局部搜索，当前完工时间: 1936.00
2025-04-08 16:04:26,495 - DEBUG - 局部搜索未能改进当前解
2025-04-08 16:04:26,499 - DEBUG - 执行AGV分配局部搜索，当前完工时间: 1932.00
2025-04-08 16:04:26,503 - DEBUG - 局部搜索未能改进当前解
2025-04-08 16:04:26,506 - DEBUG - 执行AGV分配局部搜索，当前完工时间: 1884.00
2025-04-08 16:04:26,510 - DEBUG - 局部搜索未能改进当前解
2025-04-08 16:04:26,513 - DEBUG - 执行AGV分配局部搜索，当前完工时间: 1909.00
2025-04-08 16:04:26,516 - DEBUG - AGV分配局部搜索成功！完工时间从 1909.00 降低到 1900.00，改进: 9.00 (0.47%)
2025-04-08 16:04:26,521 - DEBUG - 执行AGV分配局部搜索，当前完工时间: 1945.00
2025-04-08 16:04:26,524 - DEBUG - 局部搜索未能改进当前解
2025-04-08 16:04:26,529 - DEBUG - 执行AGV分配局部搜索，当前完工时间: 1851.00
2025-04-08 16:04:26,532 - DEBUG - 局部搜索未能改进当前解
2025-04-08 16:04:26,536 - DEBUG - 执行AGV分配局部搜索，当前完工时间: 1924.00
2025-04-08 16:04:26,540 - DEBUG - 局部搜索未能改进当前解
2025-04-08 16:04:26,544 - DEBUG - 执行AGV分配局部搜索，当前完工时间: 1885.00
2025-04-08 16:04:26,547 - DEBUG - AGV分配局部搜索成功！完工时间从 1885.00 降低到 1879.00，改进: 6.00 (0.32%)
2025-04-08 16:04:26,551 - DEBUG - 执行AGV分配局部搜索，当前完工时间: 1916.00
2025-04-08 16:04:26,555 - DEBUG - 局部搜索未能改进当前解
2025-04-08 16:04:26,560 - DEBUG - 执行AGV分配局部搜索，当前完工时间: 1925.00
2025-04-08 16:04:26,563 - DEBUG - 局部搜索未能改进当前解
2025-04-08 16:04:26,567 - DEBUG - 执行AGV分配局部搜索，当前完工时间: 1883.00
2025-04-08 16:04:26,571 - DEBUG - 局部搜索未能改进当前解
2025-04-08 16:04:26,574 - DEBUG - 执行AGV分配局部搜索，当前完工时间: 1964.00
2025-04-08 16:04:26,579 - DEBUG - 局部搜索未能改进当前解
2025-04-08 16:04:26,583 - DEBUG - 执行AGV分配局部搜索，当前完工时间: 1908.00
2025-04-08 16:04:26,587 - DEBUG - 局部搜索未能改进当前解
2025-04-08 16:04:26,591 - DEBUG - 执行AGV分配局部搜索，当前完工时间: 1895.00
2025-04-08 16:04:26,595 - DEBUG - 局部搜索未能改进当前解
2025-04-08 16:04:26,599 - DEBUG - 执行AGV分配局部搜索，当前完工时间: 1977.00
2025-04-08 16:04:26,603 - DEBUG - 局部搜索未能改进当前解
2025-04-08 16:04:26,607 - DEBUG - 执行AGV分配局部搜索，当前完工时间: 1942.00
2025-04-08 16:04:26,610 - DEBUG - 局部搜索未能改进当前解
2025-04-08 16:04:26,614 - DEBUG - 执行AGV分配局部搜索，当前完工时间: 2039.00
2025-04-08 16:04:26,618 - DEBUG - 局部搜索未能改进当前解
2025-04-08 16:04:26,621 - DEBUG - 执行AGV分配局部搜索，当前完工时间: 1821.00
2025-04-08 16:04:26,625 - DEBUG - 局部搜索未能改进当前解
2025-04-08 16:04:26,629 - DEBUG - 执行AGV分配局部搜索，当前完工时间: 1915.00
2025-04-08 16:04:26,633 - DEBUG - 局部搜索未能改进当前解
2025-04-08 16:04:26,636 - DEBUG - 执行AGV分配局部搜索，当前完工时间: 1939.00
2025-04-08 16:04:26,640 - DEBUG - 局部搜索未能改进当前解
2025-04-08 16:04:26,644 - DEBUG - 执行AGV分配局部搜索，当前完工时间: 1925.00
2025-04-08 16:04:26,647 - DEBUG - AGV分配局部搜索成功！完工时间从 1925.00 降低到 1905.00，改进: 20.00 (1.04%)
2025-04-08 16:04:26,651 - DEBUG - 执行AGV分配局部搜索，当前完工时间: 1870.00
2025-04-08 16:04:26,655 - DEBUG - 局部搜索未能改进当前解
2025-04-08 16:04:26,659 - DEBUG - 执行AGV分配局部搜索，当前完工时间: 1878.00
2025-04-08 16:04:26,664 - DEBUG - 局部搜索未能改进当前解
2025-04-08 16:04:26,668 - DEBUG - 执行AGV分配局部搜索，当前完工时间: 1907.00
2025-04-08 16:04:26,671 - DEBUG - 局部搜索未能改进当前解
2025-04-08 16:04:26,675 - DEBUG - 执行AGV分配局部搜索，当前完工时间: 2014.00
2025-04-08 16:04:26,679 - DEBUG - 局部搜索未能改进当前解
2025-04-08 16:04:26,683 - DEBUG - 执行AGV分配局部搜索，当前完工时间: 1872.00
2025-04-08 16:04:26,686 - DEBUG - AGV分配局部搜索成功！完工时间从 1872.00 降低到 1862.00，改进: 10.00 (0.53%)
2025-04-08 16:04:26,691 - DEBUG - 执行AGV分配局部搜索，当前完工时间: 1903.00
2025-04-08 16:04:26,695 - DEBUG - AGV分配局部搜索成功！完工时间从 1903.00 降低到 1889.00，改进: 14.00 (0.74%)
2025-04-08 16:04:26,699 - DEBUG - 执行AGV分配局部搜索，当前完工时间: 1859.00
2025-04-08 16:04:26,703 - DEBUG - 局部搜索未能改进当前解
2025-04-08 16:04:26,707 - DEBUG - 执行AGV分配局部搜索，当前完工时间: 2030.00
2025-04-08 16:04:26,710 - DEBUG - 局部搜索未能改进当前解
2025-04-08 16:04:26,714 - DEBUG - 执行AGV分配局部搜索，当前完工时间: 1885.00
2025-04-08 16:04:26,718 - DEBUG - AGV分配局部搜索成功！完工时间从 1885.00 降低到 1881.00，改进: 4.00 (0.21%)
2025-04-08 16:04:26,722 - DEBUG - 执行AGV分配局部搜索，当前完工时间: 1963.00
2025-04-08 16:04:26,725 - DEBUG - AGV分配局部搜索成功！完工时间从 1963.00 降低到 1951.00，改进: 12.00 (0.61%)
2025-04-08 16:04:26,730 - DEBUG - 执行AGV分配局部搜索，当前完工时间: 1995.00
2025-04-08 16:04:26,733 - DEBUG - 局部搜索未能改进当前解
2025-04-08 16:04:26,737 - DEBUG - 执行AGV分配局部搜索，当前完工时间: 1794.00
2025-04-08 16:04:26,741 - DEBUG - 局部搜索未能改进当前解
2025-04-08 16:04:26,745 - DEBUG - 执行AGV分配局部搜索，当前完工时间: 1884.00
2025-04-08 16:04:26,749 - DEBUG - 局部搜索未能改进当前解
2025-04-08 16:04:26,753 - DEBUG - 执行AGV分配局部搜索，当前完工时间: 1927.00
2025-04-08 16:04:26,757 - DEBUG - 局部搜索未能改进当前解
2025-04-08 16:04:26,760 - DEBUG - 执行AGV分配局部搜索，当前完工时间: 1888.00
2025-04-08 16:04:26,763 - DEBUG - 局部搜索未能改进当前解
2025-04-08 16:04:26,768 - DEBUG - 执行AGV分配局部搜索，当前完工时间: 1859.00
2025-04-08 16:04:26,771 - DEBUG - 局部搜索未能改进当前解
2025-04-08 16:04:26,775 - DEBUG - 执行AGV分配局部搜索，当前完工时间: 1985.00
2025-04-08 16:04:26,779 - DEBUG - 局部搜索未能改进当前解
2025-04-08 16:04:26,782 - DEBUG - 执行AGV分配局部搜索，当前完工时间: 2026.00
2025-04-08 16:04:26,786 - DEBUG - 局部搜索未能改进当前解
2025-04-08 16:04:26,790 - DEBUG - 执行AGV分配局部搜索，当前完工时间: 2073.00
2025-04-08 16:04:26,793 - DEBUG - AGV分配局部搜索成功！完工时间从 2073.00 降低到 2018.00，改进: 55.00 (2.65%)
2025-04-08 16:04:26,797 - DEBUG - 执行AGV分配局部搜索，当前完工时间: 1890.00
2025-04-08 16:04:26,801 - DEBUG - 局部搜索未能改进当前解
2025-04-08 16:04:26,805 - DEBUG - 执行AGV分配局部搜索，当前完工时间: 2030.00
2025-04-08 16:04:26,808 - DEBUG - 局部搜索未能改进当前解
2025-04-08 16:04:26,812 - DEBUG - 执行AGV分配局部搜索，当前完工时间: 1969.00
2025-04-08 16:04:26,816 - DEBUG - 局部搜索未能改进当前解
2025-04-08 16:04:26,819 - DEBUG - 执行AGV分配局部搜索，当前完工时间: 1890.00
2025-04-08 16:04:26,822 - DEBUG - 局部搜索未能改进当前解
2025-04-08 16:04:26,826 - DEBUG - 执行AGV分配局部搜索，当前完工时间: 1997.00
2025-04-08 16:04:26,830 - DEBUG - 局部搜索未能改进当前解
2025-04-08 16:04:26,834 - DEBUG - 执行AGV分配局部搜索，当前完工时间: 1880.00
2025-04-08 16:04:26,837 - DEBUG - 局部搜索未能改进当前解
2025-04-08 16:04:26,841 - DEBUG - 执行AGV分配局部搜索，当前完工时间: 1926.00
2025-04-08 16:04:26,846 - DEBUG - 局部搜索未能改进当前解
2025-04-08 16:04:26,850 - DEBUG - 执行AGV分配局部搜索，当前完工时间: 2003.00
2025-04-08 16:04:26,853 - DEBUG - 局部搜索未能改进当前解
2025-04-08 16:04:26,857 - DEBUG - 执行AGV分配局部搜索，当前完工时间: 2113.00
2025-04-08 16:04:26,860 - DEBUG - AGV分配局部搜索成功！完工时间从 2113.00 降低到 2087.00，改进: 26.00 (1.23%)
2025-04-08 16:04:26,865 - DEBUG - 执行AGV分配局部搜索，当前完工时间: 1888.00
2025-04-08 16:04:26,869 - DEBUG - 局部搜索未能改进当前解
2025-04-08 16:04:26,873 - DEBUG - 执行AGV分配局部搜索，当前完工时间: 1977.00
2025-04-08 16:04:26,876 - DEBUG - 局部搜索未能改进当前解
2025-04-08 16:04:26,880 - DEBUG - 执行AGV分配局部搜索，当前完工时间: 1943.00
2025-04-08 16:04:26,883 - DEBUG - 局部搜索未能改进当前解
2025-04-08 16:04:26,888 - DEBUG - 执行AGV分配局部搜索，当前完工时间: 1940.00
2025-04-08 16:04:26,891 - DEBUG - AGV分配局部搜索成功！完工时间从 1940.00 降低到 1937.00，改进: 3.00 (0.15%)
2025-04-08 16:04:26,895 - DEBUG - 执行AGV分配局部搜索，当前完工时间: 1909.00
2025-04-08 16:04:26,899 - DEBUG - 局部搜索未能改进当前解
2025-04-08 16:04:26,902 - DEBUG - 执行AGV分配局部搜索，当前完工时间: 1908.00
2025-04-08 16:04:26,905 - DEBUG - 局部搜索未能改进当前解
2025-04-08 16:04:26,909 - DEBUG - 执行AGV分配局部搜索，当前完工时间: 1844.00
2025-04-08 16:04:26,912 - DEBUG - 局部搜索未能改进当前解
2025-04-08 16:04:26,917 - DEBUG - 执行AGV分配局部搜索，当前完工时间: 2054.00
2025-04-08 16:04:26,920 - DEBUG - 局部搜索未能改进当前解
2025-04-08 16:04:26,924 - DEBUG - 执行AGV分配局部搜索，当前完工时间: 2014.00
2025-04-08 16:04:26,928 - DEBUG - 局部搜索未能改进当前解
2025-04-08 16:04:26,931 - DEBUG - 执行AGV分配局部搜索，当前完工时间: 1916.00
2025-04-08 16:04:26,935 - DEBUG - 局部搜索未能改进当前解
2025-04-08 16:04:26,938 - DEBUG - 执行AGV分配局部搜索，当前完工时间: 1933.00
2025-04-08 16:04:26,942 - DEBUG - 局部搜索未能改进当前解
2025-04-08 16:04:26,947 - DEBUG - 执行AGV分配局部搜索，当前完工时间: 1919.00
2025-04-08 16:04:26,950 - DEBUG - 局部搜索未能改进当前解
2025-04-08 16:04:26,954 - DEBUG - 执行AGV分配局部搜索，当前完工时间: 1861.00
2025-04-08 16:04:26,958 - DEBUG - 局部搜索未能改进当前解
2025-04-08 16:04:26,960 - DEBUG - 执行AGV分配局部搜索，当前完工时间: 1881.00
2025-04-08 16:04:26,965 - DEBUG - 局部搜索未能改进当前解
2025-04-08 16:04:26,969 - DEBUG - 执行AGV分配局部搜索，当前完工时间: 1932.00
2025-04-08 16:04:26,972 - DEBUG - 局部搜索未能改进当前解
2025-04-08 16:04:26,975 - DEBUG - 执行AGV分配局部搜索，当前完工时间: 1982.00
2025-04-08 16:04:26,980 - DEBUG - 局部搜索未能改进当前解
2025-04-08 16:04:26,983 - DEBUG - 执行AGV分配局部搜索，当前完工时间: 1832.00
2025-04-08 16:04:26,986 - DEBUG - 局部搜索未能改进当前解
2025-04-08 16:04:26,991 - DEBUG - 执行AGV分配局部搜索，当前完工时间: 1907.00
2025-04-08 16:04:26,994 - DEBUG - 局部搜索未能改进当前解
2025-04-08 16:04:26,998 - DEBUG - 执行AGV分配局部搜索，当前完工时间: 1866.00
2025-04-08 16:04:27,002 - DEBUG - 局部搜索未能改进当前解
2025-04-08 16:04:27,006 - DEBUG - 执行AGV分配局部搜索，当前完工时间: 1951.00
2025-04-08 16:04:27,009 - DEBUG - 局部搜索未能改进当前解
2025-04-08 16:04:27,013 - DEBUG - 执行AGV分配局部搜索，当前完工时间: 1872.00
2025-04-08 16:04:27,017 - DEBUG - 局部搜索未能改进当前解
2025-04-08 16:04:27,020 - DEBUG - 执行AGV分配局部搜索，当前完工时间: 1944.00
2025-04-08 16:04:27,025 - DEBUG - 局部搜索未能改进当前解
2025-04-08 16:04:27,029 - DEBUG - 执行AGV分配局部搜索，当前完工时间: 1882.00
2025-04-08 16:04:27,033 - DEBUG - 局部搜索未能改进当前解
2025-04-08 16:04:27,036 - DEBUG - 执行AGV分配局部搜索，当前完工时间: 1998.00
2025-04-08 16:04:27,040 - DEBUG - 局部搜索未能改进当前解
2025-04-08 16:04:27,041 - DEBUG - ==================================================
2025-04-08 16:04:27,041 - DEBUG - Efficiency Statistics of Local Search :
2025-04-08 16:04:27,041 - DEBUG - Number of attempts: 99
2025-04-08 16:04:27,041 - DEBUG - Average Success Rate: 14.14%
2025-04-08 16:04:27,041 - DEBUG - AGV Local Search Success: 14，Average Improvement: 16.14
2025-04-08 16:04:27,044 - DEBUG - 执行AGV分配局部搜索，当前完工时间: 1873.00
2025-04-08 16:04:27,048 - DEBUG - 局部搜索未能改进当前解
2025-04-08 16:04:27,052 - DEBUG - 执行AGV分配局部搜索，当前完工时间: 1840.00
2025-04-08 16:04:27,055 - DEBUG - 局部搜索未能改进当前解
2025-04-08 16:04:27,060 - DEBUG - 执行AGV分配局部搜索，当前完工时间: 1962.00
2025-04-08 16:04:27,064 - DEBUG - 局部搜索未能改进当前解
2025-04-08 16:04:27,068 - DEBUG - 执行AGV分配局部搜索，当前完工时间: 1968.00
2025-04-08 16:04:27,071 - DEBUG - 局部搜索未能改进当前解
2025-04-08 16:04:27,075 - DEBUG - 执行AGV分配局部搜索，当前完工时间: 1885.00
2025-04-08 16:04:27,080 - DEBUG - 局部搜索未能改进当前解
2025-04-08 16:04:27,085 - DEBUG - 执行AGV分配局部搜索，当前完工时间: 1851.00
2025-04-08 16:04:27,089 - DEBUG - 局部搜索未能改进当前解
2025-04-08 16:04:27,093 - DEBUG - 执行AGV分配局部搜索，当前完工时间: 1849.00
2025-04-08 16:04:27,097 - DEBUG - 局部搜索未能改进当前解
2025-04-08 16:04:27,101 - DEBUG - 执行AGV分配局部搜索，当前完工时间: 1919.00
2025-04-08 16:04:27,105 - DEBUG - 局部搜索未能改进当前解
2025-04-08 16:04:27,109 - DEBUG - 执行AGV分配局部搜索，当前完工时间: 1876.00
2025-04-08 16:04:27,113 - DEBUG - 局部搜索未能改进当前解
2025-04-08 16:04:27,116 - DEBUG - 执行AGV分配局部搜索，当前完工时间: 1923.00
2025-04-08 16:04:27,121 - DEBUG - 局部搜索未能改进当前解
2025-04-08 16:04:27,124 - DEBUG - 执行AGV分配局部搜索，当前完工时间: 1936.00
2025-04-08 16:04:27,127 - DEBUG - AGV分配局部搜索成功！完工时间从 1936.00 降低到 1924.00，改进: 12.00 (0.62%)
2025-04-08 16:04:27,132 - DEBUG - 执行AGV分配局部搜索，当前完工时间: 1843.00
2025-04-08 16:04:27,135 - DEBUG - 局部搜索未能改进当前解
2025-04-08 16:04:27,138 - DEBUG - 执行AGV分配局部搜索，当前完工时间: 1872.00
2025-04-08 16:04:27,143 - DEBUG - 局部搜索未能改进当前解
2025-04-08 16:04:27,147 - DEBUG - 执行AGV分配局部搜索，当前完工时间: 2011.00
2025-04-08 16:04:27,151 - DEBUG - 局部搜索未能改进当前解
2025-04-08 16:04:27,155 - DEBUG - 执行AGV分配局部搜索，当前完工时间: 1931.00
2025-04-08 16:04:27,159 - DEBUG - 局部搜索未能改进当前解
2025-04-08 16:04:27,166 - DEBUG - 执行AGV分配局部搜索，当前完工时间: 2062.00
2025-04-08 16:04:27,171 - DEBUG - 局部搜索未能改进当前解
2025-04-08 16:04:27,175 - DEBUG - 执行AGV分配局部搜索，当前完工时间: 1836.00
2025-04-08 16:04:27,178 - DEBUG - 局部搜索未能改进当前解
2025-04-08 16:04:27,182 - DEBUG - 执行AGV分配局部搜索，当前完工时间: 1955.00
2025-04-08 16:04:27,186 - DEBUG - AGV分配局部搜索成功！完工时间从 1955.00 降低到 1931.00，改进: 24.00 (1.23%)
2025-04-08 16:04:27,188 - DEBUG - 执行AGV分配局部搜索，当前完工时间: 1949.00
2025-04-08 16:04:27,193 - DEBUG - 局部搜索未能改进当前解
2025-04-08 16:04:27,197 - DEBUG - 执行AGV分配局部搜索，当前完工时间: 1874.00
2025-04-08 16:04:27,201 - DEBUG - 局部搜索未能改进当前解
2025-04-08 16:04:27,204 - DEBUG - 执行AGV分配局部搜索，当前完工时间: 1862.00
2025-04-08 16:04:27,208 - DEBUG - 局部搜索未能改进当前解
2025-04-08 16:04:27,210 - DEBUG - 执行AGV分配局部搜索，当前完工时间: 1945.00
2025-04-08 16:04:27,214 - DEBUG - 局部搜索未能改进当前解
2025-04-08 16:04:27,218 - DEBUG - 执行AGV分配局部搜索，当前完工时间: 1862.00
2025-04-08 16:04:27,221 - DEBUG - 局部搜索未能改进当前解
2025-04-08 16:04:27,225 - DEBUG - 执行AGV分配局部搜索，当前完工时间: 1928.00
2025-04-08 16:04:27,229 - DEBUG - 局部搜索未能改进当前解
2025-04-08 16:04:27,233 - DEBUG - 执行AGV分配局部搜索，当前完工时间: 1941.00
2025-04-08 16:04:27,236 - DEBUG - 局部搜索未能改进当前解
2025-04-08 16:04:27,240 - DEBUG - 执行AGV分配局部搜索，当前完工时间: 1938.00
2025-04-08 16:04:27,244 - DEBUG - 局部搜索未能改进当前解
2025-04-08 16:04:27,247 - DEBUG - 执行AGV分配局部搜索，当前完工时间: 1866.00
2025-04-08 16:04:27,251 - DEBUG - 局部搜索未能改进当前解
2025-04-08 16:04:27,254 - DEBUG - 执行AGV分配局部搜索，当前完工时间: 1885.00
2025-04-08 16:04:27,258 - DEBUG - 局部搜索未能改进当前解
2025-04-08 16:04:27,262 - DEBUG - 执行AGV分配局部搜索，当前完工时间: 1932.00
2025-04-08 16:04:27,265 - DEBUG - 局部搜索未能改进当前解
2025-04-08 16:04:27,269 - DEBUG - 执行AGV分配局部搜索，当前完工时间: 2000.00
2025-04-08 16:04:27,272 - DEBUG - 局部搜索未能改进当前解
2025-04-08 16:04:27,277 - DEBUG - 执行AGV分配局部搜索，当前完工时间: 1944.00
2025-04-08 16:04:27,280 - DEBUG - 局部搜索未能改进当前解
2025-04-08 16:04:27,284 - DEBUG - 执行AGV分配局部搜索，当前完工时间: 1878.00
2025-04-08 16:04:27,287 - DEBUG - 局部搜索未能改进当前解
2025-04-08 16:04:27,291 - DEBUG - 执行AGV分配局部搜索，当前完工时间: 1871.00
2025-04-08 16:04:27,294 - DEBUG - 局部搜索未能改进当前解
2025-04-08 16:04:27,298 - DEBUG - 执行AGV分配局部搜索，当前完工时间: 1932.00
2025-04-08 16:04:27,302 - DEBUG - 局部搜索未能改进当前解
2025-04-08 16:04:27,306 - DEBUG - 执行AGV分配局部搜索，当前完工时间: 1946.00
2025-04-08 16:04:27,309 - DEBUG - 局部搜索未能改进当前解
2025-04-08 16:04:27,312 - DEBUG - 执行AGV分配局部搜索，当前完工时间: 1956.00
2025-04-08 16:04:27,316 - DEBUG - 局部搜索未能改进当前解
2025-04-08 16:04:27,321 - DEBUG - 执行AGV分配局部搜索，当前完工时间: 1878.00
2025-04-08 16:04:27,324 - DEBUG - 局部搜索未能改进当前解
2025-04-08 16:04:27,328 - DEBUG - 执行AGV分配局部搜索，当前完工时间: 1881.00
2025-04-08 16:04:27,331 - DEBUG - AGV分配局部搜索成功！完工时间从 1881.00 降低到 1876.00，改进: 5.00 (0.27%)
2025-04-08 16:04:27,336 - DEBUG - 执行AGV分配局部搜索，当前完工时间: 1833.00
2025-04-08 16:04:27,340 - DEBUG - AGV分配局部搜索成功！完工时间从 1833.00 降低到 1826.00，改进: 7.00 (0.38%)
2025-04-08 16:04:27,343 - DEBUG - 执行AGV分配局部搜索，当前完工时间: 1954.00
2025-04-08 16:04:27,347 - DEBUG - 局部搜索未能改进当前解
2025-04-08 16:04:27,351 - DEBUG - 执行AGV分配局部搜索，当前完工时间: 1908.00
2025-04-08 16:04:27,354 - DEBUG - 局部搜索未能改进当前解
2025-04-08 16:04:27,358 - DEBUG - 执行AGV分配局部搜索，当前完工时间: 1834.00
2025-04-08 16:04:27,362 - DEBUG - 局部搜索未能改进当前解
2025-04-08 16:04:27,366 - DEBUG - 执行AGV分配局部搜索，当前完工时间: 1985.00
2025-04-08 16:04:27,369 - DEBUG - 局部搜索未能改进当前解
2025-04-08 16:04:27,372 - DEBUG - 执行AGV分配局部搜索，当前完工时间: 1908.00
2025-04-08 16:04:27,376 - DEBUG - 局部搜索未能改进当前解
2025-04-08 16:04:27,379 - DEBUG - 执行AGV分配局部搜索，当前完工时间: 1846.00
2025-04-08 16:04:27,383 - DEBUG - 局部搜索未能改进当前解
2025-04-08 16:04:27,386 - DEBUG - 执行AGV分配局部搜索，当前完工时间: 1969.00
2025-04-08 16:04:27,390 - DEBUG - AGV分配局部搜索成功！完工时间从 1969.00 降低到 1862.00，改进: 107.00 (5.43%)
2025-04-08 16:04:27,395 - DEBUG - 执行AGV分配局部搜索，当前完工时间: 1934.00
2025-04-08 16:04:27,398 - DEBUG - 局部搜索未能改进当前解
2025-04-08 16:04:27,403 - DEBUG - 执行AGV分配局部搜索，当前完工时间: 1919.00
2025-04-08 16:04:27,407 - DEBUG - 局部搜索未能改进当前解
2025-04-08 16:04:27,410 - DEBUG - 执行AGV分配局部搜索，当前完工时间: 1883.00
2025-04-08 16:04:27,413 - DEBUG - 局部搜索未能改进当前解
2025-04-08 16:04:27,417 - DEBUG - 执行AGV分配局部搜索，当前完工时间: 1994.00
2025-04-08 16:04:27,421 - DEBUG - 局部搜索未能改进当前解
2025-04-08 16:04:27,425 - DEBUG - 执行AGV分配局部搜索，当前完工时间: 1878.00
2025-04-08 16:04:27,428 - DEBUG - 局部搜索未能改进当前解
2025-04-08 16:04:27,432 - DEBUG - 执行AGV分配局部搜索，当前完工时间: 1941.00
2025-04-08 16:04:27,435 - DEBUG - 局部搜索未能改进当前解
2025-04-08 16:04:27,438 - DEBUG - 执行AGV分配局部搜索，当前完工时间: 1883.00
2025-04-08 16:04:27,443 - DEBUG - 局部搜索未能改进当前解
2025-04-08 16:04:27,447 - DEBUG - 执行AGV分配局部搜索，当前完工时间: 1951.00
2025-04-08 16:04:27,451 - DEBUG - 局部搜索未能改进当前解
2025-04-08 16:04:27,454 - DEBUG - 执行AGV分配局部搜索，当前完工时间: 1828.00
2025-04-08 16:04:27,458 - DEBUG - 局部搜索未能改进当前解
2025-04-08 16:04:27,462 - DEBUG - 执行AGV分配局部搜索，当前完工时间: 1916.00
2025-04-08 16:04:27,465 - DEBUG - 局部搜索未能改进当前解
2025-04-08 16:04:27,469 - DEBUG - 执行AGV分配局部搜索，当前完工时间: 1983.00
2025-04-08 16:04:27,474 - DEBUG - 局部搜索未能改进当前解
2025-04-08 16:04:27,477 - DEBUG - 执行AGV分配局部搜索，当前完工时间: 1818.00
2025-04-08 16:04:27,481 - DEBUG - 局部搜索未能改进当前解
2025-04-08 16:04:27,484 - DEBUG - 执行AGV分配局部搜索，当前完工时间: 1905.00
2025-04-08 16:04:27,488 - DEBUG - 局部搜索未能改进当前解
2025-04-08 16:04:27,492 - DEBUG - 执行AGV分配局部搜索，当前完工时间: 1903.00
2025-04-08 16:04:27,495 - DEBUG - 局部搜索未能改进当前解
2025-04-08 16:04:27,500 - DEBUG - 执行AGV分配局部搜索，当前完工时间: 1912.00
2025-04-08 16:04:27,503 - DEBUG - 局部搜索未能改进当前解
2025-04-08 16:04:27,507 - DEBUG - 执行AGV分配局部搜索，当前完工时间: 1886.00
2025-04-08 16:04:27,510 - DEBUG - 局部搜索未能改进当前解
2025-04-08 16:04:27,516 - DEBUG - 执行AGV分配局部搜索，当前完工时间: 1817.00
2025-04-08 16:04:27,520 - DEBUG - 局部搜索未能改进当前解
2025-04-08 16:04:27,523 - DEBUG - 执行AGV分配局部搜索，当前完工时间: 1997.00
2025-04-08 16:04:27,528 - DEBUG - 局部搜索未能改进当前解
2025-04-08 16:04:27,531 - DEBUG - 执行AGV分配局部搜索，当前完工时间: 1844.00
2025-04-08 16:04:27,535 - DEBUG - 局部搜索未能改进当前解
2025-04-08 16:04:27,538 - DEBUG - 执行AGV分配局部搜索，当前完工时间: 1988.00
2025-04-08 16:04:27,542 - DEBUG - 局部搜索未能改进当前解
2025-04-08 16:04:27,545 - DEBUG - 执行AGV分配局部搜索，当前完工时间: 1895.00
2025-04-08 16:04:27,549 - DEBUG - 局部搜索未能改进当前解
2025-04-08 16:04:27,553 - DEBUG - 执行AGV分配局部搜索，当前完工时间: 1952.00
2025-04-08 16:04:27,557 - DEBUG - 局部搜索未能改进当前解
2025-04-08 16:04:27,561 - DEBUG - 执行AGV分配局部搜索，当前完工时间: 1932.00
2025-04-08 16:04:27,564 - DEBUG - AGV分配局部搜索成功！完工时间从 1932.00 降低到 1929.00，改进: 3.00 (0.16%)
2025-04-08 16:04:27,568 - DEBUG - 执行AGV分配局部搜索，当前完工时间: 2031.00
2025-04-08 16:04:27,572 - DEBUG - 局部搜索未能改进当前解
2025-04-08 16:04:27,575 - DEBUG - 执行AGV分配局部搜索，当前完工时间: 1948.00
2025-04-08 16:04:27,579 - DEBUG - 局部搜索未能改进当前解
2025-04-08 16:04:27,583 - DEBUG - 执行AGV分配局部搜索，当前完工时间: 1918.00
2025-04-08 16:04:27,587 - DEBUG - AGV分配局部搜索成功！完工时间从 1918.00 降低到 1899.00，改进: 19.00 (0.99%)
2025-04-08 16:04:27,591 - DEBUG - 执行AGV分配局部搜索，当前完工时间: 1908.00
2025-04-08 16:04:27,594 - DEBUG - 局部搜索未能改进当前解
2025-04-08 16:04:27,600 - DEBUG - 执行AGV分配局部搜索，当前完工时间: 1918.00
2025-04-08 16:04:27,603 - DEBUG - 局部搜索未能改进当前解
2025-04-08 16:04:27,607 - DEBUG - 执行AGV分配局部搜索，当前完工时间: 2049.00
2025-04-08 16:04:27,610 - DEBUG - 局部搜索未能改进当前解
2025-04-08 16:04:27,614 - DEBUG - 执行AGV分配局部搜索，当前完工时间: 1905.00
2025-04-08 16:04:27,618 - DEBUG - 局部搜索未能改进当前解
2025-04-08 16:04:27,622 - DEBUG - 执行AGV分配局部搜索，当前完工时间: 1895.00
2025-04-08 16:04:27,625 - DEBUG - 局部搜索未能改进当前解
2025-04-08 16:04:27,630 - DEBUG - 执行AGV分配局部搜索，当前完工时间: 1937.00
2025-04-08 16:04:27,633 - DEBUG - 局部搜索未能改进当前解
2025-04-08 16:04:27,637 - DEBUG - 执行AGV分配局部搜索，当前完工时间: 1890.00
2025-04-08 16:04:27,641 - DEBUG - 局部搜索未能改进当前解
2025-04-08 16:04:27,644 - DEBUG - 执行AGV分配局部搜索，当前完工时间: 1955.00
2025-04-08 16:04:27,648 - DEBUG - 局部搜索未能改进当前解
2025-04-08 16:04:27,653 - DEBUG - 执行AGV分配局部搜索，当前完工时间: 1988.00
2025-04-08 16:04:27,656 - DEBUG - AGV分配局部搜索成功！完工时间从 1988.00 降低到 1951.00，改进: 37.00 (1.86%)
2025-04-08 16:04:27,661 - DEBUG - 执行AGV分配局部搜索，当前完工时间: 1940.00
2025-04-08 16:04:27,664 - DEBUG - 局部搜索未能改进当前解
2025-04-08 16:04:27,668 - DEBUG - 执行AGV分配局部搜索，当前完工时间: 1821.00
2025-04-08 16:04:27,672 - DEBUG - 局部搜索未能改进当前解
2025-04-08 16:04:27,676 - DEBUG - 执行AGV分配局部搜索，当前完工时间: 1916.00
2025-04-08 16:04:27,680 - DEBUG - 局部搜索未能改进当前解
2025-04-08 16:04:27,684 - DEBUG - 执行AGV分配局部搜索，当前完工时间: 1888.00
2025-04-08 16:04:27,687 - DEBUG - 局部搜索未能改进当前解
2025-04-08 16:04:27,692 - DEBUG - 执行AGV分配局部搜索，当前完工时间: 2004.00
2025-04-08 16:04:27,695 - DEBUG - 局部搜索未能改进当前解
2025-04-08 16:04:27,700 - DEBUG - 执行AGV分配局部搜索，当前完工时间: 1847.00
2025-04-08 16:04:27,703 - DEBUG - 局部搜索未能改进当前解
2025-04-08 16:04:27,707 - DEBUG - 执行AGV分配局部搜索，当前完工时间: 1918.00
2025-04-08 16:04:27,710 - DEBUG - 局部搜索未能改进当前解
2025-04-08 16:04:27,715 - DEBUG - 执行AGV分配局部搜索，当前完工时间: 1864.00
2025-04-08 16:04:27,718 - DEBUG - 局部搜索未能改进当前解
2025-04-08 16:04:27,722 - DEBUG - 执行AGV分配局部搜索，当前完工时间: 1892.00
2025-04-08 16:04:27,726 - DEBUG - 局部搜索未能改进当前解
2025-04-08 16:04:27,729 - DEBUG - 执行AGV分配局部搜索，当前完工时间: 1938.00
2025-04-08 16:04:27,733 - DEBUG - 局部搜索未能改进当前解
2025-04-08 16:04:27,737 - DEBUG - 执行AGV分配局部搜索，当前完工时间: 1907.00
2025-04-08 16:04:27,742 - DEBUG - 局部搜索未能改进当前解
2025-04-08 16:04:27,745 - DEBUG - 执行AGV分配局部搜索，当前完工时间: 1914.00
2025-04-08 16:04:27,749 - DEBUG - 局部搜索未能改进当前解
2025-04-08 16:04:27,752 - DEBUG - 执行AGV分配局部搜索，当前完工时间: 1920.00
2025-04-08 16:04:27,756 - DEBUG - 局部搜索未能改进当前解
2025-04-08 16:04:27,761 - DEBUG - 执行AGV分配局部搜索，当前完工时间: 2009.00
2025-04-08 16:04:27,764 - DEBUG - 局部搜索未能改进当前解
2025-04-08 16:04:27,768 - DEBUG - 执行AGV分配局部搜索，当前完工时间: 1897.00
2025-04-08 16:04:27,772 - DEBUG - 局部搜索未能改进当前解
2025-04-08 16:04:27,775 - DEBUG - 执行AGV分配局部搜索，当前完工时间: 1876.00
2025-04-08 16:04:27,779 - DEBUG - 局部搜索未能改进当前解
2025-04-08 16:04:27,783 - DEBUG - 执行AGV分配局部搜索，当前完工时间: 1882.00
2025-04-08 16:04:27,786 - DEBUG - 局部搜索未能改进当前解
2025-04-08 16:04:27,790 - DEBUG - 执行AGV分配局部搜索，当前完工时间: 1877.00
2025-04-08 16:04:27,793 - DEBUG - 局部搜索未能改进当前解
2025-04-08 16:04:27,793 - DEBUG - ==================================================
2025-04-08 16:04:27,793 - DEBUG - Efficiency Statistics of Local Search :
2025-04-08 16:04:27,793 - DEBUG - Number of attempts: 99
2025-04-08 16:04:27,793 - DEBUG - Average Success Rate: 8.08%
2025-04-08 16:04:27,793 - DEBUG - AGV Local Search Success: 8，Average Improvement: 26.75
2025-04-08 16:04:27,797 - DEBUG - 执行AGV分配局部搜索，当前完工时间: 1970.00
2025-04-08 16:04:27,802 - DEBUG - 局部搜索未能改进当前解
2025-04-08 16:04:27,805 - DEBUG - 执行AGV分配局部搜索，当前完工时间: 1924.00
2025-04-08 16:04:27,808 - DEBUG - 局部搜索未能改进当前解
2025-04-08 16:04:27,812 - DEBUG - 执行AGV分配局部搜索，当前完工时间: 1931.00
2025-04-08 16:04:27,816 - DEBUG - 局部搜索未能改进当前解
2025-04-08 16:04:27,820 - DEBUG - 执行AGV分配局部搜索，当前完工时间: 1818.00
2025-04-08 16:04:27,823 - DEBUG - 局部搜索未能改进当前解
2025-04-08 16:04:27,826 - DEBUG - 执行AGV分配局部搜索，当前完工时间: 2009.00
2025-04-08 16:04:27,830 - DEBUG - 局部搜索未能改进当前解
2025-04-08 16:04:27,835 - DEBUG - 执行AGV分配局部搜索，当前完工时间: 1941.00
2025-04-08 16:04:27,837 - DEBUG - AGV分配局部搜索成功！完工时间从 1941.00 降低到 1921.00，改进: 20.00 (1.03%)
2025-04-08 16:04:27,842 - DEBUG - 执行AGV分配局部搜索，当前完工时间: 1963.00
2025-04-08 16:04:27,845 - DEBUG - 局部搜索未能改进当前解
2025-04-08 16:04:27,849 - DEBUG - 执行AGV分配局部搜索，当前完工时间: 1895.00
2025-04-08 16:04:27,854 - DEBUG - AGV分配局部搜索成功！完工时间从 1895.00 降低到 1888.00，改进: 7.00 (0.37%)
2025-04-08 16:04:27,857 - DEBUG - 执行AGV分配局部搜索，当前完工时间: 2025.00
2025-04-08 16:04:27,860 - DEBUG - 局部搜索未能改进当前解
2025-04-08 16:04:27,865 - DEBUG - 执行AGV分配局部搜索，当前完工时间: 1940.00
2025-04-08 16:04:27,869 - DEBUG - 局部搜索未能改进当前解
2025-04-08 16:04:27,872 - DEBUG - 执行AGV分配局部搜索，当前完工时间: 1858.00
2025-04-08 16:04:27,876 - DEBUG - 局部搜索未能改进当前解
2025-04-08 16:04:27,880 - DEBUG - 执行AGV分配局部搜索，当前完工时间: 1932.00
2025-04-08 16:04:27,884 - DEBUG - 局部搜索未能改进当前解
2025-04-08 16:04:27,888 - DEBUG - 执行AGV分配局部搜索，当前完工时间: 2014.00
2025-04-08 16:04:27,891 - DEBUG - 局部搜索未能改进当前解
2025-04-08 16:04:27,895 - DEBUG - 执行AGV分配局部搜索，当前完工时间: 1916.00
2025-04-08 16:04:27,897 - DEBUG - 局部搜索未能改进当前解
2025-04-08 16:04:27,902 - DEBUG - 执行AGV分配局部搜索，当前完工时间: 1932.00
2025-04-08 16:04:27,906 - DEBUG - AGV分配局部搜索成功！完工时间从 1932.00 降低到 1910.00，改进: 22.00 (1.14%)
2025-04-08 16:04:27,909 - DEBUG - 执行AGV分配局部搜索，当前完工时间: 1912.00
2025-04-08 16:04:27,913 - DEBUG - 局部搜索未能改进当前解
2025-04-08 16:04:27,917 - DEBUG - 执行AGV分配局部搜索，当前完工时间: 1905.00
2025-04-08 16:04:27,920 - DEBUG - 局部搜索未能改进当前解
2025-04-08 16:04:27,925 - DEBUG - 执行AGV分配局部搜索，当前完工时间: 1913.00
2025-04-08 16:04:27,928 - DEBUG - 局部搜索未能改进当前解
2025-04-08 16:04:27,932 - DEBUG - 执行AGV分配局部搜索，当前完工时间: 1934.00
2025-04-08 16:04:27,935 - DEBUG - 局部搜索未能改进当前解
2025-04-08 16:04:27,939 - DEBUG - 执行AGV分配局部搜索，当前完工时间: 2028.00
2025-04-08 16:04:27,943 - DEBUG - 局部搜索未能改进当前解
2025-04-08 16:04:27,947 - DEBUG - 执行AGV分配局部搜索，当前完工时间: 1971.00
2025-04-08 16:04:27,951 - DEBUG - 局部搜索未能改进当前解
2025-04-08 16:04:27,954 - DEBUG - 执行AGV分配局部搜索，当前完工时间: 2036.00
2025-04-08 16:04:27,958 - DEBUG - 局部搜索未能改进当前解
2025-04-08 16:04:27,962 - DEBUG - 执行AGV分配局部搜索，当前完工时间: 1869.00
2025-04-08 16:04:27,965 - DEBUG - 局部搜索未能改进当前解
2025-04-08 16:04:27,970 - DEBUG - 执行AGV分配局部搜索，当前完工时间: 1972.00
2025-04-08 16:04:27,974 - DEBUG - 局部搜索未能改进当前解
2025-04-08 16:04:27,977 - DEBUG - 执行AGV分配局部搜索，当前完工时间: 1978.00
2025-04-08 16:04:27,980 - DEBUG - 局部搜索未能改进当前解
2025-04-08 16:04:27,985 - DEBUG - 执行AGV分配局部搜索，当前完工时间: 2000.00
2025-04-08 16:04:27,988 - DEBUG - 局部搜索未能改进当前解
2025-04-08 16:04:27,991 - DEBUG - 执行AGV分配局部搜索，当前完工时间: 1875.00
2025-04-08 16:04:27,996 - DEBUG - 局部搜索未能改进当前解
2025-04-08 16:04:27,999 - DEBUG - 执行AGV分配局部搜索，当前完工时间: 1854.00
2025-04-08 16:04:28,002 - DEBUG - 局部搜索未能改进当前解
2025-04-08 16:04:28,006 - DEBUG - 执行AGV分配局部搜索，当前完工时间: 1821.00
2025-04-08 16:04:28,010 - DEBUG - 局部搜索未能改进当前解
2025-04-08 16:04:28,014 - DEBUG - 执行AGV分配局部搜索，当前完工时间: 1940.00
2025-04-08 16:04:28,016 - DEBUG - AGV分配局部搜索成功！完工时间从 1940.00 降低到 1916.00，改进: 24.00 (1.24%)
2025-04-08 16:04:28,021 - DEBUG - 执行AGV分配局部搜索，当前完工时间: 1871.00
2025-04-08 16:04:28,025 - DEBUG - 局部搜索未能改进当前解
2025-04-08 16:04:28,029 - DEBUG - 执行AGV分配局部搜索，当前完工时间: 1985.00
2025-04-08 16:04:28,032 - DEBUG - 局部搜索未能改进当前解
2025-04-08 16:04:28,036 - DEBUG - 执行AGV分配局部搜索，当前完工时间: 1872.00
2025-04-08 16:04:28,041 - DEBUG - AGV分配局部搜索成功！完工时间从 1872.00 降低到 1843.00，改进: 29.00 (1.55%)
2025-04-08 16:04:28,047 - DEBUG - 执行AGV分配局部搜索，当前完工时间: 1846.00
2025-04-08 16:04:28,051 - DEBUG - 局部搜索未能改进当前解
2025-04-08 16:04:28,055 - DEBUG - 执行AGV分配局部搜索，当前完工时间: 1840.00
2025-04-08 16:04:28,058 - DEBUG - 局部搜索未能改进当前解
2025-04-08 16:04:28,062 - DEBUG - 执行AGV分配局部搜索，当前完工时间: 1992.00
2025-04-08 16:04:28,066 - DEBUG - AGV分配局部搜索成功！完工时间从 1992.00 降低到 1926.00，改进: 66.00 (3.31%)
2025-04-08 16:04:28,070 - DEBUG - 执行AGV分配局部搜索，当前完工时间: 1882.00
2025-04-08 16:04:28,073 - DEBUG - AGV分配局部搜索成功！完工时间从 1882.00 降低到 1856.00，改进: 26.00 (1.38%)
2025-04-08 16:04:28,077 - DEBUG - 执行AGV分配局部搜索，当前完工时间: 1959.00
2025-04-08 16:04:28,081 - DEBUG - 局部搜索未能改进当前解
2025-04-08 16:04:28,085 - DEBUG - 执行AGV分配局部搜索，当前完工时间: 1862.00
2025-04-08 16:04:28,090 - DEBUG - 局部搜索未能改进当前解
2025-04-08 16:04:28,094 - DEBUG - 执行AGV分配局部搜索，当前完工时间: 1882.00
2025-04-08 16:04:28,097 - DEBUG - 局部搜索未能改进当前解
2025-04-08 16:04:28,101 - DEBUG - 执行AGV分配局部搜索，当前完工时间: 1937.00
2025-04-08 16:04:28,105 - DEBUG - AGV分配局部搜索成功！完工时间从 1937.00 降低到 1900.00，改进: 37.00 (1.91%)
2025-04-08 16:04:28,109 - DEBUG - 执行AGV分配局部搜索，当前完工时间: 2099.00
2025-04-08 16:04:28,112 - DEBUG - 局部搜索未能改进当前解
2025-04-08 16:04:28,117 - DEBUG - 执行AGV分配局部搜索，当前完工时间: 1959.00
2025-04-08 16:04:28,121 - DEBUG - 局部搜索未能改进当前解
2025-04-08 16:04:28,124 - DEBUG - 执行AGV分配局部搜索，当前完工时间: 1892.00
2025-04-08 16:04:28,127 - DEBUG - 局部搜索未能改进当前解
2025-04-08 16:04:28,132 - DEBUG - 执行AGV分配局部搜索，当前完工时间: 1869.00
2025-04-08 16:04:28,135 - DEBUG - 局部搜索未能改进当前解
2025-04-08 16:04:28,138 - DEBUG - 执行AGV分配局部搜索，当前完工时间: 1930.00
2025-04-08 16:04:28,141 - DEBUG - 局部搜索未能改进当前解
2025-04-08 16:04:28,145 - DEBUG - 执行AGV分配局部搜索，当前完工时间: 1971.00
2025-04-08 16:04:28,149 - DEBUG - AGV分配局部搜索成功！完工时间从 1971.00 降低到 1966.00，改进: 5.00 (0.25%)
2025-04-08 16:04:28,152 - DEBUG - 执行AGV分配局部搜索，当前完工时间: 1838.00
2025-04-08 16:04:28,157 - DEBUG - 局部搜索未能改进当前解
2025-04-08 16:04:28,160 - DEBUG - 执行AGV分配局部搜索，当前完工时间: 1936.00
2025-04-08 16:04:28,164 - DEBUG - 局部搜索未能改进当前解
2025-04-08 16:04:28,168 - DEBUG - 执行AGV分配局部搜索，当前完工时间: 1986.00
2025-04-08 16:04:28,171 - DEBUG - 局部搜索未能改进当前解
2025-04-08 16:04:28,175 - DEBUG - 执行AGV分配局部搜索，当前完工时间: 2027.00
2025-04-08 16:04:28,180 - DEBUG - 局部搜索未能改进当前解
2025-04-08 16:04:28,184 - DEBUG - 执行AGV分配局部搜索，当前完工时间: 1893.00
2025-04-08 16:04:28,187 - DEBUG - 局部搜索未能改进当前解
2025-04-08 16:04:28,191 - DEBUG - 执行AGV分配局部搜索，当前完工时间: 1875.00
2025-04-08 16:04:28,194 - DEBUG - 局部搜索未能改进当前解
2025-04-08 16:04:28,197 - DEBUG - 执行AGV分配局部搜索，当前完工时间: 1899.00
2025-04-08 16:04:28,201 - DEBUG - 局部搜索未能改进当前解
2025-04-08 16:04:28,205 - DEBUG - 执行AGV分配局部搜索，当前完工时间: 1980.00
2025-04-08 16:04:28,208 - DEBUG - 局部搜索未能改进当前解
2025-04-08 16:04:28,213 - DEBUG - 执行AGV分配局部搜索，当前完工时间: 1838.00
2025-04-08 16:04:28,216 - DEBUG - 局部搜索未能改进当前解
2025-04-08 16:04:28,220 - DEBUG - 执行AGV分配局部搜索，当前完工时间: 1919.00
2025-04-08 16:04:28,223 - DEBUG - 局部搜索未能改进当前解
2025-04-08 16:04:28,227 - DEBUG - 执行AGV分配局部搜索，当前完工时间: 2070.00
2025-04-08 16:04:28,230 - DEBUG - AGV分配局部搜索成功！完工时间从 2070.00 降低到 2026.00，改进: 44.00 (2.13%)
2025-04-08 16:04:28,235 - DEBUG - 执行AGV分配局部搜索，当前完工时间: 2005.00
2025-04-08 16:04:28,239 - DEBUG - 局部搜索未能改进当前解
2025-04-08 16:04:28,242 - DEBUG - 执行AGV分配局部搜索，当前完工时间: 1942.00
2025-04-08 16:04:28,245 - DEBUG - AGV分配局部搜索成功！完工时间从 1942.00 降低到 1932.00，改进: 10.00 (0.51%)
2025-04-08 16:04:28,250 - DEBUG - 执行AGV分配局部搜索，当前完工时间: 1930.00
2025-04-08 16:04:28,254 - DEBUG - 局部搜索未能改进当前解
2025-04-08 16:04:28,257 - DEBUG - 执行AGV分配局部搜索，当前完工时间: 1834.00
2025-04-08 16:04:28,261 - DEBUG - 局部搜索未能改进当前解
2025-04-08 16:04:28,265 - DEBUG - 执行AGV分配局部搜索，当前完工时间: 1934.00
2025-04-08 16:04:28,269 - DEBUG - 局部搜索未能改进当前解
2025-04-08 16:04:28,272 - DEBUG - 执行AGV分配局部搜索，当前完工时间: 1826.00
2025-04-08 16:04:28,275 - DEBUG - 局部搜索未能改进当前解
2025-04-08 16:04:28,280 - DEBUG - 执行AGV分配局部搜索，当前完工时间: 1925.00
2025-04-08 16:04:28,284 - DEBUG - 局部搜索未能改进当前解
2025-04-08 16:04:28,287 - DEBUG - 执行AGV分配局部搜索，当前完工时间: 1938.00
2025-04-08 16:04:28,291 - DEBUG - 局部搜索未能改进当前解
2025-04-08 16:04:28,295 - DEBUG - 执行AGV分配局部搜索，当前完工时间: 1887.00
2025-04-08 16:04:28,299 - DEBUG - 局部搜索未能改进当前解
2025-04-08 16:04:28,303 - DEBUG - 执行AGV分配局部搜索，当前完工时间: 1982.00
2025-04-08 16:04:28,306 - DEBUG - AGV分配局部搜索成功！完工时间从 1982.00 降低到 1957.00，改进: 25.00 (1.26%)
2025-04-08 16:04:28,310 - DEBUG - 执行AGV分配局部搜索，当前完工时间: 1866.00
2025-04-08 16:04:28,312 - DEBUG - 局部搜索未能改进当前解
2025-04-08 16:04:28,318 - DEBUG - 执行AGV分配局部搜索，当前完工时间: 1923.00
2025-04-08 16:04:28,320 - DEBUG - 局部搜索未能改进当前解
2025-04-08 16:04:28,324 - DEBUG - 执行AGV分配局部搜索，当前完工时间: 1905.00
2025-04-08 16:04:28,328 - DEBUG - 局部搜索未能改进当前解
2025-04-08 16:04:28,331 - DEBUG - 执行AGV分配局部搜索，当前完工时间: 1967.00
2025-04-08 16:04:28,335 - DEBUG - 局部搜索未能改进当前解
2025-04-08 16:04:28,338 - DEBUG - 执行AGV分配局部搜索，当前完工时间: 1899.00
2025-04-08 16:04:28,343 - DEBUG - 局部搜索未能改进当前解
2025-04-08 16:04:28,347 - DEBUG - 执行AGV分配局部搜索，当前完工时间: 1855.00
2025-04-08 16:04:28,350 - DEBUG - 局部搜索未能改进当前解
2025-04-08 16:04:28,353 - DEBUG - 执行AGV分配局部搜索，当前完工时间: 1951.00
2025-04-08 16:04:28,357 - DEBUG - 局部搜索未能改进当前解
2025-04-08 16:04:28,361 - DEBUG - 执行AGV分配局部搜索，当前完工时间: 1948.00
2025-04-08 16:04:28,364 - DEBUG - 局部搜索未能改进当前解
2025-04-08 16:04:28,369 - DEBUG - 执行AGV分配局部搜索，当前完工时间: 1876.00
2025-04-08 16:04:28,372 - DEBUG - 局部搜索未能改进当前解
2025-04-08 16:04:28,376 - DEBUG - 执行AGV分配局部搜索，当前完工时间: 1892.00
2025-04-08 16:04:28,379 - DEBUG - 局部搜索未能改进当前解
2025-04-08 16:04:28,383 - DEBUG - 执行AGV分配局部搜索，当前完工时间: 1962.00
2025-04-08 16:04:28,387 - DEBUG - 局部搜索未能改进当前解
2025-04-08 16:04:28,390 - DEBUG - 执行AGV分配局部搜索，当前完工时间: 1846.00
2025-04-08 16:04:28,394 - DEBUG - 局部搜索未能改进当前解
2025-04-08 16:04:28,397 - DEBUG - 执行AGV分配局部搜索，当前完工时间: 1925.00
2025-04-08 16:04:28,401 - DEBUG - 局部搜索未能改进当前解
2025-04-08 16:04:28,405 - DEBUG - 执行AGV分配局部搜索，当前完工时间: 1858.00
2025-04-08 16:04:28,409 - DEBUG - 局部搜索未能改进当前解
2025-04-08 16:04:28,412 - DEBUG - 执行AGV分配局部搜索，当前完工时间: 1867.00
2025-04-08 16:04:28,416 - DEBUG - 局部搜索未能改进当前解
2025-04-08 16:04:28,420 - DEBUG - 执行AGV分配局部搜索，当前完工时间: 1888.00
2025-04-08 16:04:28,423 - DEBUG - AGV分配局部搜索成功！完工时间从 1888.00 降低到 1871.00，改进: 17.00 (0.90%)
2025-04-08 16:04:28,426 - DEBUG - 执行AGV分配局部搜索，当前完工时间: 1932.00
2025-04-08 16:04:28,431 - DEBUG - 局部搜索未能改进当前解
2025-04-08 16:04:28,434 - DEBUG - 执行AGV分配局部搜索，当前完工时间: 1849.00
2025-04-08 16:04:28,437 - DEBUG - AGV分配局部搜索成功！完工时间从 1849.00 降低到 1844.00，改进: 5.00 (0.27%)
2025-04-08 16:04:28,441 - DEBUG - 执行AGV分配局部搜索，当前完工时间: 1882.00
2025-04-08 16:04:28,445 - DEBUG - 局部搜索未能改进当前解
2025-04-08 16:04:28,450 - DEBUG - 执行AGV分配局部搜索，当前完工时间: 1864.00
2025-04-08 16:04:28,452 - DEBUG - 局部搜索未能改进当前解
2025-04-08 16:04:28,456 - DEBUG - 执行AGV分配局部搜索，当前完工时间: 1989.00
2025-04-08 16:04:28,460 - DEBUG - 局部搜索未能改进当前解
2025-04-08 16:04:28,464 - DEBUG - 执行AGV分配局部搜索，当前完工时间: 1876.00
2025-04-08 16:04:28,468 - DEBUG - 局部搜索未能改进当前解
2025-04-08 16:04:28,471 - DEBUG - 执行AGV分配局部搜索，当前完工时间: 1923.00
2025-04-08 16:04:28,474 - DEBUG - 局部搜索未能改进当前解
2025-04-08 16:04:28,478 - DEBUG - 执行AGV分配局部搜索，当前完工时间: 1903.00
2025-04-08 16:04:28,481 - DEBUG - 局部搜索未能改进当前解
2025-04-08 16:04:28,485 - DEBUG - 执行AGV分配局部搜索，当前完工时间: 1868.00
2025-04-08 16:04:28,489 - DEBUG - 局部搜索未能改进当前解
2025-04-08 16:04:28,492 - DEBUG - 执行AGV分配局部搜索，当前完工时间: 1973.00
2025-04-08 16:04:28,496 - DEBUG - 局部搜索未能改进当前解
2025-04-08 16:04:28,500 - DEBUG - 执行AGV分配局部搜索，当前完工时间: 1935.00
2025-04-08 16:04:28,503 - DEBUG - 局部搜索未能改进当前解
2025-04-08 16:04:28,507 - DEBUG - 执行AGV分配局部搜索，当前完工时间: 1938.00
2025-04-08 16:04:28,510 - DEBUG - 局部搜索未能改进当前解
2025-04-08 16:04:28,514 - DEBUG - 执行AGV分配局部搜索，当前完工时间: 1979.00
2025-04-08 16:04:28,518 - DEBUG - AGV分配局部搜索成功！完工时间从 1979.00 降低到 1974.00，改进: 5.00 (0.25%)
2025-04-08 16:04:28,521 - DEBUG - 执行AGV分配局部搜索，当前完工时间: 1932.00
2025-04-08 16:04:28,524 - DEBUG - 局部搜索未能改进当前解
2025-04-08 16:04:28,528 - DEBUG - 执行AGV分配局部搜索，当前完工时间: 1882.00
2025-04-08 16:04:28,532 - DEBUG - AGV分配局部搜索成功！完工时间从 1882.00 降低到 1865.00，改进: 17.00 (0.90%)
2025-04-08 16:04:28,532 - DEBUG - ==================================================
2025-04-08 16:04:28,532 - DEBUG - Efficiency Statistics of Local Search :
2025-04-08 16:04:28,532 - DEBUG - Number of attempts: 99
2025-04-08 16:04:28,532 - DEBUG - Average Success Rate: 16.16%
2025-04-08 16:04:28,532 - DEBUG - AGV Local Search Success: 16，Average Improvement: 22.44
2025-04-08 16:04:28,536 - DEBUG - 执行AGV分配局部搜索，当前完工时间: 1976.00
2025-04-08 16:04:28,540 - DEBUG - 局部搜索未能改进当前解
2025-04-08 16:04:28,544 - DEBUG - 执行AGV分配局部搜索，当前完工时间: 1959.00
2025-04-08 16:04:28,547 - DEBUG - 局部搜索未能改进当前解
2025-04-08 16:04:28,552 - DEBUG - 执行AGV分配局部搜索，当前完工时间: 1920.00
2025-04-08 16:04:28,556 - DEBUG - 局部搜索未能改进当前解
2025-04-08 16:04:28,559 - DEBUG - 执行AGV分配局部搜索，当前完工时间: 1957.00
2025-04-08 16:04:28,562 - DEBUG - 局部搜索未能改进当前解
2025-04-08 16:04:28,567 - DEBUG - 执行AGV分配局部搜索，当前完工时间: 2058.00
2025-04-08 16:04:28,570 - DEBUG - 局部搜索未能改进当前解
2025-04-08 16:04:28,574 - DEBUG - 执行AGV分配局部搜索，当前完工时间: 1964.00
2025-04-08 16:04:28,578 - DEBUG - 局部搜索未能改进当前解
2025-04-08 16:04:28,581 - DEBUG - 执行AGV分配局部搜索，当前完工时间: 1961.00
2025-04-08 16:04:28,585 - DEBUG - 局部搜索未能改进当前解
2025-04-08 16:04:28,590 - DEBUG - 执行AGV分配局部搜索，当前完工时间: 1852.00
2025-04-08 16:04:28,593 - DEBUG - 局部搜索未能改进当前解
2025-04-08 16:04:28,597 - DEBUG - 执行AGV分配局部搜索，当前完工时间: 1846.00
2025-04-08 16:04:28,601 - DEBUG - 局部搜索未能改进当前解
2025-04-08 16:04:28,604 - DEBUG - 执行AGV分配局部搜索，当前完工时间: 1838.00
2025-04-08 16:04:28,607 - DEBUG - 局部搜索未能改进当前解
2025-04-08 16:04:28,610 - DEBUG - 执行AGV分配局部搜索，当前完工时间: 1899.00
2025-04-08 16:04:28,614 - DEBUG - 局部搜索未能改进当前解
2025-04-08 16:04:28,618 - DEBUG - 执行AGV分配局部搜索，当前完工时间: 1942.00
2025-04-08 16:04:28,622 - DEBUG - 局部搜索未能改进当前解
2025-04-08 16:04:28,625 - DEBUG - 执行AGV分配局部搜索，当前完工时间: 1969.00
2025-04-08 16:04:28,629 - DEBUG - 局部搜索未能改进当前解
2025-04-08 16:04:28,633 - DEBUG - 执行AGV分配局部搜索，当前完工时间: 1843.00
2025-04-08 16:04:28,636 - DEBUG - 局部搜索未能改进当前解
2025-04-08 16:04:28,641 - DEBUG - 执行AGV分配局部搜索，当前完工时间: 1940.00
2025-04-08 16:04:28,644 - DEBUG - 局部搜索未能改进当前解
2025-04-08 16:04:28,648 - DEBUG - 执行AGV分配局部搜索，当前完工时间: 1882.00
2025-04-08 16:04:28,650 - DEBUG - 局部搜索未能改进当前解
2025-04-08 16:04:28,654 - DEBUG - 执行AGV分配局部搜索，当前完工时间: 1834.00
2025-04-08 16:04:28,658 - DEBUG - 局部搜索未能改进当前解
2025-04-08 16:04:28,662 - DEBUG - 执行AGV分配局部搜索，当前完工时间: 1946.00
2025-04-08 16:04:28,665 - DEBUG - 局部搜索未能改进当前解
2025-04-08 16:04:28,669 - DEBUG - 执行AGV分配局部搜索，当前完工时间: 1899.00
2025-04-08 16:04:28,672 - DEBUG - 局部搜索未能改进当前解
2025-04-08 16:04:28,676 - DEBUG - 执行AGV分配局部搜索，当前完工时间: 1892.00
2025-04-08 16:04:28,679 - DEBUG - 局部搜索未能改进当前解
2025-04-08 16:04:28,683 - DEBUG - 执行AGV分配局部搜索，当前完工时间: 1891.00
2025-04-08 16:04:28,687 - DEBUG - 局部搜索未能改进当前解
2025-04-08 16:04:28,691 - DEBUG - 执行AGV分配局部搜索，当前完工时间: 1892.00
2025-04-08 16:04:28,694 - DEBUG - 局部搜索未能改进当前解
2025-04-08 16:04:28,698 - DEBUG - 执行AGV分配局部搜索，当前完工时间: 1955.00
2025-04-08 16:04:28,702 - DEBUG - AGV分配局部搜索成功！完工时间从 1955.00 降低到 1949.00，改进: 6.00 (0.31%)
2025-04-08 16:04:28,706 - DEBUG - 执行AGV分配局部搜索，当前完工时间: 1871.00
2025-04-08 16:04:28,710 - DEBUG - 局部搜索未能改进当前解
2025-04-08 16:04:28,712 - DEBUG - 执行AGV分配局部搜索，当前完工时间: 1996.00
2025-04-08 16:04:28,718 - DEBUG - 局部搜索未能改进当前解
2025-04-08 16:04:28,720 - DEBUG - 执行AGV分配局部搜索，当前完工时间: 1810.00
2025-04-08 16:04:28,725 - DEBUG - 局部搜索未能改进当前解
2025-04-08 16:04:28,729 - DEBUG - 执行AGV分配局部搜索，当前完工时间: 2005.00
2025-04-08 16:04:28,732 - DEBUG - 局部搜索未能改进当前解
2025-04-08 16:04:28,736 - DEBUG - 执行AGV分配局部搜索，当前完工时间: 1877.00
2025-04-08 16:04:28,740 - DEBUG - 局部搜索未能改进当前解
2025-04-08 16:04:28,744 - DEBUG - 执行AGV分配局部搜索，当前完工时间: 1873.00
2025-04-08 16:04:28,747 - DEBUG - 局部搜索未能改进当前解
2025-04-08 16:04:28,751 - DEBUG - 执行AGV分配局部搜索，当前完工时间: 1850.00
2025-04-08 16:04:28,754 - DEBUG - AGV分配局部搜索成功！完工时间从 1850.00 降低到 1846.00，改进: 4.00 (0.22%)
2025-04-08 16:04:28,758 - DEBUG - 执行AGV分配局部搜索，当前完工时间: 1926.00
2025-04-08 16:04:28,762 - DEBUG - 局部搜索未能改进当前解
2025-04-08 16:04:28,765 - DEBUG - 执行AGV分配局部搜索，当前完工时间: 1907.00
2025-04-08 16:04:28,769 - DEBUG - 局部搜索未能改进当前解
2025-04-08 16:04:28,773 - DEBUG - 执行AGV分配局部搜索，当前完工时间: 1833.00
2025-04-08 16:04:28,776 - DEBUG - 局部搜索未能改进当前解
2025-04-08 16:04:28,780 - DEBUG - 执行AGV分配局部搜索，当前完工时间: 1826.00
2025-04-08 16:04:28,784 - DEBUG - 局部搜索未能改进当前解
2025-04-08 16:04:28,787 - DEBUG - 执行AGV分配局部搜索，当前完工时间: 1975.00
2025-04-08 16:04:28,791 - DEBUG - 局部搜索未能改进当前解
2025-04-08 16:04:28,795 - DEBUG - 执行AGV分配局部搜索，当前完工时间: 1972.00
2025-04-08 16:04:28,799 - DEBUG - 局部搜索未能改进当前解
2025-04-08 16:04:28,802 - DEBUG - 执行AGV分配局部搜索，当前完工时间: 1868.00
2025-04-08 16:04:28,805 - DEBUG - 局部搜索未能改进当前解
2025-04-08 16:04:28,809 - DEBUG - 执行AGV分配局部搜索，当前完工时间: 2004.00
2025-04-08 16:04:28,812 - DEBUG - 局部搜索未能改进当前解
2025-04-08 16:04:28,816 - DEBUG - 执行AGV分配局部搜索，当前完工时间: 1898.00
2025-04-08 16:04:28,821 - DEBUG - 局部搜索未能改进当前解
2025-04-08 16:04:28,823 - DEBUG - 执行AGV分配局部搜索，当前完工时间: 1876.00
2025-04-08 16:04:28,828 - DEBUG - 局部搜索未能改进当前解
2025-04-08 16:04:28,832 - DEBUG - 执行AGV分配局部搜索，当前完工时间: 2026.00
2025-04-08 16:04:28,835 - DEBUG - 局部搜索未能改进当前解
2025-04-08 16:04:28,838 - DEBUG - 执行AGV分配局部搜索，当前完工时间: 1960.00
2025-04-08 16:04:28,842 - DEBUG - 局部搜索未能改进当前解
2025-04-08 16:04:28,845 - DEBUG - 执行AGV分配局部搜索，当前完工时间: 1999.00
2025-04-08 16:04:28,851 - DEBUG - 局部搜索未能改进当前解
2025-04-08 16:04:28,855 - DEBUG - 执行AGV分配局部搜索，当前完工时间: 1940.00
2025-04-08 16:04:28,858 - DEBUG - 局部搜索未能改进当前解
2025-04-08 16:04:28,862 - DEBUG - 执行AGV分配局部搜索，当前完工时间: 2014.00
2025-04-08 16:04:28,866 - DEBUG - 局部搜索未能改进当前解
2025-04-08 16:04:28,869 - DEBUG - 执行AGV分配局部搜索，当前完工时间: 2055.00
2025-04-08 16:04:28,873 - DEBUG - 局部搜索未能改进当前解
2025-04-08 16:04:28,877 - DEBUG - 执行AGV分配局部搜索，当前完工时间: 1913.00
2025-04-08 16:04:28,881 - DEBUG - 局部搜索未能改进当前解
2025-04-08 16:04:28,886 - DEBUG - 执行AGV分配局部搜索，当前完工时间: 1856.00
2025-04-08 16:04:28,890 - DEBUG - 局部搜索未能改进当前解
2025-04-08 16:04:28,893 - DEBUG - 执行AGV分配局部搜索，当前完工时间: 1883.00
2025-04-08 16:04:28,897 - DEBUG - AGV分配局部搜索成功！完工时间从 1883.00 降低到 1874.00，改进: 9.00 (0.48%)
2025-04-08 16:04:28,902 - DEBUG - 执行AGV分配局部搜索，当前完工时间: 1876.00
2025-04-08 16:04:28,905 - DEBUG - 局部搜索未能改进当前解
2025-04-08 16:04:28,909 - DEBUG - 执行AGV分配局部搜索，当前完工时间: 1989.00
2025-04-08 16:04:28,912 - DEBUG - AGV分配局部搜索成功！完工时间从 1989.00 降低到 1939.00，改进: 50.00 (2.51%)
2025-04-08 16:04:28,916 - DEBUG - 执行AGV分配局部搜索，当前完工时间: 1831.00
2025-04-08 16:04:28,920 - DEBUG - 局部搜索未能改进当前解
2025-04-08 16:04:28,923 - DEBUG - 执行AGV分配局部搜索，当前完工时间: 1943.00
2025-04-08 16:04:28,926 - DEBUG - AGV分配局部搜索成功！完工时间从 1943.00 降低到 1925.00，改进: 18.00 (0.93%)
2025-04-08 16:04:28,930 - DEBUG - 执行AGV分配局部搜索，当前完工时间: 2019.00
2025-04-08 16:04:28,935 - DEBUG - 局部搜索未能改进当前解
2025-04-08 16:04:28,938 - DEBUG - 执行AGV分配局部搜索，当前完工时间: 1919.00
2025-04-08 16:04:28,942 - DEBUG - 局部搜索未能改进当前解
2025-04-08 16:04:28,945 - DEBUG - 执行AGV分配局部搜索，当前完工时间: 1924.00
2025-04-08 16:04:28,949 - DEBUG - 局部搜索未能改进当前解
2025-04-08 16:04:28,953 - DEBUG - 执行AGV分配局部搜索，当前完工时间: 1855.00
2025-04-08 16:04:28,957 - DEBUG - 局部搜索未能改进当前解
2025-04-08 16:04:28,960 - DEBUG - 执行AGV分配局部搜索，当前完工时间: 1961.00
2025-04-08 16:04:28,964 - DEBUG - 局部搜索未能改进当前解
2025-04-08 16:04:28,968 - DEBUG - 执行AGV分配局部搜索，当前完工时间: 1873.00
2025-04-08 16:04:28,970 - DEBUG - AGV分配局部搜索成功！完工时间从 1873.00 降低到 1872.00，改进: 1.00 (0.05%)
2025-04-08 16:04:28,975 - DEBUG - 执行AGV分配局部搜索，当前完工时间: 1875.00
2025-04-08 16:04:28,979 - DEBUG - AGV分配局部搜索成功！完工时间从 1875.00 降低到 1870.00，改进: 5.00 (0.27%)
2025-04-08 16:04:28,982 - DEBUG - 执行AGV分配局部搜索，当前完工时间: 1931.00
2025-04-08 16:04:28,986 - DEBUG - 局部搜索未能改进当前解
2025-04-08 16:04:28,991 - DEBUG - 执行AGV分配局部搜索，当前完工时间: 2016.00
2025-04-08 16:04:28,994 - DEBUG - 局部搜索未能改进当前解
2025-04-08 16:04:28,998 - DEBUG - 执行AGV分配局部搜索，当前完工时间: 1941.00
2025-04-08 16:04:29,002 - DEBUG - 局部搜索未能改进当前解
2025-04-08 16:04:29,005 - DEBUG - 执行AGV分配局部搜索，当前完工时间: 1876.00
2025-04-08 16:04:29,008 - DEBUG - 局部搜索未能改进当前解
2025-04-08 16:04:29,012 - DEBUG - 执行AGV分配局部搜索，当前完工时间: 1882.00
2025-04-08 16:04:29,016 - DEBUG - 局部搜索未能改进当前解
2025-04-08 16:04:29,019 - DEBUG - 执行AGV分配局部搜索，当前完工时间: 1938.00
2025-04-08 16:04:29,022 - DEBUG - 局部搜索未能改进当前解
2025-04-08 16:04:29,027 - DEBUG - 执行AGV分配局部搜索，当前完工时间: 2041.00
2025-04-08 16:04:29,031 - DEBUG - 局部搜索未能改进当前解
2025-04-08 16:04:29,035 - DEBUG - 执行AGV分配局部搜索，当前完工时间: 1946.00
2025-04-08 16:04:29,038 - DEBUG - 局部搜索未能改进当前解
2025-04-08 16:04:29,043 - DEBUG - 执行AGV分配局部搜索，当前完工时间: 1876.00
2025-04-08 16:04:29,047 - DEBUG - 局部搜索未能改进当前解
2025-04-08 16:04:29,050 - DEBUG - 执行AGV分配局部搜索，当前完工时间: 1846.00
2025-04-08 16:04:29,054 - DEBUG - 局部搜索未能改进当前解
2025-04-08 16:04:29,057 - DEBUG - 执行AGV分配局部搜索，当前完工时间: 1955.00
2025-04-08 16:04:29,062 - DEBUG - 局部搜索未能改进当前解
2025-04-08 16:04:29,065 - DEBUG - 执行AGV分配局部搜索，当前完工时间: 1895.00
2025-04-08 16:04:29,070 - DEBUG - 局部搜索未能改进当前解
2025-04-08 16:04:29,073 - DEBUG - 执行AGV分配局部搜索，当前完工时间: 1924.00
2025-04-08 16:04:29,076 - DEBUG - 局部搜索未能改进当前解
2025-04-08 16:04:29,081 - DEBUG - 执行AGV分配局部搜索，当前完工时间: 1867.00
2025-04-08 16:04:29,085 - DEBUG - 局部搜索未能改进当前解
2025-04-08 16:04:29,089 - DEBUG - 执行AGV分配局部搜索，当前完工时间: 1915.00
2025-04-08 16:04:29,094 - DEBUG - 局部搜索未能改进当前解
2025-04-08 16:04:29,100 - DEBUG - 执行AGV分配局部搜索，当前完工时间: 1907.00
2025-04-08 16:04:29,105 - DEBUG - AGV分配局部搜索成功！完工时间从 1907.00 降低到 1882.00，改进: 25.00 (1.31%)
2025-04-08 16:04:29,108 - DEBUG - 执行AGV分配局部搜索，当前完工时间: 1951.00
2025-04-08 16:04:29,112 - DEBUG - AGV分配局部搜索成功！完工时间从 1951.00 降低到 1934.00，改进: 17.00 (0.87%)
2025-04-08 16:04:29,116 - DEBUG - 执行AGV分配局部搜索，当前完工时间: 1996.00
2025-04-08 16:04:29,120 - DEBUG - AGV分配局部搜索成功！完工时间从 1996.00 降低到 1981.00，改进: 15.00 (0.75%)
2025-04-08 16:04:29,124 - DEBUG - 执行AGV分配局部搜索，当前完工时间: 1939.00
2025-04-08 16:04:29,128 - DEBUG - 局部搜索未能改进当前解
2025-04-08 16:04:29,132 - DEBUG - 执行AGV分配局部搜索，当前完工时间: 1942.00
2025-04-08 16:04:29,135 - DEBUG - 局部搜索未能改进当前解
2025-04-08 16:04:29,139 - DEBUG - 执行AGV分配局部搜索，当前完工时间: 1816.00
2025-04-08 16:04:29,143 - DEBUG - 局部搜索未能改进当前解
2025-04-08 16:04:29,145 - DEBUG - 执行AGV分配局部搜索，当前完工时间: 1860.00
2025-04-08 16:04:29,149 - DEBUG - 局部搜索未能改进当前解
2025-04-08 16:04:29,153 - DEBUG - 执行AGV分配局部搜索，当前完工时间: 1912.00
2025-04-08 16:04:29,157 - DEBUG - 局部搜索未能改进当前解
2025-04-08 16:04:29,160 - DEBUG - 执行AGV分配局部搜索，当前完工时间: 1845.00
2025-04-08 16:04:29,164 - DEBUG - 局部搜索未能改进当前解
2025-04-08 16:04:29,168 - DEBUG - 执行AGV分配局部搜索，当前完工时间: 1952.00
2025-04-08 16:04:29,171 - DEBUG - AGV分配局部搜索成功！完工时间从 1952.00 降低到 1921.00，改进: 31.00 (1.59%)
2025-04-08 16:04:29,176 - DEBUG - 执行AGV分配局部搜索，当前完工时间: 1915.00
2025-04-08 16:04:29,179 - DEBUG - AGV分配局部搜索成功！完工时间从 1915.00 降低到 1892.00，改进: 23.00 (1.20%)
2025-04-08 16:04:29,183 - DEBUG - 执行AGV分配局部搜索，当前完工时间: 1832.00
2025-04-08 16:04:29,186 - DEBUG - 局部搜索未能改进当前解
2025-04-08 16:04:29,190 - DEBUG - 执行AGV分配局部搜索，当前完工时间: 1897.00
2025-04-08 16:04:29,193 - DEBUG - 局部搜索未能改进当前解
2025-04-08 16:04:29,197 - DEBUG - 执行AGV分配局部搜索，当前完工时间: 1973.00
2025-04-08 16:04:29,201 - DEBUG - 局部搜索未能改进当前解
2025-04-08 16:04:29,204 - DEBUG - 执行AGV分配局部搜索，当前完工时间: 1941.00
2025-04-08 16:04:29,208 - DEBUG - 局部搜索未能改进当前解
2025-04-08 16:04:29,212 - DEBUG - 执行AGV分配局部搜索，当前完工时间: 2016.00
2025-04-08 16:04:29,215 - DEBUG - 局部搜索未能改进当前解
2025-04-08 16:04:29,219 - DEBUG - 执行AGV分配局部搜索，当前完工时间: 1853.00
2025-04-08 16:04:29,223 - DEBUG - 局部搜索未能改进当前解
2025-04-08 16:04:29,227 - DEBUG - 执行AGV分配局部搜索，当前完工时间: 1885.00
2025-04-08 16:04:29,231 - DEBUG - 局部搜索未能改进当前解
2025-04-08 16:04:29,234 - DEBUG - 执行AGV分配局部搜索，当前完工时间: 2094.00
2025-04-08 16:04:29,239 - DEBUG - 局部搜索未能改进当前解
2025-04-08 16:04:29,242 - DEBUG - 执行AGV分配局部搜索，当前完工时间: 1935.00
2025-04-08 16:04:29,246 - DEBUG - 局部搜索未能改进当前解
2025-04-08 16:04:29,249 - DEBUG - 执行AGV分配局部搜索，当前完工时间: 2018.00
2025-04-08 16:04:29,253 - DEBUG - 局部搜索未能改进当前解
2025-04-08 16:04:29,257 - DEBUG - 执行AGV分配局部搜索，当前完工时间: 1939.00
2025-04-08 16:04:29,259 - DEBUG - 局部搜索未能改进当前解
2025-04-08 16:04:29,263 - DEBUG - 执行AGV分配局部搜索，当前完工时间: 1919.00
2025-04-08 16:04:29,266 - DEBUG - 局部搜索未能改进当前解
2025-04-08 16:04:29,270 - DEBUG - 执行AGV分配局部搜索，当前完工时间: 1893.00
2025-04-08 16:04:29,274 - DEBUG - 局部搜索未能改进当前解
2025-04-08 16:04:29,274 - DEBUG - ==================================================
2025-04-08 16:04:29,274 - DEBUG - Efficiency Statistics of Local Search :
2025-04-08 16:04:29,274 - DEBUG - Number of attempts: 99
2025-04-08 16:04:29,274 - DEBUG - Average Success Rate: 12.12%
2025-04-08 16:04:29,274 - DEBUG - AGV Local Search Success: 12，Average Improvement: 17.00
2025-04-08 16:04:29,278 - DEBUG - 执行AGV分配局部搜索，当前完工时间: 1926.00
2025-04-08 16:04:29,282 - DEBUG - 局部搜索未能改进当前解
2025-04-08 16:04:29,286 - DEBUG - 执行AGV分配局部搜索，当前完工时间: 1983.00
2025-04-08 16:04:29,290 - DEBUG - 局部搜索未能改进当前解
2025-04-08 16:04:29,293 - DEBUG - 执行AGV分配局部搜索，当前完工时间: 1894.00
2025-04-08 16:04:29,297 - DEBUG - 局部搜索未能改进当前解
2025-04-08 16:04:29,301 - DEBUG - 执行AGV分配局部搜索，当前完工时间: 1949.00
2025-04-08 16:04:29,305 - DEBUG - 局部搜索未能改进当前解
2025-04-08 16:04:29,308 - DEBUG - 执行AGV分配局部搜索，当前完工时间: 1945.00
2025-04-08 16:04:29,312 - DEBUG - 局部搜索未能改进当前解
2025-04-08 16:04:29,316 - DEBUG - 执行AGV分配局部搜索，当前完工时间: 1937.00
2025-04-08 16:04:29,319 - DEBUG - 局部搜索未能改进当前解
2025-04-08 16:04:29,323 - DEBUG - 执行AGV分配局部搜索，当前完工时间: 1869.00
2025-04-08 16:04:29,327 - DEBUG - 局部搜索未能改进当前解
2025-04-08 16:04:29,330 - DEBUG - 执行AGV分配局部搜索，当前完工时间: 1874.00
2025-04-08 16:04:29,334 - DEBUG - 局部搜索未能改进当前解
2025-04-08 16:04:29,338 - DEBUG - 执行AGV分配局部搜索，当前完工时间: 1954.00
2025-04-08 16:04:29,341 - DEBUG - AGV分配局部搜索成功！完工时间从 1954.00 降低到 1944.00，改进: 10.00 (0.51%)
2025-04-08 16:04:29,345 - DEBUG - 执行AGV分配局部搜索，当前完工时间: 1914.00
2025-04-08 16:04:29,349 - DEBUG - 局部搜索未能改进当前解
2025-04-08 16:04:29,353 - DEBUG - 执行AGV分配局部搜索，当前完工时间: 1987.00
2025-04-08 16:04:29,356 - DEBUG - 局部搜索未能改进当前解
2025-04-08 16:04:29,360 - DEBUG - 执行AGV分配局部搜索，当前完工时间: 1958.00
2025-04-08 16:04:29,363 - DEBUG - 局部搜索未能改进当前解
2025-04-08 16:04:29,367 - DEBUG - 执行AGV分配局部搜索，当前完工时间: 1801.00
2025-04-08 16:04:29,371 - DEBUG - 局部搜索未能改进当前解
2025-04-08 16:04:29,375 - DEBUG - 执行AGV分配局部搜索，当前完工时间: 1863.00
2025-04-08 16:04:29,378 - DEBUG - 局部搜索未能改进当前解
2025-04-08 16:04:29,383 - DEBUG - 执行AGV分配局部搜索，当前完工时间: 1963.00
2025-04-08 16:04:29,386 - DEBUG - 局部搜索未能改进当前解
2025-04-08 16:04:29,389 - DEBUG - 执行AGV分配局部搜索，当前完工时间: 1926.00
2025-04-08 16:04:29,393 - DEBUG - AGV分配局部搜索成功！完工时间从 1926.00 降低到 1923.00，改进: 3.00 (0.16%)
2025-04-08 16:04:29,398 - DEBUG - 执行AGV分配局部搜索，当前完工时间: 2058.00
2025-04-08 16:04:29,401 - DEBUG - AGV分配局部搜索成功！完工时间从 2058.00 降低到 1942.00，改进: 116.00 (5.64%)
2025-04-08 16:04:29,405 - DEBUG - 执行AGV分配局部搜索，当前完工时间: 1904.00
2025-04-08 16:04:29,409 - DEBUG - 局部搜索未能改进当前解
2025-04-08 16:04:29,412 - DEBUG - 执行AGV分配局部搜索，当前完工时间: 1896.00
2025-04-08 16:04:29,417 - DEBUG - 局部搜索未能改进当前解
2025-04-08 16:04:29,420 - DEBUG - 执行AGV分配局部搜索，当前完工时间: 1892.00
2025-04-08 16:04:29,424 - DEBUG - 局部搜索未能改进当前解
2025-04-08 16:04:29,427 - DEBUG - 执行AGV分配局部搜索，当前完工时间: 1923.00
2025-04-08 16:04:29,431 - DEBUG - 局部搜索未能改进当前解
2025-04-08 16:04:29,435 - DEBUG - 执行AGV分配局部搜索，当前完工时间: 1947.00
2025-04-08 16:04:29,439 - DEBUG - 局部搜索未能改进当前解
2025-04-08 16:04:29,442 - DEBUG - 执行AGV分配局部搜索，当前完工时间: 1951.00
2025-04-08 16:04:29,446 - DEBUG - 局部搜索未能改进当前解
2025-04-08 16:04:29,450 - DEBUG - 执行AGV分配局部搜索，当前完工时间: 1878.00
2025-04-08 16:04:29,453 - DEBUG - 局部搜索未能改进当前解
2025-04-08 16:04:29,457 - DEBUG - 执行AGV分配局部搜索，当前完工时间: 2070.00
2025-04-08 16:04:29,460 - DEBUG - 局部搜索未能改进当前解
2025-04-08 16:04:29,464 - DEBUG - 执行AGV分配局部搜索，当前完工时间: 1918.00
2025-04-08 16:04:29,468 - DEBUG - 局部搜索未能改进当前解
2025-04-08 16:04:29,471 - DEBUG - 执行AGV分配局部搜索，当前完工时间: 1917.00
2025-04-08 16:04:29,475 - DEBUG - 局部搜索未能改进当前解
2025-04-08 16:04:29,479 - DEBUG - 执行AGV分配局部搜索，当前完工时间: 1832.00
2025-04-08 16:04:29,482 - DEBUG - 局部搜索未能改进当前解
2025-04-08 16:04:29,486 - DEBUG - 执行AGV分配局部搜索，当前完工时间: 1858.00
2025-04-08 16:04:29,490 - DEBUG - 局部搜索未能改进当前解
2025-04-08 16:04:29,494 - DEBUG - 执行AGV分配局部搜索，当前完工时间: 1911.00
2025-04-08 16:04:29,497 - DEBUG - 局部搜索未能改进当前解
2025-04-08 16:04:29,501 - DEBUG - 执行AGV分配局部搜索，当前完工时间: 1932.00
2025-04-08 16:04:29,504 - DEBUG - 局部搜索未能改进当前解
2025-04-08 16:04:29,509 - DEBUG - 执行AGV分配局部搜索，当前完工时间: 1876.00
2025-04-08 16:04:29,512 - DEBUG - 局部搜索未能改进当前解
2025-04-08 16:04:29,515 - DEBUG - 执行AGV分配局部搜索，当前完工时间: 1893.00
2025-04-08 16:04:29,520 - DEBUG - 局部搜索未能改进当前解
2025-04-08 16:04:29,523 - DEBUG - 执行AGV分配局部搜索，当前完工时间: 1877.00
2025-04-08 16:04:29,526 - DEBUG - 局部搜索未能改进当前解
2025-04-08 16:04:29,530 - DEBUG - 执行AGV分配局部搜索，当前完工时间: 1816.00
2025-04-08 16:04:29,534 - DEBUG - 局部搜索未能改进当前解
2025-04-08 16:04:29,537 - DEBUG - 执行AGV分配局部搜索，当前完工时间: 1852.00
2025-04-08 16:04:29,541 - DEBUG - AGV分配局部搜索成功！完工时间从 1852.00 降低到 1816.00，改进: 36.00 (1.94%)
2025-04-08 16:04:29,545 - DEBUG - 执行AGV分配局部搜索，当前完工时间: 1917.00
2025-04-08 16:04:29,549 - DEBUG - 局部搜索未能改进当前解
2025-04-08 16:04:29,553 - DEBUG - 执行AGV分配局部搜索，当前完工时间: 2013.00
2025-04-08 16:04:29,557 - DEBUG - 局部搜索未能改进当前解
2025-04-08 16:04:29,561 - DEBUG - 执行AGV分配局部搜索，当前完工时间: 2038.00
2025-04-08 16:04:29,564 - DEBUG - 局部搜索未能改进当前解
2025-04-08 16:04:29,569 - DEBUG - 执行AGV分配局部搜索，当前完工时间: 1916.00
2025-04-08 16:04:29,573 - DEBUG - 局部搜索未能改进当前解
2025-04-08 16:04:29,576 - DEBUG - 执行AGV分配局部搜索，当前完工时间: 1866.00
2025-04-08 16:04:29,580 - DEBUG - 局部搜索未能改进当前解
2025-04-08 16:04:29,584 - DEBUG - 执行AGV分配局部搜索，当前完工时间: 1917.00
2025-04-08 16:04:29,588 - DEBUG - 局部搜索未能改进当前解
2025-04-08 16:04:29,592 - DEBUG - 执行AGV分配局部搜索，当前完工时间: 1869.00
2025-04-08 16:04:29,595 - DEBUG - AGV分配局部搜索成功！完工时间从 1869.00 降低到 1855.00，改进: 14.00 (0.75%)
2025-04-08 16:04:29,600 - DEBUG - 执行AGV分配局部搜索，当前完工时间: 1868.00
2025-04-08 16:04:29,603 - DEBUG - 局部搜索未能改进当前解
2025-04-08 16:04:29,607 - DEBUG - 执行AGV分配局部搜索，当前完工时间: 1940.00
2025-04-08 16:04:29,611 - DEBUG - 局部搜索未能改进当前解
2025-04-08 16:04:29,614 - DEBUG - 执行AGV分配局部搜索，当前完工时间: 1861.00
2025-04-08 16:04:29,618 - DEBUG - 局部搜索未能改进当前解
2025-04-08 16:04:29,622 - DEBUG - 执行AGV分配局部搜索，当前完工时间: 1898.00
2025-04-08 16:04:29,626 - DEBUG - 局部搜索未能改进当前解
2025-04-08 16:04:29,630 - DEBUG - 执行AGV分配局部搜索，当前完工时间: 1966.00
2025-04-08 16:04:29,634 - DEBUG - 局部搜索未能改进当前解
2025-04-08 16:04:29,637 - DEBUG - 执行AGV分配局部搜索，当前完工时间: 1972.00
2025-04-08 16:04:29,641 - DEBUG - 局部搜索未能改进当前解
2025-04-08 16:04:29,645 - DEBUG - 执行AGV分配局部搜索，当前完工时间: 1876.00
2025-04-08 16:04:29,649 - DEBUG - 局部搜索未能改进当前解
2025-04-08 16:04:29,652 - DEBUG - 执行AGV分配局部搜索，当前完工时间: 1836.00
2025-04-08 16:04:29,655 - DEBUG - 局部搜索未能改进当前解
2025-04-08 16:04:29,659 - DEBUG - 执行AGV分配局部搜索，当前完工时间: 1937.00
2025-04-08 16:04:29,663 - DEBUG - 局部搜索未能改进当前解
2025-04-08 16:04:29,667 - DEBUG - 执行AGV分配局部搜索，当前完工时间: 1904.00
2025-04-08 16:04:29,670 - DEBUG - AGV分配局部搜索成功！完工时间从 1904.00 降低到 1884.00，改进: 20.00 (1.05%)
2025-04-08 16:04:29,674 - DEBUG - 执行AGV分配局部搜索，当前完工时间: 2016.00
2025-04-08 16:04:29,679 - DEBUG - 局部搜索未能改进当前解
2025-04-08 16:04:29,681 - DEBUG - 执行AGV分配局部搜索，当前完工时间: 1891.00
2025-04-08 16:04:29,686 - DEBUG - 局部搜索未能改进当前解
2025-04-08 16:04:29,688 - DEBUG - 执行AGV分配局部搜索，当前完工时间: 1873.00
2025-04-08 16:04:29,693 - DEBUG - 局部搜索未能改进当前解
2025-04-08 16:04:29,697 - DEBUG - 执行AGV分配局部搜索，当前完工时间: 1854.00
2025-04-08 16:04:29,700 - DEBUG - 局部搜索未能改进当前解
2025-04-08 16:04:29,704 - DEBUG - 执行AGV分配局部搜索，当前完工时间: 1869.00
2025-04-08 16:04:29,708 - DEBUG - 局部搜索未能改进当前解
2025-04-08 16:04:29,712 - DEBUG - 执行AGV分配局部搜索，当前完工时间: 2004.00
2025-04-08 16:04:29,716 - DEBUG - 局部搜索未能改进当前解
2025-04-08 16:04:29,720 - DEBUG - 执行AGV分配局部搜索，当前完工时间: 1883.00
2025-04-08 16:04:29,722 - DEBUG - AGV分配局部搜索成功！完工时间从 1883.00 降低到 1857.00，改进: 26.00 (1.38%)
2025-04-08 16:04:29,726 - DEBUG - 执行AGV分配局部搜索，当前完工时间: 1918.00
2025-04-08 16:04:29,731 - DEBUG - 局部搜索未能改进当前解
2025-04-08 16:04:29,734 - DEBUG - 执行AGV分配局部搜索，当前完工时间: 1929.00
2025-04-08 16:04:29,737 - DEBUG - 局部搜索未能改进当前解
2025-04-08 16:04:29,740 - DEBUG - 执行AGV分配局部搜索，当前完工时间: 2018.00
2025-04-08 16:04:29,745 - DEBUG - AGV分配局部搜索成功！完工时间从 2018.00 降低到 2016.00，改进: 2.00 (0.10%)
2025-04-08 16:04:29,749 - DEBUG - 执行AGV分配局部搜索，当前完工时间: 1964.00
2025-04-08 16:04:29,752 - DEBUG - 局部搜索未能改进当前解
2025-04-08 16:04:29,756 - DEBUG - 执行AGV分配局部搜索，当前完工时间: 1884.00
2025-04-08 16:04:29,760 - DEBUG - 局部搜索未能改进当前解
2025-04-08 16:04:29,763 - DEBUG - 执行AGV分配局部搜索，当前完工时间: 1875.00
2025-04-08 16:04:29,766 - DEBUG - AGV分配局部搜索成功！完工时间从 1875.00 降低到 1872.00，改进: 3.00 (0.16%)
2025-04-08 16:04:29,770 - DEBUG - 执行AGV分配局部搜索，当前完工时间: 1843.00
2025-04-08 16:04:29,774 - DEBUG - 局部搜索未能改进当前解
2025-04-08 16:04:29,778 - DEBUG - 执行AGV分配局部搜索，当前完工时间: 1846.00
2025-04-08 16:04:29,782 - DEBUG - 局部搜索未能改进当前解
2025-04-08 16:04:29,785 - DEBUG - 执行AGV分配局部搜索，当前完工时间: 1917.00
2025-04-08 16:04:29,789 - DEBUG - 局部搜索未能改进当前解
2025-04-08 16:04:29,792 - DEBUG - 执行AGV分配局部搜索，当前完工时间: 1898.00
2025-04-08 16:04:29,795 - DEBUG - 局部搜索未能改进当前解
2025-04-08 16:04:29,799 - DEBUG - 执行AGV分配局部搜索，当前完工时间: 1973.00
2025-04-08 16:04:29,802 - DEBUG - 局部搜索未能改进当前解
2025-04-08 16:04:29,806 - DEBUG - 执行AGV分配局部搜索，当前完工时间: 1868.00
2025-04-08 16:04:29,810 - DEBUG - 局部搜索未能改进当前解
2025-04-08 16:04:29,814 - DEBUG - 执行AGV分配局部搜索，当前完工时间: 1811.00
2025-04-08 16:04:29,816 - DEBUG - 局部搜索未能改进当前解
2025-04-08 16:04:29,820 - DEBUG - 执行AGV分配局部搜索，当前完工时间: 1948.00
2025-04-08 16:04:29,824 - DEBUG - 局部搜索未能改进当前解
2025-04-08 16:04:29,829 - DEBUG - 执行AGV分配局部搜索，当前完工时间: 1921.00
2025-04-08 16:04:29,832 - DEBUG - 局部搜索未能改进当前解
2025-04-08 16:04:29,836 - DEBUG - 执行AGV分配局部搜索，当前完工时间: 1977.00
2025-04-08 16:04:29,839 - DEBUG - 局部搜索未能改进当前解
2025-04-08 16:04:29,843 - DEBUG - 执行AGV分配局部搜索，当前完工时间: 1860.00
2025-04-08 16:04:29,845 - DEBUG - 局部搜索未能改进当前解
2025-04-08 16:04:29,850 - DEBUG - 执行AGV分配局部搜索，当前完工时间: 1986.00
2025-04-08 16:04:29,854 - DEBUG - AGV分配局部搜索成功！完工时间从 1986.00 降低到 1934.00，改进: 52.00 (2.62%)
2025-04-08 16:04:29,858 - DEBUG - 执行AGV分配局部搜索，当前完工时间: 1883.00
2025-04-08 16:04:29,862 - DEBUG - 局部搜索未能改进当前解
2025-04-08 16:04:29,866 - DEBUG - 执行AGV分配局部搜索，当前完工时间: 1874.00
2025-04-08 16:04:29,870 - DEBUG - 局部搜索未能改进当前解
2025-04-08 16:04:29,873 - DEBUG - 执行AGV分配局部搜索，当前完工时间: 1940.00
2025-04-08 16:04:29,877 - DEBUG - 局部搜索未能改进当前解
2025-04-08 16:04:29,881 - DEBUG - 执行AGV分配局部搜索，当前完工时间: 1882.00
2025-04-08 16:04:29,885 - DEBUG - 局部搜索未能改进当前解
2025-04-08 16:04:29,888 - DEBUG - 执行AGV分配局部搜索，当前完工时间: 1903.00
2025-04-08 16:04:29,891 - DEBUG - 局部搜索未能改进当前解
2025-04-08 16:04:29,896 - DEBUG - 执行AGV分配局部搜索，当前完工时间: 1900.00
2025-04-08 16:04:29,899 - DEBUG - AGV分配局部搜索成功！完工时间从 1900.00 降低到 1888.00，改进: 12.00 (0.63%)
2025-04-08 16:04:29,903 - DEBUG - 执行AGV分配局部搜索，当前完工时间: 1964.00
2025-04-08 16:04:29,907 - DEBUG - 局部搜索未能改进当前解
2025-04-08 16:04:29,910 - DEBUG - 执行AGV分配局部搜索，当前完工时间: 1846.00
2025-04-08 16:04:29,914 - DEBUG - 局部搜索未能改进当前解
2025-04-08 16:04:29,918 - DEBUG - 执行AGV分配局部搜索，当前完工时间: 1820.00
2025-04-08 16:04:29,921 - DEBUG - 局部搜索未能改进当前解
2025-04-08 16:04:29,925 - DEBUG - 执行AGV分配局部搜索，当前完工时间: 1962.00
2025-04-08 16:04:29,929 - DEBUG - 局部搜索未能改进当前解
2025-04-08 16:04:29,932 - DEBUG - 执行AGV分配局部搜索，当前完工时间: 1869.00
2025-04-08 16:04:29,936 - DEBUG - 局部搜索未能改进当前解
2025-04-08 16:04:29,939 - DEBUG - 执行AGV分配局部搜索，当前完工时间: 1853.00
2025-04-08 16:04:29,944 - DEBUG - 局部搜索未能改进当前解
2025-04-08 16:04:29,947 - DEBUG - 执行AGV分配局部搜索，当前完工时间: 1943.00
2025-04-08 16:04:29,951 - DEBUG - 局部搜索未能改进当前解
2025-04-08 16:04:29,956 - DEBUG - 执行AGV分配局部搜索，当前完工时间: 1909.00
2025-04-08 16:04:29,959 - DEBUG - 局部搜索未能改进当前解
2025-04-08 16:04:29,964 - DEBUG - 执行AGV分配局部搜索，当前完工时间: 1883.00
2025-04-08 16:04:29,967 - DEBUG - 局部搜索未能改进当前解
2025-04-08 16:04:29,971 - DEBUG - 执行AGV分配局部搜索，当前完工时间: 1810.00
2025-04-08 16:04:29,974 - DEBUG - 局部搜索未能改进当前解
2025-04-08 16:04:29,976 - DEBUG - 执行AGV分配局部搜索，当前完工时间: 1892.00
2025-04-08 16:04:29,981 - DEBUG - 局部搜索未能改进当前解
2025-04-08 16:04:29,985 - DEBUG - 执行AGV分配局部搜索，当前完工时间: 1887.00
2025-04-08 16:04:29,989 - DEBUG - 局部搜索未能改进当前解
2025-04-08 16:04:29,992 - DEBUG - 执行AGV分配局部搜索，当前完工时间: 2042.00
2025-04-08 16:04:29,997 - DEBUG - 局部搜索未能改进当前解
2025-04-08 16:04:30,000 - DEBUG - 执行AGV分配局部搜索，当前完工时间: 1954.00
2025-04-08 16:04:30,004 - DEBUG - 局部搜索未能改进当前解
2025-04-08 16:04:30,007 - DEBUG - 执行AGV分配局部搜索，当前完工时间: 1872.00
2025-04-08 16:04:30,012 - DEBUG - 局部搜索未能改进当前解
2025-04-08 16:04:30,012 - DEBUG - ==================================================
2025-04-08 16:04:30,012 - DEBUG - Efficiency Statistics of Local Search :
2025-04-08 16:04:30,012 - DEBUG - Number of attempts: 99
2025-04-08 16:04:30,012 - DEBUG - Average Success Rate: 11.11%
2025-04-08 16:04:30,012 - DEBUG - AGV Local Search Success: 11，Average Improvement: 26.73
2025-04-08 16:04:30,015 - DEBUG - 执行AGV分配局部搜索，当前完工时间: 1902.00
2025-04-08 16:04:30,020 - DEBUG - 局部搜索未能改进当前解
2025-04-08 16:04:30,024 - DEBUG - 执行AGV分配局部搜索，当前完工时间: 1928.00
2025-04-08 16:04:30,026 - DEBUG - 局部搜索未能改进当前解
2025-04-08 16:04:30,032 - DEBUG - 执行AGV分配局部搜索，当前完工时间: 1866.00
2025-04-08 16:04:30,035 - DEBUG - 局部搜索未能改进当前解
2025-04-08 16:04:30,039 - DEBUG - 执行AGV分配局部搜索，当前完工时间: 1960.00
2025-04-08 16:04:30,044 - DEBUG - AGV分配局部搜索成功！完工时间从 1960.00 降低到 1934.00，改进: 26.00 (1.33%)
2025-04-08 16:04:30,047 - DEBUG - 执行AGV分配局部搜索，当前完工时间: 1886.00
2025-04-08 16:04:30,051 - DEBUG - 局部搜索未能改进当前解
2025-04-08 16:04:30,055 - DEBUG - 执行AGV分配局部搜索，当前完工时间: 1916.00
2025-04-08 16:04:30,058 - DEBUG - 局部搜索未能改进当前解
2025-04-08 16:04:30,062 - DEBUG - 执行AGV分配局部搜索，当前完工时间: 1894.00
2025-04-08 16:04:30,067 - DEBUG - 局部搜索未能改进当前解
2025-04-08 16:04:30,071 - DEBUG - 执行AGV分配局部搜索，当前完工时间: 1918.00
2025-04-08 16:04:30,075 - DEBUG - 局部搜索未能改进当前解
2025-04-08 16:04:30,079 - DEBUG - 执行AGV分配局部搜索，当前完工时间: 1892.00
2025-04-08 16:04:30,083 - DEBUG - 局部搜索未能改进当前解
2025-04-08 16:04:30,086 - DEBUG - 执行AGV分配局部搜索，当前完工时间: 1915.00
2025-04-08 16:04:30,091 - DEBUG - AGV分配局部搜索成功！完工时间从 1915.00 降低到 1906.00，改进: 9.00 (0.47%)
2025-04-08 16:04:30,094 - DEBUG - 执行AGV分配局部搜索，当前完工时间: 1945.00
2025-04-08 16:04:30,098 - DEBUG - 局部搜索未能改进当前解
2025-04-08 16:04:30,102 - DEBUG - 执行AGV分配局部搜索，当前完工时间: 1869.00
2025-04-08 16:04:30,106 - DEBUG - 局部搜索未能改进当前解
2025-04-08 16:04:30,109 - DEBUG - 执行AGV分配局部搜索，当前完工时间: 1892.00
2025-04-08 16:04:30,112 - DEBUG - 局部搜索未能改进当前解
2025-04-08 16:04:30,116 - DEBUG - 执行AGV分配局部搜索，当前完工时间: 1898.00
2025-04-08 16:04:30,120 - DEBUG - AGV分配局部搜索成功！完工时间从 1898.00 降低到 1834.00，改进: 64.00 (3.37%)
2025-04-08 16:04:30,124 - DEBUG - 执行AGV分配局部搜索，当前完工时间: 1889.00
2025-04-08 16:04:30,126 - DEBUG - 局部搜索未能改进当前解
2025-04-08 16:04:30,131 - DEBUG - 执行AGV分配局部搜索，当前完工时间: 1794.00
2025-04-08 16:04:30,135 - DEBUG - 局部搜索未能改进当前解
2025-04-08 16:04:30,139 - DEBUG - 执行AGV分配局部搜索，当前完工时间: 1900.00
2025-04-08 16:04:30,142 - DEBUG - 局部搜索未能改进当前解
2025-04-08 16:04:30,146 - DEBUG - 执行AGV分配局部搜索，当前完工时间: 1991.00
2025-04-08 16:04:30,150 - DEBUG - 局部搜索未能改进当前解
2025-04-08 16:04:30,153 - DEBUG - 执行AGV分配局部搜索，当前完工时间: 1879.00
2025-04-08 16:04:30,157 - DEBUG - 局部搜索未能改进当前解
2025-04-08 16:04:30,161 - DEBUG - 执行AGV分配局部搜索，当前完工时间: 1861.00
2025-04-08 16:04:30,165 - DEBUG - 局部搜索未能改进当前解
2025-04-08 16:04:30,168 - DEBUG - 执行AGV分配局部搜索，当前完工时间: 1882.00
2025-04-08 16:04:30,171 - DEBUG - 局部搜索未能改进当前解
2025-04-08 16:04:30,175 - DEBUG - 执行AGV分配局部搜索，当前完工时间: 1948.00
2025-04-08 16:04:30,179 - DEBUG - AGV分配局部搜索成功！完工时间从 1948.00 降低到 1926.00，改进: 22.00 (1.13%)
2025-04-08 16:04:30,183 - DEBUG - 执行AGV分配局部搜索，当前完工时间: 1840.00
2025-04-08 16:04:30,186 - DEBUG - 局部搜索未能改进当前解
2025-04-08 16:04:30,189 - DEBUG - 执行AGV分配局部搜索，当前完工时间: 1878.00
2025-04-08 16:04:30,194 - DEBUG - 局部搜索未能改进当前解
2025-04-08 16:04:30,197 - DEBUG - 执行AGV分配局部搜索，当前完工时间: 1972.00
2025-04-08 16:04:30,202 - DEBUG - 局部搜索未能改进当前解
2025-04-08 16:04:30,205 - DEBUG - 执行AGV分配局部搜索，当前完工时间: 1908.00
2025-04-08 16:04:30,209 - DEBUG - 局部搜索未能改进当前解
2025-04-08 16:04:30,212 - DEBUG - 执行AGV分配局部搜索，当前完工时间: 1890.00
2025-04-08 16:04:30,216 - DEBUG - 局部搜索未能改进当前解
2025-04-08 16:04:30,220 - DEBUG - 执行AGV分配局部搜索，当前完工时间: 1947.00
2025-04-08 16:04:30,224 - DEBUG - 局部搜索未能改进当前解
2025-04-08 16:04:30,228 - DEBUG - 执行AGV分配局部搜索，当前完工时间: 1936.00
2025-04-08 16:04:30,232 - DEBUG - 局部搜索未能改进当前解
2025-04-08 16:04:30,235 - DEBUG - 执行AGV分配局部搜索，当前完工时间: 1846.00
2025-04-08 16:04:30,239 - DEBUG - 局部搜索未能改进当前解
2025-04-08 16:04:30,243 - DEBUG - 执行AGV分配局部搜索，当前完工时间: 1926.00
2025-04-08 16:04:30,247 - DEBUG - 局部搜索未能改进当前解
2025-04-08 16:04:30,251 - DEBUG - 执行AGV分配局部搜索，当前完工时间: 1857.00
2025-04-08 16:04:30,254 - DEBUG - AGV分配局部搜索成功！完工时间从 1857.00 降低到 1838.00，改进: 19.00 (1.02%)
2025-04-08 16:04:30,258 - DEBUG - 执行AGV分配局部搜索，当前完工时间: 1862.00
2025-04-08 16:04:30,262 - DEBUG - AGV分配局部搜索成功！完工时间从 1862.00 降低到 1851.00，改进: 11.00 (0.59%)
2025-04-08 16:04:30,266 - DEBUG - 执行AGV分配局部搜索，当前完工时间: 1862.00
2025-04-08 16:04:30,269 - DEBUG - 局部搜索未能改进当前解
2025-04-08 16:04:30,272 - DEBUG - 执行AGV分配局部搜索，当前完工时间: 1940.00
2025-04-08 16:04:30,276 - DEBUG - AGV分配局部搜索成功！完工时间从 1940.00 降低到 1911.00，改进: 29.00 (1.49%)
2025-04-08 16:04:30,280 - DEBUG - 执行AGV分配局部搜索，当前完工时间: 1928.00
2025-04-08 16:04:30,283 - DEBUG - 局部搜索未能改进当前解
2025-04-08 16:04:30,287 - DEBUG - 执行AGV分配局部搜索，当前完工时间: 1891.00
2025-04-08 16:04:30,291 - DEBUG - 局部搜索未能改进当前解
2025-04-08 16:04:30,295 - DEBUG - 执行AGV分配局部搜索，当前完工时间: 1940.00
2025-04-08 16:04:30,297 - DEBUG - 局部搜索未能改进当前解
2025-04-08 16:04:30,301 - DEBUG - 执行AGV分配局部搜索，当前完工时间: 1871.00
2025-04-08 16:04:30,305 - DEBUG - 局部搜索未能改进当前解
2025-04-08 16:04:30,310 - DEBUG - 执行AGV分配局部搜索，当前完工时间: 1903.00
2025-04-08 16:04:30,313 - DEBUG - 局部搜索未能改进当前解
2025-04-08 16:04:30,317 - DEBUG - 执行AGV分配局部搜索，当前完工时间: 1940.00
2025-04-08 16:04:30,320 - DEBUG - 局部搜索未能改进当前解
2025-04-08 16:04:30,324 - DEBUG - 执行AGV分配局部搜索，当前完工时间: 1854.00
2025-04-08 16:04:30,329 - DEBUG - 局部搜索未能改进当前解
2025-04-08 16:04:30,332 - DEBUG - 执行AGV分配局部搜索，当前完工时间: 1939.00
2025-04-08 16:04:30,336 - DEBUG - 局部搜索未能改进当前解
2025-04-08 16:04:30,340 - DEBUG - 执行AGV分配局部搜索，当前完工时间: 1888.00
2025-04-08 16:04:30,343 - DEBUG - 局部搜索未能改进当前解
2025-04-08 16:04:30,347 - DEBUG - 执行AGV分配局部搜索，当前完工时间: 1832.00
2025-04-08 16:04:30,351 - DEBUG - AGV分配局部搜索成功！完工时间从 1832.00 降低到 1823.00，改进: 9.00 (0.49%)
2025-04-08 16:04:30,355 - DEBUG - 执行AGV分配局部搜索，当前完工时间: 1881.00
2025-04-08 16:04:30,358 - DEBUG - 局部搜索未能改进当前解
2025-04-08 16:04:30,362 - DEBUG - 执行AGV分配局部搜索，当前完工时间: 1949.00
2025-04-08 16:04:30,365 - DEBUG - AGV分配局部搜索成功！完工时间从 1949.00 降低到 1938.00，改进: 11.00 (0.56%)
2025-04-08 16:04:30,370 - DEBUG - 执行AGV分配局部搜索，当前完工时间: 1942.00
2025-04-08 16:04:30,373 - DEBUG - 局部搜索未能改进当前解
2025-04-08 16:04:30,377 - DEBUG - 执行AGV分配局部搜索，当前完工时间: 1898.00
2025-04-08 16:04:30,381 - DEBUG - 局部搜索未能改进当前解
2025-04-08 16:04:30,384 - DEBUG - 执行AGV分配局部搜索，当前完工时间: 1904.00
2025-04-08 16:04:30,388 - DEBUG - 局部搜索未能改进当前解
2025-04-08 16:04:30,391 - DEBUG - 执行AGV分配局部搜索，当前完工时间: 1869.00
2025-04-08 16:04:30,395 - DEBUG - 局部搜索未能改进当前解
2025-04-08 16:04:30,399 - DEBUG - 执行AGV分配局部搜索，当前完工时间: 1878.00
2025-04-08 16:04:30,402 - DEBUG - 局部搜索未能改进当前解
2025-04-08 16:04:30,406 - DEBUG - 执行AGV分配局部搜索，当前完工时间: 1826.00
2025-04-08 16:04:30,409 - DEBUG - 局部搜索未能改进当前解
2025-04-08 16:04:30,412 - DEBUG - 执行AGV分配局部搜索，当前完工时间: 1850.00
2025-04-08 16:04:30,417 - DEBUG - 局部搜索未能改进当前解
2025-04-08 16:04:30,421 - DEBUG - 执行AGV分配局部搜索，当前完工时间: 1940.00
2025-04-08 16:04:30,426 - DEBUG - 局部搜索未能改进当前解
2025-04-08 16:04:30,429 - DEBUG - 执行AGV分配局部搜索，当前完工时间: 1829.00
2025-04-08 16:04:30,433 - DEBUG - 局部搜索未能改进当前解
2025-04-08 16:04:30,437 - DEBUG - 执行AGV分配局部搜索，当前完工时间: 1866.00
2025-04-08 16:04:30,440 - DEBUG - 局部搜索未能改进当前解
2025-04-08 16:04:30,444 - DEBUG - 执行AGV分配局部搜索，当前完工时间: 1901.00
2025-04-08 16:04:30,448 - DEBUG - 局部搜索未能改进当前解
2025-04-08 16:04:30,452 - DEBUG - 执行AGV分配局部搜索，当前完工时间: 1820.00
2025-04-08 16:04:30,455 - DEBUG - 局部搜索未能改进当前解
2025-04-08 16:04:30,459 - DEBUG - 执行AGV分配局部搜索，当前完工时间: 1854.00
2025-04-08 16:04:30,463 - DEBUG - 局部搜索未能改进当前解
2025-04-08 16:04:30,467 - DEBUG - 执行AGV分配局部搜索，当前完工时间: 1874.00
2025-04-08 16:04:30,470 - DEBUG - AGV分配局部搜索成功！完工时间从 1874.00 降低到 1864.00，改进: 10.00 (0.53%)
2025-04-08 16:04:30,474 - DEBUG - 执行AGV分配局部搜索，当前完工时间: 2023.00
2025-04-08 16:04:30,478 - DEBUG - 局部搜索未能改进当前解
2025-04-08 16:04:30,482 - DEBUG - 执行AGV分配局部搜索，当前完工时间: 1903.00
2025-04-08 16:04:30,486 - DEBUG - 局部搜索未能改进当前解
2025-04-08 16:04:30,488 - DEBUG - 执行AGV分配局部搜索，当前完工时间: 1966.00
2025-04-08 16:04:30,493 - DEBUG - 局部搜索未能改进当前解
2025-04-08 16:04:30,497 - DEBUG - 执行AGV分配局部搜索，当前完工时间: 1814.00
2025-04-08 16:04:30,501 - DEBUG - 局部搜索未能改进当前解
2025-04-08 16:04:30,505 - DEBUG - 执行AGV分配局部搜索，当前完工时间: 1843.00
2025-04-08 16:04:30,508 - DEBUG - 局部搜索未能改进当前解
2025-04-08 16:04:30,512 - DEBUG - 执行AGV分配局部搜索，当前完工时间: 1853.00
2025-04-08 16:04:30,516 - DEBUG - 局部搜索未能改进当前解
2025-04-08 16:04:30,519 - DEBUG - 执行AGV分配局部搜索，当前完工时间: 1870.00
2025-04-08 16:04:30,523 - DEBUG - 局部搜索未能改进当前解
2025-04-08 16:04:30,527 - DEBUG - 执行AGV分配局部搜索，当前完工时间: 2012.00
2025-04-08 16:04:30,530 - DEBUG - 局部搜索未能改进当前解
2025-04-08 16:04:30,535 - DEBUG - 执行AGV分配局部搜索，当前完工时间: 1877.00
2025-04-08 16:04:30,538 - DEBUG - 局部搜索未能改进当前解
2025-04-08 16:04:30,543 - DEBUG - 执行AGV分配局部搜索，当前完工时间: 1984.00
2025-04-08 16:04:30,546 - DEBUG - 局部搜索未能改进当前解
2025-04-08 16:04:30,550 - DEBUG - 执行AGV分配局部搜索，当前完工时间: 1896.00
2025-04-08 16:04:30,554 - DEBUG - 局部搜索未能改进当前解
2025-04-08 16:04:30,557 - DEBUG - 执行AGV分配局部搜索，当前完工时间: 1942.00
2025-04-08 16:04:30,562 - DEBUG - 局部搜索未能改进当前解
2025-04-08 16:04:30,565 - DEBUG - 执行AGV分配局部搜索，当前完工时间: 1923.00
2025-04-08 16:04:30,570 - DEBUG - 局部搜索未能改进当前解
2025-04-08 16:04:30,573 - DEBUG - 执行AGV分配局部搜索，当前完工时间: 1918.00
2025-04-08 16:04:30,576 - DEBUG - 局部搜索未能改进当前解
2025-04-08 16:04:30,581 - DEBUG - 执行AGV分配局部搜索，当前完工时间: 2068.00
2025-04-08 16:04:30,585 - DEBUG - 局部搜索未能改进当前解
2025-04-08 16:04:30,589 - DEBUG - 执行AGV分配局部搜索，当前完工时间: 1885.00
2025-04-08 16:04:30,592 - DEBUG - 局部搜索未能改进当前解
2025-04-08 16:04:30,595 - DEBUG - 执行AGV分配局部搜索，当前完工时间: 1944.00
2025-04-08 16:04:30,599 - DEBUG - 局部搜索未能改进当前解
2025-04-08 16:04:30,602 - DEBUG - 执行AGV分配局部搜索，当前完工时间: 1895.00
2025-04-08 16:04:30,606 - DEBUG - 局部搜索未能改进当前解
2025-04-08 16:04:30,610 - DEBUG - 执行AGV分配局部搜索，当前完工时间: 1892.00
2025-04-08 16:04:30,614 - DEBUG - 局部搜索未能改进当前解
2025-04-08 16:04:30,617 - DEBUG - 执行AGV分配局部搜索，当前完工时间: 2057.00
2025-04-08 16:04:30,620 - DEBUG - 局部搜索未能改进当前解
2025-04-08 16:04:30,624 - DEBUG - 执行AGV分配局部搜索，当前完工时间: 1964.00
2025-04-08 16:04:30,628 - DEBUG - 局部搜索未能改进当前解
2025-04-08 16:04:30,632 - DEBUG - 执行AGV分配局部搜索，当前完工时间: 1858.00
2025-04-08 16:04:30,635 - DEBUG - 局部搜索未能改进当前解
2025-04-08 16:04:30,640 - DEBUG - 执行AGV分配局部搜索，当前完工时间: 1948.00
2025-04-08 16:04:30,643 - DEBUG - 局部搜索未能改进当前解
2025-04-08 16:04:30,647 - DEBUG - 执行AGV分配局部搜索，当前完工时间: 1855.00
2025-04-08 16:04:30,650 - DEBUG - 局部搜索未能改进当前解
2025-04-08 16:04:30,654 - DEBUG - 执行AGV分配局部搜索，当前完工时间: 1924.00
2025-04-08 16:04:30,657 - DEBUG - AGV分配局部搜索成功！完工时间从 1924.00 降低到 1917.00，改进: 7.00 (0.36%)
2025-04-08 16:04:30,662 - DEBUG - 执行AGV分配局部搜索，当前完工时间: 1939.00
2025-04-08 16:04:30,665 - DEBUG - AGV分配局部搜索成功！完工时间从 1939.00 降低到 1908.00，改进: 31.00 (1.60%)
2025-04-08 16:04:30,670 - DEBUG - 执行AGV分配局部搜索，当前完工时间: 1875.00
2025-04-08 16:04:30,674 - DEBUG - AGV分配局部搜索成功！完工时间从 1875.00 降低到 1873.00，改进: 2.00 (0.11%)
2025-04-08 16:04:30,677 - DEBUG - 执行AGV分配局部搜索，当前完工时间: 1876.00
2025-04-08 16:04:30,682 - DEBUG - 局部搜索未能改进当前解
2025-04-08 16:04:30,685 - DEBUG - 执行AGV分配局部搜索，当前完工时间: 2006.00
2025-04-08 16:04:30,689 - DEBUG - 局部搜索未能改进当前解
2025-04-08 16:04:30,692 - DEBUG - 执行AGV分配局部搜索，当前完工时间: 1935.00
2025-04-08 16:04:30,697 - DEBUG - 局部搜索未能改进当前解
2025-04-08 16:04:30,700 - DEBUG - 执行AGV分配局部搜索，当前完工时间: 1851.00
2025-04-08 16:04:30,704 - DEBUG - 局部搜索未能改进当前解
2025-04-08 16:04:30,707 - DEBUG - 执行AGV分配局部搜索，当前完工时间: 2015.00
2025-04-08 16:04:30,710 - DEBUG - 局部搜索未能改进当前解
2025-04-08 16:04:30,715 - DEBUG - 执行AGV分配局部搜索，当前完工时间: 2034.00
2025-04-08 16:04:30,719 - DEBUG - 局部搜索未能改进当前解
2025-04-08 16:04:30,722 - DEBUG - 执行AGV分配局部搜索，当前完工时间: 1810.00
2025-04-08 16:04:30,727 - DEBUG - 局部搜索未能改进当前解
2025-04-08 16:04:30,731 - DEBUG - 执行AGV分配局部搜索，当前完工时间: 1862.00
2025-04-08 16:04:30,734 - DEBUG - 局部搜索未能改进当前解
2025-04-08 16:04:30,738 - DEBUG - 执行AGV分配局部搜索，当前完工时间: 2020.00
2025-04-08 16:04:30,742 - DEBUG - AGV分配局部搜索成功！完工时间从 2020.00 降低到 1974.00，改进: 46.00 (2.28%)
2025-04-08 16:04:30,745 - DEBUG - 执行AGV分配局部搜索，当前完工时间: 1916.00
2025-04-08 16:04:30,750 - DEBUG - 局部搜索未能改进当前解
2025-04-08 16:04:30,753 - DEBUG - 执行AGV分配局部搜索，当前完工时间: 1940.00
2025-04-08 16:04:30,757 - DEBUG - 局部搜索未能改进当前解
2025-04-08 16:04:30,757 - DEBUG - ==================================================
2025-04-08 16:04:30,757 - DEBUG - Efficiency Statistics of Local Search :
2025-04-08 16:04:30,757 - DEBUG - Number of attempts: 99
2025-04-08 16:04:30,757 - DEBUG - Average Success Rate: 14.14%
2025-04-08 16:04:30,757 - DEBUG - AGV Local Search Success: 14，Average Improvement: 21.14
2025-04-08 16:04:30,760 - DEBUG - 执行AGV分配局部搜索，当前完工时间: 1906.00
2025-04-08 16:04:30,765 - DEBUG - 局部搜索未能改进当前解
2025-04-08 16:04:30,770 - DEBUG - 执行AGV分配局部搜索，当前完工时间: 1860.00
2025-04-08 16:04:30,774 - DEBUG - 局部搜索未能改进当前解
2025-04-08 16:04:30,778 - DEBUG - 执行AGV分配局部搜索，当前完工时间: 1947.00
2025-04-08 16:04:30,782 - DEBUG - 局部搜索未能改进当前解
2025-04-08 16:04:30,786 - DEBUG - 执行AGV分配局部搜索，当前完工时间: 1973.00
2025-04-08 16:04:30,790 - DEBUG - 局部搜索未能改进当前解
2025-04-08 16:04:30,794 - DEBUG - 执行AGV分配局部搜索，当前完工时间: 1865.00
2025-04-08 16:04:30,799 - DEBUG - 局部搜索未能改进当前解
2025-04-08 16:04:30,803 - DEBUG - 执行AGV分配局部搜索，当前完工时间: 2004.00
2025-04-08 16:04:30,807 - DEBUG - 局部搜索未能改进当前解
2025-04-08 16:04:30,810 - DEBUG - 执行AGV分配局部搜索，当前完工时间: 1855.00
2025-04-08 16:04:30,815 - DEBUG - 局部搜索未能改进当前解
2025-04-08 16:04:30,819 - DEBUG - 执行AGV分配局部搜索，当前完工时间: 1908.00
2025-04-08 16:04:30,823 - DEBUG - 局部搜索未能改进当前解
2025-04-08 16:04:30,826 - DEBUG - 执行AGV分配局部搜索，当前完工时间: 1795.00
2025-04-08 16:04:30,832 - DEBUG - 局部搜索未能改进当前解
2025-04-08 16:04:30,836 - DEBUG - 执行AGV分配局部搜索，当前完工时间: 1950.00
2025-04-08 16:04:30,839 - DEBUG - AGV分配局部搜索成功！完工时间从 1950.00 降低到 1937.00，改进: 13.00 (0.67%)
2025-04-08 16:04:30,842 - DEBUG - 执行AGV分配局部搜索，当前完工时间: 1928.00
2025-04-08 16:04:30,847 - DEBUG - 局部搜索未能改进当前解
2025-04-08 16:04:30,851 - DEBUG - 执行AGV分配局部搜索，当前完工时间: 1877.00
2025-04-08 16:04:30,854 - DEBUG - 局部搜索未能改进当前解
2025-04-08 16:04:30,858 - DEBUG - 执行AGV分配局部搜索，当前完工时间: 1934.00
2025-04-08 16:04:30,862 - DEBUG - 局部搜索未能改进当前解
2025-04-08 16:04:30,867 - DEBUG - 执行AGV分配局部搜索，当前完工时间: 1864.00
2025-04-08 16:04:30,870 - DEBUG - 局部搜索未能改进当前解
2025-04-08 16:04:30,874 - DEBUG - 执行AGV分配局部搜索，当前完工时间: 1892.00
2025-04-08 16:04:30,878 - DEBUG - 局部搜索未能改进当前解
2025-04-08 16:04:30,882 - DEBUG - 执行AGV分配局部搜索，当前完工时间: 1926.00
2025-04-08 16:04:30,885 - DEBUG - 局部搜索未能改进当前解
2025-04-08 16:04:30,890 - DEBUG - 执行AGV分配局部搜索，当前完工时间: 1933.00
2025-04-08 16:04:30,893 - DEBUG - AGV分配局部搜索成功！完工时间从 1933.00 降低到 1927.00，改进: 6.00 (0.31%)
2025-04-08 16:04:30,897 - DEBUG - 执行AGV分配局部搜索，当前完工时间: 1895.00
2025-04-08 16:04:30,902 - DEBUG - 局部搜索未能改进当前解
2025-04-08 16:04:30,906 - DEBUG - 执行AGV分配局部搜索，当前完工时间: 1991.00
2025-04-08 16:04:30,910 - DEBUG - 局部搜索未能改进当前解
2025-04-08 16:04:30,914 - DEBUG - 执行AGV分配局部搜索，当前完工时间: 1830.00
2025-04-08 16:04:30,917 - DEBUG - 局部搜索未能改进当前解
2025-04-08 16:04:30,922 - DEBUG - 执行AGV分配局部搜索，当前完工时间: 1888.00
2025-04-08 16:04:30,925 - DEBUG - 局部搜索未能改进当前解
2025-04-08 16:04:30,929 - DEBUG - 执行AGV分配局部搜索，当前完工时间: 1862.00
2025-04-08 16:04:30,933 - DEBUG - 局部搜索未能改进当前解
2025-04-08 16:04:30,937 - DEBUG - 执行AGV分配局部搜索，当前完工时间: 2048.00
2025-04-08 16:04:30,941 - DEBUG - 局部搜索未能改进当前解
2025-04-08 16:04:30,945 - DEBUG - 执行AGV分配局部搜索，当前完工时间: 1888.00
2025-04-08 16:04:30,948 - DEBUG - 局部搜索未能改进当前解
2025-04-08 16:04:30,953 - DEBUG - 执行AGV分配局部搜索，当前完工时间: 1901.00
2025-04-08 16:04:30,957 - DEBUG - 局部搜索未能改进当前解
2025-04-08 16:04:30,962 - DEBUG - 执行AGV分配局部搜索，当前完工时间: 1889.00
2025-04-08 16:04:30,965 - DEBUG - 局部搜索未能改进当前解
2025-04-08 16:04:30,970 - DEBUG - 执行AGV分配局部搜索，当前完工时间: 1900.00
2025-04-08 16:04:30,972 - DEBUG - 局部搜索未能改进当前解
2025-04-08 16:04:30,976 - DEBUG - 执行AGV分配局部搜索，当前完工时间: 1835.00
2025-04-08 16:04:30,980 - DEBUG - 局部搜索未能改进当前解
2025-04-08 16:04:30,984 - DEBUG - 执行AGV分配局部搜索，当前完工时间: 1801.00
2025-04-08 16:04:30,988 - DEBUG - 局部搜索未能改进当前解
2025-04-08 16:04:30,992 - DEBUG - 执行AGV分配局部搜索，当前完工时间: 1937.00
2025-04-08 16:04:30,995 - DEBUG - AGV分配局部搜索成功！完工时间从 1937.00 降低到 1910.00，改进: 27.00 (1.39%)
2025-04-08 16:04:31,000 - DEBUG - 执行AGV分配局部搜索，当前完工时间: 1893.00
2025-04-08 16:04:31,004 - DEBUG - 局部搜索未能改进当前解
2025-04-08 16:04:31,007 - DEBUG - 执行AGV分配局部搜索，当前完工时间: 1874.00
2025-04-08 16:04:31,011 - DEBUG - 局部搜索未能改进当前解
2025-04-08 16:04:31,015 - DEBUG - 执行AGV分配局部搜索，当前完工时间: 1909.00
2025-04-08 16:04:31,019 - DEBUG - 局部搜索未能改进当前解
2025-04-08 16:04:31,023 - DEBUG - 执行AGV分配局部搜索，当前完工时间: 1843.00
2025-04-08 16:04:31,027 - DEBUG - AGV分配局部搜索成功！完工时间从 1843.00 降低到 1832.00，改进: 11.00 (0.60%)
2025-04-08 16:04:31,031 - DEBUG - 执行AGV分配局部搜索，当前完工时间: 1846.00
2025-04-08 16:04:31,034 - DEBUG - 局部搜索未能改进当前解
2025-04-08 16:04:31,038 - DEBUG - 执行AGV分配局部搜索，当前完工时间: 1794.00
2025-04-08 16:04:31,043 - DEBUG - 局部搜索未能改进当前解
2025-04-08 16:04:31,046 - DEBUG - 执行AGV分配局部搜索，当前完工时间: 1820.00
2025-04-08 16:04:31,051 - DEBUG - 局部搜索未能改进当前解
2025-04-08 16:04:31,055 - DEBUG - 执行AGV分配局部搜索，当前完工时间: 2050.00
2025-04-08 16:04:31,058 - DEBUG - 局部搜索未能改进当前解
2025-04-08 16:04:31,063 - DEBUG - 执行AGV分配局部搜索，当前完工时间: 1950.00
2025-04-08 16:04:31,066 - DEBUG - 局部搜索未能改进当前解
2025-04-08 16:04:31,071 - DEBUG - 执行AGV分配局部搜索，当前完工时间: 1899.00
2025-04-08 16:04:31,075 - DEBUG - 局部搜索未能改进当前解
2025-04-08 16:04:31,080 - DEBUG - 执行AGV分配局部搜索，当前完工时间: 1946.00
2025-04-08 16:04:31,084 - DEBUG - 局部搜索未能改进当前解
2025-04-08 16:04:31,088 - DEBUG - 执行AGV分配局部搜索，当前完工时间: 1924.00
2025-04-08 16:04:31,092 - DEBUG - 局部搜索未能改进当前解
2025-04-08 16:04:31,097 - DEBUG - 执行AGV分配局部搜索，当前完工时间: 1813.00
2025-04-08 16:04:31,101 - DEBUG - 局部搜索未能改进当前解
2025-04-08 16:04:31,104 - DEBUG - 执行AGV分配局部搜索，当前完工时间: 1910.00
2025-04-08 16:04:31,108 - DEBUG - 局部搜索未能改进当前解
2025-04-08 16:04:31,112 - DEBUG - 执行AGV分配局部搜索，当前完工时间: 1915.00
2025-04-08 16:04:31,116 - DEBUG - AGV分配局部搜索成功！完工时间从 1915.00 降低到 1880.00，改进: 35.00 (1.83%)
2025-04-08 16:04:31,120 - DEBUG - 执行AGV分配局部搜索，当前完工时间: 1879.00
2025-04-08 16:04:31,124 - DEBUG - 局部搜索未能改进当前解
2025-04-08 16:04:31,128 - DEBUG - 执行AGV分配局部搜索，当前完工时间: 1876.00
2025-04-08 16:04:31,132 - DEBUG - 局部搜索未能改进当前解
2025-04-08 16:04:31,135 - DEBUG - 执行AGV分配局部搜索，当前完工时间: 1880.00
2025-04-08 16:04:31,138 - DEBUG - 局部搜索未能改进当前解
2025-04-08 16:04:31,143 - DEBUG - 执行AGV分配局部搜索，当前完工时间: 1904.00
2025-04-08 16:04:31,147 - DEBUG - 局部搜索未能改进当前解
2025-04-08 16:04:31,151 - DEBUG - 执行AGV分配局部搜索，当前完工时间: 1894.00
2025-04-08 16:04:31,155 - DEBUG - 局部搜索未能改进当前解
2025-04-08 16:04:31,158 - DEBUG - 执行AGV分配局部搜索，当前完工时间: 1825.00
2025-04-08 16:04:31,162 - DEBUG - 局部搜索未能改进当前解
2025-04-08 16:04:31,167 - DEBUG - 执行AGV分配局部搜索，当前完工时间: 2010.00
2025-04-08 16:04:31,170 - DEBUG - 局部搜索未能改进当前解
2025-04-08 16:04:31,174 - DEBUG - 执行AGV分配局部搜索，当前完工时间: 1836.00
2025-04-08 16:04:31,178 - DEBUG - 局部搜索未能改进当前解
2025-04-08 16:04:31,182 - DEBUG - 执行AGV分配局部搜索，当前完工时间: 1842.00
2025-04-08 16:04:31,185 - DEBUG - 局部搜索未能改进当前解
2025-04-08 16:04:31,189 - DEBUG - 执行AGV分配局部搜索，当前完工时间: 1925.00
2025-04-08 16:04:31,193 - DEBUG - 局部搜索未能改进当前解
2025-04-08 16:04:31,197 - DEBUG - 执行AGV分配局部搜索，当前完工时间: 1882.00
2025-04-08 16:04:31,200 - DEBUG - 局部搜索未能改进当前解
2025-04-08 16:04:31,204 - DEBUG - 执行AGV分配局部搜索，当前完工时间: 1914.00
2025-04-08 16:04:31,207 - DEBUG - 局部搜索未能改进当前解
2025-04-08 16:04:31,212 - DEBUG - 执行AGV分配局部搜索，当前完工时间: 1959.00
2025-04-08 16:04:31,216 - DEBUG - 局部搜索未能改进当前解
2025-04-08 16:04:31,219 - DEBUG - 执行AGV分配局部搜索，当前完工时间: 1958.00
2025-04-08 16:04:31,223 - DEBUG - 局部搜索未能改进当前解
2025-04-08 16:04:31,227 - DEBUG - 执行AGV分配局部搜索，当前完工时间: 1900.00
2025-04-08 16:04:31,230 - DEBUG - 局部搜索未能改进当前解
2025-04-08 16:04:31,234 - DEBUG - 执行AGV分配局部搜索，当前完工时间: 2004.00
2025-04-08 16:04:31,238 - DEBUG - 局部搜索未能改进当前解
2025-04-08 16:04:31,245 - DEBUG - 执行AGV分配局部搜索，当前完工时间: 1842.00
2025-04-08 16:04:31,250 - DEBUG - 局部搜索未能改进当前解
2025-04-08 16:04:31,254 - DEBUG - 执行AGV分配局部搜索，当前完工时间: 1862.00
2025-04-08 16:04:31,258 - DEBUG - 局部搜索未能改进当前解
2025-04-08 16:04:31,261 - DEBUG - 执行AGV分配局部搜索，当前完工时间: 1938.00
2025-04-08 16:04:31,265 - DEBUG - 局部搜索未能改进当前解
2025-04-08 16:04:31,269 - DEBUG - 执行AGV分配局部搜索，当前完工时间: 1900.00
2025-04-08 16:04:31,273 - DEBUG - AGV分配局部搜索成功！完工时间从 1900.00 降低到 1897.00，改进: 3.00 (0.16%)
2025-04-08 16:04:31,277 - DEBUG - 执行AGV分配局部搜索，当前完工时间: 1856.00
2025-04-08 16:04:31,281 - DEBUG - 局部搜索未能改进当前解
2025-04-08 16:04:31,285 - DEBUG - 执行AGV分配局部搜索，当前完工时间: 1898.00
2025-04-08 16:04:31,289 - DEBUG - 局部搜索未能改进当前解
2025-04-08 16:04:31,292 - DEBUG - 执行AGV分配局部搜索，当前完工时间: 1823.00
2025-04-08 16:04:31,295 - DEBUG - 局部搜索未能改进当前解
2025-04-08 16:04:31,299 - DEBUG - 执行AGV分配局部搜索，当前完工时间: 1862.00
2025-04-08 16:04:31,303 - DEBUG - 局部搜索未能改进当前解
2025-04-08 16:04:31,307 - DEBUG - 执行AGV分配局部搜索，当前完工时间: 1863.00
2025-04-08 16:04:31,310 - DEBUG - 局部搜索未能改进当前解
2025-04-08 16:04:31,314 - DEBUG - 执行AGV分配局部搜索，当前完工时间: 1908.00
2025-04-08 16:04:31,318 - DEBUG - 局部搜索未能改进当前解
2025-04-08 16:04:31,322 - DEBUG - 执行AGV分配局部搜索，当前完工时间: 1890.00
2025-04-08 16:04:31,325 - DEBUG - 局部搜索未能改进当前解
2025-04-08 16:04:31,330 - DEBUG - 执行AGV分配局部搜索，当前完工时间: 1956.00
2025-04-08 16:04:31,333 - DEBUG - 局部搜索未能改进当前解
2025-04-08 16:04:31,337 - DEBUG - 执行AGV分配局部搜索，当前完工时间: 1850.00
2025-04-08 16:04:31,340 - DEBUG - 局部搜索未能改进当前解
2025-04-08 16:04:31,344 - DEBUG - 执行AGV分配局部搜索，当前完工时间: 1832.00
2025-04-08 16:04:31,347 - DEBUG - 局部搜索未能改进当前解
2025-04-08 16:04:31,351 - DEBUG - 执行AGV分配局部搜索，当前完工时间: 2038.00
2025-04-08 16:04:31,355 - DEBUG - 局部搜索未能改进当前解
2025-04-08 16:04:31,358 - DEBUG - 执行AGV分配局部搜索，当前完工时间: 1838.00
2025-04-08 16:04:31,362 - DEBUG - 局部搜索未能改进当前解
2025-04-08 16:04:31,365 - DEBUG - 执行AGV分配局部搜索，当前完工时间: 1841.00
2025-04-08 16:04:31,370 - DEBUG - 局部搜索未能改进当前解
2025-04-08 16:04:31,373 - DEBUG - 执行AGV分配局部搜索，当前完工时间: 1840.00
2025-04-08 16:04:31,377 - DEBUG - 局部搜索未能改进当前解
2025-04-08 16:04:31,380 - DEBUG - 执行AGV分配局部搜索，当前完工时间: 1849.00
2025-04-08 16:04:31,384 - DEBUG - 局部搜索未能改进当前解
2025-04-08 16:04:31,387 - DEBUG - 执行AGV分配局部搜索，当前完工时间: 1855.00
2025-04-08 16:04:31,391 - DEBUG - 局部搜索未能改进当前解
2025-04-08 16:04:31,395 - DEBUG - 执行AGV分配局部搜索，当前完工时间: 1873.00
2025-04-08 16:04:31,399 - DEBUG - 局部搜索未能改进当前解
2025-04-08 16:04:31,402 - DEBUG - 执行AGV分配局部搜索，当前完工时间: 1971.00
2025-04-08 16:04:31,406 - DEBUG - 局部搜索未能改进当前解
2025-04-08 16:04:31,410 - DEBUG - 执行AGV分配局部搜索，当前完工时间: 1966.00
2025-04-08 16:04:31,414 - DEBUG - AGV分配局部搜索成功！完工时间从 1966.00 降低到 1949.00，改进: 17.00 (0.86%)
2025-04-08 16:04:31,418 - DEBUG - 执行AGV分配局部搜索，当前完工时间: 1872.00
2025-04-08 16:04:31,420 - DEBUG - 局部搜索未能改进当前解
2025-04-08 16:04:31,425 - DEBUG - 执行AGV分配局部搜索，当前完工时间: 1848.00
2025-04-08 16:04:31,430 - DEBUG - 局部搜索未能改进当前解
2025-04-08 16:04:31,433 - DEBUG - 执行AGV分配局部搜索，当前完工时间: 1794.00
2025-04-08 16:04:31,437 - DEBUG - 局部搜索未能改进当前解
2025-04-08 16:04:31,440 - DEBUG - 执行AGV分配局部搜索，当前完工时间: 1869.00
2025-04-08 16:04:31,443 - DEBUG - 局部搜索未能改进当前解
2025-04-08 16:04:31,447 - DEBUG - 执行AGV分配局部搜索，当前完工时间: 1860.00
2025-04-08 16:04:31,452 - DEBUG - 局部搜索未能改进当前解
2025-04-08 16:04:31,455 - DEBUG - 执行AGV分配局部搜索，当前完工时间: 1846.00
2025-04-08 16:04:31,458 - DEBUG - 局部搜索未能改进当前解
2025-04-08 16:04:31,462 - DEBUG - 执行AGV分配局部搜索，当前完工时间: 1854.00
2025-04-08 16:04:31,465 - DEBUG - 局部搜索未能改进当前解
2025-04-08 16:04:31,470 - DEBUG - 执行AGV分配局部搜索，当前完工时间: 1852.00
2025-04-08 16:04:31,474 - DEBUG - 局部搜索未能改进当前解
2025-04-08 16:04:31,476 - DEBUG - 执行AGV分配局部搜索，当前完工时间: 1851.00
2025-04-08 16:04:31,481 - DEBUG - 局部搜索未能改进当前解
2025-04-08 16:04:31,485 - DEBUG - 执行AGV分配局部搜索，当前完工时间: 1850.00
2025-04-08 16:04:31,488 - DEBUG - 局部搜索未能改进当前解
2025-04-08 16:04:31,492 - DEBUG - 执行AGV分配局部搜索，当前完工时间: 1863.00
2025-04-08 16:04:31,495 - DEBUG - 局部搜索未能改进当前解
2025-04-08 16:04:31,499 - DEBUG - 执行AGV分配局部搜索，当前完工时间: 1830.00
2025-04-08 16:04:31,503 - DEBUG - 局部搜索未能改进当前解
2025-04-08 16:04:31,506 - DEBUG - 执行AGV分配局部搜索，当前完工时间: 1862.00
2025-04-08 16:04:31,509 - DEBUG - 局部搜索未能改进当前解
2025-04-08 16:04:31,514 - DEBUG - 执行AGV分配局部搜索，当前完工时间: 2005.00
2025-04-08 16:04:31,518 - DEBUG - 局部搜索未能改进当前解
2025-04-08 16:04:31,522 - DEBUG - 执行AGV分配局部搜索，当前完工时间: 1815.00
2025-04-08 16:04:31,525 - DEBUG - 局部搜索未能改进当前解
2025-04-08 16:04:31,525 - DEBUG - ==================================================
2025-04-08 16:04:31,525 - DEBUG - Efficiency Statistics of Local Search :
2025-04-08 16:04:31,525 - DEBUG - Number of attempts: 99
2025-04-08 16:04:31,525 - DEBUG - Average Success Rate: 7.07%
2025-04-08 16:04:31,525 - DEBUG - AGV Local Search Success: 7，Average Improvement: 16.00
2025-04-08 16:04:31,530 - DEBUG - 执行AGV分配局部搜索，当前完工时间: 1976.00
2025-04-08 16:04:31,534 - DEBUG - 局部搜索未能改进当前解
2025-04-08 16:04:31,538 - DEBUG - 执行AGV分配局部搜索，当前完工时间: 1931.00
2025-04-08 16:04:31,542 - DEBUG - 局部搜索未能改进当前解
2025-04-08 16:04:31,545 - DEBUG - 执行AGV分配局部搜索，当前完工时间: 1854.00
2025-04-08 16:04:31,549 - DEBUG - 局部搜索未能改进当前解
2025-04-08 16:04:31,553 - DEBUG - 执行AGV分配局部搜索，当前完工时间: 1894.00
2025-04-08 16:04:31,557 - DEBUG - AGV分配局部搜索成功！完工时间从 1894.00 降低到 1890.00，改进: 4.00 (0.21%)
2025-04-08 16:04:31,561 - DEBUG - 执行AGV分配局部搜索，当前完工时间: 1945.00
2025-04-08 16:04:31,564 - DEBUG - 局部搜索未能改进当前解
2025-04-08 16:04:31,567 - DEBUG - 执行AGV分配局部搜索，当前完工时间: 1900.00
2025-04-08 16:04:31,571 - DEBUG - 局部搜索未能改进当前解
2025-04-08 16:04:31,575 - DEBUG - 执行AGV分配局部搜索，当前完工时间: 1977.00
2025-04-08 16:04:31,579 - DEBUG - 局部搜索未能改进当前解
2025-04-08 16:04:31,582 - DEBUG - 执行AGV分配局部搜索，当前完工时间: 1862.00
2025-04-08 16:04:31,585 - DEBUG - 局部搜索未能改进当前解
2025-04-08 16:04:31,589 - DEBUG - 执行AGV分配局部搜索，当前完工时间: 1860.00
2025-04-08 16:04:31,594 - DEBUG - 局部搜索未能改进当前解
2025-04-08 16:04:31,597 - DEBUG - 执行AGV分配局部搜索，当前完工时间: 1908.00
2025-04-08 16:04:31,601 - DEBUG - 局部搜索未能改进当前解
2025-04-08 16:04:31,604 - DEBUG - 执行AGV分配局部搜索，当前完工时间: 1829.00
2025-04-08 16:04:31,608 - DEBUG - 局部搜索未能改进当前解
2025-04-08 16:04:31,612 - DEBUG - 执行AGV分配局部搜索，当前完工时间: 1885.00
2025-04-08 16:04:31,615 - DEBUG - AGV分配局部搜索成功！完工时间从 1885.00 降低到 1883.00，改进: 2.00 (0.11%)
2025-04-08 16:04:31,619 - DEBUG - 执行AGV分配局部搜索，当前完工时间: 1964.00
2025-04-08 16:04:31,622 - DEBUG - 局部搜索未能改进当前解
2025-04-08 16:04:31,626 - DEBUG - 执行AGV分配局部搜索，当前完工时间: 1922.00
2025-04-08 16:04:31,630 - DEBUG - 局部搜索未能改进当前解
2025-04-08 16:04:31,634 - DEBUG - 执行AGV分配局部搜索，当前完工时间: 1893.00
2025-04-08 16:04:31,637 - DEBUG - 局部搜索未能改进当前解
2025-04-08 16:04:31,641 - DEBUG - 执行AGV分配局部搜索，当前完工时间: 1826.00
2025-04-08 16:04:31,645 - DEBUG - 局部搜索未能改进当前解
2025-04-08 16:04:31,648 - DEBUG - 执行AGV分配局部搜索，当前完工时间: 1929.00
2025-04-08 16:04:31,652 - DEBUG - 局部搜索未能改进当前解
2025-04-08 16:04:31,656 - DEBUG - 执行AGV分配局部搜索，当前完工时间: 1874.00
2025-04-08 16:04:31,660 - DEBUG - 局部搜索未能改进当前解
2025-04-08 16:04:31,663 - DEBUG - 执行AGV分配局部搜索，当前完工时间: 1985.00
2025-04-08 16:04:31,667 - DEBUG - 局部搜索未能改进当前解
2025-04-08 16:04:31,671 - DEBUG - 执行AGV分配局部搜索，当前完工时间: 1814.00
2025-04-08 16:04:31,675 - DEBUG - 局部搜索未能改进当前解
2025-04-08 16:04:31,680 - DEBUG - 执行AGV分配局部搜索，当前完工时间: 1814.00
2025-04-08 16:04:31,683 - DEBUG - AGV分配局部搜索成功！完工时间从 1814.00 降低到 1801.00，改进: 13.00 (0.72%)
2025-04-08 16:04:31,686 - DEBUG - 执行AGV分配局部搜索，当前完工时间: 1938.00
2025-04-08 16:04:31,690 - DEBUG - 局部搜索未能改进当前解
2025-04-08 16:04:31,694 - DEBUG - 执行AGV分配局部搜索，当前完工时间: 1926.00
2025-04-08 16:04:31,697 - DEBUG - 局部搜索未能改进当前解
2025-04-08 16:04:31,701 - DEBUG - 执行AGV分配局部搜索，当前完工时间: 1892.00
2025-04-08 16:04:31,704 - DEBUG - 局部搜索未能改进当前解
2025-04-08 16:04:31,708 - DEBUG - 执行AGV分配局部搜索，当前完工时间: 1947.00
2025-04-08 16:04:31,712 - DEBUG - 局部搜索未能改进当前解
2025-04-08 16:04:31,715 - DEBUG - 执行AGV分配局部搜索，当前完工时间: 1906.00
2025-04-08 16:04:31,719 - DEBUG - 局部搜索未能改进当前解
2025-04-08 16:04:31,723 - DEBUG - 执行AGV分配局部搜索，当前完工时间: 1910.00
2025-04-08 16:04:31,726 - DEBUG - 局部搜索未能改进当前解
2025-04-08 16:04:31,731 - DEBUG - 执行AGV分配局部搜索，当前完工时间: 1823.00
2025-04-08 16:04:31,734 - DEBUG - 局部搜索未能改进当前解
2025-04-08 16:04:31,738 - DEBUG - 执行AGV分配局部搜索，当前完工时间: 1897.00
2025-04-08 16:04:31,742 - DEBUG - 局部搜索未能改进当前解
2025-04-08 16:04:31,746 - DEBUG - 执行AGV分配局部搜索，当前完工时间: 1873.00
2025-04-08 16:04:31,750 - DEBUG - 局部搜索未能改进当前解
2025-04-08 16:04:31,754 - DEBUG - 执行AGV分配局部搜索，当前完工时间: 1796.00
2025-04-08 16:04:31,757 - DEBUG - 局部搜索未能改进当前解
2025-04-08 16:04:31,760 - DEBUG - 执行AGV分配局部搜索，当前完工时间: 1911.00
2025-04-08 16:04:31,764 - DEBUG - 局部搜索未能改进当前解
2025-04-08 16:04:31,768 - DEBUG - 执行AGV分配局部搜索，当前完工时间: 1898.00
2025-04-08 16:04:31,772 - DEBUG - 局部搜索未能改进当前解
2025-04-08 16:04:31,776 - DEBUG - 执行AGV分配局部搜索，当前完工时间: 1928.00
2025-04-08 16:04:31,780 - DEBUG - 局部搜索未能改进当前解
2025-04-08 16:04:31,784 - DEBUG - 执行AGV分配局部搜索，当前完工时间: 1992.00
2025-04-08 16:04:31,787 - DEBUG - 局部搜索未能改进当前解
2025-04-08 16:04:31,791 - DEBUG - 执行AGV分配局部搜索，当前完工时间: 1852.00
2025-04-08 16:04:31,794 - DEBUG - 局部搜索未能改进当前解
2025-04-08 16:04:31,799 - DEBUG - 执行AGV分配局部搜索，当前完工时间: 1930.00
2025-04-08 16:04:31,802 - DEBUG - AGV分配局部搜索成功！完工时间从 1930.00 降低到 1914.00，改进: 16.00 (0.83%)
2025-04-08 16:04:31,806 - DEBUG - 执行AGV分配局部搜索，当前完工时间: 1848.00
2025-04-08 16:04:31,809 - DEBUG - 局部搜索未能改进当前解
2025-04-08 16:04:31,812 - DEBUG - 执行AGV分配局部搜索，当前完工时间: 1788.00
2025-04-08 16:04:31,817 - DEBUG - 局部搜索未能改进当前解
2025-04-08 16:04:31,821 - DEBUG - 执行AGV分配局部搜索，当前完工时间: 1883.00
2025-04-08 16:04:31,824 - DEBUG - AGV分配局部搜索成功！完工时间从 1883.00 降低到 1873.00，改进: 10.00 (0.53%)
2025-04-08 16:04:31,828 - DEBUG - 执行AGV分配局部搜索，当前完工时间: 1837.00
2025-04-08 16:04:31,831 - DEBUG - 局部搜索未能改进当前解
2025-04-08 16:04:31,835 - DEBUG - 执行AGV分配局部搜索，当前完工时间: 1794.00
2025-04-08 16:04:31,838 - DEBUG - 局部搜索未能改进当前解
2025-04-08 16:04:31,842 - DEBUG - 执行AGV分配局部搜索，当前完工时间: 1938.00
2025-04-08 16:04:31,845 - DEBUG - 局部搜索未能改进当前解
2025-04-08 16:04:31,850 - DEBUG - 执行AGV分配局部搜索，当前完工时间: 1955.00
2025-04-08 16:04:31,853 - DEBUG - 局部搜索未能改进当前解
2025-04-08 16:04:31,857 - DEBUG - 执行AGV分配局部搜索，当前完工时间: 1825.00
2025-04-08 16:04:31,860 - DEBUG - 局部搜索未能改进当前解
2025-04-08 16:04:31,864 - DEBUG - 执行AGV分配局部搜索，当前完工时间: 1915.00
2025-04-08 16:04:31,868 - DEBUG - 局部搜索未能改进当前解
2025-04-08 16:04:31,870 - DEBUG - 执行AGV分配局部搜索，当前完工时间: 1954.00
2025-04-08 16:04:31,876 - DEBUG - 局部搜索未能改进当前解
2025-04-08 16:04:31,879 - DEBUG - 执行AGV分配局部搜索，当前完工时间: 1852.00
2025-04-08 16:04:31,881 - DEBUG - 局部搜索未能改进当前解
2025-04-08 16:04:31,886 - DEBUG - 执行AGV分配局部搜索，当前完工时间: 1902.00
2025-04-08 16:04:31,891 - DEBUG - AGV分配局部搜索成功！完工时间从 1902.00 降低到 1898.00，改进: 4.00 (0.21%)
2025-04-08 16:04:31,895 - DEBUG - 执行AGV分配局部搜索，当前完工时间: 1809.00
2025-04-08 16:04:31,897 - DEBUG - AGV分配局部搜索成功！完工时间从 1809.00 降低到 1790.00，改进: 19.00 (1.05%)
2025-04-08 16:04:31,902 - DEBUG - 执行AGV分配局部搜索，当前完工时间: 1838.00
2025-04-08 16:04:31,905 - DEBUG - AGV分配局部搜索成功！完工时间从 1838.00 降低到 1836.00，改进: 2.00 (0.11%)
2025-04-08 16:04:31,910 - DEBUG - 执行AGV分配局部搜索，当前完工时间: 1868.00
2025-04-08 16:04:31,913 - DEBUG - 局部搜索未能改进当前解
2025-04-08 16:04:31,916 - DEBUG - 执行AGV分配局部搜索，当前完工时间: 1906.00
2025-04-08 16:04:31,920 - DEBUG - AGV分配局部搜索成功！完工时间从 1906.00 降低到 1900.00，改进: 6.00 (0.31%)
2025-04-08 16:04:31,924 - DEBUG - 执行AGV分配局部搜索，当前完工时间: 1930.00
2025-04-08 16:04:31,928 - DEBUG - 局部搜索未能改进当前解
2025-04-08 16:04:31,931 - DEBUG - 执行AGV分配局部搜索，当前完工时间: 1861.00
2025-04-08 16:04:31,935 - DEBUG - 局部搜索未能改进当前解
2025-04-08 16:04:31,938 - DEBUG - 执行AGV分配局部搜索，当前完工时间: 1863.00
2025-04-08 16:04:31,942 - DEBUG - AGV分配局部搜索成功！完工时间从 1863.00 降低到 1840.00，改进: 23.00 (1.23%)
2025-04-08 16:04:31,947 - DEBUG - 执行AGV分配局部搜索，当前完工时间: 1821.00
2025-04-08 16:04:31,949 - DEBUG - 局部搜索未能改进当前解
2025-04-08 16:04:31,954 - DEBUG - 执行AGV分配局部搜索，当前完工时间: 1840.00
2025-04-08 16:04:31,957 - DEBUG - 局部搜索未能改进当前解
2025-04-08 16:04:31,961 - DEBUG - 执行AGV分配局部搜索，当前完工时间: 1832.00
2025-04-08 16:04:31,964 - DEBUG - 局部搜索未能改进当前解
2025-04-08 16:04:31,968 - DEBUG - 执行AGV分配局部搜索，当前完工时间: 1898.00
2025-04-08 16:04:31,970 - DEBUG - 局部搜索未能改进当前解
2025-04-08 16:04:31,975 - DEBUG - 执行AGV分配局部搜索，当前完工时间: 1850.00
2025-04-08 16:04:31,979 - DEBUG - 局部搜索未能改进当前解
2025-04-08 16:04:31,982 - DEBUG - 执行AGV分配局部搜索，当前完工时间: 1923.00
2025-04-08 16:04:31,986 - DEBUG - 局部搜索未能改进当前解
2025-04-08 16:04:31,989 - DEBUG - 执行AGV分配局部搜索，当前完工时间: 1863.00
2025-04-08 16:04:31,994 - DEBUG - 局部搜索未能改进当前解
2025-04-08 16:04:31,997 - DEBUG - 执行AGV分配局部搜索，当前完工时间: 1909.00
2025-04-08 16:04:32,001 - DEBUG - AGV分配局部搜索成功！完工时间从 1909.00 降低到 1885.00，改进: 24.00 (1.26%)
2025-04-08 16:04:32,005 - DEBUG - 执行AGV分配局部搜索，当前完工时间: 1858.00
2025-04-08 16:04:32,008 - DEBUG - 局部搜索未能改进当前解
2025-04-08 16:04:32,012 - DEBUG - 执行AGV分配局部搜索，当前完工时间: 1877.00
2025-04-08 16:04:32,016 - DEBUG - 局部搜索未能改进当前解
2025-04-08 16:04:32,019 - DEBUG - 执行AGV分配局部搜索，当前完工时间: 1934.00
2025-04-08 16:04:32,024 - DEBUG - 局部搜索未能改进当前解
2025-04-08 16:04:32,027 - DEBUG - 执行AGV分配局部搜索，当前完工时间: 1973.00
2025-04-08 16:04:32,031 - DEBUG - AGV分配局部搜索成功！完工时间从 1973.00 降低到 1936.00，改进: 37.00 (1.88%)
2025-04-08 16:04:32,034 - DEBUG - 执行AGV分配局部搜索，当前完工时间: 1868.00
2025-04-08 16:04:32,037 - DEBUG - 局部搜索未能改进当前解
2025-04-08 16:04:32,042 - DEBUG - 执行AGV分配局部搜索，当前完工时间: 1922.00
2025-04-08 16:04:32,046 - DEBUG - 局部搜索未能改进当前解
2025-04-08 16:04:32,049 - DEBUG - 执行AGV分配局部搜索，当前完工时间: 1824.00
2025-04-08 16:04:32,054 - DEBUG - 局部搜索未能改进当前解
2025-04-08 16:04:32,057 - DEBUG - 执行AGV分配局部搜索，当前完工时间: 1885.00
2025-04-08 16:04:32,061 - DEBUG - 局部搜索未能改进当前解
2025-04-08 16:04:32,065 - DEBUG - 执行AGV分配局部搜索，当前完工时间: 1922.00
2025-04-08 16:04:32,069 - DEBUG - 局部搜索未能改进当前解
2025-04-08 16:04:32,073 - DEBUG - 执行AGV分配局部搜索，当前完工时间: 1962.00
2025-04-08 16:04:32,076 - DEBUG - 局部搜索未能改进当前解
2025-04-08 16:04:32,080 - DEBUG - 执行AGV分配局部搜索，当前完工时间: 1846.00
2025-04-08 16:04:32,085 - DEBUG - 局部搜索未能改进当前解
2025-04-08 16:04:32,088 - DEBUG - 执行AGV分配局部搜索，当前完工时间: 1860.00
2025-04-08 16:04:32,092 - DEBUG - 局部搜索未能改进当前解
2025-04-08 16:04:32,096 - DEBUG - 执行AGV分配局部搜索，当前完工时间: 1898.00
2025-04-08 16:04:32,100 - DEBUG - 局部搜索未能改进当前解
2025-04-08 16:04:32,104 - DEBUG - 执行AGV分配局部搜索，当前完工时间: 1794.00
2025-04-08 16:04:32,107 - DEBUG - 局部搜索未能改进当前解
2025-04-08 16:04:32,110 - DEBUG - 执行AGV分配局部搜索，当前完工时间: 1872.00
2025-04-08 16:04:32,115 - DEBUG - 局部搜索未能改进当前解
2025-04-08 16:04:32,119 - DEBUG - 执行AGV分配局部搜索，当前完工时间: 1910.00
2025-04-08 16:04:32,123 - DEBUG - 局部搜索未能改进当前解
2025-04-08 16:04:32,126 - DEBUG - 执行AGV分配局部搜索，当前完工时间: 1826.00
2025-04-08 16:04:32,130 - DEBUG - AGV分配局部搜索成功！完工时间从 1826.00 降低到 1820.00，改进: 6.00 (0.33%)
2025-04-08 16:04:32,134 - DEBUG - 执行AGV分配局部搜索，当前完工时间: 1996.00
2025-04-08 16:04:32,137 - DEBUG - 局部搜索未能改进当前解
2025-04-08 16:04:32,141 - DEBUG - 执行AGV分配局部搜索，当前完工时间: 1910.00
2025-04-08 16:04:32,145 - DEBUG - 局部搜索未能改进当前解
2025-04-08 16:04:32,149 - DEBUG - 执行AGV分配局部搜索，当前完工时间: 2007.00
2025-04-08 16:04:32,152 - DEBUG - 局部搜索未能改进当前解
2025-04-08 16:04:32,156 - DEBUG - 执行AGV分配局部搜索，当前完工时间: 1937.00
2025-04-08 16:04:32,160 - DEBUG - 局部搜索未能改进当前解
2025-04-08 16:04:32,164 - DEBUG - 执行AGV分配局部搜索，当前完工时间: 1944.00
2025-04-08 16:04:32,166 - DEBUG - 局部搜索未能改进当前解
2025-04-08 16:04:32,170 - DEBUG - 执行AGV分配局部搜索，当前完工时间: 1850.00
2025-04-08 16:04:32,174 - DEBUG - 局部搜索未能改进当前解
2025-04-08 16:04:32,178 - DEBUG - 执行AGV分配局部搜索，当前完工时间: 1820.00
2025-04-08 16:04:32,182 - DEBUG - 局部搜索未能改进当前解
2025-04-08 16:04:32,186 - DEBUG - 执行AGV分配局部搜索，当前完工时间: 1838.00
2025-04-08 16:04:32,189 - DEBUG - 局部搜索未能改进当前解
2025-04-08 16:04:32,192 - DEBUG - 执行AGV分配局部搜索，当前完工时间: 1938.00
2025-04-08 16:04:32,197 - DEBUG - 局部搜索未能改进当前解
2025-04-08 16:04:32,200 - DEBUG - 执行AGV分配局部搜索，当前完工时间: 1916.00
2025-04-08 16:04:32,204 - DEBUG - AGV分配局部搜索成功！完工时间从 1916.00 降低到 1900.00，改进: 16.00 (0.84%)
2025-04-08 16:04:32,208 - DEBUG - 执行AGV分配局部搜索，当前完工时间: 1862.00
2025-04-08 16:04:32,212 - DEBUG - 局部搜索未能改进当前解
2025-04-08 16:04:32,215 - DEBUG - 执行AGV分配局部搜索，当前完工时间: 1895.00
2025-04-08 16:04:32,219 - DEBUG - 局部搜索未能改进当前解
2025-04-08 16:04:32,224 - DEBUG - 执行AGV分配局部搜索，当前完工时间: 1926.00
2025-04-08 16:04:32,226 - DEBUG - 局部搜索未能改进当前解
2025-04-08 16:04:32,231 - DEBUG - 执行AGV分配局部搜索，当前完工时间: 1873.00
2025-04-08 16:04:32,234 - DEBUG - AGV分配局部搜索成功！完工时间从 1873.00 降低到 1872.00，改进: 1.00 (0.05%)
2025-04-08 16:04:32,237 - DEBUG - 执行AGV分配局部搜索，当前完工时间: 1860.00
2025-04-08 16:04:32,242 - DEBUG - 局部搜索未能改进当前解
2025-04-08 16:04:32,245 - DEBUG - 执行AGV分配局部搜索，当前完工时间: 1836.00
2025-04-08 16:04:32,247 - DEBUG - 局部搜索未能改进当前解
2025-04-08 16:04:32,252 - DEBUG - 执行AGV分配局部搜索，当前完工时间: 1950.00
2025-04-08 16:04:32,256 - DEBUG - 局部搜索未能改进当前解
2025-04-08 16:04:32,259 - DEBUG - 执行AGV分配局部搜索，当前完工时间: 2007.00
2025-04-08 16:04:32,263 - DEBUG - 局部搜索未能改进当前解
2025-04-08 16:04:32,263 - DEBUG - ==================================================
2025-04-08 16:04:32,263 - DEBUG - Efficiency Statistics of Local Search :
2025-04-08 16:04:32,263 - DEBUG - Number of attempts: 99
2025-04-08 16:04:32,263 - DEBUG - Average Success Rate: 15.15%
2025-04-08 16:04:32,263 - DEBUG - AGV Local Search Success: 15，Average Improvement: 12.20
2025-04-08 16:04:32,267 - DEBUG - 执行AGV分配局部搜索，当前完工时间: 1874.00
2025-04-08 16:04:32,271 - DEBUG - 局部搜索未能改进当前解
2025-04-08 16:04:32,275 - DEBUG - 执行AGV分配局部搜索，当前完工时间: 1857.00
2025-04-08 16:04:32,278 - DEBUG - 局部搜索未能改进当前解
2025-04-08 16:04:32,282 - DEBUG - 执行AGV分配局部搜索，当前完工时间: 1851.00
2025-04-08 16:04:32,286 - DEBUG - 局部搜索未能改进当前解
2025-04-08 16:04:32,288 - DEBUG - 执行AGV分配局部搜索，当前完工时间: 1832.00
2025-04-08 16:04:32,293 - DEBUG - 局部搜索未能改进当前解
2025-04-08 16:04:32,297 - DEBUG - 执行AGV分配局部搜索，当前完工时间: 1832.00
2025-04-08 16:04:32,300 - DEBUG - 局部搜索未能改进当前解
2025-04-08 16:04:32,304 - DEBUG - 执行AGV分配局部搜索，当前完工时间: 1836.00
2025-04-08 16:04:32,307 - DEBUG - 局部搜索未能改进当前解
2025-04-08 16:04:32,311 - DEBUG - 执行AGV分配局部搜索，当前完工时间: 1870.00
2025-04-08 16:04:32,315 - DEBUG - 局部搜索未能改进当前解
2025-04-08 16:04:32,319 - DEBUG - 执行AGV分配局部搜索，当前完工时间: 1820.00
2025-04-08 16:04:32,322 - DEBUG - 局部搜索未能改进当前解
2025-04-08 16:04:32,327 - DEBUG - 执行AGV分配局部搜索，当前完工时间: 1820.00
2025-04-08 16:04:32,330 - DEBUG - 局部搜索未能改进当前解
2025-04-08 16:04:32,334 - DEBUG - 执行AGV分配局部搜索，当前完工时间: 1927.00
2025-04-08 16:04:32,337 - DEBUG - 局部搜索未能改进当前解
2025-04-08 16:04:32,342 - DEBUG - 执行AGV分配局部搜索，当前完工时间: 1880.00
2025-04-08 16:04:32,346 - DEBUG - 局部搜索未能改进当前解
2025-04-08 16:04:32,349 - DEBUG - 执行AGV分配局部搜索，当前完工时间: 1850.00
2025-04-08 16:04:32,353 - DEBUG - 局部搜索未能改进当前解
2025-04-08 16:04:32,356 - DEBUG - 执行AGV分配局部搜索，当前完工时间: 1872.00
2025-04-08 16:04:32,360 - DEBUG - 局部搜索未能改进当前解
2025-04-08 16:04:32,364 - DEBUG - 执行AGV分配局部搜索，当前完工时间: 1866.00
2025-04-08 16:04:32,366 - DEBUG - 局部搜索未能改进当前解
2025-04-08 16:04:32,371 - DEBUG - 执行AGV分配局部搜索，当前完工时间: 1834.00
2025-04-08 16:04:32,374 - DEBUG - 局部搜索未能改进当前解
2025-04-08 16:04:32,379 - DEBUG - 执行AGV分配局部搜索，当前完工时间: 1871.00
2025-04-08 16:04:32,382 - DEBUG - 局部搜索未能改进当前解
2025-04-08 16:04:32,387 - DEBUG - 执行AGV分配局部搜索，当前完工时间: 1812.00
2025-04-08 16:04:32,391 - DEBUG - 局部搜索未能改进当前解
2025-04-08 16:04:32,395 - DEBUG - 执行AGV分配局部搜索，当前完工时间: 1905.00
2025-04-08 16:04:32,402 - DEBUG - AGV分配局部搜索成功！完工时间从 1905.00 降低到 1904.00，改进: 1.00 (0.05%)
2025-04-08 16:04:32,409 - DEBUG - 执行AGV分配局部搜索，当前完工时间: 1896.00
2025-04-08 16:04:32,414 - DEBUG - 局部搜索未能改进当前解
2025-04-08 16:04:32,422 - DEBUG - 执行AGV分配局部搜索，当前完工时间: 2013.00
2025-04-08 16:04:32,429 - DEBUG - AGV分配局部搜索成功！完工时间从 2013.00 降低到 1988.00，改进: 25.00 (1.24%)
2025-04-08 16:04:32,434 - DEBUG - 执行AGV分配局部搜索，当前完工时间: 1931.00
2025-04-08 16:04:32,439 - DEBUG - AGV分配局部搜索成功！完工时间从 1931.00 降低到 1917.00，改进: 14.00 (0.73%)
2025-04-08 16:04:32,443 - DEBUG - 执行AGV分配局部搜索，当前完工时间: 2030.00
2025-04-08 16:04:32,447 - DEBUG - AGV分配局部搜索成功！完工时间从 2030.00 降低到 1982.00，改进: 48.00 (2.36%)
2025-04-08 16:04:32,451 - DEBUG - 执行AGV分配局部搜索，当前完工时间: 1870.00
2025-04-08 16:04:32,454 - DEBUG - 局部搜索未能改进当前解
2025-04-08 16:04:32,459 - DEBUG - 执行AGV分配局部搜索，当前完工时间: 1828.00
2025-04-08 16:04:32,462 - DEBUG - 局部搜索未能改进当前解
2025-04-08 16:04:32,466 - DEBUG - 执行AGV分配局部搜索，当前完工时间: 1856.00
2025-04-08 16:04:32,470 - DEBUG - 局部搜索未能改进当前解
2025-04-08 16:04:32,473 - DEBUG - 执行AGV分配局部搜索，当前完工时间: 1794.00
2025-04-08 16:04:32,476 - DEBUG - 局部搜索未能改进当前解
2025-04-08 16:04:32,481 - DEBUG - 执行AGV分配局部搜索，当前完工时间: 1863.00
2025-04-08 16:04:32,488 - DEBUG - 局部搜索未能改进当前解
2025-04-08 16:04:32,497 - DEBUG - 执行AGV分配局部搜索，当前完工时间: 1836.00
2025-04-08 16:04:32,501 - DEBUG - 局部搜索未能改进当前解
2025-04-08 16:04:32,505 - DEBUG - 执行AGV分配局部搜索，当前完工时间: 1900.00
2025-04-08 16:04:32,507 - DEBUG - 局部搜索未能改进当前解
2025-04-08 16:04:32,512 - DEBUG - 执行AGV分配局部搜索，当前完工时间: 1846.00
2025-04-08 16:04:32,516 - DEBUG - AGV分配局部搜索成功！完工时间从 1846.00 降低到 1845.00，改进: 1.00 (0.05%)
2025-04-08 16:04:32,520 - DEBUG - 执行AGV分配局部搜索，当前完工时间: 1877.00
2025-04-08 16:04:32,523 - DEBUG - 局部搜索未能改进当前解
2025-04-08 16:04:32,527 - DEBUG - 执行AGV分配局部搜索，当前完工时间: 1850.00
2025-04-08 16:04:32,530 - DEBUG - 局部搜索未能改进当前解
2025-04-08 16:04:32,534 - DEBUG - 执行AGV分配局部搜索，当前完工时间: 1916.00
2025-04-08 16:04:32,539 - DEBUG - 局部搜索未能改进当前解
2025-04-08 16:04:32,543 - DEBUG - 执行AGV分配局部搜索，当前完工时间: 1896.00
2025-04-08 16:04:32,545 - DEBUG - 局部搜索未能改进当前解
2025-04-08 16:04:32,550 - DEBUG - 执行AGV分配局部搜索，当前完工时间: 1897.00
2025-04-08 16:04:32,553 - DEBUG - 局部搜索未能改进当前解
2025-04-08 16:04:32,557 - DEBUG - 执行AGV分配局部搜索，当前完工时间: 1898.00
2025-04-08 16:04:32,561 - DEBUG - 局部搜索未能改进当前解
2025-04-08 16:04:32,564 - DEBUG - 执行AGV分配局部搜索，当前完工时间: 1895.00
2025-04-08 16:04:32,569 - DEBUG - 局部搜索未能改进当前解
2025-04-08 16:04:32,572 - DEBUG - 执行AGV分配局部搜索，当前完工时间: 1872.00
2025-04-08 16:04:32,576 - DEBUG - AGV分配局部搜索成功！完工时间从 1872.00 降低到 1855.00，改进: 17.00 (0.91%)
2025-04-08 16:04:32,580 - DEBUG - 执行AGV分配局部搜索，当前完工时间: 1839.00
2025-04-08 16:04:32,583 - DEBUG - 局部搜索未能改进当前解
2025-04-08 16:04:32,587 - DEBUG - 执行AGV分配局部搜索，当前完工时间: 1836.00
2025-04-08 16:04:32,591 - DEBUG - 局部搜索未能改进当前解
2025-04-08 16:04:32,595 - DEBUG - 执行AGV分配局部搜索，当前完工时间: 1896.00
2025-04-08 16:04:32,599 - DEBUG - 局部搜索未能改进当前解
2025-04-08 16:04:32,602 - DEBUG - 执行AGV分配局部搜索，当前完工时间: 1852.00
2025-04-08 16:04:32,606 - DEBUG - 局部搜索未能改进当前解
2025-04-08 16:04:32,609 - DEBUG - 执行AGV分配局部搜索，当前完工时间: 1869.00
2025-04-08 16:04:32,612 - DEBUG - 局部搜索未能改进当前解
2025-04-08 16:04:32,616 - DEBUG - 执行AGV分配局部搜索，当前完工时间: 1855.00
2025-04-08 16:04:32,620 - DEBUG - 局部搜索未能改进当前解
2025-04-08 16:04:32,624 - DEBUG - 执行AGV分配局部搜索，当前完工时间: 1910.00
2025-04-08 16:04:32,628 - DEBUG - 局部搜索未能改进当前解
2025-04-08 16:04:32,632 - DEBUG - 执行AGV分配局部搜索，当前完工时间: 1843.00
2025-04-08 16:04:32,635 - DEBUG - 局部搜索未能改进当前解
2025-04-08 16:04:32,639 - DEBUG - 执行AGV分配局部搜索，当前完工时间: 1922.00
2025-04-08 16:04:32,642 - DEBUG - AGV分配局部搜索成功！完工时间从 1922.00 降低到 1905.00，改进: 17.00 (0.88%)
2025-04-08 16:04:32,646 - DEBUG - 执行AGV分配局部搜索，当前完工时间: 1838.00
2025-04-08 16:04:32,650 - DEBUG - 局部搜索未能改进当前解
2025-04-08 16:04:32,654 - DEBUG - 执行AGV分配局部搜索，当前完工时间: 1848.00
2025-04-08 16:04:32,657 - DEBUG - AGV分配局部搜索成功！完工时间从 1848.00 降低到 1844.00，改进: 4.00 (0.22%)
2025-04-08 16:04:32,660 - DEBUG - 执行AGV分配局部搜索，当前完工时间: 1862.00
2025-04-08 16:04:32,665 - DEBUG - 局部搜索未能改进当前解
2025-04-08 16:04:32,669 - DEBUG - 执行AGV分配局部搜索，当前完工时间: 1989.00
2025-04-08 16:04:32,673 - DEBUG - AGV分配局部搜索成功！完工时间从 1989.00 降低到 1935.00，改进: 54.00 (2.71%)
2025-04-08 16:04:32,677 - DEBUG - 执行AGV分配局部搜索，当前完工时间: 1820.00
2025-04-08 16:04:32,680 - DEBUG - 局部搜索未能改进当前解
2025-04-08 16:04:32,684 - DEBUG - 执行AGV分配局部搜索，当前完工时间: 1901.00
2025-04-08 16:04:32,688 - DEBUG - 局部搜索未能改进当前解
2025-04-08 16:04:32,692 - DEBUG - 执行AGV分配局部搜索，当前完工时间: 1920.00
2025-04-08 16:04:32,696 - DEBUG - 局部搜索未能改进当前解
2025-04-08 16:04:32,699 - DEBUG - 执行AGV分配局部搜索，当前完工时间: 1910.00
2025-04-08 16:04:32,703 - DEBUG - 局部搜索未能改进当前解
2025-04-08 16:04:32,706 - DEBUG - 执行AGV分配局部搜索，当前完工时间: 1990.00
2025-04-08 16:04:32,710 - DEBUG - 局部搜索未能改进当前解
2025-04-08 16:04:32,714 - DEBUG - 执行AGV分配局部搜索，当前完工时间: 1925.00
2025-04-08 16:04:32,718 - DEBUG - 局部搜索未能改进当前解
2025-04-08 16:04:32,722 - DEBUG - 执行AGV分配局部搜索，当前完工时间: 1870.00
2025-04-08 16:04:32,725 - DEBUG - AGV分配局部搜索成功！完工时间从 1870.00 降低到 1835.00，改进: 35.00 (1.87%)
2025-04-08 16:04:32,729 - DEBUG - 执行AGV分配局部搜索，当前完工时间: 2040.00
2025-04-08 16:04:32,733 - DEBUG - 局部搜索未能改进当前解
2025-04-08 16:04:32,736 - DEBUG - 执行AGV分配局部搜索，当前完工时间: 1926.00
2025-04-08 16:04:32,740 - DEBUG - 局部搜索未能改进当前解
2025-04-08 16:04:32,744 - DEBUG - 执行AGV分配局部搜索，当前完工时间: 1910.00
2025-04-08 16:04:32,748 - DEBUG - 局部搜索未能改进当前解
2025-04-08 16:04:32,753 - DEBUG - 执行AGV分配局部搜索，当前完工时间: 1932.00
2025-04-08 16:04:32,757 - DEBUG - 局部搜索未能改进当前解
2025-04-08 16:04:32,760 - DEBUG - 执行AGV分配局部搜索，当前完工时间: 2002.00
2025-04-08 16:04:32,764 - DEBUG - 局部搜索未能改进当前解
2025-04-08 16:04:32,768 - DEBUG - 执行AGV分配局部搜索，当前完工时间: 1946.00
2025-04-08 16:04:32,772 - DEBUG - AGV分配局部搜索成功！完工时间从 1946.00 降低到 1908.00，改进: 38.00 (1.95%)
2025-04-08 16:04:32,776 - DEBUG - 执行AGV分配局部搜索，当前完工时间: 1856.00
2025-04-08 16:04:32,779 - DEBUG - 局部搜索未能改进当前解
2025-04-08 16:04:32,783 - DEBUG - 执行AGV分配局部搜索，当前完工时间: 1894.00
2025-04-08 16:04:32,786 - DEBUG - 局部搜索未能改进当前解
2025-04-08 16:04:32,790 - DEBUG - 执行AGV分配局部搜索，当前完工时间: 1874.00
2025-04-08 16:04:32,794 - DEBUG - 局部搜索未能改进当前解
2025-04-08 16:04:32,797 - DEBUG - 执行AGV分配局部搜索，当前完工时间: 1836.00
2025-04-08 16:04:32,801 - DEBUG - 局部搜索未能改进当前解
2025-04-08 16:04:32,805 - DEBUG - 执行AGV分配局部搜索，当前完工时间: 1849.00
2025-04-08 16:04:32,808 - DEBUG - 局部搜索未能改进当前解
2025-04-08 16:04:32,812 - DEBUG - 执行AGV分配局部搜索，当前完工时间: 1850.00
2025-04-08 16:04:32,815 - DEBUG - 局部搜索未能改进当前解
2025-04-08 16:04:32,820 - DEBUG - 执行AGV分配局部搜索，当前完工时间: 1862.00
2025-04-08 16:04:32,823 - DEBUG - 局部搜索未能改进当前解
2025-04-08 16:04:32,827 - DEBUG - 执行AGV分配局部搜索，当前完工时间: 1832.00
2025-04-08 16:04:32,830 - DEBUG - 局部搜索未能改进当前解
2025-04-08 16:04:32,834 - DEBUG - 执行AGV分配局部搜索，当前完工时间: 1893.00
2025-04-08 16:04:32,837 - DEBUG - 局部搜索未能改进当前解
2025-04-08 16:04:32,841 - DEBUG - 执行AGV分配局部搜索，当前完工时间: 1872.00
2025-04-08 16:04:32,845 - DEBUG - 局部搜索未能改进当前解
2025-04-08 16:04:32,849 - DEBUG - 执行AGV分配局部搜索，当前完工时间: 2019.00
2025-04-08 16:04:32,853 - DEBUG - 局部搜索未能改进当前解
2025-04-08 16:04:32,856 - DEBUG - 执行AGV分配局部搜索，当前完工时间: 1914.00
2025-04-08 16:04:32,860 - DEBUG - AGV分配局部搜索成功！完工时间从 1914.00 降低到 1911.00，改进: 3.00 (0.16%)
2025-04-08 16:04:32,864 - DEBUG - 执行AGV分配局部搜索，当前完工时间: 1926.00
2025-04-08 16:04:32,868 - DEBUG - 局部搜索未能改进当前解
2025-04-08 16:04:32,871 - DEBUG - 执行AGV分配局部搜索，当前完工时间: 1838.00
2025-04-08 16:04:32,875 - DEBUG - 局部搜索未能改进当前解
2025-04-08 16:04:32,878 - DEBUG - 执行AGV分配局部搜索，当前完工时间: 1908.00
2025-04-08 16:04:32,883 - DEBUG - 局部搜索未能改进当前解
2025-04-08 16:04:32,886 - DEBUG - 执行AGV分配局部搜索，当前完工时间: 1862.00
2025-04-08 16:04:32,890 - DEBUG - 局部搜索未能改进当前解
2025-04-08 16:04:32,893 - DEBUG - 执行AGV分配局部搜索，当前完工时间: 1865.00
2025-04-08 16:04:32,897 - DEBUG - 局部搜索未能改进当前解
2025-04-08 16:04:32,900 - DEBUG - 执行AGV分配局部搜索，当前完工时间: 1921.00
2025-04-08 16:04:32,903 - DEBUG - 局部搜索未能改进当前解
2025-04-08 16:04:32,908 - DEBUG - 执行AGV分配局部搜索，当前完工时间: 1879.00
2025-04-08 16:04:32,912 - DEBUG - 局部搜索未能改进当前解
2025-04-08 16:04:32,915 - DEBUG - 执行AGV分配局部搜索，当前完工时间: 1841.00
2025-04-08 16:04:32,919 - DEBUG - 局部搜索未能改进当前解
2025-04-08 16:04:32,923 - DEBUG - 执行AGV分配局部搜索，当前完工时间: 1866.00
2025-04-08 16:04:32,927 - DEBUG - AGV分配局部搜索成功！完工时间从 1866.00 降低到 1862.00，改进: 4.00 (0.21%)
2025-04-08 16:04:32,930 - DEBUG - 执行AGV分配局部搜索，当前完工时间: 1825.00
2025-04-08 16:04:32,934 - DEBUG - 局部搜索未能改进当前解
2025-04-08 16:04:32,937 - DEBUG - 执行AGV分配局部搜索，当前完工时间: 1804.00
2025-04-08 16:04:32,941 - DEBUG - 局部搜索未能改进当前解
2025-04-08 16:04:32,944 - DEBUG - 执行AGV分配局部搜索，当前完工时间: 1821.00
2025-04-08 16:04:32,947 - DEBUG - 局部搜索未能改进当前解
2025-04-08 16:04:32,952 - DEBUG - 执行AGV分配局部搜索，当前完工时间: 1862.00
2025-04-08 16:04:32,956 - DEBUG - 局部搜索未能改进当前解
2025-04-08 16:04:32,959 - DEBUG - 执行AGV分配局部搜索，当前完工时间: 1836.00
2025-04-08 16:04:32,962 - DEBUG - 局部搜索未能改进当前解
2025-04-08 16:04:32,966 - DEBUG - 执行AGV分配局部搜索，当前完工时间: 1852.00
2025-04-08 16:04:32,970 - DEBUG - 局部搜索未能改进当前解
2025-04-08 16:04:32,974 - DEBUG - 执行AGV分配局部搜索，当前完工时间: 1958.00
2025-04-08 16:04:32,978 - DEBUG - 局部搜索未能改进当前解
2025-04-08 16:04:32,983 - DEBUG - 执行AGV分配局部搜索，当前完工时间: 1892.00
2025-04-08 16:04:32,986 - DEBUG - 局部搜索未能改进当前解
2025-04-08 16:04:32,991 - DEBUG - 执行AGV分配局部搜索，当前完工时间: 1900.00
2025-04-08 16:04:32,994 - DEBUG - 局部搜索未能改进当前解
2025-04-08 16:04:32,998 - DEBUG - 执行AGV分配局部搜索，当前完工时间: 1932.00
2025-04-08 16:04:33,001 - DEBUG - 局部搜索未能改进当前解
2025-04-08 16:04:33,005 - DEBUG - 执行AGV分配局部搜索，当前完工时间: 1842.00
2025-04-08 16:04:33,009 - DEBUG - 局部搜索未能改进当前解
2025-04-08 16:04:33,013 - DEBUG - 执行AGV分配局部搜索，当前完工时间: 1810.00
2025-04-08 16:04:33,016 - DEBUG - 局部搜索未能改进当前解
2025-04-08 16:04:33,020 - DEBUG - 执行AGV分配局部搜索，当前完工时间: 1989.00
2025-04-08 16:04:33,025 - DEBUG - 局部搜索未能改进当前解
2025-04-08 16:04:33,030 - DEBUG - 执行AGV分配局部搜索，当前完工时间: 1877.00
2025-04-08 16:04:33,033 - DEBUG - 局部搜索未能改进当前解
2025-04-08 16:04:33,034 - DEBUG - ==================================================
2025-04-08 16:04:33,034 - DEBUG - Efficiency Statistics of Local Search :
2025-04-08 16:04:33,034 - DEBUG - Number of attempts: 99
2025-04-08 16:04:33,034 - DEBUG - Average Success Rate: 13.13%
2025-04-08 16:04:33,034 - DEBUG - AGV Local Search Success: 13，Average Improvement: 20.08
2025-04-08 16:04:33,037 - DEBUG - 执行AGV分配局部搜索，当前完工时间: 1836.00
2025-04-08 16:04:33,041 - DEBUG - 局部搜索未能改进当前解
2025-04-08 16:04:33,045 - DEBUG - 执行AGV分配局部搜索，当前完工时间: 1882.00
2025-04-08 16:04:33,049 - DEBUG - 局部搜索未能改进当前解
2025-04-08 16:04:33,052 - DEBUG - 执行AGV分配局部搜索，当前完工时间: 1882.00
2025-04-08 16:04:33,056 - DEBUG - 局部搜索未能改进当前解
2025-04-08 16:04:33,059 - DEBUG - 执行AGV分配局部搜索，当前完工时间: 1910.00
2025-04-08 16:04:33,064 - DEBUG - 局部搜索未能改进当前解
2025-04-08 16:04:33,066 - DEBUG - 执行AGV分配局部搜索，当前完工时间: 1847.00
2025-04-08 16:04:33,070 - DEBUG - 局部搜索未能改进当前解
2025-04-08 16:04:33,074 - DEBUG - 执行AGV分配局部搜索，当前完工时间: 1883.00
2025-04-08 16:04:33,078 - DEBUG - 局部搜索未能改进当前解
2025-04-08 16:04:33,083 - DEBUG - 执行AGV分配局部搜索，当前完工时间: 1922.00
2025-04-08 16:04:33,087 - DEBUG - 局部搜索未能改进当前解
2025-04-08 16:04:33,092 - DEBUG - 执行AGV分配局部搜索，当前完工时间: 1828.00
2025-04-08 16:04:33,095 - DEBUG - 局部搜索未能改进当前解
2025-04-08 16:04:33,100 - DEBUG - 执行AGV分配局部搜索，当前完工时间: 1917.00
2025-04-08 16:04:33,103 - DEBUG - 局部搜索未能改进当前解
2025-04-08 16:04:33,108 - DEBUG - 执行AGV分配局部搜索，当前完工时间: 1936.00
2025-04-08 16:04:33,112 - DEBUG - AGV分配局部搜索成功！完工时间从 1936.00 降低到 1834.00，改进: 102.00 (5.27%)
2025-04-08 16:04:33,115 - DEBUG - 执行AGV分配局部搜索，当前完工时间: 1915.00
2025-04-08 16:04:33,120 - DEBUG - 局部搜索未能改进当前解
2025-04-08 16:04:33,123 - DEBUG - 执行AGV分配局部搜索，当前完工时间: 1863.00
2025-04-08 16:04:33,126 - DEBUG - AGV分配局部搜索成功！完工时间从 1863.00 降低到 1856.00，改进: 7.00 (0.38%)
2025-04-08 16:04:33,130 - DEBUG - 执行AGV分配局部搜索，当前完工时间: 1874.00
2025-04-08 16:04:33,134 - DEBUG - 局部搜索未能改进当前解
2025-04-08 16:04:33,137 - DEBUG - 执行AGV分配局部搜索，当前完工时间: 1893.00
2025-04-08 16:04:33,141 - DEBUG - 局部搜索未能改进当前解
2025-04-08 16:04:33,145 - DEBUG - 执行AGV分配局部搜索，当前完工时间: 1844.00
2025-04-08 16:04:33,147 - DEBUG - 局部搜索未能改进当前解
2025-04-08 16:04:33,152 - DEBUG - 执行AGV分配局部搜索，当前完工时间: 1843.00
2025-04-08 16:04:33,156 - DEBUG - 局部搜索未能改进当前解
2025-04-08 16:04:33,159 - DEBUG - 执行AGV分配局部搜索，当前完工时间: 1810.00
2025-04-08 16:04:33,163 - DEBUG - 局部搜索未能改进当前解
2025-04-08 16:04:33,167 - DEBUG - 执行AGV分配局部搜索，当前完工时间: 2014.00
2025-04-08 16:04:33,171 - DEBUG - AGV分配局部搜索成功！完工时间从 2014.00 降低到 1990.00，改进: 24.00 (1.19%)
2025-04-08 16:04:33,174 - DEBUG - 执行AGV分配局部搜索，当前完工时间: 1798.00
2025-04-08 16:04:33,179 - DEBUG - 局部搜索未能改进当前解
2025-04-08 16:04:33,182 - DEBUG - 执行AGV分配局部搜索，当前完工时间: 1904.00
2025-04-08 16:04:33,186 - DEBUG - 局部搜索未能改进当前解
2025-04-08 16:04:33,189 - DEBUG - 执行AGV分配局部搜索，当前完工时间: 1948.00
2025-04-08 16:04:33,193 - DEBUG - 局部搜索未能改进当前解
2025-04-08 16:04:33,197 - DEBUG - 执行AGV分配局部搜索，当前完工时间: 1910.00
2025-04-08 16:04:33,200 - DEBUG - 局部搜索未能改进当前解
2025-04-08 16:04:33,204 - DEBUG - 执行AGV分配局部搜索，当前完工时间: 1916.00
2025-04-08 16:04:33,208 - DEBUG - 局部搜索未能改进当前解
2025-04-08 16:04:33,212 - DEBUG - 执行AGV分配局部搜索，当前完工时间: 1822.00
2025-04-08 16:04:33,216 - DEBUG - 局部搜索未能改进当前解
2025-04-08 16:04:33,220 - DEBUG - 执行AGV分配局部搜索，当前完工时间: 1870.00
2025-04-08 16:04:33,223 - DEBUG - 局部搜索未能改进当前解
2025-04-08 16:04:33,227 - DEBUG - 执行AGV分配局部搜索，当前完工时间: 1838.00
2025-04-08 16:04:33,231 - DEBUG - 局部搜索未能改进当前解
2025-04-08 16:04:33,235 - DEBUG - 执行AGV分配局部搜索，当前完工时间: 1892.00
2025-04-08 16:04:33,238 - DEBUG - 局部搜索未能改进当前解
2025-04-08 16:04:33,242 - DEBUG - 执行AGV分配局部搜索，当前完工时间: 1888.00
2025-04-08 16:04:33,245 - DEBUG - 局部搜索未能改进当前解
2025-04-08 16:04:33,249 - DEBUG - 执行AGV分配局部搜索，当前完工时间: 1838.00
2025-04-08 16:04:33,252 - DEBUG - 局部搜索未能改进当前解
2025-04-08 16:04:33,256 - DEBUG - 执行AGV分配局部搜索，当前完工时间: 1880.00
2025-04-08 16:04:33,260 - DEBUG - 局部搜索未能改进当前解
2025-04-08 16:04:33,264 - DEBUG - 执行AGV分配局部搜索，当前完工时间: 1894.00
2025-04-08 16:04:33,267 - DEBUG - 局部搜索未能改进当前解
2025-04-08 16:04:33,271 - DEBUG - 执行AGV分配局部搜索，当前完工时间: 1844.00
2025-04-08 16:04:33,274 - DEBUG - 局部搜索未能改进当前解
2025-04-08 16:04:33,278 - DEBUG - 执行AGV分配局部搜索，当前完工时间: 1841.00
2025-04-08 16:04:33,282 - DEBUG - 局部搜索未能改进当前解
2025-04-08 16:04:33,285 - DEBUG - 执行AGV分配局部搜索，当前完工时间: 1946.00
2025-04-08 16:04:33,288 - DEBUG - 局部搜索未能改进当前解
2025-04-08 16:04:33,292 - DEBUG - 执行AGV分配局部搜索，当前完工时间: 1896.00
2025-04-08 16:04:33,297 - DEBUG - 局部搜索未能改进当前解
2025-04-08 16:04:33,300 - DEBUG - 执行AGV分配局部搜索，当前完工时间: 1896.00
2025-04-08 16:04:33,303 - DEBUG - 局部搜索未能改进当前解
2025-04-08 16:04:33,307 - DEBUG - 执行AGV分配局部搜索，当前完工时间: 1866.00
2025-04-08 16:04:33,311 - DEBUG - 局部搜索未能改进当前解
2025-04-08 16:04:33,314 - DEBUG - 执行AGV分配局部搜索，当前完工时间: 1882.00
2025-04-08 16:04:33,318 - DEBUG - AGV分配局部搜索成功！完工时间从 1882.00 降低到 1879.00，改进: 3.00 (0.16%)
2025-04-08 16:04:33,322 - DEBUG - 执行AGV分配局部搜索，当前完工时间: 1832.00
2025-04-08 16:04:33,326 - DEBUG - 局部搜索未能改进当前解
2025-04-08 16:04:33,331 - DEBUG - 执行AGV分配局部搜索，当前完工时间: 1837.00
2025-04-08 16:04:33,334 - DEBUG - 局部搜索未能改进当前解
2025-04-08 16:04:33,337 - DEBUG - 执行AGV分配局部搜索，当前完工时间: 1895.00
2025-04-08 16:04:33,342 - DEBUG - 局部搜索未能改进当前解
2025-04-08 16:04:33,345 - DEBUG - 执行AGV分配局部搜索，当前完工时间: 2025.00
2025-04-08 16:04:33,349 - DEBUG - AGV分配局部搜索成功！完工时间从 2025.00 降低到 2012.00，改进: 13.00 (0.64%)
2025-04-08 16:04:33,353 - DEBUG - 执行AGV分配局部搜索，当前完工时间: 1836.00
2025-04-08 16:04:33,357 - DEBUG - 局部搜索未能改进当前解
2025-04-08 16:04:33,361 - DEBUG - 执行AGV分配局部搜索，当前完工时间: 1841.00
2025-04-08 16:04:33,364 - DEBUG - 局部搜索未能改进当前解
2025-04-08 16:04:33,368 - DEBUG - 执行AGV分配局部搜索，当前完工时间: 1886.00
2025-04-08 16:04:33,371 - DEBUG - 局部搜索未能改进当前解
2025-04-08 16:04:33,375 - DEBUG - 执行AGV分配局部搜索，当前完工时间: 1937.00
2025-04-08 16:04:33,379 - DEBUG - AGV分配局部搜索成功！完工时间从 1937.00 降低到 1903.00，改进: 34.00 (1.76%)
2025-04-08 16:04:33,384 - DEBUG - 执行AGV分配局部搜索，当前完工时间: 1907.00
2025-04-08 16:04:33,387 - DEBUG - 局部搜索未能改进当前解
2025-04-08 16:04:33,391 - DEBUG - 执行AGV分配局部搜索，当前完工时间: 1852.00
2025-04-08 16:04:33,394 - DEBUG - 局部搜索未能改进当前解
2025-04-08 16:04:33,398 - DEBUG - 执行AGV分配局部搜索，当前完工时间: 1866.00
2025-04-08 16:04:33,402 - DEBUG - 局部搜索未能改进当前解
2025-04-08 16:04:33,405 - DEBUG - 执行AGV分配局部搜索，当前完工时间: 1842.00
2025-04-08 16:04:33,409 - DEBUG - 局部搜索未能改进当前解
2025-04-08 16:04:33,414 - DEBUG - 执行AGV分配局部搜索，当前完工时间: 1808.00
2025-04-08 16:04:33,416 - DEBUG - 局部搜索未能改进当前解
2025-04-08 16:04:33,421 - DEBUG - 执行AGV分配局部搜索，当前完工时间: 1875.00
2025-04-08 16:04:33,425 - DEBUG - 局部搜索未能改进当前解
2025-04-08 16:04:33,429 - DEBUG - 执行AGV分配局部搜索，当前完工时间: 1890.00
2025-04-08 16:04:33,432 - DEBUG - 局部搜索未能改进当前解
2025-04-08 16:04:33,436 - DEBUG - 执行AGV分配局部搜索，当前完工时间: 1893.00
2025-04-08 16:04:33,440 - DEBUG - 局部搜索未能改进当前解
2025-04-08 16:04:33,443 - DEBUG - 执行AGV分配局部搜索，当前完工时间: 1788.00
2025-04-08 16:04:33,447 - DEBUG - 局部搜索未能改进当前解
2025-04-08 16:04:33,451 - DEBUG - 执行AGV分配局部搜索，当前完工时间: 1819.00
2025-04-08 16:04:33,455 - DEBUG - 局部搜索未能改进当前解
2025-04-08 16:04:33,458 - DEBUG - 执行AGV分配局部搜索，当前完工时间: 1839.00
2025-04-08 16:04:33,462 - DEBUG - 局部搜索未能改进当前解
2025-04-08 16:04:33,466 - DEBUG - 执行AGV分配局部搜索，当前完工时间: 2008.00
2025-04-08 16:04:33,470 - DEBUG - 局部搜索未能改进当前解
2025-04-08 16:04:33,475 - DEBUG - 执行AGV分配局部搜索，当前完工时间: 1874.00
2025-04-08 16:04:33,479 - DEBUG - 局部搜索未能改进当前解
2025-04-08 16:04:33,483 - DEBUG - 执行AGV分配局部搜索，当前完工时间: 1987.00
2025-04-08 16:04:33,487 - DEBUG - 局部搜索未能改进当前解
2025-04-08 16:04:33,490 - DEBUG - 执行AGV分配局部搜索，当前完工时间: 1872.00
2025-04-08 16:04:33,493 - DEBUG - 局部搜索未能改进当前解
2025-04-08 16:04:33,497 - DEBUG - 执行AGV分配局部搜索，当前完工时间: 1874.00
2025-04-08 16:04:33,502 - DEBUG - 局部搜索未能改进当前解
2025-04-08 16:04:33,505 - DEBUG - 执行AGV分配局部搜索，当前完工时间: 1910.00
2025-04-08 16:04:33,509 - DEBUG - 局部搜索未能改进当前解
2025-04-08 16:04:33,513 - DEBUG - 执行AGV分配局部搜索，当前完工时间: 1811.00
2025-04-08 16:04:33,517 - DEBUG - 局部搜索未能改进当前解
2025-04-08 16:04:33,520 - DEBUG - 执行AGV分配局部搜索，当前完工时间: 1832.00
2025-04-08 16:04:33,524 - DEBUG - 局部搜索未能改进当前解
2025-04-08 16:04:33,526 - DEBUG - 执行AGV分配局部搜索，当前完工时间: 1836.00
2025-04-08 16:04:33,531 - DEBUG - 局部搜索未能改进当前解
2025-04-08 16:04:33,535 - DEBUG - 执行AGV分配局部搜索，当前完工时间: 1796.00
2025-04-08 16:04:33,538 - DEBUG - 局部搜索未能改进当前解
2025-04-08 16:04:33,543 - DEBUG - 执行AGV分配局部搜索，当前完工时间: 1849.00
2025-04-08 16:04:33,546 - DEBUG - 局部搜索未能改进当前解
2025-04-08 16:04:33,551 - DEBUG - 执行AGV分配局部搜索，当前完工时间: 1824.00
2025-04-08 16:04:33,554 - DEBUG - 局部搜索未能改进当前解
2025-04-08 16:04:33,558 - DEBUG - 执行AGV分配局部搜索，当前完工时间: 1835.00
2025-04-08 16:04:33,562 - DEBUG - AGV分配局部搜索成功！完工时间从 1835.00 降低到 1814.00，改进: 21.00 (1.14%)
2025-04-08 16:04:33,566 - DEBUG - 执行AGV分配局部搜索，当前完工时间: 1858.00
2025-04-08 16:04:33,569 - DEBUG - 局部搜索未能改进当前解
2025-04-08 16:04:33,573 - DEBUG - 执行AGV分配局部搜索，当前完工时间: 1885.00
2025-04-08 16:04:33,577 - DEBUG - 局部搜索未能改进当前解
2025-04-08 16:04:33,580 - DEBUG - 执行AGV分配局部搜索，当前完工时间: 1860.00
2025-04-08 16:04:33,584 - DEBUG - 局部搜索未能改进当前解
2025-04-08 16:04:33,588 - DEBUG - 执行AGV分配局部搜索，当前完工时间: 1862.00
2025-04-08 16:04:33,593 - DEBUG - 局部搜索未能改进当前解
2025-04-08 16:04:33,597 - DEBUG - 执行AGV分配局部搜索，当前完工时间: 1975.00
2025-04-08 16:04:33,601 - DEBUG - AGV分配局部搜索成功！完工时间从 1975.00 降低到 1911.00，改进: 64.00 (3.24%)
2025-04-08 16:04:33,604 - DEBUG - 执行AGV分配局部搜索，当前完工时间: 1936.00
2025-04-08 16:04:33,608 - DEBUG - AGV分配局部搜索成功！完工时间从 1936.00 降低到 1902.00，改进: 34.00 (1.76%)
2025-04-08 16:04:33,612 - DEBUG - 执行AGV分配局部搜索，当前完工时间: 1930.00
2025-04-08 16:04:33,616 - DEBUG - 局部搜索未能改进当前解
2025-04-08 16:04:33,619 - DEBUG - 执行AGV分配局部搜索，当前完工时间: 1878.00
2025-04-08 16:04:33,623 - DEBUG - 局部搜索未能改进当前解
2025-04-08 16:04:33,627 - DEBUG - 执行AGV分配局部搜索，当前完工时间: 1880.00
2025-04-08 16:04:33,631 - DEBUG - 局部搜索未能改进当前解
2025-04-08 16:04:33,635 - DEBUG - 执行AGV分配局部搜索，当前完工时间: 1820.00
2025-04-08 16:04:33,638 - DEBUG - 局部搜索未能改进当前解
2025-04-08 16:04:33,642 - DEBUG - 执行AGV分配局部搜索，当前完工时间: 1848.00
2025-04-08 16:04:33,646 - DEBUG - 局部搜索未能改进当前解
2025-04-08 16:04:33,649 - DEBUG - 执行AGV分配局部搜索，当前完工时间: 1946.00
2025-04-08 16:04:33,653 - DEBUG - 局部搜索未能改进当前解
2025-04-08 16:04:33,657 - DEBUG - 执行AGV分配局部搜索，当前完工时间: 1792.00
2025-04-08 16:04:33,660 - DEBUG - 局部搜索未能改进当前解
2025-04-08 16:04:33,665 - DEBUG - 执行AGV分配局部搜索，当前完工时间: 1888.00
2025-04-08 16:04:33,668 - DEBUG - 局部搜索未能改进当前解
2025-04-08 16:04:33,672 - DEBUG - 执行AGV分配局部搜索，当前完工时间: 1846.00
2025-04-08 16:04:33,676 - DEBUG - 局部搜索未能改进当前解
2025-04-08 16:04:33,680 - DEBUG - 执行AGV分配局部搜索，当前完工时间: 1856.00
2025-04-08 16:04:33,683 - DEBUG - 局部搜索未能改进当前解
2025-04-08 16:04:33,688 - DEBUG - 执行AGV分配局部搜索，当前完工时间: 1810.00
2025-04-08 16:04:33,691 - DEBUG - 局部搜索未能改进当前解
2025-04-08 16:04:33,695 - DEBUG - 执行AGV分配局部搜索，当前完工时间: 1875.00
2025-04-08 16:04:33,699 - DEBUG - AGV分配局部搜索成功！完工时间从 1875.00 降低到 1866.00，改进: 9.00 (0.48%)
2025-04-08 16:04:33,703 - DEBUG - 执行AGV分配局部搜索，当前完工时间: 1920.00
2025-04-08 16:04:33,706 - DEBUG - 局部搜索未能改进当前解
2025-04-08 16:04:33,710 - DEBUG - 执行AGV分配局部搜索，当前完工时间: 1923.00
2025-04-08 16:04:33,714 - DEBUG - 局部搜索未能改进当前解
2025-04-08 16:04:33,718 - DEBUG - 执行AGV分配局部搜索，当前完工时间: 1906.00
2025-04-08 16:04:33,720 - DEBUG - 局部搜索未能改进当前解
2025-04-08 16:04:33,725 - DEBUG - 执行AGV分配局部搜索，当前完工时间: 1986.00
2025-04-08 16:04:33,729 - DEBUG - 局部搜索未能改进当前解
2025-04-08 16:04:33,733 - DEBUG - 执行AGV分配局部搜索，当前完工时间: 1879.00
2025-04-08 16:04:33,736 - DEBUG - 局部搜索未能改进当前解
2025-04-08 16:04:33,740 - DEBUG - 执行AGV分配局部搜索，当前完工时间: 1848.00
2025-04-08 16:04:33,743 - DEBUG - 局部搜索未能改进当前解
2025-04-08 16:04:33,747 - DEBUG - 执行AGV分配局部搜索，当前完工时间: 1838.00
2025-04-08 16:04:33,751 - DEBUG - 局部搜索未能改进当前解
2025-04-08 16:04:33,755 - DEBUG - 执行AGV分配局部搜索，当前完工时间: 1849.00
2025-04-08 16:04:33,758 - DEBUG - 局部搜索未能改进当前解
2025-04-08 16:04:33,762 - DEBUG - 执行AGV分配局部搜索，当前完工时间: 1872.00
2025-04-08 16:04:33,765 - DEBUG - 局部搜索未能改进当前解
2025-04-08 16:04:33,769 - DEBUG - 执行AGV分配局部搜索，当前完工时间: 1842.00
2025-04-08 16:04:33,773 - DEBUG - 局部搜索未能改进当前解
2025-04-08 16:04:33,776 - DEBUG - 执行AGV分配局部搜索，当前完工时间: 1836.00
2025-04-08 16:04:33,780 - DEBUG - 局部搜索未能改进当前解
2025-04-08 16:04:33,780 - DEBUG - ==================================================
2025-04-08 16:04:33,780 - DEBUG - Efficiency Statistics of Local Search :
2025-04-08 16:04:33,780 - DEBUG - Number of attempts: 99
2025-04-08 16:04:33,780 - DEBUG - Average Success Rate: 10.10%
2025-04-08 16:04:33,780 - DEBUG - AGV Local Search Success: 10，Average Improvement: 31.10
2025-04-08 16:04:33,784 - DEBUG - 执行AGV分配局部搜索，当前完工时间: 1806.00
2025-04-08 16:04:33,787 - DEBUG - 局部搜索未能改进当前解
2025-04-08 16:04:33,791 - DEBUG - 执行AGV分配局部搜索，当前完工时间: 1893.00
2025-04-08 16:04:33,795 - DEBUG - 局部搜索未能改进当前解
2025-04-08 16:04:33,799 - DEBUG - 执行AGV分配局部搜索，当前完工时间: 1950.00
2025-04-08 16:04:33,802 - DEBUG - 局部搜索未能改进当前解
2025-04-08 16:04:33,806 - DEBUG - 执行AGV分配局部搜索，当前完工时间: 1872.00
2025-04-08 16:04:33,810 - DEBUG - 局部搜索未能改进当前解
2025-04-08 16:04:33,812 - DEBUG - 执行AGV分配局部搜索，当前完工时间: 1988.00
2025-04-08 16:04:33,817 - DEBUG - 局部搜索未能改进当前解
2025-04-08 16:04:33,820 - DEBUG - 执行AGV分配局部搜索，当前完工时间: 1798.00
2025-04-08 16:04:33,824 - DEBUG - 局部搜索未能改进当前解
2025-04-08 16:04:33,828 - DEBUG - 执行AGV分配局部搜索，当前完工时间: 1924.00
2025-04-08 16:04:33,832 - DEBUG - 局部搜索未能改进当前解
2025-04-08 16:04:33,835 - DEBUG - 执行AGV分配局部搜索，当前完工时间: 1819.00
2025-04-08 16:04:33,839 - DEBUG - 局部搜索未能改进当前解
2025-04-08 16:04:33,843 - DEBUG - 执行AGV分配局部搜索，当前完工时间: 1934.00
2025-04-08 16:04:33,847 - DEBUG - 局部搜索未能改进当前解
2025-04-08 16:04:33,851 - DEBUG - 执行AGV分配局部搜索，当前完工时间: 1998.00
2025-04-08 16:04:33,855 - DEBUG - 局部搜索未能改进当前解
2025-04-08 16:04:33,859 - DEBUG - 执行AGV分配局部搜索，当前完工时间: 1878.00
2025-04-08 16:04:33,863 - DEBUG - AGV分配局部搜索成功！完工时间从 1878.00 降低到 1868.00，改进: 10.00 (0.53%)
2025-04-08 16:04:33,866 - DEBUG - 执行AGV分配局部搜索，当前完工时间: 1861.00
2025-04-08 16:04:33,870 - DEBUG - 局部搜索未能改进当前解
2025-04-08 16:04:33,873 - DEBUG - 执行AGV分配局部搜索，当前完工时间: 1917.00
2025-04-08 16:04:33,877 - DEBUG - 局部搜索未能改进当前解
2025-04-08 16:04:33,881 - DEBUG - 执行AGV分配局部搜索，当前完工时间: 1806.00
2025-04-08 16:04:33,885 - DEBUG - 局部搜索未能改进当前解
2025-04-08 16:04:33,888 - DEBUG - 执行AGV分配局部搜索，当前完工时间: 1901.00
2025-04-08 16:04:33,892 - DEBUG - 局部搜索未能改进当前解
2025-04-08 16:04:33,896 - DEBUG - 执行AGV分配局部搜索，当前完工时间: 1807.00
2025-04-08 16:04:33,899 - DEBUG - 局部搜索未能改进当前解
2025-04-08 16:04:33,903 - DEBUG - 执行AGV分配局部搜索，当前完工时间: 1862.00
2025-04-08 16:04:33,907 - DEBUG - 局部搜索未能改进当前解
2025-04-08 16:04:33,910 - DEBUG - 执行AGV分配局部搜索，当前完工时间: 1879.00
2025-04-08 16:04:33,915 - DEBUG - 局部搜索未能改进当前解
2025-04-08 16:04:33,918 - DEBUG - 执行AGV分配局部搜索，当前完工时间: 1806.00
2025-04-08 16:04:33,922 - DEBUG - 局部搜索未能改进当前解
2025-04-08 16:04:33,925 - DEBUG - 执行AGV分配局部搜索，当前完工时间: 1780.00
2025-04-08 16:04:33,929 - DEBUG - 局部搜索未能改进当前解
2025-04-08 16:04:33,933 - DEBUG - 执行AGV分配局部搜索，当前完工时间: 1809.00
2025-04-08 16:04:33,937 - DEBUG - 局部搜索未能改进当前解
2025-04-08 16:04:33,941 - DEBUG - 执行AGV分配局部搜索，当前完工时间: 1942.00
2025-04-08 16:04:33,944 - DEBUG - 局部搜索未能改进当前解
2025-04-08 16:04:33,948 - DEBUG - 执行AGV分配局部搜索，当前完工时间: 1832.00
2025-04-08 16:04:33,951 - DEBUG - 局部搜索未能改进当前解
2025-04-08 16:04:33,955 - DEBUG - 执行AGV分配局部搜索，当前完工时间: 1904.00
2025-04-08 16:04:33,959 - DEBUG - 局部搜索未能改进当前解
2025-04-08 16:04:33,962 - DEBUG - 执行AGV分配局部搜索，当前完工时间: 1990.00
2025-04-08 16:04:33,967 - DEBUG - 局部搜索未能改进当前解
2025-04-08 16:04:33,971 - DEBUG - 执行AGV分配局部搜索，当前完工时间: 1887.00
2025-04-08 16:04:33,975 - DEBUG - 局部搜索未能改进当前解
2025-04-08 16:04:33,978 - DEBUG - 执行AGV分配局部搜索，当前完工时间: 1808.00
2025-04-08 16:04:33,981 - DEBUG - 局部搜索未能改进当前解
2025-04-08 16:04:33,985 - DEBUG - 执行AGV分配局部搜索，当前完工时间: 1828.00
2025-04-08 16:04:33,989 - DEBUG - 局部搜索未能改进当前解
2025-04-08 16:04:33,992 - DEBUG - 执行AGV分配局部搜索，当前完工时间: 1873.00
2025-04-08 16:04:33,995 - DEBUG - 局部搜索未能改进当前解
2025-04-08 16:04:34,000 - DEBUG - 执行AGV分配局部搜索，当前完工时间: 1816.00
2025-04-08 16:04:34,003 - DEBUG - 局部搜索未能改进当前解
2025-04-08 16:04:34,007 - DEBUG - 执行AGV分配局部搜索，当前完工时间: 1929.00
2025-04-08 16:04:34,012 - DEBUG - 局部搜索未能改进当前解
2025-04-08 16:04:34,015 - DEBUG - 执行AGV分配局部搜索，当前完工时间: 1910.00
2025-04-08 16:04:34,019 - DEBUG - AGV分配局部搜索成功！完工时间从 1910.00 降低到 1892.00，改进: 18.00 (0.94%)
2025-04-08 16:04:34,022 - DEBUG - 执行AGV分配局部搜索，当前完工时间: 1822.00
2025-04-08 16:04:34,027 - DEBUG - 局部搜索未能改进当前解
2025-04-08 16:04:34,031 - DEBUG - 执行AGV分配局部搜索，当前完工时间: 1964.00
2025-04-08 16:04:34,034 - DEBUG - 局部搜索未能改进当前解
2025-04-08 16:04:34,038 - DEBUG - 执行AGV分配局部搜索，当前完工时间: 1848.00
2025-04-08 16:04:34,042 - DEBUG - 局部搜索未能改进当前解
2025-04-08 16:04:34,045 - DEBUG - 执行AGV分配局部搜索，当前完工时间: 1902.00
2025-04-08 16:04:34,050 - DEBUG - 局部搜索未能改进当前解
2025-04-08 16:04:34,053 - DEBUG - 执行AGV分配局部搜索，当前完工时间: 1842.00
2025-04-08 16:04:34,057 - DEBUG - 局部搜索未能改进当前解
2025-04-08 16:04:34,061 - DEBUG - 执行AGV分配局部搜索，当前完工时间: 2069.00
2025-04-08 16:04:34,065 - DEBUG - 局部搜索未能改进当前解
2025-04-08 16:04:34,069 - DEBUG - 执行AGV分配局部搜索，当前完工时间: 1838.00
2025-04-08 16:04:34,072 - DEBUG - 局部搜索未能改进当前解
2025-04-08 16:04:34,076 - DEBUG - 执行AGV分配局部搜索，当前完工时间: 1901.00
2025-04-08 16:04:34,082 - DEBUG - 局部搜索未能改进当前解
2025-04-08 16:04:34,086 - DEBUG - 执行AGV分配局部搜索，当前完工时间: 1810.00
2025-04-08 16:04:34,088 - DEBUG - 局部搜索未能改进当前解
2025-04-08 16:04:34,093 - DEBUG - 执行AGV分配局部搜索，当前完工时间: 1798.00
2025-04-08 16:04:34,097 - DEBUG - 局部搜索未能改进当前解
2025-04-08 16:04:34,101 - DEBUG - 执行AGV分配局部搜索，当前完工时间: 1840.00
2025-04-08 16:04:34,104 - DEBUG - 局部搜索未能改进当前解
2025-04-08 16:04:34,109 - DEBUG - 执行AGV分配局部搜索，当前完工时间: 1826.00
2025-04-08 16:04:34,112 - DEBUG - 局部搜索未能改进当前解
2025-04-08 16:04:34,116 - DEBUG - 执行AGV分配局部搜索，当前完工时间: 1818.00
2025-04-08 16:04:34,119 - DEBUG - 局部搜索未能改进当前解
2025-04-08 16:04:34,123 - DEBUG - 执行AGV分配局部搜索，当前完工时间: 1968.00
2025-04-08 16:04:34,127 - DEBUG - 局部搜索未能改进当前解
2025-04-08 16:04:34,130 - DEBUG - 执行AGV分配局部搜索，当前完工时间: 1838.00
2025-04-08 16:04:34,134 - DEBUG - 局部搜索未能改进当前解
2025-04-08 16:04:34,137 - DEBUG - 执行AGV分配局部搜索，当前完工时间: 1921.00
2025-04-08 16:04:34,142 - DEBUG - AGV分配局部搜索成功！完工时间从 1921.00 降低到 1891.00，改进: 30.00 (1.56%)
2025-04-08 16:04:34,145 - DEBUG - 执行AGV分配局部搜索，当前完工时间: 1850.00
2025-04-08 16:04:34,149 - DEBUG - AGV分配局部搜索成功！完工时间从 1850.00 降低到 1832.00，改进: 18.00 (0.97%)
2025-04-08 16:04:34,153 - DEBUG - 执行AGV分配局部搜索，当前完工时间: 1798.00
2025-04-08 16:04:34,157 - DEBUG - 局部搜索未能改进当前解
2025-04-08 16:04:34,160 - DEBUG - 执行AGV分配局部搜索，当前完工时间: 1867.00
2025-04-08 16:04:34,162 - DEBUG - 局部搜索未能改进当前解
2025-04-08 16:04:34,167 - DEBUG - 执行AGV分配局部搜索，当前完工时间: 1836.00
2025-04-08 16:04:34,171 - DEBUG - 局部搜索未能改进当前解
2025-04-08 16:04:34,175 - DEBUG - 执行AGV分配局部搜索，当前完工时间: 1866.00
2025-04-08 16:04:34,178 - DEBUG - AGV分配局部搜索成功！完工时间从 1866.00 降低到 1836.00，改进: 30.00 (1.61%)
2025-04-08 16:04:34,182 - DEBUG - 执行AGV分配局部搜索，当前完工时间: 1866.00
2025-04-08 16:04:34,186 - DEBUG - 局部搜索未能改进当前解
2025-04-08 16:04:34,188 - DEBUG - 执行AGV分配局部搜索，当前完工时间: 1821.00
2025-04-08 16:04:34,193 - DEBUG - 局部搜索未能改进当前解
2025-04-08 16:04:34,197 - DEBUG - 执行AGV分配局部搜索，当前完工时间: 1865.00
2025-04-08 16:04:34,201 - DEBUG - AGV分配局部搜索成功！完工时间从 1865.00 降低到 1847.00，改进: 18.00 (0.97%)
2025-04-08 16:04:34,204 - DEBUG - 执行AGV分配局部搜索，当前完工时间: 1894.00
2025-04-08 16:04:34,208 - DEBUG - 局部搜索未能改进当前解
2025-04-08 16:04:34,212 - DEBUG - 执行AGV分配局部搜索，当前完工时间: 1942.00
2025-04-08 16:04:34,215 - DEBUG - 局部搜索未能改进当前解
2025-04-08 16:04:34,219 - DEBUG - 执行AGV分配局部搜索，当前完工时间: 1865.00
2025-04-08 16:04:34,222 - DEBUG - AGV分配局部搜索成功！完工时间从 1865.00 降低到 1827.00，改进: 38.00 (2.04%)
2025-04-08 16:04:34,227 - DEBUG - 执行AGV分配局部搜索，当前完工时间: 1872.00
2025-04-08 16:04:34,230 - DEBUG - 局部搜索未能改进当前解
2025-04-08 16:04:34,234 - DEBUG - 执行AGV分配局部搜索，当前完工时间: 1928.00
2025-04-08 16:04:34,237 - DEBUG - 局部搜索未能改进当前解
2025-04-08 16:04:34,241 - DEBUG - 执行AGV分配局部搜索，当前完工时间: 1888.00
2025-04-08 16:04:34,244 - DEBUG - 局部搜索未能改进当前解
2025-04-08 16:04:34,248 - DEBUG - 执行AGV分配局部搜索，当前完工时间: 1848.00
2025-04-08 16:04:34,251 - DEBUG - 局部搜索未能改进当前解
2025-04-08 16:04:34,256 - DEBUG - 执行AGV分配局部搜索，当前完工时间: 1913.00
2025-04-08 16:04:34,259 - DEBUG - 局部搜索未能改进当前解
2025-04-08 16:04:34,262 - DEBUG - 执行AGV分配局部搜索，当前完工时间: 1935.00
2025-04-08 16:04:34,266 - DEBUG - 局部搜索未能改进当前解
2025-04-08 16:04:34,271 - DEBUG - 执行AGV分配局部搜索，当前完工时间: 1926.00
2025-04-08 16:04:34,275 - DEBUG - 局部搜索未能改进当前解
2025-04-08 16:04:34,279 - DEBUG - 执行AGV分配局部搜索，当前完工时间: 1838.00
2025-04-08 16:04:34,283 - DEBUG - 局部搜索未能改进当前解
2025-04-08 16:04:34,287 - DEBUG - 执行AGV分配局部搜索，当前完工时间: 1864.00
2025-04-08 16:04:34,291 - DEBUG - 局部搜索未能改进当前解
2025-04-08 16:04:34,295 - DEBUG - 执行AGV分配局部搜索，当前完工时间: 1873.00
2025-04-08 16:04:34,299 - DEBUG - 局部搜索未能改进当前解
2025-04-08 16:04:34,302 - DEBUG - 执行AGV分配局部搜索，当前完工时间: 1824.00
2025-04-08 16:04:34,305 - DEBUG - 局部搜索未能改进当前解
2025-04-08 16:04:34,309 - DEBUG - 执行AGV分配局部搜索，当前完工时间: 1819.00
2025-04-08 16:04:34,312 - DEBUG - 局部搜索未能改进当前解
2025-04-08 16:04:34,316 - DEBUG - 执行AGV分配局部搜索，当前完工时间: 1843.00
2025-04-08 16:04:34,320 - DEBUG - 局部搜索未能改进当前解
2025-04-08 16:04:34,323 - DEBUG - 执行AGV分配局部搜索，当前完工时间: 1810.00
2025-04-08 16:04:34,326 - DEBUG - 局部搜索未能改进当前解
2025-04-08 16:04:34,330 - DEBUG - 执行AGV分配局部搜索，当前完工时间: 1925.00
2025-04-08 16:04:34,333 - DEBUG - 局部搜索未能改进当前解
2025-04-08 16:04:34,337 - DEBUG - 执行AGV分配局部搜索，当前完工时间: 1810.00
2025-04-08 16:04:34,341 - DEBUG - 局部搜索未能改进当前解
2025-04-08 16:04:34,344 - DEBUG - 执行AGV分配局部搜索，当前完工时间: 1876.00
2025-04-08 16:04:34,347 - DEBUG - 局部搜索未能改进当前解
2025-04-08 16:04:34,352 - DEBUG - 执行AGV分配局部搜索，当前完工时间: 1818.00
2025-04-08 16:04:34,356 - DEBUG - 局部搜索未能改进当前解
2025-04-08 16:04:34,359 - DEBUG - 执行AGV分配局部搜索，当前完工时间: 1902.00
2025-04-08 16:04:34,362 - DEBUG - 局部搜索未能改进当前解
2025-04-08 16:04:34,366 - DEBUG - 执行AGV分配局部搜索，当前完工时间: 1863.00
2025-04-08 16:04:34,371 - DEBUG - 局部搜索未能改进当前解
2025-04-08 16:04:34,375 - DEBUG - 执行AGV分配局部搜索，当前完工时间: 1894.00
2025-04-08 16:04:34,378 - DEBUG - 局部搜索未能改进当前解
2025-04-08 16:04:34,383 - DEBUG - 执行AGV分配局部搜索，当前完工时间: 1917.00
2025-04-08 16:04:34,387 - DEBUG - 局部搜索未能改进当前解
2025-04-08 16:04:34,390 - DEBUG - 执行AGV分配局部搜索，当前完工时间: 1806.00
2025-04-08 16:04:34,394 - DEBUG - 局部搜索未能改进当前解
2025-04-08 16:04:34,397 - DEBUG - 执行AGV分配局部搜索，当前完工时间: 1836.00
2025-04-08 16:04:34,401 - DEBUG - 局部搜索未能改进当前解
2025-04-08 16:04:34,405 - DEBUG - 执行AGV分配局部搜索，当前完工时间: 1856.00
2025-04-08 16:04:34,409 - DEBUG - 局部搜索未能改进当前解
2025-04-08 16:04:34,413 - DEBUG - 执行AGV分配局部搜索，当前完工时间: 1920.00
2025-04-08 16:04:34,416 - DEBUG - 局部搜索未能改进当前解
2025-04-08 16:04:34,421 - DEBUG - 执行AGV分配局部搜索，当前完工时间: 1881.00
2025-04-08 16:04:34,425 - DEBUG - 局部搜索未能改进当前解
2025-04-08 16:04:34,428 - DEBUG - 执行AGV分配局部搜索，当前完工时间: 1892.00
2025-04-08 16:04:34,432 - DEBUG - 局部搜索未能改进当前解
2025-04-08 16:04:34,435 - DEBUG - 执行AGV分配局部搜索，当前完工时间: 1788.00
2025-04-08 16:04:34,439 - DEBUG - 局部搜索未能改进当前解
2025-04-08 16:04:34,443 - DEBUG - 执行AGV分配局部搜索，当前完工时间: 1874.00
2025-04-08 16:04:34,446 - DEBUG - 局部搜索未能改进当前解
2025-04-08 16:04:34,451 - DEBUG - 执行AGV分配局部搜索，当前完工时间: 1822.00
2025-04-08 16:04:34,455 - DEBUG - 局部搜索未能改进当前解
2025-04-08 16:04:34,458 - DEBUG - 执行AGV分配局部搜索，当前完工时间: 1882.00
2025-04-08 16:04:34,462 - DEBUG - 局部搜索未能改进当前解
2025-04-08 16:04:34,466 - DEBUG - 执行AGV分配局部搜索，当前完工时间: 1804.00
2025-04-08 16:04:34,470 - DEBUG - 局部搜索未能改进当前解
2025-04-08 16:04:34,474 - DEBUG - 执行AGV分配局部搜索，当前完工时间: 1819.00
2025-04-08 16:04:34,477 - DEBUG - 局部搜索未能改进当前解
2025-04-08 16:04:34,481 - DEBUG - 执行AGV分配局部搜索，当前完工时间: 1893.00
2025-04-08 16:04:34,485 - DEBUG - 局部搜索未能改进当前解
2025-04-08 16:04:34,489 - DEBUG - 执行AGV分配局部搜索，当前完工时间: 1792.00
2025-04-08 16:04:34,493 - DEBUG - 局部搜索未能改进当前解
2025-04-08 16:04:34,496 - DEBUG - 执行AGV分配局部搜索，当前完工时间: 1862.00
2025-04-08 16:04:34,500 - DEBUG - AGV分配局部搜索成功！完工时间从 1862.00 降低到 1828.00，改进: 34.00 (1.83%)
2025-04-08 16:04:34,504 - DEBUG - 执行AGV分配局部搜索，当前完工时间: 1896.00
2025-04-08 16:04:34,507 - DEBUG - 局部搜索未能改进当前解
2025-04-08 16:04:34,512 - DEBUG - 执行AGV分配局部搜索，当前完工时间: 1813.00
2025-04-08 16:04:34,516 - DEBUG - 局部搜索未能改进当前解
2025-04-08 16:04:34,519 - DEBUG - 执行AGV分配局部搜索，当前完工时间: 1896.00
2025-04-08 16:04:34,523 - DEBUG - 局部搜索未能改进当前解
2025-04-08 16:04:34,523 - DEBUG - ==================================================
2025-04-08 16:04:34,523 - DEBUG - Efficiency Statistics of Local Search :
2025-04-08 16:04:34,523 - DEBUG - Number of attempts: 99
2025-04-08 16:04:34,523 - DEBUG - Average Success Rate: 8.08%
2025-04-08 16:04:34,523 - DEBUG - AGV Local Search Success: 8，Average Improvement: 24.50
2025-04-08 16:04:34,526 - DEBUG - 执行AGV分配局部搜索，当前完工时间: 1913.00
2025-04-08 16:04:34,531 - DEBUG - 局部搜索未能改进当前解
2025-04-08 16:04:34,535 - DEBUG - 执行AGV分配局部搜索，当前完工时间: 1854.00
2025-04-08 16:04:34,538 - DEBUG - AGV分配局部搜索成功！完工时间从 1854.00 降低到 1818.00，改进: 36.00 (1.94%)
2025-04-08 16:04:34,542 - DEBUG - 执行AGV分配局部搜索，当前完工时间: 1854.00
2025-04-08 16:04:34,545 - DEBUG - 局部搜索未能改进当前解
2025-04-08 16:04:34,550 - DEBUG - 执行AGV分配局部搜索，当前完工时间: 2016.00
2025-04-08 16:04:34,554 - DEBUG - AGV分配局部搜索成功！完工时间从 2016.00 降低到 2002.00，改进: 14.00 (0.69%)
2025-04-08 16:04:34,557 - DEBUG - 执行AGV分配局部搜索，当前完工时间: 1810.00
2025-04-08 16:04:34,560 - DEBUG - 局部搜索未能改进当前解
2025-04-08 16:04:34,564 - DEBUG - 执行AGV分配局部搜索，当前完工时间: 1895.00
2025-04-08 16:04:34,568 - DEBUG - 局部搜索未能改进当前解
2025-04-08 16:04:34,573 - DEBUG - 执行AGV分配局部搜索，当前完工时间: 1788.00
2025-04-08 16:04:34,576 - DEBUG - 局部搜索未能改进当前解
2025-04-08 16:04:34,580 - DEBUG - 执行AGV分配局部搜索，当前完工时间: 1828.00
2025-04-08 16:04:34,584 - DEBUG - 局部搜索未能改进当前解
2025-04-08 16:04:34,588 - DEBUG - 执行AGV分配局部搜索，当前完工时间: 1926.00
2025-04-08 16:04:34,592 - DEBUG - 局部搜索未能改进当前解
2025-04-08 16:04:34,595 - DEBUG - 执行AGV分配局部搜索，当前完工时间: 1848.00
2025-04-08 16:04:34,599 - DEBUG - 局部搜索未能改进当前解
2025-04-08 16:04:34,603 - DEBUG - 执行AGV分配局部搜索，当前完工时间: 1918.00
2025-04-08 16:04:34,607 - DEBUG - 局部搜索未能改进当前解
2025-04-08 16:04:34,611 - DEBUG - 执行AGV分配局部搜索，当前完工时间: 1863.00
2025-04-08 16:04:34,614 - DEBUG - 局部搜索未能改进当前解
2025-04-08 16:04:34,617 - DEBUG - 执行AGV分配局部搜索，当前完工时间: 1854.00
2025-04-08 16:04:34,620 - DEBUG - 局部搜索未能改进当前解
2025-04-08 16:04:34,625 - DEBUG - 执行AGV分配局部搜索，当前完工时间: 1838.00
2025-04-08 16:04:34,629 - DEBUG - AGV分配局部搜索成功！完工时间从 1838.00 降低到 1833.00，改进: 5.00 (0.27%)
2025-04-08 16:04:34,633 - DEBUG - 执行AGV分配局部搜索，当前完工时间: 1836.00
2025-04-08 16:04:34,636 - DEBUG - AGV分配局部搜索成功！完工时间从 1836.00 降低到 1834.00，改进: 2.00 (0.11%)
2025-04-08 16:04:34,641 - DEBUG - 执行AGV分配局部搜索，当前完工时间: 1840.00
2025-04-08 16:04:34,644 - DEBUG - 局部搜索未能改进当前解
2025-04-08 16:04:34,647 - DEBUG - 执行AGV分配局部搜索，当前完工时间: 1856.00
2025-04-08 16:04:34,651 - DEBUG - 局部搜索未能改进当前解
2025-04-08 16:04:34,656 - DEBUG - 执行AGV分配局部搜索，当前完工时间: 1921.00
2025-04-08 16:04:34,660 - DEBUG - 局部搜索未能改进当前解
2025-04-08 16:04:34,663 - DEBUG - 执行AGV分配局部搜索，当前完工时间: 1828.00
2025-04-08 16:04:34,667 - DEBUG - AGV分配局部搜索成功！完工时间从 1828.00 降低到 1827.00，改进: 1.00 (0.05%)
2025-04-08 16:04:34,671 - DEBUG - 执行AGV分配局部搜索，当前完工时间: 1954.00
2025-04-08 16:04:34,675 - DEBUG - 局部搜索未能改进当前解
2025-04-08 16:04:34,679 - DEBUG - 执行AGV分配局部搜索，当前完工时间: 1876.00
2025-04-08 16:04:34,682 - DEBUG - 局部搜索未能改进当前解
2025-04-08 16:04:34,686 - DEBUG - 执行AGV分配局部搜索，当前完工时间: 1861.00
2025-04-08 16:04:34,690 - DEBUG - AGV分配局部搜索成功！完工时间从 1861.00 降低到 1846.00，改进: 15.00 (0.81%)
2025-04-08 16:04:34,693 - DEBUG - 执行AGV分配局部搜索，当前完工时间: 1852.00
2025-04-08 16:04:34,697 - DEBUG - 局部搜索未能改进当前解
2025-04-08 16:04:34,701 - DEBUG - 执行AGV分配局部搜索，当前完工时间: 1995.00
2025-04-08 16:04:34,704 - DEBUG - 局部搜索未能改进当前解
2025-04-08 16:04:34,707 - DEBUG - 执行AGV分配局部搜索，当前完工时间: 1913.00
2025-04-08 16:04:34,711 - DEBUG - 局部搜索未能改进当前解
2025-04-08 16:04:34,714 - DEBUG - 执行AGV分配局部搜索，当前完工时间: 1904.00
2025-04-08 16:04:34,718 - DEBUG - 局部搜索未能改进当前解
2025-04-08 16:04:34,722 - DEBUG - 执行AGV分配局部搜索，当前完工时间: 1841.00
2025-04-08 16:04:34,725 - DEBUG - 局部搜索未能改进当前解
2025-04-08 16:04:34,729 - DEBUG - 执行AGV分配局部搜索，当前完工时间: 1897.00
2025-04-08 16:04:34,733 - DEBUG - 局部搜索未能改进当前解
2025-04-08 16:04:34,737 - DEBUG - 执行AGV分配局部搜索，当前完工时间: 1884.00
2025-04-08 16:04:34,741 - DEBUG - 局部搜索未能改进当前解
2025-04-08 16:04:34,745 - DEBUG - 执行AGV分配局部搜索，当前完工时间: 1858.00
2025-04-08 16:04:34,749 - DEBUG - 局部搜索未能改进当前解
2025-04-08 16:04:34,752 - DEBUG - 执行AGV分配局部搜索，当前完工时间: 1857.00
2025-04-08 16:04:34,756 - DEBUG - 局部搜索未能改进当前解
2025-04-08 16:04:34,759 - DEBUG - 执行AGV分配局部搜索，当前完工时间: 1870.00
2025-04-08 16:04:34,763 - DEBUG - 局部搜索未能改进当前解
2025-04-08 16:04:34,767 - DEBUG - 执行AGV分配局部搜索，当前完工时间: 1881.00
2025-04-08 16:04:34,771 - DEBUG - 局部搜索未能改进当前解
2025-04-08 16:04:34,774 - DEBUG - 执行AGV分配局部搜索，当前完工时间: 1810.00
2025-04-08 16:04:34,778 - DEBUG - 局部搜索未能改进当前解
2025-04-08 16:04:34,782 - DEBUG - 执行AGV分配局部搜索，当前完工时间: 1822.00
2025-04-08 16:04:34,786 - DEBUG - 局部搜索未能改进当前解
2025-04-08 16:04:34,788 - DEBUG - 执行AGV分配局部搜索，当前完工时间: 1826.00
2025-04-08 16:04:34,792 - DEBUG - 局部搜索未能改进当前解
2025-04-08 16:04:34,796 - DEBUG - 执行AGV分配局部搜索，当前完工时间: 1917.00
2025-04-08 16:04:34,800 - DEBUG - 局部搜索未能改进当前解
2025-04-08 16:04:34,803 - DEBUG - 执行AGV分配局部搜索，当前完工时间: 1872.00
2025-04-08 16:04:34,807 - DEBUG - 局部搜索未能改进当前解
2025-04-08 16:04:34,811 - DEBUG - 执行AGV分配局部搜索，当前完工时间: 2041.00
2025-04-08 16:04:34,814 - DEBUG - 局部搜索未能改进当前解
2025-04-08 16:04:34,818 - DEBUG - 执行AGV分配局部搜索，当前完工时间: 1854.00
2025-04-08 16:04:34,822 - DEBUG - 局部搜索未能改进当前解
2025-04-08 16:04:34,825 - DEBUG - 执行AGV分配局部搜索，当前完工时间: 1860.00
2025-04-08 16:04:34,830 - DEBUG - AGV分配局部搜索成功！完工时间从 1860.00 降低到 1858.00，改进: 2.00 (0.11%)
2025-04-08 16:04:34,833 - DEBUG - 执行AGV分配局部搜索，当前完工时间: 1852.00
2025-04-08 16:04:34,837 - DEBUG - AGV分配局部搜索成功！完工时间从 1852.00 降低到 1843.00，改进: 9.00 (0.49%)
2025-04-08 16:04:34,841 - DEBUG - 执行AGV分配局部搜索，当前完工时间: 1815.00
2025-04-08 16:04:34,844 - DEBUG - 局部搜索未能改进当前解
2025-04-08 16:04:34,847 - DEBUG - 执行AGV分配局部搜索，当前完工时间: 1807.00
2025-04-08 16:04:34,852 - DEBUG - 局部搜索未能改进当前解
2025-04-08 16:04:34,856 - DEBUG - 执行AGV分配局部搜索，当前完工时间: 1880.00
2025-04-08 16:04:34,859 - DEBUG - 局部搜索未能改进当前解
2025-04-08 16:04:34,864 - DEBUG - 执行AGV分配局部搜索，当前完工时间: 1909.00
2025-04-08 16:04:34,867 - DEBUG - 局部搜索未能改进当前解
2025-04-08 16:04:34,870 - DEBUG - 执行AGV分配局部搜索，当前完工时间: 1880.00
2025-04-08 16:04:34,874 - DEBUG - 局部搜索未能改进当前解
2025-04-08 16:04:34,878 - DEBUG - 执行AGV分配局部搜索，当前完工时间: 1844.00
2025-04-08 16:04:34,881 - DEBUG - 局部搜索未能改进当前解
2025-04-08 16:04:34,885 - DEBUG - 执行AGV分配局部搜索，当前完工时间: 1909.00
2025-04-08 16:04:34,889 - DEBUG - 局部搜索未能改进当前解
2025-04-08 16:04:34,893 - DEBUG - 执行AGV分配局部搜索，当前完工时间: 1845.00
2025-04-08 16:04:34,897 - DEBUG - 局部搜索未能改进当前解
2025-04-08 16:04:34,901 - DEBUG - 执行AGV分配局部搜索，当前完工时间: 1802.00
2025-04-08 16:04:34,904 - DEBUG - 局部搜索未能改进当前解
2025-04-08 16:04:34,908 - DEBUG - 执行AGV分配局部搜索，当前完工时间: 1807.00
2025-04-08 16:04:34,912 - DEBUG - 局部搜索未能改进当前解
2025-04-08 16:04:34,914 - DEBUG - 执行AGV分配局部搜索，当前完工时间: 1855.00
2025-04-08 16:04:34,918 - DEBUG - AGV分配局部搜索成功！完工时间从 1855.00 降低到 1820.00，改进: 35.00 (1.89%)
2025-04-08 16:04:34,922 - DEBUG - 执行AGV分配局部搜索，当前完工时间: 1846.00
2025-04-08 16:04:34,927 - DEBUG - 局部搜索未能改进当前解
2025-04-08 16:04:34,930 - DEBUG - 执行AGV分配局部搜索，当前完工时间: 1817.00
2025-04-08 16:04:34,934 - DEBUG - 局部搜索未能改进当前解
2025-04-08 16:04:34,938 - DEBUG - 执行AGV分配局部搜索，当前完工时间: 1904.00
2025-04-08 16:04:34,941 - DEBUG - 局部搜索未能改进当前解
2025-04-08 16:04:34,944 - DEBUG - 执行AGV分配局部搜索，当前完工时间: 1853.00
2025-04-08 16:04:34,948 - DEBUG - 局部搜索未能改进当前解
2025-04-08 16:04:34,952 - DEBUG - 执行AGV分配局部搜索，当前完工时间: 1887.00
2025-04-08 16:04:34,955 - DEBUG - 局部搜索未能改进当前解
2025-04-08 16:04:34,959 - DEBUG - 执行AGV分配局部搜索，当前完工时间: 1862.00
2025-04-08 16:04:34,962 - DEBUG - 局部搜索未能改进当前解
2025-04-08 16:04:34,967 - DEBUG - 执行AGV分配局部搜索，当前完工时间: 1922.00
2025-04-08 16:04:34,971 - DEBUG - 局部搜索未能改进当前解
2025-04-08 16:04:34,974 - DEBUG - 执行AGV分配局部搜索，当前完工时间: 1843.00
2025-04-08 16:04:34,978 - DEBUG - 局部搜索未能改进当前解
2025-04-08 16:04:34,983 - DEBUG - 执行AGV分配局部搜索，当前完工时间: 1950.00
2025-04-08 16:04:34,987 - DEBUG - 局部搜索未能改进当前解
2025-04-08 16:04:34,991 - DEBUG - 执行AGV分配局部搜索，当前完工时间: 1853.00
2025-04-08 16:04:34,994 - DEBUG - 局部搜索未能改进当前解
2025-04-08 16:04:34,998 - DEBUG - 执行AGV分配局部搜索，当前完工时间: 1830.00
2025-04-08 16:04:35,002 - DEBUG - 局部搜索未能改进当前解
2025-04-08 16:04:35,006 - DEBUG - 执行AGV分配局部搜索，当前完工时间: 1888.00
2025-04-08 16:04:35,009 - DEBUG - 局部搜索未能改进当前解
2025-04-08 16:04:35,012 - DEBUG - 执行AGV分配局部搜索，当前完工时间: 2015.00
2025-04-08 16:04:35,017 - DEBUG - 局部搜索未能改进当前解
2025-04-08 16:04:35,020 - DEBUG - 执行AGV分配局部搜索，当前完工时间: 1828.00
2025-04-08 16:04:35,024 - DEBUG - AGV分配局部搜索成功！完工时间从 1828.00 降低到 1820.00，改进: 8.00 (0.44%)
2025-04-08 16:04:35,026 - DEBUG - 执行AGV分配局部搜索，当前完工时间: 1856.00
2025-04-08 16:04:35,031 - DEBUG - 局部搜索未能改进当前解
2025-04-08 16:04:35,035 - DEBUG - 执行AGV分配局部搜索，当前完工时间: 1935.00
2025-04-08 16:04:35,039 - DEBUG - 局部搜索未能改进当前解
2025-04-08 16:04:35,043 - DEBUG - 执行AGV分配局部搜索，当前完工时间: 1828.00
2025-04-08 16:04:35,047 - DEBUG - 局部搜索未能改进当前解
2025-04-08 16:04:35,050 - DEBUG - 执行AGV分配局部搜索，当前完工时间: 1830.00
2025-04-08 16:04:35,054 - DEBUG - 局部搜索未能改进当前解
2025-04-08 16:04:35,057 - DEBUG - 执行AGV分配局部搜索，当前完工时间: 1838.00
2025-04-08 16:04:35,060 - DEBUG - 局部搜索未能改进当前解
2025-04-08 16:04:35,064 - DEBUG - 执行AGV分配局部搜索，当前完工时间: 1900.00
2025-04-08 16:04:35,068 - DEBUG - 局部搜索未能改进当前解
2025-04-08 16:04:35,072 - DEBUG - 执行AGV分配局部搜索，当前完工时间: 1857.00
2025-04-08 16:04:35,075 - DEBUG - AGV分配局部搜索成功！完工时间从 1857.00 降低到 1813.00，改进: 44.00 (2.37%)
2025-04-08 16:04:35,080 - DEBUG - 执行AGV分配局部搜索，当前完工时间: 1792.00
2025-04-08 16:04:35,084 - DEBUG - 局部搜索未能改进当前解
2025-04-08 16:04:35,088 - DEBUG - 执行AGV分配局部搜索，当前完工时间: 1824.00
2025-04-08 16:04:35,093 - DEBUG - AGV分配局部搜索成功！完工时间从 1824.00 降低到 1794.00，改进: 30.00 (1.64%)
2025-04-08 16:04:35,096 - DEBUG - 执行AGV分配局部搜索，当前完工时间: 1840.00
2025-04-08 16:04:35,101 - DEBUG - 局部搜索未能改进当前解
2025-04-08 16:04:35,104 - DEBUG - 执行AGV分配局部搜索，当前完工时间: 1806.00
2025-04-08 16:04:35,108 - DEBUG - 局部搜索未能改进当前解
2025-04-08 16:04:35,111 - DEBUG - 执行AGV分配局部搜索，当前完工时间: 1813.00
2025-04-08 16:04:35,115 - DEBUG - AGV分配局部搜索成功！完工时间从 1813.00 降低到 1804.00，改进: 9.00 (0.50%)
2025-04-08 16:04:35,118 - DEBUG - 执行AGV分配局部搜索，当前完工时间: 1896.00
2025-04-08 16:04:35,123 - DEBUG - 局部搜索未能改进当前解
2025-04-08 16:04:35,126 - DEBUG - 执行AGV分配局部搜索，当前完工时间: 1872.00
2025-04-08 16:04:35,131 - DEBUG - 局部搜索未能改进当前解
2025-04-08 16:04:35,135 - DEBUG - 执行AGV分配局部搜索，当前完工时间: 1823.00
2025-04-08 16:04:35,137 - DEBUG - AGV分配局部搜索成功！完工时间从 1823.00 降低到 1787.00，改进: 36.00 (1.97%)
2025-04-08 16:04:35,142 - DEBUG - 执行AGV分配局部搜索，当前完工时间: 1845.00
2025-04-08 16:04:35,147 - DEBUG - 局部搜索未能改进当前解
2025-04-08 16:04:35,150 - DEBUG - 执行AGV分配局部搜索，当前完工时间: 1838.00
2025-04-08 16:04:35,154 - DEBUG - 局部搜索未能改进当前解
2025-04-08 16:04:35,157 - DEBUG - 执行AGV分配局部搜索，当前完工时间: 1871.00
2025-04-08 16:04:35,162 - DEBUG - 局部搜索未能改进当前解
2025-04-08 16:04:35,165 - DEBUG - 执行AGV分配局部搜索，当前完工时间: 1819.00
2025-04-08 16:04:35,169 - DEBUG - 局部搜索未能改进当前解
2025-04-08 16:04:35,173 - DEBUG - 执行AGV分配局部搜索，当前完工时间: 1848.00
2025-04-08 16:04:35,177 - DEBUG - AGV分配局部搜索成功！完工时间从 1848.00 降低到 1847.00，改进: 1.00 (0.05%)
2025-04-08 16:04:35,180 - DEBUG - 执行AGV分配局部搜索，当前完工时间: 1795.00
2025-04-08 16:04:35,183 - DEBUG - 局部搜索未能改进当前解
2025-04-08 16:04:35,187 - DEBUG - 执行AGV分配局部搜索，当前完工时间: 1810.00
2025-04-08 16:04:35,191 - DEBUG - 局部搜索未能改进当前解
2025-04-08 16:04:35,195 - DEBUG - 执行AGV分配局部搜索，当前完工时间: 1857.00
2025-04-08 16:04:35,199 - DEBUG - 局部搜索未能改进当前解
2025-04-08 16:04:35,202 - DEBUG - 执行AGV分配局部搜索，当前完工时间: 1865.00
2025-04-08 16:04:35,207 - DEBUG - 局部搜索未能改进当前解
2025-04-08 16:04:35,210 - DEBUG - 执行AGV分配局部搜索，当前完工时间: 1918.00
2025-04-08 16:04:35,214 - DEBUG - AGV分配局部搜索成功！完工时间从 1918.00 降低到 1894.00，改进: 24.00 (1.25%)
2025-04-08 16:04:35,218 - DEBUG - 执行AGV分配局部搜索，当前完工时间: 1790.00
2025-04-08 16:04:35,221 - DEBUG - 局部搜索未能改进当前解
2025-04-08 16:04:35,225 - DEBUG - 执行AGV分配局部搜索，当前完工时间: 1807.00
2025-04-08 16:04:35,229 - DEBUG - 局部搜索未能改进当前解
2025-04-08 16:04:35,233 - DEBUG - 执行AGV分配局部搜索，当前完工时间: 1798.00
2025-04-08 16:04:35,237 - DEBUG - 局部搜索未能改进当前解
2025-04-08 16:04:35,240 - DEBUG - 执行AGV分配局部搜索，当前完工时间: 1810.00
2025-04-08 16:04:35,244 - DEBUG - 局部搜索未能改进当前解
2025-04-08 16:04:35,248 - DEBUG - 执行AGV分配局部搜索，当前完工时间: 1907.00
2025-04-08 16:04:35,251 - DEBUG - 局部搜索未能改进当前解
2025-04-08 16:04:35,255 - DEBUG - 执行AGV分配局部搜索，当前完工时间: 1868.00
2025-04-08 16:04:35,258 - DEBUG - 局部搜索未能改进当前解
2025-04-08 16:04:35,263 - DEBUG - 执行AGV分配局部搜索，当前完工时间: 1914.00
2025-04-08 16:04:35,265 - DEBUG - 局部搜索未能改进当前解
2025-04-08 16:04:35,265 - DEBUG - ==================================================
2025-04-08 16:04:35,267 - DEBUG - Efficiency Statistics of Local Search :
2025-04-08 16:04:35,267 - DEBUG - Number of attempts: 99
2025-04-08 16:04:35,267 - DEBUG - Average Success Rate: 16.16%
2025-04-08 16:04:35,267 - DEBUG - AGV Local Search Success: 16，Average Improvement: 16.94
2025-04-08 16:04:35,271 - DEBUG - 执行AGV分配局部搜索，当前完工时间: 1799.00
2025-04-08 16:04:35,274 - DEBUG - 局部搜索未能改进当前解
2025-04-08 16:04:35,278 - DEBUG - 执行AGV分配局部搜索，当前完工时间: 1929.00
2025-04-08 16:04:35,281 - DEBUG - AGV分配局部搜索成功！完工时间从 1929.00 降低到 1918.00，改进: 11.00 (0.57%)
2025-04-08 16:04:35,285 - DEBUG - 执行AGV分配局部搜索，当前完工时间: 1871.00
2025-04-08 16:04:35,288 - DEBUG - 局部搜索未能改进当前解
2025-04-08 16:04:35,293 - DEBUG - 执行AGV分配局部搜索，当前完工时间: 1954.00
2025-04-08 16:04:35,297 - DEBUG - 局部搜索未能改进当前解
2025-04-08 16:04:35,300 - DEBUG - 执行AGV分配局部搜索，当前完工时间: 1819.00
2025-04-08 16:04:35,304 - DEBUG - 局部搜索未能改进当前解
2025-04-08 16:04:35,307 - DEBUG - 执行AGV分配局部搜索，当前完工时间: 1841.00
2025-04-08 16:04:35,311 - DEBUG - 局部搜索未能改进当前解
2025-04-08 16:04:35,314 - DEBUG - 执行AGV分配局部搜索，当前完工时间: 1794.00
2025-04-08 16:04:35,318 - DEBUG - 局部搜索未能改进当前解
2025-04-08 16:04:35,322 - DEBUG - 执行AGV分配局部搜索，当前完工时间: 1896.00
2025-04-08 16:04:35,325 - DEBUG - AGV分配局部搜索成功！完工时间从 1896.00 降低到 1886.00，改进: 10.00 (0.53%)
2025-04-08 16:04:35,329 - DEBUG - 执行AGV分配局部搜索，当前完工时间: 1858.00
2025-04-08 16:04:35,333 - DEBUG - 局部搜索未能改进当前解
2025-04-08 16:04:35,336 - DEBUG - 执行AGV分配局部搜索，当前完工时间: 1858.00
2025-04-08 16:04:35,340 - DEBUG - 局部搜索未能改进当前解
2025-04-08 16:04:35,344 - DEBUG - 执行AGV分配局部搜索，当前完工时间: 1862.00
2025-04-08 16:04:35,347 - DEBUG - 局部搜索未能改进当前解
2025-04-08 16:04:35,351 - DEBUG - 执行AGV分配局部搜索，当前完工时间: 1803.00
2025-04-08 16:04:35,354 - DEBUG - 局部搜索未能改进当前解
2025-04-08 16:04:35,358 - DEBUG - 执行AGV分配局部搜索，当前完工时间: 1944.00
2025-04-08 16:04:35,362 - DEBUG - AGV分配局部搜索成功！完工时间从 1944.00 降低到 1925.00，改进: 19.00 (0.98%)
2025-04-08 16:04:35,365 - DEBUG - 执行AGV分配局部搜索，当前完工时间: 1796.00
2025-04-08 16:04:35,369 - DEBUG - 局部搜索未能改进当前解
2025-04-08 16:04:35,372 - DEBUG - 执行AGV分配局部搜索，当前完工时间: 1787.00
2025-04-08 16:04:35,376 - DEBUG - 局部搜索未能改进当前解
2025-04-08 16:04:35,379 - DEBUG - 执行AGV分配局部搜索，当前完工时间: 1797.00
2025-04-08 16:04:35,383 - DEBUG - 局部搜索未能改进当前解
2025-04-08 16:04:35,387 - DEBUG - 执行AGV分配局部搜索，当前完工时间: 1854.00
2025-04-08 16:04:35,391 - DEBUG - 局部搜索未能改进当前解
2025-04-08 16:04:35,395 - DEBUG - 执行AGV分配局部搜索，当前完工时间: 1903.00
2025-04-08 16:04:35,397 - DEBUG - AGV分配局部搜索成功！完工时间从 1903.00 降低到 1888.00，改进: 15.00 (0.79%)
2025-04-08 16:04:35,401 - DEBUG - 执行AGV分配局部搜索，当前完工时间: 1820.00
2025-04-08 16:04:35,405 - DEBUG - 局部搜索未能改进当前解
2025-04-08 16:04:35,409 - DEBUG - 执行AGV分配局部搜索，当前完工时间: 1860.00
2025-04-08 16:04:35,412 - DEBUG - 局部搜索未能改进当前解
2025-04-08 16:04:35,417 - DEBUG - 执行AGV分配局部搜索，当前完工时间: 1854.00
2025-04-08 16:04:35,420 - DEBUG - 局部搜索未能改进当前解
2025-04-08 16:04:35,424 - DEBUG - 执行AGV分配局部搜索，当前完工时间: 1768.00
2025-04-08 16:04:35,426 - DEBUG - 局部搜索未能改进当前解
2025-04-08 16:04:35,431 - DEBUG - 执行AGV分配局部搜索，当前完工时间: 1818.00
2025-04-08 16:04:35,436 - DEBUG - 局部搜索未能改进当前解
2025-04-08 16:04:35,439 - DEBUG - 执行AGV分配局部搜索，当前完工时间: 1810.00
2025-04-08 16:04:35,443 - DEBUG - 局部搜索未能改进当前解
2025-04-08 16:04:35,447 - DEBUG - 执行AGV分配局部搜索，当前完工时间: 1810.00
2025-04-08 16:04:35,451 - DEBUG - 局部搜索未能改进当前解
2025-04-08 16:04:35,455 - DEBUG - 执行AGV分配局部搜索，当前完工时间: 1846.00
2025-04-08 16:04:35,458 - DEBUG - 局部搜索未能改进当前解
2025-04-08 16:04:35,462 - DEBUG - 执行AGV分配局部搜索，当前完工时间: 1842.00
2025-04-08 16:04:35,465 - DEBUG - 局部搜索未能改进当前解
2025-04-08 16:04:35,469 - DEBUG - 执行AGV分配局部搜索，当前完工时间: 1824.00
2025-04-08 16:04:35,473 - DEBUG - 局部搜索未能改进当前解
2025-04-08 16:04:35,477 - DEBUG - 执行AGV分配局部搜索，当前完工时间: 1834.00
2025-04-08 16:04:35,480 - DEBUG - 局部搜索未能改进当前解
2025-04-08 16:04:35,484 - DEBUG - 执行AGV分配局部搜索，当前完工时间: 1856.00
2025-04-08 16:04:35,487 - DEBUG - 局部搜索未能改进当前解
2025-04-08 16:04:35,491 - DEBUG - 执行AGV分配局部搜索，当前完工时间: 1835.00
2025-04-08 16:04:35,494 - DEBUG - 局部搜索未能改进当前解
2025-04-08 16:04:35,499 - DEBUG - 执行AGV分配局部搜索，当前完工时间: 1848.00
2025-04-08 16:04:35,502 - DEBUG - 局部搜索未能改进当前解
2025-04-08 16:04:35,505 - DEBUG - 执行AGV分配局部搜索，当前完工时间: 1846.00
2025-04-08 16:04:35,509 - DEBUG - 局部搜索未能改进当前解
2025-04-08 16:04:35,512 - DEBUG - 执行AGV分配局部搜索，当前完工时间: 1854.00
2025-04-08 16:04:35,517 - DEBUG - 局部搜索未能改进当前解
2025-04-08 16:04:35,521 - DEBUG - 执行AGV分配局部搜索，当前完工时间: 1879.00
2025-04-08 16:04:35,524 - DEBUG - 局部搜索未能改进当前解
2025-04-08 16:04:35,528 - DEBUG - 执行AGV分配局部搜索，当前完工时间: 1893.00
2025-04-08 16:04:35,532 - DEBUG - 局部搜索未能改进当前解
2025-04-08 16:04:35,536 - DEBUG - 执行AGV分配局部搜索，当前完工时间: 1804.00
2025-04-08 16:04:35,538 - DEBUG - AGV分配局部搜索成功！完工时间从 1804.00 降低到 1803.00，改进: 1.00 (0.06%)
2025-04-08 16:04:35,544 - DEBUG - 执行AGV分配局部搜索，当前完工时间: 2000.00
2025-04-08 16:04:35,547 - DEBUG - 局部搜索未能改进当前解
2025-04-08 16:04:35,551 - DEBUG - 执行AGV分配局部搜索，当前完工时间: 1880.00
2025-04-08 16:04:35,554 - DEBUG - 局部搜索未能改进当前解
2025-04-08 16:04:35,558 - DEBUG - 执行AGV分配局部搜索，当前完工时间: 1916.00
2025-04-08 16:04:35,561 - DEBUG - 局部搜索未能改进当前解
2025-04-08 16:04:35,564 - DEBUG - 执行AGV分配局部搜索，当前完工时间: 1880.00
2025-04-08 16:04:35,569 - DEBUG - 局部搜索未能改进当前解
2025-04-08 16:04:35,574 - DEBUG - 执行AGV分配局部搜索，当前完工时间: 1833.00
2025-04-08 16:04:35,576 - DEBUG - 局部搜索未能改进当前解
2025-04-08 16:04:35,580 - DEBUG - 执行AGV分配局部搜索，当前完工时间: 1920.00
2025-04-08 16:04:35,584 - DEBUG - AGV分配局部搜索成功！完工时间从 1920.00 降低到 1902.00，改进: 18.00 (0.94%)
2025-04-08 16:04:35,588 - DEBUG - 执行AGV分配局部搜索，当前完工时间: 1838.00
2025-04-08 16:04:35,592 - DEBUG - 局部搜索未能改进当前解
2025-04-08 16:04:35,595 - DEBUG - 执行AGV分配局部搜索，当前完工时间: 1816.00
2025-04-08 16:04:35,599 - DEBUG - 局部搜索未能改进当前解
2025-04-08 16:04:35,602 - DEBUG - 执行AGV分配局部搜索，当前完工时间: 1818.00
2025-04-08 16:04:35,606 - DEBUG - 局部搜索未能改进当前解
2025-04-08 16:04:35,609 - DEBUG - 执行AGV分配局部搜索，当前完工时间: 1888.00
2025-04-08 16:04:35,614 - DEBUG - 局部搜索未能改进当前解
2025-04-08 16:04:35,617 - DEBUG - 执行AGV分配局部搜索，当前完工时间: 1812.00
2025-04-08 16:04:35,621 - DEBUG - 局部搜索未能改进当前解
2025-04-08 16:04:35,624 - DEBUG - 执行AGV分配局部搜索，当前完工时间: 1775.00
2025-04-08 16:04:35,628 - DEBUG - 局部搜索未能改进当前解
2025-04-08 16:04:35,632 - DEBUG - 执行AGV分配局部搜索，当前完工时间: 1834.00
2025-04-08 16:04:35,635 - DEBUG - 局部搜索未能改进当前解
2025-04-08 16:04:35,639 - DEBUG - 执行AGV分配局部搜索，当前完工时间: 1832.00
2025-04-08 16:04:35,642 - DEBUG - 局部搜索未能改进当前解
2025-04-08 16:04:35,645 - DEBUG - 执行AGV分配局部搜索，当前完工时间: 1883.00
2025-04-08 16:04:35,649 - DEBUG - 局部搜索未能改进当前解
2025-04-08 16:04:35,653 - DEBUG - 执行AGV分配局部搜索，当前完工时间: 1810.00
2025-04-08 16:04:35,656 - DEBUG - 局部搜索未能改进当前解
2025-04-08 16:04:35,660 - DEBUG - 执行AGV分配局部搜索，当前完工时间: 1901.00
2025-04-08 16:04:35,665 - DEBUG - 局部搜索未能改进当前解
2025-04-08 16:04:35,669 - DEBUG - 执行AGV分配局部搜索，当前完工时间: 1883.00
2025-04-08 16:04:35,674 - DEBUG - 局部搜索未能改进当前解
2025-04-08 16:04:35,676 - DEBUG - 执行AGV分配局部搜索，当前完工时间: 1928.00
2025-04-08 16:04:35,681 - DEBUG - 局部搜索未能改进当前解
2025-04-08 16:04:35,684 - DEBUG - 执行AGV分配局部搜索，当前完工时间: 1910.00
2025-04-08 16:04:35,688 - DEBUG - AGV分配局部搜索成功！完工时间从 1910.00 降低到 1881.00，改进: 29.00 (1.52%)
2025-04-08 16:04:35,691 - DEBUG - 执行AGV分配局部搜索，当前完工时间: 1917.00
2025-04-08 16:04:35,695 - DEBUG - 局部搜索未能改进当前解
2025-04-08 16:04:35,699 - DEBUG - 执行AGV分配局部搜索，当前完工时间: 1915.00
2025-04-08 16:04:35,703 - DEBUG - AGV分配局部搜索成功！完工时间从 1915.00 降低到 1868.00，改进: 47.00 (2.45%)
2025-04-08 16:04:35,707 - DEBUG - 执行AGV分配局部搜索，当前完工时间: 1836.00
2025-04-08 16:04:35,710 - DEBUG - 局部搜索未能改进当前解
2025-04-08 16:04:35,714 - DEBUG - 执行AGV分配局部搜索，当前完工时间: 2008.00
2025-04-08 16:04:35,718 - DEBUG - 局部搜索未能改进当前解
2025-04-08 16:04:35,721 - DEBUG - 执行AGV分配局部搜索，当前完工时间: 1794.00
2025-04-08 16:04:35,724 - DEBUG - 局部搜索未能改进当前解
2025-04-08 16:04:35,729 - DEBUG - 执行AGV分配局部搜索，当前完工时间: 1880.00
2025-04-08 16:04:35,732 - DEBUG - 局部搜索未能改进当前解
2025-04-08 16:04:35,736 - DEBUG - 执行AGV分配局部搜索，当前完工时间: 1805.00
2025-04-08 16:04:35,738 - DEBUG - AGV分配局部搜索成功！完工时间从 1805.00 降低到 1802.00，改进: 3.00 (0.17%)
2025-04-08 16:04:35,743 - DEBUG - 执行AGV分配局部搜索，当前完工时间: 1876.00
2025-04-08 16:04:35,747 - DEBUG - 局部搜索未能改进当前解
2025-04-08 16:04:35,751 - DEBUG - 执行AGV分配局部搜索，当前完工时间: 1826.00
2025-04-08 16:04:35,754 - DEBUG - 局部搜索未能改进当前解
2025-04-08 16:04:35,757 - DEBUG - 执行AGV分配局部搜索，当前完工时间: 1926.00
2025-04-08 16:04:35,760 - DEBUG - 局部搜索未能改进当前解
2025-04-08 16:04:35,765 - DEBUG - 执行AGV分配局部搜索，当前完工时间: 1910.00
2025-04-08 16:04:35,769 - DEBUG - 局部搜索未能改进当前解
2025-04-08 16:04:35,772 - DEBUG - 执行AGV分配局部搜索，当前完工时间: 1848.00
2025-04-08 16:04:35,776 - DEBUG - AGV分配局部搜索成功！完工时间从 1848.00 降低到 1845.00，改进: 3.00 (0.16%)
2025-04-08 16:04:35,781 - DEBUG - 执行AGV分配局部搜索，当前完工时间: 1870.00
2025-04-08 16:04:35,784 - DEBUG - 局部搜索未能改进当前解
2025-04-08 16:04:35,788 - DEBUG - 执行AGV分配局部搜索，当前完工时间: 1793.00
2025-04-08 16:04:35,792 - DEBUG - 局部搜索未能改进当前解
2025-04-08 16:04:35,795 - DEBUG - 执行AGV分配局部搜索，当前完工时间: 1836.00
2025-04-08 16:04:35,800 - DEBUG - AGV分配局部搜索成功！完工时间从 1836.00 降低到 1832.00，改进: 4.00 (0.22%)
2025-04-08 16:04:35,803 - DEBUG - 执行AGV分配局部搜索，当前完工时间: 1822.00
2025-04-08 16:04:35,807 - DEBUG - 局部搜索未能改进当前解
2025-04-08 16:04:35,810 - DEBUG - 执行AGV分配局部搜索，当前完工时间: 1834.00
2025-04-08 16:04:35,814 - DEBUG - 局部搜索未能改进当前解
2025-04-08 16:04:35,818 - DEBUG - 执行AGV分配局部搜索，当前完工时间: 1832.00
2025-04-08 16:04:35,822 - DEBUG - 局部搜索未能改进当前解
2025-04-08 16:04:35,825 - DEBUG - 执行AGV分配局部搜索，当前完工时间: 1846.00
2025-04-08 16:04:35,829 - DEBUG - 局部搜索未能改进当前解
2025-04-08 16:04:35,832 - DEBUG - 执行AGV分配局部搜索，当前完工时间: 1852.00
2025-04-08 16:04:35,837 - DEBUG - 局部搜索未能改进当前解
2025-04-08 16:04:35,841 - DEBUG - 执行AGV分配局部搜索，当前完工时间: 1907.00
2025-04-08 16:04:35,844 - DEBUG - 局部搜索未能改进当前解
2025-04-08 16:04:35,848 - DEBUG - 执行AGV分配局部搜索，当前完工时间: 1853.00
2025-04-08 16:04:35,852 - DEBUG - 局部搜索未能改进当前解
2025-04-08 16:04:35,855 - DEBUG - 执行AGV分配局部搜索，当前完工时间: 1846.00
2025-04-08 16:04:35,859 - DEBUG - 局部搜索未能改进当前解
2025-04-08 16:04:35,862 - DEBUG - 执行AGV分配局部搜索，当前完工时间: 1820.00
2025-04-08 16:04:35,866 - DEBUG - 局部搜索未能改进当前解
2025-04-08 16:04:35,870 - DEBUG - 执行AGV分配局部搜索，当前完工时间: 1805.00
2025-04-08 16:04:35,874 - DEBUG - 局部搜索未能改进当前解
2025-04-08 16:04:35,878 - DEBUG - 执行AGV分配局部搜索，当前完工时间: 1830.00
2025-04-08 16:04:35,881 - DEBUG - 局部搜索未能改进当前解
2025-04-08 16:04:35,885 - DEBUG - 执行AGV分配局部搜索，当前完工时间: 1909.00
2025-04-08 16:04:35,889 - DEBUG - 局部搜索未能改进当前解
2025-04-08 16:04:35,892 - DEBUG - 执行AGV分配局部搜索，当前完工时间: 1938.00
2025-04-08 16:04:35,895 - DEBUG - 局部搜索未能改进当前解
2025-04-08 16:04:35,900 - DEBUG - 执行AGV分配局部搜索，当前完工时间: 1860.00
2025-04-08 16:04:35,903 - DEBUG - 局部搜索未能改进当前解
2025-04-08 16:04:35,906 - DEBUG - 执行AGV分配局部搜索，当前完工时间: 1837.00
2025-04-08 16:04:35,911 - DEBUG - 局部搜索未能改进当前解
2025-04-08 16:04:35,914 - DEBUG - 执行AGV分配局部搜索，当前完工时间: 1843.00
2025-04-08 16:04:35,919 - DEBUG - AGV分配局部搜索成功！完工时间从 1843.00 降低到 1830.00，改进: 13.00 (0.71%)
2025-04-08 16:04:35,922 - DEBUG - 执行AGV分配局部搜索，当前完工时间: 1917.00
2025-04-08 16:04:35,926 - DEBUG - 局部搜索未能改进当前解
2025-04-08 16:04:35,930 - DEBUG - 执行AGV分配局部搜索，当前完工时间: 1852.00
2025-04-08 16:04:35,934 - DEBUG - 局部搜索未能改进当前解
2025-04-08 16:04:35,938 - DEBUG - 执行AGV分配局部搜索，当前完工时间: 1894.00
2025-04-08 16:04:35,941 - DEBUG - 局部搜索未能改进当前解
2025-04-08 16:04:35,945 - DEBUG - 执行AGV分配局部搜索，当前完工时间: 1857.00
2025-04-08 16:04:35,950 - DEBUG - 局部搜索未能改进当前解
2025-04-08 16:04:35,954 - DEBUG - 执行AGV分配局部搜索，当前完工时间: 1948.00
2025-04-08 16:04:35,957 - DEBUG - 局部搜索未能改进当前解
2025-04-08 16:04:35,960 - DEBUG - 执行AGV分配局部搜索，当前完工时间: 1854.00
2025-04-08 16:04:35,964 - DEBUG - 局部搜索未能改进当前解
2025-04-08 16:04:35,968 - DEBUG - 执行AGV分配局部搜索，当前完工时间: 1801.00
2025-04-08 16:04:35,972 - DEBUG - 局部搜索未能改进当前解
2025-04-08 16:04:35,976 - DEBUG - 执行AGV分配局部搜索，当前完工时间: 1869.00
2025-04-08 16:04:35,980 - DEBUG - AGV分配局部搜索成功！完工时间从 1869.00 降低到 1858.00，改进: 11.00 (0.59%)
2025-04-08 16:04:35,987 - DEBUG - 执行AGV分配局部搜索，当前完工时间: 1779.00
2025-04-08 16:04:35,990 - DEBUG - 局部搜索未能改进当前解
2025-04-08 16:04:35,994 - DEBUG - 执行AGV分配局部搜索，当前完工时间: 1821.00
2025-04-08 16:04:35,997 - DEBUG - 局部搜索未能改进当前解
2025-04-08 16:04:36,000 - DEBUG - 执行AGV分配局部搜索，当前完工时间: 1844.00
2025-04-08 16:04:36,005 - DEBUG - 局部搜索未能改进当前解
2025-04-08 16:04:36,005 - DEBUG - ==================================================
2025-04-08 16:04:36,005 - DEBUG - Efficiency Statistics of Local Search :
2025-04-08 16:04:36,005 - DEBUG - Number of attempts: 99
2025-04-08 16:04:36,005 - DEBUG - Average Success Rate: 13.13%
2025-04-08 16:04:36,005 - DEBUG - AGV Local Search Success: 13，Average Improvement: 14.15
2025-04-08 16:04:36,008 - DEBUG - 执行AGV分配局部搜索，当前完工时间: 1932.00
2025-04-08 16:04:36,012 - DEBUG - 局部搜索未能改进当前解
2025-04-08 16:04:36,016 - DEBUG - 执行AGV分配局部搜索，当前完工时间: 1879.00
2025-04-08 16:04:36,020 - DEBUG - 局部搜索未能改进当前解
2025-04-08 16:04:36,025 - DEBUG - 执行AGV分配局部搜索，当前完工时间: 1816.00
2025-04-08 16:04:36,029 - DEBUG - 局部搜索未能改进当前解
2025-04-08 16:04:36,033 - DEBUG - 执行AGV分配局部搜索，当前完工时间: 1779.00
2025-04-08 16:04:36,037 - DEBUG - 局部搜索未能改进当前解
2025-04-08 16:04:36,041 - DEBUG - 执行AGV分配局部搜索，当前完工时间: 1946.00
2025-04-08 16:04:36,044 - DEBUG - AGV分配局部搜索成功！完工时间从 1946.00 降低到 1933.00，改进: 13.00 (0.67%)
2025-04-08 16:04:36,047 - DEBUG - 执行AGV分配局部搜索，当前完工时间: 1819.00
2025-04-08 16:04:36,052 - DEBUG - 局部搜索未能改进当前解
2025-04-08 16:04:36,056 - DEBUG - 执行AGV分配局部搜索，当前完工时间: 1806.00
2025-04-08 16:04:36,060 - DEBUG - 局部搜索未能改进当前解
2025-04-08 16:04:36,064 - DEBUG - 执行AGV分配局部搜索，当前完工时间: 1886.00
2025-04-08 16:04:36,068 - DEBUG - 局部搜索未能改进当前解
2025-04-08 16:04:36,071 - DEBUG - 执行AGV分配局部搜索，当前完工时间: 1799.00
2025-04-08 16:04:36,075 - DEBUG - 局部搜索未能改进当前解
2025-04-08 16:04:36,079 - DEBUG - 执行AGV分配局部搜索，当前完工时间: 1768.00
2025-04-08 16:04:36,083 - DEBUG - 局部搜索未能改进当前解
2025-04-08 16:04:36,087 - DEBUG - 执行AGV分配局部搜索，当前完工时间: 1846.00
2025-04-08 16:04:36,091 - DEBUG - 局部搜索未能改进当前解
2025-04-08 16:04:36,095 - DEBUG - 执行AGV分配局部搜索，当前完工时间: 1937.00
2025-04-08 16:04:36,099 - DEBUG - 局部搜索未能改进当前解
2025-04-08 16:04:36,102 - DEBUG - 执行AGV分配局部搜索，当前完工时间: 1858.00
2025-04-08 16:04:36,107 - DEBUG - 局部搜索未能改进当前解
2025-04-08 16:04:36,110 - DEBUG - 执行AGV分配局部搜索，当前完工时间: 1893.00
2025-04-08 16:04:36,115 - DEBUG - AGV分配局部搜索成功！完工时间从 1893.00 降低到 1866.00，改进: 27.00 (1.43%)
2025-04-08 16:04:36,118 - DEBUG - 执行AGV分配局部搜索，当前完工时间: 1793.00
2025-04-08 16:04:36,120 - DEBUG - 局部搜索未能改进当前解
2025-04-08 16:04:36,125 - DEBUG - 执行AGV分配局部搜索，当前完工时间: 1851.00
2025-04-08 16:04:36,129 - DEBUG - AGV分配局部搜索成功！完工时间从 1851.00 降低到 1842.00，改进: 9.00 (0.49%)
2025-04-08 16:04:36,132 - DEBUG - 执行AGV分配局部搜索，当前完工时间: 1868.00
2025-04-08 16:04:36,136 - DEBUG - 局部搜索未能改进当前解
2025-04-08 16:04:36,140 - DEBUG - 执行AGV分配局部搜索，当前完工时间: 1812.00
2025-04-08 16:04:36,144 - DEBUG - 局部搜索未能改进当前解
2025-04-08 16:04:36,147 - DEBUG - 执行AGV分配局部搜索，当前完工时间: 1892.00
2025-04-08 16:04:36,151 - DEBUG - 局部搜索未能改进当前解
2025-04-08 16:04:36,153 - DEBUG - 执行AGV分配局部搜索，当前完工时间: 1834.00
2025-04-08 16:04:36,159 - DEBUG - 局部搜索未能改进当前解
2025-04-08 16:04:36,164 - DEBUG - 执行AGV分配局部搜索，当前完工时间: 1829.00
2025-04-08 16:04:36,167 - DEBUG - 局部搜索未能改进当前解
2025-04-08 16:04:36,171 - DEBUG - 执行AGV分配局部搜索，当前完工时间: 1903.00
2025-04-08 16:04:36,174 - DEBUG - 局部搜索未能改进当前解
2025-04-08 16:04:36,179 - DEBUG - 执行AGV分配局部搜索，当前完工时间: 1793.00
2025-04-08 16:04:36,182 - DEBUG - 局部搜索未能改进当前解
2025-04-08 16:04:36,186 - DEBUG - 执行AGV分配局部搜索，当前完工时间: 1864.00
2025-04-08 16:04:36,189 - DEBUG - 局部搜索未能改进当前解
2025-04-08 16:04:36,193 - DEBUG - 执行AGV分配局部搜索，当前完工时间: 1814.00
2025-04-08 16:04:36,196 - DEBUG - 局部搜索未能改进当前解
2025-04-08 16:04:36,200 - DEBUG - 执行AGV分配局部搜索，当前完工时间: 1928.00
2025-04-08 16:04:36,204 - DEBUG - 局部搜索未能改进当前解
2025-04-08 16:04:36,208 - DEBUG - 执行AGV分配局部搜索，当前完工时间: 1814.00
2025-04-08 16:04:36,212 - DEBUG - 局部搜索未能改进当前解
2025-04-08 16:04:36,215 - DEBUG - 执行AGV分配局部搜索，当前完工时间: 1810.00
2025-04-08 16:04:36,220 - DEBUG - 局部搜索未能改进当前解
2025-04-08 16:04:36,223 - DEBUG - 执行AGV分配局部搜索，当前完工时间: 1912.00
2025-04-08 16:04:36,227 - DEBUG - 局部搜索未能改进当前解
2025-04-08 16:04:36,232 - DEBUG - 执行AGV分配局部搜索，当前完工时间: 1804.00
2025-04-08 16:04:36,235 - DEBUG - 局部搜索未能改进当前解
2025-04-08 16:04:36,238 - DEBUG - 执行AGV分配局部搜索，当前完工时间: 1796.00
2025-04-08 16:04:36,243 - DEBUG - 局部搜索未能改进当前解
2025-04-08 16:04:36,247 - DEBUG - 执行AGV分配局部搜索，当前完工时间: 1826.00
2025-04-08 16:04:36,251 - DEBUG - 局部搜索未能改进当前解
2025-04-08 16:04:36,255 - DEBUG - 执行AGV分配局部搜索，当前完工时间: 1815.00
2025-04-08 16:04:36,258 - DEBUG - AGV分配局部搜索成功！完工时间从 1815.00 降低到 1812.00，改进: 3.00 (0.17%)
2025-04-08 16:04:36,262 - DEBUG - 执行AGV分配局部搜索，当前完工时间: 1816.00
2025-04-08 16:04:36,266 - DEBUG - 局部搜索未能改进当前解
2025-04-08 16:04:36,270 - DEBUG - 执行AGV分配局部搜索，当前完工时间: 1967.00
2025-04-08 16:04:36,274 - DEBUG - AGV分配局部搜索成功！完工时间从 1967.00 降低到 1922.00，改进: 45.00 (2.29%)
2025-04-08 16:04:36,278 - DEBUG - 执行AGV分配局部搜索，当前完工时间: 1826.00
2025-04-08 16:04:36,281 - DEBUG - 局部搜索未能改进当前解
2025-04-08 16:04:36,286 - DEBUG - 执行AGV分配局部搜索，当前完工时间: 1830.00
2025-04-08 16:04:36,290 - DEBUG - 局部搜索未能改进当前解
2025-04-08 16:04:36,294 - DEBUG - 执行AGV分配局部搜索，当前完工时间: 1836.00
2025-04-08 16:04:36,297 - DEBUG - 局部搜索未能改进当前解
2025-04-08 16:04:36,301 - DEBUG - 执行AGV分配局部搜索，当前完工时间: 1841.00
2025-04-08 16:04:36,305 - DEBUG - 局部搜索未能改进当前解
2025-04-08 16:04:36,308 - DEBUG - 执行AGV分配局部搜索，当前完工时间: 1816.00
2025-04-08 16:04:36,312 - DEBUG - 局部搜索未能改进当前解
2025-04-08 16:04:36,316 - DEBUG - 执行AGV分配局部搜索，当前完工时间: 1842.00
2025-04-08 16:04:36,320 - DEBUG - 局部搜索未能改进当前解
2025-04-08 16:04:36,323 - DEBUG - 执行AGV分配局部搜索，当前完工时间: 1798.00
2025-04-08 16:04:36,328 - DEBUG - 局部搜索未能改进当前解
2025-04-08 16:04:36,332 - DEBUG - 执行AGV分配局部搜索，当前完工时间: 1928.00
2025-04-08 16:04:36,336 - DEBUG - AGV分配局部搜索成功！完工时间从 1928.00 降低到 1862.00，改进: 66.00 (3.42%)
2025-04-08 16:04:36,340 - DEBUG - 执行AGV分配局部搜索，当前完工时间: 1829.00
2025-04-08 16:04:36,344 - DEBUG - 局部搜索未能改进当前解
2025-04-08 16:04:36,348 - DEBUG - 执行AGV分配局部搜索，当前完工时间: 1851.00
2025-04-08 16:04:36,351 - DEBUG - 局部搜索未能改进当前解
2025-04-08 16:04:36,355 - DEBUG - 执行AGV分配局部搜索，当前完工时间: 1832.00
2025-04-08 16:04:36,360 - DEBUG - 局部搜索未能改进当前解
2025-04-08 16:04:36,362 - DEBUG - 执行AGV分配局部搜索，当前完工时间: 1876.00
2025-04-08 16:04:36,366 - DEBUG - AGV分配局部搜索成功！完工时间从 1876.00 降低到 1804.00，改进: 72.00 (3.84%)
2025-04-08 16:04:36,371 - DEBUG - 执行AGV分配局部搜索，当前完工时间: 1793.00
2025-04-08 16:04:36,375 - DEBUG - 局部搜索未能改进当前解
2025-04-08 16:04:36,379 - DEBUG - 执行AGV分配局部搜索，当前完工时间: 1870.00
2025-04-08 16:04:36,382 - DEBUG - 局部搜索未能改进当前解
2025-04-08 16:04:36,386 - DEBUG - 执行AGV分配局部搜索，当前完工时间: 1858.00
2025-04-08 16:04:36,390 - DEBUG - 局部搜索未能改进当前解
2025-04-08 16:04:36,394 - DEBUG - 执行AGV分配局部搜索，当前完工时间: 1822.00
2025-04-08 16:04:36,397 - DEBUG - 局部搜索未能改进当前解
2025-04-08 16:04:36,401 - DEBUG - 执行AGV分配局部搜索，当前完工时间: 1878.00
2025-04-08 16:04:36,406 - DEBUG - 局部搜索未能改进当前解
2025-04-08 16:04:36,409 - DEBUG - 执行AGV分配局部搜索，当前完工时间: 1990.00
2025-04-08 16:04:36,414 - DEBUG - 局部搜索未能改进当前解
2025-04-08 16:04:36,418 - DEBUG - 执行AGV分配局部搜索，当前完工时间: 1905.00
2025-04-08 16:04:36,421 - DEBUG - AGV分配局部搜索成功！完工时间从 1905.00 降低到 1899.00，改进: 6.00 (0.31%)
2025-04-08 16:04:36,425 - DEBUG - 执行AGV分配局部搜索，当前完工时间: 1878.00
2025-04-08 16:04:36,429 - DEBUG - 局部搜索未能改进当前解
2025-04-08 16:04:36,433 - DEBUG - 执行AGV分配局部搜索，当前完工时间: 1916.00
2025-04-08 16:04:36,436 - DEBUG - AGV分配局部搜索成功！完工时间从 1916.00 降低到 1877.00，改进: 39.00 (2.04%)
2025-04-08 16:04:36,440 - DEBUG - 执行AGV分配局部搜索，当前完工时间: 1818.00
2025-04-08 16:04:36,444 - DEBUG - 局部搜索未能改进当前解
2025-04-08 16:04:36,447 - DEBUG - 执行AGV分配局部搜索，当前完工时间: 1833.00
2025-04-08 16:04:36,451 - DEBUG - 局部搜索未能改进当前解
2025-04-08 16:04:36,455 - DEBUG - 执行AGV分配局部搜索，当前完工时间: 1853.00
2025-04-08 16:04:36,460 - DEBUG - 局部搜索未能改进当前解
2025-04-08 16:04:36,464 - DEBUG - 执行AGV分配局部搜索，当前完工时间: 1836.00
2025-04-08 16:04:36,468 - DEBUG - 局部搜索未能改进当前解
2025-04-08 16:04:36,472 - DEBUG - 执行AGV分配局部搜索，当前完工时间: 1836.00
2025-04-08 16:04:36,475 - DEBUG - 局部搜索未能改进当前解
2025-04-08 16:04:36,480 - DEBUG - 执行AGV分配局部搜索，当前完工时间: 1840.00
2025-04-08 16:04:36,483 - DEBUG - 局部搜索未能改进当前解
2025-04-08 16:04:36,487 - DEBUG - 执行AGV分配局部搜索，当前完工时间: 1819.00
2025-04-08 16:04:36,491 - DEBUG - 局部搜索未能改进当前解
2025-04-08 16:04:36,495 - DEBUG - 执行AGV分配局部搜索，当前完工时间: 1833.00
2025-04-08 16:04:36,500 - DEBUG - 局部搜索未能改进当前解
2025-04-08 16:04:36,503 - DEBUG - 执行AGV分配局部搜索，当前完工时间: 1896.00
2025-04-08 16:04:36,506 - DEBUG - AGV分配局部搜索成功！完工时间从 1896.00 降低到 1863.00，改进: 33.00 (1.74%)
2025-04-08 16:04:36,511 - DEBUG - 执行AGV分配局部搜索，当前完工时间: 1818.00
2025-04-08 16:04:36,514 - DEBUG - 局部搜索未能改进当前解
2025-04-08 16:04:36,518 - DEBUG - 执行AGV分配局部搜索，当前完工时间: 1843.00
2025-04-08 16:04:36,522 - DEBUG - 局部搜索未能改进当前解
2025-04-08 16:04:36,525 - DEBUG - 执行AGV分配局部搜索，当前完工时间: 1833.00
2025-04-08 16:04:36,529 - DEBUG - 局部搜索未能改进当前解
2025-04-08 16:04:36,534 - DEBUG - 执行AGV分配局部搜索，当前完工时间: 2057.00
2025-04-08 16:04:36,537 - DEBUG - 局部搜索未能改进当前解
2025-04-08 16:04:36,541 - DEBUG - 执行AGV分配局部搜索，当前完工时间: 1872.00
2025-04-08 16:04:36,545 - DEBUG - AGV分配局部搜索成功！完工时间从 1872.00 降低到 1846.00，改进: 26.00 (1.39%)
2025-04-08 16:04:36,549 - DEBUG - 执行AGV分配局部搜索，当前完工时间: 1804.00
2025-04-08 16:04:36,552 - DEBUG - AGV分配局部搜索成功！完工时间从 1804.00 降低到 1794.00，改进: 10.00 (0.55%)
2025-04-08 16:04:36,556 - DEBUG - 执行AGV分配局部搜索，当前完工时间: 1884.00
2025-04-08 16:04:36,561 - DEBUG - 局部搜索未能改进当前解
2025-04-08 16:04:36,564 - DEBUG - 执行AGV分配局部搜索，当前完工时间: 1820.00
2025-04-08 16:04:36,568 - DEBUG - 局部搜索未能改进当前解
2025-04-08 16:04:36,570 - DEBUG - 执行AGV分配局部搜索，当前完工时间: 1870.00
2025-04-08 16:04:36,576 - DEBUG - 局部搜索未能改进当前解
2025-04-08 16:04:36,579 - DEBUG - 执行AGV分配局部搜索，当前完工时间: 1725.00
2025-04-08 16:04:36,583 - DEBUG - 局部搜索未能改进当前解
2025-04-08 16:04:36,587 - DEBUG - 执行AGV分配局部搜索，当前完工时间: 1806.00
2025-04-08 16:04:36,590 - DEBUG - 局部搜索未能改进当前解
2025-04-08 16:04:36,594 - DEBUG - 执行AGV分配局部搜索，当前完工时间: 1811.00
2025-04-08 16:04:36,597 - DEBUG - 局部搜索未能改进当前解
2025-04-08 16:04:36,601 - DEBUG - 执行AGV分配局部搜索，当前完工时间: 1811.00
2025-04-08 16:04:36,604 - DEBUG - 局部搜索未能改进当前解
2025-04-08 16:04:36,608 - DEBUG - 执行AGV分配局部搜索，当前完工时间: 1839.00
2025-04-08 16:04:36,612 - DEBUG - 局部搜索未能改进当前解
2025-04-08 16:04:36,615 - DEBUG - 执行AGV分配局部搜索，当前完工时间: 1846.00
2025-04-08 16:04:36,620 - DEBUG - 局部搜索未能改进当前解
2025-04-08 16:04:36,623 - DEBUG - 执行AGV分配局部搜索，当前完工时间: 1880.00
2025-04-08 16:04:36,627 - DEBUG - 局部搜索未能改进当前解
2025-04-08 16:04:36,631 - DEBUG - 执行AGV分配局部搜索，当前完工时间: 1786.00
2025-04-08 16:04:36,634 - DEBUG - 局部搜索未能改进当前解
2025-04-08 16:04:36,638 - DEBUG - 执行AGV分配局部搜索，当前完工时间: 1856.00
2025-04-08 16:04:36,642 - DEBUG - 局部搜索未能改进当前解
2025-04-08 16:04:36,645 - DEBUG - 执行AGV分配局部搜索，当前完工时间: 1810.00
2025-04-08 16:04:36,649 - DEBUG - 局部搜索未能改进当前解
2025-04-08 16:04:36,653 - DEBUG - 执行AGV分配局部搜索，当前完工时间: 1859.00
2025-04-08 16:04:36,656 - DEBUG - 局部搜索未能改进当前解
2025-04-08 16:04:36,660 - DEBUG - 执行AGV分配局部搜索，当前完工时间: 1915.00
2025-04-08 16:04:36,664 - DEBUG - 局部搜索未能改进当前解
2025-04-08 16:04:36,668 - DEBUG - 执行AGV分配局部搜索，当前完工时间: 1860.00
2025-04-08 16:04:36,672 - DEBUG - 局部搜索未能改进当前解
2025-04-08 16:04:36,675 - DEBUG - 执行AGV分配局部搜索，当前完工时间: 1972.00
2025-04-08 16:04:36,679 - DEBUG - 局部搜索未能改进当前解
2025-04-08 16:04:36,683 - DEBUG - 执行AGV分配局部搜索，当前完工时间: 1846.00
2025-04-08 16:04:36,687 - DEBUG - 局部搜索未能改进当前解
2025-04-08 16:04:36,690 - DEBUG - 执行AGV分配局部搜索，当前完工时间: 1812.00
2025-04-08 16:04:36,693 - DEBUG - 局部搜索未能改进当前解
2025-04-08 16:04:36,698 - DEBUG - 执行AGV分配局部搜索，当前完工时间: 1797.00
2025-04-08 16:04:36,701 - DEBUG - AGV分配局部搜索成功！完工时间从 1797.00 降低到 1794.00，改进: 3.00 (0.17%)
2025-04-08 16:04:36,706 - DEBUG - 执行AGV分配局部搜索，当前完工时间: 1797.00
2025-04-08 16:04:36,709 - DEBUG - AGV分配局部搜索成功！完工时间从 1797.00 降低到 1783.00，改进: 14.00 (0.78%)
2025-04-08 16:04:36,713 - DEBUG - 执行AGV分配局部搜索，当前完工时间: 2008.00
2025-04-08 16:04:36,717 - DEBUG - 局部搜索未能改进当前解
2025-04-08 16:04:36,720 - DEBUG - 执行AGV分配局部搜索，当前完工时间: 1860.00
2025-04-08 16:04:36,724 - DEBUG - AGV分配局部搜索成功！完工时间从 1860.00 降低到 1853.00，改进: 7.00 (0.38%)
2025-04-08 16:04:36,728 - DEBUG - 执行AGV分配局部搜索，当前完工时间: 1858.00
2025-04-08 16:04:36,732 - DEBUG - 局部搜索未能改进当前解
2025-04-08 16:04:36,736 - DEBUG - 执行AGV分配局部搜索，当前完工时间: 1863.00
2025-04-08 16:04:36,738 - DEBUG - AGV分配局部搜索成功！完工时间从 1863.00 降低到 1858.00，改进: 5.00 (0.27%)
2025-04-08 16:04:36,743 - DEBUG - 执行AGV分配局部搜索，当前完工时间: 1848.00
2025-04-08 16:04:36,746 - DEBUG - 局部搜索未能改进当前解
2025-04-08 16:04:36,751 - DEBUG - 执行AGV分配局部搜索，当前完工时间: 1857.00
2025-04-08 16:04:36,754 - DEBUG - 局部搜索未能改进当前解
2025-04-08 16:04:36,757 - DEBUG - 执行AGV分配局部搜索，当前完工时间: 1810.00
2025-04-08 16:04:36,762 - DEBUG - 局部搜索未能改进当前解
2025-04-08 16:04:36,762 - DEBUG - ==================================================
2025-04-08 16:04:36,762 - DEBUG - Efficiency Statistics of Local Search :
2025-04-08 16:04:36,762 - DEBUG - Number of attempts: 99
2025-04-08 16:04:36,762 - DEBUG - Average Success Rate: 16.16%
2025-04-08 16:04:36,762 - DEBUG - AGV Local Search Success: 16，Average Improvement: 23.62
2025-04-08 16:04:36,765 - DEBUG - 执行AGV分配局部搜索，当前完工时间: 1811.00
2025-04-08 16:04:36,769 - DEBUG - 局部搜索未能改进当前解
2025-04-08 16:04:36,773 - DEBUG - 执行AGV分配局部搜索，当前完工时间: 1834.00
2025-04-08 16:04:36,776 - DEBUG - 局部搜索未能改进当前解
2025-04-08 16:04:36,781 - DEBUG - 执行AGV分配局部搜索，当前完工时间: 1804.00
2025-04-08 16:04:36,785 - DEBUG - 局部搜索未能改进当前解
2025-04-08 16:04:36,790 - DEBUG - 执行AGV分配局部搜索，当前完工时间: 1837.00
2025-04-08 16:04:36,793 - DEBUG - AGV分配局部搜索成功！完工时间从 1837.00 降低到 1822.00，改进: 15.00 (0.82%)
2025-04-08 16:04:36,797 - DEBUG - 执行AGV分配局部搜索，当前完工时间: 1806.00
2025-04-08 16:04:36,800 - DEBUG - 局部搜索未能改进当前解
2025-04-08 16:04:36,804 - DEBUG - 执行AGV分配局部搜索，当前完工时间: 1897.00
2025-04-08 16:04:36,807 - DEBUG - 局部搜索未能改进当前解
2025-04-08 16:04:36,811 - DEBUG - 执行AGV分配局部搜索，当前完工时间: 1881.00
2025-04-08 16:04:36,814 - DEBUG - 局部搜索未能改进当前解
2025-04-08 16:04:36,819 - DEBUG - 执行AGV分配局部搜索，当前完工时间: 1833.00
2025-04-08 16:04:36,823 - DEBUG - 局部搜索未能改进当前解
2025-04-08 16:04:36,826 - DEBUG - 执行AGV分配局部搜索，当前完工时间: 1823.00
2025-04-08 16:04:36,830 - DEBUG - AGV分配局部搜索成功！完工时间从 1823.00 降低到 1815.00，改进: 8.00 (0.44%)
2025-04-08 16:04:36,834 - DEBUG - 执行AGV分配局部搜索，当前完工时间: 1816.00
2025-04-08 16:04:36,838 - DEBUG - 局部搜索未能改进当前解
2025-04-08 16:04:36,843 - DEBUG - 执行AGV分配局部搜索，当前完工时间: 1851.00
2025-04-08 16:04:36,846 - DEBUG - 局部搜索未能改进当前解
2025-04-08 16:04:36,856 - DEBUG - 执行AGV分配局部搜索，当前完工时间: 1883.00
2025-04-08 16:04:36,862 - DEBUG - AGV分配局部搜索成功！完工时间从 1883.00 降低到 1852.00，改进: 31.00 (1.65%)
2025-04-08 16:04:36,867 - DEBUG - 执行AGV分配局部搜索，当前完工时间: 1810.00
2025-04-08 16:04:36,871 - DEBUG - 局部搜索未能改进当前解
2025-04-08 16:04:36,875 - DEBUG - 执行AGV分配局部搜索，当前完工时间: 1866.00
2025-04-08 16:04:36,879 - DEBUG - 局部搜索未能改进当前解
2025-04-08 16:04:36,884 - DEBUG - 执行AGV分配局部搜索，当前完工时间: 1908.00
2025-04-08 16:04:36,887 - DEBUG - 局部搜索未能改进当前解
2025-04-08 16:04:36,891 - DEBUG - 执行AGV分配局部搜索，当前完工时间: 1889.00
2025-04-08 16:04:36,895 - DEBUG - 局部搜索未能改进当前解
2025-04-08 16:04:36,899 - DEBUG - 执行AGV分配局部搜索，当前完工时间: 1872.00
2025-04-08 16:04:36,903 - DEBUG - AGV分配局部搜索成功！完工时间从 1872.00 降低到 1829.00，改进: 43.00 (2.30%)
2025-04-08 16:04:36,907 - DEBUG - 执行AGV分配局部搜索，当前完工时间: 1846.00
2025-04-08 16:04:36,910 - DEBUG - AGV分配局部搜索成功！完工时间从 1846.00 降低到 1840.00，改进: 6.00 (0.33%)
2025-04-08 16:04:36,915 - DEBUG - 执行AGV分配局部搜索，当前完工时间: 1812.00
2025-04-08 16:04:36,918 - DEBUG - 局部搜索未能改进当前解
2025-04-08 16:04:36,922 - DEBUG - 执行AGV分配局部搜索，当前完工时间: 1860.00
2025-04-08 16:04:36,927 - DEBUG - 局部搜索未能改进当前解
2025-04-08 16:04:36,930 - DEBUG - 执行AGV分配局部搜索，当前完工时间: 1814.00
2025-04-08 16:04:36,935 - DEBUG - 局部搜索未能改进当前解
2025-04-08 16:04:36,938 - DEBUG - 执行AGV分配局部搜索，当前完工时间: 1836.00
2025-04-08 16:04:36,942 - DEBUG - AGV分配局部搜索成功！完工时间从 1836.00 降低到 1830.00，改进: 6.00 (0.33%)
2025-04-08 16:04:36,947 - DEBUG - 执行AGV分配局部搜索，当前完工时间: 1873.00
2025-04-08 16:04:36,950 - DEBUG - 局部搜索未能改进当前解
2025-04-08 16:04:36,955 - DEBUG - 执行AGV分配局部搜索，当前完工时间: 2018.00
2025-04-08 16:04:36,957 - DEBUG - 局部搜索未能改进当前解
2025-04-08 16:04:36,962 - DEBUG - 执行AGV分配局部搜索，当前完工时间: 1928.00
2025-04-08 16:04:36,965 - DEBUG - 局部搜索未能改进当前解
2025-04-08 16:04:36,969 - DEBUG - 执行AGV分配局部搜索，当前完工时间: 1869.00
2025-04-08 16:04:36,972 - DEBUG - 局部搜索未能改进当前解
2025-04-08 16:04:36,976 - DEBUG - 执行AGV分配局部搜索，当前完工时间: 1890.00
2025-04-08 16:04:36,980 - DEBUG - 局部搜索未能改进当前解
2025-04-08 16:04:36,984 - DEBUG - 执行AGV分配局部搜索，当前完工时间: 1829.00
2025-04-08 16:04:36,987 - DEBUG - 局部搜索未能改进当前解
2025-04-08 16:04:36,992 - DEBUG - 执行AGV分配局部搜索，当前完工时间: 1914.00
2025-04-08 16:04:36,995 - DEBUG - AGV分配局部搜索成功！完工时间从 1914.00 降低到 1883.00，改进: 31.00 (1.62%)
2025-04-08 16:04:37,000 - DEBUG - 执行AGV分配局部搜索，当前完工时间: 1946.00
2025-04-08 16:04:37,003 - DEBUG - 局部搜索未能改进当前解
2025-04-08 16:04:37,007 - DEBUG - 执行AGV分配局部搜索，当前完工时间: 1783.00
2025-04-08 16:04:37,011 - DEBUG - 局部搜索未能改进当前解
2025-04-08 16:04:37,015 - DEBUG - 执行AGV分配局部搜索，当前完工时间: 1813.00
2025-04-08 16:04:37,018 - DEBUG - 局部搜索未能改进当前解
2025-04-08 16:04:37,023 - DEBUG - 执行AGV分配局部搜索，当前完工时间: 1766.00
2025-04-08 16:04:37,027 - DEBUG - 局部搜索未能改进当前解
2025-04-08 16:04:37,030 - DEBUG - 执行AGV分配局部搜索，当前完工时间: 1827.00
2025-04-08 16:04:37,033 - DEBUG - 局部搜索未能改进当前解
2025-04-08 16:04:37,037 - DEBUG - 执行AGV分配局部搜索，当前完工时间: 1823.00
2025-04-08 16:04:37,041 - DEBUG - 局部搜索未能改进当前解
2025-04-08 16:04:37,045 - DEBUG - 执行AGV分配局部搜索，当前完工时间: 1923.00
2025-04-08 16:04:37,051 - DEBUG - AGV分配局部搜索成功！完工时间从 1923.00 降低到 1834.00，改进: 89.00 (4.63%)
2025-04-08 16:04:37,054 - DEBUG - 执行AGV分配局部搜索，当前完工时间: 1822.00
2025-04-08 16:04:37,057 - DEBUG - 局部搜索未能改进当前解
2025-04-08 16:04:37,061 - DEBUG - 执行AGV分配局部搜索，当前完工时间: 1826.00
2025-04-08 16:04:37,064 - DEBUG - 局部搜索未能改进当前解
2025-04-08 16:04:37,068 - DEBUG - 执行AGV分配局部搜索，当前完工时间: 1884.00
2025-04-08 16:04:37,072 - DEBUG - 局部搜索未能改进当前解
2025-04-08 16:04:37,077 - DEBUG - 执行AGV分配局部搜索，当前完工时间: 1803.00
2025-04-08 16:04:37,080 - DEBUG - 局部搜索未能改进当前解
2025-04-08 16:04:37,084 - DEBUG - 执行AGV分配局部搜索，当前完工时间: 1768.00
2025-04-08 16:04:37,089 - DEBUG - 局部搜索未能改进当前解
2025-04-08 16:04:37,093 - DEBUG - 执行AGV分配局部搜索，当前完工时间: 1938.00
2025-04-08 16:04:37,096 - DEBUG - 局部搜索未能改进当前解
2025-04-08 16:04:37,100 - DEBUG - 执行AGV分配局部搜索，当前完工时间: 1816.00
2025-04-08 16:04:37,104 - DEBUG - 局部搜索未能改进当前解
2025-04-08 16:04:37,108 - DEBUG - 执行AGV分配局部搜索，当前完工时间: 1834.00
2025-04-08 16:04:37,112 - DEBUG - 局部搜索未能改进当前解
2025-04-08 16:04:37,114 - DEBUG - 执行AGV分配局部搜索，当前完工时间: 1808.00
2025-04-08 16:04:37,119 - DEBUG - 局部搜索未能改进当前解
2025-04-08 16:04:37,122 - DEBUG - 执行AGV分配局部搜索，当前完工时间: 1884.00
2025-04-08 16:04:37,126 - DEBUG - AGV分配局部搜索成功！完工时间从 1884.00 降低到 1876.00，改进: 8.00 (0.42%)
2025-04-08 16:04:37,129 - DEBUG - 执行AGV分配局部搜索，当前完工时间: 1783.00
2025-04-08 16:04:37,133 - DEBUG - 局部搜索未能改进当前解
2025-04-08 16:04:37,137 - DEBUG - 执行AGV分配局部搜索，当前完工时间: 1829.00
2025-04-08 16:04:37,140 - DEBUG - 局部搜索未能改进当前解
2025-04-08 16:04:37,144 - DEBUG - 执行AGV分配局部搜索，当前完工时间: 1856.00
2025-04-08 16:04:37,148 - DEBUG - 局部搜索未能改进当前解
2025-04-08 16:04:37,152 - DEBUG - 执行AGV分配局部搜索，当前完工时间: 1806.00
2025-04-08 16:04:37,155 - DEBUG - 局部搜索未能改进当前解
2025-04-08 16:04:37,159 - DEBUG - 执行AGV分配局部搜索，当前完工时间: 1788.00
2025-04-08 16:04:37,162 - DEBUG - 局部搜索未能改进当前解
2025-04-08 16:04:37,166 - DEBUG - 执行AGV分配局部搜索，当前完工时间: 1915.00
2025-04-08 16:04:37,170 - DEBUG - 局部搜索未能改进当前解
2025-04-08 16:04:37,173 - DEBUG - 执行AGV分配局部搜索，当前完工时间: 2026.00
2025-04-08 16:04:37,177 - DEBUG - 局部搜索未能改进当前解
2025-04-08 16:04:37,181 - DEBUG - 执行AGV分配局部搜索，当前完工时间: 1852.00
2025-04-08 16:04:37,185 - DEBUG - 局部搜索未能改进当前解
2025-04-08 16:04:37,188 - DEBUG - 执行AGV分配局部搜索，当前完工时间: 1772.00
2025-04-08 16:04:37,192 - DEBUG - 局部搜索未能改进当前解
2025-04-08 16:04:37,196 - DEBUG - 执行AGV分配局部搜索，当前完工时间: 1896.00
2025-04-08 16:04:37,199 - DEBUG - 局部搜索未能改进当前解
2025-04-08 16:04:37,203 - DEBUG - 执行AGV分配局部搜索，当前完工时间: 1912.00
2025-04-08 16:04:37,207 - DEBUG - 局部搜索未能改进当前解
2025-04-08 16:04:37,211 - DEBUG - 执行AGV分配局部搜索，当前完工时间: 1873.00
2025-04-08 16:04:37,214 - DEBUG - 局部搜索未能改进当前解
2025-04-08 16:04:37,219 - DEBUG - 执行AGV分配局部搜索，当前完工时间: 1877.00
2025-04-08 16:04:37,222 - DEBUG - 局部搜索未能改进当前解
2025-04-08 16:04:37,227 - DEBUG - 执行AGV分配局部搜索，当前完工时间: 1858.00
2025-04-08 16:04:37,230 - DEBUG - 局部搜索未能改进当前解
2025-04-08 16:04:37,234 - DEBUG - 执行AGV分配局部搜索，当前完工时间: 1844.00
2025-04-08 16:04:37,238 - DEBUG - 局部搜索未能改进当前解
2025-04-08 16:04:37,241 - DEBUG - 执行AGV分配局部搜索，当前完工时间: 1786.00
2025-04-08 16:04:37,245 - DEBUG - 局部搜索未能改进当前解
2025-04-08 16:04:37,249 - DEBUG - 执行AGV分配局部搜索，当前完工时间: 1830.00
2025-04-08 16:04:37,253 - DEBUG - 局部搜索未能改进当前解
2025-04-08 16:04:37,256 - DEBUG - 执行AGV分配局部搜索，当前完工时间: 1788.00
2025-04-08 16:04:37,260 - DEBUG - AGV分配局部搜索成功！完工时间从 1788.00 降低到 1786.00，改进: 2.00 (0.11%)
2025-04-08 16:04:37,264 - DEBUG - 执行AGV分配局部搜索，当前完工时间: 1754.00
2025-04-08 16:04:37,268 - DEBUG - 局部搜索未能改进当前解
2025-04-08 16:04:37,270 - DEBUG - 执行AGV分配局部搜索，当前完工时间: 1856.00
2025-04-08 16:04:37,275 - DEBUG - AGV分配局部搜索成功！完工时间从 1856.00 降低到 1843.00，改进: 13.00 (0.70%)
2025-04-08 16:04:37,279 - DEBUG - 执行AGV分配局部搜索，当前完工时间: 1866.00
2025-04-08 16:04:37,283 - DEBUG - AGV分配局部搜索成功！完工时间从 1866.00 降低到 1838.00，改进: 28.00 (1.50%)
2025-04-08 16:04:37,286 - DEBUG - 执行AGV分配局部搜索，当前完工时间: 1826.00
2025-04-08 16:04:37,290 - DEBUG - AGV分配局部搜索成功！完工时间从 1826.00 降低到 1799.00，改进: 27.00 (1.48%)
2025-04-08 16:04:37,293 - DEBUG - 执行AGV分配局部搜索，当前完工时间: 1836.00
2025-04-08 16:04:37,297 - DEBUG - 局部搜索未能改进当前解
2025-04-08 16:04:37,300 - DEBUG - 执行AGV分配局部搜索，当前完工时间: 1822.00
2025-04-08 16:04:37,305 - DEBUG - 局部搜索未能改进当前解
2025-04-08 16:04:37,308 - DEBUG - 执行AGV分配局部搜索，当前完工时间: 1883.00
2025-04-08 16:04:37,312 - DEBUG - AGV分配局部搜索成功！完工时间从 1883.00 降低到 1834.00，改进: 49.00 (2.60%)
2025-04-08 16:04:37,316 - DEBUG - 执行AGV分配局部搜索，当前完工时间: 1860.00
2025-04-08 16:04:37,319 - DEBUG - 局部搜索未能改进当前解
2025-04-08 16:04:37,323 - DEBUG - 执行AGV分配局部搜索，当前完工时间: 1908.00
2025-04-08 16:04:37,327 - DEBUG - 局部搜索未能改进当前解
2025-04-08 16:04:37,330 - DEBUG - 执行AGV分配局部搜索，当前完工时间: 1958.00
2025-04-08 16:04:37,333 - DEBUG - 局部搜索未能改进当前解
2025-04-08 16:04:37,338 - DEBUG - 执行AGV分配局部搜索，当前完工时间: 1750.00
2025-04-08 16:04:37,341 - DEBUG - 局部搜索未能改进当前解
2025-04-08 16:04:37,344 - DEBUG - 执行AGV分配局部搜索，当前完工时间: 1885.00
2025-04-08 16:04:37,347 - DEBUG - AGV分配局部搜索成功！完工时间从 1885.00 降低到 1830.00，改进: 55.00 (2.92%)
2025-04-08 16:04:37,352 - DEBUG - 执行AGV分配局部搜索，当前完工时间: 1843.00
2025-04-08 16:04:37,356 - DEBUG - 局部搜索未能改进当前解
2025-04-08 16:04:37,359 - DEBUG - 执行AGV分配局部搜索，当前完工时间: 1870.00
2025-04-08 16:04:37,362 - DEBUG - 局部搜索未能改进当前解
2025-04-08 16:04:37,366 - DEBUG - 执行AGV分配局部搜索，当前完工时间: 1793.00
2025-04-08 16:04:37,370 - DEBUG - 局部搜索未能改进当前解
2025-04-08 16:04:37,373 - DEBUG - 执行AGV分配局部搜索，当前完工时间: 1903.00
2025-04-08 16:04:37,377 - DEBUG - AGV分配局部搜索成功！完工时间从 1903.00 降低到 1852.00，改进: 51.00 (2.68%)
2025-04-08 16:04:37,380 - DEBUG - 执行AGV分配局部搜索，当前完工时间: 1964.00
2025-04-08 16:04:37,384 - DEBUG - 局部搜索未能改进当前解
2025-04-08 16:04:37,388 - DEBUG - 执行AGV分配局部搜索，当前完工时间: 1772.00
2025-04-08 16:04:37,392 - DEBUG - 局部搜索未能改进当前解
2025-04-08 16:04:37,395 - DEBUG - 执行AGV分配局部搜索，当前完工时间: 1835.00
2025-04-08 16:04:37,400 - DEBUG - 局部搜索未能改进当前解
2025-04-08 16:04:37,404 - DEBUG - 执行AGV分配局部搜索，当前完工时间: 1802.00
2025-04-08 16:04:37,407 - DEBUG - 局部搜索未能改进当前解
2025-04-08 16:04:37,411 - DEBUG - 执行AGV分配局部搜索，当前完工时间: 1838.00
2025-04-08 16:04:37,416 - DEBUG - 局部搜索未能改进当前解
2025-04-08 16:04:37,419 - DEBUG - 执行AGV分配局部搜索，当前完工时间: 1831.00
2025-04-08 16:04:37,423 - DEBUG - 局部搜索未能改进当前解
2025-04-08 16:04:37,427 - DEBUG - 执行AGV分配局部搜索，当前完工时间: 1846.00
2025-04-08 16:04:37,430 - DEBUG - 局部搜索未能改进当前解
2025-04-08 16:04:37,434 - DEBUG - 执行AGV分配局部搜索，当前完工时间: 1840.00
2025-04-08 16:04:37,437 - DEBUG - 局部搜索未能改进当前解
2025-04-08 16:04:37,441 - DEBUG - 执行AGV分配局部搜索，当前完工时间: 1952.00
2025-04-08 16:04:37,445 - DEBUG - 局部搜索未能改进当前解
2025-04-08 16:04:37,447 - DEBUG - 执行AGV分配局部搜索，当前完工时间: 1846.00
2025-04-08 16:04:37,452 - DEBUG - 局部搜索未能改进当前解
2025-04-08 16:04:37,456 - DEBUG - 执行AGV分配局部搜索，当前完工时间: 1873.00
2025-04-08 16:04:37,460 - DEBUG - 局部搜索未能改进当前解
2025-04-08 16:04:37,464 - DEBUG - 执行AGV分配局部搜索，当前完工时间: 1831.00
2025-04-08 16:04:37,466 - DEBUG - 局部搜索未能改进当前解
2025-04-08 16:04:37,470 - DEBUG - 执行AGV分配局部搜索，当前完工时间: 1833.00
2025-04-08 16:04:37,474 - DEBUG - 局部搜索未能改进当前解
2025-04-08 16:04:37,479 - DEBUG - 执行AGV分配局部搜索，当前完工时间: 1896.00
2025-04-08 16:04:37,483 - DEBUG - 局部搜索未能改进当前解
2025-04-08 16:04:37,486 - DEBUG - 执行AGV分配局部搜索，当前完工时间: 1805.00
2025-04-08 16:04:37,490 - DEBUG - 局部搜索未能改进当前解
2025-04-08 16:04:37,493 - DEBUG - 执行AGV分配局部搜索，当前完工时间: 1836.00
2025-04-08 16:04:37,496 - DEBUG - 局部搜索未能改进当前解
2025-04-08 16:04:37,500 - DEBUG - 执行AGV分配局部搜索，当前完工时间: 1860.00
2025-04-08 16:04:37,504 - DEBUG - 局部搜索未能改进当前解
2025-04-08 16:04:37,508 - DEBUG - 执行AGV分配局部搜索，当前完工时间: 1870.00
2025-04-08 16:04:37,512 - DEBUG - 局部搜索未能改进当前解
2025-04-08 16:04:37,515 - DEBUG - 执行AGV分配局部搜索，当前完工时间: 1841.00
2025-04-08 16:04:37,520 - DEBUG - 局部搜索未能改进当前解
2025-04-08 16:04:37,520 - DEBUG - ==================================================
2025-04-08 16:04:37,520 - DEBUG - Efficiency Statistics of Local Search :
2025-04-08 16:04:37,520 - DEBUG - Number of attempts: 99
2025-04-08 16:04:37,520 - DEBUG - Average Success Rate: 16.16%
2025-04-08 16:04:37,520 - DEBUG - AGV Local Search Success: 16，Average Improvement: 28.88
2025-04-08 16:04:37,524 - DEBUG - 执行AGV分配局部搜索，当前完工时间: 1910.00
2025-04-08 16:04:37,526 - DEBUG - 局部搜索未能改进当前解
2025-04-08 16:04:37,531 - DEBUG - 执行AGV分配局部搜索，当前完工时间: 1831.00
2025-04-08 16:04:37,534 - DEBUG - 局部搜索未能改进当前解
2025-04-08 16:04:37,539 - DEBUG - 执行AGV分配局部搜索，当前完工时间: 1864.00
2025-04-08 16:04:37,542 - DEBUG - 局部搜索未能改进当前解
2025-04-08 16:04:37,546 - DEBUG - 执行AGV分配局部搜索，当前完工时间: 1985.00
2025-04-08 16:04:37,550 - DEBUG - AGV分配局部搜索成功！完工时间从 1985.00 降低到 1930.00，改进: 55.00 (2.77%)
2025-04-08 16:04:37,554 - DEBUG - 执行AGV分配局部搜索，当前完工时间: 1754.00
2025-04-08 16:04:37,558 - DEBUG - 局部搜索未能改进当前解
2025-04-08 16:04:37,562 - DEBUG - 执行AGV分配局部搜索，当前完工时间: 1978.00
2025-04-08 16:04:37,565 - DEBUG - 局部搜索未能改进当前解
2025-04-08 16:04:37,569 - DEBUG - 执行AGV分配局部搜索，当前完工时间: 1794.00
2025-04-08 16:04:37,574 - DEBUG - 局部搜索未能改进当前解
2025-04-08 16:04:37,579 - DEBUG - 执行AGV分配局部搜索，当前完工时间: 1783.00
2025-04-08 16:04:37,582 - DEBUG - 局部搜索未能改进当前解
2025-04-08 16:04:37,586 - DEBUG - 执行AGV分配局部搜索，当前完工时间: 1810.00
2025-04-08 16:04:37,590 - DEBUG - AGV分配局部搜索成功！完工时间从 1810.00 降低到 1772.00，改进: 38.00 (2.10%)
2025-04-08 16:04:37,595 - DEBUG - 执行AGV分配局部搜索，当前完工时间: 1882.00
2025-04-08 16:04:37,599 - DEBUG - 局部搜索未能改进当前解
2025-04-08 16:04:37,602 - DEBUG - 执行AGV分配局部搜索，当前完工时间: 1910.00
2025-04-08 16:04:37,607 - DEBUG - 局部搜索未能改进当前解
2025-04-08 16:04:37,610 - DEBUG - 执行AGV分配局部搜索，当前完工时间: 1833.00
2025-04-08 16:04:37,614 - DEBUG - 局部搜索未能改进当前解
2025-04-08 16:04:37,618 - DEBUG - 执行AGV分配局部搜索，当前完工时间: 1763.00
2025-04-08 16:04:37,622 - DEBUG - 局部搜索未能改进当前解
2025-04-08 16:04:37,626 - DEBUG - 执行AGV分配局部搜索，当前完工时间: 1912.00
2025-04-08 16:04:37,629 - DEBUG - 局部搜索未能改进当前解
2025-04-08 16:04:37,633 - DEBUG - 执行AGV分配局部搜索，当前完工时间: 1881.00
2025-04-08 16:04:37,637 - DEBUG - 局部搜索未能改进当前解
2025-04-08 16:04:37,641 - DEBUG - 执行AGV分配局部搜索，当前完工时间: 1782.00
2025-04-08 16:04:37,645 - DEBUG - 局部搜索未能改进当前解
2025-04-08 16:04:37,649 - DEBUG - 执行AGV分配局部搜索，当前完工时间: 1847.00
2025-04-08 16:04:37,652 - DEBUG - 局部搜索未能改进当前解
2025-04-08 16:04:37,656 - DEBUG - 执行AGV分配局部搜索，当前完工时间: 1893.00
2025-04-08 16:04:37,659 - DEBUG - AGV分配局部搜索成功！完工时间从 1893.00 降低到 1883.00，改进: 10.00 (0.53%)
2025-04-08 16:04:37,664 - DEBUG - 执行AGV分配局部搜索，当前完工时间: 1833.00
2025-04-08 16:04:37,667 - DEBUG - 局部搜索未能改进当前解
2025-04-08 16:04:37,670 - DEBUG - 执行AGV分配局部搜索，当前完工时间: 1804.00
2025-04-08 16:04:37,674 - DEBUG - 局部搜索未能改进当前解
2025-04-08 16:04:37,676 - DEBUG - 执行AGV分配局部搜索，当前完工时间: 1831.00
2025-04-08 16:04:37,681 - DEBUG - 局部搜索未能改进当前解
2025-04-08 16:04:37,685 - DEBUG - 执行AGV分配局部搜索，当前完工时间: 1809.00
2025-04-08 16:04:37,688 - DEBUG - 局部搜索未能改进当前解
2025-04-08 16:04:37,693 - DEBUG - 执行AGV分配局部搜索，当前完工时间: 1793.00
2025-04-08 16:04:37,695 - DEBUG - 局部搜索未能改进当前解
2025-04-08 16:04:37,700 - DEBUG - 执行AGV分配局部搜索，当前完工时间: 1844.00
2025-04-08 16:04:37,704 - DEBUG - 局部搜索未能改进当前解
2025-04-08 16:04:37,707 - DEBUG - 执行AGV分配局部搜索，当前完工时间: 1804.00
2025-04-08 16:04:37,712 - DEBUG - 局部搜索未能改进当前解
2025-04-08 16:04:37,716 - DEBUG - 执行AGV分配局部搜索，当前完工时间: 1822.00
2025-04-08 16:04:37,719 - DEBUG - 局部搜索未能改进当前解
2025-04-08 16:04:37,723 - DEBUG - 执行AGV分配局部搜索，当前完工时间: 1769.00
2025-04-08 16:04:37,727 - DEBUG - 局部搜索未能改进当前解
2025-04-08 16:04:37,731 - DEBUG - 执行AGV分配局部搜索，当前完工时间: 1810.00
2025-04-08 16:04:37,735 - DEBUG - 局部搜索未能改进当前解
2025-04-08 16:04:37,738 - DEBUG - 执行AGV分配局部搜索，当前完工时间: 1786.00
2025-04-08 16:04:37,743 - DEBUG - 局部搜索未能改进当前解
2025-04-08 16:04:37,746 - DEBUG - 执行AGV分配局部搜索，当前完工时间: 1805.00
2025-04-08 16:04:37,750 - DEBUG - AGV分配局部搜索成功！完工时间从 1805.00 降低到 1800.00，改进: 5.00 (0.28%)
2025-04-08 16:04:37,754 - DEBUG - 执行AGV分配局部搜索，当前完工时间: 1830.00
2025-04-08 16:04:37,757 - DEBUG - 局部搜索未能改进当前解
2025-04-08 16:04:37,761 - DEBUG - 执行AGV分配局部搜索，当前完工时间: 1883.00
2025-04-08 16:04:37,764 - DEBUG - 局部搜索未能改进当前解
2025-04-08 16:04:37,768 - DEBUG - 执行AGV分配局部搜索，当前完工时间: 1839.00
2025-04-08 16:04:37,772 - DEBUG - 局部搜索未能改进当前解
2025-04-08 16:04:37,776 - DEBUG - 执行AGV分配局部搜索，当前完工时间: 1773.00
2025-04-08 16:04:37,780 - DEBUG - 局部搜索未能改进当前解
2025-04-08 16:04:37,784 - DEBUG - 执行AGV分配局部搜索，当前完工时间: 1831.00
2025-04-08 16:04:37,787 - DEBUG - 局部搜索未能改进当前解
2025-04-08 16:04:37,790 - DEBUG - 执行AGV分配局部搜索，当前完工时间: 1912.00
2025-04-08 16:04:37,794 - DEBUG - 局部搜索未能改进当前解
2025-04-08 16:04:37,797 - DEBUG - 执行AGV分配局部搜索，当前完工时间: 1820.00
2025-04-08 16:04:37,802 - DEBUG - 局部搜索未能改进当前解
2025-04-08 16:04:37,805 - DEBUG - 执行AGV分配局部搜索，当前完工时间: 1905.00
2025-04-08 16:04:37,810 - DEBUG - 局部搜索未能改进当前解
2025-04-08 16:04:37,814 - DEBUG - 执行AGV分配局部搜索，当前完工时间: 1748.00
2025-04-08 16:04:37,817 - DEBUG - 局部搜索未能改进当前解
2025-04-08 16:04:37,821 - DEBUG - 执行AGV分配局部搜索，当前完工时间: 1788.00
2025-04-08 16:04:37,824 - DEBUG - 局部搜索未能改进当前解
2025-04-08 16:04:37,830 - DEBUG - 执行AGV分配局部搜索，当前完工时间: 1871.00
2025-04-08 16:04:37,834 - DEBUG - 局部搜索未能改进当前解
2025-04-08 16:04:37,837 - DEBUG - 执行AGV分配局部搜索，当前完工时间: 1850.00
2025-04-08 16:04:37,841 - DEBUG - 局部搜索未能改进当前解
2025-04-08 16:04:37,845 - DEBUG - 执行AGV分配局部搜索，当前完工时间: 1818.00
2025-04-08 16:04:37,847 - DEBUG - 局部搜索未能改进当前解
2025-04-08 16:04:37,852 - DEBUG - 执行AGV分配局部搜索，当前完工时间: 1959.00
2025-04-08 16:04:37,856 - DEBUG - 局部搜索未能改进当前解
2025-04-08 16:04:37,859 - DEBUG - 执行AGV分配局部搜索，当前完工时间: 1881.00
2025-04-08 16:04:37,862 - DEBUG - AGV分配局部搜索成功！完工时间从 1881.00 降低到 1877.00，改进: 4.00 (0.21%)
2025-04-08 16:04:37,866 - DEBUG - 执行AGV分配局部搜索，当前完工时间: 1874.00
2025-04-08 16:04:37,870 - DEBUG - 局部搜索未能改进当前解
2025-04-08 16:04:37,873 - DEBUG - 执行AGV分配局部搜索，当前完工时间: 1839.00
2025-04-08 16:04:37,877 - DEBUG - 局部搜索未能改进当前解
2025-04-08 16:04:37,881 - DEBUG - 执行AGV分配局部搜索，当前完工时间: 1829.00
2025-04-08 16:04:37,885 - DEBUG - 局部搜索未能改进当前解
2025-04-08 16:04:37,889 - DEBUG - 执行AGV分配局部搜索，当前完工时间: 1805.00
2025-04-08 16:04:37,892 - DEBUG - 局部搜索未能改进当前解
2025-04-08 16:04:37,896 - DEBUG - 执行AGV分配局部搜索，当前完工时间: 1871.00
2025-04-08 16:04:37,900 - DEBUG - 局部搜索未能改进当前解
2025-04-08 16:04:37,904 - DEBUG - 执行AGV分配局部搜索，当前完工时间: 1831.00
2025-04-08 16:04:37,907 - DEBUG - 局部搜索未能改进当前解
2025-04-08 16:04:37,910 - DEBUG - 执行AGV分配局部搜索，当前完工时间: 1848.00
2025-04-08 16:04:37,914 - DEBUG - AGV分配局部搜索成功！完工时间从 1848.00 降低到 1805.00，改进: 43.00 (2.33%)
2025-04-08 16:04:37,918 - DEBUG - 执行AGV分配局部搜索，当前完工时间: 1809.00
2025-04-08 16:04:37,922 - DEBUG - 局部搜索未能改进当前解
2025-04-08 16:04:37,926 - DEBUG - 执行AGV分配局部搜索，当前完工时间: 1857.00
2025-04-08 16:04:37,930 - DEBUG - 局部搜索未能改进当前解
2025-04-08 16:04:37,933 - DEBUG - 执行AGV分配局部搜索，当前完工时间: 1834.00
2025-04-08 16:04:37,937 - DEBUG - 局部搜索未能改进当前解
2025-04-08 16:04:37,941 - DEBUG - 执行AGV分配局部搜索，当前完工时间: 1822.00
2025-04-08 16:04:37,944 - DEBUG - 局部搜索未能改进当前解
2025-04-08 16:04:37,948 - DEBUG - 执行AGV分配局部搜索，当前完工时间: 1844.00
2025-04-08 16:04:37,952 - DEBUG - 局部搜索未能改进当前解
2025-04-08 16:04:37,956 - DEBUG - 执行AGV分配局部搜索，当前完工时间: 1805.00
2025-04-08 16:04:37,960 - DEBUG - 局部搜索未能改进当前解
2025-04-08 16:04:37,964 - DEBUG - 执行AGV分配局部搜索，当前完工时间: 1873.00
2025-04-08 16:04:37,966 - DEBUG - 局部搜索未能改进当前解
2025-04-08 16:04:37,971 - DEBUG - 执行AGV分配局部搜索，当前完工时间: 1767.00
2025-04-08 16:04:37,974 - DEBUG - 局部搜索未能改进当前解
2025-04-08 16:04:37,979 - DEBUG - 执行AGV分配局部搜索，当前完工时间: 1833.00
2025-04-08 16:04:37,982 - DEBUG - 局部搜索未能改进当前解
2025-04-08 16:04:37,986 - DEBUG - 执行AGV分配局部搜索，当前完工时间: 1822.00
2025-04-08 16:04:37,990 - DEBUG - 局部搜索未能改进当前解
2025-04-08 16:04:37,993 - DEBUG - 执行AGV分配局部搜索，当前完工时间: 1809.00
2025-04-08 16:04:37,997 - DEBUG - 局部搜索未能改进当前解
2025-04-08 16:04:38,000 - DEBUG - 执行AGV分配局部搜索，当前完工时间: 1877.00
2025-04-08 16:04:38,005 - DEBUG - 局部搜索未能改进当前解
2025-04-08 16:04:38,008 - DEBUG - 执行AGV分配局部搜索，当前完工时间: 1899.00
2025-04-08 16:04:38,012 - DEBUG - 局部搜索未能改进当前解
2025-04-08 16:04:38,016 - DEBUG - 执行AGV分配局部搜索，当前完工时间: 1834.00
2025-04-08 16:04:38,019 - DEBUG - 局部搜索未能改进当前解
2025-04-08 16:04:38,023 - DEBUG - 执行AGV分配局部搜索，当前完工时间: 1887.00
2025-04-08 16:04:38,027 - DEBUG - 局部搜索未能改进当前解
2025-04-08 16:04:38,030 - DEBUG - 执行AGV分配局部搜索，当前完工时间: 1864.00
2025-04-08 16:04:38,034 - DEBUG - 局部搜索未能改进当前解
2025-04-08 16:04:38,039 - DEBUG - 执行AGV分配局部搜索，当前完工时间: 1887.00
2025-04-08 16:04:38,043 - DEBUG - 局部搜索未能改进当前解
2025-04-08 16:04:38,046 - DEBUG - 执行AGV分配局部搜索，当前完工时间: 1802.00
2025-04-08 16:04:38,050 - DEBUG - 局部搜索未能改进当前解
2025-04-08 16:04:38,054 - DEBUG - 执行AGV分配局部搜索，当前完工时间: 1852.00
2025-04-08 16:04:38,057 - DEBUG - 局部搜索未能改进当前解
2025-04-08 16:04:38,060 - DEBUG - 执行AGV分配局部搜索，当前完工时间: 1832.00
2025-04-08 16:04:38,064 - DEBUG - 局部搜索未能改进当前解
2025-04-08 16:04:38,068 - DEBUG - 执行AGV分配局部搜索，当前完工时间: 1835.00
2025-04-08 16:04:38,073 - DEBUG - 局部搜索未能改进当前解
2025-04-08 16:04:38,078 - DEBUG - 执行AGV分配局部搜索，当前完工时间: 1816.00
2025-04-08 16:04:38,082 - DEBUG - 局部搜索未能改进当前解
2025-04-08 16:04:38,086 - DEBUG - 执行AGV分配局部搜索，当前完工时间: 1893.00
2025-04-08 16:04:38,091 - DEBUG - 局部搜索未能改进当前解
2025-04-08 16:04:38,095 - DEBUG - 执行AGV分配局部搜索，当前完工时间: 1825.00
2025-04-08 16:04:38,098 - DEBUG - 局部搜索未能改进当前解
2025-04-08 16:04:38,102 - DEBUG - 执行AGV分配局部搜索，当前完工时间: 1820.00
2025-04-08 16:04:38,106 - DEBUG - 局部搜索未能改进当前解
2025-04-08 16:04:38,109 - DEBUG - 执行AGV分配局部搜索，当前完工时间: 1930.00
2025-04-08 16:04:38,114 - DEBUG - 局部搜索未能改进当前解
2025-04-08 16:04:38,118 - DEBUG - 执行AGV分配局部搜索，当前完工时间: 1896.00
2025-04-08 16:04:38,120 - DEBUG - 局部搜索未能改进当前解
2025-04-08 16:04:38,125 - DEBUG - 执行AGV分配局部搜索，当前完工时间: 1831.00
2025-04-08 16:04:38,128 - DEBUG - 局部搜索未能改进当前解
2025-04-08 16:04:38,132 - DEBUG - 执行AGV分配局部搜索，当前完工时间: 1848.00
2025-04-08 16:04:38,135 - DEBUG - AGV分配局部搜索成功！完工时间从 1848.00 降低到 1843.00，改进: 5.00 (0.27%)
2025-04-08 16:04:38,140 - DEBUG - 执行AGV分配局部搜索，当前完工时间: 1766.00
2025-04-08 16:04:38,143 - DEBUG - 局部搜索未能改进当前解
2025-04-08 16:04:38,146 - DEBUG - 执行AGV分配局部搜索，当前完工时间: 1864.00
2025-04-08 16:04:38,150 - DEBUG - AGV分配局部搜索成功！完工时间从 1864.00 降低到 1856.00，改进: 8.00 (0.43%)
2025-04-08 16:04:38,154 - DEBUG - 执行AGV分配局部搜索，当前完工时间: 1898.00
2025-04-08 16:04:38,158 - DEBUG - 局部搜索未能改进当前解
2025-04-08 16:04:38,160 - DEBUG - 执行AGV分配局部搜索，当前完工时间: 1793.00
2025-04-08 16:04:38,164 - DEBUG - 局部搜索未能改进当前解
2025-04-08 16:04:38,169 - DEBUG - 执行AGV分配局部搜索，当前完工时间: 1849.00
2025-04-08 16:04:38,172 - DEBUG - 局部搜索未能改进当前解
2025-04-08 16:04:38,176 - DEBUG - 执行AGV分配局部搜索，当前完工时间: 1851.00
2025-04-08 16:04:38,180 - DEBUG - 局部搜索未能改进当前解
2025-04-08 16:04:38,184 - DEBUG - 执行AGV分配局部搜索，当前完工时间: 1752.00
2025-04-08 16:04:38,187 - DEBUG - 局部搜索未能改进当前解
2025-04-08 16:04:38,191 - DEBUG - 执行AGV分配局部搜索，当前完工时间: 1822.00
2025-04-08 16:04:38,195 - DEBUG - 局部搜索未能改进当前解
2025-04-08 16:04:38,198 - DEBUG - 执行AGV分配局部搜索，当前完工时间: 1826.00
2025-04-08 16:04:38,201 - DEBUG - AGV分配局部搜索成功！完工时间从 1826.00 降低到 1823.00，改进: 3.00 (0.16%)
2025-04-08 16:04:38,206 - DEBUG - 执行AGV分配局部搜索，当前完工时间: 1868.00
2025-04-08 16:04:38,208 - DEBUG - AGV分配局部搜索成功！完工时间从 1868.00 降低到 1861.00，改进: 7.00 (0.37%)
2025-04-08 16:04:38,212 - DEBUG - 执行AGV分配局部搜索，当前完工时间: 1908.00
2025-04-08 16:04:38,216 - DEBUG - 局部搜索未能改进当前解
2025-04-08 16:04:38,220 - DEBUG - 执行AGV分配局部搜索，当前完工时间: 1851.00
2025-04-08 16:04:38,223 - DEBUG - 局部搜索未能改进当前解
2025-04-08 16:04:38,229 - DEBUG - 执行AGV分配局部搜索，当前完工时间: 1843.00
2025-04-08 16:04:38,232 - DEBUG - 局部搜索未能改进当前解
2025-04-08 16:04:38,236 - DEBUG - 执行AGV分配局部搜索，当前完工时间: 1836.00
2025-04-08 16:04:38,240 - DEBUG - 局部搜索未能改进当前解
2025-04-08 16:04:38,244 - DEBUG - 执行AGV分配局部搜索，当前完工时间: 1810.00
2025-04-08 16:04:38,247 - DEBUG - 局部搜索未能改进当前解
2025-04-08 16:04:38,251 - DEBUG - 执行AGV分配局部搜索，当前完工时间: 1792.00
2025-04-08 16:04:38,254 - DEBUG - 局部搜索未能改进当前解
2025-04-08 16:04:38,258 - DEBUG - 执行AGV分配局部搜索，当前完工时间: 1856.00
2025-04-08 16:04:38,262 - DEBUG - 局部搜索未能改进当前解
2025-04-08 16:04:38,266 - DEBUG - 执行AGV分配局部搜索，当前完工时间: 1810.00
2025-04-08 16:04:38,269 - DEBUG - 局部搜索未能改进当前解
2025-04-08 16:04:38,269 - DEBUG - ==================================================
2025-04-08 16:04:38,269 - DEBUG - Efficiency Statistics of Local Search :
2025-04-08 16:04:38,269 - DEBUG - Number of attempts: 99
2025-04-08 16:04:38,269 - DEBUG - Average Success Rate: 10.10%
2025-04-08 16:04:38,269 - DEBUG - AGV Local Search Success: 10，Average Improvement: 17.80
2025-04-08 16:04:38,274 - DEBUG - 执行AGV分配局部搜索，当前完工时间: 1864.00
2025-04-08 16:04:38,278 - DEBUG - AGV分配局部搜索成功！完工时间从 1864.00 降低到 1861.00，改进: 3.00 (0.16%)
2025-04-08 16:04:38,281 - DEBUG - 执行AGV分配局部搜索，当前完工时间: 1822.00
2025-04-08 16:04:38,285 - DEBUG - 局部搜索未能改进当前解
2025-04-08 16:04:38,289 - DEBUG - 执行AGV分配局部搜索，当前完工时间: 1834.00
2025-04-08 16:04:38,293 - DEBUG - 局部搜索未能改进当前解
2025-04-08 16:04:38,295 - DEBUG - 执行AGV分配局部搜索，当前完工时间: 1760.00
2025-04-08 16:04:38,300 - DEBUG - 局部搜索未能改进当前解
2025-04-08 16:04:38,303 - DEBUG - 执行AGV分配局部搜索，当前完工时间: 1845.00
2025-04-08 16:04:38,307 - DEBUG - 局部搜索未能改进当前解
2025-04-08 16:04:38,311 - DEBUG - 执行AGV分配局部搜索，当前完工时间: 1872.00
2025-04-08 16:04:38,314 - DEBUG - AGV分配局部搜索成功！完工时间从 1872.00 降低到 1806.00，改进: 66.00 (3.53%)
2025-04-08 16:04:38,318 - DEBUG - 执行AGV分配局部搜索，当前完工时间: 1782.00
2025-04-08 16:04:38,322 - DEBUG - 局部搜索未能改进当前解
2025-04-08 16:04:38,325 - DEBUG - 执行AGV分配局部搜索，当前完工时间: 1904.00
2025-04-08 16:04:38,329 - DEBUG - 局部搜索未能改进当前解
2025-04-08 16:04:38,333 - DEBUG - 执行AGV分配局部搜索，当前完工时间: 1814.00
2025-04-08 16:04:38,336 - DEBUG - 局部搜索未能改进当前解
2025-04-08 16:04:38,341 - DEBUG - 执行AGV分配局部搜索，当前完工时间: 1902.00
2025-04-08 16:04:38,345 - DEBUG - 局部搜索未能改进当前解
2025-04-08 16:04:38,348 - DEBUG - 执行AGV分配局部搜索，当前完工时间: 1766.00
2025-04-08 16:04:38,351 - DEBUG - 局部搜索未能改进当前解
2025-04-08 16:04:38,355 - DEBUG - 执行AGV分配局部搜索，当前完工时间: 1859.00
2025-04-08 16:04:38,359 - DEBUG - 局部搜索未能改进当前解
2025-04-08 16:04:38,364 - DEBUG - 执行AGV分配局部搜索，当前完工时间: 1945.00
2025-04-08 16:04:38,366 - DEBUG - 局部搜索未能改进当前解
2025-04-08 16:04:38,371 - DEBUG - 执行AGV分配局部搜索，当前完工时间: 1832.00
2025-04-08 16:04:38,374 - DEBUG - 局部搜索未能改进当前解
2025-04-08 16:04:38,378 - DEBUG - 执行AGV分配局部搜索，当前完工时间: 1903.00
2025-04-08 16:04:38,382 - DEBUG - 局部搜索未能改进当前解
2025-04-08 16:04:38,386 - DEBUG - 执行AGV分配局部搜索，当前完工时间: 1797.00
2025-04-08 16:04:38,389 - DEBUG - 局部搜索未能改进当前解
2025-04-08 16:04:38,393 - DEBUG - 执行AGV分配局部搜索，当前完工时间: 1825.00
2025-04-08 16:04:38,396 - DEBUG - 局部搜索未能改进当前解
2025-04-08 16:04:38,400 - DEBUG - 执行AGV分配局部搜索，当前完工时间: 1849.00
2025-04-08 16:04:38,403 - DEBUG - 局部搜索未能改进当前解
2025-04-08 16:04:38,407 - DEBUG - 执行AGV分配局部搜索，当前完工时间: 1830.00
2025-04-08 16:04:38,410 - DEBUG - 局部搜索未能改进当前解
2025-04-08 16:04:38,414 - DEBUG - 执行AGV分配局部搜索，当前完工时间: 1768.00
2025-04-08 16:04:38,418 - DEBUG - 局部搜索未能改进当前解
2025-04-08 16:04:38,421 - DEBUG - 执行AGV分配局部搜索，当前完工时间: 1850.00
2025-04-08 16:04:38,425 - DEBUG - AGV分配局部搜索成功！完工时间从 1850.00 降低到 1836.00，改进: 14.00 (0.76%)
2025-04-08 16:04:38,429 - DEBUG - 执行AGV分配局部搜索，当前完工时间: 1734.00
2025-04-08 16:04:38,432 - DEBUG - 局部搜索未能改进当前解
2025-04-08 16:04:38,436 - DEBUG - 执行AGV分配局部搜索，当前完工时间: 1855.00
2025-04-08 16:04:38,441 - DEBUG - AGV分配局部搜索成功！完工时间从 1855.00 降低到 1848.00，改进: 7.00 (0.38%)
2025-04-08 16:04:38,444 - DEBUG - 执行AGV分配局部搜索，当前完工时间: 1877.00
2025-04-08 16:04:38,447 - DEBUG - 局部搜索未能改进当前解
2025-04-08 16:04:38,452 - DEBUG - 执行AGV分配局部搜索，当前完工时间: 1853.00
2025-04-08 16:04:38,456 - DEBUG - 局部搜索未能改进当前解
2025-04-08 16:04:38,459 - DEBUG - 执行AGV分配局部搜索，当前完工时间: 1797.00
2025-04-08 16:04:38,463 - DEBUG - 局部搜索未能改进当前解
2025-04-08 16:04:38,467 - DEBUG - 执行AGV分配局部搜索，当前完工时间: 1796.00
2025-04-08 16:04:38,470 - DEBUG - 局部搜索未能改进当前解
2025-04-08 16:04:38,473 - DEBUG - 执行AGV分配局部搜索，当前完工时间: 1804.00
2025-04-08 16:04:38,478 - DEBUG - 局部搜索未能改进当前解
2025-04-08 16:04:38,481 - DEBUG - 执行AGV分配局部搜索，当前完工时间: 1827.00
2025-04-08 16:04:38,485 - DEBUG - 局部搜索未能改进当前解
2025-04-08 16:04:38,488 - DEBUG - 执行AGV分配局部搜索，当前完工时间: 1859.00
2025-04-08 16:04:38,492 - DEBUG - 局部搜索未能改进当前解
2025-04-08 16:04:38,497 - DEBUG - 执行AGV分配局部搜索，当前完工时间: 1900.00
2025-04-08 16:04:38,500 - DEBUG - 局部搜索未能改进当前解
2025-04-08 16:04:38,503 - DEBUG - 执行AGV分配局部搜索，当前完工时间: 1857.00
2025-04-08 16:04:38,507 - DEBUG - 局部搜索未能改进当前解
2025-04-08 16:04:38,511 - DEBUG - 执行AGV分配局部搜索，当前完工时间: 1876.00
2025-04-08 16:04:38,514 - DEBUG - 局部搜索未能改进当前解
2025-04-08 16:04:38,518 - DEBUG - 执行AGV分配局部搜索，当前完工时间: 1803.00
2025-04-08 16:04:38,522 - DEBUG - 局部搜索未能改进当前解
2025-04-08 16:04:38,525 - DEBUG - 执行AGV分配局部搜索，当前完工时间: 1839.00
2025-04-08 16:04:38,530 - DEBUG - 局部搜索未能改进当前解
2025-04-08 16:04:38,534 - DEBUG - 执行AGV分配局部搜索，当前完工时间: 1886.00
2025-04-08 16:04:38,537 - DEBUG - 局部搜索未能改进当前解
2025-04-08 16:04:38,541 - DEBUG - 执行AGV分配局部搜索，当前完工时间: 1807.00
2025-04-08 16:04:38,545 - DEBUG - 局部搜索未能改进当前解
2025-04-08 16:04:38,549 - DEBUG - 执行AGV分配局部搜索，当前完工时间: 1823.00
2025-04-08 16:04:38,553 - DEBUG - AGV分配局部搜索成功！完工时间从 1823.00 降低到 1785.00，改进: 38.00 (2.08%)
2025-04-08 16:04:38,556 - DEBUG - 执行AGV分配局部搜索，当前完工时间: 1822.00
2025-04-08 16:04:38,559 - DEBUG - AGV分配局部搜索成功！完工时间从 1822.00 降低到 1818.00，改进: 4.00 (0.22%)
2025-04-08 16:04:38,563 - DEBUG - 执行AGV分配局部搜索，当前完工时间: 1934.00
2025-04-08 16:04:38,566 - DEBUG - 局部搜索未能改进当前解
2025-04-08 16:04:38,571 - DEBUG - 执行AGV分配局部搜索，当前完工时间: 1786.00
2025-04-08 16:04:38,575 - DEBUG - 局部搜索未能改进当前解
2025-04-08 16:04:38,579 - DEBUG - 执行AGV分配局部搜索，当前完工时间: 1900.00
2025-04-08 16:04:38,583 - DEBUG - 局部搜索未能改进当前解
2025-04-08 16:04:38,586 - DEBUG - 执行AGV分配局部搜索，当前完工时间: 1822.00
2025-04-08 16:04:38,589 - DEBUG - 局部搜索未能改进当前解
2025-04-08 16:04:38,593 - DEBUG - 执行AGV分配局部搜索，当前完工时间: 1885.00
2025-04-08 16:04:38,598 - DEBUG - 局部搜索未能改进当前解
2025-04-08 16:04:38,602 - DEBUG - 执行AGV分配局部搜索，当前完工时间: 1875.00
2025-04-08 16:04:38,605 - DEBUG - 局部搜索未能改进当前解
2025-04-08 16:04:38,608 - DEBUG - 执行AGV分配局部搜索，当前完工时间: 1769.00
2025-04-08 16:04:38,612 - DEBUG - 局部搜索未能改进当前解
2025-04-08 16:04:38,617 - DEBUG - 执行AGV分配局部搜索，当前完工时间: 1794.00
2025-04-08 16:04:38,620 - DEBUG - 局部搜索未能改进当前解
2025-04-08 16:04:38,624 - DEBUG - 执行AGV分配局部搜索，当前完工时间: 1926.00
2025-04-08 16:04:38,626 - DEBUG - 局部搜索未能改进当前解
2025-04-08 16:04:38,632 - DEBUG - 执行AGV分配局部搜索，当前完工时间: 1810.00
2025-04-08 16:04:38,635 - DEBUG - AGV分配局部搜索成功！完工时间从 1810.00 降低到 1805.00，改进: 5.00 (0.28%)
2025-04-08 16:04:38,639 - DEBUG - 执行AGV分配局部搜索，当前完工时间: 1772.00
2025-04-08 16:04:38,642 - DEBUG - 局部搜索未能改进当前解
2025-04-08 16:04:38,646 - DEBUG - 执行AGV分配局部搜索，当前完工时间: 1810.00
2025-04-08 16:04:38,651 - DEBUG - 局部搜索未能改进当前解
2025-04-08 16:04:38,654 - DEBUG - 执行AGV分配局部搜索，当前完工时间: 1828.00
2025-04-08 16:04:38,658 - DEBUG - 局部搜索未能改进当前解
2025-04-08 16:04:38,662 - DEBUG - 执行AGV分配局部搜索，当前完工时间: 1812.00
2025-04-08 16:04:38,664 - DEBUG - 局部搜索未能改进当前解
2025-04-08 16:04:38,668 - DEBUG - 执行AGV分配局部搜索，当前完工时间: 1809.00
2025-04-08 16:04:38,672 - DEBUG - AGV分配局部搜索成功！完工时间从 1809.00 降低到 1802.00，改进: 7.00 (0.39%)
2025-04-08 16:04:38,675 - DEBUG - 执行AGV分配局部搜索，当前完工时间: 1749.00
2025-04-08 16:04:38,680 - DEBUG - 局部搜索未能改进当前解
2025-04-08 16:04:38,683 - DEBUG - 执行AGV分配局部搜索，当前完工时间: 1782.00
2025-04-08 16:04:38,686 - DEBUG - 局部搜索未能改进当前解
2025-04-08 16:04:38,691 - DEBUG - 执行AGV分配局部搜索，当前完工时间: 1824.00
2025-04-08 16:04:38,694 - DEBUG - 局部搜索未能改进当前解
2025-04-08 16:04:38,697 - DEBUG - 执行AGV分配局部搜索，当前完工时间: 1808.00
2025-04-08 16:04:38,702 - DEBUG - 局部搜索未能改进当前解
2025-04-08 16:04:38,705 - DEBUG - 执行AGV分配局部搜索，当前完工时间: 1844.00
2025-04-08 16:04:38,710 - DEBUG - 局部搜索未能改进当前解
2025-04-08 16:04:38,714 - DEBUG - 执行AGV分配局部搜索，当前完工时间: 1754.00
2025-04-08 16:04:38,716 - DEBUG - 局部搜索未能改进当前解
2025-04-08 16:04:38,720 - DEBUG - 执行AGV分配局部搜索，当前完工时间: 1889.00
2025-04-08 16:04:38,725 - DEBUG - 局部搜索未能改进当前解
2025-04-08 16:04:38,729 - DEBUG - 执行AGV分配局部搜索，当前完工时间: 1847.00
2025-04-08 16:04:38,733 - DEBUG - AGV分配局部搜索成功！完工时间从 1847.00 降低到 1830.00，改进: 17.00 (0.92%)
2025-04-08 16:04:38,737 - DEBUG - 执行AGV分配局部搜索，当前完工时间: 1750.00
2025-04-08 16:04:38,740 - DEBUG - 局部搜索未能改进当前解
2025-04-08 16:04:38,744 - DEBUG - 执行AGV分配局部搜索，当前完工时间: 1974.00
2025-04-08 16:04:38,747 - DEBUG - 局部搜索未能改进当前解
2025-04-08 16:04:38,752 - DEBUG - 执行AGV分配局部搜索，当前完工时间: 1936.00
2025-04-08 16:04:38,755 - DEBUG - 局部搜索未能改进当前解
2025-04-08 16:04:38,759 - DEBUG - 执行AGV分配局部搜索，当前完工时间: 1765.00
2025-04-08 16:04:38,762 - DEBUG - 局部搜索未能改进当前解
2025-04-08 16:04:38,766 - DEBUG - 执行AGV分配局部搜索，当前完工时间: 1754.00
2025-04-08 16:04:38,770 - DEBUG - 局部搜索未能改进当前解
2025-04-08 16:04:38,774 - DEBUG - 执行AGV分配局部搜索，当前完工时间: 1815.00
2025-04-08 16:04:38,777 - DEBUG - AGV分配局部搜索成功！完工时间从 1815.00 降低到 1800.00，改进: 15.00 (0.83%)
2025-04-08 16:04:38,781 - DEBUG - 执行AGV分配局部搜索，当前完工时间: 1776.00
2025-04-08 16:04:38,785 - DEBUG - AGV分配局部搜索成功！完工时间从 1776.00 降低到 1771.00，改进: 5.00 (0.28%)
2025-04-08 16:04:38,788 - DEBUG - 执行AGV分配局部搜索，当前完工时间: 1851.00
2025-04-08 16:04:38,792 - DEBUG - 局部搜索未能改进当前解
2025-04-08 16:04:38,796 - DEBUG - 执行AGV分配局部搜索，当前完工时间: 1856.00
2025-04-08 16:04:38,801 - DEBUG - 局部搜索未能改进当前解
2025-04-08 16:04:38,804 - DEBUG - 执行AGV分配局部搜索，当前完工时间: 1801.00
2025-04-08 16:04:38,807 - DEBUG - AGV分配局部搜索成功！完工时间从 1801.00 降低到 1800.00，改进: 1.00 (0.06%)
2025-04-08 16:04:38,811 - DEBUG - 执行AGV分配局部搜索，当前完工时间: 1843.00
2025-04-08 16:04:38,814 - DEBUG - AGV分配局部搜索成功！完工时间从 1843.00 降低到 1806.00，改进: 37.00 (2.01%)
2025-04-08 16:04:38,818 - DEBUG - 执行AGV分配局部搜索，当前完工时间: 1815.00
2025-04-08 16:04:38,822 - DEBUG - 局部搜索未能改进当前解
2025-04-08 16:04:38,825 - DEBUG - 执行AGV分配局部搜索，当前完工时间: 1914.00
2025-04-08 16:04:38,830 - DEBUG - AGV分配局部搜索成功！完工时间从 1914.00 降低到 1844.00，改进: 70.00 (3.66%)
2025-04-08 16:04:38,834 - DEBUG - 执行AGV分配局部搜索，当前完工时间: 1883.00
2025-04-08 16:04:38,837 - DEBUG - 局部搜索未能改进当前解
2025-04-08 16:04:38,841 - DEBUG - 执行AGV分配局部搜索，当前完工时间: 1875.00
2025-04-08 16:04:38,845 - DEBUG - 局部搜索未能改进当前解
2025-04-08 16:04:38,850 - DEBUG - 执行AGV分配局部搜索，当前完工时间: 1865.00
2025-04-08 16:04:38,853 - DEBUG - 局部搜索未能改进当前解
2025-04-08 16:04:38,857 - DEBUG - 执行AGV分配局部搜索，当前完工时间: 1839.00
2025-04-08 16:04:38,860 - DEBUG - 局部搜索未能改进当前解
2025-04-08 16:04:38,864 - DEBUG - 执行AGV分配局部搜索，当前完工时间: 1793.00
2025-04-08 16:04:38,867 - DEBUG - 局部搜索未能改进当前解
2025-04-08 16:04:38,871 - DEBUG - 执行AGV分配局部搜索，当前完工时间: 1900.00
2025-04-08 16:04:38,875 - DEBUG - 局部搜索未能改进当前解
2025-04-08 16:04:38,879 - DEBUG - 执行AGV分配局部搜索，当前完工时间: 1956.00
2025-04-08 16:04:38,882 - DEBUG - AGV分配局部搜索成功！完工时间从 1956.00 降低到 1934.00，改进: 22.00 (1.12%)
2025-04-08 16:04:38,885 - DEBUG - 执行AGV分配局部搜索，当前完工时间: 1812.00
2025-04-08 16:04:38,890 - DEBUG - 局部搜索未能改进当前解
2025-04-08 16:04:38,893 - DEBUG - 执行AGV分配局部搜索，当前完工时间: 1834.00
2025-04-08 16:04:38,897 - DEBUG - 局部搜索未能改进当前解
2025-04-08 16:04:38,901 - DEBUG - 执行AGV分配局部搜索，当前完工时间: 1798.00
2025-04-08 16:04:38,904 - DEBUG - 局部搜索未能改进当前解
2025-04-08 16:04:38,908 - DEBUG - 执行AGV分配局部搜索，当前完工时间: 1913.00
2025-04-08 16:04:38,912 - DEBUG - 局部搜索未能改进当前解
2025-04-08 16:04:38,915 - DEBUG - 执行AGV分配局部搜索，当前完工时间: 1851.00
2025-04-08 16:04:38,920 - DEBUG - 局部搜索未能改进当前解
2025-04-08 16:04:38,923 - DEBUG - 执行AGV分配局部搜索，当前完工时间: 1897.00
2025-04-08 16:04:38,927 - DEBUG - AGV分配局部搜索成功！完工时间从 1897.00 降低到 1892.00，改进: 5.00 (0.26%)
2025-04-08 16:04:38,931 - DEBUG - 执行AGV分配局部搜索，当前完工时间: 1928.00
2025-04-08 16:04:38,934 - DEBUG - 局部搜索未能改进当前解
2025-04-08 16:04:38,939 - DEBUG - 执行AGV分配局部搜索，当前完工时间: 1807.00
2025-04-08 16:04:38,942 - DEBUG - AGV分配局部搜索成功！完工时间从 1807.00 降低到 1787.00，改进: 20.00 (1.11%)
2025-04-08 16:04:38,945 - DEBUG - 执行AGV分配局部搜索，当前完工时间: 1839.00
2025-04-08 16:04:38,949 - DEBUG - AGV分配局部搜索成功！完工时间从 1839.00 降低到 1838.00，改进: 1.00 (0.05%)
2025-04-08 16:04:38,953 - DEBUG - 执行AGV分配局部搜索，当前完工时间: 1878.00
2025-04-08 16:04:38,957 - DEBUG - 局部搜索未能改进当前解
2025-04-08 16:04:38,960 - DEBUG - 执行AGV分配局部搜索，当前完工时间: 1805.00
2025-04-08 16:04:38,964 - DEBUG - 局部搜索未能改进当前解
2025-04-08 16:04:38,968 - DEBUG - 执行AGV分配局部搜索，当前完工时间: 1912.00
2025-04-08 16:04:38,971 - DEBUG - 局部搜索未能改进当前解
2025-04-08 16:04:38,975 - DEBUG - 执行AGV分配局部搜索，当前完工时间: 1780.00
2025-04-08 16:04:38,979 - DEBUG - 局部搜索未能改进当前解
2025-04-08 16:04:38,982 - DEBUG - 执行AGV分配局部搜索，当前完工时间: 1871.00
2025-04-08 16:04:38,986 - DEBUG - 局部搜索未能改进当前解
2025-04-08 16:04:38,990 - DEBUG - 执行AGV分配局部搜索，当前完工时间: 1796.00
2025-04-08 16:04:38,994 - DEBUG - 局部搜索未能改进当前解
2025-04-08 16:04:38,997 - DEBUG - 执行AGV分配局部搜索，当前完工时间: 1810.00
2025-04-08 16:04:39,001 - DEBUG - 局部搜索未能改进当前解
2025-04-08 16:04:39,005 - DEBUG - 执行AGV分配局部搜索，当前完工时间: 1832.00
2025-04-08 16:04:39,009 - DEBUG - 局部搜索未能改进当前解
2025-04-08 16:04:39,009 - DEBUG - ==================================================
2025-04-08 16:04:39,009 - DEBUG - Efficiency Statistics of Local Search :
2025-04-08 16:04:39,009 - DEBUG - Number of attempts: 99
2025-04-08 16:04:39,009 - DEBUG - Average Success Rate: 18.18%
2025-04-08 16:04:39,009 - DEBUG - AGV Local Search Success: 18，Average Improvement: 18.72
2025-04-08 16:04:39,012 - DEBUG - 执行AGV分配局部搜索，当前完工时间: 1760.00
2025-04-08 16:04:39,016 - DEBUG - 局部搜索未能改进当前解
2025-04-08 16:04:39,022 - DEBUG - 执行AGV分配局部搜索，当前完工时间: 1961.00
2025-04-08 16:04:39,027 - DEBUG - AGV分配局部搜索成功！完工时间从 1961.00 降低到 1865.00，改进: 96.00 (4.90%)
2025-04-08 16:04:39,030 - DEBUG - 执行AGV分配局部搜索，当前完工时间: 1736.00
2025-04-08 16:04:39,034 - DEBUG - 局部搜索未能改进当前解
2025-04-08 16:04:39,037 - DEBUG - 执行AGV分配局部搜索，当前完工时间: 1826.00
2025-04-08 16:04:39,042 - DEBUG - 局部搜索未能改进当前解
2025-04-08 16:04:39,045 - DEBUG - 执行AGV分配局部搜索，当前完工时间: 1822.00
2025-04-08 16:04:39,048 - DEBUG - 局部搜索未能改进当前解
2025-04-08 16:04:39,053 - DEBUG - 执行AGV分配局部搜索，当前完工时间: 1789.00
2025-04-08 16:04:39,057 - DEBUG - AGV分配局部搜索成功！完工时间从 1789.00 降低到 1785.00，改进: 4.00 (0.22%)
2025-04-08 16:04:39,060 - DEBUG - 执行AGV分配局部搜索，当前完工时间: 1812.00
2025-04-08 16:04:39,064 - DEBUG - 局部搜索未能改进当前解
2025-04-08 16:04:39,068 - DEBUG - 执行AGV分配局部搜索，当前完工时间: 1854.00
2025-04-08 16:04:39,071 - DEBUG - 局部搜索未能改进当前解
2025-04-08 16:04:39,075 - DEBUG - 执行AGV分配局部搜索，当前完工时间: 1897.00
2025-04-08 16:04:39,079 - DEBUG - 局部搜索未能改进当前解
2025-04-08 16:04:39,084 - DEBUG - 执行AGV分配局部搜索，当前完工时间: 1780.00
2025-04-08 16:04:39,089 - DEBUG - 局部搜索未能改进当前解
2025-04-08 16:04:39,093 - DEBUG - 执行AGV分配局部搜索，当前完工时间: 1773.00
2025-04-08 16:04:39,097 - DEBUG - 局部搜索未能改进当前解
2025-04-08 16:04:39,101 - DEBUG - 执行AGV分配局部搜索，当前完工时间: 1810.00
2025-04-08 16:04:39,104 - DEBUG - 局部搜索未能改进当前解
2025-04-08 16:04:39,108 - DEBUG - 执行AGV分配局部搜索，当前完工时间: 1748.00
2025-04-08 16:04:39,112 - DEBUG - 局部搜索未能改进当前解
2025-04-08 16:04:39,116 - DEBUG - 执行AGV分配局部搜索，当前完工时间: 1799.00
2025-04-08 16:04:39,120 - DEBUG - 局部搜索未能改进当前解
2025-04-08 16:04:39,123 - DEBUG - 执行AGV分配局部搜索，当前完工时间: 1879.00
2025-04-08 16:04:39,126 - DEBUG - 局部搜索未能改进当前解
2025-04-08 16:04:39,130 - DEBUG - 执行AGV分配局部搜索，当前完工时间: 1859.00
2025-04-08 16:04:39,135 - DEBUG - 局部搜索未能改进当前解
2025-04-08 16:04:39,138 - DEBUG - 执行AGV分配局部搜索，当前完工时间: 1803.00
2025-04-08 16:04:39,142 - DEBUG - 局部搜索未能改进当前解
2025-04-08 16:04:39,145 - DEBUG - 执行AGV分配局部搜索，当前完工时间: 1822.00
2025-04-08 16:04:39,149 - DEBUG - 局部搜索未能改进当前解
2025-04-08 16:04:39,152 - DEBUG - 执行AGV分配局部搜索，当前完工时间: 1845.00
2025-04-08 16:04:39,157 - DEBUG - 局部搜索未能改进当前解
2025-04-08 16:04:39,160 - DEBUG - 执行AGV分配局部搜索，当前完工时间: 1855.00
2025-04-08 16:04:39,164 - DEBUG - 局部搜索未能改进当前解
2025-04-08 16:04:39,168 - DEBUG - 执行AGV分配局部搜索，当前完工时间: 1749.00
2025-04-08 16:04:39,170 - DEBUG - 局部搜索未能改进当前解
2025-04-08 16:04:39,175 - DEBUG - 执行AGV分配局部搜索，当前完工时间: 1747.00
2025-04-08 16:04:39,178 - DEBUG - 局部搜索未能改进当前解
2025-04-08 16:04:39,182 - DEBUG - 执行AGV分配局部搜索，当前完工时间: 1791.00
2025-04-08 16:04:39,186 - DEBUG - 局部搜索未能改进当前解
2025-04-08 16:04:39,189 - DEBUG - 执行AGV分配局部搜索，当前完工时间: 1839.00
2025-04-08 16:04:39,193 - DEBUG - 局部搜索未能改进当前解
2025-04-08 16:04:39,197 - DEBUG - 执行AGV分配局部搜索，当前完工时间: 1805.00
2025-04-08 16:04:39,200 - DEBUG - 局部搜索未能改进当前解
2025-04-08 16:04:39,204 - DEBUG - 执行AGV分配局部搜索，当前完工时间: 2022.00
2025-04-08 16:04:39,208 - DEBUG - AGV分配局部搜索成功！完工时间从 2022.00 降低到 1982.00，改进: 40.00 (1.98%)
2025-04-08 16:04:39,212 - DEBUG - 执行AGV分配局部搜索，当前完工时间: 1782.00
2025-04-08 16:04:39,214 - DEBUG - 局部搜索未能改进当前解
2025-04-08 16:04:39,218 - DEBUG - 执行AGV分配局部搜索，当前完工时间: 1829.00
2025-04-08 16:04:39,222 - DEBUG - 局部搜索未能改进当前解
2025-04-08 16:04:39,225 - DEBUG - 执行AGV分配局部搜索，当前完工时间: 1817.00
2025-04-08 16:04:39,230 - DEBUG - AGV分配局部搜索成功！完工时间从 1817.00 降低到 1800.00，改进: 17.00 (0.94%)
2025-04-08 16:04:39,234 - DEBUG - 执行AGV分配局部搜索，当前完工时间: 1832.00
2025-04-08 16:04:39,237 - DEBUG - 局部搜索未能改进当前解
2025-04-08 16:04:39,242 - DEBUG - 执行AGV分配局部搜索，当前完工时间: 1833.00
2025-04-08 16:04:39,246 - DEBUG - 局部搜索未能改进当前解
2025-04-08 16:04:39,249 - DEBUG - 执行AGV分配局部搜索，当前完工时间: 1865.00
2025-04-08 16:04:39,253 - DEBUG - 局部搜索未能改进当前解
2025-04-08 16:04:39,256 - DEBUG - 执行AGV分配局部搜索，当前完工时间: 1877.00
2025-04-08 16:04:39,260 - DEBUG - 局部搜索未能改进当前解
2025-04-08 16:04:39,264 - DEBUG - 执行AGV分配局部搜索，当前完工时间: 1838.00
2025-04-08 16:04:39,268 - DEBUG - 局部搜索未能改进当前解
2025-04-08 16:04:39,272 - DEBUG - 执行AGV分配局部搜索，当前完工时间: 1856.00
2025-04-08 16:04:39,275 - DEBUG - 局部搜索未能改进当前解
2025-04-08 16:04:39,279 - DEBUG - 执行AGV分配局部搜索，当前完工时间: 1860.00
2025-04-08 16:04:39,283 - DEBUG - 局部搜索未能改进当前解
2025-04-08 16:04:39,287 - DEBUG - 执行AGV分配局部搜索，当前完工时间: 1820.00
2025-04-08 16:04:39,290 - DEBUG - 局部搜索未能改进当前解
2025-04-08 16:04:39,294 - DEBUG - 执行AGV分配局部搜索，当前完工时间: 1820.00
2025-04-08 16:04:39,297 - DEBUG - 局部搜索未能改进当前解
2025-04-08 16:04:39,301 - DEBUG - 执行AGV分配局部搜索，当前完工时间: 1935.00
2025-04-08 16:04:39,304 - DEBUG - 局部搜索未能改进当前解
2025-04-08 16:04:39,308 - DEBUG - 执行AGV分配局部搜索，当前完工时间: 1803.00
2025-04-08 16:04:39,312 - DEBUG - 局部搜索未能改进当前解
2025-04-08 16:04:39,316 - DEBUG - 执行AGV分配局部搜索，当前完工时间: 1828.00
2025-04-08 16:04:39,320 - DEBUG - 局部搜索未能改进当前解
2025-04-08 16:04:39,323 - DEBUG - 执行AGV分配局部搜索，当前完工时间: 1843.00
2025-04-08 16:04:39,326 - DEBUG - 局部搜索未能改进当前解
2025-04-08 16:04:39,331 - DEBUG - 执行AGV分配局部搜索，当前完工时间: 1797.00
2025-04-08 16:04:39,334 - DEBUG - 局部搜索未能改进当前解
2025-04-08 16:04:39,338 - DEBUG - 执行AGV分配局部搜索，当前完工时间: 1920.00
2025-04-08 16:04:39,341 - DEBUG - 局部搜索未能改进当前解
2025-04-08 16:04:39,345 - DEBUG - 执行AGV分配局部搜索，当前完工时间: 1809.00
2025-04-08 16:04:39,348 - DEBUG - 局部搜索未能改进当前解
2025-04-08 16:04:39,353 - DEBUG - 执行AGV分配局部搜索，当前完工时间: 1825.00
2025-04-08 16:04:39,357 - DEBUG - 局部搜索未能改进当前解
2025-04-08 16:04:39,360 - DEBUG - 执行AGV分配局部搜索，当前完工时间: 1786.00
2025-04-08 16:04:39,364 - DEBUG - 局部搜索未能改进当前解
2025-04-08 16:04:39,368 - DEBUG - 执行AGV分配局部搜索，当前完工时间: 1762.00
2025-04-08 16:04:39,371 - DEBUG - 局部搜索未能改进当前解
2025-04-08 16:04:39,375 - DEBUG - 执行AGV分配局部搜索，当前完工时间: 1878.00
2025-04-08 16:04:39,379 - DEBUG - 局部搜索未能改进当前解
2025-04-08 16:04:39,383 - DEBUG - 执行AGV分配局部搜索，当前完工时间: 1850.00
2025-04-08 16:04:39,386 - DEBUG - 局部搜索未能改进当前解
2025-04-08 16:04:39,391 - DEBUG - 执行AGV分配局部搜索，当前完工时间: 1841.00
2025-04-08 16:04:39,394 - DEBUG - 局部搜索未能改进当前解
2025-04-08 16:04:39,397 - DEBUG - 执行AGV分配局部搜索，当前完工时间: 1868.00
2025-04-08 16:04:39,402 - DEBUG - 局部搜索未能改进当前解
2025-04-08 16:04:39,405 - DEBUG - 执行AGV分配局部搜索，当前完工时间: 1793.00
2025-04-08 16:04:39,409 - DEBUG - 局部搜索未能改进当前解
2025-04-08 16:04:39,412 - DEBUG - 执行AGV分配局部搜索，当前完工时间: 1802.00
2025-04-08 16:04:39,415 - DEBUG - 局部搜索未能改进当前解
2025-04-08 16:04:39,420 - DEBUG - 执行AGV分配局部搜索，当前完工时间: 1770.00
2025-04-08 16:04:39,423 - DEBUG - 局部搜索未能改进当前解
2025-04-08 16:04:39,427 - DEBUG - 执行AGV分配局部搜索，当前完工时间: 1782.00
2025-04-08 16:04:39,430 - DEBUG - 局部搜索未能改进当前解
2025-04-08 16:04:39,434 - DEBUG - 执行AGV分配局部搜索，当前完工时间: 1788.00
2025-04-08 16:04:39,437 - DEBUG - 局部搜索未能改进当前解
2025-04-08 16:04:39,442 - DEBUG - 执行AGV分配局部搜索，当前完工时间: 1834.00
2025-04-08 16:04:39,445 - DEBUG - 局部搜索未能改进当前解
2025-04-08 16:04:39,449 - DEBUG - 执行AGV分配局部搜索，当前完工时间: 1829.00
2025-04-08 16:04:39,453 - DEBUG - 局部搜索未能改进当前解
2025-04-08 16:04:39,457 - DEBUG - 执行AGV分配局部搜索，当前完工时间: 1911.00
2025-04-08 16:04:39,460 - DEBUG - AGV分配局部搜索成功！完工时间从 1911.00 降低到 1825.00，改进: 86.00 (4.50%)
2025-04-08 16:04:39,465 - DEBUG - 执行AGV分配局部搜索，当前完工时间: 1808.00
2025-04-08 16:04:39,468 - DEBUG - 局部搜索未能改进当前解
2025-04-08 16:04:39,472 - DEBUG - 执行AGV分配局部搜索，当前完工时间: 1760.00
2025-04-08 16:04:39,475 - DEBUG - 局部搜索未能改进当前解
2025-04-08 16:04:39,479 - DEBUG - 执行AGV分配局部搜索，当前完工时间: 1762.00
2025-04-08 16:04:39,484 - DEBUG - 局部搜索未能改进当前解
2025-04-08 16:04:39,486 - DEBUG - 执行AGV分配局部搜索，当前完工时间: 1802.00
2025-04-08 16:04:39,491 - DEBUG - 局部搜索未能改进当前解
2025-04-08 16:04:39,494 - DEBUG - 执行AGV分配局部搜索，当前完工时间: 1797.00
2025-04-08 16:04:39,497 - DEBUG - 局部搜索未能改进当前解
2025-04-08 16:04:39,502 - DEBUG - 执行AGV分配局部搜索，当前完工时间: 1813.00
2025-04-08 16:04:39,504 - DEBUG - 局部搜索未能改进当前解
2025-04-08 16:04:39,509 - DEBUG - 执行AGV分配局部搜索，当前完工时间: 1817.00
2025-04-08 16:04:39,512 - DEBUG - 局部搜索未能改进当前解
2025-04-08 16:04:39,516 - DEBUG - 执行AGV分配局部搜索，当前完工时间: 1804.00
2025-04-08 16:04:39,521 - DEBUG - 局部搜索未能改进当前解
2025-04-08 16:04:39,524 - DEBUG - 执行AGV分配局部搜索，当前完工时间: 1834.00
2025-04-08 16:04:39,528 - DEBUG - 局部搜索未能改进当前解
2025-04-08 16:04:39,532 - DEBUG - 执行AGV分配局部搜索，当前完工时间: 1825.00
2025-04-08 16:04:39,536 - DEBUG - 局部搜索未能改进当前解
2025-04-08 16:04:39,540 - DEBUG - 执行AGV分配局部搜索，当前完工时间: 1924.00
2025-04-08 16:04:39,544 - DEBUG - 局部搜索未能改进当前解
2025-04-08 16:04:39,548 - DEBUG - 执行AGV分配局部搜索，当前完工时间: 1891.00
2025-04-08 16:04:39,552 - DEBUG - 局部搜索未能改进当前解
2025-04-08 16:04:39,556 - DEBUG - 执行AGV分配局部搜索，当前完工时间: 1743.00
2025-04-08 16:04:39,559 - DEBUG - 局部搜索未能改进当前解
2025-04-08 16:04:39,564 - DEBUG - 执行AGV分配局部搜索，当前完工时间: 1922.00
2025-04-08 16:04:39,566 - DEBUG - 局部搜索未能改进当前解
2025-04-08 16:04:39,571 - DEBUG - 执行AGV分配局部搜索，当前完工时间: 1770.00
2025-04-08 16:04:39,574 - DEBUG - 局部搜索未能改进当前解
2025-04-08 16:04:39,578 - DEBUG - 执行AGV分配局部搜索，当前完工时间: 1800.00
2025-04-08 16:04:39,582 - DEBUG - 局部搜索未能改进当前解
2025-04-08 16:04:39,586 - DEBUG - 执行AGV分配局部搜索，当前完工时间: 1846.00
2025-04-08 16:04:39,590 - DEBUG - 局部搜索未能改进当前解
2025-04-08 16:04:39,593 - DEBUG - 执行AGV分配局部搜索，当前完工时间: 1820.00
2025-04-08 16:04:39,597 - DEBUG - 局部搜索未能改进当前解
2025-04-08 16:04:39,601 - DEBUG - 执行AGV分配局部搜索，当前完工时间: 1843.00
2025-04-08 16:04:39,604 - DEBUG - 局部搜索未能改进当前解
2025-04-08 16:04:39,608 - DEBUG - 执行AGV分配局部搜索，当前完工时间: 1814.00
2025-04-08 16:04:39,612 - DEBUG - 局部搜索未能改进当前解
2025-04-08 16:04:39,616 - DEBUG - 执行AGV分配局部搜索，当前完工时间: 1805.00
2025-04-08 16:04:39,619 - DEBUG - 局部搜索未能改进当前解
2025-04-08 16:04:39,623 - DEBUG - 执行AGV分配局部搜索，当前完工时间: 1891.00
2025-04-08 16:04:39,628 - DEBUG - 局部搜索未能改进当前解
2025-04-08 16:04:39,632 - DEBUG - 执行AGV分配局部搜索，当前完工时间: 1756.00
2025-04-08 16:04:39,635 - DEBUG - 局部搜索未能改进当前解
2025-04-08 16:04:39,638 - DEBUG - 执行AGV分配局部搜索，当前完工时间: 1984.00
2025-04-08 16:04:39,643 - DEBUG - 局部搜索未能改进当前解
2025-04-08 16:04:39,646 - DEBUG - 执行AGV分配局部搜索，当前完工时间: 1800.00
2025-04-08 16:04:39,649 - DEBUG - AGV分配局部搜索成功！完工时间从 1800.00 降低到 1777.00，改进: 23.00 (1.28%)
2025-04-08 16:04:39,653 - DEBUG - 执行AGV分配局部搜索，当前完工时间: 1832.00
2025-04-08 16:04:39,657 - DEBUG - 局部搜索未能改进当前解
2025-04-08 16:04:39,660 - DEBUG - 执行AGV分配局部搜索，当前完工时间: 1843.00
2025-04-08 16:04:39,664 - DEBUG - 局部搜索未能改进当前解
2025-04-08 16:04:39,668 - DEBUG - 执行AGV分配局部搜索，当前完工时间: 1725.00
2025-04-08 16:04:39,670 - DEBUG - 局部搜索未能改进当前解
2025-04-08 16:04:39,675 - DEBUG - 执行AGV分配局部搜索，当前完工时间: 1864.00
2025-04-08 16:04:39,680 - DEBUG - 局部搜索未能改进当前解
2025-04-08 16:04:39,684 - DEBUG - 执行AGV分配局部搜索，当前完工时间: 1798.00
2025-04-08 16:04:39,687 - DEBUG - 局部搜索未能改进当前解
2025-04-08 16:04:39,691 - DEBUG - 执行AGV分配局部搜索，当前完工时间: 1765.00
2025-04-08 16:04:39,695 - DEBUG - 局部搜索未能改进当前解
2025-04-08 16:04:39,699 - DEBUG - 执行AGV分配局部搜索，当前完工时间: 1732.00
2025-04-08 16:04:39,702 - DEBUG - 局部搜索未能改进当前解
2025-04-08 16:04:39,706 - DEBUG - 执行AGV分配局部搜索，当前完工时间: 1880.00
2025-04-08 16:04:39,710 - DEBUG - 局部搜索未能改进当前解
2025-04-08 16:04:39,714 - DEBUG - 执行AGV分配局部搜索，当前完工时间: 1800.00
2025-04-08 16:04:39,718 - DEBUG - 局部搜索未能改进当前解
2025-04-08 16:04:39,721 - DEBUG - 执行AGV分配局部搜索，当前完工时间: 1806.00
2025-04-08 16:04:39,725 - DEBUG - 局部搜索未能改进当前解
2025-04-08 16:04:39,729 - DEBUG - 执行AGV分配局部搜索，当前完工时间: 1785.00
2025-04-08 16:04:39,733 - DEBUG - 局部搜索未能改进当前解
2025-04-08 16:04:39,737 - DEBUG - 执行AGV分配局部搜索，当前完工时间: 1822.00
2025-04-08 16:04:39,741 - DEBUG - 局部搜索未能改进当前解
2025-04-08 16:04:39,744 - DEBUG - 执行AGV分配局部搜索，当前完工时间: 1807.00
2025-04-08 16:04:39,747 - DEBUG - 局部搜索未能改进当前解
2025-04-08 16:04:39,751 - DEBUG - 执行AGV分配局部搜索，当前完工时间: 1798.00
2025-04-08 16:04:39,755 - DEBUG - 局部搜索未能改进当前解
2025-04-08 16:04:39,755 - DEBUG - ==================================================
2025-04-08 16:04:39,755 - DEBUG - Efficiency Statistics of Local Search :
2025-04-08 16:04:39,755 - DEBUG - Number of attempts: 99
2025-04-08 16:04:39,755 - DEBUG - Average Success Rate: 6.06%
2025-04-08 16:04:39,755 - DEBUG - AGV Local Search Success: 6，Average Improvement: 44.33
2025-04-08 16:04:39,760 - DEBUG - 执行AGV分配局部搜索，当前完工时间: 1800.00
2025-04-08 16:04:39,763 - DEBUG - 局部搜索未能改进当前解
2025-04-08 16:04:39,768 - DEBUG - 执行AGV分配局部搜索，当前完工时间: 1859.00
2025-04-08 16:04:39,770 - DEBUG - 局部搜索未能改进当前解
2025-04-08 16:04:39,775 - DEBUG - 执行AGV分配局部搜索，当前完工时间: 1802.00
2025-04-08 16:04:39,779 - DEBUG - AGV分配局部搜索成功！完工时间从 1802.00 降低到 1782.00，改进: 20.00 (1.11%)
2025-04-08 16:04:39,783 - DEBUG - 执行AGV分配局部搜索，当前完工时间: 1910.00
2025-04-08 16:04:39,786 - DEBUG - 局部搜索未能改进当前解
2025-04-08 16:04:39,790 - DEBUG - 执行AGV分配局部搜索，当前完工时间: 1782.00
2025-04-08 16:04:39,793 - DEBUG - 局部搜索未能改进当前解
2025-04-08 16:04:39,799 - DEBUG - 执行AGV分配局部搜索，当前完工时间: 1834.00
2025-04-08 16:04:39,802 - DEBUG - 局部搜索未能改进当前解
2025-04-08 16:04:39,806 - DEBUG - 执行AGV分配局部搜索，当前完工时间: 1900.00
2025-04-08 16:04:39,810 - DEBUG - 局部搜索未能改进当前解
2025-04-08 16:04:39,814 - DEBUG - 执行AGV分配局部搜索，当前完工时间: 1800.00
2025-04-08 16:04:39,817 - DEBUG - 局部搜索未能改进当前解
2025-04-08 16:04:39,821 - DEBUG - 执行AGV分配局部搜索，当前完工时间: 1862.00
2025-04-08 16:04:39,825 - DEBUG - 局部搜索未能改进当前解
2025-04-08 16:04:39,829 - DEBUG - 执行AGV分配局部搜索，当前完工时间: 1746.00
2025-04-08 16:04:39,833 - DEBUG - AGV分配局部搜索成功！完工时间从 1746.00 降低到 1735.00，改进: 11.00 (0.63%)
2025-04-08 16:04:39,836 - DEBUG - 执行AGV分配局部搜索，当前完工时间: 1788.00
2025-04-08 16:04:39,840 - DEBUG - 局部搜索未能改进当前解
2025-04-08 16:04:39,844 - DEBUG - 执行AGV分配局部搜索，当前完工时间: 1817.00
2025-04-08 16:04:39,847 - DEBUG - 局部搜索未能改进当前解
2025-04-08 16:04:39,851 - DEBUG - 执行AGV分配局部搜索，当前完工时间: 1844.00
2025-04-08 16:04:39,854 - DEBUG - AGV分配局部搜索成功！完工时间从 1844.00 降低到 1764.00，改进: 80.00 (4.34%)
2025-04-08 16:04:39,858 - DEBUG - 执行AGV分配局部搜索，当前完工时间: 1850.00
2025-04-08 16:04:39,864 - DEBUG - 局部搜索未能改进当前解
2025-04-08 16:04:39,868 - DEBUG - 执行AGV分配局部搜索，当前完工时间: 1818.00
2025-04-08 16:04:39,870 - DEBUG - 局部搜索未能改进当前解
2025-04-08 16:04:39,875 - DEBUG - 执行AGV分配局部搜索，当前完工时间: 1818.00
2025-04-08 16:04:39,880 - DEBUG - 局部搜索未能改进当前解
2025-04-08 16:04:39,883 - DEBUG - 执行AGV分配局部搜索，当前完工时间: 1793.00
2025-04-08 16:04:39,887 - DEBUG - 局部搜索未能改进当前解
2025-04-08 16:04:39,890 - DEBUG - 执行AGV分配局部搜索，当前完工时间: 1748.00
2025-04-08 16:04:39,893 - DEBUG - 局部搜索未能改进当前解
2025-04-08 16:04:39,897 - DEBUG - 执行AGV分配局部搜索，当前完工时间: 1792.00
2025-04-08 16:04:39,901 - DEBUG - 局部搜索未能改进当前解
2025-04-08 16:04:39,905 - DEBUG - 执行AGV分配局部搜索，当前完工时间: 1770.00
2025-04-08 16:04:39,908 - DEBUG - 局部搜索未能改进当前解
2025-04-08 16:04:39,912 - DEBUG - 执行AGV分配局部搜索，当前完工时间: 1798.00
2025-04-08 16:04:39,915 - DEBUG - 局部搜索未能改进当前解
2025-04-08 16:04:39,920 - DEBUG - 执行AGV分配局部搜索，当前完工时间: 1818.00
2025-04-08 16:04:39,923 - DEBUG - 局部搜索未能改进当前解
2025-04-08 16:04:39,927 - DEBUG - 执行AGV分配局部搜索，当前完工时间: 1754.00
2025-04-08 16:04:39,931 - DEBUG - 局部搜索未能改进当前解
2025-04-08 16:04:39,935 - DEBUG - 执行AGV分配局部搜索，当前完工时间: 1912.00
2025-04-08 16:04:39,939 - DEBUG - 局部搜索未能改进当前解
2025-04-08 16:04:39,943 - DEBUG - 执行AGV分配局部搜索，当前完工时间: 1806.00
2025-04-08 16:04:39,946 - DEBUG - 局部搜索未能改进当前解
2025-04-08 16:04:39,950 - DEBUG - 执行AGV分配局部搜索，当前完工时间: 1772.00
2025-04-08 16:04:39,953 - DEBUG - 局部搜索未能改进当前解
2025-04-08 16:04:39,957 - DEBUG - 执行AGV分配局部搜索，当前完工时间: 1768.00
2025-04-08 16:04:39,960 - DEBUG - 局部搜索未能改进当前解
2025-04-08 16:04:39,964 - DEBUG - 执行AGV分配局部搜索，当前完工时间: 1795.00
2025-04-08 16:04:39,968 - DEBUG - 局部搜索未能改进当前解
2025-04-08 16:04:39,972 - DEBUG - 执行AGV分配局部搜索，当前完工时间: 1868.00
2025-04-08 16:04:39,975 - DEBUG - 局部搜索未能改进当前解
2025-04-08 16:04:39,979 - DEBUG - 执行AGV分配局部搜索，当前完工时间: 1893.00
2025-04-08 16:04:39,982 - DEBUG - AGV分配局部搜索成功！完工时间从 1893.00 降低到 1823.00，改进: 70.00 (3.70%)
2025-04-08 16:04:39,986 - DEBUG - 执行AGV分配局部搜索，当前完工时间: 1828.00
2025-04-08 16:04:39,990 - DEBUG - 局部搜索未能改进当前解
2025-04-08 16:04:39,995 - DEBUG - 执行AGV分配局部搜索，当前完工时间: 1896.00
2025-04-08 16:04:39,998 - DEBUG - 局部搜索未能改进当前解
2025-04-08 16:04:40,001 - DEBUG - 执行AGV分配局部搜索，当前完工时间: 1785.00
2025-04-08 16:04:40,005 - DEBUG - 局部搜索未能改进当前解
2025-04-08 16:04:40,009 - DEBUG - 执行AGV分配局部搜索，当前完工时间: 1864.00
2025-04-08 16:04:40,012 - DEBUG - AGV分配局部搜索成功！完工时间从 1864.00 降低到 1856.00，改进: 8.00 (0.43%)
2025-04-08 16:04:40,016 - DEBUG - 执行AGV分配局部搜索，当前完工时间: 1786.00
2025-04-08 16:04:40,020 - DEBUG - 局部搜索未能改进当前解
2025-04-08 16:04:40,023 - DEBUG - 执行AGV分配局部搜索，当前完工时间: 1815.00
2025-04-08 16:04:40,028 - DEBUG - 局部搜索未能改进当前解
2025-04-08 16:04:40,031 - DEBUG - 执行AGV分配局部搜索，当前完工时间: 1848.00
2025-04-08 16:04:40,035 - DEBUG - 局部搜索未能改进当前解
2025-04-08 16:04:40,040 - DEBUG - 执行AGV分配局部搜索，当前完工时间: 1783.00
2025-04-08 16:04:40,043 - DEBUG - 局部搜索未能改进当前解
2025-04-08 16:04:40,047 - DEBUG - 执行AGV分配局部搜索，当前完工时间: 1843.00
2025-04-08 16:04:40,050 - DEBUG - 局部搜索未能改进当前解
2025-04-08 16:04:40,054 - DEBUG - 执行AGV分配局部搜索，当前完工时间: 1903.00
2025-04-08 16:04:40,058 - DEBUG - 局部搜索未能改进当前解
2025-04-08 16:04:40,062 - DEBUG - 执行AGV分配局部搜索，当前完工时间: 1867.00
2025-04-08 16:04:40,066 - DEBUG - AGV分配局部搜索成功！完工时间从 1867.00 降低到 1866.00，改进: 1.00 (0.05%)
2025-04-08 16:04:40,069 - DEBUG - 执行AGV分配局部搜索，当前完工时间: 1747.00
2025-04-08 16:04:40,073 - DEBUG - 局部搜索未能改进当前解
2025-04-08 16:04:40,077 - DEBUG - 执行AGV分配局部搜索，当前完工时间: 1862.00
2025-04-08 16:04:40,082 - DEBUG - 局部搜索未能改进当前解
2025-04-08 16:04:40,086 - DEBUG - 执行AGV分配局部搜索，当前完工时间: 1832.00
2025-04-08 16:04:40,090 - DEBUG - 局部搜索未能改进当前解
2025-04-08 16:04:40,093 - DEBUG - 执行AGV分配局部搜索，当前完工时间: 1913.00
2025-04-08 16:04:40,097 - DEBUG - 局部搜索未能改进当前解
2025-04-08 16:04:40,102 - DEBUG - 执行AGV分配局部搜索，当前完工时间: 1769.00
2025-04-08 16:04:40,105 - DEBUG - 局部搜索未能改进当前解
2025-04-08 16:04:40,110 - DEBUG - 执行AGV分配局部搜索，当前完工时间: 1967.00
2025-04-08 16:04:40,114 - DEBUG - 局部搜索未能改进当前解
2025-04-08 16:04:40,117 - DEBUG - 执行AGV分配局部搜索，当前完工时间: 1791.00
2025-04-08 16:04:40,121 - DEBUG - 局部搜索未能改进当前解
2025-04-08 16:04:40,124 - DEBUG - 执行AGV分配局部搜索，当前完工时间: 1862.00
2025-04-08 16:04:40,129 - DEBUG - 局部搜索未能改进当前解
2025-04-08 16:04:40,132 - DEBUG - 执行AGV分配局部搜索，当前完工时间: 1796.00
2025-04-08 16:04:40,136 - DEBUG - 局部搜索未能改进当前解
2025-04-08 16:04:40,140 - DEBUG - 执行AGV分配局部搜索，当前完工时间: 1884.00
2025-04-08 16:04:40,144 - DEBUG - 局部搜索未能改进当前解
2025-04-08 16:04:40,147 - DEBUG - 执行AGV分配局部搜索，当前完工时间: 1890.00
2025-04-08 16:04:40,150 - DEBUG - 局部搜索未能改进当前解
2025-04-08 16:04:40,155 - DEBUG - 执行AGV分配局部搜索，当前完工时间: 1856.00
2025-04-08 16:04:40,159 - DEBUG - 局部搜索未能改进当前解
2025-04-08 16:04:40,162 - DEBUG - 执行AGV分配局部搜索，当前完工时间: 1852.00
2025-04-08 16:04:40,165 - DEBUG - 局部搜索未能改进当前解
2025-04-08 16:04:40,169 - DEBUG - 执行AGV分配局部搜索，当前完工时间: 1915.00
2025-04-08 16:04:40,174 - DEBUG - 局部搜索未能改进当前解
2025-04-08 16:04:40,177 - DEBUG - 执行AGV分配局部搜索，当前完工时间: 1762.00
2025-04-08 16:04:40,181 - DEBUG - 局部搜索未能改进当前解
2025-04-08 16:04:40,184 - DEBUG - 执行AGV分配局部搜索，当前完工时间: 1856.00
2025-04-08 16:04:40,188 - DEBUG - 局部搜索未能改进当前解
2025-04-08 16:04:40,192 - DEBUG - 执行AGV分配局部搜索，当前完工时间: 1825.00
2025-04-08 16:04:40,195 - DEBUG - 局部搜索未能改进当前解
2025-04-08 16:04:40,198 - DEBUG - 执行AGV分配局部搜索，当前完工时间: 1761.00
2025-04-08 16:04:40,203 - DEBUG - 局部搜索未能改进当前解
2025-04-08 16:04:40,206 - DEBUG - 执行AGV分配局部搜索，当前完工时间: 1754.00
2025-04-08 16:04:40,211 - DEBUG - 局部搜索未能改进当前解
2025-04-08 16:04:40,214 - DEBUG - 执行AGV分配局部搜索，当前完工时间: 1863.00
2025-04-08 16:04:40,219 - DEBUG - 局部搜索未能改进当前解
2025-04-08 16:04:40,222 - DEBUG - 执行AGV分配局部搜索，当前完工时间: 1867.00
2025-04-08 16:04:40,226 - DEBUG - 局部搜索未能改进当前解
2025-04-08 16:04:40,230 - DEBUG - 执行AGV分配局部搜索，当前完工时间: 1790.00
2025-04-08 16:04:40,234 - DEBUG - 局部搜索未能改进当前解
2025-04-08 16:04:40,237 - DEBUG - 执行AGV分配局部搜索，当前完工时间: 1908.00
2025-04-08 16:04:40,241 - DEBUG - 局部搜索未能改进当前解
2025-04-08 16:04:40,244 - DEBUG - 执行AGV分配局部搜索，当前完工时间: 1847.00
2025-04-08 16:04:40,247 - DEBUG - 局部搜索未能改进当前解
2025-04-08 16:04:40,252 - DEBUG - 执行AGV分配局部搜索，当前完工时间: 1803.00
2025-04-08 16:04:40,256 - DEBUG - 局部搜索未能改进当前解
2025-04-08 16:04:40,259 - DEBUG - 执行AGV分配局部搜索，当前完工时间: 1838.00
2025-04-08 16:04:40,262 - DEBUG - 局部搜索未能改进当前解
2025-04-08 16:04:40,268 - DEBUG - 执行AGV分配局部搜索，当前完工时间: 1781.00
2025-04-08 16:04:40,271 - DEBUG - 局部搜索未能改进当前解
2025-04-08 16:04:40,274 - DEBUG - 执行AGV分配局部搜索，当前完工时间: 1782.00
2025-04-08 16:04:40,278 - DEBUG - 局部搜索未能改进当前解
2025-04-08 16:04:40,282 - DEBUG - 执行AGV分配局部搜索，当前完工时间: 1816.00
2025-04-08 16:04:40,286 - DEBUG - 局部搜索未能改进当前解
2025-04-08 16:04:40,288 - DEBUG - 执行AGV分配局部搜索，当前完工时间: 1725.00
2025-04-08 16:04:40,293 - DEBUG - 局部搜索未能改进当前解
2025-04-08 16:04:40,297 - DEBUG - 执行AGV分配局部搜索，当前完工时间: 1817.00
2025-04-08 16:04:40,301 - DEBUG - 局部搜索未能改进当前解
2025-04-08 16:04:40,304 - DEBUG - 执行AGV分配局部搜索，当前完工时间: 1845.00
2025-04-08 16:04:40,307 - DEBUG - 局部搜索未能改进当前解
2025-04-08 16:04:40,312 - DEBUG - 执行AGV分配局部搜索，当前完工时间: 1821.00
2025-04-08 16:04:40,316 - DEBUG - 局部搜索未能改进当前解
2025-04-08 16:04:40,320 - DEBUG - 执行AGV分配局部搜索，当前完工时间: 1932.00
2025-04-08 16:04:40,323 - DEBUG - 局部搜索未能改进当前解
2025-04-08 16:04:40,327 - DEBUG - 执行AGV分配局部搜索，当前完工时间: 1879.00
2025-04-08 16:04:40,331 - DEBUG - 局部搜索未能改进当前解
2025-04-08 16:04:40,334 - DEBUG - 执行AGV分配局部搜索，当前完工时间: 1809.00
2025-04-08 16:04:40,337 - DEBUG - 局部搜索未能改进当前解
2025-04-08 16:04:40,342 - DEBUG - 执行AGV分配局部搜索，当前完工时间: 1808.00
2025-04-08 16:04:40,346 - DEBUG - 局部搜索未能改进当前解
2025-04-08 16:04:40,349 - DEBUG - 执行AGV分配局部搜索，当前完工时间: 1826.00
2025-04-08 16:04:40,353 - DEBUG - 局部搜索未能改进当前解
2025-04-08 16:04:40,356 - DEBUG - 执行AGV分配局部搜索，当前完工时间: 1781.00
2025-04-08 16:04:40,360 - DEBUG - 局部搜索未能改进当前解
2025-04-08 16:04:40,364 - DEBUG - 执行AGV分配局部搜索，当前完工时间: 1829.00
2025-04-08 16:04:40,368 - DEBUG - AGV分配局部搜索成功！完工时间从 1829.00 降低到 1790.00，改进: 39.00 (2.13%)
2025-04-08 16:04:40,371 - DEBUG - 执行AGV分配局部搜索，当前完工时间: 1842.00
2025-04-08 16:04:40,375 - DEBUG - 局部搜索未能改进当前解
2025-04-08 16:04:40,379 - DEBUG - 执行AGV分配局部搜索，当前完工时间: 1842.00
2025-04-08 16:04:40,382 - DEBUG - 局部搜索未能改进当前解
2025-04-08 16:04:40,386 - DEBUG - 执行AGV分配局部搜索，当前完工时间: 1880.00
2025-04-08 16:04:40,390 - DEBUG - 局部搜索未能改进当前解
2025-04-08 16:04:40,393 - DEBUG - 执行AGV分配局部搜索，当前完工时间: 1866.00
2025-04-08 16:04:40,397 - DEBUG - 局部搜索未能改进当前解
2025-04-08 16:04:40,401 - DEBUG - 执行AGV分配局部搜索，当前完工时间: 1800.00
2025-04-08 16:04:40,404 - DEBUG - 局部搜索未能改进当前解
2025-04-08 16:04:40,408 - DEBUG - 执行AGV分配局部搜索，当前完工时间: 1858.00
2025-04-08 16:04:40,412 - DEBUG - 局部搜索未能改进当前解
2025-04-08 16:04:40,415 - DEBUG - 执行AGV分配局部搜索，当前完工时间: 1821.00
2025-04-08 16:04:40,419 - DEBUG - AGV分配局部搜索成功！完工时间从 1821.00 降低到 1797.00，改进: 24.00 (1.32%)
2025-04-08 16:04:40,423 - DEBUG - 执行AGV分配局部搜索，当前完工时间: 1762.00
2025-04-08 16:04:40,425 - DEBUG - 局部搜索未能改进当前解
2025-04-08 16:04:40,429 - DEBUG - 执行AGV分配局部搜索，当前完工时间: 1808.00
2025-04-08 16:04:40,434 - DEBUG - AGV分配局部搜索成功！完工时间从 1808.00 降低到 1806.00，改进: 2.00 (0.11%)
2025-04-08 16:04:40,437 - DEBUG - 执行AGV分配局部搜索，当前完工时间: 1877.00
2025-04-08 16:04:40,441 - DEBUG - AGV分配局部搜索成功！完工时间从 1877.00 降低到 1808.00，改进: 69.00 (3.68%)
2025-04-08 16:04:40,445 - DEBUG - 执行AGV分配局部搜索，当前完工时间: 1841.00
2025-04-08 16:04:40,448 - DEBUG - 局部搜索未能改进当前解
2025-04-08 16:04:40,452 - DEBUG - 执行AGV分配局部搜索，当前完工时间: 1782.00
2025-04-08 16:04:40,456 - DEBUG - 局部搜索未能改进当前解
2025-04-08 16:04:40,460 - DEBUG - 执行AGV分配局部搜索，当前完工时间: 1741.00
2025-04-08 16:04:40,464 - DEBUG - 局部搜索未能改进当前解
2025-04-08 16:04:40,467 - DEBUG - 执行AGV分配局部搜索，当前完工时间: 1828.00
2025-04-08 16:04:40,471 - DEBUG - 局部搜索未能改进当前解
2025-04-08 16:04:40,475 - DEBUG - 执行AGV分配局部搜索，当前完工时间: 1834.00
2025-04-08 16:04:40,478 - DEBUG - 局部搜索未能改进当前解
2025-04-08 16:04:40,482 - DEBUG - 执行AGV分配局部搜索，当前完工时间: 1817.00
2025-04-08 16:04:40,486 - DEBUG - 局部搜索未能改进当前解
2025-04-08 16:04:40,488 - DEBUG - 执行AGV分配局部搜索，当前完工时间: 1780.00
2025-04-08 16:04:40,492 - DEBUG - 局部搜索未能改进当前解
2025-04-08 16:04:40,495 - DEBUG - 执行AGV分配局部搜索，当前完工时间: 1832.00
2025-04-08 16:04:40,500 - DEBUG - 局部搜索未能改进当前解
2025-04-08 16:04:40,500 - DEBUG - ==================================================
2025-04-08 16:04:40,500 - DEBUG - Efficiency Statistics of Local Search :
2025-04-08 16:04:40,500 - DEBUG - Number of attempts: 99
2025-04-08 16:04:40,500 - DEBUG - Average Success Rate: 10.10%
2025-04-08 16:04:40,500 - DEBUG - AGV Local Search Success: 10，Average Improvement: 32.40
2025-04-08 16:04:40,503 - DEBUG - 执行AGV分配局部搜索，当前完工时间: 1860.00
2025-04-08 16:04:40,507 - DEBUG - 局部搜索未能改进当前解
2025-04-08 16:04:40,511 - DEBUG - 执行AGV分配局部搜索，当前完工时间: 1910.00
2025-04-08 16:04:40,514 - DEBUG - 局部搜索未能改进当前解
2025-04-08 16:04:40,518 - DEBUG - 执行AGV分配局部搜索，当前完工时间: 1831.00
2025-04-08 16:04:40,522 - DEBUG - 局部搜索未能改进当前解
2025-04-08 16:04:40,525 - DEBUG - 执行AGV分配局部搜索，当前完工时间: 1867.00
2025-04-08 16:04:40,529 - DEBUG - 局部搜索未能改进当前解
2025-04-08 16:04:40,533 - DEBUG - 执行AGV分配局部搜索，当前完工时间: 1747.00
2025-04-08 16:04:40,536 - DEBUG - 局部搜索未能改进当前解
2025-04-08 16:04:40,541 - DEBUG - 执行AGV分配局部搜索，当前完工时间: 1887.00
2025-04-08 16:04:40,545 - DEBUG - 局部搜索未能改进当前解
2025-04-08 16:04:40,549 - DEBUG - 执行AGV分配局部搜索，当前完工时间: 1852.00
2025-04-08 16:04:40,553 - DEBUG - 局部搜索未能改进当前解
2025-04-08 16:04:40,557 - DEBUG - 执行AGV分配局部搜索，当前完工时间: 1833.00
2025-04-08 16:04:40,560 - DEBUG - AGV分配局部搜索成功！完工时间从 1833.00 降低到 1823.00，改进: 10.00 (0.55%)
2025-04-08 16:04:40,565 - DEBUG - 执行AGV分配局部搜索，当前完工时间: 1863.00
2025-04-08 16:04:40,569 - DEBUG - 局部搜索未能改进当前解
2025-04-08 16:04:40,572 - DEBUG - 执行AGV分配局部搜索，当前完工时间: 1762.00
2025-04-08 16:04:40,576 - DEBUG - 局部搜索未能改进当前解
2025-04-08 16:04:40,580 - DEBUG - 执行AGV分配局部搜索，当前完工时间: 1924.00
2025-04-08 16:04:40,584 - DEBUG - 局部搜索未能改进当前解
2025-04-08 16:04:40,588 - DEBUG - 执行AGV分配局部搜索，当前完工时间: 1799.00
2025-04-08 16:04:40,592 - DEBUG - AGV分配局部搜索成功！完工时间从 1799.00 降低到 1797.00，改进: 2.00 (0.11%)
2025-04-08 16:04:40,595 - DEBUG - 执行AGV分配局部搜索，当前完工时间: 1796.00
2025-04-08 16:04:40,599 - DEBUG - 局部搜索未能改进当前解
2025-04-08 16:04:40,603 - DEBUG - 执行AGV分配局部搜索，当前完工时间: 1776.00
2025-04-08 16:04:40,607 - DEBUG - 局部搜索未能改进当前解
2025-04-08 16:04:40,610 - DEBUG - 执行AGV分配局部搜索，当前完工时间: 1770.00
2025-04-08 16:04:40,614 - DEBUG - 局部搜索未能改进当前解
2025-04-08 16:04:40,618 - DEBUG - 执行AGV分配局部搜索，当前完工时间: 1780.00
2025-04-08 16:04:40,620 - DEBUG - 局部搜索未能改进当前解
2025-04-08 16:04:40,624 - DEBUG - 执行AGV分配局部搜索，当前完工时间: 1805.00
2025-04-08 16:04:40,628 - DEBUG - 局部搜索未能改进当前解
2025-04-08 16:04:40,632 - DEBUG - 执行AGV分配局部搜索，当前完工时间: 1798.00
2025-04-08 16:04:40,635 - DEBUG - 局部搜索未能改进当前解
2025-04-08 16:04:40,640 - DEBUG - 执行AGV分配局部搜索，当前完工时间: 1763.00
2025-04-08 16:04:40,643 - DEBUG - 局部搜索未能改进当前解
2025-04-08 16:04:40,647 - DEBUG - 执行AGV分配局部搜索，当前完工时间: 1809.00
2025-04-08 16:04:40,651 - DEBUG - 局部搜索未能改进当前解
2025-04-08 16:04:40,654 - DEBUG - 执行AGV分配局部搜索，当前完工时间: 1796.00
2025-04-08 16:04:40,658 - DEBUG - 局部搜索未能改进当前解
2025-04-08 16:04:40,662 - DEBUG - 执行AGV分配局部搜索，当前完工时间: 1846.00
2025-04-08 16:04:40,665 - DEBUG - 局部搜索未能改进当前解
2025-04-08 16:04:40,668 - DEBUG - 执行AGV分配局部搜索，当前完工时间: 1823.00
2025-04-08 16:04:40,672 - DEBUG - 局部搜索未能改进当前解
2025-04-08 16:04:40,675 - DEBUG - 执行AGV分配局部搜索，当前完工时间: 1817.00
2025-04-08 16:04:40,679 - DEBUG - 局部搜索未能改进当前解
2025-04-08 16:04:40,683 - DEBUG - 执行AGV分配局部搜索，当前完工时间: 1817.00
2025-04-08 16:04:40,686 - DEBUG - 局部搜索未能改进当前解
2025-04-08 16:04:40,691 - DEBUG - 执行AGV分配局部搜索，当前完工时间: 1825.00
2025-04-08 16:04:40,694 - DEBUG - 局部搜索未能改进当前解
2025-04-08 16:04:40,698 - DEBUG - 执行AGV分配局部搜索，当前完工时间: 1778.00
2025-04-08 16:04:40,701 - DEBUG - AGV分配局部搜索成功！完工时间从 1778.00 降低到 1773.00，改进: 5.00 (0.28%)
2025-04-08 16:04:40,705 - DEBUG - 执行AGV分配局部搜索，当前完工时间: 1759.00
2025-04-08 16:04:40,709 - DEBUG - 局部搜索未能改进当前解
2025-04-08 16:04:40,713 - DEBUG - 执行AGV分配局部搜索，当前完工时间: 1810.00
2025-04-08 16:04:40,716 - DEBUG - 局部搜索未能改进当前解
2025-04-08 16:04:40,721 - DEBUG - 执行AGV分配局部搜索，当前完工时间: 1781.00
2025-04-08 16:04:40,724 - DEBUG - 局部搜索未能改进当前解
2025-04-08 16:04:40,729 - DEBUG - 执行AGV分配局部搜索，当前完工时间: 1829.00
2025-04-08 16:04:40,732 - DEBUG - AGV分配局部搜索成功！完工时间从 1829.00 降低到 1823.00，改进: 6.00 (0.33%)
2025-04-08 16:04:40,735 - DEBUG - 执行AGV分配局部搜索，当前完工时间: 1770.00
2025-04-08 16:04:40,740 - DEBUG - 局部搜索未能改进当前解
2025-04-08 16:04:40,744 - DEBUG - 执行AGV分配局部搜索，当前完工时间: 1827.00
2025-04-08 16:04:40,747 - DEBUG - 局部搜索未能改进当前解
2025-04-08 16:04:40,751 - DEBUG - 执行AGV分配局部搜索，当前完工时间: 1880.00
2025-04-08 16:04:40,754 - DEBUG - 局部搜索未能改进当前解
2025-04-08 16:04:40,758 - DEBUG - 执行AGV分配局部搜索，当前完工时间: 1783.00
2025-04-08 16:04:40,761 - DEBUG - 局部搜索未能改进当前解
2025-04-08 16:04:40,766 - DEBUG - 执行AGV分配局部搜索，当前完工时间: 1878.00
2025-04-08 16:04:40,770 - DEBUG - 局部搜索未能改进当前解
2025-04-08 16:04:40,773 - DEBUG - 执行AGV分配局部搜索，当前完工时间: 1905.00
2025-04-08 16:04:40,777 - DEBUG - 局部搜索未能改进当前解
2025-04-08 16:04:40,781 - DEBUG - 执行AGV分配局部搜索，当前完工时间: 1902.00
2025-04-08 16:04:40,784 - DEBUG - AGV分配局部搜索成功！完工时间从 1902.00 降低到 1860.00，改进: 42.00 (2.21%)
2025-04-08 16:04:40,788 - DEBUG - 执行AGV分配局部搜索，当前完工时间: 1793.00
2025-04-08 16:04:40,792 - DEBUG - 局部搜索未能改进当前解
2025-04-08 16:04:40,795 - DEBUG - 执行AGV分配局部搜索，当前完工时间: 1831.00
2025-04-08 16:04:40,799 - DEBUG - AGV分配局部搜索成功！完工时间从 1831.00 降低到 1799.00，改进: 32.00 (1.75%)
2025-04-08 16:04:40,803 - DEBUG - 执行AGV分配局部搜索，当前完工时间: 1816.00
2025-04-08 16:04:40,806 - DEBUG - 局部搜索未能改进当前解
2025-04-08 16:04:40,810 - DEBUG - 执行AGV分配局部搜索，当前完工时间: 1770.00
2025-04-08 16:04:40,814 - DEBUG - 局部搜索未能改进当前解
2025-04-08 16:04:40,817 - DEBUG - 执行AGV分配局部搜索，当前完工时间: 1897.00
2025-04-08 16:04:40,820 - DEBUG - 局部搜索未能改进当前解
2025-04-08 16:04:40,824 - DEBUG - 执行AGV分配局部搜索，当前完工时间: 1817.00
2025-04-08 16:04:40,828 - DEBUG - 局部搜索未能改进当前解
2025-04-08 16:04:40,832 - DEBUG - 执行AGV分配局部搜索，当前完工时间: 1826.00
2025-04-08 16:04:40,836 - DEBUG - 局部搜索未能改进当前解
2025-04-08 16:04:40,839 - DEBUG - 执行AGV分配局部搜索，当前完工时间: 1782.00
2025-04-08 16:04:40,844 - DEBUG - 局部搜索未能改进当前解
2025-04-08 16:04:40,847 - DEBUG - 执行AGV分配局部搜索，当前完工时间: 1863.00
2025-04-08 16:04:40,851 - DEBUG - AGV分配局部搜索成功！完工时间从 1863.00 降低到 1822.00，改进: 41.00 (2.20%)
2025-04-08 16:04:40,854 - DEBUG - 执行AGV分配局部搜索，当前完工时间: 1720.00
2025-04-08 16:04:40,858 - DEBUG - 局部搜索未能改进当前解
2025-04-08 16:04:40,862 - DEBUG - 执行AGV分配局部搜索，当前完工时间: 1757.00
2025-04-08 16:04:40,865 - DEBUG - 局部搜索未能改进当前解
2025-04-08 16:04:40,869 - DEBUG - 执行AGV分配局部搜索，当前完工时间: 1874.00
2025-04-08 16:04:40,872 - DEBUG - 局部搜索未能改进当前解
2025-04-08 16:04:40,876 - DEBUG - 执行AGV分配局部搜索，当前完工时间: 1731.00
2025-04-08 16:04:40,880 - DEBUG - 局部搜索未能改进当前解
2025-04-08 16:04:40,883 - DEBUG - 执行AGV分配局部搜索，当前完工时间: 1762.00
2025-04-08 16:04:40,887 - DEBUG - 局部搜索未能改进当前解
2025-04-08 16:04:40,891 - DEBUG - 执行AGV分配局部搜索，当前完工时间: 1784.00
2025-04-08 16:04:40,895 - DEBUG - 局部搜索未能改进当前解
2025-04-08 16:04:40,898 - DEBUG - 执行AGV分配局部搜索，当前完工时间: 1828.00
2025-04-08 16:04:40,903 - DEBUG - 局部搜索未能改进当前解
2025-04-08 16:04:40,906 - DEBUG - 执行AGV分配局部搜索，当前完工时间: 1902.00
2025-04-08 16:04:40,910 - DEBUG - 局部搜索未能改进当前解
2025-04-08 16:04:40,913 - DEBUG - 执行AGV分配局部搜索，当前完工时间: 1955.00
2025-04-08 16:04:40,918 - DEBUG - AGV分配局部搜索成功！完工时间从 1955.00 降低到 1849.00，改进: 106.00 (5.42%)
2025-04-08 16:04:40,921 - DEBUG - 执行AGV分配局部搜索，当前完工时间: 1830.00
2025-04-08 16:04:40,924 - DEBUG - 局部搜索未能改进当前解
2025-04-08 16:04:40,928 - DEBUG - 执行AGV分配局部搜索，当前完工时间: 1818.00
2025-04-08 16:04:40,932 - DEBUG - 局部搜索未能改进当前解
2025-04-08 16:04:40,936 - DEBUG - 执行AGV分配局部搜索，当前完工时间: 1805.00
2025-04-08 16:04:40,940 - DEBUG - 局部搜索未能改进当前解
2025-04-08 16:04:40,943 - DEBUG - 执行AGV分配局部搜索，当前完工时间: 1778.00
2025-04-08 16:04:40,947 - DEBUG - 局部搜索未能改进当前解
2025-04-08 16:04:40,951 - DEBUG - 执行AGV分配局部搜索，当前完工时间: 1867.00
2025-04-08 16:04:40,955 - DEBUG - 局部搜索未能改进当前解
2025-04-08 16:04:40,958 - DEBUG - 执行AGV分配局部搜索，当前完工时间: 1842.00
2025-04-08 16:04:40,962 - DEBUG - 局部搜索未能改进当前解
2025-04-08 16:04:40,965 - DEBUG - 执行AGV分配局部搜索，当前完工时间: 1828.00
2025-04-08 16:04:40,969 - DEBUG - 局部搜索未能改进当前解
2025-04-08 16:04:40,973 - DEBUG - 执行AGV分配局部搜索，当前完工时间: 1801.00
2025-04-08 16:04:40,977 - DEBUG - 局部搜索未能改进当前解
2025-04-08 16:04:40,981 - DEBUG - 执行AGV分配局部搜索，当前完工时间: 1900.00
2025-04-08 16:04:40,984 - DEBUG - 局部搜索未能改进当前解
2025-04-08 16:04:40,988 - DEBUG - 执行AGV分配局部搜索，当前完工时间: 1947.00
2025-04-08 16:04:40,992 - DEBUG - AGV分配局部搜索成功！完工时间从 1947.00 降低到 1898.00，改进: 49.00 (2.52%)
2025-04-08 16:04:40,995 - DEBUG - 执行AGV分配局部搜索，当前完工时间: 1806.00
2025-04-08 16:04:40,999 - DEBUG - 局部搜索未能改进当前解
2025-04-08 16:04:41,003 - DEBUG - 执行AGV分配局部搜索，当前完工时间: 1879.00
2025-04-08 16:04:41,007 - DEBUG - 局部搜索未能改进当前解
2025-04-08 16:04:41,010 - DEBUG - 执行AGV分配局部搜索，当前完工时间: 1875.00
2025-04-08 16:04:41,014 - DEBUG - 局部搜索未能改进当前解
2025-04-08 16:04:41,018 - DEBUG - 执行AGV分配局部搜索，当前完工时间: 1746.00
2025-04-08 16:04:41,021 - DEBUG - 局部搜索未能改进当前解
2025-04-08 16:04:41,026 - DEBUG - 执行AGV分配局部搜索，当前完工时间: 1891.00
2025-04-08 16:04:41,029 - DEBUG - AGV分配局部搜索成功！完工时间从 1891.00 降低到 1864.00，改进: 27.00 (1.43%)
2025-04-08 16:04:41,033 - DEBUG - 执行AGV分配局部搜索，当前完工时间: 1815.00
2025-04-08 16:04:41,036 - DEBUG - 局部搜索未能改进当前解
2025-04-08 16:04:41,040 - DEBUG - 执行AGV分配局部搜索，当前完工时间: 1769.00
2025-04-08 16:04:41,044 - DEBUG - AGV分配局部搜索成功！完工时间从 1769.00 降低到 1767.00，改进: 2.00 (0.11%)
2025-04-08 16:04:41,047 - DEBUG - 执行AGV分配局部搜索，当前完工时间: 1840.00
2025-04-08 16:04:41,052 - DEBUG - 局部搜索未能改进当前解
2025-04-08 16:04:41,056 - DEBUG - 执行AGV分配局部搜索，当前完工时间: 1818.00
2025-04-08 16:04:41,060 - DEBUG - 局部搜索未能改进当前解
2025-04-08 16:04:41,063 - DEBUG - 执行AGV分配局部搜索，当前完工时间: 1777.00
2025-04-08 16:04:41,066 - DEBUG - 局部搜索未能改进当前解
2025-04-08 16:04:41,070 - DEBUG - 执行AGV分配局部搜索，当前完工时间: 1814.00
2025-04-08 16:04:41,075 - DEBUG - 局部搜索未能改进当前解
2025-04-08 16:04:41,078 - DEBUG - 执行AGV分配局部搜索，当前完工时间: 1764.00
2025-04-08 16:04:41,082 - DEBUG - 局部搜索未能改进当前解
2025-04-08 16:04:41,086 - DEBUG - 执行AGV分配局部搜索，当前完工时间: 1844.00
2025-04-08 16:04:41,091 - DEBUG - 局部搜索未能改进当前解
2025-04-08 16:04:41,095 - DEBUG - 执行AGV分配局部搜索，当前完工时间: 1841.00
2025-04-08 16:04:41,099 - DEBUG - 局部搜索未能改进当前解
2025-04-08 16:04:41,103 - DEBUG - 执行AGV分配局部搜索，当前完工时间: 1782.00
2025-04-08 16:04:41,107 - DEBUG - 局部搜索未能改进当前解
2025-04-08 16:04:41,110 - DEBUG - 执行AGV分配局部搜索，当前完工时间: 1857.00
2025-04-08 16:04:41,114 - DEBUG - 局部搜索未能改进当前解
2025-04-08 16:04:41,117 - DEBUG - 执行AGV分配局部搜索，当前完工时间: 1877.00
2025-04-08 16:04:41,121 - DEBUG - 局部搜索未能改进当前解
2025-04-08 16:04:41,125 - DEBUG - 执行AGV分配局部搜索，当前完工时间: 1904.00
2025-04-08 16:04:41,129 - DEBUG - 局部搜索未能改进当前解
2025-04-08 16:04:41,132 - DEBUG - 执行AGV分配局部搜索，当前完工时间: 1838.00
2025-04-08 16:04:41,135 - DEBUG - 局部搜索未能改进当前解
2025-04-08 16:04:41,140 - DEBUG - 执行AGV分配局部搜索，当前完工时间: 1806.00
2025-04-08 16:04:41,143 - DEBUG - 局部搜索未能改进当前解
2025-04-08 16:04:41,147 - DEBUG - 执行AGV分配局部搜索，当前完工时间: 1808.00
2025-04-08 16:04:41,151 - DEBUG - 局部搜索未能改进当前解
2025-04-08 16:04:41,154 - DEBUG - 执行AGV分配局部搜索，当前完工时间: 1843.00
2025-04-08 16:04:41,158 - DEBUG - 局部搜索未能改进当前解
2025-04-08 16:04:41,162 - DEBUG - 执行AGV分配局部搜索，当前完工时间: 1901.00
2025-04-08 16:04:41,166 - DEBUG - 局部搜索未能改进当前解
2025-04-08 16:04:41,169 - DEBUG - 执行AGV分配局部搜索，当前完工时间: 1811.00
2025-04-08 16:04:41,173 - DEBUG - 局部搜索未能改进当前解
2025-04-08 16:04:41,177 - DEBUG - 执行AGV分配局部搜索，当前完工时间: 1812.00
2025-04-08 16:04:41,180 - DEBUG - 局部搜索未能改进当前解
2025-04-08 16:04:41,184 - DEBUG - 执行AGV分配局部搜索，当前完工时间: 1765.00
2025-04-08 16:04:41,188 - DEBUG - 局部搜索未能改进当前解
2025-04-08 16:04:41,192 - DEBUG - 执行AGV分配局部搜索，当前完工时间: 1834.00
2025-04-08 16:04:41,195 - DEBUG - 局部搜索未能改进当前解
2025-04-08 16:04:41,200 - DEBUG - 执行AGV分配局部搜索，当前完工时间: 1784.00
2025-04-08 16:04:41,203 - DEBUG - 局部搜索未能改进当前解
2025-04-08 16:04:41,208 - DEBUG - 执行AGV分配局部搜索，当前完工时间: 1812.00
2025-04-08 16:04:41,212 - DEBUG - 局部搜索未能改进当前解
2025-04-08 16:04:41,215 - DEBUG - 执行AGV分配局部搜索，当前完工时间: 1785.00
2025-04-08 16:04:41,219 - DEBUG - 局部搜索未能改进当前解
2025-04-08 16:04:41,222 - DEBUG - 执行AGV分配局部搜索，当前完工时间: 1780.00
2025-04-08 16:04:41,225 - DEBUG - 局部搜索未能改进当前解
2025-04-08 16:04:41,230 - DEBUG - 执行AGV分配局部搜索，当前完工时间: 1845.00
2025-04-08 16:04:41,234 - DEBUG - 局部搜索未能改进当前解
2025-04-08 16:04:41,237 - DEBUG - 执行AGV分配局部搜索，当前完工时间: 1871.00
2025-04-08 16:04:41,241 - DEBUG - 局部搜索未能改进当前解
2025-04-08 16:04:41,241 - DEBUG - ==================================================
2025-04-08 16:04:41,242 - DEBUG - Efficiency Statistics of Local Search :
2025-04-08 16:04:41,242 - DEBUG - Number of attempts: 99
2025-04-08 16:04:41,242 - DEBUG - Average Success Rate: 11.11%
2025-04-08 16:04:41,242 - DEBUG - AGV Local Search Success: 11，Average Improvement: 29.27
2025-04-08 16:04:41,245 - DEBUG - 执行AGV分配局部搜索，当前完工时间: 1925.00
2025-04-08 16:04:41,249 - DEBUG - 局部搜索未能改进当前解
2025-04-08 16:04:41,253 - DEBUG - 执行AGV分配局部搜索，当前完工时间: 1829.00
2025-04-08 16:04:41,258 - DEBUG - 局部搜索未能改进当前解
2025-04-08 16:04:41,262 - DEBUG - 执行AGV分配局部搜索，当前完工时间: 1865.00
2025-04-08 16:04:41,265 - DEBUG - 局部搜索未能改进当前解
2025-04-08 16:04:41,270 - DEBUG - 执行AGV分配局部搜索，当前完工时间: 1834.00
2025-04-08 16:04:41,274 - DEBUG - AGV分配局部搜索成功！完工时间从 1834.00 降低到 1819.00，改进: 15.00 (0.82%)
2025-04-08 16:04:41,278 - DEBUG - 执行AGV分配局部搜索，当前完工时间: 1807.00
2025-04-08 16:04:41,281 - DEBUG - 局部搜索未能改进当前解
2025-04-08 16:04:41,285 - DEBUG - 执行AGV分配局部搜索，当前完工时间: 1806.00
2025-04-08 16:04:41,289 - DEBUG - 局部搜索未能改进当前解
2025-04-08 16:04:41,294 - DEBUG - 执行AGV分配局部搜索，当前完工时间: 1842.00
2025-04-08 16:04:41,297 - DEBUG - 局部搜索未能改进当前解
2025-04-08 16:04:41,302 - DEBUG - 执行AGV分配局部搜索，当前完工时间: 1797.00
2025-04-08 16:04:41,306 - DEBUG - 局部搜索未能改进当前解
2025-04-08 16:04:41,310 - DEBUG - 执行AGV分配局部搜索，当前完工时间: 1795.00
2025-04-08 16:04:41,312 - DEBUG - 局部搜索未能改进当前解
2025-04-08 16:04:41,318 - DEBUG - 执行AGV分配局部搜索，当前完工时间: 1791.00
2025-04-08 16:04:41,321 - DEBUG - 局部搜索未能改进当前解
2025-04-08 16:04:41,325 - DEBUG - 执行AGV分配局部搜索，当前完工时间: 1780.00
2025-04-08 16:04:41,329 - DEBUG - 局部搜索未能改进当前解
2025-04-08 16:04:41,332 - DEBUG - 执行AGV分配局部搜索，当前完工时间: 1849.00
2025-04-08 16:04:41,336 - DEBUG - AGV分配局部搜索成功！完工时间从 1849.00 降低到 1826.00，改进: 23.00 (1.24%)
2025-04-08 16:04:41,340 - DEBUG - 执行AGV分配局部搜索，当前完工时间: 1798.00
2025-04-08 16:04:41,343 - DEBUG - 局部搜索未能改进当前解
2025-04-08 16:04:41,348 - DEBUG - 执行AGV分配局部搜索，当前完工时间: 1813.00
2025-04-08 16:04:41,352 - DEBUG - 局部搜索未能改进当前解
2025-04-08 16:04:41,356 - DEBUG - 执行AGV分配局部搜索，当前完工时间: 1836.00
2025-04-08 16:04:41,360 - DEBUG - 局部搜索未能改进当前解
2025-04-08 16:04:41,364 - DEBUG - 执行AGV分配局部搜索，当前完工时间: 1824.00
2025-04-08 16:04:41,367 - DEBUG - 局部搜索未能改进当前解
2025-04-08 16:04:41,371 - DEBUG - 执行AGV分配局部搜索，当前完工时间: 1837.00
2025-04-08 16:04:41,375 - DEBUG - 局部搜索未能改进当前解
2025-04-08 16:04:41,378 - DEBUG - 执行AGV分配局部搜索，当前完工时间: 1838.00
2025-04-08 16:04:41,382 - DEBUG - 局部搜索未能改进当前解
2025-04-08 16:04:41,385 - DEBUG - 执行AGV分配局部搜索，当前完工时间: 1885.00
2025-04-08 16:04:41,389 - DEBUG - 局部搜索未能改进当前解
2025-04-08 16:04:41,393 - DEBUG - 执行AGV分配局部搜索，当前完工时间: 1777.00
2025-04-08 16:04:41,396 - DEBUG - 局部搜索未能改进当前解
2025-04-08 16:04:41,400 - DEBUG - 执行AGV分配局部搜索，当前完工时间: 1824.00
2025-04-08 16:04:41,403 - DEBUG - 局部搜索未能改进当前解
2025-04-08 16:04:41,407 - DEBUG - 执行AGV分配局部搜索，当前完工时间: 1852.00
2025-04-08 16:04:41,411 - DEBUG - 局部搜索未能改进当前解
2025-04-08 16:04:41,414 - DEBUG - 执行AGV分配局部搜索，当前完工时间: 1880.00
2025-04-08 16:04:41,418 - DEBUG - 局部搜索未能改进当前解
2025-04-08 16:04:41,421 - DEBUG - 执行AGV分配局部搜索，当前完工时间: 1833.00
2025-04-08 16:04:41,425 - DEBUG - 局部搜索未能改进当前解
2025-04-08 16:04:41,429 - DEBUG - 执行AGV分配局部搜索，当前完工时间: 1922.00
2025-04-08 16:04:41,433 - DEBUG - 局部搜索未能改进当前解
2025-04-08 16:04:41,437 - DEBUG - 执行AGV分配局部搜索，当前完工时间: 1841.00
2025-04-08 16:04:41,441 - DEBUG - 局部搜索未能改进当前解
2025-04-08 16:04:41,445 - DEBUG - 执行AGV分配局部搜索，当前完工时间: 1882.00
2025-04-08 16:04:41,449 - DEBUG - 局部搜索未能改进当前解
2025-04-08 16:04:41,453 - DEBUG - 执行AGV分配局部搜索，当前完工时间: 1845.00
2025-04-08 16:04:41,457 - DEBUG - 局部搜索未能改进当前解
2025-04-08 16:04:41,460 - DEBUG - 执行AGV分配局部搜索，当前完工时间: 1785.00
2025-04-08 16:04:41,464 - DEBUG - 局部搜索未能改进当前解
2025-04-08 16:04:41,466 - DEBUG - 执行AGV分配局部搜索，当前完工时间: 1839.00
2025-04-08 16:04:41,471 - DEBUG - 局部搜索未能改进当前解
2025-04-08 16:04:41,474 - DEBUG - 执行AGV分配局部搜索，当前完工时间: 1821.00
2025-04-08 16:04:41,478 - DEBUG - AGV分配局部搜索成功！完工时间从 1821.00 降低到 1809.00，改进: 12.00 (0.66%)
2025-04-08 16:04:41,482 - DEBUG - 执行AGV分配局部搜索，当前完工时间: 1786.00
2025-04-08 16:04:41,485 - DEBUG - 局部搜索未能改进当前解
2025-04-08 16:04:41,488 - DEBUG - 执行AGV分配局部搜索，当前完工时间: 1756.00
2025-04-08 16:04:41,493 - DEBUG - 局部搜索未能改进当前解
2025-04-08 16:04:41,497 - DEBUG - 执行AGV分配局部搜索，当前完工时间: 1811.00
2025-04-08 16:04:41,500 - DEBUG - 局部搜索未能改进当前解
2025-04-08 16:04:41,504 - DEBUG - 执行AGV分配局部搜索，当前完工时间: 1725.00
2025-04-08 16:04:41,507 - DEBUG - 局部搜索未能改进当前解
2025-04-08 16:04:41,510 - DEBUG - 执行AGV分配局部搜索，当前完工时间: 1740.00
2025-04-08 16:04:41,515 - DEBUG - 局部搜索未能改进当前解
2025-04-08 16:04:41,519 - DEBUG - 执行AGV分配局部搜索，当前完工时间: 1834.00
2025-04-08 16:04:41,523 - DEBUG - 局部搜索未能改进当前解
2025-04-08 16:04:41,526 - DEBUG - 执行AGV分配局部搜索，当前完工时间: 1774.00
2025-04-08 16:04:41,530 - DEBUG - 局部搜索未能改进当前解
2025-04-08 16:04:41,534 - DEBUG - 执行AGV分配局部搜索，当前完工时间: 1826.00
2025-04-08 16:04:41,537 - DEBUG - 局部搜索未能改进当前解
2025-04-08 16:04:41,542 - DEBUG - 执行AGV分配局部搜索，当前完工时间: 1835.00
2025-04-08 16:04:41,545 - DEBUG - 局部搜索未能改进当前解
2025-04-08 16:04:41,549 - DEBUG - 执行AGV分配局部搜索，当前完工时间: 1776.00
2025-04-08 16:04:41,553 - DEBUG - 局部搜索未能改进当前解
2025-04-08 16:04:41,557 - DEBUG - 执行AGV分配局部搜索，当前完工时间: 1808.00
2025-04-08 16:04:41,560 - DEBUG - 局部搜索未能改进当前解
2025-04-08 16:04:41,564 - DEBUG - 执行AGV分配局部搜索，当前完工时间: 1766.00
2025-04-08 16:04:41,568 - DEBUG - 局部搜索未能改进当前解
2025-04-08 16:04:41,572 - DEBUG - 执行AGV分配局部搜索，当前完工时间: 1752.00
2025-04-08 16:04:41,575 - DEBUG - 局部搜索未能改进当前解
2025-04-08 16:04:41,580 - DEBUG - 执行AGV分配局部搜索，当前完工时间: 1817.00
2025-04-08 16:04:41,583 - DEBUG - 局部搜索未能改进当前解
2025-04-08 16:04:41,588 - DEBUG - 执行AGV分配局部搜索，当前完工时间: 1831.00
2025-04-08 16:04:41,591 - DEBUG - AGV分配局部搜索成功！完工时间从 1831.00 降低到 1792.00，改进: 39.00 (2.13%)
2025-04-08 16:04:41,595 - DEBUG - 执行AGV分配局部搜索，当前完工时间: 1817.00
2025-04-08 16:04:41,600 - DEBUG - 局部搜索未能改进当前解
2025-04-08 16:04:41,603 - DEBUG - 执行AGV分配局部搜索，当前完工时间: 1867.00
2025-04-08 16:04:41,607 - DEBUG - 局部搜索未能改进当前解
2025-04-08 16:04:41,610 - DEBUG - 执行AGV分配局部搜索，当前完工时间: 1866.00
2025-04-08 16:04:41,614 - DEBUG - 局部搜索未能改进当前解
2025-04-08 16:04:41,616 - DEBUG - 执行AGV分配局部搜索，当前完工时间: 1804.00
2025-04-08 16:04:41,620 - DEBUG - 局部搜索未能改进当前解
2025-04-08 16:04:41,624 - DEBUG - 执行AGV分配局部搜索，当前完工时间: 1720.00
2025-04-08 16:04:41,629 - DEBUG - 局部搜索未能改进当前解
2025-04-08 16:04:41,632 - DEBUG - 执行AGV分配局部搜索，当前完工时间: 1913.00
2025-04-08 16:04:41,636 - DEBUG - 局部搜索未能改进当前解
2025-04-08 16:04:41,640 - DEBUG - 执行AGV分配局部搜索，当前完工时间: 1829.00
2025-04-08 16:04:41,643 - DEBUG - AGV分配局部搜索成功！完工时间从 1829.00 降低到 1827.00，改进: 2.00 (0.11%)
2025-04-08 16:04:41,647 - DEBUG - 执行AGV分配局部搜索，当前完工时间: 1805.00
2025-04-08 16:04:41,651 - DEBUG - 局部搜索未能改进当前解
2025-04-08 16:04:41,655 - DEBUG - 执行AGV分配局部搜索，当前完工时间: 1804.00
2025-04-08 16:04:41,658 - DEBUG - 局部搜索未能改进当前解
2025-04-08 16:04:41,662 - DEBUG - 执行AGV分配局部搜索，当前完工时间: 1797.00
2025-04-08 16:04:41,665 - DEBUG - 局部搜索未能改进当前解
2025-04-08 16:04:41,668 - DEBUG - 执行AGV分配局部搜索，当前完工时间: 1805.00
2025-04-08 16:04:41,672 - DEBUG - 局部搜索未能改进当前解
2025-04-08 16:04:41,677 - DEBUG - 执行AGV分配局部搜索，当前完工时间: 1813.00
2025-04-08 16:04:41,680 - DEBUG - 局部搜索未能改进当前解
2025-04-08 16:04:41,683 - DEBUG - 执行AGV分配局部搜索，当前完工时间: 1747.00
2025-04-08 16:04:41,687 - DEBUG - 局部搜索未能改进当前解
2025-04-08 16:04:41,691 - DEBUG - 执行AGV分配局部搜索，当前完工时间: 1770.00
2025-04-08 16:04:41,695 - DEBUG - 局部搜索未能改进当前解
2025-04-08 16:04:41,698 - DEBUG - 执行AGV分配局部搜索，当前完工时间: 1782.00
2025-04-08 16:04:41,702 - DEBUG - 局部搜索未能改进当前解
2025-04-08 16:04:41,706 - DEBUG - 执行AGV分配局部搜索，当前完工时间: 1801.00
2025-04-08 16:04:41,709 - DEBUG - 局部搜索未能改进当前解
2025-04-08 16:04:41,713 - DEBUG - 执行AGV分配局部搜索，当前完工时间: 1812.00
2025-04-08 16:04:41,717 - DEBUG - AGV分配局部搜索成功！完工时间从 1812.00 降低到 1790.00，改进: 22.00 (1.21%)
2025-04-08 16:04:41,721 - DEBUG - 执行AGV分配局部搜索，当前完工时间: 1799.00
2025-04-08 16:04:41,724 - DEBUG - 局部搜索未能改进当前解
2025-04-08 16:04:41,728 - DEBUG - 执行AGV分配局部搜索，当前完工时间: 1817.00
2025-04-08 16:04:41,732 - DEBUG - 局部搜索未能改进当前解
2025-04-08 16:04:41,735 - DEBUG - 执行AGV分配局部搜索，当前完工时间: 1759.00
2025-04-08 16:04:41,739 - DEBUG - 局部搜索未能改进当前解
2025-04-08 16:04:41,742 - DEBUG - 执行AGV分配局部搜索，当前完工时间: 1784.00
2025-04-08 16:04:41,746 - DEBUG - 局部搜索未能改进当前解
2025-04-08 16:04:41,750 - DEBUG - 执行AGV分配局部搜索，当前完工时间: 1725.00
2025-04-08 16:04:41,753 - DEBUG - 局部搜索未能改进当前解
2025-04-08 16:04:41,757 - DEBUG - 执行AGV分配局部搜索，当前完工时间: 1782.00
2025-04-08 16:04:41,760 - DEBUG - 局部搜索未能改进当前解
2025-04-08 16:04:41,765 - DEBUG - 执行AGV分配局部搜索，当前完工时间: 1889.00
2025-04-08 16:04:41,768 - DEBUG - 局部搜索未能改进当前解
2025-04-08 16:04:41,772 - DEBUG - 执行AGV分配局部搜索，当前完工时间: 1777.00
2025-04-08 16:04:41,776 - DEBUG - 局部搜索未能改进当前解
2025-04-08 16:04:41,780 - DEBUG - 执行AGV分配局部搜索，当前完工时间: 1815.00
2025-04-08 16:04:41,784 - DEBUG - 局部搜索未能改进当前解
2025-04-08 16:04:41,788 - DEBUG - 执行AGV分配局部搜索，当前完工时间: 1796.00
2025-04-08 16:04:41,792 - DEBUG - 局部搜索未能改进当前解
2025-04-08 16:04:41,795 - DEBUG - 执行AGV分配局部搜索，当前完工时间: 1750.00
2025-04-08 16:04:41,800 - DEBUG - 局部搜索未能改进当前解
2025-04-08 16:04:41,803 - DEBUG - 执行AGV分配局部搜索，当前完工时间: 1776.00
2025-04-08 16:04:41,807 - DEBUG - 局部搜索未能改进当前解
2025-04-08 16:04:41,810 - DEBUG - 执行AGV分配局部搜索，当前完工时间: 1804.00
2025-04-08 16:04:41,814 - DEBUG - 局部搜索未能改进当前解
2025-04-08 16:04:41,818 - DEBUG - 执行AGV分配局部搜索，当前完工时间: 1790.00
2025-04-08 16:04:41,820 - DEBUG - AGV分配局部搜索成功！完工时间从 1790.00 降低到 1780.00，改进: 10.00 (0.56%)
2025-04-08 16:04:41,825 - DEBUG - 执行AGV分配局部搜索，当前完工时间: 1797.00
2025-04-08 16:04:41,829 - DEBUG - 局部搜索未能改进当前解
2025-04-08 16:04:41,833 - DEBUG - 执行AGV分配局部搜索，当前完工时间: 1809.00
2025-04-08 16:04:41,836 - DEBUG - 局部搜索未能改进当前解
2025-04-08 16:04:41,840 - DEBUG - 执行AGV分配局部搜索，当前完工时间: 1812.00
2025-04-08 16:04:41,844 - DEBUG - 局部搜索未能改进当前解
2025-04-08 16:04:41,848 - DEBUG - 执行AGV分配局部搜索，当前完工时间: 1843.00
2025-04-08 16:04:41,850 - DEBUG - 局部搜索未能改进当前解
2025-04-08 16:04:41,855 - DEBUG - 执行AGV分配局部搜索，当前完工时间: 1862.00
2025-04-08 16:04:41,858 - DEBUG - 局部搜索未能改进当前解
2025-04-08 16:04:41,862 - DEBUG - 执行AGV分配局部搜索，当前完工时间: 1831.00
2025-04-08 16:04:41,865 - DEBUG - 局部搜索未能改进当前解
2025-04-08 16:04:41,869 - DEBUG - 执行AGV分配局部搜索，当前完工时间: 1770.00
2025-04-08 16:04:41,872 - DEBUG - 局部搜索未能改进当前解
2025-04-08 16:04:41,877 - DEBUG - 执行AGV分配局部搜索，当前完工时间: 1896.00
2025-04-08 16:04:41,880 - DEBUG - AGV分配局部搜索成功！完工时间从 1896.00 降低到 1888.00，改进: 8.00 (0.42%)
2025-04-08 16:04:41,884 - DEBUG - 执行AGV分配局部搜索，当前完工时间: 1875.00
2025-04-08 16:04:41,887 - DEBUG - 局部搜索未能改进当前解
2025-04-08 16:04:41,892 - DEBUG - 执行AGV分配局部搜索，当前完工时间: 1898.00
2025-04-08 16:04:41,895 - DEBUG - 局部搜索未能改进当前解
2025-04-08 16:04:41,900 - DEBUG - 执行AGV分配局部搜索，当前完工时间: 1804.00
2025-04-08 16:04:41,903 - DEBUG - 局部搜索未能改进当前解
2025-04-08 16:04:41,907 - DEBUG - 执行AGV分配局部搜索，当前完工时间: 1860.00
2025-04-08 16:04:41,911 - DEBUG - 局部搜索未能改进当前解
2025-04-08 16:04:41,914 - DEBUG - 执行AGV分配局部搜索，当前完工时间: 1846.00
2025-04-08 16:04:41,918 - DEBUG - 局部搜索未能改进当前解
2025-04-08 16:04:41,922 - DEBUG - 执行AGV分配局部搜索，当前完工时间: 1920.00
2025-04-08 16:04:41,925 - DEBUG - 局部搜索未能改进当前解
2025-04-08 16:04:41,930 - DEBUG - 执行AGV分配局部搜索，当前完工时间: 1835.00
2025-04-08 16:04:41,933 - DEBUG - 局部搜索未能改进当前解
2025-04-08 16:04:41,937 - DEBUG - 执行AGV分配局部搜索，当前完工时间: 1845.00
2025-04-08 16:04:41,940 - DEBUG - 局部搜索未能改进当前解
2025-04-08 16:04:41,944 - DEBUG - 执行AGV分配局部搜索，当前完工时间: 1843.00
2025-04-08 16:04:41,947 - DEBUG - 局部搜索未能改进当前解
2025-04-08 16:04:41,952 - DEBUG - 执行AGV分配局部搜索，当前完工时间: 1871.00
2025-04-08 16:04:41,955 - DEBUG - 局部搜索未能改进当前解
2025-04-08 16:04:41,959 - DEBUG - 执行AGV分配局部搜索，当前完工时间: 1898.00
2025-04-08 16:04:41,962 - DEBUG - 局部搜索未能改进当前解
2025-04-08 16:04:41,967 - DEBUG - 执行AGV分配局部搜索，当前完工时间: 1852.00
2025-04-08 16:04:41,971 - DEBUG - 局部搜索未能改进当前解
2025-04-08 16:04:41,975 - DEBUG - 执行AGV分配局部搜索，当前完工时间: 1827.00
2025-04-08 16:04:41,978 - DEBUG - 局部搜索未能改进当前解
2025-04-08 16:04:41,982 - DEBUG - 执行AGV分配局部搜索，当前完工时间: 1786.00
2025-04-08 16:04:41,985 - DEBUG - 局部搜索未能改进当前解
2025-04-08 16:04:41,986 - DEBUG - ==================================================
2025-04-08 16:04:41,986 - DEBUG - Efficiency Statistics of Local Search :
2025-04-08 16:04:41,986 - DEBUG - Number of attempts: 99
2025-04-08 16:04:41,986 - DEBUG - Average Success Rate: 8.08%
2025-04-08 16:04:41,986 - DEBUG - AGV Local Search Success: 8，Average Improvement: 16.38
2025-04-08 16:04:41,990 - DEBUG - 执行AGV分配局部搜索，当前完工时间: 1739.00
2025-04-08 16:04:41,993 - DEBUG - 局部搜索未能改进当前解
2025-04-08 16:04:41,998 - DEBUG - 执行AGV分配局部搜索，当前完工时间: 1760.00
2025-04-08 16:04:42,001 - DEBUG - 局部搜索未能改进当前解
2025-04-08 16:04:42,004 - DEBUG - 执行AGV分配局部搜索，当前完工时间: 1843.00
2025-04-08 16:04:42,009 - DEBUG - 局部搜索未能改进当前解
2025-04-08 16:04:42,012 - DEBUG - 执行AGV分配局部搜索，当前完工时间: 1780.00
2025-04-08 16:04:42,016 - DEBUG - 局部搜索未能改进当前解
2025-04-08 16:04:42,020 - DEBUG - 执行AGV分配局部搜索，当前完工时间: 1866.00
2025-04-08 16:04:42,023 - DEBUG - 局部搜索未能改进当前解
2025-04-08 16:04:42,026 - DEBUG - 执行AGV分配局部搜索，当前完工时间: 1774.00
2025-04-08 16:04:42,031 - DEBUG - AGV分配局部搜索成功！完工时间从 1774.00 降低到 1770.00，改进: 4.00 (0.23%)
2025-04-08 16:04:42,034 - DEBUG - 执行AGV分配局部搜索，当前完工时间: 1846.00
2025-04-08 16:04:42,037 - DEBUG - 局部搜索未能改进当前解
2025-04-08 16:04:42,042 - DEBUG - 执行AGV分配局部搜索，当前完工时间: 1767.00
2025-04-08 16:04:42,045 - DEBUG - 局部搜索未能改进当前解
2025-04-08 16:04:42,049 - DEBUG - 执行AGV分配局部搜索，当前完工时间: 1792.00
2025-04-08 16:04:42,053 - DEBUG - 局部搜索未能改进当前解
2025-04-08 16:04:42,056 - DEBUG - 执行AGV分配局部搜索，当前完工时间: 1839.00
2025-04-08 16:04:42,060 - DEBUG - 局部搜索未能改进当前解
2025-04-08 16:04:42,064 - DEBUG - 执行AGV分配局部搜索，当前完工时间: 1780.00
2025-04-08 16:04:42,068 - DEBUG - 局部搜索未能改进当前解
2025-04-08 16:04:42,070 - DEBUG - 执行AGV分配局部搜索，当前完工时间: 1865.00
2025-04-08 16:04:42,075 - DEBUG - 局部搜索未能改进当前解
2025-04-08 16:04:42,080 - DEBUG - 执行AGV分配局部搜索，当前完工时间: 1834.00
2025-04-08 16:04:42,084 - DEBUG - 局部搜索未能改进当前解
2025-04-08 16:04:42,089 - DEBUG - 执行AGV分配局部搜索，当前完工时间: 1871.00
2025-04-08 16:04:42,092 - DEBUG - AGV分配局部搜索成功！完工时间从 1871.00 降低到 1855.00，改进: 16.00 (0.86%)
2025-04-08 16:04:42,096 - DEBUG - 执行AGV分配局部搜索，当前完工时间: 1814.00
2025-04-08 16:04:42,100 - DEBUG - 局部搜索未能改进当前解
2025-04-08 16:04:42,103 - DEBUG - 执行AGV分配局部搜索，当前完工时间: 1774.00
2025-04-08 16:04:42,107 - DEBUG - 局部搜索未能改进当前解
2025-04-08 16:04:42,112 - DEBUG - 执行AGV分配局部搜索，当前完工时间: 1833.00
2025-04-08 16:04:42,114 - DEBUG - AGV分配局部搜索成功！完工时间从 1833.00 降低到 1827.00，改进: 6.00 (0.33%)
2025-04-08 16:04:42,119 - DEBUG - 执行AGV分配局部搜索，当前完工时间: 1747.00
2025-04-08 16:04:42,123 - DEBUG - 局部搜索未能改进当前解
2025-04-08 16:04:42,126 - DEBUG - 执行AGV分配局部搜索，当前完工时间: 1776.00
2025-04-08 16:04:42,130 - DEBUG - 局部搜索未能改进当前解
2025-04-08 16:04:42,133 - DEBUG - 执行AGV分配局部搜索，当前完工时间: 1833.00
2025-04-08 16:04:42,137 - DEBUG - 局部搜索未能改进当前解
2025-04-08 16:04:42,140 - DEBUG - 执行AGV分配局部搜索，当前完工时间: 1704.00
2025-04-08 16:04:42,145 - DEBUG - 局部搜索未能改进当前解
2025-04-08 16:04:42,147 - DEBUG - 执行AGV分配局部搜索，当前完工时间: 1897.00
2025-04-08 16:04:42,151 - DEBUG - 局部搜索未能改进当前解
2025-04-08 16:04:42,155 - DEBUG - 执行AGV分配局部搜索，当前完工时间: 1795.00
2025-04-08 16:04:42,159 - DEBUG - 局部搜索未能改进当前解
2025-04-08 16:04:42,162 - DEBUG - 执行AGV分配局部搜索，当前完工时间: 1822.00
2025-04-08 16:04:42,166 - DEBUG - 局部搜索未能改进当前解
2025-04-08 16:04:42,170 - DEBUG - 执行AGV分配局部搜索，当前完工时间: 1779.00
2025-04-08 16:04:42,173 - DEBUG - 局部搜索未能改进当前解
2025-04-08 16:04:42,176 - DEBUG - 执行AGV分配局部搜索，当前完工时间: 1864.00
2025-04-08 16:04:42,181 - DEBUG - 局部搜索未能改进当前解
2025-04-08 16:04:42,185 - DEBUG - 执行AGV分配局部搜索，当前完工时间: 1864.00
2025-04-08 16:04:42,189 - DEBUG - AGV分配局部搜索成功！完工时间从 1864.00 降低到 1830.00，改进: 34.00 (1.82%)
2025-04-08 16:04:42,192 - DEBUG - 执行AGV分配局部搜索，当前完工时间: 1897.00
2025-04-08 16:04:42,195 - DEBUG - 局部搜索未能改进当前解
2025-04-08 16:04:42,200 - DEBUG - 执行AGV分配局部搜索，当前完工时间: 1833.00
2025-04-08 16:04:42,203 - DEBUG - 局部搜索未能改进当前解
2025-04-08 16:04:42,207 - DEBUG - 执行AGV分配局部搜索，当前完工时间: 1791.00
2025-04-08 16:04:42,210 - DEBUG - 局部搜索未能改进当前解
2025-04-08 16:04:42,214 - DEBUG - 执行AGV分配局部搜索，当前完工时间: 1810.00
2025-04-08 16:04:42,218 - DEBUG - 局部搜索未能改进当前解
2025-04-08 16:04:42,222 - DEBUG - 执行AGV分配局部搜索，当前完工时间: 1804.00
2025-04-08 16:04:42,225 - DEBUG - 局部搜索未能改进当前解
2025-04-08 16:04:42,230 - DEBUG - 执行AGV分配局部搜索，当前完工时间: 1819.00
2025-04-08 16:04:42,233 - DEBUG - 局部搜索未能改进当前解
2025-04-08 16:04:42,237 - DEBUG - 执行AGV分配局部搜索，当前完工时间: 1833.00
2025-04-08 16:04:42,240 - DEBUG - 局部搜索未能改进当前解
2025-04-08 16:04:42,244 - DEBUG - 执行AGV分配局部搜索，当前完工时间: 1746.00
2025-04-08 16:04:42,247 - DEBUG - 局部搜索未能改进当前解
2025-04-08 16:04:42,251 - DEBUG - 执行AGV分配局部搜索，当前完工时间: 1855.00
2025-04-08 16:04:42,255 - DEBUG - AGV分配局部搜索成功！完工时间从 1855.00 降低到 1818.00，改进: 37.00 (1.99%)
2025-04-08 16:04:42,259 - DEBUG - 执行AGV分配局部搜索，当前完工时间: 1803.00
2025-04-08 16:04:42,263 - DEBUG - 局部搜索未能改进当前解
2025-04-08 16:04:42,266 - DEBUG - 执行AGV分配局部搜索，当前完工时间: 1816.00
2025-04-08 16:04:42,270 - DEBUG - 局部搜索未能改进当前解
2025-04-08 16:04:42,274 - DEBUG - 执行AGV分配局部搜索，当前完工时间: 1776.00
2025-04-08 16:04:42,276 - DEBUG - 局部搜索未能改进当前解
2025-04-08 16:04:42,280 - DEBUG - 执行AGV分配局部搜索，当前完工时间: 1831.00
2025-04-08 16:04:42,285 - DEBUG - 局部搜索未能改进当前解
2025-04-08 16:04:42,289 - DEBUG - 执行AGV分配局部搜索，当前完工时间: 1904.00
2025-04-08 16:04:42,293 - DEBUG - 局部搜索未能改进当前解
2025-04-08 16:04:42,297 - DEBUG - 执行AGV分配局部搜索，当前完工时间: 1794.00
2025-04-08 16:04:42,300 - DEBUG - 局部搜索未能改进当前解
2025-04-08 16:04:42,304 - DEBUG - 执行AGV分配局部搜索，当前完工时间: 1855.00
2025-04-08 16:04:42,307 - DEBUG - 局部搜索未能改进当前解
2025-04-08 16:04:42,310 - DEBUG - 执行AGV分配局部搜索，当前完工时间: 1874.00
2025-04-08 16:04:42,314 - DEBUG - AGV分配局部搜索成功！完工时间从 1874.00 降低到 1867.00，改进: 7.00 (0.37%)
2025-04-08 16:04:42,319 - DEBUG - 执行AGV分配局部搜索，当前完工时间: 1804.00
2025-04-08 16:04:42,322 - DEBUG - 局部搜索未能改进当前解
2025-04-08 16:04:42,327 - DEBUG - 执行AGV分配局部搜索，当前完工时间: 1821.00
2025-04-08 16:04:42,330 - DEBUG - 局部搜索未能改进当前解
2025-04-08 16:04:42,334 - DEBUG - 执行AGV分配局部搜索，当前完工时间: 1760.00
2025-04-08 16:04:42,337 - DEBUG - 局部搜索未能改进当前解
2025-04-08 16:04:42,341 - DEBUG - 执行AGV分配局部搜索，当前完工时间: 1774.00
2025-04-08 16:04:42,345 - DEBUG - 局部搜索未能改进当前解
2025-04-08 16:04:42,349 - DEBUG - 执行AGV分配局部搜索，当前完工时间: 1748.00
2025-04-08 16:04:42,353 - DEBUG - AGV分配局部搜索成功！完工时间从 1748.00 降低到 1742.00，改进: 6.00 (0.34%)
2025-04-08 16:04:42,356 - DEBUG - 执行AGV分配局部搜索，当前完工时间: 1720.00
2025-04-08 16:04:42,360 - DEBUG - 局部搜索未能改进当前解
2025-04-08 16:04:42,364 - DEBUG - 执行AGV分配局部搜索，当前完工时间: 1775.00
2025-04-08 16:04:42,368 - DEBUG - 局部搜索未能改进当前解
2025-04-08 16:04:42,371 - DEBUG - 执行AGV分配局部搜索，当前完工时间: 1800.00
2025-04-08 16:04:42,374 - DEBUG - 局部搜索未能改进当前解
2025-04-08 16:04:42,379 - DEBUG - 执行AGV分配局部搜索，当前完工时间: 1967.00
2025-04-08 16:04:42,382 - DEBUG - AGV分配局部搜索成功！完工时间从 1967.00 降低到 1965.00，改进: 2.00 (0.10%)
2025-04-08 16:04:42,386 - DEBUG - 执行AGV分配局部搜索，当前完工时间: 1775.00
2025-04-08 16:04:42,390 - DEBUG - 局部搜索未能改进当前解
2025-04-08 16:04:42,394 - DEBUG - 执行AGV分配局部搜索，当前完工时间: 1804.00
2025-04-08 16:04:42,398 - DEBUG - 局部搜索未能改进当前解
2025-04-08 16:04:42,401 - DEBUG - 执行AGV分配局部搜索，当前完工时间: 1839.00
2025-04-08 16:04:42,404 - DEBUG - 局部搜索未能改进当前解
2025-04-08 16:04:42,408 - DEBUG - 执行AGV分配局部搜索，当前完工时间: 1730.00
2025-04-08 16:04:42,412 - DEBUG - 局部搜索未能改进当前解
2025-04-08 16:04:42,415 - DEBUG - 执行AGV分配局部搜索，当前完工时间: 1776.00
2025-04-08 16:04:42,420 - DEBUG - 局部搜索未能改进当前解
2025-04-08 16:04:42,423 - DEBUG - 执行AGV分配局部搜索，当前完工时间: 1796.00
2025-04-08 16:04:42,427 - DEBUG - 局部搜索未能改进当前解
2025-04-08 16:04:42,430 - DEBUG - 执行AGV分配局部搜索，当前完工时间: 1817.00
2025-04-08 16:04:42,433 - DEBUG - 局部搜索未能改进当前解
2025-04-08 16:04:42,437 - DEBUG - 执行AGV分配局部搜索，当前完工时间: 1875.00
2025-04-08 16:04:42,442 - DEBUG - 局部搜索未能改进当前解
2025-04-08 16:04:42,445 - DEBUG - 执行AGV分配局部搜索，当前完工时间: 1850.00
2025-04-08 16:04:42,448 - DEBUG - 局部搜索未能改进当前解
2025-04-08 16:04:42,453 - DEBUG - 执行AGV分配局部搜索，当前完工时间: 1862.00
2025-04-08 16:04:42,457 - DEBUG - 局部搜索未能改进当前解
2025-04-08 16:04:42,460 - DEBUG - 执行AGV分配局部搜索，当前完工时间: 1824.00
2025-04-08 16:04:42,464 - DEBUG - 局部搜索未能改进当前解
2025-04-08 16:04:42,469 - DEBUG - 执行AGV分配局部搜索，当前完工时间: 1789.00
2025-04-08 16:04:42,473 - DEBUG - 局部搜索未能改进当前解
2025-04-08 16:04:42,476 - DEBUG - 执行AGV分配局部搜索，当前完工时间: 1829.00
2025-04-08 16:04:42,480 - DEBUG - 局部搜索未能改进当前解
2025-04-08 16:04:42,484 - DEBUG - 执行AGV分配局部搜索，当前完工时间: 1833.00
2025-04-08 16:04:42,487 - DEBUG - AGV分配局部搜索成功！完工时间从 1833.00 降低到 1814.00，改进: 19.00 (1.04%)
2025-04-08 16:04:42,491 - DEBUG - 执行AGV分配局部搜索，当前完工时间: 1822.00
2025-04-08 16:04:42,495 - DEBUG - 局部搜索未能改进当前解
2025-04-08 16:04:42,499 - DEBUG - 执行AGV分配局部搜索，当前完工时间: 1812.00
2025-04-08 16:04:42,503 - DEBUG - 局部搜索未能改进当前解
2025-04-08 16:04:42,507 - DEBUG - 执行AGV分配局部搜索，当前完工时间: 1866.00
2025-04-08 16:04:42,510 - DEBUG - 局部搜索未能改进当前解
2025-04-08 16:04:42,514 - DEBUG - 执行AGV分配局部搜索，当前完工时间: 1861.00
2025-04-08 16:04:42,517 - DEBUG - AGV分配局部搜索成功！完工时间从 1861.00 降低到 1856.00，改进: 5.00 (0.27%)
2025-04-08 16:04:42,521 - DEBUG - 执行AGV分配局部搜索，当前完工时间: 1739.00
2025-04-08 16:04:42,524 - DEBUG - 局部搜索未能改进当前解
2025-04-08 16:04:42,529 - DEBUG - 执行AGV分配局部搜索，当前完工时间: 1818.00
2025-04-08 16:04:42,533 - DEBUG - 局部搜索未能改进当前解
2025-04-08 16:04:42,536 - DEBUG - 执行AGV分配局部搜索，当前完工时间: 1721.00
2025-04-08 16:04:42,540 - DEBUG - 局部搜索未能改进当前解
2025-04-08 16:04:42,545 - DEBUG - 执行AGV分配局部搜索，当前完工时间: 1918.00
2025-04-08 16:04:42,547 - DEBUG - 局部搜索未能改进当前解
2025-04-08 16:04:42,552 - DEBUG - 执行AGV分配局部搜索，当前完工时间: 1807.00
2025-04-08 16:04:42,555 - DEBUG - 局部搜索未能改进当前解
2025-04-08 16:04:42,559 - DEBUG - 执行AGV分配局部搜索，当前完工时间: 1791.00
2025-04-08 16:04:42,563 - DEBUG - AGV分配局部搜索成功！完工时间从 1791.00 降低到 1788.00，改进: 3.00 (0.17%)
2025-04-08 16:04:42,567 - DEBUG - 执行AGV分配局部搜索，当前完工时间: 1809.00
2025-04-08 16:04:42,570 - DEBUG - 局部搜索未能改进当前解
2025-04-08 16:04:42,574 - DEBUG - 执行AGV分配局部搜索，当前完工时间: 1791.00
2025-04-08 16:04:42,578 - DEBUG - 局部搜索未能改进当前解
2025-04-08 16:04:42,582 - DEBUG - 执行AGV分配局部搜索，当前完工时间: 1790.00
2025-04-08 16:04:42,585 - DEBUG - 局部搜索未能改进当前解
2025-04-08 16:04:42,590 - DEBUG - 执行AGV分配局部搜索，当前完工时间: 1789.00
2025-04-08 16:04:42,593 - DEBUG - 局部搜索未能改进当前解
2025-04-08 16:04:42,597 - DEBUG - 执行AGV分配局部搜索，当前完工时间: 1764.00
2025-04-08 16:04:42,601 - DEBUG - 局部搜索未能改进当前解
2025-04-08 16:04:42,605 - DEBUG - 执行AGV分配局部搜索，当前完工时间: 1812.00
2025-04-08 16:04:42,608 - DEBUG - 局部搜索未能改进当前解
2025-04-08 16:04:42,612 - DEBUG - 执行AGV分配局部搜索，当前完工时间: 1784.00
2025-04-08 16:04:42,615 - DEBUG - 局部搜索未能改进当前解
2025-04-08 16:04:42,619 - DEBUG - 执行AGV分配局部搜索，当前完工时间: 1773.00
2025-04-08 16:04:42,623 - DEBUG - 局部搜索未能改进当前解
2025-04-08 16:04:42,626 - DEBUG - 执行AGV分配局部搜索，当前完工时间: 1804.00
2025-04-08 16:04:42,630 - DEBUG - 局部搜索未能改进当前解
2025-04-08 16:04:42,634 - DEBUG - 执行AGV分配局部搜索，当前完工时间: 1839.00
2025-04-08 16:04:42,637 - DEBUG - AGV分配局部搜索成功！完工时间从 1839.00 降低到 1828.00，改进: 11.00 (0.60%)
2025-04-08 16:04:42,642 - DEBUG - 执行AGV分配局部搜索，当前完工时间: 1860.00
2025-04-08 16:04:42,645 - DEBUG - 局部搜索未能改进当前解
2025-04-08 16:04:42,649 - DEBUG - 执行AGV分配局部搜索，当前完工时间: 1740.00
2025-04-08 16:04:42,652 - DEBUG - 局部搜索未能改进当前解
2025-04-08 16:04:42,656 - DEBUG - 执行AGV分配局部搜索，当前完工时间: 1772.00
2025-04-08 16:04:42,659 - DEBUG - 局部搜索未能改进当前解
2025-04-08 16:04:42,664 - DEBUG - 执行AGV分配局部搜索，当前完工时间: 1746.00
2025-04-08 16:04:42,666 - DEBUG - 局部搜索未能改进当前解
2025-04-08 16:04:42,670 - DEBUG - 执行AGV分配局部搜索，当前完工时间: 1842.00
2025-04-08 16:04:42,675 - DEBUG - AGV分配局部搜索成功！完工时间从 1842.00 降低到 1826.00，改进: 16.00 (0.87%)
2025-04-08 16:04:42,679 - DEBUG - 执行AGV分配局部搜索，当前完工时间: 1808.00
2025-04-08 16:04:42,682 - DEBUG - 局部搜索未能改进当前解
2025-04-08 16:04:42,686 - DEBUG - 执行AGV分配局部搜索，当前完工时间: 1836.00
2025-04-08 16:04:42,688 - DEBUG - AGV分配局部搜索成功！完工时间从 1836.00 降低到 1830.00，改进: 6.00 (0.33%)
2025-04-08 16:04:42,694 - DEBUG - 执行AGV分配局部搜索，当前完工时间: 1690.00
2025-04-08 16:04:42,697 - DEBUG - 局部搜索未能改进当前解
2025-04-08 16:04:42,700 - DEBUG - 执行AGV分配局部搜索，当前完工时间: 1826.00
2025-04-08 16:04:42,705 - DEBUG - 局部搜索未能改进当前解
2025-04-08 16:04:42,708 - DEBUG - 执行AGV分配局部搜索，当前完工时间: 1824.00
2025-04-08 16:04:42,712 - DEBUG - 局部搜索未能改进当前解
2025-04-08 16:04:42,715 - DEBUG - 执行AGV分配局部搜索，当前完工时间: 1772.00
2025-04-08 16:04:42,720 - DEBUG - 局部搜索未能改进当前解
2025-04-08 16:04:42,723 - DEBUG - 执行AGV分配局部搜索，当前完工时间: 1905.00
2025-04-08 16:04:42,726 - DEBUG - 局部搜索未能改进当前解
2025-04-08 16:04:42,726 - DEBUG - ==================================================
2025-04-08 16:04:42,726 - DEBUG - Efficiency Statistics of Local Search :
2025-04-08 16:04:42,726 - DEBUG - Number of attempts: 99
2025-04-08 16:04:42,726 - DEBUG - Average Success Rate: 14.14%
2025-04-08 16:04:42,726 - DEBUG - AGV Local Search Success: 14，Average Improvement: 12.29
2025-04-08 16:04:42,731 - DEBUG - 执行AGV分配局部搜索，当前完工时间: 1727.00
2025-04-08 16:04:42,735 - DEBUG - 局部搜索未能改进当前解
2025-04-08 16:04:42,739 - DEBUG - 执行AGV分配局部搜索，当前完工时间: 1792.00
2025-04-08 16:04:42,742 - DEBUG - 局部搜索未能改进当前解
2025-04-08 16:04:42,746 - DEBUG - 执行AGV分配局部搜索，当前完工时间: 1781.00
2025-04-08 16:04:42,749 - DEBUG - AGV分配局部搜索成功！完工时间从 1781.00 降低到 1741.00，改进: 40.00 (2.25%)
2025-04-08 16:04:42,753 - DEBUG - 执行AGV分配局部搜索，当前完工时间: 1775.00
2025-04-08 16:04:42,757 - DEBUG - 局部搜索未能改进当前解
2025-04-08 16:04:42,761 - DEBUG - 执行AGV分配局部搜索，当前完工时间: 1774.00
2025-04-08 16:04:42,765 - DEBUG - 局部搜索未能改进当前解
2025-04-08 16:04:42,768 - DEBUG - 执行AGV分配局部搜索，当前完工时间: 1770.00
2025-04-08 16:04:42,770 - DEBUG - AGV分配局部搜索成功！完工时间从 1770.00 降低到 1766.00，改进: 4.00 (0.23%)
2025-04-08 16:04:42,775 - DEBUG - 执行AGV分配局部搜索，当前完工时间: 1822.00
2025-04-08 16:04:42,780 - DEBUG - 局部搜索未能改进当前解
2025-04-08 16:04:42,784 - DEBUG - 执行AGV分配局部搜索，当前完工时间: 1782.00
2025-04-08 16:04:42,787 - DEBUG - 局部搜索未能改进当前解
2025-04-08 16:04:42,792 - DEBUG - 执行AGV分配局部搜索，当前完工时间: 1785.00
2025-04-08 16:04:42,795 - DEBUG - 局部搜索未能改进当前解
2025-04-08 16:04:42,799 - DEBUG - 执行AGV分配局部搜索，当前完工时间: 1823.00
2025-04-08 16:04:42,803 - DEBUG - 局部搜索未能改进当前解
2025-04-08 16:04:42,807 - DEBUG - 执行AGV分配局部搜索，当前完工时间: 1810.00
2025-04-08 16:04:42,809 - DEBUG - 局部搜索未能改进当前解
2025-04-08 16:04:42,814 - DEBUG - 执行AGV分配局部搜索，当前完工时间: 1797.00
2025-04-08 16:04:42,817 - DEBUG - 局部搜索未能改进当前解
2025-04-08 16:04:42,821 - DEBUG - 执行AGV分配局部搜索，当前完工时间: 1733.00
2025-04-08 16:04:42,825 - DEBUG - 局部搜索未能改进当前解
2025-04-08 16:04:42,828 - DEBUG - 执行AGV分配局部搜索，当前完工时间: 1740.00
2025-04-08 16:04:42,832 - DEBUG - 局部搜索未能改进当前解
2025-04-08 16:04:42,836 - DEBUG - 执行AGV分配局部搜索，当前完工时间: 1832.00
2025-04-08 16:04:42,839 - DEBUG - 局部搜索未能改进当前解
2025-04-08 16:04:42,844 - DEBUG - 执行AGV分配局部搜索，当前完工时间: 1765.00
2025-04-08 16:04:42,847 - DEBUG - 局部搜索未能改进当前解
2025-04-08 16:04:42,851 - DEBUG - 执行AGV分配局部搜索，当前完工时间: 1866.00
2025-04-08 16:04:42,855 - DEBUG - 局部搜索未能改进当前解
2025-04-08 16:04:42,859 - DEBUG - 执行AGV分配局部搜索，当前完工时间: 1749.00
2025-04-08 16:04:42,862 - DEBUG - 局部搜索未能改进当前解
2025-04-08 16:04:42,866 - DEBUG - 执行AGV分配局部搜索，当前完工时间: 1819.00
2025-04-08 16:04:42,870 - DEBUG - 局部搜索未能改进当前解
2025-04-08 16:04:42,875 - DEBUG - 执行AGV分配局部搜索，当前完工时间: 1767.00
2025-04-08 16:04:42,878 - DEBUG - 局部搜索未能改进当前解
2025-04-08 16:04:42,882 - DEBUG - 执行AGV分配局部搜索，当前完工时间: 1779.00
2025-04-08 16:04:42,885 - DEBUG - 局部搜索未能改进当前解
2025-04-08 16:04:42,888 - DEBUG - 执行AGV分配局部搜索，当前完工时间: 1867.00
2025-04-08 16:04:42,893 - DEBUG - 局部搜索未能改进当前解
2025-04-08 16:04:42,897 - DEBUG - 执行AGV分配局部搜索，当前完工时间: 1847.00
2025-04-08 16:04:42,899 - DEBUG - 局部搜索未能改进当前解
2025-04-08 16:04:42,903 - DEBUG - 执行AGV分配局部搜索，当前完工时间: 1781.00
2025-04-08 16:04:42,907 - DEBUG - 局部搜索未能改进当前解
2025-04-08 16:04:42,912 - DEBUG - 执行AGV分配局部搜索，当前完工时间: 1834.00
2025-04-08 16:04:42,915 - DEBUG - 局部搜索未能改进当前解
2025-04-08 16:04:42,920 - DEBUG - 执行AGV分配局部搜索，当前完工时间: 1816.00
2025-04-08 16:04:42,924 - DEBUG - 局部搜索未能改进当前解
2025-04-08 16:04:42,926 - DEBUG - 执行AGV分配局部搜索，当前完工时间: 1794.00
2025-04-08 16:04:42,931 - DEBUG - 局部搜索未能改进当前解
2025-04-08 16:04:42,935 - DEBUG - 执行AGV分配局部搜索，当前完工时间: 1804.00
2025-04-08 16:04:42,938 - DEBUG - 局部搜索未能改进当前解
2025-04-08 16:04:42,942 - DEBUG - 执行AGV分配局部搜索，当前完工时间: 1911.00
2025-04-08 16:04:42,945 - DEBUG - 局部搜索未能改进当前解
2025-04-08 16:04:42,949 - DEBUG - 执行AGV分配局部搜索，当前完工时间: 1769.00
2025-04-08 16:04:42,953 - DEBUG - 局部搜索未能改进当前解
2025-04-08 16:04:42,957 - DEBUG - 执行AGV分配局部搜索，当前完工时间: 1771.00
2025-04-08 16:04:42,960 - DEBUG - 局部搜索未能改进当前解
2025-04-08 16:04:42,964 - DEBUG - 执行AGV分配局部搜索，当前完工时间: 1908.00
2025-04-08 16:04:42,968 - DEBUG - 局部搜索未能改进当前解
2025-04-08 16:04:42,972 - DEBUG - 执行AGV分配局部搜索，当前完工时间: 1782.00
2025-04-08 16:04:42,975 - DEBUG - 局部搜索未能改进当前解
2025-04-08 16:04:42,978 - DEBUG - 执行AGV分配局部搜索，当前完工时间: 1805.00
2025-04-08 16:04:42,983 - DEBUG - 局部搜索未能改进当前解
2025-04-08 16:04:42,986 - DEBUG - 执行AGV分配局部搜索，当前完工时间: 1720.00
2025-04-08 16:04:42,990 - DEBUG - 局部搜索未能改进当前解
2025-04-08 16:04:42,994 - DEBUG - 执行AGV分配局部搜索，当前完工时间: 1816.00
2025-04-08 16:04:42,997 - DEBUG - 局部搜索未能改进当前解
2025-04-08 16:04:43,001 - DEBUG - 执行AGV分配局部搜索，当前完工时间: 1823.00
2025-04-08 16:04:43,005 - DEBUG - 局部搜索未能改进当前解
2025-04-08 16:04:43,009 - DEBUG - 执行AGV分配局部搜索，当前完工时间: 1857.00
2025-04-08 16:04:43,011 - DEBUG - 局部搜索未能改进当前解
2025-04-08 16:04:43,017 - DEBUG - 执行AGV分配局部搜索，当前完工时间: 1766.00
2025-04-08 16:04:43,020 - DEBUG - 局部搜索未能改进当前解
2025-04-08 16:04:43,025 - DEBUG - 执行AGV分配局部搜索，当前完工时间: 1816.00
2025-04-08 16:04:43,029 - DEBUG - 局部搜索未能改进当前解
2025-04-08 16:04:43,034 - DEBUG - 执行AGV分配局部搜索，当前完工时间: 1952.00
2025-04-08 16:04:43,037 - DEBUG - 局部搜索未能改进当前解
2025-04-08 16:04:43,040 - DEBUG - 执行AGV分配局部搜索，当前完工时间: 1754.00
2025-04-08 16:04:43,044 - DEBUG - 局部搜索未能改进当前解
2025-04-08 16:04:43,049 - DEBUG - 执行AGV分配局部搜索，当前完工时间: 1821.00
2025-04-08 16:04:43,053 - DEBUG - 局部搜索未能改进当前解
2025-04-08 16:04:43,056 - DEBUG - 执行AGV分配局部搜索，当前完工时间: 1761.00
2025-04-08 16:04:43,060 - DEBUG - 局部搜索未能改进当前解
2025-04-08 16:04:43,064 - DEBUG - 执行AGV分配局部搜索，当前完工时间: 1757.00
2025-04-08 16:04:43,067 - DEBUG - 局部搜索未能改进当前解
2025-04-08 16:04:43,070 - DEBUG - 执行AGV分配局部搜索，当前完工时间: 1850.00
2025-04-08 16:04:43,075 - DEBUG - 局部搜索未能改进当前解
2025-04-08 16:04:43,080 - DEBUG - 执行AGV分配局部搜索，当前完工时间: 1828.00
2025-04-08 16:04:43,083 - DEBUG - 局部搜索未能改进当前解
2025-04-08 16:04:43,088 - DEBUG - 执行AGV分配局部搜索，当前完工时间: 1766.00
2025-04-08 16:04:43,092 - DEBUG - 局部搜索未能改进当前解
2025-04-08 16:04:43,095 - DEBUG - 执行AGV分配局部搜索，当前完工时间: 1811.00
2025-04-08 16:04:43,098 - DEBUG - 局部搜索未能改进当前解
2025-04-08 16:04:43,103 - DEBUG - 执行AGV分配局部搜索，当前完工时间: 1833.00
2025-04-08 16:04:43,107 - DEBUG - 局部搜索未能改进当前解
2025-04-08 16:04:43,110 - DEBUG - 执行AGV分配局部搜索，当前完工时间: 1891.00
2025-04-08 16:04:43,114 - DEBUG - 局部搜索未能改进当前解
2025-04-08 16:04:43,118 - DEBUG - 执行AGV分配局部搜索，当前完工时间: 1742.00
2025-04-08 16:04:43,122 - DEBUG - 局部搜索未能改进当前解
2025-04-08 16:04:43,125 - DEBUG - 执行AGV分配局部搜索，当前完工时间: 1746.00
2025-04-08 16:04:43,129 - DEBUG - 局部搜索未能改进当前解
2025-04-08 16:04:43,133 - DEBUG - 执行AGV分配局部搜索，当前完工时间: 1801.00
2025-04-08 16:04:43,136 - DEBUG - 局部搜索未能改进当前解
2025-04-08 16:04:43,140 - DEBUG - 执行AGV分配局部搜索，当前完工时间: 1746.00
2025-04-08 16:04:43,144 - DEBUG - 局部搜索未能改进当前解
2025-04-08 16:04:43,147 - DEBUG - 执行AGV分配局部搜索，当前完工时间: 1746.00
2025-04-08 16:04:43,151 - DEBUG - 局部搜索未能改进当前解
2025-04-08 16:04:43,155 - DEBUG - 执行AGV分配局部搜索，当前完工时间: 1771.00
2025-04-08 16:04:43,158 - DEBUG - 局部搜索未能改进当前解
2025-04-08 16:04:43,162 - DEBUG - 执行AGV分配局部搜索，当前完工时间: 1740.00
2025-04-08 16:04:43,165 - DEBUG - 局部搜索未能改进当前解
2025-04-08 16:04:43,169 - DEBUG - 执行AGV分配局部搜索，当前完工时间: 1943.00
2025-04-08 16:04:43,174 - DEBUG - 局部搜索未能改进当前解
2025-04-08 16:04:43,176 - DEBUG - 执行AGV分配局部搜索，当前完工时间: 1994.00
2025-04-08 16:04:43,181 - DEBUG - 局部搜索未能改进当前解
2025-04-08 16:04:43,185 - DEBUG - 执行AGV分配局部搜索，当前完工时间: 1774.00
2025-04-08 16:04:43,189 - DEBUG - 局部搜索未能改进当前解
2025-04-08 16:04:43,193 - DEBUG - 执行AGV分配局部搜索，当前完工时间: 1770.00
2025-04-08 16:04:43,196 - DEBUG - 局部搜索未能改进当前解
2025-04-08 16:04:43,200 - DEBUG - 执行AGV分配局部搜索，当前完工时间: 1850.00
2025-04-08 16:04:43,203 - DEBUG - 局部搜索未能改进当前解
2025-04-08 16:04:43,207 - DEBUG - 执行AGV分配局部搜索，当前完工时间: 1790.00
2025-04-08 16:04:43,211 - DEBUG - 局部搜索未能改进当前解
2025-04-08 16:04:43,214 - DEBUG - 执行AGV分配局部搜索，当前完工时间: 1788.00
2025-04-08 16:04:43,218 - DEBUG - 局部搜索未能改进当前解
2025-04-08 16:04:43,222 - DEBUG - 执行AGV分配局部搜索，当前完工时间: 1829.00
2025-04-08 16:04:43,225 - DEBUG - 局部搜索未能改进当前解
2025-04-08 16:04:43,229 - DEBUG - 执行AGV分配局部搜索，当前完工时间: 1892.00
2025-04-08 16:04:43,232 - DEBUG - 局部搜索未能改进当前解
2025-04-08 16:04:43,237 - DEBUG - 执行AGV分配局部搜索，当前完工时间: 1901.00
2025-04-08 16:04:43,241 - DEBUG - 局部搜索未能改进当前解
2025-04-08 16:04:43,244 - DEBUG - 执行AGV分配局部搜索，当前完工时间: 1774.00
2025-04-08 16:04:43,248 - DEBUG - 局部搜索未能改进当前解
2025-04-08 16:04:43,251 - DEBUG - 执行AGV分配局部搜索，当前完工时间: 1780.00
2025-04-08 16:04:43,254 - DEBUG - 局部搜索未能改进当前解
2025-04-08 16:04:43,259 - DEBUG - 执行AGV分配局部搜索，当前完工时间: 1762.00
2025-04-08 16:04:43,262 - DEBUG - 局部搜索未能改进当前解
2025-04-08 16:04:43,267 - DEBUG - 执行AGV分配局部搜索，当前完工时间: 1832.00
2025-04-08 16:04:43,269 - DEBUG - 局部搜索未能改进当前解
2025-04-08 16:04:43,273 - DEBUG - 执行AGV分配局部搜索，当前完工时间: 1804.00
2025-04-08 16:04:43,277 - DEBUG - 局部搜索未能改进当前解
2025-04-08 16:04:43,281 - DEBUG - 执行AGV分配局部搜索，当前完工时间: 1790.00
2025-04-08 16:04:43,285 - DEBUG - 局部搜索未能改进当前解
2025-04-08 16:04:43,290 - DEBUG - 执行AGV分配局部搜索，当前完工时间: 1828.00
2025-04-08 16:04:43,293 - DEBUG - 局部搜索未能改进当前解
2025-04-08 16:04:43,297 - DEBUG - 执行AGV分配局部搜索，当前完工时间: 1851.00
2025-04-08 16:04:43,301 - DEBUG - 局部搜索未能改进当前解
2025-04-08 16:04:43,304 - DEBUG - 执行AGV分配局部搜索，当前完工时间: 1781.00
2025-04-08 16:04:43,307 - DEBUG - 局部搜索未能改进当前解
2025-04-08 16:04:43,312 - DEBUG - 执行AGV分配局部搜索，当前完工时间: 1835.00
2025-04-08 16:04:43,316 - DEBUG - 局部搜索未能改进当前解
2025-04-08 16:04:43,320 - DEBUG - 执行AGV分配局部搜索，当前完工时间: 1761.00
2025-04-08 16:04:43,323 - DEBUG - 局部搜索未能改进当前解
2025-04-08 16:04:43,327 - DEBUG - 执行AGV分配局部搜索，当前完工时间: 1773.00
2025-04-08 16:04:43,330 - DEBUG - 局部搜索未能改进当前解
2025-04-08 16:04:43,334 - DEBUG - 执行AGV分配局部搜索，当前完工时间: 1795.00
2025-04-08 16:04:43,338 - DEBUG - 局部搜索未能改进当前解
2025-04-08 16:04:43,342 - DEBUG - 执行AGV分配局部搜索，当前完工时间: 1792.00
2025-04-08 16:04:43,345 - DEBUG - AGV分配局部搜索成功！完工时间从 1792.00 降低到 1779.00，改进: 13.00 (0.73%)
2025-04-08 16:04:43,350 - DEBUG - 执行AGV分配局部搜索，当前完工时间: 1878.00
2025-04-08 16:04:43,354 - DEBUG - AGV分配局部搜索成功！完工时间从 1878.00 降低到 1801.00，改进: 77.00 (4.10%)
2025-04-08 16:04:43,357 - DEBUG - 执行AGV分配局部搜索，当前完工时间: 1859.00
2025-04-08 16:04:43,360 - DEBUG - 局部搜索未能改进当前解
2025-04-08 16:04:43,364 - DEBUG - 执行AGV分配局部搜索，当前完工时间: 1760.00
2025-04-08 16:04:43,368 - DEBUG - 局部搜索未能改进当前解
2025-04-08 16:04:43,372 - DEBUG - 执行AGV分配局部搜索，当前完工时间: 1785.00
2025-04-08 16:04:43,376 - DEBUG - AGV分配局部搜索成功！完工时间从 1785.00 降低到 1782.00，改进: 3.00 (0.17%)
2025-04-08 16:04:43,381 - DEBUG - 执行AGV分配局部搜索，当前完工时间: 1789.00
2025-04-08 16:04:43,385 - DEBUG - 局部搜索未能改进当前解
2025-04-08 16:04:43,388 - DEBUG - 执行AGV分配局部搜索，当前完工时间: 1836.00
2025-04-08 16:04:43,393 - DEBUG - 局部搜索未能改进当前解
2025-04-08 16:04:43,396 - DEBUG - 执行AGV分配局部搜索，当前完工时间: 1800.00
2025-04-08 16:04:43,400 - DEBUG - 局部搜索未能改进当前解
2025-04-08 16:04:43,404 - DEBUG - 执行AGV分配局部搜索，当前完工时间: 1868.00
2025-04-08 16:04:43,407 - DEBUG - 局部搜索未能改进当前解
2025-04-08 16:04:43,411 - DEBUG - 执行AGV分配局部搜索，当前完工时间: 1836.00
2025-04-08 16:04:43,414 - DEBUG - 局部搜索未能改进当前解
2025-04-08 16:04:43,419 - DEBUG - 执行AGV分配局部搜索，当前完工时间: 1868.00
2025-04-08 16:04:43,422 - DEBUG - 局部搜索未能改进当前解
2025-04-08 16:04:43,426 - DEBUG - 执行AGV分配局部搜索，当前完工时间: 1819.00
2025-04-08 16:04:43,430 - DEBUG - 局部搜索未能改进当前解
2025-04-08 16:04:43,434 - DEBUG - 执行AGV分配局部搜索，当前完工时间: 1856.00
2025-04-08 16:04:43,437 - DEBUG - 局部搜索未能改进当前解
2025-04-08 16:04:43,442 - DEBUG - 执行AGV分配局部搜索，当前完工时间: 1740.00
2025-04-08 16:04:43,445 - DEBUG - 局部搜索未能改进当前解
2025-04-08 16:04:43,449 - DEBUG - 执行AGV分配局部搜索，当前完工时间: 1820.00
2025-04-08 16:04:43,453 - DEBUG - 局部搜索未能改进当前解
2025-04-08 16:04:43,456 - DEBUG - 执行AGV分配局部搜索，当前完工时间: 1775.00
2025-04-08 16:04:43,460 - DEBUG - 局部搜索未能改进当前解
2025-04-08 16:04:43,463 - DEBUG - 执行AGV分配局部搜索，当前完工时间: 1746.00
2025-04-08 16:04:43,466 - DEBUG - 局部搜索未能改进当前解
2025-04-08 16:04:43,470 - DEBUG - 执行AGV分配局部搜索，当前完工时间: 1733.00
2025-04-08 16:04:43,474 - DEBUG - 局部搜索未能改进当前解
2025-04-08 16:04:43,474 - DEBUG - ==================================================
2025-04-08 16:04:43,474 - DEBUG - Efficiency Statistics of Local Search :
2025-04-08 16:04:43,474 - DEBUG - Number of attempts: 99
2025-04-08 16:04:43,474 - DEBUG - Average Success Rate: 5.05%
2025-04-08 16:04:43,474 - DEBUG - AGV Local Search Success: 5，Average Improvement: 27.40
2025-04-08 16:04:43,479 - DEBUG - 执行AGV分配局部搜索，当前完工时间: 1817.00
2025-04-08 16:04:43,483 - DEBUG - 局部搜索未能改进当前解
2025-04-08 16:04:43,486 - DEBUG - 执行AGV分配局部搜索，当前完工时间: 1865.00
2025-04-08 16:04:43,490 - DEBUG - 局部搜索未能改进当前解
2025-04-08 16:04:43,493 - DEBUG - 执行AGV分配局部搜索，当前完工时间: 1794.00
2025-04-08 16:04:43,498 - DEBUG - 局部搜索未能改进当前解
2025-04-08 16:04:43,501 - DEBUG - 执行AGV分配局部搜索，当前完工时间: 1831.00
2025-04-08 16:04:43,505 - DEBUG - 局部搜索未能改进当前解
2025-04-08 16:04:43,508 - DEBUG - 执行AGV分配局部搜索，当前完工时间: 1827.00
2025-04-08 16:04:43,512 - DEBUG - 局部搜索未能改进当前解
2025-04-08 16:04:43,516 - DEBUG - 执行AGV分配局部搜索，当前完工时间: 1878.00
2025-04-08 16:04:43,520 - DEBUG - 局部搜索未能改进当前解
2025-04-08 16:04:43,522 - DEBUG - 执行AGV分配局部搜索，当前完工时间: 1834.00
2025-04-08 16:04:43,527 - DEBUG - AGV分配局部搜索成功！完工时间从 1834.00 降低到 1820.00，改进: 14.00 (0.76%)
2025-04-08 16:04:43,531 - DEBUG - 执行AGV分配局部搜索，当前完工时间: 1802.00
2025-04-08 16:04:43,535 - DEBUG - 局部搜索未能改进当前解
2025-04-08 16:04:43,538 - DEBUG - 执行AGV分配局部搜索，当前完工时间: 1726.00
2025-04-08 16:04:43,542 - DEBUG - 局部搜索未能改进当前解
2025-04-08 16:04:43,545 - DEBUG - 执行AGV分配局部搜索，当前完工时间: 1819.00
2025-04-08 16:04:43,549 - DEBUG - 局部搜索未能改进当前解
2025-04-08 16:04:43,552 - DEBUG - 执行AGV分配局部搜索，当前完工时间: 1794.00
2025-04-08 16:04:43,556 - DEBUG - 局部搜索未能改进当前解
2025-04-08 16:04:43,562 - DEBUG - 执行AGV分配局部搜索，当前完工时间: 1822.00
2025-04-08 16:04:43,564 - DEBUG - 局部搜索未能改进当前解
2025-04-08 16:04:43,569 - DEBUG - 执行AGV分配局部搜索，当前完工时间: 1766.00
2025-04-08 16:04:43,573 - DEBUG - 局部搜索未能改进当前解
2025-04-08 16:04:43,577 - DEBUG - 执行AGV分配局部搜索，当前完工时间: 1746.00
2025-04-08 16:04:43,580 - DEBUG - 局部搜索未能改进当前解
2025-04-08 16:04:43,583 - DEBUG - 执行AGV分配局部搜索，当前完工时间: 1742.00
2025-04-08 16:04:43,587 - DEBUG - 局部搜索未能改进当前解
2025-04-08 16:04:43,592 - DEBUG - 执行AGV分配局部搜索，当前完工时间: 1799.00
2025-04-08 16:04:43,595 - DEBUG - 局部搜索未能改进当前解
2025-04-08 16:04:43,599 - DEBUG - 执行AGV分配局部搜索，当前完工时间: 1757.00
2025-04-08 16:04:43,602 - DEBUG - 局部搜索未能改进当前解
2025-04-08 16:04:43,607 - DEBUG - 执行AGV分配局部搜索，当前完工时间: 1894.00
2025-04-08 16:04:43,610 - DEBUG - 局部搜索未能改进当前解
2025-04-08 16:04:43,614 - DEBUG - 执行AGV分配局部搜索，当前完工时间: 1814.00
2025-04-08 16:04:43,618 - DEBUG - 局部搜索未能改进当前解
2025-04-08 16:04:43,621 - DEBUG - 执行AGV分配局部搜索，当前完工时间: 1746.00
2025-04-08 16:04:43,625 - DEBUG - 局部搜索未能改进当前解
2025-04-08 16:04:43,629 - DEBUG - 执行AGV分配局部搜索，当前完工时间: 1762.00
2025-04-08 16:04:43,633 - DEBUG - 局部搜索未能改进当前解
2025-04-08 16:04:43,636 - DEBUG - 执行AGV分配局部搜索，当前完工时间: 1791.00
2025-04-08 16:04:43,639 - DEBUG - 局部搜索未能改进当前解
2025-04-08 16:04:43,644 - DEBUG - 执行AGV分配局部搜索，当前完工时间: 1844.00
2025-04-08 16:04:43,647 - DEBUG - 局部搜索未能改进当前解
2025-04-08 16:04:43,652 - DEBUG - 执行AGV分配局部搜索，当前完工时间: 1882.00
2025-04-08 16:04:43,656 - DEBUG - 局部搜索未能改进当前解
2025-04-08 16:04:43,659 - DEBUG - 执行AGV分配局部搜索，当前完工时间: 1792.00
2025-04-08 16:04:43,662 - DEBUG - 局部搜索未能改进当前解
2025-04-08 16:04:43,666 - DEBUG - 执行AGV分配局部搜索，当前完工时间: 1796.00
2025-04-08 16:04:43,670 - DEBUG - 局部搜索未能改进当前解
2025-04-08 16:04:43,673 - DEBUG - 执行AGV分配局部搜索，当前完工时间: 1860.00
2025-04-08 16:04:43,677 - DEBUG - 局部搜索未能改进当前解
2025-04-08 16:04:43,680 - DEBUG - 执行AGV分配局部搜索，当前完工时间: 1751.00
2025-04-08 16:04:43,684 - DEBUG - 局部搜索未能改进当前解
2025-04-08 16:04:43,687 - DEBUG - 执行AGV分配局部搜索，当前完工时间: 1794.00
2025-04-08 16:04:43,691 - DEBUG - 局部搜索未能改进当前解
2025-04-08 16:04:43,695 - DEBUG - 执行AGV分配局部搜索，当前完工时间: 1814.00
2025-04-08 16:04:43,699 - DEBUG - 局部搜索未能改进当前解
2025-04-08 16:04:43,703 - DEBUG - 执行AGV分配局部搜索，当前完工时间: 1805.00
2025-04-08 16:04:43,706 - DEBUG - 局部搜索未能改进当前解
2025-04-08 16:04:43,710 - DEBUG - 执行AGV分配局部搜索，当前完工时间: 1752.00
2025-04-08 16:04:43,714 - DEBUG - 局部搜索未能改进当前解
2025-04-08 16:04:43,716 - DEBUG - 执行AGV分配局部搜索，当前完工时间: 1770.00
2025-04-08 16:04:43,720 - DEBUG - 局部搜索未能改进当前解
2025-04-08 16:04:43,724 - DEBUG - 执行AGV分配局部搜索，当前完工时间: 1921.00
2025-04-08 16:04:43,728 - DEBUG - 局部搜索未能改进当前解
2025-04-08 16:04:43,731 - DEBUG - 执行AGV分配局部搜索，当前完工时间: 1854.00
2025-04-08 16:04:43,736 - DEBUG - AGV分配局部搜索成功！完工时间从 1854.00 降低到 1842.00，改进: 12.00 (0.65%)
2025-04-08 16:04:43,739 - DEBUG - 执行AGV分配局部搜索，当前完工时间: 1782.00
2025-04-08 16:04:43,743 - DEBUG - 局部搜索未能改进当前解
2025-04-08 16:04:43,746 - DEBUG - 执行AGV分配局部搜索，当前完工时间: 1771.00
2025-04-08 16:04:43,751 - DEBUG - 局部搜索未能改进当前解
2025-04-08 16:04:43,754 - DEBUG - 执行AGV分配局部搜索，当前完工时间: 1741.00
2025-04-08 16:04:43,758 - DEBUG - 局部搜索未能改进当前解
2025-04-08 16:04:43,762 - DEBUG - 执行AGV分配局部搜索，当前完工时间: 1755.00
2025-04-08 16:04:43,766 - DEBUG - 局部搜索未能改进当前解
2025-04-08 16:04:43,769 - DEBUG - 执行AGV分配局部搜索，当前完工时间: 1745.00
2025-04-08 16:04:43,773 - DEBUG - 局部搜索未能改进当前解
2025-04-08 16:04:43,776 - DEBUG - 执行AGV分配局部搜索，当前完工时间: 1856.00
2025-04-08 16:04:43,780 - DEBUG - 局部搜索未能改进当前解
2025-04-08 16:04:43,784 - DEBUG - 执行AGV分配局部搜索，当前完工时间: 1738.00
2025-04-08 16:04:43,787 - DEBUG - 局部搜索未能改进当前解
2025-04-08 16:04:43,792 - DEBUG - 执行AGV分配局部搜索，当前完工时间: 1759.00
2025-04-08 16:04:43,796 - DEBUG - 局部搜索未能改进当前解
2025-04-08 16:04:43,799 - DEBUG - 执行AGV分配局部搜索，当前完工时间: 1747.00
2025-04-08 16:04:43,803 - DEBUG - 局部搜索未能改进当前解
2025-04-08 16:04:43,806 - DEBUG - 执行AGV分配局部搜索，当前完工时间: 1816.00
2025-04-08 16:04:43,809 - DEBUG - 局部搜索未能改进当前解
2025-04-08 16:04:43,813 - DEBUG - 执行AGV分配局部搜索，当前完工时间: 1879.00
2025-04-08 16:04:43,816 - DEBUG - 局部搜索未能改进当前解
2025-04-08 16:04:43,821 - DEBUG - 执行AGV分配局部搜索，当前完工时间: 1891.00
2025-04-08 16:04:43,824 - DEBUG - 局部搜索未能改进当前解
2025-04-08 16:04:43,829 - DEBUG - 执行AGV分配局部搜索，当前完工时间: 1819.00
2025-04-08 16:04:43,832 - DEBUG - 局部搜索未能改进当前解
2025-04-08 16:04:43,836 - DEBUG - 执行AGV分配局部搜索，当前完工时间: 1803.00
2025-04-08 16:04:43,840 - DEBUG - 局部搜索未能改进当前解
2025-04-08 16:04:43,843 - DEBUG - 执行AGV分配局部搜索，当前完工时间: 1766.00
2025-04-08 16:04:43,848 - DEBUG - 局部搜索未能改进当前解
2025-04-08 16:04:43,851 - DEBUG - 执行AGV分配局部搜索，当前完工时间: 1878.00
2025-04-08 16:04:43,855 - DEBUG - 局部搜索未能改进当前解
2025-04-08 16:04:43,859 - DEBUG - 执行AGV分配局部搜索，当前完工时间: 1746.00
2025-04-08 16:04:43,862 - DEBUG - 局部搜索未能改进当前解
2025-04-08 16:04:43,866 - DEBUG - 执行AGV分配局部搜索，当前完工时间: 1822.00
2025-04-08 16:04:43,869 - DEBUG - 局部搜索未能改进当前解
2025-04-08 16:04:43,874 - DEBUG - 执行AGV分配局部搜索，当前完工时间: 1798.00
2025-04-08 16:04:43,877 - DEBUG - 局部搜索未能改进当前解
2025-04-08 16:04:43,881 - DEBUG - 执行AGV分配局部搜索，当前完工时间: 1816.00
2025-04-08 16:04:43,885 - DEBUG - 局部搜索未能改进当前解
2025-04-08 16:04:43,889 - DEBUG - 执行AGV分配局部搜索，当前完工时间: 1818.00
2025-04-08 16:04:43,893 - DEBUG - 局部搜索未能改进当前解
2025-04-08 16:04:43,897 - DEBUG - 执行AGV分配局部搜索，当前完工时间: 1822.00
2025-04-08 16:04:43,900 - DEBUG - 局部搜索未能改进当前解
2025-04-08 16:04:43,905 - DEBUG - 执行AGV分配局部搜索，当前完工时间: 1796.00
2025-04-08 16:04:43,909 - DEBUG - 局部搜索未能改进当前解
2025-04-08 16:04:43,912 - DEBUG - 执行AGV分配局部搜索，当前完工时间: 1873.00
2025-04-08 16:04:43,916 - DEBUG - 局部搜索未能改进当前解
2025-04-08 16:04:43,920 - DEBUG - 执行AGV分配局部搜索，当前完工时间: 1800.00
2025-04-08 16:04:43,924 - DEBUG - 局部搜索未能改进当前解
2025-04-08 16:04:43,928 - DEBUG - 执行AGV分配局部搜索，当前完工时间: 1724.00
2025-04-08 16:04:43,931 - DEBUG - 局部搜索未能改进当前解
2025-04-08 16:04:43,935 - DEBUG - 执行AGV分配局部搜索，当前完工时间: 1734.00
2025-04-08 16:04:43,939 - DEBUG - 局部搜索未能改进当前解
2025-04-08 16:04:43,943 - DEBUG - 执行AGV分配局部搜索，当前完工时间: 1764.00
2025-04-08 16:04:43,947 - DEBUG - 局部搜索未能改进当前解
2025-04-08 16:04:43,950 - DEBUG - 执行AGV分配局部搜索，当前完工时间: 1861.00
2025-04-08 16:04:43,953 - DEBUG - 局部搜索未能改进当前解
2025-04-08 16:04:43,957 - DEBUG - 执行AGV分配局部搜索，当前完工时间: 1766.00
2025-04-08 16:04:43,961 - DEBUG - 局部搜索未能改进当前解
2025-04-08 16:04:43,964 - DEBUG - 执行AGV分配局部搜索，当前完工时间: 1797.00
2025-04-08 16:04:43,968 - DEBUG - 局部搜索未能改进当前解
2025-04-08 16:04:43,972 - DEBUG - 执行AGV分配局部搜索，当前完工时间: 1846.00
2025-04-08 16:04:43,975 - DEBUG - 局部搜索未能改进当前解
2025-04-08 16:04:43,980 - DEBUG - 执行AGV分配局部搜索，当前完工时间: 1858.00
2025-04-08 16:04:43,984 - DEBUG - 局部搜索未能改进当前解
2025-04-08 16:04:43,988 - DEBUG - 执行AGV分配局部搜索，当前完工时间: 1782.00
2025-04-08 16:04:43,992 - DEBUG - 局部搜索未能改进当前解
2025-04-08 16:04:43,996 - DEBUG - 执行AGV分配局部搜索，当前完工时间: 1773.00
2025-04-08 16:04:44,000 - DEBUG - 局部搜索未能改进当前解
2025-04-08 16:04:44,004 - DEBUG - 执行AGV分配局部搜索，当前完工时间: 1781.00
2025-04-08 16:04:44,006 - DEBUG - 局部搜索未能改进当前解
2025-04-08 16:04:44,010 - DEBUG - 执行AGV分配局部搜索，当前完工时间: 1900.00
2025-04-08 16:04:44,014 - DEBUG - 局部搜索未能改进当前解
2025-04-08 16:04:44,018 - DEBUG - 执行AGV分配局部搜索，当前完工时间: 1777.00
2025-04-08 16:04:44,022 - DEBUG - 局部搜索未能改进当前解
2025-04-08 16:04:44,025 - DEBUG - 执行AGV分配局部搜索，当前完工时间: 1831.00
2025-04-08 16:04:44,030 - DEBUG - AGV分配局部搜索成功！完工时间从 1831.00 降低到 1784.00，改进: 47.00 (2.57%)
2025-04-08 16:04:44,033 - DEBUG - 执行AGV分配局部搜索，当前完工时间: 1792.00
2025-04-08 16:04:44,037 - DEBUG - 局部搜索未能改进当前解
2025-04-08 16:04:44,040 - DEBUG - 执行AGV分配局部搜索，当前完工时间: 1771.00
2025-04-08 16:04:44,044 - DEBUG - 局部搜索未能改进当前解
2025-04-08 16:04:44,047 - DEBUG - 执行AGV分配局部搜索，当前完工时间: 1854.00
2025-04-08 16:04:44,052 - DEBUG - 局部搜索未能改进当前解
2025-04-08 16:04:44,056 - DEBUG - 执行AGV分配局部搜索，当前完工时间: 1772.00
2025-04-08 16:04:44,059 - DEBUG - 局部搜索未能改进当前解
2025-04-08 16:04:44,063 - DEBUG - 执行AGV分配局部搜索，当前完工时间: 1859.00
2025-04-08 16:04:44,067 - DEBUG - 局部搜索未能改进当前解
2025-04-08 16:04:44,070 - DEBUG - 执行AGV分配局部搜索，当前完工时间: 1746.00
2025-04-08 16:04:44,074 - DEBUG - 局部搜索未能改进当前解
2025-04-08 16:04:44,079 - DEBUG - 执行AGV分配局部搜索，当前完工时间: 1727.00
2025-04-08 16:04:44,082 - DEBUG - 局部搜索未能改进当前解
2025-04-08 16:04:44,086 - DEBUG - 执行AGV分配局部搜索，当前完工时间: 1872.00
2025-04-08 16:04:44,090 - DEBUG - 局部搜索未能改进当前解
2025-04-08 16:04:44,094 - DEBUG - 执行AGV分配局部搜索，当前完工时间: 1854.00
2025-04-08 16:04:44,097 - DEBUG - 局部搜索未能改进当前解
2025-04-08 16:04:44,102 - DEBUG - 执行AGV分配局部搜索，当前完工时间: 1852.00
2025-04-08 16:04:44,105 - DEBUG - 局部搜索未能改进当前解
2025-04-08 16:04:44,110 - DEBUG - 执行AGV分配局部搜索，当前完工时间: 1859.00
2025-04-08 16:04:44,113 - DEBUG - 局部搜索未能改进当前解
2025-04-08 16:04:44,118 - DEBUG - 执行AGV分配局部搜索，当前完工时间: 1879.00
2025-04-08 16:04:44,121 - DEBUG - AGV分配局部搜索成功！完工时间从 1879.00 降低到 1805.00，改进: 74.00 (3.94%)
2025-04-08 16:04:44,125 - DEBUG - 执行AGV分配局部搜索，当前完工时间: 1795.00
2025-04-08 16:04:44,129 - DEBUG - 局部搜索未能改进当前解
2025-04-08 16:04:44,132 - DEBUG - 执行AGV分配局部搜索，当前完工时间: 1786.00
2025-04-08 16:04:44,135 - DEBUG - 局部搜索未能改进当前解
2025-04-08 16:04:44,140 - DEBUG - 执行AGV分配局部搜索，当前完工时间: 1758.00
2025-04-08 16:04:44,143 - DEBUG - 局部搜索未能改进当前解
2025-04-08 16:04:44,146 - DEBUG - 执行AGV分配局部搜索，当前完工时间: 1747.00
2025-04-08 16:04:44,150 - DEBUG - 局部搜索未能改进当前解
2025-04-08 16:04:44,154 - DEBUG - 执行AGV分配局部搜索，当前完工时间: 1892.00
2025-04-08 16:04:44,157 - DEBUG - 局部搜索未能改进当前解
2025-04-08 16:04:44,162 - DEBUG - 执行AGV分配局部搜索，当前完工时间: 1766.00
2025-04-08 16:04:44,164 - DEBUG - 局部搜索未能改进当前解
2025-04-08 16:04:44,169 - DEBUG - 执行AGV分配局部搜索，当前完工时间: 1774.00
2025-04-08 16:04:44,172 - DEBUG - AGV分配局部搜索成功！完工时间从 1774.00 降低到 1769.00，改进: 5.00 (0.28%)
2025-04-08 16:04:44,176 - DEBUG - 执行AGV分配局部搜索，当前完工时间: 1758.00
2025-04-08 16:04:44,180 - DEBUG - 局部搜索未能改进当前解
2025-04-08 16:04:44,183 - DEBUG - 执行AGV分配局部搜索，当前完工时间: 1761.00
2025-04-08 16:04:44,187 - DEBUG - 局部搜索未能改进当前解
2025-04-08 16:04:44,190 - DEBUG - 执行AGV分配局部搜索，当前完工时间: 1754.00
2025-04-08 16:04:44,194 - DEBUG - 局部搜索未能改进当前解
2025-04-08 16:04:44,197 - DEBUG - 执行AGV分配局部搜索，当前完工时间: 1758.00
2025-04-08 16:04:44,202 - DEBUG - 局部搜索未能改进当前解
2025-04-08 16:04:44,205 - DEBUG - 执行AGV分配局部搜索，当前完工时间: 1799.00
2025-04-08 16:04:44,209 - DEBUG - 局部搜索未能改进当前解
2025-04-08 16:04:44,212 - DEBUG - 执行AGV分配局部搜索，当前完工时间: 1825.00
2025-04-08 16:04:44,216 - DEBUG - 局部搜索未能改进当前解
2025-04-08 16:04:44,216 - DEBUG - ==================================================
2025-04-08 16:04:44,216 - DEBUG - Efficiency Statistics of Local Search :
2025-04-08 16:04:44,216 - DEBUG - Number of attempts: 99
2025-04-08 16:04:44,216 - DEBUG - Average Success Rate: 5.05%
2025-04-08 16:04:44,216 - DEBUG - AGV Local Search Success: 5，Average Improvement: 30.40
2025-04-08 16:04:44,220 - DEBUG - 执行AGV分配局部搜索，当前完工时间: 1784.00
2025-04-08 16:04:44,223 - DEBUG - 局部搜索未能改进当前解
2025-04-08 16:04:44,226 - DEBUG - 执行AGV分配局部搜索，当前完工时间: 1747.00
2025-04-08 16:04:44,230 - DEBUG - 局部搜索未能改进当前解
2025-04-08 16:04:44,234 - DEBUG - 执行AGV分配局部搜索，当前完工时间: 1803.00
2025-04-08 16:04:44,237 - DEBUG - 局部搜索未能改进当前解
2025-04-08 16:04:44,242 - DEBUG - 执行AGV分配局部搜索，当前完工时间: 1918.00
2025-04-08 16:04:44,246 - DEBUG - 局部搜索未能改进当前解
2025-04-08 16:04:44,250 - DEBUG - 执行AGV分配局部搜索，当前完工时间: 1793.00
2025-04-08 16:04:44,253 - DEBUG - 局部搜索未能改进当前解
2025-04-08 16:04:44,257 - DEBUG - 执行AGV分配局部搜索，当前完工时间: 1815.00
2025-04-08 16:04:44,260 - DEBUG - 局部搜索未能改进当前解
2025-04-08 16:04:44,264 - DEBUG - 执行AGV分配局部搜索，当前完工时间: 1769.00
2025-04-08 16:04:44,268 - DEBUG - 局部搜索未能改进当前解
2025-04-08 16:04:44,272 - DEBUG - 执行AGV分配局部搜索，当前完工时间: 1899.00
2025-04-08 16:04:44,275 - DEBUG - 局部搜索未能改进当前解
2025-04-08 16:04:44,279 - DEBUG - 执行AGV分配局部搜索，当前完工时间: 1833.00
2025-04-08 16:04:44,283 - DEBUG - 局部搜索未能改进当前解
2025-04-08 16:04:44,287 - DEBUG - 执行AGV分配局部搜索，当前完工时间: 1820.00
2025-04-08 16:04:44,291 - DEBUG - 局部搜索未能改进当前解
2025-04-08 16:04:44,295 - DEBUG - 执行AGV分配局部搜索，当前完工时间: 1741.00
2025-04-08 16:04:44,298 - DEBUG - AGV分配局部搜索成功！完工时间从 1741.00 降低到 1733.00，改进: 8.00 (0.46%)
2025-04-08 16:04:44,302 - DEBUG - 执行AGV分配局部搜索，当前完工时间: 1834.00
2025-04-08 16:04:44,306 - DEBUG - AGV分配局部搜索成功！完工时间从 1834.00 降低到 1823.00，改进: 11.00 (0.60%)
2025-04-08 16:04:44,310 - DEBUG - 执行AGV分配局部搜索，当前完工时间: 1814.00
2025-04-08 16:04:44,312 - DEBUG - 局部搜索未能改进当前解
2025-04-08 16:04:44,316 - DEBUG - 执行AGV分配局部搜索，当前完工时间: 1755.00
2025-04-08 16:04:44,320 - DEBUG - 局部搜索未能改进当前解
2025-04-08 16:04:44,323 - DEBUG - 执行AGV分配局部搜索，当前完工时间: 1747.00
2025-04-08 16:04:44,326 - DEBUG - 局部搜索未能改进当前解
2025-04-08 16:04:44,331 - DEBUG - 执行AGV分配局部搜索，当前完工时间: 1844.00
2025-04-08 16:04:44,334 - DEBUG - 局部搜索未能改进当前解
2025-04-08 16:04:44,338 - DEBUG - 执行AGV分配局部搜索，当前完工时间: 1713.00
2025-04-08 16:04:44,342 - DEBUG - 局部搜索未能改进当前解
2025-04-08 16:04:44,345 - DEBUG - 执行AGV分配局部搜索，当前完工时间: 1798.00
2025-04-08 16:04:44,350 - DEBUG - 局部搜索未能改进当前解
2025-04-08 16:04:44,353 - DEBUG - 执行AGV分配局部搜索，当前完工时间: 1801.00
2025-04-08 16:04:44,357 - DEBUG - 局部搜索未能改进当前解
2025-04-08 16:04:44,361 - DEBUG - 执行AGV分配局部搜索，当前完工时间: 1761.00
2025-04-08 16:04:44,364 - DEBUG - 局部搜索未能改进当前解
2025-04-08 16:04:44,368 - DEBUG - 执行AGV分配局部搜索，当前完工时间: 1724.00
2025-04-08 16:04:44,370 - DEBUG - 局部搜索未能改进当前解
2025-04-08 16:04:44,375 - DEBUG - 执行AGV分配局部搜索，当前完工时间: 1847.00
2025-04-08 16:04:44,379 - DEBUG - 局部搜索未能改进当前解
2025-04-08 16:04:44,383 - DEBUG - 执行AGV分配局部搜索，当前完工时间: 1912.00
2025-04-08 16:04:44,387 - DEBUG - 局部搜索未能改进当前解
2025-04-08 16:04:44,391 - DEBUG - 执行AGV分配局部搜索，当前完工时间: 1793.00
2025-04-08 16:04:44,394 - DEBUG - 局部搜索未能改进当前解
2025-04-08 16:04:44,397 - DEBUG - 执行AGV分配局部搜索，当前完工时间: 1818.00
2025-04-08 16:04:44,401 - DEBUG - 局部搜索未能改进当前解
2025-04-08 16:04:44,405 - DEBUG - 执行AGV分配局部搜索，当前完工时间: 1878.00
2025-04-08 16:04:44,409 - DEBUG - AGV分配局部搜索成功！完工时间从 1878.00 降低到 1861.00，改进: 17.00 (0.91%)
2025-04-08 16:04:44,412 - DEBUG - 执行AGV分配局部搜索，当前完工时间: 1874.00
2025-04-08 16:04:44,417 - DEBUG - 局部搜索未能改进当前解
2025-04-08 16:04:44,421 - DEBUG - 执行AGV分配局部搜索，当前完工时间: 1849.00
2025-04-08 16:04:44,424 - DEBUG - 局部搜索未能改进当前解
2025-04-08 16:04:44,429 - DEBUG - 执行AGV分配局部搜索，当前完工时间: 1851.00
2025-04-08 16:04:44,432 - DEBUG - 局部搜索未能改进当前解
2025-04-08 16:04:44,435 - DEBUG - 执行AGV分配局部搜索，当前完工时间: 1766.00
2025-04-08 16:04:44,441 - DEBUG - 局部搜索未能改进当前解
2025-04-08 16:04:44,444 - DEBUG - 执行AGV分配局部搜索，当前完工时间: 1762.00
2025-04-08 16:04:44,447 - DEBUG - 局部搜索未能改进当前解
2025-04-08 16:04:44,452 - DEBUG - 执行AGV分配局部搜索，当前完工时间: 1929.00
2025-04-08 16:04:44,455 - DEBUG - AGV分配局部搜索成功！完工时间从 1929.00 降低到 1903.00，改进: 26.00 (1.35%)
2025-04-08 16:04:44,459 - DEBUG - 执行AGV分配局部搜索，当前完工时间: 1742.00
2025-04-08 16:04:44,462 - DEBUG - 局部搜索未能改进当前解
2025-04-08 16:04:44,466 - DEBUG - 执行AGV分配局部搜索，当前完工时间: 1770.00
2025-04-08 16:04:44,470 - DEBUG - 局部搜索未能改进当前解
2025-04-08 16:04:44,474 - DEBUG - 执行AGV分配局部搜索，当前完工时间: 1840.00
2025-04-08 16:04:44,478 - DEBUG - 局部搜索未能改进当前解
2025-04-08 16:04:44,482 - DEBUG - 执行AGV分配局部搜索，当前完工时间: 1797.00
2025-04-08 16:04:44,485 - DEBUG - 局部搜索未能改进当前解
2025-04-08 16:04:44,489 - DEBUG - 执行AGV分配局部搜索，当前完工时间: 1769.00
2025-04-08 16:04:44,493 - DEBUG - 局部搜索未能改进当前解
2025-04-08 16:04:44,496 - DEBUG - 执行AGV分配局部搜索，当前完工时间: 1792.00
2025-04-08 16:04:44,501 - DEBUG - 局部搜索未能改进当前解
2025-04-08 16:04:44,505 - DEBUG - 执行AGV分配局部搜索，当前完工时间: 1834.00
2025-04-08 16:04:44,508 - DEBUG - 局部搜索未能改进当前解
2025-04-08 16:04:44,512 - DEBUG - 执行AGV分配局部搜索，当前完工时间: 1755.00
2025-04-08 16:04:44,517 - DEBUG - AGV分配局部搜索成功！完工时间从 1755.00 降低到 1747.00，改进: 8.00 (0.46%)
2025-04-08 16:04:44,520 - DEBUG - 执行AGV分配局部搜索，当前完工时间: 1832.00
2025-04-08 16:04:44,523 - DEBUG - 局部搜索未能改进当前解
2025-04-08 16:04:44,526 - DEBUG - 执行AGV分配局部搜索，当前完工时间: 1791.00
2025-04-08 16:04:44,530 - DEBUG - 局部搜索未能改进当前解
2025-04-08 16:04:44,534 - DEBUG - 执行AGV分配局部搜索，当前完工时间: 1805.00
2025-04-08 16:04:44,538 - DEBUG - 局部搜索未能改进当前解
2025-04-08 16:04:44,542 - DEBUG - 执行AGV分配局部搜索，当前完工时间: 1797.00
2025-04-08 16:04:44,545 - DEBUG - 局部搜索未能改进当前解
2025-04-08 16:04:44,550 - DEBUG - 执行AGV分配局部搜索，当前完工时间: 1756.00
2025-04-08 16:04:44,554 - DEBUG - 局部搜索未能改进当前解
2025-04-08 16:04:44,557 - DEBUG - 执行AGV分配局部搜索，当前完工时间: 1838.00
2025-04-08 16:04:44,561 - DEBUG - 局部搜索未能改进当前解
2025-04-08 16:04:44,564 - DEBUG - 执行AGV分配局部搜索，当前完工时间: 1755.00
2025-04-08 16:04:44,568 - DEBUG - 局部搜索未能改进当前解
2025-04-08 16:04:44,572 - DEBUG - 执行AGV分配局部搜索，当前完工时间: 1762.00
2025-04-08 16:04:44,575 - DEBUG - 局部搜索未能改进当前解
2025-04-08 16:04:44,580 - DEBUG - 执行AGV分配局部搜索，当前完工时间: 1848.00
2025-04-08 16:04:44,583 - DEBUG - 局部搜索未能改进当前解
2025-04-08 16:04:44,586 - DEBUG - 执行AGV分配局部搜索，当前完工时间: 1764.00
2025-04-08 16:04:44,590 - DEBUG - 局部搜索未能改进当前解
2025-04-08 16:04:44,594 - DEBUG - 执行AGV分配局部搜索，当前完工时间: 1778.00
2025-04-08 16:04:44,597 - DEBUG - AGV分配局部搜索成功！完工时间从 1778.00 降低到 1747.00，改进: 31.00 (1.74%)
2025-04-08 16:04:44,602 - DEBUG - 执行AGV分配局部搜索，当前完工时间: 1823.00
2025-04-08 16:04:44,605 - DEBUG - 局部搜索未能改进当前解
2025-04-08 16:04:44,610 - DEBUG - 执行AGV分配局部搜索，当前完工时间: 1844.00
2025-04-08 16:04:44,614 - DEBUG - AGV分配局部搜索成功！完工时间从 1844.00 降低到 1823.00，改进: 21.00 (1.14%)
2025-04-08 16:04:44,616 - DEBUG - 执行AGV分配局部搜索，当前完工时间: 1885.00
2025-04-08 16:04:44,621 - DEBUG - 局部搜索未能改进当前解
2025-04-08 16:04:44,625 - DEBUG - 执行AGV分配局部搜索，当前完工时间: 1806.00
2025-04-08 16:04:44,629 - DEBUG - 局部搜索未能改进当前解
2025-04-08 16:04:44,632 - DEBUG - 执行AGV分配局部搜索，当前完工时间: 1769.00
2025-04-08 16:04:44,635 - DEBUG - AGV分配局部搜索成功！完工时间从 1769.00 降低到 1761.00，改进: 8.00 (0.45%)
2025-04-08 16:04:44,641 - DEBUG - 执行AGV分配局部搜索，当前完工时间: 1892.00
2025-04-08 16:04:44,644 - DEBUG - AGV分配局部搜索成功！完工时间从 1892.00 降低到 1755.00，改进: 137.00 (7.24%)
2025-04-08 16:04:44,647 - DEBUG - 执行AGV分配局部搜索，当前完工时间: 1782.00
2025-04-08 16:04:44,652 - DEBUG - 局部搜索未能改进当前解
2025-04-08 16:04:44,655 - DEBUG - 执行AGV分配局部搜索，当前完工时间: 1818.00
2025-04-08 16:04:44,659 - DEBUG - 局部搜索未能改进当前解
2025-04-08 16:04:44,662 - DEBUG - 执行AGV分配局部搜索，当前完工时间: 1774.00
2025-04-08 16:04:44,666 - DEBUG - 局部搜索未能改进当前解
2025-04-08 16:04:44,670 - DEBUG - 执行AGV分配局部搜索，当前完工时间: 1729.00
2025-04-08 16:04:44,673 - DEBUG - 局部搜索未能改进当前解
2025-04-08 16:04:44,678 - DEBUG - 执行AGV分配局部搜索，当前完工时间: 1749.00
2025-04-08 16:04:44,681 - DEBUG - 局部搜索未能改进当前解
2025-04-08 16:04:44,685 - DEBUG - 执行AGV分配局部搜索，当前完工时间: 1855.00
2025-04-08 16:04:44,688 - DEBUG - 局部搜索未能改进当前解
2025-04-08 16:04:44,692 - DEBUG - 执行AGV分配局部搜索，当前完工时间: 1790.00
2025-04-08 16:04:44,697 - DEBUG - 局部搜索未能改进当前解
2025-04-08 16:04:44,700 - DEBUG - 执行AGV分配局部搜索，当前完工时间: 1853.00
2025-04-08 16:04:44,704 - DEBUG - AGV分配局部搜索成功！完工时间从 1853.00 降低到 1834.00，改进: 19.00 (1.03%)
2025-04-08 16:04:44,707 - DEBUG - 执行AGV分配局部搜索，当前完工时间: 1823.00
2025-04-08 16:04:44,712 - DEBUG - 局部搜索未能改进当前解
2025-04-08 16:04:44,714 - DEBUG - 执行AGV分配局部搜索，当前完工时间: 1797.00
2025-04-08 16:04:44,718 - DEBUG - 局部搜索未能改进当前解
2025-04-08 16:04:44,722 - DEBUG - 执行AGV分配局部搜索，当前完工时间: 1730.00
2025-04-08 16:04:44,726 - DEBUG - 局部搜索未能改进当前解
2025-04-08 16:04:44,729 - DEBUG - 执行AGV分配局部搜索，当前完工时间: 1767.00
2025-04-08 16:04:44,732 - DEBUG - 局部搜索未能改进当前解
2025-04-08 16:04:44,736 - DEBUG - 执行AGV分配局部搜索，当前完工时间: 1727.00
2025-04-08 16:04:44,738 - DEBUG - 局部搜索未能改进当前解
2025-04-08 16:04:44,743 - DEBUG - 执行AGV分配局部搜索，当前完工时间: 1796.00
2025-04-08 16:04:44,747 - DEBUG - 局部搜索未能改进当前解
2025-04-08 16:04:44,751 - DEBUG - 执行AGV分配局部搜索，当前完工时间: 1828.00
2025-04-08 16:04:44,754 - DEBUG - 局部搜索未能改进当前解
2025-04-08 16:04:44,758 - DEBUG - 执行AGV分配局部搜索，当前完工时间: 1797.00
2025-04-08 16:04:44,762 - DEBUG - 局部搜索未能改进当前解
2025-04-08 16:04:44,766 - DEBUG - 执行AGV分配局部搜索，当前完工时间: 1772.00
2025-04-08 16:04:44,769 - DEBUG - AGV分配局部搜索成功！完工时间从 1772.00 降低到 1747.00，改进: 25.00 (1.41%)
2025-04-08 16:04:44,773 - DEBUG - 执行AGV分配局部搜索，当前完工时间: 1748.00
2025-04-08 16:04:44,776 - DEBUG - 局部搜索未能改进当前解
2025-04-08 16:04:44,781 - DEBUG - 执行AGV分配局部搜索，当前完工时间: 1822.00
2025-04-08 16:04:44,784 - DEBUG - 局部搜索未能改进当前解
2025-04-08 16:04:44,789 - DEBUG - 执行AGV分配局部搜索，当前完工时间: 1848.00
2025-04-08 16:04:44,793 - DEBUG - 局部搜索未能改进当前解
2025-04-08 16:04:44,796 - DEBUG - 执行AGV分配局部搜索，当前完工时间: 1875.00
2025-04-08 16:04:44,800 - DEBUG - 局部搜索未能改进当前解
2025-04-08 16:04:44,804 - DEBUG - 执行AGV分配局部搜索，当前完工时间: 1713.00
2025-04-08 16:04:44,808 - DEBUG - 局部搜索未能改进当前解
2025-04-08 16:04:44,812 - DEBUG - 执行AGV分配局部搜索，当前完工时间: 1746.00
2025-04-08 16:04:44,816 - DEBUG - 局部搜索未能改进当前解
2025-04-08 16:04:44,819 - DEBUG - 执行AGV分配局部搜索，当前完工时间: 1794.00
2025-04-08 16:04:44,824 - DEBUG - 局部搜索未能改进当前解
2025-04-08 16:04:44,826 - DEBUG - 执行AGV分配局部搜索，当前完工时间: 1752.00
2025-04-08 16:04:44,831 - DEBUG - 局部搜索未能改进当前解
2025-04-08 16:04:44,834 - DEBUG - 执行AGV分配局部搜索，当前完工时间: 1841.00
2025-04-08 16:04:44,837 - DEBUG - 局部搜索未能改进当前解
2025-04-08 16:04:44,842 - DEBUG - 执行AGV分配局部搜索，当前完工时间: 1776.00
2025-04-08 16:04:44,846 - DEBUG - 局部搜索未能改进当前解
2025-04-08 16:04:44,850 - DEBUG - 执行AGV分配局部搜索，当前完工时间: 1806.00
2025-04-08 16:04:44,854 - DEBUG - 局部搜索未能改进当前解
2025-04-08 16:04:44,857 - DEBUG - 执行AGV分配局部搜索，当前完工时间: 1745.00
2025-04-08 16:04:44,860 - DEBUG - 局部搜索未能改进当前解
2025-04-08 16:04:44,864 - DEBUG - 执行AGV分配局部搜索，当前完工时间: 1746.00
2025-04-08 16:04:44,868 - DEBUG - 局部搜索未能改进当前解
2025-04-08 16:04:44,872 - DEBUG - 执行AGV分配局部搜索，当前完工时间: 1772.00
2025-04-08 16:04:44,875 - DEBUG - 局部搜索未能改进当前解
2025-04-08 16:04:44,879 - DEBUG - 执行AGV分配局部搜索，当前完工时间: 1772.00
2025-04-08 16:04:44,882 - DEBUG - 局部搜索未能改进当前解
2025-04-08 16:04:44,887 - DEBUG - 执行AGV分配局部搜索，当前完工时间: 1817.00
2025-04-08 16:04:44,890 - DEBUG - 局部搜索未能改进当前解
2025-04-08 16:04:44,894 - DEBUG - 执行AGV分配局部搜索，当前完工时间: 1821.00
2025-04-08 16:04:44,897 - DEBUG - 局部搜索未能改进当前解
2025-04-08 16:04:44,902 - DEBUG - 执行AGV分配局部搜索，当前完工时间: 1814.00
2025-04-08 16:04:44,905 - DEBUG - 局部搜索未能改进当前解
2025-04-08 16:04:44,909 - DEBUG - 执行AGV分配局部搜索，当前完工时间: 1803.00
2025-04-08 16:04:44,913 - DEBUG - 局部搜索未能改进当前解
2025-04-08 16:04:44,917 - DEBUG - 执行AGV分配局部搜索，当前完工时间: 1836.00
2025-04-08 16:04:44,920 - DEBUG - 局部搜索未能改进当前解
2025-04-08 16:04:44,924 - DEBUG - 执行AGV分配局部搜索，当前完工时间: 1828.00
2025-04-08 16:04:44,928 - DEBUG - AGV分配局部搜索成功！完工时间从 1828.00 降低到 1815.00，改进: 13.00 (0.71%)
2025-04-08 16:04:44,932 - DEBUG - 执行AGV分配局部搜索，当前完工时间: 1859.00
2025-04-08 16:04:44,936 - DEBUG - AGV分配局部搜索成功！完工时间从 1859.00 降低到 1802.00，改进: 57.00 (3.07%)
2025-04-08 16:04:44,939 - DEBUG - 执行AGV分配局部搜索，当前完工时间: 1786.00
2025-04-08 16:04:44,943 - DEBUG - 局部搜索未能改进当前解
2025-04-08 16:04:44,947 - DEBUG - 执行AGV分配局部搜索，当前完工时间: 1797.00
2025-04-08 16:04:44,950 - DEBUG - 局部搜索未能改进当前解
2025-04-08 16:04:44,954 - DEBUG - 执行AGV分配局部搜索，当前完工时间: 1797.00
2025-04-08 16:04:44,958 - DEBUG - 局部搜索未能改进当前解
2025-04-08 16:04:44,959 - DEBUG - ==================================================
2025-04-08 16:04:44,959 - DEBUG - Efficiency Statistics of Local Search :
2025-04-08 16:04:44,959 - DEBUG - Number of attempts: 99
2025-04-08 16:04:44,959 - DEBUG - Average Success Rate: 13.13%
2025-04-08 16:04:44,959 - DEBUG - AGV Local Search Success: 13，Average Improvement: 29.31
2025-04-08 16:04:44,963 - DEBUG - 执行AGV分配局部搜索，当前完工时间: 1846.00
2025-04-08 16:04:44,966 - DEBUG - 局部搜索未能改进当前解
2025-04-08 16:04:44,970 - DEBUG - 执行AGV分配局部搜索，当前完工时间: 1818.00
2025-04-08 16:04:44,974 - DEBUG - 局部搜索未能改进当前解
2025-04-08 16:04:44,979 - DEBUG - 执行AGV分配局部搜索，当前完工时间: 1755.00
2025-04-08 16:04:44,982 - DEBUG - 局部搜索未能改进当前解
2025-04-08 16:04:44,986 - DEBUG - 执行AGV分配局部搜索，当前完工时间: 1780.00
2025-04-08 16:04:44,990 - DEBUG - 局部搜索未能改进当前解
2025-04-08 16:04:44,993 - DEBUG - 执行AGV分配局部搜索，当前完工时间: 1747.00
2025-04-08 16:04:44,997 - DEBUG - 局部搜索未能改进当前解
2025-04-08 16:04:45,001 - DEBUG - 执行AGV分配局部搜索，当前完工时间: 1783.00
2025-04-08 16:04:45,004 - DEBUG - AGV分配局部搜索成功！完工时间从 1783.00 降低到 1765.00，改进: 18.00 (1.01%)
2025-04-08 16:04:45,008 - DEBUG - 执行AGV分配局部搜索，当前完工时间: 1811.00
2025-04-08 16:04:45,012 - DEBUG - 局部搜索未能改进当前解
2025-04-08 16:04:45,015 - DEBUG - 执行AGV分配局部搜索，当前完工时间: 1729.00
2025-04-08 16:04:45,018 - DEBUG - 局部搜索未能改进当前解
2025-04-08 16:04:45,023 - DEBUG - 执行AGV分配局部搜索，当前完工时间: 1869.00
2025-04-08 16:04:45,026 - DEBUG - 局部搜索未能改进当前解
2025-04-08 16:04:45,030 - DEBUG - 执行AGV分配局部搜索，当前完工时间: 1823.00
2025-04-08 16:04:45,035 - DEBUG - 局部搜索未能改进当前解
2025-04-08 16:04:45,037 - DEBUG - 执行AGV分配局部搜索，当前完工时间: 1821.00
2025-04-08 16:04:45,041 - DEBUG - 局部搜索未能改进当前解
2025-04-08 16:04:45,045 - DEBUG - 执行AGV分配局部搜索，当前完工时间: 1718.00
2025-04-08 16:04:45,049 - DEBUG - 局部搜索未能改进当前解
2025-04-08 16:04:45,055 - DEBUG - 执行AGV分配局部搜索，当前完工时间: 1762.00
2025-04-08 16:04:45,059 - DEBUG - 局部搜索未能改进当前解
2025-04-08 16:04:45,062 - DEBUG - 执行AGV分配局部搜索，当前完工时间: 1786.00
2025-04-08 16:04:45,066 - DEBUG - 局部搜索未能改进当前解
2025-04-08 16:04:45,070 - DEBUG - 执行AGV分配局部搜索，当前完工时间: 1932.00
2025-04-08 16:04:45,074 - DEBUG - 局部搜索未能改进当前解
2025-04-08 16:04:45,079 - DEBUG - 执行AGV分配局部搜索，当前完工时间: 1827.00
2025-04-08 16:04:45,083 - DEBUG - 局部搜索未能改进当前解
2025-04-08 16:04:45,087 - DEBUG - 执行AGV分配局部搜索，当前完工时间: 1755.00
2025-04-08 16:04:45,090 - DEBUG - 局部搜索未能改进当前解
2025-04-08 16:04:45,094 - DEBUG - 执行AGV分配局部搜索，当前完工时间: 1804.00
2025-04-08 16:04:45,097 - DEBUG - 局部搜索未能改进当前解
2025-04-08 16:04:45,102 - DEBUG - 执行AGV分配局部搜索，当前完工时间: 1819.00
2025-04-08 16:04:45,106 - DEBUG - 局部搜索未能改进当前解
2025-04-08 16:04:45,109 - DEBUG - 执行AGV分配局部搜索，当前完工时间: 1793.00
2025-04-08 16:04:45,113 - DEBUG - 局部搜索未能改进当前解
2025-04-08 16:04:45,117 - DEBUG - 执行AGV分配局部搜索，当前完工时间: 1828.00
2025-04-08 16:04:45,120 - DEBUG - 局部搜索未能改进当前解
2025-04-08 16:04:45,125 - DEBUG - 执行AGV分配局部搜索，当前完工时间: 1850.00
2025-04-08 16:04:45,128 - DEBUG - 局部搜索未能改进当前解
2025-04-08 16:04:45,131 - DEBUG - 执行AGV分配局部搜索，当前完工时间: 1766.00
2025-04-08 16:04:45,135 - DEBUG - 局部搜索未能改进当前解
2025-04-08 16:04:45,139 - DEBUG - 执行AGV分配局部搜索，当前完工时间: 1845.00
2025-04-08 16:04:45,142 - DEBUG - AGV分配局部搜索成功！完工时间从 1845.00 降低到 1815.00，改进: 30.00 (1.63%)
2025-04-08 16:04:45,145 - DEBUG - 执行AGV分配局部搜索，当前完工时间: 1769.00
2025-04-08 16:04:45,149 - DEBUG - 局部搜索未能改进当前解
2025-04-08 16:04:45,153 - DEBUG - 执行AGV分配局部搜索，当前完工时间: 1791.00
2025-04-08 16:04:45,157 - DEBUG - 局部搜索未能改进当前解
2025-04-08 16:04:45,162 - DEBUG - 执行AGV分配局部搜索，当前完工时间: 1755.00
2025-04-08 16:04:45,166 - DEBUG - 局部搜索未能改进当前解
2025-04-08 16:04:45,169 - DEBUG - 执行AGV分配局部搜索，当前完工时间: 1766.00
2025-04-08 16:04:45,173 - DEBUG - 局部搜索未能改进当前解
2025-04-08 16:04:45,177 - DEBUG - 执行AGV分配局部搜索，当前完工时间: 1710.00
2025-04-08 16:04:45,180 - DEBUG - 局部搜索未能改进当前解
2025-04-08 16:04:45,184 - DEBUG - 执行AGV分配局部搜索，当前完工时间: 1726.00
2025-04-08 16:04:45,187 - DEBUG - AGV分配局部搜索成功！完工时间从 1726.00 降低到 1725.00，改进: 1.00 (0.06%)
2025-04-08 16:04:45,192 - DEBUG - 执行AGV分配局部搜索，当前完工时间: 1892.00
2025-04-08 16:04:45,195 - DEBUG - 局部搜索未能改进当前解
2025-04-08 16:04:45,198 - DEBUG - 执行AGV分配局部搜索，当前完工时间: 1817.00
2025-04-08 16:04:45,203 - DEBUG - 局部搜索未能改进当前解
2025-04-08 16:04:45,206 - DEBUG - 执行AGV分配局部搜索，当前完工时间: 1733.00
2025-04-08 16:04:45,209 - DEBUG - 局部搜索未能改进当前解
2025-04-08 16:04:45,215 - DEBUG - 执行AGV分配局部搜索，当前完工时间: 1770.00
2025-04-08 16:04:45,218 - DEBUG - 局部搜索未能改进当前解
2025-04-08 16:04:45,221 - DEBUG - 执行AGV分配局部搜索，当前完工时间: 1787.00
2025-04-08 16:04:45,225 - DEBUG - 局部搜索未能改进当前解
2025-04-08 16:04:45,229 - DEBUG - 执行AGV分配局部搜索，当前完工时间: 1755.00
2025-04-08 16:04:45,233 - DEBUG - 局部搜索未能改进当前解
2025-04-08 16:04:45,237 - DEBUG - 执行AGV分配局部搜索，当前完工时间: 1779.00
2025-04-08 16:04:45,240 - DEBUG - 局部搜索未能改进当前解
2025-04-08 16:04:45,244 - DEBUG - 执行AGV分配局部搜索，当前完工时间: 1780.00
2025-04-08 16:04:45,247 - DEBUG - AGV分配局部搜索成功！完工时间从 1780.00 降低到 1775.00，改进: 5.00 (0.28%)
2025-04-08 16:04:45,252 - DEBUG - 执行AGV分配局部搜索，当前完工时间: 1769.00
2025-04-08 16:04:45,255 - DEBUG - 局部搜索未能改进当前解
2025-04-08 16:04:45,258 - DEBUG - 执行AGV分配局部搜索，当前完工时间: 1767.00
2025-04-08 16:04:45,263 - DEBUG - 局部搜索未能改进当前解
2025-04-08 16:04:45,266 - DEBUG - 执行AGV分配局部搜索，当前完工时间: 1729.00
2025-04-08 16:04:45,270 - DEBUG - 局部搜索未能改进当前解
2025-04-08 16:04:45,273 - DEBUG - 执行AGV分配局部搜索，当前完工时间: 1814.00
2025-04-08 16:04:45,277 - DEBUG - AGV分配局部搜索成功！完工时间从 1814.00 降低到 1733.00，改进: 81.00 (4.47%)
2025-04-08 16:04:45,280 - DEBUG - 执行AGV分配局部搜索，当前完工时间: 1729.00
2025-04-08 16:04:45,284 - DEBUG - 局部搜索未能改进当前解
2025-04-08 16:04:45,287 - DEBUG - 执行AGV分配局部搜索，当前完工时间: 1764.00
2025-04-08 16:04:45,291 - DEBUG - 局部搜索未能改进当前解
2025-04-08 16:04:45,295 - DEBUG - 执行AGV分配局部搜索，当前完工时间: 1773.00
2025-04-08 16:04:45,297 - DEBUG - 局部搜索未能改进当前解
2025-04-08 16:04:45,301 - DEBUG - 执行AGV分配局部搜索，当前完工时间: 1814.00
2025-04-08 16:04:45,305 - DEBUG - 局部搜索未能改进当前解
2025-04-08 16:04:45,310 - DEBUG - 执行AGV分配局部搜索，当前完工时间: 1778.00
2025-04-08 16:04:45,314 - DEBUG - 局部搜索未能改进当前解
2025-04-08 16:04:45,318 - DEBUG - 执行AGV分配局部搜索，当前完工时间: 1891.00
2025-04-08 16:04:45,321 - DEBUG - 局部搜索未能改进当前解
2025-04-08 16:04:45,324 - DEBUG - 执行AGV分配局部搜索，当前完工时间: 1785.00
2025-04-08 16:04:45,328 - DEBUG - AGV分配局部搜索成功！完工时间从 1785.00 降低到 1778.00，改进: 7.00 (0.39%)
2025-04-08 16:04:45,331 - DEBUG - 执行AGV分配局部搜索，当前完工时间: 1754.00
2025-04-08 16:04:45,335 - DEBUG - 局部搜索未能改进当前解
2025-04-08 16:04:45,340 - DEBUG - 执行AGV分配局部搜索，当前完工时间: 1822.00
2025-04-08 16:04:45,343 - DEBUG - 局部搜索未能改进当前解
2025-04-08 16:04:45,347 - DEBUG - 执行AGV分配局部搜索，当前完工时间: 1726.00
2025-04-08 16:04:45,350 - DEBUG - 局部搜索未能改进当前解
2025-04-08 16:04:45,355 - DEBUG - 执行AGV分配局部搜索，当前完工时间: 1872.00
2025-04-08 16:04:45,358 - DEBUG - 局部搜索未能改进当前解
2025-04-08 16:04:45,362 - DEBUG - 执行AGV分配局部搜索，当前完工时间: 1795.00
2025-04-08 16:04:45,366 - DEBUG - 局部搜索未能改进当前解
2025-04-08 16:04:45,369 - DEBUG - 执行AGV分配局部搜索，当前完工时间: 1763.00
2025-04-08 16:04:45,372 - DEBUG - 局部搜索未能改进当前解
2025-04-08 16:04:45,376 - DEBUG - 执行AGV分配局部搜索，当前完工时间: 1751.00
2025-04-08 16:04:45,380 - DEBUG - AGV分配局部搜索成功！完工时间从 1751.00 降低到 1723.00，改进: 28.00 (1.60%)
2025-04-08 16:04:45,384 - DEBUG - 执行AGV分配局部搜索，当前完工时间: 1801.00
2025-04-08 16:04:45,388 - DEBUG - 局部搜索未能改进当前解
2025-04-08 16:04:45,391 - DEBUG - 执行AGV分配局部搜索，当前完工时间: 1809.00
2025-04-08 16:04:45,395 - DEBUG - AGV分配局部搜索成功！完工时间从 1809.00 降低到 1784.00，改进: 25.00 (1.38%)
2025-04-08 16:04:45,398 - DEBUG - 执行AGV分配局部搜索，当前完工时间: 1746.00
2025-04-08 16:04:45,402 - DEBUG - 局部搜索未能改进当前解
2025-04-08 16:04:45,405 - DEBUG - 执行AGV分配局部搜索，当前完工时间: 1800.00
2025-04-08 16:04:45,409 - DEBUG - 局部搜索未能改进当前解
2025-04-08 16:04:45,413 - DEBUG - 执行AGV分配局部搜索，当前完工时间: 1782.00
2025-04-08 16:04:45,416 - DEBUG - 局部搜索未能改进当前解
2025-04-08 16:04:45,420 - DEBUG - 执行AGV分配局部搜索，当前完工时间: 1753.00
2025-04-08 16:04:45,424 - DEBUG - 局部搜索未能改进当前解
2025-04-08 16:04:45,428 - DEBUG - 执行AGV分配局部搜索，当前完工时间: 1772.00
2025-04-08 16:04:45,432 - DEBUG - 局部搜索未能改进当前解
2025-04-08 16:04:45,436 - DEBUG - 执行AGV分配局部搜索，当前完工时间: 1810.00
2025-04-08 16:04:45,439 - DEBUG - 局部搜索未能改进当前解
2025-04-08 16:04:45,442 - DEBUG - 执行AGV分配局部搜索，当前完工时间: 1752.00
2025-04-08 16:04:45,446 - DEBUG - 局部搜索未能改进当前解
2025-04-08 16:04:45,449 - DEBUG - 执行AGV分配局部搜索，当前完工时间: 1851.00
2025-04-08 16:04:45,453 - DEBUG - 局部搜索未能改进当前解
2025-04-08 16:04:45,456 - DEBUG - 执行AGV分配局部搜索，当前完工时间: 1813.00
2025-04-08 16:04:45,460 - DEBUG - AGV分配局部搜索成功！完工时间从 1813.00 降低到 1802.00，改进: 11.00 (0.61%)
2025-04-08 16:04:45,465 - DEBUG - 执行AGV分配局部搜索，当前完工时间: 1804.00
2025-04-08 16:04:45,468 - DEBUG - 局部搜索未能改进当前解
2025-04-08 16:04:45,472 - DEBUG - 执行AGV分配局部搜索，当前完工时间: 1788.00
2025-04-08 16:04:45,475 - DEBUG - 局部搜索未能改进当前解
2025-04-08 16:04:45,480 - DEBUG - 执行AGV分配局部搜索，当前完工时间: 1727.00
2025-04-08 16:04:45,484 - DEBUG - 局部搜索未能改进当前解
2025-04-08 16:04:45,487 - DEBUG - 执行AGV分配局部搜索，当前完工时间: 1755.00
2025-04-08 16:04:45,491 - DEBUG - 局部搜索未能改进当前解
2025-04-08 16:04:45,495 - DEBUG - 执行AGV分配局部搜索，当前完工时间: 1798.00
2025-04-08 16:04:45,498 - DEBUG - 局部搜索未能改进当前解
2025-04-08 16:04:45,502 - DEBUG - 执行AGV分配局部搜索，当前完工时间: 1762.00
2025-04-08 16:04:45,506 - DEBUG - AGV分配局部搜索成功！完工时间从 1762.00 降低到 1751.00，改进: 11.00 (0.62%)
2025-04-08 16:04:45,511 - DEBUG - 执行AGV分配局部搜索，当前完工时间: 1760.00
2025-04-08 16:04:45,514 - DEBUG - 局部搜索未能改进当前解
2025-04-08 16:04:45,518 - DEBUG - 执行AGV分配局部搜索，当前完工时间: 1746.00
2025-04-08 16:04:45,521 - DEBUG - 局部搜索未能改进当前解
2025-04-08 16:04:45,526 - DEBUG - 执行AGV分配局部搜索，当前完工时间: 1842.00
2025-04-08 16:04:45,530 - DEBUG - 局部搜索未能改进当前解
2025-04-08 16:04:45,534 - DEBUG - 执行AGV分配局部搜索，当前完工时间: 1921.00
2025-04-08 16:04:45,537 - DEBUG - 局部搜索未能改进当前解
2025-04-08 16:04:45,541 - DEBUG - 执行AGV分配局部搜索，当前完工时间: 1740.00
2025-04-08 16:04:45,545 - DEBUG - 局部搜索未能改进当前解
2025-04-08 16:04:45,548 - DEBUG - 执行AGV分配局部搜索，当前完工时间: 1774.00
2025-04-08 16:04:45,551 - DEBUG - 局部搜索未能改进当前解
2025-04-08 16:04:45,555 - DEBUG - 执行AGV分配局部搜索，当前完工时间: 1819.00
2025-04-08 16:04:45,559 - DEBUG - 局部搜索未能改进当前解
2025-04-08 16:04:45,563 - DEBUG - 执行AGV分配局部搜索，当前完工时间: 1755.00
2025-04-08 16:04:45,566 - DEBUG - 局部搜索未能改进当前解
2025-04-08 16:04:45,571 - DEBUG - 执行AGV分配局部搜索，当前完工时间: 1730.00
2025-04-08 16:04:45,574 - DEBUG - 局部搜索未能改进当前解
2025-04-08 16:04:45,578 - DEBUG - 执行AGV分配局部搜索，当前完工时间: 1800.00
2025-04-08 16:04:45,582 - DEBUG - 局部搜索未能改进当前解
2025-04-08 16:04:45,585 - DEBUG - 执行AGV分配局部搜索，当前完工时间: 1764.00
2025-04-08 16:04:45,590 - DEBUG - 局部搜索未能改进当前解
2025-04-08 16:04:45,593 - DEBUG - 执行AGV分配局部搜索，当前完工时间: 1759.00
2025-04-08 16:04:45,597 - DEBUG - 局部搜索未能改进当前解
2025-04-08 16:04:45,600 - DEBUG - 执行AGV分配局部搜索，当前完工时间: 1803.00
2025-04-08 16:04:45,603 - DEBUG - 局部搜索未能改进当前解
2025-04-08 16:04:45,607 - DEBUG - 执行AGV分配局部搜索，当前完工时间: 1738.00
2025-04-08 16:04:45,610 - DEBUG - 局部搜索未能改进当前解
2025-04-08 16:04:45,615 - DEBUG - 执行AGV分配局部搜索，当前完工时间: 1836.00
2025-04-08 16:04:45,618 - DEBUG - 局部搜索未能改进当前解
2025-04-08 16:04:45,622 - DEBUG - 执行AGV分配局部搜索，当前完工时间: 1788.00
2025-04-08 16:04:45,625 - DEBUG - 局部搜索未能改进当前解
2025-04-08 16:04:45,630 - DEBUG - 执行AGV分配局部搜索，当前完工时间: 1739.00
2025-04-08 16:04:45,633 - DEBUG - 局部搜索未能改进当前解
2025-04-08 16:04:45,636 - DEBUG - 执行AGV分配局部搜索，当前完工时间: 1815.00
2025-04-08 16:04:45,640 - DEBUG - 局部搜索未能改进当前解
2025-04-08 16:04:45,644 - DEBUG - 执行AGV分配局部搜索，当前完工时间: 1831.00
2025-04-08 16:04:45,647 - DEBUG - 局部搜索未能改进当前解
2025-04-08 16:04:45,651 - DEBUG - 执行AGV分配局部搜索，当前完工时间: 1746.00
2025-04-08 16:04:45,655 - DEBUG - 局部搜索未能改进当前解
2025-04-08 16:04:45,658 - DEBUG - 执行AGV分配局部搜索，当前完工时间: 1751.00
2025-04-08 16:04:45,662 - DEBUG - 局部搜索未能改进当前解
2025-04-08 16:04:45,666 - DEBUG - 执行AGV分配局部搜索，当前完工时间: 1857.00
2025-04-08 16:04:45,669 - DEBUG - 局部搜索未能改进当前解
2025-04-08 16:04:45,673 - DEBUG - 执行AGV分配局部搜索，当前完工时间: 1756.00
2025-04-08 16:04:45,677 - DEBUG - 局部搜索未能改进当前解
2025-04-08 16:04:45,681 - DEBUG - 执行AGV分配局部搜索，当前完工时间: 1792.00
2025-04-08 16:04:45,684 - DEBUG - 局部搜索未能改进当前解
2025-04-08 16:04:45,688 - DEBUG - 执行AGV分配局部搜索，当前完工时间: 1744.00
2025-04-08 16:04:45,692 - DEBUG - 局部搜索未能改进当前解
2025-04-08 16:04:45,695 - DEBUG - 执行AGV分配局部搜索，当前完工时间: 1762.00
2025-04-08 16:04:45,699 - DEBUG - 局部搜索未能改进当前解
2025-04-08 16:04:45,699 - DEBUG - ==================================================
2025-04-08 16:04:45,699 - DEBUG - Efficiency Statistics of Local Search :
2025-04-08 16:04:45,699 - DEBUG - Number of attempts: 99
2025-04-08 16:04:45,699 - DEBUG - Average Success Rate: 10.10%
2025-04-08 16:04:45,699 - DEBUG - AGV Local Search Success: 10，Average Improvement: 21.70
2025-04-08 16:04:45,703 - DEBUG - 执行AGV分配局部搜索，当前完工时间: 1779.00
2025-04-08 16:04:45,707 - DEBUG - 局部搜索未能改进当前解
2025-04-08 16:04:45,710 - DEBUG - 执行AGV分配局部搜索，当前完工时间: 1817.00
2025-04-08 16:04:45,715 - DEBUG - 局部搜索未能改进当前解
2025-04-08 16:04:45,718 - DEBUG - 执行AGV分配局部搜索，当前完工时间: 1705.00
2025-04-08 16:04:45,721 - DEBUG - 局部搜索未能改进当前解
2025-04-08 16:04:45,725 - DEBUG - 执行AGV分配局部搜索，当前完工时间: 1876.00
2025-04-08 16:04:45,730 - DEBUG - AGV分配局部搜索成功！完工时间从 1876.00 降低到 1837.00，改进: 39.00 (2.08%)
2025-04-08 16:04:45,733 - DEBUG - 执行AGV分配局部搜索，当前完工时间: 1762.00
2025-04-08 16:04:45,737 - DEBUG - 局部搜索未能改进当前解
2025-04-08 16:04:45,740 - DEBUG - 执行AGV分配局部搜索，当前完工时间: 1756.00
2025-04-08 16:04:45,744 - DEBUG - 局部搜索未能改进当前解
2025-04-08 16:04:45,747 - DEBUG - 执行AGV分配局部搜索，当前完工时间: 1755.00
2025-04-08 16:04:45,751 - DEBUG - 局部搜索未能改进当前解
2025-04-08 16:04:45,755 - DEBUG - 执行AGV分配局部搜索，当前完工时间: 1790.00
2025-04-08 16:04:45,758 - DEBUG - 局部搜索未能改进当前解
2025-04-08 16:04:45,762 - DEBUG - 执行AGV分配局部搜索，当前完工时间: 1733.00
2025-04-08 16:04:45,765 - DEBUG - 局部搜索未能改进当前解
2025-04-08 16:04:45,769 - DEBUG - 执行AGV分配局部搜索，当前完工时间: 1778.00
2025-04-08 16:04:45,772 - DEBUG - AGV分配局部搜索成功！完工时间从 1778.00 降低到 1772.00，改进: 6.00 (0.34%)
2025-04-08 16:04:45,776 - DEBUG - 执行AGV分配局部搜索，当前完工时间: 1810.00
2025-04-08 16:04:45,780 - DEBUG - 局部搜索未能改进当前解
2025-04-08 16:04:45,784 - DEBUG - 执行AGV分配局部搜索，当前完工时间: 1769.00
2025-04-08 16:04:45,787 - DEBUG - 局部搜索未能改进当前解
2025-04-08 16:04:45,791 - DEBUG - 执行AGV分配局部搜索，当前完工时间: 1815.00
2025-04-08 16:04:45,795 - DEBUG - 局部搜索未能改进当前解
2025-04-08 16:04:45,799 - DEBUG - 执行AGV分配局部搜索，当前完工时间: 1726.00
2025-04-08 16:04:45,802 - DEBUG - 局部搜索未能改进当前解
2025-04-08 16:04:45,806 - DEBUG - 执行AGV分配局部搜索，当前完工时间: 1764.00
2025-04-08 16:04:45,811 - DEBUG - 局部搜索未能改进当前解
2025-04-08 16:04:45,815 - DEBUG - 执行AGV分配局部搜索，当前完工时间: 1743.00
2025-04-08 16:04:45,819 - DEBUG - 局部搜索未能改进当前解
2025-04-08 16:04:45,822 - DEBUG - 执行AGV分配局部搜索，当前完工时间: 1741.00
2025-04-08 16:04:45,825 - DEBUG - 局部搜索未能改进当前解
2025-04-08 16:04:45,829 - DEBUG - 执行AGV分配局部搜索，当前完工时间: 1835.00
2025-04-08 16:04:45,833 - DEBUG - 局部搜索未能改进当前解
2025-04-08 16:04:45,836 - DEBUG - 执行AGV分配局部搜索，当前完工时间: 1755.00
2025-04-08 16:04:45,840 - DEBUG - 局部搜索未能改进当前解
2025-04-08 16:04:45,843 - DEBUG - 执行AGV分配局部搜索，当前完工时间: 1735.00
2025-04-08 16:04:45,847 - DEBUG - 局部搜索未能改进当前解
2025-04-08 16:04:45,851 - DEBUG - 执行AGV分配局部搜索，当前完工时间: 1885.00
2025-04-08 16:04:45,855 - DEBUG - 局部搜索未能改进当前解
2025-04-08 16:04:45,859 - DEBUG - 执行AGV分配局部搜索，当前完工时间: 1792.00
2025-04-08 16:04:45,862 - DEBUG - 局部搜索未能改进当前解
2025-04-08 16:04:45,866 - DEBUG - 执行AGV分配局部搜索，当前完工时间: 1779.00
2025-04-08 16:04:45,870 - DEBUG - 局部搜索未能改进当前解
2025-04-08 16:04:45,873 - DEBUG - 执行AGV分配局部搜索，当前完工时间: 1732.00
2025-04-08 16:04:45,877 - DEBUG - 局部搜索未能改进当前解
2025-04-08 16:04:45,882 - DEBUG - 执行AGV分配局部搜索，当前完工时间: 1705.00
2025-04-08 16:04:45,885 - DEBUG - 局部搜索未能改进当前解
2025-04-08 16:04:45,888 - DEBUG - 执行AGV分配局部搜索，当前完工时间: 1799.00
2025-04-08 16:04:45,891 - DEBUG - 局部搜索未能改进当前解
2025-04-08 16:04:45,895 - DEBUG - 执行AGV分配局部搜索，当前完工时间: 1794.00
2025-04-08 16:04:45,899 - DEBUG - 局部搜索未能改进当前解
2025-04-08 16:04:45,903 - DEBUG - 执行AGV分配局部搜索，当前完工时间: 1845.00
2025-04-08 16:04:45,906 - DEBUG - 局部搜索未能改进当前解
2025-04-08 16:04:45,911 - DEBUG - 执行AGV分配局部搜索，当前完工时间: 1828.00
2025-04-08 16:04:45,914 - DEBUG - 局部搜索未能改进当前解
2025-04-08 16:04:45,918 - DEBUG - 执行AGV分配局部搜索，当前完工时间: 1747.00
2025-04-08 16:04:45,922 - DEBUG - 局部搜索未能改进当前解
2025-04-08 16:04:45,926 - DEBUG - 执行AGV分配局部搜索，当前完工时间: 1807.00
2025-04-08 16:04:45,929 - DEBUG - 局部搜索未能改进当前解
2025-04-08 16:04:45,933 - DEBUG - 执行AGV分配局部搜索，当前完工时间: 1738.00
2025-04-08 16:04:45,936 - DEBUG - 局部搜索未能改进当前解
2025-04-08 16:04:45,940 - DEBUG - 执行AGV分配局部搜索，当前完工时间: 1818.00
2025-04-08 16:04:45,943 - DEBUG - 局部搜索未能改进当前解
2025-04-08 16:04:45,947 - DEBUG - 执行AGV分配局部搜索，当前完工时间: 1779.00
2025-04-08 16:04:45,951 - DEBUG - 局部搜索未能改进当前解
2025-04-08 16:04:45,955 - DEBUG - 执行AGV分配局部搜索，当前完工时间: 1793.00
2025-04-08 16:04:45,958 - DEBUG - 局部搜索未能改进当前解
2025-04-08 16:04:45,962 - DEBUG - 执行AGV分配局部搜索，当前完工时间: 1788.00
2025-04-08 16:04:45,966 - DEBUG - 局部搜索未能改进当前解
2025-04-08 16:04:45,969 - DEBUG - 执行AGV分配局部搜索，当前完工时间: 1736.00
2025-04-08 16:04:45,973 - DEBUG - 局部搜索未能改进当前解
2025-04-08 16:04:45,976 - DEBUG - 执行AGV分配局部搜索，当前完工时间: 1825.00
2025-04-08 16:04:45,980 - DEBUG - 局部搜索未能改进当前解
2025-04-08 16:04:45,985 - DEBUG - 执行AGV分配局部搜索，当前完工时间: 1752.00
2025-04-08 16:04:45,988 - DEBUG - 局部搜索未能改进当前解
2025-04-08 16:04:45,993 - DEBUG - 执行AGV分配局部搜索，当前完工时间: 1811.00
2025-04-08 16:04:45,996 - DEBUG - 局部搜索未能改进当前解
2025-04-08 16:04:46,000 - DEBUG - 执行AGV分配局部搜索，当前完工时间: 1847.00
2025-04-08 16:04:46,003 - DEBUG - AGV分配局部搜索成功！完工时间从 1847.00 降低到 1776.00，改进: 71.00 (3.84%)
2025-04-08 16:04:46,007 - DEBUG - 执行AGV分配局部搜索，当前完工时间: 1854.00
2025-04-08 16:04:46,011 - DEBUG - 局部搜索未能改进当前解
2025-04-08 16:04:46,016 - DEBUG - 执行AGV分配局部搜索，当前完工时间: 1847.00
2025-04-08 16:04:46,019 - DEBUG - AGV分配局部搜索成功！完工时间从 1847.00 降低到 1809.00，改进: 38.00 (2.06%)
2025-04-08 16:04:46,023 - DEBUG - 执行AGV分配局部搜索，当前完工时间: 1826.00
2025-04-08 16:04:46,028 - DEBUG - 局部搜索未能改进当前解
2025-04-08 16:04:46,032 - DEBUG - 执行AGV分配局部搜索，当前完工时间: 1750.00
2025-04-08 16:04:46,036 - DEBUG - 局部搜索未能改进当前解
2025-04-08 16:04:46,040 - DEBUG - 执行AGV分配局部搜索，当前完工时间: 1749.00
2025-04-08 16:04:46,044 - DEBUG - 局部搜索未能改进当前解
2025-04-08 16:04:46,047 - DEBUG - 执行AGV分配局部搜索，当前完工时间: 1758.00
2025-04-08 16:04:46,051 - DEBUG - 局部搜索未能改进当前解
2025-04-08 16:04:46,055 - DEBUG - 执行AGV分配局部搜索，当前完工时间: 1720.00
2025-04-08 16:04:46,059 - DEBUG - 局部搜索未能改进当前解
2025-04-08 16:04:46,062 - DEBUG - 执行AGV分配局部搜索，当前完工时间: 1772.00
2025-04-08 16:04:46,066 - DEBUG - 局部搜索未能改进当前解
2025-04-08 16:04:46,070 - DEBUG - 执行AGV分配局部搜索，当前完工时间: 1794.00
2025-04-08 16:04:46,074 - DEBUG - 局部搜索未能改进当前解
2025-04-08 16:04:46,080 - DEBUG - 执行AGV分配局部搜索，当前完工时间: 1775.00
2025-04-08 16:04:46,084 - DEBUG - 局部搜索未能改进当前解
2025-04-08 16:04:46,088 - DEBUG - 执行AGV分配局部搜索，当前完工时间: 1785.00
2025-04-08 16:04:46,092 - DEBUG - 局部搜索未能改进当前解
2025-04-08 16:04:46,095 - DEBUG - 执行AGV分配局部搜索，当前完工时间: 1707.00
2025-04-08 16:04:46,100 - DEBUG - 局部搜索未能改进当前解
2025-04-08 16:04:46,103 - DEBUG - 执行AGV分配局部搜索，当前完工时间: 1752.00
2025-04-08 16:04:46,107 - DEBUG - 局部搜索未能改进当前解
2025-04-08 16:04:46,112 - DEBUG - 执行AGV分配局部搜索，当前完工时间: 1744.00
2025-04-08 16:04:46,115 - DEBUG - 局部搜索未能改进当前解
2025-04-08 16:04:46,119 - DEBUG - 执行AGV分配局部搜索，当前完工时间: 1814.00
2025-04-08 16:04:46,123 - DEBUG - 局部搜索未能改进当前解
2025-04-08 16:04:46,126 - DEBUG - 执行AGV分配局部搜索，当前完工时间: 1789.00
2025-04-08 16:04:46,130 - DEBUG - 局部搜索未能改进当前解
2025-04-08 16:04:46,135 - DEBUG - 执行AGV分配局部搜索，当前完工时间: 1851.00
2025-04-08 16:04:46,139 - DEBUG - AGV分配局部搜索成功！完工时间从 1851.00 降低到 1828.00，改进: 23.00 (1.24%)
2025-04-08 16:04:46,142 - DEBUG - 执行AGV分配局部搜索，当前完工时间: 1791.00
2025-04-08 16:04:46,145 - DEBUG - 局部搜索未能改进当前解
2025-04-08 16:04:46,149 - DEBUG - 执行AGV分配局部搜索，当前完工时间: 1727.00
2025-04-08 16:04:46,153 - DEBUG - 局部搜索未能改进当前解
2025-04-08 16:04:46,157 - DEBUG - 执行AGV分配局部搜索，当前完工时间: 1901.00
2025-04-08 16:04:46,160 - DEBUG - 局部搜索未能改进当前解
2025-04-08 16:04:46,164 - DEBUG - 执行AGV分配局部搜索，当前完工时间: 1730.00
2025-04-08 16:04:46,168 - DEBUG - 局部搜索未能改进当前解
2025-04-08 16:04:46,171 - DEBUG - 执行AGV分配局部搜索，当前完工时间: 1744.00
2025-04-08 16:04:46,174 - DEBUG - 局部搜索未能改进当前解
2025-04-08 16:04:46,178 - DEBUG - 执行AGV分配局部搜索，当前完工时间: 1720.00
2025-04-08 16:04:46,183 - DEBUG - 局部搜索未能改进当前解
2025-04-08 16:04:46,187 - DEBUG - 执行AGV分配局部搜索，当前完工时间: 1812.00
2025-04-08 16:04:46,189 - DEBUG - 局部搜索未能改进当前解
2025-04-08 16:04:46,194 - DEBUG - 执行AGV分配局部搜索，当前完工时间: 1763.00
2025-04-08 16:04:46,197 - DEBUG - 局部搜索未能改进当前解
2025-04-08 16:04:46,201 - DEBUG - 执行AGV分配局部搜索，当前完工时间: 1796.00
2025-04-08 16:04:46,205 - DEBUG - 局部搜索未能改进当前解
2025-04-08 16:04:46,208 - DEBUG - 执行AGV分配局部搜索，当前完工时间: 1752.00
2025-04-08 16:04:46,212 - DEBUG - 局部搜索未能改进当前解
2025-04-08 16:04:46,214 - DEBUG - 执行AGV分配局部搜索，当前完工时间: 1815.00
2025-04-08 16:04:46,219 - DEBUG - 局部搜索未能改进当前解
2025-04-08 16:04:46,222 - DEBUG - 执行AGV分配局部搜索，当前完工时间: 1807.00
2025-04-08 16:04:46,226 - DEBUG - 局部搜索未能改进当前解
2025-04-08 16:04:46,229 - DEBUG - 执行AGV分配局部搜索，当前完工时间: 1743.00
2025-04-08 16:04:46,234 - DEBUG - 局部搜索未能改进当前解
2025-04-08 16:04:46,237 - DEBUG - 执行AGV分配局部搜索，当前完工时间: 1834.00
2025-04-08 16:04:46,242 - DEBUG - 局部搜索未能改进当前解
2025-04-08 16:04:46,246 - DEBUG - 执行AGV分配局部搜索，当前完工时间: 1796.00
2025-04-08 16:04:46,249 - DEBUG - 局部搜索未能改进当前解
2025-04-08 16:04:46,253 - DEBUG - 执行AGV分配局部搜索，当前完工时间: 1771.00
2025-04-08 16:04:46,257 - DEBUG - 局部搜索未能改进当前解
2025-04-08 16:04:46,260 - DEBUG - 执行AGV分配局部搜索，当前完工时间: 1764.00
2025-04-08 16:04:46,264 - DEBUG - 局部搜索未能改进当前解
2025-04-08 16:04:46,268 - DEBUG - 执行AGV分配局部搜索，当前完工时间: 1769.00
2025-04-08 16:04:46,271 - DEBUG - 局部搜索未能改进当前解
2025-04-08 16:04:46,275 - DEBUG - 执行AGV分配局部搜索，当前完工时间: 1804.00
2025-04-08 16:04:46,279 - DEBUG - 局部搜索未能改进当前解
2025-04-08 16:04:46,282 - DEBUG - 执行AGV分配局部搜索，当前完工时间: 1710.00
2025-04-08 16:04:46,287 - DEBUG - 局部搜索未能改进当前解
2025-04-08 16:04:46,291 - DEBUG - 执行AGV分配局部搜索，当前完工时间: 1827.00
2025-04-08 16:04:46,295 - DEBUG - AGV分配局部搜索成功！完工时间从 1827.00 降低到 1808.00，改进: 19.00 (1.04%)
2025-04-08 16:04:46,299 - DEBUG - 执行AGV分配局部搜索，当前完工时间: 1871.00
2025-04-08 16:04:46,303 - DEBUG - 局部搜索未能改进当前解
2025-04-08 16:04:46,307 - DEBUG - 执行AGV分配局部搜索，当前完工时间: 1792.00
2025-04-08 16:04:46,311 - DEBUG - 局部搜索未能改进当前解
2025-04-08 16:04:46,314 - DEBUG - 执行AGV分配局部搜索，当前完工时间: 1906.00
2025-04-08 16:04:46,318 - DEBUG - 局部搜索未能改进当前解
2025-04-08 16:04:46,322 - DEBUG - 执行AGV分配局部搜索，当前完工时间: 1794.00
2025-04-08 16:04:46,326 - DEBUG - 局部搜索未能改进当前解
2025-04-08 16:04:46,330 - DEBUG - 执行AGV分配局部搜索，当前完工时间: 1760.00
2025-04-08 16:04:46,334 - DEBUG - 局部搜索未能改进当前解
2025-04-08 16:04:46,337 - DEBUG - 执行AGV分配局部搜索，当前完工时间: 1717.00
2025-04-08 16:04:46,342 - DEBUG - 局部搜索未能改进当前解
2025-04-08 16:04:46,346 - DEBUG - 执行AGV分配局部搜索，当前完工时间: 1764.00
2025-04-08 16:04:46,349 - DEBUG - 局部搜索未能改进当前解
2025-04-08 16:04:46,353 - DEBUG - 执行AGV分配局部搜索，当前完工时间: 1725.00
2025-04-08 16:04:46,356 - DEBUG - 局部搜索未能改进当前解
2025-04-08 16:04:46,361 - DEBUG - 执行AGV分配局部搜索，当前完工时间: 1904.00
2025-04-08 16:04:46,364 - DEBUG - 局部搜索未能改进当前解
2025-04-08 16:04:46,368 - DEBUG - 执行AGV分配局部搜索，当前完工时间: 1810.00
2025-04-08 16:04:46,373 - DEBUG - 局部搜索未能改进当前解
2025-04-08 16:04:46,376 - DEBUG - 执行AGV分配局部搜索，当前完工时间: 1798.00
2025-04-08 16:04:46,381 - DEBUG - 局部搜索未能改进当前解
2025-04-08 16:04:46,385 - DEBUG - 执行AGV分配局部搜索，当前完工时间: 1857.00
2025-04-08 16:04:46,389 - DEBUG - 局部搜索未能改进当前解
2025-04-08 16:04:46,393 - DEBUG - 执行AGV分配局部搜索，当前完工时间: 1860.00
2025-04-08 16:04:46,397 - DEBUG - 局部搜索未能改进当前解
2025-04-08 16:04:46,400 - DEBUG - 执行AGV分配局部搜索，当前完工时间: 1804.00
2025-04-08 16:04:46,404 - DEBUG - 局部搜索未能改进当前解
2025-04-08 16:04:46,409 - DEBUG - 执行AGV分配局部搜索，当前完工时间: 1834.00
2025-04-08 16:04:46,413 - DEBUG - AGV分配局部搜索成功！完工时间从 1834.00 降低到 1810.00，改进: 24.00 (1.31%)
2025-04-08 16:04:46,417 - DEBUG - 执行AGV分配局部搜索，当前完工时间: 1712.00
2025-04-08 16:04:46,421 - DEBUG - 局部搜索未能改进当前解
2025-04-08 16:04:46,424 - DEBUG - 执行AGV分配局部搜索，当前完工时间: 1737.00
2025-04-08 16:04:46,429 - DEBUG - 局部搜索未能改进当前解
2025-04-08 16:04:46,433 - DEBUG - 执行AGV分配局部搜索，当前完工时间: 1846.00
2025-04-08 16:04:46,436 - DEBUG - 局部搜索未能改进当前解
2025-04-08 16:04:46,440 - DEBUG - 执行AGV分配局部搜索，当前完工时间: 1755.00
2025-04-08 16:04:46,444 - DEBUG - 局部搜索未能改进当前解
2025-04-08 16:04:46,448 - DEBUG - 执行AGV分配局部搜索，当前完工时间: 1773.00
2025-04-08 16:04:46,452 - DEBUG - 局部搜索未能改进当前解
2025-04-08 16:04:46,452 - DEBUG - ==================================================
2025-04-08 16:04:46,452 - DEBUG - Efficiency Statistics of Local Search :
2025-04-08 16:04:46,452 - DEBUG - Number of attempts: 99
2025-04-08 16:04:46,452 - DEBUG - Average Success Rate: 7.07%
2025-04-08 16:04:46,452 - DEBUG - AGV Local Search Success: 7，Average Improvement: 31.43
2025-04-08 16:04:46,456 - DEBUG - 执行AGV分配局部搜索，当前完工时间: 1728.00
2025-04-08 16:04:46,460 - DEBUG - 局部搜索未能改进当前解
2025-04-08 16:04:46,465 - DEBUG - 执行AGV分配局部搜索，当前完工时间: 1791.00
2025-04-08 16:04:46,468 - DEBUG - 局部搜索未能改进当前解
2025-04-08 16:04:46,472 - DEBUG - 执行AGV分配局部搜索，当前完工时间: 1743.00
2025-04-08 16:04:46,475 - DEBUG - AGV分配局部搜索成功！完工时间从 1743.00 降低到 1739.00，改进: 4.00 (0.23%)
2025-04-08 16:04:46,479 - DEBUG - 执行AGV分配局部搜索，当前完工时间: 1938.00
2025-04-08 16:04:46,483 - DEBUG - 局部搜索未能改进当前解
2025-04-08 16:04:46,487 - DEBUG - 执行AGV分配局部搜索，当前完工时间: 1737.00
2025-04-08 16:04:46,491 - DEBUG - 局部搜索未能改进当前解
2025-04-08 16:04:46,495 - DEBUG - 执行AGV分配局部搜索，当前完工时间: 1795.00
2025-04-08 16:04:46,498 - DEBUG - 局部搜索未能改进当前解
2025-04-08 16:04:46,502 - DEBUG - 执行AGV分配局部搜索，当前完工时间: 1726.00
2025-04-08 16:04:46,506 - DEBUG - 局部搜索未能改进当前解
2025-04-08 16:04:46,510 - DEBUG - 执行AGV分配局部搜索，当前完工时间: 1800.00
2025-04-08 16:04:46,514 - DEBUG - 局部搜索未能改进当前解
2025-04-08 16:04:46,517 - DEBUG - 执行AGV分配局部搜索，当前完工时间: 1720.00
2025-04-08 16:04:46,521 - DEBUG - 局部搜索未能改进当前解
2025-04-08 16:04:46,525 - DEBUG - 执行AGV分配局部搜索，当前完工时间: 1823.00
2025-04-08 16:04:46,529 - DEBUG - 局部搜索未能改进当前解
2025-04-08 16:04:46,533 - DEBUG - 执行AGV分配局部搜索，当前完工时间: 1707.00
2025-04-08 16:04:46,536 - DEBUG - 局部搜索未能改进当前解
2025-04-08 16:04:46,540 - DEBUG - 执行AGV分配局部搜索，当前完工时间: 1804.00
2025-04-08 16:04:46,544 - DEBUG - 局部搜索未能改进当前解
2025-04-08 16:04:46,547 - DEBUG - 执行AGV分配局部搜索，当前完工时间: 1846.00
2025-04-08 16:04:46,551 - DEBUG - 局部搜索未能改进当前解
2025-04-08 16:04:46,555 - DEBUG - 执行AGV分配局部搜索，当前完工时间: 1777.00
2025-04-08 16:04:46,558 - DEBUG - 局部搜索未能改进当前解
2025-04-08 16:04:46,562 - DEBUG - 执行AGV分配局部搜索，当前完工时间: 1852.00
2025-04-08 16:04:46,566 - DEBUG - 局部搜索未能改进当前解
2025-04-08 16:04:46,570 - DEBUG - 执行AGV分配局部搜索，当前完工时间: 1750.00
2025-04-08 16:04:46,574 - DEBUG - 局部搜索未能改进当前解
2025-04-08 16:04:46,578 - DEBUG - 执行AGV分配局部搜索，当前完工时间: 1755.00
2025-04-08 16:04:46,581 - DEBUG - AGV分配局部搜索成功！完工时间从 1755.00 降低到 1733.00，改进: 22.00 (1.25%)
2025-04-08 16:04:46,585 - DEBUG - 执行AGV分配局部搜索，当前完工时间: 1855.00
2025-04-08 16:04:46,590 - DEBUG - 局部搜索未能改进当前解
2025-04-08 16:04:46,593 - DEBUG - 执行AGV分配局部搜索，当前完工时间: 1881.00
2025-04-08 16:04:46,597 - DEBUG - 局部搜索未能改进当前解
2025-04-08 16:04:46,600 - DEBUG - 执行AGV分配局部搜索，当前完工时间: 1748.00
2025-04-08 16:04:46,604 - DEBUG - 局部搜索未能改进当前解
2025-04-08 16:04:46,607 - DEBUG - 执行AGV分配局部搜索，当前完工时间: 1815.00
2025-04-08 16:04:46,611 - DEBUG - AGV分配局部搜索成功！完工时间从 1815.00 降低到 1814.00，改进: 1.00 (0.06%)
2025-04-08 16:04:46,614 - DEBUG - 执行AGV分配局部搜索，当前完工时间: 1798.00
2025-04-08 16:04:46,620 - DEBUG - 局部搜索未能改进当前解
2025-04-08 16:04:46,624 - DEBUG - 执行AGV分配局部搜索，当前完工时间: 1785.00
2025-04-08 16:04:46,628 - DEBUG - 局部搜索未能改进当前解
2025-04-08 16:04:46,631 - DEBUG - 执行AGV分配局部搜索，当前完工时间: 1823.00
2025-04-08 16:04:46,635 - DEBUG - 局部搜索未能改进当前解
2025-04-08 16:04:46,639 - DEBUG - 执行AGV分配局部搜索，当前完工时间: 1814.00
2025-04-08 16:04:46,642 - DEBUG - 局部搜索未能改进当前解
2025-04-08 16:04:46,645 - DEBUG - 执行AGV分配局部搜索，当前完工时间: 1754.00
2025-04-08 16:04:46,650 - DEBUG - 局部搜索未能改进当前解
2025-04-08 16:04:46,653 - DEBUG - 执行AGV分配局部搜索，当前完工时间: 1780.00
2025-04-08 16:04:46,657 - DEBUG - 局部搜索未能改进当前解
2025-04-08 16:04:46,661 - DEBUG - 执行AGV分配局部搜索，当前完工时间: 1792.00
2025-04-08 16:04:46,663 - DEBUG - 局部搜索未能改进当前解
2025-04-08 16:04:46,668 - DEBUG - 执行AGV分配局部搜索，当前完工时间: 1725.00
2025-04-08 16:04:46,671 - DEBUG - 局部搜索未能改进当前解
2025-04-08 16:04:46,675 - DEBUG - 执行AGV分配局部搜索，当前完工时间: 1787.00
2025-04-08 16:04:46,679 - DEBUG - 局部搜索未能改进当前解
2025-04-08 16:04:46,683 - DEBUG - 执行AGV分配局部搜索，当前完工时间: 1753.00
2025-04-08 16:04:46,686 - DEBUG - AGV分配局部搜索成功！完工时间从 1753.00 降低到 1738.00，改进: 15.00 (0.86%)
2025-04-08 16:04:46,690 - DEBUG - 执行AGV分配局部搜索，当前完工时间: 1782.00
2025-04-08 16:04:46,693 - DEBUG - 局部搜索未能改进当前解
2025-04-08 16:04:46,697 - DEBUG - 执行AGV分配局部搜索，当前完工时间: 1811.00
2025-04-08 16:04:46,701 - DEBUG - 局部搜索未能改进当前解
2025-04-08 16:04:46,704 - DEBUG - 执行AGV分配局部搜索，当前完工时间: 1781.00
2025-04-08 16:04:46,707 - DEBUG - 局部搜索未能改进当前解
2025-04-08 16:04:46,712 - DEBUG - 执行AGV分配局部搜索，当前完工时间: 1738.00
2025-04-08 16:04:46,716 - DEBUG - 局部搜索未能改进当前解
2025-04-08 16:04:46,720 - DEBUG - 执行AGV分配局部搜索，当前完工时间: 1792.00
2025-04-08 16:04:46,723 - DEBUG - 局部搜索未能改进当前解
2025-04-08 16:04:46,727 - DEBUG - 执行AGV分配局部搜索，当前完工时间: 1815.00
2025-04-08 16:04:46,731 - DEBUG - 局部搜索未能改进当前解
2025-04-08 16:04:46,735 - DEBUG - 执行AGV分配局部搜索，当前完工时间: 1749.00
2025-04-08 16:04:46,738 - DEBUG - 局部搜索未能改进当前解
2025-04-08 16:04:46,742 - DEBUG - 执行AGV分配局部搜索，当前完工时间: 1770.00
2025-04-08 16:04:46,745 - DEBUG - 局部搜索未能改进当前解
2025-04-08 16:04:46,749 - DEBUG - 执行AGV分配局部搜索，当前完工时间: 1827.00
2025-04-08 16:04:46,753 - DEBUG - 局部搜索未能改进当前解
2025-04-08 16:04:46,757 - DEBUG - 执行AGV分配局部搜索，当前完工时间: 1730.00
2025-04-08 16:04:46,761 - DEBUG - 局部搜索未能改进当前解
2025-04-08 16:04:46,765 - DEBUG - 执行AGV分配局部搜索，当前完工时间: 1849.00
2025-04-08 16:04:46,769 - DEBUG - 局部搜索未能改进当前解
2025-04-08 16:04:46,772 - DEBUG - 执行AGV分配局部搜索，当前完工时间: 1846.00
2025-04-08 16:04:46,775 - DEBUG - 局部搜索未能改进当前解
2025-04-08 16:04:46,780 - DEBUG - 执行AGV分配局部搜索，当前完工时间: 1806.00
2025-04-08 16:04:46,783 - DEBUG - AGV分配局部搜索成功！完工时间从 1806.00 降低到 1768.00，改进: 38.00 (2.10%)
2025-04-08 16:04:46,787 - DEBUG - 执行AGV分配局部搜索，当前完工时间: 1736.00
2025-04-08 16:04:46,791 - DEBUG - 局部搜索未能改进当前解
2025-04-08 16:04:46,794 - DEBUG - 执行AGV分配局部搜索，当前完工时间: 1772.00
2025-04-08 16:04:46,797 - DEBUG - 局部搜索未能改进当前解
2025-04-08 16:04:46,802 - DEBUG - 执行AGV分配局部搜索，当前完工时间: 1738.00
2025-04-08 16:04:46,805 - DEBUG - 局部搜索未能改进当前解
2025-04-08 16:04:46,810 - DEBUG - 执行AGV分配局部搜索，当前完工时间: 1739.00
2025-04-08 16:04:46,812 - DEBUG - 局部搜索未能改进当前解
2025-04-08 16:04:46,817 - DEBUG - 执行AGV分配局部搜索，当前完工时间: 1747.00
2025-04-08 16:04:46,820 - DEBUG - 局部搜索未能改进当前解
2025-04-08 16:04:46,824 - DEBUG - 执行AGV分配局部搜索，当前完工时间: 1806.00
2025-04-08 16:04:46,828 - DEBUG - 局部搜索未能改进当前解
2025-04-08 16:04:46,831 - DEBUG - 执行AGV分配局部搜索，当前完工时间: 1735.00
2025-04-08 16:04:46,836 - DEBUG - AGV分配局部搜索成功！完工时间从 1735.00 降低到 1731.00，改进: 4.00 (0.23%)
2025-04-08 16:04:46,840 - DEBUG - 执行AGV分配局部搜索，当前完工时间: 1724.00
2025-04-08 16:04:46,843 - DEBUG - 局部搜索未能改进当前解
2025-04-08 16:04:46,847 - DEBUG - 执行AGV分配局部搜索，当前完工时间: 1786.00
2025-04-08 16:04:46,851 - DEBUG - 局部搜索未能改进当前解
2025-04-08 16:04:46,854 - DEBUG - 执行AGV分配局部搜索，当前完工时间: 1690.00
2025-04-08 16:04:46,857 - DEBUG - 局部搜索未能改进当前解
2025-04-08 16:04:46,861 - DEBUG - 执行AGV分配局部搜索，当前完工时间: 1758.00
2025-04-08 16:04:46,865 - DEBUG - 局部搜索未能改进当前解
2025-04-08 16:04:46,869 - DEBUG - 执行AGV分配局部搜索，当前完工时间: 1841.00
2025-04-08 16:04:46,873 - DEBUG - 局部搜索未能改进当前解
2025-04-08 16:04:46,876 - DEBUG - 执行AGV分配局部搜索，当前完工时间: 1885.00
2025-04-08 16:04:46,879 - DEBUG - 局部搜索未能改进当前解
2025-04-08 16:04:46,883 - DEBUG - 执行AGV分配局部搜索，当前完工时间: 1813.00
2025-04-08 16:04:46,887 - DEBUG - 局部搜索未能改进当前解
2025-04-08 16:04:46,891 - DEBUG - 执行AGV分配局部搜索，当前完工时间: 1742.00
2025-04-08 16:04:46,895 - DEBUG - 局部搜索未能改进当前解
2025-04-08 16:04:46,897 - DEBUG - 执行AGV分配局部搜索，当前完工时间: 1784.00
2025-04-08 16:04:46,902 - DEBUG - 局部搜索未能改进当前解
2025-04-08 16:04:46,906 - DEBUG - 执行AGV分配局部搜索，当前完工时间: 1790.00
2025-04-08 16:04:46,910 - DEBUG - 局部搜索未能改进当前解
2025-04-08 16:04:46,914 - DEBUG - 执行AGV分配局部搜索，当前完工时间: 1769.00
2025-04-08 16:04:46,917 - DEBUG - 局部搜索未能改进当前解
2025-04-08 16:04:46,921 - DEBUG - 执行AGV分配局部搜索，当前完工时间: 1796.00
2025-04-08 16:04:46,924 - DEBUG - 局部搜索未能改进当前解
2025-04-08 16:04:46,929 - DEBUG - 执行AGV分配局部搜索，当前完工时间: 1730.00
2025-04-08 16:04:46,933 - DEBUG - 局部搜索未能改进当前解
2025-04-08 16:04:46,936 - DEBUG - 执行AGV分配局部搜索，当前完工时间: 1744.00
2025-04-08 16:04:46,939 - DEBUG - 局部搜索未能改进当前解
2025-04-08 16:04:46,943 - DEBUG - 执行AGV分配局部搜索，当前完工时间: 1814.00
2025-04-08 16:04:46,947 - DEBUG - 局部搜索未能改进当前解
2025-04-08 16:04:46,950 - DEBUG - 执行AGV分配局部搜索，当前完工时间: 1714.00
2025-04-08 16:04:46,954 - DEBUG - 局部搜索未能改进当前解
2025-04-08 16:04:46,958 - DEBUG - 执行AGV分配局部搜索，当前完工时间: 1751.00
2025-04-08 16:04:46,962 - DEBUG - 局部搜索未能改进当前解
2025-04-08 16:04:46,966 - DEBUG - 执行AGV分配局部搜索，当前完工时间: 1743.00
2025-04-08 16:04:46,969 - DEBUG - AGV分配局部搜索成功！完工时间从 1743.00 降低到 1739.00，改进: 4.00 (0.23%)
2025-04-08 16:04:46,973 - DEBUG - 执行AGV分配局部搜索，当前完工时间: 1802.00
2025-04-08 16:04:46,977 - DEBUG - 局部搜索未能改进当前解
2025-04-08 16:04:46,981 - DEBUG - 执行AGV分配局部搜索，当前完工时间: 1750.00
2025-04-08 16:04:46,985 - DEBUG - 局部搜索未能改进当前解
2025-04-08 16:04:46,989 - DEBUG - 执行AGV分配局部搜索，当前完工时间: 1943.00
2025-04-08 16:04:46,993 - DEBUG - 局部搜索未能改进当前解
2025-04-08 16:04:46,996 - DEBUG - 执行AGV分配局部搜索，当前完工时间: 1729.00
2025-04-08 16:04:47,000 - DEBUG - 局部搜索未能改进当前解
2025-04-08 16:04:47,004 - DEBUG - 执行AGV分配局部搜索，当前完工时间: 1817.00
2025-04-08 16:04:47,007 - DEBUG - 局部搜索未能改进当前解
2025-04-08 16:04:47,011 - DEBUG - 执行AGV分配局部搜索，当前完工时间: 1766.00
2025-04-08 16:04:47,015 - DEBUG - 局部搜索未能改进当前解
2025-04-08 16:04:47,018 - DEBUG - 执行AGV分配局部搜索，当前完工时间: 1690.00
2025-04-08 16:04:47,022 - DEBUG - 局部搜索未能改进当前解
2025-04-08 16:04:47,026 - DEBUG - 执行AGV分配局部搜索，当前完工时间: 1772.00
2025-04-08 16:04:47,030 - DEBUG - 局部搜索未能改进当前解
2025-04-08 16:04:47,034 - DEBUG - 执行AGV分配局部搜索，当前完工时间: 1919.00
2025-04-08 16:04:47,037 - DEBUG - 局部搜索未能改进当前解
2025-04-08 16:04:47,041 - DEBUG - 执行AGV分配局部搜索，当前完工时间: 1956.00
2025-04-08 16:04:47,045 - DEBUG - 局部搜索未能改进当前解
2025-04-08 16:04:47,049 - DEBUG - 执行AGV分配局部搜索，当前完工时间: 1796.00
2025-04-08 16:04:47,053 - DEBUG - 局部搜索未能改进当前解
2025-04-08 16:04:47,056 - DEBUG - 执行AGV分配局部搜索，当前完工时间: 1778.00
2025-04-08 16:04:47,060 - DEBUG - 局部搜索未能改进当前解
2025-04-08 16:04:47,064 - DEBUG - 执行AGV分配局部搜索，当前完工时间: 1781.00
2025-04-08 16:04:47,067 - DEBUG - 局部搜索未能改进当前解
2025-04-08 16:04:47,071 - DEBUG - 执行AGV分配局部搜索，当前完工时间: 1730.00
2025-04-08 16:04:47,076 - DEBUG - 局部搜索未能改进当前解
2025-04-08 16:04:47,080 - DEBUG - 执行AGV分配局部搜索，当前完工时间: 1821.00
2025-04-08 16:04:47,084 - DEBUG - 局部搜索未能改进当前解
2025-04-08 16:04:47,089 - DEBUG - 执行AGV分配局部搜索，当前完工时间: 1735.00
2025-04-08 16:04:47,092 - DEBUG - 局部搜索未能改进当前解
2025-04-08 16:04:47,097 - DEBUG - 执行AGV分配局部搜索，当前完工时间: 1779.00
2025-04-08 16:04:47,102 - DEBUG - 局部搜索未能改进当前解
2025-04-08 16:04:47,106 - DEBUG - 执行AGV分配局部搜索，当前完工时间: 1756.00
2025-04-08 16:04:47,109 - DEBUG - 局部搜索未能改进当前解
2025-04-08 16:04:47,114 - DEBUG - 执行AGV分配局部搜索，当前完工时间: 1762.00
2025-04-08 16:04:47,116 - DEBUG - 局部搜索未能改进当前解
2025-04-08 16:04:47,121 - DEBUG - 执行AGV分配局部搜索，当前完工时间: 1752.00
2025-04-08 16:04:47,124 - DEBUG - 局部搜索未能改进当前解
2025-04-08 16:04:47,127 - DEBUG - 执行AGV分配局部搜索，当前完工时间: 1700.00
2025-04-08 16:04:47,131 - DEBUG - 局部搜索未能改进当前解
2025-04-08 16:04:47,135 - DEBUG - 执行AGV分配局部搜索，当前完工时间: 1788.00
2025-04-08 16:04:47,139 - DEBUG - 局部搜索未能改进当前解
2025-04-08 16:04:47,142 - DEBUG - 执行AGV分配局部搜索，当前完工时间: 1736.00
2025-04-08 16:04:47,146 - DEBUG - 局部搜索未能改进当前解
2025-04-08 16:04:47,150 - DEBUG - 执行AGV分配局部搜索，当前完工时间: 1805.00
2025-04-08 16:04:47,154 - DEBUG - 局部搜索未能改进当前解
2025-04-08 16:04:47,157 - DEBUG - 执行AGV分配局部搜索，当前完工时间: 1780.00
2025-04-08 16:04:47,161 - DEBUG - 局部搜索未能改进当前解
2025-04-08 16:04:47,166 - DEBUG - 执行AGV分配局部搜索，当前完工时间: 1744.00
2025-04-08 16:04:47,170 - DEBUG - 局部搜索未能改进当前解
2025-04-08 16:04:47,173 - DEBUG - 执行AGV分配局部搜索，当前完工时间: 1729.00
2025-04-08 16:04:47,177 - DEBUG - 局部搜索未能改进当前解
2025-04-08 16:04:47,181 - DEBUG - 执行AGV分配局部搜索，当前完工时间: 1742.00
2025-04-08 16:04:47,184 - DEBUG - 局部搜索未能改进当前解
2025-04-08 16:04:47,187 - DEBUG - 执行AGV分配局部搜索，当前完工时间: 1760.00
2025-04-08 16:04:47,191 - DEBUG - 局部搜索未能改进当前解
2025-04-08 16:04:47,195 - DEBUG - 执行AGV分配局部搜索，当前完工时间: 1743.00
2025-04-08 16:04:47,199 - DEBUG - 局部搜索未能改进当前解
2025-04-08 16:04:47,199 - DEBUG - ==================================================
2025-04-08 16:04:47,199 - DEBUG - Efficiency Statistics of Local Search :
2025-04-08 16:04:47,199 - DEBUG - Number of attempts: 99
2025-04-08 16:04:47,199 - DEBUG - Average Success Rate: 7.07%
2025-04-08 16:04:47,199 - DEBUG - AGV Local Search Success: 7，Average Improvement: 12.57
2025-04-08 16:04:47,203 - DEBUG - 执行AGV分配局部搜索，当前完工时间: 1753.00
2025-04-08 16:04:47,206 - DEBUG - AGV分配局部搜索成功！完工时间从 1753.00 降低到 1741.00，改进: 12.00 (0.68%)
2025-04-08 16:04:47,210 - DEBUG - 执行AGV分配局部搜索，当前完工时间: 1803.00
2025-04-08 16:04:47,214 - DEBUG - 局部搜索未能改进当前解
2025-04-08 16:04:47,218 - DEBUG - 执行AGV分配局部搜索，当前完工时间: 1752.00
2025-04-08 16:04:47,221 - DEBUG - 局部搜索未能改进当前解
2025-04-08 16:04:47,225 - DEBUG - 执行AGV分配局部搜索，当前完工时间: 1796.00
2025-04-08 16:04:47,229 - DEBUG - 局部搜索未能改进当前解
2025-04-08 16:04:47,232 - DEBUG - 执行AGV分配局部搜索，当前完工时间: 1802.00
2025-04-08 16:04:47,236 - DEBUG - AGV分配局部搜索成功！完工时间从 1802.00 降低到 1760.00，改进: 42.00 (2.33%)
2025-04-08 16:04:47,240 - DEBUG - 执行AGV分配局部搜索，当前完工时间: 1757.00
2025-04-08 16:04:47,243 - DEBUG - 局部搜索未能改进当前解
2025-04-08 16:04:47,247 - DEBUG - 执行AGV分配局部搜索，当前完工时间: 1912.00
2025-04-08 16:04:47,251 - DEBUG - 局部搜索未能改进当前解
2025-04-08 16:04:47,255 - DEBUG - 执行AGV分配局部搜索，当前完工时间: 1720.00
2025-04-08 16:04:47,258 - DEBUG - 局部搜索未能改进当前解
2025-04-08 16:04:47,264 - DEBUG - 执行AGV分配局部搜索，当前完工时间: 1722.00
2025-04-08 16:04:47,268 - DEBUG - 局部搜索未能改进当前解
2025-04-08 16:04:47,271 - DEBUG - 执行AGV分配局部搜索，当前完工时间: 1787.00
2025-04-08 16:04:47,274 - DEBUG - AGV分配局部搜索成功！完工时间从 1787.00 降低到 1750.00，改进: 37.00 (2.07%)
2025-04-08 16:04:47,278 - DEBUG - 执行AGV分配局部搜索，当前完工时间: 1812.00
2025-04-08 16:04:47,282 - DEBUG - 局部搜索未能改进当前解
2025-04-08 16:04:47,286 - DEBUG - 执行AGV分配局部搜索，当前完工时间: 1781.00
2025-04-08 16:04:47,289 - DEBUG - 局部搜索未能改进当前解
2025-04-08 16:04:47,293 - DEBUG - 执行AGV分配局部搜索，当前完工时间: 1756.00
2025-04-08 16:04:47,297 - DEBUG - 局部搜索未能改进当前解
2025-04-08 16:04:47,300 - DEBUG - 执行AGV分配局部搜索，当前完工时间: 1807.00
2025-04-08 16:04:47,304 - DEBUG - 局部搜索未能改进当前解
2025-04-08 16:04:47,308 - DEBUG - 执行AGV分配局部搜索，当前完工时间: 1752.00
2025-04-08 16:04:47,312 - DEBUG - AGV分配局部搜索成功！完工时间从 1752.00 降低到 1727.00，改进: 25.00 (1.43%)
2025-04-08 16:04:47,316 - DEBUG - 执行AGV分配局部搜索，当前完工时间: 1833.00
2025-04-08 16:04:47,319 - DEBUG - 局部搜索未能改进当前解
2025-04-08 16:04:47,322 - DEBUG - 执行AGV分配局部搜索，当前完工时间: 1765.00
2025-04-08 16:04:47,326 - DEBUG - 局部搜索未能改进当前解
2025-04-08 16:04:47,329 - DEBUG - 执行AGV分配局部搜索，当前完工时间: 1810.00
2025-04-08 16:04:47,334 - DEBUG - 局部搜索未能改进当前解
2025-04-08 16:04:47,338 - DEBUG - 执行AGV分配局部搜索，当前完工时间: 1726.00
2025-04-08 16:04:47,341 - DEBUG - 局部搜索未能改进当前解
2025-04-08 16:04:47,345 - DEBUG - 执行AGV分配局部搜索，当前完工时间: 1718.00
2025-04-08 16:04:47,349 - DEBUG - 局部搜索未能改进当前解
2025-04-08 16:04:47,353 - DEBUG - 执行AGV分配局部搜索，当前完工时间: 1769.00
2025-04-08 16:04:47,357 - DEBUG - 局部搜索未能改进当前解
2025-04-08 16:04:47,360 - DEBUG - 执行AGV分配局部搜索，当前完工时间: 1873.00
2025-04-08 16:04:47,364 - DEBUG - 局部搜索未能改进当前解
2025-04-08 16:04:47,368 - DEBUG - 执行AGV分配局部搜索，当前完工时间: 1894.00
2025-04-08 16:04:47,371 - DEBUG - 局部搜索未能改进当前解
2025-04-08 16:04:47,375 - DEBUG - 执行AGV分配局部搜索，当前完工时间: 1787.00
2025-04-08 16:04:47,378 - DEBUG - 局部搜索未能改进当前解
2025-04-08 16:04:47,382 - DEBUG - 执行AGV分配局部搜索，当前完工时间: 1753.00
2025-04-08 16:04:47,385 - DEBUG - 局部搜索未能改进当前解
2025-04-08 16:04:47,390 - DEBUG - 执行AGV分配局部搜索，当前完工时间: 1822.00
2025-04-08 16:04:47,393 - DEBUG - 局部搜索未能改进当前解
2025-04-08 16:04:47,397 - DEBUG - 执行AGV分配局部搜索，当前完工时间: 1760.00
2025-04-08 16:04:47,400 - DEBUG - 局部搜索未能改进当前解
2025-04-08 16:04:47,405 - DEBUG - 执行AGV分配局部搜索，当前完工时间: 1837.00
2025-04-08 16:04:47,409 - DEBUG - 局部搜索未能改进当前解
2025-04-08 16:04:47,412 - DEBUG - 执行AGV分配局部搜索，当前完工时间: 1723.00
2025-04-08 16:04:47,416 - DEBUG - 局部搜索未能改进当前解
2025-04-08 16:04:47,420 - DEBUG - 执行AGV分配局部搜索，当前完工时间: 1795.00
2025-04-08 16:04:47,422 - DEBUG - 局部搜索未能改进当前解
2025-04-08 16:04:47,427 - DEBUG - 执行AGV分配局部搜索，当前完工时间: 1762.00
2025-04-08 16:04:47,431 - DEBUG - 局部搜索未能改进当前解
2025-04-08 16:04:47,434 - DEBUG - 执行AGV分配局部搜索，当前完工时间: 1736.00
2025-04-08 16:04:47,437 - DEBUG - 局部搜索未能改进当前解
2025-04-08 16:04:47,441 - DEBUG - 执行AGV分配局部搜索，当前完工时间: 1732.00
2025-04-08 16:04:47,446 - DEBUG - 局部搜索未能改进当前解
2025-04-08 16:04:47,451 - DEBUG - 执行AGV分配局部搜索，当前完工时间: 1783.00
2025-04-08 16:04:47,456 - DEBUG - 局部搜索未能改进当前解
2025-04-08 16:04:47,460 - DEBUG - 执行AGV分配局部搜索，当前完工时间: 1726.00
2025-04-08 16:04:47,464 - DEBUG - 局部搜索未能改进当前解
2025-04-08 16:04:47,468 - DEBUG - 执行AGV分配局部搜索，当前完工时间: 1714.00
2025-04-08 16:04:47,471 - DEBUG - 局部搜索未能改进当前解
2025-04-08 16:04:47,474 - DEBUG - 执行AGV分配局部搜索，当前完工时间: 1737.00
2025-04-08 16:04:47,479 - DEBUG - 局部搜索未能改进当前解
2025-04-08 16:04:47,482 - DEBUG - 执行AGV分配局部搜索，当前完工时间: 1772.00
2025-04-08 16:04:47,485 - DEBUG - 局部搜索未能改进当前解
2025-04-08 16:04:47,489 - DEBUG - 执行AGV分配局部搜索，当前完工时间: 1808.00
2025-04-08 16:04:47,492 - DEBUG - 局部搜索未能改进当前解
2025-04-08 16:04:47,497 - DEBUG - 执行AGV分配局部搜索，当前完工时间: 1727.00
2025-04-08 16:04:47,500 - DEBUG - AGV分配局部搜索成功！完工时间从 1727.00 降低到 1721.00，改进: 6.00 (0.35%)
2025-04-08 16:04:47,504 - DEBUG - 执行AGV分配局部搜索，当前完工时间: 1750.00
2025-04-08 16:04:47,508 - DEBUG - 局部搜索未能改进当前解
2025-04-08 16:04:47,512 - DEBUG - 执行AGV分配局部搜索，当前完工时间: 1708.00
2025-04-08 16:04:47,515 - DEBUG - 局部搜索未能改进当前解
2025-04-08 16:04:47,519 - DEBUG - 执行AGV分配局部搜索，当前完工时间: 1855.00
2025-04-08 16:04:47,523 - DEBUG - 局部搜索未能改进当前解
2025-04-08 16:04:47,527 - DEBUG - 执行AGV分配局部搜索，当前完工时间: 1843.00
2025-04-08 16:04:47,531 - DEBUG - 局部搜索未能改进当前解
2025-04-08 16:04:47,534 - DEBUG - 执行AGV分配局部搜索，当前完工时间: 1724.00
2025-04-08 16:04:47,538 - DEBUG - 局部搜索未能改进当前解
2025-04-08 16:04:47,542 - DEBUG - 执行AGV分配局部搜索，当前完工时间: 1882.00
2025-04-08 16:04:47,545 - DEBUG - AGV分配局部搜索成功！完工时间从 1882.00 降低到 1870.00，改进: 12.00 (0.64%)
2025-04-08 16:04:47,550 - DEBUG - 执行AGV分配局部搜索，当前完工时间: 1814.00
2025-04-08 16:04:47,553 - DEBUG - AGV分配局部搜索成功！完工时间从 1814.00 降低到 1770.00，改进: 44.00 (2.43%)
2025-04-08 16:04:47,556 - DEBUG - 执行AGV分配局部搜索，当前完工时间: 1811.00
2025-04-08 16:04:47,560 - DEBUG - 局部搜索未能改进当前解
2025-04-08 16:04:47,564 - DEBUG - 执行AGV分配局部搜索，当前完工时间: 1872.00
2025-04-08 16:04:47,568 - DEBUG - 局部搜索未能改进当前解
2025-04-08 16:04:47,572 - DEBUG - 执行AGV分配局部搜索，当前完工时间: 1752.00
2025-04-08 16:04:47,576 - DEBUG - 局部搜索未能改进当前解
2025-04-08 16:04:47,580 - DEBUG - 执行AGV分配局部搜索，当前完工时间: 1778.00
2025-04-08 16:04:47,583 - DEBUG - AGV分配局部搜索成功！完工时间从 1778.00 降低到 1776.00，改进: 2.00 (0.11%)
2025-04-08 16:04:47,588 - DEBUG - 执行AGV分配局部搜索，当前完工时间: 1819.00
2025-04-08 16:04:47,592 - DEBUG - 局部搜索未能改进当前解
2025-04-08 16:04:47,595 - DEBUG - 执行AGV分配局部搜索，当前完工时间: 1759.00
2025-04-08 16:04:47,599 - DEBUG - 局部搜索未能改进当前解
2025-04-08 16:04:47,603 - DEBUG - 执行AGV分配局部搜索，当前完工时间: 1812.00
2025-04-08 16:04:47,607 - DEBUG - AGV分配局部搜索成功！完工时间从 1812.00 降低到 1798.00，改进: 14.00 (0.77%)
2025-04-08 16:04:47,611 - DEBUG - 执行AGV分配局部搜索，当前完工时间: 1907.00
2025-04-08 16:04:47,614 - DEBUG - 局部搜索未能改进当前解
2025-04-08 16:04:47,619 - DEBUG - 执行AGV分配局部搜索，当前完工时间: 1805.00
2025-04-08 16:04:47,622 - DEBUG - 局部搜索未能改进当前解
2025-04-08 16:04:47,625 - DEBUG - 执行AGV分配局部搜索，当前完工时间: 1761.00
2025-04-08 16:04:47,629 - DEBUG - 局部搜索未能改进当前解
2025-04-08 16:04:47,633 - DEBUG - 执行AGV分配局部搜索，当前完工时间: 1752.00
2025-04-08 16:04:47,637 - DEBUG - 局部搜索未能改进当前解
2025-04-08 16:04:47,641 - DEBUG - 执行AGV分配局部搜索，当前完工时间: 1744.00
2025-04-08 16:04:47,644 - DEBUG - 局部搜索未能改进当前解
2025-04-08 16:04:47,648 - DEBUG - 执行AGV分配局部搜索，当前完工时间: 1773.00
2025-04-08 16:04:47,653 - DEBUG - 局部搜索未能改进当前解
2025-04-08 16:04:47,656 - DEBUG - 执行AGV分配局部搜索，当前完工时间: 1740.00
2025-04-08 16:04:47,659 - DEBUG - 局部搜索未能改进当前解
2025-04-08 16:04:47,664 - DEBUG - 执行AGV分配局部搜索，当前完工时间: 1731.00
2025-04-08 16:04:47,668 - DEBUG - 局部搜索未能改进当前解
2025-04-08 16:04:47,670 - DEBUG - 执行AGV分配局部搜索，当前完工时间: 1790.00
2025-04-08 16:04:47,675 - DEBUG - 局部搜索未能改进当前解
2025-04-08 16:04:47,679 - DEBUG - 执行AGV分配局部搜索，当前完工时间: 1755.00
2025-04-08 16:04:47,682 - DEBUG - 局部搜索未能改进当前解
2025-04-08 16:04:47,686 - DEBUG - 执行AGV分配局部搜索，当前完工时间: 1767.00
2025-04-08 16:04:47,689 - DEBUG - 局部搜索未能改进当前解
2025-04-08 16:04:47,693 - DEBUG - 执行AGV分配局部搜索，当前完工时间: 1739.00
2025-04-08 16:04:47,697 - DEBUG - 局部搜索未能改进当前解
2025-04-08 16:04:47,701 - DEBUG - 执行AGV分配局部搜索，当前完工时间: 1756.00
2025-04-08 16:04:47,704 - DEBUG - 局部搜索未能改进当前解
2025-04-08 16:04:47,707 - DEBUG - 执行AGV分配局部搜索，当前完工时间: 1791.00
2025-04-08 16:04:47,712 - DEBUG - 局部搜索未能改进当前解
2025-04-08 16:04:47,715 - DEBUG - 执行AGV分配局部搜索，当前完工时间: 1819.00
2025-04-08 16:04:47,719 - DEBUG - AGV分配局部搜索成功！完工时间从 1819.00 降低到 1807.00，改进: 12.00 (0.66%)
2025-04-08 16:04:47,722 - DEBUG - 执行AGV分配局部搜索，当前完工时间: 1738.00
2025-04-08 16:04:47,725 - DEBUG - 局部搜索未能改进当前解
2025-04-08 16:04:47,729 - DEBUG - 执行AGV分配局部搜索，当前完工时间: 1756.00
2025-04-08 16:04:47,733 - DEBUG - 局部搜索未能改进当前解
2025-04-08 16:04:47,737 - DEBUG - 执行AGV分配局部搜索，当前完工时间: 1833.00
2025-04-08 16:04:47,741 - DEBUG - 局部搜索未能改进当前解
2025-04-08 16:04:47,745 - DEBUG - 执行AGV分配局部搜索，当前完工时间: 1772.00
2025-04-08 16:04:47,750 - DEBUG - 局部搜索未能改进当前解
2025-04-08 16:04:47,754 - DEBUG - 执行AGV分配局部搜索，当前完工时间: 1714.00
2025-04-08 16:04:47,757 - DEBUG - 局部搜索未能改进当前解
2025-04-08 16:04:47,760 - DEBUG - 执行AGV分配局部搜索，当前完工时间: 1796.00
2025-04-08 16:04:47,764 - DEBUG - 局部搜索未能改进当前解
2025-04-08 16:04:47,768 - DEBUG - 执行AGV分配局部搜索，当前完工时间: 1725.00
2025-04-08 16:04:47,771 - DEBUG - 局部搜索未能改进当前解
2025-04-08 16:04:47,775 - DEBUG - 执行AGV分配局部搜索，当前完工时间: 1750.00
2025-04-08 16:04:47,779 - DEBUG - 局部搜索未能改进当前解
2025-04-08 16:04:47,782 - DEBUG - 执行AGV分配局部搜索，当前完工时间: 1780.00
2025-04-08 16:04:47,786 - DEBUG - AGV分配局部搜索成功！完工时间从 1780.00 降低到 1773.00，改进: 7.00 (0.39%)
2025-04-08 16:04:47,788 - DEBUG - 执行AGV分配局部搜索，当前完工时间: 1802.00
2025-04-08 16:04:47,793 - DEBUG - 局部搜索未能改进当前解
2025-04-08 16:04:47,797 - DEBUG - 执行AGV分配局部搜索，当前完工时间: 1714.00
2025-04-08 16:04:47,800 - DEBUG - 局部搜索未能改进当前解
2025-04-08 16:04:47,804 - DEBUG - 执行AGV分配局部搜索，当前完工时间: 1812.00
2025-04-08 16:04:47,808 - DEBUG - 局部搜索未能改进当前解
2025-04-08 16:04:47,812 - DEBUG - 执行AGV分配局部搜索，当前完工时间: 1848.00
2025-04-08 16:04:47,815 - DEBUG - 局部搜索未能改进当前解
2025-04-08 16:04:47,819 - DEBUG - 执行AGV分配局部搜索，当前完工时间: 1728.00
2025-04-08 16:04:47,823 - DEBUG - 局部搜索未能改进当前解
2025-04-08 16:04:47,826 - DEBUG - 执行AGV分配局部搜索，当前完工时间: 1712.00
2025-04-08 16:04:47,830 - DEBUG - 局部搜索未能改进当前解
2025-04-08 16:04:47,834 - DEBUG - 执行AGV分配局部搜索，当前完工时间: 1774.00
2025-04-08 16:04:47,838 - DEBUG - 局部搜索未能改进当前解
2025-04-08 16:04:47,842 - DEBUG - 执行AGV分配局部搜索，当前完工时间: 1757.00
2025-04-08 16:04:47,845 - DEBUG - 局部搜索未能改进当前解
2025-04-08 16:04:47,849 - DEBUG - 执行AGV分配局部搜索，当前完工时间: 1747.00
2025-04-08 16:04:47,853 - DEBUG - 局部搜索未能改进当前解
2025-04-08 16:04:47,857 - DEBUG - 执行AGV分配局部搜索，当前完工时间: 1772.00
2025-04-08 16:04:47,861 - DEBUG - 局部搜索未能改进当前解
2025-04-08 16:04:47,864 - DEBUG - 执行AGV分配局部搜索，当前完工时间: 1777.00
2025-04-08 16:04:47,868 - DEBUG - 局部搜索未能改进当前解
2025-04-08 16:04:47,872 - DEBUG - 执行AGV分配局部搜索，当前完工时间: 1725.00
2025-04-08 16:04:47,875 - DEBUG - 局部搜索未能改进当前解
2025-04-08 16:04:47,879 - DEBUG - 执行AGV分配局部搜索，当前完工时间: 1726.00
2025-04-08 16:04:47,883 - DEBUG - 局部搜索未能改进当前解
2025-04-08 16:04:47,887 - DEBUG - 执行AGV分配局部搜索，当前完工时间: 1814.00
2025-04-08 16:04:47,891 - DEBUG - AGV分配局部搜索成功！完工时间从 1814.00 降低到 1792.00，改进: 22.00 (1.21%)
2025-04-08 16:04:47,895 - DEBUG - 执行AGV分配局部搜索，当前完工时间: 1774.00
2025-04-08 16:04:47,897 - DEBUG - 局部搜索未能改进当前解
2025-04-08 16:04:47,902 - DEBUG - 执行AGV分配局部搜索，当前完工时间: 1812.00
2025-04-08 16:04:47,905 - DEBUG - 局部搜索未能改进当前解
2025-04-08 16:04:47,910 - DEBUG - 执行AGV分配局部搜索，当前完工时间: 1799.00
2025-04-08 16:04:47,912 - DEBUG - 局部搜索未能改进当前解
2025-04-08 16:04:47,916 - DEBUG - 执行AGV分配局部搜索，当前完工时间: 1804.00
2025-04-08 16:04:47,921 - DEBUG - 局部搜索未能改进当前解
2025-04-08 16:04:47,924 - DEBUG - 执行AGV分配局部搜索，当前完工时间: 1893.00
2025-04-08 16:04:47,929 - DEBUG - 局部搜索未能改进当前解
2025-04-08 16:04:47,932 - DEBUG - 执行AGV分配局部搜索，当前完工时间: 1756.00
2025-04-08 16:04:47,936 - DEBUG - 局部搜索未能改进当前解
2025-04-08 16:04:47,939 - DEBUG - 执行AGV分配局部搜索，当前完工时间: 1793.00
2025-04-08 16:04:47,943 - DEBUG - 局部搜索未能改进当前解
2025-04-08 16:04:47,944 - DEBUG - ==================================================
2025-04-08 16:04:47,944 - DEBUG - Efficiency Statistics of Local Search :
2025-04-08 16:04:47,944 - DEBUG - Number of attempts: 99
2025-04-08 16:04:47,944 - DEBUG - Average Success Rate: 12.12%
2025-04-08 16:04:47,944 - DEBUG - AGV Local Search Success: 12，Average Improvement: 19.58
2025-04-08 16:04:47,947 - DEBUG - 执行AGV分配局部搜索，当前完工时间: 1755.00
2025-04-08 16:04:47,951 - DEBUG - 局部搜索未能改进当前解
2025-04-08 16:04:47,954 - DEBUG - 执行AGV分配局部搜索，当前完工时间: 1853.00
2025-04-08 16:04:47,958 - DEBUG - 局部搜索未能改进当前解
2025-04-08 16:04:47,962 - DEBUG - 执行AGV分配局部搜索，当前完工时间: 1749.00
2025-04-08 16:04:47,965 - DEBUG - 局部搜索未能改进当前解
2025-04-08 16:04:47,970 - DEBUG - 执行AGV分配局部搜索，当前完工时间: 1781.00
2025-04-08 16:04:47,973 - DEBUG - 局部搜索未能改进当前解
2025-04-08 16:04:47,976 - DEBUG - 执行AGV分配局部搜索，当前完工时间: 1841.00
2025-04-08 16:04:47,981 - DEBUG - AGV分配局部搜索成功！完工时间从 1841.00 降低到 1833.00，改进: 8.00 (0.43%)
2025-04-08 16:04:47,985 - DEBUG - 执行AGV分配局部搜索，当前完工时间: 1760.00
2025-04-08 16:04:47,988 - DEBUG - 局部搜索未能改进当前解
2025-04-08 16:04:47,992 - DEBUG - 执行AGV分配局部搜索，当前完工时间: 1796.00
2025-04-08 16:04:47,997 - DEBUG - 局部搜索未能改进当前解
2025-04-08 16:04:48,000 - DEBUG - 执行AGV分配局部搜索，当前完工时间: 1714.00
2025-04-08 16:04:48,003 - DEBUG - 局部搜索未能改进当前解
2025-04-08 16:04:48,008 - DEBUG - 执行AGV分配局部搜索，当前完工时间: 1886.00
2025-04-08 16:04:48,012 - DEBUG - 局部搜索未能改进当前解
2025-04-08 16:04:48,015 - DEBUG - 执行AGV分配局部搜索，当前完工时间: 1739.00
2025-04-08 16:04:48,019 - DEBUG - 局部搜索未能改进当前解
2025-04-08 16:04:48,022 - DEBUG - 执行AGV分配局部搜索，当前完工时间: 1783.00
2025-04-08 16:04:48,026 - DEBUG - 局部搜索未能改进当前解
2025-04-08 16:04:48,029 - DEBUG - 执行AGV分配局部搜索，当前完工时间: 1804.00
2025-04-08 16:04:48,033 - DEBUG - 局部搜索未能改进当前解
2025-04-08 16:04:48,038 - DEBUG - 执行AGV分配局部搜索，当前完工时间: 1758.00
2025-04-08 16:04:48,042 - DEBUG - 局部搜索未能改进当前解
2025-04-08 16:04:48,046 - DEBUG - 执行AGV分配局部搜索，当前完工时间: 1834.00
2025-04-08 16:04:48,049 - DEBUG - 局部搜索未能改进当前解
2025-04-08 16:04:48,053 - DEBUG - 执行AGV分配局部搜索，当前完工时间: 1775.00
2025-04-08 16:04:48,057 - DEBUG - 局部搜索未能改进当前解
2025-04-08 16:04:48,061 - DEBUG - 执行AGV分配局部搜索，当前完工时间: 1775.00
2025-04-08 16:04:48,065 - DEBUG - 局部搜索未能改进当前解
2025-04-08 16:04:48,069 - DEBUG - 执行AGV分配局部搜索，当前完工时间: 1918.00
2025-04-08 16:04:48,073 - DEBUG - 局部搜索未能改进当前解
2025-04-08 16:04:48,077 - DEBUG - 执行AGV分配局部搜索，当前完工时间: 2063.00
2025-04-08 16:04:48,081 - DEBUG - 局部搜索未能改进当前解
2025-04-08 16:04:48,085 - DEBUG - 执行AGV分配局部搜索，当前完工时间: 1766.00
2025-04-08 16:04:48,089 - DEBUG - 局部搜索未能改进当前解
2025-04-08 16:04:48,093 - DEBUG - 执行AGV分配局部搜索，当前完工时间: 1750.00
2025-04-08 16:04:48,097 - DEBUG - 局部搜索未能改进当前解
2025-04-08 16:04:48,102 - DEBUG - 执行AGV分配局部搜索，当前完工时间: 1773.00
2025-04-08 16:04:48,105 - DEBUG - 局部搜索未能改进当前解
2025-04-08 16:04:48,109 - DEBUG - 执行AGV分配局部搜索，当前完工时间: 1742.00
2025-04-08 16:04:48,112 - DEBUG - 局部搜索未能改进当前解
2025-04-08 16:04:48,116 - DEBUG - 执行AGV分配局部搜索，当前完工时间: 1855.00
2025-04-08 16:04:48,120 - DEBUG - 局部搜索未能改进当前解
2025-04-08 16:04:48,124 - DEBUG - 执行AGV分配局部搜索，当前完工时间: 1754.00
2025-04-08 16:04:48,127 - DEBUG - 局部搜索未能改进当前解
2025-04-08 16:04:48,132 - DEBUG - 执行AGV分配局部搜索，当前完工时间: 1735.00
2025-04-08 16:04:48,135 - DEBUG - 局部搜索未能改进当前解
2025-04-08 16:04:48,139 - DEBUG - 执行AGV分配局部搜索，当前完工时间: 1790.00
2025-04-08 16:04:48,143 - DEBUG - 局部搜索未能改进当前解
2025-04-08 16:04:48,147 - DEBUG - 执行AGV分配局部搜索，当前完工时间: 1734.00
2025-04-08 16:04:48,151 - DEBUG - 局部搜索未能改进当前解
2025-04-08 16:04:48,155 - DEBUG - 执行AGV分配局部搜索，当前完工时间: 1752.00
2025-04-08 16:04:48,159 - DEBUG - 局部搜索未能改进当前解
2025-04-08 16:04:48,163 - DEBUG - 执行AGV分配局部搜索，当前完工时间: 1745.00
2025-04-08 16:04:48,166 - DEBUG - 局部搜索未能改进当前解
2025-04-08 16:04:48,170 - DEBUG - 执行AGV分配局部搜索，当前完工时间: 1767.00
2025-04-08 16:04:48,173 - DEBUG - 局部搜索未能改进当前解
2025-04-08 16:04:48,177 - DEBUG - 执行AGV分配局部搜索，当前完工时间: 1767.00
2025-04-08 16:04:48,181 - DEBUG - 局部搜索未能改进当前解
2025-04-08 16:04:48,185 - DEBUG - 执行AGV分配局部搜索，当前完工时间: 1793.00
2025-04-08 16:04:48,189 - DEBUG - 局部搜索未能改进当前解
2025-04-08 16:04:48,193 - DEBUG - 执行AGV分配局部搜索，当前完工时间: 1779.00
2025-04-08 16:04:48,196 - DEBUG - 局部搜索未能改进当前解
2025-04-08 16:04:48,200 - DEBUG - 执行AGV分配局部搜索，当前完工时间: 1690.00
2025-04-08 16:04:48,204 - DEBUG - 局部搜索未能改进当前解
2025-04-08 16:04:48,209 - DEBUG - 执行AGV分配局部搜索，当前完工时间: 1753.00
2025-04-08 16:04:48,212 - DEBUG - 局部搜索未能改进当前解
2025-04-08 16:04:48,216 - DEBUG - 执行AGV分配局部搜索，当前完工时间: 1761.00
2025-04-08 16:04:48,219 - DEBUG - 局部搜索未能改进当前解
2025-04-08 16:04:48,223 - DEBUG - 执行AGV分配局部搜索，当前完工时间: 1792.00
2025-04-08 16:04:48,227 - DEBUG - 局部搜索未能改进当前解
2025-04-08 16:04:48,230 - DEBUG - 执行AGV分配局部搜索，当前完工时间: 1736.00
2025-04-08 16:04:48,234 - DEBUG - 局部搜索未能改进当前解
2025-04-08 16:04:48,238 - DEBUG - 执行AGV分配局部搜索，当前完工时间: 1766.00
2025-04-08 16:04:48,241 - DEBUG - 局部搜索未能改进当前解
2025-04-08 16:04:48,245 - DEBUG - 执行AGV分配局部搜索，当前完工时间: 1772.00
2025-04-08 16:04:48,247 - DEBUG - 局部搜索未能改进当前解
2025-04-08 16:04:48,252 - DEBUG - 执行AGV分配局部搜索，当前完工时间: 1883.00
2025-04-08 16:04:48,255 - DEBUG - 局部搜索未能改进当前解
2025-04-08 16:04:48,259 - DEBUG - 执行AGV分配局部搜索，当前完工时间: 1767.00
2025-04-08 16:04:48,264 - DEBUG - 局部搜索未能改进当前解
2025-04-08 16:04:48,267 - DEBUG - 执行AGV分配局部搜索，当前完工时间: 1742.00
2025-04-08 16:04:48,270 - DEBUG - 局部搜索未能改进当前解
2025-04-08 16:04:48,274 - DEBUG - 执行AGV分配局部搜索，当前完工时间: 1758.00
2025-04-08 16:04:48,278 - DEBUG - 局部搜索未能改进当前解
2025-04-08 16:04:48,282 - DEBUG - 执行AGV分配局部搜索，当前完工时间: 1866.00
2025-04-08 16:04:48,285 - DEBUG - 局部搜索未能改进当前解
2025-04-08 16:04:48,290 - DEBUG - 执行AGV分配局部搜索，当前完工时间: 1779.00
2025-04-08 16:04:48,293 - DEBUG - 局部搜索未能改进当前解
2025-04-08 16:04:48,297 - DEBUG - 执行AGV分配局部搜索，当前完工时间: 1780.00
2025-04-08 16:04:48,300 - DEBUG - 局部搜索未能改进当前解
2025-04-08 16:04:48,304 - DEBUG - 执行AGV分配局部搜索，当前完工时间: 1720.00
2025-04-08 16:04:48,307 - DEBUG - 局部搜索未能改进当前解
2025-04-08 16:04:48,311 - DEBUG - 执行AGV分配局部搜索，当前完工时间: 1851.00
2025-04-08 16:04:48,316 - DEBUG - 局部搜索未能改进当前解
2025-04-08 16:04:48,320 - DEBUG - 执行AGV分配局部搜索，当前完工时间: 1779.00
2025-04-08 16:04:48,323 - DEBUG - 局部搜索未能改进当前解
2025-04-08 16:04:48,327 - DEBUG - 执行AGV分配局部搜索，当前完工时间: 1754.00
2025-04-08 16:04:48,330 - DEBUG - 局部搜索未能改进当前解
2025-04-08 16:04:48,334 - DEBUG - 执行AGV分配局部搜索，当前完工时间: 1785.00
2025-04-08 16:04:48,337 - DEBUG - 局部搜索未能改进当前解
2025-04-08 16:04:48,341 - DEBUG - 执行AGV分配局部搜索，当前完工时间: 1796.00
2025-04-08 16:04:48,345 - DEBUG - 局部搜索未能改进当前解
2025-04-08 16:04:48,350 - DEBUG - 执行AGV分配局部搜索，当前完工时间: 1951.00
2025-04-08 16:04:48,353 - DEBUG - 局部搜索未能改进当前解
2025-04-08 16:04:48,357 - DEBUG - 执行AGV分配局部搜索，当前完工时间: 1779.00
2025-04-08 16:04:48,362 - DEBUG - 局部搜索未能改进当前解
2025-04-08 16:04:48,365 - DEBUG - 执行AGV分配局部搜索，当前完工时间: 1883.00
2025-04-08 16:04:48,368 - DEBUG - 局部搜索未能改进当前解
2025-04-08 16:04:48,372 - DEBUG - 执行AGV分配局部搜索，当前完工时间: 1856.00
2025-04-08 16:04:48,375 - DEBUG - 局部搜索未能改进当前解
2025-04-08 16:04:48,379 - DEBUG - 执行AGV分配局部搜索，当前完工时间: 1725.00
2025-04-08 16:04:48,383 - DEBUG - 局部搜索未能改进当前解
2025-04-08 16:04:48,387 - DEBUG - 执行AGV分配局部搜索，当前完工时间: 1801.00
2025-04-08 16:04:48,390 - DEBUG - AGV分配局部搜索成功！完工时间从 1801.00 降低到 1799.00，改进: 2.00 (0.11%)
2025-04-08 16:04:48,394 - DEBUG - 执行AGV分配局部搜索，当前完工时间: 1734.00
2025-04-08 16:04:48,398 - DEBUG - 局部搜索未能改进当前解
2025-04-08 16:04:48,402 - DEBUG - 执行AGV分配局部搜索，当前完工时间: 1725.00
2025-04-08 16:04:48,405 - DEBUG - 局部搜索未能改进当前解
2025-04-08 16:04:48,409 - DEBUG - 执行AGV分配局部搜索，当前完工时间: 1760.00
2025-04-08 16:04:48,412 - DEBUG - 局部搜索未能改进当前解
2025-04-08 16:04:48,416 - DEBUG - 执行AGV分配局部搜索，当前完工时间: 1806.00
2025-04-08 16:04:48,419 - DEBUG - 局部搜索未能改进当前解
2025-04-08 16:04:48,423 - DEBUG - 执行AGV分配局部搜索，当前完工时间: 1789.00
2025-04-08 16:04:48,427 - DEBUG - 局部搜索未能改进当前解
2025-04-08 16:04:48,431 - DEBUG - 执行AGV分配局部搜索，当前完工时间: 1899.00
2025-04-08 16:04:48,434 - DEBUG - 局部搜索未能改进当前解
2025-04-08 16:04:48,438 - DEBUG - 执行AGV分配局部搜索，当前完工时间: 1772.00
2025-04-08 16:04:48,443 - DEBUG - 局部搜索未能改进当前解
2025-04-08 16:04:48,446 - DEBUG - 执行AGV分配局部搜索，当前完工时间: 1783.00
2025-04-08 16:04:48,450 - DEBUG - 局部搜索未能改进当前解
2025-04-08 16:04:48,454 - DEBUG - 执行AGV分配局部搜索，当前完工时间: 1790.00
2025-04-08 16:04:48,457 - DEBUG - 局部搜索未能改进当前解
2025-04-08 16:04:48,461 - DEBUG - 执行AGV分配局部搜索，当前完工时间: 1765.00
2025-04-08 16:04:48,464 - DEBUG - 局部搜索未能改进当前解
2025-04-08 16:04:48,468 - DEBUG - 执行AGV分配局部搜索，当前完工时间: 1738.00
2025-04-08 16:04:48,472 - DEBUG - 局部搜索未能改进当前解
2025-04-08 16:04:48,475 - DEBUG - 执行AGV分配局部搜索，当前完工时间: 1766.00
2025-04-08 16:04:48,478 - DEBUG - 局部搜索未能改进当前解
2025-04-08 16:04:48,482 - DEBUG - 执行AGV分配局部搜索，当前完工时间: 1755.00
2025-04-08 16:04:48,487 - DEBUG - 局部搜索未能改进当前解
2025-04-08 16:04:48,490 - DEBUG - 执行AGV分配局部搜索，当前完工时间: 1774.00
2025-04-08 16:04:48,494 - DEBUG - 局部搜索未能改进当前解
2025-04-08 16:04:48,497 - DEBUG - 执行AGV分配局部搜索，当前完工时间: 1829.00
2025-04-08 16:04:48,501 - DEBUG - 局部搜索未能改进当前解
2025-04-08 16:04:48,505 - DEBUG - 执行AGV分配局部搜索，当前完工时间: 1756.00
2025-04-08 16:04:48,507 - DEBUG - 局部搜索未能改进当前解
2025-04-08 16:04:48,512 - DEBUG - 执行AGV分配局部搜索，当前完工时间: 1750.00
2025-04-08 16:04:48,516 - DEBUG - 局部搜索未能改进当前解
2025-04-08 16:04:48,519 - DEBUG - 执行AGV分配局部搜索，当前完工时间: 1733.00
2025-04-08 16:04:48,523 - DEBUG - 局部搜索未能改进当前解
2025-04-08 16:04:48,526 - DEBUG - 执行AGV分配局部搜索，当前完工时间: 1781.00
2025-04-08 16:04:48,529 - DEBUG - AGV分配局部搜索成功！完工时间从 1781.00 降低到 1766.00，改进: 15.00 (0.84%)
2025-04-08 16:04:48,534 - DEBUG - 执行AGV分配局部搜索，当前完工时间: 1785.00
2025-04-08 16:04:48,538 - DEBUG - 局部搜索未能改进当前解
2025-04-08 16:04:48,541 - DEBUG - 执行AGV分配局部搜索，当前完工时间: 1790.00
2025-04-08 16:04:48,545 - DEBUG - 局部搜索未能改进当前解
2025-04-08 16:04:48,549 - DEBUG - 执行AGV分配局部搜索，当前完工时间: 1776.00
2025-04-08 16:04:48,553 - DEBUG - 局部搜索未能改进当前解
2025-04-08 16:04:48,557 - DEBUG - 执行AGV分配局部搜索，当前完工时间: 1785.00
2025-04-08 16:04:48,560 - DEBUG - 局部搜索未能改进当前解
2025-04-08 16:04:48,564 - DEBUG - 执行AGV分配局部搜索，当前完工时间: 1834.00
2025-04-08 16:04:48,568 - DEBUG - 局部搜索未能改进当前解
2025-04-08 16:04:48,572 - DEBUG - 执行AGV分配局部搜索，当前完工时间: 1753.00
2025-04-08 16:04:48,574 - DEBUG - 局部搜索未能改进当前解
2025-04-08 16:04:48,578 - DEBUG - 执行AGV分配局部搜索，当前完工时间: 1714.00
2025-04-08 16:04:48,583 - DEBUG - 局部搜索未能改进当前解
2025-04-08 16:04:48,587 - DEBUG - 执行AGV分配局部搜索，当前完工时间: 1773.00
2025-04-08 16:04:48,590 - DEBUG - 局部搜索未能改进当前解
2025-04-08 16:04:48,594 - DEBUG - 执行AGV分配局部搜索，当前完工时间: 1797.00
2025-04-08 16:04:48,599 - DEBUG - 局部搜索未能改进当前解
2025-04-08 16:04:48,603 - DEBUG - 执行AGV分配局部搜索，当前完工时间: 1790.00
2025-04-08 16:04:48,606 - DEBUG - 局部搜索未能改进当前解
2025-04-08 16:04:48,610 - DEBUG - 执行AGV分配局部搜索，当前完工时间: 2008.00
2025-04-08 16:04:48,613 - DEBUG - AGV分配局部搜索成功！完工时间从 2008.00 降低到 1998.00，改进: 10.00 (0.50%)
2025-04-08 16:04:48,617 - DEBUG - 执行AGV分配局部搜索，当前完工时间: 1714.00
2025-04-08 16:04:48,620 - DEBUG - 局部搜索未能改进当前解
2025-04-08 16:04:48,625 - DEBUG - 执行AGV分配局部搜索，当前完工时间: 1774.00
2025-04-08 16:04:48,628 - DEBUG - 局部搜索未能改进当前解
2025-04-08 16:04:48,631 - DEBUG - 执行AGV分配局部搜索，当前完工时间: 1757.00
2025-04-08 16:04:48,634 - DEBUG - 局部搜索未能改进当前解
2025-04-08 16:04:48,639 - DEBUG - 执行AGV分配局部搜索，当前完工时间: 1756.00
2025-04-08 16:04:48,642 - DEBUG - 局部搜索未能改进当前解
2025-04-08 16:04:48,647 - DEBUG - 执行AGV分配局部搜索，当前完工时间: 1755.00
2025-04-08 16:04:48,650 - DEBUG - 局部搜索未能改进当前解
2025-04-08 16:04:48,653 - DEBUG - 执行AGV分配局部搜索，当前完工时间: 1748.00
2025-04-08 16:04:48,657 - DEBUG - 局部搜索未能改进当前解
2025-04-08 16:04:48,662 - DEBUG - 执行AGV分配局部搜索，当前完工时间: 1750.00
2025-04-08 16:04:48,666 - DEBUG - 局部搜索未能改进当前解
2025-04-08 16:04:48,670 - DEBUG - 执行AGV分配局部搜索，当前完工时间: 1784.00
2025-04-08 16:04:48,673 - DEBUG - 局部搜索未能改进当前解
2025-04-08 16:04:48,677 - DEBUG - 执行AGV分配局部搜索，当前完工时间: 1772.00
2025-04-08 16:04:48,681 - DEBUG - 局部搜索未能改进当前解
2025-04-08 16:04:48,684 - DEBUG - 执行AGV分配局部搜索，当前完工时间: 1778.00
2025-04-08 16:04:48,688 - DEBUG - 局部搜索未能改进当前解
2025-04-08 16:04:48,688 - DEBUG - ==================================================
2025-04-08 16:04:48,688 - DEBUG - Efficiency Statistics of Local Search :
2025-04-08 16:04:48,688 - DEBUG - Number of attempts: 99
2025-04-08 16:04:48,688 - DEBUG - Average Success Rate: 4.04%
2025-04-08 16:04:48,688 - DEBUG - AGV Local Search Success: 4，Average Improvement: 8.75
2025-04-08 16:04:48,693 - DEBUG - 执行AGV分配局部搜索，当前完工时间: 1763.00
2025-04-08 16:04:48,697 - DEBUG - 局部搜索未能改进当前解
2025-04-08 16:04:48,700 - DEBUG - 执行AGV分配局部搜索，当前完工时间: 1700.00
2025-04-08 16:04:48,703 - DEBUG - 局部搜索未能改进当前解
2025-04-08 16:04:48,707 - DEBUG - 执行AGV分配局部搜索，当前完工时间: 1756.00
2025-04-08 16:04:48,711 - DEBUG - 局部搜索未能改进当前解
2025-04-08 16:04:48,714 - DEBUG - 执行AGV分配局部搜索，当前完工时间: 1813.00
2025-04-08 16:04:48,718 - DEBUG - 局部搜索未能改进当前解
2025-04-08 16:04:48,722 - DEBUG - 执行AGV分配局部搜索，当前完工时间: 1756.00
2025-04-08 16:04:48,725 - DEBUG - 局部搜索未能改进当前解
2025-04-08 16:04:48,730 - DEBUG - 执行AGV分配局部搜索，当前完工时间: 1913.00
2025-04-08 16:04:48,734 - DEBUG - 局部搜索未能改进当前解
2025-04-08 16:04:48,737 - DEBUG - 执行AGV分配局部搜索，当前完工时间: 1778.00
2025-04-08 16:04:48,741 - DEBUG - 局部搜索未能改进当前解
2025-04-08 16:04:48,744 - DEBUG - 执行AGV分配局部搜索，当前完工时间: 1775.00
2025-04-08 16:04:48,747 - DEBUG - AGV分配局部搜索成功！完工时间从 1775.00 降低到 1765.00，改进: 10.00 (0.56%)
2025-04-08 16:04:48,752 - DEBUG - 执行AGV分配局部搜索，当前完工时间: 1760.00
2025-04-08 16:04:48,755 - DEBUG - 局部搜索未能改进当前解
2025-04-08 16:04:48,758 - DEBUG - 执行AGV分配局部搜索，当前完工时间: 1773.00
2025-04-08 16:04:48,763 - DEBUG - 局部搜索未能改进当前解
2025-04-08 16:04:48,766 - DEBUG - 执行AGV分配局部搜索，当前完工时间: 1761.00
2025-04-08 16:04:48,770 - DEBUG - 局部搜索未能改进当前解
2025-04-08 16:04:48,774 - DEBUG - 执行AGV分配局部搜索，当前完工时间: 1755.00
2025-04-08 16:04:48,777 - DEBUG - AGV分配局部搜索成功！完工时间从 1755.00 降低到 1742.00，改进: 13.00 (0.74%)
2025-04-08 16:04:48,781 - DEBUG - 执行AGV分配局部搜索，当前完工时间: 1797.00
2025-04-08 16:04:48,785 - DEBUG - 局部搜索未能改进当前解
2025-04-08 16:04:48,788 - DEBUG - 执行AGV分配局部搜索，当前完工时间: 1748.00
2025-04-08 16:04:48,792 - DEBUG - 局部搜索未能改进当前解
2025-04-08 16:04:48,796 - DEBUG - 执行AGV分配局部搜索，当前完工时间: 1773.00
2025-04-08 16:04:48,799 - DEBUG - 局部搜索未能改进当前解
2025-04-08 16:04:48,803 - DEBUG - 执行AGV分配局部搜索，当前完工时间: 1717.00
2025-04-08 16:04:48,807 - DEBUG - 局部搜索未能改进当前解
2025-04-08 16:04:48,810 - DEBUG - 执行AGV分配局部搜索，当前完工时间: 1839.00
2025-04-08 16:04:48,814 - DEBUG - 局部搜索未能改进当前解
2025-04-08 16:04:48,819 - DEBUG - 执行AGV分配局部搜索，当前完工时间: 1799.00
2025-04-08 16:04:48,822 - DEBUG - 局部搜索未能改进当前解
2025-04-08 16:04:48,825 - DEBUG - 执行AGV分配局部搜索，当前完工时间: 1731.00
2025-04-08 16:04:48,830 - DEBUG - 局部搜索未能改进当前解
2025-04-08 16:04:48,834 - DEBUG - 执行AGV分配局部搜索，当前完工时间: 1779.00
2025-04-08 16:04:48,838 - DEBUG - 局部搜索未能改进当前解
2025-04-08 16:04:48,841 - DEBUG - 执行AGV分配局部搜索，当前完工时间: 1898.00
2025-04-08 16:04:48,844 - DEBUG - 局部搜索未能改进当前解
2025-04-08 16:04:48,848 - DEBUG - 执行AGV分配局部搜索，当前完工时间: 1823.00
2025-04-08 16:04:48,852 - DEBUG - 局部搜索未能改进当前解
2025-04-08 16:04:48,855 - DEBUG - 执行AGV分配局部搜索，当前完工时间: 1753.00
2025-04-08 16:04:48,859 - DEBUG - 局部搜索未能改进当前解
2025-04-08 16:04:48,862 - DEBUG - 执行AGV分配局部搜索，当前完工时间: 1728.00
2025-04-08 16:04:48,867 - DEBUG - 局部搜索未能改进当前解
2025-04-08 16:04:48,870 - DEBUG - 执行AGV分配局部搜索，当前完工时间: 1751.00
2025-04-08 16:04:48,874 - DEBUG - 局部搜索未能改进当前解
2025-04-08 16:04:48,878 - DEBUG - 执行AGV分配局部搜索，当前完工时间: 1784.00
2025-04-08 16:04:48,882 - DEBUG - 局部搜索未能改进当前解
2025-04-08 16:04:48,886 - DEBUG - 执行AGV分配局部搜索，当前完工时间: 1835.00
2025-04-08 16:04:48,889 - DEBUG - 局部搜索未能改进当前解
2025-04-08 16:04:48,894 - DEBUG - 执行AGV分配局部搜索，当前完工时间: 1706.00
2025-04-08 16:04:48,897 - DEBUG - 局部搜索未能改进当前解
2025-04-08 16:04:48,900 - DEBUG - 执行AGV分配局部搜索，当前完工时间: 1777.00
2025-04-08 16:04:48,904 - DEBUG - 局部搜索未能改进当前解
2025-04-08 16:04:48,909 - DEBUG - 执行AGV分配局部搜索，当前完工时间: 1829.00
2025-04-08 16:04:48,912 - DEBUG - 局部搜索未能改进当前解
2025-04-08 16:04:48,916 - DEBUG - 执行AGV分配局部搜索，当前完工时间: 1740.00
2025-04-08 16:04:48,920 - DEBUG - 局部搜索未能改进当前解
2025-04-08 16:04:48,924 - DEBUG - 执行AGV分配局部搜索，当前完工时间: 1854.00
2025-04-08 16:04:48,928 - DEBUG - 局部搜索未能改进当前解
2025-04-08 16:04:48,931 - DEBUG - 执行AGV分配局部搜索，当前完工时间: 1741.00
2025-04-08 16:04:48,935 - DEBUG - 局部搜索未能改进当前解
2025-04-08 16:04:48,939 - DEBUG - 执行AGV分配局部搜索，当前完工时间: 1799.00
2025-04-08 16:04:48,942 - DEBUG - 局部搜索未能改进当前解
2025-04-08 16:04:48,945 - DEBUG - 执行AGV分配局部搜索，当前完工时间: 1779.00
2025-04-08 16:04:48,950 - DEBUG - 局部搜索未能改进当前解
2025-04-08 16:04:48,953 - DEBUG - 执行AGV分配局部搜索，当前完工时间: 1760.00
2025-04-08 16:04:48,957 - DEBUG - 局部搜索未能改进当前解
2025-04-08 16:04:48,960 - DEBUG - 执行AGV分配局部搜索，当前完工时间: 1854.00
2025-04-08 16:04:48,964 - DEBUG - 局部搜索未能改进当前解
2025-04-08 16:04:48,968 - DEBUG - 执行AGV分配局部搜索，当前完工时间: 1735.00
2025-04-08 16:04:48,971 - DEBUG - 局部搜索未能改进当前解
2025-04-08 16:04:48,975 - DEBUG - 执行AGV分配局部搜索，当前完工时间: 1714.00
2025-04-08 16:04:48,979 - DEBUG - 局部搜索未能改进当前解
2025-04-08 16:04:48,982 - DEBUG - 执行AGV分配局部搜索，当前完工时间: 1767.00
2025-04-08 16:04:48,986 - DEBUG - 局部搜索未能改进当前解
2025-04-08 16:04:48,990 - DEBUG - 执行AGV分配局部搜索，当前完工时间: 1755.00
2025-04-08 16:04:48,993 - DEBUG - 局部搜索未能改进当前解
2025-04-08 16:04:48,997 - DEBUG - 执行AGV分配局部搜索，当前完工时间: 1728.00
2025-04-08 16:04:49,002 - DEBUG - AGV分配局部搜索成功！完工时间从 1728.00 降低到 1725.00，改进: 3.00 (0.17%)
2025-04-08 16:04:49,006 - DEBUG - 执行AGV分配局部搜索，当前完工时间: 1808.00
2025-04-08 16:04:49,009 - DEBUG - 局部搜索未能改进当前解
2025-04-08 16:04:49,013 - DEBUG - 执行AGV分配局部搜索，当前完工时间: 1762.00
2025-04-08 16:04:49,016 - DEBUG - 局部搜索未能改进当前解
2025-04-08 16:04:49,021 - DEBUG - 执行AGV分配局部搜索，当前完工时间: 1772.00
2025-04-08 16:04:49,024 - DEBUG - 局部搜索未能改进当前解
2025-04-08 16:04:49,028 - DEBUG - 执行AGV分配局部搜索，当前完工时间: 1755.00
2025-04-08 16:04:49,031 - DEBUG - 局部搜索未能改进当前解
2025-04-08 16:04:49,036 - DEBUG - 执行AGV分配局部搜索，当前完工时间: 1760.00
2025-04-08 16:04:49,038 - DEBUG - 局部搜索未能改进当前解
2025-04-08 16:04:49,043 - DEBUG - 执行AGV分配局部搜索，当前完工时间: 1735.00
2025-04-08 16:04:49,047 - DEBUG - 局部搜索未能改进当前解
2025-04-08 16:04:49,051 - DEBUG - 执行AGV分配局部搜索，当前完工时间: 1784.00
2025-04-08 16:04:49,055 - DEBUG - 局部搜索未能改进当前解
2025-04-08 16:04:49,058 - DEBUG - 执行AGV分配局部搜索，当前完工时间: 1695.00
2025-04-08 16:04:49,061 - DEBUG - 局部搜索未能改进当前解
2025-04-08 16:04:49,066 - DEBUG - 执行AGV分配局部搜索，当前完工时间: 1711.00
2025-04-08 16:04:49,070 - DEBUG - 局部搜索未能改进当前解
2025-04-08 16:04:49,074 - DEBUG - 执行AGV分配局部搜索，当前完工时间: 1747.00
2025-04-08 16:04:49,078 - DEBUG - 局部搜索未能改进当前解
2025-04-08 16:04:49,084 - DEBUG - 执行AGV分配局部搜索，当前完工时间: 1745.00
2025-04-08 16:04:49,088 - DEBUG - 局部搜索未能改进当前解
2025-04-08 16:04:49,092 - DEBUG - 执行AGV分配局部搜索，当前完工时间: 1802.00
2025-04-08 16:04:49,095 - DEBUG - 局部搜索未能改进当前解
2025-04-08 16:04:49,099 - DEBUG - 执行AGV分配局部搜索，当前完工时间: 1760.00
2025-04-08 16:04:49,103 - DEBUG - 局部搜索未能改进当前解
2025-04-08 16:04:49,107 - DEBUG - 执行AGV分配局部搜索，当前完工时间: 1776.00
2025-04-08 16:04:49,110 - DEBUG - 局部搜索未能改进当前解
2025-04-08 16:04:49,115 - DEBUG - 执行AGV分配局部搜索，当前完工时间: 1772.00
2025-04-08 16:04:49,119 - DEBUG - 局部搜索未能改进当前解
2025-04-08 16:04:49,123 - DEBUG - 执行AGV分配局部搜索，当前完工时间: 1744.00
2025-04-08 16:04:49,127 - DEBUG - 局部搜索未能改进当前解
2025-04-08 16:04:49,130 - DEBUG - 执行AGV分配局部搜索，当前完工时间: 1714.00
2025-04-08 16:04:49,133 - DEBUG - 局部搜索未能改进当前解
2025-04-08 16:04:49,138 - DEBUG - 执行AGV分配局部搜索，当前完工时间: 1816.00
2025-04-08 16:04:49,141 - DEBUG - 局部搜索未能改进当前解
2025-04-08 16:04:49,145 - DEBUG - 执行AGV分配局部搜索，当前完工时间: 1788.00
2025-04-08 16:04:49,149 - DEBUG - 局部搜索未能改进当前解
2025-04-08 16:04:49,152 - DEBUG - 执行AGV分配局部搜索，当前完工时间: 1763.00
2025-04-08 16:04:49,156 - DEBUG - 局部搜索未能改进当前解
2025-04-08 16:04:49,160 - DEBUG - 执行AGV分配局部搜索，当前完工时间: 1826.00
2025-04-08 16:04:49,164 - DEBUG - 局部搜索未能改进当前解
2025-04-08 16:04:49,168 - DEBUG - 执行AGV分配局部搜索，当前完工时间: 1736.00
2025-04-08 16:04:49,171 - DEBUG - 局部搜索未能改进当前解
2025-04-08 16:04:49,174 - DEBUG - 执行AGV分配局部搜索，当前完工时间: 1836.00
2025-04-08 16:04:49,178 - DEBUG - 局部搜索未能改进当前解
2025-04-08 16:04:49,182 - DEBUG - 执行AGV分配局部搜索，当前完工时间: 1909.00
2025-04-08 16:04:49,186 - DEBUG - 局部搜索未能改进当前解
2025-04-08 16:04:49,189 - DEBUG - 执行AGV分配局部搜索，当前完工时间: 1758.00
2025-04-08 16:04:49,193 - DEBUG - 局部搜索未能改进当前解
2025-04-08 16:04:49,196 - DEBUG - 执行AGV分配局部搜索，当前完工时间: 1851.00
2025-04-08 16:04:49,200 - DEBUG - 局部搜索未能改进当前解
2025-04-08 16:04:49,204 - DEBUG - 执行AGV分配局部搜索，当前完工时间: 1922.00
2025-04-08 16:04:49,207 - DEBUG - 局部搜索未能改进当前解
2025-04-08 16:04:49,211 - DEBUG - 执行AGV分配局部搜索，当前完工时间: 1756.00
2025-04-08 16:04:49,214 - DEBUG - 局部搜索未能改进当前解
2025-04-08 16:04:49,218 - DEBUG - 执行AGV分配局部搜索，当前完工时间: 1758.00
2025-04-08 16:04:49,222 - DEBUG - 局部搜索未能改进当前解
2025-04-08 16:04:49,225 - DEBUG - 执行AGV分配局部搜索，当前完工时间: 1730.00
2025-04-08 16:04:49,229 - DEBUG - 局部搜索未能改进当前解
2025-04-08 16:04:49,232 - DEBUG - 执行AGV分配局部搜索，当前完工时间: 1761.00
2025-04-08 16:04:49,236 - DEBUG - 局部搜索未能改进当前解
2025-04-08 16:04:49,240 - DEBUG - 执行AGV分配局部搜索，当前完工时间: 1773.00
2025-04-08 16:04:49,243 - DEBUG - 局部搜索未能改进当前解
2025-04-08 16:04:49,248 - DEBUG - 执行AGV分配局部搜索，当前完工时间: 1836.00
2025-04-08 16:04:49,252 - DEBUG - 局部搜索未能改进当前解
2025-04-08 16:04:49,256 - DEBUG - 执行AGV分配局部搜索，当前完工时间: 1861.00
2025-04-08 16:04:49,259 - DEBUG - 局部搜索未能改进当前解
2025-04-08 16:04:49,262 - DEBUG - 执行AGV分配局部搜索，当前完工时间: 1763.00
2025-04-08 16:04:49,267 - DEBUG - 局部搜索未能改进当前解
2025-04-08 16:04:49,271 - DEBUG - 执行AGV分配局部搜索，当前完工时间: 1754.00
2025-04-08 16:04:49,274 - DEBUG - 局部搜索未能改进当前解
2025-04-08 16:04:49,277 - DEBUG - 执行AGV分配局部搜索，当前完工时间: 1778.00
2025-04-08 16:04:49,281 - DEBUG - 局部搜索未能改进当前解
2025-04-08 16:04:49,285 - DEBUG - 执行AGV分配局部搜索，当前完工时间: 1776.00
2025-04-08 16:04:49,289 - DEBUG - 局部搜索未能改进当前解
2025-04-08 16:04:49,292 - DEBUG - 执行AGV分配局部搜索，当前完工时间: 1791.00
2025-04-08 16:04:49,295 - DEBUG - AGV分配局部搜索成功！完工时间从 1791.00 降低到 1789.00，改进: 2.00 (0.11%)
2025-04-08 16:04:49,299 - DEBUG - 执行AGV分配局部搜索，当前完工时间: 1767.00
2025-04-08 16:04:49,303 - DEBUG - 局部搜索未能改进当前解
2025-04-08 16:04:49,306 - DEBUG - 执行AGV分配局部搜索，当前完工时间: 1817.00
2025-04-08 16:04:49,310 - DEBUG - 局部搜索未能改进当前解
2025-04-08 16:04:49,314 - DEBUG - 执行AGV分配局部搜索，当前完工时间: 1852.00
2025-04-08 16:04:49,317 - DEBUG - 局部搜索未能改进当前解
2025-04-08 16:04:49,321 - DEBUG - 执行AGV分配局部搜索，当前完工时间: 1710.00
2025-04-08 16:04:49,324 - DEBUG - 局部搜索未能改进当前解
2025-04-08 16:04:49,328 - DEBUG - 执行AGV分配局部搜索，当前完工时间: 1760.00
2025-04-08 16:04:49,332 - DEBUG - 局部搜索未能改进当前解
2025-04-08 16:04:49,336 - DEBUG - 执行AGV分配局部搜索，当前完工时间: 1725.00
2025-04-08 16:04:49,339 - DEBUG - 局部搜索未能改进当前解
2025-04-08 16:04:49,343 - DEBUG - 执行AGV分配局部搜索，当前完工时间: 1735.00
2025-04-08 16:04:49,347 - DEBUG - 局部搜索未能改进当前解
2025-04-08 16:04:49,351 - DEBUG - 执行AGV分配局部搜索，当前完工时间: 1776.00
2025-04-08 16:04:49,354 - DEBUG - 局部搜索未能改进当前解
2025-04-08 16:04:49,360 - DEBUG - 执行AGV分配局部搜索，当前完工时间: 1724.00
2025-04-08 16:04:49,362 - DEBUG - 局部搜索未能改进当前解
2025-04-08 16:04:49,367 - DEBUG - 执行AGV分配局部搜索，当前完工时间: 1742.00
2025-04-08 16:04:49,371 - DEBUG - 局部搜索未能改进当前解
2025-04-08 16:04:49,375 - DEBUG - 执行AGV分配局部搜索，当前完工时间: 1812.00
2025-04-08 16:04:49,378 - DEBUG - 局部搜索未能改进当前解
2025-04-08 16:04:49,382 - DEBUG - 执行AGV分配局部搜索，当前完工时间: 1773.00
2025-04-08 16:04:49,385 - DEBUG - 局部搜索未能改进当前解
2025-04-08 16:04:49,388 - DEBUG - 执行AGV分配局部搜索，当前完工时间: 1834.00
2025-04-08 16:04:49,393 - DEBUG - 局部搜索未能改进当前解
2025-04-08 16:04:49,397 - DEBUG - 执行AGV分配局部搜索，当前完工时间: 1747.00
2025-04-08 16:04:49,400 - DEBUG - 局部搜索未能改进当前解
2025-04-08 16:04:49,405 - DEBUG - 执行AGV分配局部搜索，当前完工时间: 1766.00
2025-04-08 16:04:49,408 - DEBUG - 局部搜索未能改进当前解
2025-04-08 16:04:49,410 - DEBUG - 执行AGV分配局部搜索，当前完工时间: 1735.00
2025-04-08 16:04:49,414 - DEBUG - 局部搜索未能改进当前解
2025-04-08 16:04:49,419 - DEBUG - 执行AGV分配局部搜索，当前完工时间: 1768.00
2025-04-08 16:04:49,423 - DEBUG - 局部搜索未能改进当前解
2025-04-08 16:04:49,426 - DEBUG - 执行AGV分配局部搜索，当前完工时间: 1754.00
2025-04-08 16:04:49,430 - DEBUG - 局部搜索未能改进当前解
2025-04-08 16:04:49,430 - DEBUG - ==================================================
2025-04-08 16:04:49,430 - DEBUG - Efficiency Statistics of Local Search :
2025-04-08 16:04:49,430 - DEBUG - Number of attempts: 99
2025-04-08 16:04:49,430 - DEBUG - Average Success Rate: 4.04%
2025-04-08 16:04:49,430 - DEBUG - AGV Local Search Success: 4，Average Improvement: 7.00
2025-04-08 16:04:49,434 - DEBUG - 执行AGV分配局部搜索，当前完工时间: 1911.00
2025-04-08 16:04:49,438 - DEBUG - 局部搜索未能改进当前解
2025-04-08 16:04:49,441 - DEBUG - 执行AGV分配局部搜索，当前完工时间: 1776.00
2025-04-08 16:04:49,445 - DEBUG - 局部搜索未能改进当前解
2025-04-08 16:04:49,447 - DEBUG - 执行AGV分配局部搜索，当前完工时间: 1773.00
2025-04-08 16:04:49,452 - DEBUG - 局部搜索未能改进当前解
2025-04-08 16:04:49,456 - DEBUG - 执行AGV分配局部搜索，当前完工时间: 1730.00
2025-04-08 16:04:49,459 - DEBUG - 局部搜索未能改进当前解
2025-04-08 16:04:49,462 - DEBUG - 执行AGV分配局部搜索，当前完工时间: 1796.00
2025-04-08 16:04:49,466 - DEBUG - AGV分配局部搜索成功！完工时间从 1796.00 降低到 1782.00，改进: 14.00 (0.78%)
2025-04-08 16:04:49,470 - DEBUG - 执行AGV分配局部搜索，当前完工时间: 1767.00
2025-04-08 16:04:49,473 - DEBUG - 局部搜索未能改进当前解
2025-04-08 16:04:49,476 - DEBUG - 执行AGV分配局部搜索，当前完工时间: 1735.00
2025-04-08 16:04:49,481 - DEBUG - 局部搜索未能改进当前解
2025-04-08 16:04:49,485 - DEBUG - 执行AGV分配局部搜索，当前完工时间: 1814.00
2025-04-08 16:04:49,488 - DEBUG - 局部搜索未能改进当前解
2025-04-08 16:04:49,492 - DEBUG - 执行AGV分配局部搜索，当前完工时间: 1783.00
2025-04-08 16:04:49,495 - DEBUG - AGV分配局部搜索成功！完工时间从 1783.00 降低到 1765.00，改进: 18.00 (1.01%)
2025-04-08 16:04:49,499 - DEBUG - 执行AGV分配局部搜索，当前完工时间: 1792.00
2025-04-08 16:04:49,502 - DEBUG - 局部搜索未能改进当前解
2025-04-08 16:04:49,506 - DEBUG - 执行AGV分配局部搜索，当前完工时间: 1747.00
2025-04-08 16:04:49,509 - DEBUG - 局部搜索未能改进当前解
2025-04-08 16:04:49,513 - DEBUG - 执行AGV分配局部搜索，当前完工时间: 1731.00
2025-04-08 16:04:49,517 - DEBUG - 局部搜索未能改进当前解
2025-04-08 16:04:49,520 - DEBUG - 执行AGV分配局部搜索，当前完工时间: 1760.00
2025-04-08 16:04:49,525 - DEBUG - 局部搜索未能改进当前解
2025-04-08 16:04:49,529 - DEBUG - 执行AGV分配局部搜索，当前完工时间: 1698.00
2025-04-08 16:04:49,532 - DEBUG - 局部搜索未能改进当前解
2025-04-08 16:04:49,536 - DEBUG - 执行AGV分配局部搜索，当前完工时间: 1731.00
2025-04-08 16:04:49,538 - DEBUG - 局部搜索未能改进当前解
2025-04-08 16:04:49,543 - DEBUG - 执行AGV分配局部搜索，当前完工时间: 1732.00
2025-04-08 16:04:49,547 - DEBUG - 局部搜索未能改进当前解
2025-04-08 16:04:49,551 - DEBUG - 执行AGV分配局部搜索，当前完工时间: 1756.00
2025-04-08 16:04:49,554 - DEBUG - 局部搜索未能改进当前解
2025-04-08 16:04:49,558 - DEBUG - 执行AGV分配局部搜索，当前完工时间: 1824.00
2025-04-08 16:04:49,562 - DEBUG - 局部搜索未能改进当前解
2025-04-08 16:04:49,565 - DEBUG - 执行AGV分配局部搜索，当前完工时间: 1778.00
2025-04-08 16:04:49,569 - DEBUG - AGV分配局部搜索成功！完工时间从 1778.00 降低到 1752.00，改进: 26.00 (1.46%)
2025-04-08 16:04:49,572 - DEBUG - 执行AGV分配局部搜索，当前完工时间: 1760.00
2025-04-08 16:04:49,577 - DEBUG - 局部搜索未能改进当前解
2025-04-08 16:04:49,580 - DEBUG - 执行AGV分配局部搜索，当前完工时间: 1758.00
2025-04-08 16:04:49,584 - DEBUG - 局部搜索未能改进当前解
2025-04-08 16:04:49,587 - DEBUG - 执行AGV分配局部搜索，当前完工时间: 1755.00
2025-04-08 16:04:49,591 - DEBUG - 局部搜索未能改进当前解
2025-04-08 16:04:49,595 - DEBUG - 执行AGV分配局部搜索，当前完工时间: 1799.00
2025-04-08 16:04:49,598 - DEBUG - 局部搜索未能改进当前解
2025-04-08 16:04:49,603 - DEBUG - 执行AGV分配局部搜索，当前完工时间: 1766.00
2025-04-08 16:04:49,607 - DEBUG - 局部搜索未能改进当前解
2025-04-08 16:04:49,610 - DEBUG - 执行AGV分配局部搜索，当前完工时间: 1765.00
2025-04-08 16:04:49,614 - DEBUG - 局部搜索未能改进当前解
2025-04-08 16:04:49,618 - DEBUG - 执行AGV分配局部搜索，当前完工时间: 1848.00
2025-04-08 16:04:49,621 - DEBUG - 局部搜索未能改进当前解
2025-04-08 16:04:49,626 - DEBUG - 执行AGV分配局部搜索，当前完工时间: 1775.00
2025-04-08 16:04:49,630 - DEBUG - 局部搜索未能改进当前解
2025-04-08 16:04:49,633 - DEBUG - 执行AGV分配局部搜索，当前完工时间: 1744.00
2025-04-08 16:04:49,637 - DEBUG - 局部搜索未能改进当前解
2025-04-08 16:04:49,641 - DEBUG - 执行AGV分配局部搜索，当前完工时间: 1714.00
2025-04-08 16:04:49,645 - DEBUG - 局部搜索未能改进当前解
2025-04-08 16:04:49,647 - DEBUG - 执行AGV分配局部搜索，当前完工时间: 1720.00
2025-04-08 16:04:49,652 - DEBUG - 局部搜索未能改进当前解
2025-04-08 16:04:49,656 - DEBUG - 执行AGV分配局部搜索，当前完工时间: 1778.00
2025-04-08 16:04:49,659 - DEBUG - 局部搜索未能改进当前解
2025-04-08 16:04:49,662 - DEBUG - 执行AGV分配局部搜索，当前完工时间: 1782.00
2025-04-08 16:04:49,667 - DEBUG - 局部搜索未能改进当前解
2025-04-08 16:04:49,670 - DEBUG - 执行AGV分配局部搜索，当前完工时间: 1708.00
2025-04-08 16:04:49,674 - DEBUG - 局部搜索未能改进当前解
2025-04-08 16:04:49,678 - DEBUG - 执行AGV分配局部搜索，当前完工时间: 1781.00
2025-04-08 16:04:49,682 - DEBUG - 局部搜索未能改进当前解
2025-04-08 16:04:49,686 - DEBUG - 执行AGV分配局部搜索，当前完工时间: 1807.00
2025-04-08 16:04:49,688 - DEBUG - 局部搜索未能改进当前解
2025-04-08 16:04:49,692 - DEBUG - 执行AGV分配局部搜索，当前完工时间: 1711.00
2025-04-08 16:04:49,695 - DEBUG - 局部搜索未能改进当前解
2025-04-08 16:04:49,700 - DEBUG - 执行AGV分配局部搜索，当前完工时间: 1744.00
2025-04-08 16:04:49,703 - DEBUG - 局部搜索未能改进当前解
2025-04-08 16:04:49,706 - DEBUG - 执行AGV分配局部搜索，当前完工时间: 1838.00
2025-04-08 16:04:49,711 - DEBUG - 局部搜索未能改进当前解
2025-04-08 16:04:49,714 - DEBUG - 执行AGV分配局部搜索，当前完工时间: 1758.00
2025-04-08 16:04:49,718 - DEBUG - 局部搜索未能改进当前解
2025-04-08 16:04:49,722 - DEBUG - 执行AGV分配局部搜索，当前完工时间: 1757.00
2025-04-08 16:04:49,725 - DEBUG - 局部搜索未能改进当前解
2025-04-08 16:04:49,729 - DEBUG - 执行AGV分配局部搜索，当前完工时间: 1765.00
2025-04-08 16:04:49,733 - DEBUG - AGV分配局部搜索成功！完工时间从 1765.00 降低到 1762.00，改进: 3.00 (0.17%)
2025-04-08 16:04:49,737 - DEBUG - 执行AGV分配局部搜索，当前完工时间: 1760.00
2025-04-08 16:04:49,741 - DEBUG - 局部搜索未能改进当前解
2025-04-08 16:04:49,744 - DEBUG - 执行AGV分配局部搜索，当前完工时间: 1789.00
2025-04-08 16:04:49,749 - DEBUG - AGV分配局部搜索成功！完工时间从 1789.00 降低到 1747.00，改进: 42.00 (2.35%)
2025-04-08 16:04:49,752 - DEBUG - 执行AGV分配局部搜索，当前完工时间: 1735.00
2025-04-08 16:04:49,756 - DEBUG - 局部搜索未能改进当前解
2025-04-08 16:04:49,760 - DEBUG - 执行AGV分配局部搜索，当前完工时间: 1805.00
2025-04-08 16:04:49,762 - DEBUG - 局部搜索未能改进当前解
2025-04-08 16:04:49,767 - DEBUG - 执行AGV分配局部搜索，当前完工时间: 1736.00
2025-04-08 16:04:49,770 - DEBUG - 局部搜索未能改进当前解
2025-04-08 16:04:49,774 - DEBUG - 执行AGV分配局部搜索，当前完工时间: 1779.00
2025-04-08 16:04:49,778 - DEBUG - 局部搜索未能改进当前解
2025-04-08 16:04:49,782 - DEBUG - 执行AGV分配局部搜索，当前完工时间: 1760.00
2025-04-08 16:04:49,785 - DEBUG - 局部搜索未能改进当前解
2025-04-08 16:04:49,788 - DEBUG - 执行AGV分配局部搜索，当前完工时间: 1732.00
2025-04-08 16:04:49,792 - DEBUG - 局部搜索未能改进当前解
2025-04-08 16:04:49,796 - DEBUG - 执行AGV分配局部搜索，当前完工时间: 1734.00
2025-04-08 16:04:49,800 - DEBUG - AGV分配局部搜索成功！完工时间从 1734.00 降低到 1724.00，改进: 10.00 (0.58%)
2025-04-08 16:04:49,803 - DEBUG - 执行AGV分配局部搜索，当前完工时间: 1776.00
2025-04-08 16:04:49,807 - DEBUG - 局部搜索未能改进当前解
2025-04-08 16:04:49,811 - DEBUG - 执行AGV分配局部搜索，当前完工时间: 1803.00
2025-04-08 16:04:49,814 - DEBUG - 局部搜索未能改进当前解
2025-04-08 16:04:49,817 - DEBUG - 执行AGV分配局部搜索，当前完工时间: 1730.00
2025-04-08 16:04:49,820 - DEBUG - 局部搜索未能改进当前解
2025-04-08 16:04:49,825 - DEBUG - 执行AGV分配局部搜索，当前完工时间: 1818.00
2025-04-08 16:04:49,829 - DEBUG - 局部搜索未能改进当前解
2025-04-08 16:04:49,832 - DEBUG - 执行AGV分配局部搜索，当前完工时间: 1742.00
2025-04-08 16:04:49,836 - DEBUG - 局部搜索未能改进当前解
2025-04-08 16:04:49,840 - DEBUG - 执行AGV分配局部搜索，当前完工时间: 1820.00
2025-04-08 16:04:49,844 - DEBUG - 局部搜索未能改进当前解
2025-04-08 16:04:49,849 - DEBUG - 执行AGV分配局部搜索，当前完工时间: 1777.00
2025-04-08 16:04:49,852 - DEBUG - AGV分配局部搜索成功！完工时间从 1777.00 降低到 1762.00，改进: 15.00 (0.84%)
2025-04-08 16:04:49,855 - DEBUG - 执行AGV分配局部搜索，当前完工时间: 1725.00
2025-04-08 16:04:49,859 - DEBUG - 局部搜索未能改进当前解
2025-04-08 16:04:49,863 - DEBUG - 执行AGV分配局部搜索，当前完工时间: 1792.00
2025-04-08 16:04:49,867 - DEBUG - 局部搜索未能改进当前解
2025-04-08 16:04:49,870 - DEBUG - 执行AGV分配局部搜索，当前完工时间: 1762.00
2025-04-08 16:04:49,874 - DEBUG - 局部搜索未能改进当前解
2025-04-08 16:04:49,878 - DEBUG - 执行AGV分配局部搜索，当前完工时间: 1735.00
2025-04-08 16:04:49,881 - DEBUG - 局部搜索未能改进当前解
2025-04-08 16:04:49,885 - DEBUG - 执行AGV分配局部搜索，当前完工时间: 1747.00
2025-04-08 16:04:49,889 - DEBUG - 局部搜索未能改进当前解
2025-04-08 16:04:49,893 - DEBUG - 执行AGV分配局部搜索，当前完工时间: 1762.00
2025-04-08 16:04:49,897 - DEBUG - 局部搜索未能改进当前解
2025-04-08 16:04:49,901 - DEBUG - 执行AGV分配局部搜索，当前完工时间: 1800.00
2025-04-08 16:04:49,904 - DEBUG - AGV分配局部搜索成功！完工时间从 1800.00 降低到 1794.00，改进: 6.00 (0.33%)
2025-04-08 16:04:49,908 - DEBUG - 执行AGV分配局部搜索，当前完工时间: 1789.00
2025-04-08 16:04:49,912 - DEBUG - 局部搜索未能改进当前解
2025-04-08 16:04:49,914 - DEBUG - 执行AGV分配局部搜索，当前完工时间: 1714.00
2025-04-08 16:04:49,918 - DEBUG - 局部搜索未能改进当前解
2025-04-08 16:04:49,921 - DEBUG - 执行AGV分配局部搜索，当前完工时间: 1775.00
2025-04-08 16:04:49,925 - DEBUG - 局部搜索未能改进当前解
2025-04-08 16:04:49,929 - DEBUG - 执行AGV分配局部搜索，当前完工时间: 1717.00
2025-04-08 16:04:49,933 - DEBUG - AGV分配局部搜索成功！完工时间从 1717.00 降低到 1715.00，改进: 2.00 (0.12%)
2025-04-08 16:04:49,936 - DEBUG - 执行AGV分配局部搜索，当前完工时间: 1740.00
2025-04-08 16:04:49,940 - DEBUG - 局部搜索未能改进当前解
2025-04-08 16:04:49,943 - DEBUG - 执行AGV分配局部搜索，当前完工时间: 1866.00
2025-04-08 16:04:49,947 - DEBUG - 局部搜索未能改进当前解
2025-04-08 16:04:49,951 - DEBUG - 执行AGV分配局部搜索，当前完工时间: 1851.00
2025-04-08 16:04:49,955 - DEBUG - 局部搜索未能改进当前解
2025-04-08 16:04:49,958 - DEBUG - 执行AGV分配局部搜索，当前完工时间: 1746.00
2025-04-08 16:04:49,962 - DEBUG - 局部搜索未能改进当前解
2025-04-08 16:04:49,965 - DEBUG - 执行AGV分配局部搜索，当前完工时间: 1758.00
2025-04-08 16:04:49,970 - DEBUG - 局部搜索未能改进当前解
2025-04-08 16:04:49,974 - DEBUG - 执行AGV分配局部搜索，当前完工时间: 1731.00
2025-04-08 16:04:49,977 - DEBUG - AGV分配局部搜索成功！完工时间从 1731.00 降低到 1718.00，改进: 13.00 (0.75%)
2025-04-08 16:04:49,981 - DEBUG - 执行AGV分配局部搜索，当前完工时间: 1816.00
2025-04-08 16:04:49,985 - DEBUG - AGV分配局部搜索成功！完工时间从 1816.00 降低到 1715.00，改进: 101.00 (5.56%)
2025-04-08 16:04:49,989 - DEBUG - 执行AGV分配局部搜索，当前完工时间: 1740.00
2025-04-08 16:04:49,992 - DEBUG - 局部搜索未能改进当前解
2025-04-08 16:04:49,995 - DEBUG - 执行AGV分配局部搜索，当前完工时间: 1755.00
2025-04-08 16:04:50,000 - DEBUG - 局部搜索未能改进当前解
2025-04-08 16:04:50,003 - DEBUG - 执行AGV分配局部搜索，当前完工时间: 1768.00
2025-04-08 16:04:50,007 - DEBUG - 局部搜索未能改进当前解
2025-04-08 16:04:50,010 - DEBUG - 执行AGV分配局部搜索，当前完工时间: 1775.00
2025-04-08 16:04:50,014 - DEBUG - 局部搜索未能改进当前解
2025-04-08 16:04:50,018 - DEBUG - 执行AGV分配局部搜索，当前完工时间: 1821.00
2025-04-08 16:04:50,022 - DEBUG - 局部搜索未能改进当前解
2025-04-08 16:04:50,026 - DEBUG - 执行AGV分配局部搜索，当前完工时间: 1716.00
2025-04-08 16:04:50,030 - DEBUG - 局部搜索未能改进当前解
2025-04-08 16:04:50,034 - DEBUG - 执行AGV分配局部搜索，当前完工时间: 1832.00
2025-04-08 16:04:50,037 - DEBUG - 局部搜索未能改进当前解
2025-04-08 16:04:50,042 - DEBUG - 执行AGV分配局部搜索，当前完工时间: 1850.00
2025-04-08 16:04:50,046 - DEBUG - 局部搜索未能改进当前解
2025-04-08 16:04:50,049 - DEBUG - 执行AGV分配局部搜索，当前完工时间: 1745.00
2025-04-08 16:04:50,052 - DEBUG - AGV分配局部搜索成功！完工时间从 1745.00 降低到 1720.00，改进: 25.00 (1.43%)
2025-04-08 16:04:50,056 - DEBUG - 执行AGV分配局部搜索，当前完工时间: 1766.00
2025-04-08 16:04:50,060 - DEBUG - AGV分配局部搜索成功！完工时间从 1766.00 降低到 1764.00，改进: 2.00 (0.11%)
2025-04-08 16:04:50,064 - DEBUG - 执行AGV分配局部搜索，当前完工时间: 1804.00
2025-04-08 16:04:50,068 - DEBUG - AGV分配局部搜索成功！完工时间从 1804.00 降低到 1803.00，改进: 1.00 (0.06%)
2025-04-08 16:04:50,071 - DEBUG - 执行AGV分配局部搜索，当前完工时间: 1745.00
2025-04-08 16:04:50,075 - DEBUG - 局部搜索未能改进当前解
2025-04-08 16:04:50,080 - DEBUG - 执行AGV分配局部搜索，当前完工时间: 1724.00
2025-04-08 16:04:50,084 - DEBUG - 局部搜索未能改进当前解
2025-04-08 16:04:50,087 - DEBUG - 执行AGV分配局部搜索，当前完工时间: 1772.00
2025-04-08 16:04:50,092 - DEBUG - 局部搜索未能改进当前解
2025-04-08 16:04:50,095 - DEBUG - 执行AGV分配局部搜索，当前完工时间: 1752.00
2025-04-08 16:04:50,099 - DEBUG - AGV分配局部搜索成功！完工时间从 1752.00 降低到 1748.00，改进: 4.00 (0.23%)
2025-04-08 16:04:50,103 - DEBUG - 执行AGV分配局部搜索，当前完工时间: 1763.00
2025-04-08 16:04:50,107 - DEBUG - AGV分配局部搜索成功！完工时间从 1763.00 降低到 1736.00，改进: 27.00 (1.53%)
2025-04-08 16:04:50,112 - DEBUG - 执行AGV分配局部搜索，当前完工时间: 1766.00
2025-04-08 16:04:50,114 - DEBUG - 局部搜索未能改进当前解
2025-04-08 16:04:50,118 - DEBUG - 执行AGV分配局部搜索，当前完工时间: 1728.00
2025-04-08 16:04:50,122 - DEBUG - 局部搜索未能改进当前解
2025-04-08 16:04:50,125 - DEBUG - 执行AGV分配局部搜索，当前完工时间: 1799.00
2025-04-08 16:04:50,129 - DEBUG - 局部搜索未能改进当前解
2025-04-08 16:04:50,133 - DEBUG - 执行AGV分配局部搜索，当前完工时间: 1739.00
2025-04-08 16:04:50,136 - DEBUG - 局部搜索未能改进当前解
2025-04-08 16:04:50,140 - DEBUG - 执行AGV分配局部搜索，当前完工时间: 1784.00
2025-04-08 16:04:50,144 - DEBUG - 局部搜索未能改进当前解
2025-04-08 16:04:50,147 - DEBUG - 执行AGV分配局部搜索，当前完工时间: 1879.00
2025-04-08 16:04:50,151 - DEBUG - 局部搜索未能改进当前解
2025-04-08 16:04:50,156 - DEBUG - 执行AGV分配局部搜索，当前完工时间: 1709.00
2025-04-08 16:04:50,159 - DEBUG - 局部搜索未能改进当前解
2025-04-08 16:04:50,162 - DEBUG - 执行AGV分配局部搜索，当前完工时间: 1800.00
2025-04-08 16:04:50,166 - DEBUG - 局部搜索未能改进当前解
2025-04-08 16:04:50,166 - DEBUG - ==================================================
2025-04-08 16:04:50,166 - DEBUG - Efficiency Statistics of Local Search :
2025-04-08 16:04:50,166 - DEBUG - Number of attempts: 99
2025-04-08 16:04:50,166 - DEBUG - Average Success Rate: 16.16%
2025-04-08 16:04:50,166 - DEBUG - AGV Local Search Success: 16，Average Improvement: 19.31
2025-04-08 16:04:50,171 - DEBUG - 执行AGV分配局部搜索，当前完工时间: 1781.00
2025-04-08 16:04:50,175 - DEBUG - 局部搜索未能改进当前解
2025-04-08 16:04:50,178 - DEBUG - 执行AGV分配局部搜索，当前完工时间: 1760.00
2025-04-08 16:04:50,182 - DEBUG - AGV分配局部搜索成功！完工时间从 1760.00 降低到 1752.00，改进: 8.00 (0.45%)
2025-04-08 16:04:50,186 - DEBUG - 执行AGV分配局部搜索，当前完工时间: 1833.00
2025-04-08 16:04:50,190 - DEBUG - 局部搜索未能改进当前解
2025-04-08 16:04:50,193 - DEBUG - 执行AGV分配局部搜索，当前完工时间: 1746.00
2025-04-08 16:04:50,197 - DEBUG - 局部搜索未能改进当前解
2025-04-08 16:04:50,200 - DEBUG - 执行AGV分配局部搜索，当前完工时间: 1731.00
2025-04-08 16:04:50,204 - DEBUG - 局部搜索未能改进当前解
2025-04-08 16:04:50,208 - DEBUG - 执行AGV分配局部搜索，当前完工时间: 1812.00
2025-04-08 16:04:50,212 - DEBUG - 局部搜索未能改进当前解
2025-04-08 16:04:50,216 - DEBUG - 执行AGV分配局部搜索，当前完工时间: 1760.00
2025-04-08 16:04:50,219 - DEBUG - 局部搜索未能改进当前解
2025-04-08 16:04:50,222 - DEBUG - 执行AGV分配局部搜索，当前完工时间: 1744.00
2025-04-08 16:04:50,227 - DEBUG - 局部搜索未能改进当前解
2025-04-08 16:04:50,231 - DEBUG - 执行AGV分配局部搜索，当前完工时间: 1817.00
2025-04-08 16:04:50,233 - DEBUG - 局部搜索未能改进当前解
2025-04-08 16:04:50,238 - DEBUG - 执行AGV分配局部搜索，当前完工时间: 1805.00
2025-04-08 16:04:50,242 - DEBUG - 局部搜索未能改进当前解
2025-04-08 16:04:50,246 - DEBUG - 执行AGV分配局部搜索，当前完工时间: 1728.00
2025-04-08 16:04:50,249 - DEBUG - 局部搜索未能改进当前解
2025-04-08 16:04:50,253 - DEBUG - 执行AGV分配局部搜索，当前完工时间: 1780.00
2025-04-08 16:04:50,257 - DEBUG - 局部搜索未能改进当前解
2025-04-08 16:04:50,261 - DEBUG - 执行AGV分配局部搜索，当前完工时间: 1798.00
2025-04-08 16:04:50,264 - DEBUG - 局部搜索未能改进当前解
2025-04-08 16:04:50,268 - DEBUG - 执行AGV分配局部搜索，当前完工时间: 1729.00
2025-04-08 16:04:50,272 - DEBUG - 局部搜索未能改进当前解
2025-04-08 16:04:50,275 - DEBUG - 执行AGV分配局部搜索，当前完工时间: 1778.00
2025-04-08 16:04:50,279 - DEBUG - 局部搜索未能改进当前解
2025-04-08 16:04:50,284 - DEBUG - 执行AGV分配局部搜索，当前完工时间: 1899.00
2025-04-08 16:04:50,287 - DEBUG - 局部搜索未能改进当前解
2025-04-08 16:04:50,291 - DEBUG - 执行AGV分配局部搜索，当前完工时间: 1798.00
2025-04-08 16:04:50,295 - DEBUG - 局部搜索未能改进当前解
2025-04-08 16:04:50,298 - DEBUG - 执行AGV分配局部搜索，当前完工时间: 1787.00
2025-04-08 16:04:50,302 - DEBUG - 局部搜索未能改进当前解
2025-04-08 16:04:50,307 - DEBUG - 执行AGV分配局部搜索，当前完工时间: 1826.00
2025-04-08 16:04:50,310 - DEBUG - 局部搜索未能改进当前解
2025-04-08 16:04:50,314 - DEBUG - 执行AGV分配局部搜索，当前完工时间: 1782.00
2025-04-08 16:04:50,317 - DEBUG - 局部搜索未能改进当前解
2025-04-08 16:04:50,320 - DEBUG - 执行AGV分配局部搜索，当前完工时间: 1758.00
2025-04-08 16:04:50,324 - DEBUG - 局部搜索未能改进当前解
2025-04-08 16:04:50,328 - DEBUG - 执行AGV分配局部搜索，当前完工时间: 1781.00
2025-04-08 16:04:50,332 - DEBUG - 局部搜索未能改进当前解
2025-04-08 16:04:50,335 - DEBUG - 执行AGV分配局部搜索，当前完工时间: 1768.00
2025-04-08 16:04:50,339 - DEBUG - 局部搜索未能改进当前解
2025-04-08 16:04:50,342 - DEBUG - 执行AGV分配局部搜索，当前完工时间: 1756.00
2025-04-08 16:04:50,346 - DEBUG - 局部搜索未能改进当前解
2025-04-08 16:04:50,350 - DEBUG - 执行AGV分配局部搜索，当前完工时间: 1715.00
2025-04-08 16:04:50,353 - DEBUG - 局部搜索未能改进当前解
2025-04-08 16:04:50,357 - DEBUG - 执行AGV分配局部搜索，当前完工时间: 1724.00
2025-04-08 16:04:50,361 - DEBUG - 局部搜索未能改进当前解
2025-04-08 16:04:50,364 - DEBUG - 执行AGV分配局部搜索，当前完工时间: 1734.00
2025-04-08 16:04:50,368 - DEBUG - 局部搜索未能改进当前解
2025-04-08 16:04:50,373 - DEBUG - 执行AGV分配局部搜索，当前完工时间: 1712.00
2025-04-08 16:04:50,376 - DEBUG - 局部搜索未能改进当前解
2025-04-08 16:04:50,380 - DEBUG - 执行AGV分配局部搜索，当前完工时间: 1799.00
2025-04-08 16:04:50,384 - DEBUG - 局部搜索未能改进当前解
2025-04-08 16:04:50,387 - DEBUG - 执行AGV分配局部搜索，当前完工时间: 1740.00
2025-04-08 16:04:50,392 - DEBUG - 局部搜索未能改进当前解
2025-04-08 16:04:50,396 - DEBUG - 执行AGV分配局部搜索，当前完工时间: 1756.00
2025-04-08 16:04:50,400 - DEBUG - AGV分配局部搜索成功！完工时间从 1756.00 降低到 1748.00，改进: 8.00 (0.46%)
2025-04-08 16:04:50,404 - DEBUG - 执行AGV分配局部搜索，当前完工时间: 1782.00
2025-04-08 16:04:50,407 - DEBUG - AGV分配局部搜索成功！完工时间从 1782.00 降低到 1722.00，改进: 60.00 (3.37%)
2025-04-08 16:04:50,410 - DEBUG - 执行AGV分配局部搜索，当前完工时间: 1756.00
2025-04-08 16:04:50,414 - DEBUG - 局部搜索未能改进当前解
2025-04-08 16:04:50,418 - DEBUG - 执行AGV分配局部搜索，当前完工时间: 1818.00
2025-04-08 16:04:50,420 - DEBUG - 局部搜索未能改进当前解
2025-04-08 16:04:50,425 - DEBUG - 执行AGV分配局部搜索，当前完工时间: 1778.00
2025-04-08 16:04:50,429 - DEBUG - 局部搜索未能改进当前解
2025-04-08 16:04:50,433 - DEBUG - 执行AGV分配局部搜索，当前完工时间: 1802.00
2025-04-08 16:04:50,436 - DEBUG - 局部搜索未能改进当前解
2025-04-08 16:04:50,440 - DEBUG - 执行AGV分配局部搜索，当前完工时间: 1773.00
2025-04-08 16:04:50,443 - DEBUG - 局部搜索未能改进当前解
2025-04-08 16:04:50,448 - DEBUG - 执行AGV分配局部搜索，当前完工时间: 1746.00
2025-04-08 16:04:50,451 - DEBUG - 局部搜索未能改进当前解
2025-04-08 16:04:50,455 - DEBUG - 执行AGV分配局部搜索，当前完工时间: 1857.00
2025-04-08 16:04:50,458 - DEBUG - 局部搜索未能改进当前解
2025-04-08 16:04:50,463 - DEBUG - 执行AGV分配局部搜索，当前完工时间: 1842.00
2025-04-08 16:04:50,465 - DEBUG - 局部搜索未能改进当前解
2025-04-08 16:04:50,470 - DEBUG - 执行AGV分配局部搜索，当前完工时间: 1753.00
2025-04-08 16:04:50,473 - DEBUG - 局部搜索未能改进当前解
2025-04-08 16:04:50,476 - DEBUG - 执行AGV分配局部搜索，当前完工时间: 1746.00
2025-04-08 16:04:50,480 - DEBUG - 局部搜索未能改进当前解
2025-04-08 16:04:50,484 - DEBUG - 执行AGV分配局部搜索，当前完工时间: 1739.00
2025-04-08 16:04:50,487 - DEBUG - 局部搜索未能改进当前解
2025-04-08 16:04:50,491 - DEBUG - 执行AGV分配局部搜索，当前完工时间: 1803.00
2025-04-08 16:04:50,495 - DEBUG - 局部搜索未能改进当前解
2025-04-08 16:04:50,498 - DEBUG - 执行AGV分配局部搜索，当前完工时间: 1714.00
2025-04-08 16:04:50,502 - DEBUG - 局部搜索未能改进当前解
2025-04-08 16:04:50,504 - DEBUG - 执行AGV分配局部搜索，当前完工时间: 1728.00
2025-04-08 16:04:50,508 - DEBUG - 局部搜索未能改进当前解
2025-04-08 16:04:50,513 - DEBUG - 执行AGV分配局部搜索，当前完工时间: 1770.00
2025-04-08 16:04:50,516 - DEBUG - 局部搜索未能改进当前解
2025-04-08 16:04:50,520 - DEBUG - 执行AGV分配局部搜索，当前完工时间: 1824.00
2025-04-08 16:04:50,523 - DEBUG - 局部搜索未能改进当前解
2025-04-08 16:04:50,528 - DEBUG - 执行AGV分配局部搜索，当前完工时间: 1714.00
2025-04-08 16:04:50,531 - DEBUG - 局部搜索未能改进当前解
2025-04-08 16:04:50,535 - DEBUG - 执行AGV分配局部搜索，当前完工时间: 1720.00
2025-04-08 16:04:50,539 - DEBUG - 局部搜索未能改进当前解
2025-04-08 16:04:50,543 - DEBUG - 执行AGV分配局部搜索，当前完工时间: 1738.00
2025-04-08 16:04:50,547 - DEBUG - 局部搜索未能改进当前解
2025-04-08 16:04:50,550 - DEBUG - 执行AGV分配局部搜索，当前完工时间: 1735.00
2025-04-08 16:04:50,553 - DEBUG - 局部搜索未能改进当前解
2025-04-08 16:04:50,558 - DEBUG - 执行AGV分配局部搜索，当前完工时间: 1784.00
2025-04-08 16:04:50,562 - DEBUG - 局部搜索未能改进当前解
2025-04-08 16:04:50,565 - DEBUG - 执行AGV分配局部搜索，当前完工时间: 1737.00
2025-04-08 16:04:50,569 - DEBUG - 局部搜索未能改进当前解
2025-04-08 16:04:50,573 - DEBUG - 执行AGV分配局部搜索，当前完工时间: 1721.00
2025-04-08 16:04:50,576 - DEBUG - 局部搜索未能改进当前解
2025-04-08 16:04:50,581 - DEBUG - 执行AGV分配局部搜索，当前完工时间: 1799.00
2025-04-08 16:04:50,584 - DEBUG - AGV分配局部搜索成功！完工时间从 1799.00 降低到 1798.00，改进: 1.00 (0.06%)
2025-04-08 16:04:50,589 - DEBUG - 执行AGV分配局部搜索，当前完工时间: 1708.00
2025-04-08 16:04:50,592 - DEBUG - 局部搜索未能改进当前解
2025-04-08 16:04:50,596 - DEBUG - 执行AGV分配局部搜索，当前完工时间: 1732.00
2025-04-08 16:04:50,599 - DEBUG - 局部搜索未能改进当前解
2025-04-08 16:04:50,603 - DEBUG - 执行AGV分配局部搜索，当前完工时间: 1713.00
2025-04-08 16:04:50,611 - DEBUG - 局部搜索未能改进当前解
2025-04-08 16:04:50,616 - DEBUG - 执行AGV分配局部搜索，当前完工时间: 1813.00
2025-04-08 16:04:50,618 - DEBUG - 局部搜索未能改进当前解
2025-04-08 16:04:50,623 - DEBUG - 执行AGV分配局部搜索，当前完工时间: 1799.00
2025-04-08 16:04:50,626 - DEBUG - 局部搜索未能改进当前解
2025-04-08 16:04:50,631 - DEBUG - 执行AGV分配局部搜索，当前完工时间: 1732.00
2025-04-08 16:04:50,634 - DEBUG - 局部搜索未能改进当前解
2025-04-08 16:04:50,637 - DEBUG - 执行AGV分配局部搜索，当前完工时间: 1740.00
2025-04-08 16:04:50,642 - DEBUG - 局部搜索未能改进当前解
2025-04-08 16:04:50,645 - DEBUG - 执行AGV分配局部搜索，当前完工时间: 1760.00
2025-04-08 16:04:50,649 - DEBUG - 局部搜索未能改进当前解
2025-04-08 16:04:50,653 - DEBUG - 执行AGV分配局部搜索，当前完工时间: 1907.00
2025-04-08 16:04:50,657 - DEBUG - 局部搜索未能改进当前解
2025-04-08 16:04:50,661 - DEBUG - 执行AGV分配局部搜索，当前完工时间: 1728.00
2025-04-08 16:04:50,664 - DEBUG - 局部搜索未能改进当前解
2025-04-08 16:04:50,668 - DEBUG - 执行AGV分配局部搜索，当前完工时间: 1846.00
2025-04-08 16:04:50,671 - DEBUG - 局部搜索未能改进当前解
2025-04-08 16:04:50,674 - DEBUG - 执行AGV分配局部搜索，当前完工时间: 1747.00
2025-04-08 16:04:50,678 - DEBUG - 局部搜索未能改进当前解
2025-04-08 16:04:50,682 - DEBUG - 执行AGV分配局部搜索，当前完工时间: 1766.00
2025-04-08 16:04:50,686 - DEBUG - 局部搜索未能改进当前解
2025-04-08 16:04:50,690 - DEBUG - 执行AGV分配局部搜索，当前完工时间: 1720.00
2025-04-08 16:04:50,693 - DEBUG - 局部搜索未能改进当前解
2025-04-08 16:04:50,697 - DEBUG - 执行AGV分配局部搜索，当前完工时间: 1728.00
2025-04-08 16:04:50,701 - DEBUG - 局部搜索未能改进当前解
2025-04-08 16:04:50,705 - DEBUG - 执行AGV分配局部搜索，当前完工时间: 1767.00
2025-04-08 16:04:50,708 - DEBUG - 局部搜索未能改进当前解
2025-04-08 16:04:50,712 - DEBUG - 执行AGV分配局部搜索，当前完工时间: 1684.00
2025-04-08 16:04:50,715 - DEBUG - 局部搜索未能改进当前解
2025-04-08 16:04:50,720 - DEBUG - 执行AGV分配局部搜索，当前完工时间: 1749.00
2025-04-08 16:04:50,723 - DEBUG - 局部搜索未能改进当前解
2025-04-08 16:04:50,726 - DEBUG - 执行AGV分配局部搜索，当前完工时间: 1760.00
2025-04-08 16:04:50,730 - DEBUG - 局部搜索未能改进当前解
2025-04-08 16:04:50,734 - DEBUG - 执行AGV分配局部搜索，当前完工时间: 1706.00
2025-04-08 16:04:50,737 - DEBUG - 局部搜索未能改进当前解
2025-04-08 16:04:50,741 - DEBUG - 执行AGV分配局部搜索，当前完工时间: 1734.00
2025-04-08 16:04:50,744 - DEBUG - 局部搜索未能改进当前解
2025-04-08 16:04:50,749 - DEBUG - 执行AGV分配局部搜索，当前完工时间: 1709.00
2025-04-08 16:04:50,752 - DEBUG - 局部搜索未能改进当前解
2025-04-08 16:04:50,756 - DEBUG - 执行AGV分配局部搜索，当前完工时间: 1750.00
2025-04-08 16:04:50,760 - DEBUG - 局部搜索未能改进当前解
2025-04-08 16:04:50,764 - DEBUG - 执行AGV分配局部搜索，当前完工时间: 1832.00
2025-04-08 16:04:50,766 - DEBUG - 局部搜索未能改进当前解
2025-04-08 16:04:50,771 - DEBUG - 执行AGV分配局部搜索，当前完工时间: 1776.00
2025-04-08 16:04:50,775 - DEBUG - 局部搜索未能改进当前解
2025-04-08 16:04:50,779 - DEBUG - 执行AGV分配局部搜索，当前完工时间: 1820.00
2025-04-08 16:04:50,782 - DEBUG - 局部搜索未能改进当前解
2025-04-08 16:04:50,785 - DEBUG - 执行AGV分配局部搜索，当前完工时间: 1743.00
2025-04-08 16:04:50,789 - DEBUG - 局部搜索未能改进当前解
2025-04-08 16:04:50,794 - DEBUG - 执行AGV分配局部搜索，当前完工时间: 1794.00
2025-04-08 16:04:50,797 - DEBUG - AGV分配局部搜索成功！完工时间从 1794.00 降低到 1788.00，改进: 6.00 (0.33%)
2025-04-08 16:04:50,802 - DEBUG - 执行AGV分配局部搜索，当前完工时间: 1885.00
2025-04-08 16:04:50,805 - DEBUG - 局部搜索未能改进当前解
2025-04-08 16:04:50,809 - DEBUG - 执行AGV分配局部搜索，当前完工时间: 1714.00
2025-04-08 16:04:50,813 - DEBUG - 局部搜索未能改进当前解
2025-04-08 16:04:50,816 - DEBUG - 执行AGV分配局部搜索，当前完工时间: 1709.00
2025-04-08 16:04:50,820 - DEBUG - 局部搜索未能改进当前解
2025-04-08 16:04:50,825 - DEBUG - 执行AGV分配局部搜索，当前完工时间: 1824.00
2025-04-08 16:04:50,828 - DEBUG - 局部搜索未能改进当前解
2025-04-08 16:04:50,832 - DEBUG - 执行AGV分配局部搜索，当前完工时间: 1760.00
2025-04-08 16:04:50,835 - DEBUG - 局部搜索未能改进当前解
2025-04-08 16:04:50,839 - DEBUG - 执行AGV分配局部搜索，当前完工时间: 1813.00
2025-04-08 16:04:50,843 - DEBUG - 局部搜索未能改进当前解
2025-04-08 16:04:50,846 - DEBUG - 执行AGV分配局部搜索，当前完工时间: 1782.00
2025-04-08 16:04:50,849 - DEBUG - AGV分配局部搜索成功！完工时间从 1782.00 降低到 1761.00，改进: 21.00 (1.18%)
2025-04-08 16:04:50,854 - DEBUG - 执行AGV分配局部搜索，当前完工时间: 1784.00
2025-04-08 16:04:50,857 - DEBUG - 局部搜索未能改进当前解
2025-04-08 16:04:50,860 - DEBUG - 执行AGV分配局部搜索，当前完工时间: 1746.00
2025-04-08 16:04:50,864 - DEBUG - 局部搜索未能改进当前解
2025-04-08 16:04:50,868 - DEBUG - 执行AGV分配局部搜索，当前完工时间: 1732.00
2025-04-08 16:04:50,871 - DEBUG - 局部搜索未能改进当前解
2025-04-08 16:04:50,875 - DEBUG - 执行AGV分配局部搜索，当前完工时间: 1725.00
2025-04-08 16:04:50,879 - DEBUG - 局部搜索未能改进当前解
2025-04-08 16:04:50,883 - DEBUG - 执行AGV分配局部搜索，当前完工时间: 1740.00
2025-04-08 16:04:50,886 - DEBUG - 局部搜索未能改进当前解
2025-04-08 16:04:50,890 - DEBUG - 执行AGV分配局部搜索，当前完工时间: 1838.00
2025-04-08 16:04:50,893 - DEBUG - AGV分配局部搜索成功！完工时间从 1838.00 降低到 1825.00，改进: 13.00 (0.71%)
2025-04-08 16:04:50,897 - DEBUG - 执行AGV分配局部搜索，当前完工时间: 1854.00
2025-04-08 16:04:50,901 - DEBUG - 局部搜索未能改进当前解
2025-04-08 16:04:50,905 - DEBUG - 执行AGV分配局部搜索，当前完工时间: 1737.00
2025-04-08 16:04:50,908 - DEBUG - 局部搜索未能改进当前解
2025-04-08 16:04:50,908 - DEBUG - ==================================================
2025-04-08 16:04:50,908 - DEBUG - Efficiency Statistics of Local Search :
2025-04-08 16:04:50,908 - DEBUG - Number of attempts: 99
2025-04-08 16:04:50,908 - DEBUG - Average Success Rate: 7.07%
2025-04-08 16:04:50,908 - DEBUG - AGV Local Search Success: 7，Average Improvement: 16.71
2025-04-08 16:04:50,913 - DEBUG - 执行AGV分配局部搜索，当前完工时间: 1728.00
2025-04-08 16:04:50,916 - DEBUG - 局部搜索未能改进当前解
2025-04-08 16:04:50,920 - DEBUG - 执行AGV分配局部搜索，当前完工时间: 1746.00
2025-04-08 16:04:50,924 - DEBUG - 局部搜索未能改进当前解
2025-04-08 16:04:50,928 - DEBUG - 执行AGV分配局部搜索，当前完工时间: 1737.00
2025-04-08 16:04:50,932 - DEBUG - 局部搜索未能改进当前解
2025-04-08 16:04:50,935 - DEBUG - 执行AGV分配局部搜索，当前完工时间: 1738.00
2025-04-08 16:04:50,940 - DEBUG - 局部搜索未能改进当前解
2025-04-08 16:04:50,944 - DEBUG - 执行AGV分配局部搜索，当前完工时间: 1688.00
2025-04-08 16:04:50,947 - DEBUG - AGV分配局部搜索成功！完工时间从 1688.00 降低到 1676.00，改进: 12.00 (0.71%)
2025-04-08 16:04:50,951 - DEBUG - 执行AGV分配局部搜索，当前完工时间: 1815.00
2025-04-08 16:04:50,954 - DEBUG - 局部搜索未能改进当前解
2025-04-08 16:04:50,958 - DEBUG - 执行AGV分配局部搜索，当前完工时间: 1754.00
2025-04-08 16:04:50,962 - DEBUG - AGV分配局部搜索成功！完工时间从 1754.00 降低到 1746.00，改进: 8.00 (0.46%)
2025-04-08 16:04:50,966 - DEBUG - 执行AGV分配局部搜索，当前完工时间: 1791.00
2025-04-08 16:04:50,968 - DEBUG - 局部搜索未能改进当前解
2025-04-08 16:04:50,972 - DEBUG - 执行AGV分配局部搜索，当前完工时间: 1773.00
2025-04-08 16:04:50,976 - DEBUG - 局部搜索未能改进当前解
2025-04-08 16:04:50,980 - DEBUG - 执行AGV分配局部搜索，当前完工时间: 1912.00
2025-04-08 16:04:50,983 - DEBUG - 局部搜索未能改进当前解
2025-04-08 16:04:50,987 - DEBUG - 执行AGV分配局部搜索，当前完工时间: 1721.00
2025-04-08 16:04:50,991 - DEBUG - 局部搜索未能改进当前解
2025-04-08 16:04:50,995 - DEBUG - 执行AGV分配局部搜索，当前完工时间: 1724.00
2025-04-08 16:04:50,999 - DEBUG - 局部搜索未能改进当前解
2025-04-08 16:04:51,002 - DEBUG - 执行AGV分配局部搜索，当前完工时间: 1742.00
2025-04-08 16:04:51,005 - DEBUG - 局部搜索未能改进当前解
2025-04-08 16:04:51,010 - DEBUG - 执行AGV分配局部搜索，当前完工时间: 1789.00
2025-04-08 16:04:51,014 - DEBUG - 局部搜索未能改进当前解
2025-04-08 16:04:51,016 - DEBUG - 执行AGV分配局部搜索，当前完工时间: 1689.00
2025-04-08 16:04:51,021 - DEBUG - 局部搜索未能改进当前解
2025-04-08 16:04:51,025 - DEBUG - 执行AGV分配局部搜索，当前完工时间: 1692.00
2025-04-08 16:04:51,029 - DEBUG - 局部搜索未能改进当前解
2025-04-08 16:04:51,032 - DEBUG - 执行AGV分配局部搜索，当前完工时间: 1837.00
2025-04-08 16:04:51,036 - DEBUG - 局部搜索未能改进当前解
2025-04-08 16:04:51,040 - DEBUG - 执行AGV分配局部搜索，当前完工时间: 1764.00
2025-04-08 16:04:51,044 - DEBUG - 局部搜索未能改进当前解
2025-04-08 16:04:51,048 - DEBUG - 执行AGV分配局部搜索，当前完工时间: 1772.00
2025-04-08 16:04:51,052 - DEBUG - 局部搜索未能改进当前解
2025-04-08 16:04:51,054 - DEBUG - 执行AGV分配局部搜索，当前完工时间: 1728.00
2025-04-08 16:04:51,059 - DEBUG - 局部搜索未能改进当前解
2025-04-08 16:04:51,062 - DEBUG - 执行AGV分配局部搜索，当前完工时间: 1794.00
2025-04-08 16:04:51,066 - DEBUG - 局部搜索未能改进当前解
2025-04-08 16:04:51,070 - DEBUG - 执行AGV分配局部搜索，当前完工时间: 1784.00
2025-04-08 16:04:51,074 - DEBUG - 局部搜索未能改进当前解
2025-04-08 16:04:51,078 - DEBUG - 执行AGV分配局部搜索，当前完工时间: 1704.00
2025-04-08 16:04:51,082 - DEBUG - 局部搜索未能改进当前解
2025-04-08 16:04:51,086 - DEBUG - 执行AGV分配局部搜索，当前完工时间: 1707.00
2025-04-08 16:04:51,090 - DEBUG - 局部搜索未能改进当前解
2025-04-08 16:04:51,095 - DEBUG - 执行AGV分配局部搜索，当前完工时间: 1756.00
2025-04-08 16:04:51,099 - DEBUG - 局部搜索未能改进当前解
2025-04-08 16:04:51,102 - DEBUG - 执行AGV分配局部搜索，当前完工时间: 1718.00
2025-04-08 16:04:51,106 - DEBUG - 局部搜索未能改进当前解
2025-04-08 16:04:51,109 - DEBUG - 执行AGV分配局部搜索，当前完工时间: 1721.00
2025-04-08 16:04:51,113 - DEBUG - 局部搜索未能改进当前解
2025-04-08 16:04:51,118 - DEBUG - 执行AGV分配局部搜索，当前完工时间: 1780.00
2025-04-08 16:04:51,120 - DEBUG - 局部搜索未能改进当前解
2025-04-08 16:04:51,125 - DEBUG - 执行AGV分配局部搜索，当前完工时间: 1780.00
2025-04-08 16:04:51,128 - DEBUG - AGV分配局部搜索成功！完工时间从 1780.00 降低到 1764.00，改进: 16.00 (0.90%)
2025-04-08 16:04:51,132 - DEBUG - 执行AGV分配局部搜索，当前完工时间: 1680.00
2025-04-08 16:04:51,135 - DEBUG - 局部搜索未能改进当前解
2025-04-08 16:04:51,139 - DEBUG - 执行AGV分配局部搜索，当前完工时间: 1808.00
2025-04-08 16:04:51,143 - DEBUG - 局部搜索未能改进当前解
2025-04-08 16:04:51,147 - DEBUG - 执行AGV分配局部搜索，当前完工时间: 1783.00
2025-04-08 16:04:51,150 - DEBUG - 局部搜索未能改进当前解
2025-04-08 16:04:51,154 - DEBUG - 执行AGV分配局部搜索，当前完工时间: 1786.00
2025-04-08 16:04:51,157 - DEBUG - 局部搜索未能改进当前解
2025-04-08 16:04:51,160 - DEBUG - 执行AGV分配局部搜索，当前完工时间: 1792.00
2025-04-08 16:04:51,164 - DEBUG - 局部搜索未能改进当前解
2025-04-08 16:04:51,168 - DEBUG - 执行AGV分配局部搜索，当前完工时间: 1765.00
2025-04-08 16:04:51,173 - DEBUG - 局部搜索未能改进当前解
2025-04-08 16:04:51,176 - DEBUG - 执行AGV分配局部搜索，当前完工时间: 1766.00
2025-04-08 16:04:51,180 - DEBUG - 局部搜索未能改进当前解
2025-04-08 16:04:51,183 - DEBUG - 执行AGV分配局部搜索，当前完工时间: 1773.00
2025-04-08 16:04:51,187 - DEBUG - 局部搜索未能改进当前解
2025-04-08 16:04:51,191 - DEBUG - 执行AGV分配局部搜索，当前完工时间: 1846.00
2025-04-08 16:04:51,194 - DEBUG - 局部搜索未能改进当前解
2025-04-08 16:04:51,198 - DEBUG - 执行AGV分配局部搜索，当前完工时间: 1805.00
2025-04-08 16:04:51,201 - DEBUG - 局部搜索未能改进当前解
2025-04-08 16:04:51,205 - DEBUG - 执行AGV分配局部搜索，当前完工时间: 1758.00
2025-04-08 16:04:51,209 - DEBUG - 局部搜索未能改进当前解
2025-04-08 16:04:51,212 - DEBUG - 执行AGV分配局部搜索，当前完工时间: 1743.00
2025-04-08 16:04:51,216 - DEBUG - 局部搜索未能改进当前解
2025-04-08 16:04:51,220 - DEBUG - 执行AGV分配局部搜索，当前完工时间: 1786.00
2025-04-08 16:04:51,224 - DEBUG - 局部搜索未能改进当前解
2025-04-08 16:04:51,226 - DEBUG - 执行AGV分配局部搜索，当前完工时间: 1698.00
2025-04-08 16:04:51,231 - DEBUG - 局部搜索未能改进当前解
2025-04-08 16:04:51,234 - DEBUG - 执行AGV分配局部搜索，当前完工时间: 1833.00
2025-04-08 16:04:51,238 - DEBUG - 局部搜索未能改进当前解
2025-04-08 16:04:51,242 - DEBUG - 执行AGV分配局部搜索，当前完工时间: 1753.00
2025-04-08 16:04:51,245 - DEBUG - 局部搜索未能改进当前解
2025-04-08 16:04:51,249 - DEBUG - 执行AGV分配局部搜索，当前完工时间: 1770.00
2025-04-08 16:04:51,252 - DEBUG - 局部搜索未能改进当前解
2025-04-08 16:04:51,256 - DEBUG - 执行AGV分配局部搜索，当前完工时间: 1798.00
2025-04-08 16:04:51,259 - DEBUG - 局部搜索未能改进当前解
2025-04-08 16:04:51,264 - DEBUG - 执行AGV分配局部搜索，当前完工时间: 1775.00
2025-04-08 16:04:51,266 - DEBUG - 局部搜索未能改进当前解
2025-04-08 16:04:51,270 - DEBUG - 执行AGV分配局部搜索，当前完工时间: 1758.00
2025-04-08 16:04:51,274 - DEBUG - 局部搜索未能改进当前解
2025-04-08 16:04:51,276 - DEBUG - 执行AGV分配局部搜索，当前完工时间: 1728.00
2025-04-08 16:04:51,282 - DEBUG - 局部搜索未能改进当前解
2025-04-08 16:04:51,285 - DEBUG - 执行AGV分配局部搜索，当前完工时间: 1713.00
2025-04-08 16:04:51,289 - DEBUG - 局部搜索未能改进当前解
2025-04-08 16:04:51,292 - DEBUG - 执行AGV分配局部搜索，当前完工时间: 1838.00
2025-04-08 16:04:51,297 - DEBUG - 局部搜索未能改进当前解
2025-04-08 16:04:51,300 - DEBUG - 执行AGV分配局部搜索，当前完工时间: 1765.00
2025-04-08 16:04:51,304 - DEBUG - 局部搜索未能改进当前解
2025-04-08 16:04:51,307 - DEBUG - 执行AGV分配局部搜索，当前完工时间: 1735.00
2025-04-08 16:04:51,310 - DEBUG - 局部搜索未能改进当前解
2025-04-08 16:04:51,315 - DEBUG - 执行AGV分配局部搜索，当前完工时间: 1834.00
2025-04-08 16:04:51,318 - DEBUG - 局部搜索未能改进当前解
2025-04-08 16:04:51,322 - DEBUG - 执行AGV分配局部搜索，当前完工时间: 1739.00
2025-04-08 16:04:51,326 - DEBUG - 局部搜索未能改进当前解
2025-04-08 16:04:51,330 - DEBUG - 执行AGV分配局部搜索，当前完工时间: 1756.00
2025-04-08 16:04:51,334 - DEBUG - 局部搜索未能改进当前解
2025-04-08 16:04:51,337 - DEBUG - 执行AGV分配局部搜索，当前完工时间: 1782.00
2025-04-08 16:04:51,342 - DEBUG - 局部搜索未能改进当前解
2025-04-08 16:04:51,347 - DEBUG - 执行AGV分配局部搜索，当前完工时间: 1756.00
2025-04-08 16:04:51,351 - DEBUG - 局部搜索未能改进当前解
2025-04-08 16:04:51,355 - DEBUG - 执行AGV分配局部搜索，当前完工时间: 1772.00
2025-04-08 16:04:51,359 - DEBUG - AGV分配局部搜索成功！完工时间从 1772.00 降低到 1762.00，改进: 10.00 (0.56%)
2025-04-08 16:04:51,362 - DEBUG - 执行AGV分配局部搜索，当前完工时间: 1717.00
2025-04-08 16:04:51,366 - DEBUG - 局部搜索未能改进当前解
2025-04-08 16:04:51,370 - DEBUG - 执行AGV分配局部搜索，当前完工时间: 1732.00
2025-04-08 16:04:51,374 - DEBUG - 局部搜索未能改进当前解
2025-04-08 16:04:51,378 - DEBUG - 执行AGV分配局部搜索，当前完工时间: 1723.00
2025-04-08 16:04:51,382 - DEBUG - 局部搜索未能改进当前解
2025-04-08 16:04:51,386 - DEBUG - 执行AGV分配局部搜索，当前完工时间: 1690.00
2025-04-08 16:04:51,389 - DEBUG - 局部搜索未能改进当前解
2025-04-08 16:04:51,393 - DEBUG - 执行AGV分配局部搜索，当前完工时间: 1743.00
2025-04-08 16:04:51,396 - DEBUG - 局部搜索未能改进当前解
2025-04-08 16:04:51,399 - DEBUG - 执行AGV分配局部搜索，当前完工时间: 1738.00
2025-04-08 16:04:51,403 - DEBUG - 局部搜索未能改进当前解
2025-04-08 16:04:51,406 - DEBUG - 执行AGV分配局部搜索，当前完工时间: 1753.00
2025-04-08 16:04:51,410 - DEBUG - 局部搜索未能改进当前解
2025-04-08 16:04:51,414 - DEBUG - 执行AGV分配局部搜索，当前完工时间: 1769.00
2025-04-08 16:04:51,417 - DEBUG - 局部搜索未能改进当前解
2025-04-08 16:04:51,421 - DEBUG - 执行AGV分配局部搜索，当前完工时间: 1748.00
2025-04-08 16:04:51,425 - DEBUG - 局部搜索未能改进当前解
2025-04-08 16:04:51,428 - DEBUG - 执行AGV分配局部搜索，当前完工时间: 1714.00
2025-04-08 16:04:51,431 - DEBUG - 局部搜索未能改进当前解
2025-04-08 16:04:51,436 - DEBUG - 执行AGV分配局部搜索，当前完工时间: 1751.00
2025-04-08 16:04:51,440 - DEBUG - AGV分配局部搜索成功！完工时间从 1751.00 降低到 1728.00，改进: 23.00 (1.31%)
2025-04-08 16:04:51,444 - DEBUG - 执行AGV分配局部搜索，当前完工时间: 1849.00
2025-04-08 16:04:51,447 - DEBUG - 局部搜索未能改进当前解
2025-04-08 16:04:51,452 - DEBUG - 执行AGV分配局部搜索，当前完工时间: 1728.00
2025-04-08 16:04:51,456 - DEBUG - 局部搜索未能改进当前解
2025-04-08 16:04:51,459 - DEBUG - 执行AGV分配局部搜索，当前完工时间: 1729.00
2025-04-08 16:04:51,463 - DEBUG - 局部搜索未能改进当前解
2025-04-08 16:04:51,466 - DEBUG - 执行AGV分配局部搜索，当前完工时间: 1746.00
2025-04-08 16:04:51,471 - DEBUG - 局部搜索未能改进当前解
2025-04-08 16:04:51,474 - DEBUG - 执行AGV分配局部搜索，当前完工时间: 1672.00
2025-04-08 16:04:51,477 - DEBUG - 局部搜索未能改进当前解
2025-04-08 16:04:51,481 - DEBUG - 执行AGV分配局部搜索，当前完工时间: 1781.00
2025-04-08 16:04:51,486 - DEBUG - 局部搜索未能改进当前解
2025-04-08 16:04:51,488 - DEBUG - 执行AGV分配局部搜索，当前完工时间: 1788.00
2025-04-08 16:04:51,492 - DEBUG - 局部搜索未能改进当前解
2025-04-08 16:04:51,497 - DEBUG - 执行AGV分配局部搜索，当前完工时间: 1762.00
2025-04-08 16:04:51,501 - DEBUG - 局部搜索未能改进当前解
2025-04-08 16:04:51,504 - DEBUG - 执行AGV分配局部搜索，当前完工时间: 1793.00
2025-04-08 16:04:51,507 - DEBUG - 局部搜索未能改进当前解
2025-04-08 16:04:51,512 - DEBUG - 执行AGV分配局部搜索，当前完工时间: 1782.00
2025-04-08 16:04:51,515 - DEBUG - 局部搜索未能改进当前解
2025-04-08 16:04:51,519 - DEBUG - 执行AGV分配局部搜索，当前完工时间: 1716.00
2025-04-08 16:04:51,523 - DEBUG - 局部搜索未能改进当前解
2025-04-08 16:04:51,526 - DEBUG - 执行AGV分配局部搜索，当前完工时间: 1737.00
2025-04-08 16:04:51,530 - DEBUG - 局部搜索未能改进当前解
2025-04-08 16:04:51,535 - DEBUG - 执行AGV分配局部搜索，当前完工时间: 1770.00
2025-04-08 16:04:51,539 - DEBUG - 局部搜索未能改进当前解
2025-04-08 16:04:51,542 - DEBUG - 执行AGV分配局部搜索，当前完工时间: 1766.00
2025-04-08 16:04:51,545 - DEBUG - 局部搜索未能改进当前解
2025-04-08 16:04:51,549 - DEBUG - 执行AGV分配局部搜索，当前完工时间: 1715.00
2025-04-08 16:04:51,553 - DEBUG - 局部搜索未能改进当前解
2025-04-08 16:04:51,557 - DEBUG - 执行AGV分配局部搜索，当前完工时间: 1703.00
2025-04-08 16:04:51,561 - DEBUG - 局部搜索未能改进当前解
2025-04-08 16:04:51,564 - DEBUG - 执行AGV分配局部搜索，当前完工时间: 1782.00
2025-04-08 16:04:51,568 - DEBUG - 局部搜索未能改进当前解
2025-04-08 16:04:51,572 - DEBUG - 执行AGV分配局部搜索，当前完工时间: 1799.00
2025-04-08 16:04:51,575 - DEBUG - 局部搜索未能改进当前解
2025-04-08 16:04:51,581 - DEBUG - 执行AGV分配局部搜索，当前完工时间: 1743.00
2025-04-08 16:04:51,584 - DEBUG - 局部搜索未能改进当前解
2025-04-08 16:04:51,588 - DEBUG - 执行AGV分配局部搜索，当前完工时间: 1744.00
2025-04-08 16:04:51,592 - DEBUG - 局部搜索未能改进当前解
2025-04-08 16:04:51,596 - DEBUG - 执行AGV分配局部搜索，当前完工时间: 1712.00
2025-04-08 16:04:51,599 - DEBUG - 局部搜索未能改进当前解
2025-04-08 16:04:51,603 - DEBUG - 执行AGV分配局部搜索，当前完工时间: 1808.00
2025-04-08 16:04:51,607 - DEBUG - 局部搜索未能改进当前解
2025-04-08 16:04:51,611 - DEBUG - 执行AGV分配局部搜索，当前完工时间: 1763.00
2025-04-08 16:04:51,614 - DEBUG - 局部搜索未能改进当前解
2025-04-08 16:04:51,618 - DEBUG - 执行AGV分配局部搜索，当前完工时间: 1703.00
2025-04-08 16:04:51,622 - DEBUG - 局部搜索未能改进当前解
2025-04-08 16:04:51,625 - DEBUG - 执行AGV分配局部搜索，当前完工时间: 1727.00
2025-04-08 16:04:51,628 - DEBUG - 局部搜索未能改进当前解
2025-04-08 16:04:51,633 - DEBUG - 执行AGV分配局部搜索，当前完工时间: 1802.00
2025-04-08 16:04:51,637 - DEBUG - 局部搜索未能改进当前解
2025-04-08 16:04:51,640 - DEBUG - 执行AGV分配局部搜索，当前完工时间: 1867.00
2025-04-08 16:04:51,643 - DEBUG - 局部搜索未能改进当前解
2025-04-08 16:04:51,647 - DEBUG - 执行AGV分配局部搜索，当前完工时间: 1746.00
2025-04-08 16:04:51,651 - DEBUG - 局部搜索未能改进当前解
2025-04-08 16:04:51,651 - DEBUG - ==================================================
2025-04-08 16:04:51,651 - DEBUG - Efficiency Statistics of Local Search :
2025-04-08 16:04:51,651 - DEBUG - Number of attempts: 99
2025-04-08 16:04:51,651 - DEBUG - Average Success Rate: 5.05%
2025-04-08 16:04:51,651 - DEBUG - AGV Local Search Success: 5，Average Improvement: 13.80
2025-04-08 16:04:51,655 - DEBUG - 执行AGV分配局部搜索，当前完工时间: 1753.00
2025-04-08 16:04:51,658 - DEBUG - 局部搜索未能改进当前解
2025-04-08 16:04:51,663 - DEBUG - 执行AGV分配局部搜索，当前完工时间: 1778.00
2025-04-08 16:04:51,666 - DEBUG - 局部搜索未能改进当前解
2025-04-08 16:04:51,670 - DEBUG - 执行AGV分配局部搜索，当前完工时间: 1695.00
2025-04-08 16:04:51,675 - DEBUG - 局部搜索未能改进当前解
2025-04-08 16:04:51,679 - DEBUG - 执行AGV分配局部搜索，当前完工时间: 1760.00
2025-04-08 16:04:51,683 - DEBUG - 局部搜索未能改进当前解
2025-04-08 16:04:51,687 - DEBUG - 执行AGV分配局部搜索，当前完工时间: 1718.00
2025-04-08 16:04:51,691 - DEBUG - 局部搜索未能改进当前解
2025-04-08 16:04:51,694 - DEBUG - 执行AGV分配局部搜索，当前完工时间: 1726.00
2025-04-08 16:04:51,697 - DEBUG - 局部搜索未能改进当前解
2025-04-08 16:04:51,701 - DEBUG - 执行AGV分配局部搜索，当前完工时间: 1765.00
2025-04-08 16:04:51,704 - DEBUG - 局部搜索未能改进当前解
2025-04-08 16:04:51,709 - DEBUG - 执行AGV分配局部搜索，当前完工时间: 1684.00
2025-04-08 16:04:51,712 - DEBUG - 局部搜索未能改进当前解
2025-04-08 16:04:51,716 - DEBUG - 执行AGV分配局部搜索，当前完工时间: 1860.00
2025-04-08 16:04:51,720 - DEBUG - 局部搜索未能改进当前解
2025-04-08 16:04:51,724 - DEBUG - 执行AGV分配局部搜索，当前完工时间: 1739.00
2025-04-08 16:04:51,727 - DEBUG - 局部搜索未能改进当前解
2025-04-08 16:04:51,730 - DEBUG - 执行AGV分配局部搜索，当前完工时间: 1710.00
2025-04-08 16:04:51,734 - DEBUG - 局部搜索未能改进当前解
2025-04-08 16:04:51,737 - DEBUG - 执行AGV分配局部搜索，当前完工时间: 1705.00
2025-04-08 16:04:51,750 - DEBUG - AGV分配局部搜索成功！完工时间从 1705.00 降低到 1698.00，改进: 7.00 (0.41%)
2025-04-08 16:04:51,757 - DEBUG - 执行AGV分配局部搜索，当前完工时间: 1789.00
2025-04-08 16:04:51,764 - DEBUG - AGV分配局部搜索成功！完工时间从 1789.00 降低到 1788.00，改进: 1.00 (0.06%)
2025-04-08 16:04:51,772 - DEBUG - 执行AGV分配局部搜索，当前完工时间: 1718.00
2025-04-08 16:04:51,777 - DEBUG - 局部搜索未能改进当前解
2025-04-08 16:04:51,781 - DEBUG - 执行AGV分配局部搜索，当前完工时间: 1724.00
2025-04-08 16:04:51,785 - DEBUG - 局部搜索未能改进当前解
2025-04-08 16:04:51,789 - DEBUG - 执行AGV分配局部搜索，当前完工时间: 1733.00
2025-04-08 16:04:51,792 - DEBUG - 局部搜索未能改进当前解
2025-04-08 16:04:51,796 - DEBUG - 执行AGV分配局部搜索，当前完工时间: 1836.00
2025-04-08 16:04:51,801 - DEBUG - 局部搜索未能改进当前解
2025-04-08 16:04:51,805 - DEBUG - 执行AGV分配局部搜索，当前完工时间: 1728.00
2025-04-08 16:04:51,809 - DEBUG - 局部搜索未能改进当前解
2025-04-08 16:04:51,813 - DEBUG - 执行AGV分配局部搜索，当前完工时间: 1764.00
2025-04-08 16:04:51,817 - DEBUG - 局部搜索未能改进当前解
2025-04-08 16:04:51,821 - DEBUG - 执行AGV分配局部搜索，当前完工时间: 1784.00
2025-04-08 16:04:51,825 - DEBUG - 局部搜索未能改进当前解
2025-04-08 16:04:51,829 - DEBUG - 执行AGV分配局部搜索，当前完工时间: 1808.00
2025-04-08 16:04:51,833 - DEBUG - 局部搜索未能改进当前解
2025-04-08 16:04:51,838 - DEBUG - 执行AGV分配局部搜索，当前完工时间: 1785.00
2025-04-08 16:04:51,841 - DEBUG - 局部搜索未能改进当前解
2025-04-08 16:04:51,846 - DEBUG - 执行AGV分配局部搜索，当前完工时间: 1756.00
2025-04-08 16:04:51,851 - DEBUG - AGV分配局部搜索成功！完工时间从 1756.00 降低到 1722.00，改进: 34.00 (1.94%)
2025-04-08 16:04:51,854 - DEBUG - 执行AGV分配局部搜索，当前完工时间: 1729.00
2025-04-08 16:04:51,857 - DEBUG - 局部搜索未能改进当前解
2025-04-08 16:04:51,862 - DEBUG - 执行AGV分配局部搜索，当前完工时间: 1690.00
2025-04-08 16:04:51,865 - DEBUG - 局部搜索未能改进当前解
2025-04-08 16:04:51,868 - DEBUG - 执行AGV分配局部搜索，当前完工时间: 1717.00
2025-04-08 16:04:51,872 - DEBUG - 局部搜索未能改进当前解
2025-04-08 16:04:51,877 - DEBUG - 执行AGV分配局部搜索，当前完工时间: 1748.00
2025-04-08 16:04:51,880 - DEBUG - 局部搜索未能改进当前解
2025-04-08 16:04:51,884 - DEBUG - 执行AGV分配局部搜索，当前完工时间: 1734.00
2025-04-08 16:04:51,887 - DEBUG - 局部搜索未能改进当前解
2025-04-08 16:04:51,891 - DEBUG - 执行AGV分配局部搜索，当前完工时间: 1762.00
2025-04-08 16:04:51,894 - DEBUG - 局部搜索未能改进当前解
2025-04-08 16:04:51,899 - DEBUG - 执行AGV分配局部搜索，当前完工时间: 1849.00
2025-04-08 16:04:51,903 - DEBUG - 局部搜索未能改进当前解
2025-04-08 16:04:51,906 - DEBUG - 执行AGV分配局部搜索，当前完工时间: 1699.00
2025-04-08 16:04:51,910 - DEBUG - 局部搜索未能改进当前解
2025-04-08 16:04:51,914 - DEBUG - 执行AGV分配局部搜索，当前完工时间: 1801.00
2025-04-08 16:04:51,918 - DEBUG - 局部搜索未能改进当前解
2025-04-08 16:04:51,922 - DEBUG - 执行AGV分配局部搜索，当前完工时间: 1721.00
2025-04-08 16:04:51,925 - DEBUG - 局部搜索未能改进当前解
2025-04-08 16:04:51,929 - DEBUG - 执行AGV分配局部搜索，当前完工时间: 1906.00
2025-04-08 16:04:51,933 - DEBUG - 局部搜索未能改进当前解
2025-04-08 16:04:51,937 - DEBUG - 执行AGV分配局部搜索，当前完工时间: 1727.00
2025-04-08 16:04:51,941 - DEBUG - 局部搜索未能改进当前解
2025-04-08 16:04:51,945 - DEBUG - 执行AGV分配局部搜索，当前完工时间: 1754.00
2025-04-08 16:04:51,948 - DEBUG - 局部搜索未能改进当前解
2025-04-08 16:04:51,952 - DEBUG - 执行AGV分配局部搜索，当前完工时间: 1754.00
2025-04-08 16:04:51,956 - DEBUG - 局部搜索未能改进当前解
2025-04-08 16:04:51,960 - DEBUG - 执行AGV分配局部搜索，当前完工时间: 1917.00
2025-04-08 16:04:51,963 - DEBUG - 局部搜索未能改进当前解
2025-04-08 16:04:51,966 - DEBUG - 执行AGV分配局部搜索，当前完工时间: 1743.00
2025-04-08 16:04:51,971 - DEBUG - 局部搜索未能改进当前解
2025-04-08 16:04:51,974 - DEBUG - 执行AGV分配局部搜索，当前完工时间: 1781.00
2025-04-08 16:04:51,979 - DEBUG - 局部搜索未能改进当前解
2025-04-08 16:04:51,982 - DEBUG - 执行AGV分配局部搜索，当前完工时间: 1756.00
2025-04-08 16:04:51,985 - DEBUG - 局部搜索未能改进当前解
2025-04-08 16:04:51,988 - DEBUG - 执行AGV分配局部搜索，当前完工时间: 1767.00
2025-04-08 16:04:51,992 - DEBUG - 局部搜索未能改进当前解
2025-04-08 16:04:51,995 - DEBUG - 执行AGV分配局部搜索，当前完工时间: 1722.00
2025-04-08 16:04:52,000 - DEBUG - 局部搜索未能改进当前解
2025-04-08 16:04:52,003 - DEBUG - 执行AGV分配局部搜索，当前完工时间: 1711.00
2025-04-08 16:04:52,007 - DEBUG - 局部搜索未能改进当前解
2025-04-08 16:04:52,010 - DEBUG - 执行AGV分配局部搜索，当前完工时间: 1961.00
2025-04-08 16:04:52,014 - DEBUG - 局部搜索未能改进当前解
2025-04-08 16:04:52,018 - DEBUG - 执行AGV分配局部搜索，当前完工时间: 1724.00
2025-04-08 16:04:52,022 - DEBUG - 局部搜索未能改进当前解
2025-04-08 16:04:52,025 - DEBUG - 执行AGV分配局部搜索，当前完工时间: 1701.00
2025-04-08 16:04:52,029 - DEBUG - 局部搜索未能改进当前解
2025-04-08 16:04:52,034 - DEBUG - 执行AGV分配局部搜索，当前完工时间: 1715.00
2025-04-08 16:04:52,037 - DEBUG - 局部搜索未能改进当前解
2025-04-08 16:04:52,042 - DEBUG - 执行AGV分配局部搜索，当前完工时间: 1748.00
2025-04-08 16:04:52,045 - DEBUG - AGV分配局部搜索成功！完工时间从 1748.00 降低到 1747.00，改进: 1.00 (0.06%)
2025-04-08 16:04:52,049 - DEBUG - 执行AGV分配局部搜索，当前完工时间: 1714.00
2025-04-08 16:04:52,052 - DEBUG - 局部搜索未能改进当前解
2025-04-08 16:04:52,056 - DEBUG - 执行AGV分配局部搜索，当前完工时间: 1782.00
2025-04-08 16:04:52,060 - DEBUG - 局部搜索未能改进当前解
2025-04-08 16:04:52,064 - DEBUG - 执行AGV分配局部搜索，当前完工时间: 1722.00
2025-04-08 16:04:52,068 - DEBUG - AGV分配局部搜索成功！完工时间从 1722.00 降低到 1712.00，改进: 10.00 (0.58%)
2025-04-08 16:04:52,071 - DEBUG - 执行AGV分配局部搜索，当前完工时间: 1743.00
2025-04-08 16:04:52,074 - DEBUG - 局部搜索未能改进当前解
2025-04-08 16:04:52,079 - DEBUG - 执行AGV分配局部搜索，当前完工时间: 1796.00
2025-04-08 16:04:52,083 - DEBUG - 局部搜索未能改进当前解
2025-04-08 16:04:52,087 - DEBUG - 执行AGV分配局部搜索，当前完工时间: 1730.00
2025-04-08 16:04:52,092 - DEBUG - 局部搜索未能改进当前解
2025-04-08 16:04:52,095 - DEBUG - 执行AGV分配局部搜索，当前完工时间: 1741.00
2025-04-08 16:04:52,100 - DEBUG - 局部搜索未能改进当前解
2025-04-08 16:04:52,103 - DEBUG - 执行AGV分配局部搜索，当前完工时间: 1726.00
2025-04-08 16:04:52,107 - DEBUG - 局部搜索未能改进当前解
2025-04-08 16:04:52,112 - DEBUG - 执行AGV分配局部搜索，当前完工时间: 1766.00
2025-04-08 16:04:52,115 - DEBUG - 局部搜索未能改进当前解
2025-04-08 16:04:52,120 - DEBUG - 执行AGV分配局部搜索，当前完工时间: 1847.00
2025-04-08 16:04:52,124 - DEBUG - 局部搜索未能改进当前解
2025-04-08 16:04:52,127 - DEBUG - 执行AGV分配局部搜索，当前完工时间: 1758.00
2025-04-08 16:04:52,130 - DEBUG - 局部搜索未能改进当前解
2025-04-08 16:04:52,134 - DEBUG - 执行AGV分配局部搜索，当前完工时间: 1757.00
2025-04-08 16:04:52,138 - DEBUG - 局部搜索未能改进当前解
2025-04-08 16:04:52,142 - DEBUG - 执行AGV分配局部搜索，当前完工时间: 1741.00
2025-04-08 16:04:52,145 - DEBUG - 局部搜索未能改进当前解
2025-04-08 16:04:52,149 - DEBUG - 执行AGV分配局部搜索，当前完工时间: 1820.00
2025-04-08 16:04:52,153 - DEBUG - 局部搜索未能改进当前解
2025-04-08 16:04:52,157 - DEBUG - 执行AGV分配局部搜索，当前完工时间: 1775.00
2025-04-08 16:04:52,160 - DEBUG - 局部搜索未能改进当前解
2025-04-08 16:04:52,164 - DEBUG - 执行AGV分配局部搜索，当前完工时间: 1741.00
2025-04-08 16:04:52,166 - DEBUG - 局部搜索未能改进当前解
2025-04-08 16:04:52,171 - DEBUG - 执行AGV分配局部搜索，当前完工时间: 1738.00
2025-04-08 16:04:52,175 - DEBUG - AGV分配局部搜索成功！完工时间从 1738.00 降低到 1735.00，改进: 3.00 (0.17%)
2025-04-08 16:04:52,179 - DEBUG - 执行AGV分配局部搜索，当前完工时间: 1719.00
2025-04-08 16:04:52,182 - DEBUG - 局部搜索未能改进当前解
2025-04-08 16:04:52,185 - DEBUG - 执行AGV分配局部搜索，当前完工时间: 1690.00
2025-04-08 16:04:52,189 - DEBUG - 局部搜索未能改进当前解
2025-04-08 16:04:52,192 - DEBUG - 执行AGV分配局部搜索，当前完工时间: 1762.00
2025-04-08 16:04:52,195 - DEBUG - 局部搜索未能改进当前解
2025-04-08 16:04:52,200 - DEBUG - 执行AGV分配局部搜索，当前完工时间: 1795.00
2025-04-08 16:04:52,204 - DEBUG - 局部搜索未能改进当前解
2025-04-08 16:04:52,207 - DEBUG - 执行AGV分配局部搜索，当前完工时间: 1775.00
2025-04-08 16:04:52,211 - DEBUG - 局部搜索未能改进当前解
2025-04-08 16:04:52,215 - DEBUG - 执行AGV分配局部搜索，当前完工时间: 1900.00
2025-04-08 16:04:52,219 - DEBUG - 局部搜索未能改进当前解
2025-04-08 16:04:52,223 - DEBUG - 执行AGV分配局部搜索，当前完工时间: 1721.00
2025-04-08 16:04:52,226 - DEBUG - 局部搜索未能改进当前解
2025-04-08 16:04:52,230 - DEBUG - 执行AGV分配局部搜索，当前完工时间: 1767.00
2025-04-08 16:04:52,234 - DEBUG - 局部搜索未能改进当前解
2025-04-08 16:04:52,237 - DEBUG - 执行AGV分配局部搜索，当前完工时间: 1682.00
2025-04-08 16:04:52,241 - DEBUG - 局部搜索未能改进当前解
2025-04-08 16:04:52,245 - DEBUG - 执行AGV分配局部搜索，当前完工时间: 1764.00
2025-04-08 16:04:52,248 - DEBUG - 局部搜索未能改进当前解
2025-04-08 16:04:52,252 - DEBUG - 执行AGV分配局部搜索，当前完工时间: 1867.00
2025-04-08 16:04:52,256 - DEBUG - 局部搜索未能改进当前解
2025-04-08 16:04:52,260 - DEBUG - 执行AGV分配局部搜索，当前完工时间: 1799.00
2025-04-08 16:04:52,264 - DEBUG - 局部搜索未能改进当前解
2025-04-08 16:04:52,266 - DEBUG - 执行AGV分配局部搜索，当前完工时间: 1783.00
2025-04-08 16:04:52,270 - DEBUG - 局部搜索未能改进当前解
2025-04-08 16:04:52,274 - DEBUG - 执行AGV分配局部搜索，当前完工时间: 1735.00
2025-04-08 16:04:52,278 - DEBUG - 局部搜索未能改进当前解
2025-04-08 16:04:52,282 - DEBUG - 执行AGV分配局部搜索，当前完工时间: 1708.00
2025-04-08 16:04:52,285 - DEBUG - 局部搜索未能改进当前解
2025-04-08 16:04:52,289 - DEBUG - 执行AGV分配局部搜索，当前完工时间: 1714.00
2025-04-08 16:04:52,293 - DEBUG - 局部搜索未能改进当前解
2025-04-08 16:04:52,297 - DEBUG - 执行AGV分配局部搜索，当前完工时间: 1744.00
2025-04-08 16:04:52,301 - DEBUG - 局部搜索未能改进当前解
2025-04-08 16:04:52,304 - DEBUG - 执行AGV分配局部搜索，当前完工时间: 1709.00
2025-04-08 16:04:52,308 - DEBUG - AGV分配局部搜索成功！完工时间从 1709.00 降低到 1708.00，改进: 1.00 (0.06%)
2025-04-08 16:04:52,312 - DEBUG - 执行AGV分配局部搜索，当前完工时间: 1746.00
2025-04-08 16:04:52,314 - DEBUG - 局部搜索未能改进当前解
2025-04-08 16:04:52,319 - DEBUG - 执行AGV分配局部搜索，当前完工时间: 1704.00
2025-04-08 16:04:52,322 - DEBUG - 局部搜索未能改进当前解
2025-04-08 16:04:52,326 - DEBUG - 执行AGV分配局部搜索，当前完工时间: 1691.00
2025-04-08 16:04:52,330 - DEBUG - 局部搜索未能改进当前解
2025-04-08 16:04:52,334 - DEBUG - 执行AGV分配局部搜索，当前完工时间: 1746.00
2025-04-08 16:04:52,337 - DEBUG - 局部搜索未能改进当前解
2025-04-08 16:04:52,341 - DEBUG - 执行AGV分配局部搜索，当前完工时间: 1745.00
2025-04-08 16:04:52,344 - DEBUG - 局部搜索未能改进当前解
2025-04-08 16:04:52,347 - DEBUG - 执行AGV分配局部搜索，当前完工时间: 1732.00
2025-04-08 16:04:52,352 - DEBUG - 局部搜索未能改进当前解
2025-04-08 16:04:52,356 - DEBUG - 执行AGV分配局部搜索，当前完工时间: 1685.00
2025-04-08 16:04:52,359 - DEBUG - 局部搜索未能改进当前解
2025-04-08 16:04:52,363 - DEBUG - 执行AGV分配局部搜索，当前完工时间: 1760.00
2025-04-08 16:04:52,367 - DEBUG - 局部搜索未能改进当前解
2025-04-08 16:04:52,370 - DEBUG - 执行AGV分配局部搜索，当前完工时间: 1826.00
2025-04-08 16:04:52,374 - DEBUG - 局部搜索未能改进当前解
2025-04-08 16:04:52,379 - DEBUG - 执行AGV分配局部搜索，当前完工时间: 1774.00
2025-04-08 16:04:52,383 - DEBUG - 局部搜索未能改进当前解
2025-04-08 16:04:52,386 - DEBUG - 执行AGV分配局部搜索，当前完工时间: 1800.00
2025-04-08 16:04:52,390 - DEBUG - 局部搜索未能改进当前解
2025-04-08 16:04:52,394 - DEBUG - 执行AGV分配局部搜索，当前完工时间: 1727.00
2025-04-08 16:04:52,397 - DEBUG - 局部搜索未能改进当前解
2025-04-08 16:04:52,401 - DEBUG - 执行AGV分配局部搜索，当前完工时间: 1808.00
2025-04-08 16:04:52,404 - DEBUG - AGV分配局部搜索成功！完工时间从 1808.00 降低到 1801.00，改进: 7.00 (0.39%)
2025-04-08 16:04:52,408 - DEBUG - 执行AGV分配局部搜索，当前完工时间: 1728.00
2025-04-08 16:04:52,411 - DEBUG - 局部搜索未能改进当前解
2025-04-08 16:04:52,416 - DEBUG - 执行AGV分配局部搜索，当前完工时间: 1760.00
2025-04-08 16:04:52,419 - DEBUG - 局部搜索未能改进当前解
2025-04-08 16:04:52,420 - DEBUG - ==================================================
2025-04-08 16:04:52,420 - DEBUG - Efficiency Statistics of Local Search :
2025-04-08 16:04:52,420 - DEBUG - Number of attempts: 99
2025-04-08 16:04:52,420 - DEBUG - Average Success Rate: 8.08%
2025-04-08 16:04:52,420 - DEBUG - AGV Local Search Success: 8，Average Improvement: 8.00
2025-04-08 16:04:52,424 - DEBUG - 执行AGV分配局部搜索，当前完工时间: 1816.00
2025-04-08 16:04:52,427 - DEBUG - 局部搜索未能改进当前解
2025-04-08 16:04:52,431 - DEBUG - 执行AGV分配局部搜索，当前完工时间: 1779.00
2025-04-08 16:04:52,434 - DEBUG - AGV分配局部搜索成功！完工时间从 1779.00 降低到 1756.00，改进: 23.00 (1.29%)
2025-04-08 16:04:52,437 - DEBUG - 执行AGV分配局部搜索，当前完工时间: 1795.00
2025-04-08 16:04:52,441 - DEBUG - 局部搜索未能改进当前解
2025-04-08 16:04:52,445 - DEBUG - 执行AGV分配局部搜索，当前完工时间: 1734.00
2025-04-08 16:04:52,448 - DEBUG - 局部搜索未能改进当前解
2025-04-08 16:04:52,452 - DEBUG - 执行AGV分配局部搜索，当前完工时间: 1712.00
2025-04-08 16:04:52,455 - DEBUG - 局部搜索未能改进当前解
2025-04-08 16:04:52,458 - DEBUG - 执行AGV分配局部搜索，当前完工时间: 1801.00
2025-04-08 16:04:52,462 - DEBUG - 局部搜索未能改进当前解
2025-04-08 16:04:52,466 - DEBUG - 执行AGV分配局部搜索，当前完工时间: 1731.00
2025-04-08 16:04:52,469 - DEBUG - 局部搜索未能改进当前解
2025-04-08 16:04:52,474 - DEBUG - 执行AGV分配局部搜索，当前完工时间: 1815.00
2025-04-08 16:04:52,478 - DEBUG - AGV分配局部搜索成功！完工时间从 1815.00 降低到 1752.00，改进: 63.00 (3.47%)
2025-04-08 16:04:52,481 - DEBUG - 执行AGV分配局部搜索，当前完工时间: 1831.00
2025-04-08 16:04:52,485 - DEBUG - AGV分配局部搜索成功！完工时间从 1831.00 降低到 1792.00，改进: 39.00 (2.13%)
2025-04-08 16:04:52,489 - DEBUG - 执行AGV分配局部搜索，当前完工时间: 1717.00
2025-04-08 16:04:52,492 - DEBUG - 局部搜索未能改进当前解
2025-04-08 16:04:52,496 - DEBUG - 执行AGV分配局部搜索，当前完工时间: 1751.00
2025-04-08 16:04:52,500 - DEBUG - 局部搜索未能改进当前解
2025-04-08 16:04:52,503 - DEBUG - 执行AGV分配局部搜索，当前完工时间: 1735.00
2025-04-08 16:04:52,507 - DEBUG - 局部搜索未能改进当前解
2025-04-08 16:04:52,511 - DEBUG - 执行AGV分配局部搜索，当前完工时间: 1690.00
2025-04-08 16:04:52,514 - DEBUG - 局部搜索未能改进当前解
2025-04-08 16:04:52,518 - DEBUG - 执行AGV分配局部搜索，当前完工时间: 1714.00
2025-04-08 16:04:52,521 - DEBUG - 局部搜索未能改进当前解
2025-04-08 16:04:52,525 - DEBUG - 执行AGV分配局部搜索，当前完工时间: 1801.00
2025-04-08 16:04:52,529 - DEBUG - AGV分配局部搜索成功！完工时间从 1801.00 降低到 1793.00，改进: 8.00 (0.44%)
2025-04-08 16:04:52,532 - DEBUG - 执行AGV分配局部搜索，当前完工时间: 1766.00
2025-04-08 16:04:52,536 - DEBUG - 局部搜索未能改进当前解
2025-04-08 16:04:52,540 - DEBUG - 执行AGV分配局部搜索，当前完工时间: 1788.00
2025-04-08 16:04:52,544 - DEBUG - 局部搜索未能改进当前解
2025-04-08 16:04:52,549 - DEBUG - 执行AGV分配局部搜索，当前完工时间: 1699.00
2025-04-08 16:04:52,552 - DEBUG - 局部搜索未能改进当前解
2025-04-08 16:04:52,556 - DEBUG - 执行AGV分配局部搜索，当前完工时间: 1722.00
2025-04-08 16:04:52,560 - DEBUG - 局部搜索未能改进当前解
2025-04-08 16:04:52,564 - DEBUG - 执行AGV分配局部搜索，当前完工时间: 1755.00
2025-04-08 16:04:52,567 - DEBUG - 局部搜索未能改进当前解
2025-04-08 16:04:52,571 - DEBUG - 执行AGV分配局部搜索，当前完工时间: 1723.00
2025-04-08 16:04:52,575 - DEBUG - 局部搜索未能改进当前解
2025-04-08 16:04:52,579 - DEBUG - 执行AGV分配局部搜索，当前完工时间: 1874.00
2025-04-08 16:04:52,584 - DEBUG - 局部搜索未能改进当前解
2025-04-08 16:04:52,587 - DEBUG - 执行AGV分配局部搜索，当前完工时间: 1735.00
2025-04-08 16:04:52,591 - DEBUG - 局部搜索未能改进当前解
2025-04-08 16:04:52,594 - DEBUG - 执行AGV分配局部搜索，当前完工时间: 1728.00
2025-04-08 16:04:52,598 - DEBUG - 局部搜索未能改进当前解
2025-04-08 16:04:52,603 - DEBUG - 执行AGV分配局部搜索，当前完工时间: 1721.00
2025-04-08 16:04:52,606 - DEBUG - 局部搜索未能改进当前解
2025-04-08 16:04:52,610 - DEBUG - 执行AGV分配局部搜索，当前完工时间: 1721.00
2025-04-08 16:04:52,613 - DEBUG - 局部搜索未能改进当前解
2025-04-08 16:04:52,618 - DEBUG - 执行AGV分配局部搜索，当前完工时间: 1742.00
2025-04-08 16:04:52,621 - DEBUG - 局部搜索未能改进当前解
2025-04-08 16:04:52,625 - DEBUG - 执行AGV分配局部搜索，当前完工时间: 1761.00
2025-04-08 16:04:52,628 - DEBUG - 局部搜索未能改进当前解
2025-04-08 16:04:52,632 - DEBUG - 执行AGV分配局部搜索，当前完工时间: 1739.00
2025-04-08 16:04:52,636 - DEBUG - 局部搜索未能改进当前解
2025-04-08 16:04:52,640 - DEBUG - 执行AGV分配局部搜索，当前完工时间: 1743.00
2025-04-08 16:04:52,643 - DEBUG - 局部搜索未能改进当前解
2025-04-08 16:04:52,647 - DEBUG - 执行AGV分配局部搜索，当前完工时间: 1878.00
2025-04-08 16:04:52,650 - DEBUG - AGV分配局部搜索成功！完工时间从 1878.00 降低到 1814.00，改进: 64.00 (3.41%)
2025-04-08 16:04:52,654 - DEBUG - 执行AGV分配局部搜索，当前完工时间: 1745.00
2025-04-08 16:04:52,658 - DEBUG - 局部搜索未能改进当前解
2025-04-08 16:04:52,662 - DEBUG - 执行AGV分配局部搜索，当前完工时间: 1972.00
2025-04-08 16:04:52,666 - DEBUG - AGV分配局部搜索成功！完工时间从 1972.00 降低到 1941.00，改进: 31.00 (1.57%)
2025-04-08 16:04:52,669 - DEBUG - 执行AGV分配局部搜索，当前完工时间: 1730.00
2025-04-08 16:04:52,673 - DEBUG - AGV分配局部搜索成功！完工时间从 1730.00 降低到 1723.00，改进: 7.00 (0.40%)
2025-04-08 16:04:52,676 - DEBUG - 执行AGV分配局部搜索，当前完工时间: 1758.00
2025-04-08 16:04:52,681 - DEBUG - 局部搜索未能改进当前解
2025-04-08 16:04:52,684 - DEBUG - 执行AGV分配局部搜索，当前完工时间: 1787.00
2025-04-08 16:04:52,687 - DEBUG - 局部搜索未能改进当前解
2025-04-08 16:04:52,691 - DEBUG - 执行AGV分配局部搜索，当前完工时间: 1690.00
2025-04-08 16:04:52,694 - DEBUG - 局部搜索未能改进当前解
2025-04-08 16:04:52,698 - DEBUG - 执行AGV分配局部搜索，当前完工时间: 1765.00
2025-04-08 16:04:52,701 - DEBUG - 局部搜索未能改进当前解
2025-04-08 16:04:52,705 - DEBUG - 执行AGV分配局部搜索，当前完工时间: 1727.00
2025-04-08 16:04:52,709 - DEBUG - 局部搜索未能改进当前解
2025-04-08 16:04:52,713 - DEBUG - 执行AGV分配局部搜索，当前完工时间: 1886.00
2025-04-08 16:04:52,717 - DEBUG - 局部搜索未能改进当前解
2025-04-08 16:04:52,721 - DEBUG - 执行AGV分配局部搜索，当前完工时间: 1742.00
2025-04-08 16:04:52,724 - DEBUG - 局部搜索未能改进当前解
2025-04-08 16:04:52,726 - DEBUG - 执行AGV分配局部搜索，当前完工时间: 1715.00
2025-04-08 16:04:52,731 - DEBUG - 局部搜索未能改进当前解
2025-04-08 16:04:52,734 - DEBUG - 执行AGV分配局部搜索，当前完工时间: 1759.00
2025-04-08 16:04:52,738 - DEBUG - 局部搜索未能改进当前解
2025-04-08 16:04:52,742 - DEBUG - 执行AGV分配局部搜索，当前完工时间: 1718.00
2025-04-08 16:04:52,745 - DEBUG - 局部搜索未能改进当前解
2025-04-08 16:04:52,749 - DEBUG - 执行AGV分配局部搜索，当前完工时间: 1787.00
2025-04-08 16:04:52,753 - DEBUG - AGV分配局部搜索成功！完工时间从 1787.00 降低到 1734.00，改进: 53.00 (2.97%)
2025-04-08 16:04:52,757 - DEBUG - 执行AGV分配局部搜索，当前完工时间: 1807.00
2025-04-08 16:04:52,760 - DEBUG - 局部搜索未能改进当前解
2025-04-08 16:04:52,764 - DEBUG - 执行AGV分配局部搜索，当前完工时间: 1764.00
2025-04-08 16:04:52,768 - DEBUG - AGV分配局部搜索成功！完工时间从 1764.00 降低到 1754.00，改进: 10.00 (0.57%)
2025-04-08 16:04:52,771 - DEBUG - 执行AGV分配局部搜索，当前完工时间: 1711.00
2025-04-08 16:04:52,775 - DEBUG - 局部搜索未能改进当前解
2025-04-08 16:04:52,778 - DEBUG - 执行AGV分配局部搜索，当前完工时间: 1701.00
2025-04-08 16:04:52,783 - DEBUG - 局部搜索未能改进当前解
2025-04-08 16:04:52,786 - DEBUG - 执行AGV分配局部搜索，当前完工时间: 1689.00
2025-04-08 16:04:52,791 - DEBUG - 局部搜索未能改进当前解
2025-04-08 16:04:52,794 - DEBUG - 执行AGV分配局部搜索，当前完工时间: 1700.00
2025-04-08 16:04:52,797 - DEBUG - 局部搜索未能改进当前解
2025-04-08 16:04:52,802 - DEBUG - 执行AGV分配局部搜索，当前完工时间: 1828.00
2025-04-08 16:04:52,806 - DEBUG - 局部搜索未能改进当前解
2025-04-08 16:04:52,809 - DEBUG - 执行AGV分配局部搜索，当前完工时间: 1774.00
2025-04-08 16:04:52,812 - DEBUG - 局部搜索未能改进当前解
2025-04-08 16:04:52,817 - DEBUG - 执行AGV分配局部搜索，当前完工时间: 1711.00
2025-04-08 16:04:52,820 - DEBUG - 局部搜索未能改进当前解
2025-04-08 16:04:52,824 - DEBUG - 执行AGV分配局部搜索，当前完工时间: 1711.00
2025-04-08 16:04:52,827 - DEBUG - 局部搜索未能改进当前解
2025-04-08 16:04:52,831 - DEBUG - 执行AGV分配局部搜索，当前完工时间: 1741.00
2025-04-08 16:04:52,835 - DEBUG - 局部搜索未能改进当前解
2025-04-08 16:04:52,839 - DEBUG - 执行AGV分配局部搜索，当前完工时间: 1787.00
2025-04-08 16:04:52,842 - DEBUG - 局部搜索未能改进当前解
2025-04-08 16:04:52,845 - DEBUG - 执行AGV分配局部搜索，当前完工时间: 1771.00
2025-04-08 16:04:52,850 - DEBUG - 局部搜索未能改进当前解
2025-04-08 16:04:52,855 - DEBUG - 执行AGV分配局部搜索，当前完工时间: 1810.00
2025-04-08 16:04:52,857 - DEBUG - 局部搜索未能改进当前解
2025-04-08 16:04:52,862 - DEBUG - 执行AGV分配局部搜索，当前完工时间: 1786.00
2025-04-08 16:04:52,865 - DEBUG - AGV分配局部搜索成功！完工时间从 1786.00 降低到 1776.00，改进: 10.00 (0.56%)
2025-04-08 16:04:52,869 - DEBUG - 执行AGV分配局部搜索，当前完工时间: 1756.00
2025-04-08 16:04:52,873 - DEBUG - 局部搜索未能改进当前解
2025-04-08 16:04:52,876 - DEBUG - 执行AGV分配局部搜索，当前完工时间: 1829.00
2025-04-08 16:04:52,880 - DEBUG - AGV分配局部搜索成功！完工时间从 1829.00 降低到 1798.00，改进: 31.00 (1.69%)
2025-04-08 16:04:52,884 - DEBUG - 执行AGV分配局部搜索，当前完工时间: 1822.00
2025-04-08 16:04:52,887 - DEBUG - 局部搜索未能改进当前解
2025-04-08 16:04:52,891 - DEBUG - 执行AGV分配局部搜索，当前完工时间: 1757.00
2025-04-08 16:04:52,895 - DEBUG - AGV分配局部搜索成功！完工时间从 1757.00 降低到 1749.00，改进: 8.00 (0.46%)
2025-04-08 16:04:52,898 - DEBUG - 执行AGV分配局部搜索，当前完工时间: 1752.00
2025-04-08 16:04:52,902 - DEBUG - 局部搜索未能改进当前解
2025-04-08 16:04:52,906 - DEBUG - 执行AGV分配局部搜索，当前完工时间: 1672.00
2025-04-08 16:04:52,909 - DEBUG - 局部搜索未能改进当前解
2025-04-08 16:04:52,912 - DEBUG - 执行AGV分配局部搜索，当前完工时间: 1748.00
2025-04-08 16:04:52,917 - DEBUG - 局部搜索未能改进当前解
2025-04-08 16:04:52,921 - DEBUG - 执行AGV分配局部搜索，当前完工时间: 1774.00
2025-04-08 16:04:52,925 - DEBUG - 局部搜索未能改进当前解
2025-04-08 16:04:52,929 - DEBUG - 执行AGV分配局部搜索，当前完工时间: 1795.00
2025-04-08 16:04:52,932 - DEBUG - AGV分配局部搜索成功！完工时间从 1795.00 降低到 1789.00，改进: 6.00 (0.33%)
2025-04-08 16:04:52,936 - DEBUG - 执行AGV分配局部搜索，当前完工时间: 1728.00
2025-04-08 16:04:52,940 - DEBUG - 局部搜索未能改进当前解
2025-04-08 16:04:52,944 - DEBUG - 执行AGV分配局部搜索，当前完工时间: 1709.00
2025-04-08 16:04:52,947 - DEBUG - 局部搜索未能改进当前解
2025-04-08 16:04:52,951 - DEBUG - 执行AGV分配局部搜索，当前完工时间: 1721.00
2025-04-08 16:04:52,955 - DEBUG - 局部搜索未能改进当前解
2025-04-08 16:04:52,958 - DEBUG - 执行AGV分配局部搜索，当前完工时间: 1763.00
2025-04-08 16:04:52,962 - DEBUG - AGV分配局部搜索成功！完工时间从 1763.00 降低到 1728.00，改进: 35.00 (1.99%)
2025-04-08 16:04:52,966 - DEBUG - 执行AGV分配局部搜索，当前完工时间: 1767.00
2025-04-08 16:04:52,970 - DEBUG - 局部搜索未能改进当前解
2025-04-08 16:04:52,973 - DEBUG - 执行AGV分配局部搜索，当前完工时间: 1741.00
2025-04-08 16:04:52,976 - DEBUG - 局部搜索未能改进当前解
2025-04-08 16:04:52,980 - DEBUG - 执行AGV分配局部搜索，当前完工时间: 1792.00
2025-04-08 16:04:52,985 - DEBUG - AGV分配局部搜索成功！完工时间从 1792.00 降低到 1767.00，改进: 25.00 (1.40%)
2025-04-08 16:04:52,989 - DEBUG - 执行AGV分配局部搜索，当前完工时间: 1698.00
2025-04-08 16:04:52,992 - DEBUG - 局部搜索未能改进当前解
2025-04-08 16:04:52,995 - DEBUG - 执行AGV分配局部搜索，当前完工时间: 1728.00
2025-04-08 16:04:53,000 - DEBUG - 局部搜索未能改进当前解
2025-04-08 16:04:53,003 - DEBUG - 执行AGV分配局部搜索，当前完工时间: 1789.00
2025-04-08 16:04:53,007 - DEBUG - 局部搜索未能改进当前解
2025-04-08 16:04:53,010 - DEBUG - 执行AGV分配局部搜索，当前完工时间: 1699.00
2025-04-08 16:04:53,014 - DEBUG - 局部搜索未能改进当前解
2025-04-08 16:04:53,018 - DEBUG - 执行AGV分配局部搜索，当前完工时间: 1716.00
2025-04-08 16:04:53,022 - DEBUG - 局部搜索未能改进当前解
2025-04-08 16:04:53,025 - DEBUG - 执行AGV分配局部搜索，当前完工时间: 1735.00
2025-04-08 16:04:53,029 - DEBUG - 局部搜索未能改进当前解
2025-04-08 16:04:53,032 - DEBUG - 执行AGV分配局部搜索，当前完工时间: 1698.00
2025-04-08 16:04:53,036 - DEBUG - 局部搜索未能改进当前解
2025-04-08 16:04:53,040 - DEBUG - 执行AGV分配局部搜索，当前完工时间: 1695.00
2025-04-08 16:04:53,043 - DEBUG - 局部搜索未能改进当前解
2025-04-08 16:04:53,047 - DEBUG - 执行AGV分配局部搜索，当前完工时间: 1706.00
2025-04-08 16:04:53,052 - DEBUG - 局部搜索未能改进当前解
2025-04-08 16:04:53,058 - DEBUG - 执行AGV分配局部搜索，当前完工时间: 1760.00
2025-04-08 16:04:53,062 - DEBUG - AGV分配局部搜索成功！完工时间从 1760.00 降低到 1754.00，改进: 6.00 (0.34%)
2025-04-08 16:04:53,066 - DEBUG - 执行AGV分配局部搜索，当前完工时间: 1739.00
2025-04-08 16:04:53,069 - DEBUG - 局部搜索未能改进当前解
2025-04-08 16:04:53,073 - DEBUG - 执行AGV分配局部搜索，当前完工时间: 1779.00
2025-04-08 16:04:53,076 - DEBUG - 局部搜索未能改进当前解
2025-04-08 16:04:53,080 - DEBUG - 执行AGV分配局部搜索，当前完工时间: 1782.00
2025-04-08 16:04:53,084 - DEBUG - 局部搜索未能改进当前解
2025-04-08 16:04:53,089 - DEBUG - 执行AGV分配局部搜索，当前完工时间: 1760.00
2025-04-08 16:04:53,093 - DEBUG - 局部搜索未能改进当前解
2025-04-08 16:04:53,097 - DEBUG - 执行AGV分配局部搜索，当前完工时间: 1747.00
2025-04-08 16:04:53,101 - DEBUG - 局部搜索未能改进当前解
2025-04-08 16:04:53,105 - DEBUG - 执行AGV分配局部搜索，当前完工时间: 1808.00
2025-04-08 16:04:53,109 - DEBUG - 局部搜索未能改进当前解
2025-04-08 16:04:53,112 - DEBUG - 执行AGV分配局部搜索，当前完工时间: 1717.00
2025-04-08 16:04:53,116 - DEBUG - 局部搜索未能改进当前解
2025-04-08 16:04:53,120 - DEBUG - 执行AGV分配局部搜索，当前完工时间: 1750.00
2025-04-08 16:04:53,123 - DEBUG - 局部搜索未能改进当前解
2025-04-08 16:04:53,126 - DEBUG - 执行AGV分配局部搜索，当前完工时间: 1850.00
2025-04-08 16:04:53,131 - DEBUG - 局部搜索未能改进当前解
2025-04-08 16:04:53,135 - DEBUG - 执行AGV分配局部搜索，当前完工时间: 1787.00
2025-04-08 16:04:53,138 - DEBUG - 局部搜索未能改进当前解
2025-04-08 16:04:53,141 - DEBUG - 执行AGV分配局部搜索，当前完工时间: 1740.00
2025-04-08 16:04:53,145 - DEBUG - 局部搜索未能改进当前解
2025-04-08 16:04:53,149 - DEBUG - 执行AGV分配局部搜索，当前完工时间: 1769.00
2025-04-08 16:04:53,153 - DEBUG - 局部搜索未能改进当前解
2025-04-08 16:04:53,157 - DEBUG - 执行AGV分配局部搜索，当前完工时间: 1695.00
2025-04-08 16:04:53,160 - DEBUG - 局部搜索未能改进当前解
2025-04-08 16:04:53,160 - DEBUG - ==================================================
2025-04-08 16:04:53,160 - DEBUG - Efficiency Statistics of Local Search :
2025-04-08 16:04:53,160 - DEBUG - Number of attempts: 99
2025-04-08 16:04:53,160 - DEBUG - Average Success Rate: 16.16%
2025-04-08 16:04:53,160 - DEBUG - AGV Local Search Success: 16，Average Improvement: 26.19
2025-04-08 16:04:53,165 - DEBUG - 执行AGV分配局部搜索，当前完工时间: 1791.00
2025-04-08 16:04:53,169 - DEBUG - AGV分配局部搜索成功！完工时间从 1791.00 降低到 1773.00，改进: 18.00 (1.01%)
2025-04-08 16:04:53,173 - DEBUG - 执行AGV分配局部搜索，当前完工时间: 1860.00
2025-04-08 16:04:53,176 - DEBUG - 局部搜索未能改进当前解
2025-04-08 16:04:53,180 - DEBUG - 执行AGV分配局部搜索，当前完工时间: 1697.00
2025-04-08 16:04:53,183 - DEBUG - 局部搜索未能改进当前解
2025-04-08 16:04:53,187 - DEBUG - 执行AGV分配局部搜索，当前完工时间: 1702.00
2025-04-08 16:04:53,190 - DEBUG - AGV分配局部搜索成功！完工时间从 1702.00 降低到 1682.00，改进: 20.00 (1.18%)
2025-04-08 16:04:53,193 - DEBUG - 执行AGV分配局部搜索，当前完工时间: 1824.00
2025-04-08 16:04:53,197 - DEBUG - 局部搜索未能改进当前解
2025-04-08 16:04:53,201 - DEBUG - 执行AGV分配局部搜索，当前完工时间: 1714.00
2025-04-08 16:04:53,204 - DEBUG - 局部搜索未能改进当前解
2025-04-08 16:04:53,208 - DEBUG - 执行AGV分配局部搜索，当前完工时间: 1731.00
2025-04-08 16:04:53,212 - DEBUG - 局部搜索未能改进当前解
2025-04-08 16:04:53,215 - DEBUG - 执行AGV分配局部搜索，当前完工时间: 1741.00
2025-04-08 16:04:53,220 - DEBUG - 局部搜索未能改进当前解
2025-04-08 16:04:53,224 - DEBUG - 执行AGV分配局部搜索，当前完工时间: 1749.00
2025-04-08 16:04:53,228 - DEBUG - 局部搜索未能改进当前解
2025-04-08 16:04:53,232 - DEBUG - 执行AGV分配局部搜索，当前完工时间: 1796.00
2025-04-08 16:04:53,235 - DEBUG - 局部搜索未能改进当前解
2025-04-08 16:04:53,240 - DEBUG - 执行AGV分配局部搜索，当前完工时间: 1791.00
2025-04-08 16:04:53,243 - DEBUG - 局部搜索未能改进当前解
2025-04-08 16:04:53,247 - DEBUG - 执行AGV分配局部搜索，当前完工时间: 1700.00
2025-04-08 16:04:53,251 - DEBUG - 局部搜索未能改进当前解
2025-04-08 16:04:53,255 - DEBUG - 执行AGV分配局部搜索，当前完工时间: 1787.00
2025-04-08 16:04:53,258 - DEBUG - 局部搜索未能改进当前解
2025-04-08 16:04:53,262 - DEBUG - 执行AGV分配局部搜索，当前完工时间: 1758.00
2025-04-08 16:04:53,265 - DEBUG - 局部搜索未能改进当前解
2025-04-08 16:04:53,269 - DEBUG - 执行AGV分配局部搜索，当前完工时间: 1735.00
2025-04-08 16:04:53,272 - DEBUG - 局部搜索未能改进当前解
2025-04-08 16:04:53,276 - DEBUG - 执行AGV分配局部搜索，当前完工时间: 1811.00
2025-04-08 16:04:53,280 - DEBUG - 局部搜索未能改进当前解
2025-04-08 16:04:53,284 - DEBUG - 执行AGV分配局部搜索，当前完工时间: 1770.00
2025-04-08 16:04:53,287 - DEBUG - 局部搜索未能改进当前解
2025-04-08 16:04:53,291 - DEBUG - 执行AGV分配局部搜索，当前完工时间: 1730.00
2025-04-08 16:04:53,294 - DEBUG - 局部搜索未能改进当前解
2025-04-08 16:04:53,297 - DEBUG - 执行AGV分配局部搜索，当前完工时间: 1797.00
2025-04-08 16:04:53,302 - DEBUG - AGV分配局部搜索成功！完工时间从 1797.00 降低到 1765.00，改进: 32.00 (1.78%)
2025-04-08 16:04:53,305 - DEBUG - 执行AGV分配局部搜索，当前完工时间: 1728.00
2025-04-08 16:04:53,308 - DEBUG - 局部搜索未能改进当前解
2025-04-08 16:04:53,313 - DEBUG - 执行AGV分配局部搜索，当前完工时间: 1911.00
2025-04-08 16:04:53,316 - DEBUG - 局部搜索未能改进当前解
2025-04-08 16:04:53,320 - DEBUG - 执行AGV分配局部搜索，当前完工时间: 1815.00
2025-04-08 16:04:53,324 - DEBUG - AGV分配局部搜索成功！完工时间从 1815.00 降低到 1749.00，改进: 66.00 (3.64%)
2025-04-08 16:04:53,326 - DEBUG - 执行AGV分配局部搜索，当前完工时间: 1782.00
2025-04-08 16:04:53,332 - DEBUG - 局部搜索未能改进当前解
2025-04-08 16:04:53,336 - DEBUG - 执行AGV分配局部搜索，当前完工时间: 1679.00
2025-04-08 16:04:53,339 - DEBUG - 局部搜索未能改进当前解
2025-04-08 16:04:53,343 - DEBUG - 执行AGV分配局部搜索，当前完工时间: 1842.00
2025-04-08 16:04:53,347 - DEBUG - 局部搜索未能改进当前解
2025-04-08 16:04:53,351 - DEBUG - 执行AGV分配局部搜索，当前完工时间: 1814.00
2025-04-08 16:04:53,354 - DEBUG - 局部搜索未能改进当前解
2025-04-08 16:04:53,359 - DEBUG - 执行AGV分配局部搜索，当前完工时间: 1825.00
2025-04-08 16:04:53,362 - DEBUG - 局部搜索未能改进当前解
2025-04-08 16:04:53,366 - DEBUG - 执行AGV分配局部搜索，当前完工时间: 1746.00
2025-04-08 16:04:53,370 - DEBUG - 局部搜索未能改进当前解
2025-04-08 16:04:53,374 - DEBUG - 执行AGV分配局部搜索，当前完工时间: 1742.00
2025-04-08 16:04:53,376 - DEBUG - 局部搜索未能改进当前解
2025-04-08 16:04:53,381 - DEBUG - 执行AGV分配局部搜索，当前完工时间: 1767.00
2025-04-08 16:04:53,385 - DEBUG - 局部搜索未能改进当前解
2025-04-08 16:04:53,389 - DEBUG - 执行AGV分配局部搜索，当前完工时间: 1774.00
2025-04-08 16:04:53,392 - DEBUG - 局部搜索未能改进当前解
2025-04-08 16:04:53,396 - DEBUG - 执行AGV分配局部搜索，当前完工时间: 1777.00
2025-04-08 16:04:53,400 - DEBUG - 局部搜索未能改进当前解
2025-04-08 16:04:53,403 - DEBUG - 执行AGV分配局部搜索，当前完工时间: 1804.00
2025-04-08 16:04:53,407 - DEBUG - 局部搜索未能改进当前解
2025-04-08 16:04:53,412 - DEBUG - 执行AGV分配局部搜索，当前完工时间: 1822.00
2025-04-08 16:04:53,414 - DEBUG - 局部搜索未能改进当前解
2025-04-08 16:04:53,419 - DEBUG - 执行AGV分配局部搜索，当前完工时间: 1758.00
2025-04-08 16:04:53,422 - DEBUG - 局部搜索未能改进当前解
2025-04-08 16:04:53,426 - DEBUG - 执行AGV分配局部搜索，当前完工时间: 1739.00
2025-04-08 16:04:53,430 - DEBUG - 局部搜索未能改进当前解
2025-04-08 16:04:53,434 - DEBUG - 执行AGV分配局部搜索，当前完工时间: 1805.00
2025-04-08 16:04:53,437 - DEBUG - 局部搜索未能改进当前解
2025-04-08 16:04:53,440 - DEBUG - 执行AGV分配局部搜索，当前完工时间: 1711.00
2025-04-08 16:04:53,445 - DEBUG - 局部搜索未能改进当前解
2025-04-08 16:04:53,449 - DEBUG - 执行AGV分配局部搜索，当前完工时间: 1748.00
2025-04-08 16:04:53,453 - DEBUG - 局部搜索未能改进当前解
2025-04-08 16:04:53,457 - DEBUG - 执行AGV分配局部搜索，当前完工时间: 1732.00
2025-04-08 16:04:53,460 - DEBUG - 局部搜索未能改进当前解
2025-04-08 16:04:53,464 - DEBUG - 执行AGV分配局部搜索，当前完工时间: 1736.00
2025-04-08 16:04:53,468 - DEBUG - 局部搜索未能改进当前解
2025-04-08 16:04:53,471 - DEBUG - 执行AGV分配局部搜索，当前完工时间: 1721.00
2025-04-08 16:04:53,475 - DEBUG - AGV分配局部搜索成功！完工时间从 1721.00 降低到 1714.00，改进: 7.00 (0.41%)
2025-04-08 16:04:53,479 - DEBUG - 执行AGV分配局部搜索，当前完工时间: 1718.00
2025-04-08 16:04:53,482 - DEBUG - 局部搜索未能改进当前解
2025-04-08 16:04:53,486 - DEBUG - 执行AGV分配局部搜索，当前完工时间: 1729.00
2025-04-08 16:04:53,490 - DEBUG - 局部搜索未能改进当前解
2025-04-08 16:04:53,493 - DEBUG - 执行AGV分配局部搜索，当前完工时间: 1728.00
2025-04-08 16:04:53,497 - DEBUG - 局部搜索未能改进当前解
2025-04-08 16:04:53,500 - DEBUG - 执行AGV分配局部搜索，当前完工时间: 1731.00
2025-04-08 16:04:53,504 - DEBUG - 局部搜索未能改进当前解
2025-04-08 16:04:53,508 - DEBUG - 执行AGV分配局部搜索，当前完工时间: 1735.00
2025-04-08 16:04:53,512 - DEBUG - 局部搜索未能改进当前解
2025-04-08 16:04:53,515 - DEBUG - 执行AGV分配局部搜索，当前完工时间: 1780.00
2025-04-08 16:04:53,519 - DEBUG - 局部搜索未能改进当前解
2025-04-08 16:04:53,522 - DEBUG - 执行AGV分配局部搜索，当前完工时间: 1728.00
2025-04-08 16:04:53,526 - DEBUG - 局部搜索未能改进当前解
2025-04-08 16:04:53,530 - DEBUG - 执行AGV分配局部搜索，当前完工时间: 1752.00
2025-04-08 16:04:53,534 - DEBUG - 局部搜索未能改进当前解
2025-04-08 16:04:53,538 - DEBUG - 执行AGV分配局部搜索，当前完工时间: 1850.00
2025-04-08 16:04:53,542 - DEBUG - AGV分配局部搜索成功！完工时间从 1850.00 降低到 1829.00，改进: 21.00 (1.14%)
2025-04-08 16:04:53,545 - DEBUG - 执行AGV分配局部搜索，当前完工时间: 1700.00
2025-04-08 16:04:53,549 - DEBUG - 局部搜索未能改进当前解
2025-04-08 16:04:53,553 - DEBUG - 执行AGV分配局部搜索，当前完工时间: 1795.00
2025-04-08 16:04:53,557 - DEBUG - 局部搜索未能改进当前解
2025-04-08 16:04:53,561 - DEBUG - 执行AGV分配局部搜索，当前完工时间: 1752.00
2025-04-08 16:04:53,565 - DEBUG - 局部搜索未能改进当前解
2025-04-08 16:04:53,569 - DEBUG - 执行AGV分配局部搜索，当前完工时间: 1709.00
2025-04-08 16:04:53,572 - DEBUG - 局部搜索未能改进当前解
2025-04-08 16:04:53,575 - DEBUG - 执行AGV分配局部搜索，当前完工时间: 1748.00
2025-04-08 16:04:53,580 - DEBUG - 局部搜索未能改进当前解
2025-04-08 16:04:53,584 - DEBUG - 执行AGV分配局部搜索，当前完工时间: 1853.00
2025-04-08 16:04:53,587 - DEBUG - AGV分配局部搜索成功！完工时间从 1853.00 降低到 1852.00，改进: 1.00 (0.05%)
2025-04-08 16:04:53,592 - DEBUG - 执行AGV分配局部搜索，当前完工时间: 1747.00
2025-04-08 16:04:53,595 - DEBUG - AGV分配局部搜索成功！完工时间从 1747.00 降低到 1744.00，改进: 3.00 (0.17%)
2025-04-08 16:04:53,599 - DEBUG - 执行AGV分配局部搜索，当前完工时间: 1754.00
2025-04-08 16:04:53,603 - DEBUG - 局部搜索未能改进当前解
2025-04-08 16:04:53,607 - DEBUG - 执行AGV分配局部搜索，当前完工时间: 1719.00
2025-04-08 16:04:53,609 - DEBUG - 局部搜索未能改进当前解
2025-04-08 16:04:53,614 - DEBUG - 执行AGV分配局部搜索，当前完工时间: 1826.00
2025-04-08 16:04:53,617 - DEBUG - 局部搜索未能改进当前解
2025-04-08 16:04:53,621 - DEBUG - 执行AGV分配局部搜索，当前完工时间: 1750.00
2025-04-08 16:04:53,625 - DEBUG - 局部搜索未能改进当前解
2025-04-08 16:04:53,629 - DEBUG - 执行AGV分配局部搜索，当前完工时间: 1742.00
2025-04-08 16:04:53,632 - DEBUG - 局部搜索未能改进当前解
2025-04-08 16:04:53,635 - DEBUG - 执行AGV分配局部搜索，当前完工时间: 1780.00
2025-04-08 16:04:53,638 - DEBUG - 局部搜索未能改进当前解
2025-04-08 16:04:53,643 - DEBUG - 执行AGV分配局部搜索，当前完工时间: 1756.00
2025-04-08 16:04:53,647 - DEBUG - 局部搜索未能改进当前解
2025-04-08 16:04:53,650 - DEBUG - 执行AGV分配局部搜索，当前完工时间: 1687.00
2025-04-08 16:04:53,654 - DEBUG - 局部搜索未能改进当前解
2025-04-08 16:04:53,657 - DEBUG - 执行AGV分配局部搜索，当前完工时间: 1721.00
2025-04-08 16:04:53,661 - DEBUG - 局部搜索未能改进当前解
2025-04-08 16:04:53,665 - DEBUG - 执行AGV分配局部搜索，当前完工时间: 1821.00
2025-04-08 16:04:53,670 - DEBUG - 局部搜索未能改进当前解
2025-04-08 16:04:53,673 - DEBUG - 执行AGV分配局部搜索，当前完工时间: 1746.00
2025-04-08 16:04:53,676 - DEBUG - 局部搜索未能改进当前解
2025-04-08 16:04:53,681 - DEBUG - 执行AGV分配局部搜索，当前完工时间: 1739.00
2025-04-08 16:04:53,685 - DEBUG - 局部搜索未能改进当前解
2025-04-08 16:04:53,689 - DEBUG - 执行AGV分配局部搜索，当前完工时间: 1837.00
2025-04-08 16:04:53,693 - DEBUG - AGV分配局部搜索成功！完工时间从 1837.00 降低到 1788.00，改进: 49.00 (2.67%)
2025-04-08 16:04:53,697 - DEBUG - 执行AGV分配局部搜索，当前完工时间: 1732.00
2025-04-08 16:04:53,700 - DEBUG - 局部搜索未能改进当前解
2025-04-08 16:04:53,703 - DEBUG - 执行AGV分配局部搜索，当前完工时间: 1805.00
2025-04-08 16:04:53,707 - DEBUG - 局部搜索未能改进当前解
2025-04-08 16:04:53,712 - DEBUG - 执行AGV分配局部搜索，当前完工时间: 1775.00
2025-04-08 16:04:53,714 - DEBUG - 局部搜索未能改进当前解
2025-04-08 16:04:53,719 - DEBUG - 执行AGV分配局部搜索，当前完工时间: 1857.00
2025-04-08 16:04:53,722 - DEBUG - 局部搜索未能改进当前解
2025-04-08 16:04:53,727 - DEBUG - 执行AGV分配局部搜索，当前完工时间: 1680.00
2025-04-08 16:04:53,731 - DEBUG - 局部搜索未能改进当前解
2025-04-08 16:04:53,734 - DEBUG - 执行AGV分配局部搜索，当前完工时间: 1742.00
2025-04-08 16:04:53,738 - DEBUG - 局部搜索未能改进当前解
2025-04-08 16:04:53,742 - DEBUG - 执行AGV分配局部搜索，当前完工时间: 1749.00
2025-04-08 16:04:53,745 - DEBUG - 局部搜索未能改进当前解
2025-04-08 16:04:53,749 - DEBUG - 执行AGV分配局部搜索，当前完工时间: 1806.00
2025-04-08 16:04:53,753 - DEBUG - 局部搜索未能改进当前解
2025-04-08 16:04:53,756 - DEBUG - 执行AGV分配局部搜索，当前完工时间: 1721.00
2025-04-08 16:04:53,759 - DEBUG - 局部搜索未能改进当前解
2025-04-08 16:04:53,763 - DEBUG - 执行AGV分配局部搜索，当前完工时间: 1812.00
2025-04-08 16:04:53,766 - DEBUG - 局部搜索未能改进当前解
2025-04-08 16:04:53,770 - DEBUG - 执行AGV分配局部搜索，当前完工时间: 1740.00
2025-04-08 16:04:53,774 - DEBUG - 局部搜索未能改进当前解
2025-04-08 16:04:53,778 - DEBUG - 执行AGV分配局部搜索，当前完工时间: 1744.00
2025-04-08 16:04:53,782 - DEBUG - 局部搜索未能改进当前解
2025-04-08 16:04:53,786 - DEBUG - 执行AGV分配局部搜索，当前完工时间: 1840.00
2025-04-08 16:04:53,789 - DEBUG - 局部搜索未能改进当前解
2025-04-08 16:04:53,793 - DEBUG - 执行AGV分配局部搜索，当前完工时间: 1712.00
2025-04-08 16:04:53,797 - DEBUG - 局部搜索未能改进当前解
2025-04-08 16:04:53,800 - DEBUG - 执行AGV分配局部搜索，当前完工时间: 1786.00
2025-04-08 16:04:53,804 - DEBUG - AGV分配局部搜索成功！完工时间从 1786.00 降低到 1749.00，改进: 37.00 (2.07%)
2025-04-08 16:04:53,808 - DEBUG - 执行AGV分配局部搜索，当前完工时间: 1780.00
2025-04-08 16:04:53,810 - DEBUG - 局部搜索未能改进当前解
2025-04-08 16:04:53,816 - DEBUG - 执行AGV分配局部搜索，当前完工时间: 1787.00
2025-04-08 16:04:53,818 - DEBUG - 局部搜索未能改进当前解
2025-04-08 16:04:53,822 - DEBUG - 执行AGV分配局部搜索，当前完工时间: 1754.00
2025-04-08 16:04:53,826 - DEBUG - 局部搜索未能改进当前解
2025-04-08 16:04:53,829 - DEBUG - 执行AGV分配局部搜索，当前完工时间: 1867.00
2025-04-08 16:04:53,834 - DEBUG - 局部搜索未能改进当前解
2025-04-08 16:04:53,837 - DEBUG - 执行AGV分配局部搜索，当前完工时间: 1767.00
2025-04-08 16:04:53,841 - DEBUG - 局部搜索未能改进当前解
2025-04-08 16:04:53,845 - DEBUG - 执行AGV分配局部搜索，当前完工时间: 1786.00
2025-04-08 16:04:53,849 - DEBUG - 局部搜索未能改进当前解
2025-04-08 16:04:53,853 - DEBUG - 执行AGV分配局部搜索，当前完工时间: 1688.00
2025-04-08 16:04:53,856 - DEBUG - 局部搜索未能改进当前解
2025-04-08 16:04:53,859 - DEBUG - 执行AGV分配局部搜索，当前完工时间: 1672.00
2025-04-08 16:04:53,862 - DEBUG - 局部搜索未能改进当前解
2025-04-08 16:04:53,866 - DEBUG - 执行AGV分配局部搜索，当前完工时间: 1736.00
2025-04-08 16:04:53,870 - DEBUG - 局部搜索未能改进当前解
2025-04-08 16:04:53,875 - DEBUG - 执行AGV分配局部搜索，当前完工时间: 1845.00
2025-04-08 16:04:53,879 - DEBUG - 局部搜索未能改进当前解
2025-04-08 16:04:53,882 - DEBUG - 执行AGV分配局部搜索，当前完工时间: 1765.00
2025-04-08 16:04:53,886 - DEBUG - 局部搜索未能改进当前解
2025-04-08 16:04:53,889 - DEBUG - 执行AGV分配局部搜索，当前完工时间: 1764.00
2025-04-08 16:04:53,893 - DEBUG - 局部搜索未能改进当前解
2025-04-08 16:04:53,897 - DEBUG - 执行AGV分配局部搜索，当前完工时间: 1727.00
2025-04-08 16:04:53,900 - DEBUG - 局部搜索未能改进当前解
2025-04-08 16:04:53,900 - DEBUG - ==================================================
2025-04-08 16:04:53,901 - DEBUG - Efficiency Statistics of Local Search :
2025-04-08 16:04:53,901 - DEBUG - Number of attempts: 99
2025-04-08 16:04:53,901 - DEBUG - Average Success Rate: 10.10%
2025-04-08 16:04:53,901 - DEBUG - AGV Local Search Success: 10，Average Improvement: 25.40
2025-04-08 16:04:53,904 - DEBUG - 执行AGV分配局部搜索，当前完工时间: 1716.00
2025-04-08 16:04:53,908 - DEBUG - 局部搜索未能改进当前解
2025-04-08 16:04:53,912 - DEBUG - 执行AGV分配局部搜索，当前完工时间: 1788.00
2025-04-08 16:04:53,915 - DEBUG - 局部搜索未能改进当前解
2025-04-08 16:04:53,919 - DEBUG - 执行AGV分配局部搜索，当前完工时间: 1715.00
2025-04-08 16:04:53,923 - DEBUG - 局部搜索未能改进当前解
2025-04-08 16:04:53,926 - DEBUG - 执行AGV分配局部搜索，当前完工时间: 1706.00
2025-04-08 16:04:53,930 - DEBUG - 局部搜索未能改进当前解
2025-04-08 16:04:53,933 - DEBUG - 执行AGV分配局部搜索，当前完工时间: 1824.00
2025-04-08 16:04:53,937 - DEBUG - 局部搜索未能改进当前解
2025-04-08 16:04:53,941 - DEBUG - 执行AGV分配局部搜索，当前完工时间: 1703.00
2025-04-08 16:04:53,945 - DEBUG - 局部搜索未能改进当前解
2025-04-08 16:04:53,949 - DEBUG - 执行AGV分配局部搜索，当前完工时间: 1757.00
2025-04-08 16:04:53,952 - DEBUG - 局部搜索未能改进当前解
2025-04-08 16:04:53,956 - DEBUG - 执行AGV分配局部搜索，当前完工时间: 1742.00
2025-04-08 16:04:53,959 - DEBUG - 局部搜索未能改进当前解
2025-04-08 16:04:53,962 - DEBUG - 执行AGV分配局部搜索，当前完工时间: 1697.00
2025-04-08 16:04:53,966 - DEBUG - 局部搜索未能改进当前解
2025-04-08 16:04:53,970 - DEBUG - 执行AGV分配局部搜索，当前完工时间: 1714.00
2025-04-08 16:04:53,974 - DEBUG - 局部搜索未能改进当前解
2025-04-08 16:04:53,978 - DEBUG - 执行AGV分配局部搜索，当前完工时间: 1763.00
2025-04-08 16:04:53,981 - DEBUG - 局部搜索未能改进当前解
2025-04-08 16:04:53,986 - DEBUG - 执行AGV分配局部搜索，当前完工时间: 1823.00
2025-04-08 16:04:53,989 - DEBUG - 局部搜索未能改进当前解
2025-04-08 16:04:53,993 - DEBUG - 执行AGV分配局部搜索，当前完工时间: 1703.00
2025-04-08 16:04:53,997 - DEBUG - 局部搜索未能改进当前解
2025-04-08 16:04:54,000 - DEBUG - 执行AGV分配局部搜索，当前完工时间: 1728.00
2025-04-08 16:04:54,004 - DEBUG - 局部搜索未能改进当前解
2025-04-08 16:04:54,008 - DEBUG - 执行AGV分配局部搜索，当前完工时间: 1765.00
2025-04-08 16:04:54,011 - DEBUG - 局部搜索未能改进当前解
2025-04-08 16:04:54,015 - DEBUG - 执行AGV分配局部搜索，当前完工时间: 1693.00
2025-04-08 16:04:54,019 - DEBUG - 局部搜索未能改进当前解
2025-04-08 16:04:54,022 - DEBUG - 执行AGV分配局部搜索，当前完工时间: 1743.00
2025-04-08 16:04:54,026 - DEBUG - AGV分配局部搜索成功！完工时间从 1743.00 降低到 1730.00，改进: 13.00 (0.75%)
2025-04-08 16:04:54,030 - DEBUG - 执行AGV分配局部搜索，当前完工时间: 1762.00
2025-04-08 16:04:54,033 - DEBUG - 局部搜索未能改进当前解
2025-04-08 16:04:54,037 - DEBUG - 执行AGV分配局部搜索，当前完工时间: 1788.00
2025-04-08 16:04:54,041 - DEBUG - 局部搜索未能改进当前解
2025-04-08 16:04:54,045 - DEBUG - 执行AGV分配局部搜索，当前完工时间: 1672.00
2025-04-08 16:04:54,047 - DEBUG - 局部搜索未能改进当前解
2025-04-08 16:04:54,052 - DEBUG - 执行AGV分配局部搜索，当前完工时间: 1738.00
2025-04-08 16:04:54,056 - DEBUG - 局部搜索未能改进当前解
2025-04-08 16:04:54,059 - DEBUG - 执行AGV分配局部搜索，当前完工时间: 1845.00
2025-04-08 16:04:54,064 - DEBUG - 局部搜索未能改进当前解
2025-04-08 16:04:54,066 - DEBUG - 执行AGV分配局部搜索，当前完工时间: 1731.00
2025-04-08 16:04:54,070 - DEBUG - 局部搜索未能改进当前解
2025-04-08 16:04:54,076 - DEBUG - 执行AGV分配局部搜索，当前完工时间: 1730.00
2025-04-08 16:04:54,080 - DEBUG - AGV分配局部搜索成功！完工时间从 1730.00 降低到 1701.00，改进: 29.00 (1.68%)
2025-04-08 16:04:54,084 - DEBUG - 执行AGV分配局部搜索，当前完工时间: 1733.00
2025-04-08 16:04:54,088 - DEBUG - 局部搜索未能改进当前解
2025-04-08 16:04:54,093 - DEBUG - 执行AGV分配局部搜索，当前完工时间: 1680.00
2025-04-08 16:04:54,096 - DEBUG - 局部搜索未能改进当前解
2025-04-08 16:04:54,100 - DEBUG - 执行AGV分配局部搜索，当前完工时间: 1690.00
2025-04-08 16:04:54,104 - DEBUG - 局部搜索未能改进当前解
2025-04-08 16:04:54,107 - DEBUG - 执行AGV分配局部搜索，当前完工时间: 1683.00
2025-04-08 16:04:54,111 - DEBUG - 局部搜索未能改进当前解
2025-04-08 16:04:54,114 - DEBUG - 执行AGV分配局部搜索，当前完工时间: 1700.00
2025-04-08 16:04:54,118 - DEBUG - 局部搜索未能改进当前解
2025-04-08 16:04:54,121 - DEBUG - 执行AGV分配局部搜索，当前完工时间: 1759.00
2025-04-08 16:04:54,125 - DEBUG - AGV分配局部搜索成功！完工时间从 1759.00 降低到 1736.00，改进: 23.00 (1.31%)
2025-04-08 16:04:54,129 - DEBUG - 执行AGV分配局部搜索，当前完工时间: 1865.00
2025-04-08 16:04:54,132 - DEBUG - 局部搜索未能改进当前解
2025-04-08 16:04:54,137 - DEBUG - 执行AGV分配局部搜索，当前完工时间: 1757.00
2025-04-08 16:04:54,140 - DEBUG - 局部搜索未能改进当前解
2025-04-08 16:04:54,144 - DEBUG - 执行AGV分配局部搜索，当前完工时间: 1718.00
2025-04-08 16:04:54,148 - DEBUG - AGV分配局部搜索成功！完工时间从 1718.00 降低到 1706.00，改进: 12.00 (0.70%)
2025-04-08 16:04:54,151 - DEBUG - 执行AGV分配局部搜索，当前完工时间: 1802.00
2025-04-08 16:04:54,156 - DEBUG - AGV分配局部搜索成功！完工时间从 1802.00 降低到 1739.00，改进: 63.00 (3.50%)
2025-04-08 16:04:54,159 - DEBUG - 执行AGV分配局部搜索，当前完工时间: 1756.00
2025-04-08 16:04:54,162 - DEBUG - 局部搜索未能改进当前解
2025-04-08 16:04:54,166 - DEBUG - 执行AGV分配局部搜索，当前完工时间: 1765.00
2025-04-08 16:04:54,170 - DEBUG - 局部搜索未能改进当前解
2025-04-08 16:04:54,173 - DEBUG - 执行AGV分配局部搜索，当前完工时间: 1698.00
2025-04-08 16:04:54,176 - DEBUG - 局部搜索未能改进当前解
2025-04-08 16:04:54,181 - DEBUG - 执行AGV分配局部搜索，当前完工时间: 1728.00
2025-04-08 16:04:54,185 - DEBUG - 局部搜索未能改进当前解
2025-04-08 16:04:54,188 - DEBUG - 执行AGV分配局部搜索，当前完工时间: 1742.00
2025-04-08 16:04:54,193 - DEBUG - 局部搜索未能改进当前解
2025-04-08 16:04:54,196 - DEBUG - 执行AGV分配局部搜索，当前完工时间: 1700.00
2025-04-08 16:04:54,200 - DEBUG - 局部搜索未能改进当前解
2025-04-08 16:04:54,204 - DEBUG - 执行AGV分配局部搜索，当前完工时间: 1688.00
2025-04-08 16:04:54,207 - DEBUG - 局部搜索未能改进当前解
2025-04-08 16:04:54,210 - DEBUG - 执行AGV分配局部搜索，当前完工时间: 1780.00
2025-04-08 16:04:54,214 - DEBUG - 局部搜索未能改进当前解
2025-04-08 16:04:54,218 - DEBUG - 执行AGV分配局部搜索，当前完工时间: 1798.00
2025-04-08 16:04:54,221 - DEBUG - 局部搜索未能改进当前解
2025-04-08 16:04:54,225 - DEBUG - 执行AGV分配局部搜索，当前完工时间: 1689.00
2025-04-08 16:04:54,228 - DEBUG - 局部搜索未能改进当前解
2025-04-08 16:04:54,233 - DEBUG - 执行AGV分配局部搜索，当前完工时间: 1756.00
2025-04-08 16:04:54,236 - DEBUG - 局部搜索未能改进当前解
2025-04-08 16:04:54,240 - DEBUG - 执行AGV分配局部搜索，当前完工时间: 1710.00
2025-04-08 16:04:54,243 - DEBUG - 局部搜索未能改进当前解
2025-04-08 16:04:54,247 - DEBUG - 执行AGV分配局部搜索，当前完工时间: 1717.00
2025-04-08 16:04:54,250 - DEBUG - 局部搜索未能改进当前解
2025-04-08 16:04:54,254 - DEBUG - 执行AGV分配局部搜索，当前完工时间: 1821.00
2025-04-08 16:04:54,258 - DEBUG - 局部搜索未能改进当前解
2025-04-08 16:04:54,262 - DEBUG - 执行AGV分配局部搜索，当前完工时间: 1728.00
2025-04-08 16:04:54,265 - DEBUG - 局部搜索未能改进当前解
2025-04-08 16:04:54,269 - DEBUG - 执行AGV分配局部搜索，当前完工时间: 1728.00
2025-04-08 16:04:54,272 - DEBUG - 局部搜索未能改进当前解
2025-04-08 16:04:54,277 - DEBUG - 执行AGV分配局部搜索，当前完工时间: 1749.00
2025-04-08 16:04:54,279 - DEBUG - 局部搜索未能改进当前解
2025-04-08 16:04:54,283 - DEBUG - 执行AGV分配局部搜索，当前完工时间: 1776.00
2025-04-08 16:04:54,287 - DEBUG - 局部搜索未能改进当前解
2025-04-08 16:04:54,291 - DEBUG - 执行AGV分配局部搜索，当前完工时间: 1741.00
2025-04-08 16:04:54,295 - DEBUG - 局部搜索未能改进当前解
2025-04-08 16:04:54,299 - DEBUG - 执行AGV分配局部搜索，当前完工时间: 1771.00
2025-04-08 16:04:54,303 - DEBUG - 局部搜索未能改进当前解
2025-04-08 16:04:54,306 - DEBUG - 执行AGV分配局部搜索，当前完工时间: 1797.00
2025-04-08 16:04:54,310 - DEBUG - 局部搜索未能改进当前解
2025-04-08 16:04:54,314 - DEBUG - 执行AGV分配局部搜索，当前完工时间: 1810.00
2025-04-08 16:04:54,317 - DEBUG - 局部搜索未能改进当前解
2025-04-08 16:04:54,320 - DEBUG - 执行AGV分配局部搜索，当前完工时间: 1767.00
2025-04-08 16:04:54,325 - DEBUG - 局部搜索未能改进当前解
2025-04-08 16:04:54,328 - DEBUG - 执行AGV分配局部搜索，当前完工时间: 1687.00
2025-04-08 16:04:54,332 - DEBUG - 局部搜索未能改进当前解
2025-04-08 16:04:54,336 - DEBUG - 执行AGV分配局部搜索，当前完工时间: 1781.00
2025-04-08 16:04:54,340 - DEBUG - 局部搜索未能改进当前解
2025-04-08 16:04:54,345 - DEBUG - 执行AGV分配局部搜索，当前完工时间: 1700.00
2025-04-08 16:04:54,349 - DEBUG - 局部搜索未能改进当前解
2025-04-08 16:04:54,353 - DEBUG - 执行AGV分配局部搜索，当前完工时间: 1754.00
2025-04-08 16:04:54,356 - DEBUG - 局部搜索未能改进当前解
2025-04-08 16:04:54,360 - DEBUG - 执行AGV分配局部搜索，当前完工时间: 1689.00
2025-04-08 16:04:54,364 - DEBUG - 局部搜索未能改进当前解
2025-04-08 16:04:54,368 - DEBUG - 执行AGV分配局部搜索，当前完工时间: 1729.00
2025-04-08 16:04:54,372 - DEBUG - 局部搜索未能改进当前解
2025-04-08 16:04:54,376 - DEBUG - 执行AGV分配局部搜索，当前完工时间: 1679.00
2025-04-08 16:04:54,379 - DEBUG - 局部搜索未能改进当前解
2025-04-08 16:04:54,383 - DEBUG - 执行AGV分配局部搜索，当前完工时间: 1783.00
2025-04-08 16:04:54,387 - DEBUG - 局部搜索未能改进当前解
2025-04-08 16:04:54,390 - DEBUG - 执行AGV分配局部搜索，当前完工时间: 1757.00
2025-04-08 16:04:54,395 - DEBUG - 局部搜索未能改进当前解
2025-04-08 16:04:54,398 - DEBUG - 执行AGV分配局部搜索，当前完工时间: 1714.00
2025-04-08 16:04:54,402 - DEBUG - 局部搜索未能改进当前解
2025-04-08 16:04:54,405 - DEBUG - 执行AGV分配局部搜索，当前完工时间: 1790.00
2025-04-08 16:04:54,409 - DEBUG - 局部搜索未能改进当前解
2025-04-08 16:04:54,413 - DEBUG - 执行AGV分配局部搜索，当前完工时间: 1791.00
2025-04-08 16:04:54,416 - DEBUG - 局部搜索未能改进当前解
2025-04-08 16:04:54,421 - DEBUG - 执行AGV分配局部搜索，当前完工时间: 1720.00
2025-04-08 16:04:54,424 - DEBUG - 局部搜索未能改进当前解
2025-04-08 16:04:54,429 - DEBUG - 执行AGV分配局部搜索，当前完工时间: 1686.00
2025-04-08 16:04:54,432 - DEBUG - 局部搜索未能改进当前解
2025-04-08 16:04:54,436 - DEBUG - 执行AGV分配局部搜索，当前完工时间: 1799.00
2025-04-08 16:04:54,440 - DEBUG - 局部搜索未能改进当前解
2025-04-08 16:04:54,444 - DEBUG - 执行AGV分配局部搜索，当前完工时间: 1735.00
2025-04-08 16:04:54,447 - DEBUG - 局部搜索未能改进当前解
2025-04-08 16:04:54,451 - DEBUG - 执行AGV分配局部搜索，当前完工时间: 1747.00
2025-04-08 16:04:54,455 - DEBUG - 局部搜索未能改进当前解
2025-04-08 16:04:54,459 - DEBUG - 执行AGV分配局部搜索，当前完工时间: 1765.00
2025-04-08 16:04:54,462 - DEBUG - 局部搜索未能改进当前解
2025-04-08 16:04:54,467 - DEBUG - 执行AGV分配局部搜索，当前完工时间: 1721.00
2025-04-08 16:04:54,470 - DEBUG - 局部搜索未能改进当前解
2025-04-08 16:04:54,475 - DEBUG - 执行AGV分配局部搜索，当前完工时间: 1778.00
2025-04-08 16:04:54,478 - DEBUG - 局部搜索未能改进当前解
2025-04-08 16:04:54,482 - DEBUG - 执行AGV分配局部搜索，当前完工时间: 1717.00
2025-04-08 16:04:54,486 - DEBUG - 局部搜索未能改进当前解
2025-04-08 16:04:54,490 - DEBUG - 执行AGV分配局部搜索，当前完工时间: 1679.00
2025-04-08 16:04:54,494 - DEBUG - 局部搜索未能改进当前解
2025-04-08 16:04:54,498 - DEBUG - 执行AGV分配局部搜索，当前完工时间: 1687.00
2025-04-08 16:04:54,502 - DEBUG - 局部搜索未能改进当前解
2025-04-08 16:04:54,506 - DEBUG - 执行AGV分配局部搜索，当前完工时间: 1764.00
2025-04-08 16:04:54,510 - DEBUG - 局部搜索未能改进当前解
2025-04-08 16:04:54,514 - DEBUG - 执行AGV分配局部搜索，当前完工时间: 1718.00
2025-04-08 16:04:54,518 - DEBUG - AGV分配局部搜索成功！完工时间从 1718.00 降低到 1693.00，改进: 25.00 (1.46%)
2025-04-08 16:04:54,521 - DEBUG - 执行AGV分配局部搜索，当前完工时间: 1769.00
2025-04-08 16:04:54,525 - DEBUG - 局部搜索未能改进当前解
2025-04-08 16:04:54,529 - DEBUG - 执行AGV分配局部搜索，当前完工时间: 1680.00
2025-04-08 16:04:54,533 - DEBUG - 局部搜索未能改进当前解
2025-04-08 16:04:54,536 - DEBUG - 执行AGV分配局部搜索，当前完工时间: 1835.00
2025-04-08 16:04:54,540 - DEBUG - 局部搜索未能改进当前解
2025-04-08 16:04:54,543 - DEBUG - 执行AGV分配局部搜索，当前完工时间: 1721.00
2025-04-08 16:04:54,547 - DEBUG - 局部搜索未能改进当前解
2025-04-08 16:04:54,551 - DEBUG - 执行AGV分配局部搜索，当前完工时间: 1728.00
2025-04-08 16:04:54,554 - DEBUG - 局部搜索未能改进当前解
2025-04-08 16:04:54,559 - DEBUG - 执行AGV分配局部搜索，当前完工时间: 1691.00
2025-04-08 16:04:54,563 - DEBUG - 局部搜索未能改进当前解
2025-04-08 16:04:54,566 - DEBUG - 执行AGV分配局部搜索，当前完工时间: 1730.00
2025-04-08 16:04:54,570 - DEBUG - 局部搜索未能改进当前解
2025-04-08 16:04:54,574 - DEBUG - 执行AGV分配局部搜索，当前完工时间: 1744.00
2025-04-08 16:04:54,576 - DEBUG - 局部搜索未能改进当前解
2025-04-08 16:04:54,581 - DEBUG - 执行AGV分配局部搜索，当前完工时间: 1749.00
2025-04-08 16:04:54,585 - DEBUG - 局部搜索未能改进当前解
2025-04-08 16:04:54,589 - DEBUG - 执行AGV分配局部搜索，当前完工时间: 1779.00
2025-04-08 16:04:54,592 - DEBUG - 局部搜索未能改进当前解
2025-04-08 16:04:54,595 - DEBUG - 执行AGV分配局部搜索，当前完工时间: 1835.00
2025-04-08 16:04:54,600 - DEBUG - 局部搜索未能改进当前解
2025-04-08 16:04:54,603 - DEBUG - 执行AGV分配局部搜索，当前完工时间: 1751.00
2025-04-08 16:04:54,607 - DEBUG - 局部搜索未能改进当前解
2025-04-08 16:04:54,610 - DEBUG - 执行AGV分配局部搜索，当前完工时间: 1784.00
2025-04-08 16:04:54,614 - DEBUG - AGV分配局部搜索成功！完工时间从 1784.00 降低到 1768.00，改进: 16.00 (0.90%)
2025-04-08 16:04:54,618 - DEBUG - 执行AGV分配局部搜索，当前完工时间: 1761.00
2025-04-08 16:04:54,621 - DEBUG - 局部搜索未能改进当前解
2025-04-08 16:04:54,626 - DEBUG - 执行AGV分配局部搜索，当前完工时间: 1776.00
2025-04-08 16:04:54,628 - DEBUG - 局部搜索未能改进当前解
2025-04-08 16:04:54,632 - DEBUG - 执行AGV分配局部搜索，当前完工时间: 1785.00
2025-04-08 16:04:54,636 - DEBUG - 局部搜索未能改进当前解
2025-04-08 16:04:54,641 - DEBUG - 执行AGV分配局部搜索，当前完工时间: 1772.00
2025-04-08 16:04:54,644 - DEBUG - 局部搜索未能改进当前解
2025-04-08 16:04:54,644 - DEBUG - ==================================================
2025-04-08 16:04:54,644 - DEBUG - Efficiency Statistics of Local Search :
2025-04-08 16:04:54,644 - DEBUG - Number of attempts: 99
2025-04-08 16:04:54,644 - DEBUG - Average Success Rate: 7.07%
2025-04-08 16:04:54,644 - DEBUG - AGV Local Search Success: 7，Average Improvement: 25.86
2025-04-08 16:04:54,647 - DEBUG - 执行AGV分配局部搜索，当前完工时间: 1765.00
2025-04-08 16:04:54,651 - DEBUG - 局部搜索未能改进当前解
2025-04-08 16:04:54,655 - DEBUG - 执行AGV分配局部搜索，当前完工时间: 1740.00
2025-04-08 16:04:54,659 - DEBUG - AGV分配局部搜索成功！完工时间从 1740.00 降低到 1724.00，改进: 16.00 (0.92%)
2025-04-08 16:04:54,663 - DEBUG - 执行AGV分配局部搜索，当前完工时间: 1709.00
2025-04-08 16:04:54,667 - DEBUG - 局部搜索未能改进当前解
2025-04-08 16:04:54,671 - DEBUG - 执行AGV分配局部搜索，当前完工时间: 1687.00
2025-04-08 16:04:54,674 - DEBUG - 局部搜索未能改进当前解
2025-04-08 16:04:54,678 - DEBUG - 执行AGV分配局部搜索，当前完工时间: 1727.00
2025-04-08 16:04:54,682 - DEBUG - 局部搜索未能改进当前解
2025-04-08 16:04:54,686 - DEBUG - 执行AGV分配局部搜索，当前完工时间: 1720.00
2025-04-08 16:04:54,690 - DEBUG - 局部搜索未能改进当前解
2025-04-08 16:04:54,693 - DEBUG - 执行AGV分配局部搜索，当前完工时间: 1733.00
2025-04-08 16:04:54,697 - DEBUG - 局部搜索未能改进当前解
2025-04-08 16:04:54,701 - DEBUG - 执行AGV分配局部搜索，当前完工时间: 1832.00
2025-04-08 16:04:54,704 - DEBUG - 局部搜索未能改进当前解
2025-04-08 16:04:54,707 - DEBUG - 执行AGV分配局部搜索，当前完工时间: 1734.00
2025-04-08 16:04:54,712 - DEBUG - 局部搜索未能改进当前解
2025-04-08 16:04:54,715 - DEBUG - 执行AGV分配局部搜索，当前完工时间: 1772.00
2025-04-08 16:04:54,719 - DEBUG - 局部搜索未能改进当前解
2025-04-08 16:04:54,722 - DEBUG - 执行AGV分配局部搜索，当前完工时间: 1767.00
2025-04-08 16:04:54,727 - DEBUG - 局部搜索未能改进当前解
2025-04-08 16:04:54,731 - DEBUG - 执行AGV分配局部搜索，当前完工时间: 1733.00
2025-04-08 16:04:54,734 - DEBUG - 局部搜索未能改进当前解
2025-04-08 16:04:54,738 - DEBUG - 执行AGV分配局部搜索，当前完工时间: 1817.00
2025-04-08 16:04:54,742 - DEBUG - 局部搜索未能改进当前解
2025-04-08 16:04:54,747 - DEBUG - 执行AGV分配局部搜索，当前完工时间: 1831.00
2025-04-08 16:04:54,750 - DEBUG - 局部搜索未能改进当前解
2025-04-08 16:04:54,753 - DEBUG - 执行AGV分配局部搜索，当前完工时间: 1763.00
2025-04-08 16:04:54,758 - DEBUG - 局部搜索未能改进当前解
2025-04-08 16:04:54,762 - DEBUG - 执行AGV分配局部搜索，当前完工时间: 1746.00
2025-04-08 16:04:54,766 - DEBUG - 局部搜索未能改进当前解
2025-04-08 16:04:54,770 - DEBUG - 执行AGV分配局部搜索，当前完工时间: 1775.00
2025-04-08 16:04:54,774 - DEBUG - 局部搜索未能改进当前解
2025-04-08 16:04:54,778 - DEBUG - 执行AGV分配局部搜索，当前完工时间: 1772.00
2025-04-08 16:04:54,781 - DEBUG - 局部搜索未能改进当前解
2025-04-08 16:04:54,785 - DEBUG - 执行AGV分配局部搜索，当前完工时间: 1702.00
2025-04-08 16:04:54,788 - DEBUG - 局部搜索未能改进当前解
2025-04-08 16:04:54,793 - DEBUG - 执行AGV分配局部搜索，当前完工时间: 1793.00
2025-04-08 16:04:54,797 - DEBUG - 局部搜索未能改进当前解
2025-04-08 16:04:54,801 - DEBUG - 执行AGV分配局部搜索，当前完工时间: 1698.00
2025-04-08 16:04:54,805 - DEBUG - 局部搜索未能改进当前解
2025-04-08 16:04:54,809 - DEBUG - 执行AGV分配局部搜索，当前完工时间: 1766.00
2025-04-08 16:04:54,812 - DEBUG - 局部搜索未能改进当前解
2025-04-08 16:04:54,816 - DEBUG - 执行AGV分配局部搜索，当前完工时间: 1782.00
2025-04-08 16:04:54,820 - DEBUG - 局部搜索未能改进当前解
2025-04-08 16:04:54,824 - DEBUG - 执行AGV分配局部搜索，当前完工时间: 1852.00
2025-04-08 16:04:54,828 - DEBUG - AGV分配局部搜索成功！完工时间从 1852.00 降低到 1838.00，改进: 14.00 (0.76%)
2025-04-08 16:04:54,832 - DEBUG - 执行AGV分配局部搜索，当前完工时间: 1714.00
2025-04-08 16:04:54,836 - DEBUG - 局部搜索未能改进当前解
2025-04-08 16:04:54,839 - DEBUG - 执行AGV分配局部搜索，当前完工时间: 1733.00
2025-04-08 16:04:54,844 - DEBUG - 局部搜索未能改进当前解
2025-04-08 16:04:54,847 - DEBUG - 执行AGV分配局部搜索，当前完工时间: 1711.00
2025-04-08 16:04:54,851 - DEBUG - 局部搜索未能改进当前解
2025-04-08 16:04:54,855 - DEBUG - 执行AGV分配局部搜索，当前完工时间: 1772.00
2025-04-08 16:04:54,858 - DEBUG - 局部搜索未能改进当前解
2025-04-08 16:04:54,862 - DEBUG - 执行AGV分配局部搜索，当前完工时间: 1773.00
2025-04-08 16:04:54,866 - DEBUG - 局部搜索未能改进当前解
2025-04-08 16:04:54,870 - DEBUG - 执行AGV分配局部搜索，当前完工时间: 1689.00
2025-04-08 16:04:54,873 - DEBUG - 局部搜索未能改进当前解
2025-04-08 16:04:54,876 - DEBUG - 执行AGV分配局部搜索，当前完工时间: 1721.00
2025-04-08 16:04:54,881 - DEBUG - 局部搜索未能改进当前解
2025-04-08 16:04:54,886 - DEBUG - 执行AGV分配局部搜索，当前完工时间: 1723.00
2025-04-08 16:04:54,890 - DEBUG - 局部搜索未能改进当前解
2025-04-08 16:04:54,894 - DEBUG - 执行AGV分配局部搜索，当前完工时间: 1804.00
2025-04-08 16:04:54,897 - DEBUG - 局部搜索未能改进当前解
2025-04-08 16:04:54,901 - DEBUG - 执行AGV分配局部搜索，当前完工时间: 1695.00
2025-04-08 16:04:54,904 - DEBUG - 局部搜索未能改进当前解
2025-04-08 16:04:54,908 - DEBUG - 执行AGV分配局部搜索，当前完工时间: 1749.00
2025-04-08 16:04:54,912 - DEBUG - 局部搜索未能改进当前解
2025-04-08 16:04:54,916 - DEBUG - 执行AGV分配局部搜索，当前完工时间: 1825.00
2025-04-08 16:04:54,921 - DEBUG - 局部搜索未能改进当前解
2025-04-08 16:04:54,925 - DEBUG - 执行AGV分配局部搜索，当前完工时间: 1894.00
2025-04-08 16:04:54,929 - DEBUG - 局部搜索未能改进当前解
2025-04-08 16:04:54,933 - DEBUG - 执行AGV分配局部搜索，当前完工时间: 1695.00
2025-04-08 16:04:54,936 - DEBUG - 局部搜索未能改进当前解
2025-04-08 16:04:54,940 - DEBUG - 执行AGV分配局部搜索，当前完工时间: 1858.00
2025-04-08 16:04:54,943 - DEBUG - 局部搜索未能改进当前解
2025-04-08 16:04:54,947 - DEBUG - 执行AGV分配局部搜索，当前完工时间: 1781.00
2025-04-08 16:04:54,951 - DEBUG - 局部搜索未能改进当前解
2025-04-08 16:04:54,955 - DEBUG - 执行AGV分配局部搜索，当前完工时间: 1670.00
2025-04-08 16:04:54,958 - DEBUG - 局部搜索未能改进当前解
2025-04-08 16:04:54,962 - DEBUG - 执行AGV分配局部搜索，当前完工时间: 1762.00
2025-04-08 16:04:54,966 - DEBUG - 局部搜索未能改进当前解
2025-04-08 16:04:54,970 - DEBUG - 执行AGV分配局部搜索，当前完工时间: 1753.00
2025-04-08 16:04:54,973 - DEBUG - 局部搜索未能改进当前解
2025-04-08 16:04:54,976 - DEBUG - 执行AGV分配局部搜索，当前完工时间: 1713.00
2025-04-08 16:04:54,980 - DEBUG - AGV分配局部搜索成功！完工时间从 1713.00 降低到 1707.00，改进: 6.00 (0.35%)
2025-04-08 16:04:54,984 - DEBUG - 执行AGV分配局部搜索，当前完工时间: 1722.00
2025-04-08 16:04:54,987 - DEBUG - 局部搜索未能改进当前解
2025-04-08 16:04:54,992 - DEBUG - 执行AGV分配局部搜索，当前完工时间: 1693.00
2025-04-08 16:04:54,996 - DEBUG - 局部搜索未能改进当前解
2025-04-08 16:04:54,999 - DEBUG - 执行AGV分配局部搜索，当前完工时间: 1742.00
2025-04-08 16:04:55,003 - DEBUG - 局部搜索未能改进当前解
2025-04-08 16:04:55,007 - DEBUG - 执行AGV分配局部搜索，当前完工时间: 1706.00
2025-04-08 16:04:55,010 - DEBUG - 局部搜索未能改进当前解
2025-04-08 16:04:55,014 - DEBUG - 执行AGV分配局部搜索，当前完工时间: 1806.00
2025-04-08 16:04:55,018 - DEBUG - 局部搜索未能改进当前解
2025-04-08 16:04:55,020 - DEBUG - 执行AGV分配局部搜索，当前完工时间: 1789.00
2025-04-08 16:04:55,025 - DEBUG - AGV分配局部搜索成功！完工时间从 1789.00 降低到 1733.00，改进: 56.00 (3.13%)
2025-04-08 16:04:55,029 - DEBUG - 执行AGV分配局部搜索，当前完工时间: 1780.00
2025-04-08 16:04:55,032 - DEBUG - 局部搜索未能改进当前解
2025-04-08 16:04:55,036 - DEBUG - 执行AGV分配局部搜索，当前完工时间: 1693.00
2025-04-08 16:04:55,041 - DEBUG - 局部搜索未能改进当前解
2025-04-08 16:04:55,045 - DEBUG - 执行AGV分配局部搜索，当前完工时间: 1712.00
2025-04-08 16:04:55,049 - DEBUG - 局部搜索未能改进当前解
2025-04-08 16:04:55,053 - DEBUG - 执行AGV分配局部搜索，当前完工时间: 1866.00
2025-04-08 16:04:55,057 - DEBUG - 局部搜索未能改进当前解
2025-04-08 16:04:55,060 - DEBUG - 执行AGV分配局部搜索，当前完工时间: 1710.00
2025-04-08 16:04:55,064 - DEBUG - 局部搜索未能改进当前解
2025-04-08 16:04:55,068 - DEBUG - 执行AGV分配局部搜索，当前完工时间: 1688.00
2025-04-08 16:04:55,070 - DEBUG - 局部搜索未能改进当前解
2025-04-08 16:04:55,075 - DEBUG - 执行AGV分配局部搜索，当前完工时间: 1758.00
2025-04-08 16:04:55,079 - DEBUG - AGV分配局部搜索成功！完工时间从 1758.00 降低到 1736.00，改进: 22.00 (1.25%)
2025-04-08 16:04:55,083 - DEBUG - 执行AGV分配局部搜索，当前完工时间: 1727.00
2025-04-08 16:04:55,088 - DEBUG - 局部搜索未能改进当前解
2025-04-08 16:04:55,092 - DEBUG - 执行AGV分配局部搜索，当前完工时间: 1743.00
2025-04-08 16:04:55,096 - DEBUG - 局部搜索未能改进当前解
2025-04-08 16:04:55,100 - DEBUG - 执行AGV分配局部搜索，当前完工时间: 1705.00
2025-04-08 16:04:55,103 - DEBUG - 局部搜索未能改进当前解
2025-04-08 16:04:55,107 - DEBUG - 执行AGV分配局部搜索，当前完工时间: 1748.00
2025-04-08 16:04:55,111 - DEBUG - AGV分配局部搜索成功！完工时间从 1748.00 降低到 1711.00，改进: 37.00 (2.12%)
2025-04-08 16:04:55,115 - DEBUG - 执行AGV分配局部搜索，当前完工时间: 1749.00
2025-04-08 16:04:55,118 - DEBUG - 局部搜索未能改进当前解
2025-04-08 16:04:55,121 - DEBUG - 执行AGV分配局部搜索，当前完工时间: 1687.00
2025-04-08 16:04:55,125 - DEBUG - 局部搜索未能改进当前解
2025-04-08 16:04:55,129 - DEBUG - 执行AGV分配局部搜索，当前完工时间: 1719.00
2025-04-08 16:04:55,133 - DEBUG - 局部搜索未能改进当前解
2025-04-08 16:04:55,136 - DEBUG - 执行AGV分配局部搜索，当前完工时间: 1754.00
2025-04-08 16:04:55,140 - DEBUG - 局部搜索未能改进当前解
2025-04-08 16:04:55,144 - DEBUG - 执行AGV分配局部搜索，当前完工时间: 1855.00
2025-04-08 16:04:55,147 - DEBUG - 局部搜索未能改进当前解
2025-04-08 16:04:55,151 - DEBUG - 执行AGV分配局部搜索，当前完工时间: 1738.00
2025-04-08 16:04:55,155 - DEBUG - 局部搜索未能改进当前解
2025-04-08 16:04:55,158 - DEBUG - 执行AGV分配局部搜索，当前完工时间: 1753.00
2025-04-08 16:04:55,162 - DEBUG - AGV分配局部搜索成功！完工时间从 1753.00 降低到 1690.00，改进: 63.00 (3.59%)
2025-04-08 16:04:55,166 - DEBUG - 执行AGV分配局部搜索，当前完工时间: 1765.00
2025-04-08 16:04:55,170 - DEBUG - 局部搜索未能改进当前解
2025-04-08 16:04:55,173 - DEBUG - 执行AGV分配局部搜索，当前完工时间: 1800.00
2025-04-08 16:04:55,176 - DEBUG - 局部搜索未能改进当前解
2025-04-08 16:04:55,181 - DEBUG - 执行AGV分配局部搜索，当前完工时间: 1843.00
2025-04-08 16:04:55,184 - DEBUG - 局部搜索未能改进当前解
2025-04-08 16:04:55,188 - DEBUG - 执行AGV分配局部搜索，当前完工时间: 1715.00
2025-04-08 16:04:55,192 - DEBUG - 局部搜索未能改进当前解
2025-04-08 16:04:55,196 - DEBUG - 执行AGV分配局部搜索，当前完工时间: 1689.00
2025-04-08 16:04:55,199 - DEBUG - 局部搜索未能改进当前解
2025-04-08 16:04:55,203 - DEBUG - 执行AGV分配局部搜索，当前完工时间: 1695.00
2025-04-08 16:04:55,206 - DEBUG - 局部搜索未能改进当前解
2025-04-08 16:04:55,209 - DEBUG - 执行AGV分配局部搜索，当前完工时间: 1717.00
2025-04-08 16:04:55,214 - DEBUG - 局部搜索未能改进当前解
2025-04-08 16:04:55,216 - DEBUG - 执行AGV分配局部搜索，当前完工时间: 1790.00
2025-04-08 16:04:55,221 - DEBUG - 局部搜索未能改进当前解
2025-04-08 16:04:55,225 - DEBUG - 执行AGV分配局部搜索，当前完工时间: 1723.00
2025-04-08 16:04:55,229 - DEBUG - 局部搜索未能改进当前解
2025-04-08 16:04:55,232 - DEBUG - 执行AGV分配局部搜索，当前完工时间: 1716.00
2025-04-08 16:04:55,235 - DEBUG - 局部搜索未能改进当前解
2025-04-08 16:04:55,240 - DEBUG - 执行AGV分配局部搜索，当前完工时间: 1708.00
2025-04-08 16:04:55,243 - DEBUG - 局部搜索未能改进当前解
2025-04-08 16:04:55,247 - DEBUG - 执行AGV分配局部搜索，当前完工时间: 1790.00
2025-04-08 16:04:55,251 - DEBUG - 局部搜索未能改进当前解
2025-04-08 16:04:55,254 - DEBUG - 执行AGV分配局部搜索，当前完工时间: 1765.00
2025-04-08 16:04:55,259 - DEBUG - 局部搜索未能改进当前解
2025-04-08 16:04:55,264 - DEBUG - 执行AGV分配局部搜索，当前完工时间: 1797.00
2025-04-08 16:04:55,268 - DEBUG - 局部搜索未能改进当前解
2025-04-08 16:04:55,271 - DEBUG - 执行AGV分配局部搜索，当前完工时间: 1679.00
2025-04-08 16:04:55,275 - DEBUG - 局部搜索未能改进当前解
2025-04-08 16:04:55,279 - DEBUG - 执行AGV分配局部搜索，当前完工时间: 1770.00
2025-04-08 16:04:55,282 - DEBUG - 局部搜索未能改进当前解
2025-04-08 16:04:55,286 - DEBUG - 执行AGV分配局部搜索，当前完工时间: 1767.00
2025-04-08 16:04:55,290 - DEBUG - AGV分配局部搜索成功！完工时间从 1767.00 降低到 1759.00，改进: 8.00 (0.45%)
2025-04-08 16:04:55,294 - DEBUG - 执行AGV分配局部搜索，当前完工时间: 1706.00
2025-04-08 16:04:55,297 - DEBUG - 局部搜索未能改进当前解
2025-04-08 16:04:55,301 - DEBUG - 执行AGV分配局部搜索，当前完工时间: 1727.00
2025-04-08 16:04:55,305 - DEBUG - 局部搜索未能改进当前解
2025-04-08 16:04:55,308 - DEBUG - 执行AGV分配局部搜索，当前完工时间: 1808.00
2025-04-08 16:04:55,312 - DEBUG - 局部搜索未能改进当前解
2025-04-08 16:04:55,315 - DEBUG - 执行AGV分配局部搜索，当前完工时间: 1717.00
2025-04-08 16:04:55,320 - DEBUG - 局部搜索未能改进当前解
2025-04-08 16:04:55,323 - DEBUG - 执行AGV分配局部搜索，当前完工时间: 1772.00
2025-04-08 16:04:55,327 - DEBUG - 局部搜索未能改进当前解
2025-04-08 16:04:55,331 - DEBUG - 执行AGV分配局部搜索，当前完工时间: 1812.00
2025-04-08 16:04:55,335 - DEBUG - AGV分配局部搜索成功！完工时间从 1812.00 降低到 1792.00，改进: 20.00 (1.10%)
2025-04-08 16:04:55,338 - DEBUG - 执行AGV分配局部搜索，当前完工时间: 1789.00
2025-04-08 16:04:55,342 - DEBUG - 局部搜索未能改进当前解
2025-04-08 16:04:55,346 - DEBUG - 执行AGV分配局部搜索，当前完工时间: 1769.00
2025-04-08 16:04:55,349 - DEBUG - 局部搜索未能改进当前解
2025-04-08 16:04:55,353 - DEBUG - 执行AGV分配局部搜索，当前完工时间: 1710.00
2025-04-08 16:04:55,357 - DEBUG - 局部搜索未能改进当前解
2025-04-08 16:04:55,360 - DEBUG - 执行AGV分配局部搜索，当前完工时间: 1719.00
2025-04-08 16:04:55,364 - DEBUG - 局部搜索未能改进当前解
2025-04-08 16:04:55,368 - DEBUG - 执行AGV分配局部搜索，当前完工时间: 1672.00
2025-04-08 16:04:55,370 - DEBUG - 局部搜索未能改进当前解
2025-04-08 16:04:55,375 - DEBUG - 执行AGV分配局部搜索，当前完工时间: 1749.00
2025-04-08 16:04:55,379 - DEBUG - 局部搜索未能改进当前解
2025-04-08 16:04:55,383 - DEBUG - 执行AGV分配局部搜索，当前完工时间: 1716.00
2025-04-08 16:04:55,387 - DEBUG - AGV分配局部搜索成功！完工时间从 1716.00 降低到 1707.00，改进: 9.00 (0.52%)
2025-04-08 16:04:55,391 - DEBUG - 执行AGV分配局部搜索，当前完工时间: 1672.00
2025-04-08 16:04:55,395 - DEBUG - 局部搜索未能改进当前解
2025-04-08 16:04:55,395 - DEBUG - ==================================================
2025-04-08 16:04:55,395 - DEBUG - Efficiency Statistics of Local Search :
2025-04-08 16:04:55,395 - DEBUG - Number of attempts: 99
2025-04-08 16:04:55,395 - DEBUG - Average Success Rate: 10.10%
2025-04-08 16:04:55,395 - DEBUG - AGV Local Search Success: 10，Average Improvement: 25.10
2025-04-08 16:04:55,399 - DEBUG - 执行AGV分配局部搜索，当前完工时间: 1659.00
2025-04-08 16:04:55,403 - DEBUG - 局部搜索未能改进当前解
2025-04-08 16:04:55,408 - DEBUG - 执行AGV分配局部搜索，当前完工时间: 1791.00
2025-04-08 16:04:55,412 - DEBUG - AGV分配局部搜索成功！完工时间从 1791.00 降低到 1782.00，改进: 9.00 (0.50%)
2025-04-08 16:04:55,416 - DEBUG - 执行AGV分配局部搜索，当前完工时间: 1707.00
2025-04-08 16:04:55,420 - DEBUG - 局部搜索未能改进当前解
2025-04-08 16:04:55,424 - DEBUG - 执行AGV分配局部搜索，当前完工时间: 1749.00
2025-04-08 16:04:55,429 - DEBUG - 局部搜索未能改进当前解
2025-04-08 16:04:55,433 - DEBUG - 执行AGV分配局部搜索，当前完工时间: 1716.00
2025-04-08 16:04:55,437 - DEBUG - 局部搜索未能改进当前解
2025-04-08 16:04:55,442 - DEBUG - 执行AGV分配局部搜索，当前完工时间: 1722.00
2025-04-08 16:04:55,447 - DEBUG - 局部搜索未能改进当前解
2025-04-08 16:04:55,450 - DEBUG - 执行AGV分配局部搜索，当前完工时间: 1715.00
2025-04-08 16:04:55,454 - DEBUG - 局部搜索未能改进当前解
2025-04-08 16:04:55,458 - DEBUG - 执行AGV分配局部搜索，当前完工时间: 1822.00
2025-04-08 16:04:55,462 - DEBUG - AGV分配局部搜索成功！完工时间从 1822.00 降低到 1761.00，改进: 61.00 (3.35%)
2025-04-08 16:04:55,465 - DEBUG - 执行AGV分配局部搜索，当前完工时间: 1826.00
2025-04-08 16:04:55,470 - DEBUG - 局部搜索未能改进当前解
2025-04-08 16:04:55,474 - DEBUG - 执行AGV分配局部搜索，当前完工时间: 1806.00
2025-04-08 16:04:55,476 - DEBUG - 局部搜索未能改进当前解
2025-04-08 16:04:55,482 - DEBUG - 执行AGV分配局部搜索，当前完工时间: 1705.00
2025-04-08 16:04:55,486 - DEBUG - 局部搜索未能改进当前解
2025-04-08 16:04:55,491 - DEBUG - 执行AGV分配局部搜索，当前完工时间: 1687.00
2025-04-08 16:04:55,496 - DEBUG - 局部搜索未能改进当前解
2025-04-08 16:04:55,500 - DEBUG - 执行AGV分配局部搜索，当前完工时间: 1722.00
2025-04-08 16:04:55,504 - DEBUG - 局部搜索未能改进当前解
2025-04-08 16:04:55,509 - DEBUG - 执行AGV分配局部搜索，当前完工时间: 1660.00
2025-04-08 16:04:55,511 - DEBUG - 局部搜索未能改进当前解
2025-04-08 16:04:55,516 - DEBUG - 执行AGV分配局部搜索，当前完工时间: 1727.00
2025-04-08 16:04:55,520 - DEBUG - 局部搜索未能改进当前解
2025-04-08 16:04:55,523 - DEBUG - 执行AGV分配局部搜索，当前完工时间: 1711.00
2025-04-08 16:04:55,527 - DEBUG - 局部搜索未能改进当前解
2025-04-08 16:04:55,530 - DEBUG - 执行AGV分配局部搜索，当前完工时间: 1670.00
2025-04-08 16:04:55,535 - DEBUG - 局部搜索未能改进当前解
2025-04-08 16:04:55,538 - DEBUG - 执行AGV分配局部搜索，当前完工时间: 1753.00
2025-04-08 16:04:55,542 - DEBUG - 局部搜索未能改进当前解
2025-04-08 16:04:55,545 - DEBUG - 执行AGV分配局部搜索，当前完工时间: 1703.00
2025-04-08 16:04:55,549 - DEBUG - AGV分配局部搜索成功！完工时间从 1703.00 降低到 1688.00，改进: 15.00 (0.88%)
2025-04-08 16:04:55,553 - DEBUG - 执行AGV分配局部搜索，当前完工时间: 1780.00
2025-04-08 16:04:55,557 - DEBUG - AGV分配局部搜索成功！完工时间从 1780.00 降低到 1734.00，改进: 46.00 (2.58%)
2025-04-08 16:04:55,561 - DEBUG - 执行AGV分配局部搜索，当前完工时间: 1719.00
2025-04-08 16:04:55,564 - DEBUG - 局部搜索未能改进当前解
2025-04-08 16:04:55,568 - DEBUG - 执行AGV分配局部搜索，当前完工时间: 1785.00
2025-04-08 16:04:55,572 - DEBUG - 局部搜索未能改进当前解
2025-04-08 16:04:55,575 - DEBUG - 执行AGV分配局部搜索，当前完工时间: 1692.00
2025-04-08 16:04:55,580 - DEBUG - 局部搜索未能改进当前解
2025-04-08 16:04:55,584 - DEBUG - 执行AGV分配局部搜索，当前完工时间: 1705.00
2025-04-08 16:04:55,587 - DEBUG - 局部搜索未能改进当前解
2025-04-08 16:04:55,590 - DEBUG - 执行AGV分配局部搜索，当前完工时间: 1684.00
2025-04-08 16:04:55,594 - DEBUG - 局部搜索未能改进当前解
2025-04-08 16:04:55,597 - DEBUG - 执行AGV分配局部搜索，当前完工时间: 1717.00
2025-04-08 16:04:55,602 - DEBUG - 局部搜索未能改进当前解
2025-04-08 16:04:55,606 - DEBUG - 执行AGV分配局部搜索，当前完工时间: 1706.00
2025-04-08 16:04:55,609 - DEBUG - 局部搜索未能改进当前解
2025-04-08 16:04:55,614 - DEBUG - 执行AGV分配局部搜索，当前完工时间: 1752.00
2025-04-08 16:04:55,616 - DEBUG - AGV分配局部搜索成功！完工时间从 1752.00 降低到 1739.00，改进: 13.00 (0.74%)
2025-04-08 16:04:55,620 - DEBUG - 执行AGV分配局部搜索，当前完工时间: 1759.00
2025-04-08 16:04:55,625 - DEBUG - 局部搜索未能改进当前解
2025-04-08 16:04:55,628 - DEBUG - 执行AGV分配局部搜索，当前完工时间: 1676.00
2025-04-08 16:04:55,632 - DEBUG - AGV分配局部搜索成功！完工时间从 1676.00 降低到 1657.00，改进: 19.00 (1.13%)
2025-04-08 16:04:55,635 - DEBUG - 执行AGV分配局部搜索，当前完工时间: 1843.00
2025-04-08 16:04:55,640 - DEBUG - AGV分配局部搜索成功！完工时间从 1843.00 降低到 1764.00，改进: 79.00 (4.29%)
2025-04-08 16:04:55,643 - DEBUG - 执行AGV分配局部搜索，当前完工时间: 1738.00
2025-04-08 16:04:55,647 - DEBUG - 局部搜索未能改进当前解
2025-04-08 16:04:55,650 - DEBUG - 执行AGV分配局部搜索，当前完工时间: 1702.00
2025-04-08 16:04:55,654 - DEBUG - AGV分配局部搜索成功！完工时间从 1702.00 降低到 1687.00，改进: 15.00 (0.88%)
2025-04-08 16:04:55,658 - DEBUG - 执行AGV分配局部搜索，当前完工时间: 1678.00
2025-04-08 16:04:55,660 - DEBUG - 局部搜索未能改进当前解
2025-04-08 16:04:55,664 - DEBUG - 执行AGV分配局部搜索，当前完工时间: 1714.00
2025-04-08 16:04:55,668 - DEBUG - 局部搜索未能改进当前解
2025-04-08 16:04:55,672 - DEBUG - 执行AGV分配局部搜索，当前完工时间: 1718.00
2025-04-08 16:04:55,675 - DEBUG - 局部搜索未能改进当前解
2025-04-08 16:04:55,680 - DEBUG - 执行AGV分配局部搜索，当前完工时间: 1738.00
2025-04-08 16:04:55,683 - DEBUG - AGV分配局部搜索成功！完工时间从 1738.00 降低到 1719.00，改进: 19.00 (1.09%)
2025-04-08 16:04:55,687 - DEBUG - 执行AGV分配局部搜索，当前完工时间: 1797.00
2025-04-08 16:04:55,690 - DEBUG - 局部搜索未能改进当前解
2025-04-08 16:04:55,694 - DEBUG - 执行AGV分配局部搜索，当前完工时间: 1820.00
2025-04-08 16:04:55,697 - DEBUG - 局部搜索未能改进当前解
2025-04-08 16:04:55,701 - DEBUG - 执行AGV分配局部搜索，当前完工时间: 1701.00
2025-04-08 16:04:55,705 - DEBUG - 局部搜索未能改进当前解
2025-04-08 16:04:55,708 - DEBUG - 执行AGV分配局部搜索，当前完工时间: 1719.00
2025-04-08 16:04:55,712 - DEBUG - 局部搜索未能改进当前解
2025-04-08 16:04:55,715 - DEBUG - 执行AGV分配局部搜索，当前完工时间: 1695.00
2025-04-08 16:04:55,720 - DEBUG - 局部搜索未能改进当前解
2025-04-08 16:04:55,723 - DEBUG - 执行AGV分配局部搜索，当前完工时间: 1820.00
2025-04-08 16:04:55,726 - DEBUG - 局部搜索未能改进当前解
2025-04-08 16:04:55,731 - DEBUG - 执行AGV分配局部搜索，当前完工时间: 1706.00
2025-04-08 16:04:55,734 - DEBUG - 局部搜索未能改进当前解
2025-04-08 16:04:55,738 - DEBUG - 执行AGV分配局部搜索，当前完工时间: 1747.00
2025-04-08 16:04:55,742 - DEBUG - 局部搜索未能改进当前解
2025-04-08 16:04:55,746 - DEBUG - 执行AGV分配局部搜索，当前完工时间: 1823.00
2025-04-08 16:04:55,750 - DEBUG - 局部搜索未能改进当前解
2025-04-08 16:04:55,754 - DEBUG - 执行AGV分配局部搜索，当前完工时间: 1743.00
2025-04-08 16:04:55,757 - DEBUG - 局部搜索未能改进当前解
2025-04-08 16:04:55,760 - DEBUG - 执行AGV分配局部搜索，当前完工时间: 1784.00
2025-04-08 16:04:55,764 - DEBUG - 局部搜索未能改进当前解
2025-04-08 16:04:55,768 - DEBUG - 执行AGV分配局部搜索，当前完工时间: 1679.00
2025-04-08 16:04:55,772 - DEBUG - 局部搜索未能改进当前解
2025-04-08 16:04:55,776 - DEBUG - 执行AGV分配局部搜索，当前完工时间: 1784.00
2025-04-08 16:04:55,780 - DEBUG - 局部搜索未能改进当前解
2025-04-08 16:04:55,784 - DEBUG - 执行AGV分配局部搜索，当前完工时间: 1707.00
2025-04-08 16:04:55,787 - DEBUG - 局部搜索未能改进当前解
2025-04-08 16:04:55,790 - DEBUG - 执行AGV分配局部搜索，当前完工时间: 1775.00
2025-04-08 16:04:55,794 - DEBUG - AGV分配局部搜索成功！完工时间从 1775.00 降低到 1774.00，改进: 1.00 (0.06%)
2025-04-08 16:04:55,797 - DEBUG - 执行AGV分配局部搜索，当前完工时间: 1767.00
2025-04-08 16:04:55,801 - DEBUG - 局部搜索未能改进当前解
2025-04-08 16:04:55,805 - DEBUG - 执行AGV分配局部搜索，当前完工时间: 1775.00
2025-04-08 16:04:55,808 - DEBUG - 局部搜索未能改进当前解
2025-04-08 16:04:55,812 - DEBUG - 执行AGV分配局部搜索，当前完工时间: 1753.00
2025-04-08 16:04:55,816 - DEBUG - 局部搜索未能改进当前解
2025-04-08 16:04:55,820 - DEBUG - 执行AGV分配局部搜索，当前完工时间: 1772.00
2025-04-08 16:04:55,823 - DEBUG - 局部搜索未能改进当前解
2025-04-08 16:04:55,827 - DEBUG - 执行AGV分配局部搜索，当前完工时间: 1740.00
2025-04-08 16:04:55,831 - DEBUG - 局部搜索未能改进当前解
2025-04-08 16:04:55,835 - DEBUG - 执行AGV分配局部搜索，当前完工时间: 1786.00
2025-04-08 16:04:55,838 - DEBUG - 局部搜索未能改进当前解
2025-04-08 16:04:55,842 - DEBUG - 执行AGV分配局部搜索，当前完工时间: 1711.00
2025-04-08 16:04:55,846 - DEBUG - 局部搜索未能改进当前解
2025-04-08 16:04:55,850 - DEBUG - 执行AGV分配局部搜索，当前完工时间: 1696.00
2025-04-08 16:04:55,854 - DEBUG - 局部搜索未能改进当前解
2025-04-08 16:04:55,857 - DEBUG - 执行AGV分配局部搜索，当前完工时间: 1706.00
2025-04-08 16:04:55,862 - DEBUG - 局部搜索未能改进当前解
2025-04-08 16:04:55,864 - DEBUG - 执行AGV分配局部搜索，当前完工时间: 1701.00
2025-04-08 16:04:55,868 - DEBUG - AGV分配局部搜索成功！完工时间从 1701.00 降低到 1696.00，改进: 5.00 (0.29%)
2025-04-08 16:04:55,872 - DEBUG - 执行AGV分配局部搜索，当前完工时间: 1725.00
2025-04-08 16:04:55,876 - DEBUG - 局部搜索未能改进当前解
2025-04-08 16:04:55,880 - DEBUG - 执行AGV分配局部搜索，当前完工时间: 1803.00
2025-04-08 16:04:55,883 - DEBUG - 局部搜索未能改进当前解
2025-04-08 16:04:55,887 - DEBUG - 执行AGV分配局部搜索，当前完工时间: 1717.00
2025-04-08 16:04:55,891 - DEBUG - 局部搜索未能改进当前解
2025-04-08 16:04:55,895 - DEBUG - 执行AGV分配局部搜索，当前完工时间: 1724.00
2025-04-08 16:04:55,899 - DEBUG - 局部搜索未能改进当前解
2025-04-08 16:04:55,902 - DEBUG - 执行AGV分配局部搜索，当前完工时间: 1804.00
2025-04-08 16:04:55,905 - DEBUG - 局部搜索未能改进当前解
2025-04-08 16:04:55,910 - DEBUG - 执行AGV分配局部搜索，当前完工时间: 1687.00
2025-04-08 16:04:55,913 - DEBUG - 局部搜索未能改进当前解
2025-04-08 16:04:55,916 - DEBUG - 执行AGV分配局部搜索，当前完工时间: 1862.00
2025-04-08 16:04:55,920 - DEBUG - 局部搜索未能改进当前解
2025-04-08 16:04:55,925 - DEBUG - 执行AGV分配局部搜索，当前完工时间: 1766.00
2025-04-08 16:04:55,928 - DEBUG - AGV分配局部搜索成功！完工时间从 1766.00 降低到 1749.00，改进: 17.00 (0.96%)
2025-04-08 16:04:55,932 - DEBUG - 执行AGV分配局部搜索，当前完工时间: 1695.00
2025-04-08 16:04:55,935 - DEBUG - 局部搜索未能改进当前解
2025-04-08 16:04:55,939 - DEBUG - 执行AGV分配局部搜索，当前完工时间: 1803.00
2025-04-08 16:04:55,943 - DEBUG - 局部搜索未能改进当前解
2025-04-08 16:04:55,946 - DEBUG - 执行AGV分配局部搜索，当前完工时间: 1793.00
2025-04-08 16:04:55,950 - DEBUG - 局部搜索未能改进当前解
2025-04-08 16:04:55,954 - DEBUG - 执行AGV分配局部搜索，当前完工时间: 1791.00
2025-04-08 16:04:55,957 - DEBUG - AGV分配局部搜索成功！完工时间从 1791.00 降低到 1788.00，改进: 3.00 (0.17%)
2025-04-08 16:04:55,962 - DEBUG - 执行AGV分配局部搜索，当前完工时间: 1752.00
2025-04-08 16:04:55,965 - DEBUG - 局部搜索未能改进当前解
2025-04-08 16:04:55,970 - DEBUG - 执行AGV分配局部搜索，当前完工时间: 1753.00
2025-04-08 16:04:55,973 - DEBUG - 局部搜索未能改进当前解
2025-04-08 16:04:55,976 - DEBUG - 执行AGV分配局部搜索，当前完工时间: 1689.00
2025-04-08 16:04:55,980 - DEBUG - 局部搜索未能改进当前解
2025-04-08 16:04:55,984 - DEBUG - 执行AGV分配局部搜索，当前完工时间: 1719.00
2025-04-08 16:04:55,987 - DEBUG - AGV分配局部搜索成功！完工时间从 1719.00 降低到 1716.00，改进: 3.00 (0.17%)
2025-04-08 16:04:55,991 - DEBUG - 执行AGV分配局部搜索，当前完工时间: 1695.00
2025-04-08 16:04:55,994 - DEBUG - 局部搜索未能改进当前解
2025-04-08 16:04:55,997 - DEBUG - 执行AGV分配局部搜索，当前完工时间: 1736.00
2025-04-08 16:04:56,001 - DEBUG - 局部搜索未能改进当前解
2025-04-08 16:04:56,004 - DEBUG - 执行AGV分配局部搜索，当前完工时间: 1800.00
2025-04-08 16:04:56,008 - DEBUG - 局部搜索未能改进当前解
2025-04-08 16:04:56,012 - DEBUG - 执行AGV分配局部搜索，当前完工时间: 1711.00
2025-04-08 16:04:56,015 - DEBUG - 局部搜索未能改进当前解
2025-04-08 16:04:56,019 - DEBUG - 执行AGV分配局部搜索，当前完工时间: 1763.00
2025-04-08 16:04:56,022 - DEBUG - 局部搜索未能改进当前解
2025-04-08 16:04:56,025 - DEBUG - 执行AGV分配局部搜索，当前完工时间: 1668.00
2025-04-08 16:04:56,030 - DEBUG - 局部搜索未能改进当前解
2025-04-08 16:04:56,034 - DEBUG - 执行AGV分配局部搜索，当前完工时间: 1772.00
2025-04-08 16:04:56,038 - DEBUG - 局部搜索未能改进当前解
2025-04-08 16:04:56,042 - DEBUG - 执行AGV分配局部搜索，当前完工时间: 1733.00
2025-04-08 16:04:56,046 - DEBUG - 局部搜索未能改进当前解
2025-04-08 16:04:56,051 - DEBUG - 执行AGV分配局部搜索，当前完工时间: 1786.00
2025-04-08 16:04:56,056 - DEBUG - 局部搜索未能改进当前解
2025-04-08 16:04:56,062 - DEBUG - 执行AGV分配局部搜索，当前完工时间: 1772.00
2025-04-08 16:04:56,066 - DEBUG - 局部搜索未能改进当前解
2025-04-08 16:04:56,070 - DEBUG - 执行AGV分配局部搜索，当前完工时间: 1762.00
2025-04-08 16:04:56,077 - DEBUG - AGV分配局部搜索成功！完工时间从 1762.00 降低到 1755.00，改进: 7.00 (0.40%)
2025-04-08 16:04:56,082 - DEBUG - 执行AGV分配局部搜索，当前完工时间: 1736.00
2025-04-08 16:04:56,087 - DEBUG - 局部搜索未能改进当前解
2025-04-08 16:04:56,091 - DEBUG - 执行AGV分配局部搜索，当前完工时间: 1706.00
2025-04-08 16:04:56,094 - DEBUG - 局部搜索未能改进当前解
2025-04-08 16:04:56,099 - DEBUG - 执行AGV分配局部搜索，当前完工时间: 1700.00
2025-04-08 16:04:56,103 - DEBUG - 局部搜索未能改进当前解
2025-04-08 16:04:56,106 - DEBUG - 执行AGV分配局部搜索，当前完工时间: 1762.00
2025-04-08 16:04:56,109 - DEBUG - 局部搜索未能改进当前解
2025-04-08 16:04:56,113 - DEBUG - 执行AGV分配局部搜索，当前完工时间: 1779.00
2025-04-08 16:04:56,117 - DEBUG - 局部搜索未能改进当前解
2025-04-08 16:04:56,121 - DEBUG - 执行AGV分配局部搜索，当前完工时间: 1691.00
2025-04-08 16:04:56,123 - DEBUG - 局部搜索未能改进当前解
2025-04-08 16:04:56,128 - DEBUG - 执行AGV分配局部搜索，当前完工时间: 1779.00
2025-04-08 16:04:56,132 - DEBUG - 局部搜索未能改进当前解
2025-04-08 16:04:56,135 - DEBUG - 执行AGV分配局部搜索，当前完工时间: 1757.00
2025-04-08 16:04:56,139 - DEBUG - 局部搜索未能改进当前解
2025-04-08 16:04:56,143 - DEBUG - 执行AGV分配局部搜索，当前完工时间: 1701.00
2025-04-08 16:04:56,147 - DEBUG - 局部搜索未能改进当前解
2025-04-08 16:04:56,150 - DEBUG - 执行AGV分配局部搜索，当前完工时间: 1710.00
2025-04-08 16:04:56,153 - DEBUG - 局部搜索未能改进当前解
2025-04-08 16:04:56,155 - DEBUG - ==================================================
2025-04-08 16:04:56,155 - DEBUG - Efficiency Statistics of Local Search :
2025-04-08 16:04:56,155 - DEBUG - Number of attempts: 99
2025-04-08 16:04:56,155 - DEBUG - Average Success Rate: 15.15%
2025-04-08 16:04:56,155 - DEBUG - AGV Local Search Success: 15，Average Improvement: 20.80
2025-04-08 16:04:56,158 - DEBUG - 执行AGV分配局部搜索，当前完工时间: 1808.00
2025-04-08 16:04:56,162 - DEBUG - 局部搜索未能改进当前解
2025-04-08 16:04:56,166 - DEBUG - 执行AGV分配局部搜索，当前完工时间: 1775.00
2025-04-08 16:04:56,169 - DEBUG - 局部搜索未能改进当前解
2025-04-08 16:04:56,175 - DEBUG - 执行AGV分配局部搜索，当前完工时间: 1734.00
2025-04-08 16:04:56,182 - DEBUG - 局部搜索未能改进当前解
2025-04-08 16:04:56,187 - DEBUG - 执行AGV分配局部搜索，当前完工时间: 1693.00
2025-04-08 16:04:56,191 - DEBUG - 局部搜索未能改进当前解
2025-04-08 16:04:56,196 - DEBUG - 执行AGV分配局部搜索，当前完工时间: 1739.00
2025-04-08 16:04:56,199 - DEBUG - AGV分配局部搜索成功！完工时间从 1739.00 降低到 1712.00，改进: 27.00 (1.55%)
2025-04-08 16:04:56,204 - DEBUG - 执行AGV分配局部搜索，当前完工时间: 1740.00
2025-04-08 16:04:56,208 - DEBUG - 局部搜索未能改进当前解
2025-04-08 16:04:56,212 - DEBUG - 执行AGV分配局部搜索，当前完工时间: 1713.00
2025-04-08 16:04:56,217 - DEBUG - 局部搜索未能改进当前解
2025-04-08 16:04:56,221 - DEBUG - 执行AGV分配局部搜索，当前完工时间: 1738.00
2025-04-08 16:04:56,224 - DEBUG - 局部搜索未能改进当前解
2025-04-08 16:04:56,230 - DEBUG - 执行AGV分配局部搜索，当前完工时间: 1696.00
2025-04-08 16:04:56,233 - DEBUG - 局部搜索未能改进当前解
2025-04-08 16:04:56,237 - DEBUG - 执行AGV分配局部搜索，当前完工时间: 1712.00
2025-04-08 16:04:56,241 - DEBUG - AGV分配局部搜索成功！完工时间从 1712.00 降低到 1673.00，改进: 39.00 (2.28%)
2025-04-08 16:04:56,245 - DEBUG - 执行AGV分配局部搜索，当前完工时间: 1736.00
2025-04-08 16:04:56,249 - DEBUG - 局部搜索未能改进当前解
2025-04-08 16:04:56,253 - DEBUG - 执行AGV分配局部搜索，当前完工时间: 1710.00
2025-04-08 16:04:56,257 - DEBUG - 局部搜索未能改进当前解
2025-04-08 16:04:56,262 - DEBUG - 执行AGV分配局部搜索，当前完工时间: 1712.00
2025-04-08 16:04:56,266 - DEBUG - AGV分配局部搜索成功！完工时间从 1712.00 降低到 1695.00，改进: 17.00 (0.99%)
2025-04-08 16:04:56,270 - DEBUG - 执行AGV分配局部搜索，当前完工时间: 1742.00
2025-04-08 16:04:56,274 - DEBUG - 局部搜索未能改进当前解
2025-04-08 16:04:56,278 - DEBUG - 执行AGV分配局部搜索，当前完工时间: 1718.00
2025-04-08 16:04:56,281 - DEBUG - 局部搜索未能改进当前解
2025-04-08 16:04:56,285 - DEBUG - 执行AGV分配局部搜索，当前完工时间: 1701.00
2025-04-08 16:04:56,288 - DEBUG - 局部搜索未能改进当前解
2025-04-08 16:04:56,292 - DEBUG - 执行AGV分配局部搜索，当前完工时间: 1803.00
2025-04-08 16:04:56,297 - DEBUG - 局部搜索未能改进当前解
2025-04-08 16:04:56,300 - DEBUG - 执行AGV分配局部搜索，当前完工时间: 1735.00
2025-04-08 16:04:56,305 - DEBUG - 局部搜索未能改进当前解
2025-04-08 16:04:56,309 - DEBUG - 执行AGV分配局部搜索，当前完工时间: 1741.00
2025-04-08 16:04:56,312 - DEBUG - 局部搜索未能改进当前解
2025-04-08 16:04:56,315 - DEBUG - 执行AGV分配局部搜索，当前完工时间: 1715.00
2025-04-08 16:04:56,320 - DEBUG - 局部搜索未能改进当前解
2025-04-08 16:04:56,324 - DEBUG - 执行AGV分配局部搜索，当前完工时间: 1766.00
2025-04-08 16:04:56,328 - DEBUG - 局部搜索未能改进当前解
2025-04-08 16:04:56,331 - DEBUG - 执行AGV分配局部搜索，当前完工时间: 1729.00
2025-04-08 16:04:56,335 - DEBUG - 局部搜索未能改进当前解
2025-04-08 16:04:56,339 - DEBUG - 执行AGV分配局部搜索，当前完工时间: 1785.00
2025-04-08 16:04:56,342 - DEBUG - AGV分配局部搜索成功！完工时间从 1785.00 降低到 1721.00，改进: 64.00 (3.59%)
2025-04-08 16:04:56,346 - DEBUG - 执行AGV分配局部搜索，当前完工时间: 1700.00
2025-04-08 16:04:56,350 - DEBUG - 局部搜索未能改进当前解
2025-04-08 16:04:56,354 - DEBUG - 执行AGV分配局部搜索，当前完工时间: 1727.00
2025-04-08 16:04:56,357 - DEBUG - 局部搜索未能改进当前解
2025-04-08 16:04:56,360 - DEBUG - 执行AGV分配局部搜索，当前完工时间: 1675.00
2025-04-08 16:04:56,364 - DEBUG - 局部搜索未能改进当前解
2025-04-08 16:04:56,368 - DEBUG - 执行AGV分配局部搜索，当前完工时间: 1749.00
2025-04-08 16:04:56,372 - DEBUG - AGV分配局部搜索成功！完工时间从 1749.00 降低到 1731.00，改进: 18.00 (1.03%)
2025-04-08 16:04:56,375 - DEBUG - 执行AGV分配局部搜索，当前完工时间: 1707.00
2025-04-08 16:04:56,378 - DEBUG - 局部搜索未能改进当前解
2025-04-08 16:04:56,382 - DEBUG - 执行AGV分配局部搜索，当前完工时间: 1749.00
2025-04-08 16:04:56,385 - DEBUG - 局部搜索未能改进当前解
2025-04-08 16:04:56,391 - DEBUG - 执行AGV分配局部搜索，当前完工时间: 1717.00
2025-04-08 16:04:56,394 - DEBUG - 局部搜索未能改进当前解
2025-04-08 16:04:56,397 - DEBUG - 执行AGV分配局部搜索，当前完工时间: 1733.00
2025-04-08 16:04:56,401 - DEBUG - AGV分配局部搜索成功！完工时间从 1733.00 降低到 1732.00，改进: 1.00 (0.06%)
2025-04-08 16:04:56,405 - DEBUG - 执行AGV分配局部搜索，当前完工时间: 1668.00
2025-04-08 16:04:56,409 - DEBUG - 局部搜索未能改进当前解
2025-04-08 16:04:56,412 - DEBUG - 执行AGV分配局部搜索，当前完工时间: 1723.00
2025-04-08 16:04:56,415 - DEBUG - AGV分配局部搜索成功！完工时间从 1723.00 降低到 1689.00，改进: 34.00 (1.97%)
2025-04-08 16:04:56,420 - DEBUG - 执行AGV分配局部搜索，当前完工时间: 1684.00
2025-04-08 16:04:56,423 - DEBUG - 局部搜索未能改进当前解
2025-04-08 16:04:56,427 - DEBUG - 执行AGV分配局部搜索，当前完工时间: 1788.00
2025-04-08 16:04:56,430 - DEBUG - 局部搜索未能改进当前解
2025-04-08 16:04:56,435 - DEBUG - 执行AGV分配局部搜索，当前完工时间: 1783.00
2025-04-08 16:04:56,438 - DEBUG - AGV分配局部搜索成功！完工时间从 1783.00 降低到 1761.00，改进: 22.00 (1.23%)
2025-04-08 16:04:56,442 - DEBUG - 执行AGV分配局部搜索，当前完工时间: 1719.00
2025-04-08 16:04:56,445 - DEBUG - 局部搜索未能改进当前解
2025-04-08 16:04:56,449 - DEBUG - 执行AGV分配局部搜索，当前完工时间: 1730.00
2025-04-08 16:04:56,453 - DEBUG - 局部搜索未能改进当前解
2025-04-08 16:04:56,456 - DEBUG - 执行AGV分配局部搜索，当前完工时间: 1733.00
2025-04-08 16:04:56,460 - DEBUG - 局部搜索未能改进当前解
2025-04-08 16:04:56,462 - DEBUG - 执行AGV分配局部搜索，当前完工时间: 1701.00
2025-04-08 16:04:56,467 - DEBUG - 局部搜索未能改进当前解
2025-04-08 16:04:56,470 - DEBUG - 执行AGV分配局部搜索，当前完工时间: 1915.00
2025-04-08 16:04:56,474 - DEBUG - 局部搜索未能改进当前解
2025-04-08 16:04:56,478 - DEBUG - 执行AGV分配局部搜索，当前完工时间: 1722.00
2025-04-08 16:04:56,481 - DEBUG - AGV分配局部搜索成功！完工时间从 1722.00 降低到 1671.00，改进: 51.00 (2.96%)
2025-04-08 16:04:56,485 - DEBUG - 执行AGV分配局部搜索，当前完工时间: 1766.00
2025-04-08 16:04:56,488 - DEBUG - 局部搜索未能改进当前解
2025-04-08 16:04:56,492 - DEBUG - 执行AGV分配局部搜索，当前完工时间: 1693.00
2025-04-08 16:04:56,495 - DEBUG - 局部搜索未能改进当前解
2025-04-08 16:04:56,499 - DEBUG - 执行AGV分配局部搜索，当前完工时间: 1736.00
2025-04-08 16:04:56,503 - DEBUG - 局部搜索未能改进当前解
2025-04-08 16:04:56,507 - DEBUG - 执行AGV分配局部搜索，当前完工时间: 1809.00
2025-04-08 16:04:56,510 - DEBUG - 局部搜索未能改进当前解
2025-04-08 16:04:56,514 - DEBUG - 执行AGV分配局部搜索，当前完工时间: 1733.00
2025-04-08 16:04:56,518 - DEBUG - 局部搜索未能改进当前解
2025-04-08 16:04:56,522 - DEBUG - 执行AGV分配局部搜索，当前完工时间: 1778.00
2025-04-08 16:04:56,526 - DEBUG - 局部搜索未能改进当前解
2025-04-08 16:04:56,530 - DEBUG - 执行AGV分配局部搜索，当前完工时间: 1660.00
2025-04-08 16:04:56,534 - DEBUG - 局部搜索未能改进当前解
2025-04-08 16:04:56,538 - DEBUG - 执行AGV分配局部搜索，当前完工时间: 1774.00
2025-04-08 16:04:56,541 - DEBUG - 局部搜索未能改进当前解
2025-04-08 16:04:56,546 - DEBUG - 执行AGV分配局部搜索，当前完工时间: 1752.00
2025-04-08 16:04:56,549 - DEBUG - 局部搜索未能改进当前解
2025-04-08 16:04:56,553 - DEBUG - 执行AGV分配局部搜索，当前完工时间: 1696.00
2025-04-08 16:04:56,556 - DEBUG - 局部搜索未能改进当前解
2025-04-08 16:04:56,560 - DEBUG - 执行AGV分配局部搜索，当前完工时间: 1673.00
2025-04-08 16:04:56,564 - DEBUG - 局部搜索未能改进当前解
2025-04-08 16:04:56,568 - DEBUG - 执行AGV分配局部搜索，当前完工时间: 1760.00
2025-04-08 16:04:56,570 - DEBUG - 局部搜索未能改进当前解
2025-04-08 16:04:56,575 - DEBUG - 执行AGV分配局部搜索，当前完工时间: 1782.00
2025-04-08 16:04:56,579 - DEBUG - 局部搜索未能改进当前解
2025-04-08 16:04:56,583 - DEBUG - 执行AGV分配局部搜索，当前完工时间: 1726.00
2025-04-08 16:04:56,586 - DEBUG - 局部搜索未能改进当前解
2025-04-08 16:04:56,590 - DEBUG - 执行AGV分配局部搜索，当前完工时间: 1781.00
2025-04-08 16:04:56,595 - DEBUG - AGV分配局部搜索成功！完工时间从 1781.00 降低到 1735.00，改进: 46.00 (2.58%)
2025-04-08 16:04:56,598 - DEBUG - 执行AGV分配局部搜索，当前完工时间: 1774.00
2025-04-08 16:04:56,603 - DEBUG - 局部搜索未能改进当前解
2025-04-08 16:04:56,606 - DEBUG - 执行AGV分配局部搜索，当前完工时间: 1775.00
2025-04-08 16:04:56,610 - DEBUG - AGV分配局部搜索成功！完工时间从 1775.00 降低到 1718.00，改进: 57.00 (3.21%)
2025-04-08 16:04:56,613 - DEBUG - 执行AGV分配局部搜索，当前完工时间: 1752.00
2025-04-08 16:04:56,616 - DEBUG - 局部搜索未能改进当前解
2025-04-08 16:04:56,621 - DEBUG - 执行AGV分配局部搜索，当前完工时间: 1765.00
2025-04-08 16:04:56,624 - DEBUG - 局部搜索未能改进当前解
2025-04-08 16:04:56,629 - DEBUG - 执行AGV分配局部搜索，当前完工时间: 1811.00
2025-04-08 16:04:56,632 - DEBUG - 局部搜索未能改进当前解
2025-04-08 16:04:56,636 - DEBUG - 执行AGV分配局部搜索，当前完工时间: 1705.00
2025-04-08 16:04:56,642 - DEBUG - 局部搜索未能改进当前解
2025-04-08 16:04:56,646 - DEBUG - 执行AGV分配局部搜索，当前完工时间: 1778.00
2025-04-08 16:04:56,650 - DEBUG - 局部搜索未能改进当前解
2025-04-08 16:04:56,654 - DEBUG - 执行AGV分配局部搜索，当前完工时间: 1777.00
2025-04-08 16:04:56,658 - DEBUG - AGV分配局部搜索成功！完工时间从 1777.00 降低到 1712.00，改进: 65.00 (3.66%)
2025-04-08 16:04:56,662 - DEBUG - 执行AGV分配局部搜索，当前完工时间: 1734.00
2025-04-08 16:04:56,667 - DEBUG - AGV分配局部搜索成功！完工时间从 1734.00 降低到 1691.00，改进: 43.00 (2.48%)
2025-04-08 16:04:56,670 - DEBUG - 执行AGV分配局部搜索，当前完工时间: 1776.00
2025-04-08 16:04:56,674 - DEBUG - 局部搜索未能改进当前解
2025-04-08 16:04:56,678 - DEBUG - 执行AGV分配局部搜索，当前完工时间: 1747.00
2025-04-08 16:04:56,682 - DEBUG - 局部搜索未能改进当前解
2025-04-08 16:04:56,686 - DEBUG - 执行AGV分配局部搜索，当前完工时间: 1706.00
2025-04-08 16:04:56,690 - DEBUG - 局部搜索未能改进当前解
2025-04-08 16:04:56,694 - DEBUG - 执行AGV分配局部搜索，当前完工时间: 1749.00
2025-04-08 16:04:56,697 - DEBUG - 局部搜索未能改进当前解
2025-04-08 16:04:56,702 - DEBUG - 执行AGV分配局部搜索，当前完工时间: 1694.00
2025-04-08 16:04:56,706 - DEBUG - 局部搜索未能改进当前解
2025-04-08 16:04:56,710 - DEBUG - 执行AGV分配局部搜索，当前完工时间: 1717.00
2025-04-08 16:04:56,713 - DEBUG - 局部搜索未能改进当前解
2025-04-08 16:04:56,717 - DEBUG - 执行AGV分配局部搜索，当前完工时间: 1735.00
2025-04-08 16:04:56,720 - DEBUG - 局部搜索未能改进当前解
2025-04-08 16:04:56,724 - DEBUG - 执行AGV分配局部搜索，当前完工时间: 1705.00
2025-04-08 16:04:56,728 - DEBUG - 局部搜索未能改进当前解
2025-04-08 16:04:56,732 - DEBUG - 执行AGV分配局部搜索，当前完工时间: 1772.00
2025-04-08 16:04:56,736 - DEBUG - AGV分配局部搜索成功！完工时间从 1772.00 降低到 1766.00，改进: 6.00 (0.34%)
2025-04-08 16:04:56,738 - DEBUG - 执行AGV分配局部搜索，当前完工时间: 1714.00
2025-04-08 16:04:56,743 - DEBUG - 局部搜索未能改进当前解
2025-04-08 16:04:56,748 - DEBUG - 执行AGV分配局部搜索，当前完工时间: 1758.00
2025-04-08 16:04:56,751 - DEBUG - 局部搜索未能改进当前解
2025-04-08 16:04:56,755 - DEBUG - 执行AGV分配局部搜索，当前完工时间: 1820.00
2025-04-08 16:04:56,759 - DEBUG - AGV分配局部搜索成功！完工时间从 1820.00 降低到 1806.00，改进: 14.00 (0.77%)
2025-04-08 16:04:56,762 - DEBUG - 执行AGV分配局部搜索，当前完工时间: 1734.00
2025-04-08 16:04:56,766 - DEBUG - 局部搜索未能改进当前解
2025-04-08 16:04:56,770 - DEBUG - 执行AGV分配局部搜索，当前完工时间: 1826.00
2025-04-08 16:04:56,773 - DEBUG - AGV分配局部搜索成功！完工时间从 1826.00 降低到 1770.00，改进: 56.00 (3.07%)
2025-04-08 16:04:56,777 - DEBUG - 执行AGV分配局部搜索，当前完工时间: 1812.00
2025-04-08 16:04:56,781 - DEBUG - 局部搜索未能改进当前解
2025-04-08 16:04:56,785 - DEBUG - 执行AGV分配局部搜索，当前完工时间: 1712.00
2025-04-08 16:04:56,787 - DEBUG - 局部搜索未能改进当前解
2025-04-08 16:04:56,792 - DEBUG - 执行AGV分配局部搜索，当前完工时间: 1769.00
2025-04-08 16:04:56,796 - DEBUG - 局部搜索未能改进当前解
2025-04-08 16:04:56,799 - DEBUG - 执行AGV分配局部搜索，当前完工时间: 1690.00
2025-04-08 16:04:56,803 - DEBUG - 局部搜索未能改进当前解
2025-04-08 16:04:56,806 - DEBUG - 执行AGV分配局部搜索，当前完工时间: 1746.00
2025-04-08 16:04:56,810 - DEBUG - AGV分配局部搜索成功！完工时间从 1746.00 降低到 1706.00，改进: 40.00 (2.29%)
2025-04-08 16:04:56,814 - DEBUG - 执行AGV分配局部搜索，当前完工时间: 1747.00
2025-04-08 16:04:56,817 - DEBUG - 局部搜索未能改进当前解
2025-04-08 16:04:56,821 - DEBUG - 执行AGV分配局部搜索，当前完工时间: 1708.00
2025-04-08 16:04:56,824 - DEBUG - 局部搜索未能改进当前解
2025-04-08 16:04:56,828 - DEBUG - 执行AGV分配局部搜索，当前完工时间: 1762.00
2025-04-08 16:04:56,832 - DEBUG - 局部搜索未能改进当前解
2025-04-08 16:04:56,835 - DEBUG - 执行AGV分配局部搜索，当前完工时间: 1720.00
2025-04-08 16:04:56,838 - DEBUG - 局部搜索未能改进当前解
2025-04-08 16:04:56,843 - DEBUG - 执行AGV分配局部搜索，当前完工时间: 1747.00
2025-04-08 16:04:56,847 - DEBUG - 局部搜索未能改进当前解
2025-04-08 16:04:56,850 - DEBUG - 执行AGV分配局部搜索，当前完工时间: 1779.00
2025-04-08 16:04:56,854 - DEBUG - 局部搜索未能改进当前解
2025-04-08 16:04:56,857 - DEBUG - 执行AGV分配局部搜索，当前完工时间: 1687.00
2025-04-08 16:04:56,861 - DEBUG - 局部搜索未能改进当前解
2025-04-08 16:04:56,864 - DEBUG - 执行AGV分配局部搜索，当前完工时间: 1699.00
2025-04-08 16:04:56,868 - DEBUG - 局部搜索未能改进当前解
2025-04-08 16:04:56,871 - DEBUG - 执行AGV分配局部搜索，当前完工时间: 1704.00
2025-04-08 16:04:56,875 - DEBUG - 局部搜索未能改进当前解
2025-04-08 16:04:56,879 - DEBUG - 执行AGV分配局部搜索，当前完工时间: 1748.00
2025-04-08 16:04:56,883 - DEBUG - 局部搜索未能改进当前解
2025-04-08 16:04:56,886 - DEBUG - 执行AGV分配局部搜索，当前完工时间: 1812.00
2025-04-08 16:04:56,890 - DEBUG - 局部搜索未能改进当前解
2025-04-08 16:04:56,894 - DEBUG - 执行AGV分配局部搜索，当前完工时间: 1747.00
2025-04-08 16:04:56,897 - DEBUG - 局部搜索未能改进当前解
2025-04-08 16:04:56,901 - DEBUG - 执行AGV分配局部搜索，当前完工时间: 1881.00
2025-04-08 16:04:56,906 - DEBUG - 局部搜索未能改进当前解
2025-04-08 16:04:56,908 - DEBUG - 执行AGV分配局部搜索，当前完工时间: 1747.00
2025-04-08 16:04:56,912 - DEBUG - 局部搜索未能改进当前解
2025-04-08 16:04:56,912 - DEBUG - ==================================================
2025-04-08 16:04:56,912 - DEBUG - Efficiency Statistics of Local Search :
2025-04-08 16:04:56,912 - DEBUG - Number of attempts: 99
2025-04-08 16:04:56,912 - DEBUG - Average Success Rate: 17.17%
2025-04-08 16:04:56,912 - DEBUG - AGV Local Search Success: 17，Average Improvement: 35.29
2025-04-08 16:04:56,916 - DEBUG - 执行AGV分配局部搜索，当前完工时间: 1673.00
2025-04-08 16:04:56,920 - DEBUG - 局部搜索未能改进当前解
2025-04-08 16:04:56,924 - DEBUG - 执行AGV分配局部搜索，当前完工时间: 1732.00
2025-04-08 16:04:56,927 - DEBUG - AGV分配局部搜索成功！完工时间从 1732.00 降低到 1729.00，改进: 3.00 (0.17%)
2025-04-08 16:04:56,930 - DEBUG - 执行AGV分配局部搜索，当前完工时间: 1749.00
2025-04-08 16:04:56,934 - DEBUG - 局部搜索未能改进当前解
2025-04-08 16:04:56,939 - DEBUG - 执行AGV分配局部搜索，当前完工时间: 1736.00
2025-04-08 16:04:56,942 - DEBUG - 局部搜索未能改进当前解
2025-04-08 16:04:56,945 - DEBUG - 执行AGV分配局部搜索，当前完工时间: 1719.00
2025-04-08 16:04:56,949 - DEBUG - 局部搜索未能改进当前解
2025-04-08 16:04:56,953 - DEBUG - 执行AGV分配局部搜索，当前完工时间: 1692.00
2025-04-08 16:04:56,957 - DEBUG - 局部搜索未能改进当前解
2025-04-08 16:04:56,960 - DEBUG - 执行AGV分配局部搜索，当前完工时间: 1739.00
2025-04-08 16:04:56,964 - DEBUG - 局部搜索未能改进当前解
2025-04-08 16:04:56,968 - DEBUG - 执行AGV分配局部搜索，当前完工时间: 1812.00
2025-04-08 16:04:56,970 - DEBUG - 局部搜索未能改进当前解
2025-04-08 16:04:56,975 - DEBUG - 执行AGV分配局部搜索，当前完工时间: 1698.00
2025-04-08 16:04:56,979 - DEBUG - 局部搜索未能改进当前解
2025-04-08 16:04:56,983 - DEBUG - 执行AGV分配局部搜索，当前完工时间: 1682.00
2025-04-08 16:04:56,986 - DEBUG - 局部搜索未能改进当前解
2025-04-08 16:04:56,990 - DEBUG - 执行AGV分配局部搜索，当前完工时间: 1720.00
2025-04-08 16:04:56,993 - DEBUG - 局部搜索未能改进当前解
2025-04-08 16:04:56,997 - DEBUG - 执行AGV分配局部搜索，当前完工时间: 1748.00
2025-04-08 16:04:57,000 - DEBUG - 局部搜索未能改进当前解
2025-04-08 16:04:57,004 - DEBUG - 执行AGV分配局部搜索，当前完工时间: 1747.00
2025-04-08 16:04:57,008 - DEBUG - 局部搜索未能改进当前解
2025-04-08 16:04:57,012 - DEBUG - 执行AGV分配局部搜索，当前完工时间: 1778.00
2025-04-08 16:04:57,015 - DEBUG - AGV分配局部搜索成功！完工时间从 1778.00 降低到 1723.00，改进: 55.00 (3.09%)
2025-04-08 16:04:57,019 - DEBUG - 执行AGV分配局部搜索，当前完工时间: 1703.00
2025-04-08 16:04:57,022 - DEBUG - 局部搜索未能改进当前解
2025-04-08 16:04:57,026 - DEBUG - 执行AGV分配局部搜索，当前完工时间: 1810.00
2025-04-08 16:04:57,030 - DEBUG - 局部搜索未能改进当前解
2025-04-08 16:04:57,034 - DEBUG - 执行AGV分配局部搜索，当前完工时间: 1882.00
2025-04-08 16:04:57,038 - DEBUG - 局部搜索未能改进当前解
2025-04-08 16:04:57,041 - DEBUG - 执行AGV分配局部搜索，当前完工时间: 1766.00
2025-04-08 16:04:57,045 - DEBUG - 局部搜索未能改进当前解
2025-04-08 16:04:57,050 - DEBUG - 执行AGV分配局部搜索，当前完工时间: 1743.00
2025-04-08 16:04:57,054 - DEBUG - 局部搜索未能改进当前解
2025-04-08 16:04:57,057 - DEBUG - 执行AGV分配局部搜索，当前完工时间: 1666.00
2025-04-08 16:04:57,061 - DEBUG - AGV分配局部搜索成功！完工时间从 1666.00 降低到 1659.00，改进: 7.00 (0.42%)
2025-04-08 16:04:57,064 - DEBUG - 执行AGV分配局部搜索，当前完工时间: 1751.00
2025-04-08 16:04:57,068 - DEBUG - 局部搜索未能改进当前解
2025-04-08 16:04:57,072 - DEBUG - 执行AGV分配局部搜索，当前完工时间: 1762.00
2025-04-08 16:04:57,077 - DEBUG - 局部搜索未能改进当前解
2025-04-08 16:04:57,081 - DEBUG - 执行AGV分配局部搜索，当前完工时间: 1691.00
2025-04-08 16:04:57,085 - DEBUG - 局部搜索未能改进当前解
2025-04-08 16:04:57,088 - DEBUG - 执行AGV分配局部搜索，当前完工时间: 1701.00
2025-04-08 16:04:57,093 - DEBUG - 局部搜索未能改进当前解
2025-04-08 16:04:57,097 - DEBUG - 执行AGV分配局部搜索，当前完工时间: 1694.00
2025-04-08 16:04:57,100 - DEBUG - 局部搜索未能改进当前解
2025-04-08 16:04:57,104 - DEBUG - 执行AGV分配局部搜索，当前完工时间: 1665.00
2025-04-08 16:04:57,108 - DEBUG - 局部搜索未能改进当前解
2025-04-08 16:04:57,112 - DEBUG - 执行AGV分配局部搜索，当前完工时间: 1774.00
2025-04-08 16:04:57,116 - DEBUG - AGV分配局部搜索成功！完工时间从 1774.00 降低到 1767.00，改进: 7.00 (0.39%)
2025-04-08 16:04:57,119 - DEBUG - 执行AGV分配局部搜索，当前完工时间: 1818.00
2025-04-08 16:04:57,124 - DEBUG - 局部搜索未能改进当前解
2025-04-08 16:04:57,126 - DEBUG - 执行AGV分配局部搜索，当前完工时间: 1705.00
2025-04-08 16:04:57,130 - DEBUG - 局部搜索未能改进当前解
2025-04-08 16:04:57,134 - DEBUG - 执行AGV分配局部搜索，当前完工时间: 1771.00
2025-04-08 16:04:57,137 - DEBUG - 局部搜索未能改进当前解
2025-04-08 16:04:57,142 - DEBUG - 执行AGV分配局部搜索，当前完工时间: 1767.00
2025-04-08 16:04:57,145 - DEBUG - 局部搜索未能改进当前解
2025-04-08 16:04:57,149 - DEBUG - 执行AGV分配局部搜索，当前完工时间: 1710.00
2025-04-08 16:04:57,153 - DEBUG - 局部搜索未能改进当前解
2025-04-08 16:04:57,157 - DEBUG - 执行AGV分配局部搜索，当前完工时间: 1731.00
2025-04-08 16:04:57,161 - DEBUG - AGV分配局部搜索成功！完工时间从 1731.00 降低到 1723.00，改进: 8.00 (0.46%)
2025-04-08 16:04:57,164 - DEBUG - 执行AGV分配局部搜索，当前完工时间: 1763.00
2025-04-08 16:04:57,168 - DEBUG - 局部搜索未能改进当前解
2025-04-08 16:04:57,172 - DEBUG - 执行AGV分配局部搜索，当前完工时间: 1668.00
2025-04-08 16:04:57,175 - DEBUG - 局部搜索未能改进当前解
2025-04-08 16:04:57,179 - DEBUG - 执行AGV分配局部搜索，当前完工时间: 1753.00
2025-04-08 16:04:57,184 - DEBUG - 局部搜索未能改进当前解
2025-04-08 16:04:57,187 - DEBUG - 执行AGV分配局部搜索，当前完工时间: 1711.00
2025-04-08 16:04:57,191 - DEBUG - AGV分配局部搜索成功！完工时间从 1711.00 降低到 1680.00，改进: 31.00 (1.81%)
2025-04-08 16:04:57,195 - DEBUG - 执行AGV分配局部搜索，当前完工时间: 1747.00
2025-04-08 16:04:57,199 - DEBUG - 局部搜索未能改进当前解
2025-04-08 16:04:57,203 - DEBUG - 执行AGV分配局部搜索，当前完工时间: 1745.00
2025-04-08 16:04:57,206 - DEBUG - 局部搜索未能改进当前解
2025-04-08 16:04:57,210 - DEBUG - 执行AGV分配局部搜索，当前完工时间: 1764.00
2025-04-08 16:04:57,213 - DEBUG - 局部搜索未能改进当前解
2025-04-08 16:04:57,218 - DEBUG - 执行AGV分配局部搜索，当前完工时间: 1854.00
2025-04-08 16:04:57,221 - DEBUG - 局部搜索未能改进当前解
2025-04-08 16:04:57,225 - DEBUG - 执行AGV分配局部搜索，当前完工时间: 1825.00
2025-04-08 16:04:57,229 - DEBUG - 局部搜索未能改进当前解
2025-04-08 16:04:57,233 - DEBUG - 执行AGV分配局部搜索，当前完工时间: 1699.00
2025-04-08 16:04:57,236 - DEBUG - 局部搜索未能改进当前解
2025-04-08 16:04:57,240 - DEBUG - 执行AGV分配局部搜索，当前完工时间: 1725.00
2025-04-08 16:04:57,244 - DEBUG - 局部搜索未能改进当前解
2025-04-08 16:04:57,248 - DEBUG - 执行AGV分配局部搜索，当前完工时间: 1727.00
2025-04-08 16:04:57,251 - DEBUG - 局部搜索未能改进当前解
2025-04-08 16:04:57,256 - DEBUG - 执行AGV分配局部搜索，当前完工时间: 1711.00
2025-04-08 16:04:57,262 - DEBUG - 局部搜索未能改进当前解
2025-04-08 16:04:57,266 - DEBUG - 执行AGV分配局部搜索，当前完工时间: 1749.00
2025-04-08 16:04:57,270 - DEBUG - 局部搜索未能改进当前解
2025-04-08 16:04:57,275 - DEBUG - 执行AGV分配局部搜索，当前完工时间: 1757.00
2025-04-08 16:04:57,279 - DEBUG - 局部搜索未能改进当前解
2025-04-08 16:04:57,283 - DEBUG - 执行AGV分配局部搜索，当前完工时间: 1773.00
2025-04-08 16:04:57,287 - DEBUG - AGV分配局部搜索成功！完工时间从 1773.00 降低到 1701.00，改进: 72.00 (4.06%)
2025-04-08 16:04:57,291 - DEBUG - 执行AGV分配局部搜索，当前完工时间: 1733.00
2025-04-08 16:04:57,296 - DEBUG - 局部搜索未能改进当前解
2025-04-08 16:04:57,299 - DEBUG - 执行AGV分配局部搜索，当前完工时间: 1657.00
2025-04-08 16:04:57,303 - DEBUG - 局部搜索未能改进当前解
2025-04-08 16:04:57,307 - DEBUG - 执行AGV分配局部搜索，当前完工时间: 1793.00
2025-04-08 16:04:57,312 - DEBUG - 局部搜索未能改进当前解
2025-04-08 16:04:57,314 - DEBUG - 执行AGV分配局部搜索，当前完工时间: 1857.00
2025-04-08 16:04:57,321 - DEBUG - 局部搜索未能改进当前解
2025-04-08 16:04:57,325 - DEBUG - 执行AGV分配局部搜索，当前完工时间: 1683.00
2025-04-08 16:04:57,329 - DEBUG - 局部搜索未能改进当前解
2025-04-08 16:04:57,333 - DEBUG - 执行AGV分配局部搜索，当前完工时间: 1778.00
2025-04-08 16:04:57,337 - DEBUG - 局部搜索未能改进当前解
2025-04-08 16:04:57,340 - DEBUG - 执行AGV分配局部搜索，当前完工时间: 1659.00
2025-04-08 16:04:57,344 - DEBUG - 局部搜索未能改进当前解
2025-04-08 16:04:57,347 - DEBUG - 执行AGV分配局部搜索，当前完工时间: 1701.00
2025-04-08 16:04:57,351 - DEBUG - 局部搜索未能改进当前解
2025-04-08 16:04:57,354 - DEBUG - 执行AGV分配局部搜索，当前完工时间: 1766.00
2025-04-08 16:04:57,359 - DEBUG - AGV分配局部搜索成功！完工时间从 1766.00 降低到 1713.00，改进: 53.00 (3.00%)
2025-04-08 16:04:57,362 - DEBUG - 执行AGV分配局部搜索，当前完工时间: 1742.00
2025-04-08 16:04:57,366 - DEBUG - 局部搜索未能改进当前解
2025-04-08 16:04:57,370 - DEBUG - 执行AGV分配局部搜索，当前完工时间: 1765.00
2025-04-08 16:04:57,374 - DEBUG - 局部搜索未能改进当前解
2025-04-08 16:04:57,378 - DEBUG - 执行AGV分配局部搜索，当前完工时间: 1702.00
2025-04-08 16:04:57,381 - DEBUG - 局部搜索未能改进当前解
2025-04-08 16:04:57,385 - DEBUG - 执行AGV分配局部搜索，当前完工时间: 1740.00
2025-04-08 16:04:57,389 - DEBUG - 局部搜索未能改进当前解
2025-04-08 16:04:57,392 - DEBUG - 执行AGV分配局部搜索，当前完工时间: 1694.00
2025-04-08 16:04:57,397 - DEBUG - 局部搜索未能改进当前解
2025-04-08 16:04:57,400 - DEBUG - 执行AGV分配局部搜索，当前完工时间: 1718.00
2025-04-08 16:04:57,404 - DEBUG - 局部搜索未能改进当前解
2025-04-08 16:04:57,408 - DEBUG - 执行AGV分配局部搜索，当前完工时间: 1832.00
2025-04-08 16:04:57,411 - DEBUG - 局部搜索未能改进当前解
2025-04-08 16:04:57,414 - DEBUG - 执行AGV分配局部搜索，当前完工时间: 1813.00
2025-04-08 16:04:57,418 - DEBUG - 局部搜索未能改进当前解
2025-04-08 16:04:57,422 - DEBUG - 执行AGV分配局部搜索，当前完工时间: 1729.00
2025-04-08 16:04:57,427 - DEBUG - 局部搜索未能改进当前解
2025-04-08 16:04:57,431 - DEBUG - 执行AGV分配局部搜索，当前完工时间: 1702.00
2025-04-08 16:04:57,435 - DEBUG - 局部搜索未能改进当前解
2025-04-08 16:04:57,438 - DEBUG - 执行AGV分配局部搜索，当前完工时间: 1766.00
2025-04-08 16:04:57,441 - DEBUG - 局部搜索未能改进当前解
2025-04-08 16:04:57,445 - DEBUG - 执行AGV分配局部搜索，当前完工时间: 1760.00
2025-04-08 16:04:57,449 - DEBUG - 局部搜索未能改进当前解
2025-04-08 16:04:57,453 - DEBUG - 执行AGV分配局部搜索，当前完工时间: 1715.00
2025-04-08 16:04:57,457 - DEBUG - 局部搜索未能改进当前解
2025-04-08 16:04:57,460 - DEBUG - 执行AGV分配局部搜索，当前完工时间: 1720.00
2025-04-08 16:04:57,464 - DEBUG - 局部搜索未能改进当前解
2025-04-08 16:04:57,468 - DEBUG - 执行AGV分配局部搜索，当前完工时间: 1741.00
2025-04-08 16:04:57,471 - DEBUG - 局部搜索未能改进当前解
2025-04-08 16:04:57,475 - DEBUG - 执行AGV分配局部搜索，当前完工时间: 1747.00
2025-04-08 16:04:57,479 - DEBUG - 局部搜索未能改进当前解
2025-04-08 16:04:57,483 - DEBUG - 执行AGV分配局部搜索，当前完工时间: 1820.00
2025-04-08 16:04:57,486 - DEBUG - 局部搜索未能改进当前解
2025-04-08 16:04:57,491 - DEBUG - 执行AGV分配局部搜索，当前完工时间: 1719.00
2025-04-08 16:04:57,494 - DEBUG - 局部搜索未能改进当前解
2025-04-08 16:04:57,498 - DEBUG - 执行AGV分配局部搜索，当前完工时间: 1713.00
2025-04-08 16:04:57,501 - DEBUG - 局部搜索未能改进当前解
2025-04-08 16:04:57,505 - DEBUG - 执行AGV分配局部搜索，当前完工时间: 1809.00
2025-04-08 16:04:57,508 - DEBUG - 局部搜索未能改进当前解
2025-04-08 16:04:57,510 - DEBUG - 执行AGV分配局部搜索，当前完工时间: 1729.00
2025-04-08 16:04:57,515 - DEBUG - 局部搜索未能改进当前解
2025-04-08 16:04:57,520 - DEBUG - 执行AGV分配局部搜索，当前完工时间: 1815.00
2025-04-08 16:04:57,523 - DEBUG - 局部搜索未能改进当前解
2025-04-08 16:04:57,526 - DEBUG - 执行AGV分配局部搜索，当前完工时间: 1747.00
2025-04-08 16:04:57,531 - DEBUG - 局部搜索未能改进当前解
2025-04-08 16:04:57,535 - DEBUG - 执行AGV分配局部搜索，当前完工时间: 1698.00
2025-04-08 16:04:57,538 - DEBUG - 局部搜索未能改进当前解
2025-04-08 16:04:57,542 - DEBUG - 执行AGV分配局部搜索，当前完工时间: 1771.00
2025-04-08 16:04:57,546 - DEBUG - 局部搜索未能改进当前解
2025-04-08 16:04:57,549 - DEBUG - 执行AGV分配局部搜索，当前完工时间: 1816.00
2025-04-08 16:04:57,553 - DEBUG - 局部搜索未能改进当前解
2025-04-08 16:04:57,557 - DEBUG - 执行AGV分配局部搜索，当前完工时间: 1680.00
2025-04-08 16:04:57,560 - DEBUG - 局部搜索未能改进当前解
2025-04-08 16:04:57,564 - DEBUG - 执行AGV分配局部搜索，当前完工时间: 1746.00
2025-04-08 16:04:57,568 - DEBUG - 局部搜索未能改进当前解
2025-04-08 16:04:57,572 - DEBUG - 执行AGV分配局部搜索，当前完工时间: 1688.00
2025-04-08 16:04:57,576 - DEBUG - 局部搜索未能改进当前解
2025-04-08 16:04:57,580 - DEBUG - 执行AGV分配局部搜索，当前完工时间: 1738.00
2025-04-08 16:04:57,584 - DEBUG - 局部搜索未能改进当前解
2025-04-08 16:04:57,587 - DEBUG - 执行AGV分配局部搜索，当前完工时间: 1693.00
2025-04-08 16:04:57,591 - DEBUG - 局部搜索未能改进当前解
2025-04-08 16:04:57,595 - DEBUG - 执行AGV分配局部搜索，当前完工时间: 1721.00
2025-04-08 16:04:57,597 - DEBUG - 局部搜索未能改进当前解
2025-04-08 16:04:57,602 - DEBUG - 执行AGV分配局部搜索，当前完工时间: 1770.00
2025-04-08 16:04:57,606 - DEBUG - 局部搜索未能改进当前解
2025-04-08 16:04:57,609 - DEBUG - 执行AGV分配局部搜索，当前完工时间: 1835.00
2025-04-08 16:04:57,613 - DEBUG - 局部搜索未能改进当前解
2025-04-08 16:04:57,617 - DEBUG - 执行AGV分配局部搜索，当前完工时间: 1670.00
2025-04-08 16:04:57,620 - DEBUG - 局部搜索未能改进当前解
2025-04-08 16:04:57,624 - DEBUG - 执行AGV分配局部搜索，当前完工时间: 1669.00
2025-04-08 16:04:57,629 - DEBUG - 局部搜索未能改进当前解
2025-04-08 16:04:57,632 - DEBUG - 执行AGV分配局部搜索，当前完工时间: 1806.00
2025-04-08 16:04:57,636 - DEBUG - 局部搜索未能改进当前解
2025-04-08 16:04:57,639 - DEBUG - 执行AGV分配局部搜索，当前完工时间: 1760.00
2025-04-08 16:04:57,643 - DEBUG - 局部搜索未能改进当前解
2025-04-08 16:04:57,647 - DEBUG - 执行AGV分配局部搜索，当前完工时间: 1739.00
2025-04-08 16:04:57,651 - DEBUG - 局部搜索未能改进当前解
2025-04-08 16:04:57,654 - DEBUG - 执行AGV分配局部搜索，当前完工时间: 1709.00
2025-04-08 16:04:57,657 - DEBUG - 局部搜索未能改进当前解
2025-04-08 16:04:57,661 - DEBUG - 执行AGV分配局部搜索，当前完工时间: 1775.00
2025-04-08 16:04:57,664 - DEBUG - 局部搜索未能改进当前解
2025-04-08 16:04:57,664 - DEBUG - ==================================================
2025-04-08 16:04:57,664 - DEBUG - Efficiency Statistics of Local Search :
2025-04-08 16:04:57,664 - DEBUG - Number of attempts: 99
2025-04-08 16:04:57,664 - DEBUG - Average Success Rate: 8.08%
2025-04-08 16:04:57,664 - DEBUG - AGV Local Search Success: 8，Average Improvement: 29.50
2025-04-08 16:04:57,669 - DEBUG - 执行AGV分配局部搜索，当前完工时间: 1819.00
2025-04-08 16:04:57,672 - DEBUG - AGV分配局部搜索成功！完工时间从 1819.00 降低到 1811.00，改进: 8.00 (0.44%)
2025-04-08 16:04:57,677 - DEBUG - 执行AGV分配局部搜索，当前完工时间: 1664.00
2025-04-08 16:04:57,680 - DEBUG - 局部搜索未能改进当前解
2025-04-08 16:04:57,684 - DEBUG - 执行AGV分配局部搜索，当前完工时间: 1737.00
2025-04-08 16:04:57,688 - DEBUG - 局部搜索未能改进当前解
2025-04-08 16:04:57,692 - DEBUG - 执行AGV分配局部搜索，当前完工时间: 1656.00
2025-04-08 16:04:57,695 - DEBUG - 局部搜索未能改进当前解
2025-04-08 16:04:57,700 - DEBUG - 执行AGV分配局部搜索，当前完工时间: 1720.00
2025-04-08 16:04:57,703 - DEBUG - 局部搜索未能改进当前解
2025-04-08 16:04:57,706 - DEBUG - 执行AGV分配局部搜索，当前完工时间: 1705.00
2025-04-08 16:04:57,710 - DEBUG - 局部搜索未能改进当前解
2025-04-08 16:04:57,714 - DEBUG - 执行AGV分配局部搜索，当前完工时间: 1749.00
2025-04-08 16:04:57,718 - DEBUG - 局部搜索未能改进当前解
2025-04-08 16:04:57,721 - DEBUG - 执行AGV分配局部搜索，当前完工时间: 1717.00
2025-04-08 16:04:57,724 - DEBUG - 局部搜索未能改进当前解
2025-04-08 16:04:57,728 - DEBUG - 执行AGV分配局部搜索，当前完工时间: 1726.00
2025-04-08 16:04:57,731 - DEBUG - 局部搜索未能改进当前解
2025-04-08 16:04:57,735 - DEBUG - 执行AGV分配局部搜索，当前完工时间: 1751.00
2025-04-08 16:04:57,739 - DEBUG - AGV分配局部搜索成功！完工时间从 1751.00 降低到 1745.00，改进: 6.00 (0.34%)
2025-04-08 16:04:57,743 - DEBUG - 执行AGV分配局部搜索，当前完工时间: 1744.00
2025-04-08 16:04:57,747 - DEBUG - 局部搜索未能改进当前解
2025-04-08 16:04:57,750 - DEBUG - 执行AGV分配局部搜索，当前完工时间: 1742.00
2025-04-08 16:04:57,754 - DEBUG - 局部搜索未能改进当前解
2025-04-08 16:04:57,757 - DEBUG - 执行AGV分配局部搜索，当前完工时间: 1790.00
2025-04-08 16:04:57,761 - DEBUG - 局部搜索未能改进当前解
2025-04-08 16:04:57,765 - DEBUG - 执行AGV分配局部搜索，当前完工时间: 1750.00
2025-04-08 16:04:57,769 - DEBUG - 局部搜索未能改进当前解
2025-04-08 16:04:57,772 - DEBUG - 执行AGV分配局部搜索，当前完工时间: 1797.00
2025-04-08 16:04:57,776 - DEBUG - 局部搜索未能改进当前解
2025-04-08 16:04:57,781 - DEBUG - 执行AGV分配局部搜索，当前完工时间: 1862.00
2025-04-08 16:04:57,784 - DEBUG - 局部搜索未能改进当前解
2025-04-08 16:04:57,787 - DEBUG - 执行AGV分配局部搜索，当前完工时间: 1895.00
2025-04-08 16:04:57,792 - DEBUG - AGV分配局部搜索成功！完工时间从 1895.00 降低到 1893.00，改进: 2.00 (0.11%)
2025-04-08 16:04:57,795 - DEBUG - 执行AGV分配局部搜索，当前完工时间: 1706.00
2025-04-08 16:04:57,799 - DEBUG - AGV分配局部搜索成功！完工时间从 1706.00 降低到 1679.00，改进: 27.00 (1.58%)
2025-04-08 16:04:57,803 - DEBUG - 执行AGV分配局部搜索，当前完工时间: 1673.00
2025-04-08 16:04:57,806 - DEBUG - 局部搜索未能改进当前解
2025-04-08 16:04:57,809 - DEBUG - 执行AGV分配局部搜索，当前完工时间: 1736.00
2025-04-08 16:04:57,813 - DEBUG - AGV分配局部搜索成功！完工时间从 1736.00 降低到 1699.00，改进: 37.00 (2.13%)
2025-04-08 16:04:57,816 - DEBUG - 执行AGV分配局部搜索，当前完工时间: 1718.00
2025-04-08 16:04:57,820 - DEBUG - 局部搜索未能改进当前解
2025-04-08 16:04:57,825 - DEBUG - 执行AGV分配局部搜索，当前完工时间: 1730.00
2025-04-08 16:04:57,828 - DEBUG - 局部搜索未能改进当前解
2025-04-08 16:04:57,831 - DEBUG - 执行AGV分配局部搜索，当前完工时间: 1691.00
2025-04-08 16:04:57,836 - DEBUG - 局部搜索未能改进当前解
2025-04-08 16:04:57,839 - DEBUG - 执行AGV分配局部搜索，当前完工时间: 1805.00
2025-04-08 16:04:57,843 - DEBUG - 局部搜索未能改进当前解
2025-04-08 16:04:57,846 - DEBUG - 执行AGV分配局部搜索，当前完工时间: 1760.00
2025-04-08 16:04:57,850 - DEBUG - 局部搜索未能改进当前解
2025-04-08 16:04:57,853 - DEBUG - 执行AGV分配局部搜索，当前完工时间: 1765.00
2025-04-08 16:04:57,857 - DEBUG - 局部搜索未能改进当前解
2025-04-08 16:04:57,860 - DEBUG - 执行AGV分配局部搜索，当前完工时间: 1691.00
2025-04-08 16:04:57,864 - DEBUG - 局部搜索未能改进当前解
2025-04-08 16:04:57,868 - DEBUG - 执行AGV分配局部搜索，当前完工时间: 1659.00
2025-04-08 16:04:57,872 - DEBUG - 局部搜索未能改进当前解
2025-04-08 16:04:57,875 - DEBUG - 执行AGV分配局部搜索，当前完工时间: 1734.00
2025-04-08 16:04:57,878 - DEBUG - 局部搜索未能改进当前解
2025-04-08 16:04:57,883 - DEBUG - 执行AGV分配局部搜索，当前完工时间: 1797.00
2025-04-08 16:04:57,886 - DEBUG - AGV分配局部搜索成功！完工时间从 1797.00 降低到 1789.00，改进: 8.00 (0.45%)
2025-04-08 16:04:57,890 - DEBUG - 执行AGV分配局部搜索，当前完工时间: 1792.00
2025-04-08 16:04:57,894 - DEBUG - AGV分配局部搜索成功！完工时间从 1792.00 降低到 1785.00，改进: 7.00 (0.39%)
2025-04-08 16:04:57,897 - DEBUG - 执行AGV分配局部搜索，当前完工时间: 1682.00
2025-04-08 16:04:57,901 - DEBUG - 局部搜索未能改进当前解
2025-04-08 16:04:57,905 - DEBUG - 执行AGV分配局部搜索，当前完工时间: 1698.00
2025-04-08 16:04:57,908 - DEBUG - AGV分配局部搜索成功！完工时间从 1698.00 降低到 1696.00，改进: 2.00 (0.12%)
2025-04-08 16:04:57,912 - DEBUG - 执行AGV分配局部搜索，当前完工时间: 1717.00
2025-04-08 16:04:57,915 - DEBUG - 局部搜索未能改进当前解
2025-04-08 16:04:57,920 - DEBUG - 执行AGV分配局部搜索，当前完工时间: 1725.00
2025-04-08 16:04:57,925 - DEBUG - 局部搜索未能改进当前解
2025-04-08 16:04:57,930 - DEBUG - 执行AGV分配局部搜索，当前完工时间: 1771.00
2025-04-08 16:04:57,935 - DEBUG - 局部搜索未能改进当前解
2025-04-08 16:04:57,939 - DEBUG - 执行AGV分配局部搜索，当前完工时间: 1816.00
2025-04-08 16:04:57,943 - DEBUG - 局部搜索未能改进当前解
2025-04-08 16:04:57,947 - DEBUG - 执行AGV分配局部搜索，当前完工时间: 1782.00
2025-04-08 16:04:57,951 - DEBUG - 局部搜索未能改进当前解
2025-04-08 16:04:57,954 - DEBUG - 执行AGV分配局部搜索，当前完工时间: 1725.00
2025-04-08 16:04:57,958 - DEBUG - AGV分配局部搜索成功！完工时间从 1725.00 降低到 1698.00，改进: 27.00 (1.57%)
2025-04-08 16:04:57,962 - DEBUG - 执行AGV分配局部搜索，当前完工时间: 1713.00
2025-04-08 16:04:57,965 - DEBUG - 局部搜索未能改进当前解
2025-04-08 16:04:57,970 - DEBUG - 执行AGV分配局部搜索，当前完工时间: 1718.00
2025-04-08 16:04:57,973 - DEBUG - 局部搜索未能改进当前解
2025-04-08 16:04:57,976 - DEBUG - 执行AGV分配局部搜索，当前完工时间: 1765.00
2025-04-08 16:04:57,980 - DEBUG - 局部搜索未能改进当前解
2025-04-08 16:04:57,984 - DEBUG - 执行AGV分配局部搜索，当前完工时间: 1683.00
2025-04-08 16:04:57,987 - DEBUG - AGV分配局部搜索成功！完工时间从 1683.00 降低到 1656.00，改进: 27.00 (1.60%)
2025-04-08 16:04:57,991 - DEBUG - 执行AGV分配局部搜索，当前完工时间: 1727.00
2025-04-08 16:04:57,995 - DEBUG - 局部搜索未能改进当前解
2025-04-08 16:04:57,999 - DEBUG - 执行AGV分配局部搜索，当前完工时间: 1658.00
2025-04-08 16:04:58,002 - DEBUG - 局部搜索未能改进当前解
2025-04-08 16:04:58,006 - DEBUG - 执行AGV分配局部搜索，当前完工时间: 1773.00
2025-04-08 16:04:58,011 - DEBUG - 局部搜索未能改进当前解
2025-04-08 16:04:58,014 - DEBUG - 执行AGV分配局部搜索，当前完工时间: 1798.00
2025-04-08 16:04:58,018 - DEBUG - AGV分配局部搜索成功！完工时间从 1798.00 降低到 1752.00，改进: 46.00 (2.56%)
2025-04-08 16:04:58,021 - DEBUG - 执行AGV分配局部搜索，当前完工时间: 1710.00
2025-04-08 16:04:58,025 - DEBUG - 局部搜索未能改进当前解
2025-04-08 16:04:58,030 - DEBUG - 执行AGV分配局部搜索，当前完工时间: 1854.00
2025-04-08 16:04:58,034 - DEBUG - 局部搜索未能改进当前解
2025-04-08 16:04:58,039 - DEBUG - 执行AGV分配局部搜索，当前完工时间: 1707.00
2025-04-08 16:04:58,043 - DEBUG - 局部搜索未能改进当前解
2025-04-08 16:04:58,047 - DEBUG - 执行AGV分配局部搜索，当前完工时间: 1709.00
2025-04-08 16:04:58,051 - DEBUG - 局部搜索未能改进当前解
2025-04-08 16:04:58,055 - DEBUG - 执行AGV分配局部搜索，当前完工时间: 1673.00
2025-04-08 16:04:58,059 - DEBUG - 局部搜索未能改进当前解
2025-04-08 16:04:58,064 - DEBUG - 执行AGV分配局部搜索，当前完工时间: 1805.00
2025-04-08 16:04:58,068 - DEBUG - 局部搜索未能改进当前解
2025-04-08 16:04:58,071 - DEBUG - 执行AGV分配局部搜索，当前完工时间: 1766.00
2025-04-08 16:04:58,076 - DEBUG - 局部搜索未能改进当前解
2025-04-08 16:04:58,082 - DEBUG - 执行AGV分配局部搜索，当前完工时间: 1710.00
2025-04-08 16:04:58,086 - DEBUG - 局部搜索未能改进当前解
2025-04-08 16:04:58,090 - DEBUG - 执行AGV分配局部搜索，当前完工时间: 1691.00
2025-04-08 16:04:58,094 - DEBUG - 局部搜索未能改进当前解
2025-04-08 16:04:58,097 - DEBUG - 执行AGV分配局部搜索，当前完工时间: 1727.00
2025-04-08 16:04:58,101 - DEBUG - AGV分配局部搜索成功！完工时间从 1727.00 降低到 1725.00，改进: 2.00 (0.12%)
2025-04-08 16:04:58,105 - DEBUG - 执行AGV分配局部搜索，当前完工时间: 1713.00
2025-04-08 16:04:58,108 - DEBUG - 局部搜索未能改进当前解
2025-04-08 16:04:58,112 - DEBUG - 执行AGV分配局部搜索，当前完工时间: 1689.00
2025-04-08 16:04:58,116 - DEBUG - 局部搜索未能改进当前解
2025-04-08 16:04:58,120 - DEBUG - 执行AGV分配局部搜索，当前完工时间: 1741.00
2025-04-08 16:04:58,123 - DEBUG - 局部搜索未能改进当前解
2025-04-08 16:04:58,128 - DEBUG - 执行AGV分配局部搜索，当前完工时间: 1743.00
2025-04-08 16:04:58,131 - DEBUG - 局部搜索未能改进当前解
2025-04-08 16:04:58,135 - DEBUG - 执行AGV分配局部搜索，当前完工时间: 1730.00
2025-04-08 16:04:58,138 - DEBUG - AGV分配局部搜索成功！完工时间从 1730.00 降低到 1723.00，改进: 7.00 (0.40%)
2025-04-08 16:04:58,143 - DEBUG - 执行AGV分配局部搜索，当前完工时间: 1676.00
2025-04-08 16:04:58,146 - DEBUG - 局部搜索未能改进当前解
2025-04-08 16:04:58,150 - DEBUG - 执行AGV分配局部搜索，当前完工时间: 1776.00
2025-04-08 16:04:58,153 - DEBUG - 局部搜索未能改进当前解
2025-04-08 16:04:58,157 - DEBUG - 执行AGV分配局部搜索，当前完工时间: 1787.00
2025-04-08 16:04:58,160 - DEBUG - 局部搜索未能改进当前解
2025-04-08 16:04:58,164 - DEBUG - 执行AGV分配局部搜索，当前完工时间: 1727.00
2025-04-08 16:04:58,168 - DEBUG - 局部搜索未能改进当前解
2025-04-08 16:04:58,172 - DEBUG - 执行AGV分配局部搜索，当前完工时间: 1700.00
2025-04-08 16:04:58,176 - DEBUG - 局部搜索未能改进当前解
2025-04-08 16:04:58,179 - DEBUG - 执行AGV分配局部搜索，当前完工时间: 1785.00
2025-04-08 16:04:58,183 - DEBUG - 局部搜索未能改进当前解
2025-04-08 16:04:58,187 - DEBUG - 执行AGV分配局部搜索，当前完工时间: 1769.00
2025-04-08 16:04:58,190 - DEBUG - 局部搜索未能改进当前解
2025-04-08 16:04:58,193 - DEBUG - 执行AGV分配局部搜索，当前完工时间: 1753.00
2025-04-08 16:04:58,197 - DEBUG - 局部搜索未能改进当前解
2025-04-08 16:04:58,202 - DEBUG - 执行AGV分配局部搜索，当前完工时间: 1750.00
2025-04-08 16:04:58,205 - DEBUG - 局部搜索未能改进当前解
2025-04-08 16:04:58,209 - DEBUG - 执行AGV分配局部搜索，当前完工时间: 1668.00
2025-04-08 16:04:58,214 - DEBUG - 局部搜索未能改进当前解
2025-04-08 16:04:58,216 - DEBUG - 执行AGV分配局部搜索，当前完工时间: 1659.00
2025-04-08 16:04:58,221 - DEBUG - 局部搜索未能改进当前解
2025-04-08 16:04:58,224 - DEBUG - 执行AGV分配局部搜索，当前完工时间: 1701.00
2025-04-08 16:04:58,228 - DEBUG - 局部搜索未能改进当前解
2025-04-08 16:04:58,232 - DEBUG - 执行AGV分配局部搜索，当前完工时间: 1691.00
2025-04-08 16:04:58,235 - DEBUG - 局部搜索未能改进当前解
2025-04-08 16:04:58,239 - DEBUG - 执行AGV分配局部搜索，当前完工时间: 1671.00
2025-04-08 16:04:58,242 - DEBUG - 局部搜索未能改进当前解
2025-04-08 16:04:58,247 - DEBUG - 执行AGV分配局部搜索，当前完工时间: 1901.00
2025-04-08 16:04:58,251 - DEBUG - 局部搜索未能改进当前解
2025-04-08 16:04:58,254 - DEBUG - 执行AGV分配局部搜索，当前完工时间: 1715.00
2025-04-08 16:04:58,257 - DEBUG - AGV分配局部搜索成功！完工时间从 1715.00 降低到 1705.00，改进: 10.00 (0.58%)
2025-04-08 16:04:58,261 - DEBUG - 执行AGV分配局部搜索，当前完工时间: 1722.00
2025-04-08 16:04:58,264 - DEBUG - 局部搜索未能改进当前解
2025-04-08 16:04:58,269 - DEBUG - 执行AGV分配局部搜索，当前完工时间: 1726.00
2025-04-08 16:04:58,272 - DEBUG - 局部搜索未能改进当前解
2025-04-08 16:04:58,275 - DEBUG - 执行AGV分配局部搜索，当前完工时间: 1706.00
2025-04-08 16:04:58,280 - DEBUG - 局部搜索未能改进当前解
2025-04-08 16:04:58,283 - DEBUG - 执行AGV分配局部搜索，当前完工时间: 1682.00
2025-04-08 16:04:58,287 - DEBUG - 局部搜索未能改进当前解
2025-04-08 16:04:58,291 - DEBUG - 执行AGV分配局部搜索，当前完工时间: 1705.00
2025-04-08 16:04:58,294 - DEBUG - 局部搜索未能改进当前解
2025-04-08 16:04:58,299 - DEBUG - 执行AGV分配局部搜索，当前完工时间: 1657.00
2025-04-08 16:04:58,301 - DEBUG - 局部搜索未能改进当前解
2025-04-08 16:04:58,305 - DEBUG - 执行AGV分配局部搜索，当前完工时间: 1675.00
2025-04-08 16:04:58,309 - DEBUG - 局部搜索未能改进当前解
2025-04-08 16:04:58,312 - DEBUG - 执行AGV分配局部搜索，当前完工时间: 1695.00
2025-04-08 16:04:58,316 - DEBUG - 局部搜索未能改进当前解
2025-04-08 16:04:58,321 - DEBUG - 执行AGV分配局部搜索，当前完工时间: 1771.00
2025-04-08 16:04:58,324 - DEBUG - AGV分配局部搜索成功！完工时间从 1771.00 降低到 1766.00，改进: 5.00 (0.28%)
2025-04-08 16:04:58,329 - DEBUG - 执行AGV分配局部搜索，当前完工时间: 1739.00
2025-04-08 16:04:58,332 - DEBUG - AGV分配局部搜索成功！完工时间从 1739.00 降低到 1702.00，改进: 37.00 (2.13%)
2025-04-08 16:04:58,336 - DEBUG - 执行AGV分配局部搜索，当前完工时间: 1714.00
2025-04-08 16:04:58,339 - DEBUG - 局部搜索未能改进当前解
2025-04-08 16:04:58,343 - DEBUG - 执行AGV分配局部搜索，当前完工时间: 1769.00
2025-04-08 16:04:58,347 - DEBUG - 局部搜索未能改进当前解
2025-04-08 16:04:58,350 - DEBUG - 执行AGV分配局部搜索，当前完工时间: 1731.00
2025-04-08 16:04:58,355 - DEBUG - 局部搜索未能改进当前解
2025-04-08 16:04:58,358 - DEBUG - 执行AGV分配局部搜索，当前完工时间: 1736.00
2025-04-08 16:04:58,362 - DEBUG - 局部搜索未能改进当前解
2025-04-08 16:04:58,366 - DEBUG - 执行AGV分配局部搜索，当前完工时间: 1692.00
2025-04-08 16:04:58,370 - DEBUG - 局部搜索未能改进当前解
2025-04-08 16:04:58,373 - DEBUG - 执行AGV分配局部搜索，当前完工时间: 1712.00
2025-04-08 16:04:58,376 - DEBUG - 局部搜索未能改进当前解
2025-04-08 16:04:58,381 - DEBUG - 执行AGV分配局部搜索，当前完工时间: 1827.00
2025-04-08 16:04:58,384 - DEBUG - 局部搜索未能改进当前解
2025-04-08 16:04:58,387 - DEBUG - 执行AGV分配局部搜索，当前完工时间: 1659.00
2025-04-08 16:04:58,391 - DEBUG - 局部搜索未能改进当前解
2025-04-08 16:04:58,394 - DEBUG - 执行AGV分配局部搜索，当前完工时间: 1781.00
2025-04-08 16:04:58,399 - DEBUG - 局部搜索未能改进当前解
2025-04-08 16:04:58,402 - DEBUG - 执行AGV分配局部搜索，当前完工时间: 1694.00
2025-04-08 16:04:58,406 - DEBUG - 局部搜索未能改进当前解
2025-04-08 16:04:58,409 - DEBUG - 执行AGV分配局部搜索，当前完工时间: 1755.00
2025-04-08 16:04:58,413 - DEBUG - AGV分配局部搜索成功！完工时间从 1755.00 降低到 1738.00，改进: 17.00 (0.97%)
2025-04-08 16:04:58,413 - DEBUG - ==================================================
2025-04-08 16:04:58,413 - DEBUG - Efficiency Statistics of Local Search :
2025-04-08 16:04:58,413 - DEBUG - Number of attempts: 99
2025-04-08 16:04:58,413 - DEBUG - Average Success Rate: 17.17%
2025-04-08 16:04:58,413 - DEBUG - AGV Local Search Success: 17，Average Improvement: 16.18
2025-04-08 16:04:58,417 - DEBUG - 执行AGV分配局部搜索，当前完工时间: 1691.00
2025-04-08 16:04:58,421 - DEBUG - 局部搜索未能改进当前解
2025-04-08 16:04:58,424 - DEBUG - 执行AGV分配局部搜索，当前完工时间: 1671.00
2025-04-08 16:04:58,428 - DEBUG - 局部搜索未能改进当前解
2025-04-08 16:04:58,432 - DEBUG - 执行AGV分配局部搜索，当前完工时间: 1780.00
2025-04-08 16:04:58,436 - DEBUG - 局部搜索未能改进当前解
2025-04-08 16:04:58,439 - DEBUG - 执行AGV分配局部搜索，当前完工时间: 1757.00
2025-04-08 16:04:58,442 - DEBUG - 局部搜索未能改进当前解
2025-04-08 16:04:58,447 - DEBUG - 执行AGV分配局部搜索，当前完工时间: 1685.00
2025-04-08 16:04:58,450 - DEBUG - 局部搜索未能改进当前解
2025-04-08 16:04:58,453 - DEBUG - 执行AGV分配局部搜索，当前完工时间: 1690.00
2025-04-08 16:04:58,457 - DEBUG - 局部搜索未能改进当前解
2025-04-08 16:04:58,460 - DEBUG - 执行AGV分配局部搜索，当前完工时间: 1752.00
2025-04-08 16:04:58,465 - DEBUG - AGV分配局部搜索成功！完工时间从 1752.00 降低到 1697.00，改进: 55.00 (3.14%)
2025-04-08 16:04:58,469 - DEBUG - 执行AGV分配局部搜索，当前完工时间: 1780.00
2025-04-08 16:04:58,472 - DEBUG - 局部搜索未能改进当前解
2025-04-08 16:04:58,476 - DEBUG - 执行AGV分配局部搜索，当前完工时间: 1717.00
2025-04-08 16:04:58,480 - DEBUG - 局部搜索未能改进当前解
2025-04-08 16:04:58,485 - DEBUG - 执行AGV分配局部搜索，当前完工时间: 1703.00
2025-04-08 16:04:58,488 - DEBUG - 局部搜索未能改进当前解
2025-04-08 16:04:58,492 - DEBUG - 执行AGV分配局部搜索，当前完工时间: 1736.00
2025-04-08 16:04:58,496 - DEBUG - 局部搜索未能改进当前解
2025-04-08 16:04:58,499 - DEBUG - 执行AGV分配局部搜索，当前完工时间: 1769.00
2025-04-08 16:04:58,503 - DEBUG - 局部搜索未能改进当前解
2025-04-08 16:04:58,506 - DEBUG - 执行AGV分配局部搜索，当前完工时间: 1725.00
2025-04-08 16:04:58,510 - DEBUG - 局部搜索未能改进当前解
2025-04-08 16:04:58,514 - DEBUG - 执行AGV分配局部搜索，当前完工时间: 1774.00
2025-04-08 16:04:58,517 - DEBUG - AGV分配局部搜索成功！完工时间从 1774.00 降低到 1773.00，改进: 1.00 (0.06%)
2025-04-08 16:04:58,521 - DEBUG - 执行AGV分配局部搜索，当前完工时间: 1715.00
2025-04-08 16:04:58,525 - DEBUG - 局部搜索未能改进当前解
2025-04-08 16:04:58,529 - DEBUG - 执行AGV分配局部搜索，当前完工时间: 1761.00
2025-04-08 16:04:58,532 - DEBUG - 局部搜索未能改进当前解
2025-04-08 16:04:58,537 - DEBUG - 执行AGV分配局部搜索，当前完工时间: 1775.00
2025-04-08 16:04:58,541 - DEBUG - 局部搜索未能改进当前解
2025-04-08 16:04:58,545 - DEBUG - 执行AGV分配局部搜索，当前完工时间: 1713.00
2025-04-08 16:04:58,549 - DEBUG - 局部搜索未能改进当前解
2025-04-08 16:04:58,560 - DEBUG - 执行AGV分配局部搜索，当前完工时间: 1693.00
2025-04-08 16:04:58,564 - DEBUG - 局部搜索未能改进当前解
2025-04-08 16:04:58,568 - DEBUG - 执行AGV分配局部搜索，当前完工时间: 1776.00
2025-04-08 16:04:58,572 - DEBUG - 局部搜索未能改进当前解
2025-04-08 16:04:58,577 - DEBUG - 执行AGV分配局部搜索，当前完工时间: 1707.00
2025-04-08 16:04:58,580 - DEBUG - 局部搜索未能改进当前解
2025-04-08 16:04:58,587 - DEBUG - 执行AGV分配局部搜索，当前完工时间: 1721.00
2025-04-08 16:04:58,592 - DEBUG - 局部搜索未能改进当前解
2025-04-08 16:04:58,595 - DEBUG - 执行AGV分配局部搜索，当前完工时间: 1727.00
2025-04-08 16:04:58,599 - DEBUG - 局部搜索未能改进当前解
2025-04-08 16:04:58,603 - DEBUG - 执行AGV分配局部搜索，当前完工时间: 1697.00
2025-04-08 16:04:58,607 - DEBUG - 局部搜索未能改进当前解
2025-04-08 16:04:58,611 - DEBUG - 执行AGV分配局部搜索，当前完工时间: 1659.00
2025-04-08 16:04:58,614 - DEBUG - 局部搜索未能改进当前解
2025-04-08 16:04:58,619 - DEBUG - 执行AGV分配局部搜索，当前完工时间: 1810.00
2025-04-08 16:04:58,622 - DEBUG - 局部搜索未能改进当前解
2025-04-08 16:04:58,626 - DEBUG - 执行AGV分配局部搜索，当前完工时间: 1718.00
2025-04-08 16:04:58,630 - DEBUG - 局部搜索未能改进当前解
2025-04-08 16:04:58,637 - DEBUG - 执行AGV分配局部搜索，当前完工时间: 1660.00
2025-04-08 16:04:58,643 - DEBUG - AGV分配局部搜索成功！完工时间从 1660.00 降低到 1656.00，改进: 4.00 (0.24%)
2025-04-08 16:04:58,648 - DEBUG - 执行AGV分配局部搜索，当前完工时间: 1717.00
2025-04-08 16:04:58,651 - DEBUG - AGV分配局部搜索成功！完工时间从 1717.00 降低到 1696.00，改进: 21.00 (1.22%)
2025-04-08 16:04:58,655 - DEBUG - 执行AGV分配局部搜索，当前完工时间: 1706.00
2025-04-08 16:04:58,659 - DEBUG - 局部搜索未能改进当前解
2025-04-08 16:04:58,664 - DEBUG - 执行AGV分配局部搜索，当前完工时间: 1739.00
2025-04-08 16:04:58,668 - DEBUG - 局部搜索未能改进当前解
2025-04-08 16:04:58,671 - DEBUG - 执行AGV分配局部搜索，当前完工时间: 1723.00
2025-04-08 16:04:58,675 - DEBUG - 局部搜索未能改进当前解
2025-04-08 16:04:58,679 - DEBUG - 执行AGV分配局部搜索，当前完工时间: 1713.00
2025-04-08 16:04:58,682 - DEBUG - 局部搜索未能改进当前解
2025-04-08 16:04:58,686 - DEBUG - 执行AGV分配局部搜索，当前完工时间: 1764.00
2025-04-08 16:04:58,690 - DEBUG - 局部搜索未能改进当前解
2025-04-08 16:04:58,694 - DEBUG - 执行AGV分配局部搜索，当前完工时间: 1789.00
2025-04-08 16:04:58,697 - DEBUG - AGV分配局部搜索成功！完工时间从 1789.00 降低到 1774.00，改进: 15.00 (0.84%)
2025-04-08 16:04:58,701 - DEBUG - 执行AGV分配局部搜索，当前完工时间: 1821.00
2025-04-08 16:04:58,705 - DEBUG - 局部搜索未能改进当前解
2025-04-08 16:04:58,709 - DEBUG - 执行AGV分配局部搜索，当前完工时间: 1735.00
2025-04-08 16:04:58,712 - DEBUG - 局部搜索未能改进当前解
2025-04-08 16:04:58,717 - DEBUG - 执行AGV分配局部搜索，当前完工时间: 1916.00
2025-04-08 16:04:58,719 - DEBUG - AGV分配局部搜索成功！完工时间从 1916.00 降低到 1883.00，改进: 33.00 (1.72%)
2025-04-08 16:04:58,723 - DEBUG - 执行AGV分配局部搜索，当前完工时间: 1692.00
2025-04-08 16:04:58,728 - DEBUG - 局部搜索未能改进当前解
2025-04-08 16:04:58,732 - DEBUG - 执行AGV分配局部搜索，当前完工时间: 1734.00
2025-04-08 16:04:58,735 - DEBUG - 局部搜索未能改进当前解
2025-04-08 16:04:58,739 - DEBUG - 执行AGV分配局部搜索，当前完工时间: 1653.00
2025-04-08 16:04:58,743 - DEBUG - 局部搜索未能改进当前解
2025-04-08 16:04:58,747 - DEBUG - 执行AGV分配局部搜索，当前完工时间: 1679.00
2025-04-08 16:04:58,751 - DEBUG - 局部搜索未能改进当前解
2025-04-08 16:04:58,755 - DEBUG - 执行AGV分配局部搜索，当前完工时间: 1761.00
2025-04-08 16:04:58,759 - DEBUG - 局部搜索未能改进当前解
2025-04-08 16:04:58,762 - DEBUG - 执行AGV分配局部搜索，当前完工时间: 1692.00
2025-04-08 16:04:58,766 - DEBUG - 局部搜索未能改进当前解
2025-04-08 16:04:58,769 - DEBUG - 执行AGV分配局部搜索，当前完工时间: 1729.00
2025-04-08 16:04:58,772 - DEBUG - 局部搜索未能改进当前解
2025-04-08 16:04:58,776 - DEBUG - 执行AGV分配局部搜索，当前完工时间: 1678.00
2025-04-08 16:04:58,780 - DEBUG - 局部搜索未能改进当前解
2025-04-08 16:04:58,784 - DEBUG - 执行AGV分配局部搜索，当前完工时间: 1682.00
2025-04-08 16:04:58,787 - DEBUG - 局部搜索未能改进当前解
2025-04-08 16:04:58,791 - DEBUG - 执行AGV分配局部搜索，当前完工时间: 1724.00
2025-04-08 16:04:58,795 - DEBUG - 局部搜索未能改进当前解
2025-04-08 16:04:58,799 - DEBUG - 执行AGV分配局部搜索，当前完工时间: 1816.00
2025-04-08 16:04:58,803 - DEBUG - 局部搜索未能改进当前解
2025-04-08 16:04:58,806 - DEBUG - 执行AGV分配局部搜索，当前完工时间: 1689.00
2025-04-08 16:04:58,810 - DEBUG - 局部搜索未能改进当前解
2025-04-08 16:04:58,814 - DEBUG - 执行AGV分配局部搜索，当前完工时间: 1730.00
2025-04-08 16:04:58,818 - DEBUG - 局部搜索未能改进当前解
2025-04-08 16:04:58,822 - DEBUG - 执行AGV分配局部搜索，当前完工时间: 1702.00
2025-04-08 16:04:58,825 - DEBUG - 局部搜索未能改进当前解
2025-04-08 16:04:58,829 - DEBUG - 执行AGV分配局部搜索，当前完工时间: 1769.00
2025-04-08 16:04:58,833 - DEBUG - 局部搜索未能改进当前解
2025-04-08 16:04:58,836 - DEBUG - 执行AGV分配局部搜索，当前完工时间: 1674.00
2025-04-08 16:04:58,841 - DEBUG - AGV分配局部搜索成功！完工时间从 1674.00 降低到 1673.00，改进: 1.00 (0.06%)
2025-04-08 16:04:58,844 - DEBUG - 执行AGV分配局部搜索，当前完工时间: 1713.00
2025-04-08 16:04:58,847 - DEBUG - 局部搜索未能改进当前解
2025-04-08 16:04:58,852 - DEBUG - 执行AGV分配局部搜索，当前完工时间: 1833.00
2025-04-08 16:04:58,855 - DEBUG - 局部搜索未能改进当前解
2025-04-08 16:04:58,859 - DEBUG - 执行AGV分配局部搜索，当前完工时间: 1717.00
2025-04-08 16:04:58,862 - DEBUG - 局部搜索未能改进当前解
2025-04-08 16:04:58,867 - DEBUG - 执行AGV分配局部搜索，当前完工时间: 1725.00
2025-04-08 16:04:58,870 - DEBUG - 局部搜索未能改进当前解
2025-04-08 16:04:58,874 - DEBUG - 执行AGV分配局部搜索，当前完工时间: 1760.00
2025-04-08 16:04:58,878 - DEBUG - 局部搜索未能改进当前解
2025-04-08 16:04:58,881 - DEBUG - 执行AGV分配局部搜索，当前完工时间: 1657.00
2025-04-08 16:04:58,885 - DEBUG - 局部搜索未能改进当前解
2025-04-08 16:04:58,888 - DEBUG - 执行AGV分配局部搜索，当前完工时间: 1682.00
2025-04-08 16:04:58,893 - DEBUG - 局部搜索未能改进当前解
2025-04-08 16:04:58,897 - DEBUG - 执行AGV分配局部搜索，当前完工时间: 1790.00
2025-04-08 16:04:58,901 - DEBUG - 局部搜索未能改进当前解
2025-04-08 16:04:58,904 - DEBUG - 执行AGV分配局部搜索，当前完工时间: 1694.00
2025-04-08 16:04:58,907 - DEBUG - 局部搜索未能改进当前解
2025-04-08 16:04:58,910 - DEBUG - 执行AGV分配局部搜索，当前完工时间: 1707.00
2025-04-08 16:04:58,915 - DEBUG - 局部搜索未能改进当前解
2025-04-08 16:04:58,920 - DEBUG - 执行AGV分配局部搜索，当前完工时间: 1683.00
2025-04-08 16:04:58,923 - DEBUG - 局部搜索未能改进当前解
2025-04-08 16:04:58,928 - DEBUG - 执行AGV分配局部搜索，当前完工时间: 1728.00
2025-04-08 16:04:58,931 - DEBUG - 局部搜索未能改进当前解
2025-04-08 16:04:58,935 - DEBUG - 执行AGV分配局部搜索，当前完工时间: 1707.00
2025-04-08 16:04:58,938 - DEBUG - AGV分配局部搜索成功！完工时间从 1707.00 降低到 1705.00，改进: 2.00 (0.12%)
2025-04-08 16:04:58,943 - DEBUG - 执行AGV分配局部搜索，当前完工时间: 1788.00
2025-04-08 16:04:58,947 - DEBUG - 局部搜索未能改进当前解
2025-04-08 16:04:58,950 - DEBUG - 执行AGV分配局部搜索，当前完工时间: 1666.00
2025-04-08 16:04:58,955 - DEBUG - 局部搜索未能改进当前解
2025-04-08 16:04:58,959 - DEBUG - 执行AGV分配局部搜索，当前完工时间: 1748.00
2025-04-08 16:04:58,962 - DEBUG - 局部搜索未能改进当前解
2025-04-08 16:04:58,966 - DEBUG - 执行AGV分配局部搜索，当前完工时间: 1714.00
2025-04-08 16:04:58,970 - DEBUG - 局部搜索未能改进当前解
2025-04-08 16:04:58,974 - DEBUG - 执行AGV分配局部搜索，当前完工时间: 1693.00
2025-04-08 16:04:58,978 - DEBUG - 局部搜索未能改进当前解
2025-04-08 16:04:58,982 - DEBUG - 执行AGV分配局部搜索，当前完工时间: 1762.00
2025-04-08 16:04:58,985 - DEBUG - 局部搜索未能改进当前解
2025-04-08 16:04:58,990 - DEBUG - 执行AGV分配局部搜索，当前完工时间: 1847.00
2025-04-08 16:04:58,994 - DEBUG - AGV分配局部搜索成功！完工时间从 1847.00 降低到 1838.00，改进: 9.00 (0.49%)
2025-04-08 16:04:58,997 - DEBUG - 执行AGV分配局部搜索，当前完工时间: 1861.00
2025-04-08 16:04:59,001 - DEBUG - 局部搜索未能改进当前解
2025-04-08 16:04:59,006 - DEBUG - 执行AGV分配局部搜索，当前完工时间: 1801.00
2025-04-08 16:04:59,009 - DEBUG - 局部搜索未能改进当前解
2025-04-08 16:04:59,014 - DEBUG - 执行AGV分配局部搜索，当前完工时间: 1741.00
2025-04-08 16:04:59,016 - DEBUG - 局部搜索未能改进当前解
2025-04-08 16:04:59,020 - DEBUG - 执行AGV分配局部搜索，当前完工时间: 1736.00
2025-04-08 16:04:59,024 - DEBUG - 局部搜索未能改进当前解
2025-04-08 16:04:59,028 - DEBUG - 执行AGV分配局部搜索，当前完工时间: 1662.00
2025-04-08 16:04:59,032 - DEBUG - 局部搜索未能改进当前解
2025-04-08 16:04:59,036 - DEBUG - 执行AGV分配局部搜索，当前完工时间: 1788.00
2025-04-08 16:04:59,040 - DEBUG - AGV分配局部搜索成功！完工时间从 1788.00 降低到 1772.00，改进: 16.00 (0.89%)
2025-04-08 16:04:59,044 - DEBUG - 执行AGV分配局部搜索，当前完工时间: 1800.00
2025-04-08 16:04:59,049 - DEBUG - 局部搜索未能改进当前解
2025-04-08 16:04:59,053 - DEBUG - 执行AGV分配局部搜索，当前完工时间: 1699.00
2025-04-08 16:04:59,056 - DEBUG - 局部搜索未能改进当前解
2025-04-08 16:04:59,060 - DEBUG - 执行AGV分配局部搜索，当前完工时间: 1689.00
2025-04-08 16:04:59,063 - DEBUG - 局部搜索未能改进当前解
2025-04-08 16:04:59,068 - DEBUG - 执行AGV分配局部搜索，当前完工时间: 1809.00
2025-04-08 16:04:59,072 - DEBUG - 局部搜索未能改进当前解
2025-04-08 16:04:59,078 - DEBUG - 执行AGV分配局部搜索，当前完工时间: 1663.00
2025-04-08 16:04:59,084 - DEBUG - 局部搜索未能改进当前解
2025-04-08 16:04:59,088 - DEBUG - 执行AGV分配局部搜索，当前完工时间: 1744.00
2025-04-08 16:04:59,093 - DEBUG - 局部搜索未能改进当前解
2025-04-08 16:04:59,096 - DEBUG - 执行AGV分配局部搜索，当前完工时间: 1717.00
2025-04-08 16:04:59,100 - DEBUG - AGV分配局部搜索成功！完工时间从 1717.00 降低到 1712.00，改进: 5.00 (0.29%)
2025-04-08 16:04:59,104 - DEBUG - 执行AGV分配局部搜索，当前完工时间: 1691.00
2025-04-08 16:04:59,107 - DEBUG - 局部搜索未能改进当前解
2025-04-08 16:04:59,110 - DEBUG - 执行AGV分配局部搜索，当前完工时间: 1716.00
2025-04-08 16:04:59,114 - DEBUG - 局部搜索未能改进当前解
2025-04-08 16:04:59,118 - DEBUG - 执行AGV分配局部搜索，当前完工时间: 1696.00
2025-04-08 16:04:59,122 - DEBUG - 局部搜索未能改进当前解
2025-04-08 16:04:59,126 - DEBUG - 执行AGV分配局部搜索，当前完工时间: 1717.00
2025-04-08 16:04:59,130 - DEBUG - 局部搜索未能改进当前解
2025-04-08 16:04:59,135 - DEBUG - 执行AGV分配局部搜索，当前完工时间: 1792.00
2025-04-08 16:04:59,138 - DEBUG - AGV分配局部搜索成功！完工时间从 1792.00 降低到 1778.00，改进: 14.00 (0.78%)
2025-04-08 16:04:59,143 - DEBUG - 执行AGV分配局部搜索，当前完工时间: 1828.00
2025-04-08 16:04:59,147 - DEBUG - 局部搜索未能改进当前解
2025-04-08 16:04:59,150 - DEBUG - 执行AGV分配局部搜索，当前完工时间: 1675.00
2025-04-08 16:04:59,154 - DEBUG - 局部搜索未能改进当前解
2025-04-08 16:04:59,157 - DEBUG - 执行AGV分配局部搜索，当前完工时间: 1685.00
2025-04-08 16:04:59,162 - DEBUG - 局部搜索未能改进当前解
2025-04-08 16:04:59,165 - DEBUG - 执行AGV分配局部搜索，当前完工时间: 1804.00
2025-04-08 16:04:59,169 - DEBUG - AGV分配局部搜索成功！完工时间从 1804.00 降低到 1789.00，改进: 15.00 (0.83%)
2025-04-08 16:04:59,172 - DEBUG - 执行AGV分配局部搜索，当前完工时间: 1668.00
2025-04-08 16:04:59,176 - DEBUG - 局部搜索未能改进当前解
2025-04-08 16:04:59,180 - DEBUG - 执行AGV分配局部搜索，当前完工时间: 1701.00
2025-04-08 16:04:59,184 - DEBUG - 局部搜索未能改进当前解
2025-04-08 16:04:59,187 - DEBUG - 执行AGV分配局部搜索，当前完工时间: 1872.00
2025-04-08 16:04:59,191 - DEBUG - 局部搜索未能改进当前解
2025-04-08 16:04:59,191 - DEBUG - ==================================================
2025-04-08 16:04:59,191 - DEBUG - Efficiency Statistics of Local Search :
2025-04-08 16:04:59,191 - DEBUG - Number of attempts: 99
2025-04-08 16:04:59,191 - DEBUG - Average Success Rate: 13.13%
2025-04-08 16:04:59,191 - DEBUG - AGV Local Search Success: 13，Average Improvement: 14.69
2025-04-08 16:04:59,195 - DEBUG - 执行AGV分配局部搜索，当前完工时间: 1674.00
2025-04-08 16:04:59,199 - DEBUG - 局部搜索未能改进当前解
2025-04-08 16:04:59,202 - DEBUG - 执行AGV分配局部搜索，当前完工时间: 1717.00
2025-04-08 16:04:59,206 - DEBUG - 局部搜索未能改进当前解
2025-04-08 16:04:59,210 - DEBUG - 执行AGV分配局部搜索，当前完工时间: 1701.00
2025-04-08 16:04:59,214 - DEBUG - 局部搜索未能改进当前解
2025-04-08 16:04:59,218 - DEBUG - 执行AGV分配局部搜索，当前完工时间: 1728.00
2025-04-08 16:04:59,222 - DEBUG - 局部搜索未能改进当前解
2025-04-08 16:04:59,226 - DEBUG - 执行AGV分配局部搜索，当前完工时间: 1737.00
2025-04-08 16:04:59,231 - DEBUG - 局部搜索未能改进当前解
2025-04-08 16:04:59,234 - DEBUG - 执行AGV分配局部搜索，当前完工时间: 1723.00
2025-04-08 16:04:59,239 - DEBUG - 局部搜索未能改进当前解
2025-04-08 16:04:59,242 - DEBUG - 执行AGV分配局部搜索，当前完工时间: 1722.00
2025-04-08 16:04:59,245 - DEBUG - 局部搜索未能改进当前解
2025-04-08 16:04:59,250 - DEBUG - 执行AGV分配局部搜索，当前完工时间: 1778.00
2025-04-08 16:04:59,254 - DEBUG - 局部搜索未能改进当前解
2025-04-08 16:04:59,257 - DEBUG - 执行AGV分配局部搜索，当前完工时间: 1730.00
2025-04-08 16:04:59,262 - DEBUG - 局部搜索未能改进当前解
2025-04-08 16:04:59,264 - DEBUG - 执行AGV分配局部搜索，当前完工时间: 1754.00
2025-04-08 16:04:59,269 - DEBUG - 局部搜索未能改进当前解
2025-04-08 16:04:59,272 - DEBUG - 执行AGV分配局部搜索，当前完工时间: 1798.00
2025-04-08 16:04:59,276 - DEBUG - 局部搜索未能改进当前解
2025-04-08 16:04:59,280 - DEBUG - 执行AGV分配局部搜索，当前完工时间: 1763.00
2025-04-08 16:04:59,283 - DEBUG - 局部搜索未能改进当前解
2025-04-08 16:04:59,289 - DEBUG - 执行AGV分配局部搜索，当前完工时间: 1701.00
2025-04-08 16:04:59,294 - DEBUG - 局部搜索未能改进当前解
2025-04-08 16:04:59,297 - DEBUG - 执行AGV分配局部搜索，当前完工时间: 1674.00
2025-04-08 16:04:59,301 - DEBUG - 局部搜索未能改进当前解
2025-04-08 16:04:59,305 - DEBUG - 执行AGV分配局部搜索，当前完工时间: 1664.00
2025-04-08 16:04:59,308 - DEBUG - 局部搜索未能改进当前解
2025-04-08 16:04:59,312 - DEBUG - 执行AGV分配局部搜索，当前完工时间: 1722.00
2025-04-08 16:04:59,316 - DEBUG - 局部搜索未能改进当前解
2025-04-08 16:04:59,320 - DEBUG - 执行AGV分配局部搜索，当前完工时间: 1695.00
2025-04-08 16:04:59,324 - DEBUG - 局部搜索未能改进当前解
2025-04-08 16:04:59,326 - DEBUG - 执行AGV分配局部搜索，当前完工时间: 1671.00
2025-04-08 16:04:59,331 - DEBUG - 局部搜索未能改进当前解
2025-04-08 16:04:59,335 - DEBUG - 执行AGV分配局部搜索，当前完工时间: 1704.00
2025-04-08 16:04:59,339 - DEBUG - AGV分配局部搜索成功！完工时间从 1704.00 降低到 1694.00，改进: 10.00 (0.59%)
2025-04-08 16:04:59,343 - DEBUG - 执行AGV分配局部搜索，当前完工时间: 1776.00
2025-04-08 16:04:59,347 - DEBUG - 局部搜索未能改进当前解
2025-04-08 16:04:59,351 - DEBUG - 执行AGV分配局部搜索，当前完工时间: 1720.00
2025-04-08 16:04:59,355 - DEBUG - 局部搜索未能改进当前解
2025-04-08 16:04:59,359 - DEBUG - 执行AGV分配局部搜索，当前完工时间: 1668.00
2025-04-08 16:04:59,363 - DEBUG - 局部搜索未能改进当前解
2025-04-08 16:04:59,368 - DEBUG - 执行AGV分配局部搜索，当前完工时间: 1761.00
2025-04-08 16:04:59,372 - DEBUG - AGV分配局部搜索成功！完工时间从 1761.00 降低到 1752.00，改进: 9.00 (0.51%)
2025-04-08 16:04:59,375 - DEBUG - 执行AGV分配局部搜索，当前完工时间: 1725.00
2025-04-08 16:04:59,380 - DEBUG - 局部搜索未能改进当前解
2025-04-08 16:04:59,383 - DEBUG - 执行AGV分配局部搜索，当前完工时间: 1704.00
2025-04-08 16:04:59,387 - DEBUG - 局部搜索未能改进当前解
2025-04-08 16:04:59,391 - DEBUG - 执行AGV分配局部搜索，当前完工时间: 1820.00
2025-04-08 16:04:59,394 - DEBUG - 局部搜索未能改进当前解
2025-04-08 16:04:59,399 - DEBUG - 执行AGV分配局部搜索，当前完工时间: 1672.00
2025-04-08 16:04:59,402 - DEBUG - 局部搜索未能改进当前解
2025-04-08 16:04:59,406 - DEBUG - 执行AGV分配局部搜索，当前完工时间: 1709.00
2025-04-08 16:04:59,409 - DEBUG - 局部搜索未能改进当前解
2025-04-08 16:04:59,413 - DEBUG - 执行AGV分配局部搜索，当前完工时间: 1713.00
2025-04-08 16:04:59,418 - DEBUG - 局部搜索未能改进当前解
2025-04-08 16:04:59,422 - DEBUG - 执行AGV分配局部搜索，当前完工时间: 1729.00
2025-04-08 16:04:59,428 - DEBUG - 局部搜索未能改进当前解
2025-04-08 16:04:59,433 - DEBUG - 执行AGV分配局部搜索，当前完工时间: 1657.00
2025-04-08 16:04:59,437 - DEBUG - 局部搜索未能改进当前解
2025-04-08 16:04:59,441 - DEBUG - 执行AGV分配局部搜索，当前完工时间: 1794.00
2025-04-08 16:04:59,444 - DEBUG - 局部搜索未能改进当前解
2025-04-08 16:04:59,449 - DEBUG - 执行AGV分配局部搜索，当前完工时间: 1773.00
2025-04-08 16:04:59,452 - DEBUG - 局部搜索未能改进当前解
2025-04-08 16:04:59,456 - DEBUG - 执行AGV分配局部搜索，当前完工时间: 1832.00
2025-04-08 16:04:59,460 - DEBUG - 局部搜索未能改进当前解
2025-04-08 16:04:59,465 - DEBUG - 执行AGV分配局部搜索，当前完工时间: 1781.00
2025-04-08 16:04:59,468 - DEBUG - AGV分配局部搜索成功！完工时间从 1781.00 降低到 1777.00，改进: 4.00 (0.22%)
2025-04-08 16:04:59,473 - DEBUG - 执行AGV分配局部搜索，当前完工时间: 1894.00
2025-04-08 16:04:59,476 - DEBUG - 局部搜索未能改进当前解
2025-04-08 16:04:59,480 - DEBUG - 执行AGV分配局部搜索，当前完工时间: 1784.00
2025-04-08 16:04:59,484 - DEBUG - 局部搜索未能改进当前解
2025-04-08 16:04:59,489 - DEBUG - 执行AGV分配局部搜索，当前完工时间: 1701.00
2025-04-08 16:04:59,492 - DEBUG - 局部搜索未能改进当前解
2025-04-08 16:04:59,496 - DEBUG - 执行AGV分配局部搜索，当前完工时间: 1736.00
2025-04-08 16:04:59,500 - DEBUG - 局部搜索未能改进当前解
2025-04-08 16:04:59,503 - DEBUG - 执行AGV分配局部搜索，当前完工时间: 1724.00
2025-04-08 16:04:59,507 - DEBUG - 局部搜索未能改进当前解
2025-04-08 16:04:59,510 - DEBUG - 执行AGV分配局部搜索，当前完工时间: 1716.00
2025-04-08 16:04:59,515 - DEBUG - 局部搜索未能改进当前解
2025-04-08 16:04:59,519 - DEBUG - 执行AGV分配局部搜索，当前完工时间: 1690.00
2025-04-08 16:04:59,523 - DEBUG - 局部搜索未能改进当前解
2025-04-08 16:04:59,527 - DEBUG - 执行AGV分配局部搜索，当前完工时间: 1775.00
2025-04-08 16:04:59,531 - DEBUG - 局部搜索未能改进当前解
2025-04-08 16:04:59,535 - DEBUG - 执行AGV分配局部搜索，当前完工时间: 1751.00
2025-04-08 16:04:59,539 - DEBUG - 局部搜索未能改进当前解
2025-04-08 16:04:59,542 - DEBUG - 执行AGV分配局部搜索，当前完工时间: 1676.00
2025-04-08 16:04:59,546 - DEBUG - 局部搜索未能改进当前解
2025-04-08 16:04:59,550 - DEBUG - 执行AGV分配局部搜索，当前完工时间: 1656.00
2025-04-08 16:04:59,553 - DEBUG - 局部搜索未能改进当前解
2025-04-08 16:04:59,558 - DEBUG - 执行AGV分配局部搜索，当前完工时间: 1788.00
2025-04-08 16:04:59,560 - DEBUG - 局部搜索未能改进当前解
2025-04-08 16:04:59,564 - DEBUG - 执行AGV分配局部搜索，当前完工时间: 1660.00
2025-04-08 16:04:59,568 - DEBUG - 局部搜索未能改进当前解
2025-04-08 16:04:59,573 - DEBUG - 执行AGV分配局部搜索，当前完工时间: 1903.00
2025-04-08 16:04:59,576 - DEBUG - 局部搜索未能改进当前解
2025-04-08 16:04:59,581 - DEBUG - 执行AGV分配局部搜索，当前完工时间: 1733.00
2025-04-08 16:04:59,585 - DEBUG - AGV分配局部搜索成功！完工时间从 1733.00 降低到 1703.00，改进: 30.00 (1.73%)
2025-04-08 16:04:59,588 - DEBUG - 执行AGV分配局部搜索，当前完工时间: 1754.00
2025-04-08 16:04:59,592 - DEBUG - 局部搜索未能改进当前解
2025-04-08 16:04:59,596 - DEBUG - 执行AGV分配局部搜索，当前完工时间: 1725.00
2025-04-08 16:04:59,599 - DEBUG - 局部搜索未能改进当前解
2025-04-08 16:04:59,603 - DEBUG - 执行AGV分配局部搜索，当前完工时间: 1690.00
2025-04-08 16:04:59,606 - DEBUG - 局部搜索未能改进当前解
2025-04-08 16:04:59,610 - DEBUG - 执行AGV分配局部搜索，当前完工时间: 1714.00
2025-04-08 16:04:59,614 - DEBUG - 局部搜索未能改进当前解
2025-04-08 16:04:59,618 - DEBUG - 执行AGV分配局部搜索，当前完工时间: 1743.00
2025-04-08 16:04:59,621 - DEBUG - 局部搜索未能改进当前解
2025-04-08 16:04:59,625 - DEBUG - 执行AGV分配局部搜索，当前完工时间: 1793.00
2025-04-08 16:04:59,629 - DEBUG - AGV分配局部搜索成功！完工时间从 1793.00 降低到 1762.00，改进: 31.00 (1.73%)
2025-04-08 16:04:59,632 - DEBUG - 执行AGV分配局部搜索，当前完工时间: 1696.00
2025-04-08 16:04:59,636 - DEBUG - 局部搜索未能改进当前解
2025-04-08 16:04:59,640 - DEBUG - 执行AGV分配局部搜索，当前完工时间: 1744.00
2025-04-08 16:04:59,643 - DEBUG - 局部搜索未能改进当前解
2025-04-08 16:04:59,647 - DEBUG - 执行AGV分配局部搜索，当前完工时间: 1689.00
2025-04-08 16:04:59,650 - DEBUG - 局部搜索未能改进当前解
2025-04-08 16:04:59,654 - DEBUG - 执行AGV分配局部搜索，当前完工时间: 1784.00
2025-04-08 16:04:59,657 - DEBUG - 局部搜索未能改进当前解
2025-04-08 16:04:59,661 - DEBUG - 执行AGV分配局部搜索，当前完工时间: 1680.00
2025-04-08 16:04:59,665 - DEBUG - 局部搜索未能改进当前解
2025-04-08 16:04:59,669 - DEBUG - 执行AGV分配局部搜索，当前完工时间: 1756.00
2025-04-08 16:04:59,672 - DEBUG - 局部搜索未能改进当前解
2025-04-08 16:04:59,676 - DEBUG - 执行AGV分配局部搜索，当前完工时间: 1656.00
2025-04-08 16:04:59,679 - DEBUG - 局部搜索未能改进当前解
2025-04-08 16:04:59,683 - DEBUG - 执行AGV分配局部搜索，当前完工时间: 1673.00
2025-04-08 16:04:59,687 - DEBUG - 局部搜索未能改进当前解
2025-04-08 16:04:59,691 - DEBUG - 执行AGV分配局部搜索，当前完工时间: 1756.00
2025-04-08 16:04:59,695 - DEBUG - 局部搜索未能改进当前解
2025-04-08 16:04:59,699 - DEBUG - 执行AGV分配局部搜索，当前完工时间: 1743.00
2025-04-08 16:04:59,702 - DEBUG - 局部搜索未能改进当前解
2025-04-08 16:04:59,707 - DEBUG - 执行AGV分配局部搜索，当前完工时间: 1723.00
2025-04-08 16:04:59,710 - DEBUG - 局部搜索未能改进当前解
2025-04-08 16:04:59,714 - DEBUG - 执行AGV分配局部搜索，当前完工时间: 1761.00
2025-04-08 16:04:59,718 - DEBUG - 局部搜索未能改进当前解
2025-04-08 16:04:59,722 - DEBUG - 执行AGV分配局部搜索，当前完工时间: 1656.00
2025-04-08 16:04:59,725 - DEBUG - 局部搜索未能改进当前解
2025-04-08 16:04:59,730 - DEBUG - 执行AGV分配局部搜索，当前完工时间: 1721.00
2025-04-08 16:04:59,734 - DEBUG - 局部搜索未能改进当前解
2025-04-08 16:04:59,738 - DEBUG - 执行AGV分配局部搜索，当前完工时间: 1739.00
2025-04-08 16:04:59,742 - DEBUG - 局部搜索未能改进当前解
2025-04-08 16:04:59,746 - DEBUG - 执行AGV分配局部搜索，当前完工时间: 1653.00
2025-04-08 16:04:59,749 - DEBUG - 局部搜索未能改进当前解
2025-04-08 16:04:59,753 - DEBUG - 执行AGV分配局部搜索，当前完工时间: 1652.00
2025-04-08 16:04:59,757 - DEBUG - 局部搜索未能改进当前解
2025-04-08 16:04:59,760 - DEBUG - 执行AGV分配局部搜索，当前完工时间: 1720.00
2025-04-08 16:04:59,764 - DEBUG - 局部搜索未能改进当前解
2025-04-08 16:04:59,768 - DEBUG - 执行AGV分配局部搜索，当前完工时间: 1691.00
2025-04-08 16:04:59,772 - DEBUG - 局部搜索未能改进当前解
2025-04-08 16:04:59,776 - DEBUG - 执行AGV分配局部搜索，当前完工时间: 1647.00
2025-04-08 16:04:59,780 - DEBUG - 局部搜索未能改进当前解
2025-04-08 16:04:59,784 - DEBUG - 执行AGV分配局部搜索，当前完工时间: 1670.00
2025-04-08 16:04:59,787 - DEBUG - 局部搜索未能改进当前解
2025-04-08 16:04:59,791 - DEBUG - 执行AGV分配局部搜索，当前完工时间: 1696.00
2025-04-08 16:04:59,795 - DEBUG - 局部搜索未能改进当前解
2025-04-08 16:04:59,799 - DEBUG - 执行AGV分配局部搜索，当前完工时间: 1710.00
2025-04-08 16:04:59,803 - DEBUG - 局部搜索未能改进当前解
2025-04-08 16:04:59,806 - DEBUG - 执行AGV分配局部搜索，当前完工时间: 1671.00
2025-04-08 16:04:59,810 - DEBUG - 局部搜索未能改进当前解
2025-04-08 16:04:59,813 - DEBUG - 执行AGV分配局部搜索，当前完工时间: 1741.00
2025-04-08 16:04:59,818 - DEBUG - 局部搜索未能改进当前解
2025-04-08 16:04:59,822 - DEBUG - 执行AGV分配局部搜索，当前完工时间: 1718.00
2025-04-08 16:04:59,825 - DEBUG - 局部搜索未能改进当前解
2025-04-08 16:04:59,830 - DEBUG - 执行AGV分配局部搜索，当前完工时间: 1774.00
2025-04-08 16:04:59,834 - DEBUG - 局部搜索未能改进当前解
2025-04-08 16:04:59,838 - DEBUG - 执行AGV分配局部搜索，当前完工时间: 1769.00
2025-04-08 16:04:59,841 - DEBUG - 局部搜索未能改进当前解
2025-04-08 16:04:59,845 - DEBUG - 执行AGV分配局部搜索，当前完工时间: 1700.00
2025-04-08 16:04:59,849 - DEBUG - 局部搜索未能改进当前解
2025-04-08 16:04:59,853 - DEBUG - 执行AGV分配局部搜索，当前完工时间: 1679.00
2025-04-08 16:04:59,856 - DEBUG - 局部搜索未能改进当前解
2025-04-08 16:04:59,860 - DEBUG - 执行AGV分配局部搜索，当前完工时间: 1744.00
2025-04-08 16:04:59,864 - DEBUG - 局部搜索未能改进当前解
2025-04-08 16:04:59,869 - DEBUG - 执行AGV分配局部搜索，当前完工时间: 1714.00
2025-04-08 16:04:59,872 - DEBUG - 局部搜索未能改进当前解
2025-04-08 16:04:59,875 - DEBUG - 执行AGV分配局部搜索，当前完工时间: 1662.00
2025-04-08 16:04:59,880 - DEBUG - 局部搜索未能改进当前解
2025-04-08 16:04:59,884 - DEBUG - 执行AGV分配局部搜索，当前完工时间: 1698.00
2025-04-08 16:04:59,888 - DEBUG - 局部搜索未能改进当前解
2025-04-08 16:04:59,892 - DEBUG - 执行AGV分配局部搜索，当前完工时间: 1803.00
2025-04-08 16:04:59,895 - DEBUG - 局部搜索未能改进当前解
2025-04-08 16:04:59,899 - DEBUG - 执行AGV分配局部搜索，当前完工时间: 1671.00
2025-04-08 16:04:59,902 - DEBUG - 局部搜索未能改进当前解
2025-04-08 16:04:59,906 - DEBUG - 执行AGV分配局部搜索，当前完工时间: 1729.00
2025-04-08 16:04:59,910 - DEBUG - 局部搜索未能改进当前解
2025-04-08 16:04:59,914 - DEBUG - 执行AGV分配局部搜索，当前完工时间: 1698.00
2025-04-08 16:04:59,917 - DEBUG - 局部搜索未能改进当前解
2025-04-08 16:04:59,922 - DEBUG - 执行AGV分配局部搜索，当前完工时间: 1678.00
2025-04-08 16:04:59,925 - DEBUG - 局部搜索未能改进当前解
2025-04-08 16:04:59,929 - DEBUG - 执行AGV分配局部搜索，当前完工时间: 1896.00
2025-04-08 16:04:59,933 - DEBUG - 局部搜索未能改进当前解
2025-04-08 16:04:59,937 - DEBUG - 执行AGV分配局部搜索，当前完工时间: 1773.00
2025-04-08 16:04:59,942 - DEBUG - 局部搜索未能改进当前解
2025-04-08 16:04:59,945 - DEBUG - 执行AGV分配局部搜索，当前完工时间: 1720.00
2025-04-08 16:04:59,949 - DEBUG - 局部搜索未能改进当前解
2025-04-08 16:04:59,953 - DEBUG - 执行AGV分配局部搜索，当前完工时间: 1700.00
2025-04-08 16:04:59,957 - DEBUG - AGV分配局部搜索成功！完工时间从 1700.00 降低到 1699.00，改进: 1.00 (0.06%)
2025-04-08 16:04:59,957 - DEBUG - ==================================================
2025-04-08 16:04:59,957 - DEBUG - Efficiency Statistics of Local Search :
2025-04-08 16:04:59,957 - DEBUG - Number of attempts: 99
2025-04-08 16:04:59,957 - DEBUG - Average Success Rate: 6.06%
2025-04-08 16:04:59,957 - DEBUG - AGV Local Search Success: 6，Average Improvement: 14.17
2025-04-08 16:04:59,960 - DEBUG - 执行AGV分配局部搜索，当前完工时间: 1673.00
2025-04-08 16:04:59,965 - DEBUG - 局部搜索未能改进当前解
2025-04-08 16:04:59,969 - DEBUG - 执行AGV分配局部搜索，当前完工时间: 1715.00
2025-04-08 16:04:59,972 - DEBUG - 局部搜索未能改进当前解
2025-04-08 16:04:59,978 - DEBUG - 执行AGV分配局部搜索，当前完工时间: 1760.00
2025-04-08 16:04:59,981 - DEBUG - 局部搜索未能改进当前解
2025-04-08 16:04:59,986 - DEBUG - 执行AGV分配局部搜索，当前完工时间: 1670.00
2025-04-08 16:04:59,991 - DEBUG - 局部搜索未能改进当前解
2025-04-08 16:04:59,995 - DEBUG - 执行AGV分配局部搜索，当前完工时间: 1699.00
2025-04-08 16:04:59,999 - DEBUG - 局部搜索未能改进当前解
2025-04-08 16:05:00,003 - DEBUG - 执行AGV分配局部搜索，当前完工时间: 1682.00
2025-04-08 16:05:00,006 - DEBUG - 局部搜索未能改进当前解
2025-04-08 16:05:00,011 - DEBUG - 执行AGV分配局部搜索，当前完工时间: 1722.00
2025-04-08 16:05:00,014 - DEBUG - 局部搜索未能改进当前解
2025-04-08 16:05:00,018 - DEBUG - 执行AGV分配局部搜索，当前完工时间: 1698.00
2025-04-08 16:05:00,022 - DEBUG - 局部搜索未能改进当前解
2025-04-08 16:05:00,027 - DEBUG - 执行AGV分配局部搜索，当前完工时间: 1720.00
2025-04-08 16:05:00,030 - DEBUG - 局部搜索未能改进当前解
2025-04-08 16:05:00,035 - DEBUG - 执行AGV分配局部搜索，当前完工时间: 1730.00
2025-04-08 16:05:00,038 - DEBUG - 局部搜索未能改进当前解
2025-04-08 16:05:00,042 - DEBUG - 执行AGV分配局部搜索，当前完工时间: 1706.00
2025-04-08 16:05:00,046 - DEBUG - 局部搜索未能改进当前解
2025-04-08 16:05:00,050 - DEBUG - 执行AGV分配局部搜索，当前完工时间: 1723.00
2025-04-08 16:05:00,054 - DEBUG - 局部搜索未能改进当前解
2025-04-08 16:05:00,059 - DEBUG - 执行AGV分配局部搜索，当前完工时间: 1700.00
2025-04-08 16:05:00,063 - DEBUG - 局部搜索未能改进当前解
2025-04-08 16:05:00,068 - DEBUG - 执行AGV分配局部搜索，当前完工时间: 1729.00
2025-04-08 16:05:00,073 - DEBUG - 局部搜索未能改进当前解
2025-04-08 16:05:00,076 - DEBUG - 执行AGV分配局部搜索，当前完工时间: 1742.00
2025-04-08 16:05:00,081 - DEBUG - 局部搜索未能改进当前解
2025-04-08 16:05:00,085 - DEBUG - 执行AGV分配局部搜索，当前完工时间: 1700.00
2025-04-08 16:05:00,090 - DEBUG - 局部搜索未能改进当前解
2025-04-08 16:05:00,095 - DEBUG - 执行AGV分配局部搜索，当前完工时间: 1671.00
2025-04-08 16:05:00,101 - DEBUG - 局部搜索未能改进当前解
2025-04-08 16:05:00,105 - DEBUG - 执行AGV分配局部搜索，当前完工时间: 1710.00
2025-04-08 16:05:00,108 - DEBUG - 局部搜索未能改进当前解
2025-04-08 16:05:00,113 - DEBUG - 执行AGV分配局部搜索，当前完工时间: 1650.00
2025-04-08 16:05:00,118 - DEBUG - 局部搜索未能改进当前解
2025-04-08 16:05:00,122 - DEBUG - 执行AGV分配局部搜索，当前完工时间: 1743.00
2025-04-08 16:05:00,126 - DEBUG - 局部搜索未能改进当前解
2025-04-08 16:05:00,129 - DEBUG - 执行AGV分配局部搜索，当前完工时间: 1715.00
2025-04-08 16:05:00,134 - DEBUG - 局部搜索未能改进当前解
2025-04-08 16:05:00,137 - DEBUG - 执行AGV分配局部搜索，当前完工时间: 1702.00
2025-04-08 16:05:00,141 - DEBUG - 局部搜索未能改进当前解
2025-04-08 16:05:00,145 - DEBUG - 执行AGV分配局部搜索，当前完工时间: 1743.00
2025-04-08 16:05:00,149 - DEBUG - 局部搜索未能改进当前解
2025-04-08 16:05:00,153 - DEBUG - 执行AGV分配局部搜索，当前完工时间: 1695.00
2025-04-08 16:05:00,157 - DEBUG - AGV分配局部搜索成功！完工时间从 1695.00 降低到 1685.00，改进: 10.00 (0.59%)
2025-04-08 16:05:00,160 - DEBUG - 执行AGV分配局部搜索，当前完工时间: 1733.00
2025-04-08 16:05:00,164 - DEBUG - 局部搜索未能改进当前解
2025-04-08 16:05:00,168 - DEBUG - 执行AGV分配局部搜索，当前完工时间: 1690.00
2025-04-08 16:05:00,172 - DEBUG - 局部搜索未能改进当前解
2025-04-08 16:05:00,175 - DEBUG - 执行AGV分配局部搜索，当前完工时间: 1724.00
2025-04-08 16:05:00,180 - DEBUG - 局部搜索未能改进当前解
2025-04-08 16:05:00,184 - DEBUG - 执行AGV分配局部搜索，当前完工时间: 1671.00
2025-04-08 16:05:00,187 - DEBUG - 局部搜索未能改进当前解
2025-04-08 16:05:00,192 - DEBUG - 执行AGV分配局部搜索，当前完工时间: 1876.00
2025-04-08 16:05:00,196 - DEBUG - 局部搜索未能改进当前解
2025-04-08 16:05:00,199 - DEBUG - 执行AGV分配局部搜索，当前完工时间: 1695.00
2025-04-08 16:05:00,204 - DEBUG - 局部搜索未能改进当前解
2025-04-08 16:05:00,208 - DEBUG - 执行AGV分配局部搜索，当前完工时间: 1787.00
2025-04-08 16:05:00,211 - DEBUG - AGV分配局部搜索成功！完工时间从 1787.00 降低到 1725.00，改进: 62.00 (3.47%)
2025-04-08 16:05:00,215 - DEBUG - 执行AGV分配局部搜索，当前完工时间: 1673.00
2025-04-08 16:05:00,219 - DEBUG - 局部搜索未能改进当前解
2025-04-08 16:05:00,223 - DEBUG - 执行AGV分配局部搜索，当前完工时间: 1786.00
2025-04-08 16:05:00,227 - DEBUG - AGV分配局部搜索成功！完工时间从 1786.00 降低到 1785.00，改进: 1.00 (0.06%)
2025-04-08 16:05:00,230 - DEBUG - 执行AGV分配局部搜索，当前完工时间: 1671.00
2025-04-08 16:05:00,234 - DEBUG - 局部搜索未能改进当前解
2025-04-08 16:05:00,237 - DEBUG - 执行AGV分配局部搜索，当前完工时间: 1725.00
2025-04-08 16:05:00,242 - DEBUG - 局部搜索未能改进当前解
2025-04-08 16:05:00,246 - DEBUG - 执行AGV分配局部搜索，当前完工时间: 1746.00
2025-04-08 16:05:00,251 - DEBUG - 局部搜索未能改进当前解
2025-04-08 16:05:00,254 - DEBUG - 执行AGV分配局部搜索，当前完工时间: 1742.00
2025-04-08 16:05:00,258 - DEBUG - 局部搜索未能改进当前解
2025-04-08 16:05:00,262 - DEBUG - 执行AGV分配局部搜索，当前完工时间: 1733.00
2025-04-08 16:05:00,266 - DEBUG - 局部搜索未能改进当前解
2025-04-08 16:05:00,271 - DEBUG - 执行AGV分配局部搜索，当前完工时间: 1780.00
2025-04-08 16:05:00,275 - DEBUG - 局部搜索未能改进当前解
2025-04-08 16:05:00,279 - DEBUG - 执行AGV分配局部搜索，当前完工时间: 1764.00
2025-04-08 16:05:00,283 - DEBUG - 局部搜索未能改进当前解
2025-04-08 16:05:00,286 - DEBUG - 执行AGV分配局部搜索，当前完工时间: 1677.00
2025-04-08 16:05:00,290 - DEBUG - 局部搜索未能改进当前解
2025-04-08 16:05:00,294 - DEBUG - 执行AGV分配局部搜索，当前完工时间: 1691.00
2025-04-08 16:05:00,297 - DEBUG - 局部搜索未能改进当前解
2025-04-08 16:05:00,301 - DEBUG - 执行AGV分配局部搜索，当前完工时间: 1662.00
2025-04-08 16:05:00,305 - DEBUG - 局部搜索未能改进当前解
2025-04-08 16:05:00,309 - DEBUG - 执行AGV分配局部搜索，当前完工时间: 1725.00
2025-04-08 16:05:00,312 - DEBUG - 局部搜索未能改进当前解
2025-04-08 16:05:00,316 - DEBUG - 执行AGV分配局部搜索，当前完工时间: 1770.00
2025-04-08 16:05:00,321 - DEBUG - 局部搜索未能改进当前解
2025-04-08 16:05:00,324 - DEBUG - 执行AGV分配局部搜索，当前完工时间: 1684.00
2025-04-08 16:05:00,328 - DEBUG - 局部搜索未能改进当前解
2025-04-08 16:05:00,332 - DEBUG - 执行AGV分配局部搜索，当前完工时间: 1687.00
2025-04-08 16:05:00,336 - DEBUG - AGV分配局部搜索成功！完工时间从 1687.00 降低到 1678.00，改进: 9.00 (0.53%)
2025-04-08 16:05:00,340 - DEBUG - 执行AGV分配局部搜索，当前完工时间: 1690.00
2025-04-08 16:05:00,344 - DEBUG - 局部搜索未能改进当前解
2025-04-08 16:05:00,348 - DEBUG - 执行AGV分配局部搜索，当前完工时间: 1887.00
2025-04-08 16:05:00,352 - DEBUG - 局部搜索未能改进当前解
2025-04-08 16:05:00,356 - DEBUG - 执行AGV分配局部搜索，当前完工时间: 1707.00
2025-04-08 16:05:00,359 - DEBUG - 局部搜索未能改进当前解
2025-04-08 16:05:00,362 - DEBUG - 执行AGV分配局部搜索，当前完工时间: 1722.00
2025-04-08 16:05:00,367 - DEBUG - 局部搜索未能改进当前解
2025-04-08 16:05:00,370 - DEBUG - 执行AGV分配局部搜索，当前完工时间: 1695.00
2025-04-08 16:05:00,375 - DEBUG - 局部搜索未能改进当前解
2025-04-08 16:05:00,379 - DEBUG - 执行AGV分配局部搜索，当前完工时间: 1698.00
2025-04-08 16:05:00,382 - DEBUG - 局部搜索未能改进当前解
2025-04-08 16:05:00,386 - DEBUG - 执行AGV分配局部搜索，当前完工时间: 1689.00
2025-04-08 16:05:00,390 - DEBUG - 局部搜索未能改进当前解
2025-04-08 16:05:00,394 - DEBUG - 执行AGV分配局部搜索，当前完工时间: 1716.00
2025-04-08 16:05:00,398 - DEBUG - 局部搜索未能改进当前解
2025-04-08 16:05:00,401 - DEBUG - 执行AGV分配局部搜索，当前完工时间: 1672.00
2025-04-08 16:05:00,405 - DEBUG - 局部搜索未能改进当前解
2025-04-08 16:05:00,409 - DEBUG - 执行AGV分配局部搜索，当前完工时间: 1794.00
2025-04-08 16:05:00,412 - DEBUG - 局部搜索未能改进当前解
2025-04-08 16:05:00,417 - DEBUG - 执行AGV分配局部搜索，当前完工时间: 1734.00
2025-04-08 16:05:00,420 - DEBUG - 局部搜索未能改进当前解
2025-04-08 16:05:00,424 - DEBUG - 执行AGV分配局部搜索，当前完工时间: 1830.00
2025-04-08 16:05:00,429 - DEBUG - 局部搜索未能改进当前解
2025-04-08 16:05:00,433 - DEBUG - 执行AGV分配局部搜索，当前完工时间: 1701.00
2025-04-08 16:05:00,436 - DEBUG - 局部搜索未能改进当前解
2025-04-08 16:05:00,440 - DEBUG - 执行AGV分配局部搜索，当前完工时间: 1669.00
2025-04-08 16:05:00,444 - DEBUG - 局部搜索未能改进当前解
2025-04-08 16:05:00,448 - DEBUG - 执行AGV分配局部搜索，当前完工时间: 1700.00
2025-04-08 16:05:00,452 - DEBUG - 局部搜索未能改进当前解
2025-04-08 16:05:00,456 - DEBUG - 执行AGV分配局部搜索，当前完工时间: 1685.00
2025-04-08 16:05:00,460 - DEBUG - 局部搜索未能改进当前解
2025-04-08 16:05:00,464 - DEBUG - 执行AGV分配局部搜索，当前完工时间: 1737.00
2025-04-08 16:05:00,466 - DEBUG - 局部搜索未能改进当前解
2025-04-08 16:05:00,471 - DEBUG - 执行AGV分配局部搜索，当前完工时间: 1768.00
2025-04-08 16:05:00,474 - DEBUG - 局部搜索未能改进当前解
2025-04-08 16:05:00,479 - DEBUG - 执行AGV分配局部搜索，当前完工时间: 1743.00
2025-04-08 16:05:00,483 - DEBUG - AGV分配局部搜索成功！完工时间从 1743.00 降低到 1734.00，改进: 9.00 (0.52%)
2025-04-08 16:05:00,487 - DEBUG - 执行AGV分配局部搜索，当前完工时间: 1744.00
2025-04-08 16:05:00,491 - DEBUG - 局部搜索未能改进当前解
2025-04-08 16:05:00,494 - DEBUG - 执行AGV分配局部搜索，当前完工时间: 1656.00
2025-04-08 16:05:00,499 - DEBUG - 局部搜索未能改进当前解
2025-04-08 16:05:00,502 - DEBUG - 执行AGV分配局部搜索，当前完工时间: 1835.00
2025-04-08 16:05:00,506 - DEBUG - AGV分配局部搜索成功！完工时间从 1835.00 降低到 1808.00，改进: 27.00 (1.47%)
2025-04-08 16:05:00,510 - DEBUG - 执行AGV分配局部搜索，当前完工时间: 1689.00
2025-04-08 16:05:00,514 - DEBUG - AGV分配局部搜索成功！完工时间从 1689.00 降低到 1664.00，改进: 25.00 (1.48%)
2025-04-08 16:05:00,518 - DEBUG - 执行AGV分配局部搜索，当前完工时间: 1723.00
2025-04-08 16:05:00,521 - DEBUG - 局部搜索未能改进当前解
2025-04-08 16:05:00,524 - DEBUG - 执行AGV分配局部搜索，当前完工时间: 1668.00
2025-04-08 16:05:00,529 - DEBUG - 局部搜索未能改进当前解
2025-04-08 16:05:00,532 - DEBUG - 执行AGV分配局部搜索，当前完工时间: 1689.00
2025-04-08 16:05:00,536 - DEBUG - 局部搜索未能改进当前解
2025-04-08 16:05:00,540 - DEBUG - 执行AGV分配局部搜索，当前完工时间: 1759.00
2025-04-08 16:05:00,544 - DEBUG - 局部搜索未能改进当前解
2025-04-08 16:05:00,549 - DEBUG - 执行AGV分配局部搜索，当前完工时间: 1755.00
2025-04-08 16:05:00,554 - DEBUG - 局部搜索未能改进当前解
2025-04-08 16:05:00,557 - DEBUG - 执行AGV分配局部搜索，当前完工时间: 1708.00
2025-04-08 16:05:00,561 - DEBUG - 局部搜索未能改进当前解
2025-04-08 16:05:00,566 - DEBUG - 执行AGV分配局部搜索，当前完工时间: 1695.00
2025-04-08 16:05:00,570 - DEBUG - 局部搜索未能改进当前解
2025-04-08 16:05:00,574 - DEBUG - 执行AGV分配局部搜索，当前完工时间: 1776.00
2025-04-08 16:05:00,579 - DEBUG - 局部搜索未能改进当前解
2025-04-08 16:05:00,584 - DEBUG - 执行AGV分配局部搜索，当前完工时间: 1665.00
2025-04-08 16:05:00,587 - DEBUG - 局部搜索未能改进当前解
2025-04-08 16:05:00,591 - DEBUG - 执行AGV分配局部搜索，当前完工时间: 1823.00
2025-04-08 16:05:00,595 - DEBUG - 局部搜索未能改进当前解
2025-04-08 16:05:00,597 - DEBUG - 执行AGV分配局部搜索，当前完工时间: 1683.00
2025-04-08 16:05:00,603 - DEBUG - 局部搜索未能改进当前解
2025-04-08 16:05:00,607 - DEBUG - 执行AGV分配局部搜索，当前完工时间: 1882.00
2025-04-08 16:05:00,610 - DEBUG - 局部搜索未能改进当前解
2025-04-08 16:05:00,614 - DEBUG - 执行AGV分配局部搜索，当前完工时间: 1669.00
2025-04-08 16:05:00,618 - DEBUG - 局部搜索未能改进当前解
2025-04-08 16:05:00,621 - DEBUG - 执行AGV分配局部搜索，当前完工时间: 1771.00
2025-04-08 16:05:00,625 - DEBUG - 局部搜索未能改进当前解
2025-04-08 16:05:00,630 - DEBUG - 执行AGV分配局部搜索，当前完工时间: 1703.00
2025-04-08 16:05:00,635 - DEBUG - 局部搜索未能改进当前解
2025-04-08 16:05:00,639 - DEBUG - 执行AGV分配局部搜索，当前完工时间: 1692.00
2025-04-08 16:05:00,643 - DEBUG - 局部搜索未能改进当前解
2025-04-08 16:05:00,647 - DEBUG - 执行AGV分配局部搜索，当前完工时间: 1758.00
2025-04-08 16:05:00,650 - DEBUG - 局部搜索未能改进当前解
2025-04-08 16:05:00,654 - DEBUG - 执行AGV分配局部搜索，当前完工时间: 1830.00
2025-04-08 16:05:00,658 - DEBUG - 局部搜索未能改进当前解
2025-04-08 16:05:00,660 - DEBUG - 执行AGV分配局部搜索，当前完工时间: 1699.00
2025-04-08 16:05:00,664 - DEBUG - AGV分配局部搜索成功！完工时间从 1699.00 降低到 1693.00，改进: 6.00 (0.35%)
2025-04-08 16:05:00,669 - DEBUG - 执行AGV分配局部搜索，当前完工时间: 1919.00
2025-04-08 16:05:00,672 - DEBUG - 局部搜索未能改进当前解
2025-04-08 16:05:00,676 - DEBUG - 执行AGV分配局部搜索，当前完工时间: 1753.00
2025-04-08 16:05:00,680 - DEBUG - 局部搜索未能改进当前解
2025-04-08 16:05:00,684 - DEBUG - 执行AGV分配局部搜索，当前完工时间: 1701.00
2025-04-08 16:05:00,687 - DEBUG - AGV分配局部搜索成功！完工时间从 1701.00 降低到 1695.00，改进: 6.00 (0.35%)
2025-04-08 16:05:00,692 - DEBUG - 执行AGV分配局部搜索，当前完工时间: 1742.00
2025-04-08 16:05:00,695 - DEBUG - 局部搜索未能改进当前解
2025-04-08 16:05:00,699 - DEBUG - 执行AGV分配局部搜索，当前完工时间: 1754.00
2025-04-08 16:05:00,703 - DEBUG - 局部搜索未能改进当前解
2025-04-08 16:05:00,707 - DEBUG - 执行AGV分配局部搜索，当前完工时间: 1692.00
2025-04-08 16:05:00,711 - DEBUG - 局部搜索未能改进当前解
2025-04-08 16:05:00,714 - DEBUG - 执行AGV分配局部搜索，当前完工时间: 1774.00
2025-04-08 16:05:00,719 - DEBUG - 局部搜索未能改进当前解
2025-04-08 16:05:00,722 - DEBUG - 执行AGV分配局部搜索，当前完工时间: 1695.00
2025-04-08 16:05:00,726 - DEBUG - 局部搜索未能改进当前解
2025-04-08 16:05:00,729 - DEBUG - 执行AGV分配局部搜索，当前完工时间: 1689.00
2025-04-08 16:05:00,734 - DEBUG - 局部搜索未能改进当前解
2025-04-08 16:05:00,737 - DEBUG - 执行AGV分配局部搜索，当前完工时间: 1678.00
2025-04-08 16:05:00,741 - DEBUG - 局部搜索未能改进当前解
2025-04-08 16:05:00,741 - DEBUG - ==================================================
2025-04-08 16:05:00,741 - DEBUG - Efficiency Statistics of Local Search :
2025-04-08 16:05:00,741 - DEBUG - Number of attempts: 99
2025-04-08 16:05:00,741 - DEBUG - Average Success Rate: 9.09%
2025-04-08 16:05:00,741 - DEBUG - AGV Local Search Success: 9，Average Improvement: 17.22
2025-04-08 16:05:00,745 - DEBUG - 执行AGV分配局部搜索，当前完工时间: 1659.00
2025-04-08 16:05:00,748 - DEBUG - 局部搜索未能改进当前解
2025-04-08 16:05:00,753 - DEBUG - 执行AGV分配局部搜索，当前完工时间: 1768.00
2025-04-08 16:05:00,756 - DEBUG - 局部搜索未能改进当前解
2025-04-08 16:05:00,760 - DEBUG - 执行AGV分配局部搜索，当前完工时间: 1672.00
2025-04-08 16:05:00,765 - DEBUG - 局部搜索未能改进当前解
2025-04-08 16:05:00,769 - DEBUG - 执行AGV分配局部搜索，当前完工时间: 1687.00
2025-04-08 16:05:00,772 - DEBUG - 局部搜索未能改进当前解
2025-04-08 16:05:00,776 - DEBUG - 执行AGV分配局部搜索，当前完工时间: 1671.00
2025-04-08 16:05:00,780 - DEBUG - 局部搜索未能改进当前解
2025-04-08 16:05:00,784 - DEBUG - 执行AGV分配局部搜索，当前完工时间: 1707.00
2025-04-08 16:05:00,788 - DEBUG - 局部搜索未能改进当前解
2025-04-08 16:05:00,792 - DEBUG - 执行AGV分配局部搜索，当前完工时间: 1739.00
2025-04-08 16:05:00,796 - DEBUG - 局部搜索未能改进当前解
2025-04-08 16:05:00,800 - DEBUG - 执行AGV分配局部搜索，当前完工时间: 1652.00
2025-04-08 16:05:00,804 - DEBUG - 局部搜索未能改进当前解
2025-04-08 16:05:00,807 - DEBUG - 执行AGV分配局部搜索，当前完工时间: 1699.00
2025-04-08 16:05:00,812 - DEBUG - 局部搜索未能改进当前解
2025-04-08 16:05:00,816 - DEBUG - 执行AGV分配局部搜索，当前完工时间: 1761.00
2025-04-08 16:05:00,820 - DEBUG - AGV分配局部搜索成功！完工时间从 1761.00 降低到 1706.00，改进: 55.00 (3.12%)
2025-04-08 16:05:00,824 - DEBUG - 执行AGV分配局部搜索，当前完工时间: 1694.00
2025-04-08 16:05:00,828 - DEBUG - 局部搜索未能改进当前解
2025-04-08 16:05:00,832 - DEBUG - 执行AGV分配局部搜索，当前完工时间: 1754.00
2025-04-08 16:05:00,836 - DEBUG - 局部搜索未能改进当前解
2025-04-08 16:05:00,840 - DEBUG - 执行AGV分配局部搜索，当前完工时间: 1687.00
2025-04-08 16:05:00,843 - DEBUG - 局部搜索未能改进当前解
2025-04-08 16:05:00,848 - DEBUG - 执行AGV分配局部搜索，当前完工时间: 1739.00
2025-04-08 16:05:00,851 - DEBUG - 局部搜索未能改进当前解
2025-04-08 16:05:00,855 - DEBUG - 执行AGV分配局部搜索，当前完工时间: 1732.00
2025-04-08 16:05:00,860 - DEBUG - AGV分配局部搜索成功！完工时间从 1732.00 降低到 1719.00，改进: 13.00 (0.75%)
2025-04-08 16:05:00,864 - DEBUG - 执行AGV分配局部搜索，当前完工时间: 1732.00
2025-04-08 16:05:00,868 - DEBUG - 局部搜索未能改进当前解
2025-04-08 16:05:00,872 - DEBUG - 执行AGV分配局部搜索，当前完工时间: 1708.00
2025-04-08 16:05:00,875 - DEBUG - 局部搜索未能改进当前解
2025-04-08 16:05:00,879 - DEBUG - 执行AGV分配局部搜索，当前完工时间: 1693.00
2025-04-08 16:05:00,883 - DEBUG - 局部搜索未能改进当前解
2025-04-08 16:05:00,888 - DEBUG - 执行AGV分配局部搜索，当前完工时间: 1697.00
2025-04-08 16:05:00,892 - DEBUG - 局部搜索未能改进当前解
2025-04-08 16:05:00,895 - DEBUG - 执行AGV分配局部搜索，当前完工时间: 1740.00
2025-04-08 16:05:00,900 - DEBUG - 局部搜索未能改进当前解
2025-04-08 16:05:00,903 - DEBUG - 执行AGV分配局部搜索，当前完工时间: 1764.00
2025-04-08 16:05:00,907 - DEBUG - AGV分配局部搜索成功！完工时间从 1764.00 降低到 1731.00，改进: 33.00 (1.87%)
2025-04-08 16:05:00,912 - DEBUG - 执行AGV分配局部搜索，当前完工时间: 1746.00
2025-04-08 16:05:00,915 - DEBUG - 局部搜索未能改进当前解
2025-04-08 16:05:00,920 - DEBUG - 执行AGV分配局部搜索，当前完工时间: 1690.00
2025-04-08 16:05:00,923 - DEBUG - 局部搜索未能改进当前解
2025-04-08 16:05:00,926 - DEBUG - 执行AGV分配局部搜索，当前完工时间: 1732.00
2025-04-08 16:05:00,931 - DEBUG - 局部搜索未能改进当前解
2025-04-08 16:05:00,936 - DEBUG - 执行AGV分配局部搜索，当前完工时间: 1722.00
2025-04-08 16:05:00,940 - DEBUG - 局部搜索未能改进当前解
2025-04-08 16:05:00,944 - DEBUG - 执行AGV分配局部搜索，当前完工时间: 1726.00
2025-04-08 16:05:00,947 - DEBUG - 局部搜索未能改进当前解
2025-04-08 16:05:00,952 - DEBUG - 执行AGV分配局部搜索，当前完工时间: 1730.00
2025-04-08 16:05:00,955 - DEBUG - AGV分配局部搜索成功！完工时间从 1730.00 降低到 1722.00，改进: 8.00 (0.46%)
2025-04-08 16:05:00,958 - DEBUG - 执行AGV分配局部搜索，当前完工时间: 1679.00
2025-04-08 16:05:00,962 - DEBUG - AGV分配局部搜索成功！完工时间从 1679.00 降低到 1671.00，改进: 8.00 (0.48%)
2025-04-08 16:05:00,966 - DEBUG - 执行AGV分配局部搜索，当前完工时间: 1754.00
2025-04-08 16:05:00,970 - DEBUG - 局部搜索未能改进当前解
2025-04-08 16:05:00,973 - DEBUG - 执行AGV分配局部搜索，当前完工时间: 1739.00
2025-04-08 16:05:00,976 - DEBUG - 局部搜索未能改进当前解
2025-04-08 16:05:00,981 - DEBUG - 执行AGV分配局部搜索，当前完工时间: 1728.00
2025-04-08 16:05:00,985 - DEBUG - 局部搜索未能改进当前解
2025-04-08 16:05:00,988 - DEBUG - 执行AGV分配局部搜索，当前完工时间: 1748.00
2025-04-08 16:05:00,993 - DEBUG - AGV分配局部搜索成功！完工时间从 1748.00 降低到 1737.00，改进: 11.00 (0.63%)
2025-04-08 16:05:00,997 - DEBUG - 执行AGV分配局部搜索，当前完工时间: 1677.00
2025-04-08 16:05:01,000 - DEBUG - 局部搜索未能改进当前解
2025-04-08 16:05:01,004 - DEBUG - 执行AGV分配局部搜索，当前完工时间: 1731.00
2025-04-08 16:05:01,007 - DEBUG - 局部搜索未能改进当前解
2025-04-08 16:05:01,011 - DEBUG - 执行AGV分配局部搜索，当前完工时间: 1685.00
2025-04-08 16:05:01,014 - DEBUG - 局部搜索未能改进当前解
2025-04-08 16:05:01,018 - DEBUG - 执行AGV分配局部搜索，当前完工时间: 1732.00
2025-04-08 16:05:01,022 - DEBUG - 局部搜索未能改进当前解
2025-04-08 16:05:01,025 - DEBUG - 执行AGV分配局部搜索，当前完工时间: 1849.00
2025-04-08 16:05:01,030 - DEBUG - 局部搜索未能改进当前解
2025-04-08 16:05:01,033 - DEBUG - 执行AGV分配局部搜索，当前完工时间: 1693.00
2025-04-08 16:05:01,037 - DEBUG - 局部搜索未能改进当前解
2025-04-08 16:05:01,041 - DEBUG - 执行AGV分配局部搜索，当前完工时间: 1676.00
2025-04-08 16:05:01,044 - DEBUG - AGV分配局部搜索成功！完工时间从 1676.00 降低到 1670.00，改进: 6.00 (0.36%)
2025-04-08 16:05:01,047 - DEBUG - 执行AGV分配局部搜索，当前完工时间: 1794.00
2025-04-08 16:05:01,051 - DEBUG - 局部搜索未能改进当前解
2025-04-08 16:05:01,055 - DEBUG - 执行AGV分配局部搜索，当前完工时间: 1695.00
2025-04-08 16:05:01,059 - DEBUG - 局部搜索未能改进当前解
2025-04-08 16:05:01,062 - DEBUG - 执行AGV分配局部搜索，当前完工时间: 1803.00
2025-04-08 16:05:01,067 - DEBUG - 局部搜索未能改进当前解
2025-04-08 16:05:01,071 - DEBUG - 执行AGV分配局部搜索，当前完工时间: 1756.00
2025-04-08 16:05:01,075 - DEBUG - 局部搜索未能改进当前解
2025-04-08 16:05:01,079 - DEBUG - 执行AGV分配局部搜索，当前完工时间: 1691.00
2025-04-08 16:05:01,082 - DEBUG - 局部搜索未能改进当前解
2025-04-08 16:05:01,088 - DEBUG - 执行AGV分配局部搜索，当前完工时间: 1767.00
2025-04-08 16:05:01,092 - DEBUG - 局部搜索未能改进当前解
2025-04-08 16:05:01,096 - DEBUG - 执行AGV分配局部搜索，当前完工时间: 1723.00
2025-04-08 16:05:01,099 - DEBUG - 局部搜索未能改进当前解
2025-04-08 16:05:01,103 - DEBUG - 执行AGV分配局部搜索，当前完工时间: 1694.00
2025-04-08 16:05:01,106 - DEBUG - 局部搜索未能改进当前解
2025-04-08 16:05:01,110 - DEBUG - 执行AGV分配局部搜索，当前完工时间: 1758.00
2025-04-08 16:05:01,114 - DEBUG - 局部搜索未能改进当前解
2025-04-08 16:05:01,118 - DEBUG - 执行AGV分配局部搜索，当前完工时间: 1678.00
2025-04-08 16:05:01,121 - DEBUG - 局部搜索未能改进当前解
2025-04-08 16:05:01,125 - DEBUG - 执行AGV分配局部搜索，当前完工时间: 1705.00
2025-04-08 16:05:01,129 - DEBUG - 局部搜索未能改进当前解
2025-04-08 16:05:01,132 - DEBUG - 执行AGV分配局部搜索，当前完工时间: 1662.00
2025-04-08 16:05:01,135 - DEBUG - 局部搜索未能改进当前解
2025-04-08 16:05:01,140 - DEBUG - 执行AGV分配局部搜索，当前完工时间: 1754.00
2025-04-08 16:05:01,143 - DEBUG - 局部搜索未能改进当前解
2025-04-08 16:05:01,148 - DEBUG - 执行AGV分配局部搜索，当前完工时间: 1724.00
2025-04-08 16:05:01,151 - DEBUG - AGV分配局部搜索成功！完工时间从 1724.00 降低到 1722.00，改进: 2.00 (0.12%)
2025-04-08 16:05:01,155 - DEBUG - 执行AGV分配局部搜索，当前完工时间: 1765.00
2025-04-08 16:05:01,158 - DEBUG - 局部搜索未能改进当前解
2025-04-08 16:05:01,163 - DEBUG - 执行AGV分配局部搜索，当前完工时间: 1769.00
2025-04-08 16:05:01,167 - DEBUG - 局部搜索未能改进当前解
2025-04-08 16:05:01,170 - DEBUG - 执行AGV分配局部搜索，当前完工时间: 1724.00
2025-04-08 16:05:01,174 - DEBUG - 局部搜索未能改进当前解
2025-04-08 16:05:01,179 - DEBUG - 执行AGV分配局部搜索，当前完工时间: 1701.00
2025-04-08 16:05:01,183 - DEBUG - 局部搜索未能改进当前解
2025-04-08 16:05:01,187 - DEBUG - 执行AGV分配局部搜索，当前完工时间: 1744.00
2025-04-08 16:05:01,190 - DEBUG - AGV分配局部搜索成功！完工时间从 1744.00 降低到 1730.00，改进: 14.00 (0.80%)
2025-04-08 16:05:01,194 - DEBUG - 执行AGV分配局部搜索，当前完工时间: 1682.00
2025-04-08 16:05:01,197 - DEBUG - 局部搜索未能改进当前解
2025-04-08 16:05:01,202 - DEBUG - 执行AGV分配局部搜索，当前完工时间: 1792.00
2025-04-08 16:05:01,205 - DEBUG - 局部搜索未能改进当前解
2025-04-08 16:05:01,210 - DEBUG - 执行AGV分配局部搜索，当前完工时间: 1751.00
2025-04-08 16:05:01,214 - DEBUG - AGV分配局部搜索成功！完工时间从 1751.00 降低到 1726.00，改进: 25.00 (1.43%)
2025-04-08 16:05:01,217 - DEBUG - 执行AGV分配局部搜索，当前完工时间: 1720.00
2025-04-08 16:05:01,221 - DEBUG - AGV分配局部搜索成功！完工时间从 1720.00 降低到 1716.00，改进: 4.00 (0.23%)
2025-04-08 16:05:01,225 - DEBUG - 执行AGV分配局部搜索，当前完工时间: 1707.00
2025-04-08 16:05:01,228 - DEBUG - 局部搜索未能改进当前解
2025-04-08 16:05:01,231 - DEBUG - 执行AGV分配局部搜索，当前完工时间: 1915.00
2025-04-08 16:05:01,236 - DEBUG - 局部搜索未能改进当前解
2025-04-08 16:05:01,241 - DEBUG - 执行AGV分配局部搜索，当前完工时间: 1677.00
2025-04-08 16:05:01,245 - DEBUG - 局部搜索未能改进当前解
2025-04-08 16:05:01,247 - DEBUG - 执行AGV分配局部搜索，当前完工时间: 1734.00
2025-04-08 16:05:01,252 - DEBUG - 局部搜索未能改进当前解
2025-04-08 16:05:01,255 - DEBUG - 执行AGV分配局部搜索，当前完工时间: 1737.00
2025-04-08 16:05:01,259 - DEBUG - 局部搜索未能改进当前解
2025-04-08 16:05:01,262 - DEBUG - 执行AGV分配局部搜索，当前完工时间: 1709.00
2025-04-08 16:05:01,267 - DEBUG - 局部搜索未能改进当前解
2025-04-08 16:05:01,270 - DEBUG - 执行AGV分配局部搜索，当前完工时间: 1690.00
2025-04-08 16:05:01,274 - DEBUG - 局部搜索未能改进当前解
2025-04-08 16:05:01,278 - DEBUG - 执行AGV分配局部搜索，当前完工时间: 1748.00
2025-04-08 16:05:01,281 - DEBUG - 局部搜索未能改进当前解
2025-04-08 16:05:01,285 - DEBUG - 执行AGV分配局部搜索，当前完工时间: 1709.00
2025-04-08 16:05:01,289 - DEBUG - 局部搜索未能改进当前解
2025-04-08 16:05:01,292 - DEBUG - 执行AGV分配局部搜索，当前完工时间: 1703.00
2025-04-08 16:05:01,295 - DEBUG - 局部搜索未能改进当前解
2025-04-08 16:05:01,300 - DEBUG - 执行AGV分配局部搜索，当前完工时间: 1689.00
2025-04-08 16:05:01,303 - DEBUG - 局部搜索未能改进当前解
2025-04-08 16:05:01,307 - DEBUG - 执行AGV分配局部搜索，当前完工时间: 1692.00
2025-04-08 16:05:01,311 - DEBUG - 局部搜索未能改进当前解
2025-04-08 16:05:01,314 - DEBUG - 执行AGV分配局部搜索，当前完工时间: 1838.00
2025-04-08 16:05:01,318 - DEBUG - 局部搜索未能改进当前解
2025-04-08 16:05:01,322 - DEBUG - 执行AGV分配局部搜索，当前完工时间: 1686.00
2025-04-08 16:05:01,326 - DEBUG - 局部搜索未能改进当前解
2025-04-08 16:05:01,329 - DEBUG - 执行AGV分配局部搜索，当前完工时间: 1685.00
2025-04-08 16:05:01,334 - DEBUG - 局部搜索未能改进当前解
2025-04-08 16:05:01,338 - DEBUG - 执行AGV分配局部搜索，当前完工时间: 1781.00
2025-04-08 16:05:01,341 - DEBUG - 局部搜索未能改进当前解
2025-04-08 16:05:01,345 - DEBUG - 执行AGV分配局部搜索，当前完工时间: 1678.00
2025-04-08 16:05:01,349 - DEBUG - 局部搜索未能改进当前解
2025-04-08 16:05:01,352 - DEBUG - 执行AGV分配局部搜索，当前完工时间: 1647.00
2025-04-08 16:05:01,356 - DEBUG - 局部搜索未能改进当前解
2025-04-08 16:05:01,359 - DEBUG - 执行AGV分配局部搜索，当前完工时间: 1670.00
2025-04-08 16:05:01,363 - DEBUG - 局部搜索未能改进当前解
2025-04-08 16:05:01,366 - DEBUG - 执行AGV分配局部搜索，当前完工时间: 1730.00
2025-04-08 16:05:01,371 - DEBUG - 局部搜索未能改进当前解
2025-04-08 16:05:01,374 - DEBUG - 执行AGV分配局部搜索，当前完工时间: 1692.00
2025-04-08 16:05:01,378 - DEBUG - 局部搜索未能改进当前解
2025-04-08 16:05:01,381 - DEBUG - 执行AGV分配局部搜索，当前完工时间: 1684.00
2025-04-08 16:05:01,385 - DEBUG - 局部搜索未能改进当前解
2025-04-08 16:05:01,389 - DEBUG - 执行AGV分配局部搜索，当前完工时间: 1727.00
2025-04-08 16:05:01,393 - DEBUG - AGV分配局部搜索成功！完工时间从 1727.00 降低到 1705.00，改进: 22.00 (1.27%)
2025-04-08 16:05:01,397 - DEBUG - 执行AGV分配局部搜索，当前完工时间: 1691.00
2025-04-08 16:05:01,401 - DEBUG - 局部搜索未能改进当前解
2025-04-08 16:05:01,404 - DEBUG - 执行AGV分配局部搜索，当前完工时间: 1731.00
2025-04-08 16:05:01,408 - DEBUG - 局部搜索未能改进当前解
2025-04-08 16:05:01,412 - DEBUG - 执行AGV分配局部搜索，当前完工时间: 1695.00
2025-04-08 16:05:01,415 - DEBUG - 局部搜索未能改进当前解
2025-04-08 16:05:01,420 - DEBUG - 执行AGV分配局部搜索，当前完工时间: 1784.00
2025-04-08 16:05:01,423 - DEBUG - 局部搜索未能改进当前解
2025-04-08 16:05:01,427 - DEBUG - 执行AGV分配局部搜索，当前完工时间: 1713.00
2025-04-08 16:05:01,431 - DEBUG - 局部搜索未能改进当前解
2025-04-08 16:05:01,434 - DEBUG - 执行AGV分配局部搜索，当前完工时间: 1900.00
2025-04-08 16:05:01,438 - DEBUG - 局部搜索未能改进当前解
2025-04-08 16:05:01,442 - DEBUG - 执行AGV分配局部搜索，当前完工时间: 1794.00
2025-04-08 16:05:01,445 - DEBUG - 局部搜索未能改进当前解
2025-04-08 16:05:01,450 - DEBUG - 执行AGV分配局部搜索，当前完工时间: 1673.00
2025-04-08 16:05:01,453 - DEBUG - 局部搜索未能改进当前解
2025-04-08 16:05:01,457 - DEBUG - 执行AGV分配局部搜索，当前完工时间: 1750.00
2025-04-08 16:05:01,460 - DEBUG - 局部搜索未能改进当前解
2025-04-08 16:05:01,464 - DEBUG - 执行AGV分配局部搜索，当前完工时间: 1803.00
2025-04-08 16:05:01,468 - DEBUG - 局部搜索未能改进当前解
2025-04-08 16:05:01,472 - DEBUG - 执行AGV分配局部搜索，当前完工时间: 1695.00
2025-04-08 16:05:01,475 - DEBUG - 局部搜索未能改进当前解
2025-04-08 16:05:01,479 - DEBUG - 执行AGV分配局部搜索，当前完工时间: 1682.00
2025-04-08 16:05:01,482 - DEBUG - 局部搜索未能改进当前解
2025-04-08 16:05:01,486 - DEBUG - 执行AGV分配局部搜索，当前完工时间: 1709.00
2025-04-08 16:05:01,490 - DEBUG - AGV分配局部搜索成功！完工时间从 1709.00 降低到 1701.00，改进: 8.00 (0.47%)
2025-04-08 16:05:01,494 - DEBUG - 执行AGV分配局部搜索，当前完工时间: 1734.00
2025-04-08 16:05:01,497 - DEBUG - AGV分配局部搜索成功！完工时间从 1734.00 降低到 1723.00，改进: 11.00 (0.63%)
2025-04-08 16:05:01,497 - DEBUG - ==================================================
2025-04-08 16:05:01,497 - DEBUG - Efficiency Statistics of Local Search :
2025-04-08 16:05:01,497 - DEBUG - Number of attempts: 99
2025-04-08 16:05:01,497 - DEBUG - Average Success Rate: 14.14%
2025-04-08 16:05:01,497 - DEBUG - AGV Local Search Success: 14，Average Improvement: 15.71
2025-04-08 16:05:01,501 - DEBUG - 执行AGV分配局部搜索，当前完工时间: 1697.00
2025-04-08 16:05:01,506 - DEBUG - 局部搜索未能改进当前解
2025-04-08 16:05:01,509 - DEBUG - 执行AGV分配局部搜索，当前完工时间: 1695.00
2025-04-08 16:05:01,512 - DEBUG - 局部搜索未能改进当前解
2025-04-08 16:05:01,516 - DEBUG - 执行AGV分配局部搜索，当前完工时间: 1675.00
2025-04-08 16:05:01,520 - DEBUG - 局部搜索未能改进当前解
2025-04-08 16:05:01,524 - DEBUG - 执行AGV分配局部搜索，当前完工时间: 1762.00
2025-04-08 16:05:01,527 - DEBUG - 局部搜索未能改进当前解
2025-04-08 16:05:01,531 - DEBUG - 执行AGV分配局部搜索，当前完工时间: 1716.00
2025-04-08 16:05:01,535 - DEBUG - 局部搜索未能改进当前解
2025-04-08 16:05:01,540 - DEBUG - 执行AGV分配局部搜索，当前完工时间: 1685.00
2025-04-08 16:05:01,543 - DEBUG - 局部搜索未能改进当前解
2025-04-08 16:05:01,547 - DEBUG - 执行AGV分配局部搜索，当前完工时间: 1840.00
2025-04-08 16:05:01,551 - DEBUG - 局部搜索未能改进当前解
2025-04-08 16:05:01,554 - DEBUG - 执行AGV分配局部搜索，当前完工时间: 1678.00
2025-04-08 16:05:01,558 - DEBUG - AGV分配局部搜索成功！完工时间从 1678.00 降低到 1671.00，改进: 7.00 (0.42%)
2025-04-08 16:05:01,562 - DEBUG - 执行AGV分配局部搜索，当前完工时间: 1636.00
2025-04-08 16:05:01,565 - DEBUG - 局部搜索未能改进当前解
2025-04-08 16:05:01,569 - DEBUG - 执行AGV分配局部搜索，当前完工时间: 1687.00
2025-04-08 16:05:01,573 - DEBUG - 局部搜索未能改进当前解
2025-04-08 16:05:01,577 - DEBUG - 执行AGV分配局部搜索，当前完工时间: 1760.00
2025-04-08 16:05:01,580 - DEBUG - 局部搜索未能改进当前解
2025-04-08 16:05:01,585 - DEBUG - 执行AGV分配局部搜索，当前完工时间: 1677.00
2025-04-08 16:05:01,588 - DEBUG - 局部搜索未能改进当前解
2025-04-08 16:05:01,592 - DEBUG - 执行AGV分配局部搜索，当前完工时间: 1647.00
2025-04-08 16:05:01,595 - DEBUG - 局部搜索未能改进当前解
2025-04-08 16:05:01,599 - DEBUG - 执行AGV分配局部搜索，当前完工时间: 1722.00
2025-04-08 16:05:01,603 - DEBUG - 局部搜索未能改进当前解
2025-04-08 16:05:01,607 - DEBUG - 执行AGV分配局部搜索，当前完工时间: 1696.00
2025-04-08 16:05:01,612 - DEBUG - AGV分配局部搜索成功！完工时间从 1696.00 降低到 1625.00，改进: 71.00 (4.19%)
2025-04-08 16:05:01,618 - DEBUG - 执行AGV分配局部搜索，当前完工时间: 1706.00
2025-04-08 16:05:01,622 - DEBUG - 局部搜索未能改进当前解
2025-04-08 16:05:01,626 - DEBUG - 执行AGV分配局部搜索，当前完工时间: 1737.00
2025-04-08 16:05:01,629 - DEBUG - 局部搜索未能改进当前解
2025-04-08 16:05:01,635 - DEBUG - 执行AGV分配局部搜索，当前完工时间: 1719.00
2025-04-08 16:05:01,640 - DEBUG - 局部搜索未能改进当前解
2025-04-08 16:05:01,643 - DEBUG - 执行AGV分配局部搜索，当前完工时间: 1687.00
2025-04-08 16:05:01,647 - DEBUG - 局部搜索未能改进当前解
2025-04-08 16:05:01,651 - DEBUG - 执行AGV分配局部搜索，当前完工时间: 1700.00
2025-04-08 16:05:01,656 - DEBUG - 局部搜索未能改进当前解
2025-04-08 16:05:01,660 - DEBUG - 执行AGV分配局部搜索，当前完工时间: 1692.00
2025-04-08 16:05:01,664 - DEBUG - 局部搜索未能改进当前解
2025-04-08 16:05:01,668 - DEBUG - 执行AGV分配局部搜索，当前完工时间: 1688.00
2025-04-08 16:05:01,671 - DEBUG - 局部搜索未能改进当前解
2025-04-08 16:05:01,675 - DEBUG - 执行AGV分配局部搜索，当前完工时间: 1807.00
2025-04-08 16:05:01,679 - DEBUG - 局部搜索未能改进当前解
2025-04-08 16:05:01,683 - DEBUG - 执行AGV分配局部搜索，当前完工时间: 1691.00
2025-04-08 16:05:01,687 - DEBUG - 局部搜索未能改进当前解
2025-04-08 16:05:01,690 - DEBUG - 执行AGV分配局部搜索，当前完工时间: 1688.00
2025-04-08 16:05:01,694 - DEBUG - 局部搜索未能改进当前解
2025-04-08 16:05:01,698 - DEBUG - 执行AGV分配局部搜索，当前完工时间: 1690.00
2025-04-08 16:05:01,702 - DEBUG - 局部搜索未能改进当前解
2025-04-08 16:05:01,706 - DEBUG - 执行AGV分配局部搜索，当前完工时间: 1701.00
2025-04-08 16:05:01,710 - DEBUG - 局部搜索未能改进当前解
2025-04-08 16:05:01,714 - DEBUG - 执行AGV分配局部搜索，当前完工时间: 1705.00
2025-04-08 16:05:01,718 - DEBUG - 局部搜索未能改进当前解
2025-04-08 16:05:01,721 - DEBUG - 执行AGV分配局部搜索，当前完工时间: 1690.00
2025-04-08 16:05:01,725 - DEBUG - 局部搜索未能改进当前解
2025-04-08 16:05:01,729 - DEBUG - 执行AGV分配局部搜索，当前完工时间: 1717.00
2025-04-08 16:05:01,742 - DEBUG - 局部搜索未能改进当前解
2025-04-08 16:05:01,750 - DEBUG - 执行AGV分配局部搜索，当前完工时间: 1685.00
2025-04-08 16:05:01,758 - DEBUG - 局部搜索未能改进当前解
2025-04-08 16:05:01,767 - DEBUG - 执行AGV分配局部搜索，当前完工时间: 1845.00
2025-04-08 16:05:01,770 - DEBUG - 局部搜索未能改进当前解
2025-04-08 16:05:01,775 - DEBUG - 执行AGV分配局部搜索，当前完工时间: 1799.00
2025-04-08 16:05:01,779 - DEBUG - 局部搜索未能改进当前解
2025-04-08 16:05:01,784 - DEBUG - 执行AGV分配局部搜索，当前完工时间: 1816.00
2025-04-08 16:05:01,787 - DEBUG - 局部搜索未能改进当前解
2025-04-08 16:05:01,792 - DEBUG - 执行AGV分配局部搜索，当前完工时间: 1760.00
2025-04-08 16:05:01,795 - DEBUG - AGV分配局部搜索成功！完工时间从 1760.00 降低到 1759.00，改进: 1.00 (0.06%)
2025-04-08 16:05:01,800 - DEBUG - 执行AGV分配局部搜索，当前完工时间: 1824.00
2025-04-08 16:05:01,805 - DEBUG - 局部搜索未能改进当前解
2025-04-08 16:05:01,810 - DEBUG - 执行AGV分配局部搜索，当前完工时间: 1742.00
2025-04-08 16:05:01,812 - DEBUG - 局部搜索未能改进当前解
2025-04-08 16:05:01,816 - DEBUG - 执行AGV分配局部搜索，当前完工时间: 1695.00
2025-04-08 16:05:01,820 - DEBUG - 局部搜索未能改进当前解
2025-04-08 16:05:01,823 - DEBUG - 执行AGV分配局部搜索，当前完工时间: 1710.00
2025-04-08 16:05:01,827 - DEBUG - 局部搜索未能改进当前解
2025-04-08 16:05:01,831 - DEBUG - 执行AGV分配局部搜索，当前完工时间: 1677.00
2025-04-08 16:05:01,835 - DEBUG - 局部搜索未能改进当前解
2025-04-08 16:05:01,839 - DEBUG - 执行AGV分配局部搜索，当前完工时间: 1719.00
2025-04-08 16:05:01,843 - DEBUG - 局部搜索未能改进当前解
2025-04-08 16:05:01,847 - DEBUG - 执行AGV分配局部搜索，当前完工时间: 1667.00
2025-04-08 16:05:01,852 - DEBUG - 局部搜索未能改进当前解
2025-04-08 16:05:01,856 - DEBUG - 执行AGV分配局部搜索，当前完工时间: 1783.00
2025-04-08 16:05:01,859 - DEBUG - 局部搜索未能改进当前解
2025-04-08 16:05:01,864 - DEBUG - 执行AGV分配局部搜索，当前完工时间: 1687.00
2025-04-08 16:05:01,868 - DEBUG - 局部搜索未能改进当前解
2025-04-08 16:05:01,872 - DEBUG - 执行AGV分配局部搜索，当前完工时间: 1748.00
2025-04-08 16:05:01,877 - DEBUG - 局部搜索未能改进当前解
2025-04-08 16:05:01,881 - DEBUG - 执行AGV分配局部搜索，当前完工时间: 1687.00
2025-04-08 16:05:01,885 - DEBUG - 局部搜索未能改进当前解
2025-04-08 16:05:01,889 - DEBUG - 执行AGV分配局部搜索，当前完工时间: 1669.00
2025-04-08 16:05:01,895 - DEBUG - 局部搜索未能改进当前解
2025-04-08 16:05:01,900 - DEBUG - 执行AGV分配局部搜索，当前完工时间: 1814.00
2025-04-08 16:05:01,904 - DEBUG - 局部搜索未能改进当前解
2025-04-08 16:05:01,907 - DEBUG - 执行AGV分配局部搜索，当前完工时间: 1688.00
2025-04-08 16:05:01,912 - DEBUG - 局部搜索未能改进当前解
2025-04-08 16:05:01,916 - DEBUG - 执行AGV分配局部搜索，当前完工时间: 1678.00
2025-04-08 16:05:01,920 - DEBUG - 局部搜索未能改进当前解
2025-04-08 16:05:01,926 - DEBUG - 执行AGV分配局部搜索，当前完工时间: 1754.00
2025-04-08 16:05:01,931 - DEBUG - 局部搜索未能改进当前解
2025-04-08 16:05:01,935 - DEBUG - 执行AGV分配局部搜索，当前完工时间: 1687.00
2025-04-08 16:05:01,940 - DEBUG - 局部搜索未能改进当前解
2025-04-08 16:05:01,944 - DEBUG - 执行AGV分配局部搜索，当前完工时间: 1680.00
2025-04-08 16:05:01,949 - DEBUG - AGV分配局部搜索成功！完工时间从 1680.00 降低到 1665.00，改进: 15.00 (0.89%)
2025-04-08 16:05:01,953 - DEBUG - 执行AGV分配局部搜索，当前完工时间: 1763.00
2025-04-08 16:05:01,957 - DEBUG - 局部搜索未能改进当前解
2025-04-08 16:05:01,962 - DEBUG - 执行AGV分配局部搜索，当前完工时间: 1685.00
2025-04-08 16:05:01,966 - DEBUG - 局部搜索未能改进当前解
2025-04-08 16:05:01,972 - DEBUG - 执行AGV分配局部搜索，当前完工时间: 1799.00
2025-04-08 16:05:01,976 - DEBUG - 局部搜索未能改进当前解
2025-04-08 16:05:01,980 - DEBUG - 执行AGV分配局部搜索，当前完工时间: 1685.00
2025-04-08 16:05:01,984 - DEBUG - 局部搜索未能改进当前解
2025-04-08 16:05:01,989 - DEBUG - 执行AGV分配局部搜索，当前完工时间: 1748.00
2025-04-08 16:05:01,993 - DEBUG - 局部搜索未能改进当前解
2025-04-08 16:05:01,997 - DEBUG - 执行AGV分配局部搜索，当前完工时间: 1698.00
2025-04-08 16:05:02,001 - DEBUG - 局部搜索未能改进当前解
2025-04-08 16:05:02,005 - DEBUG - 执行AGV分配局部搜索，当前完工时间: 1721.00
2025-04-08 16:05:02,009 - DEBUG - 局部搜索未能改进当前解
2025-04-08 16:05:02,012 - DEBUG - 执行AGV分配局部搜索，当前完工时间: 1800.00
2025-04-08 16:05:02,018 - DEBUG - 局部搜索未能改进当前解
2025-04-08 16:05:02,023 - DEBUG - 执行AGV分配局部搜索，当前完工时间: 1673.00
2025-04-08 16:05:02,027 - DEBUG - 局部搜索未能改进当前解
2025-04-08 16:05:02,030 - DEBUG - 执行AGV分配局部搜索，当前完工时间: 1682.00
2025-04-08 16:05:02,034 - DEBUG - 局部搜索未能改进当前解
2025-04-08 16:05:02,040 - DEBUG - 执行AGV分配局部搜索，当前完工时间: 1751.00
2025-04-08 16:05:02,044 - DEBUG - AGV分配局部搜索成功！完工时间从 1751.00 降低到 1739.00，改进: 12.00 (0.69%)
2025-04-08 16:05:02,049 - DEBUG - 执行AGV分配局部搜索，当前完工时间: 1738.00
2025-04-08 16:05:02,053 - DEBUG - AGV分配局部搜索成功！完工时间从 1738.00 降低到 1736.00，改进: 2.00 (0.12%)
2025-04-08 16:05:02,058 - DEBUG - 执行AGV分配局部搜索，当前完工时间: 1680.00
2025-04-08 16:05:02,063 - DEBUG - 局部搜索未能改进当前解
2025-04-08 16:05:02,067 - DEBUG - 执行AGV分配局部搜索，当前完工时间: 1697.00
2025-04-08 16:05:02,072 - DEBUG - 局部搜索未能改进当前解
2025-04-08 16:05:02,075 - DEBUG - 执行AGV分配局部搜索，当前完工时间: 1690.00
2025-04-08 16:05:02,079 - DEBUG - 局部搜索未能改进当前解
2025-04-08 16:05:02,085 - DEBUG - 执行AGV分配局部搜索，当前完工时间: 1702.00
2025-04-08 16:05:02,090 - DEBUG - 局部搜索未能改进当前解
2025-04-08 16:05:02,095 - DEBUG - 执行AGV分配局部搜索，当前完工时间: 1704.00
2025-04-08 16:05:02,101 - DEBUG - 局部搜索未能改进当前解
2025-04-08 16:05:02,105 - DEBUG - 执行AGV分配局部搜索，当前完工时间: 1803.00
2025-04-08 16:05:02,110 - DEBUG - AGV分配局部搜索成功！完工时间从 1803.00 降低到 1767.00，改进: 36.00 (2.00%)
2025-04-08 16:05:02,114 - DEBUG - 执行AGV分配局部搜索，当前完工时间: 1748.00
2025-04-08 16:05:02,118 - DEBUG - 局部搜索未能改进当前解
2025-04-08 16:05:02,123 - DEBUG - 执行AGV分配局部搜索，当前完工时间: 1717.00
2025-04-08 16:05:02,127 - DEBUG - 局部搜索未能改进当前解
2025-04-08 16:05:02,132 - DEBUG - 执行AGV分配局部搜索，当前完工时间: 1748.00
2025-04-08 16:05:02,136 - DEBUG - 局部搜索未能改进当前解
2025-04-08 16:05:02,140 - DEBUG - 执行AGV分配局部搜索，当前完工时间: 1692.00
2025-04-08 16:05:02,143 - DEBUG - 局部搜索未能改进当前解
2025-04-08 16:05:02,147 - DEBUG - 执行AGV分配局部搜索，当前完工时间: 1662.00
2025-04-08 16:05:02,151 - DEBUG - 局部搜索未能改进当前解
2025-04-08 16:05:02,155 - DEBUG - 执行AGV分配局部搜索，当前完工时间: 1670.00
2025-04-08 16:05:02,160 - DEBUG - 局部搜索未能改进当前解
2025-04-08 16:05:02,164 - DEBUG - 执行AGV分配局部搜索，当前完工时间: 1667.00
2025-04-08 16:05:02,168 - DEBUG - 局部搜索未能改进当前解
2025-04-08 16:05:02,172 - DEBUG - 执行AGV分配局部搜索，当前完工时间: 1765.00
2025-04-08 16:05:02,175 - DEBUG - 局部搜索未能改进当前解
2025-04-08 16:05:02,180 - DEBUG - 执行AGV分配局部搜索，当前完工时间: 1674.00
2025-04-08 16:05:02,184 - DEBUG - 局部搜索未能改进当前解
2025-04-08 16:05:02,188 - DEBUG - 执行AGV分配局部搜索，当前完工时间: 1664.00
2025-04-08 16:05:02,192 - DEBUG - 局部搜索未能改进当前解
2025-04-08 16:05:02,197 - DEBUG - 执行AGV分配局部搜索，当前完工时间: 1704.00
2025-04-08 16:05:02,200 - DEBUG - 局部搜索未能改进当前解
2025-04-08 16:05:02,205 - DEBUG - 执行AGV分配局部搜索，当前完工时间: 1695.00
2025-04-08 16:05:02,209 - DEBUG - 局部搜索未能改进当前解
2025-04-08 16:05:02,213 - DEBUG - 执行AGV分配局部搜索，当前完工时间: 1712.00
2025-04-08 16:05:02,216 - DEBUG - AGV分配局部搜索成功！完工时间从 1712.00 降低到 1706.00，改进: 6.00 (0.35%)
2025-04-08 16:05:02,220 - DEBUG - 执行AGV分配局部搜索，当前完工时间: 1827.00
2025-04-08 16:05:02,225 - DEBUG - 局部搜索未能改进当前解
2025-04-08 16:05:02,229 - DEBUG - 执行AGV分配局部搜索，当前完工时间: 1734.00
2025-04-08 16:05:02,232 - DEBUG - 局部搜索未能改进当前解
2025-04-08 16:05:02,236 - DEBUG - 执行AGV分配局部搜索，当前完工时间: 1677.00
2025-04-08 16:05:02,241 - DEBUG - AGV分配局部搜索成功！完工时间从 1677.00 降低到 1675.00，改进: 2.00 (0.12%)
2025-04-08 16:05:02,244 - DEBUG - 执行AGV分配局部搜索，当前完工时间: 1727.00
2025-04-08 16:05:02,248 - DEBUG - 局部搜索未能改进当前解
2025-04-08 16:05:02,252 - DEBUG - 执行AGV分配局部搜索，当前完工时间: 1767.00
2025-04-08 16:05:02,256 - DEBUG - 局部搜索未能改进当前解
2025-04-08 16:05:02,260 - DEBUG - 执行AGV分配局部搜索，当前完工时间: 1672.00
2025-04-08 16:05:02,264 - DEBUG - 局部搜索未能改进当前解
2025-04-08 16:05:02,268 - DEBUG - 执行AGV分配局部搜索，当前完工时间: 1779.00
2025-04-08 16:05:02,270 - DEBUG - 局部搜索未能改进当前解
2025-04-08 16:05:02,275 - DEBUG - 执行AGV分配局部搜索，当前完工时间: 1752.00
2025-04-08 16:05:02,278 - DEBUG - 局部搜索未能改进当前解
2025-04-08 16:05:02,282 - DEBUG - 执行AGV分配局部搜索，当前完工时间: 1732.00
2025-04-08 16:05:02,286 - DEBUG - 局部搜索未能改进当前解
2025-04-08 16:05:02,290 - DEBUG - 执行AGV分配局部搜索，当前完工时间: 1700.00
2025-04-08 16:05:02,293 - DEBUG - 局部搜索未能改进当前解
2025-04-08 16:05:02,295 - DEBUG - 执行AGV分配局部搜索，当前完工时间: 1781.00
2025-04-08 16:05:02,300 - DEBUG - 局部搜索未能改进当前解
2025-04-08 16:05:02,304 - DEBUG - 执行AGV分配局部搜索，当前完工时间: 1790.00
2025-04-08 16:05:02,307 - DEBUG - 局部搜索未能改进当前解
2025-04-08 16:05:02,312 - DEBUG - 执行AGV分配局部搜索，当前完工时间: 1701.00
2025-04-08 16:05:02,314 - DEBUG - 局部搜索未能改进当前解
2025-04-08 16:05:02,318 - DEBUG - 执行AGV分配局部搜索，当前完工时间: 1656.00
2025-04-08 16:05:02,322 - DEBUG - AGV分配局部搜索成功！完工时间从 1656.00 降低到 1655.00，改进: 1.00 (0.06%)
2025-04-08 16:05:02,325 - DEBUG - 执行AGV分配局部搜索，当前完工时间: 1711.00
2025-04-08 16:05:02,330 - DEBUG - AGV分配局部搜索成功！完工时间从 1711.00 降低到 1706.00，改进: 5.00 (0.29%)
2025-04-08 16:05:02,330 - DEBUG - ==================================================
2025-04-08 16:05:02,330 - DEBUG - Efficiency Statistics of Local Search :
2025-04-08 16:05:02,330 - DEBUG - Number of attempts: 99
2025-04-08 16:05:02,330 - DEBUG - Average Success Rate: 11.11%
2025-04-08 16:05:02,330 - DEBUG - AGV Local Search Success: 11，Average Improvement: 14.36
2025-04-08 16:05:02,334 - DEBUG - 执行AGV分配局部搜索，当前完工时间: 1768.00
2025-04-08 16:05:02,339 - DEBUG - 局部搜索未能改进当前解
2025-04-08 16:05:02,341 - DEBUG - 执行AGV分配局部搜索，当前完工时间: 1696.00
2025-04-08 16:05:02,345 - DEBUG - 局部搜索未能改进当前解
2025-04-08 16:05:02,350 - DEBUG - 执行AGV分配局部搜索，当前完工时间: 1732.00
2025-04-08 16:05:02,353 - DEBUG - 局部搜索未能改进当前解
2025-04-08 16:05:02,357 - DEBUG - 执行AGV分配局部搜索，当前完工时间: 1785.00
2025-04-08 16:05:02,361 - DEBUG - 局部搜索未能改进当前解
2025-04-08 16:05:02,366 - DEBUG - 执行AGV分配局部搜索，当前完工时间: 1825.00
2025-04-08 16:05:02,369 - DEBUG - 局部搜索未能改进当前解
2025-04-08 16:05:02,373 - DEBUG - 执行AGV分配局部搜索，当前完工时间: 1662.00
2025-04-08 16:05:02,377 - DEBUG - 局部搜索未能改进当前解
2025-04-08 16:05:02,381 - DEBUG - 执行AGV分配局部搜索，当前完工时间: 1675.00
2025-04-08 16:05:02,383 - DEBUG - 局部搜索未能改进当前解
2025-04-08 16:05:02,387 - DEBUG - 执行AGV分配局部搜索，当前完工时间: 1662.00
2025-04-08 16:05:02,391 - DEBUG - 局部搜索未能改进当前解
2025-04-08 16:05:02,395 - DEBUG - 执行AGV分配局部搜索，当前完工时间: 1670.00
2025-04-08 16:05:02,399 - DEBUG - 局部搜索未能改进当前解
2025-04-08 16:05:02,402 - DEBUG - 执行AGV分配局部搜索，当前完工时间: 1731.00
2025-04-08 16:05:02,406 - DEBUG - 局部搜索未能改进当前解
2025-04-08 16:05:02,410 - DEBUG - 执行AGV分配局部搜索，当前完工时间: 1686.00
2025-04-08 16:05:02,413 - DEBUG - 局部搜索未能改进当前解
2025-04-08 16:05:02,416 - DEBUG - 执行AGV分配局部搜索，当前完工时间: 1687.00
2025-04-08 16:05:02,421 - DEBUG - 局部搜索未能改进当前解
2025-04-08 16:05:02,425 - DEBUG - 执行AGV分配局部搜索，当前完工时间: 1764.00
2025-04-08 16:05:02,429 - DEBUG - 局部搜索未能改进当前解
2025-04-08 16:05:02,432 - DEBUG - 执行AGV分配局部搜索，当前完工时间: 1662.00
2025-04-08 16:05:02,435 - DEBUG - 局部搜索未能改进当前解
2025-04-08 16:05:02,440 - DEBUG - 执行AGV分配局部搜索，当前完工时间: 1686.00
2025-04-08 16:05:02,444 - DEBUG - 局部搜索未能改进当前解
2025-04-08 16:05:02,447 - DEBUG - 执行AGV分配局部搜索，当前完工时间: 1707.00
2025-04-08 16:05:02,450 - DEBUG - 局部搜索未能改进当前解
2025-04-08 16:05:02,454 - DEBUG - 执行AGV分配局部搜索，当前完工时间: 1683.00
2025-04-08 16:05:02,458 - DEBUG - 局部搜索未能改进当前解
2025-04-08 16:05:02,462 - DEBUG - 执行AGV分配局部搜索，当前完工时间: 1683.00
2025-04-08 16:05:02,465 - DEBUG - 局部搜索未能改进当前解
2025-04-08 16:05:02,469 - DEBUG - 执行AGV分配局部搜索，当前完工时间: 1665.00
2025-04-08 16:05:02,473 - DEBUG - 局部搜索未能改进当前解
2025-04-08 16:05:02,476 - DEBUG - 执行AGV分配局部搜索，当前完工时间: 1759.00
2025-04-08 16:05:02,479 - DEBUG - AGV分配局部搜索成功！完工时间从 1759.00 降低到 1748.00，改进: 11.00 (0.63%)
2025-04-08 16:05:02,483 - DEBUG - 执行AGV分配局部搜索，当前完工时间: 1721.00
2025-04-08 16:05:02,487 - DEBUG - 局部搜索未能改进当前解
2025-04-08 16:05:02,492 - DEBUG - 执行AGV分配局部搜索，当前完工时间: 1741.00
2025-04-08 16:05:02,495 - DEBUG - 局部搜索未能改进当前解
2025-04-08 16:05:02,499 - DEBUG - 执行AGV分配局部搜索，当前完工时间: 1701.00
2025-04-08 16:05:02,503 - DEBUG - 局部搜索未能改进当前解
2025-04-08 16:05:02,506 - DEBUG - 执行AGV分配局部搜索，当前完工时间: 1677.00
2025-04-08 16:05:02,510 - DEBUG - 局部搜索未能改进当前解
2025-04-08 16:05:02,513 - DEBUG - 执行AGV分配局部搜索，当前完工时间: 1753.00
2025-04-08 16:05:02,518 - DEBUG - 局部搜索未能改进当前解
2025-04-08 16:05:02,520 - DEBUG - 执行AGV分配局部搜索，当前完工时间: 1697.00
2025-04-08 16:05:02,524 - DEBUG - 局部搜索未能改进当前解
2025-04-08 16:05:02,528 - DEBUG - 执行AGV分配局部搜索，当前完工时间: 1716.00
2025-04-08 16:05:02,531 - DEBUG - AGV分配局部搜索成功！完工时间从 1716.00 降低到 1713.00，改进: 3.00 (0.17%)
2025-04-08 16:05:02,535 - DEBUG - 执行AGV分配局部搜索，当前完工时间: 1794.00
2025-04-08 16:05:02,539 - DEBUG - 局部搜索未能改进当前解
2025-04-08 16:05:02,543 - DEBUG - 执行AGV分配局部搜索，当前完工时间: 1698.00
2025-04-08 16:05:02,547 - DEBUG - 局部搜索未能改进当前解
2025-04-08 16:05:02,551 - DEBUG - 执行AGV分配局部搜索，当前完工时间: 1818.00
2025-04-08 16:05:02,555 - DEBUG - 局部搜索未能改进当前解
2025-04-08 16:05:02,559 - DEBUG - 执行AGV分配局部搜索，当前完工时间: 1723.00
2025-04-08 16:05:02,562 - DEBUG - 局部搜索未能改进当前解
2025-04-08 16:05:02,566 - DEBUG - 执行AGV分配局部搜索，当前完工时间: 1722.00
2025-04-08 16:05:02,570 - DEBUG - 局部搜索未能改进当前解
2025-04-08 16:05:02,573 - DEBUG - 执行AGV分配局部搜索，当前完工时间: 1720.00
2025-04-08 16:05:02,577 - DEBUG - 局部搜索未能改进当前解
2025-04-08 16:05:02,581 - DEBUG - 执行AGV分配局部搜索，当前完工时间: 1776.00
2025-04-08 16:05:02,585 - DEBUG - 局部搜索未能改进当前解
2025-04-08 16:05:02,589 - DEBUG - 执行AGV分配局部搜索，当前完工时间: 1723.00
2025-04-08 16:05:02,593 - DEBUG - 局部搜索未能改进当前解
2025-04-08 16:05:02,596 - DEBUG - 执行AGV分配局部搜索，当前完工时间: 1706.00
2025-04-08 16:05:02,601 - DEBUG - 局部搜索未能改进当前解
2025-04-08 16:05:02,604 - DEBUG - 执行AGV分配局部搜索，当前完工时间: 1667.00
2025-04-08 16:05:02,607 - DEBUG - 局部搜索未能改进当前解
2025-04-08 16:05:02,612 - DEBUG - 执行AGV分配局部搜索，当前完工时间: 1674.00
2025-04-08 16:05:02,616 - DEBUG - 局部搜索未能改进当前解
2025-04-08 16:05:02,619 - DEBUG - 执行AGV分配局部搜索，当前完工时间: 1673.00
2025-04-08 16:05:02,622 - DEBUG - AGV分配局部搜索成功！完工时间从 1673.00 降低到 1667.00，改进: 6.00 (0.36%)
2025-04-08 16:05:02,625 - DEBUG - 执行AGV分配局部搜索，当前完工时间: 1690.00
2025-04-08 16:05:02,630 - DEBUG - 局部搜索未能改进当前解
2025-04-08 16:05:02,634 - DEBUG - 执行AGV分配局部搜索，当前完工时间: 1836.00
2025-04-08 16:05:02,637 - DEBUG - AGV分配局部搜索成功！完工时间从 1836.00 降低到 1820.00，改进: 16.00 (0.87%)
2025-04-08 16:05:02,641 - DEBUG - 执行AGV分配局部搜索，当前完工时间: 1640.00
2025-04-08 16:05:02,645 - DEBUG - 局部搜索未能改进当前解
2025-04-08 16:05:02,647 - DEBUG - 执行AGV分配局部搜索，当前完工时间: 1730.00
2025-04-08 16:05:02,652 - DEBUG - 局部搜索未能改进当前解
2025-04-08 16:05:02,655 - DEBUG - 执行AGV分配局部搜索，当前完工时间: 1667.00
2025-04-08 16:05:02,660 - DEBUG - 局部搜索未能改进当前解
2025-04-08 16:05:02,664 - DEBUG - 执行AGV分配局部搜索，当前完工时间: 1748.00
2025-04-08 16:05:02,666 - DEBUG - 局部搜索未能改进当前解
2025-04-08 16:05:02,671 - DEBUG - 执行AGV分配局部搜索，当前完工时间: 1663.00
2025-04-08 16:05:02,674 - DEBUG - 局部搜索未能改进当前解
2025-04-08 16:05:02,679 - DEBUG - 执行AGV分配局部搜索，当前完工时间: 1773.00
2025-04-08 16:05:02,682 - DEBUG - 局部搜索未能改进当前解
2025-04-08 16:05:02,685 - DEBUG - 执行AGV分配局部搜索，当前完工时间: 1708.00
2025-04-08 16:05:02,689 - DEBUG - 局部搜索未能改进当前解
2025-04-08 16:05:02,693 - DEBUG - 执行AGV分配局部搜索，当前完工时间: 1743.00
2025-04-08 16:05:02,697 - DEBUG - 局部搜索未能改进当前解
2025-04-08 16:05:02,701 - DEBUG - 执行AGV分配局部搜索，当前完工时间: 1662.00
2025-04-08 16:05:02,704 - DEBUG - 局部搜索未能改进当前解
2025-04-08 16:05:02,708 - DEBUG - 执行AGV分配局部搜索，当前完工时间: 1701.00
2025-04-08 16:05:02,712 - DEBUG - 局部搜索未能改进当前解
2025-04-08 16:05:02,716 - DEBUG - 执行AGV分配局部搜索，当前完工时间: 1677.00
2025-04-08 16:05:02,719 - DEBUG - 局部搜索未能改进当前解
2025-04-08 16:05:02,723 - DEBUG - 执行AGV分配局部搜索，当前完工时间: 1705.00
2025-04-08 16:05:02,726 - DEBUG - 局部搜索未能改进当前解
2025-04-08 16:05:02,730 - DEBUG - 执行AGV分配局部搜索，当前完工时间: 1706.00
2025-04-08 16:05:02,734 - DEBUG - 局部搜索未能改进当前解
2025-04-08 16:05:02,738 - DEBUG - 执行AGV分配局部搜索，当前完工时间: 1701.00
2025-04-08 16:05:02,742 - DEBUG - 局部搜索未能改进当前解
2025-04-08 16:05:02,746 - DEBUG - 执行AGV分配局部搜索，当前完工时间: 1654.00
2025-04-08 16:05:02,750 - DEBUG - 局部搜索未能改进当前解
2025-04-08 16:05:02,754 - DEBUG - 执行AGV分配局部搜索，当前完工时间: 1776.00
2025-04-08 16:05:02,758 - DEBUG - 局部搜索未能改进当前解
2025-04-08 16:05:02,762 - DEBUG - 执行AGV分配局部搜索，当前完工时间: 1791.00
2025-04-08 16:05:02,766 - DEBUG - 局部搜索未能改进当前解
2025-04-08 16:05:02,770 - DEBUG - 执行AGV分配局部搜索，当前完工时间: 1745.00
2025-04-08 16:05:02,773 - DEBUG - 局部搜索未能改进当前解
2025-04-08 16:05:02,778 - DEBUG - 执行AGV分配局部搜索，当前完工时间: 1647.00
2025-04-08 16:05:02,781 - DEBUG - 局部搜索未能改进当前解
2025-04-08 16:05:02,786 - DEBUG - 执行AGV分配局部搜索，当前完工时间: 1625.00
2025-04-08 16:05:02,789 - DEBUG - 局部搜索未能改进当前解
2025-04-08 16:05:02,793 - DEBUG - 执行AGV分配局部搜索，当前完工时间: 1695.00
2025-04-08 16:05:02,796 - DEBUG - AGV分配局部搜索成功！完工时间从 1695.00 降低到 1694.00，改进: 1.00 (0.06%)
2025-04-08 16:05:02,800 - DEBUG - 执行AGV分配局部搜索，当前完工时间: 1711.00
2025-04-08 16:05:02,804 - DEBUG - 局部搜索未能改进当前解
2025-04-08 16:05:02,808 - DEBUG - 执行AGV分配局部搜索，当前完工时间: 1758.00
2025-04-08 16:05:02,812 - DEBUG - 局部搜索未能改进当前解
2025-04-08 16:05:02,816 - DEBUG - 执行AGV分配局部搜索，当前完工时间: 1763.00
2025-04-08 16:05:02,820 - DEBUG - AGV分配局部搜索成功！完工时间从 1763.00 降低到 1749.00，改进: 14.00 (0.79%)
2025-04-08 16:05:02,823 - DEBUG - 执行AGV分配局部搜索，当前完工时间: 1742.00
2025-04-08 16:05:02,828 - DEBUG - 局部搜索未能改进当前解
2025-04-08 16:05:02,832 - DEBUG - 执行AGV分配局部搜索，当前完工时间: 1721.00
2025-04-08 16:05:02,836 - DEBUG - AGV分配局部搜索成功！完工时间从 1721.00 降低到 1708.00，改进: 13.00 (0.76%)
2025-04-08 16:05:02,840 - DEBUG - 执行AGV分配局部搜索，当前完工时间: 1718.00
2025-04-08 16:05:02,844 - DEBUG - 局部搜索未能改进当前解
2025-04-08 16:05:02,848 - DEBUG - 执行AGV分配局部搜索，当前完工时间: 1685.00
2025-04-08 16:05:02,852 - DEBUG - 局部搜索未能改进当前解
2025-04-08 16:05:02,855 - DEBUG - 执行AGV分配局部搜索，当前完工时间: 1683.00
2025-04-08 16:05:02,859 - DEBUG - AGV分配局部搜索成功！完工时间从 1683.00 降低到 1673.00，改进: 10.00 (0.59%)
2025-04-08 16:05:02,863 - DEBUG - 执行AGV分配局部搜索，当前完工时间: 1669.00
2025-04-08 16:05:02,866 - DEBUG - 局部搜索未能改进当前解
2025-04-08 16:05:02,870 - DEBUG - 执行AGV分配局部搜索，当前完工时间: 1647.00
2025-04-08 16:05:02,874 - DEBUG - 局部搜索未能改进当前解
2025-04-08 16:05:02,878 - DEBUG - 执行AGV分配局部搜索，当前完工时间: 1729.00
2025-04-08 16:05:02,882 - DEBUG - 局部搜索未能改进当前解
2025-04-08 16:05:02,886 - DEBUG - 执行AGV分配局部搜索，当前完工时间: 1768.00
2025-04-08 16:05:02,889 - DEBUG - 局部搜索未能改进当前解
2025-04-08 16:05:02,895 - DEBUG - 执行AGV分配局部搜索，当前完工时间: 1693.00
2025-04-08 16:05:02,899 - DEBUG - 局部搜索未能改进当前解
2025-04-08 16:05:02,903 - DEBUG - 执行AGV分配局部搜索，当前完工时间: 1735.00
2025-04-08 16:05:02,907 - DEBUG - 局部搜索未能改进当前解
2025-04-08 16:05:02,910 - DEBUG - 执行AGV分配局部搜索，当前完工时间: 1649.00
2025-04-08 16:05:02,914 - DEBUG - 局部搜索未能改进当前解
2025-04-08 16:05:02,919 - DEBUG - 执行AGV分配局部搜索，当前完工时间: 1709.00
2025-04-08 16:05:02,921 - DEBUG - 局部搜索未能改进当前解
2025-04-08 16:05:02,925 - DEBUG - 执行AGV分配局部搜索，当前完工时间: 1692.00
2025-04-08 16:05:02,930 - DEBUG - 局部搜索未能改进当前解
2025-04-08 16:05:02,933 - DEBUG - 执行AGV分配局部搜索，当前完工时间: 1729.00
2025-04-08 16:05:02,937 - DEBUG - 局部搜索未能改进当前解
2025-04-08 16:05:02,940 - DEBUG - 执行AGV分配局部搜索，当前完工时间: 1647.00
2025-04-08 16:05:02,944 - DEBUG - 局部搜索未能改进当前解
2025-04-08 16:05:02,947 - DEBUG - 执行AGV分配局部搜索，当前完工时间: 1786.00
2025-04-08 16:05:02,950 - DEBUG - AGV分配局部搜索成功！完工时间从 1786.00 降低到 1749.00，改进: 37.00 (2.07%)
2025-04-08 16:05:02,955 - DEBUG - 执行AGV分配局部搜索，当前完工时间: 1787.00
2025-04-08 16:05:02,958 - DEBUG - 局部搜索未能改进当前解
2025-04-08 16:05:02,962 - DEBUG - 执行AGV分配局部搜索，当前完工时间: 1716.00
2025-04-08 16:05:02,966 - DEBUG - 局部搜索未能改进当前解
2025-04-08 16:05:02,969 - DEBUG - 执行AGV分配局部搜索，当前完工时间: 1656.00
2025-04-08 16:05:02,973 - DEBUG - 局部搜索未能改进当前解
2025-04-08 16:05:02,977 - DEBUG - 执行AGV分配局部搜索，当前完工时间: 1731.00
2025-04-08 16:05:02,981 - DEBUG - 局部搜索未能改进当前解
2025-04-08 16:05:02,985 - DEBUG - 执行AGV分配局部搜索，当前完工时间: 1695.00
2025-04-08 16:05:02,988 - DEBUG - 局部搜索未能改进当前解
2025-04-08 16:05:02,991 - DEBUG - 执行AGV分配局部搜索，当前完工时间: 1690.00
2025-04-08 16:05:02,996 - DEBUG - 局部搜索未能改进当前解
2025-04-08 16:05:02,999 - DEBUG - 执行AGV分配局部搜索，当前完工时间: 1691.00
2025-04-08 16:05:03,003 - DEBUG - 局部搜索未能改进当前解
2025-04-08 16:05:03,007 - DEBUG - 执行AGV分配局部搜索，当前完工时间: 1826.00
2025-04-08 16:05:03,010 - DEBUG - 局部搜索未能改进当前解
2025-04-08 16:05:03,014 - DEBUG - 执行AGV分配局部搜索，当前完工时间: 1664.00
2025-04-08 16:05:03,017 - DEBUG - 局部搜索未能改进当前解
2025-04-08 16:05:03,021 - DEBUG - 执行AGV分配局部搜索，当前完工时间: 1725.00
2025-04-08 16:05:03,025 - DEBUG - 局部搜索未能改进当前解
2025-04-08 16:05:03,029 - DEBUG - 执行AGV分配局部搜索，当前完工时间: 1758.00
2025-04-08 16:05:03,032 - DEBUG - 局部搜索未能改进当前解
2025-04-08 16:05:03,036 - DEBUG - 执行AGV分配局部搜索，当前完工时间: 1755.00
2025-04-08 16:05:03,040 - DEBUG - 局部搜索未能改进当前解
2025-04-08 16:05:03,044 - DEBUG - 执行AGV分配局部搜索，当前完工时间: 1694.00
2025-04-08 16:05:03,049 - DEBUG - 局部搜索未能改进当前解
2025-04-08 16:05:03,052 - DEBUG - 执行AGV分配局部搜索，当前完工时间: 1779.00
2025-04-08 16:05:03,056 - DEBUG - 局部搜索未能改进当前解
2025-04-08 16:05:03,060 - DEBUG - 执行AGV分配局部搜索，当前完工时间: 1723.00
2025-04-08 16:05:03,064 - DEBUG - 局部搜索未能改进当前解
2025-04-08 16:05:03,068 - DEBUG - 执行AGV分配局部搜索，当前完工时间: 1706.00
2025-04-08 16:05:03,071 - DEBUG - 局部搜索未能改进当前解
2025-04-08 16:05:03,075 - DEBUG - 执行AGV分配局部搜索，当前完工时间: 1791.00
2025-04-08 16:05:03,080 - DEBUG - 局部搜索未能改进当前解
2025-04-08 16:05:03,080 - DEBUG - ==================================================
2025-04-08 16:05:03,080 - DEBUG - Efficiency Statistics of Local Search :
2025-04-08 16:05:03,080 - DEBUG - Number of attempts: 99
2025-04-08 16:05:03,080 - DEBUG - Average Success Rate: 9.09%
2025-04-08 16:05:03,080 - DEBUG - AGV Local Search Success: 9，Average Improvement: 12.33
2025-04-08 16:05:03,084 - DEBUG - 执行AGV分配局部搜索，当前完工时间: 1696.00
2025-04-08 16:05:03,089 - DEBUG - 局部搜索未能改进当前解
2025-04-08 16:05:03,093 - DEBUG - 执行AGV分配局部搜索，当前完工时间: 1807.00
2025-04-08 16:05:03,097 - DEBUG - 局部搜索未能改进当前解
2025-04-08 16:05:03,100 - DEBUG - 执行AGV分配局部搜索，当前完工时间: 1717.00
2025-04-08 16:05:03,104 - DEBUG - 局部搜索未能改进当前解
2025-04-08 16:05:03,108 - DEBUG - 执行AGV分配局部搜索，当前完工时间: 1694.00
2025-04-08 16:05:03,112 - DEBUG - 局部搜索未能改进当前解
2025-04-08 16:05:03,116 - DEBUG - 执行AGV分配局部搜索，当前完工时间: 1799.00
2025-04-08 16:05:03,119 - DEBUG - 局部搜索未能改进当前解
2025-04-08 16:05:03,124 - DEBUG - 执行AGV分配局部搜索，当前完工时间: 1941.00
2025-04-08 16:05:03,127 - DEBUG - 局部搜索未能改进当前解
2025-04-08 16:05:03,130 - DEBUG - 执行AGV分配局部搜索，当前完工时间: 1729.00
2025-04-08 16:05:03,134 - DEBUG - 局部搜索未能改进当前解
2025-04-08 16:05:03,138 - DEBUG - 执行AGV分配局部搜索，当前完工时间: 1779.00
2025-04-08 16:05:03,142 - DEBUG - 局部搜索未能改进当前解
2025-04-08 16:05:03,145 - DEBUG - 执行AGV分配局部搜索，当前完工时间: 1718.00
2025-04-08 16:05:03,149 - DEBUG - 局部搜索未能改进当前解
2025-04-08 16:05:03,152 - DEBUG - 执行AGV分配局部搜索，当前完工时间: 1660.00
2025-04-08 16:05:03,156 - DEBUG - 局部搜索未能改进当前解
2025-04-08 16:05:03,160 - DEBUG - 执行AGV分配局部搜索，当前完工时间: 1732.00
2025-04-08 16:05:03,163 - DEBUG - 局部搜索未能改进当前解
2025-04-08 16:05:03,168 - DEBUG - 执行AGV分配局部搜索，当前完工时间: 1665.00
2025-04-08 16:05:03,170 - DEBUG - 局部搜索未能改进当前解
2025-04-08 16:05:03,175 - DEBUG - 执行AGV分配局部搜索，当前完工时间: 1723.00
2025-04-08 16:05:03,179 - DEBUG - 局部搜索未能改进当前解
2025-04-08 16:05:03,183 - DEBUG - 执行AGV分配局部搜索，当前完工时间: 1705.00
2025-04-08 16:05:03,186 - DEBUG - 局部搜索未能改进当前解
2025-04-08 16:05:03,191 - DEBUG - 执行AGV分配局部搜索，当前完工时间: 1663.00
2025-04-08 16:05:03,194 - DEBUG - 局部搜索未能改进当前解
2025-04-08 16:05:03,197 - DEBUG - 执行AGV分配局部搜索，当前完工时间: 1743.00
2025-04-08 16:05:03,201 - DEBUG - AGV分配局部搜索成功！完工时间从 1743.00 降低到 1683.00，改进: 60.00 (3.44%)
2025-04-08 16:05:03,205 - DEBUG - 执行AGV分配局部搜索，当前完工时间: 1755.00
2025-04-08 16:05:03,209 - DEBUG - 局部搜索未能改进当前解
2025-04-08 16:05:03,212 - DEBUG - 执行AGV分配局部搜索，当前完工时间: 1732.00
2025-04-08 16:05:03,216 - DEBUG - 局部搜索未能改进当前解
2025-04-08 16:05:03,220 - DEBUG - 执行AGV分配局部搜索，当前完工时间: 1787.00
2025-04-08 16:05:03,223 - DEBUG - 局部搜索未能改进当前解
2025-04-08 16:05:03,227 - DEBUG - 执行AGV分配局部搜索，当前完工时间: 1913.00
2025-04-08 16:05:03,230 - DEBUG - 局部搜索未能改进当前解
2025-04-08 16:05:03,235 - DEBUG - 执行AGV分配局部搜索，当前完工时间: 1668.00
2025-04-08 16:05:03,238 - DEBUG - 局部搜索未能改进当前解
2025-04-08 16:05:03,242 - DEBUG - 执行AGV分配局部搜索，当前完工时间: 1748.00
2025-04-08 16:05:03,246 - DEBUG - 局部搜索未能改进当前解
2025-04-08 16:05:03,249 - DEBUG - 执行AGV分配局部搜索，当前完工时间: 1722.00
2025-04-08 16:05:03,252 - DEBUG - 局部搜索未能改进当前解
2025-04-08 16:05:03,256 - DEBUG - 执行AGV分配局部搜索，当前完工时间: 1680.00
2025-04-08 16:05:03,260 - DEBUG - 局部搜索未能改进当前解
2025-04-08 16:05:03,264 - DEBUG - 执行AGV分配局部搜索，当前完工时间: 1735.00
2025-04-08 16:05:03,268 - DEBUG - 局部搜索未能改进当前解
2025-04-08 16:05:03,271 - DEBUG - 执行AGV分配局部搜索，当前完工时间: 1663.00
2025-04-08 16:05:03,275 - DEBUG - 局部搜索未能改进当前解
2025-04-08 16:05:03,278 - DEBUG - 执行AGV分配局部搜索，当前完工时间: 1657.00
2025-04-08 16:05:03,281 - DEBUG - 局部搜索未能改进当前解
2025-04-08 16:05:03,285 - DEBUG - 执行AGV分配局部搜索，当前完工时间: 1722.00
2025-04-08 16:05:03,289 - DEBUG - 局部搜索未能改进当前解
2025-04-08 16:05:03,292 - DEBUG - 执行AGV分配局部搜索，当前完工时间: 1683.00
2025-04-08 16:05:03,296 - DEBUG - 局部搜索未能改进当前解
2025-04-08 16:05:03,300 - DEBUG - 执行AGV分配局部搜索，当前完工时间: 1656.00
2025-04-08 16:05:03,303 - DEBUG - 局部搜索未能改进当前解
2025-04-08 16:05:03,306 - DEBUG - 执行AGV分配局部搜索，当前完工时间: 1691.00
2025-04-08 16:05:03,310 - DEBUG - AGV分配局部搜索成功！完工时间从 1691.00 降低到 1659.00，改进: 32.00 (1.89%)
2025-04-08 16:05:03,314 - DEBUG - 执行AGV分配局部搜索，当前完工时间: 1759.00
2025-04-08 16:05:03,316 - DEBUG - 局部搜索未能改进当前解
2025-04-08 16:05:03,321 - DEBUG - 执行AGV分配局部搜索，当前完工时间: 1695.00
2025-04-08 16:05:03,325 - DEBUG - 局部搜索未能改进当前解
2025-04-08 16:05:03,329 - DEBUG - 执行AGV分配局部搜索，当前完工时间: 1663.00
2025-04-08 16:05:03,332 - DEBUG - 局部搜索未能改进当前解
2025-04-08 16:05:03,336 - DEBUG - 执行AGV分配局部搜索，当前完工时间: 1743.00
2025-04-08 16:05:03,339 - DEBUG - AGV分配局部搜索成功！完工时间从 1743.00 降低到 1711.00，改进: 32.00 (1.84%)
2025-04-08 16:05:03,344 - DEBUG - 执行AGV分配局部搜索，当前完工时间: 1640.00
2025-04-08 16:05:03,347 - DEBUG - 局部搜索未能改进当前解
2025-04-08 16:05:03,351 - DEBUG - 执行AGV分配局部搜索，当前完工时间: 1757.00
2025-04-08 16:05:03,354 - DEBUG - 局部搜索未能改进当前解
2025-04-08 16:05:03,359 - DEBUG - 执行AGV分配局部搜索，当前完工时间: 1681.00
2025-04-08 16:05:03,362 - DEBUG - 局部搜索未能改进当前解
2025-04-08 16:05:03,366 - DEBUG - 执行AGV分配局部搜索，当前完工时间: 1742.00
2025-04-08 16:05:03,371 - DEBUG - 局部搜索未能改进当前解
2025-04-08 16:05:03,375 - DEBUG - 执行AGV分配局部搜索，当前完工时间: 1735.00
2025-04-08 16:05:03,378 - DEBUG - 局部搜索未能改进当前解
2025-04-08 16:05:03,383 - DEBUG - 执行AGV分配局部搜索，当前完工时间: 1706.00
2025-04-08 16:05:03,387 - DEBUG - AGV分配局部搜索成功！完工时间从 1706.00 降低到 1700.00，改进: 6.00 (0.35%)
2025-04-08 16:05:03,392 - DEBUG - 执行AGV分配局部搜索，当前完工时间: 1689.00
2025-04-08 16:05:03,396 - DEBUG - 局部搜索未能改进当前解
2025-04-08 16:05:03,399 - DEBUG - 执行AGV分配局部搜索，当前完工时间: 1711.00
2025-04-08 16:05:03,403 - DEBUG - 局部搜索未能改进当前解
2025-04-08 16:05:03,407 - DEBUG - 执行AGV分配局部搜索，当前完工时间: 1804.00
2025-04-08 16:05:03,410 - DEBUG - 局部搜索未能改进当前解
2025-04-08 16:05:03,414 - DEBUG - 执行AGV分配局部搜索，当前完工时间: 1687.00
2025-04-08 16:05:03,418 - DEBUG - 局部搜索未能改进当前解
2025-04-08 16:05:03,422 - DEBUG - 执行AGV分配局部搜索，当前完工时间: 1764.00
2025-04-08 16:05:03,426 - DEBUG - 局部搜索未能改进当前解
2025-04-08 16:05:03,429 - DEBUG - 执行AGV分配局部搜索，当前完工时间: 1744.00
2025-04-08 16:05:03,433 - DEBUG - 局部搜索未能改进当前解
2025-04-08 16:05:03,437 - DEBUG - 执行AGV分配局部搜索，当前完工时间: 1686.00
2025-04-08 16:05:03,441 - DEBUG - 局部搜索未能改进当前解
2025-04-08 16:05:03,444 - DEBUG - 执行AGV分配局部搜索，当前完工时间: 1697.00
2025-04-08 16:05:03,447 - DEBUG - 局部搜索未能改进当前解
2025-04-08 16:05:03,451 - DEBUG - 执行AGV分配局部搜索，当前完工时间: 1637.00
2025-04-08 16:05:03,455 - DEBUG - 局部搜索未能改进当前解
2025-04-08 16:05:03,459 - DEBUG - 执行AGV分配局部搜索，当前完工时间: 1691.00
2025-04-08 16:05:03,463 - DEBUG - 局部搜索未能改进当前解
2025-04-08 16:05:03,466 - DEBUG - 执行AGV分配局部搜索，当前完工时间: 1706.00
2025-04-08 16:05:03,470 - DEBUG - 局部搜索未能改进当前解
2025-04-08 16:05:03,474 - DEBUG - 执行AGV分配局部搜索，当前完工时间: 1830.00
2025-04-08 16:05:03,478 - DEBUG - 局部搜索未能改进当前解
2025-04-08 16:05:03,482 - DEBUG - 执行AGV分配局部搜索，当前完工时间: 1752.00
2025-04-08 16:05:03,486 - DEBUG - 局部搜索未能改进当前解
2025-04-08 16:05:03,489 - DEBUG - 执行AGV分配局部搜索，当前完工时间: 1700.00
2025-04-08 16:05:03,493 - DEBUG - 局部搜索未能改进当前解
2025-04-08 16:05:03,496 - DEBUG - 执行AGV分配局部搜索，当前完工时间: 1757.00
2025-04-08 16:05:03,504 - DEBUG - AGV分配局部搜索成功！完工时间从 1757.00 降低到 1750.00，改进: 7.00 (0.40%)
2025-04-08 16:05:03,507 - DEBUG - 执行AGV分配局部搜索，当前完工时间: 1706.00
2025-04-08 16:05:03,510 - DEBUG - 局部搜索未能改进当前解
2025-04-08 16:05:03,514 - DEBUG - 执行AGV分配局部搜索，当前完工时间: 1729.00
2025-04-08 16:05:03,518 - DEBUG - 局部搜索未能改进当前解
2025-04-08 16:05:03,522 - DEBUG - 执行AGV分配局部搜索，当前完工时间: 1668.00
2025-04-08 16:05:03,525 - DEBUG - 局部搜索未能改进当前解
2025-04-08 16:05:03,529 - DEBUG - 执行AGV分配局部搜索，当前完工时间: 1665.00
2025-04-08 16:05:03,532 - DEBUG - 局部搜索未能改进当前解
2025-04-08 16:05:03,536 - DEBUG - 执行AGV分配局部搜索，当前完工时间: 1815.00
2025-04-08 16:05:03,540 - DEBUG - 局部搜索未能改进当前解
2025-04-08 16:05:03,544 - DEBUG - 执行AGV分配局部搜索，当前完工时间: 1831.00
2025-04-08 16:05:03,547 - DEBUG - 局部搜索未能改进当前解
2025-04-08 16:05:03,551 - DEBUG - 执行AGV分配局部搜索，当前完工时间: 1729.00
2025-04-08 16:05:03,555 - DEBUG - 局部搜索未能改进当前解
2025-04-08 16:05:03,559 - DEBUG - 执行AGV分配局部搜索，当前完工时间: 1817.00
2025-04-08 16:05:03,562 - DEBUG - AGV分配局部搜索成功！完工时间从 1817.00 降低到 1734.00，改进: 83.00 (4.57%)
2025-04-08 16:05:03,567 - DEBUG - 执行AGV分配局部搜索，当前完工时间: 1714.00
2025-04-08 16:05:03,571 - DEBUG - 局部搜索未能改进当前解
2025-04-08 16:05:03,575 - DEBUG - 执行AGV分配局部搜索，当前完工时间: 1695.00
2025-04-08 16:05:03,579 - DEBUG - 局部搜索未能改进当前解
2025-04-08 16:05:03,583 - DEBUG - 执行AGV分配局部搜索，当前完工时间: 1679.00
2025-04-08 16:05:03,587 - DEBUG - 局部搜索未能改进当前解
2025-04-08 16:05:03,590 - DEBUG - 执行AGV分配局部搜索，当前完工时间: 1700.00
2025-04-08 16:05:03,594 - DEBUG - 局部搜索未能改进当前解
2025-04-08 16:05:03,597 - DEBUG - 执行AGV分配局部搜索，当前完工时间: 1690.00
2025-04-08 16:05:03,601 - DEBUG - 局部搜索未能改进当前解
2025-04-08 16:05:03,605 - DEBUG - 执行AGV分配局部搜索，当前完工时间: 1779.00
2025-04-08 16:05:03,608 - DEBUG - 局部搜索未能改进当前解
2025-04-08 16:05:03,612 - DEBUG - 执行AGV分配局部搜索，当前完工时间: 1826.00
2025-04-08 16:05:03,616 - DEBUG - 局部搜索未能改进当前解
2025-04-08 16:05:03,620 - DEBUG - 执行AGV分配局部搜索，当前完工时间: 1693.00
2025-04-08 16:05:03,623 - DEBUG - 局部搜索未能改进当前解
2025-04-08 16:05:03,629 - DEBUG - 执行AGV分配局部搜索，当前完工时间: 1705.00
2025-04-08 16:05:03,632 - DEBUG - 局部搜索未能改进当前解
2025-04-08 16:05:03,635 - DEBUG - 执行AGV分配局部搜索，当前完工时间: 1780.00
2025-04-08 16:05:03,640 - DEBUG - AGV分配局部搜索成功！完工时间从 1780.00 降低到 1742.00，改进: 38.00 (2.13%)
2025-04-08 16:05:03,643 - DEBUG - 执行AGV分配局部搜索，当前完工时间: 1761.00
2025-04-08 16:05:03,647 - DEBUG - 局部搜索未能改进当前解
2025-04-08 16:05:03,651 - DEBUG - 执行AGV分配局部搜索，当前完工时间: 1743.00
2025-04-08 16:05:03,654 - DEBUG - 局部搜索未能改进当前解
2025-04-08 16:05:03,658 - DEBUG - 执行AGV分配局部搜索，当前完工时间: 1727.00
2025-04-08 16:05:03,662 - DEBUG - 局部搜索未能改进当前解
2025-04-08 16:05:03,665 - DEBUG - 执行AGV分配局部搜索，当前完工时间: 1708.00
2025-04-08 16:05:03,669 - DEBUG - 局部搜索未能改进当前解
2025-04-08 16:05:03,673 - DEBUG - 执行AGV分配局部搜索，当前完工时间: 1683.00
2025-04-08 16:05:03,677 - DEBUG - 局部搜索未能改进当前解
2025-04-08 16:05:03,680 - DEBUG - 执行AGV分配局部搜索，当前完工时间: 1735.00
2025-04-08 16:05:03,684 - DEBUG - 局部搜索未能改进当前解
2025-04-08 16:05:03,688 - DEBUG - 执行AGV分配局部搜索，当前完工时间: 1744.00
2025-04-08 16:05:03,692 - DEBUG - AGV分配局部搜索成功！完工时间从 1744.00 降低到 1732.00，改进: 12.00 (0.69%)
2025-04-08 16:05:03,695 - DEBUG - 执行AGV分配局部搜索，当前完工时间: 1683.00
2025-04-08 16:05:03,699 - DEBUG - 局部搜索未能改进当前解
2025-04-08 16:05:03,703 - DEBUG - 执行AGV分配局部搜索，当前完工时间: 1737.00
2025-04-08 16:05:03,706 - DEBUG - 局部搜索未能改进当前解
2025-04-08 16:05:03,710 - DEBUG - 执行AGV分配局部搜索，当前完工时间: 1690.00
2025-04-08 16:05:03,714 - DEBUG - 局部搜索未能改进当前解
2025-04-08 16:05:03,718 - DEBUG - 执行AGV分配局部搜索，当前完工时间: 1724.00
2025-04-08 16:05:03,720 - DEBUG - 局部搜索未能改进当前解
2025-04-08 16:05:03,725 - DEBUG - 执行AGV分配局部搜索，当前完工时间: 1722.00
2025-04-08 16:05:03,729 - DEBUG - 局部搜索未能改进当前解
2025-04-08 16:05:03,731 - DEBUG - 执行AGV分配局部搜索，当前完工时间: 1669.00
2025-04-08 16:05:03,735 - DEBUG - 局部搜索未能改进当前解
2025-04-08 16:05:03,740 - DEBUG - 执行AGV分配局部搜索，当前完工时间: 1710.00
2025-04-08 16:05:03,743 - DEBUG - 局部搜索未能改进当前解
2025-04-08 16:05:03,746 - DEBUG - 执行AGV分配局部搜索，当前完工时间: 1687.00
2025-04-08 16:05:03,750 - DEBUG - 局部搜索未能改进当前解
2025-04-08 16:05:03,754 - DEBUG - 执行AGV分配局部搜索，当前完工时间: 1746.00
2025-04-08 16:05:03,758 - DEBUG - 局部搜索未能改进当前解
2025-04-08 16:05:03,760 - DEBUG - 执行AGV分配局部搜索，当前完工时间: 1696.00
2025-04-08 16:05:03,765 - DEBUG - 局部搜索未能改进当前解
2025-04-08 16:05:03,768 - DEBUG - 执行AGV分配局部搜索，当前完工时间: 1713.00
2025-04-08 16:05:03,772 - DEBUG - 局部搜索未能改进当前解
2025-04-08 16:05:03,776 - DEBUG - 执行AGV分配局部搜索，当前完工时间: 1772.00
2025-04-08 16:05:03,780 - DEBUG - 局部搜索未能改进当前解
2025-04-08 16:05:03,783 - DEBUG - 执行AGV分配局部搜索，当前完工时间: 1738.00
2025-04-08 16:05:03,787 - DEBUG - 局部搜索未能改进当前解
2025-04-08 16:05:03,791 - DEBUG - 执行AGV分配局部搜索，当前完工时间: 1713.00
2025-04-08 16:05:03,795 - DEBUG - AGV分配局部搜索成功！完工时间从 1713.00 降低到 1698.00，改进: 15.00 (0.88%)
2025-04-08 16:05:03,799 - DEBUG - 执行AGV分配局部搜索，当前完工时间: 1790.00
2025-04-08 16:05:03,802 - DEBUG - 局部搜索未能改进当前解
2025-04-08 16:05:03,806 - DEBUG - 执行AGV分配局部搜索，当前完工时间: 1707.00
2025-04-08 16:05:03,810 - DEBUG - 局部搜索未能改进当前解
2025-04-08 16:05:03,814 - DEBUG - 执行AGV分配局部搜索，当前完工时间: 1686.00
2025-04-08 16:05:03,817 - DEBUG - 局部搜索未能改进当前解
2025-04-08 16:05:03,821 - DEBUG - 执行AGV分配局部搜索，当前完工时间: 1625.00
2025-04-08 16:05:03,824 - DEBUG - 局部搜索未能改进当前解
2025-04-08 16:05:03,825 - DEBUG - ==================================================
2025-04-08 16:05:03,825 - DEBUG - Efficiency Statistics of Local Search :
2025-04-08 16:05:03,825 - DEBUG - Number of attempts: 99
2025-04-08 16:05:03,825 - DEBUG - Average Success Rate: 9.09%
2025-04-08 16:05:03,825 - DEBUG - AGV Local Search Success: 9，Average Improvement: 31.67
2025-04-08 16:05:03,828 - DEBUG - 执行AGV分配局部搜索，当前完工时间: 1731.00
2025-04-08 16:05:03,832 - DEBUG - 局部搜索未能改进当前解
2025-04-08 16:05:03,836 - DEBUG - 执行AGV分配局部搜索，当前完工时间: 1748.00
2025-04-08 16:05:03,839 - DEBUG - 局部搜索未能改进当前解
2025-04-08 16:05:03,843 - DEBUG - 执行AGV分配局部搜索，当前完工时间: 1713.00
2025-04-08 16:05:03,846 - DEBUG - 局部搜索未能改进当前解
2025-04-08 16:05:03,851 - DEBUG - 执行AGV分配局部搜索，当前完工时间: 1705.00
2025-04-08 16:05:03,855 - DEBUG - 局部搜索未能改进当前解
2025-04-08 16:05:03,858 - DEBUG - 执行AGV分配局部搜索，当前完工时间: 1693.00
2025-04-08 16:05:03,862 - DEBUG - 局部搜索未能改进当前解
2025-04-08 16:05:03,866 - DEBUG - 执行AGV分配局部搜索，当前完工时间: 1739.00
2025-04-08 16:05:03,870 - DEBUG - 局部搜索未能改进当前解
2025-04-08 16:05:03,875 - DEBUG - 执行AGV分配局部搜索，当前完工时间: 1690.00
2025-04-08 16:05:03,879 - DEBUG - 局部搜索未能改进当前解
2025-04-08 16:05:03,882 - DEBUG - 执行AGV分配局部搜索，当前完工时间: 1708.00
2025-04-08 16:05:03,886 - DEBUG - 局部搜索未能改进当前解
2025-04-08 16:05:03,890 - DEBUG - 执行AGV分配局部搜索，当前完工时间: 1748.00
2025-04-08 16:05:03,894 - DEBUG - AGV分配局部搜索成功！完工时间从 1748.00 降低到 1692.00，改进: 56.00 (3.20%)
2025-04-08 16:05:03,897 - DEBUG - 执行AGV分配局部搜索，当前完工时间: 1680.00
2025-04-08 16:05:03,900 - DEBUG - 局部搜索未能改进当前解
2025-04-08 16:05:03,905 - DEBUG - 执行AGV分配局部搜索，当前完工时间: 1708.00
2025-04-08 16:05:03,908 - DEBUG - 局部搜索未能改进当前解
2025-04-08 16:05:03,912 - DEBUG - 执行AGV分配局部搜索，当前完工时间: 1706.00
2025-04-08 16:05:03,916 - DEBUG - 局部搜索未能改进当前解
2025-04-08 16:05:03,921 - DEBUG - 执行AGV分配局部搜索，当前完工时间: 1697.00
2025-04-08 16:05:03,924 - DEBUG - 局部搜索未能改进当前解
2025-04-08 16:05:03,929 - DEBUG - 执行AGV分配局部搜索，当前完工时间: 1751.00
2025-04-08 16:05:03,933 - DEBUG - 局部搜索未能改进当前解
2025-04-08 16:05:03,937 - DEBUG - 执行AGV分配局部搜索，当前完工时间: 1683.00
2025-04-08 16:05:03,943 - DEBUG - 局部搜索未能改进当前解
2025-04-08 16:05:03,949 - DEBUG - 执行AGV分配局部搜索，当前完工时间: 1860.00
2025-04-08 16:05:03,953 - DEBUG - 局部搜索未能改进当前解
2025-04-08 16:05:03,956 - DEBUG - 执行AGV分配局部搜索，当前完工时间: 1741.00
2025-04-08 16:05:03,960 - DEBUG - 局部搜索未能改进当前解
2025-04-08 16:05:03,964 - DEBUG - 执行AGV分配局部搜索，当前完工时间: 1705.00
2025-04-08 16:05:03,968 - DEBUG - 局部搜索未能改进当前解
2025-04-08 16:05:03,972 - DEBUG - 执行AGV分配局部搜索，当前完工时间: 1830.00
2025-04-08 16:05:03,976 - DEBUG - 局部搜索未能改进当前解
2025-04-08 16:05:03,979 - DEBUG - 执行AGV分配局部搜索，当前完工时间: 1724.00
2025-04-08 16:05:03,983 - DEBUG - 局部搜索未能改进当前解
2025-04-08 16:05:03,986 - DEBUG - 执行AGV分配局部搜索，当前完工时间: 1711.00
2025-04-08 16:05:03,990 - DEBUG - 局部搜索未能改进当前解
2025-04-08 16:05:03,993 - DEBUG - 执行AGV分配局部搜索，当前完工时间: 1657.00
2025-04-08 16:05:03,997 - DEBUG - 局部搜索未能改进当前解
2025-04-08 16:05:04,000 - DEBUG - 执行AGV分配局部搜索，当前完工时间: 1705.00
2025-04-08 16:05:04,004 - DEBUG - 局部搜索未能改进当前解
2025-04-08 16:05:04,008 - DEBUG - 执行AGV分配局部搜索，当前完工时间: 1810.00
2025-04-08 16:05:04,013 - DEBUG - 局部搜索未能改进当前解
2025-04-08 16:05:04,016 - DEBUG - 执行AGV分配局部搜索，当前完工时间: 1685.00
2025-04-08 16:05:04,020 - DEBUG - AGV分配局部搜索成功！完工时间从 1685.00 降低到 1657.00，改进: 28.00 (1.66%)
2025-04-08 16:05:04,024 - DEBUG - 执行AGV分配局部搜索，当前完工时间: 1882.00
2025-04-08 16:05:04,028 - DEBUG - 局部搜索未能改进当前解
2025-04-08 16:05:04,032 - DEBUG - 执行AGV分配局部搜索，当前完工时间: 1741.00
2025-04-08 16:05:04,035 - DEBUG - 局部搜索未能改进当前解
2025-04-08 16:05:04,038 - DEBUG - 执行AGV分配局部搜索，当前完工时间: 1802.00
2025-04-08 16:05:04,043 - DEBUG - 局部搜索未能改进当前解
2025-04-08 16:05:04,047 - DEBUG - 执行AGV分配局部搜索，当前完工时间: 1667.00
2025-04-08 16:05:04,051 - DEBUG - 局部搜索未能改进当前解
2025-04-08 16:05:04,055 - DEBUG - 执行AGV分配局部搜索，当前完工时间: 1702.00
2025-04-08 16:05:04,058 - DEBUG - 局部搜索未能改进当前解
2025-04-08 16:05:04,062 - DEBUG - 执行AGV分配局部搜索，当前完工时间: 1637.00
2025-04-08 16:05:04,066 - DEBUG - 局部搜索未能改进当前解
2025-04-08 16:05:04,069 - DEBUG - 执行AGV分配局部搜索，当前完工时间: 1637.00
2025-04-08 16:05:04,073 - DEBUG - 局部搜索未能改进当前解
2025-04-08 16:05:04,076 - DEBUG - 执行AGV分配局部搜索，当前完工时间: 1669.00
2025-04-08 16:05:04,082 - DEBUG - 局部搜索未能改进当前解
2025-04-08 16:05:04,086 - DEBUG - 执行AGV分配局部搜索，当前完工时间: 1708.00
2025-04-08 16:05:04,089 - DEBUG - 局部搜索未能改进当前解
2025-04-08 16:05:04,093 - DEBUG - 执行AGV分配局部搜索，当前完工时间: 1796.00
2025-04-08 16:05:04,097 - DEBUG - 局部搜索未能改进当前解
2025-04-08 16:05:04,101 - DEBUG - 执行AGV分配局部搜索，当前完工时间: 1785.00
2025-04-08 16:05:04,105 - DEBUG - 局部搜索未能改进当前解
2025-04-08 16:05:04,109 - DEBUG - 执行AGV分配局部搜索，当前完工时间: 1665.00
2025-04-08 16:05:04,112 - DEBUG - 局部搜索未能改进当前解
2025-04-08 16:05:04,116 - DEBUG - 执行AGV分配局部搜索，当前完工时间: 1651.00
2025-04-08 16:05:04,120 - DEBUG - 局部搜索未能改进当前解
2025-04-08 16:05:04,124 - DEBUG - 执行AGV分配局部搜索，当前完工时间: 1741.00
2025-04-08 16:05:04,127 - DEBUG - 局部搜索未能改进当前解
2025-04-08 16:05:04,130 - DEBUG - 执行AGV分配局部搜索，当前完工时间: 1680.00
2025-04-08 16:05:04,134 - DEBUG - 局部搜索未能改进当前解
2025-04-08 16:05:04,137 - DEBUG - 执行AGV分配局部搜索，当前完工时间: 1702.00
2025-04-08 16:05:04,141 - DEBUG - 局部搜索未能改进当前解
2025-04-08 16:05:04,145 - DEBUG - 执行AGV分配局部搜索，当前完工时间: 1665.00
2025-04-08 16:05:04,149 - DEBUG - 局部搜索未能改进当前解
2025-04-08 16:05:04,153 - DEBUG - 执行AGV分配局部搜索，当前完工时间: 1625.00
2025-04-08 16:05:04,157 - DEBUG - 局部搜索未能改进当前解
2025-04-08 16:05:04,160 - DEBUG - 执行AGV分配局部搜索，当前完工时间: 1662.00
2025-04-08 16:05:04,164 - DEBUG - 局部搜索未能改进当前解
2025-04-08 16:05:04,168 - DEBUG - 执行AGV分配局部搜索，当前完工时间: 1762.00
2025-04-08 16:05:04,172 - DEBUG - 局部搜索未能改进当前解
2025-04-08 16:05:04,175 - DEBUG - 执行AGV分配局部搜索，当前完工时间: 1670.00
2025-04-08 16:05:04,179 - DEBUG - 局部搜索未能改进当前解
2025-04-08 16:05:04,183 - DEBUG - 执行AGV分配局部搜索，当前完工时间: 1735.00
2025-04-08 16:05:04,187 - DEBUG - 局部搜索未能改进当前解
2025-04-08 16:05:04,190 - DEBUG - 执行AGV分配局部搜索，当前完工时间: 1663.00
2025-04-08 16:05:04,194 - DEBUG - 局部搜索未能改进当前解
2025-04-08 16:05:04,197 - DEBUG - 执行AGV分配局部搜索，当前完工时间: 1774.00
2025-04-08 16:05:04,201 - DEBUG - 局部搜索未能改进当前解
2025-04-08 16:05:04,204 - DEBUG - 执行AGV分配局部搜索，当前完工时间: 1665.00
2025-04-08 16:05:04,209 - DEBUG - 局部搜索未能改进当前解
2025-04-08 16:05:04,212 - DEBUG - 执行AGV分配局部搜索，当前完工时间: 1740.00
2025-04-08 16:05:04,216 - DEBUG - 局部搜索未能改进当前解
2025-04-08 16:05:04,221 - DEBUG - 执行AGV分配局部搜索，当前完工时间: 1681.00
2025-04-08 16:05:04,224 - DEBUG - 局部搜索未能改进当前解
2025-04-08 16:05:04,227 - DEBUG - 执行AGV分配局部搜索，当前完工时间: 1700.00
2025-04-08 16:05:04,231 - DEBUG - 局部搜索未能改进当前解
2025-04-08 16:05:04,235 - DEBUG - 执行AGV分配局部搜索，当前完工时间: 1706.00
2025-04-08 16:05:04,239 - DEBUG - AGV分配局部搜索成功！完工时间从 1706.00 降低到 1692.00，改进: 14.00 (0.82%)
2025-04-08 16:05:04,242 - DEBUG - 执行AGV分配局部搜索，当前完工时间: 1687.00
2025-04-08 16:05:04,245 - DEBUG - 局部搜索未能改进当前解
2025-04-08 16:05:04,250 - DEBUG - 执行AGV分配局部搜索，当前完工时间: 1765.00
2025-04-08 16:05:04,254 - DEBUG - AGV分配局部搜索成功！完工时间从 1765.00 降低到 1694.00，改进: 71.00 (4.02%)
2025-04-08 16:05:04,258 - DEBUG - 执行AGV分配局部搜索，当前完工时间: 1669.00
2025-04-08 16:05:04,262 - DEBUG - 局部搜索未能改进当前解
2025-04-08 16:05:04,265 - DEBUG - 执行AGV分配局部搜索，当前完工时间: 1702.00
2025-04-08 16:05:04,269 - DEBUG - 局部搜索未能改进当前解
2025-04-08 16:05:04,273 - DEBUG - 执行AGV分配局部搜索，当前完工时间: 1880.00
2025-04-08 16:05:04,276 - DEBUG - AGV分配局部搜索成功！完工时间从 1880.00 降低到 1864.00，改进: 16.00 (0.85%)
2025-04-08 16:05:04,280 - DEBUG - 执行AGV分配局部搜索，当前完工时间: 1697.00
2025-04-08 16:05:04,284 - DEBUG - 局部搜索未能改进当前解
2025-04-08 16:05:04,287 - DEBUG - 执行AGV分配局部搜索，当前完工时间: 1714.00
2025-04-08 16:05:04,291 - DEBUG - 局部搜索未能改进当前解
2025-04-08 16:05:04,295 - DEBUG - 执行AGV分配局部搜索，当前完工时间: 1693.00
2025-04-08 16:05:04,297 - DEBUG - 局部搜索未能改进当前解
2025-04-08 16:05:04,302 - DEBUG - 执行AGV分配局部搜索，当前完工时间: 1803.00
2025-04-08 16:05:04,305 - DEBUG - 局部搜索未能改进当前解
2025-04-08 16:05:04,308 - DEBUG - 执行AGV分配局部搜索，当前完工时间: 1680.00
2025-04-08 16:05:04,312 - DEBUG - AGV分配局部搜索成功！完工时间从 1680.00 降低到 1673.00，改进: 7.00 (0.42%)
2025-04-08 16:05:04,316 - DEBUG - 执行AGV分配局部搜索，当前完工时间: 1754.00
2025-04-08 16:05:04,320 - DEBUG - 局部搜索未能改进当前解
2025-04-08 16:05:04,323 - DEBUG - 执行AGV分配局部搜索，当前完工时间: 1760.00
2025-04-08 16:05:04,326 - DEBUG - 局部搜索未能改进当前解
2025-04-08 16:05:04,332 - DEBUG - 执行AGV分配局部搜索，当前完工时间: 1693.00
2025-04-08 16:05:04,336 - DEBUG - 局部搜索未能改进当前解
2025-04-08 16:05:04,340 - DEBUG - 执行AGV分配局部搜索，当前完工时间: 1674.00
2025-04-08 16:05:04,344 - DEBUG - 局部搜索未能改进当前解
2025-04-08 16:05:04,348 - DEBUG - 执行AGV分配局部搜索，当前完工时间: 1767.00
2025-04-08 16:05:04,350 - DEBUG - 局部搜索未能改进当前解
2025-04-08 16:05:04,355 - DEBUG - 执行AGV分配局部搜索，当前完工时间: 1657.00
2025-04-08 16:05:04,358 - DEBUG - 局部搜索未能改进当前解
2025-04-08 16:05:04,362 - DEBUG - 执行AGV分配局部搜索，当前完工时间: 1718.00
2025-04-08 16:05:04,365 - DEBUG - 局部搜索未能改进当前解
2025-04-08 16:05:04,369 - DEBUG - 执行AGV分配局部搜索，当前完工时间: 1694.00
2025-04-08 16:05:04,373 - DEBUG - 局部搜索未能改进当前解
2025-04-08 16:05:04,377 - DEBUG - 执行AGV分配局部搜索，当前完工时间: 1663.00
2025-04-08 16:05:04,381 - DEBUG - 局部搜索未能改进当前解
2025-04-08 16:05:04,383 - DEBUG - 执行AGV分配局部搜索，当前完工时间: 1736.00
2025-04-08 16:05:04,387 - DEBUG - 局部搜索未能改进当前解
2025-04-08 16:05:04,391 - DEBUG - 执行AGV分配局部搜索，当前完工时间: 1675.00
2025-04-08 16:05:04,394 - DEBUG - 局部搜索未能改进当前解
2025-04-08 16:05:04,397 - DEBUG - 执行AGV分配局部搜索，当前完工时间: 1683.00
2025-04-08 16:05:04,402 - DEBUG - 局部搜索未能改进当前解
2025-04-08 16:05:04,405 - DEBUG - 执行AGV分配局部搜索，当前完工时间: 1699.00
2025-04-08 16:05:04,409 - DEBUG - 局部搜索未能改进当前解
2025-04-08 16:05:04,412 - DEBUG - 执行AGV分配局部搜索，当前完工时间: 1764.00
2025-04-08 16:05:04,416 - DEBUG - 局部搜索未能改进当前解
2025-04-08 16:05:04,420 - DEBUG - 执行AGV分配局部搜索，当前完工时间: 1708.00
2025-04-08 16:05:04,422 - DEBUG - 局部搜索未能改进当前解
2025-04-08 16:05:04,426 - DEBUG - 执行AGV分配局部搜索，当前完工时间: 1699.00
2025-04-08 16:05:04,430 - DEBUG - 局部搜索未能改进当前解
2025-04-08 16:05:04,434 - DEBUG - 执行AGV分配局部搜索，当前完工时间: 1625.00
2025-04-08 16:05:04,437 - DEBUG - 局部搜索未能改进当前解
2025-04-08 16:05:04,441 - DEBUG - 执行AGV分配局部搜索，当前完工时间: 1801.00
2025-04-08 16:05:04,446 - DEBUG - 局部搜索未能改进当前解
2025-04-08 16:05:04,449 - DEBUG - 执行AGV分配局部搜索，当前完工时间: 1734.00
2025-04-08 16:05:04,453 - DEBUG - 局部搜索未能改进当前解
2025-04-08 16:05:04,456 - DEBUG - 执行AGV分配局部搜索，当前完工时间: 1798.00
2025-04-08 16:05:04,460 - DEBUG - AGV分配局部搜索成功！完工时间从 1798.00 降低到 1720.00，改进: 78.00 (4.34%)
2025-04-08 16:05:04,463 - DEBUG - 执行AGV分配局部搜索，当前完工时间: 1677.00
2025-04-08 16:05:04,468 - DEBUG - 局部搜索未能改进当前解
2025-04-08 16:05:04,472 - DEBUG - 执行AGV分配局部搜索，当前完工时间: 1939.00
2025-04-08 16:05:04,476 - DEBUG - 局部搜索未能改进当前解
2025-04-08 16:05:04,479 - DEBUG - 执行AGV分配局部搜索，当前完工时间: 1753.00
2025-04-08 16:05:04,483 - DEBUG - 局部搜索未能改进当前解
2025-04-08 16:05:04,487 - DEBUG - 执行AGV分配局部搜索，当前完工时间: 1739.00
2025-04-08 16:05:04,491 - DEBUG - 局部搜索未能改进当前解
2025-04-08 16:05:04,495 - DEBUG - 执行AGV分配局部搜索，当前完工时间: 1660.00
2025-04-08 16:05:04,499 - DEBUG - 局部搜索未能改进当前解
2025-04-08 16:05:04,502 - DEBUG - 执行AGV分配局部搜索，当前完工时间: 1891.00
2025-04-08 16:05:04,506 - DEBUG - 局部搜索未能改进当前解
2025-04-08 16:05:04,510 - DEBUG - 执行AGV分配局部搜索，当前完工时间: 1669.00
2025-04-08 16:05:04,512 - DEBUG - 局部搜索未能改进当前解
2025-04-08 16:05:04,516 - DEBUG - 执行AGV分配局部搜索，当前完工时间: 1825.00
2025-04-08 16:05:04,520 - DEBUG - AGV分配局部搜索成功！完工时间从 1825.00 降低到 1782.00，改进: 43.00 (2.36%)
2025-04-08 16:05:04,524 - DEBUG - 执行AGV分配局部搜索，当前完工时间: 1674.00
2025-04-08 16:05:04,526 - DEBUG - 局部搜索未能改进当前解
2025-04-08 16:05:04,531 - DEBUG - 执行AGV分配局部搜索，当前完工时间: 1713.00
2025-04-08 16:05:04,535 - DEBUG - AGV分配局部搜索成功！完工时间从 1713.00 降低到 1696.00，改进: 17.00 (0.99%)
2025-04-08 16:05:04,539 - DEBUG - 执行AGV分配局部搜索，当前完工时间: 1688.00
2025-04-08 16:05:04,543 - DEBUG - 局部搜索未能改进当前解
2025-04-08 16:05:04,547 - DEBUG - 执行AGV分配局部搜索，当前完工时间: 1669.00
2025-04-08 16:05:04,550 - DEBUG - 局部搜索未能改进当前解
2025-04-08 16:05:04,553 - DEBUG - 执行AGV分配局部搜索，当前完工时间: 1668.00
2025-04-08 16:05:04,556 - DEBUG - 局部搜索未能改进当前解
2025-04-08 16:05:04,561 - DEBUG - 执行AGV分配局部搜索，当前完工时间: 1681.00
2025-04-08 16:05:04,565 - DEBUG - 局部搜索未能改进当前解
2025-04-08 16:05:04,568 - DEBUG - 执行AGV分配局部搜索，当前完工时间: 1754.00
2025-04-08 16:05:04,572 - DEBUG - 局部搜索未能改进当前解
2025-04-08 16:05:04,572 - DEBUG - ==================================================
2025-04-08 16:05:04,572 - DEBUG - Efficiency Statistics of Local Search :
2025-04-08 16:05:04,572 - DEBUG - Number of attempts: 99
2025-04-08 16:05:04,572 - DEBUG - Average Success Rate: 9.09%
2025-04-08 16:05:04,572 - DEBUG - AGV Local Search Success: 9，Average Improvement: 36.67
2025-04-08 16:05:04,576 - DEBUG - 执行AGV分配局部搜索，当前完工时间: 1739.00
2025-04-08 16:05:04,580 - DEBUG - 局部搜索未能改进当前解
2025-04-08 16:05:04,583 - DEBUG - 执行AGV分配局部搜索，当前完工时间: 1727.00
2025-04-08 16:05:04,587 - DEBUG - 局部搜索未能改进当前解
2025-04-08 16:05:04,591 - DEBUG - 执行AGV分配局部搜索，当前完工时间: 1723.00
2025-04-08 16:05:04,594 - DEBUG - 局部搜索未能改进当前解
2025-04-08 16:05:04,599 - DEBUG - 执行AGV分配局部搜索，当前完工时间: 1697.00
2025-04-08 16:05:04,601 - DEBUG - 局部搜索未能改进当前解
2025-04-08 16:05:04,606 - DEBUG - 执行AGV分配局部搜索，当前完工时间: 1672.00
2025-04-08 16:05:04,610 - DEBUG - 局部搜索未能改进当前解
2025-04-08 16:05:04,612 - DEBUG - 执行AGV分配局部搜索，当前完工时间: 1679.00
2025-04-08 16:05:04,617 - DEBUG - 局部搜索未能改进当前解
2025-04-08 16:05:04,621 - DEBUG - 执行AGV分配局部搜索，当前完工时间: 1692.00
2025-04-08 16:05:04,624 - DEBUG - 局部搜索未能改进当前解
2025-04-08 16:05:04,628 - DEBUG - 执行AGV分配局部搜索，当前完工时间: 1731.00
2025-04-08 16:05:04,631 - DEBUG - 局部搜索未能改进当前解
2025-04-08 16:05:04,635 - DEBUG - 执行AGV分配局部搜索，当前完工时间: 1701.00
2025-04-08 16:05:04,639 - DEBUG - 局部搜索未能改进当前解
2025-04-08 16:05:04,643 - DEBUG - 执行AGV分配局部搜索，当前完工时间: 1734.00
2025-04-08 16:05:04,647 - DEBUG - 局部搜索未能改进当前解
2025-04-08 16:05:04,650 - DEBUG - 执行AGV分配局部搜索，当前完工时间: 1669.00
2025-04-08 16:05:04,654 - DEBUG - 局部搜索未能改进当前解
2025-04-08 16:05:04,657 - DEBUG - 执行AGV分配局部搜索，当前完工时间: 1669.00
2025-04-08 16:05:04,660 - DEBUG - 局部搜索未能改进当前解
2025-04-08 16:05:04,664 - DEBUG - 执行AGV分配局部搜索，当前完工时间: 1657.00
2025-04-08 16:05:04,668 - DEBUG - 局部搜索未能改进当前解
2025-04-08 16:05:04,672 - DEBUG - 执行AGV分配局部搜索，当前完工时间: 1723.00
2025-04-08 16:05:04,675 - DEBUG - 局部搜索未能改进当前解
2025-04-08 16:05:04,679 - DEBUG - 执行AGV分配局部搜索，当前完工时间: 1716.00
2025-04-08 16:05:04,683 - DEBUG - AGV分配局部搜索成功！完工时间从 1716.00 降低到 1713.00，改进: 3.00 (0.17%)
2025-04-08 16:05:04,687 - DEBUG - 执行AGV分配局部搜索，当前完工时间: 1633.00
2025-04-08 16:05:04,690 - DEBUG - 局部搜索未能改进当前解
2025-04-08 16:05:04,694 - DEBUG - 执行AGV分配局部搜索，当前完工时间: 1694.00
2025-04-08 16:05:04,697 - DEBUG - 局部搜索未能改进当前解
2025-04-08 16:05:04,701 - DEBUG - 执行AGV分配局部搜索，当前完工时间: 1689.00
2025-04-08 16:05:04,705 - DEBUG - 局部搜索未能改进当前解
2025-04-08 16:05:04,708 - DEBUG - 执行AGV分配局部搜索，当前完工时间: 1674.00
2025-04-08 16:05:04,713 - DEBUG - 局部搜索未能改进当前解
2025-04-08 16:05:04,716 - DEBUG - 执行AGV分配局部搜索，当前完工时间: 1745.00
2025-04-08 16:05:04,721 - DEBUG - 局部搜索未能改进当前解
2025-04-08 16:05:04,725 - DEBUG - 执行AGV分配局部搜索，当前完工时间: 1688.00
2025-04-08 16:05:04,728 - DEBUG - 局部搜索未能改进当前解
2025-04-08 16:05:04,732 - DEBUG - 执行AGV分配局部搜索，当前完工时间: 1752.00
2025-04-08 16:05:04,736 - DEBUG - 局部搜索未能改进当前解
2025-04-08 16:05:04,738 - DEBUG - 执行AGV分配局部搜索，当前完工时间: 1693.00
2025-04-08 16:05:04,743 - DEBUG - 局部搜索未能改进当前解
2025-04-08 16:05:04,747 - DEBUG - 执行AGV分配局部搜索，当前完工时间: 1748.00
2025-04-08 16:05:04,753 - DEBUG - 局部搜索未能改进当前解
2025-04-08 16:05:04,756 - DEBUG - 执行AGV分配局部搜索，当前完工时间: 1712.00
2025-04-08 16:05:04,760 - DEBUG - 局部搜索未能改进当前解
2025-04-08 16:05:04,764 - DEBUG - 执行AGV分配局部搜索，当前完工时间: 1727.00
2025-04-08 16:05:04,768 - DEBUG - AGV分配局部搜索成功！完工时间从 1727.00 降低到 1719.00，改进: 8.00 (0.46%)
2025-04-08 16:05:04,771 - DEBUG - 执行AGV分配局部搜索，当前完工时间: 1631.00
2025-04-08 16:05:04,775 - DEBUG - 局部搜索未能改进当前解
2025-04-08 16:05:04,779 - DEBUG - 执行AGV分配局部搜索，当前完工时间: 1654.00
2025-04-08 16:05:04,783 - DEBUG - 局部搜索未能改进当前解
2025-04-08 16:05:04,787 - DEBUG - 执行AGV分配局部搜索，当前完工时间: 1679.00
2025-04-08 16:05:04,791 - DEBUG - 局部搜索未能改进当前解
2025-04-08 16:05:04,795 - DEBUG - 执行AGV分配局部搜索，当前完工时间: 1674.00
2025-04-08 16:05:04,799 - DEBUG - 局部搜索未能改进当前解
2025-04-08 16:05:04,802 - DEBUG - 执行AGV分配局部搜索，当前完工时间: 1673.00
2025-04-08 16:05:04,806 - DEBUG - 局部搜索未能改进当前解
2025-04-08 16:05:04,809 - DEBUG - 执行AGV分配局部搜索，当前完工时间: 1694.00
2025-04-08 16:05:04,812 - DEBUG - AGV分配局部搜索成功！完工时间从 1694.00 降低到 1683.00，改进: 11.00 (0.65%)
2025-04-08 16:05:04,817 - DEBUG - 执行AGV分配局部搜索，当前完工时间: 1701.00
2025-04-08 16:05:04,820 - DEBUG - AGV分配局部搜索成功！完工时间从 1701.00 降低到 1693.00，改进: 8.00 (0.47%)
2025-04-08 16:05:04,824 - DEBUG - 执行AGV分配局部搜索，当前完工时间: 1737.00
2025-04-08 16:05:04,828 - DEBUG - 局部搜索未能改进当前解
2025-04-08 16:05:04,832 - DEBUG - 执行AGV分配局部搜索，当前完工时间: 1687.00
2025-04-08 16:05:04,835 - DEBUG - 局部搜索未能改进当前解
2025-04-08 16:05:04,839 - DEBUG - 执行AGV分配局部搜索，当前完工时间: 1725.00
2025-04-08 16:05:04,843 - DEBUG - 局部搜索未能改进当前解
2025-04-08 16:05:04,847 - DEBUG - 执行AGV分配局部搜索，当前完工时间: 1713.00
2025-04-08 16:05:04,851 - DEBUG - 局部搜索未能改进当前解
2025-04-08 16:05:04,855 - DEBUG - 执行AGV分配局部搜索，当前完工时间: 1691.00
2025-04-08 16:05:04,859 - DEBUG - 局部搜索未能改进当前解
2025-04-08 16:05:04,862 - DEBUG - 执行AGV分配局部搜索，当前完工时间: 1724.00
2025-04-08 16:05:04,867 - DEBUG - 局部搜索未能改进当前解
2025-04-08 16:05:04,870 - DEBUG - 执行AGV分配局部搜索，当前完工时间: 1680.00
2025-04-08 16:05:04,874 - DEBUG - 局部搜索未能改进当前解
2025-04-08 16:05:04,879 - DEBUG - 执行AGV分配局部搜索，当前完工时间: 1657.00
2025-04-08 16:05:04,881 - DEBUG - 局部搜索未能改进当前解
2025-04-08 16:05:04,886 - DEBUG - 执行AGV分配局部搜索，当前完工时间: 1716.00
2025-04-08 16:05:04,888 - DEBUG - 局部搜索未能改进当前解
2025-04-08 16:05:04,894 - DEBUG - 执行AGV分配局部搜索，当前完工时间: 1740.00
2025-04-08 16:05:04,898 - DEBUG - 局部搜索未能改进当前解
2025-04-08 16:05:04,902 - DEBUG - 执行AGV分配局部搜索，当前完工时间: 1651.00
2025-04-08 16:05:04,906 - DEBUG - 局部搜索未能改进当前解
2025-04-08 16:05:04,910 - DEBUG - 执行AGV分配局部搜索，当前完工时间: 1674.00
2025-04-08 16:05:04,914 - DEBUG - 局部搜索未能改进当前解
2025-04-08 16:05:04,916 - DEBUG - 执行AGV分配局部搜索，当前完工时间: 1696.00
2025-04-08 16:05:04,921 - DEBUG - 局部搜索未能改进当前解
2025-04-08 16:05:04,925 - DEBUG - 执行AGV分配局部搜索，当前完工时间: 1698.00
2025-04-08 16:05:04,929 - DEBUG - 局部搜索未能改进当前解
2025-04-08 16:05:04,933 - DEBUG - 执行AGV分配局部搜索，当前完工时间: 1637.00
2025-04-08 16:05:04,937 - DEBUG - 局部搜索未能改进当前解
2025-04-08 16:05:04,941 - DEBUG - 执行AGV分配局部搜索，当前完工时间: 1755.00
2025-04-08 16:05:04,943 - DEBUG - 局部搜索未能改进当前解
2025-04-08 16:05:04,947 - DEBUG - 执行AGV分配局部搜索，当前完工时间: 1793.00
2025-04-08 16:05:04,952 - DEBUG - 局部搜索未能改进当前解
2025-04-08 16:05:04,955 - DEBUG - 执行AGV分配局部搜索，当前完工时间: 1777.00
2025-04-08 16:05:04,960 - DEBUG - 局部搜索未能改进当前解
2025-04-08 16:05:04,963 - DEBUG - 执行AGV分配局部搜索，当前完工时间: 1659.00
2025-04-08 16:05:04,966 - DEBUG - 局部搜索未能改进当前解
2025-04-08 16:05:04,971 - DEBUG - 执行AGV分配局部搜索，当前完工时间: 1685.00
2025-04-08 16:05:04,975 - DEBUG - 局部搜索未能改进当前解
2025-04-08 16:05:04,978 - DEBUG - 执行AGV分配局部搜索，当前完工时间: 1663.00
2025-04-08 16:05:04,981 - DEBUG - 局部搜索未能改进当前解
2025-04-08 16:05:04,985 - DEBUG - 执行AGV分配局部搜索，当前完工时间: 1726.00
2025-04-08 16:05:04,988 - DEBUG - AGV分配局部搜索成功！完工时间从 1726.00 降低到 1675.00，改进: 51.00 (2.95%)
2025-04-08 16:05:04,993 - DEBUG - 执行AGV分配局部搜索，当前完工时间: 1761.00
2025-04-08 16:05:04,997 - DEBUG - 局部搜索未能改进当前解
2025-04-08 16:05:05,001 - DEBUG - 执行AGV分配局部搜索，当前完工时间: 1734.00
2025-04-08 16:05:05,004 - DEBUG - 局部搜索未能改进当前解
2025-04-08 16:05:05,008 - DEBUG - 执行AGV分配局部搜索，当前完工时间: 1680.00
2025-04-08 16:05:05,010 - DEBUG - 局部搜索未能改进当前解
2025-04-08 16:05:05,014 - DEBUG - 执行AGV分配局部搜索，当前完工时间: 1718.00
2025-04-08 16:05:05,019 - DEBUG - 局部搜索未能改进当前解
2025-04-08 16:05:05,022 - DEBUG - 执行AGV分配局部搜索，当前完工时间: 1706.00
2025-04-08 16:05:05,025 - DEBUG - 局部搜索未能改进当前解
2025-04-08 16:05:05,031 - DEBUG - 执行AGV分配局部搜索，当前完工时间: 1682.00
2025-04-08 16:05:05,034 - DEBUG - 局部搜索未能改进当前解
2025-04-08 16:05:05,038 - DEBUG - 执行AGV分配局部搜索，当前完工时间: 1716.00
2025-04-08 16:05:05,042 - DEBUG - 局部搜索未能改进当前解
2025-04-08 16:05:05,045 - DEBUG - 执行AGV分配局部搜索，当前完工时间: 1847.00
2025-04-08 16:05:05,050 - DEBUG - 局部搜索未能改进当前解
2025-04-08 16:05:05,053 - DEBUG - 执行AGV分配局部搜索，当前完工时间: 1734.00
2025-04-08 16:05:05,057 - DEBUG - 局部搜索未能改进当前解
2025-04-08 16:05:05,062 - DEBUG - 执行AGV分配局部搜索，当前完工时间: 1715.00
2025-04-08 16:05:05,065 - DEBUG - 局部搜索未能改进当前解
2025-04-08 16:05:05,069 - DEBUG - 执行AGV分配局部搜索，当前完工时间: 1644.00
2025-04-08 16:05:05,072 - DEBUG - 局部搜索未能改进当前解
2025-04-08 16:05:05,077 - DEBUG - 执行AGV分配局部搜索，当前完工时间: 1753.00
2025-04-08 16:05:05,081 - DEBUG - AGV分配局部搜索成功！完工时间从 1753.00 降低到 1693.00，改进: 60.00 (3.42%)
2025-04-08 16:05:05,085 - DEBUG - 执行AGV分配局部搜索，当前完工时间: 1714.00
2025-04-08 16:05:05,090 - DEBUG - 局部搜索未能改进当前解
2025-04-08 16:05:05,094 - DEBUG - 执行AGV分配局部搜索，当前完工时间: 1668.00
2025-04-08 16:05:05,097 - DEBUG - 局部搜索未能改进当前解
2025-04-08 16:05:05,101 - DEBUG - 执行AGV分配局部搜索，当前完工时间: 1670.00
2025-04-08 16:05:05,104 - DEBUG - 局部搜索未能改进当前解
2025-04-08 16:05:05,109 - DEBUG - 执行AGV分配局部搜索，当前完工时间: 1663.00
2025-04-08 16:05:05,113 - DEBUG - 局部搜索未能改进当前解
2025-04-08 16:05:05,116 - DEBUG - 执行AGV分配局部搜索，当前完工时间: 1704.00
2025-04-08 16:05:05,120 - DEBUG - 局部搜索未能改进当前解
2025-04-08 16:05:05,124 - DEBUG - 执行AGV分配局部搜索，当前完工时间: 1674.00
2025-04-08 16:05:05,127 - DEBUG - 局部搜索未能改进当前解
2025-04-08 16:05:05,131 - DEBUG - 执行AGV分配局部搜索，当前完工时间: 1663.00
2025-04-08 16:05:05,135 - DEBUG - 局部搜索未能改进当前解
2025-04-08 16:05:05,139 - DEBUG - 执行AGV分配局部搜索，当前完工时间: 1711.00
2025-04-08 16:05:05,143 - DEBUG - 局部搜索未能改进当前解
2025-04-08 16:05:05,146 - DEBUG - 执行AGV分配局部搜索，当前完工时间: 1699.00
2025-04-08 16:05:05,150 - DEBUG - 局部搜索未能改进当前解
2025-04-08 16:05:05,154 - DEBUG - 执行AGV分配局部搜索，当前完工时间: 1704.00
2025-04-08 16:05:05,157 - DEBUG - 局部搜索未能改进当前解
2025-04-08 16:05:05,161 - DEBUG - 执行AGV分配局部搜索，当前完工时间: 1663.00
2025-04-08 16:05:05,165 - DEBUG - 局部搜索未能改进当前解
2025-04-08 16:05:05,168 - DEBUG - 执行AGV分配局部搜索，当前完工时间: 1673.00
2025-04-08 16:05:05,172 - DEBUG - 局部搜索未能改进当前解
2025-04-08 16:05:05,176 - DEBUG - 执行AGV分配局部搜索，当前完工时间: 1706.00
2025-04-08 16:05:05,180 - DEBUG - 局部搜索未能改进当前解
2025-04-08 16:05:05,183 - DEBUG - 执行AGV分配局部搜索，当前完工时间: 1658.00
2025-04-08 16:05:05,187 - DEBUG - AGV分配局部搜索成功！完工时间从 1658.00 降低到 1635.00，改进: 23.00 (1.39%)
2025-04-08 16:05:05,190 - DEBUG - 执行AGV分配局部搜索，当前完工时间: 1693.00
2025-04-08 16:05:05,195 - DEBUG - 局部搜索未能改进当前解
2025-04-08 16:05:05,199 - DEBUG - 执行AGV分配局部搜索，当前完工时间: 1724.00
2025-04-08 16:05:05,202 - DEBUG - 局部搜索未能改进当前解
2025-04-08 16:05:05,206 - DEBUG - 执行AGV分配局部搜索，当前完工时间: 1876.00
2025-04-08 16:05:05,210 - DEBUG - 局部搜索未能改进当前解
2025-04-08 16:05:05,212 - DEBUG - 执行AGV分配局部搜索，当前完工时间: 1755.00
2025-04-08 16:05:05,218 - DEBUG - 局部搜索未能改进当前解
2025-04-08 16:05:05,221 - DEBUG - 执行AGV分配局部搜索，当前完工时间: 1665.00
2025-04-08 16:05:05,224 - DEBUG - 局部搜索未能改进当前解
2025-04-08 16:05:05,228 - DEBUG - 执行AGV分配局部搜索，当前完工时间: 1662.00
2025-04-08 16:05:05,232 - DEBUG - 局部搜索未能改进当前解
2025-04-08 16:05:05,236 - DEBUG - 执行AGV分配局部搜索，当前完工时间: 1822.00
2025-04-08 16:05:05,240 - DEBUG - 局部搜索未能改进当前解
2025-04-08 16:05:05,244 - DEBUG - 执行AGV分配局部搜索，当前完工时间: 1655.00
2025-04-08 16:05:05,247 - DEBUG - 局部搜索未能改进当前解
2025-04-08 16:05:05,251 - DEBUG - 执行AGV分配局部搜索，当前完工时间: 1695.00
2025-04-08 16:05:05,255 - DEBUG - 局部搜索未能改进当前解
2025-04-08 16:05:05,258 - DEBUG - 执行AGV分配局部搜索，当前完工时间: 1672.00
2025-04-08 16:05:05,263 - DEBUG - 局部搜索未能改进当前解
2025-04-08 16:05:05,265 - DEBUG - 执行AGV分配局部搜索，当前完工时间: 1689.00
2025-04-08 16:05:05,269 - DEBUG - 局部搜索未能改进当前解
2025-04-08 16:05:05,273 - DEBUG - 执行AGV分配局部搜索，当前完工时间: 1790.00
2025-04-08 16:05:05,277 - DEBUG - 局部搜索未能改进当前解
2025-04-08 16:05:05,281 - DEBUG - 执行AGV分配局部搜索，当前完工时间: 1751.00
2025-04-08 16:05:05,284 - DEBUG - 局部搜索未能改进当前解
2025-04-08 16:05:05,288 - DEBUG - 执行AGV分配局部搜索，当前完工时间: 1756.00
2025-04-08 16:05:05,293 - DEBUG - 局部搜索未能改进当前解
2025-04-08 16:05:05,297 - DEBUG - 执行AGV分配局部搜索，当前完工时间: 1695.00
2025-04-08 16:05:05,300 - DEBUG - 局部搜索未能改进当前解
2025-04-08 16:05:05,305 - DEBUG - 执行AGV分配局部搜索，当前完工时间: 1727.00
2025-04-08 16:05:05,308 - DEBUG - 局部搜索未能改进当前解
2025-04-08 16:05:05,312 - DEBUG - 执行AGV分配局部搜索，当前完工时间: 1687.00
2025-04-08 16:05:05,316 - DEBUG - 局部搜索未能改进当前解
2025-04-08 16:05:05,319 - DEBUG - 执行AGV分配局部搜索，当前完工时间: 1667.00
2025-04-08 16:05:05,322 - DEBUG - 局部搜索未能改进当前解
2025-04-08 16:05:05,322 - DEBUG - ==================================================
2025-04-08 16:05:05,322 - DEBUG - Efficiency Statistics of Local Search :
2025-04-08 16:05:05,322 - DEBUG - Number of attempts: 99
2025-04-08 16:05:05,322 - DEBUG - Average Success Rate: 7.07%
2025-04-08 16:05:05,322 - DEBUG - AGV Local Search Success: 7，Average Improvement: 23.43
2025-04-08 16:05:05,327 - DEBUG - 执行AGV分配局部搜索，当前完工时间: 1751.00
2025-04-08 16:05:05,331 - DEBUG - 局部搜索未能改进当前解
2025-04-08 16:05:05,334 - DEBUG - 执行AGV分配局部搜索，当前完工时间: 1672.00
2025-04-08 16:05:05,338 - DEBUG - 局部搜索未能改进当前解
2025-04-08 16:05:05,341 - DEBUG - 执行AGV分配局部搜索，当前完工时间: 1673.00
2025-04-08 16:05:05,346 - DEBUG - 局部搜索未能改进当前解
2025-04-08 16:05:05,349 - DEBUG - 执行AGV分配局部搜索，当前完工时间: 1716.00
2025-04-08 16:05:05,353 - DEBUG - 局部搜索未能改进当前解
2025-04-08 16:05:05,357 - DEBUG - 执行AGV分配局部搜索，当前完工时间: 1669.00
2025-04-08 16:05:05,360 - DEBUG - 局部搜索未能改进当前解
2025-04-08 16:05:05,366 - DEBUG - 执行AGV分配局部搜索，当前完工时间: 1806.00
2025-04-08 16:05:05,370 - DEBUG - 局部搜索未能改进当前解
2025-04-08 16:05:05,374 - DEBUG - 执行AGV分配局部搜索，当前完工时间: 1636.00
2025-04-08 16:05:05,378 - DEBUG - 局部搜索未能改进当前解
2025-04-08 16:05:05,383 - DEBUG - 执行AGV分配局部搜索，当前完工时间: 1709.00
2025-04-08 16:05:05,387 - DEBUG - 局部搜索未能改进当前解
2025-04-08 16:05:05,391 - DEBUG - 执行AGV分配局部搜索，当前完工时间: 1663.00
2025-04-08 16:05:05,395 - DEBUG - 局部搜索未能改进当前解
2025-04-08 16:05:05,399 - DEBUG - 执行AGV分配局部搜索，当前完工时间: 1686.00
2025-04-08 16:05:05,403 - DEBUG - 局部搜索未能改进当前解
2025-04-08 16:05:05,407 - DEBUG - 执行AGV分配局部搜索，当前完工时间: 1752.00
2025-04-08 16:05:05,412 - DEBUG - 局部搜索未能改进当前解
2025-04-08 16:05:05,416 - DEBUG - 执行AGV分配局部搜索，当前完工时间: 1677.00
2025-04-08 16:05:05,420 - DEBUG - 局部搜索未能改进当前解
2025-04-08 16:05:05,424 - DEBUG - 执行AGV分配局部搜索，当前完工时间: 1693.00
2025-04-08 16:05:05,429 - DEBUG - 局部搜索未能改进当前解
2025-04-08 16:05:05,433 - DEBUG - 执行AGV分配局部搜索，当前完工时间: 1653.00
2025-04-08 16:05:05,437 - DEBUG - 局部搜索未能改进当前解
2025-04-08 16:05:05,441 - DEBUG - 执行AGV分配局部搜索，当前完工时间: 1728.00
2025-04-08 16:05:05,445 - DEBUG - 局部搜索未能改进当前解
2025-04-08 16:05:05,449 - DEBUG - 执行AGV分配局部搜索，当前完工时间: 1695.00
2025-04-08 16:05:05,453 - DEBUG - 局部搜索未能改进当前解
2025-04-08 16:05:05,457 - DEBUG - 执行AGV分配局部搜索，当前完工时间: 1798.00
2025-04-08 16:05:05,460 - DEBUG - 局部搜索未能改进当前解
2025-04-08 16:05:05,467 - DEBUG - 执行AGV分配局部搜索，当前完工时间: 1677.00
2025-04-08 16:05:05,471 - DEBUG - 局部搜索未能改进当前解
2025-04-08 16:05:05,473 - DEBUG - 执行AGV分配局部搜索，当前完工时间: 1685.00
2025-04-08 16:05:05,478 - DEBUG - 局部搜索未能改进当前解
2025-04-08 16:05:05,482 - DEBUG - 执行AGV分配局部搜索，当前完工时间: 1660.00
2025-04-08 16:05:05,487 - DEBUG - 局部搜索未能改进当前解
2025-04-08 16:05:05,491 - DEBUG - 执行AGV分配局部搜索，当前完工时间: 1729.00
2025-04-08 16:05:05,495 - DEBUG - AGV分配局部搜索成功！完工时间从 1729.00 降低到 1721.00，改进: 8.00 (0.46%)
2025-04-08 16:05:05,499 - DEBUG - 执行AGV分配局部搜索，当前完工时间: 1696.00
2025-04-08 16:05:05,503 - DEBUG - 局部搜索未能改进当前解
2025-04-08 16:05:05,508 - DEBUG - 执行AGV分配局部搜索，当前完工时间: 1693.00
2025-04-08 16:05:05,512 - DEBUG - 局部搜索未能改进当前解
2025-04-08 16:05:05,516 - DEBUG - 执行AGV分配局部搜索，当前完工时间: 1666.00
2025-04-08 16:05:05,520 - DEBUG - 局部搜索未能改进当前解
2025-04-08 16:05:05,524 - DEBUG - 执行AGV分配局部搜索，当前完工时间: 1695.00
2025-04-08 16:05:05,528 - DEBUG - 局部搜索未能改进当前解
2025-04-08 16:05:05,532 - DEBUG - 执行AGV分配局部搜索，当前完工时间: 1666.00
2025-04-08 16:05:05,537 - DEBUG - 局部搜索未能改进当前解
2025-04-08 16:05:05,541 - DEBUG - 执行AGV分配局部搜索，当前完工时间: 1704.00
2025-04-08 16:05:05,545 - DEBUG - 局部搜索未能改进当前解
2025-04-08 16:05:05,550 - DEBUG - 执行AGV分配局部搜索，当前完工时间: 1658.00
2025-04-08 16:05:05,554 - DEBUG - 局部搜索未能改进当前解
2025-04-08 16:05:05,558 - DEBUG - 执行AGV分配局部搜索，当前完工时间: 1783.00
2025-04-08 16:05:05,563 - DEBUG - AGV分配局部搜索成功！完工时间从 1783.00 降低到 1710.00，改进: 73.00 (4.09%)
2025-04-08 16:05:05,568 - DEBUG - 执行AGV分配局部搜索，当前完工时间: 1681.00
2025-04-08 16:05:05,572 - DEBUG - 局部搜索未能改进当前解
2025-04-08 16:05:05,578 - DEBUG - 执行AGV分配局部搜索，当前完工时间: 1767.00
2025-04-08 16:05:05,582 - DEBUG - 局部搜索未能改进当前解
2025-04-08 16:05:05,586 - DEBUG - 执行AGV分配局部搜索，当前完工时间: 1658.00
2025-04-08 16:05:05,590 - DEBUG - 局部搜索未能改进当前解
2025-04-08 16:05:05,595 - DEBUG - 执行AGV分配局部搜索，当前完工时间: 1769.00
2025-04-08 16:05:05,599 - DEBUG - 局部搜索未能改进当前解
2025-04-08 16:05:05,602 - DEBUG - 执行AGV分配局部搜索，当前完工时间: 1698.00
2025-04-08 16:05:05,606 - DEBUG - 局部搜索未能改进当前解
2025-04-08 16:05:05,611 - DEBUG - 执行AGV分配局部搜索，当前完工时间: 1718.00
2025-04-08 16:05:05,615 - DEBUG - 局部搜索未能改进当前解
2025-04-08 16:05:05,619 - DEBUG - 执行AGV分配局部搜索，当前完工时间: 1742.00
2025-04-08 16:05:05,625 - DEBUG - 局部搜索未能改进当前解
2025-04-08 16:05:05,629 - DEBUG - 执行AGV分配局部搜索，当前完工时间: 1705.00
2025-04-08 16:05:05,633 - DEBUG - 局部搜索未能改进当前解
2025-04-08 16:05:05,637 - DEBUG - 执行AGV分配局部搜索，当前完工时间: 1689.00
2025-04-08 16:05:05,641 - DEBUG - 局部搜索未能改进当前解
2025-04-08 16:05:05,645 - DEBUG - 执行AGV分配局部搜索，当前完工时间: 1671.00
2025-04-08 16:05:05,649 - DEBUG - 局部搜索未能改进当前解
2025-04-08 16:05:05,654 - DEBUG - 执行AGV分配局部搜索，当前完工时间: 1714.00
2025-04-08 16:05:05,659 - DEBUG - 局部搜索未能改进当前解
2025-04-08 16:05:05,662 - DEBUG - 执行AGV分配局部搜索，当前完工时间: 1731.00
2025-04-08 16:05:05,666 - DEBUG - 局部搜索未能改进当前解
2025-04-08 16:05:05,671 - DEBUG - 执行AGV分配局部搜索，当前完工时间: 1729.00
2025-04-08 16:05:05,675 - DEBUG - 局部搜索未能改进当前解
2025-04-08 16:05:05,679 - DEBUG - 执行AGV分配局部搜索，当前完工时间: 1793.00
2025-04-08 16:05:05,683 - DEBUG - 局部搜索未能改进当前解
2025-04-08 16:05:05,687 - DEBUG - 执行AGV分配局部搜索，当前完工时间: 1694.00
2025-04-08 16:05:05,691 - DEBUG - 局部搜索未能改进当前解
2025-04-08 16:05:05,695 - DEBUG - 执行AGV分配局部搜索，当前完工时间: 1769.00
2025-04-08 16:05:05,700 - DEBUG - AGV分配局部搜索成功！完工时间从 1769.00 降低到 1743.00，改进: 26.00 (1.47%)
2025-04-08 16:05:05,704 - DEBUG - 执行AGV分配局部搜索，当前完工时间: 1783.00
2025-04-08 16:05:05,707 - DEBUG - 局部搜索未能改进当前解
2025-04-08 16:05:05,712 - DEBUG - 执行AGV分配局部搜索，当前完工时间: 1655.00
2025-04-08 16:05:05,714 - DEBUG - 局部搜索未能改进当前解
2025-04-08 16:05:05,719 - DEBUG - 执行AGV分配局部搜索，当前完工时间: 1775.00
2025-04-08 16:05:05,722 - DEBUG - 局部搜索未能改进当前解
2025-04-08 16:05:05,726 - DEBUG - 执行AGV分配局部搜索，当前完工时间: 1671.00
2025-04-08 16:05:05,730 - DEBUG - 局部搜索未能改进当前解
2025-04-08 16:05:05,734 - DEBUG - 执行AGV分配局部搜索，当前完工时间: 1685.00
2025-04-08 16:05:05,737 - DEBUG - 局部搜索未能改进当前解
2025-04-08 16:05:05,741 - DEBUG - 执行AGV分配局部搜索，当前完工时间: 1666.00
2025-04-08 16:05:05,744 - DEBUG - 局部搜索未能改进当前解
2025-04-08 16:05:05,748 - DEBUG - 执行AGV分配局部搜索，当前完工时间: 1829.00
2025-04-08 16:05:05,751 - DEBUG - 局部搜索未能改进当前解
2025-04-08 16:05:05,755 - DEBUG - 执行AGV分配局部搜索，当前完工时间: 1680.00
2025-04-08 16:05:05,758 - DEBUG - 局部搜索未能改进当前解
2025-04-08 16:05:05,762 - DEBUG - 执行AGV分配局部搜索，当前完工时间: 1703.00
2025-04-08 16:05:05,766 - DEBUG - 局部搜索未能改进当前解
2025-04-08 16:05:05,770 - DEBUG - 执行AGV分配局部搜索，当前完工时间: 1659.00
2025-04-08 16:05:05,774 - DEBUG - 局部搜索未能改进当前解
2025-04-08 16:05:05,776 - DEBUG - 执行AGV分配局部搜索，当前完工时间: 1654.00
2025-04-08 16:05:05,781 - DEBUG - 局部搜索未能改进当前解
2025-04-08 16:05:05,785 - DEBUG - 执行AGV分配局部搜索，当前完工时间: 1644.00
2025-04-08 16:05:05,788 - DEBUG - 局部搜索未能改进当前解
2025-04-08 16:05:05,792 - DEBUG - 执行AGV分配局部搜索，当前完工时间: 1669.00
2025-04-08 16:05:05,795 - DEBUG - AGV分配局部搜索成功！完工时间从 1669.00 降低到 1646.00，改进: 23.00 (1.38%)
2025-04-08 16:05:05,799 - DEBUG - 执行AGV分配局部搜索，当前完工时间: 1729.00
2025-04-08 16:05:05,802 - DEBUG - AGV分配局部搜索成功！完工时间从 1729.00 降低到 1699.00，改进: 30.00 (1.74%)
2025-04-08 16:05:05,806 - DEBUG - 执行AGV分配局部搜索，当前完工时间: 1762.00
2025-04-08 16:05:05,809 - DEBUG - 局部搜索未能改进当前解
2025-04-08 16:05:05,813 - DEBUG - 执行AGV分配局部搜索，当前完工时间: 1730.00
2025-04-08 16:05:05,817 - DEBUG - 局部搜索未能改进当前解
2025-04-08 16:05:05,821 - DEBUG - 执行AGV分配局部搜索，当前完工时间: 1750.00
2025-04-08 16:05:05,825 - DEBUG - 局部搜索未能改进当前解
2025-04-08 16:05:05,829 - DEBUG - 执行AGV分配局部搜索，当前完工时间: 1673.00
2025-04-08 16:05:05,832 - DEBUG - 局部搜索未能改进当前解
2025-04-08 16:05:05,836 - DEBUG - 执行AGV分配局部搜索，当前完工时间: 1708.00
2025-04-08 16:05:05,840 - DEBUG - 局部搜索未能改进当前解
2025-04-08 16:05:05,844 - DEBUG - 执行AGV分配局部搜索，当前完工时间: 1682.00
2025-04-08 16:05:05,848 - DEBUG - 局部搜索未能改进当前解
2025-04-08 16:05:05,852 - DEBUG - 执行AGV分配局部搜索，当前完工时间: 1658.00
2025-04-08 16:05:05,855 - DEBUG - 局部搜索未能改进当前解
2025-04-08 16:05:05,859 - DEBUG - 执行AGV分配局部搜索，当前完工时间: 1689.00
2025-04-08 16:05:05,862 - DEBUG - 局部搜索未能改进当前解
2025-04-08 16:05:05,867 - DEBUG - 执行AGV分配局部搜索，当前完工时间: 1666.00
2025-04-08 16:05:05,870 - DEBUG - 局部搜索未能改进当前解
2025-04-08 16:05:05,874 - DEBUG - 执行AGV分配局部搜索，当前完工时间: 1706.00
2025-04-08 16:05:05,878 - DEBUG - 局部搜索未能改进当前解
2025-04-08 16:05:05,881 - DEBUG - 执行AGV分配局部搜索，当前完工时间: 1696.00
2025-04-08 16:05:05,885 - DEBUG - 局部搜索未能改进当前解
2025-04-08 16:05:05,888 - DEBUG - 执行AGV分配局部搜索，当前完工时间: 1674.00
2025-04-08 16:05:05,893 - DEBUG - 局部搜索未能改进当前解
2025-04-08 16:05:05,897 - DEBUG - 执行AGV分配局部搜索，当前完工时间: 1633.00
2025-04-08 16:05:05,900 - DEBUG - 局部搜索未能改进当前解
2025-04-08 16:05:05,904 - DEBUG - 执行AGV分配局部搜索，当前完工时间: 1695.00
2025-04-08 16:05:05,907 - DEBUG - 局部搜索未能改进当前解
2025-04-08 16:05:05,912 - DEBUG - 执行AGV分配局部搜索，当前完工时间: 1661.00
2025-04-08 16:05:05,916 - DEBUG - 局部搜索未能改进当前解
2025-04-08 16:05:05,921 - DEBUG - 执行AGV分配局部搜索，当前完工时间: 1729.00
2025-04-08 16:05:05,925 - DEBUG - AGV分配局部搜索成功！完工时间从 1729.00 降低到 1721.00，改进: 8.00 (0.46%)
2025-04-08 16:05:05,929 - DEBUG - 执行AGV分配局部搜索，当前完工时间: 1678.00
2025-04-08 16:05:05,933 - DEBUG - 局部搜索未能改进当前解
2025-04-08 16:05:05,937 - DEBUG - 执行AGV分配局部搜索，当前完工时间: 1674.00
2025-04-08 16:05:05,941 - DEBUG - AGV分配局部搜索成功！完工时间从 1674.00 降低到 1671.00，改进: 3.00 (0.18%)
2025-04-08 16:05:05,945 - DEBUG - 执行AGV分配局部搜索，当前完工时间: 1778.00
2025-04-08 16:05:05,949 - DEBUG - 局部搜索未能改进当前解
2025-04-08 16:05:05,954 - DEBUG - 执行AGV分配局部搜索，当前完工时间: 1680.00
2025-04-08 16:05:05,958 - DEBUG - 局部搜索未能改进当前解
2025-04-08 16:05:05,962 - DEBUG - 执行AGV分配局部搜索，当前完工时间: 1662.00
2025-04-08 16:05:05,966 - DEBUG - 局部搜索未能改进当前解
2025-04-08 16:05:05,970 - DEBUG - 执行AGV分配局部搜索，当前完工时间: 1743.00
2025-04-08 16:05:05,974 - DEBUG - 局部搜索未能改进当前解
2025-04-08 16:05:05,979 - DEBUG - 执行AGV分配局部搜索，当前完工时间: 1919.00
2025-04-08 16:05:05,984 - DEBUG - AGV分配局部搜索成功！完工时间从 1919.00 降低到 1867.00，改进: 52.00 (2.71%)
2025-04-08 16:05:05,989 - DEBUG - 执行AGV分配局部搜索，当前完工时间: 1692.00
2025-04-08 16:05:05,992 - DEBUG - 局部搜索未能改进当前解
2025-04-08 16:05:05,997 - DEBUG - 执行AGV分配局部搜索，当前完工时间: 1659.00
2025-04-08 16:05:06,001 - DEBUG - 局部搜索未能改进当前解
2025-04-08 16:05:06,005 - DEBUG - 执行AGV分配局部搜索，当前完工时间: 1679.00
2025-04-08 16:05:06,009 - DEBUG - 局部搜索未能改进当前解
2025-04-08 16:05:06,014 - DEBUG - 执行AGV分配局部搜索，当前完工时间: 1781.00
2025-04-08 16:05:06,018 - DEBUG - 局部搜索未能改进当前解
2025-04-08 16:05:06,022 - DEBUG - 执行AGV分配局部搜索，当前完工时间: 1694.00
2025-04-08 16:05:06,026 - DEBUG - 局部搜索未能改进当前解
2025-04-08 16:05:06,031 - DEBUG - 执行AGV分配局部搜索，当前完工时间: 1652.00
2025-04-08 16:05:06,035 - DEBUG - 局部搜索未能改进当前解
2025-04-08 16:05:06,040 - DEBUG - 执行AGV分配局部搜索，当前完工时间: 1673.00
2025-04-08 16:05:06,043 - DEBUG - 局部搜索未能改进当前解
2025-04-08 16:05:06,047 - DEBUG - 执行AGV分配局部搜索，当前完工时间: 1644.00
2025-04-08 16:05:06,052 - DEBUG - 局部搜索未能改进当前解
2025-04-08 16:05:06,056 - DEBUG - 执行AGV分配局部搜索，当前完工时间: 1706.00
2025-04-08 16:05:06,060 - DEBUG - AGV分配局部搜索成功！完工时间从 1706.00 降低到 1682.00，改进: 24.00 (1.41%)
2025-04-08 16:05:06,064 - DEBUG - 执行AGV分配局部搜索，当前完工时间: 1697.00
2025-04-08 16:05:06,070 - DEBUG - 局部搜索未能改进当前解
2025-04-08 16:05:06,074 - DEBUG - 执行AGV分配局部搜索，当前完工时间: 1638.00
2025-04-08 16:05:06,079 - DEBUG - 局部搜索未能改进当前解
2025-04-08 16:05:06,084 - DEBUG - 执行AGV分配局部搜索，当前完工时间: 1702.00
2025-04-08 16:05:06,089 - DEBUG - 局部搜索未能改进当前解
2025-04-08 16:05:06,093 - DEBUG - 执行AGV分配局部搜索，当前完工时间: 1754.00
2025-04-08 16:05:06,097 - DEBUG - 局部搜索未能改进当前解
2025-04-08 16:05:06,101 - DEBUG - 执行AGV分配局部搜索，当前完工时间: 1767.00
2025-04-08 16:05:06,105 - DEBUG - AGV分配局部搜索成功！完工时间从 1767.00 降低到 1751.00，改进: 16.00 (0.91%)
2025-04-08 16:05:06,109 - DEBUG - 执行AGV分配局部搜索，当前完工时间: 1715.00
2025-04-08 16:05:06,112 - DEBUG - 局部搜索未能改进当前解
2025-04-08 16:05:06,117 - DEBUG - 执行AGV分配局部搜索，当前完工时间: 1663.00
2025-04-08 16:05:06,120 - DEBUG - 局部搜索未能改进当前解
2025-04-08 16:05:06,125 - DEBUG - 执行AGV分配局部搜索，当前完工时间: 1698.00
2025-04-08 16:05:06,128 - DEBUG - 局部搜索未能改进当前解
2025-04-08 16:05:06,129 - DEBUG - ==================================================
2025-04-08 16:05:06,129 - DEBUG - Efficiency Statistics of Local Search :
2025-04-08 16:05:06,129 - DEBUG - Number of attempts: 99
2025-04-08 16:05:06,129 - DEBUG - Average Success Rate: 10.10%
2025-04-08 16:05:06,129 - DEBUG - AGV Local Search Success: 10，Average Improvement: 26.30
2025-04-08 16:05:06,132 - DEBUG - 执行AGV分配局部搜索，当前完工时间: 1759.00
2025-04-08 16:05:06,137 - DEBUG - AGV分配局部搜索成功！完工时间从 1759.00 降低到 1751.00，改进: 8.00 (0.45%)
2025-04-08 16:05:06,142 - DEBUG - 执行AGV分配局部搜索，当前完工时间: 1693.00
2025-04-08 16:05:06,147 - DEBUG - 局部搜索未能改进当前解
2025-04-08 16:05:06,151 - DEBUG - 执行AGV分配局部搜索，当前完工时间: 1807.00
2025-04-08 16:05:06,155 - DEBUG - 局部搜索未能改进当前解
2025-04-08 16:05:06,160 - DEBUG - 执行AGV分配局部搜索，当前完工时间: 1700.00
2025-04-08 16:05:06,164 - DEBUG - 局部搜索未能改进当前解
2025-04-08 16:05:06,168 - DEBUG - 执行AGV分配局部搜索，当前完工时间: 1658.00
2025-04-08 16:05:06,173 - DEBUG - 局部搜索未能改进当前解
2025-04-08 16:05:06,176 - DEBUG - 执行AGV分配局部搜索，当前完工时间: 1708.00
2025-04-08 16:05:06,179 - DEBUG - 局部搜索未能改进当前解
2025-04-08 16:05:06,184 - DEBUG - 执行AGV分配局部搜索，当前完工时间: 1703.00
2025-04-08 16:05:06,189 - DEBUG - 局部搜索未能改进当前解
2025-04-08 16:05:06,193 - DEBUG - 执行AGV分配局部搜索，当前完工时间: 1744.00
2025-04-08 16:05:06,197 - DEBUG - 局部搜索未能改进当前解
2025-04-08 16:05:06,201 - DEBUG - 执行AGV分配局部搜索，当前完工时间: 1670.00
2025-04-08 16:05:06,205 - DEBUG - 局部搜索未能改进当前解
2025-04-08 16:05:06,209 - DEBUG - 执行AGV分配局部搜索，当前完工时间: 1691.00
2025-04-08 16:05:06,212 - DEBUG - 局部搜索未能改进当前解
2025-04-08 16:05:06,216 - DEBUG - 执行AGV分配局部搜索，当前完工时间: 1644.00
2025-04-08 16:05:06,220 - DEBUG - 局部搜索未能改进当前解
2025-04-08 16:05:06,225 - DEBUG - 执行AGV分配局部搜索，当前完工时间: 1675.00
2025-04-08 16:05:06,229 - DEBUG - 局部搜索未能改进当前解
2025-04-08 16:05:06,234 - DEBUG - 执行AGV分配局部搜索，当前完工时间: 1658.00
2025-04-08 16:05:06,238 - DEBUG - 局部搜索未能改进当前解
2025-04-08 16:05:06,243 - DEBUG - 执行AGV分配局部搜索，当前完工时间: 1663.00
2025-04-08 16:05:06,247 - DEBUG - 局部搜索未能改进当前解
2025-04-08 16:05:06,250 - DEBUG - 执行AGV分配局部搜索，当前完工时间: 1754.00
2025-04-08 16:05:06,254 - DEBUG - 局部搜索未能改进当前解
2025-04-08 16:05:06,258 - DEBUG - 执行AGV分配局部搜索，当前完工时间: 1710.00
2025-04-08 16:05:06,262 - DEBUG - 局部搜索未能改进当前解
2025-04-08 16:05:06,266 - DEBUG - 执行AGV分配局部搜索，当前完工时间: 1763.00
2025-04-08 16:05:06,270 - DEBUG - 局部搜索未能改进当前解
2025-04-08 16:05:06,275 - DEBUG - 执行AGV分配局部搜索，当前完工时间: 1720.00
2025-04-08 16:05:06,278 - DEBUG - 局部搜索未能改进当前解
2025-04-08 16:05:06,281 - DEBUG - 执行AGV分配局部搜索，当前完工时间: 1725.00
2025-04-08 16:05:06,286 - DEBUG - 局部搜索未能改进当前解
2025-04-08 16:05:06,290 - DEBUG - 执行AGV分配局部搜索，当前完工时间: 1675.00
2025-04-08 16:05:06,293 - DEBUG - 局部搜索未能改进当前解
2025-04-08 16:05:06,297 - DEBUG - 执行AGV分配局部搜索，当前完工时间: 1726.00
2025-04-08 16:05:06,300 - DEBUG - 局部搜索未能改进当前解
2025-04-08 16:05:06,304 - DEBUG - 执行AGV分配局部搜索，当前完工时间: 1710.00
2025-04-08 16:05:06,308 - DEBUG - 局部搜索未能改进当前解
2025-04-08 16:05:06,312 - DEBUG - 执行AGV分配局部搜索，当前完工时间: 1671.00
2025-04-08 16:05:06,315 - DEBUG - 局部搜索未能改进当前解
2025-04-08 16:05:06,319 - DEBUG - 执行AGV分配局部搜索，当前完工时间: 1738.00
2025-04-08 16:05:06,322 - DEBUG - 局部搜索未能改进当前解
2025-04-08 16:05:06,327 - DEBUG - 执行AGV分配局部搜索，当前完工时间: 1669.00
2025-04-08 16:05:06,330 - DEBUG - 局部搜索未能改进当前解
2025-04-08 16:05:06,333 - DEBUG - 执行AGV分配局部搜索，当前完工时间: 1729.00
2025-04-08 16:05:06,337 - DEBUG - 局部搜索未能改进当前解
2025-04-08 16:05:06,341 - DEBUG - 执行AGV分配局部搜索，当前完工时间: 1737.00
2025-04-08 16:05:06,345 - DEBUG - 局部搜索未能改进当前解
2025-04-08 16:05:06,349 - DEBUG - 执行AGV分配局部搜索，当前完工时间: 1666.00
2025-04-08 16:05:06,352 - DEBUG - 局部搜索未能改进当前解
2025-04-08 16:05:06,356 - DEBUG - 执行AGV分配局部搜索，当前完工时间: 1674.00
2025-04-08 16:05:06,359 - DEBUG - 局部搜索未能改进当前解
2025-04-08 16:05:06,363 - DEBUG - 执行AGV分配局部搜索，当前完工时间: 1675.00
2025-04-08 16:05:06,366 - DEBUG - 局部搜索未能改进当前解
2025-04-08 16:05:06,370 - DEBUG - 执行AGV分配局部搜索，当前完工时间: 1663.00
2025-04-08 16:05:06,373 - DEBUG - 局部搜索未能改进当前解
2025-04-08 16:05:06,377 - DEBUG - 执行AGV分配局部搜索，当前完工时间: 1640.00
2025-04-08 16:05:06,381 - DEBUG - 局部搜索未能改进当前解
2025-04-08 16:05:06,385 - DEBUG - 执行AGV分配局部搜索，当前完工时间: 1679.00
2025-04-08 16:05:06,388 - DEBUG - 局部搜索未能改进当前解
2025-04-08 16:05:06,393 - DEBUG - 执行AGV分配局部搜索，当前完工时间: 1727.00
2025-04-08 16:05:06,396 - DEBUG - 局部搜索未能改进当前解
2025-04-08 16:05:06,400 - DEBUG - 执行AGV分配局部搜索，当前完工时间: 1662.00
2025-04-08 16:05:06,404 - DEBUG - 局部搜索未能改进当前解
2025-04-08 16:05:06,407 - DEBUG - 执行AGV分配局部搜索，当前完工时间: 1751.00
2025-04-08 16:05:06,410 - DEBUG - 局部搜索未能改进当前解
2025-04-08 16:05:06,414 - DEBUG - 执行AGV分配局部搜索，当前完工时间: 1679.00
2025-04-08 16:05:06,419 - DEBUG - 局部搜索未能改进当前解
2025-04-08 16:05:06,422 - DEBUG - 执行AGV分配局部搜索，当前完工时间: 1695.00
2025-04-08 16:05:06,427 - DEBUG - 局部搜索未能改进当前解
2025-04-08 16:05:06,431 - DEBUG - 执行AGV分配局部搜索，当前完工时间: 1696.00
2025-04-08 16:05:06,434 - DEBUG - 局部搜索未能改进当前解
2025-04-08 16:05:06,438 - DEBUG - 执行AGV分配局部搜索，当前完工时间: 1691.00
2025-04-08 16:05:06,441 - DEBUG - AGV分配局部搜索成功！完工时间从 1691.00 降低到 1660.00，改进: 31.00 (1.83%)
2025-04-08 16:05:06,445 - DEBUG - 执行AGV分配局部搜索，当前完工时间: 1703.00
2025-04-08 16:05:06,448 - DEBUG - AGV分配局部搜索成功！完工时间从 1703.00 降低到 1701.00，改进: 2.00 (0.12%)
2025-04-08 16:05:06,453 - DEBUG - 执行AGV分配局部搜索，当前完工时间: 1758.00
2025-04-08 16:05:06,457 - DEBUG - AGV分配局部搜索成功！完工时间从 1758.00 降低到 1741.00，改进: 17.00 (0.97%)
2025-04-08 16:05:06,460 - DEBUG - 执行AGV分配局部搜索，当前完工时间: 1637.00
2025-04-08 16:05:06,464 - DEBUG - 局部搜索未能改进当前解
2025-04-08 16:05:06,468 - DEBUG - 执行AGV分配局部搜索，当前完工时间: 1653.00
2025-04-08 16:05:06,471 - DEBUG - 局部搜索未能改进当前解
2025-04-08 16:05:06,475 - DEBUG - 执行AGV分配局部搜索，当前完工时间: 1806.00
2025-04-08 16:05:06,479 - DEBUG - 局部搜索未能改进当前解
2025-04-08 16:05:06,483 - DEBUG - 执行AGV分配局部搜索，当前完工时间: 1762.00
2025-04-08 16:05:06,486 - DEBUG - 局部搜索未能改进当前解
2025-04-08 16:05:06,491 - DEBUG - 执行AGV分配局部搜索，当前完工时间: 1636.00
2025-04-08 16:05:06,494 - DEBUG - 局部搜索未能改进当前解
2025-04-08 16:05:06,497 - DEBUG - 执行AGV分配局部搜索，当前完工时间: 1677.00
2025-04-08 16:05:06,502 - DEBUG - 局部搜索未能改进当前解
2025-04-08 16:05:06,505 - DEBUG - 执行AGV分配局部搜索，当前完工时间: 1630.00
2025-04-08 16:05:06,510 - DEBUG - 局部搜索未能改进当前解
2025-04-08 16:05:06,514 - DEBUG - 执行AGV分配局部搜索，当前完工时间: 1753.00
2025-04-08 16:05:06,518 - DEBUG - 局部搜索未能改进当前解
2025-04-08 16:05:06,520 - DEBUG - 执行AGV分配局部搜索，当前完工时间: 1685.00
2025-04-08 16:05:06,524 - DEBUG - 局部搜索未能改进当前解
2025-04-08 16:05:06,529 - DEBUG - 执行AGV分配局部搜索，当前完工时间: 1660.00
2025-04-08 16:05:06,532 - DEBUG - 局部搜索未能改进当前解
2025-04-08 16:05:06,536 - DEBUG - 执行AGV分配局部搜索，当前完工时间: 1666.00
2025-04-08 16:05:06,541 - DEBUG - AGV分配局部搜索成功！完工时间从 1666.00 降低到 1652.00，改进: 14.00 (0.84%)
2025-04-08 16:05:06,544 - DEBUG - 执行AGV分配局部搜索，当前完工时间: 1735.00
2025-04-08 16:05:06,548 - DEBUG - 局部搜索未能改进当前解
2025-04-08 16:05:06,552 - DEBUG - 执行AGV分配局部搜索，当前完工时间: 1687.00
2025-04-08 16:05:06,555 - DEBUG - 局部搜索未能改进当前解
2025-04-08 16:05:06,559 - DEBUG - 执行AGV分配局部搜索，当前完工时间: 1682.00
2025-04-08 16:05:06,562 - DEBUG - 局部搜索未能改进当前解
2025-04-08 16:05:06,568 - DEBUG - 执行AGV分配局部搜索，当前完工时间: 1721.00
2025-04-08 16:05:06,573 - DEBUG - 局部搜索未能改进当前解
2025-04-08 16:05:06,577 - DEBUG - 执行AGV分配局部搜索，当前完工时间: 1659.00
2025-04-08 16:05:06,580 - DEBUG - 局部搜索未能改进当前解
2025-04-08 16:05:06,583 - DEBUG - 执行AGV分配局部搜索，当前完工时间: 1694.00
2025-04-08 16:05:06,587 - DEBUG - 局部搜索未能改进当前解
2025-04-08 16:05:06,592 - DEBUG - 执行AGV分配局部搜索，当前完工时间: 1687.00
2025-04-08 16:05:06,595 - DEBUG - 局部搜索未能改进当前解
2025-04-08 16:05:06,598 - DEBUG - 执行AGV分配局部搜索，当前完工时间: 1662.00
2025-04-08 16:05:06,602 - DEBUG - 局部搜索未能改进当前解
2025-04-08 16:05:06,606 - DEBUG - 执行AGV分配局部搜索，当前完工时间: 1655.00
2025-04-08 16:05:06,609 - DEBUG - 局部搜索未能改进当前解
2025-04-08 16:05:06,613 - DEBUG - 执行AGV分配局部搜索，当前完工时间: 1688.00
2025-04-08 16:05:06,617 - DEBUG - 局部搜索未能改进当前解
2025-04-08 16:05:06,621 - DEBUG - 执行AGV分配局部搜索，当前完工时间: 1673.00
2025-04-08 16:05:06,624 - DEBUG - 局部搜索未能改进当前解
2025-04-08 16:05:06,628 - DEBUG - 执行AGV分配局部搜索，当前完工时间: 1644.00
2025-04-08 16:05:06,631 - DEBUG - 局部搜索未能改进当前解
2025-04-08 16:05:06,635 - DEBUG - 执行AGV分配局部搜索，当前完工时间: 1685.00
2025-04-08 16:05:06,639 - DEBUG - 局部搜索未能改进当前解
2025-04-08 16:05:06,643 - DEBUG - 执行AGV分配局部搜索，当前完工时间: 1662.00
2025-04-08 16:05:06,646 - DEBUG - 局部搜索未能改进当前解
2025-04-08 16:05:06,650 - DEBUG - 执行AGV分配局部搜索，当前完工时间: 1671.00
2025-04-08 16:05:06,654 - DEBUG - 局部搜索未能改进当前解
2025-04-08 16:05:06,657 - DEBUG - 执行AGV分配局部搜索，当前完工时间: 1713.00
2025-04-08 16:05:06,662 - DEBUG - 局部搜索未能改进当前解
2025-04-08 16:05:06,666 - DEBUG - 执行AGV分配局部搜索，当前完工时间: 1646.00
2025-04-08 16:05:06,669 - DEBUG - 局部搜索未能改进当前解
2025-04-08 16:05:06,673 - DEBUG - 执行AGV分配局部搜索，当前完工时间: 1743.00
2025-04-08 16:05:06,677 - DEBUG - 局部搜索未能改进当前解
2025-04-08 16:05:06,680 - DEBUG - 执行AGV分配局部搜索，当前完工时间: 1704.00
2025-04-08 16:05:06,684 - DEBUG - 局部搜索未能改进当前解
2025-04-08 16:05:06,687 - DEBUG - 执行AGV分配局部搜索，当前完工时间: 1736.00
2025-04-08 16:05:06,690 - DEBUG - 局部搜索未能改进当前解
2025-04-08 16:05:06,694 - DEBUG - 执行AGV分配局部搜索，当前完工时间: 1719.00
2025-04-08 16:05:06,699 - DEBUG - 局部搜索未能改进当前解
2025-04-08 16:05:06,702 - DEBUG - 执行AGV分配局部搜索，当前完工时间: 1658.00
2025-04-08 16:05:06,706 - DEBUG - AGV分配局部搜索成功！完工时间从 1658.00 降低到 1656.00，改进: 2.00 (0.12%)
2025-04-08 16:05:06,709 - DEBUG - 执行AGV分配局部搜索，当前完工时间: 1660.00
2025-04-08 16:05:06,713 - DEBUG - 局部搜索未能改进当前解
2025-04-08 16:05:06,716 - DEBUG - 执行AGV分配局部搜索，当前完工时间: 1692.00
2025-04-08 16:05:06,721 - DEBUG - 局部搜索未能改进当前解
2025-04-08 16:05:06,725 - DEBUG - 执行AGV分配局部搜索，当前完工时间: 1760.00
2025-04-08 16:05:06,729 - DEBUG - AGV分配局部搜索成功！完工时间从 1760.00 降低到 1718.00，改进: 42.00 (2.39%)
2025-04-08 16:05:06,732 - DEBUG - 执行AGV分配局部搜索，当前完工时间: 1686.00
2025-04-08 16:05:06,736 - DEBUG - AGV分配局部搜索成功！完工时间从 1686.00 降低到 1681.00，改进: 5.00 (0.30%)
2025-04-08 16:05:06,739 - DEBUG - 执行AGV分配局部搜索，当前完工时间: 1719.00
2025-04-08 16:05:06,743 - DEBUG - 局部搜索未能改进当前解
2025-04-08 16:05:06,747 - DEBUG - 执行AGV分配局部搜索，当前完工时间: 1702.00
2025-04-08 16:05:06,751 - DEBUG - 局部搜索未能改进当前解
2025-04-08 16:05:06,754 - DEBUG - 执行AGV分配局部搜索，当前完工时间: 1651.00
2025-04-08 16:05:06,757 - DEBUG - 局部搜索未能改进当前解
2025-04-08 16:05:06,762 - DEBUG - 执行AGV分配局部搜索，当前完工时间: 1749.00
2025-04-08 16:05:06,765 - DEBUG - 局部搜索未能改进当前解
2025-04-08 16:05:06,769 - DEBUG - 执行AGV分配局部搜索，当前完工时间: 1688.00
2025-04-08 16:05:06,773 - DEBUG - 局部搜索未能改进当前解
2025-04-08 16:05:06,777 - DEBUG - 执行AGV分配局部搜索，当前完工时间: 1693.00
2025-04-08 16:05:06,780 - DEBUG - 局部搜索未能改进当前解
2025-04-08 16:05:06,785 - DEBUG - 执行AGV分配局部搜索，当前完工时间: 1676.00
2025-04-08 16:05:06,788 - DEBUG - 局部搜索未能改进当前解
2025-04-08 16:05:06,792 - DEBUG - 执行AGV分配局部搜索，当前完工时间: 1750.00
2025-04-08 16:05:06,795 - DEBUG - 局部搜索未能改进当前解
2025-04-08 16:05:06,800 - DEBUG - 执行AGV分配局部搜索，当前完工时间: 1763.00
2025-04-08 16:05:06,803 - DEBUG - 局部搜索未能改进当前解
2025-04-08 16:05:06,806 - DEBUG - 执行AGV分配局部搜索，当前完工时间: 1719.00
2025-04-08 16:05:06,810 - DEBUG - 局部搜索未能改进当前解
2025-04-08 16:05:06,812 - DEBUG - 执行AGV分配局部搜索，当前完工时间: 1695.00
2025-04-08 16:05:06,817 - DEBUG - 局部搜索未能改进当前解
2025-04-08 16:05:06,821 - DEBUG - 执行AGV分配局部搜索，当前完工时间: 1689.00
2025-04-08 16:05:06,824 - DEBUG - AGV分配局部搜索成功！完工时间从 1689.00 降低到 1673.00，改进: 16.00 (0.95%)
2025-04-08 16:05:06,828 - DEBUG - 执行AGV分配局部搜索，当前完工时间: 1700.00
2025-04-08 16:05:06,832 - DEBUG - 局部搜索未能改进当前解
2025-04-08 16:05:06,835 - DEBUG - 执行AGV分配局部搜索，当前完工时间: 1733.00
2025-04-08 16:05:06,840 - DEBUG - 局部搜索未能改进当前解
2025-04-08 16:05:06,842 - DEBUG - 执行AGV分配局部搜索，当前完工时间: 1689.00
2025-04-08 16:05:06,847 - DEBUG - 局部搜索未能改进当前解
2025-04-08 16:05:06,850 - DEBUG - 执行AGV分配局部搜索，当前完工时间: 1696.00
2025-04-08 16:05:06,854 - DEBUG - 局部搜索未能改进当前解
2025-04-08 16:05:06,857 - DEBUG - 执行AGV分配局部搜索，当前完工时间: 1666.00
2025-04-08 16:05:06,861 - DEBUG - 局部搜索未能改进当前解
2025-04-08 16:05:06,864 - DEBUG - 执行AGV分配局部搜索，当前完工时间: 1750.00
2025-04-08 16:05:06,868 - DEBUG - 局部搜索未能改进当前解
2025-04-08 16:05:06,873 - DEBUG - 执行AGV分配局部搜索，当前完工时间: 1859.00
2025-04-08 16:05:06,876 - DEBUG - 局部搜索未能改进当前解
2025-04-08 16:05:06,880 - DEBUG - 执行AGV分配局部搜索，当前完工时间: 1714.00
2025-04-08 16:05:06,883 - DEBUG - 局部搜索未能改进当前解
2025-04-08 16:05:06,884 - DEBUG - ==================================================
2025-04-08 16:05:06,884 - DEBUG - Efficiency Statistics of Local Search :
2025-04-08 16:05:06,884 - DEBUG - Number of attempts: 99
2025-04-08 16:05:06,884 - DEBUG - Average Success Rate: 9.09%
2025-04-08 16:05:06,884 - DEBUG - AGV Local Search Success: 9，Average Improvement: 15.22
2025-04-08 16:05:06,887 - DEBUG - 执行AGV分配局部搜索，当前完工时间: 1651.00
2025-04-08 16:05:06,891 - DEBUG - 局部搜索未能改进当前解
2025-04-08 16:05:06,895 - DEBUG - 执行AGV分配局部搜索，当前完工时间: 1723.00
2025-04-08 16:05:06,899 - DEBUG - 局部搜索未能改进当前解
2025-04-08 16:05:06,903 - DEBUG - 执行AGV分配局部搜索，当前完工时间: 1663.00
2025-04-08 16:05:06,906 - DEBUG - 局部搜索未能改进当前解
2025-04-08 16:05:06,909 - DEBUG - 执行AGV分配局部搜索，当前完工时间: 1702.00
2025-04-08 16:05:06,913 - DEBUG - 局部搜索未能改进当前解
2025-04-08 16:05:06,917 - DEBUG - 执行AGV分配局部搜索，当前完工时间: 1727.00
2025-04-08 16:05:06,921 - DEBUG - 局部搜索未能改进当前解
2025-04-08 16:05:06,924 - DEBUG - 执行AGV分配局部搜索，当前完工时间: 1687.00
2025-04-08 16:05:06,928 - DEBUG - 局部搜索未能改进当前解
2025-04-08 16:05:06,932 - DEBUG - 执行AGV分配局部搜索，当前完工时间: 1662.00
2025-04-08 16:05:06,935 - DEBUG - 局部搜索未能改进当前解
2025-04-08 16:05:06,938 - DEBUG - 执行AGV分配局部搜索，当前完工时间: 1639.00
2025-04-08 16:05:06,943 - DEBUG - AGV分配局部搜索成功！完工时间从 1639.00 降低到 1638.00，改进: 1.00 (0.06%)
2025-04-08 16:05:06,946 - DEBUG - 执行AGV分配局部搜索，当前完工时间: 1681.00
2025-04-08 16:05:06,950 - DEBUG - 局部搜索未能改进当前解
2025-04-08 16:05:06,954 - DEBUG - 执行AGV分配局部搜索，当前完工时间: 1716.00
2025-04-08 16:05:06,957 - DEBUG - 局部搜索未能改进当前解
2025-04-08 16:05:06,961 - DEBUG - 执行AGV分配局部搜索，当前完工时间: 1751.00
2025-04-08 16:05:06,965 - DEBUG - 局部搜索未能改进当前解
2025-04-08 16:05:06,969 - DEBUG - 执行AGV分配局部搜索，当前完工时间: 1662.00
2025-04-08 16:05:06,972 - DEBUG - 局部搜索未能改进当前解
2025-04-08 16:05:06,976 - DEBUG - 执行AGV分配局部搜索，当前完工时间: 1636.00
2025-04-08 16:05:06,979 - DEBUG - 局部搜索未能改进当前解
2025-04-08 16:05:06,982 - DEBUG - 执行AGV分配局部搜索，当前完工时间: 1682.00
2025-04-08 16:05:06,987 - DEBUG - AGV分配局部搜索成功！完工时间从 1682.00 降低到 1676.00，改进: 6.00 (0.36%)
2025-04-08 16:05:06,991 - DEBUG - 执行AGV分配局部搜索，当前完工时间: 1669.00
2025-04-08 16:05:06,995 - DEBUG - 局部搜索未能改进当前解
2025-04-08 16:05:06,998 - DEBUG - 执行AGV分配局部搜索，当前完工时间: 1681.00
2025-04-08 16:05:07,001 - DEBUG - AGV分配局部搜索成功！完工时间从 1681.00 降低到 1664.00，改进: 17.00 (1.01%)
2025-04-08 16:05:07,005 - DEBUG - 执行AGV分配局部搜索，当前完工时间: 1653.00
2025-04-08 16:05:07,009 - DEBUG - 局部搜索未能改进当前解
2025-04-08 16:05:07,013 - DEBUG - 执行AGV分配局部搜索，当前完工时间: 1674.00
2025-04-08 16:05:07,017 - DEBUG - 局部搜索未能改进当前解
2025-04-08 16:05:07,020 - DEBUG - 执行AGV分配局部搜索，当前完工时间: 1625.00
2025-04-08 16:05:07,025 - DEBUG - 局部搜索未能改进当前解
2025-04-08 16:05:07,028 - DEBUG - 执行AGV分配局部搜索，当前完工时间: 1686.00
2025-04-08 16:05:07,031 - DEBUG - 局部搜索未能改进当前解
2025-04-08 16:05:07,035 - DEBUG - 执行AGV分配局部搜索，当前完工时间: 1683.00
2025-04-08 16:05:07,039 - DEBUG - 局部搜索未能改进当前解
2025-04-08 16:05:07,043 - DEBUG - 执行AGV分配局部搜索，当前完工时间: 1729.00
2025-04-08 16:05:07,047 - DEBUG - 局部搜索未能改进当前解
2025-04-08 16:05:07,051 - DEBUG - 执行AGV分配局部搜索，当前完工时间: 1671.00
2025-04-08 16:05:07,054 - DEBUG - AGV分配局部搜索成功！完工时间从 1671.00 降低到 1666.00，改进: 5.00 (0.30%)
2025-04-08 16:05:07,058 - DEBUG - 执行AGV分配局部搜索，当前完工时间: 1709.00
2025-04-08 16:05:07,062 - DEBUG - 局部搜索未能改进当前解
2025-04-08 16:05:07,066 - DEBUG - 执行AGV分配局部搜索，当前完工时间: 1702.00
2025-04-08 16:05:07,069 - DEBUG - 局部搜索未能改进当前解
2025-04-08 16:05:07,073 - DEBUG - 执行AGV分配局部搜索，当前完工时间: 1671.00
2025-04-08 16:05:07,077 - DEBUG - 局部搜索未能改进当前解
2025-04-08 16:05:07,083 - DEBUG - 执行AGV分配局部搜索，当前完工时间: 1651.00
2025-04-08 16:05:07,086 - DEBUG - 局部搜索未能改进当前解
2025-04-08 16:05:07,091 - DEBUG - 执行AGV分配局部搜索，当前完工时间: 1666.00
2025-04-08 16:05:07,094 - DEBUG - 局部搜索未能改进当前解
2025-04-08 16:05:07,100 - DEBUG - 执行AGV分配局部搜索，当前完工时间: 1719.00
2025-04-08 16:05:07,104 - DEBUG - 局部搜索未能改进当前解
2025-04-08 16:05:07,108 - DEBUG - 执行AGV分配局部搜索，当前完工时间: 1713.00
2025-04-08 16:05:07,111 - DEBUG - 局部搜索未能改进当前解
2025-04-08 16:05:07,116 - DEBUG - 执行AGV分配局部搜索，当前完工时间: 1712.00
2025-04-08 16:05:07,120 - DEBUG - 局部搜索未能改进当前解
2025-04-08 16:05:07,124 - DEBUG - 执行AGV分配局部搜索，当前完工时间: 1674.00
2025-04-08 16:05:07,129 - DEBUG - 局部搜索未能改进当前解
2025-04-08 16:05:07,133 - DEBUG - 执行AGV分配局部搜索，当前完工时间: 1697.00
2025-04-08 16:05:07,137 - DEBUG - 局部搜索未能改进当前解
2025-04-08 16:05:07,141 - DEBUG - 执行AGV分配局部搜索，当前完工时间: 1803.00
2025-04-08 16:05:07,145 - DEBUG - 局部搜索未能改进当前解
2025-04-08 16:05:07,149 - DEBUG - 执行AGV分配局部搜索，当前完工时间: 1683.00
2025-04-08 16:05:07,153 - DEBUG - 局部搜索未能改进当前解
2025-04-08 16:05:07,157 - DEBUG - 执行AGV分配局部搜索，当前完工时间: 1747.00
2025-04-08 16:05:07,160 - DEBUG - 局部搜索未能改进当前解
2025-04-08 16:05:07,164 - DEBUG - 执行AGV分配局部搜索，当前完工时间: 1704.00
2025-04-08 16:05:07,169 - DEBUG - 局部搜索未能改进当前解
2025-04-08 16:05:07,172 - DEBUG - 执行AGV分配局部搜索，当前完工时间: 1737.00
2025-04-08 16:05:07,176 - DEBUG - 局部搜索未能改进当前解
2025-04-08 16:05:07,180 - DEBUG - 执行AGV分配局部搜索，当前完工时间: 1670.00
2025-04-08 16:05:07,184 - DEBUG - 局部搜索未能改进当前解
2025-04-08 16:05:07,187 - DEBUG - 执行AGV分配局部搜索，当前完工时间: 1654.00
2025-04-08 16:05:07,191 - DEBUG - 局部搜索未能改进当前解
2025-04-08 16:05:07,195 - DEBUG - 执行AGV分配局部搜索，当前完工时间: 1705.00
2025-04-08 16:05:07,198 - DEBUG - 局部搜索未能改进当前解
2025-04-08 16:05:07,202 - DEBUG - 执行AGV分配局部搜索，当前完工时间: 1652.00
2025-04-08 16:05:07,205 - DEBUG - 局部搜索未能改进当前解
2025-04-08 16:05:07,209 - DEBUG - 执行AGV分配局部搜索，当前完工时间: 1684.00
2025-04-08 16:05:07,213 - DEBUG - 局部搜索未能改进当前解
2025-04-08 16:05:07,216 - DEBUG - 执行AGV分配局部搜索，当前完工时间: 1722.00
2025-04-08 16:05:07,220 - DEBUG - 局部搜索未能改进当前解
2025-04-08 16:05:07,225 - DEBUG - 执行AGV分配局部搜索，当前完工时间: 1644.00
2025-04-08 16:05:07,228 - DEBUG - 局部搜索未能改进当前解
2025-04-08 16:05:07,231 - DEBUG - 执行AGV分配局部搜索，当前完工时间: 1721.00
2025-04-08 16:05:07,236 - DEBUG - 局部搜索未能改进当前解
2025-04-08 16:05:07,238 - DEBUG - 执行AGV分配局部搜索，当前完工时间: 1719.00
2025-04-08 16:05:07,243 - DEBUG - 局部搜索未能改进当前解
2025-04-08 16:05:07,246 - DEBUG - 执行AGV分配局部搜索，当前完工时间: 1780.00
2025-04-08 16:05:07,250 - DEBUG - 局部搜索未能改进当前解
2025-04-08 16:05:07,254 - DEBUG - 执行AGV分配局部搜索，当前完工时间: 1686.00
2025-04-08 16:05:07,259 - DEBUG - 局部搜索未能改进当前解
2025-04-08 16:05:07,262 - DEBUG - 执行AGV分配局部搜索，当前完工时间: 1741.00
2025-04-08 16:05:07,266 - DEBUG - 局部搜索未能改进当前解
2025-04-08 16:05:07,269 - DEBUG - 执行AGV分配局部搜索，当前完工时间: 1656.00
2025-04-08 16:05:07,273 - DEBUG - 局部搜索未能改进当前解
2025-04-08 16:05:07,276 - DEBUG - 执行AGV分配局部搜索，当前完工时间: 1673.00
2025-04-08 16:05:07,280 - DEBUG - 局部搜索未能改进当前解
2025-04-08 16:05:07,284 - DEBUG - 执行AGV分配局部搜索，当前完工时间: 1704.00
2025-04-08 16:05:07,287 - DEBUG - 局部搜索未能改进当前解
2025-04-08 16:05:07,292 - DEBUG - 执行AGV分配局部搜索，当前完工时间: 1663.00
2025-04-08 16:05:07,295 - DEBUG - 局部搜索未能改进当前解
2025-04-08 16:05:07,299 - DEBUG - 执行AGV分配局部搜索，当前完工时间: 1636.00
2025-04-08 16:05:07,303 - DEBUG - 局部搜索未能改进当前解
2025-04-08 16:05:07,306 - DEBUG - 执行AGV分配局部搜索，当前完工时间: 1666.00
2025-04-08 16:05:07,309 - DEBUG - 局部搜索未能改进当前解
2025-04-08 16:05:07,314 - DEBUG - 执行AGV分配局部搜索，当前完工时间: 1691.00
2025-04-08 16:05:07,317 - DEBUG - 局部搜索未能改进当前解
2025-04-08 16:05:07,320 - DEBUG - 执行AGV分配局部搜索，当前完工时间: 1701.00
2025-04-08 16:05:07,324 - DEBUG - 局部搜索未能改进当前解
2025-04-08 16:05:07,329 - DEBUG - 执行AGV分配局部搜索，当前完工时间: 1667.00
2025-04-08 16:05:07,332 - DEBUG - 局部搜索未能改进当前解
2025-04-08 16:05:07,336 - DEBUG - 执行AGV分配局部搜索，当前完工时间: 1716.00
2025-04-08 16:05:07,340 - DEBUG - 局部搜索未能改进当前解
2025-04-08 16:05:07,343 - DEBUG - 执行AGV分配局部搜索，当前完工时间: 1679.00
2025-04-08 16:05:07,347 - DEBUG - 局部搜索未能改进当前解
2025-04-08 16:05:07,351 - DEBUG - 执行AGV分配局部搜索，当前完工时间: 1753.00
2025-04-08 16:05:07,355 - DEBUG - 局部搜索未能改进当前解
2025-04-08 16:05:07,358 - DEBUG - 执行AGV分配局部搜索，当前完工时间: 1655.00
2025-04-08 16:05:07,360 - DEBUG - 局部搜索未能改进当前解
2025-04-08 16:05:07,365 - DEBUG - 执行AGV分配局部搜索，当前完工时间: 1675.00
2025-04-08 16:05:07,368 - DEBUG - 局部搜索未能改进当前解
2025-04-08 16:05:07,372 - DEBUG - 执行AGV分配局部搜索，当前完工时间: 1648.00
2025-04-08 16:05:07,376 - DEBUG - AGV分配局部搜索成功！完工时间从 1648.00 降低到 1644.00，改进: 4.00 (0.24%)
2025-04-08 16:05:07,379 - DEBUG - 执行AGV分配局部搜索，当前完工时间: 1739.00
2025-04-08 16:05:07,383 - DEBUG - 局部搜索未能改进当前解
2025-04-08 16:05:07,387 - DEBUG - 执行AGV分配局部搜索，当前完工时间: 1927.00
2025-04-08 16:05:07,391 - DEBUG - AGV分配局部搜索成功！完工时间从 1927.00 降低到 1900.00，改进: 27.00 (1.40%)
2025-04-08 16:05:07,395 - DEBUG - 执行AGV分配局部搜索，当前完工时间: 1829.00
2025-04-08 16:05:07,399 - DEBUG - 局部搜索未能改进当前解
2025-04-08 16:05:07,403 - DEBUG - 执行AGV分配局部搜索，当前完工时间: 1676.00
2025-04-08 16:05:07,407 - DEBUG - 局部搜索未能改进当前解
2025-04-08 16:05:07,410 - DEBUG - 执行AGV分配局部搜索，当前完工时间: 1668.00
2025-04-08 16:05:07,414 - DEBUG - 局部搜索未能改进当前解
2025-04-08 16:05:07,419 - DEBUG - 执行AGV分配局部搜索，当前完工时间: 1662.00
2025-04-08 16:05:07,422 - DEBUG - 局部搜索未能改进当前解
2025-04-08 16:05:07,426 - DEBUG - 执行AGV分配局部搜索，当前完工时间: 1704.00
2025-04-08 16:05:07,430 - DEBUG - 局部搜索未能改进当前解
2025-04-08 16:05:07,434 - DEBUG - 执行AGV分配局部搜索，当前完工时间: 1735.00
2025-04-08 16:05:07,437 - DEBUG - 局部搜索未能改进当前解
2025-04-08 16:05:07,441 - DEBUG - 执行AGV分配局部搜索，当前完工时间: 1691.00
2025-04-08 16:05:07,444 - DEBUG - 局部搜索未能改进当前解
2025-04-08 16:05:07,448 - DEBUG - 执行AGV分配局部搜索，当前完工时间: 1772.00
2025-04-08 16:05:07,452 - DEBUG - 局部搜索未能改进当前解
2025-04-08 16:05:07,456 - DEBUG - 执行AGV分配局部搜索，当前完工时间: 1780.00
2025-04-08 16:05:07,461 - DEBUG - 局部搜索未能改进当前解
2025-04-08 16:05:07,464 - DEBUG - 执行AGV分配局部搜索，当前完工时间: 1681.00
2025-04-08 16:05:07,468 - DEBUG - 局部搜索未能改进当前解
2025-04-08 16:05:07,471 - DEBUG - 执行AGV分配局部搜索，当前完工时间: 1692.00
2025-04-08 16:05:07,475 - DEBUG - 局部搜索未能改进当前解
2025-04-08 16:05:07,479 - DEBUG - 执行AGV分配局部搜索，当前完工时间: 1670.00
2025-04-08 16:05:07,482 - DEBUG - 局部搜索未能改进当前解
2025-04-08 16:05:07,486 - DEBUG - 执行AGV分配局部搜索，当前完工时间: 1784.00
2025-04-08 16:05:07,490 - DEBUG - AGV分配局部搜索成功！完工时间从 1784.00 降低到 1684.00，改进: 100.00 (5.61%)
2025-04-08 16:05:07,494 - DEBUG - 执行AGV分配局部搜索，当前完工时间: 1708.00
2025-04-08 16:05:07,497 - DEBUG - 局部搜索未能改进当前解
2025-04-08 16:05:07,500 - DEBUG - 执行AGV分配局部搜索，当前完工时间: 1654.00
2025-04-08 16:05:07,504 - DEBUG - 局部搜索未能改进当前解
2025-04-08 16:05:07,508 - DEBUG - 执行AGV分配局部搜索，当前完工时间: 1687.00
2025-04-08 16:05:07,512 - DEBUG - 局部搜索未能改进当前解
2025-04-08 16:05:07,515 - DEBUG - 执行AGV分配局部搜索，当前完工时间: 1755.00
2025-04-08 16:05:07,519 - DEBUG - 局部搜索未能改进当前解
2025-04-08 16:05:07,524 - DEBUG - 执行AGV分配局部搜索，当前完工时间: 1690.00
2025-04-08 16:05:07,526 - DEBUG - 局部搜索未能改进当前解
2025-04-08 16:05:07,532 - DEBUG - 执行AGV分配局部搜索，当前完工时间: 1692.00
2025-04-08 16:05:07,536 - DEBUG - 局部搜索未能改进当前解
2025-04-08 16:05:07,540 - DEBUG - 执行AGV分配局部搜索，当前完工时间: 1777.00
2025-04-08 16:05:07,544 - DEBUG - 局部搜索未能改进当前解
2025-04-08 16:05:07,549 - DEBUG - 执行AGV分配局部搜索，当前完工时间: 1661.00
2025-04-08 16:05:07,552 - DEBUG - 局部搜索未能改进当前解
2025-04-08 16:05:07,556 - DEBUG - 执行AGV分配局部搜索，当前完工时间: 1740.00
2025-04-08 16:05:07,560 - DEBUG - 局部搜索未能改进当前解
2025-04-08 16:05:07,562 - DEBUG - 执行AGV分配局部搜索，当前完工时间: 1668.00
2025-04-08 16:05:07,566 - DEBUG - AGV分配局部搜索成功！完工时间从 1668.00 降低到 1660.00，改进: 8.00 (0.48%)
2025-04-08 16:05:07,571 - DEBUG - 执行AGV分配局部搜索，当前完工时间: 1674.00
2025-04-08 16:05:07,575 - DEBUG - AGV分配局部搜索成功！完工时间从 1674.00 降低到 1670.00，改进: 4.00 (0.24%)
2025-04-08 16:05:07,579 - DEBUG - 执行AGV分配局部搜索，当前完工时间: 1649.00
2025-04-08 16:05:07,582 - DEBUG - 局部搜索未能改进当前解
2025-04-08 16:05:07,586 - DEBUG - 执行AGV分配局部搜索，当前完工时间: 1769.00
2025-04-08 16:05:07,590 - DEBUG - 局部搜索未能改进当前解
2025-04-08 16:05:07,594 - DEBUG - 执行AGV分配局部搜索，当前完工时间: 1710.00
2025-04-08 16:05:07,597 - DEBUG - 局部搜索未能改进当前解
2025-04-08 16:05:07,602 - DEBUG - 执行AGV分配局部搜索，当前完工时间: 1701.00
2025-04-08 16:05:07,606 - DEBUG - 局部搜索未能改进当前解
2025-04-08 16:05:07,609 - DEBUG - 执行AGV分配局部搜索，当前完工时间: 1703.00
2025-04-08 16:05:07,612 - DEBUG - 局部搜索未能改进当前解
2025-04-08 16:05:07,616 - DEBUG - 执行AGV分配局部搜索，当前完工时间: 1644.00
2025-04-08 16:05:07,620 - DEBUG - 局部搜索未能改进当前解
2025-04-08 16:05:07,623 - DEBUG - 执行AGV分配局部搜索，当前完工时间: 1727.00
2025-04-08 16:05:07,626 - DEBUG - 局部搜索未能改进当前解
2025-04-08 16:05:07,630 - DEBUG - 执行AGV分配局部搜索，当前完工时间: 1745.00
2025-04-08 16:05:07,634 - DEBUG - 局部搜索未能改进当前解
2025-04-08 16:05:07,634 - DEBUG - ==================================================
2025-04-08 16:05:07,634 - DEBUG - Efficiency Statistics of Local Search :
2025-04-08 16:05:07,634 - DEBUG - Number of attempts: 99
2025-04-08 16:05:07,634 - DEBUG - Average Success Rate: 9.09%
2025-04-08 16:05:07,634 - DEBUG - AGV Local Search Success: 9，Average Improvement: 19.11
2025-04-08 16:05:07,639 - DEBUG - 执行AGV分配局部搜索，当前完工时间: 1705.00
2025-04-08 16:05:07,643 - DEBUG - AGV分配局部搜索成功！完工时间从 1705.00 降低到 1695.00，改进: 10.00 (0.59%)
2025-04-08 16:05:07,647 - DEBUG - 执行AGV分配局部搜索，当前完工时间: 1771.00
2025-04-08 16:05:07,651 - DEBUG - 局部搜索未能改进当前解
2025-04-08 16:05:07,654 - DEBUG - 执行AGV分配局部搜索，当前完工时间: 1666.00
2025-04-08 16:05:07,657 - DEBUG - 局部搜索未能改进当前解
2025-04-08 16:05:07,661 - DEBUG - 执行AGV分配局部搜索，当前完工时间: 1768.00
2025-04-08 16:05:07,666 - DEBUG - 局部搜索未能改进当前解
2025-04-08 16:05:07,668 - DEBUG - 执行AGV分配局部搜索，当前完工时间: 1676.00
2025-04-08 16:05:07,672 - DEBUG - 局部搜索未能改进当前解
2025-04-08 16:05:07,676 - DEBUG - 执行AGV分配局部搜索，当前完工时间: 1703.00
2025-04-08 16:05:07,680 - DEBUG - 局部搜索未能改进当前解
2025-04-08 16:05:07,684 - DEBUG - 执行AGV分配局部搜索，当前完工时间: 1780.00
2025-04-08 16:05:07,687 - DEBUG - 局部搜索未能改进当前解
2025-04-08 16:05:07,691 - DEBUG - 执行AGV分配局部搜索，当前完工时间: 1683.00
2025-04-08 16:05:07,694 - DEBUG - 局部搜索未能改进当前解
2025-04-08 16:05:07,697 - DEBUG - 执行AGV分配局部搜索，当前完工时间: 1685.00
2025-04-08 16:05:07,702 - DEBUG - AGV分配局部搜索成功！完工时间从 1685.00 降低到 1669.00，改进: 16.00 (0.95%)
2025-04-08 16:05:07,705 - DEBUG - 执行AGV分配局部搜索，当前完工时间: 1676.00
2025-04-08 16:05:07,709 - DEBUG - 局部搜索未能改进当前解
2025-04-08 16:05:07,714 - DEBUG - 执行AGV分配局部搜索，当前完工时间: 1725.00
2025-04-08 16:05:07,716 - DEBUG - 局部搜索未能改进当前解
2025-04-08 16:05:07,721 - DEBUG - 执行AGV分配局部搜索，当前完工时间: 1665.00
2025-04-08 16:05:07,724 - DEBUG - 局部搜索未能改进当前解
2025-04-08 16:05:07,729 - DEBUG - 执行AGV分配局部搜索，当前完工时间: 1857.00
2025-04-08 16:05:07,732 - DEBUG - AGV分配局部搜索成功！完工时间从 1857.00 降低到 1808.00，改进: 49.00 (2.64%)
2025-04-08 16:05:07,736 - DEBUG - 执行AGV分配局部搜索，当前完工时间: 1807.00
2025-04-08 16:05:07,740 - DEBUG - 局部搜索未能改进当前解
2025-04-08 16:05:07,743 - DEBUG - 执行AGV分配局部搜索，当前完工时间: 1698.00
2025-04-08 16:05:07,747 - DEBUG - 局部搜索未能改进当前解
2025-04-08 16:05:07,751 - DEBUG - 执行AGV分配局部搜索，当前完工时间: 1676.00
2025-04-08 16:05:07,753 - DEBUG - 局部搜索未能改进当前解
2025-04-08 16:05:07,757 - DEBUG - 执行AGV分配局部搜索，当前完工时间: 1669.00
2025-04-08 16:05:07,761 - DEBUG - 局部搜索未能改进当前解
2025-04-08 16:05:07,764 - DEBUG - 执行AGV分配局部搜索，当前完工时间: 1637.00
2025-04-08 16:05:07,769 - DEBUG - 局部搜索未能改进当前解
2025-04-08 16:05:07,772 - DEBUG - 执行AGV分配局部搜索，当前完工时间: 1717.00
2025-04-08 16:05:07,778 - DEBUG - 局部搜索未能改进当前解
2025-04-08 16:05:07,782 - DEBUG - 执行AGV分配局部搜索，当前完工时间: 1756.00
2025-04-08 16:05:07,786 - DEBUG - 局部搜索未能改进当前解
2025-04-08 16:05:07,790 - DEBUG - 执行AGV分配局部搜索，当前完工时间: 1636.00
2025-04-08 16:05:07,793 - DEBUG - 局部搜索未能改进当前解
2025-04-08 16:05:07,797 - DEBUG - 执行AGV分配局部搜索，当前完工时间: 1686.00
2025-04-08 16:05:07,801 - DEBUG - 局部搜索未能改进当前解
2025-04-08 16:05:07,805 - DEBUG - 执行AGV分配局部搜索，当前完工时间: 1691.00
2025-04-08 16:05:07,810 - DEBUG - 局部搜索未能改进当前解
2025-04-08 16:05:07,814 - DEBUG - 执行AGV分配局部搜索，当前完工时间: 1687.00
2025-04-08 16:05:07,816 - DEBUG - 局部搜索未能改进当前解
2025-04-08 16:05:07,822 - DEBUG - 执行AGV分配局部搜索，当前完工时间: 1877.00
2025-04-08 16:05:07,826 - DEBUG - 局部搜索未能改进当前解
2025-04-08 16:05:07,832 - DEBUG - 执行AGV分配局部搜索，当前完工时间: 1655.00
2025-04-08 16:05:07,838 - DEBUG - 局部搜索未能改进当前解
2025-04-08 16:05:07,844 - DEBUG - 执行AGV分配局部搜索，当前完工时间: 1688.00
2025-04-08 16:05:07,849 - DEBUG - 局部搜索未能改进当前解
2025-04-08 16:05:07,852 - DEBUG - 执行AGV分配局部搜索，当前完工时间: 1644.00
2025-04-08 16:05:07,860 - DEBUG - 局部搜索未能改进当前解
2025-04-08 16:05:07,864 - DEBUG - 执行AGV分配局部搜索，当前完工时间: 1684.00
2025-04-08 16:05:07,868 - DEBUG - 局部搜索未能改进当前解
2025-04-08 16:05:07,872 - DEBUG - 执行AGV分配局部搜索，当前完工时间: 1735.00
2025-04-08 16:05:07,876 - DEBUG - 局部搜索未能改进当前解
2025-04-08 16:05:07,883 - DEBUG - 执行AGV分配局部搜索，当前完工时间: 1846.00
2025-04-08 16:05:07,887 - DEBUG - 局部搜索未能改进当前解
2025-04-08 16:05:07,891 - DEBUG - 执行AGV分配局部搜索，当前完工时间: 1716.00
2025-04-08 16:05:07,895 - DEBUG - 局部搜索未能改进当前解
2025-04-08 16:05:07,899 - DEBUG - 执行AGV分配局部搜索，当前完工时间: 1774.00
2025-04-08 16:05:07,903 - DEBUG - 局部搜索未能改进当前解
2025-04-08 16:05:07,907 - DEBUG - 执行AGV分配局部搜索，当前完工时间: 1701.00
2025-04-08 16:05:07,910 - DEBUG - 局部搜索未能改进当前解
2025-04-08 16:05:07,915 - DEBUG - 执行AGV分配局部搜索，当前完工时间: 1810.00
2025-04-08 16:05:07,918 - DEBUG - 局部搜索未能改进当前解
2025-04-08 16:05:07,922 - DEBUG - 执行AGV分配局部搜索，当前完工时间: 1655.00
2025-04-08 16:05:07,927 - DEBUG - 局部搜索未能改进当前解
2025-04-08 16:05:07,930 - DEBUG - 执行AGV分配局部搜索，当前完工时间: 1664.00
2025-04-08 16:05:07,934 - DEBUG - 局部搜索未能改进当前解
2025-04-08 16:05:07,941 - DEBUG - 执行AGV分配局部搜索，当前完工时间: 1858.00
2025-04-08 16:05:07,945 - DEBUG - AGV分配局部搜索成功！完工时间从 1858.00 降低到 1833.00，改进: 25.00 (1.35%)
2025-04-08 16:05:07,949 - DEBUG - 执行AGV分配局部搜索，当前完工时间: 1761.00
2025-04-08 16:05:07,952 - DEBUG - 局部搜索未能改进当前解
2025-04-08 16:05:07,956 - DEBUG - 执行AGV分配局部搜索，当前完工时间: 1801.00
2025-04-08 16:05:07,960 - DEBUG - 局部搜索未能改进当前解
2025-04-08 16:05:07,964 - DEBUG - 执行AGV分配局部搜索，当前完工时间: 1726.00
2025-04-08 16:05:07,969 - DEBUG - 局部搜索未能改进当前解
2025-04-08 16:05:07,973 - DEBUG - 执行AGV分配局部搜索，当前完工时间: 1630.00
2025-04-08 16:05:07,976 - DEBUG - 局部搜索未能改进当前解
2025-04-08 16:05:07,980 - DEBUG - 执行AGV分配局部搜索，当前完工时间: 1650.00
2025-04-08 16:05:07,984 - DEBUG - 局部搜索未能改进当前解
2025-04-08 16:05:07,988 - DEBUG - 执行AGV分配局部搜索，当前完工时间: 1838.00
2025-04-08 16:05:07,992 - DEBUG - 局部搜索未能改进当前解
2025-04-08 16:05:07,995 - DEBUG - 执行AGV分配局部搜索，当前完工时间: 1661.00
2025-04-08 16:05:07,999 - DEBUG - 局部搜索未能改进当前解
2025-04-08 16:05:08,003 - DEBUG - 执行AGV分配局部搜索，当前完工时间: 1644.00
2025-04-08 16:05:08,007 - DEBUG - 局部搜索未能改进当前解
2025-04-08 16:05:08,011 - DEBUG - 执行AGV分配局部搜索，当前完工时间: 1684.00
2025-04-08 16:05:08,015 - DEBUG - 局部搜索未能改进当前解
2025-04-08 16:05:08,019 - DEBUG - 执行AGV分配局部搜索，当前完工时间: 1640.00
2025-04-08 16:05:08,023 - DEBUG - 局部搜索未能改进当前解
2025-04-08 16:05:08,027 - DEBUG - 执行AGV分配局部搜索，当前完工时间: 1692.00
2025-04-08 16:05:08,031 - DEBUG - AGV分配局部搜索成功！完工时间从 1692.00 降低到 1663.00，改进: 29.00 (1.71%)
2025-04-08 16:05:08,035 - DEBUG - 执行AGV分配局部搜索，当前完工时间: 1675.00
2025-04-08 16:05:08,039 - DEBUG - 局部搜索未能改进当前解
2025-04-08 16:05:08,042 - DEBUG - 执行AGV分配局部搜索，当前完工时间: 1636.00
2025-04-08 16:05:08,047 - DEBUG - 局部搜索未能改进当前解
2025-04-08 16:05:08,050 - DEBUG - 执行AGV分配局部搜索，当前完工时间: 1704.00
2025-04-08 16:05:08,054 - DEBUG - 局部搜索未能改进当前解
2025-04-08 16:05:08,059 - DEBUG - 执行AGV分配局部搜索，当前完工时间: 1851.00
2025-04-08 16:05:08,062 - DEBUG - 局部搜索未能改进当前解
2025-04-08 16:05:08,066 - DEBUG - 执行AGV分配局部搜索，当前完工时间: 1692.00
2025-04-08 16:05:08,072 - DEBUG - 局部搜索未能改进当前解
2025-04-08 16:05:08,077 - DEBUG - 执行AGV分配局部搜索，当前完工时间: 1744.00
2025-04-08 16:05:08,081 - DEBUG - 局部搜索未能改进当前解
2025-04-08 16:05:08,085 - DEBUG - 执行AGV分配局部搜索，当前完工时间: 1709.00
2025-04-08 16:05:08,093 - DEBUG - 局部搜索未能改进当前解
2025-04-08 16:05:08,101 - DEBUG - 执行AGV分配局部搜索，当前完工时间: 1756.00
2025-04-08 16:05:08,108 - DEBUG - 局部搜索未能改进当前解
2025-04-08 16:05:08,114 - DEBUG - 执行AGV分配局部搜索，当前完工时间: 1712.00
2025-04-08 16:05:08,119 - DEBUG - 局部搜索未能改进当前解
2025-04-08 16:05:08,122 - DEBUG - 执行AGV分配局部搜索，当前完工时间: 1649.00
2025-04-08 16:05:08,126 - DEBUG - 局部搜索未能改进当前解
2025-04-08 16:05:08,132 - DEBUG - 执行AGV分配局部搜索，当前完工时间: 1701.00
2025-04-08 16:05:08,136 - DEBUG - 局部搜索未能改进当前解
2025-04-08 16:05:08,140 - DEBUG - 执行AGV分配局部搜索，当前完工时间: 1690.00
2025-04-08 16:05:08,144 - DEBUG - 局部搜索未能改进当前解
2025-04-08 16:05:08,148 - DEBUG - 执行AGV分配局部搜索，当前完工时间: 1648.00
2025-04-08 16:05:08,152 - DEBUG - AGV分配局部搜索成功！完工时间从 1648.00 降低到 1639.00，改进: 9.00 (0.55%)
2025-04-08 16:05:08,156 - DEBUG - 执行AGV分配局部搜索，当前完工时间: 1671.00
2025-04-08 16:05:08,161 - DEBUG - 局部搜索未能改进当前解
2025-04-08 16:05:08,165 - DEBUG - 执行AGV分配局部搜索，当前完工时间: 1710.00
2025-04-08 16:05:08,168 - DEBUG - AGV分配局部搜索成功！完工时间从 1710.00 降低到 1706.00，改进: 4.00 (0.23%)
2025-04-08 16:05:08,172 - DEBUG - 执行AGV分配局部搜索，当前完工时间: 1667.00
2025-04-08 16:05:08,176 - DEBUG - 局部搜索未能改进当前解
2025-04-08 16:05:08,180 - DEBUG - 执行AGV分配局部搜索，当前完工时间: 1709.00
2025-04-08 16:05:08,184 - DEBUG - 局部搜索未能改进当前解
2025-04-08 16:05:08,187 - DEBUG - 执行AGV分配局部搜索，当前完工时间: 1808.00
2025-04-08 16:05:08,191 - DEBUG - 局部搜索未能改进当前解
2025-04-08 16:05:08,195 - DEBUG - 执行AGV分配局部搜索，当前完工时间: 1659.00
2025-04-08 16:05:08,199 - DEBUG - AGV分配局部搜索成功！完工时间从 1659.00 降低到 1655.00，改进: 4.00 (0.24%)
2025-04-08 16:05:08,203 - DEBUG - 执行AGV分配局部搜索，当前完工时间: 1649.00
2025-04-08 16:05:08,206 - DEBUG - 局部搜索未能改进当前解
2025-04-08 16:05:08,210 - DEBUG - 执行AGV分配局部搜索，当前完工时间: 1718.00
2025-04-08 16:05:08,214 - DEBUG - 局部搜索未能改进当前解
2025-04-08 16:05:08,219 - DEBUG - 执行AGV分配局部搜索，当前完工时间: 1661.00
2025-04-08 16:05:08,224 - DEBUG - 局部搜索未能改进当前解
2025-04-08 16:05:08,228 - DEBUG - 执行AGV分配局部搜索，当前完工时间: 1740.00
2025-04-08 16:05:08,232 - DEBUG - 局部搜索未能改进当前解
2025-04-08 16:05:08,235 - DEBUG - 执行AGV分配局部搜索，当前完工时间: 1798.00
2025-04-08 16:05:08,238 - DEBUG - 局部搜索未能改进当前解
2025-04-08 16:05:08,243 - DEBUG - 执行AGV分配局部搜索，当前完工时间: 1704.00
2025-04-08 16:05:08,247 - DEBUG - 局部搜索未能改进当前解
2025-04-08 16:05:08,251 - DEBUG - 执行AGV分配局部搜索，当前完工时间: 1655.00
2025-04-08 16:05:08,254 - DEBUG - 局部搜索未能改进当前解
2025-04-08 16:05:08,258 - DEBUG - 执行AGV分配局部搜索，当前完工时间: 1653.00
2025-04-08 16:05:08,262 - DEBUG - 局部搜索未能改进当前解
2025-04-08 16:05:08,265 - DEBUG - 执行AGV分配局部搜索，当前完工时间: 1674.00
2025-04-08 16:05:08,270 - DEBUG - 局部搜索未能改进当前解
2025-04-08 16:05:08,273 - DEBUG - 执行AGV分配局部搜索，当前完工时间: 1737.00
2025-04-08 16:05:08,276 - DEBUG - AGV分配局部搜索成功！完工时间从 1737.00 降低到 1689.00，改进: 48.00 (2.76%)
2025-04-08 16:05:08,281 - DEBUG - 执行AGV分配局部搜索，当前完工时间: 1729.00
2025-04-08 16:05:08,285 - DEBUG - 局部搜索未能改进当前解
2025-04-08 16:05:08,288 - DEBUG - 执行AGV分配局部搜索，当前完工时间: 1693.00
2025-04-08 16:05:08,292 - DEBUG - 局部搜索未能改进当前解
2025-04-08 16:05:08,295 - DEBUG - 执行AGV分配局部搜索，当前完工时间: 1654.00
2025-04-08 16:05:08,300 - DEBUG - 局部搜索未能改进当前解
2025-04-08 16:05:08,304 - DEBUG - 执行AGV分配局部搜索，当前完工时间: 1690.00
2025-04-08 16:05:08,307 - DEBUG - 局部搜索未能改进当前解
2025-04-08 16:05:08,311 - DEBUG - 执行AGV分配局部搜索，当前完工时间: 1698.00
2025-04-08 16:05:08,314 - DEBUG - 局部搜索未能改进当前解
2025-04-08 16:05:08,319 - DEBUG - 执行AGV分配局部搜索，当前完工时间: 1724.00
2025-04-08 16:05:08,323 - DEBUG - 局部搜索未能改进当前解
2025-04-08 16:05:08,327 - DEBUG - 执行AGV分配局部搜索，当前完工时间: 1687.00
2025-04-08 16:05:08,330 - DEBUG - 局部搜索未能改进当前解
2025-04-08 16:05:08,334 - DEBUG - 执行AGV分配局部搜索，当前完工时间: 1692.00
2025-04-08 16:05:08,338 - DEBUG - 局部搜索未能改进当前解
2025-04-08 16:05:08,342 - DEBUG - 执行AGV分配局部搜索，当前完工时间: 1783.00
2025-04-08 16:05:08,346 - DEBUG - 局部搜索未能改进当前解
2025-04-08 16:05:08,350 - DEBUG - 执行AGV分配局部搜索，当前完工时间: 1722.00
2025-04-08 16:05:08,353 - DEBUG - 局部搜索未能改进当前解
2025-04-08 16:05:08,358 - DEBUG - 执行AGV分配局部搜索，当前完工时间: 1669.00
2025-04-08 16:05:08,362 - DEBUG - 局部搜索未能改进当前解
2025-04-08 16:05:08,366 - DEBUG - 执行AGV分配局部搜索，当前完工时间: 1703.00
2025-04-08 16:05:08,370 - DEBUG - 局部搜索未能改进当前解
2025-04-08 16:05:08,374 - DEBUG - 执行AGV分配局部搜索，当前完工时间: 1748.00
2025-04-08 16:05:08,376 - DEBUG - 局部搜索未能改进当前解
2025-04-08 16:05:08,381 - DEBUG - 执行AGV分配局部搜索，当前完工时间: 1629.00
2025-04-08 16:05:08,385 - DEBUG - 局部搜索未能改进当前解
2025-04-08 16:05:08,388 - DEBUG - 执行AGV分配局部搜索，当前完工时间: 1717.00
2025-04-08 16:05:08,393 - DEBUG - 局部搜索未能改进当前解
2025-04-08 16:05:08,396 - DEBUG - 执行AGV分配局部搜索，当前完工时间: 1771.00
2025-04-08 16:05:08,400 - DEBUG - AGV分配局部搜索成功！完工时间从 1771.00 降低到 1753.00，改进: 18.00 (1.02%)
2025-04-08 16:05:08,403 - DEBUG - 执行AGV分配局部搜索，当前完工时间: 1674.00
2025-04-08 16:05:08,407 - DEBUG - AGV分配局部搜索成功！完工时间从 1674.00 降低到 1658.00，改进: 16.00 (0.96%)
2025-04-08 16:05:08,411 - DEBUG - 执行AGV分配局部搜索，当前完工时间: 1670.00
2025-04-08 16:05:08,414 - DEBUG - 局部搜索未能改进当前解
2025-04-08 16:05:08,418 - DEBUG - 执行AGV分配局部搜索，当前完工时间: 1755.00
2025-04-08 16:05:08,422 - DEBUG - 局部搜索未能改进当前解
2025-04-08 16:05:08,425 - DEBUG - 执行AGV分配局部搜索，当前完工时间: 1673.00
2025-04-08 16:05:08,430 - DEBUG - 局部搜索未能改进当前解
2025-04-08 16:05:08,434 - DEBUG - 执行AGV分配局部搜索，当前完工时间: 1773.00
2025-04-08 16:05:08,437 - DEBUG - 局部搜索未能改进当前解
2025-04-08 16:05:08,437 - DEBUG - ==================================================
2025-04-08 16:05:08,437 - DEBUG - Efficiency Statistics of Local Search :
2025-04-08 16:05:08,437 - DEBUG - Number of attempts: 99
2025-04-08 16:05:08,437 - DEBUG - Average Success Rate: 11.11%
2025-04-08 16:05:08,437 - DEBUG - AGV Local Search Success: 11，Average Improvement: 20.73
2025-04-08 16:05:08,441 - DEBUG - 执行AGV分配局部搜索，当前完工时间: 1728.00
2025-04-08 16:05:08,445 - DEBUG - 局部搜索未能改进当前解
2025-04-08 16:05:08,449 - DEBUG - 执行AGV分配局部搜索，当前完工时间: 1702.00
2025-04-08 16:05:08,452 - DEBUG - 局部搜索未能改进当前解
2025-04-08 16:05:08,457 - DEBUG - 执行AGV分配局部搜索，当前完工时间: 1665.00
2025-04-08 16:05:08,460 - DEBUG - 局部搜索未能改进当前解
2025-04-08 16:05:08,464 - DEBUG - 执行AGV分配局部搜索，当前完工时间: 1691.00
2025-04-08 16:05:08,468 - DEBUG - 局部搜索未能改进当前解
2025-04-08 16:05:08,472 - DEBUG - 执行AGV分配局部搜索，当前完工时间: 1772.00
2025-04-08 16:05:08,476 - DEBUG - AGV分配局部搜索成功！完工时间从 1772.00 降低到 1733.00，改进: 39.00 (2.20%)
2025-04-08 16:05:08,480 - DEBUG - 执行AGV分配局部搜索，当前完工时间: 1646.00
2025-04-08 16:05:08,483 - DEBUG - 局部搜索未能改进当前解
2025-04-08 16:05:08,487 - DEBUG - 执行AGV分配局部搜索，当前完工时间: 1674.00
2025-04-08 16:05:08,491 - DEBUG - 局部搜索未能改进当前解
2025-04-08 16:05:08,495 - DEBUG - 执行AGV分配局部搜索，当前完工时间: 1709.00
2025-04-08 16:05:08,497 - DEBUG - AGV分配局部搜索成功！完工时间从 1709.00 降低到 1683.00，改进: 26.00 (1.52%)
2025-04-08 16:05:08,501 - DEBUG - 执行AGV分配局部搜索，当前完工时间: 1686.00
2025-04-08 16:05:08,506 - DEBUG - 局部搜索未能改进当前解
2025-04-08 16:05:08,510 - DEBUG - 执行AGV分配局部搜索，当前完工时间: 1671.00
2025-04-08 16:05:08,514 - DEBUG - 局部搜索未能改进当前解
2025-04-08 16:05:08,516 - DEBUG - 执行AGV分配局部搜索，当前完工时间: 1665.00
2025-04-08 16:05:08,520 - DEBUG - 局部搜索未能改进当前解
2025-04-08 16:05:08,524 - DEBUG - 执行AGV分配局部搜索，当前完工时间: 1693.00
2025-04-08 16:05:08,528 - DEBUG - 局部搜索未能改进当前解
2025-04-08 16:05:08,532 - DEBUG - 执行AGV分配局部搜索，当前完工时间: 1690.00
2025-04-08 16:05:08,535 - DEBUG - 局部搜索未能改进当前解
2025-04-08 16:05:08,538 - DEBUG - 执行AGV分配局部搜索，当前完工时间: 1716.00
2025-04-08 16:05:08,543 - DEBUG - 局部搜索未能改进当前解
2025-04-08 16:05:08,547 - DEBUG - 执行AGV分配局部搜索，当前完工时间: 1704.00
2025-04-08 16:05:08,551 - DEBUG - 局部搜索未能改进当前解
2025-04-08 16:05:08,555 - DEBUG - 执行AGV分配局部搜索，当前完工时间: 1663.00
2025-04-08 16:05:08,558 - DEBUG - 局部搜索未能改进当前解
2025-04-08 16:05:08,562 - DEBUG - 执行AGV分配局部搜索，当前完工时间: 1686.00
2025-04-08 16:05:08,565 - DEBUG - 局部搜索未能改进当前解
2025-04-08 16:05:08,570 - DEBUG - 执行AGV分配局部搜索，当前完工时间: 1654.00
2025-04-08 16:05:08,573 - DEBUG - 局部搜索未能改进当前解
2025-04-08 16:05:08,577 - DEBUG - 执行AGV分配局部搜索，当前完工时间: 1690.00
2025-04-08 16:05:08,581 - DEBUG - 局部搜索未能改进当前解
2025-04-08 16:05:08,585 - DEBUG - 执行AGV分配局部搜索，当前完工时间: 1717.00
2025-04-08 16:05:08,588 - DEBUG - 局部搜索未能改进当前解
2025-04-08 16:05:08,593 - DEBUG - 执行AGV分配局部搜索，当前完工时间: 1723.00
2025-04-08 16:05:08,597 - DEBUG - 局部搜索未能改进当前解
2025-04-08 16:05:08,601 - DEBUG - 执行AGV分配局部搜索，当前完工时间: 1717.00
2025-04-08 16:05:08,605 - DEBUG - 局部搜索未能改进当前解
2025-04-08 16:05:08,609 - DEBUG - 执行AGV分配局部搜索，当前完工时间: 1686.00
2025-04-08 16:05:08,612 - DEBUG - 局部搜索未能改进当前解
2025-04-08 16:05:08,617 - DEBUG - 执行AGV分配局部搜索，当前完工时间: 1704.00
2025-04-08 16:05:08,620 - DEBUG - 局部搜索未能改进当前解
2025-04-08 16:05:08,625 - DEBUG - 执行AGV分配局部搜索，当前完工时间: 1741.00
2025-04-08 16:05:08,629 - DEBUG - 局部搜索未能改进当前解
2025-04-08 16:05:08,632 - DEBUG - 执行AGV分配局部搜索，当前完工时间: 1663.00
2025-04-08 16:05:08,636 - DEBUG - 局部搜索未能改进当前解
2025-04-08 16:05:08,640 - DEBUG - 执行AGV分配局部搜索，当前完工时间: 1729.00
2025-04-08 16:05:08,644 - DEBUG - 局部搜索未能改进当前解
2025-04-08 16:05:08,649 - DEBUG - 执行AGV分配局部搜索，当前完工时间: 1689.00
2025-04-08 16:05:08,652 - DEBUG - 局部搜索未能改进当前解
2025-04-08 16:05:08,656 - DEBUG - 执行AGV分配局部搜索，当前完工时间: 1859.00
2025-04-08 16:05:08,661 - DEBUG - 局部搜索未能改进当前解
2025-04-08 16:05:08,664 - DEBUG - 执行AGV分配局部搜索，当前完工时间: 1734.00
2025-04-08 16:05:08,669 - DEBUG - 局部搜索未能改进当前解
2025-04-08 16:05:08,673 - DEBUG - 执行AGV分配局部搜索，当前完工时间: 1756.00
2025-04-08 16:05:08,677 - DEBUG - 局部搜索未能改进当前解
2025-04-08 16:05:08,681 - DEBUG - 执行AGV分配局部搜索，当前完工时间: 1718.00
2025-04-08 16:05:08,684 - DEBUG - 局部搜索未能改进当前解
2025-04-08 16:05:08,688 - DEBUG - 执行AGV分配局部搜索，当前完工时间: 1701.00
2025-04-08 16:05:08,692 - DEBUG - 局部搜索未能改进当前解
2025-04-08 16:05:08,695 - DEBUG - 执行AGV分配局部搜索，当前完工时间: 1652.00
2025-04-08 16:05:08,699 - DEBUG - 局部搜索未能改进当前解
2025-04-08 16:05:08,703 - DEBUG - 执行AGV分配局部搜索，当前完工时间: 1728.00
2025-04-08 16:05:08,707 - DEBUG - 局部搜索未能改进当前解
2025-04-08 16:05:08,711 - DEBUG - 执行AGV分配局部搜索，当前完工时间: 1721.00
2025-04-08 16:05:08,715 - DEBUG - 局部搜索未能改进当前解
2025-04-08 16:05:08,719 - DEBUG - 执行AGV分配局部搜索，当前完工时间: 1686.00
2025-04-08 16:05:08,722 - DEBUG - 局部搜索未能改进当前解
2025-04-08 16:05:08,727 - DEBUG - 执行AGV分配局部搜索，当前完工时间: 1646.00
2025-04-08 16:05:08,729 - DEBUG - 局部搜索未能改进当前解
2025-04-08 16:05:08,733 - DEBUG - 执行AGV分配局部搜索，当前完工时间: 1693.00
2025-04-08 16:05:08,737 - DEBUG - AGV分配局部搜索成功！完工时间从 1693.00 降低到 1682.00，改进: 11.00 (0.65%)
2025-04-08 16:05:08,742 - DEBUG - 执行AGV分配局部搜索，当前完工时间: 1648.00
2025-04-08 16:05:08,745 - DEBUG - 局部搜索未能改进当前解
2025-04-08 16:05:08,749 - DEBUG - 执行AGV分配局部搜索，当前完工时间: 1658.00
2025-04-08 16:05:08,753 - DEBUG - 局部搜索未能改进当前解
2025-04-08 16:05:08,757 - DEBUG - 执行AGV分配局部搜索，当前完工时间: 1632.00
2025-04-08 16:05:08,761 - DEBUG - 局部搜索未能改进当前解
2025-04-08 16:05:08,764 - DEBUG - 执行AGV分配局部搜索，当前完工时间: 1725.00
2025-04-08 16:05:08,769 - DEBUG - 局部搜索未能改进当前解
2025-04-08 16:05:08,772 - DEBUG - 执行AGV分配局部搜索，当前完工时间: 1750.00
2025-04-08 16:05:08,776 - DEBUG - 局部搜索未能改进当前解
2025-04-08 16:05:08,779 - DEBUG - 执行AGV分配局部搜索，当前完工时间: 1773.00
2025-04-08 16:05:08,783 - DEBUG - AGV分配局部搜索成功！完工时间从 1773.00 降低到 1739.00，改进: 34.00 (1.92%)
2025-04-08 16:05:08,787 - DEBUG - 执行AGV分配局部搜索，当前完工时间: 1814.00
2025-04-08 16:05:08,792 - DEBUG - 局部搜索未能改进当前解
2025-04-08 16:05:08,795 - DEBUG - 执行AGV分配局部搜索，当前完工时间: 1678.00
2025-04-08 16:05:08,799 - DEBUG - 局部搜索未能改进当前解
2025-04-08 16:05:08,803 - DEBUG - 执行AGV分配局部搜索，当前完工时间: 1671.00
2025-04-08 16:05:08,807 - DEBUG - 局部搜索未能改进当前解
2025-04-08 16:05:08,810 - DEBUG - 执行AGV分配局部搜索，当前完工时间: 1634.00
2025-04-08 16:05:08,814 - DEBUG - 局部搜索未能改进当前解
2025-04-08 16:05:08,820 - DEBUG - 执行AGV分配局部搜索，当前完工时间: 1673.00
2025-04-08 16:05:08,826 - DEBUG - 局部搜索未能改进当前解
2025-04-08 16:05:08,831 - DEBUG - 执行AGV分配局部搜索，当前完工时间: 1648.00
2025-04-08 16:05:08,835 - DEBUG - 局部搜索未能改进当前解
2025-04-08 16:05:08,839 - DEBUG - 执行AGV分配局部搜索，当前完工时间: 1721.00
2025-04-08 16:05:08,842 - DEBUG - 局部搜索未能改进当前解
2025-04-08 16:05:08,847 - DEBUG - 执行AGV分配局部搜索，当前完工时间: 1680.00
2025-04-08 16:05:08,850 - DEBUG - 局部搜索未能改进当前解
2025-04-08 16:05:08,854 - DEBUG - 执行AGV分配局部搜索，当前完工时间: 1726.00
2025-04-08 16:05:08,857 - DEBUG - 局部搜索未能改进当前解
2025-04-08 16:05:08,862 - DEBUG - 执行AGV分配局部搜索，当前完工时间: 1746.00
2025-04-08 16:05:08,867 - DEBUG - 局部搜索未能改进当前解
2025-04-08 16:05:08,870 - DEBUG - 执行AGV分配局部搜索，当前完工时间: 1656.00
2025-04-08 16:05:08,875 - DEBUG - 局部搜索未能改进当前解
2025-04-08 16:05:08,879 - DEBUG - 执行AGV分配局部搜索，当前完工时间: 1646.00
2025-04-08 16:05:08,882 - DEBUG - 局部搜索未能改进当前解
2025-04-08 16:05:08,886 - DEBUG - 执行AGV分配局部搜索，当前完工时间: 1691.00
2025-04-08 16:05:08,890 - DEBUG - 局部搜索未能改进当前解
2025-04-08 16:05:08,894 - DEBUG - 执行AGV分配局部搜索，当前完工时间: 1679.00
2025-04-08 16:05:08,897 - DEBUG - 局部搜索未能改进当前解
2025-04-08 16:05:08,901 - DEBUG - 执行AGV分配局部搜索，当前完工时间: 1650.00
2025-04-08 16:05:08,904 - DEBUG - 局部搜索未能改进当前解
2025-04-08 16:05:08,908 - DEBUG - 执行AGV分配局部搜索，当前完工时间: 1714.00
2025-04-08 16:05:08,912 - DEBUG - 局部搜索未能改进当前解
2025-04-08 16:05:08,915 - DEBUG - 执行AGV分配局部搜索，当前完工时间: 1732.00
2025-04-08 16:05:08,920 - DEBUG - 局部搜索未能改进当前解
2025-04-08 16:05:08,922 - DEBUG - 执行AGV分配局部搜索，当前完工时间: 1670.00
2025-04-08 16:05:08,926 - DEBUG - AGV分配局部搜索成功！完工时间从 1670.00 降低到 1660.00，改进: 10.00 (0.60%)
2025-04-08 16:05:08,930 - DEBUG - 执行AGV分配局部搜索，当前完工时间: 1670.00
2025-04-08 16:05:08,934 - DEBUG - 局部搜索未能改进当前解
2025-04-08 16:05:08,938 - DEBUG - 执行AGV分配局部搜索，当前完工时间: 1668.00
2025-04-08 16:05:08,942 - DEBUG - 局部搜索未能改进当前解
2025-04-08 16:05:08,946 - DEBUG - 执行AGV分配局部搜索，当前完工时间: 1809.00
2025-04-08 16:05:08,948 - DEBUG - 局部搜索未能改进当前解
2025-04-08 16:05:08,953 - DEBUG - 执行AGV分配局部搜索，当前完工时间: 1722.00
2025-04-08 16:05:08,956 - DEBUG - 局部搜索未能改进当前解
2025-04-08 16:05:08,960 - DEBUG - 执行AGV分配局部搜索，当前完工时间: 1865.00
2025-04-08 16:05:08,964 - DEBUG - 局部搜索未能改进当前解
2025-04-08 16:05:08,969 - DEBUG - 执行AGV分配局部搜索，当前完工时间: 1660.00
2025-04-08 16:05:08,972 - DEBUG - 局部搜索未能改进当前解
2025-04-08 16:05:08,976 - DEBUG - 执行AGV分配局部搜索，当前完工时间: 1634.00
2025-04-08 16:05:08,979 - DEBUG - 局部搜索未能改进当前解
2025-04-08 16:05:08,984 - DEBUG - 执行AGV分配局部搜索，当前完工时间: 1695.00
2025-04-08 16:05:08,987 - DEBUG - 局部搜索未能改进当前解
2025-04-08 16:05:08,991 - DEBUG - 执行AGV分配局部搜索，当前完工时间: 1677.00
2025-04-08 16:05:08,994 - DEBUG - 局部搜索未能改进当前解
2025-04-08 16:05:08,998 - DEBUG - 执行AGV分配局部搜索，当前完工时间: 1697.00
2025-04-08 16:05:09,002 - DEBUG - 局部搜索未能改进当前解
2025-04-08 16:05:09,005 - DEBUG - 执行AGV分配局部搜索，当前完工时间: 1757.00
2025-04-08 16:05:09,008 - DEBUG - 局部搜索未能改进当前解
2025-04-08 16:05:09,012 - DEBUG - 执行AGV分配局部搜索，当前完工时间: 1635.00
2025-04-08 16:05:09,016 - DEBUG - 局部搜索未能改进当前解
2025-04-08 16:05:09,020 - DEBUG - 执行AGV分配局部搜索，当前完工时间: 1668.00
2025-04-08 16:05:09,023 - DEBUG - 局部搜索未能改进当前解
2025-04-08 16:05:09,026 - DEBUG - 执行AGV分配局部搜索，当前完工时间: 1673.00
2025-04-08 16:05:09,030 - DEBUG - 局部搜索未能改进当前解
2025-04-08 16:05:09,034 - DEBUG - 执行AGV分配局部搜索，当前完工时间: 1655.00
2025-04-08 16:05:09,037 - DEBUG - 局部搜索未能改进当前解
2025-04-08 16:05:09,041 - DEBUG - 执行AGV分配局部搜索，当前完工时间: 1683.00
2025-04-08 16:05:09,044 - DEBUG - 局部搜索未能改进当前解
2025-04-08 16:05:09,048 - DEBUG - 执行AGV分配局部搜索，当前完工时间: 1711.00
2025-04-08 16:05:09,052 - DEBUG - 局部搜索未能改进当前解
2025-04-08 16:05:09,056 - DEBUG - 执行AGV分配局部搜索，当前完工时间: 1724.00
2025-04-08 16:05:09,059 - DEBUG - 局部搜索未能改进当前解
2025-04-08 16:05:09,062 - DEBUG - 执行AGV分配局部搜索，当前完工时间: 1650.00
2025-04-08 16:05:09,066 - DEBUG - 局部搜索未能改进当前解
2025-04-08 16:05:09,071 - DEBUG - 执行AGV分配局部搜索，当前完工时间: 1711.00
2025-04-08 16:05:09,074 - DEBUG - 局部搜索未能改进当前解
2025-04-08 16:05:09,079 - DEBUG - 执行AGV分配局部搜索，当前完工时间: 1662.00
2025-04-08 16:05:09,082 - DEBUG - 局部搜索未能改进当前解
2025-04-08 16:05:09,087 - DEBUG - 执行AGV分配局部搜索，当前完工时间: 1782.00
2025-04-08 16:05:09,090 - DEBUG - 局部搜索未能改进当前解
2025-04-08 16:05:09,095 - DEBUG - 执行AGV分配局部搜索，当前完工时间: 1721.00
2025-04-08 16:05:09,100 - DEBUG - 局部搜索未能改进当前解
2025-04-08 16:05:09,104 - DEBUG - 执行AGV分配局部搜索，当前完工时间: 1646.00
2025-04-08 16:05:09,107 - DEBUG - 局部搜索未能改进当前解
2025-04-08 16:05:09,112 - DEBUG - 执行AGV分配局部搜索，当前完工时间: 1847.00
2025-04-08 16:05:09,115 - DEBUG - 局部搜索未能改进当前解
2025-04-08 16:05:09,119 - DEBUG - 执行AGV分配局部搜索，当前完工时间: 1742.00
2025-04-08 16:05:09,122 - DEBUG - AGV分配局部搜索成功！完工时间从 1742.00 降低到 1714.00，改进: 28.00 (1.61%)
2025-04-08 16:05:09,126 - DEBUG - 执行AGV分配局部搜索，当前完工时间: 1667.00
2025-04-08 16:05:09,130 - DEBUG - AGV分配局部搜索成功！完工时间从 1667.00 降低到 1649.00，改进: 18.00 (1.08%)
2025-04-08 16:05:09,134 - DEBUG - 执行AGV分配局部搜索，当前完工时间: 1693.00
2025-04-08 16:05:09,137 - DEBUG - 局部搜索未能改进当前解
2025-04-08 16:05:09,141 - DEBUG - 执行AGV分配局部搜索，当前完工时间: 1857.00
2025-04-08 16:05:09,145 - DEBUG - 局部搜索未能改进当前解
2025-04-08 16:05:09,149 - DEBUG - 执行AGV分配局部搜索，当前完工时间: 1711.00
2025-04-08 16:05:09,153 - DEBUG - 局部搜索未能改进当前解
2025-04-08 16:05:09,156 - DEBUG - 执行AGV分配局部搜索，当前完工时间: 1705.00
2025-04-08 16:05:09,160 - DEBUG - 局部搜索未能改进当前解
2025-04-08 16:05:09,164 - DEBUG - 执行AGV分配局部搜索，当前完工时间: 1725.00
2025-04-08 16:05:09,166 - DEBUG - 局部搜索未能改进当前解
2025-04-08 16:05:09,170 - DEBUG - 执行AGV分配局部搜索，当前完工时间: 1716.00
2025-04-08 16:05:09,174 - DEBUG - 局部搜索未能改进当前解
2025-04-08 16:05:09,180 - DEBUG - 执行AGV分配局部搜索，当前完工时间: 1703.00
2025-04-08 16:05:09,183 - DEBUG - 局部搜索未能改进当前解
2025-04-08 16:05:09,187 - DEBUG - 执行AGV分配局部搜索，当前完工时间: 1765.00
2025-04-08 16:05:09,191 - DEBUG - 局部搜索未能改进当前解
2025-04-08 16:05:09,194 - DEBUG - 执行AGV分配局部搜索，当前完工时间: 1629.00
2025-04-08 16:05:09,199 - DEBUG - 局部搜索未能改进当前解
2025-04-08 16:05:09,199 - DEBUG - ==================================================
2025-04-08 16:05:09,199 - DEBUG - Efficiency Statistics of Local Search :
2025-04-08 16:05:09,199 - DEBUG - Number of attempts: 99
2025-04-08 16:05:09,199 - DEBUG - Average Success Rate: 7.07%
2025-04-08 16:05:09,199 - DEBUG - AGV Local Search Success: 7，Average Improvement: 23.71
2025-04-08 16:05:09,203 - DEBUG - 执行AGV分配局部搜索，当前完工时间: 1653.00
2025-04-08 16:05:09,206 - DEBUG - 局部搜索未能改进当前解
2025-04-08 16:05:09,210 - DEBUG - 执行AGV分配局部搜索，当前完工时间: 1757.00
2025-04-08 16:05:09,214 - DEBUG - 局部搜索未能改进当前解
2025-04-08 16:05:09,216 - DEBUG - 执行AGV分配局部搜索，当前完工时间: 1843.00
2025-04-08 16:05:09,221 - DEBUG - 局部搜索未能改进当前解
2025-04-08 16:05:09,225 - DEBUG - 执行AGV分配局部搜索，当前完工时间: 1688.00
2025-04-08 16:05:09,228 - DEBUG - AGV分配局部搜索成功！完工时间从 1688.00 降低到 1684.00，改进: 4.00 (0.24%)
2025-04-08 16:05:09,232 - DEBUG - 执行AGV分配局部搜索，当前完工时间: 1722.00
2025-04-08 16:05:09,235 - DEBUG - 局部搜索未能改进当前解
2025-04-08 16:05:09,240 - DEBUG - 执行AGV分配局部搜索，当前完工时间: 1700.00
2025-04-08 16:05:09,243 - DEBUG - 局部搜索未能改进当前解
2025-04-08 16:05:09,247 - DEBUG - 执行AGV分配局部搜索，当前完工时间: 1715.00
2025-04-08 16:05:09,250 - DEBUG - 局部搜索未能改进当前解
2025-04-08 16:05:09,254 - DEBUG - 执行AGV分配局部搜索，当前完工时间: 1654.00
2025-04-08 16:05:09,258 - DEBUG - 局部搜索未能改进当前解
2025-04-08 16:05:09,262 - DEBUG - 执行AGV分配局部搜索，当前完工时间: 1664.00
2025-04-08 16:05:09,265 - DEBUG - 局部搜索未能改进当前解
2025-04-08 16:05:09,269 - DEBUG - 执行AGV分配局部搜索，当前完工时间: 1706.00
2025-04-08 16:05:09,272 - DEBUG - 局部搜索未能改进当前解
2025-04-08 16:05:09,277 - DEBUG - 执行AGV分配局部搜索，当前完工时间: 1660.00
2025-04-08 16:05:09,281 - DEBUG - 局部搜索未能改进当前解
2025-04-08 16:05:09,284 - DEBUG - 执行AGV分配局部搜索，当前完工时间: 1808.00
2025-04-08 16:05:09,292 - DEBUG - 局部搜索未能改进当前解
2025-04-08 16:05:09,295 - DEBUG - 执行AGV分配局部搜索，当前完工时间: 1630.00
2025-04-08 16:05:09,299 - DEBUG - 局部搜索未能改进当前解
2025-04-08 16:05:09,303 - DEBUG - 执行AGV分配局部搜索，当前完工时间: 1686.00
2025-04-08 16:05:09,307 - DEBUG - 局部搜索未能改进当前解
2025-04-08 16:05:09,310 - DEBUG - 执行AGV分配局部搜索，当前完工时间: 1687.00
2025-04-08 16:05:09,314 - DEBUG - 局部搜索未能改进当前解
2025-04-08 16:05:09,318 - DEBUG - 执行AGV分配局部搜索，当前完工时间: 1721.00
2025-04-08 16:05:09,321 - DEBUG - 局部搜索未能改进当前解
2025-04-08 16:05:09,326 - DEBUG - 执行AGV分配局部搜索，当前完工时间: 1718.00
2025-04-08 16:05:09,330 - DEBUG - 局部搜索未能改进当前解
2025-04-08 16:05:09,334 - DEBUG - 执行AGV分配局部搜索，当前完工时间: 1719.00
2025-04-08 16:05:09,337 - DEBUG - 局部搜索未能改进当前解
2025-04-08 16:05:09,341 - DEBUG - 执行AGV分配局部搜索，当前完工时间: 1707.00
2025-04-08 16:05:09,344 - DEBUG - 局部搜索未能改进当前解
2025-04-08 16:05:09,349 - DEBUG - 执行AGV分配局部搜索，当前完工时间: 1650.00
2025-04-08 16:05:09,353 - DEBUG - 局部搜索未能改进当前解
2025-04-08 16:05:09,356 - DEBUG - 执行AGV分配局部搜索，当前完工时间: 1668.00
2025-04-08 16:05:09,359 - DEBUG - 局部搜索未能改进当前解
2025-04-08 16:05:09,364 - DEBUG - 执行AGV分配局部搜索，当前完工时间: 1695.00
2025-04-08 16:05:09,366 - DEBUG - AGV分配局部搜索成功！完工时间从 1695.00 降低到 1683.00，改进: 12.00 (0.71%)
2025-04-08 16:05:09,371 - DEBUG - 执行AGV分配局部搜索，当前完工时间: 1667.00
2025-04-08 16:05:09,374 - DEBUG - 局部搜索未能改进当前解
2025-04-08 16:05:09,378 - DEBUG - 执行AGV分配局部搜索，当前完工时间: 1679.00
2025-04-08 16:05:09,381 - DEBUG - 局部搜索未能改进当前解
2025-04-08 16:05:09,385 - DEBUG - 执行AGV分配局部搜索，当前完工时间: 1851.00
2025-04-08 16:05:09,389 - DEBUG - 局部搜索未能改进当前解
2025-04-08 16:05:09,393 - DEBUG - 执行AGV分配局部搜索，当前完工时间: 1636.00
2025-04-08 16:05:09,397 - DEBUG - 局部搜索未能改进当前解
2025-04-08 16:05:09,401 - DEBUG - 执行AGV分配局部搜索，当前完工时间: 1711.00
2025-04-08 16:05:09,405 - DEBUG - 局部搜索未能改进当前解
2025-04-08 16:05:09,409 - DEBUG - 执行AGV分配局部搜索，当前完工时间: 1720.00
2025-04-08 16:05:09,412 - DEBUG - 局部搜索未能改进当前解
2025-04-08 16:05:09,415 - DEBUG - 执行AGV分配局部搜索，当前完工时间: 1772.00
2025-04-08 16:05:09,420 - DEBUG - 局部搜索未能改进当前解
2025-04-08 16:05:09,424 - DEBUG - 执行AGV分配局部搜索，当前完工时间: 1678.00
2025-04-08 16:05:09,426 - DEBUG - 局部搜索未能改进当前解
2025-04-08 16:05:09,431 - DEBUG - 执行AGV分配局部搜索，当前完工时间: 1643.00
2025-04-08 16:05:09,434 - DEBUG - 局部搜索未能改进当前解
2025-04-08 16:05:09,438 - DEBUG - 执行AGV分配局部搜索，当前完工时间: 1668.00
2025-04-08 16:05:09,442 - DEBUG - AGV分配局部搜索成功！完工时间从 1668.00 降低到 1642.00，改进: 26.00 (1.56%)
2025-04-08 16:05:09,445 - DEBUG - 执行AGV分配局部搜索，当前完工时间: 1801.00
2025-04-08 16:05:09,449 - DEBUG - 局部搜索未能改进当前解
2025-04-08 16:05:09,453 - DEBUG - 执行AGV分配局部搜索，当前完工时间: 1629.00
2025-04-08 16:05:09,457 - DEBUG - 局部搜索未能改进当前解
2025-04-08 16:05:09,460 - DEBUG - 执行AGV分配局部搜索，当前完工时间: 1652.00
2025-04-08 16:05:09,464 - DEBUG - AGV分配局部搜索成功！完工时间从 1652.00 降低到 1639.00，改进: 13.00 (0.79%)
2025-04-08 16:05:09,468 - DEBUG - 执行AGV分配局部搜索，当前完工时间: 1708.00
2025-04-08 16:05:09,470 - DEBUG - 局部搜索未能改进当前解
2025-04-08 16:05:09,475 - DEBUG - 执行AGV分配局部搜索，当前完工时间: 1736.00
2025-04-08 16:05:09,479 - DEBUG - 局部搜索未能改进当前解
2025-04-08 16:05:09,483 - DEBUG - 执行AGV分配局部搜索，当前完工时间: 1724.00
2025-04-08 16:05:09,487 - DEBUG - 局部搜索未能改进当前解
2025-04-08 16:05:09,491 - DEBUG - 执行AGV分配局部搜索，当前完工时间: 1751.00
2025-04-08 16:05:09,495 - DEBUG - 局部搜索未能改进当前解
2025-04-08 16:05:09,499 - DEBUG - 执行AGV分配局部搜索，当前完工时间: 1663.00
2025-04-08 16:05:09,502 - DEBUG - 局部搜索未能改进当前解
2025-04-08 16:05:09,506 - DEBUG - 执行AGV分配局部搜索，当前完工时间: 1651.00
2025-04-08 16:05:09,510 - DEBUG - 局部搜索未能改进当前解
2025-04-08 16:05:09,514 - DEBUG - 执行AGV分配局部搜索，当前完工时间: 1646.00
2025-04-08 16:05:09,516 - DEBUG - 局部搜索未能改进当前解
2025-04-08 16:05:09,521 - DEBUG - 执行AGV分配局部搜索，当前完工时间: 1695.00
2025-04-08 16:05:09,525 - DEBUG - AGV分配局部搜索成功！完工时间从 1695.00 降低到 1683.00，改进: 12.00 (0.71%)
2025-04-08 16:05:09,529 - DEBUG - 执行AGV分配局部搜索，当前完工时间: 1710.00
2025-04-08 16:05:09,532 - DEBUG - 局部搜索未能改进当前解
2025-04-08 16:05:09,535 - DEBUG - 执行AGV分配局部搜索，当前完工时间: 1663.00
2025-04-08 16:05:09,540 - DEBUG - 局部搜索未能改进当前解
2025-04-08 16:05:09,543 - DEBUG - 执行AGV分配局部搜索，当前完工时间: 1690.00
2025-04-08 16:05:09,546 - DEBUG - 局部搜索未能改进当前解
2025-04-08 16:05:09,551 - DEBUG - 执行AGV分配局部搜索，当前完工时间: 1740.00
2025-04-08 16:05:09,555 - DEBUG - AGV分配局部搜索成功！完工时间从 1740.00 降低到 1666.00，改进: 74.00 (4.25%)
2025-04-08 16:05:09,558 - DEBUG - 执行AGV分配局部搜索，当前完工时间: 1676.00
2025-04-08 16:05:09,562 - DEBUG - AGV分配局部搜索成功！完工时间从 1676.00 降低到 1659.00，改进: 17.00 (1.01%)
2025-04-08 16:05:09,566 - DEBUG - 执行AGV分配局部搜索，当前完工时间: 1634.00
2025-04-08 16:05:09,569 - DEBUG - 局部搜索未能改进当前解
2025-04-08 16:05:09,573 - DEBUG - 执行AGV分配局部搜索，当前完工时间: 1721.00
2025-04-08 16:05:09,577 - DEBUG - 局部搜索未能改进当前解
2025-04-08 16:05:09,580 - DEBUG - 执行AGV分配局部搜索，当前完工时间: 1704.00
2025-04-08 16:05:09,585 - DEBUG - 局部搜索未能改进当前解
2025-04-08 16:05:09,588 - DEBUG - 执行AGV分配局部搜索，当前完工时间: 1672.00
2025-04-08 16:05:09,592 - DEBUG - 局部搜索未能改进当前解
2025-04-08 16:05:09,595 - DEBUG - 执行AGV分配局部搜索，当前完工时间: 1648.00
2025-04-08 16:05:09,600 - DEBUG - 局部搜索未能改进当前解
2025-04-08 16:05:09,604 - DEBUG - 执行AGV分配局部搜索，当前完工时间: 1663.00
2025-04-08 16:05:09,608 - DEBUG - 局部搜索未能改进当前解
2025-04-08 16:05:09,610 - DEBUG - 执行AGV分配局部搜索，当前完工时间: 1654.00
2025-04-08 16:05:09,614 - DEBUG - 局部搜索未能改进当前解
2025-04-08 16:05:09,619 - DEBUG - 执行AGV分配局部搜索，当前完工时间: 1656.00
2025-04-08 16:05:09,622 - DEBUG - 局部搜索未能改进当前解
2025-04-08 16:05:09,625 - DEBUG - 执行AGV分配局部搜索，当前完工时间: 1658.00
2025-04-08 16:05:09,629 - DEBUG - 局部搜索未能改进当前解
2025-04-08 16:05:09,633 - DEBUG - 执行AGV分配局部搜索，当前完工时间: 1674.00
2025-04-08 16:05:09,637 - DEBUG - 局部搜索未能改进当前解
2025-04-08 16:05:09,640 - DEBUG - 执行AGV分配局部搜索，当前完工时间: 1682.00
2025-04-08 16:05:09,644 - DEBUG - 局部搜索未能改进当前解
2025-04-08 16:05:09,648 - DEBUG - 执行AGV分配局部搜索，当前完工时间: 1724.00
2025-04-08 16:05:09,652 - DEBUG - 局部搜索未能改进当前解
2025-04-08 16:05:09,656 - DEBUG - 执行AGV分配局部搜索，当前完工时间: 1694.00
2025-04-08 16:05:09,660 - DEBUG - 局部搜索未能改进当前解
2025-04-08 16:05:09,664 - DEBUG - 执行AGV分配局部搜索，当前完工时间: 1677.00
2025-04-08 16:05:09,668 - DEBUG - 局部搜索未能改进当前解
2025-04-08 16:05:09,672 - DEBUG - 执行AGV分配局部搜索，当前完工时间: 1713.00
2025-04-08 16:05:09,675 - DEBUG - 局部搜索未能改进当前解
2025-04-08 16:05:09,680 - DEBUG - 执行AGV分配局部搜索，当前完工时间: 1671.00
2025-04-08 16:05:09,683 - DEBUG - 局部搜索未能改进当前解
2025-04-08 16:05:09,686 - DEBUG - 执行AGV分配局部搜索，当前完工时间: 1768.00
2025-04-08 16:05:09,691 - DEBUG - AGV分配局部搜索成功！完工时间从 1768.00 降低到 1766.00，改进: 2.00 (0.11%)
2025-04-08 16:05:09,694 - DEBUG - 执行AGV分配局部搜索，当前完工时间: 1650.00
2025-04-08 16:05:09,698 - DEBUG - 局部搜索未能改进当前解
2025-04-08 16:05:09,702 - DEBUG - 执行AGV分配局部搜索，当前完工时间: 1685.00
2025-04-08 16:05:09,705 - DEBUG - 局部搜索未能改进当前解
2025-04-08 16:05:09,710 - DEBUG - 执行AGV分配局部搜索，当前完工时间: 1699.00
2025-04-08 16:05:09,712 - DEBUG - 局部搜索未能改进当前解
2025-04-08 16:05:09,717 - DEBUG - 执行AGV分配局部搜索，当前完工时间: 1726.00
2025-04-08 16:05:09,720 - DEBUG - 局部搜索未能改进当前解
2025-04-08 16:05:09,724 - DEBUG - 执行AGV分配局部搜索，当前完工时间: 1658.00
2025-04-08 16:05:09,728 - DEBUG - 局部搜索未能改进当前解
2025-04-08 16:05:09,731 - DEBUG - 执行AGV分配局部搜索，当前完工时间: 1739.00
2025-04-08 16:05:09,735 - DEBUG - 局部搜索未能改进当前解
2025-04-08 16:05:09,740 - DEBUG - 执行AGV分配局部搜索，当前完工时间: 1712.00
2025-04-08 16:05:09,743 - DEBUG - 局部搜索未能改进当前解
2025-04-08 16:05:09,747 - DEBUG - 执行AGV分配局部搜索，当前完工时间: 1874.00
2025-04-08 16:05:09,751 - DEBUG - 局部搜索未能改进当前解
2025-04-08 16:05:09,755 - DEBUG - 执行AGV分配局部搜索，当前完工时间: 1733.00
2025-04-08 16:05:09,758 - DEBUG - 局部搜索未能改进当前解
2025-04-08 16:05:09,762 - DEBUG - 执行AGV分配局部搜索，当前完工时间: 1708.00
2025-04-08 16:05:09,766 - DEBUG - 局部搜索未能改进当前解
2025-04-08 16:05:09,770 - DEBUG - 执行AGV分配局部搜索，当前完工时间: 1688.00
2025-04-08 16:05:09,774 - DEBUG - 局部搜索未能改进当前解
2025-04-08 16:05:09,778 - DEBUG - 执行AGV分配局部搜索，当前完工时间: 1734.00
2025-04-08 16:05:09,781 - DEBUG - 局部搜索未能改进当前解
2025-04-08 16:05:09,785 - DEBUG - 执行AGV分配局部搜索，当前完工时间: 1706.00
2025-04-08 16:05:09,789 - DEBUG - 局部搜索未能改进当前解
2025-04-08 16:05:09,793 - DEBUG - 执行AGV分配局部搜索，当前完工时间: 1693.00
2025-04-08 16:05:09,796 - DEBUG - 局部搜索未能改进当前解
2025-04-08 16:05:09,800 - DEBUG - 执行AGV分配局部搜索，当前完工时间: 1665.00
2025-04-08 16:05:09,804 - DEBUG - 局部搜索未能改进当前解
2025-04-08 16:05:09,808 - DEBUG - 执行AGV分配局部搜索，当前完工时间: 1766.00
2025-04-08 16:05:09,812 - DEBUG - 局部搜索未能改进当前解
2025-04-08 16:05:09,816 - DEBUG - 执行AGV分配局部搜索，当前完工时间: 1701.00
2025-04-08 16:05:09,820 - DEBUG - AGV分配局部搜索成功！完工时间从 1701.00 降低到 1697.00，改进: 4.00 (0.24%)
2025-04-08 16:05:09,824 - DEBUG - 执行AGV分配局部搜索，当前完工时间: 1661.00
2025-04-08 16:05:09,828 - DEBUG - 局部搜索未能改进当前解
2025-04-08 16:05:09,832 - DEBUG - 执行AGV分配局部搜索，当前完工时间: 1710.00
2025-04-08 16:05:09,836 - DEBUG - AGV分配局部搜索成功！完工时间从 1710.00 降低到 1708.00，改进: 2.00 (0.12%)
2025-04-08 16:05:09,840 - DEBUG - 执行AGV分配局部搜索，当前完工时间: 1714.00
2025-04-08 16:05:09,843 - DEBUG - 局部搜索未能改进当前解
2025-04-08 16:05:09,847 - DEBUG - 执行AGV分配局部搜索，当前完工时间: 1650.00
2025-04-08 16:05:09,850 - DEBUG - 局部搜索未能改进当前解
2025-04-08 16:05:09,854 - DEBUG - 执行AGV分配局部搜索，当前完工时间: 1641.00
2025-04-08 16:05:09,858 - DEBUG - 局部搜索未能改进当前解
2025-04-08 16:05:09,862 - DEBUG - 执行AGV分配局部搜索，当前完工时间: 1895.00
2025-04-08 16:05:09,866 - DEBUG - 局部搜索未能改进当前解
2025-04-08 16:05:09,870 - DEBUG - 执行AGV分配局部搜索，当前完工时间: 1683.00
2025-04-08 16:05:09,873 - DEBUG - 局部搜索未能改进当前解
2025-04-08 16:05:09,878 - DEBUG - 执行AGV分配局部搜索，当前完工时间: 1831.00
2025-04-08 16:05:09,882 - DEBUG - 局部搜索未能改进当前解
2025-04-08 16:05:09,886 - DEBUG - 执行AGV分配局部搜索，当前完工时间: 1672.00
2025-04-08 16:05:09,890 - DEBUG - 局部搜索未能改进当前解
2025-04-08 16:05:09,893 - DEBUG - 执行AGV分配局部搜索，当前完工时间: 1648.00
2025-04-08 16:05:09,897 - DEBUG - 局部搜索未能改进当前解
2025-04-08 16:05:09,900 - DEBUG - 执行AGV分配局部搜索，当前完工时间: 1671.00
2025-04-08 16:05:09,903 - DEBUG - 局部搜索未能改进当前解
2025-04-08 16:05:09,906 - DEBUG - 执行AGV分配局部搜索，当前完工时间: 1644.00
2025-04-08 16:05:09,910 - DEBUG - 局部搜索未能改进当前解
2025-04-08 16:05:09,915 - DEBUG - 执行AGV分配局部搜索，当前完工时间: 1640.00
2025-04-08 16:05:09,919 - DEBUG - 局部搜索未能改进当前解
2025-04-08 16:05:09,922 - DEBUG - 执行AGV分配局部搜索，当前完工时间: 1712.00
2025-04-08 16:05:09,926 - DEBUG - 局部搜索未能改进当前解
2025-04-08 16:05:09,929 - DEBUG - 执行AGV分配局部搜索，当前完工时间: 1748.00
2025-04-08 16:05:09,934 - DEBUG - 局部搜索未能改进当前解
2025-04-08 16:05:09,937 - DEBUG - 执行AGV分配局部搜索，当前完工时间: 1646.00
2025-04-08 16:05:09,941 - DEBUG - 局部搜索未能改进当前解
2025-04-08 16:05:09,945 - DEBUG - 执行AGV分配局部搜索，当前完工时间: 1648.00
2025-04-08 16:05:09,948 - DEBUG - 局部搜索未能改进当前解
2025-04-08 16:05:09,948 - DEBUG - ==================================================
2025-04-08 16:05:09,948 - DEBUG - Efficiency Statistics of Local Search :
2025-04-08 16:05:09,948 - DEBUG - Number of attempts: 99
2025-04-08 16:05:09,948 - DEBUG - Average Success Rate: 10.10%
2025-04-08 16:05:09,948 - DEBUG - AGV Local Search Success: 10，Average Improvement: 16.60
2025-04-08 16:05:09,953 - DEBUG - 执行AGV分配局部搜索，当前完工时间: 1765.00
2025-04-08 16:05:09,956 - DEBUG - AGV分配局部搜索成功！完工时间从 1765.00 降低到 1744.00，改进: 21.00 (1.19%)
2025-04-08 16:05:09,960 - DEBUG - 执行AGV分配局部搜索，当前完工时间: 1752.00
2025-04-08 16:05:09,964 - DEBUG - 局部搜索未能改进当前解
2025-04-08 16:05:09,968 - DEBUG - 执行AGV分配局部搜索，当前完工时间: 1657.00
2025-04-08 16:05:09,970 - DEBUG - 局部搜索未能改进当前解
2025-04-08 16:05:09,975 - DEBUG - 执行AGV分配局部搜索，当前完工时间: 1693.00
2025-04-08 16:05:09,980 - DEBUG - 局部搜索未能改进当前解
2025-04-08 16:05:09,983 - DEBUG - 执行AGV分配局部搜索，当前完工时间: 1654.00
2025-04-08 16:05:09,986 - DEBUG - 局部搜索未能改进当前解
2025-04-08 16:05:09,991 - DEBUG - 执行AGV分配局部搜索，当前完工时间: 1806.00
2025-04-08 16:05:09,995 - DEBUG - 局部搜索未能改进当前解
2025-04-08 16:05:09,998 - DEBUG - 执行AGV分配局部搜索，当前完工时间: 1657.00
2025-04-08 16:05:10,001 - DEBUG - 局部搜索未能改进当前解
2025-04-08 16:05:10,005 - DEBUG - 执行AGV分配局部搜索，当前完工时间: 1889.00
2025-04-08 16:05:10,010 - DEBUG - 局部搜索未能改进当前解
2025-04-08 16:05:10,014 - DEBUG - 执行AGV分配局部搜索，当前完工时间: 1628.00
2025-04-08 16:05:10,016 - DEBUG - 局部搜索未能改进当前解
2025-04-08 16:05:10,021 - DEBUG - 执行AGV分配局部搜索，当前完工时间: 1651.00
2025-04-08 16:05:10,024 - DEBUG - 局部搜索未能改进当前解
2025-04-08 16:05:10,029 - DEBUG - 执行AGV分配局部搜索，当前完工时间: 1669.00
2025-04-08 16:05:10,032 - DEBUG - 局部搜索未能改进当前解
2025-04-08 16:05:10,036 - DEBUG - 执行AGV分配局部搜索，当前完工时间: 1715.00
2025-04-08 16:05:10,040 - DEBUG - 局部搜索未能改进当前解
2025-04-08 16:05:10,043 - DEBUG - 执行AGV分配局部搜索，当前完工时间: 1693.00
2025-04-08 16:05:10,045 - DEBUG - 局部搜索未能改进当前解
2025-04-08 16:05:10,050 - DEBUG - 执行AGV分配局部搜索，当前完工时间: 1645.00
2025-04-08 16:05:10,054 - DEBUG - 局部搜索未能改进当前解
2025-04-08 16:05:10,058 - DEBUG - 执行AGV分配局部搜索，当前完工时间: 1786.00
2025-04-08 16:05:10,062 - DEBUG - 局部搜索未能改进当前解
2025-04-08 16:05:10,065 - DEBUG - 执行AGV分配局部搜索，当前完工时间: 1719.00
2025-04-08 16:05:10,069 - DEBUG - 局部搜索未能改进当前解
2025-04-08 16:05:10,073 - DEBUG - 执行AGV分配局部搜索，当前完工时间: 1759.00
2025-04-08 16:05:10,076 - DEBUG - 局部搜索未能改进当前解
2025-04-08 16:05:10,082 - DEBUG - 执行AGV分配局部搜索，当前完工时间: 1731.00
2025-04-08 16:05:10,086 - DEBUG - 局部搜索未能改进当前解
2025-04-08 16:05:10,090 - DEBUG - 执行AGV分配局部搜索，当前完工时间: 1757.00
2025-04-08 16:05:10,093 - DEBUG - 局部搜索未能改进当前解
2025-04-08 16:05:10,097 - DEBUG - 执行AGV分配局部搜索，当前完工时间: 1715.00
2025-04-08 16:05:10,101 - DEBUG - 局部搜索未能改进当前解
2025-04-08 16:05:10,105 - DEBUG - 执行AGV分配局部搜索，当前完工时间: 1644.00
2025-04-08 16:05:10,108 - DEBUG - 局部搜索未能改进当前解
2025-04-08 16:05:10,112 - DEBUG - 执行AGV分配局部搜索，当前完工时间: 1679.00
2025-04-08 16:05:10,116 - DEBUG - 局部搜索未能改进当前解
2025-04-08 16:05:10,120 - DEBUG - 执行AGV分配局部搜索，当前完工时间: 1764.00
2025-04-08 16:05:10,123 - DEBUG - 局部搜索未能改进当前解
2025-04-08 16:05:10,128 - DEBUG - 执行AGV分配局部搜索，当前完工时间: 1760.00
2025-04-08 16:05:10,131 - DEBUG - 局部搜索未能改进当前解
2025-04-08 16:05:10,135 - DEBUG - 执行AGV分配局部搜索，当前完工时间: 1687.00
2025-04-08 16:05:10,138 - DEBUG - 局部搜索未能改进当前解
2025-04-08 16:05:10,142 - DEBUG - 执行AGV分配局部搜索，当前完工时间: 1682.00
2025-04-08 16:05:10,146 - DEBUG - 局部搜索未能改进当前解
2025-04-08 16:05:10,151 - DEBUG - 执行AGV分配局部搜索，当前完工时间: 1708.00
2025-04-08 16:05:10,154 - DEBUG - 局部搜索未能改进当前解
2025-04-08 16:05:10,158 - DEBUG - 执行AGV分配局部搜索，当前完工时间: 1675.00
2025-04-08 16:05:10,163 - DEBUG - 局部搜索未能改进当前解
2025-04-08 16:05:10,165 - DEBUG - 执行AGV分配局部搜索，当前完工时间: 1755.00
2025-04-08 16:05:10,170 - DEBUG - 局部搜索未能改进当前解
2025-04-08 16:05:10,173 - DEBUG - 执行AGV分配局部搜索，当前完工时间: 1762.00
2025-04-08 16:05:10,177 - DEBUG - 局部搜索未能改进当前解
2025-04-08 16:05:10,181 - DEBUG - 执行AGV分配局部搜索，当前完工时间: 1672.00
2025-04-08 16:05:10,185 - DEBUG - AGV分配局部搜索成功！完工时间从 1672.00 降低到 1669.00，改进: 3.00 (0.18%)
2025-04-08 16:05:10,189 - DEBUG - 执行AGV分配局部搜索，当前完工时间: 1841.00
2025-04-08 16:05:10,192 - DEBUG - AGV分配局部搜索成功！完工时间从 1841.00 降低到 1827.00，改进: 14.00 (0.76%)
2025-04-08 16:05:10,195 - DEBUG - 执行AGV分配局部搜索，当前完工时间: 1638.00
2025-04-08 16:05:10,199 - DEBUG - AGV分配局部搜索成功！完工时间从 1638.00 降低到 1637.00，改进: 1.00 (0.06%)
2025-04-08 16:05:10,203 - DEBUG - 执行AGV分配局部搜索，当前完工时间: 1792.00
2025-04-08 16:05:10,206 - DEBUG - 局部搜索未能改进当前解
2025-04-08 16:05:10,211 - DEBUG - 执行AGV分配局部搜索，当前完工时间: 1707.00
2025-04-08 16:05:10,214 - DEBUG - 局部搜索未能改进当前解
2025-04-08 16:05:10,218 - DEBUG - 执行AGV分配局部搜索，当前完工时间: 1681.00
2025-04-08 16:05:10,221 - DEBUG - 局部搜索未能改进当前解
2025-04-08 16:05:10,225 - DEBUG - 执行AGV分配局部搜索，当前完工时间: 1721.00
2025-04-08 16:05:10,229 - DEBUG - 局部搜索未能改进当前解
2025-04-08 16:05:10,233 - DEBUG - 执行AGV分配局部搜索，当前完工时间: 1707.00
2025-04-08 16:05:10,236 - DEBUG - AGV分配局部搜索成功！完工时间从 1707.00 降低到 1675.00，改进: 32.00 (1.87%)
2025-04-08 16:05:10,240 - DEBUG - 执行AGV分配局部搜索，当前完工时间: 1654.00
2025-04-08 16:05:10,243 - DEBUG - 局部搜索未能改进当前解
2025-04-08 16:05:10,247 - DEBUG - 执行AGV分配局部搜索，当前完工时间: 1700.00
2025-04-08 16:05:10,251 - DEBUG - 局部搜索未能改进当前解
2025-04-08 16:05:10,254 - DEBUG - 执行AGV分配局部搜索，当前完工时间: 1708.00
2025-04-08 16:05:10,257 - DEBUG - 局部搜索未能改进当前解
2025-04-08 16:05:10,261 - DEBUG - 执行AGV分配局部搜索，当前完工时间: 1655.00
2025-04-08 16:05:10,265 - DEBUG - 局部搜索未能改进当前解
2025-04-08 16:05:10,269 - DEBUG - 执行AGV分配局部搜索，当前完工时间: 1654.00
2025-04-08 16:05:10,273 - DEBUG - AGV分配局部搜索成功！完工时间从 1654.00 降低到 1652.00，改进: 2.00 (0.12%)
2025-04-08 16:05:10,276 - DEBUG - 执行AGV分配局部搜索，当前完工时间: 1690.00
2025-04-08 16:05:10,280 - DEBUG - 局部搜索未能改进当前解
2025-04-08 16:05:10,283 - DEBUG - 执行AGV分配局部搜索，当前完工时间: 1648.00
2025-04-08 16:05:10,287 - DEBUG - 局部搜索未能改进当前解
2025-04-08 16:05:10,291 - DEBUG - 执行AGV分配局部搜索，当前完工时间: 1678.00
2025-04-08 16:05:10,295 - DEBUG - 局部搜索未能改进当前解
2025-04-08 16:05:10,299 - DEBUG - 执行AGV分配局部搜索，当前完工时间: 1700.00
2025-04-08 16:05:10,302 - DEBUG - 局部搜索未能改进当前解
2025-04-08 16:05:10,306 - DEBUG - 执行AGV分配局部搜索，当前完工时间: 1641.00
2025-04-08 16:05:10,309 - DEBUG - 局部搜索未能改进当前解
2025-04-08 16:05:10,312 - DEBUG - 执行AGV分配局部搜索，当前完工时间: 1738.00
2025-04-08 16:05:10,317 - DEBUG - 局部搜索未能改进当前解
2025-04-08 16:05:10,321 - DEBUG - 执行AGV分配局部搜索，当前完工时间: 1735.00
2025-04-08 16:05:10,324 - DEBUG - AGV分配局部搜索成功！完工时间从 1735.00 降低到 1730.00，改进: 5.00 (0.29%)
2025-04-08 16:05:10,328 - DEBUG - 执行AGV分配局部搜索，当前完工时间: 1673.00
2025-04-08 16:05:10,332 - DEBUG - 局部搜索未能改进当前解
2025-04-08 16:05:10,336 - DEBUG - 执行AGV分配局部搜索，当前完工时间: 1719.00
2025-04-08 16:05:10,340 - DEBUG - 局部搜索未能改进当前解
2025-04-08 16:05:10,344 - DEBUG - 执行AGV分配局部搜索，当前完工时间: 1690.00
2025-04-08 16:05:10,348 - DEBUG - 局部搜索未能改进当前解
2025-04-08 16:05:10,351 - DEBUG - 执行AGV分配局部搜索，当前完工时间: 1734.00
2025-04-08 16:05:10,355 - DEBUG - 局部搜索未能改进当前解
2025-04-08 16:05:10,359 - DEBUG - 执行AGV分配局部搜索，当前完工时间: 1618.00
2025-04-08 16:05:10,363 - DEBUG - 局部搜索未能改进当前解
2025-04-08 16:05:10,367 - DEBUG - 执行AGV分配局部搜索，当前完工时间: 1800.00
2025-04-08 16:05:10,370 - DEBUG - 局部搜索未能改进当前解
2025-04-08 16:05:10,373 - DEBUG - 执行AGV分配局部搜索，当前完工时间: 1670.00
2025-04-08 16:05:10,378 - DEBUG - 局部搜索未能改进当前解
2025-04-08 16:05:10,381 - DEBUG - 执行AGV分配局部搜索，当前完工时间: 1695.00
2025-04-08 16:05:10,385 - DEBUG - AGV分配局部搜索成功！完工时间从 1695.00 降低到 1652.00，改进: 43.00 (2.54%)
2025-04-08 16:05:10,388 - DEBUG - 执行AGV分配局部搜索，当前完工时间: 1763.00
2025-04-08 16:05:10,393 - DEBUG - 局部搜索未能改进当前解
2025-04-08 16:05:10,397 - DEBUG - 执行AGV分配局部搜索，当前完工时间: 1691.00
2025-04-08 16:05:10,400 - DEBUG - 局部搜索未能改进当前解
2025-04-08 16:05:10,404 - DEBUG - 执行AGV分配局部搜索，当前完工时间: 1677.00
2025-04-08 16:05:10,407 - DEBUG - 局部搜索未能改进当前解
2025-04-08 16:05:10,410 - DEBUG - 执行AGV分配局部搜索，当前完工时间: 1703.00
2025-04-08 16:05:10,414 - DEBUG - 局部搜索未能改进当前解
2025-04-08 16:05:10,418 - DEBUG - 执行AGV分配局部搜索，当前完工时间: 1663.00
2025-04-08 16:05:10,421 - DEBUG - 局部搜索未能改进当前解
2025-04-08 16:05:10,425 - DEBUG - 执行AGV分配局部搜索，当前完工时间: 1660.00
2025-04-08 16:05:10,429 - DEBUG - 局部搜索未能改进当前解
2025-04-08 16:05:10,432 - DEBUG - 执行AGV分配局部搜索，当前完工时间: 1642.00
2025-04-08 16:05:10,436 - DEBUG - 局部搜索未能改进当前解
2025-04-08 16:05:10,440 - DEBUG - 执行AGV分配局部搜索，当前完工时间: 1643.00
2025-04-08 16:05:10,444 - DEBUG - 局部搜索未能改进当前解
2025-04-08 16:05:10,448 - DEBUG - 执行AGV分配局部搜索，当前完工时间: 1624.00
2025-04-08 16:05:10,451 - DEBUG - 局部搜索未能改进当前解
2025-04-08 16:05:10,455 - DEBUG - 执行AGV分配局部搜索，当前完工时间: 1642.00
2025-04-08 16:05:10,458 - DEBUG - 局部搜索未能改进当前解
2025-04-08 16:05:10,463 - DEBUG - 执行AGV分配局部搜索，当前完工时间: 1701.00
2025-04-08 16:05:10,467 - DEBUG - 局部搜索未能改进当前解
2025-04-08 16:05:10,470 - DEBUG - 执行AGV分配局部搜索，当前完工时间: 1650.00
2025-04-08 16:05:10,474 - DEBUG - 局部搜索未能改进当前解
2025-04-08 16:05:10,478 - DEBUG - 执行AGV分配局部搜索，当前完工时间: 1698.00
2025-04-08 16:05:10,481 - DEBUG - 局部搜索未能改进当前解
2025-04-08 16:05:10,485 - DEBUG - 执行AGV分配局部搜索，当前完工时间: 1708.00
2025-04-08 16:05:10,488 - DEBUG - 局部搜索未能改进当前解
2025-04-08 16:05:10,492 - DEBUG - 执行AGV分配局部搜索，当前完工时间: 1797.00
2025-04-08 16:05:10,496 - DEBUG - AGV分配局部搜索成功！完工时间从 1797.00 降低到 1780.00，改进: 17.00 (0.95%)
2025-04-08 16:05:10,501 - DEBUG - 执行AGV分配局部搜索，当前完工时间: 1689.00
2025-04-08 16:05:10,504 - DEBUG - 局部搜索未能改进当前解
2025-04-08 16:05:10,507 - DEBUG - 执行AGV分配局部搜索，当前完工时间: 1656.00
2025-04-08 16:05:10,510 - DEBUG - 局部搜索未能改进当前解
2025-04-08 16:05:10,516 - DEBUG - 执行AGV分配局部搜索，当前完工时间: 1627.00
2025-04-08 16:05:10,519 - DEBUG - AGV分配局部搜索成功！完工时间从 1627.00 降低到 1621.00，改进: 6.00 (0.37%)
2025-04-08 16:05:10,523 - DEBUG - 执行AGV分配局部搜索，当前完工时间: 1767.00
2025-04-08 16:05:10,526 - DEBUG - AGV分配局部搜索成功！完工时间从 1767.00 降低到 1756.00，改进: 11.00 (0.62%)
2025-04-08 16:05:10,530 - DEBUG - 执行AGV分配局部搜索，当前完工时间: 1679.00
2025-04-08 16:05:10,535 - DEBUG - 局部搜索未能改进当前解
2025-04-08 16:05:10,539 - DEBUG - 执行AGV分配局部搜索，当前完工时间: 1687.00
2025-04-08 16:05:10,542 - DEBUG - 局部搜索未能改进当前解
2025-04-08 16:05:10,547 - DEBUG - 执行AGV分配局部搜索，当前完工时间: 1666.00
2025-04-08 16:05:10,550 - DEBUG - 局部搜索未能改进当前解
2025-04-08 16:05:10,554 - DEBUG - 执行AGV分配局部搜索，当前完工时间: 1690.00
2025-04-08 16:05:10,557 - DEBUG - 局部搜索未能改进当前解
2025-04-08 16:05:10,562 - DEBUG - 执行AGV分配局部搜索，当前完工时间: 1784.00
2025-04-08 16:05:10,564 - DEBUG - 局部搜索未能改进当前解
2025-04-08 16:05:10,569 - DEBUG - 执行AGV分配局部搜索，当前完工时间: 1654.00
2025-04-08 16:05:10,572 - DEBUG - 局部搜索未能改进当前解
2025-04-08 16:05:10,576 - DEBUG - 执行AGV分配局部搜索，当前完工时间: 1782.00
2025-04-08 16:05:10,581 - DEBUG - 局部搜索未能改进当前解
2025-04-08 16:05:10,585 - DEBUG - 执行AGV分配局部搜索，当前完工时间: 1685.00
2025-04-08 16:05:10,589 - DEBUG - 局部搜索未能改进当前解
2025-04-08 16:05:10,593 - DEBUG - 执行AGV分配局部搜索，当前完工时间: 1762.00
2025-04-08 16:05:10,596 - DEBUG - 局部搜索未能改进当前解
2025-04-08 16:05:10,600 - DEBUG - 执行AGV分配局部搜索，当前完工时间: 1665.00
2025-04-08 16:05:10,604 - DEBUG - AGV分配局部搜索成功！完工时间从 1665.00 降低到 1663.00，改进: 2.00 (0.12%)
2025-04-08 16:05:10,608 - DEBUG - 执行AGV分配局部搜索，当前完工时间: 1642.00
2025-04-08 16:05:10,611 - DEBUG - 局部搜索未能改进当前解
2025-04-08 16:05:10,616 - DEBUG - 执行AGV分配局部搜索，当前完工时间: 1682.00
2025-04-08 16:05:10,619 - DEBUG - 局部搜索未能改进当前解
2025-04-08 16:05:10,623 - DEBUG - 执行AGV分配局部搜索，当前完工时间: 1652.00
2025-04-08 16:05:10,627 - DEBUG - 局部搜索未能改进当前解
2025-04-08 16:05:10,630 - DEBUG - 执行AGV分配局部搜索，当前完工时间: 1648.00
2025-04-08 16:05:10,633 - DEBUG - 局部搜索未能改进当前解
2025-04-08 16:05:10,637 - DEBUG - 执行AGV分配局部搜索，当前完工时间: 1665.00
2025-04-08 16:05:10,641 - DEBUG - 局部搜索未能改进当前解
2025-04-08 16:05:10,645 - DEBUG - 执行AGV分配局部搜索，当前完工时间: 1646.00
2025-04-08 16:05:10,648 - DEBUG - 局部搜索未能改进当前解
2025-04-08 16:05:10,652 - DEBUG - 执行AGV分配局部搜索，当前完工时间: 1689.00
2025-04-08 16:05:10,655 - DEBUG - 局部搜索未能改进当前解
2025-04-08 16:05:10,659 - DEBUG - 执行AGV分配局部搜索，当前完工时间: 1696.00
2025-04-08 16:05:10,663 - DEBUG - 局部搜索未能改进当前解
2025-04-08 16:05:10,666 - DEBUG - 执行AGV分配局部搜索，当前完工时间: 1715.00
2025-04-08 16:05:10,670 - DEBUG - 局部搜索未能改进当前解
2025-04-08 16:05:10,673 - DEBUG - 执行AGV分配局部搜索，当前完工时间: 1676.00
2025-04-08 16:05:10,678 - DEBUG - 局部搜索未能改进当前解
2025-04-08 16:05:10,681 - DEBUG - 执行AGV分配局部搜索，当前完工时间: 1722.00
2025-04-08 16:05:10,685 - DEBUG - 局部搜索未能改进当前解
2025-04-08 16:05:10,688 - DEBUG - 执行AGV分配局部搜索，当前完工时间: 1672.00
2025-04-08 16:05:10,692 - DEBUG - 局部搜索未能改进当前解
2025-04-08 16:05:10,692 - DEBUG - ==================================================
2025-04-08 16:05:10,692 - DEBUG - Efficiency Statistics of Local Search :
2025-04-08 16:05:10,692 - DEBUG - Number of attempts: 99
2025-04-08 16:05:10,692 - DEBUG - Average Success Rate: 12.12%
2025-04-08 16:05:10,692 - DEBUG - AGV Local Search Success: 12，Average Improvement: 13.08
2025-04-08 16:05:10,697 - DEBUG - 执行AGV分配局部搜索，当前完工时间: 1768.00
2025-04-08 16:05:10,701 - DEBUG - 局部搜索未能改进当前解
2025-04-08 16:05:10,704 - DEBUG - 执行AGV分配局部搜索，当前完工时间: 1669.00
2025-04-08 16:05:10,708 - DEBUG - 局部搜索未能改进当前解
2025-04-08 16:05:10,711 - DEBUG - 执行AGV分配局部搜索，当前完工时间: 1731.00
2025-04-08 16:05:10,715 - DEBUG - AGV分配局部搜索成功！完工时间从 1731.00 降低到 1672.00，改进: 59.00 (3.41%)
2025-04-08 16:05:10,721 - DEBUG - 执行AGV分配局部搜索，当前完工时间: 1652.00
2025-04-08 16:05:10,724 - DEBUG - 局部搜索未能改进当前解
2025-04-08 16:05:10,729 - DEBUG - 执行AGV分配局部搜索，当前完工时间: 1783.00
2025-04-08 16:05:10,733 - DEBUG - 局部搜索未能改进当前解
2025-04-08 16:05:10,738 - DEBUG - 执行AGV分配局部搜索，当前完工时间: 1650.00
2025-04-08 16:05:10,742 - DEBUG - 局部搜索未能改进当前解
2025-04-08 16:05:10,745 - DEBUG - 执行AGV分配局部搜索，当前完工时间: 1749.00
2025-04-08 16:05:10,749 - DEBUG - AGV分配局部搜索成功！完工时间从 1749.00 降低到 1733.00，改进: 16.00 (0.91%)
2025-04-08 16:05:10,754 - DEBUG - 执行AGV分配局部搜索，当前完工时间: 1709.00
2025-04-08 16:05:10,757 - DEBUG - AGV分配局部搜索成功！完工时间从 1709.00 降低到 1690.00，改进: 19.00 (1.11%)
2025-04-08 16:05:10,760 - DEBUG - 执行AGV分配局部搜索，当前完工时间: 1647.00
2025-04-08 16:05:10,765 - DEBUG - 局部搜索未能改进当前解
2025-04-08 16:05:10,768 - DEBUG - 执行AGV分配局部搜索，当前完工时间: 1760.00
2025-04-08 16:05:10,771 - DEBUG - 局部搜索未能改进当前解
2025-04-08 16:05:10,776 - DEBUG - 执行AGV分配局部搜索，当前完工时间: 1689.00
2025-04-08 16:05:10,779 - DEBUG - 局部搜索未能改进当前解
2025-04-08 16:05:10,782 - DEBUG - 执行AGV分配局部搜索，当前完工时间: 1643.00
2025-04-08 16:05:10,786 - DEBUG - 局部搜索未能改进当前解
2025-04-08 16:05:10,790 - DEBUG - 执行AGV分配局部搜索，当前完工时间: 1663.00
2025-04-08 16:05:10,795 - DEBUG - 局部搜索未能改进当前解
2025-04-08 16:05:10,797 - DEBUG - 执行AGV分配局部搜索，当前完工时间: 1797.00
2025-04-08 16:05:10,802 - DEBUG - 局部搜索未能改进当前解
2025-04-08 16:05:10,806 - DEBUG - 执行AGV分配局部搜索，当前完工时间: 1648.00
2025-04-08 16:05:10,810 - DEBUG - 局部搜索未能改进当前解
2025-04-08 16:05:10,815 - DEBUG - 执行AGV分配局部搜索，当前完工时间: 1716.00
2025-04-08 16:05:10,818 - DEBUG - 局部搜索未能改进当前解
2025-04-08 16:05:10,821 - DEBUG - 执行AGV分配局部搜索，当前完工时间: 1713.00
2025-04-08 16:05:10,826 - DEBUG - 局部搜索未能改进当前解
2025-04-08 16:05:10,829 - DEBUG - 执行AGV分配局部搜索，当前完工时间: 1728.00
2025-04-08 16:05:10,833 - DEBUG - 局部搜索未能改进当前解
2025-04-08 16:05:10,837 - DEBUG - 执行AGV分配局部搜索，当前完工时间: 1763.00
2025-04-08 16:05:10,840 - DEBUG - AGV分配局部搜索成功！完工时间从 1763.00 降低到 1756.00，改进: 7.00 (0.40%)
2025-04-08 16:05:10,845 - DEBUG - 执行AGV分配局部搜索，当前完工时间: 1648.00
2025-04-08 16:05:10,848 - DEBUG - AGV分配局部搜索成功！完工时间从 1648.00 降低到 1638.00，改进: 10.00 (0.61%)
2025-04-08 16:05:10,851 - DEBUG - 执行AGV分配局部搜索，当前完工时间: 1690.00
2025-04-08 16:05:10,855 - DEBUG - 局部搜索未能改进当前解
2025-04-08 16:05:10,860 - DEBUG - 执行AGV分配局部搜索，当前完工时间: 1691.00
2025-04-08 16:05:10,862 - DEBUG - 局部搜索未能改进当前解
2025-04-08 16:05:10,867 - DEBUG - 执行AGV分配局部搜索，当前完工时间: 1648.00
2025-04-08 16:05:10,870 - DEBUG - 局部搜索未能改进当前解
2025-04-08 16:05:10,874 - DEBUG - 执行AGV分配局部搜索，当前完工时间: 1686.00
2025-04-08 16:05:10,877 - DEBUG - 局部搜索未能改进当前解
2025-04-08 16:05:10,881 - DEBUG - 执行AGV分配局部搜索，当前完工时间: 1646.00
2025-04-08 16:05:10,885 - DEBUG - 局部搜索未能改进当前解
2025-04-08 16:05:10,889 - DEBUG - 执行AGV分配局部搜索，当前完工时间: 1687.00
2025-04-08 16:05:10,893 - DEBUG - 局部搜索未能改进当前解
2025-04-08 16:05:10,895 - DEBUG - 执行AGV分配局部搜索，当前完工时间: 1671.00
2025-04-08 16:05:10,900 - DEBUG - 局部搜索未能改进当前解
2025-04-08 16:05:10,903 - DEBUG - 执行AGV分配局部搜索，当前完工时间: 1689.00
2025-04-08 16:05:10,907 - DEBUG - 局部搜索未能改进当前解
2025-04-08 16:05:10,910 - DEBUG - 执行AGV分配局部搜索，当前完工时间: 1759.00
2025-04-08 16:05:10,914 - DEBUG - 局部搜索未能改进当前解
2025-04-08 16:05:10,918 - DEBUG - 执行AGV分配局部搜索，当前完工时间: 1721.00
2025-04-08 16:05:10,922 - DEBUG - 局部搜索未能改进当前解
2025-04-08 16:05:10,926 - DEBUG - 执行AGV分配局部搜索，当前完工时间: 1767.00
2025-04-08 16:05:10,930 - DEBUG - 局部搜索未能改进当前解
2025-04-08 16:05:10,933 - DEBUG - 执行AGV分配局部搜索，当前完工时间: 1691.00
2025-04-08 16:05:10,937 - DEBUG - 局部搜索未能改进当前解
2025-04-08 16:05:10,941 - DEBUG - 执行AGV分配局部搜索，当前完工时间: 1686.00
2025-04-08 16:05:10,944 - DEBUG - 局部搜索未能改进当前解
2025-04-08 16:05:10,948 - DEBUG - 执行AGV分配局部搜索，当前完工时间: 1698.00
2025-04-08 16:05:10,952 - DEBUG - 局部搜索未能改进当前解
2025-04-08 16:05:10,956 - DEBUG - 执行AGV分配局部搜索，当前完工时间: 1690.00
2025-04-08 16:05:10,959 - DEBUG - 局部搜索未能改进当前解
2025-04-08 16:05:10,962 - DEBUG - 执行AGV分配局部搜索，当前完工时间: 1669.00
2025-04-08 16:05:10,967 - DEBUG - 局部搜索未能改进当前解
2025-04-08 16:05:10,971 - DEBUG - 执行AGV分配局部搜索，当前完工时间: 1733.00
2025-04-08 16:05:10,974 - DEBUG - 局部搜索未能改进当前解
2025-04-08 16:05:10,978 - DEBUG - 执行AGV分配局部搜索，当前完工时间: 1821.00
2025-04-08 16:05:10,982 - DEBUG - 局部搜索未能改进当前解
2025-04-08 16:05:10,986 - DEBUG - 执行AGV分配局部搜索，当前完工时间: 1709.00
2025-04-08 16:05:10,988 - DEBUG - 局部搜索未能改进当前解
2025-04-08 16:05:10,993 - DEBUG - 执行AGV分配局部搜索，当前完工时间: 1666.00
2025-04-08 16:05:10,996 - DEBUG - 局部搜索未能改进当前解
2025-04-08 16:05:11,000 - DEBUG - 执行AGV分配局部搜索，当前完工时间: 1678.00
2025-04-08 16:05:11,004 - DEBUG - 局部搜索未能改进当前解
2025-04-08 16:05:11,007 - DEBUG - 执行AGV分配局部搜索，当前完工时间: 1781.00
2025-04-08 16:05:11,012 - DEBUG - 局部搜索未能改进当前解
2025-04-08 16:05:11,016 - DEBUG - 执行AGV分配局部搜索，当前完工时间: 1678.00
2025-04-08 16:05:11,019 - DEBUG - 局部搜索未能改进当前解
2025-04-08 16:05:11,022 - DEBUG - 执行AGV分配局部搜索，当前完工时间: 1662.00
2025-04-08 16:05:11,026 - DEBUG - 局部搜索未能改进当前解
2025-04-08 16:05:11,030 - DEBUG - 执行AGV分配局部搜索，当前完工时间: 1661.00
2025-04-08 16:05:11,034 - DEBUG - 局部搜索未能改进当前解
2025-04-08 16:05:11,039 - DEBUG - 执行AGV分配局部搜索，当前完工时间: 1664.00
2025-04-08 16:05:11,042 - DEBUG - 局部搜索未能改进当前解
2025-04-08 16:05:11,046 - DEBUG - 执行AGV分配局部搜索，当前完工时间: 1641.00
2025-04-08 16:05:11,050 - DEBUG - 局部搜索未能改进当前解
2025-04-08 16:05:11,054 - DEBUG - 执行AGV分配局部搜索，当前完工时间: 1668.00
2025-04-08 16:05:11,057 - DEBUG - 局部搜索未能改进当前解
2025-04-08 16:05:11,061 - DEBUG - 执行AGV分配局部搜索，当前完工时间: 1700.00
2025-04-08 16:05:11,064 - DEBUG - AGV分配局部搜索成功！完工时间从 1700.00 降低到 1661.00，改进: 39.00 (2.29%)
2025-04-08 16:05:11,069 - DEBUG - 执行AGV分配局部搜索，当前完工时间: 1662.00
2025-04-08 16:05:11,073 - DEBUG - 局部搜索未能改进当前解
2025-04-08 16:05:11,078 - DEBUG - 执行AGV分配局部搜索，当前完工时间: 1798.00
2025-04-08 16:05:11,082 - DEBUG - 局部搜索未能改进当前解
2025-04-08 16:05:11,086 - DEBUG - 执行AGV分配局部搜索，当前完工时间: 1793.00
2025-04-08 16:05:11,091 - DEBUG - AGV分配局部搜索成功！完工时间从 1793.00 降低到 1785.00，改进: 8.00 (0.45%)
2025-04-08 16:05:11,094 - DEBUG - 执行AGV分配局部搜索，当前完工时间: 1711.00
2025-04-08 16:05:11,097 - DEBUG - AGV分配局部搜索成功！完工时间从 1711.00 降低到 1696.00，改进: 15.00 (0.88%)
2025-04-08 16:05:11,102 - DEBUG - 执行AGV分配局部搜索，当前完工时间: 1637.00
2025-04-08 16:05:11,106 - DEBUG - 局部搜索未能改进当前解
2025-04-08 16:05:11,110 - DEBUG - 执行AGV分配局部搜索，当前完工时间: 1689.00
2025-04-08 16:05:11,113 - DEBUG - 局部搜索未能改进当前解
2025-04-08 16:05:11,117 - DEBUG - 执行AGV分配局部搜索，当前完工时间: 1694.00
2025-04-08 16:05:11,120 - DEBUG - 局部搜索未能改进当前解
2025-04-08 16:05:11,124 - DEBUG - 执行AGV分配局部搜索，当前完工时间: 1700.00
2025-04-08 16:05:11,128 - DEBUG - 局部搜索未能改进当前解
2025-04-08 16:05:11,131 - DEBUG - 执行AGV分配局部搜索，当前完工时间: 1681.00
2025-04-08 16:05:11,135 - DEBUG - 局部搜索未能改进当前解
2025-04-08 16:05:11,140 - DEBUG - 执行AGV分配局部搜索，当前完工时间: 1699.00
2025-04-08 16:05:11,143 - DEBUG - 局部搜索未能改进当前解
2025-04-08 16:05:11,148 - DEBUG - 执行AGV分配局部搜索，当前完工时间: 1647.00
2025-04-08 16:05:11,150 - DEBUG - 局部搜索未能改进当前解
2025-04-08 16:05:11,155 - DEBUG - 执行AGV分配局部搜索，当前完工时间: 1658.00
2025-04-08 16:05:11,158 - DEBUG - 局部搜索未能改进当前解
2025-04-08 16:05:11,162 - DEBUG - 执行AGV分配局部搜索，当前完工时间: 1688.00
2025-04-08 16:05:11,166 - DEBUG - 局部搜索未能改进当前解
2025-04-08 16:05:11,170 - DEBUG - 执行AGV分配局部搜索，当前完工时间: 1701.00
2025-04-08 16:05:11,174 - DEBUG - 局部搜索未能改进当前解
2025-04-08 16:05:11,176 - DEBUG - 执行AGV分配局部搜索，当前完工时间: 1734.00
2025-04-08 16:05:11,181 - DEBUG - 局部搜索未能改进当前解
2025-04-08 16:05:11,185 - DEBUG - 执行AGV分配局部搜索，当前完工时间: 1749.00
2025-04-08 16:05:11,190 - DEBUG - AGV分配局部搜索成功！完工时间从 1749.00 降低到 1681.00，改进: 68.00 (3.89%)
2025-04-08 16:05:11,193 - DEBUG - 执行AGV分配局部搜索，当前完工时间: 1685.00
2025-04-08 16:05:11,197 - DEBUG - 局部搜索未能改进当前解
2025-04-08 16:05:11,200 - DEBUG - 执行AGV分配局部搜索，当前完工时间: 1642.00
2025-04-08 16:05:11,204 - DEBUG - 局部搜索未能改进当前解
2025-04-08 16:05:11,208 - DEBUG - 执行AGV分配局部搜索，当前完工时间: 1645.00
2025-04-08 16:05:11,212 - DEBUG - 局部搜索未能改进当前解
2025-04-08 16:05:11,216 - DEBUG - 执行AGV分配局部搜索，当前完工时间: 1642.00
2025-04-08 16:05:11,219 - DEBUG - 局部搜索未能改进当前解
2025-04-08 16:05:11,222 - DEBUG - 执行AGV分配局部搜索，当前完工时间: 1654.00
2025-04-08 16:05:11,226 - DEBUG - 局部搜索未能改进当前解
2025-04-08 16:05:11,230 - DEBUG - 执行AGV分配局部搜索，当前完工时间: 1655.00
2025-04-08 16:05:11,234 - DEBUG - 局部搜索未能改进当前解
2025-04-08 16:05:11,237 - DEBUG - 执行AGV分配局部搜索，当前完工时间: 1720.00
2025-04-08 16:05:11,240 - DEBUG - 局部搜索未能改进当前解
2025-04-08 16:05:11,244 - DEBUG - 执行AGV分配局部搜索，当前完工时间: 1678.00
2025-04-08 16:05:11,249 - DEBUG - 局部搜索未能改进当前解
2025-04-08 16:05:11,253 - DEBUG - 执行AGV分配局部搜索，当前完工时间: 1639.00
2025-04-08 16:05:11,257 - DEBUG - 局部搜索未能改进当前解
2025-04-08 16:05:11,260 - DEBUG - 执行AGV分配局部搜索，当前完工时间: 1723.00
2025-04-08 16:05:11,264 - DEBUG - 局部搜索未能改进当前解
2025-04-08 16:05:11,268 - DEBUG - 执行AGV分配局部搜索，当前完工时间: 1645.00
2025-04-08 16:05:11,271 - DEBUG - 局部搜索未能改进当前解
2025-04-08 16:05:11,275 - DEBUG - 执行AGV分配局部搜索，当前完工时间: 1689.00
2025-04-08 16:05:11,279 - DEBUG - 局部搜索未能改进当前解
2025-04-08 16:05:11,283 - DEBUG - 执行AGV分配局部搜索，当前完工时间: 1718.00
2025-04-08 16:05:11,286 - DEBUG - 局部搜索未能改进当前解
2025-04-08 16:05:11,290 - DEBUG - 执行AGV分配局部搜索，当前完工时间: 1689.00
2025-04-08 16:05:11,293 - DEBUG - 局部搜索未能改进当前解
2025-04-08 16:05:11,297 - DEBUG - 执行AGV分配局部搜索，当前完工时间: 1749.00
2025-04-08 16:05:11,301 - DEBUG - 局部搜索未能改进当前解
2025-04-08 16:05:11,304 - DEBUG - 执行AGV分配局部搜索，当前完工时间: 1732.00
2025-04-08 16:05:11,309 - DEBUG - 局部搜索未能改进当前解
2025-04-08 16:05:11,312 - DEBUG - 执行AGV分配局部搜索，当前完工时间: 1649.00
2025-04-08 16:05:11,316 - DEBUG - 局部搜索未能改进当前解
2025-04-08 16:05:11,319 - DEBUG - 执行AGV分配局部搜索，当前完工时间: 1644.00
2025-04-08 16:05:11,324 - DEBUG - 局部搜索未能改进当前解
2025-04-08 16:05:11,327 - DEBUG - 执行AGV分配局部搜索，当前完工时间: 1677.00
2025-04-08 16:05:11,331 - DEBUG - 局部搜索未能改进当前解
2025-04-08 16:05:11,335 - DEBUG - 执行AGV分配局部搜索，当前完工时间: 1776.00
2025-04-08 16:05:11,338 - DEBUG - 局部搜索未能改进当前解
2025-04-08 16:05:11,342 - DEBUG - 执行AGV分配局部搜索，当前完工时间: 1686.00
2025-04-08 16:05:11,346 - DEBUG - 局部搜索未能改进当前解
2025-04-08 16:05:11,349 - DEBUG - 执行AGV分配局部搜索，当前完工时间: 1679.00
2025-04-08 16:05:11,353 - DEBUG - 局部搜索未能改进当前解
2025-04-08 16:05:11,356 - DEBUG - 执行AGV分配局部搜索，当前完工时间: 1624.00
2025-04-08 16:05:11,360 - DEBUG - 局部搜索未能改进当前解
2025-04-08 16:05:11,363 - DEBUG - 执行AGV分配局部搜索，当前完工时间: 1720.00
2025-04-08 16:05:11,368 - DEBUG - 局部搜索未能改进当前解
2025-04-08 16:05:11,371 - DEBUG - 执行AGV分配局部搜索，当前完工时间: 1743.00
2025-04-08 16:05:11,375 - DEBUG - 局部搜索未能改进当前解
2025-04-08 16:05:11,379 - DEBUG - 执行AGV分配局部搜索，当前完工时间: 1737.00
2025-04-08 16:05:11,383 - DEBUG - 局部搜索未能改进当前解
2025-04-08 16:05:11,386 - DEBUG - 执行AGV分配局部搜索，当前完工时间: 1783.00
2025-04-08 16:05:11,390 - DEBUG - 局部搜索未能改进当前解
2025-04-08 16:05:11,394 - DEBUG - 执行AGV分配局部搜索，当前完工时间: 1645.00
2025-04-08 16:05:11,397 - DEBUG - 局部搜索未能改进当前解
2025-04-08 16:05:11,401 - DEBUG - 执行AGV分配局部搜索，当前完工时间: 1700.00
2025-04-08 16:05:11,404 - DEBUG - AGV分配局部搜索成功！完工时间从 1700.00 降低到 1695.00，改进: 5.00 (0.29%)
2025-04-08 16:05:11,409 - DEBUG - 执行AGV分配局部搜索，当前完工时间: 1690.00
2025-04-08 16:05:11,412 - DEBUG - 局部搜索未能改进当前解
2025-04-08 16:05:11,416 - DEBUG - 执行AGV分配局部搜索，当前完工时间: 1695.00
2025-04-08 16:05:11,420 - DEBUG - 局部搜索未能改进当前解
2025-04-08 16:05:11,424 - DEBUG - 执行AGV分配局部搜索，当前完工时间: 1655.00
2025-04-08 16:05:11,427 - DEBUG - 局部搜索未能改进当前解
2025-04-08 16:05:11,432 - DEBUG - 执行AGV分配局部搜索，当前完工时间: 1674.00
2025-04-08 16:05:11,435 - DEBUG - 局部搜索未能改进当前解
2025-04-08 16:05:11,440 - DEBUG - 执行AGV分配局部搜索，当前完工时间: 1713.00
2025-04-08 16:05:11,443 - DEBUG - 局部搜索未能改进当前解
2025-04-08 16:05:11,443 - DEBUG - ==================================================
2025-04-08 16:05:11,443 - DEBUG - Efficiency Statistics of Local Search :
2025-04-08 16:05:11,443 - DEBUG - Number of attempts: 99
2025-04-08 16:05:11,443 - DEBUG - Average Success Rate: 10.10%
2025-04-08 16:05:11,443 - DEBUG - AGV Local Search Success: 10，Average Improvement: 24.60
2025-04-08 16:05:11,447 - DEBUG - 执行AGV分配局部搜索，当前完工时间: 1763.00
2025-04-08 16:05:11,451 - DEBUG - AGV分配局部搜索成功！完工时间从 1763.00 降低到 1755.00，改进: 8.00 (0.45%)
2025-04-08 16:05:11,455 - DEBUG - 执行AGV分配局部搜索，当前完工时间: 1659.00
2025-04-08 16:05:11,459 - DEBUG - 局部搜索未能改进当前解
2025-04-08 16:05:11,463 - DEBUG - 执行AGV分配局部搜索，当前完工时间: 1680.00
2025-04-08 16:05:11,466 - DEBUG - 局部搜索未能改进当前解
2025-04-08 16:05:11,470 - DEBUG - 执行AGV分配局部搜索，当前完工时间: 1678.00
2025-04-08 16:05:11,473 - DEBUG - 局部搜索未能改进当前解
2025-04-08 16:05:11,478 - DEBUG - 执行AGV分配局部搜索，当前完工时间: 1718.00
2025-04-08 16:05:11,481 - DEBUG - 局部搜索未能改进当前解
2025-04-08 16:05:11,485 - DEBUG - 执行AGV分配局部搜索，当前完工时间: 1648.00
2025-04-08 16:05:11,488 - DEBUG - 局部搜索未能改进当前解
2025-04-08 16:05:11,492 - DEBUG - 执行AGV分配局部搜索，当前完工时间: 1692.00
2025-04-08 16:05:11,495 - DEBUG - 局部搜索未能改进当前解
2025-04-08 16:05:11,499 - DEBUG - 执行AGV分配局部搜索，当前完工时间: 1725.00
2025-04-08 16:05:11,504 - DEBUG - 局部搜索未能改进当前解
2025-04-08 16:05:11,507 - DEBUG - 执行AGV分配局部搜索，当前完工时间: 1648.00
2025-04-08 16:05:11,511 - DEBUG - 局部搜索未能改进当前解
2025-04-08 16:05:11,514 - DEBUG - 执行AGV分配局部搜索，当前完工时间: 1654.00
2025-04-08 16:05:11,519 - DEBUG - 局部搜索未能改进当前解
2025-04-08 16:05:11,523 - DEBUG - 执行AGV分配局部搜索，当前完工时间: 1747.00
2025-04-08 16:05:11,526 - DEBUG - 局部搜索未能改进当前解
2025-04-08 16:05:11,530 - DEBUG - 执行AGV分配局部搜索，当前完工时间: 1733.00
2025-04-08 16:05:11,534 - DEBUG - 局部搜索未能改进当前解
2025-04-08 16:05:11,537 - DEBUG - 执行AGV分配局部搜索，当前完工时间: 1606.00
2025-04-08 16:05:11,541 - DEBUG - 局部搜索未能改进当前解
2025-04-08 16:05:11,545 - DEBUG - 执行AGV分配局部搜索，当前完工时间: 1687.00
2025-04-08 16:05:11,550 - DEBUG - 局部搜索未能改进当前解
2025-04-08 16:05:11,553 - DEBUG - 执行AGV分配局部搜索，当前完工时间: 1686.00
2025-04-08 16:05:11,557 - DEBUG - 局部搜索未能改进当前解
2025-04-08 16:05:11,561 - DEBUG - 执行AGV分配局部搜索，当前完工时间: 1776.00
2025-04-08 16:05:11,564 - DEBUG - AGV分配局部搜索成功！完工时间从 1776.00 降低到 1761.00，改进: 15.00 (0.84%)
2025-04-08 16:05:11,569 - DEBUG - 执行AGV分配局部搜索，当前完工时间: 1668.00
2025-04-08 16:05:11,572 - DEBUG - 局部搜索未能改进当前解
2025-04-08 16:05:11,575 - DEBUG - 执行AGV分配局部搜索，当前完工时间: 1681.00
2025-04-08 16:05:11,580 - DEBUG - AGV分配局部搜索成功！完工时间从 1681.00 降低到 1679.00，改进: 2.00 (0.12%)
2025-04-08 16:05:11,584 - DEBUG - 执行AGV分配局部搜索，当前完工时间: 1655.00
2025-04-08 16:05:11,588 - DEBUG - 局部搜索未能改进当前解
2025-04-08 16:05:11,592 - DEBUG - 执行AGV分配局部搜索，当前完工时间: 1709.00
2025-04-08 16:05:11,595 - DEBUG - 局部搜索未能改进当前解
2025-04-08 16:05:11,599 - DEBUG - 执行AGV分配局部搜索，当前完工时间: 1679.00
2025-04-08 16:05:11,603 - DEBUG - 局部搜索未能改进当前解
2025-04-08 16:05:11,607 - DEBUG - 执行AGV分配局部搜索，当前完工时间: 1726.00
2025-04-08 16:05:11,610 - DEBUG - 局部搜索未能改进当前解
2025-04-08 16:05:11,614 - DEBUG - 执行AGV分配局部搜索，当前完工时间: 1691.00
2025-04-08 16:05:11,618 - DEBUG - AGV分配局部搜索成功！完工时间从 1691.00 降低到 1690.00，改进: 1.00 (0.06%)
2025-04-08 16:05:11,622 - DEBUG - 执行AGV分配局部搜索，当前完工时间: 1676.00
2025-04-08 16:05:11,626 - DEBUG - 局部搜索未能改进当前解
2025-04-08 16:05:11,630 - DEBUG - 执行AGV分配局部搜索，当前完工时间: 1647.00
2025-04-08 16:05:11,633 - DEBUG - 局部搜索未能改进当前解
2025-04-08 16:05:11,637 - DEBUG - 执行AGV分配局部搜索，当前完工时间: 1719.00
2025-04-08 16:05:11,642 - DEBUG - 局部搜索未能改进当前解
2025-04-08 16:05:11,645 - DEBUG - 执行AGV分配局部搜索，当前完工时间: 1685.00
2025-04-08 16:05:11,649 - DEBUG - 局部搜索未能改进当前解
2025-04-08 16:05:11,652 - DEBUG - 执行AGV分配局部搜索，当前完工时间: 1709.00
2025-04-08 16:05:11,656 - DEBUG - 局部搜索未能改进当前解
2025-04-08 16:05:11,660 - DEBUG - 执行AGV分配局部搜索，当前完工时间: 1708.00
2025-04-08 16:05:11,664 - DEBUG - 局部搜索未能改进当前解
2025-04-08 16:05:11,666 - DEBUG - 执行AGV分配局部搜索，当前完工时间: 1733.00
2025-04-08 16:05:11,671 - DEBUG - 局部搜索未能改进当前解
2025-04-08 16:05:11,675 - DEBUG - 执行AGV分配局部搜索，当前完工时间: 1664.00
2025-04-08 16:05:11,679 - DEBUG - 局部搜索未能改进当前解
2025-04-08 16:05:11,682 - DEBUG - 执行AGV分配局部搜索，当前完工时间: 1681.00
2025-04-08 16:05:11,686 - DEBUG - 局部搜索未能改进当前解
2025-04-08 16:05:11,690 - DEBUG - 执行AGV分配局部搜索，当前完工时间: 1666.00
2025-04-08 16:05:11,694 - DEBUG - 局部搜索未能改进当前解
2025-04-08 16:05:11,697 - DEBUG - 执行AGV分配局部搜索，当前完工时间: 1667.00
2025-04-08 16:05:11,701 - DEBUG - 局部搜索未能改进当前解
2025-04-08 16:05:11,704 - DEBUG - 执行AGV分配局部搜索，当前完工时间: 1743.00
2025-04-08 16:05:11,708 - DEBUG - 局部搜索未能改进当前解
2025-04-08 16:05:11,712 - DEBUG - 执行AGV分配局部搜索，当前完工时间: 1678.00
2025-04-08 16:05:11,714 - DEBUG - 局部搜索未能改进当前解
2025-04-08 16:05:11,719 - DEBUG - 执行AGV分配局部搜索，当前完工时间: 1774.00
2025-04-08 16:05:11,723 - DEBUG - 局部搜索未能改进当前解
2025-04-08 16:05:11,726 - DEBUG - 执行AGV分配局部搜索，当前完工时间: 1726.00
2025-04-08 16:05:11,731 - DEBUG - 局部搜索未能改进当前解
2025-04-08 16:05:11,734 - DEBUG - 执行AGV分配局部搜索，当前完工时间: 1765.00
2025-04-08 16:05:11,737 - DEBUG - 局部搜索未能改进当前解
2025-04-08 16:05:11,742 - DEBUG - 执行AGV分配局部搜索，当前完工时间: 1702.00
2025-04-08 16:05:11,746 - DEBUG - 局部搜索未能改进当前解
2025-04-08 16:05:11,750 - DEBUG - 执行AGV分配局部搜索，当前完工时间: 1690.00
2025-04-08 16:05:11,754 - DEBUG - 局部搜索未能改进当前解
2025-04-08 16:05:11,757 - DEBUG - 执行AGV分配局部搜索，当前完工时间: 1655.00
2025-04-08 16:05:11,761 - DEBUG - 局部搜索未能改进当前解
2025-04-08 16:05:11,764 - DEBUG - 执行AGV分配局部搜索，当前完工时间: 1662.00
2025-04-08 16:05:11,769 - DEBUG - 局部搜索未能改进当前解
2025-04-08 16:05:11,772 - DEBUG - 执行AGV分配局部搜索，当前完工时间: 1780.00
2025-04-08 16:05:11,775 - DEBUG - 局部搜索未能改进当前解
2025-04-08 16:05:11,780 - DEBUG - 执行AGV分配局部搜索，当前完工时间: 1670.00
2025-04-08 16:05:11,783 - DEBUG - 局部搜索未能改进当前解
2025-04-08 16:05:11,787 - DEBUG - 执行AGV分配局部搜索，当前完工时间: 1718.00
2025-04-08 16:05:11,792 - DEBUG - 局部搜索未能改进当前解
2025-04-08 16:05:11,796 - DEBUG - 执行AGV分配局部搜索，当前完工时间: 1686.00
2025-04-08 16:05:11,801 - DEBUG - 局部搜索未能改进当前解
2025-04-08 16:05:11,804 - DEBUG - 执行AGV分配局部搜索，当前完工时间: 1701.00
2025-04-08 16:05:11,808 - DEBUG - 局部搜索未能改进当前解
2025-04-08 16:05:11,812 - DEBUG - 执行AGV分配局部搜索，当前完工时间: 1660.00
2025-04-08 16:05:11,816 - DEBUG - 局部搜索未能改进当前解
2025-04-08 16:05:11,819 - DEBUG - 执行AGV分配局部搜索，当前完工时间: 1774.00
2025-04-08 16:05:11,824 - DEBUG - 局部搜索未能改进当前解
2025-04-08 16:05:11,827 - DEBUG - 执行AGV分配局部搜索，当前完工时间: 1690.00
2025-04-08 16:05:11,831 - DEBUG - 局部搜索未能改进当前解
2025-04-08 16:05:11,834 - DEBUG - 执行AGV分配局部搜索，当前完工时间: 1624.00
2025-04-08 16:05:11,838 - DEBUG - 局部搜索未能改进当前解
2025-04-08 16:05:11,842 - DEBUG - 执行AGV分配局部搜索，当前完工时间: 1696.00
2025-04-08 16:05:11,845 - DEBUG - 局部搜索未能改进当前解
2025-04-08 16:05:11,849 - DEBUG - 执行AGV分配局部搜索，当前完工时间: 1654.00
2025-04-08 16:05:11,853 - DEBUG - 局部搜索未能改进当前解
2025-04-08 16:05:11,857 - DEBUG - 执行AGV分配局部搜索，当前完工时间: 1673.00
2025-04-08 16:05:11,861 - DEBUG - 局部搜索未能改进当前解
2025-04-08 16:05:11,864 - DEBUG - 执行AGV分配局部搜索，当前完工时间: 1655.00
2025-04-08 16:05:11,868 - DEBUG - 局部搜索未能改进当前解
2025-04-08 16:05:11,870 - DEBUG - 执行AGV分配局部搜索，当前完工时间: 1695.00
2025-04-08 16:05:11,875 - DEBUG - 局部搜索未能改进当前解
2025-04-08 16:05:11,878 - DEBUG - 执行AGV分配局部搜索，当前完工时间: 1779.00
2025-04-08 16:05:11,882 - DEBUG - 局部搜索未能改进当前解
2025-04-08 16:05:11,886 - DEBUG - 执行AGV分配局部搜索，当前完工时间: 1661.00
2025-04-08 16:05:11,890 - DEBUG - 局部搜索未能改进当前解
2025-04-08 16:05:11,894 - DEBUG - 执行AGV分配局部搜索，当前完工时间: 1656.00
2025-04-08 16:05:11,897 - DEBUG - 局部搜索未能改进当前解
2025-04-08 16:05:11,901 - DEBUG - 执行AGV分配局部搜索，当前完工时间: 1652.00
2025-04-08 16:05:11,904 - DEBUG - 局部搜索未能改进当前解
2025-04-08 16:05:11,909 - DEBUG - 执行AGV分配局部搜索，当前完工时间: 1691.00
2025-04-08 16:05:11,912 - DEBUG - 局部搜索未能改进当前解
2025-04-08 16:05:11,916 - DEBUG - 执行AGV分配局部搜索，当前完工时间: 1769.00
2025-04-08 16:05:11,920 - DEBUG - 局部搜索未能改进当前解
2025-04-08 16:05:11,924 - DEBUG - 执行AGV分配局部搜索，当前完工时间: 1661.00
2025-04-08 16:05:11,926 - DEBUG - 局部搜索未能改进当前解
2025-04-08 16:05:11,930 - DEBUG - 执行AGV分配局部搜索，当前完工时间: 1781.00
2025-04-08 16:05:11,934 - DEBUG - 局部搜索未能改进当前解
2025-04-08 16:05:11,937 - DEBUG - 执行AGV分配局部搜索，当前完工时间: 1655.00
2025-04-08 16:05:11,941 - DEBUG - 局部搜索未能改进当前解
2025-04-08 16:05:11,945 - DEBUG - 执行AGV分配局部搜索，当前完工时间: 1642.00
2025-04-08 16:05:11,949 - DEBUG - 局部搜索未能改进当前解
2025-04-08 16:05:11,954 - DEBUG - 执行AGV分配局部搜索，当前完工时间: 1733.00
2025-04-08 16:05:11,957 - DEBUG - AGV分配局部搜索成功！完工时间从 1733.00 降低到 1664.00，改进: 69.00 (3.98%)
2025-04-08 16:05:11,961 - DEBUG - 执行AGV分配局部搜索，当前完工时间: 1636.00
2025-04-08 16:05:11,964 - DEBUG - 局部搜索未能改进当前解
2025-04-08 16:05:11,969 - DEBUG - 执行AGV分配局部搜索，当前完工时间: 1747.00
2025-04-08 16:05:11,972 - DEBUG - AGV分配局部搜索成功！完工时间从 1747.00 降低到 1734.00，改进: 13.00 (0.74%)
2025-04-08 16:05:11,976 - DEBUG - 执行AGV分配局部搜索，当前完工时间: 1648.00
2025-04-08 16:05:11,980 - DEBUG - 局部搜索未能改进当前解
2025-04-08 16:05:11,984 - DEBUG - 执行AGV分配局部搜索，当前完工时间: 1697.00
2025-04-08 16:05:11,987 - DEBUG - 局部搜索未能改进当前解
2025-04-08 16:05:11,991 - DEBUG - 执行AGV分配局部搜索，当前完工时间: 1822.00
2025-04-08 16:05:11,994 - DEBUG - 局部搜索未能改进当前解
2025-04-08 16:05:11,997 - DEBUG - 执行AGV分配局部搜索，当前完工时间: 1648.00
2025-04-08 16:05:12,001 - DEBUG - 局部搜索未能改进当前解
2025-04-08 16:05:12,005 - DEBUG - 执行AGV分配局部搜索，当前完工时间: 1709.00
2025-04-08 16:05:12,009 - DEBUG - 局部搜索未能改进当前解
2025-04-08 16:05:12,012 - DEBUG - 执行AGV分配局部搜索，当前完工时间: 1849.00
2025-04-08 16:05:12,016 - DEBUG - AGV分配局部搜索成功！完工时间从 1849.00 降低到 1823.00，改进: 26.00 (1.41%)
2025-04-08 16:05:12,024 - DEBUG - 执行AGV分配局部搜索，当前完工时间: 1674.00
2025-04-08 16:05:12,028 - DEBUG - 局部搜索未能改进当前解
2025-04-08 16:05:12,032 - DEBUG - 执行AGV分配局部搜索，当前完工时间: 1732.00
2025-04-08 16:05:12,036 - DEBUG - 局部搜索未能改进当前解
2025-04-08 16:05:12,040 - DEBUG - 执行AGV分配局部搜索，当前完工时间: 1643.00
2025-04-08 16:05:12,043 - DEBUG - 局部搜索未能改进当前解
2025-04-08 16:05:12,047 - DEBUG - 执行AGV分配局部搜索，当前完工时间: 1681.00
2025-04-08 16:05:12,050 - DEBUG - 局部搜索未能改进当前解
2025-04-08 16:05:12,054 - DEBUG - 执行AGV分配局部搜索，当前完工时间: 1655.00
2025-04-08 16:05:12,057 - DEBUG - 局部搜索未能改进当前解
2025-04-08 16:05:12,061 - DEBUG - 执行AGV分配局部搜索，当前完工时间: 1830.00
2025-04-08 16:05:12,065 - DEBUG - 局部搜索未能改进当前解
2025-04-08 16:05:12,069 - DEBUG - 执行AGV分配局部搜索，当前完工时间: 1655.00
2025-04-08 16:05:12,072 - DEBUG - 局部搜索未能改进当前解
2025-04-08 16:05:12,076 - DEBUG - 执行AGV分配局部搜索，当前完工时间: 1664.00
2025-04-08 16:05:12,080 - DEBUG - AGV分配局部搜索成功！完工时间从 1664.00 降低到 1642.00，改进: 22.00 (1.32%)
2025-04-08 16:05:12,084 - DEBUG - 执行AGV分配局部搜索，当前完工时间: 1692.00
2025-04-08 16:05:12,089 - DEBUG - AGV分配局部搜索成功！完工时间从 1692.00 降低到 1681.00，改进: 11.00 (0.65%)
2025-04-08 16:05:12,092 - DEBUG - 执行AGV分配局部搜索，当前完工时间: 1649.00
2025-04-08 16:05:12,095 - DEBUG - 局部搜索未能改进当前解
2025-04-08 16:05:12,099 - DEBUG - 执行AGV分配局部搜索，当前完工时间: 1753.00
2025-04-08 16:05:12,103 - DEBUG - AGV分配局部搜索成功！完工时间从 1753.00 降低到 1686.00，改进: 67.00 (3.82%)
2025-04-08 16:05:12,107 - DEBUG - 执行AGV分配局部搜索，当前完工时间: 1714.00
2025-04-08 16:05:12,112 - DEBUG - 局部搜索未能改进当前解
2025-04-08 16:05:12,115 - DEBUG - 执行AGV分配局部搜索，当前完工时间: 1687.00
2025-04-08 16:05:12,119 - DEBUG - 局部搜索未能改进当前解
2025-04-08 16:05:12,124 - DEBUG - 执行AGV分配局部搜索，当前完工时间: 1731.00
2025-04-08 16:05:12,127 - DEBUG - AGV分配局部搜索成功！完工时间从 1731.00 降低到 1714.00，改进: 17.00 (0.98%)
2025-04-08 16:05:12,131 - DEBUG - 执行AGV分配局部搜索，当前完工时间: 1882.00
2025-04-08 16:05:12,134 - DEBUG - 局部搜索未能改进当前解
2025-04-08 16:05:12,139 - DEBUG - 执行AGV分配局部搜索，当前完工时间: 1673.00
2025-04-08 16:05:12,143 - DEBUG - 局部搜索未能改进当前解
2025-04-08 16:05:12,146 - DEBUG - 执行AGV分配局部搜索，当前完工时间: 1696.00
2025-04-08 16:05:12,151 - DEBUG - 局部搜索未能改进当前解
2025-04-08 16:05:12,154 - DEBUG - 执行AGV分配局部搜索，当前完工时间: 1712.00
2025-04-08 16:05:12,158 - DEBUG - 局部搜索未能改进当前解
2025-04-08 16:05:12,162 - DEBUG - 执行AGV分配局部搜索，当前完工时间: 1705.00
2025-04-08 16:05:12,165 - DEBUG - 局部搜索未能改进当前解
2025-04-08 16:05:12,169 - DEBUG - 执行AGV分配局部搜索，当前完工时间: 1778.00
2025-04-08 16:05:12,173 - DEBUG - 局部搜索未能改进当前解
2025-04-08 16:05:12,177 - DEBUG - 执行AGV分配局部搜索，当前完工时间: 1664.00
2025-04-08 16:05:12,180 - DEBUG - 局部搜索未能改进当前解
2025-04-08 16:05:12,183 - DEBUG - 执行AGV分配局部搜索，当前完工时间: 1664.00
2025-04-08 16:05:12,187 - DEBUG - 局部搜索未能改进当前解
2025-04-08 16:05:12,191 - DEBUG - 执行AGV分配局部搜索，当前完工时间: 1670.00
2025-04-08 16:05:12,195 - DEBUG - 局部搜索未能改进当前解
2025-04-08 16:05:12,195 - DEBUG - ==================================================
2025-04-08 16:05:12,195 - DEBUG - Efficiency Statistics of Local Search :
2025-04-08 16:05:12,195 - DEBUG - Number of attempts: 99
2025-04-08 16:05:12,195 - DEBUG - Average Success Rate: 11.11%
2025-04-08 16:05:12,195 - DEBUG - AGV Local Search Success: 11，Average Improvement: 22.82
2025-04-08 16:05:12,199 - DEBUG - 执行AGV分配局部搜索，当前完工时间: 1706.00
2025-04-08 16:05:12,203 - DEBUG - AGV分配局部搜索成功！完工时间从 1706.00 降低到 1681.00，改进: 25.00 (1.47%)
2025-04-08 16:05:12,206 - DEBUG - 执行AGV分配局部搜索，当前完工时间: 1708.00
2025-04-08 16:05:12,210 - DEBUG - 局部搜索未能改进当前解
2025-04-08 16:05:12,213 - DEBUG - 执行AGV分配局部搜索，当前完工时间: 1723.00
2025-04-08 16:05:12,218 - DEBUG - 局部搜索未能改进当前解
2025-04-08 16:05:12,223 - DEBUG - 执行AGV分配局部搜索，当前完工时间: 1669.00
2025-04-08 16:05:12,226 - DEBUG - 局部搜索未能改进当前解
2025-04-08 16:05:12,230 - DEBUG - 执行AGV分配局部搜索，当前完工时间: 1797.00
2025-04-08 16:05:12,235 - DEBUG - 局部搜索未能改进当前解
2025-04-08 16:05:12,238 - DEBUG - 执行AGV分配局部搜索，当前完工时间: 1734.00
2025-04-08 16:05:12,242 - DEBUG - 局部搜索未能改进当前解
2025-04-08 16:05:12,245 - DEBUG - 执行AGV分配局部搜索，当前完工时间: 1696.00
2025-04-08 16:05:12,249 - DEBUG - 局部搜索未能改进当前解
2025-04-08 16:05:12,254 - DEBUG - 执行AGV分配局部搜索，当前完工时间: 1677.00
2025-04-08 16:05:12,258 - DEBUG - AGV分配局部搜索成功！完工时间从 1677.00 降低到 1661.00，改进: 16.00 (0.95%)
2025-04-08 16:05:12,262 - DEBUG - 执行AGV分配局部搜索，当前完工时间: 1770.00
2025-04-08 16:05:12,265 - DEBUG - 局部搜索未能改进当前解
2025-04-08 16:05:12,269 - DEBUG - 执行AGV分配局部搜索，当前完工时间: 1677.00
2025-04-08 16:05:12,273 - DEBUG - 局部搜索未能改进当前解
2025-04-08 16:05:12,277 - DEBUG - 执行AGV分配局部搜索，当前完工时间: 1640.00
2025-04-08 16:05:12,280 - DEBUG - 局部搜索未能改进当前解
2025-04-08 16:05:12,284 - DEBUG - 执行AGV分配局部搜索，当前完工时间: 1648.00
2025-04-08 16:05:12,287 - DEBUG - 局部搜索未能改进当前解
2025-04-08 16:05:12,292 - DEBUG - 执行AGV分配局部搜索，当前完工时间: 1706.00
2025-04-08 16:05:12,295 - DEBUG - 局部搜索未能改进当前解
2025-04-08 16:05:12,300 - DEBUG - 执行AGV分配局部搜索，当前完工时间: 1641.00
2025-04-08 16:05:12,304 - DEBUG - 局部搜索未能改进当前解
2025-04-08 16:05:12,307 - DEBUG - 执行AGV分配局部搜索，当前完工时间: 1668.00
2025-04-08 16:05:12,310 - DEBUG - 局部搜索未能改进当前解
2025-04-08 16:05:12,315 - DEBUG - 执行AGV分配局部搜索，当前完工时间: 1703.00
2025-04-08 16:05:12,319 - DEBUG - AGV分配局部搜索成功！完工时间从 1703.00 降低到 1694.00，改进: 9.00 (0.53%)
2025-04-08 16:05:12,322 - DEBUG - 执行AGV分配局部搜索，当前完工时间: 1701.00
2025-04-08 16:05:12,325 - DEBUG - 局部搜索未能改进当前解
2025-04-08 16:05:12,329 - DEBUG - 执行AGV分配局部搜索，当前完工时间: 1685.00
2025-04-08 16:05:12,334 - DEBUG - 局部搜索未能改进当前解
2025-04-08 16:05:12,337 - DEBUG - 执行AGV分配局部搜索，当前完工时间: 1650.00
2025-04-08 16:05:12,342 - DEBUG - 局部搜索未能改进当前解
2025-04-08 16:05:12,345 - DEBUG - 执行AGV分配局部搜索，当前完工时间: 1700.00
2025-04-08 16:05:12,349 - DEBUG - 局部搜索未能改进当前解
2025-04-08 16:05:12,354 - DEBUG - 执行AGV分配局部搜索，当前完工时间: 1676.00
2025-04-08 16:05:12,357 - DEBUG - 局部搜索未能改进当前解
2025-04-08 16:05:12,360 - DEBUG - 执行AGV分配局部搜索，当前完工时间: 1756.00
2025-04-08 16:05:12,364 - DEBUG - AGV分配局部搜索成功！完工时间从 1756.00 降低到 1693.00，改进: 63.00 (3.59%)
2025-04-08 16:05:12,368 - DEBUG - 执行AGV分配局部搜索，当前完工时间: 1655.00
2025-04-08 16:05:12,371 - DEBUG - 局部搜索未能改进当前解
2025-04-08 16:05:12,374 - DEBUG - 执行AGV分配局部搜索，当前完工时间: 1659.00
2025-04-08 16:05:12,379 - DEBUG - 局部搜索未能改进当前解
2025-04-08 16:05:12,383 - DEBUG - 执行AGV分配局部搜索，当前完工时间: 1714.00
2025-04-08 16:05:12,386 - DEBUG - 局部搜索未能改进当前解
2025-04-08 16:05:12,390 - DEBUG - 执行AGV分配局部搜索，当前完工时间: 1655.00
2025-04-08 16:05:12,393 - DEBUG - 局部搜索未能改进当前解
2025-04-08 16:05:12,397 - DEBUG - 执行AGV分配局部搜索，当前完工时间: 1787.00
2025-04-08 16:05:12,401 - DEBUG - 局部搜索未能改进当前解
2025-04-08 16:05:12,405 - DEBUG - 执行AGV分配局部搜索，当前完工时间: 1702.00
2025-04-08 16:05:12,408 - DEBUG - 局部搜索未能改进当前解
2025-04-08 16:05:12,412 - DEBUG - 执行AGV分配局部搜索，当前完工时间: 1648.00
2025-04-08 16:05:12,415 - DEBUG - 局部搜索未能改进当前解
2025-04-08 16:05:12,419 - DEBUG - 执行AGV分配局部搜索，当前完工时间: 1726.00
2025-04-08 16:05:12,422 - DEBUG - 局部搜索未能改进当前解
2025-04-08 16:05:12,426 - DEBUG - 执行AGV分配局部搜索，当前完工时间: 1737.00
2025-04-08 16:05:12,430 - DEBUG - 局部搜索未能改进当前解
2025-04-08 16:05:12,434 - DEBUG - 执行AGV分配局部搜索，当前完工时间: 1662.00
2025-04-08 16:05:12,437 - DEBUG - 局部搜索未能改进当前解
2025-04-08 16:05:12,442 - DEBUG - 执行AGV分配局部搜索，当前完工时间: 1689.00
2025-04-08 16:05:12,445 - DEBUG - 局部搜索未能改进当前解
2025-04-08 16:05:12,449 - DEBUG - 执行AGV分配局部搜索，当前完工时间: 1659.00
2025-04-08 16:05:12,452 - DEBUG - 局部搜索未能改进当前解
2025-04-08 16:05:12,455 - DEBUG - 执行AGV分配局部搜索，当前完工时间: 1718.00
2025-04-08 16:05:12,459 - DEBUG - 局部搜索未能改进当前解
2025-04-08 16:05:12,462 - DEBUG - 执行AGV分配局部搜索，当前完工时间: 1692.00
2025-04-08 16:05:12,466 - DEBUG - AGV分配局部搜索成功！完工时间从 1692.00 降低到 1657.00，改进: 35.00 (2.07%)
2025-04-08 16:05:12,470 - DEBUG - 执行AGV分配局部搜索，当前完工时间: 1642.00
2025-04-08 16:05:12,474 - DEBUG - 局部搜索未能改进当前解
2025-04-08 16:05:12,478 - DEBUG - 执行AGV分配局部搜索，当前完工时间: 1644.00
2025-04-08 16:05:12,482 - DEBUG - 局部搜索未能改进当前解
2025-04-08 16:05:12,485 - DEBUG - 执行AGV分配局部搜索，当前完工时间: 1662.00
2025-04-08 16:05:12,489 - DEBUG - 局部搜索未能改进当前解
2025-04-08 16:05:12,493 - DEBUG - 执行AGV分配局部搜索，当前完工时间: 1774.00
2025-04-08 16:05:12,497 - DEBUG - 局部搜索未能改进当前解
2025-04-08 16:05:12,501 - DEBUG - 执行AGV分配局部搜索，当前完工时间: 1696.00
2025-04-08 16:05:12,504 - DEBUG - 局部搜索未能改进当前解
2025-04-08 16:05:12,507 - DEBUG - 执行AGV分配局部搜索，当前完工时间: 1798.00
2025-04-08 16:05:12,510 - DEBUG - 局部搜索未能改进当前解
2025-04-08 16:05:12,515 - DEBUG - 执行AGV分配局部搜索，当前完工时间: 1651.00
2025-04-08 16:05:12,518 - DEBUG - 局部搜索未能改进当前解
2025-04-08 16:05:12,522 - DEBUG - 执行AGV分配局部搜索，当前完工时间: 1696.00
2025-04-08 16:05:12,526 - DEBUG - 局部搜索未能改进当前解
2025-04-08 16:05:12,530 - DEBUG - 执行AGV分配局部搜索，当前完工时间: 1774.00
2025-04-08 16:05:12,534 - DEBUG - 局部搜索未能改进当前解
2025-04-08 16:05:12,537 - DEBUG - 执行AGV分配局部搜索，当前完工时间: 1698.00
2025-04-08 16:05:12,541 - DEBUG - 局部搜索未能改进当前解
2025-04-08 16:05:12,545 - DEBUG - 执行AGV分配局部搜索，当前完工时间: 1709.00
2025-04-08 16:05:12,549 - DEBUG - 局部搜索未能改进当前解
2025-04-08 16:05:12,553 - DEBUG - 执行AGV分配局部搜索，当前完工时间: 1669.00
2025-04-08 16:05:12,556 - DEBUG - 局部搜索未能改进当前解
2025-04-08 16:05:12,561 - DEBUG - 执行AGV分配局部搜索，当前完工时间: 1648.00
2025-04-08 16:05:12,564 - DEBUG - 局部搜索未能改进当前解
2025-04-08 16:05:12,568 - DEBUG - 执行AGV分配局部搜索，当前完工时间: 1686.00
2025-04-08 16:05:12,570 - DEBUG - 局部搜索未能改进当前解
2025-04-08 16:05:12,575 - DEBUG - 执行AGV分配局部搜索，当前完工时间: 1704.00
2025-04-08 16:05:12,578 - DEBUG - 局部搜索未能改进当前解
2025-04-08 16:05:12,583 - DEBUG - 执行AGV分配局部搜索，当前完工时间: 1660.00
2025-04-08 16:05:12,587 - DEBUG - 局部搜索未能改进当前解
2025-04-08 16:05:12,591 - DEBUG - 执行AGV分配局部搜索，当前完工时间: 1688.00
2025-04-08 16:05:12,595 - DEBUG - 局部搜索未能改进当前解
2025-04-08 16:05:12,599 - DEBUG - 执行AGV分配局部搜索，当前完工时间: 1770.00
2025-04-08 16:05:12,603 - DEBUG - 局部搜索未能改进当前解
2025-04-08 16:05:12,607 - DEBUG - 执行AGV分配局部搜索，当前完工时间: 1708.00
2025-04-08 16:05:12,611 - DEBUG - 局部搜索未能改进当前解
2025-04-08 16:05:12,614 - DEBUG - 执行AGV分配局部搜索，当前完工时间: 1722.00
2025-04-08 16:05:12,618 - DEBUG - 局部搜索未能改进当前解
2025-04-08 16:05:12,622 - DEBUG - 执行AGV分配局部搜索，当前完工时间: 1662.00
2025-04-08 16:05:12,625 - DEBUG - 局部搜索未能改进当前解
2025-04-08 16:05:12,630 - DEBUG - 执行AGV分配局部搜索，当前完工时间: 1773.00
2025-04-08 16:05:12,634 - DEBUG - 局部搜索未能改进当前解
2025-04-08 16:05:12,638 - DEBUG - 执行AGV分配局部搜索，当前完工时间: 1647.00
2025-04-08 16:05:12,642 - DEBUG - 局部搜索未能改进当前解
2025-04-08 16:05:12,645 - DEBUG - 执行AGV分配局部搜索，当前完工时间: 1787.00
2025-04-08 16:05:12,648 - DEBUG - 局部搜索未能改进当前解
2025-04-08 16:05:12,653 - DEBUG - 执行AGV分配局部搜索，当前完工时间: 1664.00
2025-04-08 16:05:12,657 - DEBUG - AGV分配局部搜索成功！完工时间从 1664.00 降低到 1640.00，改进: 24.00 (1.44%)
2025-04-08 16:05:12,661 - DEBUG - 执行AGV分配局部搜索，当前完工时间: 1714.00
2025-04-08 16:05:12,664 - DEBUG - 局部搜索未能改进当前解
2025-04-08 16:05:12,668 - DEBUG - 执行AGV分配局部搜索，当前完工时间: 1709.00
2025-04-08 16:05:12,672 - DEBUG - 局部搜索未能改进当前解
2025-04-08 16:05:12,675 - DEBUG - 执行AGV分配局部搜索，当前完工时间: 1690.00
2025-04-08 16:05:12,679 - DEBUG - 局部搜索未能改进当前解
2025-04-08 16:05:12,683 - DEBUG - 执行AGV分配局部搜索，当前完工时间: 1695.00
2025-04-08 16:05:12,687 - DEBUG - 局部搜索未能改进当前解
2025-04-08 16:05:12,691 - DEBUG - 执行AGV分配局部搜索，当前完工时间: 1661.00
2025-04-08 16:05:12,695 - DEBUG - 局部搜索未能改进当前解
2025-04-08 16:05:12,699 - DEBUG - 执行AGV分配局部搜索，当前完工时间: 1681.00
2025-04-08 16:05:12,703 - DEBUG - 局部搜索未能改进当前解
2025-04-08 16:05:12,707 - DEBUG - 执行AGV分配局部搜索，当前完工时间: 1667.00
2025-04-08 16:05:12,711 - DEBUG - 局部搜索未能改进当前解
2025-04-08 16:05:12,715 - DEBUG - 执行AGV分配局部搜索，当前完工时间: 1758.00
2025-04-08 16:05:12,719 - DEBUG - AGV分配局部搜索成功！完工时间从 1758.00 降低到 1744.00，改进: 14.00 (0.80%)
2025-04-08 16:05:12,722 - DEBUG - 执行AGV分配局部搜索，当前完工时间: 1689.00
2025-04-08 16:05:12,726 - DEBUG - 局部搜索未能改进当前解
2025-04-08 16:05:12,730 - DEBUG - 执行AGV分配局部搜索，当前完工时间: 1670.00
2025-04-08 16:05:12,733 - DEBUG - AGV分配局部搜索成功！完工时间从 1670.00 降低到 1660.00，改进: 10.00 (0.60%)
2025-04-08 16:05:12,737 - DEBUG - 执行AGV分配局部搜索，当前完工时间: 1687.00
2025-04-08 16:05:12,741 - DEBUG - 局部搜索未能改进当前解
2025-04-08 16:05:12,745 - DEBUG - 执行AGV分配局部搜索，当前完工时间: 1669.00
2025-04-08 16:05:12,749 - DEBUG - 局部搜索未能改进当前解
2025-04-08 16:05:12,752 - DEBUG - 执行AGV分配局部搜索，当前完工时间: 1681.00
2025-04-08 16:05:12,756 - DEBUG - 局部搜索未能改进当前解
2025-04-08 16:05:12,760 - DEBUG - 执行AGV分配局部搜索，当前完工时间: 1666.00
2025-04-08 16:05:12,764 - DEBUG - 局部搜索未能改进当前解
2025-04-08 16:05:12,768 - DEBUG - 执行AGV分配局部搜索，当前完工时间: 1783.00
2025-04-08 16:05:12,771 - DEBUG - 局部搜索未能改进当前解
2025-04-08 16:05:12,774 - DEBUG - 执行AGV分配局部搜索，当前完工时间: 1689.00
2025-04-08 16:05:12,778 - DEBUG - 局部搜索未能改进当前解
2025-04-08 16:05:12,782 - DEBUG - 执行AGV分配局部搜索，当前完工时间: 1892.00
2025-04-08 16:05:12,786 - DEBUG - 局部搜索未能改进当前解
2025-04-08 16:05:12,789 - DEBUG - 执行AGV分配局部搜索，当前完工时间: 1729.00
2025-04-08 16:05:12,793 - DEBUG - 局部搜索未能改进当前解
2025-04-08 16:05:12,797 - DEBUG - 执行AGV分配局部搜索，当前完工时间: 1661.00
2025-04-08 16:05:12,801 - DEBUG - AGV分配局部搜索成功！完工时间从 1661.00 降低到 1652.00，改进: 9.00 (0.54%)
2025-04-08 16:05:12,805 - DEBUG - 执行AGV分配局部搜索，当前完工时间: 1660.00
2025-04-08 16:05:12,808 - DEBUG - 局部搜索未能改进当前解
2025-04-08 16:05:12,812 - DEBUG - 执行AGV分配局部搜索，当前完工时间: 1706.00
2025-04-08 16:05:12,816 - DEBUG - AGV分配局部搜索成功！完工时间从 1706.00 降低到 1693.00，改进: 13.00 (0.76%)
2025-04-08 16:05:12,820 - DEBUG - 执行AGV分配局部搜索，当前完工时间: 1655.00
2025-04-08 16:05:12,824 - DEBUG - 局部搜索未能改进当前解
2025-04-08 16:05:12,828 - DEBUG - 执行AGV分配局部搜索，当前完工时间: 1773.00
2025-04-08 16:05:12,831 - DEBUG - 局部搜索未能改进当前解
2025-04-08 16:05:12,834 - DEBUG - 执行AGV分配局部搜索，当前完工时间: 1675.00
2025-04-08 16:05:12,838 - DEBUG - 局部搜索未能改进当前解
2025-04-08 16:05:12,843 - DEBUG - 执行AGV分配局部搜索，当前完工时间: 1765.00
2025-04-08 16:05:12,847 - DEBUG - 局部搜索未能改进当前解
2025-04-08 16:05:12,850 - DEBUG - 执行AGV分配局部搜索，当前完工时间: 1705.00
2025-04-08 16:05:12,854 - DEBUG - 局部搜索未能改进当前解
2025-04-08 16:05:12,858 - DEBUG - 执行AGV分配局部搜索，当前完工时间: 1637.00
2025-04-08 16:05:12,862 - DEBUG - 局部搜索未能改进当前解
2025-04-08 16:05:12,865 - DEBUG - 执行AGV分配局部搜索，当前完工时间: 1674.00
2025-04-08 16:05:12,869 - DEBUG - 局部搜索未能改进当前解
2025-04-08 16:05:12,873 - DEBUG - 执行AGV分配局部搜索，当前完工时间: 1697.00
2025-04-08 16:05:12,876 - DEBUG - 局部搜索未能改进当前解
2025-04-08 16:05:12,880 - DEBUG - 执行AGV分配局部搜索，当前完工时间: 1664.00
2025-04-08 16:05:12,884 - DEBUG - 局部搜索未能改进当前解
2025-04-08 16:05:12,889 - DEBUG - 执行AGV分配局部搜索，当前完工时间: 1716.00
2025-04-08 16:05:12,892 - DEBUG - AGV分配局部搜索成功！完工时间从 1716.00 降低到 1685.00，改进: 31.00 (1.81%)
2025-04-08 16:05:12,895 - DEBUG - 执行AGV分配局部搜索，当前完工时间: 1843.00
2025-04-08 16:05:12,899 - DEBUG - 局部搜索未能改进当前解
2025-04-08 16:05:12,903 - DEBUG - 执行AGV分配局部搜索，当前完工时间: 1674.00
2025-04-08 16:05:12,906 - DEBUG - 局部搜索未能改进当前解
2025-04-08 16:05:12,910 - DEBUG - 执行AGV分配局部搜索，当前完工时间: 1663.00
2025-04-08 16:05:12,914 - DEBUG - 局部搜索未能改进当前解
2025-04-08 16:05:12,918 - DEBUG - 执行AGV分配局部搜索，当前完工时间: 1701.00
2025-04-08 16:05:12,922 - DEBUG - 局部搜索未能改进当前解
2025-04-08 16:05:12,926 - DEBUG - 执行AGV分配局部搜索，当前完工时间: 1778.00
2025-04-08 16:05:12,930 - DEBUG - 局部搜索未能改进当前解
2025-04-08 16:05:12,934 - DEBUG - 执行AGV分配局部搜索，当前完工时间: 1692.00
2025-04-08 16:05:12,938 - DEBUG - AGV分配局部搜索成功！完工时间从 1692.00 降低到 1676.00，改进: 16.00 (0.95%)
2025-04-08 16:05:12,941 - DEBUG - 执行AGV分配局部搜索，当前完工时间: 1662.00
2025-04-08 16:05:12,945 - DEBUG - 局部搜索未能改进当前解
2025-04-08 16:05:12,945 - DEBUG - ==================================================
2025-04-08 16:05:12,945 - DEBUG - Efficiency Statistics of Local Search :
2025-04-08 16:05:12,945 - DEBUG - Number of attempts: 99
2025-04-08 16:05:12,945 - DEBUG - Average Success Rate: 12.12%
2025-04-08 16:05:12,945 - DEBUG - AGV Local Search Success: 12，Average Improvement: 22.08
2025-04-08 16:05:12,949 - DEBUG - 执行AGV分配局部搜索，当前完工时间: 1649.00
2025-04-08 16:05:12,952 - DEBUG - 局部搜索未能改进当前解
2025-04-08 16:05:12,956 - DEBUG - 执行AGV分配局部搜索，当前完工时间: 1735.00
2025-04-08 16:05:12,960 - DEBUG - 局部搜索未能改进当前解
2025-04-08 16:05:12,964 - DEBUG - 执行AGV分配局部搜索，当前完工时间: 1662.00
2025-04-08 16:05:12,968 - DEBUG - 局部搜索未能改进当前解
2025-04-08 16:05:12,972 - DEBUG - 执行AGV分配局部搜索，当前完工时间: 1660.00
2025-04-08 16:05:12,975 - DEBUG - 局部搜索未能改进当前解
2025-04-08 16:05:12,979 - DEBUG - 执行AGV分配局部搜索，当前完工时间: 1661.00
2025-04-08 16:05:12,983 - DEBUG - 局部搜索未能改进当前解
2025-04-08 16:05:12,987 - DEBUG - 执行AGV分配局部搜索，当前完工时间: 1662.00
2025-04-08 16:05:12,991 - DEBUG - 局部搜索未能改进当前解
2025-04-08 16:05:12,994 - DEBUG - 执行AGV分配局部搜索，当前完工时间: 1669.00
2025-04-08 16:05:12,997 - DEBUG - 局部搜索未能改进当前解
2025-04-08 16:05:13,001 - DEBUG - 执行AGV分配局部搜索，当前完工时间: 1682.00
2025-04-08 16:05:13,005 - DEBUG - 局部搜索未能改进当前解
2025-04-08 16:05:13,009 - DEBUG - 执行AGV分配局部搜索，当前完工时间: 1753.00
2025-04-08 16:05:13,013 - DEBUG - 局部搜索未能改进当前解
2025-04-08 16:05:13,016 - DEBUG - 执行AGV分配局部搜索，当前完工时间: 1646.00
2025-04-08 16:05:13,020 - DEBUG - 局部搜索未能改进当前解
2025-04-08 16:05:13,024 - DEBUG - 执行AGV分配局部搜索，当前完工时间: 1749.00
2025-04-08 16:05:13,028 - DEBUG - 局部搜索未能改进当前解
2025-04-08 16:05:13,032 - DEBUG - 执行AGV分配局部搜索，当前完工时间: 1663.00
2025-04-08 16:05:13,036 - DEBUG - 局部搜索未能改进当前解
2025-04-08 16:05:13,040 - DEBUG - 执行AGV分配局部搜索，当前完工时间: 1676.00
2025-04-08 16:05:13,044 - DEBUG - 局部搜索未能改进当前解
2025-04-08 16:05:13,047 - DEBUG - 执行AGV分配局部搜索，当前完工时间: 1664.00
2025-04-08 16:05:13,055 - DEBUG - AGV分配局部搜索成功！完工时间从 1664.00 降低到 1638.00，改进: 26.00 (1.56%)
2025-04-08 16:05:13,062 - DEBUG - 执行AGV分配局部搜索，当前完工时间: 1640.00
2025-04-08 16:05:13,066 - DEBUG - 局部搜索未能改进当前解
2025-04-08 16:05:13,070 - DEBUG - 执行AGV分配局部搜索，当前完工时间: 1728.00
2025-04-08 16:05:13,073 - DEBUG - 局部搜索未能改进当前解
2025-04-08 16:05:13,077 - DEBUG - 执行AGV分配局部搜索，当前完工时间: 1641.00
2025-04-08 16:05:13,081 - DEBUG - 局部搜索未能改进当前解
2025-04-08 16:05:13,086 - DEBUG - 执行AGV分配局部搜索，当前完工时间: 1735.00
2025-04-08 16:05:13,090 - DEBUG - 局部搜索未能改进当前解
2025-04-08 16:05:13,094 - DEBUG - 执行AGV分配局部搜索，当前完工时间: 1725.00
2025-04-08 16:05:13,097 - DEBUG - 局部搜索未能改进当前解
2025-04-08 16:05:13,101 - DEBUG - 执行AGV分配局部搜索，当前完工时间: 1727.00
2025-04-08 16:05:13,105 - DEBUG - 局部搜索未能改进当前解
2025-04-08 16:05:13,109 - DEBUG - 执行AGV分配局部搜索，当前完工时间: 1764.00
2025-04-08 16:05:13,112 - DEBUG - 局部搜索未能改进当前解
2025-04-08 16:05:13,117 - DEBUG - 执行AGV分配局部搜索，当前完工时间: 1696.00
2025-04-08 16:05:13,121 - DEBUG - 局部搜索未能改进当前解
2025-04-08 16:05:13,124 - DEBUG - 执行AGV分配局部搜索，当前完工时间: 1730.00
2025-04-08 16:05:13,128 - DEBUG - 局部搜索未能改进当前解
2025-04-08 16:05:13,132 - DEBUG - 执行AGV分配局部搜索，当前完工时间: 1704.00
2025-04-08 16:05:13,136 - DEBUG - 局部搜索未能改进当前解
2025-04-08 16:05:13,140 - DEBUG - 执行AGV分配局部搜索，当前完工时间: 1652.00
2025-04-08 16:05:13,144 - DEBUG - 局部搜索未能改进当前解
2025-04-08 16:05:13,147 - DEBUG - 执行AGV分配局部搜索，当前完工时间: 1670.00
2025-04-08 16:05:13,150 - DEBUG - 局部搜索未能改进当前解
2025-04-08 16:05:13,154 - DEBUG - 执行AGV分配局部搜索，当前完工时间: 1653.00
2025-04-08 16:05:13,158 - DEBUG - 局部搜索未能改进当前解
2025-04-08 16:05:13,162 - DEBUG - 执行AGV分配局部搜索，当前完工时间: 1679.00
2025-04-08 16:05:13,165 - DEBUG - 局部搜索未能改进当前解
2025-04-08 16:05:13,169 - DEBUG - 执行AGV分配局部搜索，当前完工时间: 1697.00
2025-04-08 16:05:13,173 - DEBUG - 局部搜索未能改进当前解
2025-04-08 16:05:13,176 - DEBUG - 执行AGV分配局部搜索，当前完工时间: 1709.00
2025-04-08 16:05:13,180 - DEBUG - 局部搜索未能改进当前解
2025-04-08 16:05:13,184 - DEBUG - 执行AGV分配局部搜索，当前完工时间: 1676.00
2025-04-08 16:05:13,187 - DEBUG - 局部搜索未能改进当前解
2025-04-08 16:05:13,191 - DEBUG - 执行AGV分配局部搜索，当前完工时间: 1644.00
2025-04-08 16:05:13,195 - DEBUG - 局部搜索未能改进当前解
2025-04-08 16:05:13,198 - DEBUG - 执行AGV分配局部搜索，当前完工时间: 1640.00
2025-04-08 16:05:13,202 - DEBUG - 局部搜索未能改进当前解
2025-04-08 16:05:13,206 - DEBUG - 执行AGV分配局部搜索，当前完工时间: 1804.00
2025-04-08 16:05:13,210 - DEBUG - AGV分配局部搜索成功！完工时间从 1804.00 降低到 1781.00，改进: 23.00 (1.27%)
2025-04-08 16:05:13,214 - DEBUG - 执行AGV分配局部搜索，当前完工时间: 1708.00
2025-04-08 16:05:13,219 - DEBUG - 局部搜索未能改进当前解
2025-04-08 16:05:13,222 - DEBUG - 执行AGV分配局部搜索，当前完工时间: 1656.00
2025-04-08 16:05:13,226 - DEBUG - 局部搜索未能改进当前解
2025-04-08 16:05:13,231 - DEBUG - 执行AGV分配局部搜索，当前完工时间: 1740.00
2025-04-08 16:05:13,234 - DEBUG - AGV分配局部搜索成功！完工时间从 1740.00 降低到 1687.00，改进: 53.00 (3.05%)
2025-04-08 16:05:13,238 - DEBUG - 执行AGV分配局部搜索，当前完工时间: 1705.00
2025-04-08 16:05:13,242 - DEBUG - AGV分配局部搜索成功！完工时间从 1705.00 降低到 1674.00，改进: 31.00 (1.82%)
2025-04-08 16:05:13,246 - DEBUG - 执行AGV分配局部搜索，当前完工时间: 1713.00
2025-04-08 16:05:13,250 - DEBUG - 局部搜索未能改进当前解
2025-04-08 16:05:13,254 - DEBUG - 执行AGV分配局部搜索，当前完工时间: 1656.00
2025-04-08 16:05:13,257 - DEBUG - 局部搜索未能改进当前解
2025-04-08 16:05:13,260 - DEBUG - 执行AGV分配局部搜索，当前完工时间: 1711.00
2025-04-08 16:05:13,265 - DEBUG - 局部搜索未能改进当前解
2025-04-08 16:05:13,269 - DEBUG - 执行AGV分配局部搜索，当前完工时间: 1648.00
2025-04-08 16:05:13,272 - DEBUG - 局部搜索未能改进当前解
2025-04-08 16:05:13,276 - DEBUG - 执行AGV分配局部搜索，当前完工时间: 1821.00
2025-04-08 16:05:13,281 - DEBUG - 局部搜索未能改进当前解
2025-04-08 16:05:13,284 - DEBUG - 执行AGV分配局部搜索，当前完工时间: 1823.00
2025-04-08 16:05:13,287 - DEBUG - 局部搜索未能改进当前解
2025-04-08 16:05:13,291 - DEBUG - 执行AGV分配局部搜索，当前完工时间: 1683.00
2025-04-08 16:05:13,295 - DEBUG - AGV分配局部搜索成功！完工时间从 1683.00 降低到 1678.00，改进: 5.00 (0.30%)
2025-04-08 16:05:13,299 - DEBUG - 执行AGV分配局部搜索，当前完工时间: 1611.00
2025-04-08 16:05:13,302 - DEBUG - 局部搜索未能改进当前解
2025-04-08 16:05:13,306 - DEBUG - 执行AGV分配局部搜索，当前完工时间: 1640.00
2025-04-08 16:05:13,310 - DEBUG - 局部搜索未能改进当前解
2025-04-08 16:05:13,313 - DEBUG - 执行AGV分配局部搜索，当前完工时间: 1710.00
2025-04-08 16:05:13,328 - DEBUG - 局部搜索未能改进当前解
2025-04-08 16:05:13,332 - DEBUG - 执行AGV分配局部搜索，当前完工时间: 1662.00
2025-04-08 16:05:13,336 - DEBUG - 局部搜索未能改进当前解
2025-04-08 16:05:13,340 - DEBUG - 执行AGV分配局部搜索，当前完工时间: 1722.00
2025-04-08 16:05:13,344 - DEBUG - 局部搜索未能改进当前解
2025-04-08 16:05:13,347 - DEBUG - 执行AGV分配局部搜索，当前完工时间: 1688.00
2025-04-08 16:05:13,352 - DEBUG - 局部搜索未能改进当前解
2025-04-08 16:05:13,356 - DEBUG - 执行AGV分配局部搜索，当前完工时间: 1696.00
2025-04-08 16:05:13,360 - DEBUG - 局部搜索未能改进当前解
2025-04-08 16:05:13,364 - DEBUG - 执行AGV分配局部搜索，当前完工时间: 1659.00
2025-04-08 16:05:13,368 - DEBUG - 局部搜索未能改进当前解
2025-04-08 16:05:13,372 - DEBUG - 执行AGV分配局部搜索，当前完工时间: 1720.00
2025-04-08 16:05:13,378 - DEBUG - AGV分配局部搜索成功！完工时间从 1720.00 降低到 1714.00，改进: 6.00 (0.35%)
2025-04-08 16:05:13,381 - DEBUG - 执行AGV分配局部搜索，当前完工时间: 1772.00
2025-04-08 16:05:13,385 - DEBUG - AGV分配局部搜索成功！完工时间从 1772.00 降低到 1753.00，改进: 19.00 (1.07%)
2025-04-08 16:05:13,389 - DEBUG - 执行AGV分配局部搜索，当前完工时间: 1662.00
2025-04-08 16:05:13,393 - DEBUG - 局部搜索未能改进当前解
2025-04-08 16:05:13,397 - DEBUG - 执行AGV分配局部搜索，当前完工时间: 1663.00
2025-04-08 16:05:13,401 - DEBUG - 局部搜索未能改进当前解
2025-04-08 16:05:13,405 - DEBUG - 执行AGV分配局部搜索，当前完工时间: 1654.00
2025-04-08 16:05:13,408 - DEBUG - 局部搜索未能改进当前解
2025-04-08 16:05:13,413 - DEBUG - 执行AGV分配局部搜索，当前完工时间: 1731.00
2025-04-08 16:05:13,416 - DEBUG - 局部搜索未能改进当前解
2025-04-08 16:05:13,420 - DEBUG - 执行AGV分配局部搜索，当前完工时间: 1769.00
2025-04-08 16:05:13,424 - DEBUG - 局部搜索未能改进当前解
2025-04-08 16:05:13,428 - DEBUG - 执行AGV分配局部搜索，当前完工时间: 1669.00
2025-04-08 16:05:13,432 - DEBUG - 局部搜索未能改进当前解
2025-04-08 16:05:13,436 - DEBUG - 执行AGV分配局部搜索，当前完工时间: 1675.00
2025-04-08 16:05:13,440 - DEBUG - 局部搜索未能改进当前解
2025-04-08 16:05:13,443 - DEBUG - 执行AGV分配局部搜索，当前完工时间: 1770.00
2025-04-08 16:05:13,447 - DEBUG - 局部搜索未能改进当前解
2025-04-08 16:05:13,450 - DEBUG - 执行AGV分配局部搜索，当前完工时间: 1681.00
2025-04-08 16:05:13,453 - DEBUG - 局部搜索未能改进当前解
2025-04-08 16:05:13,457 - DEBUG - 执行AGV分配局部搜索，当前完工时间: 1784.00
2025-04-08 16:05:13,462 - DEBUG - 局部搜索未能改进当前解
2025-04-08 16:05:13,465 - DEBUG - 执行AGV分配局部搜索，当前完工时间: 1678.00
2025-04-08 16:05:13,469 - DEBUG - 局部搜索未能改进当前解
2025-04-08 16:05:13,472 - DEBUG - 执行AGV分配局部搜索，当前完工时间: 1651.00
2025-04-08 16:05:13,476 - DEBUG - 局部搜索未能改进当前解
2025-04-08 16:05:13,481 - DEBUG - 执行AGV分配局部搜索，当前完工时间: 1681.00
2025-04-08 16:05:13,484 - DEBUG - 局部搜索未能改进当前解
2025-04-08 16:05:13,487 - DEBUG - 执行AGV分配局部搜索，当前完工时间: 1704.00
2025-04-08 16:05:13,491 - DEBUG - 局部搜索未能改进当前解
2025-04-08 16:05:13,495 - DEBUG - 执行AGV分配局部搜索，当前完工时间: 1742.00
2025-04-08 16:05:13,499 - DEBUG - 局部搜索未能改进当前解
2025-04-08 16:05:13,502 - DEBUG - 执行AGV分配局部搜索，当前完工时间: 1728.00
2025-04-08 16:05:13,506 - DEBUG - 局部搜索未能改进当前解
2025-04-08 16:05:13,510 - DEBUG - 执行AGV分配局部搜索，当前完工时间: 1751.00
2025-04-08 16:05:13,514 - DEBUG - AGV分配局部搜索成功！完工时间从 1751.00 降低到 1702.00，改进: 49.00 (2.80%)
2025-04-08 16:05:13,518 - DEBUG - 执行AGV分配局部搜索，当前完工时间: 1679.00
2025-04-08 16:05:13,522 - DEBUG - 局部搜索未能改进当前解
2025-04-08 16:05:13,525 - DEBUG - 执行AGV分配局部搜索，当前完工时间: 1708.00
2025-04-08 16:05:13,529 - DEBUG - 局部搜索未能改进当前解
2025-04-08 16:05:13,532 - DEBUG - 执行AGV分配局部搜索，当前完工时间: 1659.00
2025-04-08 16:05:13,536 - DEBUG - 局部搜索未能改进当前解
2025-04-08 16:05:13,540 - DEBUG - 执行AGV分配局部搜索，当前完工时间: 1863.00
2025-04-08 16:05:13,544 - DEBUG - 局部搜索未能改进当前解
2025-04-08 16:05:13,548 - DEBUG - 执行AGV分配局部搜索，当前完工时间: 1727.00
2025-04-08 16:05:13,551 - DEBUG - 局部搜索未能改进当前解
2025-04-08 16:05:13,555 - DEBUG - 执行AGV分配局部搜索，当前完工时间: 1657.00
2025-04-08 16:05:13,558 - DEBUG - 局部搜索未能改进当前解
2025-04-08 16:05:13,564 - DEBUG - 执行AGV分配局部搜索，当前完工时间: 1662.00
2025-04-08 16:05:13,566 - DEBUG - 局部搜索未能改进当前解
2025-04-08 16:05:13,571 - DEBUG - 执行AGV分配局部搜索，当前完工时间: 1648.00
2025-04-08 16:05:13,574 - DEBUG - 局部搜索未能改进当前解
2025-04-08 16:05:13,579 - DEBUG - 执行AGV分配局部搜索，当前完工时间: 1644.00
2025-04-08 16:05:13,583 - DEBUG - 局部搜索未能改进当前解
2025-04-08 16:05:13,587 - DEBUG - 执行AGV分配局部搜索，当前完工时间: 1670.00
2025-04-08 16:05:13,590 - DEBUG - 局部搜索未能改进当前解
2025-04-08 16:05:13,594 - DEBUG - 执行AGV分配局部搜索，当前完工时间: 1671.00
2025-04-08 16:05:13,597 - DEBUG - 局部搜索未能改进当前解
2025-04-08 16:05:13,602 - DEBUG - 执行AGV分配局部搜索，当前完工时间: 1717.00
2025-04-08 16:05:13,605 - DEBUG - AGV分配局部搜索成功！完工时间从 1717.00 降低到 1716.00，改进: 1.00 (0.06%)
2025-04-08 16:05:13,609 - DEBUG - 执行AGV分配局部搜索，当前完工时间: 1668.00
2025-04-08 16:05:13,612 - DEBUG - AGV分配局部搜索成功！完工时间从 1668.00 降低到 1660.00，改进: 8.00 (0.48%)
2025-04-08 16:05:13,616 - DEBUG - 执行AGV分配局部搜索，当前完工时间: 1848.00
2025-04-08 16:05:13,621 - DEBUG - 局部搜索未能改进当前解
2025-04-08 16:05:13,624 - DEBUG - 执行AGV分配局部搜索，当前完工时间: 1664.00
2025-04-08 16:05:13,628 - DEBUG - 局部搜索未能改进当前解
2025-04-08 16:05:13,632 - DEBUG - 执行AGV分配局部搜索，当前完工时间: 1694.00
2025-04-08 16:05:13,635 - DEBUG - 局部搜索未能改进当前解
2025-04-08 16:05:13,639 - DEBUG - 执行AGV分配局部搜索，当前完工时间: 1681.00
2025-04-08 16:05:13,643 - DEBUG - AGV分配局部搜索成功！完工时间从 1681.00 降低到 1652.00，改进: 29.00 (1.73%)
2025-04-08 16:05:13,646 - DEBUG - 执行AGV分配局部搜索，当前完工时间: 1644.00
2025-04-08 16:05:13,649 - DEBUG - 局部搜索未能改进当前解
2025-04-08 16:05:13,653 - DEBUG - 执行AGV分配局部搜索，当前完工时间: 1725.00
2025-04-08 16:05:13,657 - DEBUG - 局部搜索未能改进当前解
2025-04-08 16:05:13,661 - DEBUG - 执行AGV分配局部搜索，当前完工时间: 1677.00
2025-04-08 16:05:13,664 - DEBUG - 局部搜索未能改进当前解
2025-04-08 16:05:13,669 - DEBUG - 执行AGV分配局部搜索，当前完工时间: 1666.00
2025-04-08 16:05:13,672 - DEBUG - 局部搜索未能改进当前解
2025-04-08 16:05:13,675 - DEBUG - 执行AGV分配局部搜索，当前完工时间: 1647.00
2025-04-08 16:05:13,680 - DEBUG - 局部搜索未能改进当前解
2025-04-08 16:05:13,683 - DEBUG - 执行AGV分配局部搜索，当前完工时间: 1694.00
2025-04-08 16:05:13,687 - DEBUG - 局部搜索未能改进当前解
2025-04-08 16:05:13,690 - DEBUG - 执行AGV分配局部搜索，当前完工时间: 1661.00
2025-04-08 16:05:13,694 - DEBUG - AGV分配局部搜索成功！完工时间从 1661.00 降低到 1651.00，改进: 10.00 (0.60%)
2025-04-08 16:05:13,697 - DEBUG - 执行AGV分配局部搜索，当前完工时间: 1701.00
2025-04-08 16:05:13,701 - DEBUG - 局部搜索未能改进当前解
2025-04-08 16:05:13,705 - DEBUG - 执行AGV分配局部搜索，当前完工时间: 1691.00
2025-04-08 16:05:13,709 - DEBUG - 局部搜索未能改进当前解
2025-04-08 16:05:13,712 - DEBUG - 执行AGV分配局部搜索，当前完工时间: 1681.00
2025-04-08 16:05:13,716 - DEBUG - 局部搜索未能改进当前解
2025-04-08 16:05:13,716 - DEBUG - ==================================================
2025-04-08 16:05:13,716 - DEBUG - Efficiency Statistics of Local Search :
2025-04-08 16:05:13,716 - DEBUG - Number of attempts: 99
2025-04-08 16:05:13,716 - DEBUG - Average Success Rate: 12.12%
2025-04-08 16:05:13,716 - DEBUG - AGV Local Search Success: 12，Average Improvement: 21.67
2025-04-08 16:05:13,720 - DEBUG - 执行AGV分配局部搜索，当前完工时间: 1694.00
2025-04-08 16:05:13,725 - DEBUG - AGV分配局部搜索成功！完工时间从 1694.00 降低到 1676.00，改进: 18.00 (1.06%)
2025-04-08 16:05:13,729 - DEBUG - 执行AGV分配局部搜索，当前完工时间: 1679.00
2025-04-08 16:05:13,733 - DEBUG - 局部搜索未能改进当前解
2025-04-08 16:05:13,737 - DEBUG - 执行AGV分配局部搜索，当前完工时间: 1796.00
2025-04-08 16:05:13,740 - DEBUG - AGV分配局部搜索成功！完工时间从 1796.00 降低到 1748.00，改进: 48.00 (2.67%)
2025-04-08 16:05:13,744 - DEBUG - 执行AGV分配局部搜索，当前完工时间: 1845.00
2025-04-08 16:05:13,747 - DEBUG - 局部搜索未能改进当前解
2025-04-08 16:05:13,751 - DEBUG - 执行AGV分配局部搜索，当前完工时间: 1668.00
2025-04-08 16:05:13,755 - DEBUG - 局部搜索未能改进当前解
2025-04-08 16:05:13,759 - DEBUG - 执行AGV分配局部搜索，当前完工时间: 1741.00
2025-04-08 16:05:13,762 - DEBUG - 局部搜索未能改进当前解
2025-04-08 16:05:13,767 - DEBUG - 执行AGV分配局部搜索，当前完工时间: 1711.00
2025-04-08 16:05:13,772 - DEBUG - 局部搜索未能改进当前解
2025-04-08 16:05:13,777 - DEBUG - 执行AGV分配局部搜索，当前完工时间: 1638.00
2025-04-08 16:05:13,780 - DEBUG - AGV分配局部搜索成功！完工时间从 1638.00 降低到 1631.00，改进: 7.00 (0.43%)
2025-04-08 16:05:13,785 - DEBUG - 执行AGV分配局部搜索，当前完工时间: 1818.00
2025-04-08 16:05:13,789 - DEBUG - AGV分配局部搜索成功！完工时间从 1818.00 降低到 1802.00，改进: 16.00 (0.88%)
2025-04-08 16:05:13,792 - DEBUG - 执行AGV分配局部搜索，当前完工时间: 1801.00
2025-04-08 16:05:13,796 - DEBUG - 局部搜索未能改进当前解
2025-04-08 16:05:13,800 - DEBUG - 执行AGV分配局部搜索，当前完工时间: 1644.00
2025-04-08 16:05:13,803 - DEBUG - 局部搜索未能改进当前解
2025-04-08 16:05:13,807 - DEBUG - 执行AGV分配局部搜索，当前完工时间: 1620.00
2025-04-08 16:05:13,810 - DEBUG - AGV分配局部搜索成功！完工时间从 1620.00 降低到 1613.00，改进: 7.00 (0.43%)
2025-04-08 16:05:13,814 - DEBUG - 执行AGV分配局部搜索，当前完工时间: 1650.00
2025-04-08 16:05:13,818 - DEBUG - 局部搜索未能改进当前解
2025-04-08 16:05:13,821 - DEBUG - 执行AGV分配局部搜索，当前完工时间: 1656.00
2025-04-08 16:05:13,825 - DEBUG - 局部搜索未能改进当前解
2025-04-08 16:05:13,828 - DEBUG - 执行AGV分配局部搜索，当前完工时间: 1676.00
2025-04-08 16:05:13,831 - DEBUG - 局部搜索未能改进当前解
2025-04-08 16:05:13,835 - DEBUG - 执行AGV分配局部搜索，当前完工时间: 1640.00
2025-04-08 16:05:13,839 - DEBUG - 局部搜索未能改进当前解
2025-04-08 16:05:13,843 - DEBUG - 执行AGV分配局部搜索，当前完工时间: 1793.00
2025-04-08 16:05:13,847 - DEBUG - 局部搜索未能改进当前解
2025-04-08 16:05:13,851 - DEBUG - 执行AGV分配局部搜索，当前完工时间: 1663.00
2025-04-08 16:05:13,855 - DEBUG - AGV分配局部搜索成功！完工时间从 1663.00 降低到 1652.00，改进: 11.00 (0.66%)
2025-04-08 16:05:13,858 - DEBUG - 执行AGV分配局部搜索，当前完工时间: 1864.00
2025-04-08 16:05:13,863 - DEBUG - 局部搜索未能改进当前解
2025-04-08 16:05:13,866 - DEBUG - 执行AGV分配局部搜索，当前完工时间: 1739.00
2025-04-08 16:05:13,870 - DEBUG - 局部搜索未能改进当前解
2025-04-08 16:05:13,874 - DEBUG - 执行AGV分配局部搜索，当前完工时间: 1627.00
2025-04-08 16:05:13,878 - DEBUG - 局部搜索未能改进当前解
2025-04-08 16:05:13,882 - DEBUG - 执行AGV分配局部搜索，当前完工时间: 1662.00
2025-04-08 16:05:13,885 - DEBUG - 局部搜索未能改进当前解
2025-04-08 16:05:13,889 - DEBUG - 执行AGV分配局部搜索，当前完工时间: 1669.00
2025-04-08 16:05:13,893 - DEBUG - 局部搜索未能改进当前解
2025-04-08 16:05:13,897 - DEBUG - 执行AGV分配局部搜索，当前完工时间: 1680.00
2025-04-08 16:05:13,900 - DEBUG - 局部搜索未能改进当前解
2025-04-08 16:05:13,904 - DEBUG - 执行AGV分配局部搜索，当前完工时间: 1676.00
2025-04-08 16:05:13,908 - DEBUG - 局部搜索未能改进当前解
2025-04-08 16:05:13,911 - DEBUG - 执行AGV分配局部搜索，当前完工时间: 1651.00
2025-04-08 16:05:13,915 - DEBUG - 局部搜索未能改进当前解
2025-04-08 16:05:13,919 - DEBUG - 执行AGV分配局部搜索，当前完工时间: 1756.00
2025-04-08 16:05:13,923 - DEBUG - AGV分配局部搜索成功！完工时间从 1756.00 降低到 1716.00，改进: 40.00 (2.28%)
2025-04-08 16:05:13,927 - DEBUG - 执行AGV分配局部搜索，当前完工时间: 1726.00
2025-04-08 16:05:13,930 - DEBUG - 局部搜索未能改进当前解
2025-04-08 16:05:13,935 - DEBUG - 执行AGV分配局部搜索，当前完工时间: 1675.00
2025-04-08 16:05:13,938 - DEBUG - AGV分配局部搜索成功！完工时间从 1675.00 降低到 1628.00，改进: 47.00 (2.81%)
2025-04-08 16:05:13,942 - DEBUG - 执行AGV分配局部搜索，当前完工时间: 1650.00
2025-04-08 16:05:13,945 - DEBUG - 局部搜索未能改进当前解
2025-04-08 16:05:13,950 - DEBUG - 执行AGV分配局部搜索，当前完工时间: 1697.00
2025-04-08 16:05:13,953 - DEBUG - 局部搜索未能改进当前解
2025-04-08 16:05:13,957 - DEBUG - 执行AGV分配局部搜索，当前完工时间: 1650.00
2025-04-08 16:05:13,961 - DEBUG - 局部搜索未能改进当前解
2025-04-08 16:05:13,964 - DEBUG - 执行AGV分配局部搜索，当前完工时间: 1631.00
2025-04-08 16:05:13,969 - DEBUG - 局部搜索未能改进当前解
2025-04-08 16:05:13,973 - DEBUG - 执行AGV分配局部搜索，当前完工时间: 1653.00
2025-04-08 16:05:13,976 - DEBUG - 局部搜索未能改进当前解
2025-04-08 16:05:13,980 - DEBUG - 执行AGV分配局部搜索，当前完工时间: 1694.00
2025-04-08 16:05:13,984 - DEBUG - 局部搜索未能改进当前解
2025-04-08 16:05:13,988 - DEBUG - 执行AGV分配局部搜索，当前完工时间: 1796.00
2025-04-08 16:05:13,992 - DEBUG - 局部搜索未能改进当前解
2025-04-08 16:05:13,995 - DEBUG - 执行AGV分配局部搜索，当前完工时间: 1652.00
2025-04-08 16:05:14,000 - DEBUG - 局部搜索未能改进当前解
2025-04-08 16:05:14,004 - DEBUG - 执行AGV分配局部搜索，当前完工时间: 1672.00
2025-04-08 16:05:14,007 - DEBUG - 局部搜索未能改进当前解
2025-04-08 16:05:14,010 - DEBUG - 执行AGV分配局部搜索，当前完工时间: 1698.00
2025-04-08 16:05:14,014 - DEBUG - 局部搜索未能改进当前解
2025-04-08 16:05:14,018 - DEBUG - 执行AGV分配局部搜索，当前完工时间: 1664.00
2025-04-08 16:05:14,022 - DEBUG - 局部搜索未能改进当前解
2025-04-08 16:05:14,025 - DEBUG - 执行AGV分配局部搜索，当前完工时间: 1713.00
2025-04-08 16:05:14,030 - DEBUG - 局部搜索未能改进当前解
2025-04-08 16:05:14,034 - DEBUG - 执行AGV分配局部搜索，当前完工时间: 1670.00
2025-04-08 16:05:14,038 - DEBUG - 局部搜索未能改进当前解
2025-04-08 16:05:14,041 - DEBUG - 执行AGV分配局部搜索，当前完工时间: 1745.00
2025-04-08 16:05:14,045 - DEBUG - 局部搜索未能改进当前解
2025-04-08 16:05:14,049 - DEBUG - 执行AGV分配局部搜索，当前完工时间: 1624.00
2025-04-08 16:05:14,053 - DEBUG - 局部搜索未能改进当前解
2025-04-08 16:05:14,056 - DEBUG - 执行AGV分配局部搜索，当前完工时间: 1832.00
2025-04-08 16:05:14,060 - DEBUG - 局部搜索未能改进当前解
2025-04-08 16:05:14,064 - DEBUG - 执行AGV分配局部搜索，当前完工时间: 1677.00
2025-04-08 16:05:14,068 - DEBUG - 局部搜索未能改进当前解
2025-04-08 16:05:14,072 - DEBUG - 执行AGV分配局部搜索，当前完工时间: 1729.00
2025-04-08 16:05:14,077 - DEBUG - AGV分配局部搜索成功！完工时间从 1729.00 降低到 1718.00，改进: 11.00 (0.64%)
2025-04-08 16:05:14,081 - DEBUG - 执行AGV分配局部搜索，当前完工时间: 1648.00
2025-04-08 16:05:14,085 - DEBUG - 局部搜索未能改进当前解
2025-04-08 16:05:14,089 - DEBUG - 执行AGV分配局部搜索，当前完工时间: 1711.00
2025-04-08 16:05:14,094 - DEBUG - 局部搜索未能改进当前解
2025-04-08 16:05:14,097 - DEBUG - 执行AGV分配局部搜索，当前完工时间: 1716.00
2025-04-08 16:05:14,101 - DEBUG - 局部搜索未能改进当前解
2025-04-08 16:05:14,105 - DEBUG - 执行AGV分配局部搜索，当前完工时间: 1662.00
2025-04-08 16:05:14,108 - DEBUG - 局部搜索未能改进当前解
2025-04-08 16:05:14,112 - DEBUG - 执行AGV分配局部搜索，当前完工时间: 1721.00
2025-04-08 16:05:14,115 - DEBUG - AGV分配局部搜索成功！完工时间从 1721.00 降低到 1707.00，改进: 14.00 (0.81%)
2025-04-08 16:05:14,119 - DEBUG - 执行AGV分配局部搜索，当前完工时间: 1656.00
2025-04-08 16:05:14,123 - DEBUG - AGV分配局部搜索成功！完工时间从 1656.00 降低到 1638.00，改进: 18.00 (1.09%)
2025-04-08 16:05:14,126 - DEBUG - 执行AGV分配局部搜索，当前完工时间: 1688.00
2025-04-08 16:05:14,130 - DEBUG - 局部搜索未能改进当前解
2025-04-08 16:05:14,134 - DEBUG - 执行AGV分配局部搜索，当前完工时间: 1753.00
2025-04-08 16:05:14,137 - DEBUG - 局部搜索未能改进当前解
2025-04-08 16:05:14,141 - DEBUG - 执行AGV分配局部搜索，当前完工时间: 1729.00
2025-04-08 16:05:14,144 - DEBUG - 局部搜索未能改进当前解
2025-04-08 16:05:14,148 - DEBUG - 执行AGV分配局部搜索，当前完工时间: 1644.00
2025-04-08 16:05:14,151 - DEBUG - 局部搜索未能改进当前解
2025-04-08 16:05:14,156 - DEBUG - 执行AGV分配局部搜索，当前完工时间: 1682.00
2025-04-08 16:05:14,159 - DEBUG - 局部搜索未能改进当前解
2025-04-08 16:05:14,162 - DEBUG - 执行AGV分配局部搜索，当前完工时间: 1696.00
2025-04-08 16:05:14,166 - DEBUG - 局部搜索未能改进当前解
2025-04-08 16:05:14,170 - DEBUG - 执行AGV分配局部搜索，当前完工时间: 1665.00
2025-04-08 16:05:14,173 - DEBUG - AGV分配局部搜索成功！完工时间从 1665.00 降低到 1658.00，改进: 7.00 (0.42%)
2025-04-08 16:05:14,176 - DEBUG - 执行AGV分配局部搜索，当前完工时间: 1757.00
2025-04-08 16:05:14,181 - DEBUG - 局部搜索未能改进当前解
2025-04-08 16:05:14,185 - DEBUG - 执行AGV分配局部搜索，当前完工时间: 1797.00
2025-04-08 16:05:14,189 - DEBUG - AGV分配局部搜索成功！完工时间从 1797.00 降低到 1773.00，改进: 24.00 (1.34%)
2025-04-08 16:05:14,193 - DEBUG - 执行AGV分配局部搜索，当前完工时间: 1647.00
2025-04-08 16:05:14,196 - DEBUG - 局部搜索未能改进当前解
2025-04-08 16:05:14,200 - DEBUG - 执行AGV分配局部搜索，当前完工时间: 1654.00
2025-04-08 16:05:14,204 - DEBUG - 局部搜索未能改进当前解
2025-04-08 16:05:14,207 - DEBUG - 执行AGV分配局部搜索，当前完工时间: 1767.00
2025-04-08 16:05:14,212 - DEBUG - 局部搜索未能改进当前解
2025-04-08 16:05:14,215 - DEBUG - 执行AGV分配局部搜索，当前完工时间: 1669.00
2025-04-08 16:05:14,219 - DEBUG - 局部搜索未能改进当前解
2025-04-08 16:05:14,222 - DEBUG - 执行AGV分配局部搜索，当前完工时间: 1742.00
2025-04-08 16:05:14,226 - DEBUG - 局部搜索未能改进当前解
2025-04-08 16:05:14,230 - DEBUG - 执行AGV分配局部搜索，当前完工时间: 1735.00
2025-04-08 16:05:14,234 - DEBUG - 局部搜索未能改进当前解
2025-04-08 16:05:14,237 - DEBUG - 执行AGV分配局部搜索，当前完工时间: 1711.00
2025-04-08 16:05:14,241 - DEBUG - AGV分配局部搜索成功！完工时间从 1711.00 降低到 1678.00，改进: 33.00 (1.93%)
2025-04-08 16:05:14,245 - DEBUG - 执行AGV分配局部搜索，当前完工时间: 1657.00
2025-04-08 16:05:14,248 - DEBUG - 局部搜索未能改进当前解
2025-04-08 16:05:14,252 - DEBUG - 执行AGV分配局部搜索，当前完工时间: 1718.00
2025-04-08 16:05:14,256 - DEBUG - 局部搜索未能改进当前解
2025-04-08 16:05:14,260 - DEBUG - 执行AGV分配局部搜索，当前完工时间: 1742.00
2025-04-08 16:05:14,264 - DEBUG - AGV分配局部搜索成功！完工时间从 1742.00 降低到 1682.00，改进: 60.00 (3.44%)
2025-04-08 16:05:14,268 - DEBUG - 执行AGV分配局部搜索，当前完工时间: 1678.00
2025-04-08 16:05:14,270 - DEBUG - 局部搜索未能改进当前解
2025-04-08 16:05:14,275 - DEBUG - 执行AGV分配局部搜索，当前完工时间: 1698.00
2025-04-08 16:05:14,279 - DEBUG - 局部搜索未能改进当前解
2025-04-08 16:05:14,282 - DEBUG - 执行AGV分配局部搜索，当前完工时间: 1714.00
2025-04-08 16:05:14,286 - DEBUG - 局部搜索未能改进当前解
2025-04-08 16:05:14,290 - DEBUG - 执行AGV分配局部搜索，当前完工时间: 1698.00
2025-04-08 16:05:14,294 - DEBUG - 局部搜索未能改进当前解
2025-04-08 16:05:14,297 - DEBUG - 执行AGV分配局部搜索，当前完工时间: 1688.00
2025-04-08 16:05:14,301 - DEBUG - 局部搜索未能改进当前解
2025-04-08 16:05:14,305 - DEBUG - 执行AGV分配局部搜索，当前完工时间: 1846.00
2025-04-08 16:05:14,309 - DEBUG - AGV分配局部搜索成功！完工时间从 1846.00 降低到 1800.00，改进: 46.00 (2.49%)
2025-04-08 16:05:14,312 - DEBUG - 执行AGV分配局部搜索，当前完工时间: 1682.00
2025-04-08 16:05:14,317 - DEBUG - 局部搜索未能改进当前解
2025-04-08 16:05:14,320 - DEBUG - 执行AGV分配局部搜索，当前完工时间: 1749.00
2025-04-08 16:05:14,324 - DEBUG - 局部搜索未能改进当前解
2025-04-08 16:05:14,329 - DEBUG - 执行AGV分配局部搜索，当前完工时间: 1739.00
2025-04-08 16:05:14,332 - DEBUG - 局部搜索未能改进当前解
2025-04-08 16:05:14,336 - DEBUG - 执行AGV分配局部搜索，当前完工时间: 1650.00
2025-04-08 16:05:14,338 - DEBUG - 局部搜索未能改进当前解
2025-04-08 16:05:14,342 - DEBUG - 执行AGV分配局部搜索，当前完工时间: 1722.00
2025-04-08 16:05:14,345 - DEBUG - 局部搜索未能改进当前解
2025-04-08 16:05:14,349 - DEBUG - 执行AGV分配局部搜索，当前完工时间: 1662.00
2025-04-08 16:05:14,353 - DEBUG - 局部搜索未能改进当前解
2025-04-08 16:05:14,357 - DEBUG - 执行AGV分配局部搜索，当前完工时间: 1711.00
2025-04-08 16:05:14,361 - DEBUG - 局部搜索未能改进当前解
2025-04-08 16:05:14,365 - DEBUG - 执行AGV分配局部搜索，当前完工时间: 1706.00
2025-04-08 16:05:14,368 - DEBUG - 局部搜索未能改进当前解
2025-04-08 16:05:14,373 - DEBUG - 执行AGV分配局部搜索，当前完工时间: 1780.00
2025-04-08 16:05:14,376 - DEBUG - 局部搜索未能改进当前解
2025-04-08 16:05:14,380 - DEBUG - 执行AGV分配局部搜索，当前完工时间: 1625.00
2025-04-08 16:05:14,383 - DEBUG - 局部搜索未能改进当前解
2025-04-08 16:05:14,388 - DEBUG - 执行AGV分配局部搜索，当前完工时间: 1663.00
2025-04-08 16:05:14,391 - DEBUG - 局部搜索未能改进当前解
2025-04-08 16:05:14,395 - DEBUG - 执行AGV分配局部搜索，当前完工时间: 1694.00
2025-04-08 16:05:14,398 - DEBUG - 局部搜索未能改进当前解
2025-04-08 16:05:14,402 - DEBUG - 执行AGV分配局部搜索，当前完工时间: 1742.00
2025-04-08 16:05:14,406 - DEBUG - AGV分配局部搜索成功！完工时间从 1742.00 降低到 1736.00，改进: 6.00 (0.34%)
2025-04-08 16:05:14,409 - DEBUG - 执行AGV分配局部搜索，当前完工时间: 1789.00
2025-04-08 16:05:14,412 - DEBUG - 局部搜索未能改进当前解
2025-04-08 16:05:14,416 - DEBUG - 执行AGV分配局部搜索，当前完工时间: 1665.00
2025-04-08 16:05:14,421 - DEBUG - 局部搜索未能改进当前解
2025-04-08 16:05:14,424 - DEBUG - 执行AGV分配局部搜索，当前完工时间: 1682.00
2025-04-08 16:05:14,428 - DEBUG - 局部搜索未能改进当前解
2025-04-08 16:05:14,431 - DEBUG - 执行AGV分配局部搜索，当前完工时间: 1648.00
2025-04-08 16:05:14,436 - DEBUG - 局部搜索未能改进当前解
2025-04-08 16:05:14,440 - DEBUG - 执行AGV分配局部搜索，当前完工时间: 1728.00
2025-04-08 16:05:14,444 - DEBUG - 局部搜索未能改进当前解
2025-04-08 16:05:14,447 - DEBUG - 执行AGV分配局部搜索，当前完工时间: 1786.00
2025-04-08 16:05:14,452 - DEBUG - 局部搜索未能改进当前解
2025-04-08 16:05:14,457 - DEBUG - 执行AGV分配局部搜索，当前完工时间: 1705.00
2025-04-08 16:05:14,460 - DEBUG - 局部搜索未能改进当前解
2025-04-08 16:05:14,463 - DEBUG - 执行AGV分配局部搜索，当前完工时间: 1737.00
2025-04-08 16:05:14,468 - DEBUG - 局部搜索未能改进当前解
2025-04-08 16:05:14,468 - DEBUG - ==================================================
2025-04-08 16:05:14,468 - DEBUG - Efficiency Statistics of Local Search :
2025-04-08 16:05:14,468 - DEBUG - Number of attempts: 99
2025-04-08 16:05:14,468 - DEBUG - Average Success Rate: 17.17%
2025-04-08 16:05:14,468 - DEBUG - AGV Local Search Success: 17，Average Improvement: 24.29
2025-04-08 16:05:14,471 - DEBUG - 执行AGV分配局部搜索，当前完工时间: 1694.00
2025-04-08 16:05:14,475 - DEBUG - 局部搜索未能改进当前解
2025-04-08 16:05:14,480 - DEBUG - 执行AGV分配局部搜索，当前完工时间: 1660.00
2025-04-08 16:05:14,483 - DEBUG - 局部搜索未能改进当前解
2025-04-08 16:05:14,487 - DEBUG - 执行AGV分配局部搜索，当前完工时间: 1665.00
2025-04-08 16:05:14,491 - DEBUG - 局部搜索未能改进当前解
2025-04-08 16:05:14,494 - DEBUG - 执行AGV分配局部搜索，当前完工时间: 1654.00
2025-04-08 16:05:14,498 - DEBUG - 局部搜索未能改进当前解
2025-04-08 16:05:14,502 - DEBUG - 执行AGV分配局部搜索，当前完工时间: 1728.00
2025-04-08 16:05:14,505 - DEBUG - 局部搜索未能改进当前解
2025-04-08 16:05:14,509 - DEBUG - 执行AGV分配局部搜索，当前完工时间: 1664.00
2025-04-08 16:05:14,512 - DEBUG - 局部搜索未能改进当前解
2025-04-08 16:05:14,516 - DEBUG - 执行AGV分配局部搜索，当前完工时间: 1656.00
2025-04-08 16:05:14,520 - DEBUG - 局部搜索未能改进当前解
2025-04-08 16:05:14,523 - DEBUG - 执行AGV分配局部搜索，当前完工时间: 1729.00
2025-04-08 16:05:14,527 - DEBUG - 局部搜索未能改进当前解
2025-04-08 16:05:14,533 - DEBUG - 执行AGV分配局部搜索，当前完工时间: 1687.00
2025-04-08 16:05:14,536 - DEBUG - 局部搜索未能改进当前解
2025-04-08 16:05:14,541 - DEBUG - 执行AGV分配局部搜索，当前完工时间: 1678.00
2025-04-08 16:05:14,545 - DEBUG - 局部搜索未能改进当前解
2025-04-08 16:05:14,549 - DEBUG - 执行AGV分配局部搜索，当前完工时间: 1646.00
2025-04-08 16:05:14,552 - DEBUG - 局部搜索未能改进当前解
2025-04-08 16:05:14,555 - DEBUG - 执行AGV分配局部搜索，当前完工时间: 1651.00
2025-04-08 16:05:14,559 - DEBUG - 局部搜索未能改进当前解
2025-04-08 16:05:14,562 - DEBUG - 执行AGV分配局部搜索，当前完工时间: 1668.00
2025-04-08 16:05:14,567 - DEBUG - 局部搜索未能改进当前解
2025-04-08 16:05:14,570 - DEBUG - 执行AGV分配局部搜索，当前完工时间: 1696.00
2025-04-08 16:05:14,575 - DEBUG - AGV分配局部搜索成功！完工时间从 1696.00 降低到 1681.00，改进: 15.00 (0.88%)
2025-04-08 16:05:14,579 - DEBUG - 执行AGV分配局部搜索，当前完工时间: 1827.00
2025-04-08 16:05:14,583 - DEBUG - 局部搜索未能改进当前解
2025-04-08 16:05:14,586 - DEBUG - 执行AGV分配局部搜索，当前完工时间: 1655.00
2025-04-08 16:05:14,590 - DEBUG - 局部搜索未能改进当前解
2025-04-08 16:05:14,593 - DEBUG - 执行AGV分配局部搜索，当前完工时间: 1683.00
2025-04-08 16:05:14,597 - DEBUG - 局部搜索未能改进当前解
2025-04-08 16:05:14,601 - DEBUG - 执行AGV分配局部搜索，当前完工时间: 1724.00
2025-04-08 16:05:14,604 - DEBUG - 局部搜索未能改进当前解
2025-04-08 16:05:14,607 - DEBUG - 执行AGV分配局部搜索，当前完工时间: 1715.00
2025-04-08 16:05:14,612 - DEBUG - 局部搜索未能改进当前解
2025-04-08 16:05:14,616 - DEBUG - 执行AGV分配局部搜索，当前完工时间: 1663.00
2025-04-08 16:05:14,620 - DEBUG - 局部搜索未能改进当前解
2025-04-08 16:05:14,623 - DEBUG - 执行AGV分配局部搜索，当前完工时间: 1746.00
2025-04-08 16:05:14,626 - DEBUG - 局部搜索未能改进当前解
2025-04-08 16:05:14,631 - DEBUG - 执行AGV分配局部搜索，当前完工时间: 1780.00
2025-04-08 16:05:14,635 - DEBUG - AGV分配局部搜索成功！完工时间从 1780.00 降低到 1729.00，改进: 51.00 (2.87%)
2025-04-08 16:05:14,638 - DEBUG - 执行AGV分配局部搜索，当前完工时间: 1718.00
2025-04-08 16:05:14,643 - DEBUG - 局部搜索未能改进当前解
2025-04-08 16:05:14,646 - DEBUG - 执行AGV分配局部搜索，当前完工时间: 1688.00
2025-04-08 16:05:14,650 - DEBUG - AGV分配局部搜索成功！完工时间从 1688.00 降低到 1683.00，改进: 5.00 (0.30%)
2025-04-08 16:05:14,654 - DEBUG - 执行AGV分配局部搜索，当前完工时间: 1608.00
2025-04-08 16:05:14,657 - DEBUG - 局部搜索未能改进当前解
2025-04-08 16:05:14,662 - DEBUG - 执行AGV分配局部搜索，当前完工时间: 1665.00
2025-04-08 16:05:14,665 - DEBUG - 局部搜索未能改进当前解
2025-04-08 16:05:14,669 - DEBUG - 执行AGV分配局部搜索，当前完工时间: 1786.00
2025-04-08 16:05:14,672 - DEBUG - 局部搜索未能改进当前解
2025-04-08 16:05:14,676 - DEBUG - 执行AGV分配局部搜索，当前完工时间: 1626.00
2025-04-08 16:05:14,680 - DEBUG - 局部搜索未能改进当前解
2025-04-08 16:05:14,684 - DEBUG - 执行AGV分配局部搜索，当前完工时间: 1697.00
2025-04-08 16:05:14,687 - DEBUG - 局部搜索未能改进当前解
2025-04-08 16:05:14,691 - DEBUG - 执行AGV分配局部搜索，当前完工时间: 1710.00
2025-04-08 16:05:14,695 - DEBUG - 局部搜索未能改进当前解
2025-04-08 16:05:14,698 - DEBUG - 执行AGV分配局部搜索，当前完工时间: 1721.00
2025-04-08 16:05:14,702 - DEBUG - 局部搜索未能改进当前解
2025-04-08 16:05:14,706 - DEBUG - 执行AGV分配局部搜索，当前完工时间: 1722.00
2025-04-08 16:05:14,710 - DEBUG - 局部搜索未能改进当前解
2025-04-08 16:05:14,714 - DEBUG - 执行AGV分配局部搜索，当前完工时间: 1688.00
2025-04-08 16:05:14,718 - DEBUG - 局部搜索未能改进当前解
2025-04-08 16:05:14,721 - DEBUG - 执行AGV分配局部搜索，当前完工时间: 1820.00
2025-04-08 16:05:14,724 - DEBUG - 局部搜索未能改进当前解
2025-04-08 16:05:14,729 - DEBUG - 执行AGV分配局部搜索，当前完工时间: 1748.00
2025-04-08 16:05:14,733 - DEBUG - 局部搜索未能改进当前解
2025-04-08 16:05:14,736 - DEBUG - 执行AGV分配局部搜索，当前完工时间: 1621.00
2025-04-08 16:05:14,740 - DEBUG - 局部搜索未能改进当前解
2025-04-08 16:05:14,744 - DEBUG - 执行AGV分配局部搜索，当前完工时间: 1666.00
2025-04-08 16:05:14,747 - DEBUG - 局部搜索未能改进当前解
2025-04-08 16:05:14,752 - DEBUG - 执行AGV分配局部搜索，当前完工时间: 1777.00
2025-04-08 16:05:14,755 - DEBUG - 局部搜索未能改进当前解
2025-04-08 16:05:14,759 - DEBUG - 执行AGV分配局部搜索，当前完工时间: 1659.00
2025-04-08 16:05:14,762 - DEBUG - 局部搜索未能改进当前解
2025-04-08 16:05:14,765 - DEBUG - 执行AGV分配局部搜索，当前完工时间: 1676.00
2025-04-08 16:05:14,770 - DEBUG - 局部搜索未能改进当前解
2025-04-08 16:05:14,773 - DEBUG - 执行AGV分配局部搜索，当前完工时间: 1693.00
2025-04-08 16:05:14,777 - DEBUG - AGV分配局部搜索成功！完工时间从 1693.00 降低到 1688.00，改进: 5.00 (0.30%)
2025-04-08 16:05:14,780 - DEBUG - 执行AGV分配局部搜索，当前完工时间: 1622.00
2025-04-08 16:05:14,784 - DEBUG - 局部搜索未能改进当前解
2025-04-08 16:05:14,788 - DEBUG - 执行AGV分配局部搜索，当前完工时间: 1737.00
2025-04-08 16:05:14,792 - DEBUG - 局部搜索未能改进当前解
2025-04-08 16:05:14,795 - DEBUG - 执行AGV分配局部搜索，当前完工时间: 1666.00
2025-04-08 16:05:14,800 - DEBUG - 局部搜索未能改进当前解
2025-04-08 16:05:14,803 - DEBUG - 执行AGV分配局部搜索，当前完工时间: 1662.00
2025-04-08 16:05:14,806 - DEBUG - 局部搜索未能改进当前解
2025-04-08 16:05:14,811 - DEBUG - 执行AGV分配局部搜索，当前完工时间: 1676.00
2025-04-08 16:05:14,814 - DEBUG - 局部搜索未能改进当前解
2025-04-08 16:05:14,818 - DEBUG - 执行AGV分配局部搜索，当前完工时间: 1693.00
2025-04-08 16:05:14,822 - DEBUG - 局部搜索未能改进当前解
2025-04-08 16:05:14,826 - DEBUG - 执行AGV分配局部搜索，当前完工时间: 1624.00
2025-04-08 16:05:14,829 - DEBUG - 局部搜索未能改进当前解
2025-04-08 16:05:14,832 - DEBUG - 执行AGV分配局部搜索，当前完工时间: 1736.00
2025-04-08 16:05:14,837 - DEBUG - AGV分配局部搜索成功！完工时间从 1736.00 降低到 1701.00，改进: 35.00 (2.02%)
2025-04-08 16:05:14,840 - DEBUG - 执行AGV分配局部搜索，当前完工时间: 1862.00
2025-04-08 16:05:14,844 - DEBUG - 局部搜索未能改进当前解
2025-04-08 16:05:14,847 - DEBUG - 执行AGV分配局部搜索，当前完工时间: 1630.00
2025-04-08 16:05:14,852 - DEBUG - 局部搜索未能改进当前解
2025-04-08 16:05:14,855 - DEBUG - 执行AGV分配局部搜索，当前完工时间: 1692.00
2025-04-08 16:05:14,858 - DEBUG - 局部搜索未能改进当前解
2025-04-08 16:05:14,862 - DEBUG - 执行AGV分配局部搜索，当前完工时间: 1682.00
2025-04-08 16:05:14,865 - DEBUG - 局部搜索未能改进当前解
2025-04-08 16:05:14,869 - DEBUG - 执行AGV分配局部搜索，当前完工时间: 1752.00
2025-04-08 16:05:14,873 - DEBUG - 局部搜索未能改进当前解
2025-04-08 16:05:14,876 - DEBUG - 执行AGV分配局部搜索，当前完工时间: 1691.00
2025-04-08 16:05:14,880 - DEBUG - 局部搜索未能改进当前解
2025-04-08 16:05:14,884 - DEBUG - 执行AGV分配局部搜索，当前完工时间: 1697.00
2025-04-08 16:05:14,887 - DEBUG - 局部搜索未能改进当前解
2025-04-08 16:05:14,891 - DEBUG - 执行AGV分配局部搜索，当前完工时间: 1687.00
2025-04-08 16:05:14,895 - DEBUG - 局部搜索未能改进当前解
2025-04-08 16:05:14,899 - DEBUG - 执行AGV分配局部搜索，当前完工时间: 1662.00
2025-04-08 16:05:14,903 - DEBUG - 局部搜索未能改进当前解
2025-04-08 16:05:14,906 - DEBUG - 执行AGV分配局部搜索，当前完工时间: 1760.00
2025-04-08 16:05:14,910 - DEBUG - 局部搜索未能改进当前解
2025-04-08 16:05:14,914 - DEBUG - 执行AGV分配局部搜索，当前完工时间: 1694.00
2025-04-08 16:05:14,916 - DEBUG - 局部搜索未能改进当前解
2025-04-08 16:05:14,920 - DEBUG - 执行AGV分配局部搜索，当前完工时间: 1613.00
2025-04-08 16:05:14,924 - DEBUG - 局部搜索未能改进当前解
2025-04-08 16:05:14,928 - DEBUG - 执行AGV分配局部搜索，当前完工时间: 1768.00
2025-04-08 16:05:14,931 - DEBUG - 局部搜索未能改进当前解
2025-04-08 16:05:14,935 - DEBUG - 执行AGV分配局部搜索，当前完工时间: 1664.00
2025-04-08 16:05:14,938 - DEBUG - 局部搜索未能改进当前解
2025-04-08 16:05:14,942 - DEBUG - 执行AGV分配局部搜索，当前完工时间: 1694.00
2025-04-08 16:05:14,945 - DEBUG - 局部搜索未能改进当前解
2025-04-08 16:05:14,950 - DEBUG - 执行AGV分配局部搜索，当前完工时间: 1772.00
2025-04-08 16:05:14,953 - DEBUG - 局部搜索未能改进当前解
2025-04-08 16:05:14,957 - DEBUG - 执行AGV分配局部搜索，当前完工时间: 1730.00
2025-04-08 16:05:14,960 - DEBUG - 局部搜索未能改进当前解
2025-04-08 16:05:14,965 - DEBUG - 执行AGV分配局部搜索，当前完工时间: 1750.00
2025-04-08 16:05:14,969 - DEBUG - 局部搜索未能改进当前解
2025-04-08 16:05:14,972 - DEBUG - 执行AGV分配局部搜索，当前完工时间: 1694.00
2025-04-08 16:05:14,976 - DEBUG - AGV分配局部搜索成功！完工时间从 1694.00 降低到 1689.00，改进: 5.00 (0.30%)
2025-04-08 16:05:14,979 - DEBUG - 执行AGV分配局部搜索，当前完工时间: 1653.00
2025-04-08 16:05:14,983 - DEBUG - 局部搜索未能改进当前解
2025-04-08 16:05:14,987 - DEBUG - 执行AGV分配局部搜索，当前完工时间: 1730.00
2025-04-08 16:05:14,990 - DEBUG - 局部搜索未能改进当前解
2025-04-08 16:05:14,994 - DEBUG - 执行AGV分配局部搜索，当前完工时间: 1676.00
2025-04-08 16:05:14,997 - DEBUG - 局部搜索未能改进当前解
2025-04-08 16:05:15,001 - DEBUG - 执行AGV分配局部搜索，当前完工时间: 1682.00
2025-04-08 16:05:15,005 - DEBUG - 局部搜索未能改进当前解
2025-04-08 16:05:15,009 - DEBUG - 执行AGV分配局部搜索，当前完工时间: 1676.00
2025-04-08 16:05:15,012 - DEBUG - 局部搜索未能改进当前解
2025-04-08 16:05:15,016 - DEBUG - 执行AGV分配局部搜索，当前完工时间: 1628.00
2025-04-08 16:05:15,019 - DEBUG - 局部搜索未能改进当前解
2025-04-08 16:05:15,023 - DEBUG - 执行AGV分配局部搜索，当前完工时间: 1647.00
2025-04-08 16:05:15,027 - DEBUG - 局部搜索未能改进当前解
2025-04-08 16:05:15,030 - DEBUG - 执行AGV分配局部搜索，当前完工时间: 1640.00
2025-04-08 16:05:15,033 - DEBUG - 局部搜索未能改进当前解
2025-04-08 16:05:15,037 - DEBUG - 执行AGV分配局部搜索，当前完工时间: 1694.00
2025-04-08 16:05:15,041 - DEBUG - 局部搜索未能改进当前解
2025-04-08 16:05:15,045 - DEBUG - 执行AGV分配局部搜索，当前完工时间: 1676.00
2025-04-08 16:05:15,049 - DEBUG - 局部搜索未能改进当前解
2025-04-08 16:05:15,052 - DEBUG - 执行AGV分配局部搜索，当前完工时间: 1606.00
2025-04-08 16:05:15,056 - DEBUG - 局部搜索未能改进当前解
2025-04-08 16:05:15,060 - DEBUG - 执行AGV分配局部搜索，当前完工时间: 1752.00
2025-04-08 16:05:15,064 - DEBUG - AGV分配局部搜索成功！完工时间从 1752.00 降低到 1745.00，改进: 7.00 (0.40%)
2025-04-08 16:05:15,068 - DEBUG - 执行AGV分配局部搜索，当前完工时间: 1708.00
2025-04-08 16:05:15,072 - DEBUG - AGV分配局部搜索成功！完工时间从 1708.00 降低到 1694.00，改进: 14.00 (0.82%)
2025-04-08 16:05:15,075 - DEBUG - 执行AGV分配局部搜索，当前完工时间: 1694.00
2025-04-08 16:05:15,080 - DEBUG - 局部搜索未能改进当前解
2025-04-08 16:05:15,083 - DEBUG - 执行AGV分配局部搜索，当前完工时间: 1677.00
2025-04-08 16:05:15,087 - DEBUG - 局部搜索未能改进当前解
2025-04-08 16:05:15,092 - DEBUG - 执行AGV分配局部搜索，当前完工时间: 1705.00
2025-04-08 16:05:15,095 - DEBUG - 局部搜索未能改进当前解
2025-04-08 16:05:15,099 - DEBUG - 执行AGV分配局部搜索，当前完工时间: 1776.00
2025-04-08 16:05:15,103 - DEBUG - 局部搜索未能改进当前解
2025-04-08 16:05:15,107 - DEBUG - 执行AGV分配局部搜索，当前完工时间: 1736.00
2025-04-08 16:05:15,110 - DEBUG - 局部搜索未能改进当前解
2025-04-08 16:05:15,114 - DEBUG - 执行AGV分配局部搜索，当前完工时间: 1663.00
2025-04-08 16:05:15,118 - DEBUG - 局部搜索未能改进当前解
2025-04-08 16:05:15,122 - DEBUG - 执行AGV分配局部搜索，当前完工时间: 1712.00
2025-04-08 16:05:15,125 - DEBUG - 局部搜索未能改进当前解
2025-04-08 16:05:15,129 - DEBUG - 执行AGV分配局部搜索，当前完工时间: 1753.00
2025-04-08 16:05:15,132 - DEBUG - 局部搜索未能改进当前解
2025-04-08 16:05:15,136 - DEBUG - 执行AGV分配局部搜索，当前完工时间: 1703.00
2025-04-08 16:05:15,140 - DEBUG - AGV分配局部搜索成功！完工时间从 1703.00 降低到 1700.00，改进: 3.00 (0.18%)
2025-04-08 16:05:15,144 - DEBUG - 执行AGV分配局部搜索，当前完工时间: 1637.00
2025-04-08 16:05:15,148 - DEBUG - 局部搜索未能改进当前解
2025-04-08 16:05:15,152 - DEBUG - 执行AGV分配局部搜索，当前完工时间: 1759.00
2025-04-08 16:05:15,155 - DEBUG - 局部搜索未能改进当前解
2025-04-08 16:05:15,159 - DEBUG - 执行AGV分配局部搜索，当前完工时间: 1805.00
2025-04-08 16:05:15,162 - DEBUG - 局部搜索未能改进当前解
2025-04-08 16:05:15,167 - DEBUG - 执行AGV分配局部搜索，当前完工时间: 1720.00
2025-04-08 16:05:15,170 - DEBUG - 局部搜索未能改进当前解
2025-04-08 16:05:15,174 - DEBUG - 执行AGV分配局部搜索，当前完工时间: 1662.00
2025-04-08 16:05:15,177 - DEBUG - 局部搜索未能改进当前解
2025-04-08 16:05:15,181 - DEBUG - 执行AGV分配局部搜索，当前完工时间: 1708.00
2025-04-08 16:05:15,185 - DEBUG - AGV分配局部搜索成功！完工时间从 1708.00 降低到 1682.00，改进: 26.00 (1.52%)
2025-04-08 16:05:15,188 - DEBUG - 执行AGV分配局部搜索，当前完工时间: 1716.00
2025-04-08 16:05:15,192 - DEBUG - 局部搜索未能改进当前解
2025-04-08 16:05:15,195 - DEBUG - 执行AGV分配局部搜索，当前完工时间: 1700.00
2025-04-08 16:05:15,199 - DEBUG - AGV分配局部搜索成功！完工时间从 1700.00 降低到 1674.00，改进: 26.00 (1.53%)
2025-04-08 16:05:15,202 - DEBUG - 执行AGV分配局部搜索，当前完工时间: 1674.00
2025-04-08 16:05:15,206 - DEBUG - 局部搜索未能改进当前解
2025-04-08 16:05:15,207 - DEBUG - ==================================================
2025-04-08 16:05:15,207 - DEBUG - Efficiency Statistics of Local Search :
2025-04-08 16:05:15,207 - DEBUG - Number of attempts: 99
2025-04-08 16:05:15,207 - DEBUG - Average Success Rate: 11.11%
2025-04-08 16:05:15,207 - DEBUG - AGV Local Search Success: 11，Average Improvement: 17.45
2025-04-08 16:05:15,211 - DEBUG - 执行AGV分配局部搜索，当前完工时间: 1669.00
2025-04-08 16:05:15,214 - DEBUG - 局部搜索未能改进当前解
2025-04-08 16:05:15,218 - DEBUG - 执行AGV分配局部搜索，当前完工时间: 1666.00
2025-04-08 16:05:15,222 - DEBUG - 局部搜索未能改进当前解
2025-04-08 16:05:15,226 - DEBUG - 执行AGV分配局部搜索，当前完工时间: 1680.00
2025-04-08 16:05:15,230 - DEBUG - 局部搜索未能改进当前解
2025-04-08 16:05:15,233 - DEBUG - 执行AGV分配局部搜索，当前完工时间: 1801.00
2025-04-08 16:05:15,237 - DEBUG - 局部搜索未能改进当前解
2025-04-08 16:05:15,241 - DEBUG - 执行AGV分配局部搜索，当前完工时间: 1760.00
2025-04-08 16:05:15,244 - DEBUG - 局部搜索未能改进当前解
2025-04-08 16:05:15,247 - DEBUG - 执行AGV分配局部搜索，当前完工时间: 1724.00
2025-04-08 16:05:15,251 - DEBUG - 局部搜索未能改进当前解
2025-04-08 16:05:15,255 - DEBUG - 执行AGV分配局部搜索，当前完工时间: 1687.00
2025-04-08 16:05:15,259 - DEBUG - 局部搜索未能改进当前解
2025-04-08 16:05:15,263 - DEBUG - 执行AGV分配局部搜索，当前完工时间: 1650.00
2025-04-08 16:05:15,266 - DEBUG - 局部搜索未能改进当前解
2025-04-08 16:05:15,270 - DEBUG - 执行AGV分配局部搜索，当前完工时间: 1649.00
2025-04-08 16:05:15,274 - DEBUG - 局部搜索未能改进当前解
2025-04-08 16:05:15,278 - DEBUG - 执行AGV分配局部搜索，当前完工时间: 1765.00
2025-04-08 16:05:15,281 - DEBUG - 局部搜索未能改进当前解
2025-04-08 16:05:15,285 - DEBUG - 执行AGV分配局部搜索，当前完工时间: 1680.00
2025-04-08 16:05:15,290 - DEBUG - 局部搜索未能改进当前解
2025-04-08 16:05:15,293 - DEBUG - 执行AGV分配局部搜索，当前完工时间: 1727.00
2025-04-08 16:05:15,297 - DEBUG - 局部搜索未能改进当前解
2025-04-08 16:05:15,301 - DEBUG - 执行AGV分配局部搜索，当前完工时间: 1699.00
2025-04-08 16:05:15,304 - DEBUG - 局部搜索未能改进当前解
2025-04-08 16:05:15,309 - DEBUG - 执行AGV分配局部搜索，当前完工时间: 1666.00
2025-04-08 16:05:15,312 - DEBUG - 局部搜索未能改进当前解
2025-04-08 16:05:15,316 - DEBUG - 执行AGV分配局部搜索，当前完工时间: 1656.00
2025-04-08 16:05:15,320 - DEBUG - 局部搜索未能改进当前解
2025-04-08 16:05:15,324 - DEBUG - 执行AGV分配局部搜索，当前完工时间: 1662.00
2025-04-08 16:05:15,328 - DEBUG - 局部搜索未能改进当前解
2025-04-08 16:05:15,331 - DEBUG - 执行AGV分配局部搜索，当前完工时间: 1701.00
2025-04-08 16:05:15,334 - DEBUG - 局部搜索未能改进当前解
2025-04-08 16:05:15,339 - DEBUG - 执行AGV分配局部搜索，当前完工时间: 1634.00
2025-04-08 16:05:15,343 - DEBUG - 局部搜索未能改进当前解
2025-04-08 16:05:15,346 - DEBUG - 执行AGV分配局部搜索，当前完工时间: 1753.00
2025-04-08 16:05:15,350 - DEBUG - 局部搜索未能改进当前解
2025-04-08 16:05:15,353 - DEBUG - 执行AGV分配局部搜索，当前完工时间: 1651.00
2025-04-08 16:05:15,357 - DEBUG - 局部搜索未能改进当前解
2025-04-08 16:05:15,361 - DEBUG - 执行AGV分配局部搜索，当前完工时间: 1746.00
2025-04-08 16:05:15,364 - DEBUG - 局部搜索未能改进当前解
2025-04-08 16:05:15,368 - DEBUG - 执行AGV分配局部搜索，当前完工时间: 1679.00
2025-04-08 16:05:15,371 - DEBUG - 局部搜索未能改进当前解
2025-04-08 16:05:15,375 - DEBUG - 执行AGV分配局部搜索，当前完工时间: 1682.00
2025-04-08 16:05:15,378 - DEBUG - 局部搜索未能改进当前解
2025-04-08 16:05:15,382 - DEBUG - 执行AGV分配局部搜索，当前完工时间: 1631.00
2025-04-08 16:05:15,386 - DEBUG - 局部搜索未能改进当前解
2025-04-08 16:05:15,390 - DEBUG - 执行AGV分配局部搜索，当前完工时间: 1725.00
2025-04-08 16:05:15,393 - DEBUG - AGV分配局部搜索成功！完工时间从 1725.00 降低到 1698.00，改进: 27.00 (1.57%)
2025-04-08 16:05:15,397 - DEBUG - 执行AGV分配局部搜索，当前完工时间: 1693.00
2025-04-08 16:05:15,400 - DEBUG - 局部搜索未能改进当前解
2025-04-08 16:05:15,404 - DEBUG - 执行AGV分配局部搜索，当前完工时间: 1674.00
2025-04-08 16:05:15,407 - DEBUG - 局部搜索未能改进当前解
2025-04-08 16:05:15,412 - DEBUG - 执行AGV分配局部搜索，当前完工时间: 1740.00
2025-04-08 16:05:15,416 - DEBUG - 局部搜索未能改进当前解
2025-04-08 16:05:15,420 - DEBUG - 执行AGV分配局部搜索，当前完工时间: 1710.00
2025-04-08 16:05:15,423 - DEBUG - 局部搜索未能改进当前解
2025-04-08 16:05:15,427 - DEBUG - 执行AGV分配局部搜索，当前完工时间: 1643.00
2025-04-08 16:05:15,431 - DEBUG - AGV分配局部搜索成功！完工时间从 1643.00 降低到 1641.00，改进: 2.00 (0.12%)
2025-04-08 16:05:15,434 - DEBUG - 执行AGV分配局部搜索，当前完工时间: 1688.00
2025-04-08 16:05:15,437 - DEBUG - 局部搜索未能改进当前解
2025-04-08 16:05:15,442 - DEBUG - 执行AGV分配局部搜索，当前完工时间: 1727.00
2025-04-08 16:05:15,445 - DEBUG - 局部搜索未能改进当前解
2025-04-08 16:05:15,449 - DEBUG - 执行AGV分配局部搜索，当前完工时间: 1670.00
2025-04-08 16:05:15,452 - DEBUG - 局部搜索未能改进当前解
2025-04-08 16:05:15,456 - DEBUG - 执行AGV分配局部搜索，当前完工时间: 1718.00
2025-04-08 16:05:15,460 - DEBUG - 局部搜索未能改进当前解
2025-04-08 16:05:15,464 - DEBUG - 执行AGV分配局部搜索，当前完工时间: 1660.00
2025-04-08 16:05:15,468 - DEBUG - 局部搜索未能改进当前解
2025-04-08 16:05:15,472 - DEBUG - 执行AGV分配局部搜索，当前完工时间: 1685.00
2025-04-08 16:05:15,475 - DEBUG - 局部搜索未能改进当前解
2025-04-08 16:05:15,479 - DEBUG - 执行AGV分配局部搜索，当前完工时间: 1669.00
2025-04-08 16:05:15,483 - DEBUG - 局部搜索未能改进当前解
2025-04-08 16:05:15,487 - DEBUG - 执行AGV分配局部搜索，当前完工时间: 1673.00
2025-04-08 16:05:15,491 - DEBUG - AGV分配局部搜索成功！完工时间从 1673.00 降低到 1626.00，改进: 47.00 (2.81%)
2025-04-08 16:05:15,495 - DEBUG - 执行AGV分配局部搜索，当前完工时间: 1771.00
2025-04-08 16:05:15,499 - DEBUG - 局部搜索未能改进当前解
2025-04-08 16:05:15,502 - DEBUG - 执行AGV分配局部搜索，当前完工时间: 1678.00
2025-04-08 16:05:15,506 - DEBUG - 局部搜索未能改进当前解
2025-04-08 16:05:15,510 - DEBUG - 执行AGV分配局部搜索，当前完工时间: 1682.00
2025-04-08 16:05:15,514 - DEBUG - 局部搜索未能改进当前解
2025-04-08 16:05:15,518 - DEBUG - 执行AGV分配局部搜索，当前完工时间: 1731.00
2025-04-08 16:05:15,521 - DEBUG - 局部搜索未能改进当前解
2025-04-08 16:05:15,525 - DEBUG - 执行AGV分配局部搜索，当前完工时间: 1679.00
2025-04-08 16:05:15,529 - DEBUG - 局部搜索未能改进当前解
2025-04-08 16:05:15,532 - DEBUG - 执行AGV分配局部搜索，当前完工时间: 1740.00
2025-04-08 16:05:15,536 - DEBUG - 局部搜索未能改进当前解
2025-04-08 16:05:15,541 - DEBUG - 执行AGV分配局部搜索，当前完工时间: 1796.00
2025-04-08 16:05:15,545 - DEBUG - 局部搜索未能改进当前解
2025-04-08 16:05:15,547 - DEBUG - 执行AGV分配局部搜索，当前完工时间: 1757.00
2025-04-08 16:05:15,552 - DEBUG - 局部搜索未能改进当前解
2025-04-08 16:05:15,556 - DEBUG - 执行AGV分配局部搜索，当前完工时间: 1795.00
2025-04-08 16:05:15,560 - DEBUG - 局部搜索未能改进当前解
2025-04-08 16:05:15,564 - DEBUG - 执行AGV分配局部搜索，当前完工时间: 1687.00
2025-04-08 16:05:15,568 - DEBUG - 局部搜索未能改进当前解
2025-04-08 16:05:15,572 - DEBUG - 执行AGV分配局部搜索，当前完工时间: 1672.00
2025-04-08 16:05:15,576 - DEBUG - 局部搜索未能改进当前解
2025-04-08 16:05:15,580 - DEBUG - 执行AGV分配局部搜索，当前完工时间: 1628.00
2025-04-08 16:05:15,583 - DEBUG - 局部搜索未能改进当前解
2025-04-08 16:05:15,587 - DEBUG - 执行AGV分配局部搜索，当前完工时间: 1691.00
2025-04-08 16:05:15,591 - DEBUG - 局部搜索未能改进当前解
2025-04-08 16:05:15,594 - DEBUG - 执行AGV分配局部搜索，当前完工时间: 1678.00
2025-04-08 16:05:15,599 - DEBUG - 局部搜索未能改进当前解
2025-04-08 16:05:15,602 - DEBUG - 执行AGV分配局部搜索，当前完工时间: 1690.00
2025-04-08 16:05:15,605 - DEBUG - 局部搜索未能改进当前解
2025-04-08 16:05:15,610 - DEBUG - 执行AGV分配局部搜索，当前完工时间: 1655.00
2025-04-08 16:05:15,612 - DEBUG - 局部搜索未能改进当前解
2025-04-08 16:05:15,617 - DEBUG - 执行AGV分配局部搜索，当前完工时间: 1664.00
2025-04-08 16:05:15,621 - DEBUG - 局部搜索未能改进当前解
2025-04-08 16:05:15,625 - DEBUG - 执行AGV分配局部搜索，当前完工时间: 1753.00
2025-04-08 16:05:15,629 - DEBUG - AGV分配局部搜索成功！完工时间从 1753.00 降低到 1741.00，改进: 12.00 (0.68%)
2025-04-08 16:05:15,633 - DEBUG - 执行AGV分配局部搜索，当前完工时间: 1764.00
2025-04-08 16:05:15,636 - DEBUG - 局部搜索未能改进当前解
2025-04-08 16:05:15,640 - DEBUG - 执行AGV分配局部搜索，当前完工时间: 1647.00
2025-04-08 16:05:15,643 - DEBUG - 局部搜索未能改进当前解
2025-04-08 16:05:15,647 - DEBUG - 执行AGV分配局部搜索，当前完工时间: 1646.00
2025-04-08 16:05:15,651 - DEBUG - 局部搜索未能改进当前解
2025-04-08 16:05:15,654 - DEBUG - 执行AGV分配局部搜索，当前完工时间: 1772.00
2025-04-08 16:05:15,658 - DEBUG - 局部搜索未能改进当前解
2025-04-08 16:05:15,662 - DEBUG - 执行AGV分配局部搜索，当前完工时间: 1746.00
2025-04-08 16:05:15,666 - DEBUG - 局部搜索未能改进当前解
2025-04-08 16:05:15,669 - DEBUG - 执行AGV分配局部搜索，当前完工时间: 1733.00
2025-04-08 16:05:15,673 - DEBUG - 局部搜索未能改进当前解
2025-04-08 16:05:15,676 - DEBUG - 执行AGV分配局部搜索，当前完工时间: 1673.00
2025-04-08 16:05:15,680 - DEBUG - 局部搜索未能改进当前解
2025-04-08 16:05:15,685 - DEBUG - 执行AGV分配局部搜索，当前完工时间: 1711.00
2025-04-08 16:05:15,687 - DEBUG - 局部搜索未能改进当前解
2025-04-08 16:05:15,691 - DEBUG - 执行AGV分配局部搜索，当前完工时间: 1666.00
2025-04-08 16:05:15,695 - DEBUG - 局部搜索未能改进当前解
2025-04-08 16:05:15,698 - DEBUG - 执行AGV分配局部搜索，当前完工时间: 1675.00
2025-04-08 16:05:15,703 - DEBUG - 局部搜索未能改进当前解
2025-04-08 16:05:15,706 - DEBUG - 执行AGV分配局部搜索，当前完工时间: 1730.00
2025-04-08 16:05:15,710 - DEBUG - 局部搜索未能改进当前解
2025-04-08 16:05:15,714 - DEBUG - 执行AGV分配局部搜索，当前完工时间: 1758.00
2025-04-08 16:05:15,717 - DEBUG - AGV分配局部搜索成功！完工时间从 1758.00 降低到 1752.00，改进: 6.00 (0.34%)
2025-04-08 16:05:15,720 - DEBUG - 执行AGV分配局部搜索，当前完工时间: 1726.00
2025-04-08 16:05:15,724 - DEBUG - 局部搜索未能改进当前解
2025-04-08 16:05:15,728 - DEBUG - 执行AGV分配局部搜索，当前完工时间: 1606.00
2025-04-08 16:05:15,732 - DEBUG - 局部搜索未能改进当前解
2025-04-08 16:05:15,735 - DEBUG - 执行AGV分配局部搜索，当前完工时间: 1760.00
2025-04-08 16:05:15,738 - DEBUG - 局部搜索未能改进当前解
2025-04-08 16:05:15,743 - DEBUG - 执行AGV分配局部搜索，当前完工时间: 1694.00
2025-04-08 16:05:15,746 - DEBUG - 局部搜索未能改进当前解
2025-04-08 16:05:15,750 - DEBUG - 执行AGV分配局部搜索，当前完工时间: 1667.00
2025-04-08 16:05:15,754 - DEBUG - 局部搜索未能改进当前解
2025-04-08 16:05:15,757 - DEBUG - 执行AGV分配局部搜索，当前完工时间: 1679.00
2025-04-08 16:05:15,760 - DEBUG - 局部搜索未能改进当前解
2025-04-08 16:05:15,764 - DEBUG - 执行AGV分配局部搜索，当前完工时间: 1652.00
2025-04-08 16:05:15,768 - DEBUG - 局部搜索未能改进当前解
2025-04-08 16:05:15,772 - DEBUG - 执行AGV分配局部搜索，当前完工时间: 1728.00
2025-04-08 16:05:15,776 - DEBUG - 局部搜索未能改进当前解
2025-04-08 16:05:15,780 - DEBUG - 执行AGV分配局部搜索，当前完工时间: 1753.00
2025-04-08 16:05:15,783 - DEBUG - 局部搜索未能改进当前解
2025-04-08 16:05:15,787 - DEBUG - 执行AGV分配局部搜索，当前完工时间: 1839.00
2025-04-08 16:05:15,791 - DEBUG - 局部搜索未能改进当前解
2025-04-08 16:05:15,795 - DEBUG - 执行AGV分配局部搜索，当前完工时间: 1769.00
2025-04-08 16:05:15,798 - DEBUG - AGV分配局部搜索成功！完工时间从 1769.00 降低到 1759.00，改进: 10.00 (0.57%)
2025-04-08 16:05:15,801 - DEBUG - 执行AGV分配局部搜索，当前完工时间: 1675.00
2025-04-08 16:05:15,805 - DEBUG - 局部搜索未能改进当前解
2025-04-08 16:05:15,808 - DEBUG - 执行AGV分配局部搜索，当前完工时间: 1663.00
2025-04-08 16:05:15,812 - DEBUG - 局部搜索未能改进当前解
2025-04-08 16:05:15,816 - DEBUG - 执行AGV分配局部搜索，当前完工时间: 1717.00
2025-04-08 16:05:15,819 - DEBUG - AGV分配局部搜索成功！完工时间从 1717.00 降低到 1716.00，改进: 1.00 (0.06%)
2025-04-08 16:05:15,823 - DEBUG - 执行AGV分配局部搜索，当前完工时间: 1643.00
2025-04-08 16:05:15,827 - DEBUG - 局部搜索未能改进当前解
2025-04-08 16:05:15,831 - DEBUG - 执行AGV分配局部搜索，当前完工时间: 1967.00
2025-04-08 16:05:15,835 - DEBUG - 局部搜索未能改进当前解
2025-04-08 16:05:15,838 - DEBUG - 执行AGV分配局部搜索，当前完工时间: 1647.00
2025-04-08 16:05:15,842 - DEBUG - 局部搜索未能改进当前解
2025-04-08 16:05:15,845 - DEBUG - 执行AGV分配局部搜索，当前完工时间: 1732.00
2025-04-08 16:05:15,849 - DEBUG - AGV分配局部搜索成功！完工时间从 1732.00 降低到 1653.00，改进: 79.00 (4.56%)
2025-04-08 16:05:15,854 - DEBUG - 执行AGV分配局部搜索，当前完工时间: 1740.00
2025-04-08 16:05:15,857 - DEBUG - AGV分配局部搜索成功！完工时间从 1740.00 降低到 1721.00，改进: 19.00 (1.09%)
2025-04-08 16:05:15,862 - DEBUG - 执行AGV分配局部搜索，当前完工时间: 1746.00
2025-04-08 16:05:15,865 - DEBUG - 局部搜索未能改进当前解
2025-04-08 16:05:15,869 - DEBUG - 执行AGV分配局部搜索，当前完工时间: 1687.00
2025-04-08 16:05:15,872 - DEBUG - AGV分配局部搜索成功！完工时间从 1687.00 降低到 1656.00，改进: 31.00 (1.84%)
2025-04-08 16:05:15,875 - DEBUG - 执行AGV分配局部搜索，当前完工时间: 1768.00
2025-04-08 16:05:15,880 - DEBUG - 局部搜索未能改进当前解
2025-04-08 16:05:15,884 - DEBUG - 执行AGV分配局部搜索，当前完工时间: 1679.00
2025-04-08 16:05:15,887 - DEBUG - 局部搜索未能改进当前解
2025-04-08 16:05:15,891 - DEBUG - 执行AGV分配局部搜索，当前完工时间: 1694.00
2025-04-08 16:05:15,895 - DEBUG - 局部搜索未能改进当前解
2025-04-08 16:05:15,898 - DEBUG - 执行AGV分配局部搜索，当前完工时间: 1663.00
2025-04-08 16:05:15,902 - DEBUG - 局部搜索未能改进当前解
2025-04-08 16:05:15,906 - DEBUG - 执行AGV分配局部搜索，当前完工时间: 1745.00
2025-04-08 16:05:15,910 - DEBUG - 局部搜索未能改进当前解
2025-04-08 16:05:15,914 - DEBUG - 执行AGV分配局部搜索，当前完工时间: 1693.00
2025-04-08 16:05:15,916 - DEBUG - 局部搜索未能改进当前解
2025-04-08 16:05:15,920 - DEBUG - 执行AGV分配局部搜索，当前完工时间: 1667.00
2025-04-08 16:05:15,924 - DEBUG - 局部搜索未能改进当前解
2025-04-08 16:05:15,928 - DEBUG - 执行AGV分配局部搜索，当前完工时间: 1712.00
2025-04-08 16:05:15,932 - DEBUG - 局部搜索未能改进当前解
2025-04-08 16:05:15,935 - DEBUG - 执行AGV分配局部搜索，当前完工时间: 1681.00
2025-04-08 16:05:15,938 - DEBUG - 局部搜索未能改进当前解
2025-04-08 16:05:15,942 - DEBUG - 执行AGV分配局部搜索，当前完工时间: 1663.00
2025-04-08 16:05:15,947 - DEBUG - 局部搜索未能改进当前解
2025-04-08 16:05:15,947 - DEBUG - ==================================================
2025-04-08 16:05:15,947 - DEBUG - Efficiency Statistics of Local Search :
2025-04-08 16:05:15,947 - DEBUG - Number of attempts: 99
2025-04-08 16:05:15,947 - DEBUG - Average Success Rate: 10.10%
2025-04-08 16:05:15,947 - DEBUG - AGV Local Search Success: 10，Average Improvement: 23.40
2025-04-08 16:05:15,951 - DEBUG - 执行AGV分配局部搜索，当前完工时间: 1638.00
2025-04-08 16:05:15,954 - DEBUG - 局部搜索未能改进当前解
2025-04-08 16:05:15,958 - DEBUG - 执行AGV分配局部搜索，当前完工时间: 1638.00
2025-04-08 16:05:15,962 - DEBUG - 局部搜索未能改进当前解
2025-04-08 16:05:15,966 - DEBUG - 执行AGV分配局部搜索，当前完工时间: 1726.00
2025-04-08 16:05:15,970 - DEBUG - 局部搜索未能改进当前解
2025-04-08 16:05:15,974 - DEBUG - 执行AGV分配局部搜索，当前完工时间: 1670.00
2025-04-08 16:05:15,976 - DEBUG - AGV分配局部搜索成功！完工时间从 1670.00 降低到 1667.00，改进: 3.00 (0.18%)
2025-04-08 16:05:15,981 - DEBUG - 执行AGV分配局部搜索，当前完工时间: 1741.00
2025-04-08 16:05:15,985 - DEBUG - 局部搜索未能改进当前解
2025-04-08 16:05:15,987 - DEBUG - 执行AGV分配局部搜索，当前完工时间: 1689.00
2025-04-08 16:05:15,993 - DEBUG - 局部搜索未能改进当前解
2025-04-08 16:05:15,997 - DEBUG - 执行AGV分配局部搜索，当前完工时间: 1650.00
2025-04-08 16:05:16,001 - DEBUG - 局部搜索未能改进当前解
2025-04-08 16:05:16,005 - DEBUG - 执行AGV分配局部搜索，当前完工时间: 1669.00
2025-04-08 16:05:16,009 - DEBUG - 局部搜索未能改进当前解
2025-04-08 16:05:16,013 - DEBUG - 执行AGV分配局部搜索，当前完工时间: 1713.00
2025-04-08 16:05:16,016 - DEBUG - AGV分配局部搜索成功！完工时间从 1713.00 降低到 1709.00，改进: 4.00 (0.23%)
2025-04-08 16:05:16,020 - DEBUG - 执行AGV分配局部搜索，当前完工时间: 1686.00
2025-04-08 16:05:16,025 - DEBUG - 局部搜索未能改进当前解
2025-04-08 16:05:16,028 - DEBUG - 执行AGV分配局部搜索，当前完工时间: 1797.00
2025-04-08 16:05:16,032 - DEBUG - AGV分配局部搜索成功！完工时间从 1797.00 降低到 1773.00，改进: 24.00 (1.34%)
2025-04-08 16:05:16,035 - DEBUG - 执行AGV分配局部搜索，当前完工时间: 1736.00
2025-04-08 16:05:16,039 - DEBUG - 局部搜索未能改进当前解
2025-04-08 16:05:16,043 - DEBUG - 执行AGV分配局部搜索，当前完工时间: 1690.00
2025-04-08 16:05:16,046 - DEBUG - 局部搜索未能改进当前解
2025-04-08 16:05:16,050 - DEBUG - 执行AGV分配局部搜索，当前完工时间: 1665.00
2025-04-08 16:05:16,054 - DEBUG - 局部搜索未能改进当前解
2025-04-08 16:05:16,058 - DEBUG - 执行AGV分配局部搜索，当前完工时间: 1773.00
2025-04-08 16:05:16,062 - DEBUG - 局部搜索未能改进当前解
2025-04-08 16:05:16,066 - DEBUG - 执行AGV分配局部搜索，当前完工时间: 1643.00
2025-04-08 16:05:16,070 - DEBUG - 局部搜索未能改进当前解
2025-04-08 16:05:16,073 - DEBUG - 执行AGV分配局部搜索，当前完工时间: 1686.00
2025-04-08 16:05:16,077 - DEBUG - 局部搜索未能改进当前解
2025-04-08 16:05:16,080 - DEBUG - 执行AGV分配局部搜索，当前完工时间: 1639.00
2025-04-08 16:05:16,086 - DEBUG - 局部搜索未能改进当前解
2025-04-08 16:05:16,091 - DEBUG - 执行AGV分配局部搜索，当前完工时间: 1691.00
2025-04-08 16:05:16,094 - DEBUG - 局部搜索未能改进当前解
2025-04-08 16:05:16,099 - DEBUG - 执行AGV分配局部搜索，当前完工时间: 1629.00
2025-04-08 16:05:16,103 - DEBUG - AGV分配局部搜索成功！完工时间从 1629.00 降低到 1624.00，改进: 5.00 (0.31%)
2025-04-08 16:05:16,106 - DEBUG - 执行AGV分配局部搜索，当前完工时间: 1649.00
2025-04-08 16:05:16,110 - DEBUG - 局部搜索未能改进当前解
2025-04-08 16:05:16,114 - DEBUG - 执行AGV分配局部搜索，当前完工时间: 1710.00
2025-04-08 16:05:16,118 - DEBUG - AGV分配局部搜索成功！完工时间从 1710.00 降低到 1654.00，改进: 56.00 (3.27%)
2025-04-08 16:05:16,121 - DEBUG - 执行AGV分配局部搜索，当前完工时间: 1647.00
2025-04-08 16:05:16,125 - DEBUG - AGV分配局部搜索成功！完工时间从 1647.00 降低到 1623.00，改进: 24.00 (1.46%)
2025-04-08 16:05:16,129 - DEBUG - 执行AGV分配局部搜索，当前完工时间: 1669.00
2025-04-08 16:05:16,132 - DEBUG - 局部搜索未能改进当前解
2025-04-08 16:05:16,136 - DEBUG - 执行AGV分配局部搜索，当前完工时间: 1755.00
2025-04-08 16:05:16,140 - DEBUG - 局部搜索未能改进当前解
2025-04-08 16:05:16,144 - DEBUG - 执行AGV分配局部搜索，当前完工时间: 1745.00
2025-04-08 16:05:16,147 - DEBUG - 局部搜索未能改进当前解
2025-04-08 16:05:16,151 - DEBUG - 执行AGV分配局部搜索，当前完工时间: 1759.00
2025-04-08 16:05:16,154 - DEBUG - 局部搜索未能改进当前解
2025-04-08 16:05:16,160 - DEBUG - 执行AGV分配局部搜索，当前完工时间: 1666.00
2025-04-08 16:05:16,162 - DEBUG - 局部搜索未能改进当前解
2025-04-08 16:05:16,166 - DEBUG - 执行AGV分配局部搜索，当前完工时间: 1642.00
2025-04-08 16:05:16,171 - DEBUG - 局部搜索未能改进当前解
2025-04-08 16:05:16,174 - DEBUG - 执行AGV分配局部搜索，当前完工时间: 1739.00
2025-04-08 16:05:16,178 - DEBUG - 局部搜索未能改进当前解
2025-04-08 16:05:16,182 - DEBUG - 执行AGV分配局部搜索，当前完工时间: 1734.00
2025-04-08 16:05:16,185 - DEBUG - 局部搜索未能改进当前解
2025-04-08 16:05:16,188 - DEBUG - 执行AGV分配局部搜索，当前完工时间: 1628.00
2025-04-08 16:05:16,193 - DEBUG - 局部搜索未能改进当前解
2025-04-08 16:05:16,196 - DEBUG - 执行AGV分配局部搜索，当前完工时间: 1726.00
2025-04-08 16:05:16,200 - DEBUG - AGV分配局部搜索成功！完工时间从 1726.00 降低到 1716.00，改进: 10.00 (0.58%)
2025-04-08 16:05:16,203 - DEBUG - 执行AGV分配局部搜索，当前完工时间: 1734.00
2025-04-08 16:05:16,208 - DEBUG - AGV分配局部搜索成功！完工时间从 1734.00 降低到 1718.00，改进: 16.00 (0.92%)
2025-04-08 16:05:16,211 - DEBUG - 执行AGV分配局部搜索，当前完工时间: 1705.00
2025-04-08 16:05:16,214 - DEBUG - 局部搜索未能改进当前解
2025-04-08 16:05:16,218 - DEBUG - 执行AGV分配局部搜索，当前完工时间: 1643.00
2025-04-08 16:05:16,223 - DEBUG - 局部搜索未能改进当前解
2025-04-08 16:05:16,226 - DEBUG - 执行AGV分配局部搜索，当前完工时间: 1699.00
2025-04-08 16:05:16,231 - DEBUG - 局部搜索未能改进当前解
2025-04-08 16:05:16,234 - DEBUG - 执行AGV分配局部搜索，当前完工时间: 1690.00
2025-04-08 16:05:16,239 - DEBUG - 局部搜索未能改进当前解
2025-04-08 16:05:16,243 - DEBUG - 执行AGV分配局部搜索，当前完工时间: 1791.00
2025-04-08 16:05:16,246 - DEBUG - 局部搜索未能改进当前解
2025-04-08 16:05:16,250 - DEBUG - 执行AGV分配局部搜索，当前完工时间: 1686.00
2025-04-08 16:05:16,253 - DEBUG - 局部搜索未能改进当前解
2025-04-08 16:05:16,257 - DEBUG - 执行AGV分配局部搜索，当前完工时间: 1691.00
2025-04-08 16:05:16,260 - DEBUG - 局部搜索未能改进当前解
2025-04-08 16:05:16,264 - DEBUG - 执行AGV分配局部搜索，当前完工时间: 1748.00
2025-04-08 16:05:16,269 - DEBUG - 局部搜索未能改进当前解
2025-04-08 16:05:16,273 - DEBUG - 执行AGV分配局部搜索，当前完工时间: 1659.00
2025-04-08 16:05:16,276 - DEBUG - 局部搜索未能改进当前解
2025-04-08 16:05:16,279 - DEBUG - 执行AGV分配局部搜索，当前完工时间: 1638.00
2025-04-08 16:05:16,282 - DEBUG - 局部搜索未能改进当前解
2025-04-08 16:05:16,287 - DEBUG - 执行AGV分配局部搜索，当前完工时间: 1772.00
2025-04-08 16:05:16,290 - DEBUG - 局部搜索未能改进当前解
2025-04-08 16:05:16,294 - DEBUG - 执行AGV分配局部搜索，当前完工时间: 1689.00
2025-04-08 16:05:16,297 - DEBUG - 局部搜索未能改进当前解
2025-04-08 16:05:16,302 - DEBUG - 执行AGV分配局部搜索，当前完工时间: 1631.00
2025-04-08 16:05:16,306 - DEBUG - 局部搜索未能改进当前解
2025-04-08 16:05:16,309 - DEBUG - 执行AGV分配局部搜索，当前完工时间: 1680.00
2025-04-08 16:05:16,312 - DEBUG - 局部搜索未能改进当前解
2025-04-08 16:05:16,316 - DEBUG - 执行AGV分配局部搜索，当前完工时间: 1746.00
2025-04-08 16:05:16,321 - DEBUG - 局部搜索未能改进当前解
2025-04-08 16:05:16,324 - DEBUG - 执行AGV分配局部搜索，当前完工时间: 1628.00
2025-04-08 16:05:16,326 - DEBUG - 局部搜索未能改进当前解
2025-04-08 16:05:16,332 - DEBUG - 执行AGV分配局部搜索，当前完工时间: 1693.00
2025-04-08 16:05:16,335 - DEBUG - 局部搜索未能改进当前解
2025-04-08 16:05:16,339 - DEBUG - 执行AGV分配局部搜索，当前完工时间: 1647.00
2025-04-08 16:05:16,342 - DEBUG - 局部搜索未能改进当前解
2025-04-08 16:05:16,346 - DEBUG - 执行AGV分配局部搜索，当前完工时间: 1712.00
2025-04-08 16:05:16,349 - DEBUG - 局部搜索未能改进当前解
2025-04-08 16:05:16,353 - DEBUG - 执行AGV分配局部搜索，当前完工时间: 1719.00
2025-04-08 16:05:16,356 - DEBUG - 局部搜索未能改进当前解
2025-04-08 16:05:16,360 - DEBUG - 执行AGV分配局部搜索，当前完工时间: 1763.00
2025-04-08 16:05:16,364 - DEBUG - AGV分配局部搜索成功！完工时间从 1763.00 降低到 1689.00，改进: 74.00 (4.20%)
2025-04-08 16:05:16,368 - DEBUG - 执行AGV分配局部搜索，当前完工时间: 1659.00
2025-04-08 16:05:16,370 - DEBUG - 局部搜索未能改进当前解
2025-04-08 16:05:16,375 - DEBUG - 执行AGV分配局部搜索，当前完工时间: 1781.00
2025-04-08 16:05:16,379 - DEBUG - 局部搜索未能改进当前解
2025-04-08 16:05:16,384 - DEBUG - 执行AGV分配局部搜索，当前完工时间: 1699.00
2025-04-08 16:05:16,387 - DEBUG - 局部搜索未能改进当前解
2025-04-08 16:05:16,392 - DEBUG - 执行AGV分配局部搜索，当前完工时间: 1655.00
2025-04-08 16:05:16,395 - DEBUG - 局部搜索未能改进当前解
2025-04-08 16:05:16,400 - DEBUG - 执行AGV分配局部搜索，当前完工时间: 1698.00
2025-04-08 16:05:16,403 - DEBUG - 局部搜索未能改进当前解
2025-04-08 16:05:16,407 - DEBUG - 执行AGV分配局部搜索，当前完工时间: 1641.00
2025-04-08 16:05:16,410 - DEBUG - 局部搜索未能改进当前解
2025-04-08 16:05:16,413 - DEBUG - 执行AGV分配局部搜索，当前完工时间: 1647.00
2025-04-08 16:05:16,417 - DEBUG - 局部搜索未能改进当前解
2025-04-08 16:05:16,421 - DEBUG - 执行AGV分配局部搜索，当前完工时间: 1713.00
2025-04-08 16:05:16,425 - DEBUG - 局部搜索未能改进当前解
2025-04-08 16:05:16,429 - DEBUG - 执行AGV分配局部搜索，当前完工时间: 1693.00
2025-04-08 16:05:16,432 - DEBUG - AGV分配局部搜索成功！完工时间从 1693.00 降低到 1686.00，改进: 7.00 (0.41%)
2025-04-08 16:05:16,436 - DEBUG - 执行AGV分配局部搜索，当前完工时间: 1610.00
2025-04-08 16:05:16,440 - DEBUG - 局部搜索未能改进当前解
2025-04-08 16:05:16,444 - DEBUG - 执行AGV分配局部搜索，当前完工时间: 1743.00
2025-04-08 16:05:16,447 - DEBUG - 局部搜索未能改进当前解
2025-04-08 16:05:16,452 - DEBUG - 执行AGV分配局部搜索，当前完工时间: 1661.00
2025-04-08 16:05:16,455 - DEBUG - 局部搜索未能改进当前解
2025-04-08 16:05:16,459 - DEBUG - 执行AGV分配局部搜索，当前完工时间: 1663.00
2025-04-08 16:05:16,462 - DEBUG - 局部搜索未能改进当前解
2025-04-08 16:05:16,466 - DEBUG - 执行AGV分配局部搜索，当前完工时间: 1700.00
2025-04-08 16:05:16,470 - DEBUG - AGV分配局部搜索成功！完工时间从 1700.00 降低到 1682.00，改进: 18.00 (1.06%)
2025-04-08 16:05:16,475 - DEBUG - 执行AGV分配局部搜索，当前完工时间: 1622.00
2025-04-08 16:05:16,478 - DEBUG - 局部搜索未能改进当前解
2025-04-08 16:05:16,482 - DEBUG - 执行AGV分配局部搜索，当前完工时间: 1775.00
2025-04-08 16:05:16,487 - DEBUG - 局部搜索未能改进当前解
2025-04-08 16:05:16,491 - DEBUG - 执行AGV分配局部搜索，当前完工时间: 1677.00
2025-04-08 16:05:16,494 - DEBUG - 局部搜索未能改进当前解
2025-04-08 16:05:16,497 - DEBUG - 执行AGV分配局部搜索，当前完工时间: 1730.00
2025-04-08 16:05:16,502 - DEBUG - 局部搜索未能改进当前解
2025-04-08 16:05:16,507 - DEBUG - 执行AGV分配局部搜索，当前完工时间: 1636.00
2025-04-08 16:05:16,510 - DEBUG - 局部搜索未能改进当前解
2025-04-08 16:05:16,514 - DEBUG - 执行AGV分配局部搜索，当前完工时间: 1705.00
2025-04-08 16:05:16,518 - DEBUG - 局部搜索未能改进当前解
2025-04-08 16:05:16,522 - DEBUG - 执行AGV分配局部搜索，当前完工时间: 1743.00
2025-04-08 16:05:16,525 - DEBUG - 局部搜索未能改进当前解
2025-04-08 16:05:16,529 - DEBUG - 执行AGV分配局部搜索，当前完工时间: 1777.00
2025-04-08 16:05:16,533 - DEBUG - 局部搜索未能改进当前解
2025-04-08 16:05:16,538 - DEBUG - 执行AGV分配局部搜索，当前完工时间: 1813.00
2025-04-08 16:05:16,541 - DEBUG - 局部搜索未能改进当前解
2025-04-08 16:05:16,545 - DEBUG - 执行AGV分配局部搜索，当前完工时间: 1659.00
2025-04-08 16:05:16,547 - DEBUG - 局部搜索未能改进当前解
2025-04-08 16:05:16,552 - DEBUG - 执行AGV分配局部搜索，当前完工时间: 1712.00
2025-04-08 16:05:16,555 - DEBUG - AGV分配局部搜索成功！完工时间从 1712.00 降低到 1701.00，改进: 11.00 (0.64%)
2025-04-08 16:05:16,559 - DEBUG - 执行AGV分配局部搜索，当前完工时间: 1648.00
2025-04-08 16:05:16,562 - DEBUG - 局部搜索未能改进当前解
2025-04-08 16:05:16,566 - DEBUG - 执行AGV分配局部搜索，当前完工时间: 1690.00
2025-04-08 16:05:16,570 - DEBUG - 局部搜索未能改进当前解
2025-04-08 16:05:16,574 - DEBUG - 执行AGV分配局部搜索，当前完工时间: 1700.00
2025-04-08 16:05:16,578 - DEBUG - 局部搜索未能改进当前解
2025-04-08 16:05:16,582 - DEBUG - 执行AGV分配局部搜索，当前完工时间: 1707.00
2025-04-08 16:05:16,585 - DEBUG - 局部搜索未能改进当前解
2025-04-08 16:05:16,588 - DEBUG - 执行AGV分配局部搜索，当前完工时间: 1602.00
2025-04-08 16:05:16,593 - DEBUG - 局部搜索未能改进当前解
2025-04-08 16:05:16,597 - DEBUG - 执行AGV分配局部搜索，当前完工时间: 1768.00
2025-04-08 16:05:16,601 - DEBUG - 局部搜索未能改进当前解
2025-04-08 16:05:16,605 - DEBUG - 执行AGV分配局部搜索，当前完工时间: 1662.00
2025-04-08 16:05:16,608 - DEBUG - 局部搜索未能改进当前解
2025-04-08 16:05:16,612 - DEBUG - 执行AGV分配局部搜索，当前完工时间: 1737.00
2025-04-08 16:05:16,615 - DEBUG - 局部搜索未能改进当前解
2025-04-08 16:05:16,619 - DEBUG - 执行AGV分配局部搜索，当前完工时间: 1657.00
2025-04-08 16:05:16,623 - DEBUG - 局部搜索未能改进当前解
2025-04-08 16:05:16,626 - DEBUG - 执行AGV分配局部搜索，当前完工时间: 1788.00
2025-04-08 16:05:16,630 - DEBUG - 局部搜索未能改进当前解
2025-04-08 16:05:16,634 - DEBUG - 执行AGV分配局部搜索，当前完工时间: 1707.00
2025-04-08 16:05:16,638 - DEBUG - 局部搜索未能改进当前解
2025-04-08 16:05:16,642 - DEBUG - 执行AGV分配局部搜索，当前完工时间: 1632.00
2025-04-08 16:05:16,645 - DEBUG - 局部搜索未能改进当前解
2025-04-08 16:05:16,649 - DEBUG - 执行AGV分配局部搜索，当前完工时间: 1758.00
2025-04-08 16:05:16,652 - DEBUG - 局部搜索未能改进当前解
2025-04-08 16:05:16,656 - DEBUG - 执行AGV分配局部搜索，当前完工时间: 1656.00
2025-04-08 16:05:16,660 - DEBUG - 局部搜索未能改进当前解
2025-04-08 16:05:16,663 - DEBUG - 执行AGV分配局部搜索，当前完工时间: 1740.00
2025-04-08 16:05:16,667 - DEBUG - 局部搜索未能改进当前解
2025-04-08 16:05:16,670 - DEBUG - 执行AGV分配局部搜索，当前完工时间: 1743.00
2025-04-08 16:05:16,674 - DEBUG - 局部搜索未能改进当前解
2025-04-08 16:05:16,678 - DEBUG - 执行AGV分配局部搜索，当前完工时间: 1653.00
2025-04-08 16:05:16,681 - DEBUG - 局部搜索未能改进当前解
2025-04-08 16:05:16,685 - DEBUG - 执行AGV分配局部搜索，当前完工时间: 1667.00
2025-04-08 16:05:16,688 - DEBUG - 局部搜索未能改进当前解
2025-04-08 16:05:16,692 - DEBUG - 执行AGV分配局部搜索，当前完工时间: 1695.00
2025-04-08 16:05:16,695 - DEBUG - 局部搜索未能改进当前解
2025-04-08 16:05:16,695 - DEBUG - ==================================================
2025-04-08 16:05:16,695 - DEBUG - Efficiency Statistics of Local Search :
2025-04-08 16:05:16,695 - DEBUG - Number of attempts: 99
2025-04-08 16:05:16,695 - DEBUG - Average Success Rate: 12.12%
2025-04-08 16:05:16,695 - DEBUG - AGV Local Search Success: 12，Average Improvement: 21.00
2025-04-08 16:05:16,700 - DEBUG - 执行AGV分配局部搜索，当前完工时间: 1710.00
2025-04-08 16:05:16,704 - DEBUG - 局部搜索未能改进当前解
2025-04-08 16:05:16,708 - DEBUG - 执行AGV分配局部搜索，当前完工时间: 1659.00
2025-04-08 16:05:16,711 - DEBUG - 局部搜索未能改进当前解
2025-04-08 16:05:16,715 - DEBUG - 执行AGV分配局部搜索，当前完工时间: 1709.00
2025-04-08 16:05:16,719 - DEBUG - 局部搜索未能改进当前解
2025-04-08 16:05:16,724 - DEBUG - 执行AGV分配局部搜索，当前完工时间: 1666.00
2025-04-08 16:05:16,728 - DEBUG - 局部搜索未能改进当前解
2025-04-08 16:05:16,732 - DEBUG - 执行AGV分配局部搜索，当前完工时间: 1645.00
2025-04-08 16:05:16,736 - DEBUG - 局部搜索未能改进当前解
2025-04-08 16:05:16,741 - DEBUG - 执行AGV分配局部搜索，当前完工时间: 1757.00
2025-04-08 16:05:16,745 - DEBUG - 局部搜索未能改进当前解
2025-04-08 16:05:16,747 - DEBUG - 执行AGV分配局部搜索，当前完工时间: 1673.00
2025-04-08 16:05:16,752 - DEBUG - 局部搜索未能改进当前解
2025-04-08 16:05:16,755 - DEBUG - 执行AGV分配局部搜索，当前完工时间: 1641.00
2025-04-08 16:05:16,759 - DEBUG - 局部搜索未能改进当前解
2025-04-08 16:05:16,763 - DEBUG - 执行AGV分配局部搜索，当前完工时间: 1718.00
2025-04-08 16:05:16,766 - DEBUG - 局部搜索未能改进当前解
2025-04-08 16:05:16,770 - DEBUG - 执行AGV分配局部搜索，当前完工时间: 1602.00
2025-04-08 16:05:16,774 - DEBUG - 局部搜索未能改进当前解
2025-04-08 16:05:16,777 - DEBUG - 执行AGV分配局部搜索，当前完工时间: 1644.00
2025-04-08 16:05:16,781 - DEBUG - 局部搜索未能改进当前解
2025-04-08 16:05:16,784 - DEBUG - 执行AGV分配局部搜索，当前完工时间: 1695.00
2025-04-08 16:05:16,788 - DEBUG - 局部搜索未能改进当前解
2025-04-08 16:05:16,793 - DEBUG - 执行AGV分配局部搜索，当前完工时间: 1667.00
2025-04-08 16:05:16,797 - DEBUG - 局部搜索未能改进当前解
2025-04-08 16:05:16,801 - DEBUG - 执行AGV分配局部搜索，当前完工时间: 1760.00
2025-04-08 16:05:16,805 - DEBUG - 局部搜索未能改进当前解
2025-04-08 16:05:16,809 - DEBUG - 执行AGV分配局部搜索，当前完工时间: 1634.00
2025-04-08 16:05:16,812 - DEBUG - 局部搜索未能改进当前解
2025-04-08 16:05:16,818 - DEBUG - 执行AGV分配局部搜索，当前完工时间: 1681.00
2025-04-08 16:05:16,822 - DEBUG - 局部搜索未能改进当前解
2025-04-08 16:05:16,825 - DEBUG - 执行AGV分配局部搜索，当前完工时间: 1711.00
2025-04-08 16:05:16,829 - DEBUG - 局部搜索未能改进当前解
2025-04-08 16:05:16,833 - DEBUG - 执行AGV分配局部搜索，当前完工时间: 1717.00
2025-04-08 16:05:16,836 - DEBUG - 局部搜索未能改进当前解
2025-04-08 16:05:16,840 - DEBUG - 执行AGV分配局部搜索，当前完工时间: 1641.00
2025-04-08 16:05:16,844 - DEBUG - 局部搜索未能改进当前解
2025-04-08 16:05:16,847 - DEBUG - 执行AGV分配局部搜索，当前完工时间: 1648.00
2025-04-08 16:05:16,851 - DEBUG - 局部搜索未能改进当前解
2025-04-08 16:05:16,855 - DEBUG - 执行AGV分配局部搜索，当前完工时间: 1668.00
2025-04-08 16:05:16,858 - DEBUG - 局部搜索未能改进当前解
2025-04-08 16:05:16,862 - DEBUG - 执行AGV分配局部搜索，当前完工时间: 1746.00
2025-04-08 16:05:16,866 - DEBUG - 局部搜索未能改进当前解
2025-04-08 16:05:16,870 - DEBUG - 执行AGV分配局部搜索，当前完工时间: 1688.00
2025-04-08 16:05:16,873 - DEBUG - 局部搜索未能改进当前解
2025-04-08 16:05:16,876 - DEBUG - 执行AGV分配局部搜索，当前完工时间: 1669.00
2025-04-08 16:05:16,880 - DEBUG - 局部搜索未能改进当前解
2025-04-08 16:05:16,884 - DEBUG - 执行AGV分配局部搜索，当前完工时间: 1637.00
2025-04-08 16:05:16,888 - DEBUG - 局部搜索未能改进当前解
2025-04-08 16:05:16,891 - DEBUG - 执行AGV分配局部搜索，当前完工时间: 1703.00
2025-04-08 16:05:16,895 - DEBUG - 局部搜索未能改进当前解
2025-04-08 16:05:16,899 - DEBUG - 执行AGV分配局部搜索，当前完工时间: 1636.00
2025-04-08 16:05:16,903 - DEBUG - AGV分配局部搜索成功！完工时间从 1636.00 降低到 1613.00，改进: 23.00 (1.41%)
2025-04-08 16:05:16,907 - DEBUG - 执行AGV分配局部搜索，当前完工时间: 1759.00
2025-04-08 16:05:16,910 - DEBUG - 局部搜索未能改进当前解
2025-04-08 16:05:16,914 - DEBUG - 执行AGV分配局部搜索，当前完工时间: 1705.00
2025-04-08 16:05:16,919 - DEBUG - AGV分配局部搜索成功！完工时间从 1705.00 降低到 1686.00，改进: 19.00 (1.11%)
2025-04-08 16:05:16,922 - DEBUG - 执行AGV分配局部搜索，当前完工时间: 1649.00
2025-04-08 16:05:16,926 - DEBUG - 局部搜索未能改进当前解
2025-04-08 16:05:16,929 - DEBUG - 执行AGV分配局部搜索，当前完工时间: 1657.00
2025-04-08 16:05:16,933 - DEBUG - 局部搜索未能改进当前解
2025-04-08 16:05:16,936 - DEBUG - 执行AGV分配局部搜索，当前完工时间: 1645.00
2025-04-08 16:05:16,941 - DEBUG - 局部搜索未能改进当前解
2025-04-08 16:05:16,944 - DEBUG - 执行AGV分配局部搜索，当前完工时间: 1677.00
2025-04-08 16:05:16,947 - DEBUG - 局部搜索未能改进当前解
2025-04-08 16:05:16,951 - DEBUG - 执行AGV分配局部搜索，当前完工时间: 1659.00
2025-04-08 16:05:16,955 - DEBUG - 局部搜索未能改进当前解
2025-04-08 16:05:16,959 - DEBUG - 执行AGV分配局部搜索，当前完工时间: 1649.00
2025-04-08 16:05:16,962 - DEBUG - 局部搜索未能改进当前解
2025-04-08 16:05:16,965 - DEBUG - 执行AGV分配局部搜索，当前完工时间: 1623.00
2025-04-08 16:05:16,970 - DEBUG - 局部搜索未能改进当前解
2025-04-08 16:05:16,973 - DEBUG - 执行AGV分配局部搜索，当前完工时间: 1682.00
2025-04-08 16:05:16,976 - DEBUG - 局部搜索未能改进当前解
2025-04-08 16:05:16,981 - DEBUG - 执行AGV分配局部搜索，当前完工时间: 1656.00
2025-04-08 16:05:16,985 - DEBUG - 局部搜索未能改进当前解
2025-04-08 16:05:16,989 - DEBUG - 执行AGV分配局部搜索，当前完工时间: 1690.00
2025-04-08 16:05:16,992 - DEBUG - 局部搜索未能改进当前解
2025-04-08 16:05:16,995 - DEBUG - 执行AGV分配局部搜索，当前完工时间: 1673.00
2025-04-08 16:05:16,999 - DEBUG - AGV分配局部搜索成功！完工时间从 1673.00 降低到 1667.00，改进: 6.00 (0.36%)
2025-04-08 16:05:17,004 - DEBUG - 执行AGV分配局部搜索，当前完工时间: 1665.00
2025-04-08 16:05:17,008 - DEBUG - 局部搜索未能改进当前解
2025-04-08 16:05:17,011 - DEBUG - 执行AGV分配局部搜索，当前完工时间: 1666.00
2025-04-08 16:05:17,015 - DEBUG - 局部搜索未能改进当前解
2025-04-08 16:05:17,018 - DEBUG - 执行AGV分配局部搜索，当前完工时间: 1698.00
2025-04-08 16:05:17,022 - DEBUG - 局部搜索未能改进当前解
2025-04-08 16:05:17,025 - DEBUG - 执行AGV分配局部搜索，当前完工时间: 1703.00
2025-04-08 16:05:17,029 - DEBUG - 局部搜索未能改进当前解
2025-04-08 16:05:17,034 - DEBUG - 执行AGV分配局部搜索，当前完工时间: 1624.00
2025-04-08 16:05:17,038 - DEBUG - 局部搜索未能改进当前解
2025-04-08 16:05:17,042 - DEBUG - 执行AGV分配局部搜索，当前完工时间: 1678.00
2025-04-08 16:05:17,045 - DEBUG - AGV分配局部搜索成功！完工时间从 1678.00 降低到 1665.00，改进: 13.00 (0.77%)
2025-04-08 16:05:17,050 - DEBUG - 执行AGV分配局部搜索，当前完工时间: 1695.00
2025-04-08 16:05:17,053 - DEBUG - 局部搜索未能改进当前解
2025-04-08 16:05:17,057 - DEBUG - 执行AGV分配局部搜索，当前完工时间: 1667.00
2025-04-08 16:05:17,060 - DEBUG - 局部搜索未能改进当前解
2025-04-08 16:05:17,064 - DEBUG - 执行AGV分配局部搜索，当前完工时间: 1691.00
2025-04-08 16:05:17,068 - DEBUG - 局部搜索未能改进当前解
2025-04-08 16:05:17,072 - DEBUG - 执行AGV分配局部搜索，当前完工时间: 1725.00
2025-04-08 16:05:17,075 - DEBUG - 局部搜索未能改进当前解
2025-04-08 16:05:17,080 - DEBUG - 执行AGV分配局部搜索，当前完工时间: 1642.00
2025-04-08 16:05:17,084 - DEBUG - 局部搜索未能改进当前解
2025-04-08 16:05:17,089 - DEBUG - 执行AGV分配局部搜索，当前完工时间: 1696.00
2025-04-08 16:05:17,092 - DEBUG - 局部搜索未能改进当前解
2025-04-08 16:05:17,097 - DEBUG - 执行AGV分配局部搜索，当前完工时间: 1752.00
2025-04-08 16:05:17,100 - DEBUG - AGV分配局部搜索成功！完工时间从 1752.00 降低到 1729.00，改进: 23.00 (1.31%)
2025-04-08 16:05:17,104 - DEBUG - 执行AGV分配局部搜索，当前完工时间: 1673.00
2025-04-08 16:05:17,108 - DEBUG - 局部搜索未能改进当前解
2025-04-08 16:05:17,114 - DEBUG - 执行AGV分配局部搜索，当前完工时间: 1713.00
2025-04-08 16:05:17,118 - DEBUG - 局部搜索未能改进当前解
2025-04-08 16:05:17,120 - DEBUG - 执行AGV分配局部搜索，当前完工时间: 1866.00
2025-04-08 16:05:17,125 - DEBUG - 局部搜索未能改进当前解
2025-04-08 16:05:17,130 - DEBUG - 执行AGV分配局部搜索，当前完工时间: 1602.00
2025-04-08 16:05:17,133 - DEBUG - 局部搜索未能改进当前解
2025-04-08 16:05:17,137 - DEBUG - 执行AGV分配局部搜索，当前完工时间: 1733.00
2025-04-08 16:05:17,141 - DEBUG - AGV分配局部搜索成功！完工时间从 1733.00 降低到 1721.00，改进: 12.00 (0.69%)
2025-04-08 16:05:17,145 - DEBUG - 执行AGV分配局部搜索，当前完工时间: 1656.00
2025-04-08 16:05:17,148 - DEBUG - 局部搜索未能改进当前解
2025-04-08 16:05:17,153 - DEBUG - 执行AGV分配局部搜索，当前完工时间: 1739.00
2025-04-08 16:05:17,156 - DEBUG - AGV分配局部搜索成功！完工时间从 1739.00 降低到 1691.00，改进: 48.00 (2.76%)
2025-04-08 16:05:17,160 - DEBUG - 执行AGV分配局部搜索，当前完工时间: 1653.00
2025-04-08 16:05:17,164 - DEBUG - 局部搜索未能改进当前解
2025-04-08 16:05:17,167 - DEBUG - 执行AGV分配局部搜索，当前完工时间: 1661.00
2025-04-08 16:05:17,170 - DEBUG - 局部搜索未能改进当前解
2025-04-08 16:05:17,175 - DEBUG - 执行AGV分配局部搜索，当前完工时间: 1638.00
2025-04-08 16:05:17,178 - DEBUG - 局部搜索未能改进当前解
2025-04-08 16:05:17,182 - DEBUG - 执行AGV分配局部搜索，当前完工时间: 1669.00
2025-04-08 16:05:17,185 - DEBUG - 局部搜索未能改进当前解
2025-04-08 16:05:17,189 - DEBUG - 执行AGV分配局部搜索，当前完工时间: 1817.00
2025-04-08 16:05:17,193 - DEBUG - 局部搜索未能改进当前解
2025-04-08 16:05:17,196 - DEBUG - 执行AGV分配局部搜索，当前完工时间: 1715.00
2025-04-08 16:05:17,200 - DEBUG - AGV分配局部搜索成功！完工时间从 1715.00 降低到 1697.00，改进: 18.00 (1.05%)
2025-04-08 16:05:17,204 - DEBUG - 执行AGV分配局部搜索，当前完工时间: 1782.00
2025-04-08 16:05:17,207 - DEBUG - 局部搜索未能改进当前解
2025-04-08 16:05:17,211 - DEBUG - 执行AGV分配局部搜索，当前完工时间: 1716.00
2025-04-08 16:05:17,215 - DEBUG - 局部搜索未能改进当前解
2025-04-08 16:05:17,220 - DEBUG - 执行AGV分配局部搜索，当前完工时间: 1752.00
2025-04-08 16:05:17,223 - DEBUG - 局部搜索未能改进当前解
2025-04-08 16:05:17,228 - DEBUG - 执行AGV分配局部搜索，当前完工时间: 1658.00
2025-04-08 16:05:17,232 - DEBUG - 局部搜索未能改进当前解
2025-04-08 16:05:17,235 - DEBUG - 执行AGV分配局部搜索，当前完工时间: 1695.00
2025-04-08 16:05:17,239 - DEBUG - 局部搜索未能改进当前解
2025-04-08 16:05:17,242 - DEBUG - 执行AGV分配局部搜索，当前完工时间: 1667.00
2025-04-08 16:05:17,245 - DEBUG - 局部搜索未能改进当前解
2025-04-08 16:05:17,249 - DEBUG - 执行AGV分配局部搜索，当前完工时间: 1648.00
2025-04-08 16:05:17,255 - DEBUG - 局部搜索未能改进当前解
2025-04-08 16:05:17,259 - DEBUG - 执行AGV分配局部搜索，当前完工时间: 1602.00
2025-04-08 16:05:17,263 - DEBUG - 局部搜索未能改进当前解
2025-04-08 16:05:17,266 - DEBUG - 执行AGV分配局部搜索，当前完工时间: 1678.00
2025-04-08 16:05:17,270 - DEBUG - 局部搜索未能改进当前解
2025-04-08 16:05:17,273 - DEBUG - 执行AGV分配局部搜索，当前完工时间: 1689.00
2025-04-08 16:05:17,276 - DEBUG - 局部搜索未能改进当前解
2025-04-08 16:05:17,280 - DEBUG - 执行AGV分配局部搜索，当前完工时间: 1642.00
2025-04-08 16:05:17,283 - DEBUG - 局部搜索未能改进当前解
2025-04-08 16:05:17,288 - DEBUG - 执行AGV分配局部搜索，当前完工时间: 1722.00
2025-04-08 16:05:17,291 - DEBUG - 局部搜索未能改进当前解
2025-04-08 16:05:17,295 - DEBUG - 执行AGV分配局部搜索，当前完工时间: 1780.00
2025-04-08 16:05:17,299 - DEBUG - 局部搜索未能改进当前解
2025-04-08 16:05:17,303 - DEBUG - 执行AGV分配局部搜索，当前完工时间: 1665.00
2025-04-08 16:05:17,306 - DEBUG - 局部搜索未能改进当前解
2025-04-08 16:05:17,311 - DEBUG - 执行AGV分配局部搜索，当前完工时间: 1666.00
2025-04-08 16:05:17,314 - DEBUG - 局部搜索未能改进当前解
2025-04-08 16:05:17,318 - DEBUG - 执行AGV分配局部搜索，当前完工时间: 1677.00
2025-04-08 16:05:17,321 - DEBUG - 局部搜索未能改进当前解
2025-04-08 16:05:17,325 - DEBUG - 执行AGV分配局部搜索，当前完工时间: 1726.00
2025-04-08 16:05:17,329 - DEBUG - 局部搜索未能改进当前解
2025-04-08 16:05:17,333 - DEBUG - 执行AGV分配局部搜索，当前完工时间: 1651.00
2025-04-08 16:05:17,337 - DEBUG - AGV分配局部搜索成功！完工时间从 1651.00 降低到 1641.00，改进: 10.00 (0.61%)
2025-04-08 16:05:17,341 - DEBUG - 执行AGV分配局部搜索，当前完工时间: 1720.00
2025-04-08 16:05:17,344 - DEBUG - 局部搜索未能改进当前解
2025-04-08 16:05:17,347 - DEBUG - 执行AGV分配局部搜索，当前完工时间: 1705.00
2025-04-08 16:05:17,351 - DEBUG - 局部搜索未能改进当前解
2025-04-08 16:05:17,355 - DEBUG - 执行AGV分配局部搜索，当前完工时间: 1728.00
2025-04-08 16:05:17,359 - DEBUG - AGV分配局部搜索成功！完工时间从 1728.00 降低到 1681.00，改进: 47.00 (2.72%)
2025-04-08 16:05:17,362 - DEBUG - 执行AGV分配局部搜索，当前完工时间: 1689.00
2025-04-08 16:05:17,366 - DEBUG - 局部搜索未能改进当前解
2025-04-08 16:05:17,370 - DEBUG - 执行AGV分配局部搜索，当前完工时间: 1704.00
2025-04-08 16:05:17,373 - DEBUG - 局部搜索未能改进当前解
2025-04-08 16:05:17,378 - DEBUG - 执行AGV分配局部搜索，当前完工时间: 1651.00
2025-04-08 16:05:17,381 - DEBUG - 局部搜索未能改进当前解
2025-04-08 16:05:17,385 - DEBUG - 执行AGV分配局部搜索，当前完工时间: 1731.00
2025-04-08 16:05:17,389 - DEBUG - 局部搜索未能改进当前解
2025-04-08 16:05:17,392 - DEBUG - 执行AGV分配局部搜索，当前完工时间: 1771.00
2025-04-08 16:05:17,396 - DEBUG - 局部搜索未能改进当前解
2025-04-08 16:05:17,400 - DEBUG - 执行AGV分配局部搜索，当前完工时间: 1614.00
2025-04-08 16:05:17,403 - DEBUG - 局部搜索未能改进当前解
2025-04-08 16:05:17,407 - DEBUG - 执行AGV分配局部搜索，当前完工时间: 1689.00
2025-04-08 16:05:17,411 - DEBUG - 局部搜索未能改进当前解
2025-04-08 16:05:17,414 - DEBUG - 执行AGV分配局部搜索，当前完工时间: 1671.00
2025-04-08 16:05:17,418 - DEBUG - 局部搜索未能改进当前解
2025-04-08 16:05:17,420 - DEBUG - 执行AGV分配局部搜索，当前完工时间: 1647.00
2025-04-08 16:05:17,425 - DEBUG - AGV分配局部搜索成功！完工时间从 1647.00 降低到 1623.00，改进: 24.00 (1.46%)
2025-04-08 16:05:17,429 - DEBUG - 执行AGV分配局部搜索，当前完工时间: 1636.00
2025-04-08 16:05:17,432 - DEBUG - 局部搜索未能改进当前解
2025-04-08 16:05:17,437 - DEBUG - 执行AGV分配局部搜索，当前完工时间: 1734.00
2025-04-08 16:05:17,440 - DEBUG - 局部搜索未能改进当前解
2025-04-08 16:05:17,444 - DEBUG - 执行AGV分配局部搜索，当前完工时间: 1684.00
2025-04-08 16:05:17,449 - DEBUG - 局部搜索未能改进当前解
2025-04-08 16:05:17,449 - DEBUG - ==================================================
2025-04-08 16:05:17,449 - DEBUG - Efficiency Statistics of Local Search :
2025-04-08 16:05:17,449 - DEBUG - Number of attempts: 99
2025-04-08 16:05:17,449 - DEBUG - Average Success Rate: 11.11%
2025-04-08 16:05:17,449 - DEBUG - AGV Local Search Success: 11，Average Improvement: 22.09
2025-04-08 16:05:17,453 - DEBUG - 执行AGV分配局部搜索，当前完工时间: 1657.00
2025-04-08 16:05:17,457 - DEBUG - 局部搜索未能改进当前解
2025-04-08 16:05:17,460 - DEBUG - 执行AGV分配局部搜索，当前完工时间: 1647.00
2025-04-08 16:05:17,464 - DEBUG - 局部搜索未能改进当前解
2025-04-08 16:05:17,468 - DEBUG - 执行AGV分配局部搜索，当前完工时间: 1792.00
2025-04-08 16:05:17,471 - DEBUG - 局部搜索未能改进当前解
2025-04-08 16:05:17,475 - DEBUG - 执行AGV分配局部搜索，当前完工时间: 1731.00
2025-04-08 16:05:17,479 - DEBUG - 局部搜索未能改进当前解
2025-04-08 16:05:17,482 - DEBUG - 执行AGV分配局部搜索，当前完工时间: 1800.00
2025-04-08 16:05:17,486 - DEBUG - 局部搜索未能改进当前解
2025-04-08 16:05:17,489 - DEBUG - 执行AGV分配局部搜索，当前完工时间: 1697.00
2025-04-08 16:05:17,494 - DEBUG - 局部搜索未能改进当前解
2025-04-08 16:05:17,498 - DEBUG - 执行AGV分配局部搜索，当前完工时间: 1718.00
2025-04-08 16:05:17,502 - DEBUG - 局部搜索未能改进当前解
2025-04-08 16:05:17,506 - DEBUG - 执行AGV分配局部搜索，当前完工时间: 1668.00
2025-04-08 16:05:17,509 - DEBUG - 局部搜索未能改进当前解
2025-04-08 16:05:17,513 - DEBUG - 执行AGV分配局部搜索，当前完工时间: 1645.00
2025-04-08 16:05:17,516 - DEBUG - 局部搜索未能改进当前解
2025-04-08 16:05:17,520 - DEBUG - 执行AGV分配局部搜索，当前完工时间: 1667.00
2025-04-08 16:05:17,523 - DEBUG - 局部搜索未能改进当前解
2025-04-08 16:05:17,528 - DEBUG - 执行AGV分配局部搜索，当前完工时间: 1676.00
2025-04-08 16:05:17,532 - DEBUG - 局部搜索未能改进当前解
2025-04-08 16:05:17,535 - DEBUG - 执行AGV分配局部搜索，当前完工时间: 1684.00
2025-04-08 16:05:17,539 - DEBUG - 局部搜索未能改进当前解
2025-04-08 16:05:17,543 - DEBUG - 执行AGV分配局部搜索，当前完工时间: 1709.00
2025-04-08 16:05:17,547 - DEBUG - 局部搜索未能改进当前解
2025-04-08 16:05:17,551 - DEBUG - 执行AGV分配局部搜索，当前完工时间: 1763.00
2025-04-08 16:05:17,554 - DEBUG - 局部搜索未能改进当前解
2025-04-08 16:05:17,558 - DEBUG - 执行AGV分配局部搜索，当前完工时间: 1602.00
2025-04-08 16:05:17,562 - DEBUG - 局部搜索未能改进当前解
2025-04-08 16:05:17,566 - DEBUG - 执行AGV分配局部搜索，当前完工时间: 1658.00
2025-04-08 16:05:17,569 - DEBUG - 局部搜索未能改进当前解
2025-04-08 16:05:17,573 - DEBUG - 执行AGV分配局部搜索，当前完工时间: 1707.00
2025-04-08 16:05:17,576 - DEBUG - 局部搜索未能改进当前解
2025-04-08 16:05:17,581 - DEBUG - 执行AGV分配局部搜索，当前完工时间: 1875.00
2025-04-08 16:05:17,585 - DEBUG - 局部搜索未能改进当前解
2025-04-08 16:05:17,589 - DEBUG - 执行AGV分配局部搜索，当前完工时间: 1641.00
2025-04-08 16:05:17,592 - DEBUG - AGV分配局部搜索成功！完工时间从 1641.00 降低到 1637.00，改进: 4.00 (0.24%)
2025-04-08 16:05:17,597 - DEBUG - 执行AGV分配局部搜索，当前完工时间: 1642.00
2025-04-08 16:05:17,600 - DEBUG - 局部搜索未能改进当前解
2025-04-08 16:05:17,604 - DEBUG - 执行AGV分配局部搜索，当前完工时间: 1623.00
2025-04-08 16:05:17,607 - DEBUG - 局部搜索未能改进当前解
2025-04-08 16:05:17,610 - DEBUG - 执行AGV分配局部搜索，当前完工时间: 1711.00
2025-04-08 16:05:17,614 - DEBUG - 局部搜索未能改进当前解
2025-04-08 16:05:17,618 - DEBUG - 执行AGV分配局部搜索，当前完工时间: 1677.00
2025-04-08 16:05:17,622 - DEBUG - 局部搜索未能改进当前解
2025-04-08 16:05:17,626 - DEBUG - 执行AGV分配局部搜索，当前完工时间: 1646.00
2025-04-08 16:05:17,629 - DEBUG - 局部搜索未能改进当前解
2025-04-08 16:05:17,633 - DEBUG - 执行AGV分配局部搜索，当前完工时间: 1653.00
2025-04-08 16:05:17,636 - DEBUG - 局部搜索未能改进当前解
2025-04-08 16:05:17,640 - DEBUG - 执行AGV分配局部搜索，当前完工时间: 1635.00
2025-04-08 16:05:17,644 - DEBUG - 局部搜索未能改进当前解
2025-04-08 16:05:17,647 - DEBUG - 执行AGV分配局部搜索，当前完工时间: 1687.00
2025-04-08 16:05:17,651 - DEBUG - 局部搜索未能改进当前解
2025-04-08 16:05:17,655 - DEBUG - 执行AGV分配局部搜索，当前完工时间: 1720.00
2025-04-08 16:05:17,659 - DEBUG - 局部搜索未能改进当前解
2025-04-08 16:05:17,663 - DEBUG - 执行AGV分配局部搜索，当前完工时间: 1730.00
2025-04-08 16:05:17,667 - DEBUG - 局部搜索未能改进当前解
2025-04-08 16:05:17,670 - DEBUG - 执行AGV分配局部搜索，当前完工时间: 1674.00
2025-04-08 16:05:17,674 - DEBUG - 局部搜索未能改进当前解
2025-04-08 16:05:17,679 - DEBUG - 执行AGV分配局部搜索，当前完工时间: 1781.00
2025-04-08 16:05:17,683 - DEBUG - 局部搜索未能改进当前解
2025-04-08 16:05:17,686 - DEBUG - 执行AGV分配局部搜索，当前完工时间: 1708.00
2025-04-08 16:05:17,690 - DEBUG - 局部搜索未能改进当前解
2025-04-08 16:05:17,694 - DEBUG - 执行AGV分配局部搜索，当前完工时间: 1642.00
2025-04-08 16:05:17,697 - DEBUG - 局部搜索未能改进当前解
2025-04-08 16:05:17,701 - DEBUG - 执行AGV分配局部搜索，当前完工时间: 1716.00
2025-04-08 16:05:17,704 - DEBUG - AGV分配局部搜索成功！完工时间从 1716.00 降低到 1698.00，改进: 18.00 (1.05%)
2025-04-08 16:05:17,708 - DEBUG - 执行AGV分配局部搜索，当前完工时间: 1623.00
2025-04-08 16:05:17,712 - DEBUG - 局部搜索未能改进当前解
2025-04-08 16:05:17,715 - DEBUG - 执行AGV分配局部搜索，当前完工时间: 1689.00
2025-04-08 16:05:17,719 - DEBUG - AGV分配局部搜索成功！完工时间从 1689.00 降低到 1662.00，改进: 27.00 (1.60%)
2025-04-08 16:05:17,723 - DEBUG - 执行AGV分配局部搜索，当前完工时间: 1624.00
2025-04-08 16:05:17,727 - DEBUG - 局部搜索未能改进当前解
2025-04-08 16:05:17,730 - DEBUG - 执行AGV分配局部搜索，当前完工时间: 1677.00
2025-04-08 16:05:17,733 - DEBUG - 局部搜索未能改进当前解
2025-04-08 16:05:17,738 - DEBUG - 执行AGV分配局部搜索，当前完工时间: 1675.00
2025-04-08 16:05:17,741 - DEBUG - 局部搜索未能改进当前解
2025-04-08 16:05:17,745 - DEBUG - 执行AGV分配局部搜索，当前完工时间: 1770.00
2025-04-08 16:05:17,749 - DEBUG - 局部搜索未能改进当前解
2025-04-08 16:05:17,756 - DEBUG - 执行AGV分配局部搜索，当前完工时间: 1688.00
2025-04-08 16:05:17,759 - DEBUG - 局部搜索未能改进当前解
2025-04-08 16:05:17,762 - DEBUG - 执行AGV分配局部搜索，当前完工时间: 1773.00
2025-04-08 16:05:17,767 - DEBUG - 局部搜索未能改进当前解
2025-04-08 16:05:17,770 - DEBUG - 执行AGV分配局部搜索，当前完工时间: 1665.00
2025-04-08 16:05:17,774 - DEBUG - 局部搜索未能改进当前解
2025-04-08 16:05:17,778 - DEBUG - 执行AGV分配局部搜索，当前完工时间: 1671.00
2025-04-08 16:05:17,782 - DEBUG - AGV分配局部搜索成功！完工时间从 1671.00 降低到 1655.00，改进: 16.00 (0.96%)
2025-04-08 16:05:17,785 - DEBUG - 执行AGV分配局部搜索，当前完工时间: 1646.00
2025-04-08 16:05:17,790 - DEBUG - 局部搜索未能改进当前解
2025-04-08 16:05:17,793 - DEBUG - 执行AGV分配局部搜索，当前完工时间: 1674.00
2025-04-08 16:05:17,797 - DEBUG - 局部搜索未能改进当前解
2025-04-08 16:05:17,800 - DEBUG - 执行AGV分配局部搜索，当前完工时间: 1678.00
2025-04-08 16:05:17,804 - DEBUG - 局部搜索未能改进当前解
2025-04-08 16:05:17,808 - DEBUG - 执行AGV分配局部搜索，当前完工时间: 1668.00
2025-04-08 16:05:17,812 - DEBUG - AGV分配局部搜索成功！完工时间从 1668.00 降低到 1651.00，改进: 17.00 (1.02%)
2025-04-08 16:05:17,815 - DEBUG - 执行AGV分配局部搜索，当前完工时间: 1705.00
2025-04-08 16:05:17,819 - DEBUG - 局部搜索未能改进当前解
2025-04-08 16:05:17,823 - DEBUG - 执行AGV分配局部搜索，当前完工时间: 1685.00
2025-04-08 16:05:17,826 - DEBUG - AGV分配局部搜索成功！完工时间从 1685.00 降低到 1675.00，改进: 10.00 (0.59%)
2025-04-08 16:05:17,830 - DEBUG - 执行AGV分配局部搜索，当前完工时间: 1617.00
2025-04-08 16:05:17,834 - DEBUG - 局部搜索未能改进当前解
2025-04-08 16:05:17,837 - DEBUG - 执行AGV分配局部搜索，当前完工时间: 1642.00
2025-04-08 16:05:17,842 - DEBUG - 局部搜索未能改进当前解
2025-04-08 16:05:17,845 - DEBUG - 执行AGV分配局部搜索，当前完工时间: 1685.00
2025-04-08 16:05:17,850 - DEBUG - 局部搜索未能改进当前解
2025-04-08 16:05:17,854 - DEBUG - 执行AGV分配局部搜索，当前完工时间: 1670.00
2025-04-08 16:05:17,857 - DEBUG - 局部搜索未能改进当前解
2025-04-08 16:05:17,860 - DEBUG - 执行AGV分配局部搜索，当前完工时间: 1641.00
2025-04-08 16:05:17,864 - DEBUG - 局部搜索未能改进当前解
2025-04-08 16:05:17,869 - DEBUG - 执行AGV分配局部搜索，当前完工时间: 1663.00
2025-04-08 16:05:17,872 - DEBUG - 局部搜索未能改进当前解
2025-04-08 16:05:17,875 - DEBUG - 执行AGV分配局部搜索，当前完工时间: 1659.00
2025-04-08 16:05:17,878 - DEBUG - 局部搜索未能改进当前解
2025-04-08 16:05:17,883 - DEBUG - 执行AGV分配局部搜索，当前完工时间: 1710.00
2025-04-08 16:05:17,887 - DEBUG - 局部搜索未能改进当前解
2025-04-08 16:05:17,891 - DEBUG - 执行AGV分配局部搜索，当前完工时间: 1655.00
2025-04-08 16:05:17,895 - DEBUG - 局部搜索未能改进当前解
2025-04-08 16:05:17,898 - DEBUG - 执行AGV分配局部搜索，当前完工时间: 1694.00
2025-04-08 16:05:17,902 - DEBUG - 局部搜索未能改进当前解
2025-04-08 16:05:17,905 - DEBUG - 执行AGV分配局部搜索，当前完工时间: 1642.00
2025-04-08 16:05:17,909 - DEBUG - 局部搜索未能改进当前解
2025-04-08 16:05:17,912 - DEBUG - 执行AGV分配局部搜索，当前完工时间: 1660.00
2025-04-08 16:05:17,916 - DEBUG - 局部搜索未能改进当前解
2025-04-08 16:05:17,920 - DEBUG - 执行AGV分配局部搜索，当前完工时间: 1689.00
2025-04-08 16:05:17,923 - DEBUG - 局部搜索未能改进当前解
2025-04-08 16:05:17,927 - DEBUG - 执行AGV分配局部搜索，当前完工时间: 1651.00
2025-04-08 16:05:17,931 - DEBUG - 局部搜索未能改进当前解
2025-04-08 16:05:17,934 - DEBUG - 执行AGV分配局部搜索，当前完工时间: 1683.00
2025-04-08 16:05:17,939 - DEBUG - 局部搜索未能改进当前解
2025-04-08 16:05:17,943 - DEBUG - 执行AGV分配局部搜索，当前完工时间: 1690.00
2025-04-08 16:05:17,946 - DEBUG - 局部搜索未能改进当前解
2025-04-08 16:05:17,950 - DEBUG - 执行AGV分配局部搜索，当前完工时间: 1786.00
2025-04-08 16:05:17,953 - DEBUG - 局部搜索未能改进当前解
2025-04-08 16:05:17,957 - DEBUG - 执行AGV分配局部搜索，当前完工时间: 1694.00
2025-04-08 16:05:17,961 - DEBUG - 局部搜索未能改进当前解
2025-04-08 16:05:17,964 - DEBUG - 执行AGV分配局部搜索，当前完工时间: 1684.00
2025-04-08 16:05:17,968 - DEBUG - 局部搜索未能改进当前解
2025-04-08 16:05:17,972 - DEBUG - 执行AGV分配局部搜索，当前完工时间: 1647.00
2025-04-08 16:05:17,977 - DEBUG - AGV分配局部搜索成功！完工时间从 1647.00 降低到 1610.00，改进: 37.00 (2.25%)
2025-04-08 16:05:17,980 - DEBUG - 执行AGV分配局部搜索，当前完工时间: 1698.00
2025-04-08 16:05:17,984 - DEBUG - AGV分配局部搜索成功！完工时间从 1698.00 降低到 1689.00，改进: 9.00 (0.53%)
2025-04-08 16:05:17,987 - DEBUG - 执行AGV分配局部搜索，当前完工时间: 1642.00
2025-04-08 16:05:17,991 - DEBUG - 局部搜索未能改进当前解
2025-04-08 16:05:17,995 - DEBUG - 执行AGV分配局部搜索，当前完工时间: 1776.00
2025-04-08 16:05:17,999 - DEBUG - 局部搜索未能改进当前解
2025-04-08 16:05:18,002 - DEBUG - 执行AGV分配局部搜索，当前完工时间: 1798.00
2025-04-08 16:05:18,006 - DEBUG - 局部搜索未能改进当前解
2025-04-08 16:05:18,009 - DEBUG - 执行AGV分配局部搜索，当前完工时间: 1873.00
2025-04-08 16:05:18,012 - DEBUG - 局部搜索未能改进当前解
2025-04-08 16:05:18,017 - DEBUG - 执行AGV分配局部搜索，当前完工时间: 1638.00
2025-04-08 16:05:18,020 - DEBUG - AGV分配局部搜索成功！完工时间从 1638.00 降低到 1627.00，改进: 11.00 (0.67%)
2025-04-08 16:05:18,024 - DEBUG - 执行AGV分配局部搜索，当前完工时间: 1615.00
2025-04-08 16:05:18,028 - DEBUG - 局部搜索未能改进当前解
2025-04-08 16:05:18,032 - DEBUG - 执行AGV分配局部搜索，当前完工时间: 1692.00
2025-04-08 16:05:18,036 - DEBUG - 局部搜索未能改进当前解
2025-04-08 16:05:18,040 - DEBUG - 执行AGV分配局部搜索，当前完工时间: 1741.00
2025-04-08 16:05:18,043 - DEBUG - 局部搜索未能改进当前解
2025-04-08 16:05:18,047 - DEBUG - 执行AGV分配局部搜索，当前完工时间: 1651.00
2025-04-08 16:05:18,052 - DEBUG - 局部搜索未能改进当前解
2025-04-08 16:05:18,055 - DEBUG - 执行AGV分配局部搜索，当前完工时间: 1607.00
2025-04-08 16:05:18,059 - DEBUG - 局部搜索未能改进当前解
2025-04-08 16:05:18,063 - DEBUG - 执行AGV分配局部搜索，当前完工时间: 1662.00
2025-04-08 16:05:18,066 - DEBUG - 局部搜索未能改进当前解
2025-04-08 16:05:18,070 - DEBUG - 执行AGV分配局部搜索，当前完工时间: 1776.00
2025-04-08 16:05:18,073 - DEBUG - AGV分配局部搜索成功！完工时间从 1776.00 降低到 1741.00，改进: 35.00 (1.97%)
2025-04-08 16:05:18,079 - DEBUG - 执行AGV分配局部搜索，当前完工时间: 1696.00
2025-04-08 16:05:18,082 - DEBUG - 局部搜索未能改进当前解
2025-04-08 16:05:18,086 - DEBUG - 执行AGV分配局部搜索，当前完工时间: 1707.00
2025-04-08 16:05:18,091 - DEBUG - 局部搜索未能改进当前解
2025-04-08 16:05:18,094 - DEBUG - 执行AGV分配局部搜索，当前完工时间: 1687.00
2025-04-08 16:05:18,098 - DEBUG - AGV分配局部搜索成功！完工时间从 1687.00 降低到 1667.00，改进: 20.00 (1.19%)
2025-04-08 16:05:18,103 - DEBUG - 执行AGV分配局部搜索，当前完工时间: 1913.00
2025-04-08 16:05:18,106 - DEBUG - 局部搜索未能改进当前解
2025-04-08 16:05:18,110 - DEBUG - 执行AGV分配局部搜索，当前完工时间: 1696.00
2025-04-08 16:05:18,114 - DEBUG - AGV分配局部搜索成功！完工时间从 1696.00 降低到 1669.00，改进: 27.00 (1.59%)
2025-04-08 16:05:18,117 - DEBUG - 执行AGV分配局部搜索，当前完工时间: 1641.00
2025-04-08 16:05:18,120 - DEBUG - 局部搜索未能改进当前解
2025-04-08 16:05:18,125 - DEBUG - 执行AGV分配局部搜索，当前完工时间: 1628.00
2025-04-08 16:05:18,128 - DEBUG - 局部搜索未能改进当前解
2025-04-08 16:05:18,131 - DEBUG - 执行AGV分配局部搜索，当前完工时间: 1642.00
2025-04-08 16:05:18,136 - DEBUG - 局部搜索未能改进当前解
2025-04-08 16:05:18,140 - DEBUG - 执行AGV分配局部搜索，当前完工时间: 1653.00
2025-04-08 16:05:18,143 - DEBUG - 局部搜索未能改进当前解
2025-04-08 16:05:18,147 - DEBUG - 执行AGV分配局部搜索，当前完工时间: 1688.00
2025-04-08 16:05:18,150 - DEBUG - 局部搜索未能改进当前解
2025-04-08 16:05:18,155 - DEBUG - 执行AGV分配局部搜索，当前完工时间: 1666.00
2025-04-08 16:05:18,158 - DEBUG - AGV分配局部搜索成功！完工时间从 1666.00 降低到 1653.00，改进: 13.00 (0.78%)
2025-04-08 16:05:18,162 - DEBUG - 执行AGV分配局部搜索，当前完工时间: 1693.00
2025-04-08 16:05:18,165 - DEBUG - 局部搜索未能改进当前解
2025-04-08 16:05:18,170 - DEBUG - 执行AGV分配局部搜索，当前完工时间: 1661.00
2025-04-08 16:05:18,174 - DEBUG - 局部搜索未能改进当前解
2025-04-08 16:05:18,177 - DEBUG - 执行AGV分配局部搜索，当前完工时间: 1683.00
2025-04-08 16:05:18,180 - DEBUG - 局部搜索未能改进当前解
2025-04-08 16:05:18,184 - DEBUG - 执行AGV分配局部搜索，当前完工时间: 1717.00
2025-04-08 16:05:18,187 - DEBUG - 局部搜索未能改进当前解
2025-04-08 16:05:18,192 - DEBUG - 执行AGV分配局部搜索，当前完工时间: 1707.00
2025-04-08 16:05:18,195 - DEBUG - 局部搜索未能改进当前解
2025-04-08 16:05:18,195 - DEBUG - ==================================================
2025-04-08 16:05:18,196 - DEBUG - Efficiency Statistics of Local Search :
2025-04-08 16:05:18,196 - DEBUG - Number of attempts: 99
2025-04-08 16:05:18,196 - DEBUG - Average Success Rate: 13.13%
2025-04-08 16:05:18,196 - DEBUG - AGV Local Search Success: 13，Average Improvement: 18.77
2025-04-08 16:05:18,199 - DEBUG - 执行AGV分配局部搜索，当前完工时间: 1660.00
2025-04-08 16:05:18,203 - DEBUG - 局部搜索未能改进当前解
2025-04-08 16:05:18,206 - DEBUG - 执行AGV分配局部搜索，当前完工时间: 1659.00
2025-04-08 16:05:18,210 - DEBUG - 局部搜索未能改进当前解
2025-04-08 16:05:18,214 - DEBUG - 执行AGV分配局部搜索，当前完工时间: 1672.00
2025-04-08 16:05:18,218 - DEBUG - 局部搜索未能改进当前解
2025-04-08 16:05:18,222 - DEBUG - 执行AGV分配局部搜索，当前完工时间: 1709.00
2025-04-08 16:05:18,224 - DEBUG - AGV分配局部搜索成功！完工时间从 1709.00 降低到 1657.00，改进: 52.00 (3.04%)
2025-04-08 16:05:18,229 - DEBUG - 执行AGV分配局部搜索，当前完工时间: 1647.00
2025-04-08 16:05:18,233 - DEBUG - 局部搜索未能改进当前解
2025-04-08 16:05:18,237 - DEBUG - 执行AGV分配局部搜索，当前完工时间: 1626.00
2025-04-08 16:05:18,241 - DEBUG - 局部搜索未能改进当前解
2025-04-08 16:05:18,244 - DEBUG - 执行AGV分配局部搜索，当前完工时间: 1684.00
2025-04-08 16:05:18,248 - DEBUG - 局部搜索未能改进当前解
2025-04-08 16:05:18,251 - DEBUG - 执行AGV分配局部搜索，当前完工时间: 1643.00
2025-04-08 16:05:18,255 - DEBUG - 局部搜索未能改进当前解
2025-04-08 16:05:18,259 - DEBUG - 执行AGV分配局部搜索，当前完工时间: 1675.00
2025-04-08 16:05:18,263 - DEBUG - 局部搜索未能改进当前解
2025-04-08 16:05:18,266 - DEBUG - 执行AGV分配局部搜索，当前完工时间: 1707.00
2025-04-08 16:05:18,270 - DEBUG - 局部搜索未能改进当前解
2025-04-08 16:05:18,274 - DEBUG - 执行AGV分配局部搜索，当前完工时间: 1657.00
2025-04-08 16:05:18,278 - DEBUG - 局部搜索未能改进当前解
2025-04-08 16:05:18,282 - DEBUG - 执行AGV分配局部搜索，当前完工时间: 1659.00
2025-04-08 16:05:18,285 - DEBUG - 局部搜索未能改进当前解
2025-04-08 16:05:18,289 - DEBUG - 执行AGV分配局部搜索，当前完工时间: 1646.00
2025-04-08 16:05:18,292 - DEBUG - 局部搜索未能改进当前解
2025-04-08 16:05:18,297 - DEBUG - 执行AGV分配局部搜索，当前完工时间: 1792.00
2025-04-08 16:05:18,300 - DEBUG - 局部搜索未能改进当前解
2025-04-08 16:05:18,303 - DEBUG - 执行AGV分配局部搜索，当前完工时间: 1711.00
2025-04-08 16:05:18,307 - DEBUG - 局部搜索未能改进当前解
2025-04-08 16:05:18,312 - DEBUG - 执行AGV分配局部搜索，当前完工时间: 1655.00
2025-04-08 16:05:18,316 - DEBUG - 局部搜索未能改进当前解
2025-04-08 16:05:18,319 - DEBUG - 执行AGV分配局部搜索，当前完工时间: 1667.00
2025-04-08 16:05:18,322 - DEBUG - 局部搜索未能改进当前解
2025-04-08 16:05:18,326 - DEBUG - 执行AGV分配局部搜索，当前完工时间: 1607.00
2025-04-08 16:05:18,329 - DEBUG - 局部搜索未能改进当前解
2025-04-08 16:05:18,334 - DEBUG - 执行AGV分配局部搜索，当前完工时间: 1670.00
2025-04-08 16:05:18,337 - DEBUG - 局部搜索未能改进当前解
2025-04-08 16:05:18,341 - DEBUG - 执行AGV分配局部搜索，当前完工时间: 1656.00
2025-04-08 16:05:18,344 - DEBUG - AGV分配局部搜索成功！完工时间从 1656.00 降低到 1650.00，改进: 6.00 (0.36%)
2025-04-08 16:05:18,349 - DEBUG - 执行AGV分配局部搜索，当前完工时间: 1652.00
2025-04-08 16:05:18,353 - DEBUG - 局部搜索未能改进当前解
2025-04-08 16:05:18,355 - DEBUG - 执行AGV分配局部搜索，当前完工时间: 1653.00
2025-04-08 16:05:18,358 - DEBUG - 局部搜索未能改进当前解
2025-04-08 16:05:18,362 - DEBUG - 执行AGV分配局部搜索，当前完工时间: 1805.00
2025-04-08 16:05:18,367 - DEBUG - 局部搜索未能改进当前解
2025-04-08 16:05:18,371 - DEBUG - 执行AGV分配局部搜索，当前完工时间: 1749.00
2025-04-08 16:05:18,374 - DEBUG - 局部搜索未能改进当前解
2025-04-08 16:05:18,378 - DEBUG - 执行AGV分配局部搜索，当前完工时间: 1622.00
2025-04-08 16:05:18,381 - DEBUG - 局部搜索未能改进当前解
2025-04-08 16:05:18,385 - DEBUG - 执行AGV分配局部搜索，当前完工时间: 1604.00
2025-04-08 16:05:18,388 - DEBUG - 局部搜索未能改进当前解
2025-04-08 16:05:18,392 - DEBUG - 执行AGV分配局部搜索，当前完工时间: 1635.00
2025-04-08 16:05:18,395 - DEBUG - 局部搜索未能改进当前解
2025-04-08 16:05:18,399 - DEBUG - 执行AGV分配局部搜索，当前完工时间: 1680.00
2025-04-08 16:05:18,403 - DEBUG - 局部搜索未能改进当前解
2025-04-08 16:05:18,406 - DEBUG - 执行AGV分配局部搜索，当前完工时间: 1695.00
2025-04-08 16:05:18,410 - DEBUG - AGV分配局部搜索成功！完工时间从 1695.00 降低到 1654.00，改进: 41.00 (2.42%)
2025-04-08 16:05:18,414 - DEBUG - 执行AGV分配局部搜索，当前完工时间: 1767.00
2025-04-08 16:05:18,418 - DEBUG - 局部搜索未能改进当前解
2025-04-08 16:05:18,422 - DEBUG - 执行AGV分配局部搜索，当前完工时间: 1824.00
2025-04-08 16:05:18,426 - DEBUG - 局部搜索未能改进当前解
2025-04-08 16:05:18,430 - DEBUG - 执行AGV分配局部搜索，当前完工时间: 1641.00
2025-04-08 16:05:18,433 - DEBUG - 局部搜索未能改进当前解
2025-04-08 16:05:18,437 - DEBUG - 执行AGV分配局部搜索，当前完工时间: 1700.00
2025-04-08 16:05:18,441 - DEBUG - AGV分配局部搜索成功！完工时间从 1700.00 降低到 1677.00，改进: 23.00 (1.35%)
2025-04-08 16:05:18,445 - DEBUG - 执行AGV分配局部搜索，当前完工时间: 1623.00
2025-04-08 16:05:18,447 - DEBUG - 局部搜索未能改进当前解
2025-04-08 16:05:18,452 - DEBUG - 执行AGV分配局部搜索，当前完工时间: 1807.00
2025-04-08 16:05:18,456 - DEBUG - 局部搜索未能改进当前解
2025-04-08 16:05:18,459 - DEBUG - 执行AGV分配局部搜索，当前完工时间: 1650.00
2025-04-08 16:05:18,463 - DEBUG - 局部搜索未能改进当前解
2025-04-08 16:05:18,466 - DEBUG - 执行AGV分配局部搜索，当前完工时间: 1631.00
2025-04-08 16:05:18,470 - DEBUG - 局部搜索未能改进当前解
2025-04-08 16:05:18,474 - DEBUG - 执行AGV分配局部搜索，当前完工时间: 1606.00
2025-04-08 16:05:18,478 - DEBUG - 局部搜索未能改进当前解
2025-04-08 16:05:18,481 - DEBUG - 执行AGV分配局部搜索，当前完工时间: 1700.00
2025-04-08 16:05:18,486 - DEBUG - 局部搜索未能改进当前解
2025-04-08 16:05:18,489 - DEBUG - 执行AGV分配局部搜索，当前完工时间: 1646.00
2025-04-08 16:05:18,493 - DEBUG - AGV分配局部搜索成功！完工时间从 1646.00 降低到 1630.00，改进: 16.00 (0.97%)
2025-04-08 16:05:18,496 - DEBUG - 执行AGV分配局部搜索，当前完工时间: 1699.00
2025-04-08 16:05:18,500 - DEBUG - 局部搜索未能改进当前解
2025-04-08 16:05:18,504 - DEBUG - 执行AGV分配局部搜索，当前完工时间: 1669.00
2025-04-08 16:05:18,507 - DEBUG - 局部搜索未能改进当前解
2025-04-08 16:05:18,510 - DEBUG - 执行AGV分配局部搜索，当前完工时间: 1633.00
2025-04-08 16:05:18,514 - DEBUG - 局部搜索未能改进当前解
2025-04-08 16:05:18,519 - DEBUG - 执行AGV分配局部搜索，当前完工时间: 1604.00
2025-04-08 16:05:18,523 - DEBUG - 局部搜索未能改进当前解
2025-04-08 16:05:18,526 - DEBUG - 执行AGV分配局部搜索，当前完工时间: 1652.00
2025-04-08 16:05:18,530 - DEBUG - 局部搜索未能改进当前解
2025-04-08 16:05:18,534 - DEBUG - 执行AGV分配局部搜索，当前完工时间: 1677.00
2025-04-08 16:05:18,537 - DEBUG - 局部搜索未能改进当前解
2025-04-08 16:05:18,541 - DEBUG - 执行AGV分配局部搜索，当前完工时间: 1810.00
2025-04-08 16:05:18,545 - DEBUG - 局部搜索未能改进当前解
2025-04-08 16:05:18,549 - DEBUG - 执行AGV分配局部搜索，当前完工时间: 1636.00
2025-04-08 16:05:18,553 - DEBUG - 局部搜索未能改进当前解
2025-04-08 16:05:18,557 - DEBUG - 执行AGV分配局部搜索，当前完工时间: 1673.00
2025-04-08 16:05:18,560 - DEBUG - 局部搜索未能改进当前解
2025-04-08 16:05:18,563 - DEBUG - 执行AGV分配局部搜索，当前完工时间: 1721.00
2025-04-08 16:05:18,568 - DEBUG - 局部搜索未能改进当前解
2025-04-08 16:05:18,571 - DEBUG - 执行AGV分配局部搜索，当前完工时间: 1624.00
2025-04-08 16:05:18,575 - DEBUG - 局部搜索未能改进当前解
2025-04-08 16:05:18,579 - DEBUG - 执行AGV分配局部搜索，当前完工时间: 1694.00
2025-04-08 16:05:18,582 - DEBUG - 局部搜索未能改进当前解
2025-04-08 16:05:18,587 - DEBUG - 执行AGV分配局部搜索，当前完工时间: 1671.00
2025-04-08 16:05:18,591 - DEBUG - 局部搜索未能改进当前解
2025-04-08 16:05:18,597 - DEBUG - 执行AGV分配局部搜索，当前完工时间: 1693.00
2025-04-08 16:05:18,601 - DEBUG - 局部搜索未能改进当前解
2025-04-08 16:05:18,605 - DEBUG - 执行AGV分配局部搜索，当前完工时间: 1669.00
2025-04-08 16:05:18,608 - DEBUG - 局部搜索未能改进当前解
2025-04-08 16:05:18,612 - DEBUG - 执行AGV分配局部搜索，当前完工时间: 1632.00
2025-04-08 16:05:18,616 - DEBUG - 局部搜索未能改进当前解
2025-04-08 16:05:18,619 - DEBUG - 执行AGV分配局部搜索，当前完工时间: 1604.00
2025-04-08 16:05:18,623 - DEBUG - 局部搜索未能改进当前解
2025-04-08 16:05:18,627 - DEBUG - 执行AGV分配局部搜索，当前完工时间: 1646.00
2025-04-08 16:05:18,630 - DEBUG - 局部搜索未能改进当前解
2025-04-08 16:05:18,634 - DEBUG - 执行AGV分配局部搜索，当前完工时间: 1815.00
2025-04-08 16:05:18,637 - DEBUG - 局部搜索未能改进当前解
2025-04-08 16:05:18,642 - DEBUG - 执行AGV分配局部搜索，当前完工时间: 1731.00
2025-04-08 16:05:18,645 - DEBUG - AGV分配局部搜索成功！完工时间从 1731.00 降低到 1685.00，改进: 46.00 (2.66%)
2025-04-08 16:05:18,648 - DEBUG - 执行AGV分配局部搜索，当前完工时间: 1663.00
2025-04-08 16:05:18,652 - DEBUG - 局部搜索未能改进当前解
2025-04-08 16:05:18,657 - DEBUG - 执行AGV分配局部搜索，当前完工时间: 1659.00
2025-04-08 16:05:18,660 - DEBUG - 局部搜索未能改进当前解
2025-04-08 16:05:18,664 - DEBUG - 执行AGV分配局部搜索，当前完工时间: 1656.00
2025-04-08 16:05:18,668 - DEBUG - 局部搜索未能改进当前解
2025-04-08 16:05:18,670 - DEBUG - 执行AGV分配局部搜索，当前完工时间: 1673.00
2025-04-08 16:05:18,675 - DEBUG - AGV分配局部搜索成功！完工时间从 1673.00 降低到 1647.00，改进: 26.00 (1.55%)
2025-04-08 16:05:18,679 - DEBUG - 执行AGV分配局部搜索，当前完工时间: 1638.00
2025-04-08 16:05:18,682 - DEBUG - 局部搜索未能改进当前解
2025-04-08 16:05:18,686 - DEBUG - 执行AGV分配局部搜索，当前完工时间: 1683.00
2025-04-08 16:05:18,690 - DEBUG - 局部搜索未能改进当前解
2025-04-08 16:05:18,693 - DEBUG - 执行AGV分配局部搜索，当前完工时间: 1649.00
2025-04-08 16:05:18,697 - DEBUG - 局部搜索未能改进当前解
2025-04-08 16:05:18,701 - DEBUG - 执行AGV分配局部搜索，当前完工时间: 1687.00
2025-04-08 16:05:18,705 - DEBUG - 局部搜索未能改进当前解
2025-04-08 16:05:18,708 - DEBUG - 执行AGV分配局部搜索，当前完工时间: 1641.00
2025-04-08 16:05:18,712 - DEBUG - 局部搜索未能改进当前解
2025-04-08 16:05:18,716 - DEBUG - 执行AGV分配局部搜索，当前完工时间: 1684.00
2025-04-08 16:05:18,720 - DEBUG - 局部搜索未能改进当前解
2025-04-08 16:05:18,724 - DEBUG - 执行AGV分配局部搜索，当前完工时间: 1653.00
2025-04-08 16:05:18,726 - DEBUG - 局部搜索未能改进当前解
2025-04-08 16:05:18,731 - DEBUG - 执行AGV分配局部搜索，当前完工时间: 1653.00
2025-04-08 16:05:18,734 - DEBUG - 局部搜索未能改进当前解
2025-04-08 16:05:18,738 - DEBUG - 执行AGV分配局部搜索，当前完工时间: 1636.00
2025-04-08 16:05:18,742 - DEBUG - 局部搜索未能改进当前解
2025-04-08 16:05:18,746 - DEBUG - 执行AGV分配局部搜索，当前完工时间: 1770.00
2025-04-08 16:05:18,750 - DEBUG - 局部搜索未能改进当前解
2025-04-08 16:05:18,753 - DEBUG - 执行AGV分配局部搜索，当前完工时间: 1716.00
2025-04-08 16:05:18,756 - DEBUG - 局部搜索未能改进当前解
2025-04-08 16:05:18,760 - DEBUG - 执行AGV分配局部搜索，当前完工时间: 1711.00
2025-04-08 16:05:18,764 - DEBUG - 局部搜索未能改进当前解
2025-04-08 16:05:18,767 - DEBUG - 执行AGV分配局部搜索，当前完工时间: 1628.00
2025-04-08 16:05:18,771 - DEBUG - 局部搜索未能改进当前解
2025-04-08 16:05:18,775 - DEBUG - 执行AGV分配局部搜索，当前完工时间: 1674.00
2025-04-08 16:05:18,778 - DEBUG - 局部搜索未能改进当前解
2025-04-08 16:05:18,781 - DEBUG - 执行AGV分配局部搜索，当前完工时间: 1669.00
2025-04-08 16:05:18,785 - DEBUG - 局部搜索未能改进当前解
2025-04-08 16:05:18,789 - DEBUG - 执行AGV分配局部搜索，当前完工时间: 1687.00
2025-04-08 16:05:18,792 - DEBUG - 局部搜索未能改进当前解
2025-04-08 16:05:18,797 - DEBUG - 执行AGV分配局部搜索，当前完工时间: 1624.00
2025-04-08 16:05:18,800 - DEBUG - 局部搜索未能改进当前解
2025-04-08 16:05:18,804 - DEBUG - 执行AGV分配局部搜索，当前完工时间: 1678.00
2025-04-08 16:05:18,808 - DEBUG - 局部搜索未能改进当前解
2025-04-08 16:05:18,812 - DEBUG - 执行AGV分配局部搜索，当前完工时间: 1642.00
2025-04-08 16:05:18,814 - DEBUG - AGV分配局部搜索成功！完工时间从 1642.00 降低到 1635.00，改进: 7.00 (0.43%)
2025-04-08 16:05:18,819 - DEBUG - 执行AGV分配局部搜索，当前完工时间: 1622.00
2025-04-08 16:05:18,822 - DEBUG - 局部搜索未能改进当前解
2025-04-08 16:05:18,826 - DEBUG - 执行AGV分配局部搜索，当前完工时间: 1627.00
2025-04-08 16:05:18,829 - DEBUG - 局部搜索未能改进当前解
2025-04-08 16:05:18,833 - DEBUG - 执行AGV分配局部搜索，当前完工时间: 1637.00
2025-04-08 16:05:18,837 - DEBUG - 局部搜索未能改进当前解
2025-04-08 16:05:18,841 - DEBUG - 执行AGV分配局部搜索，当前完工时间: 1729.00
2025-04-08 16:05:18,844 - DEBUG - 局部搜索未能改进当前解
2025-04-08 16:05:18,847 - DEBUG - 执行AGV分配局部搜索，当前完工时间: 1637.00
2025-04-08 16:05:18,851 - DEBUG - 局部搜索未能改进当前解
2025-04-08 16:05:18,855 - DEBUG - 执行AGV分配局部搜索，当前完工时间: 1636.00
2025-04-08 16:05:18,859 - DEBUG - 局部搜索未能改进当前解
2025-04-08 16:05:18,864 - DEBUG - 执行AGV分配局部搜索，当前完工时间: 1698.00
2025-04-08 16:05:18,868 - DEBUG - 局部搜索未能改进当前解
2025-04-08 16:05:18,871 - DEBUG - 执行AGV分配局部搜索，当前完工时间: 1664.00
2025-04-08 16:05:18,874 - DEBUG - 局部搜索未能改进当前解
2025-04-08 16:05:18,879 - DEBUG - 执行AGV分配局部搜索，当前完工时间: 1623.00
2025-04-08 16:05:18,881 - DEBUG - 局部搜索未能改进当前解
2025-04-08 16:05:18,885 - DEBUG - 执行AGV分配局部搜索，当前完工时间: 1729.00
2025-04-08 16:05:18,889 - DEBUG - 局部搜索未能改进当前解
2025-04-08 16:05:18,894 - DEBUG - 执行AGV分配局部搜索，当前完工时间: 1740.00
2025-04-08 16:05:18,897 - DEBUG - 局部搜索未能改进当前解
2025-04-08 16:05:18,901 - DEBUG - 执行AGV分配局部搜索，当前完工时间: 1674.00
2025-04-08 16:05:18,904 - DEBUG - 局部搜索未能改进当前解
2025-04-08 16:05:18,907 - DEBUG - 执行AGV分配局部搜索，当前完工时间: 1659.00
2025-04-08 16:05:18,911 - DEBUG - 局部搜索未能改进当前解
2025-04-08 16:05:18,916 - DEBUG - 执行AGV分配局部搜索，当前完工时间: 1750.00
2025-04-08 16:05:18,919 - DEBUG - 局部搜索未能改进当前解
2025-04-08 16:05:18,923 - DEBUG - 执行AGV分配局部搜索，当前完工时间: 1627.00
2025-04-08 16:05:18,927 - DEBUG - 局部搜索未能改进当前解
2025-04-08 16:05:18,931 - DEBUG - 执行AGV分配局部搜索，当前完工时间: 1657.00
2025-04-08 16:05:18,935 - DEBUG - 局部搜索未能改进当前解
2025-04-08 16:05:18,935 - DEBUG - ==================================================
2025-04-08 16:05:18,935 - DEBUG - Efficiency Statistics of Local Search :
2025-04-08 16:05:18,935 - DEBUG - Number of attempts: 99
2025-04-08 16:05:18,935 - DEBUG - Average Success Rate: 8.08%
2025-04-08 16:05:18,935 - DEBUG - AGV Local Search Success: 8，Average Improvement: 27.12
