2025-04-08 13:23:20,479 - INFO - Starting optimization, total iterations: 500
2025-04-08 13:23:20,480 - INFO - Minimum iterations for pure SL: 100.0
2025-04-08 13:23:20,480 - INFO - Stagnation detection window size: 20
2025-04-08 13:23:20,480 - INFO - Stagnation threshold: 0.01
2025-04-08 13:23:20,480 - INFO - Force switch iterations: 250.0
2025-04-08 13:23:20,480 - INFO - Iteration 1/500: Phase=statistical learning, SL ratio=1.00, EL ratio=0.00
2025-04-08 13:23:20,937 - DEBUG - Initialized probability model
2025-04-08 13:23:20,943 - INFO - In generation 1，New best makespan: 1906.00, source: sl
2025-04-08 13:23:20,943 - INFO - Iteration 2/500: Phase=statistical learning, SL ratio=1.00, EL ratio=0.00
2025-04-08 13:23:21,402 - DEBUG - Updated probability model at iteration 2
2025-04-08 13:23:21,402 - INFO - Iteration 3/500: Phase=statistical learning, SL ratio=1.00, EL ratio=0.00
2025-04-08 13:23:21,859 - DEBUG - Updated probability model at iteration 3
2025-04-08 13:23:21,859 - INFO - Iteration 4/500: Phase=statistical learning, SL ratio=1.00, EL ratio=0.00
2025-04-08 13:23:22,310 - DEBUG - Updated probability model at iteration 4
2025-04-08 13:23:22,310 - INFO - Iteration 5/500: Phase=statistical learning, SL ratio=1.00, EL ratio=0.00
2025-04-08 13:23:22,772 - DEBUG - Updated probability model at iteration 5
2025-04-08 13:23:22,772 - INFO - Iteration 6/500: Phase=statistical learning, SL ratio=1.00, EL ratio=0.00
2025-04-08 13:23:23,242 - DEBUG - Updated probability model at iteration 6
2025-04-08 13:23:23,242 - INFO - Iteration 7/500: Phase=statistical learning, SL ratio=1.00, EL ratio=0.00
2025-04-08 13:23:23,716 - DEBUG - Updated probability model at iteration 7
2025-04-08 13:23:23,716 - INFO - Iteration 8/500: Phase=statistical learning, SL ratio=1.00, EL ratio=0.00
2025-04-08 13:23:24,189 - DEBUG - Updated probability model at iteration 8
2025-04-08 13:23:24,189 - INFO - Iteration 9/500: Phase=statistical learning, SL ratio=1.00, EL ratio=0.00
2025-04-08 13:23:24,661 - DEBUG - Updated probability model at iteration 9
2025-04-08 13:23:24,661 - INFO - Iteration 10/500: Phase=statistical learning, SL ratio=1.00, EL ratio=0.00
2025-04-08 13:23:25,115 - DEBUG - Updated probability model at iteration 10
2025-04-08 13:23:25,115 - INFO - Iteration 11/500: Phase=statistical learning, SL ratio=1.00, EL ratio=0.00
2025-04-08 13:23:25,590 - DEBUG - Updated probability model at iteration 11
2025-04-08 13:23:25,590 - INFO - Iteration 12/500: Phase=statistical learning, SL ratio=1.00, EL ratio=0.00
2025-04-08 13:23:26,065 - DEBUG - Updated probability model at iteration 12
2025-04-08 13:23:26,065 - INFO - Iteration 13/500: Phase=statistical learning, SL ratio=1.00, EL ratio=0.00
2025-04-08 13:23:26,541 - DEBUG - Updated probability model at iteration 13
2025-04-08 13:23:26,541 - INFO - Iteration 14/500: Phase=statistical learning, SL ratio=1.00, EL ratio=0.00
2025-04-08 13:23:27,007 - DEBUG - Updated probability model at iteration 14
2025-04-08 13:23:27,007 - INFO - Iteration 15/500: Phase=statistical learning, SL ratio=1.00, EL ratio=0.00
2025-04-08 13:23:27,470 - DEBUG - Updated probability model at iteration 15
2025-04-08 13:23:27,470 - INFO - Iteration 16/500: Phase=statistical learning, SL ratio=1.00, EL ratio=0.00
2025-04-08 13:23:27,938 - DEBUG - Updated probability model at iteration 16
2025-04-08 13:23:27,938 - INFO - Iteration 17/500: Phase=statistical learning, SL ratio=1.00, EL ratio=0.00
2025-04-08 13:23:28,405 - DEBUG - Updated probability model at iteration 17
2025-04-08 13:23:28,410 - INFO - In generation 17，New best makespan: 1894.00, source: sl
2025-04-08 13:23:28,412 - INFO - Iteration 18/500: Phase=statistical learning, SL ratio=1.00, EL ratio=0.00
2025-04-08 13:23:28,882 - DEBUG - Updated probability model at iteration 18
2025-04-08 13:23:28,882 - INFO - Iteration 19/500: Phase=statistical learning, SL ratio=1.00, EL ratio=0.00
2025-04-08 13:23:29,337 - DEBUG - Updated probability model at iteration 19
2025-04-08 13:23:29,337 - INFO - Iteration 20/500: Phase=statistical learning, SL ratio=1.00, EL ratio=0.00
2025-04-08 13:23:29,801 - DEBUG - Updated probability model at iteration 20
2025-04-08 13:23:29,802 - INFO - Iteration 21/500: Phase=statistical learning, SL ratio=1.00, EL ratio=0.00
2025-04-08 13:23:30,268 - DEBUG - Updated probability model at iteration 21
2025-04-08 13:23:30,268 - INFO - Iteration 22/500: Phase=statistical learning, SL ratio=1.00, EL ratio=0.00
2025-04-08 13:23:30,730 - DEBUG - Updated probability model at iteration 22
2025-04-08 13:23:30,730 - INFO - Iteration 23/500: Phase=statistical learning, SL ratio=1.00, EL ratio=0.00
2025-04-08 13:23:31,192 - DEBUG - Updated probability model at iteration 23
2025-04-08 13:23:31,192 - INFO - Iteration 24/500: Phase=statistical learning, SL ratio=1.00, EL ratio=0.00
2025-04-08 13:23:31,647 - DEBUG - Updated probability model at iteration 24
2025-04-08 13:23:31,647 - INFO - Iteration 25/500: Phase=statistical learning, SL ratio=1.00, EL ratio=0.00
2025-04-08 13:23:32,101 - DEBUG - Updated probability model at iteration 25
2025-04-08 13:23:32,101 - INFO - Iteration 26/500: Phase=statistical learning, SL ratio=1.00, EL ratio=0.00
2025-04-08 13:23:32,560 - DEBUG - Updated probability model at iteration 26
2025-04-08 13:23:32,560 - INFO - Iteration 27/500: Phase=statistical learning, SL ratio=1.00, EL ratio=0.00
2025-04-08 13:23:33,015 - DEBUG - Updated probability model at iteration 27
2025-04-08 13:23:33,015 - INFO - Iteration 28/500: Phase=statistical learning, SL ratio=1.00, EL ratio=0.00
2025-04-08 13:23:33,475 - DEBUG - Updated probability model at iteration 28
2025-04-08 13:23:33,475 - INFO - Iteration 29/500: Phase=statistical learning, SL ratio=1.00, EL ratio=0.00
2025-04-08 13:23:33,930 - DEBUG - Updated probability model at iteration 29
2025-04-08 13:23:33,930 - INFO - Iteration 30/500: Phase=statistical learning, SL ratio=1.00, EL ratio=0.00
2025-04-08 13:23:34,396 - DEBUG - Updated probability model at iteration 30
2025-04-08 13:23:34,396 - INFO - Iteration 31/500: Phase=statistical learning, SL ratio=1.00, EL ratio=0.00
2025-04-08 13:23:34,876 - DEBUG - Updated probability model at iteration 31
2025-04-08 13:23:34,876 - INFO - Iteration 32/500: Phase=statistical learning, SL ratio=1.00, EL ratio=0.00
2025-04-08 13:23:35,344 - DEBUG - Updated probability model at iteration 32
2025-04-08 13:23:35,344 - INFO - Iteration 33/500: Phase=statistical learning, SL ratio=1.00, EL ratio=0.00
2025-04-08 13:23:35,812 - DEBUG - Updated probability model at iteration 33
2025-04-08 13:23:35,812 - INFO - Iteration 34/500: Phase=statistical learning, SL ratio=1.00, EL ratio=0.00
2025-04-08 13:23:36,287 - DEBUG - Updated probability model at iteration 34
2025-04-08 13:23:36,287 - INFO - Iteration 35/500: Phase=statistical learning, SL ratio=1.00, EL ratio=0.00
2025-04-08 13:23:36,773 - DEBUG - Updated probability model at iteration 35
2025-04-08 13:23:36,773 - INFO - Iteration 36/500: Phase=statistical learning, SL ratio=1.00, EL ratio=0.00
2025-04-08 13:23:37,241 - DEBUG - Updated probability model at iteration 36
2025-04-08 13:23:37,242 - INFO - Iteration 37/500: Phase=statistical learning, SL ratio=1.00, EL ratio=0.00
2025-04-08 13:23:37,705 - DEBUG - Updated probability model at iteration 37
2025-04-08 13:23:37,705 - INFO - Iteration 38/500: Phase=statistical learning, SL ratio=1.00, EL ratio=0.00
2025-04-08 13:23:38,168 - DEBUG - Updated probability model at iteration 38
2025-04-08 13:23:38,168 - INFO - Iteration 39/500: Phase=statistical learning, SL ratio=1.00, EL ratio=0.00
2025-04-08 13:23:38,622 - DEBUG - Updated probability model at iteration 39
2025-04-08 13:23:38,622 - INFO - Iteration 40/500: Phase=statistical learning, SL ratio=1.00, EL ratio=0.00
2025-04-08 13:23:39,079 - DEBUG - Updated probability model at iteration 40
2025-04-08 13:23:39,079 - INFO - Iteration 41/500: Phase=statistical learning, SL ratio=1.00, EL ratio=0.00
2025-04-08 13:23:39,537 - DEBUG - Updated probability model at iteration 41
2025-04-08 13:23:39,537 - INFO - Iteration 42/500: Phase=statistical learning, SL ratio=1.00, EL ratio=0.00
2025-04-08 13:23:39,988 - DEBUG - Updated probability model at iteration 42
2025-04-08 13:23:39,988 - INFO - Iteration 43/500: Phase=statistical learning, SL ratio=1.00, EL ratio=0.00
2025-04-08 13:23:40,443 - DEBUG - Updated probability model at iteration 43
2025-04-08 13:23:40,443 - INFO - Iteration 44/500: Phase=statistical learning, SL ratio=1.00, EL ratio=0.00
2025-04-08 13:23:40,899 - DEBUG - Updated probability model at iteration 44
2025-04-08 13:23:40,899 - INFO - Iteration 45/500: Phase=statistical learning, SL ratio=1.00, EL ratio=0.00
2025-04-08 13:23:41,354 - DEBUG - Updated probability model at iteration 45
2025-04-08 13:23:41,354 - INFO - Iteration 46/500: Phase=statistical learning, SL ratio=1.00, EL ratio=0.00
2025-04-08 13:23:41,816 - DEBUG - Updated probability model at iteration 46
2025-04-08 13:23:41,816 - INFO - Iteration 47/500: Phase=statistical learning, SL ratio=1.00, EL ratio=0.00
2025-04-08 13:23:42,295 - DEBUG - Updated probability model at iteration 47
2025-04-08 13:23:42,295 - INFO - Iteration 48/500: Phase=statistical learning, SL ratio=1.00, EL ratio=0.00
2025-04-08 13:23:42,748 - DEBUG - Updated probability model at iteration 48
2025-04-08 13:23:42,748 - INFO - Iteration 49/500: Phase=statistical learning, SL ratio=1.00, EL ratio=0.00
2025-04-08 13:23:43,211 - DEBUG - Updated probability model at iteration 49
2025-04-08 13:23:43,211 - INFO - Iteration 50/500: Phase=statistical learning, SL ratio=1.00, EL ratio=0.00
2025-04-08 13:23:43,670 - DEBUG - Updated probability model at iteration 50
2025-04-08 13:23:43,670 - INFO - Iteration 51/500: Phase=statistical learning, SL ratio=1.00, EL ratio=0.00
2025-04-08 13:23:44,122 - DEBUG - Updated probability model at iteration 51
2025-04-08 13:23:44,122 - INFO - Iteration 52/500: Phase=statistical learning, SL ratio=1.00, EL ratio=0.00
2025-04-08 13:23:44,588 - DEBUG - Updated probability model at iteration 52
2025-04-08 13:23:44,593 - INFO - In generation 52，New best makespan: 1889.00, source: sl
2025-04-08 13:23:44,594 - INFO - Iteration 53/500: Phase=statistical learning, SL ratio=1.00, EL ratio=0.00
2025-04-08 13:23:45,047 - DEBUG - Updated probability model at iteration 53
2025-04-08 13:23:45,047 - INFO - Iteration 54/500: Phase=statistical learning, SL ratio=1.00, EL ratio=0.00
2025-04-08 13:23:45,497 - DEBUG - Updated probability model at iteration 54
2025-04-08 13:23:45,497 - INFO - Iteration 55/500: Phase=statistical learning, SL ratio=1.00, EL ratio=0.00
2025-04-08 13:23:45,952 - DEBUG - Updated probability model at iteration 55
2025-04-08 13:23:45,952 - INFO - Iteration 56/500: Phase=statistical learning, SL ratio=1.00, EL ratio=0.00
2025-04-08 13:23:46,404 - DEBUG - Updated probability model at iteration 56
2025-04-08 13:23:46,404 - INFO - Iteration 57/500: Phase=statistical learning, SL ratio=1.00, EL ratio=0.00
2025-04-08 13:23:46,863 - DEBUG - Updated probability model at iteration 57
2025-04-08 13:23:46,863 - INFO - Iteration 58/500: Phase=statistical learning, SL ratio=1.00, EL ratio=0.00
2025-04-08 13:23:47,312 - DEBUG - Updated probability model at iteration 58
2025-04-08 13:23:47,312 - INFO - Iteration 59/500: Phase=statistical learning, SL ratio=1.00, EL ratio=0.00
2025-04-08 13:23:47,768 - DEBUG - Updated probability model at iteration 59
2025-04-08 13:23:47,768 - INFO - Iteration 60/500: Phase=statistical learning, SL ratio=1.00, EL ratio=0.00
2025-04-08 13:23:48,216 - DEBUG - Updated probability model at iteration 60
2025-04-08 13:23:48,216 - INFO - Iteration 61/500: Phase=statistical learning, SL ratio=1.00, EL ratio=0.00
2025-04-08 13:23:48,680 - DEBUG - Updated probability model at iteration 61
2025-04-08 13:23:48,680 - INFO - Iteration 62/500: Phase=statistical learning, SL ratio=1.00, EL ratio=0.00
2025-04-08 13:23:49,135 - DEBUG - Updated probability model at iteration 62
2025-04-08 13:23:49,135 - INFO - Iteration 63/500: Phase=statistical learning, SL ratio=1.00, EL ratio=0.00
2025-04-08 13:23:49,592 - DEBUG - Updated probability model at iteration 63
2025-04-08 13:23:49,592 - INFO - Iteration 64/500: Phase=statistical learning, SL ratio=1.00, EL ratio=0.00
2025-04-08 13:23:50,043 - DEBUG - Updated probability model at iteration 64
2025-04-08 13:23:50,047 - INFO - In generation 64，New best makespan: 1888.00, source: sl
2025-04-08 13:23:50,047 - INFO - Iteration 65/500: Phase=statistical learning, SL ratio=1.00, EL ratio=0.00
2025-04-08 13:23:50,510 - DEBUG - Updated probability model at iteration 65
2025-04-08 13:23:50,510 - INFO - Iteration 66/500: Phase=statistical learning, SL ratio=1.00, EL ratio=0.00
2025-04-08 13:23:50,968 - DEBUG - Updated probability model at iteration 66
2025-04-08 13:23:50,968 - INFO - Iteration 67/500: Phase=statistical learning, SL ratio=1.00, EL ratio=0.00
2025-04-08 13:23:51,421 - DEBUG - Updated probability model at iteration 67
2025-04-08 13:23:51,421 - INFO - Iteration 68/500: Phase=statistical learning, SL ratio=1.00, EL ratio=0.00
2025-04-08 13:23:51,879 - DEBUG - Updated probability model at iteration 68
2025-04-08 13:23:51,879 - INFO - Iteration 69/500: Phase=statistical learning, SL ratio=1.00, EL ratio=0.00
2025-04-08 13:23:52,330 - DEBUG - Updated probability model at iteration 69
2025-04-08 13:23:52,330 - INFO - Iteration 70/500: Phase=statistical learning, SL ratio=1.00, EL ratio=0.00
2025-04-08 13:23:52,787 - DEBUG - Updated probability model at iteration 70
2025-04-08 13:23:52,787 - INFO - Iteration 71/500: Phase=statistical learning, SL ratio=1.00, EL ratio=0.00
2025-04-08 13:23:53,246 - DEBUG - Updated probability model at iteration 71
2025-04-08 13:23:53,246 - INFO - Iteration 72/500: Phase=statistical learning, SL ratio=1.00, EL ratio=0.00
2025-04-08 13:23:53,704 - DEBUG - Updated probability model at iteration 72
2025-04-08 13:23:53,704 - INFO - Iteration 73/500: Phase=statistical learning, SL ratio=1.00, EL ratio=0.00
2025-04-08 13:23:54,166 - DEBUG - Updated probability model at iteration 73
2025-04-08 13:23:54,166 - INFO - Iteration 74/500: Phase=statistical learning, SL ratio=1.00, EL ratio=0.00
2025-04-08 13:23:54,632 - DEBUG - Updated probability model at iteration 74
2025-04-08 13:23:54,632 - INFO - Iteration 75/500: Phase=statistical learning, SL ratio=1.00, EL ratio=0.00
2025-04-08 13:23:55,087 - DEBUG - Updated probability model at iteration 75
2025-04-08 13:23:55,087 - INFO - Iteration 76/500: Phase=statistical learning, SL ratio=1.00, EL ratio=0.00
2025-04-08 13:23:55,552 - DEBUG - Updated probability model at iteration 76
2025-04-08 13:23:55,552 - INFO - Iteration 77/500: Phase=statistical learning, SL ratio=1.00, EL ratio=0.00
2025-04-08 13:23:56,019 - DEBUG - Updated probability model at iteration 77
2025-04-08 13:23:56,019 - INFO - Iteration 78/500: Phase=statistical learning, SL ratio=1.00, EL ratio=0.00
2025-04-08 13:23:56,475 - DEBUG - Updated probability model at iteration 78
2025-04-08 13:23:56,480 - INFO - In generation 78，New best makespan: 1862.00, source: sl
2025-04-08 13:23:56,480 - INFO - Iteration 79/500: Phase=statistical learning, SL ratio=1.00, EL ratio=0.00
2025-04-08 13:23:56,936 - DEBUG - Updated probability model at iteration 79
2025-04-08 13:23:56,936 - INFO - Iteration 80/500: Phase=statistical learning, SL ratio=1.00, EL ratio=0.00
2025-04-08 13:23:57,391 - DEBUG - Updated probability model at iteration 80
2025-04-08 13:23:57,391 - INFO - Iteration 81/500: Phase=statistical learning, SL ratio=1.00, EL ratio=0.00
2025-04-08 13:23:57,849 - DEBUG - Updated probability model at iteration 81
2025-04-08 13:23:57,849 - INFO - Iteration 82/500: Phase=statistical learning, SL ratio=1.00, EL ratio=0.00
2025-04-08 13:23:58,307 - DEBUG - Updated probability model at iteration 82
2025-04-08 13:23:58,307 - INFO - Iteration 83/500: Phase=statistical learning, SL ratio=1.00, EL ratio=0.00
2025-04-08 13:23:58,766 - DEBUG - Updated probability model at iteration 83
2025-04-08 13:23:58,766 - INFO - Iteration 84/500: Phase=statistical learning, SL ratio=1.00, EL ratio=0.00
2025-04-08 13:23:59,222 - DEBUG - Updated probability model at iteration 84
2025-04-08 13:23:59,222 - INFO - Iteration 85/500: Phase=statistical learning, SL ratio=1.00, EL ratio=0.00
2025-04-08 13:23:59,680 - DEBUG - Updated probability model at iteration 85
2025-04-08 13:23:59,680 - INFO - Iteration 86/500: Phase=statistical learning, SL ratio=1.00, EL ratio=0.00
2025-04-08 13:24:00,142 - DEBUG - Updated probability model at iteration 86
2025-04-08 13:24:00,142 - INFO - Iteration 87/500: Phase=statistical learning, SL ratio=1.00, EL ratio=0.00
2025-04-08 13:24:00,608 - DEBUG - Updated probability model at iteration 87
2025-04-08 13:24:00,608 - INFO - Iteration 88/500: Phase=statistical learning, SL ratio=1.00, EL ratio=0.00
2025-04-08 13:24:01,064 - DEBUG - Updated probability model at iteration 88
2025-04-08 13:24:01,064 - INFO - Iteration 89/500: Phase=statistical learning, SL ratio=1.00, EL ratio=0.00
2025-04-08 13:24:01,520 - DEBUG - Updated probability model at iteration 89
2025-04-08 13:24:01,520 - INFO - Iteration 90/500: Phase=statistical learning, SL ratio=1.00, EL ratio=0.00
2025-04-08 13:24:01,980 - DEBUG - Updated probability model at iteration 90
2025-04-08 13:24:01,980 - INFO - Iteration 91/500: Phase=statistical learning, SL ratio=1.00, EL ratio=0.00
2025-04-08 13:24:02,442 - DEBUG - Updated probability model at iteration 91
2025-04-08 13:24:02,442 - INFO - Iteration 92/500: Phase=statistical learning, SL ratio=1.00, EL ratio=0.00
2025-04-08 13:24:02,895 - DEBUG - Updated probability model at iteration 92
2025-04-08 13:24:02,895 - INFO - Iteration 93/500: Phase=statistical learning, SL ratio=1.00, EL ratio=0.00
2025-04-08 13:24:03,353 - DEBUG - Updated probability model at iteration 93
2025-04-08 13:24:03,353 - INFO - Iteration 94/500: Phase=statistical learning, SL ratio=1.00, EL ratio=0.00
2025-04-08 13:24:03,814 - DEBUG - Updated probability model at iteration 94
2025-04-08 13:24:03,814 - INFO - Iteration 95/500: Phase=statistical learning, SL ratio=1.00, EL ratio=0.00
2025-04-08 13:24:04,273 - DEBUG - Updated probability model at iteration 95
2025-04-08 13:24:04,273 - INFO - Iteration 96/500: Phase=statistical learning, SL ratio=1.00, EL ratio=0.00
2025-04-08 13:24:04,726 - DEBUG - Updated probability model at iteration 96
2025-04-08 13:24:04,726 - INFO - Iteration 97/500: Phase=statistical learning, SL ratio=1.00, EL ratio=0.00
2025-04-08 13:24:05,190 - DEBUG - Updated probability model at iteration 97
2025-04-08 13:24:05,190 - INFO - Iteration 98/500: Phase=statistical learning, SL ratio=1.00, EL ratio=0.00
2025-04-08 13:24:05,650 - DEBUG - Updated probability model at iteration 98
2025-04-08 13:24:05,650 - INFO - Iteration 99/500: Phase=statistical learning, SL ratio=1.00, EL ratio=0.00
2025-04-08 13:24:06,097 - DEBUG - Updated probability model at iteration 99
2025-04-08 13:24:06,097 - INFO - Iteration 100/500: Phase=statistical learning, SL ratio=1.00, EL ratio=0.00
2025-04-08 13:24:06,553 - DEBUG - Updated probability model at iteration 100
2025-04-08 13:24:06,553 - INFO - Iteration 101/500: Phase=statistical learning, SL ratio=1.00, EL ratio=0.00
2025-04-08 13:24:07,005 - DEBUG - Updated probability model at iteration 101
2025-04-08 13:24:07,005 - INFO - 
SL is stagnating, switching to hybrid phase...
2025-04-08 13:24:07,005 - INFO - Iteration 102/500: Phase=hybrid learning, SL ratio=0.90, EL ratio=0.10
2025-04-08 13:24:07,500 - DEBUG -   [SL->EL] 成功! 用SL最优解1930.00替换EL最差解1972.00, 改进了42.00
2025-04-08 13:24:07,501 - DEBUG -   [EL->SL] 成功添加2个EL解到SL种群
2025-04-08 13:24:07,502 - DEBUG - Updated probability model at iteration 102
2025-04-08 13:24:07,502 - INFO - Iteration 103/500: Phase=hybrid learning, SL ratio=0.90, EL ratio=0.10
2025-04-08 13:24:08,003 - DEBUG -   [SL->EL] 成功! 用SL最优解1934.00替换EL最差解1957.00, 改进了23.00
2025-04-08 13:24:08,004 - DEBUG -   [EL->SL] 成功添加2个EL解到SL种群
2025-04-08 13:24:08,004 - DEBUG - Updated probability model at iteration 103
2025-04-08 13:24:08,004 - INFO - Iteration 104/500: Phase=hybrid learning, SL ratio=0.90, EL ratio=0.10
2025-04-08 13:24:08,490 - DEBUG -   [SL->EL] 成功! 用SL最优解1922.00替换EL最差解1973.00, 改进了51.00
2025-04-08 13:24:08,490 - DEBUG -   [EL->SL] 成功添加2个EL解到SL种群
2025-04-08 13:24:08,490 - DEBUG - Updated probability model at iteration 104
2025-04-08 13:24:08,490 - INFO - Iteration 105/500: Phase=hybrid learning, SL ratio=0.90, EL ratio=0.10
2025-04-08 13:24:08,997 - DEBUG -   [SL->EL] 成功! 用SL最优解1955.00替换EL最差解1976.00, 改进了21.00
2025-04-08 13:24:08,997 - DEBUG -   [EL->SL] 成功添加2个EL解到SL种群
2025-04-08 13:24:08,999 - DEBUG - Updated probability model at iteration 105
2025-04-08 13:24:08,999 - INFO - Iteration 106/500: Phase=hybrid learning, SL ratio=0.90, EL ratio=0.10
2025-04-08 13:24:09,493 - DEBUG -   [SL->EL] 成功! 用SL最优解1941.00替换EL最差解2150.00, 改进了209.00
2025-04-08 13:24:09,495 - DEBUG -   [EL->SL] 成功添加2个EL解到SL种群
2025-04-08 13:24:09,496 - DEBUG - Updated probability model at iteration 106
2025-04-08 13:24:09,496 - INFO - Iteration 107/500: Phase=hybrid learning, SL ratio=0.90, EL ratio=0.10
2025-04-08 13:24:09,993 - DEBUG -   [SL->EL] 成功! 用SL最优解1918.00替换EL最差解2028.00, 改进了110.00
2025-04-08 13:24:09,993 - DEBUG -   [EL->SL] 成功添加2个EL解到SL种群
2025-04-08 13:24:09,994 - DEBUG - Updated probability model at iteration 107
2025-04-08 13:24:09,994 - INFO - Iteration 108/500: Phase=hybrid learning, SL ratio=0.90, EL ratio=0.10
2025-04-08 13:24:10,493 - DEBUG -   [SL->EL] 成功! 用SL最优解1926.00替换EL最差解1981.00, 改进了55.00
2025-04-08 13:24:10,493 - DEBUG -   [EL->SL] 成功添加2个EL解到SL种群
2025-04-08 13:24:10,494 - DEBUG - Updated probability model at iteration 108
2025-04-08 13:24:10,494 - INFO - Iteration 109/500: Phase=hybrid learning, SL ratio=0.90, EL ratio=0.10
2025-04-08 13:24:11,003 - DEBUG -   [SL->EL] 成功! 用SL最优解1916.00替换EL最差解2116.00, 改进了200.00
2025-04-08 13:24:11,004 - DEBUG -   [EL->SL] 成功添加2个EL解到SL种群
2025-04-08 13:24:11,005 - DEBUG - Updated probability model at iteration 109
2025-04-08 13:24:11,005 - INFO - Iteration 110/500: Phase=hybrid learning, SL ratio=0.90, EL ratio=0.10
2025-04-08 13:24:11,542 - DEBUG -   [SL->EL] 成功! 用SL最优解1940.00替换EL最差解1958.00, 改进了18.00
2025-04-08 13:24:11,542 - DEBUG -   [EL->SL] 成功添加2个EL解到SL种群
2025-04-08 13:24:11,543 - DEBUG - Updated probability model at iteration 110
2025-04-08 13:24:11,543 - INFO - Iteration 111/500: Phase=hybrid learning, SL ratio=0.90, EL ratio=0.10
2025-04-08 13:24:12,057 - DEBUG -   [SL->EL] 失败! SL最优解1922.00不如EL最差解1901.00
2025-04-08 13:24:12,058 - DEBUG -   [EL->SL] 成功添加2个EL解到SL种群
2025-04-08 13:24:12,059 - DEBUG - Updated probability model at iteration 111
2025-04-08 13:24:12,059 - INFO - Iteration 112/500: Phase=hybrid learning, SL ratio=0.90, EL ratio=0.10
2025-04-08 13:24:12,564 - DEBUG -   [SL->EL] 成功! 用SL最优解1918.00替换EL最差解1997.00, 改进了79.00
2025-04-08 13:24:12,564 - DEBUG -   [EL->SL] 成功添加2个EL解到SL种群
2025-04-08 13:24:12,565 - DEBUG - Updated probability model at iteration 112
2025-04-08 13:24:12,565 - INFO - Iteration 113/500: Phase=hybrid learning, SL ratio=0.90, EL ratio=0.10
2025-04-08 13:24:13,076 - DEBUG -   [SL->EL] 成功! 用SL最优解1940.00替换EL最差解2058.00, 改进了118.00
2025-04-08 13:24:13,076 - DEBUG -   [EL->SL] 成功添加2个EL解到SL种群
2025-04-08 13:24:13,077 - DEBUG - Updated probability model at iteration 113
2025-04-08 13:24:13,077 - INFO - Iteration 114/500: Phase=hybrid learning, SL ratio=0.90, EL ratio=0.10
2025-04-08 13:24:13,600 - DEBUG -   [SL->EL] 成功! 用SL最优解1956.00替换EL最差解2049.00, 改进了93.00
2025-04-08 13:24:13,601 - DEBUG -   [EL->SL] 成功添加2个EL解到SL种群
2025-04-08 13:24:13,602 - DEBUG - Updated probability model at iteration 114
2025-04-08 13:24:13,602 - INFO - Iteration 115/500: Phase=hybrid learning, SL ratio=0.90, EL ratio=0.10
2025-04-08 13:24:14,131 - DEBUG -   [SL->EL] 失败! SL最优解1935.00不如EL最差解1911.00
2025-04-08 13:24:14,131 - DEBUG -   [EL->SL] 成功添加2个EL解到SL种群
2025-04-08 13:24:14,132 - DEBUG - Updated probability model at iteration 115
2025-04-08 13:24:14,132 - INFO - Iteration 116/500: Phase=hybrid learning, SL ratio=0.90, EL ratio=0.10
2025-04-08 13:24:14,658 - DEBUG -   [SL->EL] 成功! 用SL最优解1923.00替换EL最差解2049.00, 改进了126.00
2025-04-08 13:24:14,658 - DEBUG -   [EL->SL] 成功添加2个EL解到SL种群
2025-04-08 13:24:14,659 - DEBUG - Updated probability model at iteration 116
2025-04-08 13:24:14,659 - INFO - Iteration 117/500: Phase=hybrid learning, SL ratio=0.90, EL ratio=0.10
2025-04-08 13:24:15,186 - DEBUG -   [SL->EL] 成功! 用SL最优解1958.00替换EL最差解2036.00, 改进了78.00
2025-04-08 13:24:15,187 - DEBUG -   [EL->SL] 成功添加2个EL解到SL种群
2025-04-08 13:24:15,188 - DEBUG - Updated probability model at iteration 117
2025-04-08 13:24:15,188 - INFO - Iteration 118/500: Phase=hybrid learning, SL ratio=0.90, EL ratio=0.10
2025-04-08 13:24:15,704 - DEBUG -   [SL->EL] 成功! 用SL最优解1924.00替换EL最差解2032.00, 改进了108.00
2025-04-08 13:24:15,704 - DEBUG -   [EL->SL] 成功添加2个EL解到SL种群
2025-04-08 13:24:15,705 - DEBUG - Updated probability model at iteration 118
2025-04-08 13:24:15,705 - INFO - Iteration 119/500: Phase=hybrid learning, SL ratio=0.90, EL ratio=0.10
2025-04-08 13:24:16,232 - DEBUG -   [SL->EL] 失败! SL最优解1933.00不如EL最差解1914.00
2025-04-08 13:24:16,233 - DEBUG -   [EL->SL] 成功添加2个EL解到SL种群
2025-04-08 13:24:16,234 - DEBUG - Updated probability model at iteration 119
2025-04-08 13:24:16,234 - INFO - Iteration 120/500: Phase=hybrid learning, SL ratio=0.90, EL ratio=0.10
2025-04-08 13:24:16,760 - DEBUG -   [SL->EL] 成功! 用SL最优解1935.00替换EL最差解1942.00, 改进了7.00
2025-04-08 13:24:16,760 - DEBUG -   [EL->SL] 成功添加2个EL解到SL种群
2025-04-08 13:24:16,761 - DEBUG - Updated probability model at iteration 120
2025-04-08 13:24:16,761 - INFO - Iteration 121/500: Phase=hybrid learning, SL ratio=0.90, EL ratio=0.10
2025-04-08 13:24:17,291 - DEBUG -   [SL->EL] 失败! SL最优解1932.00不如EL最差解1925.00
2025-04-08 13:24:17,292 - DEBUG -   [EL->SL] 成功添加2个EL解到SL种群
2025-04-08 13:24:17,293 - DEBUG - Updated probability model at iteration 121
2025-04-08 13:24:17,293 - INFO - Iteration 122/500: Phase=hybrid learning, SL ratio=0.90, EL ratio=0.10
2025-04-08 13:24:17,809 - DEBUG -   [SL->EL] 成功! 用SL最优解1899.00替换EL最差解1973.00, 改进了74.00
2025-04-08 13:24:17,809 - DEBUG -   [EL->SL] 成功添加2个EL解到SL种群
2025-04-08 13:24:17,810 - DEBUG - Updated probability model at iteration 122
2025-04-08 13:24:17,810 - INFO - Iteration 123/500: Phase=hybrid learning, SL ratio=0.90, EL ratio=0.10
2025-04-08 13:24:18,322 - DEBUG -   [SL->EL] 成功! 用SL最优解1920.00替换EL最差解1998.00, 改进了78.00
2025-04-08 13:24:18,322 - DEBUG -   [EL->SL] 成功添加2个EL解到SL种群
2025-04-08 13:24:18,324 - DEBUG - Updated probability model at iteration 123
2025-04-08 13:24:18,324 - INFO - Iteration 124/500: Phase=hybrid learning, SL ratio=0.90, EL ratio=0.10
2025-04-08 13:24:18,832 - DEBUG -   [SL->EL] 成功! 用SL最优解1962.00替换EL最差解2004.00, 改进了42.00
2025-04-08 13:24:18,832 - DEBUG -   [EL->SL] 成功添加2个EL解到SL种群
2025-04-08 13:24:18,833 - DEBUG - Updated probability model at iteration 124
2025-04-08 13:24:18,833 - INFO - Iteration 125/500: Phase=hybrid learning, SL ratio=0.90, EL ratio=0.10
2025-04-08 13:24:19,340 - DEBUG -   [SL->EL] 失败! SL最优解1921.00不如EL最差解1909.00
2025-04-08 13:24:19,340 - DEBUG -   [EL->SL] 成功添加2个EL解到SL种群
2025-04-08 13:24:19,341 - DEBUG - Updated probability model at iteration 125
2025-04-08 13:24:19,341 - INFO - Iteration 126/500: Phase=hybrid learning, SL ratio=0.90, EL ratio=0.10
2025-04-08 13:24:19,841 - DEBUG -   [SL->EL] 成功! 用SL最优解1933.00替换EL最差解1944.00, 改进了11.00
2025-04-08 13:24:19,842 - DEBUG -   [EL->SL] 成功添加2个EL解到SL种群
2025-04-08 13:24:19,842 - DEBUG - Updated probability model at iteration 126
2025-04-08 13:24:19,842 - INFO - Iteration 127/500: Phase=hybrid learning, SL ratio=0.90, EL ratio=0.10
2025-04-08 13:24:20,341 - DEBUG -   [SL->EL] 成功! 用SL最优解1943.00替换EL最差解1965.00, 改进了22.00
2025-04-08 13:24:20,341 - DEBUG -   [EL->SL] 成功添加2个EL解到SL种群
2025-04-08 13:24:20,342 - DEBUG - Updated probability model at iteration 127
2025-04-08 13:24:20,342 - INFO - Iteration 128/500: Phase=hybrid learning, SL ratio=0.90, EL ratio=0.10
2025-04-08 13:24:20,850 - INFO - In generation 128，New best makespan: 1861.00, source: el
2025-04-08 13:24:20,851 - DEBUG -   [SL->EL] 失败! SL最优解1913.00不如EL最差解1871.00
2025-04-08 13:24:20,851 - DEBUG -   [EL->SL] 成功添加2个EL解到SL种群
2025-04-08 13:24:20,852 - DEBUG - Updated probability model at iteration 128
2025-04-08 13:24:20,852 - INFO - Iteration 129/500: Phase=hybrid learning, SL ratio=0.90, EL ratio=0.10
2025-04-08 13:24:21,352 - DEBUG -   [SL->EL] 成功! 用SL最优解1966.00替换EL最差解2065.00, 改进了99.00
2025-04-08 13:24:21,352 - DEBUG -   [EL->SL] 成功添加2个EL解到SL种群
2025-04-08 13:24:21,353 - DEBUG - Updated probability model at iteration 129
2025-04-08 13:24:21,353 - INFO - Iteration 130/500: Phase=hybrid learning, SL ratio=0.90, EL ratio=0.10
2025-04-08 13:24:21,858 - DEBUG -   [SL->EL] 失败! SL最优解1942.00不如EL最差解1902.00
2025-04-08 13:24:21,860 - DEBUG -   [EL->SL] 成功添加2个EL解到SL种群
2025-04-08 13:24:21,861 - DEBUG - Updated probability model at iteration 130
2025-04-08 13:24:21,861 - INFO - Iteration 131/500: Phase=hybrid learning, SL ratio=0.90, EL ratio=0.10
2025-04-08 13:24:22,376 - DEBUG -   [SL->EL] 成功! 用SL最优解1931.00替换EL最差解2002.00, 改进了71.00
2025-04-08 13:24:22,377 - DEBUG -   [EL->SL] 成功添加2个EL解到SL种群
2025-04-08 13:24:22,378 - DEBUG - Updated probability model at iteration 131
2025-04-08 13:24:22,378 - INFO - Iteration 132/500: Phase=hybrid learning, SL ratio=0.90, EL ratio=0.10
2025-04-08 13:24:22,890 - DEBUG -   [SL->EL] 失败! SL最优解1935.00不如EL最差解1934.00
2025-04-08 13:24:22,891 - DEBUG -   [EL->SL] 成功添加2个EL解到SL种群
2025-04-08 13:24:22,892 - DEBUG - Updated probability model at iteration 132
2025-04-08 13:24:22,892 - INFO - EL has been consistently better for 5 iterations, adjusting ratios: SL=0.80, EL=0.20
2025-04-08 13:24:22,892 - INFO - Iteration 133/500: Phase=hybrid learning, SL ratio=0.80, EL ratio=0.20
2025-04-08 13:24:23,445 - INFO - In generation 133，New best makespan: 1859.00, source: el
2025-04-08 13:24:23,445 - DEBUG -   [SL->EL] 成功! 用SL最优解1944.00替换EL最差解1948.00, 改进了4.00
2025-04-08 13:24:23,445 - DEBUG -   [EL->SL] 成功添加4个EL解到SL种群
2025-04-08 13:24:23,447 - DEBUG - Updated probability model at iteration 133
2025-04-08 13:24:23,447 - INFO - Iteration 134/500: Phase=hybrid learning, SL ratio=0.80, EL ratio=0.20
2025-04-08 13:24:24,007 - DEBUG -   [SL->EL] 失败! SL最优解1957.00不如EL最差解1953.00
2025-04-08 13:24:24,007 - DEBUG -   [EL->SL] 成功添加4个EL解到SL种群
2025-04-08 13:24:24,009 - DEBUG - Updated probability model at iteration 134
2025-04-08 13:24:24,009 - INFO - Iteration 135/500: Phase=hybrid learning, SL ratio=0.80, EL ratio=0.20
2025-04-08 13:24:24,564 - INFO - In generation 135，New best makespan: 1857.00, source: el
2025-04-08 13:24:24,564 - DEBUG -   [SL->EL] 成功! 用SL最优解1937.00替换EL最差解1976.00, 改进了39.00
2025-04-08 13:24:24,566 - DEBUG -   [EL->SL] 成功添加4个EL解到SL种群
2025-04-08 13:24:24,566 - DEBUG - Updated probability model at iteration 135
2025-04-08 13:24:24,566 - INFO - Iteration 136/500: Phase=hybrid learning, SL ratio=0.80, EL ratio=0.20
2025-04-08 13:24:25,107 - DEBUG -   [SL->EL] 成功! 用SL最优解1921.00替换EL最差解1940.00, 改进了19.00
2025-04-08 13:24:25,107 - DEBUG -   [EL->SL] 成功添加4个EL解到SL种群
2025-04-08 13:24:25,108 - DEBUG - Updated probability model at iteration 136
2025-04-08 13:24:25,108 - INFO - Iteration 137/500: Phase=hybrid learning, SL ratio=0.80, EL ratio=0.20
2025-04-08 13:24:25,664 - INFO - In generation 137，New best makespan: 1853.00, source: el
2025-04-08 13:24:25,665 - DEBUG -   [SL->EL] 成功! 用SL最优解1940.00替换EL最差解2042.00, 改进了102.00
2025-04-08 13:24:25,665 - DEBUG -   [EL->SL] 成功添加4个EL解到SL种群
2025-04-08 13:24:25,666 - DEBUG - Updated probability model at iteration 137
2025-04-08 13:24:25,666 - INFO - EL has been consistently better for 5 iterations, adjusting ratios: SL=0.70, EL=0.30
2025-04-08 13:24:25,666 - INFO - Iteration 138/500: Phase=hybrid learning, SL ratio=0.70, EL ratio=0.30
2025-04-08 13:24:26,264 - DEBUG -   [SL->EL] 成功! 用SL最优解1917.00替换EL最差解1993.00, 改进了76.00
2025-04-08 13:24:26,265 - DEBUG -   [EL->SL] 成功添加6个EL解到SL种群
2025-04-08 13:24:26,266 - DEBUG - Updated probability model at iteration 138
2025-04-08 13:24:26,266 - INFO - Iteration 139/500: Phase=hybrid learning, SL ratio=0.70, EL ratio=0.30
2025-04-08 13:24:26,865 - INFO - In generation 139，New best makespan: 1851.00, source: el
2025-04-08 13:24:26,865 - DEBUG -   [SL->EL] 成功! 用SL最优解1877.00替换EL最差解1975.00, 改进了98.00
2025-04-08 13:24:26,867 - DEBUG -   [EL->SL] 成功添加6个EL解到SL种群
2025-04-08 13:24:26,868 - DEBUG - Updated probability model at iteration 139
2025-04-08 13:24:26,868 - INFO - Iteration 140/500: Phase=hybrid learning, SL ratio=0.70, EL ratio=0.30
2025-04-08 13:24:27,450 - INFO - In generation 140，New best makespan: 1848.00, source: el
2025-04-08 13:24:27,450 - DEBUG -   [SL->EL] 成功! 用SL最优解1926.00替换EL最差解2014.00, 改进了88.00
2025-04-08 13:24:27,451 - DEBUG -   [EL->SL] 成功添加6个EL解到SL种群
2025-04-08 13:24:27,452 - DEBUG - Updated probability model at iteration 140
2025-04-08 13:24:27,452 - INFO - Iteration 141/500: Phase=hybrid learning, SL ratio=0.70, EL ratio=0.30
2025-04-08 13:24:28,062 - DEBUG -   [SL->EL] 成功! 用SL最优解1899.00替换EL最差解2117.00, 改进了218.00
2025-04-08 13:24:28,064 - DEBUG -   [EL->SL] 成功添加6个EL解到SL种群
2025-04-08 13:24:28,064 - DEBUG - Updated probability model at iteration 141
2025-04-08 13:24:28,064 - INFO - Iteration 142/500: Phase=hybrid learning, SL ratio=0.70, EL ratio=0.30
2025-04-08 13:24:28,658 - INFO - In generation 142，New best makespan: 1847.00, source: el
2025-04-08 13:24:28,659 - DEBUG -   [SL->EL] 成功! 用SL最优解1919.00替换EL最差解1959.00, 改进了40.00
2025-04-08 13:24:28,660 - DEBUG -   [EL->SL] 成功添加6个EL解到SL种群
2025-04-08 13:24:28,661 - DEBUG - Updated probability model at iteration 142
2025-04-08 13:24:28,661 - INFO - EL has been consistently better for 5 iterations, adjusting ratios: SL=0.60, EL=0.40
2025-04-08 13:24:28,661 - INFO - Iteration 143/500: Phase=hybrid learning, SL ratio=0.60, EL ratio=0.40
2025-04-08 13:24:29,295 - DEBUG -   [SL->EL] 失败! SL最优解1922.00不如EL最差解1900.00
2025-04-08 13:24:29,296 - DEBUG -   [EL->SL] 成功添加8个EL解到SL种群
2025-04-08 13:24:29,297 - DEBUG - Updated probability model at iteration 143
2025-04-08 13:24:29,297 - INFO - Iteration 144/500: Phase=hybrid learning, SL ratio=0.60, EL ratio=0.40
2025-04-08 13:24:29,957 - INFO - In generation 144，New best makespan: 1843.00, source: el
2025-04-08 13:24:29,957 - DEBUG -   [SL->EL] 成功! 用SL最优解1884.00替换EL最差解1975.00, 改进了91.00
2025-04-08 13:24:29,959 - DEBUG -   [EL->SL] 成功添加8个EL解到SL种群
2025-04-08 13:24:29,960 - DEBUG - Updated probability model at iteration 144
2025-04-08 13:24:29,960 - INFO - Iteration 145/500: Phase=hybrid learning, SL ratio=0.60, EL ratio=0.40
2025-04-08 13:24:30,597 - DEBUG -   [SL->EL] 成功! 用SL最优解1938.00替换EL最差解1945.00, 改进了7.00
2025-04-08 13:24:30,597 - DEBUG -   [EL->SL] 成功添加8个EL解到SL种群
2025-04-08 13:24:30,597 - DEBUG - Updated probability model at iteration 145
2025-04-08 13:24:30,597 - INFO - Iteration 146/500: Phase=hybrid learning, SL ratio=0.60, EL ratio=0.40
2025-04-08 13:24:31,217 - DEBUG -   [SL->EL] 成功! 用SL最优解1918.00替换EL最差解1974.00, 改进了56.00
2025-04-08 13:24:31,218 - DEBUG -   [EL->SL] 成功添加8个EL解到SL种群
2025-04-08 13:24:31,219 - DEBUG - Updated probability model at iteration 146
2025-04-08 13:24:31,219 - INFO - Iteration 147/500: Phase=hybrid learning, SL ratio=0.60, EL ratio=0.40
2025-04-08 13:24:31,874 - INFO - In generation 147，New best makespan: 1839.00, source: el
2025-04-08 13:24:31,875 - DEBUG -   [SL->EL] 成功! 用SL最优解1923.00替换EL最差解1994.00, 改进了71.00
2025-04-08 13:24:31,875 - DEBUG -   [EL->SL] 成功添加8个EL解到SL种群
2025-04-08 13:24:31,876 - DEBUG - Updated probability model at iteration 147
2025-04-08 13:24:31,876 - INFO - EL has been consistently better for 5 iterations, adjusting ratios: SL=0.50, EL=0.50
2025-04-08 13:24:31,876 - INFO - Iteration 148/500: Phase=hybrid learning, SL ratio=0.50, EL ratio=0.50
2025-04-08 13:24:32,537 - INFO - In generation 148，New best makespan: 1837.00, source: el
2025-04-08 13:24:32,537 - DEBUG -   [SL->EL] 成功! 用SL最优解1946.00替换EL最差解2009.00, 改进了63.00
2025-04-08 13:24:32,538 - DEBUG -   [EL->SL] 成功添加10个EL解到SL种群
2025-04-08 13:24:32,540 - DEBUG - Updated probability model at iteration 148
2025-04-08 13:24:32,540 - INFO - Iteration 149/500: Phase=hybrid learning, SL ratio=0.50, EL ratio=0.50
2025-04-08 13:24:33,226 - INFO - In generation 149，New best makespan: 1836.00, source: el
2025-04-08 13:24:33,228 - DEBUG -   [SL->EL] 成功! 用SL最优解1960.00替换EL最差解2011.00, 改进了51.00
2025-04-08 13:24:33,229 - DEBUG -   [EL->SL] 成功添加10个EL解到SL种群
2025-04-08 13:24:33,230 - DEBUG - Updated probability model at iteration 149
2025-04-08 13:24:33,230 - INFO - Iteration 150/500: Phase=hybrid learning, SL ratio=0.50, EL ratio=0.50
2025-04-08 13:24:33,906 - INFO - In generation 150，New best makespan: 1830.00, source: el
2025-04-08 13:24:33,907 - DEBUG -   [SL->EL] 成功! 用SL最优解1930.00替换EL最差解1974.00, 改进了44.00
2025-04-08 13:24:33,908 - DEBUG -   [EL->SL] 成功添加10个EL解到SL种群
2025-04-08 13:24:33,910 - DEBUG - Updated probability model at iteration 150
2025-04-08 13:24:33,910 - INFO - Iteration 151/500: Phase=hybrid learning, SL ratio=0.50, EL ratio=0.50
2025-04-08 13:24:34,607 - DEBUG -   [SL->EL] 成功! 用SL最优解1892.00替换EL最差解2008.00, 改进了116.00
2025-04-08 13:24:34,608 - DEBUG -   [EL->SL] 成功添加10个EL解到SL种群
2025-04-08 13:24:34,609 - DEBUG - Updated probability model at iteration 151
2025-04-08 13:24:34,609 - INFO - Iteration 152/500: Phase=hybrid learning, SL ratio=0.50, EL ratio=0.50
2025-04-08 13:24:35,286 - INFO - In generation 152，New best makespan: 1828.00, source: el
2025-04-08 13:24:35,287 - DEBUG -   [SL->EL] 成功! 用SL最优解1927.00替换EL最差解1975.00, 改进了48.00
2025-04-08 13:24:35,288 - DEBUG -   [EL->SL] 成功添加10个EL解到SL种群
2025-04-08 13:24:35,290 - DEBUG - Updated probability model at iteration 152
2025-04-08 13:24:35,290 - INFO - EL has been consistently better for 5 iterations, adjusting ratios: SL=0.40, EL=0.60
2025-04-08 13:24:35,290 - INFO - Iteration 153/500: Phase=hybrid learning, SL ratio=0.40, EL ratio=0.60
2025-04-08 13:24:36,039 - INFO - In generation 153，New best makespan: 1825.00, source: el
2025-04-08 13:24:36,040 - DEBUG -   [SL->EL] 成功! 用SL最优解1929.00替换EL最差解2043.00, 改进了114.00
2025-04-08 13:24:36,042 - DEBUG -   [EL->SL] 成功添加12个EL解到SL种群
2025-04-08 13:24:36,042 - DEBUG - Updated probability model at iteration 153
2025-04-08 13:24:36,042 - INFO - Iteration 154/500: Phase=hybrid learning, SL ratio=0.40, EL ratio=0.60
2025-04-08 13:24:36,770 - DEBUG -   [SL->EL] 成功! 用SL最优解1866.00替换EL最差解1984.00, 改进了118.00
2025-04-08 13:24:36,773 - DEBUG -   [EL->SL] 成功添加12个EL解到SL种群
2025-04-08 13:24:36,773 - DEBUG - Updated probability model at iteration 154
2025-04-08 13:24:36,773 - INFO - Iteration 155/500: Phase=hybrid learning, SL ratio=0.40, EL ratio=0.60
2025-04-08 13:24:37,480 - DEBUG -   [SL->EL] 成功! 用SL最优解1919.00替换EL最差解1967.00, 改进了48.00
2025-04-08 13:24:37,482 - DEBUG -   [EL->SL] 成功添加12个EL解到SL种群
2025-04-08 13:24:37,483 - DEBUG - Updated probability model at iteration 155
2025-04-08 13:24:37,483 - INFO - Iteration 156/500: Phase=hybrid learning, SL ratio=0.40, EL ratio=0.60
2025-04-08 13:24:38,212 - DEBUG -   [SL->EL] 成功! 用SL最优解1936.00替换EL最差解2001.00, 改进了65.00
2025-04-08 13:24:38,212 - DEBUG -   [EL->SL] 成功添加12个EL解到SL种群
2025-04-08 13:24:38,214 - DEBUG - Updated probability model at iteration 156
2025-04-08 13:24:38,214 - INFO - Iteration 157/500: Phase=hybrid learning, SL ratio=0.40, EL ratio=0.60
2025-04-08 13:24:38,945 - INFO - In generation 157，New best makespan: 1824.00, source: el
2025-04-08 13:24:38,945 - DEBUG -   [SL->EL] 成功! 用SL最优解1897.00替换EL最差解2081.00, 改进了184.00
2025-04-08 13:24:38,947 - DEBUG -   [EL->SL] 成功添加12个EL解到SL种群
2025-04-08 13:24:38,948 - DEBUG - Updated probability model at iteration 157
2025-04-08 13:24:38,949 - INFO - EL has been consistently better for 5 iterations, adjusting ratios: SL=0.30, EL=0.70
2025-04-08 13:24:38,949 - INFO - Iteration 158/500: Phase=hybrid learning, SL ratio=0.30, EL ratio=0.70
2025-04-08 13:24:39,726 - INFO - In generation 158，New best makespan: 1822.00, source: el
2025-04-08 13:24:39,726 - DEBUG -   [SL->EL] 成功! 用SL最优解1945.00替换EL最差解1973.00, 改进了28.00
2025-04-08 13:24:39,729 - DEBUG -   [EL->SL] 成功添加14个EL解到SL种群
2025-04-08 13:24:39,729 - DEBUG - Updated probability model at iteration 158
2025-04-08 13:24:39,729 - INFO - Iteration 159/500: Phase=hybrid learning, SL ratio=0.30, EL ratio=0.70
2025-04-08 13:24:40,529 - INFO - In generation 159，New best makespan: 1820.00, source: el
2025-04-08 13:24:40,529 - DEBUG -   [SL->EL] 成功! 用SL最优解1911.00替换EL最差解1983.00, 改进了72.00
2025-04-08 13:24:40,532 - DEBUG -   [EL->SL] 成功添加14个EL解到SL种群
2025-04-08 13:24:40,532 - DEBUG - Updated probability model at iteration 159
2025-04-08 13:24:40,532 - INFO - Iteration 160/500: Phase=hybrid learning, SL ratio=0.30, EL ratio=0.70
2025-04-08 13:24:41,296 - INFO - In generation 160，New best makespan: 1819.00, source: el
2025-04-08 13:24:41,296 - DEBUG -   [SL->EL] 成功! 用SL最优解1940.00替换EL最差解1993.00, 改进了53.00
2025-04-08 13:24:41,297 - DEBUG -   [EL->SL] 成功添加14个EL解到SL种群
2025-04-08 13:24:41,299 - DEBUG - Updated probability model at iteration 160
2025-04-08 13:24:41,299 - INFO - Iteration 161/500: Phase=hybrid learning, SL ratio=0.30, EL ratio=0.70
2025-04-08 13:24:42,045 - DEBUG -   [SL->EL] 成功! 用SL最优解1903.00替换EL最差解1987.00, 改进了84.00
2025-04-08 13:24:42,047 - DEBUG -   [EL->SL] 成功添加14个EL解到SL种群
2025-04-08 13:24:42,049 - DEBUG - Updated probability model at iteration 161
2025-04-08 13:24:42,049 - INFO - Iteration 162/500: Phase=hybrid learning, SL ratio=0.30, EL ratio=0.70
2025-04-08 13:24:42,844 - INFO - In generation 162，New best makespan: 1818.00, source: el
2025-04-08 13:24:42,844 - DEBUG -   [SL->EL] 成功! 用SL最优解1936.00替换EL最差解1995.00, 改进了59.00
2025-04-08 13:24:42,847 - DEBUG -   [EL->SL] 成功添加14个EL解到SL种群
2025-04-08 13:24:42,847 - DEBUG - Updated probability model at iteration 162
2025-04-08 13:24:42,847 - INFO - EL has been consistently better for 5 iterations, adjusting ratios: SL=0.20, EL=0.80
2025-04-08 13:24:42,847 - INFO - Iteration 163/500: Phase=hybrid learning, SL ratio=0.20, EL ratio=0.80
2025-04-08 13:24:43,671 - INFO - In generation 163，New best makespan: 1808.00, source: el
2025-04-08 13:24:43,672 - DEBUG -   [SL->EL] 成功! 用SL最优解1951.00替换EL最差解1971.00, 改进了20.00
2025-04-08 13:24:43,674 - DEBUG -   [EL->SL] 成功添加16个EL解到SL种群
2025-04-08 13:24:43,674 - DEBUG - Updated probability model at iteration 163
2025-04-08 13:24:43,675 - INFO - Iteration 164/500: Phase=hybrid learning, SL ratio=0.20, EL ratio=0.80
2025-04-08 13:24:44,475 - INFO - In generation 164，New best makespan: 1807.00, source: el
2025-04-08 13:24:44,475 - DEBUG -   [SL->EL] 成功! 用SL最优解1967.00替换EL最差解2041.00, 改进了74.00
2025-04-08 13:24:44,478 - DEBUG -   [EL->SL] 成功添加16个EL解到SL种群
2025-04-08 13:24:44,479 - DEBUG - Updated probability model at iteration 164
2025-04-08 13:24:44,479 - INFO - Iteration 165/500: Phase=hybrid learning, SL ratio=0.20, EL ratio=0.80
2025-04-08 13:24:45,311 - DEBUG -   [SL->EL] 成功! 用SL最优解1944.00替换EL最差解1975.00, 改进了31.00
2025-04-08 13:24:45,312 - DEBUG -   [EL->SL] 成功添加16个EL解到SL种群
2025-04-08 13:24:45,314 - DEBUG - Updated probability model at iteration 165
2025-04-08 13:24:45,314 - INFO - Iteration 166/500: Phase=hybrid learning, SL ratio=0.20, EL ratio=0.80
2025-04-08 13:24:46,151 - DEBUG -   [SL->EL] 成功! 用SL最优解1928.00替换EL最差解1960.00, 改进了32.00
2025-04-08 13:24:46,153 - DEBUG -   [EL->SL] 成功添加16个EL解到SL种群
2025-04-08 13:24:46,154 - DEBUG - Updated probability model at iteration 166
2025-04-08 13:24:46,154 - INFO - Iteration 167/500: Phase=hybrid learning, SL ratio=0.20, EL ratio=0.80
2025-04-08 13:24:46,986 - INFO - In generation 167，New best makespan: 1800.00, source: el
2025-04-08 13:24:46,986 - DEBUG -   [SL->EL] 成功! 用SL最优解1929.00替换EL最差解1931.00, 改进了2.00
2025-04-08 13:24:46,988 - DEBUG -   [EL->SL] 成功添加16个EL解到SL种群
2025-04-08 13:24:46,990 - DEBUG - Updated probability model at iteration 167
2025-04-08 13:24:46,990 - INFO - EL has been consistently better for 5 iterations, adjusting ratios: SL=0.10, EL=0.90
2025-04-08 13:24:46,990 - INFO - Iteration 168/500: Phase=hybrid learning, SL ratio=0.10, EL ratio=0.90
2025-04-08 13:24:47,844 - INFO - In generation 168，New best makespan: 1797.00, source: el
2025-04-08 13:24:47,844 - DEBUG -   [SL->EL] 成功! 用SL最优解1936.00替换EL最差解1980.00, 改进了44.00
2025-04-08 13:24:47,853 - DEBUG -   [EL->SL] 成功添加18个EL解到SL种群
2025-04-08 13:24:47,854 - DEBUG - Updated probability model at iteration 168
2025-04-08 13:24:47,854 - INFO - Iteration 169/500: Phase=hybrid learning, SL ratio=0.10, EL ratio=0.90
2025-04-08 13:24:48,718 - DEBUG -   [SL->EL] 失败! SL最优解1988.00不如EL最差解1952.00
2025-04-08 13:24:48,720 - DEBUG -   [EL->SL] 成功添加18个EL解到SL种群
2025-04-08 13:24:48,720 - DEBUG - Updated probability model at iteration 169
2025-04-08 13:24:48,720 - INFO - Iteration 170/500: Phase=hybrid learning, SL ratio=0.10, EL ratio=0.90
2025-04-08 13:24:49,590 - INFO - In generation 170，New best makespan: 1786.00, source: el
2025-04-08 13:24:49,590 - DEBUG -   [SL->EL] 成功! 用SL最优解1980.00替换EL最差解2018.00, 改进了38.00
2025-04-08 13:24:49,592 - DEBUG -   [EL->SL] 成功添加18个EL解到SL种群
2025-04-08 13:24:49,593 - DEBUG - Updated probability model at iteration 170
2025-04-08 13:24:49,593 - INFO - Iteration 171/500: Phase=hybrid learning, SL ratio=0.10, EL ratio=0.90
2025-04-08 13:24:50,466 - DEBUG -   [SL->EL] 成功! 用SL最优解1982.00替换EL最差解2090.00, 改进了108.00
2025-04-08 13:24:50,469 - DEBUG -   [EL->SL] 成功添加18个EL解到SL种群
2025-04-08 13:24:50,470 - DEBUG - Updated probability model at iteration 171
2025-04-08 13:24:50,470 - INFO - Iteration 172/500: Phase=hybrid learning, SL ratio=0.10, EL ratio=0.90
2025-04-08 13:24:51,336 - INFO - In generation 172，New best makespan: 1782.00, source: el
2025-04-08 13:24:51,336 - DEBUG -   [SL->EL] 失败! SL最优解1988.00不如EL最差解1941.00
2025-04-08 13:24:51,340 - DEBUG -   [EL->SL] 成功添加18个EL解到SL种群
2025-04-08 13:24:51,340 - DEBUG - Updated probability model at iteration 172
2025-04-08 13:24:51,340 - INFO - EL has been consistently better for 5 iterations, adjusting ratios: SL=0.10, EL=0.90
2025-04-08 13:24:51,341 - INFO - Iteration 173/500: Phase=hybrid learning, SL ratio=0.10, EL ratio=0.90
2025-04-08 13:24:52,243 - DEBUG -   [SL->EL] 失败! SL最优解1957.00不如EL最差解1953.00
2025-04-08 13:24:52,245 - DEBUG -   [EL->SL] 成功添加18个EL解到SL种群
2025-04-08 13:24:52,247 - DEBUG - Updated probability model at iteration 173
2025-04-08 13:24:52,247 - INFO - Iteration 174/500: Phase=hybrid learning, SL ratio=0.10, EL ratio=0.90
2025-04-08 13:24:53,137 - INFO - In generation 174，New best makespan: 1773.00, source: el
2025-04-08 13:24:53,138 - DEBUG -   [SL->EL] 成功! 用SL最优解1903.00替换EL最差解1910.00, 改进了7.00
2025-04-08 13:24:53,141 - DEBUG -   [EL->SL] 成功添加18个EL解到SL种群
2025-04-08 13:24:53,142 - DEBUG - Updated probability model at iteration 174
2025-04-08 13:24:53,142 - INFO - Iteration 175/500: Phase=hybrid learning, SL ratio=0.10, EL ratio=0.90
2025-04-08 13:24:54,012 - INFO - In generation 175，New best makespan: 1758.00, source: el
2025-04-08 13:24:54,012 - DEBUG -   [SL->EL] 成功! 用SL最优解1950.00替换EL最差解1997.00, 改进了47.00
2025-04-08 13:24:54,015 - DEBUG -   [EL->SL] 成功添加18个EL解到SL种群
2025-04-08 13:24:54,016 - DEBUG - Updated probability model at iteration 175
2025-04-08 13:24:54,016 - INFO - Iteration 176/500: Phase=hybrid learning, SL ratio=0.10, EL ratio=0.90
2025-04-08 13:24:54,879 - DEBUG -   [SL->EL] 失败! SL最优解1941.00不如EL最差解1928.00
2025-04-08 13:24:54,882 - DEBUG -   [EL->SL] 成功添加18个EL解到SL种群
2025-04-08 13:24:54,882 - DEBUG - Updated probability model at iteration 176
2025-04-08 13:24:54,882 - INFO - Iteration 177/500: Phase=hybrid learning, SL ratio=0.10, EL ratio=0.90
2025-04-08 13:24:55,762 - INFO - In generation 177，New best makespan: 1753.00, source: el
2025-04-08 13:24:55,762 - DEBUG -   [SL->EL] 成功! 用SL最优解1898.00替换EL最差解1963.00, 改进了65.00
2025-04-08 13:24:55,764 - DEBUG -   [EL->SL] 成功添加18个EL解到SL种群
2025-04-08 13:24:55,764 - DEBUG - Updated probability model at iteration 177
2025-04-08 13:24:55,764 - INFO - EL has been consistently better for 5 iterations, adjusting ratios: SL=0.10, EL=0.90
2025-04-08 13:24:55,765 - INFO - Iteration 178/500: Phase=hybrid learning, SL ratio=0.10, EL ratio=0.90
2025-04-08 13:24:56,613 - DEBUG -   [SL->EL] 成功! 用SL最优解1886.00替换EL最差解2013.00, 改进了127.00
2025-04-08 13:24:56,615 - DEBUG -   [EL->SL] 成功添加18个EL解到SL种群
2025-04-08 13:24:56,617 - DEBUG - Updated probability model at iteration 178
2025-04-08 13:24:56,617 - INFO - Iteration 179/500: Phase=hybrid learning, SL ratio=0.10, EL ratio=0.90
2025-04-08 13:24:57,459 - DEBUG -   [SL->EL] 成功! 用SL最优解1924.00替换EL最差解1997.00, 改进了73.00
2025-04-08 13:24:57,462 - DEBUG -   [EL->SL] 成功添加18个EL解到SL种群
2025-04-08 13:24:57,462 - DEBUG - Updated probability model at iteration 179
2025-04-08 13:24:57,462 - INFO - Iteration 180/500: Phase=hybrid learning, SL ratio=0.10, EL ratio=0.90
2025-04-08 13:24:58,371 - INFO - In generation 180，New best makespan: 1746.00, source: el
2025-04-08 13:24:58,371 - DEBUG -   [SL->EL] 成功! 用SL最优解1895.00替换EL最差解1938.00, 改进了43.00
2025-04-08 13:24:58,374 - DEBUG -   [EL->SL] 成功添加18个EL解到SL种群
2025-04-08 13:24:58,374 - DEBUG - Updated probability model at iteration 180
2025-04-08 13:24:58,374 - INFO - Iteration 181/500: Phase=hybrid learning, SL ratio=0.10, EL ratio=0.90
2025-04-08 13:24:59,256 - INFO - In generation 181，New best makespan: 1734.00, source: el
2025-04-08 13:24:59,257 - DEBUG -   [SL->EL] 失败! SL最优解1912.00不如EL最差解1881.00
2025-04-08 13:24:59,258 - DEBUG -   [EL->SL] 成功添加18个EL解到SL种群
2025-04-08 13:24:59,260 - DEBUG - Updated probability model at iteration 181
2025-04-08 13:24:59,260 - INFO - Iteration 182/500: Phase=hybrid learning, SL ratio=0.10, EL ratio=0.90
2025-04-08 13:25:00,114 - DEBUG -   [SL->EL] 失败! SL最优解1945.00不如EL最差解1890.00
2025-04-08 13:25:00,118 - DEBUG -   [EL->SL] 成功添加18个EL解到SL种群
2025-04-08 13:25:00,118 - DEBUG - Updated probability model at iteration 182
2025-04-08 13:25:00,118 - INFO - EL has been consistently better for 5 iterations, adjusting ratios: SL=0.10, EL=0.90
2025-04-08 13:25:00,118 - INFO - Iteration 183/500: Phase=hybrid learning, SL ratio=0.10, EL ratio=0.90
2025-04-08 13:25:00,970 - INFO - In generation 183，New best makespan: 1732.00, source: el
2025-04-08 13:25:00,971 - DEBUG -   [SL->EL] 成功! 用SL最优解1919.00替换EL最差解1933.00, 改进了14.00
2025-04-08 13:25:00,973 - DEBUG -   [EL->SL] 成功添加18个EL解到SL种群
2025-04-08 13:25:00,974 - DEBUG - Updated probability model at iteration 183
2025-04-08 13:25:00,974 - INFO - Iteration 184/500: Phase=hybrid learning, SL ratio=0.10, EL ratio=0.90
2025-04-08 13:25:01,816 - INFO - In generation 184，New best makespan: 1727.00, source: el
2025-04-08 13:25:01,816 - DEBUG -   [SL->EL] 成功! 用SL最优解1925.00替换EL最差解1957.00, 改进了32.00
2025-04-08 13:25:01,820 - DEBUG -   [EL->SL] 成功添加18个EL解到SL种群
2025-04-08 13:25:01,821 - DEBUG - Updated probability model at iteration 184
2025-04-08 13:25:01,821 - INFO - Iteration 185/500: Phase=hybrid learning, SL ratio=0.10, EL ratio=0.90
2025-04-08 13:25:02,683 - DEBUG -   [SL->EL] 成功! 用SL最优解1897.00替换EL最差解1961.00, 改进了64.00
2025-04-08 13:25:02,686 - DEBUG -   [EL->SL] 成功添加18个EL解到SL种群
2025-04-08 13:25:02,686 - DEBUG - Updated probability model at iteration 185
2025-04-08 13:25:02,686 - INFO - Iteration 186/500: Phase=hybrid learning, SL ratio=0.10, EL ratio=0.90
2025-04-08 13:25:03,612 - INFO - In generation 186，New best makespan: 1723.00, source: el
2025-04-08 13:25:03,612 - DEBUG -   [SL->EL] 成功! 用SL最优解1892.00替换EL最差解1932.00, 改进了40.00
2025-04-08 13:25:03,615 - DEBUG -   [EL->SL] 成功添加18个EL解到SL种群
2025-04-08 13:25:03,616 - DEBUG - Updated probability model at iteration 186
2025-04-08 13:25:03,616 - INFO - Iteration 187/500: Phase=hybrid learning, SL ratio=0.10, EL ratio=0.90
2025-04-08 13:25:04,488 - INFO - In generation 187，New best makespan: 1722.00, source: el
2025-04-08 13:25:04,488 - DEBUG -   [SL->EL] 失败! SL最优解1953.00不如EL最差解1902.00
2025-04-08 13:25:04,492 - DEBUG -   [EL->SL] 成功添加18个EL解到SL种群
2025-04-08 13:25:04,492 - DEBUG - Updated probability model at iteration 187
2025-04-08 13:25:04,492 - INFO - EL has been consistently better for 5 iterations, adjusting ratios: SL=0.10, EL=0.90
2025-04-08 13:25:04,492 - INFO - Iteration 188/500: Phase=hybrid learning, SL ratio=0.10, EL ratio=0.90
2025-04-08 13:25:05,374 - INFO - In generation 188，New best makespan: 1717.00, source: el
2025-04-08 13:25:05,374 - DEBUG -   [SL->EL] 失败! SL最优解1936.00不如EL最差解1933.00
2025-04-08 13:25:05,376 - DEBUG -   [EL->SL] 成功添加18个EL解到SL种群
2025-04-08 13:25:05,378 - DEBUG - Updated probability model at iteration 188
2025-04-08 13:25:05,378 - INFO - Iteration 189/500: Phase=hybrid learning, SL ratio=0.10, EL ratio=0.90
2025-04-08 13:25:06,246 - DEBUG -   [SL->EL] 失败! SL最优解1918.00不如EL最差解1918.00
2025-04-08 13:25:06,249 - DEBUG -   [EL->SL] 成功添加18个EL解到SL种群
2025-04-08 13:25:06,250 - DEBUG - Updated probability model at iteration 189
2025-04-08 13:25:06,250 - INFO - Iteration 190/500: Phase=hybrid learning, SL ratio=0.10, EL ratio=0.90
2025-04-08 13:25:07,144 - INFO - In generation 190，New best makespan: 1709.00, source: el
2025-04-08 13:25:07,145 - DEBUG -   [SL->EL] 成功! 用SL最优解1888.00替换EL最差解1922.00, 改进了34.00
2025-04-08 13:25:07,148 - DEBUG -   [EL->SL] 成功添加18个EL解到SL种群
2025-04-08 13:25:07,148 - DEBUG - Updated probability model at iteration 190
2025-04-08 13:25:07,148 - INFO - Iteration 191/500: Phase=hybrid learning, SL ratio=0.10, EL ratio=0.90
2025-04-08 13:25:08,009 - DEBUG -   [SL->EL] 成功! 用SL最优解1905.00替换EL最差解1907.00, 改进了2.00
2025-04-08 13:25:08,012 - DEBUG -   [EL->SL] 成功添加18个EL解到SL种群
2025-04-08 13:25:08,012 - DEBUG - Updated probability model at iteration 191
2025-04-08 13:25:08,012 - INFO - Iteration 192/500: Phase=hybrid learning, SL ratio=0.10, EL ratio=0.90
2025-04-08 13:25:08,891 - INFO - In generation 192，New best makespan: 1708.00, source: el
2025-04-08 13:25:08,891 - DEBUG -   [SL->EL] 成功! 用SL最优解1864.00替换EL最差解1884.00, 改进了20.00
2025-04-08 13:25:08,893 - DEBUG -   [EL->SL] 成功添加18个EL解到SL种群
2025-04-08 13:25:08,894 - DEBUG - Updated probability model at iteration 192
2025-04-08 13:25:08,894 - INFO - EL has been consistently better for 5 iterations, adjusting ratios: SL=0.10, EL=0.90
2025-04-08 13:25:08,894 - INFO - Iteration 193/500: Phase=hybrid learning, SL ratio=0.10, EL ratio=0.90
2025-04-08 13:25:09,778 - DEBUG -   [SL->EL] 成功! 用SL最优解1881.00替换EL最差解1907.00, 改进了26.00
2025-04-08 13:25:09,780 - DEBUG -   [EL->SL] 成功添加18个EL解到SL种群
2025-04-08 13:25:09,781 - DEBUG - Updated probability model at iteration 193
2025-04-08 13:25:09,781 - INFO - Iteration 194/500: Phase=hybrid learning, SL ratio=0.10, EL ratio=0.90
2025-04-08 13:25:10,725 - INFO - In generation 194，New best makespan: 1705.00, source: el
2025-04-08 13:25:10,725 - DEBUG -   [SL->EL] 成功! 用SL最优解1831.00替换EL最差解1848.00, 改进了17.00
2025-04-08 13:25:10,728 - DEBUG -   [EL->SL] 成功添加18个EL解到SL种群
2025-04-08 13:25:10,729 - DEBUG - Updated probability model at iteration 194
2025-04-08 13:25:10,729 - INFO - Iteration 195/500: Phase=hybrid learning, SL ratio=0.10, EL ratio=0.90
2025-04-08 13:25:11,629 - INFO - In generation 195，New best makespan: 1704.00, source: el
2025-04-08 13:25:11,629 - DEBUG -   [SL->EL] 失败! SL最优解1933.00不如EL最差解1803.00
2025-04-08 13:25:11,632 - DEBUG -   [EL->SL] 成功添加18个EL解到SL种群
2025-04-08 13:25:11,632 - DEBUG - Updated probability model at iteration 195
2025-04-08 13:25:11,632 - INFO - Iteration 196/500: Phase=hybrid learning, SL ratio=0.10, EL ratio=0.90
2025-04-08 13:25:12,517 - INFO - In generation 196，New best makespan: 1699.00, source: el
2025-04-08 13:25:12,518 - DEBUG -   [SL->EL] 成功! 用SL最优解1823.00替换EL最差解1877.00, 改进了54.00
2025-04-08 13:25:12,521 - DEBUG -   [EL->SL] 成功添加18个EL解到SL种群
2025-04-08 13:25:12,521 - DEBUG - Updated probability model at iteration 196
2025-04-08 13:25:12,521 - INFO - Iteration 197/500: Phase=hybrid learning, SL ratio=0.10, EL ratio=0.90
2025-04-08 13:25:13,423 - INFO - In generation 197，New best makespan: 1697.00, source: el
2025-04-08 13:25:13,424 - DEBUG -   [SL->EL] 失败! SL最优解1946.00不如EL最差解1895.00
2025-04-08 13:25:13,426 - DEBUG -   [EL->SL] 成功添加18个EL解到SL种群
2025-04-08 13:25:13,426 - DEBUG - Updated probability model at iteration 197
2025-04-08 13:25:13,426 - INFO - EL has been consistently better for 5 iterations, adjusting ratios: SL=0.10, EL=0.90
2025-04-08 13:25:13,426 - INFO - Iteration 198/500: Phase=hybrid learning, SL ratio=0.10, EL ratio=0.90
2025-04-08 13:25:14,277 - INFO - In generation 198，New best makespan: 1696.00, source: el
2025-04-08 13:25:14,277 - DEBUG -   [SL->EL] 成功! 用SL最优解1840.00替换EL最差解1844.00, 改进了4.00
2025-04-08 13:25:14,280 - DEBUG -   [EL->SL] 成功添加18个EL解到SL种群
2025-04-08 13:25:14,281 - DEBUG - Updated probability model at iteration 198
2025-04-08 13:25:14,281 - INFO - Iteration 199/500: Phase=hybrid learning, SL ratio=0.10, EL ratio=0.90
2025-04-08 13:25:15,137 - INFO - In generation 199，New best makespan: 1693.00, source: el
2025-04-08 13:25:15,137 - DEBUG -   [SL->EL] 失败! SL最优解1869.00不如EL最差解1838.00
2025-04-08 13:25:15,141 - DEBUG -   [EL->SL] 成功添加18个EL解到SL种群
2025-04-08 13:25:15,141 - DEBUG - Updated probability model at iteration 199
2025-04-08 13:25:15,141 - INFO - Iteration 200/500: Phase=hybrid learning, SL ratio=0.10, EL ratio=0.90
2025-04-08 13:25:16,030 - DEBUG -   [SL->EL] 成功! 用SL最优解1792.00替换EL最差解1915.00, 改进了123.00
2025-04-08 13:25:16,032 - DEBUG -   [EL->SL] 成功添加18个EL解到SL种群
2025-04-08 13:25:16,033 - DEBUG - Updated probability model at iteration 200
2025-04-08 13:25:16,033 - INFO - Iteration 201/500: Phase=hybrid learning, SL ratio=0.10, EL ratio=0.90
2025-04-08 13:25:16,936 - INFO - In generation 201，New best makespan: 1691.00, source: el
2025-04-08 13:25:16,936 - DEBUG -   [SL->EL] 成功! 用SL最优解1890.00替换EL最差解1902.00, 改进了12.00
2025-04-08 13:25:16,938 - DEBUG -   [EL->SL] 成功添加18个EL解到SL种群
2025-04-08 13:25:16,938 - DEBUG - Updated probability model at iteration 201
2025-04-08 13:25:16,938 - INFO - Iteration 202/500: Phase=hybrid learning, SL ratio=0.10, EL ratio=0.90
2025-04-08 13:25:17,841 - INFO - In generation 202，New best makespan: 1690.00, source: el
2025-04-08 13:25:17,841 - DEBUG -   [SL->EL] 失败! SL最优解1901.00不如EL最差解1877.00
2025-04-08 13:25:17,844 - DEBUG -   [EL->SL] 成功添加18个EL解到SL种群
2025-04-08 13:25:17,844 - DEBUG - Updated probability model at iteration 202
2025-04-08 13:25:17,844 - INFO - EL has been consistently better for 5 iterations, adjusting ratios: SL=0.10, EL=0.90
2025-04-08 13:25:17,844 - INFO - Iteration 203/500: Phase=hybrid learning, SL ratio=0.10, EL ratio=0.90
2025-04-08 13:25:18,746 - INFO - In generation 203，New best makespan: 1689.00, source: el
2025-04-08 13:25:18,747 - DEBUG -   [SL->EL] 失败! SL最优解1944.00不如EL最差解1863.00
2025-04-08 13:25:18,750 - DEBUG -   [EL->SL] 成功添加18个EL解到SL种群
2025-04-08 13:25:18,750 - DEBUG - Updated probability model at iteration 203
2025-04-08 13:25:18,750 - INFO - Iteration 204/500: Phase=hybrid learning, SL ratio=0.10, EL ratio=0.90
2025-04-08 13:25:19,624 - DEBUG -   [SL->EL] 成功! 用SL最优解1833.00替换EL最差解1916.00, 改进了83.00
2025-04-08 13:25:19,626 - DEBUG -   [EL->SL] 成功添加18个EL解到SL种群
2025-04-08 13:25:19,626 - DEBUG - Updated probability model at iteration 204
2025-04-08 13:25:19,626 - INFO - Iteration 205/500: Phase=hybrid learning, SL ratio=0.10, EL ratio=0.90
2025-04-08 13:25:20,535 - INFO - In generation 205，New best makespan: 1687.00, source: el
2025-04-08 13:25:20,536 - DEBUG -   [SL->EL] 成功! 用SL最优解1842.00替换EL最差解1894.00, 改进了52.00
2025-04-08 13:25:20,538 - DEBUG -   [EL->SL] 成功添加18个EL解到SL种群
2025-04-08 13:25:20,541 - DEBUG - Updated probability model at iteration 205
2025-04-08 13:25:20,541 - INFO - Iteration 206/500: Phase=hybrid learning, SL ratio=0.10, EL ratio=0.90
2025-04-08 13:25:21,453 - DEBUG -   [SL->EL] 失败! SL最优解1941.00不如EL最差解1848.00
2025-04-08 13:25:21,456 - DEBUG -   [EL->SL] 成功添加18个EL解到SL种群
2025-04-08 13:25:21,456 - DEBUG - Updated probability model at iteration 206
2025-04-08 13:25:21,456 - INFO - Iteration 207/500: Phase=hybrid learning, SL ratio=0.10, EL ratio=0.90
2025-04-08 13:25:22,358 - INFO - In generation 207，New best makespan: 1684.00, source: el
2025-04-08 13:25:22,359 - DEBUG -   [SL->EL] 成功! 用SL最优解1848.00替换EL最差解1881.00, 改进了33.00
2025-04-08 13:25:22,362 - DEBUG -   [EL->SL] 成功添加18个EL解到SL种群
2025-04-08 13:25:22,362 - DEBUG - Updated probability model at iteration 207
2025-04-08 13:25:22,362 - INFO - EL has been consistently better for 5 iterations, adjusting ratios: SL=0.10, EL=0.90
2025-04-08 13:25:22,362 - INFO - Iteration 208/500: Phase=hybrid learning, SL ratio=0.10, EL ratio=0.90
2025-04-08 13:25:23,226 - INFO - In generation 208，New best makespan: 1683.00, source: el
2025-04-08 13:25:23,227 - DEBUG -   [SL->EL] 失败! SL最优解1905.00不如EL最差解1884.00
2025-04-08 13:25:23,230 - DEBUG -   [EL->SL] 成功添加18个EL解到SL种群
2025-04-08 13:25:23,231 - DEBUG - Updated probability model at iteration 208
2025-04-08 13:25:23,231 - INFO - Iteration 209/500: Phase=hybrid learning, SL ratio=0.10, EL ratio=0.90
2025-04-08 13:25:24,150 - DEBUG -   [SL->EL] 成功! 用SL最优解1843.00替换EL最差解1959.00, 改进了116.00
2025-04-08 13:25:24,153 - DEBUG -   [EL->SL] 成功添加18个EL解到SL种群
2025-04-08 13:25:24,153 - DEBUG - Updated probability model at iteration 209
2025-04-08 13:25:24,153 - INFO - Iteration 210/500: Phase=hybrid learning, SL ratio=0.10, EL ratio=0.90
2025-04-08 13:25:25,045 - DEBUG -   [SL->EL] 成功! 用SL最优解1824.00替换EL最差解1891.00, 改进了67.00
2025-04-08 13:25:25,047 - DEBUG -   [EL->SL] 成功添加18个EL解到SL种群
2025-04-08 13:25:25,048 - DEBUG - Updated probability model at iteration 210
2025-04-08 13:25:25,048 - INFO - Iteration 211/500: Phase=hybrid learning, SL ratio=0.10, EL ratio=0.90
2025-04-08 13:25:25,904 - DEBUG -   [SL->EL] 成功! 用SL最优解1846.00替换EL最差解1848.00, 改进了2.00
2025-04-08 13:25:25,906 - DEBUG -   [EL->SL] 成功添加18个EL解到SL种群
2025-04-08 13:25:25,906 - DEBUG - Updated probability model at iteration 211
2025-04-08 13:25:25,906 - INFO - Iteration 212/500: Phase=hybrid learning, SL ratio=0.10, EL ratio=0.90
2025-04-08 13:25:26,758 - INFO - In generation 212，New best makespan: 1680.00, source: el
2025-04-08 13:25:26,759 - DEBUG -   [SL->EL] 成功! 用SL最优解1855.00替换EL最差解1912.00, 改进了57.00
2025-04-08 13:25:26,761 - DEBUG -   [EL->SL] 成功添加18个EL解到SL种群
2025-04-08 13:25:26,762 - DEBUG - Updated probability model at iteration 212
2025-04-08 13:25:26,762 - INFO - EL has been consistently better for 5 iterations, adjusting ratios: SL=0.10, EL=0.90
2025-04-08 13:25:26,762 - INFO - Iteration 213/500: Phase=hybrid learning, SL ratio=0.10, EL ratio=0.90
2025-04-08 13:25:27,647 - DEBUG -   [SL->EL] 成功! 用SL最优解1861.00替换EL最差解1875.00, 改进了14.00
2025-04-08 13:25:27,651 - DEBUG -   [EL->SL] 成功添加18个EL解到SL种群
2025-04-08 13:25:27,651 - DEBUG - Updated probability model at iteration 213
2025-04-08 13:25:27,651 - INFO - Iteration 214/500: Phase=hybrid learning, SL ratio=0.10, EL ratio=0.90
2025-04-08 13:25:28,510 - INFO - In generation 214，New best makespan: 1676.00, source: el
2025-04-08 13:25:28,510 - DEBUG -   [SL->EL] 失败! SL最优解1843.00不如EL最差解1838.00
2025-04-08 13:25:28,514 - DEBUG -   [EL->SL] 成功添加18个EL解到SL种群
2025-04-08 13:25:28,514 - DEBUG - Updated probability model at iteration 214
2025-04-08 13:25:28,514 - INFO - Iteration 215/500: Phase=hybrid learning, SL ratio=0.10, EL ratio=0.90
2025-04-08 13:25:29,420 - INFO - In generation 215，New best makespan: 1675.00, source: el
2025-04-08 13:25:29,421 - DEBUG -   [SL->EL] 成功! 用SL最优解1858.00替换EL最差解1902.00, 改进了44.00
2025-04-08 13:25:29,423 - DEBUG -   [EL->SL] 成功添加18个EL解到SL种群
2025-04-08 13:25:29,423 - DEBUG - Updated probability model at iteration 215
2025-04-08 13:25:29,424 - INFO - Iteration 216/500: Phase=hybrid learning, SL ratio=0.10, EL ratio=0.90
2025-04-08 13:25:30,300 - DEBUG -   [SL->EL] 成功! 用SL最优解1872.00替换EL最差解1894.00, 改进了22.00
2025-04-08 13:25:30,302 - DEBUG -   [EL->SL] 成功添加18个EL解到SL种群
2025-04-08 13:25:30,303 - DEBUG - Updated probability model at iteration 216
2025-04-08 13:25:30,303 - INFO - Iteration 217/500: Phase=hybrid learning, SL ratio=0.10, EL ratio=0.90
2025-04-08 13:25:31,162 - DEBUG -   [SL->EL] 失败! SL最优解1993.00不如EL最差解1851.00
2025-04-08 13:25:31,164 - DEBUG -   [EL->SL] 成功添加18个EL解到SL种群
2025-04-08 13:25:31,165 - DEBUG - Updated probability model at iteration 217
2025-04-08 13:25:31,165 - INFO - EL has been consistently better for 5 iterations, adjusting ratios: SL=0.10, EL=0.90
2025-04-08 13:25:31,165 - INFO - Iteration 218/500: Phase=hybrid learning, SL ratio=0.10, EL ratio=0.90
2025-04-08 13:25:32,067 - INFO - In generation 218，New best makespan: 1671.00, source: el
2025-04-08 13:25:32,068 - DEBUG -   [SL->EL] 失败! SL最优解1922.00不如EL最差解1874.00
2025-04-08 13:25:32,071 - DEBUG -   [EL->SL] 成功添加18个EL解到SL种群
2025-04-08 13:25:32,071 - DEBUG - Updated probability model at iteration 218
2025-04-08 13:25:32,071 - INFO - Iteration 219/500: Phase=hybrid learning, SL ratio=0.10, EL ratio=0.90
2025-04-08 13:25:32,954 - DEBUG -   [SL->EL] 失败! SL最优解1853.00不如EL最差解1835.00
2025-04-08 13:25:32,957 - DEBUG -   [EL->SL] 成功添加18个EL解到SL种群
2025-04-08 13:25:32,957 - DEBUG - Updated probability model at iteration 219
2025-04-08 13:25:32,957 - INFO - Iteration 220/500: Phase=hybrid learning, SL ratio=0.10, EL ratio=0.90
2025-04-08 13:25:33,820 - DEBUG -   [SL->EL] 失败! SL最优解1887.00不如EL最差解1854.00
2025-04-08 13:25:33,823 - DEBUG -   [EL->SL] 成功添加18个EL解到SL种群
2025-04-08 13:25:33,824 - DEBUG - Updated probability model at iteration 220
2025-04-08 13:25:33,824 - INFO - Iteration 221/500: Phase=hybrid learning, SL ratio=0.10, EL ratio=0.90
2025-04-08 13:25:34,657 - DEBUG -   [SL->EL] 失败! SL最优解1931.00不如EL最差解1910.00
2025-04-08 13:25:34,659 - DEBUG -   [EL->SL] 成功添加18个EL解到SL种群
2025-04-08 13:25:34,660 - DEBUG - Updated probability model at iteration 221
2025-04-08 13:25:34,660 - INFO - Iteration 222/500: Phase=hybrid learning, SL ratio=0.10, EL ratio=0.90
2025-04-08 13:25:35,488 - DEBUG -   [SL->EL] 失败! SL最优解1889.00不如EL最差解1853.00
2025-04-08 13:25:35,491 - DEBUG -   [EL->SL] 成功添加18个EL解到SL种群
2025-04-08 13:25:35,492 - DEBUG - Updated probability model at iteration 222
2025-04-08 13:25:35,492 - INFO - EL has been consistently better for 5 iterations, adjusting ratios: SL=0.10, EL=0.90
2025-04-08 13:25:35,492 - INFO - Iteration 223/500: Phase=hybrid learning, SL ratio=0.10, EL ratio=0.90
2025-04-08 13:25:36,309 - INFO - In generation 223，New best makespan: 1667.00, source: el
2025-04-08 13:25:36,309 - DEBUG -   [SL->EL] 成功! 用SL最优解1850.00替换EL最差解1876.00, 改进了26.00
2025-04-08 13:25:36,312 - DEBUG -   [EL->SL] 成功添加18个EL解到SL种群
2025-04-08 13:25:36,312 - DEBUG - Updated probability model at iteration 223
2025-04-08 13:25:36,312 - INFO - Iteration 224/500: Phase=hybrid learning, SL ratio=0.10, EL ratio=0.90
2025-04-08 13:25:37,162 - DEBUG -   [SL->EL] 成功! 用SL最优解1846.00替换EL最差解1877.00, 改进了31.00
2025-04-08 13:25:37,166 - DEBUG -   [EL->SL] 成功添加18个EL解到SL种群
2025-04-08 13:25:37,166 - DEBUG - Updated probability model at iteration 224
2025-04-08 13:25:37,166 - INFO - Iteration 225/500: Phase=hybrid learning, SL ratio=0.10, EL ratio=0.90
2025-04-08 13:25:38,031 - INFO - In generation 225，New best makespan: 1666.00, source: el
2025-04-08 13:25:38,031 - DEBUG -   [SL->EL] 失败! SL最优解1861.00不如EL最差解1858.00
2025-04-08 13:25:38,034 - DEBUG -   [EL->SL] 成功添加18个EL解到SL种群
2025-04-08 13:25:38,034 - DEBUG - Updated probability model at iteration 225
2025-04-08 13:25:38,034 - INFO - Iteration 226/500: Phase=hybrid learning, SL ratio=0.10, EL ratio=0.90
2025-04-08 13:25:38,924 - INFO - In generation 226，New best makespan: 1664.00, source: el
2025-04-08 13:25:38,925 - DEBUG -   [SL->EL] 失败! SL最优解1876.00不如EL最差解1848.00
2025-04-08 13:25:38,926 - DEBUG -   [EL->SL] 成功添加18个EL解到SL种群
2025-04-08 13:25:38,928 - DEBUG - Updated probability model at iteration 226
2025-04-08 13:25:38,928 - INFO - Iteration 227/500: Phase=hybrid learning, SL ratio=0.10, EL ratio=0.90
2025-04-08 13:25:39,775 - INFO - In generation 227，New best makespan: 1662.00, source: el
2025-04-08 13:25:39,776 - DEBUG -   [SL->EL] 失败! SL最优解1887.00不如EL最差解1845.00
2025-04-08 13:25:39,779 - DEBUG -   [EL->SL] 成功添加18个EL解到SL种群
2025-04-08 13:25:39,779 - DEBUG - Updated probability model at iteration 227
2025-04-08 13:25:39,779 - INFO - EL has been consistently better for 5 iterations, adjusting ratios: SL=0.10, EL=0.90
2025-04-08 13:25:39,780 - INFO - Iteration 228/500: Phase=hybrid learning, SL ratio=0.10, EL ratio=0.90
2025-04-08 13:25:40,631 - INFO - In generation 228，New best makespan: 1660.00, source: el
2025-04-08 13:25:40,631 - DEBUG -   [SL->EL] 成功! 用SL最优解1864.00替换EL最差解1935.00, 改进了71.00
2025-04-08 13:25:40,634 - DEBUG -   [EL->SL] 成功添加18个EL解到SL种群
2025-04-08 13:25:40,634 - DEBUG - Updated probability model at iteration 228
2025-04-08 13:25:40,634 - INFO - Iteration 229/500: Phase=hybrid learning, SL ratio=0.10, EL ratio=0.90
2025-04-08 13:25:41,515 - DEBUG -   [SL->EL] 成功! 用SL最优解1842.00替换EL最差解1877.00, 改进了35.00
2025-04-08 13:25:41,518 - DEBUG -   [EL->SL] 成功添加18个EL解到SL种群
2025-04-08 13:25:41,519 - DEBUG - Updated probability model at iteration 229
2025-04-08 13:25:41,519 - INFO - Iteration 230/500: Phase=hybrid learning, SL ratio=0.10, EL ratio=0.90
2025-04-08 13:25:42,373 - DEBUG -   [SL->EL] 成功! 用SL最优解1862.00替换EL最差解1876.00, 改进了14.00
2025-04-08 13:25:42,377 - DEBUG -   [EL->SL] 成功添加18个EL解到SL种群
2025-04-08 13:25:42,377 - DEBUG - Updated probability model at iteration 230
2025-04-08 13:25:42,377 - INFO - Iteration 231/500: Phase=hybrid learning, SL ratio=0.10, EL ratio=0.90
2025-04-08 13:25:43,247 - DEBUG -   [SL->EL] 失败! SL最优解1857.00不如EL最差解1833.00
2025-04-08 13:25:43,250 - DEBUG -   [EL->SL] 成功添加18个EL解到SL种群
2025-04-08 13:25:43,250 - DEBUG - Updated probability model at iteration 231
2025-04-08 13:25:43,250 - INFO - Iteration 232/500: Phase=hybrid learning, SL ratio=0.10, EL ratio=0.90
2025-04-08 13:25:44,054 - DEBUG -   [SL->EL] 成功! 用SL最优解1853.00替换EL最差解1902.00, 改进了49.00
2025-04-08 13:25:44,057 - DEBUG -   [EL->SL] 成功添加18个EL解到SL种群
2025-04-08 13:25:44,057 - DEBUG - Updated probability model at iteration 232
2025-04-08 13:25:44,057 - INFO - EL has been consistently better for 5 iterations, adjusting ratios: SL=0.10, EL=0.90
2025-04-08 13:25:44,058 - INFO - Iteration 233/500: Phase=hybrid learning, SL ratio=0.10, EL ratio=0.90
2025-04-08 13:25:44,918 - DEBUG -   [SL->EL] 成功! 用SL最优解1856.00替换EL最差解1878.00, 改进了22.00
2025-04-08 13:25:44,921 - DEBUG -   [EL->SL] 成功添加18个EL解到SL种群
2025-04-08 13:25:44,922 - DEBUG - Updated probability model at iteration 233
2025-04-08 13:25:44,922 - INFO - Iteration 234/500: Phase=hybrid learning, SL ratio=0.10, EL ratio=0.90
2025-04-08 13:25:45,823 - DEBUG -   [SL->EL] 失败! SL最优解1895.00不如EL最差解1874.00
2025-04-08 13:25:45,826 - DEBUG -   [EL->SL] 成功添加18个EL解到SL种群
2025-04-08 13:25:45,826 - DEBUG - Updated probability model at iteration 234
2025-04-08 13:25:45,826 - INFO - Iteration 235/500: Phase=hybrid learning, SL ratio=0.10, EL ratio=0.90
2025-04-08 13:25:46,713 - DEBUG -   [SL->EL] 成功! 用SL最优解1793.00替换EL最差解1833.00, 改进了40.00
2025-04-08 13:25:46,716 - DEBUG -   [EL->SL] 成功添加18个EL解到SL种群
2025-04-08 13:25:46,716 - DEBUG - Updated probability model at iteration 235
2025-04-08 13:25:46,716 - INFO - Iteration 236/500: Phase=hybrid learning, SL ratio=0.10, EL ratio=0.90
2025-04-08 13:25:47,555 - DEBUG -   [SL->EL] 成功! 用SL最优解1820.00替换EL最差解1876.00, 改进了56.00
2025-04-08 13:25:47,558 - DEBUG -   [EL->SL] 成功添加18个EL解到SL种群
2025-04-08 13:25:47,559 - DEBUG - Updated probability model at iteration 236
2025-04-08 13:25:47,559 - INFO - Iteration 237/500: Phase=hybrid learning, SL ratio=0.10, EL ratio=0.90
2025-04-08 13:25:48,419 - INFO - In generation 237，New best makespan: 1657.00, source: el
2025-04-08 13:25:48,419 - DEBUG -   [SL->EL] 成功! 用SL最优解1816.00替换EL最差解1843.00, 改进了27.00
2025-04-08 13:25:48,422 - DEBUG -   [EL->SL] 成功添加18个EL解到SL种群
2025-04-08 13:25:48,423 - DEBUG - Updated probability model at iteration 237
2025-04-08 13:25:48,423 - INFO - EL has been consistently better for 5 iterations, adjusting ratios: SL=0.10, EL=0.90
2025-04-08 13:25:48,423 - INFO - Iteration 238/500: Phase=hybrid learning, SL ratio=0.10, EL ratio=0.90
2025-04-08 13:25:49,288 - DEBUG -   [SL->EL] 成功! 用SL最优解1870.00替换EL最差解1964.00, 改进了94.00
2025-04-08 13:25:49,291 - DEBUG -   [EL->SL] 成功添加18个EL解到SL种群
2025-04-08 13:25:49,292 - DEBUG - Updated probability model at iteration 238
2025-04-08 13:25:49,292 - INFO - Iteration 239/500: Phase=hybrid learning, SL ratio=0.10, EL ratio=0.90
2025-04-08 13:25:50,164 - DEBUG -   [SL->EL] 成功! 用SL最优解1879.00替换EL最差解1951.00, 改进了72.00
2025-04-08 13:25:50,166 - DEBUG -   [EL->SL] 成功添加18个EL解到SL种群
2025-04-08 13:25:50,168 - DEBUG - Updated probability model at iteration 239
2025-04-08 13:25:50,168 - INFO - Iteration 240/500: Phase=hybrid learning, SL ratio=0.10, EL ratio=0.90
2025-04-08 13:25:51,053 - DEBUG -   [SL->EL] 失败! SL最优解1828.00不如EL最差解1812.00
2025-04-08 13:25:51,055 - DEBUG -   [EL->SL] 成功添加18个EL解到SL种群
2025-04-08 13:25:51,056 - DEBUG - Updated probability model at iteration 240
2025-04-08 13:25:51,056 - INFO - Iteration 241/500: Phase=hybrid learning, SL ratio=0.10, EL ratio=0.90
2025-04-08 13:25:51,916 - DEBUG -   [SL->EL] 成功! 用SL最优解1841.00替换EL最差解1880.00, 改进了39.00
2025-04-08 13:25:51,919 - DEBUG -   [EL->SL] 成功添加18个EL解到SL种群
2025-04-08 13:25:51,920 - DEBUG - Updated probability model at iteration 241
2025-04-08 13:25:51,920 - INFO - Iteration 242/500: Phase=hybrid learning, SL ratio=0.10, EL ratio=0.90
2025-04-08 13:25:52,762 - DEBUG -   [SL->EL] 成功! 用SL最优解1799.00替换EL最差解1814.00, 改进了15.00
2025-04-08 13:25:52,765 - DEBUG -   [EL->SL] 成功添加18个EL解到SL种群
2025-04-08 13:25:52,766 - DEBUG - Updated probability model at iteration 242
2025-04-08 13:25:52,766 - INFO - EL has been consistently better for 5 iterations, adjusting ratios: SL=0.10, EL=0.90
2025-04-08 13:25:52,766 - INFO - Iteration 243/500: Phase=hybrid learning, SL ratio=0.10, EL ratio=0.90
2025-04-08 13:25:53,631 - INFO - In generation 243，New best makespan: 1656.00, source: el
2025-04-08 13:25:53,632 - DEBUG -   [SL->EL] 成功! 用SL最优解1875.00替换EL最差解1998.00, 改进了123.00
2025-04-08 13:25:53,635 - DEBUG -   [EL->SL] 成功添加18个EL解到SL种群
2025-04-08 13:25:53,636 - DEBUG - Updated probability model at iteration 243
2025-04-08 13:25:53,636 - INFO - Iteration 244/500: Phase=hybrid learning, SL ratio=0.10, EL ratio=0.90
2025-04-08 13:25:54,524 - DEBUG -   [SL->EL] 成功! 用SL最优解1795.00替换EL最差解1857.00, 改进了62.00
2025-04-08 13:25:54,527 - DEBUG -   [EL->SL] 成功添加18个EL解到SL种群
2025-04-08 13:25:54,528 - DEBUG - Updated probability model at iteration 244
2025-04-08 13:25:54,528 - INFO - Iteration 245/500: Phase=hybrid learning, SL ratio=0.10, EL ratio=0.90
2025-04-08 13:25:55,411 - DEBUG -   [SL->EL] 失败! SL最优解1914.00不如EL最差解1859.00
2025-04-08 13:25:55,414 - DEBUG -   [EL->SL] 成功添加18个EL解到SL种群
2025-04-08 13:25:55,414 - DEBUG - Updated probability model at iteration 245
2025-04-08 13:25:55,414 - INFO - Iteration 246/500: Phase=hybrid learning, SL ratio=0.10, EL ratio=0.90
2025-04-08 13:25:56,317 - INFO - In generation 246，New best makespan: 1653.00, source: el
2025-04-08 13:25:56,317 - DEBUG -   [SL->EL] 失败! SL最优解1874.00不如EL最差解1835.00
2025-04-08 13:25:56,320 - DEBUG -   [EL->SL] 成功添加18个EL解到SL种群
2025-04-08 13:25:56,320 - DEBUG - Updated probability model at iteration 246
2025-04-08 13:25:56,320 - INFO - Iteration 247/500: Phase=hybrid learning, SL ratio=0.10, EL ratio=0.90
2025-04-08 13:25:57,204 - INFO - In generation 247，New best makespan: 1652.00, source: el
2025-04-08 13:25:57,204 - DEBUG -   [SL->EL] 成功! 用SL最优解1862.00替换EL最差解1900.00, 改进了38.00
2025-04-08 13:25:57,207 - DEBUG -   [EL->SL] 成功添加18个EL解到SL种群
2025-04-08 13:25:57,207 - DEBUG - Updated probability model at iteration 247
2025-04-08 13:25:57,207 - INFO - EL has been consistently better for 5 iterations, adjusting ratios: SL=0.10, EL=0.90
2025-04-08 13:25:57,208 - INFO - Iteration 248/500: Phase=hybrid learning, SL ratio=0.10, EL ratio=0.90
2025-04-08 13:25:58,045 - DEBUG -   [SL->EL] 成功! 用SL最优解1800.00替换EL最差解1835.00, 改进了35.00
2025-04-08 13:25:58,048 - DEBUG -   [EL->SL] 成功添加18个EL解到SL种群
2025-04-08 13:25:58,049 - DEBUG - Updated probability model at iteration 248
2025-04-08 13:25:58,049 - INFO - Iteration 249/500: Phase=hybrid learning, SL ratio=0.10, EL ratio=0.90
2025-04-08 13:25:58,918 - DEBUG -   [SL->EL] 失败! SL最优解1854.00不如EL最差解1812.00
2025-04-08 13:25:58,920 - DEBUG -   [EL->SL] 成功添加18个EL解到SL种群
2025-04-08 13:25:58,920 - DEBUG - Updated probability model at iteration 249
2025-04-08 13:25:58,920 - INFO - Iteration 250/500: Phase=hybrid learning, SL ratio=0.10, EL ratio=0.90
2025-04-08 13:25:59,797 - DEBUG -   [SL->EL] 成功! 用SL最优解1846.00替换EL最差解1906.00, 改进了60.00
2025-04-08 13:25:59,800 - DEBUG -   [EL->SL] 成功添加18个EL解到SL种群
2025-04-08 13:25:59,801 - DEBUG - Updated probability model at iteration 250
2025-04-08 13:25:59,801 - INFO - Iteration 251/500: Phase=hybrid learning, SL ratio=0.10, EL ratio=0.90
2025-04-08 13:26:00,653 - DEBUG -   [SL->EL] 失败! SL最优解1849.00不如EL最差解1837.00
2025-04-08 13:26:00,655 - DEBUG -   [EL->SL] 成功添加18个EL解到SL种群
2025-04-08 13:26:00,656 - DEBUG - Updated probability model at iteration 251
2025-04-08 13:26:00,656 - INFO - Iteration 252/500: Phase=hybrid learning, SL ratio=0.10, EL ratio=0.90
2025-04-08 13:26:01,510 - DEBUG -   [SL->EL] 成功! 用SL最优解1735.00替换EL最差解1886.00, 改进了151.00
2025-04-08 13:26:01,512 - DEBUG -   [EL->SL] 成功添加18个EL解到SL种群
2025-04-08 13:26:01,513 - DEBUG - Updated probability model at iteration 252
2025-04-08 13:26:01,513 - INFO - EL has been consistently better for 5 iterations, adjusting ratios: SL=0.10, EL=0.90
2025-04-08 13:26:01,513 - INFO - Iteration 253/500: Phase=hybrid learning, SL ratio=0.10, EL ratio=0.90
2025-04-08 13:26:02,393 - DEBUG -   [SL->EL] 成功! 用SL最优解1867.00替换EL最差解1920.00, 改进了53.00
2025-04-08 13:26:02,395 - DEBUG -   [EL->SL] 成功添加18个EL解到SL种群
2025-04-08 13:26:02,396 - DEBUG - Updated probability model at iteration 253
2025-04-08 13:26:02,396 - INFO - Iteration 254/500: Phase=hybrid learning, SL ratio=0.10, EL ratio=0.90
2025-04-08 13:26:03,267 - DEBUG -   [SL->EL] 失败! SL最优解1858.00不如EL最差解1835.00
2025-04-08 13:26:03,270 - DEBUG -   [EL->SL] 成功添加18个EL解到SL种群
2025-04-08 13:26:03,270 - DEBUG - Updated probability model at iteration 254
2025-04-08 13:26:03,270 - INFO - Iteration 255/500: Phase=hybrid learning, SL ratio=0.10, EL ratio=0.90
2025-04-08 13:26:04,133 - INFO - In generation 255，New best makespan: 1651.00, source: el
2025-04-08 13:26:04,133 - DEBUG -   [SL->EL] 成功! 用SL最优解1796.00替换EL最差解1868.00, 改进了72.00
2025-04-08 13:26:04,136 - DEBUG -   [EL->SL] 成功添加18个EL解到SL种群
2025-04-08 13:26:04,136 - DEBUG - Updated probability model at iteration 255
2025-04-08 13:26:04,136 - INFO - Iteration 256/500: Phase=hybrid learning, SL ratio=0.10, EL ratio=0.90
2025-04-08 13:26:05,005 - DEBUG -   [SL->EL] 成功! 用SL最优解1800.00替换EL最差解1960.00, 改进了160.00
2025-04-08 13:26:05,009 - DEBUG -   [EL->SL] 成功添加18个EL解到SL种群
2025-04-08 13:26:05,010 - DEBUG - Updated probability model at iteration 256
2025-04-08 13:26:05,010 - INFO - Iteration 257/500: Phase=hybrid learning, SL ratio=0.10, EL ratio=0.90
2025-04-08 13:26:05,920 - DEBUG -   [SL->EL] 失败! SL最优解1880.00不如EL最差解1850.00
2025-04-08 13:26:05,923 - DEBUG -   [EL->SL] 成功添加18个EL解到SL种群
2025-04-08 13:26:05,924 - DEBUG - Updated probability model at iteration 257
2025-04-08 13:26:05,924 - INFO - EL has been consistently better for 5 iterations, adjusting ratios: SL=0.10, EL=0.90
2025-04-08 13:26:05,924 - INFO - Iteration 258/500: Phase=hybrid learning, SL ratio=0.10, EL ratio=0.90
2025-04-08 13:26:06,797 - DEBUG -   [SL->EL] 失败! SL最优解1861.00不如EL最差解1813.00
2025-04-08 13:26:06,801 - DEBUG -   [EL->SL] 成功添加18个EL解到SL种群
2025-04-08 13:26:06,801 - DEBUG - Updated probability model at iteration 258
2025-04-08 13:26:06,801 - INFO - Iteration 259/500: Phase=hybrid learning, SL ratio=0.10, EL ratio=0.90
2025-04-08 13:26:07,672 - INFO - In generation 259，New best makespan: 1650.00, source: el
2025-04-08 13:26:07,673 - DEBUG -   [SL->EL] 成功! 用SL最优解1850.00替换EL最差解1860.00, 改进了10.00
2025-04-08 13:26:07,675 - DEBUG -   [EL->SL] 成功添加18个EL解到SL种群
2025-04-08 13:26:07,675 - DEBUG - Updated probability model at iteration 259
2025-04-08 13:26:07,675 - INFO - Iteration 260/500: Phase=hybrid learning, SL ratio=0.10, EL ratio=0.90
2025-04-08 13:26:08,543 - INFO - In generation 260，New best makespan: 1649.00, source: el
2025-04-08 13:26:08,543 - DEBUG -   [SL->EL] 失败! SL最优解1813.00不如EL最差解1812.00
2025-04-08 13:26:08,545 - DEBUG -   [EL->SL] 成功添加18个EL解到SL种群
2025-04-08 13:26:08,546 - DEBUG - Updated probability model at iteration 260
2025-04-08 13:26:08,546 - INFO - Iteration 261/500: Phase=hybrid learning, SL ratio=0.10, EL ratio=0.90
2025-04-08 13:26:09,428 - INFO - In generation 261，New best makespan: 1647.00, source: el
2025-04-08 13:26:09,429 - DEBUG -   [SL->EL] 失败! SL最优解1893.00不如EL最差解1816.00
2025-04-08 13:26:09,432 - DEBUG -   [EL->SL] 成功添加18个EL解到SL种群
2025-04-08 13:26:09,432 - DEBUG - Updated probability model at iteration 261
2025-04-08 13:26:09,432 - INFO - Iteration 262/500: Phase=hybrid learning, SL ratio=0.10, EL ratio=0.90
2025-04-08 13:26:10,299 - DEBUG -   [SL->EL] 成功! 用SL最优解1788.00替换EL最差解1855.00, 改进了67.00
2025-04-08 13:26:10,301 - DEBUG -   [EL->SL] 成功添加18个EL解到SL种群
2025-04-08 13:26:10,301 - DEBUG - Updated probability model at iteration 262
2025-04-08 13:26:10,301 - INFO - EL has been consistently better for 5 iterations, adjusting ratios: SL=0.10, EL=0.90
2025-04-08 13:26:10,302 - INFO - Iteration 263/500: Phase=hybrid learning, SL ratio=0.10, EL ratio=0.90
2025-04-08 13:26:11,194 - INFO - In generation 263，New best makespan: 1644.00, source: el
2025-04-08 13:26:11,195 - DEBUG -   [SL->EL] 成功! 用SL最优解1830.00替换EL最差解1928.00, 改进了98.00
2025-04-08 13:26:11,198 - DEBUG -   [EL->SL] 成功添加18个EL解到SL种群
2025-04-08 13:26:11,198 - DEBUG - Updated probability model at iteration 263
2025-04-08 13:26:11,198 - INFO - Iteration 264/500: Phase=hybrid learning, SL ratio=0.10, EL ratio=0.90
2025-04-08 13:26:12,091 - DEBUG -   [SL->EL] 成功! 用SL最优解1825.00替换EL最差解1843.00, 改进了18.00
2025-04-08 13:26:12,093 - DEBUG -   [EL->SL] 成功添加18个EL解到SL种群
2025-04-08 13:26:12,094 - DEBUG - Updated probability model at iteration 264
2025-04-08 13:26:12,094 - INFO - Iteration 265/500: Phase=hybrid learning, SL ratio=0.10, EL ratio=0.90
2025-04-08 13:26:12,992 - INFO - In generation 265，New best makespan: 1643.00, source: el
2025-04-08 13:26:12,993 - DEBUG -   [SL->EL] 成功! 用SL最优解1805.00替换EL最差解1828.00, 改进了23.00
2025-04-08 13:26:12,995 - DEBUG -   [EL->SL] 成功添加18个EL解到SL种群
2025-04-08 13:26:12,996 - DEBUG - Updated probability model at iteration 265
2025-04-08 13:26:12,996 - INFO - Iteration 266/500: Phase=hybrid learning, SL ratio=0.10, EL ratio=0.90
2025-04-08 13:26:13,891 - DEBUG -   [SL->EL] 失败! SL最优解1873.00不如EL最差解1830.00
2025-04-08 13:26:13,893 - DEBUG -   [EL->SL] 成功添加18个EL解到SL种群
2025-04-08 13:26:13,895 - DEBUG - Updated probability model at iteration 266
2025-04-08 13:26:13,895 - INFO - Iteration 267/500: Phase=hybrid learning, SL ratio=0.10, EL ratio=0.90
2025-04-08 13:26:14,800 - DEBUG -   [SL->EL] 成功! 用SL最优解1771.00替换EL最差解1830.00, 改进了59.00
2025-04-08 13:26:14,802 - DEBUG -   [EL->SL] 成功添加18个EL解到SL种群
2025-04-08 13:26:14,804 - DEBUG - Updated probability model at iteration 267
2025-04-08 13:26:14,804 - INFO - EL has been consistently better for 5 iterations, adjusting ratios: SL=0.10, EL=0.90
2025-04-08 13:26:14,804 - INFO - Iteration 268/500: Phase=hybrid learning, SL ratio=0.10, EL ratio=0.90
2025-04-08 13:26:15,723 - DEBUG -   [SL->EL] 成功! 用SL最优解1806.00替换EL最差解1887.00, 改进了81.00
2025-04-08 13:26:15,725 - DEBUG -   [EL->SL] 成功添加18个EL解到SL种群
2025-04-08 13:26:15,726 - DEBUG - Updated probability model at iteration 268
2025-04-08 13:26:15,726 - INFO - Iteration 269/500: Phase=hybrid learning, SL ratio=0.10, EL ratio=0.90
2025-04-08 13:26:16,612 - DEBUG -   [SL->EL] 成功! 用SL最优解1830.00替换EL最差解1872.00, 改进了42.00
2025-04-08 13:26:16,615 - DEBUG -   [EL->SL] 成功添加18个EL解到SL种群
2025-04-08 13:26:16,616 - DEBUG - Updated probability model at iteration 269
2025-04-08 13:26:16,616 - INFO - Iteration 270/500: Phase=hybrid learning, SL ratio=0.10, EL ratio=0.90
2025-04-08 13:26:17,482 - INFO - In generation 270，New best makespan: 1642.00, source: el
2025-04-08 13:26:17,482 - DEBUG -   [SL->EL] 成功! 用SL最优解1801.00替换EL最差解1814.00, 改进了13.00
2025-04-08 13:26:17,484 - DEBUG -   [EL->SL] 成功添加18个EL解到SL种群
2025-04-08 13:26:17,485 - DEBUG - Updated probability model at iteration 270
2025-04-08 13:26:17,485 - INFO - Iteration 271/500: Phase=hybrid learning, SL ratio=0.10, EL ratio=0.90
2025-04-08 13:26:18,360 - DEBUG -   [SL->EL] 成功! 用SL最优解1847.00替换EL最差解1858.00, 改进了11.00
2025-04-08 13:26:18,362 - DEBUG -   [EL->SL] 成功添加18个EL解到SL种群
2025-04-08 13:26:18,364 - DEBUG - Updated probability model at iteration 271
2025-04-08 13:26:18,364 - INFO - Iteration 272/500: Phase=hybrid learning, SL ratio=0.10, EL ratio=0.90
2025-04-08 13:26:19,214 - DEBUG -   [SL->EL] 成功! 用SL最优解1859.00替换EL最差解1863.00, 改进了4.00
2025-04-08 13:26:19,216 - DEBUG -   [EL->SL] 成功添加18个EL解到SL种群
2025-04-08 13:26:19,218 - DEBUG - Updated probability model at iteration 272
2025-04-08 13:26:19,218 - INFO - EL has been consistently better for 5 iterations, adjusting ratios: SL=0.10, EL=0.90
2025-04-08 13:26:19,218 - INFO - Iteration 273/500: Phase=hybrid learning, SL ratio=0.10, EL ratio=0.90
2025-04-08 13:26:20,098 - DEBUG -   [SL->EL] 失败! SL最优解1868.00不如EL最差解1851.00
2025-04-08 13:26:20,101 - DEBUG -   [EL->SL] 成功添加18个EL解到SL种群
2025-04-08 13:26:20,101 - DEBUG - Updated probability model at iteration 273
2025-04-08 13:26:20,101 - INFO - Iteration 274/500: Phase=hybrid learning, SL ratio=0.10, EL ratio=0.90
2025-04-08 13:26:20,951 - DEBUG -   [SL->EL] 成功! 用SL最优解1820.00替换EL最差解1844.00, 改进了24.00
2025-04-08 13:26:20,953 - DEBUG -   [EL->SL] 成功添加18个EL解到SL种群
2025-04-08 13:26:20,954 - DEBUG - Updated probability model at iteration 274
2025-04-08 13:26:20,954 - INFO - Iteration 275/500: Phase=hybrid learning, SL ratio=0.10, EL ratio=0.90
2025-04-08 13:26:21,829 - DEBUG -   [SL->EL] 成功! 用SL最优解1843.00替换EL最差解1887.00, 改进了44.00
2025-04-08 13:26:21,831 - DEBUG -   [EL->SL] 成功添加18个EL解到SL种群
2025-04-08 13:26:21,832 - DEBUG - Updated probability model at iteration 275
2025-04-08 13:26:21,832 - INFO - Iteration 276/500: Phase=hybrid learning, SL ratio=0.10, EL ratio=0.90
2025-04-08 13:26:22,687 - DEBUG -   [SL->EL] 失败! SL最优解1887.00不如EL最差解1794.00
2025-04-08 13:26:22,690 - DEBUG -   [EL->SL] 成功添加18个EL解到SL种群
2025-04-08 13:26:22,690 - DEBUG - Updated probability model at iteration 276
2025-04-08 13:26:22,690 - INFO - Iteration 277/500: Phase=hybrid learning, SL ratio=0.10, EL ratio=0.90
2025-04-08 13:26:23,538 - DEBUG -   [SL->EL] 成功! 用SL最优解1819.00替换EL最差解1843.00, 改进了24.00
2025-04-08 13:26:23,542 - DEBUG -   [EL->SL] 成功添加18个EL解到SL种群
2025-04-08 13:26:23,542 - DEBUG - Updated probability model at iteration 277
2025-04-08 13:26:23,542 - INFO - EL has been consistently better for 5 iterations, adjusting ratios: SL=0.10, EL=0.90
2025-04-08 13:26:23,543 - INFO - Iteration 278/500: Phase=hybrid learning, SL ratio=0.10, EL ratio=0.90
2025-04-08 13:26:24,402 - DEBUG -   [SL->EL] 成功! 用SL最优解1802.00替换EL最差解1857.00, 改进了55.00
2025-04-08 13:26:24,404 - DEBUG -   [EL->SL] 成功添加18个EL解到SL种群
2025-04-08 13:26:24,405 - DEBUG - Updated probability model at iteration 278
2025-04-08 13:26:24,405 - INFO - Iteration 279/500: Phase=hybrid learning, SL ratio=0.10, EL ratio=0.90
2025-04-08 13:26:25,273 - DEBUG -   [SL->EL] 成功! 用SL最优解1798.00替换EL最差解1875.00, 改进了77.00
2025-04-08 13:26:25,276 - DEBUG -   [EL->SL] 成功添加18个EL解到SL种群
2025-04-08 13:26:25,277 - DEBUG - Updated probability model at iteration 279
2025-04-08 13:26:25,277 - INFO - Iteration 280/500: Phase=hybrid learning, SL ratio=0.10, EL ratio=0.90
2025-04-08 13:26:26,152 - INFO - In generation 280，New best makespan: 1639.00, source: el
2025-04-08 13:26:26,152 - DEBUG -   [SL->EL] 成功! 用SL最优解1861.00替换EL最差解1958.00, 改进了97.00
2025-04-08 13:26:26,155 - DEBUG -   [EL->SL] 成功添加18个EL解到SL种群
2025-04-08 13:26:26,155 - DEBUG - Updated probability model at iteration 280
2025-04-08 13:26:26,155 - INFO - Iteration 281/500: Phase=hybrid learning, SL ratio=0.10, EL ratio=0.90
2025-04-08 13:26:27,066 - DEBUG -   [SL->EL] 成功! 用SL最优解1830.00替换EL最差解1831.00, 改进了1.00
2025-04-08 13:26:27,069 - DEBUG -   [EL->SL] 成功添加18个EL解到SL种群
2025-04-08 13:26:27,069 - DEBUG - Updated probability model at iteration 281
2025-04-08 13:26:27,069 - INFO - Iteration 282/500: Phase=hybrid learning, SL ratio=0.10, EL ratio=0.90
2025-04-08 13:26:27,941 - DEBUG -   [SL->EL] 失败! SL最优解1821.00不如EL最差解1801.00
2025-04-08 13:26:27,943 - DEBUG -   [EL->SL] 成功添加18个EL解到SL种群
2025-04-08 13:26:27,944 - DEBUG - Updated probability model at iteration 282
2025-04-08 13:26:27,944 - INFO - EL has been consistently better for 5 iterations, adjusting ratios: SL=0.10, EL=0.90
2025-04-08 13:26:27,944 - INFO - Iteration 283/500: Phase=hybrid learning, SL ratio=0.10, EL ratio=0.90
2025-04-08 13:26:28,800 - INFO - In generation 283，New best makespan: 1638.00, source: el
2025-04-08 13:26:28,801 - DEBUG -   [SL->EL] 成功! 用SL最优解1758.00替换EL最差解1903.00, 改进了145.00
2025-04-08 13:26:28,803 - DEBUG -   [EL->SL] 成功添加18个EL解到SL种群
2025-04-08 13:26:28,804 - DEBUG - Updated probability model at iteration 283
2025-04-08 13:26:28,804 - INFO - Iteration 284/500: Phase=hybrid learning, SL ratio=0.10, EL ratio=0.90
2025-04-08 13:26:29,696 - DEBUG -   [SL->EL] 成功! 用SL最优解1753.00替换EL最差解1848.00, 改进了95.00
2025-04-08 13:26:29,699 - DEBUG -   [EL->SL] 成功添加18个EL解到SL种群
2025-04-08 13:26:29,699 - DEBUG - Updated probability model at iteration 284
2025-04-08 13:26:29,699 - INFO - Iteration 285/500: Phase=hybrid learning, SL ratio=0.10, EL ratio=0.90
2025-04-08 13:26:30,606 - INFO - In generation 285，New best makespan: 1628.00, source: el
2025-04-08 13:26:30,607 - DEBUG -   [SL->EL] 成功! 用SL最优解1770.00替换EL最差解1782.00, 改进了12.00
2025-04-08 13:26:30,609 - DEBUG -   [EL->SL] 成功添加18个EL解到SL种群
2025-04-08 13:26:30,610 - DEBUG - Updated probability model at iteration 285
2025-04-08 13:26:30,610 - INFO - Iteration 286/500: Phase=hybrid learning, SL ratio=0.10, EL ratio=0.90
2025-04-08 13:26:31,491 - DEBUG -   [SL->EL] 成功! 用SL最优解1782.00替换EL最差解1824.00, 改进了42.00
2025-04-08 13:26:31,493 - DEBUG -   [EL->SL] 成功添加18个EL解到SL种群
2025-04-08 13:26:31,494 - DEBUG - Updated probability model at iteration 286
2025-04-08 13:26:31,494 - INFO - Iteration 287/500: Phase=hybrid learning, SL ratio=0.10, EL ratio=0.90
2025-04-08 13:26:32,356 - DEBUG -   [SL->EL] 失败! SL最优解1832.00不如EL最差解1824.00
2025-04-08 13:26:32,359 - DEBUG -   [EL->SL] 成功添加18个EL解到SL种群
2025-04-08 13:26:32,359 - DEBUG - Updated probability model at iteration 287
2025-04-08 13:26:32,359 - INFO - EL has been consistently better for 5 iterations, adjusting ratios: SL=0.10, EL=0.90
2025-04-08 13:26:32,360 - INFO - Iteration 288/500: Phase=hybrid learning, SL ratio=0.10, EL ratio=0.90
2025-04-08 13:26:33,261 - INFO - In generation 288，New best makespan: 1626.00, source: el
2025-04-08 13:26:33,261 - DEBUG -   [SL->EL] 成功! 用SL最优解1763.00替换EL最差解1832.00, 改进了69.00
2025-04-08 13:26:33,264 - DEBUG -   [EL->SL] 成功添加18个EL解到SL种群
2025-04-08 13:26:33,264 - DEBUG - Updated probability model at iteration 288
2025-04-08 13:26:33,264 - INFO - Iteration 289/500: Phase=hybrid learning, SL ratio=0.10, EL ratio=0.90
2025-04-08 13:26:34,133 - INFO - In generation 289，New best makespan: 1624.00, source: el
2025-04-08 13:26:34,133 - DEBUG -   [SL->EL] 成功! 用SL最优解1791.00替换EL最差解1793.00, 改进了2.00
2025-04-08 13:26:34,136 - DEBUG -   [EL->SL] 成功添加18个EL解到SL种群
2025-04-08 13:26:34,137 - DEBUG - Updated probability model at iteration 289
2025-04-08 13:26:34,137 - INFO - Iteration 290/500: Phase=hybrid learning, SL ratio=0.10, EL ratio=0.90
2025-04-08 13:26:35,009 - INFO - In generation 290，New best makespan: 1622.00, source: el
2025-04-08 13:26:35,009 - DEBUG -   [SL->EL] 成功! 用SL最优解1831.00替换EL最差解1843.00, 改进了12.00
2025-04-08 13:26:35,012 - DEBUG -   [EL->SL] 成功添加18个EL解到SL种群
2025-04-08 13:26:35,012 - DEBUG - Updated probability model at iteration 290
2025-04-08 13:26:35,012 - INFO - Iteration 291/500: Phase=hybrid learning, SL ratio=0.10, EL ratio=0.90
2025-04-08 13:26:35,864 - INFO - In generation 291，New best makespan: 1618.00, source: el
2025-04-08 13:26:35,864 - DEBUG -   [SL->EL] 成功! 用SL最优解1798.00替换EL最差解1825.00, 改进了27.00
2025-04-08 13:26:35,866 - DEBUG -   [EL->SL] 成功添加18个EL解到SL种群
2025-04-08 13:26:35,868 - DEBUG - Updated probability model at iteration 291
2025-04-08 13:26:35,868 - INFO - Iteration 292/500: Phase=hybrid learning, SL ratio=0.10, EL ratio=0.90
2025-04-08 13:26:36,742 - DEBUG -   [SL->EL] 成功! 用SL最优解1864.00替换EL最差解1885.00, 改进了21.00
2025-04-08 13:26:36,745 - DEBUG -   [EL->SL] 成功添加18个EL解到SL种群
2025-04-08 13:26:36,746 - DEBUG - Updated probability model at iteration 292
2025-04-08 13:26:36,746 - INFO - EL has been consistently better for 5 iterations, adjusting ratios: SL=0.10, EL=0.90
2025-04-08 13:26:36,746 - INFO - Iteration 293/500: Phase=hybrid learning, SL ratio=0.10, EL ratio=0.90
2025-04-08 13:26:37,626 - DEBUG -   [SL->EL] 失败! SL最优解1827.00不如EL最差解1810.00
2025-04-08 13:26:37,630 - DEBUG -   [EL->SL] 成功添加18个EL解到SL种群
2025-04-08 13:26:37,630 - DEBUG - Updated probability model at iteration 293
2025-04-08 13:26:37,630 - INFO - Iteration 294/500: Phase=hybrid learning, SL ratio=0.10, EL ratio=0.90
2025-04-08 13:26:38,484 - DEBUG -   [SL->EL] 失败! SL最优解1861.00不如EL最差解1822.00
2025-04-08 13:26:38,486 - DEBUG -   [EL->SL] 成功添加18个EL解到SL种群
2025-04-08 13:26:38,487 - DEBUG - Updated probability model at iteration 294
2025-04-08 13:26:38,487 - INFO - Iteration 295/500: Phase=hybrid learning, SL ratio=0.10, EL ratio=0.90
2025-04-08 13:26:39,369 - DEBUG -   [SL->EL] 失败! SL最优解1812.00不如EL最差解1786.00
2025-04-08 13:26:39,372 - DEBUG -   [EL->SL] 成功添加18个EL解到SL种群
2025-04-08 13:26:39,373 - DEBUG - Updated probability model at iteration 295
2025-04-08 13:26:39,373 - INFO - Iteration 296/500: Phase=hybrid learning, SL ratio=0.10, EL ratio=0.90
2025-04-08 13:26:40,283 - INFO - In generation 296，New best makespan: 1617.00, source: el
2025-04-08 13:26:40,284 - DEBUG -   [SL->EL] 失败! SL最优解1883.00不如EL最差解1790.00
2025-04-08 13:26:40,287 - DEBUG -   [EL->SL] 成功添加18个EL解到SL种群
2025-04-08 13:26:40,287 - DEBUG - Updated probability model at iteration 296
2025-04-08 13:26:40,287 - INFO - Iteration 297/500: Phase=hybrid learning, SL ratio=0.10, EL ratio=0.90
2025-04-08 13:26:41,171 - DEBUG -   [SL->EL] 失败! SL最优解1809.00不如EL最差解1776.00
2025-04-08 13:26:41,173 - DEBUG -   [EL->SL] 成功添加18个EL解到SL种群
2025-04-08 13:26:41,173 - DEBUG - Updated probability model at iteration 297
2025-04-08 13:26:41,174 - INFO - EL has been consistently better for 5 iterations, adjusting ratios: SL=0.10, EL=0.90
2025-04-08 13:26:41,175 - INFO - Iteration 298/500: Phase=hybrid learning, SL ratio=0.10, EL ratio=0.90
2025-04-08 13:26:42,082 - DEBUG -   [SL->EL] 成功! 用SL最优解1795.00替换EL最差解1802.00, 改进了7.00
2025-04-08 13:26:42,085 - DEBUG -   [EL->SL] 成功添加18个EL解到SL种群
2025-04-08 13:26:42,086 - DEBUG - Updated probability model at iteration 298
2025-04-08 13:26:42,086 - INFO - Iteration 299/500: Phase=hybrid learning, SL ratio=0.10, EL ratio=0.90
2025-04-08 13:26:42,923 - DEBUG -   [SL->EL] 成功! 用SL最优解1817.00替换EL最差解1841.00, 改进了24.00
2025-04-08 13:26:42,925 - DEBUG -   [EL->SL] 成功添加18个EL解到SL种群
2025-04-08 13:26:42,926 - DEBUG - Updated probability model at iteration 299
2025-04-08 13:26:42,926 - INFO - Iteration 300/500: Phase=hybrid learning, SL ratio=0.10, EL ratio=0.90
2025-04-08 13:26:43,785 - DEBUG -   [SL->EL] 失败! SL最优解1863.00不如EL最差解1824.00
2025-04-08 13:26:43,787 - DEBUG -   [EL->SL] 成功添加18个EL解到SL种群
2025-04-08 13:26:43,787 - DEBUG - Updated probability model at iteration 300
2025-04-08 13:26:43,787 - INFO - Iteration 301/500: Phase=hybrid learning, SL ratio=0.10, EL ratio=0.90
2025-04-08 13:26:44,630 - INFO - In generation 301，New best makespan: 1615.00, source: el
2025-04-08 13:26:44,631 - DEBUG -   [SL->EL] 成功! 用SL最优解1815.00替换EL最差解1822.00, 改进了7.00
2025-04-08 13:26:44,633 - DEBUG -   [EL->SL] 成功添加18个EL解到SL种群
2025-04-08 13:26:44,633 - DEBUG - Updated probability model at iteration 301
2025-04-08 13:26:44,633 - INFO - Iteration 302/500: Phase=hybrid learning, SL ratio=0.10, EL ratio=0.90
2025-04-08 13:26:45,465 - DEBUG -   [SL->EL] 失败! SL最优解1931.00不如EL最差解1817.00
2025-04-08 13:26:45,469 - DEBUG -   [EL->SL] 成功添加18个EL解到SL种群
2025-04-08 13:26:45,469 - DEBUG - Updated probability model at iteration 302
2025-04-08 13:26:45,469 - INFO - EL has been consistently better for 5 iterations, adjusting ratios: SL=0.10, EL=0.90
2025-04-08 13:26:45,470 - INFO - Iteration 303/500: Phase=hybrid learning, SL ratio=0.10, EL ratio=0.90
2025-04-08 13:26:46,325 - INFO - In generation 303，New best makespan: 1614.00, source: el
2025-04-08 13:26:46,327 - DEBUG -   [SL->EL] 失败! SL最优解1846.00不如EL最差解1816.00
2025-04-08 13:26:46,329 - DEBUG -   [EL->SL] 成功添加18个EL解到SL种群
2025-04-08 13:26:46,330 - DEBUG - Updated probability model at iteration 303
2025-04-08 13:26:46,330 - INFO - Iteration 304/500: Phase=hybrid learning, SL ratio=0.10, EL ratio=0.90
2025-04-08 13:26:47,212 - DEBUG -   [SL->EL] 失败! SL最优解1877.00不如EL最差解1765.00
2025-04-08 13:26:47,215 - DEBUG -   [EL->SL] 成功添加18个EL解到SL种群
2025-04-08 13:26:47,216 - DEBUG - Updated probability model at iteration 304
2025-04-08 13:26:47,216 - INFO - Iteration 305/500: Phase=hybrid learning, SL ratio=0.10, EL ratio=0.90
2025-04-08 13:26:48,119 - DEBUG -   [SL->EL] 失败! SL最优解1852.00不如EL最差解1825.00
2025-04-08 13:26:48,121 - DEBUG -   [EL->SL] 成功添加18个EL解到SL种群
2025-04-08 13:26:48,122 - DEBUG - Updated probability model at iteration 305
2025-04-08 13:26:48,122 - INFO - Iteration 306/500: Phase=hybrid learning, SL ratio=0.10, EL ratio=0.90
2025-04-08 13:26:49,088 - DEBUG -   [SL->EL] 成功! 用SL最优解1777.00替换EL最差解1803.00, 改进了26.00
2025-04-08 13:26:49,091 - DEBUG -   [EL->SL] 成功添加18个EL解到SL种群
2025-04-08 13:26:49,091 - DEBUG - Updated probability model at iteration 306
2025-04-08 13:26:49,091 - INFO - Iteration 307/500: Phase=hybrid learning, SL ratio=0.10, EL ratio=0.90
2025-04-08 13:26:49,990 - DEBUG -   [SL->EL] 失败! SL最优解1845.00不如EL最差解1806.00
2025-04-08 13:26:49,993 - DEBUG -   [EL->SL] 成功添加18个EL解到SL种群
2025-04-08 13:26:49,993 - DEBUG - Updated probability model at iteration 307
2025-04-08 13:26:49,993 - INFO - EL has been consistently better for 5 iterations, adjusting ratios: SL=0.10, EL=0.90
2025-04-08 13:26:49,994 - INFO - Iteration 308/500: Phase=hybrid learning, SL ratio=0.10, EL ratio=0.90
2025-04-08 13:26:50,855 - DEBUG -   [SL->EL] 成功! 用SL最优解1798.00替换EL最差解1832.00, 改进了34.00
2025-04-08 13:26:50,858 - DEBUG -   [EL->SL] 成功添加18个EL解到SL种群
2025-04-08 13:26:50,859 - DEBUG - Updated probability model at iteration 308
2025-04-08 13:26:50,859 - INFO - Iteration 309/500: Phase=hybrid learning, SL ratio=0.10, EL ratio=0.90
2025-04-08 13:26:51,731 - DEBUG -   [SL->EL] 成功! 用SL最优解1762.00替换EL最差解1794.00, 改进了32.00
2025-04-08 13:26:51,733 - DEBUG -   [EL->SL] 成功添加18个EL解到SL种群
2025-04-08 13:26:51,734 - DEBUG - Updated probability model at iteration 309
2025-04-08 13:26:51,734 - INFO - Iteration 310/500: Phase=hybrid learning, SL ratio=0.10, EL ratio=0.90
2025-04-08 13:26:52,645 - DEBUG -   [SL->EL] 失败! SL最优解1864.00不如EL最差解1827.00
2025-04-08 13:26:52,648 - DEBUG -   [EL->SL] 成功添加18个EL解到SL种群
2025-04-08 13:26:52,650 - DEBUG - Updated probability model at iteration 310
2025-04-08 13:26:52,650 - INFO - Iteration 311/500: Phase=hybrid learning, SL ratio=0.10, EL ratio=0.90
2025-04-08 13:26:53,515 - INFO - In generation 311，New best makespan: 1608.00, source: el
2025-04-08 13:26:53,516 - DEBUG -   [SL->EL] 成功! 用SL最优解1759.00替换EL最差解1818.00, 改进了59.00
2025-04-08 13:26:53,519 - DEBUG -   [EL->SL] 成功添加18个EL解到SL种群
2025-04-08 13:26:53,519 - DEBUG - Updated probability model at iteration 311
2025-04-08 13:26:53,519 - INFO - Iteration 312/500: Phase=hybrid learning, SL ratio=0.10, EL ratio=0.90
2025-04-08 13:26:54,384 - DEBUG -   [SL->EL] 失败! SL最优解1824.00不如EL最差解1759.00
2025-04-08 13:26:54,386 - DEBUG -   [EL->SL] 成功添加18个EL解到SL种群
2025-04-08 13:26:54,387 - DEBUG - Updated probability model at iteration 312
2025-04-08 13:26:54,387 - INFO - EL has been consistently better for 5 iterations, adjusting ratios: SL=0.10, EL=0.90
2025-04-08 13:26:54,387 - INFO - Iteration 313/500: Phase=hybrid learning, SL ratio=0.10, EL ratio=0.90
2025-04-08 13:26:55,259 - INFO - In generation 313，New best makespan: 1603.00, source: el
2025-04-08 13:26:55,259 - DEBUG -   [SL->EL] 成功! 用SL最优解1794.00替换EL最差解1825.00, 改进了31.00
2025-04-08 13:26:55,262 - DEBUG -   [EL->SL] 成功添加18个EL解到SL种群
2025-04-08 13:26:55,262 - DEBUG - Updated probability model at iteration 313
2025-04-08 13:26:55,262 - INFO - Iteration 314/500: Phase=hybrid learning, SL ratio=0.10, EL ratio=0.90
2025-04-08 13:26:56,172 - DEBUG -   [SL->EL] 失败! SL最优解1846.00不如EL最差解1799.00
2025-04-08 13:26:56,175 - DEBUG -   [EL->SL] 成功添加18个EL解到SL种群
2025-04-08 13:26:56,176 - DEBUG - Updated probability model at iteration 314
2025-04-08 13:26:56,176 - INFO - Iteration 315/500: Phase=hybrid learning, SL ratio=0.10, EL ratio=0.90
2025-04-08 13:26:57,080 - DEBUG -   [SL->EL] 成功! 用SL最优解1796.00替换EL最差解1827.00, 改进了31.00
2025-04-08 13:26:57,082 - DEBUG -   [EL->SL] 成功添加18个EL解到SL种群
2025-04-08 13:26:57,083 - DEBUG - Updated probability model at iteration 315
2025-04-08 13:26:57,083 - INFO - Iteration 316/500: Phase=hybrid learning, SL ratio=0.10, EL ratio=0.90
2025-04-08 13:26:57,954 - DEBUG -   [SL->EL] 成功! 用SL最优解1802.00替换EL最差解1872.00, 改进了70.00
2025-04-08 13:26:57,957 - DEBUG -   [EL->SL] 成功添加18个EL解到SL种群
2025-04-08 13:26:57,959 - DEBUG - Updated probability model at iteration 316
2025-04-08 13:26:57,959 - INFO - Iteration 317/500: Phase=hybrid learning, SL ratio=0.10, EL ratio=0.90
2025-04-08 13:26:58,836 - DEBUG -   [SL->EL] 失败! SL最优解1857.00不如EL最差解1806.00
2025-04-08 13:26:58,839 - DEBUG -   [EL->SL] 成功添加18个EL解到SL种群
2025-04-08 13:26:58,839 - DEBUG - Updated probability model at iteration 317
2025-04-08 13:26:58,840 - INFO - EL has been consistently better for 5 iterations, adjusting ratios: SL=0.10, EL=0.90
2025-04-08 13:26:58,840 - INFO - Iteration 318/500: Phase=hybrid learning, SL ratio=0.10, EL ratio=0.90
2025-04-08 13:26:59,697 - DEBUG -   [SL->EL] 成功! 用SL最优解1786.00替换EL最差解1792.00, 改进了6.00
2025-04-08 13:26:59,701 - DEBUG -   [EL->SL] 成功添加18个EL解到SL种群
2025-04-08 13:26:59,701 - DEBUG - Updated probability model at iteration 318
2025-04-08 13:26:59,701 - INFO - Iteration 319/500: Phase=hybrid learning, SL ratio=0.10, EL ratio=0.90
2025-04-08 13:27:00,563 - DEBUG -   [SL->EL] 成功! 用SL最优解1751.00替换EL最差解1889.00, 改进了138.00
2025-04-08 13:27:00,566 - DEBUG -   [EL->SL] 成功添加18个EL解到SL种群
2025-04-08 13:27:00,567 - DEBUG - Updated probability model at iteration 319
2025-04-08 13:27:00,567 - INFO - Iteration 320/500: Phase=hybrid learning, SL ratio=0.10, EL ratio=0.90
2025-04-08 13:27:01,424 - DEBUG -   [SL->EL] 成功! 用SL最优解1754.00替换EL最差解1789.00, 改进了35.00
2025-04-08 13:27:01,428 - DEBUG -   [EL->SL] 成功添加18个EL解到SL种群
2025-04-08 13:27:01,428 - DEBUG - Updated probability model at iteration 320
2025-04-08 13:27:01,428 - INFO - Iteration 321/500: Phase=hybrid learning, SL ratio=0.10, EL ratio=0.90
2025-04-08 13:27:02,332 - DEBUG -   [SL->EL] 失败! SL最优解1853.00不如EL最差解1842.00
2025-04-08 13:27:02,334 - DEBUG -   [EL->SL] 成功添加18个EL解到SL种群
2025-04-08 13:27:02,335 - DEBUG - Updated probability model at iteration 321
2025-04-08 13:27:02,335 - INFO - Iteration 322/500: Phase=hybrid learning, SL ratio=0.10, EL ratio=0.90
2025-04-08 13:27:03,218 - INFO - In generation 322，New best makespan: 1600.00, source: el
2025-04-08 13:27:03,218 - DEBUG -   [SL->EL] 失败! SL最优解1834.00不如EL最差解1828.00
2025-04-08 13:27:03,221 - DEBUG -   [EL->SL] 成功添加18个EL解到SL种群
2025-04-08 13:27:03,222 - DEBUG - Updated probability model at iteration 322
2025-04-08 13:27:03,222 - INFO - EL has been consistently better for 5 iterations, adjusting ratios: SL=0.10, EL=0.90
2025-04-08 13:27:03,222 - INFO - Iteration 323/500: Phase=hybrid learning, SL ratio=0.10, EL ratio=0.90
2025-04-08 13:27:04,119 - DEBUG -   [SL->EL] 失败! SL最优解1863.00不如EL最差解1806.00
2025-04-08 13:27:04,122 - DEBUG -   [EL->SL] 成功添加18个EL解到SL种群
2025-04-08 13:27:04,122 - DEBUG - Updated probability model at iteration 323
2025-04-08 13:27:04,122 - INFO - Iteration 324/500: Phase=hybrid learning, SL ratio=0.10, EL ratio=0.90
2025-04-08 13:27:05,012 - DEBUG -   [SL->EL] 失败! SL最优解1846.00不如EL最差解1795.00
2025-04-08 13:27:05,014 - DEBUG -   [EL->SL] 成功添加18个EL解到SL种群
2025-04-08 13:27:05,014 - DEBUG - Updated probability model at iteration 324
2025-04-08 13:27:05,014 - INFO - Iteration 325/500: Phase=hybrid learning, SL ratio=0.10, EL ratio=0.90
2025-04-08 13:27:05,905 - DEBUG -   [SL->EL] 成功! 用SL最优解1832.00替换EL最差解1846.00, 改进了14.00
2025-04-08 13:27:05,908 - DEBUG -   [EL->SL] 成功添加18个EL解到SL种群
2025-04-08 13:27:05,909 - DEBUG - Updated probability model at iteration 325
2025-04-08 13:27:05,909 - INFO - Iteration 326/500: Phase=hybrid learning, SL ratio=0.10, EL ratio=0.90
2025-04-08 13:27:06,800 - DEBUG -   [SL->EL] 失败! SL最优解1834.00不如EL最差解1770.00
2025-04-08 13:27:06,802 - DEBUG -   [EL->SL] 成功添加18个EL解到SL种群
2025-04-08 13:27:06,803 - DEBUG - Updated probability model at iteration 326
2025-04-08 13:27:06,803 - INFO - Iteration 327/500: Phase=hybrid learning, SL ratio=0.10, EL ratio=0.90
2025-04-08 13:27:07,699 - DEBUG -   [SL->EL] 失败! SL最优解1895.00不如EL最差解1847.00
2025-04-08 13:27:07,701 - DEBUG -   [EL->SL] 成功添加18个EL解到SL种群
2025-04-08 13:27:07,702 - DEBUG - Updated probability model at iteration 327
2025-04-08 13:27:07,702 - INFO - EL has been consistently better for 5 iterations, adjusting ratios: SL=0.10, EL=0.90
2025-04-08 13:27:07,702 - INFO - Iteration 328/500: Phase=hybrid learning, SL ratio=0.10, EL ratio=0.90
2025-04-08 13:27:08,544 - DEBUG -   [SL->EL] 成功! 用SL最优解1802.00替换EL最差解1855.00, 改进了53.00
2025-04-08 13:27:08,548 - DEBUG -   [EL->SL] 成功添加18个EL解到SL种群
2025-04-08 13:27:08,548 - DEBUG - Updated probability model at iteration 328
2025-04-08 13:27:08,548 - INFO - Iteration 329/500: Phase=hybrid learning, SL ratio=0.10, EL ratio=0.90
2025-04-08 13:27:09,428 - DEBUG -   [SL->EL] 失败! SL最优解1818.00不如EL最差解1772.00
2025-04-08 13:27:09,431 - DEBUG -   [EL->SL] 成功添加18个EL解到SL种群
2025-04-08 13:27:09,431 - DEBUG - Updated probability model at iteration 329
2025-04-08 13:27:09,431 - INFO - Iteration 330/500: Phase=hybrid learning, SL ratio=0.10, EL ratio=0.90
2025-04-08 13:27:10,286 - DEBUG -   [SL->EL] 成功! 用SL最优解1797.00替换EL最差解1856.00, 改进了59.00
2025-04-08 13:27:10,289 - DEBUG -   [EL->SL] 成功添加18个EL解到SL种群
2025-04-08 13:27:10,289 - DEBUG - Updated probability model at iteration 330
2025-04-08 13:27:10,289 - INFO - Iteration 331/500: Phase=hybrid learning, SL ratio=0.10, EL ratio=0.90
2025-04-08 13:27:11,174 - DEBUG -   [SL->EL] 成功! 用SL最优解1815.00替换EL最差解1910.00, 改进了95.00
2025-04-08 13:27:11,177 - DEBUG -   [EL->SL] 成功添加18个EL解到SL种群
2025-04-08 13:27:11,178 - DEBUG - Updated probability model at iteration 331
2025-04-08 13:27:11,178 - INFO - Iteration 332/500: Phase=hybrid learning, SL ratio=0.10, EL ratio=0.90
2025-04-08 13:27:12,050 - INFO - In generation 332，New best makespan: 1599.00, source: el
2025-04-08 13:27:12,050 - DEBUG -   [SL->EL] 成功! 用SL最优解1747.00替换EL最差解1798.00, 改进了51.00
2025-04-08 13:27:12,053 - DEBUG -   [EL->SL] 成功添加18个EL解到SL种群
2025-04-08 13:27:12,053 - DEBUG - Updated probability model at iteration 332
2025-04-08 13:27:12,053 - INFO - EL has been consistently better for 5 iterations, adjusting ratios: SL=0.10, EL=0.90
2025-04-08 13:27:12,053 - INFO - Iteration 333/500: Phase=hybrid learning, SL ratio=0.10, EL ratio=0.90
2025-04-08 13:27:12,922 - DEBUG -   [SL->EL] 成功! 用SL最优解1745.00替换EL最差解1774.00, 改进了29.00
2025-04-08 13:27:12,925 - DEBUG -   [EL->SL] 成功添加18个EL解到SL种群
2025-04-08 13:27:12,925 - DEBUG - Updated probability model at iteration 333
2025-04-08 13:27:12,925 - INFO - Iteration 334/500: Phase=hybrid learning, SL ratio=0.10, EL ratio=0.90
2025-04-08 13:27:13,795 - DEBUG -   [SL->EL] 成功! 用SL最优解1784.00替换EL最差解1878.00, 改进了94.00
2025-04-08 13:27:13,798 - DEBUG -   [EL->SL] 成功添加18个EL解到SL种群
2025-04-08 13:27:13,799 - DEBUG - Updated probability model at iteration 334
2025-04-08 13:27:13,799 - INFO - Iteration 335/500: Phase=hybrid learning, SL ratio=0.10, EL ratio=0.90
2025-04-08 13:27:14,694 - DEBUG -   [SL->EL] 失败! SL最优解1880.00不如EL最差解1825.00
2025-04-08 13:27:14,697 - DEBUG -   [EL->SL] 成功添加18个EL解到SL种群
2025-04-08 13:27:14,698 - DEBUG - Updated probability model at iteration 335
2025-04-08 13:27:14,698 - INFO - Iteration 336/500: Phase=hybrid learning, SL ratio=0.10, EL ratio=0.90
2025-04-08 13:27:15,548 - INFO - In generation 336，New best makespan: 1598.00, source: el
2025-04-08 13:27:15,548 - DEBUG -   [SL->EL] 成功! 用SL最优解1726.00替换EL最差解1761.00, 改进了35.00
2025-04-08 13:27:15,551 - DEBUG -   [EL->SL] 成功添加18个EL解到SL种群
2025-04-08 13:27:15,551 - DEBUG - Updated probability model at iteration 336
2025-04-08 13:27:15,551 - INFO - Iteration 337/500: Phase=hybrid learning, SL ratio=0.10, EL ratio=0.90
2025-04-08 13:27:16,397 - INFO - In generation 337，New best makespan: 1597.00, source: el
2025-04-08 13:27:16,398 - DEBUG -   [SL->EL] 失败! SL最优解1802.00不如EL最差解1759.00
2025-04-08 13:27:16,401 - DEBUG -   [EL->SL] 成功添加18个EL解到SL种群
2025-04-08 13:27:16,401 - DEBUG - Updated probability model at iteration 337
2025-04-08 13:27:16,401 - INFO - EL has been consistently better for 5 iterations, adjusting ratios: SL=0.10, EL=0.90
2025-04-08 13:27:16,401 - INFO - Iteration 338/500: Phase=hybrid learning, SL ratio=0.10, EL ratio=0.90
2025-04-08 13:27:17,272 - DEBUG -   [SL->EL] 失败! SL最优解1875.00不如EL最差解1774.00
2025-04-08 13:27:17,275 - DEBUG -   [EL->SL] 成功添加18个EL解到SL种群
2025-04-08 13:27:17,275 - DEBUG - Updated probability model at iteration 338
2025-04-08 13:27:17,275 - INFO - Iteration 339/500: Phase=hybrid learning, SL ratio=0.10, EL ratio=0.90
2025-04-08 13:27:18,151 - DEBUG -   [SL->EL] 成功! 用SL最优解1759.00替换EL最差解1817.00, 改进了58.00
2025-04-08 13:27:18,153 - DEBUG -   [EL->SL] 成功添加18个EL解到SL种群
2025-04-08 13:27:18,154 - DEBUG - Updated probability model at iteration 339
2025-04-08 13:27:18,154 - INFO - Iteration 340/500: Phase=hybrid learning, SL ratio=0.10, EL ratio=0.90
2025-04-08 13:27:19,018 - INFO - In generation 340，New best makespan: 1593.00, source: el
2025-04-08 13:27:19,018 - DEBUG -   [SL->EL] 失败! SL最优解1826.00不如EL最差解1772.00
2025-04-08 13:27:19,021 - DEBUG -   [EL->SL] 成功添加18个EL解到SL种群
2025-04-08 13:27:19,021 - DEBUG - Updated probability model at iteration 340
2025-04-08 13:27:19,021 - INFO - Iteration 341/500: Phase=hybrid learning, SL ratio=0.10, EL ratio=0.90
2025-04-08 13:27:19,862 - DEBUG -   [SL->EL] 成功! 用SL最优解1812.00替换EL最差解1849.00, 改进了37.00
2025-04-08 13:27:19,864 - DEBUG -   [EL->SL] 成功添加18个EL解到SL种群
2025-04-08 13:27:19,864 - DEBUG - Updated probability model at iteration 341
2025-04-08 13:27:19,864 - INFO - Iteration 342/500: Phase=hybrid learning, SL ratio=0.10, EL ratio=0.90
2025-04-08 13:27:20,740 - DEBUG -   [SL->EL] 成功! 用SL最优解1805.00替换EL最差解1828.00, 改进了23.00
2025-04-08 13:27:20,742 - DEBUG -   [EL->SL] 成功添加18个EL解到SL种群
2025-04-08 13:27:20,743 - DEBUG - Updated probability model at iteration 342
2025-04-08 13:27:20,743 - INFO - EL has been consistently better for 5 iterations, adjusting ratios: SL=0.10, EL=0.90
2025-04-08 13:27:20,743 - INFO - Iteration 343/500: Phase=hybrid learning, SL ratio=0.10, EL ratio=0.90
2025-04-08 13:27:21,642 - INFO - In generation 343，New best makespan: 1591.00, source: el
2025-04-08 13:27:21,643 - DEBUG -   [SL->EL] 成功! 用SL最优解1740.00替换EL最差解1802.00, 改进了62.00
2025-04-08 13:27:21,645 - DEBUG -   [EL->SL] 成功添加18个EL解到SL种群
2025-04-08 13:27:21,645 - DEBUG - Updated probability model at iteration 343
2025-04-08 13:27:21,645 - INFO - Iteration 344/500: Phase=hybrid learning, SL ratio=0.10, EL ratio=0.90
2025-04-08 13:27:22,556 - DEBUG -   [SL->EL] 失败! SL最优解1786.00不如EL最差解1772.00
2025-04-08 13:27:22,558 - DEBUG -   [EL->SL] 成功添加18个EL解到SL种群
2025-04-08 13:27:22,560 - DEBUG - Updated probability model at iteration 344
2025-04-08 13:27:22,560 - INFO - Iteration 345/500: Phase=hybrid learning, SL ratio=0.10, EL ratio=0.90
2025-04-08 13:27:23,451 - DEBUG -   [SL->EL] 成功! 用SL最优解1807.00替换EL最差解1823.00, 改进了16.00
2025-04-08 13:27:23,454 - DEBUG -   [EL->SL] 成功添加18个EL解到SL种群
2025-04-08 13:27:23,454 - DEBUG - Updated probability model at iteration 345
2025-04-08 13:27:23,454 - INFO - Iteration 346/500: Phase=hybrid learning, SL ratio=0.10, EL ratio=0.90
2025-04-08 13:27:24,350 - DEBUG -   [SL->EL] 成功! 用SL最优解1747.00替换EL最差解1800.00, 改进了53.00
2025-04-08 13:27:24,352 - DEBUG -   [EL->SL] 成功添加18个EL解到SL种群
2025-04-08 13:27:24,353 - DEBUG - Updated probability model at iteration 346
2025-04-08 13:27:24,353 - INFO - Iteration 347/500: Phase=hybrid learning, SL ratio=0.10, EL ratio=0.90
2025-04-08 13:27:25,221 - DEBUG -   [SL->EL] 失败! SL最优解1834.00不如EL最差解1803.00
2025-04-08 13:27:25,223 - DEBUG -   [EL->SL] 成功添加18个EL解到SL种群
2025-04-08 13:27:25,224 - DEBUG - Updated probability model at iteration 347
2025-04-08 13:27:25,224 - INFO - EL has been consistently better for 5 iterations, adjusting ratios: SL=0.10, EL=0.90
2025-04-08 13:27:25,224 - INFO - Iteration 348/500: Phase=hybrid learning, SL ratio=0.10, EL ratio=0.90
2025-04-08 13:27:26,062 - DEBUG -   [SL->EL] 成功! 用SL最优解1734.00替换EL最差解1845.00, 改进了111.00
2025-04-08 13:27:26,065 - DEBUG -   [EL->SL] 成功添加18个EL解到SL种群
2025-04-08 13:27:26,066 - DEBUG - Updated probability model at iteration 348
2025-04-08 13:27:26,066 - INFO - Iteration 349/500: Phase=hybrid learning, SL ratio=0.10, EL ratio=0.90
2025-04-08 13:27:26,952 - DEBUG -   [SL->EL] 成功! 用SL最优解1794.00替换EL最差解1808.00, 改进了14.00
2025-04-08 13:27:26,955 - DEBUG -   [EL->SL] 成功添加18个EL解到SL种群
2025-04-08 13:27:26,956 - DEBUG - Updated probability model at iteration 349
2025-04-08 13:27:26,956 - INFO - Iteration 350/500: Phase=hybrid learning, SL ratio=0.10, EL ratio=0.90
2025-04-08 13:27:27,819 - DEBUG -   [SL->EL] 失败! SL最优解1810.00不如EL最差解1796.00
2025-04-08 13:27:27,820 - DEBUG -   [EL->SL] 成功添加18个EL解到SL种群
2025-04-08 13:27:27,822 - DEBUG - Updated probability model at iteration 350
2025-04-08 13:27:27,822 - INFO - Iteration 351/500: Phase=hybrid learning, SL ratio=0.10, EL ratio=0.90
2025-04-08 13:27:28,701 - DEBUG -   [SL->EL] 失败! SL最优解1865.00不如EL最差解1814.00
2025-04-08 13:27:28,703 - DEBUG -   [EL->SL] 成功添加18个EL解到SL种群
2025-04-08 13:27:28,704 - DEBUG - Updated probability model at iteration 351
2025-04-08 13:27:28,704 - INFO - Iteration 352/500: Phase=hybrid learning, SL ratio=0.10, EL ratio=0.90
2025-04-08 13:27:29,594 - DEBUG -   [SL->EL] 成功! 用SL最优解1755.00替换EL最差解1813.00, 改进了58.00
2025-04-08 13:27:29,597 - DEBUG -   [EL->SL] 成功添加18个EL解到SL种群
2025-04-08 13:27:29,597 - DEBUG - Updated probability model at iteration 352
2025-04-08 13:27:29,597 - INFO - EL has been consistently better for 5 iterations, adjusting ratios: SL=0.10, EL=0.90
2025-04-08 13:27:29,597 - INFO - Iteration 353/500: Phase=hybrid learning, SL ratio=0.10, EL ratio=0.90
2025-04-08 13:27:30,481 - DEBUG -   [SL->EL] 失败! SL最优解1851.00不如EL最差解1768.00
2025-04-08 13:27:30,484 - DEBUG -   [EL->SL] 成功添加18个EL解到SL种群
2025-04-08 13:27:30,484 - DEBUG - Updated probability model at iteration 353
2025-04-08 13:27:30,484 - INFO - Iteration 354/500: Phase=hybrid learning, SL ratio=0.10, EL ratio=0.90
2025-04-08 13:27:31,348 - DEBUG -   [SL->EL] 成功! 用SL最优解1790.00替换EL最差解1816.00, 改进了26.00
2025-04-08 13:27:31,350 - DEBUG -   [EL->SL] 成功添加18个EL解到SL种群
2025-04-08 13:27:31,351 - DEBUG - Updated probability model at iteration 354
2025-04-08 13:27:31,351 - INFO - Iteration 355/500: Phase=hybrid learning, SL ratio=0.10, EL ratio=0.90
2025-04-08 13:27:32,198 - DEBUG -   [SL->EL] 成功! 用SL最优解1787.00替换EL最差解1833.00, 改进了46.00
2025-04-08 13:27:32,201 - DEBUG -   [EL->SL] 成功添加18个EL解到SL种群
2025-04-08 13:27:32,202 - DEBUG - Updated probability model at iteration 355
2025-04-08 13:27:32,202 - INFO - Iteration 356/500: Phase=hybrid learning, SL ratio=0.10, EL ratio=0.90
2025-04-08 13:27:33,069 - DEBUG -   [SL->EL] 成功! 用SL最优解1832.00替换EL最差解1867.00, 改进了35.00
2025-04-08 13:27:33,072 - DEBUG -   [EL->SL] 成功添加18个EL解到SL种群
2025-04-08 13:27:33,073 - DEBUG - Updated probability model at iteration 356
2025-04-08 13:27:33,073 - INFO - Iteration 357/500: Phase=hybrid learning, SL ratio=0.10, EL ratio=0.90
2025-04-08 13:27:33,926 - DEBUG -   [SL->EL] 失败! SL最优解1829.00不如EL最差解1793.00
2025-04-08 13:27:33,930 - DEBUG -   [EL->SL] 成功添加18个EL解到SL种群
2025-04-08 13:27:33,930 - DEBUG - Updated probability model at iteration 357
2025-04-08 13:27:33,931 - INFO - EL has been consistently better for 5 iterations, adjusting ratios: SL=0.10, EL=0.90
2025-04-08 13:27:33,931 - INFO - Iteration 358/500: Phase=hybrid learning, SL ratio=0.10, EL ratio=0.90
2025-04-08 13:27:34,779 - DEBUG -   [SL->EL] 失败! SL最优解1824.00不如EL最差解1753.00
2025-04-08 13:27:34,782 - DEBUG -   [EL->SL] 成功添加18个EL解到SL种群
2025-04-08 13:27:34,782 - DEBUG - Updated probability model at iteration 358
2025-04-08 13:27:34,782 - INFO - Iteration 359/500: Phase=hybrid learning, SL ratio=0.10, EL ratio=0.90
2025-04-08 13:27:35,611 - DEBUG -   [SL->EL] 失败! SL最优解1828.00不如EL最差解1772.00
2025-04-08 13:27:35,614 - DEBUG -   [EL->SL] 成功添加18个EL解到SL种群
2025-04-08 13:27:35,614 - DEBUG - Updated probability model at iteration 359
2025-04-08 13:27:35,614 - INFO - Iteration 360/500: Phase=hybrid learning, SL ratio=0.10, EL ratio=0.90
2025-04-08 13:27:36,468 - INFO - In generation 360，New best makespan: 1590.00, source: el
2025-04-08 13:27:36,469 - DEBUG -   [SL->EL] 失败! SL最优解1849.00不如EL最差解1817.00
2025-04-08 13:27:36,470 - DEBUG -   [EL->SL] 成功添加18个EL解到SL种群
2025-04-08 13:27:36,472 - DEBUG - Updated probability model at iteration 360
2025-04-08 13:27:36,472 - INFO - Iteration 361/500: Phase=hybrid learning, SL ratio=0.10, EL ratio=0.90
2025-04-08 13:27:37,301 - DEBUG -   [SL->EL] 失败! SL最优解1941.00不如EL最差解1786.00
2025-04-08 13:27:37,303 - DEBUG -   [EL->SL] 成功添加18个EL解到SL种群
2025-04-08 13:27:37,303 - DEBUG - Updated probability model at iteration 361
2025-04-08 13:27:37,303 - INFO - Iteration 362/500: Phase=hybrid learning, SL ratio=0.10, EL ratio=0.90
2025-04-08 13:27:38,185 - DEBUG -   [SL->EL] 失败! SL最优解1831.00不如EL最差解1823.00
2025-04-08 13:27:38,188 - DEBUG -   [EL->SL] 成功添加18个EL解到SL种群
2025-04-08 13:27:38,188 - DEBUG - Updated probability model at iteration 362
2025-04-08 13:27:38,188 - INFO - EL has been consistently better for 5 iterations, adjusting ratios: SL=0.10, EL=0.90
2025-04-08 13:27:38,188 - INFO - Iteration 363/500: Phase=hybrid learning, SL ratio=0.10, EL ratio=0.90
2025-04-08 13:27:39,067 - DEBUG -   [SL->EL] 失败! SL最优解1816.00不如EL最差解1791.00
2025-04-08 13:27:39,070 - DEBUG -   [EL->SL] 成功添加18个EL解到SL种群
2025-04-08 13:27:39,070 - DEBUG - Updated probability model at iteration 363
2025-04-08 13:27:39,070 - INFO - Iteration 364/500: Phase=hybrid learning, SL ratio=0.10, EL ratio=0.90
2025-04-08 13:27:39,928 - DEBUG -   [SL->EL] 成功! 用SL最优解1759.00替换EL最差解1788.00, 改进了29.00
2025-04-08 13:27:39,931 - DEBUG -   [EL->SL] 成功添加18个EL解到SL种群
2025-04-08 13:27:39,931 - DEBUG - Updated probability model at iteration 364
2025-04-08 13:27:39,931 - INFO - Iteration 365/500: Phase=hybrid learning, SL ratio=0.10, EL ratio=0.90
2025-04-08 13:27:40,832 - INFO - In generation 365，New best makespan: 1588.00, source: el
2025-04-08 13:27:40,832 - DEBUG -   [SL->EL] 失败! SL最优解1806.00不如EL最差解1788.00
2025-04-08 13:27:40,835 - DEBUG -   [EL->SL] 成功添加18个EL解到SL种群
2025-04-08 13:27:40,835 - DEBUG - Updated probability model at iteration 365
2025-04-08 13:27:40,835 - INFO - Iteration 366/500: Phase=hybrid learning, SL ratio=0.10, EL ratio=0.90
2025-04-08 13:27:41,697 - INFO - In generation 366，New best makespan: 1587.00, source: el
2025-04-08 13:27:41,697 - DEBUG -   [SL->EL] 成功! 用SL最优解1735.00替换EL最差解1855.00, 改进了120.00
2025-04-08 13:27:41,700 - DEBUG -   [EL->SL] 成功添加18个EL解到SL种群
2025-04-08 13:27:41,700 - DEBUG - Updated probability model at iteration 366
2025-04-08 13:27:41,700 - INFO - Iteration 367/500: Phase=hybrid learning, SL ratio=0.10, EL ratio=0.90
2025-04-08 13:27:42,550 - DEBUG -   [SL->EL] 成功! 用SL最优解1730.00替换EL最差解1767.00, 改进了37.00
2025-04-08 13:27:42,553 - DEBUG -   [EL->SL] 成功添加18个EL解到SL种群
2025-04-08 13:27:42,553 - DEBUG - Updated probability model at iteration 367
2025-04-08 13:27:42,554 - INFO - EL has been consistently better for 5 iterations, adjusting ratios: SL=0.10, EL=0.90
2025-04-08 13:27:42,555 - INFO - Iteration 368/500: Phase=hybrid learning, SL ratio=0.10, EL ratio=0.90
2025-04-08 13:27:43,427 - INFO - In generation 368，New best makespan: 1585.00, source: el
2025-04-08 13:27:43,428 - DEBUG -   [SL->EL] 失败! SL最优解1813.00不如EL最差解1749.00
2025-04-08 13:27:43,430 - DEBUG -   [EL->SL] 成功添加18个EL解到SL种群
2025-04-08 13:27:43,431 - DEBUG - Updated probability model at iteration 368
2025-04-08 13:27:43,431 - INFO - Iteration 369/500: Phase=hybrid learning, SL ratio=0.10, EL ratio=0.90
2025-04-08 13:27:44,327 - DEBUG -   [SL->EL] 失败! SL最优解1773.00不如EL最差解1770.00
2025-04-08 13:27:44,329 - DEBUG -   [EL->SL] 成功添加18个EL解到SL种群
2025-04-08 13:27:44,330 - DEBUG - Updated probability model at iteration 369
2025-04-08 13:27:44,330 - INFO - Iteration 370/500: Phase=hybrid learning, SL ratio=0.10, EL ratio=0.90
2025-04-08 13:27:45,218 - INFO - In generation 370，New best makespan: 1583.00, source: el
2025-04-08 13:27:45,218 - DEBUG -   [SL->EL] 失败! SL最优解1798.00不如EL最差解1770.00
2025-04-08 13:27:45,220 - DEBUG -   [EL->SL] 成功添加18个EL解到SL种群
2025-04-08 13:27:45,222 - DEBUG - Updated probability model at iteration 370
2025-04-08 13:27:45,222 - INFO - Iteration 371/500: Phase=hybrid learning, SL ratio=0.10, EL ratio=0.90
2025-04-08 13:27:46,060 - DEBUG -   [SL->EL] 失败! SL最优解1812.00不如EL最差解1807.00
2025-04-08 13:27:46,062 - DEBUG -   [EL->SL] 成功添加18个EL解到SL种群
2025-04-08 13:27:46,064 - DEBUG - Updated probability model at iteration 371
2025-04-08 13:27:46,064 - INFO - Iteration 372/500: Phase=hybrid learning, SL ratio=0.10, EL ratio=0.90
2025-04-08 13:27:46,945 - DEBUG -   [SL->EL] 成功! 用SL最优解1775.00替换EL最差解1845.00, 改进了70.00
2025-04-08 13:27:46,948 - DEBUG -   [EL->SL] 成功添加18个EL解到SL种群
2025-04-08 13:27:46,949 - DEBUG - Updated probability model at iteration 372
2025-04-08 13:27:46,949 - INFO - EL has been consistently better for 5 iterations, adjusting ratios: SL=0.10, EL=0.90
2025-04-08 13:27:46,949 - INFO - Iteration 373/500: Phase=hybrid learning, SL ratio=0.10, EL ratio=0.90
2025-04-08 13:27:47,833 - INFO - In generation 373，New best makespan: 1582.00, source: el
2025-04-08 13:27:47,834 - DEBUG -   [SL->EL] 失败! SL最优解1817.00不如EL最差解1778.00
2025-04-08 13:27:47,836 - DEBUG -   [EL->SL] 成功添加18个EL解到SL种群
2025-04-08 13:27:47,837 - DEBUG - Updated probability model at iteration 373
2025-04-08 13:27:47,837 - INFO - Iteration 374/500: Phase=hybrid learning, SL ratio=0.10, EL ratio=0.90
2025-04-08 13:27:48,723 - DEBUG -   [SL->EL] 成功! 用SL最优解1825.00替换EL最差解1867.00, 改进了42.00
2025-04-08 13:27:48,726 - DEBUG -   [EL->SL] 成功添加18个EL解到SL种群
2025-04-08 13:27:48,727 - DEBUG - Updated probability model at iteration 374
2025-04-08 13:27:48,727 - INFO - Iteration 375/500: Phase=hybrid learning, SL ratio=0.10, EL ratio=0.90
2025-04-08 13:27:49,622 - DEBUG -   [SL->EL] 成功! 用SL最优解1713.00替换EL最差解1759.00, 改进了46.00
2025-04-08 13:27:49,624 - DEBUG -   [EL->SL] 成功添加18个EL解到SL种群
2025-04-08 13:27:49,628 - DEBUG - Updated probability model at iteration 375
2025-04-08 13:27:49,628 - INFO - Iteration 376/500: Phase=hybrid learning, SL ratio=0.10, EL ratio=0.90
2025-04-08 13:27:50,510 - DEBUG -   [SL->EL] 失败! SL最优解1849.00不如EL最差解1773.00
2025-04-08 13:27:50,512 - DEBUG -   [EL->SL] 成功添加18个EL解到SL种群
2025-04-08 13:27:50,514 - DEBUG - Updated probability model at iteration 376
2025-04-08 13:27:50,514 - INFO - Iteration 377/500: Phase=hybrid learning, SL ratio=0.10, EL ratio=0.90
2025-04-08 13:27:51,409 - DEBUG -   [SL->EL] 失败! SL最优解1795.00不如EL最差解1734.00
2025-04-08 13:27:51,412 - DEBUG -   [EL->SL] 成功添加18个EL解到SL种群
2025-04-08 13:27:51,412 - DEBUG - Updated probability model at iteration 377
2025-04-08 13:27:51,412 - INFO - EL has been consistently better for 5 iterations, adjusting ratios: SL=0.10, EL=0.90
2025-04-08 13:27:51,412 - INFO - Iteration 378/500: Phase=hybrid learning, SL ratio=0.10, EL ratio=0.90
2025-04-08 13:27:52,346 - DEBUG -   [SL->EL] 成功! 用SL最优解1783.00替换EL最差解1785.00, 改进了2.00
2025-04-08 13:27:52,349 - DEBUG -   [EL->SL] 成功添加18个EL解到SL种群
2025-04-08 13:27:52,350 - DEBUG - Updated probability model at iteration 378
2025-04-08 13:27:52,350 - INFO - Iteration 379/500: Phase=hybrid learning, SL ratio=0.10, EL ratio=0.90
2025-04-08 13:27:53,233 - DEBUG -   [SL->EL] 失败! SL最优解1836.00不如EL最差解1737.00
2025-04-08 13:27:53,235 - DEBUG -   [EL->SL] 成功添加18个EL解到SL种群
2025-04-08 13:27:53,236 - DEBUG - Updated probability model at iteration 379
2025-04-08 13:27:53,236 - INFO - Iteration 380/500: Phase=hybrid learning, SL ratio=0.10, EL ratio=0.90
2025-04-08 13:27:54,122 - DEBUG -   [SL->EL] 失败! SL最优解1829.00不如EL最差解1768.00
2025-04-08 13:27:54,125 - DEBUG -   [EL->SL] 成功添加18个EL解到SL种群
2025-04-08 13:27:54,125 - DEBUG - Updated probability model at iteration 380
2025-04-08 13:27:54,125 - INFO - Iteration 381/500: Phase=hybrid learning, SL ratio=0.10, EL ratio=0.90
2025-04-08 13:27:55,040 - DEBUG -   [SL->EL] 失败! SL最优解1822.00不如EL最差解1758.00
2025-04-08 13:27:55,042 - DEBUG -   [EL->SL] 成功添加18个EL解到SL种群
2025-04-08 13:27:55,043 - DEBUG - Updated probability model at iteration 381
2025-04-08 13:27:55,043 - INFO - Iteration 382/500: Phase=hybrid learning, SL ratio=0.10, EL ratio=0.90
2025-04-08 13:27:55,970 - DEBUG -   [SL->EL] 失败! SL最优解1892.00不如EL最差解1741.00
2025-04-08 13:27:55,973 - DEBUG -   [EL->SL] 成功添加18个EL解到SL种群
2025-04-08 13:27:55,973 - DEBUG - Updated probability model at iteration 382
2025-04-08 13:27:55,973 - INFO - EL has been consistently better for 5 iterations, adjusting ratios: SL=0.10, EL=0.90
2025-04-08 13:27:55,974 - INFO - Iteration 383/500: Phase=hybrid learning, SL ratio=0.10, EL ratio=0.90
2025-04-08 13:27:56,890 - DEBUG -   [SL->EL] 失败! SL最优解1850.00不如EL最差解1843.00
2025-04-08 13:27:56,893 - DEBUG -   [EL->SL] 成功添加18个EL解到SL种群
2025-04-08 13:27:56,893 - DEBUG - Updated probability model at iteration 383
2025-04-08 13:27:56,893 - INFO - Iteration 384/500: Phase=hybrid learning, SL ratio=0.10, EL ratio=0.90
2025-04-08 13:27:57,784 - DEBUG -   [SL->EL] 成功! 用SL最优解1805.00替换EL最差解1814.00, 改进了9.00
2025-04-08 13:27:57,787 - DEBUG -   [EL->SL] 成功添加18个EL解到SL种群
2025-04-08 13:27:57,788 - DEBUG - Updated probability model at iteration 384
2025-04-08 13:27:57,788 - INFO - Iteration 385/500: Phase=hybrid learning, SL ratio=0.10, EL ratio=0.90
2025-04-08 13:27:58,668 - DEBUG -   [SL->EL] 失败! SL最优解1838.00不如EL最差解1803.00
2025-04-08 13:27:58,670 - DEBUG -   [EL->SL] 成功添加18个EL解到SL种群
2025-04-08 13:27:58,670 - DEBUG - Updated probability model at iteration 385
2025-04-08 13:27:58,670 - INFO - Iteration 386/500: Phase=hybrid learning, SL ratio=0.10, EL ratio=0.90
2025-04-08 13:27:59,583 - DEBUG -   [SL->EL] 成功! 用SL最优解1762.00替换EL最差解1825.00, 改进了63.00
2025-04-08 13:27:59,585 - DEBUG -   [EL->SL] 成功添加18个EL解到SL种群
2025-04-08 13:27:59,586 - DEBUG - Updated probability model at iteration 386
2025-04-08 13:27:59,586 - INFO - Iteration 387/500: Phase=hybrid learning, SL ratio=0.10, EL ratio=0.90
2025-04-08 13:28:00,468 - DEBUG -   [SL->EL] 失败! SL最优解1830.00不如EL最差解1796.00
2025-04-08 13:28:00,470 - DEBUG -   [EL->SL] 成功添加18个EL解到SL种群
2025-04-08 13:28:00,470 - DEBUG - Updated probability model at iteration 387
2025-04-08 13:28:00,470 - INFO - EL has been consistently better for 5 iterations, adjusting ratios: SL=0.10, EL=0.90
2025-04-08 13:28:00,472 - INFO - Iteration 388/500: Phase=hybrid learning, SL ratio=0.10, EL ratio=0.90
2025-04-08 13:28:01,321 - DEBUG -   [SL->EL] 失败! SL最优解1886.00不如EL最差解1811.00
2025-04-08 13:28:01,324 - DEBUG -   [EL->SL] 成功添加18个EL解到SL种群
2025-04-08 13:28:01,324 - DEBUG - Updated probability model at iteration 388
2025-04-08 13:28:01,324 - INFO - Iteration 389/500: Phase=hybrid learning, SL ratio=0.10, EL ratio=0.90
2025-04-08 13:28:02,198 - DEBUG -   [SL->EL] 失败! SL最优解1785.00不如EL最差解1735.00
2025-04-08 13:28:02,202 - DEBUG -   [EL->SL] 成功添加18个EL解到SL种群
2025-04-08 13:28:02,202 - DEBUG - Updated probability model at iteration 389
2025-04-08 13:28:02,202 - INFO - Iteration 390/500: Phase=hybrid learning, SL ratio=0.10, EL ratio=0.90
2025-04-08 13:28:03,047 - DEBUG -   [SL->EL] 成功! 用SL最优解1807.00替换EL最差解1858.00, 改进了51.00
2025-04-08 13:28:03,050 - DEBUG -   [EL->SL] 成功添加18个EL解到SL种群
2025-04-08 13:28:03,050 - DEBUG - Updated probability model at iteration 390
2025-04-08 13:28:03,050 - INFO - Iteration 391/500: Phase=hybrid learning, SL ratio=0.10, EL ratio=0.90
2025-04-08 13:28:03,918 - DEBUG -   [SL->EL] 失败! SL最优解1797.00不如EL最差解1784.00
2025-04-08 13:28:03,920 - DEBUG -   [EL->SL] 成功添加18个EL解到SL种群
2025-04-08 13:28:03,920 - DEBUG - Updated probability model at iteration 391
2025-04-08 13:28:03,920 - INFO - Iteration 392/500: Phase=hybrid learning, SL ratio=0.10, EL ratio=0.90
2025-04-08 13:28:04,814 - DEBUG -   [SL->EL] 失败! SL最优解1844.00不如EL最差解1760.00
2025-04-08 13:28:04,816 - DEBUG -   [EL->SL] 成功添加18个EL解到SL种群
2025-04-08 13:28:04,818 - DEBUG - Updated probability model at iteration 392
2025-04-08 13:28:04,818 - INFO - EL has been consistently better for 5 iterations, adjusting ratios: SL=0.10, EL=0.90
2025-04-08 13:28:04,818 - INFO - Iteration 393/500: Phase=hybrid learning, SL ratio=0.10, EL ratio=0.90
2025-04-08 13:28:05,657 - DEBUG -   [SL->EL] 失败! SL最优解1859.00不如EL最差解1753.00
2025-04-08 13:28:05,659 - DEBUG -   [EL->SL] 成功添加18个EL解到SL种群
2025-04-08 13:28:05,660 - DEBUG - Updated probability model at iteration 393
2025-04-08 13:28:05,660 - INFO - Iteration 394/500: Phase=hybrid learning, SL ratio=0.10, EL ratio=0.90
2025-04-08 13:28:06,520 - DEBUG -   [SL->EL] 成功! 用SL最优解1766.00替换EL最差解1800.00, 改进了34.00
2025-04-08 13:28:06,523 - DEBUG -   [EL->SL] 成功添加18个EL解到SL种群
2025-04-08 13:28:06,523 - DEBUG - Updated probability model at iteration 394
2025-04-08 13:28:06,523 - INFO - Iteration 395/500: Phase=hybrid learning, SL ratio=0.10, EL ratio=0.90
2025-04-08 13:28:07,366 - DEBUG -   [SL->EL] 成功! 用SL最优解1801.00替换EL最差解1834.00, 改进了33.00
2025-04-08 13:28:07,368 - DEBUG -   [EL->SL] 成功添加18个EL解到SL种群
2025-04-08 13:28:07,368 - DEBUG - Updated probability model at iteration 395
2025-04-08 13:28:07,368 - INFO - Iteration 396/500: Phase=hybrid learning, SL ratio=0.10, EL ratio=0.90
2025-04-08 13:28:08,224 - DEBUG -   [SL->EL] 成功! 用SL最优解1850.00替换EL最差解1896.00, 改进了46.00
2025-04-08 13:28:08,226 - DEBUG -   [EL->SL] 成功添加18个EL解到SL种群
2025-04-08 13:28:08,228 - DEBUG - Updated probability model at iteration 396
2025-04-08 13:28:08,228 - INFO - Iteration 397/500: Phase=hybrid learning, SL ratio=0.10, EL ratio=0.90
2025-04-08 13:28:09,095 - DEBUG -   [SL->EL] 失败! SL最优解1823.00不如EL最差解1790.00
2025-04-08 13:28:09,097 - DEBUG -   [EL->SL] 成功添加18个EL解到SL种群
2025-04-08 13:28:09,099 - DEBUG - Updated probability model at iteration 397
2025-04-08 13:28:09,099 - INFO - Iteration 398/500: Phase=hybrid learning, SL ratio=0.10, EL ratio=0.90
2025-04-08 13:28:09,966 - DEBUG -   [SL->EL] 成功! 用SL最优解1751.00替换EL最差解1825.00, 改进了74.00
2025-04-08 13:28:09,969 - DEBUG -   [EL->SL] 成功添加18个EL解到SL种群
2025-04-08 13:28:09,970 - DEBUG - Updated probability model at iteration 398
2025-04-08 13:28:09,970 - INFO - Iteration 399/500: Phase=hybrid learning, SL ratio=0.10, EL ratio=0.90
2025-04-08 13:28:10,822 - DEBUG -   [SL->EL] 成功! 用SL最优解1774.00替换EL最差解1814.00, 改进了40.00
2025-04-08 13:28:10,825 - DEBUG -   [EL->SL] 成功添加18个EL解到SL种群
2025-04-08 13:28:10,825 - DEBUG - Updated probability model at iteration 399
2025-04-08 13:28:10,825 - INFO - Iteration 400/500: Phase=hybrid learning, SL ratio=0.10, EL ratio=0.90
2025-04-08 13:28:11,683 - DEBUG -   [SL->EL] 失败! SL最优解1829.00不如EL最差解1821.00
2025-04-08 13:28:11,686 - DEBUG -   [EL->SL] 成功添加18个EL解到SL种群
2025-04-08 13:28:11,687 - DEBUG - Updated probability model at iteration 400
2025-04-08 13:28:11,687 - INFO - Iteration 401/500: Phase=hybrid learning, SL ratio=0.10, EL ratio=0.90
2025-04-08 13:28:12,560 - DEBUG -   [SL->EL] 成功! 用SL最优解1772.00替换EL最差解1783.00, 改进了11.00
2025-04-08 13:28:12,563 - DEBUG -   [EL->SL] 成功添加18个EL解到SL种群
2025-04-08 13:28:12,563 - DEBUG - Updated probability model at iteration 401
2025-04-08 13:28:12,564 - INFO - Iteration 402/500: Phase=hybrid learning, SL ratio=0.10, EL ratio=0.90
2025-04-08 13:28:13,447 - DEBUG -   [SL->EL] 失败! SL最优解1871.00不如EL最差解1755.00
2025-04-08 13:28:13,450 - DEBUG -   [EL->SL] 成功添加18个EL解到SL种群
2025-04-08 13:28:13,450 - DEBUG - Updated probability model at iteration 402
2025-04-08 13:28:13,450 - INFO - Iteration 403/500: Phase=hybrid learning, SL ratio=0.10, EL ratio=0.90
2025-04-08 13:28:14,300 - INFO - In generation 403，New best makespan: 1581.00, source: el
2025-04-08 13:28:14,301 - DEBUG -   [SL->EL] 失败! SL最优解1804.00不如EL最差解1795.00
2025-04-08 13:28:14,303 - DEBUG -   [EL->SL] 成功添加18个EL解到SL种群
2025-04-08 13:28:14,304 - DEBUG - Updated probability model at iteration 403
2025-04-08 13:28:14,304 - INFO - Iteration 404/500: Phase=hybrid learning, SL ratio=0.10, EL ratio=0.90
2025-04-08 13:28:15,195 - DEBUG -   [SL->EL] 成功! 用SL最优解1800.00替换EL最差解1831.00, 改进了31.00
2025-04-08 13:28:15,197 - DEBUG -   [EL->SL] 成功添加18个EL解到SL种群
2025-04-08 13:28:15,197 - DEBUG - Updated probability model at iteration 404
2025-04-08 13:28:15,197 - INFO - Iteration 405/500: Phase=hybrid learning, SL ratio=0.10, EL ratio=0.90
2025-04-08 13:28:16,073 - DEBUG -   [SL->EL] 失败! SL最优解1818.00不如EL最差解1765.00
2025-04-08 13:28:16,076 - DEBUG -   [EL->SL] 成功添加18个EL解到SL种群
2025-04-08 13:28:16,076 - DEBUG - Updated probability model at iteration 405
2025-04-08 13:28:16,076 - INFO - Iteration 406/500: Phase=hybrid learning, SL ratio=0.10, EL ratio=0.90
2025-04-08 13:28:16,933 - DEBUG -   [SL->EL] 失败! SL最优解1821.00不如EL最差解1783.00
2025-04-08 13:28:16,936 - DEBUG -   [EL->SL] 成功添加18个EL解到SL种群
2025-04-08 13:28:16,936 - DEBUG - Updated probability model at iteration 406
2025-04-08 13:28:16,936 - INFO - Iteration 407/500: Phase=hybrid learning, SL ratio=0.10, EL ratio=0.90
2025-04-08 13:28:17,770 - DEBUG -   [SL->EL] 失败! SL最优解1890.00不如EL最差解1764.00
2025-04-08 13:28:17,773 - DEBUG -   [EL->SL] 成功添加18个EL解到SL种群
2025-04-08 13:28:17,774 - DEBUG - Updated probability model at iteration 407
2025-04-08 13:28:17,774 - INFO - EL has been consistently better for 5 iterations, adjusting ratios: SL=0.10, EL=0.90
2025-04-08 13:28:17,774 - INFO - Iteration 408/500: Phase=hybrid learning, SL ratio=0.10, EL ratio=0.90
2025-04-08 13:28:18,635 - DEBUG -   [SL->EL] 失败! SL最优解1851.00不如EL最差解1743.00
2025-04-08 13:28:18,638 - DEBUG -   [EL->SL] 成功添加18个EL解到SL种群
2025-04-08 13:28:18,639 - DEBUG - Updated probability model at iteration 408
2025-04-08 13:28:18,639 - INFO - Iteration 409/500: Phase=hybrid learning, SL ratio=0.10, EL ratio=0.90
2025-04-08 13:28:19,510 - DEBUG -   [SL->EL] 失败! SL最优解1895.00不如EL最差解1819.00
2025-04-08 13:28:19,512 - DEBUG -   [EL->SL] 成功添加18个EL解到SL种群
2025-04-08 13:28:19,514 - DEBUG - Updated probability model at iteration 409
2025-04-08 13:28:19,514 - INFO - Iteration 410/500: Phase=hybrid learning, SL ratio=0.10, EL ratio=0.90
2025-04-08 13:28:20,376 - DEBUG -   [SL->EL] 失败! SL最优解1887.00不如EL最差解1808.00
2025-04-08 13:28:20,380 - DEBUG -   [EL->SL] 成功添加18个EL解到SL种群
2025-04-08 13:28:20,381 - DEBUG - Updated probability model at iteration 410
2025-04-08 13:28:20,381 - INFO - Iteration 411/500: Phase=hybrid learning, SL ratio=0.10, EL ratio=0.90
2025-04-08 13:28:21,220 - DEBUG -   [SL->EL] 失败! SL最优解1877.00不如EL最差解1777.00
2025-04-08 13:28:21,224 - DEBUG -   [EL->SL] 成功添加18个EL解到SL种群
2025-04-08 13:28:21,225 - DEBUG - Updated probability model at iteration 411
2025-04-08 13:28:21,225 - INFO - Iteration 412/500: Phase=hybrid learning, SL ratio=0.10, EL ratio=0.90
2025-04-08 13:28:22,110 - DEBUG -   [SL->EL] 失败! SL最优解1832.00不如EL最差解1743.00
2025-04-08 13:28:22,112 - DEBUG -   [EL->SL] 成功添加18个EL解到SL种群
2025-04-08 13:28:22,114 - DEBUG - Updated probability model at iteration 412
2025-04-08 13:28:22,114 - INFO - EL has been consistently better for 5 iterations, adjusting ratios: SL=0.10, EL=0.90
2025-04-08 13:28:22,114 - INFO - Iteration 413/500: Phase=hybrid learning, SL ratio=0.10, EL ratio=0.90
2025-04-08 13:28:23,038 - DEBUG -   [SL->EL] 失败! SL最优解1777.00不如EL最差解1761.00
2025-04-08 13:28:23,040 - DEBUG -   [EL->SL] 成功添加18个EL解到SL种群
2025-04-08 13:28:23,040 - DEBUG - Updated probability model at iteration 413
2025-04-08 13:28:23,040 - INFO - Iteration 414/500: Phase=hybrid learning, SL ratio=0.10, EL ratio=0.90
2025-04-08 13:28:23,920 - DEBUG -   [SL->EL] 失败! SL最优解1882.00不如EL最差解1814.00
2025-04-08 13:28:23,922 - DEBUG -   [EL->SL] 成功添加18个EL解到SL种群
2025-04-08 13:28:23,923 - DEBUG - Updated probability model at iteration 414
2025-04-08 13:28:23,923 - INFO - Iteration 415/500: Phase=hybrid learning, SL ratio=0.10, EL ratio=0.90
2025-04-08 13:28:24,824 - DEBUG -   [SL->EL] 成功! 用SL最优解1833.00替换EL最差解1870.00, 改进了37.00
2025-04-08 13:28:24,827 - DEBUG -   [EL->SL] 成功添加18个EL解到SL种群
2025-04-08 13:28:24,827 - DEBUG - Updated probability model at iteration 415
2025-04-08 13:28:24,828 - INFO - Iteration 416/500: Phase=hybrid learning, SL ratio=0.10, EL ratio=0.90
2025-04-08 13:28:25,706 - DEBUG -   [SL->EL] 失败! SL最优解1815.00不如EL最差解1762.00
2025-04-08 13:28:25,709 - DEBUG -   [EL->SL] 成功添加18个EL解到SL种群
2025-04-08 13:28:25,709 - DEBUG - Updated probability model at iteration 416
2025-04-08 13:28:25,709 - INFO - Iteration 417/500: Phase=hybrid learning, SL ratio=0.10, EL ratio=0.90
2025-04-08 13:28:26,604 - DEBUG -   [SL->EL] 失败! SL最优解1823.00不如EL最差解1820.00
2025-04-08 13:28:26,608 - DEBUG -   [EL->SL] 成功添加18个EL解到SL种群
2025-04-08 13:28:26,608 - DEBUG - Updated probability model at iteration 417
2025-04-08 13:28:26,608 - INFO - EL has been consistently better for 5 iterations, adjusting ratios: SL=0.10, EL=0.90
2025-04-08 13:28:26,609 - INFO - Iteration 418/500: Phase=hybrid learning, SL ratio=0.10, EL ratio=0.90
2025-04-08 13:28:27,503 - DEBUG -   [SL->EL] 失败! SL最优解1841.00不如EL最差解1812.00
2025-04-08 13:28:27,507 - DEBUG -   [EL->SL] 成功添加18个EL解到SL种群
2025-04-08 13:28:27,507 - DEBUG - Updated probability model at iteration 418
2025-04-08 13:28:27,507 - INFO - Iteration 419/500: Phase=hybrid learning, SL ratio=0.10, EL ratio=0.90
2025-04-08 13:28:28,413 - DEBUG -   [SL->EL] 成功! 用SL最优解1725.00替换EL最差解1765.00, 改进了40.00
2025-04-08 13:28:28,415 - DEBUG -   [EL->SL] 成功添加18个EL解到SL种群
2025-04-08 13:28:28,416 - DEBUG - Updated probability model at iteration 419
2025-04-08 13:28:28,416 - INFO - Iteration 420/500: Phase=hybrid learning, SL ratio=0.10, EL ratio=0.90
2025-04-08 13:28:29,305 - DEBUG -   [SL->EL] 成功! 用SL最优解1746.00替换EL最差解1757.00, 改进了11.00
2025-04-08 13:28:29,308 - DEBUG -   [EL->SL] 成功添加18个EL解到SL种群
2025-04-08 13:28:29,308 - DEBUG - Updated probability model at iteration 420
2025-04-08 13:28:29,308 - INFO - Iteration 421/500: Phase=hybrid learning, SL ratio=0.10, EL ratio=0.90
2025-04-08 13:28:30,203 - DEBUG -   [SL->EL] 成功! 用SL最优解1771.00替换EL最差解1806.00, 改进了35.00
2025-04-08 13:28:30,206 - DEBUG -   [EL->SL] 成功添加18个EL解到SL种群
2025-04-08 13:28:30,207 - DEBUG - Updated probability model at iteration 421
2025-04-08 13:28:30,207 - INFO - Iteration 422/500: Phase=hybrid learning, SL ratio=0.10, EL ratio=0.90
2025-04-08 13:28:31,091 - DEBUG -   [SL->EL] 失败! SL最优解1784.00不如EL最差解1781.00
2025-04-08 13:28:31,093 - DEBUG -   [EL->SL] 成功添加18个EL解到SL种群
2025-04-08 13:28:31,094 - DEBUG - Updated probability model at iteration 422
2025-04-08 13:28:31,094 - INFO - EL has been consistently better for 5 iterations, adjusting ratios: SL=0.10, EL=0.90
2025-04-08 13:28:31,094 - INFO - Iteration 423/500: Phase=hybrid learning, SL ratio=0.10, EL ratio=0.90
2025-04-08 13:28:31,992 - DEBUG -   [SL->EL] 失败! SL最优解1814.00不如EL最差解1798.00
2025-04-08 13:28:31,994 - DEBUG -   [EL->SL] 成功添加18个EL解到SL种群
2025-04-08 13:28:31,994 - DEBUG - Updated probability model at iteration 423
2025-04-08 13:28:31,994 - INFO - Iteration 424/500: Phase=hybrid learning, SL ratio=0.10, EL ratio=0.90
2025-04-08 13:28:32,876 - DEBUG -   [SL->EL] 失败! SL最优解1864.00不如EL最差解1793.00
2025-04-08 13:28:32,880 - DEBUG -   [EL->SL] 成功添加18个EL解到SL种群
2025-04-08 13:28:32,881 - DEBUG - Updated probability model at iteration 424
2025-04-08 13:28:32,881 - INFO - Iteration 425/500: Phase=hybrid learning, SL ratio=0.10, EL ratio=0.90
2025-04-08 13:28:33,766 - DEBUG -   [SL->EL] 失败! SL最优解1831.00不如EL最差解1821.00
2025-04-08 13:28:33,769 - DEBUG -   [EL->SL] 成功添加18个EL解到SL种群
2025-04-08 13:28:33,769 - DEBUG - Updated probability model at iteration 425
2025-04-08 13:28:33,769 - INFO - Iteration 426/500: Phase=hybrid learning, SL ratio=0.10, EL ratio=0.90
2025-04-08 13:28:34,664 - DEBUG -   [SL->EL] 失败! SL最优解1866.00不如EL最差解1860.00
2025-04-08 13:28:34,666 - DEBUG -   [EL->SL] 成功添加18个EL解到SL种群
2025-04-08 13:28:34,666 - DEBUG - Updated probability model at iteration 426
2025-04-08 13:28:34,666 - INFO - Iteration 427/500: Phase=hybrid learning, SL ratio=0.10, EL ratio=0.90
2025-04-08 13:28:35,569 - DEBUG -   [SL->EL] 失败! SL最优解1859.00不如EL最差解1840.00
2025-04-08 13:28:35,572 - DEBUG -   [EL->SL] 成功添加18个EL解到SL种群
2025-04-08 13:28:35,572 - DEBUG - Updated probability model at iteration 427
2025-04-08 13:28:35,572 - INFO - Iteration 428/500: Phase=hybrid learning, SL ratio=0.10, EL ratio=0.90
2025-04-08 13:28:36,430 - DEBUG -   [SL->EL] 失败! SL最优解1851.00不如EL最差解1792.00
2025-04-08 13:28:36,432 - DEBUG -   [EL->SL] 成功添加18个EL解到SL种群
2025-04-08 13:28:36,433 - DEBUG - Updated probability model at iteration 428
2025-04-08 13:28:36,433 - INFO - Iteration 429/500: Phase=hybrid learning, SL ratio=0.10, EL ratio=0.90
2025-04-08 13:28:37,328 - DEBUG -   [SL->EL] 失败! SL最优解1807.00不如EL最差解1742.00
2025-04-08 13:28:37,330 - DEBUG -   [EL->SL] 成功添加18个EL解到SL种群
2025-04-08 13:28:37,330 - DEBUG - Updated probability model at iteration 429
2025-04-08 13:28:37,331 - INFO - Iteration 430/500: Phase=hybrid learning, SL ratio=0.10, EL ratio=0.90
2025-04-08 13:28:38,226 - DEBUG -   [SL->EL] 失败! SL最优解1855.00不如EL最差解1738.00
2025-04-08 13:28:38,228 - DEBUG -   [EL->SL] 成功添加18个EL解到SL种群
2025-04-08 13:28:38,228 - DEBUG - Updated probability model at iteration 430
2025-04-08 13:28:38,228 - INFO - Iteration 431/500: Phase=hybrid learning, SL ratio=0.10, EL ratio=0.90
2025-04-08 13:28:39,155 - DEBUG -   [SL->EL] 失败! SL最优解1865.00不如EL最差解1789.00
2025-04-08 13:28:39,157 - DEBUG -   [EL->SL] 成功添加18个EL解到SL种群
2025-04-08 13:28:39,158 - DEBUG - Updated probability model at iteration 431
2025-04-08 13:28:39,158 - INFO - Iteration 432/500: Phase=hybrid learning, SL ratio=0.10, EL ratio=0.90
2025-04-08 13:28:40,052 - DEBUG -   [SL->EL] 失败! SL最优解1877.00不如EL最差解1784.00
2025-04-08 13:28:40,055 - DEBUG -   [EL->SL] 成功添加18个EL解到SL种群
2025-04-08 13:28:40,055 - DEBUG - Updated probability model at iteration 432
2025-04-08 13:28:40,055 - INFO - Iteration 433/500: Phase=hybrid learning, SL ratio=0.10, EL ratio=0.90
2025-04-08 13:28:40,966 - DEBUG -   [SL->EL] 成功! 用SL最优解1784.00替换EL最差解1826.00, 改进了42.00
2025-04-08 13:28:40,969 - DEBUG -   [EL->SL] 成功添加18个EL解到SL种群
2025-04-08 13:28:40,970 - DEBUG - Updated probability model at iteration 433
2025-04-08 13:28:40,970 - INFO - Iteration 434/500: Phase=hybrid learning, SL ratio=0.10, EL ratio=0.90
2025-04-08 13:28:41,858 - DEBUG -   [SL->EL] 成功! 用SL最优解1720.00替换EL最差解1802.00, 改进了82.00
2025-04-08 13:28:41,860 - DEBUG -   [EL->SL] 成功添加18个EL解到SL种群
2025-04-08 13:28:41,860 - DEBUG - Updated probability model at iteration 434
2025-04-08 13:28:41,861 - INFO - Iteration 435/500: Phase=hybrid learning, SL ratio=0.10, EL ratio=0.90
2025-04-08 13:28:42,749 - DEBUG -   [SL->EL] 失败! SL最优解1826.00不如EL最差解1822.00
2025-04-08 13:28:42,751 - DEBUG -   [EL->SL] 成功添加18个EL解到SL种群
2025-04-08 13:28:42,751 - DEBUG - Updated probability model at iteration 435
2025-04-08 13:28:42,751 - INFO - Iteration 436/500: Phase=hybrid learning, SL ratio=0.10, EL ratio=0.90
2025-04-08 13:28:43,652 - DEBUG -   [SL->EL] 失败! SL最优解1826.00不如EL最差解1808.00
2025-04-08 13:28:43,655 - DEBUG -   [EL->SL] 成功添加18个EL解到SL种群
2025-04-08 13:28:43,655 - DEBUG - Updated probability model at iteration 436
2025-04-08 13:28:43,655 - INFO - Iteration 437/500: Phase=hybrid learning, SL ratio=0.10, EL ratio=0.90
2025-04-08 13:28:44,590 - DEBUG -   [SL->EL] 失败! SL最优解1770.00不如EL最差解1740.00
2025-04-08 13:28:44,593 - DEBUG -   [EL->SL] 成功添加18个EL解到SL种群
2025-04-08 13:28:44,593 - DEBUG - Updated probability model at iteration 437
2025-04-08 13:28:44,593 - INFO - Iteration 438/500: Phase=hybrid learning, SL ratio=0.10, EL ratio=0.90
2025-04-08 13:28:45,477 - DEBUG -   [SL->EL] 成功! 用SL最优解1838.00替换EL最差解1839.00, 改进了1.00
2025-04-08 13:28:45,479 - DEBUG -   [EL->SL] 成功添加18个EL解到SL种群
2025-04-08 13:28:45,480 - DEBUG - Updated probability model at iteration 438
2025-04-08 13:28:45,480 - INFO - Iteration 439/500: Phase=hybrid learning, SL ratio=0.10, EL ratio=0.90
2025-04-08 13:28:46,337 - DEBUG -   [SL->EL] 成功! 用SL最优解1847.00替换EL最差解1866.00, 改进了19.00
2025-04-08 13:28:46,340 - DEBUG -   [EL->SL] 成功添加18个EL解到SL种群
2025-04-08 13:28:46,341 - DEBUG - Updated probability model at iteration 439
2025-04-08 13:28:46,341 - INFO - Iteration 440/500: Phase=hybrid learning, SL ratio=0.10, EL ratio=0.90
2025-04-08 13:28:47,199 - DEBUG -   [SL->EL] 失败! SL最优解1827.00不如EL最差解1774.00
2025-04-08 13:28:47,202 - DEBUG -   [EL->SL] 成功添加18个EL解到SL种群
2025-04-08 13:28:47,202 - DEBUG - Updated probability model at iteration 440
2025-04-08 13:28:47,202 - INFO - Iteration 441/500: Phase=hybrid learning, SL ratio=0.10, EL ratio=0.90
2025-04-08 13:28:48,079 - DEBUG -   [SL->EL] 失败! SL最优解1842.00不如EL最差解1778.00
2025-04-08 13:28:48,082 - DEBUG -   [EL->SL] 成功添加18个EL解到SL种群
2025-04-08 13:28:48,082 - DEBUG - Updated probability model at iteration 441
2025-04-08 13:28:48,082 - INFO - Iteration 442/500: Phase=hybrid learning, SL ratio=0.10, EL ratio=0.90
2025-04-08 13:28:49,014 - DEBUG -   [SL->EL] 成功! 用SL最优解1756.00替换EL最差解1875.00, 改进了119.00
2025-04-08 13:28:49,017 - DEBUG -   [EL->SL] 成功添加18个EL解到SL种群
2025-04-08 13:28:49,018 - DEBUG - Updated probability model at iteration 442
2025-04-08 13:28:49,018 - INFO - Iteration 443/500: Phase=hybrid learning, SL ratio=0.10, EL ratio=0.90
2025-04-08 13:28:49,965 - DEBUG -   [SL->EL] 失败! SL最优解1786.00不如EL最差解1748.00
2025-04-08 13:28:49,968 - DEBUG -   [EL->SL] 成功添加18个EL解到SL种群
2025-04-08 13:28:49,968 - DEBUG - Updated probability model at iteration 443
2025-04-08 13:28:49,968 - INFO - Iteration 444/500: Phase=hybrid learning, SL ratio=0.10, EL ratio=0.90
2025-04-08 13:28:50,878 - DEBUG -   [SL->EL] 成功! 用SL最优解1746.00替换EL最差解1785.00, 改进了39.00
2025-04-08 13:28:50,881 - DEBUG -   [EL->SL] 成功添加18个EL解到SL种群
2025-04-08 13:28:50,882 - DEBUG - Updated probability model at iteration 444
2025-04-08 13:28:50,882 - INFO - Iteration 445/500: Phase=hybrid learning, SL ratio=0.10, EL ratio=0.90
2025-04-08 13:28:51,733 - DEBUG -   [SL->EL] 成功! 用SL最优解1781.00替换EL最差解1831.00, 改进了50.00
2025-04-08 13:28:51,736 - DEBUG -   [EL->SL] 成功添加18个EL解到SL种群
2025-04-08 13:28:51,736 - DEBUG - Updated probability model at iteration 445
2025-04-08 13:28:51,736 - INFO - Iteration 446/500: Phase=hybrid learning, SL ratio=0.10, EL ratio=0.90
2025-04-08 13:28:52,600 - DEBUG -   [SL->EL] 失败! SL最优解1829.00不如EL最差解1765.00
2025-04-08 13:28:52,603 - DEBUG -   [EL->SL] 成功添加18个EL解到SL种群
2025-04-08 13:28:52,603 - DEBUG - Updated probability model at iteration 446
2025-04-08 13:28:52,603 - INFO - Iteration 447/500: Phase=hybrid learning, SL ratio=0.10, EL ratio=0.90
2025-04-08 13:28:53,500 - DEBUG -   [SL->EL] 失败! SL最优解1827.00不如EL最差解1825.00
2025-04-08 13:28:53,502 - DEBUG -   [EL->SL] 成功添加18个EL解到SL种群
2025-04-08 13:28:53,503 - DEBUG - Updated probability model at iteration 447
2025-04-08 13:28:53,503 - INFO - Iteration 448/500: Phase=hybrid learning, SL ratio=0.10, EL ratio=0.90
2025-04-08 13:28:54,383 - DEBUG -   [SL->EL] 失败! SL最优解1885.00不如EL最差解1812.00
2025-04-08 13:28:54,387 - DEBUG -   [EL->SL] 成功添加18个EL解到SL种群
2025-04-08 13:28:54,387 - DEBUG - Updated probability model at iteration 448
2025-04-08 13:28:54,387 - INFO - Iteration 449/500: Phase=hybrid learning, SL ratio=0.10, EL ratio=0.90
2025-04-08 13:28:55,256 - DEBUG -   [SL->EL] 失败! SL最优解1874.00不如EL最差解1761.00
2025-04-08 13:28:55,259 - DEBUG -   [EL->SL] 成功添加18个EL解到SL种群
2025-04-08 13:28:55,259 - DEBUG - Updated probability model at iteration 449
2025-04-08 13:28:55,259 - INFO - Iteration 450/500: Phase=hybrid learning, SL ratio=0.10, EL ratio=0.90
2025-04-08 13:28:56,157 - DEBUG -   [SL->EL] 失败! SL最优解1825.00不如EL最差解1813.00
2025-04-08 13:28:56,160 - DEBUG -   [EL->SL] 成功添加18个EL解到SL种群
2025-04-08 13:28:56,161 - DEBUG - Updated probability model at iteration 450
2025-04-08 13:28:56,161 - INFO - Iteration 451/500: Phase=hybrid learning, SL ratio=0.10, EL ratio=0.90
2025-04-08 13:28:57,028 - DEBUG -   [SL->EL] 失败! SL最优解1771.00不如EL最差解1758.00
2025-04-08 13:28:57,031 - DEBUG -   [EL->SL] 成功添加18个EL解到SL种群
2025-04-08 13:28:57,031 - DEBUG - Updated probability model at iteration 451
2025-04-08 13:28:57,031 - INFO - Iteration 452/500: Phase=hybrid learning, SL ratio=0.10, EL ratio=0.90
2025-04-08 13:28:57,936 - DEBUG -   [SL->EL] 失败! SL最优解1808.00不如EL最差解1773.00
2025-04-08 13:28:57,939 - DEBUG -   [EL->SL] 成功添加18个EL解到SL种群
2025-04-08 13:28:57,939 - DEBUG - Updated probability model at iteration 452
2025-04-08 13:28:57,939 - INFO - Iteration 453/500: Phase=hybrid learning, SL ratio=0.10, EL ratio=0.90
2025-04-08 13:28:58,803 - DEBUG -   [SL->EL] 失败! SL最优解1800.00不如EL最差解1754.00
2025-04-08 13:28:58,805 - DEBUG -   [EL->SL] 成功添加18个EL解到SL种群
2025-04-08 13:28:58,806 - DEBUG - Updated probability model at iteration 453
2025-04-08 13:28:58,806 - INFO - Iteration 454/500: Phase=hybrid learning, SL ratio=0.10, EL ratio=0.90
2025-04-08 13:28:59,717 - DEBUG -   [SL->EL] 失败! SL最优解1876.00不如EL最差解1822.00
2025-04-08 13:28:59,720 - DEBUG -   [EL->SL] 成功添加18个EL解到SL种群
2025-04-08 13:28:59,722 - DEBUG - Updated probability model at iteration 454
2025-04-08 13:28:59,722 - INFO - Iteration 455/500: Phase=hybrid learning, SL ratio=0.10, EL ratio=0.90
2025-04-08 13:29:00,634 - INFO - In generation 455，New best makespan: 1577.00, source: el
2025-04-08 13:29:00,635 - DEBUG -   [SL->EL] 失败! SL最优解1802.00不如EL最差解1718.00
2025-04-08 13:29:00,637 - DEBUG -   [EL->SL] 成功添加18个EL解到SL种群
2025-04-08 13:29:00,639 - DEBUG - Updated probability model at iteration 455
2025-04-08 13:29:00,639 - INFO - Iteration 456/500: Phase=hybrid learning, SL ratio=0.10, EL ratio=0.90
2025-04-08 13:29:01,570 - DEBUG -   [SL->EL] 失败! SL最优解1845.00不如EL最差解1766.00
2025-04-08 13:29:01,573 - DEBUG -   [EL->SL] 成功添加18个EL解到SL种群
2025-04-08 13:29:01,574 - DEBUG - Updated probability model at iteration 456
2025-04-08 13:29:01,574 - INFO - Iteration 457/500: Phase=hybrid learning, SL ratio=0.10, EL ratio=0.90
2025-04-08 13:29:02,452 - DEBUG -   [SL->EL] 成功! 用SL最优解1782.00替换EL最差解1806.00, 改进了24.00
2025-04-08 13:29:02,456 - DEBUG -   [EL->SL] 成功添加18个EL解到SL种群
2025-04-08 13:29:02,456 - DEBUG - Updated probability model at iteration 457
2025-04-08 13:29:02,456 - INFO - Iteration 458/500: Phase=hybrid learning, SL ratio=0.10, EL ratio=0.90
2025-04-08 13:29:03,338 - DEBUG -   [SL->EL] 成功! 用SL最优解1773.00替换EL最差解1836.00, 改进了63.00
2025-04-08 13:29:03,340 - DEBUG -   [EL->SL] 成功添加18个EL解到SL种群
2025-04-08 13:29:03,341 - DEBUG - Updated probability model at iteration 458
2025-04-08 13:29:03,341 - INFO - Iteration 459/500: Phase=hybrid learning, SL ratio=0.10, EL ratio=0.90
2025-04-08 13:29:04,218 - INFO - In generation 459，New best makespan: 1573.00, source: el
2025-04-08 13:29:04,218 - DEBUG -   [SL->EL] 失败! SL最优解1815.00不如EL最差解1782.00
2025-04-08 13:29:04,220 - DEBUG -   [EL->SL] 成功添加18个EL解到SL种群
2025-04-08 13:29:04,220 - DEBUG - Updated probability model at iteration 459
2025-04-08 13:29:04,220 - INFO - EL has been consistently better for 5 iterations, adjusting ratios: SL=0.10, EL=0.90
2025-04-08 13:29:04,220 - INFO - Iteration 460/500: Phase=hybrid learning, SL ratio=0.10, EL ratio=0.90
2025-04-08 13:29:05,140 - DEBUG -   [SL->EL] 失败! SL最优解1799.00不如EL最差解1782.00
2025-04-08 13:29:05,142 - DEBUG -   [EL->SL] 成功添加18个EL解到SL种群
2025-04-08 13:29:05,143 - DEBUG - Updated probability model at iteration 460
2025-04-08 13:29:05,143 - INFO - Iteration 461/500: Phase=hybrid learning, SL ratio=0.10, EL ratio=0.90
2025-04-08 13:29:06,000 - DEBUG -   [SL->EL] 成功! 用SL最优解1760.00替换EL最差解1834.00, 改进了74.00
2025-04-08 13:29:06,003 - DEBUG -   [EL->SL] 成功添加18个EL解到SL种群
2025-04-08 13:29:06,004 - DEBUG - Updated probability model at iteration 461
2025-04-08 13:29:06,004 - INFO - Iteration 462/500: Phase=hybrid learning, SL ratio=0.10, EL ratio=0.90
2025-04-08 13:29:06,900 - DEBUG -   [SL->EL] 失败! SL最优解1809.00不如EL最差解1769.00
2025-04-08 13:29:06,902 - DEBUG -   [EL->SL] 成功添加18个EL解到SL种群
2025-04-08 13:29:06,903 - DEBUG - Updated probability model at iteration 462
2025-04-08 13:29:06,903 - INFO - Iteration 463/500: Phase=hybrid learning, SL ratio=0.10, EL ratio=0.90
2025-04-08 13:29:07,766 - DEBUG -   [SL->EL] 失败! SL最优解1792.00不如EL最差解1744.00
2025-04-08 13:29:07,768 - DEBUG -   [EL->SL] 成功添加18个EL解到SL种群
2025-04-08 13:29:07,769 - DEBUG - Updated probability model at iteration 463
2025-04-08 13:29:07,769 - INFO - Iteration 464/500: Phase=hybrid learning, SL ratio=0.10, EL ratio=0.90
2025-04-08 13:29:08,632 - DEBUG -   [SL->EL] 失败! SL最优解1819.00不如EL最差解1750.00
2025-04-08 13:29:08,635 - DEBUG -   [EL->SL] 成功添加18个EL解到SL种群
2025-04-08 13:29:08,636 - DEBUG - Updated probability model at iteration 464
2025-04-08 13:29:08,636 - INFO - EL has been consistently better for 5 iterations, adjusting ratios: SL=0.10, EL=0.90
2025-04-08 13:29:08,636 - INFO - Iteration 465/500: Phase=hybrid learning, SL ratio=0.10, EL ratio=0.90
2025-04-08 13:29:09,527 - INFO - In generation 465，New best makespan: 1572.00, source: el
2025-04-08 13:29:09,527 - DEBUG -   [SL->EL] 成功! 用SL最优解1812.00替换EL最差解1814.00, 改进了2.00
2025-04-08 13:29:09,530 - DEBUG -   [EL->SL] 成功添加18个EL解到SL种群
2025-04-08 13:29:09,530 - DEBUG - Updated probability model at iteration 465
2025-04-08 13:29:09,530 - INFO - Iteration 466/500: Phase=hybrid learning, SL ratio=0.10, EL ratio=0.90
2025-04-08 13:29:10,385 - DEBUG -   [SL->EL] 失败! SL最优解1842.00不如EL最差解1767.00
2025-04-08 13:29:10,388 - DEBUG -   [EL->SL] 成功添加18个EL解到SL种群
2025-04-08 13:29:10,388 - DEBUG - Updated probability model at iteration 466
2025-04-08 13:29:10,388 - INFO - Iteration 467/500: Phase=hybrid learning, SL ratio=0.10, EL ratio=0.90
2025-04-08 13:29:11,275 - DEBUG -   [SL->EL] 失败! SL最优解1760.00不如EL最差解1749.00
2025-04-08 13:29:11,278 - DEBUG -   [EL->SL] 成功添加18个EL解到SL种群
2025-04-08 13:29:11,278 - DEBUG - Updated probability model at iteration 467
2025-04-08 13:29:11,278 - INFO - Iteration 468/500: Phase=hybrid learning, SL ratio=0.10, EL ratio=0.90
2025-04-08 13:29:12,135 - DEBUG -   [SL->EL] 失败! SL最优解1842.00不如EL最差解1777.00
2025-04-08 13:29:12,138 - DEBUG -   [EL->SL] 成功添加18个EL解到SL种群
2025-04-08 13:29:12,139 - DEBUG - Updated probability model at iteration 468
2025-04-08 13:29:12,139 - INFO - Iteration 469/500: Phase=hybrid learning, SL ratio=0.10, EL ratio=0.90
2025-04-08 13:29:12,971 - DEBUG -   [SL->EL] 失败! SL最优解1778.00不如EL最差解1750.00
2025-04-08 13:29:12,975 - DEBUG -   [EL->SL] 成功添加18个EL解到SL种群
2025-04-08 13:29:12,975 - DEBUG - Updated probability model at iteration 469
2025-04-08 13:29:12,975 - INFO - EL has been consistently better for 5 iterations, adjusting ratios: SL=0.10, EL=0.90
2025-04-08 13:29:12,976 - INFO - Iteration 470/500: Phase=hybrid learning, SL ratio=0.10, EL ratio=0.90
2025-04-08 13:29:13,839 - DEBUG -   [SL->EL] 失败! SL最优解1829.00不如EL最差解1736.00
2025-04-08 13:29:13,841 - DEBUG -   [EL->SL] 成功添加18个EL解到SL种群
2025-04-08 13:29:13,842 - DEBUG - Updated probability model at iteration 470
2025-04-08 13:29:13,842 - INFO - Iteration 471/500: Phase=hybrid learning, SL ratio=0.10, EL ratio=0.90
2025-04-08 13:29:14,689 - DEBUG -   [SL->EL] 失败! SL最优解1818.00不如EL最差解1802.00
2025-04-08 13:29:14,691 - DEBUG -   [EL->SL] 成功添加18个EL解到SL种群
2025-04-08 13:29:14,692 - DEBUG - Updated probability model at iteration 471
2025-04-08 13:29:14,692 - INFO - Iteration 472/500: Phase=hybrid learning, SL ratio=0.10, EL ratio=0.90
2025-04-08 13:29:15,555 - DEBUG -   [SL->EL] 成功! 用SL最优解1719.00替换EL最差解1744.00, 改进了25.00
2025-04-08 13:29:15,557 - DEBUG -   [EL->SL] 成功添加18个EL解到SL种群
2025-04-08 13:29:15,557 - DEBUG - Updated probability model at iteration 472
2025-04-08 13:29:15,557 - INFO - Iteration 473/500: Phase=hybrid learning, SL ratio=0.10, EL ratio=0.90
2025-04-08 13:29:16,430 - DEBUG -   [SL->EL] 失败! SL最优解1827.00不如EL最差解1788.00
2025-04-08 13:29:16,433 - DEBUG -   [EL->SL] 成功添加18个EL解到SL种群
2025-04-08 13:29:16,433 - DEBUG - Updated probability model at iteration 473
2025-04-08 13:29:16,433 - INFO - Iteration 474/500: Phase=hybrid learning, SL ratio=0.10, EL ratio=0.90
2025-04-08 13:29:17,319 - DEBUG -   [SL->EL] 失败! SL最优解1894.00不如EL最差解1787.00
2025-04-08 13:29:17,321 - DEBUG -   [EL->SL] 成功添加18个EL解到SL种群
2025-04-08 13:29:17,322 - DEBUG - Updated probability model at iteration 474
2025-04-08 13:29:17,322 - INFO - EL has been consistently better for 5 iterations, adjusting ratios: SL=0.10, EL=0.90
2025-04-08 13:29:17,322 - INFO - Iteration 475/500: Phase=hybrid learning, SL ratio=0.10, EL ratio=0.90
2025-04-08 13:29:18,178 - INFO - In generation 475，New best makespan: 1570.00, source: el
2025-04-08 13:29:18,179 - DEBUG -   [SL->EL] 失败! SL最优解1829.00不如EL最差解1769.00
2025-04-08 13:29:18,181 - DEBUG -   [EL->SL] 成功添加18个EL解到SL种群
2025-04-08 13:29:18,181 - DEBUG - Updated probability model at iteration 475
2025-04-08 13:29:18,181 - INFO - Iteration 476/500: Phase=hybrid learning, SL ratio=0.10, EL ratio=0.90
2025-04-08 13:29:19,048 - DEBUG -   [SL->EL] 失败! SL最优解1882.00不如EL最差解1792.00
2025-04-08 13:29:19,051 - DEBUG -   [EL->SL] 成功添加18个EL解到SL种群
2025-04-08 13:29:19,051 - DEBUG - Updated probability model at iteration 476
2025-04-08 13:29:19,051 - INFO - Iteration 477/500: Phase=hybrid learning, SL ratio=0.10, EL ratio=0.90
2025-04-08 13:29:19,897 - DEBUG -   [SL->EL] 成功! 用SL最优解1843.00替换EL最差解1847.00, 改进了4.00
2025-04-08 13:29:19,901 - DEBUG -   [EL->SL] 成功添加18个EL解到SL种群
2025-04-08 13:29:19,901 - DEBUG - Updated probability model at iteration 477
2025-04-08 13:29:19,901 - INFO - Iteration 478/500: Phase=hybrid learning, SL ratio=0.10, EL ratio=0.90
2025-04-08 13:29:20,772 - DEBUG -   [SL->EL] 失败! SL最优解1848.00不如EL最差解1799.00
2025-04-08 13:29:20,774 - DEBUG -   [EL->SL] 成功添加18个EL解到SL种群
2025-04-08 13:29:20,775 - DEBUG - Updated probability model at iteration 478
2025-04-08 13:29:20,775 - INFO - Iteration 479/500: Phase=hybrid learning, SL ratio=0.10, EL ratio=0.90
2025-04-08 13:29:21,647 - DEBUG -   [SL->EL] 失败! SL最优解1851.00不如EL最差解1744.00
2025-04-08 13:29:21,650 - DEBUG -   [EL->SL] 成功添加18个EL解到SL种群
2025-04-08 13:29:21,651 - DEBUG - Updated probability model at iteration 479
2025-04-08 13:29:21,651 - INFO - EL has been consistently better for 5 iterations, adjusting ratios: SL=0.10, EL=0.90
2025-04-08 13:29:21,651 - INFO - Iteration 480/500: Phase=hybrid learning, SL ratio=0.10, EL ratio=0.90
2025-04-08 13:29:22,545 - DEBUG -   [SL->EL] 失败! SL最优解1840.00不如EL最差解1702.00
2025-04-08 13:29:22,547 - DEBUG -   [EL->SL] 成功添加18个EL解到SL种群
2025-04-08 13:29:22,547 - DEBUG - Updated probability model at iteration 480
2025-04-08 13:29:22,547 - INFO - Iteration 481/500: Phase=hybrid learning, SL ratio=0.10, EL ratio=0.90
2025-04-08 13:29:23,414 - DEBUG -   [SL->EL] 失败! SL最优解1792.00不如EL最差解1759.00
2025-04-08 13:29:23,416 - DEBUG -   [EL->SL] 成功添加18个EL解到SL种群
2025-04-08 13:29:23,418 - DEBUG - Updated probability model at iteration 481
2025-04-08 13:29:23,418 - INFO - Iteration 482/500: Phase=hybrid learning, SL ratio=0.10, EL ratio=0.90
2025-04-08 13:29:24,250 - DEBUG -   [SL->EL] 失败! SL最优解1836.00不如EL最差解1757.00
2025-04-08 13:29:24,253 - DEBUG -   [EL->SL] 成功添加18个EL解到SL种群
2025-04-08 13:29:24,254 - DEBUG - Updated probability model at iteration 482
2025-04-08 13:29:24,254 - INFO - Iteration 483/500: Phase=hybrid learning, SL ratio=0.10, EL ratio=0.90
2025-04-08 13:29:25,155 - DEBUG -   [SL->EL] 成功! 用SL最优解1763.00替换EL最差解1776.00, 改进了13.00
2025-04-08 13:29:25,157 - DEBUG -   [EL->SL] 成功添加18个EL解到SL种群
2025-04-08 13:29:25,158 - DEBUG - Updated probability model at iteration 483
2025-04-08 13:29:25,158 - INFO - Iteration 484/500: Phase=hybrid learning, SL ratio=0.10, EL ratio=0.90
2025-04-08 13:29:26,030 - DEBUG -   [SL->EL] 失败! SL最优解1831.00不如EL最差解1757.00
2025-04-08 13:29:26,033 - DEBUG -   [EL->SL] 成功添加18个EL解到SL种群
2025-04-08 13:29:26,034 - DEBUG - Updated probability model at iteration 484
2025-04-08 13:29:26,034 - INFO - EL has been consistently better for 5 iterations, adjusting ratios: SL=0.10, EL=0.90
2025-04-08 13:29:26,034 - INFO - Iteration 485/500: Phase=hybrid learning, SL ratio=0.10, EL ratio=0.90
2025-04-08 13:29:26,914 - DEBUG -   [SL->EL] 失败! SL最优解1835.00不如EL最差解1824.00
2025-04-08 13:29:26,917 - DEBUG -   [EL->SL] 成功添加18个EL解到SL种群
2025-04-08 13:29:26,918 - DEBUG - Updated probability model at iteration 485
2025-04-08 13:29:26,918 - INFO - Iteration 486/500: Phase=hybrid learning, SL ratio=0.10, EL ratio=0.90
2025-04-08 13:29:27,831 - DEBUG -   [SL->EL] 失败! SL最优解1869.00不如EL最差解1836.00
2025-04-08 13:29:27,834 - DEBUG -   [EL->SL] 成功添加18个EL解到SL种群
2025-04-08 13:29:27,834 - DEBUG - Updated probability model at iteration 486
2025-04-08 13:29:27,834 - INFO - Iteration 487/500: Phase=hybrid learning, SL ratio=0.10, EL ratio=0.90
2025-04-08 13:29:28,673 - DEBUG -   [SL->EL] 失败! SL最优解1851.00不如EL最差解1792.00
2025-04-08 13:29:28,676 - DEBUG -   [EL->SL] 成功添加18个EL解到SL种群
2025-04-08 13:29:28,677 - DEBUG - Updated probability model at iteration 487
2025-04-08 13:29:28,677 - INFO - Iteration 488/500: Phase=hybrid learning, SL ratio=0.10, EL ratio=0.90
2025-04-08 13:29:29,562 - DEBUG -   [SL->EL] 失败! SL最优解1792.00不如EL最差解1788.00
2025-04-08 13:29:29,565 - DEBUG -   [EL->SL] 成功添加18个EL解到SL种群
2025-04-08 13:29:29,567 - DEBUG - Updated probability model at iteration 488
2025-04-08 13:29:29,567 - INFO - Iteration 489/500: Phase=hybrid learning, SL ratio=0.10, EL ratio=0.90
2025-04-08 13:29:30,428 - DEBUG -   [SL->EL] 成功! 用SL最优解1754.00替换EL最差解1852.00, 改进了98.00
2025-04-08 13:29:30,430 - DEBUG -   [EL->SL] 成功添加18个EL解到SL种群
2025-04-08 13:29:30,430 - DEBUG - Updated probability model at iteration 489
2025-04-08 13:29:30,430 - INFO - EL has been consistently better for 5 iterations, adjusting ratios: SL=0.10, EL=0.90
2025-04-08 13:29:30,431 - INFO - Iteration 490/500: Phase=hybrid learning, SL ratio=0.10, EL ratio=0.90
2025-04-08 13:29:31,286 - DEBUG -   [SL->EL] 失败! SL最优解1807.00不如EL最差解1806.00
2025-04-08 13:29:31,289 - DEBUG -   [EL->SL] 成功添加18个EL解到SL种群
2025-04-08 13:29:31,290 - DEBUG - Updated probability model at iteration 490
2025-04-08 13:29:31,290 - INFO - Iteration 491/500: Phase=hybrid learning, SL ratio=0.10, EL ratio=0.90
2025-04-08 13:29:32,181 - DEBUG -   [SL->EL] 失败! SL最优解1766.00不如EL最差解1737.00
2025-04-08 13:29:32,183 - DEBUG -   [EL->SL] 成功添加18个EL解到SL种群
2025-04-08 13:29:32,184 - DEBUG - Updated probability model at iteration 491
2025-04-08 13:29:32,184 - INFO - Iteration 492/500: Phase=hybrid learning, SL ratio=0.10, EL ratio=0.90
2025-04-08 13:29:33,051 - DEBUG -   [SL->EL] 成功! 用SL最优解1741.00替换EL最差解1822.00, 改进了81.00
2025-04-08 13:29:33,054 - DEBUG -   [EL->SL] 成功添加18个EL解到SL种群
2025-04-08 13:29:33,055 - DEBUG - Updated probability model at iteration 492
2025-04-08 13:29:33,055 - INFO - Iteration 493/500: Phase=hybrid learning, SL ratio=0.10, EL ratio=0.90
2025-04-08 13:29:33,958 - DEBUG -   [SL->EL] 失败! SL最优解1825.00不如EL最差解1734.00
2025-04-08 13:29:33,960 - DEBUG -   [EL->SL] 成功添加18个EL解到SL种群
2025-04-08 13:29:33,962 - DEBUG - Updated probability model at iteration 493
2025-04-08 13:29:33,962 - INFO - Iteration 494/500: Phase=hybrid learning, SL ratio=0.10, EL ratio=0.90
2025-04-08 13:29:34,858 - DEBUG -   [SL->EL] 失败! SL最优解1826.00不如EL最差解1780.00
2025-04-08 13:29:34,860 - DEBUG -   [EL->SL] 成功添加18个EL解到SL种群
2025-04-08 13:29:34,860 - DEBUG - Updated probability model at iteration 494
2025-04-08 13:29:34,860 - INFO - EL has been consistently better for 5 iterations, adjusting ratios: SL=0.10, EL=0.90
2025-04-08 13:29:34,862 - INFO - Iteration 495/500: Phase=hybrid learning, SL ratio=0.10, EL ratio=0.90
2025-04-08 13:29:35,756 - DEBUG -   [SL->EL] 失败! SL最优解1792.00不如EL最差解1731.00
2025-04-08 13:29:35,759 - DEBUG -   [EL->SL] 成功添加18个EL解到SL种群
2025-04-08 13:29:35,760 - DEBUG - Updated probability model at iteration 495
2025-04-08 13:29:35,760 - INFO - Iteration 496/500: Phase=hybrid learning, SL ratio=0.10, EL ratio=0.90
2025-04-08 13:29:36,642 - DEBUG -   [SL->EL] 失败! SL最优解1834.00不如EL最差解1731.00
2025-04-08 13:29:36,645 - DEBUG -   [EL->SL] 成功添加18个EL解到SL种群
2025-04-08 13:29:36,646 - DEBUG - Updated probability model at iteration 496
2025-04-08 13:29:36,646 - INFO - Iteration 497/500: Phase=hybrid learning, SL ratio=0.10, EL ratio=0.90
2025-04-08 13:29:37,526 - DEBUG -   [SL->EL] 失败! SL最优解1872.00不如EL最差解1783.00
2025-04-08 13:29:37,529 - DEBUG -   [EL->SL] 成功添加18个EL解到SL种群
2025-04-08 13:29:37,530 - DEBUG - Updated probability model at iteration 497
2025-04-08 13:29:37,530 - INFO - Iteration 498/500: Phase=hybrid learning, SL ratio=0.10, EL ratio=0.90
2025-04-08 13:29:38,389 - DEBUG -   [SL->EL] 失败! SL最优解1787.00不如EL最差解1764.00
2025-04-08 13:29:38,392 - DEBUG -   [EL->SL] 成功添加18个EL解到SL种群
2025-04-08 13:29:38,392 - DEBUG - Updated probability model at iteration 498
2025-04-08 13:29:38,392 - INFO - Iteration 499/500: Phase=hybrid learning, SL ratio=0.10, EL ratio=0.90
2025-04-08 13:29:39,226 - DEBUG -   [SL->EL] 失败! SL最优解1803.00不如EL最差解1790.00
2025-04-08 13:29:39,228 - DEBUG -   [EL->SL] 成功添加18个EL解到SL种群
2025-04-08 13:29:39,229 - DEBUG - Updated probability model at iteration 499
2025-04-08 13:29:39,229 - INFO - Iteration 500/500: Phase=hybrid learning, SL ratio=0.10, EL ratio=0.90
2025-04-08 13:29:40,115 - DEBUG -   [SL->EL] 失败! SL最优解1829.00不如EL最差解1753.00
2025-04-08 13:29:40,118 - DEBUG -   [EL->SL] 成功添加18个EL解到SL种群
2025-04-08 13:29:40,118 - DEBUG - Updated probability model at iteration 500
2025-04-08 13:29:40,129 - INFO - ==================================================
2025-04-08 13:29:40,129 - INFO - Results saved to: hl_output
2025-04-08 13:29:40,430 - INFO - Convergence curve saved to: hl_output/hl_convergence.png
2025-04-08 13:29:40,430 - INFO - Best solution found with makespan: 1570.00s at generation 475
2025-04-08 13:29:40,434 - INFO - Starting optimization, total iterations: 500
2025-04-08 13:29:40,434 - INFO - Minimum iterations for pure SL: 100.0
2025-04-08 13:29:40,434 - INFO - Stagnation detection window size: 20
2025-04-08 13:29:40,434 - INFO - Stagnation threshold: 0.01
2025-04-08 13:29:40,434 - INFO - Force switch iterations: 250.0
2025-04-08 13:29:40,434 - INFO - Iteration 1/500: Phase=statistical learning, SL ratio=1.00, EL ratio=0.00
2025-04-08 13:29:40,888 - DEBUG - Initialized probability model
2025-04-08 13:29:40,892 - INFO - In generation 1，New best makespan: 1912.00, source: sl
2025-04-08 13:29:40,893 - INFO - Iteration 2/500: Phase=statistical learning, SL ratio=1.00, EL ratio=0.00
2025-04-08 13:29:41,360 - DEBUG - Updated probability model at iteration 2
2025-04-08 13:29:41,360 - INFO - Iteration 3/500: Phase=statistical learning, SL ratio=1.00, EL ratio=0.00
2025-04-08 13:29:41,823 - DEBUG - Updated probability model at iteration 3
2025-04-08 13:29:41,823 - INFO - Iteration 4/500: Phase=statistical learning, SL ratio=1.00, EL ratio=0.00
2025-04-08 13:29:42,289 - DEBUG - Updated probability model at iteration 4
2025-04-08 13:29:42,290 - INFO - Iteration 5/500: Phase=statistical learning, SL ratio=1.00, EL ratio=0.00
2025-04-08 13:29:42,745 - DEBUG - Updated probability model at iteration 5
2025-04-08 13:29:42,745 - INFO - Iteration 6/500: Phase=statistical learning, SL ratio=1.00, EL ratio=0.00
2025-04-08 13:29:43,219 - DEBUG - Updated probability model at iteration 6
2025-04-08 13:29:43,219 - INFO - Iteration 7/500: Phase=statistical learning, SL ratio=1.00, EL ratio=0.00
2025-04-08 13:29:43,678 - DEBUG - Updated probability model at iteration 7
2025-04-08 13:29:43,678 - INFO - Iteration 8/500: Phase=statistical learning, SL ratio=1.00, EL ratio=0.00
2025-04-08 13:29:44,151 - DEBUG - Updated probability model at iteration 8
2025-04-08 13:29:44,151 - INFO - Iteration 9/500: Phase=statistical learning, SL ratio=1.00, EL ratio=0.00
2025-04-08 13:29:44,605 - DEBUG - Updated probability model at iteration 9
2025-04-08 13:29:44,605 - INFO - Iteration 10/500: Phase=statistical learning, SL ratio=1.00, EL ratio=0.00
2025-04-08 13:29:45,069 - DEBUG - Updated probability model at iteration 10
2025-04-08 13:29:45,069 - INFO - Iteration 11/500: Phase=statistical learning, SL ratio=1.00, EL ratio=0.00
2025-04-08 13:29:45,526 - DEBUG - Updated probability model at iteration 11
2025-04-08 13:29:45,526 - INFO - Iteration 12/500: Phase=statistical learning, SL ratio=1.00, EL ratio=0.00
2025-04-08 13:29:45,985 - DEBUG - Updated probability model at iteration 12
2025-04-08 13:29:45,985 - INFO - Iteration 13/500: Phase=statistical learning, SL ratio=1.00, EL ratio=0.00
2025-04-08 13:29:46,436 - DEBUG - Updated probability model at iteration 13
2025-04-08 13:29:46,436 - INFO - Iteration 14/500: Phase=statistical learning, SL ratio=1.00, EL ratio=0.00
2025-04-08 13:29:46,897 - DEBUG - Updated probability model at iteration 14
2025-04-08 13:29:46,897 - INFO - Iteration 15/500: Phase=statistical learning, SL ratio=1.00, EL ratio=0.00
2025-04-08 13:29:47,362 - DEBUG - Updated probability model at iteration 15
2025-04-08 13:29:47,362 - INFO - Iteration 16/500: Phase=statistical learning, SL ratio=1.00, EL ratio=0.00
2025-04-08 13:29:47,821 - DEBUG - Updated probability model at iteration 16
2025-04-08 13:29:47,821 - INFO - Iteration 17/500: Phase=statistical learning, SL ratio=1.00, EL ratio=0.00
2025-04-08 13:29:48,281 - DEBUG - Updated probability model at iteration 17
2025-04-08 13:29:48,281 - INFO - Iteration 18/500: Phase=statistical learning, SL ratio=1.00, EL ratio=0.00
2025-04-08 13:29:48,755 - DEBUG - Updated probability model at iteration 18
2025-04-08 13:29:48,755 - INFO - Iteration 19/500: Phase=statistical learning, SL ratio=1.00, EL ratio=0.00
2025-04-08 13:29:49,214 - DEBUG - Updated probability model at iteration 19
2025-04-08 13:29:49,214 - INFO - Iteration 20/500: Phase=statistical learning, SL ratio=1.00, EL ratio=0.00
2025-04-08 13:29:49,675 - DEBUG - Updated probability model at iteration 20
2025-04-08 13:29:49,675 - INFO - Iteration 21/500: Phase=statistical learning, SL ratio=1.00, EL ratio=0.00
2025-04-08 13:29:50,139 - DEBUG - Updated probability model at iteration 21
2025-04-08 13:29:50,139 - INFO - Iteration 22/500: Phase=statistical learning, SL ratio=1.00, EL ratio=0.00
2025-04-08 13:29:50,602 - DEBUG - Updated probability model at iteration 22
2025-04-08 13:29:50,602 - INFO - Iteration 23/500: Phase=statistical learning, SL ratio=1.00, EL ratio=0.00
2025-04-08 13:29:51,065 - DEBUG - Updated probability model at iteration 23
2025-04-08 13:29:51,065 - INFO - Iteration 24/500: Phase=statistical learning, SL ratio=1.00, EL ratio=0.00
2025-04-08 13:29:51,528 - DEBUG - Updated probability model at iteration 24
2025-04-08 13:29:51,528 - INFO - Iteration 25/500: Phase=statistical learning, SL ratio=1.00, EL ratio=0.00
2025-04-08 13:29:52,000 - DEBUG - Updated probability model at iteration 25
2025-04-08 13:29:52,000 - INFO - Iteration 26/500: Phase=statistical learning, SL ratio=1.00, EL ratio=0.00
2025-04-08 13:29:52,479 - DEBUG - Updated probability model at iteration 26
2025-04-08 13:29:52,479 - INFO - Iteration 27/500: Phase=statistical learning, SL ratio=1.00, EL ratio=0.00
2025-04-08 13:29:52,944 - DEBUG - Updated probability model at iteration 27
2025-04-08 13:29:52,944 - INFO - Iteration 28/500: Phase=statistical learning, SL ratio=1.00, EL ratio=0.00
2025-04-08 13:29:53,413 - DEBUG - Updated probability model at iteration 28
2025-04-08 13:29:53,413 - INFO - Iteration 29/500: Phase=statistical learning, SL ratio=1.00, EL ratio=0.00
2025-04-08 13:29:53,868 - DEBUG - Updated probability model at iteration 29
2025-04-08 13:29:53,868 - INFO - Iteration 30/500: Phase=statistical learning, SL ratio=1.00, EL ratio=0.00
2025-04-08 13:29:54,322 - DEBUG - Updated probability model at iteration 30
2025-04-08 13:29:54,322 - INFO - Iteration 31/500: Phase=statistical learning, SL ratio=1.00, EL ratio=0.00
2025-04-08 13:29:54,785 - DEBUG - Updated probability model at iteration 31
2025-04-08 13:29:54,785 - INFO - Iteration 32/500: Phase=statistical learning, SL ratio=1.00, EL ratio=0.00
2025-04-08 13:29:55,240 - DEBUG - Updated probability model at iteration 32
2025-04-08 13:29:55,240 - INFO - Iteration 33/500: Phase=statistical learning, SL ratio=1.00, EL ratio=0.00
2025-04-08 13:29:55,714 - DEBUG - Updated probability model at iteration 33
2025-04-08 13:29:55,714 - INFO - Iteration 34/500: Phase=statistical learning, SL ratio=1.00, EL ratio=0.00
2025-04-08 13:29:56,195 - DEBUG - Updated probability model at iteration 34
2025-04-08 13:29:56,195 - INFO - Iteration 35/500: Phase=statistical learning, SL ratio=1.00, EL ratio=0.00
2025-04-08 13:29:56,670 - DEBUG - Updated probability model at iteration 35
2025-04-08 13:29:56,675 - INFO - In generation 35，New best makespan: 1880.00, source: sl
2025-04-08 13:29:56,676 - INFO - Iteration 36/500: Phase=statistical learning, SL ratio=1.00, EL ratio=0.00
2025-04-08 13:29:57,143 - DEBUG - Updated probability model at iteration 36
2025-04-08 13:29:57,143 - INFO - Iteration 37/500: Phase=statistical learning, SL ratio=1.00, EL ratio=0.00
2025-04-08 13:29:57,600 - DEBUG - Updated probability model at iteration 37
2025-04-08 13:29:57,600 - INFO - Iteration 38/500: Phase=statistical learning, SL ratio=1.00, EL ratio=0.00
2025-04-08 13:29:58,084 - DEBUG - Updated probability model at iteration 38
2025-04-08 13:29:58,084 - INFO - Iteration 39/500: Phase=statistical learning, SL ratio=1.00, EL ratio=0.00
2025-04-08 13:29:58,560 - DEBUG - Updated probability model at iteration 39
2025-04-08 13:29:58,560 - INFO - Iteration 40/500: Phase=statistical learning, SL ratio=1.00, EL ratio=0.00
2025-04-08 13:29:59,029 - DEBUG - Updated probability model at iteration 40
2025-04-08 13:29:59,029 - INFO - Iteration 41/500: Phase=statistical learning, SL ratio=1.00, EL ratio=0.00
2025-04-08 13:29:59,495 - DEBUG - Updated probability model at iteration 41
2025-04-08 13:29:59,495 - INFO - Iteration 42/500: Phase=statistical learning, SL ratio=1.00, EL ratio=0.00
2025-04-08 13:29:59,965 - DEBUG - Updated probability model at iteration 42
2025-04-08 13:29:59,965 - INFO - Iteration 43/500: Phase=statistical learning, SL ratio=1.00, EL ratio=0.00
2025-04-08 13:30:00,437 - DEBUG - Updated probability model at iteration 43
2025-04-08 13:30:00,437 - INFO - Iteration 44/500: Phase=statistical learning, SL ratio=1.00, EL ratio=0.00
2025-04-08 13:30:00,907 - DEBUG - Updated probability model at iteration 44
2025-04-08 13:30:00,907 - INFO - Iteration 45/500: Phase=statistical learning, SL ratio=1.00, EL ratio=0.00
2025-04-08 13:30:01,376 - DEBUG - Updated probability model at iteration 45
2025-04-08 13:30:01,376 - INFO - Iteration 46/500: Phase=statistical learning, SL ratio=1.00, EL ratio=0.00
2025-04-08 13:30:01,842 - DEBUG - Updated probability model at iteration 46
2025-04-08 13:30:01,842 - INFO - Iteration 47/500: Phase=statistical learning, SL ratio=1.00, EL ratio=0.00
2025-04-08 13:30:02,317 - DEBUG - Updated probability model at iteration 47
2025-04-08 13:30:02,317 - INFO - Iteration 48/500: Phase=statistical learning, SL ratio=1.00, EL ratio=0.00
2025-04-08 13:30:02,781 - DEBUG - Updated probability model at iteration 48
2025-04-08 13:30:02,781 - INFO - Iteration 49/500: Phase=statistical learning, SL ratio=1.00, EL ratio=0.00
2025-04-08 13:30:03,244 - DEBUG - Updated probability model at iteration 49
2025-04-08 13:30:03,244 - INFO - Iteration 50/500: Phase=statistical learning, SL ratio=1.00, EL ratio=0.00
2025-04-08 13:30:03,721 - DEBUG - Updated probability model at iteration 50
2025-04-08 13:30:03,721 - INFO - Iteration 51/500: Phase=statistical learning, SL ratio=1.00, EL ratio=0.00
2025-04-08 13:30:04,208 - DEBUG - Updated probability model at iteration 51
2025-04-08 13:30:04,208 - INFO - Iteration 52/500: Phase=statistical learning, SL ratio=1.00, EL ratio=0.00
2025-04-08 13:30:04,690 - DEBUG - Updated probability model at iteration 52
2025-04-08 13:30:04,690 - INFO - Iteration 53/500: Phase=statistical learning, SL ratio=1.00, EL ratio=0.00
2025-04-08 13:30:05,166 - DEBUG - Updated probability model at iteration 53
2025-04-08 13:30:05,166 - INFO - Iteration 54/500: Phase=statistical learning, SL ratio=1.00, EL ratio=0.00
2025-04-08 13:30:05,647 - DEBUG - Updated probability model at iteration 54
2025-04-08 13:30:05,647 - INFO - Iteration 55/500: Phase=statistical learning, SL ratio=1.00, EL ratio=0.00
2025-04-08 13:30:06,118 - DEBUG - Updated probability model at iteration 55
2025-04-08 13:30:06,118 - INFO - Iteration 56/500: Phase=statistical learning, SL ratio=1.00, EL ratio=0.00
2025-04-08 13:30:06,594 - DEBUG - Updated probability model at iteration 56
2025-04-08 13:30:06,594 - INFO - Iteration 57/500: Phase=statistical learning, SL ratio=1.00, EL ratio=0.00
2025-04-08 13:30:07,060 - DEBUG - Updated probability model at iteration 57
2025-04-08 13:30:07,060 - INFO - Iteration 58/500: Phase=statistical learning, SL ratio=1.00, EL ratio=0.00
2025-04-08 13:30:07,531 - DEBUG - Updated probability model at iteration 58
2025-04-08 13:30:07,531 - INFO - Iteration 59/500: Phase=statistical learning, SL ratio=1.00, EL ratio=0.00
2025-04-08 13:30:07,993 - DEBUG - Updated probability model at iteration 59
2025-04-08 13:30:07,993 - INFO - Iteration 60/500: Phase=statistical learning, SL ratio=1.00, EL ratio=0.00
2025-04-08 13:30:08,464 - DEBUG - Updated probability model at iteration 60
2025-04-08 13:30:08,464 - INFO - Iteration 61/500: Phase=statistical learning, SL ratio=1.00, EL ratio=0.00
2025-04-08 13:30:08,934 - DEBUG - Updated probability model at iteration 61
2025-04-08 13:30:08,934 - INFO - Iteration 62/500: Phase=statistical learning, SL ratio=1.00, EL ratio=0.00
2025-04-08 13:30:09,415 - DEBUG - Updated probability model at iteration 62
2025-04-08 13:30:09,415 - INFO - Iteration 63/500: Phase=statistical learning, SL ratio=1.00, EL ratio=0.00
2025-04-08 13:30:09,895 - DEBUG - Updated probability model at iteration 63
2025-04-08 13:30:09,895 - INFO - Iteration 64/500: Phase=statistical learning, SL ratio=1.00, EL ratio=0.00
2025-04-08 13:30:10,380 - DEBUG - Updated probability model at iteration 64
2025-04-08 13:30:10,380 - INFO - Iteration 65/500: Phase=statistical learning, SL ratio=1.00, EL ratio=0.00
2025-04-08 13:30:10,859 - DEBUG - Updated probability model at iteration 65
2025-04-08 13:30:10,859 - INFO - Iteration 66/500: Phase=statistical learning, SL ratio=1.00, EL ratio=0.00
2025-04-08 13:30:11,345 - DEBUG - Updated probability model at iteration 66
2025-04-08 13:30:11,345 - INFO - Iteration 67/500: Phase=statistical learning, SL ratio=1.00, EL ratio=0.00
2025-04-08 13:30:11,831 - DEBUG - Updated probability model at iteration 67
2025-04-08 13:30:11,831 - INFO - Iteration 68/500: Phase=statistical learning, SL ratio=1.00, EL ratio=0.00
2025-04-08 13:30:12,307 - DEBUG - Updated probability model at iteration 68
2025-04-08 13:30:12,307 - INFO - Iteration 69/500: Phase=statistical learning, SL ratio=1.00, EL ratio=0.00
2025-04-08 13:30:12,790 - DEBUG - Updated probability model at iteration 69
2025-04-08 13:30:12,790 - INFO - Iteration 70/500: Phase=statistical learning, SL ratio=1.00, EL ratio=0.00
2025-04-08 13:30:13,292 - DEBUG - Updated probability model at iteration 70
2025-04-08 13:30:13,292 - INFO - Iteration 71/500: Phase=statistical learning, SL ratio=1.00, EL ratio=0.00
2025-04-08 13:30:13,775 - DEBUG - Updated probability model at iteration 71
2025-04-08 13:30:13,775 - INFO - Iteration 72/500: Phase=statistical learning, SL ratio=1.00, EL ratio=0.00
2025-04-08 13:30:14,257 - DEBUG - Updated probability model at iteration 72
2025-04-08 13:30:14,257 - INFO - Iteration 73/500: Phase=statistical learning, SL ratio=1.00, EL ratio=0.00
2025-04-08 13:30:14,741 - DEBUG - Updated probability model at iteration 73
2025-04-08 13:30:14,741 - INFO - Iteration 74/500: Phase=statistical learning, SL ratio=1.00, EL ratio=0.00
2025-04-08 13:30:15,207 - DEBUG - Updated probability model at iteration 74
2025-04-08 13:30:15,207 - INFO - Iteration 75/500: Phase=statistical learning, SL ratio=1.00, EL ratio=0.00
2025-04-08 13:30:15,680 - DEBUG - Updated probability model at iteration 75
2025-04-08 13:30:15,680 - INFO - Iteration 76/500: Phase=statistical learning, SL ratio=1.00, EL ratio=0.00
2025-04-08 13:30:16,163 - DEBUG - Updated probability model at iteration 76
2025-04-08 13:30:16,163 - INFO - Iteration 77/500: Phase=statistical learning, SL ratio=1.00, EL ratio=0.00
2025-04-08 13:30:16,630 - DEBUG - Updated probability model at iteration 77
2025-04-08 13:30:16,630 - INFO - Iteration 78/500: Phase=statistical learning, SL ratio=1.00, EL ratio=0.00
2025-04-08 13:30:17,140 - DEBUG - Updated probability model at iteration 78
2025-04-08 13:30:17,140 - INFO - Iteration 79/500: Phase=statistical learning, SL ratio=1.00, EL ratio=0.00
2025-04-08 13:30:17,611 - DEBUG - Updated probability model at iteration 79
2025-04-08 13:30:17,611 - INFO - Iteration 80/500: Phase=statistical learning, SL ratio=1.00, EL ratio=0.00
2025-04-08 13:30:18,089 - DEBUG - Updated probability model at iteration 80
2025-04-08 13:30:18,089 - INFO - Iteration 81/500: Phase=statistical learning, SL ratio=1.00, EL ratio=0.00
2025-04-08 13:30:18,553 - DEBUG - Updated probability model at iteration 81
2025-04-08 13:30:18,553 - INFO - Iteration 82/500: Phase=statistical learning, SL ratio=1.00, EL ratio=0.00
2025-04-08 13:30:19,015 - DEBUG - Updated probability model at iteration 82
2025-04-08 13:30:19,015 - INFO - Iteration 83/500: Phase=statistical learning, SL ratio=1.00, EL ratio=0.00
2025-04-08 13:30:19,494 - DEBUG - Updated probability model at iteration 83
2025-04-08 13:30:19,494 - INFO - Iteration 84/500: Phase=statistical learning, SL ratio=1.00, EL ratio=0.00
2025-04-08 13:30:19,978 - DEBUG - Updated probability model at iteration 84
2025-04-08 13:30:19,979 - INFO - Iteration 85/500: Phase=statistical learning, SL ratio=1.00, EL ratio=0.00
2025-04-08 13:30:20,457 - DEBUG - Updated probability model at iteration 85
2025-04-08 13:30:20,457 - INFO - Iteration 86/500: Phase=statistical learning, SL ratio=1.00, EL ratio=0.00
2025-04-08 13:30:20,953 - DEBUG - Updated probability model at iteration 86
2025-04-08 13:30:20,953 - INFO - Iteration 87/500: Phase=statistical learning, SL ratio=1.00, EL ratio=0.00
2025-04-08 13:30:21,457 - DEBUG - Updated probability model at iteration 87
2025-04-08 13:30:21,458 - INFO - Iteration 88/500: Phase=statistical learning, SL ratio=1.00, EL ratio=0.00
2025-04-08 13:30:21,941 - DEBUG - Updated probability model at iteration 88
2025-04-08 13:30:21,942 - INFO - Iteration 89/500: Phase=statistical learning, SL ratio=1.00, EL ratio=0.00
2025-04-08 13:30:22,428 - DEBUG - Updated probability model at iteration 89
2025-04-08 13:30:22,428 - INFO - Iteration 90/500: Phase=statistical learning, SL ratio=1.00, EL ratio=0.00
2025-04-08 13:30:22,900 - DEBUG - Updated probability model at iteration 90
2025-04-08 13:30:22,900 - INFO - Iteration 91/500: Phase=statistical learning, SL ratio=1.00, EL ratio=0.00
2025-04-08 13:30:23,364 - DEBUG - Updated probability model at iteration 91
2025-04-08 13:30:23,364 - INFO - Iteration 92/500: Phase=statistical learning, SL ratio=1.00, EL ratio=0.00
2025-04-08 13:30:23,828 - DEBUG - Updated probability model at iteration 92
2025-04-08 13:30:23,828 - INFO - Iteration 93/500: Phase=statistical learning, SL ratio=1.00, EL ratio=0.00
2025-04-08 13:30:24,296 - DEBUG - Updated probability model at iteration 93
2025-04-08 13:30:24,296 - INFO - Iteration 94/500: Phase=statistical learning, SL ratio=1.00, EL ratio=0.00
2025-04-08 13:30:24,763 - DEBUG - Updated probability model at iteration 94
2025-04-08 13:30:24,763 - INFO - Iteration 95/500: Phase=statistical learning, SL ratio=1.00, EL ratio=0.00
2025-04-08 13:30:25,233 - DEBUG - Updated probability model at iteration 95
2025-04-08 13:30:25,233 - INFO - Iteration 96/500: Phase=statistical learning, SL ratio=1.00, EL ratio=0.00
2025-04-08 13:30:25,699 - DEBUG - Updated probability model at iteration 96
2025-04-08 13:30:25,699 - INFO - Iteration 97/500: Phase=statistical learning, SL ratio=1.00, EL ratio=0.00
2025-04-08 13:30:26,160 - DEBUG - Updated probability model at iteration 97
2025-04-08 13:30:26,160 - INFO - Iteration 98/500: Phase=statistical learning, SL ratio=1.00, EL ratio=0.00
2025-04-08 13:30:26,623 - DEBUG - Updated probability model at iteration 98
2025-04-08 13:30:26,623 - INFO - Iteration 99/500: Phase=statistical learning, SL ratio=1.00, EL ratio=0.00
2025-04-08 13:30:27,080 - DEBUG - Updated probability model at iteration 99
2025-04-08 13:30:27,080 - INFO - Iteration 100/500: Phase=statistical learning, SL ratio=1.00, EL ratio=0.00
2025-04-08 13:30:27,537 - DEBUG - Updated probability model at iteration 100
2025-04-08 13:30:27,537 - INFO - Iteration 101/500: Phase=statistical learning, SL ratio=1.00, EL ratio=0.00
2025-04-08 13:30:28,022 - DEBUG - Updated probability model at iteration 101
2025-04-08 13:30:28,022 - INFO - 
SL is stagnating, switching to hybrid phase...
2025-04-08 13:30:28,022 - INFO - Iteration 102/500: Phase=hybrid learning, SL ratio=0.90, EL ratio=0.10
2025-04-08 13:30:28,534 - DEBUG -   [SL->EL] 成功! 用SL最优解1946.00替换EL最差解2127.00, 改进了181.00
2025-04-08 13:30:28,534 - DEBUG -   [EL->SL] 成功添加2个EL解到SL种群
2025-04-08 13:30:28,535 - DEBUG - Updated probability model at iteration 102
2025-04-08 13:30:28,535 - INFO - Iteration 103/500: Phase=hybrid learning, SL ratio=0.90, EL ratio=0.10
2025-04-08 13:30:29,033 - DEBUG -   [SL->EL] 成功! 用SL最优解1934.00替换EL最差解1950.00, 改进了16.00
2025-04-08 13:30:29,033 - DEBUG -   [EL->SL] 成功添加2个EL解到SL种群
2025-04-08 13:30:29,034 - DEBUG - Updated probability model at iteration 103
2025-04-08 13:30:29,034 - INFO - Iteration 104/500: Phase=hybrid learning, SL ratio=0.90, EL ratio=0.10
2025-04-08 13:30:29,539 - DEBUG -   [SL->EL] 成功! 用SL最优解1891.00替换EL最差解1946.00, 改进了55.00
2025-04-08 13:30:29,539 - DEBUG -   [EL->SL] 成功添加2个EL解到SL种群
2025-04-08 13:30:29,540 - DEBUG - Updated probability model at iteration 104
2025-04-08 13:30:29,540 - INFO - Iteration 105/500: Phase=hybrid learning, SL ratio=0.90, EL ratio=0.10
2025-04-08 13:30:30,072 - DEBUG -   [SL->EL] 成功! 用SL最优解1888.00替换EL最差解1934.00, 改进了46.00
2025-04-08 13:30:30,073 - DEBUG -   [EL->SL] 成功添加2个EL解到SL种群
2025-04-08 13:30:30,074 - DEBUG - Updated probability model at iteration 105
2025-04-08 13:30:30,074 - INFO - Iteration 106/500: Phase=hybrid learning, SL ratio=0.90, EL ratio=0.10
2025-04-08 13:30:30,605 - INFO - In generation 106，New best makespan: 1860.00, source: el
2025-04-08 13:30:30,605 - DEBUG -   [SL->EL] 失败! SL最优解1947.00不如EL最差解1947.00
2025-04-08 13:30:30,606 - DEBUG -   [EL->SL] 成功添加2个EL解到SL种群
2025-04-08 13:30:30,607 - DEBUG - Updated probability model at iteration 106
2025-04-08 13:30:30,607 - INFO - Iteration 107/500: Phase=hybrid learning, SL ratio=0.90, EL ratio=0.10
2025-04-08 13:30:31,134 - DEBUG -   [SL->EL] 成功! 用SL最优解1888.00替换EL最差解2161.00, 改进了273.00
2025-04-08 13:30:31,135 - DEBUG -   [EL->SL] 成功添加2个EL解到SL种群
2025-04-08 13:30:31,135 - DEBUG - Updated probability model at iteration 107
2025-04-08 13:30:31,135 - INFO - Iteration 108/500: Phase=hybrid learning, SL ratio=0.90, EL ratio=0.10
2025-04-08 13:30:31,657 - DEBUG -   [SL->EL] 成功! 用SL最优解1959.00替换EL最差解1980.00, 改进了21.00
2025-04-08 13:30:31,657 - DEBUG -   [EL->SL] 成功添加2个EL解到SL种群
2025-04-08 13:30:31,658 - DEBUG - Updated probability model at iteration 108
2025-04-08 13:30:31,658 - INFO - Iteration 109/500: Phase=hybrid learning, SL ratio=0.90, EL ratio=0.10
2025-04-08 13:30:32,197 - INFO - In generation 109，New best makespan: 1858.00, source: el
2025-04-08 13:30:32,197 - DEBUG -   [SL->EL] 失败! SL最优解1953.00不如EL最差解1953.00
2025-04-08 13:30:32,197 - DEBUG -   [EL->SL] 成功添加2个EL解到SL种群
2025-04-08 13:30:32,198 - DEBUG - Updated probability model at iteration 109
2025-04-08 13:30:32,198 - INFO - Iteration 110/500: Phase=hybrid learning, SL ratio=0.90, EL ratio=0.10
2025-04-08 13:30:32,718 - DEBUG -   [SL->EL] 失败! SL最优解1950.00不如EL最差解1918.00
2025-04-08 13:30:32,718 - DEBUG -   [EL->SL] 成功添加2个EL解到SL种群
2025-04-08 13:30:32,719 - DEBUG - Updated probability model at iteration 110
2025-04-08 13:30:32,719 - INFO - EL has been consistently better for 5 iterations, adjusting ratios: SL=0.80, EL=0.20
2025-04-08 13:30:32,719 - INFO - Iteration 111/500: Phase=hybrid learning, SL ratio=0.80, EL ratio=0.20
2025-04-08 13:30:33,307 - INFO - In generation 111，New best makespan: 1856.00, source: el
2025-04-08 13:30:33,307 - DEBUG -   [SL->EL] 成功! 用SL最优解1926.00替换EL最差解1992.00, 改进了66.00
2025-04-08 13:30:33,308 - DEBUG -   [EL->SL] 成功添加4个EL解到SL种群
2025-04-08 13:30:33,309 - DEBUG - Updated probability model at iteration 111
2025-04-08 13:30:33,309 - INFO - Iteration 112/500: Phase=hybrid learning, SL ratio=0.80, EL ratio=0.20
2025-04-08 13:30:33,870 - DEBUG -   [SL->EL] 成功! 用SL最优解1917.00替换EL最差解2020.00, 改进了103.00
2025-04-08 13:30:33,871 - DEBUG -   [EL->SL] 成功添加4个EL解到SL种群
2025-04-08 13:30:33,871 - DEBUG - Updated probability model at iteration 112
2025-04-08 13:30:33,872 - INFO - Iteration 113/500: Phase=hybrid learning, SL ratio=0.80, EL ratio=0.20
2025-04-08 13:30:34,436 - INFO - In generation 113，New best makespan: 1852.00, source: el
2025-04-08 13:30:34,436 - DEBUG -   [SL->EL] 成功! 用SL最优解1939.00替换EL最差解1966.00, 改进了27.00
2025-04-08 13:30:34,437 - DEBUG -   [EL->SL] 成功添加4个EL解到SL种群
2025-04-08 13:30:34,438 - DEBUG - Updated probability model at iteration 113
2025-04-08 13:30:34,438 - INFO - Iteration 114/500: Phase=hybrid learning, SL ratio=0.80, EL ratio=0.20
2025-04-08 13:30:34,984 - INFO - In generation 114，New best makespan: 1850.00, source: el
2025-04-08 13:30:34,985 - DEBUG -   [SL->EL] 成功! 用SL最优解1906.00替换EL最差解1912.00, 改进了6.00
2025-04-08 13:30:34,985 - DEBUG -   [EL->SL] 成功添加4个EL解到SL种群
2025-04-08 13:30:34,987 - DEBUG - Updated probability model at iteration 114
2025-04-08 13:30:34,987 - INFO - Iteration 115/500: Phase=hybrid learning, SL ratio=0.80, EL ratio=0.20
2025-04-08 13:30:35,557 - INFO - In generation 115，New best makespan: 1844.00, source: el
2025-04-08 13:30:35,557 - DEBUG -   [SL->EL] 成功! 用SL最优解1916.00替换EL最差解1957.00, 改进了41.00
2025-04-08 13:30:35,558 - DEBUG -   [EL->SL] 成功添加4个EL解到SL种群
2025-04-08 13:30:35,558 - DEBUG - Updated probability model at iteration 115
2025-04-08 13:30:35,558 - INFO - EL has been consistently better for 5 iterations, adjusting ratios: SL=0.70, EL=0.30
2025-04-08 13:30:35,559 - INFO - Iteration 116/500: Phase=hybrid learning, SL ratio=0.70, EL ratio=0.30
2025-04-08 13:30:36,169 - INFO - In generation 116，New best makespan: 1840.00, source: el
2025-04-08 13:30:36,169 - DEBUG -   [SL->EL] 成功! 用SL最优解1873.00替换EL最差解2038.00, 改进了165.00
2025-04-08 13:30:36,171 - DEBUG -   [EL->SL] 成功添加6个EL解到SL种群
2025-04-08 13:30:36,171 - DEBUG - Updated probability model at iteration 116
2025-04-08 13:30:36,171 - INFO - Iteration 117/500: Phase=hybrid learning, SL ratio=0.70, EL ratio=0.30
2025-04-08 13:30:36,799 - DEBUG -   [SL->EL] 成功! 用SL最优解1917.00替换EL最差解2022.00, 改进了105.00
2025-04-08 13:30:36,801 - DEBUG -   [EL->SL] 成功添加6个EL解到SL种群
2025-04-08 13:30:36,801 - DEBUG - Updated probability model at iteration 117
2025-04-08 13:30:36,801 - INFO - Iteration 118/500: Phase=hybrid learning, SL ratio=0.70, EL ratio=0.30
2025-04-08 13:30:37,427 - DEBUG -   [SL->EL] 成功! 用SL最优解1963.00替换EL最差解1976.00, 改进了13.00
2025-04-08 13:30:37,428 - DEBUG -   [EL->SL] 成功添加6个EL解到SL种群
2025-04-08 13:30:37,429 - DEBUG - Updated probability model at iteration 118
2025-04-08 13:30:37,429 - INFO - Iteration 119/500: Phase=hybrid learning, SL ratio=0.70, EL ratio=0.30
2025-04-08 13:30:38,054 - DEBUG -   [SL->EL] 成功! 用SL最优解1900.00替换EL最差解1908.00, 改进了8.00
2025-04-08 13:30:38,055 - DEBUG -   [EL->SL] 成功添加6个EL解到SL种群
2025-04-08 13:30:38,056 - DEBUG - Updated probability model at iteration 119
2025-04-08 13:30:38,056 - INFO - Iteration 120/500: Phase=hybrid learning, SL ratio=0.70, EL ratio=0.30
2025-04-08 13:30:38,704 - INFO - In generation 120，New best makespan: 1834.00, source: el
2025-04-08 13:30:38,704 - DEBUG -   [SL->EL] 成功! 用SL最优解1904.00替换EL最差解1913.00, 改进了9.00
2025-04-08 13:30:38,705 - DEBUG -   [EL->SL] 成功添加6个EL解到SL种群
2025-04-08 13:30:38,706 - DEBUG - Updated probability model at iteration 120
2025-04-08 13:30:38,706 - INFO - EL has been consistently better for 5 iterations, adjusting ratios: SL=0.60, EL=0.40
2025-04-08 13:30:38,706 - INFO - Iteration 121/500: Phase=hybrid learning, SL ratio=0.60, EL ratio=0.40
2025-04-08 13:30:39,412 - DEBUG -   [SL->EL] 成功! 用SL最优解1894.00替换EL最差解1980.00, 改进了86.00
2025-04-08 13:30:39,413 - DEBUG -   [EL->SL] 成功添加8个EL解到SL种群
2025-04-08 13:30:39,414 - DEBUG - Updated probability model at iteration 121
2025-04-08 13:30:39,414 - INFO - Iteration 122/500: Phase=hybrid learning, SL ratio=0.60, EL ratio=0.40
2025-04-08 13:30:40,062 - INFO - In generation 122，New best makespan: 1826.00, source: el
2025-04-08 13:30:40,062 - DEBUG -   [SL->EL] 成功! 用SL最优解1912.00替换EL最差解1973.00, 改进了61.00
2025-04-08 13:30:40,064 - DEBUG -   [EL->SL] 成功添加8个EL解到SL种群
2025-04-08 13:30:40,066 - DEBUG - Updated probability model at iteration 122
2025-04-08 13:30:40,066 - INFO - Iteration 123/500: Phase=hybrid learning, SL ratio=0.60, EL ratio=0.40
2025-04-08 13:30:40,705 - DEBUG -   [SL->EL] 成功! 用SL最优解1930.00替换EL最差解2042.00, 改进了112.00
2025-04-08 13:30:40,707 - DEBUG -   [EL->SL] 成功添加8个EL解到SL种群
2025-04-08 13:30:40,707 - DEBUG - Updated probability model at iteration 123
2025-04-08 13:30:40,707 - INFO - Iteration 124/500: Phase=hybrid learning, SL ratio=0.60, EL ratio=0.40
2025-04-08 13:30:41,361 - INFO - In generation 124，New best makespan: 1816.00, source: el
2025-04-08 13:30:41,362 - DEBUG -   [SL->EL] 失败! SL最优解1920.00不如EL最差解1897.00
2025-04-08 13:30:41,362 - DEBUG -   [EL->SL] 成功添加8个EL解到SL种群
2025-04-08 13:30:41,364 - DEBUG - Updated probability model at iteration 124
2025-04-08 13:30:41,364 - INFO - Iteration 125/500: Phase=hybrid learning, SL ratio=0.60, EL ratio=0.40
2025-04-08 13:30:42,003 - DEBUG -   [SL->EL] 成功! 用SL最优解1909.00替换EL最差解1935.00, 改进了26.00
2025-04-08 13:30:42,004 - DEBUG -   [EL->SL] 成功添加8个EL解到SL种群
2025-04-08 13:30:42,005 - DEBUG - Updated probability model at iteration 125
2025-04-08 13:30:42,005 - INFO - EL has been consistently better for 5 iterations, adjusting ratios: SL=0.50, EL=0.50
2025-04-08 13:30:42,005 - INFO - Iteration 126/500: Phase=hybrid learning, SL ratio=0.50, EL ratio=0.50
2025-04-08 13:30:42,695 - INFO - In generation 126，New best makespan: 1814.00, source: el
2025-04-08 13:30:42,695 - DEBUG -   [SL->EL] 成功! 用SL最优解1925.00替换EL最差解2002.00, 改进了77.00
2025-04-08 13:30:42,697 - DEBUG -   [EL->SL] 成功添加10个EL解到SL种群
2025-04-08 13:30:42,697 - DEBUG - Updated probability model at iteration 126
2025-04-08 13:30:42,697 - INFO - Iteration 127/500: Phase=hybrid learning, SL ratio=0.50, EL ratio=0.50
2025-04-08 13:30:43,388 - INFO - In generation 127，New best makespan: 1810.00, source: el
2025-04-08 13:30:43,388 - DEBUG -   [SL->EL] 成功! 用SL最优解1907.00替换EL最差解1918.00, 改进了11.00
2025-04-08 13:30:43,390 - DEBUG -   [EL->SL] 成功添加10个EL解到SL种群
2025-04-08 13:30:43,390 - DEBUG - Updated probability model at iteration 127
2025-04-08 13:30:43,390 - INFO - Iteration 128/500: Phase=hybrid learning, SL ratio=0.50, EL ratio=0.50
2025-04-08 13:30:44,075 - DEBUG -   [SL->EL] 成功! 用SL最优解1922.00替换EL最差解1994.00, 改进了72.00
2025-04-08 13:30:44,076 - DEBUG -   [EL->SL] 成功添加10个EL解到SL种群
2025-04-08 13:30:44,076 - DEBUG - Updated probability model at iteration 128
2025-04-08 13:30:44,076 - INFO - Iteration 129/500: Phase=hybrid learning, SL ratio=0.50, EL ratio=0.50
2025-04-08 13:30:44,820 - DEBUG -   [SL->EL] 成功! 用SL最优解1894.00替换EL最差解1967.00, 改进了73.00
2025-04-08 13:30:44,822 - DEBUG -   [EL->SL] 成功添加10个EL解到SL种群
2025-04-08 13:30:44,824 - DEBUG - Updated probability model at iteration 129
2025-04-08 13:30:44,824 - INFO - Iteration 130/500: Phase=hybrid learning, SL ratio=0.50, EL ratio=0.50
2025-04-08 13:30:45,545 - DEBUG -   [SL->EL] 成功! 用SL最优解1868.00替换EL最差解1952.00, 改进了84.00
2025-04-08 13:30:45,547 - DEBUG -   [EL->SL] 成功添加10个EL解到SL种群
2025-04-08 13:30:45,547 - DEBUG - Updated probability model at iteration 130
2025-04-08 13:30:45,548 - INFO - EL has been consistently better for 5 iterations, adjusting ratios: SL=0.40, EL=0.60
2025-04-08 13:30:45,548 - INFO - Iteration 131/500: Phase=hybrid learning, SL ratio=0.40, EL ratio=0.60
2025-04-08 13:30:46,362 - INFO - In generation 131，New best makespan: 1806.00, source: el
2025-04-08 13:30:46,362 - DEBUG -   [SL->EL] 成功! 用SL最优解1868.00替换EL最差解1918.00, 改进了50.00
2025-04-08 13:30:46,365 - DEBUG -   [EL->SL] 成功添加12个EL解到SL种群
2025-04-08 13:30:46,365 - DEBUG - Updated probability model at iteration 131
2025-04-08 13:30:46,365 - INFO - Iteration 132/500: Phase=hybrid learning, SL ratio=0.40, EL ratio=0.60
2025-04-08 13:30:47,116 - DEBUG -   [SL->EL] 成功! 用SL最优解1915.00替换EL最差解2038.00, 改进了123.00
2025-04-08 13:30:47,119 - DEBUG -   [EL->SL] 成功添加12个EL解到SL种群
2025-04-08 13:30:47,119 - DEBUG - Updated probability model at iteration 132
2025-04-08 13:30:47,119 - INFO - Iteration 133/500: Phase=hybrid learning, SL ratio=0.40, EL ratio=0.60
2025-04-08 13:30:47,889 - INFO - In generation 133，New best makespan: 1800.00, source: el
2025-04-08 13:30:47,890 - DEBUG -   [SL->EL] 成功! 用SL最优解1898.00替换EL最差解1960.00, 改进了62.00
2025-04-08 13:30:47,891 - DEBUG -   [EL->SL] 成功添加12个EL解到SL种群
2025-04-08 13:30:47,893 - DEBUG - Updated probability model at iteration 133
2025-04-08 13:30:47,893 - INFO - Iteration 134/500: Phase=hybrid learning, SL ratio=0.40, EL ratio=0.60
2025-04-08 13:30:48,695 - DEBUG -   [SL->EL] 成功! 用SL最优解1886.00替换EL最差解1986.00, 改进了100.00
2025-04-08 13:30:48,696 - DEBUG -   [EL->SL] 成功添加12个EL解到SL种群
2025-04-08 13:30:48,697 - DEBUG - Updated probability model at iteration 134
2025-04-08 13:30:48,697 - INFO - Iteration 135/500: Phase=hybrid learning, SL ratio=0.40, EL ratio=0.60
2025-04-08 13:30:49,508 - INFO - In generation 135，New best makespan: 1792.00, source: el
2025-04-08 13:30:49,508 - DEBUG -   [SL->EL] 成功! 用SL最优解1885.00替换EL最差解1988.00, 改进了103.00
2025-04-08 13:30:49,510 - DEBUG -   [EL->SL] 成功添加12个EL解到SL种群
2025-04-08 13:30:49,510 - DEBUG - Updated probability model at iteration 135
2025-04-08 13:30:49,510 - INFO - EL has been consistently better for 5 iterations, adjusting ratios: SL=0.30, EL=0.70
2025-04-08 13:30:49,510 - INFO - Iteration 136/500: Phase=hybrid learning, SL ratio=0.30, EL ratio=0.70
2025-04-08 13:30:50,341 - DEBUG -   [SL->EL] 成功! 用SL最优解1913.00替换EL最差解2005.00, 改进了92.00
2025-04-08 13:30:50,343 - DEBUG -   [EL->SL] 成功添加14个EL解到SL种群
2025-04-08 13:30:50,344 - DEBUG - Updated probability model at iteration 136
2025-04-08 13:30:50,344 - INFO - Iteration 137/500: Phase=hybrid learning, SL ratio=0.30, EL ratio=0.70
2025-04-08 13:30:51,173 - DEBUG -   [SL->EL] 成功! 用SL最优解1886.00替换EL最差解1995.00, 改进了109.00
2025-04-08 13:30:51,175 - DEBUG -   [EL->SL] 成功添加14个EL解到SL种群
2025-04-08 13:30:51,176 - DEBUG - Updated probability model at iteration 137
2025-04-08 13:30:51,176 - INFO - Iteration 138/500: Phase=hybrid learning, SL ratio=0.30, EL ratio=0.70
2025-04-08 13:30:52,042 - INFO - In generation 138，New best makespan: 1788.00, source: el
2025-04-08 13:30:52,042 - DEBUG -   [SL->EL] 成功! 用SL最优解1939.00替换EL最差解2004.00, 改进了65.00
2025-04-08 13:30:52,045 - DEBUG -   [EL->SL] 成功添加14个EL解到SL种群
2025-04-08 13:30:52,045 - DEBUG - Updated probability model at iteration 138
2025-04-08 13:30:52,045 - INFO - Iteration 139/500: Phase=hybrid learning, SL ratio=0.30, EL ratio=0.70
2025-04-08 13:30:52,882 - INFO - In generation 139，New best makespan: 1784.00, source: el
2025-04-08 13:30:52,882 - DEBUG -   [SL->EL] 成功! 用SL最优解1872.00替换EL最差解1918.00, 改进了46.00
2025-04-08 13:30:52,884 - DEBUG -   [EL->SL] 成功添加14个EL解到SL种群
2025-04-08 13:30:52,885 - DEBUG - Updated probability model at iteration 139
2025-04-08 13:30:52,885 - INFO - Iteration 140/500: Phase=hybrid learning, SL ratio=0.30, EL ratio=0.70
2025-04-08 13:30:53,682 - DEBUG -   [SL->EL] 成功! 用SL最优解1865.00替换EL最差解1932.00, 改进了67.00
2025-04-08 13:30:53,684 - DEBUG -   [EL->SL] 成功添加14个EL解到SL种群
2025-04-08 13:30:53,685 - DEBUG - Updated probability model at iteration 140
2025-04-08 13:30:53,685 - INFO - EL has been consistently better for 5 iterations, adjusting ratios: SL=0.20, EL=0.80
2025-04-08 13:30:53,685 - INFO - Iteration 141/500: Phase=hybrid learning, SL ratio=0.20, EL ratio=0.80
2025-04-08 13:30:54,550 - DEBUG -   [SL->EL] 成功! 用SL最优解1882.00替换EL最差解1996.00, 改进了114.00
2025-04-08 13:30:54,552 - DEBUG -   [EL->SL] 成功添加16个EL解到SL种群
2025-04-08 13:30:54,553 - DEBUG - Updated probability model at iteration 141
2025-04-08 13:30:54,553 - INFO - Iteration 142/500: Phase=hybrid learning, SL ratio=0.20, EL ratio=0.80
2025-04-08 13:30:55,431 - INFO - In generation 142，New best makespan: 1778.00, source: el
2025-04-08 13:30:55,431 - DEBUG -   [SL->EL] 成功! 用SL最优解1875.00替换EL最差解1914.00, 改进了39.00
2025-04-08 13:30:55,433 - DEBUG -   [EL->SL] 成功添加16个EL解到SL种群
2025-04-08 13:30:55,434 - DEBUG - Updated probability model at iteration 142
2025-04-08 13:30:55,434 - INFO - Iteration 143/500: Phase=hybrid learning, SL ratio=0.20, EL ratio=0.80
2025-04-08 13:30:56,271 - INFO - In generation 143，New best makespan: 1776.00, source: el
2025-04-08 13:30:56,271 - DEBUG -   [SL->EL] 成功! 用SL最优解1910.00替换EL最差解1938.00, 改进了28.00
2025-04-08 13:30:56,274 - DEBUG -   [EL->SL] 成功添加16个EL解到SL种群
2025-04-08 13:30:56,275 - DEBUG - Updated probability model at iteration 143
2025-04-08 13:30:56,275 - INFO - Iteration 144/500: Phase=hybrid learning, SL ratio=0.20, EL ratio=0.80
2025-04-08 13:30:57,132 - INFO - In generation 144，New best makespan: 1770.00, source: el
2025-04-08 13:30:57,133 - DEBUG -   [SL->EL] 成功! 用SL最优解1918.00替换EL最差解1936.00, 改进了18.00
2025-04-08 13:30:57,135 - DEBUG -   [EL->SL] 成功添加16个EL解到SL种群
2025-04-08 13:30:57,136 - DEBUG - Updated probability model at iteration 144
2025-04-08 13:30:57,136 - INFO - Iteration 145/500: Phase=hybrid learning, SL ratio=0.20, EL ratio=0.80
2025-04-08 13:30:57,975 - INFO - In generation 145，New best makespan: 1764.00, source: el
2025-04-08 13:30:57,976 - DEBUG -   [SL->EL] 成功! 用SL最优解1866.00替换EL最差解1972.00, 改进了106.00
2025-04-08 13:30:57,978 - DEBUG -   [EL->SL] 成功添加16个EL解到SL种群
2025-04-08 13:30:57,979 - DEBUG - Updated probability model at iteration 145
2025-04-08 13:30:57,979 - INFO - EL has been consistently better for 5 iterations, adjusting ratios: SL=0.10, EL=0.90
2025-04-08 13:30:57,979 - INFO - Iteration 146/500: Phase=hybrid learning, SL ratio=0.10, EL ratio=0.90
2025-04-08 13:30:58,838 - DEBUG -   [SL->EL] 成功! 用SL最优解1911.00替换EL最差解1986.00, 改进了75.00
2025-04-08 13:30:58,840 - DEBUG -   [EL->SL] 成功添加18个EL解到SL种群
2025-04-08 13:30:58,841 - DEBUG - Updated probability model at iteration 146
2025-04-08 13:30:58,841 - INFO - Iteration 147/500: Phase=hybrid learning, SL ratio=0.10, EL ratio=0.90
2025-04-08 13:30:59,730 - INFO - In generation 147，New best makespan: 1760.00, source: el
2025-04-08 13:30:59,731 - DEBUG -   [SL->EL] 成功! 用SL最优解1966.00替换EL最差解1998.00, 改进了32.00
2025-04-08 13:30:59,734 - DEBUG -   [EL->SL] 成功添加18个EL解到SL种群
2025-04-08 13:30:59,734 - DEBUG - Updated probability model at iteration 147
2025-04-08 13:30:59,734 - INFO - Iteration 148/500: Phase=hybrid learning, SL ratio=0.10, EL ratio=0.90
2025-04-08 13:31:00,603 - DEBUG -   [SL->EL] 成功! 用SL最优解1882.00替换EL最差解1966.00, 改进了84.00
2025-04-08 13:31:00,605 - DEBUG -   [EL->SL] 成功添加18个EL解到SL种群
2025-04-08 13:31:00,605 - DEBUG - Updated probability model at iteration 148
2025-04-08 13:31:00,605 - INFO - Iteration 149/500: Phase=hybrid learning, SL ratio=0.10, EL ratio=0.90
2025-04-08 13:31:01,478 - INFO - In generation 149，New best makespan: 1756.00, source: el
2025-04-08 13:31:01,479 - DEBUG -   [SL->EL] 失败! SL最优解1969.00不如EL最差解1946.00
2025-04-08 13:31:01,481 - DEBUG -   [EL->SL] 成功添加18个EL解到SL种群
2025-04-08 13:31:01,481 - DEBUG - Updated probability model at iteration 149
2025-04-08 13:31:01,481 - INFO - Iteration 150/500: Phase=hybrid learning, SL ratio=0.10, EL ratio=0.90
2025-04-08 13:31:02,334 - INFO - In generation 150，New best makespan: 1752.00, source: el
2025-04-08 13:31:02,334 - DEBUG -   [SL->EL] 失败! SL最优解1952.00不如EL最差解1929.00
2025-04-08 13:31:02,337 - DEBUG -   [EL->SL] 成功添加18个EL解到SL种群
2025-04-08 13:31:02,337 - DEBUG - Updated probability model at iteration 150
2025-04-08 13:31:02,337 - INFO - EL has been consistently better for 5 iterations, adjusting ratios: SL=0.10, EL=0.90
2025-04-08 13:31:02,337 - INFO - Iteration 151/500: Phase=hybrid learning, SL ratio=0.10, EL ratio=0.90
2025-04-08 13:31:03,223 - DEBUG -   [SL->EL] 成功! 用SL最优解1890.00替换EL最差解1931.00, 改进了41.00
2025-04-08 13:31:03,226 - DEBUG -   [EL->SL] 成功添加18个EL解到SL种群
2025-04-08 13:31:03,226 - DEBUG - Updated probability model at iteration 151
2025-04-08 13:31:03,226 - INFO - Iteration 152/500: Phase=hybrid learning, SL ratio=0.10, EL ratio=0.90
2025-04-08 13:31:04,103 - INFO - In generation 152，New best makespan: 1750.00, source: el
2025-04-08 13:31:04,104 - DEBUG -   [SL->EL] 失败! SL最优解1900.00不如EL最差解1896.00
2025-04-08 13:31:04,106 - DEBUG -   [EL->SL] 成功添加18个EL解到SL种群
2025-04-08 13:31:04,107 - DEBUG - Updated probability model at iteration 152
2025-04-08 13:31:04,107 - INFO - Iteration 153/500: Phase=hybrid learning, SL ratio=0.10, EL ratio=0.90
2025-04-08 13:31:04,983 - DEBUG -   [SL->EL] 失败! SL最优解1952.00不如EL最差解1909.00
2025-04-08 13:31:04,985 - DEBUG -   [EL->SL] 成功添加18个EL解到SL种群
2025-04-08 13:31:04,986 - DEBUG - Updated probability model at iteration 153
2025-04-08 13:31:04,986 - INFO - Iteration 154/500: Phase=hybrid learning, SL ratio=0.10, EL ratio=0.90
2025-04-08 13:31:05,865 - INFO - In generation 154，New best makespan: 1738.00, source: el
2025-04-08 13:31:05,865 - DEBUG -   [SL->EL] 成功! 用SL最优解1876.00替换EL最差解1902.00, 改进了26.00
2025-04-08 13:31:05,868 - DEBUG -   [EL->SL] 成功添加18个EL解到SL种群
2025-04-08 13:31:05,868 - DEBUG - Updated probability model at iteration 154
2025-04-08 13:31:05,868 - INFO - Iteration 155/500: Phase=hybrid learning, SL ratio=0.10, EL ratio=0.90
2025-04-08 13:31:06,724 - INFO - In generation 155，New best makespan: 1734.00, source: el
2025-04-08 13:31:06,724 - DEBUG -   [SL->EL] 失败! SL最优解1970.00不如EL最差解1950.00
2025-04-08 13:31:06,727 - DEBUG -   [EL->SL] 成功添加18个EL解到SL种群
2025-04-08 13:31:06,727 - DEBUG - Updated probability model at iteration 155
2025-04-08 13:31:06,727 - INFO - EL has been consistently better for 5 iterations, adjusting ratios: SL=0.10, EL=0.90
2025-04-08 13:31:06,728 - INFO - Iteration 156/500: Phase=hybrid learning, SL ratio=0.10, EL ratio=0.90
2025-04-08 13:31:07,643 - INFO - In generation 156，New best makespan: 1732.00, source: el
2025-04-08 13:31:07,643 - DEBUG -   [SL->EL] 成功! 用SL最优解1888.00替换EL最差解1917.00, 改进了29.00
2025-04-08 13:31:07,647 - DEBUG -   [EL->SL] 成功添加18个EL解到SL种群
2025-04-08 13:31:07,647 - DEBUG - Updated probability model at iteration 156
2025-04-08 13:31:07,647 - INFO - Iteration 157/500: Phase=hybrid learning, SL ratio=0.10, EL ratio=0.90
2025-04-08 13:31:08,554 - INFO - In generation 157，New best makespan: 1726.00, source: el
2025-04-08 13:31:08,555 - DEBUG -   [SL->EL] 成功! 用SL最优解1919.00替换EL最差解1928.00, 改进了9.00
2025-04-08 13:31:08,557 - DEBUG -   [EL->SL] 成功添加18个EL解到SL种群
2025-04-08 13:31:08,558 - DEBUG - Updated probability model at iteration 157
2025-04-08 13:31:08,558 - INFO - Iteration 158/500: Phase=hybrid learning, SL ratio=0.10, EL ratio=0.90
2025-04-08 13:31:09,414 - DEBUG -   [SL->EL] 成功! 用SL最优解1889.00替换EL最差解1892.00, 改进了3.00
2025-04-08 13:31:09,417 - DEBUG -   [EL->SL] 成功添加18个EL解到SL种群
2025-04-08 13:31:09,418 - DEBUG - Updated probability model at iteration 158
2025-04-08 13:31:09,418 - INFO - Iteration 159/500: Phase=hybrid learning, SL ratio=0.10, EL ratio=0.90
2025-04-08 13:31:10,283 - INFO - In generation 159，New best makespan: 1725.00, source: el
2025-04-08 13:31:10,283 - DEBUG -   [SL->EL] 成功! 用SL最优解1882.00替换EL最差解1914.00, 改进了32.00
2025-04-08 13:31:10,285 - DEBUG -   [EL->SL] 成功添加18个EL解到SL种群
2025-04-08 13:31:10,286 - DEBUG - Updated probability model at iteration 159
2025-04-08 13:31:10,286 - INFO - Iteration 160/500: Phase=hybrid learning, SL ratio=0.10, EL ratio=0.90
2025-04-08 13:31:11,201 - INFO - In generation 160，New best makespan: 1722.00, source: el
2025-04-08 13:31:11,201 - DEBUG -   [SL->EL] 成功! 用SL最优解1879.00替换EL最差解1912.00, 改进了33.00
2025-04-08 13:31:11,204 - DEBUG -   [EL->SL] 成功添加18个EL解到SL种群
2025-04-08 13:31:11,205 - DEBUG - Updated probability model at iteration 160
2025-04-08 13:31:11,205 - INFO - EL has been consistently better for 5 iterations, adjusting ratios: SL=0.10, EL=0.90
2025-04-08 13:31:11,205 - INFO - Iteration 161/500: Phase=hybrid learning, SL ratio=0.10, EL ratio=0.90
2025-04-08 13:31:12,097 - INFO - In generation 161，New best makespan: 1720.00, source: el
2025-04-08 13:31:12,097 - DEBUG -   [SL->EL] 成功! 用SL最优解1908.00替换EL最差解1946.00, 改进了38.00
2025-04-08 13:31:12,100 - DEBUG -   [EL->SL] 成功添加18个EL解到SL种群
2025-04-08 13:31:12,100 - DEBUG - Updated probability model at iteration 161
2025-04-08 13:31:12,100 - INFO - Iteration 162/500: Phase=hybrid learning, SL ratio=0.10, EL ratio=0.90
2025-04-08 13:31:13,043 - INFO - In generation 162，New best makespan: 1705.00, source: el
2025-04-08 13:31:13,044 - DEBUG -   [SL->EL] 成功! 用SL最优解1858.00替换EL最差解1961.00, 改进了103.00
2025-04-08 13:31:13,046 - DEBUG -   [EL->SL] 成功添加18个EL解到SL种群
2025-04-08 13:31:13,047 - DEBUG - Updated probability model at iteration 162
2025-04-08 13:31:13,047 - INFO - Iteration 163/500: Phase=hybrid learning, SL ratio=0.10, EL ratio=0.90
2025-04-08 13:31:13,974 - DEBUG -   [SL->EL] 成功! 用SL最优解1837.00替换EL最差解1899.00, 改进了62.00
2025-04-08 13:31:13,977 - DEBUG -   [EL->SL] 成功添加18个EL解到SL种群
2025-04-08 13:31:13,977 - DEBUG - Updated probability model at iteration 163
2025-04-08 13:31:13,977 - INFO - Iteration 164/500: Phase=hybrid learning, SL ratio=0.10, EL ratio=0.90
2025-04-08 13:31:14,839 - DEBUG -   [SL->EL] 成功! 用SL最优解1827.00替换EL最差解1910.00, 改进了83.00
2025-04-08 13:31:14,843 - DEBUG -   [EL->SL] 成功添加18个EL解到SL种群
2025-04-08 13:31:14,844 - DEBUG - Updated probability model at iteration 164
2025-04-08 13:31:14,844 - INFO - Iteration 165/500: Phase=hybrid learning, SL ratio=0.10, EL ratio=0.90
2025-04-08 13:31:15,724 - DEBUG -   [SL->EL] 成功! 用SL最优解1854.00替换EL最差解1874.00, 改进了20.00
2025-04-08 13:31:15,726 - DEBUG -   [EL->SL] 成功添加18个EL解到SL种群
2025-04-08 13:31:15,726 - DEBUG - Updated probability model at iteration 165
2025-04-08 13:31:15,726 - INFO - EL has been consistently better for 5 iterations, adjusting ratios: SL=0.10, EL=0.90
2025-04-08 13:31:15,726 - INFO - Iteration 166/500: Phase=hybrid learning, SL ratio=0.10, EL ratio=0.90
2025-04-08 13:31:16,637 - INFO - In generation 166，New best makespan: 1704.00, source: el
2025-04-08 13:31:16,638 - DEBUG -   [SL->EL] 成功! 用SL最优解1846.00替换EL最差解1956.00, 改进了110.00
2025-04-08 13:31:16,640 - DEBUG -   [EL->SL] 成功添加18个EL解到SL种群
2025-04-08 13:31:16,641 - DEBUG - Updated probability model at iteration 166
2025-04-08 13:31:16,641 - INFO - Iteration 167/500: Phase=hybrid learning, SL ratio=0.10, EL ratio=0.90
2025-04-08 13:31:17,549 - INFO - In generation 167，New best makespan: 1698.00, source: el
2025-04-08 13:31:17,550 - DEBUG -   [SL->EL] 成功! 用SL最优解1839.00替换EL最差解1898.00, 改进了59.00
2025-04-08 13:31:17,553 - DEBUG -   [EL->SL] 成功添加18个EL解到SL种群
2025-04-08 13:31:17,553 - DEBUG - Updated probability model at iteration 167
2025-04-08 13:31:17,553 - INFO - Iteration 168/500: Phase=hybrid learning, SL ratio=0.10, EL ratio=0.90
2025-04-08 13:31:18,501 - DEBUG -   [SL->EL] 成功! 用SL最优解1865.00替换EL最差解1887.00, 改进了22.00
2025-04-08 13:31:18,503 - DEBUG -   [EL->SL] 成功添加18个EL解到SL种群
2025-04-08 13:31:18,504 - DEBUG - Updated probability model at iteration 168
2025-04-08 13:31:18,504 - INFO - Iteration 169/500: Phase=hybrid learning, SL ratio=0.10, EL ratio=0.90
2025-04-08 13:31:19,434 - INFO - In generation 169，New best makespan: 1696.00, source: el
2025-04-08 13:31:19,435 - DEBUG -   [SL->EL] 成功! 用SL最优解1828.00替换EL最差解1932.00, 改进了104.00
2025-04-08 13:31:19,437 - DEBUG -   [EL->SL] 成功添加18个EL解到SL种群
2025-04-08 13:31:19,437 - DEBUG - Updated probability model at iteration 169
2025-04-08 13:31:19,437 - INFO - Iteration 170/500: Phase=hybrid learning, SL ratio=0.10, EL ratio=0.90
2025-04-08 13:31:20,335 - DEBUG -   [SL->EL] 成功! 用SL最优解1844.00替换EL最差解1885.00, 改进了41.00
2025-04-08 13:31:20,337 - DEBUG -   [EL->SL] 成功添加18个EL解到SL种群
2025-04-08 13:31:20,337 - DEBUG - Updated probability model at iteration 170
2025-04-08 13:31:20,337 - INFO - EL has been consistently better for 5 iterations, adjusting ratios: SL=0.10, EL=0.90
2025-04-08 13:31:20,338 - INFO - Iteration 171/500: Phase=hybrid learning, SL ratio=0.10, EL ratio=0.90
2025-04-08 13:31:21,225 - INFO - In generation 171，New best makespan: 1692.00, source: el
2025-04-08 13:31:21,225 - DEBUG -   [SL->EL] 失败! SL最优解1881.00不如EL最差解1879.00
2025-04-08 13:31:21,229 - DEBUG -   [EL->SL] 成功添加18个EL解到SL种群
2025-04-08 13:31:21,229 - DEBUG - Updated probability model at iteration 171
2025-04-08 13:31:21,229 - INFO - Iteration 172/500: Phase=hybrid learning, SL ratio=0.10, EL ratio=0.90
2025-04-08 13:31:22,115 - DEBUG -   [SL->EL] 成功! 用SL最优解1870.00替换EL最差解1918.00, 改进了48.00
2025-04-08 13:31:22,118 - DEBUG -   [EL->SL] 成功添加18个EL解到SL种群
2025-04-08 13:31:22,119 - DEBUG - Updated probability model at iteration 172
2025-04-08 13:31:22,119 - INFO - Iteration 173/500: Phase=hybrid learning, SL ratio=0.10, EL ratio=0.90
2025-04-08 13:31:23,020 - INFO - In generation 173，New best makespan: 1690.00, source: el
2025-04-08 13:31:23,021 - DEBUG -   [SL->EL] 失败! SL最优解1847.00不如EL最差解1819.00
2025-04-08 13:31:23,024 - DEBUG -   [EL->SL] 成功添加18个EL解到SL种群
2025-04-08 13:31:23,025 - DEBUG - Updated probability model at iteration 173
2025-04-08 13:31:23,025 - INFO - Iteration 174/500: Phase=hybrid learning, SL ratio=0.10, EL ratio=0.90
2025-04-08 13:31:23,902 - INFO - In generation 174，New best makespan: 1688.00, source: el
2025-04-08 13:31:23,903 - DEBUG -   [SL->EL] 成功! 用SL最优解1853.00替换EL最差解1873.00, 改进了20.00
2025-04-08 13:31:23,905 - DEBUG -   [EL->SL] 成功添加18个EL解到SL种群
2025-04-08 13:31:23,906 - DEBUG - Updated probability model at iteration 174
2025-04-08 13:31:23,906 - INFO - Iteration 175/500: Phase=hybrid learning, SL ratio=0.10, EL ratio=0.90
2025-04-08 13:31:24,826 - INFO - In generation 175，New best makespan: 1684.00, source: el
2025-04-08 13:31:24,828 - DEBUG -   [SL->EL] 失败! SL最优解1883.00不如EL最差解1846.00
2025-04-08 13:31:24,831 - DEBUG -   [EL->SL] 成功添加18个EL解到SL种群
2025-04-08 13:31:24,831 - DEBUG - Updated probability model at iteration 175
2025-04-08 13:31:24,831 - INFO - EL has been consistently better for 5 iterations, adjusting ratios: SL=0.10, EL=0.90
2025-04-08 13:31:24,831 - INFO - Iteration 176/500: Phase=hybrid learning, SL ratio=0.10, EL ratio=0.90
2025-04-08 13:31:25,708 - DEBUG -   [SL->EL] 成功! 用SL最优解1811.00替换EL最差解1874.00, 改进了63.00
2025-04-08 13:31:25,710 - DEBUG -   [EL->SL] 成功添加18个EL解到SL种群
2025-04-08 13:31:25,711 - DEBUG - Updated probability model at iteration 176
2025-04-08 13:31:25,711 - INFO - Iteration 177/500: Phase=hybrid learning, SL ratio=0.10, EL ratio=0.90
2025-04-08 13:31:26,600 - DEBUG -   [SL->EL] 失败! SL最优解1904.00不如EL最差解1887.00
2025-04-08 13:31:26,603 - DEBUG -   [EL->SL] 成功添加18个EL解到SL种群
2025-04-08 13:31:26,604 - DEBUG - Updated probability model at iteration 177
2025-04-08 13:31:26,604 - INFO - Iteration 178/500: Phase=hybrid learning, SL ratio=0.10, EL ratio=0.90
2025-04-08 13:31:27,462 - INFO - In generation 178，New best makespan: 1680.00, source: el
2025-04-08 13:31:27,462 - DEBUG -   [SL->EL] 成功! 用SL最优解1883.00替换EL最差解1937.00, 改进了54.00
2025-04-08 13:31:27,464 - DEBUG -   [EL->SL] 成功添加18个EL解到SL种群
2025-04-08 13:31:27,465 - DEBUG - Updated probability model at iteration 178
2025-04-08 13:31:27,465 - INFO - Iteration 179/500: Phase=hybrid learning, SL ratio=0.10, EL ratio=0.90
2025-04-08 13:31:28,338 - DEBUG -   [SL->EL] 成功! 用SL最优解1860.00替换EL最差解1890.00, 改进了30.00
2025-04-08 13:31:28,340 - DEBUG -   [EL->SL] 成功添加18个EL解到SL种群
2025-04-08 13:31:28,341 - DEBUG - Updated probability model at iteration 179
2025-04-08 13:31:28,341 - INFO - Iteration 180/500: Phase=hybrid learning, SL ratio=0.10, EL ratio=0.90
2025-04-08 13:31:29,242 - DEBUG -   [SL->EL] 失败! SL最优解1883.00不如EL最差解1846.00
2025-04-08 13:31:29,245 - DEBUG -   [EL->SL] 成功添加18个EL解到SL种群
2025-04-08 13:31:29,246 - DEBUG - Updated probability model at iteration 180
2025-04-08 13:31:29,246 - INFO - EL has been consistently better for 5 iterations, adjusting ratios: SL=0.10, EL=0.90
2025-04-08 13:31:29,246 - INFO - Iteration 181/500: Phase=hybrid learning, SL ratio=0.10, EL ratio=0.90
2025-04-08 13:31:30,144 - DEBUG -   [SL->EL] 成功! 用SL最优解1832.00替换EL最差解1892.00, 改进了60.00
2025-04-08 13:31:30,147 - DEBUG -   [EL->SL] 成功添加18个EL解到SL种群
2025-04-08 13:31:30,148 - DEBUG - Updated probability model at iteration 181
2025-04-08 13:31:30,148 - INFO - Iteration 182/500: Phase=hybrid learning, SL ratio=0.10, EL ratio=0.90
2025-04-08 13:31:31,025 - DEBUG -   [SL->EL] 成功! 用SL最优解1777.00替换EL最差解1828.00, 改进了51.00
2025-04-08 13:31:31,028 - DEBUG -   [EL->SL] 成功添加18个EL解到SL种群
2025-04-08 13:31:31,029 - DEBUG - Updated probability model at iteration 182
2025-04-08 13:31:31,029 - INFO - Iteration 183/500: Phase=hybrid learning, SL ratio=0.10, EL ratio=0.90
2025-04-08 13:31:31,918 - DEBUG -   [SL->EL] 成功! 用SL最优解1828.00替换EL最差解1892.00, 改进了64.00
2025-04-08 13:31:31,920 - DEBUG -   [EL->SL] 成功添加18个EL解到SL种群
2025-04-08 13:31:31,920 - DEBUG - Updated probability model at iteration 183
2025-04-08 13:31:31,920 - INFO - Iteration 184/500: Phase=hybrid learning, SL ratio=0.10, EL ratio=0.90
2025-04-08 13:31:32,801 - INFO - In generation 184，New best makespan: 1678.00, source: el
2025-04-08 13:31:32,802 - DEBUG -   [SL->EL] 失败! SL最优解1897.00不如EL最差解1834.00
2025-04-08 13:31:32,805 - DEBUG -   [EL->SL] 成功添加18个EL解到SL种群
2025-04-08 13:31:32,805 - DEBUG - Updated probability model at iteration 184
2025-04-08 13:31:32,805 - INFO - Iteration 185/500: Phase=hybrid learning, SL ratio=0.10, EL ratio=0.90
2025-04-08 13:31:33,705 - INFO - In generation 185，New best makespan: 1676.00, source: el
2025-04-08 13:31:33,706 - DEBUG -   [SL->EL] 成功! 用SL最优解1837.00替换EL最差解1883.00, 改进了46.00
2025-04-08 13:31:33,708 - DEBUG -   [EL->SL] 成功添加18个EL解到SL种群
2025-04-08 13:31:33,708 - DEBUG - Updated probability model at iteration 185
2025-04-08 13:31:33,708 - INFO - EL has been consistently better for 5 iterations, adjusting ratios: SL=0.10, EL=0.90
2025-04-08 13:31:33,710 - INFO - Iteration 186/500: Phase=hybrid learning, SL ratio=0.10, EL ratio=0.90
2025-04-08 13:31:34,597 - DEBUG -   [SL->EL] 成功! 用SL最优解1840.00替换EL最差解1866.00, 改进了26.00
2025-04-08 13:31:34,600 - DEBUG -   [EL->SL] 成功添加18个EL解到SL种群
2025-04-08 13:31:34,600 - DEBUG - Updated probability model at iteration 186
2025-04-08 13:31:34,601 - INFO - Iteration 187/500: Phase=hybrid learning, SL ratio=0.10, EL ratio=0.90
2025-04-08 13:31:35,492 - DEBUG -   [SL->EL] 失败! SL最优解1842.00不如EL最差解1835.00
2025-04-08 13:31:35,495 - DEBUG -   [EL->SL] 成功添加18个EL解到SL种群
2025-04-08 13:31:35,495 - DEBUG - Updated probability model at iteration 187
2025-04-08 13:31:35,495 - INFO - Iteration 188/500: Phase=hybrid learning, SL ratio=0.10, EL ratio=0.90
2025-04-08 13:31:36,337 - DEBUG -   [SL->EL] 成功! 用SL最优解1859.00替换EL最差解1862.00, 改进了3.00
2025-04-08 13:31:36,340 - DEBUG -   [EL->SL] 成功添加18个EL解到SL种群
2025-04-08 13:31:36,341 - DEBUG - Updated probability model at iteration 188
2025-04-08 13:31:36,341 - INFO - Iteration 189/500: Phase=hybrid learning, SL ratio=0.10, EL ratio=0.90
2025-04-08 13:31:37,184 - DEBUG -   [SL->EL] 成功! 用SL最优解1821.00替换EL最差解1847.00, 改进了26.00
2025-04-08 13:31:37,187 - DEBUG -   [EL->SL] 成功添加18个EL解到SL种群
2025-04-08 13:31:37,187 - DEBUG - Updated probability model at iteration 189
2025-04-08 13:31:37,187 - INFO - Iteration 190/500: Phase=hybrid learning, SL ratio=0.10, EL ratio=0.90
2025-04-08 13:31:38,038 - INFO - In generation 190，New best makespan: 1674.00, source: el
2025-04-08 13:31:38,038 - DEBUG -   [SL->EL] 失败! SL最优解1887.00不如EL最差解1821.00
2025-04-08 13:31:38,041 - DEBUG -   [EL->SL] 成功添加18个EL解到SL种群
2025-04-08 13:31:38,041 - DEBUG - Updated probability model at iteration 190
2025-04-08 13:31:38,041 - INFO - EL has been consistently better for 5 iterations, adjusting ratios: SL=0.10, EL=0.90
2025-04-08 13:31:38,042 - INFO - Iteration 191/500: Phase=hybrid learning, SL ratio=0.10, EL ratio=0.90
2025-04-08 13:31:38,932 - INFO - In generation 191，New best makespan: 1672.00, source: el
2025-04-08 13:31:38,932 - DEBUG -   [SL->EL] 成功! 用SL最优解1880.00替换EL最差解1894.00, 改进了14.00
2025-04-08 13:31:38,935 - DEBUG -   [EL->SL] 成功添加18个EL解到SL种群
2025-04-08 13:31:38,935 - DEBUG - Updated probability model at iteration 191
2025-04-08 13:31:38,935 - INFO - Iteration 192/500: Phase=hybrid learning, SL ratio=0.10, EL ratio=0.90
2025-04-08 13:31:39,831 - INFO - In generation 192，New best makespan: 1670.00, source: el
2025-04-08 13:31:39,832 - DEBUG -   [SL->EL] 失败! SL最优解1891.00不如EL最差解1859.00
2025-04-08 13:31:39,834 - DEBUG -   [EL->SL] 成功添加18个EL解到SL种群
2025-04-08 13:31:39,835 - DEBUG - Updated probability model at iteration 192
2025-04-08 13:31:39,835 - INFO - Iteration 193/500: Phase=hybrid learning, SL ratio=0.10, EL ratio=0.90
2025-04-08 13:31:40,742 - DEBUG -   [SL->EL] 成功! 用SL最优解1777.00替换EL最差解1844.00, 改进了67.00
2025-04-08 13:31:40,745 - DEBUG -   [EL->SL] 成功添加18个EL解到SL种群
2025-04-08 13:31:40,745 - DEBUG - Updated probability model at iteration 193
2025-04-08 13:31:40,745 - INFO - Iteration 194/500: Phase=hybrid learning, SL ratio=0.10, EL ratio=0.90
2025-04-08 13:31:41,637 - INFO - In generation 194，New best makespan: 1666.00, source: el
2025-04-08 13:31:41,638 - DEBUG -   [SL->EL] 失败! SL最优解1875.00不如EL最差解1844.00
2025-04-08 13:31:41,641 - DEBUG -   [EL->SL] 成功添加18个EL解到SL种群
2025-04-08 13:31:41,641 - DEBUG - Updated probability model at iteration 194
2025-04-08 13:31:41,641 - INFO - Iteration 195/500: Phase=hybrid learning, SL ratio=0.10, EL ratio=0.90
2025-04-08 13:31:42,501 - DEBUG -   [SL->EL] 成功! 用SL最优解1855.00替换EL最差解1921.00, 改进了66.00
2025-04-08 13:31:42,504 - DEBUG -   [EL->SL] 成功添加18个EL解到SL种群
2025-04-08 13:31:42,505 - DEBUG - Updated probability model at iteration 195
2025-04-08 13:31:42,505 - INFO - EL has been consistently better for 5 iterations, adjusting ratios: SL=0.10, EL=0.90
2025-04-08 13:31:42,505 - INFO - Iteration 196/500: Phase=hybrid learning, SL ratio=0.10, EL ratio=0.90
2025-04-08 13:31:43,470 - DEBUG -   [SL->EL] 失败! SL最优解1896.00不如EL最差解1813.00
2025-04-08 13:31:43,473 - DEBUG -   [EL->SL] 成功添加18个EL解到SL种群
2025-04-08 13:31:43,473 - DEBUG - Updated probability model at iteration 196
2025-04-08 13:31:43,473 - INFO - Iteration 197/500: Phase=hybrid learning, SL ratio=0.10, EL ratio=0.90
2025-04-08 13:31:44,380 - DEBUG -   [SL->EL] 失败! SL最优解1903.00不如EL最差解1860.00
2025-04-08 13:31:44,384 - DEBUG -   [EL->SL] 成功添加18个EL解到SL种群
2025-04-08 13:31:44,384 - DEBUG - Updated probability model at iteration 197
2025-04-08 13:31:44,384 - INFO - Iteration 198/500: Phase=hybrid learning, SL ratio=0.10, EL ratio=0.90
2025-04-08 13:31:45,254 - INFO - In generation 198，New best makespan: 1664.00, source: el
2025-04-08 13:31:45,254 - DEBUG -   [SL->EL] 失败! SL最优解1873.00不如EL最差解1851.00
2025-04-08 13:31:45,257 - DEBUG -   [EL->SL] 成功添加18个EL解到SL种群
2025-04-08 13:31:45,258 - DEBUG - Updated probability model at iteration 198
2025-04-08 13:31:45,258 - INFO - Iteration 199/500: Phase=hybrid learning, SL ratio=0.10, EL ratio=0.90
2025-04-08 13:31:46,146 - DEBUG -   [SL->EL] 成功! 用SL最优解1884.00替换EL最差解1892.00, 改进了8.00
2025-04-08 13:31:46,149 - DEBUG -   [EL->SL] 成功添加18个EL解到SL种群
2025-04-08 13:31:46,149 - DEBUG - Updated probability model at iteration 199
2025-04-08 13:31:46,149 - INFO - Iteration 200/500: Phase=hybrid learning, SL ratio=0.10, EL ratio=0.90
2025-04-08 13:31:47,062 - DEBUG -   [SL->EL] 失败! SL最优解1900.00不如EL最差解1891.00
2025-04-08 13:31:47,065 - DEBUG -   [EL->SL] 成功添加18个EL解到SL种群
2025-04-08 13:31:47,065 - DEBUG - Updated probability model at iteration 200
2025-04-08 13:31:47,065 - INFO - EL has been consistently better for 5 iterations, adjusting ratios: SL=0.10, EL=0.90
2025-04-08 13:31:47,066 - INFO - Iteration 201/500: Phase=hybrid learning, SL ratio=0.10, EL ratio=0.90
2025-04-08 13:31:47,968 - INFO - In generation 201，New best makespan: 1662.00, source: el
2025-04-08 13:31:47,968 - DEBUG -   [SL->EL] 成功! 用SL最优解1760.00替换EL最差解1895.00, 改进了135.00
2025-04-08 13:31:47,972 - DEBUG -   [EL->SL] 成功添加18个EL解到SL种群
2025-04-08 13:31:47,972 - DEBUG - Updated probability model at iteration 201
2025-04-08 13:31:47,972 - INFO - Iteration 202/500: Phase=hybrid learning, SL ratio=0.10, EL ratio=0.90
2025-04-08 13:31:48,899 - DEBUG -   [SL->EL] 失败! SL最优解1869.00不如EL最差解1827.00
2025-04-08 13:31:48,901 - DEBUG -   [EL->SL] 成功添加18个EL解到SL种群
2025-04-08 13:31:48,902 - DEBUG - Updated probability model at iteration 202
2025-04-08 13:31:48,902 - INFO - Iteration 203/500: Phase=hybrid learning, SL ratio=0.10, EL ratio=0.90
2025-04-08 13:31:49,797 - INFO - In generation 203，New best makespan: 1660.00, source: el
2025-04-08 13:31:49,797 - DEBUG -   [SL->EL] 成功! 用SL最优解1821.00替换EL最差解1867.00, 改进了46.00
2025-04-08 13:31:49,800 - DEBUG -   [EL->SL] 成功添加18个EL解到SL种群
2025-04-08 13:31:49,801 - DEBUG - Updated probability model at iteration 203
2025-04-08 13:31:49,801 - INFO - Iteration 204/500: Phase=hybrid learning, SL ratio=0.10, EL ratio=0.90
2025-04-08 13:31:50,653 - DEBUG -   [SL->EL] 成功! 用SL最优解1811.00替换EL最差解1836.00, 改进了25.00
2025-04-08 13:31:50,656 - DEBUG -   [EL->SL] 成功添加18个EL解到SL种群
2025-04-08 13:31:50,656 - DEBUG - Updated probability model at iteration 204
2025-04-08 13:31:50,656 - INFO - Iteration 205/500: Phase=hybrid learning, SL ratio=0.10, EL ratio=0.90
2025-04-08 13:31:51,560 - DEBUG -   [SL->EL] 成功! 用SL最优解1871.00替换EL最差解1892.00, 改进了21.00
2025-04-08 13:31:51,563 - DEBUG -   [EL->SL] 成功添加18个EL解到SL种群
2025-04-08 13:31:51,564 - DEBUG - Updated probability model at iteration 205
2025-04-08 13:31:51,564 - INFO - EL has been consistently better for 5 iterations, adjusting ratios: SL=0.10, EL=0.90
2025-04-08 13:31:51,564 - INFO - Iteration 206/500: Phase=hybrid learning, SL ratio=0.10, EL ratio=0.90
2025-04-08 13:31:52,531 - DEBUG -   [SL->EL] 成功! 用SL最优解1835.00替换EL最差解1838.00, 改进了3.00
2025-04-08 13:31:52,533 - DEBUG -   [EL->SL] 成功添加18个EL解到SL种群
2025-04-08 13:31:52,534 - DEBUG - Updated probability model at iteration 206
2025-04-08 13:31:52,534 - INFO - Iteration 207/500: Phase=hybrid learning, SL ratio=0.10, EL ratio=0.90
2025-04-08 13:31:53,431 - DEBUG -   [SL->EL] 成功! 用SL最优解1754.00替换EL最差解1863.00, 改进了109.00
2025-04-08 13:31:53,434 - DEBUG -   [EL->SL] 成功添加18个EL解到SL种群
2025-04-08 13:31:53,434 - DEBUG - Updated probability model at iteration 207
2025-04-08 13:31:53,434 - INFO - Iteration 208/500: Phase=hybrid learning, SL ratio=0.10, EL ratio=0.90
2025-04-08 13:31:54,355 - DEBUG -   [SL->EL] 失败! SL最优解1909.00不如EL最差解1853.00
2025-04-08 13:31:54,357 - DEBUG -   [EL->SL] 成功添加18个EL解到SL种群
2025-04-08 13:31:54,358 - DEBUG - Updated probability model at iteration 208
2025-04-08 13:31:54,358 - INFO - Iteration 209/500: Phase=hybrid learning, SL ratio=0.10, EL ratio=0.90
2025-04-08 13:31:55,306 - DEBUG -   [SL->EL] 成功! 用SL最优解1831.00替换EL最差解1845.00, 改进了14.00
2025-04-08 13:31:55,309 - DEBUG -   [EL->SL] 成功添加18个EL解到SL种群
2025-04-08 13:31:55,309 - DEBUG - Updated probability model at iteration 209
2025-04-08 13:31:55,309 - INFO - Iteration 210/500: Phase=hybrid learning, SL ratio=0.10, EL ratio=0.90
2025-04-08 13:31:56,222 - INFO - In generation 210，New best makespan: 1658.00, source: el
2025-04-08 13:31:56,222 - DEBUG -   [SL->EL] 成功! 用SL最优解1904.00替换EL最差解1928.00, 改进了24.00
2025-04-08 13:31:56,225 - DEBUG -   [EL->SL] 成功添加18个EL解到SL种群
2025-04-08 13:31:56,225 - DEBUG - Updated probability model at iteration 210
2025-04-08 13:31:56,225 - INFO - EL has been consistently better for 5 iterations, adjusting ratios: SL=0.10, EL=0.90
2025-04-08 13:31:56,226 - INFO - Iteration 211/500: Phase=hybrid learning, SL ratio=0.10, EL ratio=0.90
2025-04-08 13:31:57,115 - DEBUG -   [SL->EL] 成功! 用SL最优解1867.00替换EL最差解1878.00, 改进了11.00
2025-04-08 13:31:57,118 - DEBUG -   [EL->SL] 成功添加18个EL解到SL种群
2025-04-08 13:31:57,119 - DEBUG - Updated probability model at iteration 211
2025-04-08 13:31:57,119 - INFO - Iteration 212/500: Phase=hybrid learning, SL ratio=0.10, EL ratio=0.90
2025-04-08 13:31:58,040 - DEBUG -   [SL->EL] 失败! SL最优解1884.00不如EL最差解1836.00
2025-04-08 13:31:58,043 - DEBUG -   [EL->SL] 成功添加18个EL解到SL种群
2025-04-08 13:31:58,044 - DEBUG - Updated probability model at iteration 212
2025-04-08 13:31:58,044 - INFO - Iteration 213/500: Phase=hybrid learning, SL ratio=0.10, EL ratio=0.90
2025-04-08 13:31:58,962 - INFO - In generation 213，New best makespan: 1656.00, source: el
2025-04-08 13:31:58,962 - DEBUG -   [SL->EL] 成功! 用SL最优解1862.00替换EL最差解1875.00, 改进了13.00
2025-04-08 13:31:58,964 - DEBUG -   [EL->SL] 成功添加18个EL解到SL种群
2025-04-08 13:31:58,965 - DEBUG - Updated probability model at iteration 213
2025-04-08 13:31:58,965 - INFO - Iteration 214/500: Phase=hybrid learning, SL ratio=0.10, EL ratio=0.90
2025-04-08 13:31:59,887 - DEBUG -   [SL->EL] 成功! 用SL最优解1851.00替换EL最差解1876.00, 改进了25.00
2025-04-08 13:31:59,890 - DEBUG -   [EL->SL] 成功添加18个EL解到SL种群
2025-04-08 13:31:59,891 - DEBUG - Updated probability model at iteration 214
2025-04-08 13:31:59,891 - INFO - Iteration 215/500: Phase=hybrid learning, SL ratio=0.10, EL ratio=0.90
2025-04-08 13:32:00,772 - INFO - In generation 215，New best makespan: 1654.00, source: el
2025-04-08 13:32:00,773 - DEBUG -   [SL->EL] 成功! 用SL最优解1805.00替换EL最差解1869.00, 改进了64.00
2025-04-08 13:32:00,775 - DEBUG -   [EL->SL] 成功添加18个EL解到SL种群
2025-04-08 13:32:00,775 - DEBUG - Updated probability model at iteration 215
2025-04-08 13:32:00,775 - INFO - EL has been consistently better for 5 iterations, adjusting ratios: SL=0.10, EL=0.90
2025-04-08 13:32:00,777 - INFO - Iteration 216/500: Phase=hybrid learning, SL ratio=0.10, EL ratio=0.90
2025-04-08 13:32:01,632 - DEBUG -   [SL->EL] 失败! SL最优解1849.00不如EL最差解1806.00
2025-04-08 13:32:01,634 - DEBUG -   [EL->SL] 成功添加18个EL解到SL种群
2025-04-08 13:32:01,635 - DEBUG - Updated probability model at iteration 216
2025-04-08 13:32:01,635 - INFO - Iteration 217/500: Phase=hybrid learning, SL ratio=0.10, EL ratio=0.90
2025-04-08 13:32:02,555 - DEBUG -   [SL->EL] 成功! 用SL最优解1767.00替换EL最差解1783.00, 改进了16.00
2025-04-08 13:32:02,557 - DEBUG -   [EL->SL] 成功添加18个EL解到SL种群
2025-04-08 13:32:02,557 - DEBUG - Updated probability model at iteration 217
2025-04-08 13:32:02,557 - INFO - Iteration 218/500: Phase=hybrid learning, SL ratio=0.10, EL ratio=0.90
2025-04-08 13:32:03,460 - INFO - In generation 218，New best makespan: 1652.00, source: el
2025-04-08 13:32:03,460 - DEBUG -   [SL->EL] 成功! 用SL最优解1861.00替换EL最差解1915.00, 改进了54.00
2025-04-08 13:32:03,464 - DEBUG -   [EL->SL] 成功添加18个EL解到SL种群
2025-04-08 13:32:03,464 - DEBUG - Updated probability model at iteration 218
2025-04-08 13:32:03,464 - INFO - Iteration 219/500: Phase=hybrid learning, SL ratio=0.10, EL ratio=0.90
2025-04-08 13:32:04,400 - DEBUG -   [SL->EL] 成功! 用SL最优解1838.00替换EL最差解1892.00, 改进了54.00
2025-04-08 13:32:04,403 - DEBUG -   [EL->SL] 成功添加18个EL解到SL种群
2025-04-08 13:32:04,403 - DEBUG - Updated probability model at iteration 219
2025-04-08 13:32:04,403 - INFO - Iteration 220/500: Phase=hybrid learning, SL ratio=0.10, EL ratio=0.90
2025-04-08 13:32:05,266 - DEBUG -   [SL->EL] 成功! 用SL最优解1810.00替换EL最差解1841.00, 改进了31.00
2025-04-08 13:32:05,269 - DEBUG -   [EL->SL] 成功添加18个EL解到SL种群
2025-04-08 13:32:05,270 - DEBUG - Updated probability model at iteration 220
2025-04-08 13:32:05,270 - INFO - EL has been consistently better for 5 iterations, adjusting ratios: SL=0.10, EL=0.90
2025-04-08 13:32:05,270 - INFO - Iteration 221/500: Phase=hybrid learning, SL ratio=0.10, EL ratio=0.90
2025-04-08 13:32:06,165 - DEBUG -   [SL->EL] 成功! 用SL最优解1787.00替换EL最差解1844.00, 改进了57.00
2025-04-08 13:32:06,168 - DEBUG -   [EL->SL] 成功添加18个EL解到SL种群
2025-04-08 13:32:06,168 - DEBUG - Updated probability model at iteration 221
2025-04-08 13:32:06,168 - INFO - Iteration 222/500: Phase=hybrid learning, SL ratio=0.10, EL ratio=0.90
2025-04-08 13:32:07,051 - DEBUG -   [SL->EL] 成功! 用SL最优解1838.00替换EL最差解1839.00, 改进了1.00
2025-04-08 13:32:07,054 - DEBUG -   [EL->SL] 成功添加18个EL解到SL种群
2025-04-08 13:32:07,054 - DEBUG - Updated probability model at iteration 222
2025-04-08 13:32:07,054 - INFO - Iteration 223/500: Phase=hybrid learning, SL ratio=0.10, EL ratio=0.90
2025-04-08 13:32:07,979 - DEBUG -   [SL->EL] 失败! SL最优解1883.00不如EL最差解1840.00
2025-04-08 13:32:07,982 - DEBUG -   [EL->SL] 成功添加18个EL解到SL种群
2025-04-08 13:32:07,982 - DEBUG - Updated probability model at iteration 223
2025-04-08 13:32:07,982 - INFO - Iteration 224/500: Phase=hybrid learning, SL ratio=0.10, EL ratio=0.90
2025-04-08 13:32:08,936 - DEBUG -   [SL->EL] 成功! 用SL最优解1846.00替换EL最差解1870.00, 改进了24.00
2025-04-08 13:32:08,939 - DEBUG -   [EL->SL] 成功添加18个EL解到SL种群
2025-04-08 13:32:08,939 - DEBUG - Updated probability model at iteration 224
2025-04-08 13:32:08,939 - INFO - Iteration 225/500: Phase=hybrid learning, SL ratio=0.10, EL ratio=0.90
2025-04-08 13:32:09,895 - DEBUG -   [SL->EL] 成功! 用SL最优解1847.00替换EL最差解1895.00, 改进了48.00
2025-04-08 13:32:09,897 - DEBUG -   [EL->SL] 成功添加18个EL解到SL种群
2025-04-08 13:32:09,897 - DEBUG - Updated probability model at iteration 225
2025-04-08 13:32:09,897 - INFO - EL has been consistently better for 5 iterations, adjusting ratios: SL=0.10, EL=0.90
2025-04-08 13:32:09,897 - INFO - Iteration 226/500: Phase=hybrid learning, SL ratio=0.10, EL ratio=0.90
2025-04-08 13:32:10,826 - DEBUG -   [SL->EL] 成功! 用SL最优解1845.00替换EL最差解1871.00, 改进了26.00
2025-04-08 13:32:10,829 - DEBUG -   [EL->SL] 成功添加18个EL解到SL种群
2025-04-08 13:32:10,829 - DEBUG - Updated probability model at iteration 226
2025-04-08 13:32:10,829 - INFO - Iteration 227/500: Phase=hybrid learning, SL ratio=0.10, EL ratio=0.90
2025-04-08 13:32:11,756 - DEBUG -   [SL->EL] 成功! 用SL最优解1810.00替换EL最差解1835.00, 改进了25.00
2025-04-08 13:32:11,758 - DEBUG -   [EL->SL] 成功添加18个EL解到SL种群
2025-04-08 13:32:11,759 - DEBUG - Updated probability model at iteration 227
2025-04-08 13:32:11,759 - INFO - Iteration 228/500: Phase=hybrid learning, SL ratio=0.10, EL ratio=0.90
2025-04-08 13:32:12,612 - DEBUG -   [SL->EL] 失败! SL最优解1853.00不如EL最差解1806.00
2025-04-08 13:32:12,615 - DEBUG -   [EL->SL] 成功添加18个EL解到SL种群
2025-04-08 13:32:12,615 - DEBUG - Updated probability model at iteration 228
2025-04-08 13:32:12,615 - INFO - Iteration 229/500: Phase=hybrid learning, SL ratio=0.10, EL ratio=0.90
2025-04-08 13:32:13,497 - DEBUG -   [SL->EL] 成功! 用SL最优解1869.00替换EL最差解1874.00, 改进了5.00
2025-04-08 13:32:13,499 - DEBUG -   [EL->SL] 成功添加18个EL解到SL种群
2025-04-08 13:32:13,500 - DEBUG - Updated probability model at iteration 229
2025-04-08 13:32:13,500 - INFO - Iteration 230/500: Phase=hybrid learning, SL ratio=0.10, EL ratio=0.90
2025-04-08 13:32:14,421 - DEBUG -   [SL->EL] 成功! 用SL最优解1778.00替换EL最差解1859.00, 改进了81.00
2025-04-08 13:32:14,422 - DEBUG -   [EL->SL] 成功添加18个EL解到SL种群
2025-04-08 13:32:14,424 - DEBUG - Updated probability model at iteration 230
2025-04-08 13:32:14,424 - INFO - EL has been consistently better for 5 iterations, adjusting ratios: SL=0.10, EL=0.90
2025-04-08 13:32:14,424 - INFO - Iteration 231/500: Phase=hybrid learning, SL ratio=0.10, EL ratio=0.90
2025-04-08 13:32:15,326 - INFO - In generation 231，New best makespan: 1646.00, source: el
2025-04-08 13:32:15,328 - DEBUG -   [SL->EL] 失败! SL最优解1878.00不如EL最差解1855.00
2025-04-08 13:32:15,331 - DEBUG -   [EL->SL] 成功添加18个EL解到SL种群
2025-04-08 13:32:15,331 - DEBUG - Updated probability model at iteration 231
2025-04-08 13:32:15,331 - INFO - Iteration 232/500: Phase=hybrid learning, SL ratio=0.10, EL ratio=0.90
2025-04-08 13:32:16,235 - DEBUG -   [SL->EL] 失败! SL最优解1861.00不如EL最差解1855.00
2025-04-08 13:32:16,237 - DEBUG -   [EL->SL] 成功添加18个EL解到SL种群
2025-04-08 13:32:16,237 - DEBUG - Updated probability model at iteration 232
2025-04-08 13:32:16,237 - INFO - Iteration 233/500: Phase=hybrid learning, SL ratio=0.10, EL ratio=0.90
2025-04-08 13:32:17,116 - DEBUG -   [SL->EL] 失败! SL最优解1854.00不如EL最差解1828.00
2025-04-08 13:32:17,118 - DEBUG -   [EL->SL] 成功添加18个EL解到SL种群
2025-04-08 13:32:17,119 - DEBUG - Updated probability model at iteration 233
2025-04-08 13:32:17,119 - INFO - Iteration 234/500: Phase=hybrid learning, SL ratio=0.10, EL ratio=0.90
2025-04-08 13:32:17,971 - DEBUG -   [SL->EL] 失败! SL最优解1866.00不如EL最差解1835.00
2025-04-08 13:32:17,974 - DEBUG -   [EL->SL] 成功添加18个EL解到SL种群
2025-04-08 13:32:17,975 - DEBUG - Updated probability model at iteration 234
2025-04-08 13:32:17,975 - INFO - Iteration 235/500: Phase=hybrid learning, SL ratio=0.10, EL ratio=0.90
2025-04-08 13:32:18,880 - DEBUG -   [SL->EL] 成功! 用SL最优解1808.00替换EL最差解1829.00, 改进了21.00
2025-04-08 13:32:18,883 - DEBUG -   [EL->SL] 成功添加18个EL解到SL种群
2025-04-08 13:32:18,883 - DEBUG - Updated probability model at iteration 235
2025-04-08 13:32:18,883 - INFO - EL has been consistently better for 5 iterations, adjusting ratios: SL=0.10, EL=0.90
2025-04-08 13:32:18,883 - INFO - Iteration 236/500: Phase=hybrid learning, SL ratio=0.10, EL ratio=0.90
2025-04-08 13:32:19,768 - INFO - In generation 236，New best makespan: 1644.00, source: el
2025-04-08 13:32:19,768 - DEBUG -   [SL->EL] 成功! 用SL最优解1770.00替换EL最差解1854.00, 改进了84.00
2025-04-08 13:32:19,770 - DEBUG -   [EL->SL] 成功添加18个EL解到SL种群
2025-04-08 13:32:19,772 - DEBUG - Updated probability model at iteration 236
2025-04-08 13:32:19,772 - INFO - Iteration 237/500: Phase=hybrid learning, SL ratio=0.10, EL ratio=0.90
2025-04-08 13:32:20,658 - DEBUG -   [SL->EL] 成功! 用SL最优解1820.00替换EL最差解1825.00, 改进了5.00
2025-04-08 13:32:20,662 - DEBUG -   [EL->SL] 成功添加18个EL解到SL种群
2025-04-08 13:32:20,662 - DEBUG - Updated probability model at iteration 237
2025-04-08 13:32:20,662 - INFO - Iteration 238/500: Phase=hybrid learning, SL ratio=0.10, EL ratio=0.90
2025-04-08 13:32:21,565 - DEBUG -   [SL->EL] 成功! 用SL最优解1774.00替换EL最差解1837.00, 改进了63.00
2025-04-08 13:32:21,568 - DEBUG -   [EL->SL] 成功添加18个EL解到SL种群
2025-04-08 13:32:21,568 - DEBUG - Updated probability model at iteration 238
2025-04-08 13:32:21,569 - INFO - Iteration 239/500: Phase=hybrid learning, SL ratio=0.10, EL ratio=0.90
2025-04-08 13:32:22,490 - DEBUG -   [SL->EL] 成功! 用SL最优解1834.00替换EL最差解1869.00, 改进了35.00
2025-04-08 13:32:22,492 - DEBUG -   [EL->SL] 成功添加18个EL解到SL种群
2025-04-08 13:32:22,493 - DEBUG - Updated probability model at iteration 239
2025-04-08 13:32:22,493 - INFO - Iteration 240/500: Phase=hybrid learning, SL ratio=0.10, EL ratio=0.90
2025-04-08 13:32:23,364 - INFO - In generation 240，New best makespan: 1640.00, source: el
2025-04-08 13:32:23,364 - DEBUG -   [SL->EL] 成功! 用SL最优解1844.00替换EL最差解1867.00, 改进了23.00
2025-04-08 13:32:23,368 - DEBUG -   [EL->SL] 成功添加18个EL解到SL种群
2025-04-08 13:32:23,368 - DEBUG - Updated probability model at iteration 240
2025-04-08 13:32:23,368 - INFO - EL has been consistently better for 5 iterations, adjusting ratios: SL=0.10, EL=0.90
2025-04-08 13:32:23,368 - INFO - Iteration 241/500: Phase=hybrid learning, SL ratio=0.10, EL ratio=0.90
2025-04-08 13:32:24,312 - DEBUG -   [SL->EL] 成功! 用SL最优解1796.00替换EL最差解1857.00, 改进了61.00
2025-04-08 13:32:24,315 - DEBUG -   [EL->SL] 成功添加18个EL解到SL种群
2025-04-08 13:32:24,315 - DEBUG - Updated probability model at iteration 241
2025-04-08 13:32:24,315 - INFO - Iteration 242/500: Phase=hybrid learning, SL ratio=0.10, EL ratio=0.90
2025-04-08 13:32:25,231 - DEBUG -   [SL->EL] 失败! SL最优解1881.00不如EL最差解1798.00
2025-04-08 13:32:25,234 - DEBUG -   [EL->SL] 成功添加18个EL解到SL种群
2025-04-08 13:32:25,235 - DEBUG - Updated probability model at iteration 242
2025-04-08 13:32:25,235 - INFO - Iteration 243/500: Phase=hybrid learning, SL ratio=0.10, EL ratio=0.90
2025-04-08 13:32:26,127 - DEBUG -   [SL->EL] 失败! SL最优解1888.00不如EL最差解1818.00
2025-04-08 13:32:26,131 - DEBUG -   [EL->SL] 成功添加18个EL解到SL种群
2025-04-08 13:32:26,132 - DEBUG - Updated probability model at iteration 243
2025-04-08 13:32:26,132 - INFO - Iteration 244/500: Phase=hybrid learning, SL ratio=0.10, EL ratio=0.90
2025-04-08 13:32:27,003 - INFO - In generation 244，New best makespan: 1636.00, source: el
2025-04-08 13:32:27,004 - DEBUG -   [SL->EL] 成功! 用SL最优解1856.00替换EL最差解1862.00, 改进了6.00
2025-04-08 13:32:27,006 - DEBUG -   [EL->SL] 成功添加18个EL解到SL种群
2025-04-08 13:32:27,007 - DEBUG - Updated probability model at iteration 244
2025-04-08 13:32:27,007 - INFO - Iteration 245/500: Phase=hybrid learning, SL ratio=0.10, EL ratio=0.90
2025-04-08 13:32:27,891 - DEBUG -   [SL->EL] 成功! 用SL最优解1795.00替换EL最差解1825.00, 改进了30.00
2025-04-08 13:32:27,894 - DEBUG -   [EL->SL] 成功添加18个EL解到SL种群
2025-04-08 13:32:27,894 - DEBUG - Updated probability model at iteration 245
2025-04-08 13:32:27,894 - INFO - EL has been consistently better for 5 iterations, adjusting ratios: SL=0.10, EL=0.90
2025-04-08 13:32:27,895 - INFO - Iteration 246/500: Phase=hybrid learning, SL ratio=0.10, EL ratio=0.90
2025-04-08 13:32:28,751 - DEBUG -   [SL->EL] 失败! SL最优解1869.00不如EL最差解1852.00
2025-04-08 13:32:28,754 - DEBUG -   [EL->SL] 成功添加18个EL解到SL种群
2025-04-08 13:32:28,754 - DEBUG - Updated probability model at iteration 246
2025-04-08 13:32:28,754 - INFO - Iteration 247/500: Phase=hybrid learning, SL ratio=0.10, EL ratio=0.90
2025-04-08 13:32:29,597 - DEBUG -   [SL->EL] 失败! SL最优解1848.00不如EL最差解1832.00
2025-04-08 13:32:29,600 - DEBUG -   [EL->SL] 成功添加18个EL解到SL种群
2025-04-08 13:32:29,600 - DEBUG - Updated probability model at iteration 247
2025-04-08 13:32:29,600 - INFO - Iteration 248/500: Phase=hybrid learning, SL ratio=0.10, EL ratio=0.90
2025-04-08 13:32:30,446 - DEBUG -   [SL->EL] 成功! 用SL最优解1780.00替换EL最差解1807.00, 改进了27.00
2025-04-08 13:32:30,449 - DEBUG -   [EL->SL] 成功添加18个EL解到SL种群
2025-04-08 13:32:30,449 - DEBUG - Updated probability model at iteration 248
2025-04-08 13:32:30,449 - INFO - Iteration 249/500: Phase=hybrid learning, SL ratio=0.10, EL ratio=0.90
2025-04-08 13:32:31,326 - DEBUG -   [SL->EL] 失败! SL最优解1840.00不如EL最差解1829.00
2025-04-08 13:32:31,329 - DEBUG -   [EL->SL] 成功添加18个EL解到SL种群
2025-04-08 13:32:31,330 - DEBUG - Updated probability model at iteration 249
2025-04-08 13:32:31,330 - INFO - Iteration 250/500: Phase=hybrid learning, SL ratio=0.10, EL ratio=0.90
2025-04-08 13:32:32,180 - DEBUG -   [SL->EL] 失败! SL最优解1890.00不如EL最差解1828.00
2025-04-08 13:32:32,182 - DEBUG -   [EL->SL] 成功添加18个EL解到SL种群
2025-04-08 13:32:32,183 - DEBUG - Updated probability model at iteration 250
2025-04-08 13:32:32,183 - INFO - EL has been consistently better for 5 iterations, adjusting ratios: SL=0.10, EL=0.90
2025-04-08 13:32:32,183 - INFO - Iteration 251/500: Phase=hybrid learning, SL ratio=0.10, EL ratio=0.90
2025-04-08 13:32:33,052 - DEBUG -   [SL->EL] 失败! SL最优解1819.00不如EL最差解1787.00
2025-04-08 13:32:33,054 - DEBUG -   [EL->SL] 成功添加18个EL解到SL种群
2025-04-08 13:32:33,056 - DEBUG - Updated probability model at iteration 251
2025-04-08 13:32:33,056 - INFO - Iteration 252/500: Phase=hybrid learning, SL ratio=0.10, EL ratio=0.90
2025-04-08 13:32:33,975 - DEBUG -   [SL->EL] 失败! SL最优解1891.00不如EL最差解1822.00
2025-04-08 13:32:33,978 - DEBUG -   [EL->SL] 成功添加18个EL解到SL种群
2025-04-08 13:32:33,979 - DEBUG - Updated probability model at iteration 252
2025-04-08 13:32:33,979 - INFO - Iteration 253/500: Phase=hybrid learning, SL ratio=0.10, EL ratio=0.90
2025-04-08 13:32:34,854 - DEBUG -   [SL->EL] 成功! 用SL最优解1853.00替换EL最差解1878.00, 改进了25.00
2025-04-08 13:32:34,856 - DEBUG -   [EL->SL] 成功添加18个EL解到SL种群
2025-04-08 13:32:34,857 - DEBUG - Updated probability model at iteration 253
2025-04-08 13:32:34,857 - INFO - Iteration 254/500: Phase=hybrid learning, SL ratio=0.10, EL ratio=0.90
2025-04-08 13:32:35,733 - DEBUG -   [SL->EL] 失败! SL最优解1852.00不如EL最差解1812.00
2025-04-08 13:32:35,736 - DEBUG -   [EL->SL] 成功添加18个EL解到SL种群
2025-04-08 13:32:35,737 - DEBUG - Updated probability model at iteration 254
2025-04-08 13:32:35,737 - INFO - Iteration 255/500: Phase=hybrid learning, SL ratio=0.10, EL ratio=0.90
2025-04-08 13:32:36,612 - DEBUG -   [SL->EL] 成功! 用SL最优解1833.00替换EL最差解1873.00, 改进了40.00
2025-04-08 13:32:36,614 - DEBUG -   [EL->SL] 成功添加18个EL解到SL种群
2025-04-08 13:32:36,615 - DEBUG - Updated probability model at iteration 255
2025-04-08 13:32:36,615 - INFO - EL has been consistently better for 5 iterations, adjusting ratios: SL=0.10, EL=0.90
2025-04-08 13:32:36,615 - INFO - Iteration 256/500: Phase=hybrid learning, SL ratio=0.10, EL ratio=0.90
2025-04-08 13:32:37,482 - DEBUG -   [SL->EL] 成功! 用SL最优解1833.00替换EL最差解1859.00, 改进了26.00
2025-04-08 13:32:37,485 - DEBUG -   [EL->SL] 成功添加18个EL解到SL种群
2025-04-08 13:32:37,485 - DEBUG - Updated probability model at iteration 256
2025-04-08 13:32:37,485 - INFO - Iteration 257/500: Phase=hybrid learning, SL ratio=0.10, EL ratio=0.90
2025-04-08 13:32:38,374 - DEBUG -   [SL->EL] 成功! 用SL最优解1827.00替换EL最差解1890.00, 改进了63.00
2025-04-08 13:32:38,377 - DEBUG -   [EL->SL] 成功添加18个EL解到SL种群
2025-04-08 13:32:38,378 - DEBUG - Updated probability model at iteration 257
2025-04-08 13:32:38,378 - INFO - Iteration 258/500: Phase=hybrid learning, SL ratio=0.10, EL ratio=0.90
2025-04-08 13:32:39,260 - DEBUG -   [SL->EL] 失败! SL最优解1855.00不如EL最差解1792.00
2025-04-08 13:32:39,263 - DEBUG -   [EL->SL] 成功添加18个EL解到SL种群
2025-04-08 13:32:39,264 - DEBUG - Updated probability model at iteration 258
2025-04-08 13:32:39,264 - INFO - Iteration 259/500: Phase=hybrid learning, SL ratio=0.10, EL ratio=0.90
2025-04-08 13:32:40,160 - DEBUG -   [SL->EL] 失败! SL最优解1874.00不如EL最差解1810.00
2025-04-08 13:32:40,162 - DEBUG -   [EL->SL] 成功添加18个EL解到SL种群
2025-04-08 13:32:40,162 - DEBUG - Updated probability model at iteration 259
2025-04-08 13:32:40,162 - INFO - Iteration 260/500: Phase=hybrid learning, SL ratio=0.10, EL ratio=0.90
2025-04-08 13:32:41,042 - DEBUG -   [SL->EL] 成功! 用SL最优解1840.00替换EL最差解1844.00, 改进了4.00
2025-04-08 13:32:41,045 - DEBUG -   [EL->SL] 成功添加18个EL解到SL种群
2025-04-08 13:32:41,045 - DEBUG - Updated probability model at iteration 260
2025-04-08 13:32:41,045 - INFO - EL has been consistently better for 5 iterations, adjusting ratios: SL=0.10, EL=0.90
2025-04-08 13:32:41,045 - INFO - Iteration 261/500: Phase=hybrid learning, SL ratio=0.10, EL ratio=0.90
2025-04-08 13:32:41,926 - DEBUG -   [SL->EL] 成功! 用SL最优解1770.00替换EL最差解1840.00, 改进了70.00
2025-04-08 13:32:41,930 - DEBUG -   [EL->SL] 成功添加18个EL解到SL种群
2025-04-08 13:32:41,931 - DEBUG - Updated probability model at iteration 261
2025-04-08 13:32:41,931 - INFO - Iteration 262/500: Phase=hybrid learning, SL ratio=0.10, EL ratio=0.90
2025-04-08 13:32:42,809 - DEBUG -   [SL->EL] 成功! 用SL最优解1815.00替换EL最差解1878.00, 改进了63.00
2025-04-08 13:32:42,812 - DEBUG -   [EL->SL] 成功添加18个EL解到SL种群
2025-04-08 13:32:42,812 - DEBUG - Updated probability model at iteration 262
2025-04-08 13:32:42,812 - INFO - Iteration 263/500: Phase=hybrid learning, SL ratio=0.10, EL ratio=0.90
2025-04-08 13:32:43,731 - DEBUG -   [SL->EL] 失败! SL最优解1901.00不如EL最差解1835.00
2025-04-08 13:32:43,734 - DEBUG -   [EL->SL] 成功添加18个EL解到SL种群
2025-04-08 13:32:43,734 - DEBUG - Updated probability model at iteration 263
2025-04-08 13:32:43,734 - INFO - Iteration 264/500: Phase=hybrid learning, SL ratio=0.10, EL ratio=0.90
2025-04-08 13:32:44,632 - DEBUG -   [SL->EL] 成功! 用SL最优解1869.00替换EL最差解1884.00, 改进了15.00
2025-04-08 13:32:44,635 - DEBUG -   [EL->SL] 成功添加18个EL解到SL种群
2025-04-08 13:32:44,635 - DEBUG - Updated probability model at iteration 264
2025-04-08 13:32:44,636 - INFO - Iteration 265/500: Phase=hybrid learning, SL ratio=0.10, EL ratio=0.90
2025-04-08 13:32:45,491 - DEBUG -   [SL->EL] 失败! SL最优解1892.00不如EL最差解1845.00
2025-04-08 13:32:45,494 - DEBUG -   [EL->SL] 成功添加18个EL解到SL种群
2025-04-08 13:32:45,494 - DEBUG - Updated probability model at iteration 265
2025-04-08 13:32:45,494 - INFO - Iteration 266/500: Phase=hybrid learning, SL ratio=0.10, EL ratio=0.90
2025-04-08 13:32:46,353 - DEBUG -   [SL->EL] 成功! 用SL最优解1749.00替换EL最差解1854.00, 改进了105.00
2025-04-08 13:32:46,356 - DEBUG -   [EL->SL] 成功添加18个EL解到SL种群
2025-04-08 13:32:46,356 - DEBUG - Updated probability model at iteration 266
2025-04-08 13:32:46,356 - INFO - Iteration 267/500: Phase=hybrid learning, SL ratio=0.10, EL ratio=0.90
2025-04-08 13:32:47,246 - DEBUG -   [SL->EL] 成功! 用SL最优解1812.00替换EL最差解1856.00, 改进了44.00
2025-04-08 13:32:47,249 - DEBUG -   [EL->SL] 成功添加18个EL解到SL种群
2025-04-08 13:32:47,249 - DEBUG - Updated probability model at iteration 267
2025-04-08 13:32:47,249 - INFO - Iteration 268/500: Phase=hybrid learning, SL ratio=0.10, EL ratio=0.90
2025-04-08 13:32:48,158 - DEBUG -   [SL->EL] 成功! 用SL最优解1830.00替换EL最差解1897.00, 改进了67.00
2025-04-08 13:32:48,160 - DEBUG -   [EL->SL] 成功添加18个EL解到SL种群
2025-04-08 13:32:48,161 - DEBUG - Updated probability model at iteration 268
2025-04-08 13:32:48,161 - INFO - Iteration 269/500: Phase=hybrid learning, SL ratio=0.10, EL ratio=0.90
2025-04-08 13:32:49,068 - DEBUG -   [SL->EL] 成功! 用SL最优解1852.00替换EL最差解1885.00, 改进了33.00
2025-04-08 13:32:49,070 - DEBUG -   [EL->SL] 成功添加18个EL解到SL种群
2025-04-08 13:32:49,070 - DEBUG - Updated probability model at iteration 269
2025-04-08 13:32:49,070 - INFO - Iteration 270/500: Phase=hybrid learning, SL ratio=0.10, EL ratio=0.90
2025-04-08 13:32:50,010 - DEBUG -   [SL->EL] 失败! SL最优解1834.00不如EL最差解1827.00
2025-04-08 13:32:50,012 - DEBUG -   [EL->SL] 成功添加18个EL解到SL种群
2025-04-08 13:32:50,012 - DEBUG - Updated probability model at iteration 270
2025-04-08 13:32:50,012 - INFO - Iteration 271/500: Phase=hybrid learning, SL ratio=0.10, EL ratio=0.90
2025-04-08 13:32:50,839 - DEBUG -   [SL->EL] 失败! SL最优解1827.00不如EL最差解1804.00
2025-04-08 13:32:50,841 - DEBUG -   [EL->SL] 成功添加18个EL解到SL种群
2025-04-08 13:32:50,842 - DEBUG - Updated probability model at iteration 271
2025-04-08 13:32:50,842 - INFO - Iteration 272/500: Phase=hybrid learning, SL ratio=0.10, EL ratio=0.90
2025-04-08 13:32:51,662 - DEBUG -   [SL->EL] 失败! SL最优解1863.00不如EL最差解1830.00
2025-04-08 13:32:51,665 - DEBUG -   [EL->SL] 成功添加18个EL解到SL种群
2025-04-08 13:32:51,666 - DEBUG - Updated probability model at iteration 272
2025-04-08 13:32:51,666 - INFO - Iteration 273/500: Phase=hybrid learning, SL ratio=0.10, EL ratio=0.90
2025-04-08 13:32:52,562 - DEBUG -   [SL->EL] 失败! SL最优解1814.00不如EL最差解1808.00
2025-04-08 13:32:52,565 - DEBUG -   [EL->SL] 成功添加18个EL解到SL种群
2025-04-08 13:32:52,566 - DEBUG - Updated probability model at iteration 273
2025-04-08 13:32:52,566 - INFO - Iteration 274/500: Phase=hybrid learning, SL ratio=0.10, EL ratio=0.90
2025-04-08 13:32:53,469 - DEBUG -   [SL->EL] 失败! SL最优解1865.00不如EL最差解1842.00
2025-04-08 13:32:53,470 - DEBUG -   [EL->SL] 成功添加18个EL解到SL种群
2025-04-08 13:32:53,472 - DEBUG - Updated probability model at iteration 274
2025-04-08 13:32:53,472 - INFO - Iteration 275/500: Phase=hybrid learning, SL ratio=0.10, EL ratio=0.90
2025-04-08 13:32:54,364 - DEBUG -   [SL->EL] 成功! 用SL最优解1804.00替换EL最差解1887.00, 改进了83.00
2025-04-08 13:32:54,367 - DEBUG -   [EL->SL] 成功添加18个EL解到SL种群
2025-04-08 13:32:54,368 - DEBUG - Updated probability model at iteration 275
2025-04-08 13:32:54,368 - INFO - Iteration 276/500: Phase=hybrid learning, SL ratio=0.10, EL ratio=0.90
2025-04-08 13:32:55,263 - DEBUG -   [SL->EL] 失败! SL最优解1923.00不如EL最差解1802.00
2025-04-08 13:32:55,266 - DEBUG -   [EL->SL] 成功添加18个EL解到SL种群
2025-04-08 13:32:55,266 - DEBUG - Updated probability model at iteration 276
2025-04-08 13:32:55,266 - INFO - Iteration 277/500: Phase=hybrid learning, SL ratio=0.10, EL ratio=0.90
2025-04-08 13:32:56,164 - DEBUG -   [SL->EL] 失败! SL最优解1847.00不如EL最差解1830.00
2025-04-08 13:32:56,166 - DEBUG -   [EL->SL] 成功添加18个EL解到SL种群
2025-04-08 13:32:56,168 - DEBUG - Updated probability model at iteration 277
2025-04-08 13:32:56,168 - INFO - Iteration 278/500: Phase=hybrid learning, SL ratio=0.10, EL ratio=0.90
2025-04-08 13:32:57,053 - DEBUG -   [SL->EL] 成功! 用SL最优解1764.00替换EL最差解1836.00, 改进了72.00
2025-04-08 13:32:57,055 - DEBUG -   [EL->SL] 成功添加18个EL解到SL种群
2025-04-08 13:32:57,055 - DEBUG - Updated probability model at iteration 278
2025-04-08 13:32:57,055 - INFO - Iteration 279/500: Phase=hybrid learning, SL ratio=0.10, EL ratio=0.90
2025-04-08 13:32:58,023 - DEBUG -   [SL->EL] 成功! 用SL最优解1787.00替换EL最差解1807.00, 改进了20.00
2025-04-08 13:32:58,026 - DEBUG -   [EL->SL] 成功添加18个EL解到SL种群
2025-04-08 13:32:58,026 - DEBUG - Updated probability model at iteration 279
2025-04-08 13:32:58,026 - INFO - Iteration 280/500: Phase=hybrid learning, SL ratio=0.10, EL ratio=0.90
2025-04-08 13:32:58,941 - DEBUG -   [SL->EL] 失败! SL最优解1832.00不如EL最差解1829.00
2025-04-08 13:32:58,944 - DEBUG -   [EL->SL] 成功添加18个EL解到SL种群
2025-04-08 13:32:58,944 - DEBUG - Updated probability model at iteration 280
2025-04-08 13:32:58,944 - INFO - Iteration 281/500: Phase=hybrid learning, SL ratio=0.10, EL ratio=0.90
2025-04-08 13:32:59,854 - DEBUG -   [SL->EL] 失败! SL最优解1833.00不如EL最差解1796.00
2025-04-08 13:32:59,857 - DEBUG -   [EL->SL] 成功添加18个EL解到SL种群
2025-04-08 13:32:59,857 - DEBUG - Updated probability model at iteration 281
2025-04-08 13:32:59,857 - INFO - Iteration 282/500: Phase=hybrid learning, SL ratio=0.10, EL ratio=0.90
2025-04-08 13:33:00,761 - DEBUG -   [SL->EL] 失败! SL最优解1890.00不如EL最差解1805.00
2025-04-08 13:33:00,764 - DEBUG -   [EL->SL] 成功添加18个EL解到SL种群
2025-04-08 13:33:00,764 - DEBUG - Updated probability model at iteration 282
2025-04-08 13:33:00,764 - INFO - Iteration 283/500: Phase=hybrid learning, SL ratio=0.10, EL ratio=0.90
2025-04-08 13:33:01,614 - DEBUG -   [SL->EL] 成功! 用SL最优解1852.00替换EL最差解1987.00, 改进了135.00
2025-04-08 13:33:01,618 - DEBUG -   [EL->SL] 成功添加18个EL解到SL种群
2025-04-08 13:33:01,618 - DEBUG - Updated probability model at iteration 283
2025-04-08 13:33:01,618 - INFO - Iteration 284/500: Phase=hybrid learning, SL ratio=0.10, EL ratio=0.90
2025-04-08 13:33:02,541 - DEBUG -   [SL->EL] 失败! SL最优解1837.00不如EL最差解1805.00
2025-04-08 13:33:02,544 - DEBUG -   [EL->SL] 成功添加18个EL解到SL种群
2025-04-08 13:33:02,544 - DEBUG - Updated probability model at iteration 284
2025-04-08 13:33:02,544 - INFO - Iteration 285/500: Phase=hybrid learning, SL ratio=0.10, EL ratio=0.90
2025-04-08 13:33:03,464 - DEBUG -   [SL->EL] 失败! SL最优解1823.00不如EL最差解1786.00
2025-04-08 13:33:03,467 - DEBUG -   [EL->SL] 成功添加18个EL解到SL种群
2025-04-08 13:33:03,467 - DEBUG - Updated probability model at iteration 285
2025-04-08 13:33:03,468 - INFO - Iteration 286/500: Phase=hybrid learning, SL ratio=0.10, EL ratio=0.90
2025-04-08 13:33:04,350 - DEBUG -   [SL->EL] 失败! SL最优解1881.00不如EL最差解1837.00
2025-04-08 13:33:04,353 - DEBUG -   [EL->SL] 成功添加18个EL解到SL种群
2025-04-08 13:33:04,353 - DEBUG - Updated probability model at iteration 286
2025-04-08 13:33:04,353 - INFO - Iteration 287/500: Phase=hybrid learning, SL ratio=0.10, EL ratio=0.90
2025-04-08 13:33:05,224 - DEBUG -   [SL->EL] 成功! 用SL最优解1777.00替换EL最差解1845.00, 改进了68.00
2025-04-08 13:33:05,226 - DEBUG -   [EL->SL] 成功添加18个EL解到SL种群
2025-04-08 13:33:05,226 - DEBUG - Updated probability model at iteration 287
2025-04-08 13:33:05,226 - INFO - Iteration 288/500: Phase=hybrid learning, SL ratio=0.10, EL ratio=0.90
2025-04-08 13:33:06,133 - DEBUG -   [SL->EL] 成功! 用SL最优解1803.00替换EL最差解1816.00, 改进了13.00
2025-04-08 13:33:06,136 - DEBUG -   [EL->SL] 成功添加18个EL解到SL种群
2025-04-08 13:33:06,136 - DEBUG - Updated probability model at iteration 288
2025-04-08 13:33:06,136 - INFO - Iteration 289/500: Phase=hybrid learning, SL ratio=0.10, EL ratio=0.90
2025-04-08 13:33:07,042 - DEBUG -   [SL->EL] 失败! SL最优解1842.00不如EL最差解1813.00
2025-04-08 13:33:07,045 - DEBUG -   [EL->SL] 成功添加18个EL解到SL种群
2025-04-08 13:33:07,046 - DEBUG - Updated probability model at iteration 289
2025-04-08 13:33:07,046 - INFO - Iteration 290/500: Phase=hybrid learning, SL ratio=0.10, EL ratio=0.90
2025-04-08 13:33:07,926 - DEBUG -   [SL->EL] 失败! SL最优解1879.00不如EL最差解1859.00
2025-04-08 13:33:07,931 - DEBUG -   [EL->SL] 成功添加18个EL解到SL种群
2025-04-08 13:33:07,931 - DEBUG - Updated probability model at iteration 290
2025-04-08 13:33:07,931 - INFO - Iteration 291/500: Phase=hybrid learning, SL ratio=0.10, EL ratio=0.90
2025-04-08 13:33:08,834 - DEBUG -   [SL->EL] 失败! SL最优解1832.00不如EL最差解1806.00
2025-04-08 13:33:08,837 - DEBUG -   [EL->SL] 成功添加18个EL解到SL种群
2025-04-08 13:33:08,837 - DEBUG - Updated probability model at iteration 291
2025-04-08 13:33:08,837 - INFO - Iteration 292/500: Phase=hybrid learning, SL ratio=0.10, EL ratio=0.90
2025-04-08 13:33:09,702 - DEBUG -   [SL->EL] 成功! 用SL最优解1826.00替换EL最差解1828.00, 改进了2.00
2025-04-08 13:33:09,704 - DEBUG -   [EL->SL] 成功添加18个EL解到SL种群
2025-04-08 13:33:09,705 - DEBUG - Updated probability model at iteration 292
2025-04-08 13:33:09,705 - INFO - Iteration 293/500: Phase=hybrid learning, SL ratio=0.10, EL ratio=0.90
2025-04-08 13:33:10,597 - DEBUG -   [SL->EL] 成功! 用SL最优解1780.00替换EL最差解1880.00, 改进了100.00
2025-04-08 13:33:10,600 - DEBUG -   [EL->SL] 成功添加18个EL解到SL种群
2025-04-08 13:33:10,600 - DEBUG - Updated probability model at iteration 293
2025-04-08 13:33:10,600 - INFO - Iteration 294/500: Phase=hybrid learning, SL ratio=0.10, EL ratio=0.90
2025-04-08 13:33:11,480 - DEBUG -   [SL->EL] 成功! 用SL最优解1857.00替换EL最差解1887.00, 改进了30.00
2025-04-08 13:33:11,483 - DEBUG -   [EL->SL] 成功添加18个EL解到SL种群
2025-04-08 13:33:11,483 - DEBUG - Updated probability model at iteration 294
2025-04-08 13:33:11,483 - INFO - Iteration 295/500: Phase=hybrid learning, SL ratio=0.10, EL ratio=0.90
2025-04-08 13:33:12,337 - DEBUG -   [SL->EL] 失败! SL最优解1866.00不如EL最差解1812.00
2025-04-08 13:33:12,339 - DEBUG -   [EL->SL] 成功添加18个EL解到SL种群
2025-04-08 13:33:12,340 - DEBUG - Updated probability model at iteration 295
2025-04-08 13:33:12,340 - INFO - Iteration 296/500: Phase=hybrid learning, SL ratio=0.10, EL ratio=0.90
2025-04-08 13:33:13,251 - DEBUG -   [SL->EL] 失败! SL最优解1852.00不如EL最差解1814.00
2025-04-08 13:33:13,253 - DEBUG -   [EL->SL] 成功添加18个EL解到SL种群
2025-04-08 13:33:13,254 - DEBUG - Updated probability model at iteration 296
2025-04-08 13:33:13,254 - INFO - Iteration 297/500: Phase=hybrid learning, SL ratio=0.10, EL ratio=0.90
2025-04-08 13:33:14,162 - DEBUG -   [SL->EL] 成功! 用SL最优解1796.00替换EL最差解1826.00, 改进了30.00
2025-04-08 13:33:14,166 - DEBUG -   [EL->SL] 成功添加18个EL解到SL种群
2025-04-08 13:33:14,166 - DEBUG - Updated probability model at iteration 297
2025-04-08 13:33:14,166 - INFO - Iteration 298/500: Phase=hybrid learning, SL ratio=0.10, EL ratio=0.90
2025-04-08 13:33:15,025 - DEBUG -   [SL->EL] 成功! 用SL最优解1848.00替换EL最差解1862.00, 改进了14.00
2025-04-08 13:33:15,029 - DEBUG -   [EL->SL] 成功添加18个EL解到SL种群
2025-04-08 13:33:15,030 - DEBUG - Updated probability model at iteration 298
2025-04-08 13:33:15,030 - INFO - Iteration 299/500: Phase=hybrid learning, SL ratio=0.10, EL ratio=0.90
2025-04-08 13:33:15,942 - DEBUG -   [SL->EL] 成功! 用SL最优解1811.00替换EL最差解1847.00, 改进了36.00
2025-04-08 13:33:15,945 - DEBUG -   [EL->SL] 成功添加18个EL解到SL种群
2025-04-08 13:33:15,945 - DEBUG - Updated probability model at iteration 299
2025-04-08 13:33:15,945 - INFO - Iteration 300/500: Phase=hybrid learning, SL ratio=0.10, EL ratio=0.90
2025-04-08 13:33:16,873 - DEBUG -   [SL->EL] 成功! 用SL最优解1762.00替换EL最差解1912.00, 改进了150.00
2025-04-08 13:33:16,876 - DEBUG -   [EL->SL] 成功添加18个EL解到SL种群
2025-04-08 13:33:16,876 - DEBUG - Updated probability model at iteration 300
2025-04-08 13:33:16,876 - INFO - Iteration 301/500: Phase=hybrid learning, SL ratio=0.10, EL ratio=0.90
2025-04-08 13:33:17,802 - DEBUG -   [SL->EL] 成功! 用SL最优解1792.00替换EL最差解1852.00, 改进了60.00
2025-04-08 13:33:17,804 - DEBUG -   [EL->SL] 成功添加18个EL解到SL种群
2025-04-08 13:33:17,805 - DEBUG - Updated probability model at iteration 301
2025-04-08 13:33:17,805 - INFO - Iteration 302/500: Phase=hybrid learning, SL ratio=0.10, EL ratio=0.90
2025-04-08 13:33:18,714 - DEBUG -   [SL->EL] 成功! 用SL最优解1826.00替换EL最差解1853.00, 改进了27.00
2025-04-08 13:33:18,717 - DEBUG -   [EL->SL] 成功添加18个EL解到SL种群
2025-04-08 13:33:18,718 - DEBUG - Updated probability model at iteration 302
2025-04-08 13:33:18,718 - INFO - Iteration 303/500: Phase=hybrid learning, SL ratio=0.10, EL ratio=0.90
2025-04-08 13:33:19,593 - DEBUG -   [SL->EL] 成功! 用SL最优解1760.00替换EL最差解1916.00, 改进了156.00
2025-04-08 13:33:19,595 - DEBUG -   [EL->SL] 成功添加18个EL解到SL种群
2025-04-08 13:33:19,595 - DEBUG - Updated probability model at iteration 303
2025-04-08 13:33:19,595 - INFO - Iteration 304/500: Phase=hybrid learning, SL ratio=0.10, EL ratio=0.90
2025-04-08 13:33:20,497 - DEBUG -   [SL->EL] 成功! 用SL最优解1818.00替换EL最差解1823.00, 改进了5.00
2025-04-08 13:33:20,499 - DEBUG -   [EL->SL] 成功添加18个EL解到SL种群
2025-04-08 13:33:20,499 - DEBUG - Updated probability model at iteration 304
2025-04-08 13:33:20,499 - INFO - Iteration 305/500: Phase=hybrid learning, SL ratio=0.10, EL ratio=0.90
2025-04-08 13:33:21,370 - DEBUG -   [SL->EL] 成功! 用SL最优解1797.00替换EL最差解1861.00, 改进了64.00
2025-04-08 13:33:21,374 - DEBUG -   [EL->SL] 成功添加18个EL解到SL种群
2025-04-08 13:33:21,374 - DEBUG - Updated probability model at iteration 305
2025-04-08 13:33:21,374 - INFO - Iteration 306/500: Phase=hybrid learning, SL ratio=0.10, EL ratio=0.90
2025-04-08 13:33:22,263 - DEBUG -   [SL->EL] 失败! SL最优解1885.00不如EL最差解1777.00
2025-04-08 13:33:22,266 - DEBUG -   [EL->SL] 成功添加18个EL解到SL种群
2025-04-08 13:33:22,266 - DEBUG - Updated probability model at iteration 306
2025-04-08 13:33:22,266 - INFO - Iteration 307/500: Phase=hybrid learning, SL ratio=0.10, EL ratio=0.90
2025-04-08 13:33:23,185 - DEBUG -   [SL->EL] 失败! SL最优解1870.00不如EL最差解1836.00
2025-04-08 13:33:23,187 - DEBUG -   [EL->SL] 成功添加18个EL解到SL种群
2025-04-08 13:33:23,188 - DEBUG - Updated probability model at iteration 307
2025-04-08 13:33:23,188 - INFO - Iteration 308/500: Phase=hybrid learning, SL ratio=0.10, EL ratio=0.90
2025-04-08 13:33:24,065 - DEBUG -   [SL->EL] 失败! SL最优解1892.00不如EL最差解1833.00
2025-04-08 13:33:24,067 - DEBUG -   [EL->SL] 成功添加18个EL解到SL种群
2025-04-08 13:33:24,068 - DEBUG - Updated probability model at iteration 308
2025-04-08 13:33:24,068 - INFO - Iteration 309/500: Phase=hybrid learning, SL ratio=0.10, EL ratio=0.90
2025-04-08 13:33:24,977 - DEBUG -   [SL->EL] 成功! 用SL最优解1807.00替换EL最差解1838.00, 改进了31.00
2025-04-08 13:33:24,979 - DEBUG -   [EL->SL] 成功添加18个EL解到SL种群
2025-04-08 13:33:24,980 - DEBUG - Updated probability model at iteration 309
2025-04-08 13:33:24,980 - INFO - Iteration 310/500: Phase=hybrid learning, SL ratio=0.10, EL ratio=0.90
2025-04-08 13:33:25,834 - DEBUG -   [SL->EL] 成功! 用SL最优解1799.00替换EL最差解1824.00, 改进了25.00
2025-04-08 13:33:25,836 - DEBUG -   [EL->SL] 成功添加18个EL解到SL种群
2025-04-08 13:33:25,836 - DEBUG - Updated probability model at iteration 310
2025-04-08 13:33:25,836 - INFO - Iteration 311/500: Phase=hybrid learning, SL ratio=0.10, EL ratio=0.90
2025-04-08 13:33:26,698 - DEBUG -   [SL->EL] 成功! 用SL最优解1826.00替换EL最差解1905.00, 改进了79.00
2025-04-08 13:33:26,700 - DEBUG -   [EL->SL] 成功添加18个EL解到SL种群
2025-04-08 13:33:26,702 - DEBUG - Updated probability model at iteration 311
2025-04-08 13:33:26,702 - INFO - Iteration 312/500: Phase=hybrid learning, SL ratio=0.10, EL ratio=0.90
2025-04-08 13:33:27,552 - DEBUG -   [SL->EL] 成功! 用SL最优解1807.00替换EL最差解1824.00, 改进了17.00
2025-04-08 13:33:27,555 - DEBUG -   [EL->SL] 成功添加18个EL解到SL种群
2025-04-08 13:33:27,555 - DEBUG - Updated probability model at iteration 312
2025-04-08 13:33:27,555 - INFO - Iteration 313/500: Phase=hybrid learning, SL ratio=0.10, EL ratio=0.90
2025-04-08 13:33:28,439 - DEBUG -   [SL->EL] 成功! 用SL最优解1752.00替换EL最差解1928.00, 改进了176.00
2025-04-08 13:33:28,442 - DEBUG -   [EL->SL] 成功添加18个EL解到SL种群
2025-04-08 13:33:28,443 - DEBUG - Updated probability model at iteration 313
2025-04-08 13:33:28,443 - INFO - Iteration 314/500: Phase=hybrid learning, SL ratio=0.10, EL ratio=0.90
2025-04-08 13:33:29,287 - DEBUG -   [SL->EL] 失败! SL最优解1853.00不如EL最差解1839.00
2025-04-08 13:33:29,288 - DEBUG -   [EL->SL] 成功添加18个EL解到SL种群
2025-04-08 13:33:29,290 - DEBUG - Updated probability model at iteration 314
2025-04-08 13:33:29,290 - INFO - Iteration 315/500: Phase=hybrid learning, SL ratio=0.10, EL ratio=0.90
2025-04-08 13:33:30,114 - DEBUG -   [SL->EL] 成功! 用SL最优解1790.00替换EL最差解1857.00, 改进了67.00
2025-04-08 13:33:30,118 - DEBUG -   [EL->SL] 成功添加18个EL解到SL种群
2025-04-08 13:33:30,118 - DEBUG - Updated probability model at iteration 315
2025-04-08 13:33:30,118 - INFO - Iteration 316/500: Phase=hybrid learning, SL ratio=0.10, EL ratio=0.90
2025-04-08 13:33:30,984 - DEBUG -   [SL->EL] 成功! 用SL最优解1845.00替换EL最差解1866.00, 改进了21.00
2025-04-08 13:33:30,986 - DEBUG -   [EL->SL] 成功添加18个EL解到SL种群
2025-04-08 13:33:30,987 - DEBUG - Updated probability model at iteration 316
2025-04-08 13:33:30,987 - INFO - Iteration 317/500: Phase=hybrid learning, SL ratio=0.10, EL ratio=0.90
2025-04-08 13:33:31,848 - DEBUG -   [SL->EL] 失败! SL最优解1840.00不如EL最差解1830.00
2025-04-08 13:33:31,851 - DEBUG -   [EL->SL] 成功添加18个EL解到SL种群
2025-04-08 13:33:31,851 - DEBUG - Updated probability model at iteration 317
2025-04-08 13:33:31,851 - INFO - Iteration 318/500: Phase=hybrid learning, SL ratio=0.10, EL ratio=0.90
2025-04-08 13:33:32,720 - DEBUG -   [SL->EL] 失败! SL最优解1838.00不如EL最差解1820.00
2025-04-08 13:33:32,722 - DEBUG -   [EL->SL] 成功添加18个EL解到SL种群
2025-04-08 13:33:32,724 - DEBUG - Updated probability model at iteration 318
2025-04-08 13:33:32,724 - INFO - Iteration 319/500: Phase=hybrid learning, SL ratio=0.10, EL ratio=0.90
2025-04-08 13:33:33,521 - DEBUG -   [SL->EL] 失败! SL最优解1835.00不如EL最差解1829.00
2025-04-08 13:33:33,524 - DEBUG -   [EL->SL] 成功添加18个EL解到SL种群
2025-04-08 13:33:33,525 - DEBUG - Updated probability model at iteration 319
2025-04-08 13:33:33,525 - INFO - Iteration 320/500: Phase=hybrid learning, SL ratio=0.10, EL ratio=0.90
2025-04-08 13:33:34,390 - DEBUG -   [SL->EL] 成功! 用SL最优解1785.00替换EL最差解1792.00, 改进了7.00
2025-04-08 13:33:34,393 - DEBUG -   [EL->SL] 成功添加18个EL解到SL种群
2025-04-08 13:33:34,393 - DEBUG - Updated probability model at iteration 320
2025-04-08 13:33:34,393 - INFO - Iteration 321/500: Phase=hybrid learning, SL ratio=0.10, EL ratio=0.90
2025-04-08 13:33:35,215 - DEBUG -   [SL->EL] 失败! SL最优解1807.00不如EL最差解1806.00
2025-04-08 13:33:35,217 - DEBUG -   [EL->SL] 成功添加18个EL解到SL种群
2025-04-08 13:33:35,217 - DEBUG - Updated probability model at iteration 321
2025-04-08 13:33:35,217 - INFO - Iteration 322/500: Phase=hybrid learning, SL ratio=0.10, EL ratio=0.90
2025-04-08 13:33:36,045 - DEBUG -   [SL->EL] 成功! 用SL最优解1794.00替换EL最差解1837.00, 改进了43.00
2025-04-08 13:33:36,049 - DEBUG -   [EL->SL] 成功添加18个EL解到SL种群
2025-04-08 13:33:36,049 - DEBUG - Updated probability model at iteration 322
2025-04-08 13:33:36,050 - INFO - Iteration 323/500: Phase=hybrid learning, SL ratio=0.10, EL ratio=0.90
2025-04-08 13:33:36,893 - INFO - In generation 323，New best makespan: 1632.00, source: el
2025-04-08 13:33:36,893 - DEBUG -   [SL->EL] 成功! 用SL最优解1801.00替换EL最差解1808.00, 改进了7.00
2025-04-08 13:33:36,896 - DEBUG -   [EL->SL] 成功添加18个EL解到SL种群
2025-04-08 13:33:36,897 - DEBUG - Updated probability model at iteration 323
2025-04-08 13:33:36,897 - INFO - Iteration 324/500: Phase=hybrid learning, SL ratio=0.10, EL ratio=0.90
2025-04-08 13:33:37,740 - DEBUG -   [SL->EL] 失败! SL最优解1855.00不如EL最差解1831.00
2025-04-08 13:33:37,742 - DEBUG -   [EL->SL] 成功添加18个EL解到SL种群
2025-04-08 13:33:37,743 - DEBUG - Updated probability model at iteration 324
2025-04-08 13:33:37,743 - INFO - Iteration 325/500: Phase=hybrid learning, SL ratio=0.10, EL ratio=0.90
2025-04-08 13:33:38,602 - DEBUG -   [SL->EL] 成功! 用SL最优解1843.00替换EL最差解1868.00, 改进了25.00
2025-04-08 13:33:38,604 - DEBUG -   [EL->SL] 成功添加18个EL解到SL种群
2025-04-08 13:33:38,605 - DEBUG - Updated probability model at iteration 325
2025-04-08 13:33:38,605 - INFO - Iteration 326/500: Phase=hybrid learning, SL ratio=0.10, EL ratio=0.90
2025-04-08 13:33:39,496 - DEBUG -   [SL->EL] 成功! 用SL最优解1848.00替换EL最差解1866.00, 改进了18.00
2025-04-08 13:33:39,499 - DEBUG -   [EL->SL] 成功添加18个EL解到SL种群
2025-04-08 13:33:39,500 - DEBUG - Updated probability model at iteration 326
2025-04-08 13:33:39,500 - INFO - Iteration 327/500: Phase=hybrid learning, SL ratio=0.10, EL ratio=0.90
2025-04-08 13:33:40,375 - DEBUG -   [SL->EL] 失败! SL最优解1845.00不如EL最差解1792.00
2025-04-08 13:33:40,379 - DEBUG -   [EL->SL] 成功添加18个EL解到SL种群
2025-04-08 13:33:40,379 - DEBUG - Updated probability model at iteration 327
2025-04-08 13:33:40,379 - INFO - EL has been consistently better for 5 iterations, adjusting ratios: SL=0.10, EL=0.90
2025-04-08 13:33:40,379 - INFO - Iteration 328/500: Phase=hybrid learning, SL ratio=0.10, EL ratio=0.90
2025-04-08 13:33:41,268 - DEBUG -   [SL->EL] 成功! 用SL最优解1817.00替换EL最差解1869.00, 改进了52.00
2025-04-08 13:33:41,270 - DEBUG -   [EL->SL] 成功添加18个EL解到SL种群
2025-04-08 13:33:41,270 - DEBUG - Updated probability model at iteration 328
2025-04-08 13:33:41,270 - INFO - Iteration 329/500: Phase=hybrid learning, SL ratio=0.10, EL ratio=0.90
2025-04-08 13:33:42,186 - DEBUG -   [SL->EL] 失败! SL最优解1842.00不如EL最差解1806.00
2025-04-08 13:33:42,189 - DEBUG -   [EL->SL] 成功添加18个EL解到SL种群
2025-04-08 13:33:42,190 - DEBUG - Updated probability model at iteration 329
2025-04-08 13:33:42,190 - INFO - Iteration 330/500: Phase=hybrid learning, SL ratio=0.10, EL ratio=0.90
2025-04-08 13:33:43,078 - DEBUG -   [SL->EL] 成功! 用SL最优解1817.00替换EL最差解1837.00, 改进了20.00
2025-04-08 13:33:43,080 - DEBUG -   [EL->SL] 成功添加18个EL解到SL种群
2025-04-08 13:33:43,081 - DEBUG - Updated probability model at iteration 330
2025-04-08 13:33:43,081 - INFO - Iteration 331/500: Phase=hybrid learning, SL ratio=0.10, EL ratio=0.90
2025-04-08 13:33:43,945 - DEBUG -   [SL->EL] 成功! 用SL最优解1817.00替换EL最差解1886.00, 改进了69.00
2025-04-08 13:33:43,947 - DEBUG -   [EL->SL] 成功添加18个EL解到SL种群
2025-04-08 13:33:43,947 - DEBUG - Updated probability model at iteration 331
2025-04-08 13:33:43,947 - INFO - Iteration 332/500: Phase=hybrid learning, SL ratio=0.10, EL ratio=0.90
2025-04-08 13:33:44,767 - DEBUG -   [SL->EL] 成功! 用SL最优解1811.00替换EL最差解1890.00, 改进了79.00
2025-04-08 13:33:44,771 - DEBUG -   [EL->SL] 成功添加18个EL解到SL种群
2025-04-08 13:33:44,771 - DEBUG - Updated probability model at iteration 332
2025-04-08 13:33:44,771 - INFO - EL has been consistently better for 5 iterations, adjusting ratios: SL=0.10, EL=0.90
2025-04-08 13:33:44,771 - INFO - Iteration 333/500: Phase=hybrid learning, SL ratio=0.10, EL ratio=0.90
2025-04-08 13:33:45,691 - DEBUG -   [SL->EL] 失败! SL最优解1900.00不如EL最差解1899.00
2025-04-08 13:33:45,694 - DEBUG -   [EL->SL] 成功添加18个EL解到SL种群
2025-04-08 13:33:45,694 - DEBUG - Updated probability model at iteration 333
2025-04-08 13:33:45,694 - INFO - Iteration 334/500: Phase=hybrid learning, SL ratio=0.10, EL ratio=0.90
2025-04-08 13:33:46,552 - INFO - In generation 334，New best makespan: 1626.00, source: el
2025-04-08 13:33:46,553 - DEBUG -   [SL->EL] 失败! SL最优解1876.00不如EL最差解1806.00
2025-04-08 13:33:46,555 - DEBUG -   [EL->SL] 成功添加18个EL解到SL种群
2025-04-08 13:33:46,556 - DEBUG - Updated probability model at iteration 334
2025-04-08 13:33:46,556 - INFO - Iteration 335/500: Phase=hybrid learning, SL ratio=0.10, EL ratio=0.90
2025-04-08 13:33:47,415 - DEBUG -   [SL->EL] 失败! SL最优解1799.00不如EL最差解1788.00
2025-04-08 13:33:47,418 - DEBUG -   [EL->SL] 成功添加18个EL解到SL种群
2025-04-08 13:33:47,419 - DEBUG - Updated probability model at iteration 335
2025-04-08 13:33:47,419 - INFO - Iteration 336/500: Phase=hybrid learning, SL ratio=0.10, EL ratio=0.90
2025-04-08 13:33:48,291 - DEBUG -   [SL->EL] 成功! 用SL最优解1796.00替换EL最差解1839.00, 改进了43.00
2025-04-08 13:33:48,294 - DEBUG -   [EL->SL] 成功添加18个EL解到SL种群
2025-04-08 13:33:48,295 - DEBUG - Updated probability model at iteration 336
2025-04-08 13:33:48,295 - INFO - Iteration 337/500: Phase=hybrid learning, SL ratio=0.10, EL ratio=0.90
2025-04-08 13:33:49,165 - DEBUG -   [SL->EL] 成功! 用SL最优解1830.00替换EL最差解1850.00, 改进了20.00
2025-04-08 13:33:49,168 - DEBUG -   [EL->SL] 成功添加18个EL解到SL种群
2025-04-08 13:33:49,169 - DEBUG - Updated probability model at iteration 337
2025-04-08 13:33:49,169 - INFO - EL has been consistently better for 5 iterations, adjusting ratios: SL=0.10, EL=0.90
2025-04-08 13:33:49,169 - INFO - Iteration 338/500: Phase=hybrid learning, SL ratio=0.10, EL ratio=0.90
2025-04-08 13:33:50,044 - DEBUG -   [SL->EL] 成功! 用SL最优解1862.00替换EL最差解1870.00, 改进了8.00
2025-04-08 13:33:50,045 - DEBUG -   [EL->SL] 成功添加18个EL解到SL种群
2025-04-08 13:33:50,046 - DEBUG - Updated probability model at iteration 338
2025-04-08 13:33:50,046 - INFO - Iteration 339/500: Phase=hybrid learning, SL ratio=0.10, EL ratio=0.90
2025-04-08 13:33:50,897 - DEBUG -   [SL->EL] 成功! 用SL最优解1785.00替换EL最差解1808.00, 改进了23.00
2025-04-08 13:33:50,899 - DEBUG -   [EL->SL] 成功添加18个EL解到SL种群
2025-04-08 13:33:50,899 - DEBUG - Updated probability model at iteration 339
2025-04-08 13:33:50,899 - INFO - Iteration 340/500: Phase=hybrid learning, SL ratio=0.10, EL ratio=0.90
2025-04-08 13:33:51,756 - DEBUG -   [SL->EL] 成功! 用SL最优解1812.00替换EL最差解1828.00, 改进了16.00
2025-04-08 13:33:51,757 - DEBUG -   [EL->SL] 成功添加18个EL解到SL种群
2025-04-08 13:33:51,759 - DEBUG - Updated probability model at iteration 340
2025-04-08 13:33:51,759 - INFO - Iteration 341/500: Phase=hybrid learning, SL ratio=0.10, EL ratio=0.90
2025-04-08 13:33:52,637 - DEBUG -   [SL->EL] 失败! SL最优解1793.00不如EL最差解1792.00
2025-04-08 13:33:52,640 - DEBUG -   [EL->SL] 成功添加18个EL解到SL种群
2025-04-08 13:33:52,641 - DEBUG - Updated probability model at iteration 341
2025-04-08 13:33:52,641 - INFO - Iteration 342/500: Phase=hybrid learning, SL ratio=0.10, EL ratio=0.90
2025-04-08 13:33:53,507 - DEBUG -   [SL->EL] 成功! 用SL最优解1821.00替换EL最差解1833.00, 改进了12.00
2025-04-08 13:33:53,510 - DEBUG -   [EL->SL] 成功添加18个EL解到SL种群
2025-04-08 13:33:53,511 - DEBUG - Updated probability model at iteration 342
2025-04-08 13:33:53,511 - INFO - EL has been consistently better for 5 iterations, adjusting ratios: SL=0.10, EL=0.90
2025-04-08 13:33:53,511 - INFO - Iteration 343/500: Phase=hybrid learning, SL ratio=0.10, EL ratio=0.90
2025-04-08 13:33:54,419 - INFO - In generation 343，New best makespan: 1622.00, source: el
2025-04-08 13:33:54,420 - DEBUG -   [SL->EL] 失败! SL最优解1849.00不如EL最差解1778.00
2025-04-08 13:33:54,422 - DEBUG -   [EL->SL] 成功添加18个EL解到SL种群
2025-04-08 13:33:54,423 - DEBUG - Updated probability model at iteration 343
2025-04-08 13:33:54,423 - INFO - Iteration 344/500: Phase=hybrid learning, SL ratio=0.10, EL ratio=0.90
2025-04-08 13:33:55,318 - DEBUG -   [SL->EL] 失败! SL最优解1831.00不如EL最差解1808.00
2025-04-08 13:33:55,320 - DEBUG -   [EL->SL] 成功添加18个EL解到SL种群
2025-04-08 13:33:55,320 - DEBUG - Updated probability model at iteration 344
2025-04-08 13:33:55,320 - INFO - Iteration 345/500: Phase=hybrid learning, SL ratio=0.10, EL ratio=0.90
2025-04-08 13:33:56,181 - DEBUG -   [SL->EL] 成功! 用SL最优解1790.00替换EL最差解1799.00, 改进了9.00
2025-04-08 13:33:56,184 - DEBUG -   [EL->SL] 成功添加18个EL解到SL种群
2025-04-08 13:33:56,185 - DEBUG - Updated probability model at iteration 345
2025-04-08 13:33:56,185 - INFO - Iteration 346/500: Phase=hybrid learning, SL ratio=0.10, EL ratio=0.90
2025-04-08 13:33:57,054 - DEBUG -   [SL->EL] 失败! SL最优解1789.00不如EL最差解1778.00
2025-04-08 13:33:57,056 - DEBUG -   [EL->SL] 成功添加18个EL解到SL种群
2025-04-08 13:33:57,057 - DEBUG - Updated probability model at iteration 346
2025-04-08 13:33:57,057 - INFO - Iteration 347/500: Phase=hybrid learning, SL ratio=0.10, EL ratio=0.90
2025-04-08 13:33:57,924 - DEBUG -   [SL->EL] 失败! SL最优解1814.00不如EL最差解1783.00
2025-04-08 13:33:57,926 - DEBUG -   [EL->SL] 成功添加18个EL解到SL种群
2025-04-08 13:33:57,927 - DEBUG - Updated probability model at iteration 347
2025-04-08 13:33:57,927 - INFO - EL has been consistently better for 5 iterations, adjusting ratios: SL=0.10, EL=0.90
2025-04-08 13:33:57,927 - INFO - Iteration 348/500: Phase=hybrid learning, SL ratio=0.10, EL ratio=0.90
2025-04-08 13:33:58,775 - DEBUG -   [SL->EL] 失败! SL最优解1885.00不如EL最差解1827.00
2025-04-08 13:33:58,778 - DEBUG -   [EL->SL] 成功添加18个EL解到SL种群
2025-04-08 13:33:58,779 - DEBUG - Updated probability model at iteration 348
2025-04-08 13:33:58,779 - INFO - Iteration 349/500: Phase=hybrid learning, SL ratio=0.10, EL ratio=0.90
2025-04-08 13:33:59,637 - DEBUG -   [SL->EL] 失败! SL最优解1816.00不如EL最差解1813.00
2025-04-08 13:33:59,639 - DEBUG -   [EL->SL] 成功添加18个EL解到SL种群
2025-04-08 13:33:59,640 - DEBUG - Updated probability model at iteration 349
2025-04-08 13:33:59,640 - INFO - Iteration 350/500: Phase=hybrid learning, SL ratio=0.10, EL ratio=0.90
2025-04-08 13:34:00,492 - DEBUG -   [SL->EL] 失败! SL最优解1855.00不如EL最差解1842.00
2025-04-08 13:34:00,495 - DEBUG -   [EL->SL] 成功添加18个EL解到SL种群
2025-04-08 13:34:00,495 - DEBUG - Updated probability model at iteration 350
2025-04-08 13:34:00,495 - INFO - Iteration 351/500: Phase=hybrid learning, SL ratio=0.10, EL ratio=0.90
2025-04-08 13:34:01,360 - DEBUG -   [SL->EL] 成功! 用SL最优解1800.00替换EL最差解1870.00, 改进了70.00
2025-04-08 13:34:01,363 - DEBUG -   [EL->SL] 成功添加18个EL解到SL种群
2025-04-08 13:34:01,364 - DEBUG - Updated probability model at iteration 351
2025-04-08 13:34:01,364 - INFO - Iteration 352/500: Phase=hybrid learning, SL ratio=0.10, EL ratio=0.90
2025-04-08 13:34:02,214 - DEBUG -   [SL->EL] 失败! SL最优解1873.00不如EL最差解1792.00
2025-04-08 13:34:02,216 - DEBUG -   [EL->SL] 成功添加18个EL解到SL种群
2025-04-08 13:34:02,217 - DEBUG - Updated probability model at iteration 352
2025-04-08 13:34:02,217 - INFO - EL has been consistently better for 5 iterations, adjusting ratios: SL=0.10, EL=0.90
2025-04-08 13:34:02,217 - INFO - Iteration 353/500: Phase=hybrid learning, SL ratio=0.10, EL ratio=0.90
2025-04-08 13:34:03,097 - INFO - In generation 353，New best makespan: 1616.00, source: el
2025-04-08 13:34:03,099 - DEBUG -   [SL->EL] 失败! SL最优解1851.00不如EL最差解1822.00
2025-04-08 13:34:03,101 - DEBUG -   [EL->SL] 成功添加18个EL解到SL种群
2025-04-08 13:34:03,102 - DEBUG - Updated probability model at iteration 353
2025-04-08 13:34:03,102 - INFO - Iteration 354/500: Phase=hybrid learning, SL ratio=0.10, EL ratio=0.90
2025-04-08 13:34:03,947 - DEBUG -   [SL->EL] 失败! SL最优解1890.00不如EL最差解1770.00
2025-04-08 13:34:03,951 - DEBUG -   [EL->SL] 成功添加18个EL解到SL种群
2025-04-08 13:34:03,951 - DEBUG - Updated probability model at iteration 354
2025-04-08 13:34:03,951 - INFO - Iteration 355/500: Phase=hybrid learning, SL ratio=0.10, EL ratio=0.90
2025-04-08 13:34:04,793 - DEBUG -   [SL->EL] 失败! SL最优解1841.00不如EL最差解1770.00
2025-04-08 13:34:04,795 - DEBUG -   [EL->SL] 成功添加18个EL解到SL种群
2025-04-08 13:34:04,797 - DEBUG - Updated probability model at iteration 355
2025-04-08 13:34:04,797 - INFO - Iteration 356/500: Phase=hybrid learning, SL ratio=0.10, EL ratio=0.90
2025-04-08 13:34:05,627 - DEBUG -   [SL->EL] 成功! 用SL最优解1835.00替换EL最差解1859.00, 改进了24.00
2025-04-08 13:34:05,630 - DEBUG -   [EL->SL] 成功添加18个EL解到SL种群
2025-04-08 13:34:05,630 - DEBUG - Updated probability model at iteration 356
2025-04-08 13:34:05,630 - INFO - Iteration 357/500: Phase=hybrid learning, SL ratio=0.10, EL ratio=0.90
2025-04-08 13:34:06,541 - INFO - In generation 357，New best makespan: 1614.00, source: el
2025-04-08 13:34:06,542 - DEBUG -   [SL->EL] 失败! SL最优解1848.00不如EL最差解1816.00
2025-04-08 13:34:06,544 - DEBUG -   [EL->SL] 成功添加18个EL解到SL种群
2025-04-08 13:34:06,545 - DEBUG - Updated probability model at iteration 357
2025-04-08 13:34:06,545 - INFO - EL has been consistently better for 5 iterations, adjusting ratios: SL=0.10, EL=0.90
2025-04-08 13:34:06,545 - INFO - Iteration 358/500: Phase=hybrid learning, SL ratio=0.10, EL ratio=0.90
2025-04-08 13:34:07,405 - DEBUG -   [SL->EL] 成功! 用SL最优解1777.00替换EL最差解1830.00, 改进了53.00
2025-04-08 13:34:07,407 - DEBUG -   [EL->SL] 成功添加18个EL解到SL种群
2025-04-08 13:34:07,408 - DEBUG - Updated probability model at iteration 358
2025-04-08 13:34:07,408 - INFO - Iteration 359/500: Phase=hybrid learning, SL ratio=0.10, EL ratio=0.90
2025-04-08 13:34:08,270 - DEBUG -   [SL->EL] 失败! SL最优解1890.00不如EL最差解1744.00
2025-04-08 13:34:08,272 - DEBUG -   [EL->SL] 成功添加18个EL解到SL种群
2025-04-08 13:34:08,272 - DEBUG - Updated probability model at iteration 359
2025-04-08 13:34:08,272 - INFO - Iteration 360/500: Phase=hybrid learning, SL ratio=0.10, EL ratio=0.90
2025-04-08 13:34:09,177 - INFO - In generation 360，New best makespan: 1612.00, source: el
2025-04-08 13:34:09,177 - DEBUG -   [SL->EL] 成功! 用SL最优解1760.00替换EL最差解1791.00, 改进了31.00
2025-04-08 13:34:09,180 - DEBUG -   [EL->SL] 成功添加18个EL解到SL种群
2025-04-08 13:34:09,180 - DEBUG - Updated probability model at iteration 360
2025-04-08 13:34:09,180 - INFO - Iteration 361/500: Phase=hybrid learning, SL ratio=0.10, EL ratio=0.90
2025-04-08 13:34:10,031 - DEBUG -   [SL->EL] 成功! 用SL最优解1819.00替换EL最差解1842.00, 改进了23.00
2025-04-08 13:34:10,034 - DEBUG -   [EL->SL] 成功添加18个EL解到SL种群
2025-04-08 13:34:10,034 - DEBUG - Updated probability model at iteration 361
2025-04-08 13:34:10,034 - INFO - Iteration 362/500: Phase=hybrid learning, SL ratio=0.10, EL ratio=0.90
2025-04-08 13:34:10,930 - DEBUG -   [SL->EL] 成功! 用SL最优解1805.00替换EL最差解1852.00, 改进了47.00
2025-04-08 13:34:10,932 - DEBUG -   [EL->SL] 成功添加18个EL解到SL种群
2025-04-08 13:34:10,933 - DEBUG - Updated probability model at iteration 362
2025-04-08 13:34:10,933 - INFO - EL has been consistently better for 5 iterations, adjusting ratios: SL=0.10, EL=0.90
2025-04-08 13:34:10,933 - INFO - Iteration 363/500: Phase=hybrid learning, SL ratio=0.10, EL ratio=0.90
2025-04-08 13:34:11,816 - DEBUG -   [SL->EL] 失败! SL最优解1833.00不如EL最差解1826.00
2025-04-08 13:34:11,820 - DEBUG -   [EL->SL] 成功添加18个EL解到SL种群
2025-04-08 13:34:11,820 - DEBUG - Updated probability model at iteration 363
2025-04-08 13:34:11,820 - INFO - Iteration 364/500: Phase=hybrid learning, SL ratio=0.10, EL ratio=0.90
2025-04-08 13:34:12,649 - INFO - In generation 364，New best makespan: 1606.00, source: el
2025-04-08 13:34:12,649 - DEBUG -   [SL->EL] 失败! SL最优解1829.00不如EL最差解1796.00
2025-04-08 13:34:12,651 - DEBUG -   [EL->SL] 成功添加18个EL解到SL种群
2025-04-08 13:34:12,652 - DEBUG - Updated probability model at iteration 364
2025-04-08 13:34:12,652 - INFO - Iteration 365/500: Phase=hybrid learning, SL ratio=0.10, EL ratio=0.90
2025-04-08 13:34:13,501 - DEBUG -   [SL->EL] 成功! 用SL最优解1825.00替换EL最差解1842.00, 改进了17.00
2025-04-08 13:34:13,503 - DEBUG -   [EL->SL] 成功添加18个EL解到SL种群
2025-04-08 13:34:13,504 - DEBUG - Updated probability model at iteration 365
2025-04-08 13:34:13,504 - INFO - Iteration 366/500: Phase=hybrid learning, SL ratio=0.10, EL ratio=0.90
2025-04-08 13:34:14,374 - DEBUG -   [SL->EL] 失败! SL最优解1871.00不如EL最差解1810.00
2025-04-08 13:34:14,376 - DEBUG -   [EL->SL] 成功添加18个EL解到SL种群
2025-04-08 13:34:14,378 - DEBUG - Updated probability model at iteration 366
2025-04-08 13:34:14,378 - INFO - Iteration 367/500: Phase=hybrid learning, SL ratio=0.10, EL ratio=0.90
2025-04-08 13:34:15,219 - DEBUG -   [SL->EL] 失败! SL最优解1851.00不如EL最差解1774.00
2025-04-08 13:34:15,222 - DEBUG -   [EL->SL] 成功添加18个EL解到SL种群
2025-04-08 13:34:15,222 - DEBUG - Updated probability model at iteration 367
2025-04-08 13:34:15,222 - INFO - EL has been consistently better for 5 iterations, adjusting ratios: SL=0.10, EL=0.90
2025-04-08 13:34:15,222 - INFO - Iteration 368/500: Phase=hybrid learning, SL ratio=0.10, EL ratio=0.90
2025-04-08 13:34:16,081 - DEBUG -   [SL->EL] 失败! SL最优解1817.00不如EL最差解1808.00
2025-04-08 13:34:16,084 - DEBUG -   [EL->SL] 成功添加18个EL解到SL种群
2025-04-08 13:34:16,084 - DEBUG - Updated probability model at iteration 368
2025-04-08 13:34:16,084 - INFO - Iteration 369/500: Phase=hybrid learning, SL ratio=0.10, EL ratio=0.90
2025-04-08 13:34:16,939 - DEBUG -   [SL->EL] 成功! 用SL最优解1867.00替换EL最差解1904.00, 改进了37.00
2025-04-08 13:34:16,942 - DEBUG -   [EL->SL] 成功添加18个EL解到SL种群
2025-04-08 13:34:16,942 - DEBUG - Updated probability model at iteration 369
2025-04-08 13:34:16,942 - INFO - Iteration 370/500: Phase=hybrid learning, SL ratio=0.10, EL ratio=0.90
2025-04-08 13:34:17,765 - DEBUG -   [SL->EL] 成功! 用SL最优解1750.00替换EL最差解1801.00, 改进了51.00
2025-04-08 13:34:17,767 - DEBUG -   [EL->SL] 成功添加18个EL解到SL种群
2025-04-08 13:34:17,768 - DEBUG - Updated probability model at iteration 370
2025-04-08 13:34:17,768 - INFO - Iteration 371/500: Phase=hybrid learning, SL ratio=0.10, EL ratio=0.90
2025-04-08 13:34:18,611 - DEBUG -   [SL->EL] 失败! SL最优解1861.00不如EL最差解1812.00
2025-04-08 13:34:18,612 - DEBUG -   [EL->SL] 成功添加18个EL解到SL种群
2025-04-08 13:34:18,614 - DEBUG - Updated probability model at iteration 371
2025-04-08 13:34:18,614 - INFO - Iteration 372/500: Phase=hybrid learning, SL ratio=0.10, EL ratio=0.90
2025-04-08 13:34:19,465 - DEBUG -   [SL->EL] 失败! SL最优解1790.00不如EL最差解1783.00
2025-04-08 13:34:19,468 - DEBUG -   [EL->SL] 成功添加18个EL解到SL种群
2025-04-08 13:34:19,469 - DEBUG - Updated probability model at iteration 372
2025-04-08 13:34:19,469 - INFO - EL has been consistently better for 5 iterations, adjusting ratios: SL=0.10, EL=0.90
2025-04-08 13:34:19,469 - INFO - Iteration 373/500: Phase=hybrid learning, SL ratio=0.10, EL ratio=0.90
2025-04-08 13:34:20,319 - DEBUG -   [SL->EL] 成功! 用SL最优解1827.00替换EL最差解1839.00, 改进了12.00
2025-04-08 13:34:20,322 - DEBUG -   [EL->SL] 成功添加18个EL解到SL种群
2025-04-08 13:34:20,322 - DEBUG - Updated probability model at iteration 373
2025-04-08 13:34:20,322 - INFO - Iteration 374/500: Phase=hybrid learning, SL ratio=0.10, EL ratio=0.90
2025-04-08 13:34:21,170 - DEBUG -   [SL->EL] 成功! 用SL最优解1800.00替换EL最差解1845.00, 改进了45.00
2025-04-08 13:34:21,172 - DEBUG -   [EL->SL] 成功添加18个EL解到SL种群
2025-04-08 13:34:21,172 - DEBUG - Updated probability model at iteration 374
2025-04-08 13:34:21,172 - INFO - Iteration 375/500: Phase=hybrid learning, SL ratio=0.10, EL ratio=0.90
2025-04-08 13:34:22,035 - DEBUG -   [SL->EL] 成功! 用SL最优解1748.00替换EL最差解1815.00, 改进了67.00
2025-04-08 13:34:22,037 - DEBUG -   [EL->SL] 成功添加18个EL解到SL种群
2025-04-08 13:34:22,039 - DEBUG - Updated probability model at iteration 375
2025-04-08 13:34:22,039 - INFO - Iteration 376/500: Phase=hybrid learning, SL ratio=0.10, EL ratio=0.90
2025-04-08 13:34:22,892 - DEBUG -   [SL->EL] 失败! SL最优解1845.00不如EL最差解1831.00
2025-04-08 13:34:22,895 - DEBUG -   [EL->SL] 成功添加18个EL解到SL种群
2025-04-08 13:34:22,895 - DEBUG - Updated probability model at iteration 376
2025-04-08 13:34:22,895 - INFO - Iteration 377/500: Phase=hybrid learning, SL ratio=0.10, EL ratio=0.90
2025-04-08 13:34:23,737 - DEBUG -   [SL->EL] 失败! SL最优解1834.00不如EL最差解1770.00
2025-04-08 13:34:23,738 - DEBUG -   [EL->SL] 成功添加18个EL解到SL种群
2025-04-08 13:34:23,738 - DEBUG - Updated probability model at iteration 377
2025-04-08 13:34:23,738 - INFO - EL has been consistently better for 5 iterations, adjusting ratios: SL=0.10, EL=0.90
2025-04-08 13:34:23,740 - INFO - Iteration 378/500: Phase=hybrid learning, SL ratio=0.10, EL ratio=0.90
2025-04-08 13:34:24,593 - DEBUG -   [SL->EL] 失败! SL最优解1854.00不如EL最差解1794.00
2025-04-08 13:34:24,595 - DEBUG -   [EL->SL] 成功添加18个EL解到SL种群
2025-04-08 13:34:24,597 - DEBUG - Updated probability model at iteration 378
2025-04-08 13:34:24,597 - INFO - Iteration 379/500: Phase=hybrid learning, SL ratio=0.10, EL ratio=0.90
2025-04-08 13:34:25,450 - DEBUG -   [SL->EL] 失败! SL最优解1891.00不如EL最差解1846.00
2025-04-08 13:34:25,453 - DEBUG -   [EL->SL] 成功添加18个EL解到SL种群
2025-04-08 13:34:25,453 - DEBUG - Updated probability model at iteration 379
2025-04-08 13:34:25,454 - INFO - Iteration 380/500: Phase=hybrid learning, SL ratio=0.10, EL ratio=0.90
2025-04-08 13:34:26,309 - DEBUG -   [SL->EL] 成功! 用SL最优解1807.00替换EL最差解1821.00, 改进了14.00
2025-04-08 13:34:26,312 - DEBUG -   [EL->SL] 成功添加18个EL解到SL种群
2025-04-08 13:34:26,314 - DEBUG - Updated probability model at iteration 380
2025-04-08 13:34:26,314 - INFO - Iteration 381/500: Phase=hybrid learning, SL ratio=0.10, EL ratio=0.90
2025-04-08 13:34:27,185 - DEBUG -   [SL->EL] 失败! SL最优解1848.00不如EL最差解1783.00
2025-04-08 13:34:27,188 - DEBUG -   [EL->SL] 成功添加18个EL解到SL种群
2025-04-08 13:34:27,188 - DEBUG - Updated probability model at iteration 381
2025-04-08 13:34:27,188 - INFO - Iteration 382/500: Phase=hybrid learning, SL ratio=0.10, EL ratio=0.90
2025-04-08 13:34:28,034 - DEBUG -   [SL->EL] 成功! 用SL最优解1806.00替换EL最差解1842.00, 改进了36.00
2025-04-08 13:34:28,037 - DEBUG -   [EL->SL] 成功添加18个EL解到SL种群
2025-04-08 13:34:28,038 - DEBUG - Updated probability model at iteration 382
2025-04-08 13:34:28,038 - INFO - EL has been consistently better for 5 iterations, adjusting ratios: SL=0.10, EL=0.90
2025-04-08 13:34:28,038 - INFO - Iteration 383/500: Phase=hybrid learning, SL ratio=0.10, EL ratio=0.90
2025-04-08 13:34:28,894 - DEBUG -   [SL->EL] 失败! SL最优解1874.00不如EL最差解1816.00
2025-04-08 13:34:28,897 - DEBUG -   [EL->SL] 成功添加18个EL解到SL种群
2025-04-08 13:34:28,898 - DEBUG - Updated probability model at iteration 383
2025-04-08 13:34:28,898 - INFO - Iteration 384/500: Phase=hybrid learning, SL ratio=0.10, EL ratio=0.90
2025-04-08 13:34:29,760 - DEBUG -   [SL->EL] 成功! 用SL最优解1765.00替换EL最差解1802.00, 改进了37.00
2025-04-08 13:34:29,762 - DEBUG -   [EL->SL] 成功添加18个EL解到SL种群
2025-04-08 13:34:29,762 - DEBUG - Updated probability model at iteration 384
2025-04-08 13:34:29,762 - INFO - Iteration 385/500: Phase=hybrid learning, SL ratio=0.10, EL ratio=0.90
2025-04-08 13:34:30,612 - DEBUG -   [SL->EL] 失败! SL最优解1889.00不如EL最差解1828.00
2025-04-08 13:34:30,614 - DEBUG -   [EL->SL] 成功添加18个EL解到SL种群
2025-04-08 13:34:30,615 - DEBUG - Updated probability model at iteration 385
2025-04-08 13:34:30,615 - INFO - Iteration 386/500: Phase=hybrid learning, SL ratio=0.10, EL ratio=0.90
2025-04-08 13:34:31,490 - DEBUG -   [SL->EL] 成功! 用SL最优解1825.00替换EL最差解1908.00, 改进了83.00
2025-04-08 13:34:31,493 - DEBUG -   [EL->SL] 成功添加18个EL解到SL种群
2025-04-08 13:34:31,494 - DEBUG - Updated probability model at iteration 386
2025-04-08 13:34:31,494 - INFO - Iteration 387/500: Phase=hybrid learning, SL ratio=0.10, EL ratio=0.90
2025-04-08 13:34:32,316 - DEBUG -   [SL->EL] 成功! 用SL最优解1812.00替换EL最差解1854.00, 改进了42.00
2025-04-08 13:34:32,319 - DEBUG -   [EL->SL] 成功添加18个EL解到SL种群
2025-04-08 13:34:32,319 - DEBUG - Updated probability model at iteration 387
2025-04-08 13:34:32,319 - INFO - Iteration 388/500: Phase=hybrid learning, SL ratio=0.10, EL ratio=0.90
2025-04-08 13:34:33,214 - DEBUG -   [SL->EL] 失败! SL最优解1846.00不如EL最差解1825.00
2025-04-08 13:34:33,217 - DEBUG -   [EL->SL] 成功添加18个EL解到SL种群
2025-04-08 13:34:33,218 - DEBUG - Updated probability model at iteration 388
2025-04-08 13:34:33,218 - INFO - Iteration 389/500: Phase=hybrid learning, SL ratio=0.10, EL ratio=0.90
2025-04-08 13:34:34,190 - DEBUG -   [SL->EL] 失败! SL最优解1813.00不如EL最差解1793.00
2025-04-08 13:34:34,194 - DEBUG -   [EL->SL] 成功添加18个EL解到SL种群
2025-04-08 13:34:34,194 - DEBUG - Updated probability model at iteration 389
2025-04-08 13:34:34,194 - INFO - Iteration 390/500: Phase=hybrid learning, SL ratio=0.10, EL ratio=0.90
2025-04-08 13:34:35,122 - DEBUG -   [SL->EL] 失败! SL最优解1836.00不如EL最差解1798.00
2025-04-08 13:34:35,125 - DEBUG -   [EL->SL] 成功添加18个EL解到SL种群
2025-04-08 13:34:35,126 - DEBUG - Updated probability model at iteration 390
2025-04-08 13:34:35,126 - INFO - Iteration 391/500: Phase=hybrid learning, SL ratio=0.10, EL ratio=0.90
2025-04-08 13:34:36,000 - DEBUG -   [SL->EL] 失败! SL最优解1838.00不如EL最差解1818.00
2025-04-08 13:34:36,002 - DEBUG -   [EL->SL] 成功添加18个EL解到SL种群
2025-04-08 13:34:36,003 - DEBUG - Updated probability model at iteration 391
2025-04-08 13:34:36,003 - INFO - Iteration 392/500: Phase=hybrid learning, SL ratio=0.10, EL ratio=0.90
2025-04-08 13:34:36,904 - DEBUG -   [SL->EL] 成功! 用SL最优解1782.00替换EL最差解1796.00, 改进了14.00
2025-04-08 13:34:36,907 - DEBUG -   [EL->SL] 成功添加18个EL解到SL种群
2025-04-08 13:34:36,907 - DEBUG - Updated probability model at iteration 392
2025-04-08 13:34:36,907 - INFO - Iteration 393/500: Phase=hybrid learning, SL ratio=0.10, EL ratio=0.90
2025-04-08 13:34:37,770 - DEBUG -   [SL->EL] 失败! SL最优解1842.00不如EL最差解1760.00
2025-04-08 13:34:37,772 - DEBUG -   [EL->SL] 成功添加18个EL解到SL种群
2025-04-08 13:34:37,772 - DEBUG - Updated probability model at iteration 393
2025-04-08 13:34:37,772 - INFO - Iteration 394/500: Phase=hybrid learning, SL ratio=0.10, EL ratio=0.90
2025-04-08 13:34:38,660 - DEBUG -   [SL->EL] 成功! 用SL最优解1723.00替换EL最差解1820.00, 改进了97.00
2025-04-08 13:34:38,662 - DEBUG -   [EL->SL] 成功添加18个EL解到SL种群
2025-04-08 13:34:38,662 - DEBUG - Updated probability model at iteration 394
2025-04-08 13:34:38,662 - INFO - Iteration 395/500: Phase=hybrid learning, SL ratio=0.10, EL ratio=0.90
2025-04-08 13:34:39,521 - DEBUG -   [SL->EL] 失败! SL最优解1810.00不如EL最差解1798.00
2025-04-08 13:34:39,524 - DEBUG -   [EL->SL] 成功添加18个EL解到SL种群
2025-04-08 13:34:39,525 - DEBUG - Updated probability model at iteration 395
2025-04-08 13:34:39,525 - INFO - Iteration 396/500: Phase=hybrid learning, SL ratio=0.10, EL ratio=0.90
2025-04-08 13:34:40,385 - DEBUG -   [SL->EL] 失败! SL最优解1804.00不如EL最差解1802.00
2025-04-08 13:34:40,387 - DEBUG -   [EL->SL] 成功添加18个EL解到SL种群
2025-04-08 13:34:40,389 - DEBUG - Updated probability model at iteration 396
2025-04-08 13:34:40,389 - INFO - Iteration 397/500: Phase=hybrid learning, SL ratio=0.10, EL ratio=0.90
2025-04-08 13:34:41,302 - DEBUG -   [SL->EL] 失败! SL最优解1807.00不如EL最差解1792.00
2025-04-08 13:34:41,305 - DEBUG -   [EL->SL] 成功添加18个EL解到SL种群
2025-04-08 13:34:41,306 - DEBUG - Updated probability model at iteration 397
2025-04-08 13:34:41,306 - INFO - Iteration 398/500: Phase=hybrid learning, SL ratio=0.10, EL ratio=0.90
2025-04-08 13:34:42,161 - DEBUG -   [SL->EL] 成功! 用SL最优解1828.00替换EL最差解1846.00, 改进了18.00
2025-04-08 13:34:42,164 - DEBUG -   [EL->SL] 成功添加18个EL解到SL种群
2025-04-08 13:34:42,164 - DEBUG - Updated probability model at iteration 398
2025-04-08 13:34:42,164 - INFO - Iteration 399/500: Phase=hybrid learning, SL ratio=0.10, EL ratio=0.90
2025-04-08 13:34:43,016 - DEBUG -   [SL->EL] 成功! 用SL最优解1771.00替换EL最差解1829.00, 改进了58.00
2025-04-08 13:34:43,018 - DEBUG -   [EL->SL] 成功添加18个EL解到SL种群
2025-04-08 13:34:43,019 - DEBUG - Updated probability model at iteration 399
2025-04-08 13:34:43,019 - INFO - Iteration 400/500: Phase=hybrid learning, SL ratio=0.10, EL ratio=0.90
2025-04-08 13:34:43,890 - DEBUG -   [SL->EL] 失败! SL最优解1839.00不如EL最差解1812.00
2025-04-08 13:34:43,893 - DEBUG -   [EL->SL] 成功添加18个EL解到SL种群
2025-04-08 13:34:43,893 - DEBUG - Updated probability model at iteration 400
2025-04-08 13:34:43,893 - INFO - Iteration 401/500: Phase=hybrid learning, SL ratio=0.10, EL ratio=0.90
2025-04-08 13:34:44,746 - DEBUG -   [SL->EL] 成功! 用SL最优解1750.00替换EL最差解1832.00, 改进了82.00
2025-04-08 13:34:44,749 - DEBUG -   [EL->SL] 成功添加18个EL解到SL种群
2025-04-08 13:34:44,749 - DEBUG - Updated probability model at iteration 401
2025-04-08 13:34:44,749 - INFO - Iteration 402/500: Phase=hybrid learning, SL ratio=0.10, EL ratio=0.90
2025-04-08 13:34:45,614 - DEBUG -   [SL->EL] 失败! SL最优解1849.00不如EL最差解1829.00
2025-04-08 13:34:45,617 - DEBUG -   [EL->SL] 成功添加18个EL解到SL种群
2025-04-08 13:34:45,617 - DEBUG - Updated probability model at iteration 402
2025-04-08 13:34:45,617 - INFO - Iteration 403/500: Phase=hybrid learning, SL ratio=0.10, EL ratio=0.90
2025-04-08 13:34:46,472 - DEBUG -   [SL->EL] 失败! SL最优解1822.00不如EL最差解1820.00
2025-04-08 13:34:46,476 - DEBUG -   [EL->SL] 成功添加18个EL解到SL种群
2025-04-08 13:34:46,476 - DEBUG - Updated probability model at iteration 403
2025-04-08 13:34:46,476 - INFO - Iteration 404/500: Phase=hybrid learning, SL ratio=0.10, EL ratio=0.90
2025-04-08 13:34:47,355 - DEBUG -   [SL->EL] 成功! 用SL最优解1742.00替换EL最差解1819.00, 改进了77.00
2025-04-08 13:34:47,358 - DEBUG -   [EL->SL] 成功添加18个EL解到SL种群
2025-04-08 13:34:47,358 - DEBUG - Updated probability model at iteration 404
2025-04-08 13:34:47,358 - INFO - Iteration 405/500: Phase=hybrid learning, SL ratio=0.10, EL ratio=0.90
2025-04-08 13:34:48,233 - DEBUG -   [SL->EL] 成功! 用SL最优解1778.00替换EL最差解1897.00, 改进了119.00
2025-04-08 13:34:48,236 - DEBUG -   [EL->SL] 成功添加18个EL解到SL种群
2025-04-08 13:34:48,236 - DEBUG - Updated probability model at iteration 405
2025-04-08 13:34:48,236 - INFO - Iteration 406/500: Phase=hybrid learning, SL ratio=0.10, EL ratio=0.90
2025-04-08 13:34:49,115 - DEBUG -   [SL->EL] 失败! SL最优解1798.00不如EL最差解1786.00
2025-04-08 13:34:49,118 - DEBUG -   [EL->SL] 成功添加18个EL解到SL种群
2025-04-08 13:34:49,118 - DEBUG - Updated probability model at iteration 406
2025-04-08 13:34:49,118 - INFO - Iteration 407/500: Phase=hybrid learning, SL ratio=0.10, EL ratio=0.90
2025-04-08 13:34:50,015 - DEBUG -   [SL->EL] 失败! SL最优解1775.00不如EL最差解1772.00
2025-04-08 13:34:50,019 - DEBUG -   [EL->SL] 成功添加18个EL解到SL种群
2025-04-08 13:34:50,019 - DEBUG - Updated probability model at iteration 407
2025-04-08 13:34:50,019 - INFO - Iteration 408/500: Phase=hybrid learning, SL ratio=0.10, EL ratio=0.90
2025-04-08 13:34:50,897 - DEBUG -   [SL->EL] 失败! SL最优解1813.00不如EL最差解1756.00
2025-04-08 13:34:50,901 - DEBUG -   [EL->SL] 成功添加18个EL解到SL种群
2025-04-08 13:34:50,902 - DEBUG - Updated probability model at iteration 408
2025-04-08 13:34:50,902 - INFO - Iteration 409/500: Phase=hybrid learning, SL ratio=0.10, EL ratio=0.90
2025-04-08 13:34:51,765 - DEBUG -   [SL->EL] 失败! SL最优解1825.00不如EL最差解1768.00
2025-04-08 13:34:51,768 - DEBUG -   [EL->SL] 成功添加18个EL解到SL种群
2025-04-08 13:34:51,769 - DEBUG - Updated probability model at iteration 409
2025-04-08 13:34:51,769 - INFO - Iteration 410/500: Phase=hybrid learning, SL ratio=0.10, EL ratio=0.90
2025-04-08 13:34:52,658 - DEBUG -   [SL->EL] 失败! SL最优解1830.00不如EL最差解1821.00
2025-04-08 13:34:52,661 - DEBUG -   [EL->SL] 成功添加18个EL解到SL种群
2025-04-08 13:34:52,662 - DEBUG - Updated probability model at iteration 410
2025-04-08 13:34:52,662 - INFO - Iteration 411/500: Phase=hybrid learning, SL ratio=0.10, EL ratio=0.90
2025-04-08 13:34:53,530 - DEBUG -   [SL->EL] 成功! 用SL最优解1789.00替换EL最差解1841.00, 改进了52.00
2025-04-08 13:34:53,533 - DEBUG -   [EL->SL] 成功添加18个EL解到SL种群
2025-04-08 13:34:53,534 - DEBUG - Updated probability model at iteration 411
2025-04-08 13:34:53,534 - INFO - Iteration 412/500: Phase=hybrid learning, SL ratio=0.10, EL ratio=0.90
2025-04-08 13:34:54,368 - DEBUG -   [SL->EL] 成功! 用SL最优解1790.00替换EL最差解1824.00, 改进了34.00
2025-04-08 13:34:54,372 - DEBUG -   [EL->SL] 成功添加18个EL解到SL种群
2025-04-08 13:34:54,372 - DEBUG - Updated probability model at iteration 412
2025-04-08 13:34:54,372 - INFO - Iteration 413/500: Phase=hybrid learning, SL ratio=0.10, EL ratio=0.90
2025-04-08 13:34:55,234 - DEBUG -   [SL->EL] 失败! SL最优解1826.00不如EL最差解1814.00
2025-04-08 13:34:55,237 - DEBUG -   [EL->SL] 成功添加18个EL解到SL种群
2025-04-08 13:34:55,237 - DEBUG - Updated probability model at iteration 413
2025-04-08 13:34:55,237 - INFO - Iteration 414/500: Phase=hybrid learning, SL ratio=0.10, EL ratio=0.90
2025-04-08 13:34:56,085 - DEBUG -   [SL->EL] 失败! SL最优解1862.00不如EL最差解1772.00
2025-04-08 13:34:56,087 - DEBUG -   [EL->SL] 成功添加18个EL解到SL种群
2025-04-08 13:34:56,087 - DEBUG - Updated probability model at iteration 414
2025-04-08 13:34:56,087 - INFO - Iteration 415/500: Phase=hybrid learning, SL ratio=0.10, EL ratio=0.90
2025-04-08 13:34:56,956 - DEBUG -   [SL->EL] 成功! 用SL最优解1770.00替换EL最差解1778.00, 改进了8.00
2025-04-08 13:34:56,959 - DEBUG -   [EL->SL] 成功添加18个EL解到SL种群
2025-04-08 13:34:56,959 - DEBUG - Updated probability model at iteration 415
2025-04-08 13:34:56,959 - INFO - Iteration 416/500: Phase=hybrid learning, SL ratio=0.10, EL ratio=0.90
2025-04-08 13:34:57,849 - DEBUG -   [SL->EL] 成功! 用SL最优解1790.00替换EL最差解1817.00, 改进了27.00
2025-04-08 13:34:57,852 - DEBUG -   [EL->SL] 成功添加18个EL解到SL种群
2025-04-08 13:34:57,852 - DEBUG - Updated probability model at iteration 416
2025-04-08 13:34:57,852 - INFO - Iteration 417/500: Phase=hybrid learning, SL ratio=0.10, EL ratio=0.90
2025-04-08 13:34:58,736 - DEBUG -   [SL->EL] 成功! 用SL最优解1786.00替换EL最差解1807.00, 改进了21.00
2025-04-08 13:34:58,738 - DEBUG -   [EL->SL] 成功添加18个EL解到SL种群
2025-04-08 13:34:58,739 - DEBUG - Updated probability model at iteration 417
2025-04-08 13:34:58,739 - INFO - Iteration 418/500: Phase=hybrid learning, SL ratio=0.10, EL ratio=0.90
2025-04-08 13:34:59,625 - DEBUG -   [SL->EL] 成功! 用SL最优解1774.00替换EL最差解1811.00, 改进了37.00
2025-04-08 13:34:59,627 - DEBUG -   [EL->SL] 成功添加18个EL解到SL种群
2025-04-08 13:34:59,628 - DEBUG - Updated probability model at iteration 418
2025-04-08 13:34:59,628 - INFO - Iteration 419/500: Phase=hybrid learning, SL ratio=0.10, EL ratio=0.90
2025-04-08 13:35:00,572 - DEBUG -   [SL->EL] 失败! SL最优解1807.00不如EL最差解1790.00
2025-04-08 13:35:00,575 - DEBUG -   [EL->SL] 成功添加18个EL解到SL种群
2025-04-08 13:35:00,576 - DEBUG - Updated probability model at iteration 419
2025-04-08 13:35:00,576 - INFO - Iteration 420/500: Phase=hybrid learning, SL ratio=0.10, EL ratio=0.90
2025-04-08 13:35:01,443 - DEBUG -   [SL->EL] 失败! SL最优解1833.00不如EL最差解1825.00
2025-04-08 13:35:01,445 - DEBUG -   [EL->SL] 成功添加18个EL解到SL种群
2025-04-08 13:35:01,445 - DEBUG - Updated probability model at iteration 420
2025-04-08 13:35:01,445 - INFO - Iteration 421/500: Phase=hybrid learning, SL ratio=0.10, EL ratio=0.90
2025-04-08 13:35:02,319 - DEBUG -   [SL->EL] 失败! SL最优解1832.00不如EL最差解1831.00
2025-04-08 13:35:02,321 - DEBUG -   [EL->SL] 成功添加18个EL解到SL种群
2025-04-08 13:35:02,322 - DEBUG - Updated probability model at iteration 421
2025-04-08 13:35:02,322 - INFO - Iteration 422/500: Phase=hybrid learning, SL ratio=0.10, EL ratio=0.90
2025-04-08 13:35:03,183 - DEBUG -   [SL->EL] 成功! 用SL最优解1742.00替换EL最差解1832.00, 改进了90.00
2025-04-08 13:35:03,186 - DEBUG -   [EL->SL] 成功添加18个EL解到SL种群
2025-04-08 13:35:03,186 - DEBUG - Updated probability model at iteration 422
2025-04-08 13:35:03,186 - INFO - Iteration 423/500: Phase=hybrid learning, SL ratio=0.10, EL ratio=0.90
2025-04-08 13:35:04,082 - DEBUG -   [SL->EL] 成功! 用SL最优解1752.00替换EL最差解1812.00, 改进了60.00
2025-04-08 13:35:04,083 - DEBUG -   [EL->SL] 成功添加18个EL解到SL种群
2025-04-08 13:35:04,084 - DEBUG - Updated probability model at iteration 423
2025-04-08 13:35:04,084 - INFO - Iteration 424/500: Phase=hybrid learning, SL ratio=0.10, EL ratio=0.90
2025-04-08 13:35:04,926 - DEBUG -   [SL->EL] 成功! 用SL最优解1821.00替换EL最差解1918.00, 改进了97.00
2025-04-08 13:35:04,930 - DEBUG -   [EL->SL] 成功添加18个EL解到SL种群
2025-04-08 13:35:04,931 - DEBUG - Updated probability model at iteration 424
2025-04-08 13:35:04,931 - INFO - Iteration 425/500: Phase=hybrid learning, SL ratio=0.10, EL ratio=0.90
2025-04-08 13:35:05,798 - DEBUG -   [SL->EL] 失败! SL最优解1846.00不如EL最差解1846.00
2025-04-08 13:35:05,801 - DEBUG -   [EL->SL] 成功添加18个EL解到SL种群
2025-04-08 13:35:05,802 - DEBUG - Updated probability model at iteration 425
2025-04-08 13:35:05,802 - INFO - Iteration 426/500: Phase=hybrid learning, SL ratio=0.10, EL ratio=0.90
2025-04-08 13:35:06,670 - DEBUG -   [SL->EL] 失败! SL最优解1821.00不如EL最差解1816.00
2025-04-08 13:35:06,673 - DEBUG -   [EL->SL] 成功添加18个EL解到SL种群
2025-04-08 13:35:06,673 - DEBUG - Updated probability model at iteration 426
2025-04-08 13:35:06,673 - INFO - Iteration 427/500: Phase=hybrid learning, SL ratio=0.10, EL ratio=0.90
2025-04-08 13:35:07,510 - DEBUG -   [SL->EL] 成功! 用SL最优解1785.00替换EL最差解1822.00, 改进了37.00
2025-04-08 13:35:07,513 - DEBUG -   [EL->SL] 成功添加18个EL解到SL种群
2025-04-08 13:35:07,514 - DEBUG - Updated probability model at iteration 427
2025-04-08 13:35:07,514 - INFO - Iteration 428/500: Phase=hybrid learning, SL ratio=0.10, EL ratio=0.90
2025-04-08 13:35:08,367 - DEBUG -   [SL->EL] 失败! SL最优解1814.00不如EL最差解1785.00
2025-04-08 13:35:08,369 - DEBUG -   [EL->SL] 成功添加18个EL解到SL种群
2025-04-08 13:35:08,369 - DEBUG - Updated probability model at iteration 428
2025-04-08 13:35:08,369 - INFO - Iteration 429/500: Phase=hybrid learning, SL ratio=0.10, EL ratio=0.90
2025-04-08 13:35:09,231 - DEBUG -   [SL->EL] 失败! SL最优解1820.00不如EL最差解1810.00
2025-04-08 13:35:09,234 - DEBUG -   [EL->SL] 成功添加18个EL解到SL种群
2025-04-08 13:35:09,234 - DEBUG - Updated probability model at iteration 429
2025-04-08 13:35:09,234 - INFO - Iteration 430/500: Phase=hybrid learning, SL ratio=0.10, EL ratio=0.90
2025-04-08 13:35:10,088 - DEBUG -   [SL->EL] 失败! SL最优解1804.00不如EL最差解1781.00
2025-04-08 13:35:10,092 - DEBUG -   [EL->SL] 成功添加18个EL解到SL种群
2025-04-08 13:35:10,092 - DEBUG - Updated probability model at iteration 430
2025-04-08 13:35:10,092 - INFO - Iteration 431/500: Phase=hybrid learning, SL ratio=0.10, EL ratio=0.90
2025-04-08 13:35:10,983 - DEBUG -   [SL->EL] 成功! 用SL最优解1768.00替换EL最差解1770.00, 改进了2.00
2025-04-08 13:35:10,985 - DEBUG -   [EL->SL] 成功添加18个EL解到SL种群
2025-04-08 13:35:10,986 - DEBUG - Updated probability model at iteration 431
2025-04-08 13:35:10,986 - INFO - Iteration 432/500: Phase=hybrid learning, SL ratio=0.10, EL ratio=0.90
2025-04-08 13:35:11,867 - DEBUG -   [SL->EL] 失败! SL最优解1890.00不如EL最差解1848.00
2025-04-08 13:35:11,870 - DEBUG -   [EL->SL] 成功添加18个EL解到SL种群
2025-04-08 13:35:11,870 - DEBUG - Updated probability model at iteration 432
2025-04-08 13:35:11,870 - INFO - Iteration 433/500: Phase=hybrid learning, SL ratio=0.10, EL ratio=0.90
2025-04-08 13:35:12,760 - DEBUG -   [SL->EL] 成功! 用SL最优解1809.00替换EL最差解1810.00, 改进了1.00
2025-04-08 13:35:12,762 - DEBUG -   [EL->SL] 成功添加18个EL解到SL种群
2025-04-08 13:35:12,762 - DEBUG - Updated probability model at iteration 433
2025-04-08 13:35:12,762 - INFO - Iteration 434/500: Phase=hybrid learning, SL ratio=0.10, EL ratio=0.90
2025-04-08 13:35:13,634 - DEBUG -   [SL->EL] 失败! SL最优解1765.00不如EL最差解1758.00
2025-04-08 13:35:13,637 - DEBUG -   [EL->SL] 成功添加18个EL解到SL种群
2025-04-08 13:35:13,637 - DEBUG - Updated probability model at iteration 434
2025-04-08 13:35:13,637 - INFO - Iteration 435/500: Phase=hybrid learning, SL ratio=0.10, EL ratio=0.90
2025-04-08 13:35:14,488 - DEBUG -   [SL->EL] 失败! SL最优解1827.00不如EL最差解1823.00
2025-04-08 13:35:14,490 - DEBUG -   [EL->SL] 成功添加18个EL解到SL种群
2025-04-08 13:35:14,491 - DEBUG - Updated probability model at iteration 435
2025-04-08 13:35:14,491 - INFO - Iteration 436/500: Phase=hybrid learning, SL ratio=0.10, EL ratio=0.90
2025-04-08 13:35:15,355 - DEBUG -   [SL->EL] 成功! 用SL最优解1755.00替换EL最差解1772.00, 改进了17.00
2025-04-08 13:35:15,357 - DEBUG -   [EL->SL] 成功添加18个EL解到SL种群
2025-04-08 13:35:15,357 - DEBUG - Updated probability model at iteration 436
2025-04-08 13:35:15,357 - INFO - Iteration 437/500: Phase=hybrid learning, SL ratio=0.10, EL ratio=0.90
2025-04-08 13:35:16,207 - DEBUG -   [SL->EL] 失败! SL最优解1888.00不如EL最差解1812.00
2025-04-08 13:35:16,210 - DEBUG -   [EL->SL] 成功添加18个EL解到SL种群
2025-04-08 13:35:16,210 - DEBUG - Updated probability model at iteration 437
2025-04-08 13:35:16,210 - INFO - Iteration 438/500: Phase=hybrid learning, SL ratio=0.10, EL ratio=0.90
2025-04-08 13:35:17,074 - DEBUG -   [SL->EL] 失败! SL最优解1825.00不如EL最差解1766.00
2025-04-08 13:35:17,078 - DEBUG -   [EL->SL] 成功添加18个EL解到SL种群
2025-04-08 13:35:17,078 - DEBUG - Updated probability model at iteration 438
2025-04-08 13:35:17,078 - INFO - Iteration 439/500: Phase=hybrid learning, SL ratio=0.10, EL ratio=0.90
2025-04-08 13:35:17,968 - DEBUG -   [SL->EL] 成功! 用SL最优解1807.00替换EL最差解1817.00, 改进了10.00
2025-04-08 13:35:17,970 - DEBUG -   [EL->SL] 成功添加18个EL解到SL种群
2025-04-08 13:35:17,970 - DEBUG - Updated probability model at iteration 439
2025-04-08 13:35:17,970 - INFO - Iteration 440/500: Phase=hybrid learning, SL ratio=0.10, EL ratio=0.90
2025-04-08 13:35:18,876 - DEBUG -   [SL->EL] 成功! 用SL最优解1809.00替换EL最差解1849.00, 改进了40.00
2025-04-08 13:35:18,879 - DEBUG -   [EL->SL] 成功添加18个EL解到SL种群
2025-04-08 13:35:18,879 - DEBUG - Updated probability model at iteration 440
2025-04-08 13:35:18,879 - INFO - Iteration 441/500: Phase=hybrid learning, SL ratio=0.10, EL ratio=0.90
2025-04-08 13:35:19,791 - DEBUG -   [SL->EL] 失败! SL最优解1886.00不如EL最差解1848.00
2025-04-08 13:35:19,793 - DEBUG -   [EL->SL] 成功添加18个EL解到SL种群
2025-04-08 13:35:19,793 - DEBUG - Updated probability model at iteration 441
2025-04-08 13:35:19,793 - INFO - Iteration 442/500: Phase=hybrid learning, SL ratio=0.10, EL ratio=0.90
2025-04-08 13:35:20,693 - DEBUG -   [SL->EL] 成功! 用SL最优解1735.00替换EL最差解1779.00, 改进了44.00
2025-04-08 13:35:20,697 - DEBUG -   [EL->SL] 成功添加18个EL解到SL种群
2025-04-08 13:35:20,697 - DEBUG - Updated probability model at iteration 442
2025-04-08 13:35:20,697 - INFO - Iteration 443/500: Phase=hybrid learning, SL ratio=0.10, EL ratio=0.90
2025-04-08 13:35:21,581 - DEBUG -   [SL->EL] 成功! 用SL最优解1765.00替换EL最差解1781.00, 改进了16.00
2025-04-08 13:35:21,584 - DEBUG -   [EL->SL] 成功添加18个EL解到SL种群
2025-04-08 13:35:21,585 - DEBUG - Updated probability model at iteration 443
2025-04-08 13:35:21,585 - INFO - Iteration 444/500: Phase=hybrid learning, SL ratio=0.10, EL ratio=0.90
2025-04-08 13:35:22,500 - DEBUG -   [SL->EL] 失败! SL最优解1792.00不如EL最差解1771.00
2025-04-08 13:35:22,503 - DEBUG -   [EL->SL] 成功添加18个EL解到SL种群
2025-04-08 13:35:22,504 - DEBUG - Updated probability model at iteration 444
2025-04-08 13:35:22,504 - INFO - Iteration 445/500: Phase=hybrid learning, SL ratio=0.10, EL ratio=0.90
2025-04-08 13:35:23,424 - DEBUG -   [SL->EL] 失败! SL最优解1763.00不如EL最差解1746.00
2025-04-08 13:35:23,426 - DEBUG -   [EL->SL] 成功添加18个EL解到SL种群
2025-04-08 13:35:23,426 - DEBUG - Updated probability model at iteration 445
2025-04-08 13:35:23,428 - INFO - Iteration 446/500: Phase=hybrid learning, SL ratio=0.10, EL ratio=0.90
2025-04-08 13:35:24,363 - DEBUG -   [SL->EL] 失败! SL最优解1843.00不如EL最差解1832.00
2025-04-08 13:35:24,367 - DEBUG -   [EL->SL] 成功添加18个EL解到SL种群
2025-04-08 13:35:24,368 - DEBUG - Updated probability model at iteration 446
2025-04-08 13:35:24,368 - INFO - Iteration 447/500: Phase=hybrid learning, SL ratio=0.10, EL ratio=0.90
2025-04-08 13:35:25,326 - DEBUG -   [SL->EL] 失败! SL最优解1865.00不如EL最差解1839.00
2025-04-08 13:35:25,330 - DEBUG -   [EL->SL] 成功添加18个EL解到SL种群
2025-04-08 13:35:25,330 - DEBUG - Updated probability model at iteration 447
2025-04-08 13:35:25,330 - INFO - Iteration 448/500: Phase=hybrid learning, SL ratio=0.10, EL ratio=0.90
2025-04-08 13:35:26,212 - DEBUG -   [SL->EL] 失败! SL最优解1861.00不如EL最差解1827.00
2025-04-08 13:35:26,216 - DEBUG -   [EL->SL] 成功添加18个EL解到SL种群
2025-04-08 13:35:26,216 - DEBUG - Updated probability model at iteration 448
2025-04-08 13:35:26,216 - INFO - Iteration 449/500: Phase=hybrid learning, SL ratio=0.10, EL ratio=0.90
2025-04-08 13:35:27,082 - DEBUG -   [SL->EL] 成功! 用SL最优解1783.00替换EL最差解1844.00, 改进了61.00
2025-04-08 13:35:27,084 - DEBUG -   [EL->SL] 成功添加18个EL解到SL种群
2025-04-08 13:35:27,085 - DEBUG - Updated probability model at iteration 449
2025-04-08 13:35:27,085 - INFO - Iteration 450/500: Phase=hybrid learning, SL ratio=0.10, EL ratio=0.90
2025-04-08 13:35:27,963 - DEBUG -   [SL->EL] 成功! 用SL最优解1783.00替换EL最差解1891.00, 改进了108.00
2025-04-08 13:35:27,966 - DEBUG -   [EL->SL] 成功添加18个EL解到SL种群
2025-04-08 13:35:27,966 - DEBUG - Updated probability model at iteration 450
2025-04-08 13:35:27,966 - INFO - Iteration 451/500: Phase=hybrid learning, SL ratio=0.10, EL ratio=0.90
2025-04-08 13:35:28,813 - DEBUG -   [SL->EL] 失败! SL最优解1833.00不如EL最差解1780.00
2025-04-08 13:35:28,815 - DEBUG -   [EL->SL] 成功添加18个EL解到SL种群
2025-04-08 13:35:28,816 - DEBUG - Updated probability model at iteration 451
2025-04-08 13:35:28,816 - INFO - Iteration 452/500: Phase=hybrid learning, SL ratio=0.10, EL ratio=0.90
2025-04-08 13:35:29,701 - DEBUG -   [SL->EL] 成功! 用SL最优解1824.00替换EL最差解1840.00, 改进了16.00
2025-04-08 13:35:29,704 - DEBUG -   [EL->SL] 成功添加18个EL解到SL种群
2025-04-08 13:35:29,704 - DEBUG - Updated probability model at iteration 452
2025-04-08 13:35:29,704 - INFO - Iteration 453/500: Phase=hybrid learning, SL ratio=0.10, EL ratio=0.90
2025-04-08 13:35:30,615 - DEBUG -   [SL->EL] 失败! SL最优解1797.00不如EL最差解1788.00
2025-04-08 13:35:30,618 - DEBUG -   [EL->SL] 成功添加18个EL解到SL种群
2025-04-08 13:35:30,619 - DEBUG - Updated probability model at iteration 453
2025-04-08 13:35:30,619 - INFO - Iteration 454/500: Phase=hybrid learning, SL ratio=0.10, EL ratio=0.90
2025-04-08 13:35:31,534 - DEBUG -   [SL->EL] 失败! SL最优解1828.00不如EL最差解1783.00
2025-04-08 13:35:31,537 - DEBUG -   [EL->SL] 成功添加18个EL解到SL种群
2025-04-08 13:35:31,537 - DEBUG - Updated probability model at iteration 454
2025-04-08 13:35:31,537 - INFO - Iteration 455/500: Phase=hybrid learning, SL ratio=0.10, EL ratio=0.90
2025-04-08 13:35:32,410 - INFO - In generation 455，New best makespan: 1604.00, source: el
2025-04-08 13:35:32,412 - DEBUG -   [SL->EL] 成功! 用SL最优解1816.00替换EL最差解1828.00, 改进了12.00
2025-04-08 13:35:32,414 - DEBUG -   [EL->SL] 成功添加18个EL解到SL种群
2025-04-08 13:35:32,414 - DEBUG - Updated probability model at iteration 455
2025-04-08 13:35:32,414 - INFO - Iteration 456/500: Phase=hybrid learning, SL ratio=0.10, EL ratio=0.90
2025-04-08 13:35:33,306 - DEBUG -   [SL->EL] 成功! 用SL最优解1760.00替换EL最差解1870.00, 改进了110.00
2025-04-08 13:35:33,309 - DEBUG -   [EL->SL] 成功添加18个EL解到SL种群
2025-04-08 13:35:33,309 - DEBUG - Updated probability model at iteration 456
2025-04-08 13:35:33,309 - INFO - Iteration 457/500: Phase=hybrid learning, SL ratio=0.10, EL ratio=0.90
2025-04-08 13:35:34,214 - DEBUG -   [SL->EL] 成功! 用SL最优解1793.00替换EL最差解1801.00, 改进了8.00
2025-04-08 13:35:34,218 - DEBUG -   [EL->SL] 成功添加18个EL解到SL种群
2025-04-08 13:35:34,218 - DEBUG - Updated probability model at iteration 457
2025-04-08 13:35:34,218 - INFO - Iteration 458/500: Phase=hybrid learning, SL ratio=0.10, EL ratio=0.90
2025-04-08 13:35:35,081 - DEBUG -   [SL->EL] 成功! 用SL最优解1779.00替换EL最差解1832.00, 改进了53.00
2025-04-08 13:35:35,083 - DEBUG -   [EL->SL] 成功添加18个EL解到SL种群
2025-04-08 13:35:35,083 - DEBUG - Updated probability model at iteration 458
2025-04-08 13:35:35,083 - INFO - Iteration 459/500: Phase=hybrid learning, SL ratio=0.10, EL ratio=0.90
2025-04-08 13:35:35,983 - DEBUG -   [SL->EL] 成功! 用SL最优解1739.00替换EL最差解1764.00, 改进了25.00
2025-04-08 13:35:35,986 - DEBUG -   [EL->SL] 成功添加18个EL解到SL种群
2025-04-08 13:35:35,986 - DEBUG - Updated probability model at iteration 459
2025-04-08 13:35:35,986 - INFO - EL has been consistently better for 5 iterations, adjusting ratios: SL=0.10, EL=0.90
2025-04-08 13:35:35,987 - INFO - Iteration 460/500: Phase=hybrid learning, SL ratio=0.10, EL ratio=0.90
2025-04-08 13:35:36,830 - INFO - In generation 460，New best makespan: 1602.00, source: el
2025-04-08 13:35:36,830 - DEBUG -   [SL->EL] 失败! SL最优解1794.00不如EL最差解1755.00
2025-04-08 13:35:36,833 - DEBUG -   [EL->SL] 成功添加18个EL解到SL种群
2025-04-08 13:35:36,833 - DEBUG - Updated probability model at iteration 460
2025-04-08 13:35:36,833 - INFO - Iteration 461/500: Phase=hybrid learning, SL ratio=0.10, EL ratio=0.90
2025-04-08 13:35:37,693 - DEBUG -   [SL->EL] 失败! SL最优解1807.00不如EL最差解1768.00
2025-04-08 13:35:37,696 - DEBUG -   [EL->SL] 成功添加18个EL解到SL种群
2025-04-08 13:35:37,696 - DEBUG - Updated probability model at iteration 461
2025-04-08 13:35:37,696 - INFO - Iteration 462/500: Phase=hybrid learning, SL ratio=0.10, EL ratio=0.90
2025-04-08 13:35:38,572 - DEBUG -   [SL->EL] 失败! SL最优解1903.00不如EL最差解1812.00
2025-04-08 13:35:38,575 - DEBUG -   [EL->SL] 成功添加18个EL解到SL种群
2025-04-08 13:35:38,576 - DEBUG - Updated probability model at iteration 462
2025-04-08 13:35:38,576 - INFO - Iteration 463/500: Phase=hybrid learning, SL ratio=0.10, EL ratio=0.90
2025-04-08 13:35:39,455 - DEBUG -   [SL->EL] 成功! 用SL最优解1729.00替换EL最差解1815.00, 改进了86.00
2025-04-08 13:35:39,457 - DEBUG -   [EL->SL] 成功添加18个EL解到SL种群
2025-04-08 13:35:39,458 - DEBUG - Updated probability model at iteration 463
2025-04-08 13:35:39,458 - INFO - Iteration 464/500: Phase=hybrid learning, SL ratio=0.10, EL ratio=0.90
2025-04-08 13:35:40,355 - DEBUG -   [SL->EL] 失败! SL最优解1825.00不如EL最差解1824.00
2025-04-08 13:35:40,358 - DEBUG -   [EL->SL] 成功添加18个EL解到SL种群
2025-04-08 13:35:40,358 - DEBUG - Updated probability model at iteration 464
2025-04-08 13:35:40,358 - INFO - EL has been consistently better for 5 iterations, adjusting ratios: SL=0.10, EL=0.90
2025-04-08 13:35:40,358 - INFO - Iteration 465/500: Phase=hybrid learning, SL ratio=0.10, EL ratio=0.90
2025-04-08 13:35:41,268 - DEBUG -   [SL->EL] 失败! SL最优解1903.00不如EL最差解1816.00
2025-04-08 13:35:41,271 - DEBUG -   [EL->SL] 成功添加18个EL解到SL种群
2025-04-08 13:35:41,272 - DEBUG - Updated probability model at iteration 465
2025-04-08 13:35:41,272 - INFO - Iteration 466/500: Phase=hybrid learning, SL ratio=0.10, EL ratio=0.90
2025-04-08 13:35:42,131 - DEBUG -   [SL->EL] 成功! 用SL最优解1818.00替换EL最差解1826.00, 改进了8.00
2025-04-08 13:35:42,134 - DEBUG -   [EL->SL] 成功添加18个EL解到SL种群
2025-04-08 13:35:42,134 - DEBUG - Updated probability model at iteration 466
2025-04-08 13:35:42,134 - INFO - Iteration 467/500: Phase=hybrid learning, SL ratio=0.10, EL ratio=0.90
2025-04-08 13:35:42,976 - DEBUG -   [SL->EL] 失败! SL最优解1831.00不如EL最差解1792.00
2025-04-08 13:35:42,979 - DEBUG -   [EL->SL] 成功添加18个EL解到SL种群
2025-04-08 13:35:42,979 - DEBUG - Updated probability model at iteration 467
2025-04-08 13:35:42,979 - INFO - Iteration 468/500: Phase=hybrid learning, SL ratio=0.10, EL ratio=0.90
2025-04-08 13:35:43,882 - DEBUG -   [SL->EL] 成功! 用SL最优解1776.00替换EL最差解1825.00, 改进了49.00
2025-04-08 13:35:43,885 - DEBUG -   [EL->SL] 成功添加18个EL解到SL种群
2025-04-08 13:35:43,886 - DEBUG - Updated probability model at iteration 468
2025-04-08 13:35:43,886 - INFO - Iteration 469/500: Phase=hybrid learning, SL ratio=0.10, EL ratio=0.90
2025-04-08 13:35:44,781 - DEBUG -   [SL->EL] 失败! SL最优解1792.00不如EL最差解1757.00
2025-04-08 13:35:44,784 - DEBUG -   [EL->SL] 成功添加18个EL解到SL种群
2025-04-08 13:35:44,784 - DEBUG - Updated probability model at iteration 469
2025-04-08 13:35:44,784 - INFO - EL has been consistently better for 5 iterations, adjusting ratios: SL=0.10, EL=0.90
2025-04-08 13:35:44,784 - INFO - Iteration 470/500: Phase=hybrid learning, SL ratio=0.10, EL ratio=0.90
2025-04-08 13:35:45,641 - DEBUG -   [SL->EL] 成功! 用SL最优解1760.00替换EL最差解1856.00, 改进了96.00
2025-04-08 13:35:45,644 - DEBUG -   [EL->SL] 成功添加18个EL解到SL种群
2025-04-08 13:35:45,644 - DEBUG - Updated probability model at iteration 470
2025-04-08 13:35:45,644 - INFO - Iteration 471/500: Phase=hybrid learning, SL ratio=0.10, EL ratio=0.90
2025-04-08 13:35:46,500 - DEBUG -   [SL->EL] 失败! SL最优解1867.00不如EL最差解1771.00
2025-04-08 13:35:46,503 - DEBUG -   [EL->SL] 成功添加18个EL解到SL种群
2025-04-08 13:35:46,503 - DEBUG - Updated probability model at iteration 471
2025-04-08 13:35:46,503 - INFO - Iteration 472/500: Phase=hybrid learning, SL ratio=0.10, EL ratio=0.90
2025-04-08 13:35:47,391 - DEBUG -   [SL->EL] 成功! 用SL最优解1757.00替换EL最差解1790.00, 改进了33.00
2025-04-08 13:35:47,395 - DEBUG -   [EL->SL] 成功添加18个EL解到SL种群
2025-04-08 13:35:47,395 - DEBUG - Updated probability model at iteration 472
2025-04-08 13:35:47,395 - INFO - Iteration 473/500: Phase=hybrid learning, SL ratio=0.10, EL ratio=0.90
2025-04-08 13:35:48,222 - DEBUG -   [SL->EL] 成功! 用SL最优解1783.00替换EL最差解1812.00, 改进了29.00
2025-04-08 13:35:48,224 - DEBUG -   [EL->SL] 成功添加18个EL解到SL种群
2025-04-08 13:35:48,224 - DEBUG - Updated probability model at iteration 473
2025-04-08 13:35:48,225 - INFO - Iteration 474/500: Phase=hybrid learning, SL ratio=0.10, EL ratio=0.90
2025-04-08 13:35:49,068 - DEBUG -   [SL->EL] 失败! SL最优解1859.00不如EL最差解1796.00
2025-04-08 13:35:49,071 - DEBUG -   [EL->SL] 成功添加18个EL解到SL种群
2025-04-08 13:35:49,071 - DEBUG - Updated probability model at iteration 474
2025-04-08 13:35:49,071 - INFO - EL has been consistently better for 5 iterations, adjusting ratios: SL=0.10, EL=0.90
2025-04-08 13:35:49,071 - INFO - Iteration 475/500: Phase=hybrid learning, SL ratio=0.10, EL ratio=0.90
2025-04-08 13:35:49,967 - DEBUG -   [SL->EL] 失败! SL最优解1889.00不如EL最差解1808.00
2025-04-08 13:35:49,969 - DEBUG -   [EL->SL] 成功添加18个EL解到SL种群
2025-04-08 13:35:49,969 - DEBUG - Updated probability model at iteration 475
2025-04-08 13:35:49,969 - INFO - Iteration 476/500: Phase=hybrid learning, SL ratio=0.10, EL ratio=0.90
2025-04-08 13:35:50,803 - DEBUG -   [SL->EL] 失败! SL最优解1784.00不如EL最差解1784.00
2025-04-08 13:35:50,806 - DEBUG -   [EL->SL] 成功添加18个EL解到SL种群
2025-04-08 13:35:50,806 - DEBUG - Updated probability model at iteration 476
2025-04-08 13:35:50,806 - INFO - Iteration 477/500: Phase=hybrid learning, SL ratio=0.10, EL ratio=0.90
2025-04-08 13:35:51,684 - DEBUG -   [SL->EL] 失败! SL最优解1805.00不如EL最差解1780.00
2025-04-08 13:35:51,686 - DEBUG -   [EL->SL] 成功添加18个EL解到SL种群
2025-04-08 13:35:51,687 - DEBUG - Updated probability model at iteration 477
2025-04-08 13:35:51,687 - INFO - Iteration 478/500: Phase=hybrid learning, SL ratio=0.10, EL ratio=0.90
2025-04-08 13:35:52,537 - DEBUG -   [SL->EL] 失败! SL最优解1797.00不如EL最差解1765.00
2025-04-08 13:35:52,540 - DEBUG -   [EL->SL] 成功添加18个EL解到SL种群
2025-04-08 13:35:52,540 - DEBUG - Updated probability model at iteration 478
2025-04-08 13:35:52,540 - INFO - Iteration 479/500: Phase=hybrid learning, SL ratio=0.10, EL ratio=0.90
2025-04-08 13:35:53,406 - DEBUG -   [SL->EL] 成功! 用SL最优解1843.00替换EL最差解1869.00, 改进了26.00
2025-04-08 13:35:53,408 - DEBUG -   [EL->SL] 成功添加18个EL解到SL种群
2025-04-08 13:35:53,409 - DEBUG - Updated probability model at iteration 479
2025-04-08 13:35:53,409 - INFO - EL has been consistently better for 5 iterations, adjusting ratios: SL=0.10, EL=0.90
2025-04-08 13:35:53,410 - INFO - Iteration 480/500: Phase=hybrid learning, SL ratio=0.10, EL ratio=0.90
2025-04-08 13:35:54,268 - DEBUG -   [SL->EL] 失败! SL最优解1775.00不如EL最差解1760.00
2025-04-08 13:35:54,271 - DEBUG -   [EL->SL] 成功添加18个EL解到SL种群
2025-04-08 13:35:54,271 - DEBUG - Updated probability model at iteration 480
2025-04-08 13:35:54,271 - INFO - Iteration 481/500: Phase=hybrid learning, SL ratio=0.10, EL ratio=0.90
2025-04-08 13:35:55,109 - DEBUG -   [SL->EL] 成功! 用SL最优解1746.00替换EL最差解1832.00, 改进了86.00
2025-04-08 13:35:55,112 - DEBUG -   [EL->SL] 成功添加18个EL解到SL种群
2025-04-08 13:35:55,112 - DEBUG - Updated probability model at iteration 481
2025-04-08 13:35:55,112 - INFO - Iteration 482/500: Phase=hybrid learning, SL ratio=0.10, EL ratio=0.90
2025-04-08 13:35:55,982 - DEBUG -   [SL->EL] 成功! 用SL最优解1791.00替换EL最差解1798.00, 改进了7.00
2025-04-08 13:35:55,985 - DEBUG -   [EL->SL] 成功添加18个EL解到SL种群
2025-04-08 13:35:55,985 - DEBUG - Updated probability model at iteration 482
2025-04-08 13:35:55,985 - INFO - Iteration 483/500: Phase=hybrid learning, SL ratio=0.10, EL ratio=0.90
2025-04-08 13:35:56,881 - DEBUG -   [SL->EL] 失败! SL最优解1759.00不如EL最差解1736.00
2025-04-08 13:35:56,884 - DEBUG -   [EL->SL] 成功添加18个EL解到SL种群
2025-04-08 13:35:56,884 - DEBUG - Updated probability model at iteration 483
2025-04-08 13:35:56,884 - INFO - Iteration 484/500: Phase=hybrid learning, SL ratio=0.10, EL ratio=0.90
2025-04-08 13:35:57,775 - DEBUG -   [SL->EL] 成功! 用SL最优解1759.00替换EL最差解1808.00, 改进了49.00
2025-04-08 13:35:57,778 - DEBUG -   [EL->SL] 成功添加18个EL解到SL种群
2025-04-08 13:35:57,779 - DEBUG - Updated probability model at iteration 484
2025-04-08 13:35:57,779 - INFO - Iteration 485/500: Phase=hybrid learning, SL ratio=0.10, EL ratio=0.90
2025-04-08 13:35:58,656 - DEBUG -   [SL->EL] 失败! SL最优解1823.00不如EL最差解1784.00
2025-04-08 13:35:58,659 - DEBUG -   [EL->SL] 成功添加18个EL解到SL种群
2025-04-08 13:35:58,659 - DEBUG - Updated probability model at iteration 485
2025-04-08 13:35:58,659 - INFO - Iteration 486/500: Phase=hybrid learning, SL ratio=0.10, EL ratio=0.90
2025-04-08 13:35:59,571 - DEBUG -   [SL->EL] 成功! 用SL最优解1775.00替换EL最差解1814.00, 改进了39.00
2025-04-08 13:35:59,572 - DEBUG -   [EL->SL] 成功添加18个EL解到SL种群
2025-04-08 13:35:59,573 - DEBUG - Updated probability model at iteration 486
2025-04-08 13:35:59,573 - INFO - Iteration 487/500: Phase=hybrid learning, SL ratio=0.10, EL ratio=0.90
2025-04-08 13:36:00,454 - DEBUG -   [SL->EL] 失败! SL最优解1813.00不如EL最差解1809.00
2025-04-08 13:36:00,457 - DEBUG -   [EL->SL] 成功添加18个EL解到SL种群
2025-04-08 13:36:00,457 - DEBUG - Updated probability model at iteration 487
2025-04-08 13:36:00,457 - INFO - Iteration 488/500: Phase=hybrid learning, SL ratio=0.10, EL ratio=0.90
2025-04-08 13:36:01,376 - DEBUG -   [SL->EL] 失败! SL最优解1793.00不如EL最差解1770.00
2025-04-08 13:36:01,379 - DEBUG -   [EL->SL] 成功添加18个EL解到SL种群
2025-04-08 13:36:01,380 - DEBUG - Updated probability model at iteration 488
2025-04-08 13:36:01,380 - INFO - Iteration 489/500: Phase=hybrid learning, SL ratio=0.10, EL ratio=0.90
2025-04-08 13:36:02,288 - DEBUG -   [SL->EL] 成功! 用SL最优解1795.00替换EL最差解1906.00, 改进了111.00
2025-04-08 13:36:02,291 - DEBUG -   [EL->SL] 成功添加18个EL解到SL种群
2025-04-08 13:36:02,291 - DEBUG - Updated probability model at iteration 489
2025-04-08 13:36:02,291 - INFO - Iteration 490/500: Phase=hybrid learning, SL ratio=0.10, EL ratio=0.90
2025-04-08 13:36:03,237 - DEBUG -   [SL->EL] 失败! SL最优解1874.00不如EL最差解1774.00
2025-04-08 13:36:03,240 - DEBUG -   [EL->SL] 成功添加18个EL解到SL种群
2025-04-08 13:36:03,240 - DEBUG - Updated probability model at iteration 490
2025-04-08 13:36:03,240 - INFO - Iteration 491/500: Phase=hybrid learning, SL ratio=0.10, EL ratio=0.90
2025-04-08 13:36:04,131 - DEBUG -   [SL->EL] 成功! 用SL最优解1711.00替换EL最差解1834.00, 改进了123.00
2025-04-08 13:36:04,134 - DEBUG -   [EL->SL] 成功添加18个EL解到SL种群
2025-04-08 13:36:04,135 - DEBUG - Updated probability model at iteration 491
2025-04-08 13:36:04,135 - INFO - Iteration 492/500: Phase=hybrid learning, SL ratio=0.10, EL ratio=0.90
2025-04-08 13:36:05,011 - DEBUG -   [SL->EL] 失败! SL最优解1829.00不如EL最差解1798.00
2025-04-08 13:36:05,014 - DEBUG -   [EL->SL] 成功添加18个EL解到SL种群
2025-04-08 13:36:05,014 - DEBUG - Updated probability model at iteration 492
2025-04-08 13:36:05,014 - INFO - Iteration 493/500: Phase=hybrid learning, SL ratio=0.10, EL ratio=0.90
2025-04-08 13:36:05,857 - DEBUG -   [SL->EL] 成功! 用SL最优解1773.00替换EL最差解1793.00, 改进了20.00
2025-04-08 13:36:05,859 - DEBUG -   [EL->SL] 成功添加18个EL解到SL种群
2025-04-08 13:36:05,861 - DEBUG - Updated probability model at iteration 493
2025-04-08 13:36:05,861 - INFO - Iteration 494/500: Phase=hybrid learning, SL ratio=0.10, EL ratio=0.90
2025-04-08 13:36:06,756 - DEBUG -   [SL->EL] 成功! 用SL最优解1766.00替换EL最差解1880.00, 改进了114.00
2025-04-08 13:36:06,758 - DEBUG -   [EL->SL] 成功添加18个EL解到SL种群
2025-04-08 13:36:06,759 - DEBUG - Updated probability model at iteration 494
2025-04-08 13:36:06,759 - INFO - Iteration 495/500: Phase=hybrid learning, SL ratio=0.10, EL ratio=0.90
2025-04-08 13:36:07,609 - DEBUG -   [SL->EL] 失败! SL最优解1909.00不如EL最差解1840.00
2025-04-08 13:36:07,612 - DEBUG -   [EL->SL] 成功添加18个EL解到SL种群
2025-04-08 13:36:07,612 - DEBUG - Updated probability model at iteration 495
2025-04-08 13:36:07,612 - INFO - Iteration 496/500: Phase=hybrid learning, SL ratio=0.10, EL ratio=0.90
2025-04-08 13:36:08,500 - DEBUG -   [SL->EL] 成功! 用SL最优解1788.00替换EL最差解1832.00, 改进了44.00
2025-04-08 13:36:08,503 - DEBUG -   [EL->SL] 成功添加18个EL解到SL种群
2025-04-08 13:36:08,503 - DEBUG - Updated probability model at iteration 496
2025-04-08 13:36:08,503 - INFO - Iteration 497/500: Phase=hybrid learning, SL ratio=0.10, EL ratio=0.90
2025-04-08 13:36:09,345 - DEBUG -   [SL->EL] 失败! SL最优解1879.00不如EL最差解1804.00
2025-04-08 13:36:09,348 - DEBUG -   [EL->SL] 成功添加18个EL解到SL种群
2025-04-08 13:36:09,348 - DEBUG - Updated probability model at iteration 497
2025-04-08 13:36:09,348 - INFO - Iteration 498/500: Phase=hybrid learning, SL ratio=0.10, EL ratio=0.90
2025-04-08 13:36:10,197 - DEBUG -   [SL->EL] 失败! SL最优解1816.00不如EL最差解1798.00
2025-04-08 13:36:10,200 - DEBUG -   [EL->SL] 成功添加18个EL解到SL种群
2025-04-08 13:36:10,200 - DEBUG - Updated probability model at iteration 498
2025-04-08 13:36:10,200 - INFO - Iteration 499/500: Phase=hybrid learning, SL ratio=0.10, EL ratio=0.90
2025-04-08 13:36:11,074 - DEBUG -   [SL->EL] 失败! SL最优解1864.00不如EL最差解1800.00
2025-04-08 13:36:11,077 - DEBUG -   [EL->SL] 成功添加18个EL解到SL种群
2025-04-08 13:36:11,077 - DEBUG - Updated probability model at iteration 499
2025-04-08 13:36:11,077 - INFO - Iteration 500/500: Phase=hybrid learning, SL ratio=0.10, EL ratio=0.90
2025-04-08 13:36:11,915 - DEBUG -   [SL->EL] 成功! 用SL最优解1809.00替换EL最差解1835.00, 改进了26.00
2025-04-08 13:36:11,918 - DEBUG -   [EL->SL] 成功添加18个EL解到SL种群
2025-04-08 13:36:11,919 - DEBUG - Updated probability model at iteration 500
2025-04-08 13:36:11,928 - INFO - ==================================================
2025-04-08 13:36:11,928 - INFO - Results saved to: hl_output
2025-04-08 13:36:12,144 - INFO - Convergence curve saved to: hl_output/hl_convergence.png
2025-04-08 13:36:12,144 - INFO - Best solution found with makespan: 1602.00s at generation 460
