2025-04-08 12:13:00,050 - INFO - Starting optimization, total iterations: 500
2025-04-08 12:13:00,050 - INFO - Minimum iterations for pure SL: 100.0
2025-04-08 12:13:00,050 - INFO - Stagnation detection window size: 20
2025-04-08 12:13:00,051 - INFO - Stagnation threshold: 0.01
2025-04-08 12:13:00,051 - INFO - Force switch iterations: 250.0
2025-04-08 12:13:00,051 - INFO - Iteration 1/500: Phase=statistical learning, SL ratio=1.00, EL ratio=0.00
2025-04-08 12:13:00,504 - DEBUG - Initialized probability model
2025-04-08 12:13:00,509 - INFO - In generation 1，New best makespan: 1926.00, source: sl
2025-04-08 12:13:00,509 - INFO - Iteration 2/500: Phase=statistical learning, SL ratio=1.00, EL ratio=0.00
2025-04-08 12:13:00,984 - DEBUG - Updated probability model at iteration 2
2025-04-08 12:13:00,984 - INFO - Iteration 3/500: Phase=statistical learning, SL ratio=1.00, EL ratio=0.00
2025-04-08 12:13:01,447 - DEBUG - Updated probability model at iteration 3
2025-04-08 12:13:01,447 - INFO - Iteration 4/500: Phase=statistical learning, SL ratio=1.00, EL ratio=0.00
2025-04-08 12:13:01,933 - DEBUG - Updated probability model at iteration 4
2025-04-08 12:13:01,938 - INFO - In generation 4，New best makespan: 1895.00, source: sl
2025-04-08 12:13:01,938 - INFO - Iteration 5/500: Phase=statistical learning, SL ratio=1.00, EL ratio=0.00
2025-04-08 12:13:02,416 - DEBUG - Updated probability model at iteration 5
2025-04-08 12:13:02,416 - INFO - Iteration 6/500: Phase=statistical learning, SL ratio=1.00, EL ratio=0.00
2025-04-08 12:13:02,879 - DEBUG - Updated probability model at iteration 6
2025-04-08 12:13:02,880 - INFO - Iteration 7/500: Phase=statistical learning, SL ratio=1.00, EL ratio=0.00
2025-04-08 12:13:03,343 - DEBUG - Updated probability model at iteration 7
2025-04-08 12:13:03,343 - INFO - Iteration 8/500: Phase=statistical learning, SL ratio=1.00, EL ratio=0.00
2025-04-08 12:13:03,807 - DEBUG - Updated probability model at iteration 8
2025-04-08 12:13:03,807 - INFO - Iteration 9/500: Phase=statistical learning, SL ratio=1.00, EL ratio=0.00
2025-04-08 12:13:04,267 - DEBUG - Updated probability model at iteration 9
2025-04-08 12:13:04,267 - INFO - Iteration 10/500: Phase=statistical learning, SL ratio=1.00, EL ratio=0.00
2025-04-08 12:13:04,721 - DEBUG - Updated probability model at iteration 10
2025-04-08 12:13:04,721 - INFO - Iteration 11/500: Phase=statistical learning, SL ratio=1.00, EL ratio=0.00
2025-04-08 12:13:05,176 - DEBUG - Updated probability model at iteration 11
2025-04-08 12:13:05,176 - INFO - Iteration 12/500: Phase=statistical learning, SL ratio=1.00, EL ratio=0.00
2025-04-08 12:13:05,638 - DEBUG - Updated probability model at iteration 12
2025-04-08 12:13:05,638 - INFO - Iteration 13/500: Phase=statistical learning, SL ratio=1.00, EL ratio=0.00
2025-04-08 12:13:06,107 - DEBUG - Updated probability model at iteration 13
2025-04-08 12:13:06,107 - INFO - Iteration 14/500: Phase=statistical learning, SL ratio=1.00, EL ratio=0.00
2025-04-08 12:13:06,569 - DEBUG - Updated probability model at iteration 14
2025-04-08 12:13:06,569 - INFO - Iteration 15/500: Phase=statistical learning, SL ratio=1.00, EL ratio=0.00
2025-04-08 12:13:07,035 - DEBUG - Updated probability model at iteration 15
2025-04-08 12:13:07,035 - INFO - Iteration 16/500: Phase=statistical learning, SL ratio=1.00, EL ratio=0.00
2025-04-08 12:13:07,521 - DEBUG - Updated probability model at iteration 16
2025-04-08 12:13:07,521 - INFO - Iteration 17/500: Phase=statistical learning, SL ratio=1.00, EL ratio=0.00
2025-04-08 12:13:08,016 - DEBUG - Updated probability model at iteration 17
2025-04-08 12:13:08,016 - INFO - Iteration 18/500: Phase=statistical learning, SL ratio=1.00, EL ratio=0.00
2025-04-08 12:13:08,510 - DEBUG - Updated probability model at iteration 18
2025-04-08 12:13:08,510 - INFO - Iteration 19/500: Phase=statistical learning, SL ratio=1.00, EL ratio=0.00
2025-04-08 12:13:09,015 - DEBUG - Updated probability model at iteration 19
2025-04-08 12:13:09,015 - INFO - Iteration 20/500: Phase=statistical learning, SL ratio=1.00, EL ratio=0.00
2025-04-08 12:13:09,515 - DEBUG - Updated probability model at iteration 20
2025-04-08 12:13:09,515 - INFO - Iteration 21/500: Phase=statistical learning, SL ratio=1.00, EL ratio=0.00
2025-04-08 12:13:10,022 - DEBUG - Updated probability model at iteration 21
2025-04-08 12:13:10,023 - INFO - Iteration 22/500: Phase=statistical learning, SL ratio=1.00, EL ratio=0.00
2025-04-08 12:13:10,507 - DEBUG - Updated probability model at iteration 22
2025-04-08 12:13:10,507 - INFO - Iteration 23/500: Phase=statistical learning, SL ratio=1.00, EL ratio=0.00
2025-04-08 12:13:10,995 - DEBUG - Updated probability model at iteration 23
2025-04-08 12:13:10,995 - INFO - Iteration 24/500: Phase=statistical learning, SL ratio=1.00, EL ratio=0.00
2025-04-08 12:13:11,510 - DEBUG - Updated probability model at iteration 24
2025-04-08 12:13:11,510 - INFO - Iteration 25/500: Phase=statistical learning, SL ratio=1.00, EL ratio=0.00
2025-04-08 12:13:12,005 - DEBUG - Updated probability model at iteration 25
2025-04-08 12:13:12,005 - INFO - Iteration 26/500: Phase=statistical learning, SL ratio=1.00, EL ratio=0.00
2025-04-08 12:13:12,496 - DEBUG - Updated probability model at iteration 26
2025-04-08 12:13:12,496 - INFO - Iteration 27/500: Phase=statistical learning, SL ratio=1.00, EL ratio=0.00
2025-04-08 12:13:12,982 - DEBUG - Updated probability model at iteration 27
2025-04-08 12:13:12,982 - INFO - Iteration 28/500: Phase=statistical learning, SL ratio=1.00, EL ratio=0.00
2025-04-08 12:13:13,486 - DEBUG - Updated probability model at iteration 28
2025-04-08 12:13:13,486 - INFO - Iteration 29/500: Phase=statistical learning, SL ratio=1.00, EL ratio=0.00
2025-04-08 12:13:13,991 - DEBUG - Updated probability model at iteration 29
2025-04-08 12:13:13,991 - INFO - Iteration 30/500: Phase=statistical learning, SL ratio=1.00, EL ratio=0.00
2025-04-08 12:13:14,490 - DEBUG - Updated probability model at iteration 30
2025-04-08 12:13:14,491 - INFO - Iteration 31/500: Phase=statistical learning, SL ratio=1.00, EL ratio=0.00
2025-04-08 12:13:14,983 - DEBUG - Updated probability model at iteration 31
2025-04-08 12:13:14,984 - INFO - Iteration 32/500: Phase=statistical learning, SL ratio=1.00, EL ratio=0.00
2025-04-08 12:13:15,478 - DEBUG - Updated probability model at iteration 32
2025-04-08 12:13:15,478 - INFO - Iteration 33/500: Phase=statistical learning, SL ratio=1.00, EL ratio=0.00
2025-04-08 12:13:15,976 - DEBUG - Updated probability model at iteration 33
2025-04-08 12:13:15,976 - INFO - Iteration 34/500: Phase=statistical learning, SL ratio=1.00, EL ratio=0.00
2025-04-08 12:13:16,470 - DEBUG - Updated probability model at iteration 34
2025-04-08 12:13:16,470 - INFO - Iteration 35/500: Phase=statistical learning, SL ratio=1.00, EL ratio=0.00
2025-04-08 12:13:16,981 - DEBUG - Updated probability model at iteration 35
2025-04-08 12:13:16,981 - INFO - Iteration 36/500: Phase=statistical learning, SL ratio=1.00, EL ratio=0.00
2025-04-08 12:13:17,456 - DEBUG - Updated probability model at iteration 36
2025-04-08 12:13:17,456 - INFO - Iteration 37/500: Phase=statistical learning, SL ratio=1.00, EL ratio=0.00
2025-04-08 12:13:17,916 - DEBUG - Updated probability model at iteration 37
2025-04-08 12:13:17,916 - INFO - Iteration 38/500: Phase=statistical learning, SL ratio=1.00, EL ratio=0.00
2025-04-08 12:13:18,375 - DEBUG - Updated probability model at iteration 38
2025-04-08 12:13:18,375 - INFO - Iteration 39/500: Phase=statistical learning, SL ratio=1.00, EL ratio=0.00
2025-04-08 12:13:18,838 - DEBUG - Updated probability model at iteration 39
2025-04-08 12:13:18,838 - INFO - Iteration 40/500: Phase=statistical learning, SL ratio=1.00, EL ratio=0.00
2025-04-08 12:13:19,328 - DEBUG - Updated probability model at iteration 40
2025-04-08 12:13:19,328 - INFO - Iteration 41/500: Phase=statistical learning, SL ratio=1.00, EL ratio=0.00
2025-04-08 12:13:19,814 - DEBUG - Updated probability model at iteration 41
2025-04-08 12:13:19,814 - INFO - Iteration 42/500: Phase=statistical learning, SL ratio=1.00, EL ratio=0.00
2025-04-08 12:13:20,279 - DEBUG - Updated probability model at iteration 42
2025-04-08 12:13:20,279 - INFO - Iteration 43/500: Phase=statistical learning, SL ratio=1.00, EL ratio=0.00
2025-04-08 12:13:20,754 - DEBUG - Updated probability model at iteration 43
2025-04-08 12:13:20,754 - INFO - Iteration 44/500: Phase=statistical learning, SL ratio=1.00, EL ratio=0.00
2025-04-08 12:13:21,257 - DEBUG - Updated probability model at iteration 44
2025-04-08 12:13:21,257 - INFO - Iteration 45/500: Phase=statistical learning, SL ratio=1.00, EL ratio=0.00
2025-04-08 12:13:21,718 - DEBUG - Updated probability model at iteration 45
2025-04-08 12:13:21,718 - INFO - Iteration 46/500: Phase=statistical learning, SL ratio=1.00, EL ratio=0.00
2025-04-08 12:13:22,198 - DEBUG - Updated probability model at iteration 46
2025-04-08 12:13:22,198 - INFO - Iteration 47/500: Phase=statistical learning, SL ratio=1.00, EL ratio=0.00
2025-04-08 12:13:22,657 - DEBUG - Updated probability model at iteration 47
2025-04-08 12:13:22,657 - INFO - Iteration 48/500: Phase=statistical learning, SL ratio=1.00, EL ratio=0.00
2025-04-08 12:13:23,111 - DEBUG - Updated probability model at iteration 48
2025-04-08 12:13:23,111 - INFO - Iteration 49/500: Phase=statistical learning, SL ratio=1.00, EL ratio=0.00
2025-04-08 12:13:23,557 - DEBUG - Updated probability model at iteration 49
2025-04-08 12:13:23,557 - INFO - Iteration 50/500: Phase=statistical learning, SL ratio=1.00, EL ratio=0.00
2025-04-08 12:13:24,011 - DEBUG - Updated probability model at iteration 50
2025-04-08 12:13:24,011 - INFO - Iteration 51/500: Phase=statistical learning, SL ratio=1.00, EL ratio=0.00
2025-04-08 12:13:24,463 - DEBUG - Updated probability model at iteration 51
2025-04-08 12:13:24,463 - INFO - Iteration 52/500: Phase=statistical learning, SL ratio=1.00, EL ratio=0.00
2025-04-08 12:13:24,923 - DEBUG - Updated probability model at iteration 52
2025-04-08 12:13:24,923 - INFO - Iteration 53/500: Phase=statistical learning, SL ratio=1.00, EL ratio=0.00
2025-04-08 12:13:25,390 - DEBUG - Updated probability model at iteration 53
2025-04-08 12:13:25,390 - INFO - Iteration 54/500: Phase=statistical learning, SL ratio=1.00, EL ratio=0.00
2025-04-08 12:13:25,841 - DEBUG - Updated probability model at iteration 54
2025-04-08 12:13:25,841 - INFO - Iteration 55/500: Phase=statistical learning, SL ratio=1.00, EL ratio=0.00
2025-04-08 12:13:26,296 - DEBUG - Updated probability model at iteration 55
2025-04-08 12:13:26,297 - INFO - Iteration 56/500: Phase=statistical learning, SL ratio=1.00, EL ratio=0.00
2025-04-08 12:13:26,750 - DEBUG - Updated probability model at iteration 56
2025-04-08 12:13:26,750 - INFO - Iteration 57/500: Phase=statistical learning, SL ratio=1.00, EL ratio=0.00
2025-04-08 12:13:27,206 - DEBUG - Updated probability model at iteration 57
2025-04-08 12:13:27,206 - INFO - Iteration 58/500: Phase=statistical learning, SL ratio=1.00, EL ratio=0.00
2025-04-08 12:13:27,662 - DEBUG - Updated probability model at iteration 58
2025-04-08 12:13:27,662 - INFO - Iteration 59/500: Phase=statistical learning, SL ratio=1.00, EL ratio=0.00
2025-04-08 12:13:28,125 - DEBUG - Updated probability model at iteration 59
2025-04-08 12:13:28,125 - INFO - Iteration 60/500: Phase=statistical learning, SL ratio=1.00, EL ratio=0.00
2025-04-08 12:13:28,603 - DEBUG - Updated probability model at iteration 60
2025-04-08 12:13:28,603 - INFO - Iteration 61/500: Phase=statistical learning, SL ratio=1.00, EL ratio=0.00
2025-04-08 12:13:29,062 - DEBUG - Updated probability model at iteration 61
2025-04-08 12:13:29,062 - INFO - Iteration 62/500: Phase=statistical learning, SL ratio=1.00, EL ratio=0.00
2025-04-08 12:13:29,542 - DEBUG - Updated probability model at iteration 62
2025-04-08 12:13:29,542 - INFO - Iteration 63/500: Phase=statistical learning, SL ratio=1.00, EL ratio=0.00
2025-04-08 12:13:30,014 - DEBUG - Updated probability model at iteration 63
2025-04-08 12:13:30,014 - INFO - Iteration 64/500: Phase=statistical learning, SL ratio=1.00, EL ratio=0.00
2025-04-08 12:13:30,484 - DEBUG - Updated probability model at iteration 64
2025-04-08 12:13:30,484 - INFO - Iteration 65/500: Phase=statistical learning, SL ratio=1.00, EL ratio=0.00
2025-04-08 12:13:30,950 - DEBUG - Updated probability model at iteration 65
2025-04-08 12:13:30,950 - INFO - Iteration 66/500: Phase=statistical learning, SL ratio=1.00, EL ratio=0.00
2025-04-08 12:13:31,414 - DEBUG - Updated probability model at iteration 66
2025-04-08 12:13:31,416 - INFO - Iteration 67/500: Phase=statistical learning, SL ratio=1.00, EL ratio=0.00
2025-04-08 12:13:31,870 - DEBUG - Updated probability model at iteration 67
2025-04-08 12:13:31,870 - INFO - Iteration 68/500: Phase=statistical learning, SL ratio=1.00, EL ratio=0.00
2025-04-08 12:13:32,350 - DEBUG - Updated probability model at iteration 68
2025-04-08 12:13:32,350 - INFO - Iteration 69/500: Phase=statistical learning, SL ratio=1.00, EL ratio=0.00
2025-04-08 12:13:32,847 - DEBUG - Updated probability model at iteration 69
2025-04-08 12:13:32,847 - INFO - Iteration 70/500: Phase=statistical learning, SL ratio=1.00, EL ratio=0.00
2025-04-08 12:13:33,310 - DEBUG - Updated probability model at iteration 70
2025-04-08 12:13:33,310 - INFO - Iteration 71/500: Phase=statistical learning, SL ratio=1.00, EL ratio=0.00
2025-04-08 12:13:33,766 - DEBUG - Updated probability model at iteration 71
2025-04-08 12:13:33,766 - INFO - Iteration 72/500: Phase=statistical learning, SL ratio=1.00, EL ratio=0.00
2025-04-08 12:13:34,235 - DEBUG - Updated probability model at iteration 72
2025-04-08 12:13:34,235 - INFO - Iteration 73/500: Phase=statistical learning, SL ratio=1.00, EL ratio=0.00
2025-04-08 12:13:34,700 - DEBUG - Updated probability model at iteration 73
2025-04-08 12:13:34,700 - INFO - Iteration 74/500: Phase=statistical learning, SL ratio=1.00, EL ratio=0.00
2025-04-08 12:13:35,180 - DEBUG - Updated probability model at iteration 74
2025-04-08 12:13:35,180 - INFO - Iteration 75/500: Phase=statistical learning, SL ratio=1.00, EL ratio=0.00
2025-04-08 12:13:35,652 - DEBUG - Updated probability model at iteration 75
2025-04-08 12:13:35,652 - INFO - Iteration 76/500: Phase=statistical learning, SL ratio=1.00, EL ratio=0.00
2025-04-08 12:13:36,112 - DEBUG - Updated probability model at iteration 76
2025-04-08 12:13:36,112 - INFO - Iteration 77/500: Phase=statistical learning, SL ratio=1.00, EL ratio=0.00
2025-04-08 12:13:36,578 - DEBUG - Updated probability model at iteration 77
2025-04-08 12:13:36,578 - INFO - Iteration 78/500: Phase=statistical learning, SL ratio=1.00, EL ratio=0.00
2025-04-08 12:13:37,064 - DEBUG - Updated probability model at iteration 78
2025-04-08 12:13:37,064 - INFO - Iteration 79/500: Phase=statistical learning, SL ratio=1.00, EL ratio=0.00
2025-04-08 12:13:37,528 - DEBUG - Updated probability model at iteration 79
2025-04-08 12:13:37,528 - INFO - Iteration 80/500: Phase=statistical learning, SL ratio=1.00, EL ratio=0.00
2025-04-08 12:13:37,993 - DEBUG - Updated probability model at iteration 80
2025-04-08 12:13:37,993 - INFO - Iteration 81/500: Phase=statistical learning, SL ratio=1.00, EL ratio=0.00
2025-04-08 12:13:38,455 - DEBUG - Updated probability model at iteration 81
2025-04-08 12:13:38,455 - INFO - Iteration 82/500: Phase=statistical learning, SL ratio=1.00, EL ratio=0.00
2025-04-08 12:13:38,911 - DEBUG - Updated probability model at iteration 82
2025-04-08 12:13:38,911 - INFO - Iteration 83/500: Phase=statistical learning, SL ratio=1.00, EL ratio=0.00
2025-04-08 12:13:39,386 - DEBUG - Updated probability model at iteration 83
2025-04-08 12:13:39,386 - INFO - Iteration 84/500: Phase=statistical learning, SL ratio=1.00, EL ratio=0.00
2025-04-08 12:13:39,840 - DEBUG - Updated probability model at iteration 84
2025-04-08 12:13:39,840 - INFO - Iteration 85/500: Phase=statistical learning, SL ratio=1.00, EL ratio=0.00
2025-04-08 12:13:40,304 - DEBUG - Updated probability model at iteration 85
2025-04-08 12:13:40,304 - INFO - Iteration 86/500: Phase=statistical learning, SL ratio=1.00, EL ratio=0.00
2025-04-08 12:13:40,796 - DEBUG - Updated probability model at iteration 86
2025-04-08 12:13:40,801 - INFO - In generation 86，New best makespan: 1866.00, source: sl
2025-04-08 12:13:40,802 - INFO - Iteration 87/500: Phase=statistical learning, SL ratio=1.00, EL ratio=0.00
2025-04-08 12:13:41,281 - DEBUG - Updated probability model at iteration 87
2025-04-08 12:13:41,281 - INFO - Iteration 88/500: Phase=statistical learning, SL ratio=1.00, EL ratio=0.00
2025-04-08 12:13:41,754 - DEBUG - Updated probability model at iteration 88
2025-04-08 12:13:41,754 - INFO - Iteration 89/500: Phase=statistical learning, SL ratio=1.00, EL ratio=0.00
2025-04-08 12:13:42,237 - DEBUG - Updated probability model at iteration 89
2025-04-08 12:13:42,237 - INFO - Iteration 90/500: Phase=statistical learning, SL ratio=1.00, EL ratio=0.00
2025-04-08 12:13:42,694 - DEBUG - Updated probability model at iteration 90
2025-04-08 12:13:42,694 - INFO - Iteration 91/500: Phase=statistical learning, SL ratio=1.00, EL ratio=0.00
2025-04-08 12:13:43,165 - DEBUG - Updated probability model at iteration 91
2025-04-08 12:13:43,165 - INFO - Iteration 92/500: Phase=statistical learning, SL ratio=1.00, EL ratio=0.00
2025-04-08 12:13:43,637 - DEBUG - Updated probability model at iteration 92
2025-04-08 12:13:43,637 - INFO - Iteration 93/500: Phase=statistical learning, SL ratio=1.00, EL ratio=0.00
2025-04-08 12:13:44,095 - DEBUG - Updated probability model at iteration 93
2025-04-08 12:13:44,095 - INFO - Iteration 94/500: Phase=statistical learning, SL ratio=1.00, EL ratio=0.00
2025-04-08 12:13:44,550 - DEBUG - Updated probability model at iteration 94
2025-04-08 12:13:44,550 - INFO - Iteration 95/500: Phase=statistical learning, SL ratio=1.00, EL ratio=0.00
2025-04-08 12:13:45,016 - DEBUG - Updated probability model at iteration 95
2025-04-08 12:13:45,016 - INFO - Iteration 96/500: Phase=statistical learning, SL ratio=1.00, EL ratio=0.00
2025-04-08 12:13:45,472 - DEBUG - Updated probability model at iteration 96
2025-04-08 12:13:45,472 - INFO - Iteration 97/500: Phase=statistical learning, SL ratio=1.00, EL ratio=0.00
2025-04-08 12:13:45,926 - DEBUG - Updated probability model at iteration 97
2025-04-08 12:13:45,926 - INFO - Iteration 98/500: Phase=statistical learning, SL ratio=1.00, EL ratio=0.00
2025-04-08 12:13:46,389 - DEBUG - Updated probability model at iteration 98
2025-04-08 12:13:46,389 - INFO - Iteration 99/500: Phase=statistical learning, SL ratio=1.00, EL ratio=0.00
2025-04-08 12:13:46,861 - DEBUG - Updated probability model at iteration 99
2025-04-08 12:13:46,861 - INFO - Iteration 100/500: Phase=statistical learning, SL ratio=1.00, EL ratio=0.00
2025-04-08 12:13:47,375 - DEBUG - Updated probability model at iteration 100
2025-04-08 12:13:47,375 - INFO - Iteration 101/500: Phase=statistical learning, SL ratio=1.00, EL ratio=0.00
2025-04-08 12:13:47,860 - DEBUG - Updated probability model at iteration 101
2025-04-08 12:13:47,860 - INFO - Iteration 102/500: Phase=statistical learning, SL ratio=1.00, EL ratio=0.00
2025-04-08 12:13:48,368 - DEBUG - Updated probability model at iteration 102
2025-04-08 12:13:48,368 - INFO - Iteration 103/500: Phase=statistical learning, SL ratio=1.00, EL ratio=0.00
2025-04-08 12:13:48,832 - DEBUG - Updated probability model at iteration 103
2025-04-08 12:13:48,832 - INFO - Iteration 104/500: Phase=statistical learning, SL ratio=1.00, EL ratio=0.00
2025-04-08 12:13:49,331 - DEBUG - Updated probability model at iteration 104
2025-04-08 12:13:49,331 - INFO - Iteration 105/500: Phase=statistical learning, SL ratio=1.00, EL ratio=0.00
2025-04-08 12:13:49,821 - DEBUG - Updated probability model at iteration 105
2025-04-08 12:13:49,821 - INFO - 
SL is stagnating, switching to hybrid phase...
2025-04-08 12:13:49,821 - INFO - Iteration 106/500: Phase=hybrid learning, SL ratio=0.90, EL ratio=0.10
2025-04-08 12:13:50,342 - DEBUG -   [SL->EL] 成功! 用SL最优解1925.00替换EL最差解1992.00, 改进了67.00
2025-04-08 12:13:50,342 - DEBUG -   [EL->SL] 成功添加1个EL解到SL种群
2025-04-08 12:13:50,343 - DEBUG - Updated probability model at iteration 106
2025-04-08 12:13:50,343 - INFO - Iteration 107/500: Phase=hybrid learning, SL ratio=0.90, EL ratio=0.10
2025-04-08 12:13:50,864 - DEBUG -   [SL->EL] 成功! 用SL最优解1934.00替换EL最差解2043.00, 改进了109.00
2025-04-08 12:13:50,864 - DEBUG -   [EL->SL] 成功添加1个EL解到SL种群
2025-04-08 12:13:50,865 - DEBUG - Updated probability model at iteration 107
2025-04-08 12:13:50,865 - INFO - Iteration 108/500: Phase=hybrid learning, SL ratio=0.90, EL ratio=0.10
2025-04-08 12:13:51,399 - DEBUG -   [SL->EL] 失败! SL最优解1935.00不如EL最差解1925.00
2025-04-08 12:13:51,399 - DEBUG -   [EL->SL] 成功添加1个EL解到SL种群
2025-04-08 12:13:51,400 - DEBUG - Updated probability model at iteration 108
2025-04-08 12:13:51,400 - INFO - Iteration 109/500: Phase=hybrid learning, SL ratio=0.90, EL ratio=0.10
2025-04-08 12:13:51,904 - DEBUG -   [SL->EL] 成功! 用SL最优解1954.00替换EL最差解2008.00, 改进了54.00
2025-04-08 12:13:51,904 - DEBUG -   [EL->SL] 成功添加1个EL解到SL种群
2025-04-08 12:13:51,905 - DEBUG - Updated probability model at iteration 109
2025-04-08 12:13:51,905 - INFO - Iteration 110/500: Phase=hybrid learning, SL ratio=0.90, EL ratio=0.10
2025-04-08 12:13:52,450 - DEBUG -   [SL->EL] 成功! 用SL最优解1898.00替换EL最差解2009.00, 改进了111.00
2025-04-08 12:13:52,450 - DEBUG -   [EL->SL] 成功添加1个EL解到SL种群
2025-04-08 12:13:52,452 - DEBUG - Updated probability model at iteration 110
2025-04-08 12:13:52,452 - INFO - Iteration 111/500: Phase=hybrid learning, SL ratio=0.90, EL ratio=0.10
2025-04-08 12:13:52,994 - DEBUG -   [SL->EL] 成功! 用SL最优解1931.00替换EL最差解1979.00, 改进了48.00
2025-04-08 12:13:52,994 - DEBUG -   [EL->SL] 成功添加1个EL解到SL种群
2025-04-08 12:13:52,995 - DEBUG - Updated probability model at iteration 111
2025-04-08 12:13:52,995 - INFO - Iteration 112/500: Phase=hybrid learning, SL ratio=0.90, EL ratio=0.10
2025-04-08 12:13:53,525 - DEBUG -   [SL->EL] 成功! 用SL最优解1924.00替换EL最差解2001.00, 改进了77.00
2025-04-08 12:13:53,525 - DEBUG -   [EL->SL] 成功添加1个EL解到SL种群
2025-04-08 12:13:53,526 - DEBUG - Updated probability model at iteration 112
2025-04-08 12:13:53,527 - INFO - Iteration 113/500: Phase=hybrid learning, SL ratio=0.90, EL ratio=0.10
2025-04-08 12:13:54,058 - DEBUG -   [SL->EL] 失败! SL最优解1920.00不如EL最差解1919.00
2025-04-08 12:13:54,058 - DEBUG -   [EL->SL] 成功添加1个EL解到SL种群
2025-04-08 12:13:54,059 - DEBUG - Updated probability model at iteration 113
2025-04-08 12:13:54,059 - INFO - Iteration 114/500: Phase=hybrid learning, SL ratio=0.90, EL ratio=0.10
2025-04-08 12:13:54,589 - DEBUG -   [SL->EL] 成功! 用SL最优解1908.00替换EL最差解2001.00, 改进了93.00
2025-04-08 12:13:54,589 - DEBUG -   [EL->SL] 成功添加1个EL解到SL种群
2025-04-08 12:13:54,590 - DEBUG - Updated probability model at iteration 114
2025-04-08 12:13:54,590 - INFO - Iteration 115/500: Phase=hybrid learning, SL ratio=0.90, EL ratio=0.10
2025-04-08 12:13:55,120 - DEBUG -   [SL->EL] 成功! 用SL最优解1942.00替换EL最差解2077.00, 改进了135.00
2025-04-08 12:13:55,120 - DEBUG -   [EL->SL] 成功添加1个EL解到SL种群
2025-04-08 12:13:55,122 - DEBUG - Updated probability model at iteration 115
2025-04-08 12:13:55,122 - INFO - Iteration 116/500: Phase=hybrid learning, SL ratio=0.90, EL ratio=0.10
2025-04-08 12:13:55,674 - DEBUG -   [SL->EL] 失败! SL最优解1941.00不如EL最差解1934.00
2025-04-08 12:13:55,674 - DEBUG -   [EL->SL] 成功添加1个EL解到SL种群
2025-04-08 12:13:55,675 - DEBUG - Updated probability model at iteration 116
2025-04-08 12:13:55,675 - INFO - Iteration 117/500: Phase=hybrid learning, SL ratio=0.90, EL ratio=0.10
2025-04-08 12:13:56,224 - DEBUG -   [SL->EL] 成功! 用SL最优解1946.00替换EL最差解1947.00, 改进了1.00
2025-04-08 12:13:56,225 - DEBUG -   [EL->SL] 成功添加1个EL解到SL种群
2025-04-08 12:13:56,226 - DEBUG - Updated probability model at iteration 117
2025-04-08 12:13:56,226 - INFO - Iteration 118/500: Phase=hybrid learning, SL ratio=0.90, EL ratio=0.10
2025-04-08 12:13:56,794 - DEBUG -   [SL->EL] 成功! 用SL最优解1954.00替换EL最差解2043.00, 改进了89.00
2025-04-08 12:13:56,794 - DEBUG -   [EL->SL] 成功添加1个EL解到SL种群
2025-04-08 12:13:56,795 - DEBUG - Updated probability model at iteration 118
2025-04-08 12:13:56,795 - INFO - Iteration 119/500: Phase=hybrid learning, SL ratio=0.90, EL ratio=0.10
2025-04-08 12:13:57,339 - DEBUG -   [SL->EL] 成功! 用SL最优解1926.00替换EL最差解2035.00, 改进了109.00
2025-04-08 12:13:57,339 - DEBUG -   [EL->SL] 成功添加1个EL解到SL种群
2025-04-08 12:13:57,340 - DEBUG - Updated probability model at iteration 119
2025-04-08 12:13:57,341 - INFO - Iteration 120/500: Phase=hybrid learning, SL ratio=0.90, EL ratio=0.10
2025-04-08 12:13:57,870 - DEBUG -   [SL->EL] 失败! SL最优解1954.00不如EL最差解1881.00
2025-04-08 12:13:57,871 - DEBUG -   [EL->SL] 成功添加1个EL解到SL种群
2025-04-08 12:13:57,872 - DEBUG - Updated probability model at iteration 120
2025-04-08 12:13:57,872 - INFO - Iteration 121/500: Phase=hybrid learning, SL ratio=0.90, EL ratio=0.10
2025-04-08 12:13:58,425 - DEBUG -   [SL->EL] 失败! SL最优解1894.00不如EL最差解1881.00
2025-04-08 12:13:58,425 - DEBUG -   [EL->SL] 成功添加1个EL解到SL种群
2025-04-08 12:13:58,426 - DEBUG - Updated probability model at iteration 121
2025-04-08 12:13:58,426 - INFO - Iteration 122/500: Phase=hybrid learning, SL ratio=0.90, EL ratio=0.10
2025-04-08 12:13:58,982 - DEBUG -   [SL->EL] 失败! SL最优解1939.00不如EL最差解1881.00
2025-04-08 12:13:58,983 - DEBUG -   [EL->SL] 成功添加1个EL解到SL种群
2025-04-08 12:13:58,984 - DEBUG - Updated probability model at iteration 122
2025-04-08 12:13:58,984 - INFO - Iteration 123/500: Phase=hybrid learning, SL ratio=0.90, EL ratio=0.10
2025-04-08 12:13:59,539 - DEBUG -   [SL->EL] 成功! 用SL最优解1958.00替换EL最差解1999.00, 改进了41.00
2025-04-08 12:13:59,539 - DEBUG -   [EL->SL] 成功添加1个EL解到SL种群
2025-04-08 12:13:59,540 - DEBUG - Updated probability model at iteration 123
2025-04-08 12:13:59,540 - INFO - Iteration 124/500: Phase=hybrid learning, SL ratio=0.90, EL ratio=0.10
2025-04-08 12:14:00,099 - DEBUG -   [SL->EL] 失败! SL最优解1948.00不如EL最差解1881.00
2025-04-08 12:14:00,099 - DEBUG -   [EL->SL] 成功添加1个EL解到SL种群
2025-04-08 12:14:00,100 - DEBUG - Updated probability model at iteration 124
2025-04-08 12:14:00,100 - INFO - Iteration 125/500: Phase=hybrid learning, SL ratio=0.90, EL ratio=0.10
2025-04-08 12:14:00,593 - DEBUG -   [SL->EL] 失败! SL最优解1946.00不如EL最差解1930.00
2025-04-08 12:14:00,593 - DEBUG -   [EL->SL] 成功添加1个EL解到SL种群
2025-04-08 12:14:00,595 - DEBUG - Updated probability model at iteration 125
2025-04-08 12:14:00,595 - INFO - Iteration 126/500: Phase=hybrid learning, SL ratio=0.90, EL ratio=0.10
2025-04-08 12:14:01,104 - DEBUG -   [SL->EL] 成功! 用SL最优解1955.00替换EL最差解1985.00, 改进了30.00
2025-04-08 12:14:01,104 - DEBUG -   [EL->SL] 成功添加1个EL解到SL种群
2025-04-08 12:14:01,105 - DEBUG - Updated probability model at iteration 126
2025-04-08 12:14:01,105 - INFO - Iteration 127/500: Phase=hybrid learning, SL ratio=0.90, EL ratio=0.10
2025-04-08 12:14:01,597 - DEBUG -   [SL->EL] 成功! 用SL最优解1941.00替换EL最差解1969.00, 改进了28.00
2025-04-08 12:14:01,597 - DEBUG -   [EL->SL] 成功添加1个EL解到SL种群
2025-04-08 12:14:01,599 - DEBUG - Updated probability model at iteration 127
2025-04-08 12:14:01,599 - INFO - Iteration 128/500: Phase=hybrid learning, SL ratio=0.90, EL ratio=0.10
2025-04-08 12:14:02,106 - DEBUG -   [SL->EL] 失败! SL最优解1961.00不如EL最差解1880.00
2025-04-08 12:14:02,106 - DEBUG -   [EL->SL] 成功添加1个EL解到SL种群
2025-04-08 12:14:02,107 - DEBUG - Updated probability model at iteration 128
2025-04-08 12:14:02,107 - INFO - Iteration 129/500: Phase=hybrid learning, SL ratio=0.90, EL ratio=0.10
2025-04-08 12:14:02,617 - DEBUG -   [SL->EL] 成功! 用SL最优解1927.00替换EL最差解1987.00, 改进了60.00
2025-04-08 12:14:02,617 - DEBUG -   [EL->SL] 成功添加1个EL解到SL种群
2025-04-08 12:14:02,618 - DEBUG - Updated probability model at iteration 129
2025-04-08 12:14:02,618 - INFO - Iteration 130/500: Phase=hybrid learning, SL ratio=0.90, EL ratio=0.10
2025-04-08 12:14:03,107 - DEBUG -   [SL->EL] 失败! SL最优解1930.00不如EL最差解1930.00
2025-04-08 12:14:03,107 - DEBUG -   [EL->SL] 成功添加1个EL解到SL种群
2025-04-08 12:14:03,108 - DEBUG - Updated probability model at iteration 130
2025-04-08 12:14:03,108 - INFO - Iteration 131/500: Phase=hybrid learning, SL ratio=0.90, EL ratio=0.10
2025-04-08 12:14:03,604 - DEBUG -   [SL->EL] 成功! 用SL最优解1947.00替换EL最差解1961.00, 改进了14.00
2025-04-08 12:14:03,604 - DEBUG -   [EL->SL] 成功添加1个EL解到SL种群
2025-04-08 12:14:03,605 - DEBUG - Updated probability model at iteration 131
2025-04-08 12:14:03,605 - INFO - Iteration 132/500: Phase=hybrid learning, SL ratio=0.90, EL ratio=0.10
2025-04-08 12:14:04,109 - DEBUG -   [SL->EL] 成功! 用SL最优解1905.00替换EL最差解1913.00, 改进了8.00
2025-04-08 12:14:04,109 - DEBUG -   [EL->SL] 成功添加1个EL解到SL种群
2025-04-08 12:14:04,110 - DEBUG - Updated probability model at iteration 132
2025-04-08 12:14:04,110 - INFO - Iteration 133/500: Phase=hybrid learning, SL ratio=0.90, EL ratio=0.10
2025-04-08 12:14:04,603 - DEBUG -   [SL->EL] 成功! 用SL最优解1918.00替换EL最差解2025.00, 改进了107.00
2025-04-08 12:14:04,603 - DEBUG -   [EL->SL] 成功添加1个EL解到SL种群
2025-04-08 12:14:04,605 - DEBUG - Updated probability model at iteration 133
2025-04-08 12:14:04,605 - INFO - Iteration 134/500: Phase=hybrid learning, SL ratio=0.90, EL ratio=0.10
2025-04-08 12:14:05,106 - DEBUG -   [SL->EL] 成功! 用SL最优解1918.00替换EL最差解1961.00, 改进了43.00
2025-04-08 12:14:05,106 - DEBUG -   [EL->SL] 成功添加1个EL解到SL种群
2025-04-08 12:14:05,107 - DEBUG - Updated probability model at iteration 134
2025-04-08 12:14:05,107 - INFO - Iteration 135/500: Phase=hybrid learning, SL ratio=0.90, EL ratio=0.10
2025-04-08 12:14:05,599 - DEBUG -   [SL->EL] 成功! 用SL最优解1918.00替换EL最差解2017.00, 改进了99.00
2025-04-08 12:14:05,599 - DEBUG -   [EL->SL] 成功添加1个EL解到SL种群
2025-04-08 12:14:05,600 - DEBUG - Updated probability model at iteration 135
2025-04-08 12:14:05,600 - INFO - Iteration 136/500: Phase=hybrid learning, SL ratio=0.90, EL ratio=0.10
2025-04-08 12:14:06,101 - DEBUG -   [SL->EL] 失败! SL最优解1934.00不如EL最差解1867.00
2025-04-08 12:14:06,101 - DEBUG -   [EL->SL] 成功添加1个EL解到SL种群
2025-04-08 12:14:06,102 - DEBUG - Updated probability model at iteration 136
2025-04-08 12:14:06,102 - INFO - Iteration 137/500: Phase=hybrid learning, SL ratio=0.90, EL ratio=0.10
2025-04-08 12:14:06,594 - DEBUG -   [SL->EL] 失败! SL最优解1912.00不如EL最差解1907.00
2025-04-08 12:14:06,594 - DEBUG -   [EL->SL] 成功添加1个EL解到SL种群
2025-04-08 12:14:06,596 - DEBUG - Updated probability model at iteration 137
2025-04-08 12:14:06,596 - INFO - Iteration 138/500: Phase=hybrid learning, SL ratio=0.90, EL ratio=0.10
2025-04-08 12:14:07,114 - DEBUG -   [SL->EL] 成功! 用SL最优解1917.00替换EL最差解1961.00, 改进了44.00
2025-04-08 12:14:07,116 - DEBUG -   [EL->SL] 成功添加1个EL解到SL种群
2025-04-08 12:14:07,116 - DEBUG - Updated probability model at iteration 138
2025-04-08 12:14:07,116 - INFO - Iteration 139/500: Phase=hybrid learning, SL ratio=0.90, EL ratio=0.10
2025-04-08 12:14:07,619 - DEBUG -   [SL->EL] 失败! SL最优解1924.00不如EL最差解1883.00
2025-04-08 12:14:07,619 - DEBUG -   [EL->SL] 成功添加1个EL解到SL种群
2025-04-08 12:14:07,620 - DEBUG - Updated probability model at iteration 139
2025-04-08 12:14:07,620 - INFO - Iteration 140/500: Phase=hybrid learning, SL ratio=0.90, EL ratio=0.10
2025-04-08 12:14:08,136 - DEBUG -   [SL->EL] 失败! SL最优解1968.00不如EL最差解1896.00
2025-04-08 12:14:08,136 - DEBUG -   [EL->SL] 成功添加1个EL解到SL种群
2025-04-08 12:14:08,137 - DEBUG - Updated probability model at iteration 140
2025-04-08 12:14:08,137 - INFO - Iteration 141/500: Phase=hybrid learning, SL ratio=0.90, EL ratio=0.10
2025-04-08 12:14:08,645 - DEBUG -   [SL->EL] 成功! 用SL最优解1952.00替换EL最差解2019.00, 改进了67.00
2025-04-08 12:14:08,645 - DEBUG -   [EL->SL] 成功添加1个EL解到SL种群
2025-04-08 12:14:08,646 - DEBUG - Updated probability model at iteration 141
2025-04-08 12:14:08,646 - INFO - Iteration 142/500: Phase=hybrid learning, SL ratio=0.90, EL ratio=0.10
2025-04-08 12:14:09,162 - DEBUG -   [SL->EL] 成功! 用SL最优解1971.00替换EL最差解2029.00, 改进了58.00
2025-04-08 12:14:09,162 - DEBUG -   [EL->SL] 成功添加1个EL解到SL种群
2025-04-08 12:14:09,162 - DEBUG - Updated probability model at iteration 142
2025-04-08 12:14:09,163 - INFO - Iteration 143/500: Phase=hybrid learning, SL ratio=0.90, EL ratio=0.10
2025-04-08 12:14:09,668 - DEBUG -   [SL->EL] 成功! 用SL最优解1892.00替换EL最差解1970.00, 改进了78.00
2025-04-08 12:14:09,668 - DEBUG -   [EL->SL] 成功添加1个EL解到SL种群
2025-04-08 12:14:09,669 - DEBUG - Updated probability model at iteration 143
2025-04-08 12:14:09,669 - INFO - Iteration 144/500: Phase=hybrid learning, SL ratio=0.90, EL ratio=0.10
2025-04-08 12:14:10,205 - DEBUG -   [SL->EL] 失败! SL最优解1927.00不如EL最差解1921.00
2025-04-08 12:14:10,205 - DEBUG -   [EL->SL] 成功添加1个EL解到SL种群
2025-04-08 12:14:10,206 - DEBUG - Updated probability model at iteration 144
2025-04-08 12:14:10,206 - INFO - Iteration 145/500: Phase=hybrid learning, SL ratio=0.90, EL ratio=0.10
2025-04-08 12:14:10,720 - DEBUG -   [SL->EL] 失败! SL最优解1955.00不如EL最差解1943.00
2025-04-08 12:14:10,720 - DEBUG -   [EL->SL] 成功添加1个EL解到SL种群
2025-04-08 12:14:10,720 - DEBUG - Updated probability model at iteration 145
2025-04-08 12:14:10,720 - INFO - Iteration 146/500: Phase=hybrid learning, SL ratio=0.90, EL ratio=0.10
2025-04-08 12:14:11,223 - DEBUG -   [SL->EL] 成功! 用SL最优解1920.00替换EL最差解1927.00, 改进了7.00
2025-04-08 12:14:11,223 - DEBUG -   [EL->SL] 成功添加1个EL解到SL种群
2025-04-08 12:14:11,225 - DEBUG - Updated probability model at iteration 146
2025-04-08 12:14:11,225 - INFO - Iteration 147/500: Phase=hybrid learning, SL ratio=0.90, EL ratio=0.10
2025-04-08 12:14:11,717 - INFO - In generation 147，New best makespan: 1863.00, source: el
2025-04-08 12:14:11,718 - DEBUG -   [SL->EL] 成功! 用SL最优解1947.00替换EL最差解1974.00, 改进了27.00
2025-04-08 12:14:11,718 - DEBUG -   [EL->SL] 成功添加1个EL解到SL种群
2025-04-08 12:14:11,718 - DEBUG - Updated probability model at iteration 147
2025-04-08 12:14:11,718 - INFO - Iteration 148/500: Phase=hybrid learning, SL ratio=0.90, EL ratio=0.10
2025-04-08 12:14:12,223 - DEBUG -   [SL->EL] 成功! 用SL最优解1916.00替换EL最差解1995.00, 改进了79.00
2025-04-08 12:14:12,223 - DEBUG -   [EL->SL] 成功添加1个EL解到SL种群
2025-04-08 12:14:12,224 - DEBUG - Updated probability model at iteration 148
2025-04-08 12:14:12,224 - INFO - Iteration 149/500: Phase=hybrid learning, SL ratio=0.90, EL ratio=0.10
2025-04-08 12:14:12,715 - INFO - In generation 149，New best makespan: 1859.00, source: el
2025-04-08 12:14:12,715 - DEBUG -   [SL->EL] 失败! SL最优解1953.00不如EL最差解1923.00
2025-04-08 12:14:12,716 - DEBUG -   [EL->SL] 成功添加1个EL解到SL种群
2025-04-08 12:14:12,717 - DEBUG - Updated probability model at iteration 149
2025-04-08 12:14:12,717 - INFO - Iteration 150/500: Phase=hybrid learning, SL ratio=0.90, EL ratio=0.10
2025-04-08 12:14:13,218 - DEBUG -   [SL->EL] 成功! 用SL最优解1928.00替换EL最差解2013.00, 改进了85.00
2025-04-08 12:14:13,218 - DEBUG -   [EL->SL] 成功添加1个EL解到SL种群
2025-04-08 12:14:13,219 - DEBUG - Updated probability model at iteration 150
2025-04-08 12:14:13,219 - INFO - Iteration 151/500: Phase=hybrid learning, SL ratio=0.90, EL ratio=0.10
2025-04-08 12:14:13,717 - DEBUG -   [SL->EL] 成功! 用SL最优解1951.00替换EL最差解1970.00, 改进了19.00
2025-04-08 12:14:13,717 - DEBUG -   [EL->SL] 成功添加1个EL解到SL种群
2025-04-08 12:14:13,718 - DEBUG - Updated probability model at iteration 151
2025-04-08 12:14:13,718 - INFO - EL has been consistently better for 5 iterations, adjusting ratios: SL=0.80, EL=0.20
2025-04-08 12:14:13,718 - INFO - Iteration 152/500: Phase=hybrid learning, SL ratio=0.80, EL ratio=0.20
2025-04-08 12:14:14,274 - INFO - In generation 152，New best makespan: 1856.00, source: el
2025-04-08 12:14:14,275 - DEBUG -   [SL->EL] 失败! SL最优解1950.00不如EL最差解1936.00
2025-04-08 12:14:14,275 - DEBUG -   [EL->SL] 成功添加2个EL解到SL种群
2025-04-08 12:14:14,275 - DEBUG - Updated probability model at iteration 152
2025-04-08 12:14:14,275 - INFO - Iteration 153/500: Phase=hybrid learning, SL ratio=0.80, EL ratio=0.20
2025-04-08 12:14:14,829 - DEBUG -   [SL->EL] 成功! 用SL最优解1947.00替换EL最差解1970.00, 改进了23.00
2025-04-08 12:14:14,830 - DEBUG -   [EL->SL] 成功添加2个EL解到SL种群
2025-04-08 12:14:14,830 - DEBUG - Updated probability model at iteration 153
2025-04-08 12:14:14,830 - INFO - Iteration 154/500: Phase=hybrid learning, SL ratio=0.80, EL ratio=0.20
2025-04-08 12:14:15,394 - DEBUG -   [SL->EL] 成功! 用SL最优解1921.00替换EL最差解1937.00, 改进了16.00
2025-04-08 12:14:15,394 - DEBUG -   [EL->SL] 成功添加2个EL解到SL种群
2025-04-08 12:14:15,395 - DEBUG - Updated probability model at iteration 154
2025-04-08 12:14:15,395 - INFO - Iteration 155/500: Phase=hybrid learning, SL ratio=0.80, EL ratio=0.20
2025-04-08 12:14:15,959 - INFO - In generation 155，New best makespan: 1851.00, source: el
2025-04-08 12:14:15,959 - DEBUG -   [SL->EL] 成功! 用SL最优解1906.00替换EL最差解1989.00, 改进了83.00
2025-04-08 12:14:15,960 - DEBUG -   [EL->SL] 成功添加2个EL解到SL种群
2025-04-08 12:14:15,960 - DEBUG - Updated probability model at iteration 155
2025-04-08 12:14:15,960 - INFO - Iteration 156/500: Phase=hybrid learning, SL ratio=0.80, EL ratio=0.20
2025-04-08 12:14:16,508 - DEBUG -   [SL->EL] 成功! 用SL最优解1930.00替换EL最差解2015.00, 改进了85.00
2025-04-08 12:14:16,509 - DEBUG -   [EL->SL] 成功添加2个EL解到SL种群
2025-04-08 12:14:16,510 - DEBUG - Updated probability model at iteration 156
2025-04-08 12:14:16,510 - INFO - EL has been consistently better for 5 iterations, adjusting ratios: SL=0.70, EL=0.30
2025-04-08 12:14:16,511 - INFO - Iteration 157/500: Phase=hybrid learning, SL ratio=0.70, EL ratio=0.30
2025-04-08 12:14:17,095 - INFO - In generation 157，New best makespan: 1847.00, source: el
2025-04-08 12:14:17,095 - DEBUG -   [SL->EL] 成功! 用SL最优解1927.00替换EL最差解2013.00, 改进了86.00
2025-04-08 12:14:17,097 - DEBUG -   [EL->SL] 成功添加3个EL解到SL种群
2025-04-08 12:14:17,097 - DEBUG - Updated probability model at iteration 157
2025-04-08 12:14:17,097 - INFO - Iteration 158/500: Phase=hybrid learning, SL ratio=0.70, EL ratio=0.30
2025-04-08 12:14:17,712 - INFO - In generation 158，New best makespan: 1845.00, source: el
2025-04-08 12:14:17,712 - DEBUG -   [SL->EL] 成功! 用SL最优解1982.00替换EL最差解1995.00, 改进了13.00
2025-04-08 12:14:17,714 - DEBUG -   [EL->SL] 成功添加3个EL解到SL种群
2025-04-08 12:14:17,714 - DEBUG - Updated probability model at iteration 158
2025-04-08 12:14:17,714 - INFO - Iteration 159/500: Phase=hybrid learning, SL ratio=0.70, EL ratio=0.30
2025-04-08 12:14:18,316 - INFO - In generation 159，New best makespan: 1840.00, source: el
2025-04-08 12:14:18,316 - DEBUG -   [SL->EL] 成功! 用SL最优解1929.00替换EL最差解1985.00, 改进了56.00
2025-04-08 12:14:18,318 - DEBUG -   [EL->SL] 成功添加3个EL解到SL种群
2025-04-08 12:14:18,319 - DEBUG - Updated probability model at iteration 159
2025-04-08 12:14:18,319 - INFO - Iteration 160/500: Phase=hybrid learning, SL ratio=0.70, EL ratio=0.30
2025-04-08 12:14:18,929 - INFO - In generation 160，New best makespan: 1839.00, source: el
2025-04-08 12:14:18,929 - DEBUG -   [SL->EL] 成功! 用SL最优解1935.00替换EL最差解1948.00, 改进了13.00
2025-04-08 12:14:18,929 - DEBUG -   [EL->SL] 成功添加3个EL解到SL种群
2025-04-08 12:14:18,931 - DEBUG - Updated probability model at iteration 160
2025-04-08 12:14:18,931 - INFO - Iteration 161/500: Phase=hybrid learning, SL ratio=0.70, EL ratio=0.30
2025-04-08 12:14:19,516 - INFO - In generation 161，New best makespan: 1837.00, source: el
2025-04-08 12:14:19,518 - DEBUG -   [SL->EL] 成功! 用SL最优解1918.00替换EL最差解1969.00, 改进了51.00
2025-04-08 12:14:19,518 - DEBUG -   [EL->SL] 成功添加3个EL解到SL种群
2025-04-08 12:14:19,519 - DEBUG - Updated probability model at iteration 161
2025-04-08 12:14:19,519 - INFO - EL has been consistently better for 5 iterations, adjusting ratios: SL=0.60, EL=0.40
2025-04-08 12:14:19,519 - INFO - Iteration 162/500: Phase=hybrid learning, SL ratio=0.60, EL ratio=0.40
2025-04-08 12:14:20,153 - DEBUG -   [SL->EL] 成功! 用SL最优解1926.00替换EL最差解1984.00, 改进了58.00
2025-04-08 12:14:20,153 - DEBUG -   [EL->SL] 成功添加4个EL解到SL种群
2025-04-08 12:14:20,154 - DEBUG - Updated probability model at iteration 162
2025-04-08 12:14:20,154 - INFO - Iteration 163/500: Phase=hybrid learning, SL ratio=0.60, EL ratio=0.40
2025-04-08 12:14:20,766 - INFO - In generation 163，New best makespan: 1827.00, source: el
2025-04-08 12:14:20,766 - DEBUG -   [SL->EL] 成功! 用SL最优解1937.00替换EL最差解1960.00, 改进了23.00
2025-04-08 12:14:20,767 - DEBUG -   [EL->SL] 成功添加4个EL解到SL种群
2025-04-08 12:14:20,768 - DEBUG - Updated probability model at iteration 163
2025-04-08 12:14:20,768 - INFO - Iteration 164/500: Phase=hybrid learning, SL ratio=0.60, EL ratio=0.40
2025-04-08 12:14:21,408 - INFO - In generation 164，New best makespan: 1824.00, source: el
2025-04-08 12:14:21,409 - DEBUG -   [SL->EL] 成功! 用SL最优解1937.00替换EL最差解2025.00, 改进了88.00
2025-04-08 12:14:21,409 - DEBUG -   [EL->SL] 成功添加4个EL解到SL种群
2025-04-08 12:14:21,410 - DEBUG - Updated probability model at iteration 164
2025-04-08 12:14:21,410 - INFO - Iteration 165/500: Phase=hybrid learning, SL ratio=0.60, EL ratio=0.40
2025-04-08 12:14:22,015 - DEBUG -   [SL->EL] 失败! SL最优解1955.00不如EL最差解1955.00
2025-04-08 12:14:22,016 - DEBUG -   [EL->SL] 成功添加4个EL解到SL种群
2025-04-08 12:14:22,016 - DEBUG - Updated probability model at iteration 165
2025-04-08 12:14:22,016 - INFO - Iteration 166/500: Phase=hybrid learning, SL ratio=0.60, EL ratio=0.40
2025-04-08 12:14:22,660 - INFO - In generation 166，New best makespan: 1819.00, source: el
2025-04-08 12:14:22,660 - DEBUG -   [SL->EL] 成功! 用SL最优解1931.00替换EL最差解1971.00, 改进了40.00
2025-04-08 12:14:22,661 - DEBUG -   [EL->SL] 成功添加4个EL解到SL种群
2025-04-08 12:14:22,662 - DEBUG - Updated probability model at iteration 166
2025-04-08 12:14:22,662 - INFO - EL has been consistently better for 5 iterations, adjusting ratios: SL=0.50, EL=0.50
2025-04-08 12:14:22,662 - INFO - Iteration 167/500: Phase=hybrid learning, SL ratio=0.50, EL ratio=0.50
2025-04-08 12:14:23,313 - INFO - In generation 167，New best makespan: 1812.00, source: el
2025-04-08 12:14:23,314 - DEBUG -   [SL->EL] 成功! 用SL最优解1938.00替换EL最差解2011.00, 改进了73.00
2025-04-08 12:14:23,314 - DEBUG -   [EL->SL] 成功添加5个EL解到SL种群
2025-04-08 12:14:23,314 - DEBUG - Updated probability model at iteration 167
2025-04-08 12:14:23,314 - INFO - Iteration 168/500: Phase=hybrid learning, SL ratio=0.50, EL ratio=0.50
2025-04-08 12:14:23,963 - DEBUG -   [SL->EL] 成功! 用SL最优解1913.00替换EL最差解1992.00, 改进了79.00
2025-04-08 12:14:23,963 - DEBUG -   [EL->SL] 成功添加5个EL解到SL种群
2025-04-08 12:14:23,965 - DEBUG - Updated probability model at iteration 168
2025-04-08 12:14:23,965 - INFO - Iteration 169/500: Phase=hybrid learning, SL ratio=0.50, EL ratio=0.50
2025-04-08 12:14:24,612 - DEBUG -   [SL->EL] 失败! SL最优解1936.00不如EL最差解1915.00
2025-04-08 12:14:24,612 - DEBUG -   [EL->SL] 成功添加5个EL解到SL种群
2025-04-08 12:14:24,612 - DEBUG - Updated probability model at iteration 169
2025-04-08 12:14:24,612 - INFO - Iteration 170/500: Phase=hybrid learning, SL ratio=0.50, EL ratio=0.50
2025-04-08 12:14:25,271 - INFO - In generation 170，New best makespan: 1804.00, source: el
2025-04-08 12:14:25,271 - DEBUG -   [SL->EL] 成功! 用SL最优解1871.00替换EL最差解1990.00, 改进了119.00
2025-04-08 12:14:25,272 - DEBUG -   [EL->SL] 成功添加5个EL解到SL种群
2025-04-08 12:14:25,273 - DEBUG - Updated probability model at iteration 170
2025-04-08 12:14:25,273 - INFO - Iteration 171/500: Phase=hybrid learning, SL ratio=0.50, EL ratio=0.50
2025-04-08 12:14:25,943 - DEBUG -   [SL->EL] 成功! 用SL最优解1878.00替换EL最差解2048.00, 改进了170.00
2025-04-08 12:14:25,944 - DEBUG -   [EL->SL] 成功添加5个EL解到SL种群
2025-04-08 12:14:25,945 - DEBUG - Updated probability model at iteration 171
2025-04-08 12:14:25,945 - INFO - EL has been consistently better for 5 iterations, adjusting ratios: SL=0.40, EL=0.60
2025-04-08 12:14:25,945 - INFO - Iteration 172/500: Phase=hybrid learning, SL ratio=0.40, EL ratio=0.60
2025-04-08 12:14:26,704 - INFO - In generation 172，New best makespan: 1800.00, source: el
2025-04-08 12:14:26,704 - DEBUG -   [SL->EL] 成功! 用SL最优解1946.00替换EL最差解2053.00, 改进了107.00
2025-04-08 12:14:26,705 - DEBUG -   [EL->SL] 成功添加6个EL解到SL种群
2025-04-08 12:14:26,706 - DEBUG - Updated probability model at iteration 172
2025-04-08 12:14:26,706 - INFO - Iteration 173/500: Phase=hybrid learning, SL ratio=0.40, EL ratio=0.60
2025-04-08 12:14:27,387 - INFO - In generation 173，New best makespan: 1796.00, source: el
2025-04-08 12:14:27,388 - DEBUG -   [SL->EL] 成功! 用SL最优解1879.00替换EL最差解1938.00, 改进了59.00
2025-04-08 12:14:27,389 - DEBUG -   [EL->SL] 成功添加6个EL解到SL种群
2025-04-08 12:14:27,390 - DEBUG - Updated probability model at iteration 173
2025-04-08 12:14:27,390 - INFO - Iteration 174/500: Phase=hybrid learning, SL ratio=0.40, EL ratio=0.60
2025-04-08 12:14:28,083 - DEBUG -   [SL->EL] 成功! 用SL最优解1868.00替换EL最差解1870.00, 改进了2.00
2025-04-08 12:14:28,084 - DEBUG -   [EL->SL] 成功添加6个EL解到SL种群
2025-04-08 12:14:28,084 - DEBUG - Updated probability model at iteration 174
2025-04-08 12:14:28,084 - INFO - Iteration 175/500: Phase=hybrid learning, SL ratio=0.40, EL ratio=0.60
2025-04-08 12:14:28,798 - INFO - In generation 175，New best makespan: 1792.00, source: el
2025-04-08 12:14:28,800 - DEBUG -   [SL->EL] 成功! 用SL最优解1874.00替换EL最差解1982.00, 改进了108.00
2025-04-08 12:14:28,800 - DEBUG -   [EL->SL] 成功添加6个EL解到SL种群
2025-04-08 12:14:28,801 - DEBUG - Updated probability model at iteration 175
2025-04-08 12:14:28,801 - INFO - Iteration 176/500: Phase=hybrid learning, SL ratio=0.40, EL ratio=0.60
2025-04-08 12:14:29,539 - INFO - In generation 176，New best makespan: 1791.00, source: el
2025-04-08 12:14:29,540 - DEBUG -   [SL->EL] 成功! 用SL最优解1879.00替换EL最差解1959.00, 改进了80.00
2025-04-08 12:14:29,540 - DEBUG -   [EL->SL] 成功添加6个EL解到SL种群
2025-04-08 12:14:29,542 - DEBUG - Updated probability model at iteration 176
2025-04-08 12:14:29,542 - INFO - EL has been consistently better for 5 iterations, adjusting ratios: SL=0.30, EL=0.70
2025-04-08 12:14:29,542 - INFO - Iteration 177/500: Phase=hybrid learning, SL ratio=0.30, EL ratio=0.70
2025-04-08 12:14:30,286 - INFO - In generation 177，New best makespan: 1790.00, source: el
2025-04-08 12:14:30,287 - DEBUG -   [SL->EL] 成功! 用SL最优解1870.00替换EL最差解1968.00, 改进了98.00
2025-04-08 12:14:30,287 - DEBUG -   [EL->SL] 成功添加7个EL解到SL种群
2025-04-08 12:14:30,288 - DEBUG - Updated probability model at iteration 177
2025-04-08 12:14:30,288 - INFO - Iteration 178/500: Phase=hybrid learning, SL ratio=0.30, EL ratio=0.70
2025-04-08 12:14:31,022 - INFO - In generation 178，New best makespan: 1789.00, source: el
2025-04-08 12:14:31,023 - DEBUG -   [SL->EL] 成功! 用SL最优解1876.00替换EL最差解1973.00, 改进了97.00
2025-04-08 12:14:31,023 - DEBUG -   [EL->SL] 成功添加7个EL解到SL种群
2025-04-08 12:14:31,025 - DEBUG - Updated probability model at iteration 178
2025-04-08 12:14:31,025 - INFO - Iteration 179/500: Phase=hybrid learning, SL ratio=0.30, EL ratio=0.70
2025-04-08 12:14:31,759 - INFO - In generation 179，New best makespan: 1787.00, source: el
2025-04-08 12:14:31,759 - DEBUG -   [SL->EL] 成功! 用SL最优解1927.00替换EL最差解2023.00, 改进了96.00
2025-04-08 12:14:31,760 - DEBUG -   [EL->SL] 成功添加7个EL解到SL种群
2025-04-08 12:14:31,760 - DEBUG - Updated probability model at iteration 179
2025-04-08 12:14:31,760 - INFO - Iteration 180/500: Phase=hybrid learning, SL ratio=0.30, EL ratio=0.70
2025-04-08 12:14:32,478 - DEBUG -   [SL->EL] 成功! 用SL最优解1925.00替换EL最差解1933.00, 改进了8.00
2025-04-08 12:14:32,479 - DEBUG -   [EL->SL] 成功添加7个EL解到SL种群
2025-04-08 12:14:32,480 - DEBUG - Updated probability model at iteration 180
2025-04-08 12:14:32,480 - INFO - Iteration 181/500: Phase=hybrid learning, SL ratio=0.30, EL ratio=0.70
2025-04-08 12:14:33,186 - INFO - In generation 181，New best makespan: 1784.00, source: el
2025-04-08 12:14:33,187 - DEBUG -   [SL->EL] 成功! 用SL最优解1871.00替换EL最差解1904.00, 改进了33.00
2025-04-08 12:14:33,187 - DEBUG -   [EL->SL] 成功添加7个EL解到SL种群
2025-04-08 12:14:33,189 - DEBUG - Updated probability model at iteration 181
2025-04-08 12:14:33,189 - INFO - EL has been consistently better for 5 iterations, adjusting ratios: SL=0.20, EL=0.80
2025-04-08 12:14:33,189 - INFO - Iteration 182/500: Phase=hybrid learning, SL ratio=0.20, EL ratio=0.80
2025-04-08 12:14:33,964 - INFO - In generation 182，New best makespan: 1770.00, source: el
2025-04-08 12:14:33,966 - DEBUG -   [SL->EL] 成功! 用SL最优解1881.00替换EL最差解1957.00, 改进了76.00
2025-04-08 12:14:33,968 - DEBUG -   [EL->SL] 成功添加8个EL解到SL种群
2025-04-08 12:14:33,968 - DEBUG - Updated probability model at iteration 182
2025-04-08 12:14:33,968 - INFO - Iteration 183/500: Phase=hybrid learning, SL ratio=0.20, EL ratio=0.80
2025-04-08 12:14:34,702 - DEBUG -   [SL->EL] 成功! 用SL最优解1904.00替换EL最差解1928.00, 改进了24.00
2025-04-08 12:14:34,703 - DEBUG -   [EL->SL] 成功添加8个EL解到SL种群
2025-04-08 12:14:34,706 - DEBUG - Updated probability model at iteration 183
2025-04-08 12:14:34,706 - INFO - Iteration 184/500: Phase=hybrid learning, SL ratio=0.20, EL ratio=0.80
2025-04-08 12:14:35,466 - INFO - In generation 184，New best makespan: 1764.00, source: el
2025-04-08 12:14:35,466 - DEBUG -   [SL->EL] 成功! 用SL最优解1909.00替换EL最差解1914.00, 改进了5.00
2025-04-08 12:14:35,469 - DEBUG -   [EL->SL] 成功添加8个EL解到SL种群
2025-04-08 12:14:35,469 - DEBUG - Updated probability model at iteration 184
2025-04-08 12:14:35,469 - INFO - Iteration 185/500: Phase=hybrid learning, SL ratio=0.20, EL ratio=0.80
2025-04-08 12:14:36,260 - DEBUG -   [SL->EL] 成功! 用SL最优解1895.00替换EL最差解1932.00, 改进了37.00
2025-04-08 12:14:36,262 - DEBUG -   [EL->SL] 成功添加8个EL解到SL种群
2025-04-08 12:14:36,263 - DEBUG - Updated probability model at iteration 185
2025-04-08 12:14:36,263 - INFO - Iteration 186/500: Phase=hybrid learning, SL ratio=0.20, EL ratio=0.80
2025-04-08 12:14:37,045 - INFO - In generation 186，New best makespan: 1760.00, source: el
2025-04-08 12:14:37,045 - DEBUG -   [SL->EL] 成功! 用SL最优解1855.00替换EL最差解1964.00, 改进了109.00
2025-04-08 12:14:37,046 - DEBUG -   [EL->SL] 成功添加8个EL解到SL种群
2025-04-08 12:14:37,047 - DEBUG - Updated probability model at iteration 186
2025-04-08 12:14:37,047 - INFO - EL has been consistently better for 5 iterations, adjusting ratios: SL=0.10, EL=0.90
2025-04-08 12:14:37,047 - INFO - Iteration 187/500: Phase=hybrid learning, SL ratio=0.10, EL ratio=0.90
2025-04-08 12:14:37,854 - INFO - In generation 187，New best makespan: 1758.00, source: el
2025-04-08 12:14:37,854 - DEBUG -   [SL->EL] 失败! SL最优解1904.00不如EL最差解1869.00
2025-04-08 12:14:37,856 - DEBUG -   [EL->SL] 成功添加9个EL解到SL种群
2025-04-08 12:14:37,856 - DEBUG - Updated probability model at iteration 187
2025-04-08 12:14:37,856 - INFO - Iteration 188/500: Phase=hybrid learning, SL ratio=0.10, EL ratio=0.90
2025-04-08 12:14:38,758 - DEBUG -   [SL->EL] 成功! 用SL最优解1861.00替换EL最差解1928.00, 改进了67.00
2025-04-08 12:14:38,759 - DEBUG -   [EL->SL] 成功添加9个EL解到SL种群
2025-04-08 12:14:38,759 - DEBUG - Updated probability model at iteration 188
2025-04-08 12:14:38,759 - INFO - Iteration 189/500: Phase=hybrid learning, SL ratio=0.10, EL ratio=0.90
2025-04-08 12:14:39,581 - INFO - In generation 189，New best makespan: 1753.00, source: el
2025-04-08 12:14:39,581 - DEBUG -   [SL->EL] 成功! 用SL最优解1884.00替换EL最差解1940.00, 改进了56.00
2025-04-08 12:14:39,583 - DEBUG -   [EL->SL] 成功添加9个EL解到SL种群
2025-04-08 12:14:39,583 - DEBUG - Updated probability model at iteration 189
2025-04-08 12:14:39,583 - INFO - Iteration 190/500: Phase=hybrid learning, SL ratio=0.10, EL ratio=0.90
2025-04-08 12:14:40,429 - INFO - In generation 190，New best makespan: 1748.00, source: el
2025-04-08 12:14:40,429 - DEBUG -   [SL->EL] 成功! 用SL最优解1875.00替换EL最差解1969.00, 改进了94.00
2025-04-08 12:14:40,430 - DEBUG -   [EL->SL] 成功添加9个EL解到SL种群
2025-04-08 12:14:40,431 - DEBUG - Updated probability model at iteration 190
2025-04-08 12:14:40,431 - INFO - Iteration 191/500: Phase=hybrid learning, SL ratio=0.10, EL ratio=0.90
2025-04-08 12:14:41,331 - DEBUG -   [SL->EL] 成功! 用SL最优解1889.00替换EL最差解1958.00, 改进了69.00
2025-04-08 12:14:41,332 - DEBUG -   [EL->SL] 成功添加9个EL解到SL种群
2025-04-08 12:14:41,332 - DEBUG - Updated probability model at iteration 191
2025-04-08 12:14:41,332 - INFO - EL has been consistently better for 5 iterations, adjusting ratios: SL=0.10, EL=0.90
2025-04-08 12:14:41,332 - INFO - Iteration 192/500: Phase=hybrid learning, SL ratio=0.10, EL ratio=0.90
2025-04-08 12:14:42,245 - DEBUG -   [SL->EL] 成功! 用SL最优解1867.00替换EL最差解1988.00, 改进了121.00
2025-04-08 12:14:42,247 - DEBUG -   [EL->SL] 成功添加9个EL解到SL种群
2025-04-08 12:14:42,248 - DEBUG - Updated probability model at iteration 192
2025-04-08 12:14:42,248 - INFO - Iteration 193/500: Phase=hybrid learning, SL ratio=0.10, EL ratio=0.90
2025-04-08 12:14:43,123 - INFO - In generation 193，New best makespan: 1738.00, source: el
2025-04-08 12:14:43,124 - DEBUG -   [SL->EL] 成功! 用SL最优解1881.00替换EL最差解1923.00, 改进了42.00
2025-04-08 12:14:43,125 - DEBUG -   [EL->SL] 成功添加9个EL解到SL种群
2025-04-08 12:14:43,125 - DEBUG - Updated probability model at iteration 193
2025-04-08 12:14:43,125 - INFO - Iteration 194/500: Phase=hybrid learning, SL ratio=0.10, EL ratio=0.90
2025-04-08 12:14:43,984 - DEBUG -   [SL->EL] 成功! 用SL最优解1832.00替换EL最差解1925.00, 改进了93.00
2025-04-08 12:14:43,985 - DEBUG -   [EL->SL] 成功添加9个EL解到SL种群
2025-04-08 12:14:43,985 - DEBUG - Updated probability model at iteration 194
2025-04-08 12:14:43,985 - INFO - Iteration 195/500: Phase=hybrid learning, SL ratio=0.10, EL ratio=0.90
2025-04-08 12:14:44,841 - INFO - In generation 195，New best makespan: 1737.00, source: el
2025-04-08 12:14:44,842 - DEBUG -   [SL->EL] 成功! 用SL最优解1936.00替换EL最差解1945.00, 改进了9.00
2025-04-08 12:14:44,843 - DEBUG -   [EL->SL] 成功添加9个EL解到SL种群
2025-04-08 12:14:44,844 - DEBUG - Updated probability model at iteration 195
2025-04-08 12:14:44,844 - INFO - Iteration 196/500: Phase=hybrid learning, SL ratio=0.10, EL ratio=0.90
2025-04-08 12:14:45,669 - DEBUG -   [SL->EL] 失败! SL最优解1889.00不如EL最差解1855.00
2025-04-08 12:14:45,670 - DEBUG -   [EL->SL] 成功添加9个EL解到SL种群
2025-04-08 12:14:45,670 - DEBUG - Updated probability model at iteration 196
2025-04-08 12:14:45,670 - INFO - EL has been consistently better for 5 iterations, adjusting ratios: SL=0.10, EL=0.90
2025-04-08 12:14:45,670 - INFO - Iteration 197/500: Phase=hybrid learning, SL ratio=0.10, EL ratio=0.90
2025-04-08 12:14:46,450 - DEBUG -   [SL->EL] 失败! SL最优解1979.00不如EL最差解1917.00
2025-04-08 12:14:46,450 - DEBUG -   [EL->SL] 成功添加9个EL解到SL种群
2025-04-08 12:14:46,451 - DEBUG - Updated probability model at iteration 197
2025-04-08 12:14:46,451 - INFO - Iteration 198/500: Phase=hybrid learning, SL ratio=0.10, EL ratio=0.90
2025-04-08 12:14:47,234 - DEBUG -   [SL->EL] 失败! SL最优解1889.00不如EL最差解1875.00
2025-04-08 12:14:47,235 - DEBUG -   [EL->SL] 成功添加9个EL解到SL种群
2025-04-08 12:14:47,236 - DEBUG - Updated probability model at iteration 198
2025-04-08 12:14:47,236 - INFO - Iteration 199/500: Phase=hybrid learning, SL ratio=0.10, EL ratio=0.90
2025-04-08 12:14:47,989 - INFO - In generation 199，New best makespan: 1735.00, source: el
2025-04-08 12:14:47,989 - DEBUG -   [SL->EL] 成功! 用SL最优解1885.00替换EL最差解1901.00, 改进了16.00
2025-04-08 12:14:47,990 - DEBUG -   [EL->SL] 成功添加9个EL解到SL种群
2025-04-08 12:14:47,991 - DEBUG - Updated probability model at iteration 199
2025-04-08 12:14:47,991 - INFO - Iteration 200/500: Phase=hybrid learning, SL ratio=0.10, EL ratio=0.90
2025-04-08 12:14:48,779 - DEBUG -   [SL->EL] 成功! 用SL最优解1928.00替换EL最差解1942.00, 改进了14.00
2025-04-08 12:14:48,781 - DEBUG -   [EL->SL] 成功添加9个EL解到SL种群
2025-04-08 12:14:48,781 - DEBUG - Updated probability model at iteration 200
2025-04-08 12:14:48,781 - INFO - Iteration 201/500: Phase=hybrid learning, SL ratio=0.10, EL ratio=0.90
2025-04-08 12:14:49,562 - DEBUG -   [SL->EL] 成功! 用SL最优解1898.00替换EL最差解1942.00, 改进了44.00
2025-04-08 12:14:49,562 - DEBUG -   [EL->SL] 成功添加9个EL解到SL种群
2025-04-08 12:14:49,562 - DEBUG - Updated probability model at iteration 201
2025-04-08 12:14:49,562 - INFO - EL has been consistently better for 5 iterations, adjusting ratios: SL=0.10, EL=0.90
2025-04-08 12:14:49,564 - INFO - Iteration 202/500: Phase=hybrid learning, SL ratio=0.10, EL ratio=0.90
2025-04-08 12:14:50,354 - INFO - In generation 202，New best makespan: 1731.00, source: el
2025-04-08 12:14:50,354 - DEBUG -   [SL->EL] 成功! 用SL最优解1865.00替换EL最差解1925.00, 改进了60.00
2025-04-08 12:14:50,356 - DEBUG -   [EL->SL] 成功添加9个EL解到SL种群
2025-04-08 12:14:50,356 - DEBUG - Updated probability model at iteration 202
2025-04-08 12:14:50,356 - INFO - Iteration 203/500: Phase=hybrid learning, SL ratio=0.10, EL ratio=0.90
2025-04-08 12:14:51,112 - DEBUG -   [SL->EL] 失败! SL最优解1932.00不如EL最差解1904.00
2025-04-08 12:14:51,114 - DEBUG -   [EL->SL] 成功添加9个EL解到SL种群
2025-04-08 12:14:51,114 - DEBUG - Updated probability model at iteration 203
2025-04-08 12:14:51,114 - INFO - Iteration 204/500: Phase=hybrid learning, SL ratio=0.10, EL ratio=0.90
2025-04-08 12:14:51,921 - DEBUG -   [SL->EL] 失败! SL最优解1864.00不如EL最差解1839.00
2025-04-08 12:14:51,922 - DEBUG -   [EL->SL] 成功添加9个EL解到SL种群
2025-04-08 12:14:51,922 - DEBUG - Updated probability model at iteration 204
2025-04-08 12:14:51,922 - INFO - Iteration 205/500: Phase=hybrid learning, SL ratio=0.10, EL ratio=0.90
2025-04-08 12:14:52,701 - INFO - In generation 205，New best makespan: 1719.00, source: el
2025-04-08 12:14:52,701 - DEBUG -   [SL->EL] 成功! 用SL最优解1868.00替换EL最差解1888.00, 改进了20.00
2025-04-08 12:14:52,703 - DEBUG -   [EL->SL] 成功添加9个EL解到SL种群
2025-04-08 12:14:52,703 - DEBUG - Updated probability model at iteration 205
2025-04-08 12:14:52,703 - INFO - Iteration 206/500: Phase=hybrid learning, SL ratio=0.10, EL ratio=0.90
2025-04-08 12:14:53,480 - DEBUG -   [SL->EL] 成功! 用SL最优解1895.00替换EL最差解1926.00, 改进了31.00
2025-04-08 12:14:53,481 - DEBUG -   [EL->SL] 成功添加9个EL解到SL种群
2025-04-08 12:14:53,482 - DEBUG - Updated probability model at iteration 206
2025-04-08 12:14:53,482 - INFO - EL has been consistently better for 5 iterations, adjusting ratios: SL=0.10, EL=0.90
2025-04-08 12:14:53,482 - INFO - Iteration 207/500: Phase=hybrid learning, SL ratio=0.10, EL ratio=0.90
2025-04-08 12:14:54,268 - INFO - In generation 207，New best makespan: 1717.00, source: el
2025-04-08 12:14:54,269 - DEBUG -   [SL->EL] 成功! 用SL最优解1812.00替换EL最差解1923.00, 改进了111.00
2025-04-08 12:14:54,270 - DEBUG -   [EL->SL] 成功添加9个EL解到SL种群
2025-04-08 12:14:54,270 - DEBUG - Updated probability model at iteration 207
2025-04-08 12:14:54,270 - INFO - Iteration 208/500: Phase=hybrid learning, SL ratio=0.10, EL ratio=0.90
2025-04-08 12:14:55,067 - DEBUG -   [SL->EL] 成功! 用SL最优解1857.00替换EL最差解1881.00, 改进了24.00
2025-04-08 12:14:55,069 - DEBUG -   [EL->SL] 成功添加9个EL解到SL种群
2025-04-08 12:14:55,069 - DEBUG - Updated probability model at iteration 208
2025-04-08 12:14:55,069 - INFO - Iteration 209/500: Phase=hybrid learning, SL ratio=0.10, EL ratio=0.90
2025-04-08 12:14:55,891 - INFO - In generation 209，New best makespan: 1713.00, source: el
2025-04-08 12:14:55,891 - DEBUG -   [SL->EL] 成功! 用SL最优解1924.00替换EL最差解1954.00, 改进了30.00
2025-04-08 12:14:55,892 - DEBUG -   [EL->SL] 成功添加9个EL解到SL种群
2025-04-08 12:14:55,893 - DEBUG - Updated probability model at iteration 209
2025-04-08 12:14:55,893 - INFO - Iteration 210/500: Phase=hybrid learning, SL ratio=0.10, EL ratio=0.90
2025-04-08 12:14:56,718 - INFO - In generation 210，New best makespan: 1709.00, source: el
2025-04-08 12:14:56,719 - DEBUG -   [SL->EL] 失败! SL最优解1899.00不如EL最差解1897.00
2025-04-08 12:14:56,721 - DEBUG -   [EL->SL] 成功添加9个EL解到SL种群
2025-04-08 12:14:56,721 - DEBUG - Updated probability model at iteration 210
2025-04-08 12:14:56,721 - INFO - Iteration 211/500: Phase=hybrid learning, SL ratio=0.10, EL ratio=0.90
2025-04-08 12:14:57,529 - DEBUG -   [SL->EL] 成功! 用SL最优解1828.00替换EL最差解2032.00, 改进了204.00
2025-04-08 12:14:57,531 - DEBUG -   [EL->SL] 成功添加9个EL解到SL种群
2025-04-08 12:14:57,531 - DEBUG - Updated probability model at iteration 211
2025-04-08 12:14:57,531 - INFO - EL has been consistently better for 5 iterations, adjusting ratios: SL=0.10, EL=0.90
2025-04-08 12:14:57,531 - INFO - Iteration 212/500: Phase=hybrid learning, SL ratio=0.10, EL ratio=0.90
2025-04-08 12:14:58,335 - INFO - In generation 212，New best makespan: 1701.00, source: el
2025-04-08 12:14:58,335 - DEBUG -   [SL->EL] 成功! 用SL最优解1859.00替换EL最差解1873.00, 改进了14.00
2025-04-08 12:14:58,336 - DEBUG -   [EL->SL] 成功添加9个EL解到SL种群
2025-04-08 12:14:58,337 - DEBUG - Updated probability model at iteration 212
2025-04-08 12:14:58,337 - INFO - Iteration 213/500: Phase=hybrid learning, SL ratio=0.10, EL ratio=0.90
2025-04-08 12:14:59,164 - INFO - In generation 213，New best makespan: 1700.00, source: el
2025-04-08 12:14:59,164 - DEBUG -   [SL->EL] 成功! 用SL最优解1796.00替换EL最差解1912.00, 改进了116.00
2025-04-08 12:14:59,165 - DEBUG -   [EL->SL] 成功添加9个EL解到SL种群
2025-04-08 12:14:59,165 - DEBUG - Updated probability model at iteration 213
2025-04-08 12:14:59,165 - INFO - Iteration 214/500: Phase=hybrid learning, SL ratio=0.10, EL ratio=0.90
2025-04-08 12:14:59,948 - DEBUG -   [SL->EL] 失败! SL最优解1889.00不如EL最差解1855.00
2025-04-08 12:14:59,950 - DEBUG -   [EL->SL] 成功添加9个EL解到SL种群
2025-04-08 12:14:59,950 - DEBUG - Updated probability model at iteration 214
2025-04-08 12:14:59,950 - INFO - Iteration 215/500: Phase=hybrid learning, SL ratio=0.10, EL ratio=0.90
2025-04-08 12:15:00,728 - INFO - In generation 215，New best makespan: 1696.00, source: el
2025-04-08 12:15:00,728 - DEBUG -   [SL->EL] 失败! SL最优解1913.00不如EL最差解1888.00
2025-04-08 12:15:00,729 - DEBUG -   [EL->SL] 成功添加9个EL解到SL种群
2025-04-08 12:15:00,730 - DEBUG - Updated probability model at iteration 215
2025-04-08 12:15:00,730 - INFO - Iteration 216/500: Phase=hybrid learning, SL ratio=0.10, EL ratio=0.90
2025-04-08 12:15:01,495 - DEBUG -   [SL->EL] 成功! 用SL最优解1834.00替换EL最差解1875.00, 改进了41.00
2025-04-08 12:15:01,495 - DEBUG -   [EL->SL] 成功添加9个EL解到SL种群
2025-04-08 12:15:01,495 - DEBUG - Updated probability model at iteration 216
2025-04-08 12:15:01,495 - INFO - EL has been consistently better for 5 iterations, adjusting ratios: SL=0.10, EL=0.90
2025-04-08 12:15:01,497 - INFO - Iteration 217/500: Phase=hybrid learning, SL ratio=0.10, EL ratio=0.90
2025-04-08 12:15:02,283 - DEBUG -   [SL->EL] 失败! SL最优解1890.00不如EL最差解1840.00
2025-04-08 12:15:02,284 - DEBUG -   [EL->SL] 成功添加9个EL解到SL种群
2025-04-08 12:15:02,284 - DEBUG - Updated probability model at iteration 217
2025-04-08 12:15:02,284 - INFO - Iteration 218/500: Phase=hybrid learning, SL ratio=0.10, EL ratio=0.90
2025-04-08 12:15:03,069 - DEBUG -   [SL->EL] 成功! 用SL最优解1825.00替换EL最差解1869.00, 改进了44.00
2025-04-08 12:15:03,071 - DEBUG -   [EL->SL] 成功添加9个EL解到SL种群
2025-04-08 12:15:03,071 - DEBUG - Updated probability model at iteration 218
2025-04-08 12:15:03,071 - INFO - Iteration 219/500: Phase=hybrid learning, SL ratio=0.10, EL ratio=0.90
2025-04-08 12:15:03,880 - INFO - In generation 219，New best makespan: 1692.00, source: el
2025-04-08 12:15:03,881 - DEBUG -   [SL->EL] 成功! 用SL最优解1856.00替换EL最差解1890.00, 改进了34.00
2025-04-08 12:15:03,883 - DEBUG -   [EL->SL] 成功添加9个EL解到SL种群
2025-04-08 12:15:03,883 - DEBUG - Updated probability model at iteration 219
2025-04-08 12:15:03,883 - INFO - Iteration 220/500: Phase=hybrid learning, SL ratio=0.10, EL ratio=0.90
2025-04-08 12:15:04,716 - INFO - In generation 220，New best makespan: 1688.00, source: el
2025-04-08 12:15:04,716 - DEBUG -   [SL->EL] 成功! 用SL最优解1779.00替换EL最差解1851.00, 改进了72.00
2025-04-08 12:15:04,717 - DEBUG -   [EL->SL] 成功添加9个EL解到SL种群
2025-04-08 12:15:04,718 - DEBUG - Updated probability model at iteration 220
2025-04-08 12:15:04,718 - INFO - Iteration 221/500: Phase=hybrid learning, SL ratio=0.10, EL ratio=0.90
2025-04-08 12:15:05,528 - DEBUG -   [SL->EL] 失败! SL最优解1900.00不如EL最差解1834.00
2025-04-08 12:15:05,529 - DEBUG -   [EL->SL] 成功添加9个EL解到SL种群
2025-04-08 12:15:05,529 - DEBUG - Updated probability model at iteration 221
2025-04-08 12:15:05,529 - INFO - EL has been consistently better for 5 iterations, adjusting ratios: SL=0.10, EL=0.90
2025-04-08 12:15:05,530 - INFO - Iteration 222/500: Phase=hybrid learning, SL ratio=0.10, EL ratio=0.90
2025-04-08 12:15:06,330 - INFO - In generation 222，New best makespan: 1685.00, source: el
2025-04-08 12:15:06,330 - DEBUG -   [SL->EL] 成功! 用SL最优解1889.00替换EL最差解1913.00, 改进了24.00
2025-04-08 12:15:06,331 - DEBUG -   [EL->SL] 成功添加9个EL解到SL种群
2025-04-08 12:15:06,331 - DEBUG - Updated probability model at iteration 222
2025-04-08 12:15:06,331 - INFO - Iteration 223/500: Phase=hybrid learning, SL ratio=0.10, EL ratio=0.90
2025-04-08 12:15:07,119 - DEBUG -   [SL->EL] 成功! 用SL最优解1853.00替换EL最差解1861.00, 改进了8.00
2025-04-08 12:15:07,121 - DEBUG -   [EL->SL] 成功添加9个EL解到SL种群
2025-04-08 12:15:07,121 - DEBUG - Updated probability model at iteration 223
2025-04-08 12:15:07,121 - INFO - Iteration 224/500: Phase=hybrid learning, SL ratio=0.10, EL ratio=0.90
2025-04-08 12:15:07,930 - INFO - In generation 224，New best makespan: 1684.00, source: el
2025-04-08 12:15:07,930 - DEBUG -   [SL->EL] 失败! SL最优解1854.00不如EL最差解1828.00
2025-04-08 12:15:07,932 - DEBUG -   [EL->SL] 成功添加9个EL解到SL种群
2025-04-08 12:15:07,933 - DEBUG - Updated probability model at iteration 224
2025-04-08 12:15:07,933 - INFO - Iteration 225/500: Phase=hybrid learning, SL ratio=0.10, EL ratio=0.90
2025-04-08 12:15:08,729 - INFO - In generation 225，New best makespan: 1679.00, source: el
2025-04-08 12:15:08,730 - DEBUG -   [SL->EL] 成功! 用SL最优解1793.00替换EL最差解1848.00, 改进了55.00
2025-04-08 12:15:08,731 - DEBUG -   [EL->SL] 成功添加9个EL解到SL种群
2025-04-08 12:15:08,731 - DEBUG - Updated probability model at iteration 225
2025-04-08 12:15:08,731 - INFO - Iteration 226/500: Phase=hybrid learning, SL ratio=0.10, EL ratio=0.90
2025-04-08 12:15:09,528 - DEBUG -   [SL->EL] 成功! 用SL最优解1858.00替换EL最差解1870.00, 改进了12.00
2025-04-08 12:15:09,529 - DEBUG -   [EL->SL] 成功添加9个EL解到SL种群
2025-04-08 12:15:09,529 - DEBUG - Updated probability model at iteration 226
2025-04-08 12:15:09,529 - INFO - EL has been consistently better for 5 iterations, adjusting ratios: SL=0.10, EL=0.90
2025-04-08 12:15:09,530 - INFO - Iteration 227/500: Phase=hybrid learning, SL ratio=0.10, EL ratio=0.90
2025-04-08 12:15:10,309 - DEBUG -   [SL->EL] 成功! 用SL最优解1811.00替换EL最差解1831.00, 改进了20.00
2025-04-08 12:15:10,310 - DEBUG -   [EL->SL] 成功添加9个EL解到SL种群
2025-04-08 12:15:10,310 - DEBUG - Updated probability model at iteration 227
2025-04-08 12:15:10,310 - INFO - Iteration 228/500: Phase=hybrid learning, SL ratio=0.10, EL ratio=0.90
2025-04-08 12:15:11,089 - INFO - In generation 228，New best makespan: 1673.00, source: el
2025-04-08 12:15:11,089 - DEBUG -   [SL->EL] 成功! 用SL最优解1797.00替换EL最差解1857.00, 改进了60.00
2025-04-08 12:15:11,090 - DEBUG -   [EL->SL] 成功添加9个EL解到SL种群
2025-04-08 12:15:11,091 - DEBUG - Updated probability model at iteration 228
2025-04-08 12:15:11,091 - INFO - Iteration 229/500: Phase=hybrid learning, SL ratio=0.10, EL ratio=0.90
2025-04-08 12:15:11,853 - DEBUG -   [SL->EL] 失败! SL最优解1828.00不如EL最差解1799.00
2025-04-08 12:15:11,854 - DEBUG -   [EL->SL] 成功添加9个EL解到SL种群
2025-04-08 12:15:11,855 - DEBUG - Updated probability model at iteration 229
2025-04-08 12:15:11,855 - INFO - Iteration 230/500: Phase=hybrid learning, SL ratio=0.10, EL ratio=0.90
2025-04-08 12:15:12,640 - DEBUG -   [SL->EL] 成功! 用SL最优解1796.00替换EL最差解1858.00, 改进了62.00
2025-04-08 12:15:12,641 - DEBUG -   [EL->SL] 成功添加9个EL解到SL种群
2025-04-08 12:15:12,641 - DEBUG - Updated probability model at iteration 230
2025-04-08 12:15:12,641 - INFO - Iteration 231/500: Phase=hybrid learning, SL ratio=0.10, EL ratio=0.90
2025-04-08 12:15:13,412 - INFO - In generation 231，New best makespan: 1670.00, source: el
2025-04-08 12:15:13,412 - DEBUG -   [SL->EL] 成功! 用SL最优解1831.00替换EL最差解1877.00, 改进了46.00
2025-04-08 12:15:13,414 - DEBUG -   [EL->SL] 成功添加9个EL解到SL种群
2025-04-08 12:15:13,414 - DEBUG - Updated probability model at iteration 231
2025-04-08 12:15:13,414 - INFO - EL has been consistently better for 5 iterations, adjusting ratios: SL=0.10, EL=0.90
2025-04-08 12:15:13,415 - INFO - Iteration 232/500: Phase=hybrid learning, SL ratio=0.10, EL ratio=0.90
2025-04-08 12:15:14,229 - INFO - In generation 232，New best makespan: 1669.00, source: el
2025-04-08 12:15:14,229 - DEBUG -   [SL->EL] 成功! 用SL最优解1794.00替换EL最差解1912.00, 改进了118.00
2025-04-08 12:15:14,231 - DEBUG -   [EL->SL] 成功添加9个EL解到SL种群
2025-04-08 12:15:14,231 - DEBUG - Updated probability model at iteration 232
2025-04-08 12:15:14,231 - INFO - Iteration 233/500: Phase=hybrid learning, SL ratio=0.10, EL ratio=0.90
2025-04-08 12:15:15,025 - DEBUG -   [SL->EL] 成功! 用SL最优解1774.00替换EL最差解1876.00, 改进了102.00
2025-04-08 12:15:15,027 - DEBUG -   [EL->SL] 成功添加9个EL解到SL种群
2025-04-08 12:15:15,027 - DEBUG - Updated probability model at iteration 233
2025-04-08 12:15:15,027 - INFO - Iteration 234/500: Phase=hybrid learning, SL ratio=0.10, EL ratio=0.90
2025-04-08 12:15:15,830 - INFO - In generation 234，New best makespan: 1667.00, source: el
2025-04-08 12:15:15,830 - DEBUG -   [SL->EL] 成功! 用SL最优解1805.00替换EL最差解1883.00, 改进了78.00
2025-04-08 12:15:15,831 - DEBUG -   [EL->SL] 成功添加9个EL解到SL种群
2025-04-08 12:15:15,832 - DEBUG - Updated probability model at iteration 234
2025-04-08 12:15:15,832 - INFO - Iteration 235/500: Phase=hybrid learning, SL ratio=0.10, EL ratio=0.90
2025-04-08 12:15:16,618 - INFO - In generation 235，New best makespan: 1666.00, source: el
2025-04-08 12:15:16,619 - DEBUG -   [SL->EL] 成功! 用SL最优解1790.00替换EL最差解1850.00, 改进了60.00
2025-04-08 12:15:16,621 - DEBUG -   [EL->SL] 成功添加9个EL解到SL种群
2025-04-08 12:15:16,621 - DEBUG - Updated probability model at iteration 235
2025-04-08 12:15:16,621 - INFO - Iteration 236/500: Phase=hybrid learning, SL ratio=0.10, EL ratio=0.90
2025-04-08 12:15:17,401 - DEBUG -   [SL->EL] 失败! SL最优解1819.00不如EL最差解1815.00
2025-04-08 12:15:17,402 - DEBUG -   [EL->SL] 成功添加9个EL解到SL种群
2025-04-08 12:15:17,403 - DEBUG - Updated probability model at iteration 236
2025-04-08 12:15:17,403 - INFO - EL has been consistently better for 5 iterations, adjusting ratios: SL=0.10, EL=0.90
2025-04-08 12:15:17,403 - INFO - Iteration 237/500: Phase=hybrid learning, SL ratio=0.10, EL ratio=0.90
2025-04-08 12:15:18,180 - DEBUG -   [SL->EL] 成功! 用SL最优解1808.00替换EL最差解1830.00, 改进了22.00
2025-04-08 12:15:18,182 - DEBUG -   [EL->SL] 成功添加9个EL解到SL种群
2025-04-08 12:15:18,182 - DEBUG - Updated probability model at iteration 237
2025-04-08 12:15:18,182 - INFO - Iteration 238/500: Phase=hybrid learning, SL ratio=0.10, EL ratio=0.90
2025-04-08 12:15:18,990 - INFO - In generation 238，New best makespan: 1663.00, source: el
2025-04-08 12:15:18,990 - DEBUG -   [SL->EL] 成功! 用SL最优解1802.00替换EL最差解1856.00, 改进了54.00
2025-04-08 12:15:18,991 - DEBUG -   [EL->SL] 成功添加9个EL解到SL种群
2025-04-08 12:15:18,992 - DEBUG - Updated probability model at iteration 238
2025-04-08 12:15:18,992 - INFO - Iteration 239/500: Phase=hybrid learning, SL ratio=0.10, EL ratio=0.90
2025-04-08 12:15:19,793 - INFO - In generation 239，New best makespan: 1659.00, source: el
2025-04-08 12:15:19,793 - DEBUG -   [SL->EL] 失败! SL最优解1871.00不如EL最差解1847.00
2025-04-08 12:15:19,795 - DEBUG -   [EL->SL] 成功添加9个EL解到SL种群
2025-04-08 12:15:19,795 - DEBUG - Updated probability model at iteration 239
2025-04-08 12:15:19,795 - INFO - Iteration 240/500: Phase=hybrid learning, SL ratio=0.10, EL ratio=0.90
2025-04-08 12:15:20,609 - DEBUG -   [SL->EL] 成功! 用SL最优解1804.00替换EL最差解1840.00, 改进了36.00
2025-04-08 12:15:20,611 - DEBUG -   [EL->SL] 成功添加9个EL解到SL种群
2025-04-08 12:15:20,611 - DEBUG - Updated probability model at iteration 240
2025-04-08 12:15:20,612 - INFO - Iteration 241/500: Phase=hybrid learning, SL ratio=0.10, EL ratio=0.90
2025-04-08 12:15:21,423 - DEBUG -   [SL->EL] 成功! 用SL最优解1817.00替换EL最差解1918.00, 改进了101.00
2025-04-08 12:15:21,424 - DEBUG -   [EL->SL] 成功添加9个EL解到SL种群
2025-04-08 12:15:21,424 - DEBUG - Updated probability model at iteration 241
2025-04-08 12:15:21,425 - INFO - EL has been consistently better for 5 iterations, adjusting ratios: SL=0.10, EL=0.90
2025-04-08 12:15:21,425 - INFO - Iteration 242/500: Phase=hybrid learning, SL ratio=0.10, EL ratio=0.90
2025-04-08 12:15:22,235 - INFO - In generation 242，New best makespan: 1655.00, source: el
2025-04-08 12:15:22,235 - DEBUG -   [SL->EL] 成功! 用SL最优解1799.00替换EL最差解1873.00, 改进了74.00
2025-04-08 12:15:22,237 - DEBUG -   [EL->SL] 成功添加9个EL解到SL种群
2025-04-08 12:15:22,237 - DEBUG - Updated probability model at iteration 242
2025-04-08 12:15:22,237 - INFO - Iteration 243/500: Phase=hybrid learning, SL ratio=0.10, EL ratio=0.90
2025-04-08 12:15:23,044 - INFO - In generation 243，New best makespan: 1653.00, source: el
2025-04-08 12:15:23,044 - DEBUG -   [SL->EL] 成功! 用SL最优解1841.00替换EL最差解1866.00, 改进了25.00
2025-04-08 12:15:23,046 - DEBUG -   [EL->SL] 成功添加9个EL解到SL种群
2025-04-08 12:15:23,046 - DEBUG - Updated probability model at iteration 243
2025-04-08 12:15:23,046 - INFO - Iteration 244/500: Phase=hybrid learning, SL ratio=0.10, EL ratio=0.90
2025-04-08 12:15:23,829 - INFO - In generation 244，New best makespan: 1648.00, source: el
2025-04-08 12:15:23,829 - DEBUG -   [SL->EL] 成功! 用SL最优解1794.00替换EL最差解1814.00, 改进了20.00
2025-04-08 12:15:23,830 - DEBUG -   [EL->SL] 成功添加9个EL解到SL种群
2025-04-08 12:15:23,831 - DEBUG - Updated probability model at iteration 244
2025-04-08 12:15:23,831 - INFO - Iteration 245/500: Phase=hybrid learning, SL ratio=0.10, EL ratio=0.90
2025-04-08 12:15:24,644 - DEBUG -   [SL->EL] 成功! 用SL最优解1804.00替换EL最差解1887.00, 改进了83.00
2025-04-08 12:15:24,645 - DEBUG -   [EL->SL] 成功添加9个EL解到SL种群
2025-04-08 12:15:24,645 - DEBUG - Updated probability model at iteration 245
2025-04-08 12:15:24,645 - INFO - Iteration 246/500: Phase=hybrid learning, SL ratio=0.10, EL ratio=0.90
2025-04-08 12:15:25,458 - INFO - In generation 246，New best makespan: 1646.00, source: el
2025-04-08 12:15:25,458 - DEBUG -   [SL->EL] 成功! 用SL最优解1798.00替换EL最差解1833.00, 改进了35.00
2025-04-08 12:15:25,461 - DEBUG -   [EL->SL] 成功添加9个EL解到SL种群
2025-04-08 12:15:25,461 - DEBUG - Updated probability model at iteration 246
2025-04-08 12:15:25,461 - INFO - EL has been consistently better for 5 iterations, adjusting ratios: SL=0.10, EL=0.90
2025-04-08 12:15:25,461 - INFO - Iteration 247/500: Phase=hybrid learning, SL ratio=0.10, EL ratio=0.90
2025-04-08 12:15:26,246 - INFO - In generation 247，New best makespan: 1644.00, source: el
2025-04-08 12:15:26,246 - DEBUG -   [SL->EL] 成功! 用SL最优解1780.00替换EL最差解1951.00, 改进了171.00
2025-04-08 12:15:26,248 - DEBUG -   [EL->SL] 成功添加9个EL解到SL种群
2025-04-08 12:15:26,248 - DEBUG - Updated probability model at iteration 247
2025-04-08 12:15:26,248 - INFO - Iteration 248/500: Phase=hybrid learning, SL ratio=0.10, EL ratio=0.90
2025-04-08 12:15:27,044 - DEBUG -   [SL->EL] 成功! 用SL最优解1801.00替换EL最差解1848.00, 改进了47.00
2025-04-08 12:15:27,045 - DEBUG -   [EL->SL] 成功添加9个EL解到SL种群
2025-04-08 12:15:27,047 - DEBUG - Updated probability model at iteration 248
2025-04-08 12:15:27,047 - INFO - Iteration 249/500: Phase=hybrid learning, SL ratio=0.10, EL ratio=0.90
2025-04-08 12:15:27,820 - DEBUG -   [SL->EL] 成功! 用SL最优解1801.00替换EL最差解1805.00, 改进了4.00
2025-04-08 12:15:27,820 - DEBUG -   [EL->SL] 成功添加9个EL解到SL种群
2025-04-08 12:15:27,820 - DEBUG - Updated probability model at iteration 249
2025-04-08 12:15:27,820 - INFO - Iteration 250/500: Phase=hybrid learning, SL ratio=0.10, EL ratio=0.90
2025-04-08 12:15:28,597 - INFO - In generation 250，New best makespan: 1642.00, source: el
2025-04-08 12:15:28,598 - DEBUG -   [SL->EL] 成功! 用SL最优解1815.00替换EL最差解1853.00, 改进了38.00
2025-04-08 12:15:28,600 - DEBUG -   [EL->SL] 成功添加9个EL解到SL种群
2025-04-08 12:15:28,601 - DEBUG - Updated probability model at iteration 250
2025-04-08 12:15:28,601 - INFO - Iteration 251/500: Phase=hybrid learning, SL ratio=0.10, EL ratio=0.90
2025-04-08 12:15:29,402 - DEBUG -   [SL->EL] 失败! SL最优解1827.00不如EL最差解1813.00
2025-04-08 12:15:29,403 - DEBUG -   [EL->SL] 成功添加9个EL解到SL种群
2025-04-08 12:15:29,404 - DEBUG - Updated probability model at iteration 251
2025-04-08 12:15:29,404 - INFO - EL has been consistently better for 5 iterations, adjusting ratios: SL=0.10, EL=0.90
2025-04-08 12:15:29,404 - INFO - Iteration 252/500: Phase=hybrid learning, SL ratio=0.10, EL ratio=0.90
2025-04-08 12:15:30,185 - DEBUG -   [SL->EL] 成功! 用SL最优解1740.00替换EL最差解1803.00, 改进了63.00
2025-04-08 12:15:30,186 - DEBUG -   [EL->SL] 成功添加9个EL解到SL种群
2025-04-08 12:15:30,186 - DEBUG - Updated probability model at iteration 252
2025-04-08 12:15:30,186 - INFO - Iteration 253/500: Phase=hybrid learning, SL ratio=0.10, EL ratio=0.90
2025-04-08 12:15:30,964 - INFO - In generation 253，New best makespan: 1641.00, source: el
2025-04-08 12:15:30,964 - DEBUG -   [SL->EL] 成功! 用SL最优解1811.00替换EL最差解1862.00, 改进了51.00
2025-04-08 12:15:30,965 - DEBUG -   [EL->SL] 成功添加9个EL解到SL种群
2025-04-08 12:15:30,965 - DEBUG - Updated probability model at iteration 253
2025-04-08 12:15:30,965 - INFO - Iteration 254/500: Phase=hybrid learning, SL ratio=0.10, EL ratio=0.90
2025-04-08 12:15:31,762 - INFO - In generation 254，New best makespan: 1639.00, source: el
2025-04-08 12:15:31,762 - DEBUG -   [SL->EL] 失败! SL最优解1861.00不如EL最差解1854.00
2025-04-08 12:15:31,764 - DEBUG -   [EL->SL] 成功添加9个EL解到SL种群
2025-04-08 12:15:31,764 - DEBUG - Updated probability model at iteration 254
2025-04-08 12:15:31,764 - INFO - Iteration 255/500: Phase=hybrid learning, SL ratio=0.10, EL ratio=0.90
2025-04-08 12:15:32,553 - INFO - In generation 255，New best makespan: 1638.00, source: el
2025-04-08 12:15:32,553 - DEBUG -   [SL->EL] 成功! 用SL最优解1741.00替换EL最差解1819.00, 改进了78.00
2025-04-08 12:15:32,554 - DEBUG -   [EL->SL] 成功添加9个EL解到SL种群
2025-04-08 12:15:32,554 - DEBUG - Updated probability model at iteration 255
2025-04-08 12:15:32,555 - INFO - Iteration 256/500: Phase=hybrid learning, SL ratio=0.10, EL ratio=0.90
2025-04-08 12:15:33,362 - DEBUG -   [SL->EL] 失败! SL最优解1832.00不如EL最差解1810.00
2025-04-08 12:15:33,364 - DEBUG -   [EL->SL] 成功添加9个EL解到SL种群
2025-04-08 12:15:33,364 - DEBUG - Updated probability model at iteration 256
2025-04-08 12:15:33,364 - INFO - EL has been consistently better for 5 iterations, adjusting ratios: SL=0.10, EL=0.90
2025-04-08 12:15:33,365 - INFO - Iteration 257/500: Phase=hybrid learning, SL ratio=0.10, EL ratio=0.90
2025-04-08 12:15:34,168 - INFO - In generation 257，New best makespan: 1636.00, source: el
2025-04-08 12:15:34,168 - DEBUG -   [SL->EL] 成功! 用SL最优解1759.00替换EL最差解1796.00, 改进了37.00
2025-04-08 12:15:34,169 - DEBUG -   [EL->SL] 成功添加9个EL解到SL种群
2025-04-08 12:15:34,169 - DEBUG - Updated probability model at iteration 257
2025-04-08 12:15:34,169 - INFO - Iteration 258/500: Phase=hybrid learning, SL ratio=0.10, EL ratio=0.90
2025-04-08 12:15:34,925 - DEBUG -   [SL->EL] 失败! SL最优解1836.00不如EL最差解1831.00
2025-04-08 12:15:34,926 - DEBUG -   [EL->SL] 成功添加9个EL解到SL种群
2025-04-08 12:15:34,926 - DEBUG - Updated probability model at iteration 258
2025-04-08 12:15:34,926 - INFO - Iteration 259/500: Phase=hybrid learning, SL ratio=0.10, EL ratio=0.90
2025-04-08 12:15:35,716 - DEBUG -   [SL->EL] 成功! 用SL最优解1758.00替换EL最差解1818.00, 改进了60.00
2025-04-08 12:15:35,718 - DEBUG -   [EL->SL] 成功添加9个EL解到SL种群
2025-04-08 12:15:35,718 - DEBUG - Updated probability model at iteration 259
2025-04-08 12:15:35,718 - INFO - Iteration 260/500: Phase=hybrid learning, SL ratio=0.10, EL ratio=0.90
2025-04-08 12:15:36,505 - DEBUG -   [SL->EL] 失败! SL最优解1799.00不如EL最差解1797.00
2025-04-08 12:15:36,506 - DEBUG -   [EL->SL] 成功添加9个EL解到SL种群
2025-04-08 12:15:36,506 - DEBUG - Updated probability model at iteration 260
2025-04-08 12:15:36,506 - INFO - Iteration 261/500: Phase=hybrid learning, SL ratio=0.10, EL ratio=0.90
2025-04-08 12:15:37,289 - INFO - In generation 261，New best makespan: 1633.00, source: el
2025-04-08 12:15:37,289 - DEBUG -   [SL->EL] 失败! SL最优解1828.00不如EL最差解1812.00
2025-04-08 12:15:37,291 - DEBUG -   [EL->SL] 成功添加9个EL解到SL种群
2025-04-08 12:15:37,291 - DEBUG - Updated probability model at iteration 261
2025-04-08 12:15:37,291 - INFO - EL has been consistently better for 5 iterations, adjusting ratios: SL=0.10, EL=0.90
2025-04-08 12:15:37,292 - INFO - Iteration 262/500: Phase=hybrid learning, SL ratio=0.10, EL ratio=0.90
2025-04-08 12:15:38,097 - DEBUG -   [SL->EL] 失败! SL最优解1826.00不如EL最差解1807.00
2025-04-08 12:15:38,098 - DEBUG -   [EL->SL] 成功添加9个EL解到SL种群
2025-04-08 12:15:38,098 - DEBUG - Updated probability model at iteration 262
2025-04-08 12:15:38,098 - INFO - Iteration 263/500: Phase=hybrid learning, SL ratio=0.10, EL ratio=0.90
2025-04-08 12:15:38,883 - INFO - In generation 263，New best makespan: 1628.00, source: el
2025-04-08 12:15:38,883 - DEBUG -   [SL->EL] 成功! 用SL最优解1795.00替换EL最差解1852.00, 改进了57.00
2025-04-08 12:15:38,884 - DEBUG -   [EL->SL] 成功添加9个EL解到SL种群
2025-04-08 12:15:38,885 - DEBUG - Updated probability model at iteration 263
2025-04-08 12:15:38,885 - INFO - Iteration 264/500: Phase=hybrid learning, SL ratio=0.10, EL ratio=0.90
2025-04-08 12:15:39,664 - DEBUG -   [SL->EL] 成功! 用SL最优解1780.00替换EL最差解1813.00, 改进了33.00
2025-04-08 12:15:39,666 - DEBUG -   [EL->SL] 成功添加9个EL解到SL种群
2025-04-08 12:15:39,666 - DEBUG - Updated probability model at iteration 264
2025-04-08 12:15:39,666 - INFO - Iteration 265/500: Phase=hybrid learning, SL ratio=0.10, EL ratio=0.90
2025-04-08 12:15:40,456 - DEBUG -   [SL->EL] 成功! 用SL最优解1787.00替换EL最差解1880.00, 改进了93.00
2025-04-08 12:15:40,457 - DEBUG -   [EL->SL] 成功添加9个EL解到SL种群
2025-04-08 12:15:40,457 - DEBUG - Updated probability model at iteration 265
2025-04-08 12:15:40,458 - INFO - Iteration 266/500: Phase=hybrid learning, SL ratio=0.10, EL ratio=0.90
2025-04-08 12:15:41,253 - DEBUG -   [SL->EL] 失败! SL最优解1824.00不如EL最差解1789.00
2025-04-08 12:15:41,254 - DEBUG -   [EL->SL] 成功添加9个EL解到SL种群
2025-04-08 12:15:41,254 - DEBUG - Updated probability model at iteration 266
2025-04-08 12:15:41,254 - INFO - EL has been consistently better for 5 iterations, adjusting ratios: SL=0.10, EL=0.90
2025-04-08 12:15:41,255 - INFO - Iteration 267/500: Phase=hybrid learning, SL ratio=0.10, EL ratio=0.90
2025-04-08 12:15:42,032 - DEBUG -   [SL->EL] 成功! 用SL最优解1782.00替换EL最差解1874.00, 改进了92.00
2025-04-08 12:15:42,033 - DEBUG -   [EL->SL] 成功添加9个EL解到SL种群
2025-04-08 12:15:42,033 - DEBUG - Updated probability model at iteration 267
2025-04-08 12:15:42,033 - INFO - Iteration 268/500: Phase=hybrid learning, SL ratio=0.10, EL ratio=0.90
2025-04-08 12:15:42,809 - DEBUG -   [SL->EL] 成功! 用SL最优解1737.00替换EL最差解1881.00, 改进了144.00
2025-04-08 12:15:42,810 - DEBUG -   [EL->SL] 成功添加9个EL解到SL种群
2025-04-08 12:15:42,810 - DEBUG - Updated probability model at iteration 268
2025-04-08 12:15:42,810 - INFO - Iteration 269/500: Phase=hybrid learning, SL ratio=0.10, EL ratio=0.90
2025-04-08 12:15:43,625 - DEBUG -   [SL->EL] 成功! 用SL最优解1764.00替换EL最差解1792.00, 改进了28.00
2025-04-08 12:15:43,626 - DEBUG -   [EL->SL] 成功添加9个EL解到SL种群
2025-04-08 12:15:43,626 - DEBUG - Updated probability model at iteration 269
2025-04-08 12:15:43,626 - INFO - Iteration 270/500: Phase=hybrid learning, SL ratio=0.10, EL ratio=0.90
2025-04-08 12:15:44,398 - DEBUG -   [SL->EL] 失败! SL最优解1791.00不如EL最差解1778.00
2025-04-08 12:15:44,400 - DEBUG -   [EL->SL] 成功添加9个EL解到SL种群
2025-04-08 12:15:44,400 - DEBUG - Updated probability model at iteration 270
2025-04-08 12:15:44,400 - INFO - Iteration 271/500: Phase=hybrid learning, SL ratio=0.10, EL ratio=0.90
2025-04-08 12:15:45,178 - DEBUG -   [SL->EL] 成功! 用SL最优解1780.00替换EL最差解1785.00, 改进了5.00
2025-04-08 12:15:45,179 - DEBUG -   [EL->SL] 成功添加9个EL解到SL种群
2025-04-08 12:15:45,180 - DEBUG - Updated probability model at iteration 271
2025-04-08 12:15:45,180 - INFO - EL has been consistently better for 5 iterations, adjusting ratios: SL=0.10, EL=0.90
2025-04-08 12:15:45,180 - INFO - Iteration 272/500: Phase=hybrid learning, SL ratio=0.10, EL ratio=0.90
2025-04-08 12:15:45,965 - DEBUG -   [SL->EL] 成功! 用SL最优解1776.00替换EL最差解1809.00, 改进了33.00
2025-04-08 12:15:45,967 - DEBUG -   [EL->SL] 成功添加9个EL解到SL种群
2025-04-08 12:15:45,967 - DEBUG - Updated probability model at iteration 272
2025-04-08 12:15:45,967 - INFO - Iteration 273/500: Phase=hybrid learning, SL ratio=0.10, EL ratio=0.90
2025-04-08 12:15:46,766 - DEBUG -   [SL->EL] 失败! SL最优解1848.00不如EL最差解1820.00
2025-04-08 12:15:46,768 - DEBUG -   [EL->SL] 成功添加9个EL解到SL种群
2025-04-08 12:15:46,768 - DEBUG - Updated probability model at iteration 273
2025-04-08 12:15:46,768 - INFO - Iteration 274/500: Phase=hybrid learning, SL ratio=0.10, EL ratio=0.90
2025-04-08 12:15:47,571 - DEBUG -   [SL->EL] 成功! 用SL最优解1757.00替换EL最差解1822.00, 改进了65.00
2025-04-08 12:15:47,572 - DEBUG -   [EL->SL] 成功添加9个EL解到SL种群
2025-04-08 12:15:47,573 - DEBUG - Updated probability model at iteration 274
2025-04-08 12:15:47,573 - INFO - Iteration 275/500: Phase=hybrid learning, SL ratio=0.10, EL ratio=0.90
2025-04-08 12:15:48,333 - INFO - In generation 275，New best makespan: 1627.00, source: el
2025-04-08 12:15:48,333 - DEBUG -   [SL->EL] 失败! SL最优解1839.00不如EL最差解1771.00
2025-04-08 12:15:48,334 - DEBUG -   [EL->SL] 成功添加9个EL解到SL种群
2025-04-08 12:15:48,335 - DEBUG - Updated probability model at iteration 275
2025-04-08 12:15:48,335 - INFO - Iteration 276/500: Phase=hybrid learning, SL ratio=0.10, EL ratio=0.90
2025-04-08 12:15:49,136 - DEBUG -   [SL->EL] 成功! 用SL最优解1777.00替换EL最差解1877.00, 改进了100.00
2025-04-08 12:15:49,137 - DEBUG -   [EL->SL] 成功添加9个EL解到SL种群
2025-04-08 12:15:49,137 - DEBUG - Updated probability model at iteration 276
2025-04-08 12:15:49,137 - INFO - EL has been consistently better for 5 iterations, adjusting ratios: SL=0.10, EL=0.90
2025-04-08 12:15:49,137 - INFO - Iteration 277/500: Phase=hybrid learning, SL ratio=0.10, EL ratio=0.90
2025-04-08 12:15:49,938 - DEBUG -   [SL->EL] 失败! SL最优解1822.00不如EL最差解1803.00
2025-04-08 12:15:49,940 - DEBUG -   [EL->SL] 成功添加9个EL解到SL种群
2025-04-08 12:15:49,941 - DEBUG - Updated probability model at iteration 277
2025-04-08 12:15:49,941 - INFO - Iteration 278/500: Phase=hybrid learning, SL ratio=0.10, EL ratio=0.90
2025-04-08 12:15:50,739 - DEBUG -   [SL->EL] 成功! 用SL最优解1770.00替换EL最差解1809.00, 改进了39.00
2025-04-08 12:15:50,740 - DEBUG -   [EL->SL] 成功添加9个EL解到SL种群
2025-04-08 12:15:50,740 - DEBUG - Updated probability model at iteration 278
2025-04-08 12:15:50,740 - INFO - Iteration 279/500: Phase=hybrid learning, SL ratio=0.10, EL ratio=0.90
2025-04-08 12:15:51,522 - DEBUG -   [SL->EL] 失败! SL最优解1847.00不如EL最差解1810.00
2025-04-08 12:15:51,524 - DEBUG -   [EL->SL] 成功添加9个EL解到SL种群
2025-04-08 12:15:51,524 - DEBUG - Updated probability model at iteration 279
2025-04-08 12:15:51,524 - INFO - Iteration 280/500: Phase=hybrid learning, SL ratio=0.10, EL ratio=0.90
2025-04-08 12:15:52,318 - DEBUG -   [SL->EL] 成功! 用SL最优解1779.00替换EL最差解1811.00, 改进了32.00
2025-04-08 12:15:52,319 - DEBUG -   [EL->SL] 成功添加9个EL解到SL种群
2025-04-08 12:15:52,320 - DEBUG - Updated probability model at iteration 280
2025-04-08 12:15:52,320 - INFO - Iteration 281/500: Phase=hybrid learning, SL ratio=0.10, EL ratio=0.90
2025-04-08 12:15:53,127 - DEBUG -   [SL->EL] 成功! 用SL最优解1794.00替换EL最差解1836.00, 改进了42.00
2025-04-08 12:15:53,129 - DEBUG -   [EL->SL] 成功添加9个EL解到SL种群
2025-04-08 12:15:53,129 - DEBUG - Updated probability model at iteration 281
2025-04-08 12:15:53,129 - INFO - EL has been consistently better for 5 iterations, adjusting ratios: SL=0.10, EL=0.90
2025-04-08 12:15:53,130 - INFO - Iteration 282/500: Phase=hybrid learning, SL ratio=0.10, EL ratio=0.90
2025-04-08 12:15:53,921 - DEBUG -   [SL->EL] 失败! SL最优解1835.00不如EL最差解1804.00
2025-04-08 12:15:53,922 - DEBUG -   [EL->SL] 成功添加9个EL解到SL种群
2025-04-08 12:15:53,922 - DEBUG - Updated probability model at iteration 282
2025-04-08 12:15:53,922 - INFO - Iteration 283/500: Phase=hybrid learning, SL ratio=0.10, EL ratio=0.90
2025-04-08 12:15:54,695 - DEBUG -   [SL->EL] 失败! SL最优解1807.00不如EL最差解1750.00
2025-04-08 12:15:54,696 - DEBUG -   [EL->SL] 成功添加9个EL解到SL种群
2025-04-08 12:15:54,697 - DEBUG - Updated probability model at iteration 283
2025-04-08 12:15:54,697 - INFO - Iteration 284/500: Phase=hybrid learning, SL ratio=0.10, EL ratio=0.90
2025-04-08 12:15:55,503 - INFO - In generation 284，New best makespan: 1626.00, source: el
2025-04-08 12:15:55,503 - DEBUG -   [SL->EL] 失败! SL最优解1839.00不如EL最差解1812.00
2025-04-08 12:15:55,504 - DEBUG -   [EL->SL] 成功添加9个EL解到SL种群
2025-04-08 12:15:55,505 - DEBUG - Updated probability model at iteration 284
2025-04-08 12:15:55,505 - INFO - Iteration 285/500: Phase=hybrid learning, SL ratio=0.10, EL ratio=0.90
2025-04-08 12:15:56,297 - DEBUG -   [SL->EL] 成功! 用SL最优解1764.00替换EL最差解1799.00, 改进了35.00
2025-04-08 12:15:56,299 - DEBUG -   [EL->SL] 成功添加9个EL解到SL种群
2025-04-08 12:15:56,299 - DEBUG - Updated probability model at iteration 285
2025-04-08 12:15:56,299 - INFO - Iteration 286/500: Phase=hybrid learning, SL ratio=0.10, EL ratio=0.90
2025-04-08 12:15:57,051 - DEBUG -   [SL->EL] 成功! 用SL最优解1790.00替换EL最差解1816.00, 改进了26.00
2025-04-08 12:15:57,053 - DEBUG -   [EL->SL] 成功添加9个EL解到SL种群
2025-04-08 12:15:57,053 - DEBUG - Updated probability model at iteration 286
2025-04-08 12:15:57,053 - INFO - EL has been consistently better for 5 iterations, adjusting ratios: SL=0.10, EL=0.90
2025-04-08 12:15:57,054 - INFO - Iteration 287/500: Phase=hybrid learning, SL ratio=0.10, EL ratio=0.90
2025-04-08 12:15:57,843 - DEBUG -   [SL->EL] 失败! SL最优解1835.00不如EL最差解1809.00
2025-04-08 12:15:57,844 - DEBUG -   [EL->SL] 成功添加9个EL解到SL种群
2025-04-08 12:15:57,844 - DEBUG - Updated probability model at iteration 287
2025-04-08 12:15:57,845 - INFO - Iteration 288/500: Phase=hybrid learning, SL ratio=0.10, EL ratio=0.90
2025-04-08 12:15:58,625 - DEBUG -   [SL->EL] 成功! 用SL最优解1809.00替换EL最差解1856.00, 改进了47.00
2025-04-08 12:15:58,626 - DEBUG -   [EL->SL] 成功添加9个EL解到SL种群
2025-04-08 12:15:58,626 - DEBUG - Updated probability model at iteration 288
2025-04-08 12:15:58,626 - INFO - Iteration 289/500: Phase=hybrid learning, SL ratio=0.10, EL ratio=0.90
2025-04-08 12:15:59,411 - DEBUG -   [SL->EL] 成功! 用SL最优解1817.00替换EL最差解1833.00, 改进了16.00
2025-04-08 12:15:59,413 - DEBUG -   [EL->SL] 成功添加9个EL解到SL种群
2025-04-08 12:15:59,414 - DEBUG - Updated probability model at iteration 289
2025-04-08 12:15:59,414 - INFO - Iteration 290/500: Phase=hybrid learning, SL ratio=0.10, EL ratio=0.90
2025-04-08 12:16:00,208 - DEBUG -   [SL->EL] 成功! 用SL最优解1820.00替换EL最差解1859.00, 改进了39.00
2025-04-08 12:16:00,210 - DEBUG -   [EL->SL] 成功添加9个EL解到SL种群
2025-04-08 12:16:00,210 - DEBUG - Updated probability model at iteration 290
2025-04-08 12:16:00,210 - INFO - Iteration 291/500: Phase=hybrid learning, SL ratio=0.10, EL ratio=0.90
2025-04-08 12:16:01,011 - DEBUG -   [SL->EL] 成功! 用SL最优解1815.00替换EL最差解1827.00, 改进了12.00
2025-04-08 12:16:01,012 - DEBUG -   [EL->SL] 成功添加9个EL解到SL种群
2025-04-08 12:16:01,013 - DEBUG - Updated probability model at iteration 291
2025-04-08 12:16:01,013 - INFO - EL has been consistently better for 5 iterations, adjusting ratios: SL=0.10, EL=0.90
2025-04-08 12:16:01,013 - INFO - Iteration 292/500: Phase=hybrid learning, SL ratio=0.10, EL ratio=0.90
2025-04-08 12:16:01,798 - DEBUG -   [SL->EL] 成功! 用SL最优解1794.00替换EL最差解1837.00, 改进了43.00
2025-04-08 12:16:01,799 - DEBUG -   [EL->SL] 成功添加9个EL解到SL种群
2025-04-08 12:16:01,800 - DEBUG - Updated probability model at iteration 292
2025-04-08 12:16:01,800 - INFO - Iteration 293/500: Phase=hybrid learning, SL ratio=0.10, EL ratio=0.90
2025-04-08 12:16:02,600 - DEBUG -   [SL->EL] 成功! 用SL最优解1803.00替换EL最差解1831.00, 改进了28.00
2025-04-08 12:16:02,601 - DEBUG -   [EL->SL] 成功添加9个EL解到SL种群
2025-04-08 12:16:02,602 - DEBUG - Updated probability model at iteration 293
2025-04-08 12:16:02,602 - INFO - Iteration 294/500: Phase=hybrid learning, SL ratio=0.10, EL ratio=0.90
2025-04-08 12:16:03,406 - DEBUG -   [SL->EL] 成功! 用SL最优解1787.00替换EL最差解1808.00, 改进了21.00
2025-04-08 12:16:03,407 - DEBUG -   [EL->SL] 成功添加9个EL解到SL种群
2025-04-08 12:16:03,407 - DEBUG - Updated probability model at iteration 294
2025-04-08 12:16:03,407 - INFO - Iteration 295/500: Phase=hybrid learning, SL ratio=0.10, EL ratio=0.90
2025-04-08 12:16:04,214 - DEBUG -   [SL->EL] 成功! 用SL最优解1813.00替换EL最差解1826.00, 改进了13.00
2025-04-08 12:16:04,217 - DEBUG -   [EL->SL] 成功添加9个EL解到SL种群
2025-04-08 12:16:04,217 - DEBUG - Updated probability model at iteration 295
2025-04-08 12:16:04,217 - INFO - Iteration 296/500: Phase=hybrid learning, SL ratio=0.10, EL ratio=0.90
2025-04-08 12:16:05,022 - INFO - In generation 296，New best makespan: 1625.00, source: el
2025-04-08 12:16:05,023 - DEBUG -   [SL->EL] 成功! 用SL最优解1835.00替换EL最差解1843.00, 改进了8.00
2025-04-08 12:16:05,024 - DEBUG -   [EL->SL] 成功添加9个EL解到SL种群
2025-04-08 12:16:05,024 - DEBUG - Updated probability model at iteration 296
2025-04-08 12:16:05,024 - INFO - EL has been consistently better for 5 iterations, adjusting ratios: SL=0.10, EL=0.90
2025-04-08 12:16:05,025 - INFO - Iteration 297/500: Phase=hybrid learning, SL ratio=0.10, EL ratio=0.90
2025-04-08 12:16:05,787 - DEBUG -   [SL->EL] 成功! 用SL最优解1748.00替换EL最差解1776.00, 改进了28.00
2025-04-08 12:16:05,788 - DEBUG -   [EL->SL] 成功添加9个EL解到SL种群
2025-04-08 12:16:05,789 - DEBUG - Updated probability model at iteration 297
2025-04-08 12:16:05,789 - INFO - Iteration 298/500: Phase=hybrid learning, SL ratio=0.10, EL ratio=0.90
2025-04-08 12:16:06,581 - INFO - In generation 298，New best makespan: 1617.00, source: el
2025-04-08 12:16:06,582 - DEBUG -   [SL->EL] 成功! 用SL最优解1730.00替换EL最差解1928.00, 改进了198.00
2025-04-08 12:16:06,584 - DEBUG -   [EL->SL] 成功添加9个EL解到SL种群
2025-04-08 12:16:06,584 - DEBUG - Updated probability model at iteration 298
2025-04-08 12:16:06,584 - INFO - Iteration 299/500: Phase=hybrid learning, SL ratio=0.10, EL ratio=0.90
2025-04-08 12:16:07,352 - DEBUG -   [SL->EL] 失败! SL最优解1817.00不如EL最差解1786.00
2025-04-08 12:16:07,354 - DEBUG -   [EL->SL] 成功添加9个EL解到SL种群
2025-04-08 12:16:07,354 - DEBUG - Updated probability model at iteration 299
2025-04-08 12:16:07,354 - INFO - Iteration 300/500: Phase=hybrid learning, SL ratio=0.10, EL ratio=0.90
2025-04-08 12:16:08,144 - DEBUG -   [SL->EL] 失败! SL最优解1836.00不如EL最差解1769.00
2025-04-08 12:16:08,145 - DEBUG -   [EL->SL] 成功添加9个EL解到SL种群
2025-04-08 12:16:08,146 - DEBUG - Updated probability model at iteration 300
2025-04-08 12:16:08,146 - INFO - Iteration 301/500: Phase=hybrid learning, SL ratio=0.10, EL ratio=0.90
2025-04-08 12:16:08,935 - DEBUG -   [SL->EL] 失败! SL最优解1813.00不如EL最差解1777.00
2025-04-08 12:16:08,936 - DEBUG -   [EL->SL] 成功添加9个EL解到SL种群
2025-04-08 12:16:08,936 - DEBUG - Updated probability model at iteration 301
2025-04-08 12:16:08,936 - INFO - EL has been consistently better for 5 iterations, adjusting ratios: SL=0.10, EL=0.90
2025-04-08 12:16:08,937 - INFO - Iteration 302/500: Phase=hybrid learning, SL ratio=0.10, EL ratio=0.90
2025-04-08 12:16:09,722 - INFO - In generation 302，New best makespan: 1611.00, source: el
2025-04-08 12:16:09,722 - DEBUG -   [SL->EL] 成功! 用SL最优解1808.00替换EL最差解1872.00, 改进了64.00
2025-04-08 12:16:09,723 - DEBUG -   [EL->SL] 成功添加9个EL解到SL种群
2025-04-08 12:16:09,724 - DEBUG - Updated probability model at iteration 302
2025-04-08 12:16:09,724 - INFO - Iteration 303/500: Phase=hybrid learning, SL ratio=0.10, EL ratio=0.90
2025-04-08 12:16:10,500 - DEBUG -   [SL->EL] 失败! SL最优解1893.00不如EL最差解1803.00
2025-04-08 12:16:10,501 - DEBUG -   [EL->SL] 成功添加9个EL解到SL种群
2025-04-08 12:16:10,502 - DEBUG - Updated probability model at iteration 303
2025-04-08 12:16:10,502 - INFO - Iteration 304/500: Phase=hybrid learning, SL ratio=0.10, EL ratio=0.90
2025-04-08 12:16:11,275 - DEBUG -   [SL->EL] 成功! 用SL最优解1794.00替换EL最差解1896.00, 改进了102.00
2025-04-08 12:16:11,275 - DEBUG -   [EL->SL] 成功添加9个EL解到SL种群
2025-04-08 12:16:11,276 - DEBUG - Updated probability model at iteration 304
2025-04-08 12:16:11,276 - INFO - Iteration 305/500: Phase=hybrid learning, SL ratio=0.10, EL ratio=0.90
2025-04-08 12:16:12,080 - DEBUG -   [SL->EL] 成功! 用SL最优解1788.00替换EL最差解1796.00, 改进了8.00
2025-04-08 12:16:12,081 - DEBUG -   [EL->SL] 成功添加9个EL解到SL种群
2025-04-08 12:16:12,082 - DEBUG - Updated probability model at iteration 305
2025-04-08 12:16:12,082 - INFO - Iteration 306/500: Phase=hybrid learning, SL ratio=0.10, EL ratio=0.90
2025-04-08 12:16:12,866 - DEBUG -   [SL->EL] 失败! SL最优解1848.00不如EL最差解1794.00
2025-04-08 12:16:12,868 - DEBUG -   [EL->SL] 成功添加9个EL解到SL种群
2025-04-08 12:16:12,868 - DEBUG - Updated probability model at iteration 306
2025-04-08 12:16:12,868 - INFO - EL has been consistently better for 5 iterations, adjusting ratios: SL=0.10, EL=0.90
2025-04-08 12:16:12,869 - INFO - Iteration 307/500: Phase=hybrid learning, SL ratio=0.10, EL ratio=0.90
2025-04-08 12:16:13,662 - DEBUG -   [SL->EL] 失败! SL最优解1829.00不如EL最差解1822.00
2025-04-08 12:16:13,662 - DEBUG -   [EL->SL] 成功添加9个EL解到SL种群
2025-04-08 12:16:13,662 - DEBUG - Updated probability model at iteration 307
2025-04-08 12:16:13,662 - INFO - Iteration 308/500: Phase=hybrid learning, SL ratio=0.10, EL ratio=0.90
2025-04-08 12:16:14,443 - DEBUG -   [SL->EL] 失败! SL最优解1814.00不如EL最差解1812.00
2025-04-08 12:16:14,445 - DEBUG -   [EL->SL] 成功添加9个EL解到SL种群
2025-04-08 12:16:14,445 - DEBUG - Updated probability model at iteration 308
2025-04-08 12:16:14,445 - INFO - Iteration 309/500: Phase=hybrid learning, SL ratio=0.10, EL ratio=0.90
2025-04-08 12:16:15,229 - INFO - In generation 309，New best makespan: 1609.00, source: el
2025-04-08 12:16:15,230 - DEBUG -   [SL->EL] 成功! 用SL最优解1822.00替换EL最差解1835.00, 改进了13.00
2025-04-08 12:16:15,231 - DEBUG -   [EL->SL] 成功添加9个EL解到SL种群
2025-04-08 12:16:15,231 - DEBUG - Updated probability model at iteration 309
2025-04-08 12:16:15,231 - INFO - Iteration 310/500: Phase=hybrid learning, SL ratio=0.10, EL ratio=0.90
2025-04-08 12:16:16,024 - DEBUG -   [SL->EL] 失败! SL最优解1821.00不如EL最差解1778.00
2025-04-08 12:16:16,025 - DEBUG -   [EL->SL] 成功添加9个EL解到SL种群
2025-04-08 12:16:16,025 - DEBUG - Updated probability model at iteration 310
2025-04-08 12:16:16,025 - INFO - Iteration 311/500: Phase=hybrid learning, SL ratio=0.10, EL ratio=0.90
2025-04-08 12:16:16,795 - DEBUG -   [SL->EL] 失败! SL最优解1801.00不如EL最差解1798.00
2025-04-08 12:16:16,797 - DEBUG -   [EL->SL] 成功添加9个EL解到SL种群
2025-04-08 12:16:16,797 - DEBUG - Updated probability model at iteration 311
2025-04-08 12:16:16,797 - INFO - EL has been consistently better for 5 iterations, adjusting ratios: SL=0.10, EL=0.90
2025-04-08 12:16:16,798 - INFO - Iteration 312/500: Phase=hybrid learning, SL ratio=0.10, EL ratio=0.90
2025-04-08 12:16:17,595 - INFO - In generation 312，New best makespan: 1603.00, source: el
2025-04-08 12:16:17,595 - DEBUG -   [SL->EL] 失败! SL最优解1814.00不如EL最差解1814.00
2025-04-08 12:16:17,597 - DEBUG -   [EL->SL] 成功添加9个EL解到SL种群
2025-04-08 12:16:17,597 - DEBUG - Updated probability model at iteration 312
2025-04-08 12:16:17,597 - INFO - Iteration 313/500: Phase=hybrid learning, SL ratio=0.10, EL ratio=0.90
2025-04-08 12:16:18,392 - DEBUG -   [SL->EL] 失败! SL最优解1823.00不如EL最差解1784.00
2025-04-08 12:16:18,393 - DEBUG -   [EL->SL] 成功添加9个EL解到SL种群
2025-04-08 12:16:18,394 - DEBUG - Updated probability model at iteration 313
2025-04-08 12:16:18,394 - INFO - Iteration 314/500: Phase=hybrid learning, SL ratio=0.10, EL ratio=0.90
2025-04-08 12:16:19,184 - DEBUG -   [SL->EL] 成功! 用SL最优解1784.00替换EL最差解1803.00, 改进了19.00
2025-04-08 12:16:19,186 - DEBUG -   [EL->SL] 成功添加9个EL解到SL种群
2025-04-08 12:16:19,186 - DEBUG - Updated probability model at iteration 314
2025-04-08 12:16:19,186 - INFO - Iteration 315/500: Phase=hybrid learning, SL ratio=0.10, EL ratio=0.90
2025-04-08 12:16:19,970 - DEBUG -   [SL->EL] 失败! SL最优解1766.00不如EL最差解1730.00
2025-04-08 12:16:19,971 - DEBUG -   [EL->SL] 成功添加9个EL解到SL种群
2025-04-08 12:16:19,971 - DEBUG - Updated probability model at iteration 315
2025-04-08 12:16:19,971 - INFO - Iteration 316/500: Phase=hybrid learning, SL ratio=0.10, EL ratio=0.90
2025-04-08 12:16:20,761 - DEBUG -   [SL->EL] 失败! SL最优解1817.00不如EL最差解1770.00
2025-04-08 12:16:20,762 - DEBUG -   [EL->SL] 成功添加9个EL解到SL种群
2025-04-08 12:16:20,762 - DEBUG - Updated probability model at iteration 316
2025-04-08 12:16:20,762 - INFO - EL has been consistently better for 5 iterations, adjusting ratios: SL=0.10, EL=0.90
2025-04-08 12:16:20,763 - INFO - Iteration 317/500: Phase=hybrid learning, SL ratio=0.10, EL ratio=0.90
2025-04-08 12:16:21,560 - DEBUG -   [SL->EL] 成功! 用SL最优解1783.00替换EL最差解1790.00, 改进了7.00
2025-04-08 12:16:21,562 - DEBUG -   [EL->SL] 成功添加9个EL解到SL种群
2025-04-08 12:16:21,562 - DEBUG - Updated probability model at iteration 317
2025-04-08 12:16:21,562 - INFO - Iteration 318/500: Phase=hybrid learning, SL ratio=0.10, EL ratio=0.90
2025-04-08 12:16:22,362 - DEBUG -   [SL->EL] 失败! SL最优解1826.00不如EL最差解1782.00
2025-04-08 12:16:22,364 - DEBUG -   [EL->SL] 成功添加9个EL解到SL种群
2025-04-08 12:16:22,364 - DEBUG - Updated probability model at iteration 318
2025-04-08 12:16:22,364 - INFO - Iteration 319/500: Phase=hybrid learning, SL ratio=0.10, EL ratio=0.90
2025-04-08 12:16:23,128 - DEBUG -   [SL->EL] 失败! SL最优解1848.00不如EL最差解1772.00
2025-04-08 12:16:23,130 - DEBUG -   [EL->SL] 成功添加9个EL解到SL种群
2025-04-08 12:16:23,130 - DEBUG - Updated probability model at iteration 319
2025-04-08 12:16:23,130 - INFO - Iteration 320/500: Phase=hybrid learning, SL ratio=0.10, EL ratio=0.90
2025-04-08 12:16:23,919 - DEBUG -   [SL->EL] 失败! SL最优解1806.00不如EL最差解1761.00
2025-04-08 12:16:23,922 - DEBUG -   [EL->SL] 成功添加9个EL解到SL种群
2025-04-08 12:16:23,922 - DEBUG - Updated probability model at iteration 320
2025-04-08 12:16:23,922 - INFO - Iteration 321/500: Phase=hybrid learning, SL ratio=0.10, EL ratio=0.90
2025-04-08 12:16:24,716 - DEBUG -   [SL->EL] 成功! 用SL最优解1788.00替换EL最差解1803.00, 改进了15.00
2025-04-08 12:16:24,716 - DEBUG -   [EL->SL] 成功添加9个EL解到SL种群
2025-04-08 12:16:24,718 - DEBUG - Updated probability model at iteration 321
2025-04-08 12:16:24,718 - INFO - EL has been consistently better for 5 iterations, adjusting ratios: SL=0.10, EL=0.90
2025-04-08 12:16:24,718 - INFO - Iteration 322/500: Phase=hybrid learning, SL ratio=0.10, EL ratio=0.90
2025-04-08 12:16:25,512 - DEBUG -   [SL->EL] 失败! SL最优解1823.00不如EL最差解1782.00
2025-04-08 12:16:25,514 - DEBUG -   [EL->SL] 成功添加9个EL解到SL种群
2025-04-08 12:16:25,515 - DEBUG - Updated probability model at iteration 322
2025-04-08 12:16:25,515 - INFO - Iteration 323/500: Phase=hybrid learning, SL ratio=0.10, EL ratio=0.90
2025-04-08 12:16:26,323 - DEBUG -   [SL->EL] 失败! SL最优解1844.00不如EL最差解1812.00
2025-04-08 12:16:26,324 - DEBUG -   [EL->SL] 成功添加9个EL解到SL种群
2025-04-08 12:16:26,324 - DEBUG - Updated probability model at iteration 323
2025-04-08 12:16:26,324 - INFO - Iteration 324/500: Phase=hybrid learning, SL ratio=0.10, EL ratio=0.90
2025-04-08 12:16:27,125 - DEBUG -   [SL->EL] 成功! 用SL最优解1774.00替换EL最差解1790.00, 改进了16.00
2025-04-08 12:16:27,127 - DEBUG -   [EL->SL] 成功添加9个EL解到SL种群
2025-04-08 12:16:27,127 - DEBUG - Updated probability model at iteration 324
2025-04-08 12:16:27,127 - INFO - Iteration 325/500: Phase=hybrid learning, SL ratio=0.10, EL ratio=0.90
2025-04-08 12:16:27,904 - DEBUG -   [SL->EL] 失败! SL最优解1786.00不如EL最差解1745.00
2025-04-08 12:16:27,905 - DEBUG -   [EL->SL] 成功添加9个EL解到SL种群
2025-04-08 12:16:27,905 - DEBUG - Updated probability model at iteration 325
2025-04-08 12:16:27,905 - INFO - Iteration 326/500: Phase=hybrid learning, SL ratio=0.10, EL ratio=0.90
2025-04-08 12:16:28,681 - DEBUG -   [SL->EL] 成功! 用SL最优解1743.00替换EL最差解1839.00, 改进了96.00
2025-04-08 12:16:28,682 - DEBUG -   [EL->SL] 成功添加9个EL解到SL种群
2025-04-08 12:16:28,683 - DEBUG - Updated probability model at iteration 326
2025-04-08 12:16:28,683 - INFO - EL has been consistently better for 5 iterations, adjusting ratios: SL=0.10, EL=0.90
2025-04-08 12:16:28,683 - INFO - Iteration 327/500: Phase=hybrid learning, SL ratio=0.10, EL ratio=0.90
2025-04-08 12:16:29,480 - DEBUG -   [SL->EL] 成功! 用SL最优解1777.00替换EL最差解1868.00, 改进了91.00
2025-04-08 12:16:29,481 - DEBUG -   [EL->SL] 成功添加9个EL解到SL种群
2025-04-08 12:16:29,481 - DEBUG - Updated probability model at iteration 327
2025-04-08 12:16:29,481 - INFO - Iteration 328/500: Phase=hybrid learning, SL ratio=0.10, EL ratio=0.90
2025-04-08 12:16:30,270 - DEBUG -   [SL->EL] 成功! 用SL最优解1717.00替换EL最差解1886.00, 改进了169.00
2025-04-08 12:16:30,273 - DEBUG -   [EL->SL] 成功添加9个EL解到SL种群
2025-04-08 12:16:30,273 - DEBUG - Updated probability model at iteration 328
2025-04-08 12:16:30,273 - INFO - Iteration 329/500: Phase=hybrid learning, SL ratio=0.10, EL ratio=0.90
2025-04-08 12:16:31,075 - DEBUG -   [SL->EL] 成功! 用SL最优解1805.00替换EL最差解1807.00, 改进了2.00
2025-04-08 12:16:31,076 - DEBUG -   [EL->SL] 成功添加9个EL解到SL种群
2025-04-08 12:16:31,076 - DEBUG - Updated probability model at iteration 329
2025-04-08 12:16:31,076 - INFO - Iteration 330/500: Phase=hybrid learning, SL ratio=0.10, EL ratio=0.90
2025-04-08 12:16:31,869 - DEBUG -   [SL->EL] 成功! 用SL最优解1788.00替换EL最差解1932.00, 改进了144.00
2025-04-08 12:16:31,871 - DEBUG -   [EL->SL] 成功添加9个EL解到SL种群
2025-04-08 12:16:31,871 - DEBUG - Updated probability model at iteration 330
2025-04-08 12:16:31,871 - INFO - Iteration 331/500: Phase=hybrid learning, SL ratio=0.10, EL ratio=0.90
2025-04-08 12:16:32,656 - DEBUG -   [SL->EL] 失败! SL最优解1857.00不如EL最差解1804.00
2025-04-08 12:16:32,657 - DEBUG -   [EL->SL] 成功添加9个EL解到SL种群
2025-04-08 12:16:32,657 - DEBUG - Updated probability model at iteration 331
2025-04-08 12:16:32,657 - INFO - EL has been consistently better for 5 iterations, adjusting ratios: SL=0.10, EL=0.90
2025-04-08 12:16:32,658 - INFO - Iteration 332/500: Phase=hybrid learning, SL ratio=0.10, EL ratio=0.90
2025-04-08 12:16:33,456 - DEBUG -   [SL->EL] 成功! 用SL最优解1738.00替换EL最差解1772.00, 改进了34.00
2025-04-08 12:16:33,457 - DEBUG -   [EL->SL] 成功添加9个EL解到SL种群
2025-04-08 12:16:33,457 - DEBUG - Updated probability model at iteration 332
2025-04-08 12:16:33,458 - INFO - Iteration 333/500: Phase=hybrid learning, SL ratio=0.10, EL ratio=0.90
2025-04-08 12:16:34,252 - DEBUG -   [SL->EL] 成功! 用SL最优解1800.00替换EL最差解1805.00, 改进了5.00
2025-04-08 12:16:34,254 - DEBUG -   [EL->SL] 成功添加9个EL解到SL种群
2025-04-08 12:16:34,254 - DEBUG - Updated probability model at iteration 333
2025-04-08 12:16:34,254 - INFO - Iteration 334/500: Phase=hybrid learning, SL ratio=0.10, EL ratio=0.90
2025-04-08 12:16:35,052 - DEBUG -   [SL->EL] 成功! 用SL最优解1821.00替换EL最差解1822.00, 改进了1.00
2025-04-08 12:16:35,053 - DEBUG -   [EL->SL] 成功添加9个EL解到SL种群
2025-04-08 12:16:35,054 - DEBUG - Updated probability model at iteration 334
2025-04-08 12:16:35,054 - INFO - Iteration 335/500: Phase=hybrid learning, SL ratio=0.10, EL ratio=0.90
2025-04-08 12:16:35,797 - DEBUG -   [SL->EL] 成功! 用SL最优解1763.00替换EL最差解1885.00, 改进了122.00
2025-04-08 12:16:35,797 - DEBUG -   [EL->SL] 成功添加9个EL解到SL种群
2025-04-08 12:16:35,799 - DEBUG - Updated probability model at iteration 335
2025-04-08 12:16:35,799 - INFO - Iteration 336/500: Phase=hybrid learning, SL ratio=0.10, EL ratio=0.90
2025-04-08 12:16:36,586 - DEBUG -   [SL->EL] 失败! SL最优解1831.00不如EL最差解1792.00
2025-04-08 12:16:36,587 - DEBUG -   [EL->SL] 成功添加9个EL解到SL种群
2025-04-08 12:16:36,587 - DEBUG - Updated probability model at iteration 336
2025-04-08 12:16:36,587 - INFO - Iteration 337/500: Phase=hybrid learning, SL ratio=0.10, EL ratio=0.90
2025-04-08 12:16:37,382 - DEBUG -   [SL->EL] 成功! 用SL最优解1723.00替换EL最差解1822.00, 改进了99.00
2025-04-08 12:16:37,384 - DEBUG -   [EL->SL] 成功添加9个EL解到SL种群
2025-04-08 12:16:37,384 - DEBUG - Updated probability model at iteration 337
2025-04-08 12:16:37,384 - INFO - Iteration 338/500: Phase=hybrid learning, SL ratio=0.10, EL ratio=0.90
2025-04-08 12:16:38,183 - DEBUG -   [SL->EL] 成功! 用SL最优解1760.00替换EL最差解1867.00, 改进了107.00
2025-04-08 12:16:38,184 - DEBUG -   [EL->SL] 成功添加9个EL解到SL种群
2025-04-08 12:16:38,185 - DEBUG - Updated probability model at iteration 338
2025-04-08 12:16:38,185 - INFO - Iteration 339/500: Phase=hybrid learning, SL ratio=0.10, EL ratio=0.90
2025-04-08 12:16:38,969 - DEBUG -   [SL->EL] 成功! 用SL最优解1749.00替换EL最差解1777.00, 改进了28.00
2025-04-08 12:16:38,970 - DEBUG -   [EL->SL] 成功添加9个EL解到SL种群
2025-04-08 12:16:38,970 - DEBUG - Updated probability model at iteration 339
2025-04-08 12:16:38,971 - INFO - Iteration 340/500: Phase=hybrid learning, SL ratio=0.10, EL ratio=0.90
2025-04-08 12:16:39,767 - DEBUG -   [SL->EL] 成功! 用SL最优解1751.00替换EL最差解1791.00, 改进了40.00
2025-04-08 12:16:39,768 - DEBUG -   [EL->SL] 成功添加9个EL解到SL种群
2025-04-08 12:16:39,768 - DEBUG - Updated probability model at iteration 340
2025-04-08 12:16:39,768 - INFO - Iteration 341/500: Phase=hybrid learning, SL ratio=0.10, EL ratio=0.90
2025-04-08 12:16:40,579 - DEBUG -   [SL->EL] 成功! 用SL最优解1707.00替换EL最差解1759.00, 改进了52.00
2025-04-08 12:16:40,581 - DEBUG -   [EL->SL] 成功添加9个EL解到SL种群
2025-04-08 12:16:40,581 - DEBUG - Updated probability model at iteration 341
2025-04-08 12:16:40,581 - INFO - Iteration 342/500: Phase=hybrid learning, SL ratio=0.10, EL ratio=0.90
2025-04-08 12:16:41,379 - DEBUG -   [SL->EL] 成功! 用SL最优解1773.00替换EL最差解1832.00, 改进了59.00
2025-04-08 12:16:41,381 - DEBUG -   [EL->SL] 成功添加9个EL解到SL种群
2025-04-08 12:16:41,381 - DEBUG - Updated probability model at iteration 342
2025-04-08 12:16:41,381 - INFO - Iteration 343/500: Phase=hybrid learning, SL ratio=0.10, EL ratio=0.90
2025-04-08 12:16:42,162 - DEBUG -   [SL->EL] 成功! 用SL最优解1768.00替换EL最差解1777.00, 改进了9.00
2025-04-08 12:16:42,164 - DEBUG -   [EL->SL] 成功添加9个EL解到SL种群
2025-04-08 12:16:42,164 - DEBUG - Updated probability model at iteration 343
2025-04-08 12:16:42,164 - INFO - Iteration 344/500: Phase=hybrid learning, SL ratio=0.10, EL ratio=0.90
2025-04-08 12:16:42,970 - DEBUG -   [SL->EL] 成功! 用SL最优解1764.00替换EL最差解1772.00, 改进了8.00
2025-04-08 12:16:42,971 - DEBUG -   [EL->SL] 成功添加9个EL解到SL种群
2025-04-08 12:16:42,971 - DEBUG - Updated probability model at iteration 344
2025-04-08 12:16:42,971 - INFO - Iteration 345/500: Phase=hybrid learning, SL ratio=0.10, EL ratio=0.90
2025-04-08 12:16:43,762 - DEBUG -   [SL->EL] 失败! SL最优解1768.00不如EL最差解1767.00
2025-04-08 12:16:43,764 - DEBUG -   [EL->SL] 成功添加9个EL解到SL种群
2025-04-08 12:16:43,764 - DEBUG - Updated probability model at iteration 345
2025-04-08 12:16:43,764 - INFO - Iteration 346/500: Phase=hybrid learning, SL ratio=0.10, EL ratio=0.90
2025-04-08 12:16:44,577 - DEBUG -   [SL->EL] 成功! 用SL最优解1719.00替换EL最差解1750.00, 改进了31.00
2025-04-08 12:16:44,578 - DEBUG -   [EL->SL] 成功添加9个EL解到SL种群
2025-04-08 12:16:44,578 - DEBUG - Updated probability model at iteration 346
2025-04-08 12:16:44,578 - INFO - Iteration 347/500: Phase=hybrid learning, SL ratio=0.10, EL ratio=0.90
2025-04-08 12:16:45,378 - DEBUG -   [SL->EL] 成功! 用SL最优解1752.00替换EL最差解1785.00, 改进了33.00
2025-04-08 12:16:45,380 - DEBUG -   [EL->SL] 成功添加9个EL解到SL种群
2025-04-08 12:16:45,380 - DEBUG - Updated probability model at iteration 347
2025-04-08 12:16:45,380 - INFO - Iteration 348/500: Phase=hybrid learning, SL ratio=0.10, EL ratio=0.90
2025-04-08 12:16:46,191 - DEBUG -   [SL->EL] 成功! 用SL最优解1784.00替换EL最差解1826.00, 改进了42.00
2025-04-08 12:16:46,192 - DEBUG -   [EL->SL] 成功添加9个EL解到SL种群
2025-04-08 12:16:46,192 - DEBUG - Updated probability model at iteration 348
2025-04-08 12:16:46,192 - INFO - Iteration 349/500: Phase=hybrid learning, SL ratio=0.10, EL ratio=0.90
2025-04-08 12:16:46,980 - DEBUG -   [SL->EL] 成功! 用SL最优解1771.00替换EL最差解1818.00, 改进了47.00
2025-04-08 12:16:46,981 - DEBUG -   [EL->SL] 成功添加9个EL解到SL种群
2025-04-08 12:16:46,982 - DEBUG - Updated probability model at iteration 349
2025-04-08 12:16:46,982 - INFO - Iteration 350/500: Phase=hybrid learning, SL ratio=0.10, EL ratio=0.90
2025-04-08 12:16:47,764 - DEBUG -   [SL->EL] 成功! 用SL最优解1817.00替换EL最差解1830.00, 改进了13.00
2025-04-08 12:16:47,765 - DEBUG -   [EL->SL] 成功添加9个EL解到SL种群
2025-04-08 12:16:47,765 - DEBUG - Updated probability model at iteration 350
2025-04-08 12:16:47,765 - INFO - Iteration 351/500: Phase=hybrid learning, SL ratio=0.10, EL ratio=0.90
2025-04-08 12:16:48,550 - DEBUG -   [SL->EL] 成功! 用SL最优解1788.00替换EL最差解1921.00, 改进了133.00
2025-04-08 12:16:48,551 - DEBUG -   [EL->SL] 成功添加9个EL解到SL种群
2025-04-08 12:16:48,552 - DEBUG - Updated probability model at iteration 351
2025-04-08 12:16:48,552 - INFO - Iteration 352/500: Phase=hybrid learning, SL ratio=0.10, EL ratio=0.90
2025-04-08 12:16:49,355 - DEBUG -   [SL->EL] 成功! 用SL最优解1774.00替换EL最差解1803.00, 改进了29.00
2025-04-08 12:16:49,357 - DEBUG -   [EL->SL] 成功添加9个EL解到SL种群
2025-04-08 12:16:49,357 - DEBUG - Updated probability model at iteration 352
2025-04-08 12:16:49,357 - INFO - Iteration 353/500: Phase=hybrid learning, SL ratio=0.10, EL ratio=0.90
2025-04-08 12:16:50,124 - DEBUG -   [SL->EL] 成功! 用SL最优解1774.00替换EL最差解1802.00, 改进了28.00
2025-04-08 12:16:50,125 - DEBUG -   [EL->SL] 成功添加9个EL解到SL种群
2025-04-08 12:16:50,125 - DEBUG - Updated probability model at iteration 353
2025-04-08 12:16:50,125 - INFO - Iteration 354/500: Phase=hybrid learning, SL ratio=0.10, EL ratio=0.90
2025-04-08 12:16:50,898 - DEBUG -   [SL->EL] 失败! SL最优解1814.00不如EL最差解1768.00
2025-04-08 12:16:50,899 - DEBUG -   [EL->SL] 成功添加9个EL解到SL种群
2025-04-08 12:16:50,899 - DEBUG - Updated probability model at iteration 354
2025-04-08 12:16:50,899 - INFO - Iteration 355/500: Phase=hybrid learning, SL ratio=0.10, EL ratio=0.90
2025-04-08 12:16:51,670 - DEBUG -   [SL->EL] 成功! 用SL最优解1781.00替换EL最差解1847.00, 改进了66.00
2025-04-08 12:16:51,671 - DEBUG -   [EL->SL] 成功添加9个EL解到SL种群
2025-04-08 12:16:51,671 - DEBUG - Updated probability model at iteration 355
2025-04-08 12:16:51,671 - INFO - Iteration 356/500: Phase=hybrid learning, SL ratio=0.10, EL ratio=0.90
2025-04-08 12:16:52,458 - DEBUG -   [SL->EL] 失败! SL最优解1816.00不如EL最差解1797.00
2025-04-08 12:16:52,459 - DEBUG -   [EL->SL] 成功添加9个EL解到SL种群
2025-04-08 12:16:52,461 - DEBUG - Updated probability model at iteration 356
2025-04-08 12:16:52,461 - INFO - Iteration 357/500: Phase=hybrid learning, SL ratio=0.10, EL ratio=0.90
2025-04-08 12:16:53,252 - DEBUG -   [SL->EL] 失败! SL最优解1798.00不如EL最差解1779.00
2025-04-08 12:16:53,254 - DEBUG -   [EL->SL] 成功添加9个EL解到SL种群
2025-04-08 12:16:53,254 - DEBUG - Updated probability model at iteration 357
2025-04-08 12:16:53,254 - INFO - Iteration 358/500: Phase=hybrid learning, SL ratio=0.10, EL ratio=0.90
2025-04-08 12:16:54,042 - DEBUG -   [SL->EL] 失败! SL最优解1821.00不如EL最差解1745.00
2025-04-08 12:16:54,043 - DEBUG -   [EL->SL] 成功添加9个EL解到SL种群
2025-04-08 12:16:54,044 - DEBUG - Updated probability model at iteration 358
2025-04-08 12:16:54,044 - INFO - Iteration 359/500: Phase=hybrid learning, SL ratio=0.10, EL ratio=0.90
2025-04-08 12:16:54,821 - DEBUG -   [SL->EL] 失败! SL最优解1800.00不如EL最差解1739.00
2025-04-08 12:16:54,822 - DEBUG -   [EL->SL] 成功添加9个EL解到SL种群
2025-04-08 12:16:54,822 - DEBUG - Updated probability model at iteration 359
2025-04-08 12:16:54,822 - INFO - Iteration 360/500: Phase=hybrid learning, SL ratio=0.10, EL ratio=0.90
2025-04-08 12:16:55,605 - DEBUG -   [SL->EL] 失败! SL最优解1776.00不如EL最差解1773.00
2025-04-08 12:16:55,606 - DEBUG -   [EL->SL] 成功添加9个EL解到SL种群
2025-04-08 12:16:55,607 - DEBUG - Updated probability model at iteration 360
2025-04-08 12:16:55,607 - INFO - Iteration 361/500: Phase=hybrid learning, SL ratio=0.10, EL ratio=0.90
2025-04-08 12:16:56,393 - DEBUG -   [SL->EL] 失败! SL最优解1809.00不如EL最差解1773.00
2025-04-08 12:16:56,395 - DEBUG -   [EL->SL] 成功添加9个EL解到SL种群
2025-04-08 12:16:56,395 - DEBUG - Updated probability model at iteration 361
2025-04-08 12:16:56,395 - INFO - Iteration 362/500: Phase=hybrid learning, SL ratio=0.10, EL ratio=0.90
2025-04-08 12:16:57,193 - DEBUG -   [SL->EL] 失败! SL最优解1816.00不如EL最差解1804.00
2025-04-08 12:16:57,194 - DEBUG -   [EL->SL] 成功添加9个EL解到SL种群
2025-04-08 12:16:57,194 - DEBUG - Updated probability model at iteration 362
2025-04-08 12:16:57,194 - INFO - Iteration 363/500: Phase=hybrid learning, SL ratio=0.10, EL ratio=0.90
2025-04-08 12:16:57,960 - INFO - In generation 363，New best makespan: 1602.00, source: el
2025-04-08 12:16:57,960 - DEBUG -   [SL->EL] 成功! 用SL最优解1779.00替换EL最差解1812.00, 改进了33.00
2025-04-08 12:16:57,962 - DEBUG -   [EL->SL] 成功添加9个EL解到SL种群
2025-04-08 12:16:57,962 - DEBUG - Updated probability model at iteration 363
2025-04-08 12:16:57,962 - INFO - Iteration 364/500: Phase=hybrid learning, SL ratio=0.10, EL ratio=0.90
2025-04-08 12:16:58,753 - DEBUG -   [SL->EL] 成功! 用SL最优解1722.00替换EL最差解1753.00, 改进了31.00
2025-04-08 12:16:58,754 - DEBUG -   [EL->SL] 成功添加9个EL解到SL种群
2025-04-08 12:16:58,756 - DEBUG - Updated probability model at iteration 364
2025-04-08 12:16:58,756 - INFO - Iteration 365/500: Phase=hybrid learning, SL ratio=0.10, EL ratio=0.90
2025-04-08 12:16:59,562 - DEBUG -   [SL->EL] 失败! SL最优解1800.00不如EL最差解1795.00
2025-04-08 12:16:59,564 - DEBUG -   [EL->SL] 成功添加9个EL解到SL种群
2025-04-08 12:16:59,564 - DEBUG - Updated probability model at iteration 365
2025-04-08 12:16:59,564 - INFO - Iteration 366/500: Phase=hybrid learning, SL ratio=0.10, EL ratio=0.90
2025-04-08 12:17:00,363 - DEBUG -   [SL->EL] 失败! SL最优解1827.00不如EL最差解1750.00
2025-04-08 12:17:00,364 - DEBUG -   [EL->SL] 成功添加9个EL解到SL种群
2025-04-08 12:17:00,364 - DEBUG - Updated probability model at iteration 366
2025-04-08 12:17:00,364 - INFO - Iteration 367/500: Phase=hybrid learning, SL ratio=0.10, EL ratio=0.90
2025-04-08 12:17:01,156 - DEBUG -   [SL->EL] 成功! 用SL最优解1770.00替换EL最差解1826.00, 改进了56.00
2025-04-08 12:17:01,158 - DEBUG -   [EL->SL] 成功添加9个EL解到SL种群
2025-04-08 12:17:01,158 - DEBUG - Updated probability model at iteration 367
2025-04-08 12:17:01,158 - INFO - EL has been consistently better for 5 iterations, adjusting ratios: SL=0.10, EL=0.90
2025-04-08 12:17:01,159 - INFO - Iteration 368/500: Phase=hybrid learning, SL ratio=0.10, EL ratio=0.90
2025-04-08 12:17:01,938 - INFO - In generation 368，New best makespan: 1599.00, source: el
2025-04-08 12:17:01,938 - DEBUG -   [SL->EL] 成功! 用SL最优解1769.00替换EL最差解1803.00, 改进了34.00
2025-04-08 12:17:01,940 - DEBUG -   [EL->SL] 成功添加9个EL解到SL种群
2025-04-08 12:17:01,940 - DEBUG - Updated probability model at iteration 368
2025-04-08 12:17:01,940 - INFO - Iteration 369/500: Phase=hybrid learning, SL ratio=0.10, EL ratio=0.90
2025-04-08 12:17:02,726 - DEBUG -   [SL->EL] 成功! 用SL最优解1786.00替换EL最差解1862.00, 改进了76.00
2025-04-08 12:17:02,728 - DEBUG -   [EL->SL] 成功添加9个EL解到SL种群
2025-04-08 12:17:02,728 - DEBUG - Updated probability model at iteration 369
2025-04-08 12:17:02,728 - INFO - Iteration 370/500: Phase=hybrid learning, SL ratio=0.10, EL ratio=0.90
2025-04-08 12:17:03,506 - INFO - In generation 370，New best makespan: 1598.00, source: el
2025-04-08 12:17:03,507 - DEBUG -   [SL->EL] 成功! 用SL最优解1790.00替换EL最差解1806.00, 改进了16.00
2025-04-08 12:17:03,509 - DEBUG -   [EL->SL] 成功添加9个EL解到SL种群
2025-04-08 12:17:03,509 - DEBUG - Updated probability model at iteration 370
2025-04-08 12:17:03,509 - INFO - Iteration 371/500: Phase=hybrid learning, SL ratio=0.10, EL ratio=0.90
2025-04-08 12:17:04,307 - DEBUG -   [SL->EL] 失败! SL最优解1845.00不如EL最差解1845.00
2025-04-08 12:17:04,308 - DEBUG -   [EL->SL] 成功添加9个EL解到SL种群
2025-04-08 12:17:04,308 - DEBUG - Updated probability model at iteration 371
2025-04-08 12:17:04,308 - INFO - Iteration 372/500: Phase=hybrid learning, SL ratio=0.10, EL ratio=0.90
2025-04-08 12:17:05,118 - DEBUG -   [SL->EL] 成功! 用SL最优解1766.00替换EL最差解1789.00, 改进了23.00
2025-04-08 12:17:05,120 - DEBUG -   [EL->SL] 成功添加9个EL解到SL种群
2025-04-08 12:17:05,120 - DEBUG - Updated probability model at iteration 372
2025-04-08 12:17:05,120 - INFO - EL has been consistently better for 5 iterations, adjusting ratios: SL=0.10, EL=0.90
2025-04-08 12:17:05,120 - INFO - Iteration 373/500: Phase=hybrid learning, SL ratio=0.10, EL ratio=0.90
2025-04-08 12:17:05,918 - DEBUG -   [SL->EL] 成功! 用SL最优解1778.00替换EL最差解1789.00, 改进了11.00
2025-04-08 12:17:05,919 - DEBUG -   [EL->SL] 成功添加9个EL解到SL种群
2025-04-08 12:17:05,920 - DEBUG - Updated probability model at iteration 373
2025-04-08 12:17:05,920 - INFO - Iteration 374/500: Phase=hybrid learning, SL ratio=0.10, EL ratio=0.90
2025-04-08 12:17:06,762 - DEBUG -   [SL->EL] 失败! SL最优解1834.00不如EL最差解1825.00
2025-04-08 12:17:06,764 - DEBUG -   [EL->SL] 成功添加9个EL解到SL种群
2025-04-08 12:17:06,764 - DEBUG - Updated probability model at iteration 374
2025-04-08 12:17:06,764 - INFO - Iteration 375/500: Phase=hybrid learning, SL ratio=0.10, EL ratio=0.90
2025-04-08 12:17:07,529 - DEBUG -   [SL->EL] 成功! 用SL最优解1782.00替换EL最差解1820.00, 改进了38.00
2025-04-08 12:17:07,531 - DEBUG -   [EL->SL] 成功添加9个EL解到SL种群
2025-04-08 12:17:07,531 - DEBUG - Updated probability model at iteration 375
2025-04-08 12:17:07,531 - INFO - Iteration 376/500: Phase=hybrid learning, SL ratio=0.10, EL ratio=0.90
2025-04-08 12:17:08,362 - DEBUG -   [SL->EL] 成功! 用SL最优解1782.00替换EL最差解1825.00, 改进了43.00
2025-04-08 12:17:08,362 - DEBUG -   [EL->SL] 成功添加9个EL解到SL种群
2025-04-08 12:17:08,362 - DEBUG - Updated probability model at iteration 376
2025-04-08 12:17:08,362 - INFO - Iteration 377/500: Phase=hybrid learning, SL ratio=0.10, EL ratio=0.90
2025-04-08 12:17:09,180 - DEBUG -   [SL->EL] 成功! 用SL最优解1722.00替换EL最差解1816.00, 改进了94.00
2025-04-08 12:17:09,182 - DEBUG -   [EL->SL] 成功添加9个EL解到SL种群
2025-04-08 12:17:09,182 - DEBUG - Updated probability model at iteration 377
2025-04-08 12:17:09,182 - INFO - EL has been consistently better for 5 iterations, adjusting ratios: SL=0.10, EL=0.90
2025-04-08 12:17:09,183 - INFO - Iteration 378/500: Phase=hybrid learning, SL ratio=0.10, EL ratio=0.90
2025-04-08 12:17:09,981 - DEBUG -   [SL->EL] 失败! SL最优解1797.00不如EL最差解1776.00
2025-04-08 12:17:09,982 - DEBUG -   [EL->SL] 成功添加9个EL解到SL种群
2025-04-08 12:17:09,983 - DEBUG - Updated probability model at iteration 378
2025-04-08 12:17:09,983 - INFO - Iteration 379/500: Phase=hybrid learning, SL ratio=0.10, EL ratio=0.90
2025-04-08 12:17:10,741 - DEBUG -   [SL->EL] 失败! SL最优解1839.00不如EL最差解1783.00
2025-04-08 12:17:10,743 - DEBUG -   [EL->SL] 成功添加9个EL解到SL种群
2025-04-08 12:17:10,743 - DEBUG - Updated probability model at iteration 379
2025-04-08 12:17:10,743 - INFO - Iteration 380/500: Phase=hybrid learning, SL ratio=0.10, EL ratio=0.90
2025-04-08 12:17:11,525 - DEBUG -   [SL->EL] 成功! 用SL最优解1756.00替换EL最差解1767.00, 改进了11.00
2025-04-08 12:17:11,526 - DEBUG -   [EL->SL] 成功添加9个EL解到SL种群
2025-04-08 12:17:11,527 - DEBUG - Updated probability model at iteration 380
2025-04-08 12:17:11,527 - INFO - Iteration 381/500: Phase=hybrid learning, SL ratio=0.10, EL ratio=0.90
2025-04-08 12:17:12,314 - DEBUG -   [SL->EL] 成功! 用SL最优解1718.00替换EL最差解1815.00, 改进了97.00
2025-04-08 12:17:12,315 - DEBUG -   [EL->SL] 成功添加9个EL解到SL种群
2025-04-08 12:17:12,315 - DEBUG - Updated probability model at iteration 381
2025-04-08 12:17:12,315 - INFO - Iteration 382/500: Phase=hybrid learning, SL ratio=0.10, EL ratio=0.90
2025-04-08 12:17:13,113 - DEBUG -   [SL->EL] 成功! 用SL最优解1763.00替换EL最差解1821.00, 改进了58.00
2025-04-08 12:17:13,114 - DEBUG -   [EL->SL] 成功添加9个EL解到SL种群
2025-04-08 12:17:13,114 - DEBUG - Updated probability model at iteration 382
2025-04-08 12:17:13,114 - INFO - EL has been consistently better for 5 iterations, adjusting ratios: SL=0.10, EL=0.90
2025-04-08 12:17:13,114 - INFO - Iteration 383/500: Phase=hybrid learning, SL ratio=0.10, EL ratio=0.90
2025-04-08 12:17:13,898 - DEBUG -   [SL->EL] 失败! SL最优解1796.00不如EL最差解1772.00
2025-04-08 12:17:13,899 - DEBUG -   [EL->SL] 成功添加9个EL解到SL种群
2025-04-08 12:17:13,900 - DEBUG - Updated probability model at iteration 383
2025-04-08 12:17:13,900 - INFO - Iteration 384/500: Phase=hybrid learning, SL ratio=0.10, EL ratio=0.90
2025-04-08 12:17:14,678 - DEBUG -   [SL->EL] 失败! SL最优解1843.00不如EL最差解1808.00
2025-04-08 12:17:14,679 - DEBUG -   [EL->SL] 成功添加9个EL解到SL种群
2025-04-08 12:17:14,680 - DEBUG - Updated probability model at iteration 384
2025-04-08 12:17:14,680 - INFO - Iteration 385/500: Phase=hybrid learning, SL ratio=0.10, EL ratio=0.90
2025-04-08 12:17:15,471 - DEBUG -   [SL->EL] 失败! SL最优解1818.00不如EL最差解1752.00
2025-04-08 12:17:15,472 - DEBUG -   [EL->SL] 成功添加9个EL解到SL种群
2025-04-08 12:17:15,472 - DEBUG - Updated probability model at iteration 385
2025-04-08 12:17:15,472 - INFO - Iteration 386/500: Phase=hybrid learning, SL ratio=0.10, EL ratio=0.90
2025-04-08 12:17:16,218 - DEBUG -   [SL->EL] 成功! 用SL最优解1738.00替换EL最差解1743.00, 改进了5.00
2025-04-08 12:17:16,220 - DEBUG -   [EL->SL] 成功添加9个EL解到SL种群
2025-04-08 12:17:16,220 - DEBUG - Updated probability model at iteration 386
2025-04-08 12:17:16,220 - INFO - Iteration 387/500: Phase=hybrid learning, SL ratio=0.10, EL ratio=0.90
2025-04-08 12:17:16,983 - DEBUG -   [SL->EL] 失败! SL最优解1839.00不如EL最差解1802.00
2025-04-08 12:17:16,984 - DEBUG -   [EL->SL] 成功添加9个EL解到SL种群
2025-04-08 12:17:16,985 - DEBUG - Updated probability model at iteration 387
2025-04-08 12:17:16,985 - INFO - EL has been consistently better for 5 iterations, adjusting ratios: SL=0.10, EL=0.90
2025-04-08 12:17:16,985 - INFO - Iteration 388/500: Phase=hybrid learning, SL ratio=0.10, EL ratio=0.90
2025-04-08 12:17:17,768 - DEBUG -   [SL->EL] 成功! 用SL最优解1746.00替换EL最差解1792.00, 改进了46.00
2025-04-08 12:17:17,769 - DEBUG -   [EL->SL] 成功添加9个EL解到SL种群
2025-04-08 12:17:17,770 - DEBUG - Updated probability model at iteration 388
2025-04-08 12:17:17,770 - INFO - Iteration 389/500: Phase=hybrid learning, SL ratio=0.10, EL ratio=0.90
2025-04-08 12:17:18,558 - DEBUG -   [SL->EL] 成功! 用SL最优解1749.00替换EL最差解1812.00, 改进了63.00
2025-04-08 12:17:18,560 - DEBUG -   [EL->SL] 成功添加9个EL解到SL种群
2025-04-08 12:17:18,560 - DEBUG - Updated probability model at iteration 389
2025-04-08 12:17:18,560 - INFO - Iteration 390/500: Phase=hybrid learning, SL ratio=0.10, EL ratio=0.90
2025-04-08 12:17:19,359 - DEBUG -   [SL->EL] 成功! 用SL最优解1758.00替换EL最差解1840.00, 改进了82.00
2025-04-08 12:17:19,360 - DEBUG -   [EL->SL] 成功添加9个EL解到SL种群
2025-04-08 12:17:19,362 - DEBUG - Updated probability model at iteration 390
2025-04-08 12:17:19,362 - INFO - Iteration 391/500: Phase=hybrid learning, SL ratio=0.10, EL ratio=0.90
2025-04-08 12:17:20,147 - DEBUG -   [SL->EL] 成功! 用SL最优解1744.00替换EL最差解1814.00, 改进了70.00
2025-04-08 12:17:20,149 - DEBUG -   [EL->SL] 成功添加9个EL解到SL种群
2025-04-08 12:17:20,149 - DEBUG - Updated probability model at iteration 391
2025-04-08 12:17:20,149 - INFO - Iteration 392/500: Phase=hybrid learning, SL ratio=0.10, EL ratio=0.90
2025-04-08 12:17:20,940 - INFO - In generation 392，New best makespan: 1595.00, source: el
2025-04-08 12:17:20,941 - DEBUG -   [SL->EL] 失败! SL最优解1795.00不如EL最差解1786.00
2025-04-08 12:17:20,942 - DEBUG -   [EL->SL] 成功添加9个EL解到SL种群
2025-04-08 12:17:20,943 - DEBUG - Updated probability model at iteration 392
2025-04-08 12:17:20,943 - INFO - Iteration 393/500: Phase=hybrid learning, SL ratio=0.10, EL ratio=0.90
2025-04-08 12:17:21,717 - DEBUG -   [SL->EL] 成功! 用SL最优解1739.00替换EL最差解1780.00, 改进了41.00
2025-04-08 12:17:21,717 - DEBUG -   [EL->SL] 成功添加9个EL解到SL种群
2025-04-08 12:17:21,718 - DEBUG - Updated probability model at iteration 393
2025-04-08 12:17:21,718 - INFO - Iteration 394/500: Phase=hybrid learning, SL ratio=0.10, EL ratio=0.90
2025-04-08 12:17:22,507 - DEBUG -   [SL->EL] 失败! SL最优解1800.00不如EL最差解1769.00
2025-04-08 12:17:22,509 - DEBUG -   [EL->SL] 成功添加9个EL解到SL种群
2025-04-08 12:17:22,509 - DEBUG - Updated probability model at iteration 394
2025-04-08 12:17:22,509 - INFO - Iteration 395/500: Phase=hybrid learning, SL ratio=0.10, EL ratio=0.90
2025-04-08 12:17:23,267 - DEBUG -   [SL->EL] 失败! SL最优解1825.00不如EL最差解1779.00
2025-04-08 12:17:23,268 - DEBUG -   [EL->SL] 成功添加9个EL解到SL种群
2025-04-08 12:17:23,268 - DEBUG - Updated probability model at iteration 395
2025-04-08 12:17:23,268 - INFO - Iteration 396/500: Phase=hybrid learning, SL ratio=0.10, EL ratio=0.90
2025-04-08 12:17:24,075 - DEBUG -   [SL->EL] 成功! 用SL最优解1756.00替换EL最差解1835.00, 改进了79.00
2025-04-08 12:17:24,077 - DEBUG -   [EL->SL] 成功添加9个EL解到SL种群
2025-04-08 12:17:24,077 - DEBUG - Updated probability model at iteration 396
2025-04-08 12:17:24,077 - INFO - EL has been consistently better for 5 iterations, adjusting ratios: SL=0.10, EL=0.90
2025-04-08 12:17:24,077 - INFO - Iteration 397/500: Phase=hybrid learning, SL ratio=0.10, EL ratio=0.90
2025-04-08 12:17:24,850 - INFO - In generation 397，New best makespan: 1591.00, source: el
2025-04-08 12:17:24,850 - DEBUG -   [SL->EL] 成功! 用SL最优解1690.00替换EL最差解1720.00, 改进了30.00
2025-04-08 12:17:24,852 - DEBUG -   [EL->SL] 成功添加9个EL解到SL种群
2025-04-08 12:17:24,852 - DEBUG - Updated probability model at iteration 397
2025-04-08 12:17:24,852 - INFO - Iteration 398/500: Phase=hybrid learning, SL ratio=0.10, EL ratio=0.90
2025-04-08 12:17:25,631 - DEBUG -   [SL->EL] 成功! 用SL最优解1749.00替换EL最差解1762.00, 改进了13.00
2025-04-08 12:17:25,633 - DEBUG -   [EL->SL] 成功添加9个EL解到SL种群
2025-04-08 12:17:25,634 - DEBUG - Updated probability model at iteration 398
2025-04-08 12:17:25,634 - INFO - Iteration 399/500: Phase=hybrid learning, SL ratio=0.10, EL ratio=0.90
2025-04-08 12:17:26,405 - DEBUG -   [SL->EL] 成功! 用SL最优解1772.00替换EL最差解1816.00, 改进了44.00
2025-04-08 12:17:26,407 - DEBUG -   [EL->SL] 成功添加9个EL解到SL种群
2025-04-08 12:17:26,407 - DEBUG - Updated probability model at iteration 399
2025-04-08 12:17:26,407 - INFO - Iteration 400/500: Phase=hybrid learning, SL ratio=0.10, EL ratio=0.90
2025-04-08 12:17:27,190 - INFO - In generation 400，New best makespan: 1589.00, source: el
2025-04-08 12:17:27,190 - DEBUG -   [SL->EL] 成功! 用SL最优解1731.00替换EL最差解1771.00, 改进了40.00
2025-04-08 12:17:27,191 - DEBUG -   [EL->SL] 成功添加9个EL解到SL种群
2025-04-08 12:17:27,192 - DEBUG - Updated probability model at iteration 400
2025-04-08 12:17:27,192 - INFO - Iteration 401/500: Phase=hybrid learning, SL ratio=0.10, EL ratio=0.90
2025-04-08 12:17:27,973 - INFO - In generation 401，New best makespan: 1584.00, source: el
2025-04-08 12:17:27,974 - DEBUG -   [SL->EL] 失败! SL最优解1853.00不如EL最差解1755.00
2025-04-08 12:17:27,975 - DEBUG -   [EL->SL] 成功添加9个EL解到SL种群
2025-04-08 12:17:27,975 - DEBUG - Updated probability model at iteration 401
2025-04-08 12:17:27,975 - INFO - EL has been consistently better for 5 iterations, adjusting ratios: SL=0.10, EL=0.90
2025-04-08 12:17:27,975 - INFO - Iteration 402/500: Phase=hybrid learning, SL ratio=0.10, EL ratio=0.90
2025-04-08 12:17:28,740 - DEBUG -   [SL->EL] 失败! SL最优解1814.00不如EL最差解1756.00
2025-04-08 12:17:28,742 - DEBUG -   [EL->SL] 成功添加9个EL解到SL种群
2025-04-08 12:17:28,742 - DEBUG - Updated probability model at iteration 402
2025-04-08 12:17:28,742 - INFO - Iteration 403/500: Phase=hybrid learning, SL ratio=0.10, EL ratio=0.90
2025-04-08 12:17:29,539 - DEBUG -   [SL->EL] 失败! SL最优解1812.00不如EL最差解1802.00
2025-04-08 12:17:29,540 - DEBUG -   [EL->SL] 成功添加9个EL解到SL种群
2025-04-08 12:17:29,540 - DEBUG - Updated probability model at iteration 403
2025-04-08 12:17:29,540 - INFO - Iteration 404/500: Phase=hybrid learning, SL ratio=0.10, EL ratio=0.90
2025-04-08 12:17:30,344 - DEBUG -   [SL->EL] 成功! 用SL最优解1734.00替换EL最差解1737.00, 改进了3.00
2025-04-08 12:17:30,345 - DEBUG -   [EL->SL] 成功添加9个EL解到SL种群
2025-04-08 12:17:30,345 - DEBUG - Updated probability model at iteration 404
2025-04-08 12:17:30,345 - INFO - Iteration 405/500: Phase=hybrid learning, SL ratio=0.10, EL ratio=0.90
2025-04-08 12:17:31,150 - DEBUG -   [SL->EL] 失败! SL最优解1799.00不如EL最差解1780.00
2025-04-08 12:17:31,151 - DEBUG -   [EL->SL] 成功添加9个EL解到SL种群
2025-04-08 12:17:31,152 - DEBUG - Updated probability model at iteration 405
2025-04-08 12:17:31,152 - INFO - Iteration 406/500: Phase=hybrid learning, SL ratio=0.10, EL ratio=0.90
2025-04-08 12:17:31,943 - DEBUG -   [SL->EL] 失败! SL最优解1792.00不如EL最差解1753.00
2025-04-08 12:17:31,944 - DEBUG -   [EL->SL] 成功添加9个EL解到SL种群
2025-04-08 12:17:31,945 - DEBUG - Updated probability model at iteration 406
2025-04-08 12:17:31,945 - INFO - EL has been consistently better for 5 iterations, adjusting ratios: SL=0.10, EL=0.90
2025-04-08 12:17:31,945 - INFO - Iteration 407/500: Phase=hybrid learning, SL ratio=0.10, EL ratio=0.90
2025-04-08 12:17:32,735 - DEBUG -   [SL->EL] 失败! SL最优解1747.00不如EL最差解1743.00
2025-04-08 12:17:32,736 - DEBUG -   [EL->SL] 成功添加9个EL解到SL种群
2025-04-08 12:17:32,737 - DEBUG - Updated probability model at iteration 407
2025-04-08 12:17:32,737 - INFO - Iteration 408/500: Phase=hybrid learning, SL ratio=0.10, EL ratio=0.90
2025-04-08 12:17:33,526 - DEBUG -   [SL->EL] 成功! 用SL最优解1737.00替换EL最差解1791.00, 改进了54.00
2025-04-08 12:17:33,527 - DEBUG -   [EL->SL] 成功添加9个EL解到SL种群
2025-04-08 12:17:33,527 - DEBUG - Updated probability model at iteration 408
2025-04-08 12:17:33,527 - INFO - Iteration 409/500: Phase=hybrid learning, SL ratio=0.10, EL ratio=0.90
2025-04-08 12:17:34,282 - DEBUG -   [SL->EL] 失败! SL最优解1814.00不如EL最差解1790.00
2025-04-08 12:17:34,283 - DEBUG -   [EL->SL] 成功添加9个EL解到SL种群
2025-04-08 12:17:34,283 - DEBUG - Updated probability model at iteration 409
2025-04-08 12:17:34,283 - INFO - Iteration 410/500: Phase=hybrid learning, SL ratio=0.10, EL ratio=0.90
2025-04-08 12:17:35,073 - DEBUG -   [SL->EL] 成功! 用SL最优解1713.00替换EL最差解1743.00, 改进了30.00
2025-04-08 12:17:35,074 - DEBUG -   [EL->SL] 成功添加9个EL解到SL种群
2025-04-08 12:17:35,074 - DEBUG - Updated probability model at iteration 410
2025-04-08 12:17:35,074 - INFO - Iteration 411/500: Phase=hybrid learning, SL ratio=0.10, EL ratio=0.90
2025-04-08 12:17:35,837 - DEBUG -   [SL->EL] 成功! 用SL最优解1767.00替换EL最差解1805.00, 改进了38.00
2025-04-08 12:17:35,838 - DEBUG -   [EL->SL] 成功添加9个EL解到SL种群
2025-04-08 12:17:35,838 - DEBUG - Updated probability model at iteration 411
2025-04-08 12:17:35,838 - INFO - EL has been consistently better for 5 iterations, adjusting ratios: SL=0.10, EL=0.90
2025-04-08 12:17:35,840 - INFO - Iteration 412/500: Phase=hybrid learning, SL ratio=0.10, EL ratio=0.90
2025-04-08 12:17:36,625 - DEBUG -   [SL->EL] 失败! SL最优解1810.00不如EL最差解1777.00
2025-04-08 12:17:36,626 - DEBUG -   [EL->SL] 成功添加9个EL解到SL种群
2025-04-08 12:17:36,626 - DEBUG - Updated probability model at iteration 412
2025-04-08 12:17:36,626 - INFO - Iteration 413/500: Phase=hybrid learning, SL ratio=0.10, EL ratio=0.90
2025-04-08 12:17:37,388 - DEBUG -   [SL->EL] 成功! 用SL最优解1727.00替换EL最差解1817.00, 改进了90.00
2025-04-08 12:17:37,390 - DEBUG -   [EL->SL] 成功添加9个EL解到SL种群
2025-04-08 12:17:37,390 - DEBUG - Updated probability model at iteration 413
2025-04-08 12:17:37,390 - INFO - Iteration 414/500: Phase=hybrid learning, SL ratio=0.10, EL ratio=0.90
2025-04-08 12:17:38,170 - DEBUG -   [SL->EL] 失败! SL最优解1820.00不如EL最差解1789.00
2025-04-08 12:17:38,170 - DEBUG -   [EL->SL] 成功添加9个EL解到SL种群
2025-04-08 12:17:38,170 - DEBUG - Updated probability model at iteration 414
2025-04-08 12:17:38,170 - INFO - Iteration 415/500: Phase=hybrid learning, SL ratio=0.10, EL ratio=0.90
2025-04-08 12:17:38,972 - DEBUG -   [SL->EL] 失败! SL最优解1808.00不如EL最差解1753.00
2025-04-08 12:17:38,974 - DEBUG -   [EL->SL] 成功添加9个EL解到SL种群
2025-04-08 12:17:38,974 - DEBUG - Updated probability model at iteration 415
2025-04-08 12:17:38,974 - INFO - Iteration 416/500: Phase=hybrid learning, SL ratio=0.10, EL ratio=0.90
2025-04-08 12:17:39,758 - DEBUG -   [SL->EL] 成功! 用SL最优解1726.00替换EL最差解1743.00, 改进了17.00
2025-04-08 12:17:39,759 - DEBUG -   [EL->SL] 成功添加9个EL解到SL种群
2025-04-08 12:17:39,759 - DEBUG - Updated probability model at iteration 416
2025-04-08 12:17:39,759 - INFO - EL has been consistently better for 5 iterations, adjusting ratios: SL=0.10, EL=0.90
2025-04-08 12:17:39,760 - INFO - Iteration 417/500: Phase=hybrid learning, SL ratio=0.10, EL ratio=0.90
2025-04-08 12:17:40,536 - DEBUG -   [SL->EL] 失败! SL最优解1805.00不如EL最差解1766.00
2025-04-08 12:17:40,537 - DEBUG -   [EL->SL] 成功添加9个EL解到SL种群
2025-04-08 12:17:40,538 - DEBUG - Updated probability model at iteration 417
2025-04-08 12:17:40,538 - INFO - Iteration 418/500: Phase=hybrid learning, SL ratio=0.10, EL ratio=0.90
2025-04-08 12:17:41,344 - DEBUG -   [SL->EL] 失败! SL最优解1715.00不如EL最差解1714.00
2025-04-08 12:17:41,346 - DEBUG -   [EL->SL] 成功添加9个EL解到SL种群
2025-04-08 12:17:41,346 - DEBUG - Updated probability model at iteration 418
2025-04-08 12:17:41,346 - INFO - Iteration 419/500: Phase=hybrid learning, SL ratio=0.10, EL ratio=0.90
2025-04-08 12:17:42,174 - DEBUG -   [SL->EL] 成功! 用SL最优解1686.00替换EL最差解1760.00, 改进了74.00
2025-04-08 12:17:42,176 - DEBUG -   [EL->SL] 成功添加9个EL解到SL种群
2025-04-08 12:17:42,176 - DEBUG - Updated probability model at iteration 419
2025-04-08 12:17:42,176 - INFO - Iteration 420/500: Phase=hybrid learning, SL ratio=0.10, EL ratio=0.90
2025-04-08 12:17:42,959 - DEBUG -   [SL->EL] 失败! SL最优解1780.00不如EL最差解1779.00
2025-04-08 12:17:42,962 - DEBUG -   [EL->SL] 成功添加9个EL解到SL种群
2025-04-08 12:17:42,962 - DEBUG - Updated probability model at iteration 420
2025-04-08 12:17:42,962 - INFO - Iteration 421/500: Phase=hybrid learning, SL ratio=0.10, EL ratio=0.90
2025-04-08 12:17:43,772 - DEBUG -   [SL->EL] 失败! SL最优解1803.00不如EL最差解1750.00
2025-04-08 12:17:43,773 - DEBUG -   [EL->SL] 成功添加9个EL解到SL种群
2025-04-08 12:17:43,773 - DEBUG - Updated probability model at iteration 421
2025-04-08 12:17:43,774 - INFO - Iteration 422/500: Phase=hybrid learning, SL ratio=0.10, EL ratio=0.90
2025-04-08 12:17:44,564 - DEBUG -   [SL->EL] 失败! SL最优解1838.00不如EL最差解1771.00
2025-04-08 12:17:44,565 - DEBUG -   [EL->SL] 成功添加9个EL解到SL种群
2025-04-08 12:17:44,565 - DEBUG - Updated probability model at iteration 422
2025-04-08 12:17:44,565 - INFO - Iteration 423/500: Phase=hybrid learning, SL ratio=0.10, EL ratio=0.90
2025-04-08 12:17:45,368 - DEBUG -   [SL->EL] 成功! 用SL最优解1737.00替换EL最差解1787.00, 改进了50.00
2025-04-08 12:17:45,370 - DEBUG -   [EL->SL] 成功添加9个EL解到SL种群
2025-04-08 12:17:45,371 - DEBUG - Updated probability model at iteration 423
2025-04-08 12:17:45,371 - INFO - Iteration 424/500: Phase=hybrid learning, SL ratio=0.10, EL ratio=0.90
2025-04-08 12:17:46,148 - DEBUG -   [SL->EL] 成功! 用SL最优解1764.00替换EL最差解1786.00, 改进了22.00
2025-04-08 12:17:46,150 - DEBUG -   [EL->SL] 成功添加9个EL解到SL种群
2025-04-08 12:17:46,150 - DEBUG - Updated probability model at iteration 424
2025-04-08 12:17:46,150 - INFO - Iteration 425/500: Phase=hybrid learning, SL ratio=0.10, EL ratio=0.90
2025-04-08 12:17:46,918 - DEBUG -   [SL->EL] 失败! SL最优解1760.00不如EL最差解1720.00
2025-04-08 12:17:46,919 - DEBUG -   [EL->SL] 成功添加9个EL解到SL种群
2025-04-08 12:17:46,920 - DEBUG - Updated probability model at iteration 425
2025-04-08 12:17:46,920 - INFO - Iteration 426/500: Phase=hybrid learning, SL ratio=0.10, EL ratio=0.90
2025-04-08 12:17:47,684 - DEBUG -   [SL->EL] 失败! SL最优解1778.00不如EL最差解1745.00
2025-04-08 12:17:47,686 - DEBUG -   [EL->SL] 成功添加9个EL解到SL种群
2025-04-08 12:17:47,686 - DEBUG - Updated probability model at iteration 426
2025-04-08 12:17:47,686 - INFO - Iteration 427/500: Phase=hybrid learning, SL ratio=0.10, EL ratio=0.90
2025-04-08 12:17:48,480 - DEBUG -   [SL->EL] 成功! 用SL最优解1714.00替换EL最差解1828.00, 改进了114.00
2025-04-08 12:17:48,481 - DEBUG -   [EL->SL] 成功添加9个EL解到SL种群
2025-04-08 12:17:48,482 - DEBUG - Updated probability model at iteration 427
2025-04-08 12:17:48,482 - INFO - Iteration 428/500: Phase=hybrid learning, SL ratio=0.10, EL ratio=0.90
2025-04-08 12:17:49,302 - DEBUG -   [SL->EL] 成功! 用SL最优解1707.00替换EL最差解1746.00, 改进了39.00
2025-04-08 12:17:49,303 - DEBUG -   [EL->SL] 成功添加9个EL解到SL种群
2025-04-08 12:17:49,303 - DEBUG - Updated probability model at iteration 428
2025-04-08 12:17:49,303 - INFO - Iteration 429/500: Phase=hybrid learning, SL ratio=0.10, EL ratio=0.90
2025-04-08 12:17:50,086 - DEBUG -   [SL->EL] 成功! 用SL最优解1754.00替换EL最差解1775.00, 改进了21.00
2025-04-08 12:17:50,087 - DEBUG -   [EL->SL] 成功添加9个EL解到SL种群
2025-04-08 12:17:50,087 - DEBUG - Updated probability model at iteration 429
2025-04-08 12:17:50,087 - INFO - Iteration 430/500: Phase=hybrid learning, SL ratio=0.10, EL ratio=0.90
2025-04-08 12:17:50,897 - DEBUG -   [SL->EL] 成功! 用SL最优解1782.00替换EL最差解1788.00, 改进了6.00
2025-04-08 12:17:50,898 - DEBUG -   [EL->SL] 成功添加9个EL解到SL种群
2025-04-08 12:17:50,898 - DEBUG - Updated probability model at iteration 430
2025-04-08 12:17:50,898 - INFO - Iteration 431/500: Phase=hybrid learning, SL ratio=0.10, EL ratio=0.90
2025-04-08 12:17:51,705 - DEBUG -   [SL->EL] 失败! SL最优解1841.00不如EL最差解1745.00
2025-04-08 12:17:51,707 - DEBUG -   [EL->SL] 成功添加9个EL解到SL种群
2025-04-08 12:17:51,708 - DEBUG - Updated probability model at iteration 431
2025-04-08 12:17:51,708 - INFO - Iteration 432/500: Phase=hybrid learning, SL ratio=0.10, EL ratio=0.90
2025-04-08 12:17:52,506 - DEBUG -   [SL->EL] 成功! 用SL最优解1794.00替换EL最差解1813.00, 改进了19.00
2025-04-08 12:17:52,507 - DEBUG -   [EL->SL] 成功添加9个EL解到SL种群
2025-04-08 12:17:52,507 - DEBUG - Updated probability model at iteration 432
2025-04-08 12:17:52,507 - INFO - Iteration 433/500: Phase=hybrid learning, SL ratio=0.10, EL ratio=0.90
2025-04-08 12:17:53,314 - INFO - In generation 433，New best makespan: 1581.00, source: el
2025-04-08 12:17:53,314 - DEBUG -   [SL->EL] 成功! 用SL最优解1684.00替换EL最差解1823.00, 改进了139.00
2025-04-08 12:17:53,316 - DEBUG -   [EL->SL] 成功添加9个EL解到SL种群
2025-04-08 12:17:53,316 - DEBUG - Updated probability model at iteration 433
2025-04-08 12:17:53,316 - INFO - Iteration 434/500: Phase=hybrid learning, SL ratio=0.10, EL ratio=0.90
2025-04-08 12:17:54,095 - INFO - In generation 434，New best makespan: 1580.00, source: el
2025-04-08 12:17:54,095 - DEBUG -   [SL->EL] 成功! 用SL最优解1726.00替换EL最差解1741.00, 改进了15.00
2025-04-08 12:17:54,097 - DEBUG -   [EL->SL] 成功添加9个EL解到SL种群
2025-04-08 12:17:54,097 - DEBUG - Updated probability model at iteration 434
2025-04-08 12:17:54,097 - INFO - Iteration 435/500: Phase=hybrid learning, SL ratio=0.10, EL ratio=0.90
2025-04-08 12:17:54,876 - DEBUG -   [SL->EL] 失败! SL最优解1785.00不如EL最差解1763.00
2025-04-08 12:17:54,877 - DEBUG -   [EL->SL] 成功添加9个EL解到SL种群
2025-04-08 12:17:54,877 - DEBUG - Updated probability model at iteration 435
2025-04-08 12:17:54,877 - INFO - Iteration 436/500: Phase=hybrid learning, SL ratio=0.10, EL ratio=0.90
2025-04-08 12:17:55,672 - DEBUG -   [SL->EL] 失败! SL最优解1797.00不如EL最差解1729.00
2025-04-08 12:17:55,673 - DEBUG -   [EL->SL] 成功添加9个EL解到SL种群
2025-04-08 12:17:55,673 - DEBUG - Updated probability model at iteration 436
2025-04-08 12:17:55,673 - INFO - Iteration 437/500: Phase=hybrid learning, SL ratio=0.10, EL ratio=0.90
2025-04-08 12:17:56,471 - DEBUG -   [SL->EL] 成功! 用SL最优解1752.00替换EL最差解1789.00, 改进了37.00
2025-04-08 12:17:56,472 - DEBUG -   [EL->SL] 成功添加9个EL解到SL种群
2025-04-08 12:17:56,473 - DEBUG - Updated probability model at iteration 437
2025-04-08 12:17:56,473 - INFO - EL has been consistently better for 5 iterations, adjusting ratios: SL=0.10, EL=0.90
2025-04-08 12:17:56,473 - INFO - Iteration 438/500: Phase=hybrid learning, SL ratio=0.10, EL ratio=0.90
2025-04-08 12:17:57,277 - DEBUG -   [SL->EL] 成功! 用SL最优解1722.00替换EL最差解1758.00, 改进了36.00
2025-04-08 12:17:57,279 - DEBUG -   [EL->SL] 成功添加9个EL解到SL种群
2025-04-08 12:17:57,279 - DEBUG - Updated probability model at iteration 438
2025-04-08 12:17:57,279 - INFO - Iteration 439/500: Phase=hybrid learning, SL ratio=0.10, EL ratio=0.90
2025-04-08 12:17:58,070 - DEBUG -   [SL->EL] 成功! 用SL最优解1717.00替换EL最差解1886.00, 改进了169.00
2025-04-08 12:17:58,071 - DEBUG -   [EL->SL] 成功添加9个EL解到SL种群
2025-04-08 12:17:58,071 - DEBUG - Updated probability model at iteration 439
2025-04-08 12:17:58,071 - INFO - Iteration 440/500: Phase=hybrid learning, SL ratio=0.10, EL ratio=0.90
2025-04-08 12:17:58,864 - DEBUG -   [SL->EL] 成功! 用SL最优解1764.00替换EL最差解1766.00, 改进了2.00
2025-04-08 12:17:58,867 - DEBUG -   [EL->SL] 成功添加9个EL解到SL种群
2025-04-08 12:17:58,867 - DEBUG - Updated probability model at iteration 440
2025-04-08 12:17:58,867 - INFO - Iteration 441/500: Phase=hybrid learning, SL ratio=0.10, EL ratio=0.90
2025-04-08 12:17:59,676 - DEBUG -   [SL->EL] 成功! 用SL最优解1736.00替换EL最差解1827.00, 改进了91.00
2025-04-08 12:17:59,678 - DEBUG -   [EL->SL] 成功添加9个EL解到SL种群
2025-04-08 12:17:59,678 - DEBUG - Updated probability model at iteration 441
2025-04-08 12:17:59,678 - INFO - Iteration 442/500: Phase=hybrid learning, SL ratio=0.10, EL ratio=0.90
2025-04-08 12:18:00,457 - DEBUG -   [SL->EL] 失败! SL最优解1802.00不如EL最差解1728.00
2025-04-08 12:18:00,459 - DEBUG -   [EL->SL] 成功添加9个EL解到SL种群
2025-04-08 12:18:00,459 - DEBUG - Updated probability model at iteration 442
2025-04-08 12:18:00,459 - INFO - EL has been consistently better for 5 iterations, adjusting ratios: SL=0.10, EL=0.90
2025-04-08 12:18:00,460 - INFO - Iteration 443/500: Phase=hybrid learning, SL ratio=0.10, EL ratio=0.90
2025-04-08 12:18:01,247 - DEBUG -   [SL->EL] 成功! 用SL最优解1700.00替换EL最差解1788.00, 改进了88.00
2025-04-08 12:18:01,248 - DEBUG -   [EL->SL] 成功添加9个EL解到SL种群
2025-04-08 12:18:01,249 - DEBUG - Updated probability model at iteration 443
2025-04-08 12:18:01,249 - INFO - Iteration 444/500: Phase=hybrid learning, SL ratio=0.10, EL ratio=0.90
2025-04-08 12:18:02,051 - DEBUG -   [SL->EL] 失败! SL最优解1827.00不如EL最差解1745.00
2025-04-08 12:18:02,052 - DEBUG -   [EL->SL] 成功添加9个EL解到SL种群
2025-04-08 12:18:02,053 - DEBUG - Updated probability model at iteration 444
2025-04-08 12:18:02,053 - INFO - Iteration 445/500: Phase=hybrid learning, SL ratio=0.10, EL ratio=0.90
2025-04-08 12:18:02,847 - DEBUG -   [SL->EL] 成功! 用SL最优解1706.00替换EL最差解1756.00, 改进了50.00
2025-04-08 12:18:02,849 - DEBUG -   [EL->SL] 成功添加9个EL解到SL种群
2025-04-08 12:18:02,849 - DEBUG - Updated probability model at iteration 445
2025-04-08 12:18:02,849 - INFO - Iteration 446/500: Phase=hybrid learning, SL ratio=0.10, EL ratio=0.90
2025-04-08 12:18:03,671 - DEBUG -   [SL->EL] 成功! 用SL最优解1698.00替换EL最差解1797.00, 改进了99.00
2025-04-08 12:18:03,672 - DEBUG -   [EL->SL] 成功添加9个EL解到SL种群
2025-04-08 12:18:03,673 - DEBUG - Updated probability model at iteration 446
2025-04-08 12:18:03,673 - INFO - Iteration 447/500: Phase=hybrid learning, SL ratio=0.10, EL ratio=0.90
2025-04-08 12:18:04,457 - DEBUG -   [SL->EL] 失败! SL最优解1768.00不如EL最差解1720.00
2025-04-08 12:18:04,458 - DEBUG -   [EL->SL] 成功添加9个EL解到SL种群
2025-04-08 12:18:04,459 - DEBUG - Updated probability model at iteration 447
2025-04-08 12:18:04,459 - INFO - EL has been consistently better for 5 iterations, adjusting ratios: SL=0.10, EL=0.90
2025-04-08 12:18:04,460 - INFO - Iteration 448/500: Phase=hybrid learning, SL ratio=0.10, EL ratio=0.90
2025-04-08 12:18:05,257 - DEBUG -   [SL->EL] 失败! SL最优解1765.00不如EL最差解1763.00
2025-04-08 12:18:05,257 - DEBUG -   [EL->SL] 成功添加9个EL解到SL种群
2025-04-08 12:18:05,257 - DEBUG - Updated probability model at iteration 448
2025-04-08 12:18:05,257 - INFO - Iteration 449/500: Phase=hybrid learning, SL ratio=0.10, EL ratio=0.90
2025-04-08 12:18:06,063 - DEBUG -   [SL->EL] 失败! SL最优解1798.00不如EL最差解1781.00
2025-04-08 12:18:06,065 - DEBUG -   [EL->SL] 成功添加9个EL解到SL种群
2025-04-08 12:18:06,065 - DEBUG - Updated probability model at iteration 449
2025-04-08 12:18:06,065 - INFO - Iteration 450/500: Phase=hybrid learning, SL ratio=0.10, EL ratio=0.90
2025-04-08 12:18:06,857 - DEBUG -   [SL->EL] 失败! SL最优解1834.00不如EL最差解1687.00
2025-04-08 12:18:06,858 - DEBUG -   [EL->SL] 成功添加9个EL解到SL种群
2025-04-08 12:18:06,859 - DEBUG - Updated probability model at iteration 450
2025-04-08 12:18:06,859 - INFO - Iteration 451/500: Phase=hybrid learning, SL ratio=0.10, EL ratio=0.90
2025-04-08 12:18:07,654 - DEBUG -   [SL->EL] 成功! 用SL最优解1782.00替换EL最差解1788.00, 改进了6.00
2025-04-08 12:18:07,656 - DEBUG -   [EL->SL] 成功添加9个EL解到SL种群
2025-04-08 12:18:07,656 - DEBUG - Updated probability model at iteration 451
2025-04-08 12:18:07,656 - INFO - Iteration 452/500: Phase=hybrid learning, SL ratio=0.10, EL ratio=0.90
2025-04-08 12:18:08,456 - DEBUG -   [SL->EL] 失败! SL最优解1827.00不如EL最差解1783.00
2025-04-08 12:18:08,457 - DEBUG -   [EL->SL] 成功添加9个EL解到SL种群
2025-04-08 12:18:08,458 - DEBUG - Updated probability model at iteration 452
2025-04-08 12:18:08,458 - INFO - EL has been consistently better for 5 iterations, adjusting ratios: SL=0.10, EL=0.90
2025-04-08 12:18:08,458 - INFO - Iteration 453/500: Phase=hybrid learning, SL ratio=0.10, EL ratio=0.90
2025-04-08 12:18:09,257 - DEBUG -   [SL->EL] 成功! 用SL最优解1705.00替换EL最差解1854.00, 改进了149.00
2025-04-08 12:18:09,259 - DEBUG -   [EL->SL] 成功添加9个EL解到SL种群
2025-04-08 12:18:09,260 - DEBUG - Updated probability model at iteration 453
2025-04-08 12:18:09,260 - INFO - Iteration 454/500: Phase=hybrid learning, SL ratio=0.10, EL ratio=0.90
2025-04-08 12:18:10,054 - INFO - In generation 454，New best makespan: 1579.00, source: el
2025-04-08 12:18:10,055 - DEBUG -   [SL->EL] 失败! SL最优解1744.00不如EL最差解1734.00
2025-04-08 12:18:10,056 - DEBUG -   [EL->SL] 成功添加9个EL解到SL种群
2025-04-08 12:18:10,056 - DEBUG - Updated probability model at iteration 454
2025-04-08 12:18:10,056 - INFO - Iteration 455/500: Phase=hybrid learning, SL ratio=0.10, EL ratio=0.90
2025-04-08 12:18:10,860 - DEBUG -   [SL->EL] 失败! SL最优解1799.00不如EL最差解1793.00
2025-04-08 12:18:10,861 - DEBUG -   [EL->SL] 成功添加9个EL解到SL种群
2025-04-08 12:18:10,862 - DEBUG - Updated probability model at iteration 455
2025-04-08 12:18:10,862 - INFO - Iteration 456/500: Phase=hybrid learning, SL ratio=0.10, EL ratio=0.90
2025-04-08 12:18:11,656 - DEBUG -   [SL->EL] 失败! SL最优解1726.00不如EL最差解1715.00
2025-04-08 12:18:11,657 - DEBUG -   [EL->SL] 成功添加9个EL解到SL种群
2025-04-08 12:18:11,658 - DEBUG - Updated probability model at iteration 456
2025-04-08 12:18:11,658 - INFO - Iteration 457/500: Phase=hybrid learning, SL ratio=0.10, EL ratio=0.90
2025-04-08 12:18:12,465 - DEBUG -   [SL->EL] 失败! SL最优解1795.00不如EL最差解1761.00
2025-04-08 12:18:12,466 - DEBUG -   [EL->SL] 成功添加9个EL解到SL种群
2025-04-08 12:18:12,466 - DEBUG - Updated probability model at iteration 457
2025-04-08 12:18:12,466 - INFO - EL has been consistently better for 5 iterations, adjusting ratios: SL=0.10, EL=0.90
2025-04-08 12:18:12,466 - INFO - Iteration 458/500: Phase=hybrid learning, SL ratio=0.10, EL ratio=0.90
2025-04-08 12:18:13,273 - DEBUG -   [SL->EL] 成功! 用SL最优解1772.00替换EL最差解1787.00, 改进了15.00
2025-04-08 12:18:13,274 - DEBUG -   [EL->SL] 成功添加9个EL解到SL种群
2025-04-08 12:18:13,275 - DEBUG - Updated probability model at iteration 458
2025-04-08 12:18:13,275 - INFO - Iteration 459/500: Phase=hybrid learning, SL ratio=0.10, EL ratio=0.90
2025-04-08 12:18:14,051 - DEBUG -   [SL->EL] 失败! SL最优解1789.00不如EL最差解1748.00
2025-04-08 12:18:14,052 - DEBUG -   [EL->SL] 成功添加9个EL解到SL种群
2025-04-08 12:18:14,053 - DEBUG - Updated probability model at iteration 459
2025-04-08 12:18:14,053 - INFO - Iteration 460/500: Phase=hybrid learning, SL ratio=0.10, EL ratio=0.90
2025-04-08 12:18:14,845 - DEBUG -   [SL->EL] 失败! SL最优解1842.00不如EL最差解1776.00
2025-04-08 12:18:14,847 - DEBUG -   [EL->SL] 成功添加9个EL解到SL种群
2025-04-08 12:18:14,847 - DEBUG - Updated probability model at iteration 460
2025-04-08 12:18:14,847 - INFO - Iteration 461/500: Phase=hybrid learning, SL ratio=0.10, EL ratio=0.90
2025-04-08 12:18:15,660 - DEBUG -   [SL->EL] 成功! 用SL最优解1786.00替换EL最差解1827.00, 改进了41.00
2025-04-08 12:18:15,661 - DEBUG -   [EL->SL] 成功添加9个EL解到SL种群
2025-04-08 12:18:15,662 - DEBUG - Updated probability model at iteration 461
2025-04-08 12:18:15,662 - INFO - Iteration 462/500: Phase=hybrid learning, SL ratio=0.10, EL ratio=0.90
2025-04-08 12:18:16,477 - DEBUG -   [SL->EL] 成功! 用SL最优解1773.00替换EL最差解1793.00, 改进了20.00
2025-04-08 12:18:16,479 - DEBUG -   [EL->SL] 成功添加9个EL解到SL种群
2025-04-08 12:18:16,479 - DEBUG - Updated probability model at iteration 462
2025-04-08 12:18:16,479 - INFO - EL has been consistently better for 5 iterations, adjusting ratios: SL=0.10, EL=0.90
2025-04-08 12:18:16,479 - INFO - Iteration 463/500: Phase=hybrid learning, SL ratio=0.10, EL ratio=0.90
2025-04-08 12:18:17,302 - DEBUG -   [SL->EL] 失败! SL最优解1861.00不如EL最差解1758.00
2025-04-08 12:18:17,304 - DEBUG -   [EL->SL] 成功添加9个EL解到SL种群
2025-04-08 12:18:17,304 - DEBUG - Updated probability model at iteration 463
2025-04-08 12:18:17,304 - INFO - Iteration 464/500: Phase=hybrid learning, SL ratio=0.10, EL ratio=0.90
2025-04-08 12:18:18,088 - DEBUG -   [SL->EL] 失败! SL最优解1772.00不如EL最差解1742.00
2025-04-08 12:18:18,091 - DEBUG -   [EL->SL] 成功添加9个EL解到SL种群
2025-04-08 12:18:18,091 - DEBUG - Updated probability model at iteration 464
2025-04-08 12:18:18,091 - INFO - Iteration 465/500: Phase=hybrid learning, SL ratio=0.10, EL ratio=0.90
2025-04-08 12:18:18,875 - DEBUG -   [SL->EL] 失败! SL最优解1801.00不如EL最差解1767.00
2025-04-08 12:18:18,875 - DEBUG -   [EL->SL] 成功添加9个EL解到SL种群
2025-04-08 12:18:18,876 - DEBUG - Updated probability model at iteration 465
2025-04-08 12:18:18,876 - INFO - Iteration 466/500: Phase=hybrid learning, SL ratio=0.10, EL ratio=0.90
2025-04-08 12:18:19,691 - DEBUG -   [SL->EL] 失败! SL最优解1744.00不如EL最差解1736.00
2025-04-08 12:18:19,693 - DEBUG -   [EL->SL] 成功添加9个EL解到SL种群
2025-04-08 12:18:19,693 - DEBUG - Updated probability model at iteration 466
2025-04-08 12:18:19,693 - INFO - Iteration 467/500: Phase=hybrid learning, SL ratio=0.10, EL ratio=0.90
2025-04-08 12:18:20,479 - DEBUG -   [SL->EL] 成功! 用SL最优解1758.00替换EL最差解1830.00, 改进了72.00
2025-04-08 12:18:20,480 - DEBUG -   [EL->SL] 成功添加9个EL解到SL种群
2025-04-08 12:18:20,481 - DEBUG - Updated probability model at iteration 467
2025-04-08 12:18:20,481 - INFO - EL has been consistently better for 5 iterations, adjusting ratios: SL=0.10, EL=0.90
2025-04-08 12:18:20,481 - INFO - Iteration 468/500: Phase=hybrid learning, SL ratio=0.10, EL ratio=0.90
2025-04-08 12:18:21,275 - DEBUG -   [SL->EL] 失败! SL最优解1795.00不如EL最差解1725.00
2025-04-08 12:18:21,277 - DEBUG -   [EL->SL] 成功添加9个EL解到SL种群
2025-04-08 12:18:21,277 - DEBUG - Updated probability model at iteration 468
2025-04-08 12:18:21,277 - INFO - Iteration 469/500: Phase=hybrid learning, SL ratio=0.10, EL ratio=0.90
2025-04-08 12:18:22,092 - DEBUG -   [SL->EL] 成功! 用SL最优解1773.00替换EL最差解1856.00, 改进了83.00
2025-04-08 12:18:22,093 - DEBUG -   [EL->SL] 成功添加9个EL解到SL种群
2025-04-08 12:18:22,094 - DEBUG - Updated probability model at iteration 469
2025-04-08 12:18:22,094 - INFO - Iteration 470/500: Phase=hybrid learning, SL ratio=0.10, EL ratio=0.90
2025-04-08 12:18:22,880 - DEBUG -   [SL->EL] 成功! 用SL最优解1758.00替换EL最差解1777.00, 改进了19.00
2025-04-08 12:18:22,882 - DEBUG -   [EL->SL] 成功添加9个EL解到SL种群
2025-04-08 12:18:22,882 - DEBUG - Updated probability model at iteration 470
2025-04-08 12:18:22,882 - INFO - Iteration 471/500: Phase=hybrid learning, SL ratio=0.10, EL ratio=0.90
2025-04-08 12:18:23,668 - INFO - In generation 471，New best makespan: 1575.00, source: el
2025-04-08 12:18:23,668 - DEBUG -   [SL->EL] 失败! SL最优解1787.00不如EL最差解1785.00
2025-04-08 12:18:23,670 - DEBUG -   [EL->SL] 成功添加9个EL解到SL种群
2025-04-08 12:18:23,671 - DEBUG - Updated probability model at iteration 471
2025-04-08 12:18:23,671 - INFO - Iteration 472/500: Phase=hybrid learning, SL ratio=0.10, EL ratio=0.90
2025-04-08 12:18:24,467 - INFO - In generation 472，New best makespan: 1574.00, source: el
2025-04-08 12:18:24,467 - DEBUG -   [SL->EL] 成功! 用SL最优解1767.00替换EL最差解1798.00, 改进了31.00
2025-04-08 12:18:24,469 - DEBUG -   [EL->SL] 成功添加9个EL解到SL种群
2025-04-08 12:18:24,469 - DEBUG - Updated probability model at iteration 472
2025-04-08 12:18:24,469 - INFO - EL has been consistently better for 5 iterations, adjusting ratios: SL=0.10, EL=0.90
2025-04-08 12:18:24,469 - INFO - Iteration 473/500: Phase=hybrid learning, SL ratio=0.10, EL ratio=0.90
2025-04-08 12:18:25,231 - INFO - In generation 473，New best makespan: 1570.00, source: el
2025-04-08 12:18:25,232 - DEBUG -   [SL->EL] 失败! SL最优解1772.00不如EL最差解1729.00
2025-04-08 12:18:25,233 - DEBUG -   [EL->SL] 成功添加9个EL解到SL种群
2025-04-08 12:18:25,233 - DEBUG - Updated probability model at iteration 473
2025-04-08 12:18:25,233 - INFO - Iteration 474/500: Phase=hybrid learning, SL ratio=0.10, EL ratio=0.90
2025-04-08 12:18:26,006 - DEBUG -   [SL->EL] 成功! 用SL最优解1724.00替换EL最差解1831.00, 改进了107.00
2025-04-08 12:18:26,009 - DEBUG -   [EL->SL] 成功添加9个EL解到SL种群
2025-04-08 12:18:26,009 - DEBUG - Updated probability model at iteration 474
2025-04-08 12:18:26,009 - INFO - Iteration 475/500: Phase=hybrid learning, SL ratio=0.10, EL ratio=0.90
2025-04-08 12:18:26,799 - DEBUG -   [SL->EL] 成功! 用SL最优解1780.00替换EL最差解1804.00, 改进了24.00
2025-04-08 12:18:26,801 - DEBUG -   [EL->SL] 成功添加9个EL解到SL种群
2025-04-08 12:18:26,801 - DEBUG - Updated probability model at iteration 475
2025-04-08 12:18:26,801 - INFO - Iteration 476/500: Phase=hybrid learning, SL ratio=0.10, EL ratio=0.90
2025-04-08 12:18:27,580 - DEBUG -   [SL->EL] 失败! SL最优解1773.00不如EL最差解1719.00
2025-04-08 12:18:27,583 - DEBUG -   [EL->SL] 成功添加9个EL解到SL种群
2025-04-08 12:18:27,583 - DEBUG - Updated probability model at iteration 476
2025-04-08 12:18:27,583 - INFO - Iteration 477/500: Phase=hybrid learning, SL ratio=0.10, EL ratio=0.90
2025-04-08 12:18:28,392 - DEBUG -   [SL->EL] 成功! 用SL最优解1773.00替换EL最差解1832.00, 改进了59.00
2025-04-08 12:18:28,394 - DEBUG -   [EL->SL] 成功添加9个EL解到SL种群
2025-04-08 12:18:28,394 - DEBUG - Updated probability model at iteration 477
2025-04-08 12:18:28,394 - INFO - EL has been consistently better for 5 iterations, adjusting ratios: SL=0.10, EL=0.90
2025-04-08 12:18:28,395 - INFO - Iteration 478/500: Phase=hybrid learning, SL ratio=0.10, EL ratio=0.90
2025-04-08 12:18:29,154 - DEBUG -   [SL->EL] 成功! 用SL最优解1758.00替换EL最差解1764.00, 改进了6.00
2025-04-08 12:18:29,155 - DEBUG -   [EL->SL] 成功添加9个EL解到SL种群
2025-04-08 12:18:29,155 - DEBUG - Updated probability model at iteration 478
2025-04-08 12:18:29,155 - INFO - Iteration 479/500: Phase=hybrid learning, SL ratio=0.10, EL ratio=0.90
2025-04-08 12:18:29,944 - DEBUG -   [SL->EL] 成功! 用SL最优解1798.00替换EL最差解1845.00, 改进了47.00
2025-04-08 12:18:29,945 - DEBUG -   [EL->SL] 成功添加9个EL解到SL种群
2025-04-08 12:18:29,947 - DEBUG - Updated probability model at iteration 479
2025-04-08 12:18:29,947 - INFO - Iteration 480/500: Phase=hybrid learning, SL ratio=0.10, EL ratio=0.90
2025-04-08 12:18:30,721 - DEBUG -   [SL->EL] 失败! SL最优解1779.00不如EL最差解1715.00
2025-04-08 12:18:30,722 - DEBUG -   [EL->SL] 成功添加9个EL解到SL种群
2025-04-08 12:18:30,722 - DEBUG - Updated probability model at iteration 480
2025-04-08 12:18:30,722 - INFO - Iteration 481/500: Phase=hybrid learning, SL ratio=0.10, EL ratio=0.90
2025-04-08 12:18:31,510 - DEBUG -   [SL->EL] 失败! SL最优解1783.00不如EL最差解1722.00
2025-04-08 12:18:31,512 - DEBUG -   [EL->SL] 成功添加9个EL解到SL种群
2025-04-08 12:18:31,512 - DEBUG - Updated probability model at iteration 481
2025-04-08 12:18:31,512 - INFO - Iteration 482/500: Phase=hybrid learning, SL ratio=0.10, EL ratio=0.90
2025-04-08 12:18:32,306 - DEBUG -   [SL->EL] 成功! 用SL最优解1768.00替换EL最差解1788.00, 改进了20.00
2025-04-08 12:18:32,307 - DEBUG -   [EL->SL] 成功添加9个EL解到SL种群
2025-04-08 12:18:32,307 - DEBUG - Updated probability model at iteration 482
2025-04-08 12:18:32,307 - INFO - EL has been consistently better for 5 iterations, adjusting ratios: SL=0.10, EL=0.90
2025-04-08 12:18:32,307 - INFO - Iteration 483/500: Phase=hybrid learning, SL ratio=0.10, EL ratio=0.90
2025-04-08 12:18:33,099 - DEBUG -   [SL->EL] 成功! 用SL最优解1785.00替换EL最差解1832.00, 改进了47.00
2025-04-08 12:18:33,100 - DEBUG -   [EL->SL] 成功添加9个EL解到SL种群
2025-04-08 12:18:33,101 - DEBUG - Updated probability model at iteration 483
2025-04-08 12:18:33,101 - INFO - Iteration 484/500: Phase=hybrid learning, SL ratio=0.10, EL ratio=0.90
2025-04-08 12:18:33,901 - DEBUG -   [SL->EL] 失败! SL最优解1836.00不如EL最差解1785.00
2025-04-08 12:18:33,902 - DEBUG -   [EL->SL] 成功添加9个EL解到SL种群
2025-04-08 12:18:33,902 - DEBUG - Updated probability model at iteration 484
2025-04-08 12:18:33,902 - INFO - Iteration 485/500: Phase=hybrid learning, SL ratio=0.10, EL ratio=0.90
2025-04-08 12:18:34,697 - DEBUG -   [SL->EL] 失败! SL最优解1775.00不如EL最差解1774.00
2025-04-08 12:18:34,699 - DEBUG -   [EL->SL] 成功添加9个EL解到SL种群
2025-04-08 12:18:34,700 - DEBUG - Updated probability model at iteration 485
2025-04-08 12:18:34,700 - INFO - Iteration 486/500: Phase=hybrid learning, SL ratio=0.10, EL ratio=0.90
2025-04-08 12:18:35,512 - DEBUG -   [SL->EL] 成功! 用SL最优解1731.00替换EL最差解1766.00, 改进了35.00
2025-04-08 12:18:35,514 - DEBUG -   [EL->SL] 成功添加9个EL解到SL种群
2025-04-08 12:18:35,514 - DEBUG - Updated probability model at iteration 486
2025-04-08 12:18:35,514 - INFO - Iteration 487/500: Phase=hybrid learning, SL ratio=0.10, EL ratio=0.90
2025-04-08 12:18:36,321 - DEBUG -   [SL->EL] 失败! SL最优解1808.00不如EL最差解1733.00
2025-04-08 12:18:36,322 - DEBUG -   [EL->SL] 成功添加9个EL解到SL种群
2025-04-08 12:18:36,322 - DEBUG - Updated probability model at iteration 487
2025-04-08 12:18:36,322 - INFO - EL has been consistently better for 5 iterations, adjusting ratios: SL=0.10, EL=0.90
2025-04-08 12:18:36,323 - INFO - Iteration 488/500: Phase=hybrid learning, SL ratio=0.10, EL ratio=0.90
2025-04-08 12:18:37,107 - DEBUG -   [SL->EL] 成功! 用SL最优解1730.00替换EL最差解1763.00, 改进了33.00
2025-04-08 12:18:37,108 - DEBUG -   [EL->SL] 成功添加9个EL解到SL种群
2025-04-08 12:18:37,109 - DEBUG - Updated probability model at iteration 488
2025-04-08 12:18:37,109 - INFO - Iteration 489/500: Phase=hybrid learning, SL ratio=0.10, EL ratio=0.90
2025-04-08 12:18:37,895 - DEBUG -   [SL->EL] 失败! SL最优解1814.00不如EL最差解1774.00
2025-04-08 12:18:37,897 - DEBUG -   [EL->SL] 成功添加9个EL解到SL种群
2025-04-08 12:18:37,897 - DEBUG - Updated probability model at iteration 489
2025-04-08 12:18:37,897 - INFO - Iteration 490/500: Phase=hybrid learning, SL ratio=0.10, EL ratio=0.90
2025-04-08 12:18:38,683 - INFO - In generation 490，New best makespan: 1569.00, source: el
2025-04-08 12:18:38,683 - DEBUG -   [SL->EL] 成功! 用SL最优解1785.00替换EL最差解1843.00, 改进了58.00
2025-04-08 12:18:38,685 - DEBUG -   [EL->SL] 成功添加9个EL解到SL种群
2025-04-08 12:18:38,685 - DEBUG - Updated probability model at iteration 490
2025-04-08 12:18:38,685 - INFO - Iteration 491/500: Phase=hybrid learning, SL ratio=0.10, EL ratio=0.90
2025-04-08 12:18:39,456 - DEBUG -   [SL->EL] 成功! 用SL最优解1756.00替换EL最差解1793.00, 改进了37.00
2025-04-08 12:18:39,457 - DEBUG -   [EL->SL] 成功添加9个EL解到SL种群
2025-04-08 12:18:39,457 - DEBUG - Updated probability model at iteration 491
2025-04-08 12:18:39,457 - INFO - Iteration 492/500: Phase=hybrid learning, SL ratio=0.10, EL ratio=0.90
2025-04-08 12:18:40,236 - DEBUG -   [SL->EL] 失败! SL最优解1752.00不如EL最差解1749.00
2025-04-08 12:18:40,237 - DEBUG -   [EL->SL] 成功添加9个EL解到SL种群
2025-04-08 12:18:40,237 - DEBUG - Updated probability model at iteration 492
2025-04-08 12:18:40,237 - INFO - EL has been consistently better for 5 iterations, adjusting ratios: SL=0.10, EL=0.90
2025-04-08 12:18:40,237 - INFO - Iteration 493/500: Phase=hybrid learning, SL ratio=0.10, EL ratio=0.90
2025-04-08 12:18:41,021 - DEBUG -   [SL->EL] 成功! 用SL最优解1747.00替换EL最差解1759.00, 改进了12.00
2025-04-08 12:18:41,023 - DEBUG -   [EL->SL] 成功添加9个EL解到SL种群
2025-04-08 12:18:41,023 - DEBUG - Updated probability model at iteration 493
2025-04-08 12:18:41,023 - INFO - Iteration 494/500: Phase=hybrid learning, SL ratio=0.10, EL ratio=0.90
2025-04-08 12:18:41,793 - DEBUG -   [SL->EL] 成功! 用SL最优解1762.00替换EL最差解1774.00, 改进了12.00
2025-04-08 12:18:41,795 - DEBUG -   [EL->SL] 成功添加9个EL解到SL种群
2025-04-08 12:18:41,795 - DEBUG - Updated probability model at iteration 494
2025-04-08 12:18:41,795 - INFO - Iteration 495/500: Phase=hybrid learning, SL ratio=0.10, EL ratio=0.90
2025-04-08 12:18:42,595 - DEBUG -   [SL->EL] 失败! SL最优解1786.00不如EL最差解1752.00
2025-04-08 12:18:42,597 - DEBUG -   [EL->SL] 成功添加9个EL解到SL种群
2025-04-08 12:18:42,597 - DEBUG - Updated probability model at iteration 495
2025-04-08 12:18:42,597 - INFO - Iteration 496/500: Phase=hybrid learning, SL ratio=0.10, EL ratio=0.90
2025-04-08 12:18:43,379 - DEBUG -   [SL->EL] 成功! 用SL最优解1757.00替换EL最差解1786.00, 改进了29.00
2025-04-08 12:18:43,380 - DEBUG -   [EL->SL] 成功添加9个EL解到SL种群
2025-04-08 12:18:43,380 - DEBUG - Updated probability model at iteration 496
2025-04-08 12:18:43,380 - INFO - Iteration 497/500: Phase=hybrid learning, SL ratio=0.10, EL ratio=0.90
2025-04-08 12:18:44,180 - DEBUG -   [SL->EL] 失败! SL最优解1765.00不如EL最差解1741.00
2025-04-08 12:18:44,181 - DEBUG -   [EL->SL] 成功添加9个EL解到SL种群
2025-04-08 12:18:44,182 - DEBUG - Updated probability model at iteration 497
2025-04-08 12:18:44,182 - INFO - EL has been consistently better for 5 iterations, adjusting ratios: SL=0.10, EL=0.90
2025-04-08 12:18:44,182 - INFO - Iteration 498/500: Phase=hybrid learning, SL ratio=0.10, EL ratio=0.90
2025-04-08 12:18:44,982 - DEBUG -   [SL->EL] 成功! 用SL最优解1730.00替换EL最差解1795.00, 改进了65.00
2025-04-08 12:18:44,983 - DEBUG -   [EL->SL] 成功添加9个EL解到SL种群
2025-04-08 12:18:44,984 - DEBUG - Updated probability model at iteration 498
2025-04-08 12:18:44,984 - INFO - Iteration 499/500: Phase=hybrid learning, SL ratio=0.10, EL ratio=0.90
2025-04-08 12:18:45,780 - INFO - In generation 499，New best makespan: 1568.00, source: el
2025-04-08 12:18:45,780 - DEBUG -   [SL->EL] 成功! 用SL最优解1700.00替换EL最差解1724.00, 改进了24.00
2025-04-08 12:18:45,781 - DEBUG -   [EL->SL] 成功添加9个EL解到SL种群
2025-04-08 12:18:45,781 - DEBUG - Updated probability model at iteration 499
2025-04-08 12:18:45,782 - INFO - Iteration 500/500: Phase=hybrid learning, SL ratio=0.10, EL ratio=0.90
2025-04-08 12:18:46,577 - INFO - In generation 500，New best makespan: 1564.00, source: el
2025-04-08 12:18:46,578 - DEBUG -   [SL->EL] 成功! 用SL最优解1745.00替换EL最差解1792.00, 改进了47.00
2025-04-08 12:18:46,580 - DEBUG -   [EL->SL] 成功添加9个EL解到SL种群
2025-04-08 12:18:46,580 - DEBUG - Updated probability model at iteration 500
2025-04-08 12:18:46,590 - INFO - ==================================================
2025-04-08 12:18:46,590 - INFO - Results saved to: hl_output
2025-04-08 12:18:46,840 - INFO - Convergence curve saved to: hl_output/hl_convergence.png
2025-04-08 12:18:46,840 - INFO - Best solution found with makespan: 1564.00s at generation 500
2025-04-08 12:18:46,844 - INFO - Starting optimization, total iterations: 500
2025-04-08 12:18:46,844 - INFO - Minimum iterations for pure SL: 100.0
2025-04-08 12:18:46,844 - INFO - Stagnation detection window size: 20
2025-04-08 12:18:46,844 - INFO - Stagnation threshold: 0.01
2025-04-08 12:18:46,844 - INFO - Force switch iterations: 250.0
2025-04-08 12:18:46,844 - INFO - Iteration 1/500: Phase=statistical learning, SL ratio=1.00, EL ratio=0.00
2025-04-08 12:18:47,290 - DEBUG - Initialized probability model
2025-04-08 12:18:47,296 - INFO - In generation 1，New best makespan: 1933.00, source: sl
2025-04-08 12:18:47,297 - INFO - Iteration 2/500: Phase=statistical learning, SL ratio=1.00, EL ratio=0.00
2025-04-08 12:18:47,749 - DEBUG - Updated probability model at iteration 2
2025-04-08 12:18:47,749 - INFO - Iteration 3/500: Phase=statistical learning, SL ratio=1.00, EL ratio=0.00
2025-04-08 12:18:48,200 - DEBUG - Updated probability model at iteration 3
2025-04-08 12:18:48,200 - INFO - Iteration 4/500: Phase=statistical learning, SL ratio=1.00, EL ratio=0.00
2025-04-08 12:18:48,652 - DEBUG - Updated probability model at iteration 4
2025-04-08 12:18:48,657 - INFO - In generation 4，New best makespan: 1908.00, source: sl
2025-04-08 12:18:48,658 - INFO - Iteration 5/500: Phase=statistical learning, SL ratio=1.00, EL ratio=0.00
2025-04-08 12:18:49,111 - DEBUG - Updated probability model at iteration 5
2025-04-08 12:18:49,111 - INFO - Iteration 6/500: Phase=statistical learning, SL ratio=1.00, EL ratio=0.00
2025-04-08 12:18:49,559 - DEBUG - Updated probability model at iteration 6
2025-04-08 12:18:49,559 - INFO - Iteration 7/500: Phase=statistical learning, SL ratio=1.00, EL ratio=0.00
2025-04-08 12:18:50,007 - DEBUG - Updated probability model at iteration 7
2025-04-08 12:18:50,007 - INFO - Iteration 8/500: Phase=statistical learning, SL ratio=1.00, EL ratio=0.00
2025-04-08 12:18:50,457 - DEBUG - Updated probability model at iteration 8
2025-04-08 12:18:50,462 - INFO - In generation 8，New best makespan: 1903.00, source: sl
2025-04-08 12:18:50,462 - INFO - Iteration 9/500: Phase=statistical learning, SL ratio=1.00, EL ratio=0.00
2025-04-08 12:18:50,914 - DEBUG - Updated probability model at iteration 9
2025-04-08 12:18:50,914 - INFO - Iteration 10/500: Phase=statistical learning, SL ratio=1.00, EL ratio=0.00
2025-04-08 12:18:51,364 - DEBUG - Updated probability model at iteration 10
2025-04-08 12:18:51,364 - INFO - Iteration 11/500: Phase=statistical learning, SL ratio=1.00, EL ratio=0.00
2025-04-08 12:18:51,815 - DEBUG - Updated probability model at iteration 11
2025-04-08 12:18:51,815 - INFO - Iteration 12/500: Phase=statistical learning, SL ratio=1.00, EL ratio=0.00
2025-04-08 12:18:52,264 - DEBUG - Updated probability model at iteration 12
2025-04-08 12:18:52,264 - INFO - Iteration 13/500: Phase=statistical learning, SL ratio=1.00, EL ratio=0.00
2025-04-08 12:18:52,713 - DEBUG - Updated probability model at iteration 13
2025-04-08 12:18:52,713 - INFO - Iteration 14/500: Phase=statistical learning, SL ratio=1.00, EL ratio=0.00
2025-04-08 12:18:53,164 - DEBUG - Updated probability model at iteration 14
2025-04-08 12:18:53,164 - INFO - Iteration 15/500: Phase=statistical learning, SL ratio=1.00, EL ratio=0.00
2025-04-08 12:18:53,610 - DEBUG - Updated probability model at iteration 15
2025-04-08 12:18:53,610 - INFO - Iteration 16/500: Phase=statistical learning, SL ratio=1.00, EL ratio=0.00
2025-04-08 12:18:54,055 - DEBUG - Updated probability model at iteration 16
2025-04-08 12:18:54,055 - INFO - Iteration 17/500: Phase=statistical learning, SL ratio=1.00, EL ratio=0.00
2025-04-08 12:18:54,506 - DEBUG - Updated probability model at iteration 17
2025-04-08 12:18:54,506 - INFO - Iteration 18/500: Phase=statistical learning, SL ratio=1.00, EL ratio=0.00
2025-04-08 12:18:54,952 - DEBUG - Updated probability model at iteration 18
2025-04-08 12:18:54,957 - INFO - In generation 18，New best makespan: 1900.00, source: sl
2025-04-08 12:18:54,958 - INFO - Iteration 19/500: Phase=statistical learning, SL ratio=1.00, EL ratio=0.00
2025-04-08 12:18:55,412 - DEBUG - Updated probability model at iteration 19
2025-04-08 12:18:55,412 - INFO - Iteration 20/500: Phase=statistical learning, SL ratio=1.00, EL ratio=0.00
2025-04-08 12:18:55,862 - DEBUG - Updated probability model at iteration 20
2025-04-08 12:18:55,862 - INFO - Iteration 21/500: Phase=statistical learning, SL ratio=1.00, EL ratio=0.00
2025-04-08 12:18:56,319 - DEBUG - Updated probability model at iteration 21
2025-04-08 12:18:56,319 - INFO - Iteration 22/500: Phase=statistical learning, SL ratio=1.00, EL ratio=0.00
2025-04-08 12:18:56,770 - DEBUG - Updated probability model at iteration 22
2025-04-08 12:18:56,770 - INFO - Iteration 23/500: Phase=statistical learning, SL ratio=1.00, EL ratio=0.00
2025-04-08 12:18:57,223 - DEBUG - Updated probability model at iteration 23
2025-04-08 12:18:57,223 - INFO - Iteration 24/500: Phase=statistical learning, SL ratio=1.00, EL ratio=0.00
2025-04-08 12:18:57,672 - DEBUG - Updated probability model at iteration 24
2025-04-08 12:18:57,672 - INFO - Iteration 25/500: Phase=statistical learning, SL ratio=1.00, EL ratio=0.00
2025-04-08 12:18:58,126 - DEBUG - Updated probability model at iteration 25
2025-04-08 12:18:58,126 - INFO - Iteration 26/500: Phase=statistical learning, SL ratio=1.00, EL ratio=0.00
2025-04-08 12:18:58,581 - DEBUG - Updated probability model at iteration 26
2025-04-08 12:18:58,581 - INFO - Iteration 27/500: Phase=statistical learning, SL ratio=1.00, EL ratio=0.00
2025-04-08 12:18:59,029 - DEBUG - Updated probability model at iteration 27
2025-04-08 12:18:59,029 - INFO - Iteration 28/500: Phase=statistical learning, SL ratio=1.00, EL ratio=0.00
2025-04-08 12:18:59,489 - DEBUG - Updated probability model at iteration 28
2025-04-08 12:18:59,494 - INFO - In generation 28，New best makespan: 1886.00, source: sl
2025-04-08 12:18:59,494 - INFO - Iteration 29/500: Phase=statistical learning, SL ratio=1.00, EL ratio=0.00
2025-04-08 12:18:59,946 - DEBUG - Updated probability model at iteration 29
2025-04-08 12:18:59,946 - INFO - Iteration 30/500: Phase=statistical learning, SL ratio=1.00, EL ratio=0.00
2025-04-08 12:19:00,407 - DEBUG - Updated probability model at iteration 30
2025-04-08 12:19:00,407 - INFO - Iteration 31/500: Phase=statistical learning, SL ratio=1.00, EL ratio=0.00
2025-04-08 12:19:00,864 - DEBUG - Updated probability model at iteration 31
2025-04-08 12:19:00,864 - INFO - Iteration 32/500: Phase=statistical learning, SL ratio=1.00, EL ratio=0.00
2025-04-08 12:19:01,319 - DEBUG - Updated probability model at iteration 32
2025-04-08 12:19:01,319 - INFO - Iteration 33/500: Phase=statistical learning, SL ratio=1.00, EL ratio=0.00
2025-04-08 12:19:01,774 - DEBUG - Updated probability model at iteration 33
2025-04-08 12:19:01,774 - INFO - Iteration 34/500: Phase=statistical learning, SL ratio=1.00, EL ratio=0.00
2025-04-08 12:19:02,229 - DEBUG - Updated probability model at iteration 34
2025-04-08 12:19:02,229 - INFO - Iteration 35/500: Phase=statistical learning, SL ratio=1.00, EL ratio=0.00
2025-04-08 12:19:02,681 - DEBUG - Updated probability model at iteration 35
2025-04-08 12:19:02,681 - INFO - Iteration 36/500: Phase=statistical learning, SL ratio=1.00, EL ratio=0.00
2025-04-08 12:19:03,135 - DEBUG - Updated probability model at iteration 36
2025-04-08 12:19:03,135 - INFO - Iteration 37/500: Phase=statistical learning, SL ratio=1.00, EL ratio=0.00
2025-04-08 12:19:03,590 - DEBUG - Updated probability model at iteration 37
2025-04-08 12:19:03,590 - INFO - Iteration 38/500: Phase=statistical learning, SL ratio=1.00, EL ratio=0.00
2025-04-08 12:19:04,041 - DEBUG - Updated probability model at iteration 38
2025-04-08 12:19:04,041 - INFO - Iteration 39/500: Phase=statistical learning, SL ratio=1.00, EL ratio=0.00
2025-04-08 12:19:04,500 - DEBUG - Updated probability model at iteration 39
2025-04-08 12:19:04,500 - INFO - Iteration 40/500: Phase=statistical learning, SL ratio=1.00, EL ratio=0.00
2025-04-08 12:19:04,955 - DEBUG - Updated probability model at iteration 40
2025-04-08 12:19:04,955 - INFO - Iteration 41/500: Phase=statistical learning, SL ratio=1.00, EL ratio=0.00
2025-04-08 12:19:05,408 - DEBUG - Updated probability model at iteration 41
2025-04-08 12:19:05,408 - INFO - Iteration 42/500: Phase=statistical learning, SL ratio=1.00, EL ratio=0.00
2025-04-08 12:19:05,859 - DEBUG - Updated probability model at iteration 42
2025-04-08 12:19:05,859 - INFO - Iteration 43/500: Phase=statistical learning, SL ratio=1.00, EL ratio=0.00
2025-04-08 12:19:06,314 - DEBUG - Updated probability model at iteration 43
2025-04-08 12:19:06,314 - INFO - Iteration 44/500: Phase=statistical learning, SL ratio=1.00, EL ratio=0.00
2025-04-08 12:19:06,771 - DEBUG - Updated probability model at iteration 44
2025-04-08 12:19:06,771 - INFO - Iteration 45/500: Phase=statistical learning, SL ratio=1.00, EL ratio=0.00
2025-04-08 12:19:07,227 - DEBUG - Updated probability model at iteration 45
2025-04-08 12:19:07,227 - INFO - Iteration 46/500: Phase=statistical learning, SL ratio=1.00, EL ratio=0.00
2025-04-08 12:19:07,680 - DEBUG - Updated probability model at iteration 46
2025-04-08 12:19:07,680 - INFO - Iteration 47/500: Phase=statistical learning, SL ratio=1.00, EL ratio=0.00
2025-04-08 12:19:08,135 - DEBUG - Updated probability model at iteration 47
2025-04-08 12:19:08,135 - INFO - Iteration 48/500: Phase=statistical learning, SL ratio=1.00, EL ratio=0.00
2025-04-08 12:19:08,591 - DEBUG - Updated probability model at iteration 48
2025-04-08 12:19:08,591 - INFO - Iteration 49/500: Phase=statistical learning, SL ratio=1.00, EL ratio=0.00
2025-04-08 12:19:09,041 - DEBUG - Updated probability model at iteration 49
2025-04-08 12:19:09,041 - INFO - Iteration 50/500: Phase=statistical learning, SL ratio=1.00, EL ratio=0.00
2025-04-08 12:19:09,495 - DEBUG - Updated probability model at iteration 50
2025-04-08 12:19:09,495 - INFO - Iteration 51/500: Phase=statistical learning, SL ratio=1.00, EL ratio=0.00
2025-04-08 12:19:09,950 - DEBUG - Updated probability model at iteration 51
2025-04-08 12:19:09,950 - INFO - Iteration 52/500: Phase=statistical learning, SL ratio=1.00, EL ratio=0.00
2025-04-08 12:19:10,402 - DEBUG - Updated probability model at iteration 52
2025-04-08 12:19:10,402 - INFO - Iteration 53/500: Phase=statistical learning, SL ratio=1.00, EL ratio=0.00
2025-04-08 12:19:10,854 - DEBUG - Updated probability model at iteration 53
2025-04-08 12:19:10,854 - INFO - Iteration 54/500: Phase=statistical learning, SL ratio=1.00, EL ratio=0.00
2025-04-08 12:19:11,313 - DEBUG - Updated probability model at iteration 54
2025-04-08 12:19:11,313 - INFO - Iteration 55/500: Phase=statistical learning, SL ratio=1.00, EL ratio=0.00
2025-04-08 12:19:11,768 - DEBUG - Updated probability model at iteration 55
2025-04-08 12:19:11,768 - INFO - Iteration 56/500: Phase=statistical learning, SL ratio=1.00, EL ratio=0.00
2025-04-08 12:19:12,231 - DEBUG - Updated probability model at iteration 56
2025-04-08 12:19:12,231 - INFO - Iteration 57/500: Phase=statistical learning, SL ratio=1.00, EL ratio=0.00
2025-04-08 12:19:12,683 - DEBUG - Updated probability model at iteration 57
2025-04-08 12:19:12,683 - INFO - Iteration 58/500: Phase=statistical learning, SL ratio=1.00, EL ratio=0.00
2025-04-08 12:19:13,137 - DEBUG - Updated probability model at iteration 58
2025-04-08 12:19:13,137 - INFO - Iteration 59/500: Phase=statistical learning, SL ratio=1.00, EL ratio=0.00
2025-04-08 12:19:13,594 - DEBUG - Updated probability model at iteration 59
2025-04-08 12:19:13,594 - INFO - Iteration 60/500: Phase=statistical learning, SL ratio=1.00, EL ratio=0.00
2025-04-08 12:19:14,047 - DEBUG - Updated probability model at iteration 60
2025-04-08 12:19:14,047 - INFO - Iteration 61/500: Phase=statistical learning, SL ratio=1.00, EL ratio=0.00
2025-04-08 12:19:14,500 - DEBUG - Updated probability model at iteration 61
2025-04-08 12:19:14,500 - INFO - Iteration 62/500: Phase=statistical learning, SL ratio=1.00, EL ratio=0.00
2025-04-08 12:19:14,950 - DEBUG - Updated probability model at iteration 62
2025-04-08 12:19:14,950 - INFO - Iteration 63/500: Phase=statistical learning, SL ratio=1.00, EL ratio=0.00
2025-04-08 12:19:15,406 - DEBUG - Updated probability model at iteration 63
2025-04-08 12:19:15,406 - INFO - Iteration 64/500: Phase=statistical learning, SL ratio=1.00, EL ratio=0.00
2025-04-08 12:19:15,857 - DEBUG - Updated probability model at iteration 64
2025-04-08 12:19:15,857 - INFO - Iteration 65/500: Phase=statistical learning, SL ratio=1.00, EL ratio=0.00
2025-04-08 12:19:16,312 - DEBUG - Updated probability model at iteration 65
2025-04-08 12:19:16,312 - INFO - Iteration 66/500: Phase=statistical learning, SL ratio=1.00, EL ratio=0.00
2025-04-08 12:19:16,760 - DEBUG - Updated probability model at iteration 66
2025-04-08 12:19:16,760 - INFO - Iteration 67/500: Phase=statistical learning, SL ratio=1.00, EL ratio=0.00
2025-04-08 12:19:17,221 - DEBUG - Updated probability model at iteration 67
2025-04-08 12:19:17,221 - INFO - Iteration 68/500: Phase=statistical learning, SL ratio=1.00, EL ratio=0.00
2025-04-08 12:19:17,688 - DEBUG - Updated probability model at iteration 68
2025-04-08 12:19:17,688 - INFO - Iteration 69/500: Phase=statistical learning, SL ratio=1.00, EL ratio=0.00
2025-04-08 12:19:18,155 - DEBUG - Updated probability model at iteration 69
2025-04-08 12:19:18,155 - INFO - Iteration 70/500: Phase=statistical learning, SL ratio=1.00, EL ratio=0.00
2025-04-08 12:19:18,627 - DEBUG - Updated probability model at iteration 70
2025-04-08 12:19:18,627 - INFO - Iteration 71/500: Phase=statistical learning, SL ratio=1.00, EL ratio=0.00
2025-04-08 12:19:19,095 - DEBUG - Updated probability model at iteration 71
2025-04-08 12:19:19,095 - INFO - Iteration 72/500: Phase=statistical learning, SL ratio=1.00, EL ratio=0.00
2025-04-08 12:19:19,547 - DEBUG - Updated probability model at iteration 72
2025-04-08 12:19:19,547 - INFO - Iteration 73/500: Phase=statistical learning, SL ratio=1.00, EL ratio=0.00
2025-04-08 12:19:20,021 - DEBUG - Updated probability model at iteration 73
2025-04-08 12:19:20,021 - INFO - Iteration 74/500: Phase=statistical learning, SL ratio=1.00, EL ratio=0.00
2025-04-08 12:19:20,484 - DEBUG - Updated probability model at iteration 74
2025-04-08 12:19:20,484 - INFO - Iteration 75/500: Phase=statistical learning, SL ratio=1.00, EL ratio=0.00
2025-04-08 12:19:20,934 - DEBUG - Updated probability model at iteration 75
2025-04-08 12:19:20,934 - INFO - Iteration 76/500: Phase=statistical learning, SL ratio=1.00, EL ratio=0.00
2025-04-08 12:19:21,400 - DEBUG - Updated probability model at iteration 76
2025-04-08 12:19:21,400 - INFO - Iteration 77/500: Phase=statistical learning, SL ratio=1.00, EL ratio=0.00
2025-04-08 12:19:21,847 - DEBUG - Updated probability model at iteration 77
2025-04-08 12:19:21,847 - INFO - Iteration 78/500: Phase=statistical learning, SL ratio=1.00, EL ratio=0.00
2025-04-08 12:19:22,310 - DEBUG - Updated probability model at iteration 78
2025-04-08 12:19:22,317 - INFO - In generation 78，New best makespan: 1878.00, source: sl
2025-04-08 12:19:22,318 - INFO - Iteration 79/500: Phase=statistical learning, SL ratio=1.00, EL ratio=0.00
2025-04-08 12:19:22,769 - DEBUG - Updated probability model at iteration 79
2025-04-08 12:19:22,770 - INFO - Iteration 80/500: Phase=statistical learning, SL ratio=1.00, EL ratio=0.00
2025-04-08 12:19:23,220 - DEBUG - Updated probability model at iteration 80
2025-04-08 12:19:23,220 - INFO - Iteration 81/500: Phase=statistical learning, SL ratio=1.00, EL ratio=0.00
2025-04-08 12:19:23,672 - DEBUG - Updated probability model at iteration 81
2025-04-08 12:19:23,672 - INFO - Iteration 82/500: Phase=statistical learning, SL ratio=1.00, EL ratio=0.00
2025-04-08 12:19:24,123 - DEBUG - Updated probability model at iteration 82
2025-04-08 12:19:24,123 - INFO - Iteration 83/500: Phase=statistical learning, SL ratio=1.00, EL ratio=0.00
2025-04-08 12:19:24,591 - DEBUG - Updated probability model at iteration 83
2025-04-08 12:19:24,591 - INFO - Iteration 84/500: Phase=statistical learning, SL ratio=1.00, EL ratio=0.00
2025-04-08 12:19:25,043 - DEBUG - Updated probability model at iteration 84
2025-04-08 12:19:25,043 - INFO - Iteration 85/500: Phase=statistical learning, SL ratio=1.00, EL ratio=0.00
2025-04-08 12:19:25,495 - DEBUG - Updated probability model at iteration 85
2025-04-08 12:19:25,495 - INFO - Iteration 86/500: Phase=statistical learning, SL ratio=1.00, EL ratio=0.00
2025-04-08 12:19:25,948 - DEBUG - Updated probability model at iteration 86
2025-04-08 12:19:25,948 - INFO - Iteration 87/500: Phase=statistical learning, SL ratio=1.00, EL ratio=0.00
2025-04-08 12:19:26,398 - DEBUG - Updated probability model at iteration 87
2025-04-08 12:19:26,400 - INFO - Iteration 88/500: Phase=statistical learning, SL ratio=1.00, EL ratio=0.00
2025-04-08 12:19:26,845 - DEBUG - Updated probability model at iteration 88
2025-04-08 12:19:26,845 - INFO - Iteration 89/500: Phase=statistical learning, SL ratio=1.00, EL ratio=0.00
2025-04-08 12:19:27,302 - DEBUG - Updated probability model at iteration 89
2025-04-08 12:19:27,302 - INFO - Iteration 90/500: Phase=statistical learning, SL ratio=1.00, EL ratio=0.00
2025-04-08 12:19:27,751 - DEBUG - Updated probability model at iteration 90
2025-04-08 12:19:27,751 - INFO - Iteration 91/500: Phase=statistical learning, SL ratio=1.00, EL ratio=0.00
2025-04-08 12:19:28,201 - DEBUG - Updated probability model at iteration 91
2025-04-08 12:19:28,201 - INFO - Iteration 92/500: Phase=statistical learning, SL ratio=1.00, EL ratio=0.00
2025-04-08 12:19:28,647 - DEBUG - Updated probability model at iteration 92
2025-04-08 12:19:28,647 - INFO - Iteration 93/500: Phase=statistical learning, SL ratio=1.00, EL ratio=0.00
2025-04-08 12:19:29,097 - DEBUG - Updated probability model at iteration 93
2025-04-08 12:19:29,097 - INFO - Iteration 94/500: Phase=statistical learning, SL ratio=1.00, EL ratio=0.00
2025-04-08 12:19:29,548 - DEBUG - Updated probability model at iteration 94
2025-04-08 12:19:29,548 - INFO - Iteration 95/500: Phase=statistical learning, SL ratio=1.00, EL ratio=0.00
2025-04-08 12:19:29,997 - DEBUG - Updated probability model at iteration 95
2025-04-08 12:19:29,997 - INFO - Iteration 96/500: Phase=statistical learning, SL ratio=1.00, EL ratio=0.00
2025-04-08 12:19:30,448 - DEBUG - Updated probability model at iteration 96
2025-04-08 12:19:30,448 - INFO - Iteration 97/500: Phase=statistical learning, SL ratio=1.00, EL ratio=0.00
2025-04-08 12:19:30,903 - DEBUG - Updated probability model at iteration 97
2025-04-08 12:19:30,903 - INFO - Iteration 98/500: Phase=statistical learning, SL ratio=1.00, EL ratio=0.00
2025-04-08 12:19:31,355 - DEBUG - Updated probability model at iteration 98
2025-04-08 12:19:31,355 - INFO - Iteration 99/500: Phase=statistical learning, SL ratio=1.00, EL ratio=0.00
2025-04-08 12:19:31,802 - DEBUG - Updated probability model at iteration 99
2025-04-08 12:19:31,802 - INFO - Iteration 100/500: Phase=statistical learning, SL ratio=1.00, EL ratio=0.00
2025-04-08 12:19:32,257 - DEBUG - Updated probability model at iteration 100
2025-04-08 12:19:32,257 - INFO - Iteration 101/500: Phase=statistical learning, SL ratio=1.00, EL ratio=0.00
2025-04-08 12:19:32,707 - DEBUG - Updated probability model at iteration 101
2025-04-08 12:19:32,707 - INFO - 
SL is stagnating, switching to hybrid phase...
2025-04-08 12:19:32,708 - INFO - Iteration 102/500: Phase=hybrid learning, SL ratio=0.90, EL ratio=0.10
2025-04-08 12:19:33,199 - DEBUG -   [SL->EL] 成功! 用SL最优解1967.00替换EL最差解1981.00, 改进了14.00
2025-04-08 12:19:33,199 - DEBUG -   [EL->SL] 成功添加1个EL解到SL种群
2025-04-08 12:19:33,200 - DEBUG - Updated probability model at iteration 102
2025-04-08 12:19:33,200 - INFO - Iteration 103/500: Phase=hybrid learning, SL ratio=0.90, EL ratio=0.10
2025-04-08 12:19:33,678 - DEBUG -   [SL->EL] 成功! 用SL最优解1901.00替换EL最差解2055.00, 改进了154.00
2025-04-08 12:19:33,678 - DEBUG -   [EL->SL] 成功添加1个EL解到SL种群
2025-04-08 12:19:33,679 - DEBUG - Updated probability model at iteration 103
2025-04-08 12:19:33,679 - INFO - Iteration 104/500: Phase=hybrid learning, SL ratio=0.90, EL ratio=0.10
2025-04-08 12:19:34,169 - DEBUG -   [SL->EL] 成功! 用SL最优解1950.00替换EL最差解1967.00, 改进了17.00
2025-04-08 12:19:34,170 - DEBUG -   [EL->SL] 成功添加1个EL解到SL种群
2025-04-08 12:19:34,171 - DEBUG - Updated probability model at iteration 104
2025-04-08 12:19:34,171 - INFO - Iteration 105/500: Phase=hybrid learning, SL ratio=0.90, EL ratio=0.10
2025-04-08 12:19:34,666 - DEBUG -   [SL->EL] 成功! 用SL最优解1930.00替换EL最差解1959.00, 改进了29.00
2025-04-08 12:19:34,666 - DEBUG -   [EL->SL] 成功添加1个EL解到SL种群
2025-04-08 12:19:34,666 - DEBUG - Updated probability model at iteration 105
2025-04-08 12:19:34,666 - INFO - Iteration 106/500: Phase=hybrid learning, SL ratio=0.90, EL ratio=0.10
2025-04-08 12:19:35,144 - DEBUG -   [SL->EL] 成功! 用SL最优解1939.00替换EL最差解2028.00, 改进了89.00
2025-04-08 12:19:35,144 - DEBUG -   [EL->SL] 成功添加1个EL解到SL种群
2025-04-08 12:19:35,145 - DEBUG - Updated probability model at iteration 106
2025-04-08 12:19:35,145 - INFO - Iteration 107/500: Phase=hybrid learning, SL ratio=0.90, EL ratio=0.10
2025-04-08 12:19:35,642 - DEBUG -   [SL->EL] 失败! SL最优解1933.00不如EL最差解1901.00
2025-04-08 12:19:35,642 - DEBUG -   [EL->SL] 成功添加1个EL解到SL种群
2025-04-08 12:19:35,643 - DEBUG - Updated probability model at iteration 107
2025-04-08 12:19:35,643 - INFO - Iteration 108/500: Phase=hybrid learning, SL ratio=0.90, EL ratio=0.10
2025-04-08 12:19:36,137 - DEBUG -   [SL->EL] 失败! SL最优解1928.00不如EL最差解1918.00
2025-04-08 12:19:36,137 - DEBUG -   [EL->SL] 成功添加1个EL解到SL种群
2025-04-08 12:19:36,138 - DEBUG - Updated probability model at iteration 108
2025-04-08 12:19:36,138 - INFO - Iteration 109/500: Phase=hybrid learning, SL ratio=0.90, EL ratio=0.10
2025-04-08 12:19:36,628 - DEBUG -   [SL->EL] 失败! SL最优解1933.00不如EL最差解1921.00
2025-04-08 12:19:36,628 - DEBUG -   [EL->SL] 成功添加1个EL解到SL种群
2025-04-08 12:19:36,629 - DEBUG - Updated probability model at iteration 109
2025-04-08 12:19:36,629 - INFO - Iteration 110/500: Phase=hybrid learning, SL ratio=0.90, EL ratio=0.10
2025-04-08 12:19:37,110 - DEBUG -   [SL->EL] 成功! 用SL最优解1899.00替换EL最差解2029.00, 改进了130.00
2025-04-08 12:19:37,112 - DEBUG -   [EL->SL] 成功添加1个EL解到SL种群
2025-04-08 12:19:37,112 - DEBUG - Updated probability model at iteration 110
2025-04-08 12:19:37,112 - INFO - Iteration 111/500: Phase=hybrid learning, SL ratio=0.90, EL ratio=0.10
2025-04-08 12:19:37,604 - INFO - In generation 111，New best makespan: 1875.00, source: el
2025-04-08 12:19:37,604 - DEBUG -   [SL->EL] 成功! 用SL最优解1930.00替换EL最差解1933.00, 改进了3.00
2025-04-08 12:19:37,604 - DEBUG -   [EL->SL] 成功添加1个EL解到SL种群
2025-04-08 12:19:37,605 - DEBUG - Updated probability model at iteration 111
2025-04-08 12:19:37,605 - INFO - Iteration 112/500: Phase=hybrid learning, SL ratio=0.90, EL ratio=0.10
2025-04-08 12:19:38,089 - DEBUG -   [SL->EL] 成功! 用SL最优解1916.00替换EL最差解1975.00, 改进了59.00
2025-04-08 12:19:38,089 - DEBUG -   [EL->SL] 成功添加1个EL解到SL种群
2025-04-08 12:19:38,090 - DEBUG - Updated probability model at iteration 112
2025-04-08 12:19:38,090 - INFO - Iteration 113/500: Phase=hybrid learning, SL ratio=0.90, EL ratio=0.10
2025-04-08 12:19:38,585 - DEBUG -   [SL->EL] 成功! 用SL最优解1896.00替换EL最差解2076.00, 改进了180.00
2025-04-08 12:19:38,585 - DEBUG -   [EL->SL] 成功添加1个EL解到SL种群
2025-04-08 12:19:38,586 - DEBUG - Updated probability model at iteration 113
2025-04-08 12:19:38,586 - INFO - Iteration 114/500: Phase=hybrid learning, SL ratio=0.90, EL ratio=0.10
2025-04-08 12:19:39,079 - INFO - In generation 114，New best makespan: 1872.00, source: el
2025-04-08 12:19:39,080 - DEBUG -   [SL->EL] 成功! 用SL最优解1955.00替换EL最差解2003.00, 改进了48.00
2025-04-08 12:19:39,080 - DEBUG -   [EL->SL] 成功添加1个EL解到SL种群
2025-04-08 12:19:39,081 - DEBUG - Updated probability model at iteration 114
2025-04-08 12:19:39,081 - INFO - Iteration 115/500: Phase=hybrid learning, SL ratio=0.90, EL ratio=0.10
2025-04-08 12:19:39,575 - DEBUG -   [SL->EL] 失败! SL最优解1947.00不如EL最差解1920.00
2025-04-08 12:19:39,575 - DEBUG -   [EL->SL] 成功添加1个EL解到SL种群
2025-04-08 12:19:39,576 - DEBUG - Updated probability model at iteration 115
2025-04-08 12:19:39,576 - INFO - EL has been consistently better for 5 iterations, adjusting ratios: SL=0.80, EL=0.20
2025-04-08 12:19:39,576 - INFO - Iteration 116/500: Phase=hybrid learning, SL ratio=0.80, EL ratio=0.20
2025-04-08 12:19:40,112 - INFO - In generation 116，New best makespan: 1860.00, source: el
2025-04-08 12:19:40,112 - DEBUG -   [SL->EL] 成功! 用SL最优解1941.00替换EL最差解2088.00, 改进了147.00
2025-04-08 12:19:40,112 - DEBUG -   [EL->SL] 成功添加2个EL解到SL种群
2025-04-08 12:19:40,114 - DEBUG - Updated probability model at iteration 116
2025-04-08 12:19:40,114 - INFO - Iteration 117/500: Phase=hybrid learning, SL ratio=0.80, EL ratio=0.20
2025-04-08 12:19:40,645 - INFO - In generation 117，New best makespan: 1852.00, source: el
2025-04-08 12:19:40,645 - DEBUG -   [SL->EL] 成功! 用SL最优解1944.00替换EL最差解1981.00, 改进了37.00
2025-04-08 12:19:40,647 - DEBUG -   [EL->SL] 成功添加2个EL解到SL种群
2025-04-08 12:19:40,647 - DEBUG - Updated probability model at iteration 117
2025-04-08 12:19:40,647 - INFO - Iteration 118/500: Phase=hybrid learning, SL ratio=0.80, EL ratio=0.20
2025-04-08 12:19:41,174 - INFO - In generation 118，New best makespan: 1848.00, source: el
2025-04-08 12:19:41,174 - DEBUG -   [SL->EL] 成功! 用SL最优解1952.00替换EL最差解1999.00, 改进了47.00
2025-04-08 12:19:41,175 - DEBUG -   [EL->SL] 成功添加2个EL解到SL种群
2025-04-08 12:19:41,175 - DEBUG - Updated probability model at iteration 118
2025-04-08 12:19:41,175 - INFO - Iteration 119/500: Phase=hybrid learning, SL ratio=0.80, EL ratio=0.20
2025-04-08 12:19:41,703 - INFO - In generation 119，New best makespan: 1846.00, source: el
2025-04-08 12:19:41,704 - DEBUG -   [SL->EL] 失败! SL最优解1943.00不如EL最差解1898.00
2025-04-08 12:19:41,704 - DEBUG -   [EL->SL] 成功添加2个EL解到SL种群
2025-04-08 12:19:41,706 - DEBUG - Updated probability model at iteration 119
2025-04-08 12:19:41,706 - INFO - Iteration 120/500: Phase=hybrid learning, SL ratio=0.80, EL ratio=0.20
2025-04-08 12:19:42,243 - DEBUG -   [SL->EL] 成功! 用SL最优解1926.00替换EL最差解1939.00, 改进了13.00
2025-04-08 12:19:42,244 - DEBUG -   [EL->SL] 成功添加2个EL解到SL种群
2025-04-08 12:19:42,245 - DEBUG - Updated probability model at iteration 120
2025-04-08 12:19:42,245 - INFO - EL has been consistently better for 5 iterations, adjusting ratios: SL=0.70, EL=0.30
2025-04-08 12:19:42,245 - INFO - Iteration 121/500: Phase=hybrid learning, SL ratio=0.70, EL ratio=0.30
2025-04-08 12:19:42,810 - DEBUG -   [SL->EL] 成功! 用SL最优解1936.00替换EL最差解1941.00, 改进了5.00
2025-04-08 12:19:42,810 - DEBUG -   [EL->SL] 成功添加3个EL解到SL种群
2025-04-08 12:19:42,811 - DEBUG - Updated probability model at iteration 121
2025-04-08 12:19:42,811 - INFO - Iteration 122/500: Phase=hybrid learning, SL ratio=0.70, EL ratio=0.30
2025-04-08 12:19:43,383 - INFO - In generation 122，New best makespan: 1832.00, source: el
2025-04-08 12:19:43,384 - DEBUG -   [SL->EL] 失败! SL最优解1949.00不如EL最差解1943.00
2025-04-08 12:19:43,384 - DEBUG -   [EL->SL] 成功添加3个EL解到SL种群
2025-04-08 12:19:43,386 - DEBUG - Updated probability model at iteration 122
2025-04-08 12:19:43,386 - INFO - Iteration 123/500: Phase=hybrid learning, SL ratio=0.70, EL ratio=0.30
2025-04-08 12:19:43,948 - DEBUG -   [SL->EL] 成功! 用SL最优解1932.00替换EL最差解1950.00, 改进了18.00
2025-04-08 12:19:43,949 - DEBUG -   [EL->SL] 成功添加3个EL解到SL种群
2025-04-08 12:19:43,950 - DEBUG - Updated probability model at iteration 123
2025-04-08 12:19:43,950 - INFO - Iteration 124/500: Phase=hybrid learning, SL ratio=0.70, EL ratio=0.30
2025-04-08 12:19:44,516 - DEBUG -   [SL->EL] 成功! 用SL最优解1928.00替换EL最差解1970.00, 改进了42.00
2025-04-08 12:19:44,516 - DEBUG -   [EL->SL] 成功添加3个EL解到SL种群
2025-04-08 12:19:44,518 - DEBUG - Updated probability model at iteration 124
2025-04-08 12:19:44,518 - INFO - Iteration 125/500: Phase=hybrid learning, SL ratio=0.70, EL ratio=0.30
2025-04-08 12:19:45,071 - DEBUG -   [SL->EL] 成功! 用SL最优解1936.00替换EL最差解1951.00, 改进了15.00
2025-04-08 12:19:45,071 - DEBUG -   [EL->SL] 成功添加3个EL解到SL种群
2025-04-08 12:19:45,071 - DEBUG - Updated probability model at iteration 125
2025-04-08 12:19:45,071 - INFO - EL has been consistently better for 5 iterations, adjusting ratios: SL=0.60, EL=0.40
2025-04-08 12:19:45,072 - INFO - Iteration 126/500: Phase=hybrid learning, SL ratio=0.60, EL ratio=0.40
2025-04-08 12:19:45,690 - INFO - In generation 126，New best makespan: 1829.00, source: el
2025-04-08 12:19:45,691 - DEBUG -   [SL->EL] 成功! 用SL最优解1921.00替换EL最差解2001.00, 改进了80.00
2025-04-08 12:19:45,691 - DEBUG -   [EL->SL] 成功添加4个EL解到SL种群
2025-04-08 12:19:45,692 - DEBUG - Updated probability model at iteration 126
2025-04-08 12:19:45,692 - INFO - Iteration 127/500: Phase=hybrid learning, SL ratio=0.60, EL ratio=0.40
2025-04-08 12:19:46,287 - DEBUG -   [SL->EL] 成功! 用SL最优解1932.00替换EL最差解2048.00, 改进了116.00
2025-04-08 12:19:46,289 - DEBUG -   [EL->SL] 成功添加4个EL解到SL种群
2025-04-08 12:19:46,290 - DEBUG - Updated probability model at iteration 127
2025-04-08 12:19:46,290 - INFO - Iteration 128/500: Phase=hybrid learning, SL ratio=0.60, EL ratio=0.40
2025-04-08 12:19:46,890 - INFO - In generation 128，New best makespan: 1828.00, source: el
2025-04-08 12:19:46,891 - DEBUG -   [SL->EL] 成功! 用SL最优解1941.00替换EL最差解1986.00, 改进了45.00
2025-04-08 12:19:46,891 - DEBUG -   [EL->SL] 成功添加4个EL解到SL种群
2025-04-08 12:19:46,892 - DEBUG - Updated probability model at iteration 128
2025-04-08 12:19:46,892 - INFO - Iteration 129/500: Phase=hybrid learning, SL ratio=0.60, EL ratio=0.40
2025-04-08 12:19:47,507 - INFO - In generation 129，New best makespan: 1816.00, source: el
2025-04-08 12:19:47,508 - DEBUG -   [SL->EL] 成功! 用SL最优解1936.00替换EL最差解1959.00, 改进了23.00
2025-04-08 12:19:47,508 - DEBUG -   [EL->SL] 成功添加4个EL解到SL种群
2025-04-08 12:19:47,510 - DEBUG - Updated probability model at iteration 129
2025-04-08 12:19:47,510 - INFO - Iteration 130/500: Phase=hybrid learning, SL ratio=0.60, EL ratio=0.40
2025-04-08 12:19:48,106 - DEBUG -   [SL->EL] 成功! 用SL最优解1923.00替换EL最差解2024.00, 改进了101.00
2025-04-08 12:19:48,107 - DEBUG -   [EL->SL] 成功添加4个EL解到SL种群
2025-04-08 12:19:48,107 - DEBUG - Updated probability model at iteration 130
2025-04-08 12:19:48,107 - INFO - EL has been consistently better for 5 iterations, adjusting ratios: SL=0.50, EL=0.50
2025-04-08 12:19:48,107 - INFO - Iteration 131/500: Phase=hybrid learning, SL ratio=0.50, EL ratio=0.50
2025-04-08 12:19:48,740 - DEBUG -   [SL->EL] 成功! 用SL最优解1942.00替换EL最差解2024.00, 改进了82.00
2025-04-08 12:19:48,741 - DEBUG -   [EL->SL] 成功添加5个EL解到SL种群
2025-04-08 12:19:48,741 - DEBUG - Updated probability model at iteration 131
2025-04-08 12:19:48,741 - INFO - Iteration 132/500: Phase=hybrid learning, SL ratio=0.50, EL ratio=0.50
2025-04-08 12:19:49,370 - INFO - In generation 132，New best makespan: 1808.00, source: el
2025-04-08 12:19:49,370 - DEBUG -   [SL->EL] 成功! 用SL最优解1892.00替换EL最差解2000.00, 改进了108.00
2025-04-08 12:19:49,370 - DEBUG -   [EL->SL] 成功添加5个EL解到SL种群
2025-04-08 12:19:49,372 - DEBUG - Updated probability model at iteration 132
2025-04-08 12:19:49,372 - INFO - Iteration 133/500: Phase=hybrid learning, SL ratio=0.50, EL ratio=0.50
2025-04-08 12:19:50,006 - INFO - In generation 133，New best makespan: 1803.00, source: el
2025-04-08 12:19:50,007 - DEBUG -   [SL->EL] 成功! 用SL最优解1908.00替换EL最差解2035.00, 改进了127.00
2025-04-08 12:19:50,007 - DEBUG -   [EL->SL] 成功添加5个EL解到SL种群
2025-04-08 12:19:50,008 - DEBUG - Updated probability model at iteration 133
2025-04-08 12:19:50,008 - INFO - Iteration 134/500: Phase=hybrid learning, SL ratio=0.50, EL ratio=0.50
2025-04-08 12:19:50,657 - INFO - In generation 134，New best makespan: 1802.00, source: el
2025-04-08 12:19:50,658 - DEBUG -   [SL->EL] 成功! 用SL最优解1949.00替换EL最差解1969.00, 改进了20.00
2025-04-08 12:19:50,658 - DEBUG -   [EL->SL] 成功添加5个EL解到SL种群
2025-04-08 12:19:50,659 - DEBUG - Updated probability model at iteration 134
2025-04-08 12:19:50,659 - INFO - Iteration 135/500: Phase=hybrid learning, SL ratio=0.50, EL ratio=0.50
2025-04-08 12:19:51,323 - INFO - In generation 135，New best makespan: 1799.00, source: el
2025-04-08 12:19:51,323 - DEBUG -   [SL->EL] 成功! 用SL最优解1910.00替换EL最差解1980.00, 改进了70.00
2025-04-08 12:19:51,324 - DEBUG -   [EL->SL] 成功添加5个EL解到SL种群
2025-04-08 12:19:51,325 - DEBUG - Updated probability model at iteration 135
2025-04-08 12:19:51,325 - INFO - EL has been consistently better for 5 iterations, adjusting ratios: SL=0.40, EL=0.60
2025-04-08 12:19:51,325 - INFO - Iteration 136/500: Phase=hybrid learning, SL ratio=0.40, EL ratio=0.60
2025-04-08 12:19:52,005 - DEBUG -   [SL->EL] 失败! SL最优解1973.00不如EL最差解1927.00
2025-04-08 12:19:52,006 - DEBUG -   [EL->SL] 成功添加6个EL解到SL种群
2025-04-08 12:19:52,007 - DEBUG - Updated probability model at iteration 136
2025-04-08 12:19:52,007 - INFO - Iteration 137/500: Phase=hybrid learning, SL ratio=0.40, EL ratio=0.60
2025-04-08 12:19:52,672 - INFO - In generation 137，New best makespan: 1793.00, source: el
2025-04-08 12:19:52,673 - DEBUG -   [SL->EL] 成功! 用SL最优解1909.00替换EL最差解1952.00, 改进了43.00
2025-04-08 12:19:52,674 - DEBUG -   [EL->SL] 成功添加6个EL解到SL种群
2025-04-08 12:19:52,674 - DEBUG - Updated probability model at iteration 137
2025-04-08 12:19:52,674 - INFO - Iteration 138/500: Phase=hybrid learning, SL ratio=0.40, EL ratio=0.60
2025-04-08 12:19:53,350 - DEBUG -   [SL->EL] 成功! 用SL最优解1909.00替换EL最差解2069.00, 改进了160.00
2025-04-08 12:19:53,351 - DEBUG -   [EL->SL] 成功添加6个EL解到SL种群
2025-04-08 12:19:53,351 - DEBUG - Updated probability model at iteration 138
2025-04-08 12:19:53,351 - INFO - Iteration 139/500: Phase=hybrid learning, SL ratio=0.40, EL ratio=0.60
2025-04-08 12:19:54,041 - DEBUG -   [SL->EL] 成功! 用SL最优解1882.00替换EL最差解1953.00, 改进了71.00
2025-04-08 12:19:54,042 - DEBUG -   [EL->SL] 成功添加6个EL解到SL种群
2025-04-08 12:19:54,043 - DEBUG - Updated probability model at iteration 139
2025-04-08 12:19:54,043 - INFO - Iteration 140/500: Phase=hybrid learning, SL ratio=0.40, EL ratio=0.60
2025-04-08 12:19:54,716 - INFO - In generation 140，New best makespan: 1782.00, source: el
2025-04-08 12:19:54,718 - DEBUG -   [SL->EL] 成功! 用SL最优解1900.00替换EL最差解1939.00, 改进了39.00
2025-04-08 12:19:54,719 - DEBUG -   [EL->SL] 成功添加6个EL解到SL种群
2025-04-08 12:19:54,719 - DEBUG - Updated probability model at iteration 140
2025-04-08 12:19:54,719 - INFO - EL has been consistently better for 5 iterations, adjusting ratios: SL=0.30, EL=0.70
2025-04-08 12:19:54,719 - INFO - Iteration 141/500: Phase=hybrid learning, SL ratio=0.30, EL ratio=0.70
2025-04-08 12:19:55,451 - INFO - In generation 141，New best makespan: 1781.00, source: el
2025-04-08 12:19:55,452 - DEBUG -   [SL->EL] 成功! 用SL最优解1896.00替换EL最差解1960.00, 改进了64.00
2025-04-08 12:19:55,453 - DEBUG -   [EL->SL] 成功添加7个EL解到SL种群
2025-04-08 12:19:55,454 - DEBUG - Updated probability model at iteration 141
2025-04-08 12:19:55,454 - INFO - Iteration 142/500: Phase=hybrid learning, SL ratio=0.30, EL ratio=0.70
2025-04-08 12:19:56,174 - INFO - In generation 142，New best makespan: 1777.00, source: el
2025-04-08 12:19:56,176 - DEBUG -   [SL->EL] 成功! 用SL最优解1900.00替换EL最差解1966.00, 改进了66.00
2025-04-08 12:19:56,176 - DEBUG -   [EL->SL] 成功添加7个EL解到SL种群
2025-04-08 12:19:56,178 - DEBUG - Updated probability model at iteration 142
2025-04-08 12:19:56,178 - INFO - Iteration 143/500: Phase=hybrid learning, SL ratio=0.30, EL ratio=0.70
2025-04-08 12:19:56,902 - DEBUG -   [SL->EL] 成功! 用SL最优解1879.00替换EL最差解1951.00, 改进了72.00
2025-04-08 12:19:56,903 - DEBUG -   [EL->SL] 成功添加7个EL解到SL种群
2025-04-08 12:19:56,904 - DEBUG - Updated probability model at iteration 143
2025-04-08 12:19:56,904 - INFO - Iteration 144/500: Phase=hybrid learning, SL ratio=0.30, EL ratio=0.70
2025-04-08 12:19:57,640 - DEBUG -   [SL->EL] 成功! 用SL最优解1899.00替换EL最差解2008.00, 改进了109.00
2025-04-08 12:19:57,641 - DEBUG -   [EL->SL] 成功添加7个EL解到SL种群
2025-04-08 12:19:57,642 - DEBUG - Updated probability model at iteration 144
2025-04-08 12:19:57,642 - INFO - Iteration 145/500: Phase=hybrid learning, SL ratio=0.30, EL ratio=0.70
2025-04-08 12:19:58,389 - INFO - In generation 145，New best makespan: 1776.00, source: el
2025-04-08 12:19:58,390 - DEBUG -   [SL->EL] 成功! 用SL最优解1914.00替换EL最差解1955.00, 改进了41.00
2025-04-08 12:19:58,391 - DEBUG -   [EL->SL] 成功添加7个EL解到SL种群
2025-04-08 12:19:58,391 - DEBUG - Updated probability model at iteration 145
2025-04-08 12:19:58,391 - INFO - EL has been consistently better for 5 iterations, adjusting ratios: SL=0.20, EL=0.80
2025-04-08 12:19:58,392 - INFO - Iteration 146/500: Phase=hybrid learning, SL ratio=0.20, EL ratio=0.80
2025-04-08 12:19:59,163 - INFO - In generation 146，New best makespan: 1773.00, source: el
2025-04-08 12:19:59,164 - DEBUG -   [SL->EL] 成功! 用SL最优解1863.00替换EL最差解1995.00, 改进了132.00
2025-04-08 12:19:59,164 - DEBUG -   [EL->SL] 成功添加8个EL解到SL种群
2025-04-08 12:19:59,166 - DEBUG - Updated probability model at iteration 146
2025-04-08 12:19:59,166 - INFO - Iteration 147/500: Phase=hybrid learning, SL ratio=0.20, EL ratio=0.80
2025-04-08 12:19:59,922 - INFO - In generation 147，New best makespan: 1771.00, source: el
2025-04-08 12:19:59,922 - DEBUG -   [SL->EL] 成功! 用SL最优解1925.00替换EL最差解1939.00, 改进了14.00
2025-04-08 12:19:59,923 - DEBUG -   [EL->SL] 成功添加8个EL解到SL种群
2025-04-08 12:19:59,923 - DEBUG - Updated probability model at iteration 147
2025-04-08 12:19:59,923 - INFO - Iteration 148/500: Phase=hybrid learning, SL ratio=0.20, EL ratio=0.80
2025-04-08 12:20:00,657 - INFO - In generation 148，New best makespan: 1765.00, source: el
2025-04-08 12:20:00,657 - DEBUG -   [SL->EL] 成功! 用SL最优解1893.00替换EL最差解1987.00, 改进了94.00
2025-04-08 12:20:00,659 - DEBUG -   [EL->SL] 成功添加8个EL解到SL种群
2025-04-08 12:20:00,659 - DEBUG - Updated probability model at iteration 148
2025-04-08 12:20:00,659 - INFO - Iteration 149/500: Phase=hybrid learning, SL ratio=0.20, EL ratio=0.80
2025-04-08 12:20:01,408 - DEBUG -   [SL->EL] 成功! 用SL最优解1918.00替换EL最差解1961.00, 改进了43.00
2025-04-08 12:20:01,409 - DEBUG -   [EL->SL] 成功添加8个EL解到SL种群
2025-04-08 12:20:01,410 - DEBUG - Updated probability model at iteration 149
2025-04-08 12:20:01,410 - INFO - Iteration 150/500: Phase=hybrid learning, SL ratio=0.20, EL ratio=0.80
2025-04-08 12:20:02,205 - INFO - In generation 150，New best makespan: 1764.00, source: el
2025-04-08 12:20:02,205 - DEBUG -   [SL->EL] 成功! 用SL最优解1915.00替换EL最差解1954.00, 改进了39.00
2025-04-08 12:20:02,206 - DEBUG -   [EL->SL] 成功添加8个EL解到SL种群
2025-04-08 12:20:02,207 - DEBUG - Updated probability model at iteration 150
2025-04-08 12:20:02,207 - INFO - EL has been consistently better for 5 iterations, adjusting ratios: SL=0.10, EL=0.90
2025-04-08 12:20:02,208 - INFO - Iteration 151/500: Phase=hybrid learning, SL ratio=0.10, EL ratio=0.90
2025-04-08 12:20:02,991 - INFO - In generation 151，New best makespan: 1757.00, source: el
2025-04-08 12:20:02,991 - DEBUG -   [SL->EL] 成功! 用SL最优解1890.00替换EL最差解1916.00, 改进了26.00
2025-04-08 12:20:02,992 - DEBUG -   [EL->SL] 成功添加9个EL解到SL种群
2025-04-08 12:20:02,993 - DEBUG - Updated probability model at iteration 151
2025-04-08 12:20:02,993 - INFO - Iteration 152/500: Phase=hybrid learning, SL ratio=0.10, EL ratio=0.90
2025-04-08 12:20:03,776 - DEBUG -   [SL->EL] 成功! 用SL最优解1922.00替换EL最差解1939.00, 改进了17.00
2025-04-08 12:20:03,778 - DEBUG -   [EL->SL] 成功添加9个EL解到SL种群
2025-04-08 12:20:03,779 - DEBUG - Updated probability model at iteration 152
2025-04-08 12:20:03,779 - INFO - Iteration 153/500: Phase=hybrid learning, SL ratio=0.10, EL ratio=0.90
2025-04-08 12:20:04,573 - DEBUG -   [SL->EL] 成功! 用SL最优解1876.00替换EL最差解1913.00, 改进了37.00
2025-04-08 12:20:04,575 - DEBUG -   [EL->SL] 成功添加9个EL解到SL种群
2025-04-08 12:20:04,575 - DEBUG - Updated probability model at iteration 153
2025-04-08 12:20:04,575 - INFO - Iteration 154/500: Phase=hybrid learning, SL ratio=0.10, EL ratio=0.90
2025-04-08 12:20:05,375 - INFO - In generation 154，New best makespan: 1755.00, source: el
2025-04-08 12:20:05,375 - DEBUG -   [SL->EL] 成功! 用SL最优解1887.00替换EL最差解1934.00, 改进了47.00
2025-04-08 12:20:05,376 - DEBUG -   [EL->SL] 成功添加9个EL解到SL种群
2025-04-08 12:20:05,376 - DEBUG - Updated probability model at iteration 154
2025-04-08 12:20:05,376 - INFO - Iteration 155/500: Phase=hybrid learning, SL ratio=0.10, EL ratio=0.90
2025-04-08 12:20:06,179 - DEBUG -   [SL->EL] 成功! 用SL最优解1890.00替换EL最差解1898.00, 改进了8.00
2025-04-08 12:20:06,180 - DEBUG -   [EL->SL] 成功添加9个EL解到SL种群
2025-04-08 12:20:06,180 - DEBUG - Updated probability model at iteration 155
2025-04-08 12:20:06,180 - INFO - EL has been consistently better for 5 iterations, adjusting ratios: SL=0.10, EL=0.90
2025-04-08 12:20:06,182 - INFO - Iteration 156/500: Phase=hybrid learning, SL ratio=0.10, EL ratio=0.90
2025-04-08 12:20:06,979 - INFO - In generation 156，New best makespan: 1753.00, source: el
2025-04-08 12:20:06,980 - DEBUG -   [SL->EL] 失败! SL最优解1900.00不如EL最差解1899.00
2025-04-08 12:20:06,982 - DEBUG -   [EL->SL] 成功添加9个EL解到SL种群
2025-04-08 12:20:06,983 - DEBUG - Updated probability model at iteration 156
2025-04-08 12:20:06,983 - INFO - Iteration 157/500: Phase=hybrid learning, SL ratio=0.10, EL ratio=0.90
2025-04-08 12:20:07,794 - INFO - In generation 157，New best makespan: 1749.00, source: el
2025-04-08 12:20:07,795 - DEBUG -   [SL->EL] 失败! SL最优解1945.00不如EL最差解1890.00
2025-04-08 12:20:07,797 - DEBUG -   [EL->SL] 成功添加9个EL解到SL种群
2025-04-08 12:20:07,797 - DEBUG - Updated probability model at iteration 157
2025-04-08 12:20:07,797 - INFO - Iteration 158/500: Phase=hybrid learning, SL ratio=0.10, EL ratio=0.90
2025-04-08 12:20:08,593 - INFO - In generation 158，New best makespan: 1737.00, source: el
2025-04-08 12:20:08,593 - DEBUG -   [SL->EL] 成功! 用SL最优解1899.00替换EL最差解1906.00, 改进了7.00
2025-04-08 12:20:08,595 - DEBUG -   [EL->SL] 成功添加9个EL解到SL种群
2025-04-08 12:20:08,595 - DEBUG - Updated probability model at iteration 158
2025-04-08 12:20:08,595 - INFO - Iteration 159/500: Phase=hybrid learning, SL ratio=0.10, EL ratio=0.90
2025-04-08 12:20:09,397 - DEBUG -   [SL->EL] 成功! 用SL最优解1905.00替换EL最差解1943.00, 改进了38.00
2025-04-08 12:20:09,397 - DEBUG -   [EL->SL] 成功添加9个EL解到SL种群
2025-04-08 12:20:09,399 - DEBUG - Updated probability model at iteration 159
2025-04-08 12:20:09,399 - INFO - Iteration 160/500: Phase=hybrid learning, SL ratio=0.10, EL ratio=0.90
2025-04-08 12:20:10,205 - DEBUG -   [SL->EL] 成功! 用SL最优解1875.00替换EL最差解1884.00, 改进了9.00
2025-04-08 12:20:10,207 - DEBUG -   [EL->SL] 成功添加9个EL解到SL种群
2025-04-08 12:20:10,207 - DEBUG - Updated probability model at iteration 160
2025-04-08 12:20:10,207 - INFO - EL has been consistently better for 5 iterations, adjusting ratios: SL=0.10, EL=0.90
2025-04-08 12:20:10,208 - INFO - Iteration 161/500: Phase=hybrid learning, SL ratio=0.10, EL ratio=0.90
2025-04-08 12:20:10,992 - DEBUG -   [SL->EL] 失败! SL最优解1899.00不如EL最差解1894.00
2025-04-08 12:20:10,994 - DEBUG -   [EL->SL] 成功添加9个EL解到SL种群
2025-04-08 12:20:10,994 - DEBUG - Updated probability model at iteration 161
2025-04-08 12:20:10,994 - INFO - Iteration 162/500: Phase=hybrid learning, SL ratio=0.10, EL ratio=0.90
2025-04-08 12:20:11,797 - INFO - In generation 162，New best makespan: 1723.00, source: el
2025-04-08 12:20:11,797 - DEBUG -   [SL->EL] 成功! 用SL最优解1895.00替换EL最差解1932.00, 改进了37.00
2025-04-08 12:20:11,799 - DEBUG -   [EL->SL] 成功添加9个EL解到SL种群
2025-04-08 12:20:11,800 - DEBUG - Updated probability model at iteration 162
2025-04-08 12:20:11,800 - INFO - Iteration 163/500: Phase=hybrid learning, SL ratio=0.10, EL ratio=0.90
2025-04-08 12:20:12,615 - DEBUG -   [SL->EL] 失败! SL最优解1931.00不如EL最差解1857.00
2025-04-08 12:20:12,617 - DEBUG -   [EL->SL] 成功添加9个EL解到SL种群
2025-04-08 12:20:12,617 - DEBUG - Updated probability model at iteration 163
2025-04-08 12:20:12,617 - INFO - Iteration 164/500: Phase=hybrid learning, SL ratio=0.10, EL ratio=0.90
2025-04-08 12:20:13,395 - DEBUG -   [SL->EL] 失败! SL最优解1902.00不如EL最差解1874.00
2025-04-08 12:20:13,397 - DEBUG -   [EL->SL] 成功添加9个EL解到SL种群
2025-04-08 12:20:13,397 - DEBUG - Updated probability model at iteration 164
2025-04-08 12:20:13,397 - INFO - Iteration 165/500: Phase=hybrid learning, SL ratio=0.10, EL ratio=0.90
2025-04-08 12:20:14,199 - INFO - In generation 165，New best makespan: 1722.00, source: el
2025-04-08 12:20:14,200 - DEBUG -   [SL->EL] 成功! 用SL最优解1840.00替换EL最差解1852.00, 改进了12.00
2025-04-08 12:20:14,202 - DEBUG -   [EL->SL] 成功添加9个EL解到SL种群
2025-04-08 12:20:14,202 - DEBUG - Updated probability model at iteration 165
2025-04-08 12:20:14,202 - INFO - EL has been consistently better for 5 iterations, adjusting ratios: SL=0.10, EL=0.90
2025-04-08 12:20:14,202 - INFO - Iteration 166/500: Phase=hybrid learning, SL ratio=0.10, EL ratio=0.90
2025-04-08 12:20:14,993 - INFO - In generation 166，New best makespan: 1719.00, source: el
2025-04-08 12:20:14,994 - DEBUG -   [SL->EL] 成功! 用SL最优解1861.00替换EL最差解1924.00, 改进了63.00
2025-04-08 12:20:14,995 - DEBUG -   [EL->SL] 成功添加9个EL解到SL种群
2025-04-08 12:20:14,995 - DEBUG - Updated probability model at iteration 166
2025-04-08 12:20:14,995 - INFO - Iteration 167/500: Phase=hybrid learning, SL ratio=0.10, EL ratio=0.90
2025-04-08 12:20:15,816 - DEBUG -   [SL->EL] 失败! SL最优解1912.00不如EL最差解1888.00
2025-04-08 12:20:15,818 - DEBUG -   [EL->SL] 成功添加9个EL解到SL种群
2025-04-08 12:20:15,818 - DEBUG - Updated probability model at iteration 167
2025-04-08 12:20:15,818 - INFO - Iteration 168/500: Phase=hybrid learning, SL ratio=0.10, EL ratio=0.90
2025-04-08 12:20:16,627 - INFO - In generation 168，New best makespan: 1711.00, source: el
2025-04-08 12:20:16,627 - DEBUG -   [SL->EL] 成功! 用SL最优解1868.00替换EL最差解1907.00, 改进了39.00
2025-04-08 12:20:16,628 - DEBUG -   [EL->SL] 成功添加9个EL解到SL种群
2025-04-08 12:20:16,628 - DEBUG - Updated probability model at iteration 168
2025-04-08 12:20:16,628 - INFO - Iteration 169/500: Phase=hybrid learning, SL ratio=0.10, EL ratio=0.90
2025-04-08 12:20:17,411 - DEBUG -   [SL->EL] 失败! SL最优解1927.00不如EL最差解1858.00
2025-04-08 12:20:17,412 - DEBUG -   [EL->SL] 成功添加9个EL解到SL种群
2025-04-08 12:20:17,412 - DEBUG - Updated probability model at iteration 169
2025-04-08 12:20:17,412 - INFO - Iteration 170/500: Phase=hybrid learning, SL ratio=0.10, EL ratio=0.90
2025-04-08 12:20:18,200 - DEBUG -   [SL->EL] 成功! 用SL最优解1807.00替换EL最差解1870.00, 改进了63.00
2025-04-08 12:20:18,201 - DEBUG -   [EL->SL] 成功添加9个EL解到SL种群
2025-04-08 12:20:18,202 - DEBUG - Updated probability model at iteration 170
2025-04-08 12:20:18,202 - INFO - EL has been consistently better for 5 iterations, adjusting ratios: SL=0.10, EL=0.90
2025-04-08 12:20:18,202 - INFO - Iteration 171/500: Phase=hybrid learning, SL ratio=0.10, EL ratio=0.90
2025-04-08 12:20:18,995 - DEBUG -   [SL->EL] 成功! 用SL最优解1848.00替换EL最差解1858.00, 改进了10.00
2025-04-08 12:20:18,995 - DEBUG -   [EL->SL] 成功添加9个EL解到SL种群
2025-04-08 12:20:18,997 - DEBUG - Updated probability model at iteration 171
2025-04-08 12:20:18,997 - INFO - Iteration 172/500: Phase=hybrid learning, SL ratio=0.10, EL ratio=0.90
2025-04-08 12:20:19,808 - INFO - In generation 172，New best makespan: 1705.00, source: el
2025-04-08 12:20:19,809 - DEBUG -   [SL->EL] 成功! 用SL最优解1882.00替换EL最差解1898.00, 改进了16.00
2025-04-08 12:20:19,810 - DEBUG -   [EL->SL] 成功添加9个EL解到SL种群
2025-04-08 12:20:19,810 - DEBUG - Updated probability model at iteration 172
2025-04-08 12:20:19,810 - INFO - Iteration 173/500: Phase=hybrid learning, SL ratio=0.10, EL ratio=0.90
2025-04-08 12:20:20,621 - DEBUG -   [SL->EL] 成功! 用SL最优解1758.00替换EL最差解1825.00, 改进了67.00
2025-04-08 12:20:20,623 - DEBUG -   [EL->SL] 成功添加9个EL解到SL种群
2025-04-08 12:20:20,623 - DEBUG - Updated probability model at iteration 173
2025-04-08 12:20:20,623 - INFO - Iteration 174/500: Phase=hybrid learning, SL ratio=0.10, EL ratio=0.90
2025-04-08 12:20:21,412 - INFO - In generation 174，New best makespan: 1701.00, source: el
2025-04-08 12:20:21,412 - DEBUG -   [SL->EL] 成功! 用SL最优解1899.00替换EL最差解1916.00, 改进了17.00
2025-04-08 12:20:21,414 - DEBUG -   [EL->SL] 成功添加9个EL解到SL种群
2025-04-08 12:20:21,414 - DEBUG - Updated probability model at iteration 174
2025-04-08 12:20:21,416 - INFO - Iteration 175/500: Phase=hybrid learning, SL ratio=0.10, EL ratio=0.90
2025-04-08 12:20:22,205 - DEBUG -   [SL->EL] 成功! 用SL最优解1815.00替换EL最差解1841.00, 改进了26.00
2025-04-08 12:20:22,207 - DEBUG -   [EL->SL] 成功添加9个EL解到SL种群
2025-04-08 12:20:22,207 - DEBUG - Updated probability model at iteration 175
2025-04-08 12:20:22,207 - INFO - EL has been consistently better for 5 iterations, adjusting ratios: SL=0.10, EL=0.90
2025-04-08 12:20:22,207 - INFO - Iteration 176/500: Phase=hybrid learning, SL ratio=0.10, EL ratio=0.90
2025-04-08 12:20:23,006 - DEBUG -   [SL->EL] 成功! 用SL最优解1894.00替换EL最差解2004.00, 改进了110.00
2025-04-08 12:20:23,008 - DEBUG -   [EL->SL] 成功添加9个EL解到SL种群
2025-04-08 12:20:23,008 - DEBUG - Updated probability model at iteration 176
2025-04-08 12:20:23,008 - INFO - Iteration 177/500: Phase=hybrid learning, SL ratio=0.10, EL ratio=0.90
2025-04-08 12:20:23,812 - INFO - In generation 177，New best makespan: 1698.00, source: el
2025-04-08 12:20:23,812 - DEBUG -   [SL->EL] 成功! 用SL最优解1811.00替换EL最差解1866.00, 改进了55.00
2025-04-08 12:20:23,813 - DEBUG -   [EL->SL] 成功添加9个EL解到SL种群
2025-04-08 12:20:23,813 - DEBUG - Updated probability model at iteration 177
2025-04-08 12:20:23,813 - INFO - Iteration 178/500: Phase=hybrid learning, SL ratio=0.10, EL ratio=0.90
2025-04-08 12:20:24,629 - DEBUG -   [SL->EL] 成功! 用SL最优解1832.00替换EL最差解1873.00, 改进了41.00
2025-04-08 12:20:24,630 - DEBUG -   [EL->SL] 成功添加9个EL解到SL种群
2025-04-08 12:20:24,631 - DEBUG - Updated probability model at iteration 178
2025-04-08 12:20:24,631 - INFO - Iteration 179/500: Phase=hybrid learning, SL ratio=0.10, EL ratio=0.90
2025-04-08 12:20:25,476 - INFO - In generation 179，New best makespan: 1696.00, source: el
2025-04-08 12:20:25,476 - DEBUG -   [SL->EL] 成功! 用SL最优解1873.00替换EL最差解1880.00, 改进了7.00
2025-04-08 12:20:25,478 - DEBUG -   [EL->SL] 成功添加9个EL解到SL种群
2025-04-08 12:20:25,478 - DEBUG - Updated probability model at iteration 179
2025-04-08 12:20:25,478 - INFO - Iteration 180/500: Phase=hybrid learning, SL ratio=0.10, EL ratio=0.90
2025-04-08 12:20:26,279 - DEBUG -   [SL->EL] 成功! 用SL最优解1842.00替换EL最差解1880.00, 改进了38.00
2025-04-08 12:20:26,281 - DEBUG -   [EL->SL] 成功添加9个EL解到SL种群
2025-04-08 12:20:26,281 - DEBUG - Updated probability model at iteration 180
2025-04-08 12:20:26,281 - INFO - EL has been consistently better for 5 iterations, adjusting ratios: SL=0.10, EL=0.90
2025-04-08 12:20:26,281 - INFO - Iteration 181/500: Phase=hybrid learning, SL ratio=0.10, EL ratio=0.90
2025-04-08 12:20:27,088 - INFO - In generation 181，New best makespan: 1695.00, source: el
2025-04-08 12:20:27,088 - DEBUG -   [SL->EL] 成功! 用SL最优解1814.00替换EL最差解1914.00, 改进了100.00
2025-04-08 12:20:27,090 - DEBUG -   [EL->SL] 成功添加9个EL解到SL种群
2025-04-08 12:20:27,090 - DEBUG - Updated probability model at iteration 181
2025-04-08 12:20:27,090 - INFO - Iteration 182/500: Phase=hybrid learning, SL ratio=0.10, EL ratio=0.90
2025-04-08 12:20:27,883 - INFO - In generation 182，New best makespan: 1690.00, source: el
2025-04-08 12:20:27,883 - DEBUG -   [SL->EL] 成功! 用SL最优解1859.00替换EL最差解1865.00, 改进了6.00
2025-04-08 12:20:27,884 - DEBUG -   [EL->SL] 成功添加9个EL解到SL种群
2025-04-08 12:20:27,885 - DEBUG - Updated probability model at iteration 182
2025-04-08 12:20:27,885 - INFO - Iteration 183/500: Phase=hybrid learning, SL ratio=0.10, EL ratio=0.90
2025-04-08 12:20:28,682 - DEBUG -   [SL->EL] 成功! 用SL最优解1858.00替换EL最差解1940.00, 改进了82.00
2025-04-08 12:20:28,683 - DEBUG -   [EL->SL] 成功添加9个EL解到SL种群
2025-04-08 12:20:28,683 - DEBUG - Updated probability model at iteration 183
2025-04-08 12:20:28,684 - INFO - Iteration 184/500: Phase=hybrid learning, SL ratio=0.10, EL ratio=0.90
2025-04-08 12:20:29,471 - DEBUG -   [SL->EL] 失败! SL最优解1934.00不如EL最差解1910.00
2025-04-08 12:20:29,472 - DEBUG -   [EL->SL] 成功添加9个EL解到SL种群
2025-04-08 12:20:29,472 - DEBUG - Updated probability model at iteration 184
2025-04-08 12:20:29,472 - INFO - Iteration 185/500: Phase=hybrid learning, SL ratio=0.10, EL ratio=0.90
2025-04-08 12:20:30,274 - INFO - In generation 185，New best makespan: 1689.00, source: el
2025-04-08 12:20:30,274 - DEBUG -   [SL->EL] 失败! SL最优解1902.00不如EL最差解1850.00
2025-04-08 12:20:30,276 - DEBUG -   [EL->SL] 成功添加9个EL解到SL种群
2025-04-08 12:20:30,276 - DEBUG - Updated probability model at iteration 185
2025-04-08 12:20:30,276 - INFO - EL has been consistently better for 5 iterations, adjusting ratios: SL=0.10, EL=0.90
2025-04-08 12:20:30,276 - INFO - Iteration 186/500: Phase=hybrid learning, SL ratio=0.10, EL ratio=0.90
2025-04-08 12:20:31,067 - DEBUG -   [SL->EL] 失败! SL最优解1874.00不如EL最差解1820.00
2025-04-08 12:20:31,068 - DEBUG -   [EL->SL] 成功添加9个EL解到SL种群
2025-04-08 12:20:31,068 - DEBUG - Updated probability model at iteration 186
2025-04-08 12:20:31,069 - INFO - Iteration 187/500: Phase=hybrid learning, SL ratio=0.10, EL ratio=0.90
2025-04-08 12:20:31,869 - DEBUG -   [SL->EL] 失败! SL最优解1862.00不如EL最差解1808.00
2025-04-08 12:20:31,871 - DEBUG -   [EL->SL] 成功添加9个EL解到SL种群
2025-04-08 12:20:31,871 - DEBUG - Updated probability model at iteration 187
2025-04-08 12:20:31,871 - INFO - Iteration 188/500: Phase=hybrid learning, SL ratio=0.10, EL ratio=0.90
2025-04-08 12:20:32,685 - INFO - In generation 188，New best makespan: 1685.00, source: el
2025-04-08 12:20:32,686 - DEBUG -   [SL->EL] 成功! 用SL最优解1798.00替换EL最差解1879.00, 改进了81.00
2025-04-08 12:20:32,687 - DEBUG -   [EL->SL] 成功添加9个EL解到SL种群
2025-04-08 12:20:32,687 - DEBUG - Updated probability model at iteration 188
2025-04-08 12:20:32,688 - INFO - Iteration 189/500: Phase=hybrid learning, SL ratio=0.10, EL ratio=0.90
2025-04-08 12:20:33,476 - DEBUG -   [SL->EL] 成功! 用SL最优解1867.00替换EL最差解1926.00, 改进了59.00
2025-04-08 12:20:33,478 - DEBUG -   [EL->SL] 成功添加9个EL解到SL种群
2025-04-08 12:20:33,479 - DEBUG - Updated probability model at iteration 189
2025-04-08 12:20:33,479 - INFO - Iteration 190/500: Phase=hybrid learning, SL ratio=0.10, EL ratio=0.90
2025-04-08 12:20:34,273 - DEBUG -   [SL->EL] 失败! SL最优解1854.00不如EL最差解1837.00
2025-04-08 12:20:34,274 - DEBUG -   [EL->SL] 成功添加9个EL解到SL种群
2025-04-08 12:20:34,275 - DEBUG - Updated probability model at iteration 190
2025-04-08 12:20:34,275 - INFO - EL has been consistently better for 5 iterations, adjusting ratios: SL=0.10, EL=0.90
2025-04-08 12:20:34,275 - INFO - Iteration 191/500: Phase=hybrid learning, SL ratio=0.10, EL ratio=0.90
2025-04-08 12:20:35,083 - DEBUG -   [SL->EL] 成功! 用SL最优解1821.00替换EL最差解1831.00, 改进了10.00
2025-04-08 12:20:35,083 - DEBUG -   [EL->SL] 成功添加9个EL解到SL种群
2025-04-08 12:20:35,084 - DEBUG - Updated probability model at iteration 191
2025-04-08 12:20:35,084 - INFO - Iteration 192/500: Phase=hybrid learning, SL ratio=0.10, EL ratio=0.90
2025-04-08 12:20:35,876 - INFO - In generation 192，New best makespan: 1684.00, source: el
2025-04-08 12:20:35,876 - DEBUG -   [SL->EL] 失败! SL最优解1879.00不如EL最差解1846.00
2025-04-08 12:20:35,878 - DEBUG -   [EL->SL] 成功添加9个EL解到SL种群
2025-04-08 12:20:35,879 - DEBUG - Updated probability model at iteration 192
2025-04-08 12:20:35,879 - INFO - Iteration 193/500: Phase=hybrid learning, SL ratio=0.10, EL ratio=0.90
2025-04-08 12:20:36,686 - DEBUG -   [SL->EL] 成功! 用SL最优解1880.00替换EL最差解1906.00, 改进了26.00
2025-04-08 12:20:36,688 - DEBUG -   [EL->SL] 成功添加9个EL解到SL种群
2025-04-08 12:20:36,688 - DEBUG - Updated probability model at iteration 193
2025-04-08 12:20:36,688 - INFO - Iteration 194/500: Phase=hybrid learning, SL ratio=0.10, EL ratio=0.90
2025-04-08 12:20:37,494 - INFO - In generation 194，New best makespan: 1681.00, source: el
2025-04-08 12:20:37,494 - DEBUG -   [SL->EL] 失败! SL最优解1848.00不如EL最差解1835.00
2025-04-08 12:20:37,495 - DEBUG -   [EL->SL] 成功添加9个EL解到SL种群
2025-04-08 12:20:37,496 - DEBUG - Updated probability model at iteration 194
2025-04-08 12:20:37,496 - INFO - Iteration 195/500: Phase=hybrid learning, SL ratio=0.10, EL ratio=0.90
2025-04-08 12:20:38,270 - INFO - In generation 195，New best makespan: 1679.00, source: el
2025-04-08 12:20:38,270 - DEBUG -   [SL->EL] 失败! SL最优解1836.00不如EL最差解1825.00
2025-04-08 12:20:38,272 - DEBUG -   [EL->SL] 成功添加9个EL解到SL种群
2025-04-08 12:20:38,273 - DEBUG - Updated probability model at iteration 195
2025-04-08 12:20:38,273 - INFO - EL has been consistently better for 5 iterations, adjusting ratios: SL=0.10, EL=0.90
2025-04-08 12:20:38,273 - INFO - Iteration 196/500: Phase=hybrid learning, SL ratio=0.10, EL ratio=0.90
2025-04-08 12:20:39,076 - INFO - In generation 196，New best makespan: 1677.00, source: el
2025-04-08 12:20:39,077 - DEBUG -   [SL->EL] 成功! 用SL最优解1835.00替换EL最差解1871.00, 改进了36.00
2025-04-08 12:20:39,078 - DEBUG -   [EL->SL] 成功添加9个EL解到SL种群
2025-04-08 12:20:39,079 - DEBUG - Updated probability model at iteration 196
2025-04-08 12:20:39,079 - INFO - Iteration 197/500: Phase=hybrid learning, SL ratio=0.10, EL ratio=0.90
2025-04-08 12:20:39,868 - DEBUG -   [SL->EL] 失败! SL最优解1869.00不如EL最差解1869.00
2025-04-08 12:20:39,869 - DEBUG -   [EL->SL] 成功添加9个EL解到SL种群
2025-04-08 12:20:39,870 - DEBUG - Updated probability model at iteration 197
2025-04-08 12:20:39,870 - INFO - Iteration 198/500: Phase=hybrid learning, SL ratio=0.10, EL ratio=0.90
2025-04-08 12:20:40,660 - DEBUG -   [SL->EL] 失败! SL最优解1861.00不如EL最差解1837.00
2025-04-08 12:20:40,662 - DEBUG -   [EL->SL] 成功添加9个EL解到SL种群
2025-04-08 12:20:40,662 - DEBUG - Updated probability model at iteration 198
2025-04-08 12:20:40,662 - INFO - Iteration 199/500: Phase=hybrid learning, SL ratio=0.10, EL ratio=0.90
2025-04-08 12:20:41,464 - INFO - In generation 199，New best makespan: 1675.00, source: el
2025-04-08 12:20:41,464 - DEBUG -   [SL->EL] 失败! SL最优解1896.00不如EL最差解1830.00
2025-04-08 12:20:41,465 - DEBUG -   [EL->SL] 成功添加9个EL解到SL种群
2025-04-08 12:20:41,465 - DEBUG - Updated probability model at iteration 199
2025-04-08 12:20:41,465 - INFO - Iteration 200/500: Phase=hybrid learning, SL ratio=0.10, EL ratio=0.90
2025-04-08 12:20:42,243 - DEBUG -   [SL->EL] 失败! SL最优解1834.00不如EL最差解1791.00
2025-04-08 12:20:42,245 - DEBUG -   [EL->SL] 成功添加9个EL解到SL种群
2025-04-08 12:20:42,245 - DEBUG - Updated probability model at iteration 200
2025-04-08 12:20:42,245 - INFO - EL has been consistently better for 5 iterations, adjusting ratios: SL=0.10, EL=0.90
2025-04-08 12:20:42,245 - INFO - Iteration 201/500: Phase=hybrid learning, SL ratio=0.10, EL ratio=0.90
2025-04-08 12:20:43,057 - INFO - In generation 201，New best makespan: 1674.00, source: el
2025-04-08 12:20:43,057 - DEBUG -   [SL->EL] 失败! SL最优解1911.00不如EL最差解1844.00
2025-04-08 12:20:43,058 - DEBUG -   [EL->SL] 成功添加9个EL解到SL种群
2025-04-08 12:20:43,058 - DEBUG - Updated probability model at iteration 201
2025-04-08 12:20:43,058 - INFO - Iteration 202/500: Phase=hybrid learning, SL ratio=0.10, EL ratio=0.90
2025-04-08 12:20:43,852 - INFO - In generation 202，New best makespan: 1671.00, source: el
2025-04-08 12:20:43,852 - DEBUG -   [SL->EL] 成功! 用SL最优解1809.00替换EL最差解1810.00, 改进了1.00
2025-04-08 12:20:43,854 - DEBUG -   [EL->SL] 成功添加9个EL解到SL种群
2025-04-08 12:20:43,854 - DEBUG - Updated probability model at iteration 202
2025-04-08 12:20:43,854 - INFO - Iteration 203/500: Phase=hybrid learning, SL ratio=0.10, EL ratio=0.90
2025-04-08 12:20:44,677 - DEBUG -   [SL->EL] 成功! 用SL最优解1865.00替换EL最差解1872.00, 改进了7.00
2025-04-08 12:20:44,679 - DEBUG -   [EL->SL] 成功添加9个EL解到SL种群
2025-04-08 12:20:44,679 - DEBUG - Updated probability model at iteration 203
2025-04-08 12:20:44,679 - INFO - Iteration 204/500: Phase=hybrid learning, SL ratio=0.10, EL ratio=0.90
2025-04-08 12:20:45,462 - DEBUG -   [SL->EL] 失败! SL最优解1863.00不如EL最差解1838.00
2025-04-08 12:20:45,464 - DEBUG -   [EL->SL] 成功添加9个EL解到SL种群
2025-04-08 12:20:45,464 - DEBUG - Updated probability model at iteration 204
2025-04-08 12:20:45,464 - INFO - Iteration 205/500: Phase=hybrid learning, SL ratio=0.10, EL ratio=0.90
2025-04-08 12:20:46,270 - INFO - In generation 205，New best makespan: 1670.00, source: el
2025-04-08 12:20:46,271 - DEBUG -   [SL->EL] 成功! 用SL最优解1738.00替换EL最差解1774.00, 改进了36.00
2025-04-08 12:20:46,272 - DEBUG -   [EL->SL] 成功添加9个EL解到SL种群
2025-04-08 12:20:46,272 - DEBUG - Updated probability model at iteration 205
2025-04-08 12:20:46,272 - INFO - EL has been consistently better for 5 iterations, adjusting ratios: SL=0.10, EL=0.90
2025-04-08 12:20:46,272 - INFO - Iteration 206/500: Phase=hybrid learning, SL ratio=0.10, EL ratio=0.90
2025-04-08 12:20:47,055 - INFO - In generation 206，New best makespan: 1669.00, source: el
2025-04-08 12:20:47,055 - DEBUG -   [SL->EL] 成功! 用SL最优解1786.00替换EL最差解1822.00, 改进了36.00
2025-04-08 12:20:47,057 - DEBUG -   [EL->SL] 成功添加9个EL解到SL种群
2025-04-08 12:20:47,057 - DEBUG - Updated probability model at iteration 206
2025-04-08 12:20:47,057 - INFO - Iteration 207/500: Phase=hybrid learning, SL ratio=0.10, EL ratio=0.90
2025-04-08 12:20:47,873 - DEBUG -   [SL->EL] 成功! 用SL最优解1816.00替换EL最差解1879.00, 改进了63.00
2025-04-08 12:20:47,874 - DEBUG -   [EL->SL] 成功添加9个EL解到SL种群
2025-04-08 12:20:47,874 - DEBUG - Updated probability model at iteration 207
2025-04-08 12:20:47,874 - INFO - Iteration 208/500: Phase=hybrid learning, SL ratio=0.10, EL ratio=0.90
2025-04-08 12:20:48,628 - DEBUG -   [SL->EL] 成功! 用SL最优解1810.00替换EL最差解1872.00, 改进了62.00
2025-04-08 12:20:48,629 - DEBUG -   [EL->SL] 成功添加9个EL解到SL种群
2025-04-08 12:20:48,629 - DEBUG - Updated probability model at iteration 208
2025-04-08 12:20:48,629 - INFO - Iteration 209/500: Phase=hybrid learning, SL ratio=0.10, EL ratio=0.90
2025-04-08 12:20:49,441 - INFO - In generation 209，New best makespan: 1668.00, source: el
2025-04-08 12:20:49,442 - DEBUG -   [SL->EL] 失败! SL最优解1854.00不如EL最差解1837.00
2025-04-08 12:20:49,443 - DEBUG -   [EL->SL] 成功添加9个EL解到SL种群
2025-04-08 12:20:49,443 - DEBUG - Updated probability model at iteration 209
2025-04-08 12:20:49,443 - INFO - Iteration 210/500: Phase=hybrid learning, SL ratio=0.10, EL ratio=0.90
2025-04-08 12:20:50,256 - DEBUG -   [SL->EL] 成功! 用SL最优解1827.00替换EL最差解1841.00, 改进了14.00
2025-04-08 12:20:50,258 - DEBUG -   [EL->SL] 成功添加9个EL解到SL种群
2025-04-08 12:20:50,258 - DEBUG - Updated probability model at iteration 210
2025-04-08 12:20:50,258 - INFO - EL has been consistently better for 5 iterations, adjusting ratios: SL=0.10, EL=0.90
2025-04-08 12:20:50,258 - INFO - Iteration 211/500: Phase=hybrid learning, SL ratio=0.10, EL ratio=0.90
2025-04-08 12:20:51,068 - DEBUG -   [SL->EL] 失败! SL最优解1875.00不如EL最差解1854.00
2025-04-08 12:20:51,069 - DEBUG -   [EL->SL] 成功添加9个EL解到SL种群
2025-04-08 12:20:51,070 - DEBUG - Updated probability model at iteration 211
2025-04-08 12:20:51,070 - INFO - Iteration 212/500: Phase=hybrid learning, SL ratio=0.10, EL ratio=0.90
2025-04-08 12:20:51,870 - INFO - In generation 212，New best makespan: 1664.00, source: el
2025-04-08 12:20:51,871 - DEBUG -   [SL->EL] 成功! 用SL最优解1828.00替换EL最差解1878.00, 改进了50.00
2025-04-08 12:20:51,872 - DEBUG -   [EL->SL] 成功添加9个EL解到SL种群
2025-04-08 12:20:51,872 - DEBUG - Updated probability model at iteration 212
2025-04-08 12:20:51,872 - INFO - Iteration 213/500: Phase=hybrid learning, SL ratio=0.10, EL ratio=0.90
2025-04-08 12:20:52,689 - DEBUG -   [SL->EL] 成功! 用SL最优解1822.00替换EL最差解1859.00, 改进了37.00
2025-04-08 12:20:52,690 - DEBUG -   [EL->SL] 成功添加9个EL解到SL种群
2025-04-08 12:20:52,690 - DEBUG - Updated probability model at iteration 213
2025-04-08 12:20:52,690 - INFO - Iteration 214/500: Phase=hybrid learning, SL ratio=0.10, EL ratio=0.90
2025-04-08 12:20:53,460 - DEBUG -   [SL->EL] 失败! SL最优解1882.00不如EL最差解1830.00
2025-04-08 12:20:53,461 - DEBUG -   [EL->SL] 成功添加9个EL解到SL种群
2025-04-08 12:20:53,463 - DEBUG - Updated probability model at iteration 214
2025-04-08 12:20:53,463 - INFO - Iteration 215/500: Phase=hybrid learning, SL ratio=0.10, EL ratio=0.90
2025-04-08 12:20:54,255 - INFO - In generation 215，New best makespan: 1658.00, source: el
2025-04-08 12:20:54,256 - DEBUG -   [SL->EL] 成功! 用SL最优解1798.00替换EL最差解1847.00, 改进了49.00
2025-04-08 12:20:54,257 - DEBUG -   [EL->SL] 成功添加9个EL解到SL种群
2025-04-08 12:20:54,257 - DEBUG - Updated probability model at iteration 215
2025-04-08 12:20:54,257 - INFO - EL has been consistently better for 5 iterations, adjusting ratios: SL=0.10, EL=0.90
2025-04-08 12:20:54,257 - INFO - Iteration 216/500: Phase=hybrid learning, SL ratio=0.10, EL ratio=0.90
2025-04-08 12:20:55,049 - INFO - In generation 216，New best makespan: 1657.00, source: el
2025-04-08 12:20:55,050 - DEBUG -   [SL->EL] 成功! 用SL最优解1803.00替换EL最差解1831.00, 改进了28.00
2025-04-08 12:20:55,051 - DEBUG -   [EL->SL] 成功添加9个EL解到SL种群
2025-04-08 12:20:55,051 - DEBUG - Updated probability model at iteration 216
2025-04-08 12:20:55,051 - INFO - Iteration 217/500: Phase=hybrid learning, SL ratio=0.10, EL ratio=0.90
2025-04-08 12:20:55,844 - DEBUG -   [SL->EL] 成功! 用SL最优解1835.00替换EL最差解1865.00, 改进了30.00
2025-04-08 12:20:55,845 - DEBUG -   [EL->SL] 成功添加9个EL解到SL种群
2025-04-08 12:20:55,845 - DEBUG - Updated probability model at iteration 217
2025-04-08 12:20:55,845 - INFO - Iteration 218/500: Phase=hybrid learning, SL ratio=0.10, EL ratio=0.90
2025-04-08 12:20:56,658 - INFO - In generation 218，New best makespan: 1655.00, source: el
2025-04-08 12:20:56,658 - DEBUG -   [SL->EL] 成功! 用SL最优解1774.00替换EL最差解1812.00, 改进了38.00
2025-04-08 12:20:56,660 - DEBUG -   [EL->SL] 成功添加9个EL解到SL种群
2025-04-08 12:20:56,661 - DEBUG - Updated probability model at iteration 218
2025-04-08 12:20:56,661 - INFO - Iteration 219/500: Phase=hybrid learning, SL ratio=0.10, EL ratio=0.90
2025-04-08 12:20:57,436 - DEBUG -   [SL->EL] 失败! SL最优解1867.00不如EL最差解1842.00
2025-04-08 12:20:57,437 - DEBUG -   [EL->SL] 成功添加9个EL解到SL种群
2025-04-08 12:20:57,437 - DEBUG - Updated probability model at iteration 219
2025-04-08 12:20:57,437 - INFO - Iteration 220/500: Phase=hybrid learning, SL ratio=0.10, EL ratio=0.90
2025-04-08 12:20:58,236 - DEBUG -   [SL->EL] 成功! 用SL最优解1838.00替换EL最差解1893.00, 改进了55.00
2025-04-08 12:20:58,237 - DEBUG -   [EL->SL] 成功添加9个EL解到SL种群
2025-04-08 12:20:58,237 - DEBUG - Updated probability model at iteration 220
2025-04-08 12:20:58,237 - INFO - EL has been consistently better for 5 iterations, adjusting ratios: SL=0.10, EL=0.90
2025-04-08 12:20:58,237 - INFO - Iteration 221/500: Phase=hybrid learning, SL ratio=0.10, EL ratio=0.90
2025-04-08 12:20:59,019 - INFO - In generation 221，New best makespan: 1653.00, source: el
2025-04-08 12:20:59,019 - DEBUG -   [SL->EL] 失败! SL最优解1814.00不如EL最差解1798.00
2025-04-08 12:20:59,020 - DEBUG -   [EL->SL] 成功添加9个EL解到SL种群
2025-04-08 12:20:59,020 - DEBUG - Updated probability model at iteration 221
2025-04-08 12:20:59,020 - INFO - Iteration 222/500: Phase=hybrid learning, SL ratio=0.10, EL ratio=0.90
2025-04-08 12:20:59,815 - DEBUG -   [SL->EL] 失败! SL最优解1808.00不如EL最差解1798.00
2025-04-08 12:20:59,816 - DEBUG -   [EL->SL] 成功添加9个EL解到SL种群
2025-04-08 12:20:59,818 - DEBUG - Updated probability model at iteration 222
2025-04-08 12:20:59,818 - INFO - Iteration 223/500: Phase=hybrid learning, SL ratio=0.10, EL ratio=0.90
2025-04-08 12:21:00,628 - INFO - In generation 223，New best makespan: 1650.00, source: el
2025-04-08 12:21:00,628 - DEBUG -   [SL->EL] 失败! SL最优解1851.00不如EL最差解1818.00
2025-04-08 12:21:00,630 - DEBUG -   [EL->SL] 成功添加9个EL解到SL种群
2025-04-08 12:21:00,630 - DEBUG - Updated probability model at iteration 223
2025-04-08 12:21:00,630 - INFO - Iteration 224/500: Phase=hybrid learning, SL ratio=0.10, EL ratio=0.90
2025-04-08 12:21:01,402 - INFO - In generation 224，New best makespan: 1649.00, source: el
2025-04-08 12:21:01,403 - DEBUG -   [SL->EL] 成功! 用SL最优解1824.00替换EL最差解1846.00, 改进了22.00
2025-04-08 12:21:01,404 - DEBUG -   [EL->SL] 成功添加9个EL解到SL种群
2025-04-08 12:21:01,404 - DEBUG - Updated probability model at iteration 224
2025-04-08 12:21:01,404 - INFO - Iteration 225/500: Phase=hybrid learning, SL ratio=0.10, EL ratio=0.90
2025-04-08 12:21:02,188 - DEBUG -   [SL->EL] 失败! SL最优解1807.00不如EL最差解1806.00
2025-04-08 12:21:02,188 - DEBUG -   [EL->SL] 成功添加9个EL解到SL种群
2025-04-08 12:21:02,190 - DEBUG - Updated probability model at iteration 225
2025-04-08 12:21:02,190 - INFO - EL has been consistently better for 5 iterations, adjusting ratios: SL=0.10, EL=0.90
2025-04-08 12:21:02,190 - INFO - Iteration 226/500: Phase=hybrid learning, SL ratio=0.10, EL ratio=0.90
2025-04-08 12:21:02,955 - DEBUG -   [SL->EL] 失败! SL最优解1886.00不如EL最差解1804.00
2025-04-08 12:21:02,957 - DEBUG -   [EL->SL] 成功添加9个EL解到SL种群
2025-04-08 12:21:02,957 - DEBUG - Updated probability model at iteration 226
2025-04-08 12:21:02,957 - INFO - Iteration 227/500: Phase=hybrid learning, SL ratio=0.10, EL ratio=0.90
2025-04-08 12:21:03,737 - INFO - In generation 227，New best makespan: 1644.00, source: el
2025-04-08 12:21:03,737 - DEBUG -   [SL->EL] 成功! 用SL最优解1827.00替换EL最差解1872.00, 改进了45.00
2025-04-08 12:21:03,740 - DEBUG -   [EL->SL] 成功添加9个EL解到SL种群
2025-04-08 12:21:03,740 - DEBUG - Updated probability model at iteration 227
2025-04-08 12:21:03,740 - INFO - Iteration 228/500: Phase=hybrid learning, SL ratio=0.10, EL ratio=0.90
2025-04-08 12:21:04,525 - DEBUG -   [SL->EL] 成功! 用SL最优解1836.00替换EL最差解1845.00, 改进了9.00
2025-04-08 12:21:04,526 - DEBUG -   [EL->SL] 成功添加9个EL解到SL种群
2025-04-08 12:21:04,526 - DEBUG - Updated probability model at iteration 228
2025-04-08 12:21:04,526 - INFO - Iteration 229/500: Phase=hybrid learning, SL ratio=0.10, EL ratio=0.90
2025-04-08 12:21:05,296 - DEBUG -   [SL->EL] 成功! 用SL最优解1887.00替换EL最差解1908.00, 改进了21.00
2025-04-08 12:21:05,297 - DEBUG -   [EL->SL] 成功添加9个EL解到SL种群
2025-04-08 12:21:05,297 - DEBUG - Updated probability model at iteration 229
2025-04-08 12:21:05,297 - INFO - Iteration 230/500: Phase=hybrid learning, SL ratio=0.10, EL ratio=0.90
2025-04-08 12:21:06,079 - INFO - In generation 230，New best makespan: 1641.00, source: el
2025-04-08 12:21:06,080 - DEBUG -   [SL->EL] 失败! SL最优解1924.00不如EL最差解1828.00
2025-04-08 12:21:06,082 - DEBUG -   [EL->SL] 成功添加9个EL解到SL种群
2025-04-08 12:21:06,083 - DEBUG - Updated probability model at iteration 230
2025-04-08 12:21:06,083 - INFO - EL has been consistently better for 5 iterations, adjusting ratios: SL=0.10, EL=0.90
2025-04-08 12:21:06,083 - INFO - Iteration 231/500: Phase=hybrid learning, SL ratio=0.10, EL ratio=0.90
2025-04-08 12:21:06,879 - DEBUG -   [SL->EL] 成功! 用SL最优解1775.00替换EL最差解1840.00, 改进了65.00
2025-04-08 12:21:06,881 - DEBUG -   [EL->SL] 成功添加9个EL解到SL种群
2025-04-08 12:21:06,881 - DEBUG - Updated probability model at iteration 231
2025-04-08 12:21:06,881 - INFO - Iteration 232/500: Phase=hybrid learning, SL ratio=0.10, EL ratio=0.90
2025-04-08 12:21:07,664 - DEBUG -   [SL->EL] 成功! 用SL最优解1774.00替换EL最差解1815.00, 改进了41.00
2025-04-08 12:21:07,666 - DEBUG -   [EL->SL] 成功添加9个EL解到SL种群
2025-04-08 12:21:07,666 - DEBUG - Updated probability model at iteration 232
2025-04-08 12:21:07,666 - INFO - Iteration 233/500: Phase=hybrid learning, SL ratio=0.10, EL ratio=0.90
2025-04-08 12:21:08,487 - DEBUG -   [SL->EL] 失败! SL最优解1803.00不如EL最差解1790.00
2025-04-08 12:21:08,489 - DEBUG -   [EL->SL] 成功添加9个EL解到SL种群
2025-04-08 12:21:08,489 - DEBUG - Updated probability model at iteration 233
2025-04-08 12:21:08,489 - INFO - Iteration 234/500: Phase=hybrid learning, SL ratio=0.10, EL ratio=0.90
2025-04-08 12:21:09,262 - DEBUG -   [SL->EL] 成功! 用SL最优解1759.00替换EL最差解1842.00, 改进了83.00
2025-04-08 12:21:09,265 - DEBUG -   [EL->SL] 成功添加9个EL解到SL种群
2025-04-08 12:21:09,265 - DEBUG - Updated probability model at iteration 234
2025-04-08 12:21:09,265 - INFO - Iteration 235/500: Phase=hybrid learning, SL ratio=0.10, EL ratio=0.90
2025-04-08 12:21:10,052 - INFO - In generation 235，New best makespan: 1640.00, source: el
2025-04-08 12:21:10,052 - DEBUG -   [SL->EL] 失败! SL最优解1799.00不如EL最差解1758.00
2025-04-08 12:21:10,054 - DEBUG -   [EL->SL] 成功添加9个EL解到SL种群
2025-04-08 12:21:10,054 - DEBUG - Updated probability model at iteration 235
2025-04-08 12:21:10,054 - INFO - EL has been consistently better for 5 iterations, adjusting ratios: SL=0.10, EL=0.90
2025-04-08 12:21:10,055 - INFO - Iteration 236/500: Phase=hybrid learning, SL ratio=0.10, EL ratio=0.90
2025-04-08 12:21:10,858 - DEBUG -   [SL->EL] 成功! 用SL最优解1785.00替换EL最差解1841.00, 改进了56.00
2025-04-08 12:21:10,860 - DEBUG -   [EL->SL] 成功添加9个EL解到SL种群
2025-04-08 12:21:10,860 - DEBUG - Updated probability model at iteration 236
2025-04-08 12:21:10,860 - INFO - Iteration 237/500: Phase=hybrid learning, SL ratio=0.10, EL ratio=0.90
2025-04-08 12:21:11,629 - DEBUG -   [SL->EL] 失败! SL最优解1886.00不如EL最差解1840.00
2025-04-08 12:21:11,631 - DEBUG -   [EL->SL] 成功添加9个EL解到SL种群
2025-04-08 12:21:11,631 - DEBUG - Updated probability model at iteration 237
2025-04-08 12:21:11,631 - INFO - Iteration 238/500: Phase=hybrid learning, SL ratio=0.10, EL ratio=0.90
2025-04-08 12:21:12,452 - INFO - In generation 238，New best makespan: 1635.00, source: el
2025-04-08 12:21:12,452 - DEBUG -   [SL->EL] 成功! 用SL最优解1760.00替换EL最差解1784.00, 改进了24.00
2025-04-08 12:21:12,453 - DEBUG -   [EL->SL] 成功添加9个EL解到SL种群
2025-04-08 12:21:12,454 - DEBUG - Updated probability model at iteration 238
2025-04-08 12:21:12,454 - INFO - Iteration 239/500: Phase=hybrid learning, SL ratio=0.10, EL ratio=0.90
2025-04-08 12:21:13,276 - DEBUG -   [SL->EL] 失败! SL最优解1808.00不如EL最差解1782.00
2025-04-08 12:21:13,279 - DEBUG -   [EL->SL] 成功添加9个EL解到SL种群
2025-04-08 12:21:13,279 - DEBUG - Updated probability model at iteration 239
2025-04-08 12:21:13,279 - INFO - Iteration 240/500: Phase=hybrid learning, SL ratio=0.10, EL ratio=0.90
2025-04-08 12:21:14,062 - INFO - In generation 240，New best makespan: 1634.00, source: el
2025-04-08 12:21:14,062 - DEBUG -   [SL->EL] 失败! SL最优解1789.00不如EL最差解1779.00
2025-04-08 12:21:14,064 - DEBUG -   [EL->SL] 成功添加9个EL解到SL种群
2025-04-08 12:21:14,064 - DEBUG - Updated probability model at iteration 240
2025-04-08 12:21:14,064 - INFO - EL has been consistently better for 5 iterations, adjusting ratios: SL=0.10, EL=0.90
2025-04-08 12:21:14,064 - INFO - Iteration 241/500: Phase=hybrid learning, SL ratio=0.10, EL ratio=0.90
2025-04-08 12:21:14,854 - DEBUG -   [SL->EL] 失败! SL最优解1809.00不如EL最差解1797.00
2025-04-08 12:21:14,855 - DEBUG -   [EL->SL] 成功添加9个EL解到SL种群
2025-04-08 12:21:14,855 - DEBUG - Updated probability model at iteration 241
2025-04-08 12:21:14,855 - INFO - Iteration 242/500: Phase=hybrid learning, SL ratio=0.10, EL ratio=0.90
2025-04-08 12:21:15,631 - DEBUG -   [SL->EL] 成功! 用SL最优解1800.00替换EL最差解1802.00, 改进了2.00
2025-04-08 12:21:15,632 - DEBUG -   [EL->SL] 成功添加9个EL解到SL种群
2025-04-08 12:21:15,632 - DEBUG - Updated probability model at iteration 242
2025-04-08 12:21:15,632 - INFO - Iteration 243/500: Phase=hybrid learning, SL ratio=0.10, EL ratio=0.90
2025-04-08 12:21:16,412 - DEBUG -   [SL->EL] 成功! 用SL最优解1798.00替换EL最差解1890.00, 改进了92.00
2025-04-08 12:21:16,414 - DEBUG -   [EL->SL] 成功添加9个EL解到SL种群
2025-04-08 12:21:16,414 - DEBUG - Updated probability model at iteration 243
2025-04-08 12:21:16,414 - INFO - Iteration 244/500: Phase=hybrid learning, SL ratio=0.10, EL ratio=0.90
2025-04-08 12:21:17,184 - DEBUG -   [SL->EL] 成功! 用SL最优解1798.00替换EL最差解1835.00, 改进了37.00
2025-04-08 12:21:17,186 - DEBUG -   [EL->SL] 成功添加9个EL解到SL种群
2025-04-08 12:21:17,186 - DEBUG - Updated probability model at iteration 244
2025-04-08 12:21:17,186 - INFO - Iteration 245/500: Phase=hybrid learning, SL ratio=0.10, EL ratio=0.90
2025-04-08 12:21:17,991 - INFO - In generation 245，New best makespan: 1631.00, source: el
2025-04-08 12:21:17,991 - DEBUG -   [SL->EL] 失败! SL最优解1799.00不如EL最差解1796.00
2025-04-08 12:21:17,992 - DEBUG -   [EL->SL] 成功添加9个EL解到SL种群
2025-04-08 12:21:17,992 - DEBUG - Updated probability model at iteration 245
2025-04-08 12:21:17,992 - INFO - EL has been consistently better for 5 iterations, adjusting ratios: SL=0.10, EL=0.90
2025-04-08 12:21:17,993 - INFO - Iteration 246/500: Phase=hybrid learning, SL ratio=0.10, EL ratio=0.90
2025-04-08 12:21:18,797 - DEBUG -   [SL->EL] 成功! 用SL最优解1835.00替换EL最差解1882.00, 改进了47.00
2025-04-08 12:21:18,799 - DEBUG -   [EL->SL] 成功添加9个EL解到SL种群
2025-04-08 12:21:18,800 - DEBUG - Updated probability model at iteration 246
2025-04-08 12:21:18,800 - INFO - Iteration 247/500: Phase=hybrid learning, SL ratio=0.10, EL ratio=0.90
2025-04-08 12:21:19,581 - DEBUG -   [SL->EL] 成功! 用SL最优解1781.00替换EL最差解1798.00, 改进了17.00
2025-04-08 12:21:19,583 - DEBUG -   [EL->SL] 成功添加9个EL解到SL种群
2025-04-08 12:21:19,583 - DEBUG - Updated probability model at iteration 247
2025-04-08 12:21:19,583 - INFO - Iteration 248/500: Phase=hybrid learning, SL ratio=0.10, EL ratio=0.90
2025-04-08 12:21:20,392 - DEBUG -   [SL->EL] 失败! SL最优解1873.00不如EL最差解1782.00
2025-04-08 12:21:20,393 - DEBUG -   [EL->SL] 成功添加9个EL解到SL种群
2025-04-08 12:21:20,393 - DEBUG - Updated probability model at iteration 248
2025-04-08 12:21:20,393 - INFO - Iteration 249/500: Phase=hybrid learning, SL ratio=0.10, EL ratio=0.90
2025-04-08 12:21:21,170 - DEBUG -   [SL->EL] 失败! SL最优解1827.00不如EL最差解1817.00
2025-04-08 12:21:21,171 - DEBUG -   [EL->SL] 成功添加9个EL解到SL种群
2025-04-08 12:21:21,171 - DEBUG - Updated probability model at iteration 249
2025-04-08 12:21:21,171 - INFO - Iteration 250/500: Phase=hybrid learning, SL ratio=0.10, EL ratio=0.90
2025-04-08 12:21:21,965 - DEBUG -   [SL->EL] 失败! SL最优解1846.00不如EL最差解1823.00
2025-04-08 12:21:21,966 - DEBUG -   [EL->SL] 成功添加9个EL解到SL种群
2025-04-08 12:21:21,966 - DEBUG - Updated probability model at iteration 250
2025-04-08 12:21:21,966 - INFO - EL has been consistently better for 5 iterations, adjusting ratios: SL=0.10, EL=0.90
2025-04-08 12:21:21,966 - INFO - Iteration 251/500: Phase=hybrid learning, SL ratio=0.10, EL ratio=0.90
2025-04-08 12:21:22,777 - INFO - In generation 251，New best makespan: 1628.00, source: el
2025-04-08 12:21:22,778 - DEBUG -   [SL->EL] 失败! SL最优解1852.00不如EL最差解1833.00
2025-04-08 12:21:22,780 - DEBUG -   [EL->SL] 成功添加9个EL解到SL种群
2025-04-08 12:21:22,780 - DEBUG - Updated probability model at iteration 251
2025-04-08 12:21:22,780 - INFO - Iteration 252/500: Phase=hybrid learning, SL ratio=0.10, EL ratio=0.90
2025-04-08 12:21:23,550 - DEBUG -   [SL->EL] 失败! SL最优解1805.00不如EL最差解1777.00
2025-04-08 12:21:23,552 - DEBUG -   [EL->SL] 成功添加9个EL解到SL种群
2025-04-08 12:21:23,552 - DEBUG - Updated probability model at iteration 252
2025-04-08 12:21:23,552 - INFO - Iteration 253/500: Phase=hybrid learning, SL ratio=0.10, EL ratio=0.90
2025-04-08 12:21:24,329 - DEBUG -   [SL->EL] 失败! SL最优解1795.00不如EL最差解1760.00
2025-04-08 12:21:24,331 - DEBUG -   [EL->SL] 成功添加9个EL解到SL种群
2025-04-08 12:21:24,331 - DEBUG - Updated probability model at iteration 253
2025-04-08 12:21:24,331 - INFO - Iteration 254/500: Phase=hybrid learning, SL ratio=0.10, EL ratio=0.90
2025-04-08 12:21:25,102 - DEBUG -   [SL->EL] 失败! SL最优解1822.00不如EL最差解1797.00
2025-04-08 12:21:25,103 - DEBUG -   [EL->SL] 成功添加9个EL解到SL种群
2025-04-08 12:21:25,104 - DEBUG - Updated probability model at iteration 254
2025-04-08 12:21:25,104 - INFO - Iteration 255/500: Phase=hybrid learning, SL ratio=0.10, EL ratio=0.90
2025-04-08 12:21:25,873 - INFO - In generation 255，New best makespan: 1627.00, source: el
2025-04-08 12:21:25,874 - DEBUG -   [SL->EL] 成功! 用SL最优解1767.00替换EL最差解1825.00, 改进了58.00
2025-04-08 12:21:25,875 - DEBUG -   [EL->SL] 成功添加9个EL解到SL种群
2025-04-08 12:21:25,875 - DEBUG - Updated probability model at iteration 255
2025-04-08 12:21:25,875 - INFO - EL has been consistently better for 5 iterations, adjusting ratios: SL=0.10, EL=0.90
2025-04-08 12:21:25,876 - INFO - Iteration 256/500: Phase=hybrid learning, SL ratio=0.10, EL ratio=0.90
2025-04-08 12:21:26,642 - DEBUG -   [SL->EL] 成功! 用SL最优解1789.00替换EL最差解1810.00, 改进了21.00
2025-04-08 12:21:26,643 - DEBUG -   [EL->SL] 成功添加9个EL解到SL种群
2025-04-08 12:21:26,643 - DEBUG - Updated probability model at iteration 256
2025-04-08 12:21:26,643 - INFO - Iteration 257/500: Phase=hybrid learning, SL ratio=0.10, EL ratio=0.90
2025-04-08 12:21:27,447 - DEBUG -   [SL->EL] 失败! SL最优解1873.00不如EL最差解1802.00
2025-04-08 12:21:27,450 - DEBUG -   [EL->SL] 成功添加9个EL解到SL种群
2025-04-08 12:21:27,450 - DEBUG - Updated probability model at iteration 257
2025-04-08 12:21:27,450 - INFO - Iteration 258/500: Phase=hybrid learning, SL ratio=0.10, EL ratio=0.90
2025-04-08 12:21:28,264 - INFO - In generation 258，New best makespan: 1626.00, source: el
2025-04-08 12:21:28,265 - DEBUG -   [SL->EL] 失败! SL最优解1855.00不如EL最差解1844.00
2025-04-08 12:21:28,266 - DEBUG -   [EL->SL] 成功添加9个EL解到SL种群
2025-04-08 12:21:28,266 - DEBUG - Updated probability model at iteration 258
2025-04-08 12:21:28,266 - INFO - Iteration 259/500: Phase=hybrid learning, SL ratio=0.10, EL ratio=0.90
2025-04-08 12:21:29,040 - INFO - In generation 259，New best makespan: 1625.00, source: el
2025-04-08 12:21:29,041 - DEBUG -   [SL->EL] 成功! 用SL最优解1851.00替换EL最差解1856.00, 改进了5.00
2025-04-08 12:21:29,042 - DEBUG -   [EL->SL] 成功添加9个EL解到SL种群
2025-04-08 12:21:29,042 - DEBUG - Updated probability model at iteration 259
2025-04-08 12:21:29,042 - INFO - Iteration 260/500: Phase=hybrid learning, SL ratio=0.10, EL ratio=0.90
2025-04-08 12:21:29,862 - DEBUG -   [SL->EL] 成功! 用SL最优解1829.00替换EL最差解1842.00, 改进了13.00
2025-04-08 12:21:29,865 - DEBUG -   [EL->SL] 成功添加9个EL解到SL种群
2025-04-08 12:21:29,865 - DEBUG - Updated probability model at iteration 260
2025-04-08 12:21:29,865 - INFO - EL has been consistently better for 5 iterations, adjusting ratios: SL=0.10, EL=0.90
2025-04-08 12:21:29,866 - INFO - Iteration 261/500: Phase=hybrid learning, SL ratio=0.10, EL ratio=0.90
2025-04-08 12:21:30,643 - DEBUG -   [SL->EL] 成功! 用SL最优解1760.00替换EL最差解1863.00, 改进了103.00
2025-04-08 12:21:30,645 - DEBUG -   [EL->SL] 成功添加9个EL解到SL种群
2025-04-08 12:21:30,645 - DEBUG - Updated probability model at iteration 261
2025-04-08 12:21:30,645 - INFO - Iteration 262/500: Phase=hybrid learning, SL ratio=0.10, EL ratio=0.90
2025-04-08 12:21:31,458 - DEBUG -   [SL->EL] 失败! SL最优解1813.00不如EL最差解1787.00
2025-04-08 12:21:31,460 - DEBUG -   [EL->SL] 成功添加9个EL解到SL种群
2025-04-08 12:21:31,460 - DEBUG - Updated probability model at iteration 262
2025-04-08 12:21:31,460 - INFO - Iteration 263/500: Phase=hybrid learning, SL ratio=0.10, EL ratio=0.90
2025-04-08 12:21:32,259 - DEBUG -   [SL->EL] 成功! 用SL最优解1787.00替换EL最差解1860.00, 改进了73.00
2025-04-08 12:21:32,260 - DEBUG -   [EL->SL] 成功添加9个EL解到SL种群
2025-04-08 12:21:32,260 - DEBUG - Updated probability model at iteration 263
2025-04-08 12:21:32,260 - INFO - Iteration 264/500: Phase=hybrid learning, SL ratio=0.10, EL ratio=0.90
2025-04-08 12:21:33,063 - DEBUG -   [SL->EL] 失败! SL最优解1844.00不如EL最差解1818.00
2025-04-08 12:21:33,065 - DEBUG -   [EL->SL] 成功添加9个EL解到SL种群
2025-04-08 12:21:33,065 - DEBUG - Updated probability model at iteration 264
2025-04-08 12:21:33,065 - INFO - Iteration 265/500: Phase=hybrid learning, SL ratio=0.10, EL ratio=0.90
2025-04-08 12:21:33,892 - DEBUG -   [SL->EL] 成功! 用SL最优解1775.00替换EL最差解1804.00, 改进了29.00
2025-04-08 12:21:33,893 - DEBUG -   [EL->SL] 成功添加9个EL解到SL种群
2025-04-08 12:21:33,894 - DEBUG - Updated probability model at iteration 265
2025-04-08 12:21:33,894 - INFO - EL has been consistently better for 5 iterations, adjusting ratios: SL=0.10, EL=0.90
2025-04-08 12:21:33,894 - INFO - Iteration 266/500: Phase=hybrid learning, SL ratio=0.10, EL ratio=0.90
2025-04-08 12:21:34,662 - DEBUG -   [SL->EL] 失败! SL最优解1840.00不如EL最差解1834.00
2025-04-08 12:21:34,664 - DEBUG -   [EL->SL] 成功添加9个EL解到SL种群
2025-04-08 12:21:34,664 - DEBUG - Updated probability model at iteration 266
2025-04-08 12:21:34,664 - INFO - Iteration 267/500: Phase=hybrid learning, SL ratio=0.10, EL ratio=0.90
2025-04-08 12:21:35,475 - DEBUG -   [SL->EL] 失败! SL最优解1804.00不如EL最差解1799.00
2025-04-08 12:21:35,478 - DEBUG -   [EL->SL] 成功添加9个EL解到SL种群
2025-04-08 12:21:35,478 - DEBUG - Updated probability model at iteration 267
2025-04-08 12:21:35,478 - INFO - Iteration 268/500: Phase=hybrid learning, SL ratio=0.10, EL ratio=0.90
2025-04-08 12:21:36,251 - DEBUG -   [SL->EL] 失败! SL最优解1782.00不如EL最差解1754.00
2025-04-08 12:21:36,253 - DEBUG -   [EL->SL] 成功添加9个EL解到SL种群
2025-04-08 12:21:36,253 - DEBUG - Updated probability model at iteration 268
2025-04-08 12:21:36,253 - INFO - Iteration 269/500: Phase=hybrid learning, SL ratio=0.10, EL ratio=0.90
2025-04-08 12:21:37,055 - DEBUG -   [SL->EL] 成功! 用SL最优解1726.00替换EL最差解1798.00, 改进了72.00
2025-04-08 12:21:37,056 - DEBUG -   [EL->SL] 成功添加9个EL解到SL种群
2025-04-08 12:21:37,056 - DEBUG - Updated probability model at iteration 269
2025-04-08 12:21:37,056 - INFO - Iteration 270/500: Phase=hybrid learning, SL ratio=0.10, EL ratio=0.90
2025-04-08 12:21:37,828 - DEBUG -   [SL->EL] 成功! 用SL最优解1759.00替换EL最差解1774.00, 改进了15.00
2025-04-08 12:21:37,829 - DEBUG -   [EL->SL] 成功添加9个EL解到SL种群
2025-04-08 12:21:37,829 - DEBUG - Updated probability model at iteration 270
2025-04-08 12:21:37,829 - INFO - EL has been consistently better for 5 iterations, adjusting ratios: SL=0.10, EL=0.90
2025-04-08 12:21:37,831 - INFO - Iteration 271/500: Phase=hybrid learning, SL ratio=0.10, EL ratio=0.90
2025-04-08 12:21:38,632 - DEBUG -   [SL->EL] 成功! 用SL最优解1790.00替换EL最差解1808.00, 改进了18.00
2025-04-08 12:21:38,633 - DEBUG -   [EL->SL] 成功添加9个EL解到SL种群
2025-04-08 12:21:38,633 - DEBUG - Updated probability model at iteration 271
2025-04-08 12:21:38,634 - INFO - Iteration 272/500: Phase=hybrid learning, SL ratio=0.10, EL ratio=0.90
2025-04-08 12:21:39,435 - DEBUG -   [SL->EL] 成功! 用SL最优解1790.00替换EL最差解1826.00, 改进了36.00
2025-04-08 12:21:39,436 - DEBUG -   [EL->SL] 成功添加9个EL解到SL种群
2025-04-08 12:21:39,437 - DEBUG - Updated probability model at iteration 272
2025-04-08 12:21:39,437 - INFO - Iteration 273/500: Phase=hybrid learning, SL ratio=0.10, EL ratio=0.90
2025-04-08 12:21:40,237 - DEBUG -   [SL->EL] 成功! 用SL最优解1715.00替换EL最差解1817.00, 改进了102.00
2025-04-08 12:21:40,239 - DEBUG -   [EL->SL] 成功添加9个EL解到SL种群
2025-04-08 12:21:40,239 - DEBUG - Updated probability model at iteration 273
2025-04-08 12:21:40,239 - INFO - Iteration 274/500: Phase=hybrid learning, SL ratio=0.10, EL ratio=0.90
2025-04-08 12:21:41,046 - DEBUG -   [SL->EL] 失败! SL最优解1813.00不如EL最差解1796.00
2025-04-08 12:21:41,047 - DEBUG -   [EL->SL] 成功添加9个EL解到SL种群
2025-04-08 12:21:41,047 - DEBUG - Updated probability model at iteration 274
2025-04-08 12:21:41,047 - INFO - Iteration 275/500: Phase=hybrid learning, SL ratio=0.10, EL ratio=0.90
2025-04-08 12:21:41,833 - DEBUG -   [SL->EL] 成功! 用SL最优解1774.00替换EL最差解1809.00, 改进了35.00
2025-04-08 12:21:41,835 - DEBUG -   [EL->SL] 成功添加9个EL解到SL种群
2025-04-08 12:21:41,835 - DEBUG - Updated probability model at iteration 275
2025-04-08 12:21:41,835 - INFO - EL has been consistently better for 5 iterations, adjusting ratios: SL=0.10, EL=0.90
2025-04-08 12:21:41,836 - INFO - Iteration 276/500: Phase=hybrid learning, SL ratio=0.10, EL ratio=0.90
2025-04-08 12:21:42,633 - DEBUG -   [SL->EL] 成功! 用SL最优解1760.00替换EL最差解1880.00, 改进了120.00
2025-04-08 12:21:42,634 - DEBUG -   [EL->SL] 成功添加9个EL解到SL种群
2025-04-08 12:21:42,635 - DEBUG - Updated probability model at iteration 276
2025-04-08 12:21:42,635 - INFO - Iteration 277/500: Phase=hybrid learning, SL ratio=0.10, EL ratio=0.90
2025-04-08 12:21:43,443 - DEBUG -   [SL->EL] 成功! 用SL最优解1837.00替换EL最差解1844.00, 改进了7.00
2025-04-08 12:21:43,446 - DEBUG -   [EL->SL] 成功添加9个EL解到SL种群
2025-04-08 12:21:43,446 - DEBUG - Updated probability model at iteration 277
2025-04-08 12:21:43,446 - INFO - Iteration 278/500: Phase=hybrid learning, SL ratio=0.10, EL ratio=0.90
2025-04-08 12:21:44,245 - DEBUG -   [SL->EL] 失败! SL最优解1819.00不如EL最差解1817.00
2025-04-08 12:21:44,246 - DEBUG -   [EL->SL] 成功添加9个EL解到SL种群
2025-04-08 12:21:44,247 - DEBUG - Updated probability model at iteration 278
2025-04-08 12:21:44,247 - INFO - Iteration 279/500: Phase=hybrid learning, SL ratio=0.10, EL ratio=0.90
2025-04-08 12:21:45,062 - INFO - In generation 279，New best makespan: 1624.00, source: el
2025-04-08 12:21:45,062 - DEBUG -   [SL->EL] 失败! SL最优解1816.00不如EL最差解1809.00
2025-04-08 12:21:45,064 - DEBUG -   [EL->SL] 成功添加9个EL解到SL种群
2025-04-08 12:21:45,064 - DEBUG - Updated probability model at iteration 279
2025-04-08 12:21:45,064 - INFO - Iteration 280/500: Phase=hybrid learning, SL ratio=0.10, EL ratio=0.90
2025-04-08 12:21:45,839 - DEBUG -   [SL->EL] 成功! 用SL最优解1757.00替换EL最差解1803.00, 改进了46.00
2025-04-08 12:21:45,841 - DEBUG -   [EL->SL] 成功添加9个EL解到SL种群
2025-04-08 12:21:45,841 - DEBUG - Updated probability model at iteration 280
2025-04-08 12:21:45,841 - INFO - EL has been consistently better for 5 iterations, adjusting ratios: SL=0.10, EL=0.90
2025-04-08 12:21:45,842 - INFO - Iteration 281/500: Phase=hybrid learning, SL ratio=0.10, EL ratio=0.90
2025-04-08 12:21:46,620 - DEBUG -   [SL->EL] 失败! SL最优解1806.00不如EL最差解1774.00
2025-04-08 12:21:46,621 - DEBUG -   [EL->SL] 成功添加9个EL解到SL种群
2025-04-08 12:21:46,621 - DEBUG - Updated probability model at iteration 281
2025-04-08 12:21:46,621 - INFO - Iteration 282/500: Phase=hybrid learning, SL ratio=0.10, EL ratio=0.90
2025-04-08 12:21:47,423 - INFO - In generation 282，New best makespan: 1623.00, source: el
2025-04-08 12:21:47,424 - DEBUG -   [SL->EL] 成功! 用SL最优解1759.00替换EL最差解1763.00, 改进了4.00
2025-04-08 12:21:47,425 - DEBUG -   [EL->SL] 成功添加9个EL解到SL种群
2025-04-08 12:21:47,425 - DEBUG - Updated probability model at iteration 282
2025-04-08 12:21:47,425 - INFO - Iteration 283/500: Phase=hybrid learning, SL ratio=0.10, EL ratio=0.90
2025-04-08 12:21:48,210 - DEBUG -   [SL->EL] 失败! SL最优解1818.00不如EL最差解1817.00
2025-04-08 12:21:48,212 - DEBUG -   [EL->SL] 成功添加9个EL解到SL种群
2025-04-08 12:21:48,212 - DEBUG - Updated probability model at iteration 283
2025-04-08 12:21:48,212 - INFO - Iteration 284/500: Phase=hybrid learning, SL ratio=0.10, EL ratio=0.90
2025-04-08 12:21:48,978 - DEBUG -   [SL->EL] 成功! 用SL最优解1810.00替换EL最差解1861.00, 改进了51.00
2025-04-08 12:21:48,979 - DEBUG -   [EL->SL] 成功添加9个EL解到SL种群
2025-04-08 12:21:48,979 - DEBUG - Updated probability model at iteration 284
2025-04-08 12:21:48,979 - INFO - Iteration 285/500: Phase=hybrid learning, SL ratio=0.10, EL ratio=0.90
2025-04-08 12:21:49,780 - DEBUG -   [SL->EL] 成功! 用SL最优解1778.00替换EL最差解1846.00, 改进了68.00
2025-04-08 12:21:49,781 - DEBUG -   [EL->SL] 成功添加9个EL解到SL种群
2025-04-08 12:21:49,781 - DEBUG - Updated probability model at iteration 285
2025-04-08 12:21:49,781 - INFO - EL has been consistently better for 5 iterations, adjusting ratios: SL=0.10, EL=0.90
2025-04-08 12:21:49,782 - INFO - Iteration 286/500: Phase=hybrid learning, SL ratio=0.10, EL ratio=0.90
2025-04-08 12:21:50,584 - DEBUG -   [SL->EL] 失败! SL最优解1838.00不如EL最差解1802.00
2025-04-08 12:21:50,585 - DEBUG -   [EL->SL] 成功添加9个EL解到SL种群
2025-04-08 12:21:50,586 - DEBUG - Updated probability model at iteration 286
2025-04-08 12:21:50,586 - INFO - Iteration 287/500: Phase=hybrid learning, SL ratio=0.10, EL ratio=0.90
2025-04-08 12:21:51,374 - DEBUG -   [SL->EL] 成功! 用SL最优解1800.00替换EL最差解1860.00, 改进了60.00
2025-04-08 12:21:51,376 - DEBUG -   [EL->SL] 成功添加9个EL解到SL种群
2025-04-08 12:21:51,377 - DEBUG - Updated probability model at iteration 287
2025-04-08 12:21:51,377 - INFO - Iteration 288/500: Phase=hybrid learning, SL ratio=0.10, EL ratio=0.90
2025-04-08 12:21:52,193 - DEBUG -   [SL->EL] 成功! 用SL最优解1719.00替换EL最差解1840.00, 改进了121.00
2025-04-08 12:21:52,195 - DEBUG -   [EL->SL] 成功添加9个EL解到SL种群
2025-04-08 12:21:52,195 - DEBUG - Updated probability model at iteration 288
2025-04-08 12:21:52,195 - INFO - Iteration 289/500: Phase=hybrid learning, SL ratio=0.10, EL ratio=0.90
2025-04-08 12:21:52,982 - DEBUG -   [SL->EL] 成功! 用SL最优解1802.00替换EL最差解1841.00, 改进了39.00
2025-04-08 12:21:52,984 - DEBUG -   [EL->SL] 成功添加9个EL解到SL种群
2025-04-08 12:21:52,984 - DEBUG - Updated probability model at iteration 289
2025-04-08 12:21:52,984 - INFO - Iteration 290/500: Phase=hybrid learning, SL ratio=0.10, EL ratio=0.90
2025-04-08 12:21:53,791 - DEBUG -   [SL->EL] 成功! 用SL最优解1775.00替换EL最差解1804.00, 改进了29.00
2025-04-08 12:21:53,793 - DEBUG -   [EL->SL] 成功添加9个EL解到SL种群
2025-04-08 12:21:53,794 - DEBUG - Updated probability model at iteration 290
2025-04-08 12:21:53,794 - INFO - EL has been consistently better for 5 iterations, adjusting ratios: SL=0.10, EL=0.90
2025-04-08 12:21:53,794 - INFO - Iteration 291/500: Phase=hybrid learning, SL ratio=0.10, EL ratio=0.90
2025-04-08 12:21:54,597 - INFO - In generation 291，New best makespan: 1614.00, source: el
2025-04-08 12:21:54,599 - DEBUG -   [SL->EL] 成功! 用SL最优解1774.00替换EL最差解1878.00, 改进了104.00
2025-04-08 12:21:54,600 - DEBUG -   [EL->SL] 成功添加9个EL解到SL种群
2025-04-08 12:21:54,601 - DEBUG - Updated probability model at iteration 291
2025-04-08 12:21:54,601 - INFO - Iteration 292/500: Phase=hybrid learning, SL ratio=0.10, EL ratio=0.90
2025-04-08 12:21:55,396 - DEBUG -   [SL->EL] 成功! 用SL最优解1766.00替换EL最差解1783.00, 改进了17.00
2025-04-08 12:21:55,397 - DEBUG -   [EL->SL] 成功添加9个EL解到SL种群
2025-04-08 12:21:55,397 - DEBUG - Updated probability model at iteration 292
2025-04-08 12:21:55,397 - INFO - Iteration 293/500: Phase=hybrid learning, SL ratio=0.10, EL ratio=0.90
2025-04-08 12:21:56,154 - DEBUG -   [SL->EL] 成功! 用SL最优解1830.00替换EL最差解1915.00, 改进了85.00
2025-04-08 12:21:56,155 - DEBUG -   [EL->SL] 成功添加9个EL解到SL种群
2025-04-08 12:21:56,156 - DEBUG - Updated probability model at iteration 293
2025-04-08 12:21:56,156 - INFO - Iteration 294/500: Phase=hybrid learning, SL ratio=0.10, EL ratio=0.90
2025-04-08 12:21:56,949 - INFO - In generation 294，New best makespan: 1608.00, source: el
2025-04-08 12:21:56,950 - DEBUG -   [SL->EL] 成功! 用SL最优解1780.00替换EL最差解1807.00, 改进了27.00
2025-04-08 12:21:56,951 - DEBUG -   [EL->SL] 成功添加9个EL解到SL种群
2025-04-08 12:21:56,952 - DEBUG - Updated probability model at iteration 294
2025-04-08 12:21:56,952 - INFO - Iteration 295/500: Phase=hybrid learning, SL ratio=0.10, EL ratio=0.90
2025-04-08 12:21:57,767 - DEBUG -   [SL->EL] 成功! 用SL最优解1755.00替换EL最差解1827.00, 改进了72.00
2025-04-08 12:21:57,768 - DEBUG -   [EL->SL] 成功添加9个EL解到SL种群
2025-04-08 12:21:57,769 - DEBUG - Updated probability model at iteration 295
2025-04-08 12:21:57,769 - INFO - EL has been consistently better for 5 iterations, adjusting ratios: SL=0.10, EL=0.90
2025-04-08 12:21:57,769 - INFO - Iteration 296/500: Phase=hybrid learning, SL ratio=0.10, EL ratio=0.90
2025-04-08 12:21:58,557 - DEBUG -   [SL->EL] 成功! 用SL最优解1770.00替换EL最差解1792.00, 改进了22.00
2025-04-08 12:21:58,558 - DEBUG -   [EL->SL] 成功添加9个EL解到SL种群
2025-04-08 12:21:58,558 - DEBUG - Updated probability model at iteration 296
2025-04-08 12:21:58,558 - INFO - Iteration 297/500: Phase=hybrid learning, SL ratio=0.10, EL ratio=0.90
2025-04-08 12:21:59,368 - INFO - In generation 297，New best makespan: 1606.00, source: el
2025-04-08 12:21:59,369 - DEBUG -   [SL->EL] 成功! 用SL最优解1753.00替换EL最差解1792.00, 改进了39.00
2025-04-08 12:21:59,370 - DEBUG -   [EL->SL] 成功添加9个EL解到SL种群
2025-04-08 12:21:59,370 - DEBUG - Updated probability model at iteration 297
2025-04-08 12:21:59,370 - INFO - Iteration 298/500: Phase=hybrid learning, SL ratio=0.10, EL ratio=0.90
2025-04-08 12:22:00,177 - DEBUG -   [SL->EL] 成功! 用SL最优解1772.00替换EL最差解1858.00, 改进了86.00
2025-04-08 12:22:00,179 - DEBUG -   [EL->SL] 成功添加9个EL解到SL种群
2025-04-08 12:22:00,179 - DEBUG - Updated probability model at iteration 298
2025-04-08 12:22:00,179 - INFO - Iteration 299/500: Phase=hybrid learning, SL ratio=0.10, EL ratio=0.90
2025-04-08 12:22:00,988 - DEBUG -   [SL->EL] 成功! 用SL最优解1763.00替换EL最差解1812.00, 改进了49.00
2025-04-08 12:22:00,990 - DEBUG -   [EL->SL] 成功添加9个EL解到SL种群
2025-04-08 12:22:00,990 - DEBUG - Updated probability model at iteration 299
2025-04-08 12:22:00,990 - INFO - Iteration 300/500: Phase=hybrid learning, SL ratio=0.10, EL ratio=0.90
2025-04-08 12:22:01,786 - INFO - In generation 300，New best makespan: 1603.00, source: el
2025-04-08 12:22:01,787 - DEBUG -   [SL->EL] 成功! 用SL最优解1735.00替换EL最差解1759.00, 改进了24.00
2025-04-08 12:22:01,788 - DEBUG -   [EL->SL] 成功添加9个EL解到SL种群
2025-04-08 12:22:01,788 - DEBUG - Updated probability model at iteration 300
2025-04-08 12:22:01,788 - INFO - EL has been consistently better for 5 iterations, adjusting ratios: SL=0.10, EL=0.90
2025-04-08 12:22:01,789 - INFO - Iteration 301/500: Phase=hybrid learning, SL ratio=0.10, EL ratio=0.90
2025-04-08 12:22:02,607 - DEBUG -   [SL->EL] 成功! 用SL最优解1724.00替换EL最差解1792.00, 改进了68.00
2025-04-08 12:22:02,609 - DEBUG -   [EL->SL] 成功添加9个EL解到SL种群
2025-04-08 12:22:02,609 - DEBUG - Updated probability model at iteration 301
2025-04-08 12:22:02,609 - INFO - Iteration 302/500: Phase=hybrid learning, SL ratio=0.10, EL ratio=0.90
2025-04-08 12:22:03,393 - INFO - In generation 302，New best makespan: 1602.00, source: el
2025-04-08 12:22:03,394 - DEBUG -   [SL->EL] 成功! 用SL最优解1797.00替换EL最差解1804.00, 改进了7.00
2025-04-08 12:22:03,395 - DEBUG -   [EL->SL] 成功添加9个EL解到SL种群
2025-04-08 12:22:03,395 - DEBUG - Updated probability model at iteration 302
2025-04-08 12:22:03,395 - INFO - Iteration 303/500: Phase=hybrid learning, SL ratio=0.10, EL ratio=0.90
2025-04-08 12:22:04,182 - INFO - In generation 303，New best makespan: 1601.00, source: el
2025-04-08 12:22:04,183 - DEBUG -   [SL->EL] 失败! SL最优解1821.00不如EL最差解1816.00
2025-04-08 12:22:04,184 - DEBUG -   [EL->SL] 成功添加9个EL解到SL种群
2025-04-08 12:22:04,185 - DEBUG - Updated probability model at iteration 303
2025-04-08 12:22:04,185 - INFO - Iteration 304/500: Phase=hybrid learning, SL ratio=0.10, EL ratio=0.90
2025-04-08 12:22:04,986 - DEBUG -   [SL->EL] 成功! 用SL最优解1742.00替换EL最差解1802.00, 改进了60.00
2025-04-08 12:22:04,987 - DEBUG -   [EL->SL] 成功添加9个EL解到SL种群
2025-04-08 12:22:04,987 - DEBUG - Updated probability model at iteration 304
2025-04-08 12:22:04,987 - INFO - Iteration 305/500: Phase=hybrid learning, SL ratio=0.10, EL ratio=0.90
2025-04-08 12:22:05,777 - DEBUG -   [SL->EL] 失败! SL最优解1830.00不如EL最差解1812.00
2025-04-08 12:22:05,778 - DEBUG -   [EL->SL] 成功添加9个EL解到SL种群
2025-04-08 12:22:05,779 - DEBUG - Updated probability model at iteration 305
2025-04-08 12:22:05,779 - INFO - EL has been consistently better for 5 iterations, adjusting ratios: SL=0.10, EL=0.90
2025-04-08 12:22:05,779 - INFO - Iteration 306/500: Phase=hybrid learning, SL ratio=0.10, EL ratio=0.90
2025-04-08 12:22:06,587 - INFO - In generation 306，New best makespan: 1597.00, source: el
2025-04-08 12:22:06,587 - DEBUG -   [SL->EL] 成功! 用SL最优解1754.00替换EL最差解1769.00, 改进了15.00
2025-04-08 12:22:06,588 - DEBUG -   [EL->SL] 成功添加9个EL解到SL种群
2025-04-08 12:22:06,589 - DEBUG - Updated probability model at iteration 306
2025-04-08 12:22:06,589 - INFO - Iteration 307/500: Phase=hybrid learning, SL ratio=0.10, EL ratio=0.90
2025-04-08 12:22:07,353 - DEBUG -   [SL->EL] 成功! 用SL最优解1755.00替换EL最差解1758.00, 改进了3.00
2025-04-08 12:22:07,354 - DEBUG -   [EL->SL] 成功添加9个EL解到SL种群
2025-04-08 12:22:07,354 - DEBUG - Updated probability model at iteration 307
2025-04-08 12:22:07,354 - INFO - Iteration 308/500: Phase=hybrid learning, SL ratio=0.10, EL ratio=0.90
2025-04-08 12:22:08,174 - DEBUG -   [SL->EL] 成功! 用SL最优解1724.00替换EL最差解1783.00, 改进了59.00
2025-04-08 12:22:08,174 - DEBUG -   [EL->SL] 成功添加9个EL解到SL种群
2025-04-08 12:22:08,176 - DEBUG - Updated probability model at iteration 308
2025-04-08 12:22:08,176 - INFO - Iteration 309/500: Phase=hybrid learning, SL ratio=0.10, EL ratio=0.90
2025-04-08 12:22:08,962 - DEBUG -   [SL->EL] 成功! 用SL最优解1747.00替换EL最差解1794.00, 改进了47.00
2025-04-08 12:22:08,964 - DEBUG -   [EL->SL] 成功添加9个EL解到SL种群
2025-04-08 12:22:08,964 - DEBUG - Updated probability model at iteration 309
2025-04-08 12:22:08,964 - INFO - Iteration 310/500: Phase=hybrid learning, SL ratio=0.10, EL ratio=0.90
2025-04-08 12:22:09,748 - INFO - In generation 310，New best makespan: 1596.00, source: el
2025-04-08 12:22:09,749 - DEBUG -   [SL->EL] 失败! SL最优解1783.00不如EL最差解1778.00
2025-04-08 12:22:09,750 - DEBUG -   [EL->SL] 成功添加9个EL解到SL种群
2025-04-08 12:22:09,750 - DEBUG - Updated probability model at iteration 310
2025-04-08 12:22:09,750 - INFO - EL has been consistently better for 5 iterations, adjusting ratios: SL=0.10, EL=0.90
2025-04-08 12:22:09,751 - INFO - Iteration 311/500: Phase=hybrid learning, SL ratio=0.10, EL ratio=0.90
2025-04-08 12:22:10,545 - DEBUG -   [SL->EL] 成功! 用SL最优解1749.00替换EL最差解1848.00, 改进了99.00
2025-04-08 12:22:10,547 - DEBUG -   [EL->SL] 成功添加9个EL解到SL种群
2025-04-08 12:22:10,547 - DEBUG - Updated probability model at iteration 311
2025-04-08 12:22:10,547 - INFO - Iteration 312/500: Phase=hybrid learning, SL ratio=0.10, EL ratio=0.90
2025-04-08 12:22:11,352 - DEBUG -   [SL->EL] 成功! 用SL最优解1814.00替换EL最差解1828.00, 改进了14.00
2025-04-08 12:22:11,354 - DEBUG -   [EL->SL] 成功添加9个EL解到SL种群
2025-04-08 12:22:11,354 - DEBUG - Updated probability model at iteration 312
2025-04-08 12:22:11,354 - INFO - Iteration 313/500: Phase=hybrid learning, SL ratio=0.10, EL ratio=0.90
2025-04-08 12:22:12,138 - DEBUG -   [SL->EL] 成功! 用SL最优解1794.00替换EL最差解1801.00, 改进了7.00
2025-04-08 12:22:12,140 - DEBUG -   [EL->SL] 成功添加9个EL解到SL种群
2025-04-08 12:22:12,140 - DEBUG - Updated probability model at iteration 313
2025-04-08 12:22:12,140 - INFO - Iteration 314/500: Phase=hybrid learning, SL ratio=0.10, EL ratio=0.90
2025-04-08 12:22:12,943 - DEBUG -   [SL->EL] 成功! 用SL最优解1728.00替换EL最差解1763.00, 改进了35.00
2025-04-08 12:22:12,943 - DEBUG -   [EL->SL] 成功添加9个EL解到SL种群
2025-04-08 12:22:12,945 - DEBUG - Updated probability model at iteration 314
2025-04-08 12:22:12,945 - INFO - Iteration 315/500: Phase=hybrid learning, SL ratio=0.10, EL ratio=0.90
2025-04-08 12:22:13,755 - INFO - In generation 315，New best makespan: 1595.00, source: el
2025-04-08 12:22:13,755 - DEBUG -   [SL->EL] 失败! SL最优解1762.00不如EL最差解1752.00
2025-04-08 12:22:13,757 - DEBUG -   [EL->SL] 成功添加9个EL解到SL种群
2025-04-08 12:22:13,757 - DEBUG - Updated probability model at iteration 315
2025-04-08 12:22:13,757 - INFO - EL has been consistently better for 5 iterations, adjusting ratios: SL=0.10, EL=0.90
2025-04-08 12:22:13,758 - INFO - Iteration 316/500: Phase=hybrid learning, SL ratio=0.10, EL ratio=0.90
2025-04-08 12:22:14,531 - DEBUG -   [SL->EL] 成功! 用SL最优解1742.00替换EL最差解1785.00, 改进了43.00
2025-04-08 12:22:14,533 - DEBUG -   [EL->SL] 成功添加9个EL解到SL种群
2025-04-08 12:22:14,533 - DEBUG - Updated probability model at iteration 316
2025-04-08 12:22:14,533 - INFO - Iteration 317/500: Phase=hybrid learning, SL ratio=0.10, EL ratio=0.90
2025-04-08 12:22:15,329 - DEBUG -   [SL->EL] 成功! 用SL最优解1732.00替换EL最差解1859.00, 改进了127.00
2025-04-08 12:22:15,331 - DEBUG -   [EL->SL] 成功添加9个EL解到SL种群
2025-04-08 12:22:15,331 - DEBUG - Updated probability model at iteration 317
2025-04-08 12:22:15,331 - INFO - Iteration 318/500: Phase=hybrid learning, SL ratio=0.10, EL ratio=0.90
2025-04-08 12:22:16,126 - DEBUG -   [SL->EL] 成功! 用SL最优解1716.00替换EL最差解1741.00, 改进了25.00
2025-04-08 12:22:16,127 - DEBUG -   [EL->SL] 成功添加9个EL解到SL种群
2025-04-08 12:22:16,127 - DEBUG - Updated probability model at iteration 318
2025-04-08 12:22:16,127 - INFO - Iteration 319/500: Phase=hybrid learning, SL ratio=0.10, EL ratio=0.90
2025-04-08 12:22:16,931 - DEBUG -   [SL->EL] 成功! 用SL最优解1728.00替换EL最差解1786.00, 改进了58.00
2025-04-08 12:22:16,932 - DEBUG -   [EL->SL] 成功添加9个EL解到SL种群
2025-04-08 12:22:16,932 - DEBUG - Updated probability model at iteration 319
2025-04-08 12:22:16,932 - INFO - Iteration 320/500: Phase=hybrid learning, SL ratio=0.10, EL ratio=0.90
2025-04-08 12:22:17,714 - DEBUG -   [SL->EL] 成功! 用SL最优解1730.00替换EL最差解1789.00, 改进了59.00
2025-04-08 12:22:17,715 - DEBUG -   [EL->SL] 成功添加9个EL解到SL种群
2025-04-08 12:22:17,716 - DEBUG - Updated probability model at iteration 320
2025-04-08 12:22:17,716 - INFO - EL has been consistently better for 5 iterations, adjusting ratios: SL=0.10, EL=0.90
2025-04-08 12:22:17,716 - INFO - Iteration 321/500: Phase=hybrid learning, SL ratio=0.10, EL ratio=0.90
2025-04-08 12:22:18,515 - DEBUG -   [SL->EL] 失败! SL最优解1798.00不如EL最差解1777.00
2025-04-08 12:22:18,516 - DEBUG -   [EL->SL] 成功添加9个EL解到SL种群
2025-04-08 12:22:18,516 - DEBUG - Updated probability model at iteration 321
2025-04-08 12:22:18,516 - INFO - Iteration 322/500: Phase=hybrid learning, SL ratio=0.10, EL ratio=0.90
2025-04-08 12:22:19,307 - DEBUG -   [SL->EL] 失败! SL最优解1775.00不如EL最差解1766.00
2025-04-08 12:22:19,309 - DEBUG -   [EL->SL] 成功添加9个EL解到SL种群
2025-04-08 12:22:19,309 - DEBUG - Updated probability model at iteration 322
2025-04-08 12:22:19,310 - INFO - Iteration 323/500: Phase=hybrid learning, SL ratio=0.10, EL ratio=0.90
2025-04-08 12:22:20,073 - DEBUG -   [SL->EL] 失败! SL最优解1789.00不如EL最差解1758.00
2025-04-08 12:22:20,075 - DEBUG -   [EL->SL] 成功添加9个EL解到SL种群
2025-04-08 12:22:20,075 - DEBUG - Updated probability model at iteration 323
2025-04-08 12:22:20,075 - INFO - Iteration 324/500: Phase=hybrid learning, SL ratio=0.10, EL ratio=0.90
2025-04-08 12:22:20,848 - DEBUG -   [SL->EL] 成功! 用SL最优解1787.00替换EL最差解1812.00, 改进了25.00
2025-04-08 12:22:20,849 - DEBUG -   [EL->SL] 成功添加9个EL解到SL种群
2025-04-08 12:22:20,849 - DEBUG - Updated probability model at iteration 324
2025-04-08 12:22:20,849 - INFO - Iteration 325/500: Phase=hybrid learning, SL ratio=0.10, EL ratio=0.90
2025-04-08 12:22:21,651 - DEBUG -   [SL->EL] 成功! 用SL最优解1765.00替换EL最差解1791.00, 改进了26.00
2025-04-08 12:22:21,652 - DEBUG -   [EL->SL] 成功添加9个EL解到SL种群
2025-04-08 12:22:21,652 - DEBUG - Updated probability model at iteration 325
2025-04-08 12:22:21,652 - INFO - EL has been consistently better for 5 iterations, adjusting ratios: SL=0.10, EL=0.90
2025-04-08 12:22:21,653 - INFO - Iteration 326/500: Phase=hybrid learning, SL ratio=0.10, EL ratio=0.90
2025-04-08 12:22:22,478 - DEBUG -   [SL->EL] 成功! 用SL最优解1745.00替换EL最差解1753.00, 改进了8.00
2025-04-08 12:22:22,479 - DEBUG -   [EL->SL] 成功添加9个EL解到SL种群
2025-04-08 12:22:22,480 - DEBUG - Updated probability model at iteration 326
2025-04-08 12:22:22,480 - INFO - Iteration 327/500: Phase=hybrid learning, SL ratio=0.10, EL ratio=0.90
2025-04-08 12:22:23,279 - DEBUG -   [SL->EL] 成功! 用SL最优解1781.00替换EL最差解1791.00, 改进了10.00
2025-04-08 12:22:23,281 - DEBUG -   [EL->SL] 成功添加9个EL解到SL种群
2025-04-08 12:22:23,281 - DEBUG - Updated probability model at iteration 327
2025-04-08 12:22:23,282 - INFO - Iteration 328/500: Phase=hybrid learning, SL ratio=0.10, EL ratio=0.90
2025-04-08 12:22:24,106 - DEBUG -   [SL->EL] 成功! 用SL最优解1753.00替换EL最差解1782.00, 改进了29.00
2025-04-08 12:22:24,108 - DEBUG -   [EL->SL] 成功添加9个EL解到SL种群
2025-04-08 12:22:24,108 - DEBUG - Updated probability model at iteration 328
2025-04-08 12:22:24,108 - INFO - Iteration 329/500: Phase=hybrid learning, SL ratio=0.10, EL ratio=0.90
2025-04-08 12:22:24,896 - DEBUG -   [SL->EL] 失败! SL最优解1756.00不如EL最差解1756.00
2025-04-08 12:22:24,897 - DEBUG -   [EL->SL] 成功添加9个EL解到SL种群
2025-04-08 12:22:24,898 - DEBUG - Updated probability model at iteration 329
2025-04-08 12:22:24,898 - INFO - Iteration 330/500: Phase=hybrid learning, SL ratio=0.10, EL ratio=0.90
2025-04-08 12:22:25,675 - DEBUG -   [SL->EL] 失败! SL最优解1807.00不如EL最差解1792.00
2025-04-08 12:22:25,676 - DEBUG -   [EL->SL] 成功添加9个EL解到SL种群
2025-04-08 12:22:25,676 - DEBUG - Updated probability model at iteration 330
2025-04-08 12:22:25,676 - INFO - EL has been consistently better for 5 iterations, adjusting ratios: SL=0.10, EL=0.90
2025-04-08 12:22:25,676 - INFO - Iteration 331/500: Phase=hybrid learning, SL ratio=0.10, EL ratio=0.90
2025-04-08 12:22:26,477 - DEBUG -   [SL->EL] 成功! 用SL最优解1779.00替换EL最差解1786.00, 改进了7.00
2025-04-08 12:22:26,479 - DEBUG -   [EL->SL] 成功添加9个EL解到SL种群
2025-04-08 12:22:26,479 - DEBUG - Updated probability model at iteration 331
2025-04-08 12:22:26,479 - INFO - Iteration 332/500: Phase=hybrid learning, SL ratio=0.10, EL ratio=0.90
2025-04-08 12:22:27,268 - DEBUG -   [SL->EL] 成功! 用SL最优解1722.00替换EL最差解1754.00, 改进了32.00
2025-04-08 12:22:27,269 - DEBUG -   [EL->SL] 成功添加9个EL解到SL种群
2025-04-08 12:22:27,270 - DEBUG - Updated probability model at iteration 332
2025-04-08 12:22:27,270 - INFO - Iteration 333/500: Phase=hybrid learning, SL ratio=0.10, EL ratio=0.90
2025-04-08 12:22:28,049 - DEBUG -   [SL->EL] 成功! 用SL最优解1748.00替换EL最差解1806.00, 改进了58.00
2025-04-08 12:22:28,050 - DEBUG -   [EL->SL] 成功添加9个EL解到SL种群
2025-04-08 12:22:28,051 - DEBUG - Updated probability model at iteration 333
2025-04-08 12:22:28,051 - INFO - Iteration 334/500: Phase=hybrid learning, SL ratio=0.10, EL ratio=0.90
2025-04-08 12:22:28,829 - DEBUG -   [SL->EL] 失败! SL最优解1800.00不如EL最差解1772.00
2025-04-08 12:22:28,830 - DEBUG -   [EL->SL] 成功添加9个EL解到SL种群
2025-04-08 12:22:28,830 - DEBUG - Updated probability model at iteration 334
2025-04-08 12:22:28,830 - INFO - Iteration 335/500: Phase=hybrid learning, SL ratio=0.10, EL ratio=0.90
2025-04-08 12:22:29,632 - DEBUG -   [SL->EL] 成功! 用SL最优解1763.00替换EL最差解1768.00, 改进了5.00
2025-04-08 12:22:29,633 - DEBUG -   [EL->SL] 成功添加9个EL解到SL种群
2025-04-08 12:22:29,634 - DEBUG - Updated probability model at iteration 335
2025-04-08 12:22:29,634 - INFO - Iteration 336/500: Phase=hybrid learning, SL ratio=0.10, EL ratio=0.90
2025-04-08 12:22:30,417 - DEBUG -   [SL->EL] 成功! 用SL最优解1737.00替换EL最差解1820.00, 改进了83.00
2025-04-08 12:22:30,418 - DEBUG -   [EL->SL] 成功添加9个EL解到SL种群
2025-04-08 12:22:30,418 - DEBUG - Updated probability model at iteration 336
2025-04-08 12:22:30,418 - INFO - Iteration 337/500: Phase=hybrid learning, SL ratio=0.10, EL ratio=0.90
2025-04-08 12:22:31,222 - DEBUG -   [SL->EL] 成功! 用SL最优解1759.00替换EL最差解1768.00, 改进了9.00
2025-04-08 12:22:31,224 - DEBUG -   [EL->SL] 成功添加9个EL解到SL种群
2025-04-08 12:22:31,224 - DEBUG - Updated probability model at iteration 337
2025-04-08 12:22:31,224 - INFO - Iteration 338/500: Phase=hybrid learning, SL ratio=0.10, EL ratio=0.90
2025-04-08 12:22:32,020 - DEBUG -   [SL->EL] 成功! 用SL最优解1737.00替换EL最差解1854.00, 改进了117.00
2025-04-08 12:22:32,022 - DEBUG -   [EL->SL] 成功添加9个EL解到SL种群
2025-04-08 12:22:32,022 - DEBUG - Updated probability model at iteration 338
2025-04-08 12:22:32,022 - INFO - Iteration 339/500: Phase=hybrid learning, SL ratio=0.10, EL ratio=0.90
2025-04-08 12:22:32,837 - DEBUG -   [SL->EL] 成功! 用SL最优解1768.00替换EL最差解1825.00, 改进了57.00
2025-04-08 12:22:32,837 - DEBUG -   [EL->SL] 成功添加9个EL解到SL种群
2025-04-08 12:22:32,839 - DEBUG - Updated probability model at iteration 339
2025-04-08 12:22:32,839 - INFO - Iteration 340/500: Phase=hybrid learning, SL ratio=0.10, EL ratio=0.90
2025-04-08 12:22:33,639 - DEBUG -   [SL->EL] 成功! 用SL最优解1669.00替换EL最差解1787.00, 改进了118.00
2025-04-08 12:22:33,640 - DEBUG -   [EL->SL] 成功添加9个EL解到SL种群
2025-04-08 12:22:33,640 - DEBUG - Updated probability model at iteration 340
2025-04-08 12:22:33,640 - INFO - Iteration 341/500: Phase=hybrid learning, SL ratio=0.10, EL ratio=0.90
2025-04-08 12:22:34,427 - DEBUG -   [SL->EL] 失败! SL最优解1794.00不如EL最差解1742.00
2025-04-08 12:22:34,429 - DEBUG -   [EL->SL] 成功添加9个EL解到SL种群
2025-04-08 12:22:34,429 - DEBUG - Updated probability model at iteration 341
2025-04-08 12:22:34,429 - INFO - Iteration 342/500: Phase=hybrid learning, SL ratio=0.10, EL ratio=0.90
2025-04-08 12:22:35,220 - DEBUG -   [SL->EL] 成功! 用SL最优解1727.00替换EL最差解1817.00, 改进了90.00
2025-04-08 12:22:35,221 - DEBUG -   [EL->SL] 成功添加9个EL解到SL种群
2025-04-08 12:22:35,221 - DEBUG - Updated probability model at iteration 342
2025-04-08 12:22:35,221 - INFO - Iteration 343/500: Phase=hybrid learning, SL ratio=0.10, EL ratio=0.90
2025-04-08 12:22:36,068 - DEBUG -   [SL->EL] 失败! SL最优解1785.00不如EL最差解1744.00
2025-04-08 12:22:36,070 - DEBUG -   [EL->SL] 成功添加9个EL解到SL种群
2025-04-08 12:22:36,070 - DEBUG - Updated probability model at iteration 343
2025-04-08 12:22:36,070 - INFO - Iteration 344/500: Phase=hybrid learning, SL ratio=0.10, EL ratio=0.90
2025-04-08 12:22:36,877 - DEBUG -   [SL->EL] 成功! 用SL最优解1785.00替换EL最差解1796.00, 改进了11.00
2025-04-08 12:22:36,878 - DEBUG -   [EL->SL] 成功添加9个EL解到SL种群
2025-04-08 12:22:36,879 - DEBUG - Updated probability model at iteration 344
2025-04-08 12:22:36,879 - INFO - Iteration 345/500: Phase=hybrid learning, SL ratio=0.10, EL ratio=0.90
2025-04-08 12:22:37,689 - DEBUG -   [SL->EL] 成功! 用SL最优解1708.00替换EL最差解1748.00, 改进了40.00
2025-04-08 12:22:37,690 - DEBUG -   [EL->SL] 成功添加9个EL解到SL种群
2025-04-08 12:22:37,691 - DEBUG - Updated probability model at iteration 345
2025-04-08 12:22:37,691 - INFO - Iteration 346/500: Phase=hybrid learning, SL ratio=0.10, EL ratio=0.90
2025-04-08 12:22:38,512 - DEBUG -   [SL->EL] 成功! 用SL最优解1767.00替换EL最差解1801.00, 改进了34.00
2025-04-08 12:22:38,512 - DEBUG -   [EL->SL] 成功添加9个EL解到SL种群
2025-04-08 12:22:38,514 - DEBUG - Updated probability model at iteration 346
2025-04-08 12:22:38,514 - INFO - Iteration 347/500: Phase=hybrid learning, SL ratio=0.10, EL ratio=0.90
2025-04-08 12:22:39,346 - DEBUG -   [SL->EL] 成功! 用SL最优解1754.00替换EL最差解1774.00, 改进了20.00
2025-04-08 12:22:39,347 - DEBUG -   [EL->SL] 成功添加9个EL解到SL种群
2025-04-08 12:22:39,348 - DEBUG - Updated probability model at iteration 347
2025-04-08 12:22:39,348 - INFO - Iteration 348/500: Phase=hybrid learning, SL ratio=0.10, EL ratio=0.90
2025-04-08 12:22:40,132 - DEBUG -   [SL->EL] 成功! 用SL最优解1754.00替换EL最差解1827.00, 改进了73.00
2025-04-08 12:22:40,134 - DEBUG -   [EL->SL] 成功添加9个EL解到SL种群
2025-04-08 12:22:40,135 - DEBUG - Updated probability model at iteration 348
2025-04-08 12:22:40,135 - INFO - Iteration 349/500: Phase=hybrid learning, SL ratio=0.10, EL ratio=0.90
2025-04-08 12:22:40,947 - DEBUG -   [SL->EL] 成功! 用SL最优解1737.00替换EL最差解1748.00, 改进了11.00
2025-04-08 12:22:40,947 - DEBUG -   [EL->SL] 成功添加9个EL解到SL种群
2025-04-08 12:22:40,947 - DEBUG - Updated probability model at iteration 349
2025-04-08 12:22:40,947 - INFO - Iteration 350/500: Phase=hybrid learning, SL ratio=0.10, EL ratio=0.90
2025-04-08 12:22:41,748 - INFO - In generation 350，New best makespan: 1593.00, source: el
2025-04-08 12:22:41,748 - DEBUG -   [SL->EL] 失败! SL最优解1854.00不如EL最差解1797.00
2025-04-08 12:22:41,750 - DEBUG -   [EL->SL] 成功添加9个EL解到SL种群
2025-04-08 12:22:41,750 - DEBUG - Updated probability model at iteration 350
2025-04-08 12:22:41,750 - INFO - Iteration 351/500: Phase=hybrid learning, SL ratio=0.10, EL ratio=0.90
2025-04-08 12:22:42,564 - DEBUG -   [SL->EL] 成功! 用SL最优解1752.00替换EL最差解1852.00, 改进了100.00
2025-04-08 12:22:42,567 - DEBUG -   [EL->SL] 成功添加9个EL解到SL种群
2025-04-08 12:22:42,567 - DEBUG - Updated probability model at iteration 351
2025-04-08 12:22:42,567 - INFO - Iteration 352/500: Phase=hybrid learning, SL ratio=0.10, EL ratio=0.90
2025-04-08 12:22:43,359 - DEBUG -   [SL->EL] 成功! 用SL最优解1740.00替换EL最差解1848.00, 改进了108.00
2025-04-08 12:22:43,361 - DEBUG -   [EL->SL] 成功添加9个EL解到SL种群
2025-04-08 12:22:43,361 - DEBUG - Updated probability model at iteration 352
2025-04-08 12:22:43,361 - INFO - Iteration 353/500: Phase=hybrid learning, SL ratio=0.10, EL ratio=0.90
2025-04-08 12:22:44,145 - DEBUG -   [SL->EL] 成功! 用SL最优解1773.00替换EL最差解1776.00, 改进了3.00
2025-04-08 12:22:44,146 - DEBUG -   [EL->SL] 成功添加9个EL解到SL种群
2025-04-08 12:22:44,147 - DEBUG - Updated probability model at iteration 353
2025-04-08 12:22:44,147 - INFO - Iteration 354/500: Phase=hybrid learning, SL ratio=0.10, EL ratio=0.90
2025-04-08 12:22:44,942 - DEBUG -   [SL->EL] 成功! 用SL最优解1730.00替换EL最差解1752.00, 改进了22.00
2025-04-08 12:22:44,943 - DEBUG -   [EL->SL] 成功添加9个EL解到SL种群
2025-04-08 12:22:44,945 - DEBUG - Updated probability model at iteration 354
2025-04-08 12:22:44,945 - INFO - EL has been consistently better for 5 iterations, adjusting ratios: SL=0.10, EL=0.90
2025-04-08 12:22:44,945 - INFO - Iteration 355/500: Phase=hybrid learning, SL ratio=0.10, EL ratio=0.90
2025-04-08 12:22:45,755 - DEBUG -   [SL->EL] 失败! SL最优解1766.00不如EL最差解1755.00
2025-04-08 12:22:45,756 - DEBUG -   [EL->SL] 成功添加9个EL解到SL种群
2025-04-08 12:22:45,756 - DEBUG - Updated probability model at iteration 355
2025-04-08 12:22:45,756 - INFO - Iteration 356/500: Phase=hybrid learning, SL ratio=0.10, EL ratio=0.90
2025-04-08 12:22:46,545 - DEBUG -   [SL->EL] 成功! 用SL最优解1747.00替换EL最差解1781.00, 改进了34.00
2025-04-08 12:22:46,547 - DEBUG -   [EL->SL] 成功添加9个EL解到SL种群
2025-04-08 12:22:46,547 - DEBUG - Updated probability model at iteration 356
2025-04-08 12:22:46,547 - INFO - Iteration 357/500: Phase=hybrid learning, SL ratio=0.10, EL ratio=0.90
2025-04-08 12:22:47,312 - DEBUG -   [SL->EL] 成功! 用SL最优解1810.00替换EL最差解1848.00, 改进了38.00
2025-04-08 12:22:47,315 - DEBUG -   [EL->SL] 成功添加9个EL解到SL种群
2025-04-08 12:22:47,315 - DEBUG - Updated probability model at iteration 357
2025-04-08 12:22:47,315 - INFO - Iteration 358/500: Phase=hybrid learning, SL ratio=0.10, EL ratio=0.90
2025-04-08 12:22:48,102 - DEBUG -   [SL->EL] 成功! 用SL最优解1745.00替换EL最差解1761.00, 改进了16.00
2025-04-08 12:22:48,103 - DEBUG -   [EL->SL] 成功添加9个EL解到SL种群
2025-04-08 12:22:48,104 - DEBUG - Updated probability model at iteration 358
2025-04-08 12:22:48,104 - INFO - Iteration 359/500: Phase=hybrid learning, SL ratio=0.10, EL ratio=0.90
2025-04-08 12:22:48,892 - DEBUG -   [SL->EL] 成功! 用SL最优解1737.00替换EL最差解1782.00, 改进了45.00
2025-04-08 12:22:48,894 - DEBUG -   [EL->SL] 成功添加9个EL解到SL种群
2025-04-08 12:22:48,894 - DEBUG - Updated probability model at iteration 359
2025-04-08 12:22:48,894 - INFO - EL has been consistently better for 5 iterations, adjusting ratios: SL=0.10, EL=0.90
2025-04-08 12:22:48,895 - INFO - Iteration 360/500: Phase=hybrid learning, SL ratio=0.10, EL ratio=0.90
2025-04-08 12:22:49,662 - DEBUG -   [SL->EL] 失败! SL最优解1795.00不如EL最差解1741.00
2025-04-08 12:22:49,663 - DEBUG -   [EL->SL] 成功添加9个EL解到SL种群
2025-04-08 12:22:49,664 - DEBUG - Updated probability model at iteration 360
2025-04-08 12:22:49,664 - INFO - Iteration 361/500: Phase=hybrid learning, SL ratio=0.10, EL ratio=0.90
2025-04-08 12:22:50,429 - INFO - In generation 361，New best makespan: 1592.00, source: el
2025-04-08 12:22:50,430 - DEBUG -   [SL->EL] 成功! 用SL最优解1739.00替换EL最差解1818.00, 改进了79.00
2025-04-08 12:22:50,431 - DEBUG -   [EL->SL] 成功添加9个EL解到SL种群
2025-04-08 12:22:50,431 - DEBUG - Updated probability model at iteration 361
2025-04-08 12:22:50,431 - INFO - Iteration 362/500: Phase=hybrid learning, SL ratio=0.10, EL ratio=0.90
2025-04-08 12:22:51,210 - DEBUG -   [SL->EL] 成功! 用SL最优解1726.00替换EL最差解1822.00, 改进了96.00
2025-04-08 12:22:51,211 - DEBUG -   [EL->SL] 成功添加9个EL解到SL种群
2025-04-08 12:22:51,212 - DEBUG - Updated probability model at iteration 362
2025-04-08 12:22:51,212 - INFO - Iteration 363/500: Phase=hybrid learning, SL ratio=0.10, EL ratio=0.90
2025-04-08 12:22:52,023 - DEBUG -   [SL->EL] 成功! 用SL最优解1753.00替换EL最差解1819.00, 改进了66.00
2025-04-08 12:22:52,024 - DEBUG -   [EL->SL] 成功添加9个EL解到SL种群
2025-04-08 12:22:52,025 - DEBUG - Updated probability model at iteration 363
2025-04-08 12:22:52,025 - INFO - Iteration 364/500: Phase=hybrid learning, SL ratio=0.10, EL ratio=0.90
2025-04-08 12:22:52,833 - DEBUG -   [SL->EL] 成功! 用SL最优解1739.00替换EL最差解1837.00, 改进了98.00
2025-04-08 12:22:52,834 - DEBUG -   [EL->SL] 成功添加9个EL解到SL种群
2025-04-08 12:22:52,835 - DEBUG - Updated probability model at iteration 364
2025-04-08 12:22:52,835 - INFO - EL has been consistently better for 5 iterations, adjusting ratios: SL=0.10, EL=0.90
2025-04-08 12:22:52,836 - INFO - Iteration 365/500: Phase=hybrid learning, SL ratio=0.10, EL ratio=0.90
2025-04-08 12:22:53,612 - DEBUG -   [SL->EL] 成功! 用SL最优解1730.00替换EL最差解1805.00, 改进了75.00
2025-04-08 12:22:53,612 - DEBUG -   [EL->SL] 成功添加9个EL解到SL种群
2025-04-08 12:22:53,614 - DEBUG - Updated probability model at iteration 365
2025-04-08 12:22:53,614 - INFO - Iteration 366/500: Phase=hybrid learning, SL ratio=0.10, EL ratio=0.90
2025-04-08 12:22:54,422 - DEBUG -   [SL->EL] 成功! 用SL最优解1732.00替换EL最差解1795.00, 改进了63.00
2025-04-08 12:22:54,424 - DEBUG -   [EL->SL] 成功添加9个EL解到SL种群
2025-04-08 12:22:54,425 - DEBUG - Updated probability model at iteration 366
2025-04-08 12:22:54,425 - INFO - Iteration 367/500: Phase=hybrid learning, SL ratio=0.10, EL ratio=0.90
2025-04-08 12:22:55,204 - DEBUG -   [SL->EL] 失败! SL最优解1734.00不如EL最差解1714.00
2025-04-08 12:22:55,205 - DEBUG -   [EL->SL] 成功添加9个EL解到SL种群
2025-04-08 12:22:55,205 - DEBUG - Updated probability model at iteration 367
2025-04-08 12:22:55,205 - INFO - Iteration 368/500: Phase=hybrid learning, SL ratio=0.10, EL ratio=0.90
2025-04-08 12:22:55,981 - DEBUG -   [SL->EL] 成功! 用SL最优解1702.00替换EL最差解1773.00, 改进了71.00
2025-04-08 12:22:55,983 - DEBUG -   [EL->SL] 成功添加9个EL解到SL种群
2025-04-08 12:22:55,983 - DEBUG - Updated probability model at iteration 368
2025-04-08 12:22:55,983 - INFO - Iteration 369/500: Phase=hybrid learning, SL ratio=0.10, EL ratio=0.90
2025-04-08 12:22:56,775 - DEBUG -   [SL->EL] 失败! SL最优解1750.00不如EL最差解1750.00
2025-04-08 12:22:56,777 - DEBUG -   [EL->SL] 成功添加9个EL解到SL种群
2025-04-08 12:22:56,777 - DEBUG - Updated probability model at iteration 369
2025-04-08 12:22:56,777 - INFO - EL has been consistently better for 5 iterations, adjusting ratios: SL=0.10, EL=0.90
2025-04-08 12:22:56,777 - INFO - Iteration 370/500: Phase=hybrid learning, SL ratio=0.10, EL ratio=0.90
2025-04-08 12:22:57,574 - INFO - In generation 370，New best makespan: 1586.00, source: el
2025-04-08 12:22:57,574 - DEBUG -   [SL->EL] 失败! SL最优解1769.00不如EL最差解1755.00
2025-04-08 12:22:57,576 - DEBUG -   [EL->SL] 成功添加9个EL解到SL种群
2025-04-08 12:22:57,577 - DEBUG - Updated probability model at iteration 370
2025-04-08 12:22:57,577 - INFO - Iteration 371/500: Phase=hybrid learning, SL ratio=0.10, EL ratio=0.90
2025-04-08 12:22:58,392 - DEBUG -   [SL->EL] 成功! 用SL最优解1755.00替换EL最差解1760.00, 改进了5.00
2025-04-08 12:22:58,393 - DEBUG -   [EL->SL] 成功添加9个EL解到SL种群
2025-04-08 12:22:58,393 - DEBUG - Updated probability model at iteration 371
2025-04-08 12:22:58,393 - INFO - Iteration 372/500: Phase=hybrid learning, SL ratio=0.10, EL ratio=0.90
2025-04-08 12:22:59,214 - DEBUG -   [SL->EL] 成功! 用SL最优解1755.00替换EL最差解1941.00, 改进了186.00
2025-04-08 12:22:59,215 - DEBUG -   [EL->SL] 成功添加9个EL解到SL种群
2025-04-08 12:22:59,215 - DEBUG - Updated probability model at iteration 372
2025-04-08 12:22:59,215 - INFO - Iteration 373/500: Phase=hybrid learning, SL ratio=0.10, EL ratio=0.90
2025-04-08 12:23:00,015 - DEBUG -   [SL->EL] 成功! 用SL最优解1707.00替换EL最差解1750.00, 改进了43.00
2025-04-08 12:23:00,016 - DEBUG -   [EL->SL] 成功添加9个EL解到SL种群
2025-04-08 12:23:00,017 - DEBUG - Updated probability model at iteration 373
2025-04-08 12:23:00,017 - INFO - Iteration 374/500: Phase=hybrid learning, SL ratio=0.10, EL ratio=0.90
2025-04-08 12:23:00,820 - DEBUG -   [SL->EL] 成功! 用SL最优解1760.00替换EL最差解1829.00, 改进了69.00
2025-04-08 12:23:00,821 - DEBUG -   [EL->SL] 成功添加9个EL解到SL种群
2025-04-08 12:23:00,821 - DEBUG - Updated probability model at iteration 374
2025-04-08 12:23:00,821 - INFO - EL has been consistently better for 5 iterations, adjusting ratios: SL=0.10, EL=0.90
2025-04-08 12:23:00,822 - INFO - Iteration 375/500: Phase=hybrid learning, SL ratio=0.10, EL ratio=0.90
2025-04-08 12:23:01,616 - DEBUG -   [SL->EL] 成功! 用SL最优解1777.00替换EL最差解1779.00, 改进了2.00
2025-04-08 12:23:01,617 - DEBUG -   [EL->SL] 成功添加9个EL解到SL种群
2025-04-08 12:23:01,618 - DEBUG - Updated probability model at iteration 375
2025-04-08 12:23:01,618 - INFO - Iteration 376/500: Phase=hybrid learning, SL ratio=0.10, EL ratio=0.90
2025-04-08 12:23:02,397 - DEBUG -   [SL->EL] 成功! 用SL最优解1719.00替换EL最差解1800.00, 改进了81.00
2025-04-08 12:23:02,397 - DEBUG -   [EL->SL] 成功添加9个EL解到SL种群
2025-04-08 12:23:02,399 - DEBUG - Updated probability model at iteration 376
2025-04-08 12:23:02,399 - INFO - Iteration 377/500: Phase=hybrid learning, SL ratio=0.10, EL ratio=0.90
2025-04-08 12:23:03,200 - DEBUG -   [SL->EL] 成功! 用SL最优解1717.00替换EL最差解1772.00, 改进了55.00
2025-04-08 12:23:03,201 - DEBUG -   [EL->SL] 成功添加9个EL解到SL种群
2025-04-08 12:23:03,202 - DEBUG - Updated probability model at iteration 377
2025-04-08 12:23:03,202 - INFO - Iteration 378/500: Phase=hybrid learning, SL ratio=0.10, EL ratio=0.90
2025-04-08 12:23:03,979 - DEBUG -   [SL->EL] 成功! 用SL最优解1777.00替换EL最差解1827.00, 改进了50.00
2025-04-08 12:23:03,982 - DEBUG -   [EL->SL] 成功添加9个EL解到SL种群
2025-04-08 12:23:03,982 - DEBUG - Updated probability model at iteration 378
2025-04-08 12:23:03,982 - INFO - Iteration 379/500: Phase=hybrid learning, SL ratio=0.10, EL ratio=0.90
2025-04-08 12:23:04,782 - DEBUG -   [SL->EL] 成功! 用SL最优解1712.00替换EL最差解1802.00, 改进了90.00
2025-04-08 12:23:04,783 - DEBUG -   [EL->SL] 成功添加9个EL解到SL种群
2025-04-08 12:23:04,783 - DEBUG - Updated probability model at iteration 379
2025-04-08 12:23:04,783 - INFO - EL has been consistently better for 5 iterations, adjusting ratios: SL=0.10, EL=0.90
2025-04-08 12:23:04,784 - INFO - Iteration 380/500: Phase=hybrid learning, SL ratio=0.10, EL ratio=0.90
2025-04-08 12:23:05,582 - DEBUG -   [SL->EL] 成功! 用SL最优解1769.00替换EL最差解1828.00, 改进了59.00
2025-04-08 12:23:05,584 - DEBUG -   [EL->SL] 成功添加9个EL解到SL种群
2025-04-08 12:23:05,584 - DEBUG - Updated probability model at iteration 380
2025-04-08 12:23:05,584 - INFO - Iteration 381/500: Phase=hybrid learning, SL ratio=0.10, EL ratio=0.90
2025-04-08 12:23:06,384 - INFO - In generation 381，New best makespan: 1585.00, source: el
2025-04-08 12:23:06,385 - DEBUG -   [SL->EL] 失败! SL最优解1782.00不如EL最差解1735.00
2025-04-08 12:23:06,386 - DEBUG -   [EL->SL] 成功添加9个EL解到SL种群
2025-04-08 12:23:06,387 - DEBUG - Updated probability model at iteration 381
2025-04-08 12:23:06,387 - INFO - Iteration 382/500: Phase=hybrid learning, SL ratio=0.10, EL ratio=0.90
2025-04-08 12:23:07,168 - DEBUG -   [SL->EL] 失败! SL最优解1776.00不如EL最差解1766.00
2025-04-08 12:23:07,170 - DEBUG -   [EL->SL] 成功添加9个EL解到SL种群
2025-04-08 12:23:07,171 - DEBUG - Updated probability model at iteration 382
2025-04-08 12:23:07,171 - INFO - Iteration 383/500: Phase=hybrid learning, SL ratio=0.10, EL ratio=0.90
2025-04-08 12:23:07,977 - DEBUG -   [SL->EL] 成功! 用SL最优解1719.00替换EL最差解1764.00, 改进了45.00
2025-04-08 12:23:07,978 - DEBUG -   [EL->SL] 成功添加9个EL解到SL种群
2025-04-08 12:23:07,978 - DEBUG - Updated probability model at iteration 383
2025-04-08 12:23:07,978 - INFO - Iteration 384/500: Phase=hybrid learning, SL ratio=0.10, EL ratio=0.90
2025-04-08 12:23:08,759 - DEBUG -   [SL->EL] 失败! SL最优解1793.00不如EL最差解1766.00
2025-04-08 12:23:08,760 - DEBUG -   [EL->SL] 成功添加9个EL解到SL种群
2025-04-08 12:23:08,760 - DEBUG - Updated probability model at iteration 384
2025-04-08 12:23:08,760 - INFO - EL has been consistently better for 5 iterations, adjusting ratios: SL=0.10, EL=0.90
2025-04-08 12:23:08,760 - INFO - Iteration 385/500: Phase=hybrid learning, SL ratio=0.10, EL ratio=0.90
2025-04-08 12:23:09,574 - DEBUG -   [SL->EL] 成功! 用SL最优解1745.00替换EL最差解1812.00, 改进了67.00
2025-04-08 12:23:09,576 - DEBUG -   [EL->SL] 成功添加9个EL解到SL种群
2025-04-08 12:23:09,576 - DEBUG - Updated probability model at iteration 385
2025-04-08 12:23:09,576 - INFO - Iteration 386/500: Phase=hybrid learning, SL ratio=0.10, EL ratio=0.90
2025-04-08 12:23:10,376 - DEBUG -   [SL->EL] 成功! 用SL最优解1751.00替换EL最差解1798.00, 改进了47.00
2025-04-08 12:23:10,379 - DEBUG -   [EL->SL] 成功添加9个EL解到SL种群
2025-04-08 12:23:10,379 - DEBUG - Updated probability model at iteration 386
2025-04-08 12:23:10,379 - INFO - Iteration 387/500: Phase=hybrid learning, SL ratio=0.10, EL ratio=0.90
2025-04-08 12:23:11,161 - DEBUG -   [SL->EL] 失败! SL最优解1773.00不如EL最差解1738.00
2025-04-08 12:23:11,163 - DEBUG -   [EL->SL] 成功添加9个EL解到SL种群
2025-04-08 12:23:11,163 - DEBUG - Updated probability model at iteration 387
2025-04-08 12:23:11,163 - INFO - Iteration 388/500: Phase=hybrid learning, SL ratio=0.10, EL ratio=0.90
2025-04-08 12:23:11,976 - DEBUG -   [SL->EL] 成功! 用SL最优解1749.00替换EL最差解1786.00, 改进了37.00
2025-04-08 12:23:11,978 - DEBUG -   [EL->SL] 成功添加9个EL解到SL种群
2025-04-08 12:23:11,979 - DEBUG - Updated probability model at iteration 388
2025-04-08 12:23:11,979 - INFO - Iteration 389/500: Phase=hybrid learning, SL ratio=0.10, EL ratio=0.90
2025-04-08 12:23:12,782 - DEBUG -   [SL->EL] 失败! SL最优解1757.00不如EL最差解1730.00
2025-04-08 12:23:12,783 - DEBUG -   [EL->SL] 成功添加9个EL解到SL种群
2025-04-08 12:23:12,783 - DEBUG - Updated probability model at iteration 389
2025-04-08 12:23:12,783 - INFO - EL has been consistently better for 5 iterations, adjusting ratios: SL=0.10, EL=0.90
2025-04-08 12:23:12,784 - INFO - Iteration 390/500: Phase=hybrid learning, SL ratio=0.10, EL ratio=0.90
2025-04-08 12:23:13,586 - DEBUG -   [SL->EL] 失败! SL最优解1774.00不如EL最差解1715.00
2025-04-08 12:23:13,587 - DEBUG -   [EL->SL] 成功添加9个EL解到SL种群
2025-04-08 12:23:13,587 - DEBUG - Updated probability model at iteration 390
2025-04-08 12:23:13,587 - INFO - Iteration 391/500: Phase=hybrid learning, SL ratio=0.10, EL ratio=0.90
2025-04-08 12:23:14,382 - DEBUG -   [SL->EL] 失败! SL最优解1824.00不如EL最差解1720.00
2025-04-08 12:23:14,383 - DEBUG -   [EL->SL] 成功添加9个EL解到SL种群
2025-04-08 12:23:14,384 - DEBUG - Updated probability model at iteration 391
2025-04-08 12:23:14,384 - INFO - Iteration 392/500: Phase=hybrid learning, SL ratio=0.10, EL ratio=0.90
2025-04-08 12:23:15,177 - DEBUG -   [SL->EL] 失败! SL最优解1806.00不如EL最差解1724.00
2025-04-08 12:23:15,178 - DEBUG -   [EL->SL] 成功添加9个EL解到SL种群
2025-04-08 12:23:15,178 - DEBUG - Updated probability model at iteration 392
2025-04-08 12:23:15,178 - INFO - Iteration 393/500: Phase=hybrid learning, SL ratio=0.10, EL ratio=0.90
2025-04-08 12:23:15,969 - DEBUG -   [SL->EL] 成功! 用SL最优解1736.00替换EL最差解1787.00, 改进了51.00
2025-04-08 12:23:15,970 - DEBUG -   [EL->SL] 成功添加9个EL解到SL种群
2025-04-08 12:23:15,971 - DEBUG - Updated probability model at iteration 393
2025-04-08 12:23:15,971 - INFO - Iteration 394/500: Phase=hybrid learning, SL ratio=0.10, EL ratio=0.90
2025-04-08 12:23:16,779 - DEBUG -   [SL->EL] 成功! 用SL最优解1743.00替换EL最差解1800.00, 改进了57.00
2025-04-08 12:23:16,781 - DEBUG -   [EL->SL] 成功添加9个EL解到SL种群
2025-04-08 12:23:16,781 - DEBUG - Updated probability model at iteration 394
2025-04-08 12:23:16,781 - INFO - EL has been consistently better for 5 iterations, adjusting ratios: SL=0.10, EL=0.90
2025-04-08 12:23:16,781 - INFO - Iteration 395/500: Phase=hybrid learning, SL ratio=0.10, EL ratio=0.90
2025-04-08 12:23:17,586 - DEBUG -   [SL->EL] 成功! 用SL最优解1730.00替换EL最差解1734.00, 改进了4.00
2025-04-08 12:23:17,587 - DEBUG -   [EL->SL] 成功添加9个EL解到SL种群
2025-04-08 12:23:17,589 - DEBUG - Updated probability model at iteration 395
2025-04-08 12:23:17,589 - INFO - Iteration 396/500: Phase=hybrid learning, SL ratio=0.10, EL ratio=0.90
2025-04-08 12:23:18,386 - DEBUG -   [SL->EL] 成功! 用SL最优解1753.00替换EL最差解1816.00, 改进了63.00
2025-04-08 12:23:18,387 - DEBUG -   [EL->SL] 成功添加9个EL解到SL种群
2025-04-08 12:23:18,388 - DEBUG - Updated probability model at iteration 396
2025-04-08 12:23:18,388 - INFO - Iteration 397/500: Phase=hybrid learning, SL ratio=0.10, EL ratio=0.90
2025-04-08 12:23:19,188 - DEBUG -   [SL->EL] 失败! SL最优解1773.00不如EL最差解1729.00
2025-04-08 12:23:19,189 - DEBUG -   [EL->SL] 成功添加9个EL解到SL种群
2025-04-08 12:23:19,190 - DEBUG - Updated probability model at iteration 397
2025-04-08 12:23:19,190 - INFO - Iteration 398/500: Phase=hybrid learning, SL ratio=0.10, EL ratio=0.90
2025-04-08 12:23:19,993 - DEBUG -   [SL->EL] 成功! 用SL最优解1727.00替换EL最差解1848.00, 改进了121.00
2025-04-08 12:23:19,994 - DEBUG -   [EL->SL] 成功添加9个EL解到SL种群
2025-04-08 12:23:19,994 - DEBUG - Updated probability model at iteration 398
2025-04-08 12:23:19,994 - INFO - Iteration 399/500: Phase=hybrid learning, SL ratio=0.10, EL ratio=0.90
2025-04-08 12:23:20,803 - DEBUG -   [SL->EL] 成功! 用SL最优解1712.00替换EL最差解1751.00, 改进了39.00
2025-04-08 12:23:20,804 - DEBUG -   [EL->SL] 成功添加9个EL解到SL种群
2025-04-08 12:23:20,804 - DEBUG - Updated probability model at iteration 399
2025-04-08 12:23:20,804 - INFO - EL has been consistently better for 5 iterations, adjusting ratios: SL=0.10, EL=0.90
2025-04-08 12:23:20,805 - INFO - Iteration 400/500: Phase=hybrid learning, SL ratio=0.10, EL ratio=0.90
2025-04-08 12:23:21,607 - DEBUG -   [SL->EL] 成功! 用SL最优解1719.00替换EL最差解1739.00, 改进了20.00
2025-04-08 12:23:21,609 - DEBUG -   [EL->SL] 成功添加9个EL解到SL种群
2025-04-08 12:23:21,609 - DEBUG - Updated probability model at iteration 400
2025-04-08 12:23:21,609 - INFO - Iteration 401/500: Phase=hybrid learning, SL ratio=0.10, EL ratio=0.90
2025-04-08 12:23:22,397 - DEBUG -   [SL->EL] 成功! 用SL最优解1786.00替换EL最差解1816.00, 改进了30.00
2025-04-08 12:23:22,399 - DEBUG -   [EL->SL] 成功添加9个EL解到SL种群
2025-04-08 12:23:22,399 - DEBUG - Updated probability model at iteration 401
2025-04-08 12:23:22,399 - INFO - Iteration 402/500: Phase=hybrid learning, SL ratio=0.10, EL ratio=0.90
2025-04-08 12:23:23,202 - DEBUG -   [SL->EL] 失败! SL最优解1764.00不如EL最差解1763.00
2025-04-08 12:23:23,204 - DEBUG -   [EL->SL] 成功添加9个EL解到SL种群
2025-04-08 12:23:23,204 - DEBUG - Updated probability model at iteration 402
2025-04-08 12:23:23,204 - INFO - Iteration 403/500: Phase=hybrid learning, SL ratio=0.10, EL ratio=0.90
2025-04-08 12:23:24,020 - DEBUG -   [SL->EL] 成功! 用SL最优解1733.00替换EL最差解1866.00, 改进了133.00
2025-04-08 12:23:24,022 - DEBUG -   [EL->SL] 成功添加9个EL解到SL种群
2025-04-08 12:23:24,022 - DEBUG - Updated probability model at iteration 403
2025-04-08 12:23:24,022 - INFO - Iteration 404/500: Phase=hybrid learning, SL ratio=0.10, EL ratio=0.90
2025-04-08 12:23:24,795 - DEBUG -   [SL->EL] 成功! 用SL最优解1725.00替换EL最差解1752.00, 改进了27.00
2025-04-08 12:23:24,797 - DEBUG -   [EL->SL] 成功添加9个EL解到SL种群
2025-04-08 12:23:24,797 - DEBUG - Updated probability model at iteration 404
2025-04-08 12:23:24,797 - INFO - Iteration 405/500: Phase=hybrid learning, SL ratio=0.10, EL ratio=0.90
2025-04-08 12:23:25,588 - INFO - In generation 405，New best makespan: 1584.00, source: el
2025-04-08 12:23:25,588 - DEBUG -   [SL->EL] 成功! 用SL最优解1748.00替换EL最差解1792.00, 改进了44.00
2025-04-08 12:23:25,591 - DEBUG -   [EL->SL] 成功添加9个EL解到SL种群
2025-04-08 12:23:25,591 - DEBUG - Updated probability model at iteration 405
2025-04-08 12:23:25,591 - INFO - Iteration 406/500: Phase=hybrid learning, SL ratio=0.10, EL ratio=0.90
2025-04-08 12:23:26,366 - DEBUG -   [SL->EL] 失败! SL最优解1744.00不如EL最差解1741.00
2025-04-08 12:23:26,367 - DEBUG -   [EL->SL] 成功添加9个EL解到SL种群
2025-04-08 12:23:26,367 - DEBUG - Updated probability model at iteration 406
2025-04-08 12:23:26,367 - INFO - Iteration 407/500: Phase=hybrid learning, SL ratio=0.10, EL ratio=0.90
2025-04-08 12:23:27,162 - DEBUG -   [SL->EL] 失败! SL最优解1762.00不如EL最差解1748.00
2025-04-08 12:23:27,164 - DEBUG -   [EL->SL] 成功添加9个EL解到SL种群
2025-04-08 12:23:27,164 - DEBUG - Updated probability model at iteration 407
2025-04-08 12:23:27,164 - INFO - Iteration 408/500: Phase=hybrid learning, SL ratio=0.10, EL ratio=0.90
2025-04-08 12:23:27,934 - DEBUG -   [SL->EL] 成功! 用SL最优解1750.00替换EL最差解1787.00, 改进了37.00
2025-04-08 12:23:27,935 - DEBUG -   [EL->SL] 成功添加9个EL解到SL种群
2025-04-08 12:23:27,935 - DEBUG - Updated probability model at iteration 408
2025-04-08 12:23:27,935 - INFO - Iteration 409/500: Phase=hybrid learning, SL ratio=0.10, EL ratio=0.90
2025-04-08 12:23:28,718 - DEBUG -   [SL->EL] 失败! SL最优解1757.00不如EL最差解1749.00
2025-04-08 12:23:28,720 - DEBUG -   [EL->SL] 成功添加9个EL解到SL种群
2025-04-08 12:23:28,720 - DEBUG - Updated probability model at iteration 409
2025-04-08 12:23:28,720 - INFO - EL has been consistently better for 5 iterations, adjusting ratios: SL=0.10, EL=0.90
2025-04-08 12:23:28,720 - INFO - Iteration 410/500: Phase=hybrid learning, SL ratio=0.10, EL ratio=0.90
2025-04-08 12:23:29,512 - DEBUG -   [SL->EL] 成功! 用SL最优解1731.00替换EL最差解1764.00, 改进了33.00
2025-04-08 12:23:29,514 - DEBUG -   [EL->SL] 成功添加9个EL解到SL种群
2025-04-08 12:23:29,514 - DEBUG - Updated probability model at iteration 410
2025-04-08 12:23:29,514 - INFO - Iteration 411/500: Phase=hybrid learning, SL ratio=0.10, EL ratio=0.90
2025-04-08 12:23:30,314 - DEBUG -   [SL->EL] 成功! 用SL最优解1743.00替换EL最差解1768.00, 改进了25.00
2025-04-08 12:23:30,316 - DEBUG -   [EL->SL] 成功添加9个EL解到SL种群
2025-04-08 12:23:30,316 - DEBUG - Updated probability model at iteration 411
2025-04-08 12:23:30,316 - INFO - Iteration 412/500: Phase=hybrid learning, SL ratio=0.10, EL ratio=0.90
2025-04-08 12:23:31,080 - DEBUG -   [SL->EL] 成功! 用SL最优解1705.00替换EL最差解1721.00, 改进了16.00
2025-04-08 12:23:31,082 - DEBUG -   [EL->SL] 成功添加9个EL解到SL种群
2025-04-08 12:23:31,082 - DEBUG - Updated probability model at iteration 412
2025-04-08 12:23:31,082 - INFO - Iteration 413/500: Phase=hybrid learning, SL ratio=0.10, EL ratio=0.90
2025-04-08 12:23:31,886 - DEBUG -   [SL->EL] 成功! 用SL最优解1756.00替换EL最差解1768.00, 改进了12.00
2025-04-08 12:23:31,887 - DEBUG -   [EL->SL] 成功添加9个EL解到SL种群
2025-04-08 12:23:31,888 - DEBUG - Updated probability model at iteration 413
2025-04-08 12:23:31,888 - INFO - Iteration 414/500: Phase=hybrid learning, SL ratio=0.10, EL ratio=0.90
2025-04-08 12:23:32,700 - DEBUG -   [SL->EL] 成功! 用SL最优解1749.00替换EL最差解1850.00, 改进了101.00
2025-04-08 12:23:32,701 - DEBUG -   [EL->SL] 成功添加9个EL解到SL种群
2025-04-08 12:23:32,701 - DEBUG - Updated probability model at iteration 414
2025-04-08 12:23:32,702 - INFO - EL has been consistently better for 5 iterations, adjusting ratios: SL=0.10, EL=0.90
2025-04-08 12:23:32,702 - INFO - Iteration 415/500: Phase=hybrid learning, SL ratio=0.10, EL ratio=0.90
2025-04-08 12:23:33,499 - DEBUG -   [SL->EL] 成功! 用SL最优解1759.00替换EL最差解1818.00, 改进了59.00
2025-04-08 12:23:33,500 - DEBUG -   [EL->SL] 成功添加9个EL解到SL种群
2025-04-08 12:23:33,501 - DEBUG - Updated probability model at iteration 415
2025-04-08 12:23:33,501 - INFO - Iteration 416/500: Phase=hybrid learning, SL ratio=0.10, EL ratio=0.90
2025-04-08 12:23:34,287 - DEBUG -   [SL->EL] 失败! SL最优解1765.00不如EL最差解1724.00
2025-04-08 12:23:34,289 - DEBUG -   [EL->SL] 成功添加9个EL解到SL种群
2025-04-08 12:23:34,289 - DEBUG - Updated probability model at iteration 416
2025-04-08 12:23:34,289 - INFO - Iteration 417/500: Phase=hybrid learning, SL ratio=0.10, EL ratio=0.90
2025-04-08 12:23:35,082 - DEBUG -   [SL->EL] 成功! 用SL最优解1712.00替换EL最差解1790.00, 改进了78.00
2025-04-08 12:23:35,084 - DEBUG -   [EL->SL] 成功添加9个EL解到SL种群
2025-04-08 12:23:35,084 - DEBUG - Updated probability model at iteration 417
2025-04-08 12:23:35,084 - INFO - Iteration 418/500: Phase=hybrid learning, SL ratio=0.10, EL ratio=0.90
2025-04-08 12:23:35,861 - DEBUG -   [SL->EL] 失败! SL最优解1788.00不如EL最差解1770.00
2025-04-08 12:23:35,862 - DEBUG -   [EL->SL] 成功添加9个EL解到SL种群
2025-04-08 12:23:35,864 - DEBUG - Updated probability model at iteration 418
2025-04-08 12:23:35,864 - INFO - Iteration 419/500: Phase=hybrid learning, SL ratio=0.10, EL ratio=0.90
2025-04-08 12:23:36,664 - DEBUG -   [SL->EL] 失败! SL最优解1756.00不如EL最差解1754.00
2025-04-08 12:23:36,666 - DEBUG -   [EL->SL] 成功添加9个EL解到SL种群
2025-04-08 12:23:36,666 - DEBUG - Updated probability model at iteration 419
2025-04-08 12:23:36,666 - INFO - EL has been consistently better for 5 iterations, adjusting ratios: SL=0.10, EL=0.90
2025-04-08 12:23:36,666 - INFO - Iteration 420/500: Phase=hybrid learning, SL ratio=0.10, EL ratio=0.90
2025-04-08 12:23:37,471 - DEBUG -   [SL->EL] 成功! 用SL最优解1708.00替换EL最差解1718.00, 改进了10.00
2025-04-08 12:23:37,473 - DEBUG -   [EL->SL] 成功添加9个EL解到SL种群
2025-04-08 12:23:37,473 - DEBUG - Updated probability model at iteration 420
2025-04-08 12:23:37,473 - INFO - Iteration 421/500: Phase=hybrid learning, SL ratio=0.10, EL ratio=0.90
2025-04-08 12:23:38,243 - DEBUG -   [SL->EL] 失败! SL最优解1786.00不如EL最差解1742.00
2025-04-08 12:23:38,244 - DEBUG -   [EL->SL] 成功添加9个EL解到SL种群
2025-04-08 12:23:38,245 - DEBUG - Updated probability model at iteration 421
2025-04-08 12:23:38,245 - INFO - Iteration 422/500: Phase=hybrid learning, SL ratio=0.10, EL ratio=0.90
2025-04-08 12:23:39,047 - DEBUG -   [SL->EL] 成功! 用SL最优解1743.00替换EL最差解1791.00, 改进了48.00
2025-04-08 12:23:39,049 - DEBUG -   [EL->SL] 成功添加9个EL解到SL种群
2025-04-08 12:23:39,049 - DEBUG - Updated probability model at iteration 422
2025-04-08 12:23:39,050 - INFO - Iteration 423/500: Phase=hybrid learning, SL ratio=0.10, EL ratio=0.90
2025-04-08 12:23:39,820 - DEBUG -   [SL->EL] 失败! SL最优解1807.00不如EL最差解1758.00
2025-04-08 12:23:39,821 - DEBUG -   [EL->SL] 成功添加9个EL解到SL种群
2025-04-08 12:23:39,822 - DEBUG - Updated probability model at iteration 423
2025-04-08 12:23:39,822 - INFO - Iteration 424/500: Phase=hybrid learning, SL ratio=0.10, EL ratio=0.90
2025-04-08 12:23:40,632 - DEBUG -   [SL->EL] 失败! SL最优解1773.00不如EL最差解1766.00
2025-04-08 12:23:40,634 - DEBUG -   [EL->SL] 成功添加9个EL解到SL种群
2025-04-08 12:23:40,634 - DEBUG - Updated probability model at iteration 424
2025-04-08 12:23:40,634 - INFO - EL has been consistently better for 5 iterations, adjusting ratios: SL=0.10, EL=0.90
2025-04-08 12:23:40,635 - INFO - Iteration 425/500: Phase=hybrid learning, SL ratio=0.10, EL ratio=0.90
2025-04-08 12:23:41,424 - DEBUG -   [SL->EL] 成功! 用SL最优解1794.00替换EL最差解1798.00, 改进了4.00
2025-04-08 12:23:41,426 - DEBUG -   [EL->SL] 成功添加9个EL解到SL种群
2025-04-08 12:23:41,427 - DEBUG - Updated probability model at iteration 425
2025-04-08 12:23:41,427 - INFO - Iteration 426/500: Phase=hybrid learning, SL ratio=0.10, EL ratio=0.90
2025-04-08 12:23:42,245 - DEBUG -   [SL->EL] 失败! SL最优解1725.00不如EL最差解1713.00
2025-04-08 12:23:42,247 - DEBUG -   [EL->SL] 成功添加9个EL解到SL种群
2025-04-08 12:23:42,247 - DEBUG - Updated probability model at iteration 426
2025-04-08 12:23:42,247 - INFO - Iteration 427/500: Phase=hybrid learning, SL ratio=0.10, EL ratio=0.90
2025-04-08 12:23:43,064 - DEBUG -   [SL->EL] 成功! 用SL最优解1804.00替换EL最差解1882.00, 改进了78.00
2025-04-08 12:23:43,066 - DEBUG -   [EL->SL] 成功添加9个EL解到SL种群
2025-04-08 12:23:43,066 - DEBUG - Updated probability model at iteration 427
2025-04-08 12:23:43,066 - INFO - Iteration 428/500: Phase=hybrid learning, SL ratio=0.10, EL ratio=0.90
2025-04-08 12:23:43,858 - DEBUG -   [SL->EL] 成功! 用SL最优解1749.00替换EL最差解1780.00, 改进了31.00
2025-04-08 12:23:43,859 - DEBUG -   [EL->SL] 成功添加9个EL解到SL种群
2025-04-08 12:23:43,860 - DEBUG - Updated probability model at iteration 428
2025-04-08 12:23:43,860 - INFO - Iteration 429/500: Phase=hybrid learning, SL ratio=0.10, EL ratio=0.90
2025-04-08 12:23:44,666 - DEBUG -   [SL->EL] 失败! SL最优解1763.00不如EL最差解1750.00
2025-04-08 12:23:44,667 - DEBUG -   [EL->SL] 成功添加9个EL解到SL种群
2025-04-08 12:23:44,668 - DEBUG - Updated probability model at iteration 429
2025-04-08 12:23:44,668 - INFO - Iteration 430/500: Phase=hybrid learning, SL ratio=0.10, EL ratio=0.90
2025-04-08 12:23:45,478 - DEBUG -   [SL->EL] 成功! 用SL最优解1789.00替换EL最差解1821.00, 改进了32.00
2025-04-08 12:23:45,479 - DEBUG -   [EL->SL] 成功添加9个EL解到SL种群
2025-04-08 12:23:45,479 - DEBUG - Updated probability model at iteration 430
2025-04-08 12:23:45,480 - INFO - Iteration 431/500: Phase=hybrid learning, SL ratio=0.10, EL ratio=0.90
2025-04-08 12:23:46,260 - DEBUG -   [SL->EL] 成功! 用SL最优解1744.00替换EL最差解1762.00, 改进了18.00
2025-04-08 12:23:46,260 - DEBUG -   [EL->SL] 成功添加9个EL解到SL种群
2025-04-08 12:23:46,262 - DEBUG - Updated probability model at iteration 431
2025-04-08 12:23:46,262 - INFO - Iteration 432/500: Phase=hybrid learning, SL ratio=0.10, EL ratio=0.90
2025-04-08 12:23:47,038 - DEBUG -   [SL->EL] 失败! SL最优解1771.00不如EL最差解1768.00
2025-04-08 12:23:47,039 - DEBUG -   [EL->SL] 成功添加9个EL解到SL种群
2025-04-08 12:23:47,040 - DEBUG - Updated probability model at iteration 432
2025-04-08 12:23:47,040 - INFO - Iteration 433/500: Phase=hybrid learning, SL ratio=0.10, EL ratio=0.90
2025-04-08 12:23:47,845 - DEBUG -   [SL->EL] 成功! 用SL最优解1751.00替换EL最差解1798.00, 改进了47.00
2025-04-08 12:23:47,846 - DEBUG -   [EL->SL] 成功添加9个EL解到SL种群
2025-04-08 12:23:47,847 - DEBUG - Updated probability model at iteration 433
2025-04-08 12:23:47,847 - INFO - Iteration 434/500: Phase=hybrid learning, SL ratio=0.10, EL ratio=0.90
2025-04-08 12:23:48,642 - DEBUG -   [SL->EL] 成功! 用SL最优解1778.00替换EL最差解1784.00, 改进了6.00
2025-04-08 12:23:48,643 - DEBUG -   [EL->SL] 成功添加9个EL解到SL种群
2025-04-08 12:23:48,643 - DEBUG - Updated probability model at iteration 434
2025-04-08 12:23:48,643 - INFO - Iteration 435/500: Phase=hybrid learning, SL ratio=0.10, EL ratio=0.90
2025-04-08 12:23:49,429 - DEBUG -   [SL->EL] 失败! SL最优解1763.00不如EL最差解1755.00
2025-04-08 12:23:49,430 - DEBUG -   [EL->SL] 成功添加9个EL解到SL种群
2025-04-08 12:23:49,431 - DEBUG - Updated probability model at iteration 435
2025-04-08 12:23:49,431 - INFO - Iteration 436/500: Phase=hybrid learning, SL ratio=0.10, EL ratio=0.90
2025-04-08 12:23:50,197 - DEBUG -   [SL->EL] 失败! SL最优解1818.00不如EL最差解1782.00
2025-04-08 12:23:50,199 - DEBUG -   [EL->SL] 成功添加9个EL解到SL种群
2025-04-08 12:23:50,199 - DEBUG - Updated probability model at iteration 436
2025-04-08 12:23:50,199 - INFO - Iteration 437/500: Phase=hybrid learning, SL ratio=0.10, EL ratio=0.90
2025-04-08 12:23:50,972 - DEBUG -   [SL->EL] 成功! 用SL最优解1802.00替换EL最差解1827.00, 改进了25.00
2025-04-08 12:23:50,973 - DEBUG -   [EL->SL] 成功添加9个EL解到SL种群
2025-04-08 12:23:50,973 - DEBUG - Updated probability model at iteration 437
2025-04-08 12:23:50,973 - INFO - Iteration 438/500: Phase=hybrid learning, SL ratio=0.10, EL ratio=0.90
2025-04-08 12:23:51,740 - DEBUG -   [SL->EL] 失败! SL最优解1811.00不如EL最差解1776.00
2025-04-08 12:23:51,742 - DEBUG -   [EL->SL] 成功添加9个EL解到SL种群
2025-04-08 12:23:51,742 - DEBUG - Updated probability model at iteration 438
2025-04-08 12:23:51,742 - INFO - Iteration 439/500: Phase=hybrid learning, SL ratio=0.10, EL ratio=0.90
2025-04-08 12:23:52,541 - DEBUG -   [SL->EL] 成功! 用SL最优解1797.00替换EL最差解1816.00, 改进了19.00
2025-04-08 12:23:52,542 - DEBUG -   [EL->SL] 成功添加9个EL解到SL种群
2025-04-08 12:23:52,542 - DEBUG - Updated probability model at iteration 439
2025-04-08 12:23:52,542 - INFO - Iteration 440/500: Phase=hybrid learning, SL ratio=0.10, EL ratio=0.90
2025-04-08 12:23:53,308 - DEBUG -   [SL->EL] 成功! 用SL最优解1752.00替换EL最差解1833.00, 改进了81.00
2025-04-08 12:23:53,310 - DEBUG -   [EL->SL] 成功添加9个EL解到SL种群
2025-04-08 12:23:53,310 - DEBUG - Updated probability model at iteration 440
2025-04-08 12:23:53,310 - INFO - Iteration 441/500: Phase=hybrid learning, SL ratio=0.10, EL ratio=0.90
2025-04-08 12:23:54,114 - DEBUG -   [SL->EL] 成功! 用SL最优解1714.00替换EL最差解1743.00, 改进了29.00
2025-04-08 12:23:54,114 - DEBUG -   [EL->SL] 成功添加9个EL解到SL种群
2025-04-08 12:23:54,115 - DEBUG - Updated probability model at iteration 441
2025-04-08 12:23:54,115 - INFO - Iteration 442/500: Phase=hybrid learning, SL ratio=0.10, EL ratio=0.90
2025-04-08 12:23:54,922 - DEBUG -   [SL->EL] 失败! SL最优解1768.00不如EL最差解1746.00
2025-04-08 12:23:54,925 - DEBUG -   [EL->SL] 成功添加9个EL解到SL种群
2025-04-08 12:23:54,925 - DEBUG - Updated probability model at iteration 442
2025-04-08 12:23:54,925 - INFO - Iteration 443/500: Phase=hybrid learning, SL ratio=0.10, EL ratio=0.90
2025-04-08 12:23:55,724 - DEBUG -   [SL->EL] 成功! 用SL最优解1810.00替换EL最差解1824.00, 改进了14.00
2025-04-08 12:23:55,726 - DEBUG -   [EL->SL] 成功添加9个EL解到SL种群
2025-04-08 12:23:55,727 - DEBUG - Updated probability model at iteration 443
2025-04-08 12:23:55,727 - INFO - Iteration 444/500: Phase=hybrid learning, SL ratio=0.10, EL ratio=0.90
2025-04-08 12:23:56,495 - DEBUG -   [SL->EL] 成功! 用SL最优解1732.00替换EL最差解1764.00, 改进了32.00
2025-04-08 12:23:56,497 - DEBUG -   [EL->SL] 成功添加9个EL解到SL种群
2025-04-08 12:23:56,497 - DEBUG - Updated probability model at iteration 444
2025-04-08 12:23:56,497 - INFO - Iteration 445/500: Phase=hybrid learning, SL ratio=0.10, EL ratio=0.90
2025-04-08 12:23:57,272 - DEBUG -   [SL->EL] 成功! 用SL最优解1723.00替换EL最差解1770.00, 改进了47.00
2025-04-08 12:23:57,274 - DEBUG -   [EL->SL] 成功添加9个EL解到SL种群
2025-04-08 12:23:57,274 - DEBUG - Updated probability model at iteration 445
2025-04-08 12:23:57,274 - INFO - Iteration 446/500: Phase=hybrid learning, SL ratio=0.10, EL ratio=0.90
2025-04-08 12:23:58,059 - DEBUG -   [SL->EL] 成功! 用SL最优解1800.00替换EL最差解1846.00, 改进了46.00
2025-04-08 12:23:58,061 - DEBUG -   [EL->SL] 成功添加9个EL解到SL种群
2025-04-08 12:23:58,061 - DEBUG - Updated probability model at iteration 446
2025-04-08 12:23:58,061 - INFO - Iteration 447/500: Phase=hybrid learning, SL ratio=0.10, EL ratio=0.90
2025-04-08 12:23:58,849 - DEBUG -   [SL->EL] 成功! 用SL最优解1700.00替换EL最差解1767.00, 改进了67.00
2025-04-08 12:23:58,850 - DEBUG -   [EL->SL] 成功添加9个EL解到SL种群
2025-04-08 12:23:58,851 - DEBUG - Updated probability model at iteration 447
2025-04-08 12:23:58,851 - INFO - Iteration 448/500: Phase=hybrid learning, SL ratio=0.10, EL ratio=0.90
2025-04-08 12:23:59,653 - DEBUG -   [SL->EL] 失败! SL最优解1798.00不如EL最差解1764.00
2025-04-08 12:23:59,655 - DEBUG -   [EL->SL] 成功添加9个EL解到SL种群
2025-04-08 12:23:59,655 - DEBUG - Updated probability model at iteration 448
2025-04-08 12:23:59,655 - INFO - Iteration 449/500: Phase=hybrid learning, SL ratio=0.10, EL ratio=0.90
2025-04-08 12:24:00,483 - DEBUG -   [SL->EL] 成功! 用SL最优解1744.00替换EL最差解1754.00, 改进了10.00
2025-04-08 12:24:00,484 - DEBUG -   [EL->SL] 成功添加9个EL解到SL种群
2025-04-08 12:24:00,485 - DEBUG - Updated probability model at iteration 449
2025-04-08 12:24:00,485 - INFO - Iteration 450/500: Phase=hybrid learning, SL ratio=0.10, EL ratio=0.90
2025-04-08 12:24:01,279 - DEBUG -   [SL->EL] 成功! 用SL最优解1750.00替换EL最差解1766.00, 改进了16.00
2025-04-08 12:24:01,279 - DEBUG -   [EL->SL] 成功添加9个EL解到SL种群
2025-04-08 12:24:01,280 - DEBUG - Updated probability model at iteration 450
2025-04-08 12:24:01,280 - INFO - Iteration 451/500: Phase=hybrid learning, SL ratio=0.10, EL ratio=0.90
2025-04-08 12:24:02,079 - DEBUG -   [SL->EL] 成功! 用SL最优解1775.00替换EL最差解1776.00, 改进了1.00
2025-04-08 12:24:02,080 - DEBUG -   [EL->SL] 成功添加9个EL解到SL种群
2025-04-08 12:24:02,080 - DEBUG - Updated probability model at iteration 451
2025-04-08 12:24:02,080 - INFO - Iteration 452/500: Phase=hybrid learning, SL ratio=0.10, EL ratio=0.90
2025-04-08 12:24:02,847 - DEBUG -   [SL->EL] 失败! SL最优解1773.00不如EL最差解1748.00
2025-04-08 12:24:02,848 - DEBUG -   [EL->SL] 成功添加9个EL解到SL种群
2025-04-08 12:24:02,848 - DEBUG - Updated probability model at iteration 452
2025-04-08 12:24:02,848 - INFO - Iteration 453/500: Phase=hybrid learning, SL ratio=0.10, EL ratio=0.90
2025-04-08 12:24:03,650 - DEBUG -   [SL->EL] 成功! 用SL最优解1742.00替换EL最差解1748.00, 改进了6.00
2025-04-08 12:24:03,651 - DEBUG -   [EL->SL] 成功添加9个EL解到SL种群
2025-04-08 12:24:03,652 - DEBUG - Updated probability model at iteration 453
2025-04-08 12:24:03,652 - INFO - Iteration 454/500: Phase=hybrid learning, SL ratio=0.10, EL ratio=0.90
2025-04-08 12:24:04,464 - INFO - In generation 454，New best makespan: 1583.00, source: el
2025-04-08 12:24:04,465 - DEBUG -   [SL->EL] 成功! 用SL最优解1746.00替换EL最差解1768.00, 改进了22.00
2025-04-08 12:24:04,466 - DEBUG -   [EL->SL] 成功添加9个EL解到SL种群
2025-04-08 12:24:04,466 - DEBUG - Updated probability model at iteration 454
2025-04-08 12:24:04,466 - INFO - Iteration 455/500: Phase=hybrid learning, SL ratio=0.10, EL ratio=0.90
2025-04-08 12:24:05,268 - DEBUG -   [SL->EL] 成功! 用SL最优解1738.00替换EL最差解1758.00, 改进了20.00
2025-04-08 12:24:05,270 - DEBUG -   [EL->SL] 成功添加9个EL解到SL种群
2025-04-08 12:24:05,270 - DEBUG - Updated probability model at iteration 455
2025-04-08 12:24:05,270 - INFO - Iteration 456/500: Phase=hybrid learning, SL ratio=0.10, EL ratio=0.90
2025-04-08 12:24:06,062 - DEBUG -   [SL->EL] 成功! 用SL最优解1703.00替换EL最差解1746.00, 改进了43.00
2025-04-08 12:24:06,062 - DEBUG -   [EL->SL] 成功添加9个EL解到SL种群
2025-04-08 12:24:06,063 - DEBUG - Updated probability model at iteration 456
2025-04-08 12:24:06,063 - INFO - Iteration 457/500: Phase=hybrid learning, SL ratio=0.10, EL ratio=0.90
2025-04-08 12:24:06,864 - DEBUG -   [SL->EL] 成功! 用SL最优解1756.00替换EL最差解1824.00, 改进了68.00
2025-04-08 12:24:06,865 - DEBUG -   [EL->SL] 成功添加9个EL解到SL种群
2025-04-08 12:24:06,865 - DEBUG - Updated probability model at iteration 457
2025-04-08 12:24:06,865 - INFO - Iteration 458/500: Phase=hybrid learning, SL ratio=0.10, EL ratio=0.90
2025-04-08 12:24:07,675 - DEBUG -   [SL->EL] 成功! 用SL最优解1752.00替换EL最差解1756.00, 改进了4.00
2025-04-08 12:24:07,676 - DEBUG -   [EL->SL] 成功添加9个EL解到SL种群
2025-04-08 12:24:07,677 - DEBUG - Updated probability model at iteration 458
2025-04-08 12:24:07,677 - INFO - EL has been consistently better for 5 iterations, adjusting ratios: SL=0.10, EL=0.90
2025-04-08 12:24:07,678 - INFO - Iteration 459/500: Phase=hybrid learning, SL ratio=0.10, EL ratio=0.90
2025-04-08 12:24:08,490 - DEBUG -   [SL->EL] 失败! SL最优解1765.00不如EL最差解1747.00
2025-04-08 12:24:08,490 - DEBUG -   [EL->SL] 成功添加9个EL解到SL种群
2025-04-08 12:24:08,491 - DEBUG - Updated probability model at iteration 459
2025-04-08 12:24:08,491 - INFO - Iteration 460/500: Phase=hybrid learning, SL ratio=0.10, EL ratio=0.90
2025-04-08 12:24:09,283 - DEBUG -   [SL->EL] 失败! SL最优解1788.00不如EL最差解1764.00
2025-04-08 12:24:09,284 - DEBUG -   [EL->SL] 成功添加9个EL解到SL种群
2025-04-08 12:24:09,284 - DEBUG - Updated probability model at iteration 460
2025-04-08 12:24:09,284 - INFO - Iteration 461/500: Phase=hybrid learning, SL ratio=0.10, EL ratio=0.90
2025-04-08 12:24:10,074 - DEBUG -   [SL->EL] 失败! SL最优解1768.00不如EL最差解1751.00
2025-04-08 12:24:10,075 - DEBUG -   [EL->SL] 成功添加9个EL解到SL种群
2025-04-08 12:24:10,076 - DEBUG - Updated probability model at iteration 461
2025-04-08 12:24:10,076 - INFO - Iteration 462/500: Phase=hybrid learning, SL ratio=0.10, EL ratio=0.90
2025-04-08 12:24:10,862 - DEBUG -   [SL->EL] 成功! 用SL最优解1731.00替换EL最差解1781.00, 改进了50.00
2025-04-08 12:24:10,864 - DEBUG -   [EL->SL] 成功添加9个EL解到SL种群
2025-04-08 12:24:10,864 - DEBUG - Updated probability model at iteration 462
2025-04-08 12:24:10,864 - INFO - Iteration 463/500: Phase=hybrid learning, SL ratio=0.10, EL ratio=0.90
2025-04-08 12:24:11,660 - DEBUG -   [SL->EL] 成功! 用SL最优解1776.00替换EL最差解1788.00, 改进了12.00
2025-04-08 12:24:11,662 - DEBUG -   [EL->SL] 成功添加9个EL解到SL种群
2025-04-08 12:24:11,662 - DEBUG - Updated probability model at iteration 463
2025-04-08 12:24:11,662 - INFO - EL has been consistently better for 5 iterations, adjusting ratios: SL=0.10, EL=0.90
2025-04-08 12:24:11,662 - INFO - Iteration 464/500: Phase=hybrid learning, SL ratio=0.10, EL ratio=0.90
2025-04-08 12:24:12,441 - DEBUG -   [SL->EL] 成功! 用SL最优解1645.00替换EL最差解1746.00, 改进了101.00
2025-04-08 12:24:12,442 - DEBUG -   [EL->SL] 成功添加9个EL解到SL种群
2025-04-08 12:24:12,442 - DEBUG - Updated probability model at iteration 464
2025-04-08 12:24:12,442 - INFO - Iteration 465/500: Phase=hybrid learning, SL ratio=0.10, EL ratio=0.90
2025-04-08 12:24:13,222 - DEBUG -   [SL->EL] 成功! 用SL最优解1728.00替换EL最差解1757.00, 改进了29.00
2025-04-08 12:24:13,223 - DEBUG -   [EL->SL] 成功添加9个EL解到SL种群
2025-04-08 12:24:13,223 - DEBUG - Updated probability model at iteration 465
2025-04-08 12:24:13,223 - INFO - Iteration 466/500: Phase=hybrid learning, SL ratio=0.10, EL ratio=0.90
2025-04-08 12:24:13,995 - DEBUG -   [SL->EL] 成功! 用SL最优解1703.00替换EL最差解1746.00, 改进了43.00
2025-04-08 12:24:13,997 - DEBUG -   [EL->SL] 成功添加9个EL解到SL种群
2025-04-08 12:24:13,997 - DEBUG - Updated probability model at iteration 466
2025-04-08 12:24:13,997 - INFO - Iteration 467/500: Phase=hybrid learning, SL ratio=0.10, EL ratio=0.90
2025-04-08 12:24:14,785 - DEBUG -   [SL->EL] 成功! 用SL最优解1768.00替换EL最差解1799.00, 改进了31.00
2025-04-08 12:24:14,786 - DEBUG -   [EL->SL] 成功添加9个EL解到SL种群
2025-04-08 12:24:14,787 - DEBUG - Updated probability model at iteration 467
2025-04-08 12:24:14,787 - INFO - Iteration 468/500: Phase=hybrid learning, SL ratio=0.10, EL ratio=0.90
2025-04-08 12:24:15,614 - DEBUG -   [SL->EL] 成功! 用SL最优解1759.00替换EL最差解1784.00, 改进了25.00
2025-04-08 12:24:15,616 - DEBUG -   [EL->SL] 成功添加9个EL解到SL种群
2025-04-08 12:24:15,616 - DEBUG - Updated probability model at iteration 468
2025-04-08 12:24:15,616 - INFO - EL has been consistently better for 5 iterations, adjusting ratios: SL=0.10, EL=0.90
2025-04-08 12:24:15,617 - INFO - Iteration 469/500: Phase=hybrid learning, SL ratio=0.10, EL ratio=0.90
2025-04-08 12:24:16,415 - DEBUG -   [SL->EL] 成功! 用SL最优解1722.00替换EL最差解1766.00, 改进了44.00
2025-04-08 12:24:16,416 - DEBUG -   [EL->SL] 成功添加9个EL解到SL种群
2025-04-08 12:24:16,416 - DEBUG - Updated probability model at iteration 469
2025-04-08 12:24:16,416 - INFO - Iteration 470/500: Phase=hybrid learning, SL ratio=0.10, EL ratio=0.90
2025-04-08 12:24:17,212 - INFO - In generation 470，New best makespan: 1580.00, source: el
2025-04-08 12:24:17,212 - DEBUG -   [SL->EL] 成功! 用SL最优解1770.00替换EL最差解1804.00, 改进了34.00
2025-04-08 12:24:17,214 - DEBUG -   [EL->SL] 成功添加9个EL解到SL种群
2025-04-08 12:24:17,215 - DEBUG - Updated probability model at iteration 470
2025-04-08 12:24:17,215 - INFO - Iteration 471/500: Phase=hybrid learning, SL ratio=0.10, EL ratio=0.90
2025-04-08 12:24:18,007 - DEBUG -   [SL->EL] 失败! SL最优解1776.00不如EL最差解1706.00
2025-04-08 12:24:18,008 - DEBUG -   [EL->SL] 成功添加9个EL解到SL种群
2025-04-08 12:24:18,010 - DEBUG - Updated probability model at iteration 471
2025-04-08 12:24:18,010 - INFO - Iteration 472/500: Phase=hybrid learning, SL ratio=0.10, EL ratio=0.90
2025-04-08 12:24:18,810 - DEBUG -   [SL->EL] 失败! SL最优解1807.00不如EL最差解1752.00
2025-04-08 12:24:18,810 - DEBUG -   [EL->SL] 成功添加9个EL解到SL种群
2025-04-08 12:24:18,812 - DEBUG - Updated probability model at iteration 472
2025-04-08 12:24:18,812 - INFO - Iteration 473/500: Phase=hybrid learning, SL ratio=0.10, EL ratio=0.90
2025-04-08 12:24:19,608 - DEBUG -   [SL->EL] 成功! 用SL最优解1734.00替换EL最差解1796.00, 改进了62.00
2025-04-08 12:24:19,609 - DEBUG -   [EL->SL] 成功添加9个EL解到SL种群
2025-04-08 12:24:19,609 - DEBUG - Updated probability model at iteration 473
2025-04-08 12:24:19,609 - INFO - EL has been consistently better for 5 iterations, adjusting ratios: SL=0.10, EL=0.90
2025-04-08 12:24:19,610 - INFO - Iteration 474/500: Phase=hybrid learning, SL ratio=0.10, EL ratio=0.90
2025-04-08 12:24:20,416 - INFO - In generation 474，New best makespan: 1577.00, source: el
2025-04-08 12:24:20,416 - DEBUG -   [SL->EL] 失败! SL最优解1815.00不如EL最差解1763.00
2025-04-08 12:24:20,419 - DEBUG -   [EL->SL] 成功添加9个EL解到SL种群
2025-04-08 12:24:20,419 - DEBUG - Updated probability model at iteration 474
2025-04-08 12:24:20,419 - INFO - Iteration 475/500: Phase=hybrid learning, SL ratio=0.10, EL ratio=0.90
2025-04-08 12:24:21,238 - DEBUG -   [SL->EL] 成功! 用SL最优解1785.00替换EL最差解1790.00, 改进了5.00
2025-04-08 12:24:21,240 - DEBUG -   [EL->SL] 成功添加9个EL解到SL种群
2025-04-08 12:24:21,241 - DEBUG - Updated probability model at iteration 475
2025-04-08 12:24:21,241 - INFO - Iteration 476/500: Phase=hybrid learning, SL ratio=0.10, EL ratio=0.90
2025-04-08 12:24:22,074 - DEBUG -   [SL->EL] 成功! 用SL最优解1755.00替换EL最差解1783.00, 改进了28.00
2025-04-08 12:24:22,075 - DEBUG -   [EL->SL] 成功添加9个EL解到SL种群
2025-04-08 12:24:22,076 - DEBUG - Updated probability model at iteration 476
2025-04-08 12:24:22,076 - INFO - Iteration 477/500: Phase=hybrid learning, SL ratio=0.10, EL ratio=0.90
2025-04-08 12:24:22,900 - DEBUG -   [SL->EL] 成功! 用SL最优解1731.00替换EL最差解1762.00, 改进了31.00
2025-04-08 12:24:22,902 - DEBUG -   [EL->SL] 成功添加9个EL解到SL种群
2025-04-08 12:24:22,902 - DEBUG - Updated probability model at iteration 477
2025-04-08 12:24:22,902 - INFO - Iteration 478/500: Phase=hybrid learning, SL ratio=0.10, EL ratio=0.90
2025-04-08 12:24:23,702 - DEBUG -   [SL->EL] 失败! SL最优解1793.00不如EL最差解1742.00
2025-04-08 12:24:23,704 - DEBUG -   [EL->SL] 成功添加9个EL解到SL种群
2025-04-08 12:24:23,704 - DEBUG - Updated probability model at iteration 478
2025-04-08 12:24:23,704 - INFO - EL has been consistently better for 5 iterations, adjusting ratios: SL=0.10, EL=0.90
2025-04-08 12:24:23,704 - INFO - Iteration 479/500: Phase=hybrid learning, SL ratio=0.10, EL ratio=0.90
2025-04-08 12:24:24,518 - DEBUG -   [SL->EL] 成功! 用SL最优解1730.00替换EL最差解1732.00, 改进了2.00
2025-04-08 12:24:24,519 - DEBUG -   [EL->SL] 成功添加9个EL解到SL种群
2025-04-08 12:24:24,520 - DEBUG - Updated probability model at iteration 479
2025-04-08 12:24:24,520 - INFO - Iteration 480/500: Phase=hybrid learning, SL ratio=0.10, EL ratio=0.90
2025-04-08 12:24:25,310 - DEBUG -   [SL->EL] 成功! 用SL最优解1757.00替换EL最差解1780.00, 改进了23.00
2025-04-08 12:24:25,311 - DEBUG -   [EL->SL] 成功添加9个EL解到SL种群
2025-04-08 12:24:25,312 - DEBUG - Updated probability model at iteration 480
2025-04-08 12:24:25,312 - INFO - Iteration 481/500: Phase=hybrid learning, SL ratio=0.10, EL ratio=0.90
2025-04-08 12:24:26,086 - DEBUG -   [SL->EL] 成功! 用SL最优解1727.00替换EL最差解1760.00, 改进了33.00
2025-04-08 12:24:26,087 - DEBUG -   [EL->SL] 成功添加9个EL解到SL种群
2025-04-08 12:24:26,088 - DEBUG - Updated probability model at iteration 481
2025-04-08 12:24:26,088 - INFO - Iteration 482/500: Phase=hybrid learning, SL ratio=0.10, EL ratio=0.90
2025-04-08 12:24:26,872 - DEBUG -   [SL->EL] 成功! 用SL最优解1745.00替换EL最差解1769.00, 改进了24.00
2025-04-08 12:24:26,874 - DEBUG -   [EL->SL] 成功添加9个EL解到SL种群
2025-04-08 12:24:26,875 - DEBUG - Updated probability model at iteration 482
2025-04-08 12:24:26,875 - INFO - Iteration 483/500: Phase=hybrid learning, SL ratio=0.10, EL ratio=0.90
2025-04-08 12:24:27,660 - DEBUG -   [SL->EL] 成功! 用SL最优解1771.00替换EL最差解1792.00, 改进了21.00
2025-04-08 12:24:27,661 - DEBUG -   [EL->SL] 成功添加9个EL解到SL种群
2025-04-08 12:24:27,661 - DEBUG - Updated probability model at iteration 483
2025-04-08 12:24:27,661 - INFO - EL has been consistently better for 5 iterations, adjusting ratios: SL=0.10, EL=0.90
2025-04-08 12:24:27,662 - INFO - Iteration 484/500: Phase=hybrid learning, SL ratio=0.10, EL ratio=0.90
2025-04-08 12:24:28,442 - DEBUG -   [SL->EL] 成功! 用SL最优解1789.00替换EL最差解1805.00, 改进了16.00
2025-04-08 12:24:28,444 - DEBUG -   [EL->SL] 成功添加9个EL解到SL种群
2025-04-08 12:24:28,444 - DEBUG - Updated probability model at iteration 484
2025-04-08 12:24:28,444 - INFO - Iteration 485/500: Phase=hybrid learning, SL ratio=0.10, EL ratio=0.90
2025-04-08 12:24:29,232 - DEBUG -   [SL->EL] 成功! 用SL最优解1740.00替换EL最差解1764.00, 改进了24.00
2025-04-08 12:24:29,233 - DEBUG -   [EL->SL] 成功添加9个EL解到SL种群
2025-04-08 12:24:29,233 - DEBUG - Updated probability model at iteration 485
2025-04-08 12:24:29,233 - INFO - Iteration 486/500: Phase=hybrid learning, SL ratio=0.10, EL ratio=0.90
2025-04-08 12:24:30,033 - DEBUG -   [SL->EL] 失败! SL最优解1752.00不如EL最差解1733.00
2025-04-08 12:24:30,034 - DEBUG -   [EL->SL] 成功添加9个EL解到SL种群
2025-04-08 12:24:30,034 - DEBUG - Updated probability model at iteration 486
2025-04-08 12:24:30,034 - INFO - Iteration 487/500: Phase=hybrid learning, SL ratio=0.10, EL ratio=0.90
2025-04-08 12:24:30,830 - DEBUG -   [SL->EL] 成功! 用SL最优解1714.00替换EL最差解1786.00, 改进了72.00
2025-04-08 12:24:30,831 - DEBUG -   [EL->SL] 成功添加9个EL解到SL种群
2025-04-08 12:24:30,832 - DEBUG - Updated probability model at iteration 487
2025-04-08 12:24:30,832 - INFO - Iteration 488/500: Phase=hybrid learning, SL ratio=0.10, EL ratio=0.90
2025-04-08 12:24:31,603 - DEBUG -   [SL->EL] 成功! 用SL最优解1728.00替换EL最差解1782.00, 改进了54.00
2025-04-08 12:24:31,604 - DEBUG -   [EL->SL] 成功添加9个EL解到SL种群
2025-04-08 12:24:31,604 - DEBUG - Updated probability model at iteration 488
2025-04-08 12:24:31,605 - INFO - EL has been consistently better for 5 iterations, adjusting ratios: SL=0.10, EL=0.90
2025-04-08 12:24:31,605 - INFO - Iteration 489/500: Phase=hybrid learning, SL ratio=0.10, EL ratio=0.90
2025-04-08 12:24:32,398 - DEBUG -   [SL->EL] 成功! 用SL最优解1743.00替换EL最差解1749.00, 改进了6.00
2025-04-08 12:24:32,400 - DEBUG -   [EL->SL] 成功添加9个EL解到SL种群
2025-04-08 12:24:32,400 - DEBUG - Updated probability model at iteration 489
2025-04-08 12:24:32,400 - INFO - Iteration 490/500: Phase=hybrid learning, SL ratio=0.10, EL ratio=0.90
2025-04-08 12:24:33,188 - DEBUG -   [SL->EL] 失败! SL最优解1800.00不如EL最差解1736.00
2025-04-08 12:24:33,190 - DEBUG -   [EL->SL] 成功添加9个EL解到SL种群
2025-04-08 12:24:33,191 - DEBUG - Updated probability model at iteration 490
2025-04-08 12:24:33,191 - INFO - Iteration 491/500: Phase=hybrid learning, SL ratio=0.10, EL ratio=0.90
2025-04-08 12:24:33,990 - DEBUG -   [SL->EL] 成功! 用SL最优解1688.00替换EL最差解1813.00, 改进了125.00
2025-04-08 12:24:33,992 - DEBUG -   [EL->SL] 成功添加9个EL解到SL种群
2025-04-08 12:24:33,992 - DEBUG - Updated probability model at iteration 491
2025-04-08 12:24:33,992 - INFO - Iteration 492/500: Phase=hybrid learning, SL ratio=0.10, EL ratio=0.90
2025-04-08 12:24:34,784 - DEBUG -   [SL->EL] 成功! 用SL最优解1750.00替换EL最差解1786.00, 改进了36.00
2025-04-08 12:24:34,786 - DEBUG -   [EL->SL] 成功添加9个EL解到SL种群
2025-04-08 12:24:34,786 - DEBUG - Updated probability model at iteration 492
2025-04-08 12:24:34,786 - INFO - Iteration 493/500: Phase=hybrid learning, SL ratio=0.10, EL ratio=0.90
2025-04-08 12:24:35,571 - DEBUG -   [SL->EL] 成功! 用SL最优解1685.00替换EL最差解1821.00, 改进了136.00
2025-04-08 12:24:35,573 - DEBUG -   [EL->SL] 成功添加9个EL解到SL种群
2025-04-08 12:24:35,573 - DEBUG - Updated probability model at iteration 493
2025-04-08 12:24:35,573 - INFO - EL has been consistently better for 5 iterations, adjusting ratios: SL=0.10, EL=0.90
2025-04-08 12:24:35,574 - INFO - Iteration 494/500: Phase=hybrid learning, SL ratio=0.10, EL ratio=0.90
2025-04-08 12:24:36,393 - DEBUG -   [SL->EL] 成功! 用SL最优解1753.00替换EL最差解1788.00, 改进了35.00
2025-04-08 12:24:36,394 - DEBUG -   [EL->SL] 成功添加9个EL解到SL种群
2025-04-08 12:24:36,394 - DEBUG - Updated probability model at iteration 494
2025-04-08 12:24:36,394 - INFO - Iteration 495/500: Phase=hybrid learning, SL ratio=0.10, EL ratio=0.90
2025-04-08 12:24:37,164 - DEBUG -   [SL->EL] 成功! 用SL最优解1743.00替换EL最差解1799.00, 改进了56.00
2025-04-08 12:24:37,167 - DEBUG -   [EL->SL] 成功添加9个EL解到SL种群
2025-04-08 12:24:37,167 - DEBUG - Updated probability model at iteration 495
2025-04-08 12:24:37,167 - INFO - Iteration 496/500: Phase=hybrid learning, SL ratio=0.10, EL ratio=0.90
2025-04-08 12:24:37,959 - DEBUG -   [SL->EL] 成功! 用SL最优解1757.00替换EL最差解1790.00, 改进了33.00
2025-04-08 12:24:37,960 - DEBUG -   [EL->SL] 成功添加9个EL解到SL种群
2025-04-08 12:24:37,960 - DEBUG - Updated probability model at iteration 496
2025-04-08 12:24:37,960 - INFO - Iteration 497/500: Phase=hybrid learning, SL ratio=0.10, EL ratio=0.90
2025-04-08 12:24:38,749 - DEBUG -   [SL->EL] 成功! 用SL最优解1750.00替换EL最差解1757.00, 改进了7.00
2025-04-08 12:24:38,751 - DEBUG -   [EL->SL] 成功添加9个EL解到SL种群
2025-04-08 12:24:38,752 - DEBUG - Updated probability model at iteration 497
2025-04-08 12:24:38,752 - INFO - Iteration 498/500: Phase=hybrid learning, SL ratio=0.10, EL ratio=0.90
2025-04-08 12:24:39,540 - DEBUG -   [SL->EL] 失败! SL最优解1788.00不如EL最差解1770.00
2025-04-08 12:24:39,541 - DEBUG -   [EL->SL] 成功添加9个EL解到SL种群
2025-04-08 12:24:39,541 - DEBUG - Updated probability model at iteration 498
2025-04-08 12:24:39,541 - INFO - Iteration 499/500: Phase=hybrid learning, SL ratio=0.10, EL ratio=0.90
2025-04-08 12:24:40,331 - DEBUG -   [SL->EL] 失败! SL最优解1750.00不如EL最差解1750.00
2025-04-08 12:24:40,333 - DEBUG -   [EL->SL] 成功添加9个EL解到SL种群
2025-04-08 12:24:40,333 - DEBUG - Updated probability model at iteration 499
2025-04-08 12:24:40,333 - INFO - Iteration 500/500: Phase=hybrid learning, SL ratio=0.10, EL ratio=0.90
2025-04-08 12:24:41,115 - DEBUG -   [SL->EL] 成功! 用SL最优解1739.00替换EL最差解1792.00, 改进了53.00
2025-04-08 12:24:41,116 - DEBUG -   [EL->SL] 成功添加9个EL解到SL种群
2025-04-08 12:24:41,116 - DEBUG - Updated probability model at iteration 500
2025-04-08 12:24:41,126 - INFO - ==================================================
2025-04-08 12:24:41,128 - INFO - Results saved to: hl_output
2025-04-08 12:24:41,314 - INFO - Convergence curve saved to: hl_output/hl_convergence.png
2025-04-08 12:24:41,316 - INFO - Best solution found with makespan: 1577.00s at generation 474
