2025-04-08 11:51:22,535 - INFO - Initialization probability model completed.
2025-04-08 11:51:22,536 - INFO - In generation 1，New best makespan: 1927.00
2025-04-08 11:51:22,536 - DEBUG - 第0代完成，当前最优解完工时间: 1927，历史最优解完工时间: 1927
2025-04-08 11:51:23,013 - DEBUG - 
更新概率模型:
2025-04-08 11:51:23,013 - DEBUG - 多样性指标: 0.0530
2025-04-08 11:51:23,014 - DEBUG - 自适应学习率: 0.8429
2025-04-08 11:51:23,014 - DEBUG - 第1代概率模型更新完成
2025-04-08 11:51:23,014 - INFO - In generation 2，New best makespan: 1917.00
2025-04-08 11:51:23,014 - DEBUG - 第1代完成，当前最优解完工时间: 1917，历史最优解完工时间: 1917
2025-04-08 11:51:23,467 - DEBUG - 
更新概率模型:
2025-04-08 11:51:23,467 - DEBUG - 多样性指标: 0.0444
2025-04-08 11:51:23,467 - DEBUG - 自适应学习率: 0.8346
2025-04-08 11:51:23,467 - DEBUG - 第2代概率模型更新完成
2025-04-08 11:51:23,467 - DEBUG - 第2代完成，当前最优解完工时间: 1934，历史最优解完工时间: 1917
2025-04-08 11:51:23,912 - DEBUG - 
更新概率模型:
2025-04-08 11:51:23,912 - DEBUG - 多样性指标: 0.0418
2025-04-08 11:51:23,912 - DEBUG - 自适应学习率: 0.8333
2025-04-08 11:51:23,912 - DEBUG - 第3代概率模型更新完成
2025-04-08 11:51:23,912 - DEBUG - 第3代完成，当前最优解完工时间: 1953，历史最优解完工时间: 1917
2025-04-08 11:51:24,360 - DEBUG - 
更新概率模型:
2025-04-08 11:51:24,360 - DEBUG - 多样性指标: 0.0370
2025-04-08 11:51:24,360 - DEBUG - 自适应学习率: 0.8346
2025-04-08 11:51:24,360 - DEBUG - 第4代概率模型更新完成
2025-04-08 11:51:24,360 - DEBUG - 第4代完成，当前最优解完工时间: 1935，历史最优解完工时间: 1917
2025-04-08 11:51:24,804 - DEBUG - 
更新概率模型:
2025-04-08 11:51:24,804 - DEBUG - 多样性指标: 0.0421
2025-04-08 11:51:24,804 - DEBUG - 自适应学习率: 0.8254
2025-04-08 11:51:24,804 - DEBUG - 第5代概率模型更新完成
2025-04-08 11:51:24,804 - DEBUG - 第5代完成，当前最优解完工时间: 1978，历史最优解完工时间: 1917
2025-04-08 11:51:25,247 - DEBUG - 
更新概率模型:
2025-04-08 11:51:25,247 - DEBUG - 多样性指标: 0.0465
2025-04-08 11:51:25,247 - DEBUG - 自适应学习率: 0.8365
2025-04-08 11:51:25,247 - DEBUG - 第6代概率模型更新完成
2025-04-08 11:51:25,247 - DEBUG - 第6代完成，当前最优解完工时间: 1942，历史最优解完工时间: 1917
2025-04-08 11:51:25,699 - DEBUG - 
更新概率模型:
2025-04-08 11:51:25,700 - DEBUG - 多样性指标: 0.0475
2025-04-08 11:51:25,700 - DEBUG - 自适应学习率: 0.8389
2025-04-08 11:51:25,700 - DEBUG - 第7代概率模型更新完成
2025-04-08 11:51:25,700 - DEBUG - 第7代完成，当前最优解完工时间: 1918，历史最优解完工时间: 1917
2025-04-08 11:51:26,147 - DEBUG - 
更新概率模型:
2025-04-08 11:51:26,147 - DEBUG - 多样性指标: 0.0385
2025-04-08 11:51:26,147 - DEBUG - 自适应学习率: 0.8340
2025-04-08 11:51:26,147 - DEBUG - 第8代概率模型更新完成
2025-04-08 11:51:26,147 - DEBUG - 第8代完成，当前最优解完工时间: 1946，历史最优解完工时间: 1917
2025-04-08 11:51:26,592 - DEBUG - 
更新概率模型:
2025-04-08 11:51:26,592 - DEBUG - 多样性指标: 0.0423
2025-04-08 11:51:26,592 - DEBUG - 自适应学习率: 0.8355
2025-04-08 11:51:26,592 - DEBUG - 第9代概率模型更新完成
2025-04-08 11:51:26,592 - DEBUG - 第9代完成，当前最优解完工时间: 1932，历史最优解完工时间: 1917
2025-04-08 11:51:27,037 - DEBUG - 
更新概率模型:
2025-04-08 11:51:27,037 - DEBUG - 多样性指标: 0.0373
2025-04-08 11:51:27,037 - DEBUG - 自适应学习率: 0.8358
2025-04-08 11:51:27,037 - DEBUG - 第10代概率模型更新完成
2025-04-08 11:51:27,037 - DEBUG - 第10代完成，当前最优解完工时间: 1929，历史最优解完工时间: 1917
2025-04-08 11:51:27,483 - DEBUG - 
更新概率模型:
2025-04-08 11:51:27,483 - DEBUG - 多样性指标: 0.0478
2025-04-08 11:51:27,483 - DEBUG - 自适应学习率: 0.8424
2025-04-08 11:51:27,483 - DEBUG - 第11代概率模型更新完成
2025-04-08 11:51:27,483 - INFO - In generation 12，New best makespan: 1913.00
2025-04-08 11:51:27,484 - DEBUG - 第11代完成，当前最优解完工时间: 1913，历史最优解完工时间: 1913
2025-04-08 11:51:27,928 - DEBUG - 
更新概率模型:
2025-04-08 11:51:27,928 - DEBUG - 多样性指标: 0.0413
2025-04-08 11:51:27,928 - DEBUG - 自适应学习率: 0.8306
2025-04-08 11:51:27,928 - DEBUG - 第12代概率模型更新完成
2025-04-08 11:51:27,928 - DEBUG - 第12代完成，当前最优解完工时间: 1956，历史最优解完工时间: 1913
2025-04-08 11:51:28,379 - DEBUG - 
更新概率模型:
2025-04-08 11:51:28,381 - DEBUG - 多样性指标: 0.0449
2025-04-08 11:51:28,381 - DEBUG - 自适应学习率: 0.8361
2025-04-08 11:51:28,381 - DEBUG - 第13代概率模型更新完成
2025-04-08 11:51:28,381 - DEBUG - 第13代完成，当前最优解完工时间: 1928，历史最优解完工时间: 1913
2025-04-08 11:51:28,825 - DEBUG - 
更新概率模型:
2025-04-08 11:51:28,826 - DEBUG - 多样性指标: 0.0441
2025-04-08 11:51:28,826 - DEBUG - 自适应学习率: 0.8478
2025-04-08 11:51:28,826 - DEBUG - 第14代概率模型更新完成
2025-04-08 11:51:28,826 - INFO - In generation 15，New best makespan: 1867.00
2025-04-08 11:51:28,826 - DEBUG - 第14代完成，当前最优解完工时间: 1867，历史最优解完工时间: 1867
2025-04-08 11:51:29,286 - DEBUG - 
更新概率模型:
2025-04-08 11:51:29,286 - DEBUG - 多样性指标: 0.0463
2025-04-08 11:51:29,286 - DEBUG - 自适应学习率: 0.8413
2025-04-08 11:51:29,286 - DEBUG - 第15代概率模型更新完成
2025-04-08 11:51:29,286 - DEBUG - 第15代完成，当前最优解完工时间: 1907，历史最优解完工时间: 1867
2025-04-08 11:51:29,751 - DEBUG - 
更新概率模型:
2025-04-08 11:51:29,751 - DEBUG - 多样性指标: 0.0423
2025-04-08 11:51:29,751 - DEBUG - 自适应学习率: 0.8357
2025-04-08 11:51:29,751 - DEBUG - 第16代概率模型更新完成
2025-04-08 11:51:29,751 - DEBUG - 第16代完成，当前最优解完工时间: 1918，历史最优解完工时间: 1867
2025-04-08 11:51:30,200 - DEBUG - 
更新概率模型:
2025-04-08 11:51:30,201 - DEBUG - 多样性指标: 0.0372
2025-04-08 11:51:30,201 - DEBUG - 自适应学习率: 0.8292
2025-04-08 11:51:30,201 - DEBUG - 第17代概率模型更新完成
2025-04-08 11:51:30,201 - DEBUG - 第17代完成，当前最优解完工时间: 1959，历史最优解完工时间: 1867
2025-04-08 11:51:30,653 - DEBUG - 
更新概率模型:
2025-04-08 11:51:30,653 - DEBUG - 多样性指标: 0.0425
2025-04-08 11:51:30,653 - DEBUG - 自适应学习率: 0.8389
2025-04-08 11:51:30,653 - DEBUG - 第18代概率模型更新完成
2025-04-08 11:51:30,653 - DEBUG - 第18代完成，当前最优解完工时间: 1916，历史最优解完工时间: 1867
2025-04-08 11:51:31,096 - DEBUG - 
更新概率模型:
2025-04-08 11:51:31,096 - DEBUG - 多样性指标: 0.0451
2025-04-08 11:51:31,096 - DEBUG - 自适应学习率: 0.8330
2025-04-08 11:51:31,096 - DEBUG - 第19代概率模型更新完成
2025-04-08 11:51:31,096 - DEBUG - 第19代完成，当前最优解完工时间: 1943，历史最优解完工时间: 1867
2025-04-08 11:51:31,546 - DEBUG - 
更新概率模型:
2025-04-08 11:51:31,546 - DEBUG - 多样性指标: 0.0481
2025-04-08 11:51:31,546 - DEBUG - 自适应学习率: 0.8443
2025-04-08 11:51:31,546 - DEBUG - 第20代概率模型更新完成
2025-04-08 11:51:31,546 - DEBUG - 第20代完成，当前最优解完工时间: 1889，历史最优解完工时间: 1867
2025-04-08 11:51:31,987 - DEBUG - 
更新概率模型:
2025-04-08 11:51:31,987 - DEBUG - 多样性指标: 0.0446
2025-04-08 11:51:31,987 - DEBUG - 自适应学习率: 0.8335
2025-04-08 11:51:31,987 - DEBUG - 第21代概率模型更新完成
2025-04-08 11:51:31,987 - DEBUG - 第21代完成，当前最优解完工时间: 1924，历史最优解完工时间: 1867
2025-04-08 11:51:32,434 - DEBUG - 
更新概率模型:
2025-04-08 11:51:32,435 - DEBUG - 多样性指标: 0.0371
2025-04-08 11:51:32,435 - DEBUG - 自适应学习率: 0.8273
2025-04-08 11:51:32,435 - DEBUG - 第22代概率模型更新完成
2025-04-08 11:51:32,435 - DEBUG - 第22代完成，当前最优解完工时间: 1960，历史最优解完工时间: 1867
2025-04-08 11:51:32,878 - DEBUG - 
更新概率模型:
2025-04-08 11:51:32,878 - DEBUG - 多样性指标: 0.0422
2025-04-08 11:51:32,878 - DEBUG - 自适应学习率: 0.8328
2025-04-08 11:51:32,878 - DEBUG - 第23代概率模型更新完成
2025-04-08 11:51:32,878 - DEBUG - 第23代完成，当前最优解完工时间: 1938，历史最优解完工时间: 1867
2025-04-08 11:51:33,328 - DEBUG - 
更新概率模型:
2025-04-08 11:51:33,328 - DEBUG - 多样性指标: 0.0362
2025-04-08 11:51:33,328 - DEBUG - 自适应学习率: 0.8292
2025-04-08 11:51:33,328 - DEBUG - 第24代概率模型更新完成
2025-04-08 11:51:33,328 - DEBUG - 第24代完成，当前最优解完工时间: 1964，历史最优解完工时间: 1867
2025-04-08 11:51:33,772 - DEBUG - 
更新概率模型:
2025-04-08 11:51:33,772 - DEBUG - 多样性指标: 0.0366
2025-04-08 11:51:33,772 - DEBUG - 自适应学习率: 0.8298
2025-04-08 11:51:33,772 - DEBUG - 第25代概率模型更新完成
2025-04-08 11:51:33,772 - DEBUG - 第25代完成，当前最优解完工时间: 1956，历史最优解完工时间: 1867
2025-04-08 11:51:34,221 - DEBUG - 
更新概率模型:
2025-04-08 11:51:34,221 - DEBUG - 多样性指标: 0.0344
2025-04-08 11:51:34,221 - DEBUG - 自适应学习率: 0.8321
2025-04-08 11:51:34,221 - DEBUG - 第26代概率模型更新完成
2025-04-08 11:51:34,221 - DEBUG - 第26代完成，当前最优解完工时间: 1942，历史最优解完工时间: 1867
2025-04-08 11:51:34,667 - DEBUG - 
更新概率模型:
2025-04-08 11:51:34,667 - DEBUG - 多样性指标: 0.0408
2025-04-08 11:51:34,667 - DEBUG - 自适应学习率: 0.8413
2025-04-08 11:51:34,667 - DEBUG - 第27代概率模型更新完成
2025-04-08 11:51:34,667 - DEBUG - 第27代完成，当前最优解完工时间: 1910，历史最优解完工时间: 1867
2025-04-08 11:51:35,115 - DEBUG - 
更新概率模型:
2025-04-08 11:51:35,115 - DEBUG - 多样性指标: 0.0396
2025-04-08 11:51:35,115 - DEBUG - 自适应学习率: 0.8344
2025-04-08 11:51:35,115 - DEBUG - 第28代概率模型更新完成
2025-04-08 11:51:35,115 - DEBUG - 第28代完成，当前最优解完工时间: 1940，历史最优解完工时间: 1867
2025-04-08 11:51:35,563 - DEBUG - 
更新概率模型:
2025-04-08 11:51:35,563 - DEBUG - 多样性指标: 0.0389
2025-04-08 11:51:35,563 - DEBUG - 自适应学习率: 0.8375
2025-04-08 11:51:35,563 - DEBUG - 第29代概率模型更新完成
2025-04-08 11:51:35,563 - DEBUG - 第29代完成，当前最优解完工时间: 1908，历史最优解完工时间: 1867
2025-04-08 11:51:36,012 - DEBUG - 
更新概率模型:
2025-04-08 11:51:36,012 - DEBUG - 多样性指标: 0.0420
2025-04-08 11:51:36,012 - DEBUG - 自适应学习率: 0.8331
2025-04-08 11:51:36,012 - DEBUG - 第30代概率模型更新完成
2025-04-08 11:51:36,012 - DEBUG - 第30代完成，当前最优解完工时间: 1942，历史最优解完工时间: 1867
2025-04-08 11:51:36,456 - DEBUG - 
更新概率模型:
2025-04-08 11:51:36,456 - DEBUG - 多样性指标: 0.0403
2025-04-08 11:51:36,456 - DEBUG - 自适应学习率: 0.8354
2025-04-08 11:51:36,456 - DEBUG - 第31代概率模型更新完成
2025-04-08 11:51:36,456 - DEBUG - 第31代完成，当前最优解完工时间: 1921，历史最优解完工时间: 1867
2025-04-08 11:51:36,906 - DEBUG - 
更新概率模型:
2025-04-08 11:51:36,906 - DEBUG - 多样性指标: 0.0414
2025-04-08 11:51:36,906 - DEBUG - 自适应学习率: 0.8346
2025-04-08 11:51:36,906 - DEBUG - 第32代概率模型更新完成
2025-04-08 11:51:36,906 - DEBUG - 第32代完成，当前最优解完工时间: 1937，历史最优解完工时间: 1867
2025-04-08 11:51:37,355 - DEBUG - 
更新概率模型:
2025-04-08 11:51:37,357 - DEBUG - 多样性指标: 0.0489
2025-04-08 11:51:37,357 - DEBUG - 自适应学习率: 0.8440
2025-04-08 11:51:37,357 - DEBUG - 第33代概率模型更新完成
2025-04-08 11:51:37,357 - DEBUG - 第33代完成，当前最优解完工时间: 1894，历史最优解完工时间: 1867
2025-04-08 11:51:37,815 - DEBUG - 
更新概率模型:
2025-04-08 11:51:37,816 - DEBUG - 多样性指标: 0.0449
2025-04-08 11:51:37,816 - DEBUG - 自适应学习率: 0.8358
2025-04-08 11:51:37,816 - DEBUG - 第34代概率模型更新完成
2025-04-08 11:51:37,816 - DEBUG - 第34代完成，当前最优解完工时间: 1939，历史最优解完工时间: 1867
2025-04-08 11:51:38,266 - DEBUG - 
更新概率模型:
2025-04-08 11:51:38,266 - DEBUG - 多样性指标: 0.0393
2025-04-08 11:51:38,266 - DEBUG - 自适应学习率: 0.8269
2025-04-08 11:51:38,266 - DEBUG - 第35代概率模型更新完成
2025-04-08 11:51:38,266 - DEBUG - 第35代完成，当前最优解完工时间: 1956，历史最优解完工时间: 1867
2025-04-08 11:51:38,716 - DEBUG - 
更新概率模型:
2025-04-08 11:51:38,716 - DEBUG - 多样性指标: 0.0467
2025-04-08 11:51:38,716 - DEBUG - 自适应学习率: 0.8383
2025-04-08 11:51:38,716 - DEBUG - 第36代概率模型更新完成
2025-04-08 11:51:38,716 - DEBUG - 第36代完成，当前最优解完工时间: 1914，历史最优解完工时间: 1867
2025-04-08 11:51:39,161 - DEBUG - 
更新概率模型:
2025-04-08 11:51:39,161 - DEBUG - 多样性指标: 0.0429
2025-04-08 11:51:39,161 - DEBUG - 自适应学习率: 0.8336
2025-04-08 11:51:39,161 - DEBUG - 第37代概率模型更新完成
2025-04-08 11:51:39,161 - DEBUG - 第37代完成，当前最优解完工时间: 1938，历史最优解完工时间: 1867
2025-04-08 11:51:39,608 - DEBUG - 
更新概率模型:
2025-04-08 11:51:39,608 - DEBUG - 多样性指标: 0.0359
2025-04-08 11:51:39,608 - DEBUG - 自适应学习率: 0.8381
2025-04-08 11:51:39,608 - DEBUG - 第38代概率模型更新完成
2025-04-08 11:51:39,608 - DEBUG - 第38代完成，当前最优解完工时间: 1906，历史最优解完工时间: 1867
2025-04-08 11:51:40,052 - DEBUG - 
更新概率模型:
2025-04-08 11:51:40,053 - DEBUG - 多样性指标: 0.0425
2025-04-08 11:51:40,053 - DEBUG - 自适应学习率: 0.8379
2025-04-08 11:51:40,053 - DEBUG - 第39代概率模型更新完成
2025-04-08 11:51:40,053 - DEBUG - 第39代完成，当前最优解完工时间: 1908，历史最优解完工时间: 1867
2025-04-08 11:51:40,502 - DEBUG - 
更新概率模型:
2025-04-08 11:51:40,502 - DEBUG - 多样性指标: 0.0429
2025-04-08 11:51:40,502 - DEBUG - 自适应学习率: 0.8285
2025-04-08 11:51:40,502 - DEBUG - 第40代概率模型更新完成
2025-04-08 11:51:40,502 - DEBUG - 第40代完成，当前最优解完工时间: 1975，历史最优解完工时间: 1867
2025-04-08 11:51:40,947 - DEBUG - 
更新概率模型:
2025-04-08 11:51:40,947 - DEBUG - 多样性指标: 0.0413
2025-04-08 11:51:40,947 - DEBUG - 自适应学习率: 0.8344
2025-04-08 11:51:40,947 - DEBUG - 第41代概率模型更新完成
2025-04-08 11:51:40,947 - DEBUG - 第41代完成，当前最优解完工时间: 1924，历史最优解完工时间: 1867
2025-04-08 11:51:41,397 - DEBUG - 
更新概率模型:
2025-04-08 11:51:41,397 - DEBUG - 多样性指标: 0.0418
2025-04-08 11:51:41,397 - DEBUG - 自适应学习率: 0.8338
2025-04-08 11:51:41,397 - DEBUG - 第42代概率模型更新完成
2025-04-08 11:51:41,397 - DEBUG - 第42代完成，当前最优解完工时间: 1928，历史最优解完工时间: 1867
2025-04-08 11:51:41,842 - DEBUG - 
更新概率模型:
2025-04-08 11:51:41,842 - DEBUG - 多样性指标: 0.0403
2025-04-08 11:51:41,842 - DEBUG - 自适应学习率: 0.8368
2025-04-08 11:51:41,842 - DEBUG - 第43代概率模型更新完成
2025-04-08 11:51:41,842 - DEBUG - 第43代完成，当前最优解完工时间: 1916，历史最优解完工时间: 1867
2025-04-08 11:51:42,291 - DEBUG - 
更新概率模型:
2025-04-08 11:51:42,291 - DEBUG - 多样性指标: 0.0378
2025-04-08 11:51:42,291 - DEBUG - 自适应学习率: 0.8302
2025-04-08 11:51:42,291 - DEBUG - 第44代概率模型更新完成
2025-04-08 11:51:42,291 - DEBUG - 第44代完成，当前最优解完工时间: 1946，历史最优解完工时间: 1867
2025-04-08 11:51:42,735 - DEBUG - 
更新概率模型:
2025-04-08 11:51:42,735 - DEBUG - 多样性指标: 0.0368
2025-04-08 11:51:42,735 - DEBUG - 自适应学习率: 0.8322
2025-04-08 11:51:42,735 - DEBUG - 第45代概率模型更新完成
2025-04-08 11:51:42,735 - DEBUG - 第45代完成，当前最优解完工时间: 1929，历史最优解完工时间: 1867
2025-04-08 11:51:43,183 - DEBUG - 
更新概率模型:
2025-04-08 11:51:43,183 - DEBUG - 多样性指标: 0.0475
2025-04-08 11:51:43,183 - DEBUG - 自适应学习率: 0.8340
2025-04-08 11:51:43,183 - DEBUG - 第46代概率模型更新完成
2025-04-08 11:51:43,183 - DEBUG - 第46代完成，当前最优解完工时间: 1956，历史最优解完工时间: 1867
2025-04-08 11:51:43,631 - DEBUG - 
更新概率模型:
2025-04-08 11:51:43,631 - DEBUG - 多样性指标: 0.0469
2025-04-08 11:51:43,632 - DEBUG - 自适应学习率: 0.8330
2025-04-08 11:51:43,632 - DEBUG - 第47代概率模型更新完成
2025-04-08 11:51:43,632 - DEBUG - 第47代完成，当前最优解完工时间: 1948，历史最优解完工时间: 1867
2025-04-08 11:51:44,076 - DEBUG - 
更新概率模型:
2025-04-08 11:51:44,076 - DEBUG - 多样性指标: 0.0404
2025-04-08 11:51:44,076 - DEBUG - 自适应学习率: 0.8361
2025-04-08 11:51:44,076 - DEBUG - 第48代概率模型更新完成
2025-04-08 11:51:44,076 - DEBUG - 第48代完成，当前最优解完工时间: 1928，历史最优解完工时间: 1867
2025-04-08 11:51:44,528 - DEBUG - 
更新概率模型:
2025-04-08 11:51:44,528 - DEBUG - 多样性指标: 0.0418
2025-04-08 11:51:44,528 - DEBUG - 自适应学习率: 0.8361
2025-04-08 11:51:44,528 - DEBUG - 第49代概率模型更新完成
2025-04-08 11:51:44,528 - DEBUG - 第49代完成，当前最优解完工时间: 1928，历史最优解完工时间: 1867
2025-04-08 11:51:44,974 - DEBUG - 
更新概率模型:
2025-04-08 11:51:44,974 - DEBUG - 多样性指标: 0.0428
2025-04-08 11:51:44,974 - DEBUG - 自适应学习率: 0.8441
2025-04-08 11:51:44,974 - DEBUG - 第50代概率模型更新完成
2025-04-08 11:51:44,974 - DEBUG - 第50代完成，当前最优解完工时间: 1880，历史最优解完工时间: 1867
2025-04-08 11:51:45,420 - DEBUG - 
更新概率模型:
2025-04-08 11:51:45,420 - DEBUG - 多样性指标: 0.0377
2025-04-08 11:51:45,420 - DEBUG - 自适应学习率: 0.8395
2025-04-08 11:51:45,420 - DEBUG - 第51代概率模型更新完成
2025-04-08 11:51:45,420 - DEBUG - 第51代完成，当前最优解完工时间: 1895，历史最优解完工时间: 1867
2025-04-08 11:51:45,871 - DEBUG - 
更新概率模型:
2025-04-08 11:51:45,871 - DEBUG - 多样性指标: 0.0406
2025-04-08 11:51:45,871 - DEBUG - 自适应学习率: 0.8386
2025-04-08 11:51:45,871 - DEBUG - 第52代概率模型更新完成
2025-04-08 11:51:45,871 - DEBUG - 第52代完成，当前最优解完工时间: 1924，历史最优解完工时间: 1867
2025-04-08 11:51:46,318 - DEBUG - 
更新概率模型:
2025-04-08 11:51:46,318 - DEBUG - 多样性指标: 0.0377
2025-04-08 11:51:46,318 - DEBUG - 自适应学习率: 0.8352
2025-04-08 11:51:46,318 - DEBUG - 第53代概率模型更新完成
2025-04-08 11:51:46,318 - DEBUG - 第53代完成，当前最优解完工时间: 1930，历史最优解完工时间: 1867
2025-04-08 11:51:46,780 - DEBUG - 
更新概率模型:
2025-04-08 11:51:46,780 - DEBUG - 多样性指标: 0.0497
2025-04-08 11:51:46,780 - DEBUG - 自适应学习率: 0.8304
2025-04-08 11:51:46,780 - DEBUG - 第54代概率模型更新完成
2025-04-08 11:51:46,780 - DEBUG - 第54代完成，当前最优解完工时间: 1966，历史最优解完工时间: 1867
2025-04-08 11:51:47,245 - DEBUG - 
更新概率模型:
2025-04-08 11:51:47,245 - DEBUG - 多样性指标: 0.0437
2025-04-08 11:51:47,245 - DEBUG - 自适应学习率: 0.8404
2025-04-08 11:51:47,245 - DEBUG - 第55代概率模型更新完成
2025-04-08 11:51:47,245 - DEBUG - 第55代完成，当前最优解完工时间: 1923，历史最优解完工时间: 1867
2025-04-08 11:51:47,698 - DEBUG - 
更新概率模型:
2025-04-08 11:51:47,698 - DEBUG - 多样性指标: 0.0357
2025-04-08 11:51:47,698 - DEBUG - 自适应学习率: 0.8324
2025-04-08 11:51:47,698 - DEBUG - 第56代概率模型更新完成
2025-04-08 11:51:47,698 - DEBUG - 第56代完成，当前最优解完工时间: 1936，历史最优解完工时间: 1867
2025-04-08 11:51:48,153 - DEBUG - 
更新概率模型:
2025-04-08 11:51:48,153 - DEBUG - 多样性指标: 0.0334
2025-04-08 11:51:48,153 - DEBUG - 自适应学习率: 0.8271
2025-04-08 11:51:48,153 - DEBUG - 第57代概率模型更新完成
2025-04-08 11:51:48,153 - DEBUG - 第57代完成，当前最优解完工时间: 1963，历史最优解完工时间: 1867
2025-04-08 11:51:48,616 - DEBUG - 
更新概率模型:
2025-04-08 11:51:48,616 - DEBUG - 多样性指标: 0.0443
2025-04-08 11:51:48,616 - DEBUG - 自适应学习率: 0.8281
2025-04-08 11:51:48,616 - DEBUG - 第58代概率模型更新完成
2025-04-08 11:51:48,616 - DEBUG - 第58代完成，当前最优解完工时间: 1966，历史最优解完工时间: 1867
2025-04-08 11:51:49,063 - DEBUG - 
更新概率模型:
2025-04-08 11:51:49,063 - DEBUG - 多样性指标: 0.0413
2025-04-08 11:51:49,063 - DEBUG - 自适应学习率: 0.8329
2025-04-08 11:51:49,063 - DEBUG - 第59代概率模型更新完成
2025-04-08 11:51:49,063 - DEBUG - 第59代完成，当前最优解完工时间: 1937，历史最优解完工时间: 1867
2025-04-08 11:51:49,535 - DEBUG - 
更新概率模型:
2025-04-08 11:51:49,535 - DEBUG - 多样性指标: 0.0328
2025-04-08 11:51:49,535 - DEBUG - 自适应学习率: 0.8274
2025-04-08 11:51:49,535 - DEBUG - 第60代概率模型更新完成
2025-04-08 11:51:49,535 - DEBUG - 第60代完成，当前最优解完工时间: 1949，历史最优解完工时间: 1867
2025-04-08 11:51:50,000 - DEBUG - 
更新概率模型:
2025-04-08 11:51:50,000 - DEBUG - 多样性指标: 0.0402
2025-04-08 11:51:50,000 - DEBUG - 自适应学习率: 0.8316
2025-04-08 11:51:50,000 - DEBUG - 第61代概率模型更新完成
2025-04-08 11:51:50,000 - DEBUG - 第61代完成，当前最优解完工时间: 1944，历史最优解完工时间: 1867
2025-04-08 11:51:50,462 - DEBUG - 
更新概率模型:
2025-04-08 11:51:50,462 - DEBUG - 多样性指标: 0.0440
2025-04-08 11:51:50,462 - DEBUG - 自适应学习率: 0.8332
2025-04-08 11:51:50,462 - DEBUG - 第62代概率模型更新完成
2025-04-08 11:51:50,462 - DEBUG - 第62代完成，当前最优解完工时间: 1948，历史最优解完工时间: 1867
2025-04-08 11:51:50,910 - DEBUG - 
更新概率模型:
2025-04-08 11:51:50,910 - DEBUG - 多样性指标: 0.0445
2025-04-08 11:51:50,910 - DEBUG - 自适应学习率: 0.8383
2025-04-08 11:51:50,910 - DEBUG - 第63代概率模型更新完成
2025-04-08 11:51:50,910 - DEBUG - 第63代完成，当前最优解完工时间: 1934，历史最优解完工时间: 1867
2025-04-08 11:51:51,369 - DEBUG - 
更新概率模型:
2025-04-08 11:51:51,370 - DEBUG - 多样性指标: 0.0390
2025-04-08 11:51:51,370 - DEBUG - 自适应学习率: 0.8306
2025-04-08 11:51:51,370 - DEBUG - 第64代概率模型更新完成
2025-04-08 11:51:51,370 - DEBUG - 第64代完成，当前最优解完工时间: 1946，历史最优解完工时间: 1867
2025-04-08 11:51:51,811 - DEBUG - 
更新概率模型:
2025-04-08 11:51:51,812 - DEBUG - 多样性指标: 0.0393
2025-04-08 11:51:51,812 - DEBUG - 自适应学习率: 0.8345
2025-04-08 11:51:51,812 - DEBUG - 第65代概率模型更新完成
2025-04-08 11:51:51,812 - DEBUG - 第65代完成，当前最优解完工时间: 1927，历史最优解完工时间: 1867
2025-04-08 11:51:52,263 - DEBUG - 
更新概率模型:
2025-04-08 11:51:52,263 - DEBUG - 多样性指标: 0.0388
2025-04-08 11:51:52,263 - DEBUG - 自适应学习率: 0.8291
2025-04-08 11:51:52,263 - DEBUG - 第66代概率模型更新完成
2025-04-08 11:51:52,263 - DEBUG - 第66代完成，当前最优解完工时间: 1949，历史最优解完工时间: 1867
2025-04-08 11:51:52,711 - DEBUG - 
更新概率模型:
2025-04-08 11:51:52,711 - DEBUG - 多样性指标: 0.0470
2025-04-08 11:51:52,711 - DEBUG - 自适应学习率: 0.8492
2025-04-08 11:51:52,711 - DEBUG - 第67代概率模型更新完成
2025-04-08 11:51:52,711 - DEBUG - 第67代完成，当前最优解完工时间: 1872，历史最优解完工时间: 1867
2025-04-08 11:51:53,158 - DEBUG - 
更新概率模型:
2025-04-08 11:51:53,158 - DEBUG - 多样性指标: 0.0412
2025-04-08 11:51:53,158 - DEBUG - 自适应学习率: 0.8335
2025-04-08 11:51:53,158 - DEBUG - 第68代概率模型更新完成
2025-04-08 11:51:53,158 - DEBUG - 第68代完成，当前最优解完工时间: 1931，历史最优解完工时间: 1867
2025-04-08 11:51:53,605 - DEBUG - 
更新概率模型:
2025-04-08 11:51:53,605 - DEBUG - 多样性指标: 0.0340
2025-04-08 11:51:53,605 - DEBUG - 自适应学习率: 0.8369
2025-04-08 11:51:53,605 - DEBUG - 第69代概率模型更新完成
2025-04-08 11:51:53,605 - DEBUG - 第69代完成，当前最优解完工时间: 1902，历史最优解完工时间: 1867
2025-04-08 11:51:54,055 - DEBUG - 
更新概率模型:
2025-04-08 11:51:54,055 - DEBUG - 多样性指标: 0.0479
2025-04-08 11:51:54,055 - DEBUG - 自适应学习率: 0.8402
2025-04-08 11:51:54,055 - DEBUG - 第70代概率模型更新完成
2025-04-08 11:51:54,055 - DEBUG - 第70代完成，当前最优解完工时间: 1897，历史最优解完工时间: 1867
2025-04-08 11:51:54,502 - DEBUG - 
更新概率模型:
2025-04-08 11:51:54,502 - DEBUG - 多样性指标: 0.0400
2025-04-08 11:51:54,502 - DEBUG - 自适应学习率: 0.8324
2025-04-08 11:51:54,502 - DEBUG - 第71代概率模型更新完成
2025-04-08 11:51:54,502 - DEBUG - 第71代完成，当前最优解完工时间: 1928，历史最优解完工时间: 1867
2025-04-08 11:51:54,949 - DEBUG - 
更新概率模型:
2025-04-08 11:51:54,949 - DEBUG - 多样性指标: 0.0433
2025-04-08 11:51:54,949 - DEBUG - 自适应学习率: 0.8399
2025-04-08 11:51:54,949 - DEBUG - 第72代概率模型更新完成
2025-04-08 11:51:54,949 - DEBUG - 第72代完成，当前最优解完工时间: 1890，历史最优解完工时间: 1867
2025-04-08 11:51:55,395 - DEBUG - 
更新概率模型:
2025-04-08 11:51:55,395 - DEBUG - 多样性指标: 0.0399
2025-04-08 11:51:55,395 - DEBUG - 自适应学习率: 0.8466
2025-04-08 11:51:55,395 - DEBUG - 第73代概率模型更新完成
2025-04-08 11:51:55,395 - DEBUG - 第73代完成，当前最优解完工时间: 1868，历史最优解完工时间: 1867
2025-04-08 11:51:55,847 - DEBUG - 
更新概率模型:
2025-04-08 11:51:55,847 - DEBUG - 多样性指标: 0.0414
2025-04-08 11:51:55,847 - DEBUG - 自适应学习率: 0.8373
2025-04-08 11:51:55,847 - DEBUG - 第74代概率模型更新完成
2025-04-08 11:51:55,847 - DEBUG - 第74代完成，当前最优解完工时间: 1910，历史最优解完工时间: 1867
2025-04-08 11:51:56,299 - DEBUG - 
更新概率模型:
2025-04-08 11:51:56,299 - DEBUG - 多样性指标: 0.0389
2025-04-08 11:51:56,299 - DEBUG - 自适应学习率: 0.8307
2025-04-08 11:51:56,299 - DEBUG - 第75代概率模型更新完成
2025-04-08 11:51:56,299 - DEBUG - 第75代完成，当前最优解完工时间: 1936，历史最优解完工时间: 1867
2025-04-08 11:51:56,753 - DEBUG - 
更新概率模型:
2025-04-08 11:51:56,754 - DEBUG - 多样性指标: 0.0353
2025-04-08 11:51:56,754 - DEBUG - 自适应学习率: 0.8258
2025-04-08 11:51:56,754 - DEBUG - 第76代概率模型更新完成
2025-04-08 11:51:56,754 - DEBUG - 第76代完成，当前最优解完工时间: 1955，历史最优解完工时间: 1867
2025-04-08 11:51:57,206 - DEBUG - 
更新概率模型:
2025-04-08 11:51:57,206 - DEBUG - 多样性指标: 0.0422
2025-04-08 11:51:57,206 - DEBUG - 自适应学习率: 0.8287
2025-04-08 11:51:57,206 - DEBUG - 第77代概率模型更新完成
2025-04-08 11:51:57,206 - DEBUG - 第77代完成，当前最优解完工时间: 1950，历史最优解完工时间: 1867
2025-04-08 11:51:57,670 - DEBUG - 
更新概率模型:
2025-04-08 11:51:57,670 - DEBUG - 多样性指标: 0.0453
2025-04-08 11:51:57,670 - DEBUG - 自适应学习率: 0.8309
2025-04-08 11:51:57,670 - DEBUG - 第78代概率模型更新完成
2025-04-08 11:51:57,670 - DEBUG - 第78代完成，当前最优解完工时间: 1946，历史最优解完工时间: 1867
2025-04-08 11:51:58,124 - DEBUG - 
更新概率模型:
2025-04-08 11:51:58,125 - DEBUG - 多样性指标: 0.0440
2025-04-08 11:51:58,125 - DEBUG - 自适应学习率: 0.8382
2025-04-08 11:51:58,125 - DEBUG - 第79代概率模型更新完成
2025-04-08 11:51:58,125 - DEBUG - 第79代完成，当前最优解完工时间: 1901，历史最优解完工时间: 1867
2025-04-08 11:51:58,577 - DEBUG - 
更新概率模型:
2025-04-08 11:51:58,577 - DEBUG - 多样性指标: 0.0390
2025-04-08 11:51:58,577 - DEBUG - 自适应学习率: 0.8414
2025-04-08 11:51:58,577 - DEBUG - 第80代概率模型更新完成
2025-04-08 11:51:58,577 - DEBUG - 第80代完成，当前最优解完工时间: 1883，历史最优解完工时间: 1867
2025-04-08 11:51:59,029 - DEBUG - 
更新概率模型:
2025-04-08 11:51:59,029 - DEBUG - 多样性指标: 0.0437
2025-04-08 11:51:59,029 - DEBUG - 自适应学习率: 0.8378
2025-04-08 11:51:59,029 - DEBUG - 第81代概率模型更新完成
2025-04-08 11:51:59,029 - DEBUG - 第81代完成，当前最优解完工时间: 1900，历史最优解完工时间: 1867
2025-04-08 11:51:59,478 - DEBUG - 
更新概率模型:
2025-04-08 11:51:59,478 - DEBUG - 多样性指标: 0.0390
2025-04-08 11:51:59,478 - DEBUG - 自适应学习率: 0.8338
2025-04-08 11:51:59,478 - DEBUG - 第82代概率模型更新完成
2025-04-08 11:51:59,478 - DEBUG - 第82代完成，当前最优解完工时间: 1932，历史最优解完工时间: 1867
2025-04-08 11:51:59,926 - DEBUG - 
更新概率模型:
2025-04-08 11:51:59,926 - DEBUG - 多样性指标: 0.0405
2025-04-08 11:51:59,926 - DEBUG - 自适应学习率: 0.8360
2025-04-08 11:51:59,926 - DEBUG - 第83代概率模型更新完成
2025-04-08 11:51:59,926 - DEBUG - 第83代完成，当前最优解完工时间: 1910，历史最优解完工时间: 1867
2025-04-08 11:52:00,387 - DEBUG - 
更新概率模型:
2025-04-08 11:52:00,387 - DEBUG - 多样性指标: 0.0408
2025-04-08 11:52:00,387 - DEBUG - 自适应学习率: 0.8275
2025-04-08 11:52:00,387 - DEBUG - 第84代概率模型更新完成
2025-04-08 11:52:00,387 - DEBUG - 第84代完成，当前最优解完工时间: 1952，历史最优解完工时间: 1867
2025-04-08 11:52:00,842 - DEBUG - 
更新概率模型:
2025-04-08 11:52:00,842 - DEBUG - 多样性指标: 0.0382
2025-04-08 11:52:00,842 - DEBUG - 自适应学习率: 0.8320
2025-04-08 11:52:00,842 - DEBUG - 第85代概率模型更新完成
2025-04-08 11:52:00,842 - DEBUG - 第85代完成，当前最优解完工时间: 1940，历史最优解完工时间: 1867
2025-04-08 11:52:01,295 - DEBUG - 
更新概率模型:
2025-04-08 11:52:01,295 - DEBUG - 多样性指标: 0.0376
2025-04-08 11:52:01,295 - DEBUG - 自适应学习率: 0.8294
2025-04-08 11:52:01,295 - DEBUG - 第86代概率模型更新完成
2025-04-08 11:52:01,295 - DEBUG - 第86代完成，当前最优解完工时间: 1941，历史最优解完工时间: 1867
2025-04-08 11:52:01,746 - DEBUG - 
更新概率模型:
2025-04-08 11:52:01,746 - DEBUG - 多样性指标: 0.0396
2025-04-08 11:52:01,746 - DEBUG - 自适应学习率: 0.8399
2025-04-08 11:52:01,746 - DEBUG - 第87代概率模型更新完成
2025-04-08 11:52:01,746 - DEBUG - 第87代完成，当前最优解完工时间: 1899，历史最优解完工时间: 1867
2025-04-08 11:52:02,195 - DEBUG - 
更新概率模型:
2025-04-08 11:52:02,196 - DEBUG - 多样性指标: 0.0431
2025-04-08 11:52:02,196 - DEBUG - 自适应学习率: 0.8335
2025-04-08 11:52:02,196 - DEBUG - 第88代概率模型更新完成
2025-04-08 11:52:02,196 - DEBUG - 第88代完成，当前最优解完工时间: 1932，历史最优解完工时间: 1867
2025-04-08 11:52:02,647 - DEBUG - 
更新概率模型:
2025-04-08 11:52:02,647 - DEBUG - 多样性指标: 0.0471
2025-04-08 11:52:02,647 - DEBUG - 自适应学习率: 0.8342
2025-04-08 11:52:02,647 - DEBUG - 第89代概率模型更新完成
2025-04-08 11:52:02,647 - DEBUG - 第89代完成，当前最优解完工时间: 1922，历史最优解完工时间: 1867
2025-04-08 11:52:03,092 - DEBUG - 
更新概率模型:
2025-04-08 11:52:03,092 - DEBUG - 多样性指标: 0.0376
2025-04-08 11:52:03,092 - DEBUG - 自适应学习率: 0.8340
2025-04-08 11:52:03,092 - DEBUG - 第90代概率模型更新完成
2025-04-08 11:52:03,092 - DEBUG - 第90代完成，当前最优解完工时间: 1930，历史最优解完工时间: 1867
2025-04-08 11:52:03,543 - DEBUG - 
更新概率模型:
2025-04-08 11:52:03,543 - DEBUG - 多样性指标: 0.0448
2025-04-08 11:52:03,543 - DEBUG - 自适应学习率: 0.8400
2025-04-08 11:52:03,543 - DEBUG - 第91代概率模型更新完成
2025-04-08 11:52:03,543 - DEBUG - 第91代完成，当前最优解完工时间: 1923，历史最优解完工时间: 1867
2025-04-08 11:52:03,995 - DEBUG - 
更新概率模型:
2025-04-08 11:52:03,995 - DEBUG - 多样性指标: 0.0362
2025-04-08 11:52:03,995 - DEBUG - 自适应学习率: 0.8340
2025-04-08 11:52:03,995 - DEBUG - 第92代概率模型更新完成
2025-04-08 11:52:03,995 - DEBUG - 第92代完成，当前最优解完工时间: 1944，历史最优解完工时间: 1867
2025-04-08 11:52:04,448 - DEBUG - 
更新概率模型:
2025-04-08 11:52:04,448 - DEBUG - 多样性指标: 0.0438
2025-04-08 11:52:04,448 - DEBUG - 自适应学习率: 0.8379
2025-04-08 11:52:04,448 - DEBUG - 第93代概率模型更新完成
2025-04-08 11:52:04,449 - DEBUG - 第93代完成，当前最优解完工时间: 1915，历史最优解完工时间: 1867
2025-04-08 11:52:04,896 - DEBUG - 
更新概率模型:
2025-04-08 11:52:04,896 - DEBUG - 多样性指标: 0.0398
2025-04-08 11:52:04,896 - DEBUG - 自适应学习率: 0.8332
2025-04-08 11:52:04,896 - DEBUG - 第94代概率模型更新完成
2025-04-08 11:52:04,896 - DEBUG - 第94代完成，当前最优解完工时间: 1936，历史最优解完工时间: 1867
2025-04-08 11:52:05,345 - DEBUG - 
更新概率模型:
2025-04-08 11:52:05,345 - DEBUG - 多样性指标: 0.0368
2025-04-08 11:52:05,345 - DEBUG - 自适应学习率: 0.8328
2025-04-08 11:52:05,345 - DEBUG - 第95代概率模型更新完成
2025-04-08 11:52:05,345 - DEBUG - 第95代完成，当前最优解完工时间: 1928，历史最优解完工时间: 1867
2025-04-08 11:52:05,793 - DEBUG - 
更新概率模型:
2025-04-08 11:52:05,793 - DEBUG - 多样性指标: 0.0379
2025-04-08 11:52:05,793 - DEBUG - 自适应学习率: 0.8285
2025-04-08 11:52:05,793 - DEBUG - 第96代概率模型更新完成
2025-04-08 11:52:05,793 - DEBUG - 第96代完成，当前最优解完工时间: 1950，历史最优解完工时间: 1867
2025-04-08 11:52:06,245 - DEBUG - 
更新概率模型:
2025-04-08 11:52:06,245 - DEBUG - 多样性指标: 0.0416
2025-04-08 11:52:06,245 - DEBUG - 自适应学习率: 0.8359
2025-04-08 11:52:06,245 - DEBUG - 第97代概率模型更新完成
2025-04-08 11:52:06,245 - DEBUG - 第97代完成，当前最优解完工时间: 1929，历史最优解完工时间: 1867
2025-04-08 11:52:06,695 - DEBUG - 
更新概率模型:
2025-04-08 11:52:06,695 - DEBUG - 多样性指标: 0.0424
2025-04-08 11:52:06,695 - DEBUG - 自适应学习率: 0.8390
2025-04-08 11:52:06,695 - DEBUG - 第98代概率模型更新完成
2025-04-08 11:52:06,695 - DEBUG - 第98代完成，当前最优解完工时间: 1912，历史最优解完工时间: 1867
2025-04-08 11:52:07,144 - DEBUG - 
更新概率模型:
2025-04-08 11:52:07,144 - DEBUG - 多样性指标: 0.0486
2025-04-08 11:52:07,144 - DEBUG - 自适应学习率: 0.8370
2025-04-08 11:52:07,144 - DEBUG - 第99代概率模型更新完成
2025-04-08 11:52:07,144 - DEBUG - 第99代完成，当前最优解完工时间: 1934，历史最优解完工时间: 1867
2025-04-08 11:52:07,602 - DEBUG - 
更新概率模型:
2025-04-08 11:52:07,602 - DEBUG - 多样性指标: 0.0436
2025-04-08 11:52:07,602 - DEBUG - 自适应学习率: 0.8357
2025-04-08 11:52:07,602 - DEBUG - 第100代概率模型更新完成
2025-04-08 11:52:07,602 - DEBUG - 第100代完成，当前最优解完工时间: 1928，历史最优解完工时间: 1867
2025-04-08 11:52:08,059 - DEBUG - 
更新概率模型:
2025-04-08 11:52:08,059 - DEBUG - 多样性指标: 0.0424
2025-04-08 11:52:08,059 - DEBUG - 自适应学习率: 0.8339
2025-04-08 11:52:08,059 - DEBUG - 第101代概率模型更新完成
2025-04-08 11:52:08,059 - DEBUG - 第101代完成，当前最优解完工时间: 1944，历史最优解完工时间: 1867
2025-04-08 11:52:08,509 - DEBUG - 
更新概率模型:
2025-04-08 11:52:08,509 - DEBUG - 多样性指标: 0.0441
2025-04-08 11:52:08,509 - DEBUG - 自适应学习率: 0.8351
2025-04-08 11:52:08,510 - DEBUG - 第102代概率模型更新完成
2025-04-08 11:52:08,510 - DEBUG - 第102代完成，当前最优解完工时间: 1937，历史最优解完工时间: 1867
2025-04-08 11:52:08,960 - DEBUG - 
更新概率模型:
2025-04-08 11:52:08,960 - DEBUG - 多样性指标: 0.0425
2025-04-08 11:52:08,960 - DEBUG - 自适应学习率: 0.8438
2025-04-08 11:52:08,960 - DEBUG - 第103代概率模型更新完成
2025-04-08 11:52:08,960 - DEBUG - 第103代完成，当前最优解完工时间: 1886，历史最优解完工时间: 1867
2025-04-08 11:52:09,418 - DEBUG - 
更新概率模型:
2025-04-08 11:52:09,418 - DEBUG - 多样性指标: 0.0461
2025-04-08 11:52:09,418 - DEBUG - 自适应学习率: 0.8367
2025-04-08 11:52:09,418 - DEBUG - 第104代概率模型更新完成
2025-04-08 11:52:09,418 - DEBUG - 第104代完成，当前最优解完工时间: 1926，历史最优解完工时间: 1867
2025-04-08 11:52:09,864 - DEBUG - 
更新概率模型:
2025-04-08 11:52:09,864 - DEBUG - 多样性指标: 0.0457
2025-04-08 11:52:09,864 - DEBUG - 自适应学习率: 0.8363
2025-04-08 11:52:09,864 - DEBUG - 第105代概率模型更新完成
2025-04-08 11:52:09,864 - DEBUG - 第105代完成，当前最优解完工时间: 1937，历史最优解完工时间: 1867
2025-04-08 11:52:10,317 - DEBUG - 
更新概率模型:
2025-04-08 11:52:10,317 - DEBUG - 多样性指标: 0.0422
2025-04-08 11:52:10,317 - DEBUG - 自适应学习率: 0.8342
2025-04-08 11:52:10,317 - DEBUG - 第106代概率模型更新完成
2025-04-08 11:52:10,317 - DEBUG - 第106代完成，当前最优解完工时间: 1933，历史最优解完工时间: 1867
2025-04-08 11:52:10,767 - DEBUG - 
更新概率模型:
2025-04-08 11:52:10,767 - DEBUG - 多样性指标: 0.0389
2025-04-08 11:52:10,768 - DEBUG - 自适应学习率: 0.8311
2025-04-08 11:52:10,768 - DEBUG - 第107代概率模型更新完成
2025-04-08 11:52:10,768 - DEBUG - 第107代完成，当前最优解完工时间: 1950，历史最优解完工时间: 1867
2025-04-08 11:52:11,215 - DEBUG - 
更新概率模型:
2025-04-08 11:52:11,215 - DEBUG - 多样性指标: 0.0439
2025-04-08 11:52:11,215 - DEBUG - 自适应学习率: 0.8392
2025-04-08 11:52:11,215 - DEBUG - 第108代概率模型更新完成
2025-04-08 11:52:11,215 - DEBUG - 第108代完成，当前最优解完工时间: 1927，历史最优解完工时间: 1867
2025-04-08 11:52:11,666 - DEBUG - 
更新概率模型:
2025-04-08 11:52:11,666 - DEBUG - 多样性指标: 0.0412
2025-04-08 11:52:11,666 - DEBUG - 自适应学习率: 0.8332
2025-04-08 11:52:11,666 - DEBUG - 第109代概率模型更新完成
2025-04-08 11:52:11,666 - DEBUG - 第109代完成，当前最优解完工时间: 1932，历史最优解完工时间: 1867
2025-04-08 11:52:12,123 - DEBUG - 
更新概率模型:
2025-04-08 11:52:12,123 - DEBUG - 多样性指标: 0.0358
2025-04-08 11:52:12,123 - DEBUG - 自适应学习率: 0.8253
2025-04-08 11:52:12,123 - DEBUG - 第110代概率模型更新完成
2025-04-08 11:52:12,123 - DEBUG - 第110代完成，当前最优解完工时间: 1959，历史最优解完工时间: 1867
2025-04-08 11:52:12,575 - DEBUG - 
更新概率模型:
2025-04-08 11:52:12,575 - DEBUG - 多样性指标: 0.0416
2025-04-08 11:52:12,575 - DEBUG - 自适应学习率: 0.8313
2025-04-08 11:52:12,575 - DEBUG - 第111代概率模型更新完成
2025-04-08 11:52:12,575 - DEBUG - 第111代完成，当前最优解完工时间: 1927，历史最优解完工时间: 1867
2025-04-08 11:52:13,021 - DEBUG - 
更新概率模型:
2025-04-08 11:52:13,021 - DEBUG - 多样性指标: 0.0464
2025-04-08 11:52:13,021 - DEBUG - 自适应学习率: 0.8480
2025-04-08 11:52:13,021 - DEBUG - 第112代概率模型更新完成
2025-04-08 11:52:13,021 - INFO - In generation 113，New best makespan: 1857.00
2025-04-08 11:52:13,023 - DEBUG - 第112代完成，当前最优解完工时间: 1857，历史最优解完工时间: 1857
2025-04-08 11:52:13,482 - DEBUG - 
更新概率模型:
2025-04-08 11:52:13,482 - DEBUG - 多样性指标: 0.0417
2025-04-08 11:52:13,482 - DEBUG - 自适应学习率: 0.8365
2025-04-08 11:52:13,482 - DEBUG - 第113代概率模型更新完成
2025-04-08 11:52:13,482 - DEBUG - 第113代完成，当前最优解完工时间: 1925，历史最优解完工时间: 1857
2025-04-08 11:52:13,947 - DEBUG - 
更新概率模型:
2025-04-08 11:52:13,947 - DEBUG - 多样性指标: 0.0414
2025-04-08 11:52:13,947 - DEBUG - 自适应学习率: 0.8298
2025-04-08 11:52:13,947 - DEBUG - 第114代概率模型更新完成
2025-04-08 11:52:13,947 - DEBUG - 第114代完成，当前最优解完工时间: 1947，历史最优解完工时间: 1857
2025-04-08 11:52:14,414 - DEBUG - 
更新概率模型:
2025-04-08 11:52:14,414 - DEBUG - 多样性指标: 0.0434
2025-04-08 11:52:14,414 - DEBUG - 自适应学习率: 0.8398
2025-04-08 11:52:14,414 - DEBUG - 第115代概率模型更新完成
2025-04-08 11:52:14,414 - DEBUG - 第115代完成，当前最优解完工时间: 1888，历史最优解完工时间: 1857
2025-04-08 11:52:14,862 - DEBUG - 
更新概率模型:
2025-04-08 11:52:14,862 - DEBUG - 多样性指标: 0.0433
2025-04-08 11:52:14,862 - DEBUG - 自适应学习率: 0.8317
2025-04-08 11:52:14,862 - DEBUG - 第116代概率模型更新完成
2025-04-08 11:52:14,862 - DEBUG - 第116代完成，当前最优解完工时间: 1946，历史最优解完工时间: 1857
2025-04-08 11:52:15,318 - DEBUG - 
更新概率模型:
2025-04-08 11:52:15,318 - DEBUG - 多样性指标: 0.0432
2025-04-08 11:52:15,318 - DEBUG - 自适应学习率: 0.8296
2025-04-08 11:52:15,318 - DEBUG - 第117代概率模型更新完成
2025-04-08 11:52:15,318 - DEBUG - 第117代完成，当前最优解完工时间: 1947，历史最优解完工时间: 1857
2025-04-08 11:52:15,770 - DEBUG - 
更新概率模型:
2025-04-08 11:52:15,770 - DEBUG - 多样性指标: 0.0401
2025-04-08 11:52:15,770 - DEBUG - 自适应学习率: 0.8309
2025-04-08 11:52:15,770 - DEBUG - 第118代概率模型更新完成
2025-04-08 11:52:15,770 - DEBUG - 第118代完成，当前最优解完工时间: 1932，历史最优解完工时间: 1857
2025-04-08 11:52:16,220 - DEBUG - 
更新概率模型:
2025-04-08 11:52:16,220 - DEBUG - 多样性指标: 0.0453
2025-04-08 11:52:16,220 - DEBUG - 自适应学习率: 0.8363
2025-04-08 11:52:16,220 - DEBUG - 第119代概率模型更新完成
2025-04-08 11:52:16,220 - DEBUG - 第119代完成，当前最优解完工时间: 1924，历史最优解完工时间: 1857
2025-04-08 11:52:16,671 - DEBUG - 
更新概率模型:
2025-04-08 11:52:16,671 - DEBUG - 多样性指标: 0.0371
2025-04-08 11:52:16,671 - DEBUG - 自适应学习率: 0.8342
2025-04-08 11:52:16,671 - DEBUG - 第120代概率模型更新完成
2025-04-08 11:52:16,671 - DEBUG - 第120代完成，当前最优解完工时间: 1922，历史最优解完工时间: 1857
2025-04-08 11:52:17,120 - DEBUG - 
更新概率模型:
2025-04-08 11:52:17,120 - DEBUG - 多样性指标: 0.0368
2025-04-08 11:52:17,120 - DEBUG - 自适应学习率: 0.8291
2025-04-08 11:52:17,120 - DEBUG - 第121代概率模型更新完成
2025-04-08 11:52:17,120 - DEBUG - 第121代完成，当前最优解完工时间: 1940，历史最优解完工时间: 1857
2025-04-08 11:52:17,572 - DEBUG - 
更新概率模型:
2025-04-08 11:52:17,573 - DEBUG - 多样性指标: 0.0333
2025-04-08 11:52:17,573 - DEBUG - 自适应学习率: 0.8271
2025-04-08 11:52:17,573 - DEBUG - 第122代概率模型更新完成
2025-04-08 11:52:17,573 - DEBUG - 第122代完成，当前最优解完工时间: 1952，历史最优解完工时间: 1857
2025-04-08 11:52:18,023 - DEBUG - 
更新概率模型:
2025-04-08 11:52:18,023 - DEBUG - 多样性指标: 0.0387
2025-04-08 11:52:18,023 - DEBUG - 自适应学习率: 0.8324
2025-04-08 11:52:18,023 - DEBUG - 第123代概率模型更新完成
2025-04-08 11:52:18,023 - DEBUG - 第123代完成，当前最优解完工时间: 1939，历史最优解完工时间: 1857
2025-04-08 11:52:18,469 - DEBUG - 
更新概率模型:
2025-04-08 11:52:18,469 - DEBUG - 多样性指标: 0.0399
2025-04-08 11:52:18,470 - DEBUG - 自适应学习率: 0.8348
2025-04-08 11:52:18,470 - DEBUG - 第124代概率模型更新完成
2025-04-08 11:52:18,470 - DEBUG - 第124代完成，当前最优解完工时间: 1935，历史最优解完工时间: 1857
2025-04-08 11:52:18,914 - DEBUG - 
更新概率模型:
2025-04-08 11:52:18,914 - DEBUG - 多样性指标: 0.0447
2025-04-08 11:52:18,914 - DEBUG - 自适应学习率: 0.8342
2025-04-08 11:52:18,914 - DEBUG - 第125代概率模型更新完成
2025-04-08 11:52:18,914 - DEBUG - 第125代完成，当前最优解完工时间: 1934，历史最优解完工时间: 1857
2025-04-08 11:52:19,370 - DEBUG - 
更新概率模型:
2025-04-08 11:52:19,370 - DEBUG - 多样性指标: 0.0431
2025-04-08 11:52:19,370 - DEBUG - 自适应学习率: 0.8338
2025-04-08 11:52:19,370 - DEBUG - 第126代概率模型更新完成
2025-04-08 11:52:19,370 - DEBUG - 第126代完成，当前最优解完工时间: 1940，历史最优解完工时间: 1857
2025-04-08 11:52:19,825 - DEBUG - 
更新概率模型:
2025-04-08 11:52:19,825 - DEBUG - 多样性指标: 0.0384
2025-04-08 11:52:19,825 - DEBUG - 自适应学习率: 0.8364
2025-04-08 11:52:19,825 - DEBUG - 第127代概率模型更新完成
2025-04-08 11:52:19,825 - DEBUG - 第127代完成，当前最优解完工时间: 1932，历史最优解完工时间: 1857
2025-04-08 11:52:20,277 - DEBUG - 
更新概率模型:
2025-04-08 11:52:20,277 - DEBUG - 多样性指标: 0.0427
2025-04-08 11:52:20,277 - DEBUG - 自适应学习率: 0.8331
2025-04-08 11:52:20,277 - DEBUG - 第128代概率模型更新完成
2025-04-08 11:52:20,277 - DEBUG - 第128代完成，当前最优解完工时间: 1943，历史最优解完工时间: 1857
2025-04-08 11:52:20,728 - DEBUG - 
更新概率模型:
2025-04-08 11:52:20,728 - DEBUG - 多样性指标: 0.0415
2025-04-08 11:52:20,728 - DEBUG - 自适应学习率: 0.8298
2025-04-08 11:52:20,728 - DEBUG - 第129代概率模型更新完成
2025-04-08 11:52:20,728 - DEBUG - 第129代完成，当前最优解完工时间: 1946，历史最优解完工时间: 1857
2025-04-08 11:52:21,180 - DEBUG - 
更新概率模型:
2025-04-08 11:52:21,181 - DEBUG - 多样性指标: 0.0418
2025-04-08 11:52:21,181 - DEBUG - 自适应学习率: 0.8343
2025-04-08 11:52:21,181 - DEBUG - 第130代概率模型更新完成
2025-04-08 11:52:21,181 - DEBUG - 第130代完成，当前最优解完工时间: 1926，历史最优解完工时间: 1857
2025-04-08 11:52:21,636 - DEBUG - 
更新概率模型:
2025-04-08 11:52:21,636 - DEBUG - 多样性指标: 0.0404
2025-04-08 11:52:21,636 - DEBUG - 自适应学习率: 0.8353
2025-04-08 11:52:21,636 - DEBUG - 第131代概率模型更新完成
2025-04-08 11:52:21,636 - DEBUG - 第131代完成，当前最优解完工时间: 1919，历史最优解完工时间: 1857
2025-04-08 11:52:22,085 - DEBUG - 
更新概率模型:
2025-04-08 11:52:22,085 - DEBUG - 多样性指标: 0.0442
2025-04-08 11:52:22,085 - DEBUG - 自适应学习率: 0.8383
2025-04-08 11:52:22,085 - DEBUG - 第132代概率模型更新完成
2025-04-08 11:52:22,085 - DEBUG - 第132代完成，当前最优解完工时间: 1911，历史最优解完工时间: 1857
2025-04-08 11:52:22,535 - DEBUG - 
更新概率模型:
2025-04-08 11:52:22,535 - DEBUG - 多样性指标: 0.0361
2025-04-08 11:52:22,535 - DEBUG - 自适应学习率: 0.8325
2025-04-08 11:52:22,535 - DEBUG - 第133代概率模型更新完成
2025-04-08 11:52:22,535 - DEBUG - 第133代完成，当前最优解完工时间: 1926，历史最优解完工时间: 1857
2025-04-08 11:52:22,990 - DEBUG - 
更新概率模型:
2025-04-08 11:52:22,990 - DEBUG - 多样性指标: 0.0408
2025-04-08 11:52:22,990 - DEBUG - 自适应学习率: 0.8294
2025-04-08 11:52:22,990 - DEBUG - 第134代概率模型更新完成
2025-04-08 11:52:22,990 - DEBUG - 第134代完成，当前最优解完工时间: 1957，历史最优解完工时间: 1857
2025-04-08 11:52:23,441 - DEBUG - 
更新概率模型:
2025-04-08 11:52:23,442 - DEBUG - 多样性指标: 0.0474
2025-04-08 11:52:23,442 - DEBUG - 自适应学习率: 0.8361
2025-04-08 11:52:23,442 - DEBUG - 第135代概率模型更新完成
2025-04-08 11:52:23,442 - DEBUG - 第135代完成，当前最优解完工时间: 1927，历史最优解完工时间: 1857
2025-04-08 11:52:23,890 - DEBUG - 
更新概率模型:
2025-04-08 11:52:23,890 - DEBUG - 多样性指标: 0.0412
2025-04-08 11:52:23,890 - DEBUG - 自适应学习率: 0.8288
2025-04-08 11:52:23,890 - DEBUG - 第136代概率模型更新完成
2025-04-08 11:52:23,890 - DEBUG - 第136代完成，当前最优解完工时间: 1960，历史最优解完工时间: 1857
2025-04-08 11:52:24,345 - DEBUG - 
更新概率模型:
2025-04-08 11:52:24,345 - DEBUG - 多样性指标: 0.0414
2025-04-08 11:52:24,345 - DEBUG - 自适应学习率: 0.8332
2025-04-08 11:52:24,345 - DEBUG - 第137代概率模型更新完成
2025-04-08 11:52:24,345 - DEBUG - 第137代完成，当前最优解完工时间: 1939，历史最优解完工时间: 1857
2025-04-08 11:52:24,794 - DEBUG - 
更新概率模型:
2025-04-08 11:52:24,794 - DEBUG - 多样性指标: 0.0429
2025-04-08 11:52:24,794 - DEBUG - 自适应学习率: 0.8321
2025-04-08 11:52:24,794 - DEBUG - 第138代概率模型更新完成
2025-04-08 11:52:24,794 - DEBUG - 第138代完成，当前最优解完工时间: 1942，历史最优解完工时间: 1857
2025-04-08 11:52:25,239 - DEBUG - 
更新概率模型:
2025-04-08 11:52:25,239 - DEBUG - 多样性指标: 0.0363
2025-04-08 11:52:25,239 - DEBUG - 自适应学习率: 0.8298
2025-04-08 11:52:25,239 - DEBUG - 第139代概率模型更新完成
2025-04-08 11:52:25,239 - DEBUG - 第139代完成，当前最优解完工时间: 1947，历史最优解完工时间: 1857
2025-04-08 11:52:25,687 - DEBUG - 
更新概率模型:
2025-04-08 11:52:25,687 - DEBUG - 多样性指标: 0.0469
2025-04-08 11:52:25,687 - DEBUG - 自适应学习率: 0.8380
2025-04-08 11:52:25,687 - DEBUG - 第140代概率模型更新完成
2025-04-08 11:52:25,687 - DEBUG - 第140代完成，当前最优解完工时间: 1924，历史最优解完工时间: 1857
2025-04-08 11:52:26,135 - DEBUG - 
更新概率模型:
2025-04-08 11:52:26,135 - DEBUG - 多样性指标: 0.0432
2025-04-08 11:52:26,135 - DEBUG - 自适应学习率: 0.8330
2025-04-08 11:52:26,135 - DEBUG - 第141代概率模型更新完成
2025-04-08 11:52:26,135 - DEBUG - 第141代完成，当前最优解完工时间: 1942，历史最优解完工时间: 1857
2025-04-08 11:52:26,584 - DEBUG - 
更新概率模型:
2025-04-08 11:52:26,584 - DEBUG - 多样性指标: 0.0443
2025-04-08 11:52:26,584 - DEBUG - 自适应学习率: 0.8384
2025-04-08 11:52:26,584 - DEBUG - 第142代概率模型更新完成
2025-04-08 11:52:26,584 - DEBUG - 第142代完成，当前最优解完工时间: 1912，历史最优解完工时间: 1857
2025-04-08 11:52:27,032 - DEBUG - 
更新概率模型:
2025-04-08 11:52:27,032 - DEBUG - 多样性指标: 0.0462
2025-04-08 11:52:27,032 - DEBUG - 自适应学习率: 0.8396
2025-04-08 11:52:27,032 - DEBUG - 第143代概率模型更新完成
2025-04-08 11:52:27,032 - DEBUG - 第143代完成，当前最优解完工时间: 1917，历史最优解完工时间: 1857
2025-04-08 11:52:27,480 - DEBUG - 
更新概率模型:
2025-04-08 11:52:27,480 - DEBUG - 多样性指标: 0.0419
2025-04-08 11:52:27,480 - DEBUG - 自适应学习率: 0.8295
2025-04-08 11:52:27,480 - DEBUG - 第144代概率模型更新完成
2025-04-08 11:52:27,480 - DEBUG - 第144代完成，当前最优解完工时间: 1965，历史最优解完工时间: 1857
2025-04-08 11:52:27,924 - DEBUG - 
更新概率模型:
2025-04-08 11:52:27,924 - DEBUG - 多样性指标: 0.0428
2025-04-08 11:52:27,924 - DEBUG - 自适应学习率: 0.8327
2025-04-08 11:52:27,924 - DEBUG - 第145代概率模型更新完成
2025-04-08 11:52:27,924 - DEBUG - 第145代完成，当前最优解完工时间: 1930，历史最优解完工时间: 1857
2025-04-08 11:52:28,372 - DEBUG - 
更新概率模型:
2025-04-08 11:52:28,372 - DEBUG - 多样性指标: 0.0462
2025-04-08 11:52:28,372 - DEBUG - 自适应学习率: 0.8440
2025-04-08 11:52:28,372 - DEBUG - 第146代概率模型更新完成
2025-04-08 11:52:28,372 - DEBUG - 第146代完成，当前最优解完工时间: 1887，历史最优解完工时间: 1857
2025-04-08 11:52:28,819 - DEBUG - 
更新概率模型:
2025-04-08 11:52:28,820 - DEBUG - 多样性指标: 0.0413
2025-04-08 11:52:28,820 - DEBUG - 自适应学习率: 0.8385
2025-04-08 11:52:28,820 - DEBUG - 第147代概率模型更新完成
2025-04-08 11:52:28,820 - DEBUG - 第147代完成，当前最优解完工时间: 1902，历史最优解完工时间: 1857
2025-04-08 11:52:29,283 - DEBUG - 
更新概率模型:
2025-04-08 11:52:29,283 - DEBUG - 多样性指标: 0.0446
2025-04-08 11:52:29,284 - DEBUG - 自适应学习率: 0.8422
2025-04-08 11:52:29,284 - DEBUG - 第148代概率模型更新完成
2025-04-08 11:52:29,284 - DEBUG - 第148代完成，当前最优解完工时间: 1904，历史最优解完工时间: 1857
2025-04-08 11:52:29,742 - DEBUG - 
更新概率模型:
2025-04-08 11:52:29,742 - DEBUG - 多样性指标: 0.0373
2025-04-08 11:52:29,742 - DEBUG - 自适应学习率: 0.8288
2025-04-08 11:52:29,742 - DEBUG - 第149代概率模型更新完成
2025-04-08 11:52:29,742 - DEBUG - 第149代完成，当前最优解完工时间: 1950，历史最优解完工时间: 1857
2025-04-08 11:52:30,200 - DEBUG - 
更新概率模型:
2025-04-08 11:52:30,201 - DEBUG - 多样性指标: 0.0421
2025-04-08 11:52:30,201 - DEBUG - 自适应学习率: 0.8367
2025-04-08 11:52:30,201 - DEBUG - 第150代概率模型更新完成
2025-04-08 11:52:30,201 - DEBUG - 第150代完成，当前最优解完工时间: 1932，历史最优解完工时间: 1857
2025-04-08 11:52:30,655 - DEBUG - 
更新概率模型:
2025-04-08 11:52:30,655 - DEBUG - 多样性指标: 0.0460
2025-04-08 11:52:30,655 - DEBUG - 自适应学习率: 0.8353
2025-04-08 11:52:30,655 - DEBUG - 第151代概率模型更新完成
2025-04-08 11:52:30,655 - DEBUG - 第151代完成，当前最优解完工时间: 1941，历史最优解完工时间: 1857
2025-04-08 11:52:31,126 - DEBUG - 
更新概率模型:
2025-04-08 11:52:31,126 - DEBUG - 多样性指标: 0.0441
2025-04-08 11:52:31,126 - DEBUG - 自适应学习率: 0.8370
2025-04-08 11:52:31,126 - DEBUG - 第152代概率模型更新完成
2025-04-08 11:52:31,126 - DEBUG - 第152代完成，当前最优解完工时间: 1918，历史最优解完工时间: 1857
2025-04-08 11:52:31,580 - DEBUG - 
更新概率模型:
2025-04-08 11:52:31,580 - DEBUG - 多样性指标: 0.0464
2025-04-08 11:52:31,580 - DEBUG - 自适应学习率: 0.8451
2025-04-08 11:52:31,580 - DEBUG - 第153代概率模型更新完成
2025-04-08 11:52:31,580 - DEBUG - 第153代完成，当前最优解完工时间: 1899，历史最优解完工时间: 1857
2025-04-08 11:52:32,028 - DEBUG - 
更新概率模型:
2025-04-08 11:52:32,029 - DEBUG - 多样性指标: 0.0411
2025-04-08 11:52:32,029 - DEBUG - 自适应学习率: 0.8361
2025-04-08 11:52:32,029 - DEBUG - 第154代概率模型更新完成
2025-04-08 11:52:32,029 - DEBUG - 第154代完成，当前最优解完工时间: 1933，历史最优解完工时间: 1857
2025-04-08 11:52:32,479 - DEBUG - 
更新概率模型:
2025-04-08 11:52:32,479 - DEBUG - 多样性指标: 0.0348
2025-04-08 11:52:32,479 - DEBUG - 自适应学习率: 0.8314
2025-04-08 11:52:32,479 - DEBUG - 第155代概率模型更新完成
2025-04-08 11:52:32,479 - DEBUG - 第155代完成，当前最优解完工时间: 1933，历史最优解完工时间: 1857
2025-04-08 11:52:32,920 - DEBUG - 
更新概率模型:
2025-04-08 11:52:32,920 - DEBUG - 多样性指标: 0.0417
2025-04-08 11:52:32,920 - DEBUG - 自适应学习率: 0.8309
2025-04-08 11:52:32,920 - DEBUG - 第156代概率模型更新完成
2025-04-08 11:52:32,920 - DEBUG - 第156代完成，当前最优解完工时间: 1949，历史最优解完工时间: 1857
2025-04-08 11:52:33,369 - DEBUG - 
更新概率模型:
2025-04-08 11:52:33,369 - DEBUG - 多样性指标: 0.0351
2025-04-08 11:52:33,369 - DEBUG - 自适应学习率: 0.8338
2025-04-08 11:52:33,369 - DEBUG - 第157代概率模型更新完成
2025-04-08 11:52:33,369 - DEBUG - 第157代完成，当前最优解完工时间: 1923，历史最优解完工时间: 1857
2025-04-08 11:52:33,817 - DEBUG - 
更新概率模型:
2025-04-08 11:52:33,817 - DEBUG - 多样性指标: 0.0473
2025-04-08 11:52:33,817 - DEBUG - 自适应学习率: 0.8425
2025-04-08 11:52:33,817 - DEBUG - 第158代概率模型更新完成
2025-04-08 11:52:33,817 - DEBUG - 第158代完成，当前最优解完工时间: 1908，历史最优解完工时间: 1857
2025-04-08 11:52:34,268 - DEBUG - 
更新概率模型:
2025-04-08 11:52:34,268 - DEBUG - 多样性指标: 0.0386
2025-04-08 11:52:34,268 - DEBUG - 自适应学习率: 0.8391
2025-04-08 11:52:34,268 - DEBUG - 第159代概率模型更新完成
2025-04-08 11:52:34,268 - DEBUG - 第159代完成，当前最优解完工时间: 1910，历史最优解完工时间: 1857
2025-04-08 11:52:34,718 - DEBUG - 
更新概率模型:
2025-04-08 11:52:34,718 - DEBUG - 多样性指标: 0.0434
2025-04-08 11:52:34,718 - DEBUG - 自适应学习率: 0.8376
2025-04-08 11:52:34,718 - DEBUG - 第160代概率模型更新完成
2025-04-08 11:52:34,718 - DEBUG - 第160代完成，当前最优解完工时间: 1923，历史最优解完工时间: 1857
2025-04-08 11:52:35,173 - DEBUG - 
更新概率模型:
2025-04-08 11:52:35,173 - DEBUG - 多样性指标: 0.0365
2025-04-08 11:52:35,173 - DEBUG - 自适应学习率: 0.8288
2025-04-08 11:52:35,173 - DEBUG - 第161代概率模型更新完成
2025-04-08 11:52:35,173 - DEBUG - 第161代完成，当前最优解完工时间: 1961，历史最优解完工时间: 1857
2025-04-08 11:52:35,623 - DEBUG - 
更新概率模型:
2025-04-08 11:52:35,623 - DEBUG - 多样性指标: 0.0408
2025-04-08 11:52:35,623 - DEBUG - 自适应学习率: 0.8327
2025-04-08 11:52:35,623 - DEBUG - 第162代概率模型更新完成
2025-04-08 11:52:35,623 - DEBUG - 第162代完成，当前最优解完工时间: 1949，历史最优解完工时间: 1857
2025-04-08 11:52:36,074 - DEBUG - 
更新概率模型:
2025-04-08 11:52:36,074 - DEBUG - 多样性指标: 0.0393
2025-04-08 11:52:36,075 - DEBUG - 自适应学习率: 0.8270
2025-04-08 11:52:36,075 - DEBUG - 第163代概率模型更新完成
2025-04-08 11:52:36,075 - DEBUG - 第163代完成，当前最优解完工时间: 1981，历史最优解完工时间: 1857
2025-04-08 11:52:36,527 - DEBUG - 
更新概率模型:
2025-04-08 11:52:36,527 - DEBUG - 多样性指标: 0.0476
2025-04-08 11:52:36,527 - DEBUG - 自适应学习率: 0.8407
2025-04-08 11:52:36,527 - DEBUG - 第164代概率模型更新完成
2025-04-08 11:52:36,527 - DEBUG - 第164代完成，当前最优解完工时间: 1916，历史最优解完工时间: 1857
2025-04-08 11:52:36,975 - DEBUG - 
更新概率模型:
2025-04-08 11:52:36,975 - DEBUG - 多样性指标: 0.0409
2025-04-08 11:52:36,975 - DEBUG - 自适应学习率: 0.8342
2025-04-08 11:52:36,975 - DEBUG - 第165代概率模型更新完成
2025-04-08 11:52:36,975 - DEBUG - 第165代完成，当前最优解完工时间: 1948，历史最优解完工时间: 1857
2025-04-08 11:52:37,427 - DEBUG - 
更新概率模型:
2025-04-08 11:52:37,427 - DEBUG - 多样性指标: 0.0429
2025-04-08 11:52:37,427 - DEBUG - 自适应学习率: 0.8338
2025-04-08 11:52:37,427 - DEBUG - 第166代概率模型更新完成
2025-04-08 11:52:37,427 - DEBUG - 第166代完成，当前最优解完工时间: 1924，历史最优解完工时间: 1857
2025-04-08 11:52:37,878 - DEBUG - 
更新概率模型:
2025-04-08 11:52:37,879 - DEBUG - 多样性指标: 0.0373
2025-04-08 11:52:37,879 - DEBUG - 自适应学习率: 0.8330
2025-04-08 11:52:37,879 - DEBUG - 第167代概率模型更新完成
2025-04-08 11:52:37,879 - DEBUG - 第167代完成，当前最优解完工时间: 1922，历史最优解完工时间: 1857
2025-04-08 11:52:38,325 - DEBUG - 
更新概率模型:
2025-04-08 11:52:38,325 - DEBUG - 多样性指标: 0.0389
2025-04-08 11:52:38,325 - DEBUG - 自适应学习率: 0.8391
2025-04-08 11:52:38,326 - DEBUG - 第168代概率模型更新完成
2025-04-08 11:52:38,326 - DEBUG - 第168代完成，当前最优解完工时间: 1914，历史最优解完工时间: 1857
2025-04-08 11:52:38,774 - DEBUG - 
更新概率模型:
2025-04-08 11:52:38,774 - DEBUG - 多样性指标: 0.0445
2025-04-08 11:52:38,774 - DEBUG - 自适应学习率: 0.8327
2025-04-08 11:52:38,774 - DEBUG - 第169代概率模型更新完成
2025-04-08 11:52:38,774 - DEBUG - 第169代完成，当前最优解完工时间: 1940，历史最优解完工时间: 1857
2025-04-08 11:52:39,219 - DEBUG - 
更新概率模型:
2025-04-08 11:52:39,219 - DEBUG - 多样性指标: 0.0401
2025-04-08 11:52:39,219 - DEBUG - 自适应学习率: 0.8345
2025-04-08 11:52:39,219 - DEBUG - 第170代概率模型更新完成
2025-04-08 11:52:39,219 - DEBUG - 第170代完成，当前最优解完工时间: 1945，历史最优解完工时间: 1857
2025-04-08 11:52:39,670 - DEBUG - 
更新概率模型:
2025-04-08 11:52:39,670 - DEBUG - 多样性指标: 0.0441
2025-04-08 11:52:39,670 - DEBUG - 自适应学习率: 0.8294
2025-04-08 11:52:39,670 - DEBUG - 第171代概率模型更新完成
2025-04-08 11:52:39,670 - DEBUG - 第171代完成，当前最优解完工时间: 1964，历史最优解完工时间: 1857
2025-04-08 11:52:40,122 - DEBUG - 
更新概率模型:
2025-04-08 11:52:40,124 - DEBUG - 多样性指标: 0.0397
2025-04-08 11:52:40,124 - DEBUG - 自适应学习率: 0.8365
2025-04-08 11:52:40,124 - DEBUG - 第172代概率模型更新完成
2025-04-08 11:52:40,124 - DEBUG - 第172代完成，当前最优解完工时间: 1918，历史最优解完工时间: 1857
2025-04-08 11:52:40,576 - DEBUG - 
更新概率模型:
2025-04-08 11:52:40,576 - DEBUG - 多样性指标: 0.0351
2025-04-08 11:52:40,576 - DEBUG - 自适应学习率: 0.8271
2025-04-08 11:52:40,576 - DEBUG - 第173代概率模型更新完成
2025-04-08 11:52:40,576 - DEBUG - 第173代完成，当前最优解完工时间: 1953，历史最优解完工时间: 1857
2025-04-08 11:52:41,025 - DEBUG - 
更新概率模型:
2025-04-08 11:52:41,025 - DEBUG - 多样性指标: 0.0410
2025-04-08 11:52:41,025 - DEBUG - 自适应学习率: 0.8327
2025-04-08 11:52:41,025 - DEBUG - 第174代概率模型更新完成
2025-04-08 11:52:41,025 - DEBUG - 第174代完成，当前最优解完工时间: 1928，历史最优解完工时间: 1857
2025-04-08 11:52:41,477 - DEBUG - 
更新概率模型:
2025-04-08 11:52:41,477 - DEBUG - 多样性指标: 0.0418
2025-04-08 11:52:41,477 - DEBUG - 自适应学习率: 0.8367
2025-04-08 11:52:41,477 - DEBUG - 第175代概率模型更新完成
2025-04-08 11:52:41,477 - DEBUG - 第175代完成，当前最优解完工时间: 1914，历史最优解完工时间: 1857
2025-04-08 11:52:41,929 - DEBUG - 
更新概率模型:
2025-04-08 11:52:41,929 - DEBUG - 多样性指标: 0.0355
2025-04-08 11:52:41,929 - DEBUG - 自适应学习率: 0.8341
2025-04-08 11:52:41,929 - DEBUG - 第176代概率模型更新完成
2025-04-08 11:52:41,929 - DEBUG - 第176代完成，当前最优解完工时间: 1945，历史最优解完工时间: 1857
2025-04-08 11:52:42,377 - DEBUG - 
更新概率模型:
2025-04-08 11:52:42,377 - DEBUG - 多样性指标: 0.0444
2025-04-08 11:52:42,377 - DEBUG - 自适应学习率: 0.8405
2025-04-08 11:52:42,377 - DEBUG - 第177代概率模型更新完成
2025-04-08 11:52:42,377 - DEBUG - 第177代完成，当前最优解完工时间: 1918，历史最优解完工时间: 1857
2025-04-08 11:52:42,825 - DEBUG - 
更新概率模型:
2025-04-08 11:52:42,825 - DEBUG - 多样性指标: 0.0415
2025-04-08 11:52:42,825 - DEBUG - 自适应学习率: 0.8382
2025-04-08 11:52:42,825 - DEBUG - 第178代概率模型更新完成
2025-04-08 11:52:42,825 - DEBUG - 第178代完成，当前最优解完工时间: 1911，历史最优解完工时间: 1857
2025-04-08 11:52:43,271 - DEBUG - 
更新概率模型:
2025-04-08 11:52:43,271 - DEBUG - 多样性指标: 0.0469
2025-04-08 11:52:43,271 - DEBUG - 自适应学习率: 0.8345
2025-04-08 11:52:43,271 - DEBUG - 第179代概率模型更新完成
2025-04-08 11:52:43,271 - DEBUG - 第179代完成，当前最优解完工时间: 1940，历史最优解完工时间: 1857
2025-04-08 11:52:43,720 - DEBUG - 
更新概率模型:
2025-04-08 11:52:43,720 - DEBUG - 多样性指标: 0.0424
2025-04-08 11:52:43,720 - DEBUG - 自适应学习率: 0.8322
2025-04-08 11:52:43,720 - DEBUG - 第180代概率模型更新完成
2025-04-08 11:52:43,720 - DEBUG - 第180代完成，当前最优解完工时间: 1945，历史最优解完工时间: 1857
2025-04-08 11:52:44,164 - DEBUG - 
更新概率模型:
2025-04-08 11:52:44,164 - DEBUG - 多样性指标: 0.0396
2025-04-08 11:52:44,164 - DEBUG - 自适应学习率: 0.8334
2025-04-08 11:52:44,164 - DEBUG - 第181代概率模型更新完成
2025-04-08 11:52:44,164 - DEBUG - 第181代完成，当前最优解完工时间: 1933，历史最优解完工时间: 1857
2025-04-08 11:52:44,612 - DEBUG - 
更新概率模型:
2025-04-08 11:52:44,613 - DEBUG - 多样性指标: 0.0472
2025-04-08 11:52:44,613 - DEBUG - 自适应学习率: 0.8354
2025-04-08 11:52:44,613 - DEBUG - 第182代概率模型更新完成
2025-04-08 11:52:44,613 - DEBUG - 第182代完成，当前最优解完工时间: 1930，历史最优解完工时间: 1857
2025-04-08 11:52:45,058 - DEBUG - 
更新概率模型:
2025-04-08 11:52:45,059 - DEBUG - 多样性指标: 0.0342
2025-04-08 11:52:45,059 - DEBUG - 自适应学习率: 0.8332
2025-04-08 11:52:45,059 - DEBUG - 第183代概率模型更新完成
2025-04-08 11:52:45,059 - DEBUG - 第183代完成，当前最优解完工时间: 1925，历史最优解完工时间: 1857
2025-04-08 11:52:45,512 - DEBUG - 
更新概率模型:
2025-04-08 11:52:45,512 - DEBUG - 多样性指标: 0.0440
2025-04-08 11:52:45,512 - DEBUG - 自适应学习率: 0.8329
2025-04-08 11:52:45,512 - DEBUG - 第184代概率模型更新完成
2025-04-08 11:52:45,512 - DEBUG - 第184代完成，当前最优解完工时间: 1932，历史最优解完工时间: 1857
2025-04-08 11:52:45,960 - DEBUG - 
更新概率模型:
2025-04-08 11:52:45,960 - DEBUG - 多样性指标: 0.0417
2025-04-08 11:52:45,960 - DEBUG - 自适应学习率: 0.8373
2025-04-08 11:52:45,960 - DEBUG - 第185代概率模型更新完成
2025-04-08 11:52:45,960 - DEBUG - 第185代完成，当前最优解完工时间: 1917，历史最优解完工时间: 1857
2025-04-08 11:52:46,407 - DEBUG - 
更新概率模型:
2025-04-08 11:52:46,407 - DEBUG - 多样性指标: 0.0366
2025-04-08 11:52:46,407 - DEBUG - 自适应学习率: 0.8278
2025-04-08 11:52:46,407 - DEBUG - 第186代概率模型更新完成
2025-04-08 11:52:46,407 - DEBUG - 第186代完成，当前最优解完工时间: 1948，历史最优解完工时间: 1857
2025-04-08 11:52:46,852 - DEBUG - 
更新概率模型:
2025-04-08 11:52:46,852 - DEBUG - 多样性指标: 0.0438
2025-04-08 11:52:46,852 - DEBUG - 自适应学习率: 0.8374
2025-04-08 11:52:46,852 - DEBUG - 第187代概率模型更新完成
2025-04-08 11:52:46,852 - DEBUG - 第187代完成，当前最优解完工时间: 1916，历史最优解完工时间: 1857
2025-04-08 11:52:47,303 - DEBUG - 
更新概率模型:
2025-04-08 11:52:47,303 - DEBUG - 多样性指标: 0.0423
2025-04-08 11:52:47,303 - DEBUG - 自适应学习率: 0.8287
2025-04-08 11:52:47,304 - DEBUG - 第188代概率模型更新完成
2025-04-08 11:52:47,304 - DEBUG - 第188代完成，当前最优解完工时间: 1964，历史最优解完工时间: 1857
2025-04-08 11:52:47,753 - DEBUG - 
更新概率模型:
2025-04-08 11:52:47,753 - DEBUG - 多样性指标: 0.0388
2025-04-08 11:52:47,753 - DEBUG - 自适应学习率: 0.8342
2025-04-08 11:52:47,753 - DEBUG - 第189代概率模型更新完成
2025-04-08 11:52:47,753 - DEBUG - 第189代完成，当前最优解完工时间: 1917，历史最优解完工时间: 1857
2025-04-08 11:52:48,205 - DEBUG - 
更新概率模型:
2025-04-08 11:52:48,205 - DEBUG - 多样性指标: 0.0360
2025-04-08 11:52:48,205 - DEBUG - 自适应学习率: 0.8266
2025-04-08 11:52:48,205 - DEBUG - 第190代概率模型更新完成
2025-04-08 11:52:48,205 - DEBUG - 第190代完成，当前最优解完工时间: 1964，历史最优解完工时间: 1857
2025-04-08 11:52:48,657 - DEBUG - 
更新概率模型:
2025-04-08 11:52:48,657 - DEBUG - 多样性指标: 0.0364
2025-04-08 11:52:48,657 - DEBUG - 自适应学习率: 0.8379
2025-04-08 11:52:48,657 - DEBUG - 第191代概率模型更新完成
2025-04-08 11:52:48,657 - DEBUG - 第191代完成，当前最优解完工时间: 1918，历史最优解完工时间: 1857
2025-04-08 11:52:49,106 - DEBUG - 
更新概率模型:
2025-04-08 11:52:49,106 - DEBUG - 多样性指标: 0.0373
2025-04-08 11:52:49,106 - DEBUG - 自适应学习率: 0.8421
2025-04-08 11:52:49,106 - DEBUG - 第192代概率模型更新完成
2025-04-08 11:52:49,106 - DEBUG - 第192代完成，当前最优解完工时间: 1896，历史最优解完工时间: 1857
2025-04-08 11:52:49,557 - DEBUG - 
更新概率模型:
2025-04-08 11:52:49,557 - DEBUG - 多样性指标: 0.0424
2025-04-08 11:52:49,557 - DEBUG - 自适应学习率: 0.8419
2025-04-08 11:52:49,557 - DEBUG - 第193代概率模型更新完成
2025-04-08 11:52:49,557 - DEBUG - 第193代完成，当前最优解完工时间: 1881，历史最优解完工时间: 1857
2025-04-08 11:52:50,007 - DEBUG - 
更新概率模型:
2025-04-08 11:52:50,007 - DEBUG - 多样性指标: 0.0416
2025-04-08 11:52:50,007 - DEBUG - 自适应学习率: 0.8302
2025-04-08 11:52:50,007 - DEBUG - 第194代概率模型更新完成
2025-04-08 11:52:50,007 - DEBUG - 第194代完成，当前最优解完工时间: 1953，历史最优解完工时间: 1857
2025-04-08 11:52:50,458 - DEBUG - 
更新概率模型:
2025-04-08 11:52:50,458 - DEBUG - 多样性指标: 0.0426
2025-04-08 11:52:50,458 - DEBUG - 自适应学习率: 0.8322
2025-04-08 11:52:50,458 - DEBUG - 第195代概率模型更新完成
2025-04-08 11:52:50,458 - DEBUG - 第195代完成，当前最优解完工时间: 1931，历史最优解完工时间: 1857
2025-04-08 11:52:50,907 - DEBUG - 
更新概率模型:
2025-04-08 11:52:50,907 - DEBUG - 多样性指标: 0.0476
2025-04-08 11:52:50,907 - DEBUG - 自适应学习率: 0.8340
2025-04-08 11:52:50,907 - DEBUG - 第196代概率模型更新完成
2025-04-08 11:52:50,907 - DEBUG - 第196代完成，当前最优解完工时间: 1940，历史最优解完工时间: 1857
2025-04-08 11:52:51,359 - DEBUG - 
更新概率模型:
2025-04-08 11:52:51,359 - DEBUG - 多样性指标: 0.0435
2025-04-08 11:52:51,359 - DEBUG - 自适应学习率: 0.8352
2025-04-08 11:52:51,359 - DEBUG - 第197代概率模型更新完成
2025-04-08 11:52:51,359 - DEBUG - 第197代完成，当前最优解完工时间: 1927，历史最优解完工时间: 1857
2025-04-08 11:52:51,808 - DEBUG - 
更新概率模型:
2025-04-08 11:52:51,808 - DEBUG - 多样性指标: 0.0424
2025-04-08 11:52:51,808 - DEBUG - 自适应学习率: 0.8391
2025-04-08 11:52:51,808 - DEBUG - 第198代概率模型更新完成
2025-04-08 11:52:51,808 - DEBUG - 第198代完成，当前最优解完工时间: 1898，历史最优解完工时间: 1857
2025-04-08 11:52:52,258 - DEBUG - 
更新概率模型:
2025-04-08 11:52:52,258 - DEBUG - 多样性指标: 0.0374
2025-04-08 11:52:52,258 - DEBUG - 自适应学习率: 0.8327
2025-04-08 11:52:52,258 - DEBUG - 第199代概率模型更新完成
2025-04-08 11:52:52,258 - DEBUG - 第199代完成，当前最优解完工时间: 1941，历史最优解完工时间: 1857
2025-04-08 11:52:52,732 - DEBUG - 
更新概率模型:
2025-04-08 11:52:52,732 - DEBUG - 多样性指标: 0.0444
2025-04-08 11:52:52,732 - DEBUG - 自适应学习率: 0.8364
2025-04-08 11:52:52,732 - DEBUG - 第200代概率模型更新完成
2025-04-08 11:52:52,732 - DEBUG - 第200代完成，当前最优解完工时间: 1926，历史最优解完工时间: 1857
2025-04-08 11:52:53,188 - DEBUG - 
更新概率模型:
2025-04-08 11:52:53,188 - DEBUG - 多样性指标: 0.0483
2025-04-08 11:52:53,188 - DEBUG - 自适应学习率: 0.8396
2025-04-08 11:52:53,188 - DEBUG - 第201代概率模型更新完成
2025-04-08 11:52:53,188 - DEBUG - 第201代完成，当前最优解完工时间: 1912，历史最优解完工时间: 1857
2025-04-08 11:52:53,653 - DEBUG - 
更新概率模型:
2025-04-08 11:52:53,653 - DEBUG - 多样性指标: 0.0390
2025-04-08 11:52:53,653 - DEBUG - 自适应学习率: 0.8369
2025-04-08 11:52:53,653 - DEBUG - 第202代概率模型更新完成
2025-04-08 11:52:53,653 - DEBUG - 第202代完成，当前最优解完工时间: 1926，历史最优解完工时间: 1857
2025-04-08 11:52:54,112 - DEBUG - 
更新概率模型:
2025-04-08 11:52:54,112 - DEBUG - 多样性指标: 0.0463
2025-04-08 11:52:54,114 - DEBUG - 自适应学习率: 0.8330
2025-04-08 11:52:54,114 - DEBUG - 第203代概率模型更新完成
2025-04-08 11:52:54,114 - DEBUG - 第203代完成，当前最优解完工时间: 1941，历史最优解完工时间: 1857
2025-04-08 11:52:54,567 - DEBUG - 
更新概率模型:
2025-04-08 11:52:54,567 - DEBUG - 多样性指标: 0.0397
2025-04-08 11:52:54,567 - DEBUG - 自适应学习率: 0.8318
2025-04-08 11:52:54,567 - DEBUG - 第204代概率模型更新完成
2025-04-08 11:52:54,567 - DEBUG - 第204代完成，当前最优解完工时间: 1946，历史最优解完工时间: 1857
2025-04-08 11:52:55,027 - DEBUG - 
更新概率模型:
2025-04-08 11:52:55,027 - DEBUG - 多样性指标: 0.0461
2025-04-08 11:52:55,027 - DEBUG - 自适应学习率: 0.8339
2025-04-08 11:52:55,027 - DEBUG - 第205代概率模型更新完成
2025-04-08 11:52:55,027 - DEBUG - 第205代完成，当前最优解完工时间: 1948，历史最优解完工时间: 1857
2025-04-08 11:52:55,483 - DEBUG - 
更新概率模型:
2025-04-08 11:52:55,483 - DEBUG - 多样性指标: 0.0392
2025-04-08 11:52:55,483 - DEBUG - 自适应学习率: 0.8273
2025-04-08 11:52:55,483 - DEBUG - 第206代概率模型更新完成
2025-04-08 11:52:55,483 - DEBUG - 第206代完成，当前最优解完工时间: 1954，历史最优解完工时间: 1857
2025-04-08 11:52:55,944 - DEBUG - 
更新概率模型:
2025-04-08 11:52:55,944 - DEBUG - 多样性指标: 0.0390
2025-04-08 11:52:55,944 - DEBUG - 自适应学习率: 0.8389
2025-04-08 11:52:55,944 - DEBUG - 第207代概率模型更新完成
2025-04-08 11:52:55,944 - DEBUG - 第207代完成，当前最优解完工时间: 1896，历史最优解完工时间: 1857
2025-04-08 11:52:56,409 - DEBUG - 
更新概率模型:
2025-04-08 11:52:56,409 - DEBUG - 多样性指标: 0.0410
2025-04-08 11:52:56,409 - DEBUG - 自适应学习率: 0.8331
2025-04-08 11:52:56,409 - DEBUG - 第208代概率模型更新完成
2025-04-08 11:52:56,410 - DEBUG - 第208代完成，当前最优解完工时间: 1924，历史最优解完工时间: 1857
2025-04-08 11:52:56,877 - DEBUG - 
更新概率模型:
2025-04-08 11:52:56,877 - DEBUG - 多样性指标: 0.0423
2025-04-08 11:52:56,877 - DEBUG - 自适应学习率: 0.8313
2025-04-08 11:52:56,877 - DEBUG - 第209代概率模型更新完成
2025-04-08 11:52:56,877 - DEBUG - 第209代完成，当前最优解完工时间: 1956，历史最优解完工时间: 1857
2025-04-08 11:52:57,344 - DEBUG - 
更新概率模型:
2025-04-08 11:52:57,344 - DEBUG - 多样性指标: 0.0391
2025-04-08 11:52:57,344 - DEBUG - 自适应学习率: 0.8357
2025-04-08 11:52:57,344 - DEBUG - 第210代概率模型更新完成
2025-04-08 11:52:57,344 - DEBUG - 第210代完成，当前最优解完工时间: 1928，历史最优解完工时间: 1857
2025-04-08 11:52:57,789 - DEBUG - 
更新概率模型:
2025-04-08 11:52:57,789 - DEBUG - 多样性指标: 0.0422
2025-04-08 11:52:57,789 - DEBUG - 自适应学习率: 0.8367
2025-04-08 11:52:57,789 - DEBUG - 第211代概率模型更新完成
2025-04-08 11:52:57,789 - DEBUG - 第211代完成，当前最优解完工时间: 1923，历史最优解完工时间: 1857
2025-04-08 11:52:58,241 - DEBUG - 
更新概率模型:
2025-04-08 11:52:58,241 - DEBUG - 多样性指标: 0.0404
2025-04-08 11:52:58,241 - DEBUG - 自适应学习率: 0.8268
2025-04-08 11:52:58,241 - DEBUG - 第212代概率模型更新完成
2025-04-08 11:52:58,241 - DEBUG - 第212代完成，当前最优解完工时间: 1964，历史最优解完工时间: 1857
2025-04-08 11:52:58,689 - DEBUG - 
更新概率模型:
2025-04-08 11:52:58,689 - DEBUG - 多样性指标: 0.0393
2025-04-08 11:52:58,689 - DEBUG - 自适应学习率: 0.8339
2025-04-08 11:52:58,689 - DEBUG - 第213代概率模型更新完成
2025-04-08 11:52:58,689 - DEBUG - 第213代完成，当前最优解完工时间: 1937，历史最优解完工时间: 1857
2025-04-08 11:52:59,135 - DEBUG - 
更新概率模型:
2025-04-08 11:52:59,136 - DEBUG - 多样性指标: 0.0349
2025-04-08 11:52:59,136 - DEBUG - 自适应学习率: 0.8267
2025-04-08 11:52:59,136 - DEBUG - 第214代概率模型更新完成
2025-04-08 11:52:59,136 - DEBUG - 第214代完成，当前最优解完工时间: 1966，历史最优解完工时间: 1857
2025-04-08 11:52:59,581 - DEBUG - 
更新概率模型:
2025-04-08 11:52:59,581 - DEBUG - 多样性指标: 0.0392
2025-04-08 11:52:59,581 - DEBUG - 自适应学习率: 0.8331
2025-04-08 11:52:59,581 - DEBUG - 第215代概率模型更新完成
2025-04-08 11:52:59,581 - DEBUG - 第215代完成，当前最优解完工时间: 1955，历史最优解完工时间: 1857
2025-04-08 11:53:00,030 - DEBUG - 
更新概率模型:
2025-04-08 11:53:00,030 - DEBUG - 多样性指标: 0.0446
2025-04-08 11:53:00,030 - DEBUG - 自适应学习率: 0.8313
2025-04-08 11:53:00,030 - DEBUG - 第216代概率模型更新完成
2025-04-08 11:53:00,030 - DEBUG - 第216代完成，当前最优解完工时间: 1952，历史最优解完工时间: 1857
2025-04-08 11:53:00,480 - DEBUG - 
更新概率模型:
2025-04-08 11:53:00,480 - DEBUG - 多样性指标: 0.0403
2025-04-08 11:53:00,480 - DEBUG - 自适应学习率: 0.8287
2025-04-08 11:53:00,480 - DEBUG - 第217代概率模型更新完成
2025-04-08 11:53:00,480 - DEBUG - 第217代完成，当前最优解完工时间: 1956，历史最优解完工时间: 1857
2025-04-08 11:53:00,928 - DEBUG - 
更新概率模型:
2025-04-08 11:53:00,928 - DEBUG - 多样性指标: 0.0398
2025-04-08 11:53:00,928 - DEBUG - 自适应学习率: 0.8306
2025-04-08 11:53:00,928 - DEBUG - 第218代概率模型更新完成
2025-04-08 11:53:00,928 - DEBUG - 第218代完成，当前最优解完工时间: 1946，历史最优解完工时间: 1857
2025-04-08 11:53:01,376 - DEBUG - 
更新概率模型:
2025-04-08 11:53:01,376 - DEBUG - 多样性指标: 0.0402
2025-04-08 11:53:01,376 - DEBUG - 自适应学习率: 0.8326
2025-04-08 11:53:01,376 - DEBUG - 第219代概率模型更新完成
2025-04-08 11:53:01,376 - DEBUG - 第219代完成，当前最优解完工时间: 1953，历史最优解完工时间: 1857
2025-04-08 11:53:01,823 - DEBUG - 
更新概率模型:
2025-04-08 11:53:01,823 - DEBUG - 多样性指标: 0.0418
2025-04-08 11:53:01,823 - DEBUG - 自适应学习率: 0.8399
2025-04-08 11:53:01,823 - DEBUG - 第220代概率模型更新完成
2025-04-08 11:53:01,823 - DEBUG - 第220代完成，当前最优解完工时间: 1904，历史最优解完工时间: 1857
2025-04-08 11:53:02,267 - DEBUG - 
更新概率模型:
2025-04-08 11:53:02,267 - DEBUG - 多样性指标: 0.0366
2025-04-08 11:53:02,267 - DEBUG - 自适应学习率: 0.8281
2025-04-08 11:53:02,267 - DEBUG - 第221代概率模型更新完成
2025-04-08 11:53:02,267 - DEBUG - 第221代完成，当前最优解完工时间: 1950，历史最优解完工时间: 1857
2025-04-08 11:53:02,716 - DEBUG - 
更新概率模型:
2025-04-08 11:53:02,716 - DEBUG - 多样性指标: 0.0408
2025-04-08 11:53:02,716 - DEBUG - 自适应学习率: 0.8289
2025-04-08 11:53:02,716 - DEBUG - 第222代概率模型更新完成
2025-04-08 11:53:02,716 - DEBUG - 第222代完成，当前最优解完工时间: 1964，历史最优解完工时间: 1857
2025-04-08 11:53:03,159 - DEBUG - 
更新概率模型:
2025-04-08 11:53:03,159 - DEBUG - 多样性指标: 0.0471
2025-04-08 11:53:03,159 - DEBUG - 自适应学习率: 0.8348
2025-04-08 11:53:03,159 - DEBUG - 第223代概率模型更新完成
2025-04-08 11:53:03,159 - DEBUG - 第223代完成，当前最优解完工时间: 1933，历史最优解完工时间: 1857
2025-04-08 11:53:03,607 - DEBUG - 
更新概率模型:
2025-04-08 11:53:03,607 - DEBUG - 多样性指标: 0.0398
2025-04-08 11:53:03,607 - DEBUG - 自适应学习率: 0.8281
2025-04-08 11:53:03,607 - DEBUG - 第224代概率模型更新完成
2025-04-08 11:53:03,607 - DEBUG - 第224代完成，当前最优解完工时间: 1960，历史最优解完工时间: 1857
2025-04-08 11:53:04,054 - DEBUG - 
更新概率模型:
2025-04-08 11:53:04,054 - DEBUG - 多样性指标: 0.0472
2025-04-08 11:53:04,054 - DEBUG - 自适应学习率: 0.8404
2025-04-08 11:53:04,054 - DEBUG - 第225代概率模型更新完成
2025-04-08 11:53:04,054 - DEBUG - 第225代完成，当前最优解完工时间: 1914，历史最优解完工时间: 1857
2025-04-08 11:53:04,504 - DEBUG - 
更新概率模型:
2025-04-08 11:53:04,505 - DEBUG - 多样性指标: 0.0357
2025-04-08 11:53:04,505 - DEBUG - 自适应学习率: 0.8284
2025-04-08 11:53:04,505 - DEBUG - 第226代概率模型更新完成
2025-04-08 11:53:04,505 - DEBUG - 第226代完成，当前最优解完工时间: 1949，历史最优解完工时间: 1857
2025-04-08 11:53:04,952 - DEBUG - 
更新概率模型:
2025-04-08 11:53:04,952 - DEBUG - 多样性指标: 0.0400
2025-04-08 11:53:04,952 - DEBUG - 自适应学习率: 0.8338
2025-04-08 11:53:04,952 - DEBUG - 第227代概率模型更新完成
2025-04-08 11:53:04,952 - DEBUG - 第227代完成，当前最优解完工时间: 1939，历史最优解完工时间: 1857
2025-04-08 11:53:05,401 - DEBUG - 
更新概率模型:
2025-04-08 11:53:05,401 - DEBUG - 多样性指标: 0.0382
2025-04-08 11:53:05,401 - DEBUG - 自适应学习率: 0.8308
2025-04-08 11:53:05,401 - DEBUG - 第228代概率模型更新完成
2025-04-08 11:53:05,401 - DEBUG - 第228代完成，当前最优解完工时间: 1944，历史最优解完工时间: 1857
2025-04-08 11:53:05,844 - DEBUG - 
更新概率模型:
2025-04-08 11:53:05,844 - DEBUG - 多样性指标: 0.0451
2025-04-08 11:53:05,844 - DEBUG - 自适应学习率: 0.8382
2025-04-08 11:53:05,844 - DEBUG - 第229代概率模型更新完成
2025-04-08 11:53:05,844 - DEBUG - 第229代完成，当前最优解完工时间: 1914，历史最优解完工时间: 1857
2025-04-08 11:53:06,291 - DEBUG - 
更新概率模型:
2025-04-08 11:53:06,291 - DEBUG - 多样性指标: 0.0442
2025-04-08 11:53:06,291 - DEBUG - 自适应学习率: 0.8369
2025-04-08 11:53:06,291 - DEBUG - 第230代概率模型更新完成
2025-04-08 11:53:06,292 - DEBUG - 第230代完成，当前最优解完工时间: 1937，历史最优解完工时间: 1857
2025-04-08 11:53:06,742 - DEBUG - 
更新概率模型:
2025-04-08 11:53:06,742 - DEBUG - 多样性指标: 0.0458
2025-04-08 11:53:06,742 - DEBUG - 自适应学习率: 0.8343
2025-04-08 11:53:06,742 - DEBUG - 第231代概率模型更新完成
2025-04-08 11:53:06,742 - DEBUG - 第231代完成，当前最优解完工时间: 1952，历史最优解完工时间: 1857
2025-04-08 11:53:07,188 - DEBUG - 
更新概率模型:
2025-04-08 11:53:07,188 - DEBUG - 多样性指标: 0.0380
2025-04-08 11:53:07,188 - DEBUG - 自适应学习率: 0.8327
2025-04-08 11:53:07,188 - DEBUG - 第232代概率模型更新完成
2025-04-08 11:53:07,188 - DEBUG - 第232代完成，当前最优解完工时间: 1929，历史最优解完工时间: 1857
2025-04-08 11:53:07,643 - DEBUG - 
更新概率模型:
2025-04-08 11:53:07,643 - DEBUG - 多样性指标: 0.0423
2025-04-08 11:53:07,643 - DEBUG - 自适应学习率: 0.8366
2025-04-08 11:53:07,643 - DEBUG - 第233代概率模型更新完成
2025-04-08 11:53:07,643 - DEBUG - 第233代完成，当前最优解完工时间: 1932，历史最优解完工时间: 1857
2025-04-08 11:53:08,089 - DEBUG - 
更新概率模型:
2025-04-08 11:53:08,089 - DEBUG - 多样性指标: 0.0456
2025-04-08 11:53:08,089 - DEBUG - 自适应学习率: 0.8361
2025-04-08 11:53:08,089 - DEBUG - 第234代概率模型更新完成
2025-04-08 11:53:08,089 - DEBUG - 第234代完成，当前最优解完工时间: 1918，历史最优解完工时间: 1857
2025-04-08 11:53:08,541 - DEBUG - 
更新概率模型:
2025-04-08 11:53:08,541 - DEBUG - 多样性指标: 0.0374
2025-04-08 11:53:08,541 - DEBUG - 自适应学习率: 0.8336
2025-04-08 11:53:08,541 - DEBUG - 第235代概率模型更新完成
2025-04-08 11:53:08,541 - DEBUG - 第235代完成，当前最优解完工时间: 1944，历史最优解完工时间: 1857
2025-04-08 11:53:08,988 - DEBUG - 
更新概率模型:
2025-04-08 11:53:08,988 - DEBUG - 多样性指标: 0.0396
2025-04-08 11:53:08,988 - DEBUG - 自适应学习率: 0.8316
2025-04-08 11:53:08,988 - DEBUG - 第236代概率模型更新完成
2025-04-08 11:53:08,988 - DEBUG - 第236代完成，当前最优解完工时间: 1930，历史最优解完工时间: 1857
2025-04-08 11:53:09,435 - DEBUG - 
更新概率模型:
2025-04-08 11:53:09,436 - DEBUG - 多样性指标: 0.0392
2025-04-08 11:53:09,436 - DEBUG - 自适应学习率: 0.8309
2025-04-08 11:53:09,436 - DEBUG - 第237代概率模型更新完成
2025-04-08 11:53:09,436 - DEBUG - 第237代完成，当前最优解完工时间: 1946，历史最优解完工时间: 1857
2025-04-08 11:53:09,878 - DEBUG - 
更新概率模型:
2025-04-08 11:53:09,878 - DEBUG - 多样性指标: 0.0442
2025-04-08 11:53:09,878 - DEBUG - 自适应学习率: 0.8323
2025-04-08 11:53:09,878 - DEBUG - 第238代概率模型更新完成
2025-04-08 11:53:09,878 - DEBUG - 第238代完成，当前最优解完工时间: 1928，历史最优解完工时间: 1857
2025-04-08 11:53:10,325 - DEBUG - 
更新概率模型:
2025-04-08 11:53:10,325 - DEBUG - 多样性指标: 0.0445
2025-04-08 11:53:10,325 - DEBUG - 自适应学习率: 0.8402
2025-04-08 11:53:10,325 - DEBUG - 第239代概率模型更新完成
2025-04-08 11:53:10,325 - DEBUG - 第239代完成，当前最优解完工时间: 1909，历史最优解完工时间: 1857
2025-04-08 11:53:10,773 - DEBUG - 
更新概率模型:
2025-04-08 11:53:10,773 - DEBUG - 多样性指标: 0.0453
2025-04-08 11:53:10,773 - DEBUG - 自适应学习率: 0.8341
2025-04-08 11:53:10,773 - DEBUG - 第240代概率模型更新完成
2025-04-08 11:53:10,773 - DEBUG - 第240代完成，当前最优解完工时间: 1939，历史最优解完工时间: 1857
2025-04-08 11:53:11,220 - DEBUG - 
更新概率模型:
2025-04-08 11:53:11,220 - DEBUG - 多样性指标: 0.0407
2025-04-08 11:53:11,220 - DEBUG - 自适应学习率: 0.8341
2025-04-08 11:53:11,220 - DEBUG - 第241代概率模型更新完成
2025-04-08 11:53:11,220 - DEBUG - 第241代完成，当前最优解完工时间: 1930，历史最优解完工时间: 1857
2025-04-08 11:53:11,668 - DEBUG - 
更新概率模型:
2025-04-08 11:53:11,668 - DEBUG - 多样性指标: 0.0385
2025-04-08 11:53:11,668 - DEBUG - 自适应学习率: 0.8391
2025-04-08 11:53:11,668 - DEBUG - 第242代概率模型更新完成
2025-04-08 11:53:11,668 - DEBUG - 第242代完成，当前最优解完工时间: 1906，历史最优解完工时间: 1857
2025-04-08 11:53:12,114 - DEBUG - 
更新概率模型:
2025-04-08 11:53:12,114 - DEBUG - 多样性指标: 0.0432
2025-04-08 11:53:12,114 - DEBUG - 自适应学习率: 0.8353
2025-04-08 11:53:12,114 - DEBUG - 第243代概率模型更新完成
2025-04-08 11:53:12,114 - DEBUG - 第243代完成，当前最优解完工时间: 1921，历史最优解完工时间: 1857
2025-04-08 11:53:12,562 - DEBUG - 
更新概率模型:
2025-04-08 11:53:12,562 - DEBUG - 多样性指标: 0.0404
2025-04-08 11:53:12,562 - DEBUG - 自适应学习率: 0.8428
2025-04-08 11:53:12,562 - DEBUG - 第244代概率模型更新完成
2025-04-08 11:53:12,562 - DEBUG - 第244代完成，当前最优解完工时间: 1891，历史最优解完工时间: 1857
2025-04-08 11:53:13,007 - DEBUG - 
更新概率模型:
2025-04-08 11:53:13,007 - DEBUG - 多样性指标: 0.0415
2025-04-08 11:53:13,007 - DEBUG - 自适应学习率: 0.8381
2025-04-08 11:53:13,008 - DEBUG - 第245代概率模型更新完成
2025-04-08 11:53:13,008 - DEBUG - 第245代完成，当前最优解完工时间: 1902，历史最优解完工时间: 1857
2025-04-08 11:53:13,458 - DEBUG - 
更新概率模型:
2025-04-08 11:53:13,458 - DEBUG - 多样性指标: 0.0398
2025-04-08 11:53:13,458 - DEBUG - 自适应学习率: 0.8349
2025-04-08 11:53:13,458 - DEBUG - 第246代概率模型更新完成
2025-04-08 11:53:13,458 - DEBUG - 第246代完成，当前最优解完工时间: 1932，历史最优解完工时间: 1857
2025-04-08 11:53:13,902 - DEBUG - 
更新概率模型:
2025-04-08 11:53:13,902 - DEBUG - 多样性指标: 0.0390
2025-04-08 11:53:13,902 - DEBUG - 自适应学习率: 0.8391
2025-04-08 11:53:13,902 - DEBUG - 第247代概率模型更新完成
2025-04-08 11:53:13,902 - DEBUG - 第247代完成，当前最优解完工时间: 1910，历史最优解完工时间: 1857
2025-04-08 11:53:14,347 - DEBUG - 
更新概率模型:
2025-04-08 11:53:14,347 - DEBUG - 多样性指标: 0.0461
2025-04-08 11:53:14,347 - DEBUG - 自适应学习率: 0.8391
2025-04-08 11:53:14,347 - DEBUG - 第248代概率模型更新完成
2025-04-08 11:53:14,347 - DEBUG - 第248代完成，当前最优解完工时间: 1919，历史最优解完工时间: 1857
2025-04-08 11:53:14,793 - DEBUG - 
更新概率模型:
2025-04-08 11:53:14,793 - DEBUG - 多样性指标: 0.0405
2025-04-08 11:53:14,793 - DEBUG - 自适应学习率: 0.8346
2025-04-08 11:53:14,793 - DEBUG - 第249代概率模型更新完成
2025-04-08 11:53:14,793 - DEBUG - 第249代完成，当前最优解完工时间: 1941，历史最优解完工时间: 1857
2025-04-08 11:53:15,241 - DEBUG - 
更新概率模型:
2025-04-08 11:53:15,241 - DEBUG - 多样性指标: 0.0401
2025-04-08 11:53:15,241 - DEBUG - 自适应学习率: 0.8312
2025-04-08 11:53:15,241 - DEBUG - 第250代概率模型更新完成
2025-04-08 11:53:15,241 - DEBUG - 第250代完成，当前最优解完工时间: 1948，历史最优解完工时间: 1857
2025-04-08 11:53:15,693 - DEBUG - 
更新概率模型:
2025-04-08 11:53:15,693 - DEBUG - 多样性指标: 0.0394
2025-04-08 11:53:15,693 - DEBUG - 自适应学习率: 0.8321
2025-04-08 11:53:15,693 - DEBUG - 第251代概率模型更新完成
2025-04-08 11:53:15,693 - DEBUG - 第251代完成，当前最优解完工时间: 1941，历史最优解完工时间: 1857
2025-04-08 11:53:16,142 - DEBUG - 
更新概率模型:
2025-04-08 11:53:16,142 - DEBUG - 多样性指标: 0.0413
2025-04-08 11:53:16,142 - DEBUG - 自适应学习率: 0.8351
2025-04-08 11:53:16,142 - DEBUG - 第252代概率模型更新完成
2025-04-08 11:53:16,142 - DEBUG - 第252代完成，当前最优解完工时间: 1927，历史最优解完工时间: 1857
2025-04-08 11:53:16,588 - DEBUG - 
更新概率模型:
2025-04-08 11:53:16,590 - DEBUG - 多样性指标: 0.0385
2025-04-08 11:53:16,590 - DEBUG - 自适应学习率: 0.8266
2025-04-08 11:53:16,590 - DEBUG - 第253代概率模型更新完成
2025-04-08 11:53:16,590 - DEBUG - 第253代完成，当前最优解完工时间: 1970，历史最优解完工时间: 1857
2025-04-08 11:53:17,036 - DEBUG - 
更新概率模型:
2025-04-08 11:53:17,036 - DEBUG - 多样性指标: 0.0444
2025-04-08 11:53:17,036 - DEBUG - 自适应学习率: 0.8413
2025-04-08 11:53:17,036 - DEBUG - 第254代概率模型更新完成
2025-04-08 11:53:17,036 - DEBUG - 第254代完成，当前最优解完工时间: 1909，历史最优解完工时间: 1857
2025-04-08 11:53:17,486 - DEBUG - 
更新概率模型:
2025-04-08 11:53:17,486 - DEBUG - 多样性指标: 0.0467
2025-04-08 11:53:17,486 - DEBUG - 自适应学习率: 0.8401
2025-04-08 11:53:17,486 - DEBUG - 第255代概率模型更新完成
2025-04-08 11:53:17,486 - DEBUG - 第255代完成，当前最优解完工时间: 1903，历史最优解完工时间: 1857
2025-04-08 11:53:17,931 - DEBUG - 
更新概率模型:
2025-04-08 11:53:17,931 - DEBUG - 多样性指标: 0.0409
2025-04-08 11:53:17,931 - DEBUG - 自适应学习率: 0.8275
2025-04-08 11:53:17,931 - DEBUG - 第256代概率模型更新完成
2025-04-08 11:53:17,931 - DEBUG - 第256代完成，当前最优解完工时间: 1967，历史最优解完工时间: 1857
2025-04-08 11:53:18,380 - DEBUG - 
更新概率模型:
2025-04-08 11:53:18,380 - DEBUG - 多样性指标: 0.0411
2025-04-08 11:53:18,380 - DEBUG - 自适应学习率: 0.8343
2025-04-08 11:53:18,380 - DEBUG - 第257代概率模型更新完成
2025-04-08 11:53:18,380 - DEBUG - 第257代完成，当前最优解完工时间: 1929，历史最优解完工时间: 1857
2025-04-08 11:53:18,828 - DEBUG - 
更新概率模型:
2025-04-08 11:53:18,828 - DEBUG - 多样性指标: 0.0399
2025-04-08 11:53:18,828 - DEBUG - 自适应学习率: 0.8296
2025-04-08 11:53:18,828 - DEBUG - 第258代概率模型更新完成
2025-04-08 11:53:18,828 - DEBUG - 第258代完成，当前最优解完工时间: 1966，历史最优解完工时间: 1857
2025-04-08 11:53:19,272 - DEBUG - 
更新概率模型:
2025-04-08 11:53:19,272 - DEBUG - 多样性指标: 0.0365
2025-04-08 11:53:19,272 - DEBUG - 自适应学习率: 0.8347
2025-04-08 11:53:19,272 - DEBUG - 第259代概率模型更新完成
2025-04-08 11:53:19,273 - DEBUG - 第259代完成，当前最优解完工时间: 1916，历史最优解完工时间: 1857
2025-04-08 11:53:19,723 - DEBUG - 
更新概率模型:
2025-04-08 11:53:19,724 - DEBUG - 多样性指标: 0.0401
2025-04-08 11:53:19,724 - DEBUG - 自适应学习率: 0.8292
2025-04-08 11:53:19,724 - DEBUG - 第260代概率模型更新完成
2025-04-08 11:53:19,724 - DEBUG - 第260代完成，当前最优解完工时间: 1962，历史最优解完工时间: 1857
2025-04-08 11:53:20,172 - DEBUG - 
更新概率模型:
2025-04-08 11:53:20,172 - DEBUG - 多样性指标: 0.0396
2025-04-08 11:53:20,172 - DEBUG - 自适应学习率: 0.8319
2025-04-08 11:53:20,172 - DEBUG - 第261代概率模型更新完成
2025-04-08 11:53:20,172 - DEBUG - 第261代完成，当前最优解完工时间: 1950，历史最优解完工时间: 1857
2025-04-08 11:53:20,624 - DEBUG - 
更新概率模型:
2025-04-08 11:53:20,624 - DEBUG - 多样性指标: 0.0448
2025-04-08 11:53:20,624 - DEBUG - 自适应学习率: 0.8320
2025-04-08 11:53:20,624 - DEBUG - 第262代概率模型更新完成
2025-04-08 11:53:20,624 - DEBUG - 第262代完成，当前最优解完工时间: 1966，历史最优解完工时间: 1857
2025-04-08 11:53:21,072 - DEBUG - 
更新概率模型:
2025-04-08 11:53:21,072 - DEBUG - 多样性指标: 0.0450
2025-04-08 11:53:21,072 - DEBUG - 自适应学习率: 0.8304
2025-04-08 11:53:21,072 - DEBUG - 第263代概率模型更新完成
2025-04-08 11:53:21,072 - DEBUG - 第263代完成，当前最优解完工时间: 1969，历史最优解完工时间: 1857
2025-04-08 11:53:21,526 - DEBUG - 
更新概率模型:
2025-04-08 11:53:21,526 - DEBUG - 多样性指标: 0.0428
2025-04-08 11:53:21,526 - DEBUG - 自适应学习率: 0.8322
2025-04-08 11:53:21,526 - DEBUG - 第264代概率模型更新完成
2025-04-08 11:53:21,526 - DEBUG - 第264代完成，当前最优解完工时间: 1945，历史最优解完工时间: 1857
2025-04-08 11:53:21,971 - DEBUG - 
更新概率模型:
2025-04-08 11:53:21,971 - DEBUG - 多样性指标: 0.0412
2025-04-08 11:53:21,971 - DEBUG - 自适应学习率: 0.8315
2025-04-08 11:53:21,971 - DEBUG - 第265代概率模型更新完成
2025-04-08 11:53:21,971 - DEBUG - 第265代完成，当前最优解完工时间: 1959，历史最优解完工时间: 1857
2025-04-08 11:53:22,420 - DEBUG - 
更新概率模型:
2025-04-08 11:53:22,420 - DEBUG - 多样性指标: 0.0416
2025-04-08 11:53:22,420 - DEBUG - 自适应学习率: 0.8322
2025-04-08 11:53:22,420 - DEBUG - 第266代概率模型更新完成
2025-04-08 11:53:22,420 - DEBUG - 第266代完成，当前最优解完工时间: 1939，历史最优解完工时间: 1857
2025-04-08 11:53:22,867 - DEBUG - 
更新概率模型:
2025-04-08 11:53:22,867 - DEBUG - 多样性指标: 0.0393
2025-04-08 11:53:22,867 - DEBUG - 自适应学习率: 0.8378
2025-04-08 11:53:22,867 - DEBUG - 第267代概率模型更新完成
2025-04-08 11:53:22,867 - DEBUG - 第267代完成，当前最优解完工时间: 1919，历史最优解完工时间: 1857
2025-04-08 11:53:23,321 - DEBUG - 
更新概率模型:
2025-04-08 11:53:23,321 - DEBUG - 多样性指标: 0.0395
2025-04-08 11:53:23,321 - DEBUG - 自适应学习率: 0.8300
2025-04-08 11:53:23,321 - DEBUG - 第268代概率模型更新完成
2025-04-08 11:53:23,321 - DEBUG - 第268代完成，当前最优解完工时间: 1956，历史最优解完工时间: 1857
2025-04-08 11:53:23,776 - DEBUG - 
更新概率模型:
2025-04-08 11:53:23,776 - DEBUG - 多样性指标: 0.0405
2025-04-08 11:53:23,776 - DEBUG - 自适应学习率: 0.8242
2025-04-08 11:53:23,776 - DEBUG - 第269代概率模型更新完成
2025-04-08 11:53:23,776 - DEBUG - 第269代完成，当前最优解完工时间: 1994，历史最优解完工时间: 1857
2025-04-08 11:53:24,225 - DEBUG - 
更新概率模型:
2025-04-08 11:53:24,225 - DEBUG - 多样性指标: 0.0417
2025-04-08 11:53:24,225 - DEBUG - 自适应学习率: 0.8331
2025-04-08 11:53:24,225 - DEBUG - 第270代概率模型更新完成
2025-04-08 11:53:24,225 - DEBUG - 第270代完成，当前最优解完工时间: 1942，历史最优解完工时间: 1857
2025-04-08 11:53:24,675 - DEBUG - 
更新概率模型:
2025-04-08 11:53:24,675 - DEBUG - 多样性指标: 0.0389
2025-04-08 11:53:24,675 - DEBUG - 自适应学习率: 0.8304
2025-04-08 11:53:24,675 - DEBUG - 第271代概率模型更新完成
2025-04-08 11:53:24,675 - DEBUG - 第271代完成，当前最优解完工时间: 1951，历史最优解完工时间: 1857
2025-04-08 11:53:25,126 - DEBUG - 
更新概率模型:
2025-04-08 11:53:25,126 - DEBUG - 多样性指标: 0.0411
2025-04-08 11:53:25,126 - DEBUG - 自适应学习率: 0.8347
2025-04-08 11:53:25,126 - DEBUG - 第272代概率模型更新完成
2025-04-08 11:53:25,126 - DEBUG - 第272代完成，当前最优解完工时间: 1929，历史最优解完工时间: 1857
2025-04-08 11:53:25,574 - DEBUG - 
更新概率模型:
2025-04-08 11:53:25,574 - DEBUG - 多样性指标: 0.0374
2025-04-08 11:53:25,574 - DEBUG - 自适应学习率: 0.8298
2025-04-08 11:53:25,574 - DEBUG - 第273代概率模型更新完成
2025-04-08 11:53:25,574 - DEBUG - 第273代完成，当前最优解完工时间: 1946，历史最优解完工时间: 1857
2025-04-08 11:53:26,025 - DEBUG - 
更新概率模型:
2025-04-08 11:53:26,025 - DEBUG - 多样性指标: 0.0423
2025-04-08 11:53:26,025 - DEBUG - 自适应学习率: 0.8335
2025-04-08 11:53:26,025 - DEBUG - 第274代概率模型更新完成
2025-04-08 11:53:26,025 - DEBUG - 第274代完成，当前最优解完工时间: 1934，历史最优解完工时间: 1857
2025-04-08 11:53:26,477 - DEBUG - 
更新概率模型:
2025-04-08 11:53:26,477 - DEBUG - 多样性指标: 0.0425
2025-04-08 11:53:26,477 - DEBUG - 自适应学习率: 0.8341
2025-04-08 11:53:26,477 - DEBUG - 第275代概率模型更新完成
2025-04-08 11:53:26,477 - DEBUG - 第275代完成，当前最优解完工时间: 1951，历史最优解完工时间: 1857
2025-04-08 11:53:26,933 - DEBUG - 
更新概率模型:
2025-04-08 11:53:26,933 - DEBUG - 多样性指标: 0.0392
2025-04-08 11:53:26,933 - DEBUG - 自适应学习率: 0.8343
2025-04-08 11:53:26,933 - DEBUG - 第276代概率模型更新完成
2025-04-08 11:53:26,933 - DEBUG - 第276代完成，当前最优解完工时间: 1934，历史最优解完工时间: 1857
2025-04-08 11:53:27,384 - DEBUG - 
更新概率模型:
2025-04-08 11:53:27,384 - DEBUG - 多样性指标: 0.0345
2025-04-08 11:53:27,384 - DEBUG - 自适应学习率: 0.8273
2025-04-08 11:53:27,384 - DEBUG - 第277代概率模型更新完成
2025-04-08 11:53:27,384 - DEBUG - 第277代完成，当前最优解完工时间: 1965，历史最优解完工时间: 1857
2025-04-08 11:53:27,831 - DEBUG - 
更新概率模型:
2025-04-08 11:53:27,831 - DEBUG - 多样性指标: 0.0393
2025-04-08 11:53:27,831 - DEBUG - 自适应学习率: 0.8417
2025-04-08 11:53:27,831 - DEBUG - 第278代概率模型更新完成
2025-04-08 11:53:27,831 - DEBUG - 第278代完成，当前最优解完工时间: 1898，历史最优解完工时间: 1857
2025-04-08 11:53:28,275 - DEBUG - 
更新概率模型:
2025-04-08 11:53:28,275 - DEBUG - 多样性指标: 0.0445
2025-04-08 11:53:28,275 - DEBUG - 自适应学习率: 0.8315
2025-04-08 11:53:28,275 - DEBUG - 第279代概率模型更新完成
2025-04-08 11:53:28,275 - DEBUG - 第279代完成，当前最优解完工时间: 1944，历史最优解完工时间: 1857
2025-04-08 11:53:28,729 - DEBUG - 
更新概率模型:
2025-04-08 11:53:28,729 - DEBUG - 多样性指标: 0.0357
2025-04-08 11:53:28,729 - DEBUG - 自适应学习率: 0.8360
2025-04-08 11:53:28,730 - DEBUG - 第280代概率模型更新完成
2025-04-08 11:53:28,730 - DEBUG - 第280代完成，当前最优解完工时间: 1930，历史最优解完工时间: 1857
2025-04-08 11:53:29,181 - DEBUG - 
更新概率模型:
2025-04-08 11:53:29,181 - DEBUG - 多样性指标: 0.0438
2025-04-08 11:53:29,181 - DEBUG - 自适应学习率: 0.8365
2025-04-08 11:53:29,181 - DEBUG - 第281代概率模型更新完成
2025-04-08 11:53:29,181 - DEBUG - 第281代完成，当前最优解完工时间: 1930，历史最优解完工时间: 1857
2025-04-08 11:53:29,629 - DEBUG - 
更新概率模型:
2025-04-08 11:53:29,629 - DEBUG - 多样性指标: 0.0392
2025-04-08 11:53:29,629 - DEBUG - 自适应学习率: 0.8328
2025-04-08 11:53:29,629 - DEBUG - 第282代概率模型更新完成
2025-04-08 11:53:29,629 - DEBUG - 第282代完成，当前最优解完工时间: 1931，历史最优解完工时间: 1857
2025-04-08 11:53:30,077 - DEBUG - 
更新概率模型:
2025-04-08 11:53:30,077 - DEBUG - 多样性指标: 0.0375
2025-04-08 11:53:30,077 - DEBUG - 自适应学习率: 0.8320
2025-04-08 11:53:30,077 - DEBUG - 第283代概率模型更新完成
2025-04-08 11:53:30,077 - DEBUG - 第283代完成，当前最优解完工时间: 1931，历史最优解完工时间: 1857
2025-04-08 11:53:30,524 - DEBUG - 
更新概率模型:
2025-04-08 11:53:30,524 - DEBUG - 多样性指标: 0.0385
2025-04-08 11:53:30,524 - DEBUG - 自适应学习率: 0.8286
2025-04-08 11:53:30,524 - DEBUG - 第284代概率模型更新完成
2025-04-08 11:53:30,524 - DEBUG - 第284代完成，当前最优解完工时间: 1949，历史最优解完工时间: 1857
2025-04-08 11:53:30,969 - DEBUG - 
更新概率模型:
2025-04-08 11:53:30,969 - DEBUG - 多样性指标: 0.0405
2025-04-08 11:53:30,969 - DEBUG - 自适应学习率: 0.8326
2025-04-08 11:53:30,969 - DEBUG - 第285代概率模型更新完成
2025-04-08 11:53:30,969 - DEBUG - 第285代完成，当前最优解完工时间: 1949，历史最优解完工时间: 1857
2025-04-08 11:53:31,412 - DEBUG - 
更新概率模型:
2025-04-08 11:53:31,412 - DEBUG - 多样性指标: 0.0519
2025-04-08 11:53:31,412 - DEBUG - 自适应学习率: 0.8413
2025-04-08 11:53:31,414 - DEBUG - 第286代概率模型更新完成
2025-04-08 11:53:31,414 - DEBUG - 第286代完成，当前最优解完工时间: 1904，历史最优解完工时间: 1857
2025-04-08 11:53:31,858 - DEBUG - 
更新概率模型:
2025-04-08 11:53:31,858 - DEBUG - 多样性指标: 0.0413
2025-04-08 11:53:31,858 - DEBUG - 自适应学习率: 0.8325
2025-04-08 11:53:31,858 - DEBUG - 第287代概率模型更新完成
2025-04-08 11:53:31,858 - DEBUG - 第287代完成，当前最优解完工时间: 1941，历史最优解完工时间: 1857
2025-04-08 11:53:32,303 - DEBUG - 
更新概率模型:
2025-04-08 11:53:32,304 - DEBUG - 多样性指标: 0.0455
2025-04-08 11:53:32,304 - DEBUG - 自适应学习率: 0.8394
2025-04-08 11:53:32,304 - DEBUG - 第288代概率模型更新完成
2025-04-08 11:53:32,304 - DEBUG - 第288代完成，当前最优解完工时间: 1911，历史最优解完工时间: 1857
2025-04-08 11:53:32,753 - DEBUG - 
更新概率模型:
2025-04-08 11:53:32,753 - DEBUG - 多样性指标: 0.0389
2025-04-08 11:53:32,753 - DEBUG - 自适应学习率: 0.8405
2025-04-08 11:53:32,753 - DEBUG - 第289代概率模型更新完成
2025-04-08 11:53:32,753 - DEBUG - 第289代完成，当前最优解完工时间: 1900，历史最优解完工时间: 1857
2025-04-08 11:53:33,195 - DEBUG - 
更新概率模型:
2025-04-08 11:53:33,195 - DEBUG - 多样性指标: 0.0443
2025-04-08 11:53:33,195 - DEBUG - 自适应学习率: 0.8365
2025-04-08 11:53:33,195 - DEBUG - 第290代概率模型更新完成
2025-04-08 11:53:33,195 - DEBUG - 第290代完成，当前最优解完工时间: 1933，历史最优解完工时间: 1857
2025-04-08 11:53:33,647 - DEBUG - 
更新概率模型:
2025-04-08 11:53:33,647 - DEBUG - 多样性指标: 0.0418
2025-04-08 11:53:33,647 - DEBUG - 自适应学习率: 0.8341
2025-04-08 11:53:33,647 - DEBUG - 第291代概率模型更新完成
2025-04-08 11:53:33,647 - DEBUG - 第291代完成，当前最优解完工时间: 1954，历史最优解完工时间: 1857
2025-04-08 11:53:34,095 - DEBUG - 
更新概率模型:
2025-04-08 11:53:34,095 - DEBUG - 多样性指标: 0.0401
2025-04-08 11:53:34,095 - DEBUG - 自适应学习率: 0.8322
2025-04-08 11:53:34,095 - DEBUG - 第292代概率模型更新完成
2025-04-08 11:53:34,095 - DEBUG - 第292代完成，当前最优解完工时间: 1960，历史最优解完工时间: 1857
2025-04-08 11:53:34,545 - DEBUG - 
更新概率模型:
2025-04-08 11:53:34,545 - DEBUG - 多样性指标: 0.0397
2025-04-08 11:53:34,545 - DEBUG - 自适应学习率: 0.8360
2025-04-08 11:53:34,545 - DEBUG - 第293代概率模型更新完成
2025-04-08 11:53:34,545 - DEBUG - 第293代完成，当前最优解完工时间: 1922，历史最优解完工时间: 1857
2025-04-08 11:53:34,993 - DEBUG - 
更新概率模型:
2025-04-08 11:53:34,993 - DEBUG - 多样性指标: 0.0401
2025-04-08 11:53:34,993 - DEBUG - 自适应学习率: 0.8357
2025-04-08 11:53:34,993 - DEBUG - 第294代概率模型更新完成
2025-04-08 11:53:34,994 - DEBUG - 第294代完成，当前最优解完工时间: 1926，历史最优解完工时间: 1857
2025-04-08 11:53:35,436 - DEBUG - 
更新概率模型:
2025-04-08 11:53:35,436 - DEBUG - 多样性指标: 0.0431
2025-04-08 11:53:35,436 - DEBUG - 自适应学习率: 0.8362
2025-04-08 11:53:35,436 - DEBUG - 第295代概率模型更新完成
2025-04-08 11:53:35,437 - DEBUG - 第295代完成，当前最优解完工时间: 1940，历史最优解完工时间: 1857
2025-04-08 11:53:35,894 - DEBUG - 
更新概率模型:
2025-04-08 11:53:35,894 - DEBUG - 多样性指标: 0.0421
2025-04-08 11:53:35,894 - DEBUG - 自适应学习率: 0.8440
2025-04-08 11:53:35,894 - DEBUG - 第296代概率模型更新完成
2025-04-08 11:53:35,894 - DEBUG - 第296代完成，当前最优解完工时间: 1873，历史最优解完工时间: 1857
2025-04-08 11:53:36,344 - DEBUG - 
更新概率模型:
2025-04-08 11:53:36,344 - DEBUG - 多样性指标: 0.0475
2025-04-08 11:53:36,344 - DEBUG - 自适应学习率: 0.8310
2025-04-08 11:53:36,344 - DEBUG - 第297代概率模型更新完成
2025-04-08 11:53:36,344 - DEBUG - 第297代完成，当前最优解完工时间: 1960，历史最优解完工时间: 1857
2025-04-08 11:53:36,791 - DEBUG - 
更新概率模型:
2025-04-08 11:53:36,791 - DEBUG - 多样性指标: 0.0446
2025-04-08 11:53:36,791 - DEBUG - 自适应学习率: 0.8381
2025-04-08 11:53:36,791 - DEBUG - 第298代概率模型更新完成
2025-04-08 11:53:36,791 - DEBUG - 第298代完成，当前最优解完工时间: 1922，历史最优解完工时间: 1857
2025-04-08 11:53:37,245 - DEBUG - 
更新概率模型:
2025-04-08 11:53:37,245 - DEBUG - 多样性指标: 0.0324
2025-04-08 11:53:37,245 - DEBUG - 自适应学习率: 0.8255
2025-04-08 11:53:37,245 - DEBUG - 第299代概率模型更新完成
2025-04-08 11:53:37,245 - DEBUG - 第299代完成，当前最优解完工时间: 1953，历史最优解完工时间: 1857
2025-04-08 11:53:37,694 - DEBUG - 
更新概率模型:
2025-04-08 11:53:37,694 - DEBUG - 多样性指标: 0.0480
2025-04-08 11:53:37,694 - DEBUG - 自适应学习率: 0.8342
2025-04-08 11:53:37,694 - DEBUG - 第300代概率模型更新完成
2025-04-08 11:53:37,694 - DEBUG - 第300代完成，当前最优解完工时间: 1934，历史最优解完工时间: 1857
2025-04-08 11:53:38,142 - DEBUG - 
更新概率模型:
2025-04-08 11:53:38,142 - DEBUG - 多样性指标: 0.0370
2025-04-08 11:53:38,142 - DEBUG - 自适应学习率: 0.8358
2025-04-08 11:53:38,142 - DEBUG - 第301代概率模型更新完成
2025-04-08 11:53:38,142 - DEBUG - 第301代完成，当前最优解完工时间: 1904，历史最优解完工时间: 1857
2025-04-08 11:53:38,592 - DEBUG - 
更新概率模型:
2025-04-08 11:53:38,592 - DEBUG - 多样性指标: 0.0393
2025-04-08 11:53:38,592 - DEBUG - 自适应学习率: 0.8312
2025-04-08 11:53:38,592 - DEBUG - 第302代概率模型更新完成
2025-04-08 11:53:38,592 - DEBUG - 第302代完成，当前最优解完工时间: 1943，历史最优解完工时间: 1857
2025-04-08 11:53:39,041 - DEBUG - 
更新概率模型:
2025-04-08 11:53:39,041 - DEBUG - 多样性指标: 0.0420
2025-04-08 11:53:39,041 - DEBUG - 自适应学习率: 0.8335
2025-04-08 11:53:39,041 - DEBUG - 第303代概率模型更新完成
2025-04-08 11:53:39,041 - DEBUG - 第303代完成，当前最优解完工时间: 1939，历史最优解完工时间: 1857
2025-04-08 11:53:39,488 - DEBUG - 
更新概率模型:
2025-04-08 11:53:39,488 - DEBUG - 多样性指标: 0.0480
2025-04-08 11:53:39,488 - DEBUG - 自适应学习率: 0.8422
2025-04-08 11:53:39,488 - DEBUG - 第304代概率模型更新完成
2025-04-08 11:53:39,488 - DEBUG - 第304代完成，当前最优解完工时间: 1920，历史最优解完工时间: 1857
2025-04-08 11:53:39,937 - DEBUG - 
更新概率模型:
2025-04-08 11:53:39,937 - DEBUG - 多样性指标: 0.0441
2025-04-08 11:53:39,937 - DEBUG - 自适应学习率: 0.8414
2025-04-08 11:53:39,937 - DEBUG - 第305代概率模型更新完成
2025-04-08 11:53:39,937 - DEBUG - 第305代完成，当前最优解完工时间: 1903，历史最优解完工时间: 1857
2025-04-08 11:53:40,387 - DEBUG - 
更新概率模型:
2025-04-08 11:53:40,387 - DEBUG - 多样性指标: 0.0398
2025-04-08 11:53:40,387 - DEBUG - 自适应学习率: 0.8300
2025-04-08 11:53:40,387 - DEBUG - 第306代概率模型更新完成
2025-04-08 11:53:40,387 - DEBUG - 第306代完成，当前最优解完工时间: 1953，历史最优解完工时间: 1857
2025-04-08 11:53:40,840 - DEBUG - 
更新概率模型:
2025-04-08 11:53:40,840 - DEBUG - 多样性指标: 0.0495
2025-04-08 11:53:40,840 - DEBUG - 自适应学习率: 0.8402
2025-04-08 11:53:40,840 - DEBUG - 第307代概率模型更新完成
2025-04-08 11:53:40,840 - DEBUG - 第307代完成，当前最优解完工时间: 1926，历史最优解完工时间: 1857
2025-04-08 11:53:41,287 - DEBUG - 
更新概率模型:
2025-04-08 11:53:41,287 - DEBUG - 多样性指标: 0.0449
2025-04-08 11:53:41,287 - DEBUG - 自适应学习率: 0.8300
2025-04-08 11:53:41,287 - DEBUG - 第308代概率模型更新完成
2025-04-08 11:53:41,287 - DEBUG - 第308代完成，当前最优解完工时间: 1966，历史最优解完工时间: 1857
2025-04-08 11:53:41,738 - DEBUG - 
更新概率模型:
2025-04-08 11:53:41,739 - DEBUG - 多样性指标: 0.0387
2025-04-08 11:53:41,739 - DEBUG - 自适应学习率: 0.8292
2025-04-08 11:53:41,739 - DEBUG - 第309代概率模型更新完成
2025-04-08 11:53:41,739 - DEBUG - 第309代完成，当前最优解完工时间: 1942，历史最优解完工时间: 1857
2025-04-08 11:53:42,183 - DEBUG - 
更新概率模型:
2025-04-08 11:53:42,183 - DEBUG - 多样性指标: 0.0385
2025-04-08 11:53:42,183 - DEBUG - 自适应学习率: 0.8331
2025-04-08 11:53:42,183 - DEBUG - 第310代概率模型更新完成
2025-04-08 11:53:42,183 - DEBUG - 第310代完成，当前最优解完工时间: 1938，历史最优解完工时间: 1857
2025-04-08 11:53:42,637 - DEBUG - 
更新概率模型:
2025-04-08 11:53:42,637 - DEBUG - 多样性指标: 0.0392
2025-04-08 11:53:42,637 - DEBUG - 自适应学习率: 0.8302
2025-04-08 11:53:42,637 - DEBUG - 第311代概率模型更新完成
2025-04-08 11:53:42,637 - DEBUG - 第311代完成，当前最优解完工时间: 1965，历史最优解完工时间: 1857
2025-04-08 11:53:43,085 - DEBUG - 
更新概率模型:
2025-04-08 11:53:43,085 - DEBUG - 多样性指标: 0.0455
2025-04-08 11:53:43,085 - DEBUG - 自适应学习率: 0.8351
2025-04-08 11:53:43,085 - DEBUG - 第312代概率模型更新完成
2025-04-08 11:53:43,085 - DEBUG - 第312代完成，当前最优解完工时间: 1928，历史最优解完工时间: 1857
2025-04-08 11:53:43,537 - DEBUG - 
更新概率模型:
2025-04-08 11:53:43,537 - DEBUG - 多样性指标: 0.0388
2025-04-08 11:53:43,537 - DEBUG - 自适应学习率: 0.8397
2025-04-08 11:53:43,537 - DEBUG - 第313代概率模型更新完成
2025-04-08 11:53:43,537 - DEBUG - 第313代完成，当前最优解完工时间: 1901，历史最优解完工时间: 1857
2025-04-08 11:53:43,981 - DEBUG - 
更新概率模型:
2025-04-08 11:53:43,981 - DEBUG - 多样性指标: 0.0395
2025-04-08 11:53:43,981 - DEBUG - 自适应学习率: 0.8337
2025-04-08 11:53:43,981 - DEBUG - 第314代概率模型更新完成
2025-04-08 11:53:43,981 - DEBUG - 第314代完成，当前最优解完工时间: 1927，历史最优解完工时间: 1857
2025-04-08 11:53:44,439 - DEBUG - 
更新概率模型:
2025-04-08 11:53:44,439 - DEBUG - 多样性指标: 0.0421
2025-04-08 11:53:44,440 - DEBUG - 自适应学习率: 0.8314
2025-04-08 11:53:44,440 - DEBUG - 第315代概率模型更新完成
2025-04-08 11:53:44,440 - DEBUG - 第315代完成，当前最优解完工时间: 1935，历史最优解完工时间: 1857
2025-04-08 11:53:44,890 - DEBUG - 
更新概率模型:
2025-04-08 11:53:44,890 - DEBUG - 多样性指标: 0.0485
2025-04-08 11:53:44,890 - DEBUG - 自适应学习率: 0.8377
2025-04-08 11:53:44,890 - DEBUG - 第316代概率模型更新完成
2025-04-08 11:53:44,890 - DEBUG - 第316代完成，当前最优解完工时间: 1932，历史最优解完工时间: 1857
2025-04-08 11:53:45,339 - DEBUG - 
更新概率模型:
2025-04-08 11:53:45,339 - DEBUG - 多样性指标: 0.0404
2025-04-08 11:53:45,339 - DEBUG - 自适应学习率: 0.8333
2025-04-08 11:53:45,339 - DEBUG - 第317代概率模型更新完成
2025-04-08 11:53:45,339 - DEBUG - 第317代完成，当前最优解完工时间: 1935，历史最优解完工时间: 1857
2025-04-08 11:53:45,786 - DEBUG - 
更新概率模型:
2025-04-08 11:53:45,786 - DEBUG - 多样性指标: 0.0400
2025-04-08 11:53:45,786 - DEBUG - 自适应学习率: 0.8414
2025-04-08 11:53:45,786 - DEBUG - 第318代概率模型更新完成
2025-04-08 11:53:45,786 - DEBUG - 第318代完成，当前最优解完工时间: 1901，历史最优解完工时间: 1857
2025-04-08 11:53:46,230 - DEBUG - 
更新概率模型:
2025-04-08 11:53:46,230 - DEBUG - 多样性指标: 0.0394
2025-04-08 11:53:46,230 - DEBUG - 自适应学习率: 0.8334
2025-04-08 11:53:46,230 - DEBUG - 第319代概率模型更新完成
2025-04-08 11:53:46,230 - DEBUG - 第319代完成，当前最优解完工时间: 1934，历史最优解完工时间: 1857
2025-04-08 11:53:46,677 - DEBUG - 
更新概率模型:
2025-04-08 11:53:46,677 - DEBUG - 多样性指标: 0.0420
2025-04-08 11:53:46,677 - DEBUG - 自适应学习率: 0.8416
2025-04-08 11:53:46,677 - DEBUG - 第320代概率模型更新完成
2025-04-08 11:53:46,677 - DEBUG - 第320代完成，当前最优解完工时间: 1904，历史最优解完工时间: 1857
2025-04-08 11:53:47,125 - DEBUG - 
更新概率模型:
2025-04-08 11:53:47,125 - DEBUG - 多样性指标: 0.0400
2025-04-08 11:53:47,125 - DEBUG - 自适应学习率: 0.8349
2025-04-08 11:53:47,125 - DEBUG - 第321代概率模型更新完成
2025-04-08 11:53:47,125 - DEBUG - 第321代完成，当前最优解完工时间: 1920，历史最优解完工时间: 1857
2025-04-08 11:53:47,571 - DEBUG - 
更新概率模型:
2025-04-08 11:53:47,571 - DEBUG - 多样性指标: 0.0423
2025-04-08 11:53:47,571 - DEBUG - 自适应学习率: 0.8313
2025-04-08 11:53:47,571 - DEBUG - 第322代概率模型更新完成
2025-04-08 11:53:47,571 - DEBUG - 第322代完成，当前最优解完工时间: 1942，历史最优解完工时间: 1857
2025-04-08 11:53:48,022 - DEBUG - 
更新概率模型:
2025-04-08 11:53:48,022 - DEBUG - 多样性指标: 0.0420
2025-04-08 11:53:48,022 - DEBUG - 自适应学习率: 0.8311
2025-04-08 11:53:48,022 - DEBUG - 第323代概率模型更新完成
2025-04-08 11:53:48,022 - DEBUG - 第323代完成，当前最优解完工时间: 1938，历史最优解完工时间: 1857
2025-04-08 11:53:48,473 - DEBUG - 
更新概率模型:
2025-04-08 11:53:48,473 - DEBUG - 多样性指标: 0.0440
2025-04-08 11:53:48,473 - DEBUG - 自适应学习率: 0.8362
2025-04-08 11:53:48,473 - DEBUG - 第324代概率模型更新完成
2025-04-08 11:53:48,473 - DEBUG - 第324代完成，当前最优解完工时间: 1920，历史最优解完工时间: 1857
2025-04-08 11:53:48,919 - DEBUG - 
更新概率模型:
2025-04-08 11:53:48,919 - DEBUG - 多样性指标: 0.0359
2025-04-08 11:53:48,919 - DEBUG - 自适应学习率: 0.8291
2025-04-08 11:53:48,919 - DEBUG - 第325代概率模型更新完成
2025-04-08 11:53:48,919 - DEBUG - 第325代完成，当前最优解完工时间: 1946，历史最优解完工时间: 1857
2025-04-08 11:53:49,368 - DEBUG - 
更新概率模型:
2025-04-08 11:53:49,368 - DEBUG - 多样性指标: 0.0423
2025-04-08 11:53:49,368 - DEBUG - 自适应学习率: 0.8358
2025-04-08 11:53:49,368 - DEBUG - 第326代概率模型更新完成
2025-04-08 11:53:49,368 - DEBUG - 第326代完成，当前最优解完工时间: 1930，历史最优解完工时间: 1857
2025-04-08 11:53:49,817 - DEBUG - 
更新概率模型:
2025-04-08 11:53:49,817 - DEBUG - 多样性指标: 0.0444
2025-04-08 11:53:49,817 - DEBUG - 自适应学习率: 0.8329
2025-04-08 11:53:49,817 - DEBUG - 第327代概率模型更新完成
2025-04-08 11:53:49,817 - DEBUG - 第327代完成，当前最优解完工时间: 1940，历史最优解完工时间: 1857
2025-04-08 11:53:50,271 - DEBUG - 
更新概率模型:
2025-04-08 11:53:50,271 - DEBUG - 多样性指标: 0.0459
2025-04-08 11:53:50,271 - DEBUG - 自适应学习率: 0.8348
2025-04-08 11:53:50,271 - DEBUG - 第328代概率模型更新完成
2025-04-08 11:53:50,271 - DEBUG - 第328代完成，当前最优解完工时间: 1924，历史最优解完工时间: 1857
2025-04-08 11:53:50,722 - DEBUG - 
更新概率模型:
2025-04-08 11:53:50,722 - DEBUG - 多样性指标: 0.0368
2025-04-08 11:53:50,722 - DEBUG - 自适应学习率: 0.8364
2025-04-08 11:53:50,722 - DEBUG - 第329代概率模型更新完成
2025-04-08 11:53:50,722 - DEBUG - 第329代完成，当前最优解完工时间: 1917，历史最优解完工时间: 1857
2025-04-08 11:53:51,169 - DEBUG - 
更新概率模型:
2025-04-08 11:53:51,169 - DEBUG - 多样性指标: 0.0407
2025-04-08 11:53:51,169 - DEBUG - 自适应学习率: 0.8315
2025-04-08 11:53:51,169 - DEBUG - 第330代概率模型更新完成
2025-04-08 11:53:51,169 - DEBUG - 第330代完成，当前最优解完工时间: 1941，历史最优解完工时间: 1857
2025-04-08 11:53:51,617 - DEBUG - 
更新概率模型:
2025-04-08 11:53:51,617 - DEBUG - 多样性指标: 0.0383
2025-04-08 11:53:51,617 - DEBUG - 自适应学习率: 0.8372
2025-04-08 11:53:51,617 - DEBUG - 第331代概率模型更新完成
2025-04-08 11:53:51,617 - DEBUG - 第331代完成，当前最优解完工时间: 1912，历史最优解完工时间: 1857
2025-04-08 11:53:52,063 - DEBUG - 
更新概率模型:
2025-04-08 11:53:52,063 - DEBUG - 多样性指标: 0.0442
2025-04-08 11:53:52,063 - DEBUG - 自适应学习率: 0.8324
2025-04-08 11:53:52,063 - DEBUG - 第332代概率模型更新完成
2025-04-08 11:53:52,063 - DEBUG - 第332代完成，当前最优解完工时间: 1939，历史最优解完工时间: 1857
2025-04-08 11:53:52,514 - DEBUG - 
更新概率模型:
2025-04-08 11:53:52,514 - DEBUG - 多样性指标: 0.0389
2025-04-08 11:53:52,514 - DEBUG - 自适应学习率: 0.8356
2025-04-08 11:53:52,514 - DEBUG - 第333代概率模型更新完成
2025-04-08 11:53:52,514 - DEBUG - 第333代完成，当前最优解完工时间: 1916，历史最优解完工时间: 1857
2025-04-08 11:53:52,962 - DEBUG - 
更新概率模型:
2025-04-08 11:53:52,962 - DEBUG - 多样性指标: 0.0383
2025-04-08 11:53:52,962 - DEBUG - 自适应学习率: 0.8339
2025-04-08 11:53:52,962 - DEBUG - 第334代概率模型更新完成
2025-04-08 11:53:52,962 - DEBUG - 第334代完成，当前最优解完工时间: 1929，历史最优解完工时间: 1857
2025-04-08 11:53:53,412 - DEBUG - 
更新概率模型:
2025-04-08 11:53:53,412 - DEBUG - 多样性指标: 0.0415
2025-04-08 11:53:53,412 - DEBUG - 自适应学习率: 0.8320
2025-04-08 11:53:53,412 - DEBUG - 第335代概率模型更新完成
2025-04-08 11:53:53,412 - DEBUG - 第335代完成，当前最优解完工时间: 1941，历史最优解完工时间: 1857
2025-04-08 11:53:53,857 - DEBUG - 
更新概率模型:
2025-04-08 11:53:53,859 - DEBUG - 多样性指标: 0.0354
2025-04-08 11:53:53,859 - DEBUG - 自适应学习率: 0.8298
2025-04-08 11:53:53,859 - DEBUG - 第336代概率模型更新完成
2025-04-08 11:53:53,859 - DEBUG - 第336代完成，当前最优解完工时间: 1945，历史最优解完工时间: 1857
2025-04-08 11:53:54,306 - DEBUG - 
更新概率模型:
2025-04-08 11:53:54,306 - DEBUG - 多样性指标: 0.0432
2025-04-08 11:53:54,306 - DEBUG - 自适应学习率: 0.8403
2025-04-08 11:53:54,306 - DEBUG - 第337代概率模型更新完成
2025-04-08 11:53:54,306 - DEBUG - 第337代完成，当前最优解完工时间: 1909，历史最优解完工时间: 1857
2025-04-08 11:53:54,755 - DEBUG - 
更新概率模型:
2025-04-08 11:53:54,755 - DEBUG - 多样性指标: 0.0387
2025-04-08 11:53:54,755 - DEBUG - 自适应学习率: 0.8362
2025-04-08 11:53:54,755 - DEBUG - 第338代概率模型更新完成
2025-04-08 11:53:54,755 - DEBUG - 第338代完成，当前最优解完工时间: 1911，历史最优解完工时间: 1857
2025-04-08 11:53:55,207 - DEBUG - 
更新概率模型:
2025-04-08 11:53:55,207 - DEBUG - 多样性指标: 0.0406
2025-04-08 11:53:55,208 - DEBUG - 自适应学习率: 0.8340
2025-04-08 11:53:55,208 - DEBUG - 第339代概率模型更新完成
2025-04-08 11:53:55,208 - DEBUG - 第339代完成，当前最优解完工时间: 1942，历史最优解完工时间: 1857
2025-04-08 11:53:55,653 - DEBUG - 
更新概率模型:
2025-04-08 11:53:55,653 - DEBUG - 多样性指标: 0.0470
2025-04-08 11:53:55,653 - DEBUG - 自适应学习率: 0.8411
2025-04-08 11:53:55,653 - DEBUG - 第340代概率模型更新完成
2025-04-08 11:53:55,653 - DEBUG - 第340代完成，当前最优解完工时间: 1925，历史最优解完工时间: 1857
2025-04-08 11:53:56,100 - DEBUG - 
更新概率模型:
2025-04-08 11:53:56,100 - DEBUG - 多样性指标: 0.0346
2025-04-08 11:53:56,100 - DEBUG - 自适应学习率: 0.8263
2025-04-08 11:53:56,100 - DEBUG - 第341代概率模型更新完成
2025-04-08 11:53:56,100 - DEBUG - 第341代完成，当前最优解完工时间: 1985，历史最优解完工时间: 1857
2025-04-08 11:53:56,553 - DEBUG - 
更新概率模型:
2025-04-08 11:53:56,553 - DEBUG - 多样性指标: 0.0385
2025-04-08 11:53:56,553 - DEBUG - 自适应学习率: 0.8308
2025-04-08 11:53:56,554 - DEBUG - 第342代概率模型更新完成
2025-04-08 11:53:56,554 - DEBUG - 第342代完成，当前最优解完工时间: 1950，历史最优解完工时间: 1857
2025-04-08 11:53:57,003 - DEBUG - 
更新概率模型:
2025-04-08 11:53:57,003 - DEBUG - 多样性指标: 0.0380
2025-04-08 11:53:57,003 - DEBUG - 自适应学习率: 0.8304
2025-04-08 11:53:57,004 - DEBUG - 第343代概率模型更新完成
2025-04-08 11:53:57,004 - DEBUG - 第343代完成，当前最优解完工时间: 1942，历史最优解完工时间: 1857
2025-04-08 11:53:57,454 - DEBUG - 
更新概率模型:
2025-04-08 11:53:57,454 - DEBUG - 多样性指标: 0.0421
2025-04-08 11:53:57,454 - DEBUG - 自适应学习率: 0.8402
2025-04-08 11:53:57,454 - DEBUG - 第344代概率模型更新完成
2025-04-08 11:53:57,454 - DEBUG - 第344代完成，当前最优解完工时间: 1914，历史最优解完工时间: 1857
2025-04-08 11:53:57,907 - DEBUG - 
更新概率模型:
2025-04-08 11:53:57,907 - DEBUG - 多样性指标: 0.0411
2025-04-08 11:53:57,907 - DEBUG - 自适应学习率: 0.8356
2025-04-08 11:53:57,907 - DEBUG - 第345代概率模型更新完成
2025-04-08 11:53:57,907 - DEBUG - 第345代完成，当前最优解完工时间: 1925，历史最优解完工时间: 1857
2025-04-08 11:53:58,368 - DEBUG - 
更新概率模型:
2025-04-08 11:53:58,368 - DEBUG - 多样性指标: 0.0457
2025-04-08 11:53:58,368 - DEBUG - 自适应学习率: 0.8341
2025-04-08 11:53:58,368 - DEBUG - 第346代概率模型更新完成
2025-04-08 11:53:58,368 - DEBUG - 第346代完成，当前最优解完工时间: 1936，历史最优解完工时间: 1857
2025-04-08 11:53:58,829 - DEBUG - 
更新概率模型:
2025-04-08 11:53:58,830 - DEBUG - 多样性指标: 0.0408
2025-04-08 11:53:58,830 - DEBUG - 自适应学习率: 0.8326
2025-04-08 11:53:58,830 - DEBUG - 第347代概率模型更新完成
2025-04-08 11:53:58,830 - DEBUG - 第347代完成，当前最优解完工时间: 1951，历史最优解完工时间: 1857
2025-04-08 11:53:59,286 - DEBUG - 
更新概率模型:
2025-04-08 11:53:59,286 - DEBUG - 多样性指标: 0.0437
2025-04-08 11:53:59,286 - DEBUG - 自适应学习率: 0.8442
2025-04-08 11:53:59,286 - DEBUG - 第348代概率模型更新完成
2025-04-08 11:53:59,286 - DEBUG - 第348代完成，当前最优解完工时间: 1874，历史最优解完工时间: 1857
2025-04-08 11:53:59,738 - DEBUG - 
更新概率模型:
2025-04-08 11:53:59,738 - DEBUG - 多样性指标: 0.0403
2025-04-08 11:53:59,738 - DEBUG - 自适应学习率: 0.8348
2025-04-08 11:53:59,738 - DEBUG - 第349代概率模型更新完成
2025-04-08 11:53:59,738 - DEBUG - 第349代完成，当前最优解完工时间: 1927，历史最优解完工时间: 1857
2025-04-08 11:54:00,204 - DEBUG - 
更新概率模型:
2025-04-08 11:54:00,204 - DEBUG - 多样性指标: 0.0426
2025-04-08 11:54:00,204 - DEBUG - 自适应学习率: 0.8370
2025-04-08 11:54:00,204 - DEBUG - 第350代概率模型更新完成
2025-04-08 11:54:00,204 - DEBUG - 第350代完成，当前最优解完工时间: 1912，历史最优解完工时间: 1857
2025-04-08 11:54:00,664 - DEBUG - 
更新概率模型:
2025-04-08 11:54:00,664 - DEBUG - 多样性指标: 0.0374
2025-04-08 11:54:00,664 - DEBUG - 自适应学习率: 0.8298
2025-04-08 11:54:00,664 - DEBUG - 第351代概率模型更新完成
2025-04-08 11:54:00,664 - DEBUG - 第351代完成，当前最优解完工时间: 1942，历史最优解完工时间: 1857
2025-04-08 11:54:01,120 - DEBUG - 
更新概率模型:
2025-04-08 11:54:01,120 - DEBUG - 多样性指标: 0.0415
2025-04-08 11:54:01,120 - DEBUG - 自适应学习率: 0.8424
2025-04-08 11:54:01,120 - DEBUG - 第352代概率模型更新完成
2025-04-08 11:54:01,120 - DEBUG - 第352代完成，当前最优解完工时间: 1887，历史最优解完工时间: 1857
2025-04-08 11:54:01,581 - DEBUG - 
更新概率模型:
2025-04-08 11:54:01,581 - DEBUG - 多样性指标: 0.0389
2025-04-08 11:54:01,581 - DEBUG - 自适应学习率: 0.8331
2025-04-08 11:54:01,581 - DEBUG - 第353代概率模型更新完成
2025-04-08 11:54:01,581 - DEBUG - 第353代完成，当前最优解完工时间: 1922，历史最优解完工时间: 1857
2025-04-08 11:54:02,031 - DEBUG - 
更新概率模型:
2025-04-08 11:54:02,031 - DEBUG - 多样性指标: 0.0419
2025-04-08 11:54:02,031 - DEBUG - 自适应学习率: 0.8339
2025-04-08 11:54:02,031 - DEBUG - 第354代概率模型更新完成
2025-04-08 11:54:02,031 - DEBUG - 第354代完成，当前最优解完工时间: 1928，历史最优解完工时间: 1857
2025-04-08 11:54:02,491 - DEBUG - 
更新概率模型:
2025-04-08 11:54:02,491 - DEBUG - 多样性指标: 0.0426
2025-04-08 11:54:02,491 - DEBUG - 自适应学习率: 0.8350
2025-04-08 11:54:02,491 - DEBUG - 第355代概率模型更新完成
2025-04-08 11:54:02,491 - DEBUG - 第355代完成，当前最优解完工时间: 1937，历史最优解完工时间: 1857
2025-04-08 11:54:02,955 - DEBUG - 
更新概率模型:
2025-04-08 11:54:02,955 - DEBUG - 多样性指标: 0.0384
2025-04-08 11:54:02,955 - DEBUG - 自适应学习率: 0.8340
2025-04-08 11:54:02,955 - DEBUG - 第356代概率模型更新完成
2025-04-08 11:54:02,955 - DEBUG - 第356代完成，当前最优解完工时间: 1944，历史最优解完工时间: 1857
2025-04-08 11:54:03,408 - DEBUG - 
更新概率模型:
2025-04-08 11:54:03,408 - DEBUG - 多样性指标: 0.0463
2025-04-08 11:54:03,408 - DEBUG - 自适应学习率: 0.8392
2025-04-08 11:54:03,408 - DEBUG - 第357代概率模型更新完成
2025-04-08 11:54:03,408 - DEBUG - 第357代完成，当前最优解完工时间: 1914，历史最优解完工时间: 1857
2025-04-08 11:54:03,856 - DEBUG - 
更新概率模型:
2025-04-08 11:54:03,856 - DEBUG - 多样性指标: 0.0399
2025-04-08 11:54:03,856 - DEBUG - 自适应学习率: 0.8442
2025-04-08 11:54:03,856 - DEBUG - 第358代概率模型更新完成
2025-04-08 11:54:03,856 - DEBUG - 第358代完成，当前最优解完工时间: 1892，历史最优解完工时间: 1857
2025-04-08 11:54:04,301 - DEBUG - 
更新概率模型:
2025-04-08 11:54:04,301 - DEBUG - 多样性指标: 0.0363
2025-04-08 11:54:04,301 - DEBUG - 自适应学习率: 0.8326
2025-04-08 11:54:04,301 - DEBUG - 第359代概率模型更新完成
2025-04-08 11:54:04,301 - DEBUG - 第359代完成，当前最优解完工时间: 1932，历史最优解完工时间: 1857
2025-04-08 11:54:04,754 - DEBUG - 
更新概率模型:
2025-04-08 11:54:04,754 - DEBUG - 多样性指标: 0.0405
2025-04-08 11:54:04,754 - DEBUG - 自适应学习率: 0.8359
2025-04-08 11:54:04,754 - DEBUG - 第360代概率模型更新完成
2025-04-08 11:54:04,755 - DEBUG - 第360代完成，当前最优解完工时间: 1940，历史最优解完工时间: 1857
2025-04-08 11:54:05,198 - DEBUG - 
更新概率模型:
2025-04-08 11:54:05,198 - DEBUG - 多样性指标: 0.0457
2025-04-08 11:54:05,198 - DEBUG - 自适应学习率: 0.8337
2025-04-08 11:54:05,198 - DEBUG - 第361代概率模型更新完成
2025-04-08 11:54:05,198 - DEBUG - 第361代完成，当前最优解完工时间: 1940，历史最优解完工时间: 1857
2025-04-08 11:54:05,650 - DEBUG - 
更新概率模型:
2025-04-08 11:54:05,650 - DEBUG - 多样性指标: 0.0429
2025-04-08 11:54:05,650 - DEBUG - 自适应学习率: 0.8293
2025-04-08 11:54:05,650 - DEBUG - 第362代概率模型更新完成
2025-04-08 11:54:05,650 - DEBUG - 第362代完成，当前最优解完工时间: 1964，历史最优解完工时间: 1857
2025-04-08 11:54:06,095 - DEBUG - 
更新概率模型:
2025-04-08 11:54:06,095 - DEBUG - 多样性指标: 0.0436
2025-04-08 11:54:06,095 - DEBUG - 自适应学习率: 0.8323
2025-04-08 11:54:06,095 - DEBUG - 第363代概率模型更新完成
2025-04-08 11:54:06,095 - DEBUG - 第363代完成，当前最优解完工时间: 1955，历史最优解完工时间: 1857
2025-04-08 11:54:06,550 - DEBUG - 
更新概率模型:
2025-04-08 11:54:06,550 - DEBUG - 多样性指标: 0.0424
2025-04-08 11:54:06,550 - DEBUG - 自适应学习率: 0.8327
2025-04-08 11:54:06,550 - DEBUG - 第364代概率模型更新完成
2025-04-08 11:54:06,551 - DEBUG - 第364代完成，当前最优解完工时间: 1929，历史最优解完工时间: 1857
2025-04-08 11:54:06,995 - DEBUG - 
更新概率模型:
2025-04-08 11:54:06,995 - DEBUG - 多样性指标: 0.0406
2025-04-08 11:54:06,995 - DEBUG - 自适应学习率: 0.8369
2025-04-08 11:54:06,995 - DEBUG - 第365代概率模型更新完成
2025-04-08 11:54:06,995 - DEBUG - 第365代完成，当前最优解完工时间: 1924，历史最优解完工时间: 1857
2025-04-08 11:54:07,445 - DEBUG - 
更新概率模型:
2025-04-08 11:54:07,445 - DEBUG - 多样性指标: 0.0418
2025-04-08 11:54:07,445 - DEBUG - 自适应学习率: 0.8287
2025-04-08 11:54:07,445 - DEBUG - 第366代概率模型更新完成
2025-04-08 11:54:07,445 - DEBUG - 第366代完成，当前最优解完工时间: 1952，历史最优解完工时间: 1857
2025-04-08 11:54:07,890 - DEBUG - 
更新概率模型:
2025-04-08 11:54:07,890 - DEBUG - 多样性指标: 0.0404
2025-04-08 11:54:07,890 - DEBUG - 自适应学习率: 0.8351
2025-04-08 11:54:07,890 - DEBUG - 第367代概率模型更新完成
2025-04-08 11:54:07,890 - DEBUG - 第367代完成，当前最优解完工时间: 1925，历史最优解完工时间: 1857
2025-04-08 11:54:08,335 - DEBUG - 
更新概率模型:
2025-04-08 11:54:08,335 - DEBUG - 多样性指标: 0.0369
2025-04-08 11:54:08,335 - DEBUG - 自适应学习率: 0.8305
2025-04-08 11:54:08,335 - DEBUG - 第368代概率模型更新完成
2025-04-08 11:54:08,335 - DEBUG - 第368代完成，当前最优解完工时间: 1938，历史最优解完工时间: 1857
2025-04-08 11:54:08,787 - DEBUG - 
更新概率模型:
2025-04-08 11:54:08,787 - DEBUG - 多样性指标: 0.0422
2025-04-08 11:54:08,787 - DEBUG - 自适应学习率: 0.8324
2025-04-08 11:54:08,787 - DEBUG - 第369代概率模型更新完成
2025-04-08 11:54:08,787 - DEBUG - 第369代完成，当前最优解完工时间: 1950，历史最优解完工时间: 1857
2025-04-08 11:54:09,234 - DEBUG - 
更新概率模型:
2025-04-08 11:54:09,234 - DEBUG - 多样性指标: 0.0426
2025-04-08 11:54:09,234 - DEBUG - 自适应学习率: 0.8394
2025-04-08 11:54:09,234 - DEBUG - 第370代概率模型更新完成
2025-04-08 11:54:09,234 - DEBUG - 第370代完成，当前最优解完工时间: 1915，历史最优解完工时间: 1857
2025-04-08 11:54:09,679 - DEBUG - 
更新概率模型:
2025-04-08 11:54:09,679 - DEBUG - 多样性指标: 0.0430
2025-04-08 11:54:09,680 - DEBUG - 自适应学习率: 0.8330
2025-04-08 11:54:09,680 - DEBUG - 第371代概率模型更新完成
2025-04-08 11:54:09,680 - DEBUG - 第371代完成，当前最优解完工时间: 1933，历史最优解完工时间: 1857
2025-04-08 11:54:10,129 - DEBUG - 
更新概率模型:
2025-04-08 11:54:10,129 - DEBUG - 多样性指标: 0.0371
2025-04-08 11:54:10,129 - DEBUG - 自适应学习率: 0.8319
2025-04-08 11:54:10,129 - DEBUG - 第372代概率模型更新完成
2025-04-08 11:54:10,129 - DEBUG - 第372代完成，当前最优解完工时间: 1935，历史最优解完工时间: 1857
2025-04-08 11:54:10,579 - DEBUG - 
更新概率模型:
2025-04-08 11:54:10,579 - DEBUG - 多样性指标: 0.0424
2025-04-08 11:54:10,579 - DEBUG - 自适应学习率: 0.8299
2025-04-08 11:54:10,579 - DEBUG - 第373代概率模型更新完成
2025-04-08 11:54:10,579 - DEBUG - 第373代完成，当前最优解完工时间: 1974，历史最优解完工时间: 1857
2025-04-08 11:54:11,026 - DEBUG - 
更新概率模型:
2025-04-08 11:54:11,026 - DEBUG - 多样性指标: 0.0377
2025-04-08 11:54:11,026 - DEBUG - 自适应学习率: 0.8306
2025-04-08 11:54:11,026 - DEBUG - 第374代概率模型更新完成
2025-04-08 11:54:11,026 - DEBUG - 第374代完成，当前最优解完工时间: 1944，历史最优解完工时间: 1857
2025-04-08 11:54:11,477 - DEBUG - 
更新概率模型:
2025-04-08 11:54:11,477 - DEBUG - 多样性指标: 0.0380
2025-04-08 11:54:11,477 - DEBUG - 自适应学习率: 0.8311
2025-04-08 11:54:11,477 - DEBUG - 第375代概率模型更新完成
2025-04-08 11:54:11,477 - DEBUG - 第375代完成，当前最优解完工时间: 1955，历史最优解完工时间: 1857
2025-04-08 11:54:11,926 - DEBUG - 
更新概率模型:
2025-04-08 11:54:11,926 - DEBUG - 多样性指标: 0.0424
2025-04-08 11:54:11,926 - DEBUG - 自适应学习率: 0.8352
2025-04-08 11:54:11,926 - DEBUG - 第376代概率模型更新完成
2025-04-08 11:54:11,926 - DEBUG - 第376代完成，当前最优解完工时间: 1925，历史最优解完工时间: 1857
2025-04-08 11:54:12,373 - DEBUG - 
更新概率模型:
2025-04-08 11:54:12,373 - DEBUG - 多样性指标: 0.0449
2025-04-08 11:54:12,373 - DEBUG - 自适应学习率: 0.8302
2025-04-08 11:54:12,373 - DEBUG - 第377代概率模型更新完成
2025-04-08 11:54:12,373 - DEBUG - 第377代完成，当前最优解完工时间: 1947，历史最优解完工时间: 1857
2025-04-08 11:54:12,821 - DEBUG - 
更新概率模型:
2025-04-08 11:54:12,821 - DEBUG - 多样性指标: 0.0397
2025-04-08 11:54:12,821 - DEBUG - 自适应学习率: 0.8302
2025-04-08 11:54:12,821 - DEBUG - 第378代概率模型更新完成
2025-04-08 11:54:12,821 - DEBUG - 第378代完成，当前最优解完工时间: 1947，历史最优解完工时间: 1857
2025-04-08 11:54:13,268 - DEBUG - 
更新概率模型:
2025-04-08 11:54:13,268 - DEBUG - 多样性指标: 0.0363
2025-04-08 11:54:13,268 - DEBUG - 自适应学习率: 0.8269
2025-04-08 11:54:13,268 - DEBUG - 第379代概率模型更新完成
2025-04-08 11:54:13,268 - DEBUG - 第379代完成，当前最优解完工时间: 1968，历史最优解完工时间: 1857
2025-04-08 11:54:13,718 - DEBUG - 
更新概率模型:
2025-04-08 11:54:13,719 - DEBUG - 多样性指标: 0.0363
2025-04-08 11:54:13,719 - DEBUG - 自适应学习率: 0.8388
2025-04-08 11:54:13,719 - DEBUG - 第380代概率模型更新完成
2025-04-08 11:54:13,719 - DEBUG - 第380代完成，当前最优解完工时间: 1909，历史最优解完工时间: 1857
2025-04-08 11:54:14,160 - DEBUG - 
更新概率模型:
2025-04-08 11:54:14,160 - DEBUG - 多样性指标: 0.0370
2025-04-08 11:54:14,160 - DEBUG - 自适应学习率: 0.8353
2025-04-08 11:54:14,160 - DEBUG - 第381代概率模型更新完成
2025-04-08 11:54:14,160 - DEBUG - 第381代完成，当前最优解完工时间: 1934，历史最优解完工时间: 1857
2025-04-08 11:54:14,614 - DEBUG - 
更新概率模型:
2025-04-08 11:54:14,614 - DEBUG - 多样性指标: 0.0413
2025-04-08 11:54:14,614 - DEBUG - 自适应学习率: 0.8338
2025-04-08 11:54:14,614 - DEBUG - 第382代概率模型更新完成
2025-04-08 11:54:14,614 - DEBUG - 第382代完成，当前最优解完工时间: 1951，历史最优解完工时间: 1857
2025-04-08 11:54:15,060 - DEBUG - 
更新概率模型:
2025-04-08 11:54:15,060 - DEBUG - 多样性指标: 0.0406
2025-04-08 11:54:15,060 - DEBUG - 自适应学习率: 0.8341
2025-04-08 11:54:15,060 - DEBUG - 第383代概率模型更新完成
2025-04-08 11:54:15,060 - DEBUG - 第383代完成，当前最优解完工时间: 1949，历史最优解完工时间: 1857
2025-04-08 11:54:15,516 - DEBUG - 
更新概率模型:
2025-04-08 11:54:15,516 - DEBUG - 多样性指标: 0.0429
2025-04-08 11:54:15,516 - DEBUG - 自适应学习率: 0.8349
2025-04-08 11:54:15,516 - DEBUG - 第384代概率模型更新完成
2025-04-08 11:54:15,516 - DEBUG - 第384代完成，当前最优解完工时间: 1951，历史最优解完工时间: 1857
2025-04-08 11:54:15,963 - DEBUG - 
更新概率模型:
2025-04-08 11:54:15,963 - DEBUG - 多样性指标: 0.0418
2025-04-08 11:54:15,963 - DEBUG - 自适应学习率: 0.8352
2025-04-08 11:54:15,963 - DEBUG - 第385代概率模型更新完成
2025-04-08 11:54:15,963 - DEBUG - 第385代完成，当前最优解完工时间: 1921，历史最优解完工时间: 1857
2025-04-08 11:54:16,414 - DEBUG - 
更新概率模型:
2025-04-08 11:54:16,414 - DEBUG - 多样性指标: 0.0429
2025-04-08 11:54:16,414 - DEBUG - 自适应学习率: 0.8374
2025-04-08 11:54:16,414 - DEBUG - 第386代概率模型更新完成
2025-04-08 11:54:16,414 - DEBUG - 第386代完成，当前最优解完工时间: 1922，历史最优解完工时间: 1857
2025-04-08 11:54:16,860 - DEBUG - 
更新概率模型:
2025-04-08 11:54:16,860 - DEBUG - 多样性指标: 0.0449
2025-04-08 11:54:16,860 - DEBUG - 自适应学习率: 0.8371
2025-04-08 11:54:16,860 - DEBUG - 第387代概率模型更新完成
2025-04-08 11:54:16,860 - DEBUG - 第387代完成，当前最优解完工时间: 1914，历史最优解完工时间: 1857
2025-04-08 11:54:17,306 - DEBUG - 
更新概率模型:
2025-04-08 11:54:17,306 - DEBUG - 多样性指标: 0.0470
2025-04-08 11:54:17,306 - DEBUG - 自适应学习率: 0.8354
2025-04-08 11:54:17,306 - DEBUG - 第388代概率模型更新完成
2025-04-08 11:54:17,306 - DEBUG - 第388代完成，当前最优解完工时间: 1925，历史最优解完工时间: 1857
2025-04-08 11:54:17,754 - DEBUG - 
更新概率模型:
2025-04-08 11:54:17,754 - DEBUG - 多样性指标: 0.0359
2025-04-08 11:54:17,754 - DEBUG - 自适应学习率: 0.8285
2025-04-08 11:54:17,754 - DEBUG - 第389代概率模型更新完成
2025-04-08 11:54:17,754 - DEBUG - 第389代完成，当前最优解完工时间: 1949，历史最优解完工时间: 1857
2025-04-08 11:54:18,198 - DEBUG - 
更新概率模型:
2025-04-08 11:54:18,198 - DEBUG - 多样性指标: 0.0436
2025-04-08 11:54:18,198 - DEBUG - 自适应学习率: 0.8306
2025-04-08 11:54:18,198 - DEBUG - 第390代概率模型更新完成
2025-04-08 11:54:18,198 - DEBUG - 第390代完成，当前最优解完工时间: 1942，历史最优解完工时间: 1857
2025-04-08 11:54:18,649 - DEBUG - 
更新概率模型:
2025-04-08 11:54:18,649 - DEBUG - 多样性指标: 0.0420
2025-04-08 11:54:18,649 - DEBUG - 自适应学习率: 0.8434
2025-04-08 11:54:18,649 - DEBUG - 第391代概率模型更新完成
2025-04-08 11:54:18,649 - DEBUG - 第391代完成，当前最优解完工时间: 1884，历史最优解完工时间: 1857
2025-04-08 11:54:19,096 - DEBUG - 
更新概率模型:
2025-04-08 11:54:19,096 - DEBUG - 多样性指标: 0.0375
2025-04-08 11:54:19,096 - DEBUG - 自适应学习率: 0.8323
2025-04-08 11:54:19,096 - DEBUG - 第392代概率模型更新完成
2025-04-08 11:54:19,096 - DEBUG - 第392代完成，当前最优解完工时间: 1935，历史最优解完工时间: 1857
2025-04-08 11:54:19,544 - DEBUG - 
更新概率模型:
2025-04-08 11:54:19,544 - DEBUG - 多样性指标: 0.0374
2025-04-08 11:54:19,544 - DEBUG - 自适应学习率: 0.8351
2025-04-08 11:54:19,544 - DEBUG - 第393代概率模型更新完成
2025-04-08 11:54:19,544 - DEBUG - 第393代完成，当前最优解完工时间: 1911，历史最优解完工时间: 1857
2025-04-08 11:54:19,990 - DEBUG - 
更新概率模型:
2025-04-08 11:54:19,990 - DEBUG - 多样性指标: 0.0419
2025-04-08 11:54:19,990 - DEBUG - 自适应学习率: 0.8320
2025-04-08 11:54:19,990 - DEBUG - 第394代概率模型更新完成
2025-04-08 11:54:19,990 - DEBUG - 第394代完成，当前最优解完工时间: 1940，历史最优解完工时间: 1857
2025-04-08 11:54:20,438 - DEBUG - 
更新概率模型:
2025-04-08 11:54:20,438 - DEBUG - 多样性指标: 0.0426
2025-04-08 11:54:20,438 - DEBUG - 自适应学习率: 0.8287
2025-04-08 11:54:20,438 - DEBUG - 第395代概率模型更新完成
2025-04-08 11:54:20,438 - DEBUG - 第395代完成，当前最优解完工时间: 1960，历史最优解完工时间: 1857
2025-04-08 11:54:20,886 - DEBUG - 
更新概率模型:
2025-04-08 11:54:20,886 - DEBUG - 多样性指标: 0.0457
2025-04-08 11:54:20,886 - DEBUG - 自适应学习率: 0.8307
2025-04-08 11:54:20,886 - DEBUG - 第396代概率模型更新完成
2025-04-08 11:54:20,886 - DEBUG - 第396代完成，当前最优解完工时间: 1958，历史最优解完工时间: 1857
2025-04-08 11:54:21,328 - DEBUG - 
更新概率模型:
2025-04-08 11:54:21,328 - DEBUG - 多样性指标: 0.0442
2025-04-08 11:54:21,328 - DEBUG - 自适应学习率: 0.8326
2025-04-08 11:54:21,328 - DEBUG - 第397代概率模型更新完成
2025-04-08 11:54:21,328 - DEBUG - 第397代完成，当前最优解完工时间: 1944，历史最优解完工时间: 1857
2025-04-08 11:54:21,783 - DEBUG - 
更新概率模型:
2025-04-08 11:54:21,783 - DEBUG - 多样性指标: 0.0429
2025-04-08 11:54:21,783 - DEBUG - 自适应学习率: 0.8329
2025-04-08 11:54:21,783 - DEBUG - 第398代概率模型更新完成
2025-04-08 11:54:21,783 - DEBUG - 第398代完成，当前最优解完工时间: 1936，历史最优解完工时间: 1857
2025-04-08 11:54:22,227 - DEBUG - 
更新概率模型:
2025-04-08 11:54:22,227 - DEBUG - 多样性指标: 0.0399
2025-04-08 11:54:22,227 - DEBUG - 自适应学习率: 0.8358
2025-04-08 11:54:22,227 - DEBUG - 第399代概率模型更新完成
2025-04-08 11:54:22,227 - DEBUG - 第399代完成，当前最优解完工时间: 1922，历史最优解完工时间: 1857
2025-04-08 11:54:22,675 - DEBUG - 
更新概率模型:
2025-04-08 11:54:22,675 - DEBUG - 多样性指标: 0.0427
2025-04-08 11:54:22,675 - DEBUG - 自适应学习率: 0.8327
2025-04-08 11:54:22,675 - DEBUG - 第400代概率模型更新完成
2025-04-08 11:54:22,675 - DEBUG - 第400代完成，当前最优解完工时间: 1947，历史最优解完工时间: 1857
2025-04-08 11:54:23,121 - DEBUG - 
更新概率模型:
2025-04-08 11:54:23,121 - DEBUG - 多样性指标: 0.0450
2025-04-08 11:54:23,121 - DEBUG - 自适应学习率: 0.8356
2025-04-08 11:54:23,121 - DEBUG - 第401代概率模型更新完成
2025-04-08 11:54:23,121 - DEBUG - 第401代完成，当前最优解完工时间: 1933，历史最优解完工时间: 1857
2025-04-08 11:54:23,573 - DEBUG - 
更新概率模型:
2025-04-08 11:54:23,573 - DEBUG - 多样性指标: 0.0344
2025-04-08 11:54:23,573 - DEBUG - 自适应学习率: 0.8298
2025-04-08 11:54:23,573 - DEBUG - 第402代概率模型更新完成
2025-04-08 11:54:23,573 - DEBUG - 第402代完成，当前最优解完工时间: 1939，历史最优解完工时间: 1857
2025-04-08 11:54:24,016 - DEBUG - 
更新概率模型:
2025-04-08 11:54:24,016 - DEBUG - 多样性指标: 0.0447
2025-04-08 11:54:24,016 - DEBUG - 自适应学习率: 0.8418
2025-04-08 11:54:24,016 - DEBUG - 第403代概率模型更新完成
2025-04-08 11:54:24,017 - DEBUG - 第403代完成，当前最优解完工时间: 1905，历史最优解完工时间: 1857
2025-04-08 11:54:24,466 - DEBUG - 
更新概率模型:
2025-04-08 11:54:24,466 - DEBUG - 多样性指标: 0.0412
2025-04-08 11:54:24,466 - DEBUG - 自适应学习率: 0.8330
2025-04-08 11:54:24,466 - DEBUG - 第404代概率模型更新完成
2025-04-08 11:54:24,466 - DEBUG - 第404代完成，当前最优解完工时间: 1941，历史最优解完工时间: 1857
2025-04-08 11:54:24,909 - DEBUG - 
更新概率模型:
2025-04-08 11:54:24,909 - DEBUG - 多样性指标: 0.0391
2025-04-08 11:54:24,909 - DEBUG - 自适应学习率: 0.8326
2025-04-08 11:54:24,909 - DEBUG - 第405代概率模型更新完成
2025-04-08 11:54:24,909 - DEBUG - 第405代完成，当前最优解完工时间: 1936，历史最优解完工时间: 1857
2025-04-08 11:54:25,355 - DEBUG - 
更新概率模型:
2025-04-08 11:54:25,356 - DEBUG - 多样性指标: 0.0407
2025-04-08 11:54:25,356 - DEBUG - 自适应学习率: 0.8347
2025-04-08 11:54:25,356 - DEBUG - 第406代概率模型更新完成
2025-04-08 11:54:25,356 - DEBUG - 第406代完成，当前最优解完工时间: 1930，历史最优解完工时间: 1857
2025-04-08 11:54:25,808 - DEBUG - 
更新概率模型:
2025-04-08 11:54:25,808 - DEBUG - 多样性指标: 0.0416
2025-04-08 11:54:25,808 - DEBUG - 自适应学习率: 0.8390
2025-04-08 11:54:25,808 - DEBUG - 第407代概率模型更新完成
2025-04-08 11:54:25,808 - DEBUG - 第407代完成，当前最优解完工时间: 1917，历史最优解完工时间: 1857
2025-04-08 11:54:26,257 - DEBUG - 
更新概率模型:
2025-04-08 11:54:26,257 - DEBUG - 多样性指标: 0.0391
2025-04-08 11:54:26,257 - DEBUG - 自适应学习率: 0.8330
2025-04-08 11:54:26,257 - DEBUG - 第408代概率模型更新完成
2025-04-08 11:54:26,257 - DEBUG - 第408代完成，当前最优解完工时间: 1933，历史最优解完工时间: 1857
2025-04-08 11:54:26,712 - DEBUG - 
更新概率模型:
2025-04-08 11:54:26,712 - DEBUG - 多样性指标: 0.0379
2025-04-08 11:54:26,712 - DEBUG - 自适应学习率: 0.8341
2025-04-08 11:54:26,712 - DEBUG - 第409代概率模型更新完成
2025-04-08 11:54:26,712 - DEBUG - 第409代完成，当前最优解完工时间: 1928，历史最优解完工时间: 1857
2025-04-08 11:54:27,160 - DEBUG - 
更新概率模型:
2025-04-08 11:54:27,160 - DEBUG - 多样性指标: 0.0403
2025-04-08 11:54:27,160 - DEBUG - 自适应学习率: 0.8333
2025-04-08 11:54:27,160 - DEBUG - 第410代概率模型更新完成
2025-04-08 11:54:27,160 - DEBUG - 第410代完成，当前最优解完工时间: 1962，历史最优解完工时间: 1857
2025-04-08 11:54:27,607 - DEBUG - 
更新概率模型:
2025-04-08 11:54:27,607 - DEBUG - 多样性指标: 0.0412
2025-04-08 11:54:27,607 - DEBUG - 自适应学习率: 0.8389
2025-04-08 11:54:27,607 - DEBUG - 第411代概率模型更新完成
2025-04-08 11:54:27,607 - DEBUG - 第411代完成，当前最优解完工时间: 1908，历史最优解完工时间: 1857
2025-04-08 11:54:28,055 - DEBUG - 
更新概率模型:
2025-04-08 11:54:28,055 - DEBUG - 多样性指标: 0.0434
2025-04-08 11:54:28,055 - DEBUG - 自适应学习率: 0.8432
2025-04-08 11:54:28,055 - DEBUG - 第412代概率模型更新完成
2025-04-08 11:54:28,055 - DEBUG - 第412代完成，当前最优解完工时间: 1890，历史最优解完工时间: 1857
2025-04-08 11:54:28,502 - DEBUG - 
更新概率模型:
2025-04-08 11:54:28,502 - DEBUG - 多样性指标: 0.0440
2025-04-08 11:54:28,502 - DEBUG - 自适应学习率: 0.8294
2025-04-08 11:54:28,502 - DEBUG - 第413代概率模型更新完成
2025-04-08 11:54:28,502 - DEBUG - 第413代完成，当前最优解完工时间: 1959，历史最优解完工时间: 1857
2025-04-08 11:54:28,948 - DEBUG - 
更新概率模型:
2025-04-08 11:54:28,948 - DEBUG - 多样性指标: 0.0419
2025-04-08 11:54:28,948 - DEBUG - 自适应学习率: 0.8289
2025-04-08 11:54:28,948 - DEBUG - 第414代概率模型更新完成
2025-04-08 11:54:28,948 - DEBUG - 第414代完成，当前最优解完工时间: 1957，历史最优解完工时间: 1857
2025-04-08 11:54:29,395 - DEBUG - 
更新概率模型:
2025-04-08 11:54:29,395 - DEBUG - 多样性指标: 0.0413
2025-04-08 11:54:29,395 - DEBUG - 自适应学习率: 0.8321
2025-04-08 11:54:29,395 - DEBUG - 第415代概率模型更新完成
2025-04-08 11:54:29,395 - DEBUG - 第415代完成，当前最优解完工时间: 1935，历史最优解完工时间: 1857
2025-04-08 11:54:29,845 - DEBUG - 
更新概率模型:
2025-04-08 11:54:29,845 - DEBUG - 多样性指标: 0.0434
2025-04-08 11:54:29,845 - DEBUG - 自适应学习率: 0.8348
2025-04-08 11:54:29,845 - DEBUG - 第416代概率模型更新完成
2025-04-08 11:54:29,845 - DEBUG - 第416代完成，当前最优解完工时间: 1926，历史最优解完工时间: 1857
2025-04-08 11:54:30,290 - DEBUG - 
更新概率模型:
2025-04-08 11:54:30,290 - DEBUG - 多样性指标: 0.0400
2025-04-08 11:54:30,290 - DEBUG - 自适应学习率: 0.8349
2025-04-08 11:54:30,290 - DEBUG - 第417代概率模型更新完成
2025-04-08 11:54:30,290 - DEBUG - 第417代完成，当前最优解完工时间: 1922，历史最优解完工时间: 1857
2025-04-08 11:54:30,741 - DEBUG - 
更新概率模型:
2025-04-08 11:54:30,741 - DEBUG - 多样性指标: 0.0401
2025-04-08 11:54:30,741 - DEBUG - 自适应学习率: 0.8361
2025-04-08 11:54:30,741 - DEBUG - 第418代概率模型更新完成
2025-04-08 11:54:30,741 - DEBUG - 第418代完成，当前最优解完工时间: 1918，历史最优解完工时间: 1857
2025-04-08 11:54:31,187 - DEBUG - 
更新概率模型:
2025-04-08 11:54:31,187 - DEBUG - 多样性指标: 0.0450
2025-04-08 11:54:31,187 - DEBUG - 自适应学习率: 0.8320
2025-04-08 11:54:31,187 - DEBUG - 第419代概率模型更新完成
2025-04-08 11:54:31,187 - DEBUG - 第419代完成，当前最优解完工时间: 1940，历史最优解完工时间: 1857
2025-04-08 11:54:31,636 - DEBUG - 
更新概率模型:
2025-04-08 11:54:31,636 - DEBUG - 多样性指标: 0.0413
2025-04-08 11:54:31,636 - DEBUG - 自适应学习率: 0.8305
2025-04-08 11:54:31,636 - DEBUG - 第420代概率模型更新完成
2025-04-08 11:54:31,636 - DEBUG - 第420代完成，当前最优解完工时间: 1937，历史最优解完工时间: 1857
2025-04-08 11:54:32,083 - DEBUG - 
更新概率模型:
2025-04-08 11:54:32,083 - DEBUG - 多样性指标: 0.0379
2025-04-08 11:54:32,083 - DEBUG - 自适应学习率: 0.8294
2025-04-08 11:54:32,083 - DEBUG - 第421代概率模型更新完成
2025-04-08 11:54:32,083 - DEBUG - 第421代完成，当前最优解完工时间: 1952，历史最优解完工时间: 1857
2025-04-08 11:54:32,534 - DEBUG - 
更新概率模型:
2025-04-08 11:54:32,534 - DEBUG - 多样性指标: 0.0399
2025-04-08 11:54:32,534 - DEBUG - 自适应学习率: 0.8333
2025-04-08 11:54:32,534 - DEBUG - 第422代概率模型更新完成
2025-04-08 11:54:32,534 - DEBUG - 第422代完成，当前最优解完工时间: 1916，历史最优解完工时间: 1857
2025-04-08 11:54:32,980 - DEBUG - 
更新概率模型:
2025-04-08 11:54:32,980 - DEBUG - 多样性指标: 0.0371
2025-04-08 11:54:32,980 - DEBUG - 自适应学习率: 0.8293
2025-04-08 11:54:32,980 - DEBUG - 第423代概率模型更新完成
2025-04-08 11:54:32,980 - DEBUG - 第423代完成，当前最优解完工时间: 1934，历史最优解完工时间: 1857
2025-04-08 11:54:33,434 - DEBUG - 
更新概率模型:
2025-04-08 11:54:33,434 - DEBUG - 多样性指标: 0.0476
2025-04-08 11:54:33,434 - DEBUG - 自适应学习率: 0.8319
2025-04-08 11:54:33,434 - DEBUG - 第424代概率模型更新完成
2025-04-08 11:54:33,434 - DEBUG - 第424代完成，当前最优解完工时间: 1949，历史最优解完工时间: 1857
2025-04-08 11:54:33,878 - DEBUG - 
更新概率模型:
2025-04-08 11:54:33,878 - DEBUG - 多样性指标: 0.0378
2025-04-08 11:54:33,878 - DEBUG - 自适应学习率: 0.8274
2025-04-08 11:54:33,878 - DEBUG - 第425代概率模型更新完成
2025-04-08 11:54:33,878 - DEBUG - 第425代完成，当前最优解完工时间: 1963，历史最优解完工时间: 1857
2025-04-08 11:54:34,324 - DEBUG - 
更新概率模型:
2025-04-08 11:54:34,324 - DEBUG - 多样性指标: 0.0430
2025-04-08 11:54:34,324 - DEBUG - 自适应学习率: 0.8376
2025-04-08 11:54:34,324 - DEBUG - 第426代概率模型更新完成
2025-04-08 11:54:34,324 - DEBUG - 第426代完成，当前最优解完工时间: 1919，历史最优解完工时间: 1857
2025-04-08 11:54:34,774 - DEBUG - 
更新概率模型:
2025-04-08 11:54:34,774 - DEBUG - 多样性指标: 0.0418
2025-04-08 11:54:34,774 - DEBUG - 自适应学习率: 0.8343
2025-04-08 11:54:34,774 - DEBUG - 第427代概率模型更新完成
2025-04-08 11:54:34,774 - DEBUG - 第427代完成，当前最优解完工时间: 1927，历史最优解完工时间: 1857
2025-04-08 11:54:35,220 - DEBUG - 
更新概率模型:
2025-04-08 11:54:35,220 - DEBUG - 多样性指标: 0.0399
2025-04-08 11:54:35,220 - DEBUG - 自适应学习率: 0.8311
2025-04-08 11:54:35,220 - DEBUG - 第428代概率模型更新完成
2025-04-08 11:54:35,220 - DEBUG - 第428代完成，当前最优解完工时间: 1959，历史最优解完工时间: 1857
2025-04-08 11:54:35,664 - DEBUG - 
更新概率模型:
2025-04-08 11:54:35,664 - DEBUG - 多样性指标: 0.0374
2025-04-08 11:54:35,664 - DEBUG - 自适应学习率: 0.8335
2025-04-08 11:54:35,664 - DEBUG - 第429代概率模型更新完成
2025-04-08 11:54:35,664 - DEBUG - 第429代完成，当前最优解完工时间: 1934，历史最优解完工时间: 1857
2025-04-08 11:54:36,112 - DEBUG - 
更新概率模型:
2025-04-08 11:54:36,112 - DEBUG - 多样性指标: 0.0428
2025-04-08 11:54:36,112 - DEBUG - 自适应学习率: 0.8400
2025-04-08 11:54:36,112 - DEBUG - 第430代概率模型更新完成
2025-04-08 11:54:36,112 - DEBUG - 第430代完成，当前最优解完工时间: 1909，历史最优解完工时间: 1857
2025-04-08 11:54:36,562 - DEBUG - 
更新概率模型:
2025-04-08 11:54:36,562 - DEBUG - 多样性指标: 0.0392
2025-04-08 11:54:36,562 - DEBUG - 自适应学习率: 0.8358
2025-04-08 11:54:36,562 - DEBUG - 第431代概率模型更新完成
2025-04-08 11:54:36,562 - DEBUG - 第431代完成，当前最优解完工时间: 1916，历史最优解完工时间: 1857
2025-04-08 11:54:37,011 - DEBUG - 
更新概率模型:
2025-04-08 11:54:37,012 - DEBUG - 多样性指标: 0.0443
2025-04-08 11:54:37,012 - DEBUG - 自适应学习率: 0.8307
2025-04-08 11:54:37,012 - DEBUG - 第432代概率模型更新完成
2025-04-08 11:54:37,012 - DEBUG - 第432代完成，当前最优解完工时间: 1956，历史最优解完工时间: 1857
2025-04-08 11:54:37,458 - DEBUG - 
更新概率模型:
2025-04-08 11:54:37,458 - DEBUG - 多样性指标: 0.0397
2025-04-08 11:54:37,458 - DEBUG - 自适应学习率: 0.8413
2025-04-08 11:54:37,458 - DEBUG - 第433代概率模型更新完成
2025-04-08 11:54:37,458 - DEBUG - 第433代完成，当前最优解完工时间: 1909，历史最优解完工时间: 1857
2025-04-08 11:54:37,908 - DEBUG - 
更新概率模型:
2025-04-08 11:54:37,908 - DEBUG - 多样性指标: 0.0414
2025-04-08 11:54:37,908 - DEBUG - 自适应学习率: 0.8407
2025-04-08 11:54:37,908 - DEBUG - 第434代概率模型更新完成
2025-04-08 11:54:37,908 - DEBUG - 第434代完成，当前最优解完工时间: 1902，历史最优解完工时间: 1857
2025-04-08 11:54:38,355 - DEBUG - 
更新概率模型:
2025-04-08 11:54:38,355 - DEBUG - 多样性指标: 0.0437
2025-04-08 11:54:38,355 - DEBUG - 自适应学习率: 0.8309
2025-04-08 11:54:38,355 - DEBUG - 第435代概率模型更新完成
2025-04-08 11:54:38,355 - DEBUG - 第435代完成，当前最优解完工时间: 1952，历史最优解完工时间: 1857
2025-04-08 11:54:38,805 - DEBUG - 
更新概率模型:
2025-04-08 11:54:38,805 - DEBUG - 多样性指标: 0.0419
2025-04-08 11:54:38,805 - DEBUG - 自适应学习率: 0.8337
2025-04-08 11:54:38,805 - DEBUG - 第436代概率模型更新完成
2025-04-08 11:54:38,805 - DEBUG - 第436代完成，当前最优解完工时间: 1927，历史最优解完工时间: 1857
2025-04-08 11:54:39,253 - DEBUG - 
更新概率模型:
2025-04-08 11:54:39,253 - DEBUG - 多样性指标: 0.0454
2025-04-08 11:54:39,253 - DEBUG - 自适应学习率: 0.8402
2025-04-08 11:54:39,253 - DEBUG - 第437代概率模型更新完成
2025-04-08 11:54:39,253 - DEBUG - 第437代完成，当前最优解完工时间: 1913，历史最优解完工时间: 1857
2025-04-08 11:54:39,701 - DEBUG - 
更新概率模型:
2025-04-08 11:54:39,702 - DEBUG - 多样性指标: 0.0366
2025-04-08 11:54:39,702 - DEBUG - 自适应学习率: 0.8258
2025-04-08 11:54:39,702 - DEBUG - 第438代概率模型更新完成
2025-04-08 11:54:39,702 - DEBUG - 第438代完成，当前最优解完工时间: 1950，历史最优解完工时间: 1857
2025-04-08 11:54:40,147 - DEBUG - 
更新概率模型:
2025-04-08 11:54:40,148 - DEBUG - 多样性指标: 0.0418
2025-04-08 11:54:40,148 - DEBUG - 自适应学习率: 0.8378
2025-04-08 11:54:40,148 - DEBUG - 第439代概率模型更新完成
2025-04-08 11:54:40,148 - DEBUG - 第439代完成，当前最优解完工时间: 1914，历史最优解完工时间: 1857
2025-04-08 11:54:40,600 - DEBUG - 
更新概率模型:
2025-04-08 11:54:40,600 - DEBUG - 多样性指标: 0.0386
2025-04-08 11:54:40,600 - DEBUG - 自适应学习率: 0.8287
2025-04-08 11:54:40,600 - DEBUG - 第440代概率模型更新完成
2025-04-08 11:54:40,600 - DEBUG - 第440代完成，当前最优解完工时间: 1949，历史最优解完工时间: 1857
2025-04-08 11:54:41,047 - DEBUG - 
更新概率模型:
2025-04-08 11:54:41,047 - DEBUG - 多样性指标: 0.0441
2025-04-08 11:54:41,047 - DEBUG - 自适应学习率: 0.8347
2025-04-08 11:54:41,047 - DEBUG - 第441代概率模型更新完成
2025-04-08 11:54:41,047 - DEBUG - 第441代完成，当前最优解完工时间: 1914，历史最优解完工时间: 1857
2025-04-08 11:54:41,495 - DEBUG - 
更新概率模型:
2025-04-08 11:54:41,495 - DEBUG - 多样性指标: 0.0507
2025-04-08 11:54:41,495 - DEBUG - 自适应学习率: 0.8411
2025-04-08 11:54:41,495 - DEBUG - 第442代概率模型更新完成
2025-04-08 11:54:41,496 - DEBUG - 第442代完成，当前最优解完工时间: 1911，历史最优解完工时间: 1857
2025-04-08 11:54:41,941 - DEBUG - 
更新概率模型:
2025-04-08 11:54:41,941 - DEBUG - 多样性指标: 0.0368
2025-04-08 11:54:41,941 - DEBUG - 自适应学习率: 0.8269
2025-04-08 11:54:41,941 - DEBUG - 第443代概率模型更新完成
2025-04-08 11:54:41,941 - DEBUG - 第443代完成，当前最优解完工时间: 1958，历史最优解完工时间: 1857
2025-04-08 11:54:42,387 - DEBUG - 
更新概率模型:
2025-04-08 11:54:42,387 - DEBUG - 多样性指标: 0.0344
2025-04-08 11:54:42,387 - DEBUG - 自适应学习率: 0.8296
2025-04-08 11:54:42,387 - DEBUG - 第444代概率模型更新完成
2025-04-08 11:54:42,387 - DEBUG - 第444代完成，当前最优解完工时间: 1952，历史最优解完工时间: 1857
2025-04-08 11:54:42,832 - DEBUG - 
更新概率模型:
2025-04-08 11:54:42,832 - DEBUG - 多样性指标: 0.0397
2025-04-08 11:54:42,832 - DEBUG - 自适应学习率: 0.8310
2025-04-08 11:54:42,832 - DEBUG - 第445代概率模型更新完成
2025-04-08 11:54:42,832 - DEBUG - 第445代完成，当前最优解完工时间: 1950，历史最优解完工时间: 1857
2025-04-08 11:54:43,276 - DEBUG - 
更新概率模型:
2025-04-08 11:54:43,276 - DEBUG - 多样性指标: 0.0428
2025-04-08 11:54:43,276 - DEBUG - 自适应学习率: 0.8281
2025-04-08 11:54:43,276 - DEBUG - 第446代概率模型更新完成
2025-04-08 11:54:43,276 - DEBUG - 第446代完成，当前最优解完工时间: 1965，历史最优解完工时间: 1857
2025-04-08 11:54:43,723 - DEBUG - 
更新概率模型:
2025-04-08 11:54:43,723 - DEBUG - 多样性指标: 0.0377
2025-04-08 11:54:43,723 - DEBUG - 自适应学习率: 0.8334
2025-04-08 11:54:43,723 - DEBUG - 第447代概率模型更新完成
2025-04-08 11:54:43,723 - DEBUG - 第447代完成，当前最优解完工时间: 1930，历史最优解完工时间: 1857
2025-04-08 11:54:44,168 - DEBUG - 
更新概率模型:
2025-04-08 11:54:44,169 - DEBUG - 多样性指标: 0.0427
2025-04-08 11:54:44,169 - DEBUG - 自适应学习率: 0.8313
2025-04-08 11:54:44,169 - DEBUG - 第448代概率模型更新完成
2025-04-08 11:54:44,169 - DEBUG - 第448代完成，当前最优解完工时间: 1953，历史最优解完工时间: 1857
2025-04-08 11:54:44,617 - DEBUG - 
更新概率模型:
2025-04-08 11:54:44,617 - DEBUG - 多样性指标: 0.0445
2025-04-08 11:54:44,617 - DEBUG - 自适应学习率: 0.8470
2025-04-08 11:54:44,617 - DEBUG - 第449代概率模型更新完成
2025-04-08 11:54:44,617 - DEBUG - 第449代完成，当前最优解完工时间: 1875，历史最优解完工时间: 1857
2025-04-08 11:54:45,063 - DEBUG - 
更新概率模型:
2025-04-08 11:54:45,063 - DEBUG - 多样性指标: 0.0451
2025-04-08 11:54:45,063 - DEBUG - 自适应学习率: 0.8370
2025-04-08 11:54:45,063 - DEBUG - 第450代概率模型更新完成
2025-04-08 11:54:45,063 - DEBUG - 第450代完成，当前最优解完工时间: 1923，历史最优解完工时间: 1857
2025-04-08 11:54:45,510 - DEBUG - 
更新概率模型:
2025-04-08 11:54:45,510 - DEBUG - 多样性指标: 0.0405
2025-04-08 11:54:45,510 - DEBUG - 自适应学习率: 0.8342
2025-04-08 11:54:45,510 - DEBUG - 第451代概率模型更新完成
2025-04-08 11:54:45,510 - DEBUG - 第451代完成，当前最优解完工时间: 1938，历史最优解完工时间: 1857
2025-04-08 11:54:45,959 - DEBUG - 
更新概率模型:
2025-04-08 11:54:45,959 - DEBUG - 多样性指标: 0.0370
2025-04-08 11:54:45,959 - DEBUG - 自适应学习率: 0.8297
2025-04-08 11:54:45,959 - DEBUG - 第452代概率模型更新完成
2025-04-08 11:54:45,959 - DEBUG - 第452代完成，当前最优解完工时间: 1946，历史最优解完工时间: 1857
2025-04-08 11:54:46,412 - DEBUG - 
更新概率模型:
2025-04-08 11:54:46,412 - DEBUG - 多样性指标: 0.0412
2025-04-08 11:54:46,412 - DEBUG - 自适应学习率: 0.8334
2025-04-08 11:54:46,412 - DEBUG - 第453代概率模型更新完成
2025-04-08 11:54:46,412 - DEBUG - 第453代完成，当前最优解完工时间: 1934，历史最优解完工时间: 1857
2025-04-08 11:54:46,859 - DEBUG - 
更新概率模型:
2025-04-08 11:54:46,859 - DEBUG - 多样性指标: 0.0404
2025-04-08 11:54:46,859 - DEBUG - 自适应学习率: 0.8316
2025-04-08 11:54:46,859 - DEBUG - 第454代概率模型更新完成
2025-04-08 11:54:46,859 - DEBUG - 第454代完成，当前最优解完工时间: 1932，历史最优解完工时间: 1857
2025-04-08 11:54:47,303 - DEBUG - 
更新概率模型:
2025-04-08 11:54:47,303 - DEBUG - 多样性指标: 0.0387
2025-04-08 11:54:47,303 - DEBUG - 自适应学习率: 0.8325
2025-04-08 11:54:47,303 - DEBUG - 第455代概率模型更新完成
2025-04-08 11:54:47,303 - DEBUG - 第455代完成，当前最优解完工时间: 1919，历史最优解完工时间: 1857
2025-04-08 11:54:47,755 - DEBUG - 
更新概率模型:
2025-04-08 11:54:47,755 - DEBUG - 多样性指标: 0.0422
2025-04-08 11:54:47,755 - DEBUG - 自适应学习率: 0.8348
2025-04-08 11:54:47,755 - DEBUG - 第456代概率模型更新完成
2025-04-08 11:54:47,755 - DEBUG - 第456代完成，当前最优解完工时间: 1921，历史最优解完工时间: 1857
2025-04-08 11:54:48,204 - DEBUG - 
更新概率模型:
2025-04-08 11:54:48,204 - DEBUG - 多样性指标: 0.0386
2025-04-08 11:54:48,204 - DEBUG - 自适应学习率: 0.8303
2025-04-08 11:54:48,204 - DEBUG - 第457代概率模型更新完成
2025-04-08 11:54:48,204 - DEBUG - 第457代完成，当前最优解完工时间: 1940，历史最优解完工时间: 1857
2025-04-08 11:54:48,649 - DEBUG - 
更新概率模型:
2025-04-08 11:54:48,649 - DEBUG - 多样性指标: 0.0384
2025-04-08 11:54:48,649 - DEBUG - 自适应学习率: 0.8318
2025-04-08 11:54:48,649 - DEBUG - 第458代概率模型更新完成
2025-04-08 11:54:48,650 - DEBUG - 第458代完成，当前最优解完工时间: 1943，历史最优解完工时间: 1857
2025-04-08 11:54:49,100 - DEBUG - 
更新概率模型:
2025-04-08 11:54:49,100 - DEBUG - 多样性指标: 0.0383
2025-04-08 11:54:49,100 - DEBUG - 自适应学习率: 0.8362
2025-04-08 11:54:49,100 - DEBUG - 第459代概率模型更新完成
2025-04-08 11:54:49,100 - DEBUG - 第459代完成，当前最优解完工时间: 1910，历史最优解完工时间: 1857
2025-04-08 11:54:49,545 - DEBUG - 
更新概率模型:
2025-04-08 11:54:49,545 - DEBUG - 多样性指标: 0.0422
2025-04-08 11:54:49,545 - DEBUG - 自适应学习率: 0.8421
2025-04-08 11:54:49,545 - DEBUG - 第460代概率模型更新完成
2025-04-08 11:54:49,545 - DEBUG - 第460代完成，当前最优解完工时间: 1894，历史最优解完工时间: 1857
2025-04-08 11:54:49,994 - DEBUG - 
更新概率模型:
2025-04-08 11:54:49,994 - DEBUG - 多样性指标: 0.0423
2025-04-08 11:54:49,994 - DEBUG - 自适应学习率: 0.8396
2025-04-08 11:54:49,994 - DEBUG - 第461代概率模型更新完成
2025-04-08 11:54:49,994 - DEBUG - 第461代完成，当前最优解完工时间: 1894，历史最优解完工时间: 1857
2025-04-08 11:54:50,440 - DEBUG - 
更新概率模型:
2025-04-08 11:54:50,440 - DEBUG - 多样性指标: 0.0403
2025-04-08 11:54:50,440 - DEBUG - 自适应学习率: 0.8303
2025-04-08 11:54:50,440 - DEBUG - 第462代概率模型更新完成
2025-04-08 11:54:50,440 - DEBUG - 第462代完成，当前最优解完工时间: 1936，历史最优解完工时间: 1857
2025-04-08 11:54:50,885 - DEBUG - 
更新概率模型:
2025-04-08 11:54:50,885 - DEBUG - 多样性指标: 0.0403
2025-04-08 11:54:50,886 - DEBUG - 自适应学习率: 0.8301
2025-04-08 11:54:50,886 - DEBUG - 第463代概率模型更新完成
2025-04-08 11:54:50,886 - DEBUG - 第463代完成，当前最优解完工时间: 1934，历史最优解完工时间: 1857
2025-04-08 11:54:51,334 - DEBUG - 
更新概率模型:
2025-04-08 11:54:51,334 - DEBUG - 多样性指标: 0.0364
2025-04-08 11:54:51,334 - DEBUG - 自适应学习率: 0.8271
2025-04-08 11:54:51,334 - DEBUG - 第464代概率模型更新完成
2025-04-08 11:54:51,334 - DEBUG - 第464代完成，当前最优解完工时间: 1955，历史最优解完工时间: 1857
2025-04-08 11:54:51,783 - DEBUG - 
更新概率模型:
2025-04-08 11:54:51,783 - DEBUG - 多样性指标: 0.0376
2025-04-08 11:54:51,783 - DEBUG - 自适应学习率: 0.8319
2025-04-08 11:54:51,783 - DEBUG - 第465代概率模型更新完成
2025-04-08 11:54:51,783 - DEBUG - 第465代完成，当前最优解完工时间: 1928，历史最优解完工时间: 1857
2025-04-08 11:54:52,231 - DEBUG - 
更新概率模型:
2025-04-08 11:54:52,231 - DEBUG - 多样性指标: 0.0416
2025-04-08 11:54:52,231 - DEBUG - 自适应学习率: 0.8426
2025-04-08 11:54:52,231 - DEBUG - 第466代概率模型更新完成
2025-04-08 11:54:52,231 - DEBUG - 第466代完成，当前最优解完工时间: 1876，历史最优解完工时间: 1857
2025-04-08 11:54:52,682 - DEBUG - 
更新概率模型:
2025-04-08 11:54:52,682 - DEBUG - 多样性指标: 0.0410
2025-04-08 11:54:52,682 - DEBUG - 自适应学习率: 0.8337
2025-04-08 11:54:52,682 - DEBUG - 第467代概率模型更新完成
2025-04-08 11:54:52,682 - DEBUG - 第467代完成，当前最优解完工时间: 1927，历史最优解完工时间: 1857
2025-04-08 11:54:53,128 - DEBUG - 
更新概率模型:
2025-04-08 11:54:53,128 - DEBUG - 多样性指标: 0.0376
2025-04-08 11:54:53,128 - DEBUG - 自适应学习率: 0.8354
2025-04-08 11:54:53,128 - DEBUG - 第468代概率模型更新完成
2025-04-08 11:54:53,128 - DEBUG - 第468代完成，当前最优解完工时间: 1929，历史最优解完工时间: 1857
2025-04-08 11:54:53,573 - DEBUG - 
更新概率模型:
2025-04-08 11:54:53,573 - DEBUG - 多样性指标: 0.0352
2025-04-08 11:54:53,573 - DEBUG - 自适应学习率: 0.8283
2025-04-08 11:54:53,573 - DEBUG - 第469代概率模型更新完成
2025-04-08 11:54:53,573 - DEBUG - 第469代完成，当前最优解完工时间: 1960，历史最优解完工时间: 1857
2025-04-08 11:54:54,019 - DEBUG - 
更新概率模型:
2025-04-08 11:54:54,019 - DEBUG - 多样性指标: 0.0398
2025-04-08 11:54:54,019 - DEBUG - 自适应学习率: 0.8380
2025-04-08 11:54:54,019 - DEBUG - 第470代概率模型更新完成
2025-04-08 11:54:54,019 - DEBUG - 第470代完成，当前最优解完工时间: 1919，历史最优解完工时间: 1857
2025-04-08 11:54:54,471 - DEBUG - 
更新概率模型:
2025-04-08 11:54:54,471 - DEBUG - 多样性指标: 0.0407
2025-04-08 11:54:54,471 - DEBUG - 自适应学习率: 0.8380
2025-04-08 11:54:54,471 - DEBUG - 第471代概率模型更新完成
2025-04-08 11:54:54,471 - DEBUG - 第471代完成，当前最优解完工时间: 1904，历史最优解完工时间: 1857
2025-04-08 11:54:54,918 - DEBUG - 
更新概率模型:
2025-04-08 11:54:54,918 - DEBUG - 多样性指标: 0.0388
2025-04-08 11:54:54,918 - DEBUG - 自适应学习率: 0.8355
2025-04-08 11:54:54,918 - DEBUG - 第472代概率模型更新完成
2025-04-08 11:54:54,918 - DEBUG - 第472代完成，当前最优解完工时间: 1918，历史最优解完工时间: 1857
2025-04-08 11:54:55,370 - DEBUG - 
更新概率模型:
2025-04-08 11:54:55,370 - DEBUG - 多样性指标: 0.0441
2025-04-08 11:54:55,370 - DEBUG - 自适应学习率: 0.8360
2025-04-08 11:54:55,370 - DEBUG - 第473代概率模型更新完成
2025-04-08 11:54:55,370 - DEBUG - 第473代完成，当前最优解完工时间: 1921，历史最优解完工时间: 1857
2025-04-08 11:54:55,821 - DEBUG - 
更新概率模型:
2025-04-08 11:54:55,821 - DEBUG - 多样性指标: 0.0393
2025-04-08 11:54:55,821 - DEBUG - 自适应学习率: 0.8353
2025-04-08 11:54:55,821 - DEBUG - 第474代概率模型更新完成
2025-04-08 11:54:55,821 - DEBUG - 第474代完成，当前最优解完工时间: 1921，历史最优解完工时间: 1857
2025-04-08 11:54:56,272 - DEBUG - 
更新概率模型:
2025-04-08 11:54:56,272 - DEBUG - 多样性指标: 0.0435
2025-04-08 11:54:56,272 - DEBUG - 自适应学习率: 0.8378
2025-04-08 11:54:56,272 - DEBUG - 第475代概率模型更新完成
2025-04-08 11:54:56,272 - DEBUG - 第475代完成，当前最优解完工时间: 1911，历史最优解完工时间: 1857
2025-04-08 11:54:56,728 - DEBUG - 
更新概率模型:
2025-04-08 11:54:56,728 - DEBUG - 多样性指标: 0.0424
2025-04-08 11:54:56,728 - DEBUG - 自适应学习率: 0.8337
2025-04-08 11:54:56,728 - DEBUG - 第476代概率模型更新完成
2025-04-08 11:54:56,728 - DEBUG - 第476代完成，当前最优解完工时间: 1935，历史最优解完工时间: 1857
2025-04-08 11:54:57,180 - DEBUG - 
更新概率模型:
2025-04-08 11:54:57,180 - DEBUG - 多样性指标: 0.0415
2025-04-08 11:54:57,180 - DEBUG - 自适应学习率: 0.8282
2025-04-08 11:54:57,180 - DEBUG - 第477代概率模型更新完成
2025-04-08 11:54:57,180 - DEBUG - 第477代完成，当前最优解完工时间: 1956，历史最优解完工时间: 1857
2025-04-08 11:54:57,630 - DEBUG - 
更新概率模型:
2025-04-08 11:54:57,630 - DEBUG - 多样性指标: 0.0411
2025-04-08 11:54:57,630 - DEBUG - 自适应学习率: 0.8455
2025-04-08 11:54:57,631 - DEBUG - 第478代概率模型更新完成
2025-04-08 11:54:57,631 - DEBUG - 第478代完成，当前最优解完工时间: 1891，历史最优解完工时间: 1857
2025-04-08 11:54:58,082 - DEBUG - 
更新概率模型:
2025-04-08 11:54:58,082 - DEBUG - 多样性指标: 0.0387
2025-04-08 11:54:58,082 - DEBUG - 自适应学习率: 0.8370
2025-04-08 11:54:58,083 - DEBUG - 第479代概率模型更新完成
2025-04-08 11:54:58,083 - DEBUG - 第479代完成，当前最优解完工时间: 1927，历史最优解完工时间: 1857
2025-04-08 11:54:58,533 - DEBUG - 
更新概率模型:
2025-04-08 11:54:58,533 - DEBUG - 多样性指标: 0.0405
2025-04-08 11:54:58,533 - DEBUG - 自适应学习率: 0.8370
2025-04-08 11:54:58,533 - DEBUG - 第480代概率模型更新完成
2025-04-08 11:54:58,533 - DEBUG - 第480代完成，当前最优解完工时间: 1920，历史最优解完工时间: 1857
2025-04-08 11:54:58,985 - DEBUG - 
更新概率模型:
2025-04-08 11:54:58,985 - DEBUG - 多样性指标: 0.0383
2025-04-08 11:54:58,985 - DEBUG - 自适应学习率: 0.8281
2025-04-08 11:54:58,985 - DEBUG - 第481代概率模型更新完成
2025-04-08 11:54:58,985 - DEBUG - 第481代完成，当前最优解完工时间: 1953，历史最优解完工时间: 1857
2025-04-08 11:54:59,435 - DEBUG - 
更新概率模型:
2025-04-08 11:54:59,436 - DEBUG - 多样性指标: 0.0402
2025-04-08 11:54:59,436 - DEBUG - 自适应学习率: 0.8322
2025-04-08 11:54:59,436 - DEBUG - 第482代概率模型更新完成
2025-04-08 11:54:59,436 - DEBUG - 第482代完成，当前最优解完工时间: 1947，历史最优解完工时间: 1857
2025-04-08 11:54:59,883 - DEBUG - 
更新概率模型:
2025-04-08 11:54:59,883 - DEBUG - 多样性指标: 0.0475
2025-04-08 11:54:59,883 - DEBUG - 自适应学习率: 0.8365
2025-04-08 11:54:59,883 - DEBUG - 第483代概率模型更新完成
2025-04-08 11:54:59,883 - DEBUG - 第483代完成，当前最优解完工时间: 1935，历史最优解完工时间: 1857
2025-04-08 11:55:00,331 - DEBUG - 
更新概率模型:
2025-04-08 11:55:00,332 - DEBUG - 多样性指标: 0.0392
2025-04-08 11:55:00,332 - DEBUG - 自适应学习率: 0.8315
2025-04-08 11:55:00,332 - DEBUG - 第484代概率模型更新完成
2025-04-08 11:55:00,332 - DEBUG - 第484代完成，当前最优解完工时间: 1946，历史最优解完工时间: 1857
2025-04-08 11:55:00,787 - DEBUG - 
更新概率模型:
2025-04-08 11:55:00,787 - DEBUG - 多样性指标: 0.0363
2025-04-08 11:55:00,787 - DEBUG - 自适应学习率: 0.8321
2025-04-08 11:55:00,787 - DEBUG - 第485代概率模型更新完成
2025-04-08 11:55:00,787 - DEBUG - 第485代完成，当前最优解完工时间: 1933，历史最优解完工时间: 1857
2025-04-08 11:55:01,241 - DEBUG - 
更新概率模型:
2025-04-08 11:55:01,241 - DEBUG - 多样性指标: 0.0358
2025-04-08 11:55:01,241 - DEBUG - 自适应学习率: 0.8334
2025-04-08 11:55:01,241 - DEBUG - 第486代概率模型更新完成
2025-04-08 11:55:01,241 - DEBUG - 第486代完成，当前最优解完工时间: 1921，历史最优解完工时间: 1857
2025-04-08 11:55:01,694 - DEBUG - 
更新概率模型:
2025-04-08 11:55:01,694 - DEBUG - 多样性指标: 0.0446
2025-04-08 11:55:01,694 - DEBUG - 自适应学习率: 0.8319
2025-04-08 11:55:01,694 - DEBUG - 第487代概率模型更新完成
2025-04-08 11:55:01,694 - DEBUG - 第487代完成，当前最优解完工时间: 1936，历史最优解完工时间: 1857
2025-04-08 11:55:02,145 - DEBUG - 
更新概率模型:
2025-04-08 11:55:02,145 - DEBUG - 多样性指标: 0.0455
2025-04-08 11:55:02,145 - DEBUG - 自适应学习率: 0.8434
2025-04-08 11:55:02,145 - DEBUG - 第488代概率模型更新完成
2025-04-08 11:55:02,145 - DEBUG - 第488代完成，当前最优解完工时间: 1890，历史最优解完工时间: 1857
2025-04-08 11:55:02,599 - DEBUG - 
更新概率模型:
2025-04-08 11:55:02,599 - DEBUG - 多样性指标: 0.0410
2025-04-08 11:55:02,599 - DEBUG - 自适应学习率: 0.8303
2025-04-08 11:55:02,599 - DEBUG - 第489代概率模型更新完成
2025-04-08 11:55:02,599 - DEBUG - 第489代完成，当前最优解完工时间: 1954，历史最优解完工时间: 1857
2025-04-08 11:55:03,049 - DEBUG - 
更新概率模型:
2025-04-08 11:55:03,050 - DEBUG - 多样性指标: 0.0425
2025-04-08 11:55:03,050 - DEBUG - 自适应学习率: 0.8303
2025-04-08 11:55:03,050 - DEBUG - 第490代概率模型更新完成
2025-04-08 11:55:03,050 - DEBUG - 第490代完成，当前最优解完工时间: 1956，历史最优解完工时间: 1857
2025-04-08 11:55:03,504 - DEBUG - 
更新概率模型:
2025-04-08 11:55:03,505 - DEBUG - 多样性指标: 0.0408
2025-04-08 11:55:03,505 - DEBUG - 自适应学习率: 0.8369
2025-04-08 11:55:03,505 - DEBUG - 第491代概率模型更新完成
2025-04-08 11:55:03,505 - DEBUG - 第491代完成，当前最优解完工时间: 1912，历史最优解完工时间: 1857
2025-04-08 11:55:03,951 - DEBUG - 
更新概率模型:
2025-04-08 11:55:03,951 - DEBUG - 多样性指标: 0.0376
2025-04-08 11:55:03,951 - DEBUG - 自适应学习率: 0.8315
2025-04-08 11:55:03,951 - DEBUG - 第492代概率模型更新完成
2025-04-08 11:55:03,951 - DEBUG - 第492代完成，当前最优解完工时间: 1942，历史最优解完工时间: 1857
2025-04-08 11:55:04,405 - DEBUG - 
更新概率模型:
2025-04-08 11:55:04,405 - DEBUG - 多样性指标: 0.0369
2025-04-08 11:55:04,405 - DEBUG - 自适应学习率: 0.8341
2025-04-08 11:55:04,405 - DEBUG - 第493代概率模型更新完成
2025-04-08 11:55:04,405 - DEBUG - 第493代完成，当前最优解完工时间: 1929，历史最优解完工时间: 1857
2025-04-08 11:55:04,880 - DEBUG - 
更新概率模型:
2025-04-08 11:55:04,880 - DEBUG - 多样性指标: 0.0428
2025-04-08 11:55:04,880 - DEBUG - 自适应学习率: 0.8392
2025-04-08 11:55:04,880 - DEBUG - 第494代概率模型更新完成
2025-04-08 11:55:04,880 - DEBUG - 第494代完成，当前最优解完工时间: 1916，历史最优解完工时间: 1857
2025-04-08 11:55:05,336 - DEBUG - 
更新概率模型:
2025-04-08 11:55:05,336 - DEBUG - 多样性指标: 0.0427
2025-04-08 11:55:05,336 - DEBUG - 自适应学习率: 0.8356
2025-04-08 11:55:05,336 - DEBUG - 第495代概率模型更新完成
2025-04-08 11:55:05,336 - DEBUG - 第495代完成，当前最优解完工时间: 1939，历史最优解完工时间: 1857
2025-04-08 11:55:05,795 - DEBUG - 
更新概率模型:
2025-04-08 11:55:05,795 - DEBUG - 多样性指标: 0.0389
2025-04-08 11:55:05,795 - DEBUG - 自适应学习率: 0.8350
2025-04-08 11:55:05,795 - DEBUG - 第496代概率模型更新完成
2025-04-08 11:55:05,795 - DEBUG - 第496代完成，当前最优解完工时间: 1947，历史最优解完工时间: 1857
2025-04-08 11:55:06,260 - DEBUG - 
更新概率模型:
2025-04-08 11:55:06,260 - DEBUG - 多样性指标: 0.0457
2025-04-08 11:55:06,260 - DEBUG - 自适应学习率: 0.8384
2025-04-08 11:55:06,260 - DEBUG - 第497代概率模型更新完成
2025-04-08 11:55:06,260 - DEBUG - 第497代完成，当前最优解完工时间: 1920，历史最优解完工时间: 1857
2025-04-08 11:55:06,710 - DEBUG - 
更新概率模型:
2025-04-08 11:55:06,710 - DEBUG - 多样性指标: 0.0414
2025-04-08 11:55:06,710 - DEBUG - 自适应学习率: 0.8374
2025-04-08 11:55:06,710 - DEBUG - 第498代概率模型更新完成
2025-04-08 11:55:06,710 - DEBUG - 第498代完成，当前最优解完工时间: 1922，历史最优解完工时间: 1857
2025-04-08 11:55:07,178 - DEBUG - 
更新概率模型:
2025-04-08 11:55:07,179 - DEBUG - 多样性指标: 0.0396
2025-04-08 11:55:07,179 - DEBUG - 自适应学习率: 0.8359
2025-04-08 11:55:07,179 - DEBUG - 第499代概率模型更新完成
2025-04-08 11:55:07,179 - DEBUG - 第499代完成，当前最优解完工时间: 1926，历史最优解完工时间: 1857
2025-04-08 11:55:07,632 - INFO - Initialization probability model completed.
2025-04-08 11:55:07,632 - INFO - In generation 1，New best makespan: 1937.00
2025-04-08 11:55:07,632 - DEBUG - 第0代完成，当前最优解完工时间: 1937，历史最优解完工时间: 1937
2025-04-08 11:55:08,085 - DEBUG - 
更新概率模型:
2025-04-08 11:55:08,085 - DEBUG - 多样性指标: 0.0436
2025-04-08 11:55:08,085 - DEBUG - 自适应学习率: 0.8359
2025-04-08 11:55:08,085 - DEBUG - 第1代概率模型更新完成
2025-04-08 11:55:08,085 - DEBUG - 第1代完成，当前最优解完工时间: 1954，历史最优解完工时间: 1937
2025-04-08 11:55:08,543 - DEBUG - 
更新概率模型:
2025-04-08 11:55:08,543 - DEBUG - 多样性指标: 0.0413
2025-04-08 11:55:08,543 - DEBUG - 自适应学习率: 0.8332
2025-04-08 11:55:08,543 - DEBUG - 第2代概率模型更新完成
2025-04-08 11:55:08,543 - DEBUG - 第2代完成，当前最优解完工时间: 1940，历史最优解完工时间: 1937
2025-04-08 11:55:08,999 - DEBUG - 
更新概率模型:
2025-04-08 11:55:08,999 - DEBUG - 多样性指标: 0.0397
2025-04-08 11:55:08,999 - DEBUG - 自适应学习率: 0.8339
2025-04-08 11:55:08,999 - DEBUG - 第3代概率模型更新完成
2025-04-08 11:55:08,999 - DEBUG - 第3代完成，当前最优解完工时间: 1941，历史最优解完工时间: 1937
2025-04-08 11:55:09,459 - DEBUG - 
更新概率模型:
2025-04-08 11:55:09,459 - DEBUG - 多样性指标: 0.0406
2025-04-08 11:55:09,459 - DEBUG - 自适应学习率: 0.8392
2025-04-08 11:55:09,459 - DEBUG - 第4代概率模型更新完成
2025-04-08 11:55:09,459 - INFO - In generation 5，New best makespan: 1918.00
2025-04-08 11:55:09,459 - DEBUG - 第4代完成，当前最优解完工时间: 1918，历史最优解完工时间: 1918
2025-04-08 11:55:09,909 - DEBUG - 
更新概率模型:
2025-04-08 11:55:09,909 - DEBUG - 多样性指标: 0.0408
2025-04-08 11:55:09,909 - DEBUG - 自适应学习率: 0.8397
2025-04-08 11:55:09,909 - DEBUG - 第5代概率模型更新完成
2025-04-08 11:55:09,909 - DEBUG - 第5代完成，当前最优解完工时间: 1918，历史最优解完工时间: 1918
2025-04-08 11:55:10,359 - DEBUG - 
更新概率模型:
2025-04-08 11:55:10,359 - DEBUG - 多样性指标: 0.0416
2025-04-08 11:55:10,359 - DEBUG - 自适应学习率: 0.8343
2025-04-08 11:55:10,359 - DEBUG - 第6代概率模型更新完成
2025-04-08 11:55:10,359 - DEBUG - 第6代完成，当前最优解完工时间: 1946，历史最优解完工时间: 1918
2025-04-08 11:55:10,812 - DEBUG - 
更新概率模型:
2025-04-08 11:55:10,812 - DEBUG - 多样性指标: 0.0402
2025-04-08 11:55:10,812 - DEBUG - 自适应学习率: 0.8339
2025-04-08 11:55:10,812 - DEBUG - 第7代概率模型更新完成
2025-04-08 11:55:10,812 - DEBUG - 第7代完成，当前最优解完工时间: 1956，历史最优解完工时间: 1918
2025-04-08 11:55:11,262 - DEBUG - 
更新概率模型:
2025-04-08 11:55:11,262 - DEBUG - 多样性指标: 0.0440
2025-04-08 11:55:11,262 - DEBUG - 自适应学习率: 0.8444
2025-04-08 11:55:11,262 - DEBUG - 第8代概率模型更新完成
2025-04-08 11:55:11,262 - INFO - In generation 9，New best makespan: 1891.00
2025-04-08 11:55:11,263 - DEBUG - 第8代完成，当前最优解完工时间: 1891，历史最优解完工时间: 1891
2025-04-08 11:55:11,712 - DEBUG - 
更新概率模型:
2025-04-08 11:55:11,712 - DEBUG - 多样性指标: 0.0395
2025-04-08 11:55:11,712 - DEBUG - 自适应学习率: 0.8340
2025-04-08 11:55:11,712 - DEBUG - 第9代概率模型更新完成
2025-04-08 11:55:11,712 - DEBUG - 第9代完成，当前最优解完工时间: 1942，历史最优解完工时间: 1891
2025-04-08 11:55:12,160 - DEBUG - 
更新概率模型:
2025-04-08 11:55:12,160 - DEBUG - 多样性指标: 0.0375
2025-04-08 11:55:12,160 - DEBUG - 自适应学习率: 0.8356
2025-04-08 11:55:12,160 - DEBUG - 第10代概率模型更新完成
2025-04-08 11:55:12,160 - DEBUG - 第10代完成，当前最优解完工时间: 1929，历史最优解完工时间: 1891
2025-04-08 11:55:12,610 - DEBUG - 
更新概率模型:
2025-04-08 11:55:12,610 - DEBUG - 多样性指标: 0.0388
2025-04-08 11:55:12,610 - DEBUG - 自适应学习率: 0.8321
2025-04-08 11:55:12,610 - DEBUG - 第11代概率模型更新完成
2025-04-08 11:55:12,610 - DEBUG - 第11代完成，当前最优解完工时间: 1944，历史最优解完工时间: 1891
2025-04-08 11:55:13,060 - DEBUG - 
更新概率模型:
2025-04-08 11:55:13,060 - DEBUG - 多样性指标: 0.0419
2025-04-08 11:55:13,060 - DEBUG - 自适应学习率: 0.8361
2025-04-08 11:55:13,060 - DEBUG - 第12代概率模型更新完成
2025-04-08 11:55:13,060 - DEBUG - 第12代完成，当前最优解完工时间: 1922，历史最优解完工时间: 1891
2025-04-08 11:55:13,510 - DEBUG - 
更新概率模型:
2025-04-08 11:55:13,510 - DEBUG - 多样性指标: 0.0368
2025-04-08 11:55:13,510 - DEBUG - 自适应学习率: 0.8295
2025-04-08 11:55:13,510 - DEBUG - 第13代概率模型更新完成
2025-04-08 11:55:13,510 - DEBUG - 第13代完成，当前最优解完工时间: 1954，历史最优解完工时间: 1891
2025-04-08 11:55:13,962 - DEBUG - 
更新概率模型:
2025-04-08 11:55:13,962 - DEBUG - 多样性指标: 0.0406
2025-04-08 11:55:13,962 - DEBUG - 自适应学习率: 0.8304
2025-04-08 11:55:13,962 - DEBUG - 第14代概率模型更新完成
2025-04-08 11:55:13,962 - DEBUG - 第14代完成，当前最优解完工时间: 1956，历史最优解完工时间: 1891
2025-04-08 11:55:14,419 - DEBUG - 
更新概率模型:
2025-04-08 11:55:14,419 - DEBUG - 多样性指标: 0.0424
2025-04-08 11:55:14,419 - DEBUG - 自适应学习率: 0.8370
2025-04-08 11:55:14,419 - DEBUG - 第15代概率模型更新完成
2025-04-08 11:55:14,419 - DEBUG - 第15代完成，当前最优解完工时间: 1918，历史最优解完工时间: 1891
2025-04-08 11:55:14,866 - DEBUG - 
更新概率模型:
2025-04-08 11:55:14,867 - DEBUG - 多样性指标: 0.0418
2025-04-08 11:55:14,867 - DEBUG - 自适应学习率: 0.8364
2025-04-08 11:55:14,867 - DEBUG - 第16代概率模型更新完成
2025-04-08 11:55:14,867 - DEBUG - 第16代完成，当前最优解完工时间: 1925，历史最优解完工时间: 1891
2025-04-08 11:55:15,319 - DEBUG - 
更新概率模型:
2025-04-08 11:55:15,319 - DEBUG - 多样性指标: 0.0433
2025-04-08 11:55:15,319 - DEBUG - 自适应学习率: 0.8324
2025-04-08 11:55:15,319 - DEBUG - 第17代概率模型更新完成
2025-04-08 11:55:15,319 - DEBUG - 第17代完成，当前最优解完工时间: 1940，历史最优解完工时间: 1891
2025-04-08 11:55:15,770 - DEBUG - 
更新概率模型:
2025-04-08 11:55:15,771 - DEBUG - 多样性指标: 0.0352
2025-04-08 11:55:15,771 - DEBUG - 自适应学习率: 0.8378
2025-04-08 11:55:15,771 - DEBUG - 第18代概率模型更新完成
2025-04-08 11:55:15,771 - DEBUG - 第18代完成，当前最优解完工时间: 1908，历史最优解完工时间: 1891
2025-04-08 11:55:16,220 - DEBUG - 
更新概率模型:
2025-04-08 11:55:16,220 - DEBUG - 多样性指标: 0.0380
2025-04-08 11:55:16,220 - DEBUG - 自适应学习率: 0.8382
2025-04-08 11:55:16,220 - DEBUG - 第19代概率模型更新完成
2025-04-08 11:55:16,220 - DEBUG - 第19代完成，当前最优解完工时间: 1915，历史最优解完工时间: 1891
2025-04-08 11:55:16,671 - DEBUG - 
更新概率模型:
2025-04-08 11:55:16,671 - DEBUG - 多样性指标: 0.0385
2025-04-08 11:55:16,671 - DEBUG - 自适应学习率: 0.8303
2025-04-08 11:55:16,671 - DEBUG - 第20代概率模型更新完成
2025-04-08 11:55:16,671 - DEBUG - 第20代完成，当前最优解完工时间: 1943，历史最优解完工时间: 1891
2025-04-08 11:55:17,121 - DEBUG - 
更新概率模型:
2025-04-08 11:55:17,121 - DEBUG - 多样性指标: 0.0390
2025-04-08 11:55:17,121 - DEBUG - 自适应学习率: 0.8311
2025-04-08 11:55:17,121 - DEBUG - 第21代概率模型更新完成
2025-04-08 11:55:17,121 - DEBUG - 第21代完成，当前最优解完工时间: 1956，历史最优解完工时间: 1891
2025-04-08 11:55:17,572 - DEBUG - 
更新概率模型:
2025-04-08 11:55:17,572 - DEBUG - 多样性指标: 0.0420
2025-04-08 11:55:17,572 - DEBUG - 自适应学习率: 0.8419
2025-04-08 11:55:17,572 - DEBUG - 第22代概率模型更新完成
2025-04-08 11:55:17,572 - DEBUG - 第22代完成，当前最优解完工时间: 1899，历史最优解完工时间: 1891
2025-04-08 11:55:18,023 - DEBUG - 
更新概率模型:
2025-04-08 11:55:18,023 - DEBUG - 多样性指标: 0.0398
2025-04-08 11:55:18,023 - DEBUG - 自适应学习率: 0.8345
2025-04-08 11:55:18,023 - DEBUG - 第23代概率模型更新完成
2025-04-08 11:55:18,023 - DEBUG - 第23代完成，当前最优解完工时间: 1924，历史最优解完工时间: 1891
2025-04-08 11:55:18,479 - DEBUG - 
更新概率模型:
2025-04-08 11:55:18,479 - DEBUG - 多样性指标: 0.0395
2025-04-08 11:55:18,479 - DEBUG - 自适应学习率: 0.8349
2025-04-08 11:55:18,479 - DEBUG - 第24代概率模型更新完成
2025-04-08 11:55:18,479 - DEBUG - 第24代完成，当前最优解完工时间: 1929，历史最优解完工时间: 1891
2025-04-08 11:55:18,925 - DEBUG - 
更新概率模型:
2025-04-08 11:55:18,925 - DEBUG - 多样性指标: 0.0413
2025-04-08 11:55:18,925 - DEBUG - 自适应学习率: 0.8396
2025-04-08 11:55:18,925 - DEBUG - 第25代概率模型更新完成
2025-04-08 11:55:18,925 - DEBUG - 第25代完成，当前最优解完工时间: 1921，历史最优解完工时间: 1891
2025-04-08 11:55:19,374 - DEBUG - 
更新概率模型:
2025-04-08 11:55:19,374 - DEBUG - 多样性指标: 0.0406
2025-04-08 11:55:19,374 - DEBUG - 自适应学习率: 0.8333
2025-04-08 11:55:19,374 - DEBUG - 第26代概率模型更新完成
2025-04-08 11:55:19,374 - DEBUG - 第26代完成，当前最优解完工时间: 1930，历史最优解完工时间: 1891
2025-04-08 11:55:19,826 - DEBUG - 
更新概率模型:
2025-04-08 11:55:19,826 - DEBUG - 多样性指标: 0.0412
2025-04-08 11:55:19,826 - DEBUG - 自适应学习率: 0.8307
2025-04-08 11:55:19,826 - DEBUG - 第27代概率模型更新完成
2025-04-08 11:55:19,826 - DEBUG - 第27代完成，当前最优解完工时间: 1952，历史最优解完工时间: 1891
2025-04-08 11:55:20,280 - DEBUG - 
更新概率模型:
2025-04-08 11:55:20,280 - DEBUG - 多样性指标: 0.0442
2025-04-08 11:55:20,280 - DEBUG - 自适应学习率: 0.8344
2025-04-08 11:55:20,280 - DEBUG - 第28代概率模型更新完成
2025-04-08 11:55:20,280 - DEBUG - 第28代完成，当前最优解完工时间: 1942，历史最优解完工时间: 1891
2025-04-08 11:55:20,734 - DEBUG - 
更新概率模型:
2025-04-08 11:55:20,734 - DEBUG - 多样性指标: 0.0406
2025-04-08 11:55:20,734 - DEBUG - 自适应学习率: 0.8298
2025-04-08 11:55:20,734 - DEBUG - 第29代概率模型更新完成
2025-04-08 11:55:20,734 - DEBUG - 第29代完成，当前最优解完工时间: 1960，历史最优解完工时间: 1891
2025-04-08 11:55:21,185 - DEBUG - 
更新概率模型:
2025-04-08 11:55:21,185 - DEBUG - 多样性指标: 0.0433
2025-04-08 11:55:21,185 - DEBUG - 自适应学习率: 0.8337
2025-04-08 11:55:21,185 - DEBUG - 第30代概率模型更新完成
2025-04-08 11:55:21,185 - DEBUG - 第30代完成，当前最优解完工时间: 1944，历史最优解完工时间: 1891
2025-04-08 11:55:21,639 - DEBUG - 
更新概率模型:
2025-04-08 11:55:21,639 - DEBUG - 多样性指标: 0.0392
2025-04-08 11:55:21,639 - DEBUG - 自适应学习率: 0.8375
2025-04-08 11:55:21,639 - DEBUG - 第31代概率模型更新完成
2025-04-08 11:55:21,639 - DEBUG - 第31代完成，当前最优解完工时间: 1918，历史最优解完工时间: 1891
2025-04-08 11:55:22,089 - DEBUG - 
更新概率模型:
2025-04-08 11:55:22,089 - DEBUG - 多样性指标: 0.0433
2025-04-08 11:55:22,089 - DEBUG - 自适应学习率: 0.8331
2025-04-08 11:55:22,090 - DEBUG - 第32代概率模型更新完成
2025-04-08 11:55:22,090 - DEBUG - 第32代完成，当前最优解完工时间: 1946，历史最优解完工时间: 1891
2025-04-08 11:55:22,537 - DEBUG - 
更新概率模型:
2025-04-08 11:55:22,537 - DEBUG - 多样性指标: 0.0424
2025-04-08 11:55:22,537 - DEBUG - 自适应学习率: 0.8401
2025-04-08 11:55:22,537 - DEBUG - 第33代概率模型更新完成
2025-04-08 11:55:22,537 - DEBUG - 第33代完成，当前最优解完工时间: 1911，历史最优解完工时间: 1891
2025-04-08 11:55:22,987 - DEBUG - 
更新概率模型:
2025-04-08 11:55:22,987 - DEBUG - 多样性指标: 0.0416
2025-04-08 11:55:22,987 - DEBUG - 自适应学习率: 0.8404
2025-04-08 11:55:22,987 - DEBUG - 第34代概率模型更新完成
2025-04-08 11:55:22,987 - DEBUG - 第34代完成，当前最优解完工时间: 1910，历史最优解完工时间: 1891
2025-04-08 11:55:23,440 - DEBUG - 
更新概率模型:
2025-04-08 11:55:23,440 - DEBUG - 多样性指标: 0.0398
2025-04-08 11:55:23,440 - DEBUG - 自适应学习率: 0.8346
2025-04-08 11:55:23,440 - DEBUG - 第35代概率模型更新完成
2025-04-08 11:55:23,440 - DEBUG - 第35代完成，当前最优解完工时间: 1931，历史最优解完工时间: 1891
2025-04-08 11:55:23,888 - DEBUG - 
更新概率模型:
2025-04-08 11:55:23,888 - DEBUG - 多样性指标: 0.0410
2025-04-08 11:55:23,888 - DEBUG - 自适应学习率: 0.8384
2025-04-08 11:55:23,888 - DEBUG - 第36代概率模型更新完成
2025-04-08 11:55:23,888 - DEBUG - 第36代完成，当前最优解完工时间: 1913，历史最优解完工时间: 1891
2025-04-08 11:55:24,337 - DEBUG - 
更新概率模型:
2025-04-08 11:55:24,337 - DEBUG - 多样性指标: 0.0423
2025-04-08 11:55:24,337 - DEBUG - 自适应学习率: 0.8365
2025-04-08 11:55:24,337 - DEBUG - 第37代概率模型更新完成
2025-04-08 11:55:24,337 - DEBUG - 第37代完成，当前最优解完工时间: 1922，历史最优解完工时间: 1891
2025-04-08 11:55:24,790 - DEBUG - 
更新概率模型:
2025-04-08 11:55:24,790 - DEBUG - 多样性指标: 0.0385
2025-04-08 11:55:24,790 - DEBUG - 自适应学习率: 0.8301
2025-04-08 11:55:24,790 - DEBUG - 第38代概率模型更新完成
2025-04-08 11:55:24,790 - DEBUG - 第38代完成，当前最优解完工时间: 1948，历史最优解完工时间: 1891
2025-04-08 11:55:25,241 - DEBUG - 
更新概率模型:
2025-04-08 11:55:25,241 - DEBUG - 多样性指标: 0.0459
2025-04-08 11:55:25,241 - DEBUG - 自适应学习率: 0.8345
2025-04-08 11:55:25,241 - DEBUG - 第39代概率模型更新完成
2025-04-08 11:55:25,241 - DEBUG - 第39代完成，当前最优解完工时间: 1928，历史最优解完工时间: 1891
2025-04-08 11:55:25,696 - DEBUG - 
更新概率模型:
2025-04-08 11:55:25,696 - DEBUG - 多样性指标: 0.0365
2025-04-08 11:55:25,696 - DEBUG - 自适应学习率: 0.8376
2025-04-08 11:55:25,696 - DEBUG - 第40代概率模型更新完成
2025-04-08 11:55:25,696 - DEBUG - 第40代完成，当前最优解完工时间: 1900，历史最优解完工时间: 1891
2025-04-08 11:55:26,142 - DEBUG - 
更新概率模型:
2025-04-08 11:55:26,142 - DEBUG - 多样性指标: 0.0438
2025-04-08 11:55:26,142 - DEBUG - 自适应学习率: 0.8350
2025-04-08 11:55:26,142 - DEBUG - 第41代概率模型更新完成
2025-04-08 11:55:26,142 - DEBUG - 第41代完成，当前最优解完工时间: 1931，历史最优解完工时间: 1891
2025-04-08 11:55:26,595 - DEBUG - 
更新概率模型:
2025-04-08 11:55:26,595 - DEBUG - 多样性指标: 0.0399
2025-04-08 11:55:26,595 - DEBUG - 自适应学习率: 0.8359
2025-04-08 11:55:26,595 - DEBUG - 第42代概率模型更新完成
2025-04-08 11:55:26,595 - DEBUG - 第42代完成，当前最优解完工时间: 1921，历史最优解完工时间: 1891
2025-04-08 11:55:27,040 - DEBUG - 
更新概率模型:
2025-04-08 11:55:27,040 - DEBUG - 多样性指标: 0.0335
2025-04-08 11:55:27,040 - DEBUG - 自适应学习率: 0.8327
2025-04-08 11:55:27,040 - DEBUG - 第43代概率模型更新完成
2025-04-08 11:55:27,040 - DEBUG - 第43代完成，当前最优解完工时间: 1945，历史最优解完工时间: 1891
2025-04-08 11:55:27,489 - DEBUG - 
更新概率模型:
2025-04-08 11:55:27,489 - DEBUG - 多样性指标: 0.0489
2025-04-08 11:55:27,489 - DEBUG - 自适应学习率: 0.8371
2025-04-08 11:55:27,489 - DEBUG - 第44代概率模型更新完成
2025-04-08 11:55:27,489 - DEBUG - 第44代完成，当前最优解完工时间: 1932，历史最优解完工时间: 1891
2025-04-08 11:55:27,938 - DEBUG - 
更新概率模型:
2025-04-08 11:55:27,938 - DEBUG - 多样性指标: 0.0405
2025-04-08 11:55:27,938 - DEBUG - 自适应学习率: 0.8305
2025-04-08 11:55:27,938 - DEBUG - 第45代概率模型更新完成
2025-04-08 11:55:27,938 - DEBUG - 第45代完成，当前最优解完工时间: 1958，历史最优解完工时间: 1891
2025-04-08 11:55:28,390 - DEBUG - 
更新概率模型:
2025-04-08 11:55:28,390 - DEBUG - 多样性指标: 0.0421
2025-04-08 11:55:28,390 - DEBUG - 自适应学习率: 0.8347
2025-04-08 11:55:28,390 - DEBUG - 第46代概率模型更新完成
2025-04-08 11:55:28,390 - DEBUG - 第46代完成，当前最优解完工时间: 1924，历史最优解完工时间: 1891
2025-04-08 11:55:28,837 - DEBUG - 
更新概率模型:
2025-04-08 11:55:28,837 - DEBUG - 多样性指标: 0.0376
2025-04-08 11:55:28,837 - DEBUG - 自适应学习率: 0.8338
2025-04-08 11:55:28,837 - DEBUG - 第47代概率模型更新完成
2025-04-08 11:55:28,837 - DEBUG - 第47代完成，当前最优解完工时间: 1938，历史最优解完工时间: 1891
2025-04-08 11:55:29,289 - DEBUG - 
更新概率模型:
2025-04-08 11:55:29,289 - DEBUG - 多样性指标: 0.0361
2025-04-08 11:55:29,289 - DEBUG - 自适应学习率: 0.8339
2025-04-08 11:55:29,289 - DEBUG - 第48代概率模型更新完成
2025-04-08 11:55:29,289 - DEBUG - 第48代完成，当前最优解完工时间: 1933，历史最优解完工时间: 1891
2025-04-08 11:55:29,736 - DEBUG - 
更新概率模型:
2025-04-08 11:55:29,736 - DEBUG - 多样性指标: 0.0407
2025-04-08 11:55:29,736 - DEBUG - 自适应学习率: 0.8308
2025-04-08 11:55:29,736 - DEBUG - 第49代概率模型更新完成
2025-04-08 11:55:29,736 - DEBUG - 第49代完成，当前最优解完工时间: 1950，历史最优解完工时间: 1891
2025-04-08 11:55:30,186 - DEBUG - 
更新概率模型:
2025-04-08 11:55:30,186 - DEBUG - 多样性指标: 0.0375
2025-04-08 11:55:30,186 - DEBUG - 自适应学习率: 0.8283
2025-04-08 11:55:30,186 - DEBUG - 第50代概率模型更新完成
2025-04-08 11:55:30,186 - DEBUG - 第50代完成，当前最优解完工时间: 1950，历史最优解完工时间: 1891
2025-04-08 11:55:30,638 - DEBUG - 
更新概率模型:
2025-04-08 11:55:30,639 - DEBUG - 多样性指标: 0.0477
2025-04-08 11:55:30,639 - DEBUG - 自适应学习率: 0.8346
2025-04-08 11:55:30,639 - DEBUG - 第51代概率模型更新完成
2025-04-08 11:55:30,639 - DEBUG - 第51代完成，当前最优解完工时间: 1935，历史最优解完工时间: 1891
2025-04-08 11:55:31,091 - DEBUG - 
更新概率模型:
2025-04-08 11:55:31,091 - DEBUG - 多样性指标: 0.0368
2025-04-08 11:55:31,091 - DEBUG - 自适应学习率: 0.8353
2025-04-08 11:55:31,091 - DEBUG - 第52代概率模型更新完成
2025-04-08 11:55:31,091 - DEBUG - 第52代完成，当前最优解完工时间: 1918，历史最优解完工时间: 1891
2025-04-08 11:55:31,541 - DEBUG - 
更新概率模型:
2025-04-08 11:55:31,541 - DEBUG - 多样性指标: 0.0452
2025-04-08 11:55:31,541 - DEBUG - 自适应学习率: 0.8376
2025-04-08 11:55:31,541 - DEBUG - 第53代概率模型更新完成
2025-04-08 11:55:31,541 - DEBUG - 第53代完成，当前最优解完工时间: 1913，历史最优解完工时间: 1891
2025-04-08 11:55:31,993 - DEBUG - 
更新概率模型:
2025-04-08 11:55:31,993 - DEBUG - 多样性指标: 0.0383
2025-04-08 11:55:31,993 - DEBUG - 自适应学习率: 0.8319
2025-04-08 11:55:31,993 - DEBUG - 第54代概率模型更新完成
2025-04-08 11:55:31,993 - DEBUG - 第54代完成，当前最优解完工时间: 1945，历史最优解完工时间: 1891
2025-04-08 11:55:32,442 - DEBUG - 
更新概率模型:
2025-04-08 11:55:32,442 - DEBUG - 多样性指标: 0.0473
2025-04-08 11:55:32,442 - DEBUG - 自适应学习率: 0.8342
2025-04-08 11:55:32,442 - DEBUG - 第55代概率模型更新完成
2025-04-08 11:55:32,442 - DEBUG - 第55代完成，当前最优解完工时间: 1934，历史最优解完工时间: 1891
2025-04-08 11:55:32,893 - DEBUG - 
更新概率模型:
2025-04-08 11:55:32,893 - DEBUG - 多样性指标: 0.0415
2025-04-08 11:55:32,893 - DEBUG - 自适应学习率: 0.8290
2025-04-08 11:55:32,893 - DEBUG - 第56代概率模型更新完成
2025-04-08 11:55:32,893 - DEBUG - 第56代完成，当前最优解完工时间: 1952，历史最优解完工时间: 1891
2025-04-08 11:55:33,337 - DEBUG - 
更新概率模型:
2025-04-08 11:55:33,337 - DEBUG - 多样性指标: 0.0383
2025-04-08 11:55:33,339 - DEBUG - 自适应学习率: 0.8342
2025-04-08 11:55:33,339 - DEBUG - 第57代概率模型更新完成
2025-04-08 11:55:33,339 - DEBUG - 第57代完成，当前最优解完工时间: 1928，历史最优解完工时间: 1891
2025-04-08 11:55:33,793 - DEBUG - 
更新概率模型:
2025-04-08 11:55:33,793 - DEBUG - 多样性指标: 0.0449
2025-04-08 11:55:33,793 - DEBUG - 自适应学习率: 0.8319
2025-04-08 11:55:33,793 - DEBUG - 第58代概率模型更新完成
2025-04-08 11:55:33,793 - DEBUG - 第58代完成，当前最优解完工时间: 1932，历史最优解完工时间: 1891
2025-04-08 11:55:34,237 - DEBUG - 
更新概率模型:
2025-04-08 11:55:34,237 - DEBUG - 多样性指标: 0.0409
2025-04-08 11:55:34,237 - DEBUG - 自适应学习率: 0.8340
2025-04-08 11:55:34,237 - DEBUG - 第59代概率模型更新完成
2025-04-08 11:55:34,237 - DEBUG - 第59代完成，当前最优解完工时间: 1925，历史最优解完工时间: 1891
2025-04-08 11:55:34,688 - DEBUG - 
更新概率模型:
2025-04-08 11:55:34,688 - DEBUG - 多样性指标: 0.0396
2025-04-08 11:55:34,688 - DEBUG - 自适应学习率: 0.8328
2025-04-08 11:55:34,688 - DEBUG - 第60代概率模型更新完成
2025-04-08 11:55:34,688 - DEBUG - 第60代完成，当前最优解完工时间: 1924，历史最优解完工时间: 1891
2025-04-08 11:55:35,137 - DEBUG - 
更新概率模型:
2025-04-08 11:55:35,138 - DEBUG - 多样性指标: 0.0457
2025-04-08 11:55:35,138 - DEBUG - 自适应学习率: 0.8348
2025-04-08 11:55:35,138 - DEBUG - 第61代概率模型更新完成
2025-04-08 11:55:35,138 - DEBUG - 第61代完成，当前最优解完工时间: 1946，历史最优解完工时间: 1891
2025-04-08 11:55:35,595 - DEBUG - 
更新概率模型:
2025-04-08 11:55:35,595 - DEBUG - 多样性指标: 0.0434
2025-04-08 11:55:35,595 - DEBUG - 自适应学习率: 0.8307
2025-04-08 11:55:35,595 - DEBUG - 第62代概率模型更新完成
2025-04-08 11:55:35,595 - DEBUG - 第62代完成，当前最优解完工时间: 1947，历史最优解完工时间: 1891
2025-04-08 11:55:36,043 - DEBUG - 
更新概率模型:
2025-04-08 11:55:36,043 - DEBUG - 多样性指标: 0.0417
2025-04-08 11:55:36,043 - DEBUG - 自适应学习率: 0.8360
2025-04-08 11:55:36,043 - DEBUG - 第63代概率模型更新完成
2025-04-08 11:55:36,043 - DEBUG - 第63代完成，当前最优解完工时间: 1922，历史最优解完工时间: 1891
2025-04-08 11:55:36,497 - DEBUG - 
更新概率模型:
2025-04-08 11:55:36,497 - DEBUG - 多样性指标: 0.0415
2025-04-08 11:55:36,497 - DEBUG - 自适应学习率: 0.8382
2025-04-08 11:55:36,498 - DEBUG - 第64代概率模型更新完成
2025-04-08 11:55:36,498 - DEBUG - 第64代完成，当前最优解完工时间: 1900，历史最优解完工时间: 1891
2025-04-08 11:55:36,945 - DEBUG - 
更新概率模型:
2025-04-08 11:55:36,945 - DEBUG - 多样性指标: 0.0420
2025-04-08 11:55:36,945 - DEBUG - 自适应学习率: 0.8321
2025-04-08 11:55:36,945 - DEBUG - 第65代概率模型更新完成
2025-04-08 11:55:36,945 - DEBUG - 第65代完成，当前最优解完工时间: 1943，历史最优解完工时间: 1891
2025-04-08 11:55:37,399 - DEBUG - 
更新概率模型:
2025-04-08 11:55:37,399 - DEBUG - 多样性指标: 0.0407
2025-04-08 11:55:37,399 - DEBUG - 自适应学习率: 0.8346
2025-04-08 11:55:37,399 - DEBUG - 第66代概率模型更新完成
2025-04-08 11:55:37,399 - DEBUG - 第66代完成，当前最优解完工时间: 1934，历史最优解完工时间: 1891
2025-04-08 11:55:37,850 - DEBUG - 
更新概率模型:
2025-04-08 11:55:37,851 - DEBUG - 多样性指标: 0.0484
2025-04-08 11:55:37,851 - DEBUG - 自适应学习率: 0.8354
2025-04-08 11:55:37,851 - DEBUG - 第67代概率模型更新完成
2025-04-08 11:55:37,851 - DEBUG - 第67代完成，当前最优解完工时间: 1948，历史最优解完工时间: 1891
2025-04-08 11:55:38,301 - DEBUG - 
更新概率模型:
2025-04-08 11:55:38,301 - DEBUG - 多样性指标: 0.0335
2025-04-08 11:55:38,301 - DEBUG - 自适应学习率: 0.8277
2025-04-08 11:55:38,302 - DEBUG - 第68代概率模型更新完成
2025-04-08 11:55:38,302 - DEBUG - 第68代完成，当前最优解完工时间: 1957，历史最优解完工时间: 1891
2025-04-08 11:55:38,754 - DEBUG - 
更新概率模型:
2025-04-08 11:55:38,754 - DEBUG - 多样性指标: 0.0411
2025-04-08 11:55:38,754 - DEBUG - 自适应学习率: 0.8335
2025-04-08 11:55:38,754 - DEBUG - 第69代概率模型更新完成
2025-04-08 11:55:38,754 - DEBUG - 第69代完成，当前最优解完工时间: 1924，历史最优解完工时间: 1891
2025-04-08 11:55:39,203 - DEBUG - 
更新概率模型:
2025-04-08 11:55:39,203 - DEBUG - 多样性指标: 0.0442
2025-04-08 11:55:39,203 - DEBUG - 自适应学习率: 0.8398
2025-04-08 11:55:39,203 - DEBUG - 第70代概率模型更新完成
2025-04-08 11:55:39,203 - DEBUG - 第70代完成，当前最优解完工时间: 1903，历史最优解完工时间: 1891
2025-04-08 11:55:39,655 - DEBUG - 
更新概率模型:
2025-04-08 11:55:39,655 - DEBUG - 多样性指标: 0.0419
2025-04-08 11:55:39,655 - DEBUG - 自适应学习率: 0.8387
2025-04-08 11:55:39,655 - DEBUG - 第71代概率模型更新完成
2025-04-08 11:55:39,655 - DEBUG - 第71代完成，当前最优解完工时间: 1904，历史最优解完工时间: 1891
2025-04-08 11:55:40,105 - DEBUG - 
更新概率模型:
2025-04-08 11:55:40,105 - DEBUG - 多样性指标: 0.0386
2025-04-08 11:55:40,105 - DEBUG - 自适应学习率: 0.8332
2025-04-08 11:55:40,105 - DEBUG - 第72代概率模型更新完成
2025-04-08 11:55:40,105 - DEBUG - 第72代完成，当前最优解完工时间: 1922，历史最优解完工时间: 1891
2025-04-08 11:55:40,555 - DEBUG - 
更新概率模型:
2025-04-08 11:55:40,555 - DEBUG - 多样性指标: 0.0446
2025-04-08 11:55:40,555 - DEBUG - 自适应学习率: 0.8379
2025-04-08 11:55:40,555 - DEBUG - 第73代概率模型更新完成
2025-04-08 11:55:40,555 - DEBUG - 第73代完成，当前最优解完工时间: 1933，历史最优解完工时间: 1891
2025-04-08 11:55:41,004 - DEBUG - 
更新概率模型:
2025-04-08 11:55:41,005 - DEBUG - 多样性指标: 0.0482
2025-04-08 11:55:41,005 - DEBUG - 自适应学习率: 0.8470
2025-04-08 11:55:41,005 - DEBUG - 第74代概率模型更新完成
2025-04-08 11:55:41,005 - INFO - In generation 75，New best makespan: 1869.00
2025-04-08 11:55:41,005 - DEBUG - 第74代完成，当前最优解完工时间: 1869，历史最优解完工时间: 1869
2025-04-08 11:55:41,457 - DEBUG - 
更新概率模型:
2025-04-08 11:55:41,457 - DEBUG - 多样性指标: 0.0413
2025-04-08 11:55:41,457 - DEBUG - 自适应学习率: 0.8331
2025-04-08 11:55:41,457 - DEBUG - 第75代概率模型更新完成
2025-04-08 11:55:41,457 - DEBUG - 第75代完成，当前最优解完工时间: 1940，历史最优解完工时间: 1869
2025-04-08 11:55:41,906 - DEBUG - 
更新概率模型:
2025-04-08 11:55:41,906 - DEBUG - 多样性指标: 0.0362
2025-04-08 11:55:41,906 - DEBUG - 自适应学习率: 0.8321
2025-04-08 11:55:41,906 - DEBUG - 第76代概率模型更新完成
2025-04-08 11:55:41,906 - DEBUG - 第76代完成，当前最优解完工时间: 1930，历史最优解完工时间: 1869
2025-04-08 11:55:42,356 - DEBUG - 
更新概率模型:
2025-04-08 11:55:42,356 - DEBUG - 多样性指标: 0.0434
2025-04-08 11:55:42,356 - DEBUG - 自适应学习率: 0.8340
2025-04-08 11:55:42,356 - DEBUG - 第77代概率模型更新完成
2025-04-08 11:55:42,356 - DEBUG - 第77代完成，当前最优解完工时间: 1935，历史最优解完工时间: 1869
2025-04-08 11:55:42,835 - DEBUG - 
更新概率模型:
2025-04-08 11:55:42,835 - DEBUG - 多样性指标: 0.0411
2025-04-08 11:55:42,835 - DEBUG - 自适应学习率: 0.8375
2025-04-08 11:55:42,835 - DEBUG - 第78代概率模型更新完成
2025-04-08 11:55:42,835 - DEBUG - 第78代完成，当前最优解完工时间: 1912，历史最优解完工时间: 1869
2025-04-08 11:55:43,297 - DEBUG - 
更新概率模型:
2025-04-08 11:55:43,297 - DEBUG - 多样性指标: 0.0382
2025-04-08 11:55:43,297 - DEBUG - 自适应学习率: 0.8290
2025-04-08 11:55:43,297 - DEBUG - 第79代概率模型更新完成
2025-04-08 11:55:43,297 - DEBUG - 第79代完成，当前最优解完工时间: 1940，历史最优解完工时间: 1869
2025-04-08 11:55:43,755 - DEBUG - 
更新概率模型:
2025-04-08 11:55:43,755 - DEBUG - 多样性指标: 0.0468
2025-04-08 11:55:43,755 - DEBUG - 自适应学习率: 0.8432
2025-04-08 11:55:43,755 - DEBUG - 第80代概率模型更新完成
2025-04-08 11:55:43,755 - DEBUG - 第80代完成，当前最优解完工时间: 1890，历史最优解完工时间: 1869
2025-04-08 11:55:44,209 - DEBUG - 
更新概率模型:
2025-04-08 11:55:44,209 - DEBUG - 多样性指标: 0.0378
2025-04-08 11:55:44,209 - DEBUG - 自适应学习率: 0.8350
2025-04-08 11:55:44,209 - DEBUG - 第81代概率模型更新完成
2025-04-08 11:55:44,209 - DEBUG - 第81代完成，当前最优解完工时间: 1935，历史最优解完工时间: 1869
2025-04-08 11:55:44,662 - DEBUG - 
更新概率模型:
2025-04-08 11:55:44,662 - DEBUG - 多样性指标: 0.0426
2025-04-08 11:55:44,662 - DEBUG - 自适应学习率: 0.8343
2025-04-08 11:55:44,662 - DEBUG - 第82代概率模型更新完成
2025-04-08 11:55:44,662 - DEBUG - 第82代完成，当前最优解完工时间: 1931，历史最优解完工时间: 1869
2025-04-08 11:55:45,117 - DEBUG - 
更新概率模型:
2025-04-08 11:55:45,117 - DEBUG - 多样性指标: 0.0443
2025-04-08 11:55:45,117 - DEBUG - 自适应学习率: 0.8395
2025-04-08 11:55:45,117 - DEBUG - 第83代概率模型更新完成
2025-04-08 11:55:45,117 - DEBUG - 第83代完成，当前最优解完工时间: 1912，历史最优解完工时间: 1869
2025-04-08 11:55:45,569 - DEBUG - 
更新概率模型:
2025-04-08 11:55:45,569 - DEBUG - 多样性指标: 0.0390
2025-04-08 11:55:45,569 - DEBUG - 自适应学习率: 0.8367
2025-04-08 11:55:45,569 - DEBUG - 第84代概率模型更新完成
2025-04-08 11:55:45,570 - DEBUG - 第84代完成，当前最优解完工时间: 1907，历史最优解完工时间: 1869
2025-04-08 11:55:46,025 - DEBUG - 
更新概率模型:
2025-04-08 11:55:46,025 - DEBUG - 多样性指标: 0.0423
2025-04-08 11:55:46,025 - DEBUG - 自适应学习率: 0.8349
2025-04-08 11:55:46,025 - DEBUG - 第85代概率模型更新完成
2025-04-08 11:55:46,025 - DEBUG - 第85代完成，当前最优解完工时间: 1932，历史最优解完工时间: 1869
2025-04-08 11:55:46,476 - DEBUG - 
更新概率模型:
2025-04-08 11:55:46,476 - DEBUG - 多样性指标: 0.0383
2025-04-08 11:55:46,478 - DEBUG - 自适应学习率: 0.8318
2025-04-08 11:55:46,478 - DEBUG - 第86代概率模型更新完成
2025-04-08 11:55:46,478 - DEBUG - 第86代完成，当前最优解完工时间: 1937，历史最优解完工时间: 1869
2025-04-08 11:55:46,932 - DEBUG - 
更新概率模型:
2025-04-08 11:55:46,932 - DEBUG - 多样性指标: 0.0375
2025-04-08 11:55:46,932 - DEBUG - 自适应学习率: 0.8331
2025-04-08 11:55:46,932 - DEBUG - 第87代概率模型更新完成
2025-04-08 11:55:46,932 - DEBUG - 第87代完成，当前最优解完工时间: 1931，历史最优解完工时间: 1869
2025-04-08 11:55:47,381 - DEBUG - 
更新概率模型:
2025-04-08 11:55:47,381 - DEBUG - 多样性指标: 0.0438
2025-04-08 11:55:47,381 - DEBUG - 自适应学习率: 0.8360
2025-04-08 11:55:47,381 - DEBUG - 第88代概率模型更新完成
2025-04-08 11:55:47,381 - DEBUG - 第88代完成，当前最优解完工时间: 1909，历史最优解完工时间: 1869
2025-04-08 11:55:47,835 - DEBUG - 
更新概率模型:
2025-04-08 11:55:47,835 - DEBUG - 多样性指标: 0.0428
2025-04-08 11:55:47,836 - DEBUG - 自适应学习率: 0.8360
2025-04-08 11:55:47,836 - DEBUG - 第89代概率模型更新完成
2025-04-08 11:55:47,836 - DEBUG - 第89代完成，当前最优解完工时间: 1920，历史最优解完工时间: 1869
2025-04-08 11:55:48,284 - DEBUG - 
更新概率模型:
2025-04-08 11:55:48,284 - DEBUG - 多样性指标: 0.0405
2025-04-08 11:55:48,284 - DEBUG - 自适应学习率: 0.8315
2025-04-08 11:55:48,284 - DEBUG - 第90代概率模型更新完成
2025-04-08 11:55:48,284 - DEBUG - 第90代完成，当前最优解完工时间: 1942，历史最优解完工时间: 1869
2025-04-08 11:55:48,740 - DEBUG - 
更新概率模型:
2025-04-08 11:55:48,741 - DEBUG - 多样性指标: 0.0350
2025-04-08 11:55:48,741 - DEBUG - 自适应学习率: 0.8342
2025-04-08 11:55:48,741 - DEBUG - 第91代概率模型更新完成
2025-04-08 11:55:48,741 - DEBUG - 第91代完成，当前最优解完工时间: 1930，历史最优解完工时间: 1869
2025-04-08 11:55:49,192 - DEBUG - 
更新概率模型:
2025-04-08 11:55:49,192 - DEBUG - 多样性指标: 0.0362
2025-04-08 11:55:49,192 - DEBUG - 自适应学习率: 0.8277
2025-04-08 11:55:49,192 - DEBUG - 第92代概率模型更新完成
2025-04-08 11:55:49,192 - DEBUG - 第92代完成，当前最优解完工时间: 1956，历史最优解完工时间: 1869
2025-04-08 11:55:49,645 - DEBUG - 
更新概率模型:
2025-04-08 11:55:49,645 - DEBUG - 多样性指标: 0.0392
2025-04-08 11:55:49,645 - DEBUG - 自适应学习率: 0.8326
2025-04-08 11:55:49,645 - DEBUG - 第93代概率模型更新完成
2025-04-08 11:55:49,645 - DEBUG - 第93代完成，当前最优解完工时间: 1934，历史最优解完工时间: 1869
2025-04-08 11:55:50,099 - DEBUG - 
更新概率模型:
2025-04-08 11:55:50,099 - DEBUG - 多样性指标: 0.0409
2025-04-08 11:55:50,099 - DEBUG - 自适应学习率: 0.8352
2025-04-08 11:55:50,099 - DEBUG - 第94代概率模型更新完成
2025-04-08 11:55:50,099 - DEBUG - 第94代完成，当前最优解完工时间: 1936，历史最优解完工时间: 1869
2025-04-08 11:55:50,547 - DEBUG - 
更新概率模型:
2025-04-08 11:55:50,547 - DEBUG - 多样性指标: 0.0407
2025-04-08 11:55:50,547 - DEBUG - 自适应学习率: 0.8307
2025-04-08 11:55:50,547 - DEBUG - 第95代概率模型更新完成
2025-04-08 11:55:50,547 - DEBUG - 第95代完成，当前最优解完工时间: 1945，历史最优解完工时间: 1869
2025-04-08 11:55:50,997 - DEBUG - 
更新概率模型:
2025-04-08 11:55:50,999 - DEBUG - 多样性指标: 0.0441
2025-04-08 11:55:50,999 - DEBUG - 自适应学习率: 0.8401
2025-04-08 11:55:50,999 - DEBUG - 第96代概率模型更新完成
2025-04-08 11:55:50,999 - DEBUG - 第96代完成，当前最优解完工时间: 1921，历史最优解完工时间: 1869
2025-04-08 11:55:51,455 - DEBUG - 
更新概率模型:
2025-04-08 11:55:51,455 - DEBUG - 多样性指标: 0.0404
2025-04-08 11:55:51,455 - DEBUG - 自适应学习率: 0.8327
2025-04-08 11:55:51,455 - DEBUG - 第97代概率模型更新完成
2025-04-08 11:55:51,455 - DEBUG - 第97代完成，当前最优解完工时间: 1948，历史最优解完工时间: 1869
2025-04-08 11:55:51,904 - DEBUG - 
更新概率模型:
2025-04-08 11:55:51,904 - DEBUG - 多样性指标: 0.0386
2025-04-08 11:55:51,904 - DEBUG - 自适应学习率: 0.8289
2025-04-08 11:55:51,904 - DEBUG - 第98代概率模型更新完成
2025-04-08 11:55:51,904 - DEBUG - 第98代完成，当前最优解完工时间: 1954，历史最优解完工时间: 1869
2025-04-08 11:55:52,350 - DEBUG - 
更新概率模型:
2025-04-08 11:55:52,350 - DEBUG - 多样性指标: 0.0414
2025-04-08 11:55:52,350 - DEBUG - 自适应学习率: 0.8297
2025-04-08 11:55:52,351 - DEBUG - 第99代概率模型更新完成
2025-04-08 11:55:52,351 - DEBUG - 第99代完成，当前最优解完工时间: 1948，历史最优解完工时间: 1869
2025-04-08 11:55:52,803 - DEBUG - 
更新概率模型:
2025-04-08 11:55:52,803 - DEBUG - 多样性指标: 0.0428
2025-04-08 11:55:52,803 - DEBUG - 自适应学习率: 0.8316
2025-04-08 11:55:52,803 - DEBUG - 第100代概率模型更新完成
2025-04-08 11:55:52,803 - DEBUG - 第100代完成，当前最优解完工时间: 1960，历史最优解完工时间: 1869
2025-04-08 11:55:53,252 - DEBUG - 
更新概率模型:
2025-04-08 11:55:53,252 - DEBUG - 多样性指标: 0.0442
2025-04-08 11:55:53,253 - DEBUG - 自适应学习率: 0.8285
2025-04-08 11:55:53,253 - DEBUG - 第101代概率模型更新完成
2025-04-08 11:55:53,253 - DEBUG - 第101代完成，当前最优解完工时间: 1959，历史最优解完工时间: 1869
2025-04-08 11:55:53,704 - DEBUG - 
更新概率模型:
2025-04-08 11:55:53,704 - DEBUG - 多样性指标: 0.0454
2025-04-08 11:55:53,704 - DEBUG - 自适应学习率: 0.8374
2025-04-08 11:55:53,704 - DEBUG - 第102代概率模型更新完成
2025-04-08 11:55:53,704 - DEBUG - 第102代完成，当前最优解完工时间: 1922，历史最优解完工时间: 1869
2025-04-08 11:55:54,154 - DEBUG - 
更新概率模型:
2025-04-08 11:55:54,155 - DEBUG - 多样性指标: 0.0395
2025-04-08 11:55:54,155 - DEBUG - 自适应学习率: 0.8361
2025-04-08 11:55:54,155 - DEBUG - 第103代概率模型更新完成
2025-04-08 11:55:54,155 - DEBUG - 第103代完成，当前最优解完工时间: 1925，历史最优解完工时间: 1869
2025-04-08 11:55:54,605 - DEBUG - 
更新概率模型:
2025-04-08 11:55:54,605 - DEBUG - 多样性指标: 0.0376
2025-04-08 11:55:54,605 - DEBUG - 自适应学习率: 0.8293
2025-04-08 11:55:54,605 - DEBUG - 第104代概率模型更新完成
2025-04-08 11:55:54,605 - DEBUG - 第104代完成，当前最优解完工时间: 1947，历史最优解完工时间: 1869
2025-04-08 11:55:55,057 - DEBUG - 
更新概率模型:
2025-04-08 11:55:55,057 - DEBUG - 多样性指标: 0.0439
2025-04-08 11:55:55,057 - DEBUG - 自适应学习率: 0.8315
2025-04-08 11:55:55,057 - DEBUG - 第105代概率模型更新完成
2025-04-08 11:55:55,057 - DEBUG - 第105代完成，当前最优解完工时间: 1940，历史最优解完工时间: 1869
2025-04-08 11:55:55,512 - DEBUG - 
更新概率模型:
2025-04-08 11:55:55,512 - DEBUG - 多样性指标: 0.0391
2025-04-08 11:55:55,512 - DEBUG - 自适应学习率: 0.8322
2025-04-08 11:55:55,512 - DEBUG - 第106代概率模型更新完成
2025-04-08 11:55:55,512 - DEBUG - 第106代完成，当前最优解完工时间: 1949，历史最优解完工时间: 1869
2025-04-08 11:55:55,970 - DEBUG - 
更新概率模型:
2025-04-08 11:55:55,970 - DEBUG - 多样性指标: 0.0424
2025-04-08 11:55:55,971 - DEBUG - 自适应学习率: 0.8340
2025-04-08 11:55:55,971 - DEBUG - 第107代概率模型更新完成
2025-04-08 11:55:55,971 - DEBUG - 第107代完成，当前最优解完工时间: 1927，历史最优解完工时间: 1869
2025-04-08 11:55:56,429 - DEBUG - 
更新概率模型:
2025-04-08 11:55:56,429 - DEBUG - 多样性指标: 0.0427
2025-04-08 11:55:56,429 - DEBUG - 自适应学习率: 0.8345
2025-04-08 11:55:56,429 - DEBUG - 第108代概率模型更新完成
2025-04-08 11:55:56,429 - DEBUG - 第108代完成，当前最优解完工时间: 1935，历史最优解完工时间: 1869
2025-04-08 11:55:56,882 - DEBUG - 
更新概率模型:
2025-04-08 11:55:56,882 - DEBUG - 多样性指标: 0.0437
2025-04-08 11:55:56,882 - DEBUG - 自适应学习率: 0.8341
2025-04-08 11:55:56,882 - DEBUG - 第109代概率模型更新完成
2025-04-08 11:55:56,882 - DEBUG - 第109代完成，当前最优解完工时间: 1934，历史最优解完工时间: 1869
2025-04-08 11:55:57,336 - DEBUG - 
更新概率模型:
2025-04-08 11:55:57,336 - DEBUG - 多样性指标: 0.0366
2025-04-08 11:55:57,336 - DEBUG - 自适应学习率: 0.8280
2025-04-08 11:55:57,336 - DEBUG - 第110代概率模型更新完成
2025-04-08 11:55:57,336 - DEBUG - 第110代完成，当前最优解完工时间: 1961，历史最优解完工时间: 1869
2025-04-08 11:55:57,795 - DEBUG - 
更新概率模型:
2025-04-08 11:55:57,795 - DEBUG - 多样性指标: 0.0352
2025-04-08 11:55:57,795 - DEBUG - 自适应学习率: 0.8288
2025-04-08 11:55:57,795 - DEBUG - 第111代概率模型更新完成
2025-04-08 11:55:57,795 - DEBUG - 第111代完成，当前最优解完工时间: 1941，历史最优解完工时间: 1869
2025-04-08 11:55:58,255 - DEBUG - 
更新概率模型:
2025-04-08 11:55:58,255 - DEBUG - 多样性指标: 0.0434
2025-04-08 11:55:58,255 - DEBUG - 自适应学习率: 0.8391
2025-04-08 11:55:58,255 - DEBUG - 第112代概率模型更新完成
2025-04-08 11:55:58,255 - DEBUG - 第112代完成，当前最优解完工时间: 1917，历史最优解完工时间: 1869
2025-04-08 11:55:58,711 - DEBUG - 
更新概率模型:
2025-04-08 11:55:58,711 - DEBUG - 多样性指标: 0.0395
2025-04-08 11:55:58,711 - DEBUG - 自适应学习率: 0.8339
2025-04-08 11:55:58,711 - DEBUG - 第113代概率模型更新完成
2025-04-08 11:55:58,711 - DEBUG - 第113代完成，当前最优解完工时间: 1935，历史最优解完工时间: 1869
2025-04-08 11:55:59,161 - DEBUG - 
更新概率模型:
2025-04-08 11:55:59,161 - DEBUG - 多样性指标: 0.0386
2025-04-08 11:55:59,161 - DEBUG - 自适应学习率: 0.8350
2025-04-08 11:55:59,161 - DEBUG - 第114代概率模型更新完成
2025-04-08 11:55:59,161 - DEBUG - 第114代完成，当前最优解完工时间: 1925，历史最优解完工时间: 1869
2025-04-08 11:55:59,614 - DEBUG - 
更新概率模型:
2025-04-08 11:55:59,614 - DEBUG - 多样性指标: 0.0462
2025-04-08 11:55:59,614 - DEBUG - 自适应学习率: 0.8363
2025-04-08 11:55:59,614 - DEBUG - 第115代概率模型更新完成
2025-04-08 11:55:59,614 - DEBUG - 第115代完成，当前最优解完工时间: 1928，历史最优解完工时间: 1869
2025-04-08 11:56:00,069 - DEBUG - 
更新概率模型:
2025-04-08 11:56:00,069 - DEBUG - 多样性指标: 0.0344
2025-04-08 11:56:00,069 - DEBUG - 自适应学习率: 0.8315
2025-04-08 11:56:00,070 - DEBUG - 第116代概率模型更新完成
2025-04-08 11:56:00,070 - DEBUG - 第116代完成，当前最优解完工时间: 1948，历史最优解完工时间: 1869
2025-04-08 11:56:00,526 - DEBUG - 
更新概率模型:
2025-04-08 11:56:00,526 - DEBUG - 多样性指标: 0.0415
2025-04-08 11:56:00,526 - DEBUG - 自适应学习率: 0.8369
2025-04-08 11:56:00,526 - DEBUG - 第117代概率模型更新完成
2025-04-08 11:56:00,526 - DEBUG - 第117代完成，当前最优解完工时间: 1930，历史最优解完工时间: 1869
2025-04-08 11:56:00,982 - DEBUG - 
更新概率模型:
2025-04-08 11:56:00,982 - DEBUG - 多样性指标: 0.0441
2025-04-08 11:56:00,982 - DEBUG - 自适应学习率: 0.8401
2025-04-08 11:56:00,982 - DEBUG - 第118代概率模型更新完成
2025-04-08 11:56:00,982 - DEBUG - 第118代完成，当前最优解完工时间: 1927，历史最优解完工时间: 1869
2025-04-08 11:56:01,437 - DEBUG - 
更新概率模型:
2025-04-08 11:56:01,437 - DEBUG - 多样性指标: 0.0381
2025-04-08 11:56:01,437 - DEBUG - 自适应学习率: 0.8345
2025-04-08 11:56:01,437 - DEBUG - 第119代概率模型更新完成
2025-04-08 11:56:01,437 - DEBUG - 第119代完成，当前最优解完工时间: 1935，历史最优解完工时间: 1869
2025-04-08 11:56:01,892 - DEBUG - 
更新概率模型:
2025-04-08 11:56:01,892 - DEBUG - 多样性指标: 0.0433
2025-04-08 11:56:01,892 - DEBUG - 自适应学习率: 0.8333
2025-04-08 11:56:01,892 - DEBUG - 第120代概率模型更新完成
2025-04-08 11:56:01,893 - DEBUG - 第120代完成，当前最优解完工时间: 1935，历史最优解完工时间: 1869
2025-04-08 11:56:02,344 - DEBUG - 
更新概率模型:
2025-04-08 11:56:02,344 - DEBUG - 多样性指标: 0.0454
2025-04-08 11:56:02,344 - DEBUG - 自适应学习率: 0.8317
2025-04-08 11:56:02,344 - DEBUG - 第121代概率模型更新完成
2025-04-08 11:56:02,344 - DEBUG - 第121代完成，当前最优解完工时间: 1940，历史最优解完工时间: 1869
2025-04-08 11:56:02,797 - DEBUG - 
更新概率模型:
2025-04-08 11:56:02,797 - DEBUG - 多样性指标: 0.0422
2025-04-08 11:56:02,797 - DEBUG - 自适应学习率: 0.8363
2025-04-08 11:56:02,797 - DEBUG - 第122代概率模型更新完成
2025-04-08 11:56:02,797 - DEBUG - 第122代完成，当前最优解完工时间: 1914，历史最优解完工时间: 1869
2025-04-08 11:56:03,249 - DEBUG - 
更新概率模型:
2025-04-08 11:56:03,249 - DEBUG - 多样性指标: 0.0409
2025-04-08 11:56:03,249 - DEBUG - 自适应学习率: 0.8318
2025-04-08 11:56:03,249 - DEBUG - 第123代概率模型更新完成
2025-04-08 11:56:03,249 - DEBUG - 第123代完成，当前最优解完工时间: 1946，历史最优解完工时间: 1869
2025-04-08 11:56:03,708 - DEBUG - 
更新概率模型:
2025-04-08 11:56:03,708 - DEBUG - 多样性指标: 0.0410
2025-04-08 11:56:03,708 - DEBUG - 自适应学习率: 0.8418
2025-04-08 11:56:03,709 - DEBUG - 第124代概率模型更新完成
2025-04-08 11:56:03,709 - DEBUG - 第124代完成，当前最优解完工时间: 1886，历史最优解完工时间: 1869
2025-04-08 11:56:04,161 - DEBUG - 
更新概率模型:
2025-04-08 11:56:04,161 - DEBUG - 多样性指标: 0.0380
2025-04-08 11:56:04,161 - DEBUG - 自适应学习率: 0.8319
2025-04-08 11:56:04,161 - DEBUG - 第125代概率模型更新完成
2025-04-08 11:56:04,161 - DEBUG - 第125代完成，当前最优解完工时间: 1950，历史最优解完工时间: 1869
2025-04-08 11:56:04,614 - DEBUG - 
更新概率模型:
2025-04-08 11:56:04,614 - DEBUG - 多样性指标: 0.0431
2025-04-08 11:56:04,614 - DEBUG - 自适应学习率: 0.8312
2025-04-08 11:56:04,614 - DEBUG - 第126代概率模型更新完成
2025-04-08 11:56:04,614 - DEBUG - 第126代完成，当前最优解完工时间: 1947，历史最优解完工时间: 1869
2025-04-08 11:56:05,069 - DEBUG - 
更新概率模型:
2025-04-08 11:56:05,069 - DEBUG - 多样性指标: 0.0422
2025-04-08 11:56:05,069 - DEBUG - 自适应学习率: 0.8359
2025-04-08 11:56:05,069 - DEBUG - 第127代概率模型更新完成
2025-04-08 11:56:05,069 - DEBUG - 第127代完成，当前最优解完工时间: 1932，历史最优解完工时间: 1869
2025-04-08 11:56:05,525 - DEBUG - 
更新概率模型:
2025-04-08 11:56:05,525 - DEBUG - 多样性指标: 0.0372
2025-04-08 11:56:05,525 - DEBUG - 自适应学习率: 0.8311
2025-04-08 11:56:05,525 - DEBUG - 第128代概率模型更新完成
2025-04-08 11:56:05,525 - DEBUG - 第128代完成，当前最优解完工时间: 1935，历史最优解完工时间: 1869
2025-04-08 11:56:05,982 - DEBUG - 
更新概率模型:
2025-04-08 11:56:05,982 - DEBUG - 多样性指标: 0.0421
2025-04-08 11:56:05,982 - DEBUG - 自适应学习率: 0.8345
2025-04-08 11:56:05,982 - DEBUG - 第129代概率模型更新完成
2025-04-08 11:56:05,982 - DEBUG - 第129代完成，当前最优解完工时间: 1936，历史最优解完工时间: 1869
2025-04-08 11:56:06,440 - DEBUG - 
更新概率模型:
2025-04-08 11:56:06,440 - DEBUG - 多样性指标: 0.0360
2025-04-08 11:56:06,440 - DEBUG - 自适应学习率: 0.8292
2025-04-08 11:56:06,440 - DEBUG - 第130代概率模型更新完成
2025-04-08 11:56:06,440 - DEBUG - 第130代完成，当前最优解完工时间: 1953，历史最优解完工时间: 1869
2025-04-08 11:56:06,904 - DEBUG - 
更新概率模型:
2025-04-08 11:56:06,904 - DEBUG - 多样性指标: 0.0442
2025-04-08 11:56:06,904 - DEBUG - 自适应学习率: 0.8381
2025-04-08 11:56:06,904 - DEBUG - 第131代概率模型更新完成
2025-04-08 11:56:06,904 - DEBUG - 第131代完成，当前最优解完工时间: 1928，历史最优解完工时间: 1869
2025-04-08 11:56:07,358 - DEBUG - 
更新概率模型:
2025-04-08 11:56:07,358 - DEBUG - 多样性指标: 0.0400
2025-04-08 11:56:07,358 - DEBUG - 自适应学习率: 0.8296
2025-04-08 11:56:07,358 - DEBUG - 第132代概率模型更新完成
2025-04-08 11:56:07,358 - DEBUG - 第132代完成，当前最优解完工时间: 1952，历史最优解完工时间: 1869
2025-04-08 11:56:07,809 - DEBUG - 
更新概率模型:
2025-04-08 11:56:07,809 - DEBUG - 多样性指标: 0.0397
2025-04-08 11:56:07,809 - DEBUG - 自适应学习率: 0.8273
2025-04-08 11:56:07,809 - DEBUG - 第133代概率模型更新完成
2025-04-08 11:56:07,809 - DEBUG - 第133代完成，当前最优解完工时间: 1948，历史最优解完工时间: 1869
2025-04-08 11:56:08,258 - DEBUG - 
更新概率模型:
2025-04-08 11:56:08,258 - DEBUG - 多样性指标: 0.0382
2025-04-08 11:56:08,258 - DEBUG - 自适应学习率: 0.8330
2025-04-08 11:56:08,258 - DEBUG - 第134代概率模型更新完成
2025-04-08 11:56:08,258 - DEBUG - 第134代完成，当前最优解完工时间: 1930，历史最优解完工时间: 1869
2025-04-08 11:56:08,720 - DEBUG - 
更新概率模型:
2025-04-08 11:56:08,720 - DEBUG - 多样性指标: 0.0409
2025-04-08 11:56:08,720 - DEBUG - 自适应学习率: 0.8352
2025-04-08 11:56:08,720 - DEBUG - 第135代概率模型更新完成
2025-04-08 11:56:08,720 - DEBUG - 第135代完成，当前最优解完工时间: 1919，历史最优解完工时间: 1869
2025-04-08 11:56:09,175 - DEBUG - 
更新概率模型:
2025-04-08 11:56:09,175 - DEBUG - 多样性指标: 0.0413
2025-04-08 11:56:09,175 - DEBUG - 自适应学习率: 0.8343
2025-04-08 11:56:09,175 - DEBUG - 第136代概率模型更新完成
2025-04-08 11:56:09,175 - DEBUG - 第136代完成，当前最优解完工时间: 1924，历史最优解完工时间: 1869
2025-04-08 11:56:09,628 - DEBUG - 
更新概率模型:
2025-04-08 11:56:09,628 - DEBUG - 多样性指标: 0.0420
2025-04-08 11:56:09,628 - DEBUG - 自适应学习率: 0.8315
2025-04-08 11:56:09,628 - DEBUG - 第137代概率模型更新完成
2025-04-08 11:56:09,628 - DEBUG - 第137代完成，当前最优解完工时间: 1938，历史最优解完工时间: 1869
2025-04-08 11:56:10,083 - DEBUG - 
更新概率模型:
2025-04-08 11:56:10,083 - DEBUG - 多样性指标: 0.0438
2025-04-08 11:56:10,083 - DEBUG - 自适应学习率: 0.8402
2025-04-08 11:56:10,083 - DEBUG - 第138代概率模型更新完成
2025-04-08 11:56:10,083 - DEBUG - 第138代完成，当前最优解完工时间: 1918，历史最优解完工时间: 1869
2025-04-08 11:56:10,544 - DEBUG - 
更新概率模型:
2025-04-08 11:56:10,544 - DEBUG - 多样性指标: 0.0424
2025-04-08 11:56:10,544 - DEBUG - 自适应学习率: 0.8333
2025-04-08 11:56:10,544 - DEBUG - 第139代概率模型更新完成
2025-04-08 11:56:10,544 - DEBUG - 第139代完成，当前最优解完工时间: 1931，历史最优解完工时间: 1869
2025-04-08 11:56:11,006 - DEBUG - 
更新概率模型:
2025-04-08 11:56:11,006 - DEBUG - 多样性指标: 0.0467
2025-04-08 11:56:11,006 - DEBUG - 自适应学习率: 0.8380
2025-04-08 11:56:11,006 - DEBUG - 第140代概率模型更新完成
2025-04-08 11:56:11,006 - DEBUG - 第140代完成，当前最优解完工时间: 1923，历史最优解完工时间: 1869
2025-04-08 11:56:11,468 - DEBUG - 
更新概率模型:
2025-04-08 11:56:11,469 - DEBUG - 多样性指标: 0.0407
2025-04-08 11:56:11,469 - DEBUG - 自适应学习率: 0.8264
2025-04-08 11:56:11,469 - DEBUG - 第141代概率模型更新完成
2025-04-08 11:56:11,469 - DEBUG - 第141代完成，当前最优解完工时间: 1969，历史最优解完工时间: 1869
2025-04-08 11:56:11,929 - DEBUG - 
更新概率模型:
2025-04-08 11:56:11,929 - DEBUG - 多样性指标: 0.0383
2025-04-08 11:56:11,929 - DEBUG - 自适应学习率: 0.8274
2025-04-08 11:56:11,929 - DEBUG - 第142代概率模型更新完成
2025-04-08 11:56:11,930 - DEBUG - 第142代完成，当前最优解完工时间: 1958，历史最优解完工时间: 1869
2025-04-08 11:56:12,393 - DEBUG - 
更新概率模型:
2025-04-08 11:56:12,393 - DEBUG - 多样性指标: 0.0470
2025-04-08 11:56:12,393 - DEBUG - 自适应学习率: 0.8384
2025-04-08 11:56:12,393 - DEBUG - 第143代概率模型更新完成
2025-04-08 11:56:12,394 - DEBUG - 第143代完成，当前最优解完工时间: 1927，历史最优解完工时间: 1869
2025-04-08 11:56:12,853 - DEBUG - 
更新概率模型:
2025-04-08 11:56:12,853 - DEBUG - 多样性指标: 0.0429
2025-04-08 11:56:12,853 - DEBUG - 自适应学习率: 0.8388
2025-04-08 11:56:12,853 - DEBUG - 第144代概率模型更新完成
2025-04-08 11:56:12,854 - DEBUG - 第144代完成，当前最优解完工时间: 1905，历史最优解完工时间: 1869
2025-04-08 11:56:13,315 - DEBUG - 
更新概率模型:
2025-04-08 11:56:13,315 - DEBUG - 多样性指标: 0.0491
2025-04-08 11:56:13,315 - DEBUG - 自适应学习率: 0.8378
2025-04-08 11:56:13,315 - DEBUG - 第145代概率模型更新完成
2025-04-08 11:56:13,315 - DEBUG - 第145代完成，当前最优解完工时间: 1930，历史最优解完工时间: 1869
2025-04-08 11:56:13,767 - DEBUG - 
更新概率模型:
2025-04-08 11:56:13,768 - DEBUG - 多样性指标: 0.0397
2025-04-08 11:56:13,768 - DEBUG - 自适应学习率: 0.8307
2025-04-08 11:56:13,768 - DEBUG - 第146代概率模型更新完成
2025-04-08 11:56:13,768 - DEBUG - 第146代完成，当前最优解完工时间: 1942，历史最优解完工时间: 1869
2025-04-08 11:56:14,237 - DEBUG - 
更新概率模型:
2025-04-08 11:56:14,237 - DEBUG - 多样性指标: 0.0412
2025-04-08 11:56:14,237 - DEBUG - 自适应学习率: 0.8381
2025-04-08 11:56:14,237 - DEBUG - 第147代概率模型更新完成
2025-04-08 11:56:14,237 - DEBUG - 第147代完成，当前最优解完工时间: 1902，历史最优解完工时间: 1869
2025-04-08 11:56:14,689 - DEBUG - 
更新概率模型:
2025-04-08 11:56:14,689 - DEBUG - 多样性指标: 0.0411
2025-04-08 11:56:14,689 - DEBUG - 自适应学习率: 0.8460
2025-04-08 11:56:14,689 - DEBUG - 第148代概率模型更新完成
2025-04-08 11:56:14,689 - INFO - In generation 149，New best makespan: 1868.00
2025-04-08 11:56:14,690 - DEBUG - 第148代完成，当前最优解完工时间: 1868，历史最优解完工时间: 1868
2025-04-08 11:56:15,147 - DEBUG - 
更新概率模型:
2025-04-08 11:56:15,147 - DEBUG - 多样性指标: 0.0392
2025-04-08 11:56:15,147 - DEBUG - 自适应学习率: 0.8305
2025-04-08 11:56:15,147 - DEBUG - 第149代概率模型更新完成
2025-04-08 11:56:15,147 - DEBUG - 第149代完成，当前最优解完工时间: 1935，历史最优解完工时间: 1868
2025-04-08 11:56:15,601 - DEBUG - 
更新概率模型:
2025-04-08 11:56:15,601 - DEBUG - 多样性指标: 0.0422
2025-04-08 11:56:15,601 - DEBUG - 自适应学习率: 0.8371
2025-04-08 11:56:15,601 - DEBUG - 第150代概率模型更新完成
2025-04-08 11:56:15,601 - DEBUG - 第150代完成，当前最优解完工时间: 1918，历史最优解完工时间: 1868
2025-04-08 11:56:16,054 - DEBUG - 
更新概率模型:
2025-04-08 11:56:16,054 - DEBUG - 多样性指标: 0.0391
2025-04-08 11:56:16,054 - DEBUG - 自适应学习率: 0.8344
2025-04-08 11:56:16,054 - DEBUG - 第151代概率模型更新完成
2025-04-08 11:56:16,054 - DEBUG - 第151代完成，当前最优解完工时间: 1912，历史最优解完工时间: 1868
2025-04-08 11:56:16,506 - DEBUG - 
更新概率模型:
2025-04-08 11:56:16,506 - DEBUG - 多样性指标: 0.0496
2025-04-08 11:56:16,506 - DEBUG - 自适应学习率: 0.8329
2025-04-08 11:56:16,506 - DEBUG - 第152代概率模型更新完成
2025-04-08 11:56:16,506 - DEBUG - 第152代完成，当前最优解完工时间: 1952，历史最优解完工时间: 1868
2025-04-08 11:56:16,958 - DEBUG - 
更新概率模型:
2025-04-08 11:56:16,958 - DEBUG - 多样性指标: 0.0389
2025-04-08 11:56:16,958 - DEBUG - 自适应学习率: 0.8320
2025-04-08 11:56:16,958 - DEBUG - 第153代概率模型更新完成
2025-04-08 11:56:16,958 - DEBUG - 第153代完成，当前最优解完工时间: 1938，历史最优解完工时间: 1868
2025-04-08 11:56:17,406 - DEBUG - 
更新概率模型:
2025-04-08 11:56:17,406 - DEBUG - 多样性指标: 0.0339
2025-04-08 11:56:17,406 - DEBUG - 自适应学习率: 0.8289
2025-04-08 11:56:17,406 - DEBUG - 第154代概率模型更新完成
2025-04-08 11:56:17,406 - DEBUG - 第154代完成，当前最优解完工时间: 1954，历史最优解完工时间: 1868
2025-04-08 11:56:17,863 - DEBUG - 
更新概率模型:
2025-04-08 11:56:17,863 - DEBUG - 多样性指标: 0.0376
2025-04-08 11:56:17,863 - DEBUG - 自适应学习率: 0.8301
2025-04-08 11:56:17,863 - DEBUG - 第155代概率模型更新完成
2025-04-08 11:56:17,863 - DEBUG - 第155代完成，当前最优解完工时间: 1952，历史最优解完工时间: 1868
2025-04-08 11:56:18,314 - DEBUG - 
更新概率模型:
2025-04-08 11:56:18,314 - DEBUG - 多样性指标: 0.0426
2025-04-08 11:56:18,314 - DEBUG - 自适应学习率: 0.8364
2025-04-08 11:56:18,314 - DEBUG - 第156代概率模型更新完成
2025-04-08 11:56:18,314 - DEBUG - 第156代完成，当前最优解完工时间: 1926，历史最优解完工时间: 1868
2025-04-08 11:56:18,768 - DEBUG - 
更新概率模型:
2025-04-08 11:56:18,768 - DEBUG - 多样性指标: 0.0420
2025-04-08 11:56:18,768 - DEBUG - 自适应学习率: 0.8287
2025-04-08 11:56:18,768 - DEBUG - 第157代概率模型更新完成
2025-04-08 11:56:18,768 - DEBUG - 第157代完成，当前最优解完工时间: 1957，历史最优解完工时间: 1868
2025-04-08 11:56:19,218 - DEBUG - 
更新概率模型:
2025-04-08 11:56:19,218 - DEBUG - 多样性指标: 0.0380
2025-04-08 11:56:19,218 - DEBUG - 自适应学习率: 0.8300
2025-04-08 11:56:19,218 - DEBUG - 第158代概率模型更新完成
2025-04-08 11:56:19,218 - DEBUG - 第158代完成，当前最优解完工时间: 1952，历史最优解完工时间: 1868
2025-04-08 11:56:19,670 - DEBUG - 
更新概率模型:
2025-04-08 11:56:19,670 - DEBUG - 多样性指标: 0.0460
2025-04-08 11:56:19,670 - DEBUG - 自适应学习率: 0.8346
2025-04-08 11:56:19,670 - DEBUG - 第159代概率模型更新完成
2025-04-08 11:56:19,670 - DEBUG - 第159代完成，当前最优解完工时间: 1938，历史最优解完工时间: 1868
2025-04-08 11:56:20,121 - DEBUG - 
更新概率模型:
2025-04-08 11:56:20,121 - DEBUG - 多样性指标: 0.0406
2025-04-08 11:56:20,121 - DEBUG - 自适应学习率: 0.8382
2025-04-08 11:56:20,121 - DEBUG - 第160代概率模型更新完成
2025-04-08 11:56:20,121 - DEBUG - 第160代完成，当前最优解完工时间: 1918，历史最优解完工时间: 1868
2025-04-08 11:56:20,582 - DEBUG - 
更新概率模型:
2025-04-08 11:56:20,583 - DEBUG - 多样性指标: 0.0412
2025-04-08 11:56:20,583 - DEBUG - 自适应学习率: 0.8305
2025-04-08 11:56:20,583 - DEBUG - 第161代概率模型更新完成
2025-04-08 11:56:20,583 - DEBUG - 第161代完成，当前最优解完工时间: 1951，历史最优解完工时间: 1868
2025-04-08 11:56:21,044 - DEBUG - 
更新概率模型:
2025-04-08 11:56:21,044 - DEBUG - 多样性指标: 0.0416
2025-04-08 11:56:21,044 - DEBUG - 自适应学习率: 0.8307
2025-04-08 11:56:21,044 - DEBUG - 第162代概率模型更新完成
2025-04-08 11:56:21,044 - DEBUG - 第162代完成，当前最优解完工时间: 1951，历史最优解完工时间: 1868
2025-04-08 11:56:21,500 - DEBUG - 
更新概率模型:
2025-04-08 11:56:21,500 - DEBUG - 多样性指标: 0.0316
2025-04-08 11:56:21,500 - DEBUG - 自适应学习率: 0.8274
2025-04-08 11:56:21,500 - DEBUG - 第163代概率模型更新完成
2025-04-08 11:56:21,500 - DEBUG - 第163代完成，当前最优解完工时间: 1952，历史最优解完工时间: 1868
2025-04-08 11:56:21,960 - DEBUG - 
更新概率模型:
2025-04-08 11:56:21,960 - DEBUG - 多样性指标: 0.0373
2025-04-08 11:56:21,960 - DEBUG - 自适应学习率: 0.8317
2025-04-08 11:56:21,960 - DEBUG - 第164代概率模型更新完成
2025-04-08 11:56:21,960 - DEBUG - 第164代完成，当前最优解完工时间: 1922，历史最优解完工时间: 1868
2025-04-08 11:56:22,410 - DEBUG - 
更新概率模型:
2025-04-08 11:56:22,410 - DEBUG - 多样性指标: 0.0419
2025-04-08 11:56:22,410 - DEBUG - 自适应学习率: 0.8329
2025-04-08 11:56:22,410 - DEBUG - 第165代概率模型更新完成
2025-04-08 11:56:22,410 - DEBUG - 第165代完成，当前最优解完工时间: 1948，历史最优解完工时间: 1868
2025-04-08 11:56:22,865 - DEBUG - 
更新概率模型:
2025-04-08 11:56:22,865 - DEBUG - 多样性指标: 0.0357
2025-04-08 11:56:22,865 - DEBUG - 自适应学习率: 0.8344
2025-04-08 11:56:22,865 - DEBUG - 第166代概率模型更新完成
2025-04-08 11:56:22,865 - DEBUG - 第166代完成，当前最优解完工时间: 1920，历史最优解完工时间: 1868
2025-04-08 11:56:23,317 - DEBUG - 
更新概率模型:
2025-04-08 11:56:23,317 - DEBUG - 多样性指标: 0.0388
2025-04-08 11:56:23,317 - DEBUG - 自适应学习率: 0.8310
2025-04-08 11:56:23,317 - DEBUG - 第167代概率模型更新完成
2025-04-08 11:56:23,317 - DEBUG - 第167代完成，当前最优解完工时间: 1954，历史最优解完工时间: 1868
2025-04-08 11:56:23,774 - DEBUG - 
更新概率模型:
2025-04-08 11:56:23,774 - DEBUG - 多样性指标: 0.0469
2025-04-08 11:56:23,774 - DEBUG - 自适应学习率: 0.8411
2025-04-08 11:56:23,774 - DEBUG - 第168代概率模型更新完成
2025-04-08 11:56:23,774 - DEBUG - 第168代完成，当前最优解完工时间: 1918，历史最优解完工时间: 1868
2025-04-08 11:56:24,231 - DEBUG - 
更新概率模型:
2025-04-08 11:56:24,231 - DEBUG - 多样性指标: 0.0383
2025-04-08 11:56:24,231 - DEBUG - 自适应学习率: 0.8318
2025-04-08 11:56:24,231 - DEBUG - 第169代概率模型更新完成
2025-04-08 11:56:24,231 - DEBUG - 第169代完成，当前最优解完工时间: 1958，历史最优解完工时间: 1868
2025-04-08 11:56:24,687 - DEBUG - 
更新概率模型:
2025-04-08 11:56:24,687 - DEBUG - 多样性指标: 0.0398
2025-04-08 11:56:24,687 - DEBUG - 自适应学习率: 0.8282
2025-04-08 11:56:24,687 - DEBUG - 第170代概率模型更新完成
2025-04-08 11:56:24,687 - DEBUG - 第170代完成，当前最优解完工时间: 1979，历史最优解完工时间: 1868
2025-04-08 11:56:25,138 - DEBUG - 
更新概率模型:
2025-04-08 11:56:25,138 - DEBUG - 多样性指标: 0.0441
2025-04-08 11:56:25,138 - DEBUG - 自适应学习率: 0.8337
2025-04-08 11:56:25,138 - DEBUG - 第171代概率模型更新完成
2025-04-08 11:56:25,138 - DEBUG - 第171代完成，当前最优解完工时间: 1953，历史最优解完工时间: 1868
2025-04-08 11:56:25,592 - DEBUG - 
更新概率模型:
2025-04-08 11:56:25,592 - DEBUG - 多样性指标: 0.0424
2025-04-08 11:56:25,592 - DEBUG - 自适应学习率: 0.8412
2025-04-08 11:56:25,592 - DEBUG - 第172代概率模型更新完成
2025-04-08 11:56:25,592 - DEBUG - 第172代完成，当前最优解完工时间: 1907，历史最优解完工时间: 1868
2025-04-08 11:56:26,045 - DEBUG - 
更新概率模型:
2025-04-08 11:56:26,045 - DEBUG - 多样性指标: 0.0439
2025-04-08 11:56:26,045 - DEBUG - 自适应学习率: 0.8335
2025-04-08 11:56:26,045 - DEBUG - 第173代概率模型更新完成
2025-04-08 11:56:26,045 - DEBUG - 第173代完成，当前最优解完工时间: 1942，历史最优解完工时间: 1868
2025-04-08 11:56:26,494 - DEBUG - 
更新概率模型:
2025-04-08 11:56:26,495 - DEBUG - 多样性指标: 0.0423
2025-04-08 11:56:26,495 - DEBUG - 自适应学习率: 0.8323
2025-04-08 11:56:26,495 - DEBUG - 第174代概率模型更新完成
2025-04-08 11:56:26,495 - DEBUG - 第174代完成，当前最优解完工时间: 1932，历史最优解完工时间: 1868
2025-04-08 11:56:26,939 - DEBUG - 
更新概率模型:
2025-04-08 11:56:26,939 - DEBUG - 多样性指标: 0.0399
2025-04-08 11:56:26,939 - DEBUG - 自适应学习率: 0.8328
2025-04-08 11:56:26,939 - DEBUG - 第175代概率模型更新完成
2025-04-08 11:56:26,939 - DEBUG - 第175代完成，当前最优解完工时间: 1938，历史最优解完工时间: 1868
2025-04-08 11:56:27,384 - DEBUG - 
更新概率模型:
2025-04-08 11:56:27,384 - DEBUG - 多样性指标: 0.0401
2025-04-08 11:56:27,384 - DEBUG - 自适应学习率: 0.8305
2025-04-08 11:56:27,384 - DEBUG - 第176代概率模型更新完成
2025-04-08 11:56:27,384 - DEBUG - 第176代完成，当前最优解完工时间: 1943，历史最优解完工时间: 1868
2025-04-08 11:56:27,835 - DEBUG - 
更新概率模型:
2025-04-08 11:56:27,835 - DEBUG - 多样性指标: 0.0420
2025-04-08 11:56:27,835 - DEBUG - 自适应学习率: 0.8465
2025-04-08 11:56:27,835 - DEBUG - 第177代概率模型更新完成
2025-04-08 11:56:27,835 - DEBUG - 第177代完成，当前最优解完工时间: 1872，历史最优解完工时间: 1868
2025-04-08 11:56:28,282 - DEBUG - 
更新概率模型:
2025-04-08 11:56:28,283 - DEBUG - 多样性指标: 0.0469
2025-04-08 11:56:28,283 - DEBUG - 自适应学习率: 0.8320
2025-04-08 11:56:28,283 - DEBUG - 第178代概率模型更新完成
2025-04-08 11:56:28,283 - DEBUG - 第178代完成，当前最优解完工时间: 1940，历史最优解完工时间: 1868
2025-04-08 11:56:28,733 - DEBUG - 
更新概率模型:
2025-04-08 11:56:28,733 - DEBUG - 多样性指标: 0.0374
2025-04-08 11:56:28,733 - DEBUG - 自适应学习率: 0.8305
2025-04-08 11:56:28,733 - DEBUG - 第179代概率模型更新完成
2025-04-08 11:56:28,733 - DEBUG - 第179代完成，当前最优解完工时间: 1944，历史最优解完工时间: 1868
2025-04-08 11:56:29,180 - DEBUG - 
更新概率模型:
2025-04-08 11:56:29,180 - DEBUG - 多样性指标: 0.0459
2025-04-08 11:56:29,180 - DEBUG - 自适应学习率: 0.8304
2025-04-08 11:56:29,180 - DEBUG - 第180代概率模型更新完成
2025-04-08 11:56:29,180 - DEBUG - 第180代完成，当前最优解完工时间: 1942，历史最优解完工时间: 1868
2025-04-08 11:56:29,632 - DEBUG - 
更新概率模型:
2025-04-08 11:56:29,632 - DEBUG - 多样性指标: 0.0435
2025-04-08 11:56:29,632 - DEBUG - 自适应学习率: 0.8361
2025-04-08 11:56:29,632 - DEBUG - 第181代概率模型更新完成
2025-04-08 11:56:29,632 - DEBUG - 第181代完成，当前最优解完工时间: 1916，历史最优解完工时间: 1868
2025-04-08 11:56:30,085 - DEBUG - 
更新概率模型:
2025-04-08 11:56:30,085 - DEBUG - 多样性指标: 0.0402
2025-04-08 11:56:30,085 - DEBUG - 自适应学习率: 0.8350
2025-04-08 11:56:30,085 - DEBUG - 第182代概率模型更新完成
2025-04-08 11:56:30,085 - DEBUG - 第182代完成，当前最优解完工时间: 1936，历史最优解完工时间: 1868
2025-04-08 11:56:30,537 - DEBUG - 
更新概率模型:
2025-04-08 11:56:30,537 - DEBUG - 多样性指标: 0.0444
2025-04-08 11:56:30,537 - DEBUG - 自适应学习率: 0.8350
2025-04-08 11:56:30,537 - DEBUG - 第183代概率模型更新完成
2025-04-08 11:56:30,537 - DEBUG - 第183代完成，当前最优解完工时间: 1932，历史最优解完工时间: 1868
2025-04-08 11:56:30,984 - DEBUG - 
更新概率模型:
2025-04-08 11:56:30,984 - DEBUG - 多样性指标: 0.0434
2025-04-08 11:56:30,984 - DEBUG - 自适应学习率: 0.8368
2025-04-08 11:56:30,984 - DEBUG - 第184代概率模型更新完成
2025-04-08 11:56:30,984 - DEBUG - 第184代完成，当前最优解完工时间: 1920，历史最优解完工时间: 1868
2025-04-08 11:56:31,438 - DEBUG - 
更新概率模型:
2025-04-08 11:56:31,438 - DEBUG - 多样性指标: 0.0392
2025-04-08 11:56:31,438 - DEBUG - 自适应学习率: 0.8298
2025-04-08 11:56:31,438 - DEBUG - 第185代概率模型更新完成
2025-04-08 11:56:31,438 - DEBUG - 第185代完成，当前最优解完工时间: 1955，历史最优解完工时间: 1868
2025-04-08 11:56:31,922 - DEBUG - 
更新概率模型:
2025-04-08 11:56:31,922 - DEBUG - 多样性指标: 0.0413
2025-04-08 11:56:31,922 - DEBUG - 自适应学习率: 0.8372
2025-04-08 11:56:31,922 - DEBUG - 第186代概率模型更新完成
2025-04-08 11:56:31,922 - DEBUG - 第186代完成，当前最优解完工时间: 1922，历史最优解完工时间: 1868
2025-04-08 11:56:32,386 - DEBUG - 
更新概率模型:
2025-04-08 11:56:32,386 - DEBUG - 多样性指标: 0.0477
2025-04-08 11:56:32,386 - DEBUG - 自适应学习率: 0.8331
2025-04-08 11:56:32,386 - DEBUG - 第187代概率模型更新完成
2025-04-08 11:56:32,386 - DEBUG - 第187代完成，当前最优解完工时间: 1940，历史最优解完工时间: 1868
2025-04-08 11:56:32,850 - DEBUG - 
更新概率模型:
2025-04-08 11:56:32,850 - DEBUG - 多样性指标: 0.0396
2025-04-08 11:56:32,850 - DEBUG - 自适应学习率: 0.8305
2025-04-08 11:56:32,850 - DEBUG - 第188代概率模型更新完成
2025-04-08 11:56:32,850 - DEBUG - 第188代完成，当前最优解完工时间: 1956，历史最优解完工时间: 1868
2025-04-08 11:56:33,301 - DEBUG - 
更新概率模型:
2025-04-08 11:56:33,302 - DEBUG - 多样性指标: 0.0413
2025-04-08 11:56:33,302 - DEBUG - 自适应学习率: 0.8315
2025-04-08 11:56:33,302 - DEBUG - 第189代概率模型更新完成
2025-04-08 11:56:33,302 - DEBUG - 第189代完成，当前最优解完工时间: 1936，历史最优解完工时间: 1868
2025-04-08 11:56:33,760 - DEBUG - 
更新概率模型:
2025-04-08 11:56:33,760 - DEBUG - 多样性指标: 0.0440
2025-04-08 11:56:33,760 - DEBUG - 自适应学习率: 0.8347
2025-04-08 11:56:33,760 - DEBUG - 第190代概率模型更新完成
2025-04-08 11:56:33,760 - DEBUG - 第190代完成，当前最优解完工时间: 1931，历史最优解完工时间: 1868
2025-04-08 11:56:34,220 - DEBUG - 
更新概率模型:
2025-04-08 11:56:34,220 - DEBUG - 多样性指标: 0.0381
2025-04-08 11:56:34,220 - DEBUG - 自适应学习率: 0.8278
2025-04-08 11:56:34,220 - DEBUG - 第191代概率模型更新完成
2025-04-08 11:56:34,220 - DEBUG - 第191代完成，当前最优解完工时间: 1963，历史最优解完工时间: 1868
2025-04-08 11:56:34,681 - DEBUG - 
更新概率模型:
2025-04-08 11:56:34,681 - DEBUG - 多样性指标: 0.0433
2025-04-08 11:56:34,681 - DEBUG - 自适应学习率: 0.8393
2025-04-08 11:56:34,681 - DEBUG - 第192代概率模型更新完成
2025-04-08 11:56:34,681 - DEBUG - 第192代完成，当前最优解完工时间: 1926，历史最优解完工时间: 1868
2025-04-08 11:56:35,129 - DEBUG - 
更新概率模型:
2025-04-08 11:56:35,129 - DEBUG - 多样性指标: 0.0382
2025-04-08 11:56:35,130 - DEBUG - 自适应学习率: 0.8354
2025-04-08 11:56:35,130 - DEBUG - 第193代概率模型更新完成
2025-04-08 11:56:35,130 - DEBUG - 第193代完成，当前最优解完工时间: 1919，历史最优解完工时间: 1868
2025-04-08 11:56:35,582 - DEBUG - 
更新概率模型:
2025-04-08 11:56:35,582 - DEBUG - 多样性指标: 0.0361
2025-04-08 11:56:35,582 - DEBUG - 自适应学习率: 0.8312
2025-04-08 11:56:35,582 - DEBUG - 第194代概率模型更新完成
2025-04-08 11:56:35,582 - DEBUG - 第194代完成，当前最优解完工时间: 1946，历史最优解完工时间: 1868
2025-04-08 11:56:36,033 - DEBUG - 
更新概率模型:
2025-04-08 11:56:36,033 - DEBUG - 多样性指标: 0.0386
2025-04-08 11:56:36,034 - DEBUG - 自适应学习率: 0.8270
2025-04-08 11:56:36,034 - DEBUG - 第195代概率模型更新完成
2025-04-08 11:56:36,034 - DEBUG - 第195代完成，当前最优解完工时间: 1950，历史最优解完工时间: 1868
2025-04-08 11:56:36,489 - DEBUG - 
更新概率模型:
2025-04-08 11:56:36,489 - DEBUG - 多样性指标: 0.0413
2025-04-08 11:56:36,489 - DEBUG - 自适应学习率: 0.8282
2025-04-08 11:56:36,489 - DEBUG - 第196代概率模型更新完成
2025-04-08 11:56:36,489 - DEBUG - 第196代完成，当前最优解完工时间: 1961，历史最优解完工时间: 1868
2025-04-08 11:56:36,941 - DEBUG - 
更新概率模型:
2025-04-08 11:56:36,941 - DEBUG - 多样性指标: 0.0407
2025-04-08 11:56:36,941 - DEBUG - 自适应学习率: 0.8297
2025-04-08 11:56:36,941 - DEBUG - 第197代概率模型更新完成
2025-04-08 11:56:36,941 - DEBUG - 第197代完成，当前最优解完工时间: 1954，历史最优解完工时间: 1868
2025-04-08 11:56:37,386 - DEBUG - 
更新概率模型:
2025-04-08 11:56:37,387 - DEBUG - 多样性指标: 0.0432
2025-04-08 11:56:37,387 - DEBUG - 自适应学习率: 0.8345
2025-04-08 11:56:37,387 - DEBUG - 第198代概率模型更新完成
2025-04-08 11:56:37,387 - DEBUG - 第198代完成，当前最优解完工时间: 1929，历史最优解完工时间: 1868
2025-04-08 11:56:37,837 - DEBUG - 
更新概率模型:
2025-04-08 11:56:37,837 - DEBUG - 多样性指标: 0.0428
2025-04-08 11:56:37,837 - DEBUG - 自适应学习率: 0.8322
2025-04-08 11:56:37,837 - DEBUG - 第199代概率模型更新完成
2025-04-08 11:56:37,837 - DEBUG - 第199代完成，当前最优解完工时间: 1939，历史最优解完工时间: 1868
2025-04-08 11:56:38,288 - DEBUG - 
更新概率模型:
2025-04-08 11:56:38,288 - DEBUG - 多样性指标: 0.0441
2025-04-08 11:56:38,288 - DEBUG - 自适应学习率: 0.8461
2025-04-08 11:56:38,288 - DEBUG - 第200代概率模型更新完成
2025-04-08 11:56:38,288 - DEBUG - 第200代完成，当前最优解完工时间: 1869，历史最优解完工时间: 1868
2025-04-08 11:56:38,745 - DEBUG - 
更新概率模型:
2025-04-08 11:56:38,745 - DEBUG - 多样性指标: 0.0460
2025-04-08 11:56:38,745 - DEBUG - 自适应学习率: 0.8384
2025-04-08 11:56:38,745 - DEBUG - 第201代概率模型更新完成
2025-04-08 11:56:38,745 - DEBUG - 第201代完成，当前最优解完工时间: 1909，历史最优解完工时间: 1868
2025-04-08 11:56:39,203 - DEBUG - 
更新概率模型:
2025-04-08 11:56:39,203 - DEBUG - 多样性指标: 0.0458
2025-04-08 11:56:39,203 - DEBUG - 自适应学习率: 0.8409
2025-04-08 11:56:39,203 - DEBUG - 第202代概率模型更新完成
2025-04-08 11:56:39,203 - DEBUG - 第202代完成，当前最优解完工时间: 1910，历史最优解完工时间: 1868
2025-04-08 11:56:39,666 - DEBUG - 
更新概率模型:
2025-04-08 11:56:39,667 - DEBUG - 多样性指标: 0.0382
2025-04-08 11:56:39,667 - DEBUG - 自适应学习率: 0.8322
2025-04-08 11:56:39,667 - DEBUG - 第203代概率模型更新完成
2025-04-08 11:56:39,667 - DEBUG - 第203代完成，当前最优解完工时间: 1942，历史最优解完工时间: 1868
2025-04-08 11:56:40,121 - DEBUG - 
更新概率模型:
2025-04-08 11:56:40,121 - DEBUG - 多样性指标: 0.0368
2025-04-08 11:56:40,121 - DEBUG - 自适应学习率: 0.8284
2025-04-08 11:56:40,121 - DEBUG - 第204代概率模型更新完成
2025-04-08 11:56:40,121 - DEBUG - 第204代完成，当前最优解完工时间: 1944，历史最优解完工时间: 1868
2025-04-08 11:56:40,574 - DEBUG - 
更新概率模型:
2025-04-08 11:56:40,574 - DEBUG - 多样性指标: 0.0399
2025-04-08 11:56:40,574 - DEBUG - 自适应学习率: 0.8345
2025-04-08 11:56:40,574 - DEBUG - 第205代概率模型更新完成
2025-04-08 11:56:40,574 - DEBUG - 第205代完成，当前最优解完工时间: 1917，历史最优解完工时间: 1868
2025-04-08 11:56:41,033 - DEBUG - 
更新概率模型:
2025-04-08 11:56:41,033 - DEBUG - 多样性指标: 0.0439
2025-04-08 11:56:41,033 - DEBUG - 自适应学习率: 0.8391
2025-04-08 11:56:41,033 - DEBUG - 第206代概率模型更新完成
2025-04-08 11:56:41,033 - DEBUG - 第206代完成，当前最优解完工时间: 1904，历史最优解完工时间: 1868
2025-04-08 11:56:41,492 - DEBUG - 
更新概率模型:
2025-04-08 11:56:41,492 - DEBUG - 多样性指标: 0.0437
2025-04-08 11:56:41,492 - DEBUG - 自适应学习率: 0.8308
2025-04-08 11:56:41,492 - DEBUG - 第207代概率模型更新完成
2025-04-08 11:56:41,492 - DEBUG - 第207代完成，当前最优解完工时间: 1942，历史最优解完工时间: 1868
2025-04-08 11:56:41,949 - DEBUG - 
更新概率模型:
2025-04-08 11:56:41,949 - DEBUG - 多样性指标: 0.0458
2025-04-08 11:56:41,949 - DEBUG - 自适应学习率: 0.8338
2025-04-08 11:56:41,949 - DEBUG - 第208代概率模型更新完成
2025-04-08 11:56:41,949 - DEBUG - 第208代完成，当前最优解完工时间: 1947，历史最优解完工时间: 1868
2025-04-08 11:56:42,401 - DEBUG - 
更新概率模型:
2025-04-08 11:56:42,401 - DEBUG - 多样性指标: 0.0452
2025-04-08 11:56:42,401 - DEBUG - 自适应学习率: 0.8347
2025-04-08 11:56:42,401 - DEBUG - 第209代概率模型更新完成
2025-04-08 11:56:42,401 - DEBUG - 第209代完成，当前最优解完工时间: 1926，历史最优解完工时间: 1868
2025-04-08 11:56:42,860 - DEBUG - 
更新概率模型:
2025-04-08 11:56:42,860 - DEBUG - 多样性指标: 0.0379
2025-04-08 11:56:42,860 - DEBUG - 自适应学习率: 0.8283
2025-04-08 11:56:42,860 - DEBUG - 第210代概率模型更新完成
2025-04-08 11:56:42,860 - DEBUG - 第210代完成，当前最优解完工时间: 1951，历史最优解完工时间: 1868
2025-04-08 11:56:43,311 - DEBUG - 
更新概率模型:
2025-04-08 11:56:43,311 - DEBUG - 多样性指标: 0.0383
2025-04-08 11:56:43,311 - DEBUG - 自适应学习率: 0.8271
2025-04-08 11:56:43,311 - DEBUG - 第211代概率模型更新完成
2025-04-08 11:56:43,311 - DEBUG - 第211代完成，当前最优解完工时间: 1964，历史最优解完工时间: 1868
2025-04-08 11:56:43,776 - DEBUG - 
更新概率模型:
2025-04-08 11:56:43,776 - DEBUG - 多样性指标: 0.0374
2025-04-08 11:56:43,776 - DEBUG - 自适应学习率: 0.8370
2025-04-08 11:56:43,776 - DEBUG - 第212代概率模型更新完成
2025-04-08 11:56:43,776 - DEBUG - 第212代完成，当前最优解完工时间: 1924，历史最优解完工时间: 1868
2025-04-08 11:56:44,228 - DEBUG - 
更新概率模型:
2025-04-08 11:56:44,228 - DEBUG - 多样性指标: 0.0357
2025-04-08 11:56:44,228 - DEBUG - 自适应学习率: 0.8334
2025-04-08 11:56:44,228 - DEBUG - 第213代概率模型更新完成
2025-04-08 11:56:44,229 - DEBUG - 第213代完成，当前最优解完工时间: 1938，历史最优解完工时间: 1868
2025-04-08 11:56:44,686 - DEBUG - 
更新概率模型:
2025-04-08 11:56:44,686 - DEBUG - 多样性指标: 0.0380
2025-04-08 11:56:44,686 - DEBUG - 自适应学习率: 0.8407
2025-04-08 11:56:44,686 - DEBUG - 第214代概率模型更新完成
2025-04-08 11:56:44,686 - DEBUG - 第214代完成，当前最优解完工时间: 1895，历史最优解完工时间: 1868
2025-04-08 11:56:45,151 - DEBUG - 
更新概率模型:
2025-04-08 11:56:45,151 - DEBUG - 多样性指标: 0.0430
2025-04-08 11:56:45,151 - DEBUG - 自适应学习率: 0.8396
2025-04-08 11:56:45,151 - DEBUG - 第215代概率模型更新完成
2025-04-08 11:56:45,151 - DEBUG - 第215代完成，当前最优解完工时间: 1896，历史最优解完工时间: 1868
2025-04-08 11:56:45,611 - DEBUG - 
更新概率模型:
2025-04-08 11:56:45,612 - DEBUG - 多样性指标: 0.0421
2025-04-08 11:56:45,612 - DEBUG - 自适应学习率: 0.8263
2025-04-08 11:56:45,612 - DEBUG - 第216代概率模型更新完成
2025-04-08 11:56:45,612 - DEBUG - 第216代完成，当前最优解完工时间: 1965，历史最优解完工时间: 1868
2025-04-08 11:56:46,062 - DEBUG - 
更新概率模型:
2025-04-08 11:56:46,063 - DEBUG - 多样性指标: 0.0409
2025-04-08 11:56:46,063 - DEBUG - 自适应学习率: 0.8344
2025-04-08 11:56:46,063 - DEBUG - 第217代概率模型更新完成
2025-04-08 11:56:46,063 - DEBUG - 第217代完成，当前最优解完工时间: 1938，历史最优解完工时间: 1868
2025-04-08 11:56:46,520 - DEBUG - 
更新概率模型:
2025-04-08 11:56:46,520 - DEBUG - 多样性指标: 0.0398
2025-04-08 11:56:46,520 - DEBUG - 自适应学习率: 0.8374
2025-04-08 11:56:46,520 - DEBUG - 第218代概率模型更新完成
2025-04-08 11:56:46,520 - DEBUG - 第218代完成，当前最优解完工时间: 1918，历史最优解完工时间: 1868
2025-04-08 11:56:46,978 - DEBUG - 
更新概率模型:
2025-04-08 11:56:46,978 - DEBUG - 多样性指标: 0.0430
2025-04-08 11:56:46,978 - DEBUG - 自适应学习率: 0.8322
2025-04-08 11:56:46,978 - DEBUG - 第219代概率模型更新完成
2025-04-08 11:56:46,978 - DEBUG - 第219代完成，当前最优解完工时间: 1955，历史最优解完工时间: 1868
2025-04-08 11:56:47,434 - DEBUG - 
更新概率模型:
2025-04-08 11:56:47,434 - DEBUG - 多样性指标: 0.0418
2025-04-08 11:56:47,434 - DEBUG - 自适应学习率: 0.8337
2025-04-08 11:56:47,435 - DEBUG - 第220代概率模型更新完成
2025-04-08 11:56:47,435 - DEBUG - 第220代完成，当前最优解完工时间: 1935，历史最优解完工时间: 1868
2025-04-08 11:56:47,889 - DEBUG - 
更新概率模型:
2025-04-08 11:56:47,889 - DEBUG - 多样性指标: 0.0431
2025-04-08 11:56:47,889 - DEBUG - 自适应学习率: 0.8305
2025-04-08 11:56:47,889 - DEBUG - 第221代概率模型更新完成
2025-04-08 11:56:47,889 - DEBUG - 第221代完成，当前最优解完工时间: 1959，历史最优解完工时间: 1868
2025-04-08 11:56:48,337 - DEBUG - 
更新概率模型:
2025-04-08 11:56:48,337 - DEBUG - 多样性指标: 0.0417
2025-04-08 11:56:48,337 - DEBUG - 自适应学习率: 0.8375
2025-04-08 11:56:48,337 - DEBUG - 第222代概率模型更新完成
2025-04-08 11:56:48,337 - DEBUG - 第222代完成，当前最优解完工时间: 1930，历史最优解完工时间: 1868
2025-04-08 11:56:48,791 - DEBUG - 
更新概率模型:
2025-04-08 11:56:48,791 - DEBUG - 多样性指标: 0.0425
2025-04-08 11:56:48,791 - DEBUG - 自适应学习率: 0.8326
2025-04-08 11:56:48,791 - DEBUG - 第223代概率模型更新完成
2025-04-08 11:56:48,791 - DEBUG - 第223代完成，当前最优解完工时间: 1956，历史最优解完工时间: 1868
2025-04-08 11:56:49,245 - DEBUG - 
更新概率模型:
2025-04-08 11:56:49,245 - DEBUG - 多样性指标: 0.0421
2025-04-08 11:56:49,245 - DEBUG - 自适应学习率: 0.8307
2025-04-08 11:56:49,245 - DEBUG - 第224代概率模型更新完成
2025-04-08 11:56:49,245 - DEBUG - 第224代完成，当前最优解完工时间: 1952，历史最优解完工时间: 1868
2025-04-08 11:56:49,695 - DEBUG - 
更新概率模型:
2025-04-08 11:56:49,695 - DEBUG - 多样性指标: 0.0455
2025-04-08 11:56:49,695 - DEBUG - 自适应学习率: 0.8373
2025-04-08 11:56:49,695 - DEBUG - 第225代概率模型更新完成
2025-04-08 11:56:49,695 - DEBUG - 第225代完成，当前最优解完工时间: 1928，历史最优解完工时间: 1868
2025-04-08 11:56:50,148 - DEBUG - 
更新概率模型:
2025-04-08 11:56:50,148 - DEBUG - 多样性指标: 0.0391
2025-04-08 11:56:50,148 - DEBUG - 自适应学习率: 0.8342
2025-04-08 11:56:50,148 - DEBUG - 第226代概率模型更新完成
2025-04-08 11:56:50,148 - DEBUG - 第226代完成，当前最优解完工时间: 1936，历史最优解完工时间: 1868
2025-04-08 11:56:50,599 - DEBUG - 
更新概率模型:
2025-04-08 11:56:50,599 - DEBUG - 多样性指标: 0.0455
2025-04-08 11:56:50,599 - DEBUG - 自适应学习率: 0.8353
2025-04-08 11:56:50,599 - DEBUG - 第227代概率模型更新完成
2025-04-08 11:56:50,599 - DEBUG - 第227代完成，当前最优解完工时间: 1933，历史最优解完工时间: 1868
2025-04-08 11:56:51,049 - DEBUG - 
更新概率模型:
2025-04-08 11:56:51,050 - DEBUG - 多样性指标: 0.0386
2025-04-08 11:56:51,050 - DEBUG - 自适应学习率: 0.8276
2025-04-08 11:56:51,050 - DEBUG - 第228代概率模型更新完成
2025-04-08 11:56:51,050 - DEBUG - 第228代完成，当前最优解完工时间: 1953，历史最优解完工时间: 1868
2025-04-08 11:56:51,503 - DEBUG - 
更新概率模型:
2025-04-08 11:56:51,503 - DEBUG - 多样性指标: 0.0449
2025-04-08 11:56:51,503 - DEBUG - 自适应学习率: 0.8327
2025-04-08 11:56:51,503 - DEBUG - 第229代概率模型更新完成
2025-04-08 11:56:51,503 - DEBUG - 第229代完成，当前最优解完工时间: 1943，历史最优解完工时间: 1868
2025-04-08 11:56:51,964 - DEBUG - 
更新概率模型:
2025-04-08 11:56:51,964 - DEBUG - 多样性指标: 0.0371
2025-04-08 11:56:51,964 - DEBUG - 自适应学习率: 0.8305
2025-04-08 11:56:51,964 - DEBUG - 第230代概率模型更新完成
2025-04-08 11:56:51,964 - DEBUG - 第230代完成，当前最优解完工时间: 1943，历史最优解完工时间: 1868
2025-04-08 11:56:52,417 - DEBUG - 
更新概率模型:
2025-04-08 11:56:52,417 - DEBUG - 多样性指标: 0.0378
2025-04-08 11:56:52,417 - DEBUG - 自适应学习率: 0.8319
2025-04-08 11:56:52,417 - DEBUG - 第231代概率模型更新完成
2025-04-08 11:56:52,417 - DEBUG - 第231代完成，当前最优解完工时间: 1932，历史最优解完工时间: 1868
2025-04-08 11:56:52,871 - DEBUG - 
更新概率模型:
2025-04-08 11:56:52,871 - DEBUG - 多样性指标: 0.0421
2025-04-08 11:56:52,871 - DEBUG - 自适应学习率: 0.8294
2025-04-08 11:56:52,871 - DEBUG - 第232代概率模型更新完成
2025-04-08 11:56:52,871 - DEBUG - 第232代完成，当前最优解完工时间: 1951，历史最优解完工时间: 1868
2025-04-08 11:56:53,320 - DEBUG - 
更新概率模型:
2025-04-08 11:56:53,320 - DEBUG - 多样性指标: 0.0444
2025-04-08 11:56:53,320 - DEBUG - 自适应学习率: 0.8350
2025-04-08 11:56:53,320 - DEBUG - 第233代概率模型更新完成
2025-04-08 11:56:53,320 - DEBUG - 第233代完成，当前最优解完工时间: 1936，历史最优解完工时间: 1868
2025-04-08 11:56:53,766 - DEBUG - 
更新概率模型:
2025-04-08 11:56:53,766 - DEBUG - 多样性指标: 0.0399
2025-04-08 11:56:53,766 - DEBUG - 自适应学习率: 0.8314
2025-04-08 11:56:53,766 - DEBUG - 第234代概率模型更新完成
2025-04-08 11:56:53,766 - DEBUG - 第234代完成，当前最优解完工时间: 1932，历史最优解完工时间: 1868
2025-04-08 11:56:54,222 - DEBUG - 
更新概率模型:
2025-04-08 11:56:54,223 - DEBUG - 多样性指标: 0.0399
2025-04-08 11:56:54,223 - DEBUG - 自适应学习率: 0.8292
2025-04-08 11:56:54,223 - DEBUG - 第235代概率模型更新完成
2025-04-08 11:56:54,223 - DEBUG - 第235代完成，当前最优解完工时间: 1952，历史最优解完工时间: 1868
2025-04-08 11:56:54,685 - DEBUG - 
更新概率模型:
2025-04-08 11:56:54,685 - DEBUG - 多样性指标: 0.0374
2025-04-08 11:56:54,685 - DEBUG - 自适应学习率: 0.8353
2025-04-08 11:56:54,685 - DEBUG - 第236代概率模型更新完成
2025-04-08 11:56:54,685 - DEBUG - 第236代完成，当前最优解完工时间: 1922，历史最优解完工时间: 1868
2025-04-08 11:56:55,137 - DEBUG - 
更新概率模型:
2025-04-08 11:56:55,137 - DEBUG - 多样性指标: 0.0452
2025-04-08 11:56:55,137 - DEBUG - 自适应学习率: 0.8354
2025-04-08 11:56:55,137 - DEBUG - 第237代概率模型更新完成
2025-04-08 11:56:55,137 - DEBUG - 第237代完成，当前最优解完工时间: 1918，历史最优解完工时间: 1868
2025-04-08 11:56:55,591 - DEBUG - 
更新概率模型:
2025-04-08 11:56:55,591 - DEBUG - 多样性指标: 0.0368
2025-04-08 11:56:55,591 - DEBUG - 自适应学习率: 0.8404
2025-04-08 11:56:55,591 - DEBUG - 第238代概率模型更新完成
2025-04-08 11:56:55,591 - DEBUG - 第238代完成，当前最优解完工时间: 1886，历史最优解完工时间: 1868
2025-04-08 11:56:56,047 - DEBUG - 
更新概率模型:
2025-04-08 11:56:56,047 - DEBUG - 多样性指标: 0.0336
2025-04-08 11:56:56,047 - DEBUG - 自适应学习率: 0.8348
2025-04-08 11:56:56,047 - DEBUG - 第239代概率模型更新完成
2025-04-08 11:56:56,047 - DEBUG - 第239代完成，当前最优解完工时间: 1929，历史最优解完工时间: 1868
2025-04-08 11:56:56,504 - DEBUG - 
更新概率模型:
2025-04-08 11:56:56,504 - DEBUG - 多样性指标: 0.0396
2025-04-08 11:56:56,504 - DEBUG - 自适应学习率: 0.8278
2025-04-08 11:56:56,504 - DEBUG - 第240代概率模型更新完成
2025-04-08 11:56:56,504 - DEBUG - 第240代完成，当前最优解完工时间: 1954，历史最优解完工时间: 1868
2025-04-08 11:56:56,958 - DEBUG - 
更新概率模型:
2025-04-08 11:56:56,958 - DEBUG - 多样性指标: 0.0480
2025-04-08 11:56:56,958 - DEBUG - 自适应学习率: 0.8335
2025-04-08 11:56:56,958 - DEBUG - 第241代概率模型更新完成
2025-04-08 11:56:56,958 - DEBUG - 第241代完成，当前最优解完工时间: 1931，历史最优解完工时间: 1868
2025-04-08 11:56:57,411 - DEBUG - 
更新概率模型:
2025-04-08 11:56:57,412 - DEBUG - 多样性指标: 0.0396
2025-04-08 11:56:57,412 - DEBUG - 自适应学习率: 0.8382
2025-04-08 11:56:57,412 - DEBUG - 第242代概率模型更新完成
2025-04-08 11:56:57,412 - DEBUG - 第242代完成，当前最优解完工时间: 1903，历史最优解完工时间: 1868
2025-04-08 11:56:57,866 - DEBUG - 
更新概率模型:
2025-04-08 11:56:57,866 - DEBUG - 多样性指标: 0.0427
2025-04-08 11:56:57,866 - DEBUG - 自适应学习率: 0.8326
2025-04-08 11:56:57,866 - DEBUG - 第243代概率模型更新完成
2025-04-08 11:56:57,866 - DEBUG - 第243代完成，当前最优解完工时间: 1928，历史最优解完工时间: 1868
2025-04-08 11:56:58,322 - DEBUG - 
更新概率模型:
2025-04-08 11:56:58,322 - DEBUG - 多样性指标: 0.0471
2025-04-08 11:56:58,322 - DEBUG - 自适应学习率: 0.8403
2025-04-08 11:56:58,322 - DEBUG - 第244代概率模型更新完成
2025-04-08 11:56:58,322 - DEBUG - 第244代完成，当前最优解完工时间: 1912，历史最优解完工时间: 1868
2025-04-08 11:56:58,780 - DEBUG - 
更新概率模型:
2025-04-08 11:56:58,780 - DEBUG - 多样性指标: 0.0428
2025-04-08 11:56:58,780 - DEBUG - 自适应学习率: 0.8333
2025-04-08 11:56:58,780 - DEBUG - 第245代概率模型更新完成
2025-04-08 11:56:58,780 - DEBUG - 第245代完成，当前最优解完工时间: 1936，历史最优解完工时间: 1868
2025-04-08 11:56:59,233 - DEBUG - 
更新概率模型:
2025-04-08 11:56:59,233 - DEBUG - 多样性指标: 0.0408
2025-04-08 11:56:59,233 - DEBUG - 自适应学习率: 0.8278
2025-04-08 11:56:59,233 - DEBUG - 第246代概率模型更新完成
2025-04-08 11:56:59,233 - DEBUG - 第246代完成，当前最优解完工时间: 1962，历史最优解完工时间: 1868
2025-04-08 11:56:59,694 - DEBUG - 
更新概率模型:
2025-04-08 11:56:59,694 - DEBUG - 多样性指标: 0.0409
2025-04-08 11:56:59,694 - DEBUG - 自适应学习率: 0.8321
2025-04-08 11:56:59,694 - DEBUG - 第247代概率模型更新完成
2025-04-08 11:56:59,694 - DEBUG - 第247代完成，当前最优解完工时间: 1937，历史最优解完工时间: 1868
2025-04-08 11:57:00,148 - DEBUG - 
更新概率模型:
2025-04-08 11:57:00,148 - DEBUG - 多样性指标: 0.0417
2025-04-08 11:57:00,148 - DEBUG - 自适应学习率: 0.8265
2025-04-08 11:57:00,148 - DEBUG - 第248代概率模型更新完成
2025-04-08 11:57:00,148 - DEBUG - 第248代完成，当前最优解完工时间: 1973，历史最优解完工时间: 1868
2025-04-08 11:57:00,616 - DEBUG - 
更新概率模型:
2025-04-08 11:57:00,616 - DEBUG - 多样性指标: 0.0439
2025-04-08 11:57:00,616 - DEBUG - 自适应学习率: 0.8368
2025-04-08 11:57:00,616 - DEBUG - 第249代概率模型更新完成
2025-04-08 11:57:00,616 - DEBUG - 第249代完成，当前最优解完工时间: 1924，历史最优解完工时间: 1868
2025-04-08 11:57:01,073 - DEBUG - 
更新概率模型:
2025-04-08 11:57:01,073 - DEBUG - 多样性指标: 0.0473
2025-04-08 11:57:01,073 - DEBUG - 自适应学习率: 0.8358
2025-04-08 11:57:01,073 - DEBUG - 第250代概率模型更新完成
2025-04-08 11:57:01,073 - DEBUG - 第250代完成，当前最优解完工时间: 1939，历史最优解完工时间: 1868
2025-04-08 11:57:01,523 - DEBUG - 
更新概率模型:
2025-04-08 11:57:01,523 - DEBUG - 多样性指标: 0.0386
2025-04-08 11:57:01,523 - DEBUG - 自适应学习率: 0.8352
2025-04-08 11:57:01,523 - DEBUG - 第251代概率模型更新完成
2025-04-08 11:57:01,523 - DEBUG - 第251代完成，当前最优解完工时间: 1916，历史最优解完工时间: 1868
2025-04-08 11:57:01,981 - DEBUG - 
更新概率模型:
2025-04-08 11:57:01,981 - DEBUG - 多样性指标: 0.0476
2025-04-08 11:57:01,981 - DEBUG - 自适应学习率: 0.8337
2025-04-08 11:57:01,981 - DEBUG - 第252代概率模型更新完成
2025-04-08 11:57:01,981 - DEBUG - 第252代完成，当前最优解完工时间: 1942，历史最优解完工时间: 1868
2025-04-08 11:57:02,425 - DEBUG - 
更新概率模型:
2025-04-08 11:57:02,425 - DEBUG - 多样性指标: 0.0421
2025-04-08 11:57:02,425 - DEBUG - 自适应学习率: 0.8449
2025-04-08 11:57:02,425 - DEBUG - 第253代概率模型更新完成
2025-04-08 11:57:02,425 - DEBUG - 第253代完成，当前最优解完工时间: 1868，历史最优解完工时间: 1868
2025-04-08 11:57:02,956 - DEBUG - 
更新概率模型:
2025-04-08 11:57:02,956 - DEBUG - 多样性指标: 0.0467
2025-04-08 11:57:02,956 - DEBUG - 自适应学习率: 0.8386
2025-04-08 11:57:02,956 - DEBUG - 第254代概率模型更新完成
2025-04-08 11:57:02,956 - DEBUG - 第254代完成，当前最优解完工时间: 1924，历史最优解完工时间: 1868
2025-04-08 11:57:03,443 - DEBUG - 
更新概率模型:
2025-04-08 11:57:03,443 - DEBUG - 多样性指标: 0.0464
2025-04-08 11:57:03,443 - DEBUG - 自适应学习率: 0.8317
2025-04-08 11:57:03,443 - DEBUG - 第255代概率模型更新完成
2025-04-08 11:57:03,443 - DEBUG - 第255代完成，当前最优解完工时间: 1953，历史最优解完工时间: 1868
2025-04-08 11:57:03,925 - DEBUG - 
更新概率模型:
2025-04-08 11:57:03,925 - DEBUG - 多样性指标: 0.0350
2025-04-08 11:57:03,925 - DEBUG - 自适应学习率: 0.8317
2025-04-08 11:57:03,925 - DEBUG - 第256代概率模型更新完成
2025-04-08 11:57:03,926 - DEBUG - 第256代完成，当前最优解完工时间: 1932，历史最优解完工时间: 1868
2025-04-08 11:57:04,402 - DEBUG - 
更新概率模型:
2025-04-08 11:57:04,402 - DEBUG - 多样性指标: 0.0410
2025-04-08 11:57:04,402 - DEBUG - 自适应学习率: 0.8310
2025-04-08 11:57:04,402 - DEBUG - 第257代概率模型更新完成
2025-04-08 11:57:04,402 - DEBUG - 第257代完成，当前最优解完工时间: 1949，历史最优解完工时间: 1868
2025-04-08 11:57:04,889 - DEBUG - 
更新概率模型:
2025-04-08 11:57:04,889 - DEBUG - 多样性指标: 0.0413
2025-04-08 11:57:04,889 - DEBUG - 自适应学习率: 0.8399
2025-04-08 11:57:04,889 - DEBUG - 第258代概率模型更新完成
2025-04-08 11:57:04,889 - DEBUG - 第258代完成，当前最优解完工时间: 1910，历史最优解完工时间: 1868
2025-04-08 11:57:05,361 - DEBUG - 
更新概率模型:
2025-04-08 11:57:05,362 - DEBUG - 多样性指标: 0.0478
2025-04-08 11:57:05,362 - DEBUG - 自适应学习率: 0.8428
2025-04-08 11:57:05,362 - DEBUG - 第259代概率模型更新完成
2025-04-08 11:57:05,362 - DEBUG - 第259代完成，当前最优解完工时间: 1897，历史最优解完工时间: 1868
2025-04-08 11:57:05,844 - DEBUG - 
更新概率模型:
2025-04-08 11:57:05,844 - DEBUG - 多样性指标: 0.0435
2025-04-08 11:57:05,844 - DEBUG - 自适应学习率: 0.8356
2025-04-08 11:57:05,844 - DEBUG - 第260代概率模型更新完成
2025-04-08 11:57:05,844 - DEBUG - 第260代完成，当前最优解完工时间: 1928，历史最优解完工时间: 1868
2025-04-08 11:57:06,327 - DEBUG - 
更新概率模型:
2025-04-08 11:57:06,327 - DEBUG - 多样性指标: 0.0441
2025-04-08 11:57:06,327 - DEBUG - 自适应学习率: 0.8348
2025-04-08 11:57:06,327 - DEBUG - 第261代概率模型更新完成
2025-04-08 11:57:06,327 - DEBUG - 第261代完成，当前最优解完工时间: 1948，历史最优解完工时间: 1868
2025-04-08 11:57:06,799 - DEBUG - 
更新概率模型:
2025-04-08 11:57:06,799 - DEBUG - 多样性指标: 0.0420
2025-04-08 11:57:06,799 - DEBUG - 自适应学习率: 0.8327
2025-04-08 11:57:06,799 - DEBUG - 第262代概率模型更新完成
2025-04-08 11:57:06,799 - DEBUG - 第262代完成，当前最优解完工时间: 1934，历史最优解完工时间: 1868
2025-04-08 11:57:07,271 - DEBUG - 
更新概率模型:
2025-04-08 11:57:07,273 - DEBUG - 多样性指标: 0.0384
2025-04-08 11:57:07,273 - DEBUG - 自适应学习率: 0.8304
2025-04-08 11:57:07,273 - DEBUG - 第263代概率模型更新完成
2025-04-08 11:57:07,273 - DEBUG - 第263代完成，当前最优解完工时间: 1927，历史最优解完工时间: 1868
2025-04-08 11:57:07,745 - DEBUG - 
更新概率模型:
2025-04-08 11:57:07,745 - DEBUG - 多样性指标: 0.0371
2025-04-08 11:57:07,745 - DEBUG - 自适应学习率: 0.8279
2025-04-08 11:57:07,745 - DEBUG - 第264代概率模型更新完成
2025-04-08 11:57:07,745 - DEBUG - 第264代完成，当前最优解完工时间: 1958，历史最优解完工时间: 1868
2025-04-08 11:57:08,214 - DEBUG - 
更新概率模型:
2025-04-08 11:57:08,214 - DEBUG - 多样性指标: 0.0430
2025-04-08 11:57:08,214 - DEBUG - 自适应学习率: 0.8378
2025-04-08 11:57:08,214 - DEBUG - 第265代概率模型更新完成
2025-04-08 11:57:08,214 - DEBUG - 第265代完成，当前最优解完工时间: 1922，历史最优解完工时间: 1868
2025-04-08 11:57:08,698 - DEBUG - 
更新概率模型:
2025-04-08 11:57:08,698 - DEBUG - 多样性指标: 0.0415
2025-04-08 11:57:08,698 - DEBUG - 自适应学习率: 0.8326
2025-04-08 11:57:08,698 - DEBUG - 第266代概率模型更新完成
2025-04-08 11:57:08,698 - DEBUG - 第266代完成，当前最优解完工时间: 1943，历史最优解完工时间: 1868
2025-04-08 11:57:09,173 - DEBUG - 
更新概率模型:
2025-04-08 11:57:09,181 - DEBUG - 多样性指标: 0.0447
2025-04-08 11:57:09,181 - DEBUG - 自适应学习率: 0.8323
2025-04-08 11:57:09,181 - DEBUG - 第267代概率模型更新完成
2025-04-08 11:57:09,181 - DEBUG - 第267代完成，当前最优解完工时间: 1944，历史最优解完工时间: 1868
2025-04-08 11:57:09,653 - DEBUG - 
更新概率模型:
2025-04-08 11:57:09,653 - DEBUG - 多样性指标: 0.0445
2025-04-08 11:57:09,653 - DEBUG - 自适应学习率: 0.8346
2025-04-08 11:57:09,653 - DEBUG - 第268代概率模型更新完成
2025-04-08 11:57:09,653 - DEBUG - 第268代完成，当前最优解完工时间: 1937，历史最优解完工时间: 1868
2025-04-08 11:57:10,126 - DEBUG - 
更新概率模型:
2025-04-08 11:57:10,126 - DEBUG - 多样性指标: 0.0399
2025-04-08 11:57:10,126 - DEBUG - 自适应学习率: 0.8313
2025-04-08 11:57:10,126 - DEBUG - 第269代概率模型更新完成
2025-04-08 11:57:10,126 - DEBUG - 第269代完成，当前最优解完工时间: 1942，历史最优解完工时间: 1868
2025-04-08 11:57:10,609 - DEBUG - 
更新概率模型:
2025-04-08 11:57:10,609 - DEBUG - 多样性指标: 0.0410
2025-04-08 11:57:10,609 - DEBUG - 自适应学习率: 0.8399
2025-04-08 11:57:10,609 - DEBUG - 第270代概率模型更新完成
2025-04-08 11:57:10,609 - DEBUG - 第270代完成，当前最优解完工时间: 1912，历史最优解完工时间: 1868
2025-04-08 11:57:11,087 - DEBUG - 
更新概率模型:
2025-04-08 11:57:11,087 - DEBUG - 多样性指标: 0.0398
2025-04-08 11:57:11,087 - DEBUG - 自适应学习率: 0.8321
2025-04-08 11:57:11,087 - DEBUG - 第271代概率模型更新完成
2025-04-08 11:57:11,087 - DEBUG - 第271代完成，当前最优解完工时间: 1942，历史最优解完工时间: 1868
2025-04-08 11:57:11,562 - DEBUG - 
更新概率模型:
2025-04-08 11:57:11,562 - DEBUG - 多样性指标: 0.0447
2025-04-08 11:57:11,562 - DEBUG - 自适应学习率: 0.8281
2025-04-08 11:57:11,562 - DEBUG - 第272代概率模型更新完成
2025-04-08 11:57:11,562 - DEBUG - 第272代完成，当前最优解完工时间: 1952，历史最优解完工时间: 1868
2025-04-08 11:57:12,049 - DEBUG - 
更新概率模型:
2025-04-08 11:57:12,049 - DEBUG - 多样性指标: 0.0431
2025-04-08 11:57:12,049 - DEBUG - 自适应学习率: 0.8340
2025-04-08 11:57:12,049 - DEBUG - 第273代概率模型更新完成
2025-04-08 11:57:12,049 - DEBUG - 第273代完成，当前最优解完工时间: 1937，历史最优解完工时间: 1868
2025-04-08 11:57:12,542 - DEBUG - 
更新概率模型:
2025-04-08 11:57:12,543 - DEBUG - 多样性指标: 0.0380
2025-04-08 11:57:12,543 - DEBUG - 自适应学习率: 0.8312
2025-04-08 11:57:12,543 - DEBUG - 第274代概率模型更新完成
2025-04-08 11:57:12,543 - DEBUG - 第274代完成，当前最优解完工时间: 1949，历史最优解完工时间: 1868
2025-04-08 11:57:13,026 - DEBUG - 
更新概率模型:
2025-04-08 11:57:13,026 - DEBUG - 多样性指标: 0.0358
2025-04-08 11:57:13,026 - DEBUG - 自适应学习率: 0.8289
2025-04-08 11:57:13,026 - DEBUG - 第275代概率模型更新完成
2025-04-08 11:57:13,026 - DEBUG - 第275代完成，当前最优解完工时间: 1955，历史最优解完工时间: 1868
2025-04-08 11:57:13,499 - DEBUG - 
更新概率模型:
2025-04-08 11:57:13,499 - DEBUG - 多样性指标: 0.0402
2025-04-08 11:57:13,499 - DEBUG - 自适应学习率: 0.8312
2025-04-08 11:57:13,499 - DEBUG - 第276代概率模型更新完成
2025-04-08 11:57:13,499 - DEBUG - 第276代完成，当前最优解完工时间: 1943，历史最优解完工时间: 1868
2025-04-08 11:57:13,971 - DEBUG - 
更新概率模型:
2025-04-08 11:57:13,971 - DEBUG - 多样性指标: 0.0403
2025-04-08 11:57:13,971 - DEBUG - 自适应学习率: 0.8363
2025-04-08 11:57:13,971 - DEBUG - 第277代概率模型更新完成
2025-04-08 11:57:13,971 - DEBUG - 第277代完成，当前最优解完工时间: 1943，历史最优解完工时间: 1868
2025-04-08 11:57:14,446 - DEBUG - 
更新概率模型:
2025-04-08 11:57:14,446 - DEBUG - 多样性指标: 0.0423
2025-04-08 11:57:14,446 - DEBUG - 自适应学习率: 0.8332
2025-04-08 11:57:14,446 - DEBUG - 第278代概率模型更新完成
2025-04-08 11:57:14,446 - DEBUG - 第278代完成，当前最优解完工时间: 1928，历史最优解完工时间: 1868
2025-04-08 11:57:14,929 - DEBUG - 
更新概率模型:
2025-04-08 11:57:14,929 - DEBUG - 多样性指标: 0.0417
2025-04-08 11:57:14,929 - DEBUG - 自适应学习率: 0.8361
2025-04-08 11:57:14,929 - DEBUG - 第279代概率模型更新完成
2025-04-08 11:57:14,929 - DEBUG - 第279代完成，当前最优解完工时间: 1938，历史最优解完工时间: 1868
2025-04-08 11:57:15,410 - DEBUG - 
更新概率模型:
2025-04-08 11:57:15,410 - DEBUG - 多样性指标: 0.0383
2025-04-08 11:57:15,410 - DEBUG - 自适应学习率: 0.8419
2025-04-08 11:57:15,410 - DEBUG - 第280代概率模型更新完成
2025-04-08 11:57:15,410 - DEBUG - 第280代完成，当前最优解完工时间: 1894，历史最优解完工时间: 1868
2025-04-08 11:57:15,910 - DEBUG - 
更新概率模型:
2025-04-08 11:57:15,910 - DEBUG - 多样性指标: 0.0414
2025-04-08 11:57:15,910 - DEBUG - 自适应学习率: 0.8365
2025-04-08 11:57:15,910 - DEBUG - 第281代概率模型更新完成
2025-04-08 11:57:15,910 - DEBUG - 第281代完成，当前最优解完工时间: 1926，历史最优解完工时间: 1868
2025-04-08 11:57:16,398 - DEBUG - 
更新概率模型:
2025-04-08 11:57:16,398 - DEBUG - 多样性指标: 0.0408
2025-04-08 11:57:16,398 - DEBUG - 自适应学习率: 0.8368
2025-04-08 11:57:16,398 - DEBUG - 第282代概率模型更新完成
2025-04-08 11:57:16,398 - DEBUG - 第282代完成，当前最优解完工时间: 1919，历史最优解完工时间: 1868
2025-04-08 11:57:16,905 - DEBUG - 
更新概率模型:
2025-04-08 11:57:16,906 - DEBUG - 多样性指标: 0.0457
2025-04-08 11:57:16,906 - DEBUG - 自适应学习率: 0.8335
2025-04-08 11:57:16,906 - DEBUG - 第283代概率模型更新完成
2025-04-08 11:57:16,906 - DEBUG - 第283代完成，当前最优解完工时间: 1936，历史最优解完工时间: 1868
2025-04-08 11:57:17,397 - DEBUG - 
更新概率模型:
2025-04-08 11:57:17,397 - DEBUG - 多样性指标: 0.0395
2025-04-08 11:57:17,397 - DEBUG - 自适应学习率: 0.8403
2025-04-08 11:57:17,397 - DEBUG - 第284代概率模型更新完成
2025-04-08 11:57:17,397 - DEBUG - 第284代完成，当前最优解完工时间: 1892，历史最优解完工时间: 1868
2025-04-08 11:57:17,874 - DEBUG - 
更新概率模型:
2025-04-08 11:57:17,874 - DEBUG - 多样性指标: 0.0468
2025-04-08 11:57:17,874 - DEBUG - 自适应学习率: 0.8397
2025-04-08 11:57:17,874 - DEBUG - 第285代概率模型更新完成
2025-04-08 11:57:17,874 - DEBUG - 第285代完成，当前最优解完工时间: 1910，历史最优解完工时间: 1868
2025-04-08 11:57:18,360 - DEBUG - 
更新概率模型:
2025-04-08 11:57:18,360 - DEBUG - 多样性指标: 0.0491
2025-04-08 11:57:18,360 - DEBUG - 自适应学习率: 0.8380
2025-04-08 11:57:18,360 - DEBUG - 第286代概率模型更新完成
2025-04-08 11:57:18,360 - DEBUG - 第286代完成，当前最优解完工时间: 1933，历史最优解完工时间: 1868
2025-04-08 11:57:18,851 - DEBUG - 
更新概率模型:
2025-04-08 11:57:18,851 - DEBUG - 多样性指标: 0.0405
2025-04-08 11:57:18,851 - DEBUG - 自适应学习率: 0.8279
2025-04-08 11:57:18,851 - DEBUG - 第287代概率模型更新完成
2025-04-08 11:57:18,851 - DEBUG - 第287代完成，当前最优解完工时间: 1972，历史最优解完工时间: 1868
2025-04-08 11:57:19,350 - DEBUG - 
更新概率模型:
2025-04-08 11:57:19,350 - DEBUG - 多样性指标: 0.0424
2025-04-08 11:57:19,350 - DEBUG - 自适应学习率: 0.8369
2025-04-08 11:57:19,350 - DEBUG - 第288代概率模型更新完成
2025-04-08 11:57:19,350 - DEBUG - 第288代完成，当前最优解完工时间: 1920，历史最优解完工时间: 1868
2025-04-08 11:57:19,832 - DEBUG - 
更新概率模型:
2025-04-08 11:57:19,832 - DEBUG - 多样性指标: 0.0425
2025-04-08 11:57:19,832 - DEBUG - 自适应学习率: 0.8340
2025-04-08 11:57:19,832 - DEBUG - 第289代概率模型更新完成
2025-04-08 11:57:19,832 - DEBUG - 第289代完成，当前最优解完工时间: 1933，历史最优解完工时间: 1868
2025-04-08 11:57:20,308 - DEBUG - 
更新概率模型:
2025-04-08 11:57:20,308 - DEBUG - 多样性指标: 0.0380
2025-04-08 11:57:20,308 - DEBUG - 自适应学习率: 0.8343
2025-04-08 11:57:20,308 - DEBUG - 第290代概率模型更新完成
2025-04-08 11:57:20,308 - DEBUG - 第290代完成，当前最优解完工时间: 1928，历史最优解完工时间: 1868
2025-04-08 11:57:20,812 - DEBUG - 
更新概率模型:
2025-04-08 11:57:20,812 - DEBUG - 多样性指标: 0.0391
2025-04-08 11:57:20,812 - DEBUG - 自适应学习率: 0.8336
2025-04-08 11:57:20,812 - DEBUG - 第291代概率模型更新完成
2025-04-08 11:57:20,812 - DEBUG - 第291代完成，当前最优解完工时间: 1938，历史最优解完工时间: 1868
2025-04-08 11:57:21,292 - DEBUG - 
更新概率模型:
2025-04-08 11:57:21,292 - DEBUG - 多样性指标: 0.0361
2025-04-08 11:57:21,292 - DEBUG - 自适应学习率: 0.8316
2025-04-08 11:57:21,292 - DEBUG - 第292代概率模型更新完成
2025-04-08 11:57:21,292 - DEBUG - 第292代完成，当前最优解完工时间: 1939，历史最优解完工时间: 1868
2025-04-08 11:57:21,764 - DEBUG - 
更新概率模型:
2025-04-08 11:57:21,764 - DEBUG - 多样性指标: 0.0392
2025-04-08 11:57:21,764 - DEBUG - 自适应学习率: 0.8349
2025-04-08 11:57:21,764 - DEBUG - 第293代概率模型更新完成
2025-04-08 11:57:21,764 - DEBUG - 第293代完成，当前最优解完工时间: 1933，历史最优解完工时间: 1868
2025-04-08 11:57:22,238 - DEBUG - 
更新概率模型:
2025-04-08 11:57:22,238 - DEBUG - 多样性指标: 0.0445
2025-04-08 11:57:22,238 - DEBUG - 自适应学习率: 0.8320
2025-04-08 11:57:22,238 - DEBUG - 第294代概率模型更新完成
2025-04-08 11:57:22,238 - DEBUG - 第294代完成，当前最优解完工时间: 1948，历史最优解完工时间: 1868
2025-04-08 11:57:22,712 - DEBUG - 
更新概率模型:
2025-04-08 11:57:22,712 - DEBUG - 多样性指标: 0.0381
2025-04-08 11:57:22,712 - DEBUG - 自适应学习率: 0.8328
2025-04-08 11:57:22,712 - DEBUG - 第295代概率模型更新完成
2025-04-08 11:57:22,712 - DEBUG - 第295代完成，当前最优解完工时间: 1925，历史最优解完工时间: 1868
2025-04-08 11:57:23,179 - DEBUG - 
更新概率模型:
2025-04-08 11:57:23,179 - DEBUG - 多样性指标: 0.0395
2025-04-08 11:57:23,179 - DEBUG - 自适应学习率: 0.8311
2025-04-08 11:57:23,179 - DEBUG - 第296代概率模型更新完成
2025-04-08 11:57:23,179 - DEBUG - 第296代完成，当前最优解完工时间: 1939，历史最优解完工时间: 1868
2025-04-08 11:57:23,655 - DEBUG - 
更新概率模型:
2025-04-08 11:57:23,655 - DEBUG - 多样性指标: 0.0346
2025-04-08 11:57:23,655 - DEBUG - 自适应学习率: 0.8345
2025-04-08 11:57:23,655 - DEBUG - 第297代概率模型更新完成
2025-04-08 11:57:23,655 - DEBUG - 第297代完成，当前最优解完工时间: 1922，历史最优解完工时间: 1868
2025-04-08 11:57:24,120 - DEBUG - 
更新概率模型:
2025-04-08 11:57:24,120 - DEBUG - 多样性指标: 0.0429
2025-04-08 11:57:24,120 - DEBUG - 自适应学习率: 0.8335
2025-04-08 11:57:24,120 - DEBUG - 第298代概率模型更新完成
2025-04-08 11:57:24,120 - DEBUG - 第298代完成，当前最优解完工时间: 1933，历史最优解完工时间: 1868
2025-04-08 11:57:24,603 - DEBUG - 
更新概率模型:
2025-04-08 11:57:24,603 - DEBUG - 多样性指标: 0.0435
2025-04-08 11:57:24,603 - DEBUG - 自适应学习率: 0.8347
2025-04-08 11:57:24,603 - DEBUG - 第299代概率模型更新完成
2025-04-08 11:57:24,603 - DEBUG - 第299代完成，当前最优解完工时间: 1935，历史最优解完工时间: 1868
2025-04-08 11:57:25,071 - DEBUG - 
更新概率模型:
2025-04-08 11:57:25,071 - DEBUG - 多样性指标: 0.0431
2025-04-08 11:57:25,071 - DEBUG - 自适应学习率: 0.8318
2025-04-08 11:57:25,071 - DEBUG - 第300代概率模型更新完成
2025-04-08 11:57:25,071 - DEBUG - 第300代完成，当前最优解完工时间: 1938，历史最优解完工时间: 1868
2025-04-08 11:57:25,537 - DEBUG - 
更新概率模型:
2025-04-08 11:57:25,537 - DEBUG - 多样性指标: 0.0343
2025-04-08 11:57:25,537 - DEBUG - 自适应学习率: 0.8326
2025-04-08 11:57:25,537 - DEBUG - 第301代概率模型更新完成
2025-04-08 11:57:25,537 - DEBUG - 第301代完成，当前最优解完工时间: 1939，历史最优解完工时间: 1868
2025-04-08 11:57:26,010 - DEBUG - 
更新概率模型:
2025-04-08 11:57:26,010 - DEBUG - 多样性指标: 0.0418
2025-04-08 11:57:26,010 - DEBUG - 自适应学习率: 0.8282
2025-04-08 11:57:26,010 - DEBUG - 第302代概率模型更新完成
2025-04-08 11:57:26,010 - DEBUG - 第302代完成，当前最优解完工时间: 1961，历史最优解完工时间: 1868
2025-04-08 11:57:26,487 - DEBUG - 
更新概率模型:
2025-04-08 11:57:26,487 - DEBUG - 多样性指标: 0.0408
2025-04-08 11:57:26,487 - DEBUG - 自适应学习率: 0.8315
2025-04-08 11:57:26,487 - DEBUG - 第303代概率模型更新完成
2025-04-08 11:57:26,487 - DEBUG - 第303代完成，当前最优解完工时间: 1943，历史最优解完工时间: 1868
2025-04-08 11:57:26,953 - DEBUG - 
更新概率模型:
2025-04-08 11:57:26,954 - DEBUG - 多样性指标: 0.0405
2025-04-08 11:57:26,954 - DEBUG - 自适应学习率: 0.8318
2025-04-08 11:57:26,954 - DEBUG - 第304代概率模型更新完成
2025-04-08 11:57:26,954 - DEBUG - 第304代完成，当前最优解完工时间: 1944，历史最优解完工时间: 1868
2025-04-08 11:57:27,429 - DEBUG - 
更新概率模型:
2025-04-08 11:57:27,429 - DEBUG - 多样性指标: 0.0482
2025-04-08 11:57:27,429 - DEBUG - 自适应学习率: 0.8427
2025-04-08 11:57:27,430 - DEBUG - 第305代概率模型更新完成
2025-04-08 11:57:27,430 - DEBUG - 第305代完成，当前最优解完工时间: 1908，历史最优解完工时间: 1868
2025-04-08 11:57:27,892 - DEBUG - 
更新概率模型:
2025-04-08 11:57:27,892 - DEBUG - 多样性指标: 0.0357
2025-04-08 11:57:27,892 - DEBUG - 自适应学习率: 0.8261
2025-04-08 11:57:27,892 - DEBUG - 第306代概率模型更新完成
2025-04-08 11:57:27,892 - DEBUG - 第306代完成，当前最优解完工时间: 1967，历史最优解完工时间: 1868
2025-04-08 11:57:28,368 - DEBUG - 
更新概率模型:
2025-04-08 11:57:28,368 - DEBUG - 多样性指标: 0.0456
2025-04-08 11:57:28,368 - DEBUG - 自适应学习率: 0.8338
2025-04-08 11:57:28,368 - DEBUG - 第307代概率模型更新完成
2025-04-08 11:57:28,369 - DEBUG - 第307代完成，当前最优解完工时间: 1933，历史最优解完工时间: 1868
2025-04-08 11:57:28,848 - DEBUG - 
更新概率模型:
2025-04-08 11:57:28,848 - DEBUG - 多样性指标: 0.0460
2025-04-08 11:57:28,848 - DEBUG - 自适应学习率: 0.8334
2025-04-08 11:57:28,848 - DEBUG - 第308代概率模型更新完成
2025-04-08 11:57:28,848 - DEBUG - 第308代完成，当前最优解完工时间: 1948，历史最优解完工时间: 1868
2025-04-08 11:57:29,333 - DEBUG - 
更新概率模型:
2025-04-08 11:57:29,333 - DEBUG - 多样性指标: 0.0462
2025-04-08 11:57:29,333 - DEBUG - 自适应学习率: 0.8407
2025-04-08 11:57:29,333 - DEBUG - 第309代概率模型更新完成
2025-04-08 11:57:29,333 - DEBUG - 第309代完成，当前最优解完工时间: 1884，历史最优解完工时间: 1868
2025-04-08 11:57:29,804 - DEBUG - 
更新概率模型:
2025-04-08 11:57:29,804 - DEBUG - 多样性指标: 0.0480
2025-04-08 11:57:29,804 - DEBUG - 自适应学习率: 0.8384
2025-04-08 11:57:29,804 - DEBUG - 第310代概率模型更新完成
2025-04-08 11:57:29,804 - DEBUG - 第310代完成，当前最优解完工时间: 1937，历史最优解完工时间: 1868
2025-04-08 11:57:30,286 - DEBUG - 
更新概率模型:
2025-04-08 11:57:30,286 - DEBUG - 多样性指标: 0.0416
2025-04-08 11:57:30,286 - DEBUG - 自适应学习率: 0.8387
2025-04-08 11:57:30,286 - DEBUG - 第311代概率模型更新完成
2025-04-08 11:57:30,286 - DEBUG - 第311代完成，当前最优解完工时间: 1910，历史最优解完工时间: 1868
2025-04-08 11:57:30,766 - DEBUG - 
更新概率模型:
2025-04-08 11:57:30,766 - DEBUG - 多样性指标: 0.0427
2025-04-08 11:57:30,766 - DEBUG - 自适应学习率: 0.8261
2025-04-08 11:57:30,766 - DEBUG - 第312代概率模型更新完成
2025-04-08 11:57:30,766 - DEBUG - 第312代完成，当前最优解完工时间: 1968，历史最优解完工时间: 1868
2025-04-08 11:57:31,243 - DEBUG - 
更新概率模型:
2025-04-08 11:57:31,243 - DEBUG - 多样性指标: 0.0418
2025-04-08 11:57:31,243 - DEBUG - 自适应学习率: 0.8313
2025-04-08 11:57:31,243 - DEBUG - 第313代概率模型更新完成
2025-04-08 11:57:31,243 - DEBUG - 第313代完成，当前最优解完工时间: 1940，历史最优解完工时间: 1868
2025-04-08 11:57:31,715 - DEBUG - 
更新概率模型:
2025-04-08 11:57:31,715 - DEBUG - 多样性指标: 0.0373
2025-04-08 11:57:31,715 - DEBUG - 自适应学习率: 0.8324
2025-04-08 11:57:31,715 - DEBUG - 第314代概率模型更新完成
2025-04-08 11:57:31,715 - DEBUG - 第314代完成，当前最优解完工时间: 1944，历史最优解完工时间: 1868
2025-04-08 11:57:32,187 - DEBUG - 
更新概率模型:
2025-04-08 11:57:32,187 - DEBUG - 多样性指标: 0.0468
2025-04-08 11:57:32,187 - DEBUG - 自适应学习率: 0.8362
2025-04-08 11:57:32,187 - DEBUG - 第315代概率模型更新完成
2025-04-08 11:57:32,187 - DEBUG - 第315代完成，当前最优解完工时间: 1926，历史最优解完工时间: 1868
2025-04-08 11:57:32,655 - DEBUG - 
更新概率模型:
2025-04-08 11:57:32,655 - DEBUG - 多样性指标: 0.0418
2025-04-08 11:57:32,655 - DEBUG - 自适应学习率: 0.8344
2025-04-08 11:57:32,655 - DEBUG - 第316代概率模型更新完成
2025-04-08 11:57:32,655 - DEBUG - 第316代完成，当前最优解完工时间: 1925，历史最优解完工时间: 1868
2025-04-08 11:57:33,126 - DEBUG - 
更新概率模型:
2025-04-08 11:57:33,128 - DEBUG - 多样性指标: 0.0374
2025-04-08 11:57:33,128 - DEBUG - 自适应学习率: 0.8281
2025-04-08 11:57:33,128 - DEBUG - 第317代概率模型更新完成
2025-04-08 11:57:33,128 - DEBUG - 第317代完成，当前最优解完工时间: 1930，历史最优解完工时间: 1868
2025-04-08 11:57:33,614 - DEBUG - 
更新概率模型:
2025-04-08 11:57:33,615 - DEBUG - 多样性指标: 0.0393
2025-04-08 11:57:33,615 - DEBUG - 自适应学习率: 0.8306
2025-04-08 11:57:33,615 - DEBUG - 第318代概率模型更新完成
2025-04-08 11:57:33,615 - DEBUG - 第318代完成，当前最优解完工时间: 1948，历史最优解完工时间: 1868
2025-04-08 11:57:34,109 - DEBUG - 
更新概率模型:
2025-04-08 11:57:34,109 - DEBUG - 多样性指标: 0.0426
2025-04-08 11:57:34,109 - DEBUG - 自适应学习率: 0.8386
2025-04-08 11:57:34,109 - DEBUG - 第319代概率模型更新完成
2025-04-08 11:57:34,109 - DEBUG - 第319代完成，当前最优解完工时间: 1920，历史最优解完工时间: 1868
2025-04-08 11:57:34,584 - DEBUG - 
更新概率模型:
2025-04-08 11:57:34,584 - DEBUG - 多样性指标: 0.0438
2025-04-08 11:57:34,584 - DEBUG - 自适应学习率: 0.8287
2025-04-08 11:57:34,584 - DEBUG - 第320代概率模型更新完成
2025-04-08 11:57:34,585 - DEBUG - 第320代完成，当前最优解完工时间: 1960，历史最优解完工时间: 1868
2025-04-08 11:57:35,056 - DEBUG - 
更新概率模型:
2025-04-08 11:57:35,056 - DEBUG - 多样性指标: 0.0383
2025-04-08 11:57:35,056 - DEBUG - 自适应学习率: 0.8306
2025-04-08 11:57:35,056 - DEBUG - 第321代概率模型更新完成
2025-04-08 11:57:35,056 - DEBUG - 第321代完成，当前最优解完工时间: 1949，历史最优解完工时间: 1868
2025-04-08 11:57:35,535 - DEBUG - 
更新概率模型:
2025-04-08 11:57:35,536 - DEBUG - 多样性指标: 0.0367
2025-04-08 11:57:35,536 - DEBUG - 自适应学习率: 0.8309
2025-04-08 11:57:35,536 - DEBUG - 第322代概率模型更新完成
2025-04-08 11:57:35,536 - DEBUG - 第322代完成，当前最优解完工时间: 1949，历史最优解完工时间: 1868
2025-04-08 11:57:36,007 - DEBUG - 
更新概率模型:
2025-04-08 11:57:36,007 - DEBUG - 多样性指标: 0.0364
2025-04-08 11:57:36,007 - DEBUG - 自适应学习率: 0.8281
2025-04-08 11:57:36,007 - DEBUG - 第323代概率模型更新完成
2025-04-08 11:57:36,007 - DEBUG - 第323代完成，当前最优解完工时间: 1966，历史最优解完工时间: 1868
2025-04-08 11:57:36,472 - DEBUG - 
更新概率模型:
2025-04-08 11:57:36,472 - DEBUG - 多样性指标: 0.0382
2025-04-08 11:57:36,472 - DEBUG - 自适应学习率: 0.8394
2025-04-08 11:57:36,472 - DEBUG - 第324代概率模型更新完成
2025-04-08 11:57:36,472 - DEBUG - 第324代完成，当前最优解完工时间: 1906，历史最优解完工时间: 1868
2025-04-08 11:57:36,933 - DEBUG - 
更新概率模型:
2025-04-08 11:57:36,933 - DEBUG - 多样性指标: 0.0486
2025-04-08 11:57:36,933 - DEBUG - 自适应学习率: 0.8348
2025-04-08 11:57:36,933 - DEBUG - 第325代概率模型更新完成
2025-04-08 11:57:36,933 - DEBUG - 第325代完成，当前最优解完工时间: 1950，历史最优解完工时间: 1868
2025-04-08 11:57:37,392 - DEBUG - 
更新概率模型:
2025-04-08 11:57:37,393 - DEBUG - 多样性指标: 0.0405
2025-04-08 11:57:37,393 - DEBUG - 自适应学习率: 0.8300
2025-04-08 11:57:37,393 - DEBUG - 第326代概率模型更新完成
2025-04-08 11:57:37,393 - DEBUG - 第326代完成，当前最优解完工时间: 1959，历史最优解完工时间: 1868
2025-04-08 11:57:37,852 - DEBUG - 
更新概率模型:
2025-04-08 11:57:37,852 - DEBUG - 多样性指标: 0.0405
2025-04-08 11:57:37,852 - DEBUG - 自适应学习率: 0.8333
2025-04-08 11:57:37,852 - DEBUG - 第327代概率模型更新完成
2025-04-08 11:57:37,852 - DEBUG - 第327代完成，当前最优解完工时间: 1931，历史最优解完工时间: 1868
2025-04-08 11:57:38,299 - DEBUG - 
更新概率模型:
2025-04-08 11:57:38,299 - DEBUG - 多样性指标: 0.0486
2025-04-08 11:57:38,299 - DEBUG - 自适应学习率: 0.8357
2025-04-08 11:57:38,299 - DEBUG - 第328代概率模型更新完成
2025-04-08 11:57:38,299 - DEBUG - 第328代完成，当前最优解完工时间: 1942，历史最优解完工时间: 1868
2025-04-08 11:57:38,752 - DEBUG - 
更新概率模型:
2025-04-08 11:57:38,752 - DEBUG - 多样性指标: 0.0420
2025-04-08 11:57:38,752 - DEBUG - 自适应学习率: 0.8362
2025-04-08 11:57:38,752 - DEBUG - 第329代概率模型更新完成
2025-04-08 11:57:38,752 - DEBUG - 第329代完成，当前最优解完工时间: 1931，历史最优解完工时间: 1868
2025-04-08 11:57:39,201 - DEBUG - 
更新概率模型:
2025-04-08 11:57:39,201 - DEBUG - 多样性指标: 0.0392
2025-04-08 11:57:39,201 - DEBUG - 自适应学习率: 0.8316
2025-04-08 11:57:39,201 - DEBUG - 第330代概率模型更新完成
2025-04-08 11:57:39,201 - DEBUG - 第330代完成，当前最优解完工时间: 1950，历史最优解完工时间: 1868
2025-04-08 11:57:39,659 - DEBUG - 
更新概率模型:
2025-04-08 11:57:39,659 - DEBUG - 多样性指标: 0.0327
2025-04-08 11:57:39,659 - DEBUG - 自适应学习率: 0.8258
2025-04-08 11:57:39,659 - DEBUG - 第331代概率模型更新完成
2025-04-08 11:57:39,659 - DEBUG - 第331代完成，当前最优解完工时间: 1964，历史最优解完工时间: 1868
2025-04-08 11:57:40,116 - DEBUG - 
更新概率模型:
2025-04-08 11:57:40,116 - DEBUG - 多样性指标: 0.0397
2025-04-08 11:57:40,116 - DEBUG - 自适应学习率: 0.8287
2025-04-08 11:57:40,116 - DEBUG - 第332代概率模型更新完成
2025-04-08 11:57:40,116 - DEBUG - 第332代完成，当前最优解完工时间: 1956，历史最优解完工时间: 1868
2025-04-08 11:57:40,591 - DEBUG - 
更新概率模型:
2025-04-08 11:57:40,592 - DEBUG - 多样性指标: 0.0413
2025-04-08 11:57:40,592 - DEBUG - 自适应学习率: 0.8346
2025-04-08 11:57:40,592 - DEBUG - 第333代概率模型更新完成
2025-04-08 11:57:40,592 - DEBUG - 第333代完成，当前最优解完工时间: 1929，历史最优解完工时间: 1868
2025-04-08 11:57:41,041 - DEBUG - 
更新概率模型:
2025-04-08 11:57:41,041 - DEBUG - 多样性指标: 0.0408
2025-04-08 11:57:41,041 - DEBUG - 自适应学习率: 0.8333
2025-04-08 11:57:41,041 - DEBUG - 第334代概率模型更新完成
2025-04-08 11:57:41,041 - DEBUG - 第334代完成，当前最优解完工时间: 1938，历史最优解完工时间: 1868
2025-04-08 11:57:41,505 - DEBUG - 
更新概率模型:
2025-04-08 11:57:41,505 - DEBUG - 多样性指标: 0.0417
2025-04-08 11:57:41,505 - DEBUG - 自适应学习率: 0.8351
2025-04-08 11:57:41,505 - DEBUG - 第335代概率模型更新完成
2025-04-08 11:57:41,505 - DEBUG - 第335代完成，当前最优解完工时间: 1916，历史最优解完工时间: 1868
2025-04-08 11:57:41,966 - DEBUG - 
更新概率模型:
2025-04-08 11:57:41,966 - DEBUG - 多样性指标: 0.0349
2025-04-08 11:57:41,966 - DEBUG - 自适应学习率: 0.8285
2025-04-08 11:57:41,966 - DEBUG - 第336代概率模型更新完成
2025-04-08 11:57:41,966 - DEBUG - 第336代完成，当前最优解完工时间: 1950，历史最优解完工时间: 1868
2025-04-08 11:57:42,432 - DEBUG - 
更新概率模型:
2025-04-08 11:57:42,432 - DEBUG - 多样性指标: 0.0419
2025-04-08 11:57:42,432 - DEBUG - 自适应学习率: 0.8349
2025-04-08 11:57:42,432 - DEBUG - 第337代概率模型更新完成
2025-04-08 11:57:42,432 - DEBUG - 第337代完成，当前最优解完工时间: 1930，历史最优解完工时间: 1868
2025-04-08 11:57:42,898 - DEBUG - 
更新概率模型:
2025-04-08 11:57:42,898 - DEBUG - 多样性指标: 0.0419
2025-04-08 11:57:42,899 - DEBUG - 自适应学习率: 0.8302
2025-04-08 11:57:42,899 - DEBUG - 第338代概率模型更新完成
2025-04-08 11:57:42,899 - DEBUG - 第338代完成，当前最优解完工时间: 1942，历史最优解完工时间: 1868
2025-04-08 11:57:43,350 - DEBUG - 
更新概率模型:
2025-04-08 11:57:43,350 - DEBUG - 多样性指标: 0.0474
2025-04-08 11:57:43,350 - DEBUG - 自适应学习率: 0.8348
2025-04-08 11:57:43,350 - DEBUG - 第339代概率模型更新完成
2025-04-08 11:57:43,350 - DEBUG - 第339代完成，当前最优解完工时间: 1940，历史最优解完工时间: 1868
2025-04-08 11:57:43,811 - DEBUG - 
更新概率模型:
2025-04-08 11:57:43,811 - DEBUG - 多样性指标: 0.0402
2025-04-08 11:57:43,811 - DEBUG - 自适应学习率: 0.8333
2025-04-08 11:57:43,811 - DEBUG - 第340代概率模型更新完成
2025-04-08 11:57:43,811 - DEBUG - 第340代完成，当前最优解完工时间: 1931，历史最优解完工时间: 1868
2025-04-08 11:57:44,265 - DEBUG - 
更新概率模型:
2025-04-08 11:57:44,265 - DEBUG - 多样性指标: 0.0418
2025-04-08 11:57:44,265 - DEBUG - 自适应学习率: 0.8332
2025-04-08 11:57:44,265 - DEBUG - 第341代概率模型更新完成
2025-04-08 11:57:44,265 - DEBUG - 第341代完成，当前最优解完工时间: 1944，历史最优解完工时间: 1868
2025-04-08 11:57:44,725 - DEBUG - 
更新概率模型:
2025-04-08 11:57:44,725 - DEBUG - 多样性指标: 0.0460
2025-04-08 11:57:44,725 - DEBUG - 自适应学习率: 0.8367
2025-04-08 11:57:44,725 - DEBUG - 第342代概率模型更新完成
2025-04-08 11:57:44,725 - DEBUG - 第342代完成，当前最优解完工时间: 1919，历史最优解完工时间: 1868
2025-04-08 11:57:45,186 - DEBUG - 
更新概率模型:
2025-04-08 11:57:45,186 - DEBUG - 多样性指标: 0.0348
2025-04-08 11:57:45,186 - DEBUG - 自适应学习率: 0.8348
2025-04-08 11:57:45,186 - DEBUG - 第343代概率模型更新完成
2025-04-08 11:57:45,186 - DEBUG - 第343代完成，当前最优解完工时间: 1934，历史最优解完工时间: 1868
2025-04-08 11:57:45,634 - DEBUG - 
更新概率模型:
2025-04-08 11:57:45,634 - DEBUG - 多样性指标: 0.0409
2025-04-08 11:57:45,634 - DEBUG - 自适应学习率: 0.8343
2025-04-08 11:57:45,634 - DEBUG - 第344代概率模型更新完成
2025-04-08 11:57:45,634 - DEBUG - 第344代完成，当前最优解完工时间: 1933，历史最优解完工时间: 1868
2025-04-08 11:57:46,088 - DEBUG - 
更新概率模型:
2025-04-08 11:57:46,088 - DEBUG - 多样性指标: 0.0405
2025-04-08 11:57:46,088 - DEBUG - 自适应学习率: 0.8362
2025-04-08 11:57:46,088 - DEBUG - 第345代概率模型更新完成
2025-04-08 11:57:46,088 - DEBUG - 第345代完成，当前最优解完工时间: 1924，历史最优解完工时间: 1868
2025-04-08 11:57:46,558 - DEBUG - 
更新概率模型:
2025-04-08 11:57:46,558 - DEBUG - 多样性指标: 0.0396
2025-04-08 11:57:46,558 - DEBUG - 自适应学习率: 0.8304
2025-04-08 11:57:46,558 - DEBUG - 第346代概率模型更新完成
2025-04-08 11:57:46,558 - DEBUG - 第346代完成，当前最优解完工时间: 1957，历史最优解完工时间: 1868
2025-04-08 11:57:47,021 - DEBUG - 
更新概率模型:
2025-04-08 11:57:47,021 - DEBUG - 多样性指标: 0.0413
2025-04-08 11:57:47,021 - DEBUG - 自适应学习率: 0.8331
2025-04-08 11:57:47,021 - DEBUG - 第347代概率模型更新完成
2025-04-08 11:57:47,021 - DEBUG - 第347代完成，当前最优解完工时间: 1933，历史最优解完工时间: 1868
2025-04-08 11:57:47,479 - DEBUG - 
更新概率模型:
2025-04-08 11:57:47,479 - DEBUG - 多样性指标: 0.0339
2025-04-08 11:57:47,479 - DEBUG - 自适应学习率: 0.8283
2025-04-08 11:57:47,479 - DEBUG - 第348代概率模型更新完成
2025-04-08 11:57:47,479 - DEBUG - 第348代完成，当前最优解完工时间: 1941，历史最优解完工时间: 1868
2025-04-08 11:57:47,945 - DEBUG - 
更新概率模型:
2025-04-08 11:57:47,945 - DEBUG - 多样性指标: 0.0420
2025-04-08 11:57:47,946 - DEBUG - 自适应学习率: 0.8364
2025-04-08 11:57:47,946 - DEBUG - 第349代概率模型更新完成
2025-04-08 11:57:47,946 - DEBUG - 第349代完成，当前最优解完工时间: 1927，历史最优解完工时间: 1868
2025-04-08 11:57:48,406 - DEBUG - 
更新概率模型:
2025-04-08 11:57:48,406 - DEBUG - 多样性指标: 0.0407
2025-04-08 11:57:48,406 - DEBUG - 自适应学习率: 0.8336
2025-04-08 11:57:48,406 - DEBUG - 第350代概率模型更新完成
2025-04-08 11:57:48,406 - DEBUG - 第350代完成，当前最优解完工时间: 1930，历史最优解完工时间: 1868
2025-04-08 11:57:48,873 - DEBUG - 
更新概率模型:
2025-04-08 11:57:48,873 - DEBUG - 多样性指标: 0.0396
2025-04-08 11:57:48,873 - DEBUG - 自适应学习率: 0.8332
2025-04-08 11:57:48,873 - DEBUG - 第351代概率模型更新完成
2025-04-08 11:57:48,873 - DEBUG - 第351代完成，当前最优解完工时间: 1947，历史最优解完工时间: 1868
2025-04-08 11:57:49,330 - DEBUG - 
更新概率模型:
2025-04-08 11:57:49,330 - DEBUG - 多样性指标: 0.0401
2025-04-08 11:57:49,330 - DEBUG - 自适应学习率: 0.8272
2025-04-08 11:57:49,331 - DEBUG - 第352代概率模型更新完成
2025-04-08 11:57:49,331 - DEBUG - 第352代完成，当前最优解完工时间: 1966，历史最优解完工时间: 1868
2025-04-08 11:57:49,787 - DEBUG - 
更新概率模型:
2025-04-08 11:57:49,787 - DEBUG - 多样性指标: 0.0432
2025-04-08 11:57:49,787 - DEBUG - 自适应学习率: 0.8405
2025-04-08 11:57:49,787 - DEBUG - 第353代概率模型更新完成
2025-04-08 11:57:49,787 - DEBUG - 第353代完成，当前最优解完工时间: 1902，历史最优解完工时间: 1868
2025-04-08 11:57:50,234 - DEBUG - 
更新概率模型:
2025-04-08 11:57:50,234 - DEBUG - 多样性指标: 0.0340
2025-04-08 11:57:50,234 - DEBUG - 自适应学习率: 0.8267
2025-04-08 11:57:50,234 - DEBUG - 第354代概率模型更新完成
2025-04-08 11:57:50,235 - DEBUG - 第354代完成，当前最优解完工时间: 1957，历史最优解完工时间: 1868
2025-04-08 11:57:50,697 - DEBUG - 
更新概率模型:
2025-04-08 11:57:50,697 - DEBUG - 多样性指标: 0.0425
2025-04-08 11:57:50,697 - DEBUG - 自适应学习率: 0.8391
2025-04-08 11:57:50,697 - DEBUG - 第355代概率模型更新完成
2025-04-08 11:57:50,697 - DEBUG - 第355代完成，当前最优解完工时间: 1914，历史最优解完工时间: 1868
2025-04-08 11:57:51,168 - DEBUG - 
更新概率模型:
2025-04-08 11:57:51,169 - DEBUG - 多样性指标: 0.0363
2025-04-08 11:57:51,169 - DEBUG - 自适应学习率: 0.8334
2025-04-08 11:57:51,169 - DEBUG - 第356代概率模型更新完成
2025-04-08 11:57:51,169 - DEBUG - 第356代完成，当前最优解完工时间: 1929，历史最优解完工时间: 1868
2025-04-08 11:57:51,670 - DEBUG - 
更新概率模型:
2025-04-08 11:57:51,670 - DEBUG - 多样性指标: 0.0450
2025-04-08 11:57:51,670 - DEBUG - 自适应学习率: 0.8325
2025-04-08 11:57:51,670 - DEBUG - 第357代概率模型更新完成
2025-04-08 11:57:51,671 - DEBUG - 第357代完成，当前最优解完工时间: 1939，历史最优解完工时间: 1868
2025-04-08 11:57:52,182 - DEBUG - 
更新概率模型:
2025-04-08 11:57:52,182 - DEBUG - 多样性指标: 0.0417
2025-04-08 11:57:52,182 - DEBUG - 自适应学习率: 0.8329
2025-04-08 11:57:52,182 - DEBUG - 第358代概率模型更新完成
2025-04-08 11:57:52,182 - DEBUG - 第358代完成，当前最优解完工时间: 1939，历史最优解完工时间: 1868
2025-04-08 11:57:52,686 - DEBUG - 
更新概率模型:
2025-04-08 11:57:52,686 - DEBUG - 多样性指标: 0.0403
2025-04-08 11:57:52,686 - DEBUG - 自适应学习率: 0.8297
2025-04-08 11:57:52,686 - DEBUG - 第359代概率模型更新完成
2025-04-08 11:57:52,686 - DEBUG - 第359代完成，当前最优解完工时间: 1954，历史最优解完工时间: 1868
2025-04-08 11:57:53,172 - DEBUG - 
更新概率模型:
2025-04-08 11:57:53,172 - DEBUG - 多样性指标: 0.0355
2025-04-08 11:57:53,172 - DEBUG - 自适应学习率: 0.8285
2025-04-08 11:57:53,172 - DEBUG - 第360代概率模型更新完成
2025-04-08 11:57:53,172 - DEBUG - 第360代完成，当前最优解完工时间: 1947，历史最优解完工时间: 1868
2025-04-08 11:57:53,673 - DEBUG - 
更新概率模型:
2025-04-08 11:57:53,673 - DEBUG - 多样性指标: 0.0370
2025-04-08 11:57:53,673 - DEBUG - 自适应学习率: 0.8273
2025-04-08 11:57:53,673 - DEBUG - 第361代概率模型更新完成
2025-04-08 11:57:53,673 - DEBUG - 第361代完成，当前最优解完工时间: 1954，历史最优解完工时间: 1868
2025-04-08 11:57:54,161 - DEBUG - 
更新概率模型:
2025-04-08 11:57:54,161 - DEBUG - 多样性指标: 0.0407
2025-04-08 11:57:54,161 - DEBUG - 自适应学习率: 0.8325
2025-04-08 11:57:54,161 - DEBUG - 第362代概率模型更新完成
2025-04-08 11:57:54,161 - DEBUG - 第362代完成，当前最优解完工时间: 1939，历史最优解完工时间: 1868
2025-04-08 11:57:54,637 - DEBUG - 
更新概率模型:
2025-04-08 11:57:54,637 - DEBUG - 多样性指标: 0.0379
2025-04-08 11:57:54,637 - DEBUG - 自适应学习率: 0.8313
2025-04-08 11:57:54,637 - DEBUG - 第363代概率模型更新完成
2025-04-08 11:57:54,637 - DEBUG - 第363代完成，当前最优解完工时间: 1938，历史最优解完工时间: 1868
2025-04-08 11:57:55,115 - DEBUG - 
更新概率模型:
2025-04-08 11:57:55,115 - DEBUG - 多样性指标: 0.0434
2025-04-08 11:57:55,115 - DEBUG - 自适应学习率: 0.8333
2025-04-08 11:57:55,115 - DEBUG - 第364代概率模型更新完成
2025-04-08 11:57:55,115 - DEBUG - 第364代完成，当前最优解完工时间: 1945，历史最优解完工时间: 1868
2025-04-08 11:57:55,584 - DEBUG - 
更新概率模型:
2025-04-08 11:57:55,584 - DEBUG - 多样性指标: 0.0462
2025-04-08 11:57:55,584 - DEBUG - 自适应学习率: 0.8331
2025-04-08 11:57:55,584 - DEBUG - 第365代概率模型更新完成
2025-04-08 11:57:55,584 - DEBUG - 第365代完成，当前最优解完工时间: 1939，历史最优解完工时间: 1868
2025-04-08 11:57:56,054 - DEBUG - 
更新概率模型:
2025-04-08 11:57:56,055 - DEBUG - 多样性指标: 0.0457
2025-04-08 11:57:56,055 - DEBUG - 自适应学习率: 0.8380
2025-04-08 11:57:56,055 - DEBUG - 第366代概率模型更新完成
2025-04-08 11:57:56,055 - DEBUG - 第366代完成，当前最优解完工时间: 1914，历史最优解完工时间: 1868
2025-04-08 11:57:56,545 - DEBUG - 
更新概率模型:
2025-04-08 11:57:56,545 - DEBUG - 多样性指标: 0.0452
2025-04-08 11:57:56,545 - DEBUG - 自适应学习率: 0.8386
2025-04-08 11:57:56,545 - DEBUG - 第367代概率模型更新完成
2025-04-08 11:57:56,545 - DEBUG - 第367代完成，当前最优解完工时间: 1918，历史最优解完工时间: 1868
2025-04-08 11:57:57,018 - DEBUG - 
更新概率模型:
2025-04-08 11:57:57,018 - DEBUG - 多样性指标: 0.0382
2025-04-08 11:57:57,018 - DEBUG - 自适应学习率: 0.8332
2025-04-08 11:57:57,018 - DEBUG - 第368代概率模型更新完成
2025-04-08 11:57:57,018 - DEBUG - 第368代完成，当前最优解完工时间: 1944，历史最优解完工时间: 1868
2025-04-08 11:57:57,497 - DEBUG - 
更新概率模型:
2025-04-08 11:57:57,497 - DEBUG - 多样性指标: 0.0408
2025-04-08 11:57:57,497 - DEBUG - 自适应学习率: 0.8277
2025-04-08 11:57:57,497 - DEBUG - 第369代概率模型更新完成
2025-04-08 11:57:57,497 - DEBUG - 第369代完成，当前最优解完工时间: 1960，历史最优解完工时间: 1868
2025-04-08 11:57:57,970 - DEBUG - 
更新概率模型:
2025-04-08 11:57:57,970 - DEBUG - 多样性指标: 0.0387
2025-04-08 11:57:57,970 - DEBUG - 自适应学习率: 0.8380
2025-04-08 11:57:57,970 - DEBUG - 第370代概率模型更新完成
2025-04-08 11:57:57,970 - DEBUG - 第370代完成，当前最优解完工时间: 1918，历史最优解完工时间: 1868
2025-04-08 11:57:58,422 - DEBUG - 
更新概率模型:
2025-04-08 11:57:58,422 - DEBUG - 多样性指标: 0.0394
2025-04-08 11:57:58,422 - DEBUG - 自适应学习率: 0.8280
2025-04-08 11:57:58,422 - DEBUG - 第371代概率模型更新完成
2025-04-08 11:57:58,422 - DEBUG - 第371代完成，当前最优解完工时间: 1948，历史最优解完工时间: 1868
2025-04-08 11:57:58,875 - DEBUG - 
更新概率模型:
2025-04-08 11:57:58,875 - DEBUG - 多样性指标: 0.0382
2025-04-08 11:57:58,875 - DEBUG - 自适应学习率: 0.8299
2025-04-08 11:57:58,875 - DEBUG - 第372代概率模型更新完成
2025-04-08 11:57:58,875 - DEBUG - 第372代完成，当前最优解完工时间: 1946，历史最优解完工时间: 1868
2025-04-08 11:57:59,330 - DEBUG - 
更新概率模型:
2025-04-08 11:57:59,330 - DEBUG - 多样性指标: 0.0441
2025-04-08 11:57:59,330 - DEBUG - 自适应学习率: 0.8365
2025-04-08 11:57:59,330 - DEBUG - 第373代概率模型更新完成
2025-04-08 11:57:59,330 - DEBUG - 第373代完成，当前最优解完工时间: 1928，历史最优解完工时间: 1868
2025-04-08 11:57:59,782 - DEBUG - 
更新概率模型:
2025-04-08 11:57:59,782 - DEBUG - 多样性指标: 0.0388
2025-04-08 11:57:59,782 - DEBUG - 自适应学习率: 0.8315
2025-04-08 11:57:59,782 - DEBUG - 第374代概率模型更新完成
2025-04-08 11:57:59,782 - DEBUG - 第374代完成，当前最优解完工时间: 1962，历史最优解完工时间: 1868
2025-04-08 11:58:00,238 - DEBUG - 
更新概率模型:
2025-04-08 11:58:00,239 - DEBUG - 多样性指标: 0.0429
2025-04-08 11:58:00,239 - DEBUG - 自适应学习率: 0.8339
2025-04-08 11:58:00,239 - DEBUG - 第375代概率模型更新完成
2025-04-08 11:58:00,239 - DEBUG - 第375代完成，当前最优解完工时间: 1932，历史最优解完工时间: 1868
2025-04-08 11:58:00,705 - DEBUG - 
更新概率模型:
2025-04-08 11:58:00,706 - DEBUG - 多样性指标: 0.0383
2025-04-08 11:58:00,706 - DEBUG - 自适应学习率: 0.8290
2025-04-08 11:58:00,706 - DEBUG - 第376代概率模型更新完成
2025-04-08 11:58:00,706 - DEBUG - 第376代完成，当前最优解完工时间: 1949，历史最优解完工时间: 1868
2025-04-08 11:58:01,152 - DEBUG - 
更新概率模型:
2025-04-08 11:58:01,152 - DEBUG - 多样性指标: 0.0423
2025-04-08 11:58:01,152 - DEBUG - 自适应学习率: 0.8284
2025-04-08 11:58:01,152 - DEBUG - 第377代概率模型更新完成
2025-04-08 11:58:01,152 - DEBUG - 第377代完成，当前最优解完工时间: 1950，历史最优解完工时间: 1868
2025-04-08 11:58:01,598 - DEBUG - 
更新概率模型:
2025-04-08 11:58:01,598 - DEBUG - 多样性指标: 0.0402
2025-04-08 11:58:01,598 - DEBUG - 自适应学习率: 0.8310
2025-04-08 11:58:01,598 - DEBUG - 第378代概率模型更新完成
2025-04-08 11:58:01,598 - DEBUG - 第378代完成，当前最优解完工时间: 1938，历史最优解完工时间: 1868
2025-04-08 11:58:02,049 - DEBUG - 
更新概率模型:
2025-04-08 11:58:02,049 - DEBUG - 多样性指标: 0.0432
2025-04-08 11:58:02,049 - DEBUG - 自适应学习率: 0.8372
2025-04-08 11:58:02,049 - DEBUG - 第379代概率模型更新完成
2025-04-08 11:58:02,049 - DEBUG - 第379代完成，当前最优解完工时间: 1931，历史最优解完工时间: 1868
2025-04-08 11:58:02,492 - DEBUG - 
更新概率模型:
2025-04-08 11:58:02,492 - DEBUG - 多样性指标: 0.0386
2025-04-08 11:58:02,492 - DEBUG - 自适应学习率: 0.8289
2025-04-08 11:58:02,492 - DEBUG - 第380代概率模型更新完成
2025-04-08 11:58:02,492 - DEBUG - 第380代完成，当前最优解完工时间: 1963，历史最优解完工时间: 1868
2025-04-08 11:58:02,943 - DEBUG - 
更新概率模型:
2025-04-08 11:58:02,943 - DEBUG - 多样性指标: 0.0403
2025-04-08 11:58:02,943 - DEBUG - 自适应学习率: 0.8337
2025-04-08 11:58:02,943 - DEBUG - 第381代概率模型更新完成
2025-04-08 11:58:02,943 - DEBUG - 第381代完成，当前最优解完工时间: 1935，历史最优解完工时间: 1868
2025-04-08 11:58:03,389 - DEBUG - 
更新概率模型:
2025-04-08 11:58:03,390 - DEBUG - 多样性指标: 0.0442
2025-04-08 11:58:03,390 - DEBUG - 自适应学习率: 0.8333
2025-04-08 11:58:03,390 - DEBUG - 第382代概率模型更新完成
2025-04-08 11:58:03,390 - DEBUG - 第382代完成，当前最优解完工时间: 1934，历史最优解完工时间: 1868
2025-04-08 11:58:03,838 - DEBUG - 
更新概率模型:
2025-04-08 11:58:03,838 - DEBUG - 多样性指标: 0.0448
2025-04-08 11:58:03,838 - DEBUG - 自适应学习率: 0.8356
2025-04-08 11:58:03,838 - DEBUG - 第383代概率模型更新完成
2025-04-08 11:58:03,838 - DEBUG - 第383代完成，当前最优解完工时间: 1940，历史最优解完工时间: 1868
2025-04-08 11:58:04,285 - DEBUG - 
更新概率模型:
2025-04-08 11:58:04,285 - DEBUG - 多样性指标: 0.0446
2025-04-08 11:58:04,285 - DEBUG - 自适应学习率: 0.8366
2025-04-08 11:58:04,285 - DEBUG - 第384代概率模型更新完成
2025-04-08 11:58:04,285 - DEBUG - 第384代完成，当前最优解完工时间: 1920，历史最优解完工时间: 1868
2025-04-08 11:58:04,740 - DEBUG - 
更新概率模型:
2025-04-08 11:58:04,740 - DEBUG - 多样性指标: 0.0409
2025-04-08 11:58:04,740 - DEBUG - 自适应学习率: 0.8294
2025-04-08 11:58:04,740 - DEBUG - 第385代概率模型更新完成
2025-04-08 11:58:04,740 - DEBUG - 第385代完成，当前最优解完工时间: 1963，历史最优解完工时间: 1868
2025-04-08 11:58:05,197 - DEBUG - 
更新概率模型:
2025-04-08 11:58:05,197 - DEBUG - 多样性指标: 0.0382
2025-04-08 11:58:05,197 - DEBUG - 自适应学习率: 0.8354
2025-04-08 11:58:05,197 - DEBUG - 第386代概率模型更新完成
2025-04-08 11:58:05,197 - DEBUG - 第386代完成，当前最优解完工时间: 1936，历史最优解完工时间: 1868
2025-04-08 11:58:05,647 - DEBUG - 
更新概率模型:
2025-04-08 11:58:05,647 - DEBUG - 多样性指标: 0.0412
2025-04-08 11:58:05,647 - DEBUG - 自适应学习率: 0.8320
2025-04-08 11:58:05,647 - DEBUG - 第387代概率模型更新完成
2025-04-08 11:58:05,647 - DEBUG - 第387代完成，当前最优解完工时间: 1946，历史最优解完工时间: 1868
2025-04-08 11:58:06,096 - DEBUG - 
更新概率模型:
2025-04-08 11:58:06,096 - DEBUG - 多样性指标: 0.0403
2025-04-08 11:58:06,096 - DEBUG - 自适应学习率: 0.8412
2025-04-08 11:58:06,096 - DEBUG - 第388代概率模型更新完成
2025-04-08 11:58:06,096 - DEBUG - 第388代完成，当前最优解完工时间: 1887，历史最优解完工时间: 1868
2025-04-08 11:58:06,542 - DEBUG - 
更新概率模型:
2025-04-08 11:58:06,542 - DEBUG - 多样性指标: 0.0400
2025-04-08 11:58:06,542 - DEBUG - 自适应学习率: 0.8337
2025-04-08 11:58:06,542 - DEBUG - 第389代概率模型更新完成
2025-04-08 11:58:06,542 - DEBUG - 第389代完成，当前最优解完工时间: 1934，历史最优解完工时间: 1868
2025-04-08 11:58:06,993 - DEBUG - 
更新概率模型:
2025-04-08 11:58:06,993 - DEBUG - 多样性指标: 0.0430
2025-04-08 11:58:06,993 - DEBUG - 自适应学习率: 0.8403
2025-04-08 11:58:06,993 - DEBUG - 第390代概率模型更新完成
2025-04-08 11:58:06,993 - DEBUG - 第390代完成，当前最优解完工时间: 1906，历史最优解完工时间: 1868
2025-04-08 11:58:07,439 - DEBUG - 
更新概率模型:
2025-04-08 11:58:07,439 - DEBUG - 多样性指标: 0.0395
2025-04-08 11:58:07,439 - DEBUG - 自适应学习率: 0.8294
2025-04-08 11:58:07,439 - DEBUG - 第391代概率模型更新完成
2025-04-08 11:58:07,439 - DEBUG - 第391代完成，当前最优解完工时间: 1961，历史最优解完工时间: 1868
2025-04-08 11:58:07,891 - DEBUG - 
更新概率模型:
2025-04-08 11:58:07,891 - DEBUG - 多样性指标: 0.0406
2025-04-08 11:58:07,891 - DEBUG - 自适应学习率: 0.8338
2025-04-08 11:58:07,891 - DEBUG - 第392代概率模型更新完成
2025-04-08 11:58:07,891 - DEBUG - 第392代完成，当前最优解完工时间: 1926，历史最优解完工时间: 1868
2025-04-08 11:58:08,344 - DEBUG - 
更新概率模型:
2025-04-08 11:58:08,344 - DEBUG - 多样性指标: 0.0448
2025-04-08 11:58:08,344 - DEBUG - 自适应学习率: 0.8326
2025-04-08 11:58:08,344 - DEBUG - 第393代概率模型更新完成
2025-04-08 11:58:08,344 - DEBUG - 第393代完成，当前最优解完工时间: 1956，历史最优解完工时间: 1868
2025-04-08 11:58:08,799 - DEBUG - 
更新概率模型:
2025-04-08 11:58:08,799 - DEBUG - 多样性指标: 0.0411
2025-04-08 11:58:08,799 - DEBUG - 自适应学习率: 0.8380
2025-04-08 11:58:08,799 - DEBUG - 第394代概率模型更新完成
2025-04-08 11:58:08,799 - DEBUG - 第394代完成，当前最优解完工时间: 1900，历史最优解完工时间: 1868
2025-04-08 11:58:09,244 - DEBUG - 
更新概率模型:
2025-04-08 11:58:09,244 - DEBUG - 多样性指标: 0.0439
2025-04-08 11:58:09,244 - DEBUG - 自适应学习率: 0.8293
2025-04-08 11:58:09,244 - DEBUG - 第395代概率模型更新完成
2025-04-08 11:58:09,244 - DEBUG - 第395代完成，当前最优解完工时间: 1962，历史最优解完工时间: 1868
2025-04-08 11:58:09,695 - DEBUG - 
更新概率模型:
2025-04-08 11:58:09,695 - DEBUG - 多样性指标: 0.0445
2025-04-08 11:58:09,695 - DEBUG - 自适应学习率: 0.8269
2025-04-08 11:58:09,695 - DEBUG - 第396代概率模型更新完成
2025-04-08 11:58:09,695 - DEBUG - 第396代完成，当前最优解完工时间: 1957，历史最优解完工时间: 1868
2025-04-08 11:58:10,145 - DEBUG - 
更新概率模型:
2025-04-08 11:58:10,145 - DEBUG - 多样性指标: 0.0421
2025-04-08 11:58:10,145 - DEBUG - 自适应学习率: 0.8452
2025-04-08 11:58:10,145 - DEBUG - 第397代概率模型更新完成
2025-04-08 11:58:10,145 - DEBUG - 第397代完成，当前最优解完工时间: 1886，历史最优解完工时间: 1868
2025-04-08 11:58:10,603 - DEBUG - 
更新概率模型:
2025-04-08 11:58:10,603 - DEBUG - 多样性指标: 0.0379
2025-04-08 11:58:10,603 - DEBUG - 自适应学习率: 0.8376
2025-04-08 11:58:10,603 - DEBUG - 第398代概率模型更新完成
2025-04-08 11:58:10,603 - DEBUG - 第398代完成，当前最优解完工时间: 1905，历史最优解完工时间: 1868
2025-04-08 11:58:11,052 - DEBUG - 
更新概率模型:
2025-04-08 11:58:11,052 - DEBUG - 多样性指标: 0.0414
2025-04-08 11:58:11,052 - DEBUG - 自适应学习率: 0.8361
2025-04-08 11:58:11,052 - DEBUG - 第399代概率模型更新完成
2025-04-08 11:58:11,052 - DEBUG - 第399代完成，当前最优解完工时间: 1919，历史最优解完工时间: 1868
2025-04-08 11:58:11,501 - DEBUG - 
更新概率模型:
2025-04-08 11:58:11,502 - DEBUG - 多样性指标: 0.0445
2025-04-08 11:58:11,502 - DEBUG - 自适应学习率: 0.8323
2025-04-08 11:58:11,502 - DEBUG - 第400代概率模型更新完成
2025-04-08 11:58:11,502 - DEBUG - 第400代完成，当前最优解完工时间: 1946，历史最优解完工时间: 1868
2025-04-08 11:58:11,952 - DEBUG - 
更新概率模型:
2025-04-08 11:58:11,952 - DEBUG - 多样性指标: 0.0368
2025-04-08 11:58:11,952 - DEBUG - 自适应学习率: 0.8293
2025-04-08 11:58:11,952 - DEBUG - 第401代概率模型更新完成
2025-04-08 11:58:11,952 - DEBUG - 第401代完成，当前最优解完工时间: 1959，历史最优解完工时间: 1868
2025-04-08 11:58:12,397 - DEBUG - 
更新概率模型:
2025-04-08 11:58:12,397 - DEBUG - 多样性指标: 0.0372
2025-04-08 11:58:12,397 - DEBUG - 自适应学习率: 0.8417
2025-04-08 11:58:12,397 - DEBUG - 第402代概率模型更新完成
2025-04-08 11:58:12,399 - DEBUG - 第402代完成，当前最优解完工时间: 1894，历史最优解完工时间: 1868
2025-04-08 11:58:12,847 - DEBUG - 
更新概率模型:
2025-04-08 11:58:12,847 - DEBUG - 多样性指标: 0.0412
2025-04-08 11:58:12,847 - DEBUG - 自适应学习率: 0.8328
2025-04-08 11:58:12,847 - DEBUG - 第403代概率模型更新完成
2025-04-08 11:58:12,847 - DEBUG - 第403代完成，当前最优解完工时间: 1948，历史最优解完工时间: 1868
2025-04-08 11:58:13,295 - DEBUG - 
更新概率模型:
2025-04-08 11:58:13,295 - DEBUG - 多样性指标: 0.0426
2025-04-08 11:58:13,295 - DEBUG - 自适应学习率: 0.8300
2025-04-08 11:58:13,295 - DEBUG - 第404代概率模型更新完成
2025-04-08 11:58:13,295 - DEBUG - 第404代完成，当前最优解完工时间: 1967，历史最优解完工时间: 1868
2025-04-08 11:58:13,749 - DEBUG - 
更新概率模型:
2025-04-08 11:58:13,750 - DEBUG - 多样性指标: 0.0349
2025-04-08 11:58:13,750 - DEBUG - 自适应学习率: 0.8389
2025-04-08 11:58:13,750 - DEBUG - 第405代概率模型更新完成
2025-04-08 11:58:13,750 - DEBUG - 第405代完成，当前最优解完工时间: 1912，历史最优解完工时间: 1868
2025-04-08 11:58:14,196 - DEBUG - 
更新概率模型:
2025-04-08 11:58:14,196 - DEBUG - 多样性指标: 0.0354
2025-04-08 11:58:14,196 - DEBUG - 自适应学习率: 0.8279
2025-04-08 11:58:14,196 - DEBUG - 第406代概率模型更新完成
2025-04-08 11:58:14,196 - DEBUG - 第406代完成，当前最优解完工时间: 1965，历史最优解完工时间: 1868
2025-04-08 11:58:14,652 - DEBUG - 
更新概率模型:
2025-04-08 11:58:14,652 - DEBUG - 多样性指标: 0.0387
2025-04-08 11:58:14,652 - DEBUG - 自适应学习率: 0.8282
2025-04-08 11:58:14,652 - DEBUG - 第407代概率模型更新完成
2025-04-08 11:58:14,652 - DEBUG - 第407代完成，当前最优解完工时间: 1962，历史最优解完工时间: 1868
2025-04-08 11:58:15,090 - DEBUG - 
更新概率模型:
2025-04-08 11:58:15,090 - DEBUG - 多样性指标: 0.0396
2025-04-08 11:58:15,090 - DEBUG - 自适应学习率: 0.8291
2025-04-08 11:58:15,090 - DEBUG - 第408代概率模型更新完成
2025-04-08 11:58:15,090 - DEBUG - 第408代完成，当前最优解完工时间: 1953，历史最优解完工时间: 1868
2025-04-08 11:58:15,539 - DEBUG - 
更新概率模型:
2025-04-08 11:58:15,539 - DEBUG - 多样性指标: 0.0424
2025-04-08 11:58:15,539 - DEBUG - 自适应学习率: 0.8416
2025-04-08 11:58:15,539 - DEBUG - 第409代概率模型更新完成
2025-04-08 11:58:15,539 - DEBUG - 第409代完成，当前最优解完工时间: 1905，历史最优解完工时间: 1868
2025-04-08 11:58:15,987 - DEBUG - 
更新概率模型:
2025-04-08 11:58:15,987 - DEBUG - 多样性指标: 0.0430
2025-04-08 11:58:15,989 - DEBUG - 自适应学习率: 0.8380
2025-04-08 11:58:15,989 - DEBUG - 第410代概率模型更新完成
2025-04-08 11:58:15,989 - DEBUG - 第410代完成，当前最优解完工时间: 1914，历史最优解完工时间: 1868
2025-04-08 11:58:16,437 - DEBUG - 
更新概率模型:
2025-04-08 11:58:16,437 - DEBUG - 多样性指标: 0.0455
2025-04-08 11:58:16,437 - DEBUG - 自适应学习率: 0.8387
2025-04-08 11:58:16,437 - DEBUG - 第411代概率模型更新完成
2025-04-08 11:58:16,437 - DEBUG - 第411代完成，当前最优解完工时间: 1923，历史最优解完工时间: 1868
2025-04-08 11:58:16,891 - DEBUG - 
更新概率模型:
2025-04-08 11:58:16,891 - DEBUG - 多样性指标: 0.0445
2025-04-08 11:58:16,891 - DEBUG - 自适应学习率: 0.8323
2025-04-08 11:58:16,891 - DEBUG - 第412代概率模型更新完成
2025-04-08 11:58:16,891 - DEBUG - 第412代完成，当前最优解完工时间: 1952，历史最优解完工时间: 1868
2025-04-08 11:58:17,344 - DEBUG - 
更新概率模型:
2025-04-08 11:58:17,344 - DEBUG - 多样性指标: 0.0432
2025-04-08 11:58:17,344 - DEBUG - 自适应学习率: 0.8340
2025-04-08 11:58:17,344 - DEBUG - 第413代概率模型更新完成
2025-04-08 11:58:17,344 - DEBUG - 第413代完成，当前最优解完工时间: 1937，历史最优解完工时间: 1868
2025-04-08 11:58:17,795 - DEBUG - 
更新概率模型:
2025-04-08 11:58:17,795 - DEBUG - 多样性指标: 0.0425
2025-04-08 11:58:17,795 - DEBUG - 自适应学习率: 0.8377
2025-04-08 11:58:17,795 - DEBUG - 第414代概率模型更新完成
2025-04-08 11:58:17,795 - DEBUG - 第414代完成，当前最优解完工时间: 1936，历史最优解完工时间: 1868
2025-04-08 11:58:18,239 - DEBUG - 
更新概率模型:
2025-04-08 11:58:18,239 - DEBUG - 多样性指标: 0.0435
2025-04-08 11:58:18,239 - DEBUG - 自适应学习率: 0.8290
2025-04-08 11:58:18,239 - DEBUG - 第415代概率模型更新完成
2025-04-08 11:58:18,239 - DEBUG - 第415代完成，当前最优解完工时间: 1958，历史最优解完工时间: 1868
2025-04-08 11:58:18,690 - DEBUG - 
更新概率模型:
2025-04-08 11:58:18,690 - DEBUG - 多样性指标: 0.0459
2025-04-08 11:58:18,690 - DEBUG - 自适应学习率: 0.8345
2025-04-08 11:58:18,690 - DEBUG - 第416代概率模型更新完成
2025-04-08 11:58:18,690 - DEBUG - 第416代完成，当前最优解完工时间: 1942，历史最优解完工时间: 1868
2025-04-08 11:58:19,142 - DEBUG - 
更新概率模型:
2025-04-08 11:58:19,142 - DEBUG - 多样性指标: 0.0445
2025-04-08 11:58:19,142 - DEBUG - 自适应学习率: 0.8323
2025-04-08 11:58:19,142 - DEBUG - 第417代概率模型更新完成
2025-04-08 11:58:19,142 - DEBUG - 第417代完成，当前最优解完工时间: 1946，历史最优解完工时间: 1868
2025-04-08 11:58:19,593 - DEBUG - 
更新概率模型:
2025-04-08 11:58:19,593 - DEBUG - 多样性指标: 0.0369
2025-04-08 11:58:19,593 - DEBUG - 自适应学习率: 0.8321
2025-04-08 11:58:19,593 - DEBUG - 第418代概率模型更新完成
2025-04-08 11:58:19,593 - DEBUG - 第418代完成，当前最优解完工时间: 1927，历史最优解完工时间: 1868
2025-04-08 11:58:20,042 - DEBUG - 
更新概率模型:
2025-04-08 11:58:20,042 - DEBUG - 多样性指标: 0.0429
2025-04-08 11:58:20,042 - DEBUG - 自适应学习率: 0.8328
2025-04-08 11:58:20,042 - DEBUG - 第419代概率模型更新完成
2025-04-08 11:58:20,042 - DEBUG - 第419代完成，当前最优解完工时间: 1948，历史最优解完工时间: 1868
2025-04-08 11:58:20,486 - DEBUG - 
更新概率模型:
2025-04-08 11:58:20,486 - DEBUG - 多样性指标: 0.0406
2025-04-08 11:58:20,486 - DEBUG - 自适应学习率: 0.8365
2025-04-08 11:58:20,486 - DEBUG - 第420代概率模型更新完成
2025-04-08 11:58:20,486 - DEBUG - 第420代完成，当前最优解完工时间: 1924，历史最优解完工时间: 1868
2025-04-08 11:58:20,941 - DEBUG - 
更新概率模型:
2025-04-08 11:58:20,942 - DEBUG - 多样性指标: 0.0401
2025-04-08 11:58:20,942 - DEBUG - 自适应学习率: 0.8280
2025-04-08 11:58:20,942 - DEBUG - 第421代概率模型更新完成
2025-04-08 11:58:20,942 - DEBUG - 第421代完成，当前最优解完工时间: 1940，历史最优解完工时间: 1868
2025-04-08 11:58:21,401 - DEBUG - 
更新概率模型:
2025-04-08 11:58:21,401 - DEBUG - 多样性指标: 0.0403
2025-04-08 11:58:21,401 - DEBUG - 自适应学习率: 0.8355
2025-04-08 11:58:21,401 - DEBUG - 第422代概率模型更新完成
2025-04-08 11:58:21,401 - DEBUG - 第422代完成，当前最优解完工时间: 1910，历史最优解完工时间: 1868
2025-04-08 11:58:21,878 - DEBUG - 
更新概率模型:
2025-04-08 11:58:21,878 - DEBUG - 多样性指标: 0.0411
2025-04-08 11:58:21,878 - DEBUG - 自适应学习率: 0.8322
2025-04-08 11:58:21,878 - DEBUG - 第423代概率模型更新完成
2025-04-08 11:58:21,878 - DEBUG - 第423代完成，当前最优解完工时间: 1942，历史最优解完工时间: 1868
2025-04-08 11:58:22,330 - DEBUG - 
更新概率模型:
2025-04-08 11:58:22,330 - DEBUG - 多样性指标: 0.0364
2025-04-08 11:58:22,330 - DEBUG - 自适应学习率: 0.8359
2025-04-08 11:58:22,330 - DEBUG - 第424代概率模型更新完成
2025-04-08 11:58:22,330 - DEBUG - 第424代完成，当前最优解完工时间: 1915，历史最优解完工时间: 1868
2025-04-08 11:58:22,794 - DEBUG - 
更新概率模型:
2025-04-08 11:58:22,794 - DEBUG - 多样性指标: 0.0407
2025-04-08 11:58:22,794 - DEBUG - 自适应学习率: 0.8341
2025-04-08 11:58:22,794 - DEBUG - 第425代概率模型更新完成
2025-04-08 11:58:22,794 - DEBUG - 第425代完成，当前最优解完工时间: 1933，历史最优解完工时间: 1868
2025-04-08 11:58:23,244 - DEBUG - 
更新概率模型:
2025-04-08 11:58:23,244 - DEBUG - 多样性指标: 0.0392
2025-04-08 11:58:23,244 - DEBUG - 自适应学习率: 0.8341
2025-04-08 11:58:23,244 - DEBUG - 第426代概率模型更新完成
2025-04-08 11:58:23,244 - DEBUG - 第426代完成，当前最优解完工时间: 1926，历史最优解完工时间: 1868
2025-04-08 11:58:23,691 - DEBUG - 
更新概率模型:
2025-04-08 11:58:23,691 - DEBUG - 多样性指标: 0.0456
2025-04-08 11:58:23,691 - DEBUG - 自适应学习率: 0.8327
2025-04-08 11:58:23,691 - DEBUG - 第427代概率模型更新完成
2025-04-08 11:58:23,692 - DEBUG - 第427代完成，当前最优解完工时间: 1953，历史最优解完工时间: 1868
2025-04-08 11:58:24,140 - DEBUG - 
更新概率模型:
2025-04-08 11:58:24,140 - DEBUG - 多样性指标: 0.0497
2025-04-08 11:58:24,140 - DEBUG - 自适应学习率: 0.8383
2025-04-08 11:58:24,140 - DEBUG - 第428代概率模型更新完成
2025-04-08 11:58:24,140 - DEBUG - 第428代完成，当前最优解完工时间: 1927，历史最优解完工时间: 1868
2025-04-08 11:58:24,588 - DEBUG - 
更新概率模型:
2025-04-08 11:58:24,588 - DEBUG - 多样性指标: 0.0440
2025-04-08 11:58:24,588 - DEBUG - 自适应学习率: 0.8337
2025-04-08 11:58:24,588 - DEBUG - 第429代概率模型更新完成
2025-04-08 11:58:24,588 - DEBUG - 第429代完成，当前最优解完工时间: 1937，历史最优解完工时间: 1868
2025-04-08 11:58:25,042 - DEBUG - 
更新概率模型:
2025-04-08 11:58:25,042 - DEBUG - 多样性指标: 0.0408
2025-04-08 11:58:25,042 - DEBUG - 自适应学习率: 0.8325
2025-04-08 11:58:25,042 - DEBUG - 第430代概率模型更新完成
2025-04-08 11:58:25,042 - DEBUG - 第430代完成，当前最优解完工时间: 1939，历史最优解完工时间: 1868
2025-04-08 11:58:25,488 - DEBUG - 
更新概率模型:
2025-04-08 11:58:25,488 - DEBUG - 多样性指标: 0.0430
2025-04-08 11:58:25,488 - DEBUG - 自适应学习率: 0.8310
2025-04-08 11:58:25,488 - DEBUG - 第431代概率模型更新完成
2025-04-08 11:58:25,488 - DEBUG - 第431代完成，当前最优解完工时间: 1954，历史最优解完工时间: 1868
2025-04-08 11:58:25,956 - DEBUG - 
更新概率模型:
2025-04-08 11:58:25,956 - DEBUG - 多样性指标: 0.0423
2025-04-08 11:58:25,956 - DEBUG - 自适应学习率: 0.8525
2025-04-08 11:58:25,956 - DEBUG - 第432代概率模型更新完成
2025-04-08 11:58:25,956 - INFO - In generation 433，New best makespan: 1845.00
2025-04-08 11:58:25,957 - DEBUG - 第432代完成，当前最优解完工时间: 1845，历史最优解完工时间: 1845
2025-04-08 11:58:26,416 - DEBUG - 
更新概率模型:
2025-04-08 11:58:26,416 - DEBUG - 多样性指标: 0.0411
2025-04-08 11:58:26,416 - DEBUG - 自适应学习率: 0.8365
2025-04-08 11:58:26,416 - DEBUG - 第433代概率模型更新完成
2025-04-08 11:58:26,416 - DEBUG - 第433代完成，当前最优解完工时间: 1915，历史最优解完工时间: 1845
2025-04-08 11:58:26,880 - DEBUG - 
更新概率模型:
2025-04-08 11:58:26,880 - DEBUG - 多样性指标: 0.0319
2025-04-08 11:58:26,880 - DEBUG - 自适应学习率: 0.8355
2025-04-08 11:58:26,880 - DEBUG - 第434代概率模型更新完成
2025-04-08 11:58:26,880 - DEBUG - 第434代完成，当前最优解完工时间: 1938，历史最优解完工时间: 1845
2025-04-08 11:58:27,336 - DEBUG - 
更新概率模型:
2025-04-08 11:58:27,336 - DEBUG - 多样性指标: 0.0461
2025-04-08 11:58:27,336 - DEBUG - 自适应学习率: 0.8350
2025-04-08 11:58:27,336 - DEBUG - 第435代概率模型更新完成
2025-04-08 11:58:27,336 - DEBUG - 第435代完成，当前最优解完工时间: 1936，历史最优解完工时间: 1845
2025-04-08 11:58:27,786 - DEBUG - 
更新概率模型:
2025-04-08 11:58:27,786 - DEBUG - 多样性指标: 0.0383
2025-04-08 11:58:27,786 - DEBUG - 自适应学习率: 0.8378
2025-04-08 11:58:27,786 - DEBUG - 第436代概率模型更新完成
2025-04-08 11:58:27,786 - DEBUG - 第436代完成，当前最优解完工时间: 1911，历史最优解完工时间: 1845
2025-04-08 11:58:28,233 - DEBUG - 
更新概率模型:
2025-04-08 11:58:28,233 - DEBUG - 多样性指标: 0.0393
2025-04-08 11:58:28,233 - DEBUG - 自适应学习率: 0.8385
2025-04-08 11:58:28,233 - DEBUG - 第437代概率模型更新完成
2025-04-08 11:58:28,233 - DEBUG - 第437代完成，当前最优解完工时间: 1905，历史最优解完工时间: 1845
2025-04-08 11:58:28,682 - DEBUG - 
更新概率模型:
2025-04-08 11:58:28,682 - DEBUG - 多样性指标: 0.0413
2025-04-08 11:58:28,682 - DEBUG - 自适应学习率: 0.8352
2025-04-08 11:58:28,682 - DEBUG - 第438代概率模型更新完成
2025-04-08 11:58:28,682 - DEBUG - 第438代完成，当前最优解完工时间: 1927，历史最优解完工时间: 1845
2025-04-08 11:58:29,130 - DEBUG - 
更新概率模型:
2025-04-08 11:58:29,130 - DEBUG - 多样性指标: 0.0417
2025-04-08 11:58:29,130 - DEBUG - 自适应学习率: 0.8357
2025-04-08 11:58:29,130 - DEBUG - 第439代概率模型更新完成
2025-04-08 11:58:29,130 - DEBUG - 第439代完成，当前最优解完工时间: 1935，历史最优解完工时间: 1845
2025-04-08 11:58:29,579 - DEBUG - 
更新概率模型:
2025-04-08 11:58:29,579 - DEBUG - 多样性指标: 0.0402
2025-04-08 11:58:29,579 - DEBUG - 自适应学习率: 0.8275
2025-04-08 11:58:29,579 - DEBUG - 第440代概率模型更新完成
2025-04-08 11:58:29,579 - DEBUG - 第440代完成，当前最优解完工时间: 1966，历史最优解完工时间: 1845
2025-04-08 11:58:30,026 - DEBUG - 
更新概率模型:
2025-04-08 11:58:30,028 - DEBUG - 多样性指标: 0.0409
2025-04-08 11:58:30,028 - DEBUG - 自适应学习率: 0.8380
2025-04-08 11:58:30,028 - DEBUG - 第441代概率模型更新完成
2025-04-08 11:58:30,028 - DEBUG - 第441代完成，当前最优解完工时间: 1925，历史最优解完工时间: 1845
2025-04-08 11:58:30,476 - DEBUG - 
更新概率模型:
2025-04-08 11:58:30,476 - DEBUG - 多样性指标: 0.0371
2025-04-08 11:58:30,476 - DEBUG - 自适应学习率: 0.8307
2025-04-08 11:58:30,476 - DEBUG - 第442代概率模型更新完成
2025-04-08 11:58:30,476 - DEBUG - 第442代完成，当前最优解完工时间: 1945，历史最优解完工时间: 1845
2025-04-08 11:58:30,927 - DEBUG - 
更新概率模型:
2025-04-08 11:58:30,927 - DEBUG - 多样性指标: 0.0437
2025-04-08 11:58:30,927 - DEBUG - 自适应学习率: 0.8369
2025-04-08 11:58:30,927 - DEBUG - 第443代概率模型更新完成
2025-04-08 11:58:30,927 - DEBUG - 第443代完成，当前最优解完工时间: 1927，历史最优解完工时间: 1845
2025-04-08 11:58:31,373 - DEBUG - 
更新概率模型:
2025-04-08 11:58:31,373 - DEBUG - 多样性指标: 0.0369
2025-04-08 11:58:31,373 - DEBUG - 自适应学习率: 0.8370
2025-04-08 11:58:31,373 - DEBUG - 第444代概率模型更新完成
2025-04-08 11:58:31,373 - DEBUG - 第444代完成，当前最优解完工时间: 1920，历史最优解完工时间: 1845
2025-04-08 11:58:31,821 - DEBUG - 
更新概率模型:
2025-04-08 11:58:31,821 - DEBUG - 多样性指标: 0.0392
2025-04-08 11:58:31,821 - DEBUG - 自适应学习率: 0.8433
2025-04-08 11:58:31,821 - DEBUG - 第445代概率模型更新完成
2025-04-08 11:58:31,821 - DEBUG - 第445代完成，当前最优解完工时间: 1898，历史最优解完工时间: 1845
2025-04-08 11:58:32,261 - DEBUG - 
更新概率模型:
2025-04-08 11:58:32,262 - DEBUG - 多样性指标: 0.0418
2025-04-08 11:58:32,262 - DEBUG - 自适应学习率: 0.8353
2025-04-08 11:58:32,262 - DEBUG - 第446代概率模型更新完成
2025-04-08 11:58:32,262 - DEBUG - 第446代完成，当前最优解完工时间: 1923，历史最优解完工时间: 1845
2025-04-08 11:58:32,712 - DEBUG - 
更新概率模型:
2025-04-08 11:58:32,712 - DEBUG - 多样性指标: 0.0380
2025-04-08 11:58:32,712 - DEBUG - 自适应学习率: 0.8302
2025-04-08 11:58:32,712 - DEBUG - 第447代概率模型更新完成
2025-04-08 11:58:32,712 - DEBUG - 第447代完成，当前最优解完工时间: 1949，历史最优解完工时间: 1845
2025-04-08 11:58:33,157 - DEBUG - 
更新概率模型:
2025-04-08 11:58:33,158 - DEBUG - 多样性指标: 0.0429
2025-04-08 11:58:33,158 - DEBUG - 自适应学习率: 0.8351
2025-04-08 11:58:33,158 - DEBUG - 第448代概率模型更新完成
2025-04-08 11:58:33,158 - DEBUG - 第448代完成，当前最优解完工时间: 1926，历史最优解完工时间: 1845
2025-04-08 11:58:33,608 - DEBUG - 
更新概率模型:
2025-04-08 11:58:33,608 - DEBUG - 多样性指标: 0.0347
2025-04-08 11:58:33,608 - DEBUG - 自适应学习率: 0.8336
2025-04-08 11:58:33,608 - DEBUG - 第449代概率模型更新完成
2025-04-08 11:58:33,608 - DEBUG - 第449代完成，当前最优解完工时间: 1939，历史最优解完工时间: 1845
2025-04-08 11:58:34,048 - DEBUG - 
更新概率模型:
2025-04-08 11:58:34,048 - DEBUG - 多样性指标: 0.0421
2025-04-08 11:58:34,048 - DEBUG - 自适应学习率: 0.8280
2025-04-08 11:58:34,048 - DEBUG - 第450代概率模型更新完成
2025-04-08 11:58:34,048 - DEBUG - 第450代完成，当前最优解完工时间: 1969，历史最优解完工时间: 1845
2025-04-08 11:58:34,492 - DEBUG - 
更新概率模型:
2025-04-08 11:58:34,492 - DEBUG - 多样性指标: 0.0378
2025-04-08 11:58:34,492 - DEBUG - 自适应学习率: 0.8301
2025-04-08 11:58:34,492 - DEBUG - 第451代概率模型更新完成
2025-04-08 11:58:34,492 - DEBUG - 第451代完成，当前最优解完工时间: 1950，历史最优解完工时间: 1845
2025-04-08 11:58:34,939 - DEBUG - 
更新概率模型:
2025-04-08 11:58:34,939 - DEBUG - 多样性指标: 0.0370
2025-04-08 11:58:34,939 - DEBUG - 自适应学习率: 0.8289
2025-04-08 11:58:34,939 - DEBUG - 第452代概率模型更新完成
2025-04-08 11:58:34,939 - DEBUG - 第452代完成，当前最优解完工时间: 1948，历史最优解完工时间: 1845
2025-04-08 11:58:35,383 - DEBUG - 
更新概率模型:
2025-04-08 11:58:35,383 - DEBUG - 多样性指标: 0.0428
2025-04-08 11:58:35,383 - DEBUG - 自适应学习率: 0.8359
2025-04-08 11:58:35,383 - DEBUG - 第453代概率模型更新完成
2025-04-08 11:58:35,383 - DEBUG - 第453代完成，当前最优解完工时间: 1942，历史最优解完工时间: 1845
2025-04-08 11:58:35,828 - DEBUG - 
更新概率模型:
2025-04-08 11:58:35,828 - DEBUG - 多样性指标: 0.0401
2025-04-08 11:58:35,828 - DEBUG - 自适应学习率: 0.8269
2025-04-08 11:58:35,828 - DEBUG - 第454代概率模型更新完成
2025-04-08 11:58:35,828 - DEBUG - 第454代完成，当前最优解完工时间: 1969，历史最优解完工时间: 1845
2025-04-08 11:58:36,270 - DEBUG - 
更新概率模型:
2025-04-08 11:58:36,270 - DEBUG - 多样性指标: 0.0383
2025-04-08 11:58:36,270 - DEBUG - 自适应学习率: 0.8349
2025-04-08 11:58:36,270 - DEBUG - 第455代概率模型更新完成
2025-04-08 11:58:36,270 - DEBUG - 第455代完成，当前最优解完工时间: 1920，历史最优解完工时间: 1845
2025-04-08 11:58:36,716 - DEBUG - 
更新概率模型:
2025-04-08 11:58:36,718 - DEBUG - 多样性指标: 0.0429
2025-04-08 11:58:36,718 - DEBUG - 自适应学习率: 0.8298
2025-04-08 11:58:36,718 - DEBUG - 第456代概率模型更新完成
2025-04-08 11:58:36,718 - DEBUG - 第456代完成，当前最优解完工时间: 1955，历史最优解完工时间: 1845
2025-04-08 11:58:37,164 - DEBUG - 
更新概率模型:
2025-04-08 11:58:37,164 - DEBUG - 多样性指标: 0.0410
2025-04-08 11:58:37,164 - DEBUG - 自适应学习率: 0.8322
2025-04-08 11:58:37,164 - DEBUG - 第457代概率模型更新完成
2025-04-08 11:58:37,164 - DEBUG - 第457代完成，当前最优解完工时间: 1934，历史最优解完工时间: 1845
2025-04-08 11:58:37,607 - DEBUG - 
更新概率模型:
2025-04-08 11:58:37,607 - DEBUG - 多样性指标: 0.0414
2025-04-08 11:58:37,607 - DEBUG - 自适应学习率: 0.8357
2025-04-08 11:58:37,607 - DEBUG - 第458代概率模型更新完成
2025-04-08 11:58:37,607 - DEBUG - 第458代完成，当前最优解完工时间: 1936，历史最优解完工时间: 1845
2025-04-08 11:58:38,050 - DEBUG - 
更新概率模型:
2025-04-08 11:58:38,050 - DEBUG - 多样性指标: 0.0418
2025-04-08 11:58:38,050 - DEBUG - 自适应学习率: 0.8343
2025-04-08 11:58:38,050 - DEBUG - 第459代概率模型更新完成
2025-04-08 11:58:38,050 - DEBUG - 第459代完成，当前最优解完工时间: 1939，历史最优解完工时间: 1845
2025-04-08 11:58:38,493 - DEBUG - 
更新概率模型:
2025-04-08 11:58:38,493 - DEBUG - 多样性指标: 0.0362
2025-04-08 11:58:38,493 - DEBUG - 自适应学习率: 0.8306
2025-04-08 11:58:38,493 - DEBUG - 第460代概率模型更新完成
2025-04-08 11:58:38,493 - DEBUG - 第460代完成，当前最优解完工时间: 1951，历史最优解完工时间: 1845
2025-04-08 11:58:38,939 - DEBUG - 
更新概率模型:
2025-04-08 11:58:38,939 - DEBUG - 多样性指标: 0.0382
2025-04-08 11:58:38,939 - DEBUG - 自适应学习率: 0.8314
2025-04-08 11:58:38,939 - DEBUG - 第461代概率模型更新完成
2025-04-08 11:58:38,939 - DEBUG - 第461代完成，当前最优解完工时间: 1944，历史最优解完工时间: 1845
2025-04-08 11:58:39,379 - DEBUG - 
更新概率模型:
2025-04-08 11:58:39,379 - DEBUG - 多样性指标: 0.0421
2025-04-08 11:58:39,379 - DEBUG - 自适应学习率: 0.8368
2025-04-08 11:58:39,379 - DEBUG - 第462代概率模型更新完成
2025-04-08 11:58:39,379 - DEBUG - 第462代完成，当前最优解完工时间: 1928，历史最优解完工时间: 1845
2025-04-08 11:58:39,830 - DEBUG - 
更新概率模型:
2025-04-08 11:58:39,830 - DEBUG - 多样性指标: 0.0399
2025-04-08 11:58:39,830 - DEBUG - 自适应学习率: 0.8330
2025-04-08 11:58:39,830 - DEBUG - 第463代概率模型更新完成
2025-04-08 11:58:39,830 - DEBUG - 第463代完成，当前最优解完工时间: 1934，历史最优解完工时间: 1845
2025-04-08 11:58:40,275 - DEBUG - 
更新概率模型:
2025-04-08 11:58:40,275 - DEBUG - 多样性指标: 0.0365
2025-04-08 11:58:40,275 - DEBUG - 自适应学习率: 0.8281
2025-04-08 11:58:40,275 - DEBUG - 第464代概率模型更新完成
2025-04-08 11:58:40,275 - DEBUG - 第464代完成，当前最优解完工时间: 1962，历史最优解完工时间: 1845
2025-04-08 11:58:40,722 - DEBUG - 
更新概率模型:
2025-04-08 11:58:40,723 - DEBUG - 多样性指标: 0.0387
2025-04-08 11:58:40,723 - DEBUG - 自适应学习率: 0.8255
2025-04-08 11:58:40,723 - DEBUG - 第465代概率模型更新完成
2025-04-08 11:58:40,723 - DEBUG - 第465代完成，当前最优解完工时间: 1976，历史最优解完工时间: 1845
2025-04-08 11:58:41,167 - DEBUG - 
更新概率模型:
2025-04-08 11:58:41,167 - DEBUG - 多样性指标: 0.0342
2025-04-08 11:58:41,167 - DEBUG - 自适应学习率: 0.8310
2025-04-08 11:58:41,167 - DEBUG - 第466代概率模型更新完成
2025-04-08 11:58:41,167 - DEBUG - 第466代完成，当前最优解完工时间: 1949，历史最优解完工时间: 1845
2025-04-08 11:58:41,614 - DEBUG - 
更新概率模型:
2025-04-08 11:58:41,614 - DEBUG - 多样性指标: 0.0445
2025-04-08 11:58:41,614 - DEBUG - 自适应学习率: 0.8332
2025-04-08 11:58:41,614 - DEBUG - 第467代概率模型更新完成
2025-04-08 11:58:41,614 - DEBUG - 第467代完成，当前最优解完工时间: 1926，历史最优解完工时间: 1845
2025-04-08 11:58:42,060 - DEBUG - 
更新概率模型:
2025-04-08 11:58:42,061 - DEBUG - 多样性指标: 0.0410
2025-04-08 11:58:42,061 - DEBUG - 自适应学习率: 0.8360
2025-04-08 11:58:42,061 - DEBUG - 第468代概率模型更新完成
2025-04-08 11:58:42,061 - DEBUG - 第468代完成，当前最优解完工时间: 1918，历史最优解完工时间: 1845
2025-04-08 11:58:42,504 - DEBUG - 
更新概率模型:
2025-04-08 11:58:42,504 - DEBUG - 多样性指标: 0.0394
2025-04-08 11:58:42,504 - DEBUG - 自适应学习率: 0.8345
2025-04-08 11:58:42,504 - DEBUG - 第469代概率模型更新完成
2025-04-08 11:58:42,504 - DEBUG - 第469代完成，当前最优解完工时间: 1938，历史最优解完工时间: 1845
2025-04-08 11:58:42,956 - DEBUG - 
更新概率模型:
2025-04-08 11:58:42,956 - DEBUG - 多样性指标: 0.0426
2025-04-08 11:58:42,956 - DEBUG - 自适应学习率: 0.8337
2025-04-08 11:58:42,956 - DEBUG - 第470代概率模型更新完成
2025-04-08 11:58:42,956 - DEBUG - 第470代完成，当前最优解完工时间: 1943，历史最优解完工时间: 1845
2025-04-08 11:58:43,399 - DEBUG - 
更新概率模型:
2025-04-08 11:58:43,399 - DEBUG - 多样性指标: 0.0440
2025-04-08 11:58:43,399 - DEBUG - 自适应学习率: 0.8312
2025-04-08 11:58:43,399 - DEBUG - 第471代概率模型更新完成
2025-04-08 11:58:43,399 - DEBUG - 第471代完成，当前最优解完工时间: 1950，历史最优解完工时间: 1845
2025-04-08 11:58:43,845 - DEBUG - 
更新概率模型:
2025-04-08 11:58:43,845 - DEBUG - 多样性指标: 0.0390
2025-04-08 11:58:43,845 - DEBUG - 自适应学习率: 0.8377
2025-04-08 11:58:43,845 - DEBUG - 第472代概率模型更新完成
2025-04-08 11:58:43,845 - DEBUG - 第472代完成，当前最优解完工时间: 1923，历史最优解完工时间: 1845
2025-04-08 11:58:44,292 - DEBUG - 
更新概率模型:
2025-04-08 11:58:44,292 - DEBUG - 多样性指标: 0.0507
2025-04-08 11:58:44,292 - DEBUG - 自适应学习率: 0.8373
2025-04-08 11:58:44,292 - DEBUG - 第473代概率模型更新完成
2025-04-08 11:58:44,292 - DEBUG - 第473代完成，当前最优解完工时间: 1926，历史最优解完工时间: 1845
2025-04-08 11:58:44,733 - DEBUG - 
更新概率模型:
2025-04-08 11:58:44,733 - DEBUG - 多样性指标: 0.0431
2025-04-08 11:58:44,733 - DEBUG - 自适应学习率: 0.8294
2025-04-08 11:58:44,733 - DEBUG - 第474代概率模型更新完成
2025-04-08 11:58:44,733 - DEBUG - 第474代完成，当前最优解完工时间: 1950，历史最优解完工时间: 1845
2025-04-08 11:58:45,181 - DEBUG - 
更新概率模型:
2025-04-08 11:58:45,181 - DEBUG - 多样性指标: 0.0436
2025-04-08 11:58:45,181 - DEBUG - 自适应学习率: 0.8364
2025-04-08 11:58:45,181 - DEBUG - 第475代概率模型更新完成
2025-04-08 11:58:45,181 - DEBUG - 第475代完成，当前最优解完工时间: 1932，历史最优解完工时间: 1845
2025-04-08 11:58:45,620 - DEBUG - 
更新概率模型:
2025-04-08 11:58:45,620 - DEBUG - 多样性指标: 0.0426
2025-04-08 11:58:45,621 - DEBUG - 自适应学习率: 0.8370
2025-04-08 11:58:45,621 - DEBUG - 第476代概率模型更新完成
2025-04-08 11:58:45,621 - DEBUG - 第476代完成，当前最优解完工时间: 1923，历史最优解完工时间: 1845
2025-04-08 11:58:46,065 - DEBUG - 
更新概率模型:
2025-04-08 11:58:46,065 - DEBUG - 多样性指标: 0.0403
2025-04-08 11:58:46,065 - DEBUG - 自适应学习率: 0.8310
2025-04-08 11:58:46,065 - DEBUG - 第477代概率模型更新完成
2025-04-08 11:58:46,065 - DEBUG - 第477代完成，当前最优解完工时间: 1935，历史最优解完工时间: 1845
2025-04-08 11:58:46,509 - DEBUG - 
更新概率模型:
2025-04-08 11:58:46,509 - DEBUG - 多样性指标: 0.0407
2025-04-08 11:58:46,509 - DEBUG - 自适应学习率: 0.8351
2025-04-08 11:58:46,509 - DEBUG - 第478代概率模型更新完成
2025-04-08 11:58:46,509 - DEBUG - 第478代完成，当前最优解完工时间: 1938，历史最优解完工时间: 1845
2025-04-08 11:58:46,959 - DEBUG - 
更新概率模型:
2025-04-08 11:58:46,959 - DEBUG - 多样性指标: 0.0330
2025-04-08 11:58:46,959 - DEBUG - 自适应学习率: 0.8308
2025-04-08 11:58:46,959 - DEBUG - 第479代概率模型更新完成
2025-04-08 11:58:46,959 - DEBUG - 第479代完成，当前最优解完工时间: 1941，历史最优解完工时间: 1845
2025-04-08 11:58:47,402 - DEBUG - 
更新概率模型:
2025-04-08 11:58:47,402 - DEBUG - 多样性指标: 0.0435
2025-04-08 11:58:47,402 - DEBUG - 自适应学习率: 0.8333
2025-04-08 11:58:47,402 - DEBUG - 第480代概率模型更新完成
2025-04-08 11:58:47,402 - DEBUG - 第480代完成，当前最优解完工时间: 1938，历史最优解完工时间: 1845
2025-04-08 11:58:47,848 - DEBUG - 
更新概率模型:
2025-04-08 11:58:47,848 - DEBUG - 多样性指标: 0.0447
2025-04-08 11:58:47,848 - DEBUG - 自适应学习率: 0.8314
2025-04-08 11:58:47,849 - DEBUG - 第481代概率模型更新完成
2025-04-08 11:58:47,849 - DEBUG - 第481代完成，当前最优解完工时间: 1938，历史最优解完工时间: 1845
2025-04-08 11:58:48,290 - DEBUG - 
更新概率模型:
2025-04-08 11:58:48,290 - DEBUG - 多样性指标: 0.0453
2025-04-08 11:58:48,290 - DEBUG - 自适应学习率: 0.8374
2025-04-08 11:58:48,290 - DEBUG - 第482代概率模型更新完成
2025-04-08 11:58:48,290 - DEBUG - 第482代完成，当前最优解完工时间: 1915，历史最优解完工时间: 1845
2025-04-08 11:58:48,738 - DEBUG - 
更新概率模型:
2025-04-08 11:58:48,738 - DEBUG - 多样性指标: 0.0421
2025-04-08 11:58:48,738 - DEBUG - 自适应学习率: 0.8304
2025-04-08 11:58:48,738 - DEBUG - 第483代概率模型更新完成
2025-04-08 11:58:48,738 - DEBUG - 第483代完成，当前最优解完工时间: 1942，历史最优解完工时间: 1845
2025-04-08 11:58:49,200 - DEBUG - 
更新概率模型:
2025-04-08 11:58:49,200 - DEBUG - 多样性指标: 0.0400
2025-04-08 11:58:49,200 - DEBUG - 自适应学习率: 0.8305
2025-04-08 11:58:49,200 - DEBUG - 第484代概率模型更新完成
2025-04-08 11:58:49,200 - DEBUG - 第484代完成，当前最优解完工时间: 1952，历史最优解完工时间: 1845
2025-04-08 11:58:49,645 - DEBUG - 
更新概率模型:
2025-04-08 11:58:49,645 - DEBUG - 多样性指标: 0.0360
2025-04-08 11:58:49,645 - DEBUG - 自适应学习率: 0.8281
2025-04-08 11:58:49,645 - DEBUG - 第485代概率模型更新完成
2025-04-08 11:58:49,645 - DEBUG - 第485代完成，当前最优解完工时间: 1952，历史最优解完工时间: 1845
2025-04-08 11:58:50,089 - DEBUG - 
更新概率模型:
2025-04-08 11:58:50,089 - DEBUG - 多样性指标: 0.0400
2025-04-08 11:58:50,090 - DEBUG - 自适应学习率: 0.8328
2025-04-08 11:58:50,090 - DEBUG - 第486代概率模型更新完成
2025-04-08 11:58:50,090 - DEBUG - 第486代完成，当前最优解完工时间: 1942，历史最优解完工时间: 1845
2025-04-08 11:58:50,531 - DEBUG - 
更新概率模型:
2025-04-08 11:58:50,531 - DEBUG - 多样性指标: 0.0365
2025-04-08 11:58:50,531 - DEBUG - 自适应学习率: 0.8354
2025-04-08 11:58:50,531 - DEBUG - 第487代概率模型更新完成
2025-04-08 11:58:50,531 - DEBUG - 第487代完成，当前最优解完工时间: 1922，历史最优解完工时间: 1845
2025-04-08 11:58:50,978 - DEBUG - 
更新概率模型:
2025-04-08 11:58:50,979 - DEBUG - 多样性指标: 0.0401
2025-04-08 11:58:50,979 - DEBUG - 自适应学习率: 0.8335
2025-04-08 11:58:50,979 - DEBUG - 第488代概率模型更新完成
2025-04-08 11:58:50,979 - DEBUG - 第488代完成，当前最优解完工时间: 1941，历史最优解完工时间: 1845
2025-04-08 11:58:51,416 - DEBUG - 
更新概率模型:
2025-04-08 11:58:51,416 - DEBUG - 多样性指标: 0.0376
2025-04-08 11:58:51,416 - DEBUG - 自适应学习率: 0.8297
2025-04-08 11:58:51,416 - DEBUG - 第489代概率模型更新完成
2025-04-08 11:58:51,416 - DEBUG - 第489代完成，当前最优解完工时间: 1962，历史最优解完工时间: 1845
2025-04-08 11:58:51,860 - DEBUG - 
更新概率模型:
2025-04-08 11:58:51,860 - DEBUG - 多样性指标: 0.0430
2025-04-08 11:58:51,860 - DEBUG - 自适应学习率: 0.8358
2025-04-08 11:58:51,860 - DEBUG - 第490代概率模型更新完成
2025-04-08 11:58:51,860 - DEBUG - 第490代完成，当前最优解完工时间: 1918，历史最优解完工时间: 1845
2025-04-08 11:58:52,311 - DEBUG - 
更新概率模型:
2025-04-08 11:58:52,312 - DEBUG - 多样性指标: 0.0471
2025-04-08 11:58:52,312 - DEBUG - 自适应学习率: 0.8358
2025-04-08 11:58:52,312 - DEBUG - 第491代概率模型更新完成
2025-04-08 11:58:52,312 - DEBUG - 第491代完成，当前最优解完工时间: 1931，历史最优解完工时间: 1845
2025-04-08 11:58:52,757 - DEBUG - 
更新概率模型:
2025-04-08 11:58:52,757 - DEBUG - 多样性指标: 0.0447
2025-04-08 11:58:52,757 - DEBUG - 自适应学习率: 0.8340
2025-04-08 11:58:52,757 - DEBUG - 第492代概率模型更新完成
2025-04-08 11:58:52,757 - DEBUG - 第492代完成，当前最优解完工时间: 1934，历史最优解完工时间: 1845
2025-04-08 11:58:53,200 - DEBUG - 
更新概率模型:
2025-04-08 11:58:53,200 - DEBUG - 多样性指标: 0.0402
2025-04-08 11:58:53,200 - DEBUG - 自适应学习率: 0.8424
2025-04-08 11:58:53,200 - DEBUG - 第493代概率模型更新完成
2025-04-08 11:58:53,200 - DEBUG - 第493代完成，当前最优解完工时间: 1898，历史最优解完工时间: 1845
2025-04-08 11:58:53,647 - DEBUG - 
更新概率模型:
2025-04-08 11:58:53,647 - DEBUG - 多样性指标: 0.0392
2025-04-08 11:58:53,647 - DEBUG - 自适应学习率: 0.8367
2025-04-08 11:58:53,647 - DEBUG - 第494代概率模型更新完成
2025-04-08 11:58:53,647 - DEBUG - 第494代完成，当前最优解完工时间: 1914，历史最优解完工时间: 1845
2025-04-08 11:58:54,089 - DEBUG - 
更新概率模型:
2025-04-08 11:58:54,089 - DEBUG - 多样性指标: 0.0402
2025-04-08 11:58:54,089 - DEBUG - 自适应学习率: 0.8278
2025-04-08 11:58:54,089 - DEBUG - 第495代概率模型更新完成
2025-04-08 11:58:54,089 - DEBUG - 第495代完成，当前最优解完工时间: 1966，历史最优解完工时间: 1845
2025-04-08 11:58:54,538 - DEBUG - 
更新概率模型:
2025-04-08 11:58:54,540 - DEBUG - 多样性指标: 0.0461
2025-04-08 11:58:54,540 - DEBUG - 自适应学习率: 0.8327
2025-04-08 11:58:54,540 - DEBUG - 第496代概率模型更新完成
2025-04-08 11:58:54,540 - DEBUG - 第496代完成，当前最优解完工时间: 1941，历史最优解完工时间: 1845
2025-04-08 11:58:54,998 - DEBUG - 
更新概率模型:
2025-04-08 11:58:54,998 - DEBUG - 多样性指标: 0.0427
2025-04-08 11:58:54,998 - DEBUG - 自适应学习率: 0.8324
2025-04-08 11:58:54,998 - DEBUG - 第497代概率模型更新完成
2025-04-08 11:58:54,998 - DEBUG - 第497代完成，当前最优解完工时间: 1941，历史最优解完工时间: 1845
2025-04-08 11:58:55,456 - DEBUG - 
更新概率模型:
2025-04-08 11:58:55,456 - DEBUG - 多样性指标: 0.0410
2025-04-08 11:58:55,456 - DEBUG - 自适应学习率: 0.8379
2025-04-08 11:58:55,456 - DEBUG - 第498代概率模型更新完成
2025-04-08 11:58:55,456 - DEBUG - 第498代完成，当前最优解完工时间: 1914，历史最优解完工时间: 1845
2025-04-08 11:58:55,904 - DEBUG - 
更新概率模型:
2025-04-08 11:58:55,904 - DEBUG - 多样性指标: 0.0433
2025-04-08 11:58:55,904 - DEBUG - 自适应学习率: 0.8371
2025-04-08 11:58:55,904 - DEBUG - 第499代概率模型更新完成
2025-04-08 11:58:55,904 - DEBUG - 第499代完成，当前最优解完工时间: 1921，历史最优解完工时间: 1845
2025-04-08 12:13:00,984 - DEBUG - 
更新概率模型:
2025-04-08 12:13:00,984 - DEBUG - 多样性指标: 0.0440
2025-04-08 12:13:00,984 - DEBUG - 自适应学习率: 0.8349
2025-04-08 12:13:01,447 - DEBUG - 
更新概率模型:
2025-04-08 12:13:01,447 - DEBUG - 多样性指标: 0.0398
2025-04-08 12:13:01,447 - DEBUG - 自适应学习率: 0.8382
2025-04-08 12:13:01,932 - DEBUG - 
更新概率模型:
2025-04-08 12:13:01,933 - DEBUG - 多样性指标: 0.0422
2025-04-08 12:13:01,933 - DEBUG - 自适应学习率: 0.8429
2025-04-08 12:13:02,414 - DEBUG - 
更新概率模型:
2025-04-08 12:13:02,414 - DEBUG - 多样性指标: 0.0388
2025-04-08 12:13:02,414 - DEBUG - 自适应学习率: 0.8383
2025-04-08 12:13:02,879 - DEBUG - 
更新概率模型:
2025-04-08 12:13:02,879 - DEBUG - 多样性指标: 0.0415
2025-04-08 12:13:02,879 - DEBUG - 自适应学习率: 0.8349
2025-04-08 12:13:03,343 - DEBUG - 
更新概率模型:
2025-04-08 12:13:03,343 - DEBUG - 多样性指标: 0.0445
2025-04-08 12:13:03,343 - DEBUG - 自适应学习率: 0.8373
2025-04-08 12:13:03,807 - DEBUG - 
更新概率模型:
2025-04-08 12:13:03,807 - DEBUG - 多样性指标: 0.0432
2025-04-08 12:13:03,807 - DEBUG - 自适应学习率: 0.8399
2025-04-08 12:13:04,266 - DEBUG - 
更新概率模型:
2025-04-08 12:13:04,267 - DEBUG - 多样性指标: 0.0374
2025-04-08 12:13:04,267 - DEBUG - 自适应学习率: 0.8383
2025-04-08 12:13:04,721 - DEBUG - 
更新概率模型:
2025-04-08 12:13:04,721 - DEBUG - 多样性指标: 0.0415
2025-04-08 12:13:04,721 - DEBUG - 自适应学习率: 0.8369
2025-04-08 12:13:05,176 - DEBUG - 
更新概率模型:
2025-04-08 12:13:05,176 - DEBUG - 多样性指标: 0.0373
2025-04-08 12:13:05,176 - DEBUG - 自适应学习率: 0.8291
2025-04-08 12:13:05,637 - DEBUG - 
更新概率模型:
2025-04-08 12:13:05,638 - DEBUG - 多样性指标: 0.0385
2025-04-08 12:13:05,638 - DEBUG - 自适应学习率: 0.8309
2025-04-08 12:13:06,107 - DEBUG - 
更新概率模型:
2025-04-08 12:13:06,107 - DEBUG - 多样性指标: 0.0443
2025-04-08 12:13:06,107 - DEBUG - 自适应学习率: 0.8343
2025-04-08 12:13:06,569 - DEBUG - 
更新概率模型:
2025-04-08 12:13:06,569 - DEBUG - 多样性指标: 0.0410
2025-04-08 12:13:06,569 - DEBUG - 自适应学习率: 0.8299
2025-04-08 12:13:07,035 - DEBUG - 
更新概率模型:
2025-04-08 12:13:07,035 - DEBUG - 多样性指标: 0.0466
2025-04-08 12:13:07,035 - DEBUG - 自适应学习率: 0.8403
2025-04-08 12:13:07,521 - DEBUG - 
更新概率模型:
2025-04-08 12:13:07,521 - DEBUG - 多样性指标: 0.0435
2025-04-08 12:13:07,521 - DEBUG - 自适应学习率: 0.8315
2025-04-08 12:13:08,016 - DEBUG - 
更新概率模型:
2025-04-08 12:13:08,016 - DEBUG - 多样性指标: 0.0396
2025-04-08 12:13:08,016 - DEBUG - 自适应学习率: 0.8353
2025-04-08 12:13:08,510 - DEBUG - 
更新概率模型:
2025-04-08 12:13:08,510 - DEBUG - 多样性指标: 0.0466
2025-04-08 12:13:08,510 - DEBUG - 自适应学习率: 0.8384
2025-04-08 12:13:09,015 - DEBUG - 
更新概率模型:
2025-04-08 12:13:09,015 - DEBUG - 多样性指标: 0.0392
2025-04-08 12:13:09,015 - DEBUG - 自适应学习率: 0.8373
2025-04-08 12:13:09,515 - DEBUG - 
更新概率模型:
2025-04-08 12:13:09,515 - DEBUG - 多样性指标: 0.0427
2025-04-08 12:13:09,515 - DEBUG - 自适应学习率: 0.8352
2025-04-08 12:13:10,022 - DEBUG - 
更新概率模型:
2025-04-08 12:13:10,022 - DEBUG - 多样性指标: 0.0462
2025-04-08 12:13:10,022 - DEBUG - 自适应学习率: 0.8319
2025-04-08 12:13:10,507 - DEBUG - 
更新概率模型:
2025-04-08 12:13:10,507 - DEBUG - 多样性指标: 0.0425
2025-04-08 12:13:10,507 - DEBUG - 自适应学习率: 0.8344
2025-04-08 12:13:10,995 - DEBUG - 
更新概率模型:
2025-04-08 12:13:10,995 - DEBUG - 多样性指标: 0.0409
2025-04-08 12:13:10,995 - DEBUG - 自适应学习率: 0.8312
2025-04-08 12:13:11,510 - DEBUG - 
更新概率模型:
2025-04-08 12:13:11,510 - DEBUG - 多样性指标: 0.0400
2025-04-08 12:13:11,510 - DEBUG - 自适应学习率: 0.8314
2025-04-08 12:13:12,005 - DEBUG - 
更新概率模型:
2025-04-08 12:13:12,005 - DEBUG - 多样性指标: 0.0424
2025-04-08 12:13:12,005 - DEBUG - 自适应学习率: 0.8336
2025-04-08 12:13:12,496 - DEBUG - 
更新概率模型:
2025-04-08 12:13:12,496 - DEBUG - 多样性指标: 0.0401
2025-04-08 12:13:12,496 - DEBUG - 自适应学习率: 0.8374
2025-04-08 12:13:12,981 - DEBUG - 
更新概率模型:
2025-04-08 12:13:12,982 - DEBUG - 多样性指标: 0.0448
2025-04-08 12:13:12,982 - DEBUG - 自适应学习率: 0.8374
2025-04-08 12:13:13,486 - DEBUG - 
更新概率模型:
2025-04-08 12:13:13,486 - DEBUG - 多样性指标: 0.0477
2025-04-08 12:13:13,486 - DEBUG - 自适应学习率: 0.8349
2025-04-08 12:13:13,991 - DEBUG - 
更新概率模型:
2025-04-08 12:13:13,991 - DEBUG - 多样性指标: 0.0383
2025-04-08 12:13:13,991 - DEBUG - 自适应学习率: 0.8313
2025-04-08 12:13:14,490 - DEBUG - 
更新概率模型:
2025-04-08 12:13:14,490 - DEBUG - 多样性指标: 0.0472
2025-04-08 12:13:14,490 - DEBUG - 自适应学习率: 0.8367
2025-04-08 12:13:14,983 - DEBUG - 
更新概率模型:
2025-04-08 12:13:14,983 - DEBUG - 多样性指标: 0.0361
2025-04-08 12:13:14,983 - DEBUG - 自适应学习率: 0.8353
2025-04-08 12:13:15,478 - DEBUG - 
更新概率模型:
2025-04-08 12:13:15,478 - DEBUG - 多样性指标: 0.0430
2025-04-08 12:13:15,478 - DEBUG - 自适应学习率: 0.8325
2025-04-08 12:13:15,976 - DEBUG - 
更新概率模型:
2025-04-08 12:13:15,976 - DEBUG - 多样性指标: 0.0401
2025-04-08 12:13:15,976 - DEBUG - 自适应学习率: 0.8282
2025-04-08 12:13:16,470 - DEBUG - 
更新概率模型:
2025-04-08 12:13:16,470 - DEBUG - 多样性指标: 0.0406
2025-04-08 12:13:16,470 - DEBUG - 自适应学习率: 0.8288
2025-04-08 12:13:16,980 - DEBUG - 
更新概率模型:
2025-04-08 12:13:16,981 - DEBUG - 多样性指标: 0.0411
2025-04-08 12:13:16,981 - DEBUG - 自适应学习率: 0.8330
2025-04-08 12:13:17,455 - DEBUG - 
更新概率模型:
2025-04-08 12:13:17,455 - DEBUG - 多样性指标: 0.0413
2025-04-08 12:13:17,456 - DEBUG - 自适应学习率: 0.8358
2025-04-08 12:13:17,916 - DEBUG - 
更新概率模型:
2025-04-08 12:13:17,916 - DEBUG - 多样性指标: 0.0422
2025-04-08 12:13:17,916 - DEBUG - 自适应学习率: 0.8370
2025-04-08 12:13:18,374 - DEBUG - 
更新概率模型:
2025-04-08 12:13:18,374 - DEBUG - 多样性指标: 0.0456
2025-04-08 12:13:18,374 - DEBUG - 自适应学习率: 0.8356
2025-04-08 12:13:18,838 - DEBUG - 
更新概率模型:
2025-04-08 12:13:18,838 - DEBUG - 多样性指标: 0.0411
2025-04-08 12:13:18,838 - DEBUG - 自适应学习率: 0.8321
2025-04-08 12:13:19,328 - DEBUG - 
更新概率模型:
2025-04-08 12:13:19,328 - DEBUG - 多样性指标: 0.0399
2025-04-08 12:13:19,328 - DEBUG - 自适应学习率: 0.8313
2025-04-08 12:13:19,814 - DEBUG - 
更新概率模型:
2025-04-08 12:13:19,814 - DEBUG - 多样性指标: 0.0418
2025-04-08 12:13:19,814 - DEBUG - 自适应学习率: 0.8423
2025-04-08 12:13:20,279 - DEBUG - 
更新概率模型:
2025-04-08 12:13:20,279 - DEBUG - 多样性指标: 0.0380
2025-04-08 12:13:20,279 - DEBUG - 自适应学习率: 0.8274
2025-04-08 12:13:20,753 - DEBUG - 
更新概率模型:
2025-04-08 12:13:20,754 - DEBUG - 多样性指标: 0.0408
2025-04-08 12:13:20,754 - DEBUG - 自适应学习率: 0.8296
2025-04-08 12:13:21,257 - DEBUG - 
更新概率模型:
2025-04-08 12:13:21,257 - DEBUG - 多样性指标: 0.0471
2025-04-08 12:13:21,257 - DEBUG - 自适应学习率: 0.8323
2025-04-08 12:13:21,717 - DEBUG - 
更新概率模型:
2025-04-08 12:13:21,717 - DEBUG - 多样性指标: 0.0448
2025-04-08 12:13:21,717 - DEBUG - 自适应学习率: 0.8393
2025-04-08 12:13:22,198 - DEBUG - 
更新概率模型:
2025-04-08 12:13:22,198 - DEBUG - 多样性指标: 0.0385
2025-04-08 12:13:22,198 - DEBUG - 自适应学习率: 0.8309
2025-04-08 12:13:22,657 - DEBUG - 
更新概率模型:
2025-04-08 12:13:22,657 - DEBUG - 多样性指标: 0.0427
2025-04-08 12:13:22,657 - DEBUG - 自适应学习率: 0.8376
2025-04-08 12:13:23,111 - DEBUG - 
更新概率模型:
2025-04-08 12:13:23,111 - DEBUG - 多样性指标: 0.0427
2025-04-08 12:13:23,111 - DEBUG - 自适应学习率: 0.8325
2025-04-08 12:13:23,557 - DEBUG - 
更新概率模型:
2025-04-08 12:13:23,557 - DEBUG - 多样性指标: 0.0373
2025-04-08 12:13:23,557 - DEBUG - 自适应学习率: 0.8334
2025-04-08 12:13:24,011 - DEBUG - 
更新概率模型:
2025-04-08 12:13:24,011 - DEBUG - 多样性指标: 0.0399
2025-04-08 12:13:24,011 - DEBUG - 自适应学习率: 0.8272
2025-04-08 12:13:24,463 - DEBUG - 
更新概率模型:
2025-04-08 12:13:24,463 - DEBUG - 多样性指标: 0.0420
2025-04-08 12:13:24,463 - DEBUG - 自适应学习率: 0.8343
2025-04-08 12:13:24,923 - DEBUG - 
更新概率模型:
2025-04-08 12:13:24,923 - DEBUG - 多样性指标: 0.0408
2025-04-08 12:13:24,923 - DEBUG - 自适应学习率: 0.8328
2025-04-08 12:13:25,390 - DEBUG - 
更新概率模型:
2025-04-08 12:13:25,390 - DEBUG - 多样性指标: 0.0473
2025-04-08 12:13:25,390 - DEBUG - 自适应学习率: 0.8388
2025-04-08 12:13:25,841 - DEBUG - 
更新概率模型:
2025-04-08 12:13:25,841 - DEBUG - 多样性指标: 0.0456
2025-04-08 12:13:25,841 - DEBUG - 自适应学习率: 0.8345
2025-04-08 12:13:26,296 - DEBUG - 
更新概率模型:
2025-04-08 12:13:26,296 - DEBUG - 多样性指标: 0.0359
2025-04-08 12:13:26,296 - DEBUG - 自适应学习率: 0.8324
2025-04-08 12:13:26,749 - DEBUG - 
更新概率模型:
2025-04-08 12:13:26,750 - DEBUG - 多样性指标: 0.0436
2025-04-08 12:13:26,750 - DEBUG - 自适应学习率: 0.8351
2025-04-08 12:13:27,206 - DEBUG - 
更新概率模型:
2025-04-08 12:13:27,206 - DEBUG - 多样性指标: 0.0401
2025-04-08 12:13:27,206 - DEBUG - 自适应学习率: 0.8373
2025-04-08 12:13:27,662 - DEBUG - 
更新概率模型:
2025-04-08 12:13:27,662 - DEBUG - 多样性指标: 0.0367
2025-04-08 12:13:27,662 - DEBUG - 自适应学习率: 0.8306
2025-04-08 12:13:28,125 - DEBUG - 
更新概率模型:
2025-04-08 12:13:28,125 - DEBUG - 多样性指标: 0.0452
2025-04-08 12:13:28,125 - DEBUG - 自适应学习率: 0.8325
2025-04-08 12:13:28,602 - DEBUG - 
更新概率模型:
2025-04-08 12:13:28,603 - DEBUG - 多样性指标: 0.0435
2025-04-08 12:13:28,603 - DEBUG - 自适应学习率: 0.8324
2025-04-08 12:13:29,062 - DEBUG - 
更新概率模型:
2025-04-08 12:13:29,062 - DEBUG - 多样性指标: 0.0388
2025-04-08 12:13:29,062 - DEBUG - 自适应学习率: 0.8372
2025-04-08 12:13:29,541 - DEBUG - 
更新概率模型:
2025-04-08 12:13:29,542 - DEBUG - 多样性指标: 0.0429
2025-04-08 12:13:29,542 - DEBUG - 自适应学习率: 0.8327
2025-04-08 12:13:30,014 - DEBUG - 
更新概率模型:
2025-04-08 12:13:30,014 - DEBUG - 多样性指标: 0.0413
2025-04-08 12:13:30,014 - DEBUG - 自适应学习率: 0.8309
2025-04-08 12:13:30,484 - DEBUG - 
更新概率模型:
2025-04-08 12:13:30,484 - DEBUG - 多样性指标: 0.0382
2025-04-08 12:13:30,484 - DEBUG - 自适应学习率: 0.8317
2025-04-08 12:13:30,950 - DEBUG - 
更新概率模型:
2025-04-08 12:13:30,950 - DEBUG - 多样性指标: 0.0411
2025-04-08 12:13:30,950 - DEBUG - 自适应学习率: 0.8400
2025-04-08 12:13:31,414 - DEBUG - 
更新概率模型:
2025-04-08 12:13:31,414 - DEBUG - 多样性指标: 0.0406
2025-04-08 12:13:31,414 - DEBUG - 自适应学习率: 0.8320
2025-04-08 12:13:31,869 - DEBUG - 
更新概率模型:
2025-04-08 12:13:31,870 - DEBUG - 多样性指标: 0.0371
2025-04-08 12:13:31,870 - DEBUG - 自适应学习率: 0.8323
2025-04-08 12:13:32,350 - DEBUG - 
更新概率模型:
2025-04-08 12:13:32,350 - DEBUG - 多样性指标: 0.0460
2025-04-08 12:13:32,350 - DEBUG - 自适应学习率: 0.8322
2025-04-08 12:13:32,847 - DEBUG - 
更新概率模型:
2025-04-08 12:13:32,847 - DEBUG - 多样性指标: 0.0422
2025-04-08 12:13:32,847 - DEBUG - 自适应学习率: 0.8339
2025-04-08 12:13:33,310 - DEBUG - 
更新概率模型:
2025-04-08 12:13:33,310 - DEBUG - 多样性指标: 0.0374
2025-04-08 12:13:33,310 - DEBUG - 自适应学习率: 0.8363
2025-04-08 12:13:33,766 - DEBUG - 
更新概率模型:
2025-04-08 12:13:33,766 - DEBUG - 多样性指标: 0.0404
2025-04-08 12:13:33,766 - DEBUG - 自适应学习率: 0.8329
2025-04-08 12:13:34,235 - DEBUG - 
更新概率模型:
2025-04-08 12:13:34,235 - DEBUG - 多样性指标: 0.0406
2025-04-08 12:13:34,235 - DEBUG - 自适应学习率: 0.8390
2025-04-08 12:13:34,700 - DEBUG - 
更新概率模型:
2025-04-08 12:13:34,700 - DEBUG - 多样性指标: 0.0398
2025-04-08 12:13:34,700 - DEBUG - 自适应学习率: 0.8281
2025-04-08 12:13:35,178 - DEBUG - 
更新概率模型:
2025-04-08 12:13:35,180 - DEBUG - 多样性指标: 0.0389
2025-04-08 12:13:35,180 - DEBUG - 自适应学习率: 0.8307
2025-04-08 12:13:35,651 - DEBUG - 
更新概率模型:
2025-04-08 12:13:35,652 - DEBUG - 多样性指标: 0.0420
2025-04-08 12:13:35,652 - DEBUG - 自适应学习率: 0.8322
2025-04-08 12:13:36,112 - DEBUG - 
更新概率模型:
2025-04-08 12:13:36,112 - DEBUG - 多样性指标: 0.0426
2025-04-08 12:13:36,112 - DEBUG - 自适应学习率: 0.8319
2025-04-08 12:13:36,578 - DEBUG - 
更新概率模型:
2025-04-08 12:13:36,578 - DEBUG - 多样性指标: 0.0432
2025-04-08 12:13:36,578 - DEBUG - 自适应学习率: 0.8333
2025-04-08 12:13:37,064 - DEBUG - 
更新概率模型:
2025-04-08 12:13:37,064 - DEBUG - 多样性指标: 0.0411
2025-04-08 12:13:37,064 - DEBUG - 自适应学习率: 0.8297
2025-04-08 12:13:37,528 - DEBUG - 
更新概率模型:
2025-04-08 12:13:37,528 - DEBUG - 多样性指标: 0.0403
2025-04-08 12:13:37,528 - DEBUG - 自适应学习率: 0.8362
2025-04-08 12:13:37,993 - DEBUG - 
更新概率模型:
2025-04-08 12:13:37,993 - DEBUG - 多样性指标: 0.0369
2025-04-08 12:13:37,993 - DEBUG - 自适应学习率: 0.8371
2025-04-08 12:13:38,455 - DEBUG - 
更新概率模型:
2025-04-08 12:13:38,455 - DEBUG - 多样性指标: 0.0466
2025-04-08 12:13:38,455 - DEBUG - 自适应学习率: 0.8338
2025-04-08 12:13:38,911 - DEBUG - 
更新概率模型:
2025-04-08 12:13:38,911 - DEBUG - 多样性指标: 0.0406
2025-04-08 12:13:38,911 - DEBUG - 自适应学习率: 0.8375
2025-04-08 12:13:39,386 - DEBUG - 
更新概率模型:
2025-04-08 12:13:39,386 - DEBUG - 多样性指标: 0.0388
2025-04-08 12:13:39,386 - DEBUG - 自适应学习率: 0.8346
2025-04-08 12:13:39,840 - DEBUG - 
更新概率模型:
2025-04-08 12:13:39,840 - DEBUG - 多样性指标: 0.0496
2025-04-08 12:13:39,840 - DEBUG - 自适应学习率: 0.8422
2025-04-08 12:13:40,304 - DEBUG - 
更新概率模型:
2025-04-08 12:13:40,304 - DEBUG - 多样性指标: 0.0442
2025-04-08 12:13:40,304 - DEBUG - 自适应学习率: 0.8357
2025-04-08 12:13:40,796 - DEBUG - 
更新概率模型:
2025-04-08 12:13:40,796 - DEBUG - 多样性指标: 0.0430
2025-04-08 12:13:40,796 - DEBUG - 自适应学习率: 0.8459
2025-04-08 12:13:41,281 - DEBUG - 
更新概率模型:
2025-04-08 12:13:41,281 - DEBUG - 多样性指标: 0.0426
2025-04-08 12:13:41,281 - DEBUG - 自适应学习率: 0.8335
2025-04-08 12:13:41,754 - DEBUG - 
更新概率模型:
2025-04-08 12:13:41,754 - DEBUG - 多样性指标: 0.0364
2025-04-08 12:13:41,754 - DEBUG - 自适应学习率: 0.8261
2025-04-08 12:13:42,237 - DEBUG - 
更新概率模型:
2025-04-08 12:13:42,237 - DEBUG - 多样性指标: 0.0438
2025-04-08 12:13:42,237 - DEBUG - 自适应学习率: 0.8431
2025-04-08 12:13:42,694 - DEBUG - 
更新概率模型:
2025-04-08 12:13:42,694 - DEBUG - 多样性指标: 0.0376
2025-04-08 12:13:42,694 - DEBUG - 自适应学习率: 0.8379
2025-04-08 12:13:43,165 - DEBUG - 
更新概率模型:
2025-04-08 12:13:43,165 - DEBUG - 多样性指标: 0.0447
2025-04-08 12:13:43,165 - DEBUG - 自适应学习率: 0.8323
2025-04-08 12:13:43,637 - DEBUG - 
更新概率模型:
2025-04-08 12:13:43,637 - DEBUG - 多样性指标: 0.0400
2025-04-08 12:13:43,637 - DEBUG - 自适应学习率: 0.8370
2025-04-08 12:13:44,095 - DEBUG - 
更新概率模型:
2025-04-08 12:13:44,095 - DEBUG - 多样性指标: 0.0395
2025-04-08 12:13:44,095 - DEBUG - 自适应学习率: 0.8359
2025-04-08 12:13:44,550 - DEBUG - 
更新概率模型:
2025-04-08 12:13:44,550 - DEBUG - 多样性指标: 0.0447
2025-04-08 12:13:44,550 - DEBUG - 自适应学习率: 0.8366
2025-04-08 12:13:45,016 - DEBUG - 
更新概率模型:
2025-04-08 12:13:45,016 - DEBUG - 多样性指标: 0.0399
2025-04-08 12:13:45,016 - DEBUG - 自适应学习率: 0.8331
2025-04-08 12:13:45,472 - DEBUG - 
更新概率模型:
2025-04-08 12:13:45,472 - DEBUG - 多样性指标: 0.0490
2025-04-08 12:13:45,472 - DEBUG - 自适应学习率: 0.8441
2025-04-08 12:13:45,926 - DEBUG - 
更新概率模型:
2025-04-08 12:13:45,926 - DEBUG - 多样性指标: 0.0408
2025-04-08 12:13:45,926 - DEBUG - 自适应学习率: 0.8328
2025-04-08 12:13:46,388 - DEBUG - 
更新概率模型:
2025-04-08 12:13:46,389 - DEBUG - 多样性指标: 0.0343
2025-04-08 12:13:46,389 - DEBUG - 自适应学习率: 0.8345
2025-04-08 12:13:46,861 - DEBUG - 
更新概率模型:
2025-04-08 12:13:46,861 - DEBUG - 多样性指标: 0.0401
2025-04-08 12:13:46,861 - DEBUG - 自适应学习率: 0.8393
2025-04-08 12:13:47,374 - DEBUG - 
更新概率模型:
2025-04-08 12:13:47,375 - DEBUG - 多样性指标: 0.0435
2025-04-08 12:13:47,375 - DEBUG - 自适应学习率: 0.8293
2025-04-08 12:13:47,860 - DEBUG - 
更新概率模型:
2025-04-08 12:13:47,860 - DEBUG - 多样性指标: 0.0443
2025-04-08 12:13:47,860 - DEBUG - 自适应学习率: 0.8291
2025-04-08 12:13:48,368 - DEBUG - 
更新概率模型:
2025-04-08 12:13:48,368 - DEBUG - 多样性指标: 0.0404
2025-04-08 12:13:48,368 - DEBUG - 自适应学习率: 0.8371
2025-04-08 12:13:48,832 - DEBUG - 
更新概率模型:
2025-04-08 12:13:48,832 - DEBUG - 多样性指标: 0.0413
2025-04-08 12:13:48,832 - DEBUG - 自适应学习率: 0.8394
2025-04-08 12:13:49,331 - DEBUG - 
更新概率模型:
2025-04-08 12:13:49,331 - DEBUG - 多样性指标: 0.0393
2025-04-08 12:13:49,331 - DEBUG - 自适应学习率: 0.8296
2025-04-08 12:13:49,820 - DEBUG - 
更新概率模型:
2025-04-08 12:13:49,821 - DEBUG - 多样性指标: 0.0476
2025-04-08 12:13:49,821 - DEBUG - 自适应学习率: 0.8365
2025-04-08 12:13:50,343 - DEBUG - 
更新概率模型:
2025-04-08 12:13:50,343 - DEBUG - 多样性指标: 0.0372
2025-04-08 12:13:50,343 - DEBUG - 自适应学习率: 0.8357
2025-04-08 12:13:50,865 - DEBUG - 
更新概率模型:
2025-04-08 12:13:50,865 - DEBUG - 多样性指标: 0.0476
2025-04-08 12:13:50,865 - DEBUG - 自适应学习率: 0.8365
2025-04-08 12:13:51,400 - DEBUG - 
更新概率模型:
2025-04-08 12:13:51,400 - DEBUG - 多样性指标: 0.0420
2025-04-08 12:13:51,400 - DEBUG - 自适应学习率: 0.8339
2025-04-08 12:13:51,905 - DEBUG - 
更新概率模型:
2025-04-08 12:13:51,905 - DEBUG - 多样性指标: 0.0359
2025-04-08 12:13:51,905 - DEBUG - 自适应学习率: 0.8387
2025-04-08 12:13:52,452 - DEBUG - 
更新概率模型:
2025-04-08 12:13:52,452 - DEBUG - 多样性指标: 0.0431
2025-04-08 12:13:52,452 - DEBUG - 自适应学习率: 0.8413
2025-04-08 12:13:52,995 - DEBUG - 
更新概率模型:
2025-04-08 12:13:52,995 - DEBUG - 多样性指标: 0.0372
2025-04-08 12:13:52,995 - DEBUG - 自适应学习率: 0.8382
2025-04-08 12:13:53,526 - DEBUG - 
更新概率模型:
2025-04-08 12:13:53,526 - DEBUG - 多样性指标: 0.0458
2025-04-08 12:13:53,526 - DEBUG - 自适应学习率: 0.8427
2025-04-08 12:13:54,059 - DEBUG - 
更新概率模型:
2025-04-08 12:13:54,059 - DEBUG - 多样性指标: 0.0408
2025-04-08 12:13:54,059 - DEBUG - 自适应学习率: 0.8396
2025-04-08 12:13:54,590 - DEBUG - 
更新概率模型:
2025-04-08 12:13:54,590 - DEBUG - 多样性指标: 0.0451
2025-04-08 12:13:54,590 - DEBUG - 自适应学习率: 0.8415
2025-04-08 12:13:55,122 - DEBUG - 
更新概率模型:
2025-04-08 12:13:55,122 - DEBUG - 多样性指标: 0.0400
2025-04-08 12:13:55,122 - DEBUG - 自适应学习率: 0.8410
2025-04-08 12:13:55,675 - DEBUG - 
更新概率模型:
2025-04-08 12:13:55,675 - DEBUG - 多样性指标: 0.0423
2025-04-08 12:13:55,675 - DEBUG - 自适应学习率: 0.8446
2025-04-08 12:13:56,226 - DEBUG - 
更新概率模型:
2025-04-08 12:13:56,226 - DEBUG - 多样性指标: 0.0460
2025-04-08 12:13:56,226 - DEBUG - 自适应学习率: 0.8475
2025-04-08 12:13:56,795 - DEBUG - 
更新概率模型:
2025-04-08 12:13:56,795 - DEBUG - 多样性指标: 0.0435
2025-04-08 12:13:56,795 - DEBUG - 自适应学习率: 0.8447
2025-04-08 12:13:57,340 - DEBUG - 
更新概率模型:
2025-04-08 12:13:57,340 - DEBUG - 多样性指标: 0.0430
2025-04-08 12:13:57,340 - DEBUG - 自适应学习率: 0.8456
2025-04-08 12:13:57,872 - DEBUG - 
更新概率模型:
2025-04-08 12:13:57,872 - DEBUG - 多样性指标: 0.0442
2025-04-08 12:13:57,872 - DEBUG - 自适应学习率: 0.8466
2025-04-08 12:13:58,426 - DEBUG - 
更新概率模型:
2025-04-08 12:13:58,426 - DEBUG - 多样性指标: 0.0456
2025-04-08 12:13:58,426 - DEBUG - 自适应学习率: 0.8446
2025-04-08 12:13:58,984 - DEBUG - 
更新概率模型:
2025-04-08 12:13:58,984 - DEBUG - 多样性指标: 0.0375
2025-04-08 12:13:58,984 - DEBUG - 自适应学习率: 0.8428
2025-04-08 12:13:59,540 - DEBUG - 
更新概率模型:
2025-04-08 12:13:59,540 - DEBUG - 多样性指标: 0.0446
2025-04-08 12:13:59,540 - DEBUG - 自适应学习率: 0.8461
2025-04-08 12:14:00,100 - DEBUG - 
更新概率模型:
2025-04-08 12:14:00,100 - DEBUG - 多样性指标: 0.0431
2025-04-08 12:14:00,100 - DEBUG - 自适应学习率: 0.8446
2025-04-08 12:14:00,595 - DEBUG - 
更新概率模型:
2025-04-08 12:14:00,595 - DEBUG - 多样性指标: 0.0444
2025-04-08 12:14:00,595 - DEBUG - 自适应学习率: 0.8479
2025-04-08 12:14:01,105 - DEBUG - 
更新概率模型:
2025-04-08 12:14:01,105 - DEBUG - 多样性指标: 0.0430
2025-04-08 12:14:01,105 - DEBUG - 自适应学习率: 0.8444
2025-04-08 12:14:01,599 - DEBUG - 
更新概率模型:
2025-04-08 12:14:01,599 - DEBUG - 多样性指标: 0.0413
2025-04-08 12:14:01,599 - DEBUG - 自适应学习率: 0.8445
2025-04-08 12:14:02,107 - DEBUG - 
更新概率模型:
2025-04-08 12:14:02,107 - DEBUG - 多样性指标: 0.0466
2025-04-08 12:14:02,107 - DEBUG - 自适应学习率: 0.8478
2025-04-08 12:14:02,618 - DEBUG - 
更新概率模型:
2025-04-08 12:14:02,618 - DEBUG - 多样性指标: 0.0457
2025-04-08 12:14:02,618 - DEBUG - 自适应学习率: 0.8475
2025-04-08 12:14:03,108 - DEBUG - 
更新概率模型:
2025-04-08 12:14:03,108 - DEBUG - 多样性指标: 0.0484
2025-04-08 12:14:03,108 - DEBUG - 自适应学习率: 0.8456
2025-04-08 12:14:03,605 - DEBUG - 
更新概率模型:
2025-04-08 12:14:03,605 - DEBUG - 多样性指标: 0.0400
2025-04-08 12:14:03,605 - DEBUG - 自适应学习率: 0.8448
2025-04-08 12:14:04,110 - DEBUG - 
更新概率模型:
2025-04-08 12:14:04,110 - DEBUG - 多样性指标: 0.0405
2025-04-08 12:14:04,110 - DEBUG - 自适应学习率: 0.8455
2025-04-08 12:14:04,605 - DEBUG - 
更新概率模型:
2025-04-08 12:14:04,605 - DEBUG - 多样性指标: 0.0476
2025-04-08 12:14:04,605 - DEBUG - 自适应学习率: 0.8482
2025-04-08 12:14:05,107 - DEBUG - 
更新概率模型:
2025-04-08 12:14:05,107 - DEBUG - 多样性指标: 0.0433
2025-04-08 12:14:05,107 - DEBUG - 自适应学习率: 0.8454
2025-04-08 12:14:05,600 - DEBUG - 
更新概率模型:
2025-04-08 12:14:05,600 - DEBUG - 多样性指标: 0.0485
2025-04-08 12:14:05,600 - DEBUG - 自适应学习率: 0.8476
2025-04-08 12:14:06,102 - DEBUG - 
更新概率模型:
2025-04-08 12:14:06,102 - DEBUG - 多样性指标: 0.0433
2025-04-08 12:14:06,102 - DEBUG - 自适应学习率: 0.8480
2025-04-08 12:14:06,596 - DEBUG - 
更新概率模型:
2025-04-08 12:14:06,596 - DEBUG - 多样性指标: 0.0439
2025-04-08 12:14:06,596 - DEBUG - 自适应学习率: 0.8453
2025-04-08 12:14:07,116 - DEBUG - 
更新概率模型:
2025-04-08 12:14:07,116 - DEBUG - 多样性指标: 0.0410
2025-04-08 12:14:07,116 - DEBUG - 自适应学习率: 0.8451
2025-04-08 12:14:07,620 - DEBUG - 
更新概率模型:
2025-04-08 12:14:07,620 - DEBUG - 多样性指标: 0.0389
2025-04-08 12:14:07,620 - DEBUG - 自适应学习率: 0.8470
2025-04-08 12:14:08,136 - DEBUG - 
更新概率模型:
2025-04-08 12:14:08,137 - DEBUG - 多样性指标: 0.0419
2025-04-08 12:14:08,137 - DEBUG - 自适应学习率: 0.8491
2025-04-08 12:14:08,646 - DEBUG - 
更新概率模型:
2025-04-08 12:14:08,646 - DEBUG - 多样性指标: 0.0468
2025-04-08 12:14:08,646 - DEBUG - 自适应学习率: 0.8481
2025-04-08 12:14:09,162 - DEBUG - 
更新概率模型:
2025-04-08 12:14:09,162 - DEBUG - 多样性指标: 0.0459
2025-04-08 12:14:09,162 - DEBUG - 自适应学习率: 0.8495
2025-04-08 12:14:09,669 - DEBUG - 
更新概率模型:
2025-04-08 12:14:09,669 - DEBUG - 多样性指标: 0.0450
2025-04-08 12:14:09,669 - DEBUG - 自适应学习率: 0.8463
2025-04-08 12:14:10,206 - DEBUG - 
更新概率模型:
2025-04-08 12:14:10,206 - DEBUG - 多样性指标: 0.0392
2025-04-08 12:14:10,206 - DEBUG - 自适应学习率: 0.8472
2025-04-08 12:14:10,720 - DEBUG - 
更新概率模型:
2025-04-08 12:14:10,720 - DEBUG - 多样性指标: 0.0473
2025-04-08 12:14:10,720 - DEBUG - 自适应学习率: 0.8495
2025-04-08 12:14:11,225 - DEBUG - 
更新概率模型:
2025-04-08 12:14:11,225 - DEBUG - 多样性指标: 0.0468
2025-04-08 12:14:11,225 - DEBUG - 自适应学习率: 0.8458
2025-04-08 12:14:11,718 - DEBUG - 
更新概率模型:
2025-04-08 12:14:11,718 - DEBUG - 多样性指标: 0.0397
2025-04-08 12:14:11,718 - DEBUG - 自适应学习率: 0.8474
2025-04-08 12:14:12,224 - DEBUG - 
更新概率模型:
2025-04-08 12:14:12,224 - DEBUG - 多样性指标: 0.0451
2025-04-08 12:14:12,224 - DEBUG - 自适应学习率: 0.8472
2025-04-08 12:14:12,717 - DEBUG - 
更新概率模型:
2025-04-08 12:14:12,717 - DEBUG - 多样性指标: 0.0395
2025-04-08 12:14:12,717 - DEBUG - 自适应学习率: 0.8495
2025-04-08 12:14:13,219 - DEBUG - 
更新概率模型:
2025-04-08 12:14:13,219 - DEBUG - 多样性指标: 0.0510
2025-04-08 12:14:13,219 - DEBUG - 自适应学习率: 0.8492
2025-04-08 12:14:13,718 - DEBUG - 
更新概率模型:
2025-04-08 12:14:13,718 - DEBUG - 多样性指标: 0.0409
2025-04-08 12:14:13,718 - DEBUG - 自适应学习率: 0.8471
2025-04-08 12:14:14,275 - DEBUG - 
更新概率模型:
2025-04-08 12:14:14,275 - DEBUG - 多样性指标: 0.0480
2025-04-08 12:14:14,275 - DEBUG - 自适应学习率: 0.8510
2025-04-08 12:14:14,830 - DEBUG - 
更新概率模型:
2025-04-08 12:14:14,830 - DEBUG - 多样性指标: 0.0412
2025-04-08 12:14:14,830 - DEBUG - 自适应学习率: 0.8475
2025-04-08 12:14:15,395 - DEBUG - 
更新概率模型:
2025-04-08 12:14:15,395 - DEBUG - 多样性指标: 0.0445
2025-04-08 12:14:15,395 - DEBUG - 自适应学习率: 0.8478
2025-04-08 12:14:15,960 - DEBUG - 
更新概率模型:
2025-04-08 12:14:15,960 - DEBUG - 多样性指标: 0.0487
2025-04-08 12:14:15,960 - DEBUG - 自适应学习率: 0.8504
2025-04-08 12:14:16,510 - DEBUG - 
更新概率模型:
2025-04-08 12:14:16,510 - DEBUG - 多样性指标: 0.0445
2025-04-08 12:14:16,510 - DEBUG - 自适应学习率: 0.8485
2025-04-08 12:14:17,097 - DEBUG - 
更新概率模型:
2025-04-08 12:14:17,097 - DEBUG - 多样性指标: 0.0421
2025-04-08 12:14:17,097 - DEBUG - 自适应学习率: 0.8474
2025-04-08 12:14:17,714 - DEBUG - 
更新概率模型:
2025-04-08 12:14:17,714 - DEBUG - 多样性指标: 0.0420
2025-04-08 12:14:17,714 - DEBUG - 自适应学习率: 0.8516
2025-04-08 12:14:18,318 - DEBUG - 
更新概率模型:
2025-04-08 12:14:18,319 - DEBUG - 多样性指标: 0.0443
2025-04-08 12:14:18,319 - DEBUG - 自适应学习率: 0.8474
2025-04-08 12:14:18,931 - DEBUG - 
更新概率模型:
2025-04-08 12:14:18,931 - DEBUG - 多样性指标: 0.0489
2025-04-08 12:14:18,931 - DEBUG - 自适应学习率: 0.8519
2025-04-08 12:14:19,519 - DEBUG - 
更新概率模型:
2025-04-08 12:14:19,519 - DEBUG - 多样性指标: 0.0456
2025-04-08 12:14:19,519 - DEBUG - 自适应学习率: 0.8488
2025-04-08 12:14:20,154 - DEBUG - 
更新概率模型:
2025-04-08 12:14:20,154 - DEBUG - 多样性指标: 0.0505
2025-04-08 12:14:20,154 - DEBUG - 自适应学习率: 0.8490
2025-04-08 12:14:20,768 - DEBUG - 
更新概率模型:
2025-04-08 12:14:20,768 - DEBUG - 多样性指标: 0.0467
2025-04-08 12:14:20,768 - DEBUG - 自适应学习率: 0.8491
2025-04-08 12:14:21,410 - DEBUG - 
更新概率模型:
2025-04-08 12:14:21,410 - DEBUG - 多样性指标: 0.0486
2025-04-08 12:14:21,410 - DEBUG - 自适应学习率: 0.8488
2025-04-08 12:14:22,016 - DEBUG - 
更新概率模型:
2025-04-08 12:14:22,016 - DEBUG - 多样性指标: 0.0459
2025-04-08 12:14:22,016 - DEBUG - 自适应学习率: 0.8508
2025-04-08 12:14:22,662 - DEBUG - 
更新概率模型:
2025-04-08 12:14:22,662 - DEBUG - 多样性指标: 0.0519
2025-04-08 12:14:22,662 - DEBUG - 自适应学习率: 0.8502
2025-04-08 12:14:23,314 - DEBUG - 
更新概率模型:
2025-04-08 12:14:23,314 - DEBUG - 多样性指标: 0.0505
2025-04-08 12:14:23,314 - DEBUG - 自适应学习率: 0.8497
2025-04-08 12:14:23,965 - DEBUG - 
更新概率模型:
2025-04-08 12:14:23,965 - DEBUG - 多样性指标: 0.0490
2025-04-08 12:14:23,965 - DEBUG - 自适应学习率: 0.8472
2025-04-08 12:14:24,612 - DEBUG - 
更新概率模型:
2025-04-08 12:14:24,612 - DEBUG - 多样性指标: 0.0581
2025-04-08 12:14:24,612 - DEBUG - 自适应学习率: 0.8541
2025-04-08 12:14:25,273 - DEBUG - 
更新概率模型:
2025-04-08 12:14:25,273 - DEBUG - 多样性指标: 0.0499
2025-04-08 12:14:25,273 - DEBUG - 自适应学习率: 0.8479
2025-04-08 12:14:25,945 - DEBUG - 
更新概率模型:
2025-04-08 12:14:25,945 - DEBUG - 多样性指标: 0.0513
2025-04-08 12:14:25,945 - DEBUG - 自适应学习率: 0.8459
2025-04-08 12:14:26,706 - DEBUG - 
更新概率模型:
2025-04-08 12:14:26,706 - DEBUG - 多样性指标: 0.0525
2025-04-08 12:14:26,706 - DEBUG - 自适应学习率: 0.8469
2025-04-08 12:14:27,389 - DEBUG - 
更新概率模型:
2025-04-08 12:14:27,389 - DEBUG - 多样性指标: 0.0509
2025-04-08 12:14:27,390 - DEBUG - 自适应学习率: 0.8434
2025-04-08 12:14:28,084 - DEBUG - 
更新概率模型:
2025-04-08 12:14:28,084 - DEBUG - 多样性指标: 0.0487
2025-04-08 12:14:28,084 - DEBUG - 自适应学习率: 0.8407
2025-04-08 12:14:28,801 - DEBUG - 
更新概率模型:
2025-04-08 12:14:28,801 - DEBUG - 多样性指标: 0.0566
2025-04-08 12:14:28,801 - DEBUG - 自适应学习率: 0.8474
2025-04-08 12:14:29,542 - DEBUG - 
更新概率模型:
2025-04-08 12:14:29,542 - DEBUG - 多样性指标: 0.0569
2025-04-08 12:14:29,542 - DEBUG - 自适应学习率: 0.8467
2025-04-08 12:14:30,288 - DEBUG - 
更新概率模型:
2025-04-08 12:14:30,288 - DEBUG - 多样性指标: 0.0629
2025-04-08 12:14:30,288 - DEBUG - 自适应学习率: 0.8421
2025-04-08 12:14:31,025 - DEBUG - 
更新概率模型:
2025-04-08 12:14:31,025 - DEBUG - 多样性指标: 0.0609
2025-04-08 12:14:31,025 - DEBUG - 自适应学习率: 0.8428
2025-04-08 12:14:31,760 - DEBUG - 
更新概率模型:
2025-04-08 12:14:31,760 - DEBUG - 多样性指标: 0.0515
2025-04-08 12:14:31,760 - DEBUG - 自适应学习率: 0.8402
2025-04-08 12:14:32,480 - DEBUG - 
更新概率模型:
2025-04-08 12:14:32,480 - DEBUG - 多样性指标: 0.0583
2025-04-08 12:14:32,480 - DEBUG - 自适应学习率: 0.8440
2025-04-08 12:14:33,189 - DEBUG - 
更新概率模型:
2025-04-08 12:14:33,189 - DEBUG - 多样性指标: 0.0512
2025-04-08 12:14:33,189 - DEBUG - 自适应学习率: 0.8399
2025-04-08 12:14:33,968 - DEBUG - 
更新概率模型:
2025-04-08 12:14:33,968 - DEBUG - 多样性指标: 0.0680
2025-04-08 12:14:33,968 - DEBUG - 自适应学习率: 0.8427
2025-04-08 12:14:34,704 - DEBUG - 
更新概率模型:
2025-04-08 12:14:34,706 - DEBUG - 多样性指标: 0.0620
2025-04-08 12:14:34,706 - DEBUG - 自适应学习率: 0.8392
2025-04-08 12:14:35,469 - DEBUG - 
更新概率模型:
2025-04-08 12:14:35,469 - DEBUG - 多样性指标: 0.0585
2025-04-08 12:14:35,469 - DEBUG - 自适应学习率: 0.8388
2025-04-08 12:14:36,263 - DEBUG - 
更新概率模型:
2025-04-08 12:14:36,263 - DEBUG - 多样性指标: 0.0635
2025-04-08 12:14:36,263 - DEBUG - 自适应学习率: 0.8400
2025-04-08 12:14:37,047 - DEBUG - 
更新概率模型:
2025-04-08 12:14:37,047 - DEBUG - 多样性指标: 0.0575
2025-04-08 12:14:37,047 - DEBUG - 自适应学习率: 0.8363
2025-04-08 12:14:37,856 - DEBUG - 
更新概率模型:
2025-04-08 12:14:37,856 - DEBUG - 多样性指标: 0.0641
2025-04-08 12:14:37,856 - DEBUG - 自适应学习率: 0.8290
2025-04-08 12:14:38,759 - DEBUG - 
更新概率模型:
2025-04-08 12:14:38,759 - DEBUG - 多样性指标: 0.0610
2025-04-08 12:14:38,759 - DEBUG - 自适应学习率: 0.8274
2025-04-08 12:14:39,583 - DEBUG - 
更新概率模型:
2025-04-08 12:14:39,583 - DEBUG - 多样性指标: 0.0706
2025-04-08 12:14:39,583 - DEBUG - 自适应学习率: 0.8313
2025-04-08 12:14:40,431 - DEBUG - 
更新概率模型:
2025-04-08 12:14:40,431 - DEBUG - 多样性指标: 0.0707
2025-04-08 12:14:40,431 - DEBUG - 自适应学习率: 0.8320
2025-04-08 12:14:41,332 - DEBUG - 
更新概率模型:
2025-04-08 12:14:41,332 - DEBUG - 多样性指标: 0.0767
2025-04-08 12:14:41,332 - DEBUG - 自适应学习率: 0.8358
2025-04-08 12:14:42,248 - DEBUG - 
更新概率模型:
2025-04-08 12:14:42,248 - DEBUG - 多样性指标: 0.0675
2025-04-08 12:14:42,248 - DEBUG - 自适应学习率: 0.8298
2025-04-08 12:14:43,125 - DEBUG - 
更新概率模型:
2025-04-08 12:14:43,125 - DEBUG - 多样性指标: 0.0638
2025-04-08 12:14:43,125 - DEBUG - 自适应学习率: 0.8309
2025-04-08 12:14:43,985 - DEBUG - 
更新概率模型:
2025-04-08 12:14:43,985 - DEBUG - 多样性指标: 0.0729
2025-04-08 12:14:43,985 - DEBUG - 自适应学习率: 0.8319
2025-04-08 12:14:44,843 - DEBUG - 
更新概率模型:
2025-04-08 12:14:44,843 - DEBUG - 多样性指标: 0.0821
2025-04-08 12:14:44,844 - DEBUG - 自适应学习率: 0.8379
2025-04-08 12:14:45,670 - DEBUG - 
更新概率模型:
2025-04-08 12:14:45,670 - DEBUG - 多样性指标: 0.0795
2025-04-08 12:14:45,670 - DEBUG - 自适应学习率: 0.8362
2025-04-08 12:14:46,451 - DEBUG - 
更新概率模型:
2025-04-08 12:14:46,451 - DEBUG - 多样性指标: 0.0875
2025-04-08 12:14:46,451 - DEBUG - 自适应学习率: 0.8408
2025-04-08 12:14:47,235 - DEBUG - 
更新概率模型:
2025-04-08 12:14:47,236 - DEBUG - 多样性指标: 0.0961
2025-04-08 12:14:47,236 - DEBUG - 自适应学习率: 0.8425
2025-04-08 12:14:47,990 - DEBUG - 
更新概率模型:
2025-04-08 12:14:47,991 - DEBUG - 多样性指标: 0.0765
2025-04-08 12:14:47,991 - DEBUG - 自适应学习率: 0.8347
2025-04-08 12:14:48,781 - DEBUG - 
更新概率模型:
2025-04-08 12:14:48,781 - DEBUG - 多样性指标: 0.0784
2025-04-08 12:14:48,781 - DEBUG - 自适应学习率: 0.8368
2025-04-08 12:14:49,562 - DEBUG - 
更新概率模型:
2025-04-08 12:14:49,562 - DEBUG - 多样性指标: 0.0816
2025-04-08 12:14:49,562 - DEBUG - 自适应学习率: 0.8374
2025-04-08 12:14:50,356 - DEBUG - 
更新概率模型:
2025-04-08 12:14:50,356 - DEBUG - 多样性指标: 0.0930
2025-04-08 12:14:50,356 - DEBUG - 自适应学习率: 0.8422
2025-04-08 12:14:51,114 - DEBUG - 
更新概率模型:
2025-04-08 12:14:51,114 - DEBUG - 多样性指标: 0.0894
2025-04-08 12:14:51,114 - DEBUG - 自适应学习率: 0.8424
2025-04-08 12:14:51,922 - DEBUG - 
更新概率模型:
2025-04-08 12:14:51,922 - DEBUG - 多样性指标: 0.0706
2025-04-08 12:14:51,922 - DEBUG - 自适应学习率: 0.8319
2025-04-08 12:14:52,703 - DEBUG - 
更新概率模型:
2025-04-08 12:14:52,703 - DEBUG - 多样性指标: 0.0679
2025-04-08 12:14:52,703 - DEBUG - 自适应学习率: 0.8327
2025-04-08 12:14:53,482 - DEBUG - 
更新概率模型:
2025-04-08 12:14:53,482 - DEBUG - 多样性指标: 0.0871
2025-04-08 12:14:53,482 - DEBUG - 自适应学习率: 0.8425
2025-04-08 12:14:54,270 - DEBUG - 
更新概率模型:
2025-04-08 12:14:54,270 - DEBUG - 多样性指标: 0.0895
2025-04-08 12:14:54,270 - DEBUG - 自适应学习率: 0.8382
2025-04-08 12:14:55,069 - DEBUG - 
更新概率模型:
2025-04-08 12:14:55,069 - DEBUG - 多样性指标: 0.0794
2025-04-08 12:14:55,069 - DEBUG - 自适应学习率: 0.8369
2025-04-08 12:14:55,893 - DEBUG - 
更新概率模型:
2025-04-08 12:14:55,893 - DEBUG - 多样性指标: 0.0812
2025-04-08 12:14:55,893 - DEBUG - 自适应学习率: 0.8391
2025-04-08 12:14:56,721 - DEBUG - 
更新概率模型:
2025-04-08 12:14:56,721 - DEBUG - 多样性指标: 0.0882
2025-04-08 12:14:56,721 - DEBUG - 自适应学习率: 0.8420
2025-04-08 12:14:57,531 - DEBUG - 
更新概率模型:
2025-04-08 12:14:57,531 - DEBUG - 多样性指标: 0.0802
2025-04-08 12:14:57,531 - DEBUG - 自适应学习率: 0.8342
2025-04-08 12:14:58,337 - DEBUG - 
更新概率模型:
2025-04-08 12:14:58,337 - DEBUG - 多样性指标: 0.0840
2025-04-08 12:14:58,337 - DEBUG - 自适应学习率: 0.8370
2025-04-08 12:14:59,165 - DEBUG - 
更新概率模型:
2025-04-08 12:14:59,165 - DEBUG - 多样性指标: 0.0662
2025-04-08 12:14:59,165 - DEBUG - 自适应学习率: 0.8290
2025-04-08 12:14:59,950 - DEBUG - 
更新概率模型:
2025-04-08 12:14:59,950 - DEBUG - 多样性指标: 0.0709
2025-04-08 12:14:59,950 - DEBUG - 自适应学习率: 0.8329
2025-04-08 12:15:00,730 - DEBUG - 
更新概率模型:
2025-04-08 12:15:00,730 - DEBUG - 多样性指标: 0.0816
2025-04-08 12:15:00,730 - DEBUG - 自适应学习率: 0.8384
2025-04-08 12:15:01,495 - DEBUG - 
更新概率模型:
2025-04-08 12:15:01,495 - DEBUG - 多样性指标: 0.0729
2025-04-08 12:15:01,495 - DEBUG - 自适应学习率: 0.8328
2025-04-08 12:15:02,284 - DEBUG - 
更新概率模型:
2025-04-08 12:15:02,284 - DEBUG - 多样性指标: 0.0775
2025-04-08 12:15:02,284 - DEBUG - 自适应学习率: 0.8340
2025-04-08 12:15:03,071 - DEBUG - 
更新概率模型:
2025-04-08 12:15:03,071 - DEBUG - 多样性指标: 0.0724
2025-04-08 12:15:03,071 - DEBUG - 自适应学习率: 0.8310
2025-04-08 12:15:03,883 - DEBUG - 
更新概率模型:
2025-04-08 12:15:03,883 - DEBUG - 多样性指标: 0.0734
2025-04-08 12:15:03,883 - DEBUG - 自适应学习率: 0.8345
2025-04-08 12:15:04,717 - DEBUG - 
更新概率模型:
2025-04-08 12:15:04,718 - DEBUG - 多样性指标: 0.0796
2025-04-08 12:15:04,718 - DEBUG - 自适应学习率: 0.8361
2025-04-08 12:15:05,529 - DEBUG - 
更新概率模型:
2025-04-08 12:15:05,529 - DEBUG - 多样性指标: 0.1042
2025-04-08 12:15:05,529 - DEBUG - 自适应学习率: 0.8475
2025-04-08 12:15:06,331 - DEBUG - 
更新概率模型:
2025-04-08 12:15:06,331 - DEBUG - 多样性指标: 0.0851
2025-04-08 12:15:06,331 - DEBUG - 自适应学习率: 0.8405
2025-04-08 12:15:07,121 - DEBUG - 
更新概率模型:
2025-04-08 12:15:07,121 - DEBUG - 多样性指标: 0.0771
2025-04-08 12:15:07,121 - DEBUG - 自适应学习率: 0.8348
2025-04-08 12:15:07,933 - DEBUG - 
更新概率模型:
2025-04-08 12:15:07,933 - DEBUG - 多样性指标: 0.0732
2025-04-08 12:15:07,933 - DEBUG - 自适应学习率: 0.8335
2025-04-08 12:15:08,731 - DEBUG - 
更新概率模型:
2025-04-08 12:15:08,731 - DEBUG - 多样性指标: 0.0924
2025-04-08 12:15:08,731 - DEBUG - 自适应学习率: 0.8410
2025-04-08 12:15:09,529 - DEBUG - 
更新概率模型:
2025-04-08 12:15:09,529 - DEBUG - 多样性指标: 0.0805
2025-04-08 12:15:09,529 - DEBUG - 自适应学习率: 0.8384
2025-04-08 12:15:10,310 - DEBUG - 
更新概率模型:
2025-04-08 12:15:10,310 - DEBUG - 多样性指标: 0.0751
2025-04-08 12:15:10,310 - DEBUG - 自适应学习率: 0.8347
2025-04-08 12:15:11,090 - DEBUG - 
更新概率模型:
2025-04-08 12:15:11,091 - DEBUG - 多样性指标: 0.0758
2025-04-08 12:15:11,091 - DEBUG - 自适应学习率: 0.8315
2025-04-08 12:15:11,855 - DEBUG - 
更新概率模型:
2025-04-08 12:15:11,855 - DEBUG - 多样性指标: 0.0896
2025-04-08 12:15:11,855 - DEBUG - 自适应学习率: 0.8379
2025-04-08 12:15:12,641 - DEBUG - 
更新概率模型:
2025-04-08 12:15:12,641 - DEBUG - 多样性指标: 0.1009
2025-04-08 12:15:12,641 - DEBUG - 自适应学习率: 0.8432
2025-04-08 12:15:13,414 - DEBUG - 
更新概率模型:
2025-04-08 12:15:13,414 - DEBUG - 多样性指标: 0.0826
2025-04-08 12:15:13,414 - DEBUG - 自适应学习率: 0.8361
2025-04-08 12:15:14,231 - DEBUG - 
更新概率模型:
2025-04-08 12:15:14,231 - DEBUG - 多样性指标: 0.0774
2025-04-08 12:15:14,231 - DEBUG - 自适应学习率: 0.8332
2025-04-08 12:15:15,027 - DEBUG - 
更新概率模型:
2025-04-08 12:15:15,027 - DEBUG - 多样性指标: 0.0847
2025-04-08 12:15:15,027 - DEBUG - 自适应学习率: 0.8360
2025-04-08 12:15:15,832 - DEBUG - 
更新概率模型:
2025-04-08 12:15:15,832 - DEBUG - 多样性指标: 0.0825
2025-04-08 12:15:15,832 - DEBUG - 自适应学习率: 0.8364
2025-04-08 12:15:16,621 - DEBUG - 
更新概率模型:
2025-04-08 12:15:16,621 - DEBUG - 多样性指标: 0.1012
2025-04-08 12:15:16,621 - DEBUG - 自适应学习率: 0.8414
2025-04-08 12:15:17,403 - DEBUG - 
更新概率模型:
2025-04-08 12:15:17,403 - DEBUG - 多样性指标: 0.0768
2025-04-08 12:15:17,403 - DEBUG - 自适应学习率: 0.8338
2025-04-08 12:15:18,182 - DEBUG - 
更新概率模型:
2025-04-08 12:15:18,182 - DEBUG - 多样性指标: 0.0687
2025-04-08 12:15:18,182 - DEBUG - 自适应学习率: 0.8316
2025-04-08 12:15:18,992 - DEBUG - 
更新概率模型:
2025-04-08 12:15:18,992 - DEBUG - 多样性指标: 0.0953
2025-04-08 12:15:18,992 - DEBUG - 自适应学习率: 0.8386
2025-04-08 12:15:19,795 - DEBUG - 
更新概率模型:
2025-04-08 12:15:19,795 - DEBUG - 多样性指标: 0.1010
2025-04-08 12:15:19,795 - DEBUG - 自适应学习率: 0.8492
2025-04-08 12:15:20,611 - DEBUG - 
更新概率模型:
2025-04-08 12:15:20,611 - DEBUG - 多样性指标: 0.0884
2025-04-08 12:15:20,611 - DEBUG - 自适应学习率: 0.8388
2025-04-08 12:15:21,424 - DEBUG - 
更新概率模型:
2025-04-08 12:15:21,424 - DEBUG - 多样性指标: 0.1033
2025-04-08 12:15:21,424 - DEBUG - 自适应学习率: 0.8438
2025-04-08 12:15:22,237 - DEBUG - 
更新概率模型:
2025-04-08 12:15:22,237 - DEBUG - 多样性指标: 0.0740
2025-04-08 12:15:22,237 - DEBUG - 自适应学习率: 0.8340
2025-04-08 12:15:23,046 - DEBUG - 
更新概率模型:
2025-04-08 12:15:23,046 - DEBUG - 多样性指标: 0.0940
2025-04-08 12:15:23,046 - DEBUG - 自适应学习率: 0.8459
2025-04-08 12:15:23,831 - DEBUG - 
更新概率模型:
2025-04-08 12:15:23,831 - DEBUG - 多样性指标: 0.0902
2025-04-08 12:15:23,831 - DEBUG - 自适应学习率: 0.8410
2025-04-08 12:15:24,645 - DEBUG - 
更新概率模型:
2025-04-08 12:15:24,645 - DEBUG - 多样性指标: 0.0865
2025-04-08 12:15:24,645 - DEBUG - 自适应学习率: 0.8388
2025-04-08 12:15:25,461 - DEBUG - 
更新概率模型:
2025-04-08 12:15:25,461 - DEBUG - 多样性指标: 0.0729
2025-04-08 12:15:25,461 - DEBUG - 自适应学习率: 0.8346
2025-04-08 12:15:26,248 - DEBUG - 
更新概率模型:
2025-04-08 12:15:26,248 - DEBUG - 多样性指标: 0.1020
2025-04-08 12:15:26,248 - DEBUG - 自适应学习率: 0.8468
2025-04-08 12:15:27,045 - DEBUG - 
更新概率模型:
2025-04-08 12:15:27,045 - DEBUG - 多样性指标: 0.0945
2025-04-08 12:15:27,045 - DEBUG - 自适应学习率: 0.8427
2025-04-08 12:15:27,820 - DEBUG - 
更新概率模型:
2025-04-08 12:15:27,820 - DEBUG - 多样性指标: 0.0823
2025-04-08 12:15:27,820 - DEBUG - 自适应学习率: 0.8388
2025-04-08 12:15:28,601 - DEBUG - 
更新概率模型:
2025-04-08 12:15:28,601 - DEBUG - 多样性指标: 0.0838
2025-04-08 12:15:28,601 - DEBUG - 自适应学习率: 0.8384
2025-04-08 12:15:29,404 - DEBUG - 
更新概率模型:
2025-04-08 12:15:29,404 - DEBUG - 多样性指标: 0.1193
2025-04-08 12:15:29,404 - DEBUG - 自适应学习率: 0.8510
2025-04-08 12:15:30,186 - DEBUG - 
更新概率模型:
2025-04-08 12:15:30,186 - DEBUG - 多样性指标: 0.0822
2025-04-08 12:15:30,186 - DEBUG - 自适应学习率: 0.8358
2025-04-08 12:15:30,965 - DEBUG - 
更新概率模型:
2025-04-08 12:15:30,965 - DEBUG - 多样性指标: 0.0926
2025-04-08 12:15:30,965 - DEBUG - 自适应学习率: 0.8421
2025-04-08 12:15:31,764 - DEBUG - 
更新概率模型:
2025-04-08 12:15:31,764 - DEBUG - 多样性指标: 0.0990
2025-04-08 12:15:31,764 - DEBUG - 自适应学习率: 0.8474
2025-04-08 12:15:32,554 - DEBUG - 
更新概率模型:
2025-04-08 12:15:32,554 - DEBUG - 多样性指标: 0.0984
2025-04-08 12:15:32,554 - DEBUG - 自适应学习率: 0.8437
2025-04-08 12:15:33,364 - DEBUG - 
更新概率模型:
2025-04-08 12:15:33,364 - DEBUG - 多样性指标: 0.1022
2025-04-08 12:15:33,364 - DEBUG - 自适应学习率: 0.8468
2025-04-08 12:15:34,169 - DEBUG - 
更新概率模型:
2025-04-08 12:15:34,169 - DEBUG - 多样性指标: 0.0696
2025-04-08 12:15:34,169 - DEBUG - 自适应学习率: 0.8307
2025-04-08 12:15:34,926 - DEBUG - 
更新概率模型:
2025-04-08 12:15:34,926 - DEBUG - 多样性指标: 0.0819
2025-04-08 12:15:34,926 - DEBUG - 自适应学习率: 0.8388
2025-04-08 12:15:35,718 - DEBUG - 
更新概率模型:
2025-04-08 12:15:35,718 - DEBUG - 多样性指标: 0.0817
2025-04-08 12:15:35,718 - DEBUG - 自适应学习率: 0.8363
2025-04-08 12:15:36,506 - DEBUG - 
更新概率模型:
2025-04-08 12:15:36,506 - DEBUG - 多样性指标: 0.1019
2025-04-08 12:15:36,506 - DEBUG - 自适应学习率: 0.8460
2025-04-08 12:15:37,291 - DEBUG - 
更新概率模型:
2025-04-08 12:15:37,291 - DEBUG - 多样性指标: 0.0811
2025-04-08 12:15:37,291 - DEBUG - 自适应学习率: 0.8381
2025-04-08 12:15:38,098 - DEBUG - 
更新概率模型:
2025-04-08 12:15:38,098 - DEBUG - 多样性指标: 0.0934
2025-04-08 12:15:38,098 - DEBUG - 自适应学习率: 0.8429
2025-04-08 12:15:38,885 - DEBUG - 
更新概率模型:
2025-04-08 12:15:38,885 - DEBUG - 多样性指标: 0.0864
2025-04-08 12:15:38,885 - DEBUG - 自适应学习率: 0.8399
2025-04-08 12:15:39,666 - DEBUG - 
更新概率模型:
2025-04-08 12:15:39,666 - DEBUG - 多样性指标: 0.0933
2025-04-08 12:15:39,666 - DEBUG - 自适应学习率: 0.8428
2025-04-08 12:15:40,457 - DEBUG - 
更新概率模型:
2025-04-08 12:15:40,457 - DEBUG - 多样性指标: 0.1140
2025-04-08 12:15:40,457 - DEBUG - 自适应学习率: 0.8498
2025-04-08 12:15:41,254 - DEBUG - 
更新概率模型:
2025-04-08 12:15:41,254 - DEBUG - 多样性指标: 0.0838
2025-04-08 12:15:41,254 - DEBUG - 自适应学习率: 0.8392
2025-04-08 12:15:42,033 - DEBUG - 
更新概率模型:
2025-04-08 12:15:42,033 - DEBUG - 多样性指标: 0.0772
2025-04-08 12:15:42,033 - DEBUG - 自适应学习率: 0.8351
2025-04-08 12:15:42,810 - DEBUG - 
更新概率模型:
2025-04-08 12:15:42,810 - DEBUG - 多样性指标: 0.0964
2025-04-08 12:15:42,810 - DEBUG - 自适应学习率: 0.8417
2025-04-08 12:15:43,626 - DEBUG - 
更新概率模型:
2025-04-08 12:15:43,626 - DEBUG - 多样性指标: 0.0839
2025-04-08 12:15:43,626 - DEBUG - 自适应学习率: 0.8388
2025-04-08 12:15:44,400 - DEBUG - 
更新概率模型:
2025-04-08 12:15:44,400 - DEBUG - 多样性指标: 0.0849
2025-04-08 12:15:44,400 - DEBUG - 自适应学习率: 0.8394
2025-04-08 12:15:45,180 - DEBUG - 
更新概率模型:
2025-04-08 12:15:45,180 - DEBUG - 多样性指标: 0.0790
2025-04-08 12:15:45,180 - DEBUG - 自适应学习率: 0.8366
2025-04-08 12:15:45,967 - DEBUG - 
更新概率模型:
2025-04-08 12:15:45,967 - DEBUG - 多样性指标: 0.0737
2025-04-08 12:15:45,967 - DEBUG - 自适应学习率: 0.8341
2025-04-08 12:15:46,768 - DEBUG - 
更新概率模型:
2025-04-08 12:15:46,768 - DEBUG - 多样性指标: 0.0964
2025-04-08 12:15:46,768 - DEBUG - 自适应学习率: 0.8453
2025-04-08 12:15:47,572 - DEBUG - 
更新概率模型:
2025-04-08 12:15:47,573 - DEBUG - 多样性指标: 0.0833
2025-04-08 12:15:47,573 - DEBUG - 自适应学习率: 0.8364
2025-04-08 12:15:48,335 - DEBUG - 
更新概率模型:
2025-04-08 12:15:48,335 - DEBUG - 多样性指标: 0.0875
2025-04-08 12:15:48,335 - DEBUG - 自适应学习率: 0.8405
2025-04-08 12:15:49,137 - DEBUG - 
更新概率模型:
2025-04-08 12:15:49,137 - DEBUG - 多样性指标: 0.0746
2025-04-08 12:15:49,137 - DEBUG - 自适应学习率: 0.8338
2025-04-08 12:15:49,941 - DEBUG - 
更新概率模型:
2025-04-08 12:15:49,941 - DEBUG - 多样性指标: 0.0822
2025-04-08 12:15:49,941 - DEBUG - 自适应学习率: 0.8364
2025-04-08 12:15:50,740 - DEBUG - 
更新概率模型:
2025-04-08 12:15:50,740 - DEBUG - 多样性指标: 0.0830
2025-04-08 12:15:50,740 - DEBUG - 自适应学习率: 0.8360
2025-04-08 12:15:51,524 - DEBUG - 
更新概率模型:
2025-04-08 12:15:51,524 - DEBUG - 多样性指标: 0.0921
2025-04-08 12:15:51,524 - DEBUG - 自适应学习率: 0.8431
2025-04-08 12:15:52,320 - DEBUG - 
更新概率模型:
2025-04-08 12:15:52,320 - DEBUG - 多样性指标: 0.0949
2025-04-08 12:15:52,320 - DEBUG - 自适应学习率: 0.8402
2025-04-08 12:15:53,129 - DEBUG - 
更新概率模型:
2025-04-08 12:15:53,129 - DEBUG - 多样性指标: 0.0954
2025-04-08 12:15:53,129 - DEBUG - 自适应学习率: 0.8429
2025-04-08 12:15:53,922 - DEBUG - 
更新概率模型:
2025-04-08 12:15:53,922 - DEBUG - 多样性指标: 0.0858
2025-04-08 12:15:53,922 - DEBUG - 自适应学习率: 0.8393
2025-04-08 12:15:54,697 - DEBUG - 
更新概率模型:
2025-04-08 12:15:54,697 - DEBUG - 多样性指标: 0.0889
2025-04-08 12:15:54,697 - DEBUG - 自适应学习率: 0.8409
2025-04-08 12:15:55,505 - DEBUG - 
更新概率模型:
2025-04-08 12:15:55,505 - DEBUG - 多样性指标: 0.0861
2025-04-08 12:15:55,505 - DEBUG - 自适应学习率: 0.8396
2025-04-08 12:15:56,299 - DEBUG - 
更新概率模型:
2025-04-08 12:15:56,299 - DEBUG - 多样性指标: 0.0836
2025-04-08 12:15:56,299 - DEBUG - 自适应学习率: 0.8362
2025-04-08 12:15:57,053 - DEBUG - 
更新概率模型:
2025-04-08 12:15:57,053 - DEBUG - 多样性指标: 0.0872
2025-04-08 12:15:57,053 - DEBUG - 自适应学习率: 0.8389
2025-04-08 12:15:57,844 - DEBUG - 
更新概率模型:
2025-04-08 12:15:57,844 - DEBUG - 多样性指标: 0.0964
2025-04-08 12:15:57,844 - DEBUG - 自适应学习率: 0.8441
2025-04-08 12:15:58,626 - DEBUG - 
更新概率模型:
2025-04-08 12:15:58,626 - DEBUG - 多样性指标: 0.0899
2025-04-08 12:15:58,626 - DEBUG - 自适应学习率: 0.8419
2025-04-08 12:15:59,414 - DEBUG - 
更新概率模型:
2025-04-08 12:15:59,414 - DEBUG - 多样性指标: 0.0876
2025-04-08 12:15:59,414 - DEBUG - 自适应学习率: 0.8401
2025-04-08 12:16:00,210 - DEBUG - 
更新概率模型:
2025-04-08 12:16:00,210 - DEBUG - 多样性指标: 0.0927
2025-04-08 12:16:00,210 - DEBUG - 自适应学习率: 0.8443
2025-04-08 12:16:01,013 - DEBUG - 
更新概率模型:
2025-04-08 12:16:01,013 - DEBUG - 多样性指标: 0.0866
2025-04-08 12:16:01,013 - DEBUG - 自适应学习率: 0.8398
2025-04-08 12:16:01,800 - DEBUG - 
更新概率模型:
2025-04-08 12:16:01,800 - DEBUG - 多样性指标: 0.0953
2025-04-08 12:16:01,800 - DEBUG - 自适应学习率: 0.8432
2025-04-08 12:16:02,602 - DEBUG - 
更新概率模型:
2025-04-08 12:16:02,602 - DEBUG - 多样性指标: 0.0883
2025-04-08 12:16:02,602 - DEBUG - 自适应学习率: 0.8401
2025-04-08 12:16:03,407 - DEBUG - 
更新概率模型:
2025-04-08 12:16:03,407 - DEBUG - 多样性指标: 0.1123
2025-04-08 12:16:03,407 - DEBUG - 自适应学习率: 0.8502
2025-04-08 12:16:04,217 - DEBUG - 
更新概率模型:
2025-04-08 12:16:04,217 - DEBUG - 多样性指标: 0.0875
2025-04-08 12:16:04,217 - DEBUG - 自适应学习率: 0.8388
2025-04-08 12:16:05,024 - DEBUG - 
更新概率模型:
2025-04-08 12:16:05,024 - DEBUG - 多样性指标: 0.1015
2025-04-08 12:16:05,024 - DEBUG - 自适应学习率: 0.8467
2025-04-08 12:16:05,789 - DEBUG - 
更新概率模型:
2025-04-08 12:16:05,789 - DEBUG - 多样性指标: 0.0992
2025-04-08 12:16:05,789 - DEBUG - 自适应学习率: 0.8426
2025-04-08 12:16:06,584 - DEBUG - 
更新概率模型:
2025-04-08 12:16:06,584 - DEBUG - 多样性指标: 0.0919
2025-04-08 12:16:06,584 - DEBUG - 自适应学习率: 0.8426
2025-04-08 12:16:07,354 - DEBUG - 
更新概率模型:
2025-04-08 12:16:07,354 - DEBUG - 多样性指标: 0.0985
2025-04-08 12:16:07,354 - DEBUG - 自适应学习率: 0.8453
2025-04-08 12:16:08,146 - DEBUG - 
更新概率模型:
2025-04-08 12:16:08,146 - DEBUG - 多样性指标: 0.0821
2025-04-08 12:16:08,146 - DEBUG - 自适应学习率: 0.8395
2025-04-08 12:16:08,936 - DEBUG - 
更新概率模型:
2025-04-08 12:16:08,936 - DEBUG - 多样性指标: 0.0972
2025-04-08 12:16:08,936 - DEBUG - 自适应学习率: 0.8424
2025-04-08 12:16:09,724 - DEBUG - 
更新概率模型:
2025-04-08 12:16:09,724 - DEBUG - 多样性指标: 0.0847
2025-04-08 12:16:09,724 - DEBUG - 自适应学习率: 0.8401
2025-04-08 12:16:10,502 - DEBUG - 
更新概率模型:
2025-04-08 12:16:10,502 - DEBUG - 多样性指标: 0.0924
2025-04-08 12:16:10,502 - DEBUG - 自适应学习率: 0.8462
2025-04-08 12:16:11,276 - DEBUG - 
更新概率模型:
2025-04-08 12:16:11,276 - DEBUG - 多样性指标: 0.0821
2025-04-08 12:16:11,276 - DEBUG - 自适应学习率: 0.8379
2025-04-08 12:16:12,082 - DEBUG - 
更新概率模型:
2025-04-08 12:16:12,082 - DEBUG - 多样性指标: 0.0936
2025-04-08 12:16:12,082 - DEBUG - 自适应学习率: 0.8419
2025-04-08 12:16:12,868 - DEBUG - 
更新概率模型:
2025-04-08 12:16:12,868 - DEBUG - 多样性指标: 0.1004
2025-04-08 12:16:12,868 - DEBUG - 自适应学习率: 0.8476
2025-04-08 12:16:13,662 - DEBUG - 
更新概率模型:
2025-04-08 12:16:13,662 - DEBUG - 多样性指标: 0.1009
2025-04-08 12:16:13,662 - DEBUG - 自适应学习率: 0.8482
2025-04-08 12:16:14,445 - DEBUG - 
更新概率模型:
2025-04-08 12:16:14,445 - DEBUG - 多样性指标: 0.1016
2025-04-08 12:16:14,445 - DEBUG - 自适应学习率: 0.8461
2025-04-08 12:16:15,231 - DEBUG - 
更新概率模型:
2025-04-08 12:16:15,231 - DEBUG - 多样性指标: 0.0945
2025-04-08 12:16:15,231 - DEBUG - 自适应学习率: 0.8456
2025-04-08 12:16:16,025 - DEBUG - 
更新概率模型:
2025-04-08 12:16:16,025 - DEBUG - 多样性指标: 0.1094
2025-04-08 12:16:16,025 - DEBUG - 自适应学习率: 0.8516
2025-04-08 12:16:16,797 - DEBUG - 
更新概率模型:
2025-04-08 12:16:16,797 - DEBUG - 多样性指标: 0.1270
2025-04-08 12:16:16,797 - DEBUG - 自适应学习率: 0.8588
2025-04-08 12:16:17,597 - DEBUG - 
更新概率模型:
2025-04-08 12:16:17,597 - DEBUG - 多样性指标: 0.0981
2025-04-08 12:16:17,597 - DEBUG - 自适应学习率: 0.8473
2025-04-08 12:16:18,393 - DEBUG - 
更新概率模型:
2025-04-08 12:16:18,394 - DEBUG - 多样性指标: 0.0862
2025-04-08 12:16:18,394 - DEBUG - 自适应学习率: 0.8417
2025-04-08 12:16:19,186 - DEBUG - 
更新概率模型:
2025-04-08 12:16:19,186 - DEBUG - 多样性指标: 0.1032
2025-04-08 12:16:19,186 - DEBUG - 自适应学习率: 0.8469
2025-04-08 12:16:19,971 - DEBUG - 
更新概率模型:
2025-04-08 12:16:19,971 - DEBUG - 多样性指标: 0.0960
2025-04-08 12:16:19,971 - DEBUG - 自适应学习率: 0.8461
2025-04-08 12:16:20,762 - DEBUG - 
更新概率模型:
2025-04-08 12:16:20,762 - DEBUG - 多样性指标: 0.1015
2025-04-08 12:16:20,762 - DEBUG - 自适应学习率: 0.8471
2025-04-08 12:16:21,562 - DEBUG - 
更新概率模型:
2025-04-08 12:16:21,562 - DEBUG - 多样性指标: 0.1012
2025-04-08 12:16:21,562 - DEBUG - 自适应学习率: 0.8474
2025-04-08 12:16:22,364 - DEBUG - 
更新概率模型:
2025-04-08 12:16:22,364 - DEBUG - 多样性指标: 0.1016
2025-04-08 12:16:22,364 - DEBUG - 自适应学习率: 0.8486
2025-04-08 12:16:23,130 - DEBUG - 
更新概率模型:
2025-04-08 12:16:23,130 - DEBUG - 多样性指标: 0.1205
2025-04-08 12:16:23,130 - DEBUG - 自适应学习率: 0.8561
2025-04-08 12:16:23,922 - DEBUG - 
更新概率模型:
2025-04-08 12:16:23,922 - DEBUG - 多样性指标: 0.1072
2025-04-08 12:16:23,922 - DEBUG - 自适应学习率: 0.8492
2025-04-08 12:16:24,716 - DEBUG - 
更新概率模型:
2025-04-08 12:16:24,716 - DEBUG - 多样性指标: 0.0869
2025-04-08 12:16:24,718 - DEBUG - 自适应学习率: 0.8406
2025-04-08 12:16:25,515 - DEBUG - 
更新概率模型:
2025-04-08 12:16:25,515 - DEBUG - 多样性指标: 0.1149
2025-04-08 12:16:25,515 - DEBUG - 自适应学习率: 0.8533
2025-04-08 12:16:26,324 - DEBUG - 
更新概率模型:
2025-04-08 12:16:26,324 - DEBUG - 多样性指标: 0.0956
2025-04-08 12:16:26,324 - DEBUG - 自适应学习率: 0.8464
2025-04-08 12:16:27,127 - DEBUG - 
更新概率模型:
2025-04-08 12:16:27,127 - DEBUG - 多样性指标: 0.0845
2025-04-08 12:16:27,127 - DEBUG - 自适应学习率: 0.8378
2025-04-08 12:16:27,905 - DEBUG - 
更新概率模型:
2025-04-08 12:16:27,905 - DEBUG - 多样性指标: 0.0899
2025-04-08 12:16:27,905 - DEBUG - 自适应学习率: 0.8418
2025-04-08 12:16:28,683 - DEBUG - 
更新概率模型:
2025-04-08 12:16:28,683 - DEBUG - 多样性指标: 0.0801
2025-04-08 12:16:28,683 - DEBUG - 自适应学习率: 0.8367
2025-04-08 12:16:29,481 - DEBUG - 
更新概率模型:
2025-04-08 12:16:29,481 - DEBUG - 多样性指标: 0.0899
2025-04-08 12:16:29,481 - DEBUG - 自适应学习率: 0.8425
2025-04-08 12:16:30,273 - DEBUG - 
更新概率模型:
2025-04-08 12:16:30,273 - DEBUG - 多样性指标: 0.0846
2025-04-08 12:16:30,273 - DEBUG - 自适应学习率: 0.8380
2025-04-08 12:16:31,076 - DEBUG - 
更新概率模型:
2025-04-08 12:16:31,076 - DEBUG - 多样性指标: 0.0931
2025-04-08 12:16:31,076 - DEBUG - 自适应学习率: 0.8434
2025-04-08 12:16:31,871 - DEBUG - 
更新概率模型:
2025-04-08 12:16:31,871 - DEBUG - 多样性指标: 0.0994
2025-04-08 12:16:31,871 - DEBUG - 自适应学习率: 0.8466
2025-04-08 12:16:32,657 - DEBUG - 
更新概率模型:
2025-04-08 12:16:32,657 - DEBUG - 多样性指标: 0.1049
2025-04-08 12:16:32,657 - DEBUG - 自适应学习率: 0.8514
2025-04-08 12:16:33,457 - DEBUG - 
更新概率模型:
2025-04-08 12:16:33,457 - DEBUG - 多样性指标: 0.0970
2025-04-08 12:16:33,457 - DEBUG - 自适应学习率: 0.8457
2025-04-08 12:16:34,254 - DEBUG - 
更新概率模型:
2025-04-08 12:16:34,254 - DEBUG - 多样性指标: 0.1076
2025-04-08 12:16:34,254 - DEBUG - 自适应学习率: 0.8495
2025-04-08 12:16:35,054 - DEBUG - 
更新概率模型:
2025-04-08 12:16:35,054 - DEBUG - 多样性指标: 0.0959
2025-04-08 12:16:35,054 - DEBUG - 自适应学习率: 0.8440
2025-04-08 12:16:35,799 - DEBUG - 
更新概率模型:
2025-04-08 12:16:35,799 - DEBUG - 多样性指标: 0.1149
2025-04-08 12:16:35,799 - DEBUG - 自适应学习率: 0.8528
2025-04-08 12:16:36,587 - DEBUG - 
更新概率模型:
2025-04-08 12:16:36,587 - DEBUG - 多样性指标: 0.1141
2025-04-08 12:16:36,587 - DEBUG - 自适应学习率: 0.8544
2025-04-08 12:16:37,384 - DEBUG - 
更新概率模型:
2025-04-08 12:16:37,384 - DEBUG - 多样性指标: 0.0875
2025-04-08 12:16:37,384 - DEBUG - 自适应学习率: 0.8393
2025-04-08 12:16:38,185 - DEBUG - 
更新概率模型:
2025-04-08 12:16:38,185 - DEBUG - 多样性指标: 0.0969
2025-04-08 12:16:38,185 - DEBUG - 自适应学习率: 0.8453
2025-04-08 12:16:38,970 - DEBUG - 
更新概率模型:
2025-04-08 12:16:38,970 - DEBUG - 多样性指标: 0.0807
2025-04-08 12:16:38,970 - DEBUG - 自适应学习率: 0.8366
2025-04-08 12:16:39,768 - DEBUG - 
更新概率模型:
2025-04-08 12:16:39,768 - DEBUG - 多样性指标: 0.0905
2025-04-08 12:16:39,768 - DEBUG - 自适应学习率: 0.8417
2025-04-08 12:16:40,581 - DEBUG - 
更新概率模型:
2025-04-08 12:16:40,581 - DEBUG - 多样性指标: 0.0862
2025-04-08 12:16:40,581 - DEBUG - 自适应学习率: 0.8378
2025-04-08 12:16:41,381 - DEBUG - 
更新概率模型:
2025-04-08 12:16:41,381 - DEBUG - 多样性指标: 0.0912
2025-04-08 12:16:41,381 - DEBUG - 自适应学习率: 0.8430
2025-04-08 12:16:42,164 - DEBUG - 
更新概率模型:
2025-04-08 12:16:42,164 - DEBUG - 多样性指标: 0.0875
2025-04-08 12:16:42,164 - DEBUG - 自适应学习率: 0.8406
2025-04-08 12:16:42,971 - DEBUG - 
更新概率模型:
2025-04-08 12:16:42,971 - DEBUG - 多样性指标: 0.0888
2025-04-08 12:16:42,971 - DEBUG - 自适应学习率: 0.8411
2025-04-08 12:16:43,764 - DEBUG - 
更新概率模型:
2025-04-08 12:16:43,764 - DEBUG - 多样性指标: 0.0959
2025-04-08 12:16:43,764 - DEBUG - 自适应学习率: 0.8423
2025-04-08 12:16:44,578 - DEBUG - 
更新概率模型:
2025-04-08 12:16:44,578 - DEBUG - 多样性指标: 0.0872
2025-04-08 12:16:44,578 - DEBUG - 自适应学习率: 0.8376
2025-04-08 12:16:45,380 - DEBUG - 
更新概率模型:
2025-04-08 12:16:45,380 - DEBUG - 多样性指标: 0.0982
2025-04-08 12:16:45,380 - DEBUG - 自适应学习率: 0.8436
2025-04-08 12:16:46,192 - DEBUG - 
更新概率模型:
2025-04-08 12:16:46,192 - DEBUG - 多样性指标: 0.0815
2025-04-08 12:16:46,192 - DEBUG - 自适应学习率: 0.8374
2025-04-08 12:16:46,982 - DEBUG - 
更新概率模型:
2025-04-08 12:16:46,982 - DEBUG - 多样性指标: 0.0873
2025-04-08 12:16:46,982 - DEBUG - 自适应学习率: 0.8400
2025-04-08 12:16:47,765 - DEBUG - 
更新概率模型:
2025-04-08 12:16:47,765 - DEBUG - 多样性指标: 0.1125
2025-04-08 12:16:47,765 - DEBUG - 自适应学习率: 0.8471
2025-04-08 12:16:48,552 - DEBUG - 
更新概率模型:
2025-04-08 12:16:48,552 - DEBUG - 多样性指标: 0.1013
2025-04-08 12:16:48,552 - DEBUG - 自适应学习率: 0.8435
2025-04-08 12:16:49,357 - DEBUG - 
更新概率模型:
2025-04-08 12:16:49,357 - DEBUG - 多样性指标: 0.1162
2025-04-08 12:16:49,357 - DEBUG - 自适应学习率: 0.8517
2025-04-08 12:16:50,125 - DEBUG - 
更新概率模型:
2025-04-08 12:16:50,125 - DEBUG - 多样性指标: 0.1066
2025-04-08 12:16:50,125 - DEBUG - 自适应学习率: 0.8463
2025-04-08 12:16:50,899 - DEBUG - 
更新概率模型:
2025-04-08 12:16:50,899 - DEBUG - 多样性指标: 0.0942
2025-04-08 12:16:50,899 - DEBUG - 自适应学习率: 0.8438
2025-04-08 12:16:51,671 - DEBUG - 
更新概率模型:
2025-04-08 12:16:51,671 - DEBUG - 多样性指标: 0.1123
2025-04-08 12:16:51,671 - DEBUG - 自适应学习率: 0.8515
2025-04-08 12:16:52,459 - DEBUG - 
更新概率模型:
2025-04-08 12:16:52,461 - DEBUG - 多样性指标: 0.0977
2025-04-08 12:16:52,461 - DEBUG - 自适应学习率: 0.8469
2025-04-08 12:16:53,254 - DEBUG - 
更新概率模型:
2025-04-08 12:16:53,254 - DEBUG - 多样性指标: 0.1083
2025-04-08 12:16:53,254 - DEBUG - 自适应学习率: 0.8468
2025-04-08 12:16:54,044 - DEBUG - 
更新概率模型:
2025-04-08 12:16:54,044 - DEBUG - 多样性指标: 0.1155
2025-04-08 12:16:54,044 - DEBUG - 自适应学习率: 0.8558
2025-04-08 12:16:54,822 - DEBUG - 
更新概率模型:
2025-04-08 12:16:54,822 - DEBUG - 多样性指标: 0.0956
2025-04-08 12:16:54,822 - DEBUG - 自适应学习率: 0.8455
2025-04-08 12:16:55,607 - DEBUG - 
更新概率模型:
2025-04-08 12:16:55,607 - DEBUG - 多样性指标: 0.0932
2025-04-08 12:16:55,607 - DEBUG - 自适应学习率: 0.8412
2025-04-08 12:16:56,395 - DEBUG - 
更新概率模型:
2025-04-08 12:16:56,395 - DEBUG - 多样性指标: 0.0856
2025-04-08 12:16:56,395 - DEBUG - 自适应学习率: 0.8407
2025-04-08 12:16:57,194 - DEBUG - 
更新概率模型:
2025-04-08 12:16:57,194 - DEBUG - 多样性指标: 0.0816
2025-04-08 12:16:57,194 - DEBUG - 自适应学习率: 0.8386
2025-04-08 12:16:57,962 - DEBUG - 
更新概率模型:
2025-04-08 12:16:57,962 - DEBUG - 多样性指标: 0.1090
2025-04-08 12:16:57,962 - DEBUG - 自适应学习率: 0.8470
2025-04-08 12:16:58,756 - DEBUG - 
更新概率模型:
2025-04-08 12:16:58,756 - DEBUG - 多样性指标: 0.0923
2025-04-08 12:16:58,756 - DEBUG - 自适应学习率: 0.8401
2025-04-08 12:16:59,564 - DEBUG - 
更新概率模型:
2025-04-08 12:16:59,564 - DEBUG - 多样性指标: 0.0897
2025-04-08 12:16:59,564 - DEBUG - 自适应学习率: 0.8426
2025-04-08 12:17:00,364 - DEBUG - 
更新概率模型:
2025-04-08 12:17:00,364 - DEBUG - 多样性指标: 0.1090
2025-04-08 12:17:00,364 - DEBUG - 自适应学习率: 0.8516
2025-04-08 12:17:01,158 - DEBUG - 
更新概率模型:
2025-04-08 12:17:01,158 - DEBUG - 多样性指标: 0.0833
2025-04-08 12:17:01,158 - DEBUG - 自适应学习率: 0.8386
2025-04-08 12:17:01,940 - DEBUG - 
更新概率模型:
2025-04-08 12:17:01,940 - DEBUG - 多样性指标: 0.1085
2025-04-08 12:17:01,940 - DEBUG - 自适应学习率: 0.8510
2025-04-08 12:17:02,728 - DEBUG - 
更新概率模型:
2025-04-08 12:17:02,728 - DEBUG - 多样性指标: 0.0998
2025-04-08 12:17:02,728 - DEBUG - 自适应学习率: 0.8461
2025-04-08 12:17:03,509 - DEBUG - 
更新概率模型:
2025-04-08 12:17:03,509 - DEBUG - 多样性指标: 0.1315
2025-04-08 12:17:03,509 - DEBUG - 自适应学习率: 0.8606
2025-04-08 12:17:04,308 - DEBUG - 
更新概率模型:
2025-04-08 12:17:04,308 - DEBUG - 多样性指标: 0.0964
2025-04-08 12:17:04,308 - DEBUG - 自适应学习率: 0.8457
2025-04-08 12:17:05,120 - DEBUG - 
更新概率模型:
2025-04-08 12:17:05,120 - DEBUG - 多样性指标: 0.0990
2025-04-08 12:17:05,120 - DEBUG - 自适应学习率: 0.8441
2025-04-08 12:17:05,920 - DEBUG - 
更新概率模型:
2025-04-08 12:17:05,920 - DEBUG - 多样性指标: 0.0966
2025-04-08 12:17:05,920 - DEBUG - 自适应学习率: 0.8454
2025-04-08 12:17:06,764 - DEBUG - 
更新概率模型:
2025-04-08 12:17:06,764 - DEBUG - 多样性指标: 0.0868
2025-04-08 12:17:06,764 - DEBUG - 自适应学习率: 0.8410
2025-04-08 12:17:07,531 - DEBUG - 
更新概率模型:
2025-04-08 12:17:07,531 - DEBUG - 多样性指标: 0.0799
2025-04-08 12:17:07,531 - DEBUG - 自适应学习率: 0.8379
2025-04-08 12:17:08,362 - DEBUG - 
更新概率模型:
2025-04-08 12:17:08,362 - DEBUG - 多样性指标: 0.1000
2025-04-08 12:17:08,362 - DEBUG - 自适应学习率: 0.8467
2025-04-08 12:17:09,182 - DEBUG - 
更新概率模型:
2025-04-08 12:17:09,182 - DEBUG - 多样性指标: 0.0946
2025-04-08 12:17:09,182 - DEBUG - 自适应学习率: 0.8439
2025-04-08 12:17:09,983 - DEBUG - 
更新概率模型:
2025-04-08 12:17:09,983 - DEBUG - 多样性指标: 0.0941
2025-04-08 12:17:09,983 - DEBUG - 自适应学习率: 0.8434
2025-04-08 12:17:10,743 - DEBUG - 
更新概率模型:
2025-04-08 12:17:10,743 - DEBUG - 多样性指标: 0.1178
2025-04-08 12:17:10,743 - DEBUG - 自适应学习率: 0.8551
2025-04-08 12:17:11,527 - DEBUG - 
更新概率模型:
2025-04-08 12:17:11,527 - DEBUG - 多样性指标: 0.0967
2025-04-08 12:17:11,527 - DEBUG - 自适应学习率: 0.8444
2025-04-08 12:17:12,315 - DEBUG - 
更新概率模型:
2025-04-08 12:17:12,315 - DEBUG - 多样性指标: 0.0813
2025-04-08 12:17:12,315 - DEBUG - 自适应学习率: 0.8348
2025-04-08 12:17:13,114 - DEBUG - 
更新概率模型:
2025-04-08 12:17:13,114 - DEBUG - 多样性指标: 0.1121
2025-04-08 12:17:13,114 - DEBUG - 自适应学习率: 0.8468
2025-04-08 12:17:13,900 - DEBUG - 
更新概率模型:
2025-04-08 12:17:13,900 - DEBUG - 多样性指标: 0.1042
2025-04-08 12:17:13,900 - DEBUG - 自适应学习率: 0.8492
2025-04-08 12:17:14,679 - DEBUG - 
更新概率模型:
2025-04-08 12:17:14,679 - DEBUG - 多样性指标: 0.1109
2025-04-08 12:17:14,680 - DEBUG - 自适应学习率: 0.8531
2025-04-08 12:17:15,472 - DEBUG - 
更新概率模型:
2025-04-08 12:17:15,472 - DEBUG - 多样性指标: 0.1087
2025-04-08 12:17:15,472 - DEBUG - 自适应学习率: 0.8481
2025-04-08 12:17:16,220 - DEBUG - 
更新概率模型:
2025-04-08 12:17:16,220 - DEBUG - 多样性指标: 0.0977
2025-04-08 12:17:16,220 - DEBUG - 自适应学习率: 0.8464
2025-04-08 12:17:16,985 - DEBUG - 
更新概率模型:
2025-04-08 12:17:16,985 - DEBUG - 多样性指标: 0.0970
2025-04-08 12:17:16,985 - DEBUG - 自适应学习率: 0.8453
2025-04-08 12:17:17,770 - DEBUG - 
更新概率模型:
2025-04-08 12:17:17,770 - DEBUG - 多样性指标: 0.1046
2025-04-08 12:17:17,770 - DEBUG - 自适应学习率: 0.8484
2025-04-08 12:17:18,560 - DEBUG - 
更新概率模型:
2025-04-08 12:17:18,560 - DEBUG - 多样性指标: 0.0912
2025-04-08 12:17:18,560 - DEBUG - 自适应学习率: 0.8403
2025-04-08 12:17:19,360 - DEBUG - 
更新概率模型:
2025-04-08 12:17:19,362 - DEBUG - 多样性指标: 0.0953
2025-04-08 12:17:19,362 - DEBUG - 自适应学习率: 0.8434
2025-04-08 12:17:20,149 - DEBUG - 
更新概率模型:
2025-04-08 12:17:20,149 - DEBUG - 多样性指标: 0.1007
2025-04-08 12:17:20,149 - DEBUG - 自适应学习率: 0.8434
2025-04-08 12:17:20,942 - DEBUG - 
更新概率模型:
2025-04-08 12:17:20,942 - DEBUG - 多样性指标: 0.0725
2025-04-08 12:17:20,942 - DEBUG - 自适应学习率: 0.8346
2025-04-08 12:17:21,718 - DEBUG - 
更新概率模型:
2025-04-08 12:17:21,718 - DEBUG - 多样性指标: 0.1029
2025-04-08 12:17:21,718 - DEBUG - 自适应学习率: 0.8463
2025-04-08 12:17:22,509 - DEBUG - 
更新概率模型:
2025-04-08 12:17:22,509 - DEBUG - 多样性指标: 0.0791
2025-04-08 12:17:22,509 - DEBUG - 自适应学习率: 0.8374
2025-04-08 12:17:23,268 - DEBUG - 
更新概率模型:
2025-04-08 12:17:23,268 - DEBUG - 多样性指标: 0.1103
2025-04-08 12:17:23,268 - DEBUG - 自适应学习率: 0.8522
2025-04-08 12:17:24,077 - DEBUG - 
更新概率模型:
2025-04-08 12:17:24,077 - DEBUG - 多样性指标: 0.0842
2025-04-08 12:17:24,077 - DEBUG - 自适应学习率: 0.8396
2025-04-08 12:17:24,852 - DEBUG - 
更新概率模型:
2025-04-08 12:17:24,852 - DEBUG - 多样性指标: 0.1049
2025-04-08 12:17:24,852 - DEBUG - 自适应学习率: 0.8460
2025-04-08 12:17:25,633 - DEBUG - 
更新概率模型:
2025-04-08 12:17:25,634 - DEBUG - 多样性指标: 0.0870
2025-04-08 12:17:25,634 - DEBUG - 自适应学习率: 0.8400
2025-04-08 12:17:26,407 - DEBUG - 
更新概率模型:
2025-04-08 12:17:26,407 - DEBUG - 多样性指标: 0.0834
2025-04-08 12:17:26,407 - DEBUG - 自适应学习率: 0.8387
2025-04-08 12:17:27,192 - DEBUG - 
更新概率模型:
2025-04-08 12:17:27,192 - DEBUG - 多样性指标: 0.1011
2025-04-08 12:17:27,192 - DEBUG - 自适应学习率: 0.8455
2025-04-08 12:17:27,975 - DEBUG - 
更新概率模型:
2025-04-08 12:17:27,975 - DEBUG - 多样性指标: 0.1157
2025-04-08 12:17:27,975 - DEBUG - 自适应学习率: 0.8579
2025-04-08 12:17:28,742 - DEBUG - 
更新概率模型:
2025-04-08 12:17:28,742 - DEBUG - 多样性指标: 0.0900
2025-04-08 12:17:28,742 - DEBUG - 自适应学习率: 0.8441
2025-04-08 12:17:29,540 - DEBUG - 
更新概率模型:
2025-04-08 12:17:29,540 - DEBUG - 多样性指标: 0.1027
2025-04-08 12:17:29,540 - DEBUG - 自适应学习率: 0.8496
2025-04-08 12:17:30,345 - DEBUG - 
更新概率模型:
2025-04-08 12:17:30,345 - DEBUG - 多样性指标: 0.1076
2025-04-08 12:17:30,345 - DEBUG - 自适应学习率: 0.8494
2025-04-08 12:17:31,152 - DEBUG - 
更新概率模型:
2025-04-08 12:17:31,152 - DEBUG - 多样性指标: 0.1117
2025-04-08 12:17:31,152 - DEBUG - 自适应学习率: 0.8502
2025-04-08 12:17:31,945 - DEBUG - 
更新概率模型:
2025-04-08 12:17:31,945 - DEBUG - 多样性指标: 0.1015
2025-04-08 12:17:31,945 - DEBUG - 自适应学习率: 0.8462
2025-04-08 12:17:32,737 - DEBUG - 
更新概率模型:
2025-04-08 12:17:32,737 - DEBUG - 多样性指标: 0.0928
2025-04-08 12:17:32,737 - DEBUG - 自适应学习率: 0.8414
2025-04-08 12:17:33,527 - DEBUG - 
更新概率模型:
2025-04-08 12:17:33,527 - DEBUG - 多样性指标: 0.1033
2025-04-08 12:17:33,527 - DEBUG - 自适应学习率: 0.8446
2025-04-08 12:17:34,283 - DEBUG - 
更新概率模型:
2025-04-08 12:17:34,283 - DEBUG - 多样性指标: 0.1252
2025-04-08 12:17:34,283 - DEBUG - 自适应学习率: 0.8576
2025-04-08 12:17:35,074 - DEBUG - 
更新概率模型:
2025-04-08 12:17:35,074 - DEBUG - 多样性指标: 0.1097
2025-04-08 12:17:35,074 - DEBUG - 自适应学习率: 0.8474
2025-04-08 12:17:35,838 - DEBUG - 
更新概率模型:
2025-04-08 12:17:35,838 - DEBUG - 多样性指标: 0.1089
2025-04-08 12:17:35,838 - DEBUG - 自适应学习率: 0.8486
2025-04-08 12:17:36,626 - DEBUG - 
更新概率模型:
2025-04-08 12:17:36,626 - DEBUG - 多样性指标: 0.1142
2025-04-08 12:17:36,626 - DEBUG - 自适应学习率: 0.8561
2025-04-08 12:17:37,390 - DEBUG - 
更新概率模型:
2025-04-08 12:17:37,390 - DEBUG - 多样性指标: 0.0985
2025-04-08 12:17:37,390 - DEBUG - 自适应学习率: 0.8430
2025-04-08 12:17:38,170 - DEBUG - 
更新概率模型:
2025-04-08 12:17:38,170 - DEBUG - 多样性指标: 0.1027
2025-04-08 12:17:38,170 - DEBUG - 自适应学习率: 0.8485
2025-04-08 12:17:38,974 - DEBUG - 
更新概率模型:
2025-04-08 12:17:38,974 - DEBUG - 多样性指标: 0.0959
2025-04-08 12:17:38,974 - DEBUG - 自适应学习率: 0.8460
2025-04-08 12:17:39,759 - DEBUG - 
更新概率模型:
2025-04-08 12:17:39,759 - DEBUG - 多样性指标: 0.0933
2025-04-08 12:17:39,759 - DEBUG - 自适应学习率: 0.8428
2025-04-08 12:17:40,538 - DEBUG - 
更新概率模型:
2025-04-08 12:17:40,538 - DEBUG - 多样性指标: 0.0891
2025-04-08 12:17:40,538 - DEBUG - 自适应学习率: 0.8422
2025-04-08 12:17:41,346 - DEBUG - 
更新概率模型:
2025-04-08 12:17:41,346 - DEBUG - 多样性指标: 0.0888
2025-04-08 12:17:41,346 - DEBUG - 自适应学习率: 0.8413
2025-04-08 12:17:42,176 - DEBUG - 
更新概率模型:
2025-04-08 12:17:42,176 - DEBUG - 多样性指标: 0.1037
2025-04-08 12:17:42,176 - DEBUG - 自适应学习率: 0.8445
2025-04-08 12:17:42,962 - DEBUG - 
更新概率模型:
2025-04-08 12:17:42,962 - DEBUG - 多样性指标: 0.1036
2025-04-08 12:17:42,962 - DEBUG - 自适应学习率: 0.8489
2025-04-08 12:17:43,773 - DEBUG - 
更新概率模型:
2025-04-08 12:17:43,773 - DEBUG - 多样性指标: 0.1138
2025-04-08 12:17:43,773 - DEBUG - 自适应学习率: 0.8497
2025-04-08 12:17:44,565 - DEBUG - 
更新概率模型:
2025-04-08 12:17:44,565 - DEBUG - 多样性指标: 0.1237
2025-04-08 12:17:44,565 - DEBUG - 自适应学习率: 0.8587
2025-04-08 12:17:45,371 - DEBUG - 
更新概率模型:
2025-04-08 12:17:45,371 - DEBUG - 多样性指标: 0.1124
2025-04-08 12:17:45,371 - DEBUG - 自适应学习率: 0.8517
2025-04-08 12:17:46,150 - DEBUG - 
更新概率模型:
2025-04-08 12:17:46,150 - DEBUG - 多样性指标: 0.0890
2025-04-08 12:17:46,150 - DEBUG - 自适应学习率: 0.8391
2025-04-08 12:17:46,920 - DEBUG - 
更新概率模型:
2025-04-08 12:17:46,920 - DEBUG - 多样性指标: 0.1021
2025-04-08 12:17:46,920 - DEBUG - 自适应学习率: 0.8456
2025-04-08 12:17:47,686 - DEBUG - 
更新概率模型:
2025-04-08 12:17:47,686 - DEBUG - 多样性指标: 0.0808
2025-04-08 12:17:47,686 - DEBUG - 自适应学习率: 0.8378
2025-04-08 12:17:48,482 - DEBUG - 
更新概率模型:
2025-04-08 12:17:48,482 - DEBUG - 多样性指标: 0.1042
2025-04-08 12:17:48,482 - DEBUG - 自适应学习率: 0.8486
2025-04-08 12:17:49,303 - DEBUG - 
更新概率模型:
2025-04-08 12:17:49,303 - DEBUG - 多样性指标: 0.0924
2025-04-08 12:17:49,303 - DEBUG - 自适应学习率: 0.8425
2025-04-08 12:17:50,087 - DEBUG - 
更新概率模型:
2025-04-08 12:17:50,087 - DEBUG - 多样性指标: 0.1186
2025-04-08 12:17:50,087 - DEBUG - 自适应学习率: 0.8547
2025-04-08 12:17:50,898 - DEBUG - 
更新概率模型:
2025-04-08 12:17:50,898 - DEBUG - 多样性指标: 0.0883
2025-04-08 12:17:50,898 - DEBUG - 自适应学习率: 0.8422
2025-04-08 12:17:51,708 - DEBUG - 
更新概率模型:
2025-04-08 12:17:51,708 - DEBUG - 多样性指标: 0.1339
2025-04-08 12:17:51,708 - DEBUG - 自适应学习率: 0.8653
2025-04-08 12:17:52,507 - DEBUG - 
更新概率模型:
2025-04-08 12:17:52,507 - DEBUG - 多样性指标: 0.1199
2025-04-08 12:17:52,507 - DEBUG - 自适应学习率: 0.8555
2025-04-08 12:17:53,316 - DEBUG - 
更新概率模型:
2025-04-08 12:17:53,316 - DEBUG - 多样性指标: 0.0992
2025-04-08 12:17:53,316 - DEBUG - 自适应学习率: 0.8426
2025-04-08 12:17:54,097 - DEBUG - 
更新概率模型:
2025-04-08 12:17:54,097 - DEBUG - 多样性指标: 0.1148
2025-04-08 12:17:54,097 - DEBUG - 自适应学习率: 0.8507
2025-04-08 12:17:54,877 - DEBUG - 
更新概率模型:
2025-04-08 12:17:54,877 - DEBUG - 多样性指标: 0.1096
2025-04-08 12:17:54,877 - DEBUG - 自适应学习率: 0.8493
2025-04-08 12:17:55,673 - DEBUG - 
更新概率模型:
2025-04-08 12:17:55,673 - DEBUG - 多样性指标: 0.0986
2025-04-08 12:17:55,673 - DEBUG - 自适应学习率: 0.8476
2025-04-08 12:17:56,473 - DEBUG - 
更新概率模型:
2025-04-08 12:17:56,473 - DEBUG - 多样性指标: 0.0879
2025-04-08 12:17:56,473 - DEBUG - 自适应学习率: 0.8408
2025-04-08 12:17:57,279 - DEBUG - 
更新概率模型:
2025-04-08 12:17:57,279 - DEBUG - 多样性指标: 0.1039
2025-04-08 12:17:57,279 - DEBUG - 自适应学习率: 0.8488
2025-04-08 12:17:58,071 - DEBUG - 
更新概率模型:
2025-04-08 12:17:58,071 - DEBUG - 多样性指标: 0.1114
2025-04-08 12:17:58,071 - DEBUG - 自适应学习率: 0.8459
2025-04-08 12:17:58,867 - DEBUG - 
更新概率模型:
2025-04-08 12:17:58,867 - DEBUG - 多样性指标: 0.0839
2025-04-08 12:17:58,867 - DEBUG - 自适应学习率: 0.8391
2025-04-08 12:17:59,678 - DEBUG - 
更新概率模型:
2025-04-08 12:17:59,678 - DEBUG - 多样性指标: 0.1087
2025-04-08 12:17:59,678 - DEBUG - 自适应学习率: 0.8507
2025-04-08 12:18:00,459 - DEBUG - 
更新概率模型:
2025-04-08 12:18:00,459 - DEBUG - 多样性指标: 0.1034
2025-04-08 12:18:00,459 - DEBUG - 自适应学习率: 0.8485
2025-04-08 12:18:01,249 - DEBUG - 
更新概率模型:
2025-04-08 12:18:01,249 - DEBUG - 多样性指标: 0.0902
2025-04-08 12:18:01,249 - DEBUG - 自适应学习率: 0.8389
2025-04-08 12:18:02,053 - DEBUG - 
更新概率模型:
2025-04-08 12:18:02,053 - DEBUG - 多样性指标: 0.0971
2025-04-08 12:18:02,053 - DEBUG - 自适应学习率: 0.8466
2025-04-08 12:18:02,849 - DEBUG - 
更新概率模型:
2025-04-08 12:18:02,849 - DEBUG - 多样性指标: 0.0967
2025-04-08 12:18:02,849 - DEBUG - 自适应学习率: 0.8440
2025-04-08 12:18:03,673 - DEBUG - 
更新概率模型:
2025-04-08 12:18:03,673 - DEBUG - 多样性指标: 0.0976
2025-04-08 12:18:03,673 - DEBUG - 自适应学习率: 0.8434
2025-04-08 12:18:04,459 - DEBUG - 
更新概率模型:
2025-04-08 12:18:04,459 - DEBUG - 多样性指标: 0.1080
2025-04-08 12:18:04,459 - DEBUG - 自适应学习率: 0.8481
2025-04-08 12:18:05,257 - DEBUG - 
更新概率模型:
2025-04-08 12:18:05,257 - DEBUG - 多样性指标: 0.1006
2025-04-08 12:18:05,257 - DEBUG - 自适应学习率: 0.8465
2025-04-08 12:18:06,065 - DEBUG - 
更新概率模型:
2025-04-08 12:18:06,065 - DEBUG - 多样性指标: 0.1001
2025-04-08 12:18:06,065 - DEBUG - 自适应学习率: 0.8477
2025-04-08 12:18:06,859 - DEBUG - 
更新概率模型:
2025-04-08 12:18:06,859 - DEBUG - 多样性指标: 0.1248
2025-04-08 12:18:06,859 - DEBUG - 自适应学习率: 0.8587
2025-04-08 12:18:07,656 - DEBUG - 
更新概率模型:
2025-04-08 12:18:07,656 - DEBUG - 多样性指标: 0.1057
2025-04-08 12:18:07,656 - DEBUG - 自适应学习率: 0.8504
2025-04-08 12:18:08,457 - DEBUG - 
更新概率模型:
2025-04-08 12:18:08,458 - DEBUG - 多样性指标: 0.1351
2025-04-08 12:18:08,458 - DEBUG - 自适应学习率: 0.8622
2025-04-08 12:18:09,260 - DEBUG - 
更新概率模型:
2025-04-08 12:18:09,260 - DEBUG - 多样性指标: 0.0983
2025-04-08 12:18:09,260 - DEBUG - 自适应学习率: 0.8429
2025-04-08 12:18:10,056 - DEBUG - 
更新概率模型:
2025-04-08 12:18:10,056 - DEBUG - 多样性指标: 0.0961
2025-04-08 12:18:10,056 - DEBUG - 自适应学习率: 0.8437
2025-04-08 12:18:10,862 - DEBUG - 
更新概率模型:
2025-04-08 12:18:10,862 - DEBUG - 多样性指标: 0.0989
2025-04-08 12:18:10,862 - DEBUG - 自适应学习率: 0.8463
2025-04-08 12:18:11,658 - DEBUG - 
更新概率模型:
2025-04-08 12:18:11,658 - DEBUG - 多样性指标: 0.1087
2025-04-08 12:18:11,658 - DEBUG - 自适应学习率: 0.8497
2025-04-08 12:18:12,466 - DEBUG - 
更新概率模型:
2025-04-08 12:18:12,466 - DEBUG - 多样性指标: 0.0911
2025-04-08 12:18:12,466 - DEBUG - 自适应学习率: 0.8439
2025-04-08 12:18:13,275 - DEBUG - 
更新概率模型:
2025-04-08 12:18:13,275 - DEBUG - 多样性指标: 0.1002
2025-04-08 12:18:13,275 - DEBUG - 自适应学习率: 0.8475
2025-04-08 12:18:14,053 - DEBUG - 
更新概率模型:
2025-04-08 12:18:14,053 - DEBUG - 多样性指标: 0.1049
2025-04-08 12:18:14,053 - DEBUG - 自适应学习率: 0.8496
2025-04-08 12:18:14,847 - DEBUG - 
更新概率模型:
2025-04-08 12:18:14,847 - DEBUG - 多样性指标: 0.1091
2025-04-08 12:18:14,847 - DEBUG - 自适应学习率: 0.8536
2025-04-08 12:18:15,662 - DEBUG - 
更新概率模型:
2025-04-08 12:18:15,662 - DEBUG - 多样性指标: 0.1091
2025-04-08 12:18:15,662 - DEBUG - 自适应学习率: 0.8487
2025-04-08 12:18:16,479 - DEBUG - 
更新概率模型:
2025-04-08 12:18:16,479 - DEBUG - 多样性指标: 0.0940
2025-04-08 12:18:16,479 - DEBUG - 自适应学习率: 0.8446
2025-04-08 12:18:17,304 - DEBUG - 
更新概率模型:
2025-04-08 12:18:17,304 - DEBUG - 多样性指标: 0.1115
2025-04-08 12:18:17,304 - DEBUG - 自适应学习率: 0.8552
2025-04-08 12:18:18,091 - DEBUG - 
更新概率模型:
2025-04-08 12:18:18,091 - DEBUG - 多样性指标: 0.0885
2025-04-08 12:18:18,091 - DEBUG - 自适应学习率: 0.8411
2025-04-08 12:18:18,876 - DEBUG - 
更新概率模型:
2025-04-08 12:18:18,876 - DEBUG - 多样性指标: 0.1022
2025-04-08 12:18:18,876 - DEBUG - 自适应学习率: 0.8489
2025-04-08 12:18:19,693 - DEBUG - 
更新概率模型:
2025-04-08 12:18:19,693 - DEBUG - 多样性指标: 0.0974
2025-04-08 12:18:19,693 - DEBUG - 自适应学习率: 0.8430
2025-04-08 12:18:20,480 - DEBUG - 
更新概率模型:
2025-04-08 12:18:20,480 - DEBUG - 多样性指标: 0.1139
2025-04-08 12:18:20,481 - DEBUG - 自适应学习率: 0.8502
2025-04-08 12:18:21,277 - DEBUG - 
更新概率模型:
2025-04-08 12:18:21,277 - DEBUG - 多样性指标: 0.1069
2025-04-08 12:18:21,277 - DEBUG - 自适应学习率: 0.8510
2025-04-08 12:18:22,093 - DEBUG - 
更新概率模型:
2025-04-08 12:18:22,093 - DEBUG - 多样性指标: 0.1043
2025-04-08 12:18:22,094 - DEBUG - 自适应学习率: 0.8499
2025-04-08 12:18:22,882 - DEBUG - 
更新概率模型:
2025-04-08 12:18:22,882 - DEBUG - 多样性指标: 0.1034
2025-04-08 12:18:22,882 - DEBUG - 自适应学习率: 0.8473
2025-04-08 12:18:23,671 - DEBUG - 
更新概率模型:
2025-04-08 12:18:23,671 - DEBUG - 多样性指标: 0.1132
2025-04-08 12:18:23,671 - DEBUG - 自适应学习率: 0.8527
2025-04-08 12:18:24,469 - DEBUG - 
更新概率模型:
2025-04-08 12:18:24,469 - DEBUG - 多样性指标: 0.1269
2025-04-08 12:18:24,469 - DEBUG - 自适应学习率: 0.8573
2025-04-08 12:18:25,233 - DEBUG - 
更新概率模型:
2025-04-08 12:18:25,233 - DEBUG - 多样性指标: 0.1033
2025-04-08 12:18:25,233 - DEBUG - 自适应学习率: 0.8488
2025-04-08 12:18:26,009 - DEBUG - 
更新概率模型:
2025-04-08 12:18:26,009 - DEBUG - 多样性指标: 0.0889
2025-04-08 12:18:26,009 - DEBUG - 自适应学习率: 0.8417
2025-04-08 12:18:26,801 - DEBUG - 
更新概率模型:
2025-04-08 12:18:26,801 - DEBUG - 多样性指标: 0.0883
2025-04-08 12:18:26,801 - DEBUG - 自适应学习率: 0.8412
2025-04-08 12:18:27,583 - DEBUG - 
更新概率模型:
2025-04-08 12:18:27,583 - DEBUG - 多样性指标: 0.1202
2025-04-08 12:18:27,583 - DEBUG - 自适应学习率: 0.8561
2025-04-08 12:18:28,394 - DEBUG - 
更新概率模型:
2025-04-08 12:18:28,394 - DEBUG - 多样性指标: 0.1134
2025-04-08 12:18:28,394 - DEBUG - 自适应学习率: 0.8538
2025-04-08 12:18:29,155 - DEBUG - 
更新概率模型:
2025-04-08 12:18:29,155 - DEBUG - 多样性指标: 0.1011
2025-04-08 12:18:29,155 - DEBUG - 自适应学习率: 0.8473
2025-04-08 12:18:29,945 - DEBUG - 
更新概率模型:
2025-04-08 12:18:29,947 - DEBUG - 多样性指标: 0.1125
2025-04-08 12:18:29,947 - DEBUG - 自适应学习率: 0.8535
2025-04-08 12:18:30,722 - DEBUG - 
更新概率模型:
2025-04-08 12:18:30,722 - DEBUG - 多样性指标: 0.1166
2025-04-08 12:18:30,722 - DEBUG - 自适应学习率: 0.8558
2025-04-08 12:18:31,512 - DEBUG - 
更新概率模型:
2025-04-08 12:18:31,512 - DEBUG - 多样性指标: 0.1204
2025-04-08 12:18:31,512 - DEBUG - 自适应学习率: 0.8571
2025-04-08 12:18:32,307 - DEBUG - 
更新概率模型:
2025-04-08 12:18:32,307 - DEBUG - 多样性指标: 0.0908
2025-04-08 12:18:32,307 - DEBUG - 自适应学习率: 0.8416
2025-04-08 12:18:33,101 - DEBUG - 
更新概率模型:
2025-04-08 12:18:33,101 - DEBUG - 多样性指标: 0.1077
2025-04-08 12:18:33,101 - DEBUG - 自适应学习率: 0.8477
2025-04-08 12:18:33,902 - DEBUG - 
更新概率模型:
2025-04-08 12:18:33,902 - DEBUG - 多样性指标: 0.1102
2025-04-08 12:18:33,902 - DEBUG - 自适应学习率: 0.8541
2025-04-08 12:18:34,700 - DEBUG - 
更新概率模型:
2025-04-08 12:18:34,700 - DEBUG - 多样性指标: 0.1249
2025-04-08 12:18:34,700 - DEBUG - 自适应学习率: 0.8582
2025-04-08 12:18:35,514 - DEBUG - 
更新概率模型:
2025-04-08 12:18:35,514 - DEBUG - 多样性指标: 0.0985
2025-04-08 12:18:35,514 - DEBUG - 自适应学习率: 0.8455
2025-04-08 12:18:36,322 - DEBUG - 
更新概率模型:
2025-04-08 12:18:36,322 - DEBUG - 多样性指标: 0.1076
2025-04-08 12:18:36,322 - DEBUG - 自适应学习率: 0.8518
2025-04-08 12:18:37,109 - DEBUG - 
更新概率模型:
2025-04-08 12:18:37,109 - DEBUG - 多样性指标: 0.1065
2025-04-08 12:18:37,109 - DEBUG - 自适应学习率: 0.8492
2025-04-08 12:18:37,897 - DEBUG - 
更新概率模型:
2025-04-08 12:18:37,897 - DEBUG - 多样性指标: 0.1172
2025-04-08 12:18:37,897 - DEBUG - 自适应学习率: 0.8563
2025-04-08 12:18:38,685 - DEBUG - 
更新概率模型:
2025-04-08 12:18:38,685 - DEBUG - 多样性指标: 0.1031
2025-04-08 12:18:38,685 - DEBUG - 自适应学习率: 0.8492
2025-04-08 12:18:39,457 - DEBUG - 
更新概率模型:
2025-04-08 12:18:39,457 - DEBUG - 多样性指标: 0.1047
2025-04-08 12:18:39,457 - DEBUG - 自适应学习率: 0.8500
2025-04-08 12:18:40,237 - DEBUG - 
更新概率模型:
2025-04-08 12:18:40,237 - DEBUG - 多样性指标: 0.0948
2025-04-08 12:18:40,237 - DEBUG - 自适应学习率: 0.8454
2025-04-08 12:18:41,023 - DEBUG - 
更新概率模型:
2025-04-08 12:18:41,023 - DEBUG - 多样性指标: 0.1042
2025-04-08 12:18:41,023 - DEBUG - 自适应学习率: 0.8469
2025-04-08 12:18:41,795 - DEBUG - 
更新概率模型:
2025-04-08 12:18:41,795 - DEBUG - 多样性指标: 0.1232
2025-04-08 12:18:41,795 - DEBUG - 自适应学习率: 0.8596
2025-04-08 12:18:42,597 - DEBUG - 
更新概率模型:
2025-04-08 12:18:42,597 - DEBUG - 多样性指标: 0.1007
2025-04-08 12:18:42,597 - DEBUG - 自适应学习率: 0.8473
2025-04-08 12:18:43,380 - DEBUG - 
更新概率模型:
2025-04-08 12:18:43,380 - DEBUG - 多样性指标: 0.0968
2025-04-08 12:18:43,380 - DEBUG - 自适应学习率: 0.8433
2025-04-08 12:18:44,181 - DEBUG - 
更新概率模型:
2025-04-08 12:18:44,182 - DEBUG - 多样性指标: 0.1000
2025-04-08 12:18:44,182 - DEBUG - 自适应学习率: 0.8460
2025-04-08 12:18:44,984 - DEBUG - 
更新概率模型:
2025-04-08 12:18:44,984 - DEBUG - 多样性指标: 0.1059
2025-04-08 12:18:44,984 - DEBUG - 自适应学习率: 0.8493
2025-04-08 12:18:45,781 - DEBUG - 
更新概率模型:
2025-04-08 12:18:45,781 - DEBUG - 多样性指标: 0.1218
2025-04-08 12:18:45,781 - DEBUG - 自适应学习率: 0.8545
2025-04-08 12:18:46,580 - DEBUG - 
更新概率模型:
2025-04-08 12:18:46,580 - DEBUG - 多样性指标: 0.0985
2025-04-08 12:18:46,580 - DEBUG - 自适应学习率: 0.8471
2025-04-08 12:18:47,749 - DEBUG - 
更新概率模型:
2025-04-08 12:18:47,749 - DEBUG - 多样性指标: 0.0451
2025-04-08 12:18:47,749 - DEBUG - 自适应学习率: 0.8413
2025-04-08 12:18:48,198 - DEBUG - 
更新概率模型:
2025-04-08 12:18:48,200 - DEBUG - 多样性指标: 0.0384
2025-04-08 12:18:48,200 - DEBUG - 自适应学习率: 0.8304
2025-04-08 12:18:48,652 - DEBUG - 
更新概率模型:
2025-04-08 12:18:48,652 - DEBUG - 多样性指标: 0.0415
2025-04-08 12:18:48,652 - DEBUG - 自适应学习率: 0.8386
2025-04-08 12:18:49,111 - DEBUG - 
更新概率模型:
2025-04-08 12:18:49,111 - DEBUG - 多样性指标: 0.0372
2025-04-08 12:18:49,111 - DEBUG - 自适应学习率: 0.8302
2025-04-08 12:18:49,559 - DEBUG - 
更新概率模型:
2025-04-08 12:18:49,559 - DEBUG - 多样性指标: 0.0399
2025-04-08 12:18:49,559 - DEBUG - 自适应学习率: 0.8311
2025-04-08 12:18:50,007 - DEBUG - 
更新概率模型:
2025-04-08 12:18:50,007 - DEBUG - 多样性指标: 0.0390
2025-04-08 12:18:50,007 - DEBUG - 自适应学习率: 0.8350
2025-04-08 12:18:50,457 - DEBUG - 
更新概率模型:
2025-04-08 12:18:50,457 - DEBUG - 多样性指标: 0.0457
2025-04-08 12:18:50,457 - DEBUG - 自适应学习率: 0.8457
2025-04-08 12:18:50,914 - DEBUG - 
更新概率模型:
2025-04-08 12:18:50,914 - DEBUG - 多样性指标: 0.0516
2025-04-08 12:18:50,914 - DEBUG - 自适应学习率: 0.8405
2025-04-08 12:18:51,364 - DEBUG - 
更新概率模型:
2025-04-08 12:18:51,364 - DEBUG - 多样性指标: 0.0402
2025-04-08 12:18:51,364 - DEBUG - 自适应学习率: 0.8398
2025-04-08 12:18:51,815 - DEBUG - 
更新概率模型:
2025-04-08 12:18:51,815 - DEBUG - 多样性指标: 0.0474
2025-04-08 12:18:51,815 - DEBUG - 自适应学习率: 0.8366
2025-04-08 12:18:52,264 - DEBUG - 
更新概率模型:
2025-04-08 12:18:52,264 - DEBUG - 多样性指标: 0.0430
2025-04-08 12:18:52,264 - DEBUG - 自适应学习率: 0.8374
2025-04-08 12:18:52,713 - DEBUG - 
更新概率模型:
2025-04-08 12:18:52,713 - DEBUG - 多样性指标: 0.0452
2025-04-08 12:18:52,713 - DEBUG - 自适应学习率: 0.8428
2025-04-08 12:18:53,164 - DEBUG - 
更新概率模型:
2025-04-08 12:18:53,164 - DEBUG - 多样性指标: 0.0398
2025-04-08 12:18:53,164 - DEBUG - 自适应学习率: 0.8302
2025-04-08 12:18:53,609 - DEBUG - 
更新概率模型:
2025-04-08 12:18:53,610 - DEBUG - 多样性指标: 0.0402
2025-04-08 12:18:53,610 - DEBUG - 自适应学习率: 0.8342
2025-04-08 12:18:54,055 - DEBUG - 
更新概率模型:
2025-04-08 12:18:54,055 - DEBUG - 多样性指标: 0.0421
2025-04-08 12:18:54,055 - DEBUG - 自适应学习率: 0.8322
2025-04-08 12:18:54,506 - DEBUG - 
更新概率模型:
2025-04-08 12:18:54,506 - DEBUG - 多样性指标: 0.0399
2025-04-08 12:18:54,506 - DEBUG - 自适应学习率: 0.8342
2025-04-08 12:18:54,952 - DEBUG - 
更新概率模型:
2025-04-08 12:18:54,952 - DEBUG - 多样性指标: 0.0370
2025-04-08 12:18:54,952 - DEBUG - 自适应学习率: 0.8388
2025-04-08 12:18:55,412 - DEBUG - 
更新概率模型:
2025-04-08 12:18:55,412 - DEBUG - 多样性指标: 0.0416
2025-04-08 12:18:55,412 - DEBUG - 自适应学习率: 0.8400
2025-04-08 12:18:55,862 - DEBUG - 
更新概率模型:
2025-04-08 12:18:55,862 - DEBUG - 多样性指标: 0.0387
2025-04-08 12:18:55,862 - DEBUG - 自适应学习率: 0.8373
2025-04-08 12:18:56,318 - DEBUG - 
更新概率模型:
2025-04-08 12:18:56,319 - DEBUG - 多样性指标: 0.0420
2025-04-08 12:18:56,319 - DEBUG - 自适应学习率: 0.8343
2025-04-08 12:18:56,770 - DEBUG - 
更新概率模型:
2025-04-08 12:18:56,770 - DEBUG - 多样性指标: 0.0414
2025-04-08 12:18:56,770 - DEBUG - 自适应学习率: 0.8313
2025-04-08 12:18:57,223 - DEBUG - 
更新概率模型:
2025-04-08 12:18:57,223 - DEBUG - 多样性指标: 0.0425
2025-04-08 12:18:57,223 - DEBUG - 自适应学习率: 0.8308
2025-04-08 12:18:57,672 - DEBUG - 
更新概率模型:
2025-04-08 12:18:57,672 - DEBUG - 多样性指标: 0.0368
2025-04-08 12:18:57,672 - DEBUG - 自适应学习率: 0.8293
2025-04-08 12:18:58,126 - DEBUG - 
更新概率模型:
2025-04-08 12:18:58,126 - DEBUG - 多样性指标: 0.0356
2025-04-08 12:18:58,126 - DEBUG - 自适应学习率: 0.8258
2025-04-08 12:18:58,581 - DEBUG - 
更新概率模型:
2025-04-08 12:18:58,581 - DEBUG - 多样性指标: 0.0403
2025-04-08 12:18:58,581 - DEBUG - 自适应学习率: 0.8291
2025-04-08 12:18:59,029 - DEBUG - 
更新概率模型:
2025-04-08 12:18:59,029 - DEBUG - 多样性指标: 0.0368
2025-04-08 12:18:59,029 - DEBUG - 自适应学习率: 0.8350
2025-04-08 12:18:59,489 - DEBUG - 
更新概率模型:
2025-04-08 12:18:59,489 - DEBUG - 多样性指标: 0.0412
2025-04-08 12:18:59,489 - DEBUG - 自适应学习率: 0.8412
2025-04-08 12:18:59,946 - DEBUG - 
更新概率模型:
2025-04-08 12:18:59,946 - DEBUG - 多样性指标: 0.0472
2025-04-08 12:18:59,946 - DEBUG - 自适应学习率: 0.8302
2025-04-08 12:19:00,407 - DEBUG - 
更新概率模型:
2025-04-08 12:19:00,407 - DEBUG - 多样性指标: 0.0449
2025-04-08 12:19:00,407 - DEBUG - 自适应学习率: 0.8332
2025-04-08 12:19:00,864 - DEBUG - 
更新概率模型:
2025-04-08 12:19:00,864 - DEBUG - 多样性指标: 0.0461
2025-04-08 12:19:00,864 - DEBUG - 自适应学习率: 0.8316
2025-04-08 12:19:01,319 - DEBUG - 
更新概率模型:
2025-04-08 12:19:01,319 - DEBUG - 多样性指标: 0.0395
2025-04-08 12:19:01,319 - DEBUG - 自适应学习率: 0.8318
2025-04-08 12:19:01,774 - DEBUG - 
更新概率模型:
2025-04-08 12:19:01,774 - DEBUG - 多样性指标: 0.0471
2025-04-08 12:19:01,774 - DEBUG - 自适应学习率: 0.8334
2025-04-08 12:19:02,229 - DEBUG - 
更新概率模型:
2025-04-08 12:19:02,229 - DEBUG - 多样性指标: 0.0385
2025-04-08 12:19:02,229 - DEBUG - 自适应学习率: 0.8287
2025-04-08 12:19:02,681 - DEBUG - 
更新概率模型:
2025-04-08 12:19:02,681 - DEBUG - 多样性指标: 0.0385
2025-04-08 12:19:02,681 - DEBUG - 自适应学习率: 0.8284
2025-04-08 12:19:03,135 - DEBUG - 
更新概率模型:
2025-04-08 12:19:03,135 - DEBUG - 多样性指标: 0.0404
2025-04-08 12:19:03,135 - DEBUG - 自适应学习率: 0.8333
2025-04-08 12:19:03,590 - DEBUG - 
更新概率模型:
2025-04-08 12:19:03,590 - DEBUG - 多样性指标: 0.0391
2025-04-08 12:19:03,590 - DEBUG - 自适应学习率: 0.8266
2025-04-08 12:19:04,041 - DEBUG - 
更新概率模型:
2025-04-08 12:19:04,041 - DEBUG - 多样性指标: 0.0404
2025-04-08 12:19:04,041 - DEBUG - 自适应学习率: 0.8358
2025-04-08 12:19:04,500 - DEBUG - 
更新概率模型:
2025-04-08 12:19:04,500 - DEBUG - 多样性指标: 0.0398
2025-04-08 12:19:04,500 - DEBUG - 自适应学习率: 0.8374
2025-04-08 12:19:04,954 - DEBUG - 
更新概率模型:
2025-04-08 12:19:04,955 - DEBUG - 多样性指标: 0.0467
2025-04-08 12:19:04,955 - DEBUG - 自适应学习率: 0.8390
2025-04-08 12:19:05,408 - DEBUG - 
更新概率模型:
2025-04-08 12:19:05,408 - DEBUG - 多样性指标: 0.0441
2025-04-08 12:19:05,408 - DEBUG - 自适应学习率: 0.8390
2025-04-08 12:19:05,859 - DEBUG - 
更新概率模型:
2025-04-08 12:19:05,859 - DEBUG - 多样性指标: 0.0457
2025-04-08 12:19:05,859 - DEBUG - 自适应学习率: 0.8386
2025-04-08 12:19:06,314 - DEBUG - 
更新概率模型:
2025-04-08 12:19:06,314 - DEBUG - 多样性指标: 0.0396
2025-04-08 12:19:06,314 - DEBUG - 自适应学习率: 0.8268
2025-04-08 12:19:06,771 - DEBUG - 
更新概率模型:
2025-04-08 12:19:06,771 - DEBUG - 多样性指标: 0.0414
2025-04-08 12:19:06,771 - DEBUG - 自适应学习率: 0.8342
2025-04-08 12:19:07,227 - DEBUG - 
更新概率模型:
2025-04-08 12:19:07,227 - DEBUG - 多样性指标: 0.0413
2025-04-08 12:19:07,227 - DEBUG - 自适应学习率: 0.8331
2025-04-08 12:19:07,680 - DEBUG - 
更新概率模型:
2025-04-08 12:19:07,680 - DEBUG - 多样性指标: 0.0429
2025-04-08 12:19:07,680 - DEBUG - 自适应学习率: 0.8395
2025-04-08 12:19:08,135 - DEBUG - 
更新概率模型:
2025-04-08 12:19:08,135 - DEBUG - 多样性指标: 0.0433
2025-04-08 12:19:08,135 - DEBUG - 自适应学习率: 0.8258
2025-04-08 12:19:08,591 - DEBUG - 
更新概率模型:
2025-04-08 12:19:08,591 - DEBUG - 多样性指标: 0.0378
2025-04-08 12:19:08,591 - DEBUG - 自适应学习率: 0.8293
2025-04-08 12:19:09,041 - DEBUG - 
更新概率模型:
2025-04-08 12:19:09,041 - DEBUG - 多样性指标: 0.0488
2025-04-08 12:19:09,041 - DEBUG - 自适应学习率: 0.8382
2025-04-08 12:19:09,495 - DEBUG - 
更新概率模型:
2025-04-08 12:19:09,495 - DEBUG - 多样性指标: 0.0455
2025-04-08 12:19:09,495 - DEBUG - 自适应学习率: 0.8354
2025-04-08 12:19:09,949 - DEBUG - 
更新概率模型:
2025-04-08 12:19:09,950 - DEBUG - 多样性指标: 0.0437
2025-04-08 12:19:09,950 - DEBUG - 自适应学习率: 0.8396
2025-04-08 12:19:10,402 - DEBUG - 
更新概率模型:
2025-04-08 12:19:10,402 - DEBUG - 多样性指标: 0.0424
2025-04-08 12:19:10,402 - DEBUG - 自适应学习率: 0.8330
2025-04-08 12:19:10,854 - DEBUG - 
更新概率模型:
2025-04-08 12:19:10,854 - DEBUG - 多样性指标: 0.0444
2025-04-08 12:19:10,854 - DEBUG - 自适应学习率: 0.8354
2025-04-08 12:19:11,312 - DEBUG - 
更新概率模型:
2025-04-08 12:19:11,312 - DEBUG - 多样性指标: 0.0373
2025-04-08 12:19:11,312 - DEBUG - 自适应学习率: 0.8321
2025-04-08 12:19:11,768 - DEBUG - 
更新概率模型:
2025-04-08 12:19:11,768 - DEBUG - 多样性指标: 0.0426
2025-04-08 12:19:11,768 - DEBUG - 自适应学习率: 0.8379
2025-04-08 12:19:12,231 - DEBUG - 
更新概率模型:
2025-04-08 12:19:12,231 - DEBUG - 多样性指标: 0.0411
2025-04-08 12:19:12,231 - DEBUG - 自适应学习率: 0.8305
2025-04-08 12:19:12,682 - DEBUG - 
更新概率模型:
2025-04-08 12:19:12,683 - DEBUG - 多样性指标: 0.0398
2025-04-08 12:19:12,683 - DEBUG - 自适应学习率: 0.8307
2025-04-08 12:19:13,137 - DEBUG - 
更新概率模型:
2025-04-08 12:19:13,137 - DEBUG - 多样性指标: 0.0376
2025-04-08 12:19:13,137 - DEBUG - 自适应学习率: 0.8326
2025-04-08 12:19:13,594 - DEBUG - 
更新概率模型:
2025-04-08 12:19:13,594 - DEBUG - 多样性指标: 0.0366
2025-04-08 12:19:13,594 - DEBUG - 自适应学习率: 0.8352
2025-04-08 12:19:14,047 - DEBUG - 
更新概率模型:
2025-04-08 12:19:14,047 - DEBUG - 多样性指标: 0.0376
2025-04-08 12:19:14,047 - DEBUG - 自适应学习率: 0.8279
2025-04-08 12:19:14,499 - DEBUG - 
更新概率模型:
2025-04-08 12:19:14,500 - DEBUG - 多样性指标: 0.0390
2025-04-08 12:19:14,500 - DEBUG - 自适应学习率: 0.8310
2025-04-08 12:19:14,950 - DEBUG - 
更新概率模型:
2025-04-08 12:19:14,950 - DEBUG - 多样性指标: 0.0387
2025-04-08 12:19:14,950 - DEBUG - 自适应学习率: 0.8269
2025-04-08 12:19:15,406 - DEBUG - 
更新概率模型:
2025-04-08 12:19:15,406 - DEBUG - 多样性指标: 0.0364
2025-04-08 12:19:15,406 - DEBUG - 自适应学习率: 0.8311
2025-04-08 12:19:15,857 - DEBUG - 
更新概率模型:
2025-04-08 12:19:15,857 - DEBUG - 多样性指标: 0.0418
2025-04-08 12:19:15,857 - DEBUG - 自适应学习率: 0.8342
2025-04-08 12:19:16,312 - DEBUG - 
更新概率模型:
2025-04-08 12:19:16,312 - DEBUG - 多样性指标: 0.0360
2025-04-08 12:19:16,312 - DEBUG - 自适应学习率: 0.8302
2025-04-08 12:19:16,760 - DEBUG - 
更新概率模型:
2025-04-08 12:19:16,760 - DEBUG - 多样性指标: 0.0408
2025-04-08 12:19:16,760 - DEBUG - 自适应学习率: 0.8328
2025-04-08 12:19:17,221 - DEBUG - 
更新概率模型:
2025-04-08 12:19:17,221 - DEBUG - 多样性指标: 0.0381
2025-04-08 12:19:17,221 - DEBUG - 自适应学习率: 0.8289
2025-04-08 12:19:17,687 - DEBUG - 
更新概率模型:
2025-04-08 12:19:17,688 - DEBUG - 多样性指标: 0.0376
2025-04-08 12:19:17,688 - DEBUG - 自适应学习率: 0.8286
2025-04-08 12:19:18,155 - DEBUG - 
更新概率模型:
2025-04-08 12:19:18,155 - DEBUG - 多样性指标: 0.0430
2025-04-08 12:19:18,155 - DEBUG - 自适应学习率: 0.8285
2025-04-08 12:19:18,626 - DEBUG - 
更新概率模型:
2025-04-08 12:19:18,627 - DEBUG - 多样性指标: 0.0448
2025-04-08 12:19:18,627 - DEBUG - 自适应学习率: 0.8310
2025-04-08 12:19:19,095 - DEBUG - 
更新概率模型:
2025-04-08 12:19:19,095 - DEBUG - 多样性指标: 0.0379
2025-04-08 12:19:19,095 - DEBUG - 自适应学习率: 0.8315
2025-04-08 12:19:19,547 - DEBUG - 
更新概率模型:
2025-04-08 12:19:19,547 - DEBUG - 多样性指标: 0.0387
2025-04-08 12:19:19,547 - DEBUG - 自适应学习率: 0.8307
2025-04-08 12:19:20,021 - DEBUG - 
更新概率模型:
2025-04-08 12:19:20,021 - DEBUG - 多样性指标: 0.0436
2025-04-08 12:19:20,021 - DEBUG - 自适应学习率: 0.8337
2025-04-08 12:19:20,484 - DEBUG - 
更新概率模型:
2025-04-08 12:19:20,484 - DEBUG - 多样性指标: 0.0477
2025-04-08 12:19:20,484 - DEBUG - 自适应学习率: 0.8358
2025-04-08 12:19:20,934 - DEBUG - 
更新概率模型:
2025-04-08 12:19:20,934 - DEBUG - 多样性指标: 0.0388
2025-04-08 12:19:20,934 - DEBUG - 自适应学习率: 0.8349
2025-04-08 12:19:21,400 - DEBUG - 
更新概率模型:
2025-04-08 12:19:21,400 - DEBUG - 多样性指标: 0.0358
2025-04-08 12:19:21,400 - DEBUG - 自适应学习率: 0.8381
2025-04-08 12:19:21,847 - DEBUG - 
更新概率模型:
2025-04-08 12:19:21,847 - DEBUG - 多样性指标: 0.0386
2025-04-08 12:19:21,847 - DEBUG - 自适应学习率: 0.8299
2025-04-08 12:19:22,310 - DEBUG - 
更新概率模型:
2025-04-08 12:19:22,310 - DEBUG - 多样性指标: 0.0379
2025-04-08 12:19:22,310 - DEBUG - 自适应学习率: 0.8441
2025-04-08 12:19:22,769 - DEBUG - 
更新概率模型:
2025-04-08 12:19:22,769 - DEBUG - 多样性指标: 0.0423
2025-04-08 12:19:22,769 - DEBUG - 自适应学习率: 0.8368
2025-04-08 12:19:23,220 - DEBUG - 
更新概率模型:
2025-04-08 12:19:23,220 - DEBUG - 多样性指标: 0.0352
2025-04-08 12:19:23,220 - DEBUG - 自适应学习率: 0.8297
2025-04-08 12:19:23,672 - DEBUG - 
更新概率模型:
2025-04-08 12:19:23,672 - DEBUG - 多样性指标: 0.0407
2025-04-08 12:19:23,672 - DEBUG - 自适应学习率: 0.8314
2025-04-08 12:19:24,123 - DEBUG - 
更新概率模型:
2025-04-08 12:19:24,123 - DEBUG - 多样性指标: 0.0461
2025-04-08 12:19:24,123 - DEBUG - 自适应学习率: 0.8369
2025-04-08 12:19:24,591 - DEBUG - 
更新概率模型:
2025-04-08 12:19:24,591 - DEBUG - 多样性指标: 0.0348
2025-04-08 12:19:24,591 - DEBUG - 自适应学习率: 0.8281
2025-04-08 12:19:25,043 - DEBUG - 
更新概率模型:
2025-04-08 12:19:25,043 - DEBUG - 多样性指标: 0.0415
2025-04-08 12:19:25,043 - DEBUG - 自适应学习率: 0.8356
2025-04-08 12:19:25,495 - DEBUG - 
更新概率模型:
2025-04-08 12:19:25,495 - DEBUG - 多样性指标: 0.0370
2025-04-08 12:19:25,495 - DEBUG - 自适应学习率: 0.8313
2025-04-08 12:19:25,948 - DEBUG - 
更新概率模型:
2025-04-08 12:19:25,948 - DEBUG - 多样性指标: 0.0420
2025-04-08 12:19:25,948 - DEBUG - 自适应学习率: 0.8339
2025-04-08 12:19:26,398 - DEBUG - 
更新概率模型:
2025-04-08 12:19:26,398 - DEBUG - 多样性指标: 0.0374
2025-04-08 12:19:26,398 - DEBUG - 自适应学习率: 0.8367
2025-04-08 12:19:26,845 - DEBUG - 
更新概率模型:
2025-04-08 12:19:26,845 - DEBUG - 多样性指标: 0.0493
2025-04-08 12:19:26,845 - DEBUG - 自适应学习率: 0.8391
2025-04-08 12:19:27,302 - DEBUG - 
更新概率模型:
2025-04-08 12:19:27,302 - DEBUG - 多样性指标: 0.0426
2025-04-08 12:19:27,302 - DEBUG - 自适应学习率: 0.8328
2025-04-08 12:19:27,751 - DEBUG - 
更新概率模型:
2025-04-08 12:19:27,751 - DEBUG - 多样性指标: 0.0389
2025-04-08 12:19:27,751 - DEBUG - 自适应学习率: 0.8284
2025-04-08 12:19:28,201 - DEBUG - 
更新概率模型:
2025-04-08 12:19:28,201 - DEBUG - 多样性指标: 0.0429
2025-04-08 12:19:28,201 - DEBUG - 自适应学习率: 0.8366
2025-04-08 12:19:28,647 - DEBUG - 
更新概率模型:
2025-04-08 12:19:28,647 - DEBUG - 多样性指标: 0.0448
2025-04-08 12:19:28,647 - DEBUG - 自适应学习率: 0.8332
2025-04-08 12:19:29,097 - DEBUG - 
更新概率模型:
2025-04-08 12:19:29,097 - DEBUG - 多样性指标: 0.0460
2025-04-08 12:19:29,097 - DEBUG - 自适应学习率: 0.8342
2025-04-08 12:19:29,547 - DEBUG - 
更新概率模型:
2025-04-08 12:19:29,547 - DEBUG - 多样性指标: 0.0403
2025-04-08 12:19:29,547 - DEBUG - 自适应学习率: 0.8398
2025-04-08 12:19:29,997 - DEBUG - 
更新概率模型:
2025-04-08 12:19:29,997 - DEBUG - 多样性指标: 0.0475
2025-04-08 12:19:29,997 - DEBUG - 自适应学习率: 0.8418
2025-04-08 12:19:30,448 - DEBUG - 
更新概率模型:
2025-04-08 12:19:30,448 - DEBUG - 多样性指标: 0.0434
2025-04-08 12:19:30,448 - DEBUG - 自适应学习率: 0.8313
2025-04-08 12:19:30,903 - DEBUG - 
更新概率模型:
2025-04-08 12:19:30,903 - DEBUG - 多样性指标: 0.0428
2025-04-08 12:19:30,903 - DEBUG - 自适应学习率: 0.8339
2025-04-08 12:19:31,355 - DEBUG - 
更新概率模型:
2025-04-08 12:19:31,355 - DEBUG - 多样性指标: 0.0393
2025-04-08 12:19:31,355 - DEBUG - 自适应学习率: 0.8283
2025-04-08 12:19:31,802 - DEBUG - 
更新概率模型:
2025-04-08 12:19:31,802 - DEBUG - 多样性指标: 0.0367
2025-04-08 12:19:31,802 - DEBUG - 自适应学习率: 0.8257
2025-04-08 12:19:32,257 - DEBUG - 
更新概率模型:
2025-04-08 12:19:32,257 - DEBUG - 多样性指标: 0.0406
2025-04-08 12:19:32,257 - DEBUG - 自适应学习率: 0.8297
2025-04-08 12:19:32,707 - DEBUG - 
更新概率模型:
2025-04-08 12:19:32,707 - DEBUG - 多样性指标: 0.0440
2025-04-08 12:19:32,707 - DEBUG - 自适应学习率: 0.8343
2025-04-08 12:19:33,200 - DEBUG - 
更新概率模型:
2025-04-08 12:19:33,200 - DEBUG - 多样性指标: 0.0399
2025-04-08 12:19:33,200 - DEBUG - 自适应学习率: 0.8237
2025-04-08 12:19:33,679 - DEBUG - 
更新概率模型:
2025-04-08 12:19:33,679 - DEBUG - 多样性指标: 0.0395
2025-04-08 12:19:33,679 - DEBUG - 自适应学习率: 0.8406
2025-04-08 12:19:34,171 - DEBUG - 
更新概率模型:
2025-04-08 12:19:34,171 - DEBUG - 多样性指标: 0.0427
2025-04-08 12:19:34,171 - DEBUG - 自适应学习率: 0.8391
2025-04-08 12:19:34,666 - DEBUG - 
更新概率模型:
2025-04-08 12:19:34,666 - DEBUG - 多样性指标: 0.0414
2025-04-08 12:19:34,666 - DEBUG - 自适应学习率: 0.8402
2025-04-08 12:19:35,145 - DEBUG - 
更新概率模型:
2025-04-08 12:19:35,145 - DEBUG - 多样性指标: 0.0420
2025-04-08 12:19:35,145 - DEBUG - 自适应学习率: 0.8410
2025-04-08 12:19:35,643 - DEBUG - 
更新概率模型:
2025-04-08 12:19:35,643 - DEBUG - 多样性指标: 0.0448
2025-04-08 12:19:35,643 - DEBUG - 自适应学习率: 0.8406
2025-04-08 12:19:36,138 - DEBUG - 
更新概率模型:
2025-04-08 12:19:36,138 - DEBUG - 多样性指标: 0.0420
2025-04-08 12:19:36,138 - DEBUG - 自适应学习率: 0.8409
2025-04-08 12:19:36,629 - DEBUG - 
更新概率模型:
2025-04-08 12:19:36,629 - DEBUG - 多样性指标: 0.0363
2025-04-08 12:19:36,629 - DEBUG - 自适应学习率: 0.8398
2025-04-08 12:19:37,112 - DEBUG - 
更新概率模型:
2025-04-08 12:19:37,112 - DEBUG - 多样性指标: 0.0482
2025-04-08 12:19:37,112 - DEBUG - 自适应学习率: 0.8433
2025-04-08 12:19:37,605 - DEBUG - 
更新概率模型:
2025-04-08 12:19:37,605 - DEBUG - 多样性指标: 0.0449
2025-04-08 12:19:37,605 - DEBUG - 自适应学习率: 0.8455
2025-04-08 12:19:38,090 - DEBUG - 
更新概率模型:
2025-04-08 12:19:38,090 - DEBUG - 多样性指标: 0.0421
2025-04-08 12:19:38,090 - DEBUG - 自适应学习率: 0.8449
2025-04-08 12:19:38,586 - DEBUG - 
更新概率模型:
2025-04-08 12:19:38,586 - DEBUG - 多样性指标: 0.0429
2025-04-08 12:19:38,586 - DEBUG - 自适应学习率: 0.8455
2025-04-08 12:19:39,081 - DEBUG - 
更新概率模型:
2025-04-08 12:19:39,081 - DEBUG - 多样性指标: 0.0467
2025-04-08 12:19:39,081 - DEBUG - 自适应学习率: 0.8476
2025-04-08 12:19:39,576 - DEBUG - 
更新概率模型:
2025-04-08 12:19:39,576 - DEBUG - 多样性指标: 0.0415
2025-04-08 12:19:39,576 - DEBUG - 自适应学习率: 0.8445
2025-04-08 12:19:40,114 - DEBUG - 
更新概率模型:
2025-04-08 12:19:40,114 - DEBUG - 多样性指标: 0.0412
2025-04-08 12:19:40,114 - DEBUG - 自适应学习率: 0.8492
2025-04-08 12:19:40,647 - DEBUG - 
更新概率模型:
2025-04-08 12:19:40,647 - DEBUG - 多样性指标: 0.0407
2025-04-08 12:19:40,647 - DEBUG - 自适应学习率: 0.8443
2025-04-08 12:19:41,175 - DEBUG - 
更新概率模型:
2025-04-08 12:19:41,175 - DEBUG - 多样性指标: 0.0450
2025-04-08 12:19:41,175 - DEBUG - 自适应学习率: 0.8495
2025-04-08 12:19:41,706 - DEBUG - 
更新概率模型:
2025-04-08 12:19:41,706 - DEBUG - 多样性指标: 0.0414
2025-04-08 12:19:41,706 - DEBUG - 自适应学习率: 0.8509
2025-04-08 12:19:42,244 - DEBUG - 
更新概率模型:
2025-04-08 12:19:42,245 - DEBUG - 多样性指标: 0.0396
2025-04-08 12:19:42,245 - DEBUG - 自适应学习率: 0.8455
2025-04-08 12:19:42,811 - DEBUG - 
更新概率模型:
2025-04-08 12:19:42,811 - DEBUG - 多样性指标: 0.0497
2025-04-08 12:19:42,811 - DEBUG - 自适应学习率: 0.8510
2025-04-08 12:19:43,386 - DEBUG - 
更新概率模型:
2025-04-08 12:19:43,386 - DEBUG - 多样性指标: 0.0415
2025-04-08 12:19:43,386 - DEBUG - 自适应学习率: 0.8487
2025-04-08 12:19:43,950 - DEBUG - 
更新概率模型:
2025-04-08 12:19:43,950 - DEBUG - 多样性指标: 0.0484
2025-04-08 12:19:43,950 - DEBUG - 自适应学习率: 0.8517
2025-04-08 12:19:44,517 - DEBUG - 
更新概率模型:
2025-04-08 12:19:44,518 - DEBUG - 多样性指标: 0.0396
2025-04-08 12:19:44,518 - DEBUG - 自适应学习率: 0.8457
2025-04-08 12:19:45,071 - DEBUG - 
更新概率模型:
2025-04-08 12:19:45,071 - DEBUG - 多样性指标: 0.0518
2025-04-08 12:19:45,071 - DEBUG - 自适应学习率: 0.8509
2025-04-08 12:19:45,692 - DEBUG - 
更新概率模型:
2025-04-08 12:19:45,692 - DEBUG - 多样性指标: 0.0525
2025-04-08 12:19:45,692 - DEBUG - 自适应学习率: 0.8504
2025-04-08 12:19:46,290 - DEBUG - 
更新概率模型:
2025-04-08 12:19:46,290 - DEBUG - 多样性指标: 0.0427
2025-04-08 12:19:46,290 - DEBUG - 自适应学习率: 0.8489
2025-04-08 12:19:46,892 - DEBUG - 
更新概率模型:
2025-04-08 12:19:46,892 - DEBUG - 多样性指标: 0.0467
2025-04-08 12:19:46,892 - DEBUG - 自适应学习率: 0.8466
2025-04-08 12:19:47,510 - DEBUG - 
更新概率模型:
2025-04-08 12:19:47,510 - DEBUG - 多样性指标: 0.0547
2025-04-08 12:19:47,510 - DEBUG - 自适应学习率: 0.8540
2025-04-08 12:19:48,107 - DEBUG - 
更新概率模型:
2025-04-08 12:19:48,107 - DEBUG - 多样性指标: 0.0462
2025-04-08 12:19:48,107 - DEBUG - 自适应学习率: 0.8490
2025-04-08 12:19:48,741 - DEBUG - 
更新概率模型:
2025-04-08 12:19:48,741 - DEBUG - 多样性指标: 0.0507
2025-04-08 12:19:48,741 - DEBUG - 自适应学习率: 0.8498
2025-04-08 12:19:49,372 - DEBUG - 
更新概率模型:
2025-04-08 12:19:49,372 - DEBUG - 多样性指标: 0.0522
2025-04-08 12:19:49,372 - DEBUG - 自适应学习率: 0.8484
2025-04-08 12:19:50,008 - DEBUG - 
更新概率模型:
2025-04-08 12:19:50,008 - DEBUG - 多样性指标: 0.0552
2025-04-08 12:19:50,008 - DEBUG - 自适应学习率: 0.8514
2025-04-08 12:19:50,659 - DEBUG - 
更新概率模型:
2025-04-08 12:19:50,659 - DEBUG - 多样性指标: 0.0535
2025-04-08 12:19:50,659 - DEBUG - 自适应学习率: 0.8523
2025-04-08 12:19:51,325 - DEBUG - 
更新概率模型:
2025-04-08 12:19:51,325 - DEBUG - 多样性指标: 0.0515
2025-04-08 12:19:51,325 - DEBUG - 自适应学习率: 0.8473
2025-04-08 12:19:52,007 - DEBUG - 
更新概率模型:
2025-04-08 12:19:52,007 - DEBUG - 多样性指标: 0.0602
2025-04-08 12:19:52,007 - DEBUG - 自适应学习率: 0.8543
2025-04-08 12:19:52,674 - DEBUG - 
更新概率模型:
2025-04-08 12:19:52,674 - DEBUG - 多样性指标: 0.0595
2025-04-08 12:19:52,674 - DEBUG - 自适应学习率: 0.8521
2025-04-08 12:19:53,351 - DEBUG - 
更新概率模型:
2025-04-08 12:19:53,351 - DEBUG - 多样性指标: 0.0555
2025-04-08 12:19:53,351 - DEBUG - 自适应学习率: 0.8502
2025-04-08 12:19:54,043 - DEBUG - 
更新概率模型:
2025-04-08 12:19:54,043 - DEBUG - 多样性指标: 0.0553
2025-04-08 12:19:54,043 - DEBUG - 自适应学习率: 0.8474
2025-04-08 12:19:54,719 - DEBUG - 
更新概率模型:
2025-04-08 12:19:54,719 - DEBUG - 多样性指标: 0.0538
2025-04-08 12:19:54,719 - DEBUG - 自适应学习率: 0.8479
2025-04-08 12:19:55,454 - DEBUG - 
更新概率模型:
2025-04-08 12:19:55,454 - DEBUG - 多样性指标: 0.0584
2025-04-08 12:19:55,454 - DEBUG - 自适应学习率: 0.8458
2025-04-08 12:19:56,178 - DEBUG - 
更新概率模型:
2025-04-08 12:19:56,178 - DEBUG - 多样性指标: 0.0610
2025-04-08 12:19:56,178 - DEBUG - 自适应学习率: 0.8453
2025-04-08 12:19:56,904 - DEBUG - 
更新概率模型:
2025-04-08 12:19:56,904 - DEBUG - 多样性指标: 0.0607
2025-04-08 12:19:56,904 - DEBUG - 自适应学习率: 0.8455
2025-04-08 12:19:57,642 - DEBUG - 
更新概率模型:
2025-04-08 12:19:57,642 - DEBUG - 多样性指标: 0.0607
2025-04-08 12:19:57,642 - DEBUG - 自适应学习率: 0.8453
2025-04-08 12:19:58,391 - DEBUG - 
更新概率模型:
2025-04-08 12:19:58,391 - DEBUG - 多样性指标: 0.0633
2025-04-08 12:19:58,391 - DEBUG - 自适应学习率: 0.8480
2025-04-08 12:19:59,166 - DEBUG - 
更新概率模型:
2025-04-08 12:19:59,166 - DEBUG - 多样性指标: 0.0688
2025-04-08 12:19:59,166 - DEBUG - 自适应学习率: 0.8428
2025-04-08 12:19:59,923 - DEBUG - 
更新概率模型:
2025-04-08 12:19:59,923 - DEBUG - 多样性指标: 0.0658
2025-04-08 12:19:59,923 - DEBUG - 自适应学习率: 0.8420
2025-04-08 12:20:00,659 - DEBUG - 
更新概率模型:
2025-04-08 12:20:00,659 - DEBUG - 多样性指标: 0.0718
2025-04-08 12:20:00,659 - DEBUG - 自适应学习率: 0.8448
2025-04-08 12:20:01,410 - DEBUG - 
更新概率模型:
2025-04-08 12:20:01,410 - DEBUG - 多样性指标: 0.0626
2025-04-08 12:20:01,410 - DEBUG - 自适应学习率: 0.8421
2025-04-08 12:20:02,207 - DEBUG - 
更新概率模型:
2025-04-08 12:20:02,207 - DEBUG - 多样性指标: 0.0736
2025-04-08 12:20:02,207 - DEBUG - 自适应学习率: 0.8463
2025-04-08 12:20:02,993 - DEBUG - 
更新概率模型:
2025-04-08 12:20:02,993 - DEBUG - 多样性指标: 0.0727
2025-04-08 12:20:02,993 - DEBUG - 自适应学习率: 0.8336
2025-04-08 12:20:03,779 - DEBUG - 
更新概率模型:
2025-04-08 12:20:03,779 - DEBUG - 多样性指标: 0.0599
2025-04-08 12:20:03,779 - DEBUG - 自适应学习率: 0.8281
2025-04-08 12:20:04,575 - DEBUG - 
更新概率模型:
2025-04-08 12:20:04,575 - DEBUG - 多样性指标: 0.0510
2025-04-08 12:20:04,575 - DEBUG - 自适应学习率: 0.8239
2025-04-08 12:20:05,376 - DEBUG - 
更新概率模型:
2025-04-08 12:20:05,376 - DEBUG - 多样性指标: 0.0799
2025-04-08 12:20:05,376 - DEBUG - 自适应学习率: 0.8376
2025-04-08 12:20:06,180 - DEBUG - 
更新概率模型:
2025-04-08 12:20:06,180 - DEBUG - 多样性指标: 0.0736
2025-04-08 12:20:06,180 - DEBUG - 自适应学习率: 0.8330
2025-04-08 12:20:06,983 - DEBUG - 
更新概率模型:
2025-04-08 12:20:06,983 - DEBUG - 多样性指标: 0.0763
2025-04-08 12:20:06,983 - DEBUG - 自适应学习率: 0.8351
2025-04-08 12:20:07,797 - DEBUG - 
更新概率模型:
2025-04-08 12:20:07,797 - DEBUG - 多样性指标: 0.0790
2025-04-08 12:20:07,797 - DEBUG - 自适应学习率: 0.8368
2025-04-08 12:20:08,595 - DEBUG - 
更新概率模型:
2025-04-08 12:20:08,595 - DEBUG - 多样性指标: 0.0803
2025-04-08 12:20:08,595 - DEBUG - 自适应学习率: 0.8368
2025-04-08 12:20:09,399 - DEBUG - 
更新概率模型:
2025-04-08 12:20:09,399 - DEBUG - 多样性指标: 0.0548
2025-04-08 12:20:09,399 - DEBUG - 自适应学习率: 0.8270
2025-04-08 12:20:10,207 - DEBUG - 
更新概率模型:
2025-04-08 12:20:10,207 - DEBUG - 多样性指标: 0.0888
2025-04-08 12:20:10,207 - DEBUG - 自适应学习率: 0.8372
2025-04-08 12:20:10,994 - DEBUG - 
更新概率模型:
2025-04-08 12:20:10,994 - DEBUG - 多样性指标: 0.0873
2025-04-08 12:20:10,994 - DEBUG - 自适应学习率: 0.8366
2025-04-08 12:20:11,800 - DEBUG - 
更新概率模型:
2025-04-08 12:20:11,800 - DEBUG - 多样性指标: 0.0735
2025-04-08 12:20:11,800 - DEBUG - 自适应学习率: 0.8362
2025-04-08 12:20:12,617 - DEBUG - 
更新概率模型:
2025-04-08 12:20:12,617 - DEBUG - 多样性指标: 0.0732
2025-04-08 12:20:12,617 - DEBUG - 自适应学习率: 0.8364
2025-04-08 12:20:13,397 - DEBUG - 
更新概率模型:
2025-04-08 12:20:13,397 - DEBUG - 多样性指标: 0.0756
2025-04-08 12:20:13,397 - DEBUG - 自适应学习率: 0.8358
2025-04-08 12:20:14,202 - DEBUG - 
更新概率模型:
2025-04-08 12:20:14,202 - DEBUG - 多样性指标: 0.0785
2025-04-08 12:20:14,202 - DEBUG - 自适应学习率: 0.8354
2025-04-08 12:20:14,995 - DEBUG - 
更新概率模型:
2025-04-08 12:20:14,995 - DEBUG - 多样性指标: 0.0692
2025-04-08 12:20:14,995 - DEBUG - 自适应学习率: 0.8325
2025-04-08 12:20:15,818 - DEBUG - 
更新概率模型:
2025-04-08 12:20:15,818 - DEBUG - 多样性指标: 0.0921
2025-04-08 12:20:15,818 - DEBUG - 自适应学习率: 0.8431
2025-04-08 12:20:16,628 - DEBUG - 
更新概率模型:
2025-04-08 12:20:16,628 - DEBUG - 多样性指标: 0.0647
2025-04-08 12:20:16,628 - DEBUG - 自适应学习率: 0.8307
2025-04-08 12:20:17,412 - DEBUG - 
更新概率模型:
2025-04-08 12:20:17,412 - DEBUG - 多样性指标: 0.0775
2025-04-08 12:20:17,412 - DEBUG - 自适应学习率: 0.8380
2025-04-08 12:20:18,201 - DEBUG - 
更新概率模型:
2025-04-08 12:20:18,202 - DEBUG - 多样性指标: 0.0814
2025-04-08 12:20:18,202 - DEBUG - 自适应学习率: 0.8357
2025-04-08 12:20:18,997 - DEBUG - 
更新概率模型:
2025-04-08 12:20:18,997 - DEBUG - 多样性指标: 0.0851
2025-04-08 12:20:18,997 - DEBUG - 自适应学习率: 0.8393
2025-04-08 12:20:19,810 - DEBUG - 
更新概率模型:
2025-04-08 12:20:19,810 - DEBUG - 多样性指标: 0.0790
2025-04-08 12:20:19,810 - DEBUG - 自适应学习率: 0.8380
2025-04-08 12:20:20,623 - DEBUG - 
更新概率模型:
2025-04-08 12:20:20,623 - DEBUG - 多样性指标: 0.0712
2025-04-08 12:20:20,623 - DEBUG - 自适应学习率: 0.8317
2025-04-08 12:20:21,414 - DEBUG - 
更新概率模型:
2025-04-08 12:20:21,414 - DEBUG - 多样性指标: 0.0727
2025-04-08 12:20:21,414 - DEBUG - 自适应学习率: 0.8349
2025-04-08 12:20:22,207 - DEBUG - 
更新概率模型:
2025-04-08 12:20:22,207 - DEBUG - 多样性指标: 0.0842
2025-04-08 12:20:22,207 - DEBUG - 自适应学习率: 0.8380
2025-04-08 12:20:23,008 - DEBUG - 
更新概率模型:
2025-04-08 12:20:23,008 - DEBUG - 多样性指标: 0.0795
2025-04-08 12:20:23,008 - DEBUG - 自适应学习率: 0.8372
2025-04-08 12:20:23,813 - DEBUG - 
更新概率模型:
2025-04-08 12:20:23,813 - DEBUG - 多样性指标: 0.0844
2025-04-08 12:20:23,813 - DEBUG - 自适应学习率: 0.8361
2025-04-08 12:20:24,631 - DEBUG - 
更新概率模型:
2025-04-08 12:20:24,631 - DEBUG - 多样性指标: 0.1004
2025-04-08 12:20:24,631 - DEBUG - 自适应学习率: 0.8416
2025-04-08 12:20:25,478 - DEBUG - 
更新概率模型:
2025-04-08 12:20:25,478 - DEBUG - 多样性指标: 0.0758
2025-04-08 12:20:25,478 - DEBUG - 自适应学习率: 0.8346
2025-04-08 12:20:26,281 - DEBUG - 
更新概率模型:
2025-04-08 12:20:26,281 - DEBUG - 多样性指标: 0.0650
2025-04-08 12:20:26,281 - DEBUG - 自适应学习率: 0.8290
2025-04-08 12:20:27,090 - DEBUG - 
更新概率模型:
2025-04-08 12:20:27,090 - DEBUG - 多样性指标: 0.0722
2025-04-08 12:20:27,090 - DEBUG - 自适应学习率: 0.8322
2025-04-08 12:20:27,885 - DEBUG - 
更新概率模型:
2025-04-08 12:20:27,885 - DEBUG - 多样性指标: 0.0878
2025-04-08 12:20:27,885 - DEBUG - 自适应学习率: 0.8417
2025-04-08 12:20:28,683 - DEBUG - 
更新概率模型:
2025-04-08 12:20:28,683 - DEBUG - 多样性指标: 0.0779
2025-04-08 12:20:28,683 - DEBUG - 自适应学习率: 0.8363
2025-04-08 12:20:29,472 - DEBUG - 
更新概率模型:
2025-04-08 12:20:29,472 - DEBUG - 多样性指标: 0.1038
2025-04-08 12:20:29,472 - DEBUG - 自适应学习率: 0.8504
2025-04-08 12:20:30,276 - DEBUG - 
更新概率模型:
2025-04-08 12:20:30,276 - DEBUG - 多样性指标: 0.0788
2025-04-08 12:20:30,276 - DEBUG - 自适应学习率: 0.8374
2025-04-08 12:20:31,068 - DEBUG - 
更新概率模型:
2025-04-08 12:20:31,068 - DEBUG - 多样性指标: 0.1003
2025-04-08 12:20:31,068 - DEBUG - 自适应学习率: 0.8435
2025-04-08 12:20:31,871 - DEBUG - 
更新概率模型:
2025-04-08 12:20:31,871 - DEBUG - 多样性指标: 0.0876
2025-04-08 12:20:31,871 - DEBUG - 自适应学习率: 0.8375
2025-04-08 12:20:32,687 - DEBUG - 
更新概率模型:
2025-04-08 12:20:32,687 - DEBUG - 多样性指标: 0.0719
2025-04-08 12:20:32,687 - DEBUG - 自适应学习率: 0.8330
2025-04-08 12:20:33,479 - DEBUG - 
更新概率模型:
2025-04-08 12:20:33,479 - DEBUG - 多样性指标: 0.0836
2025-04-08 12:20:33,479 - DEBUG - 自适应学习率: 0.8384
2025-04-08 12:20:34,274 - DEBUG - 
更新概率模型:
2025-04-08 12:20:34,275 - DEBUG - 多样性指标: 0.0755
2025-04-08 12:20:34,275 - DEBUG - 自适应学习率: 0.8341
2025-04-08 12:20:35,084 - DEBUG - 
更新概率模型:
2025-04-08 12:20:35,084 - DEBUG - 多样性指标: 0.0974
2025-04-08 12:20:35,084 - DEBUG - 自适应学习率: 0.8424
2025-04-08 12:20:35,879 - DEBUG - 
更新概率模型:
2025-04-08 12:20:35,879 - DEBUG - 多样性指标: 0.0917
2025-04-08 12:20:35,879 - DEBUG - 自适应学习率: 0.8436
2025-04-08 12:20:36,688 - DEBUG - 
更新概率模型:
2025-04-08 12:20:36,688 - DEBUG - 多样性指标: 0.0693
2025-04-08 12:20:36,688 - DEBUG - 自适应学习率: 0.8327
2025-04-08 12:20:37,495 - DEBUG - 
更新概率模型:
2025-04-08 12:20:37,495 - DEBUG - 多样性指标: 0.0694
2025-04-08 12:20:37,495 - DEBUG - 自适应学习率: 0.8322
2025-04-08 12:20:38,273 - DEBUG - 
更新概率模型:
2025-04-08 12:20:38,273 - DEBUG - 多样性指标: 0.0796
2025-04-08 12:20:38,273 - DEBUG - 自适应学习率: 0.8374
2025-04-08 12:20:39,079 - DEBUG - 
更新概率模型:
2025-04-08 12:20:39,079 - DEBUG - 多样性指标: 0.0849
2025-04-08 12:20:39,079 - DEBUG - 自适应学习率: 0.8390
2025-04-08 12:20:39,870 - DEBUG - 
更新概率模型:
2025-04-08 12:20:39,870 - DEBUG - 多样性指标: 0.0861
2025-04-08 12:20:39,870 - DEBUG - 自适应学习率: 0.8401
2025-04-08 12:20:40,662 - DEBUG - 
更新概率模型:
2025-04-08 12:20:40,662 - DEBUG - 多样性指标: 0.0745
2025-04-08 12:20:40,662 - DEBUG - 自适应学习率: 0.8342
2025-04-08 12:20:41,465 - DEBUG - 
更新概率模型:
2025-04-08 12:20:41,465 - DEBUG - 多样性指标: 0.0793
2025-04-08 12:20:41,465 - DEBUG - 自适应学习率: 0.8369
2025-04-08 12:20:42,245 - DEBUG - 
更新概率模型:
2025-04-08 12:20:42,245 - DEBUG - 多样性指标: 0.0852
2025-04-08 12:20:42,245 - DEBUG - 自适应学习率: 0.8384
2025-04-08 12:20:43,058 - DEBUG - 
更新概率模型:
2025-04-08 12:20:43,058 - DEBUG - 多样性指标: 0.0928
2025-04-08 12:20:43,058 - DEBUG - 自适应学习率: 0.8444
2025-04-08 12:20:43,854 - DEBUG - 
更新概率模型:
2025-04-08 12:20:43,854 - DEBUG - 多样性指标: 0.0752
2025-04-08 12:20:43,854 - DEBUG - 自适应学习率: 0.8357
2025-04-08 12:20:44,679 - DEBUG - 
更新概率模型:
2025-04-08 12:20:44,679 - DEBUG - 多样性指标: 0.0916
2025-04-08 12:20:44,679 - DEBUG - 自适应学习率: 0.8438
2025-04-08 12:20:45,464 - DEBUG - 
更新概率模型:
2025-04-08 12:20:45,464 - DEBUG - 多样性指标: 0.0926
2025-04-08 12:20:45,464 - DEBUG - 自适应学习率: 0.8417
2025-04-08 12:20:46,272 - DEBUG - 
更新概率模型:
2025-04-08 12:20:46,272 - DEBUG - 多样性指标: 0.0953
2025-04-08 12:20:46,272 - DEBUG - 自适应学习率: 0.8404
2025-04-08 12:20:47,057 - DEBUG - 
更新概率模型:
2025-04-08 12:20:47,057 - DEBUG - 多样性指标: 0.0829
2025-04-08 12:20:47,057 - DEBUG - 自适应学习率: 0.8357
2025-04-08 12:20:47,874 - DEBUG - 
更新概率模型:
2025-04-08 12:20:47,874 - DEBUG - 多样性指标: 0.0767
2025-04-08 12:20:47,874 - DEBUG - 自适应学习率: 0.8362
2025-04-08 12:20:48,629 - DEBUG - 
更新概率模型:
2025-04-08 12:20:48,629 - DEBUG - 多样性指标: 0.0930
2025-04-08 12:20:48,629 - DEBUG - 自适应学习率: 0.8419
2025-04-08 12:20:49,443 - DEBUG - 
更新概率模型:
2025-04-08 12:20:49,443 - DEBUG - 多样性指标: 0.0909
2025-04-08 12:20:49,443 - DEBUG - 自适应学习率: 0.8409
2025-04-08 12:20:50,258 - DEBUG - 
更新概率模型:
2025-04-08 12:20:50,258 - DEBUG - 多样性指标: 0.0998
2025-04-08 12:20:50,258 - DEBUG - 自适应学习率: 0.8455
2025-04-08 12:20:51,069 - DEBUG - 
更新概率模型:
2025-04-08 12:20:51,069 - DEBUG - 多样性指标: 0.0886
2025-04-08 12:20:51,069 - DEBUG - 自适应学习率: 0.8418
2025-04-08 12:20:51,872 - DEBUG - 
更新概率模型:
2025-04-08 12:20:51,872 - DEBUG - 多样性指标: 0.0770
2025-04-08 12:20:51,872 - DEBUG - 自适应学习率: 0.8369
2025-04-08 12:20:52,690 - DEBUG - 
更新概率模型:
2025-04-08 12:20:52,690 - DEBUG - 多样性指标: 0.1071
2025-04-08 12:20:52,690 - DEBUG - 自适应学习率: 0.8491
2025-04-08 12:20:53,463 - DEBUG - 
更新概率模型:
2025-04-08 12:20:53,463 - DEBUG - 多样性指标: 0.0883
2025-04-08 12:20:53,463 - DEBUG - 自适应学习率: 0.8428
2025-04-08 12:20:54,257 - DEBUG - 
更新概率模型:
2025-04-08 12:20:54,257 - DEBUG - 多样性指标: 0.0769
2025-04-08 12:20:54,257 - DEBUG - 自适应学习率: 0.8349
2025-04-08 12:20:55,051 - DEBUG - 
更新概率模型:
2025-04-08 12:20:55,051 - DEBUG - 多样性指标: 0.0842
2025-04-08 12:20:55,051 - DEBUG - 自适应学习率: 0.8387
2025-04-08 12:20:55,845 - DEBUG - 
更新概率模型:
2025-04-08 12:20:55,845 - DEBUG - 多样性指标: 0.0841
2025-04-08 12:20:55,845 - DEBUG - 自适应学习率: 0.8399
2025-04-08 12:20:56,661 - DEBUG - 
更新概率模型:
2025-04-08 12:20:56,661 - DEBUG - 多样性指标: 0.0929
2025-04-08 12:20:56,661 - DEBUG - 自适应学习率: 0.8409
2025-04-08 12:20:57,437 - DEBUG - 
更新概率模型:
2025-04-08 12:20:57,437 - DEBUG - 多样性指标: 0.1025
2025-04-08 12:20:57,437 - DEBUG - 自适应学习率: 0.8478
2025-04-08 12:20:58,237 - DEBUG - 
更新概率模型:
2025-04-08 12:20:58,237 - DEBUG - 多样性指标: 0.0894
2025-04-08 12:20:58,237 - DEBUG - 自适应学习率: 0.8419
2025-04-08 12:20:59,020 - DEBUG - 
更新概率模型:
2025-04-08 12:20:59,020 - DEBUG - 多样性指标: 0.0821
2025-04-08 12:20:59,020 - DEBUG - 自适应学习率: 0.8381
2025-04-08 12:20:59,818 - DEBUG - 
更新概率模型:
2025-04-08 12:20:59,818 - DEBUG - 多样性指标: 0.0874
2025-04-08 12:20:59,818 - DEBUG - 自适应学习率: 0.8398
2025-04-08 12:21:00,630 - DEBUG - 
更新概率模型:
2025-04-08 12:21:00,630 - DEBUG - 多样性指标: 0.0988
2025-04-08 12:21:00,630 - DEBUG - 自适应学习率: 0.8472
2025-04-08 12:21:01,404 - DEBUG - 
更新概率模型:
2025-04-08 12:21:01,404 - DEBUG - 多样性指标: 0.1080
2025-04-08 12:21:01,404 - DEBUG - 自适应学习率: 0.8470
2025-04-08 12:21:02,190 - DEBUG - 
更新概率模型:
2025-04-08 12:21:02,190 - DEBUG - 多样性指标: 0.1159
2025-04-08 12:21:02,190 - DEBUG - 自适应学习率: 0.8532
2025-04-08 12:21:02,957 - DEBUG - 
更新概率模型:
2025-04-08 12:21:02,957 - DEBUG - 多样性指标: 0.0888
2025-04-08 12:21:02,957 - DEBUG - 自适应学习率: 0.8427
2025-04-08 12:21:03,740 - DEBUG - 
更新概率模型:
2025-04-08 12:21:03,740 - DEBUG - 多样性指标: 0.0948
2025-04-08 12:21:03,740 - DEBUG - 自适应学习率: 0.8428
2025-04-08 12:21:04,526 - DEBUG - 
更新概率模型:
2025-04-08 12:21:04,526 - DEBUG - 多样性指标: 0.0816
2025-04-08 12:21:04,526 - DEBUG - 自适应学习率: 0.8362
2025-04-08 12:21:05,297 - DEBUG - 
更新概率模型:
2025-04-08 12:21:05,297 - DEBUG - 多样性指标: 0.1115
2025-04-08 12:21:05,297 - DEBUG - 自适应学习率: 0.8524
2025-04-08 12:21:06,083 - DEBUG - 
更新概率模型:
2025-04-08 12:21:06,083 - DEBUG - 多样性指标: 0.1000
2025-04-08 12:21:06,083 - DEBUG - 自适应学习率: 0.8498
2025-04-08 12:21:06,881 - DEBUG - 
更新概率模型:
2025-04-08 12:21:06,881 - DEBUG - 多样性指标: 0.0782
2025-04-08 12:21:06,881 - DEBUG - 自适应学习率: 0.8366
2025-04-08 12:21:07,666 - DEBUG - 
更新概率模型:
2025-04-08 12:21:07,666 - DEBUG - 多样性指标: 0.1126
2025-04-08 12:21:07,666 - DEBUG - 自适应学习率: 0.8507
2025-04-08 12:21:08,489 - DEBUG - 
更新概率模型:
2025-04-08 12:21:08,489 - DEBUG - 多样性指标: 0.1044
2025-04-08 12:21:08,489 - DEBUG - 自适应学习率: 0.8443
2025-04-08 12:21:09,265 - DEBUG - 
更新概率模型:
2025-04-08 12:21:09,265 - DEBUG - 多样性指标: 0.0900
2025-04-08 12:21:09,265 - DEBUG - 自适应学习率: 0.8391
2025-04-08 12:21:10,054 - DEBUG - 
更新概率模型:
2025-04-08 12:21:10,054 - DEBUG - 多样性指标: 0.0952
2025-04-08 12:21:10,054 - DEBUG - 自适应学习率: 0.8438
2025-04-08 12:21:10,860 - DEBUG - 
更新概率模型:
2025-04-08 12:21:10,860 - DEBUG - 多样性指标: 0.0906
2025-04-08 12:21:10,860 - DEBUG - 自适应学习率: 0.8398
2025-04-08 12:21:11,631 - DEBUG - 
更新概率模型:
2025-04-08 12:21:11,631 - DEBUG - 多样性指标: 0.0918
2025-04-08 12:21:11,631 - DEBUG - 自适应学习率: 0.8434
2025-04-08 12:21:12,454 - DEBUG - 
更新概率模型:
2025-04-08 12:21:12,454 - DEBUG - 多样性指标: 0.0982
2025-04-08 12:21:12,454 - DEBUG - 自适应学习率: 0.8458
2025-04-08 12:21:13,279 - DEBUG - 
更新概率模型:
2025-04-08 12:21:13,279 - DEBUG - 多样性指标: 0.0798
2025-04-08 12:21:13,279 - DEBUG - 自适应学习率: 0.8370
2025-04-08 12:21:14,064 - DEBUG - 
更新概率模型:
2025-04-08 12:21:14,064 - DEBUG - 多样性指标: 0.1019
2025-04-08 12:21:14,064 - DEBUG - 自适应学习率: 0.8461
2025-04-08 12:21:14,855 - DEBUG - 
更新概率模型:
2025-04-08 12:21:14,855 - DEBUG - 多样性指标: 0.1007
2025-04-08 12:21:14,855 - DEBUG - 自适应学习率: 0.8443
2025-04-08 12:21:15,632 - DEBUG - 
更新概率模型:
2025-04-08 12:21:15,632 - DEBUG - 多样性指标: 0.1012
2025-04-08 12:21:15,632 - DEBUG - 自适应学习率: 0.8445
2025-04-08 12:21:16,414 - DEBUG - 
更新概率模型:
2025-04-08 12:21:16,414 - DEBUG - 多样性指标: 0.0948
2025-04-08 12:21:16,414 - DEBUG - 自适应学习率: 0.8428
2025-04-08 12:21:17,186 - DEBUG - 
更新概率模型:
2025-04-08 12:21:17,186 - DEBUG - 多样性指标: 0.0922
2025-04-08 12:21:17,186 - DEBUG - 自适应学习率: 0.8416
2025-04-08 12:21:17,992 - DEBUG - 
更新概率模型:
2025-04-08 12:21:17,992 - DEBUG - 多样性指标: 0.0950
2025-04-08 12:21:17,992 - DEBUG - 自适应学习率: 0.8436
2025-04-08 12:21:18,799 - DEBUG - 
更新概率模型:
2025-04-08 12:21:18,800 - DEBUG - 多样性指标: 0.1226
2025-04-08 12:21:18,800 - DEBUG - 自适应学习率: 0.8544
2025-04-08 12:21:19,583 - DEBUG - 
更新概率模型:
2025-04-08 12:21:19,583 - DEBUG - 多样性指标: 0.0924
2025-04-08 12:21:19,583 - DEBUG - 自适应学习率: 0.8421
2025-04-08 12:21:20,393 - DEBUG - 
更新概率模型:
2025-04-08 12:21:20,393 - DEBUG - 多样性指标: 0.0902
2025-04-08 12:21:20,393 - DEBUG - 自适应学习率: 0.8438
2025-04-08 12:21:21,171 - DEBUG - 
更新概率模型:
2025-04-08 12:21:21,171 - DEBUG - 多样性指标: 0.0821
2025-04-08 12:21:21,171 - DEBUG - 自适应学习率: 0.8381
2025-04-08 12:21:21,966 - DEBUG - 
更新概率模型:
2025-04-08 12:21:21,966 - DEBUG - 多样性指标: 0.1072
2025-04-08 12:21:21,966 - DEBUG - 自适应学习率: 0.8499
2025-04-08 12:21:22,780 - DEBUG - 
更新概率模型:
2025-04-08 12:21:22,780 - DEBUG - 多样性指标: 0.1041
2025-04-08 12:21:22,780 - DEBUG - 自适应学习率: 0.8500
2025-04-08 12:21:23,552 - DEBUG - 
更新概率模型:
2025-04-08 12:21:23,552 - DEBUG - 多样性指标: 0.0898
2025-04-08 12:21:23,552 - DEBUG - 自适应学习率: 0.8410
2025-04-08 12:21:24,331 - DEBUG - 
更新概率模型:
2025-04-08 12:21:24,331 - DEBUG - 多样性指标: 0.0867
2025-04-08 12:21:24,331 - DEBUG - 自适应学习率: 0.8404
2025-04-08 12:21:25,104 - DEBUG - 
更新概率模型:
2025-04-08 12:21:25,104 - DEBUG - 多样性指标: 0.1058
2025-04-08 12:21:25,104 - DEBUG - 自适应学习率: 0.8471
2025-04-08 12:21:25,875 - DEBUG - 
更新概率模型:
2025-04-08 12:21:25,875 - DEBUG - 多样性指标: 0.0893
2025-04-08 12:21:25,875 - DEBUG - 自适应学习率: 0.8397
2025-04-08 12:21:26,643 - DEBUG - 
更新概率模型:
2025-04-08 12:21:26,643 - DEBUG - 多样性指标: 0.0926
2025-04-08 12:21:26,643 - DEBUG - 自适应学习率: 0.8414
2025-04-08 12:21:27,450 - DEBUG - 
更新概率模型:
2025-04-08 12:21:27,450 - DEBUG - 多样性指标: 0.1054
2025-04-08 12:21:27,450 - DEBUG - 自适应学习率: 0.8493
2025-04-08 12:21:28,266 - DEBUG - 
更新概率模型:
2025-04-08 12:21:28,266 - DEBUG - 多样性指标: 0.0904
2025-04-08 12:21:28,266 - DEBUG - 自适应学习率: 0.8430
2025-04-08 12:21:29,042 - DEBUG - 
更新概率模型:
2025-04-08 12:21:29,042 - DEBUG - 多样性指标: 0.1109
2025-04-08 12:21:29,042 - DEBUG - 自适应学习率: 0.8532
2025-04-08 12:21:29,865 - DEBUG - 
更新概率模型:
2025-04-08 12:21:29,865 - DEBUG - 多样性指标: 0.0844
2025-04-08 12:21:29,865 - DEBUG - 自适应学习率: 0.8407
2025-04-08 12:21:30,645 - DEBUG - 
更新概率模型:
2025-04-08 12:21:30,645 - DEBUG - 多样性指标: 0.0883
2025-04-08 12:21:30,645 - DEBUG - 自适应学习率: 0.8376
2025-04-08 12:21:31,460 - DEBUG - 
更新概率模型:
2025-04-08 12:21:31,460 - DEBUG - 多样性指标: 0.0988
2025-04-08 12:21:31,460 - DEBUG - 自适应学习率: 0.8448
2025-04-08 12:21:32,260 - DEBUG - 
更新概率模型:
2025-04-08 12:21:32,260 - DEBUG - 多样性指标: 0.0877
2025-04-08 12:21:32,260 - DEBUG - 自适应学习率: 0.8401
2025-04-08 12:21:33,065 - DEBUG - 
更新概率模型:
2025-04-08 12:21:33,065 - DEBUG - 多样性指标: 0.0910
2025-04-08 12:21:33,065 - DEBUG - 自适应学习率: 0.8415
2025-04-08 12:21:33,893 - DEBUG - 
更新概率模型:
2025-04-08 12:21:33,894 - DEBUG - 多样性指标: 0.0889
2025-04-08 12:21:33,894 - DEBUG - 自适应学习率: 0.8371
2025-04-08 12:21:34,664 - DEBUG - 
更新概率模型:
2025-04-08 12:21:34,664 - DEBUG - 多样性指标: 0.0858
2025-04-08 12:21:34,664 - DEBUG - 自适应学习率: 0.8408
2025-04-08 12:21:35,478 - DEBUG - 
更新概率模型:
2025-04-08 12:21:35,478 - DEBUG - 多样性指标: 0.0984
2025-04-08 12:21:35,478 - DEBUG - 自适应学习率: 0.8415
2025-04-08 12:21:36,253 - DEBUG - 
更新概率模型:
2025-04-08 12:21:36,253 - DEBUG - 多样性指标: 0.0925
2025-04-08 12:21:36,253 - DEBUG - 自适应学习率: 0.8430
2025-04-08 12:21:37,056 - DEBUG - 
更新概率模型:
2025-04-08 12:21:37,056 - DEBUG - 多样性指标: 0.0860
2025-04-08 12:21:37,056 - DEBUG - 自适应学习率: 0.8356
2025-04-08 12:21:37,829 - DEBUG - 
更新概率模型:
2025-04-08 12:21:37,829 - DEBUG - 多样性指标: 0.0829
2025-04-08 12:21:37,829 - DEBUG - 自适应学习率: 0.8387
2025-04-08 12:21:38,633 - DEBUG - 
更新概率模型:
2025-04-08 12:21:38,633 - DEBUG - 多样性指标: 0.0759
2025-04-08 12:21:38,633 - DEBUG - 自适应学习率: 0.8338
2025-04-08 12:21:39,437 - DEBUG - 
更新概率模型:
2025-04-08 12:21:39,437 - DEBUG - 多样性指标: 0.0782
2025-04-08 12:21:39,437 - DEBUG - 自适应学习率: 0.8361
2025-04-08 12:21:40,239 - DEBUG - 
更新概率模型:
2025-04-08 12:21:40,239 - DEBUG - 多样性指标: 0.0797
2025-04-08 12:21:40,239 - DEBUG - 自适应学习率: 0.8351
2025-04-08 12:21:41,047 - DEBUG - 
更新概率模型:
2025-04-08 12:21:41,047 - DEBUG - 多样性指标: 0.0925
2025-04-08 12:21:41,047 - DEBUG - 自适应学习率: 0.8418
2025-04-08 12:21:41,835 - DEBUG - 
更新概率模型:
2025-04-08 12:21:41,835 - DEBUG - 多样性指标: 0.0978
2025-04-08 12:21:41,835 - DEBUG - 自适应学习率: 0.8414
2025-04-08 12:21:42,635 - DEBUG - 
更新概率模型:
2025-04-08 12:21:42,635 - DEBUG - 多样性指标: 0.1024
2025-04-08 12:21:42,635 - DEBUG - 自适应学习率: 0.8458
2025-04-08 12:21:43,446 - DEBUG - 
更新概率模型:
2025-04-08 12:21:43,446 - DEBUG - 多样性指标: 0.1002
2025-04-08 12:21:43,446 - DEBUG - 自适应学习率: 0.8475
2025-04-08 12:21:44,247 - DEBUG - 
更新概率模型:
2025-04-08 12:21:44,247 - DEBUG - 多样性指标: 0.0862
2025-04-08 12:21:44,247 - DEBUG - 自适应学习率: 0.8401
2025-04-08 12:21:45,064 - DEBUG - 
更新概率模型:
2025-04-08 12:21:45,064 - DEBUG - 多样性指标: 0.0842
2025-04-08 12:21:45,064 - DEBUG - 自适应学习率: 0.8389
2025-04-08 12:21:45,841 - DEBUG - 
更新概率模型:
2025-04-08 12:21:45,841 - DEBUG - 多样性指标: 0.1018
2025-04-08 12:21:45,841 - DEBUG - 自适应学习率: 0.8452
2025-04-08 12:21:46,621 - DEBUG - 
更新概率模型:
2025-04-08 12:21:46,621 - DEBUG - 多样性指标: 0.1075
2025-04-08 12:21:46,621 - DEBUG - 自适应学习率: 0.8497
2025-04-08 12:21:47,425 - DEBUG - 
更新概率模型:
2025-04-08 12:21:47,425 - DEBUG - 多样性指标: 0.0831
2025-04-08 12:21:47,425 - DEBUG - 自适应学习率: 0.8370
2025-04-08 12:21:48,212 - DEBUG - 
更新概率模型:
2025-04-08 12:21:48,212 - DEBUG - 多样性指标: 0.0904
2025-04-08 12:21:48,212 - DEBUG - 自适应学习率: 0.8412
2025-04-08 12:21:48,979 - DEBUG - 
更新概率模型:
2025-04-08 12:21:48,979 - DEBUG - 多样性指标: 0.1046
2025-04-08 12:21:48,979 - DEBUG - 自适应学习率: 0.8450
2025-04-08 12:21:49,781 - DEBUG - 
更新概率模型:
2025-04-08 12:21:49,781 - DEBUG - 多样性指标: 0.0894
2025-04-08 12:21:49,781 - DEBUG - 自适应学习率: 0.8396
2025-04-08 12:21:50,586 - DEBUG - 
更新概率模型:
2025-04-08 12:21:50,586 - DEBUG - 多样性指标: 0.1035
2025-04-08 12:21:50,586 - DEBUG - 自适应学习率: 0.8482
2025-04-08 12:21:51,377 - DEBUG - 
更新概率模型:
2025-04-08 12:21:51,377 - DEBUG - 多样性指标: 0.0818
2025-04-08 12:21:51,377 - DEBUG - 自适应学习率: 0.8381
2025-04-08 12:21:52,195 - DEBUG - 
更新概率模型:
2025-04-08 12:21:52,195 - DEBUG - 多样性指标: 0.0948
2025-04-08 12:21:52,195 - DEBUG - 自适应学习率: 0.8409
2025-04-08 12:21:52,984 - DEBUG - 
更新概率模型:
2025-04-08 12:21:52,984 - DEBUG - 多样性指标: 0.0899
2025-04-08 12:21:52,984 - DEBUG - 自适应学习率: 0.8415
2025-04-08 12:21:53,793 - DEBUG - 
更新概率模型:
2025-04-08 12:21:53,793 - DEBUG - 多样性指标: 0.1036
2025-04-08 12:21:53,793 - DEBUG - 自适应学习率: 0.8462
2025-04-08 12:21:54,601 - DEBUG - 
更新概率模型:
2025-04-08 12:21:54,601 - DEBUG - 多样性指标: 0.0982
2025-04-08 12:21:54,601 - DEBUG - 自适应学习率: 0.8457
2025-04-08 12:21:55,397 - DEBUG - 
更新概率模型:
2025-04-08 12:21:55,397 - DEBUG - 多样性指标: 0.0987
2025-04-08 12:21:55,397 - DEBUG - 自适应学习率: 0.8445
2025-04-08 12:21:56,155 - DEBUG - 
更新概率模型:
2025-04-08 12:21:56,156 - DEBUG - 多样性指标: 0.1176
2025-04-08 12:21:56,156 - DEBUG - 自适应学习率: 0.8562
2025-04-08 12:21:56,952 - DEBUG - 
更新概率模型:
2025-04-08 12:21:56,952 - DEBUG - 多样性指标: 0.0762
2025-04-08 12:21:56,952 - DEBUG - 自适应学习率: 0.8366
2025-04-08 12:21:57,769 - DEBUG - 
更新概率模型:
2025-04-08 12:21:57,769 - DEBUG - 多样性指标: 0.0768
2025-04-08 12:21:57,769 - DEBUG - 自适应学习率: 0.8343
2025-04-08 12:21:58,558 - DEBUG - 
更新概率模型:
2025-04-08 12:21:58,558 - DEBUG - 多样性指标: 0.0904
2025-04-08 12:21:58,558 - DEBUG - 自适应学习率: 0.8418
2025-04-08 12:21:59,370 - DEBUG - 
更新概率模型:
2025-04-08 12:21:59,370 - DEBUG - 多样性指标: 0.0833
2025-04-08 12:21:59,370 - DEBUG - 自适应学习率: 0.8384
2025-04-08 12:22:00,179 - DEBUG - 
更新概率模型:
2025-04-08 12:22:00,179 - DEBUG - 多样性指标: 0.0967
2025-04-08 12:22:00,179 - DEBUG - 自适应学习率: 0.8433
2025-04-08 12:22:00,990 - DEBUG - 
更新概率模型:
2025-04-08 12:22:00,990 - DEBUG - 多样性指标: 0.0988
2025-04-08 12:22:00,990 - DEBUG - 自适应学习率: 0.8431
2025-04-08 12:22:01,788 - DEBUG - 
更新概率模型:
2025-04-08 12:22:01,788 - DEBUG - 多样性指标: 0.0950
2025-04-08 12:22:01,788 - DEBUG - 自适应学习率: 0.8423
2025-04-08 12:22:02,609 - DEBUG - 
更新概率模型:
2025-04-08 12:22:02,609 - DEBUG - 多样性指标: 0.0871
2025-04-08 12:22:02,609 - DEBUG - 自适应学习率: 0.8389
2025-04-08 12:22:03,395 - DEBUG - 
更新概率模型:
2025-04-08 12:22:03,395 - DEBUG - 多样性指标: 0.1041
2025-04-08 12:22:03,395 - DEBUG - 自适应学习率: 0.8454
2025-04-08 12:22:04,185 - DEBUG - 
更新概率模型:
2025-04-08 12:22:04,185 - DEBUG - 多样性指标: 0.0976
2025-04-08 12:22:04,185 - DEBUG - 自适应学习率: 0.8447
2025-04-08 12:22:04,987 - DEBUG - 
更新概率模型:
2025-04-08 12:22:04,987 - DEBUG - 多样性指标: 0.1173
2025-04-08 12:22:04,987 - DEBUG - 自适应学习率: 0.8509
2025-04-08 12:22:05,779 - DEBUG - 
更新概率模型:
2025-04-08 12:22:05,779 - DEBUG - 多样性指标: 0.1058
2025-04-08 12:22:05,779 - DEBUG - 自适应学习率: 0.8505
2025-04-08 12:22:06,588 - DEBUG - 
更新概率模型:
2025-04-08 12:22:06,588 - DEBUG - 多样性指标: 0.0891
2025-04-08 12:22:06,589 - DEBUG - 自适应学习率: 0.8409
2025-04-08 12:22:07,354 - DEBUG - 
更新概率模型:
2025-04-08 12:22:07,354 - DEBUG - 多样性指标: 0.0901
2025-04-08 12:22:07,354 - DEBUG - 自适应学习率: 0.8399
2025-04-08 12:22:08,176 - DEBUG - 
更新概率模型:
2025-04-08 12:22:08,176 - DEBUG - 多样性指标: 0.1049
2025-04-08 12:22:08,176 - DEBUG - 自适应学习率: 0.8468
2025-04-08 12:22:08,964 - DEBUG - 
更新概率模型:
2025-04-08 12:22:08,964 - DEBUG - 多样性指标: 0.0931
2025-04-08 12:22:08,964 - DEBUG - 自适应学习率: 0.8411
2025-04-08 12:22:09,750 - DEBUG - 
更新概率模型:
2025-04-08 12:22:09,750 - DEBUG - 多样性指标: 0.1016
2025-04-08 12:22:09,750 - DEBUG - 自适应学习率: 0.8453
2025-04-08 12:22:10,547 - DEBUG - 
更新概率模型:
2025-04-08 12:22:10,547 - DEBUG - 多样性指标: 0.0942
2025-04-08 12:22:10,547 - DEBUG - 自适应学习率: 0.8418
2025-04-08 12:22:11,354 - DEBUG - 
更新概率模型:
2025-04-08 12:22:11,354 - DEBUG - 多样性指标: 0.1106
2025-04-08 12:22:11,354 - DEBUG - 自适应学习率: 0.8514
2025-04-08 12:22:12,140 - DEBUG - 
更新概率模型:
2025-04-08 12:22:12,140 - DEBUG - 多样性指标: 0.0923
2025-04-08 12:22:12,140 - DEBUG - 自适应学习率: 0.8429
2025-04-08 12:22:12,945 - DEBUG - 
更新概率模型:
2025-04-08 12:22:12,945 - DEBUG - 多样性指标: 0.0792
2025-04-08 12:22:12,945 - DEBUG - 自适应学习率: 0.8365
2025-04-08 12:22:13,757 - DEBUG - 
更新概率模型:
2025-04-08 12:22:13,757 - DEBUG - 多样性指标: 0.0818
2025-04-08 12:22:13,757 - DEBUG - 自适应学习率: 0.8374
2025-04-08 12:22:14,533 - DEBUG - 
更新概率模型:
2025-04-08 12:22:14,533 - DEBUG - 多样性指标: 0.0731
2025-04-08 12:22:14,533 - DEBUG - 自适应学习率: 0.8320
2025-04-08 12:22:15,331 - DEBUG - 
更新概率模型:
2025-04-08 12:22:15,331 - DEBUG - 多样性指标: 0.0869
2025-04-08 12:22:15,331 - DEBUG - 自适应学习率: 0.8362
2025-04-08 12:22:16,127 - DEBUG - 
更新概率模型:
2025-04-08 12:22:16,127 - DEBUG - 多样性指标: 0.0710
2025-04-08 12:22:16,127 - DEBUG - 自适应学习率: 0.8309
2025-04-08 12:22:16,932 - DEBUG - 
更新概率模型:
2025-04-08 12:22:16,932 - DEBUG - 多样性指标: 0.0875
2025-04-08 12:22:16,932 - DEBUG - 自适应学习率: 0.8387
2025-04-08 12:22:17,716 - DEBUG - 
更新概率模型:
2025-04-08 12:22:17,716 - DEBUG - 多样性指标: 0.0962
2025-04-08 12:22:17,716 - DEBUG - 自适应学习率: 0.8431
2025-04-08 12:22:18,516 - DEBUG - 
更新概率模型:
2025-04-08 12:22:18,516 - DEBUG - 多样性指标: 0.0959
2025-04-08 12:22:18,516 - DEBUG - 自适应学习率: 0.8435
2025-04-08 12:22:19,309 - DEBUG - 
更新概率模型:
2025-04-08 12:22:19,309 - DEBUG - 多样性指标: 0.0872
2025-04-08 12:22:19,309 - DEBUG - 自适应学习率: 0.8397
2025-04-08 12:22:20,075 - DEBUG - 
更新概率模型:
2025-04-08 12:22:20,075 - DEBUG - 多样性指标: 0.0992
2025-04-08 12:22:20,075 - DEBUG - 自适应学习率: 0.8458
2025-04-08 12:22:20,849 - DEBUG - 
更新概率模型:
2025-04-08 12:22:20,849 - DEBUG - 多样性指标: 0.0856
2025-04-08 12:22:20,849 - DEBUG - 自适应学习率: 0.8395
2025-04-08 12:22:21,652 - DEBUG - 
更新概率模型:
2025-04-08 12:22:21,652 - DEBUG - 多样性指标: 0.0956
2025-04-08 12:22:21,652 - DEBUG - 自适应学习率: 0.8431
2025-04-08 12:22:22,480 - DEBUG - 
更新概率模型:
2025-04-08 12:22:22,480 - DEBUG - 多样性指标: 0.0898
2025-04-08 12:22:22,480 - DEBUG - 自适应学习率: 0.8393
2025-04-08 12:22:23,281 - DEBUG - 
更新概率模型:
2025-04-08 12:22:23,281 - DEBUG - 多样性指标: 0.0845
2025-04-08 12:22:23,281 - DEBUG - 自适应学习率: 0.8384
2025-04-08 12:22:24,108 - DEBUG - 
更新概率模型:
2025-04-08 12:22:24,108 - DEBUG - 多样性指标: 0.0862
2025-04-08 12:22:24,108 - DEBUG - 自适应学习率: 0.8393
2025-04-08 12:22:24,898 - DEBUG - 
更新概率模型:
2025-04-08 12:22:24,898 - DEBUG - 多样性指标: 0.1000
2025-04-08 12:22:24,898 - DEBUG - 自适应学习率: 0.8454
2025-04-08 12:22:25,676 - DEBUG - 
更新概率模型:
2025-04-08 12:22:25,676 - DEBUG - 多样性指标: 0.1114
2025-04-08 12:22:25,676 - DEBUG - 自适应学习率: 0.8530
2025-04-08 12:22:26,479 - DEBUG - 
更新概率模型:
2025-04-08 12:22:26,479 - DEBUG - 多样性指标: 0.0968
2025-04-08 12:22:26,479 - DEBUG - 自适应学习率: 0.8428
2025-04-08 12:22:27,270 - DEBUG - 
更新概率模型:
2025-04-08 12:22:27,270 - DEBUG - 多样性指标: 0.1127
2025-04-08 12:22:27,270 - DEBUG - 自适应学习率: 0.8475
2025-04-08 12:22:28,051 - DEBUG - 
更新概率模型:
2025-04-08 12:22:28,051 - DEBUG - 多样性指标: 0.1046
2025-04-08 12:22:28,051 - DEBUG - 自适应学习率: 0.8444
2025-04-08 12:22:28,830 - DEBUG - 
更新概率模型:
2025-04-08 12:22:28,830 - DEBUG - 多样性指标: 0.0833
2025-04-08 12:22:28,830 - DEBUG - 自适应学习率: 0.8378
2025-04-08 12:22:29,634 - DEBUG - 
更新概率模型:
2025-04-08 12:22:29,634 - DEBUG - 多样性指标: 0.0996
2025-04-08 12:22:29,634 - DEBUG - 自适应学习率: 0.8444
2025-04-08 12:22:30,418 - DEBUG - 
更新概率模型:
2025-04-08 12:22:30,418 - DEBUG - 多样性指标: 0.0773
2025-04-08 12:22:30,418 - DEBUG - 自适应学习率: 0.8362
2025-04-08 12:22:31,224 - DEBUG - 
更新概率模型:
2025-04-08 12:22:31,224 - DEBUG - 多样性指标: 0.0926
2025-04-08 12:22:31,224 - DEBUG - 自适应学习率: 0.8418
2025-04-08 12:22:32,022 - DEBUG - 
更新概率模型:
2025-04-08 12:22:32,022 - DEBUG - 多样性指标: 0.1217
2025-04-08 12:22:32,022 - DEBUG - 自适应学习率: 0.8524
2025-04-08 12:22:32,839 - DEBUG - 
更新概率模型:
2025-04-08 12:22:32,839 - DEBUG - 多样性指标: 0.0866
2025-04-08 12:22:32,839 - DEBUG - 自适应学习率: 0.8394
2025-04-08 12:22:33,640 - DEBUG - 
更新概率模型:
2025-04-08 12:22:33,640 - DEBUG - 多样性指标: 0.0978
2025-04-08 12:22:33,640 - DEBUG - 自适应学习率: 0.8417
2025-04-08 12:22:34,429 - DEBUG - 
更新概率模型:
2025-04-08 12:22:34,429 - DEBUG - 多样性指标: 0.1072
2025-04-08 12:22:34,429 - DEBUG - 自适应学习率: 0.8481
2025-04-08 12:22:35,221 - DEBUG - 
更新概率模型:
2025-04-08 12:22:35,221 - DEBUG - 多样性指标: 0.0872
2025-04-08 12:22:35,221 - DEBUG - 自适应学习率: 0.8405
2025-04-08 12:22:36,070 - DEBUG - 
更新概率模型:
2025-04-08 12:22:36,070 - DEBUG - 多样性指标: 0.0841
2025-04-08 12:22:36,070 - DEBUG - 自适应学习率: 0.8401
2025-04-08 12:22:36,879 - DEBUG - 
更新概率模型:
2025-04-08 12:22:36,879 - DEBUG - 多样性指标: 0.1157
2025-04-08 12:22:36,879 - DEBUG - 自适应学习率: 0.8530
2025-04-08 12:22:37,691 - DEBUG - 
更新概率模型:
2025-04-08 12:22:37,691 - DEBUG - 多样性指标: 0.0789
2025-04-08 12:22:37,691 - DEBUG - 自适应学习率: 0.8350
2025-04-08 12:22:38,514 - DEBUG - 
更新概率模型:
2025-04-08 12:22:38,514 - DEBUG - 多样性指标: 0.1014
2025-04-08 12:22:38,514 - DEBUG - 自适应学习率: 0.8415
2025-04-08 12:22:39,348 - DEBUG - 
更新概率模型:
2025-04-08 12:22:39,348 - DEBUG - 多样性指标: 0.1087
2025-04-08 12:22:39,348 - DEBUG - 自适应学习率: 0.8476
2025-04-08 12:22:40,134 - DEBUG - 
更新概率模型:
2025-04-08 12:22:40,135 - DEBUG - 多样性指标: 0.0778
2025-04-08 12:22:40,135 - DEBUG - 自适应学习率: 0.8338
2025-04-08 12:22:40,947 - DEBUG - 
更新概率模型:
2025-04-08 12:22:40,947 - DEBUG - 多样性指标: 0.0863
2025-04-08 12:22:40,947 - DEBUG - 自适应学习率: 0.8372
2025-04-08 12:22:41,750 - DEBUG - 
更新概率模型:
2025-04-08 12:22:41,750 - DEBUG - 多样性指标: 0.0972
2025-04-08 12:22:41,750 - DEBUG - 自适应学习率: 0.8480
2025-04-08 12:22:42,567 - DEBUG - 
更新概率模型:
2025-04-08 12:22:42,567 - DEBUG - 多样性指标: 0.0813
2025-04-08 12:22:42,567 - DEBUG - 自适应学习率: 0.8359
2025-04-08 12:22:43,361 - DEBUG - 
更新概率模型:
2025-04-08 12:22:43,361 - DEBUG - 多样性指标: 0.0960
2025-04-08 12:22:43,361 - DEBUG - 自适应学习率: 0.8445
2025-04-08 12:22:44,147 - DEBUG - 
更新概率模型:
2025-04-08 12:22:44,147 - DEBUG - 多样性指标: 0.1156
2025-04-08 12:22:44,147 - DEBUG - 自适应学习率: 0.8523
2025-04-08 12:22:44,945 - DEBUG - 
更新概率模型:
2025-04-08 12:22:44,945 - DEBUG - 多样性指标: 0.0707
2025-04-08 12:22:44,945 - DEBUG - 自适应学习率: 0.8320
2025-04-08 12:22:45,756 - DEBUG - 
更新概率模型:
2025-04-08 12:22:45,756 - DEBUG - 多样性指标: 0.1027
2025-04-08 12:22:45,756 - DEBUG - 自适应学习率: 0.8471
2025-04-08 12:22:46,547 - DEBUG - 
更新概率模型:
2025-04-08 12:22:46,547 - DEBUG - 多样性指标: 0.0888
2025-04-08 12:22:46,547 - DEBUG - 自适应学习率: 0.8418
2025-04-08 12:22:47,315 - DEBUG - 
更新概率模型:
2025-04-08 12:22:47,315 - DEBUG - 多样性指标: 0.1017
2025-04-08 12:22:47,315 - DEBUG - 自适应学习率: 0.8457
2025-04-08 12:22:48,103 - DEBUG - 
更新概率模型:
2025-04-08 12:22:48,104 - DEBUG - 多样性指标: 0.1105
2025-04-08 12:22:48,104 - DEBUG - 自适应学习率: 0.8501
2025-04-08 12:22:48,894 - DEBUG - 
更新概率模型:
2025-04-08 12:22:48,894 - DEBUG - 多样性指标: 0.0984
2025-04-08 12:22:48,894 - DEBUG - 自适应学习率: 0.8453
2025-04-08 12:22:49,664 - DEBUG - 
更新概率模型:
2025-04-08 12:22:49,664 - DEBUG - 多样性指标: 0.1285
2025-04-08 12:22:49,664 - DEBUG - 自适应学习率: 0.8576
2025-04-08 12:22:50,431 - DEBUG - 
更新概率模型:
2025-04-08 12:22:50,431 - DEBUG - 多样性指标: 0.1084
2025-04-08 12:22:50,431 - DEBUG - 自适应学习率: 0.8484
2025-04-08 12:22:51,212 - DEBUG - 
更新概率模型:
2025-04-08 12:22:51,212 - DEBUG - 多样性指标: 0.1159
2025-04-08 12:22:51,212 - DEBUG - 自适应学习率: 0.8515
2025-04-08 12:22:52,025 - DEBUG - 
更新概率模型:
2025-04-08 12:22:52,025 - DEBUG - 多样性指标: 0.0882
2025-04-08 12:22:52,025 - DEBUG - 自适应学习率: 0.8405
2025-04-08 12:22:52,834 - DEBUG - 
更新概率模型:
2025-04-08 12:22:52,835 - DEBUG - 多样性指标: 0.0827
2025-04-08 12:22:52,835 - DEBUG - 自适应学习率: 0.8364
2025-04-08 12:22:53,612 - DEBUG - 
更新概率模型:
2025-04-08 12:22:53,612 - DEBUG - 多样性指标: 0.0879
2025-04-08 12:22:53,614 - DEBUG - 自适应学习率: 0.8398
2025-04-08 12:22:54,425 - DEBUG - 
更新概率模型:
2025-04-08 12:22:54,425 - DEBUG - 多样性指标: 0.0798
2025-04-08 12:22:54,425 - DEBUG - 自适应学习率: 0.8365
2025-04-08 12:22:55,205 - DEBUG - 
更新概率模型:
2025-04-08 12:22:55,205 - DEBUG - 多样性指标: 0.0925
2025-04-08 12:22:55,205 - DEBUG - 自适应学习率: 0.8430
2025-04-08 12:22:55,983 - DEBUG - 
更新概率模型:
2025-04-08 12:22:55,983 - DEBUG - 多样性指标: 0.0979
2025-04-08 12:22:55,983 - DEBUG - 自适应学习率: 0.8412
2025-04-08 12:22:56,777 - DEBUG - 
更新概率模型:
2025-04-08 12:22:56,777 - DEBUG - 多样性指标: 0.0969
2025-04-08 12:22:56,777 - DEBUG - 自适应学习率: 0.8429
2025-04-08 12:22:57,577 - DEBUG - 
更新概率模型:
2025-04-08 12:22:57,577 - DEBUG - 多样性指标: 0.0819
2025-04-08 12:22:57,577 - DEBUG - 自适应学习率: 0.8403
2025-04-08 12:22:58,393 - DEBUG - 
更新概率模型:
2025-04-08 12:22:58,393 - DEBUG - 多样性指标: 0.1034
2025-04-08 12:22:58,393 - DEBUG - 自适应学习率: 0.8474
2025-04-08 12:22:59,215 - DEBUG - 
更新概率模型:
2025-04-08 12:22:59,215 - DEBUG - 多样性指标: 0.0742
2025-04-08 12:22:59,215 - DEBUG - 自适应学习率: 0.8352
2025-04-08 12:23:00,016 - DEBUG - 
更新概率模型:
2025-04-08 12:23:00,016 - DEBUG - 多样性指标: 0.0856
2025-04-08 12:23:00,016 - DEBUG - 自适应学习率: 0.8373
2025-04-08 12:23:00,821 - DEBUG - 
更新概率模型:
2025-04-08 12:23:00,821 - DEBUG - 多样性指标: 0.0953
2025-04-08 12:23:00,821 - DEBUG - 自适应学习率: 0.8433
2025-04-08 12:23:01,618 - DEBUG - 
更新概率模型:
2025-04-08 12:23:01,618 - DEBUG - 多样性指标: 0.1100
2025-04-08 12:23:01,618 - DEBUG - 自适应学习率: 0.8494
2025-04-08 12:23:02,397 - DEBUG - 
更新概率模型:
2025-04-08 12:23:02,399 - DEBUG - 多样性指标: 0.0820
2025-04-08 12:23:02,399 - DEBUG - 自适应学习率: 0.8360
2025-04-08 12:23:03,202 - DEBUG - 
更新概率模型:
2025-04-08 12:23:03,202 - DEBUG - 多样性指标: 0.1051
2025-04-08 12:23:03,202 - DEBUG - 自适应学习率: 0.8450
2025-04-08 12:23:03,982 - DEBUG - 
更新概率模型:
2025-04-08 12:23:03,982 - DEBUG - 多样性指标: 0.1063
2025-04-08 12:23:03,982 - DEBUG - 自适应学习率: 0.8484
2025-04-08 12:23:04,783 - DEBUG - 
更新概率模型:
2025-04-08 12:23:04,783 - DEBUG - 多样性指标: 0.1197
2025-04-08 12:23:04,783 - DEBUG - 自适应学习率: 0.8496
2025-04-08 12:23:05,584 - DEBUG - 
更新概率模型:
2025-04-08 12:23:05,584 - DEBUG - 多样性指标: 0.0934
2025-04-08 12:23:05,584 - DEBUG - 自适应学习率: 0.8430
2025-04-08 12:23:06,387 - DEBUG - 
更新概率模型:
2025-04-08 12:23:06,387 - DEBUG - 多样性指标: 0.1024
2025-04-08 12:23:06,387 - DEBUG - 自适应学习率: 0.8460
2025-04-08 12:23:07,171 - DEBUG - 
更新概率模型:
2025-04-08 12:23:07,171 - DEBUG - 多样性指标: 0.0931
2025-04-08 12:23:07,171 - DEBUG - 自适应学习率: 0.8414
2025-04-08 12:23:07,978 - DEBUG - 
更新概率模型:
2025-04-08 12:23:07,978 - DEBUG - 多样性指标: 0.0862
2025-04-08 12:23:07,978 - DEBUG - 自适应学习率: 0.8388
2025-04-08 12:23:08,760 - DEBUG - 
更新概率模型:
2025-04-08 12:23:08,760 - DEBUG - 多样性指标: 0.1027
2025-04-08 12:23:08,760 - DEBUG - 自适应学习率: 0.8467
2025-04-08 12:23:09,576 - DEBUG - 
更新概率模型:
2025-04-08 12:23:09,576 - DEBUG - 多样性指标: 0.0974
2025-04-08 12:23:09,576 - DEBUG - 自适应学习率: 0.8415
2025-04-08 12:23:10,379 - DEBUG - 
更新概率模型:
2025-04-08 12:23:10,379 - DEBUG - 多样性指标: 0.1101
2025-04-08 12:23:10,379 - DEBUG - 自适应学习率: 0.8485
2025-04-08 12:23:11,163 - DEBUG - 
更新概率模型:
2025-04-08 12:23:11,163 - DEBUG - 多样性指标: 0.0902
2025-04-08 12:23:11,163 - DEBUG - 自适应学习率: 0.8423
2025-04-08 12:23:11,979 - DEBUG - 
更新概率模型:
2025-04-08 12:23:11,979 - DEBUG - 多样性指标: 0.0827
2025-04-08 12:23:11,979 - DEBUG - 自适应学习率: 0.8384
2025-04-08 12:23:12,783 - DEBUG - 
更新概率模型:
2025-04-08 12:23:12,783 - DEBUG - 多样性指标: 0.1043
2025-04-08 12:23:12,783 - DEBUG - 自适应学习率: 0.8486
2025-04-08 12:23:13,587 - DEBUG - 
更新概率模型:
2025-04-08 12:23:13,587 - DEBUG - 多样性指标: 0.1277
2025-04-08 12:23:13,587 - DEBUG - 自适应学习率: 0.8560
2025-04-08 12:23:14,383 - DEBUG - 
更新概率模型:
2025-04-08 12:23:14,384 - DEBUG - 多样性指标: 0.0984
2025-04-08 12:23:14,384 - DEBUG - 自适应学习率: 0.8463
2025-04-08 12:23:15,178 - DEBUG - 
更新概率模型:
2025-04-08 12:23:15,178 - DEBUG - 多样性指标: 0.0988
2025-04-08 12:23:15,178 - DEBUG - 自适应学习率: 0.8463
2025-04-08 12:23:15,971 - DEBUG - 
更新概率模型:
2025-04-08 12:23:15,971 - DEBUG - 多样性指标: 0.0987
2025-04-08 12:23:15,971 - DEBUG - 自适应学习率: 0.8436
2025-04-08 12:23:16,781 - DEBUG - 
更新概率模型:
2025-04-08 12:23:16,781 - DEBUG - 多样性指标: 0.0977
2025-04-08 12:23:16,781 - DEBUG - 自适应学习率: 0.8422
2025-04-08 12:23:17,589 - DEBUG - 
更新概率模型:
2025-04-08 12:23:17,589 - DEBUG - 多样性指标: 0.0879
2025-04-08 12:23:17,589 - DEBUG - 自适应学习率: 0.8391
2025-04-08 12:23:18,388 - DEBUG - 
更新概率模型:
2025-04-08 12:23:18,388 - DEBUG - 多样性指标: 0.0807
2025-04-08 12:23:18,388 - DEBUG - 自适应学习率: 0.8374
2025-04-08 12:23:19,190 - DEBUG - 
更新概率模型:
2025-04-08 12:23:19,190 - DEBUG - 多样性指标: 0.1073
2025-04-08 12:23:19,190 - DEBUG - 自适应学习率: 0.8484
2025-04-08 12:23:19,994 - DEBUG - 
更新概率模型:
2025-04-08 12:23:19,994 - DEBUG - 多样性指标: 0.1020
2025-04-08 12:23:19,994 - DEBUG - 自适应学习率: 0.8453
2025-04-08 12:23:20,804 - DEBUG - 
更新概率模型:
2025-04-08 12:23:20,804 - DEBUG - 多样性指标: 0.0669
2025-04-08 12:23:20,804 - DEBUG - 自适应学习率: 0.8296
2025-04-08 12:23:21,609 - DEBUG - 
更新概率模型:
2025-04-08 12:23:21,609 - DEBUG - 多样性指标: 0.0887
2025-04-08 12:23:21,609 - DEBUG - 自适应学习率: 0.8390
2025-04-08 12:23:22,399 - DEBUG - 
更新概率模型:
2025-04-08 12:23:22,399 - DEBUG - 多样性指标: 0.1101
2025-04-08 12:23:22,399 - DEBUG - 自适应学习率: 0.8517
2025-04-08 12:23:23,204 - DEBUG - 
更新概率模型:
2025-04-08 12:23:23,204 - DEBUG - 多样性指标: 0.0764
2025-04-08 12:23:23,204 - DEBUG - 自适应学习率: 0.8353
2025-04-08 12:23:24,022 - DEBUG - 
更新概率模型:
2025-04-08 12:23:24,022 - DEBUG - 多样性指标: 0.0777
2025-04-08 12:23:24,022 - DEBUG - 自适应学习率: 0.8359
2025-04-08 12:23:24,797 - DEBUG - 
更新概率模型:
2025-04-08 12:23:24,797 - DEBUG - 多样性指标: 0.1003
2025-04-08 12:23:24,797 - DEBUG - 自适应学习率: 0.8447
2025-04-08 12:23:25,591 - DEBUG - 
更新概率模型:
2025-04-08 12:23:25,591 - DEBUG - 多样性指标: 0.0873
2025-04-08 12:23:25,591 - DEBUG - 自适应学习率: 0.8396
2025-04-08 12:23:26,367 - DEBUG - 
更新概率模型:
2025-04-08 12:23:26,367 - DEBUG - 多样性指标: 0.0796
2025-04-08 12:23:26,367 - DEBUG - 自适应学习率: 0.8359
2025-04-08 12:23:27,164 - DEBUG - 
更新概率模型:
2025-04-08 12:23:27,164 - DEBUG - 多样性指标: 0.0696
2025-04-08 12:23:27,164 - DEBUG - 自适应学习率: 0.8327
2025-04-08 12:23:27,935 - DEBUG - 
更新概率模型:
2025-04-08 12:23:27,935 - DEBUG - 多样性指标: 0.1169
2025-04-08 12:23:27,935 - DEBUG - 自适应学习率: 0.8497
2025-04-08 12:23:28,720 - DEBUG - 
更新概率模型:
2025-04-08 12:23:28,720 - DEBUG - 多样性指标: 0.1053
2025-04-08 12:23:28,720 - DEBUG - 自适应学习率: 0.8476
2025-04-08 12:23:29,514 - DEBUG - 
更新概率模型:
2025-04-08 12:23:29,514 - DEBUG - 多样性指标: 0.1088
2025-04-08 12:23:29,514 - DEBUG - 自适应学习率: 0.8478
2025-04-08 12:23:30,316 - DEBUG - 
更新概率模型:
2025-04-08 12:23:30,316 - DEBUG - 多样性指标: 0.0788
2025-04-08 12:23:30,316 - DEBUG - 自适应学习率: 0.8361
2025-04-08 12:23:31,082 - DEBUG - 
更新概率模型:
2025-04-08 12:23:31,082 - DEBUG - 多样性指标: 0.0787
2025-04-08 12:23:31,082 - DEBUG - 自适应学习率: 0.8363
2025-04-08 12:23:31,887 - DEBUG - 
更新概率模型:
2025-04-08 12:23:31,887 - DEBUG - 多样性指标: 0.0913
2025-04-08 12:23:31,887 - DEBUG - 自适应学习率: 0.8410
2025-04-08 12:23:32,701 - DEBUG - 
更新概率模型:
2025-04-08 12:23:32,701 - DEBUG - 多样性指标: 0.1039
2025-04-08 12:23:32,701 - DEBUG - 自适应学习率: 0.8483
2025-04-08 12:23:33,501 - DEBUG - 
更新概率模型:
2025-04-08 12:23:33,501 - DEBUG - 多样性指标: 0.0883
2025-04-08 12:23:33,501 - DEBUG - 自适应学习率: 0.8400
2025-04-08 12:23:34,289 - DEBUG - 
更新概率模型:
2025-04-08 12:23:34,289 - DEBUG - 多样性指标: 0.1122
2025-04-08 12:23:34,289 - DEBUG - 自适应学习率: 0.8513
2025-04-08 12:23:35,084 - DEBUG - 
更新概率模型:
2025-04-08 12:23:35,084 - DEBUG - 多样性指标: 0.0897
2025-04-08 12:23:35,084 - DEBUG - 自适应学习率: 0.8384
2025-04-08 12:23:35,864 - DEBUG - 
更新概率模型:
2025-04-08 12:23:35,864 - DEBUG - 多样性指标: 0.1018
2025-04-08 12:23:35,864 - DEBUG - 自适应学习率: 0.8462
2025-04-08 12:23:36,666 - DEBUG - 
更新概率模型:
2025-04-08 12:23:36,666 - DEBUG - 多样性指标: 0.0823
2025-04-08 12:23:36,666 - DEBUG - 自适应学习率: 0.8369
2025-04-08 12:23:37,473 - DEBUG - 
更新概率模型:
2025-04-08 12:23:37,473 - DEBUG - 多样性指标: 0.0906
2025-04-08 12:23:37,473 - DEBUG - 自适应学习率: 0.8396
2025-04-08 12:23:38,245 - DEBUG - 
更新概率模型:
2025-04-08 12:23:38,245 - DEBUG - 多样性指标: 0.0918
2025-04-08 12:23:38,245 - DEBUG - 自适应学习率: 0.8423
2025-04-08 12:23:39,049 - DEBUG - 
更新概率模型:
2025-04-08 12:23:39,049 - DEBUG - 多样性指标: 0.1010
2025-04-08 12:23:39,049 - DEBUG - 自适应学习率: 0.8455
2025-04-08 12:23:39,822 - DEBUG - 
更新概率模型:
2025-04-08 12:23:39,822 - DEBUG - 多样性指标: 0.1083
2025-04-08 12:23:39,822 - DEBUG - 自适应学习率: 0.8493
2025-04-08 12:23:40,634 - DEBUG - 
更新概率模型:
2025-04-08 12:23:40,634 - DEBUG - 多样性指标: 0.0879
2025-04-08 12:23:40,634 - DEBUG - 自适应学习率: 0.8396
2025-04-08 12:23:41,427 - DEBUG - 
更新概率模型:
2025-04-08 12:23:41,427 - DEBUG - 多样性指标: 0.1018
2025-04-08 12:23:41,427 - DEBUG - 自适应学习率: 0.8459
2025-04-08 12:23:42,247 - DEBUG - 
更新概率模型:
2025-04-08 12:23:42,247 - DEBUG - 多样性指标: 0.1081
2025-04-08 12:23:42,247 - DEBUG - 自适应学习率: 0.8463
2025-04-08 12:23:43,066 - DEBUG - 
更新概率模型:
2025-04-08 12:23:43,066 - DEBUG - 多样性指标: 0.0993
2025-04-08 12:23:43,066 - DEBUG - 自适应学习率: 0.8480
2025-04-08 12:23:43,860 - DEBUG - 
更新概率模型:
2025-04-08 12:23:43,860 - DEBUG - 多样性指标: 0.0731
2025-04-08 12:23:43,860 - DEBUG - 自适应学习率: 0.8341
2025-04-08 12:23:44,668 - DEBUG - 
更新概率模型:
2025-04-08 12:23:44,668 - DEBUG - 多样性指标: 0.0951
2025-04-08 12:23:44,668 - DEBUG - 自适应学习率: 0.8423
2025-04-08 12:23:45,479 - DEBUG - 
更新概率模型:
2025-04-08 12:23:45,479 - DEBUG - 多样性指标: 0.1104
2025-04-08 12:23:45,479 - DEBUG - 自适应学习率: 0.8498
2025-04-08 12:23:46,262 - DEBUG - 
更新概率模型:
2025-04-08 12:23:46,262 - DEBUG - 多样性指标: 0.0923
2025-04-08 12:23:46,262 - DEBUG - 自适应学习率: 0.8428
2025-04-08 12:23:47,040 - DEBUG - 
更新概率模型:
2025-04-08 12:23:47,040 - DEBUG - 多样性指标: 0.1202
2025-04-08 12:23:47,040 - DEBUG - 自适应学习率: 0.8549
2025-04-08 12:23:47,847 - DEBUG - 
更新概率模型:
2025-04-08 12:23:47,847 - DEBUG - 多样性指标: 0.0817
2025-04-08 12:23:47,847 - DEBUG - 自适应学习率: 0.8368
2025-04-08 12:23:48,643 - DEBUG - 
更新概率模型:
2025-04-08 12:23:48,643 - DEBUG - 多样性指标: 0.0882
2025-04-08 12:23:48,643 - DEBUG - 自适应学习率: 0.8402
2025-04-08 12:23:49,431 - DEBUG - 
更新概率模型:
2025-04-08 12:23:49,431 - DEBUG - 多样性指标: 0.1107
2025-04-08 12:23:49,431 - DEBUG - 自适应学习率: 0.8521
2025-04-08 12:23:50,199 - DEBUG - 
更新概率模型:
2025-04-08 12:23:50,199 - DEBUG - 多样性指标: 0.1240
2025-04-08 12:23:50,199 - DEBUG - 自适应学习率: 0.8570
2025-04-08 12:23:50,973 - DEBUG - 
更新概率模型:
2025-04-08 12:23:50,973 - DEBUG - 多样性指标: 0.0958
2025-04-08 12:23:50,973 - DEBUG - 自适应学习率: 0.8443
2025-04-08 12:23:51,742 - DEBUG - 
更新概率模型:
2025-04-08 12:23:51,742 - DEBUG - 多样性指标: 0.0853
2025-04-08 12:23:51,742 - DEBUG - 自适应学习率: 0.8399
2025-04-08 12:23:52,542 - DEBUG - 
更新概率模型:
2025-04-08 12:23:52,542 - DEBUG - 多样性指标: 0.1028
2025-04-08 12:23:52,542 - DEBUG - 自适应学习率: 0.8473
2025-04-08 12:23:53,310 - DEBUG - 
更新概率模型:
2025-04-08 12:23:53,310 - DEBUG - 多样性指标: 0.0894
2025-04-08 12:23:53,310 - DEBUG - 自适应学习率: 0.8415
2025-04-08 12:23:54,115 - DEBUG - 
更新概率模型:
2025-04-08 12:23:54,115 - DEBUG - 多样性指标: 0.1032
2025-04-08 12:23:54,115 - DEBUG - 自适应学习率: 0.8434
2025-04-08 12:23:54,925 - DEBUG - 
更新概率模型:
2025-04-08 12:23:54,925 - DEBUG - 多样性指标: 0.0963
2025-04-08 12:23:54,925 - DEBUG - 自适应学习率: 0.8446
2025-04-08 12:23:55,727 - DEBUG - 
更新概率模型:
2025-04-08 12:23:55,727 - DEBUG - 多样性指标: 0.1109
2025-04-08 12:23:55,727 - DEBUG - 自适应学习率: 0.8528
2025-04-08 12:23:56,497 - DEBUG - 
更新概率模型:
2025-04-08 12:23:56,497 - DEBUG - 多样性指标: 0.0948
2025-04-08 12:23:56,497 - DEBUG - 自适应学习率: 0.8419
2025-04-08 12:23:57,274 - DEBUG - 
更新概率模型:
2025-04-08 12:23:57,274 - DEBUG - 多样性指标: 0.0909
2025-04-08 12:23:57,274 - DEBUG - 自适应学习率: 0.8414
2025-04-08 12:23:58,061 - DEBUG - 
更新概率模型:
2025-04-08 12:23:58,061 - DEBUG - 多样性指标: 0.0949
2025-04-08 12:23:58,061 - DEBUG - 自适应学习率: 0.8439
2025-04-08 12:23:58,851 - DEBUG - 
更新概率模型:
2025-04-08 12:23:58,851 - DEBUG - 多样性指标: 0.0995
2025-04-08 12:23:58,851 - DEBUG - 自适应学习率: 0.8443
2025-04-08 12:23:59,655 - DEBUG - 
更新概率模型:
2025-04-08 12:23:59,655 - DEBUG - 多样性指标: 0.0955
2025-04-08 12:23:59,655 - DEBUG - 自适应学习率: 0.8437
2025-04-08 12:24:00,484 - DEBUG - 
更新概率模型:
2025-04-08 12:24:00,484 - DEBUG - 多样性指标: 0.0984
2025-04-08 12:24:00,484 - DEBUG - 自适应学习率: 0.8451
2025-04-08 12:24:01,279 - DEBUG - 
更新概率模型:
2025-04-08 12:24:01,279 - DEBUG - 多样性指标: 0.1037
2025-04-08 12:24:01,280 - DEBUG - 自适应学习率: 0.8502
2025-04-08 12:24:02,080 - DEBUG - 
更新概率模型:
2025-04-08 12:24:02,080 - DEBUG - 多样性指标: 0.0836
2025-04-08 12:24:02,080 - DEBUG - 自适应学习率: 0.8384
2025-04-08 12:24:02,848 - DEBUG - 
更新概率模型:
2025-04-08 12:24:02,848 - DEBUG - 多样性指标: 0.1016
2025-04-08 12:24:02,848 - DEBUG - 自适应学习率: 0.8439
2025-04-08 12:24:03,652 - DEBUG - 
更新概率模型:
2025-04-08 12:24:03,652 - DEBUG - 多样性指标: 0.0801
2025-04-08 12:24:03,652 - DEBUG - 自适应学习率: 0.8371
2025-04-08 12:24:04,466 - DEBUG - 
更新概率模型:
2025-04-08 12:24:04,466 - DEBUG - 多样性指标: 0.0924
2025-04-08 12:24:04,466 - DEBUG - 自适应学习率: 0.8420
2025-04-08 12:24:05,270 - DEBUG - 
更新概率模型:
2025-04-08 12:24:05,270 - DEBUG - 多样性指标: 0.0887
2025-04-08 12:24:05,270 - DEBUG - 自适应学习率: 0.8404
2025-04-08 12:24:06,062 - DEBUG - 
更新概率模型:
2025-04-08 12:24:06,062 - DEBUG - 多样性指标: 0.0844
2025-04-08 12:24:06,062 - DEBUG - 自适应学习率: 0.8385
2025-04-08 12:24:06,865 - DEBUG - 
更新概率模型:
2025-04-08 12:24:06,865 - DEBUG - 多样性指标: 0.0900
2025-04-08 12:24:06,865 - DEBUG - 自适应学习率: 0.8422
2025-04-08 12:24:07,677 - DEBUG - 
更新概率模型:
2025-04-08 12:24:07,677 - DEBUG - 多样性指标: 0.0773
2025-04-08 12:24:07,677 - DEBUG - 自适应学习率: 0.8359
2025-04-08 12:24:08,491 - DEBUG - 
更新概率模型:
2025-04-08 12:24:08,491 - DEBUG - 多样性指标: 0.1021
2025-04-08 12:24:08,491 - DEBUG - 自适应学习率: 0.8464
2025-04-08 12:24:09,284 - DEBUG - 
更新概率模型:
2025-04-08 12:24:09,284 - DEBUG - 多样性指标: 0.0836
2025-04-08 12:24:09,284 - DEBUG - 自适应学习率: 0.8396
2025-04-08 12:24:10,076 - DEBUG - 
更新概率模型:
2025-04-08 12:24:10,076 - DEBUG - 多样性指标: 0.0920
2025-04-08 12:24:10,076 - DEBUG - 自适应学习率: 0.8410
2025-04-08 12:24:10,864 - DEBUG - 
更新概率模型:
2025-04-08 12:24:10,864 - DEBUG - 多样性指标: 0.0739
2025-04-08 12:24:10,864 - DEBUG - 自适应学习率: 0.8342
2025-04-08 12:24:11,662 - DEBUG - 
更新概率模型:
2025-04-08 12:24:11,662 - DEBUG - 多样性指标: 0.1042
2025-04-08 12:24:11,662 - DEBUG - 自适应学习率: 0.8462
2025-04-08 12:24:12,442 - DEBUG - 
更新概率模型:
2025-04-08 12:24:12,442 - DEBUG - 多样性指标: 0.0752
2025-04-08 12:24:12,442 - DEBUG - 自适应学习率: 0.8326
2025-04-08 12:24:13,223 - DEBUG - 
更新概率模型:
2025-04-08 12:24:13,223 - DEBUG - 多样性指标: 0.0789
2025-04-08 12:24:13,223 - DEBUG - 自适应学习率: 0.8363
2025-04-08 12:24:13,997 - DEBUG - 
更新概率模型:
2025-04-08 12:24:13,997 - DEBUG - 多样性指标: 0.1047
2025-04-08 12:24:13,997 - DEBUG - 自适应学习率: 0.8426
2025-04-08 12:24:14,787 - DEBUG - 
更新概率模型:
2025-04-08 12:24:14,787 - DEBUG - 多样性指标: 0.0914
2025-04-08 12:24:14,787 - DEBUG - 自适应学习率: 0.8409
2025-04-08 12:24:15,616 - DEBUG - 
更新概率模型:
2025-04-08 12:24:15,616 - DEBUG - 多样性指标: 0.0851
2025-04-08 12:24:15,616 - DEBUG - 自适应学习率: 0.8388
2025-04-08 12:24:16,416 - DEBUG - 
更新概率模型:
2025-04-08 12:24:16,416 - DEBUG - 多样性指标: 0.0989
2025-04-08 12:24:16,416 - DEBUG - 自适应学习率: 0.8449
2025-04-08 12:24:17,215 - DEBUG - 
更新概率模型:
2025-04-08 12:24:17,215 - DEBUG - 多样性指标: 0.1111
2025-04-08 12:24:17,215 - DEBUG - 自适应学习率: 0.8518
2025-04-08 12:24:18,010 - DEBUG - 
更新概率模型:
2025-04-08 12:24:18,010 - DEBUG - 多样性指标: 0.1192
2025-04-08 12:24:18,010 - DEBUG - 自适应学习率: 0.8538
2025-04-08 12:24:18,812 - DEBUG - 
更新概率模型:
2025-04-08 12:24:18,812 - DEBUG - 多样性指标: 0.0964
2025-04-08 12:24:18,812 - DEBUG - 自适应学习率: 0.8464
2025-04-08 12:24:19,609 - DEBUG - 
更新概率模型:
2025-04-08 12:24:19,609 - DEBUG - 多样性指标: 0.0728
2025-04-08 12:24:19,609 - DEBUG - 自适应学习率: 0.8336
2025-04-08 12:24:20,419 - DEBUG - 
更新概率模型:
2025-04-08 12:24:20,419 - DEBUG - 多样性指标: 0.1044
2025-04-08 12:24:20,419 - DEBUG - 自适应学习率: 0.8487
2025-04-08 12:24:21,241 - DEBUG - 
更新概率模型:
2025-04-08 12:24:21,241 - DEBUG - 多样性指标: 0.1009
2025-04-08 12:24:21,241 - DEBUG - 自适应学习率: 0.8472
2025-04-08 12:24:22,075 - DEBUG - 
更新概率模型:
2025-04-08 12:24:22,076 - DEBUG - 多样性指标: 0.0935
2025-04-08 12:24:22,076 - DEBUG - 自适应学习率: 0.8420
2025-04-08 12:24:22,902 - DEBUG - 
更新概率模型:
2025-04-08 12:24:22,902 - DEBUG - 多样性指标: 0.0956
2025-04-08 12:24:22,902 - DEBUG - 自适应学习率: 0.8430
2025-04-08 12:24:23,704 - DEBUG - 
更新概率模型:
2025-04-08 12:24:23,704 - DEBUG - 多样性指标: 0.1041
2025-04-08 12:24:23,704 - DEBUG - 自适应学习率: 0.8486
2025-04-08 12:24:24,520 - DEBUG - 
更新概率模型:
2025-04-08 12:24:24,520 - DEBUG - 多样性指标: 0.1053
2025-04-08 12:24:24,520 - DEBUG - 自适应学习率: 0.8452
2025-04-08 12:24:25,311 - DEBUG - 
更新概率模型:
2025-04-08 12:24:25,312 - DEBUG - 多样性指标: 0.0999
2025-04-08 12:24:25,312 - DEBUG - 自适应学习率: 0.8438
2025-04-08 12:24:26,088 - DEBUG - 
更新概率模型:
2025-04-08 12:24:26,088 - DEBUG - 多样性指标: 0.0945
2025-04-08 12:24:26,088 - DEBUG - 自适应学习率: 0.8429
2025-04-08 12:24:26,875 - DEBUG - 
更新概率模型:
2025-04-08 12:24:26,875 - DEBUG - 多样性指标: 0.1055
2025-04-08 12:24:26,875 - DEBUG - 自适应学习率: 0.8468
2025-04-08 12:24:27,661 - DEBUG - 
更新概率模型:
2025-04-08 12:24:27,661 - DEBUG - 多样性指标: 0.1158
2025-04-08 12:24:27,661 - DEBUG - 自适应学习率: 0.8495
2025-04-08 12:24:28,444 - DEBUG - 
更新概率模型:
2025-04-08 12:24:28,444 - DEBUG - 多样性指标: 0.0895
2025-04-08 12:24:28,444 - DEBUG - 自适应学习率: 0.8425
2025-04-08 12:24:29,233 - DEBUG - 
更新概率模型:
2025-04-08 12:24:29,233 - DEBUG - 多样性指标: 0.0815
2025-04-08 12:24:29,233 - DEBUG - 自适应学习率: 0.8361
2025-04-08 12:24:30,034 - DEBUG - 
更新概率模型:
2025-04-08 12:24:30,034 - DEBUG - 多样性指标: 0.1288
2025-04-08 12:24:30,034 - DEBUG - 自适应学习率: 0.8578
2025-04-08 12:24:30,832 - DEBUG - 
更新概率模型:
2025-04-08 12:24:30,832 - DEBUG - 多样性指标: 0.1029
2025-04-08 12:24:30,832 - DEBUG - 自适应学习率: 0.8463
2025-04-08 12:24:31,604 - DEBUG - 
更新概率模型:
2025-04-08 12:24:31,604 - DEBUG - 多样性指标: 0.1419
2025-04-08 12:24:31,604 - DEBUG - 自适应学习率: 0.8578
2025-04-08 12:24:32,400 - DEBUG - 
更新概率模型:
2025-04-08 12:24:32,400 - DEBUG - 多样性指标: 0.0916
2025-04-08 12:24:32,400 - DEBUG - 自适应学习率: 0.8418
2025-04-08 12:24:33,191 - DEBUG - 
更新概率模型:
2025-04-08 12:24:33,191 - DEBUG - 多样性指标: 0.1028
2025-04-08 12:24:33,191 - DEBUG - 自适应学习率: 0.8464
2025-04-08 12:24:33,992 - DEBUG - 
更新概率模型:
2025-04-08 12:24:33,992 - DEBUG - 多样性指标: 0.0889
2025-04-08 12:24:33,992 - DEBUG - 自适应学习率: 0.8393
2025-04-08 12:24:34,786 - DEBUG - 
更新概率模型:
2025-04-08 12:24:34,786 - DEBUG - 多样性指标: 0.0925
2025-04-08 12:24:34,786 - DEBUG - 自适应学习率: 0.8412
2025-04-08 12:24:35,573 - DEBUG - 
更新概率模型:
2025-04-08 12:24:35,573 - DEBUG - 多样性指标: 0.0765
2025-04-08 12:24:35,573 - DEBUG - 自适应学习率: 0.8351
2025-04-08 12:24:36,394 - DEBUG - 
更新概率模型:
2025-04-08 12:24:36,394 - DEBUG - 多样性指标: 0.0833
2025-04-08 12:24:36,394 - DEBUG - 自适应学习率: 0.8379
2025-04-08 12:24:37,167 - DEBUG - 
更新概率模型:
2025-04-08 12:24:37,167 - DEBUG - 多样性指标: 0.1010
2025-04-08 12:24:37,167 - DEBUG - 自适应学习率: 0.8425
2025-04-08 12:24:37,960 - DEBUG - 
更新概率模型:
2025-04-08 12:24:37,960 - DEBUG - 多样性指标: 0.0956
2025-04-08 12:24:37,960 - DEBUG - 自适应学习率: 0.8432
2025-04-08 12:24:38,752 - DEBUG - 
更新概率模型:
2025-04-08 12:24:38,752 - DEBUG - 多样性指标: 0.0795
2025-04-08 12:24:38,752 - DEBUG - 自适应学习率: 0.8372
2025-04-08 12:24:39,541 - DEBUG - 
更新概率模型:
2025-04-08 12:24:39,541 - DEBUG - 多样性指标: 0.0936
2025-04-08 12:24:39,541 - DEBUG - 自适应学习率: 0.8429
2025-04-08 12:24:40,333 - DEBUG - 
更新概率模型:
2025-04-08 12:24:40,333 - DEBUG - 多样性指标: 0.0901
2025-04-08 12:24:40,333 - DEBUG - 自适应学习率: 0.8423
2025-04-08 12:24:41,116 - DEBUG - 
更新概率模型:
2025-04-08 12:24:41,116 - DEBUG - 多样性指标: 0.1047
2025-04-08 12:24:41,116 - DEBUG - 自适应学习率: 0.8479
