state_id,target_set_id,instance_id,phase6n_data_origin,scale,CF_level,oof_fold,selection_roles,is_fallback
CB1_CAUR_L_CF1_RI2_TI2_R12_C02__seed691201__it0000012,ts_0b582a760c30728b549d,CB1_CAUR_L_CF1_RI2_TI2_R12_C02,ORIGINAL_PHASE6J_CAUR,L,CF1,1,PHASE6L_TOP4,False
CB1_CAUR_L_CF1_RI2_TI2_R12_C02__seed691201__it0000012,ts_1b5ddd3def6ca9e6ac1b,CB1_CAUR_L_CF1_RI2_TI2_R12_C02,ORIGINAL_PHASE6J_CAUR,L,CF1,1,PHASE6L_TOP4|PHASE6N_TOP4,False
CB1_CAUR_L_CF1_RI2_TI2_R12_C02__seed691201__it0000012,ts_32e016acacc67d473d54,CB1_CAUR_L_CF1_RI2_TI2_R12_C02,ORIGINAL_PHASE6J_CAUR,L,CF1,1,PHASE6L_TOP4,False
CB1_CAUR_L_CF1_RI2_TI2_R12_C02__seed691201__it0000012,ts_83f85fffa0331ee96623,CB1_CAUR_L_CF1_RI2_TI2_R12_C02,ORIGINAL_PHASE6J_CAUR,L,CF1,1,PHASE6N_TOP4,False
CB1_CAUR_L_CF1_RI2_TI2_R12_C02__seed691201__it0000012,ts_9157be4990e22e0cb713,CB1_CAUR_L_CF1_RI2_TI2_R12_C02,ORIGINAL_PHASE6J_CAUR,L,CF1,1,CANONICAL_FALLBACK|PHASE6N_TOP4,True
CB1_CAUR_L_CF1_RI2_TI2_R12_C02__seed691201__it0000012,ts_9f796f6df0d1f9720e12,CB1_CAUR_L_CF1_RI2_TI2_R12_C02,ORIGINAL_PHASE6J_CAUR,L,CF1,1,PHASE6L_TOP4|PHASE6N_TOP4,False
CB1_CAUR_L_CF1_RI2_TI2_R12_C02__seed691201__it0000050,ts_065cd6bd36f2216e8f56,CB1_CAUR_L_CF1_RI2_TI2_R12_C02,ORIGINAL_PHASE6J_CAUR,L,CF1,1,PHASE6L_TOP4,False
CB1_CAUR_L_CF1_RI2_TI2_R12_C02__seed691201__it0000050,ts_646127686eed4ef77627,CB1_CAUR_L_CF1_RI2_TI2_R12_C02,ORIGINAL_PHASE6J_CAUR,L,CF1,1,PHASE6N_TOP4,False
CB1_CAUR_L_CF1_RI2_TI2_R12_C02__seed691201__it0000050,ts_8ac4d332a7e5bf5d828b,CB1_CAUR_L_CF1_RI2_TI2_R12_C02,ORIGINAL_PHASE6J_CAUR,L,CF1,1,PHASE6L_TOP4|PHASE6N_TOP4,False
CB1_CAUR_L_CF1_RI2_TI2_R12_C02__seed691201__it0000050,ts_9d83bcb4fcaaf719835d,CB1_CAUR_L_CF1_RI2_TI2_R12_C02,ORIGINAL_PHASE6J_CAUR,L,CF1,1,CANONICAL_FALLBACK,True
CB1_CAUR_L_CF1_RI2_TI2_R12_C02__seed691201__it0000050,ts_9ee7b24ddf3a5502310d,CB1_CAUR_L_CF1_RI2_TI2_R12_C02,ORIGINAL_PHASE6J_CAUR,L,CF1,1,PHASE6L_TOP4,False
CB1_CAUR_L_CF1_RI2_TI2_R12_C02__seed691201__it0000050,ts_b6bec396808f26cdd743,CB1_CAUR_L_CF1_RI2_TI2_R12_C02,ORIGINAL_PHASE6J_CAUR,L,CF1,1,PHASE6N_TOP4,False
CB1_CAUR_L_CF1_RI2_TI2_R12_C02__seed691201__it0000050,ts_ee783c027ef0637a5813,CB1_CAUR_L_CF1_RI2_TI2_R12_C02,ORIGINAL_PHASE6J_CAUR,L,CF1,1,PHASE6L_TOP4|PHASE6N_TOP4,False
CB1_CAUR_L_CF1_RI2_TI2_R12_C02__seed691201__it0000090,ts_1e114b38946e2978ec0a,CB1_CAUR_L_CF1_RI2_TI2_R12_C02,ORIGINAL_PHASE6J_CAUR,L,CF1,1,PHASE6N_TOP4,False
CB1_CAUR_L_CF1_RI2_TI2_R12_C02__seed691201__it0000090,ts_6e1af48650cdc6e99df6,CB1_CAUR_L_CF1_RI2_TI2_R12_C02,ORIGINAL_PHASE6J_CAUR,L,CF1,1,PHASE6N_TOP4,False
CB1_CAUR_L_CF1_RI2_TI2_R12_C02__seed691201__it0000090,ts_6fcca90d49dd37ac36ac,CB1_CAUR_L_CF1_RI2_TI2_R12_C02,ORIGINAL_PHASE6J_CAUR,L,CF1,1,PHASE6L_TOP4,False
CB1_CAUR_L_CF1_RI2_TI2_R12_C02__seed691201__it0000090,ts_6fe3be83058415290bc9,CB1_CAUR_L_CF1_RI2_TI2_R12_C02,ORIGINAL_PHASE6J_CAUR,L,CF1,1,CANONICAL_FALLBACK,True
CB1_CAUR_L_CF1_RI2_TI2_R12_C02__seed691201__it0000090,ts_71cc1c07bec3fac29807,CB1_CAUR_L_CF1_RI2_TI2_R12_C02,ORIGINAL_PHASE6J_CAUR,L,CF1,1,PHASE6L_TOP4,False
CB1_CAUR_L_CF1_RI2_TI2_R12_C02__seed691201__it0000090,ts_a57134c1f87d535c4e6f,CB1_CAUR_L_CF1_RI2_TI2_R12_C02,ORIGINAL_PHASE6J_CAUR,L,CF1,1,PHASE6L_TOP4,False
CB1_CAUR_L_CF1_RI2_TI2_R12_C02__seed691201__it0000090,ts_ca2364e01e03d5ad6200,CB1_CAUR_L_CF1_RI2_TI2_R12_C02,ORIGINAL_PHASE6J_CAUR,L,CF1,1,PHASE6L_TOP4|PHASE6N_TOP4,False
CB1_CAUR_L_CF1_RI2_TI2_R12_C02__seed691201__it0000090,ts_fa306c2b4a8b45defa77,CB1_CAUR_L_CF1_RI2_TI2_R12_C02,ORIGINAL_PHASE6J_CAUR,L,CF1,1,PHASE6N_TOP4,False
CB1_CAUR_L_CF1_RI2_TI2_R12_C02__seed691201__it0000127,ts_3d367a2f8bdd7113cfcd,CB1_CAUR_L_CF1_RI2_TI2_R12_C02,ORIGINAL_PHASE6J_CAUR,L,CF1,1,PHASE6L_TOP4|PHASE6N_TOP4,False
CB1_CAUR_L_CF1_RI2_TI2_R12_C02__seed691201__it0000127,ts_413f575e90461b646f32,CB1_CAUR_L_CF1_RI2_TI2_R12_C02,ORIGINAL_PHASE6J_CAUR,L,CF1,1,PHASE6N_TOP4,False
CB1_CAUR_L_CF1_RI2_TI2_R12_C02__seed691201__it0000127,ts_4523330621613c54692f,CB1_CAUR_L_CF1_RI2_TI2_R12_C02,ORIGINAL_PHASE6J_CAUR,L,CF1,1,PHASE6L_TOP4,False
CB1_CAUR_L_CF1_RI2_TI2_R12_C02__seed691201__it0000127,ts_4e03ff70a4d4d163cf99,CB1_CAUR_L_CF1_RI2_TI2_R12_C02,ORIGINAL_PHASE6J_CAUR,L,CF1,1,PHASE6L_TOP4,False
CB1_CAUR_L_CF1_RI2_TI2_R12_C02__seed691201__it0000127,ts_aec4599f9432fef0e642,CB1_CAUR_L_CF1_RI2_TI2_R12_C02,ORIGINAL_PHASE6J_CAUR,L,CF1,1,PHASE6L_TOP4,False
CB1_CAUR_L_CF1_RI2_TI2_R12_C02__seed691201__it0000127,ts_b2991e96ea1b5fb1c767,CB1_CAUR_L_CF1_RI2_TI2_R12_C02,ORIGINAL_PHASE6J_CAUR,L,CF1,1,PHASE6N_TOP4,False
CB1_CAUR_L_CF1_RI2_TI2_R12_C02__seed691201__it0000127,ts_b5021ed0f3f8640b6932,CB1_CAUR_L_CF1_RI2_TI2_R12_C02,ORIGINAL_PHASE6J_CAUR,L,CF1,1,CANONICAL_FALLBACK,True
CB1_CAUR_L_CF1_RI2_TI2_R12_C02__seed691201__it0000127,ts_d8aad3cd4e872949fc1d,CB1_CAUR_L_CF1_RI2_TI2_R12_C02,ORIGINAL_PHASE6J_CAUR,L,CF1,1,PHASE6N_TOP4,False
CB1_CAUR_L_CF1_RI2_TI2_R12_C02__seed691201__it0000164,ts_15008b5b01451e20fef1,CB1_CAUR_L_CF1_RI2_TI2_R12_C02,ORIGINAL_PHASE6J_CAUR,L,CF1,1,PHASE6L_TOP4|PHASE6N_TOP4,False
CB1_CAUR_L_CF1_RI2_TI2_R12_C02__seed691201__it0000164,ts_2b353a1b8a0fbcf3b211,CB1_CAUR_L_CF1_RI2_TI2_R12_C02,ORIGINAL_PHASE6J_CAUR,L,CF1,1,PHASE6L_TOP4,False
CB1_CAUR_L_CF1_RI2_TI2_R12_C02__seed691201__it0000164,ts_3282d45464509061ab6e,CB1_CAUR_L_CF1_RI2_TI2_R12_C02,ORIGINAL_PHASE6J_CAUR,L,CF1,1,PHASE6N_TOP4,False
CB1_CAUR_L_CF1_RI2_TI2_R12_C02__seed691201__it0000164,ts_dd2737c71c9d1c12ce7c,CB1_CAUR_L_CF1_RI2_TI2_R12_C02,ORIGINAL_PHASE6J_CAUR,L,CF1,1,PHASE6L_TOP4|PHASE6N_TOP4,False
CB1_CAUR_L_CF1_RI2_TI2_R12_C02__seed691201__it0000164,ts_df2f3b5e98964a878513,CB1_CAUR_L_CF1_RI2_TI2_R12_C02,ORIGINAL_PHASE6J_CAUR,L,CF1,1,CANONICAL_FALLBACK|PHASE6N_TOP4,True
CB1_CAUR_L_CF1_RI2_TI2_R12_C02__seed691201__it0000164,ts_e610c232cbf2d0cb22bc,CB1_CAUR_L_CF1_RI2_TI2_R12_C02,ORIGINAL_PHASE6J_CAUR,L,CF1,1,PHASE6L_TOP4,False
CB1_CAUR_L_CF1_RI2_TI2_R12_C02__seed691201__it0000204,ts_2d49a4adbd5df5aee1f6,CB1_CAUR_L_CF1_RI2_TI2_R12_C02,ORIGINAL_PHASE6J_CAUR,L,CF1,1,PHASE6N_TOP4,False
CB1_CAUR_L_CF1_RI2_TI2_R12_C02__seed691201__it0000204,ts_4a0a4be1a1792f469060,CB1_CAUR_L_CF1_RI2_TI2_R12_C02,ORIGINAL_PHASE6J_CAUR,L,CF1,1,CANONICAL_FALLBACK,True
CB1_CAUR_L_CF1_RI2_TI2_R12_C02__seed691201__it0000204,ts_5752a0935f20f9f67323,CB1_CAUR_L_CF1_RI2_TI2_R12_C02,ORIGINAL_PHASE6J_CAUR,L,CF1,1,PHASE6N_TOP4,False
CB1_CAUR_L_CF1_RI2_TI2_R12_C02__seed691201__it0000204,ts_5b4646d47a36596223bc,CB1_CAUR_L_CF1_RI2_TI2_R12_C02,ORIGINAL_PHASE6J_CAUR,L,CF1,1,PHASE6L_TOP4,False
CB1_CAUR_L_CF1_RI2_TI2_R12_C02__seed691201__it0000204,ts_63c39046eb0e8e1a7bf4,CB1_CAUR_L_CF1_RI2_TI2_R12_C02,ORIGINAL_PHASE6J_CAUR,L,CF1,1,PHASE6L_TOP4,False
CB1_CAUR_L_CF1_RI2_TI2_R12_C02__seed691201__it0000204,ts_7c96071f09279f957e4c,CB1_CAUR_L_CF1_RI2_TI2_R12_C02,ORIGINAL_PHASE6J_CAUR,L,CF1,1,PHASE6L_TOP4,False
CB1_CAUR_L_CF1_RI2_TI2_R12_C02__seed691201__it0000204,ts_9ab90740ac78da4319e9,CB1_CAUR_L_CF1_RI2_TI2_R12_C02,ORIGINAL_PHASE6J_CAUR,L,CF1,1,PHASE6L_TOP4,False
CB1_CAUR_L_CF1_RI2_TI2_R12_C02__seed691201__it0000204,ts_a017a91e32907790d18b,CB1_CAUR_L_CF1_RI2_TI2_R12_C02,ORIGINAL_PHASE6J_CAUR,L,CF1,1,PHASE6N_TOP4,False
CB1_CAUR_L_CF1_RI2_TI2_R12_C02__seed691201__it0000204,ts_c2763865fbfc3d4ad52f,CB1_CAUR_L_CF1_RI2_TI2_R12_C02,ORIGINAL_PHASE6J_CAUR,L,CF1,1,PHASE6N_TOP4,False
CB1_CAUR_L_CF1_RI2_TI2_R12_C02__seed691201__it0000241,ts_01e871b03e568e7ba306,CB1_CAUR_L_CF1_RI2_TI2_R12_C02,ORIGINAL_PHASE6J_CAUR,L,CF1,1,CANONICAL_FALLBACK,True
CB1_CAUR_L_CF1_RI2_TI2_R12_C02__seed691201__it0000241,ts_4417b16583d64f2118ae,CB1_CAUR_L_CF1_RI2_TI2_R12_C02,ORIGINAL_PHASE6J_CAUR,L,CF1,1,PHASE6L_TOP4|PHASE6N_TOP4,False
CB1_CAUR_L_CF1_RI2_TI2_R12_C02__seed691201__it0000241,ts_73277509e04203b0991c,CB1_CAUR_L_CF1_RI2_TI2_R12_C02,ORIGINAL_PHASE6J_CAUR,L,CF1,1,PHASE6L_TOP4|PHASE6N_TOP4,False
CB1_CAUR_L_CF1_RI2_TI2_R12_C02__seed691201__it0000241,ts_9880308db5f3eb1b0197,CB1_CAUR_L_CF1_RI2_TI2_R12_C02,ORIGINAL_PHASE6J_CAUR,L,CF1,1,PHASE6L_TOP4,False
CB1_CAUR_L_CF1_RI2_TI2_R12_C02__seed691201__it0000241,ts_9c166d7c413dd0fa7dab,CB1_CAUR_L_CF1_RI2_TI2_R12_C02,ORIGINAL_PHASE6J_CAUR,L,CF1,1,PHASE6L_TOP4|PHASE6N_TOP4,False
CB1_CAUR_L_CF1_RI2_TI2_R12_C02__seed691201__it0000241,ts_b8fc4be244ef107bf643,CB1_CAUR_L_CF1_RI2_TI2_R12_C02,ORIGINAL_PHASE6J_CAUR,L,CF1,1,PHASE6N_TOP4,False
CB1_CAUR_L_CF1_RI2_TI2_R12_C02__seed691201__it0000269,ts_1b206d9c54d2a80a5dca,CB1_CAUR_L_CF1_RI2_TI2_R12_C02,ORIGINAL_PHASE6J_CAUR,L,CF1,1,PHASE6L_TOP4,False
CB1_CAUR_L_CF1_RI2_TI2_R12_C02__seed691201__it0000269,ts_21d31e322b6a186b3ab6,CB1_CAUR_L_CF1_RI2_TI2_R12_C02,ORIGINAL_PHASE6J_CAUR,L,CF1,1,CANONICAL_FALLBACK,True
CB1_CAUR_L_CF1_RI2_TI2_R12_C02__seed691201__it0000269,ts_59eb303cf5a3e7e6eab5,CB1_CAUR_L_CF1_RI2_TI2_R12_C02,ORIGINAL_PHASE6J_CAUR,L,CF1,1,PHASE6L_TOP4|PHASE6N_TOP4,False
CB1_CAUR_L_CF1_RI2_TI2_R12_C02__seed691201__it0000269,ts_78e4789232bef2e01bad,CB1_CAUR_L_CF1_RI2_TI2_R12_C02,ORIGINAL_PHASE6J_CAUR,L,CF1,1,PHASE6L_TOP4|PHASE6N_TOP4,False
CB1_CAUR_L_CF1_RI2_TI2_R12_C02__seed691201__it0000269,ts_a52db4b46d263b0a0ca9,CB1_CAUR_L_CF1_RI2_TI2_R12_C02,ORIGINAL_PHASE6J_CAUR,L,CF1,1,PHASE6L_TOP4|PHASE6N_TOP4,False
CB1_CAUR_L_CF1_RI2_TI2_R12_C02__seed691201__it0000269,ts_f355fb3d191b2dc5a2e1,CB1_CAUR_L_CF1_RI2_TI2_R12_C02,ORIGINAL_PHASE6J_CAUR,L,CF1,1,PHASE6N_TOP4,False
CB1_CAUR_L_CF1_RI2_TI2_R12_C02__seed691202__it0000012,ts_0f8cb42b4e2bf4171f52,CB1_CAUR_L_CF1_RI2_TI2_R12_C02,ORIGINAL_PHASE6J_CAUR,L,CF1,1,PHASE6N_TOP4,False
CB1_CAUR_L_CF1_RI2_TI2_R12_C02__seed691202__it0000012,ts_13b72d69c717c6a79930,CB1_CAUR_L_CF1_RI2_TI2_R12_C02,ORIGINAL_PHASE6J_CAUR,L,CF1,1,CANONICAL_FALLBACK,True
CB1_CAUR_L_CF1_RI2_TI2_R12_C02__seed691202__it0000012,ts_73737862519aba5ea542,CB1_CAUR_L_CF1_RI2_TI2_R12_C02,ORIGINAL_PHASE6J_CAUR,L,CF1,1,PHASE6L_TOP4,False
CB1_CAUR_L_CF1_RI2_TI2_R12_C02__seed691202__it0000012,ts_8685a418df005b171cc4,CB1_CAUR_L_CF1_RI2_TI2_R12_C02,ORIGINAL_PHASE6J_CAUR,L,CF1,1,PHASE6N_TOP4,False
CB1_CAUR_L_CF1_RI2_TI2_R12_C02__seed691202__it0000012,ts_9852e61b33b10734ee02,CB1_CAUR_L_CF1_RI2_TI2_R12_C02,ORIGINAL_PHASE6J_CAUR,L,CF1,1,PHASE6L_TOP4|PHASE6N_TOP4,False
CB1_CAUR_L_CF1_RI2_TI2_R12_C02__seed691202__it0000012,ts_a3b95a6d973a82e3c35a,CB1_CAUR_L_CF1_RI2_TI2_R12_C02,ORIGINAL_PHASE6J_CAUR,L,CF1,1,PHASE6L_TOP4|PHASE6N_TOP4,False
CB1_CAUR_L_CF1_RI2_TI2_R12_C02__seed691202__it0000012,ts_d72a433aa1fba52470e2,CB1_CAUR_L_CF1_RI2_TI2_R12_C02,ORIGINAL_PHASE6J_CAUR,L,CF1,1,PHASE6L_TOP4,False
CB1_CAUR_L_CF1_RI2_TI2_R12_C02__seed691202__it0000049,ts_1003a05a744d199591e9,CB1_CAUR_L_CF1_RI2_TI2_R12_C02,ORIGINAL_PHASE6J_CAUR,L,CF1,1,PHASE6L_TOP4,False
CB1_CAUR_L_CF1_RI2_TI2_R12_C02__seed691202__it0000049,ts_22af4fca36d5add487ec,CB1_CAUR_L_CF1_RI2_TI2_R12_C02,ORIGINAL_PHASE6J_CAUR,L,CF1,1,PHASE6L_TOP4,False
CB1_CAUR_L_CF1_RI2_TI2_R12_C02__seed691202__it0000049,ts_44625add278ed3329811,CB1_CAUR_L_CF1_RI2_TI2_R12_C02,ORIGINAL_PHASE6J_CAUR,L,CF1,1,PHASE6L_TOP4,False
CB1_CAUR_L_CF1_RI2_TI2_R12_C02__seed691202__it0000049,ts_633cbd4fbb4136846120,CB1_CAUR_L_CF1_RI2_TI2_R12_C02,ORIGINAL_PHASE6J_CAUR,L,CF1,1,PHASE6N_TOP4,False
CB1_CAUR_L_CF1_RI2_TI2_R12_C02__seed691202__it0000049,ts_64fa8be32fa07e9fcaf1,CB1_CAUR_L_CF1_RI2_TI2_R12_C02,ORIGINAL_PHASE6J_CAUR,L,CF1,1,PHASE6N_TOP4,False
CB1_CAUR_L_CF1_RI2_TI2_R12_C02__seed691202__it0000049,ts_7a50d0e8969e55d20a09,CB1_CAUR_L_CF1_RI2_TI2_R12_C02,ORIGINAL_PHASE6J_CAUR,L,CF1,1,CANONICAL_FALLBACK|PHASE6N_TOP4,True
CB1_CAUR_L_CF1_RI2_TI2_R12_C02__seed691202__it0000049,ts_90ac416baae218966f97,CB1_CAUR_L_CF1_RI2_TI2_R12_C02,ORIGINAL_PHASE6J_CAUR,L,CF1,1,PHASE6N_TOP4,False
CB1_CAUR_L_CF1_RI2_TI2_R12_C02__seed691202__it0000049,ts_ec5ee5e6ec54b5331f5a,CB1_CAUR_L_CF1_RI2_TI2_R12_C02,ORIGINAL_PHASE6J_CAUR,L,CF1,1,PHASE6L_TOP4,False
CB1_CAUR_L_CF1_RI2_TI2_R12_C02__seed691202__it0000090,ts_08e8c9a837a5996cee38,CB1_CAUR_L_CF1_RI2_TI2_R12_C02,ORIGINAL_PHASE6J_CAUR,L,CF1,1,PHASE6N_TOP4,False
CB1_CAUR_L_CF1_RI2_TI2_R12_C02__seed691202__it0000090,ts_467dddd3bc89e3de1dbd,CB1_CAUR_L_CF1_RI2_TI2_R12_C02,ORIGINAL_PHASE6J_CAUR,L,CF1,1,CANONICAL_FALLBACK,True
CB1_CAUR_L_CF1_RI2_TI2_R12_C02__seed691202__it0000090,ts_4f532b3e7150578998c1,CB1_CAUR_L_CF1_RI2_TI2_R12_C02,ORIGINAL_PHASE6J_CAUR,L,CF1,1,PHASE6L_TOP4,False
CB1_CAUR_L_CF1_RI2_TI2_R12_C02__seed691202__it0000090,ts_7bb2bd9cf42a81d017c8,CB1_CAUR_L_CF1_RI2_TI2_R12_C02,ORIGINAL_PHASE6J_CAUR,L,CF1,1,PHASE6L_TOP4,False
CB1_CAUR_L_CF1_RI2_TI2_R12_C02__seed691202__it0000090,ts_9dfde1330328090f6753,CB1_CAUR_L_CF1_RI2_TI2_R12_C02,ORIGINAL_PHASE6J_CAUR,L,CF1,1,PHASE6L_TOP4,False
CB1_CAUR_L_CF1_RI2_TI2_R12_C02__seed691202__it0000090,ts_acca83a5e735a9051019,CB1_CAUR_L_CF1_RI2_TI2_R12_C02,ORIGINAL_PHASE6J_CAUR,L,CF1,1,PHASE6N_TOP4,False
CB1_CAUR_L_CF1_RI2_TI2_R12_C02__seed691202__it0000090,ts_b2062c766cdd2dfbceb4,CB1_CAUR_L_CF1_RI2_TI2_R12_C02,ORIGINAL_PHASE6J_CAUR,L,CF1,1,PHASE6L_TOP4,False
CB1_CAUR_L_CF1_RI2_TI2_R12_C02__seed691202__it0000090,ts_da909ed43f41ac06b02c,CB1_CAUR_L_CF1_RI2_TI2_R12_C02,ORIGINAL_PHASE6J_CAUR,L,CF1,1,PHASE6N_TOP4,False
CB1_CAUR_L_CF1_RI2_TI2_R12_C02__seed691202__it0000090,ts_fae81e5a53988d8d5e24,CB1_CAUR_L_CF1_RI2_TI2_R12_C02,ORIGINAL_PHASE6J_CAUR,L,CF1,1,PHASE6N_TOP4,False
CB1_CAUR_L_CF1_RI2_TI2_R12_C02__seed691202__it0000127,ts_821e648ffc28083f5360,CB1_CAUR_L_CF1_RI2_TI2_R12_C02,ORIGINAL_PHASE6J_CAUR,L,CF1,1,PHASE6L_TOP4,False
CB1_CAUR_L_CF1_RI2_TI2_R12_C02__seed691202__it0000127,ts_ab743dcdc4edc4bd9408,CB1_CAUR_L_CF1_RI2_TI2_R12_C02,ORIGINAL_PHASE6J_CAUR,L,CF1,1,PHASE6L_TOP4|PHASE6N_TOP4,False
CB1_CAUR_L_CF1_RI2_TI2_R12_C02__seed691202__it0000127,ts_dbf94c06e0f416c3402f,CB1_CAUR_L_CF1_RI2_TI2_R12_C02,ORIGINAL_PHASE6J_CAUR,L,CF1,1,PHASE6L_TOP4,False
CB1_CAUR_L_CF1_RI2_TI2_R12_C02__seed691202__it0000127,ts_dc334c29c6da2295bb0f,CB1_CAUR_L_CF1_RI2_TI2_R12_C02,ORIGINAL_PHASE6J_CAUR,L,CF1,1,PHASE6L_TOP4|PHASE6N_TOP4,False
CB1_CAUR_L_CF1_RI2_TI2_R12_C02__seed691202__it0000127,ts_e24aafa11623b8bb565e,CB1_CAUR_L_CF1_RI2_TI2_R12_C02,ORIGINAL_PHASE6J_CAUR,L,CF1,1,CANONICAL_FALLBACK,True
CB1_CAUR_L_CF1_RI2_TI2_R12_C02__seed691202__it0000127,ts_e87c818e72047886a22b,CB1_CAUR_L_CF1_RI2_TI2_R12_C02,ORIGINAL_PHASE6J_CAUR,L,CF1,1,PHASE6N_TOP4,False
CB1_CAUR_L_CF1_RI2_TI2_R12_C02__seed691202__it0000127,ts_f8af5008b48129bae5f9,CB1_CAUR_L_CF1_RI2_TI2_R12_C02,ORIGINAL_PHASE6J_CAUR,L,CF1,1,PHASE6N_TOP4,False
CB1_CAUR_L_CF1_RI2_TI2_R12_C02__seed691202__it0000164,ts_037ea1bc45bc2dff1d04,CB1_CAUR_L_CF1_RI2_TI2_R12_C02,ORIGINAL_PHASE6J_CAUR,L,CF1,1,PHASE6L_TOP4|PHASE6N_TOP4,False
CB1_CAUR_L_CF1_RI2_TI2_R12_C02__seed691202__it0000164,ts_137e4ed150c4d35cd7a6,CB1_CAUR_L_CF1_RI2_TI2_R12_C02,ORIGINAL_PHASE6J_CAUR,L,CF1,1,PHASE6L_TOP4|PHASE6N_TOP4,False
CB1_CAUR_L_CF1_RI2_TI2_R12_C02__seed691202__it0000164,ts_32751aa080dd6a49aade,CB1_CAUR_L_CF1_RI2_TI2_R12_C02,ORIGINAL_PHASE6J_CAUR,L,CF1,1,PHASE6L_TOP4,False
CB1_CAUR_L_CF1_RI2_TI2_R12_C02__seed691202__it0000164,ts_4510744bf9ec0aa0cc04,CB1_CAUR_L_CF1_RI2_TI2_R12_C02,ORIGINAL_PHASE6J_CAUR,L,CF1,1,PHASE6L_TOP4,False
CB1_CAUR_L_CF1_RI2_TI2_R12_C02__seed691202__it0000164,ts_75ae91d5089c133df8fe,CB1_CAUR_L_CF1_RI2_TI2_R12_C02,ORIGINAL_PHASE6J_CAUR,L,CF1,1,CANONICAL_FALLBACK,True
CB1_CAUR_L_CF1_RI2_TI2_R12_C02__seed691202__it0000164,ts_afd53e1b4ce8d00ba637,CB1_CAUR_L_CF1_RI2_TI2_R12_C02,ORIGINAL_PHASE6J_CAUR,L,CF1,1,PHASE6N_TOP4,False
CB1_CAUR_L_CF1_RI2_TI2_R12_C02__seed691202__it0000164,ts_f3d82db0cb4ca93c012a,CB1_CAUR_L_CF1_RI2_TI2_R12_C02,ORIGINAL_PHASE6J_CAUR,L,CF1,1,PHASE6N_TOP4,False
CB1_CAUR_L_CF1_RI2_TI2_R12_C02__seed691202__it0000204,ts_0fcbc3ed6b56671763c9,CB1_CAUR_L_CF1_RI2_TI2_R12_C02,ORIGINAL_PHASE6J_CAUR,L,CF1,1,PHASE6N_TOP4,False
CB1_CAUR_L_CF1_RI2_TI2_R12_C02__seed691202__it0000204,ts_2c7684ba435faff7a31c,CB1_CAUR_L_CF1_RI2_TI2_R12_C02,ORIGINAL_PHASE6J_CAUR,L,CF1,1,PHASE6L_TOP4|PHASE6N_TOP4,False
CB1_CAUR_L_CF1_RI2_TI2_R12_C02__seed691202__it0000204,ts_56a32408e4e2f8d888aa,CB1_CAUR_L_CF1_RI2_TI2_R12_C02,ORIGINAL_PHASE6J_CAUR,L,CF1,1,CANONICAL_FALLBACK|PHASE6L_TOP4,True
CB1_CAUR_L_CF1_RI2_TI2_R12_C02__seed691202__it0000204,ts_9b9d0957f5a5341c0de8,CB1_CAUR_L_CF1_RI2_TI2_R12_C02,ORIGINAL_PHASE6J_CAUR,L,CF1,1,PHASE6N_TOP4,False
CB1_CAUR_L_CF1_RI2_TI2_R12_C02__seed691202__it0000204,ts_d8132277049e77ad78ca,CB1_CAUR_L_CF1_RI2_TI2_R12_C02,ORIGINAL_PHASE6J_CAUR,L,CF1,1,PHASE6L_TOP4,False
CB1_CAUR_L_CF1_RI2_TI2_R12_C02__seed691202__it0000204,ts_d8ab4095338a380c9976,CB1_CAUR_L_CF1_RI2_TI2_R12_C02,ORIGINAL_PHASE6J_CAUR,L,CF1,1,PHASE6L_TOP4|PHASE6N_TOP4,False
CB1_CAUR_L_CF1_RI2_TI2_R12_C02__seed691202__it0000241,ts_261cf31ef21ec8395bc3,CB1_CAUR_L_CF1_RI2_TI2_R12_C02,ORIGINAL_PHASE6J_CAUR,L,CF1,1,PHASE6N_TOP4,False
CB1_CAUR_L_CF1_RI2_TI2_R12_C02__seed691202__it0000241,ts_4d3fe6682f6c0f6a7d69,CB1_CAUR_L_CF1_RI2_TI2_R12_C02,ORIGINAL_PHASE6J_CAUR,L,CF1,1,PHASE6L_TOP4|PHASE6N_TOP4,False
CB1_CAUR_L_CF1_RI2_TI2_R12_C02__seed691202__it0000241,ts_5607760df292827dc556,CB1_CAUR_L_CF1_RI2_TI2_R12_C02,ORIGINAL_PHASE6J_CAUR,L,CF1,1,PHASE6L_TOP4,False
CB1_CAUR_L_CF1_RI2_TI2_R12_C02__seed691202__it0000241,ts_7210017705b86bc5443d,CB1_CAUR_L_CF1_RI2_TI2_R12_C02,ORIGINAL_PHASE6J_CAUR,L,CF1,1,PHASE6N_TOP4,False
CB1_CAUR_L_CF1_RI2_TI2_R12_C02__seed691202__it0000241,ts_8523c7a3ad2432564f22,CB1_CAUR_L_CF1_RI2_TI2_R12_C02,ORIGINAL_PHASE6J_CAUR,L,CF1,1,PHASE6L_TOP4,False
CB1_CAUR_L_CF1_RI2_TI2_R12_C02__seed691202__it0000241,ts_8ef430a7b7ea7a05d689,CB1_CAUR_L_CF1_RI2_TI2_R12_C02,ORIGINAL_PHASE6J_CAUR,L,CF1,1,PHASE6L_TOP4|PHASE6N_TOP4,False
CB1_CAUR_L_CF1_RI2_TI2_R12_C02__seed691202__it0000241,ts_9aef3cae2f57ed42c792,CB1_CAUR_L_CF1_RI2_TI2_R12_C02,ORIGINAL_PHASE6J_CAUR,L,CF1,1,CANONICAL_FALLBACK,True
CB1_CAUR_L_CF1_RI2_TI2_R12_C02__seed691202__it0000270,ts_207e264d4f9941e7e2de,CB1_CAUR_L_CF1_RI2_TI2_R12_C02,ORIGINAL_PHASE6J_CAUR,L,CF1,1,PHASE6L_TOP4,False
CB1_CAUR_L_CF1_RI2_TI2_R12_C02__seed691202__it0000270,ts_5de11a31029f522b4126,CB1_CAUR_L_CF1_RI2_TI2_R12_C02,ORIGINAL_PHASE6J_CAUR,L,CF1,1,PHASE6L_TOP4|PHASE6N_TOP4,False
CB1_CAUR_L_CF1_RI2_TI2_R12_C02__seed691202__it0000270,ts_6c697d1fd6a502975f5f,CB1_CAUR_L_CF1_RI2_TI2_R12_C02,ORIGINAL_PHASE6J_CAUR,L,CF1,1,PHASE6L_TOP4,False
CB1_CAUR_L_CF1_RI2_TI2_R12_C02__seed691202__it0000270,ts_800fdc7cbadee5183408,CB1_CAUR_L_CF1_RI2_TI2_R12_C02,ORIGINAL_PHASE6J_CAUR,L,CF1,1,CANONICAL_FALLBACK,True
CB1_CAUR_L_CF1_RI2_TI2_R12_C02__seed691202__it0000270,ts_ae2abe0730575056e72f,CB1_CAUR_L_CF1_RI2_TI2_R12_C02,ORIGINAL_PHASE6J_CAUR,L,CF1,1,PHASE6L_TOP4|PHASE6N_TOP4,False
CB1_CAUR_L_CF1_RI2_TI2_R12_C02__seed691202__it0000270,ts_b6f9a0c3591e7a6b0d2d,CB1_CAUR_L_CF1_RI2_TI2_R12_C02,ORIGINAL_PHASE6J_CAUR,L,CF1,1,PHASE6N_TOP4,False
CB1_CAUR_L_CF1_RI2_TI2_R12_C02__seed691202__it0000270,ts_c2dadb802f55b9f56cf0,CB1_CAUR_L_CF1_RI2_TI2_R12_C02,ORIGINAL_PHASE6J_CAUR,L,CF1,1,PHASE6N_TOP4,False
CB1_CAUR_L_CF1_RI2_TI2_R12_C02__seed721201__it0000019,ts_1640dc5b937de484bb89,CB1_CAUR_L_CF1_RI2_TI2_R12_C02,NEW_ALNS_EXPANSION,L,CF1,1,PHASE6N_TOP4,False
CB1_CAUR_L_CF1_RI2_TI2_R12_C02__seed721201__it0000019,ts_5b82de91a136fddfc23e,CB1_CAUR_L_CF1_RI2_TI2_R12_C02,NEW_ALNS_EXPANSION,L,CF1,1,CANONICAL_FALLBACK|PHASE6N_TOP4,True
CB1_CAUR_L_CF1_RI2_TI2_R12_C02__seed721201__it0000019,ts_c57a930500300695fd5e,CB1_CAUR_L_CF1_RI2_TI2_R12_C02,NEW_ALNS_EXPANSION,L,CF1,1,PHASE6N_TOP4,False
CB1_CAUR_L_CF1_RI2_TI2_R12_C02__seed721201__it0000019,ts_e7d7e1c1eac52f6d1da5,CB1_CAUR_L_CF1_RI2_TI2_R12_C02,NEW_ALNS_EXPANSION,L,CF1,1,PHASE6N_TOP4,False
CB1_CAUR_L_CF1_RI2_TI2_R12_C02__seed721201__it0000077,ts_1334f40d764c73ceb502,CB1_CAUR_L_CF1_RI2_TI2_R12_C02,NEW_ALNS_EXPANSION,L,CF1,1,PHASE6N_TOP4,False
CB1_CAUR_L_CF1_RI2_TI2_R12_C02__seed721201__it0000077,ts_16cb9c1d93f6b10c4b91,CB1_CAUR_L_CF1_RI2_TI2_R12_C02,NEW_ALNS_EXPANSION,L,CF1,1,PHASE6N_TOP4,False
CB1_CAUR_L_CF1_RI2_TI2_R12_C02__seed721201__it0000077,ts_4e650cbc37214f73c1f0,CB1_CAUR_L_CF1_RI2_TI2_R12_C02,NEW_ALNS_EXPANSION,L,CF1,1,PHASE6N_TOP4,False
CB1_CAUR_L_CF1_RI2_TI2_R12_C02__seed721201__it0000077,ts_68a2522843e006e3acf3,CB1_CAUR_L_CF1_RI2_TI2_R12_C02,NEW_ALNS_EXPANSION,L,CF1,1,PHASE6N_TOP4,False
CB1_CAUR_L_CF1_RI2_TI2_R12_C02__seed721201__it0000077,ts_a2f6178073c63a4c47a6,CB1_CAUR_L_CF1_RI2_TI2_R12_C02,NEW_ALNS_EXPANSION,L,CF1,1,CANONICAL_FALLBACK,True
CB1_CAUR_L_CF1_RI2_TI2_R12_C02__seed721201__it0000142,ts_1d5ff171b5b6257084c1,CB1_CAUR_L_CF1_RI2_TI2_R12_C02,NEW_ALNS_EXPANSION,L,CF1,1,PHASE6N_TOP4,False
CB1_CAUR_L_CF1_RI2_TI2_R12_C02__seed721201__it0000142,ts_8c77863dee51f6543952,CB1_CAUR_L_CF1_RI2_TI2_R12_C02,NEW_ALNS_EXPANSION,L,CF1,1,PHASE6N_TOP4,False
CB1_CAUR_L_CF1_RI2_TI2_R12_C02__seed721201__it0000142,ts_d46e90a20f5f08d39a8c,CB1_CAUR_L_CF1_RI2_TI2_R12_C02,NEW_ALNS_EXPANSION,L,CF1,1,CANONICAL_FALLBACK,True
CB1_CAUR_L_CF1_RI2_TI2_R12_C02__seed721201__it0000142,ts_f1b299e0bc3baf19c6b5,CB1_CAUR_L_CF1_RI2_TI2_R12_C02,NEW_ALNS_EXPANSION,L,CF1,1,PHASE6N_TOP4,False
CB1_CAUR_L_CF1_RI2_TI2_R12_C02__seed721201__it0000142,ts_ffad2a0f36d2ebfc2ade,CB1_CAUR_L_CF1_RI2_TI2_R12_C02,NEW_ALNS_EXPANSION,L,CF1,1,PHASE6N_TOP4,False
CB1_CAUR_L_CF1_RI2_TI2_R12_C02__seed721201__it0000200,ts_0024450a21907bc555cd,CB1_CAUR_L_CF1_RI2_TI2_R12_C02,NEW_ALNS_EXPANSION,L,CF1,1,CANONICAL_FALLBACK,True
CB1_CAUR_L_CF1_RI2_TI2_R12_C02__seed721201__it0000200,ts_335c0b015731746aa749,CB1_CAUR_L_CF1_RI2_TI2_R12_C02,NEW_ALNS_EXPANSION,L,CF1,1,PHASE6N_TOP4,False
CB1_CAUR_L_CF1_RI2_TI2_R12_C02__seed721201__it0000200,ts_62a0a0bf5ddb3e0db57f,CB1_CAUR_L_CF1_RI2_TI2_R12_C02,NEW_ALNS_EXPANSION,L,CF1,1,PHASE6N_TOP4,False
CB1_CAUR_L_CF1_RI2_TI2_R12_C02__seed721201__it0000200,ts_8f9bdf2a78326c5da0f1,CB1_CAUR_L_CF1_RI2_TI2_R12_C02,NEW_ALNS_EXPANSION,L,CF1,1,PHASE6N_TOP4,False
CB1_CAUR_L_CF1_RI2_TI2_R12_C02__seed721201__it0000200,ts_aa94b6824bb416ca7072,CB1_CAUR_L_CF1_RI2_TI2_R12_C02,NEW_ALNS_EXPANSION,L,CF1,1,PHASE6N_TOP4,False
CB1_CAUR_L_CF1_RI2_TI2_R12_C02__seed721201__it0000258,ts_10662eba86fd9c30563e,CB1_CAUR_L_CF1_RI2_TI2_R12_C02,NEW_ALNS_EXPANSION,L,CF1,1,PHASE6N_TOP4,False
CB1_CAUR_L_CF1_RI2_TI2_R12_C02__seed721201__it0000258,ts_50400399b8257df725c3,CB1_CAUR_L_CF1_RI2_TI2_R12_C02,NEW_ALNS_EXPANSION,L,CF1,1,PHASE6N_TOP4,False
CB1_CAUR_L_CF1_RI2_TI2_R12_C02__seed721201__it0000258,ts_68a524fbc6d26708d15d,CB1_CAUR_L_CF1_RI2_TI2_R12_C02,NEW_ALNS_EXPANSION,L,CF1,1,PHASE6N_TOP4,False
CB1_CAUR_L_CF1_RI2_TI2_R12_C02__seed721201__it0000258,ts_8900b47a99880b98931f,CB1_CAUR_L_CF1_RI2_TI2_R12_C02,NEW_ALNS_EXPANSION,L,CF1,1,CANONICAL_FALLBACK,True
CB1_CAUR_L_CF1_RI2_TI2_R12_C02__seed721201__it0000258,ts_daa574be69b4c4edecea,CB1_CAUR_L_CF1_RI2_TI2_R12_C02,NEW_ALNS_EXPANSION,L,CF1,1,PHASE6N_TOP4,False
CB1_CAUR_L_CF1_RI2_TI2_R12_C02__seed721201__it0000320,ts_56c9d2fe65f42b6f8adc,CB1_CAUR_L_CF1_RI2_TI2_R12_C02,NEW_ALNS_EXPANSION,L,CF1,1,CANONICAL_FALLBACK,True
CB1_CAUR_L_CF1_RI2_TI2_R12_C02__seed721201__it0000320,ts_671d6a26bd99efbc322a,CB1_CAUR_L_CF1_RI2_TI2_R12_C02,NEW_ALNS_EXPANSION,L,CF1,1,PHASE6N_TOP4,False
CB1_CAUR_L_CF1_RI2_TI2_R12_C02__seed721201__it0000320,ts_92480ae7bcae7227b299,CB1_CAUR_L_CF1_RI2_TI2_R12_C02,NEW_ALNS_EXPANSION,L,CF1,1,PHASE6N_TOP4,False
CB1_CAUR_L_CF1_RI2_TI2_R12_C02__seed721201__it0000320,ts_aa571e0da262204240ab,CB1_CAUR_L_CF1_RI2_TI2_R12_C02,NEW_ALNS_EXPANSION,L,CF1,1,PHASE6N_TOP4,False
CB1_CAUR_L_CF1_RI2_TI2_R12_C02__seed721201__it0000320,ts_e633733e268364d95c2f,CB1_CAUR_L_CF1_RI2_TI2_R12_C02,NEW_ALNS_EXPANSION,L,CF1,1,PHASE6N_TOP4,False
CB1_CAUR_L_CF1_RI2_TI2_R12_C02__seed721201__it0000378,ts_77c632e642c3e2cedc42,CB1_CAUR_L_CF1_RI2_TI2_R12_C02,NEW_ALNS_EXPANSION,L,CF1,1,CANONICAL_FALLBACK,True
CB1_CAUR_L_CF1_RI2_TI2_R12_C02__seed721201__it0000378,ts_a32447a13eaf23c30b1f,CB1_CAUR_L_CF1_RI2_TI2_R12_C02,NEW_ALNS_EXPANSION,L,CF1,1,PHASE6N_TOP4,False
CB1_CAUR_L_CF1_RI2_TI2_R12_C02__seed721201__it0000378,ts_c0575471d7a260204fc3,CB1_CAUR_L_CF1_RI2_TI2_R12_C02,NEW_ALNS_EXPANSION,L,CF1,1,PHASE6N_TOP4,False
CB1_CAUR_L_CF1_RI2_TI2_R12_C02__seed721201__it0000378,ts_c8a06da0169e518db850,CB1_CAUR_L_CF1_RI2_TI2_R12_C02,NEW_ALNS_EXPANSION,L,CF1,1,PHASE6N_TOP4,False
CB1_CAUR_L_CF1_RI2_TI2_R12_C02__seed721201__it0000378,ts_f2f771f5e4e8f5b2142c,CB1_CAUR_L_CF1_RI2_TI2_R12_C02,NEW_ALNS_EXPANSION,L,CF1,1,PHASE6N_TOP4,False
CB1_CAUR_L_CF1_RI2_TI2_R12_C02__seed721201__it0000422,ts_1ca3ae1f25230b2ba055,CB1_CAUR_L_CF1_RI2_TI2_R12_C02,NEW_ALNS_EXPANSION,L,CF1,1,CANONICAL_FALLBACK,True
CB1_CAUR_L_CF1_RI2_TI2_R12_C02__seed721201__it0000422,ts_3e7dbc0960fd2aec7806,CB1_CAUR_L_CF1_RI2_TI2_R12_C02,NEW_ALNS_EXPANSION,L,CF1,1,PHASE6N_TOP4,False
CB1_CAUR_L_CF1_RI2_TI2_R12_C02__seed721201__it0000422,ts_9ba81e89793b8d6b575a,CB1_CAUR_L_CF1_RI2_TI2_R12_C02,NEW_ALNS_EXPANSION,L,CF1,1,PHASE6N_TOP4,False
CB1_CAUR_L_CF1_RI2_TI2_R12_C02__seed721201__it0000422,ts_adfe62cd3fb49ccac4b1,CB1_CAUR_L_CF1_RI2_TI2_R12_C02,NEW_ALNS_EXPANSION,L,CF1,1,PHASE6N_TOP4,False
CB1_CAUR_L_CF1_RI2_TI2_R12_C02__seed721201__it0000422,ts_eb314bd35660ee630188,CB1_CAUR_L_CF1_RI2_TI2_R12_C02,NEW_ALNS_EXPANSION,L,CF1,1,PHASE6N_TOP4,False
CB1_CAUR_L_CF1_RI2_TI2_R12_C02__seed721202__it0000018,ts_1ce9f9eccb180891cdf7,CB1_CAUR_L_CF1_RI2_TI2_R12_C02,NEW_ALNS_EXPANSION,L,CF1,1,PHASE6N_TOP4,False
CB1_CAUR_L_CF1_RI2_TI2_R12_C02__seed721202__it0000018,ts_9b55631852233aaf53e3,CB1_CAUR_L_CF1_RI2_TI2_R12_C02,NEW_ALNS_EXPANSION,L,CF1,1,PHASE6N_TOP4,False
CB1_CAUR_L_CF1_RI2_TI2_R12_C02__seed721202__it0000018,ts_abe382cd4e7b326a9dff,CB1_CAUR_L_CF1_RI2_TI2_R12_C02,NEW_ALNS_EXPANSION,L,CF1,1,CANONICAL_FALLBACK,True
CB1_CAUR_L_CF1_RI2_TI2_R12_C02__seed721202__it0000018,ts_b85a642e74daf85c7e95,CB1_CAUR_L_CF1_RI2_TI2_R12_C02,NEW_ALNS_EXPANSION,L,CF1,1,PHASE6N_TOP4,False
CB1_CAUR_L_CF1_RI2_TI2_R12_C02__seed721202__it0000018,ts_f53cc43ab4b57a0fa1cb,CB1_CAUR_L_CF1_RI2_TI2_R12_C02,NEW_ALNS_EXPANSION,L,CF1,1,PHASE6N_TOP4,False
CB1_CAUR_L_CF1_RI2_TI2_R12_C02__seed721202__it0000076,ts_21375a87bc654a57c207,CB1_CAUR_L_CF1_RI2_TI2_R12_C02,NEW_ALNS_EXPANSION,L,CF1,1,PHASE6N_TOP4,False
CB1_CAUR_L_CF1_RI2_TI2_R12_C02__seed721202__it0000076,ts_8a6ec09f9249a2134e9d,CB1_CAUR_L_CF1_RI2_TI2_R12_C02,NEW_ALNS_EXPANSION,L,CF1,1,CANONICAL_FALLBACK,True
CB1_CAUR_L_CF1_RI2_TI2_R12_C02__seed721202__it0000076,ts_9142260f6cf08e2df28f,CB1_CAUR_L_CF1_RI2_TI2_R12_C02,NEW_ALNS_EXPANSION,L,CF1,1,PHASE6N_TOP4,False
CB1_CAUR_L_CF1_RI2_TI2_R12_C02__seed721202__it0000076,ts_af0215a44bfea02e80db,CB1_CAUR_L_CF1_RI2_TI2_R12_C02,NEW_ALNS_EXPANSION,L,CF1,1,PHASE6N_TOP4,False
CB1_CAUR_L_CF1_RI2_TI2_R12_C02__seed721202__it0000076,ts_fcf78be6c7e43bd0c081,CB1_CAUR_L_CF1_RI2_TI2_R12_C02,NEW_ALNS_EXPANSION,L,CF1,1,PHASE6N_TOP4,False
CB1_CAUR_L_CF1_RI2_TI2_R12_C02__seed721202__it0000139,ts_0a13aac58dd493892a32,CB1_CAUR_L_CF1_RI2_TI2_R12_C02,NEW_ALNS_EXPANSION,L,CF1,1,PHASE6N_TOP4,False
CB1_CAUR_L_CF1_RI2_TI2_R12_C02__seed721202__it0000139,ts_1598b3491aa25413aa36,CB1_CAUR_L_CF1_RI2_TI2_R12_C02,NEW_ALNS_EXPANSION,L,CF1,1,CANONICAL_FALLBACK,True
CB1_CAUR_L_CF1_RI2_TI2_R12_C02__seed721202__it0000139,ts_35aa80b5569fef1d7409,CB1_CAUR_L_CF1_RI2_TI2_R12_C02,NEW_ALNS_EXPANSION,L,CF1,1,PHASE6N_TOP4,False
CB1_CAUR_L_CF1_RI2_TI2_R12_C02__seed721202__it0000139,ts_6291e108c4058f7fc2dd,CB1_CAUR_L_CF1_RI2_TI2_R12_C02,NEW_ALNS_EXPANSION,L,CF1,1,PHASE6N_TOP4,False
CB1_CAUR_L_CF1_RI2_TI2_R12_C02__seed721202__it0000139,ts_8360ae688ad9d1dd57c1,CB1_CAUR_L_CF1_RI2_TI2_R12_C02,NEW_ALNS_EXPANSION,L,CF1,1,PHASE6N_TOP4,False
CB1_CAUR_L_CF1_RI2_TI2_R12_C02__seed721202__it0000196,ts_18b8761640ac0ecd473d,CB1_CAUR_L_CF1_RI2_TI2_R12_C02,NEW_ALNS_EXPANSION,L,CF1,1,CANONICAL_FALLBACK,True
CB1_CAUR_L_CF1_RI2_TI2_R12_C02__seed721202__it0000196,ts_91a4c6bfa123a54d8ccc,CB1_CAUR_L_CF1_RI2_TI2_R12_C02,NEW_ALNS_EXPANSION,L,CF1,1,PHASE6N_TOP4,False
CB1_CAUR_L_CF1_RI2_TI2_R12_C02__seed721202__it0000196,ts_a2a2c3aa7ce7c8131fa2,CB1_CAUR_L_CF1_RI2_TI2_R12_C02,NEW_ALNS_EXPANSION,L,CF1,1,PHASE6N_TOP4,False
CB1_CAUR_L_CF1_RI2_TI2_R12_C02__seed721202__it0000196,ts_d39c0beb8a1d0e919480,CB1_CAUR_L_CF1_RI2_TI2_R12_C02,NEW_ALNS_EXPANSION,L,CF1,1,PHASE6N_TOP4,False
CB1_CAUR_L_CF1_RI2_TI2_R12_C02__seed721202__it0000196,ts_dd474616ee49da6a61a0,CB1_CAUR_L_CF1_RI2_TI2_R12_C02,NEW_ALNS_EXPANSION,L,CF1,1,PHASE6N_TOP4,False
CB1_CAUR_L_CF1_RI2_TI2_R12_C02__seed721202__it0000254,ts_579459bf9a2e75c7a0de,CB1_CAUR_L_CF1_RI2_TI2_R12_C02,NEW_ALNS_EXPANSION,L,CF1,1,PHASE6N_TOP4,False
CB1_CAUR_L_CF1_RI2_TI2_R12_C02__seed721202__it0000254,ts_5ac9f50c021b902b7492,CB1_CAUR_L_CF1_RI2_TI2_R12_C02,NEW_ALNS_EXPANSION,L,CF1,1,PHASE6N_TOP4,False
CB1_CAUR_L_CF1_RI2_TI2_R12_C02__seed721202__it0000254,ts_8b162dd94b53106f3483,CB1_CAUR_L_CF1_RI2_TI2_R12_C02,NEW_ALNS_EXPANSION,L,CF1,1,CANONICAL_FALLBACK,True
CB1_CAUR_L_CF1_RI2_TI2_R12_C02__seed721202__it0000254,ts_c569b394830040fd2a7e,CB1_CAUR_L_CF1_RI2_TI2_R12_C02,NEW_ALNS_EXPANSION,L,CF1,1,PHASE6N_TOP4,False
CB1_CAUR_L_CF1_RI2_TI2_R12_C02__seed721202__it0000254,ts_d9334401656ebbb50f77,CB1_CAUR_L_CF1_RI2_TI2_R12_C02,NEW_ALNS_EXPANSION,L,CF1,1,PHASE6N_TOP4,False
CB1_CAUR_L_CF1_RI2_TI2_R12_C02__seed721202__it0000315,ts_4bd71d712e2ee5a26454,CB1_CAUR_L_CF1_RI2_TI2_R12_C02,NEW_ALNS_EXPANSION,L,CF1,1,PHASE6N_TOP4,False
CB1_CAUR_L_CF1_RI2_TI2_R12_C02__seed721202__it0000315,ts_8b24d33e1f62502b6704,CB1_CAUR_L_CF1_RI2_TI2_R12_C02,NEW_ALNS_EXPANSION,L,CF1,1,CANONICAL_FALLBACK,True
CB1_CAUR_L_CF1_RI2_TI2_R12_C02__seed721202__it0000315,ts_b607b4d7bd9f14651832,CB1_CAUR_L_CF1_RI2_TI2_R12_C02,NEW_ALNS_EXPANSION,L,CF1,1,PHASE6N_TOP4,False
CB1_CAUR_L_CF1_RI2_TI2_R12_C02__seed721202__it0000315,ts_d990f3c7550e12dc23a1,CB1_CAUR_L_CF1_RI2_TI2_R12_C02,NEW_ALNS_EXPANSION,L,CF1,1,PHASE6N_TOP4,False
CB1_CAUR_L_CF1_RI2_TI2_R12_C02__seed721202__it0000315,ts_e8259653aad9ecc25143,CB1_CAUR_L_CF1_RI2_TI2_R12_C02,NEW_ALNS_EXPANSION,L,CF1,1,PHASE6N_TOP4,False
CB1_CAUR_L_CF1_RI2_TI2_R12_C02__seed721202__it0000372,ts_4fd3296a3e478cdae1e2,CB1_CAUR_L_CF1_RI2_TI2_R12_C02,NEW_ALNS_EXPANSION,L,CF1,1,PHASE6N_TOP4,False
CB1_CAUR_L_CF1_RI2_TI2_R12_C02__seed721202__it0000372,ts_7a766ba370265ba7a5b7,CB1_CAUR_L_CF1_RI2_TI2_R12_C02,NEW_ALNS_EXPANSION,L,CF1,1,CANONICAL_FALLBACK,True
CB1_CAUR_L_CF1_RI2_TI2_R12_C02__seed721202__it0000372,ts_89214aefabdf81110dee,CB1_CAUR_L_CF1_RI2_TI2_R12_C02,NEW_ALNS_EXPANSION,L,CF1,1,PHASE6N_TOP4,False
CB1_CAUR_L_CF1_RI2_TI2_R12_C02__seed721202__it0000372,ts_bcc82d7fb3ed8ba170e5,CB1_CAUR_L_CF1_RI2_TI2_R12_C02,NEW_ALNS_EXPANSION,L,CF1,1,PHASE6N_TOP4,False
CB1_CAUR_L_CF1_RI2_TI2_R12_C02__seed721202__it0000372,ts_e71c86a44fcdeabd8b41,CB1_CAUR_L_CF1_RI2_TI2_R12_C02,NEW_ALNS_EXPANSION,L,CF1,1,PHASE6N_TOP4,False
CB1_CAUR_L_CF1_RI2_TI2_R12_C02__seed721202__it0000415,ts_228f88a738cd0c0d837f,CB1_CAUR_L_CF1_RI2_TI2_R12_C02,NEW_ALNS_EXPANSION,L,CF1,1,CANONICAL_FALLBACK,True
CB1_CAUR_L_CF1_RI2_TI2_R12_C02__seed721202__it0000415,ts_51201c55216d5bc89e17,CB1_CAUR_L_CF1_RI2_TI2_R12_C02,NEW_ALNS_EXPANSION,L,CF1,1,PHASE6N_TOP4,False
CB1_CAUR_L_CF1_RI2_TI2_R12_C02__seed721202__it0000415,ts_8794aab3cd0ab95b2571,CB1_CAUR_L_CF1_RI2_TI2_R12_C02,NEW_ALNS_EXPANSION,L,CF1,1,PHASE6N_TOP4,False
CB1_CAUR_L_CF1_RI2_TI2_R12_C02__seed721202__it0000415,ts_9c45b76ff9df966377b9,CB1_CAUR_L_CF1_RI2_TI2_R12_C02,NEW_ALNS_EXPANSION,L,CF1,1,PHASE6N_TOP4,False
CB1_CAUR_L_CF1_RI2_TI2_R12_C02__seed721202__it0000415,ts_df250ea7870fc0ccbe68,CB1_CAUR_L_CF1_RI2_TI2_R12_C02,NEW_ALNS_EXPANSION,L,CF1,1,PHASE6N_TOP4,False
CB1_CAUR_L_CF1_RI2_TI2_R12_C02__seed721203__it0000018,ts_4030f60ba93c3e56e36b,CB1_CAUR_L_CF1_RI2_TI2_R12_C02,NEW_ALNS_EXPANSION,L,CF1,1,CANONICAL_FALLBACK,True
CB1_CAUR_L_CF1_RI2_TI2_R12_C02__seed721203__it0000018,ts_43a0d76c6c26ca074d55,CB1_CAUR_L_CF1_RI2_TI2_R12_C02,NEW_ALNS_EXPANSION,L,CF1,1,PHASE6N_TOP4,False
CB1_CAUR_L_CF1_RI2_TI2_R12_C02__seed721203__it0000018,ts_86bb67f6bfe66dbb63b8,CB1_CAUR_L_CF1_RI2_TI2_R12_C02,NEW_ALNS_EXPANSION,L,CF1,1,PHASE6N_TOP4,False
CB1_CAUR_L_CF1_RI2_TI2_R12_C02__seed721203__it0000018,ts_a457d99c710a6926d7e3,CB1_CAUR_L_CF1_RI2_TI2_R12_C02,NEW_ALNS_EXPANSION,L,CF1,1,PHASE6N_TOP4,False
CB1_CAUR_L_CF1_RI2_TI2_R12_C02__seed721203__it0000018,ts_d91b82f0be33d965bfdc,CB1_CAUR_L_CF1_RI2_TI2_R12_C02,NEW_ALNS_EXPANSION,L,CF1,1,PHASE6N_TOP4,False
CB1_CAUR_L_CF1_RI2_TI2_R12_C02__seed721203__it0000075,ts_3d46e981a0542e224479,CB1_CAUR_L_CF1_RI2_TI2_R12_C02,NEW_ALNS_EXPANSION,L,CF1,1,CANONICAL_FALLBACK,True
CB1_CAUR_L_CF1_RI2_TI2_R12_C02__seed721203__it0000075,ts_581c1aa1ac932b70ad34,CB1_CAUR_L_CF1_RI2_TI2_R12_C02,NEW_ALNS_EXPANSION,L,CF1,1,PHASE6N_TOP4,False
CB1_CAUR_L_CF1_RI2_TI2_R12_C02__seed721203__it0000075,ts_70871a02ccece6ce1c33,CB1_CAUR_L_CF1_RI2_TI2_R12_C02,NEW_ALNS_EXPANSION,L,CF1,1,PHASE6N_TOP4,False
CB1_CAUR_L_CF1_RI2_TI2_R12_C02__seed721203__it0000075,ts_8bac1d7cf64aaee26486,CB1_CAUR_L_CF1_RI2_TI2_R12_C02,NEW_ALNS_EXPANSION,L,CF1,1,PHASE6N_TOP4,False
CB1_CAUR_L_CF1_RI2_TI2_R12_C02__seed721203__it0000075,ts_9ed49071a8238cd52426,CB1_CAUR_L_CF1_RI2_TI2_R12_C02,NEW_ALNS_EXPANSION,L,CF1,1,PHASE6N_TOP4,False
CB1_CAUR_L_CF1_RI2_TI2_R12_C02__seed721203__it0000136,ts_3192d5fa0206a5a05a34,CB1_CAUR_L_CF1_RI2_TI2_R12_C02,NEW_ALNS_EXPANSION,L,CF1,1,PHASE6N_TOP4,False
CB1_CAUR_L_CF1_RI2_TI2_R12_C02__seed721203__it0000136,ts_6a662779cd52333b63bf,CB1_CAUR_L_CF1_RI2_TI2_R12_C02,NEW_ALNS_EXPANSION,L,CF1,1,PHASE6N_TOP4,False
CB1_CAUR_L_CF1_RI2_TI2_R12_C02__seed721203__it0000136,ts_89aa904ea7fb54edf513,CB1_CAUR_L_CF1_RI2_TI2_R12_C02,NEW_ALNS_EXPANSION,L,CF1,1,PHASE6N_TOP4,False
CB1_CAUR_L_CF1_RI2_TI2_R12_C02__seed721203__it0000136,ts_cb1cefee2ebbc08175e9,CB1_CAUR_L_CF1_RI2_TI2_R12_C02,NEW_ALNS_EXPANSION,L,CF1,1,CANONICAL_FALLBACK,True
CB1_CAUR_L_CF1_RI2_TI2_R12_C02__seed721203__it0000136,ts_ccd3f54b35203dbb1eae,CB1_CAUR_L_CF1_RI2_TI2_R12_C02,NEW_ALNS_EXPANSION,L,CF1,1,PHASE6N_TOP4,False
CB1_CAUR_L_CF1_RI2_TI2_R12_C02__seed721203__it0000193,ts_2c5bada11b148c850a0a,CB1_CAUR_L_CF1_RI2_TI2_R12_C02,NEW_ALNS_EXPANSION,L,CF1,1,CANONICAL_FALLBACK,True
CB1_CAUR_L_CF1_RI2_TI2_R12_C02__seed721203__it0000193,ts_31d81e53dde4461676d1,CB1_CAUR_L_CF1_RI2_TI2_R12_C02,NEW_ALNS_EXPANSION,L,CF1,1,PHASE6N_TOP4,False
CB1_CAUR_L_CF1_RI2_TI2_R12_C02__seed721203__it0000193,ts_a191f8ff9c17dd50abb9,CB1_CAUR_L_CF1_RI2_TI2_R12_C02,NEW_ALNS_EXPANSION,L,CF1,1,PHASE6N_TOP4,False
CB1_CAUR_L_CF1_RI2_TI2_R12_C02__seed721203__it0000193,ts_a5c5b9b31754c6e5a493,CB1_CAUR_L_CF1_RI2_TI2_R12_C02,NEW_ALNS_EXPANSION,L,CF1,1,PHASE6N_TOP4,False
CB1_CAUR_L_CF1_RI2_TI2_R12_C02__seed721203__it0000193,ts_ffe69ecd352f43d51b8a,CB1_CAUR_L_CF1_RI2_TI2_R12_C02,NEW_ALNS_EXPANSION,L,CF1,1,PHASE6N_TOP4,False
CB1_CAUR_L_CF1_RI2_TI2_R12_C02__seed721203__it0000250,ts_0a61ea43e1152aedf449,CB1_CAUR_L_CF1_RI2_TI2_R12_C02,NEW_ALNS_EXPANSION,L,CF1,1,CANONICAL_FALLBACK,True
CB1_CAUR_L_CF1_RI2_TI2_R12_C02__seed721203__it0000250,ts_0d1ba1231632052e4439,CB1_CAUR_L_CF1_RI2_TI2_R12_C02,NEW_ALNS_EXPANSION,L,CF1,1,PHASE6N_TOP4,False
CB1_CAUR_L_CF1_RI2_TI2_R12_C02__seed721203__it0000250,ts_4c74e0e685fd6782d030,CB1_CAUR_L_CF1_RI2_TI2_R12_C02,NEW_ALNS_EXPANSION,L,CF1,1,PHASE6N_TOP4,False
CB1_CAUR_L_CF1_RI2_TI2_R12_C02__seed721203__it0000250,ts_9163523fc3f010a4d1e6,CB1_CAUR_L_CF1_RI2_TI2_R12_C02,NEW_ALNS_EXPANSION,L,CF1,1,PHASE6N_TOP4,False
CB1_CAUR_L_CF1_RI2_TI2_R12_C02__seed721203__it0000250,ts_e063a806a4932cf594ba,CB1_CAUR_L_CF1_RI2_TI2_R12_C02,NEW_ALNS_EXPANSION,L,CF1,1,PHASE6N_TOP4,False
CB1_CAUR_L_CF1_RI2_TI2_R12_C02__seed721203__it0000313,ts_1ae1ae9451ce258d8ac5,CB1_CAUR_L_CF1_RI2_TI2_R12_C02,NEW_ALNS_EXPANSION,L,CF1,1,CANONICAL_FALLBACK,True
CB1_CAUR_L_CF1_RI2_TI2_R12_C02__seed721203__it0000313,ts_90897e36b913a3e20525,CB1_CAUR_L_CF1_RI2_TI2_R12_C02,NEW_ALNS_EXPANSION,L,CF1,1,PHASE6N_TOP4,False
CB1_CAUR_L_CF1_RI2_TI2_R12_C02__seed721203__it0000313,ts_94514387d9986c3267bd,CB1_CAUR_L_CF1_RI2_TI2_R12_C02,NEW_ALNS_EXPANSION,L,CF1,1,PHASE6N_TOP4,False
CB1_CAUR_L_CF1_RI2_TI2_R12_C02__seed721203__it0000313,ts_a0e657fdc8f33b3bf4c2,CB1_CAUR_L_CF1_RI2_TI2_R12_C02,NEW_ALNS_EXPANSION,L,CF1,1,PHASE6N_TOP4,False
CB1_CAUR_L_CF1_RI2_TI2_R12_C02__seed721203__it0000313,ts_e0adf29fbb5baa8417cb,CB1_CAUR_L_CF1_RI2_TI2_R12_C02,NEW_ALNS_EXPANSION,L,CF1,1,PHASE6N_TOP4,False
CB1_CAUR_L_CF1_RI2_TI2_R12_C02__seed721203__it0000370,ts_328ad44506cc3608642b,CB1_CAUR_L_CF1_RI2_TI2_R12_C02,NEW_ALNS_EXPANSION,L,CF1,1,PHASE6N_TOP4,False
CB1_CAUR_L_CF1_RI2_TI2_R12_C02__seed721203__it0000370,ts_47607747889c4328e9e2,CB1_CAUR_L_CF1_RI2_TI2_R12_C02,NEW_ALNS_EXPANSION,L,CF1,1,PHASE6N_TOP4,False
CB1_CAUR_L_CF1_RI2_TI2_R12_C02__seed721203__it0000370,ts_6a16a4eae54e29ebbf4c,CB1_CAUR_L_CF1_RI2_TI2_R12_C02,NEW_ALNS_EXPANSION,L,CF1,1,PHASE6N_TOP4,False
CB1_CAUR_L_CF1_RI2_TI2_R12_C02__seed721203__it0000370,ts_bab88840192629b77a76,CB1_CAUR_L_CF1_RI2_TI2_R12_C02,NEW_ALNS_EXPANSION,L,CF1,1,PHASE6N_TOP4,False
CB1_CAUR_L_CF1_RI2_TI2_R12_C02__seed721203__it0000370,ts_ff1d0548b3234633553f,CB1_CAUR_L_CF1_RI2_TI2_R12_C02,NEW_ALNS_EXPANSION,L,CF1,1,CANONICAL_FALLBACK,True
CB1_CAUR_L_CF1_RI2_TI2_R12_C02__seed721203__it0000413,ts_06601b1d91c463047d66,CB1_CAUR_L_CF1_RI2_TI2_R12_C02,NEW_ALNS_EXPANSION,L,CF1,1,PHASE6N_TOP4,False
CB1_CAUR_L_CF1_RI2_TI2_R12_C02__seed721203__it0000413,ts_1489e42dba7957515eb5,CB1_CAUR_L_CF1_RI2_TI2_R12_C02,NEW_ALNS_EXPANSION,L,CF1,1,PHASE6N_TOP4,False
CB1_CAUR_L_CF1_RI2_TI2_R12_C02__seed721203__it0000413,ts_54c20109815fa1aaff32,CB1_CAUR_L_CF1_RI2_TI2_R12_C02,NEW_ALNS_EXPANSION,L,CF1,1,PHASE6N_TOP4,False
CB1_CAUR_L_CF1_RI2_TI2_R12_C02__seed721203__it0000413,ts_e0619a711c5630c27979,CB1_CAUR_L_CF1_RI2_TI2_R12_C02,NEW_ALNS_EXPANSION,L,CF1,1,PHASE6N_TOP4,False
CB1_CAUR_L_CF1_RI2_TI2_R12_C02__seed721203__it0000413,ts_ecf9ab62721767304922,CB1_CAUR_L_CF1_RI2_TI2_R12_C02,NEW_ALNS_EXPANSION,L,CF1,1,CANONICAL_FALLBACK,True
CB1_CAUR_L_CF1_RI2_TI2_R12_C02__seed721204__it0000018,ts_4a8d3aaed41f38e0a805,CB1_CAUR_L_CF1_RI2_TI2_R12_C02,NEW_ALNS_EXPANSION,L,CF1,1,PHASE6N_TOP4,False
CB1_CAUR_L_CF1_RI2_TI2_R12_C02__seed721204__it0000018,ts_80f42d07638599b3b0b6,CB1_CAUR_L_CF1_RI2_TI2_R12_C02,NEW_ALNS_EXPANSION,L,CF1,1,CANONICAL_FALLBACK,True
CB1_CAUR_L_CF1_RI2_TI2_R12_C02__seed721204__it0000018,ts_828db95a3cc98d42eb91,CB1_CAUR_L_CF1_RI2_TI2_R12_C02,NEW_ALNS_EXPANSION,L,CF1,1,PHASE6N_TOP4,False
CB1_CAUR_L_CF1_RI2_TI2_R12_C02__seed721204__it0000018,ts_9acbe6276eaca54ea3a7,CB1_CAUR_L_CF1_RI2_TI2_R12_C02,NEW_ALNS_EXPANSION,L,CF1,1,PHASE6N_TOP4,False
CB1_CAUR_L_CF1_RI2_TI2_R12_C02__seed721204__it0000018,ts_d64e4f6a04c29301c625,CB1_CAUR_L_CF1_RI2_TI2_R12_C02,NEW_ALNS_EXPANSION,L,CF1,1,PHASE6N_TOP4,False
CB1_CAUR_L_CF1_RI2_TI2_R12_C02__seed721204__it0000075,ts_58e98f6b095a322a6b7d,CB1_CAUR_L_CF1_RI2_TI2_R12_C02,NEW_ALNS_EXPANSION,L,CF1,1,CANONICAL_FALLBACK,True
CB1_CAUR_L_CF1_RI2_TI2_R12_C02__seed721204__it0000075,ts_8833e965dd4199419930,CB1_CAUR_L_CF1_RI2_TI2_R12_C02,NEW_ALNS_EXPANSION,L,CF1,1,PHASE6N_TOP4,False
CB1_CAUR_L_CF1_RI2_TI2_R12_C02__seed721204__it0000075,ts_8c8f6cbe11c973892646,CB1_CAUR_L_CF1_RI2_TI2_R12_C02,NEW_ALNS_EXPANSION,L,CF1,1,PHASE6N_TOP4,False
CB1_CAUR_L_CF1_RI2_TI2_R12_C02__seed721204__it0000075,ts_b109ccf1fc1679881a30,CB1_CAUR_L_CF1_RI2_TI2_R12_C02,NEW_ALNS_EXPANSION,L,CF1,1,PHASE6N_TOP4,False
CB1_CAUR_L_CF1_RI2_TI2_R12_C02__seed721204__it0000075,ts_bb9652cea4325c3fdd46,CB1_CAUR_L_CF1_RI2_TI2_R12_C02,NEW_ALNS_EXPANSION,L,CF1,1,PHASE6N_TOP4,False
CB1_CAUR_L_CF1_RI2_TI2_R12_C02__seed721204__it0000138,ts_8923175d7ed409b8e447,CB1_CAUR_L_CF1_RI2_TI2_R12_C02,NEW_ALNS_EXPANSION,L,CF1,1,PHASE6N_TOP4,False
CB1_CAUR_L_CF1_RI2_TI2_R12_C02__seed721204__it0000138,ts_a0b63aa36e78871ca05e,CB1_CAUR_L_CF1_RI2_TI2_R12_C02,NEW_ALNS_EXPANSION,L,CF1,1,CANONICAL_FALLBACK|PHASE6N_TOP4,True
CB1_CAUR_L_CF1_RI2_TI2_R12_C02__seed721204__it0000138,ts_b62ac1ba37ca920bca7b,CB1_CAUR_L_CF1_RI2_TI2_R12_C02,NEW_ALNS_EXPANSION,L,CF1,1,PHASE6N_TOP4,False
CB1_CAUR_L_CF1_RI2_TI2_R12_C02__seed721204__it0000138,ts_fd9a46ab20d34b6012a5,CB1_CAUR_L_CF1_RI2_TI2_R12_C02,NEW_ALNS_EXPANSION,L,CF1,1,PHASE6N_TOP4,False
CB1_CAUR_L_CF1_RI2_TI2_R12_C02__seed721204__it0000195,ts_094ba064423d86326de0,CB1_CAUR_L_CF1_RI2_TI2_R12_C02,NEW_ALNS_EXPANSION,L,CF1,1,PHASE6N_TOP4,False
CB1_CAUR_L_CF1_RI2_TI2_R12_C02__seed721204__it0000195,ts_676f3f94d7d64bde618f,CB1_CAUR_L_CF1_RI2_TI2_R12_C02,NEW_ALNS_EXPANSION,L,CF1,1,PHASE6N_TOP4,False
CB1_CAUR_L_CF1_RI2_TI2_R12_C02__seed721204__it0000195,ts_69baea7e36b0ce913052,CB1_CAUR_L_CF1_RI2_TI2_R12_C02,NEW_ALNS_EXPANSION,L,CF1,1,PHASE6N_TOP4,False
CB1_CAUR_L_CF1_RI2_TI2_R12_C02__seed721204__it0000195,ts_725979d8c11ad2fea0b2,CB1_CAUR_L_CF1_RI2_TI2_R12_C02,NEW_ALNS_EXPANSION,L,CF1,1,PHASE6N_TOP4,False
CB1_CAUR_L_CF1_RI2_TI2_R12_C02__seed721204__it0000195,ts_9df8a69ed66276050e64,CB1_CAUR_L_CF1_RI2_TI2_R12_C02,NEW_ALNS_EXPANSION,L,CF1,1,CANONICAL_FALLBACK,True
CB1_CAUR_L_CF1_RI2_TI2_R12_C02__seed721204__it0000252,ts_a9605190431e6d0f2704,CB1_CAUR_L_CF1_RI2_TI2_R12_C02,NEW_ALNS_EXPANSION,L,CF1,1,PHASE6N_TOP4,False
CB1_CAUR_L_CF1_RI2_TI2_R12_C02__seed721204__it0000252,ts_baa3212a32ce58012179,CB1_CAUR_L_CF1_RI2_TI2_R12_C02,NEW_ALNS_EXPANSION,L,CF1,1,PHASE6N_TOP4,False
CB1_CAUR_L_CF1_RI2_TI2_R12_C02__seed721204__it0000252,ts_bcdfe11a6eacdfa64f5d,CB1_CAUR_L_CF1_RI2_TI2_R12_C02,NEW_ALNS_EXPANSION,L,CF1,1,PHASE6N_TOP4,False
CB1_CAUR_L_CF1_RI2_TI2_R12_C02__seed721204__it0000252,ts_c3b1c9cbc92ba20e5421,CB1_CAUR_L_CF1_RI2_TI2_R12_C02,NEW_ALNS_EXPANSION,L,CF1,1,CANONICAL_FALLBACK,True
CB1_CAUR_L_CF1_RI2_TI2_R12_C02__seed721204__it0000252,ts_ddcf2ff0c03897388314,CB1_CAUR_L_CF1_RI2_TI2_R12_C02,NEW_ALNS_EXPANSION,L,CF1,1,PHASE6N_TOP4,False
CB1_CAUR_L_CF1_RI2_TI2_R12_C02__seed721204__it0000313,ts_0e77403c9d93368db7d6,CB1_CAUR_L_CF1_RI2_TI2_R12_C02,NEW_ALNS_EXPANSION,L,CF1,1,PHASE6N_TOP4,False
CB1_CAUR_L_CF1_RI2_TI2_R12_C02__seed721204__it0000313,ts_39a120a9289ea2ed685c,CB1_CAUR_L_CF1_RI2_TI2_R12_C02,NEW_ALNS_EXPANSION,L,CF1,1,CANONICAL_FALLBACK,True
CB1_CAUR_L_CF1_RI2_TI2_R12_C02__seed721204__it0000313,ts_4b5a7f6caae30cbe5d2d,CB1_CAUR_L_CF1_RI2_TI2_R12_C02,NEW_ALNS_EXPANSION,L,CF1,1,PHASE6N_TOP4,False
CB1_CAUR_L_CF1_RI2_TI2_R12_C02__seed721204__it0000313,ts_824f43152c9fc7b68cba,CB1_CAUR_L_CF1_RI2_TI2_R12_C02,NEW_ALNS_EXPANSION,L,CF1,1,PHASE6N_TOP4,False
CB1_CAUR_L_CF1_RI2_TI2_R12_C02__seed721204__it0000313,ts_a866bf36556e40486bb3,CB1_CAUR_L_CF1_RI2_TI2_R12_C02,NEW_ALNS_EXPANSION,L,CF1,1,PHASE6N_TOP4,False
CB1_CAUR_L_CF1_RI2_TI2_R12_C02__seed721204__it0000369,ts_5391d42f71fe664d3cb8,CB1_CAUR_L_CF1_RI2_TI2_R12_C02,NEW_ALNS_EXPANSION,L,CF1,1,PHASE6N_TOP4,False
CB1_CAUR_L_CF1_RI2_TI2_R12_C02__seed721204__it0000369,ts_87a526e35157e3854d48,CB1_CAUR_L_CF1_RI2_TI2_R12_C02,NEW_ALNS_EXPANSION,L,CF1,1,PHASE6N_TOP4,False
CB1_CAUR_L_CF1_RI2_TI2_R12_C02__seed721204__it0000369,ts_b6e01f83230bc6d1c346,CB1_CAUR_L_CF1_RI2_TI2_R12_C02,NEW_ALNS_EXPANSION,L,CF1,1,PHASE6N_TOP4,False
CB1_CAUR_L_CF1_RI2_TI2_R12_C02__seed721204__it0000369,ts_d0b0abdb81c6556d84d1,CB1_CAUR_L_CF1_RI2_TI2_R12_C02,NEW_ALNS_EXPANSION,L,CF1,1,CANONICAL_FALLBACK,True
CB1_CAUR_L_CF1_RI2_TI2_R12_C02__seed721204__it0000369,ts_e9fce2398f0096122c88,CB1_CAUR_L_CF1_RI2_TI2_R12_C02,NEW_ALNS_EXPANSION,L,CF1,1,PHASE6N_TOP4,False
CB1_CAUR_L_CF1_RI2_TI2_R12_C02__seed721204__it0000413,ts_159063f170ba3a79e8ae,CB1_CAUR_L_CF1_RI2_TI2_R12_C02,NEW_ALNS_EXPANSION,L,CF1,1,PHASE6N_TOP4,False
CB1_CAUR_L_CF1_RI2_TI2_R12_C02__seed721204__it0000413,ts_41410efe1b8b32b47dbc,CB1_CAUR_L_CF1_RI2_TI2_R12_C02,NEW_ALNS_EXPANSION,L,CF1,1,PHASE6N_TOP4,False
CB1_CAUR_L_CF1_RI2_TI2_R12_C02__seed721204__it0000413,ts_8d3e2538cc3f06381edc,CB1_CAUR_L_CF1_RI2_TI2_R12_C02,NEW_ALNS_EXPANSION,L,CF1,1,CANONICAL_FALLBACK,True
CB1_CAUR_L_CF1_RI2_TI2_R12_C02__seed721204__it0000413,ts_917ab3cc5e850da45c47,CB1_CAUR_L_CF1_RI2_TI2_R12_C02,NEW_ALNS_EXPANSION,L,CF1,1,PHASE6N_TOP4,False
CB1_CAUR_L_CF1_RI2_TI2_R12_C02__seed721204__it0000413,ts_c228749ef3f29029d7d6,CB1_CAUR_L_CF1_RI2_TI2_R12_C02,NEW_ALNS_EXPANSION,L,CF1,1,PHASE6N_TOP4,False
CB1_CAUR_L_CF1_RI2_TI2_R12__seed691201__it0000012,ts_1ac9a27f28f3f586d932,CB1_CAUR_L_CF1_RI2_TI2_R12,ORIGINAL_PHASE6J_CAUR,L,CF1,1,PHASE6L_TOP4,False
CB1_CAUR_L_CF1_RI2_TI2_R12__seed691201__it0000012,ts_414afb7509172fba6d6a,CB1_CAUR_L_CF1_RI2_TI2_R12,ORIGINAL_PHASE6J_CAUR,L,CF1,1,PHASE6N_TOP4,False
CB1_CAUR_L_CF1_RI2_TI2_R12__seed691201__it0000012,ts_6771085b439c0a344cda,CB1_CAUR_L_CF1_RI2_TI2_R12,ORIGINAL_PHASE6J_CAUR,L,CF1,1,PHASE6L_TOP4,False
CB1_CAUR_L_CF1_RI2_TI2_R12__seed691201__it0000012,ts_70fa834af4d72d03262d,CB1_CAUR_L_CF1_RI2_TI2_R12,ORIGINAL_PHASE6J_CAUR,L,CF1,1,PHASE6L_TOP4,False
CB1_CAUR_L_CF1_RI2_TI2_R12__seed691201__it0000012,ts_7c82804c4e4eba3db6ab,CB1_CAUR_L_CF1_RI2_TI2_R12,ORIGINAL_PHASE6J_CAUR,L,CF1,1,PHASE6N_TOP4,False
CB1_CAUR_L_CF1_RI2_TI2_R12__seed691201__it0000012,ts_c9e8ebee883c96cd5fba,CB1_CAUR_L_CF1_RI2_TI2_R12,ORIGINAL_PHASE6J_CAUR,L,CF1,1,CANONICAL_FALLBACK,True
CB1_CAUR_L_CF1_RI2_TI2_R12__seed691201__it0000012,ts_df78c4e397d2bb1966c3,CB1_CAUR_L_CF1_RI2_TI2_R12,ORIGINAL_PHASE6J_CAUR,L,CF1,1,PHASE6L_TOP4,False
CB1_CAUR_L_CF1_RI2_TI2_R12__seed691201__it0000012,ts_e68cf7a402956525ba36,CB1_CAUR_L_CF1_RI2_TI2_R12,ORIGINAL_PHASE6J_CAUR,L,CF1,1,PHASE6N_TOP4,False
CB1_CAUR_L_CF1_RI2_TI2_R12__seed691201__it0000012,ts_ee17e2b066fb75581ec0,CB1_CAUR_L_CF1_RI2_TI2_R12,ORIGINAL_PHASE6J_CAUR,L,CF1,1,PHASE6N_TOP4,False
CB1_CAUR_L_CF1_RI2_TI2_R12__seed691201__it0000050,ts_09ce28f1e01783e32b34,CB1_CAUR_L_CF1_RI2_TI2_R12,ORIGINAL_PHASE6J_CAUR,L,CF1,1,PHASE6L_TOP4,False
CB1_CAUR_L_CF1_RI2_TI2_R12__seed691201__it0000050,ts_1f90096564b5686a95ac,CB1_CAUR_L_CF1_RI2_TI2_R12,ORIGINAL_PHASE6J_CAUR,L,CF1,1,CANONICAL_FALLBACK,True
CB1_CAUR_L_CF1_RI2_TI2_R12__seed691201__it0000050,ts_63c290d13f86a9a659ae,CB1_CAUR_L_CF1_RI2_TI2_R12,ORIGINAL_PHASE6J_CAUR,L,CF1,1,PHASE6N_TOP4,False
CB1_CAUR_L_CF1_RI2_TI2_R12__seed691201__it0000050,ts_aa5d6547275c0554c8cd,CB1_CAUR_L_CF1_RI2_TI2_R12,ORIGINAL_PHASE6J_CAUR,L,CF1,1,PHASE6L_TOP4,False
CB1_CAUR_L_CF1_RI2_TI2_R12__seed691201__it0000050,ts_c37fe7f6ac1d68268df2,CB1_CAUR_L_CF1_RI2_TI2_R12,ORIGINAL_PHASE6J_CAUR,L,CF1,1,PHASE6L_TOP4|PHASE6N_TOP4,False
CB1_CAUR_L_CF1_RI2_TI2_R12__seed691201__it0000050,ts_c5986ecb17152acbafaf,CB1_CAUR_L_CF1_RI2_TI2_R12,ORIGINAL_PHASE6J_CAUR,L,CF1,1,PHASE6N_TOP4,False
CB1_CAUR_L_CF1_RI2_TI2_R12__seed691201__it0000050,ts_c80114c3f9fdfa2a7625,CB1_CAUR_L_CF1_RI2_TI2_R12,ORIGINAL_PHASE6J_CAUR,L,CF1,1,PHASE6N_TOP4,False
CB1_CAUR_L_CF1_RI2_TI2_R12__seed691201__it0000050,ts_ed0d80616da75918169c,CB1_CAUR_L_CF1_RI2_TI2_R12,ORIGINAL_PHASE6J_CAUR,L,CF1,1,PHASE6L_TOP4,False
CB1_CAUR_L_CF1_RI2_TI2_R12__seed691201__it0000091,ts_200af47a85af1e5ebac4,CB1_CAUR_L_CF1_RI2_TI2_R12,ORIGINAL_PHASE6J_CAUR,L,CF1,1,PHASE6N_TOP4,False
CB1_CAUR_L_CF1_RI2_TI2_R12__seed691201__it0000091,ts_64fb1941ef92f8e5b9d9,CB1_CAUR_L_CF1_RI2_TI2_R12,ORIGINAL_PHASE6J_CAUR,L,CF1,1,PHASE6L_TOP4|PHASE6N_TOP4,False
CB1_CAUR_L_CF1_RI2_TI2_R12__seed691201__it0000091,ts_6af7a8107230bf3cc5ce,CB1_CAUR_L_CF1_RI2_TI2_R12,ORIGINAL_PHASE6J_CAUR,L,CF1,1,PHASE6L_TOP4,False
CB1_CAUR_L_CF1_RI2_TI2_R12__seed691201__it0000091,ts_b0746d39716380e1c8b7,CB1_CAUR_L_CF1_RI2_TI2_R12,ORIGINAL_PHASE6J_CAUR,L,CF1,1,PHASE6L_TOP4,False
CB1_CAUR_L_CF1_RI2_TI2_R12__seed691201__it0000091,ts_e7264dd48c0315d9616f,CB1_CAUR_L_CF1_RI2_TI2_R12,ORIGINAL_PHASE6J_CAUR,L,CF1,1,CANONICAL_FALLBACK,True
CB1_CAUR_L_CF1_RI2_TI2_R12__seed691201__it0000091,ts_ed0171733c75b80c1dff,CB1_CAUR_L_CF1_RI2_TI2_R12,ORIGINAL_PHASE6J_CAUR,L,CF1,1,PHASE6L_TOP4|PHASE6N_TOP4,False
CB1_CAUR_L_CF1_RI2_TI2_R12__seed691201__it0000091,ts_fb0f024a6d903a8e0a16,CB1_CAUR_L_CF1_RI2_TI2_R12,ORIGINAL_PHASE6J_CAUR,L,CF1,1,PHASE6N_TOP4,False
CB1_CAUR_L_CF1_RI2_TI2_R12__seed691201__it0000128,ts_536a09bd44669fa04556,CB1_CAUR_L_CF1_RI2_TI2_R12,ORIGINAL_PHASE6J_CAUR,L,CF1,1,PHASE6L_TOP4,False
CB1_CAUR_L_CF1_RI2_TI2_R12__seed691201__it0000128,ts_5a3220025dbc0fe33a53,CB1_CAUR_L_CF1_RI2_TI2_R12,ORIGINAL_PHASE6J_CAUR,L,CF1,1,PHASE6L_TOP4,False
CB1_CAUR_L_CF1_RI2_TI2_R12__seed691201__it0000128,ts_83182d6f24bb546880b4,CB1_CAUR_L_CF1_RI2_TI2_R12,ORIGINAL_PHASE6J_CAUR,L,CF1,1,PHASE6N_TOP4,False
CB1_CAUR_L_CF1_RI2_TI2_R12__seed691201__it0000128,ts_882947b5cc462e46a38e,CB1_CAUR_L_CF1_RI2_TI2_R12,ORIGINAL_PHASE6J_CAUR,L,CF1,1,CANONICAL_FALLBACK,True
CB1_CAUR_L_CF1_RI2_TI2_R12__seed691201__it0000128,ts_8cd157aa70073feaf762,CB1_CAUR_L_CF1_RI2_TI2_R12,ORIGINAL_PHASE6J_CAUR,L,CF1,1,PHASE6N_TOP4,False
CB1_CAUR_L_CF1_RI2_TI2_R12__seed691201__it0000128,ts_c8a971c034f3870031d1,CB1_CAUR_L_CF1_RI2_TI2_R12,ORIGINAL_PHASE6J_CAUR,L,CF1,1,PHASE6L_TOP4,False
CB1_CAUR_L_CF1_RI2_TI2_R12__seed691201__it0000128,ts_db9644ea168bc16d1fb6,CB1_CAUR_L_CF1_RI2_TI2_R12,ORIGINAL_PHASE6J_CAUR,L,CF1,1,PHASE6N_TOP4,False
CB1_CAUR_L_CF1_RI2_TI2_R12__seed691201__it0000128,ts_dd86eadf56928cbe1b02,CB1_CAUR_L_CF1_RI2_TI2_R12,ORIGINAL_PHASE6J_CAUR,L,CF1,1,PHASE6N_TOP4,False
CB1_CAUR_L_CF1_RI2_TI2_R12__seed691201__it0000128,ts_e8486e5f6052feb7415b,CB1_CAUR_L_CF1_RI2_TI2_R12,ORIGINAL_PHASE6J_CAUR,L,CF1,1,PHASE6L_TOP4,False
CB1_CAUR_L_CF1_RI2_TI2_R12__seed691201__it0000165,ts_270428012ecd65e3bb02,CB1_CAUR_L_CF1_RI2_TI2_R12,ORIGINAL_PHASE6J_CAUR,L,CF1,1,PHASE6L_TOP4|PHASE6N_TOP4,False
CB1_CAUR_L_CF1_RI2_TI2_R12__seed691201__it0000165,ts_374ff5c0a5738ddd9e32,CB1_CAUR_L_CF1_RI2_TI2_R12,ORIGINAL_PHASE6J_CAUR,L,CF1,1,PHASE6N_TOP4,False
CB1_CAUR_L_CF1_RI2_TI2_R12__seed691201__it0000165,ts_5588a909e4db52397490,CB1_CAUR_L_CF1_RI2_TI2_R12,ORIGINAL_PHASE6J_CAUR,L,CF1,1,PHASE6N_TOP4,False
CB1_CAUR_L_CF1_RI2_TI2_R12__seed691201__it0000165,ts_76d1fc57fa59a18988a4,CB1_CAUR_L_CF1_RI2_TI2_R12,ORIGINAL_PHASE6J_CAUR,L,CF1,1,CANONICAL_FALLBACK,True
CB1_CAUR_L_CF1_RI2_TI2_R12__seed691201__it0000165,ts_9e30743a34dfb449012a,CB1_CAUR_L_CF1_RI2_TI2_R12,ORIGINAL_PHASE6J_CAUR,L,CF1,1,PHASE6L_TOP4,False
CB1_CAUR_L_CF1_RI2_TI2_R12__seed691201__it0000165,ts_c38d2ff23ad9ab5a5a2f,CB1_CAUR_L_CF1_RI2_TI2_R12,ORIGINAL_PHASE6J_CAUR,L,CF1,1,PHASE6L_TOP4,False
CB1_CAUR_L_CF1_RI2_TI2_R12__seed691201__it0000165,ts_eb83414c212ab96137db,CB1_CAUR_L_CF1_RI2_TI2_R12,ORIGINAL_PHASE6J_CAUR,L,CF1,1,PHASE6N_TOP4,False
CB1_CAUR_L_CF1_RI2_TI2_R12__seed691201__it0000165,ts_fcc07610bde38b092aa1,CB1_CAUR_L_CF1_RI2_TI2_R12,ORIGINAL_PHASE6J_CAUR,L,CF1,1,PHASE6L_TOP4,False
CB1_CAUR_L_CF1_RI2_TI2_R12__seed691201__it0000205,ts_11a3963e88ebf6ef3e3c,CB1_CAUR_L_CF1_RI2_TI2_R12,ORIGINAL_PHASE6J_CAUR,L,CF1,1,PHASE6L_TOP4|PHASE6N_TOP4,False
CB1_CAUR_L_CF1_RI2_TI2_R12__seed691201__it0000205,ts_23a631ec18cf3925b7bb,CB1_CAUR_L_CF1_RI2_TI2_R12,ORIGINAL_PHASE6J_CAUR,L,CF1,1,CANONICAL_FALLBACK,True
CB1_CAUR_L_CF1_RI2_TI2_R12__seed691201__it0000205,ts_364758a01ebe908a3055,CB1_CAUR_L_CF1_RI2_TI2_R12,ORIGINAL_PHASE6J_CAUR,L,CF1,1,PHASE6N_TOP4,False
CB1_CAUR_L_CF1_RI2_TI2_R12__seed691201__it0000205,ts_62d03c41332a6e37343d,CB1_CAUR_L_CF1_RI2_TI2_R12,ORIGINAL_PHASE6J_CAUR,L,CF1,1,PHASE6N_TOP4,False
CB1_CAUR_L_CF1_RI2_TI2_R12__seed691201__it0000205,ts_6fbadc102a12c1a96bf4,CB1_CAUR_L_CF1_RI2_TI2_R12,ORIGINAL_PHASE6J_CAUR,L,CF1,1,PHASE6L_TOP4,False
CB1_CAUR_L_CF1_RI2_TI2_R12__seed691201__it0000205,ts_c3cc6ce94637b446cb78,CB1_CAUR_L_CF1_RI2_TI2_R12,ORIGINAL_PHASE6J_CAUR,L,CF1,1,PHASE6L_TOP4,False
CB1_CAUR_L_CF1_RI2_TI2_R12__seed691201__it0000205,ts_f38f077ddc989e1d28dd,CB1_CAUR_L_CF1_RI2_TI2_R12,ORIGINAL_PHASE6J_CAUR,L,CF1,1,PHASE6L_TOP4|PHASE6N_TOP4,False
CB1_CAUR_L_CF1_RI2_TI2_R12__seed691201__it0000242,ts_04ad5de84698409e54b6,CB1_CAUR_L_CF1_RI2_TI2_R12,ORIGINAL_PHASE6J_CAUR,L,CF1,1,CANONICAL_FALLBACK,True
CB1_CAUR_L_CF1_RI2_TI2_R12__seed691201__it0000242,ts_1b02468812e52631562b,CB1_CAUR_L_CF1_RI2_TI2_R12,ORIGINAL_PHASE6J_CAUR,L,CF1,1,PHASE6L_TOP4|PHASE6N_TOP4,False
CB1_CAUR_L_CF1_RI2_TI2_R12__seed691201__it0000242,ts_350179de11ed5b245711,CB1_CAUR_L_CF1_RI2_TI2_R12,ORIGINAL_PHASE6J_CAUR,L,CF1,1,PHASE6L_TOP4,False
CB1_CAUR_L_CF1_RI2_TI2_R12__seed691201__it0000242,ts_970c5d90141eb90f8811,CB1_CAUR_L_CF1_RI2_TI2_R12,ORIGINAL_PHASE6J_CAUR,L,CF1,1,PHASE6N_TOP4,False
CB1_CAUR_L_CF1_RI2_TI2_R12__seed691201__it0000242,ts_ad55d8a2c44fd5002fb1,CB1_CAUR_L_CF1_RI2_TI2_R12,ORIGINAL_PHASE6J_CAUR,L,CF1,1,PHASE6N_TOP4,False
CB1_CAUR_L_CF1_RI2_TI2_R12__seed691201__it0000242,ts_c38ba5c087bcd2adf51b,CB1_CAUR_L_CF1_RI2_TI2_R12,ORIGINAL_PHASE6J_CAUR,L,CF1,1,PHASE6L_TOP4|PHASE6N_TOP4,False
CB1_CAUR_L_CF1_RI2_TI2_R12__seed691201__it0000242,ts_cb9ab08ebb2fe566169f,CB1_CAUR_L_CF1_RI2_TI2_R12,ORIGINAL_PHASE6J_CAUR,L,CF1,1,PHASE6L_TOP4,False
CB1_CAUR_L_CF1_RI2_TI2_R12__seed691201__it0000270,ts_015ee1f6eb6373859f96,CB1_CAUR_L_CF1_RI2_TI2_R12,ORIGINAL_PHASE6J_CAUR,L,CF1,1,PHASE6N_TOP4,False
CB1_CAUR_L_CF1_RI2_TI2_R12__seed691201__it0000270,ts_042906a16ba2a32b3ba7,CB1_CAUR_L_CF1_RI2_TI2_R12,ORIGINAL_PHASE6J_CAUR,L,CF1,1,PHASE6L_TOP4|PHASE6N_TOP4,False
CB1_CAUR_L_CF1_RI2_TI2_R12__seed691201__it0000270,ts_0881078cc4e1c33069c9,CB1_CAUR_L_CF1_RI2_TI2_R12,ORIGINAL_PHASE6J_CAUR,L,CF1,1,PHASE6L_TOP4,False
CB1_CAUR_L_CF1_RI2_TI2_R12__seed691201__it0000270,ts_58e07afc4c9911fb4146,CB1_CAUR_L_CF1_RI2_TI2_R12,ORIGINAL_PHASE6J_CAUR,L,CF1,1,PHASE6N_TOP4,False
CB1_CAUR_L_CF1_RI2_TI2_R12__seed691201__it0000270,ts_6df1038cb8416ff56bd7,CB1_CAUR_L_CF1_RI2_TI2_R12,ORIGINAL_PHASE6J_CAUR,L,CF1,1,PHASE6N_TOP4,False
CB1_CAUR_L_CF1_RI2_TI2_R12__seed691201__it0000270,ts_794aad69b550a2126404,CB1_CAUR_L_CF1_RI2_TI2_R12,ORIGINAL_PHASE6J_CAUR,L,CF1,1,PHASE6L_TOP4,False
CB1_CAUR_L_CF1_RI2_TI2_R12__seed691201__it0000270,ts_7d2961c8c6eb07e88505,CB1_CAUR_L_CF1_RI2_TI2_R12,ORIGINAL_PHASE6J_CAUR,L,CF1,1,PHASE6L_TOP4,False
CB1_CAUR_L_CF1_RI2_TI2_R12__seed691201__it0000270,ts_e4a9b5dae7db8d97cf40,CB1_CAUR_L_CF1_RI2_TI2_R12,ORIGINAL_PHASE6J_CAUR,L,CF1,1,CANONICAL_FALLBACK,True
CB1_CAUR_L_CF1_RI2_TI2_R12__seed691202__it0000012,ts_3975939f269ba62fe4a3,CB1_CAUR_L_CF1_RI2_TI2_R12,ORIGINAL_PHASE6J_CAUR,L,CF1,1,PHASE6N_TOP4,False
CB1_CAUR_L_CF1_RI2_TI2_R12__seed691202__it0000012,ts_8de38f6a8ec544b6ca0b,CB1_CAUR_L_CF1_RI2_TI2_R12,ORIGINAL_PHASE6J_CAUR,L,CF1,1,PHASE6L_TOP4|PHASE6N_TOP4,False
CB1_CAUR_L_CF1_RI2_TI2_R12__seed691202__it0000012,ts_a251e05551cd74b96aa6,CB1_CAUR_L_CF1_RI2_TI2_R12,ORIGINAL_PHASE6J_CAUR,L,CF1,1,PHASE6L_TOP4,False
CB1_CAUR_L_CF1_RI2_TI2_R12__seed691202__it0000012,ts_a253adecefe15a91a85b,CB1_CAUR_L_CF1_RI2_TI2_R12,ORIGINAL_PHASE6J_CAUR,L,CF1,1,CANONICAL_FALLBACK,True
CB1_CAUR_L_CF1_RI2_TI2_R12__seed691202__it0000012,ts_bc1da931066d7f369f7b,CB1_CAUR_L_CF1_RI2_TI2_R12,ORIGINAL_PHASE6J_CAUR,L,CF1,1,PHASE6N_TOP4,False
CB1_CAUR_L_CF1_RI2_TI2_R12__seed691202__it0000012,ts_c13fdae6a8c1f3527dbe,CB1_CAUR_L_CF1_RI2_TI2_R12,ORIGINAL_PHASE6J_CAUR,L,CF1,1,PHASE6L_TOP4,False
CB1_CAUR_L_CF1_RI2_TI2_R12__seed691202__it0000012,ts_d1c3af669fd1c6608193,CB1_CAUR_L_CF1_RI2_TI2_R12,ORIGINAL_PHASE6J_CAUR,L,CF1,1,PHASE6L_TOP4,False
CB1_CAUR_L_CF1_RI2_TI2_R12__seed691202__it0000012,ts_daf4b15f5f601885ba55,CB1_CAUR_L_CF1_RI2_TI2_R12,ORIGINAL_PHASE6J_CAUR,L,CF1,1,PHASE6N_TOP4,False
CB1_CAUR_L_CF1_RI2_TI2_R12__seed691202__it0000050,ts_5c76d9cfc2fc592f2088,CB1_CAUR_L_CF1_RI2_TI2_R12,ORIGINAL_PHASE6J_CAUR,L,CF1,1,PHASE6L_TOP4|PHASE6N_TOP4,False
CB1_CAUR_L_CF1_RI2_TI2_R12__seed691202__it0000050,ts_76bfd3c236f26d9c0698,CB1_CAUR_L_CF1_RI2_TI2_R12,ORIGINAL_PHASE6J_CAUR,L,CF1,1,PHASE6L_TOP4,False
CB1_CAUR_L_CF1_RI2_TI2_R12__seed691202__it0000050,ts_82105d7e4f9dff78cbad,CB1_CAUR_L_CF1_RI2_TI2_R12,ORIGINAL_PHASE6J_CAUR,L,CF1,1,CANONICAL_FALLBACK,True
CB1_CAUR_L_CF1_RI2_TI2_R12__seed691202__it0000050,ts_86cdbbd1baccf94413df,CB1_CAUR_L_CF1_RI2_TI2_R12,ORIGINAL_PHASE6J_CAUR,L,CF1,1,PHASE6L_TOP4|PHASE6N_TOP4,False
CB1_CAUR_L_CF1_RI2_TI2_R12__seed691202__it0000050,ts_aa0a62f2cef49c939a31,CB1_CAUR_L_CF1_RI2_TI2_R12,ORIGINAL_PHASE6J_CAUR,L,CF1,1,PHASE6N_TOP4,False
CB1_CAUR_L_CF1_RI2_TI2_R12__seed691202__it0000050,ts_dcbf79ea3a4269718e16,CB1_CAUR_L_CF1_RI2_TI2_R12,ORIGINAL_PHASE6J_CAUR,L,CF1,1,PHASE6L_TOP4,False
CB1_CAUR_L_CF1_RI2_TI2_R12__seed691202__it0000050,ts_effd0bc2f8caebc93b8e,CB1_CAUR_L_CF1_RI2_TI2_R12,ORIGINAL_PHASE6J_CAUR,L,CF1,1,PHASE6N_TOP4,False
CB1_CAUR_L_CF1_RI2_TI2_R12__seed691202__it0000091,ts_260a3dd7cf449c861a69,CB1_CAUR_L_CF1_RI2_TI2_R12,ORIGINAL_PHASE6J_CAUR,L,CF1,1,PHASE6L_TOP4|PHASE6N_TOP4,False
CB1_CAUR_L_CF1_RI2_TI2_R12__seed691202__it0000091,ts_2d45d9b4eee14ef03966,CB1_CAUR_L_CF1_RI2_TI2_R12,ORIGINAL_PHASE6J_CAUR,L,CF1,1,CANONICAL_FALLBACK,True
CB1_CAUR_L_CF1_RI2_TI2_R12__seed691202__it0000091,ts_6bff436c7ef93d84b9d6,CB1_CAUR_L_CF1_RI2_TI2_R12,ORIGINAL_PHASE6J_CAUR,L,CF1,1,PHASE6N_TOP4,False
CB1_CAUR_L_CF1_RI2_TI2_R12__seed691202__it0000091,ts_90d050967c2dbfd8560a,CB1_CAUR_L_CF1_RI2_TI2_R12,ORIGINAL_PHASE6J_CAUR,L,CF1,1,PHASE6L_TOP4,False
CB1_CAUR_L_CF1_RI2_TI2_R12__seed691202__it0000091,ts_9630e3e8de6650722955,CB1_CAUR_L_CF1_RI2_TI2_R12,ORIGINAL_PHASE6J_CAUR,L,CF1,1,PHASE6L_TOP4,False
CB1_CAUR_L_CF1_RI2_TI2_R12__seed691202__it0000091,ts_9afbf3d8662975b5bb50,CB1_CAUR_L_CF1_RI2_TI2_R12,ORIGINAL_PHASE6J_CAUR,L,CF1,1,PHASE6N_TOP4,False
CB1_CAUR_L_CF1_RI2_TI2_R12__seed691202__it0000091,ts_bb4b466c4da0d3571ee9,CB1_CAUR_L_CF1_RI2_TI2_R12,ORIGINAL_PHASE6J_CAUR,L,CF1,1,PHASE6N_TOP4,False
CB1_CAUR_L_CF1_RI2_TI2_R12__seed691202__it0000091,ts_cece46273046f288d033,CB1_CAUR_L_CF1_RI2_TI2_R12,ORIGINAL_PHASE6J_CAUR,L,CF1,1,PHASE6L_TOP4,False
CB1_CAUR_L_CF1_RI2_TI2_R12__seed691202__it0000129,ts_31a6bd5efbe7470b7bac,CB1_CAUR_L_CF1_RI2_TI2_R12,ORIGINAL_PHASE6J_CAUR,L,CF1,1,PHASE6N_TOP4,False
CB1_CAUR_L_CF1_RI2_TI2_R12__seed691202__it0000129,ts_33af960ea7d965b2cfe6,CB1_CAUR_L_CF1_RI2_TI2_R12,ORIGINAL_PHASE6J_CAUR,L,CF1,1,PHASE6N_TOP4,False
CB1_CAUR_L_CF1_RI2_TI2_R12__seed691202__it0000129,ts_3c42758d957a3ad20135,CB1_CAUR_L_CF1_RI2_TI2_R12,ORIGINAL_PHASE6J_CAUR,L,CF1,1,CANONICAL_FALLBACK,True
CB1_CAUR_L_CF1_RI2_TI2_R12__seed691202__it0000129,ts_4a4e6d4c25aa8fe8623e,CB1_CAUR_L_CF1_RI2_TI2_R12,ORIGINAL_PHASE6J_CAUR,L,CF1,1,PHASE6L_TOP4,False
CB1_CAUR_L_CF1_RI2_TI2_R12__seed691202__it0000129,ts_6d26b20a451b7e0fc914,CB1_CAUR_L_CF1_RI2_TI2_R12,ORIGINAL_PHASE6J_CAUR,L,CF1,1,PHASE6N_TOP4,False
CB1_CAUR_L_CF1_RI2_TI2_R12__seed691202__it0000129,ts_74a33b6e413e5da7cff3,CB1_CAUR_L_CF1_RI2_TI2_R12,ORIGINAL_PHASE6J_CAUR,L,CF1,1,PHASE6L_TOP4,False
CB1_CAUR_L_CF1_RI2_TI2_R12__seed691202__it0000129,ts_a72ce71f09ecd10f9098,CB1_CAUR_L_CF1_RI2_TI2_R12,ORIGINAL_PHASE6J_CAUR,L,CF1,1,PHASE6L_TOP4|PHASE6N_TOP4,False
CB1_CAUR_L_CF1_RI2_TI2_R12__seed691202__it0000129,ts_bbac505fa695a59eb792,CB1_CAUR_L_CF1_RI2_TI2_R12,ORIGINAL_PHASE6J_CAUR,L,CF1,1,PHASE6L_TOP4,False
CB1_CAUR_L_CF1_RI2_TI2_R12__seed691202__it0000167,ts_237d720dd2754ef35bf4,CB1_CAUR_L_CF1_RI2_TI2_R12,ORIGINAL_PHASE6J_CAUR,L,CF1,1,PHASE6N_TOP4,False
CB1_CAUR_L_CF1_RI2_TI2_R12__seed691202__it0000167,ts_4bb358229e89b03a44f0,CB1_CAUR_L_CF1_RI2_TI2_R12,ORIGINAL_PHASE6J_CAUR,L,CF1,1,PHASE6L_TOP4,False
CB1_CAUR_L_CF1_RI2_TI2_R12__seed691202__it0000167,ts_75f935d8e46a3c683c9c,CB1_CAUR_L_CF1_RI2_TI2_R12,ORIGINAL_PHASE6J_CAUR,L,CF1,1,PHASE6N_TOP4,False
CB1_CAUR_L_CF1_RI2_TI2_R12__seed691202__it0000167,ts_b21787ceaeb6db032b07,CB1_CAUR_L_CF1_RI2_TI2_R12,ORIGINAL_PHASE6J_CAUR,L,CF1,1,CANONICAL_FALLBACK,True
CB1_CAUR_L_CF1_RI2_TI2_R12__seed691202__it0000167,ts_b338e91977deede5dc9a,CB1_CAUR_L_CF1_RI2_TI2_R12,ORIGINAL_PHASE6J_CAUR,L,CF1,1,PHASE6L_TOP4|PHASE6N_TOP4,False
CB1_CAUR_L_CF1_RI2_TI2_R12__seed691202__it0000167,ts_c36ca88e99c6ee6518ea,CB1_CAUR_L_CF1_RI2_TI2_R12,ORIGINAL_PHASE6J_CAUR,L,CF1,1,PHASE6L_TOP4,False
CB1_CAUR_L_CF1_RI2_TI2_R12__seed691202__it0000167,ts_f41af16f74de230068d0,CB1_CAUR_L_CF1_RI2_TI2_R12,ORIGINAL_PHASE6J_CAUR,L,CF1,1,PHASE6N_TOP4,False
CB1_CAUR_L_CF1_RI2_TI2_R12__seed691202__it0000167,ts_ff355121d9fb18ec8d81,CB1_CAUR_L_CF1_RI2_TI2_R12,ORIGINAL_PHASE6J_CAUR,L,CF1,1,PHASE6L_TOP4,False
CB1_CAUR_L_CF1_RI2_TI2_R12__seed691202__it0000208,ts_028010d8d32bb9759830,CB1_CAUR_L_CF1_RI2_TI2_R12,ORIGINAL_PHASE6J_CAUR,L,CF1,1,PHASE6N_TOP4,False
CB1_CAUR_L_CF1_RI2_TI2_R12__seed691202__it0000208,ts_106ae1b7503bbcbfb078,CB1_CAUR_L_CF1_RI2_TI2_R12,ORIGINAL_PHASE6J_CAUR,L,CF1,1,CANONICAL_FALLBACK,True
CB1_CAUR_L_CF1_RI2_TI2_R12__seed691202__it0000208,ts_761447294a859c3b9f69,CB1_CAUR_L_CF1_RI2_TI2_R12,ORIGINAL_PHASE6J_CAUR,L,CF1,1,PHASE6N_TOP4,False
CB1_CAUR_L_CF1_RI2_TI2_R12__seed691202__it0000208,ts_76a88e6be4f0c47ddf54,CB1_CAUR_L_CF1_RI2_TI2_R12,ORIGINAL_PHASE6J_CAUR,L,CF1,1,PHASE6L_TOP4|PHASE6N_TOP4,False
CB1_CAUR_L_CF1_RI2_TI2_R12__seed691202__it0000208,ts_7bf826ab08d0376a2b4e,CB1_CAUR_L_CF1_RI2_TI2_R12,ORIGINAL_PHASE6J_CAUR,L,CF1,1,PHASE6N_TOP4,False
CB1_CAUR_L_CF1_RI2_TI2_R12__seed691202__it0000208,ts_db1aa151d88d7d47157d,CB1_CAUR_L_CF1_RI2_TI2_R12,ORIGINAL_PHASE6J_CAUR,L,CF1,1,PHASE6L_TOP4,False
CB1_CAUR_L_CF1_RI2_TI2_R12__seed691202__it0000208,ts_debaa9367300271dda1c,CB1_CAUR_L_CF1_RI2_TI2_R12,ORIGINAL_PHASE6J_CAUR,L,CF1,1,PHASE6L_TOP4,False
CB1_CAUR_L_CF1_RI2_TI2_R12__seed691202__it0000208,ts_ee1ea5a0530910bb24a0,CB1_CAUR_L_CF1_RI2_TI2_R12,ORIGINAL_PHASE6J_CAUR,L,CF1,1,PHASE6L_TOP4,False
CB1_CAUR_L_CF1_RI2_TI2_R12__seed691202__it0000245,ts_1ab5cfd174b911c223c0,CB1_CAUR_L_CF1_RI2_TI2_R12,ORIGINAL_PHASE6J_CAUR,L,CF1,1,PHASE6N_TOP4,False
CB1_CAUR_L_CF1_RI2_TI2_R12__seed691202__it0000245,ts_52996c47b38bca98c01b,CB1_CAUR_L_CF1_RI2_TI2_R12,ORIGINAL_PHASE6J_CAUR,L,CF1,1,PHASE6L_TOP4|PHASE6N_TOP4,False
CB1_CAUR_L_CF1_RI2_TI2_R12__seed691202__it0000245,ts_59c49e81c740f68e3f59,CB1_CAUR_L_CF1_RI2_TI2_R12,ORIGINAL_PHASE6J_CAUR,L,CF1,1,PHASE6N_TOP4,False
CB1_CAUR_L_CF1_RI2_TI2_R12__seed691202__it0000245,ts_7f6c33a6365ddc31e28b,CB1_CAUR_L_CF1_RI2_TI2_R12,ORIGINAL_PHASE6J_CAUR,L,CF1,1,PHASE6L_TOP4|PHASE6N_TOP4,False
CB1_CAUR_L_CF1_RI2_TI2_R12__seed691202__it0000245,ts_8f2a3155714c38f451e1,CB1_CAUR_L_CF1_RI2_TI2_R12,ORIGINAL_PHASE6J_CAUR,L,CF1,1,CANONICAL_FALLBACK|PHASE6L_TOP4,True
CB1_CAUR_L_CF1_RI2_TI2_R12__seed691202__it0000245,ts_c436c1206c88c3af6e2f,CB1_CAUR_L_CF1_RI2_TI2_R12,ORIGINAL_PHASE6J_CAUR,L,CF1,1,PHASE6L_TOP4,False
CB1_CAUR_L_CF1_RI2_TI2_R12__seed691202__it0000274,ts_0902d0fdbaf09216b968,CB1_CAUR_L_CF1_RI2_TI2_R12,ORIGINAL_PHASE6J_CAUR,L,CF1,1,PHASE6L_TOP4|PHASE6N_TOP4,False
CB1_CAUR_L_CF1_RI2_TI2_R12__seed691202__it0000274,ts_17615344d7ec9e63a2b9,CB1_CAUR_L_CF1_RI2_TI2_R12,ORIGINAL_PHASE6J_CAUR,L,CF1,1,PHASE6L_TOP4|PHASE6N_TOP4,False
CB1_CAUR_L_CF1_RI2_TI2_R12__seed691202__it0000274,ts_1f0c89dd334c5322ea28,CB1_CAUR_L_CF1_RI2_TI2_R12,ORIGINAL_PHASE6J_CAUR,L,CF1,1,PHASE6L_TOP4,False
CB1_CAUR_L_CF1_RI2_TI2_R12__seed691202__it0000274,ts_2304103ebcaa103b4707,CB1_CAUR_L_CF1_RI2_TI2_R12,ORIGINAL_PHASE6J_CAUR,L,CF1,1,PHASE6L_TOP4,False
CB1_CAUR_L_CF1_RI2_TI2_R12__seed691202__it0000274,ts_922d7a9935b43718cce7,CB1_CAUR_L_CF1_RI2_TI2_R12,ORIGINAL_PHASE6J_CAUR,L,CF1,1,PHASE6N_TOP4,False
CB1_CAUR_L_CF1_RI2_TI2_R12__seed691202__it0000274,ts_c544f4f705d16ef723be,CB1_CAUR_L_CF1_RI2_TI2_R12,ORIGINAL_PHASE6J_CAUR,L,CF1,1,PHASE6N_TOP4,False
CB1_CAUR_L_CF1_RI2_TI2_R12__seed691202__it0000274,ts_c9213c75f51197f39936,CB1_CAUR_L_CF1_RI2_TI2_R12,ORIGINAL_PHASE6J_CAUR,L,CF1,1,CANONICAL_FALLBACK,True
CB1_CAUR_L_CF1_RI2_TI2_R12__seed721201__it0000019,ts_10fb9af1629fa5119a57,CB1_CAUR_L_CF1_RI2_TI2_R12,NEW_ALNS_EXPANSION,L,CF1,1,PHASE6N_TOP4,False
CB1_CAUR_L_CF1_RI2_TI2_R12__seed721201__it0000019,ts_16c40719e84b027cd7d8,CB1_CAUR_L_CF1_RI2_TI2_R12,NEW_ALNS_EXPANSION,L,CF1,1,CANONICAL_FALLBACK,True
CB1_CAUR_L_CF1_RI2_TI2_R12__seed721201__it0000019,ts_2f5138896959fef501e1,CB1_CAUR_L_CF1_RI2_TI2_R12,NEW_ALNS_EXPANSION,L,CF1,1,PHASE6N_TOP4,False
CB1_CAUR_L_CF1_RI2_TI2_R12__seed721201__it0000019,ts_52e89c5f7fb338e34a6b,CB1_CAUR_L_CF1_RI2_TI2_R12,NEW_ALNS_EXPANSION,L,CF1,1,PHASE6N_TOP4,False
CB1_CAUR_L_CF1_RI2_TI2_R12__seed721201__it0000019,ts_76877154a14e06300aa1,CB1_CAUR_L_CF1_RI2_TI2_R12,NEW_ALNS_EXPANSION,L,CF1,1,PHASE6N_TOP4,False
CB1_CAUR_L_CF1_RI2_TI2_R12__seed721201__it0000078,ts_46a930e474ec8631e521,CB1_CAUR_L_CF1_RI2_TI2_R12,NEW_ALNS_EXPANSION,L,CF1,1,PHASE6N_TOP4,False
CB1_CAUR_L_CF1_RI2_TI2_R12__seed721201__it0000078,ts_7f532e22562e824fd3cf,CB1_CAUR_L_CF1_RI2_TI2_R12,NEW_ALNS_EXPANSION,L,CF1,1,PHASE6N_TOP4,False
CB1_CAUR_L_CF1_RI2_TI2_R12__seed721201__it0000078,ts_8f52e5db101e8b5fa467,CB1_CAUR_L_CF1_RI2_TI2_R12,NEW_ALNS_EXPANSION,L,CF1,1,CANONICAL_FALLBACK,True
CB1_CAUR_L_CF1_RI2_TI2_R12__seed721201__it0000078,ts_97b6963a7b6cf1f2cd56,CB1_CAUR_L_CF1_RI2_TI2_R12,NEW_ALNS_EXPANSION,L,CF1,1,PHASE6N_TOP4,False
CB1_CAUR_L_CF1_RI2_TI2_R12__seed721201__it0000078,ts_bd75523a15eb43918fc4,CB1_CAUR_L_CF1_RI2_TI2_R12,NEW_ALNS_EXPANSION,L,CF1,1,PHASE6N_TOP4,False
CB1_CAUR_L_CF1_RI2_TI2_R12__seed721201__it0000142,ts_53b63d012c1c34e77015,CB1_CAUR_L_CF1_RI2_TI2_R12,NEW_ALNS_EXPANSION,L,CF1,1,PHASE6N_TOP4,False
CB1_CAUR_L_CF1_RI2_TI2_R12__seed721201__it0000142,ts_626f5a06ef3cf5901d0b,CB1_CAUR_L_CF1_RI2_TI2_R12,NEW_ALNS_EXPANSION,L,CF1,1,PHASE6N_TOP4,False
CB1_CAUR_L_CF1_RI2_TI2_R12__seed721201__it0000142,ts_7294ad5a04ed78fc4909,CB1_CAUR_L_CF1_RI2_TI2_R12,NEW_ALNS_EXPANSION,L,CF1,1,CANONICAL_FALLBACK,True
CB1_CAUR_L_CF1_RI2_TI2_R12__seed721201__it0000142,ts_7438d9c8d05ba48d03cd,CB1_CAUR_L_CF1_RI2_TI2_R12,NEW_ALNS_EXPANSION,L,CF1,1,PHASE6N_TOP4,False
CB1_CAUR_L_CF1_RI2_TI2_R12__seed721201__it0000142,ts_d787ebbf95b0c2a5ad9c,CB1_CAUR_L_CF1_RI2_TI2_R12,NEW_ALNS_EXPANSION,L,CF1,1,PHASE6N_TOP4,False
CB1_CAUR_L_CF1_RI2_TI2_R12__seed721201__it0000201,ts_42a0da6595caa2e3673e,CB1_CAUR_L_CF1_RI2_TI2_R12,NEW_ALNS_EXPANSION,L,CF1,1,PHASE6N_TOP4,False
CB1_CAUR_L_CF1_RI2_TI2_R12__seed721201__it0000201,ts_44cfedddad0bd8fbc2ad,CB1_CAUR_L_CF1_RI2_TI2_R12,NEW_ALNS_EXPANSION,L,CF1,1,PHASE6N_TOP4,False
CB1_CAUR_L_CF1_RI2_TI2_R12__seed721201__it0000201,ts_952c41547b1c71dd62c8,CB1_CAUR_L_CF1_RI2_TI2_R12,NEW_ALNS_EXPANSION,L,CF1,1,PHASE6N_TOP4,False
CB1_CAUR_L_CF1_RI2_TI2_R12__seed721201__it0000201,ts_dee1fa2ce25fe540a22e,CB1_CAUR_L_CF1_RI2_TI2_R12,NEW_ALNS_EXPANSION,L,CF1,1,PHASE6N_TOP4,False
CB1_CAUR_L_CF1_RI2_TI2_R12__seed721201__it0000201,ts_fe59494a1e4a9c6bbabd,CB1_CAUR_L_CF1_RI2_TI2_R12,NEW_ALNS_EXPANSION,L,CF1,1,CANONICAL_FALLBACK,True
CB1_CAUR_L_CF1_RI2_TI2_R12__seed721201__it0000261,ts_0fb6d57ad3dd494edd89,CB1_CAUR_L_CF1_RI2_TI2_R12,NEW_ALNS_EXPANSION,L,CF1,1,PHASE6N_TOP4,False
CB1_CAUR_L_CF1_RI2_TI2_R12__seed721201__it0000261,ts_461d8e266ca032c67aa5,CB1_CAUR_L_CF1_RI2_TI2_R12,NEW_ALNS_EXPANSION,L,CF1,1,CANONICAL_FALLBACK,True
CB1_CAUR_L_CF1_RI2_TI2_R12__seed721201__it0000261,ts_9a341f085585cd7cb4e1,CB1_CAUR_L_CF1_RI2_TI2_R12,NEW_ALNS_EXPANSION,L,CF1,1,PHASE6N_TOP4,False
CB1_CAUR_L_CF1_RI2_TI2_R12__seed721201__it0000261,ts_c2839f2e837c6b72a808,CB1_CAUR_L_CF1_RI2_TI2_R12,NEW_ALNS_EXPANSION,L,CF1,1,PHASE6N_TOP4,False
CB1_CAUR_L_CF1_RI2_TI2_R12__seed721201__it0000261,ts_c949ed9057482aeb1b88,CB1_CAUR_L_CF1_RI2_TI2_R12,NEW_ALNS_EXPANSION,L,CF1,1,PHASE6N_TOP4,False
CB1_CAUR_L_CF1_RI2_TI2_R12__seed721201__it0000324,ts_189b9eb8e6d355fdc974,CB1_CAUR_L_CF1_RI2_TI2_R12,NEW_ALNS_EXPANSION,L,CF1,1,PHASE6N_TOP4,False
CB1_CAUR_L_CF1_RI2_TI2_R12__seed721201__it0000324,ts_b4afb4d46288a478f98c,CB1_CAUR_L_CF1_RI2_TI2_R12,NEW_ALNS_EXPANSION,L,CF1,1,PHASE6N_TOP4,False
CB1_CAUR_L_CF1_RI2_TI2_R12__seed721201__it0000324,ts_b770e3888df325001397,CB1_CAUR_L_CF1_RI2_TI2_R12,NEW_ALNS_EXPANSION,L,CF1,1,PHASE6N_TOP4,False
CB1_CAUR_L_CF1_RI2_TI2_R12__seed721201__it0000324,ts_bfd57285410fc1168a1e,CB1_CAUR_L_CF1_RI2_TI2_R12,NEW_ALNS_EXPANSION,L,CF1,1,PHASE6N_TOP4,False
CB1_CAUR_L_CF1_RI2_TI2_R12__seed721201__it0000324,ts_e12e485b68de4bd8bb3e,CB1_CAUR_L_CF1_RI2_TI2_R12,NEW_ALNS_EXPANSION,L,CF1,1,CANONICAL_FALLBACK,True
CB1_CAUR_L_CF1_RI2_TI2_R12__seed721201__it0000383,ts_6b6bb7747c7b8bf9b6d0,CB1_CAUR_L_CF1_RI2_TI2_R12,NEW_ALNS_EXPANSION,L,CF1,1,CANONICAL_FALLBACK,True
CB1_CAUR_L_CF1_RI2_TI2_R12__seed721201__it0000383,ts_c192274e62d451b7c0f1,CB1_CAUR_L_CF1_RI2_TI2_R12,NEW_ALNS_EXPANSION,L,CF1,1,PHASE6N_TOP4,False
CB1_CAUR_L_CF1_RI2_TI2_R12__seed721201__it0000383,ts_cf70c27f6f1bd7fa2d37,CB1_CAUR_L_CF1_RI2_TI2_R12,NEW_ALNS_EXPANSION,L,CF1,1,PHASE6N_TOP4,False
CB1_CAUR_L_CF1_RI2_TI2_R12__seed721201__it0000383,ts_df230253d7edd56777a9,CB1_CAUR_L_CF1_RI2_TI2_R12,NEW_ALNS_EXPANSION,L,CF1,1,PHASE6N_TOP4,False
CB1_CAUR_L_CF1_RI2_TI2_R12__seed721201__it0000383,ts_e7c8a1af943cce850eab,CB1_CAUR_L_CF1_RI2_TI2_R12,NEW_ALNS_EXPANSION,L,CF1,1,PHASE6N_TOP4,False
CB1_CAUR_L_CF1_RI2_TI2_R12__seed721201__it0000429,ts_658c7b774f7327bc67b7,CB1_CAUR_L_CF1_RI2_TI2_R12,NEW_ALNS_EXPANSION,L,CF1,1,PHASE6N_TOP4,False
CB1_CAUR_L_CF1_RI2_TI2_R12__seed721201__it0000429,ts_6dbae82a93f3491a4438,CB1_CAUR_L_CF1_RI2_TI2_R12,NEW_ALNS_EXPANSION,L,CF1,1,CANONICAL_FALLBACK,True
CB1_CAUR_L_CF1_RI2_TI2_R12__seed721201__it0000429,ts_9f97b423bcaf0f1c4c6a,CB1_CAUR_L_CF1_RI2_TI2_R12,NEW_ALNS_EXPANSION,L,CF1,1,PHASE6N_TOP4,False
CB1_CAUR_L_CF1_RI2_TI2_R12__seed721201__it0000429,ts_dbd66cfe9f4c68e3d8a5,CB1_CAUR_L_CF1_RI2_TI2_R12,NEW_ALNS_EXPANSION,L,CF1,1,PHASE6N_TOP4,False
CB1_CAUR_L_CF1_RI2_TI2_R12__seed721201__it0000429,ts_dc038552d2985c3fb142,CB1_CAUR_L_CF1_RI2_TI2_R12,NEW_ALNS_EXPANSION,L,CF1,1,PHASE6N_TOP4,False
CB1_CAUR_L_CF1_RI2_TI2_R12__seed721202__it0000019,ts_2c0959f06002a47c0b43,CB1_CAUR_L_CF1_RI2_TI2_R12,NEW_ALNS_EXPANSION,L,CF1,1,PHASE6N_TOP4,False
CB1_CAUR_L_CF1_RI2_TI2_R12__seed721202__it0000019,ts_ac129acac89d7bfd97b6,CB1_CAUR_L_CF1_RI2_TI2_R12,NEW_ALNS_EXPANSION,L,CF1,1,CANONICAL_FALLBACK,True
CB1_CAUR_L_CF1_RI2_TI2_R12__seed721202__it0000019,ts_cb4103acd38e2943ee62,CB1_CAUR_L_CF1_RI2_TI2_R12,NEW_ALNS_EXPANSION,L,CF1,1,PHASE6N_TOP4,False
CB1_CAUR_L_CF1_RI2_TI2_R12__seed721202__it0000019,ts_cdab2cb0d38ae857683b,CB1_CAUR_L_CF1_RI2_TI2_R12,NEW_ALNS_EXPANSION,L,CF1,1,PHASE6N_TOP4,False
CB1_CAUR_L_CF1_RI2_TI2_R12__seed721202__it0000019,ts_e88af58f78a68dcc3130,CB1_CAUR_L_CF1_RI2_TI2_R12,NEW_ALNS_EXPANSION,L,CF1,1,PHASE6N_TOP4,False
CB1_CAUR_L_CF1_RI2_TI2_R12__seed721202__it0000077,ts_03488bb1cb9f9fb6e0ac,CB1_CAUR_L_CF1_RI2_TI2_R12,NEW_ALNS_EXPANSION,L,CF1,1,PHASE6N_TOP4,False
CB1_CAUR_L_CF1_RI2_TI2_R12__seed721202__it0000077,ts_1d3472be6c7c749ac397,CB1_CAUR_L_CF1_RI2_TI2_R12,NEW_ALNS_EXPANSION,L,CF1,1,CANONICAL_FALLBACK,True
CB1_CAUR_L_CF1_RI2_TI2_R12__seed721202__it0000077,ts_80873969140ff18fc5c0,CB1_CAUR_L_CF1_RI2_TI2_R12,NEW_ALNS_EXPANSION,L,CF1,1,PHASE6N_TOP4,False
CB1_CAUR_L_CF1_RI2_TI2_R12__seed721202__it0000077,ts_f76dd763741287aee747,CB1_CAUR_L_CF1_RI2_TI2_R12,NEW_ALNS_EXPANSION,L,CF1,1,PHASE6N_TOP4,False
CB1_CAUR_L_CF1_RI2_TI2_R12__seed721202__it0000077,ts_fbcddbca4a58c8a0dec8,CB1_CAUR_L_CF1_RI2_TI2_R12,NEW_ALNS_EXPANSION,L,CF1,1,PHASE6N_TOP4,False
CB1_CAUR_L_CF1_RI2_TI2_R12__seed721202__it0000141,ts_1f6f97e9f83a3dec890e,CB1_CAUR_L_CF1_RI2_TI2_R12,NEW_ALNS_EXPANSION,L,CF1,1,PHASE6N_TOP4,False
CB1_CAUR_L_CF1_RI2_TI2_R12__seed721202__it0000141,ts_24786facae9bcbd69469,CB1_CAUR_L_CF1_RI2_TI2_R12,NEW_ALNS_EXPANSION,L,CF1,1,PHASE6N_TOP4,False
CB1_CAUR_L_CF1_RI2_TI2_R12__seed721202__it0000141,ts_79c614e75ab7f48aac41,CB1_CAUR_L_CF1_RI2_TI2_R12,NEW_ALNS_EXPANSION,L,CF1,1,PHASE6N_TOP4,False
CB1_CAUR_L_CF1_RI2_TI2_R12__seed721202__it0000141,ts_8569031a972a684af5f3,CB1_CAUR_L_CF1_RI2_TI2_R12,NEW_ALNS_EXPANSION,L,CF1,1,PHASE6N_TOP4,False
CB1_CAUR_L_CF1_RI2_TI2_R12__seed721202__it0000141,ts_fba3f4ac8f5361591cc3,CB1_CAUR_L_CF1_RI2_TI2_R12,NEW_ALNS_EXPANSION,L,CF1,1,CANONICAL_FALLBACK,True
CB1_CAUR_L_CF1_RI2_TI2_R12__seed721202__it0000200,ts_1a763ffd4e276b1ab46a,CB1_CAUR_L_CF1_RI2_TI2_R12,NEW_ALNS_EXPANSION,L,CF1,1,PHASE6N_TOP4,False
CB1_CAUR_L_CF1_RI2_TI2_R12__seed721202__it0000200,ts_5853a25f0483fdf25a18,CB1_CAUR_L_CF1_RI2_TI2_R12,NEW_ALNS_EXPANSION,L,CF1,1,CANONICAL_FALLBACK,True
CB1_CAUR_L_CF1_RI2_TI2_R12__seed721202__it0000200,ts_6ffdf7d5006abe184724,CB1_CAUR_L_CF1_RI2_TI2_R12,NEW_ALNS_EXPANSION,L,CF1,1,PHASE6N_TOP4,False
CB1_CAUR_L_CF1_RI2_TI2_R12__seed721202__it0000200,ts_e19b5227e5d41961ae26,CB1_CAUR_L_CF1_RI2_TI2_R12,NEW_ALNS_EXPANSION,L,CF1,1,PHASE6N_TOP4,False
CB1_CAUR_L_CF1_RI2_TI2_R12__seed721202__it0000200,ts_f5b7aed34c9b16ba07c0,CB1_CAUR_L_CF1_RI2_TI2_R12,NEW_ALNS_EXPANSION,L,CF1,1,PHASE6N_TOP4,False
CB1_CAUR_L_CF1_RI2_TI2_R12__seed721202__it0000260,ts_1d9e99cd4f8da819de5e,CB1_CAUR_L_CF1_RI2_TI2_R12,NEW_ALNS_EXPANSION,L,CF1,1,PHASE6N_TOP4,False
CB1_CAUR_L_CF1_RI2_TI2_R12__seed721202__it0000260,ts_852a4db45a0bdb3aa656,CB1_CAUR_L_CF1_RI2_TI2_R12,NEW_ALNS_EXPANSION,L,CF1,1,PHASE6N_TOP4,False
CB1_CAUR_L_CF1_RI2_TI2_R12__seed721202__it0000260,ts_b3444964eb4d7ae18359,CB1_CAUR_L_CF1_RI2_TI2_R12,NEW_ALNS_EXPANSION,L,CF1,1,CANONICAL_FALLBACK,True
CB1_CAUR_L_CF1_RI2_TI2_R12__seed721202__it0000260,ts_ccb418e650cd045d67ee,CB1_CAUR_L_CF1_RI2_TI2_R12,NEW_ALNS_EXPANSION,L,CF1,1,PHASE6N_TOP4,False
CB1_CAUR_L_CF1_RI2_TI2_R12__seed721202__it0000260,ts_d5b261c280baf8c6ae6c,CB1_CAUR_L_CF1_RI2_TI2_R12,NEW_ALNS_EXPANSION,L,CF1,1,PHASE6N_TOP4,False
CB1_CAUR_L_CF1_RI2_TI2_R12__seed721202__it0000323,ts_1384e9e2168b46dc5e86,CB1_CAUR_L_CF1_RI2_TI2_R12,NEW_ALNS_EXPANSION,L,CF1,1,PHASE6N_TOP4,False
CB1_CAUR_L_CF1_RI2_TI2_R12__seed721202__it0000323,ts_3ed9a60ba91b63eb4605,CB1_CAUR_L_CF1_RI2_TI2_R12,NEW_ALNS_EXPANSION,L,CF1,1,PHASE6N_TOP4,False
CB1_CAUR_L_CF1_RI2_TI2_R12__seed721202__it0000323,ts_a46df42b1f443a400f0e,CB1_CAUR_L_CF1_RI2_TI2_R12,NEW_ALNS_EXPANSION,L,CF1,1,PHASE6N_TOP4,False
CB1_CAUR_L_CF1_RI2_TI2_R12__seed721202__it0000323,ts_e541eaaa9513fd2ecdcf,CB1_CAUR_L_CF1_RI2_TI2_R12,NEW_ALNS_EXPANSION,L,CF1,1,CANONICAL_FALLBACK,True
CB1_CAUR_L_CF1_RI2_TI2_R12__seed721202__it0000323,ts_f4ebe34e5ffd8f5b882b,CB1_CAUR_L_CF1_RI2_TI2_R12,NEW_ALNS_EXPANSION,L,CF1,1,PHASE6N_TOP4,False
CB1_CAUR_L_CF1_RI2_TI2_R12__seed721202__it0000382,ts_386605a3cf6f737d8106,CB1_CAUR_L_CF1_RI2_TI2_R12,NEW_ALNS_EXPANSION,L,CF1,1,PHASE6N_TOP4,False
CB1_CAUR_L_CF1_RI2_TI2_R12__seed721202__it0000382,ts_6c05fee7f6c608cea8b2,CB1_CAUR_L_CF1_RI2_TI2_R12,NEW_ALNS_EXPANSION,L,CF1,1,PHASE6N_TOP4,False
CB1_CAUR_L_CF1_RI2_TI2_R12__seed721202__it0000382,ts_8ad7a8b1a8b61c4aad80,CB1_CAUR_L_CF1_RI2_TI2_R12,NEW_ALNS_EXPANSION,L,CF1,1,PHASE6N_TOP4,False
CB1_CAUR_L_CF1_RI2_TI2_R12__seed721202__it0000382,ts_becf2e858a4d863ca412,CB1_CAUR_L_CF1_RI2_TI2_R12,NEW_ALNS_EXPANSION,L,CF1,1,PHASE6N_TOP4,False
CB1_CAUR_L_CF1_RI2_TI2_R12__seed721202__it0000382,ts_f8c0c2834619387c64d1,CB1_CAUR_L_CF1_RI2_TI2_R12,NEW_ALNS_EXPANSION,L,CF1,1,CANONICAL_FALLBACK,True
CB1_CAUR_L_CF1_RI2_TI2_R12__seed721202__it0000428,ts_2359fc9ebafba7e39875,CB1_CAUR_L_CF1_RI2_TI2_R12,NEW_ALNS_EXPANSION,L,CF1,1,CANONICAL_FALLBACK,True
CB1_CAUR_L_CF1_RI2_TI2_R12__seed721202__it0000428,ts_3e8072030757ff25c3c0,CB1_CAUR_L_CF1_RI2_TI2_R12,NEW_ALNS_EXPANSION,L,CF1,1,PHASE6N_TOP4,False
CB1_CAUR_L_CF1_RI2_TI2_R12__seed721202__it0000428,ts_4cd1db8cd4de8c4ba9d1,CB1_CAUR_L_CF1_RI2_TI2_R12,NEW_ALNS_EXPANSION,L,CF1,1,PHASE6N_TOP4,False
CB1_CAUR_L_CF1_RI2_TI2_R12__seed721202__it0000428,ts_9882eef0cecdfd209730,CB1_CAUR_L_CF1_RI2_TI2_R12,NEW_ALNS_EXPANSION,L,CF1,1,PHASE6N_TOP4,False
CB1_CAUR_L_CF1_RI2_TI2_R12__seed721202__it0000428,ts_f061920c5278566fdb75,CB1_CAUR_L_CF1_RI2_TI2_R12,NEW_ALNS_EXPANSION,L,CF1,1,PHASE6N_TOP4,False
CB1_CAUR_L_CF1_RI2_TI2_R12__seed721203__it0000019,ts_43db2670898951d499c9,CB1_CAUR_L_CF1_RI2_TI2_R12,NEW_ALNS_EXPANSION,L,CF1,1,CANONICAL_FALLBACK,True
CB1_CAUR_L_CF1_RI2_TI2_R12__seed721203__it0000019,ts_72398c885370f5504f24,CB1_CAUR_L_CF1_RI2_TI2_R12,NEW_ALNS_EXPANSION,L,CF1,1,PHASE6N_TOP4,False
CB1_CAUR_L_CF1_RI2_TI2_R12__seed721203__it0000019,ts_998c24c305a012e50d39,CB1_CAUR_L_CF1_RI2_TI2_R12,NEW_ALNS_EXPANSION,L,CF1,1,PHASE6N_TOP4,False
CB1_CAUR_L_CF1_RI2_TI2_R12__seed721203__it0000019,ts_c99139930b91755a04c8,CB1_CAUR_L_CF1_RI2_TI2_R12,NEW_ALNS_EXPANSION,L,CF1,1,PHASE6N_TOP4,False
CB1_CAUR_L_CF1_RI2_TI2_R12__seed721203__it0000019,ts_ef4468b7cbddd8fc78ff,CB1_CAUR_L_CF1_RI2_TI2_R12,NEW_ALNS_EXPANSION,L,CF1,1,PHASE6N_TOP4,False
CB1_CAUR_L_CF1_RI2_TI2_R12__seed721203__it0000078,ts_4f3b6e398664ab823d77,CB1_CAUR_L_CF1_RI2_TI2_R12,NEW_ALNS_EXPANSION,L,CF1,1,PHASE6N_TOP4,False
CB1_CAUR_L_CF1_RI2_TI2_R12__seed721203__it0000078,ts_5ab94e792857d5724982,CB1_CAUR_L_CF1_RI2_TI2_R12,NEW_ALNS_EXPANSION,L,CF1,1,PHASE6N_TOP4,False
CB1_CAUR_L_CF1_RI2_TI2_R12__seed721203__it0000078,ts_7b03903d0875f7720f7e,CB1_CAUR_L_CF1_RI2_TI2_R12,NEW_ALNS_EXPANSION,L,CF1,1,CANONICAL_FALLBACK,True
CB1_CAUR_L_CF1_RI2_TI2_R12__seed721203__it0000078,ts_973e30c818d1cd1d4083,CB1_CAUR_L_CF1_RI2_TI2_R12,NEW_ALNS_EXPANSION,L,CF1,1,PHASE6N_TOP4,False
CB1_CAUR_L_CF1_RI2_TI2_R12__seed721203__it0000078,ts_e0c95aed5fa5a8a41d34,CB1_CAUR_L_CF1_RI2_TI2_R12,NEW_ALNS_EXPANSION,L,CF1,1,PHASE6N_TOP4,False
CB1_CAUR_L_CF1_RI2_TI2_R12__seed721203__it0000142,ts_876ba2e9e9560863aa1e,CB1_CAUR_L_CF1_RI2_TI2_R12,NEW_ALNS_EXPANSION,L,CF1,1,PHASE6N_TOP4,False
CB1_CAUR_L_CF1_RI2_TI2_R12__seed721203__it0000142,ts_8a66ef5ada6a58c686b4,CB1_CAUR_L_CF1_RI2_TI2_R12,NEW_ALNS_EXPANSION,L,CF1,1,PHASE6N_TOP4,False
CB1_CAUR_L_CF1_RI2_TI2_R12__seed721203__it0000142,ts_cf9b1246473ae361eaca,CB1_CAUR_L_CF1_RI2_TI2_R12,NEW_ALNS_EXPANSION,L,CF1,1,PHASE6N_TOP4,False
CB1_CAUR_L_CF1_RI2_TI2_R12__seed721203__it0000142,ts_e8c188d7b1a148cd9520,CB1_CAUR_L_CF1_RI2_TI2_R12,NEW_ALNS_EXPANSION,L,CF1,1,CANONICAL_FALLBACK,True
CB1_CAUR_L_CF1_RI2_TI2_R12__seed721203__it0000142,ts_e928977500de116d1cb0,CB1_CAUR_L_CF1_RI2_TI2_R12,NEW_ALNS_EXPANSION,L,CF1,1,PHASE6N_TOP4,False
CB1_CAUR_L_CF1_RI2_TI2_R12__seed721203__it0000200,ts_6cd1bcfb77d93e3aaad6,CB1_CAUR_L_CF1_RI2_TI2_R12,NEW_ALNS_EXPANSION,L,CF1,1,PHASE6N_TOP4,False
CB1_CAUR_L_CF1_RI2_TI2_R12__seed721203__it0000200,ts_7170cc7989f50bd91730,CB1_CAUR_L_CF1_RI2_TI2_R12,NEW_ALNS_EXPANSION,L,CF1,1,PHASE6N_TOP4,False
CB1_CAUR_L_CF1_RI2_TI2_R12__seed721203__it0000200,ts_a0ae26ba4cac94145c88,CB1_CAUR_L_CF1_RI2_TI2_R12,NEW_ALNS_EXPANSION,L,CF1,1,CANONICAL_FALLBACK,True
CB1_CAUR_L_CF1_RI2_TI2_R12__seed721203__it0000200,ts_b05740682b330fa37a5c,CB1_CAUR_L_CF1_RI2_TI2_R12,NEW_ALNS_EXPANSION,L,CF1,1,PHASE6N_TOP4,False
CB1_CAUR_L_CF1_RI2_TI2_R12__seed721203__it0000200,ts_e0a77ebe373364c17a0c,CB1_CAUR_L_CF1_RI2_TI2_R12,NEW_ALNS_EXPANSION,L,CF1,1,PHASE6N_TOP4,False
CB1_CAUR_L_CF1_RI2_TI2_R12__seed721203__it0000259,ts_334720392455ad3ce69e,CB1_CAUR_L_CF1_RI2_TI2_R12,NEW_ALNS_EXPANSION,L,CF1,1,PHASE6N_TOP4,False
CB1_CAUR_L_CF1_RI2_TI2_R12__seed721203__it0000259,ts_3de2f92452bd1c04484e,CB1_CAUR_L_CF1_RI2_TI2_R12,NEW_ALNS_EXPANSION,L,CF1,1,PHASE6N_TOP4,False
CB1_CAUR_L_CF1_RI2_TI2_R12__seed721203__it0000259,ts_4e9c3cd85a663e14341c,CB1_CAUR_L_CF1_RI2_TI2_R12,NEW_ALNS_EXPANSION,L,CF1,1,PHASE6N_TOP4,False
CB1_CAUR_L_CF1_RI2_TI2_R12__seed721203__it0000259,ts_ace8d5471386a4fe4edb,CB1_CAUR_L_CF1_RI2_TI2_R12,NEW_ALNS_EXPANSION,L,CF1,1,PHASE6N_TOP4,False
CB1_CAUR_L_CF1_RI2_TI2_R12__seed721203__it0000259,ts_d9aea273d90ad614f11f,CB1_CAUR_L_CF1_RI2_TI2_R12,NEW_ALNS_EXPANSION,L,CF1,1,CANONICAL_FALLBACK,True
CB1_CAUR_L_CF1_RI2_TI2_R12__seed721203__it0000322,ts_37aa712eeac96681042b,CB1_CAUR_L_CF1_RI2_TI2_R12,NEW_ALNS_EXPANSION,L,CF1,1,PHASE6N_TOP4,False
CB1_CAUR_L_CF1_RI2_TI2_R12__seed721203__it0000322,ts_463c1119503f70e17607,CB1_CAUR_L_CF1_RI2_TI2_R12,NEW_ALNS_EXPANSION,L,CF1,1,PHASE6N_TOP4,False
CB1_CAUR_L_CF1_RI2_TI2_R12__seed721203__it0000322,ts_4df618ea917c81d40dd8,CB1_CAUR_L_CF1_RI2_TI2_R12,NEW_ALNS_EXPANSION,L,CF1,1,PHASE6N_TOP4,False
CB1_CAUR_L_CF1_RI2_TI2_R12__seed721203__it0000322,ts_8d01a11bee9b18c075ba,CB1_CAUR_L_CF1_RI2_TI2_R12,NEW_ALNS_EXPANSION,L,CF1,1,PHASE6N_TOP4,False
CB1_CAUR_L_CF1_RI2_TI2_R12__seed721203__it0000322,ts_e40b09aa40b989c293fd,CB1_CAUR_L_CF1_RI2_TI2_R12,NEW_ALNS_EXPANSION,L,CF1,1,CANONICAL_FALLBACK,True
CB1_CAUR_L_CF1_RI2_TI2_R12__seed721203__it0000381,ts_159d244a106839d9f1d4,CB1_CAUR_L_CF1_RI2_TI2_R12,NEW_ALNS_EXPANSION,L,CF1,1,PHASE6N_TOP4,False
CB1_CAUR_L_CF1_RI2_TI2_R12__seed721203__it0000381,ts_8158c6635a4ead4bb366,CB1_CAUR_L_CF1_RI2_TI2_R12,NEW_ALNS_EXPANSION,L,CF1,1,CANONICAL_FALLBACK,True
CB1_CAUR_L_CF1_RI2_TI2_R12__seed721203__it0000381,ts_af23214d2612c338c5a8,CB1_CAUR_L_CF1_RI2_TI2_R12,NEW_ALNS_EXPANSION,L,CF1,1,PHASE6N_TOP4,False
CB1_CAUR_L_CF1_RI2_TI2_R12__seed721203__it0000381,ts_dfffd68f3eb13e97ffd2,CB1_CAUR_L_CF1_RI2_TI2_R12,NEW_ALNS_EXPANSION,L,CF1,1,PHASE6N_TOP4,False
CB1_CAUR_L_CF1_RI2_TI2_R12__seed721203__it0000381,ts_e1de821c6d7364f90445,CB1_CAUR_L_CF1_RI2_TI2_R12,NEW_ALNS_EXPANSION,L,CF1,1,PHASE6N_TOP4,False
CB1_CAUR_L_CF1_RI2_TI2_R12__seed721203__it0000425,ts_221d79f74d7589250413,CB1_CAUR_L_CF1_RI2_TI2_R12,NEW_ALNS_EXPANSION,L,CF1,1,PHASE6N_TOP4,False
CB1_CAUR_L_CF1_RI2_TI2_R12__seed721203__it0000425,ts_45cf02360834fc9acc37,CB1_CAUR_L_CF1_RI2_TI2_R12,NEW_ALNS_EXPANSION,L,CF1,1,PHASE6N_TOP4,False
CB1_CAUR_L_CF1_RI2_TI2_R12__seed721203__it0000425,ts_69b3eb9c4a8080d87f75,CB1_CAUR_L_CF1_RI2_TI2_R12,NEW_ALNS_EXPANSION,L,CF1,1,PHASE6N_TOP4,False
CB1_CAUR_L_CF1_RI2_TI2_R12__seed721203__it0000425,ts_da27b36fcc37ab5f75f2,CB1_CAUR_L_CF1_RI2_TI2_R12,NEW_ALNS_EXPANSION,L,CF1,1,PHASE6N_TOP4,False
CB1_CAUR_L_CF1_RI2_TI2_R12__seed721203__it0000425,ts_f82d994bc86508ce8f53,CB1_CAUR_L_CF1_RI2_TI2_R12,NEW_ALNS_EXPANSION,L,CF1,1,CANONICAL_FALLBACK,True
CB1_CAUR_L_CF1_RI2_TI2_R12__seed721204__it0000019,ts_62a0c6811935081e75d2,CB1_CAUR_L_CF1_RI2_TI2_R12,NEW_ALNS_EXPANSION,L,CF1,1,PHASE6N_TOP4,False
CB1_CAUR_L_CF1_RI2_TI2_R12__seed721204__it0000019,ts_92677948190cd5982909,CB1_CAUR_L_CF1_RI2_TI2_R12,NEW_ALNS_EXPANSION,L,CF1,1,PHASE6N_TOP4,False
CB1_CAUR_L_CF1_RI2_TI2_R12__seed721204__it0000019,ts_9868ffdb4bb596800daa,CB1_CAUR_L_CF1_RI2_TI2_R12,NEW_ALNS_EXPANSION,L,CF1,1,PHASE6N_TOP4,False
CB1_CAUR_L_CF1_RI2_TI2_R12__seed721204__it0000019,ts_c9c111857c61dc272956,CB1_CAUR_L_CF1_RI2_TI2_R12,NEW_ALNS_EXPANSION,L,CF1,1,CANONICAL_FALLBACK,True
CB1_CAUR_L_CF1_RI2_TI2_R12__seed721204__it0000019,ts_ff2a8cb51d7ab549fce2,CB1_CAUR_L_CF1_RI2_TI2_R12,NEW_ALNS_EXPANSION,L,CF1,1,PHASE6N_TOP4,False
CB1_CAUR_L_CF1_RI2_TI2_R12__seed721204__it0000080,ts_210a28eb7ca1c81fb539,CB1_CAUR_L_CF1_RI2_TI2_R12,NEW_ALNS_EXPANSION,L,CF1,1,PHASE6N_TOP4,False
CB1_CAUR_L_CF1_RI2_TI2_R12__seed721204__it0000080,ts_93dfce3418be32767209,CB1_CAUR_L_CF1_RI2_TI2_R12,NEW_ALNS_EXPANSION,L,CF1,1,CANONICAL_FALLBACK,True
CB1_CAUR_L_CF1_RI2_TI2_R12__seed721204__it0000080,ts_9bdf32432fe2936c5434,CB1_CAUR_L_CF1_RI2_TI2_R12,NEW_ALNS_EXPANSION,L,CF1,1,PHASE6N_TOP4,False
CB1_CAUR_L_CF1_RI2_TI2_R12__seed721204__it0000080,ts_a1bb80d86826900a87da,CB1_CAUR_L_CF1_RI2_TI2_R12,NEW_ALNS_EXPANSION,L,CF1,1,PHASE6N_TOP4,False
CB1_CAUR_L_CF1_RI2_TI2_R12__seed721204__it0000080,ts_c62c967c5745970f56ce,CB1_CAUR_L_CF1_RI2_TI2_R12,NEW_ALNS_EXPANSION,L,CF1,1,PHASE6N_TOP4,False
CB1_CAUR_L_CF1_RI2_TI2_R12__seed721204__it0000146,ts_18bf56421d69c02754ed,CB1_CAUR_L_CF1_RI2_TI2_R12,NEW_ALNS_EXPANSION,L,CF1,1,PHASE6N_TOP4,False
CB1_CAUR_L_CF1_RI2_TI2_R12__seed721204__it0000146,ts_4bcbb9c0cc946d1fc586,CB1_CAUR_L_CF1_RI2_TI2_R12,NEW_ALNS_EXPANSION,L,CF1,1,PHASE6N_TOP4,False
CB1_CAUR_L_CF1_RI2_TI2_R12__seed721204__it0000146,ts_8d7fb3211d4b312f7cfa,CB1_CAUR_L_CF1_RI2_TI2_R12,NEW_ALNS_EXPANSION,L,CF1,1,PHASE6N_TOP4,False
CB1_CAUR_L_CF1_RI2_TI2_R12__seed721204__it0000146,ts_cb6eb17240921b07abc9,CB1_CAUR_L_CF1_RI2_TI2_R12,NEW_ALNS_EXPANSION,L,CF1,1,CANONICAL_FALLBACK,True
CB1_CAUR_L_CF1_RI2_TI2_R12__seed721204__it0000146,ts_d74a30af85866e0268d4,CB1_CAUR_L_CF1_RI2_TI2_R12,NEW_ALNS_EXPANSION,L,CF1,1,PHASE6N_TOP4,False
CB1_CAUR_L_CF1_RI2_TI2_R12__seed721204__it0000205,ts_9e919b656d10c05e4e7d,CB1_CAUR_L_CF1_RI2_TI2_R12,NEW_ALNS_EXPANSION,L,CF1,1,PHASE6N_TOP4,False
CB1_CAUR_L_CF1_RI2_TI2_R12__seed721204__it0000205,ts_a66bb204b0f0857642d6,CB1_CAUR_L_CF1_RI2_TI2_R12,NEW_ALNS_EXPANSION,L,CF1,1,PHASE6N_TOP4,False
CB1_CAUR_L_CF1_RI2_TI2_R12__seed721204__it0000205,ts_ec76cf9a99fe6a292294,CB1_CAUR_L_CF1_RI2_TI2_R12,NEW_ALNS_EXPANSION,L,CF1,1,PHASE6N_TOP4,False
CB1_CAUR_L_CF1_RI2_TI2_R12__seed721204__it0000205,ts_ef4362f2cd6ecd6e9279,CB1_CAUR_L_CF1_RI2_TI2_R12,NEW_ALNS_EXPANSION,L,CF1,1,CANONICAL_FALLBACK|PHASE6N_TOP4,True
CB1_CAUR_L_CF1_RI2_TI2_R12__seed721204__it0000264,ts_27f0c55fb236292c6c87,CB1_CAUR_L_CF1_RI2_TI2_R12,NEW_ALNS_EXPANSION,L,CF1,1,PHASE6N_TOP4,False
CB1_CAUR_L_CF1_RI2_TI2_R12__seed721204__it0000264,ts_52ab65521a402faf59f8,CB1_CAUR_L_CF1_RI2_TI2_R12,NEW_ALNS_EXPANSION,L,CF1,1,PHASE6N_TOP4,False
CB1_CAUR_L_CF1_RI2_TI2_R12__seed721204__it0000264,ts_58f3d113d1f725837b09,CB1_CAUR_L_CF1_RI2_TI2_R12,NEW_ALNS_EXPANSION,L,CF1,1,PHASE6N_TOP4,False
CB1_CAUR_L_CF1_RI2_TI2_R12__seed721204__it0000264,ts_5cebeca73abfe7c59f52,CB1_CAUR_L_CF1_RI2_TI2_R12,NEW_ALNS_EXPANSION,L,CF1,1,PHASE6N_TOP4,False
CB1_CAUR_L_CF1_RI2_TI2_R12__seed721204__it0000264,ts_88d7568a30057d69b3b9,CB1_CAUR_L_CF1_RI2_TI2_R12,NEW_ALNS_EXPANSION,L,CF1,1,CANONICAL_FALLBACK,True
CB1_CAUR_L_CF1_RI2_TI2_R12__seed721204__it0000329,ts_12763faa390e298e0712,CB1_CAUR_L_CF1_RI2_TI2_R12,NEW_ALNS_EXPANSION,L,CF1,1,PHASE6N_TOP4,False
CB1_CAUR_L_CF1_RI2_TI2_R12__seed721204__it0000329,ts_1e1a304d877897246d52,CB1_CAUR_L_CF1_RI2_TI2_R12,NEW_ALNS_EXPANSION,L,CF1,1,PHASE6N_TOP4,False
CB1_CAUR_L_CF1_RI2_TI2_R12__seed721204__it0000329,ts_7ef159287c528a75370a,CB1_CAUR_L_CF1_RI2_TI2_R12,NEW_ALNS_EXPANSION,L,CF1,1,PHASE6N_TOP4,False
CB1_CAUR_L_CF1_RI2_TI2_R12__seed721204__it0000329,ts_91c77faf0ede3eb5ad41,CB1_CAUR_L_CF1_RI2_TI2_R12,NEW_ALNS_EXPANSION,L,CF1,1,CANONICAL_FALLBACK,True
CB1_CAUR_L_CF1_RI2_TI2_R12__seed721204__it0000329,ts_df22e8ad9ae371afa1dd,CB1_CAUR_L_CF1_RI2_TI2_R12,NEW_ALNS_EXPANSION,L,CF1,1,PHASE6N_TOP4,False
CB1_CAUR_L_CF1_RI2_TI2_R12__seed721204__it0000389,ts_22f4337a53203a6ae278,CB1_CAUR_L_CF1_RI2_TI2_R12,NEW_ALNS_EXPANSION,L,CF1,1,PHASE6N_TOP4,False
CB1_CAUR_L_CF1_RI2_TI2_R12__seed721204__it0000389,ts_473b5c4f3c3368dfd2df,CB1_CAUR_L_CF1_RI2_TI2_R12,NEW_ALNS_EXPANSION,L,CF1,1,PHASE6N_TOP4,False
CB1_CAUR_L_CF1_RI2_TI2_R12__seed721204__it0000389,ts_4ca8eb1361721b065408,CB1_CAUR_L_CF1_RI2_TI2_R12,NEW_ALNS_EXPANSION,L,CF1,1,CANONICAL_FALLBACK,True
CB1_CAUR_L_CF1_RI2_TI2_R12__seed721204__it0000389,ts_7f33f7d58159d25a31e6,CB1_CAUR_L_CF1_RI2_TI2_R12,NEW_ALNS_EXPANSION,L,CF1,1,PHASE6N_TOP4,False
CB1_CAUR_L_CF1_RI2_TI2_R12__seed721204__it0000389,ts_83b35375431c89ab1e84,CB1_CAUR_L_CF1_RI2_TI2_R12,NEW_ALNS_EXPANSION,L,CF1,1,PHASE6N_TOP4,False
CB1_CAUR_L_CF1_RI2_TI2_R12__seed721204__it0000434,ts_28b6e576f9e9fb207cb8,CB1_CAUR_L_CF1_RI2_TI2_R12,NEW_ALNS_EXPANSION,L,CF1,1,CANONICAL_FALLBACK,True
CB1_CAUR_L_CF1_RI2_TI2_R12__seed721204__it0000434,ts_522fd2c57d8e1c50e49a,CB1_CAUR_L_CF1_RI2_TI2_R12,NEW_ALNS_EXPANSION,L,CF1,1,PHASE6N_TOP4,False
CB1_CAUR_L_CF1_RI2_TI2_R12__seed721204__it0000434,ts_7599bbe1f3e085c9d0df,CB1_CAUR_L_CF1_RI2_TI2_R12,NEW_ALNS_EXPANSION,L,CF1,1,PHASE6N_TOP4,False
CB1_CAUR_L_CF1_RI2_TI2_R12__seed721204__it0000434,ts_a885eb92f8bd51316044,CB1_CAUR_L_CF1_RI2_TI2_R12,NEW_ALNS_EXPANSION,L,CF1,1,PHASE6N_TOP4,False
CB1_CAUR_L_CF1_RI2_TI2_R12__seed721204__it0000434,ts_ce549fab6fdcdebcc8a3,CB1_CAUR_L_CF1_RI2_TI2_R12,NEW_ALNS_EXPANSION,L,CF1,1,PHASE6N_TOP4,False
CB1_CAUR_L_CF2_RI2_TI2_R12_C02__seed691201__it0000010,ts_0f6607c413d0ac0cf5d0,CB1_CAUR_L_CF2_RI2_TI2_R12_C02,ORIGINAL_PHASE6J_CAUR,L,CF2,2,PHASE6L_TOP4,False
CB1_CAUR_L_CF2_RI2_TI2_R12_C02__seed691201__it0000010,ts_1fe31da9326bf496e568,CB1_CAUR_L_CF2_RI2_TI2_R12_C02,ORIGINAL_PHASE6J_CAUR,L,CF2,2,CANONICAL_FALLBACK,True
CB1_CAUR_L_CF2_RI2_TI2_R12_C02__seed691201__it0000010,ts_5815957983d149cf9b4d,CB1_CAUR_L_CF2_RI2_TI2_R12_C02,ORIGINAL_PHASE6J_CAUR,L,CF2,2,PHASE6L_TOP4,False
CB1_CAUR_L_CF2_RI2_TI2_R12_C02__seed691201__it0000010,ts_6c75d96490fc22afd680,CB1_CAUR_L_CF2_RI2_TI2_R12_C02,ORIGINAL_PHASE6J_CAUR,L,CF2,2,PHASE6N_TOP4,False
CB1_CAUR_L_CF2_RI2_TI2_R12_C02__seed691201__it0000010,ts_ac9bb5714bac68e7dc78,CB1_CAUR_L_CF2_RI2_TI2_R12_C02,ORIGINAL_PHASE6J_CAUR,L,CF2,2,PHASE6L_TOP4,False
CB1_CAUR_L_CF2_RI2_TI2_R12_C02__seed691201__it0000010,ts_b4c3e694f4ebcf5f744d,CB1_CAUR_L_CF2_RI2_TI2_R12_C02,ORIGINAL_PHASE6J_CAUR,L,CF2,2,PHASE6L_TOP4,False
CB1_CAUR_L_CF2_RI2_TI2_R12_C02__seed691201__it0000010,ts_c7077afe861d577b9d26,CB1_CAUR_L_CF2_RI2_TI2_R12_C02,ORIGINAL_PHASE6J_CAUR,L,CF2,2,PHASE6N_TOP4,False
CB1_CAUR_L_CF2_RI2_TI2_R12_C02__seed691201__it0000010,ts_c95daadf7e40264c25dc,CB1_CAUR_L_CF2_RI2_TI2_R12_C02,ORIGINAL_PHASE6J_CAUR,L,CF2,2,PHASE6N_TOP4,False
CB1_CAUR_L_CF2_RI2_TI2_R12_C02__seed691201__it0000010,ts_fabf316b64b0eb40dd43,CB1_CAUR_L_CF2_RI2_TI2_R12_C02,ORIGINAL_PHASE6J_CAUR,L,CF2,2,PHASE6N_TOP4,False
CB1_CAUR_L_CF2_RI2_TI2_R12_C02__seed691201__it0000045,ts_61a0929c38dbd8e92996,CB1_CAUR_L_CF2_RI2_TI2_R12_C02,ORIGINAL_PHASE6J_CAUR,L,CF2,2,PHASE6N_TOP4,False
CB1_CAUR_L_CF2_RI2_TI2_R12_C02__seed691201__it0000045,ts_68149e7e34045c9f2f94,CB1_CAUR_L_CF2_RI2_TI2_R12_C02,ORIGINAL_PHASE6J_CAUR,L,CF2,2,CANONICAL_FALLBACK,True
CB1_CAUR_L_CF2_RI2_TI2_R12_C02__seed691201__it0000045,ts_7c3d5a4417cfaedcef88,CB1_CAUR_L_CF2_RI2_TI2_R12_C02,ORIGINAL_PHASE6J_CAUR,L,CF2,2,PHASE6L_TOP4|PHASE6N_TOP4,False
CB1_CAUR_L_CF2_RI2_TI2_R12_C02__seed691201__it0000045,ts_8163f377ca8b5aa00a48,CB1_CAUR_L_CF2_RI2_TI2_R12_C02,ORIGINAL_PHASE6J_CAUR,L,CF2,2,PHASE6L_TOP4,False
CB1_CAUR_L_CF2_RI2_TI2_R12_C02__seed691201__it0000045,ts_9608dacc590aa1e8f1d6,CB1_CAUR_L_CF2_RI2_TI2_R12_C02,ORIGINAL_PHASE6J_CAUR,L,CF2,2,PHASE6N_TOP4,False
CB1_CAUR_L_CF2_RI2_TI2_R12_C02__seed691201__it0000045,ts_cf9f3aaffe6ff872f8a2,CB1_CAUR_L_CF2_RI2_TI2_R12_C02,ORIGINAL_PHASE6J_CAUR,L,CF2,2,PHASE6L_TOP4|PHASE6N_TOP4,False
CB1_CAUR_L_CF2_RI2_TI2_R12_C02__seed691201__it0000045,ts_d01519331269d3747b56,CB1_CAUR_L_CF2_RI2_TI2_R12_C02,ORIGINAL_PHASE6J_CAUR,L,CF2,2,PHASE6L_TOP4,False
CB1_CAUR_L_CF2_RI2_TI2_R12_C02__seed691201__it0000084,ts_27955d70348654fb5bd8,CB1_CAUR_L_CF2_RI2_TI2_R12_C02,ORIGINAL_PHASE6J_CAUR,L,CF2,2,PHASE6L_TOP4,False
CB1_CAUR_L_CF2_RI2_TI2_R12_C02__seed691201__it0000084,ts_35781eec56db7d1cd05c,CB1_CAUR_L_CF2_RI2_TI2_R12_C02,ORIGINAL_PHASE6J_CAUR,L,CF2,2,CANONICAL_FALLBACK,True
CB1_CAUR_L_CF2_RI2_TI2_R12_C02__seed691201__it0000084,ts_3f92201759262def7514,CB1_CAUR_L_CF2_RI2_TI2_R12_C02,ORIGINAL_PHASE6J_CAUR,L,CF2,2,PHASE6L_TOP4|PHASE6N_TOP4,False
CB1_CAUR_L_CF2_RI2_TI2_R12_C02__seed691201__it0000084,ts_52efe2100cb5227c8329,CB1_CAUR_L_CF2_RI2_TI2_R12_C02,ORIGINAL_PHASE6J_CAUR,L,CF2,2,PHASE6N_TOP4,False
CB1_CAUR_L_CF2_RI2_TI2_R12_C02__seed691201__it0000084,ts_897efaf234781c1bff8a,CB1_CAUR_L_CF2_RI2_TI2_R12_C02,ORIGINAL_PHASE6J_CAUR,L,CF2,2,PHASE6L_TOP4|PHASE6N_TOP4,False
CB1_CAUR_L_CF2_RI2_TI2_R12_C02__seed691201__it0000084,ts_fb1b23fc75a3393a7877,CB1_CAUR_L_CF2_RI2_TI2_R12_C02,ORIGINAL_PHASE6J_CAUR,L,CF2,2,PHASE6L_TOP4|PHASE6N_TOP4,False
CB1_CAUR_L_CF2_RI2_TI2_R12_C02__seed691201__it0000119,ts_0e13af6638b787e00860,CB1_CAUR_L_CF2_RI2_TI2_R12_C02,ORIGINAL_PHASE6J_CAUR,L,CF2,2,CANONICAL_FALLBACK,True
CB1_CAUR_L_CF2_RI2_TI2_R12_C02__seed691201__it0000119,ts_3ab5d8854d4af271ab81,CB1_CAUR_L_CF2_RI2_TI2_R12_C02,ORIGINAL_PHASE6J_CAUR,L,CF2,2,PHASE6N_TOP4,False
CB1_CAUR_L_CF2_RI2_TI2_R12_C02__seed691201__it0000119,ts_5f52be9bb9f97d206c81,CB1_CAUR_L_CF2_RI2_TI2_R12_C02,ORIGINAL_PHASE6J_CAUR,L,CF2,2,PHASE6L_TOP4,False
CB1_CAUR_L_CF2_RI2_TI2_R12_C02__seed691201__it0000119,ts_b8003afd1cd3e6ca8fe9,CB1_CAUR_L_CF2_RI2_TI2_R12_C02,ORIGINAL_PHASE6J_CAUR,L,CF2,2,PHASE6N_TOP4,False
CB1_CAUR_L_CF2_RI2_TI2_R12_C02__seed691201__it0000119,ts_c94323c3e4e2fc7ed3cb,CB1_CAUR_L_CF2_RI2_TI2_R12_C02,ORIGINAL_PHASE6J_CAUR,L,CF2,2,PHASE6L_TOP4|PHASE6N_TOP4,False
CB1_CAUR_L_CF2_RI2_TI2_R12_C02__seed691201__it0000119,ts_c944c9aab95bf5b9f946,CB1_CAUR_L_CF2_RI2_TI2_R12_C02,ORIGINAL_PHASE6J_CAUR,L,CF2,2,PHASE6L_TOP4,False
CB1_CAUR_L_CF2_RI2_TI2_R12_C02__seed691201__it0000119,ts_e6d101e083181fb28638,CB1_CAUR_L_CF2_RI2_TI2_R12_C02,ORIGINAL_PHASE6J_CAUR,L,CF2,2,PHASE6N_TOP4,False
CB1_CAUR_L_CF2_RI2_TI2_R12_C02__seed691201__it0000119,ts_ec2058736da9ed0a3d97,CB1_CAUR_L_CF2_RI2_TI2_R12_C02,ORIGINAL_PHASE6J_CAUR,L,CF2,2,PHASE6L_TOP4,False
CB1_CAUR_L_CF2_RI2_TI2_R12_C02__seed691201__it0000155,ts_8085a401d3d390d4af28,CB1_CAUR_L_CF2_RI2_TI2_R12_C02,ORIGINAL_PHASE6J_CAUR,L,CF2,2,PHASE6L_TOP4|PHASE6N_TOP4,False
CB1_CAUR_L_CF2_RI2_TI2_R12_C02__seed691201__it0000155,ts_9355fb8324e1f5a99990,CB1_CAUR_L_CF2_RI2_TI2_R12_C02,ORIGINAL_PHASE6J_CAUR,L,CF2,2,CANONICAL_FALLBACK,True
CB1_CAUR_L_CF2_RI2_TI2_R12_C02__seed691201__it0000155,ts_a5a5d2e8f4bfef2fbefc,CB1_CAUR_L_CF2_RI2_TI2_R12_C02,ORIGINAL_PHASE6J_CAUR,L,CF2,2,PHASE6L_TOP4|PHASE6N_TOP4,False
CB1_CAUR_L_CF2_RI2_TI2_R12_C02__seed691201__it0000155,ts_cb5b6f3bf3eba3991e78,CB1_CAUR_L_CF2_RI2_TI2_R12_C02,ORIGINAL_PHASE6J_CAUR,L,CF2,2,PHASE6N_TOP4,False
CB1_CAUR_L_CF2_RI2_TI2_R12_C02__seed691201__it0000155,ts_d0e89f31c7ed95446070,CB1_CAUR_L_CF2_RI2_TI2_R12_C02,ORIGINAL_PHASE6J_CAUR,L,CF2,2,PHASE6L_TOP4|PHASE6N_TOP4,False
CB1_CAUR_L_CF2_RI2_TI2_R12_C02__seed691201__it0000155,ts_ea4671a1f147906048a3,CB1_CAUR_L_CF2_RI2_TI2_R12_C02,ORIGINAL_PHASE6J_CAUR,L,CF2,2,PHASE6L_TOP4,False
CB1_CAUR_L_CF2_RI2_TI2_R12_C02__seed691201__it0000194,ts_4e3a9a98408ac12503f1,CB1_CAUR_L_CF2_RI2_TI2_R12_C02,ORIGINAL_PHASE6J_CAUR,L,CF2,2,PHASE6L_TOP4|PHASE6N_TOP4,False
CB1_CAUR_L_CF2_RI2_TI2_R12_C02__seed691201__it0000194,ts_5301270edcb6f4a5ddbd,CB1_CAUR_L_CF2_RI2_TI2_R12_C02,ORIGINAL_PHASE6J_CAUR,L,CF2,2,CANONICAL_FALLBACK,True
CB1_CAUR_L_CF2_RI2_TI2_R12_C02__seed691201__it0000194,ts_7c7be1372f8aae37b216,CB1_CAUR_L_CF2_RI2_TI2_R12_C02,ORIGINAL_PHASE6J_CAUR,L,CF2,2,PHASE6L_TOP4,False
CB1_CAUR_L_CF2_RI2_TI2_R12_C02__seed691201__it0000194,ts_80f7b316db5b935c93d4,CB1_CAUR_L_CF2_RI2_TI2_R12_C02,ORIGINAL_PHASE6J_CAUR,L,CF2,2,PHASE6N_TOP4,False
CB1_CAUR_L_CF2_RI2_TI2_R12_C02__seed691201__it0000194,ts_96d9fd4fecb2c4a42556,CB1_CAUR_L_CF2_RI2_TI2_R12_C02,ORIGINAL_PHASE6J_CAUR,L,CF2,2,PHASE6L_TOP4,False
CB1_CAUR_L_CF2_RI2_TI2_R12_C02__seed691201__it0000194,ts_d2d10c854bca94799307,CB1_CAUR_L_CF2_RI2_TI2_R12_C02,ORIGINAL_PHASE6J_CAUR,L,CF2,2,PHASE6L_TOP4|PHASE6N_TOP4,False
CB1_CAUR_L_CF2_RI2_TI2_R12_C02__seed691201__it0000194,ts_d63d6fec86e836335c2d,CB1_CAUR_L_CF2_RI2_TI2_R12_C02,ORIGINAL_PHASE6J_CAUR,L,CF2,2,PHASE6N_TOP4,False
CB1_CAUR_L_CF2_RI2_TI2_R12_C02__seed691201__it0000230,ts_038399c416753ec5e502,CB1_CAUR_L_CF2_RI2_TI2_R12_C02,ORIGINAL_PHASE6J_CAUR,L,CF2,2,PHASE6L_TOP4|PHASE6N_TOP4,False
CB1_CAUR_L_CF2_RI2_TI2_R12_C02__seed691201__it0000230,ts_8f635d32880961e892b0,CB1_CAUR_L_CF2_RI2_TI2_R12_C02,ORIGINAL_PHASE6J_CAUR,L,CF2,2,PHASE6N_TOP4,False
CB1_CAUR_L_CF2_RI2_TI2_R12_C02__seed691201__it0000230,ts_9a03350efaa13e43ddb1,CB1_CAUR_L_CF2_RI2_TI2_R12_C02,ORIGINAL_PHASE6J_CAUR,L,CF2,2,PHASE6L_TOP4,False
CB1_CAUR_L_CF2_RI2_TI2_R12_C02__seed691201__it0000230,ts_cdacc450c2c37c12c13c,CB1_CAUR_L_CF2_RI2_TI2_R12_C02,ORIGINAL_PHASE6J_CAUR,L,CF2,2,PHASE6L_TOP4|PHASE6N_TOP4,False
CB1_CAUR_L_CF2_RI2_TI2_R12_C02__seed691201__it0000230,ts_cde712f362446c3fffd2,CB1_CAUR_L_CF2_RI2_TI2_R12_C02,ORIGINAL_PHASE6J_CAUR,L,CF2,2,CANONICAL_FALLBACK,True
CB1_CAUR_L_CF2_RI2_TI2_R12_C02__seed691201__it0000230,ts_d99bebfdd529159475b1,CB1_CAUR_L_CF2_RI2_TI2_R12_C02,ORIGINAL_PHASE6J_CAUR,L,CF2,2,PHASE6L_TOP4|PHASE6N_TOP4,False
CB1_CAUR_L_CF2_RI2_TI2_R12_C02__seed691201__it0000258,ts_0049f8b726f0b9a6337b,CB1_CAUR_L_CF2_RI2_TI2_R12_C02,ORIGINAL_PHASE6J_CAUR,L,CF2,2,PHASE6L_TOP4|PHASE6N_TOP4,False
CB1_CAUR_L_CF2_RI2_TI2_R12_C02__seed691201__it0000258,ts_147d3f2d523dc0ee4c3b,CB1_CAUR_L_CF2_RI2_TI2_R12_C02,ORIGINAL_PHASE6J_CAUR,L,CF2,2,CANONICAL_FALLBACK|PHASE6L_TOP4,True
CB1_CAUR_L_CF2_RI2_TI2_R12_C02__seed691201__it0000258,ts_4c544537271f96c3136e,CB1_CAUR_L_CF2_RI2_TI2_R12_C02,ORIGINAL_PHASE6J_CAUR,L,CF2,2,PHASE6N_TOP4,False
CB1_CAUR_L_CF2_RI2_TI2_R12_C02__seed691201__it0000258,ts_89c64fac81e8918e8511,CB1_CAUR_L_CF2_RI2_TI2_R12_C02,ORIGINAL_PHASE6J_CAUR,L,CF2,2,PHASE6L_TOP4,False
CB1_CAUR_L_CF2_RI2_TI2_R12_C02__seed691201__it0000258,ts_aa2a91d937ea46835ce7,CB1_CAUR_L_CF2_RI2_TI2_R12_C02,ORIGINAL_PHASE6J_CAUR,L,CF2,2,PHASE6N_TOP4,False
CB1_CAUR_L_CF2_RI2_TI2_R12_C02__seed691201__it0000258,ts_b6b70f0fe7950726d888,CB1_CAUR_L_CF2_RI2_TI2_R12_C02,ORIGINAL_PHASE6J_CAUR,L,CF2,2,PHASE6L_TOP4|PHASE6N_TOP4,False
CB1_CAUR_L_CF2_RI2_TI2_R12_C02__seed691202__it0000010,ts_0d33b2712f2318fd79bc,CB1_CAUR_L_CF2_RI2_TI2_R12_C02,ORIGINAL_PHASE6J_CAUR,L,CF2,2,PHASE6L_TOP4,False
CB1_CAUR_L_CF2_RI2_TI2_R12_C02__seed691202__it0000010,ts_5dc228c6fa41583ba22c,CB1_CAUR_L_CF2_RI2_TI2_R12_C02,ORIGINAL_PHASE6J_CAUR,L,CF2,2,PHASE6L_TOP4,False
CB1_CAUR_L_CF2_RI2_TI2_R12_C02__seed691202__it0000010,ts_683fd7341aa7215d9883,CB1_CAUR_L_CF2_RI2_TI2_R12_C02,ORIGINAL_PHASE6J_CAUR,L,CF2,2,PHASE6L_TOP4,False
CB1_CAUR_L_CF2_RI2_TI2_R12_C02__seed691202__it0000010,ts_9eee36cfa5bf6d4d2d1b,CB1_CAUR_L_CF2_RI2_TI2_R12_C02,ORIGINAL_PHASE6J_CAUR,L,CF2,2,PHASE6N_TOP4,False
CB1_CAUR_L_CF2_RI2_TI2_R12_C02__seed691202__it0000010,ts_9fdddb4b57d0df80f3a4,CB1_CAUR_L_CF2_RI2_TI2_R12_C02,ORIGINAL_PHASE6J_CAUR,L,CF2,2,PHASE6L_TOP4|PHASE6N_TOP4,False
CB1_CAUR_L_CF2_RI2_TI2_R12_C02__seed691202__it0000010,ts_b4a1dbdf073d1558c992,CB1_CAUR_L_CF2_RI2_TI2_R12_C02,ORIGINAL_PHASE6J_CAUR,L,CF2,2,CANONICAL_FALLBACK,True
CB1_CAUR_L_CF2_RI2_TI2_R12_C02__seed691202__it0000010,ts_b980d52bc45e2c02a1a4,CB1_CAUR_L_CF2_RI2_TI2_R12_C02,ORIGINAL_PHASE6J_CAUR,L,CF2,2,PHASE6N_TOP4,False
CB1_CAUR_L_CF2_RI2_TI2_R12_C02__seed691202__it0000010,ts_e0ccd337d4ca7db27ea5,CB1_CAUR_L_CF2_RI2_TI2_R12_C02,ORIGINAL_PHASE6J_CAUR,L,CF2,2,PHASE6N_TOP4,False
CB1_CAUR_L_CF2_RI2_TI2_R12_C02__seed691202__it0000046,ts_6f62724b223cabcf8d24,CB1_CAUR_L_CF2_RI2_TI2_R12_C02,ORIGINAL_PHASE6J_CAUR,L,CF2,2,PHASE6N_TOP4,False
CB1_CAUR_L_CF2_RI2_TI2_R12_C02__seed691202__it0000046,ts_8df5d80775ab6b6daf8d,CB1_CAUR_L_CF2_RI2_TI2_R12_C02,ORIGINAL_PHASE6J_CAUR,L,CF2,2,PHASE6L_TOP4|PHASE6N_TOP4,False
CB1_CAUR_L_CF2_RI2_TI2_R12_C02__seed691202__it0000046,ts_93fd4c48d7a98ac4397b,CB1_CAUR_L_CF2_RI2_TI2_R12_C02,ORIGINAL_PHASE6J_CAUR,L,CF2,2,PHASE6L_TOP4|PHASE6N_TOP4,False
CB1_CAUR_L_CF2_RI2_TI2_R12_C02__seed691202__it0000046,ts_a8cd7c74d50864300aa6,CB1_CAUR_L_CF2_RI2_TI2_R12_C02,ORIGINAL_PHASE6J_CAUR,L,CF2,2,PHASE6L_TOP4,False
CB1_CAUR_L_CF2_RI2_TI2_R12_C02__seed691202__it0000046,ts_d2f658aad0ed76bb516b,CB1_CAUR_L_CF2_RI2_TI2_R12_C02,ORIGINAL_PHASE6J_CAUR,L,CF2,2,CANONICAL_FALLBACK|PHASE6L_TOP4,True
CB1_CAUR_L_CF2_RI2_TI2_R12_C02__seed691202__it0000046,ts_e688f03415fb4ea5e2a1,CB1_CAUR_L_CF2_RI2_TI2_R12_C02,ORIGINAL_PHASE6J_CAUR,L,CF2,2,PHASE6N_TOP4,False
CB1_CAUR_L_CF2_RI2_TI2_R12_C02__seed691202__it0000084,ts_08883b8f61a5ad3a161d,CB1_CAUR_L_CF2_RI2_TI2_R12_C02,ORIGINAL_PHASE6J_CAUR,L,CF2,2,PHASE6N_TOP4,False
CB1_CAUR_L_CF2_RI2_TI2_R12_C02__seed691202__it0000084,ts_16d648aa4af0d32004cf,CB1_CAUR_L_CF2_RI2_TI2_R12_C02,ORIGINAL_PHASE6J_CAUR,L,CF2,2,PHASE6L_TOP4,False
CB1_CAUR_L_CF2_RI2_TI2_R12_C02__seed691202__it0000084,ts_8509c3e3760a0b3001c0,CB1_CAUR_L_CF2_RI2_TI2_R12_C02,ORIGINAL_PHASE6J_CAUR,L,CF2,2,PHASE6N_TOP4,False
CB1_CAUR_L_CF2_RI2_TI2_R12_C02__seed691202__it0000084,ts_86cb367afbf05ef2929d,CB1_CAUR_L_CF2_RI2_TI2_R12_C02,ORIGINAL_PHASE6J_CAUR,L,CF2,2,CANONICAL_FALLBACK|PHASE6L_TOP4,True
CB1_CAUR_L_CF2_RI2_TI2_R12_C02__seed691202__it0000084,ts_ad79b67eacb934b44f22,CB1_CAUR_L_CF2_RI2_TI2_R12_C02,ORIGINAL_PHASE6J_CAUR,L,CF2,2,PHASE6L_TOP4|PHASE6N_TOP4,False
CB1_CAUR_L_CF2_RI2_TI2_R12_C02__seed691202__it0000084,ts_d4f2d73743c0fa6dfe4b,CB1_CAUR_L_CF2_RI2_TI2_R12_C02,ORIGINAL_PHASE6J_CAUR,L,CF2,2,PHASE6N_TOP4,False
CB1_CAUR_L_CF2_RI2_TI2_R12_C02__seed691202__it0000084,ts_dbe73c8bfeb7fa9b61be,CB1_CAUR_L_CF2_RI2_TI2_R12_C02,ORIGINAL_PHASE6J_CAUR,L,CF2,2,PHASE6L_TOP4,False
CB1_CAUR_L_CF2_RI2_TI2_R12_C02__seed691202__it0000119,ts_329a6e34a8ed6dcf28e3,CB1_CAUR_L_CF2_RI2_TI2_R12_C02,ORIGINAL_PHASE6J_CAUR,L,CF2,2,PHASE6N_TOP4,False
CB1_CAUR_L_CF2_RI2_TI2_R12_C02__seed691202__it0000119,ts_3d8513cf61ac7b4a4465,CB1_CAUR_L_CF2_RI2_TI2_R12_C02,ORIGINAL_PHASE6J_CAUR,L,CF2,2,PHASE6L_TOP4|PHASE6N_TOP4,False
CB1_CAUR_L_CF2_RI2_TI2_R12_C02__seed691202__it0000119,ts_7384eab4320e8b3ebc13,CB1_CAUR_L_CF2_RI2_TI2_R12_C02,ORIGINAL_PHASE6J_CAUR,L,CF2,2,PHASE6N_TOP4,False
CB1_CAUR_L_CF2_RI2_TI2_R12_C02__seed691202__it0000119,ts_7557fe7bf08d38b52c52,CB1_CAUR_L_CF2_RI2_TI2_R12_C02,ORIGINAL_PHASE6J_CAUR,L,CF2,2,PHASE6L_TOP4,False
CB1_CAUR_L_CF2_RI2_TI2_R12_C02__seed691202__it0000119,ts_7f275e5344e262ae7109,CB1_CAUR_L_CF2_RI2_TI2_R12_C02,ORIGINAL_PHASE6J_CAUR,L,CF2,2,PHASE6L_TOP4,False
CB1_CAUR_L_CF2_RI2_TI2_R12_C02__seed691202__it0000119,ts_87f3c1f46fb024f35208,CB1_CAUR_L_CF2_RI2_TI2_R12_C02,ORIGINAL_PHASE6J_CAUR,L,CF2,2,PHASE6N_TOP4,False
CB1_CAUR_L_CF2_RI2_TI2_R12_C02__seed691202__it0000119,ts_8a6aa21a9c1ac14444d0,CB1_CAUR_L_CF2_RI2_TI2_R12_C02,ORIGINAL_PHASE6J_CAUR,L,CF2,2,CANONICAL_FALLBACK|PHASE6L_TOP4,True
CB1_CAUR_L_CF2_RI2_TI2_R12_C02__seed691202__it0000155,ts_0f4c3e0e514cadc7e5a9,CB1_CAUR_L_CF2_RI2_TI2_R12_C02,ORIGINAL_PHASE6J_CAUR,L,CF2,2,PHASE6L_TOP4,False
CB1_CAUR_L_CF2_RI2_TI2_R12_C02__seed691202__it0000155,ts_21a595256c8227143d01,CB1_CAUR_L_CF2_RI2_TI2_R12_C02,ORIGINAL_PHASE6J_CAUR,L,CF2,2,PHASE6L_TOP4|PHASE6N_TOP4,False
CB1_CAUR_L_CF2_RI2_TI2_R12_C02__seed691202__it0000155,ts_377b26449fbbde4080fe,CB1_CAUR_L_CF2_RI2_TI2_R12_C02,ORIGINAL_PHASE6J_CAUR,L,CF2,2,PHASE6L_TOP4|PHASE6N_TOP4,False
CB1_CAUR_L_CF2_RI2_TI2_R12_C02__seed691202__it0000155,ts_4ed7cddaff338b16bc78,CB1_CAUR_L_CF2_RI2_TI2_R12_C02,ORIGINAL_PHASE6J_CAUR,L,CF2,2,PHASE6N_TOP4,False
CB1_CAUR_L_CF2_RI2_TI2_R12_C02__seed691202__it0000155,ts_6821176417f4bbb25b0d,CB1_CAUR_L_CF2_RI2_TI2_R12_C02,ORIGINAL_PHASE6J_CAUR,L,CF2,2,CANONICAL_FALLBACK,True
CB1_CAUR_L_CF2_RI2_TI2_R12_C02__seed691202__it0000155,ts_8a6a077648ecfff5af95,CB1_CAUR_L_CF2_RI2_TI2_R12_C02,ORIGINAL_PHASE6J_CAUR,L,CF2,2,PHASE6L_TOP4,False
CB1_CAUR_L_CF2_RI2_TI2_R12_C02__seed691202__it0000155,ts_8c962e710f9caf09decd,CB1_CAUR_L_CF2_RI2_TI2_R12_C02,ORIGINAL_PHASE6J_CAUR,L,CF2,2,PHASE6N_TOP4,False
CB1_CAUR_L_CF2_RI2_TI2_R12_C02__seed691202__it0000194,ts_20721ea19371970d1d8c,CB1_CAUR_L_CF2_RI2_TI2_R12_C02,ORIGINAL_PHASE6J_CAUR,L,CF2,2,PHASE6L_TOP4,False
CB1_CAUR_L_CF2_RI2_TI2_R12_C02__seed691202__it0000194,ts_4f9f92533cd75ba364bd,CB1_CAUR_L_CF2_RI2_TI2_R12_C02,ORIGINAL_PHASE6J_CAUR,L,CF2,2,PHASE6L_TOP4|PHASE6N_TOP4,False
CB1_CAUR_L_CF2_RI2_TI2_R12_C02__seed691202__it0000194,ts_58d051e7e9417e1b57e0,CB1_CAUR_L_CF2_RI2_TI2_R12_C02,ORIGINAL_PHASE6J_CAUR,L,CF2,2,PHASE6N_TOP4,False
CB1_CAUR_L_CF2_RI2_TI2_R12_C02__seed691202__it0000194,ts_71462eab211561795686,CB1_CAUR_L_CF2_RI2_TI2_R12_C02,ORIGINAL_PHASE6J_CAUR,L,CF2,2,PHASE6N_TOP4,False
CB1_CAUR_L_CF2_RI2_TI2_R12_C02__seed691202__it0000194,ts_b05ea0697a3c0c0ac7b4,CB1_CAUR_L_CF2_RI2_TI2_R12_C02,ORIGINAL_PHASE6J_CAUR,L,CF2,2,CANONICAL_FALLBACK,True
CB1_CAUR_L_CF2_RI2_TI2_R12_C02__seed691202__it0000194,ts_c45a768ed4f61c16b6cd,CB1_CAUR_L_CF2_RI2_TI2_R12_C02,ORIGINAL_PHASE6J_CAUR,L,CF2,2,PHASE6L_TOP4|PHASE6N_TOP4,False
CB1_CAUR_L_CF2_RI2_TI2_R12_C02__seed691202__it0000194,ts_d890ce6378e3ed6cdd80,CB1_CAUR_L_CF2_RI2_TI2_R12_C02,ORIGINAL_PHASE6J_CAUR,L,CF2,2,PHASE6L_TOP4,False
CB1_CAUR_L_CF2_RI2_TI2_R12_C02__seed691202__it0000230,ts_0574deabde19e0fe5d81,CB1_CAUR_L_CF2_RI2_TI2_R12_C02,ORIGINAL_PHASE6J_CAUR,L,CF2,2,PHASE6L_TOP4,False
CB1_CAUR_L_CF2_RI2_TI2_R12_C02__seed691202__it0000230,ts_1f8a7111a5f961bf6b83,CB1_CAUR_L_CF2_RI2_TI2_R12_C02,ORIGINAL_PHASE6J_CAUR,L,CF2,2,CANONICAL_FALLBACK|PHASE6N_TOP4,True
CB1_CAUR_L_CF2_RI2_TI2_R12_C02__seed691202__it0000230,ts_4d1af5e23249a34ba13a,CB1_CAUR_L_CF2_RI2_TI2_R12_C02,ORIGINAL_PHASE6J_CAUR,L,CF2,2,PHASE6L_TOP4|PHASE6N_TOP4,False
CB1_CAUR_L_CF2_RI2_TI2_R12_C02__seed691202__it0000230,ts_aa2ecddf0db4cf5af306,CB1_CAUR_L_CF2_RI2_TI2_R12_C02,ORIGINAL_PHASE6J_CAUR,L,CF2,2,PHASE6N_TOP4,False
CB1_CAUR_L_CF2_RI2_TI2_R12_C02__seed691202__it0000230,ts_db3e6c5418cc999614bf,CB1_CAUR_L_CF2_RI2_TI2_R12_C02,ORIGINAL_PHASE6J_CAUR,L,CF2,2,PHASE6L_TOP4,False
CB1_CAUR_L_CF2_RI2_TI2_R12_C02__seed691202__it0000230,ts_e4b9325ab28a25a80640,CB1_CAUR_L_CF2_RI2_TI2_R12_C02,ORIGINAL_PHASE6J_CAUR,L,CF2,2,PHASE6L_TOP4,False
CB1_CAUR_L_CF2_RI2_TI2_R12_C02__seed691202__it0000230,ts_f310831c03c20246e5b1,CB1_CAUR_L_CF2_RI2_TI2_R12_C02,ORIGINAL_PHASE6J_CAUR,L,CF2,2,PHASE6N_TOP4,False
CB1_CAUR_L_CF2_RI2_TI2_R12_C02__seed691202__it0000257,ts_018fe9952b94b1f660f2,CB1_CAUR_L_CF2_RI2_TI2_R12_C02,ORIGINAL_PHASE6J_CAUR,L,CF2,2,PHASE6L_TOP4|PHASE6N_TOP4,False
CB1_CAUR_L_CF2_RI2_TI2_R12_C02__seed691202__it0000257,ts_1fb895b8a2cc6965a493,CB1_CAUR_L_CF2_RI2_TI2_R12_C02,ORIGINAL_PHASE6J_CAUR,L,CF2,2,PHASE6L_TOP4,False
CB1_CAUR_L_CF2_RI2_TI2_R12_C02__seed691202__it0000257,ts_41ab9c5015444b2e2b7d,CB1_CAUR_L_CF2_RI2_TI2_R12_C02,ORIGINAL_PHASE6J_CAUR,L,CF2,2,PHASE6N_TOP4,False
CB1_CAUR_L_CF2_RI2_TI2_R12_C02__seed691202__it0000257,ts_bd497cb48b9209228c48,CB1_CAUR_L_CF2_RI2_TI2_R12_C02,ORIGINAL_PHASE6J_CAUR,L,CF2,2,PHASE6L_TOP4,False
CB1_CAUR_L_CF2_RI2_TI2_R12_C02__seed691202__it0000257,ts_cc5c5487ae07a7788d39,CB1_CAUR_L_CF2_RI2_TI2_R12_C02,ORIGINAL_PHASE6J_CAUR,L,CF2,2,PHASE6N_TOP4,False
CB1_CAUR_L_CF2_RI2_TI2_R12_C02__seed691202__it0000257,ts_e0101abf9c810f72a92f,CB1_CAUR_L_CF2_RI2_TI2_R12_C02,ORIGINAL_PHASE6J_CAUR,L,CF2,2,CANONICAL_FALLBACK,True
CB1_CAUR_L_CF2_RI2_TI2_R12_C02__seed691202__it0000257,ts_ec553c5d05b73994a441,CB1_CAUR_L_CF2_RI2_TI2_R12_C02,ORIGINAL_PHASE6J_CAUR,L,CF2,2,PHASE6L_TOP4|PHASE6N_TOP4,False
CB1_CAUR_L_CF2_RI2_TI2_R12_C02__seed721201__it0000016,ts_364d6c77ad8e8f729be6,CB1_CAUR_L_CF2_RI2_TI2_R12_C02,NEW_ALNS_EXPANSION,L,CF2,2,PHASE6N_TOP4,False
CB1_CAUR_L_CF2_RI2_TI2_R12_C02__seed721201__it0000016,ts_8d41e7854942fcb7572c,CB1_CAUR_L_CF2_RI2_TI2_R12_C02,NEW_ALNS_EXPANSION,L,CF2,2,PHASE6N_TOP4,False
CB1_CAUR_L_CF2_RI2_TI2_R12_C02__seed721201__it0000016,ts_c862c9b7f002c6b56560,CB1_CAUR_L_CF2_RI2_TI2_R12_C02,NEW_ALNS_EXPANSION,L,CF2,2,PHASE6N_TOP4,False
CB1_CAUR_L_CF2_RI2_TI2_R12_C02__seed721201__it0000016,ts_cc0a951fa61257478d06,CB1_CAUR_L_CF2_RI2_TI2_R12_C02,NEW_ALNS_EXPANSION,L,CF2,2,PHASE6N_TOP4,False
CB1_CAUR_L_CF2_RI2_TI2_R12_C02__seed721201__it0000016,ts_edff50fb78ff2f1854c4,CB1_CAUR_L_CF2_RI2_TI2_R12_C02,NEW_ALNS_EXPANSION,L,CF2,2,CANONICAL_FALLBACK,True
CB1_CAUR_L_CF2_RI2_TI2_R12_C02__seed721201__it0000069,ts_21b0ff7109464507d13a,CB1_CAUR_L_CF2_RI2_TI2_R12_C02,NEW_ALNS_EXPANSION,L,CF2,2,PHASE6N_TOP4,False
CB1_CAUR_L_CF2_RI2_TI2_R12_C02__seed721201__it0000069,ts_2d2f2e2ec494832e5d1c,CB1_CAUR_L_CF2_RI2_TI2_R12_C02,NEW_ALNS_EXPANSION,L,CF2,2,CANONICAL_FALLBACK,True
CB1_CAUR_L_CF2_RI2_TI2_R12_C02__seed721201__it0000069,ts_40a4ef9965aa935309fc,CB1_CAUR_L_CF2_RI2_TI2_R12_C02,NEW_ALNS_EXPANSION,L,CF2,2,PHASE6N_TOP4,False
CB1_CAUR_L_CF2_RI2_TI2_R12_C02__seed721201__it0000069,ts_a16183935dd842bde3bb,CB1_CAUR_L_CF2_RI2_TI2_R12_C02,NEW_ALNS_EXPANSION,L,CF2,2,PHASE6N_TOP4,False
CB1_CAUR_L_CF2_RI2_TI2_R12_C02__seed721201__it0000069,ts_c19d5fe680b42b599ed1,CB1_CAUR_L_CF2_RI2_TI2_R12_C02,NEW_ALNS_EXPANSION,L,CF2,2,PHASE6N_TOP4,False
CB1_CAUR_L_CF2_RI2_TI2_R12_C02__seed721201__it0000128,ts_1ddcbd8962faf79be397,CB1_CAUR_L_CF2_RI2_TI2_R12_C02,NEW_ALNS_EXPANSION,L,CF2,2,PHASE6N_TOP4,False
CB1_CAUR_L_CF2_RI2_TI2_R12_C02__seed721201__it0000128,ts_52d7c443e469c6cb4820,CB1_CAUR_L_CF2_RI2_TI2_R12_C02,NEW_ALNS_EXPANSION,L,CF2,2,PHASE6N_TOP4,False
CB1_CAUR_L_CF2_RI2_TI2_R12_C02__seed721201__it0000128,ts_59db785bc77556e191a0,CB1_CAUR_L_CF2_RI2_TI2_R12_C02,NEW_ALNS_EXPANSION,L,CF2,2,PHASE6N_TOP4,False
CB1_CAUR_L_CF2_RI2_TI2_R12_C02__seed721201__it0000128,ts_7398d06590cc6da59c9e,CB1_CAUR_L_CF2_RI2_TI2_R12_C02,NEW_ALNS_EXPANSION,L,CF2,2,PHASE6N_TOP4,False
CB1_CAUR_L_CF2_RI2_TI2_R12_C02__seed721201__it0000128,ts_7aba299c20b50cfb8761,CB1_CAUR_L_CF2_RI2_TI2_R12_C02,NEW_ALNS_EXPANSION,L,CF2,2,CANONICAL_FALLBACK,True
CB1_CAUR_L_CF2_RI2_TI2_R12_C02__seed721201__it0000183,ts_015642a8ebfaad382b8b,CB1_CAUR_L_CF2_RI2_TI2_R12_C02,NEW_ALNS_EXPANSION,L,CF2,2,PHASE6N_TOP4,False
CB1_CAUR_L_CF2_RI2_TI2_R12_C02__seed721201__it0000183,ts_2addcea16ca5bf3c15d3,CB1_CAUR_L_CF2_RI2_TI2_R12_C02,NEW_ALNS_EXPANSION,L,CF2,2,CANONICAL_FALLBACK,True
CB1_CAUR_L_CF2_RI2_TI2_R12_C02__seed721201__it0000183,ts_436a7bd965c783710536,CB1_CAUR_L_CF2_RI2_TI2_R12_C02,NEW_ALNS_EXPANSION,L,CF2,2,PHASE6N_TOP4,False
CB1_CAUR_L_CF2_RI2_TI2_R12_C02__seed721201__it0000183,ts_ee8c4af074971cfcce67,CB1_CAUR_L_CF2_RI2_TI2_R12_C02,NEW_ALNS_EXPANSION,L,CF2,2,PHASE6N_TOP4,False
CB1_CAUR_L_CF2_RI2_TI2_R12_C02__seed721201__it0000183,ts_f3f9f23d5b1360cb7329,CB1_CAUR_L_CF2_RI2_TI2_R12_C02,NEW_ALNS_EXPANSION,L,CF2,2,PHASE6N_TOP4,False
CB1_CAUR_L_CF2_RI2_TI2_R12_C02__seed721201__it0000238,ts_2cd9d3b26fdf918d48dc,CB1_CAUR_L_CF2_RI2_TI2_R12_C02,NEW_ALNS_EXPANSION,L,CF2,2,PHASE6N_TOP4,False
CB1_CAUR_L_CF2_RI2_TI2_R12_C02__seed721201__it0000238,ts_3254676b318c028667eb,CB1_CAUR_L_CF2_RI2_TI2_R12_C02,NEW_ALNS_EXPANSION,L,CF2,2,PHASE6N_TOP4,False
CB1_CAUR_L_CF2_RI2_TI2_R12_C02__seed721201__it0000238,ts_6de2fea2e9335af3c3e6,CB1_CAUR_L_CF2_RI2_TI2_R12_C02,NEW_ALNS_EXPANSION,L,CF2,2,PHASE6N_TOP4,False
CB1_CAUR_L_CF2_RI2_TI2_R12_C02__seed721201__it0000238,ts_708857453d27f3991203,CB1_CAUR_L_CF2_RI2_TI2_R12_C02,NEW_ALNS_EXPANSION,L,CF2,2,CANONICAL_FALLBACK,True
CB1_CAUR_L_CF2_RI2_TI2_R12_C02__seed721201__it0000238,ts_b9686c5957b84de21e6a,CB1_CAUR_L_CF2_RI2_TI2_R12_C02,NEW_ALNS_EXPANSION,L,CF2,2,PHASE6N_TOP4,False
CB1_CAUR_L_CF2_RI2_TI2_R12_C02__seed721201__it0000296,ts_116c8f2405479acc7e8e,CB1_CAUR_L_CF2_RI2_TI2_R12_C02,NEW_ALNS_EXPANSION,L,CF2,2,PHASE6N_TOP4,False
CB1_CAUR_L_CF2_RI2_TI2_R12_C02__seed721201__it0000296,ts_11e3739907b34fe43fc6,CB1_CAUR_L_CF2_RI2_TI2_R12_C02,NEW_ALNS_EXPANSION,L,CF2,2,PHASE6N_TOP4,False
CB1_CAUR_L_CF2_RI2_TI2_R12_C02__seed721201__it0000296,ts_3f87cef5881012fe572e,CB1_CAUR_L_CF2_RI2_TI2_R12_C02,NEW_ALNS_EXPANSION,L,CF2,2,CANONICAL_FALLBACK,True
CB1_CAUR_L_CF2_RI2_TI2_R12_C02__seed721201__it0000296,ts_42a45534a0cc0034c7ff,CB1_CAUR_L_CF2_RI2_TI2_R12_C02,NEW_ALNS_EXPANSION,L,CF2,2,PHASE6N_TOP4,False
CB1_CAUR_L_CF2_RI2_TI2_R12_C02__seed721201__it0000296,ts_d0fb20e5b6abf8fb3e22,CB1_CAUR_L_CF2_RI2_TI2_R12_C02,NEW_ALNS_EXPANSION,L,CF2,2,PHASE6N_TOP4,False
CB1_CAUR_L_CF2_RI2_TI2_R12_C02__seed721201__it0000351,ts_0efbd4e5651f92d220c4,CB1_CAUR_L_CF2_RI2_TI2_R12_C02,NEW_ALNS_EXPANSION,L,CF2,2,CANONICAL_FALLBACK,True
CB1_CAUR_L_CF2_RI2_TI2_R12_C02__seed721201__it0000351,ts_2766e650077789afb4f6,CB1_CAUR_L_CF2_RI2_TI2_R12_C02,NEW_ALNS_EXPANSION,L,CF2,2,PHASE6N_TOP4,False
CB1_CAUR_L_CF2_RI2_TI2_R12_C02__seed721201__it0000351,ts_42b65d2445a9a2827f98,CB1_CAUR_L_CF2_RI2_TI2_R12_C02,NEW_ALNS_EXPANSION,L,CF2,2,PHASE6N_TOP4,False
CB1_CAUR_L_CF2_RI2_TI2_R12_C02__seed721201__it0000351,ts_a4dc279bf53f4ae28f58,CB1_CAUR_L_CF2_RI2_TI2_R12_C02,NEW_ALNS_EXPANSION,L,CF2,2,PHASE6N_TOP4,False
CB1_CAUR_L_CF2_RI2_TI2_R12_C02__seed721201__it0000351,ts_a80966aad66e121cab12,CB1_CAUR_L_CF2_RI2_TI2_R12_C02,NEW_ALNS_EXPANSION,L,CF2,2,PHASE6N_TOP4,False
CB1_CAUR_L_CF2_RI2_TI2_R12_C02__seed721201__it0000394,ts_063ea78ac9e99f0b0ec3,CB1_CAUR_L_CF2_RI2_TI2_R12_C02,NEW_ALNS_EXPANSION,L,CF2,2,CANONICAL_FALLBACK,True
CB1_CAUR_L_CF2_RI2_TI2_R12_C02__seed721201__it0000394,ts_19d3e8c7932dc0a90967,CB1_CAUR_L_CF2_RI2_TI2_R12_C02,NEW_ALNS_EXPANSION,L,CF2,2,PHASE6N_TOP4,False
CB1_CAUR_L_CF2_RI2_TI2_R12_C02__seed721201__it0000394,ts_66d3e30602b050f7328d,CB1_CAUR_L_CF2_RI2_TI2_R12_C02,NEW_ALNS_EXPANSION,L,CF2,2,PHASE6N_TOP4,False
CB1_CAUR_L_CF2_RI2_TI2_R12_C02__seed721201__it0000394,ts_6e77471b5228b27ae917,CB1_CAUR_L_CF2_RI2_TI2_R12_C02,NEW_ALNS_EXPANSION,L,CF2,2,PHASE6N_TOP4,False
CB1_CAUR_L_CF2_RI2_TI2_R12_C02__seed721201__it0000394,ts_7a5d4afd70942aee8508,CB1_CAUR_L_CF2_RI2_TI2_R12_C02,NEW_ALNS_EXPANSION,L,CF2,2,PHASE6N_TOP4,False
CB1_CAUR_L_CF2_RI2_TI2_R12_C02__seed721202__it0000016,ts_111e1acd29e3972e0d56,CB1_CAUR_L_CF2_RI2_TI2_R12_C02,NEW_ALNS_EXPANSION,L,CF2,2,PHASE6N_TOP4,False
CB1_CAUR_L_CF2_RI2_TI2_R12_C02__seed721202__it0000016,ts_71e2ecb983c9a792e9ac,CB1_CAUR_L_CF2_RI2_TI2_R12_C02,NEW_ALNS_EXPANSION,L,CF2,2,PHASE6N_TOP4,False
CB1_CAUR_L_CF2_RI2_TI2_R12_C02__seed721202__it0000016,ts_b58167566ec3dda23616,CB1_CAUR_L_CF2_RI2_TI2_R12_C02,NEW_ALNS_EXPANSION,L,CF2,2,PHASE6N_TOP4,False
CB1_CAUR_L_CF2_RI2_TI2_R12_C02__seed721202__it0000016,ts_b7e42df85cac37c2c6b6,CB1_CAUR_L_CF2_RI2_TI2_R12_C02,NEW_ALNS_EXPANSION,L,CF2,2,PHASE6N_TOP4,False
CB1_CAUR_L_CF2_RI2_TI2_R12_C02__seed721202__it0000016,ts_fd14cc57102b24d81161,CB1_CAUR_L_CF2_RI2_TI2_R12_C02,NEW_ALNS_EXPANSION,L,CF2,2,CANONICAL_FALLBACK,True
CB1_CAUR_L_CF2_RI2_TI2_R12_C02__seed721202__it0000070,ts_233998822ebcb6a51851,CB1_CAUR_L_CF2_RI2_TI2_R12_C02,NEW_ALNS_EXPANSION,L,CF2,2,PHASE6N_TOP4,False
CB1_CAUR_L_CF2_RI2_TI2_R12_C02__seed721202__it0000070,ts_64d0dad0d7cc860bdcef,CB1_CAUR_L_CF2_RI2_TI2_R12_C02,NEW_ALNS_EXPANSION,L,CF2,2,PHASE6N_TOP4,False
CB1_CAUR_L_CF2_RI2_TI2_R12_C02__seed721202__it0000070,ts_6c400c7004cf6dec4b15,CB1_CAUR_L_CF2_RI2_TI2_R12_C02,NEW_ALNS_EXPANSION,L,CF2,2,CANONICAL_FALLBACK,True
CB1_CAUR_L_CF2_RI2_TI2_R12_C02__seed721202__it0000070,ts_93ac6950832004ca7a6d,CB1_CAUR_L_CF2_RI2_TI2_R12_C02,NEW_ALNS_EXPANSION,L,CF2,2,PHASE6N_TOP4,False
CB1_CAUR_L_CF2_RI2_TI2_R12_C02__seed721202__it0000070,ts_9b3228529c857bbe9c32,CB1_CAUR_L_CF2_RI2_TI2_R12_C02,NEW_ALNS_EXPANSION,L,CF2,2,PHASE6N_TOP4,False
CB1_CAUR_L_CF2_RI2_TI2_R12_C02__seed721202__it0000129,ts_52548597d54f97425fbb,CB1_CAUR_L_CF2_RI2_TI2_R12_C02,NEW_ALNS_EXPANSION,L,CF2,2,PHASE6N_TOP4,False
CB1_CAUR_L_CF2_RI2_TI2_R12_C02__seed721202__it0000129,ts_675127ccf2ee9eec123a,CB1_CAUR_L_CF2_RI2_TI2_R12_C02,NEW_ALNS_EXPANSION,L,CF2,2,CANONICAL_FALLBACK,True
CB1_CAUR_L_CF2_RI2_TI2_R12_C02__seed721202__it0000129,ts_8d3b3ac530ff4d4acb60,CB1_CAUR_L_CF2_RI2_TI2_R12_C02,NEW_ALNS_EXPANSION,L,CF2,2,PHASE6N_TOP4,False
CB1_CAUR_L_CF2_RI2_TI2_R12_C02__seed721202__it0000129,ts_b92b346afeeed82be966,CB1_CAUR_L_CF2_RI2_TI2_R12_C02,NEW_ALNS_EXPANSION,L,CF2,2,PHASE6N_TOP4,False
CB1_CAUR_L_CF2_RI2_TI2_R12_C02__seed721202__it0000129,ts_b93cdb28c08172ecac46,CB1_CAUR_L_CF2_RI2_TI2_R12_C02,NEW_ALNS_EXPANSION,L,CF2,2,PHASE6N_TOP4,False
CB1_CAUR_L_CF2_RI2_TI2_R12_C02__seed721202__it0000184,ts_2de769daf98773a3210a,CB1_CAUR_L_CF2_RI2_TI2_R12_C02,NEW_ALNS_EXPANSION,L,CF2,2,PHASE6N_TOP4,False
CB1_CAUR_L_CF2_RI2_TI2_R12_C02__seed721202__it0000184,ts_30f67ea89a1b70a66dd2,CB1_CAUR_L_CF2_RI2_TI2_R12_C02,NEW_ALNS_EXPANSION,L,CF2,2,CANONICAL_FALLBACK,True
CB1_CAUR_L_CF2_RI2_TI2_R12_C02__seed721202__it0000184,ts_89bb97174760debf671a,CB1_CAUR_L_CF2_RI2_TI2_R12_C02,NEW_ALNS_EXPANSION,L,CF2,2,PHASE6N_TOP4,False
CB1_CAUR_L_CF2_RI2_TI2_R12_C02__seed721202__it0000184,ts_c69e284e918834946d38,CB1_CAUR_L_CF2_RI2_TI2_R12_C02,NEW_ALNS_EXPANSION,L,CF2,2,PHASE6N_TOP4,False
CB1_CAUR_L_CF2_RI2_TI2_R12_C02__seed721202__it0000184,ts_de1ec503ee1c631b2926,CB1_CAUR_L_CF2_RI2_TI2_R12_C02,NEW_ALNS_EXPANSION,L,CF2,2,PHASE6N_TOP4,False
CB1_CAUR_L_CF2_RI2_TI2_R12_C02__seed721202__it0000239,ts_1cdde1532b4f2de5f40a,CB1_CAUR_L_CF2_RI2_TI2_R12_C02,NEW_ALNS_EXPANSION,L,CF2,2,PHASE6N_TOP4,False
CB1_CAUR_L_CF2_RI2_TI2_R12_C02__seed721202__it0000239,ts_4c788ca5b5b0629474d2,CB1_CAUR_L_CF2_RI2_TI2_R12_C02,NEW_ALNS_EXPANSION,L,CF2,2,PHASE6N_TOP4,False
CB1_CAUR_L_CF2_RI2_TI2_R12_C02__seed721202__it0000239,ts_4f8a6f4ed009cedc90e0,CB1_CAUR_L_CF2_RI2_TI2_R12_C02,NEW_ALNS_EXPANSION,L,CF2,2,PHASE6N_TOP4,False
CB1_CAUR_L_CF2_RI2_TI2_R12_C02__seed721202__it0000239,ts_5200eef7146456712541,CB1_CAUR_L_CF2_RI2_TI2_R12_C02,NEW_ALNS_EXPANSION,L,CF2,2,CANONICAL_FALLBACK,True
CB1_CAUR_L_CF2_RI2_TI2_R12_C02__seed721202__it0000239,ts_82f0dfefda2da2061bc5,CB1_CAUR_L_CF2_RI2_TI2_R12_C02,NEW_ALNS_EXPANSION,L,CF2,2,PHASE6N_TOP4,False
CB1_CAUR_L_CF2_RI2_TI2_R12_C02__seed721202__it0000298,ts_43f0baeeb8d65e3cfbd0,CB1_CAUR_L_CF2_RI2_TI2_R12_C02,NEW_ALNS_EXPANSION,L,CF2,2,PHASE6N_TOP4,False
CB1_CAUR_L_CF2_RI2_TI2_R12_C02__seed721202__it0000298,ts_51497cac907c3fca4b28,CB1_CAUR_L_CF2_RI2_TI2_R12_C02,NEW_ALNS_EXPANSION,L,CF2,2,PHASE6N_TOP4,False
CB1_CAUR_L_CF2_RI2_TI2_R12_C02__seed721202__it0000298,ts_570d4877d5cfadacaa71,CB1_CAUR_L_CF2_RI2_TI2_R12_C02,NEW_ALNS_EXPANSION,L,CF2,2,PHASE6N_TOP4,False
CB1_CAUR_L_CF2_RI2_TI2_R12_C02__seed721202__it0000298,ts_8cf54d9d6dc2b42b0f45,CB1_CAUR_L_CF2_RI2_TI2_R12_C02,NEW_ALNS_EXPANSION,L,CF2,2,PHASE6N_TOP4,False
CB1_CAUR_L_CF2_RI2_TI2_R12_C02__seed721202__it0000298,ts_af825712d268525a3894,CB1_CAUR_L_CF2_RI2_TI2_R12_C02,NEW_ALNS_EXPANSION,L,CF2,2,CANONICAL_FALLBACK,True
CB1_CAUR_L_CF2_RI2_TI2_R12_C02__seed721202__it0000354,ts_6e48b45f5dfa389604c9,CB1_CAUR_L_CF2_RI2_TI2_R12_C02,NEW_ALNS_EXPANSION,L,CF2,2,PHASE6N_TOP4,False
CB1_CAUR_L_CF2_RI2_TI2_R12_C02__seed721202__it0000354,ts_762b9531e8b72c1685b9,CB1_CAUR_L_CF2_RI2_TI2_R12_C02,NEW_ALNS_EXPANSION,L,CF2,2,PHASE6N_TOP4,False
CB1_CAUR_L_CF2_RI2_TI2_R12_C02__seed721202__it0000354,ts_dc8c155eed2a2adeee16,CB1_CAUR_L_CF2_RI2_TI2_R12_C02,NEW_ALNS_EXPANSION,L,CF2,2,PHASE6N_TOP4,False
CB1_CAUR_L_CF2_RI2_TI2_R12_C02__seed721202__it0000354,ts_f0419d5ace7ff80a3026,CB1_CAUR_L_CF2_RI2_TI2_R12_C02,NEW_ALNS_EXPANSION,L,CF2,2,PHASE6N_TOP4,False
CB1_CAUR_L_CF2_RI2_TI2_R12_C02__seed721202__it0000354,ts_f5def9739f069b15c889,CB1_CAUR_L_CF2_RI2_TI2_R12_C02,NEW_ALNS_EXPANSION,L,CF2,2,CANONICAL_FALLBACK,True
CB1_CAUR_L_CF2_RI2_TI2_R12_C02__seed721202__it0000396,ts_09144e02d2809fa5bd82,CB1_CAUR_L_CF2_RI2_TI2_R12_C02,NEW_ALNS_EXPANSION,L,CF2,2,PHASE6N_TOP4,False
CB1_CAUR_L_CF2_RI2_TI2_R12_C02__seed721202__it0000396,ts_471deb761281fd4ab899,CB1_CAUR_L_CF2_RI2_TI2_R12_C02,NEW_ALNS_EXPANSION,L,CF2,2,PHASE6N_TOP4,False
CB1_CAUR_L_CF2_RI2_TI2_R12_C02__seed721202__it0000396,ts_5d27d1e63892b89e9b62,CB1_CAUR_L_CF2_RI2_TI2_R12_C02,NEW_ALNS_EXPANSION,L,CF2,2,PHASE6N_TOP4,False
CB1_CAUR_L_CF2_RI2_TI2_R12_C02__seed721202__it0000396,ts_955cd144dca5701323ab,CB1_CAUR_L_CF2_RI2_TI2_R12_C02,NEW_ALNS_EXPANSION,L,CF2,2,CANONICAL_FALLBACK,True
CB1_CAUR_L_CF2_RI2_TI2_R12_C02__seed721202__it0000396,ts_e9b859b73d506fb30638,CB1_CAUR_L_CF2_RI2_TI2_R12_C02,NEW_ALNS_EXPANSION,L,CF2,2,PHASE6N_TOP4,False
CB1_CAUR_L_CF2_RI2_TI2_R12_C02__seed721203__it0000016,ts_36c647e2172d759c4801,CB1_CAUR_L_CF2_RI2_TI2_R12_C02,NEW_ALNS_EXPANSION,L,CF2,2,PHASE6N_TOP4,False
CB1_CAUR_L_CF2_RI2_TI2_R12_C02__seed721203__it0000016,ts_88362b4c0fb0d5598709,CB1_CAUR_L_CF2_RI2_TI2_R12_C02,NEW_ALNS_EXPANSION,L,CF2,2,CANONICAL_FALLBACK,True
CB1_CAUR_L_CF2_RI2_TI2_R12_C02__seed721203__it0000016,ts_9cf1627263bfa3ac52f8,CB1_CAUR_L_CF2_RI2_TI2_R12_C02,NEW_ALNS_EXPANSION,L,CF2,2,PHASE6N_TOP4,False
CB1_CAUR_L_CF2_RI2_TI2_R12_C02__seed721203__it0000016,ts_beb0dbc8a7aab1e3aca5,CB1_CAUR_L_CF2_RI2_TI2_R12_C02,NEW_ALNS_EXPANSION,L,CF2,2,PHASE6N_TOP4,False
CB1_CAUR_L_CF2_RI2_TI2_R12_C02__seed721203__it0000016,ts_fc534d2bef5007e27b0b,CB1_CAUR_L_CF2_RI2_TI2_R12_C02,NEW_ALNS_EXPANSION,L,CF2,2,PHASE6N_TOP4,False
CB1_CAUR_L_CF2_RI2_TI2_R12_C02__seed721203__it0000071,ts_13f744993e3cb24f5aa1,CB1_CAUR_L_CF2_RI2_TI2_R12_C02,NEW_ALNS_EXPANSION,L,CF2,2,PHASE6N_TOP4,False
CB1_CAUR_L_CF2_RI2_TI2_R12_C02__seed721203__it0000071,ts_3c50c5851360b97285ac,CB1_CAUR_L_CF2_RI2_TI2_R12_C02,NEW_ALNS_EXPANSION,L,CF2,2,PHASE6N_TOP4,False
CB1_CAUR_L_CF2_RI2_TI2_R12_C02__seed721203__it0000071,ts_673642fa3957456ce09a,CB1_CAUR_L_CF2_RI2_TI2_R12_C02,NEW_ALNS_EXPANSION,L,CF2,2,CANONICAL_FALLBACK,True
CB1_CAUR_L_CF2_RI2_TI2_R12_C02__seed721203__it0000071,ts_73b2298887bfcc963659,CB1_CAUR_L_CF2_RI2_TI2_R12_C02,NEW_ALNS_EXPANSION,L,CF2,2,PHASE6N_TOP4,False
CB1_CAUR_L_CF2_RI2_TI2_R12_C02__seed721203__it0000071,ts_8ee4aa9459259fddf710,CB1_CAUR_L_CF2_RI2_TI2_R12_C02,NEW_ALNS_EXPANSION,L,CF2,2,PHASE6N_TOP4,False
CB1_CAUR_L_CF2_RI2_TI2_R12_C02__seed721203__it0000130,ts_4cd80fb42e33aabb9ca4,CB1_CAUR_L_CF2_RI2_TI2_R12_C02,NEW_ALNS_EXPANSION,L,CF2,2,PHASE6N_TOP4,False
CB1_CAUR_L_CF2_RI2_TI2_R12_C02__seed721203__it0000130,ts_95090645455081e8cd1d,CB1_CAUR_L_CF2_RI2_TI2_R12_C02,NEW_ALNS_EXPANSION,L,CF2,2,PHASE6N_TOP4,False
CB1_CAUR_L_CF2_RI2_TI2_R12_C02__seed721203__it0000130,ts_b214e0201e301e9cbde8,CB1_CAUR_L_CF2_RI2_TI2_R12_C02,NEW_ALNS_EXPANSION,L,CF2,2,CANONICAL_FALLBACK,True
CB1_CAUR_L_CF2_RI2_TI2_R12_C02__seed721203__it0000130,ts_ead7377a19af0d98e1db,CB1_CAUR_L_CF2_RI2_TI2_R12_C02,NEW_ALNS_EXPANSION,L,CF2,2,PHASE6N_TOP4,False
CB1_CAUR_L_CF2_RI2_TI2_R12_C02__seed721203__it0000130,ts_f7ace35aac4ddafc995f,CB1_CAUR_L_CF2_RI2_TI2_R12_C02,NEW_ALNS_EXPANSION,L,CF2,2,PHASE6N_TOP4,False
CB1_CAUR_L_CF2_RI2_TI2_R12_C02__seed721203__it0000184,ts_0ba6922c3810bb71d465,CB1_CAUR_L_CF2_RI2_TI2_R12_C02,NEW_ALNS_EXPANSION,L,CF2,2,CANONICAL_FALLBACK,True
CB1_CAUR_L_CF2_RI2_TI2_R12_C02__seed721203__it0000184,ts_5b9bd2b70c456ef25218,CB1_CAUR_L_CF2_RI2_TI2_R12_C02,NEW_ALNS_EXPANSION,L,CF2,2,PHASE6N_TOP4,False
CB1_CAUR_L_CF2_RI2_TI2_R12_C02__seed721203__it0000184,ts_8c375ecf45083341e5ea,CB1_CAUR_L_CF2_RI2_TI2_R12_C02,NEW_ALNS_EXPANSION,L,CF2,2,PHASE6N_TOP4,False
CB1_CAUR_L_CF2_RI2_TI2_R12_C02__seed721203__it0000184,ts_8fb759f95ea11f1a8d74,CB1_CAUR_L_CF2_RI2_TI2_R12_C02,NEW_ALNS_EXPANSION,L,CF2,2,PHASE6N_TOP4,False
CB1_CAUR_L_CF2_RI2_TI2_R12_C02__seed721203__it0000184,ts_e0b0e58ec7f4c6d481e8,CB1_CAUR_L_CF2_RI2_TI2_R12_C02,NEW_ALNS_EXPANSION,L,CF2,2,PHASE6N_TOP4,False
CB1_CAUR_L_CF2_RI2_TI2_R12_C02__seed721203__it0000238,ts_012e4cf7dc5cbb86a1e7,CB1_CAUR_L_CF2_RI2_TI2_R12_C02,NEW_ALNS_EXPANSION,L,CF2,2,PHASE6N_TOP4,False
CB1_CAUR_L_CF2_RI2_TI2_R12_C02__seed721203__it0000238,ts_2caed345d0f4194a9d9a,CB1_CAUR_L_CF2_RI2_TI2_R12_C02,NEW_ALNS_EXPANSION,L,CF2,2,PHASE6N_TOP4,False
CB1_CAUR_L_CF2_RI2_TI2_R12_C02__seed721203__it0000238,ts_7cc1b8be99ba9f08f401,CB1_CAUR_L_CF2_RI2_TI2_R12_C02,NEW_ALNS_EXPANSION,L,CF2,2,PHASE6N_TOP4,False
CB1_CAUR_L_CF2_RI2_TI2_R12_C02__seed721203__it0000238,ts_7ef404fb1945662ef1d8,CB1_CAUR_L_CF2_RI2_TI2_R12_C02,NEW_ALNS_EXPANSION,L,CF2,2,CANONICAL_FALLBACK,True
CB1_CAUR_L_CF2_RI2_TI2_R12_C02__seed721203__it0000238,ts_c17739e4733c9df2cf03,CB1_CAUR_L_CF2_RI2_TI2_R12_C02,NEW_ALNS_EXPANSION,L,CF2,2,PHASE6N_TOP4,False
CB1_CAUR_L_CF2_RI2_TI2_R12_C02__seed721203__it0000295,ts_4ec6316747cc2f189974,CB1_CAUR_L_CF2_RI2_TI2_R12_C02,NEW_ALNS_EXPANSION,L,CF2,2,CANONICAL_FALLBACK,True
CB1_CAUR_L_CF2_RI2_TI2_R12_C02__seed721203__it0000295,ts_9ede6eab9d949783f6ba,CB1_CAUR_L_CF2_RI2_TI2_R12_C02,NEW_ALNS_EXPANSION,L,CF2,2,PHASE6N_TOP4,False
CB1_CAUR_L_CF2_RI2_TI2_R12_C02__seed721203__it0000295,ts_a08267699f79865aba36,CB1_CAUR_L_CF2_RI2_TI2_R12_C02,NEW_ALNS_EXPANSION,L,CF2,2,PHASE6N_TOP4,False
CB1_CAUR_L_CF2_RI2_TI2_R12_C02__seed721203__it0000295,ts_b0cbb4f246db8480394e,CB1_CAUR_L_CF2_RI2_TI2_R12_C02,NEW_ALNS_EXPANSION,L,CF2,2,PHASE6N_TOP4,False
CB1_CAUR_L_CF2_RI2_TI2_R12_C02__seed721203__it0000295,ts_c4a8a7cb965c9e0c05d4,CB1_CAUR_L_CF2_RI2_TI2_R12_C02,NEW_ALNS_EXPANSION,L,CF2,2,PHASE6N_TOP4,False
CB1_CAUR_L_CF2_RI2_TI2_R12_C02__seed721203__it0000349,ts_30c0ce54d8b7af3cba25,CB1_CAUR_L_CF2_RI2_TI2_R12_C02,NEW_ALNS_EXPANSION,L,CF2,2,CANONICAL_FALLBACK,True
CB1_CAUR_L_CF2_RI2_TI2_R12_C02__seed721203__it0000349,ts_4fc83b5dc345cae85563,CB1_CAUR_L_CF2_RI2_TI2_R12_C02,NEW_ALNS_EXPANSION,L,CF2,2,PHASE6N_TOP4,False
CB1_CAUR_L_CF2_RI2_TI2_R12_C02__seed721203__it0000349,ts_dcf695e97f570814e189,CB1_CAUR_L_CF2_RI2_TI2_R12_C02,NEW_ALNS_EXPANSION,L,CF2,2,PHASE6N_TOP4,False
CB1_CAUR_L_CF2_RI2_TI2_R12_C02__seed721203__it0000349,ts_e68530808befe43a4c6b,CB1_CAUR_L_CF2_RI2_TI2_R12_C02,NEW_ALNS_EXPANSION,L,CF2,2,PHASE6N_TOP4,False
CB1_CAUR_L_CF2_RI2_TI2_R12_C02__seed721203__it0000349,ts_f40186ab075a81d68dd2,CB1_CAUR_L_CF2_RI2_TI2_R12_C02,NEW_ALNS_EXPANSION,L,CF2,2,PHASE6N_TOP4,False
CB1_CAUR_L_CF2_RI2_TI2_R12_C02__seed721203__it0000391,ts_38e7e489cffd84f1f6ca,CB1_CAUR_L_CF2_RI2_TI2_R12_C02,NEW_ALNS_EXPANSION,L,CF2,2,PHASE6N_TOP4,False
CB1_CAUR_L_CF2_RI2_TI2_R12_C02__seed721203__it0000391,ts_699e9b12dc98ad5d5d2d,CB1_CAUR_L_CF2_RI2_TI2_R12_C02,NEW_ALNS_EXPANSION,L,CF2,2,PHASE6N_TOP4,False
CB1_CAUR_L_CF2_RI2_TI2_R12_C02__seed721203__it0000391,ts_b7bcf972bf8d85b5cdad,CB1_CAUR_L_CF2_RI2_TI2_R12_C02,NEW_ALNS_EXPANSION,L,CF2,2,CANONICAL_FALLBACK,True
CB1_CAUR_L_CF2_RI2_TI2_R12_C02__seed721203__it0000391,ts_c58cfc57af754aefedad,CB1_CAUR_L_CF2_RI2_TI2_R12_C02,NEW_ALNS_EXPANSION,L,CF2,2,PHASE6N_TOP4,False
CB1_CAUR_L_CF2_RI2_TI2_R12_C02__seed721203__it0000391,ts_ea393b834b9de806acdf,CB1_CAUR_L_CF2_RI2_TI2_R12_C02,NEW_ALNS_EXPANSION,L,CF2,2,PHASE6N_TOP4,False
CB1_CAUR_L_CF2_RI2_TI2_R12_C02__seed721204__it0000015,ts_4f49e895598624a92ca4,CB1_CAUR_L_CF2_RI2_TI2_R12_C02,NEW_ALNS_EXPANSION,L,CF2,2,PHASE6N_TOP4,False
CB1_CAUR_L_CF2_RI2_TI2_R12_C02__seed721204__it0000015,ts_99262afca3daf429b81e,CB1_CAUR_L_CF2_RI2_TI2_R12_C02,NEW_ALNS_EXPANSION,L,CF2,2,PHASE6N_TOP4,False
CB1_CAUR_L_CF2_RI2_TI2_R12_C02__seed721204__it0000015,ts_a066feb54ad3adbdf530,CB1_CAUR_L_CF2_RI2_TI2_R12_C02,NEW_ALNS_EXPANSION,L,CF2,2,CANONICAL_FALLBACK,True
CB1_CAUR_L_CF2_RI2_TI2_R12_C02__seed721204__it0000015,ts_aa5cf6f519df7751a2e4,CB1_CAUR_L_CF2_RI2_TI2_R12_C02,NEW_ALNS_EXPANSION,L,CF2,2,PHASE6N_TOP4,False
CB1_CAUR_L_CF2_RI2_TI2_R12_C02__seed721204__it0000015,ts_be1a2abeed18e79119fc,CB1_CAUR_L_CF2_RI2_TI2_R12_C02,NEW_ALNS_EXPANSION,L,CF2,2,PHASE6N_TOP4,False
CB1_CAUR_L_CF2_RI2_TI2_R12_C02__seed721204__it0000067,ts_2bab79ada4de56e70ebc,CB1_CAUR_L_CF2_RI2_TI2_R12_C02,NEW_ALNS_EXPANSION,L,CF2,2,PHASE6N_TOP4,False
CB1_CAUR_L_CF2_RI2_TI2_R12_C02__seed721204__it0000067,ts_36eaf20852fd9d128228,CB1_CAUR_L_CF2_RI2_TI2_R12_C02,NEW_ALNS_EXPANSION,L,CF2,2,PHASE6N_TOP4,False
CB1_CAUR_L_CF2_RI2_TI2_R12_C02__seed721204__it0000067,ts_73321950de21b4511d42,CB1_CAUR_L_CF2_RI2_TI2_R12_C02,NEW_ALNS_EXPANSION,L,CF2,2,CANONICAL_FALLBACK,True
CB1_CAUR_L_CF2_RI2_TI2_R12_C02__seed721204__it0000067,ts_c82d146303159a77d912,CB1_CAUR_L_CF2_RI2_TI2_R12_C02,NEW_ALNS_EXPANSION,L,CF2,2,PHASE6N_TOP4,False
CB1_CAUR_L_CF2_RI2_TI2_R12_C02__seed721204__it0000067,ts_d6512afe09f459eee9aa,CB1_CAUR_L_CF2_RI2_TI2_R12_C02,NEW_ALNS_EXPANSION,L,CF2,2,PHASE6N_TOP4,False
CB1_CAUR_L_CF2_RI2_TI2_R12_C02__seed721204__it0000126,ts_1fdd98ad7825967e52b7,CB1_CAUR_L_CF2_RI2_TI2_R12_C02,NEW_ALNS_EXPANSION,L,CF2,2,PHASE6N_TOP4,False
CB1_CAUR_L_CF2_RI2_TI2_R12_C02__seed721204__it0000126,ts_20a15192185d1f203be6,CB1_CAUR_L_CF2_RI2_TI2_R12_C02,NEW_ALNS_EXPANSION,L,CF2,2,CANONICAL_FALLBACK,True
CB1_CAUR_L_CF2_RI2_TI2_R12_C02__seed721204__it0000126,ts_90c40be4de8f16b19af1,CB1_CAUR_L_CF2_RI2_TI2_R12_C02,NEW_ALNS_EXPANSION,L,CF2,2,PHASE6N_TOP4,False
CB1_CAUR_L_CF2_RI2_TI2_R12_C02__seed721204__it0000126,ts_9101e26204b1bda6cf36,CB1_CAUR_L_CF2_RI2_TI2_R12_C02,NEW_ALNS_EXPANSION,L,CF2,2,PHASE6N_TOP4,False
CB1_CAUR_L_CF2_RI2_TI2_R12_C02__seed721204__it0000126,ts_f07e6a7c7eee17ffd727,CB1_CAUR_L_CF2_RI2_TI2_R12_C02,NEW_ALNS_EXPANSION,L,CF2,2,PHASE6N_TOP4,False
CB1_CAUR_L_CF2_RI2_TI2_R12_C02__seed721204__it0000180,ts_4a5b83c4460d826ad721,CB1_CAUR_L_CF2_RI2_TI2_R12_C02,NEW_ALNS_EXPANSION,L,CF2,2,PHASE6N_TOP4,False
CB1_CAUR_L_CF2_RI2_TI2_R12_C02__seed721204__it0000180,ts_84d9d4ecdb7e3c71a2f9,CB1_CAUR_L_CF2_RI2_TI2_R12_C02,NEW_ALNS_EXPANSION,L,CF2,2,CANONICAL_FALLBACK,True
CB1_CAUR_L_CF2_RI2_TI2_R12_C02__seed721204__it0000180,ts_9ad052ab7cbe59866ba7,CB1_CAUR_L_CF2_RI2_TI2_R12_C02,NEW_ALNS_EXPANSION,L,CF2,2,PHASE6N_TOP4,False
CB1_CAUR_L_CF2_RI2_TI2_R12_C02__seed721204__it0000180,ts_9e8e419ecb45216f7e60,CB1_CAUR_L_CF2_RI2_TI2_R12_C02,NEW_ALNS_EXPANSION,L,CF2,2,PHASE6N_TOP4,False
CB1_CAUR_L_CF2_RI2_TI2_R12_C02__seed721204__it0000180,ts_f9ff8c54b172dd23a7cf,CB1_CAUR_L_CF2_RI2_TI2_R12_C02,NEW_ALNS_EXPANSION,L,CF2,2,PHASE6N_TOP4,False
CB1_CAUR_L_CF2_RI2_TI2_R12_C02__seed721204__it0000234,ts_459403c090d69129a3e5,CB1_CAUR_L_CF2_RI2_TI2_R12_C02,NEW_ALNS_EXPANSION,L,CF2,2,PHASE6N_TOP4,False
CB1_CAUR_L_CF2_RI2_TI2_R12_C02__seed721204__it0000234,ts_4f7ae10ffa2970302619,CB1_CAUR_L_CF2_RI2_TI2_R12_C02,NEW_ALNS_EXPANSION,L,CF2,2,PHASE6N_TOP4,False
CB1_CAUR_L_CF2_RI2_TI2_R12_C02__seed721204__it0000234,ts_543f0feec8362501bab7,CB1_CAUR_L_CF2_RI2_TI2_R12_C02,NEW_ALNS_EXPANSION,L,CF2,2,PHASE6N_TOP4,False
CB1_CAUR_L_CF2_RI2_TI2_R12_C02__seed721204__it0000234,ts_777b6a155f0508646704,CB1_CAUR_L_CF2_RI2_TI2_R12_C02,NEW_ALNS_EXPANSION,L,CF2,2,PHASE6N_TOP4,False
CB1_CAUR_L_CF2_RI2_TI2_R12_C02__seed721204__it0000234,ts_a5a2b3dfd32a23741fc1,CB1_CAUR_L_CF2_RI2_TI2_R12_C02,NEW_ALNS_EXPANSION,L,CF2,2,CANONICAL_FALLBACK,True
CB1_CAUR_L_CF2_RI2_TI2_R12_C02__seed721204__it0000292,ts_46898fc8e332745a8edf,CB1_CAUR_L_CF2_RI2_TI2_R12_C02,NEW_ALNS_EXPANSION,L,CF2,2,PHASE6N_TOP4,False
CB1_CAUR_L_CF2_RI2_TI2_R12_C02__seed721204__it0000292,ts_795908ad5e4e640b7e50,CB1_CAUR_L_CF2_RI2_TI2_R12_C02,NEW_ALNS_EXPANSION,L,CF2,2,PHASE6N_TOP4,False
CB1_CAUR_L_CF2_RI2_TI2_R12_C02__seed721204__it0000292,ts_8f55920cd0b2b264c251,CB1_CAUR_L_CF2_RI2_TI2_R12_C02,NEW_ALNS_EXPANSION,L,CF2,2,CANONICAL_FALLBACK,True
CB1_CAUR_L_CF2_RI2_TI2_R12_C02__seed721204__it0000292,ts_d41725772b1a5ff4e110,CB1_CAUR_L_CF2_RI2_TI2_R12_C02,NEW_ALNS_EXPANSION,L,CF2,2,PHASE6N_TOP4,False
CB1_CAUR_L_CF2_RI2_TI2_R12_C02__seed721204__it0000292,ts_f8e15905a1357959543f,CB1_CAUR_L_CF2_RI2_TI2_R12_C02,NEW_ALNS_EXPANSION,L,CF2,2,PHASE6N_TOP4,False
CB1_CAUR_L_CF2_RI2_TI2_R12_C02__seed721204__it0000345,ts_171864590a9245533c0f,CB1_CAUR_L_CF2_RI2_TI2_R12_C02,NEW_ALNS_EXPANSION,L,CF2,2,PHASE6N_TOP4,False
CB1_CAUR_L_CF2_RI2_TI2_R12_C02__seed721204__it0000345,ts_5e1ef417e80a522d0cfc,CB1_CAUR_L_CF2_RI2_TI2_R12_C02,NEW_ALNS_EXPANSION,L,CF2,2,PHASE6N_TOP4,False
CB1_CAUR_L_CF2_RI2_TI2_R12_C02__seed721204__it0000345,ts_b0043fce1d3182bb5fc5,CB1_CAUR_L_CF2_RI2_TI2_R12_C02,NEW_ALNS_EXPANSION,L,CF2,2,PHASE6N_TOP4,False
CB1_CAUR_L_CF2_RI2_TI2_R12_C02__seed721204__it0000345,ts_bf444b0bbf19a3e4b622,CB1_CAUR_L_CF2_RI2_TI2_R12_C02,NEW_ALNS_EXPANSION,L,CF2,2,CANONICAL_FALLBACK|PHASE6N_TOP4,True
CB1_CAUR_L_CF2_RI2_TI2_R12_C02__seed721204__it0000387,ts_0c52931c12949d869c8a,CB1_CAUR_L_CF2_RI2_TI2_R12_C02,NEW_ALNS_EXPANSION,L,CF2,2,PHASE6N_TOP4,False
CB1_CAUR_L_CF2_RI2_TI2_R12_C02__seed721204__it0000387,ts_10fc0b999fc02b865063,CB1_CAUR_L_CF2_RI2_TI2_R12_C02,NEW_ALNS_EXPANSION,L,CF2,2,PHASE6N_TOP4,False
CB1_CAUR_L_CF2_RI2_TI2_R12_C02__seed721204__it0000387,ts_45dbbf9fe744907c352f,CB1_CAUR_L_CF2_RI2_TI2_R12_C02,NEW_ALNS_EXPANSION,L,CF2,2,CANONICAL_FALLBACK,True
CB1_CAUR_L_CF2_RI2_TI2_R12_C02__seed721204__it0000387,ts_5795badacfd17c7bfc2c,CB1_CAUR_L_CF2_RI2_TI2_R12_C02,NEW_ALNS_EXPANSION,L,CF2,2,PHASE6N_TOP4,False
CB1_CAUR_L_CF2_RI2_TI2_R12_C02__seed721204__it0000387,ts_66cd65a6311571e9dcf2,CB1_CAUR_L_CF2_RI2_TI2_R12_C02,NEW_ALNS_EXPANSION,L,CF2,2,PHASE6N_TOP4,False
CB1_CAUR_L_CF2_RI2_TI2_R12__seed691201__it0000011,ts_40e3fe21f742d3435555,CB1_CAUR_L_CF2_RI2_TI2_R12,ORIGINAL_PHASE6J_CAUR,L,CF2,2,PHASE6N_TOP4,False
CB1_CAUR_L_CF2_RI2_TI2_R12__seed691201__it0000011,ts_7f0f3f1a390bdcae6e82,CB1_CAUR_L_CF2_RI2_TI2_R12,ORIGINAL_PHASE6J_CAUR,L,CF2,2,PHASE6L_TOP4|PHASE6N_TOP4,False
CB1_CAUR_L_CF2_RI2_TI2_R12__seed691201__it0000011,ts_8815d404ec9773e68b4a,CB1_CAUR_L_CF2_RI2_TI2_R12,ORIGINAL_PHASE6J_CAUR,L,CF2,2,CANONICAL_FALLBACK,True
CB1_CAUR_L_CF2_RI2_TI2_R12__seed691201__it0000011,ts_90c80b275b69b5ea9f53,CB1_CAUR_L_CF2_RI2_TI2_R12,ORIGINAL_PHASE6J_CAUR,L,CF2,2,PHASE6L_TOP4,False
CB1_CAUR_L_CF2_RI2_TI2_R12__seed691201__it0000011,ts_ac17e46d4c0ff65b450f,CB1_CAUR_L_CF2_RI2_TI2_R12,ORIGINAL_PHASE6J_CAUR,L,CF2,2,PHASE6L_TOP4,False
CB1_CAUR_L_CF2_RI2_TI2_R12__seed691201__it0000011,ts_c6441c28a79fdea42f26,CB1_CAUR_L_CF2_RI2_TI2_R12,ORIGINAL_PHASE6J_CAUR,L,CF2,2,PHASE6L_TOP4|PHASE6N_TOP4,False
CB1_CAUR_L_CF2_RI2_TI2_R12__seed691201__it0000011,ts_c9f71341e3ae940a1e5f,CB1_CAUR_L_CF2_RI2_TI2_R12,ORIGINAL_PHASE6J_CAUR,L,CF2,2,PHASE6N_TOP4,False
CB1_CAUR_L_CF2_RI2_TI2_R12__seed691201__it0000046,ts_078b069d293c77110bae,CB1_CAUR_L_CF2_RI2_TI2_R12,ORIGINAL_PHASE6J_CAUR,L,CF2,2,CANONICAL_FALLBACK|PHASE6L_TOP4,True
CB1_CAUR_L_CF2_RI2_TI2_R12__seed691201__it0000046,ts_528689946633f52a6649,CB1_CAUR_L_CF2_RI2_TI2_R12,ORIGINAL_PHASE6J_CAUR,L,CF2,2,PHASE6L_TOP4|PHASE6N_TOP4,False
CB1_CAUR_L_CF2_RI2_TI2_R12__seed691201__it0000046,ts_9c77c6d2dd9f351d73de,CB1_CAUR_L_CF2_RI2_TI2_R12,ORIGINAL_PHASE6J_CAUR,L,CF2,2,PHASE6L_TOP4|PHASE6N_TOP4,False
CB1_CAUR_L_CF2_RI2_TI2_R12__seed691201__it0000046,ts_ecde83ab15e138162a31,CB1_CAUR_L_CF2_RI2_TI2_R12,ORIGINAL_PHASE6J_CAUR,L,CF2,2,PHASE6N_TOP4,False
CB1_CAUR_L_CF2_RI2_TI2_R12__seed691201__it0000046,ts_f998bb0719b5e959fde1,CB1_CAUR_L_CF2_RI2_TI2_R12,ORIGINAL_PHASE6J_CAUR,L,CF2,2,PHASE6L_TOP4|PHASE6N_TOP4,False
CB1_CAUR_L_CF2_RI2_TI2_R12__seed691201__it0000085,ts_11d8680f2569aa884522,CB1_CAUR_L_CF2_RI2_TI2_R12,ORIGINAL_PHASE6J_CAUR,L,CF2,2,CANONICAL_FALLBACK,True
CB1_CAUR_L_CF2_RI2_TI2_R12__seed691201__it0000085,ts_40cd497f8137808c86fb,CB1_CAUR_L_CF2_RI2_TI2_R12,ORIGINAL_PHASE6J_CAUR,L,CF2,2,PHASE6L_TOP4|PHASE6N_TOP4,False
CB1_CAUR_L_CF2_RI2_TI2_R12__seed691201__it0000085,ts_ccb0fec97b874f819fc4,CB1_CAUR_L_CF2_RI2_TI2_R12,ORIGINAL_PHASE6J_CAUR,L,CF2,2,PHASE6N_TOP4,False
CB1_CAUR_L_CF2_RI2_TI2_R12__seed691201__it0000085,ts_e01510f4ff26aabf3556,CB1_CAUR_L_CF2_RI2_TI2_R12,ORIGINAL_PHASE6J_CAUR,L,CF2,2,PHASE6L_TOP4,False
CB1_CAUR_L_CF2_RI2_TI2_R12__seed691201__it0000085,ts_e4dab1081154407de3ef,CB1_CAUR_L_CF2_RI2_TI2_R12,ORIGINAL_PHASE6J_CAUR,L,CF2,2,PHASE6L_TOP4|PHASE6N_TOP4,False
CB1_CAUR_L_CF2_RI2_TI2_R12__seed691201__it0000085,ts_f74cc6017f99b2b8ad8e,CB1_CAUR_L_CF2_RI2_TI2_R12,ORIGINAL_PHASE6J_CAUR,L,CF2,2,PHASE6L_TOP4|PHASE6N_TOP4,False
CB1_CAUR_L_CF2_RI2_TI2_R12__seed691201__it0000121,ts_20f2200f377340ffe303,CB1_CAUR_L_CF2_RI2_TI2_R12,ORIGINAL_PHASE6J_CAUR,L,CF2,2,PHASE6N_TOP4,False
CB1_CAUR_L_CF2_RI2_TI2_R12__seed691201__it0000121,ts_272c0fe975d827f63a37,CB1_CAUR_L_CF2_RI2_TI2_R12,ORIGINAL_PHASE6J_CAUR,L,CF2,2,PHASE6L_TOP4,False
CB1_CAUR_L_CF2_RI2_TI2_R12__seed691201__it0000121,ts_2d59d4228278b9cc4de1,CB1_CAUR_L_CF2_RI2_TI2_R12,ORIGINAL_PHASE6J_CAUR,L,CF2,2,PHASE6L_TOP4|PHASE6N_TOP4,False
CB1_CAUR_L_CF2_RI2_TI2_R12__seed691201__it0000121,ts_ae8a5d9f0fe014cf890b,CB1_CAUR_L_CF2_RI2_TI2_R12,ORIGINAL_PHASE6J_CAUR,L,CF2,2,CANONICAL_FALLBACK,True
CB1_CAUR_L_CF2_RI2_TI2_R12__seed691201__it0000121,ts_b117b9d192f97ec5e904,CB1_CAUR_L_CF2_RI2_TI2_R12,ORIGINAL_PHASE6J_CAUR,L,CF2,2,PHASE6N_TOP4,False
CB1_CAUR_L_CF2_RI2_TI2_R12__seed691201__it0000121,ts_c0b11d7ba24c6b1110da,CB1_CAUR_L_CF2_RI2_TI2_R12,ORIGINAL_PHASE6J_CAUR,L,CF2,2,PHASE6L_TOP4,False
CB1_CAUR_L_CF2_RI2_TI2_R12__seed691201__it0000121,ts_ed78cef9a346220b7dac,CB1_CAUR_L_CF2_RI2_TI2_R12,ORIGINAL_PHASE6J_CAUR,L,CF2,2,PHASE6L_TOP4|PHASE6N_TOP4,False
CB1_CAUR_L_CF2_RI2_TI2_R12__seed691201__it0000156,ts_4abb532d516a69d4385d,CB1_CAUR_L_CF2_RI2_TI2_R12,ORIGINAL_PHASE6J_CAUR,L,CF2,2,PHASE6L_TOP4,False
CB1_CAUR_L_CF2_RI2_TI2_R12__seed691201__it0000156,ts_5a1c24bb8f17339b0d9e,CB1_CAUR_L_CF2_RI2_TI2_R12,ORIGINAL_PHASE6J_CAUR,L,CF2,2,PHASE6N_TOP4,False
CB1_CAUR_L_CF2_RI2_TI2_R12__seed691201__it0000156,ts_673ad55449fae4b57c78,CB1_CAUR_L_CF2_RI2_TI2_R12,ORIGINAL_PHASE6J_CAUR,L,CF2,2,CANONICAL_FALLBACK|PHASE6L_TOP4|PHASE6N_TOP4,True
CB1_CAUR_L_CF2_RI2_TI2_R12__seed691201__it0000156,ts_9710f159642f1e613c06,CB1_CAUR_L_CF2_RI2_TI2_R12,ORIGINAL_PHASE6J_CAUR,L,CF2,2,PHASE6L_TOP4|PHASE6N_TOP4,False
CB1_CAUR_L_CF2_RI2_TI2_R12__seed691201__it0000156,ts_ba7f22d24267d0fa3329,CB1_CAUR_L_CF2_RI2_TI2_R12,ORIGINAL_PHASE6J_CAUR,L,CF2,2,PHASE6N_TOP4,False
CB1_CAUR_L_CF2_RI2_TI2_R12__seed691201__it0000156,ts_fef918b8a97c52c20c2d,CB1_CAUR_L_CF2_RI2_TI2_R12,ORIGINAL_PHASE6J_CAUR,L,CF2,2,PHASE6L_TOP4,False
CB1_CAUR_L_CF2_RI2_TI2_R12__seed691201__it0000194,ts_39903ca5362a561adf74,CB1_CAUR_L_CF2_RI2_TI2_R12,ORIGINAL_PHASE6J_CAUR,L,CF2,2,PHASE6L_TOP4|PHASE6N_TOP4,False
CB1_CAUR_L_CF2_RI2_TI2_R12__seed691201__it0000194,ts_442666dd23718860c471,CB1_CAUR_L_CF2_RI2_TI2_R12,ORIGINAL_PHASE6J_CAUR,L,CF2,2,PHASE6L_TOP4,False
CB1_CAUR_L_CF2_RI2_TI2_R12__seed691201__it0000194,ts_8851350778747cea4c78,CB1_CAUR_L_CF2_RI2_TI2_R12,ORIGINAL_PHASE6J_CAUR,L,CF2,2,CANONICAL_FALLBACK,True
CB1_CAUR_L_CF2_RI2_TI2_R12__seed691201__it0000194,ts_c7503bc4f6ffbafb9062,CB1_CAUR_L_CF2_RI2_TI2_R12,ORIGINAL_PHASE6J_CAUR,L,CF2,2,PHASE6L_TOP4|PHASE6N_TOP4,False
CB1_CAUR_L_CF2_RI2_TI2_R12__seed691201__it0000194,ts_d7953106571ff2b2105b,CB1_CAUR_L_CF2_RI2_TI2_R12,ORIGINAL_PHASE6J_CAUR,L,CF2,2,PHASE6N_TOP4,False
CB1_CAUR_L_CF2_RI2_TI2_R12__seed691201__it0000194,ts_e33ec94b417a5575ee8f,CB1_CAUR_L_CF2_RI2_TI2_R12,ORIGINAL_PHASE6J_CAUR,L,CF2,2,PHASE6L_TOP4|PHASE6N_TOP4,False
CB1_CAUR_L_CF2_RI2_TI2_R12__seed691201__it0000229,ts_19dbab42c0e803d8578d,CB1_CAUR_L_CF2_RI2_TI2_R12,ORIGINAL_PHASE6J_CAUR,L,CF2,2,PHASE6L_TOP4|PHASE6N_TOP4,False
CB1_CAUR_L_CF2_RI2_TI2_R12__seed691201__it0000229,ts_aaaace32d983f0cd97d7,CB1_CAUR_L_CF2_RI2_TI2_R12,ORIGINAL_PHASE6J_CAUR,L,CF2,2,PHASE6N_TOP4,False
CB1_CAUR_L_CF2_RI2_TI2_R12__seed691201__it0000229,ts_ca6eb580384ad3618748,CB1_CAUR_L_CF2_RI2_TI2_R12,ORIGINAL_PHASE6J_CAUR,L,CF2,2,PHASE6L_TOP4|PHASE6N_TOP4,False
CB1_CAUR_L_CF2_RI2_TI2_R12__seed691201__it0000229,ts_df1ca4251e9dda527817,CB1_CAUR_L_CF2_RI2_TI2_R12,ORIGINAL_PHASE6J_CAUR,L,CF2,2,CANONICAL_FALLBACK|PHASE6L_TOP4,True
CB1_CAUR_L_CF2_RI2_TI2_R12__seed691201__it0000229,ts_f67a9de29fe56b491892,CB1_CAUR_L_CF2_RI2_TI2_R12,ORIGINAL_PHASE6J_CAUR,L,CF2,2,PHASE6L_TOP4|PHASE6N_TOP4,False
CB1_CAUR_L_CF2_RI2_TI2_R12__seed691201__it0000257,ts_4d28c9393ab468ef8127,CB1_CAUR_L_CF2_RI2_TI2_R12,ORIGINAL_PHASE6J_CAUR,L,CF2,2,CANONICAL_FALLBACK,True
CB1_CAUR_L_CF2_RI2_TI2_R12__seed691201__it0000257,ts_a8c3b5eba21e531bb8c3,CB1_CAUR_L_CF2_RI2_TI2_R12,ORIGINAL_PHASE6J_CAUR,L,CF2,2,PHASE6L_TOP4|PHASE6N_TOP4,False
CB1_CAUR_L_CF2_RI2_TI2_R12__seed691201__it0000257,ts_bb51aad101ab8fd99a0d,CB1_CAUR_L_CF2_RI2_TI2_R12,ORIGINAL_PHASE6J_CAUR,L,CF2,2,PHASE6L_TOP4|PHASE6N_TOP4,False
CB1_CAUR_L_CF2_RI2_TI2_R12__seed691201__it0000257,ts_c63917db58257c289680,CB1_CAUR_L_CF2_RI2_TI2_R12,ORIGINAL_PHASE6J_CAUR,L,CF2,2,PHASE6L_TOP4|PHASE6N_TOP4,False
CB1_CAUR_L_CF2_RI2_TI2_R12__seed691201__it0000257,ts_f3431e4559880e5df27b,CB1_CAUR_L_CF2_RI2_TI2_R12,ORIGINAL_PHASE6J_CAUR,L,CF2,2,PHASE6L_TOP4|PHASE6N_TOP4,False
CB1_CAUR_L_CF2_RI2_TI2_R12__seed691202__it0000010,ts_1b650a40e1b04a4442c5,CB1_CAUR_L_CF2_RI2_TI2_R12,ORIGINAL_PHASE6J_CAUR,L,CF2,2,PHASE6L_TOP4,False
CB1_CAUR_L_CF2_RI2_TI2_R12__seed691202__it0000010,ts_1c68bbdcbb131ca551be,CB1_CAUR_L_CF2_RI2_TI2_R12,ORIGINAL_PHASE6J_CAUR,L,CF2,2,PHASE6N_TOP4,False
CB1_CAUR_L_CF2_RI2_TI2_R12__seed691202__it0000010,ts_2e8da25a2e6be2b901d8,CB1_CAUR_L_CF2_RI2_TI2_R12,ORIGINAL_PHASE6J_CAUR,L,CF2,2,PHASE6N_TOP4,False
CB1_CAUR_L_CF2_RI2_TI2_R12__seed691202__it0000010,ts_96b7d9592e6ccd4f72a3,CB1_CAUR_L_CF2_RI2_TI2_R12,ORIGINAL_PHASE6J_CAUR,L,CF2,2,PHASE6L_TOP4,False
CB1_CAUR_L_CF2_RI2_TI2_R12__seed691202__it0000010,ts_be00ac3adcc6d47643d8,CB1_CAUR_L_CF2_RI2_TI2_R12,ORIGINAL_PHASE6J_CAUR,L,CF2,2,PHASE6L_TOP4|PHASE6N_TOP4,False
CB1_CAUR_L_CF2_RI2_TI2_R12__seed691202__it0000010,ts_c1e22a2a14f639c4a328,CB1_CAUR_L_CF2_RI2_TI2_R12,ORIGINAL_PHASE6J_CAUR,L,CF2,2,CANONICAL_FALLBACK,True
CB1_CAUR_L_CF2_RI2_TI2_R12__seed691202__it0000010,ts_cad712a415843832ba2d,CB1_CAUR_L_CF2_RI2_TI2_R12,ORIGINAL_PHASE6J_CAUR,L,CF2,2,PHASE6L_TOP4|PHASE6N_TOP4,False
CB1_CAUR_L_CF2_RI2_TI2_R12__seed691202__it0000046,ts_4f36e90995b1165622a8,CB1_CAUR_L_CF2_RI2_TI2_R12,ORIGINAL_PHASE6J_CAUR,L,CF2,2,PHASE6L_TOP4,False
CB1_CAUR_L_CF2_RI2_TI2_R12__seed691202__it0000046,ts_5187a2da92e67a77f974,CB1_CAUR_L_CF2_RI2_TI2_R12,ORIGINAL_PHASE6J_CAUR,L,CF2,2,PHASE6L_TOP4|PHASE6N_TOP4,False
CB1_CAUR_L_CF2_RI2_TI2_R12__seed691202__it0000046,ts_7c72b79d1c1deb6ef6a1,CB1_CAUR_L_CF2_RI2_TI2_R12,ORIGINAL_PHASE6J_CAUR,L,CF2,2,PHASE6L_TOP4|PHASE6N_TOP4,False
CB1_CAUR_L_CF2_RI2_TI2_R12__seed691202__it0000046,ts_a3d2fd3f3cf1d6b49a83,CB1_CAUR_L_CF2_RI2_TI2_R12,ORIGINAL_PHASE6J_CAUR,L,CF2,2,PHASE6N_TOP4,False
CB1_CAUR_L_CF2_RI2_TI2_R12__seed691202__it0000046,ts_d231da8ce71f2f4712e9,CB1_CAUR_L_CF2_RI2_TI2_R12,ORIGINAL_PHASE6J_CAUR,L,CF2,2,CANONICAL_FALLBACK,True
CB1_CAUR_L_CF2_RI2_TI2_R12__seed691202__it0000046,ts_f3e5b4cd47f623c67a3e,CB1_CAUR_L_CF2_RI2_TI2_R12,ORIGINAL_PHASE6J_CAUR,L,CF2,2,PHASE6L_TOP4,False
CB1_CAUR_L_CF2_RI2_TI2_R12__seed691202__it0000046,ts_fb09b8d3daca76de9cdb,CB1_CAUR_L_CF2_RI2_TI2_R12,ORIGINAL_PHASE6J_CAUR,L,CF2,2,PHASE6N_TOP4,False
CB1_CAUR_L_CF2_RI2_TI2_R12__seed691202__it0000084,ts_20ffd2d850347cffb49a,CB1_CAUR_L_CF2_RI2_TI2_R12,ORIGINAL_PHASE6J_CAUR,L,CF2,2,PHASE6L_TOP4,False
CB1_CAUR_L_CF2_RI2_TI2_R12__seed691202__it0000084,ts_5ce43455dca1ff1bbc1e,CB1_CAUR_L_CF2_RI2_TI2_R12,ORIGINAL_PHASE6J_CAUR,L,CF2,2,PHASE6N_TOP4,False
CB1_CAUR_L_CF2_RI2_TI2_R12__seed691202__it0000084,ts_6fac3ec787c83488e3bd,CB1_CAUR_L_CF2_RI2_TI2_R12,ORIGINAL_PHASE6J_CAUR,L,CF2,2,PHASE6N_TOP4,False
CB1_CAUR_L_CF2_RI2_TI2_R12__seed691202__it0000084,ts_92ac62ecff9bc8ad0e19,CB1_CAUR_L_CF2_RI2_TI2_R12,ORIGINAL_PHASE6J_CAUR,L,CF2,2,PHASE6N_TOP4,False
CB1_CAUR_L_CF2_RI2_TI2_R12__seed691202__it0000084,ts_da69a76596bf19d6fa79,CB1_CAUR_L_CF2_RI2_TI2_R12,ORIGINAL_PHASE6J_CAUR,L,CF2,2,PHASE6L_TOP4,False
CB1_CAUR_L_CF2_RI2_TI2_R12__seed691202__it0000084,ts_e9744bb2883705148c9e,CB1_CAUR_L_CF2_RI2_TI2_R12,ORIGINAL_PHASE6J_CAUR,L,CF2,2,PHASE6L_TOP4,False
CB1_CAUR_L_CF2_RI2_TI2_R12__seed691202__it0000084,ts_ecdbc6c8247823427f8d,CB1_CAUR_L_CF2_RI2_TI2_R12,ORIGINAL_PHASE6J_CAUR,L,CF2,2,CANONICAL_FALLBACK|PHASE6N_TOP4,True
CB1_CAUR_L_CF2_RI2_TI2_R12__seed691202__it0000084,ts_f30aa927dc1c71490d82,CB1_CAUR_L_CF2_RI2_TI2_R12,ORIGINAL_PHASE6J_CAUR,L,CF2,2,PHASE6L_TOP4,False
CB1_CAUR_L_CF2_RI2_TI2_R12__seed691202__it0000119,ts_093809b4516195eb7bfa,CB1_CAUR_L_CF2_RI2_TI2_R12,ORIGINAL_PHASE6J_CAUR,L,CF2,2,PHASE6L_TOP4,False
CB1_CAUR_L_CF2_RI2_TI2_R12__seed691202__it0000119,ts_558a409865baf685f6b4,CB1_CAUR_L_CF2_RI2_TI2_R12,ORIGINAL_PHASE6J_CAUR,L,CF2,2,PHASE6N_TOP4,False
CB1_CAUR_L_CF2_RI2_TI2_R12__seed691202__it0000119,ts_597ddc5ac81e97c067b4,CB1_CAUR_L_CF2_RI2_TI2_R12,ORIGINAL_PHASE6J_CAUR,L,CF2,2,PHASE6N_TOP4,False
CB1_CAUR_L_CF2_RI2_TI2_R12__seed691202__it0000119,ts_7dcf4547558eb0d5d201,CB1_CAUR_L_CF2_RI2_TI2_R12,ORIGINAL_PHASE6J_CAUR,L,CF2,2,PHASE6N_TOP4,False
CB1_CAUR_L_CF2_RI2_TI2_R12__seed691202__it0000119,ts_822575d7703cf39a25ca,CB1_CAUR_L_CF2_RI2_TI2_R12,ORIGINAL_PHASE6J_CAUR,L,CF2,2,PHASE6L_TOP4,False
CB1_CAUR_L_CF2_RI2_TI2_R12__seed691202__it0000119,ts_b2019893bfd48f2b9aca,CB1_CAUR_L_CF2_RI2_TI2_R12,ORIGINAL_PHASE6J_CAUR,L,CF2,2,PHASE6L_TOP4|PHASE6N_TOP4,False
CB1_CAUR_L_CF2_RI2_TI2_R12__seed691202__it0000119,ts_ec33038969c40eab443a,CB1_CAUR_L_CF2_RI2_TI2_R12,ORIGINAL_PHASE6J_CAUR,L,CF2,2,CANONICAL_FALLBACK|PHASE6L_TOP4,True
CB1_CAUR_L_CF2_RI2_TI2_R12__seed691202__it0000155,ts_31fe52c3e5bc8845e3e8,CB1_CAUR_L_CF2_RI2_TI2_R12,ORIGINAL_PHASE6J_CAUR,L,CF2,2,PHASE6L_TOP4,False
CB1_CAUR_L_CF2_RI2_TI2_R12__seed691202__it0000155,ts_7004ca96c668fda8644d,CB1_CAUR_L_CF2_RI2_TI2_R12,ORIGINAL_PHASE6J_CAUR,L,CF2,2,PHASE6N_TOP4,False
CB1_CAUR_L_CF2_RI2_TI2_R12__seed691202__it0000155,ts_764e470b08c05ebbf0c1,CB1_CAUR_L_CF2_RI2_TI2_R12,ORIGINAL_PHASE6J_CAUR,L,CF2,2,PHASE6L_TOP4|PHASE6N_TOP4,False
CB1_CAUR_L_CF2_RI2_TI2_R12__seed691202__it0000155,ts_7ce6710dd5a5f81633c6,CB1_CAUR_L_CF2_RI2_TI2_R12,ORIGINAL_PHASE6J_CAUR,L,CF2,2,PHASE6L_TOP4,False
CB1_CAUR_L_CF2_RI2_TI2_R12__seed691202__it0000155,ts_92bd2cf029b7d517a80f,CB1_CAUR_L_CF2_RI2_TI2_R12,ORIGINAL_PHASE6J_CAUR,L,CF2,2,PHASE6L_TOP4|PHASE6N_TOP4,False
CB1_CAUR_L_CF2_RI2_TI2_R12__seed691202__it0000155,ts_d81591ba9df6fdd6a234,CB1_CAUR_L_CF2_RI2_TI2_R12,ORIGINAL_PHASE6J_CAUR,L,CF2,2,CANONICAL_FALLBACK,True
CB1_CAUR_L_CF2_RI2_TI2_R12__seed691202__it0000155,ts_f3e714e1d7b344735cf9,CB1_CAUR_L_CF2_RI2_TI2_R12,ORIGINAL_PHASE6J_CAUR,L,CF2,2,PHASE6N_TOP4,False
CB1_CAUR_L_CF2_RI2_TI2_R12__seed691202__it0000193,ts_01a0cee53307c13338fd,CB1_CAUR_L_CF2_RI2_TI2_R12,ORIGINAL_PHASE6J_CAUR,L,CF2,2,PHASE6L_TOP4|PHASE6N_TOP4,False
CB1_CAUR_L_CF2_RI2_TI2_R12__seed691202__it0000193,ts_1ba951472be04b50aaa8,CB1_CAUR_L_CF2_RI2_TI2_R12,ORIGINAL_PHASE6J_CAUR,L,CF2,2,CANONICAL_FALLBACK,True
CB1_CAUR_L_CF2_RI2_TI2_R12__seed691202__it0000193,ts_3befb3a1fb7223d96391,CB1_CAUR_L_CF2_RI2_TI2_R12,ORIGINAL_PHASE6J_CAUR,L,CF2,2,PHASE6N_TOP4,False
CB1_CAUR_L_CF2_RI2_TI2_R12__seed691202__it0000193,ts_5292cc1349e336afb4cd,CB1_CAUR_L_CF2_RI2_TI2_R12,ORIGINAL_PHASE6J_CAUR,L,CF2,2,PHASE6L_TOP4,False
CB1_CAUR_L_CF2_RI2_TI2_R12__seed691202__it0000193,ts_5d30e94913c760b91058,CB1_CAUR_L_CF2_RI2_TI2_R12,ORIGINAL_PHASE6J_CAUR,L,CF2,2,PHASE6L_TOP4|PHASE6N_TOP4,False
CB1_CAUR_L_CF2_RI2_TI2_R12__seed691202__it0000193,ts_7ee88203c383a17dd86e,CB1_CAUR_L_CF2_RI2_TI2_R12,ORIGINAL_PHASE6J_CAUR,L,CF2,2,PHASE6L_TOP4|PHASE6N_TOP4,False
CB1_CAUR_L_CF2_RI2_TI2_R12__seed691202__it0000228,ts_0cc86d58f236e561f50e,CB1_CAUR_L_CF2_RI2_TI2_R12,ORIGINAL_PHASE6J_CAUR,L,CF2,2,PHASE6L_TOP4|PHASE6N_TOP4,False
CB1_CAUR_L_CF2_RI2_TI2_R12__seed691202__it0000228,ts_0faaaf8345f7f4010f1f,CB1_CAUR_L_CF2_RI2_TI2_R12,ORIGINAL_PHASE6J_CAUR,L,CF2,2,PHASE6L_TOP4,False
CB1_CAUR_L_CF2_RI2_TI2_R12__seed691202__it0000228,ts_1263a5247b096ef41436,CB1_CAUR_L_CF2_RI2_TI2_R12,ORIGINAL_PHASE6J_CAUR,L,CF2,2,PHASE6L_TOP4,False
CB1_CAUR_L_CF2_RI2_TI2_R12__seed691202__it0000228,ts_2711a2e84b4e4c959c5e,CB1_CAUR_L_CF2_RI2_TI2_R12,ORIGINAL_PHASE6J_CAUR,L,CF2,2,PHASE6N_TOP4,False
CB1_CAUR_L_CF2_RI2_TI2_R12__seed691202__it0000228,ts_5153d865ae9c1a81da0c,CB1_CAUR_L_CF2_RI2_TI2_R12,ORIGINAL_PHASE6J_CAUR,L,CF2,2,PHASE6N_TOP4,False
CB1_CAUR_L_CF2_RI2_TI2_R12__seed691202__it0000228,ts_620b5a058d1485adbcdb,CB1_CAUR_L_CF2_RI2_TI2_R12,ORIGINAL_PHASE6J_CAUR,L,CF2,2,CANONICAL_FALLBACK,True
CB1_CAUR_L_CF2_RI2_TI2_R12__seed691202__it0000228,ts_656db279847be31d81a9,CB1_CAUR_L_CF2_RI2_TI2_R12,ORIGINAL_PHASE6J_CAUR,L,CF2,2,PHASE6N_TOP4,False
CB1_CAUR_L_CF2_RI2_TI2_R12__seed691202__it0000228,ts_b8fa26e9727ce85b048d,CB1_CAUR_L_CF2_RI2_TI2_R12,ORIGINAL_PHASE6J_CAUR,L,CF2,2,PHASE6L_TOP4,False
CB1_CAUR_L_CF2_RI2_TI2_R12__seed691202__it0000255,ts_5559c8d64e92dca56429,CB1_CAUR_L_CF2_RI2_TI2_R12,ORIGINAL_PHASE6J_CAUR,L,CF2,2,PHASE6L_TOP4|PHASE6N_TOP4,False
CB1_CAUR_L_CF2_RI2_TI2_R12__seed691202__it0000255,ts_6c2f0da1e428b4cae2ea,CB1_CAUR_L_CF2_RI2_TI2_R12,ORIGINAL_PHASE6J_CAUR,L,CF2,2,PHASE6L_TOP4|PHASE6N_TOP4,False
CB1_CAUR_L_CF2_RI2_TI2_R12__seed691202__it0000255,ts_73f79c9dcb4712314402,CB1_CAUR_L_CF2_RI2_TI2_R12,ORIGINAL_PHASE6J_CAUR,L,CF2,2,CANONICAL_FALLBACK,True
CB1_CAUR_L_CF2_RI2_TI2_R12__seed691202__it0000255,ts_89e71d1f3d1e58ecbcf9,CB1_CAUR_L_CF2_RI2_TI2_R12,ORIGINAL_PHASE6J_CAUR,L,CF2,2,PHASE6N_TOP4,False
CB1_CAUR_L_CF2_RI2_TI2_R12__seed691202__it0000255,ts_9e3c301fa7d7aad39f89,CB1_CAUR_L_CF2_RI2_TI2_R12,ORIGINAL_PHASE6J_CAUR,L,CF2,2,PHASE6L_TOP4,False
CB1_CAUR_L_CF2_RI2_TI2_R12__seed691202__it0000255,ts_f890fa3d9da33f7591bd,CB1_CAUR_L_CF2_RI2_TI2_R12,ORIGINAL_PHASE6J_CAUR,L,CF2,2,PHASE6L_TOP4|PHASE6N_TOP4,False
CB1_CAUR_L_CF2_RI2_TI2_R12__seed721201__it0000016,ts_2d39d0e9d64674586f2b,CB1_CAUR_L_CF2_RI2_TI2_R12,NEW_ALNS_EXPANSION,L,CF2,2,PHASE6N_TOP4,False
CB1_CAUR_L_CF2_RI2_TI2_R12__seed721201__it0000016,ts_60b4405937488ae74af3,CB1_CAUR_L_CF2_RI2_TI2_R12,NEW_ALNS_EXPANSION,L,CF2,2,CANONICAL_FALLBACK|PHASE6N_TOP4,True
CB1_CAUR_L_CF2_RI2_TI2_R12__seed721201__it0000016,ts_a3d84649f21093fa66ec,CB1_CAUR_L_CF2_RI2_TI2_R12,NEW_ALNS_EXPANSION,L,CF2,2,PHASE6N_TOP4,False
CB1_CAUR_L_CF2_RI2_TI2_R12__seed721201__it0000016,ts_b3a16fcb6072cd4d3ac7,CB1_CAUR_L_CF2_RI2_TI2_R12,NEW_ALNS_EXPANSION,L,CF2,2,PHASE6N_TOP4,False
CB1_CAUR_L_CF2_RI2_TI2_R12__seed721201__it0000073,ts_41e492bf4e4a147aacb9,CB1_CAUR_L_CF2_RI2_TI2_R12,NEW_ALNS_EXPANSION,L,CF2,2,PHASE6N_TOP4,False
CB1_CAUR_L_CF2_RI2_TI2_R12__seed721201__it0000073,ts_835aaeff388f610b7e3d,CB1_CAUR_L_CF2_RI2_TI2_R12,NEW_ALNS_EXPANSION,L,CF2,2,PHASE6N_TOP4,False
CB1_CAUR_L_CF2_RI2_TI2_R12__seed721201__it0000073,ts_8f7fd8e136b466309813,CB1_CAUR_L_CF2_RI2_TI2_R12,NEW_ALNS_EXPANSION,L,CF2,2,PHASE6N_TOP4,False
CB1_CAUR_L_CF2_RI2_TI2_R12__seed721201__it0000073,ts_a70f8f3070e132810e6c,CB1_CAUR_L_CF2_RI2_TI2_R12,NEW_ALNS_EXPANSION,L,CF2,2,CANONICAL_FALLBACK,True
CB1_CAUR_L_CF2_RI2_TI2_R12__seed721201__it0000073,ts_fea4683fb188b771dfe6,CB1_CAUR_L_CF2_RI2_TI2_R12,NEW_ALNS_EXPANSION,L,CF2,2,PHASE6N_TOP4,False
CB1_CAUR_L_CF2_RI2_TI2_R12__seed721201__it0000134,ts_6b1f4778ec46f432c583,CB1_CAUR_L_CF2_RI2_TI2_R12,NEW_ALNS_EXPANSION,L,CF2,2,PHASE6N_TOP4,False
CB1_CAUR_L_CF2_RI2_TI2_R12__seed721201__it0000134,ts_a013f5ca18935745b048,CB1_CAUR_L_CF2_RI2_TI2_R12,NEW_ALNS_EXPANSION,L,CF2,2,PHASE6N_TOP4,False
CB1_CAUR_L_CF2_RI2_TI2_R12__seed721201__it0000134,ts_a9c1f635a84e5c1d501e,CB1_CAUR_L_CF2_RI2_TI2_R12,NEW_ALNS_EXPANSION,L,CF2,2,PHASE6N_TOP4,False
CB1_CAUR_L_CF2_RI2_TI2_R12__seed721201__it0000134,ts_c6c50ab8f213f48a6af6,CB1_CAUR_L_CF2_RI2_TI2_R12,NEW_ALNS_EXPANSION,L,CF2,2,PHASE6N_TOP4,False
CB1_CAUR_L_CF2_RI2_TI2_R12__seed721201__it0000134,ts_c7b6e0cf10eea61ee1da,CB1_CAUR_L_CF2_RI2_TI2_R12,NEW_ALNS_EXPANSION,L,CF2,2,CANONICAL_FALLBACK,True
CB1_CAUR_L_CF2_RI2_TI2_R12__seed721201__it0000190,ts_06b0fdc2504e221c4b6c,CB1_CAUR_L_CF2_RI2_TI2_R12,NEW_ALNS_EXPANSION,L,CF2,2,CANONICAL_FALLBACK,True
CB1_CAUR_L_CF2_RI2_TI2_R12__seed721201__it0000190,ts_2c546b1c6b6991a5fdb3,CB1_CAUR_L_CF2_RI2_TI2_R12,NEW_ALNS_EXPANSION,L,CF2,2,PHASE6N_TOP4,False
CB1_CAUR_L_CF2_RI2_TI2_R12__seed721201__it0000190,ts_838db523a3dd27f16755,CB1_CAUR_L_CF2_RI2_TI2_R12,NEW_ALNS_EXPANSION,L,CF2,2,PHASE6N_TOP4,False
CB1_CAUR_L_CF2_RI2_TI2_R12__seed721201__it0000190,ts_b0613e65c6d9064f35f4,CB1_CAUR_L_CF2_RI2_TI2_R12,NEW_ALNS_EXPANSION,L,CF2,2,PHASE6N_TOP4,False
CB1_CAUR_L_CF2_RI2_TI2_R12__seed721201__it0000190,ts_cf56fcf3364364c6f941,CB1_CAUR_L_CF2_RI2_TI2_R12,NEW_ALNS_EXPANSION,L,CF2,2,PHASE6N_TOP4,False
CB1_CAUR_L_CF2_RI2_TI2_R12__seed721201__it0000246,ts_1c9c59ade6d9546e3a29,CB1_CAUR_L_CF2_RI2_TI2_R12,NEW_ALNS_EXPANSION,L,CF2,2,PHASE6N_TOP4,False
CB1_CAUR_L_CF2_RI2_TI2_R12__seed721201__it0000246,ts_1e6983530d676712170b,CB1_CAUR_L_CF2_RI2_TI2_R12,NEW_ALNS_EXPANSION,L,CF2,2,CANONICAL_FALLBACK,True
CB1_CAUR_L_CF2_RI2_TI2_R12__seed721201__it0000246,ts_7d0c5ffce180d8a96bf7,CB1_CAUR_L_CF2_RI2_TI2_R12,NEW_ALNS_EXPANSION,L,CF2,2,PHASE6N_TOP4,False
CB1_CAUR_L_CF2_RI2_TI2_R12__seed721201__it0000246,ts_afc76f341c36c8f9d9a2,CB1_CAUR_L_CF2_RI2_TI2_R12,NEW_ALNS_EXPANSION,L,CF2,2,PHASE6N_TOP4,False
CB1_CAUR_L_CF2_RI2_TI2_R12__seed721201__it0000246,ts_b1b65cbcc694398049b6,CB1_CAUR_L_CF2_RI2_TI2_R12,NEW_ALNS_EXPANSION,L,CF2,2,PHASE6N_TOP4,False
CB1_CAUR_L_CF2_RI2_TI2_R12__seed721201__it0000306,ts_01896bc82890e938be58,CB1_CAUR_L_CF2_RI2_TI2_R12,NEW_ALNS_EXPANSION,L,CF2,2,PHASE6N_TOP4,False
CB1_CAUR_L_CF2_RI2_TI2_R12__seed721201__it0000306,ts_18a6da41502cfacb3279,CB1_CAUR_L_CF2_RI2_TI2_R12,NEW_ALNS_EXPANSION,L,CF2,2,PHASE6N_TOP4,False
CB1_CAUR_L_CF2_RI2_TI2_R12__seed721201__it0000306,ts_21a096fd38ab2803581e,CB1_CAUR_L_CF2_RI2_TI2_R12,NEW_ALNS_EXPANSION,L,CF2,2,PHASE6N_TOP4,False
CB1_CAUR_L_CF2_RI2_TI2_R12__seed721201__it0000306,ts_5d20da1d6f97b0c5e9d0,CB1_CAUR_L_CF2_RI2_TI2_R12,NEW_ALNS_EXPANSION,L,CF2,2,PHASE6N_TOP4,False
CB1_CAUR_L_CF2_RI2_TI2_R12__seed721201__it0000306,ts_9ec88530bfe047ec98c6,CB1_CAUR_L_CF2_RI2_TI2_R12,NEW_ALNS_EXPANSION,L,CF2,2,CANONICAL_FALLBACK,True
CB1_CAUR_L_CF2_RI2_TI2_R12__seed721201__it0000361,ts_1bb51e1754848fc9c7cd,CB1_CAUR_L_CF2_RI2_TI2_R12,NEW_ALNS_EXPANSION,L,CF2,2,PHASE6N_TOP4,False
CB1_CAUR_L_CF2_RI2_TI2_R12__seed721201__it0000361,ts_365a0e1fca82488b6679,CB1_CAUR_L_CF2_RI2_TI2_R12,NEW_ALNS_EXPANSION,L,CF2,2,PHASE6N_TOP4,False
CB1_CAUR_L_CF2_RI2_TI2_R12__seed721201__it0000361,ts_4fa395ccd097e25f4db2,CB1_CAUR_L_CF2_RI2_TI2_R12,NEW_ALNS_EXPANSION,L,CF2,2,CANONICAL_FALLBACK,True
CB1_CAUR_L_CF2_RI2_TI2_R12__seed721201__it0000361,ts_bf79b7c395c19c2198cc,CB1_CAUR_L_CF2_RI2_TI2_R12,NEW_ALNS_EXPANSION,L,CF2,2,PHASE6N_TOP4,False
CB1_CAUR_L_CF2_RI2_TI2_R12__seed721201__it0000361,ts_f5e68ecde079798f9310,CB1_CAUR_L_CF2_RI2_TI2_R12,NEW_ALNS_EXPANSION,L,CF2,2,PHASE6N_TOP4,False
CB1_CAUR_L_CF2_RI2_TI2_R12__seed721201__it0000404,ts_0a3a5e2123e843b1f110,CB1_CAUR_L_CF2_RI2_TI2_R12,NEW_ALNS_EXPANSION,L,CF2,2,PHASE6N_TOP4,False
CB1_CAUR_L_CF2_RI2_TI2_R12__seed721201__it0000404,ts_375b5a206367bdb9d5ca,CB1_CAUR_L_CF2_RI2_TI2_R12,NEW_ALNS_EXPANSION,L,CF2,2,PHASE6N_TOP4,False
CB1_CAUR_L_CF2_RI2_TI2_R12__seed721201__it0000404,ts_4986b2cb5d1e103f0da9,CB1_CAUR_L_CF2_RI2_TI2_R12,NEW_ALNS_EXPANSION,L,CF2,2,PHASE6N_TOP4,False
CB1_CAUR_L_CF2_RI2_TI2_R12__seed721201__it0000404,ts_dc033bb058016e01a1d7,CB1_CAUR_L_CF2_RI2_TI2_R12,NEW_ALNS_EXPANSION,L,CF2,2,CANONICAL_FALLBACK,True
CB1_CAUR_L_CF2_RI2_TI2_R12__seed721201__it0000404,ts_ef7ef51a88d07e88a860,CB1_CAUR_L_CF2_RI2_TI2_R12,NEW_ALNS_EXPANSION,L,CF2,2,PHASE6N_TOP4,False
CB1_CAUR_L_CF2_RI2_TI2_R12__seed721202__it0000016,ts_3eaeb451648988f9d06d,CB1_CAUR_L_CF2_RI2_TI2_R12,NEW_ALNS_EXPANSION,L,CF2,2,PHASE6N_TOP4,False
CB1_CAUR_L_CF2_RI2_TI2_R12__seed721202__it0000016,ts_4f8994cf1f804c5a3941,CB1_CAUR_L_CF2_RI2_TI2_R12,NEW_ALNS_EXPANSION,L,CF2,2,PHASE6N_TOP4,False
CB1_CAUR_L_CF2_RI2_TI2_R12__seed721202__it0000016,ts_50548d587c9556b6b079,CB1_CAUR_L_CF2_RI2_TI2_R12,NEW_ALNS_EXPANSION,L,CF2,2,PHASE6N_TOP4,False
CB1_CAUR_L_CF2_RI2_TI2_R12__seed721202__it0000016,ts_83742b01996ad960a3c3,CB1_CAUR_L_CF2_RI2_TI2_R12,NEW_ALNS_EXPANSION,L,CF2,2,PHASE6N_TOP4,False
CB1_CAUR_L_CF2_RI2_TI2_R12__seed721202__it0000016,ts_fab1299042f415a7533d,CB1_CAUR_L_CF2_RI2_TI2_R12,NEW_ALNS_EXPANSION,L,CF2,2,CANONICAL_FALLBACK,True
CB1_CAUR_L_CF2_RI2_TI2_R12__seed721202__it0000072,ts_48dc617ac5304e35ad61,CB1_CAUR_L_CF2_RI2_TI2_R12,NEW_ALNS_EXPANSION,L,CF2,2,PHASE6N_TOP4,False
CB1_CAUR_L_CF2_RI2_TI2_R12__seed721202__it0000072,ts_69eb678a196ab5daca65,CB1_CAUR_L_CF2_RI2_TI2_R12,NEW_ALNS_EXPANSION,L,CF2,2,CANONICAL_FALLBACK|PHASE6N_TOP4,True
CB1_CAUR_L_CF2_RI2_TI2_R12__seed721202__it0000072,ts_6bc2ac15f89d054d6420,CB1_CAUR_L_CF2_RI2_TI2_R12,NEW_ALNS_EXPANSION,L,CF2,2,PHASE6N_TOP4,False
CB1_CAUR_L_CF2_RI2_TI2_R12__seed721202__it0000072,ts_b0943c475236f1a3286f,CB1_CAUR_L_CF2_RI2_TI2_R12,NEW_ALNS_EXPANSION,L,CF2,2,PHASE6N_TOP4,False
CB1_CAUR_L_CF2_RI2_TI2_R12__seed721202__it0000132,ts_3003a8b0ceae1f24bc0d,CB1_CAUR_L_CF2_RI2_TI2_R12,NEW_ALNS_EXPANSION,L,CF2,2,CANONICAL_FALLBACK,True
CB1_CAUR_L_CF2_RI2_TI2_R12__seed721202__it0000132,ts_3b2ac4c0557fa5544e22,CB1_CAUR_L_CF2_RI2_TI2_R12,NEW_ALNS_EXPANSION,L,CF2,2,PHASE6N_TOP4,False
CB1_CAUR_L_CF2_RI2_TI2_R12__seed721202__it0000132,ts_495bb9de1b0b998e821d,CB1_CAUR_L_CF2_RI2_TI2_R12,NEW_ALNS_EXPANSION,L,CF2,2,PHASE6N_TOP4,False
CB1_CAUR_L_CF2_RI2_TI2_R12__seed721202__it0000132,ts_6143854ece720beb25b6,CB1_CAUR_L_CF2_RI2_TI2_R12,NEW_ALNS_EXPANSION,L,CF2,2,PHASE6N_TOP4,False
CB1_CAUR_L_CF2_RI2_TI2_R12__seed721202__it0000132,ts_dbb975f091135c2aa898,CB1_CAUR_L_CF2_RI2_TI2_R12,NEW_ALNS_EXPANSION,L,CF2,2,PHASE6N_TOP4,False
CB1_CAUR_L_CF2_RI2_TI2_R12__seed721202__it0000187,ts_79dd29e0b48a7d4d6fa9,CB1_CAUR_L_CF2_RI2_TI2_R12,NEW_ALNS_EXPANSION,L,CF2,2,CANONICAL_FALLBACK,True
CB1_CAUR_L_CF2_RI2_TI2_R12__seed721202__it0000187,ts_97efaa82caa47861690f,CB1_CAUR_L_CF2_RI2_TI2_R12,NEW_ALNS_EXPANSION,L,CF2,2,PHASE6N_TOP4,False
CB1_CAUR_L_CF2_RI2_TI2_R12__seed721202__it0000187,ts_99e2d7cff87db1cc9f17,CB1_CAUR_L_CF2_RI2_TI2_R12,NEW_ALNS_EXPANSION,L,CF2,2,PHASE6N_TOP4,False
CB1_CAUR_L_CF2_RI2_TI2_R12__seed721202__it0000187,ts_a11238bf9a36b9cc163e,CB1_CAUR_L_CF2_RI2_TI2_R12,NEW_ALNS_EXPANSION,L,CF2,2,PHASE6N_TOP4,False
CB1_CAUR_L_CF2_RI2_TI2_R12__seed721202__it0000187,ts_f7835f308ecf682ce84d,CB1_CAUR_L_CF2_RI2_TI2_R12,NEW_ALNS_EXPANSION,L,CF2,2,PHASE6N_TOP4,False
CB1_CAUR_L_CF2_RI2_TI2_R12__seed721202__it0000242,ts_77d9e00435b83d62bf5e,CB1_CAUR_L_CF2_RI2_TI2_R12,NEW_ALNS_EXPANSION,L,CF2,2,PHASE6N_TOP4,False
CB1_CAUR_L_CF2_RI2_TI2_R12__seed721202__it0000242,ts_92d3cc711c8be42b40c0,CB1_CAUR_L_CF2_RI2_TI2_R12,NEW_ALNS_EXPANSION,L,CF2,2,PHASE6N_TOP4,False
CB1_CAUR_L_CF2_RI2_TI2_R12__seed721202__it0000242,ts_da7612559a9ef45c738d,CB1_CAUR_L_CF2_RI2_TI2_R12,NEW_ALNS_EXPANSION,L,CF2,2,CANONICAL_FALLBACK,True
CB1_CAUR_L_CF2_RI2_TI2_R12__seed721202__it0000242,ts_dd37a9ce82d7ba1b7cd4,CB1_CAUR_L_CF2_RI2_TI2_R12,NEW_ALNS_EXPANSION,L,CF2,2,PHASE6N_TOP4,False
CB1_CAUR_L_CF2_RI2_TI2_R12__seed721202__it0000242,ts_e98e5fb130d31194c8ab,CB1_CAUR_L_CF2_RI2_TI2_R12,NEW_ALNS_EXPANSION,L,CF2,2,PHASE6N_TOP4,False
CB1_CAUR_L_CF2_RI2_TI2_R12__seed721202__it0000301,ts_47542e76145143972aab,CB1_CAUR_L_CF2_RI2_TI2_R12,NEW_ALNS_EXPANSION,L,CF2,2,PHASE6N_TOP4,False
CB1_CAUR_L_CF2_RI2_TI2_R12__seed721202__it0000301,ts_89db0b50dbc24d73a3ff,CB1_CAUR_L_CF2_RI2_TI2_R12,NEW_ALNS_EXPANSION,L,CF2,2,PHASE6N_TOP4,False
CB1_CAUR_L_CF2_RI2_TI2_R12__seed721202__it0000301,ts_995def91b871179840b2,CB1_CAUR_L_CF2_RI2_TI2_R12,NEW_ALNS_EXPANSION,L,CF2,2,PHASE6N_TOP4,False
CB1_CAUR_L_CF2_RI2_TI2_R12__seed721202__it0000301,ts_b63d51ed22a843cbd87f,CB1_CAUR_L_CF2_RI2_TI2_R12,NEW_ALNS_EXPANSION,L,CF2,2,CANONICAL_FALLBACK,True
CB1_CAUR_L_CF2_RI2_TI2_R12__seed721202__it0000301,ts_e01d12ab82149390b2d9,CB1_CAUR_L_CF2_RI2_TI2_R12,NEW_ALNS_EXPANSION,L,CF2,2,PHASE6N_TOP4,False
CB1_CAUR_L_CF2_RI2_TI2_R12__seed721202__it0000356,ts_1637e19fba3e80b23e12,CB1_CAUR_L_CF2_RI2_TI2_R12,NEW_ALNS_EXPANSION,L,CF2,2,PHASE6N_TOP4,False
CB1_CAUR_L_CF2_RI2_TI2_R12__seed721202__it0000356,ts_aecc2b0f8bc7c0fced3b,CB1_CAUR_L_CF2_RI2_TI2_R12,NEW_ALNS_EXPANSION,L,CF2,2,CANONICAL_FALLBACK,True
CB1_CAUR_L_CF2_RI2_TI2_R12__seed721202__it0000356,ts_b2b792769b2ff4365f1c,CB1_CAUR_L_CF2_RI2_TI2_R12,NEW_ALNS_EXPANSION,L,CF2,2,PHASE6N_TOP4,False
CB1_CAUR_L_CF2_RI2_TI2_R12__seed721202__it0000356,ts_b4366413b35474c12c9e,CB1_CAUR_L_CF2_RI2_TI2_R12,NEW_ALNS_EXPANSION,L,CF2,2,PHASE6N_TOP4,False
CB1_CAUR_L_CF2_RI2_TI2_R12__seed721202__it0000356,ts_d1669934f5b97dd0a397,CB1_CAUR_L_CF2_RI2_TI2_R12,NEW_ALNS_EXPANSION,L,CF2,2,PHASE6N_TOP4,False
CB1_CAUR_L_CF2_RI2_TI2_R12__seed721202__it0000398,ts_18c2aae2a800e7974aa8,CB1_CAUR_L_CF2_RI2_TI2_R12,NEW_ALNS_EXPANSION,L,CF2,2,PHASE6N_TOP4,False
CB1_CAUR_L_CF2_RI2_TI2_R12__seed721202__it0000398,ts_40b0f0fa9c5513b387f6,CB1_CAUR_L_CF2_RI2_TI2_R12,NEW_ALNS_EXPANSION,L,CF2,2,PHASE6N_TOP4,False
CB1_CAUR_L_CF2_RI2_TI2_R12__seed721202__it0000398,ts_b28ff4f03a909cf9139a,CB1_CAUR_L_CF2_RI2_TI2_R12,NEW_ALNS_EXPANSION,L,CF2,2,CANONICAL_FALLBACK,True
CB1_CAUR_L_CF2_RI2_TI2_R12__seed721202__it0000398,ts_c681ea3b47dd77ad6a0e,CB1_CAUR_L_CF2_RI2_TI2_R12,NEW_ALNS_EXPANSION,L,CF2,2,PHASE6N_TOP4,False
CB1_CAUR_L_CF2_RI2_TI2_R12__seed721202__it0000398,ts_e448a0ad83bbe464172d,CB1_CAUR_L_CF2_RI2_TI2_R12,NEW_ALNS_EXPANSION,L,CF2,2,PHASE6N_TOP4,False
CB1_CAUR_L_CF2_RI2_TI2_R12__seed721203__it0000016,ts_65b8d30f42d62bffe9d0,CB1_CAUR_L_CF2_RI2_TI2_R12,NEW_ALNS_EXPANSION,L,CF2,2,PHASE6N_TOP4,False
CB1_CAUR_L_CF2_RI2_TI2_R12__seed721203__it0000016,ts_6a1fa23b301e51e70321,CB1_CAUR_L_CF2_RI2_TI2_R12,NEW_ALNS_EXPANSION,L,CF2,2,PHASE6N_TOP4,False
CB1_CAUR_L_CF2_RI2_TI2_R12__seed721203__it0000016,ts_708cc4c5c333bb0a9997,CB1_CAUR_L_CF2_RI2_TI2_R12,NEW_ALNS_EXPANSION,L,CF2,2,PHASE6N_TOP4,False
CB1_CAUR_L_CF2_RI2_TI2_R12__seed721203__it0000016,ts_c022a2d63ce89c3b1084,CB1_CAUR_L_CF2_RI2_TI2_R12,NEW_ALNS_EXPANSION,L,CF2,2,PHASE6N_TOP4,False
CB1_CAUR_L_CF2_RI2_TI2_R12__seed721203__it0000016,ts_e1167c435bc9e8cfd0fa,CB1_CAUR_L_CF2_RI2_TI2_R12,NEW_ALNS_EXPANSION,L,CF2,2,CANONICAL_FALLBACK,True
CB1_CAUR_L_CF2_RI2_TI2_R12__seed721203__it0000073,ts_09e4eadf0a7911e92bac,CB1_CAUR_L_CF2_RI2_TI2_R12,NEW_ALNS_EXPANSION,L,CF2,2,CANONICAL_FALLBACK,True
CB1_CAUR_L_CF2_RI2_TI2_R12__seed721203__it0000073,ts_1b6e169a4d4d2f0c1410,CB1_CAUR_L_CF2_RI2_TI2_R12,NEW_ALNS_EXPANSION,L,CF2,2,PHASE6N_TOP4,False
CB1_CAUR_L_CF2_RI2_TI2_R12__seed721203__it0000073,ts_3560a811c68adf5baedb,CB1_CAUR_L_CF2_RI2_TI2_R12,NEW_ALNS_EXPANSION,L,CF2,2,PHASE6N_TOP4,False
CB1_CAUR_L_CF2_RI2_TI2_R12__seed721203__it0000073,ts_b87117834817c4fcd765,CB1_CAUR_L_CF2_RI2_TI2_R12,NEW_ALNS_EXPANSION,L,CF2,2,PHASE6N_TOP4,False
CB1_CAUR_L_CF2_RI2_TI2_R12__seed721203__it0000073,ts_fff5da04a05458c95047,CB1_CAUR_L_CF2_RI2_TI2_R12,NEW_ALNS_EXPANSION,L,CF2,2,PHASE6N_TOP4,False
CB1_CAUR_L_CF2_RI2_TI2_R12__seed721203__it0000133,ts_3738d7bb20dc300c7649,CB1_CAUR_L_CF2_RI2_TI2_R12,NEW_ALNS_EXPANSION,L,CF2,2,CANONICAL_FALLBACK,True
CB1_CAUR_L_CF2_RI2_TI2_R12__seed721203__it0000133,ts_9526e7bb447b6b7084e4,CB1_CAUR_L_CF2_RI2_TI2_R12,NEW_ALNS_EXPANSION,L,CF2,2,PHASE6N_TOP4,False
CB1_CAUR_L_CF2_RI2_TI2_R12__seed721203__it0000133,ts_b505297ed3c3273a5945,CB1_CAUR_L_CF2_RI2_TI2_R12,NEW_ALNS_EXPANSION,L,CF2,2,PHASE6N_TOP4,False
CB1_CAUR_L_CF2_RI2_TI2_R12__seed721203__it0000133,ts_dbaf29131a196704c72d,CB1_CAUR_L_CF2_RI2_TI2_R12,NEW_ALNS_EXPANSION,L,CF2,2,PHASE6N_TOP4,False
CB1_CAUR_L_CF2_RI2_TI2_R12__seed721203__it0000133,ts_e81af2b2a1415bfd1409,CB1_CAUR_L_CF2_RI2_TI2_R12,NEW_ALNS_EXPANSION,L,CF2,2,PHASE6N_TOP4,False
CB1_CAUR_L_CF2_RI2_TI2_R12__seed721203__it0000188,ts_22edb9c62d23bc81cc68,CB1_CAUR_L_CF2_RI2_TI2_R12,NEW_ALNS_EXPANSION,L,CF2,2,PHASE6N_TOP4,False
CB1_CAUR_L_CF2_RI2_TI2_R12__seed721203__it0000188,ts_bf65693cf2986e727102,CB1_CAUR_L_CF2_RI2_TI2_R12,NEW_ALNS_EXPANSION,L,CF2,2,PHASE6N_TOP4,False
CB1_CAUR_L_CF2_RI2_TI2_R12__seed721203__it0000188,ts_c1a17b2038b292b88b41,CB1_CAUR_L_CF2_RI2_TI2_R12,NEW_ALNS_EXPANSION,L,CF2,2,CANONICAL_FALLBACK,True
CB1_CAUR_L_CF2_RI2_TI2_R12__seed721203__it0000188,ts_d1eafcd0cbff68174672,CB1_CAUR_L_CF2_RI2_TI2_R12,NEW_ALNS_EXPANSION,L,CF2,2,PHASE6N_TOP4,False
CB1_CAUR_L_CF2_RI2_TI2_R12__seed721203__it0000188,ts_f7eb9b263da10170c36b,CB1_CAUR_L_CF2_RI2_TI2_R12,NEW_ALNS_EXPANSION,L,CF2,2,PHASE6N_TOP4,False
CB1_CAUR_L_CF2_RI2_TI2_R12__seed721203__it0000243,ts_5445abd5ad300ec5c578,CB1_CAUR_L_CF2_RI2_TI2_R12,NEW_ALNS_EXPANSION,L,CF2,2,PHASE6N_TOP4,False
CB1_CAUR_L_CF2_RI2_TI2_R12__seed721203__it0000243,ts_5fe9455a3294ea9c99d8,CB1_CAUR_L_CF2_RI2_TI2_R12,NEW_ALNS_EXPANSION,L,CF2,2,PHASE6N_TOP4,False
CB1_CAUR_L_CF2_RI2_TI2_R12__seed721203__it0000243,ts_829d69c8590599b514c2,CB1_CAUR_L_CF2_RI2_TI2_R12,NEW_ALNS_EXPANSION,L,CF2,2,CANONICAL_FALLBACK,True
CB1_CAUR_L_CF2_RI2_TI2_R12__seed721203__it0000243,ts_dbc08ee9ce95f0c72d22,CB1_CAUR_L_CF2_RI2_TI2_R12,NEW_ALNS_EXPANSION,L,CF2,2,PHASE6N_TOP4,False
CB1_CAUR_L_CF2_RI2_TI2_R12__seed721203__it0000243,ts_fc51b412ad4af611a005,CB1_CAUR_L_CF2_RI2_TI2_R12,NEW_ALNS_EXPANSION,L,CF2,2,PHASE6N_TOP4,False
CB1_CAUR_L_CF2_RI2_TI2_R12__seed721203__it0000303,ts_16241c094ffc211d2dec,CB1_CAUR_L_CF2_RI2_TI2_R12,NEW_ALNS_EXPANSION,L,CF2,2,PHASE6N_TOP4,False
CB1_CAUR_L_CF2_RI2_TI2_R12__seed721203__it0000303,ts_97dc8cc8a44ac96d9da0,CB1_CAUR_L_CF2_RI2_TI2_R12,NEW_ALNS_EXPANSION,L,CF2,2,PHASE6N_TOP4,False
CB1_CAUR_L_CF2_RI2_TI2_R12__seed721203__it0000303,ts_a015e4fc4b64a634aa36,CB1_CAUR_L_CF2_RI2_TI2_R12,NEW_ALNS_EXPANSION,L,CF2,2,PHASE6N_TOP4,False
CB1_CAUR_L_CF2_RI2_TI2_R12__seed721203__it0000303,ts_d003cbc77090b9b88726,CB1_CAUR_L_CF2_RI2_TI2_R12,NEW_ALNS_EXPANSION,L,CF2,2,CANONICAL_FALLBACK,True
CB1_CAUR_L_CF2_RI2_TI2_R12__seed721203__it0000303,ts_fa7c8058df54e6218267,CB1_CAUR_L_CF2_RI2_TI2_R12,NEW_ALNS_EXPANSION,L,CF2,2,PHASE6N_TOP4,False
CB1_CAUR_L_CF2_RI2_TI2_R12__seed721203__it0000358,ts_03bd00230cce27d3bb1c,CB1_CAUR_L_CF2_RI2_TI2_R12,NEW_ALNS_EXPANSION,L,CF2,2,PHASE6N_TOP4,False
CB1_CAUR_L_CF2_RI2_TI2_R12__seed721203__it0000358,ts_1365e9fa3847a885e460,CB1_CAUR_L_CF2_RI2_TI2_R12,NEW_ALNS_EXPANSION,L,CF2,2,CANONICAL_FALLBACK,True
CB1_CAUR_L_CF2_RI2_TI2_R12__seed721203__it0000358,ts_18692e58f3e9c3655d5d,CB1_CAUR_L_CF2_RI2_TI2_R12,NEW_ALNS_EXPANSION,L,CF2,2,PHASE6N_TOP4,False
CB1_CAUR_L_CF2_RI2_TI2_R12__seed721203__it0000358,ts_8311942a54d90f828217,CB1_CAUR_L_CF2_RI2_TI2_R12,NEW_ALNS_EXPANSION,L,CF2,2,PHASE6N_TOP4,False
CB1_CAUR_L_CF2_RI2_TI2_R12__seed721203__it0000358,ts_e5f1af674263604e1f20,CB1_CAUR_L_CF2_RI2_TI2_R12,NEW_ALNS_EXPANSION,L,CF2,2,PHASE6N_TOP4,False
CB1_CAUR_L_CF2_RI2_TI2_R12__seed721203__it0000401,ts_0c4d7b61ac392213b64b,CB1_CAUR_L_CF2_RI2_TI2_R12,NEW_ALNS_EXPANSION,L,CF2,2,PHASE6N_TOP4,False
CB1_CAUR_L_CF2_RI2_TI2_R12__seed721203__it0000401,ts_126a5b4509bcc471c2a6,CB1_CAUR_L_CF2_RI2_TI2_R12,NEW_ALNS_EXPANSION,L,CF2,2,PHASE6N_TOP4,False
CB1_CAUR_L_CF2_RI2_TI2_R12__seed721203__it0000401,ts_5c1be5cc9a4d22b6e3c7,CB1_CAUR_L_CF2_RI2_TI2_R12,NEW_ALNS_EXPANSION,L,CF2,2,PHASE6N_TOP4,False
CB1_CAUR_L_CF2_RI2_TI2_R12__seed721203__it0000401,ts_838a1d1c0e0b84873947,CB1_CAUR_L_CF2_RI2_TI2_R12,NEW_ALNS_EXPANSION,L,CF2,2,PHASE6N_TOP4,False
CB1_CAUR_L_CF2_RI2_TI2_R12__seed721203__it0000401,ts_b715a942daa018b89876,CB1_CAUR_L_CF2_RI2_TI2_R12,NEW_ALNS_EXPANSION,L,CF2,2,CANONICAL_FALLBACK,True
CB1_CAUR_L_CF2_RI2_TI2_R12__seed721204__it0000016,ts_421705006d9102fabbd4,CB1_CAUR_L_CF2_RI2_TI2_R12,NEW_ALNS_EXPANSION,L,CF2,2,PHASE6N_TOP4,False
CB1_CAUR_L_CF2_RI2_TI2_R12__seed721204__it0000016,ts_426a542e9c472492c6bc,CB1_CAUR_L_CF2_RI2_TI2_R12,NEW_ALNS_EXPANSION,L,CF2,2,PHASE6N_TOP4,False
CB1_CAUR_L_CF2_RI2_TI2_R12__seed721204__it0000016,ts_632b4ab5ac0f2428ec7a,CB1_CAUR_L_CF2_RI2_TI2_R12,NEW_ALNS_EXPANSION,L,CF2,2,CANONICAL_FALLBACK,True
CB1_CAUR_L_CF2_RI2_TI2_R12__seed721204__it0000016,ts_6ae184afe16c86b923f0,CB1_CAUR_L_CF2_RI2_TI2_R12,NEW_ALNS_EXPANSION,L,CF2,2,PHASE6N_TOP4,False
CB1_CAUR_L_CF2_RI2_TI2_R12__seed721204__it0000016,ts_9b4509d55750a6deba5e,CB1_CAUR_L_CF2_RI2_TI2_R12,NEW_ALNS_EXPANSION,L,CF2,2,PHASE6N_TOP4,False
CB1_CAUR_L_CF2_RI2_TI2_R12__seed721204__it0000072,ts_b388e419cfdb0508d35e,CB1_CAUR_L_CF2_RI2_TI2_R12,NEW_ALNS_EXPANSION,L,CF2,2,PHASE6N_TOP4,False
CB1_CAUR_L_CF2_RI2_TI2_R12__seed721204__it0000072,ts_dfd2f00aeaa8905c2188,CB1_CAUR_L_CF2_RI2_TI2_R12,NEW_ALNS_EXPANSION,L,CF2,2,PHASE6N_TOP4,False
CB1_CAUR_L_CF2_RI2_TI2_R12__seed721204__it0000072,ts_e5b01afa8b21018ae824,CB1_CAUR_L_CF2_RI2_TI2_R12,NEW_ALNS_EXPANSION,L,CF2,2,CANONICAL_FALLBACK,True
CB1_CAUR_L_CF2_RI2_TI2_R12__seed721204__it0000072,ts_f44eb73cd7e9ff562a31,CB1_CAUR_L_CF2_RI2_TI2_R12,NEW_ALNS_EXPANSION,L,CF2,2,PHASE6N_TOP4,False
CB1_CAUR_L_CF2_RI2_TI2_R12__seed721204__it0000072,ts_f4d6fac3252c8318638f,CB1_CAUR_L_CF2_RI2_TI2_R12,NEW_ALNS_EXPANSION,L,CF2,2,PHASE6N_TOP4,False
CB1_CAUR_L_CF2_RI2_TI2_R12__seed721204__it0000131,ts_2b43c22cce5a5a968a60,CB1_CAUR_L_CF2_RI2_TI2_R12,NEW_ALNS_EXPANSION,L,CF2,2,PHASE6N_TOP4,False
CB1_CAUR_L_CF2_RI2_TI2_R12__seed721204__it0000131,ts_335be6a1edf79083828e,CB1_CAUR_L_CF2_RI2_TI2_R12,NEW_ALNS_EXPANSION,L,CF2,2,CANONICAL_FALLBACK,True
CB1_CAUR_L_CF2_RI2_TI2_R12__seed721204__it0000131,ts_33aa8d2f667536b019f6,CB1_CAUR_L_CF2_RI2_TI2_R12,NEW_ALNS_EXPANSION,L,CF2,2,PHASE6N_TOP4,False
CB1_CAUR_L_CF2_RI2_TI2_R12__seed721204__it0000131,ts_6c727293046d89182d8a,CB1_CAUR_L_CF2_RI2_TI2_R12,NEW_ALNS_EXPANSION,L,CF2,2,PHASE6N_TOP4,False
CB1_CAUR_L_CF2_RI2_TI2_R12__seed721204__it0000131,ts_c8d798d52e3e1f43270c,CB1_CAUR_L_CF2_RI2_TI2_R12,NEW_ALNS_EXPANSION,L,CF2,2,PHASE6N_TOP4,False
CB1_CAUR_L_CF2_RI2_TI2_R12__seed721204__it0000186,ts_0cfbb187f1ec187e8f2b,CB1_CAUR_L_CF2_RI2_TI2_R12,NEW_ALNS_EXPANSION,L,CF2,2,PHASE6N_TOP4,False
CB1_CAUR_L_CF2_RI2_TI2_R12__seed721204__it0000186,ts_96f91456816e5d781cbb,CB1_CAUR_L_CF2_RI2_TI2_R12,NEW_ALNS_EXPANSION,L,CF2,2,PHASE6N_TOP4,False
CB1_CAUR_L_CF2_RI2_TI2_R12__seed721204__it0000186,ts_a6977f370986ddaaad53,CB1_CAUR_L_CF2_RI2_TI2_R12,NEW_ALNS_EXPANSION,L,CF2,2,PHASE6N_TOP4,False
CB1_CAUR_L_CF2_RI2_TI2_R12__seed721204__it0000186,ts_be272b60f5cca2ca39ce,CB1_CAUR_L_CF2_RI2_TI2_R12,NEW_ALNS_EXPANSION,L,CF2,2,PHASE6N_TOP4,False
CB1_CAUR_L_CF2_RI2_TI2_R12__seed721204__it0000186,ts_f7efcf2c591fbaba2d3f,CB1_CAUR_L_CF2_RI2_TI2_R12,NEW_ALNS_EXPANSION,L,CF2,2,CANONICAL_FALLBACK,True
CB1_CAUR_L_CF2_RI2_TI2_R12__seed721204__it0000241,ts_79df370243a8836ff15f,CB1_CAUR_L_CF2_RI2_TI2_R12,NEW_ALNS_EXPANSION,L,CF2,2,PHASE6N_TOP4,False
CB1_CAUR_L_CF2_RI2_TI2_R12__seed721204__it0000241,ts_8a83d5181e1dd7d3a5f7,CB1_CAUR_L_CF2_RI2_TI2_R12,NEW_ALNS_EXPANSION,L,CF2,2,PHASE6N_TOP4,False
CB1_CAUR_L_CF2_RI2_TI2_R12__seed721204__it0000241,ts_972112051c6598fc6058,CB1_CAUR_L_CF2_RI2_TI2_R12,NEW_ALNS_EXPANSION,L,CF2,2,PHASE6N_TOP4,False
CB1_CAUR_L_CF2_RI2_TI2_R12__seed721204__it0000241,ts_a5fc79da4b2926c4b2f5,CB1_CAUR_L_CF2_RI2_TI2_R12,NEW_ALNS_EXPANSION,L,CF2,2,PHASE6N_TOP4,False
CB1_CAUR_L_CF2_RI2_TI2_R12__seed721204__it0000241,ts_afcf7c228256348d97b4,CB1_CAUR_L_CF2_RI2_TI2_R12,NEW_ALNS_EXPANSION,L,CF2,2,CANONICAL_FALLBACK,True
CB1_CAUR_L_CF2_RI2_TI2_R12__seed721204__it0000301,ts_029b6b720418aeed87c3,CB1_CAUR_L_CF2_RI2_TI2_R12,NEW_ALNS_EXPANSION,L,CF2,2,PHASE6N_TOP4,False
CB1_CAUR_L_CF2_RI2_TI2_R12__seed721204__it0000301,ts_1d8b7d5e240403c5bd04,CB1_CAUR_L_CF2_RI2_TI2_R12,NEW_ALNS_EXPANSION,L,CF2,2,CANONICAL_FALLBACK,True
CB1_CAUR_L_CF2_RI2_TI2_R12__seed721204__it0000301,ts_580d9b2f7a195d592c40,CB1_CAUR_L_CF2_RI2_TI2_R12,NEW_ALNS_EXPANSION,L,CF2,2,PHASE6N_TOP4,False
CB1_CAUR_L_CF2_RI2_TI2_R12__seed721204__it0000301,ts_a22112b49d402933a2e1,CB1_CAUR_L_CF2_RI2_TI2_R12,NEW_ALNS_EXPANSION,L,CF2,2,PHASE6N_TOP4,False
CB1_CAUR_L_CF2_RI2_TI2_R12__seed721204__it0000301,ts_dba47936ec6e43f6b345,CB1_CAUR_L_CF2_RI2_TI2_R12,NEW_ALNS_EXPANSION,L,CF2,2,PHASE6N_TOP4,False
CB1_CAUR_L_CF2_RI2_TI2_R12__seed721204__it0000357,ts_5d6ad6644f7731db9f93,CB1_CAUR_L_CF2_RI2_TI2_R12,NEW_ALNS_EXPANSION,L,CF2,2,PHASE6N_TOP4,False
CB1_CAUR_L_CF2_RI2_TI2_R12__seed721204__it0000357,ts_756d5fcc0756bc15c0ef,CB1_CAUR_L_CF2_RI2_TI2_R12,NEW_ALNS_EXPANSION,L,CF2,2,CANONICAL_FALLBACK,True
CB1_CAUR_L_CF2_RI2_TI2_R12__seed721204__it0000357,ts_80e47007859b55d4b6a9,CB1_CAUR_L_CF2_RI2_TI2_R12,NEW_ALNS_EXPANSION,L,CF2,2,PHASE6N_TOP4,False
CB1_CAUR_L_CF2_RI2_TI2_R12__seed721204__it0000357,ts_998b19afea0be4bee870,CB1_CAUR_L_CF2_RI2_TI2_R12,NEW_ALNS_EXPANSION,L,CF2,2,PHASE6N_TOP4,False
CB1_CAUR_L_CF2_RI2_TI2_R12__seed721204__it0000357,ts_ee8fd7a8b9bc677d6744,CB1_CAUR_L_CF2_RI2_TI2_R12,NEW_ALNS_EXPANSION,L,CF2,2,PHASE6N_TOP4,False
CB1_CAUR_L_CF2_RI2_TI2_R12__seed721204__it0000399,ts_098cc1d370737bfa6a5f,CB1_CAUR_L_CF2_RI2_TI2_R12,NEW_ALNS_EXPANSION,L,CF2,2,PHASE6N_TOP4,False
CB1_CAUR_L_CF2_RI2_TI2_R12__seed721204__it0000399,ts_57ebb0ef699b45e21b94,CB1_CAUR_L_CF2_RI2_TI2_R12,NEW_ALNS_EXPANSION,L,CF2,2,PHASE6N_TOP4,False
CB1_CAUR_L_CF2_RI2_TI2_R12__seed721204__it0000399,ts_646bda7198b1d1f6c130,CB1_CAUR_L_CF2_RI2_TI2_R12,NEW_ALNS_EXPANSION,L,CF2,2,CANONICAL_FALLBACK,True
CB1_CAUR_L_CF2_RI2_TI2_R12__seed721204__it0000399,ts_d1f70a27a94df0b5f9ed,CB1_CAUR_L_CF2_RI2_TI2_R12,NEW_ALNS_EXPANSION,L,CF2,2,PHASE6N_TOP4,False
CB1_CAUR_L_CF2_RI2_TI2_R12__seed721204__it0000399,ts_d4d41c75febd394064bf,CB1_CAUR_L_CF2_RI2_TI2_R12,NEW_ALNS_EXPANSION,L,CF2,2,PHASE6N_TOP4,False
CB1_CAUR_L_CF3_RI2_TI2_R12_C02__seed691201__it0000010,ts_151ac97b790e6610adf4,CB1_CAUR_L_CF3_RI2_TI2_R12_C02,ORIGINAL_PHASE6J_CAUR,L,CF3,0,PHASE6L_TOP4|PHASE6N_TOP4,False
CB1_CAUR_L_CF3_RI2_TI2_R12_C02__seed691201__it0000010,ts_4382cc5674bf6c42a933,CB1_CAUR_L_CF3_RI2_TI2_R12_C02,ORIGINAL_PHASE6J_CAUR,L,CF3,0,PHASE6L_TOP4|PHASE6N_TOP4,False
CB1_CAUR_L_CF3_RI2_TI2_R12_C02__seed691201__it0000010,ts_a353aa16fb2ebdc73bdc,CB1_CAUR_L_CF3_RI2_TI2_R12_C02,ORIGINAL_PHASE6J_CAUR,L,CF3,0,PHASE6L_TOP4|PHASE6N_TOP4,False
CB1_CAUR_L_CF3_RI2_TI2_R12_C02__seed691201__it0000010,ts_ead692a667e6249f7114,CB1_CAUR_L_CF3_RI2_TI2_R12_C02,ORIGINAL_PHASE6J_CAUR,L,CF3,0,PHASE6L_TOP4,False
CB1_CAUR_L_CF3_RI2_TI2_R12_C02__seed691201__it0000010,ts_ec608eaa8042154b6002,CB1_CAUR_L_CF3_RI2_TI2_R12_C02,ORIGINAL_PHASE6J_CAUR,L,CF3,0,CANONICAL_FALLBACK,True
CB1_CAUR_L_CF3_RI2_TI2_R12_C02__seed691201__it0000010,ts_fc7dc5ae086c7edde43d,CB1_CAUR_L_CF3_RI2_TI2_R12_C02,ORIGINAL_PHASE6J_CAUR,L,CF3,0,PHASE6N_TOP4,False
CB1_CAUR_L_CF3_RI2_TI2_R12_C02__seed691201__it0000046,ts_04ad5318db0529efdf08,CB1_CAUR_L_CF3_RI2_TI2_R12_C02,ORIGINAL_PHASE6J_CAUR,L,CF3,0,PHASE6L_TOP4,False
CB1_CAUR_L_CF3_RI2_TI2_R12_C02__seed691201__it0000046,ts_06825a82eeb1bf69d795,CB1_CAUR_L_CF3_RI2_TI2_R12_C02,ORIGINAL_PHASE6J_CAUR,L,CF3,0,PHASE6N_TOP4,False
CB1_CAUR_L_CF3_RI2_TI2_R12_C02__seed691201__it0000046,ts_514f1834f16823c671ba,CB1_CAUR_L_CF3_RI2_TI2_R12_C02,ORIGINAL_PHASE6J_CAUR,L,CF3,0,PHASE6N_TOP4,False
CB1_CAUR_L_CF3_RI2_TI2_R12_C02__seed691201__it0000046,ts_5215542e376eed83e110,CB1_CAUR_L_CF3_RI2_TI2_R12_C02,ORIGINAL_PHASE6J_CAUR,L,CF3,0,PHASE6L_TOP4,False
CB1_CAUR_L_CF3_RI2_TI2_R12_C02__seed691201__it0000046,ts_63c18fab6672ebdaf42f,CB1_CAUR_L_CF3_RI2_TI2_R12_C02,ORIGINAL_PHASE6J_CAUR,L,CF3,0,PHASE6L_TOP4|PHASE6N_TOP4,False
CB1_CAUR_L_CF3_RI2_TI2_R12_C02__seed691201__it0000046,ts_b0126c869cd905379a89,CB1_CAUR_L_CF3_RI2_TI2_R12_C02,ORIGINAL_PHASE6J_CAUR,L,CF3,0,CANONICAL_FALLBACK,True
CB1_CAUR_L_CF3_RI2_TI2_R12_C02__seed691201__it0000046,ts_def9593a811f3695e92c,CB1_CAUR_L_CF3_RI2_TI2_R12_C02,ORIGINAL_PHASE6J_CAUR,L,CF3,0,PHASE6L_TOP4,False
CB1_CAUR_L_CF3_RI2_TI2_R12_C02__seed691201__it0000046,ts_f9dc2dd610cfe8e15264,CB1_CAUR_L_CF3_RI2_TI2_R12_C02,ORIGINAL_PHASE6J_CAUR,L,CF3,0,PHASE6N_TOP4,False
CB1_CAUR_L_CF3_RI2_TI2_R12_C02__seed691201__it0000085,ts_28a4471116c38da3848d,CB1_CAUR_L_CF3_RI2_TI2_R12_C02,ORIGINAL_PHASE6J_CAUR,L,CF3,0,PHASE6N_TOP4,False
CB1_CAUR_L_CF3_RI2_TI2_R12_C02__seed691201__it0000085,ts_30db5f53dfe45b4bf81f,CB1_CAUR_L_CF3_RI2_TI2_R12_C02,ORIGINAL_PHASE6J_CAUR,L,CF3,0,PHASE6L_TOP4,False
CB1_CAUR_L_CF3_RI2_TI2_R12_C02__seed691201__it0000085,ts_4f34c167520d34467455,CB1_CAUR_L_CF3_RI2_TI2_R12_C02,ORIGINAL_PHASE6J_CAUR,L,CF3,0,PHASE6L_TOP4|PHASE6N_TOP4,False
CB1_CAUR_L_CF3_RI2_TI2_R12_C02__seed691201__it0000085,ts_64148d0ad94162613c47,CB1_CAUR_L_CF3_RI2_TI2_R12_C02,ORIGINAL_PHASE6J_CAUR,L,CF3,0,CANONICAL_FALLBACK,True
CB1_CAUR_L_CF3_RI2_TI2_R12_C02__seed691201__it0000085,ts_7b7798d190feb7d06126,CB1_CAUR_L_CF3_RI2_TI2_R12_C02,ORIGINAL_PHASE6J_CAUR,L,CF3,0,PHASE6L_TOP4|PHASE6N_TOP4,False
CB1_CAUR_L_CF3_RI2_TI2_R12_C02__seed691201__it0000085,ts_b16bbe31f89c189cecf1,CB1_CAUR_L_CF3_RI2_TI2_R12_C02,ORIGINAL_PHASE6J_CAUR,L,CF3,0,PHASE6L_TOP4|PHASE6N_TOP4,False
CB1_CAUR_L_CF3_RI2_TI2_R12_C02__seed691201__it0000121,ts_84333c76d669f7e91c09,CB1_CAUR_L_CF3_RI2_TI2_R12_C02,ORIGINAL_PHASE6J_CAUR,L,CF3,0,CANONICAL_FALLBACK,True
CB1_CAUR_L_CF3_RI2_TI2_R12_C02__seed691201__it0000121,ts_9be7f556fea37b1f3a81,CB1_CAUR_L_CF3_RI2_TI2_R12_C02,ORIGINAL_PHASE6J_CAUR,L,CF3,0,PHASE6N_TOP4,False
CB1_CAUR_L_CF3_RI2_TI2_R12_C02__seed691201__it0000121,ts_9c92e67a3aef67b5329f,CB1_CAUR_L_CF3_RI2_TI2_R12_C02,ORIGINAL_PHASE6J_CAUR,L,CF3,0,PHASE6L_TOP4|PHASE6N_TOP4,False
CB1_CAUR_L_CF3_RI2_TI2_R12_C02__seed691201__it0000121,ts_d514ea46abca121c56b6,CB1_CAUR_L_CF3_RI2_TI2_R12_C02,ORIGINAL_PHASE6J_CAUR,L,CF3,0,PHASE6L_TOP4|PHASE6N_TOP4,False
CB1_CAUR_L_CF3_RI2_TI2_R12_C02__seed691201__it0000121,ts_e868e14859460d124265,CB1_CAUR_L_CF3_RI2_TI2_R12_C02,ORIGINAL_PHASE6J_CAUR,L,CF3,0,PHASE6L_TOP4,False
CB1_CAUR_L_CF3_RI2_TI2_R12_C02__seed691201__it0000121,ts_e95081fd72d0257b68e0,CB1_CAUR_L_CF3_RI2_TI2_R12_C02,ORIGINAL_PHASE6J_CAUR,L,CF3,0,PHASE6N_TOP4,False
CB1_CAUR_L_CF3_RI2_TI2_R12_C02__seed691201__it0000121,ts_e9e6add1f9758d72277e,CB1_CAUR_L_CF3_RI2_TI2_R12_C02,ORIGINAL_PHASE6J_CAUR,L,CF3,0,PHASE6L_TOP4,False
CB1_CAUR_L_CF3_RI2_TI2_R12_C02__seed691201__it0000156,ts_83301f0a15c2861befef,CB1_CAUR_L_CF3_RI2_TI2_R12_C02,ORIGINAL_PHASE6J_CAUR,L,CF3,0,PHASE6L_TOP4,False
CB1_CAUR_L_CF3_RI2_TI2_R12_C02__seed691201__it0000156,ts_94ef7600bd1f4543978e,CB1_CAUR_L_CF3_RI2_TI2_R12_C02,ORIGINAL_PHASE6J_CAUR,L,CF3,0,PHASE6L_TOP4|PHASE6N_TOP4,False
CB1_CAUR_L_CF3_RI2_TI2_R12_C02__seed691201__it0000156,ts_9e489a92f7f8d31a6baa,CB1_CAUR_L_CF3_RI2_TI2_R12_C02,ORIGINAL_PHASE6J_CAUR,L,CF3,0,CANONICAL_FALLBACK|PHASE6L_TOP4,True
CB1_CAUR_L_CF3_RI2_TI2_R12_C02__seed691201__it0000156,ts_d81a090d603e8835df71,CB1_CAUR_L_CF3_RI2_TI2_R12_C02,ORIGINAL_PHASE6J_CAUR,L,CF3,0,PHASE6N_TOP4,False
CB1_CAUR_L_CF3_RI2_TI2_R12_C02__seed691201__it0000156,ts_e2f7eb582138424fe913,CB1_CAUR_L_CF3_RI2_TI2_R12_C02,ORIGINAL_PHASE6J_CAUR,L,CF3,0,PHASE6N_TOP4,False
CB1_CAUR_L_CF3_RI2_TI2_R12_C02__seed691201__it0000156,ts_fe61ec2977ab9b59fde1,CB1_CAUR_L_CF3_RI2_TI2_R12_C02,ORIGINAL_PHASE6J_CAUR,L,CF3,0,PHASE6L_TOP4|PHASE6N_TOP4,False
CB1_CAUR_L_CF3_RI2_TI2_R12_C02__seed691201__it0000195,ts_0312d95e17754959d426,CB1_CAUR_L_CF3_RI2_TI2_R12_C02,ORIGINAL_PHASE6J_CAUR,L,CF3,0,PHASE6L_TOP4|PHASE6N_TOP4,False
CB1_CAUR_L_CF3_RI2_TI2_R12_C02__seed691201__it0000195,ts_2564bcba28bed6b18c88,CB1_CAUR_L_CF3_RI2_TI2_R12_C02,ORIGINAL_PHASE6J_CAUR,L,CF3,0,CANONICAL_FALLBACK,True
CB1_CAUR_L_CF3_RI2_TI2_R12_C02__seed691201__it0000195,ts_94b209ed5dc95e57dfcb,CB1_CAUR_L_CF3_RI2_TI2_R12_C02,ORIGINAL_PHASE6J_CAUR,L,CF3,0,PHASE6L_TOP4,False
CB1_CAUR_L_CF3_RI2_TI2_R12_C02__seed691201__it0000195,ts_d00314005611ecc4c519,CB1_CAUR_L_CF3_RI2_TI2_R12_C02,ORIGINAL_PHASE6J_CAUR,L,CF3,0,PHASE6N_TOP4,False
CB1_CAUR_L_CF3_RI2_TI2_R12_C02__seed691201__it0000195,ts_d085867116b296847692,CB1_CAUR_L_CF3_RI2_TI2_R12_C02,ORIGINAL_PHASE6J_CAUR,L,CF3,0,PHASE6L_TOP4|PHASE6N_TOP4,False
CB1_CAUR_L_CF3_RI2_TI2_R12_C02__seed691201__it0000195,ts_e8836583b1ee6955b623,CB1_CAUR_L_CF3_RI2_TI2_R12_C02,ORIGINAL_PHASE6J_CAUR,L,CF3,0,PHASE6L_TOP4,False
CB1_CAUR_L_CF3_RI2_TI2_R12_C02__seed691201__it0000195,ts_fd1f84e5ed40fa556d28,CB1_CAUR_L_CF3_RI2_TI2_R12_C02,ORIGINAL_PHASE6J_CAUR,L,CF3,0,PHASE6N_TOP4,False
CB1_CAUR_L_CF3_RI2_TI2_R12_C02__seed691201__it0000230,ts_47484304dcbba599a896,CB1_CAUR_L_CF3_RI2_TI2_R12_C02,ORIGINAL_PHASE6J_CAUR,L,CF3,0,PHASE6L_TOP4,False
CB1_CAUR_L_CF3_RI2_TI2_R12_C02__seed691201__it0000230,ts_9543a68bbe7a0140f777,CB1_CAUR_L_CF3_RI2_TI2_R12_C02,ORIGINAL_PHASE6J_CAUR,L,CF3,0,PHASE6N_TOP4,False
CB1_CAUR_L_CF3_RI2_TI2_R12_C02__seed691201__it0000230,ts_9dd9637c1d60b58c5256,CB1_CAUR_L_CF3_RI2_TI2_R12_C02,ORIGINAL_PHASE6J_CAUR,L,CF3,0,CANONICAL_FALLBACK|PHASE6N_TOP4,True
CB1_CAUR_L_CF3_RI2_TI2_R12_C02__seed691201__it0000230,ts_b8a9c1bcbbc1062f5bae,CB1_CAUR_L_CF3_RI2_TI2_R12_C02,ORIGINAL_PHASE6J_CAUR,L,CF3,0,PHASE6L_TOP4,False
CB1_CAUR_L_CF3_RI2_TI2_R12_C02__seed691201__it0000230,ts_bd3662aef12ff22ac7a4,CB1_CAUR_L_CF3_RI2_TI2_R12_C02,ORIGINAL_PHASE6J_CAUR,L,CF3,0,PHASE6N_TOP4,False
CB1_CAUR_L_CF3_RI2_TI2_R12_C02__seed691201__it0000230,ts_c8f7024b06afbfdc4ad2,CB1_CAUR_L_CF3_RI2_TI2_R12_C02,ORIGINAL_PHASE6J_CAUR,L,CF3,0,PHASE6L_TOP4,False
CB1_CAUR_L_CF3_RI2_TI2_R12_C02__seed691201__it0000230,ts_ce1f81cbe389590b5609,CB1_CAUR_L_CF3_RI2_TI2_R12_C02,ORIGINAL_PHASE6J_CAUR,L,CF3,0,PHASE6L_TOP4,False
CB1_CAUR_L_CF3_RI2_TI2_R12_C02__seed691201__it0000230,ts_ded3f8f2c77cdf98c3ac,CB1_CAUR_L_CF3_RI2_TI2_R12_C02,ORIGINAL_PHASE6J_CAUR,L,CF3,0,PHASE6N_TOP4,False
CB1_CAUR_L_CF3_RI2_TI2_R12_C02__seed691201__it0000258,ts_00b1079f5690306655f8,CB1_CAUR_L_CF3_RI2_TI2_R12_C02,ORIGINAL_PHASE6J_CAUR,L,CF3,0,CANONICAL_FALLBACK,True
CB1_CAUR_L_CF3_RI2_TI2_R12_C02__seed691201__it0000258,ts_03322af485a7e09027e5,CB1_CAUR_L_CF3_RI2_TI2_R12_C02,ORIGINAL_PHASE6J_CAUR,L,CF3,0,PHASE6L_TOP4|PHASE6N_TOP4,False
CB1_CAUR_L_CF3_RI2_TI2_R12_C02__seed691201__it0000258,ts_23424e214ffe064760de,CB1_CAUR_L_CF3_RI2_TI2_R12_C02,ORIGINAL_PHASE6J_CAUR,L,CF3,0,PHASE6L_TOP4,False
CB1_CAUR_L_CF3_RI2_TI2_R12_C02__seed691201__it0000258,ts_41d75566b08aef87ccaa,CB1_CAUR_L_CF3_RI2_TI2_R12_C02,ORIGINAL_PHASE6J_CAUR,L,CF3,0,PHASE6L_TOP4|PHASE6N_TOP4,False
CB1_CAUR_L_CF3_RI2_TI2_R12_C02__seed691201__it0000258,ts_485b8177ea914e946ddb,CB1_CAUR_L_CF3_RI2_TI2_R12_C02,ORIGINAL_PHASE6J_CAUR,L,CF3,0,PHASE6N_TOP4,False
CB1_CAUR_L_CF3_RI2_TI2_R12_C02__seed691201__it0000258,ts_813f99cc34d901203aaf,CB1_CAUR_L_CF3_RI2_TI2_R12_C02,ORIGINAL_PHASE6J_CAUR,L,CF3,0,PHASE6N_TOP4,False
CB1_CAUR_L_CF3_RI2_TI2_R12_C02__seed691201__it0000258,ts_aa12f7da2d4c69be15f7,CB1_CAUR_L_CF3_RI2_TI2_R12_C02,ORIGINAL_PHASE6J_CAUR,L,CF3,0,PHASE6L_TOP4,False
CB1_CAUR_L_CF3_RI2_TI2_R12_C02__seed691202__it0000010,ts_00fbcecb852cae04cc39,CB1_CAUR_L_CF3_RI2_TI2_R12_C02,ORIGINAL_PHASE6J_CAUR,L,CF3,0,PHASE6L_TOP4,False
CB1_CAUR_L_CF3_RI2_TI2_R12_C02__seed691202__it0000010,ts_03e2d49938cd834459ee,CB1_CAUR_L_CF3_RI2_TI2_R12_C02,ORIGINAL_PHASE6J_CAUR,L,CF3,0,PHASE6L_TOP4,False
CB1_CAUR_L_CF3_RI2_TI2_R12_C02__seed691202__it0000010,ts_2d0e4b7edd61a480a9b2,CB1_CAUR_L_CF3_RI2_TI2_R12_C02,ORIGINAL_PHASE6J_CAUR,L,CF3,0,CANONICAL_FALLBACK,True
CB1_CAUR_L_CF3_RI2_TI2_R12_C02__seed691202__it0000010,ts_382f4dd48f630c1a3927,CB1_CAUR_L_CF3_RI2_TI2_R12_C02,ORIGINAL_PHASE6J_CAUR,L,CF3,0,PHASE6N_TOP4,False
CB1_CAUR_L_CF3_RI2_TI2_R12_C02__seed691202__it0000010,ts_c4cdf27e45546f9b711c,CB1_CAUR_L_CF3_RI2_TI2_R12_C02,ORIGINAL_PHASE6J_CAUR,L,CF3,0,PHASE6L_TOP4|PHASE6N_TOP4,False
CB1_CAUR_L_CF3_RI2_TI2_R12_C02__seed691202__it0000010,ts_c4d64d04274e204d7868,CB1_CAUR_L_CF3_RI2_TI2_R12_C02,ORIGINAL_PHASE6J_CAUR,L,CF3,0,PHASE6L_TOP4,False
CB1_CAUR_L_CF3_RI2_TI2_R12_C02__seed691202__it0000010,ts_c714ecdbd889937907f8,CB1_CAUR_L_CF3_RI2_TI2_R12_C02,ORIGINAL_PHASE6J_CAUR,L,CF3,0,PHASE6N_TOP4,False
CB1_CAUR_L_CF3_RI2_TI2_R12_C02__seed691202__it0000010,ts_cd01ddf72dfecdbaa68d,CB1_CAUR_L_CF3_RI2_TI2_R12_C02,ORIGINAL_PHASE6J_CAUR,L,CF3,0,PHASE6N_TOP4,False
CB1_CAUR_L_CF3_RI2_TI2_R12_C02__seed691202__it0000046,ts_4bd867e587a2f3e3fbf2,CB1_CAUR_L_CF3_RI2_TI2_R12_C02,ORIGINAL_PHASE6J_CAUR,L,CF3,0,PHASE6L_TOP4|PHASE6N_TOP4,False
CB1_CAUR_L_CF3_RI2_TI2_R12_C02__seed691202__it0000046,ts_7f772ec043da1643e4d2,CB1_CAUR_L_CF3_RI2_TI2_R12_C02,ORIGINAL_PHASE6J_CAUR,L,CF3,0,PHASE6L_TOP4|PHASE6N_TOP4,False
CB1_CAUR_L_CF3_RI2_TI2_R12_C02__seed691202__it0000046,ts_a3c07d3712c04985d6b3,CB1_CAUR_L_CF3_RI2_TI2_R12_C02,ORIGINAL_PHASE6J_CAUR,L,CF3,0,CANONICAL_FALLBACK,True
CB1_CAUR_L_CF3_RI2_TI2_R12_C02__seed691202__it0000046,ts_b0a57eceadc5fb71c4e0,CB1_CAUR_L_CF3_RI2_TI2_R12_C02,ORIGINAL_PHASE6J_CAUR,L,CF3,0,PHASE6L_TOP4|PHASE6N_TOP4,False
CB1_CAUR_L_CF3_RI2_TI2_R12_C02__seed691202__it0000046,ts_cecffc06de6743364087,CB1_CAUR_L_CF3_RI2_TI2_R12_C02,ORIGINAL_PHASE6J_CAUR,L,CF3,0,PHASE6L_TOP4|PHASE6N_TOP4,False
CB1_CAUR_L_CF3_RI2_TI2_R12_C02__seed691202__it0000084,ts_030ed1c5eb1c3b7a7a4f,CB1_CAUR_L_CF3_RI2_TI2_R12_C02,ORIGINAL_PHASE6J_CAUR,L,CF3,0,PHASE6N_TOP4,False
CB1_CAUR_L_CF3_RI2_TI2_R12_C02__seed691202__it0000084,ts_1bd8d08be1e685c7fa13,CB1_CAUR_L_CF3_RI2_TI2_R12_C02,ORIGINAL_PHASE6J_CAUR,L,CF3,0,PHASE6N_TOP4,False
CB1_CAUR_L_CF3_RI2_TI2_R12_C02__seed691202__it0000084,ts_3accb4373363f01a76a4,CB1_CAUR_L_CF3_RI2_TI2_R12_C02,ORIGINAL_PHASE6J_CAUR,L,CF3,0,PHASE6L_TOP4|PHASE6N_TOP4,False
CB1_CAUR_L_CF3_RI2_TI2_R12_C02__seed691202__it0000084,ts_7f4dcbf4ad4368fb46cd,CB1_CAUR_L_CF3_RI2_TI2_R12_C02,ORIGINAL_PHASE6J_CAUR,L,CF3,0,PHASE6L_TOP4,False
CB1_CAUR_L_CF3_RI2_TI2_R12_C02__seed691202__it0000084,ts_81eb5200b33c06dea660,CB1_CAUR_L_CF3_RI2_TI2_R12_C02,ORIGINAL_PHASE6J_CAUR,L,CF3,0,CANONICAL_FALLBACK,True
CB1_CAUR_L_CF3_RI2_TI2_R12_C02__seed691202__it0000084,ts_ed86de795196c84250ec,CB1_CAUR_L_CF3_RI2_TI2_R12_C02,ORIGINAL_PHASE6J_CAUR,L,CF3,0,PHASE6L_TOP4|PHASE6N_TOP4,False
CB1_CAUR_L_CF3_RI2_TI2_R12_C02__seed691202__it0000084,ts_f883b5e0a0b7e83961ac,CB1_CAUR_L_CF3_RI2_TI2_R12_C02,ORIGINAL_PHASE6J_CAUR,L,CF3,0,PHASE6L_TOP4,False
CB1_CAUR_L_CF3_RI2_TI2_R12_C02__seed691202__it0000120,ts_27b9bf0aea9588d1f37c,CB1_CAUR_L_CF3_RI2_TI2_R12_C02,ORIGINAL_PHASE6J_CAUR,L,CF3,0,PHASE6L_TOP4|PHASE6N_TOP4,False
CB1_CAUR_L_CF3_RI2_TI2_R12_C02__seed691202__it0000120,ts_86ebc6354eb4638b6357,CB1_CAUR_L_CF3_RI2_TI2_R12_C02,ORIGINAL_PHASE6J_CAUR,L,CF3,0,PHASE6L_TOP4|PHASE6N_TOP4,False
CB1_CAUR_L_CF3_RI2_TI2_R12_C02__seed691202__it0000120,ts_895d6eff74743296d8eb,CB1_CAUR_L_CF3_RI2_TI2_R12_C02,ORIGINAL_PHASE6J_CAUR,L,CF3,0,PHASE6N_TOP4,False
CB1_CAUR_L_CF3_RI2_TI2_R12_C02__seed691202__it0000120,ts_9f12e8faae2034069e12,CB1_CAUR_L_CF3_RI2_TI2_R12_C02,ORIGINAL_PHASE6J_CAUR,L,CF3,0,PHASE6L_TOP4|PHASE6N_TOP4,False
CB1_CAUR_L_CF3_RI2_TI2_R12_C02__seed691202__it0000120,ts_c2f2ec4e587c6ebd24dc,CB1_CAUR_L_CF3_RI2_TI2_R12_C02,ORIGINAL_PHASE6J_CAUR,L,CF3,0,CANONICAL_FALLBACK,True
CB1_CAUR_L_CF3_RI2_TI2_R12_C02__seed691202__it0000120,ts_c76ea813402ea14a387e,CB1_CAUR_L_CF3_RI2_TI2_R12_C02,ORIGINAL_PHASE6J_CAUR,L,CF3,0,PHASE6L_TOP4,False
CB1_CAUR_L_CF3_RI2_TI2_R12_C02__seed691202__it0000156,ts_803fdca31cf64b0e60f8,CB1_CAUR_L_CF3_RI2_TI2_R12_C02,ORIGINAL_PHASE6J_CAUR,L,CF3,0,PHASE6L_TOP4|PHASE6N_TOP4,False
CB1_CAUR_L_CF3_RI2_TI2_R12_C02__seed691202__it0000156,ts_90c34ee3a82c0e4398a9,CB1_CAUR_L_CF3_RI2_TI2_R12_C02,ORIGINAL_PHASE6J_CAUR,L,CF3,0,PHASE6L_TOP4|PHASE6N_TOP4,False
CB1_CAUR_L_CF3_RI2_TI2_R12_C02__seed691202__it0000156,ts_ab67e2077681d2098e12,CB1_CAUR_L_CF3_RI2_TI2_R12_C02,ORIGINAL_PHASE6J_CAUR,L,CF3,0,PHASE6L_TOP4|PHASE6N_TOP4,False
CB1_CAUR_L_CF3_RI2_TI2_R12_C02__seed691202__it0000156,ts_beccd271a9cf38b6c1b3,CB1_CAUR_L_CF3_RI2_TI2_R12_C02,ORIGINAL_PHASE6J_CAUR,L,CF3,0,CANONICAL_FALLBACK,True
CB1_CAUR_L_CF3_RI2_TI2_R12_C02__seed691202__it0000156,ts_dc01f25b3e2f728399e1,CB1_CAUR_L_CF3_RI2_TI2_R12_C02,ORIGINAL_PHASE6J_CAUR,L,CF3,0,PHASE6L_TOP4|PHASE6N_TOP4,False
CB1_CAUR_L_CF3_RI2_TI2_R12_C02__seed691202__it0000193,ts_0efd8e7bcc52c3cfbf92,CB1_CAUR_L_CF3_RI2_TI2_R12_C02,ORIGINAL_PHASE6J_CAUR,L,CF3,0,PHASE6L_TOP4|PHASE6N_TOP4,False
CB1_CAUR_L_CF3_RI2_TI2_R12_C02__seed691202__it0000193,ts_22e0f6dd4e609dd55d23,CB1_CAUR_L_CF3_RI2_TI2_R12_C02,ORIGINAL_PHASE6J_CAUR,L,CF3,0,PHASE6L_TOP4,False
CB1_CAUR_L_CF3_RI2_TI2_R12_C02__seed691202__it0000193,ts_3670a2cbb5b9b4fe72f9,CB1_CAUR_L_CF3_RI2_TI2_R12_C02,ORIGINAL_PHASE6J_CAUR,L,CF3,0,PHASE6N_TOP4,False
CB1_CAUR_L_CF3_RI2_TI2_R12_C02__seed691202__it0000193,ts_62987604782c454f3321,CB1_CAUR_L_CF3_RI2_TI2_R12_C02,ORIGINAL_PHASE6J_CAUR,L,CF3,0,PHASE6L_TOP4,False
CB1_CAUR_L_CF3_RI2_TI2_R12_C02__seed691202__it0000193,ts_dc79839a3b26e2b2b7f0,CB1_CAUR_L_CF3_RI2_TI2_R12_C02,ORIGINAL_PHASE6J_CAUR,L,CF3,0,PHASE6L_TOP4|PHASE6N_TOP4,False
CB1_CAUR_L_CF3_RI2_TI2_R12_C02__seed691202__it0000193,ts_ef3093bb459bfc39d65f,CB1_CAUR_L_CF3_RI2_TI2_R12_C02,ORIGINAL_PHASE6J_CAUR,L,CF3,0,CANONICAL_FALLBACK|PHASE6N_TOP4,True
CB1_CAUR_L_CF3_RI2_TI2_R12_C02__seed691202__it0000228,ts_6d287ad0d1eb6d6678f2,CB1_CAUR_L_CF3_RI2_TI2_R12_C02,ORIGINAL_PHASE6J_CAUR,L,CF3,0,PHASE6L_TOP4,False
CB1_CAUR_L_CF3_RI2_TI2_R12_C02__seed691202__it0000228,ts_6e52550009d8d116334a,CB1_CAUR_L_CF3_RI2_TI2_R12_C02,ORIGINAL_PHASE6J_CAUR,L,CF3,0,PHASE6L_TOP4,False
CB1_CAUR_L_CF3_RI2_TI2_R12_C02__seed691202__it0000228,ts_8b8f4ae00ce30f968c4e,CB1_CAUR_L_CF3_RI2_TI2_R12_C02,ORIGINAL_PHASE6J_CAUR,L,CF3,0,PHASE6L_TOP4|PHASE6N_TOP4,False
CB1_CAUR_L_CF3_RI2_TI2_R12_C02__seed691202__it0000228,ts_9045ac1257eb0e8c4e88,CB1_CAUR_L_CF3_RI2_TI2_R12_C02,ORIGINAL_PHASE6J_CAUR,L,CF3,0,PHASE6N_TOP4,False
CB1_CAUR_L_CF3_RI2_TI2_R12_C02__seed691202__it0000228,ts_adc0df308d8e4e974828,CB1_CAUR_L_CF3_RI2_TI2_R12_C02,ORIGINAL_PHASE6J_CAUR,L,CF3,0,CANONICAL_FALLBACK,True
CB1_CAUR_L_CF3_RI2_TI2_R12_C02__seed691202__it0000228,ts_b1d6dd27efb72e6032d5,CB1_CAUR_L_CF3_RI2_TI2_R12_C02,ORIGINAL_PHASE6J_CAUR,L,CF3,0,PHASE6N_TOP4,False
CB1_CAUR_L_CF3_RI2_TI2_R12_C02__seed691202__it0000228,ts_fddde53b40f0c47fa95b,CB1_CAUR_L_CF3_RI2_TI2_R12_C02,ORIGINAL_PHASE6J_CAUR,L,CF3,0,PHASE6L_TOP4|PHASE6N_TOP4,False
CB1_CAUR_L_CF3_RI2_TI2_R12_C02__seed691202__it0000256,ts_1872bea3a8e7687d5898,CB1_CAUR_L_CF3_RI2_TI2_R12_C02,ORIGINAL_PHASE6J_CAUR,L,CF3,0,PHASE6N_TOP4,False
CB1_CAUR_L_CF3_RI2_TI2_R12_C02__seed691202__it0000256,ts_2b06547c94bccdc1ca8f,CB1_CAUR_L_CF3_RI2_TI2_R12_C02,ORIGINAL_PHASE6J_CAUR,L,CF3,0,PHASE6L_TOP4|PHASE6N_TOP4,False
CB1_CAUR_L_CF3_RI2_TI2_R12_C02__seed691202__it0000256,ts_4db7c3adb57751950323,CB1_CAUR_L_CF3_RI2_TI2_R12_C02,ORIGINAL_PHASE6J_CAUR,L,CF3,0,PHASE6L_TOP4|PHASE6N_TOP4,False
CB1_CAUR_L_CF3_RI2_TI2_R12_C02__seed691202__it0000256,ts_c24b133ba44feca4dec9,CB1_CAUR_L_CF3_RI2_TI2_R12_C02,ORIGINAL_PHASE6J_CAUR,L,CF3,0,PHASE6L_TOP4,False
CB1_CAUR_L_CF3_RI2_TI2_R12_C02__seed691202__it0000256,ts_d10a4d1ad43b2f88a625,CB1_CAUR_L_CF3_RI2_TI2_R12_C02,ORIGINAL_PHASE6J_CAUR,L,CF3,0,CANONICAL_FALLBACK,True
CB1_CAUR_L_CF3_RI2_TI2_R12_C02__seed691202__it0000256,ts_d353bc006773a8a8f290,CB1_CAUR_L_CF3_RI2_TI2_R12_C02,ORIGINAL_PHASE6J_CAUR,L,CF3,0,PHASE6L_TOP4|PHASE6N_TOP4,False
CB1_CAUR_L_CF3_RI2_TI2_R12_C02__seed721201__it0000016,ts_056e07c1f61270795890,CB1_CAUR_L_CF3_RI2_TI2_R12_C02,NEW_ALNS_EXPANSION,L,CF3,0,CANONICAL_FALLBACK|PHASE6N_TOP4,True
CB1_CAUR_L_CF3_RI2_TI2_R12_C02__seed721201__it0000016,ts_25b7cfa9588218d53fb0,CB1_CAUR_L_CF3_RI2_TI2_R12_C02,NEW_ALNS_EXPANSION,L,CF3,0,PHASE6N_TOP4,False
CB1_CAUR_L_CF3_RI2_TI2_R12_C02__seed721201__it0000016,ts_4da1a0b925648c29735a,CB1_CAUR_L_CF3_RI2_TI2_R12_C02,NEW_ALNS_EXPANSION,L,CF3,0,PHASE6N_TOP4,False
CB1_CAUR_L_CF3_RI2_TI2_R12_C02__seed721201__it0000016,ts_83d6a3bf59833880f902,CB1_CAUR_L_CF3_RI2_TI2_R12_C02,NEW_ALNS_EXPANSION,L,CF3,0,PHASE6N_TOP4,False
CB1_CAUR_L_CF3_RI2_TI2_R12_C02__seed721201__it0000074,ts_11187a4a7252260067d3,CB1_CAUR_L_CF3_RI2_TI2_R12_C02,NEW_ALNS_EXPANSION,L,CF3,0,PHASE6N_TOP4,False
CB1_CAUR_L_CF3_RI2_TI2_R12_C02__seed721201__it0000074,ts_3cf234833cc1203a1bc0,CB1_CAUR_L_CF3_RI2_TI2_R12_C02,NEW_ALNS_EXPANSION,L,CF3,0,PHASE6N_TOP4,False
CB1_CAUR_L_CF3_RI2_TI2_R12_C02__seed721201__it0000074,ts_59cc43bfe0b88de15116,CB1_CAUR_L_CF3_RI2_TI2_R12_C02,NEW_ALNS_EXPANSION,L,CF3,0,PHASE6N_TOP4,False
CB1_CAUR_L_CF3_RI2_TI2_R12_C02__seed721201__it0000074,ts_9e0af2dce8e19f568b8e,CB1_CAUR_L_CF3_RI2_TI2_R12_C02,NEW_ALNS_EXPANSION,L,CF3,0,CANONICAL_FALLBACK,True
CB1_CAUR_L_CF3_RI2_TI2_R12_C02__seed721201__it0000074,ts_cf84f6434f88eba7d83f,CB1_CAUR_L_CF3_RI2_TI2_R12_C02,NEW_ALNS_EXPANSION,L,CF3,0,PHASE6N_TOP4,False
CB1_CAUR_L_CF3_RI2_TI2_R12_C02__seed721201__it0000137,ts_012f045c171a916dbcdf,CB1_CAUR_L_CF3_RI2_TI2_R12_C02,NEW_ALNS_EXPANSION,L,CF3,0,CANONICAL_FALLBACK,True
CB1_CAUR_L_CF3_RI2_TI2_R12_C02__seed721201__it0000137,ts_21a482cc802ddb7cd709,CB1_CAUR_L_CF3_RI2_TI2_R12_C02,NEW_ALNS_EXPANSION,L,CF3,0,PHASE6N_TOP4,False
CB1_CAUR_L_CF3_RI2_TI2_R12_C02__seed721201__it0000137,ts_4ea58970515f3bc90ff5,CB1_CAUR_L_CF3_RI2_TI2_R12_C02,NEW_ALNS_EXPANSION,L,CF3,0,PHASE6N_TOP4,False
CB1_CAUR_L_CF3_RI2_TI2_R12_C02__seed721201__it0000137,ts_942b8f9adf7172d678be,CB1_CAUR_L_CF3_RI2_TI2_R12_C02,NEW_ALNS_EXPANSION,L,CF3,0,PHASE6N_TOP4,False
CB1_CAUR_L_CF3_RI2_TI2_R12_C02__seed721201__it0000137,ts_d31c732277dda70d70e9,CB1_CAUR_L_CF3_RI2_TI2_R12_C02,NEW_ALNS_EXPANSION,L,CF3,0,PHASE6N_TOP4,False
CB1_CAUR_L_CF3_RI2_TI2_R12_C02__seed721201__it0000194,ts_632e0af4d0d35f9c19bf,CB1_CAUR_L_CF3_RI2_TI2_R12_C02,NEW_ALNS_EXPANSION,L,CF3,0,PHASE6N_TOP4,False
CB1_CAUR_L_CF3_RI2_TI2_R12_C02__seed721201__it0000194,ts_72321447911a066871d6,CB1_CAUR_L_CF3_RI2_TI2_R12_C02,NEW_ALNS_EXPANSION,L,CF3,0,CANONICAL_FALLBACK,True
CB1_CAUR_L_CF3_RI2_TI2_R12_C02__seed721201__it0000194,ts_791d3d03b4980ed6205c,CB1_CAUR_L_CF3_RI2_TI2_R12_C02,NEW_ALNS_EXPANSION,L,CF3,0,PHASE6N_TOP4,False
CB1_CAUR_L_CF3_RI2_TI2_R12_C02__seed721201__it0000194,ts_be3adc35d2b3c25957f3,CB1_CAUR_L_CF3_RI2_TI2_R12_C02,NEW_ALNS_EXPANSION,L,CF3,0,PHASE6N_TOP4,False
CB1_CAUR_L_CF3_RI2_TI2_R12_C02__seed721201__it0000194,ts_d636f810c775134f3792,CB1_CAUR_L_CF3_RI2_TI2_R12_C02,NEW_ALNS_EXPANSION,L,CF3,0,PHASE6N_TOP4,False
CB1_CAUR_L_CF3_RI2_TI2_R12_C02__seed721201__it0000254,ts_3c2dddf0a9815a18a614,CB1_CAUR_L_CF3_RI2_TI2_R12_C02,NEW_ALNS_EXPANSION,L,CF3,0,PHASE6N_TOP4,False
CB1_CAUR_L_CF3_RI2_TI2_R12_C02__seed721201__it0000254,ts_62d9426c5e4bb46aa11a,CB1_CAUR_L_CF3_RI2_TI2_R12_C02,NEW_ALNS_EXPANSION,L,CF3,0,PHASE6N_TOP4,False
CB1_CAUR_L_CF3_RI2_TI2_R12_C02__seed721201__it0000254,ts_95b86fa542d92b74769b,CB1_CAUR_L_CF3_RI2_TI2_R12_C02,NEW_ALNS_EXPANSION,L,CF3,0,CANONICAL_FALLBACK|PHASE6N_TOP4,True
CB1_CAUR_L_CF3_RI2_TI2_R12_C02__seed721201__it0000254,ts_b718008effc3f2b347cd,CB1_CAUR_L_CF3_RI2_TI2_R12_C02,NEW_ALNS_EXPANSION,L,CF3,0,PHASE6N_TOP4,False
CB1_CAUR_L_CF3_RI2_TI2_R12_C02__seed721201__it0000316,ts_1d481d7ff5f76e354fbd,CB1_CAUR_L_CF3_RI2_TI2_R12_C02,NEW_ALNS_EXPANSION,L,CF3,0,PHASE6N_TOP4,False
CB1_CAUR_L_CF3_RI2_TI2_R12_C02__seed721201__it0000316,ts_20764081df7662df0d7b,CB1_CAUR_L_CF3_RI2_TI2_R12_C02,NEW_ALNS_EXPANSION,L,CF3,0,PHASE6N_TOP4,False
CB1_CAUR_L_CF3_RI2_TI2_R12_C02__seed721201__it0000316,ts_4d70de1f693e7679269b,CB1_CAUR_L_CF3_RI2_TI2_R12_C02,NEW_ALNS_EXPANSION,L,CF3,0,PHASE6N_TOP4,False
CB1_CAUR_L_CF3_RI2_TI2_R12_C02__seed721201__it0000316,ts_7047b972f98f657a5efd,CB1_CAUR_L_CF3_RI2_TI2_R12_C02,NEW_ALNS_EXPANSION,L,CF3,0,CANONICAL_FALLBACK,True
CB1_CAUR_L_CF3_RI2_TI2_R12_C02__seed721201__it0000316,ts_9f9531052e8a775b94b6,CB1_CAUR_L_CF3_RI2_TI2_R12_C02,NEW_ALNS_EXPANSION,L,CF3,0,PHASE6N_TOP4,False
CB1_CAUR_L_CF3_RI2_TI2_R12_C02__seed721201__it0000375,ts_11b351c141ba354de5cd,CB1_CAUR_L_CF3_RI2_TI2_R12_C02,NEW_ALNS_EXPANSION,L,CF3,0,PHASE6N_TOP4,False
CB1_CAUR_L_CF3_RI2_TI2_R12_C02__seed721201__it0000375,ts_127ac7dfa06228d41496,CB1_CAUR_L_CF3_RI2_TI2_R12_C02,NEW_ALNS_EXPANSION,L,CF3,0,PHASE6N_TOP4,False
CB1_CAUR_L_CF3_RI2_TI2_R12_C02__seed721201__it0000375,ts_8479ffb32b17d3e68ca1,CB1_CAUR_L_CF3_RI2_TI2_R12_C02,NEW_ALNS_EXPANSION,L,CF3,0,CANONICAL_FALLBACK,True
CB1_CAUR_L_CF3_RI2_TI2_R12_C02__seed721201__it0000375,ts_a165caadb714249130d3,CB1_CAUR_L_CF3_RI2_TI2_R12_C02,NEW_ALNS_EXPANSION,L,CF3,0,PHASE6N_TOP4,False
CB1_CAUR_L_CF3_RI2_TI2_R12_C02__seed721201__it0000375,ts_e6fb10e2845e728da739,CB1_CAUR_L_CF3_RI2_TI2_R12_C02,NEW_ALNS_EXPANSION,L,CF3,0,PHASE6N_TOP4,False
CB1_CAUR_L_CF3_RI2_TI2_R12_C02__seed721201__it0000420,ts_0016b8970ece1a4641c0,CB1_CAUR_L_CF3_RI2_TI2_R12_C02,NEW_ALNS_EXPANSION,L,CF3,0,PHASE6N_TOP4,False
CB1_CAUR_L_CF3_RI2_TI2_R12_C02__seed721201__it0000420,ts_28c4a52a72f1d9dfb8ba,CB1_CAUR_L_CF3_RI2_TI2_R12_C02,NEW_ALNS_EXPANSION,L,CF3,0,PHASE6N_TOP4,False
CB1_CAUR_L_CF3_RI2_TI2_R12_C02__seed721201__it0000420,ts_613e1742e4ef2b3b2685,CB1_CAUR_L_CF3_RI2_TI2_R12_C02,NEW_ALNS_EXPANSION,L,CF3,0,CANONICAL_FALLBACK,True
CB1_CAUR_L_CF3_RI2_TI2_R12_C02__seed721201__it0000420,ts_8da74cbb2cbc6538725c,CB1_CAUR_L_CF3_RI2_TI2_R12_C02,NEW_ALNS_EXPANSION,L,CF3,0,PHASE6N_TOP4,False
CB1_CAUR_L_CF3_RI2_TI2_R12_C02__seed721201__it0000420,ts_a6f423e3bc03edf96358,CB1_CAUR_L_CF3_RI2_TI2_R12_C02,NEW_ALNS_EXPANSION,L,CF3,0,PHASE6N_TOP4,False
CB1_CAUR_L_CF3_RI2_TI2_R12_C02__seed721202__it0000015,ts_3db3e5cf2bf4c324d55c,CB1_CAUR_L_CF3_RI2_TI2_R12_C02,NEW_ALNS_EXPANSION,L,CF3,0,PHASE6N_TOP4,False
CB1_CAUR_L_CF3_RI2_TI2_R12_C02__seed721202__it0000015,ts_98ac76975c02f378fa55,CB1_CAUR_L_CF3_RI2_TI2_R12_C02,NEW_ALNS_EXPANSION,L,CF3,0,CANONICAL_FALLBACK,True
CB1_CAUR_L_CF3_RI2_TI2_R12_C02__seed721202__it0000015,ts_9a6e181d7d1908c9469f,CB1_CAUR_L_CF3_RI2_TI2_R12_C02,NEW_ALNS_EXPANSION,L,CF3,0,PHASE6N_TOP4,False
CB1_CAUR_L_CF3_RI2_TI2_R12_C02__seed721202__it0000015,ts_b94c840fb44ee528a9a1,CB1_CAUR_L_CF3_RI2_TI2_R12_C02,NEW_ALNS_EXPANSION,L,CF3,0,PHASE6N_TOP4,False
CB1_CAUR_L_CF3_RI2_TI2_R12_C02__seed721202__it0000015,ts_ee932d236e9c7daf271e,CB1_CAUR_L_CF3_RI2_TI2_R12_C02,NEW_ALNS_EXPANSION,L,CF3,0,PHASE6N_TOP4,False
CB1_CAUR_L_CF3_RI2_TI2_R12_C02__seed721202__it0000071,ts_1dc9f62424bd3395e6d4,CB1_CAUR_L_CF3_RI2_TI2_R12_C02,NEW_ALNS_EXPANSION,L,CF3,0,PHASE6N_TOP4,False
CB1_CAUR_L_CF3_RI2_TI2_R12_C02__seed721202__it0000071,ts_3aca3b776f1a03ea7626,CB1_CAUR_L_CF3_RI2_TI2_R12_C02,NEW_ALNS_EXPANSION,L,CF3,0,PHASE6N_TOP4,False
CB1_CAUR_L_CF3_RI2_TI2_R12_C02__seed721202__it0000071,ts_5f3846aa3c27c0f37326,CB1_CAUR_L_CF3_RI2_TI2_R12_C02,NEW_ALNS_EXPANSION,L,CF3,0,PHASE6N_TOP4,False
CB1_CAUR_L_CF3_RI2_TI2_R12_C02__seed721202__it0000071,ts_d6bd7dd793a297861181,CB1_CAUR_L_CF3_RI2_TI2_R12_C02,NEW_ALNS_EXPANSION,L,CF3,0,PHASE6N_TOP4,False
CB1_CAUR_L_CF3_RI2_TI2_R12_C02__seed721202__it0000071,ts_df25cff44b5eb0fd5f99,CB1_CAUR_L_CF3_RI2_TI2_R12_C02,NEW_ALNS_EXPANSION,L,CF3,0,CANONICAL_FALLBACK,True
CB1_CAUR_L_CF3_RI2_TI2_R12_C02__seed721202__it0000134,ts_3675a6da2795c68221a3,CB1_CAUR_L_CF3_RI2_TI2_R12_C02,NEW_ALNS_EXPANSION,L,CF3,0,CANONICAL_FALLBACK,True
CB1_CAUR_L_CF3_RI2_TI2_R12_C02__seed721202__it0000134,ts_870e4d84265515f5b4ba,CB1_CAUR_L_CF3_RI2_TI2_R12_C02,NEW_ALNS_EXPANSION,L,CF3,0,PHASE6N_TOP4,False
CB1_CAUR_L_CF3_RI2_TI2_R12_C02__seed721202__it0000134,ts_d2960e822ce587b0c3f9,CB1_CAUR_L_CF3_RI2_TI2_R12_C02,NEW_ALNS_EXPANSION,L,CF3,0,PHASE6N_TOP4,False
CB1_CAUR_L_CF3_RI2_TI2_R12_C02__seed721202__it0000134,ts_d45b98ac903a88a01853,CB1_CAUR_L_CF3_RI2_TI2_R12_C02,NEW_ALNS_EXPANSION,L,CF3,0,PHASE6N_TOP4,False
CB1_CAUR_L_CF3_RI2_TI2_R12_C02__seed721202__it0000134,ts_ec820f7bdd92ba8aab69,CB1_CAUR_L_CF3_RI2_TI2_R12_C02,NEW_ALNS_EXPANSION,L,CF3,0,PHASE6N_TOP4,False
CB1_CAUR_L_CF3_RI2_TI2_R12_C02__seed721202__it0000193,ts_0a5bbbb9cad3aabe7923,CB1_CAUR_L_CF3_RI2_TI2_R12_C02,NEW_ALNS_EXPANSION,L,CF3,0,CANONICAL_FALLBACK,True
CB1_CAUR_L_CF3_RI2_TI2_R12_C02__seed721202__it0000193,ts_3eb43f674d96dfabe62d,CB1_CAUR_L_CF3_RI2_TI2_R12_C02,NEW_ALNS_EXPANSION,L,CF3,0,PHASE6N_TOP4,False
CB1_CAUR_L_CF3_RI2_TI2_R12_C02__seed721202__it0000193,ts_4accb2db8721ecd76dd8,CB1_CAUR_L_CF3_RI2_TI2_R12_C02,NEW_ALNS_EXPANSION,L,CF3,0,PHASE6N_TOP4,False
CB1_CAUR_L_CF3_RI2_TI2_R12_C02__seed721202__it0000193,ts_bcb7751c139225a763ba,CB1_CAUR_L_CF3_RI2_TI2_R12_C02,NEW_ALNS_EXPANSION,L,CF3,0,PHASE6N_TOP4,False
CB1_CAUR_L_CF3_RI2_TI2_R12_C02__seed721202__it0000193,ts_df8ccf7c3207c8a2e493,CB1_CAUR_L_CF3_RI2_TI2_R12_C02,NEW_ALNS_EXPANSION,L,CF3,0,PHASE6N_TOP4,False
CB1_CAUR_L_CF3_RI2_TI2_R12_C02__seed721202__it0000253,ts_0d9ebdeec976843b6e9a,CB1_CAUR_L_CF3_RI2_TI2_R12_C02,NEW_ALNS_EXPANSION,L,CF3,0,PHASE6N_TOP4,False
CB1_CAUR_L_CF3_RI2_TI2_R12_C02__seed721202__it0000253,ts_27208cef7405fb6771f3,CB1_CAUR_L_CF3_RI2_TI2_R12_C02,NEW_ALNS_EXPANSION,L,CF3,0,PHASE6N_TOP4,False
CB1_CAUR_L_CF3_RI2_TI2_R12_C02__seed721202__it0000253,ts_987b013586c0926950ee,CB1_CAUR_L_CF3_RI2_TI2_R12_C02,NEW_ALNS_EXPANSION,L,CF3,0,CANONICAL_FALLBACK,True
CB1_CAUR_L_CF3_RI2_TI2_R12_C02__seed721202__it0000253,ts_adc4b351f32971fa3a82,CB1_CAUR_L_CF3_RI2_TI2_R12_C02,NEW_ALNS_EXPANSION,L,CF3,0,PHASE6N_TOP4,False
CB1_CAUR_L_CF3_RI2_TI2_R12_C02__seed721202__it0000253,ts_fcbd26c5a62e7732a758,CB1_CAUR_L_CF3_RI2_TI2_R12_C02,NEW_ALNS_EXPANSION,L,CF3,0,PHASE6N_TOP4,False
CB1_CAUR_L_CF3_RI2_TI2_R12_C02__seed721202__it0000316,ts_14fd8093992f58a00de9,CB1_CAUR_L_CF3_RI2_TI2_R12_C02,NEW_ALNS_EXPANSION,L,CF3,0,PHASE6N_TOP4,False
CB1_CAUR_L_CF3_RI2_TI2_R12_C02__seed721202__it0000316,ts_403b0039aeedf16a0370,CB1_CAUR_L_CF3_RI2_TI2_R12_C02,NEW_ALNS_EXPANSION,L,CF3,0,PHASE6N_TOP4,False
CB1_CAUR_L_CF3_RI2_TI2_R12_C02__seed721202__it0000316,ts_5e9fa330e6a298685221,CB1_CAUR_L_CF3_RI2_TI2_R12_C02,NEW_ALNS_EXPANSION,L,CF3,0,PHASE6N_TOP4,False
CB1_CAUR_L_CF3_RI2_TI2_R12_C02__seed721202__it0000316,ts_c3bcee47ccd9aaf67616,CB1_CAUR_L_CF3_RI2_TI2_R12_C02,NEW_ALNS_EXPANSION,L,CF3,0,PHASE6N_TOP4,False
CB1_CAUR_L_CF3_RI2_TI2_R12_C02__seed721202__it0000316,ts_f977f84e8752deec05bb,CB1_CAUR_L_CF3_RI2_TI2_R12_C02,NEW_ALNS_EXPANSION,L,CF3,0,CANONICAL_FALLBACK,True
CB1_CAUR_L_CF3_RI2_TI2_R12_C02__seed721202__it0000374,ts_563fba12a0b2abfa317c,CB1_CAUR_L_CF3_RI2_TI2_R12_C02,NEW_ALNS_EXPANSION,L,CF3,0,PHASE6N_TOP4,False
CB1_CAUR_L_CF3_RI2_TI2_R12_C02__seed721202__it0000374,ts_a8150f7da5e9d3babfef,CB1_CAUR_L_CF3_RI2_TI2_R12_C02,NEW_ALNS_EXPANSION,L,CF3,0,CANONICAL_FALLBACK,True
CB1_CAUR_L_CF3_RI2_TI2_R12_C02__seed721202__it0000374,ts_c2b7ca78e502adee83e9,CB1_CAUR_L_CF3_RI2_TI2_R12_C02,NEW_ALNS_EXPANSION,L,CF3,0,PHASE6N_TOP4,False
CB1_CAUR_L_CF3_RI2_TI2_R12_C02__seed721202__it0000374,ts_cbeefd2c915c9d98e54d,CB1_CAUR_L_CF3_RI2_TI2_R12_C02,NEW_ALNS_EXPANSION,L,CF3,0,PHASE6N_TOP4,False
CB1_CAUR_L_CF3_RI2_TI2_R12_C02__seed721202__it0000374,ts_f12bb8605ef24774bc22,CB1_CAUR_L_CF3_RI2_TI2_R12_C02,NEW_ALNS_EXPANSION,L,CF3,0,PHASE6N_TOP4,False
CB1_CAUR_L_CF3_RI2_TI2_R12_C02__seed721202__it0000420,ts_2772cbc592cbc2906708,CB1_CAUR_L_CF3_RI2_TI2_R12_C02,NEW_ALNS_EXPANSION,L,CF3,0,PHASE6N_TOP4,False
CB1_CAUR_L_CF3_RI2_TI2_R12_C02__seed721202__it0000420,ts_2bb32e1ddf6a6a9378af,CB1_CAUR_L_CF3_RI2_TI2_R12_C02,NEW_ALNS_EXPANSION,L,CF3,0,PHASE6N_TOP4,False
CB1_CAUR_L_CF3_RI2_TI2_R12_C02__seed721202__it0000420,ts_837f6c00188433520f68,CB1_CAUR_L_CF3_RI2_TI2_R12_C02,NEW_ALNS_EXPANSION,L,CF3,0,CANONICAL_FALLBACK,True
CB1_CAUR_L_CF3_RI2_TI2_R12_C02__seed721202__it0000420,ts_8998c554f1ac297d3e37,CB1_CAUR_L_CF3_RI2_TI2_R12_C02,NEW_ALNS_EXPANSION,L,CF3,0,PHASE6N_TOP4,False
CB1_CAUR_L_CF3_RI2_TI2_R12_C02__seed721202__it0000420,ts_e74ad761e25afd2ca10b,CB1_CAUR_L_CF3_RI2_TI2_R12_C02,NEW_ALNS_EXPANSION,L,CF3,0,PHASE6N_TOP4,False
CB1_CAUR_L_CF3_RI2_TI2_R12_C02__seed721203__it0000016,ts_3e9845d4f5981b3c66c8,CB1_CAUR_L_CF3_RI2_TI2_R12_C02,NEW_ALNS_EXPANSION,L,CF3,0,PHASE6N_TOP4,False
CB1_CAUR_L_CF3_RI2_TI2_R12_C02__seed721203__it0000016,ts_702aec1b51bdc439d9c1,CB1_CAUR_L_CF3_RI2_TI2_R12_C02,NEW_ALNS_EXPANSION,L,CF3,0,PHASE6N_TOP4,False
CB1_CAUR_L_CF3_RI2_TI2_R12_C02__seed721203__it0000016,ts_c3e7e1d47de24e15181d,CB1_CAUR_L_CF3_RI2_TI2_R12_C02,NEW_ALNS_EXPANSION,L,CF3,0,CANONICAL_FALLBACK|PHASE6N_TOP4,True
CB1_CAUR_L_CF3_RI2_TI2_R12_C02__seed721203__it0000016,ts_d0a2c983112a007f8559,CB1_CAUR_L_CF3_RI2_TI2_R12_C02,NEW_ALNS_EXPANSION,L,CF3,0,PHASE6N_TOP4,False
CB1_CAUR_L_CF3_RI2_TI2_R12_C02__seed721203__it0000074,ts_53463eec7e5c4a165305,CB1_CAUR_L_CF3_RI2_TI2_R12_C02,NEW_ALNS_EXPANSION,L,CF3,0,PHASE6N_TOP4,False
CB1_CAUR_L_CF3_RI2_TI2_R12_C02__seed721203__it0000074,ts_549f5901e2b580465d90,CB1_CAUR_L_CF3_RI2_TI2_R12_C02,NEW_ALNS_EXPANSION,L,CF3,0,PHASE6N_TOP4,False
CB1_CAUR_L_CF3_RI2_TI2_R12_C02__seed721203__it0000074,ts_61092e102cead3da66e5,CB1_CAUR_L_CF3_RI2_TI2_R12_C02,NEW_ALNS_EXPANSION,L,CF3,0,CANONICAL_FALLBACK,True
CB1_CAUR_L_CF3_RI2_TI2_R12_C02__seed721203__it0000074,ts_71d63ff888fb2201350c,CB1_CAUR_L_CF3_RI2_TI2_R12_C02,NEW_ALNS_EXPANSION,L,CF3,0,PHASE6N_TOP4,False
CB1_CAUR_L_CF3_RI2_TI2_R12_C02__seed721203__it0000074,ts_df59d5373832e4eaec34,CB1_CAUR_L_CF3_RI2_TI2_R12_C02,NEW_ALNS_EXPANSION,L,CF3,0,PHASE6N_TOP4,False
CB1_CAUR_L_CF3_RI2_TI2_R12_C02__seed721203__it0000135,ts_1ac4d7289ab0e194fbc7,CB1_CAUR_L_CF3_RI2_TI2_R12_C02,NEW_ALNS_EXPANSION,L,CF3,0,PHASE6N_TOP4,False
CB1_CAUR_L_CF3_RI2_TI2_R12_C02__seed721203__it0000135,ts_3252cc76f37bb39969ba,CB1_CAUR_L_CF3_RI2_TI2_R12_C02,NEW_ALNS_EXPANSION,L,CF3,0,CANONICAL_FALLBACK,True
CB1_CAUR_L_CF3_RI2_TI2_R12_C02__seed721203__it0000135,ts_56440ae42f217fdb54ae,CB1_CAUR_L_CF3_RI2_TI2_R12_C02,NEW_ALNS_EXPANSION,L,CF3,0,PHASE6N_TOP4,False
CB1_CAUR_L_CF3_RI2_TI2_R12_C02__seed721203__it0000135,ts_5a907caa184fce09bb5f,CB1_CAUR_L_CF3_RI2_TI2_R12_C02,NEW_ALNS_EXPANSION,L,CF3,0,PHASE6N_TOP4,False
CB1_CAUR_L_CF3_RI2_TI2_R12_C02__seed721203__it0000135,ts_6c15f5c91924fadeba94,CB1_CAUR_L_CF3_RI2_TI2_R12_C02,NEW_ALNS_EXPANSION,L,CF3,0,PHASE6N_TOP4,False
CB1_CAUR_L_CF3_RI2_TI2_R12_C02__seed721203__it0000193,ts_0cafa4320ab480bea8c0,CB1_CAUR_L_CF3_RI2_TI2_R12_C02,NEW_ALNS_EXPANSION,L,CF3,0,PHASE6N_TOP4,False
CB1_CAUR_L_CF3_RI2_TI2_R12_C02__seed721203__it0000193,ts_229d4424e39eeead55c4,CB1_CAUR_L_CF3_RI2_TI2_R12_C02,NEW_ALNS_EXPANSION,L,CF3,0,CANONICAL_FALLBACK|PHASE6N_TOP4,True
CB1_CAUR_L_CF3_RI2_TI2_R12_C02__seed721203__it0000193,ts_4cf2164a4ef5e2b25517,CB1_CAUR_L_CF3_RI2_TI2_R12_C02,NEW_ALNS_EXPANSION,L,CF3,0,PHASE6N_TOP4,False
CB1_CAUR_L_CF3_RI2_TI2_R12_C02__seed721203__it0000193,ts_92b2753b8a98ad979c65,CB1_CAUR_L_CF3_RI2_TI2_R12_C02,NEW_ALNS_EXPANSION,L,CF3,0,PHASE6N_TOP4,False
CB1_CAUR_L_CF3_RI2_TI2_R12_C02__seed721203__it0000252,ts_37a24d9baac5edd5fda2,CB1_CAUR_L_CF3_RI2_TI2_R12_C02,NEW_ALNS_EXPANSION,L,CF3,0,CANONICAL_FALLBACK|PHASE6N_TOP4,True
CB1_CAUR_L_CF3_RI2_TI2_R12_C02__seed721203__it0000252,ts_62579c77c0d19e4e0b5a,CB1_CAUR_L_CF3_RI2_TI2_R12_C02,NEW_ALNS_EXPANSION,L,CF3,0,PHASE6N_TOP4,False
CB1_CAUR_L_CF3_RI2_TI2_R12_C02__seed721203__it0000252,ts_73ace0518179dfa6d6a9,CB1_CAUR_L_CF3_RI2_TI2_R12_C02,NEW_ALNS_EXPANSION,L,CF3,0,PHASE6N_TOP4,False
CB1_CAUR_L_CF3_RI2_TI2_R12_C02__seed721203__it0000252,ts_dc6259c9a08e0a3b56a7,CB1_CAUR_L_CF3_RI2_TI2_R12_C02,NEW_ALNS_EXPANSION,L,CF3,0,PHASE6N_TOP4,False
CB1_CAUR_L_CF3_RI2_TI2_R12_C02__seed721203__it0000316,ts_0b1326f134794a9fb3d4,CB1_CAUR_L_CF3_RI2_TI2_R12_C02,NEW_ALNS_EXPANSION,L,CF3,0,PHASE6N_TOP4,False
CB1_CAUR_L_CF3_RI2_TI2_R12_C02__seed721203__it0000316,ts_6cc0a1dc58a95f006b4c,CB1_CAUR_L_CF3_RI2_TI2_R12_C02,NEW_ALNS_EXPANSION,L,CF3,0,PHASE6N_TOP4,False
CB1_CAUR_L_CF3_RI2_TI2_R12_C02__seed721203__it0000316,ts_84a66b43cf5bb6a50917,CB1_CAUR_L_CF3_RI2_TI2_R12_C02,NEW_ALNS_EXPANSION,L,CF3,0,CANONICAL_FALLBACK|PHASE6N_TOP4,True
CB1_CAUR_L_CF3_RI2_TI2_R12_C02__seed721203__it0000316,ts_94ad00b3c98ca4082d65,CB1_CAUR_L_CF3_RI2_TI2_R12_C02,NEW_ALNS_EXPANSION,L,CF3,0,PHASE6N_TOP4,False
CB1_CAUR_L_CF3_RI2_TI2_R12_C02__seed721203__it0000375,ts_3a7c78fe7f31770bea45,CB1_CAUR_L_CF3_RI2_TI2_R12_C02,NEW_ALNS_EXPANSION,L,CF3,0,CANONICAL_FALLBACK,True
CB1_CAUR_L_CF3_RI2_TI2_R12_C02__seed721203__it0000375,ts_72c6f60c5b284eabcb00,CB1_CAUR_L_CF3_RI2_TI2_R12_C02,NEW_ALNS_EXPANSION,L,CF3,0,PHASE6N_TOP4,False
CB1_CAUR_L_CF3_RI2_TI2_R12_C02__seed721203__it0000375,ts_7e9f00e26e39f55137e0,CB1_CAUR_L_CF3_RI2_TI2_R12_C02,NEW_ALNS_EXPANSION,L,CF3,0,PHASE6N_TOP4,False
CB1_CAUR_L_CF3_RI2_TI2_R12_C02__seed721203__it0000375,ts_b9d6c3cfabc950ed1fad,CB1_CAUR_L_CF3_RI2_TI2_R12_C02,NEW_ALNS_EXPANSION,L,CF3,0,PHASE6N_TOP4,False
CB1_CAUR_L_CF3_RI2_TI2_R12_C02__seed721203__it0000375,ts_c93edfbfd17fa9d01bc9,CB1_CAUR_L_CF3_RI2_TI2_R12_C02,NEW_ALNS_EXPANSION,L,CF3,0,PHASE6N_TOP4,False
CB1_CAUR_L_CF3_RI2_TI2_R12_C02__seed721203__it0000421,ts_0eef9a9461497ad9c9a7,CB1_CAUR_L_CF3_RI2_TI2_R12_C02,NEW_ALNS_EXPANSION,L,CF3,0,PHASE6N_TOP4,False
CB1_CAUR_L_CF3_RI2_TI2_R12_C02__seed721203__it0000421,ts_1653d1df973e7fb7566e,CB1_CAUR_L_CF3_RI2_TI2_R12_C02,NEW_ALNS_EXPANSION,L,CF3,0,PHASE6N_TOP4,False
CB1_CAUR_L_CF3_RI2_TI2_R12_C02__seed721203__it0000421,ts_4983fa952a36b72cb8f9,CB1_CAUR_L_CF3_RI2_TI2_R12_C02,NEW_ALNS_EXPANSION,L,CF3,0,PHASE6N_TOP4,False
CB1_CAUR_L_CF3_RI2_TI2_R12_C02__seed721203__it0000421,ts_d51b1c27715b3399b87b,CB1_CAUR_L_CF3_RI2_TI2_R12_C02,NEW_ALNS_EXPANSION,L,CF3,0,PHASE6N_TOP4,False
CB1_CAUR_L_CF3_RI2_TI2_R12_C02__seed721203__it0000421,ts_e6bc161c5d3c9813cce7,CB1_CAUR_L_CF3_RI2_TI2_R12_C02,NEW_ALNS_EXPANSION,L,CF3,0,CANONICAL_FALLBACK,True
CB1_CAUR_L_CF3_RI2_TI2_R12_C02__seed721204__it0000016,ts_1bb9b9967925c9a939a6,CB1_CAUR_L_CF3_RI2_TI2_R12_C02,NEW_ALNS_EXPANSION,L,CF3,0,PHASE6N_TOP4,False
CB1_CAUR_L_CF3_RI2_TI2_R12_C02__seed721204__it0000016,ts_2ff8977188b354306d71,CB1_CAUR_L_CF3_RI2_TI2_R12_C02,NEW_ALNS_EXPANSION,L,CF3,0,PHASE6N_TOP4,False
CB1_CAUR_L_CF3_RI2_TI2_R12_C02__seed721204__it0000016,ts_74b1156302e99ea3701d,CB1_CAUR_L_CF3_RI2_TI2_R12_C02,NEW_ALNS_EXPANSION,L,CF3,0,PHASE6N_TOP4,False
CB1_CAUR_L_CF3_RI2_TI2_R12_C02__seed721204__it0000016,ts_b0263428848d9e2b2a2c,CB1_CAUR_L_CF3_RI2_TI2_R12_C02,NEW_ALNS_EXPANSION,L,CF3,0,CANONICAL_FALLBACK,True
CB1_CAUR_L_CF3_RI2_TI2_R12_C02__seed721204__it0000016,ts_f121a70678d793c7e405,CB1_CAUR_L_CF3_RI2_TI2_R12_C02,NEW_ALNS_EXPANSION,L,CF3,0,PHASE6N_TOP4,False
CB1_CAUR_L_CF3_RI2_TI2_R12_C02__seed721204__it0000073,ts_1a5652dcbfcd66be9da1,CB1_CAUR_L_CF3_RI2_TI2_R12_C02,NEW_ALNS_EXPANSION,L,CF3,0,PHASE6N_TOP4,False
CB1_CAUR_L_CF3_RI2_TI2_R12_C02__seed721204__it0000073,ts_239fc69e66d07b98aac3,CB1_CAUR_L_CF3_RI2_TI2_R12_C02,NEW_ALNS_EXPANSION,L,CF3,0,PHASE6N_TOP4,False
CB1_CAUR_L_CF3_RI2_TI2_R12_C02__seed721204__it0000073,ts_271b94398901d6525ae4,CB1_CAUR_L_CF3_RI2_TI2_R12_C02,NEW_ALNS_EXPANSION,L,CF3,0,PHASE6N_TOP4,False
CB1_CAUR_L_CF3_RI2_TI2_R12_C02__seed721204__it0000073,ts_cf793a76bbdc0d858db6,CB1_CAUR_L_CF3_RI2_TI2_R12_C02,NEW_ALNS_EXPANSION,L,CF3,0,CANONICAL_FALLBACK,True
CB1_CAUR_L_CF3_RI2_TI2_R12_C02__seed721204__it0000073,ts_ddc4ecf0f99001171a73,CB1_CAUR_L_CF3_RI2_TI2_R12_C02,NEW_ALNS_EXPANSION,L,CF3,0,PHASE6N_TOP4,False
CB1_CAUR_L_CF3_RI2_TI2_R12_C02__seed721204__it0000135,ts_03fe3e08e360de38775a,CB1_CAUR_L_CF3_RI2_TI2_R12_C02,NEW_ALNS_EXPANSION,L,CF3,0,PHASE6N_TOP4,False
CB1_CAUR_L_CF3_RI2_TI2_R12_C02__seed721204__it0000135,ts_147c0f41319bb0a4c58f,CB1_CAUR_L_CF3_RI2_TI2_R12_C02,NEW_ALNS_EXPANSION,L,CF3,0,PHASE6N_TOP4,False
CB1_CAUR_L_CF3_RI2_TI2_R12_C02__seed721204__it0000135,ts_6648e639f1c3c55ce480,CB1_CAUR_L_CF3_RI2_TI2_R12_C02,NEW_ALNS_EXPANSION,L,CF3,0,PHASE6N_TOP4,False
CB1_CAUR_L_CF3_RI2_TI2_R12_C02__seed721204__it0000135,ts_ae67c346c8e7832a59a5,CB1_CAUR_L_CF3_RI2_TI2_R12_C02,NEW_ALNS_EXPANSION,L,CF3,0,CANONICAL_FALLBACK,True
CB1_CAUR_L_CF3_RI2_TI2_R12_C02__seed721204__it0000135,ts_edef73e52901e292c476,CB1_CAUR_L_CF3_RI2_TI2_R12_C02,NEW_ALNS_EXPANSION,L,CF3,0,PHASE6N_TOP4,False
CB1_CAUR_L_CF3_RI2_TI2_R12_C02__seed721204__it0000192,ts_13233e08f415fe098d05,CB1_CAUR_L_CF3_RI2_TI2_R12_C02,NEW_ALNS_EXPANSION,L,CF3,0,PHASE6N_TOP4,False
CB1_CAUR_L_CF3_RI2_TI2_R12_C02__seed721204__it0000192,ts_8dbb119a4f443c5a84a8,CB1_CAUR_L_CF3_RI2_TI2_R12_C02,NEW_ALNS_EXPANSION,L,CF3,0,PHASE6N_TOP4,False
CB1_CAUR_L_CF3_RI2_TI2_R12_C02__seed721204__it0000192,ts_92b89833010b892ea5b2,CB1_CAUR_L_CF3_RI2_TI2_R12_C02,NEW_ALNS_EXPANSION,L,CF3,0,PHASE6N_TOP4,False
CB1_CAUR_L_CF3_RI2_TI2_R12_C02__seed721204__it0000192,ts_96489ab2a17764c88be2,CB1_CAUR_L_CF3_RI2_TI2_R12_C02,NEW_ALNS_EXPANSION,L,CF3,0,CANONICAL_FALLBACK|PHASE6N_TOP4,True
CB1_CAUR_L_CF3_RI2_TI2_R12_C02__seed721204__it0000251,ts_07c44f8481bbf8ac48b1,CB1_CAUR_L_CF3_RI2_TI2_R12_C02,NEW_ALNS_EXPANSION,L,CF3,0,PHASE6N_TOP4,False
CB1_CAUR_L_CF3_RI2_TI2_R12_C02__seed721204__it0000251,ts_3540f3263a8bc71c6034,CB1_CAUR_L_CF3_RI2_TI2_R12_C02,NEW_ALNS_EXPANSION,L,CF3,0,PHASE6N_TOP4,False
CB1_CAUR_L_CF3_RI2_TI2_R12_C02__seed721204__it0000251,ts_c61a3a3c007da08dde94,CB1_CAUR_L_CF3_RI2_TI2_R12_C02,NEW_ALNS_EXPANSION,L,CF3,0,CANONICAL_FALLBACK,True
CB1_CAUR_L_CF3_RI2_TI2_R12_C02__seed721204__it0000251,ts_c6b5eeca44c7e8cb624c,CB1_CAUR_L_CF3_RI2_TI2_R12_C02,NEW_ALNS_EXPANSION,L,CF3,0,PHASE6N_TOP4,False
CB1_CAUR_L_CF3_RI2_TI2_R12_C02__seed721204__it0000251,ts_cfcafd548fb3b8a19a62,CB1_CAUR_L_CF3_RI2_TI2_R12_C02,NEW_ALNS_EXPANSION,L,CF3,0,PHASE6N_TOP4,False
CB1_CAUR_L_CF3_RI2_TI2_R12_C02__seed721204__it0000313,ts_1c0515afa23673e5fa86,CB1_CAUR_L_CF3_RI2_TI2_R12_C02,NEW_ALNS_EXPANSION,L,CF3,0,PHASE6N_TOP4,False
CB1_CAUR_L_CF3_RI2_TI2_R12_C02__seed721204__it0000313,ts_2aeb2cbfc95e80c7df12,CB1_CAUR_L_CF3_RI2_TI2_R12_C02,NEW_ALNS_EXPANSION,L,CF3,0,CANONICAL_FALLBACK,True
CB1_CAUR_L_CF3_RI2_TI2_R12_C02__seed721204__it0000313,ts_53e5b495426498a7b305,CB1_CAUR_L_CF3_RI2_TI2_R12_C02,NEW_ALNS_EXPANSION,L,CF3,0,PHASE6N_TOP4,False
CB1_CAUR_L_CF3_RI2_TI2_R12_C02__seed721204__it0000313,ts_e119f1c4cfda6cd306fa,CB1_CAUR_L_CF3_RI2_TI2_R12_C02,NEW_ALNS_EXPANSION,L,CF3,0,PHASE6N_TOP4,False
CB1_CAUR_L_CF3_RI2_TI2_R12_C02__seed721204__it0000313,ts_e7b9772f6eb6656e0e65,CB1_CAUR_L_CF3_RI2_TI2_R12_C02,NEW_ALNS_EXPANSION,L,CF3,0,PHASE6N_TOP4,False
CB1_CAUR_L_CF3_RI2_TI2_R12_C02__seed721204__it0000371,ts_095f1996866ea2e51156,CB1_CAUR_L_CF3_RI2_TI2_R12_C02,NEW_ALNS_EXPANSION,L,CF3,0,CANONICAL_FALLBACK,True
CB1_CAUR_L_CF3_RI2_TI2_R12_C02__seed721204__it0000371,ts_4c15454c52468566d076,CB1_CAUR_L_CF3_RI2_TI2_R12_C02,NEW_ALNS_EXPANSION,L,CF3,0,PHASE6N_TOP4,False
CB1_CAUR_L_CF3_RI2_TI2_R12_C02__seed721204__it0000371,ts_78369f63c389bbceac81,CB1_CAUR_L_CF3_RI2_TI2_R12_C02,NEW_ALNS_EXPANSION,L,CF3,0,PHASE6N_TOP4,False
CB1_CAUR_L_CF3_RI2_TI2_R12_C02__seed721204__it0000371,ts_94fe1d34d35b65b1e4e1,CB1_CAUR_L_CF3_RI2_TI2_R12_C02,NEW_ALNS_EXPANSION,L,CF3,0,PHASE6N_TOP4,False
CB1_CAUR_L_CF3_RI2_TI2_R12_C02__seed721204__it0000371,ts_a96212abeb58ccfe4813,CB1_CAUR_L_CF3_RI2_TI2_R12_C02,NEW_ALNS_EXPANSION,L,CF3,0,PHASE6N_TOP4,False
CB1_CAUR_L_CF3_RI2_TI2_R12_C02__seed721204__it0000416,ts_48f1b28c855caac11095,CB1_CAUR_L_CF3_RI2_TI2_R12_C02,NEW_ALNS_EXPANSION,L,CF3,0,PHASE6N_TOP4,False
CB1_CAUR_L_CF3_RI2_TI2_R12_C02__seed721204__it0000416,ts_58537d5e1c4124346414,CB1_CAUR_L_CF3_RI2_TI2_R12_C02,NEW_ALNS_EXPANSION,L,CF3,0,PHASE6N_TOP4,False
CB1_CAUR_L_CF3_RI2_TI2_R12_C02__seed721204__it0000416,ts_6a6d5ca18b1d3ff5d403,CB1_CAUR_L_CF3_RI2_TI2_R12_C02,NEW_ALNS_EXPANSION,L,CF3,0,CANONICAL_FALLBACK,True
CB1_CAUR_L_CF3_RI2_TI2_R12_C02__seed721204__it0000416,ts_d5d37b84106b63878fb3,CB1_CAUR_L_CF3_RI2_TI2_R12_C02,NEW_ALNS_EXPANSION,L,CF3,0,PHASE6N_TOP4,False
CB1_CAUR_L_CF3_RI2_TI2_R12_C02__seed721204__it0000416,ts_eba41fdf612eaaa702d1,CB1_CAUR_L_CF3_RI2_TI2_R12_C02,NEW_ALNS_EXPANSION,L,CF3,0,PHASE6N_TOP4,False
CB1_CAUR_L_CF3_RI2_TI2_R12__seed691201__it0000009,ts_4b027f715c6afe87f1c6,CB1_CAUR_L_CF3_RI2_TI2_R12,ORIGINAL_PHASE6J_CAUR,L,CF3,0,PHASE6N_TOP4,False
CB1_CAUR_L_CF3_RI2_TI2_R12__seed691201__it0000009,ts_512ee844c9be41ca874a,CB1_CAUR_L_CF3_RI2_TI2_R12,ORIGINAL_PHASE6J_CAUR,L,CF3,0,PHASE6L_TOP4|PHASE6N_TOP4,False
CB1_CAUR_L_CF3_RI2_TI2_R12__seed691201__it0000009,ts_62dc513a0bb9c7f567d9,CB1_CAUR_L_CF3_RI2_TI2_R12,ORIGINAL_PHASE6J_CAUR,L,CF3,0,PHASE6L_TOP4,False
CB1_CAUR_L_CF3_RI2_TI2_R12__seed691201__it0000009,ts_a741fdbbb9251e35004b,CB1_CAUR_L_CF3_RI2_TI2_R12,ORIGINAL_PHASE6J_CAUR,L,CF3,0,PHASE6N_TOP4,False
CB1_CAUR_L_CF3_RI2_TI2_R12__seed691201__it0000009,ts_af21924419a1cb5bd55d,CB1_CAUR_L_CF3_RI2_TI2_R12,ORIGINAL_PHASE6J_CAUR,L,CF3,0,PHASE6L_TOP4|PHASE6N_TOP4,False
CB1_CAUR_L_CF3_RI2_TI2_R12__seed691201__it0000009,ts_c843d899fa9fccf86f61,CB1_CAUR_L_CF3_RI2_TI2_R12,ORIGINAL_PHASE6J_CAUR,L,CF3,0,PHASE6L_TOP4,False
CB1_CAUR_L_CF3_RI2_TI2_R12__seed691201__it0000009,ts_efef81f2a2315bdcc723,CB1_CAUR_L_CF3_RI2_TI2_R12,ORIGINAL_PHASE6J_CAUR,L,CF3,0,CANONICAL_FALLBACK,True
CB1_CAUR_L_CF3_RI2_TI2_R12__seed691201__it0000044,ts_5c1ad559e6521469331e,CB1_CAUR_L_CF3_RI2_TI2_R12,ORIGINAL_PHASE6J_CAUR,L,CF3,0,PHASE6L_TOP4,False
CB1_CAUR_L_CF3_RI2_TI2_R12__seed691201__it0000044,ts_653352e35b69df4c2d12,CB1_CAUR_L_CF3_RI2_TI2_R12,ORIGINAL_PHASE6J_CAUR,L,CF3,0,PHASE6N_TOP4,False
CB1_CAUR_L_CF3_RI2_TI2_R12__seed691201__it0000044,ts_76f8e67cf07d3f721f63,CB1_CAUR_L_CF3_RI2_TI2_R12,ORIGINAL_PHASE6J_CAUR,L,CF3,0,CANONICAL_FALLBACK,True
CB1_CAUR_L_CF3_RI2_TI2_R12__seed691201__it0000044,ts_8fd38a274e920802ddfd,CB1_CAUR_L_CF3_RI2_TI2_R12,ORIGINAL_PHASE6J_CAUR,L,CF3,0,PHASE6L_TOP4,False
CB1_CAUR_L_CF3_RI2_TI2_R12__seed691201__it0000044,ts_a11672e5dd88ad50a4d7,CB1_CAUR_L_CF3_RI2_TI2_R12,ORIGINAL_PHASE6J_CAUR,L,CF3,0,PHASE6L_TOP4,False
CB1_CAUR_L_CF3_RI2_TI2_R12__seed691201__it0000044,ts_aeae7a8bb35e9a24fa2e,CB1_CAUR_L_CF3_RI2_TI2_R12,ORIGINAL_PHASE6J_CAUR,L,CF3,0,PHASE6N_TOP4,False
CB1_CAUR_L_CF3_RI2_TI2_R12__seed691201__it0000044,ts_cfc86a41fbd49b12e5e9,CB1_CAUR_L_CF3_RI2_TI2_R12,ORIGINAL_PHASE6J_CAUR,L,CF3,0,PHASE6N_TOP4,False
CB1_CAUR_L_CF3_RI2_TI2_R12__seed691201__it0000044,ts_d3889e73861f2661b40b,CB1_CAUR_L_CF3_RI2_TI2_R12,ORIGINAL_PHASE6J_CAUR,L,CF3,0,PHASE6L_TOP4|PHASE6N_TOP4,False
CB1_CAUR_L_CF3_RI2_TI2_R12__seed691201__it0000083,ts_320ebb32ecb29b581548,CB1_CAUR_L_CF3_RI2_TI2_R12,ORIGINAL_PHASE6J_CAUR,L,CF3,0,PHASE6L_TOP4|PHASE6N_TOP4,False
CB1_CAUR_L_CF3_RI2_TI2_R12__seed691201__it0000083,ts_3baf6ceb38f5ef0dd808,CB1_CAUR_L_CF3_RI2_TI2_R12,ORIGINAL_PHASE6J_CAUR,L,CF3,0,CANONICAL_FALLBACK|PHASE6L_TOP4|PHASE6N_TOP4,True
CB1_CAUR_L_CF3_RI2_TI2_R12__seed691201__it0000083,ts_43986e4ff98b863f1f03,CB1_CAUR_L_CF3_RI2_TI2_R12,ORIGINAL_PHASE6J_CAUR,L,CF3,0,PHASE6N_TOP4,False
CB1_CAUR_L_CF3_RI2_TI2_R12__seed691201__it0000083,ts_765a1cbf962a6b85127b,CB1_CAUR_L_CF3_RI2_TI2_R12,ORIGINAL_PHASE6J_CAUR,L,CF3,0,PHASE6N_TOP4,False
CB1_CAUR_L_CF3_RI2_TI2_R12__seed691201__it0000083,ts_8876120a5af42f2c75f3,CB1_CAUR_L_CF3_RI2_TI2_R12,ORIGINAL_PHASE6J_CAUR,L,CF3,0,PHASE6L_TOP4,False
CB1_CAUR_L_CF3_RI2_TI2_R12__seed691201__it0000083,ts_fb69fa2bd17644bc9e8f,CB1_CAUR_L_CF3_RI2_TI2_R12,ORIGINAL_PHASE6J_CAUR,L,CF3,0,PHASE6L_TOP4,False
CB1_CAUR_L_CF3_RI2_TI2_R12__seed691201__it0000118,ts_666aad013197805f51d3,CB1_CAUR_L_CF3_RI2_TI2_R12,ORIGINAL_PHASE6J_CAUR,L,CF3,0,PHASE6L_TOP4|PHASE6N_TOP4,False
CB1_CAUR_L_CF3_RI2_TI2_R12__seed691201__it0000118,ts_734e57a11058a4feac9e,CB1_CAUR_L_CF3_RI2_TI2_R12,ORIGINAL_PHASE6J_CAUR,L,CF3,0,PHASE6L_TOP4|PHASE6N_TOP4,False
CB1_CAUR_L_CF3_RI2_TI2_R12__seed691201__it0000118,ts_8ab8b4bca4317450825a,CB1_CAUR_L_CF3_RI2_TI2_R12,ORIGINAL_PHASE6J_CAUR,L,CF3,0,CANONICAL_FALLBACK|PHASE6N_TOP4,True
CB1_CAUR_L_CF3_RI2_TI2_R12__seed691201__it0000118,ts_ce0c383f32e8f83b93ee,CB1_CAUR_L_CF3_RI2_TI2_R12,ORIGINAL_PHASE6J_CAUR,L,CF3,0,PHASE6L_TOP4|PHASE6N_TOP4,False
CB1_CAUR_L_CF3_RI2_TI2_R12__seed691201__it0000118,ts_fbd3ca8cc3dd58f9a899,CB1_CAUR_L_CF3_RI2_TI2_R12,ORIGINAL_PHASE6J_CAUR,L,CF3,0,PHASE6L_TOP4,False
CB1_CAUR_L_CF3_RI2_TI2_R12__seed691201__it0000154,ts_151aa95f040ebbcfb0b1,CB1_CAUR_L_CF3_RI2_TI2_R12,ORIGINAL_PHASE6J_CAUR,L,CF3,0,PHASE6L_TOP4,False
CB1_CAUR_L_CF3_RI2_TI2_R12__seed691201__it0000154,ts_417246981fa55c6a7046,CB1_CAUR_L_CF3_RI2_TI2_R12,ORIGINAL_PHASE6J_CAUR,L,CF3,0,PHASE6L_TOP4|PHASE6N_TOP4,False
CB1_CAUR_L_CF3_RI2_TI2_R12__seed691201__it0000154,ts_5c9e51197c3d16cc9386,CB1_CAUR_L_CF3_RI2_TI2_R12,ORIGINAL_PHASE6J_CAUR,L,CF3,0,CANONICAL_FALLBACK,True
CB1_CAUR_L_CF3_RI2_TI2_R12__seed691201__it0000154,ts_821a7124f83aaf4849bc,CB1_CAUR_L_CF3_RI2_TI2_R12,ORIGINAL_PHASE6J_CAUR,L,CF3,0,PHASE6N_TOP4,False
CB1_CAUR_L_CF3_RI2_TI2_R12__seed691201__it0000154,ts_dd4eeac61cbd11bdd36d,CB1_CAUR_L_CF3_RI2_TI2_R12,ORIGINAL_PHASE6J_CAUR,L,CF3,0,PHASE6L_TOP4|PHASE6N_TOP4,False
CB1_CAUR_L_CF3_RI2_TI2_R12__seed691201__it0000154,ts_ed0e22b353f91f503a5a,CB1_CAUR_L_CF3_RI2_TI2_R12,ORIGINAL_PHASE6J_CAUR,L,CF3,0,PHASE6L_TOP4|PHASE6N_TOP4,False
CB1_CAUR_L_CF3_RI2_TI2_R12__seed691201__it0000192,ts_4ff42c51e3507cd3a489,CB1_CAUR_L_CF3_RI2_TI2_R12,ORIGINAL_PHASE6J_CAUR,L,CF3,0,PHASE6L_TOP4|PHASE6N_TOP4,False
CB1_CAUR_L_CF3_RI2_TI2_R12__seed691201__it0000192,ts_6ee7e7cd1ef0e42fe9ad,CB1_CAUR_L_CF3_RI2_TI2_R12,ORIGINAL_PHASE6J_CAUR,L,CF3,0,PHASE6L_TOP4|PHASE6N_TOP4,False
CB1_CAUR_L_CF3_RI2_TI2_R12__seed691201__it0000192,ts_88e37d323ccce630cb58,CB1_CAUR_L_CF3_RI2_TI2_R12,ORIGINAL_PHASE6J_CAUR,L,CF3,0,PHASE6N_TOP4,False
CB1_CAUR_L_CF3_RI2_TI2_R12__seed691201__it0000192,ts_9db6a64bedda6790b65a,CB1_CAUR_L_CF3_RI2_TI2_R12,ORIGINAL_PHASE6J_CAUR,L,CF3,0,PHASE6L_TOP4|PHASE6N_TOP4,False
CB1_CAUR_L_CF3_RI2_TI2_R12__seed691201__it0000192,ts_ac38363d9dd9ab5298e0,CB1_CAUR_L_CF3_RI2_TI2_R12,ORIGINAL_PHASE6J_CAUR,L,CF3,0,CANONICAL_FALLBACK,True
CB1_CAUR_L_CF3_RI2_TI2_R12__seed691201__it0000192,ts_c0684a60c771ffcdadae,CB1_CAUR_L_CF3_RI2_TI2_R12,ORIGINAL_PHASE6J_CAUR,L,CF3,0,PHASE6L_TOP4,False
CB1_CAUR_L_CF3_RI2_TI2_R12__seed691201__it0000227,ts_0029524082af5ed83a8e,CB1_CAUR_L_CF3_RI2_TI2_R12,ORIGINAL_PHASE6J_CAUR,L,CF3,0,PHASE6L_TOP4|PHASE6N_TOP4,False
CB1_CAUR_L_CF3_RI2_TI2_R12__seed691201__it0000227,ts_34450b51ea22b100aa85,CB1_CAUR_L_CF3_RI2_TI2_R12,ORIGINAL_PHASE6J_CAUR,L,CF3,0,PHASE6L_TOP4|PHASE6N_TOP4,False
CB1_CAUR_L_CF3_RI2_TI2_R12__seed691201__it0000227,ts_3c7539be5bf3efbafeb7,CB1_CAUR_L_CF3_RI2_TI2_R12,ORIGINAL_PHASE6J_CAUR,L,CF3,0,CANONICAL_FALLBACK|PHASE6N_TOP4,True
CB1_CAUR_L_CF3_RI2_TI2_R12__seed691201__it0000227,ts_795564988db9c8601fee,CB1_CAUR_L_CF3_RI2_TI2_R12,ORIGINAL_PHASE6J_CAUR,L,CF3,0,PHASE6L_TOP4,False
CB1_CAUR_L_CF3_RI2_TI2_R12__seed691201__it0000227,ts_ea78af6a8af0fdb6a2f1,CB1_CAUR_L_CF3_RI2_TI2_R12,ORIGINAL_PHASE6J_CAUR,L,CF3,0,PHASE6L_TOP4|PHASE6N_TOP4,False
CB1_CAUR_L_CF3_RI2_TI2_R12__seed691201__it0000254,ts_00288d960dc6b59465de,CB1_CAUR_L_CF3_RI2_TI2_R12,ORIGINAL_PHASE6J_CAUR,L,CF3,0,PHASE6L_TOP4|PHASE6N_TOP4,False
CB1_CAUR_L_CF3_RI2_TI2_R12__seed691201__it0000254,ts_2f0f9d027c9665318b58,CB1_CAUR_L_CF3_RI2_TI2_R12,ORIGINAL_PHASE6J_CAUR,L,CF3,0,PHASE6L_TOP4,False
CB1_CAUR_L_CF3_RI2_TI2_R12__seed691201__it0000254,ts_59b1880d8bf02f4d2605,CB1_CAUR_L_CF3_RI2_TI2_R12,ORIGINAL_PHASE6J_CAUR,L,CF3,0,PHASE6N_TOP4,False
CB1_CAUR_L_CF3_RI2_TI2_R12__seed691201__it0000254,ts_68003dc236b5180aa7c3,CB1_CAUR_L_CF3_RI2_TI2_R12,ORIGINAL_PHASE6J_CAUR,L,CF3,0,PHASE6N_TOP4,False
CB1_CAUR_L_CF3_RI2_TI2_R12__seed691201__it0000254,ts_d027efc60b456751ad83,CB1_CAUR_L_CF3_RI2_TI2_R12,ORIGINAL_PHASE6J_CAUR,L,CF3,0,PHASE6L_TOP4,False
CB1_CAUR_L_CF3_RI2_TI2_R12__seed691201__it0000254,ts_d5ccebbfd780f00fac03,CB1_CAUR_L_CF3_RI2_TI2_R12,ORIGINAL_PHASE6J_CAUR,L,CF3,0,PHASE6L_TOP4,False
CB1_CAUR_L_CF3_RI2_TI2_R12__seed691201__it0000254,ts_dadc911c61b5cc92a750,CB1_CAUR_L_CF3_RI2_TI2_R12,ORIGINAL_PHASE6J_CAUR,L,CF3,0,CANONICAL_FALLBACK|PHASE6N_TOP4,True
CB1_CAUR_L_CF3_RI2_TI2_R12__seed691202__it0000009,ts_38894295fbf4a6cf3fd8,CB1_CAUR_L_CF3_RI2_TI2_R12,ORIGINAL_PHASE6J_CAUR,L,CF3,0,PHASE6L_TOP4,False
CB1_CAUR_L_CF3_RI2_TI2_R12__seed691202__it0000009,ts_481aeb911ebe625b8214,CB1_CAUR_L_CF3_RI2_TI2_R12,ORIGINAL_PHASE6J_CAUR,L,CF3,0,PHASE6N_TOP4,False
CB1_CAUR_L_CF3_RI2_TI2_R12__seed691202__it0000009,ts_49dd435c1b5dc3769d45,CB1_CAUR_L_CF3_RI2_TI2_R12,ORIGINAL_PHASE6J_CAUR,L,CF3,0,PHASE6L_TOP4|PHASE6N_TOP4,False
CB1_CAUR_L_CF3_RI2_TI2_R12__seed691202__it0000009,ts_4c39d861736e94c17eb3,CB1_CAUR_L_CF3_RI2_TI2_R12,ORIGINAL_PHASE6J_CAUR,L,CF3,0,PHASE6L_TOP4|PHASE6N_TOP4,False
CB1_CAUR_L_CF3_RI2_TI2_R12__seed691202__it0000009,ts_4f896c39b72d662ff5dd,CB1_CAUR_L_CF3_RI2_TI2_R12,ORIGINAL_PHASE6J_CAUR,L,CF3,0,PHASE6L_TOP4,False
CB1_CAUR_L_CF3_RI2_TI2_R12__seed691202__it0000009,ts_65771f6478f4619f293c,CB1_CAUR_L_CF3_RI2_TI2_R12,ORIGINAL_PHASE6J_CAUR,L,CF3,0,CANONICAL_FALLBACK|PHASE6N_TOP4,True
CB1_CAUR_L_CF3_RI2_TI2_R12__seed691202__it0000045,ts_162ea727020ee6b9627e,CB1_CAUR_L_CF3_RI2_TI2_R12,ORIGINAL_PHASE6J_CAUR,L,CF3,0,PHASE6N_TOP4,False
CB1_CAUR_L_CF3_RI2_TI2_R12__seed691202__it0000045,ts_24f785ccf946db319cbb,CB1_CAUR_L_CF3_RI2_TI2_R12,ORIGINAL_PHASE6J_CAUR,L,CF3,0,PHASE6L_TOP4,False
CB1_CAUR_L_CF3_RI2_TI2_R12__seed691202__it0000045,ts_25d5874f66743208cf80,CB1_CAUR_L_CF3_RI2_TI2_R12,ORIGINAL_PHASE6J_CAUR,L,CF3,0,PHASE6L_TOP4,False
CB1_CAUR_L_CF3_RI2_TI2_R12__seed691202__it0000045,ts_35e38f89b001d9897391,CB1_CAUR_L_CF3_RI2_TI2_R12,ORIGINAL_PHASE6J_CAUR,L,CF3,0,PHASE6L_TOP4|PHASE6N_TOP4,False
CB1_CAUR_L_CF3_RI2_TI2_R12__seed691202__it0000045,ts_4c9f7ec605c261e509be,CB1_CAUR_L_CF3_RI2_TI2_R12,ORIGINAL_PHASE6J_CAUR,L,CF3,0,PHASE6N_TOP4,False
CB1_CAUR_L_CF3_RI2_TI2_R12__seed691202__it0000045,ts_69f932812d1ccad8c1b5,CB1_CAUR_L_CF3_RI2_TI2_R12,ORIGINAL_PHASE6J_CAUR,L,CF3,0,PHASE6N_TOP4,False
CB1_CAUR_L_CF3_RI2_TI2_R12__seed691202__it0000045,ts_a45917413b4ad666cf44,CB1_CAUR_L_CF3_RI2_TI2_R12,ORIGINAL_PHASE6J_CAUR,L,CF3,0,PHASE6L_TOP4,False
CB1_CAUR_L_CF3_RI2_TI2_R12__seed691202__it0000045,ts_c47cdfeb95a5ddb4ac21,CB1_CAUR_L_CF3_RI2_TI2_R12,ORIGINAL_PHASE6J_CAUR,L,CF3,0,CANONICAL_FALLBACK,True
CB1_CAUR_L_CF3_RI2_TI2_R12__seed691202__it0000082,ts_2af460d0d4994d0247d6,CB1_CAUR_L_CF3_RI2_TI2_R12,ORIGINAL_PHASE6J_CAUR,L,CF3,0,PHASE6L_TOP4|PHASE6N_TOP4,False
CB1_CAUR_L_CF3_RI2_TI2_R12__seed691202__it0000082,ts_4272810e65de3afe4496,CB1_CAUR_L_CF3_RI2_TI2_R12,ORIGINAL_PHASE6J_CAUR,L,CF3,0,PHASE6L_TOP4,False
CB1_CAUR_L_CF3_RI2_TI2_R12__seed691202__it0000082,ts_59963b4b82ed27fa59c1,CB1_CAUR_L_CF3_RI2_TI2_R12,ORIGINAL_PHASE6J_CAUR,L,CF3,0,PHASE6L_TOP4,False
CB1_CAUR_L_CF3_RI2_TI2_R12__seed691202__it0000082,ts_892925e0e2daea5bab72,CB1_CAUR_L_CF3_RI2_TI2_R12,ORIGINAL_PHASE6J_CAUR,L,CF3,0,PHASE6N_TOP4,False
CB1_CAUR_L_CF3_RI2_TI2_R12__seed691202__it0000082,ts_b2bf0cedf7f893f74a9a,CB1_CAUR_L_CF3_RI2_TI2_R12,ORIGINAL_PHASE6J_CAUR,L,CF3,0,CANONICAL_FALLBACK|PHASE6N_TOP4,True
CB1_CAUR_L_CF3_RI2_TI2_R12__seed691202__it0000082,ts_b4457d2ced41cca9c414,CB1_CAUR_L_CF3_RI2_TI2_R12,ORIGINAL_PHASE6J_CAUR,L,CF3,0,PHASE6L_TOP4|PHASE6N_TOP4,False
CB1_CAUR_L_CF3_RI2_TI2_R12__seed691202__it0000118,ts_18ebc657d2fd0600ef15,CB1_CAUR_L_CF3_RI2_TI2_R12,ORIGINAL_PHASE6J_CAUR,L,CF3,0,CANONICAL_FALLBACK,True
CB1_CAUR_L_CF3_RI2_TI2_R12__seed691202__it0000118,ts_31673b263cc12c787d8a,CB1_CAUR_L_CF3_RI2_TI2_R12,ORIGINAL_PHASE6J_CAUR,L,CF3,0,PHASE6N_TOP4,False
CB1_CAUR_L_CF3_RI2_TI2_R12__seed691202__it0000118,ts_859a9d7469908f62dcbe,CB1_CAUR_L_CF3_RI2_TI2_R12,ORIGINAL_PHASE6J_CAUR,L,CF3,0,PHASE6L_TOP4|PHASE6N_TOP4,False
CB1_CAUR_L_CF3_RI2_TI2_R12__seed691202__it0000118,ts_9319e055a94e976884fe,CB1_CAUR_L_CF3_RI2_TI2_R12,ORIGINAL_PHASE6J_CAUR,L,CF3,0,PHASE6L_TOP4,False
CB1_CAUR_L_CF3_RI2_TI2_R12__seed691202__it0000118,ts_b2577ff798e10a6d39a4,CB1_CAUR_L_CF3_RI2_TI2_R12,ORIGINAL_PHASE6J_CAUR,L,CF3,0,PHASE6L_TOP4|PHASE6N_TOP4,False
CB1_CAUR_L_CF3_RI2_TI2_R12__seed691202__it0000118,ts_d4338da9991c39b89b57,CB1_CAUR_L_CF3_RI2_TI2_R12,ORIGINAL_PHASE6J_CAUR,L,CF3,0,PHASE6L_TOP4|PHASE6N_TOP4,False
CB1_CAUR_L_CF3_RI2_TI2_R12__seed691202__it0000152,ts_19d0ae22573c181bf0a4,CB1_CAUR_L_CF3_RI2_TI2_R12,ORIGINAL_PHASE6J_CAUR,L,CF3,0,CANONICAL_FALLBACK,True
CB1_CAUR_L_CF3_RI2_TI2_R12__seed691202__it0000152,ts_541186c984f0c5a358b0,CB1_CAUR_L_CF3_RI2_TI2_R12,ORIGINAL_PHASE6J_CAUR,L,CF3,0,PHASE6L_TOP4|PHASE6N_TOP4,False
CB1_CAUR_L_CF3_RI2_TI2_R12__seed691202__it0000152,ts_c643acc4d7790e9f2d5c,CB1_CAUR_L_CF3_RI2_TI2_R12,ORIGINAL_PHASE6J_CAUR,L,CF3,0,PHASE6L_TOP4|PHASE6N_TOP4,False
CB1_CAUR_L_CF3_RI2_TI2_R12__seed691202__it0000152,ts_e1623b6f69bb243dacce,CB1_CAUR_L_CF3_RI2_TI2_R12,ORIGINAL_PHASE6J_CAUR,L,CF3,0,PHASE6L_TOP4|PHASE6N_TOP4,False
CB1_CAUR_L_CF3_RI2_TI2_R12__seed691202__it0000152,ts_e90ba5c0b8abae2abb96,CB1_CAUR_L_CF3_RI2_TI2_R12,ORIGINAL_PHASE6J_CAUR,L,CF3,0,PHASE6L_TOP4|PHASE6N_TOP4,False
CB1_CAUR_L_CF3_RI2_TI2_R12__seed691202__it0000191,ts_1717af097f8f95b76ce4,CB1_CAUR_L_CF3_RI2_TI2_R12,ORIGINAL_PHASE6J_CAUR,L,CF3,0,PHASE6L_TOP4,False
CB1_CAUR_L_CF3_RI2_TI2_R12__seed691202__it0000191,ts_349c69243cd9c7c8f3f5,CB1_CAUR_L_CF3_RI2_TI2_R12,ORIGINAL_PHASE6J_CAUR,L,CF3,0,PHASE6L_TOP4|PHASE6N_TOP4,False
CB1_CAUR_L_CF3_RI2_TI2_R12__seed691202__it0000191,ts_573071eb5f2847532026,CB1_CAUR_L_CF3_RI2_TI2_R12,ORIGINAL_PHASE6J_CAUR,L,CF3,0,PHASE6N_TOP4,False
CB1_CAUR_L_CF3_RI2_TI2_R12__seed691202__it0000191,ts_6510d766c6346dba647b,CB1_CAUR_L_CF3_RI2_TI2_R12,ORIGINAL_PHASE6J_CAUR,L,CF3,0,PHASE6L_TOP4|PHASE6N_TOP4,False
CB1_CAUR_L_CF3_RI2_TI2_R12__seed691202__it0000191,ts_80a67c14a6f9035cbb89,CB1_CAUR_L_CF3_RI2_TI2_R12,ORIGINAL_PHASE6J_CAUR,L,CF3,0,CANONICAL_FALLBACK,True
CB1_CAUR_L_CF3_RI2_TI2_R12__seed691202__it0000191,ts_b0ada93a98659416fae0,CB1_CAUR_L_CF3_RI2_TI2_R12,ORIGINAL_PHASE6J_CAUR,L,CF3,0,PHASE6L_TOP4|PHASE6N_TOP4,False
CB1_CAUR_L_CF3_RI2_TI2_R12__seed691202__it0000226,ts_2f66b4bab00317c936c8,CB1_CAUR_L_CF3_RI2_TI2_R12,ORIGINAL_PHASE6J_CAUR,L,CF3,0,PHASE6L_TOP4|PHASE6N_TOP4,False
CB1_CAUR_L_CF3_RI2_TI2_R12__seed691202__it0000226,ts_94f6a40fd0da31737f00,CB1_CAUR_L_CF3_RI2_TI2_R12,ORIGINAL_PHASE6J_CAUR,L,CF3,0,PHASE6L_TOP4|PHASE6N_TOP4,False
CB1_CAUR_L_CF3_RI2_TI2_R12__seed691202__it0000226,ts_afe126cf9b52a057e1a2,CB1_CAUR_L_CF3_RI2_TI2_R12,ORIGINAL_PHASE6J_CAUR,L,CF3,0,CANONICAL_FALLBACK,True
CB1_CAUR_L_CF3_RI2_TI2_R12__seed691202__it0000226,ts_c1c51faff482ad08f737,CB1_CAUR_L_CF3_RI2_TI2_R12,ORIGINAL_PHASE6J_CAUR,L,CF3,0,PHASE6L_TOP4,False
CB1_CAUR_L_CF3_RI2_TI2_R12__seed691202__it0000226,ts_f4770153d6484b0cc74a,CB1_CAUR_L_CF3_RI2_TI2_R12,ORIGINAL_PHASE6J_CAUR,L,CF3,0,PHASE6N_TOP4,False
CB1_CAUR_L_CF3_RI2_TI2_R12__seed691202__it0000226,ts_fa0ca2a26c135e682bd0,CB1_CAUR_L_CF3_RI2_TI2_R12,ORIGINAL_PHASE6J_CAUR,L,CF3,0,PHASE6L_TOP4|PHASE6N_TOP4,False
CB1_CAUR_L_CF3_RI2_TI2_R12__seed691202__it0000254,ts_4fac24dded3578c136cf,CB1_CAUR_L_CF3_RI2_TI2_R12,ORIGINAL_PHASE6J_CAUR,L,CF3,0,CANONICAL_FALLBACK,True
CB1_CAUR_L_CF3_RI2_TI2_R12__seed691202__it0000254,ts_6e0e383f63f88a9bb0c8,CB1_CAUR_L_CF3_RI2_TI2_R12,ORIGINAL_PHASE6J_CAUR,L,CF3,0,PHASE6L_TOP4,False
CB1_CAUR_L_CF3_RI2_TI2_R12__seed691202__it0000254,ts_7383615868c77d855e09,CB1_CAUR_L_CF3_RI2_TI2_R12,ORIGINAL_PHASE6J_CAUR,L,CF3,0,PHASE6L_TOP4|PHASE6N_TOP4,False
CB1_CAUR_L_CF3_RI2_TI2_R12__seed691202__it0000254,ts_af91ec6b3d70fd1ec729,CB1_CAUR_L_CF3_RI2_TI2_R12,ORIGINAL_PHASE6J_CAUR,L,CF3,0,PHASE6L_TOP4|PHASE6N_TOP4,False
CB1_CAUR_L_CF3_RI2_TI2_R12__seed691202__it0000254,ts_ceccc847e24402a058cd,CB1_CAUR_L_CF3_RI2_TI2_R12,ORIGINAL_PHASE6J_CAUR,L,CF3,0,PHASE6L_TOP4,False
CB1_CAUR_L_CF3_RI2_TI2_R12__seed691202__it0000254,ts_d34ff9ee01f333f029fc,CB1_CAUR_L_CF3_RI2_TI2_R12,ORIGINAL_PHASE6J_CAUR,L,CF3,0,PHASE6N_TOP4,False
CB1_CAUR_L_CF3_RI2_TI2_R12__seed691202__it0000254,ts_f3da63986a8e3001bc95,CB1_CAUR_L_CF3_RI2_TI2_R12,ORIGINAL_PHASE6J_CAUR,L,CF3,0,PHASE6N_TOP4,False
CB1_CAUR_L_CF3_RI2_TI2_R12__seed721201__it0000015,ts_799746d59885e56a6209,CB1_CAUR_L_CF3_RI2_TI2_R12,NEW_ALNS_EXPANSION,L,CF3,0,PHASE6N_TOP4,False
CB1_CAUR_L_CF3_RI2_TI2_R12__seed721201__it0000015,ts_7f8a51d156f0b59bd053,CB1_CAUR_L_CF3_RI2_TI2_R12,NEW_ALNS_EXPANSION,L,CF3,0,PHASE6N_TOP4,False
CB1_CAUR_L_CF3_RI2_TI2_R12__seed721201__it0000015,ts_81dde61eee28dae6a9de,CB1_CAUR_L_CF3_RI2_TI2_R12,NEW_ALNS_EXPANSION,L,CF3,0,PHASE6N_TOP4,False
CB1_CAUR_L_CF3_RI2_TI2_R12__seed721201__it0000015,ts_a6b3f08a13fdb751973a,CB1_CAUR_L_CF3_RI2_TI2_R12,NEW_ALNS_EXPANSION,L,CF3,0,PHASE6N_TOP4,False
CB1_CAUR_L_CF3_RI2_TI2_R12__seed721201__it0000015,ts_f6b12deffe102e00519d,CB1_CAUR_L_CF3_RI2_TI2_R12,NEW_ALNS_EXPANSION,L,CF3,0,CANONICAL_FALLBACK,True
CB1_CAUR_L_CF3_RI2_TI2_R12__seed721201__it0000072,ts_0737846997b11bb32120,CB1_CAUR_L_CF3_RI2_TI2_R12,NEW_ALNS_EXPANSION,L,CF3,0,PHASE6N_TOP4,False
CB1_CAUR_L_CF3_RI2_TI2_R12__seed721201__it0000072,ts_10b0e1fbfc5844554845,CB1_CAUR_L_CF3_RI2_TI2_R12,NEW_ALNS_EXPANSION,L,CF3,0,PHASE6N_TOP4,False
CB1_CAUR_L_CF3_RI2_TI2_R12__seed721201__it0000072,ts_3e12a317e269536596a1,CB1_CAUR_L_CF3_RI2_TI2_R12,NEW_ALNS_EXPANSION,L,CF3,0,PHASE6N_TOP4,False
CB1_CAUR_L_CF3_RI2_TI2_R12__seed721201__it0000072,ts_a8a551e072aee26d831e,CB1_CAUR_L_CF3_RI2_TI2_R12,NEW_ALNS_EXPANSION,L,CF3,0,PHASE6N_TOP4,False
CB1_CAUR_L_CF3_RI2_TI2_R12__seed721201__it0000072,ts_dbb2856b3a7cbdb847c3,CB1_CAUR_L_CF3_RI2_TI2_R12,NEW_ALNS_EXPANSION,L,CF3,0,CANONICAL_FALLBACK,True
CB1_CAUR_L_CF3_RI2_TI2_R12__seed721201__it0000133,ts_05e00896db9ed698da12,CB1_CAUR_L_CF3_RI2_TI2_R12,NEW_ALNS_EXPANSION,L,CF3,0,PHASE6N_TOP4,False
CB1_CAUR_L_CF3_RI2_TI2_R12__seed721201__it0000133,ts_613ec9d3e8c5087a9f03,CB1_CAUR_L_CF3_RI2_TI2_R12,NEW_ALNS_EXPANSION,L,CF3,0,PHASE6N_TOP4,False
CB1_CAUR_L_CF3_RI2_TI2_R12__seed721201__it0000133,ts_72e982ca80b586023da5,CB1_CAUR_L_CF3_RI2_TI2_R12,NEW_ALNS_EXPANSION,L,CF3,0,PHASE6N_TOP4,False
CB1_CAUR_L_CF3_RI2_TI2_R12__seed721201__it0000133,ts_c2138d227c618c64a124,CB1_CAUR_L_CF3_RI2_TI2_R12,NEW_ALNS_EXPANSION,L,CF3,0,CANONICAL_FALLBACK,True
CB1_CAUR_L_CF3_RI2_TI2_R12__seed721201__it0000133,ts_e63818a94762ebdea3c1,CB1_CAUR_L_CF3_RI2_TI2_R12,NEW_ALNS_EXPANSION,L,CF3,0,PHASE6N_TOP4,False
CB1_CAUR_L_CF3_RI2_TI2_R12__seed721201__it0000189,ts_14710ecb55e2c6f10cec,CB1_CAUR_L_CF3_RI2_TI2_R12,NEW_ALNS_EXPANSION,L,CF3,0,PHASE6N_TOP4,False
CB1_CAUR_L_CF3_RI2_TI2_R12__seed721201__it0000189,ts_5387575eee3f694fcc00,CB1_CAUR_L_CF3_RI2_TI2_R12,NEW_ALNS_EXPANSION,L,CF3,0,PHASE6N_TOP4,False
CB1_CAUR_L_CF3_RI2_TI2_R12__seed721201__it0000189,ts_a837a5d9eeb2f77dd558,CB1_CAUR_L_CF3_RI2_TI2_R12,NEW_ALNS_EXPANSION,L,CF3,0,CANONICAL_FALLBACK,True
CB1_CAUR_L_CF3_RI2_TI2_R12__seed721201__it0000189,ts_cc9502e052b57fe3cd77,CB1_CAUR_L_CF3_RI2_TI2_R12,NEW_ALNS_EXPANSION,L,CF3,0,PHASE6N_TOP4,False
CB1_CAUR_L_CF3_RI2_TI2_R12__seed721201__it0000189,ts_fe8579f444671c907b08,CB1_CAUR_L_CF3_RI2_TI2_R12,NEW_ALNS_EXPANSION,L,CF3,0,PHASE6N_TOP4,False
CB1_CAUR_L_CF3_RI2_TI2_R12__seed721201__it0000246,ts_1b6ba42e399a32309a5e,CB1_CAUR_L_CF3_RI2_TI2_R12,NEW_ALNS_EXPANSION,L,CF3,0,CANONICAL_FALLBACK,True
CB1_CAUR_L_CF3_RI2_TI2_R12__seed721201__it0000246,ts_3bdebe98bc6f363cc1ff,CB1_CAUR_L_CF3_RI2_TI2_R12,NEW_ALNS_EXPANSION,L,CF3,0,PHASE6N_TOP4,False
CB1_CAUR_L_CF3_RI2_TI2_R12__seed721201__it0000246,ts_4eb49b274e4eebda3376,CB1_CAUR_L_CF3_RI2_TI2_R12,NEW_ALNS_EXPANSION,L,CF3,0,PHASE6N_TOP4,False
CB1_CAUR_L_CF3_RI2_TI2_R12__seed721201__it0000246,ts_8ec5078ac6c45f9fb71b,CB1_CAUR_L_CF3_RI2_TI2_R12,NEW_ALNS_EXPANSION,L,CF3,0,PHASE6N_TOP4,False
CB1_CAUR_L_CF3_RI2_TI2_R12__seed721201__it0000246,ts_8f3b7ffbcfd60b648e4d,CB1_CAUR_L_CF3_RI2_TI2_R12,NEW_ALNS_EXPANSION,L,CF3,0,PHASE6N_TOP4,False
CB1_CAUR_L_CF3_RI2_TI2_R12__seed721201__it0000306,ts_07160582795791913027,CB1_CAUR_L_CF3_RI2_TI2_R12,NEW_ALNS_EXPANSION,L,CF3,0,CANONICAL_FALLBACK,True
CB1_CAUR_L_CF3_RI2_TI2_R12__seed721201__it0000306,ts_2195cf25c3dbe418e98b,CB1_CAUR_L_CF3_RI2_TI2_R12,NEW_ALNS_EXPANSION,L,CF3,0,PHASE6N_TOP4,False
CB1_CAUR_L_CF3_RI2_TI2_R12__seed721201__it0000306,ts_3c6542b720ecc59e226c,CB1_CAUR_L_CF3_RI2_TI2_R12,NEW_ALNS_EXPANSION,L,CF3,0,PHASE6N_TOP4,False
CB1_CAUR_L_CF3_RI2_TI2_R12__seed721201__it0000306,ts_8c24d856f16ce3cc8fde,CB1_CAUR_L_CF3_RI2_TI2_R12,NEW_ALNS_EXPANSION,L,CF3,0,PHASE6N_TOP4,False
CB1_CAUR_L_CF3_RI2_TI2_R12__seed721201__it0000306,ts_d4810fa4f8ee1b1d0765,CB1_CAUR_L_CF3_RI2_TI2_R12,NEW_ALNS_EXPANSION,L,CF3,0,PHASE6N_TOP4,False
CB1_CAUR_L_CF3_RI2_TI2_R12__seed721201__it0000362,ts_59072657c1c8e9cbd147,CB1_CAUR_L_CF3_RI2_TI2_R12,NEW_ALNS_EXPANSION,L,CF3,0,PHASE6N_TOP4,False
CB1_CAUR_L_CF3_RI2_TI2_R12__seed721201__it0000362,ts_90c68c06d0fa200a81ad,CB1_CAUR_L_CF3_RI2_TI2_R12,NEW_ALNS_EXPANSION,L,CF3,0,CANONICAL_FALLBACK,True
CB1_CAUR_L_CF3_RI2_TI2_R12__seed721201__it0000362,ts_94eafc7b1649ec6abaff,CB1_CAUR_L_CF3_RI2_TI2_R12,NEW_ALNS_EXPANSION,L,CF3,0,PHASE6N_TOP4,False
CB1_CAUR_L_CF3_RI2_TI2_R12__seed721201__it0000362,ts_9cfcf77d9ea08b0dc3c1,CB1_CAUR_L_CF3_RI2_TI2_R12,NEW_ALNS_EXPANSION,L,CF3,0,PHASE6N_TOP4,False
CB1_CAUR_L_CF3_RI2_TI2_R12__seed721201__it0000362,ts_b35529de419a307682cd,CB1_CAUR_L_CF3_RI2_TI2_R12,NEW_ALNS_EXPANSION,L,CF3,0,PHASE6N_TOP4,False
CB1_CAUR_L_CF3_RI2_TI2_R12__seed721201__it0000404,ts_510f6da313897a869fa9,CB1_CAUR_L_CF3_RI2_TI2_R12,NEW_ALNS_EXPANSION,L,CF3,0,PHASE6N_TOP4,False
CB1_CAUR_L_CF3_RI2_TI2_R12__seed721201__it0000404,ts_7c4b24f9382b78b49331,CB1_CAUR_L_CF3_RI2_TI2_R12,NEW_ALNS_EXPANSION,L,CF3,0,CANONICAL_FALLBACK,True
CB1_CAUR_L_CF3_RI2_TI2_R12__seed721201__it0000404,ts_a1e167a528689ae81b9b,CB1_CAUR_L_CF3_RI2_TI2_R12,NEW_ALNS_EXPANSION,L,CF3,0,PHASE6N_TOP4,False
CB1_CAUR_L_CF3_RI2_TI2_R12__seed721201__it0000404,ts_a2edcbe8af3d0fd92065,CB1_CAUR_L_CF3_RI2_TI2_R12,NEW_ALNS_EXPANSION,L,CF3,0,PHASE6N_TOP4,False
CB1_CAUR_L_CF3_RI2_TI2_R12__seed721201__it0000404,ts_cc7439299f4482ae7aac,CB1_CAUR_L_CF3_RI2_TI2_R12,NEW_ALNS_EXPANSION,L,CF3,0,PHASE6N_TOP4,False
CB1_CAUR_L_CF3_RI2_TI2_R12__seed721202__it0000015,ts_013cfd89f4710914271a,CB1_CAUR_L_CF3_RI2_TI2_R12,NEW_ALNS_EXPANSION,L,CF3,0,CANONICAL_FALLBACK,True
CB1_CAUR_L_CF3_RI2_TI2_R12__seed721202__it0000015,ts_2d7dfe447815c806cf62,CB1_CAUR_L_CF3_RI2_TI2_R12,NEW_ALNS_EXPANSION,L,CF3,0,PHASE6N_TOP4,False
CB1_CAUR_L_CF3_RI2_TI2_R12__seed721202__it0000015,ts_5f280e9712941bf70400,CB1_CAUR_L_CF3_RI2_TI2_R12,NEW_ALNS_EXPANSION,L,CF3,0,PHASE6N_TOP4,False
CB1_CAUR_L_CF3_RI2_TI2_R12__seed721202__it0000015,ts_957342ffab83f3284e1e,CB1_CAUR_L_CF3_RI2_TI2_R12,NEW_ALNS_EXPANSION,L,CF3,0,PHASE6N_TOP4,False
CB1_CAUR_L_CF3_RI2_TI2_R12__seed721202__it0000015,ts_bb8612110c3fecd487ab,CB1_CAUR_L_CF3_RI2_TI2_R12,NEW_ALNS_EXPANSION,L,CF3,0,PHASE6N_TOP4,False
CB1_CAUR_L_CF3_RI2_TI2_R12__seed721202__it0000073,ts_3798a30cf9140328763c,CB1_CAUR_L_CF3_RI2_TI2_R12,NEW_ALNS_EXPANSION,L,CF3,0,PHASE6N_TOP4,False
CB1_CAUR_L_CF3_RI2_TI2_R12__seed721202__it0000073,ts_97866b7acf7fe913ecf2,CB1_CAUR_L_CF3_RI2_TI2_R12,NEW_ALNS_EXPANSION,L,CF3,0,PHASE6N_TOP4,False
CB1_CAUR_L_CF3_RI2_TI2_R12__seed721202__it0000073,ts_99ca6ff6713483f200cc,CB1_CAUR_L_CF3_RI2_TI2_R12,NEW_ALNS_EXPANSION,L,CF3,0,CANONICAL_FALLBACK,True
CB1_CAUR_L_CF3_RI2_TI2_R12__seed721202__it0000073,ts_cd33366df4f13431b24d,CB1_CAUR_L_CF3_RI2_TI2_R12,NEW_ALNS_EXPANSION,L,CF3,0,PHASE6N_TOP4,False
CB1_CAUR_L_CF3_RI2_TI2_R12__seed721202__it0000073,ts_f86c92a181c8a7a9235a,CB1_CAUR_L_CF3_RI2_TI2_R12,NEW_ALNS_EXPANSION,L,CF3,0,PHASE6N_TOP4,False
CB1_CAUR_L_CF3_RI2_TI2_R12__seed721202__it0000133,ts_1fb09a5e3587f01b877f,CB1_CAUR_L_CF3_RI2_TI2_R12,NEW_ALNS_EXPANSION,L,CF3,0,PHASE6N_TOP4,False
CB1_CAUR_L_CF3_RI2_TI2_R12__seed721202__it0000133,ts_5bda617dcebc3e3d3f4f,CB1_CAUR_L_CF3_RI2_TI2_R12,NEW_ALNS_EXPANSION,L,CF3,0,PHASE6N_TOP4,False
CB1_CAUR_L_CF3_RI2_TI2_R12__seed721202__it0000133,ts_bcfe90a30b132a164558,CB1_CAUR_L_CF3_RI2_TI2_R12,NEW_ALNS_EXPANSION,L,CF3,0,PHASE6N_TOP4,False
CB1_CAUR_L_CF3_RI2_TI2_R12__seed721202__it0000133,ts_cd2e5c0b6db34ac89c69,CB1_CAUR_L_CF3_RI2_TI2_R12,NEW_ALNS_EXPANSION,L,CF3,0,CANONICAL_FALLBACK,True
CB1_CAUR_L_CF3_RI2_TI2_R12__seed721202__it0000133,ts_f3179e4f67e010aa8243,CB1_CAUR_L_CF3_RI2_TI2_R12,NEW_ALNS_EXPANSION,L,CF3,0,PHASE6N_TOP4,False
CB1_CAUR_L_CF3_RI2_TI2_R12__seed721202__it0000191,ts_6fce671c600ef793236b,CB1_CAUR_L_CF3_RI2_TI2_R12,NEW_ALNS_EXPANSION,L,CF3,0,PHASE6N_TOP4,False
CB1_CAUR_L_CF3_RI2_TI2_R12__seed721202__it0000191,ts_85263207b3b0ad38e38e,CB1_CAUR_L_CF3_RI2_TI2_R12,NEW_ALNS_EXPANSION,L,CF3,0,PHASE6N_TOP4,False
CB1_CAUR_L_CF3_RI2_TI2_R12__seed721202__it0000191,ts_c3fb20ab2a00e1b26088,CB1_CAUR_L_CF3_RI2_TI2_R12,NEW_ALNS_EXPANSION,L,CF3,0,PHASE6N_TOP4,False
CB1_CAUR_L_CF3_RI2_TI2_R12__seed721202__it0000191,ts_ece494909c870ed0d81a,CB1_CAUR_L_CF3_RI2_TI2_R12,NEW_ALNS_EXPANSION,L,CF3,0,PHASE6N_TOP4,False
CB1_CAUR_L_CF3_RI2_TI2_R12__seed721202__it0000191,ts_ee1bc84251814ddbc2ef,CB1_CAUR_L_CF3_RI2_TI2_R12,NEW_ALNS_EXPANSION,L,CF3,0,CANONICAL_FALLBACK,True
CB1_CAUR_L_CF3_RI2_TI2_R12__seed721202__it0000246,ts_12e3fe9eee05b5489fc2,CB1_CAUR_L_CF3_RI2_TI2_R12,NEW_ALNS_EXPANSION,L,CF3,0,CANONICAL_FALLBACK,True
CB1_CAUR_L_CF3_RI2_TI2_R12__seed721202__it0000246,ts_33c24b8ed1cc6c993827,CB1_CAUR_L_CF3_RI2_TI2_R12,NEW_ALNS_EXPANSION,L,CF3,0,PHASE6N_TOP4,False
CB1_CAUR_L_CF3_RI2_TI2_R12__seed721202__it0000246,ts_5547e029728e8caaa374,CB1_CAUR_L_CF3_RI2_TI2_R12,NEW_ALNS_EXPANSION,L,CF3,0,PHASE6N_TOP4,False
CB1_CAUR_L_CF3_RI2_TI2_R12__seed721202__it0000246,ts_812b2a0a31a132040abe,CB1_CAUR_L_CF3_RI2_TI2_R12,NEW_ALNS_EXPANSION,L,CF3,0,PHASE6N_TOP4,False
CB1_CAUR_L_CF3_RI2_TI2_R12__seed721202__it0000246,ts_a51c524704a138026053,CB1_CAUR_L_CF3_RI2_TI2_R12,NEW_ALNS_EXPANSION,L,CF3,0,PHASE6N_TOP4,False
CB1_CAUR_L_CF3_RI2_TI2_R12__seed721202__it0000307,ts_2df78cc1067712010931,CB1_CAUR_L_CF3_RI2_TI2_R12,NEW_ALNS_EXPANSION,L,CF3,0,PHASE6N_TOP4,False
CB1_CAUR_L_CF3_RI2_TI2_R12__seed721202__it0000307,ts_3e3d46abe2b4bdc363ce,CB1_CAUR_L_CF3_RI2_TI2_R12,NEW_ALNS_EXPANSION,L,CF3,0,PHASE6N_TOP4,False
CB1_CAUR_L_CF3_RI2_TI2_R12__seed721202__it0000307,ts_3eb30e5480983e98a7d6,CB1_CAUR_L_CF3_RI2_TI2_R12,NEW_ALNS_EXPANSION,L,CF3,0,CANONICAL_FALLBACK,True
CB1_CAUR_L_CF3_RI2_TI2_R12__seed721202__it0000307,ts_86658d6c26cf93feaf01,CB1_CAUR_L_CF3_RI2_TI2_R12,NEW_ALNS_EXPANSION,L,CF3,0,PHASE6N_TOP4,False
CB1_CAUR_L_CF3_RI2_TI2_R12__seed721202__it0000307,ts_8e1272269b16942b10e1,CB1_CAUR_L_CF3_RI2_TI2_R12,NEW_ALNS_EXPANSION,L,CF3,0,PHASE6N_TOP4,False
CB1_CAUR_L_CF3_RI2_TI2_R12__seed721202__it0000362,ts_004d431497ae7f41b81f,CB1_CAUR_L_CF3_RI2_TI2_R12,NEW_ALNS_EXPANSION,L,CF3,0,PHASE6N_TOP4,False
CB1_CAUR_L_CF3_RI2_TI2_R12__seed721202__it0000362,ts_164eff19e72cdc4fd741,CB1_CAUR_L_CF3_RI2_TI2_R12,NEW_ALNS_EXPANSION,L,CF3,0,PHASE6N_TOP4,False
CB1_CAUR_L_CF3_RI2_TI2_R12__seed721202__it0000362,ts_50c65f5bc91ad5670b01,CB1_CAUR_L_CF3_RI2_TI2_R12,NEW_ALNS_EXPANSION,L,CF3,0,PHASE6N_TOP4,False
CB1_CAUR_L_CF3_RI2_TI2_R12__seed721202__it0000362,ts_b8fbe7b2b7589887e22c,CB1_CAUR_L_CF3_RI2_TI2_R12,NEW_ALNS_EXPANSION,L,CF3,0,PHASE6N_TOP4,False
CB1_CAUR_L_CF3_RI2_TI2_R12__seed721202__it0000362,ts_cc6a6be55573c11ab6dd,CB1_CAUR_L_CF3_RI2_TI2_R12,NEW_ALNS_EXPANSION,L,CF3,0,CANONICAL_FALLBACK,True
CB1_CAUR_L_CF3_RI2_TI2_R12__seed721202__it0000404,ts_016cc7cb6cddd75229b1,CB1_CAUR_L_CF3_RI2_TI2_R12,NEW_ALNS_EXPANSION,L,CF3,0,PHASE6N_TOP4,False
CB1_CAUR_L_CF3_RI2_TI2_R12__seed721202__it0000404,ts_05906bbf02bcf7bce488,CB1_CAUR_L_CF3_RI2_TI2_R12,NEW_ALNS_EXPANSION,L,CF3,0,PHASE6N_TOP4,False
CB1_CAUR_L_CF3_RI2_TI2_R12__seed721202__it0000404,ts_9e1f9be2346c0d45d71f,CB1_CAUR_L_CF3_RI2_TI2_R12,NEW_ALNS_EXPANSION,L,CF3,0,PHASE6N_TOP4,False
CB1_CAUR_L_CF3_RI2_TI2_R12__seed721202__it0000404,ts_d09b4d74960f861ad22a,CB1_CAUR_L_CF3_RI2_TI2_R12,NEW_ALNS_EXPANSION,L,CF3,0,PHASE6N_TOP4,False
CB1_CAUR_L_CF3_RI2_TI2_R12__seed721202__it0000404,ts_e42ef3d003d62e92bd82,CB1_CAUR_L_CF3_RI2_TI2_R12,NEW_ALNS_EXPANSION,L,CF3,0,CANONICAL_FALLBACK,True
CB1_CAUR_L_CF3_RI2_TI2_R12__seed721203__it0000015,ts_0ba42375e6fad12275cf,CB1_CAUR_L_CF3_RI2_TI2_R12,NEW_ALNS_EXPANSION,L,CF3,0,PHASE6N_TOP4,False
CB1_CAUR_L_CF3_RI2_TI2_R12__seed721203__it0000015,ts_908a6ba8ae53cdc320ae,CB1_CAUR_L_CF3_RI2_TI2_R12,NEW_ALNS_EXPANSION,L,CF3,0,PHASE6N_TOP4,False
CB1_CAUR_L_CF3_RI2_TI2_R12__seed721203__it0000015,ts_b29f09a025936dd775da,CB1_CAUR_L_CF3_RI2_TI2_R12,NEW_ALNS_EXPANSION,L,CF3,0,PHASE6N_TOP4,False
CB1_CAUR_L_CF3_RI2_TI2_R12__seed721203__it0000015,ts_c23a4b87b3d6270cb313,CB1_CAUR_L_CF3_RI2_TI2_R12,NEW_ALNS_EXPANSION,L,CF3,0,PHASE6N_TOP4,False
CB1_CAUR_L_CF3_RI2_TI2_R12__seed721203__it0000015,ts_d4159606ecee1379beeb,CB1_CAUR_L_CF3_RI2_TI2_R12,NEW_ALNS_EXPANSION,L,CF3,0,CANONICAL_FALLBACK,True
CB1_CAUR_L_CF3_RI2_TI2_R12__seed721203__it0000070,ts_8881e76dda47ef636e2b,CB1_CAUR_L_CF3_RI2_TI2_R12,NEW_ALNS_EXPANSION,L,CF3,0,PHASE6N_TOP4,False
CB1_CAUR_L_CF3_RI2_TI2_R12__seed721203__it0000070,ts_9779af36a3f9cae618a4,CB1_CAUR_L_CF3_RI2_TI2_R12,NEW_ALNS_EXPANSION,L,CF3,0,PHASE6N_TOP4,False
CB1_CAUR_L_CF3_RI2_TI2_R12__seed721203__it0000070,ts_a88c56104cf7ab2e2939,CB1_CAUR_L_CF3_RI2_TI2_R12,NEW_ALNS_EXPANSION,L,CF3,0,CANONICAL_FALLBACK,True
CB1_CAUR_L_CF3_RI2_TI2_R12__seed721203__it0000070,ts_b4ff1a36a6d3a6f8429c,CB1_CAUR_L_CF3_RI2_TI2_R12,NEW_ALNS_EXPANSION,L,CF3,0,PHASE6N_TOP4,False
CB1_CAUR_L_CF3_RI2_TI2_R12__seed721203__it0000070,ts_c3a822d7a2573acc32dd,CB1_CAUR_L_CF3_RI2_TI2_R12,NEW_ALNS_EXPANSION,L,CF3,0,PHASE6N_TOP4,False
CB1_CAUR_L_CF3_RI2_TI2_R12__seed721203__it0000130,ts_00b607de9c366c88d500,CB1_CAUR_L_CF3_RI2_TI2_R12,NEW_ALNS_EXPANSION,L,CF3,0,CANONICAL_FALLBACK,True
CB1_CAUR_L_CF3_RI2_TI2_R12__seed721203__it0000130,ts_236bb76070d65c6bd251,CB1_CAUR_L_CF3_RI2_TI2_R12,NEW_ALNS_EXPANSION,L,CF3,0,PHASE6N_TOP4,False
CB1_CAUR_L_CF3_RI2_TI2_R12__seed721203__it0000130,ts_840a2c94983cfdfcfaf6,CB1_CAUR_L_CF3_RI2_TI2_R12,NEW_ALNS_EXPANSION,L,CF3,0,PHASE6N_TOP4,False
CB1_CAUR_L_CF3_RI2_TI2_R12__seed721203__it0000130,ts_ce296688db40be9464ad,CB1_CAUR_L_CF3_RI2_TI2_R12,NEW_ALNS_EXPANSION,L,CF3,0,PHASE6N_TOP4,False
CB1_CAUR_L_CF3_RI2_TI2_R12__seed721203__it0000130,ts_e64db13a37deb2c363d4,CB1_CAUR_L_CF3_RI2_TI2_R12,NEW_ALNS_EXPANSION,L,CF3,0,PHASE6N_TOP4,False
CB1_CAUR_L_CF3_RI2_TI2_R12__seed721203__it0000186,ts_3222c9455f4e99b4969f,CB1_CAUR_L_CF3_RI2_TI2_R12,NEW_ALNS_EXPANSION,L,CF3,0,PHASE6N_TOP4,False
CB1_CAUR_L_CF3_RI2_TI2_R12__seed721203__it0000186,ts_3b9d086d4a604b627574,CB1_CAUR_L_CF3_RI2_TI2_R12,NEW_ALNS_EXPANSION,L,CF3,0,PHASE6N_TOP4,False
CB1_CAUR_L_CF3_RI2_TI2_R12__seed721203__it0000186,ts_60dcf60d22ce46f16561,CB1_CAUR_L_CF3_RI2_TI2_R12,NEW_ALNS_EXPANSION,L,CF3,0,CANONICAL_FALLBACK|PHASE6N_TOP4,True
CB1_CAUR_L_CF3_RI2_TI2_R12__seed721203__it0000186,ts_6aa55faeda2b48d8758c,CB1_CAUR_L_CF3_RI2_TI2_R12,NEW_ALNS_EXPANSION,L,CF3,0,PHASE6N_TOP4,False
CB1_CAUR_L_CF3_RI2_TI2_R12__seed721203__it0000242,ts_483860104a962b9baa21,CB1_CAUR_L_CF3_RI2_TI2_R12,NEW_ALNS_EXPANSION,L,CF3,0,PHASE6N_TOP4,False
CB1_CAUR_L_CF3_RI2_TI2_R12__seed721203__it0000242,ts_84432f294eac4cd22273,CB1_CAUR_L_CF3_RI2_TI2_R12,NEW_ALNS_EXPANSION,L,CF3,0,PHASE6N_TOP4,False
CB1_CAUR_L_CF3_RI2_TI2_R12__seed721203__it0000242,ts_bac794e17b972fd9fd8f,CB1_CAUR_L_CF3_RI2_TI2_R12,NEW_ALNS_EXPANSION,L,CF3,0,PHASE6N_TOP4,False
CB1_CAUR_L_CF3_RI2_TI2_R12__seed721203__it0000242,ts_dcc2e113a4e4b63dea79,CB1_CAUR_L_CF3_RI2_TI2_R12,NEW_ALNS_EXPANSION,L,CF3,0,CANONICAL_FALLBACK,True
CB1_CAUR_L_CF3_RI2_TI2_R12__seed721203__it0000242,ts_f8e7b92ea5998e831fcb,CB1_CAUR_L_CF3_RI2_TI2_R12,NEW_ALNS_EXPANSION,L,CF3,0,PHASE6N_TOP4,False
CB1_CAUR_L_CF3_RI2_TI2_R12__seed721203__it0000302,ts_17a65d4195f6c7c48584,CB1_CAUR_L_CF3_RI2_TI2_R12,NEW_ALNS_EXPANSION,L,CF3,0,PHASE6N_TOP4,False
CB1_CAUR_L_CF3_RI2_TI2_R12__seed721203__it0000302,ts_21b03fd75588108a4aaa,CB1_CAUR_L_CF3_RI2_TI2_R12,NEW_ALNS_EXPANSION,L,CF3,0,CANONICAL_FALLBACK|PHASE6N_TOP4,True
CB1_CAUR_L_CF3_RI2_TI2_R12__seed721203__it0000302,ts_efb03383ee523e8857c5,CB1_CAUR_L_CF3_RI2_TI2_R12,NEW_ALNS_EXPANSION,L,CF3,0,PHASE6N_TOP4,False
CB1_CAUR_L_CF3_RI2_TI2_R12__seed721203__it0000302,ts_fb701ba64b0d1e81634c,CB1_CAUR_L_CF3_RI2_TI2_R12,NEW_ALNS_EXPANSION,L,CF3,0,PHASE6N_TOP4,False
CB1_CAUR_L_CF3_RI2_TI2_R12__seed721203__it0000357,ts_8e1d884c32733be74662,CB1_CAUR_L_CF3_RI2_TI2_R12,NEW_ALNS_EXPANSION,L,CF3,0,CANONICAL_FALLBACK,True
CB1_CAUR_L_CF3_RI2_TI2_R12__seed721203__it0000357,ts_a7b52da15909a9ff8386,CB1_CAUR_L_CF3_RI2_TI2_R12,NEW_ALNS_EXPANSION,L,CF3,0,PHASE6N_TOP4,False
CB1_CAUR_L_CF3_RI2_TI2_R12__seed721203__it0000357,ts_b065acc6980e6a1ae4d5,CB1_CAUR_L_CF3_RI2_TI2_R12,NEW_ALNS_EXPANSION,L,CF3,0,PHASE6N_TOP4,False
CB1_CAUR_L_CF3_RI2_TI2_R12__seed721203__it0000357,ts_b8a62c4e63de8ab49211,CB1_CAUR_L_CF3_RI2_TI2_R12,NEW_ALNS_EXPANSION,L,CF3,0,PHASE6N_TOP4,False
CB1_CAUR_L_CF3_RI2_TI2_R12__seed721203__it0000357,ts_e2fe3b23c9f30ed7f8fd,CB1_CAUR_L_CF3_RI2_TI2_R12,NEW_ALNS_EXPANSION,L,CF3,0,PHASE6N_TOP4,False
CB1_CAUR_L_CF3_RI2_TI2_R12__seed721203__it0000400,ts_050794c3e967c530f790,CB1_CAUR_L_CF3_RI2_TI2_R12,NEW_ALNS_EXPANSION,L,CF3,0,CANONICAL_FALLBACK,True
CB1_CAUR_L_CF3_RI2_TI2_R12__seed721203__it0000400,ts_54be0cfe2c13ee48f42f,CB1_CAUR_L_CF3_RI2_TI2_R12,NEW_ALNS_EXPANSION,L,CF3,0,PHASE6N_TOP4,False
CB1_CAUR_L_CF3_RI2_TI2_R12__seed721203__it0000400,ts_6d97278c4bd14f1bfec3,CB1_CAUR_L_CF3_RI2_TI2_R12,NEW_ALNS_EXPANSION,L,CF3,0,PHASE6N_TOP4,False
CB1_CAUR_L_CF3_RI2_TI2_R12__seed721203__it0000400,ts_b2607dd6335c1a494c09,CB1_CAUR_L_CF3_RI2_TI2_R12,NEW_ALNS_EXPANSION,L,CF3,0,PHASE6N_TOP4,False
CB1_CAUR_L_CF3_RI2_TI2_R12__seed721203__it0000400,ts_b44152f51251d711c10a,CB1_CAUR_L_CF3_RI2_TI2_R12,NEW_ALNS_EXPANSION,L,CF3,0,PHASE6N_TOP4,False
CB1_CAUR_L_CF3_RI2_TI2_R12__seed721204__it0000015,ts_20e2851a6060fe1c71c2,CB1_CAUR_L_CF3_RI2_TI2_R12,NEW_ALNS_EXPANSION,L,CF3,0,CANONICAL_FALLBACK,True
CB1_CAUR_L_CF3_RI2_TI2_R12__seed721204__it0000015,ts_572157591fa8916d36be,CB1_CAUR_L_CF3_RI2_TI2_R12,NEW_ALNS_EXPANSION,L,CF3,0,PHASE6N_TOP4,False
CB1_CAUR_L_CF3_RI2_TI2_R12__seed721204__it0000015,ts_7556adf3044c3f88c618,CB1_CAUR_L_CF3_RI2_TI2_R12,NEW_ALNS_EXPANSION,L,CF3,0,PHASE6N_TOP4,False
CB1_CAUR_L_CF3_RI2_TI2_R12__seed721204__it0000015,ts_7e363590b4e5c2e13b92,CB1_CAUR_L_CF3_RI2_TI2_R12,NEW_ALNS_EXPANSION,L,CF3,0,PHASE6N_TOP4,False
CB1_CAUR_L_CF3_RI2_TI2_R12__seed721204__it0000015,ts_dd6c9b1a89ef6688fc85,CB1_CAUR_L_CF3_RI2_TI2_R12,NEW_ALNS_EXPANSION,L,CF3,0,PHASE6N_TOP4,False
CB1_CAUR_L_CF3_RI2_TI2_R12__seed721204__it0000070,ts_a2f60ee850f8eede2c2c,CB1_CAUR_L_CF3_RI2_TI2_R12,NEW_ALNS_EXPANSION,L,CF3,0,PHASE6N_TOP4,False
CB1_CAUR_L_CF3_RI2_TI2_R12__seed721204__it0000070,ts_a3d561fcff8a6789d2fb,CB1_CAUR_L_CF3_RI2_TI2_R12,NEW_ALNS_EXPANSION,L,CF3,0,PHASE6N_TOP4,False
CB1_CAUR_L_CF3_RI2_TI2_R12__seed721204__it0000070,ts_bdc9e9984d8c4474e0ce,CB1_CAUR_L_CF3_RI2_TI2_R12,NEW_ALNS_EXPANSION,L,CF3,0,CANONICAL_FALLBACK,True
CB1_CAUR_L_CF3_RI2_TI2_R12__seed721204__it0000070,ts_d33986aa0733cce4ccff,CB1_CAUR_L_CF3_RI2_TI2_R12,NEW_ALNS_EXPANSION,L,CF3,0,PHASE6N_TOP4,False
CB1_CAUR_L_CF3_RI2_TI2_R12__seed721204__it0000070,ts_e6a10fef544e675f4d70,CB1_CAUR_L_CF3_RI2_TI2_R12,NEW_ALNS_EXPANSION,L,CF3,0,PHASE6N_TOP4,False
CB1_CAUR_L_CF3_RI2_TI2_R12__seed721204__it0000131,ts_18900ddd4cbe657da222,CB1_CAUR_L_CF3_RI2_TI2_R12,NEW_ALNS_EXPANSION,L,CF3,0,PHASE6N_TOP4,False
CB1_CAUR_L_CF3_RI2_TI2_R12__seed721204__it0000131,ts_1d1c0fa354a8d563de1a,CB1_CAUR_L_CF3_RI2_TI2_R12,NEW_ALNS_EXPANSION,L,CF3,0,CANONICAL_FALLBACK,True
CB1_CAUR_L_CF3_RI2_TI2_R12__seed721204__it0000131,ts_5e05262e6af6d6aba823,CB1_CAUR_L_CF3_RI2_TI2_R12,NEW_ALNS_EXPANSION,L,CF3,0,PHASE6N_TOP4,False
CB1_CAUR_L_CF3_RI2_TI2_R12__seed721204__it0000131,ts_97fd375f5b9a19cf34f7,CB1_CAUR_L_CF3_RI2_TI2_R12,NEW_ALNS_EXPANSION,L,CF3,0,PHASE6N_TOP4,False
CB1_CAUR_L_CF3_RI2_TI2_R12__seed721204__it0000131,ts_f5b9bca1bc806d4a6459,CB1_CAUR_L_CF3_RI2_TI2_R12,NEW_ALNS_EXPANSION,L,CF3,0,PHASE6N_TOP4,False
CB1_CAUR_L_CF3_RI2_TI2_R12__seed721204__it0000187,ts_1aaac3238161ce6b9bf6,CB1_CAUR_L_CF3_RI2_TI2_R12,NEW_ALNS_EXPANSION,L,CF3,0,CANONICAL_FALLBACK|PHASE6N_TOP4,True
CB1_CAUR_L_CF3_RI2_TI2_R12__seed721204__it0000187,ts_25e3549cc7aaad11b48c,CB1_CAUR_L_CF3_RI2_TI2_R12,NEW_ALNS_EXPANSION,L,CF3,0,PHASE6N_TOP4,False
CB1_CAUR_L_CF3_RI2_TI2_R12__seed721204__it0000187,ts_61dcd277b3d5072385b1,CB1_CAUR_L_CF3_RI2_TI2_R12,NEW_ALNS_EXPANSION,L,CF3,0,PHASE6N_TOP4,False
CB1_CAUR_L_CF3_RI2_TI2_R12__seed721204__it0000187,ts_6586c1fa097ee96874fa,CB1_CAUR_L_CF3_RI2_TI2_R12,NEW_ALNS_EXPANSION,L,CF3,0,PHASE6N_TOP4,False
CB1_CAUR_L_CF3_RI2_TI2_R12__seed721204__it0000243,ts_198d581eba21dacaa2ef,CB1_CAUR_L_CF3_RI2_TI2_R12,NEW_ALNS_EXPANSION,L,CF3,0,PHASE6N_TOP4,False
CB1_CAUR_L_CF3_RI2_TI2_R12__seed721204__it0000243,ts_5f8de5fd75a5f3436669,CB1_CAUR_L_CF3_RI2_TI2_R12,NEW_ALNS_EXPANSION,L,CF3,0,CANONICAL_FALLBACK,True
CB1_CAUR_L_CF3_RI2_TI2_R12__seed721204__it0000243,ts_76724bfbbe60e65a4592,CB1_CAUR_L_CF3_RI2_TI2_R12,NEW_ALNS_EXPANSION,L,CF3,0,PHASE6N_TOP4,False
CB1_CAUR_L_CF3_RI2_TI2_R12__seed721204__it0000243,ts_7703141250bf0732d77f,CB1_CAUR_L_CF3_RI2_TI2_R12,NEW_ALNS_EXPANSION,L,CF3,0,PHASE6N_TOP4,False
CB1_CAUR_L_CF3_RI2_TI2_R12__seed721204__it0000243,ts_c65dd85f5546df79281b,CB1_CAUR_L_CF3_RI2_TI2_R12,NEW_ALNS_EXPANSION,L,CF3,0,PHASE6N_TOP4,False
CB1_CAUR_L_CF3_RI2_TI2_R12__seed721204__it0000304,ts_0ad4b8ca6ed00badc83a,CB1_CAUR_L_CF3_RI2_TI2_R12,NEW_ALNS_EXPANSION,L,CF3,0,PHASE6N_TOP4,False
CB1_CAUR_L_CF3_RI2_TI2_R12__seed721204__it0000304,ts_0e788291892884dc5377,CB1_CAUR_L_CF3_RI2_TI2_R12,NEW_ALNS_EXPANSION,L,CF3,0,CANONICAL_FALLBACK,True
CB1_CAUR_L_CF3_RI2_TI2_R12__seed721204__it0000304,ts_3f7bf3c811c20beab1d9,CB1_CAUR_L_CF3_RI2_TI2_R12,NEW_ALNS_EXPANSION,L,CF3,0,PHASE6N_TOP4,False
CB1_CAUR_L_CF3_RI2_TI2_R12__seed721204__it0000304,ts_db468c50920cc310a914,CB1_CAUR_L_CF3_RI2_TI2_R12,NEW_ALNS_EXPANSION,L,CF3,0,PHASE6N_TOP4,False
CB1_CAUR_L_CF3_RI2_TI2_R12__seed721204__it0000304,ts_ef331264d065cbbb4224,CB1_CAUR_L_CF3_RI2_TI2_R12,NEW_ALNS_EXPANSION,L,CF3,0,PHASE6N_TOP4,False
CB1_CAUR_L_CF3_RI2_TI2_R12__seed721204__it0000361,ts_1c9a1f75b6272e7f6c81,CB1_CAUR_L_CF3_RI2_TI2_R12,NEW_ALNS_EXPANSION,L,CF3,0,PHASE6N_TOP4,False
CB1_CAUR_L_CF3_RI2_TI2_R12__seed721204__it0000361,ts_62d0395a1f668d4d7832,CB1_CAUR_L_CF3_RI2_TI2_R12,NEW_ALNS_EXPANSION,L,CF3,0,PHASE6N_TOP4,False
CB1_CAUR_L_CF3_RI2_TI2_R12__seed721204__it0000361,ts_7c6c0aaa103ff9e8cbd2,CB1_CAUR_L_CF3_RI2_TI2_R12,NEW_ALNS_EXPANSION,L,CF3,0,PHASE6N_TOP4,False
CB1_CAUR_L_CF3_RI2_TI2_R12__seed721204__it0000361,ts_a0afd794c6d0b60a5770,CB1_CAUR_L_CF3_RI2_TI2_R12,NEW_ALNS_EXPANSION,L,CF3,0,PHASE6N_TOP4,False
CB1_CAUR_L_CF3_RI2_TI2_R12__seed721204__it0000361,ts_bbe7e02ac3999a6ec898,CB1_CAUR_L_CF3_RI2_TI2_R12,NEW_ALNS_EXPANSION,L,CF3,0,CANONICAL_FALLBACK,True
CB1_CAUR_L_CF3_RI2_TI2_R12__seed721204__it0000403,ts_27573dc87b51102726c7,CB1_CAUR_L_CF3_RI2_TI2_R12,NEW_ALNS_EXPANSION,L,CF3,0,PHASE6N_TOP4,False
CB1_CAUR_L_CF3_RI2_TI2_R12__seed721204__it0000403,ts_50935e59008b35dc061a,CB1_CAUR_L_CF3_RI2_TI2_R12,NEW_ALNS_EXPANSION,L,CF3,0,PHASE6N_TOP4,False
CB1_CAUR_L_CF3_RI2_TI2_R12__seed721204__it0000403,ts_65502ecc3069d229975f,CB1_CAUR_L_CF3_RI2_TI2_R12,NEW_ALNS_EXPANSION,L,CF3,0,PHASE6N_TOP4,False
CB1_CAUR_L_CF3_RI2_TI2_R12__seed721204__it0000403,ts_86cd4d59af0787e2c0f4,CB1_CAUR_L_CF3_RI2_TI2_R12,NEW_ALNS_EXPANSION,L,CF3,0,CANONICAL_FALLBACK,True
CB1_CAUR_L_CF3_RI2_TI2_R12__seed721204__it0000403,ts_c4e85756eb3a23924f9e,CB1_CAUR_L_CF3_RI2_TI2_R12,NEW_ALNS_EXPANSION,L,CF3,0,PHASE6N_TOP4,False
CB1_CAUR_M_CF1_RI2_TI2_R12_C02__seed691201__it0000014,ts_168a5c4d04f6f7102357,CB1_CAUR_M_CF1_RI2_TI2_R12_C02,ORIGINAL_PHASE6J_CAUR,M,CF1,2,PHASE6L_TOP4,False
CB1_CAUR_M_CF1_RI2_TI2_R12_C02__seed691201__it0000014,ts_73e2de23e0933a2a6718,CB1_CAUR_M_CF1_RI2_TI2_R12_C02,ORIGINAL_PHASE6J_CAUR,M,CF1,2,PHASE6L_TOP4,False
CB1_CAUR_M_CF1_RI2_TI2_R12_C02__seed691201__it0000014,ts_ad51214bb470b81dbf07,CB1_CAUR_M_CF1_RI2_TI2_R12_C02,ORIGINAL_PHASE6J_CAUR,M,CF1,2,CANONICAL_FALLBACK|PHASE6L_TOP4|PHASE6N_TOP4,True
CB1_CAUR_M_CF1_RI2_TI2_R12_C02__seed691201__it0000014,ts_b38bc70e5287fafb28cb,CB1_CAUR_M_CF1_RI2_TI2_R12_C02,ORIGINAL_PHASE6J_CAUR,M,CF1,2,PHASE6L_TOP4|PHASE6N_TOP4,False
CB1_CAUR_M_CF1_RI2_TI2_R12_C02__seed691201__it0000014,ts_cc45754d1e1cb5139e84,CB1_CAUR_M_CF1_RI2_TI2_R12_C02,ORIGINAL_PHASE6J_CAUR,M,CF1,2,PHASE6N_TOP4,False
CB1_CAUR_M_CF1_RI2_TI2_R12_C02__seed691201__it0000014,ts_cf5d211d91569f28b509,CB1_CAUR_M_CF1_RI2_TI2_R12_C02,ORIGINAL_PHASE6J_CAUR,M,CF1,2,PHASE6N_TOP4,False
CB1_CAUR_M_CF1_RI2_TI2_R12_C02__seed691201__it0000056,ts_04a2a0edd6fee6f74f73,CB1_CAUR_M_CF1_RI2_TI2_R12_C02,ORIGINAL_PHASE6J_CAUR,M,CF1,2,PHASE6L_TOP4,False
CB1_CAUR_M_CF1_RI2_TI2_R12_C02__seed691201__it0000056,ts_2659fea0e944cde6994d,CB1_CAUR_M_CF1_RI2_TI2_R12_C02,ORIGINAL_PHASE6J_CAUR,M,CF1,2,PHASE6N_TOP4,False
CB1_CAUR_M_CF1_RI2_TI2_R12_C02__seed691201__it0000056,ts_2ca9b81cd55553b29679,CB1_CAUR_M_CF1_RI2_TI2_R12_C02,ORIGINAL_PHASE6J_CAUR,M,CF1,2,PHASE6N_TOP4,False
CB1_CAUR_M_CF1_RI2_TI2_R12_C02__seed691201__it0000056,ts_3cc3bba0f105dd6a8465,CB1_CAUR_M_CF1_RI2_TI2_R12_C02,ORIGINAL_PHASE6J_CAUR,M,CF1,2,CANONICAL_FALLBACK|PHASE6L_TOP4,True
CB1_CAUR_M_CF1_RI2_TI2_R12_C02__seed691201__it0000056,ts_4738a869bf0d67358c3f,CB1_CAUR_M_CF1_RI2_TI2_R12_C02,ORIGINAL_PHASE6J_CAUR,M,CF1,2,PHASE6L_TOP4,False
CB1_CAUR_M_CF1_RI2_TI2_R12_C02__seed691201__it0000056,ts_99f117a29d3f1e6c2da5,CB1_CAUR_M_CF1_RI2_TI2_R12_C02,ORIGINAL_PHASE6J_CAUR,M,CF1,2,PHASE6N_TOP4,False
CB1_CAUR_M_CF1_RI2_TI2_R12_C02__seed691201__it0000056,ts_aa7a4f81e3dafc5e5c6f,CB1_CAUR_M_CF1_RI2_TI2_R12_C02,ORIGINAL_PHASE6J_CAUR,M,CF1,2,PHASE6L_TOP4|PHASE6N_TOP4,False
CB1_CAUR_M_CF1_RI2_TI2_R12_C02__seed691201__it0000101,ts_36b9d95ba776e5bde324,CB1_CAUR_M_CF1_RI2_TI2_R12_C02,ORIGINAL_PHASE6J_CAUR,M,CF1,2,PHASE6N_TOP4,False
CB1_CAUR_M_CF1_RI2_TI2_R12_C02__seed691201__it0000101,ts_3cccb0b18b09439c4e32,CB1_CAUR_M_CF1_RI2_TI2_R12_C02,ORIGINAL_PHASE6J_CAUR,M,CF1,2,PHASE6L_TOP4,False
CB1_CAUR_M_CF1_RI2_TI2_R12_C02__seed691201__it0000101,ts_6a672d7d3b43210d991f,CB1_CAUR_M_CF1_RI2_TI2_R12_C02,ORIGINAL_PHASE6J_CAUR,M,CF1,2,PHASE6N_TOP4,False
CB1_CAUR_M_CF1_RI2_TI2_R12_C02__seed691201__it0000101,ts_70391764e182a264e3b7,CB1_CAUR_M_CF1_RI2_TI2_R12_C02,ORIGINAL_PHASE6J_CAUR,M,CF1,2,PHASE6N_TOP4,False
CB1_CAUR_M_CF1_RI2_TI2_R12_C02__seed691201__it0000101,ts_859173993692fe8ffc48,CB1_CAUR_M_CF1_RI2_TI2_R12_C02,ORIGINAL_PHASE6J_CAUR,M,CF1,2,PHASE6L_TOP4,False
CB1_CAUR_M_CF1_RI2_TI2_R12_C02__seed691201__it0000101,ts_dc17542654012a92299d,CB1_CAUR_M_CF1_RI2_TI2_R12_C02,ORIGINAL_PHASE6J_CAUR,M,CF1,2,PHASE6L_TOP4,False
CB1_CAUR_M_CF1_RI2_TI2_R12_C02__seed691201__it0000101,ts_dd6101ec67c62e9d16bd,CB1_CAUR_M_CF1_RI2_TI2_R12_C02,ORIGINAL_PHASE6J_CAUR,M,CF1,2,PHASE6L_TOP4,False
CB1_CAUR_M_CF1_RI2_TI2_R12_C02__seed691201__it0000101,ts_e90469448ed07bdca01f,CB1_CAUR_M_CF1_RI2_TI2_R12_C02,ORIGINAL_PHASE6J_CAUR,M,CF1,2,PHASE6N_TOP4,False
CB1_CAUR_M_CF1_RI2_TI2_R12_C02__seed691201__it0000101,ts_eae86533e07a01abd60f,CB1_CAUR_M_CF1_RI2_TI2_R12_C02,ORIGINAL_PHASE6J_CAUR,M,CF1,2,CANONICAL_FALLBACK,True
CB1_CAUR_M_CF1_RI2_TI2_R12_C02__seed691201__it0000143,ts_6dd1b2293c4de272bdf6,CB1_CAUR_M_CF1_RI2_TI2_R12_C02,ORIGINAL_PHASE6J_CAUR,M,CF1,2,PHASE6L_TOP4|PHASE6N_TOP4,False
CB1_CAUR_M_CF1_RI2_TI2_R12_C02__seed691201__it0000143,ts_769d3a4bf81ad33c67f0,CB1_CAUR_M_CF1_RI2_TI2_R12_C02,ORIGINAL_PHASE6J_CAUR,M,CF1,2,PHASE6N_TOP4,False
CB1_CAUR_M_CF1_RI2_TI2_R12_C02__seed691201__it0000143,ts_7761cfb72ace24ebeba3,CB1_CAUR_M_CF1_RI2_TI2_R12_C02,ORIGINAL_PHASE6J_CAUR,M,CF1,2,PHASE6L_TOP4,False
CB1_CAUR_M_CF1_RI2_TI2_R12_C02__seed691201__it0000143,ts_882bf6868f873eec5047,CB1_CAUR_M_CF1_RI2_TI2_R12_C02,ORIGINAL_PHASE6J_CAUR,M,CF1,2,PHASE6L_TOP4|PHASE6N_TOP4,False
CB1_CAUR_M_CF1_RI2_TI2_R12_C02__seed691201__it0000143,ts_d69fe3c271b3341dcb4e,CB1_CAUR_M_CF1_RI2_TI2_R12_C02,ORIGINAL_PHASE6J_CAUR,M,CF1,2,PHASE6L_TOP4,False
CB1_CAUR_M_CF1_RI2_TI2_R12_C02__seed691201__it0000143,ts_d9531650ff351a009512,CB1_CAUR_M_CF1_RI2_TI2_R12_C02,ORIGINAL_PHASE6J_CAUR,M,CF1,2,CANONICAL_FALLBACK|PHASE6N_TOP4,True
CB1_CAUR_M_CF1_RI2_TI2_R12_C02__seed691201__it0000184,ts_0deb9daf18970c2b808f,CB1_CAUR_M_CF1_RI2_TI2_R12_C02,ORIGINAL_PHASE6J_CAUR,M,CF1,2,PHASE6L_TOP4|PHASE6N_TOP4,False
CB1_CAUR_M_CF1_RI2_TI2_R12_C02__seed691201__it0000184,ts_2dd5f31a0c4f5dbae904,CB1_CAUR_M_CF1_RI2_TI2_R12_C02,ORIGINAL_PHASE6J_CAUR,M,CF1,2,PHASE6L_TOP4|PHASE6N_TOP4,False
CB1_CAUR_M_CF1_RI2_TI2_R12_C02__seed691201__it0000184,ts_471118128d8d04a0442f,CB1_CAUR_M_CF1_RI2_TI2_R12_C02,ORIGINAL_PHASE6J_CAUR,M,CF1,2,PHASE6L_TOP4|PHASE6N_TOP4,False
CB1_CAUR_M_CF1_RI2_TI2_R12_C02__seed691201__it0000184,ts_bee5612166cc64c30ba4,CB1_CAUR_M_CF1_RI2_TI2_R12_C02,ORIGINAL_PHASE6J_CAUR,M,CF1,2,CANONICAL_FALLBACK,True
CB1_CAUR_M_CF1_RI2_TI2_R12_C02__seed691201__it0000184,ts_cf4641587f6b31eb9bf6,CB1_CAUR_M_CF1_RI2_TI2_R12_C02,ORIGINAL_PHASE6J_CAUR,M,CF1,2,PHASE6L_TOP4,False
CB1_CAUR_M_CF1_RI2_TI2_R12_C02__seed691201__it0000184,ts_f83ede2e9b79c9b6192e,CB1_CAUR_M_CF1_RI2_TI2_R12_C02,ORIGINAL_PHASE6J_CAUR,M,CF1,2,PHASE6N_TOP4,False
CB1_CAUR_M_CF1_RI2_TI2_R12_C02__seed691201__it0000230,ts_2c503ea3602d694be005,CB1_CAUR_M_CF1_RI2_TI2_R12_C02,ORIGINAL_PHASE6J_CAUR,M,CF1,2,PHASE6L_TOP4,False
CB1_CAUR_M_CF1_RI2_TI2_R12_C02__seed691201__it0000230,ts_2c53035e7711269820ed,CB1_CAUR_M_CF1_RI2_TI2_R12_C02,ORIGINAL_PHASE6J_CAUR,M,CF1,2,PHASE6N_TOP4,False
CB1_CAUR_M_CF1_RI2_TI2_R12_C02__seed691201__it0000230,ts_45a8e84c82ea2979d074,CB1_CAUR_M_CF1_RI2_TI2_R12_C02,ORIGINAL_PHASE6J_CAUR,M,CF1,2,CANONICAL_FALLBACK|PHASE6L_TOP4|PHASE6N_TOP4,True
CB1_CAUR_M_CF1_RI2_TI2_R12_C02__seed691201__it0000230,ts_bed85151f1dbbf738ee0,CB1_CAUR_M_CF1_RI2_TI2_R12_C02,ORIGINAL_PHASE6J_CAUR,M,CF1,2,PHASE6L_TOP4|PHASE6N_TOP4,False
CB1_CAUR_M_CF1_RI2_TI2_R12_C02__seed691201__it0000230,ts_e01ba294bd4f613c0b37,CB1_CAUR_M_CF1_RI2_TI2_R12_C02,ORIGINAL_PHASE6J_CAUR,M,CF1,2,PHASE6L_TOP4|PHASE6N_TOP4,False
CB1_CAUR_M_CF1_RI2_TI2_R12_C02__seed691201__it0000272,ts_3126d300ff28133e1abe,CB1_CAUR_M_CF1_RI2_TI2_R12_C02,ORIGINAL_PHASE6J_CAUR,M,CF1,2,PHASE6L_TOP4,False
CB1_CAUR_M_CF1_RI2_TI2_R12_C02__seed691201__it0000272,ts_3949348c31e608b457c6,CB1_CAUR_M_CF1_RI2_TI2_R12_C02,ORIGINAL_PHASE6J_CAUR,M,CF1,2,PHASE6N_TOP4,False
CB1_CAUR_M_CF1_RI2_TI2_R12_C02__seed691201__it0000272,ts_4cb2fbf09dc5b59a58b6,CB1_CAUR_M_CF1_RI2_TI2_R12_C02,ORIGINAL_PHASE6J_CAUR,M,CF1,2,PHASE6L_TOP4,False
CB1_CAUR_M_CF1_RI2_TI2_R12_C02__seed691201__it0000272,ts_7dadf3972db51b7767b6,CB1_CAUR_M_CF1_RI2_TI2_R12_C02,ORIGINAL_PHASE6J_CAUR,M,CF1,2,PHASE6N_TOP4,False
CB1_CAUR_M_CF1_RI2_TI2_R12_C02__seed691201__it0000272,ts_aa1490a551e69be61046,CB1_CAUR_M_CF1_RI2_TI2_R12_C02,ORIGINAL_PHASE6J_CAUR,M,CF1,2,PHASE6L_TOP4,False
CB1_CAUR_M_CF1_RI2_TI2_R12_C02__seed691201__it0000272,ts_d4c1d6be75e63f206019,CB1_CAUR_M_CF1_RI2_TI2_R12_C02,ORIGINAL_PHASE6J_CAUR,M,CF1,2,PHASE6N_TOP4,False
CB1_CAUR_M_CF1_RI2_TI2_R12_C02__seed691201__it0000272,ts_f477cab2ad30c6e0a0f4,CB1_CAUR_M_CF1_RI2_TI2_R12_C02,ORIGINAL_PHASE6J_CAUR,M,CF1,2,CANONICAL_FALLBACK|PHASE6L_TOP4,True
CB1_CAUR_M_CF1_RI2_TI2_R12_C02__seed691201__it0000272,ts_f505123cb9b21bb1adcb,CB1_CAUR_M_CF1_RI2_TI2_R12_C02,ORIGINAL_PHASE6J_CAUR,M,CF1,2,PHASE6N_TOP4,False
CB1_CAUR_M_CF1_RI2_TI2_R12_C02__seed691201__it0000304,ts_4b2944ed806b51776215,CB1_CAUR_M_CF1_RI2_TI2_R12_C02,ORIGINAL_PHASE6J_CAUR,M,CF1,2,PHASE6L_TOP4,False
CB1_CAUR_M_CF1_RI2_TI2_R12_C02__seed691201__it0000304,ts_4d9f1fa4217fc3a66aba,CB1_CAUR_M_CF1_RI2_TI2_R12_C02,ORIGINAL_PHASE6J_CAUR,M,CF1,2,CANONICAL_FALLBACK|PHASE6N_TOP4,True
CB1_CAUR_M_CF1_RI2_TI2_R12_C02__seed691201__it0000304,ts_664982cb8fd43e958a7c,CB1_CAUR_M_CF1_RI2_TI2_R12_C02,ORIGINAL_PHASE6J_CAUR,M,CF1,2,PHASE6L_TOP4|PHASE6N_TOP4,False
CB1_CAUR_M_CF1_RI2_TI2_R12_C02__seed691201__it0000304,ts_af780987913ab6478300,CB1_CAUR_M_CF1_RI2_TI2_R12_C02,ORIGINAL_PHASE6J_CAUR,M,CF1,2,PHASE6L_TOP4|PHASE6N_TOP4,False
CB1_CAUR_M_CF1_RI2_TI2_R12_C02__seed691201__it0000304,ts_b48c29da9149c351e664,CB1_CAUR_M_CF1_RI2_TI2_R12_C02,ORIGINAL_PHASE6J_CAUR,M,CF1,2,PHASE6L_TOP4|PHASE6N_TOP4,False
CB1_CAUR_M_CF1_RI2_TI2_R12_C02__seed691202__it0000014,ts_137d49a9e59f90caeb18,CB1_CAUR_M_CF1_RI2_TI2_R12_C02,ORIGINAL_PHASE6J_CAUR,M,CF1,2,PHASE6L_TOP4,False
CB1_CAUR_M_CF1_RI2_TI2_R12_C02__seed691202__it0000014,ts_1c487a3c59492f7e93e8,CB1_CAUR_M_CF1_RI2_TI2_R12_C02,ORIGINAL_PHASE6J_CAUR,M,CF1,2,PHASE6N_TOP4,False
CB1_CAUR_M_CF1_RI2_TI2_R12_C02__seed691202__it0000014,ts_5da8e7d1b2ee740ff769,CB1_CAUR_M_CF1_RI2_TI2_R12_C02,ORIGINAL_PHASE6J_CAUR,M,CF1,2,PHASE6N_TOP4,False
CB1_CAUR_M_CF1_RI2_TI2_R12_C02__seed691202__it0000014,ts_687f976c050a566257b7,CB1_CAUR_M_CF1_RI2_TI2_R12_C02,ORIGINAL_PHASE6J_CAUR,M,CF1,2,CANONICAL_FALLBACK,True
CB1_CAUR_M_CF1_RI2_TI2_R12_C02__seed691202__it0000014,ts_8baa771333e453fa3345,CB1_CAUR_M_CF1_RI2_TI2_R12_C02,ORIGINAL_PHASE6J_CAUR,M,CF1,2,PHASE6L_TOP4,False
CB1_CAUR_M_CF1_RI2_TI2_R12_C02__seed691202__it0000014,ts_a54d6e5ec9d1a5b4e6d4,CB1_CAUR_M_CF1_RI2_TI2_R12_C02,ORIGINAL_PHASE6J_CAUR,M,CF1,2,PHASE6L_TOP4|PHASE6N_TOP4,False
CB1_CAUR_M_CF1_RI2_TI2_R12_C02__seed691202__it0000014,ts_e0a47a7b911c5c1c1067,CB1_CAUR_M_CF1_RI2_TI2_R12_C02,ORIGINAL_PHASE6J_CAUR,M,CF1,2,PHASE6L_TOP4|PHASE6N_TOP4,False
CB1_CAUR_M_CF1_RI2_TI2_R12_C02__seed691202__it0000056,ts_02697bc63ded281f64ae,CB1_CAUR_M_CF1_RI2_TI2_R12_C02,ORIGINAL_PHASE6J_CAUR,M,CF1,2,PHASE6N_TOP4,False
CB1_CAUR_M_CF1_RI2_TI2_R12_C02__seed691202__it0000056,ts_280e9bf24774e7389af5,CB1_CAUR_M_CF1_RI2_TI2_R12_C02,ORIGINAL_PHASE6J_CAUR,M,CF1,2,PHASE6L_TOP4,False
CB1_CAUR_M_CF1_RI2_TI2_R12_C02__seed691202__it0000056,ts_a4e40e0b3fa0835d27da,CB1_CAUR_M_CF1_RI2_TI2_R12_C02,ORIGINAL_PHASE6J_CAUR,M,CF1,2,PHASE6N_TOP4,False
CB1_CAUR_M_CF1_RI2_TI2_R12_C02__seed691202__it0000056,ts_b22ecd7f9ae8ea20401c,CB1_CAUR_M_CF1_RI2_TI2_R12_C02,ORIGINAL_PHASE6J_CAUR,M,CF1,2,CANONICAL_FALLBACK,True
CB1_CAUR_M_CF1_RI2_TI2_R12_C02__seed691202__it0000056,ts_b5369d8176e9a0e51175,CB1_CAUR_M_CF1_RI2_TI2_R12_C02,ORIGINAL_PHASE6J_CAUR,M,CF1,2,PHASE6N_TOP4,False
CB1_CAUR_M_CF1_RI2_TI2_R12_C02__seed691202__it0000056,ts_b565e748a79f3458196a,CB1_CAUR_M_CF1_RI2_TI2_R12_C02,ORIGINAL_PHASE6J_CAUR,M,CF1,2,PHASE6L_TOP4,False
CB1_CAUR_M_CF1_RI2_TI2_R12_C02__seed691202__it0000056,ts_bacc11e932454001f88c,CB1_CAUR_M_CF1_RI2_TI2_R12_C02,ORIGINAL_PHASE6J_CAUR,M,CF1,2,PHASE6N_TOP4,False
CB1_CAUR_M_CF1_RI2_TI2_R12_C02__seed691202__it0000056,ts_d20d0d76fc0fed9c7d38,CB1_CAUR_M_CF1_RI2_TI2_R12_C02,ORIGINAL_PHASE6J_CAUR,M,CF1,2,PHASE6L_TOP4,False
CB1_CAUR_M_CF1_RI2_TI2_R12_C02__seed691202__it0000056,ts_ec1d3a4232b2e65672d4,CB1_CAUR_M_CF1_RI2_TI2_R12_C02,ORIGINAL_PHASE6J_CAUR,M,CF1,2,PHASE6L_TOP4,False
CB1_CAUR_M_CF1_RI2_TI2_R12_C02__seed691202__it0000101,ts_0ff5d6a2e4bbc90b2554,CB1_CAUR_M_CF1_RI2_TI2_R12_C02,ORIGINAL_PHASE6J_CAUR,M,CF1,2,PHASE6N_TOP4,False
CB1_CAUR_M_CF1_RI2_TI2_R12_C02__seed691202__it0000101,ts_45e23d7914c4c7311058,CB1_CAUR_M_CF1_RI2_TI2_R12_C02,ORIGINAL_PHASE6J_CAUR,M,CF1,2,PHASE6L_TOP4,False
CB1_CAUR_M_CF1_RI2_TI2_R12_C02__seed691202__it0000101,ts_9117af61cba18248b4dd,CB1_CAUR_M_CF1_RI2_TI2_R12_C02,ORIGINAL_PHASE6J_CAUR,M,CF1,2,PHASE6L_TOP4|PHASE6N_TOP4,False
CB1_CAUR_M_CF1_RI2_TI2_R12_C02__seed691202__it0000101,ts_abe5f81e9fcdb567678a,CB1_CAUR_M_CF1_RI2_TI2_R12_C02,ORIGINAL_PHASE6J_CAUR,M,CF1,2,PHASE6L_TOP4,False
CB1_CAUR_M_CF1_RI2_TI2_R12_C02__seed691202__it0000101,ts_b4f1d13e64642d428e95,CB1_CAUR_M_CF1_RI2_TI2_R12_C02,ORIGINAL_PHASE6J_CAUR,M,CF1,2,PHASE6N_TOP4,False
CB1_CAUR_M_CF1_RI2_TI2_R12_C02__seed691202__it0000101,ts_b8b2b6fd6f31a9b3eb55,CB1_CAUR_M_CF1_RI2_TI2_R12_C02,ORIGINAL_PHASE6J_CAUR,M,CF1,2,CANONICAL_FALLBACK|PHASE6N_TOP4,True
CB1_CAUR_M_CF1_RI2_TI2_R12_C02__seed691202__it0000101,ts_c60be27024959922ce86,CB1_CAUR_M_CF1_RI2_TI2_R12_C02,ORIGINAL_PHASE6J_CAUR,M,CF1,2,PHASE6L_TOP4,False
CB1_CAUR_M_CF1_RI2_TI2_R12_C02__seed691202__it0000143,ts_2f1c3d14596a57808c51,CB1_CAUR_M_CF1_RI2_TI2_R12_C02,ORIGINAL_PHASE6J_CAUR,M,CF1,2,PHASE6L_TOP4,False
CB1_CAUR_M_CF1_RI2_TI2_R12_C02__seed691202__it0000143,ts_a2606d8e817fd0af26eb,CB1_CAUR_M_CF1_RI2_TI2_R12_C02,ORIGINAL_PHASE6J_CAUR,M,CF1,2,PHASE6N_TOP4,False
CB1_CAUR_M_CF1_RI2_TI2_R12_C02__seed691202__it0000143,ts_b571639ecf191e9a0327,CB1_CAUR_M_CF1_RI2_TI2_R12_C02,ORIGINAL_PHASE6J_CAUR,M,CF1,2,PHASE6N_TOP4,False
CB1_CAUR_M_CF1_RI2_TI2_R12_C02__seed691202__it0000143,ts_cd12747846b9502404a9,CB1_CAUR_M_CF1_RI2_TI2_R12_C02,ORIGINAL_PHASE6J_CAUR,M,CF1,2,PHASE6L_TOP4|PHASE6N_TOP4,False
CB1_CAUR_M_CF1_RI2_TI2_R12_C02__seed691202__it0000143,ts_dc5e6e33a5988d41cb64,CB1_CAUR_M_CF1_RI2_TI2_R12_C02,ORIGINAL_PHASE6J_CAUR,M,CF1,2,CANONICAL_FALLBACK|PHASE6L_TOP4,True
CB1_CAUR_M_CF1_RI2_TI2_R12_C02__seed691202__it0000143,ts_e43e1a831a75d3af5657,CB1_CAUR_M_CF1_RI2_TI2_R12_C02,ORIGINAL_PHASE6J_CAUR,M,CF1,2,PHASE6L_TOP4,False
CB1_CAUR_M_CF1_RI2_TI2_R12_C02__seed691202__it0000143,ts_f933f5054ccdac8c8f79,CB1_CAUR_M_CF1_RI2_TI2_R12_C02,ORIGINAL_PHASE6J_CAUR,M,CF1,2,PHASE6N_TOP4,False
CB1_CAUR_M_CF1_RI2_TI2_R12_C02__seed691202__it0000184,ts_4dd07f8bdfee1936b33d,CB1_CAUR_M_CF1_RI2_TI2_R12_C02,ORIGINAL_PHASE6J_CAUR,M,CF1,2,PHASE6L_TOP4|PHASE6N_TOP4,False
CB1_CAUR_M_CF1_RI2_TI2_R12_C02__seed691202__it0000184,ts_9965cfad81e155297c71,CB1_CAUR_M_CF1_RI2_TI2_R12_C02,ORIGINAL_PHASE6J_CAUR,M,CF1,2,PHASE6N_TOP4,False
CB1_CAUR_M_CF1_RI2_TI2_R12_C02__seed691202__it0000184,ts_9c5b0fe42210cd5b2475,CB1_CAUR_M_CF1_RI2_TI2_R12_C02,ORIGINAL_PHASE6J_CAUR,M,CF1,2,PHASE6L_TOP4,False
CB1_CAUR_M_CF1_RI2_TI2_R12_C02__seed691202__it0000184,ts_c4c9ac4a9de8d634b3ad,CB1_CAUR_M_CF1_RI2_TI2_R12_C02,ORIGINAL_PHASE6J_CAUR,M,CF1,2,PHASE6L_TOP4|PHASE6N_TOP4,False
CB1_CAUR_M_CF1_RI2_TI2_R12_C02__seed691202__it0000184,ts_daf975370b75de19ebdd,CB1_CAUR_M_CF1_RI2_TI2_R12_C02,ORIGINAL_PHASE6J_CAUR,M,CF1,2,PHASE6L_TOP4,False
CB1_CAUR_M_CF1_RI2_TI2_R12_C02__seed691202__it0000184,ts_f20cb3c7ac49576682f3,CB1_CAUR_M_CF1_RI2_TI2_R12_C02,ORIGINAL_PHASE6J_CAUR,M,CF1,2,CANONICAL_FALLBACK|PHASE6N_TOP4,True
CB1_CAUR_M_CF1_RI2_TI2_R12_C02__seed691202__it0000228,ts_10c4138b6b1a2c3b9db6,CB1_CAUR_M_CF1_RI2_TI2_R12_C02,ORIGINAL_PHASE6J_CAUR,M,CF1,2,PHASE6L_TOP4,False
CB1_CAUR_M_CF1_RI2_TI2_R12_C02__seed691202__it0000228,ts_394400d97533bb0fc38e,CB1_CAUR_M_CF1_RI2_TI2_R12_C02,ORIGINAL_PHASE6J_CAUR,M,CF1,2,PHASE6L_TOP4,False
CB1_CAUR_M_CF1_RI2_TI2_R12_C02__seed691202__it0000228,ts_6d45410ae4e40174493c,CB1_CAUR_M_CF1_RI2_TI2_R12_C02,ORIGINAL_PHASE6J_CAUR,M,CF1,2,PHASE6N_TOP4,False
CB1_CAUR_M_CF1_RI2_TI2_R12_C02__seed691202__it0000228,ts_9bde7fe5ac2621974b72,CB1_CAUR_M_CF1_RI2_TI2_R12_C02,ORIGINAL_PHASE6J_CAUR,M,CF1,2,PHASE6N_TOP4,False
CB1_CAUR_M_CF1_RI2_TI2_R12_C02__seed691202__it0000228,ts_9dcaf739fb0f82186453,CB1_CAUR_M_CF1_RI2_TI2_R12_C02,ORIGINAL_PHASE6J_CAUR,M,CF1,2,PHASE6N_TOP4,False
CB1_CAUR_M_CF1_RI2_TI2_R12_C02__seed691202__it0000228,ts_a26f61cd92865f793660,CB1_CAUR_M_CF1_RI2_TI2_R12_C02,ORIGINAL_PHASE6J_CAUR,M,CF1,2,CANONICAL_FALLBACK|PHASE6L_TOP4,True
CB1_CAUR_M_CF1_RI2_TI2_R12_C02__seed691202__it0000228,ts_aca09401c3a6f538de07,CB1_CAUR_M_CF1_RI2_TI2_R12_C02,ORIGINAL_PHASE6J_CAUR,M,CF1,2,PHASE6L_TOP4,False
CB1_CAUR_M_CF1_RI2_TI2_R12_C02__seed691202__it0000228,ts_deaf322551b04db4a8ca,CB1_CAUR_M_CF1_RI2_TI2_R12_C02,ORIGINAL_PHASE6J_CAUR,M,CF1,2,PHASE6N_TOP4,False
CB1_CAUR_M_CF1_RI2_TI2_R12_C02__seed691202__it0000271,ts_1712001e8e3537e977c6,CB1_CAUR_M_CF1_RI2_TI2_R12_C02,ORIGINAL_PHASE6J_CAUR,M,CF1,2,PHASE6L_TOP4,False
CB1_CAUR_M_CF1_RI2_TI2_R12_C02__seed691202__it0000271,ts_745847ff417a84846011,CB1_CAUR_M_CF1_RI2_TI2_R12_C02,ORIGINAL_PHASE6J_CAUR,M,CF1,2,PHASE6N_TOP4,False
CB1_CAUR_M_CF1_RI2_TI2_R12_C02__seed691202__it0000271,ts_8b9f3d761a7c351b4ba0,CB1_CAUR_M_CF1_RI2_TI2_R12_C02,ORIGINAL_PHASE6J_CAUR,M,CF1,2,PHASE6L_TOP4|PHASE6N_TOP4,False
CB1_CAUR_M_CF1_RI2_TI2_R12_C02__seed691202__it0000271,ts_99b545b34c684f54b248,CB1_CAUR_M_CF1_RI2_TI2_R12_C02,ORIGINAL_PHASE6J_CAUR,M,CF1,2,PHASE6L_TOP4|PHASE6N_TOP4,False
CB1_CAUR_M_CF1_RI2_TI2_R12_C02__seed691202__it0000271,ts_d175f942ee0760f3222b,CB1_CAUR_M_CF1_RI2_TI2_R12_C02,ORIGINAL_PHASE6J_CAUR,M,CF1,2,PHASE6L_TOP4|PHASE6N_TOP4,False
CB1_CAUR_M_CF1_RI2_TI2_R12_C02__seed691202__it0000271,ts_fb1e11d5d71ed2f0d428,CB1_CAUR_M_CF1_RI2_TI2_R12_C02,ORIGINAL_PHASE6J_CAUR,M,CF1,2,CANONICAL_FALLBACK,True
CB1_CAUR_M_CF1_RI2_TI2_R12_C02__seed691202__it0000302,ts_06cfe4976103ca4b7a12,CB1_CAUR_M_CF1_RI2_TI2_R12_C02,ORIGINAL_PHASE6J_CAUR,M,CF1,2,PHASE6N_TOP4,False
CB1_CAUR_M_CF1_RI2_TI2_R12_C02__seed691202__it0000302,ts_1576fbbada823cbe2e99,CB1_CAUR_M_CF1_RI2_TI2_R12_C02,ORIGINAL_PHASE6J_CAUR,M,CF1,2,CANONICAL_FALLBACK,True
CB1_CAUR_M_CF1_RI2_TI2_R12_C02__seed691202__it0000302,ts_3259de21192a0977a3a6,CB1_CAUR_M_CF1_RI2_TI2_R12_C02,ORIGINAL_PHASE6J_CAUR,M,CF1,2,PHASE6L_TOP4,False
CB1_CAUR_M_CF1_RI2_TI2_R12_C02__seed691202__it0000302,ts_5005f289ccbe911572e1,CB1_CAUR_M_CF1_RI2_TI2_R12_C02,ORIGINAL_PHASE6J_CAUR,M,CF1,2,PHASE6N_TOP4,False
CB1_CAUR_M_CF1_RI2_TI2_R12_C02__seed691202__it0000302,ts_b6e8533a698ee74928aa,CB1_CAUR_M_CF1_RI2_TI2_R12_C02,ORIGINAL_PHASE6J_CAUR,M,CF1,2,PHASE6L_TOP4,False
CB1_CAUR_M_CF1_RI2_TI2_R12_C02__seed691202__it0000302,ts_d2b71cc92d1afbcd3961,CB1_CAUR_M_CF1_RI2_TI2_R12_C02,ORIGINAL_PHASE6J_CAUR,M,CF1,2,PHASE6L_TOP4,False
CB1_CAUR_M_CF1_RI2_TI2_R12_C02__seed691202__it0000302,ts_de592fa05190d2fdb83d,CB1_CAUR_M_CF1_RI2_TI2_R12_C02,ORIGINAL_PHASE6J_CAUR,M,CF1,2,PHASE6N_TOP4,False
CB1_CAUR_M_CF1_RI2_TI2_R12_C02__seed691202__it0000302,ts_f4e1401e78fd9879b53f,CB1_CAUR_M_CF1_RI2_TI2_R12_C02,ORIGINAL_PHASE6J_CAUR,M,CF1,2,PHASE6L_TOP4|PHASE6N_TOP4,False
CB1_CAUR_M_CF1_RI2_TI2_R12_C02__seed721201__it0000028,ts_18d7b596e7f5ac088049,CB1_CAUR_M_CF1_RI2_TI2_R12_C02,NEW_ALNS_EXPANSION,M,CF1,2,PHASE6N_TOP4,False
CB1_CAUR_M_CF1_RI2_TI2_R12_C02__seed721201__it0000028,ts_720bee5c8560b163068c,CB1_CAUR_M_CF1_RI2_TI2_R12_C02,NEW_ALNS_EXPANSION,M,CF1,2,CANONICAL_FALLBACK,True
CB1_CAUR_M_CF1_RI2_TI2_R12_C02__seed721201__it0000028,ts_ace1c893db0e76f5bbf8,CB1_CAUR_M_CF1_RI2_TI2_R12_C02,NEW_ALNS_EXPANSION,M,CF1,2,PHASE6N_TOP4,False
CB1_CAUR_M_CF1_RI2_TI2_R12_C02__seed721201__it0000028,ts_d6b02f5543118e973c8f,CB1_CAUR_M_CF1_RI2_TI2_R12_C02,NEW_ALNS_EXPANSION,M,CF1,2,PHASE6N_TOP4,False
CB1_CAUR_M_CF1_RI2_TI2_R12_C02__seed721201__it0000028,ts_ebb78043aab96c9de90a,CB1_CAUR_M_CF1_RI2_TI2_R12_C02,NEW_ALNS_EXPANSION,M,CF1,2,PHASE6N_TOP4,False
CB1_CAUR_M_CF1_RI2_TI2_R12_C02__seed721201__it0000106,ts_338e89dbd19a97ae0b00,CB1_CAUR_M_CF1_RI2_TI2_R12_C02,NEW_ALNS_EXPANSION,M,CF1,2,PHASE6N_TOP4,False
CB1_CAUR_M_CF1_RI2_TI2_R12_C02__seed721201__it0000106,ts_9694996e117d08e208ea,CB1_CAUR_M_CF1_RI2_TI2_R12_C02,NEW_ALNS_EXPANSION,M,CF1,2,PHASE6N_TOP4,False
CB1_CAUR_M_CF1_RI2_TI2_R12_C02__seed721201__it0000106,ts_a4a909dc43c5c118e9c1,CB1_CAUR_M_CF1_RI2_TI2_R12_C02,NEW_ALNS_EXPANSION,M,CF1,2,PHASE6N_TOP4,False
CB1_CAUR_M_CF1_RI2_TI2_R12_C02__seed721201__it0000106,ts_d49a9d18b84fe745f169,CB1_CAUR_M_CF1_RI2_TI2_R12_C02,NEW_ALNS_EXPANSION,M,CF1,2,CANONICAL_FALLBACK,True
CB1_CAUR_M_CF1_RI2_TI2_R12_C02__seed721201__it0000106,ts_e58f105caa14a826ecbf,CB1_CAUR_M_CF1_RI2_TI2_R12_C02,NEW_ALNS_EXPANSION,M,CF1,2,PHASE6N_TOP4,False
CB1_CAUR_M_CF1_RI2_TI2_R12_C02__seed721201__it0000190,ts_2ca25fb08d416a112c7d,CB1_CAUR_M_CF1_RI2_TI2_R12_C02,NEW_ALNS_EXPANSION,M,CF1,2,PHASE6N_TOP4,False
CB1_CAUR_M_CF1_RI2_TI2_R12_C02__seed721201__it0000190,ts_3c8f714f9036f9051896,CB1_CAUR_M_CF1_RI2_TI2_R12_C02,NEW_ALNS_EXPANSION,M,CF1,2,CANONICAL_FALLBACK,True
CB1_CAUR_M_CF1_RI2_TI2_R12_C02__seed721201__it0000190,ts_7fc20e847eaa5e07df81,CB1_CAUR_M_CF1_RI2_TI2_R12_C02,NEW_ALNS_EXPANSION,M,CF1,2,PHASE6N_TOP4,False
CB1_CAUR_M_CF1_RI2_TI2_R12_C02__seed721201__it0000190,ts_8a35c8ff8e167d29c3d6,CB1_CAUR_M_CF1_RI2_TI2_R12_C02,NEW_ALNS_EXPANSION,M,CF1,2,PHASE6N_TOP4,False
CB1_CAUR_M_CF1_RI2_TI2_R12_C02__seed721201__it0000190,ts_fd4584eaf34ddfe80672,CB1_CAUR_M_CF1_RI2_TI2_R12_C02,NEW_ALNS_EXPANSION,M,CF1,2,PHASE6N_TOP4,False
CB1_CAUR_M_CF1_RI2_TI2_R12_C02__seed721201__it0000268,ts_0b9011a13a2baba76c06,CB1_CAUR_M_CF1_RI2_TI2_R12_C02,NEW_ALNS_EXPANSION,M,CF1,2,PHASE6N_TOP4,False
CB1_CAUR_M_CF1_RI2_TI2_R12_C02__seed721201__it0000268,ts_1dc821509afa4d6ac0aa,CB1_CAUR_M_CF1_RI2_TI2_R12_C02,NEW_ALNS_EXPANSION,M,CF1,2,PHASE6N_TOP4,False
CB1_CAUR_M_CF1_RI2_TI2_R12_C02__seed721201__it0000268,ts_21273e92a61b17ccc0f6,CB1_CAUR_M_CF1_RI2_TI2_R12_C02,NEW_ALNS_EXPANSION,M,CF1,2,CANONICAL_FALLBACK,True
CB1_CAUR_M_CF1_RI2_TI2_R12_C02__seed721201__it0000268,ts_2c1a2a63df9ef616a742,CB1_CAUR_M_CF1_RI2_TI2_R12_C02,NEW_ALNS_EXPANSION,M,CF1,2,PHASE6N_TOP4,False
CB1_CAUR_M_CF1_RI2_TI2_R12_C02__seed721201__it0000268,ts_d74abd02f1feb697fb38,CB1_CAUR_M_CF1_RI2_TI2_R12_C02,NEW_ALNS_EXPANSION,M,CF1,2,PHASE6N_TOP4,False
CB1_CAUR_M_CF1_RI2_TI2_R12_C02__seed721201__it0000346,ts_1dd2343b4720505c63c5,CB1_CAUR_M_CF1_RI2_TI2_R12_C02,NEW_ALNS_EXPANSION,M,CF1,2,PHASE6N_TOP4,False
CB1_CAUR_M_CF1_RI2_TI2_R12_C02__seed721201__it0000346,ts_1f67e91d5b2fda417125,CB1_CAUR_M_CF1_RI2_TI2_R12_C02,NEW_ALNS_EXPANSION,M,CF1,2,CANONICAL_FALLBACK,True
CB1_CAUR_M_CF1_RI2_TI2_R12_C02__seed721201__it0000346,ts_28816b31ce985bfeb423,CB1_CAUR_M_CF1_RI2_TI2_R12_C02,NEW_ALNS_EXPANSION,M,CF1,2,PHASE6N_TOP4,False
CB1_CAUR_M_CF1_RI2_TI2_R12_C02__seed721201__it0000346,ts_f10dc8391c8f40c30da2,CB1_CAUR_M_CF1_RI2_TI2_R12_C02,NEW_ALNS_EXPANSION,M,CF1,2,PHASE6N_TOP4,False
CB1_CAUR_M_CF1_RI2_TI2_R12_C02__seed721201__it0000346,ts_fde9f815fa98b199c570,CB1_CAUR_M_CF1_RI2_TI2_R12_C02,NEW_ALNS_EXPANSION,M,CF1,2,PHASE6N_TOP4,False
CB1_CAUR_M_CF1_RI2_TI2_R12_C02__seed721201__it0000430,ts_124450b1125ab87fe69f,CB1_CAUR_M_CF1_RI2_TI2_R12_C02,NEW_ALNS_EXPANSION,M,CF1,2,CANONICAL_FALLBACK,True
CB1_CAUR_M_CF1_RI2_TI2_R12_C02__seed721201__it0000430,ts_311ed3bd95f93f5bf128,CB1_CAUR_M_CF1_RI2_TI2_R12_C02,NEW_ALNS_EXPANSION,M,CF1,2,PHASE6N_TOP4,False
CB1_CAUR_M_CF1_RI2_TI2_R12_C02__seed721201__it0000430,ts_4002a6e7b05d9c51ae78,CB1_CAUR_M_CF1_RI2_TI2_R12_C02,NEW_ALNS_EXPANSION,M,CF1,2,PHASE6N_TOP4,False
CB1_CAUR_M_CF1_RI2_TI2_R12_C02__seed721201__it0000430,ts_7a0346835dc71511782b,CB1_CAUR_M_CF1_RI2_TI2_R12_C02,NEW_ALNS_EXPANSION,M,CF1,2,PHASE6N_TOP4,False
CB1_CAUR_M_CF1_RI2_TI2_R12_C02__seed721201__it0000430,ts_b12c4bbd642f52cf0b57,CB1_CAUR_M_CF1_RI2_TI2_R12_C02,NEW_ALNS_EXPANSION,M,CF1,2,PHASE6N_TOP4,False
CB1_CAUR_M_CF1_RI2_TI2_R12_C02__seed721201__it0000508,ts_1a3e803edefecb4d8fca,CB1_CAUR_M_CF1_RI2_TI2_R12_C02,NEW_ALNS_EXPANSION,M,CF1,2,PHASE6N_TOP4,False
CB1_CAUR_M_CF1_RI2_TI2_R12_C02__seed721201__it0000508,ts_5754884164f8578f92ba,CB1_CAUR_M_CF1_RI2_TI2_R12_C02,NEW_ALNS_EXPANSION,M,CF1,2,PHASE6N_TOP4,False
CB1_CAUR_M_CF1_RI2_TI2_R12_C02__seed721201__it0000508,ts_95f4000813d1d7bc9ec4,CB1_CAUR_M_CF1_RI2_TI2_R12_C02,NEW_ALNS_EXPANSION,M,CF1,2,PHASE6N_TOP4,False
CB1_CAUR_M_CF1_RI2_TI2_R12_C02__seed721201__it0000508,ts_c3c5adeb64900163a6ce,CB1_CAUR_M_CF1_RI2_TI2_R12_C02,NEW_ALNS_EXPANSION,M,CF1,2,PHASE6N_TOP4,False
CB1_CAUR_M_CF1_RI2_TI2_R12_C02__seed721201__it0000508,ts_eb6bf4e9d6d0ba03c6b2,CB1_CAUR_M_CF1_RI2_TI2_R12_C02,NEW_ALNS_EXPANSION,M,CF1,2,CANONICAL_FALLBACK,True
CB1_CAUR_M_CF1_RI2_TI2_R12_C02__seed721201__it0000567,ts_89e8ca8be3a7eb037312,CB1_CAUR_M_CF1_RI2_TI2_R12_C02,NEW_ALNS_EXPANSION,M,CF1,2,PHASE6N_TOP4,False
CB1_CAUR_M_CF1_RI2_TI2_R12_C02__seed721201__it0000567,ts_92cb320eebfdd6a7f0d0,CB1_CAUR_M_CF1_RI2_TI2_R12_C02,NEW_ALNS_EXPANSION,M,CF1,2,CANONICAL_FALLBACK|PHASE6N_TOP4,True
CB1_CAUR_M_CF1_RI2_TI2_R12_C02__seed721201__it0000567,ts_9cd9c526059206c544f4,CB1_CAUR_M_CF1_RI2_TI2_R12_C02,NEW_ALNS_EXPANSION,M,CF1,2,PHASE6N_TOP4,False
CB1_CAUR_M_CF1_RI2_TI2_R12_C02__seed721201__it0000567,ts_d4f632846feca00cdba2,CB1_CAUR_M_CF1_RI2_TI2_R12_C02,NEW_ALNS_EXPANSION,M,CF1,2,PHASE6N_TOP4,False
CB1_CAUR_M_CF1_RI2_TI2_R12_C02__seed721202__it0000027,ts_9217285618ac3590ea2f,CB1_CAUR_M_CF1_RI2_TI2_R12_C02,NEW_ALNS_EXPANSION,M,CF1,2,CANONICAL_FALLBACK,True
CB1_CAUR_M_CF1_RI2_TI2_R12_C02__seed721202__it0000027,ts_ac627589797af8048e47,CB1_CAUR_M_CF1_RI2_TI2_R12_C02,NEW_ALNS_EXPANSION,M,CF1,2,PHASE6N_TOP4,False
CB1_CAUR_M_CF1_RI2_TI2_R12_C02__seed721202__it0000027,ts_ada2037b0426dbbd2ff5,CB1_CAUR_M_CF1_RI2_TI2_R12_C02,NEW_ALNS_EXPANSION,M,CF1,2,PHASE6N_TOP4,False
CB1_CAUR_M_CF1_RI2_TI2_R12_C02__seed721202__it0000027,ts_b7d3ba6a7499bf636c26,CB1_CAUR_M_CF1_RI2_TI2_R12_C02,NEW_ALNS_EXPANSION,M,CF1,2,PHASE6N_TOP4,False
CB1_CAUR_M_CF1_RI2_TI2_R12_C02__seed721202__it0000027,ts_e75ab31015244f0482c5,CB1_CAUR_M_CF1_RI2_TI2_R12_C02,NEW_ALNS_EXPANSION,M,CF1,2,PHASE6N_TOP4,False
CB1_CAUR_M_CF1_RI2_TI2_R12_C02__seed721202__it0000106,ts_25022217c4822e1edfa6,CB1_CAUR_M_CF1_RI2_TI2_R12_C02,NEW_ALNS_EXPANSION,M,CF1,2,PHASE6N_TOP4,False
CB1_CAUR_M_CF1_RI2_TI2_R12_C02__seed721202__it0000106,ts_4a68b4382d3f6ede3784,CB1_CAUR_M_CF1_RI2_TI2_R12_C02,NEW_ALNS_EXPANSION,M,CF1,2,CANONICAL_FALLBACK,True
CB1_CAUR_M_CF1_RI2_TI2_R12_C02__seed721202__it0000106,ts_c492040fc122981d8557,CB1_CAUR_M_CF1_RI2_TI2_R12_C02,NEW_ALNS_EXPANSION,M,CF1,2,PHASE6N_TOP4,False
CB1_CAUR_M_CF1_RI2_TI2_R12_C02__seed721202__it0000106,ts_e44bbcf75926db57d19f,CB1_CAUR_M_CF1_RI2_TI2_R12_C02,NEW_ALNS_EXPANSION,M,CF1,2,PHASE6N_TOP4,False
CB1_CAUR_M_CF1_RI2_TI2_R12_C02__seed721202__it0000106,ts_f2849680f87e848778d2,CB1_CAUR_M_CF1_RI2_TI2_R12_C02,NEW_ALNS_EXPANSION,M,CF1,2,PHASE6N_TOP4,False
CB1_CAUR_M_CF1_RI2_TI2_R12_C02__seed721202__it0000190,ts_0b461adbba7fefd7e5f4,CB1_CAUR_M_CF1_RI2_TI2_R12_C02,NEW_ALNS_EXPANSION,M,CF1,2,PHASE6N_TOP4,False
CB1_CAUR_M_CF1_RI2_TI2_R12_C02__seed721202__it0000190,ts_5b4964f6c80ca7da12db,CB1_CAUR_M_CF1_RI2_TI2_R12_C02,NEW_ALNS_EXPANSION,M,CF1,2,CANONICAL_FALLBACK,True
CB1_CAUR_M_CF1_RI2_TI2_R12_C02__seed721202__it0000190,ts_a1004b9e2978c86d6d1b,CB1_CAUR_M_CF1_RI2_TI2_R12_C02,NEW_ALNS_EXPANSION,M,CF1,2,PHASE6N_TOP4,False
CB1_CAUR_M_CF1_RI2_TI2_R12_C02__seed721202__it0000190,ts_cc6a45d37f057ba2e23b,CB1_CAUR_M_CF1_RI2_TI2_R12_C02,NEW_ALNS_EXPANSION,M,CF1,2,PHASE6N_TOP4,False
CB1_CAUR_M_CF1_RI2_TI2_R12_C02__seed721202__it0000190,ts_fdad39e79911a54aff4d,CB1_CAUR_M_CF1_RI2_TI2_R12_C02,NEW_ALNS_EXPANSION,M,CF1,2,PHASE6N_TOP4,False
CB1_CAUR_M_CF1_RI2_TI2_R12_C02__seed721202__it0000269,ts_322ceb3f93bd0c31091c,CB1_CAUR_M_CF1_RI2_TI2_R12_C02,NEW_ALNS_EXPANSION,M,CF1,2,PHASE6N_TOP4,False
CB1_CAUR_M_CF1_RI2_TI2_R12_C02__seed721202__it0000269,ts_429f423d87267c0ac178,CB1_CAUR_M_CF1_RI2_TI2_R12_C02,NEW_ALNS_EXPANSION,M,CF1,2,PHASE6N_TOP4,False
CB1_CAUR_M_CF1_RI2_TI2_R12_C02__seed721202__it0000269,ts_46af1118b7420b302067,CB1_CAUR_M_CF1_RI2_TI2_R12_C02,NEW_ALNS_EXPANSION,M,CF1,2,PHASE6N_TOP4,False
CB1_CAUR_M_CF1_RI2_TI2_R12_C02__seed721202__it0000269,ts_70072f224aceab5e2327,CB1_CAUR_M_CF1_RI2_TI2_R12_C02,NEW_ALNS_EXPANSION,M,CF1,2,CANONICAL_FALLBACK,True
CB1_CAUR_M_CF1_RI2_TI2_R12_C02__seed721202__it0000269,ts_faaf384adce0badc84c5,CB1_CAUR_M_CF1_RI2_TI2_R12_C02,NEW_ALNS_EXPANSION,M,CF1,2,PHASE6N_TOP4,False
CB1_CAUR_M_CF1_RI2_TI2_R12_C02__seed721202__it0000345,ts_1a2fd3fc72ce1fd8542c,CB1_CAUR_M_CF1_RI2_TI2_R12_C02,NEW_ALNS_EXPANSION,M,CF1,2,PHASE6N_TOP4,False
CB1_CAUR_M_CF1_RI2_TI2_R12_C02__seed721202__it0000345,ts_37331003eb677d8b966d,CB1_CAUR_M_CF1_RI2_TI2_R12_C02,NEW_ALNS_EXPANSION,M,CF1,2,PHASE6N_TOP4,False
CB1_CAUR_M_CF1_RI2_TI2_R12_C02__seed721202__it0000345,ts_472de8d4b0b0d251ecb6,CB1_CAUR_M_CF1_RI2_TI2_R12_C02,NEW_ALNS_EXPANSION,M,CF1,2,PHASE6N_TOP4,False
CB1_CAUR_M_CF1_RI2_TI2_R12_C02__seed721202__it0000345,ts_5ee0a3582052daf7be22,CB1_CAUR_M_CF1_RI2_TI2_R12_C02,NEW_ALNS_EXPANSION,M,CF1,2,PHASE6N_TOP4,False
CB1_CAUR_M_CF1_RI2_TI2_R12_C02__seed721202__it0000345,ts_7cd79c5a606716e24ac8,CB1_CAUR_M_CF1_RI2_TI2_R12_C02,NEW_ALNS_EXPANSION,M,CF1,2,CANONICAL_FALLBACK,True
CB1_CAUR_M_CF1_RI2_TI2_R12_C02__seed721202__it0000426,ts_126141b81c0d61ed8f0e,CB1_CAUR_M_CF1_RI2_TI2_R12_C02,NEW_ALNS_EXPANSION,M,CF1,2,PHASE6N_TOP4,False
CB1_CAUR_M_CF1_RI2_TI2_R12_C02__seed721202__it0000426,ts_aeee391eb2dfe62540a4,CB1_CAUR_M_CF1_RI2_TI2_R12_C02,NEW_ALNS_EXPANSION,M,CF1,2,PHASE6N_TOP4,False
CB1_CAUR_M_CF1_RI2_TI2_R12_C02__seed721202__it0000426,ts_b4059910fe366b979506,CB1_CAUR_M_CF1_RI2_TI2_R12_C02,NEW_ALNS_EXPANSION,M,CF1,2,PHASE6N_TOP4,False
CB1_CAUR_M_CF1_RI2_TI2_R12_C02__seed721202__it0000426,ts_cc2ad5c8a061b96dc7bc,CB1_CAUR_M_CF1_RI2_TI2_R12_C02,NEW_ALNS_EXPANSION,M,CF1,2,CANONICAL_FALLBACK,True
CB1_CAUR_M_CF1_RI2_TI2_R12_C02__seed721202__it0000426,ts_ce7cc84e13e978df97dc,CB1_CAUR_M_CF1_RI2_TI2_R12_C02,NEW_ALNS_EXPANSION,M,CF1,2,PHASE6N_TOP4,False
CB1_CAUR_M_CF1_RI2_TI2_R12_C02__seed721202__it0000503,ts_2c699fc96894ad151334,CB1_CAUR_M_CF1_RI2_TI2_R12_C02,NEW_ALNS_EXPANSION,M,CF1,2,CANONICAL_FALLBACK,True
CB1_CAUR_M_CF1_RI2_TI2_R12_C02__seed721202__it0000503,ts_470db84c86c19daa34be,CB1_CAUR_M_CF1_RI2_TI2_R12_C02,NEW_ALNS_EXPANSION,M,CF1,2,PHASE6N_TOP4,False
CB1_CAUR_M_CF1_RI2_TI2_R12_C02__seed721202__it0000503,ts_c29c2dae9497b712f706,CB1_CAUR_M_CF1_RI2_TI2_R12_C02,NEW_ALNS_EXPANSION,M,CF1,2,PHASE6N_TOP4,False
CB1_CAUR_M_CF1_RI2_TI2_R12_C02__seed721202__it0000503,ts_cac78e42eb0beca357cb,CB1_CAUR_M_CF1_RI2_TI2_R12_C02,NEW_ALNS_EXPANSION,M,CF1,2,PHASE6N_TOP4,False
CB1_CAUR_M_CF1_RI2_TI2_R12_C02__seed721202__it0000503,ts_f69628ba133b711b00c1,CB1_CAUR_M_CF1_RI2_TI2_R12_C02,NEW_ALNS_EXPANSION,M,CF1,2,PHASE6N_TOP4,False
CB1_CAUR_M_CF1_RI2_TI2_R12_C02__seed721202__it0000563,ts_05999f4c54da2878b3b3,CB1_CAUR_M_CF1_RI2_TI2_R12_C02,NEW_ALNS_EXPANSION,M,CF1,2,PHASE6N_TOP4,False
CB1_CAUR_M_CF1_RI2_TI2_R12_C02__seed721202__it0000563,ts_3871a9853cb077d49723,CB1_CAUR_M_CF1_RI2_TI2_R12_C02,NEW_ALNS_EXPANSION,M,CF1,2,PHASE6N_TOP4,False
CB1_CAUR_M_CF1_RI2_TI2_R12_C02__seed721202__it0000563,ts_b42ead13df43259a703c,CB1_CAUR_M_CF1_RI2_TI2_R12_C02,NEW_ALNS_EXPANSION,M,CF1,2,CANONICAL_FALLBACK,True
CB1_CAUR_M_CF1_RI2_TI2_R12_C02__seed721202__it0000563,ts_da1a59a22c4268ffa01b,CB1_CAUR_M_CF1_RI2_TI2_R12_C02,NEW_ALNS_EXPANSION,M,CF1,2,PHASE6N_TOP4,False
CB1_CAUR_M_CF1_RI2_TI2_R12_C02__seed721202__it0000563,ts_ecb2fb7935e135e5afbe,CB1_CAUR_M_CF1_RI2_TI2_R12_C02,NEW_ALNS_EXPANSION,M,CF1,2,PHASE6N_TOP4,False
CB1_CAUR_M_CF1_RI2_TI2_R12_C02__seed721203__it0000026,ts_181d19953267d5409adb,CB1_CAUR_M_CF1_RI2_TI2_R12_C02,NEW_ALNS_EXPANSION,M,CF1,2,CANONICAL_FALLBACK,True
CB1_CAUR_M_CF1_RI2_TI2_R12_C02__seed721203__it0000026,ts_60d503377c110bbbef54,CB1_CAUR_M_CF1_RI2_TI2_R12_C02,NEW_ALNS_EXPANSION,M,CF1,2,PHASE6N_TOP4,False
CB1_CAUR_M_CF1_RI2_TI2_R12_C02__seed721203__it0000026,ts_b45fdf73a00a8a39afb8,CB1_CAUR_M_CF1_RI2_TI2_R12_C02,NEW_ALNS_EXPANSION,M,CF1,2,PHASE6N_TOP4,False
CB1_CAUR_M_CF1_RI2_TI2_R12_C02__seed721203__it0000026,ts_dafc8b42c08ce8635498,CB1_CAUR_M_CF1_RI2_TI2_R12_C02,NEW_ALNS_EXPANSION,M,CF1,2,PHASE6N_TOP4,False
CB1_CAUR_M_CF1_RI2_TI2_R12_C02__seed721203__it0000026,ts_dc4e1917a098ff8948e2,CB1_CAUR_M_CF1_RI2_TI2_R12_C02,NEW_ALNS_EXPANSION,M,CF1,2,PHASE6N_TOP4,False
CB1_CAUR_M_CF1_RI2_TI2_R12_C02__seed721203__it0000105,ts_3424a9f93d8877362891,CB1_CAUR_M_CF1_RI2_TI2_R12_C02,NEW_ALNS_EXPANSION,M,CF1,2,PHASE6N_TOP4,False
CB1_CAUR_M_CF1_RI2_TI2_R12_C02__seed721203__it0000105,ts_43a6105da444e43f3a7a,CB1_CAUR_M_CF1_RI2_TI2_R12_C02,NEW_ALNS_EXPANSION,M,CF1,2,PHASE6N_TOP4,False
CB1_CAUR_M_CF1_RI2_TI2_R12_C02__seed721203__it0000105,ts_4d9c4d1deef9fb77acc8,CB1_CAUR_M_CF1_RI2_TI2_R12_C02,NEW_ALNS_EXPANSION,M,CF1,2,PHASE6N_TOP4,False
CB1_CAUR_M_CF1_RI2_TI2_R12_C02__seed721203__it0000105,ts_744fab5836ffe9bef3da,CB1_CAUR_M_CF1_RI2_TI2_R12_C02,NEW_ALNS_EXPANSION,M,CF1,2,PHASE6N_TOP4,False
CB1_CAUR_M_CF1_RI2_TI2_R12_C02__seed721203__it0000105,ts_db2e02af227afe30a108,CB1_CAUR_M_CF1_RI2_TI2_R12_C02,NEW_ALNS_EXPANSION,M,CF1,2,CANONICAL_FALLBACK,True
CB1_CAUR_M_CF1_RI2_TI2_R12_C02__seed721203__it0000189,ts_6f848613ea411de0bd5f,CB1_CAUR_M_CF1_RI2_TI2_R12_C02,NEW_ALNS_EXPANSION,M,CF1,2,CANONICAL_FALLBACK|PHASE6N_TOP4,True
CB1_CAUR_M_CF1_RI2_TI2_R12_C02__seed721203__it0000189,ts_87972ea5aac2e707762e,CB1_CAUR_M_CF1_RI2_TI2_R12_C02,NEW_ALNS_EXPANSION,M,CF1,2,PHASE6N_TOP4,False
CB1_CAUR_M_CF1_RI2_TI2_R12_C02__seed721203__it0000189,ts_96803d875141bc81542a,CB1_CAUR_M_CF1_RI2_TI2_R12_C02,NEW_ALNS_EXPANSION,M,CF1,2,PHASE6N_TOP4,False
CB1_CAUR_M_CF1_RI2_TI2_R12_C02__seed721203__it0000189,ts_b1885c308d58c26f48b8,CB1_CAUR_M_CF1_RI2_TI2_R12_C02,NEW_ALNS_EXPANSION,M,CF1,2,PHASE6N_TOP4,False
CB1_CAUR_M_CF1_RI2_TI2_R12_C02__seed721203__it0000266,ts_4f313d8120e50d3ee8b1,CB1_CAUR_M_CF1_RI2_TI2_R12_C02,NEW_ALNS_EXPANSION,M,CF1,2,PHASE6N_TOP4,False
CB1_CAUR_M_CF1_RI2_TI2_R12_C02__seed721203__it0000266,ts_5ec8f3cb3e6cb113c317,CB1_CAUR_M_CF1_RI2_TI2_R12_C02,NEW_ALNS_EXPANSION,M,CF1,2,PHASE6N_TOP4,False
CB1_CAUR_M_CF1_RI2_TI2_R12_C02__seed721203__it0000266,ts_a4a308cf97531ec97bff,CB1_CAUR_M_CF1_RI2_TI2_R12_C02,NEW_ALNS_EXPANSION,M,CF1,2,PHASE6N_TOP4,False
CB1_CAUR_M_CF1_RI2_TI2_R12_C02__seed721203__it0000266,ts_e3006bca5e62e39c9058,CB1_CAUR_M_CF1_RI2_TI2_R12_C02,NEW_ALNS_EXPANSION,M,CF1,2,CANONICAL_FALLBACK,True
CB1_CAUR_M_CF1_RI2_TI2_R12_C02__seed721203__it0000266,ts_f5620c7c8c5ccec8a447,CB1_CAUR_M_CF1_RI2_TI2_R12_C02,NEW_ALNS_EXPANSION,M,CF1,2,PHASE6N_TOP4,False
CB1_CAUR_M_CF1_RI2_TI2_R12_C02__seed721203__it0000343,ts_17399766dc433102c6a6,CB1_CAUR_M_CF1_RI2_TI2_R12_C02,NEW_ALNS_EXPANSION,M,CF1,2,PHASE6N_TOP4,False
CB1_CAUR_M_CF1_RI2_TI2_R12_C02__seed721203__it0000343,ts_706043ac6c7470e42fc5,CB1_CAUR_M_CF1_RI2_TI2_R12_C02,NEW_ALNS_EXPANSION,M,CF1,2,PHASE6N_TOP4,False
CB1_CAUR_M_CF1_RI2_TI2_R12_C02__seed721203__it0000343,ts_76ab88ebb59c7803865e,CB1_CAUR_M_CF1_RI2_TI2_R12_C02,NEW_ALNS_EXPANSION,M,CF1,2,PHASE6N_TOP4,False
CB1_CAUR_M_CF1_RI2_TI2_R12_C02__seed721203__it0000343,ts_a80244ad13c58f9cdc3d,CB1_CAUR_M_CF1_RI2_TI2_R12_C02,NEW_ALNS_EXPANSION,M,CF1,2,PHASE6N_TOP4,False
CB1_CAUR_M_CF1_RI2_TI2_R12_C02__seed721203__it0000343,ts_e252de5f087f9569100e,CB1_CAUR_M_CF1_RI2_TI2_R12_C02,NEW_ALNS_EXPANSION,M,CF1,2,CANONICAL_FALLBACK,True
CB1_CAUR_M_CF1_RI2_TI2_R12_C02__seed721203__it0000426,ts_055acf093378294ca4ba,CB1_CAUR_M_CF1_RI2_TI2_R12_C02,NEW_ALNS_EXPANSION,M,CF1,2,CANONICAL_FALLBACK,True
CB1_CAUR_M_CF1_RI2_TI2_R12_C02__seed721203__it0000426,ts_4dc6b140889d745fa00f,CB1_CAUR_M_CF1_RI2_TI2_R12_C02,NEW_ALNS_EXPANSION,M,CF1,2,PHASE6N_TOP4,False
CB1_CAUR_M_CF1_RI2_TI2_R12_C02__seed721203__it0000426,ts_ac748e53fca687bc5ada,CB1_CAUR_M_CF1_RI2_TI2_R12_C02,NEW_ALNS_EXPANSION,M,CF1,2,PHASE6N_TOP4,False
CB1_CAUR_M_CF1_RI2_TI2_R12_C02__seed721203__it0000426,ts_ad73b1f2875092208b22,CB1_CAUR_M_CF1_RI2_TI2_R12_C02,NEW_ALNS_EXPANSION,M,CF1,2,PHASE6N_TOP4,False
CB1_CAUR_M_CF1_RI2_TI2_R12_C02__seed721203__it0000426,ts_e53b02c4ff8986b4a33a,CB1_CAUR_M_CF1_RI2_TI2_R12_C02,NEW_ALNS_EXPANSION,M,CF1,2,PHASE6N_TOP4,False
CB1_CAUR_M_CF1_RI2_TI2_R12_C02__seed721203__it0000503,ts_3d498661b6da046b5937,CB1_CAUR_M_CF1_RI2_TI2_R12_C02,NEW_ALNS_EXPANSION,M,CF1,2,PHASE6N_TOP4,False
CB1_CAUR_M_CF1_RI2_TI2_R12_C02__seed721203__it0000503,ts_483e7df528d2170874e6,CB1_CAUR_M_CF1_RI2_TI2_R12_C02,NEW_ALNS_EXPANSION,M,CF1,2,PHASE6N_TOP4,False
CB1_CAUR_M_CF1_RI2_TI2_R12_C02__seed721203__it0000503,ts_c4d6cc98732abff1482e,CB1_CAUR_M_CF1_RI2_TI2_R12_C02,NEW_ALNS_EXPANSION,M,CF1,2,CANONICAL_FALLBACK,True
CB1_CAUR_M_CF1_RI2_TI2_R12_C02__seed721203__it0000503,ts_de94ceabf4ea5974a923,CB1_CAUR_M_CF1_RI2_TI2_R12_C02,NEW_ALNS_EXPANSION,M,CF1,2,PHASE6N_TOP4,False
CB1_CAUR_M_CF1_RI2_TI2_R12_C02__seed721203__it0000503,ts_fbff8fa282662bf75d8b,CB1_CAUR_M_CF1_RI2_TI2_R12_C02,NEW_ALNS_EXPANSION,M,CF1,2,PHASE6N_TOP4,False
CB1_CAUR_M_CF1_RI2_TI2_R12_C02__seed721203__it0000562,ts_17b366791dd67a2bdc02,CB1_CAUR_M_CF1_RI2_TI2_R12_C02,NEW_ALNS_EXPANSION,M,CF1,2,PHASE6N_TOP4,False
CB1_CAUR_M_CF1_RI2_TI2_R12_C02__seed721203__it0000562,ts_4ba461cd07f5f91a6ca4,CB1_CAUR_M_CF1_RI2_TI2_R12_C02,NEW_ALNS_EXPANSION,M,CF1,2,PHASE6N_TOP4,False
CB1_CAUR_M_CF1_RI2_TI2_R12_C02__seed721203__it0000562,ts_4ef0e3f36a85c860a377,CB1_CAUR_M_CF1_RI2_TI2_R12_C02,NEW_ALNS_EXPANSION,M,CF1,2,PHASE6N_TOP4,False
CB1_CAUR_M_CF1_RI2_TI2_R12_C02__seed721203__it0000562,ts_983e8204f8f067656c18,CB1_CAUR_M_CF1_RI2_TI2_R12_C02,NEW_ALNS_EXPANSION,M,CF1,2,PHASE6N_TOP4,False
CB1_CAUR_M_CF1_RI2_TI2_R12_C02__seed721203__it0000562,ts_9d892d9b7bf551228b8e,CB1_CAUR_M_CF1_RI2_TI2_R12_C02,NEW_ALNS_EXPANSION,M,CF1,2,CANONICAL_FALLBACK,True
CB1_CAUR_M_CF1_RI2_TI2_R12_C02__seed721204__it0000026,ts_41a4609873b99afa1238,CB1_CAUR_M_CF1_RI2_TI2_R12_C02,NEW_ALNS_EXPANSION,M,CF1,2,PHASE6N_TOP4,False
CB1_CAUR_M_CF1_RI2_TI2_R12_C02__seed721204__it0000026,ts_88fea7e31ad63bb5d5b8,CB1_CAUR_M_CF1_RI2_TI2_R12_C02,NEW_ALNS_EXPANSION,M,CF1,2,CANONICAL_FALLBACK,True
CB1_CAUR_M_CF1_RI2_TI2_R12_C02__seed721204__it0000026,ts_958e64ab79be552b6114,CB1_CAUR_M_CF1_RI2_TI2_R12_C02,NEW_ALNS_EXPANSION,M,CF1,2,PHASE6N_TOP4,False
CB1_CAUR_M_CF1_RI2_TI2_R12_C02__seed721204__it0000026,ts_c6b470e5cae7eef5532e,CB1_CAUR_M_CF1_RI2_TI2_R12_C02,NEW_ALNS_EXPANSION,M,CF1,2,PHASE6N_TOP4,False
CB1_CAUR_M_CF1_RI2_TI2_R12_C02__seed721204__it0000026,ts_e23fb990d19ed62c6a92,CB1_CAUR_M_CF1_RI2_TI2_R12_C02,NEW_ALNS_EXPANSION,M,CF1,2,PHASE6N_TOP4,False
CB1_CAUR_M_CF1_RI2_TI2_R12_C02__seed721204__it0000105,ts_30569e85227313b42bdf,CB1_CAUR_M_CF1_RI2_TI2_R12_C02,NEW_ALNS_EXPANSION,M,CF1,2,PHASE6N_TOP4,False
CB1_CAUR_M_CF1_RI2_TI2_R12_C02__seed721204__it0000105,ts_5126cfca448091957b1c,CB1_CAUR_M_CF1_RI2_TI2_R12_C02,NEW_ALNS_EXPANSION,M,CF1,2,CANONICAL_FALLBACK,True
CB1_CAUR_M_CF1_RI2_TI2_R12_C02__seed721204__it0000105,ts_537746fd4778b6845341,CB1_CAUR_M_CF1_RI2_TI2_R12_C02,NEW_ALNS_EXPANSION,M,CF1,2,PHASE6N_TOP4,False
CB1_CAUR_M_CF1_RI2_TI2_R12_C02__seed721204__it0000105,ts_5f767d5f9efcc0b59526,CB1_CAUR_M_CF1_RI2_TI2_R12_C02,NEW_ALNS_EXPANSION,M,CF1,2,PHASE6N_TOP4,False
CB1_CAUR_M_CF1_RI2_TI2_R12_C02__seed721204__it0000105,ts_7e26db86232bd24f0baa,CB1_CAUR_M_CF1_RI2_TI2_R12_C02,NEW_ALNS_EXPANSION,M,CF1,2,PHASE6N_TOP4,False
CB1_CAUR_M_CF1_RI2_TI2_R12_C02__seed721204__it0000188,ts_34451b2005c62a0c16b1,CB1_CAUR_M_CF1_RI2_TI2_R12_C02,NEW_ALNS_EXPANSION,M,CF1,2,PHASE6N_TOP4,False
CB1_CAUR_M_CF1_RI2_TI2_R12_C02__seed721204__it0000188,ts_49a4cb46fc10c0e1753c,CB1_CAUR_M_CF1_RI2_TI2_R12_C02,NEW_ALNS_EXPANSION,M,CF1,2,PHASE6N_TOP4,False
CB1_CAUR_M_CF1_RI2_TI2_R12_C02__seed721204__it0000188,ts_510743e5c731c96f3301,CB1_CAUR_M_CF1_RI2_TI2_R12_C02,NEW_ALNS_EXPANSION,M,CF1,2,CANONICAL_FALLBACK,True
CB1_CAUR_M_CF1_RI2_TI2_R12_C02__seed721204__it0000188,ts_de144f9ce2ec98dc0b0b,CB1_CAUR_M_CF1_RI2_TI2_R12_C02,NEW_ALNS_EXPANSION,M,CF1,2,PHASE6N_TOP4,False
CB1_CAUR_M_CF1_RI2_TI2_R12_C02__seed721204__it0000188,ts_f0d1c82d9fbc9b66af7d,CB1_CAUR_M_CF1_RI2_TI2_R12_C02,NEW_ALNS_EXPANSION,M,CF1,2,PHASE6N_TOP4,False
CB1_CAUR_M_CF1_RI2_TI2_R12_C02__seed721204__it0000265,ts_17ba070ea754396f19af,CB1_CAUR_M_CF1_RI2_TI2_R12_C02,NEW_ALNS_EXPANSION,M,CF1,2,PHASE6N_TOP4,False
CB1_CAUR_M_CF1_RI2_TI2_R12_C02__seed721204__it0000265,ts_5ff6765144d42c2ea6e9,CB1_CAUR_M_CF1_RI2_TI2_R12_C02,NEW_ALNS_EXPANSION,M,CF1,2,PHASE6N_TOP4,False
CB1_CAUR_M_CF1_RI2_TI2_R12_C02__seed721204__it0000265,ts_bdaa8ed443fc8b58b784,CB1_CAUR_M_CF1_RI2_TI2_R12_C02,NEW_ALNS_EXPANSION,M,CF1,2,PHASE6N_TOP4,False
CB1_CAUR_M_CF1_RI2_TI2_R12_C02__seed721204__it0000265,ts_c259321239f7b8d1ebe3,CB1_CAUR_M_CF1_RI2_TI2_R12_C02,NEW_ALNS_EXPANSION,M,CF1,2,PHASE6N_TOP4,False
CB1_CAUR_M_CF1_RI2_TI2_R12_C02__seed721204__it0000265,ts_d85829ad7940a46864f7,CB1_CAUR_M_CF1_RI2_TI2_R12_C02,NEW_ALNS_EXPANSION,M,CF1,2,CANONICAL_FALLBACK,True
CB1_CAUR_M_CF1_RI2_TI2_R12_C02__seed721204__it0000344,ts_051a1d71eaa40db35616,CB1_CAUR_M_CF1_RI2_TI2_R12_C02,NEW_ALNS_EXPANSION,M,CF1,2,PHASE6N_TOP4,False
CB1_CAUR_M_CF1_RI2_TI2_R12_C02__seed721204__it0000344,ts_376271e6d2087f657e0d,CB1_CAUR_M_CF1_RI2_TI2_R12_C02,NEW_ALNS_EXPANSION,M,CF1,2,PHASE6N_TOP4,False
CB1_CAUR_M_CF1_RI2_TI2_R12_C02__seed721204__it0000344,ts_4a156aa70f86b2f2490f,CB1_CAUR_M_CF1_RI2_TI2_R12_C02,NEW_ALNS_EXPANSION,M,CF1,2,PHASE6N_TOP4,False
CB1_CAUR_M_CF1_RI2_TI2_R12_C02__seed721204__it0000344,ts_5f8150338756b41c17a9,CB1_CAUR_M_CF1_RI2_TI2_R12_C02,NEW_ALNS_EXPANSION,M,CF1,2,PHASE6N_TOP4,False
CB1_CAUR_M_CF1_RI2_TI2_R12_C02__seed721204__it0000344,ts_fc42a7dc29a6eb142e9f,CB1_CAUR_M_CF1_RI2_TI2_R12_C02,NEW_ALNS_EXPANSION,M,CF1,2,CANONICAL_FALLBACK,True
CB1_CAUR_M_CF1_RI2_TI2_R12_C02__seed721204__it0000426,ts_259c0b0c902decd9256c,CB1_CAUR_M_CF1_RI2_TI2_R12_C02,NEW_ALNS_EXPANSION,M,CF1,2,PHASE6N_TOP4,False
CB1_CAUR_M_CF1_RI2_TI2_R12_C02__seed721204__it0000426,ts_609760965560e127d27b,CB1_CAUR_M_CF1_RI2_TI2_R12_C02,NEW_ALNS_EXPANSION,M,CF1,2,PHASE6N_TOP4,False
CB1_CAUR_M_CF1_RI2_TI2_R12_C02__seed721204__it0000426,ts_9394dbabc95e1dce247a,CB1_CAUR_M_CF1_RI2_TI2_R12_C02,NEW_ALNS_EXPANSION,M,CF1,2,PHASE6N_TOP4,False
CB1_CAUR_M_CF1_RI2_TI2_R12_C02__seed721204__it0000426,ts_cd12f2002e85150a1899,CB1_CAUR_M_CF1_RI2_TI2_R12_C02,NEW_ALNS_EXPANSION,M,CF1,2,PHASE6N_TOP4,False
CB1_CAUR_M_CF1_RI2_TI2_R12_C02__seed721204__it0000426,ts_d8d10ed9ded81cf96fe1,CB1_CAUR_M_CF1_RI2_TI2_R12_C02,NEW_ALNS_EXPANSION,M,CF1,2,CANONICAL_FALLBACK,True
CB1_CAUR_M_CF1_RI2_TI2_R12_C02__seed721204__it0000503,ts_8c10672ce787523f9025,CB1_CAUR_M_CF1_RI2_TI2_R12_C02,NEW_ALNS_EXPANSION,M,CF1,2,PHASE6N_TOP4,False
CB1_CAUR_M_CF1_RI2_TI2_R12_C02__seed721204__it0000503,ts_9908ffc93bffb42b0625,CB1_CAUR_M_CF1_RI2_TI2_R12_C02,NEW_ALNS_EXPANSION,M,CF1,2,PHASE6N_TOP4,False
CB1_CAUR_M_CF1_RI2_TI2_R12_C02__seed721204__it0000503,ts_9ea675b175ef4bb0ec94,CB1_CAUR_M_CF1_RI2_TI2_R12_C02,NEW_ALNS_EXPANSION,M,CF1,2,CANONICAL_FALLBACK,True
CB1_CAUR_M_CF1_RI2_TI2_R12_C02__seed721204__it0000503,ts_9f137130ad0c0697dd31,CB1_CAUR_M_CF1_RI2_TI2_R12_C02,NEW_ALNS_EXPANSION,M,CF1,2,PHASE6N_TOP4,False
CB1_CAUR_M_CF1_RI2_TI2_R12_C02__seed721204__it0000503,ts_de1487df7e87a7f7bd1e,CB1_CAUR_M_CF1_RI2_TI2_R12_C02,NEW_ALNS_EXPANSION,M,CF1,2,PHASE6N_TOP4,False
CB1_CAUR_M_CF1_RI2_TI2_R12_C02__seed721204__it0000561,ts_0cd8352ac4a110ceb728,CB1_CAUR_M_CF1_RI2_TI2_R12_C02,NEW_ALNS_EXPANSION,M,CF1,2,PHASE6N_TOP4,False
CB1_CAUR_M_CF1_RI2_TI2_R12_C02__seed721204__it0000561,ts_0d0d0a3852293fdf2daa,CB1_CAUR_M_CF1_RI2_TI2_R12_C02,NEW_ALNS_EXPANSION,M,CF1,2,CANONICAL_FALLBACK,True
CB1_CAUR_M_CF1_RI2_TI2_R12_C02__seed721204__it0000561,ts_35efe80317b62bc76483,CB1_CAUR_M_CF1_RI2_TI2_R12_C02,NEW_ALNS_EXPANSION,M,CF1,2,PHASE6N_TOP4,False
CB1_CAUR_M_CF1_RI2_TI2_R12_C02__seed721204__it0000561,ts_da1e8cbf34a84be81412,CB1_CAUR_M_CF1_RI2_TI2_R12_C02,NEW_ALNS_EXPANSION,M,CF1,2,PHASE6N_TOP4,False
CB1_CAUR_M_CF1_RI2_TI2_R12_C02__seed721204__it0000561,ts_dfd940f77b7da44b7214,CB1_CAUR_M_CF1_RI2_TI2_R12_C02,NEW_ALNS_EXPANSION,M,CF1,2,PHASE6N_TOP4,False
CB1_CAUR_M_CF1_RI2_TI2_R12__seed691201__it0000015,ts_062add896382b3ca3f5c,CB1_CAUR_M_CF1_RI2_TI2_R12,ORIGINAL_PHASE6J_CAUR,M,CF1,2,PHASE6L_TOP4,False
CB1_CAUR_M_CF1_RI2_TI2_R12__seed691201__it0000015,ts_1bef536cfdfc48819819,CB1_CAUR_M_CF1_RI2_TI2_R12,ORIGINAL_PHASE6J_CAUR,M,CF1,2,PHASE6N_TOP4,False
CB1_CAUR_M_CF1_RI2_TI2_R12__seed691201__it0000015,ts_38a25e52c77ad290f5b2,CB1_CAUR_M_CF1_RI2_TI2_R12,ORIGINAL_PHASE6J_CAUR,M,CF1,2,PHASE6L_TOP4,False
CB1_CAUR_M_CF1_RI2_TI2_R12__seed691201__it0000015,ts_7782aba7b06d9a8ae56e,CB1_CAUR_M_CF1_RI2_TI2_R12,ORIGINAL_PHASE6J_CAUR,M,CF1,2,PHASE6L_TOP4,False
CB1_CAUR_M_CF1_RI2_TI2_R12__seed691201__it0000015,ts_7f9fdbe6e56b0dcf1519,CB1_CAUR_M_CF1_RI2_TI2_R12,ORIGINAL_PHASE6J_CAUR,M,CF1,2,CANONICAL_FALLBACK,True
CB1_CAUR_M_CF1_RI2_TI2_R12__seed691201__it0000015,ts_a4efa296d3e0638225fd,CB1_CAUR_M_CF1_RI2_TI2_R12,ORIGINAL_PHASE6J_CAUR,M,CF1,2,PHASE6N_TOP4,False
CB1_CAUR_M_CF1_RI2_TI2_R12__seed691201__it0000015,ts_d81efb8b67f065772d8e,CB1_CAUR_M_CF1_RI2_TI2_R12,ORIGINAL_PHASE6J_CAUR,M,CF1,2,PHASE6N_TOP4,False
CB1_CAUR_M_CF1_RI2_TI2_R12__seed691201__it0000015,ts_d9fd0a79834b0c0cde15,CB1_CAUR_M_CF1_RI2_TI2_R12,ORIGINAL_PHASE6J_CAUR,M,CF1,2,PHASE6L_TOP4|PHASE6N_TOP4,False
CB1_CAUR_M_CF1_RI2_TI2_R12__seed691201__it0000056,ts_22f264ff792565697f58,CB1_CAUR_M_CF1_RI2_TI2_R12,ORIGINAL_PHASE6J_CAUR,M,CF1,2,PHASE6L_TOP4|PHASE6N_TOP4,False
CB1_CAUR_M_CF1_RI2_TI2_R12__seed691201__it0000056,ts_3688c3181189bdf86b47,CB1_CAUR_M_CF1_RI2_TI2_R12,ORIGINAL_PHASE6J_CAUR,M,CF1,2,CANONICAL_FALLBACK,True
CB1_CAUR_M_CF1_RI2_TI2_R12__seed691201__it0000056,ts_63bd5793c2d63457b3d3,CB1_CAUR_M_CF1_RI2_TI2_R12,ORIGINAL_PHASE6J_CAUR,M,CF1,2,PHASE6L_TOP4,False
CB1_CAUR_M_CF1_RI2_TI2_R12__seed691201__it0000056,ts_9635aaedb8b6b6d0225f,CB1_CAUR_M_CF1_RI2_TI2_R12,ORIGINAL_PHASE6J_CAUR,M,CF1,2,PHASE6L_TOP4|PHASE6N_TOP4,False
CB1_CAUR_M_CF1_RI2_TI2_R12__seed691201__it0000056,ts_ad94c20fa0b5d3b03193,CB1_CAUR_M_CF1_RI2_TI2_R12,ORIGINAL_PHASE6J_CAUR,M,CF1,2,PHASE6N_TOP4,False
CB1_CAUR_M_CF1_RI2_TI2_R12__seed691201__it0000056,ts_cd756cdc5d30f4ff9ddd,CB1_CAUR_M_CF1_RI2_TI2_R12,ORIGINAL_PHASE6J_CAUR,M,CF1,2,PHASE6L_TOP4|PHASE6N_TOP4,False
CB1_CAUR_M_CF1_RI2_TI2_R12__seed691201__it0000101,ts_1a04abab1a7778521f49,CB1_CAUR_M_CF1_RI2_TI2_R12,ORIGINAL_PHASE6J_CAUR,M,CF1,2,PHASE6L_TOP4|PHASE6N_TOP4,False
CB1_CAUR_M_CF1_RI2_TI2_R12__seed691201__it0000101,ts_4c4b827ed391d55e89da,CB1_CAUR_M_CF1_RI2_TI2_R12,ORIGINAL_PHASE6J_CAUR,M,CF1,2,PHASE6L_TOP4|PHASE6N_TOP4,False
CB1_CAUR_M_CF1_RI2_TI2_R12__seed691201__it0000101,ts_770e868f86dc63a84504,CB1_CAUR_M_CF1_RI2_TI2_R12,ORIGINAL_PHASE6J_CAUR,M,CF1,2,PHASE6L_TOP4,False
CB1_CAUR_M_CF1_RI2_TI2_R12__seed691201__it0000101,ts_8dada3b85390f64253d0,CB1_CAUR_M_CF1_RI2_TI2_R12,ORIGINAL_PHASE6J_CAUR,M,CF1,2,CANONICAL_FALLBACK,True
CB1_CAUR_M_CF1_RI2_TI2_R12__seed691201__it0000101,ts_b9a52fb01ffeaf1ac17a,CB1_CAUR_M_CF1_RI2_TI2_R12,ORIGINAL_PHASE6J_CAUR,M,CF1,2,PHASE6L_TOP4|PHASE6N_TOP4,False
CB1_CAUR_M_CF1_RI2_TI2_R12__seed691201__it0000101,ts_ccd47ca847bcc84d6760,CB1_CAUR_M_CF1_RI2_TI2_R12,ORIGINAL_PHASE6J_CAUR,M,CF1,2,PHASE6N_TOP4,False
CB1_CAUR_M_CF1_RI2_TI2_R12__seed691201__it0000141,ts_7a43dc2d12ba982d38b7,CB1_CAUR_M_CF1_RI2_TI2_R12,ORIGINAL_PHASE6J_CAUR,M,CF1,2,PHASE6L_TOP4|PHASE6N_TOP4,False
CB1_CAUR_M_CF1_RI2_TI2_R12__seed691201__it0000141,ts_89435a477d0c45db76e1,CB1_CAUR_M_CF1_RI2_TI2_R12,ORIGINAL_PHASE6J_CAUR,M,CF1,2,PHASE6L_TOP4|PHASE6N_TOP4,False
CB1_CAUR_M_CF1_RI2_TI2_R12__seed691201__it0000141,ts_946088459b29b81e11ee,CB1_CAUR_M_CF1_RI2_TI2_R12,ORIGINAL_PHASE6J_CAUR,M,CF1,2,PHASE6N_TOP4,False
CB1_CAUR_M_CF1_RI2_TI2_R12__seed691201__it0000141,ts_b519275872a385453f03,CB1_CAUR_M_CF1_RI2_TI2_R12,ORIGINAL_PHASE6J_CAUR,M,CF1,2,PHASE6L_TOP4|PHASE6N_TOP4,False
CB1_CAUR_M_CF1_RI2_TI2_R12__seed691201__it0000141,ts_d2027a97e63b80a3abc0,CB1_CAUR_M_CF1_RI2_TI2_R12,ORIGINAL_PHASE6J_CAUR,M,CF1,2,CANONICAL_FALLBACK|PHASE6L_TOP4,True
CB1_CAUR_M_CF1_RI2_TI2_R12__seed691201__it0000181,ts_337f1a6a60d5a83def3d,CB1_CAUR_M_CF1_RI2_TI2_R12,ORIGINAL_PHASE6J_CAUR,M,CF1,2,PHASE6L_TOP4,False
CB1_CAUR_M_CF1_RI2_TI2_R12__seed691201__it0000181,ts_3d94501b7d90a4445a38,CB1_CAUR_M_CF1_RI2_TI2_R12,ORIGINAL_PHASE6J_CAUR,M,CF1,2,CANONICAL_FALLBACK,True
CB1_CAUR_M_CF1_RI2_TI2_R12__seed691201__it0000181,ts_4b6f54d561df52bbcc0d,CB1_CAUR_M_CF1_RI2_TI2_R12,ORIGINAL_PHASE6J_CAUR,M,CF1,2,PHASE6L_TOP4|PHASE6N_TOP4,False
CB1_CAUR_M_CF1_RI2_TI2_R12__seed691201__it0000181,ts_958d7125525fe1d2cf51,CB1_CAUR_M_CF1_RI2_TI2_R12,ORIGINAL_PHASE6J_CAUR,M,CF1,2,PHASE6L_TOP4,False
CB1_CAUR_M_CF1_RI2_TI2_R12__seed691201__it0000181,ts_a877ea74043211295f12,CB1_CAUR_M_CF1_RI2_TI2_R12,ORIGINAL_PHASE6J_CAUR,M,CF1,2,PHASE6N_TOP4,False
CB1_CAUR_M_CF1_RI2_TI2_R12__seed691201__it0000181,ts_c65c07f988fe8bb43d90,CB1_CAUR_M_CF1_RI2_TI2_R12,ORIGINAL_PHASE6J_CAUR,M,CF1,2,PHASE6L_TOP4|PHASE6N_TOP4,False
CB1_CAUR_M_CF1_RI2_TI2_R12__seed691201__it0000181,ts_ede9b509d5e03be1437b,CB1_CAUR_M_CF1_RI2_TI2_R12,ORIGINAL_PHASE6J_CAUR,M,CF1,2,PHASE6N_TOP4,False
CB1_CAUR_M_CF1_RI2_TI2_R12__seed691201__it0000224,ts_023c254a51e0c8e158d3,CB1_CAUR_M_CF1_RI2_TI2_R12,ORIGINAL_PHASE6J_CAUR,M,CF1,2,CANONICAL_FALLBACK,True
CB1_CAUR_M_CF1_RI2_TI2_R12__seed691201__it0000224,ts_a2413b371aba3f2ed590,CB1_CAUR_M_CF1_RI2_TI2_R12,ORIGINAL_PHASE6J_CAUR,M,CF1,2,PHASE6L_TOP4|PHASE6N_TOP4,False
CB1_CAUR_M_CF1_RI2_TI2_R12__seed691201__it0000224,ts_af60c9c2ba4636d07e44,CB1_CAUR_M_CF1_RI2_TI2_R12,ORIGINAL_PHASE6J_CAUR,M,CF1,2,PHASE6L_TOP4,False
CB1_CAUR_M_CF1_RI2_TI2_R12__seed691201__it0000224,ts_d8b0fc7d912de9d88519,CB1_CAUR_M_CF1_RI2_TI2_R12,ORIGINAL_PHASE6J_CAUR,M,CF1,2,PHASE6L_TOP4|PHASE6N_TOP4,False
CB1_CAUR_M_CF1_RI2_TI2_R12__seed691201__it0000224,ts_de72fa0491fa69b3683a,CB1_CAUR_M_CF1_RI2_TI2_R12,ORIGINAL_PHASE6J_CAUR,M,CF1,2,PHASE6L_TOP4|PHASE6N_TOP4,False
CB1_CAUR_M_CF1_RI2_TI2_R12__seed691201__it0000224,ts_e2e97dabfd96449c7b4e,CB1_CAUR_M_CF1_RI2_TI2_R12,ORIGINAL_PHASE6J_CAUR,M,CF1,2,PHASE6N_TOP4,False
CB1_CAUR_M_CF1_RI2_TI2_R12__seed691201__it0000266,ts_0dcf6b90d2408414e8c3,CB1_CAUR_M_CF1_RI2_TI2_R12,ORIGINAL_PHASE6J_CAUR,M,CF1,2,PHASE6L_TOP4|PHASE6N_TOP4,False
CB1_CAUR_M_CF1_RI2_TI2_R12__seed691201__it0000266,ts_56555b0e96d72d8fad24,CB1_CAUR_M_CF1_RI2_TI2_R12,ORIGINAL_PHASE6J_CAUR,M,CF1,2,PHASE6L_TOP4|PHASE6N_TOP4,False
CB1_CAUR_M_CF1_RI2_TI2_R12__seed691201__it0000266,ts_74c365c169545f8b6f21,CB1_CAUR_M_CF1_RI2_TI2_R12,ORIGINAL_PHASE6J_CAUR,M,CF1,2,PHASE6L_TOP4|PHASE6N_TOP4,False
CB1_CAUR_M_CF1_RI2_TI2_R12__seed691201__it0000266,ts_7d7816268612d3025147,CB1_CAUR_M_CF1_RI2_TI2_R12,ORIGINAL_PHASE6J_CAUR,M,CF1,2,PHASE6L_TOP4|PHASE6N_TOP4,False
CB1_CAUR_M_CF1_RI2_TI2_R12__seed691201__it0000266,ts_7dbcbbb4786cbb9af5f7,CB1_CAUR_M_CF1_RI2_TI2_R12,ORIGINAL_PHASE6J_CAUR,M,CF1,2,CANONICAL_FALLBACK,True
CB1_CAUR_M_CF1_RI2_TI2_R12__seed691201__it0000299,ts_245204f4268da26b2860,CB1_CAUR_M_CF1_RI2_TI2_R12,ORIGINAL_PHASE6J_CAUR,M,CF1,2,PHASE6L_TOP4|PHASE6N_TOP4,False
CB1_CAUR_M_CF1_RI2_TI2_R12__seed691201__it0000299,ts_42bd51a722a0ad1adb3d,CB1_CAUR_M_CF1_RI2_TI2_R12,ORIGINAL_PHASE6J_CAUR,M,CF1,2,CANONICAL_FALLBACK,True
CB1_CAUR_M_CF1_RI2_TI2_R12__seed691201__it0000299,ts_78b31865174fb252446f,CB1_CAUR_M_CF1_RI2_TI2_R12,ORIGINAL_PHASE6J_CAUR,M,CF1,2,PHASE6L_TOP4,False
CB1_CAUR_M_CF1_RI2_TI2_R12__seed691201__it0000299,ts_93388f983ec89f42582b,CB1_CAUR_M_CF1_RI2_TI2_R12,ORIGINAL_PHASE6J_CAUR,M,CF1,2,PHASE6L_TOP4|PHASE6N_TOP4,False
CB1_CAUR_M_CF1_RI2_TI2_R12__seed691201__it0000299,ts_9fbc8696c4bcfc3f322a,CB1_CAUR_M_CF1_RI2_TI2_R12,ORIGINAL_PHASE6J_CAUR,M,CF1,2,PHASE6N_TOP4,False
CB1_CAUR_M_CF1_RI2_TI2_R12__seed691201__it0000299,ts_c00e7a7a1effc47663b6,CB1_CAUR_M_CF1_RI2_TI2_R12,ORIGINAL_PHASE6J_CAUR,M,CF1,2,PHASE6N_TOP4,False
CB1_CAUR_M_CF1_RI2_TI2_R12__seed691201__it0000299,ts_dc7019770fd2a6170622,CB1_CAUR_M_CF1_RI2_TI2_R12,ORIGINAL_PHASE6J_CAUR,M,CF1,2,PHASE6L_TOP4,False
CB1_CAUR_M_CF1_RI2_TI2_R12__seed691202__it0000015,ts_2ea4f546586dad5c2395,CB1_CAUR_M_CF1_RI2_TI2_R12,ORIGINAL_PHASE6J_CAUR,M,CF1,2,PHASE6N_TOP4,False
CB1_CAUR_M_CF1_RI2_TI2_R12__seed691202__it0000015,ts_4d340dbc21a6287c88fa,CB1_CAUR_M_CF1_RI2_TI2_R12,ORIGINAL_PHASE6J_CAUR,M,CF1,2,PHASE6L_TOP4|PHASE6N_TOP4,False
CB1_CAUR_M_CF1_RI2_TI2_R12__seed691202__it0000015,ts_5ae5933efa97035e041e,CB1_CAUR_M_CF1_RI2_TI2_R12,ORIGINAL_PHASE6J_CAUR,M,CF1,2,PHASE6L_TOP4,False
CB1_CAUR_M_CF1_RI2_TI2_R12__seed691202__it0000015,ts_9a4c30cd0ce8d9e4aa85,CB1_CAUR_M_CF1_RI2_TI2_R12,ORIGINAL_PHASE6J_CAUR,M,CF1,2,PHASE6L_TOP4,False
CB1_CAUR_M_CF1_RI2_TI2_R12__seed691202__it0000015,ts_b079fd7290d80b249b99,CB1_CAUR_M_CF1_RI2_TI2_R12,ORIGINAL_PHASE6J_CAUR,M,CF1,2,CANONICAL_FALLBACK|PHASE6L_TOP4,True
CB1_CAUR_M_CF1_RI2_TI2_R12__seed691202__it0000015,ts_dbb00f0d0be03f9009ba,CB1_CAUR_M_CF1_RI2_TI2_R12,ORIGINAL_PHASE6J_CAUR,M,CF1,2,PHASE6N_TOP4,False
CB1_CAUR_M_CF1_RI2_TI2_R12__seed691202__it0000015,ts_ed58f808ce75514d8c04,CB1_CAUR_M_CF1_RI2_TI2_R12,ORIGINAL_PHASE6J_CAUR,M,CF1,2,PHASE6N_TOP4,False
CB1_CAUR_M_CF1_RI2_TI2_R12__seed691202__it0000057,ts_11a325d869db5cfe3e68,CB1_CAUR_M_CF1_RI2_TI2_R12,ORIGINAL_PHASE6J_CAUR,M,CF1,2,PHASE6L_TOP4|PHASE6N_TOP4,False
CB1_CAUR_M_CF1_RI2_TI2_R12__seed691202__it0000057,ts_537d72788f3b4832cbe7,CB1_CAUR_M_CF1_RI2_TI2_R12,ORIGINAL_PHASE6J_CAUR,M,CF1,2,PHASE6L_TOP4|PHASE6N_TOP4,False
CB1_CAUR_M_CF1_RI2_TI2_R12__seed691202__it0000057,ts_77725ad5c65d0784efe3,CB1_CAUR_M_CF1_RI2_TI2_R12,ORIGINAL_PHASE6J_CAUR,M,CF1,2,PHASE6N_TOP4,False
CB1_CAUR_M_CF1_RI2_TI2_R12__seed691202__it0000057,ts_8c949a427d1fe22d5731,CB1_CAUR_M_CF1_RI2_TI2_R12,ORIGINAL_PHASE6J_CAUR,M,CF1,2,PHASE6L_TOP4|PHASE6N_TOP4,False
CB1_CAUR_M_CF1_RI2_TI2_R12__seed691202__it0000057,ts_e2452b121f488a0626cb,CB1_CAUR_M_CF1_RI2_TI2_R12,ORIGINAL_PHASE6J_CAUR,M,CF1,2,CANONICAL_FALLBACK|PHASE6L_TOP4,True
CB1_CAUR_M_CF1_RI2_TI2_R12__seed691202__it0000102,ts_2df90a59b6be1cd9c021,CB1_CAUR_M_CF1_RI2_TI2_R12,ORIGINAL_PHASE6J_CAUR,M,CF1,2,PHASE6L_TOP4,False
CB1_CAUR_M_CF1_RI2_TI2_R12__seed691202__it0000102,ts_7719b640c7a7c71e2bcd,CB1_CAUR_M_CF1_RI2_TI2_R12,ORIGINAL_PHASE6J_CAUR,M,CF1,2,PHASE6L_TOP4|PHASE6N_TOP4,False
CB1_CAUR_M_CF1_RI2_TI2_R12__seed691202__it0000102,ts_7d2222f2b7861c1d811e,CB1_CAUR_M_CF1_RI2_TI2_R12,ORIGINAL_PHASE6J_CAUR,M,CF1,2,PHASE6L_TOP4|PHASE6N_TOP4,False
CB1_CAUR_M_CF1_RI2_TI2_R12__seed691202__it0000102,ts_b8f9d16bff776f7e268d,CB1_CAUR_M_CF1_RI2_TI2_R12,ORIGINAL_PHASE6J_CAUR,M,CF1,2,PHASE6L_TOP4,False
CB1_CAUR_M_CF1_RI2_TI2_R12__seed691202__it0000102,ts_f38f298fddd56f366b33,CB1_CAUR_M_CF1_RI2_TI2_R12,ORIGINAL_PHASE6J_CAUR,M,CF1,2,CANONICAL_FALLBACK|PHASE6N_TOP4,True
CB1_CAUR_M_CF1_RI2_TI2_R12__seed691202__it0000102,ts_ffd547499fa0bf1f7798,CB1_CAUR_M_CF1_RI2_TI2_R12,ORIGINAL_PHASE6J_CAUR,M,CF1,2,PHASE6N_TOP4,False
CB1_CAUR_M_CF1_RI2_TI2_R12__seed691202__it0000143,ts_440ee2bb370728e1cc9a,CB1_CAUR_M_CF1_RI2_TI2_R12,ORIGINAL_PHASE6J_CAUR,M,CF1,2,PHASE6N_TOP4,False
CB1_CAUR_M_CF1_RI2_TI2_R12__seed691202__it0000143,ts_4aca95993c9a4a4a61bd,CB1_CAUR_M_CF1_RI2_TI2_R12,ORIGINAL_PHASE6J_CAUR,M,CF1,2,PHASE6L_TOP4,False
CB1_CAUR_M_CF1_RI2_TI2_R12__seed691202__it0000143,ts_4bd1ce881120429fb1aa,CB1_CAUR_M_CF1_RI2_TI2_R12,ORIGINAL_PHASE6J_CAUR,M,CF1,2,PHASE6L_TOP4,False
CB1_CAUR_M_CF1_RI2_TI2_R12__seed691202__it0000143,ts_7a2bc6d5ce8c2f707b29,CB1_CAUR_M_CF1_RI2_TI2_R12,ORIGINAL_PHASE6J_CAUR,M,CF1,2,PHASE6L_TOP4|PHASE6N_TOP4,False
CB1_CAUR_M_CF1_RI2_TI2_R12__seed691202__it0000143,ts_82735773bd7c82833e81,CB1_CAUR_M_CF1_RI2_TI2_R12,ORIGINAL_PHASE6J_CAUR,M,CF1,2,PHASE6L_TOP4|PHASE6N_TOP4,False
CB1_CAUR_M_CF1_RI2_TI2_R12__seed691202__it0000143,ts_d9d98c4000522f8e3121,CB1_CAUR_M_CF1_RI2_TI2_R12,ORIGINAL_PHASE6J_CAUR,M,CF1,2,CANONICAL_FALLBACK,True
CB1_CAUR_M_CF1_RI2_TI2_R12__seed691202__it0000143,ts_dc9e69e4ff04cd373e95,CB1_CAUR_M_CF1_RI2_TI2_R12,ORIGINAL_PHASE6J_CAUR,M,CF1,2,PHASE6N_TOP4,False
CB1_CAUR_M_CF1_RI2_TI2_R12__seed691202__it0000185,ts_03892817bdc83d8bcc50,CB1_CAUR_M_CF1_RI2_TI2_R12,ORIGINAL_PHASE6J_CAUR,M,CF1,2,PHASE6N_TOP4,False
CB1_CAUR_M_CF1_RI2_TI2_R12__seed691202__it0000185,ts_17bf83782f0e20ad61cc,CB1_CAUR_M_CF1_RI2_TI2_R12,ORIGINAL_PHASE6J_CAUR,M,CF1,2,PHASE6N_TOP4,False
CB1_CAUR_M_CF1_RI2_TI2_R12__seed691202__it0000185,ts_2e863d8b188ef54c8de4,CB1_CAUR_M_CF1_RI2_TI2_R12,ORIGINAL_PHASE6J_CAUR,M,CF1,2,PHASE6N_TOP4,False
CB1_CAUR_M_CF1_RI2_TI2_R12__seed691202__it0000185,ts_5b59f1e8e4cf0fadf9f0,CB1_CAUR_M_CF1_RI2_TI2_R12,ORIGINAL_PHASE6J_CAUR,M,CF1,2,PHASE6L_TOP4,False
CB1_CAUR_M_CF1_RI2_TI2_R12__seed691202__it0000185,ts_61b2d7fc032133aaf3cb,CB1_CAUR_M_CF1_RI2_TI2_R12,ORIGINAL_PHASE6J_CAUR,M,CF1,2,PHASE6L_TOP4,False
CB1_CAUR_M_CF1_RI2_TI2_R12__seed691202__it0000185,ts_92064786407b5c249304,CB1_CAUR_M_CF1_RI2_TI2_R12,ORIGINAL_PHASE6J_CAUR,M,CF1,2,PHASE6N_TOP4,False
CB1_CAUR_M_CF1_RI2_TI2_R12__seed691202__it0000185,ts_a0d717ee4513fc3528e9,CB1_CAUR_M_CF1_RI2_TI2_R12,ORIGINAL_PHASE6J_CAUR,M,CF1,2,CANONICAL_FALLBACK,True
CB1_CAUR_M_CF1_RI2_TI2_R12__seed691202__it0000185,ts_bcb06297dea770882550,CB1_CAUR_M_CF1_RI2_TI2_R12,ORIGINAL_PHASE6J_CAUR,M,CF1,2,PHASE6L_TOP4,False
CB1_CAUR_M_CF1_RI2_TI2_R12__seed691202__it0000185,ts_f4c0f49d3403343a446b,CB1_CAUR_M_CF1_RI2_TI2_R12,ORIGINAL_PHASE6J_CAUR,M,CF1,2,PHASE6L_TOP4,False
CB1_CAUR_M_CF1_RI2_TI2_R12__seed691202__it0000229,ts_0a8a15972fac4e27a17a,CB1_CAUR_M_CF1_RI2_TI2_R12,ORIGINAL_PHASE6J_CAUR,M,CF1,2,PHASE6L_TOP4,False
CB1_CAUR_M_CF1_RI2_TI2_R12__seed691202__it0000229,ts_40f9548c632783873f65,CB1_CAUR_M_CF1_RI2_TI2_R12,ORIGINAL_PHASE6J_CAUR,M,CF1,2,PHASE6N_TOP4,False
CB1_CAUR_M_CF1_RI2_TI2_R12__seed691202__it0000229,ts_7432f2dbad6007a9241b,CB1_CAUR_M_CF1_RI2_TI2_R12,ORIGINAL_PHASE6J_CAUR,M,CF1,2,PHASE6L_TOP4,False
CB1_CAUR_M_CF1_RI2_TI2_R12__seed691202__it0000229,ts_75512966119c98eb8db8,CB1_CAUR_M_CF1_RI2_TI2_R12,ORIGINAL_PHASE6J_CAUR,M,CF1,2,PHASE6L_TOP4|PHASE6N_TOP4,False
CB1_CAUR_M_CF1_RI2_TI2_R12__seed691202__it0000229,ts_91d6cb82735952c4af97,CB1_CAUR_M_CF1_RI2_TI2_R12,ORIGINAL_PHASE6J_CAUR,M,CF1,2,PHASE6L_TOP4|PHASE6N_TOP4,False
CB1_CAUR_M_CF1_RI2_TI2_R12__seed691202__it0000229,ts_a3b32561772bee67f105,CB1_CAUR_M_CF1_RI2_TI2_R12,ORIGINAL_PHASE6J_CAUR,M,CF1,2,CANONICAL_FALLBACK|PHASE6N_TOP4,True
CB1_CAUR_M_CF1_RI2_TI2_R12__seed691202__it0000271,ts_04cadc695d0979d6ba4f,CB1_CAUR_M_CF1_RI2_TI2_R12,ORIGINAL_PHASE6J_CAUR,M,CF1,2,CANONICAL_FALLBACK|PHASE6L_TOP4|PHASE6N_TOP4,True
CB1_CAUR_M_CF1_RI2_TI2_R12__seed691202__it0000271,ts_0fbc21790840d95db296,CB1_CAUR_M_CF1_RI2_TI2_R12,ORIGINAL_PHASE6J_CAUR,M,CF1,2,PHASE6N_TOP4,False
CB1_CAUR_M_CF1_RI2_TI2_R12__seed691202__it0000271,ts_62c8541c8972e1a3f602,CB1_CAUR_M_CF1_RI2_TI2_R12,ORIGINAL_PHASE6J_CAUR,M,CF1,2,PHASE6L_TOP4|PHASE6N_TOP4,False
CB1_CAUR_M_CF1_RI2_TI2_R12__seed691202__it0000271,ts_7f934b6d3b8e454aa386,CB1_CAUR_M_CF1_RI2_TI2_R12,ORIGINAL_PHASE6J_CAUR,M,CF1,2,PHASE6L_TOP4,False
CB1_CAUR_M_CF1_RI2_TI2_R12__seed691202__it0000271,ts_a9731338ece8f53b01f9,CB1_CAUR_M_CF1_RI2_TI2_R12,ORIGINAL_PHASE6J_CAUR,M,CF1,2,PHASE6N_TOP4,False
CB1_CAUR_M_CF1_RI2_TI2_R12__seed691202__it0000271,ts_f2ef5ec5bbc25a0f6f80,CB1_CAUR_M_CF1_RI2_TI2_R12,ORIGINAL_PHASE6J_CAUR,M,CF1,2,PHASE6L_TOP4,False
CB1_CAUR_M_CF1_RI2_TI2_R12__seed691202__it0000303,ts_4d8695e40bf6e96a20fa,CB1_CAUR_M_CF1_RI2_TI2_R12,ORIGINAL_PHASE6J_CAUR,M,CF1,2,PHASE6N_TOP4,False
CB1_CAUR_M_CF1_RI2_TI2_R12__seed691202__it0000303,ts_6e24ef51187fe4eaec8f,CB1_CAUR_M_CF1_RI2_TI2_R12,ORIGINAL_PHASE6J_CAUR,M,CF1,2,PHASE6N_TOP4,False
CB1_CAUR_M_CF1_RI2_TI2_R12__seed691202__it0000303,ts_8b6f7c63fd62a2d13a98,CB1_CAUR_M_CF1_RI2_TI2_R12,ORIGINAL_PHASE6J_CAUR,M,CF1,2,PHASE6L_TOP4|PHASE6N_TOP4,False
CB1_CAUR_M_CF1_RI2_TI2_R12__seed691202__it0000303,ts_9149eab2d64b7f2ff1e0,CB1_CAUR_M_CF1_RI2_TI2_R12,ORIGINAL_PHASE6J_CAUR,M,CF1,2,PHASE6L_TOP4,False
CB1_CAUR_M_CF1_RI2_TI2_R12__seed691202__it0000303,ts_a2374ab681163203a332,CB1_CAUR_M_CF1_RI2_TI2_R12,ORIGINAL_PHASE6J_CAUR,M,CF1,2,PHASE6N_TOP4,False
CB1_CAUR_M_CF1_RI2_TI2_R12__seed691202__it0000303,ts_b2179dfd8f88517e7919,CB1_CAUR_M_CF1_RI2_TI2_R12,ORIGINAL_PHASE6J_CAUR,M,CF1,2,CANONICAL_FALLBACK,True
CB1_CAUR_M_CF1_RI2_TI2_R12__seed691202__it0000303,ts_b8797d781cc6aaaf6491,CB1_CAUR_M_CF1_RI2_TI2_R12,ORIGINAL_PHASE6J_CAUR,M,CF1,2,PHASE6L_TOP4,False
CB1_CAUR_M_CF1_RI2_TI2_R12__seed691202__it0000303,ts_db470dc799272a24718b,CB1_CAUR_M_CF1_RI2_TI2_R12,ORIGINAL_PHASE6J_CAUR,M,CF1,2,PHASE6L_TOP4,False
CB1_CAUR_M_CF1_RI2_TI2_R12__seed721201__it0000027,ts_54c4c5275bdeed783492,CB1_CAUR_M_CF1_RI2_TI2_R12,NEW_ALNS_EXPANSION,M,CF1,2,PHASE6N_TOP4,False
CB1_CAUR_M_CF1_RI2_TI2_R12__seed721201__it0000027,ts_83021f8186c24012b818,CB1_CAUR_M_CF1_RI2_TI2_R12,NEW_ALNS_EXPANSION,M,CF1,2,PHASE6N_TOP4,False
CB1_CAUR_M_CF1_RI2_TI2_R12__seed721201__it0000027,ts_a1885910dd2145d77838,CB1_CAUR_M_CF1_RI2_TI2_R12,NEW_ALNS_EXPANSION,M,CF1,2,PHASE6N_TOP4,False
CB1_CAUR_M_CF1_RI2_TI2_R12__seed721201__it0000027,ts_ef97c7ea30361e37d256,CB1_CAUR_M_CF1_RI2_TI2_R12,NEW_ALNS_EXPANSION,M,CF1,2,CANONICAL_FALLBACK|PHASE6N_TOP4,True
CB1_CAUR_M_CF1_RI2_TI2_R12__seed721201__it0000103,ts_2f6be7001422d103e14e,CB1_CAUR_M_CF1_RI2_TI2_R12,NEW_ALNS_EXPANSION,M,CF1,2,CANONICAL_FALLBACK,True
CB1_CAUR_M_CF1_RI2_TI2_R12__seed721201__it0000103,ts_48cbf69aedb9b79fed9d,CB1_CAUR_M_CF1_RI2_TI2_R12,NEW_ALNS_EXPANSION,M,CF1,2,PHASE6N_TOP4,False
CB1_CAUR_M_CF1_RI2_TI2_R12__seed721201__it0000103,ts_49e51ea5acb047267a44,CB1_CAUR_M_CF1_RI2_TI2_R12,NEW_ALNS_EXPANSION,M,CF1,2,PHASE6N_TOP4,False
CB1_CAUR_M_CF1_RI2_TI2_R12__seed721201__it0000103,ts_77b6df0839b5568f1029,CB1_CAUR_M_CF1_RI2_TI2_R12,NEW_ALNS_EXPANSION,M,CF1,2,PHASE6N_TOP4,False
CB1_CAUR_M_CF1_RI2_TI2_R12__seed721201__it0000103,ts_e02882427aa4218671d7,CB1_CAUR_M_CF1_RI2_TI2_R12,NEW_ALNS_EXPANSION,M,CF1,2,PHASE6N_TOP4,False
CB1_CAUR_M_CF1_RI2_TI2_R12__seed721201__it0000187,ts_2dff82cb756b5680bcaa,CB1_CAUR_M_CF1_RI2_TI2_R12,NEW_ALNS_EXPANSION,M,CF1,2,CANONICAL_FALLBACK,True
CB1_CAUR_M_CF1_RI2_TI2_R12__seed721201__it0000187,ts_6e7159d84a27fd8e169a,CB1_CAUR_M_CF1_RI2_TI2_R12,NEW_ALNS_EXPANSION,M,CF1,2,PHASE6N_TOP4,False
CB1_CAUR_M_CF1_RI2_TI2_R12__seed721201__it0000187,ts_bd9e09fe3a35961b62ff,CB1_CAUR_M_CF1_RI2_TI2_R12,NEW_ALNS_EXPANSION,M,CF1,2,PHASE6N_TOP4,False
CB1_CAUR_M_CF1_RI2_TI2_R12__seed721201__it0000187,ts_c351ae3745a3a2900ada,CB1_CAUR_M_CF1_RI2_TI2_R12,NEW_ALNS_EXPANSION,M,CF1,2,PHASE6N_TOP4,False
CB1_CAUR_M_CF1_RI2_TI2_R12__seed721201__it0000187,ts_d9edda24189b1ea81a7e,CB1_CAUR_M_CF1_RI2_TI2_R12,NEW_ALNS_EXPANSION,M,CF1,2,PHASE6N_TOP4,False
CB1_CAUR_M_CF1_RI2_TI2_R12__seed721201__it0000266,ts_520c92a67a74b093c06d,CB1_CAUR_M_CF1_RI2_TI2_R12,NEW_ALNS_EXPANSION,M,CF1,2,CANONICAL_FALLBACK,True
CB1_CAUR_M_CF1_RI2_TI2_R12__seed721201__it0000266,ts_77d6d2724b337f656e70,CB1_CAUR_M_CF1_RI2_TI2_R12,NEW_ALNS_EXPANSION,M,CF1,2,PHASE6N_TOP4,False
CB1_CAUR_M_CF1_RI2_TI2_R12__seed721201__it0000266,ts_ab559b79cffda2ef9830,CB1_CAUR_M_CF1_RI2_TI2_R12,NEW_ALNS_EXPANSION,M,CF1,2,PHASE6N_TOP4,False
CB1_CAUR_M_CF1_RI2_TI2_R12__seed721201__it0000266,ts_bb8e9b9b50ca5aed19e2,CB1_CAUR_M_CF1_RI2_TI2_R12,NEW_ALNS_EXPANSION,M,CF1,2,PHASE6N_TOP4,False
CB1_CAUR_M_CF1_RI2_TI2_R12__seed721201__it0000266,ts_bbcfe4cec6c46e4e5d68,CB1_CAUR_M_CF1_RI2_TI2_R12,NEW_ALNS_EXPANSION,M,CF1,2,PHASE6N_TOP4,False
CB1_CAUR_M_CF1_RI2_TI2_R12__seed721201__it0000342,ts_1a95fd24e79532dcd256,CB1_CAUR_M_CF1_RI2_TI2_R12,NEW_ALNS_EXPANSION,M,CF1,2,PHASE6N_TOP4,False
CB1_CAUR_M_CF1_RI2_TI2_R12__seed721201__it0000342,ts_8834c65901c719f713d5,CB1_CAUR_M_CF1_RI2_TI2_R12,NEW_ALNS_EXPANSION,M,CF1,2,CANONICAL_FALLBACK,True
CB1_CAUR_M_CF1_RI2_TI2_R12__seed721201__it0000342,ts_91610fefb24a6a6ace1f,CB1_CAUR_M_CF1_RI2_TI2_R12,NEW_ALNS_EXPANSION,M,CF1,2,PHASE6N_TOP4,False
CB1_CAUR_M_CF1_RI2_TI2_R12__seed721201__it0000342,ts_bc0bb74e03e5f4571107,CB1_CAUR_M_CF1_RI2_TI2_R12,NEW_ALNS_EXPANSION,M,CF1,2,PHASE6N_TOP4,False
CB1_CAUR_M_CF1_RI2_TI2_R12__seed721201__it0000342,ts_f8f5fa927863d553ebbc,CB1_CAUR_M_CF1_RI2_TI2_R12,NEW_ALNS_EXPANSION,M,CF1,2,PHASE6N_TOP4,False
CB1_CAUR_M_CF1_RI2_TI2_R12__seed721201__it0000424,ts_1daad4f6205917935bd9,CB1_CAUR_M_CF1_RI2_TI2_R12,NEW_ALNS_EXPANSION,M,CF1,2,PHASE6N_TOP4,False
CB1_CAUR_M_CF1_RI2_TI2_R12__seed721201__it0000424,ts_5c60e295ce8a6fceea8a,CB1_CAUR_M_CF1_RI2_TI2_R12,NEW_ALNS_EXPANSION,M,CF1,2,PHASE6N_TOP4,False
CB1_CAUR_M_CF1_RI2_TI2_R12__seed721201__it0000424,ts_7668aa9282791e65c0e8,CB1_CAUR_M_CF1_RI2_TI2_R12,NEW_ALNS_EXPANSION,M,CF1,2,PHASE6N_TOP4,False
CB1_CAUR_M_CF1_RI2_TI2_R12__seed721201__it0000424,ts_7d1a874655bf16d555fe,CB1_CAUR_M_CF1_RI2_TI2_R12,NEW_ALNS_EXPANSION,M,CF1,2,PHASE6N_TOP4,False
CB1_CAUR_M_CF1_RI2_TI2_R12__seed721201__it0000424,ts_a50310ac3ef78a61b17e,CB1_CAUR_M_CF1_RI2_TI2_R12,NEW_ALNS_EXPANSION,M,CF1,2,CANONICAL_FALLBACK,True
CB1_CAUR_M_CF1_RI2_TI2_R12__seed721201__it0000500,ts_3ad3835f1c208e860d2f,CB1_CAUR_M_CF1_RI2_TI2_R12,NEW_ALNS_EXPANSION,M,CF1,2,PHASE6N_TOP4,False
CB1_CAUR_M_CF1_RI2_TI2_R12__seed721201__it0000500,ts_4a4fbd4e6ee27afca5ef,CB1_CAUR_M_CF1_RI2_TI2_R12,NEW_ALNS_EXPANSION,M,CF1,2,PHASE6N_TOP4,False
CB1_CAUR_M_CF1_RI2_TI2_R12__seed721201__it0000500,ts_8659e2df8c96b6829139,CB1_CAUR_M_CF1_RI2_TI2_R12,NEW_ALNS_EXPANSION,M,CF1,2,CANONICAL_FALLBACK,True
CB1_CAUR_M_CF1_RI2_TI2_R12__seed721201__it0000500,ts_a8d1707be9a630b0f09a,CB1_CAUR_M_CF1_RI2_TI2_R12,NEW_ALNS_EXPANSION,M,CF1,2,PHASE6N_TOP4,False
CB1_CAUR_M_CF1_RI2_TI2_R12__seed721201__it0000500,ts_aede721a394c7143a423,CB1_CAUR_M_CF1_RI2_TI2_R12,NEW_ALNS_EXPANSION,M,CF1,2,PHASE6N_TOP4,False
CB1_CAUR_M_CF1_RI2_TI2_R12__seed721201__it0000560,ts_0ab73529b20f76f96ee0,CB1_CAUR_M_CF1_RI2_TI2_R12,NEW_ALNS_EXPANSION,M,CF1,2,PHASE6N_TOP4,False
CB1_CAUR_M_CF1_RI2_TI2_R12__seed721201__it0000560,ts_1b88563631f705311299,CB1_CAUR_M_CF1_RI2_TI2_R12,NEW_ALNS_EXPANSION,M,CF1,2,PHASE6N_TOP4,False
CB1_CAUR_M_CF1_RI2_TI2_R12__seed721201__it0000560,ts_3e79bb1eb8fdd6e4bf15,CB1_CAUR_M_CF1_RI2_TI2_R12,NEW_ALNS_EXPANSION,M,CF1,2,CANONICAL_FALLBACK,True
CB1_CAUR_M_CF1_RI2_TI2_R12__seed721201__it0000560,ts_493f1bc2a88d583b6c36,CB1_CAUR_M_CF1_RI2_TI2_R12,NEW_ALNS_EXPANSION,M,CF1,2,PHASE6N_TOP4,False
CB1_CAUR_M_CF1_RI2_TI2_R12__seed721201__it0000560,ts_aa337af815a42ef7650d,CB1_CAUR_M_CF1_RI2_TI2_R12,NEW_ALNS_EXPANSION,M,CF1,2,PHASE6N_TOP4,False
CB1_CAUR_M_CF1_RI2_TI2_R12__seed721202__it0000026,ts_11291c7ac703a2632185,CB1_CAUR_M_CF1_RI2_TI2_R12,NEW_ALNS_EXPANSION,M,CF1,2,PHASE6N_TOP4,False
CB1_CAUR_M_CF1_RI2_TI2_R12__seed721202__it0000026,ts_54770573311b7e4cea19,CB1_CAUR_M_CF1_RI2_TI2_R12,NEW_ALNS_EXPANSION,M,CF1,2,CANONICAL_FALLBACK,True
CB1_CAUR_M_CF1_RI2_TI2_R12__seed721202__it0000026,ts_87ae23c51531881d436e,CB1_CAUR_M_CF1_RI2_TI2_R12,NEW_ALNS_EXPANSION,M,CF1,2,PHASE6N_TOP4,False
CB1_CAUR_M_CF1_RI2_TI2_R12__seed721202__it0000026,ts_995bc13046909d2a5e51,CB1_CAUR_M_CF1_RI2_TI2_R12,NEW_ALNS_EXPANSION,M,CF1,2,PHASE6N_TOP4,False
CB1_CAUR_M_CF1_RI2_TI2_R12__seed721202__it0000026,ts_b24915841f0758fe02d1,CB1_CAUR_M_CF1_RI2_TI2_R12,NEW_ALNS_EXPANSION,M,CF1,2,PHASE6N_TOP4,False
CB1_CAUR_M_CF1_RI2_TI2_R12__seed721202__it0000104,ts_0a9e3370609d26d4f9e8,CB1_CAUR_M_CF1_RI2_TI2_R12,NEW_ALNS_EXPANSION,M,CF1,2,PHASE6N_TOP4,False
CB1_CAUR_M_CF1_RI2_TI2_R12__seed721202__it0000104,ts_30c6a7ec92693e4d5f3c,CB1_CAUR_M_CF1_RI2_TI2_R12,NEW_ALNS_EXPANSION,M,CF1,2,PHASE6N_TOP4,False
CB1_CAUR_M_CF1_RI2_TI2_R12__seed721202__it0000104,ts_924528e07c839ed7d809,CB1_CAUR_M_CF1_RI2_TI2_R12,NEW_ALNS_EXPANSION,M,CF1,2,CANONICAL_FALLBACK,True
CB1_CAUR_M_CF1_RI2_TI2_R12__seed721202__it0000104,ts_cea71d300d2e9b56f00d,CB1_CAUR_M_CF1_RI2_TI2_R12,NEW_ALNS_EXPANSION,M,CF1,2,PHASE6N_TOP4,False
CB1_CAUR_M_CF1_RI2_TI2_R12__seed721202__it0000104,ts_d9ed4d51869033d8c6a4,CB1_CAUR_M_CF1_RI2_TI2_R12,NEW_ALNS_EXPANSION,M,CF1,2,PHASE6N_TOP4,False
CB1_CAUR_M_CF1_RI2_TI2_R12__seed721202__it0000188,ts_0be6190a03f3688ed575,CB1_CAUR_M_CF1_RI2_TI2_R12,NEW_ALNS_EXPANSION,M,CF1,2,CANONICAL_FALLBACK|PHASE6N_TOP4,True
CB1_CAUR_M_CF1_RI2_TI2_R12__seed721202__it0000188,ts_6f2b1e328f22510802e8,CB1_CAUR_M_CF1_RI2_TI2_R12,NEW_ALNS_EXPANSION,M,CF1,2,PHASE6N_TOP4,False
CB1_CAUR_M_CF1_RI2_TI2_R12__seed721202__it0000188,ts_8292153edfc464d6a7cc,CB1_CAUR_M_CF1_RI2_TI2_R12,NEW_ALNS_EXPANSION,M,CF1,2,PHASE6N_TOP4,False
CB1_CAUR_M_CF1_RI2_TI2_R12__seed721202__it0000188,ts_85b93ef81b30a310bc84,CB1_CAUR_M_CF1_RI2_TI2_R12,NEW_ALNS_EXPANSION,M,CF1,2,PHASE6N_TOP4,False
CB1_CAUR_M_CF1_RI2_TI2_R12__seed721202__it0000266,ts_7676869d88ec0977b016,CB1_CAUR_M_CF1_RI2_TI2_R12,NEW_ALNS_EXPANSION,M,CF1,2,PHASE6N_TOP4,False
CB1_CAUR_M_CF1_RI2_TI2_R12__seed721202__it0000266,ts_8a07c1addcea93dea550,CB1_CAUR_M_CF1_RI2_TI2_R12,NEW_ALNS_EXPANSION,M,CF1,2,PHASE6N_TOP4,False
CB1_CAUR_M_CF1_RI2_TI2_R12__seed721202__it0000266,ts_a8e7e65b02528c95a7a9,CB1_CAUR_M_CF1_RI2_TI2_R12,NEW_ALNS_EXPANSION,M,CF1,2,PHASE6N_TOP4,False
CB1_CAUR_M_CF1_RI2_TI2_R12__seed721202__it0000266,ts_bc3eadc7667c0d21fb10,CB1_CAUR_M_CF1_RI2_TI2_R12,NEW_ALNS_EXPANSION,M,CF1,2,PHASE6N_TOP4,False
CB1_CAUR_M_CF1_RI2_TI2_R12__seed721202__it0000266,ts_ef3a0e60f7ca8016bd96,CB1_CAUR_M_CF1_RI2_TI2_R12,NEW_ALNS_EXPANSION,M,CF1,2,CANONICAL_FALLBACK,True
CB1_CAUR_M_CF1_RI2_TI2_R12__seed721202__it0000343,ts_4d13c03adc37e92934bd,CB1_CAUR_M_CF1_RI2_TI2_R12,NEW_ALNS_EXPANSION,M,CF1,2,PHASE6N_TOP4,False
CB1_CAUR_M_CF1_RI2_TI2_R12__seed721202__it0000343,ts_54328f01a2317a11d3c3,CB1_CAUR_M_CF1_RI2_TI2_R12,NEW_ALNS_EXPANSION,M,CF1,2,CANONICAL_FALLBACK,True
CB1_CAUR_M_CF1_RI2_TI2_R12__seed721202__it0000343,ts_9607da4d413b92c4306a,CB1_CAUR_M_CF1_RI2_TI2_R12,NEW_ALNS_EXPANSION,M,CF1,2,PHASE6N_TOP4,False
CB1_CAUR_M_CF1_RI2_TI2_R12__seed721202__it0000343,ts_bcffe8c29875dda63fcc,CB1_CAUR_M_CF1_RI2_TI2_R12,NEW_ALNS_EXPANSION,M,CF1,2,PHASE6N_TOP4,False
CB1_CAUR_M_CF1_RI2_TI2_R12__seed721202__it0000343,ts_ffbff859ecce93dc98ca,CB1_CAUR_M_CF1_RI2_TI2_R12,NEW_ALNS_EXPANSION,M,CF1,2,PHASE6N_TOP4,False
CB1_CAUR_M_CF1_RI2_TI2_R12__seed721202__it0000426,ts_639d890d835684b566b9,CB1_CAUR_M_CF1_RI2_TI2_R12,NEW_ALNS_EXPANSION,M,CF1,2,PHASE6N_TOP4,False
CB1_CAUR_M_CF1_RI2_TI2_R12__seed721202__it0000426,ts_a73eec8141772d35798a,CB1_CAUR_M_CF1_RI2_TI2_R12,NEW_ALNS_EXPANSION,M,CF1,2,CANONICAL_FALLBACK|PHASE6N_TOP4,True
CB1_CAUR_M_CF1_RI2_TI2_R12__seed721202__it0000426,ts_ac5de809b92e642bc57d,CB1_CAUR_M_CF1_RI2_TI2_R12,NEW_ALNS_EXPANSION,M,CF1,2,PHASE6N_TOP4,False
CB1_CAUR_M_CF1_RI2_TI2_R12__seed721202__it0000426,ts_f9e789a73e0137eedd9c,CB1_CAUR_M_CF1_RI2_TI2_R12,NEW_ALNS_EXPANSION,M,CF1,2,PHASE6N_TOP4,False
CB1_CAUR_M_CF1_RI2_TI2_R12__seed721202__it0000504,ts_52595af245858be18a53,CB1_CAUR_M_CF1_RI2_TI2_R12,NEW_ALNS_EXPANSION,M,CF1,2,PHASE6N_TOP4,False
CB1_CAUR_M_CF1_RI2_TI2_R12__seed721202__it0000504,ts_6623216e5a4c2d458544,CB1_CAUR_M_CF1_RI2_TI2_R12,NEW_ALNS_EXPANSION,M,CF1,2,CANONICAL_FALLBACK|PHASE6N_TOP4,True
CB1_CAUR_M_CF1_RI2_TI2_R12__seed721202__it0000504,ts_aa405459738a42a320e7,CB1_CAUR_M_CF1_RI2_TI2_R12,NEW_ALNS_EXPANSION,M,CF1,2,PHASE6N_TOP4,False
CB1_CAUR_M_CF1_RI2_TI2_R12__seed721202__it0000504,ts_f2ae34f2863744485573,CB1_CAUR_M_CF1_RI2_TI2_R12,NEW_ALNS_EXPANSION,M,CF1,2,PHASE6N_TOP4,False
CB1_CAUR_M_CF1_RI2_TI2_R12__seed721202__it0000562,ts_1593232b457f91b53c8d,CB1_CAUR_M_CF1_RI2_TI2_R12,NEW_ALNS_EXPANSION,M,CF1,2,PHASE6N_TOP4,False
CB1_CAUR_M_CF1_RI2_TI2_R12__seed721202__it0000562,ts_275f01e247219c78811c,CB1_CAUR_M_CF1_RI2_TI2_R12,NEW_ALNS_EXPANSION,M,CF1,2,PHASE6N_TOP4,False
CB1_CAUR_M_CF1_RI2_TI2_R12__seed721202__it0000562,ts_9a863fed9580bc56a0f5,CB1_CAUR_M_CF1_RI2_TI2_R12,NEW_ALNS_EXPANSION,M,CF1,2,CANONICAL_FALLBACK|PHASE6N_TOP4,True
CB1_CAUR_M_CF1_RI2_TI2_R12__seed721202__it0000562,ts_fd63f53ddb1d36e7b792,CB1_CAUR_M_CF1_RI2_TI2_R12,NEW_ALNS_EXPANSION,M,CF1,2,PHASE6N_TOP4,False
CB1_CAUR_M_CF1_RI2_TI2_R12__seed721203__it0000026,ts_0a506179138f894adbcf,CB1_CAUR_M_CF1_RI2_TI2_R12,NEW_ALNS_EXPANSION,M,CF1,2,PHASE6N_TOP4,False
CB1_CAUR_M_CF1_RI2_TI2_R12__seed721203__it0000026,ts_1096d26574818338f49f,CB1_CAUR_M_CF1_RI2_TI2_R12,NEW_ALNS_EXPANSION,M,CF1,2,PHASE6N_TOP4,False
CB1_CAUR_M_CF1_RI2_TI2_R12__seed721203__it0000026,ts_7d398c609e955b4c4b27,CB1_CAUR_M_CF1_RI2_TI2_R12,NEW_ALNS_EXPANSION,M,CF1,2,PHASE6N_TOP4,False
CB1_CAUR_M_CF1_RI2_TI2_R12__seed721203__it0000026,ts_bb240773ec7c6e07e615,CB1_CAUR_M_CF1_RI2_TI2_R12,NEW_ALNS_EXPANSION,M,CF1,2,PHASE6N_TOP4,False
CB1_CAUR_M_CF1_RI2_TI2_R12__seed721203__it0000026,ts_bc6cf1701bd81e6f0ade,CB1_CAUR_M_CF1_RI2_TI2_R12,NEW_ALNS_EXPANSION,M,CF1,2,CANONICAL_FALLBACK,True
CB1_CAUR_M_CF1_RI2_TI2_R12__seed721203__it0000105,ts_0d9e55697e9080f63ca7,CB1_CAUR_M_CF1_RI2_TI2_R12,NEW_ALNS_EXPANSION,M,CF1,2,PHASE6N_TOP4,False
CB1_CAUR_M_CF1_RI2_TI2_R12__seed721203__it0000105,ts_46edfecc650c677a8320,CB1_CAUR_M_CF1_RI2_TI2_R12,NEW_ALNS_EXPANSION,M,CF1,2,CANONICAL_FALLBACK,True
CB1_CAUR_M_CF1_RI2_TI2_R12__seed721203__it0000105,ts_4d02baadc80d2cf3fd22,CB1_CAUR_M_CF1_RI2_TI2_R12,NEW_ALNS_EXPANSION,M,CF1,2,PHASE6N_TOP4,False
CB1_CAUR_M_CF1_RI2_TI2_R12__seed721203__it0000105,ts_c166be3d121635e1bcd7,CB1_CAUR_M_CF1_RI2_TI2_R12,NEW_ALNS_EXPANSION,M,CF1,2,PHASE6N_TOP4,False
CB1_CAUR_M_CF1_RI2_TI2_R12__seed721203__it0000105,ts_ea583a8079b66e92bb70,CB1_CAUR_M_CF1_RI2_TI2_R12,NEW_ALNS_EXPANSION,M,CF1,2,PHASE6N_TOP4,False
CB1_CAUR_M_CF1_RI2_TI2_R12__seed721203__it0000190,ts_2957e436f98419aa85ab,CB1_CAUR_M_CF1_RI2_TI2_R12,NEW_ALNS_EXPANSION,M,CF1,2,CANONICAL_FALLBACK,True
CB1_CAUR_M_CF1_RI2_TI2_R12__seed721203__it0000190,ts_383bf72458a8b6742b2f,CB1_CAUR_M_CF1_RI2_TI2_R12,NEW_ALNS_EXPANSION,M,CF1,2,PHASE6N_TOP4,False
CB1_CAUR_M_CF1_RI2_TI2_R12__seed721203__it0000190,ts_6239701ea4f87549aa9c,CB1_CAUR_M_CF1_RI2_TI2_R12,NEW_ALNS_EXPANSION,M,CF1,2,PHASE6N_TOP4,False
CB1_CAUR_M_CF1_RI2_TI2_R12__seed721203__it0000190,ts_8fed3468c15ff9a5bde9,CB1_CAUR_M_CF1_RI2_TI2_R12,NEW_ALNS_EXPANSION,M,CF1,2,PHASE6N_TOP4,False
CB1_CAUR_M_CF1_RI2_TI2_R12__seed721203__it0000190,ts_a78d1766ba543544a4b1,CB1_CAUR_M_CF1_RI2_TI2_R12,NEW_ALNS_EXPANSION,M,CF1,2,PHASE6N_TOP4,False
CB1_CAUR_M_CF1_RI2_TI2_R12__seed721203__it0000268,ts_1715d4f6980717a953fd,CB1_CAUR_M_CF1_RI2_TI2_R12,NEW_ALNS_EXPANSION,M,CF1,2,PHASE6N_TOP4,False
CB1_CAUR_M_CF1_RI2_TI2_R12__seed721203__it0000268,ts_2eb027891b48304f8e49,CB1_CAUR_M_CF1_RI2_TI2_R12,NEW_ALNS_EXPANSION,M,CF1,2,CANONICAL_FALLBACK,True
CB1_CAUR_M_CF1_RI2_TI2_R12__seed721203__it0000268,ts_776606b2366ea77871bd,CB1_CAUR_M_CF1_RI2_TI2_R12,NEW_ALNS_EXPANSION,M,CF1,2,PHASE6N_TOP4,False
CB1_CAUR_M_CF1_RI2_TI2_R12__seed721203__it0000268,ts_7d61bd48a17cddf0152b,CB1_CAUR_M_CF1_RI2_TI2_R12,NEW_ALNS_EXPANSION,M,CF1,2,PHASE6N_TOP4,False
CB1_CAUR_M_CF1_RI2_TI2_R12__seed721203__it0000268,ts_9a4cd787c6d8418cd749,CB1_CAUR_M_CF1_RI2_TI2_R12,NEW_ALNS_EXPANSION,M,CF1,2,PHASE6N_TOP4,False
CB1_CAUR_M_CF1_RI2_TI2_R12__seed721203__it0000347,ts_394a99f837a8aa432fb8,CB1_CAUR_M_CF1_RI2_TI2_R12,NEW_ALNS_EXPANSION,M,CF1,2,PHASE6N_TOP4,False
CB1_CAUR_M_CF1_RI2_TI2_R12__seed721203__it0000347,ts_4749ad0f3cbd0675b82d,CB1_CAUR_M_CF1_RI2_TI2_R12,NEW_ALNS_EXPANSION,M,CF1,2,PHASE6N_TOP4,False
CB1_CAUR_M_CF1_RI2_TI2_R12__seed721203__it0000347,ts_6ef59b63804ee512f2d9,CB1_CAUR_M_CF1_RI2_TI2_R12,NEW_ALNS_EXPANSION,M,CF1,2,PHASE6N_TOP4,False
CB1_CAUR_M_CF1_RI2_TI2_R12__seed721203__it0000347,ts_a4fbe400716551a1b892,CB1_CAUR_M_CF1_RI2_TI2_R12,NEW_ALNS_EXPANSION,M,CF1,2,PHASE6N_TOP4,False
CB1_CAUR_M_CF1_RI2_TI2_R12__seed721203__it0000347,ts_f2e3333d77b154da13e3,CB1_CAUR_M_CF1_RI2_TI2_R12,NEW_ALNS_EXPANSION,M,CF1,2,CANONICAL_FALLBACK,True
CB1_CAUR_M_CF1_RI2_TI2_R12__seed721203__it0000428,ts_385e4e77e92cf936646c,CB1_CAUR_M_CF1_RI2_TI2_R12,NEW_ALNS_EXPANSION,M,CF1,2,PHASE6N_TOP4,False
CB1_CAUR_M_CF1_RI2_TI2_R12__seed721203__it0000428,ts_6179ef89941604f6923e,CB1_CAUR_M_CF1_RI2_TI2_R12,NEW_ALNS_EXPANSION,M,CF1,2,CANONICAL_FALLBACK,True
CB1_CAUR_M_CF1_RI2_TI2_R12__seed721203__it0000428,ts_a1e674e686e1f0386e68,CB1_CAUR_M_CF1_RI2_TI2_R12,NEW_ALNS_EXPANSION,M,CF1,2,PHASE6N_TOP4,False
CB1_CAUR_M_CF1_RI2_TI2_R12__seed721203__it0000428,ts_a4f3ea425930379cbfe1,CB1_CAUR_M_CF1_RI2_TI2_R12,NEW_ALNS_EXPANSION,M,CF1,2,PHASE6N_TOP4,False
CB1_CAUR_M_CF1_RI2_TI2_R12__seed721203__it0000428,ts_c3cce8a6674f534aa1dd,CB1_CAUR_M_CF1_RI2_TI2_R12,NEW_ALNS_EXPANSION,M,CF1,2,PHASE6N_TOP4,False
CB1_CAUR_M_CF1_RI2_TI2_R12__seed721203__it0000504,ts_1a367549ce05478f2124,CB1_CAUR_M_CF1_RI2_TI2_R12,NEW_ALNS_EXPANSION,M,CF1,2,PHASE6N_TOP4,False
CB1_CAUR_M_CF1_RI2_TI2_R12__seed721203__it0000504,ts_5f9d19805506957e6cc5,CB1_CAUR_M_CF1_RI2_TI2_R12,NEW_ALNS_EXPANSION,M,CF1,2,PHASE6N_TOP4,False
CB1_CAUR_M_CF1_RI2_TI2_R12__seed721203__it0000504,ts_7356be8804b37ede515b,CB1_CAUR_M_CF1_RI2_TI2_R12,NEW_ALNS_EXPANSION,M,CF1,2,CANONICAL_FALLBACK,True
CB1_CAUR_M_CF1_RI2_TI2_R12__seed721203__it0000504,ts_9e32661a210f44ac3cbd,CB1_CAUR_M_CF1_RI2_TI2_R12,NEW_ALNS_EXPANSION,M,CF1,2,PHASE6N_TOP4,False
CB1_CAUR_M_CF1_RI2_TI2_R12__seed721203__it0000504,ts_d09fbdd177695e75687f,CB1_CAUR_M_CF1_RI2_TI2_R12,NEW_ALNS_EXPANSION,M,CF1,2,PHASE6N_TOP4,False
CB1_CAUR_M_CF1_RI2_TI2_R12__seed721203__it0000562,ts_0a2a165539db9ee8da90,CB1_CAUR_M_CF1_RI2_TI2_R12,NEW_ALNS_EXPANSION,M,CF1,2,PHASE6N_TOP4,False
CB1_CAUR_M_CF1_RI2_TI2_R12__seed721203__it0000562,ts_4c3e22ca0666d86b6ac5,CB1_CAUR_M_CF1_RI2_TI2_R12,NEW_ALNS_EXPANSION,M,CF1,2,PHASE6N_TOP4,False
CB1_CAUR_M_CF1_RI2_TI2_R12__seed721203__it0000562,ts_7b2f0f76fdfd623ccacd,CB1_CAUR_M_CF1_RI2_TI2_R12,NEW_ALNS_EXPANSION,M,CF1,2,PHASE6N_TOP4,False
CB1_CAUR_M_CF1_RI2_TI2_R12__seed721203__it0000562,ts_9f52b8d0510a28f5db56,CB1_CAUR_M_CF1_RI2_TI2_R12,NEW_ALNS_EXPANSION,M,CF1,2,CANONICAL_FALLBACK,True
CB1_CAUR_M_CF1_RI2_TI2_R12__seed721203__it0000562,ts_c23a44004231a0e30402,CB1_CAUR_M_CF1_RI2_TI2_R12,NEW_ALNS_EXPANSION,M,CF1,2,PHASE6N_TOP4,False
CB1_CAUR_M_CF1_RI2_TI2_R12__seed721204__it0000028,ts_2fe8db611b34f87ea5dd,CB1_CAUR_M_CF1_RI2_TI2_R12,NEW_ALNS_EXPANSION,M,CF1,2,PHASE6N_TOP4,False
CB1_CAUR_M_CF1_RI2_TI2_R12__seed721204__it0000028,ts_5ccbcba1ef8a387bad32,CB1_CAUR_M_CF1_RI2_TI2_R12,NEW_ALNS_EXPANSION,M,CF1,2,PHASE6N_TOP4,False
CB1_CAUR_M_CF1_RI2_TI2_R12__seed721204__it0000028,ts_78303d8d229c87ba0a48,CB1_CAUR_M_CF1_RI2_TI2_R12,NEW_ALNS_EXPANSION,M,CF1,2,PHASE6N_TOP4,False
CB1_CAUR_M_CF1_RI2_TI2_R12__seed721204__it0000028,ts_84d3cd1d0bb76868d084,CB1_CAUR_M_CF1_RI2_TI2_R12,NEW_ALNS_EXPANSION,M,CF1,2,CANONICAL_FALLBACK,True
CB1_CAUR_M_CF1_RI2_TI2_R12__seed721204__it0000028,ts_9dc33b402ee2d058af18,CB1_CAUR_M_CF1_RI2_TI2_R12,NEW_ALNS_EXPANSION,M,CF1,2,PHASE6N_TOP4,False
CB1_CAUR_M_CF1_RI2_TI2_R12__seed721204__it0000106,ts_3e7d4b8d0927e4e70135,CB1_CAUR_M_CF1_RI2_TI2_R12,NEW_ALNS_EXPANSION,M,CF1,2,PHASE6N_TOP4,False
CB1_CAUR_M_CF1_RI2_TI2_R12__seed721204__it0000106,ts_b55248f7c5abe3aaa449,CB1_CAUR_M_CF1_RI2_TI2_R12,NEW_ALNS_EXPANSION,M,CF1,2,CANONICAL_FALLBACK|PHASE6N_TOP4,True
CB1_CAUR_M_CF1_RI2_TI2_R12__seed721204__it0000106,ts_e097d80032ae89ba6b56,CB1_CAUR_M_CF1_RI2_TI2_R12,NEW_ALNS_EXPANSION,M,CF1,2,PHASE6N_TOP4,False
CB1_CAUR_M_CF1_RI2_TI2_R12__seed721204__it0000106,ts_e2adf130acedf169f89b,CB1_CAUR_M_CF1_RI2_TI2_R12,NEW_ALNS_EXPANSION,M,CF1,2,PHASE6N_TOP4,False
CB1_CAUR_M_CF1_RI2_TI2_R12__seed721204__it0000190,ts_15b9656c597b1d6ff522,CB1_CAUR_M_CF1_RI2_TI2_R12,NEW_ALNS_EXPANSION,M,CF1,2,PHASE6N_TOP4,False
CB1_CAUR_M_CF1_RI2_TI2_R12__seed721204__it0000190,ts_4fff35cc7d4bb2035397,CB1_CAUR_M_CF1_RI2_TI2_R12,NEW_ALNS_EXPANSION,M,CF1,2,CANONICAL_FALLBACK,True
CB1_CAUR_M_CF1_RI2_TI2_R12__seed721204__it0000190,ts_6330cc924305a006bba4,CB1_CAUR_M_CF1_RI2_TI2_R12,NEW_ALNS_EXPANSION,M,CF1,2,PHASE6N_TOP4,False
CB1_CAUR_M_CF1_RI2_TI2_R12__seed721204__it0000190,ts_92510e7e32c148f1b40e,CB1_CAUR_M_CF1_RI2_TI2_R12,NEW_ALNS_EXPANSION,M,CF1,2,PHASE6N_TOP4,False
CB1_CAUR_M_CF1_RI2_TI2_R12__seed721204__it0000190,ts_c3a3ad877c05391d9488,CB1_CAUR_M_CF1_RI2_TI2_R12,NEW_ALNS_EXPANSION,M,CF1,2,PHASE6N_TOP4,False
CB1_CAUR_M_CF1_RI2_TI2_R12__seed721204__it0000268,ts_343f86a20ab77a6c6143,CB1_CAUR_M_CF1_RI2_TI2_R12,NEW_ALNS_EXPANSION,M,CF1,2,CANONICAL_FALLBACK,True
CB1_CAUR_M_CF1_RI2_TI2_R12__seed721204__it0000268,ts_9060ab6e3bab0a7c20ed,CB1_CAUR_M_CF1_RI2_TI2_R12,NEW_ALNS_EXPANSION,M,CF1,2,PHASE6N_TOP4,False
CB1_CAUR_M_CF1_RI2_TI2_R12__seed721204__it0000268,ts_b987ff1ca402105f2e6b,CB1_CAUR_M_CF1_RI2_TI2_R12,NEW_ALNS_EXPANSION,M,CF1,2,PHASE6N_TOP4,False
CB1_CAUR_M_CF1_RI2_TI2_R12__seed721204__it0000268,ts_bc2387959af1a9eac055,CB1_CAUR_M_CF1_RI2_TI2_R12,NEW_ALNS_EXPANSION,M,CF1,2,PHASE6N_TOP4,False
CB1_CAUR_M_CF1_RI2_TI2_R12__seed721204__it0000268,ts_bc38e8a81b78dafaad7f,CB1_CAUR_M_CF1_RI2_TI2_R12,NEW_ALNS_EXPANSION,M,CF1,2,PHASE6N_TOP4,False
CB1_CAUR_M_CF1_RI2_TI2_R12__seed721204__it0000347,ts_0bc15287e14bb763ed18,CB1_CAUR_M_CF1_RI2_TI2_R12,NEW_ALNS_EXPANSION,M,CF1,2,PHASE6N_TOP4,False
CB1_CAUR_M_CF1_RI2_TI2_R12__seed721204__it0000347,ts_78286ec2498b865044c9,CB1_CAUR_M_CF1_RI2_TI2_R12,NEW_ALNS_EXPANSION,M,CF1,2,PHASE6N_TOP4,False
CB1_CAUR_M_CF1_RI2_TI2_R12__seed721204__it0000347,ts_8611797c13c094ff9dae,CB1_CAUR_M_CF1_RI2_TI2_R12,NEW_ALNS_EXPANSION,M,CF1,2,PHASE6N_TOP4,False
CB1_CAUR_M_CF1_RI2_TI2_R12__seed721204__it0000347,ts_98a39f05cde4506a19ab,CB1_CAUR_M_CF1_RI2_TI2_R12,NEW_ALNS_EXPANSION,M,CF1,2,PHASE6N_TOP4,False
CB1_CAUR_M_CF1_RI2_TI2_R12__seed721204__it0000347,ts_cc9581de4d7d2893f9dc,CB1_CAUR_M_CF1_RI2_TI2_R12,NEW_ALNS_EXPANSION,M,CF1,2,CANONICAL_FALLBACK,True
CB1_CAUR_M_CF1_RI2_TI2_R12__seed721204__it0000430,ts_258e4ab40f0fdf496902,CB1_CAUR_M_CF1_RI2_TI2_R12,NEW_ALNS_EXPANSION,M,CF1,2,PHASE6N_TOP4,False
CB1_CAUR_M_CF1_RI2_TI2_R12__seed721204__it0000430,ts_795215263438ad81163f,CB1_CAUR_M_CF1_RI2_TI2_R12,NEW_ALNS_EXPANSION,M,CF1,2,CANONICAL_FALLBACK,True
CB1_CAUR_M_CF1_RI2_TI2_R12__seed721204__it0000430,ts_8450d206bac3b223135f,CB1_CAUR_M_CF1_RI2_TI2_R12,NEW_ALNS_EXPANSION,M,CF1,2,PHASE6N_TOP4,False
CB1_CAUR_M_CF1_RI2_TI2_R12__seed721204__it0000430,ts_8adae644161ae039469f,CB1_CAUR_M_CF1_RI2_TI2_R12,NEW_ALNS_EXPANSION,M,CF1,2,PHASE6N_TOP4,False
CB1_CAUR_M_CF1_RI2_TI2_R12__seed721204__it0000430,ts_fd0de8200dda2b01fe6c,CB1_CAUR_M_CF1_RI2_TI2_R12,NEW_ALNS_EXPANSION,M,CF1,2,PHASE6N_TOP4,False
CB1_CAUR_M_CF1_RI2_TI2_R12__seed721204__it0000507,ts_2b3b363b3eca65c9e67c,CB1_CAUR_M_CF1_RI2_TI2_R12,NEW_ALNS_EXPANSION,M,CF1,2,PHASE6N_TOP4,False
CB1_CAUR_M_CF1_RI2_TI2_R12__seed721204__it0000507,ts_8b94e8f099ae93efbc20,CB1_CAUR_M_CF1_RI2_TI2_R12,NEW_ALNS_EXPANSION,M,CF1,2,PHASE6N_TOP4,False
CB1_CAUR_M_CF1_RI2_TI2_R12__seed721204__it0000507,ts_9674b16a02f3f6a26ce8,CB1_CAUR_M_CF1_RI2_TI2_R12,NEW_ALNS_EXPANSION,M,CF1,2,PHASE6N_TOP4,False
CB1_CAUR_M_CF1_RI2_TI2_R12__seed721204__it0000507,ts_a9af443a3b319f182fa7,CB1_CAUR_M_CF1_RI2_TI2_R12,NEW_ALNS_EXPANSION,M,CF1,2,CANONICAL_FALLBACK,True
CB1_CAUR_M_CF1_RI2_TI2_R12__seed721204__it0000507,ts_fbfccfb72c007c21ff7e,CB1_CAUR_M_CF1_RI2_TI2_R12,NEW_ALNS_EXPANSION,M,CF1,2,PHASE6N_TOP4,False
CB1_CAUR_M_CF1_RI2_TI2_R12__seed721204__it0000567,ts_1cc6447fe80d84249ea5,CB1_CAUR_M_CF1_RI2_TI2_R12,NEW_ALNS_EXPANSION,M,CF1,2,PHASE6N_TOP4,False
CB1_CAUR_M_CF1_RI2_TI2_R12__seed721204__it0000567,ts_1e13c6528f3d717e4600,CB1_CAUR_M_CF1_RI2_TI2_R12,NEW_ALNS_EXPANSION,M,CF1,2,PHASE6N_TOP4,False
CB1_CAUR_M_CF1_RI2_TI2_R12__seed721204__it0000567,ts_2144891be468e6bc2352,CB1_CAUR_M_CF1_RI2_TI2_R12,NEW_ALNS_EXPANSION,M,CF1,2,PHASE6N_TOP4,False
CB1_CAUR_M_CF1_RI2_TI2_R12__seed721204__it0000567,ts_c39c19f2ca4b331f32bf,CB1_CAUR_M_CF1_RI2_TI2_R12,NEW_ALNS_EXPANSION,M,CF1,2,CANONICAL_FALLBACK,True
CB1_CAUR_M_CF1_RI2_TI2_R12__seed721204__it0000567,ts_dd7303a54898c8f43be7,CB1_CAUR_M_CF1_RI2_TI2_R12,NEW_ALNS_EXPANSION,M,CF1,2,PHASE6N_TOP4,False
CB1_CAUR_M_CF2_RI2_TI2_R12_C02__seed691201__it0000013,ts_291949253c4c48426ebf,CB1_CAUR_M_CF2_RI2_TI2_R12_C02,ORIGINAL_PHASE6J_CAUR,M,CF2,0,PHASE6N_TOP4,False
CB1_CAUR_M_CF2_RI2_TI2_R12_C02__seed691201__it0000013,ts_43fd4c8366aeef08a71d,CB1_CAUR_M_CF2_RI2_TI2_R12_C02,ORIGINAL_PHASE6J_CAUR,M,CF2,0,PHASE6L_TOP4,False
CB1_CAUR_M_CF2_RI2_TI2_R12_C02__seed691201__it0000013,ts_4a7b3bdae065efead5c9,CB1_CAUR_M_CF2_RI2_TI2_R12_C02,ORIGINAL_PHASE6J_CAUR,M,CF2,0,PHASE6L_TOP4,False
CB1_CAUR_M_CF2_RI2_TI2_R12_C02__seed691201__it0000013,ts_57026a4b34d925fd80e6,CB1_CAUR_M_CF2_RI2_TI2_R12_C02,ORIGINAL_PHASE6J_CAUR,M,CF2,0,PHASE6N_TOP4,False
CB1_CAUR_M_CF2_RI2_TI2_R12_C02__seed691201__it0000013,ts_b79a3def0916204818fe,CB1_CAUR_M_CF2_RI2_TI2_R12_C02,ORIGINAL_PHASE6J_CAUR,M,CF2,0,CANONICAL_FALLBACK,True
CB1_CAUR_M_CF2_RI2_TI2_R12_C02__seed691201__it0000013,ts_bd07ccf4d44a9dc8494f,CB1_CAUR_M_CF2_RI2_TI2_R12_C02,ORIGINAL_PHASE6J_CAUR,M,CF2,0,PHASE6N_TOP4,False
CB1_CAUR_M_CF2_RI2_TI2_R12_C02__seed691201__it0000013,ts_dac0cfc53332b71fb407,CB1_CAUR_M_CF2_RI2_TI2_R12_C02,ORIGINAL_PHASE6J_CAUR,M,CF2,0,PHASE6N_TOP4,False
CB1_CAUR_M_CF2_RI2_TI2_R12_C02__seed691201__it0000013,ts_dd35826a16766ba4b692,CB1_CAUR_M_CF2_RI2_TI2_R12_C02,ORIGINAL_PHASE6J_CAUR,M,CF2,0,PHASE6L_TOP4,False
CB1_CAUR_M_CF2_RI2_TI2_R12_C02__seed691201__it0000013,ts_e8e92fd44b37e4d0845c,CB1_CAUR_M_CF2_RI2_TI2_R12_C02,ORIGINAL_PHASE6J_CAUR,M,CF2,0,PHASE6L_TOP4,False
CB1_CAUR_M_CF2_RI2_TI2_R12_C02__seed691201__it0000054,ts_04a4fdce27298cd10248,CB1_CAUR_M_CF2_RI2_TI2_R12_C02,ORIGINAL_PHASE6J_CAUR,M,CF2,0,PHASE6N_TOP4,False
CB1_CAUR_M_CF2_RI2_TI2_R12_C02__seed691201__it0000054,ts_1d2c266f59f86f9443ae,CB1_CAUR_M_CF2_RI2_TI2_R12_C02,ORIGINAL_PHASE6J_CAUR,M,CF2,0,PHASE6L_TOP4|PHASE6N_TOP4,False
CB1_CAUR_M_CF2_RI2_TI2_R12_C02__seed691201__it0000054,ts_4aeea7f9de9ee2712fbf,CB1_CAUR_M_CF2_RI2_TI2_R12_C02,ORIGINAL_PHASE6J_CAUR,M,CF2,0,PHASE6L_TOP4,False
CB1_CAUR_M_CF2_RI2_TI2_R12_C02__seed691201__it0000054,ts_684c716eef0841d6fbb5,CB1_CAUR_M_CF2_RI2_TI2_R12_C02,ORIGINAL_PHASE6J_CAUR,M,CF2,0,PHASE6L_TOP4|PHASE6N_TOP4,False
CB1_CAUR_M_CF2_RI2_TI2_R12_C02__seed691201__it0000054,ts_8f587d847973f47f53ca,CB1_CAUR_M_CF2_RI2_TI2_R12_C02,ORIGINAL_PHASE6J_CAUR,M,CF2,0,PHASE6L_TOP4|PHASE6N_TOP4,False
CB1_CAUR_M_CF2_RI2_TI2_R12_C02__seed691201__it0000054,ts_c0d6f71505e1fc791be1,CB1_CAUR_M_CF2_RI2_TI2_R12_C02,ORIGINAL_PHASE6J_CAUR,M,CF2,0,CANONICAL_FALLBACK,True
CB1_CAUR_M_CF2_RI2_TI2_R12_C02__seed691201__it0000098,ts_01a5d448f1bc8db2e017,CB1_CAUR_M_CF2_RI2_TI2_R12_C02,ORIGINAL_PHASE6J_CAUR,M,CF2,0,PHASE6N_TOP4,False
CB1_CAUR_M_CF2_RI2_TI2_R12_C02__seed691201__it0000098,ts_0c2f2ca5f3b4e80f9df9,CB1_CAUR_M_CF2_RI2_TI2_R12_C02,ORIGINAL_PHASE6J_CAUR,M,CF2,0,PHASE6L_TOP4,False
CB1_CAUR_M_CF2_RI2_TI2_R12_C02__seed691201__it0000098,ts_39ac393fdb4511b3c95e,CB1_CAUR_M_CF2_RI2_TI2_R12_C02,ORIGINAL_PHASE6J_CAUR,M,CF2,0,PHASE6N_TOP4,False
CB1_CAUR_M_CF2_RI2_TI2_R12_C02__seed691201__it0000098,ts_9151ae59112a7511a5f3,CB1_CAUR_M_CF2_RI2_TI2_R12_C02,ORIGINAL_PHASE6J_CAUR,M,CF2,0,PHASE6L_TOP4,False
CB1_CAUR_M_CF2_RI2_TI2_R12_C02__seed691201__it0000098,ts_a6a182bbb167bd717c35,CB1_CAUR_M_CF2_RI2_TI2_R12_C02,ORIGINAL_PHASE6J_CAUR,M,CF2,0,PHASE6L_TOP4,False
CB1_CAUR_M_CF2_RI2_TI2_R12_C02__seed691201__it0000098,ts_ad854c74ecad409ae55d,CB1_CAUR_M_CF2_RI2_TI2_R12_C02,ORIGINAL_PHASE6J_CAUR,M,CF2,0,PHASE6L_TOP4,False
CB1_CAUR_M_CF2_RI2_TI2_R12_C02__seed691201__it0000098,ts_da48b0d9bdc8a88a3e7f,CB1_CAUR_M_CF2_RI2_TI2_R12_C02,ORIGINAL_PHASE6J_CAUR,M,CF2,0,PHASE6N_TOP4,False
CB1_CAUR_M_CF2_RI2_TI2_R12_C02__seed691201__it0000098,ts_e020f35f00c046978aa1,CB1_CAUR_M_CF2_RI2_TI2_R12_C02,ORIGINAL_PHASE6J_CAUR,M,CF2,0,CANONICAL_FALLBACK|PHASE6N_TOP4,True
CB1_CAUR_M_CF2_RI2_TI2_R12_C02__seed691201__it0000138,ts_0b3ab6303adf78f88395,CB1_CAUR_M_CF2_RI2_TI2_R12_C02,ORIGINAL_PHASE6J_CAUR,M,CF2,0,CANONICAL_FALLBACK,True
CB1_CAUR_M_CF2_RI2_TI2_R12_C02__seed691201__it0000138,ts_1ab7e797928a28bace9a,CB1_CAUR_M_CF2_RI2_TI2_R12_C02,ORIGINAL_PHASE6J_CAUR,M,CF2,0,PHASE6N_TOP4,False
CB1_CAUR_M_CF2_RI2_TI2_R12_C02__seed691201__it0000138,ts_32a93eb3d5f5c03ed863,CB1_CAUR_M_CF2_RI2_TI2_R12_C02,ORIGINAL_PHASE6J_CAUR,M,CF2,0,PHASE6N_TOP4,False
CB1_CAUR_M_CF2_RI2_TI2_R12_C02__seed691201__it0000138,ts_8660fe0ba4d75d65215d,CB1_CAUR_M_CF2_RI2_TI2_R12_C02,ORIGINAL_PHASE6J_CAUR,M,CF2,0,PHASE6L_TOP4,False
CB1_CAUR_M_CF2_RI2_TI2_R12_C02__seed691201__it0000138,ts_881d1a8d901a98d352ea,CB1_CAUR_M_CF2_RI2_TI2_R12_C02,ORIGINAL_PHASE6J_CAUR,M,CF2,0,PHASE6L_TOP4|PHASE6N_TOP4,False
CB1_CAUR_M_CF2_RI2_TI2_R12_C02__seed691201__it0000138,ts_d02371b8db3990b20d6b,CB1_CAUR_M_CF2_RI2_TI2_R12_C02,ORIGINAL_PHASE6J_CAUR,M,CF2,0,PHASE6L_TOP4,False
CB1_CAUR_M_CF2_RI2_TI2_R12_C02__seed691201__it0000138,ts_dc117eb6e34c9cf050b5,CB1_CAUR_M_CF2_RI2_TI2_R12_C02,ORIGINAL_PHASE6J_CAUR,M,CF2,0,PHASE6L_TOP4,False
CB1_CAUR_M_CF2_RI2_TI2_R12_C02__seed691201__it0000138,ts_f06c7c8b666a516bbd4d,CB1_CAUR_M_CF2_RI2_TI2_R12_C02,ORIGINAL_PHASE6J_CAUR,M,CF2,0,PHASE6N_TOP4,False
CB1_CAUR_M_CF2_RI2_TI2_R12_C02__seed691201__it0000179,ts_21df994485ca8cc4c9a8,CB1_CAUR_M_CF2_RI2_TI2_R12_C02,ORIGINAL_PHASE6J_CAUR,M,CF2,0,CANONICAL_FALLBACK,True
CB1_CAUR_M_CF2_RI2_TI2_R12_C02__seed691201__it0000179,ts_55eaa09b6d12ab5863e3,CB1_CAUR_M_CF2_RI2_TI2_R12_C02,ORIGINAL_PHASE6J_CAUR,M,CF2,0,PHASE6L_TOP4|PHASE6N_TOP4,False
CB1_CAUR_M_CF2_RI2_TI2_R12_C02__seed691201__it0000179,ts_577a79103e0ad6d210a4,CB1_CAUR_M_CF2_RI2_TI2_R12_C02,ORIGINAL_PHASE6J_CAUR,M,CF2,0,PHASE6L_TOP4|PHASE6N_TOP4,False
CB1_CAUR_M_CF2_RI2_TI2_R12_C02__seed691201__it0000179,ts_5bda7f3aafe6d5743d5e,CB1_CAUR_M_CF2_RI2_TI2_R12_C02,ORIGINAL_PHASE6J_CAUR,M,CF2,0,PHASE6N_TOP4,False
CB1_CAUR_M_CF2_RI2_TI2_R12_C02__seed691201__it0000179,ts_87ca20b4e1a38c12b0d8,CB1_CAUR_M_CF2_RI2_TI2_R12_C02,ORIGINAL_PHASE6J_CAUR,M,CF2,0,PHASE6L_TOP4|PHASE6N_TOP4,False
CB1_CAUR_M_CF2_RI2_TI2_R12_C02__seed691201__it0000179,ts_fde9814bc97fa20c22c0,CB1_CAUR_M_CF2_RI2_TI2_R12_C02,ORIGINAL_PHASE6J_CAUR,M,CF2,0,PHASE6L_TOP4,False
CB1_CAUR_M_CF2_RI2_TI2_R12_C02__seed691201__it0000222,ts_669fdf0c9eac3e651389,CB1_CAUR_M_CF2_RI2_TI2_R12_C02,ORIGINAL_PHASE6J_CAUR,M,CF2,0,PHASE6L_TOP4,False
CB1_CAUR_M_CF2_RI2_TI2_R12_C02__seed691201__it0000222,ts_8c4ee400c7af4921f7bd,CB1_CAUR_M_CF2_RI2_TI2_R12_C02,ORIGINAL_PHASE6J_CAUR,M,CF2,0,PHASE6L_TOP4|PHASE6N_TOP4,False
CB1_CAUR_M_CF2_RI2_TI2_R12_C02__seed691201__it0000222,ts_9fa6c1fae0b7cb6c1ddb,CB1_CAUR_M_CF2_RI2_TI2_R12_C02,ORIGINAL_PHASE6J_CAUR,M,CF2,0,PHASE6L_TOP4|PHASE6N_TOP4,False
CB1_CAUR_M_CF2_RI2_TI2_R12_C02__seed691201__it0000222,ts_cb5f88e4db8c59fb0e07,CB1_CAUR_M_CF2_RI2_TI2_R12_C02,ORIGINAL_PHASE6J_CAUR,M,CF2,0,PHASE6L_TOP4|PHASE6N_TOP4,False
CB1_CAUR_M_CF2_RI2_TI2_R12_C02__seed691201__it0000222,ts_fc003144dc1a96f5d514,CB1_CAUR_M_CF2_RI2_TI2_R12_C02,ORIGINAL_PHASE6J_CAUR,M,CF2,0,PHASE6N_TOP4,False
CB1_CAUR_M_CF2_RI2_TI2_R12_C02__seed691201__it0000222,ts_ff6fbf956a7f3ea6e430,CB1_CAUR_M_CF2_RI2_TI2_R12_C02,ORIGINAL_PHASE6J_CAUR,M,CF2,0,CANONICAL_FALLBACK,True
CB1_CAUR_M_CF2_RI2_TI2_R12_C02__seed691201__it0000262,ts_11cc912cc48f787ca75b,CB1_CAUR_M_CF2_RI2_TI2_R12_C02,ORIGINAL_PHASE6J_CAUR,M,CF2,0,PHASE6N_TOP4,False
CB1_CAUR_M_CF2_RI2_TI2_R12_C02__seed691201__it0000262,ts_320f067fe7774d820c26,CB1_CAUR_M_CF2_RI2_TI2_R12_C02,ORIGINAL_PHASE6J_CAUR,M,CF2,0,PHASE6N_TOP4,False
CB1_CAUR_M_CF2_RI2_TI2_R12_C02__seed691201__it0000262,ts_41c3ef5d6d467cb2971b,CB1_CAUR_M_CF2_RI2_TI2_R12_C02,ORIGINAL_PHASE6J_CAUR,M,CF2,0,PHASE6L_TOP4|PHASE6N_TOP4,False
CB1_CAUR_M_CF2_RI2_TI2_R12_C02__seed691201__it0000262,ts_5a1a4e4a16800bce768f,CB1_CAUR_M_CF2_RI2_TI2_R12_C02,ORIGINAL_PHASE6J_CAUR,M,CF2,0,CANONICAL_FALLBACK,True
CB1_CAUR_M_CF2_RI2_TI2_R12_C02__seed691201__it0000262,ts_70b06c23c5258047b2bd,CB1_CAUR_M_CF2_RI2_TI2_R12_C02,ORIGINAL_PHASE6J_CAUR,M,CF2,0,PHASE6L_TOP4|PHASE6N_TOP4,False
CB1_CAUR_M_CF2_RI2_TI2_R12_C02__seed691201__it0000262,ts_afd879c1cb8ffdd9c431,CB1_CAUR_M_CF2_RI2_TI2_R12_C02,ORIGINAL_PHASE6J_CAUR,M,CF2,0,PHASE6L_TOP4,False
CB1_CAUR_M_CF2_RI2_TI2_R12_C02__seed691201__it0000262,ts_fafc2f177cf46816eb1a,CB1_CAUR_M_CF2_RI2_TI2_R12_C02,ORIGINAL_PHASE6J_CAUR,M,CF2,0,PHASE6L_TOP4,False
CB1_CAUR_M_CF2_RI2_TI2_R12_C02__seed691201__it0000292,ts_1b9e80e52eeea62c22ec,CB1_CAUR_M_CF2_RI2_TI2_R12_C02,ORIGINAL_PHASE6J_CAUR,M,CF2,0,PHASE6L_TOP4,False
CB1_CAUR_M_CF2_RI2_TI2_R12_C02__seed691201__it0000292,ts_21a5a51aeb68114ca274,CB1_CAUR_M_CF2_RI2_TI2_R12_C02,ORIGINAL_PHASE6J_CAUR,M,CF2,0,PHASE6L_TOP4|PHASE6N_TOP4,False
CB1_CAUR_M_CF2_RI2_TI2_R12_C02__seed691201__it0000292,ts_4020740315cc5419cd2a,CB1_CAUR_M_CF2_RI2_TI2_R12_C02,ORIGINAL_PHASE6J_CAUR,M,CF2,0,PHASE6L_TOP4|PHASE6N_TOP4,False
CB1_CAUR_M_CF2_RI2_TI2_R12_C02__seed691201__it0000292,ts_5fb8a9218a09f9ddc006,CB1_CAUR_M_CF2_RI2_TI2_R12_C02,ORIGINAL_PHASE6J_CAUR,M,CF2,0,PHASE6N_TOP4,False
CB1_CAUR_M_CF2_RI2_TI2_R12_C02__seed691201__it0000292,ts_7bc49fc1504c0f9d198f,CB1_CAUR_M_CF2_RI2_TI2_R12_C02,ORIGINAL_PHASE6J_CAUR,M,CF2,0,CANONICAL_FALLBACK,True
CB1_CAUR_M_CF2_RI2_TI2_R12_C02__seed691201__it0000292,ts_90dc0b60adcb64b4d4f0,CB1_CAUR_M_CF2_RI2_TI2_R12_C02,ORIGINAL_PHASE6J_CAUR,M,CF2,0,PHASE6N_TOP4,False
CB1_CAUR_M_CF2_RI2_TI2_R12_C02__seed691201__it0000292,ts_a3d98bfd6b37c8f5bb7c,CB1_CAUR_M_CF2_RI2_TI2_R12_C02,ORIGINAL_PHASE6J_CAUR,M,CF2,0,PHASE6L_TOP4,False
CB1_CAUR_M_CF2_RI2_TI2_R12_C02__seed691202__it0000014,ts_2ab2f2685acdbe6ef98e,CB1_CAUR_M_CF2_RI2_TI2_R12_C02,ORIGINAL_PHASE6J_CAUR,M,CF2,0,PHASE6N_TOP4,False
CB1_CAUR_M_CF2_RI2_TI2_R12_C02__seed691202__it0000014,ts_6ee685b0879d6507a10c,CB1_CAUR_M_CF2_RI2_TI2_R12_C02,ORIGINAL_PHASE6J_CAUR,M,CF2,0,CANONICAL_FALLBACK,True
CB1_CAUR_M_CF2_RI2_TI2_R12_C02__seed691202__it0000014,ts_d44b67e076b1ff8deedf,CB1_CAUR_M_CF2_RI2_TI2_R12_C02,ORIGINAL_PHASE6J_CAUR,M,CF2,0,PHASE6L_TOP4,False
CB1_CAUR_M_CF2_RI2_TI2_R12_C02__seed691202__it0000014,ts_e359d99a3e492112b347,CB1_CAUR_M_CF2_RI2_TI2_R12_C02,ORIGINAL_PHASE6J_CAUR,M,CF2,0,PHASE6L_TOP4|PHASE6N_TOP4,False
CB1_CAUR_M_CF2_RI2_TI2_R12_C02__seed691202__it0000014,ts_ecc94098da43ad5e2d37,CB1_CAUR_M_CF2_RI2_TI2_R12_C02,ORIGINAL_PHASE6J_CAUR,M,CF2,0,PHASE6L_TOP4|PHASE6N_TOP4,False
CB1_CAUR_M_CF2_RI2_TI2_R12_C02__seed691202__it0000014,ts_feeb9b52f844e3d4d089,CB1_CAUR_M_CF2_RI2_TI2_R12_C02,ORIGINAL_PHASE6J_CAUR,M,CF2,0,PHASE6L_TOP4|PHASE6N_TOP4,False
CB1_CAUR_M_CF2_RI2_TI2_R12_C02__seed691202__it0000054,ts_10c36c5d057d8de3b2fd,CB1_CAUR_M_CF2_RI2_TI2_R12_C02,ORIGINAL_PHASE6J_CAUR,M,CF2,0,PHASE6N_TOP4,False
CB1_CAUR_M_CF2_RI2_TI2_R12_C02__seed691202__it0000054,ts_159cd02398eeee78607b,CB1_CAUR_M_CF2_RI2_TI2_R12_C02,ORIGINAL_PHASE6J_CAUR,M,CF2,0,PHASE6L_TOP4,False
CB1_CAUR_M_CF2_RI2_TI2_R12_C02__seed691202__it0000054,ts_292a55718b63a33ace5b,CB1_CAUR_M_CF2_RI2_TI2_R12_C02,ORIGINAL_PHASE6J_CAUR,M,CF2,0,PHASE6N_TOP4,False
CB1_CAUR_M_CF2_RI2_TI2_R12_C02__seed691202__it0000054,ts_30060c0ebe2dd0abe944,CB1_CAUR_M_CF2_RI2_TI2_R12_C02,ORIGINAL_PHASE6J_CAUR,M,CF2,0,PHASE6L_TOP4,False
CB1_CAUR_M_CF2_RI2_TI2_R12_C02__seed691202__it0000054,ts_4498edecb7f8afcdbc4f,CB1_CAUR_M_CF2_RI2_TI2_R12_C02,ORIGINAL_PHASE6J_CAUR,M,CF2,0,CANONICAL_FALLBACK,True
CB1_CAUR_M_CF2_RI2_TI2_R12_C02__seed691202__it0000054,ts_4c813be208297f3e17e3,CB1_CAUR_M_CF2_RI2_TI2_R12_C02,ORIGINAL_PHASE6J_CAUR,M,CF2,0,PHASE6N_TOP4,False
CB1_CAUR_M_CF2_RI2_TI2_R12_C02__seed691202__it0000054,ts_77e7751e7ca22c0e3a02,CB1_CAUR_M_CF2_RI2_TI2_R12_C02,ORIGINAL_PHASE6J_CAUR,M,CF2,0,PHASE6L_TOP4,False
CB1_CAUR_M_CF2_RI2_TI2_R12_C02__seed691202__it0000054,ts_b3fa2ac3f4cba131ba3a,CB1_CAUR_M_CF2_RI2_TI2_R12_C02,ORIGINAL_PHASE6J_CAUR,M,CF2,0,PHASE6L_TOP4|PHASE6N_TOP4,False
CB1_CAUR_M_CF2_RI2_TI2_R12_C02__seed691202__it0000098,ts_0630830a5a69a5c39c65,CB1_CAUR_M_CF2_RI2_TI2_R12_C02,ORIGINAL_PHASE6J_CAUR,M,CF2,0,PHASE6L_TOP4,False
CB1_CAUR_M_CF2_RI2_TI2_R12_C02__seed691202__it0000098,ts_179b85c915659b0699ab,CB1_CAUR_M_CF2_RI2_TI2_R12_C02,ORIGINAL_PHASE6J_CAUR,M,CF2,0,PHASE6N_TOP4,False
CB1_CAUR_M_CF2_RI2_TI2_R12_C02__seed691202__it0000098,ts_1e8fd35b616413c45675,CB1_CAUR_M_CF2_RI2_TI2_R12_C02,ORIGINAL_PHASE6J_CAUR,M,CF2,0,PHASE6L_TOP4,False
CB1_CAUR_M_CF2_RI2_TI2_R12_C02__seed691202__it0000098,ts_7bfb9d4d386c44595415,CB1_CAUR_M_CF2_RI2_TI2_R12_C02,ORIGINAL_PHASE6J_CAUR,M,CF2,0,PHASE6L_TOP4|PHASE6N_TOP4,False
CB1_CAUR_M_CF2_RI2_TI2_R12_C02__seed691202__it0000098,ts_cb90c8b71ae6754d865e,CB1_CAUR_M_CF2_RI2_TI2_R12_C02,ORIGINAL_PHASE6J_CAUR,M,CF2,0,CANONICAL_FALLBACK,True
CB1_CAUR_M_CF2_RI2_TI2_R12_C02__seed691202__it0000098,ts_cc343de093159796da8c,CB1_CAUR_M_CF2_RI2_TI2_R12_C02,ORIGINAL_PHASE6J_CAUR,M,CF2,0,PHASE6L_TOP4,False
CB1_CAUR_M_CF2_RI2_TI2_R12_C02__seed691202__it0000098,ts_d70e884b226de5581a6e,CB1_CAUR_M_CF2_RI2_TI2_R12_C02,ORIGINAL_PHASE6J_CAUR,M,CF2,0,PHASE6N_TOP4,False
CB1_CAUR_M_CF2_RI2_TI2_R12_C02__seed691202__it0000098,ts_e652c10198e25eacc75c,CB1_CAUR_M_CF2_RI2_TI2_R12_C02,ORIGINAL_PHASE6J_CAUR,M,CF2,0,PHASE6N_TOP4,False
CB1_CAUR_M_CF2_RI2_TI2_R12_C02__seed691202__it0000137,ts_3fe8cb19c30fd273dfba,CB1_CAUR_M_CF2_RI2_TI2_R12_C02,ORIGINAL_PHASE6J_CAUR,M,CF2,0,CANONICAL_FALLBACK|PHASE6N_TOP4,True
CB1_CAUR_M_CF2_RI2_TI2_R12_C02__seed691202__it0000137,ts_6a1b604b2467c2c8ae7e,CB1_CAUR_M_CF2_RI2_TI2_R12_C02,ORIGINAL_PHASE6J_CAUR,M,CF2,0,PHASE6L_TOP4|PHASE6N_TOP4,False
CB1_CAUR_M_CF2_RI2_TI2_R12_C02__seed691202__it0000137,ts_8292ba7765e154dc2d28,CB1_CAUR_M_CF2_RI2_TI2_R12_C02,ORIGINAL_PHASE6J_CAUR,M,CF2,0,PHASE6L_TOP4,False
CB1_CAUR_M_CF2_RI2_TI2_R12_C02__seed691202__it0000137,ts_93ba14d19f97df6276d6,CB1_CAUR_M_CF2_RI2_TI2_R12_C02,ORIGINAL_PHASE6J_CAUR,M,CF2,0,PHASE6L_TOP4,False
CB1_CAUR_M_CF2_RI2_TI2_R12_C02__seed691202__it0000137,ts_d19df59505d656bc0cba,CB1_CAUR_M_CF2_RI2_TI2_R12_C02,ORIGINAL_PHASE6J_CAUR,M,CF2,0,PHASE6L_TOP4|PHASE6N_TOP4,False
CB1_CAUR_M_CF2_RI2_TI2_R12_C02__seed691202__it0000137,ts_f8730927885d42c91521,CB1_CAUR_M_CF2_RI2_TI2_R12_C02,ORIGINAL_PHASE6J_CAUR,M,CF2,0,PHASE6N_TOP4,False
CB1_CAUR_M_CF2_RI2_TI2_R12_C02__seed691202__it0000177,ts_18159f3493a0e9339151,CB1_CAUR_M_CF2_RI2_TI2_R12_C02,ORIGINAL_PHASE6J_CAUR,M,CF2,0,PHASE6N_TOP4,False
CB1_CAUR_M_CF2_RI2_TI2_R12_C02__seed691202__it0000177,ts_316207369d908b828995,CB1_CAUR_M_CF2_RI2_TI2_R12_C02,ORIGINAL_PHASE6J_CAUR,M,CF2,0,PHASE6N_TOP4,False
CB1_CAUR_M_CF2_RI2_TI2_R12_C02__seed691202__it0000177,ts_684b25206b14c82d3b7f,CB1_CAUR_M_CF2_RI2_TI2_R12_C02,ORIGINAL_PHASE6J_CAUR,M,CF2,0,PHASE6L_TOP4|PHASE6N_TOP4,False
CB1_CAUR_M_CF2_RI2_TI2_R12_C02__seed691202__it0000177,ts_a255ed6651d153351b98,CB1_CAUR_M_CF2_RI2_TI2_R12_C02,ORIGINAL_PHASE6J_CAUR,M,CF2,0,PHASE6L_TOP4,False
CB1_CAUR_M_CF2_RI2_TI2_R12_C02__seed691202__it0000177,ts_da493b487fad25a16972,CB1_CAUR_M_CF2_RI2_TI2_R12_C02,ORIGINAL_PHASE6J_CAUR,M,CF2,0,CANONICAL_FALLBACK,True
CB1_CAUR_M_CF2_RI2_TI2_R12_C02__seed691202__it0000177,ts_ddb10e444a5e4ba4a9a0,CB1_CAUR_M_CF2_RI2_TI2_R12_C02,ORIGINAL_PHASE6J_CAUR,M,CF2,0,PHASE6N_TOP4,False
CB1_CAUR_M_CF2_RI2_TI2_R12_C02__seed691202__it0000177,ts_f5a1699cf8f165d67bfe,CB1_CAUR_M_CF2_RI2_TI2_R12_C02,ORIGINAL_PHASE6J_CAUR,M,CF2,0,PHASE6L_TOP4,False
CB1_CAUR_M_CF2_RI2_TI2_R12_C02__seed691202__it0000177,ts_fb00988368fdcde98cd9,CB1_CAUR_M_CF2_RI2_TI2_R12_C02,ORIGINAL_PHASE6J_CAUR,M,CF2,0,PHASE6L_TOP4,False
CB1_CAUR_M_CF2_RI2_TI2_R12_C02__seed691202__it0000220,ts_070950250c5120229ee1,CB1_CAUR_M_CF2_RI2_TI2_R12_C02,ORIGINAL_PHASE6J_CAUR,M,CF2,0,PHASE6L_TOP4,False
CB1_CAUR_M_CF2_RI2_TI2_R12_C02__seed691202__it0000220,ts_59be7693a5694dbd455a,CB1_CAUR_M_CF2_RI2_TI2_R12_C02,ORIGINAL_PHASE6J_CAUR,M,CF2,0,PHASE6L_TOP4|PHASE6N_TOP4,False
CB1_CAUR_M_CF2_RI2_TI2_R12_C02__seed691202__it0000220,ts_861e738ddf279373cd22,CB1_CAUR_M_CF2_RI2_TI2_R12_C02,ORIGINAL_PHASE6J_CAUR,M,CF2,0,PHASE6N_TOP4,False
CB1_CAUR_M_CF2_RI2_TI2_R12_C02__seed691202__it0000220,ts_be30b9ebf3efbfd1dcfc,CB1_CAUR_M_CF2_RI2_TI2_R12_C02,ORIGINAL_PHASE6J_CAUR,M,CF2,0,PHASE6L_TOP4|PHASE6N_TOP4,False
CB1_CAUR_M_CF2_RI2_TI2_R12_C02__seed691202__it0000220,ts_cf1f7b2e451b76a92dc2,CB1_CAUR_M_CF2_RI2_TI2_R12_C02,ORIGINAL_PHASE6J_CAUR,M,CF2,0,PHASE6L_TOP4,False
CB1_CAUR_M_CF2_RI2_TI2_R12_C02__seed691202__it0000220,ts_d101f141d31b0afbd48d,CB1_CAUR_M_CF2_RI2_TI2_R12_C02,ORIGINAL_PHASE6J_CAUR,M,CF2,0,CANONICAL_FALLBACK,True
CB1_CAUR_M_CF2_RI2_TI2_R12_C02__seed691202__it0000220,ts_dc7b3f6f3bc236fa5931,CB1_CAUR_M_CF2_RI2_TI2_R12_C02,ORIGINAL_PHASE6J_CAUR,M,CF2,0,PHASE6N_TOP4,False
CB1_CAUR_M_CF2_RI2_TI2_R12_C02__seed691202__it0000261,ts_1aa7409577f17f0c43c3,CB1_CAUR_M_CF2_RI2_TI2_R12_C02,ORIGINAL_PHASE6J_CAUR,M,CF2,0,PHASE6N_TOP4,False
CB1_CAUR_M_CF2_RI2_TI2_R12_C02__seed691202__it0000261,ts_2e6d30be4b44030dc558,CB1_CAUR_M_CF2_RI2_TI2_R12_C02,ORIGINAL_PHASE6J_CAUR,M,CF2,0,CANONICAL_FALLBACK,True
CB1_CAUR_M_CF2_RI2_TI2_R12_C02__seed691202__it0000261,ts_413aa4b900117fca1a91,CB1_CAUR_M_CF2_RI2_TI2_R12_C02,ORIGINAL_PHASE6J_CAUR,M,CF2,0,PHASE6N_TOP4,False
CB1_CAUR_M_CF2_RI2_TI2_R12_C02__seed691202__it0000261,ts_6731c43f3a9d8d8343fd,CB1_CAUR_M_CF2_RI2_TI2_R12_C02,ORIGINAL_PHASE6J_CAUR,M,CF2,0,PHASE6L_TOP4,False
CB1_CAUR_M_CF2_RI2_TI2_R12_C02__seed691202__it0000261,ts_67ad5bd784c6bcf928af,CB1_CAUR_M_CF2_RI2_TI2_R12_C02,ORIGINAL_PHASE6J_CAUR,M,CF2,0,PHASE6L_TOP4,False
CB1_CAUR_M_CF2_RI2_TI2_R12_C02__seed691202__it0000261,ts_7e5502f6d5d65b7e33eb,CB1_CAUR_M_CF2_RI2_TI2_R12_C02,ORIGINAL_PHASE6J_CAUR,M,CF2,0,PHASE6L_TOP4,False
CB1_CAUR_M_CF2_RI2_TI2_R12_C02__seed691202__it0000261,ts_915974b0504c03b84fb6,CB1_CAUR_M_CF2_RI2_TI2_R12_C02,ORIGINAL_PHASE6J_CAUR,M,CF2,0,PHASE6N_TOP4,False
CB1_CAUR_M_CF2_RI2_TI2_R12_C02__seed691202__it0000261,ts_99cb3325aacfee43fcb6,CB1_CAUR_M_CF2_RI2_TI2_R12_C02,ORIGINAL_PHASE6J_CAUR,M,CF2,0,PHASE6N_TOP4,False
CB1_CAUR_M_CF2_RI2_TI2_R12_C02__seed691202__it0000261,ts_ddda33b0d1b7f1782fa6,CB1_CAUR_M_CF2_RI2_TI2_R12_C02,ORIGINAL_PHASE6J_CAUR,M,CF2,0,PHASE6L_TOP4,False
CB1_CAUR_M_CF2_RI2_TI2_R12_C02__seed691202__it0000293,ts_14b0ae4335c70a882917,CB1_CAUR_M_CF2_RI2_TI2_R12_C02,ORIGINAL_PHASE6J_CAUR,M,CF2,0,PHASE6L_TOP4,False
CB1_CAUR_M_CF2_RI2_TI2_R12_C02__seed691202__it0000293,ts_39471931b207153f1fe5,CB1_CAUR_M_CF2_RI2_TI2_R12_C02,ORIGINAL_PHASE6J_CAUR,M,CF2,0,PHASE6L_TOP4|PHASE6N_TOP4,False
CB1_CAUR_M_CF2_RI2_TI2_R12_C02__seed691202__it0000293,ts_419cccc1a01fee58d31f,CB1_CAUR_M_CF2_RI2_TI2_R12_C02,ORIGINAL_PHASE6J_CAUR,M,CF2,0,PHASE6N_TOP4,False
CB1_CAUR_M_CF2_RI2_TI2_R12_C02__seed691202__it0000293,ts_acf1f82205ebe2158992,CB1_CAUR_M_CF2_RI2_TI2_R12_C02,ORIGINAL_PHASE6J_CAUR,M,CF2,0,PHASE6N_TOP4,False
CB1_CAUR_M_CF2_RI2_TI2_R12_C02__seed691202__it0000293,ts_c47c4463c2aa5da8f017,CB1_CAUR_M_CF2_RI2_TI2_R12_C02,ORIGINAL_PHASE6J_CAUR,M,CF2,0,CANONICAL_FALLBACK,True
CB1_CAUR_M_CF2_RI2_TI2_R12_C02__seed691202__it0000293,ts_d3c20b4ff7d7a5fa5550,CB1_CAUR_M_CF2_RI2_TI2_R12_C02,ORIGINAL_PHASE6J_CAUR,M,CF2,0,PHASE6L_TOP4,False
CB1_CAUR_M_CF2_RI2_TI2_R12_C02__seed691202__it0000293,ts_eb8b6e4cbad6cc0995be,CB1_CAUR_M_CF2_RI2_TI2_R12_C02,ORIGINAL_PHASE6J_CAUR,M,CF2,0,PHASE6L_TOP4|PHASE6N_TOP4,False
CB1_CAUR_M_CF2_RI2_TI2_R12_C02__seed721201__it0000024,ts_20e1a705468e0efab0cb,CB1_CAUR_M_CF2_RI2_TI2_R12_C02,NEW_ALNS_EXPANSION,M,CF2,0,PHASE6N_TOP4,False
CB1_CAUR_M_CF2_RI2_TI2_R12_C02__seed721201__it0000024,ts_29c6922f0dbb95ccc43d,CB1_CAUR_M_CF2_RI2_TI2_R12_C02,NEW_ALNS_EXPANSION,M,CF2,0,PHASE6N_TOP4,False
CB1_CAUR_M_CF2_RI2_TI2_R12_C02__seed721201__it0000024,ts_9ab664e404a096a35662,CB1_CAUR_M_CF2_RI2_TI2_R12_C02,NEW_ALNS_EXPANSION,M,CF2,0,PHASE6N_TOP4,False
CB1_CAUR_M_CF2_RI2_TI2_R12_C02__seed721201__it0000024,ts_af422e356fd316313c2d,CB1_CAUR_M_CF2_RI2_TI2_R12_C02,NEW_ALNS_EXPANSION,M,CF2,0,CANONICAL_FALLBACK,True
CB1_CAUR_M_CF2_RI2_TI2_R12_C02__seed721201__it0000024,ts_b0ab040b129fa64dfbcb,CB1_CAUR_M_CF2_RI2_TI2_R12_C02,NEW_ALNS_EXPANSION,M,CF2,0,PHASE6N_TOP4,False
CB1_CAUR_M_CF2_RI2_TI2_R12_C02__seed721201__it0000098,ts_4e7db8b5592d2570f37d,CB1_CAUR_M_CF2_RI2_TI2_R12_C02,NEW_ALNS_EXPANSION,M,CF2,0,PHASE6N_TOP4,False
CB1_CAUR_M_CF2_RI2_TI2_R12_C02__seed721201__it0000098,ts_99bdda9388ef1e73daba,CB1_CAUR_M_CF2_RI2_TI2_R12_C02,NEW_ALNS_EXPANSION,M,CF2,0,PHASE6N_TOP4,False
CB1_CAUR_M_CF2_RI2_TI2_R12_C02__seed721201__it0000098,ts_b0e2f26de1dffc67d87e,CB1_CAUR_M_CF2_RI2_TI2_R12_C02,NEW_ALNS_EXPANSION,M,CF2,0,PHASE6N_TOP4,False
CB1_CAUR_M_CF2_RI2_TI2_R12_C02__seed721201__it0000098,ts_c6365f9c43411ed4e429,CB1_CAUR_M_CF2_RI2_TI2_R12_C02,NEW_ALNS_EXPANSION,M,CF2,0,PHASE6N_TOP4,False
CB1_CAUR_M_CF2_RI2_TI2_R12_C02__seed721201__it0000098,ts_f46e6b612ae86c09ef41,CB1_CAUR_M_CF2_RI2_TI2_R12_C02,NEW_ALNS_EXPANSION,M,CF2,0,CANONICAL_FALLBACK,True
CB1_CAUR_M_CF2_RI2_TI2_R12_C02__seed721201__it0000177,ts_817b3f9505e547c04cea,CB1_CAUR_M_CF2_RI2_TI2_R12_C02,NEW_ALNS_EXPANSION,M,CF2,0,PHASE6N_TOP4,False
CB1_CAUR_M_CF2_RI2_TI2_R12_C02__seed721201__it0000177,ts_b598eae4483f6d4d2e64,CB1_CAUR_M_CF2_RI2_TI2_R12_C02,NEW_ALNS_EXPANSION,M,CF2,0,CANONICAL_FALLBACK,True
CB1_CAUR_M_CF2_RI2_TI2_R12_C02__seed721201__it0000177,ts_d68594fa7780b48f1c8c,CB1_CAUR_M_CF2_RI2_TI2_R12_C02,NEW_ALNS_EXPANSION,M,CF2,0,PHASE6N_TOP4,False
CB1_CAUR_M_CF2_RI2_TI2_R12_C02__seed721201__it0000177,ts_db9690e56b9c64b1fb00,CB1_CAUR_M_CF2_RI2_TI2_R12_C02,NEW_ALNS_EXPANSION,M,CF2,0,PHASE6N_TOP4,False
CB1_CAUR_M_CF2_RI2_TI2_R12_C02__seed721201__it0000177,ts_e72b504c2539a87a12d5,CB1_CAUR_M_CF2_RI2_TI2_R12_C02,NEW_ALNS_EXPANSION,M,CF2,0,PHASE6N_TOP4,False
CB1_CAUR_M_CF2_RI2_TI2_R12_C02__seed721201__it0000251,ts_1fae420ca9fe8c3088fd,CB1_CAUR_M_CF2_RI2_TI2_R12_C02,NEW_ALNS_EXPANSION,M,CF2,0,PHASE6N_TOP4,False
CB1_CAUR_M_CF2_RI2_TI2_R12_C02__seed721201__it0000251,ts_541dc4490094b139a897,CB1_CAUR_M_CF2_RI2_TI2_R12_C02,NEW_ALNS_EXPANSION,M,CF2,0,PHASE6N_TOP4,False
CB1_CAUR_M_CF2_RI2_TI2_R12_C02__seed721201__it0000251,ts_8169e7424e70f8af05a1,CB1_CAUR_M_CF2_RI2_TI2_R12_C02,NEW_ALNS_EXPANSION,M,CF2,0,CANONICAL_FALLBACK|PHASE6N_TOP4,True
CB1_CAUR_M_CF2_RI2_TI2_R12_C02__seed721201__it0000251,ts_8cd2524c26380298ae7c,CB1_CAUR_M_CF2_RI2_TI2_R12_C02,NEW_ALNS_EXPANSION,M,CF2,0,PHASE6N_TOP4,False
CB1_CAUR_M_CF2_RI2_TI2_R12_C02__seed721201__it0000324,ts_035516c99d7c64dc4883,CB1_CAUR_M_CF2_RI2_TI2_R12_C02,NEW_ALNS_EXPANSION,M,CF2,0,PHASE6N_TOP4,False
CB1_CAUR_M_CF2_RI2_TI2_R12_C02__seed721201__it0000324,ts_60ec46d1128f1bfbc5c8,CB1_CAUR_M_CF2_RI2_TI2_R12_C02,NEW_ALNS_EXPANSION,M,CF2,0,PHASE6N_TOP4,False
CB1_CAUR_M_CF2_RI2_TI2_R12_C02__seed721201__it0000324,ts_7ea7438588e09ef457d4,CB1_CAUR_M_CF2_RI2_TI2_R12_C02,NEW_ALNS_EXPANSION,M,CF2,0,PHASE6N_TOP4,False
CB1_CAUR_M_CF2_RI2_TI2_R12_C02__seed721201__it0000324,ts_915ca84d573e9287de2b,CB1_CAUR_M_CF2_RI2_TI2_R12_C02,NEW_ALNS_EXPANSION,M,CF2,0,CANONICAL_FALLBACK,True
CB1_CAUR_M_CF2_RI2_TI2_R12_C02__seed721201__it0000324,ts_d8e6a0e0dff5442c05f3,CB1_CAUR_M_CF2_RI2_TI2_R12_C02,NEW_ALNS_EXPANSION,M,CF2,0,PHASE6N_TOP4,False
CB1_CAUR_M_CF2_RI2_TI2_R12_C02__seed721201__it0000403,ts_169abfe6b9c94e61a896,CB1_CAUR_M_CF2_RI2_TI2_R12_C02,NEW_ALNS_EXPANSION,M,CF2,0,PHASE6N_TOP4,False
CB1_CAUR_M_CF2_RI2_TI2_R12_C02__seed721201__it0000403,ts_3a075869a78a0ddf4b8a,CB1_CAUR_M_CF2_RI2_TI2_R12_C02,NEW_ALNS_EXPANSION,M,CF2,0,PHASE6N_TOP4,False
CB1_CAUR_M_CF2_RI2_TI2_R12_C02__seed721201__it0000403,ts_5a9e9463fb48c516705e,CB1_CAUR_M_CF2_RI2_TI2_R12_C02,NEW_ALNS_EXPANSION,M,CF2,0,PHASE6N_TOP4,False
CB1_CAUR_M_CF2_RI2_TI2_R12_C02__seed721201__it0000403,ts_5ab6fc7e0878e34c3b93,CB1_CAUR_M_CF2_RI2_TI2_R12_C02,NEW_ALNS_EXPANSION,M,CF2,0,CANONICAL_FALLBACK,True
CB1_CAUR_M_CF2_RI2_TI2_R12_C02__seed721201__it0000403,ts_bb8e7b5bc5a0e8f8ad8c,CB1_CAUR_M_CF2_RI2_TI2_R12_C02,NEW_ALNS_EXPANSION,M,CF2,0,PHASE6N_TOP4,False
CB1_CAUR_M_CF2_RI2_TI2_R12_C02__seed721201__it0000475,ts_4c8e4360ec722dd92775,CB1_CAUR_M_CF2_RI2_TI2_R12_C02,NEW_ALNS_EXPANSION,M,CF2,0,CANONICAL_FALLBACK|PHASE6N_TOP4,True
CB1_CAUR_M_CF2_RI2_TI2_R12_C02__seed721201__it0000475,ts_502183aa09b85f7bb9bc,CB1_CAUR_M_CF2_RI2_TI2_R12_C02,NEW_ALNS_EXPANSION,M,CF2,0,PHASE6N_TOP4,False
CB1_CAUR_M_CF2_RI2_TI2_R12_C02__seed721201__it0000475,ts_51c40a9973696f6451c4,CB1_CAUR_M_CF2_RI2_TI2_R12_C02,NEW_ALNS_EXPANSION,M,CF2,0,PHASE6N_TOP4,False
CB1_CAUR_M_CF2_RI2_TI2_R12_C02__seed721201__it0000475,ts_87f0c2ecabd983185166,CB1_CAUR_M_CF2_RI2_TI2_R12_C02,NEW_ALNS_EXPANSION,M,CF2,0,PHASE6N_TOP4,False
CB1_CAUR_M_CF2_RI2_TI2_R12_C02__seed721201__it0000530,ts_2137d5ec26fa8e73565e,CB1_CAUR_M_CF2_RI2_TI2_R12_C02,NEW_ALNS_EXPANSION,M,CF2,0,PHASE6N_TOP4,False
CB1_CAUR_M_CF2_RI2_TI2_R12_C02__seed721201__it0000530,ts_24cdf8aaf26407eca603,CB1_CAUR_M_CF2_RI2_TI2_R12_C02,NEW_ALNS_EXPANSION,M,CF2,0,PHASE6N_TOP4,False
CB1_CAUR_M_CF2_RI2_TI2_R12_C02__seed721201__it0000530,ts_33368b4a8562b3d789e0,CB1_CAUR_M_CF2_RI2_TI2_R12_C02,NEW_ALNS_EXPANSION,M,CF2,0,CANONICAL_FALLBACK|PHASE6N_TOP4,True
CB1_CAUR_M_CF2_RI2_TI2_R12_C02__seed721201__it0000530,ts_a039ddd56a524ef8e9ee,CB1_CAUR_M_CF2_RI2_TI2_R12_C02,NEW_ALNS_EXPANSION,M,CF2,0,PHASE6N_TOP4,False
CB1_CAUR_M_CF2_RI2_TI2_R12_C02__seed721202__it0000025,ts_58718497b53811dc2c3b,CB1_CAUR_M_CF2_RI2_TI2_R12_C02,NEW_ALNS_EXPANSION,M,CF2,0,PHASE6N_TOP4,False
CB1_CAUR_M_CF2_RI2_TI2_R12_C02__seed721202__it0000025,ts_906a1aa552e0793967b9,CB1_CAUR_M_CF2_RI2_TI2_R12_C02,NEW_ALNS_EXPANSION,M,CF2,0,PHASE6N_TOP4,False
CB1_CAUR_M_CF2_RI2_TI2_R12_C02__seed721202__it0000025,ts_9136e69ed42f45bc5772,CB1_CAUR_M_CF2_RI2_TI2_R12_C02,NEW_ALNS_EXPANSION,M,CF2,0,CANONICAL_FALLBACK,True
CB1_CAUR_M_CF2_RI2_TI2_R12_C02__seed721202__it0000025,ts_eb8dc68a59607a137d3c,CB1_CAUR_M_CF2_RI2_TI2_R12_C02,NEW_ALNS_EXPANSION,M,CF2,0,PHASE6N_TOP4,False
CB1_CAUR_M_CF2_RI2_TI2_R12_C02__seed721202__it0000025,ts_ffdf36f38cd1316f9bdf,CB1_CAUR_M_CF2_RI2_TI2_R12_C02,NEW_ALNS_EXPANSION,M,CF2,0,PHASE6N_TOP4,False
CB1_CAUR_M_CF2_RI2_TI2_R12_C02__seed721202__it0000100,ts_58272f276fa47fbaf704,CB1_CAUR_M_CF2_RI2_TI2_R12_C02,NEW_ALNS_EXPANSION,M,CF2,0,PHASE6N_TOP4,False
CB1_CAUR_M_CF2_RI2_TI2_R12_C02__seed721202__it0000100,ts_62a6072cc3824307f960,CB1_CAUR_M_CF2_RI2_TI2_R12_C02,NEW_ALNS_EXPANSION,M,CF2,0,PHASE6N_TOP4,False
CB1_CAUR_M_CF2_RI2_TI2_R12_C02__seed721202__it0000100,ts_6f17b5f6f3d9be72ca19,CB1_CAUR_M_CF2_RI2_TI2_R12_C02,NEW_ALNS_EXPANSION,M,CF2,0,PHASE6N_TOP4,False
CB1_CAUR_M_CF2_RI2_TI2_R12_C02__seed721202__it0000100,ts_720cd63485caebc4a060,CB1_CAUR_M_CF2_RI2_TI2_R12_C02,NEW_ALNS_EXPANSION,M,CF2,0,PHASE6N_TOP4,False
CB1_CAUR_M_CF2_RI2_TI2_R12_C02__seed721202__it0000100,ts_9c125e3a48414f57e06d,CB1_CAUR_M_CF2_RI2_TI2_R12_C02,NEW_ALNS_EXPANSION,M,CF2,0,CANONICAL_FALLBACK,True
CB1_CAUR_M_CF2_RI2_TI2_R12_C02__seed721202__it0000179,ts_0f80aa19ed6e3f08c4a7,CB1_CAUR_M_CF2_RI2_TI2_R12_C02,NEW_ALNS_EXPANSION,M,CF2,0,PHASE6N_TOP4,False
CB1_CAUR_M_CF2_RI2_TI2_R12_C02__seed721202__it0000179,ts_39c2956e98eaa6917d29,CB1_CAUR_M_CF2_RI2_TI2_R12_C02,NEW_ALNS_EXPANSION,M,CF2,0,PHASE6N_TOP4,False
CB1_CAUR_M_CF2_RI2_TI2_R12_C02__seed721202__it0000179,ts_49b389ba7f90f11cdb42,CB1_CAUR_M_CF2_RI2_TI2_R12_C02,NEW_ALNS_EXPANSION,M,CF2,0,PHASE6N_TOP4,False
CB1_CAUR_M_CF2_RI2_TI2_R12_C02__seed721202__it0000179,ts_cf10b1865b9bbe368d6f,CB1_CAUR_M_CF2_RI2_TI2_R12_C02,NEW_ALNS_EXPANSION,M,CF2,0,PHASE6N_TOP4,False
CB1_CAUR_M_CF2_RI2_TI2_R12_C02__seed721202__it0000179,ts_f9403372e523bb5fdb1c,CB1_CAUR_M_CF2_RI2_TI2_R12_C02,NEW_ALNS_EXPANSION,M,CF2,0,CANONICAL_FALLBACK,True
CB1_CAUR_M_CF2_RI2_TI2_R12_C02__seed721202__it0000253,ts_229b599a80fc49d445dd,CB1_CAUR_M_CF2_RI2_TI2_R12_C02,NEW_ALNS_EXPANSION,M,CF2,0,CANONICAL_FALLBACK|PHASE6N_TOP4,True
CB1_CAUR_M_CF2_RI2_TI2_R12_C02__seed721202__it0000253,ts_770b55f056efef17578c,CB1_CAUR_M_CF2_RI2_TI2_R12_C02,NEW_ALNS_EXPANSION,M,CF2,0,PHASE6N_TOP4,False
CB1_CAUR_M_CF2_RI2_TI2_R12_C02__seed721202__it0000253,ts_8b3d7dfcc2e35efaae0b,CB1_CAUR_M_CF2_RI2_TI2_R12_C02,NEW_ALNS_EXPANSION,M,CF2,0,PHASE6N_TOP4,False
CB1_CAUR_M_CF2_RI2_TI2_R12_C02__seed721202__it0000253,ts_bb00fb1c1167485fe7d1,CB1_CAUR_M_CF2_RI2_TI2_R12_C02,NEW_ALNS_EXPANSION,M,CF2,0,PHASE6N_TOP4,False
CB1_CAUR_M_CF2_RI2_TI2_R12_C02__seed721202__it0000327,ts_13cf4f49ca1065a48544,CB1_CAUR_M_CF2_RI2_TI2_R12_C02,NEW_ALNS_EXPANSION,M,CF2,0,PHASE6N_TOP4,False
CB1_CAUR_M_CF2_RI2_TI2_R12_C02__seed721202__it0000327,ts_2febe8f452de067a782c,CB1_CAUR_M_CF2_RI2_TI2_R12_C02,NEW_ALNS_EXPANSION,M,CF2,0,PHASE6N_TOP4,False
CB1_CAUR_M_CF2_RI2_TI2_R12_C02__seed721202__it0000327,ts_4a82393bd5cfb9ccf772,CB1_CAUR_M_CF2_RI2_TI2_R12_C02,NEW_ALNS_EXPANSION,M,CF2,0,CANONICAL_FALLBACK,True
CB1_CAUR_M_CF2_RI2_TI2_R12_C02__seed721202__it0000327,ts_7490cf50206f73415fc7,CB1_CAUR_M_CF2_RI2_TI2_R12_C02,NEW_ALNS_EXPANSION,M,CF2,0,PHASE6N_TOP4,False
CB1_CAUR_M_CF2_RI2_TI2_R12_C02__seed721202__it0000327,ts_cf0f6c24098eabc847f0,CB1_CAUR_M_CF2_RI2_TI2_R12_C02,NEW_ALNS_EXPANSION,M,CF2,0,PHASE6N_TOP4,False
CB1_CAUR_M_CF2_RI2_TI2_R12_C02__seed721202__it0000408,ts_33a511a64e943ff61293,CB1_CAUR_M_CF2_RI2_TI2_R12_C02,NEW_ALNS_EXPANSION,M,CF2,0,CANONICAL_FALLBACK|PHASE6N_TOP4,True
CB1_CAUR_M_CF2_RI2_TI2_R12_C02__seed721202__it0000408,ts_46704fdde729aed62767,CB1_CAUR_M_CF2_RI2_TI2_R12_C02,NEW_ALNS_EXPANSION,M,CF2,0,PHASE6N_TOP4,False
CB1_CAUR_M_CF2_RI2_TI2_R12_C02__seed721202__it0000408,ts_91780cdf20e0f078b812,CB1_CAUR_M_CF2_RI2_TI2_R12_C02,NEW_ALNS_EXPANSION,M,CF2,0,PHASE6N_TOP4,False
CB1_CAUR_M_CF2_RI2_TI2_R12_C02__seed721202__it0000408,ts_e3750b17a29d1196a40c,CB1_CAUR_M_CF2_RI2_TI2_R12_C02,NEW_ALNS_EXPANSION,M,CF2,0,PHASE6N_TOP4,False
CB1_CAUR_M_CF2_RI2_TI2_R12_C02__seed721202__it0000482,ts_0cc1fe3eda711fff9c79,CB1_CAUR_M_CF2_RI2_TI2_R12_C02,NEW_ALNS_EXPANSION,M,CF2,0,CANONICAL_FALLBACK,True
CB1_CAUR_M_CF2_RI2_TI2_R12_C02__seed721202__it0000482,ts_8701c04a6a711528d740,CB1_CAUR_M_CF2_RI2_TI2_R12_C02,NEW_ALNS_EXPANSION,M,CF2,0,PHASE6N_TOP4,False
CB1_CAUR_M_CF2_RI2_TI2_R12_C02__seed721202__it0000482,ts_8eaa3e6b609b2f1365bd,CB1_CAUR_M_CF2_RI2_TI2_R12_C02,NEW_ALNS_EXPANSION,M,CF2,0,PHASE6N_TOP4,False
CB1_CAUR_M_CF2_RI2_TI2_R12_C02__seed721202__it0000482,ts_a9f87c02e139643c7ddc,CB1_CAUR_M_CF2_RI2_TI2_R12_C02,NEW_ALNS_EXPANSION,M,CF2,0,PHASE6N_TOP4,False
CB1_CAUR_M_CF2_RI2_TI2_R12_C02__seed721202__it0000482,ts_d91add2e9cdeac07ac67,CB1_CAUR_M_CF2_RI2_TI2_R12_C02,NEW_ALNS_EXPANSION,M,CF2,0,PHASE6N_TOP4,False
CB1_CAUR_M_CF2_RI2_TI2_R12_C02__seed721202__it0000538,ts_1322aeeeccdab55c4c84,CB1_CAUR_M_CF2_RI2_TI2_R12_C02,NEW_ALNS_EXPANSION,M,CF2,0,CANONICAL_FALLBACK,True
CB1_CAUR_M_CF2_RI2_TI2_R12_C02__seed721202__it0000538,ts_65a3f5c8e4330e7b93e8,CB1_CAUR_M_CF2_RI2_TI2_R12_C02,NEW_ALNS_EXPANSION,M,CF2,0,PHASE6N_TOP4,False
CB1_CAUR_M_CF2_RI2_TI2_R12_C02__seed721202__it0000538,ts_9cee0cdce4e8216b2237,CB1_CAUR_M_CF2_RI2_TI2_R12_C02,NEW_ALNS_EXPANSION,M,CF2,0,PHASE6N_TOP4,False
CB1_CAUR_M_CF2_RI2_TI2_R12_C02__seed721202__it0000538,ts_dbcaedd33202e3c855d3,CB1_CAUR_M_CF2_RI2_TI2_R12_C02,NEW_ALNS_EXPANSION,M,CF2,0,PHASE6N_TOP4,False
CB1_CAUR_M_CF2_RI2_TI2_R12_C02__seed721202__it0000538,ts_feb158e5d41ffdc2dca1,CB1_CAUR_M_CF2_RI2_TI2_R12_C02,NEW_ALNS_EXPANSION,M,CF2,0,PHASE6N_TOP4,False
CB1_CAUR_M_CF2_RI2_TI2_R12_C02__seed721203__it0000024,ts_281aea8df751a24e41e7,CB1_CAUR_M_CF2_RI2_TI2_R12_C02,NEW_ALNS_EXPANSION,M,CF2,0,PHASE6N_TOP4,False
CB1_CAUR_M_CF2_RI2_TI2_R12_C02__seed721203__it0000024,ts_634872ce708342ac12c0,CB1_CAUR_M_CF2_RI2_TI2_R12_C02,NEW_ALNS_EXPANSION,M,CF2,0,CANONICAL_FALLBACK,True
CB1_CAUR_M_CF2_RI2_TI2_R12_C02__seed721203__it0000024,ts_67785b68cd9f580a07cf,CB1_CAUR_M_CF2_RI2_TI2_R12_C02,NEW_ALNS_EXPANSION,M,CF2,0,PHASE6N_TOP4,False
CB1_CAUR_M_CF2_RI2_TI2_R12_C02__seed721203__it0000024,ts_ae1fe49955b34d160431,CB1_CAUR_M_CF2_RI2_TI2_R12_C02,NEW_ALNS_EXPANSION,M,CF2,0,PHASE6N_TOP4,False
CB1_CAUR_M_CF2_RI2_TI2_R12_C02__seed721203__it0000024,ts_e0a7277a6201105f26f7,CB1_CAUR_M_CF2_RI2_TI2_R12_C02,NEW_ALNS_EXPANSION,M,CF2,0,PHASE6N_TOP4,False
CB1_CAUR_M_CF2_RI2_TI2_R12_C02__seed721203__it0000098,ts_591711c7f6e17846a7e6,CB1_CAUR_M_CF2_RI2_TI2_R12_C02,NEW_ALNS_EXPANSION,M,CF2,0,PHASE6N_TOP4,False
CB1_CAUR_M_CF2_RI2_TI2_R12_C02__seed721203__it0000098,ts_74150e62493d24476851,CB1_CAUR_M_CF2_RI2_TI2_R12_C02,NEW_ALNS_EXPANSION,M,CF2,0,CANONICAL_FALLBACK,True
CB1_CAUR_M_CF2_RI2_TI2_R12_C02__seed721203__it0000098,ts_83d6b0cafa376d1bcc22,CB1_CAUR_M_CF2_RI2_TI2_R12_C02,NEW_ALNS_EXPANSION,M,CF2,0,PHASE6N_TOP4,False
CB1_CAUR_M_CF2_RI2_TI2_R12_C02__seed721203__it0000098,ts_9da87bc3a5e647078ccd,CB1_CAUR_M_CF2_RI2_TI2_R12_C02,NEW_ALNS_EXPANSION,M,CF2,0,PHASE6N_TOP4,False
CB1_CAUR_M_CF2_RI2_TI2_R12_C02__seed721203__it0000098,ts_f950c4db9935d82db7b6,CB1_CAUR_M_CF2_RI2_TI2_R12_C02,NEW_ALNS_EXPANSION,M,CF2,0,PHASE6N_TOP4,False
CB1_CAUR_M_CF2_RI2_TI2_R12_C02__seed721203__it0000177,ts_0d8d7dfebff8c9e95d88,CB1_CAUR_M_CF2_RI2_TI2_R12_C02,NEW_ALNS_EXPANSION,M,CF2,0,CANONICAL_FALLBACK,True
CB1_CAUR_M_CF2_RI2_TI2_R12_C02__seed721203__it0000177,ts_37f1d2aa61d5d8984272,CB1_CAUR_M_CF2_RI2_TI2_R12_C02,NEW_ALNS_EXPANSION,M,CF2,0,PHASE6N_TOP4,False
CB1_CAUR_M_CF2_RI2_TI2_R12_C02__seed721203__it0000177,ts_4e96f4dc5f74776e444a,CB1_CAUR_M_CF2_RI2_TI2_R12_C02,NEW_ALNS_EXPANSION,M,CF2,0,PHASE6N_TOP4,False
CB1_CAUR_M_CF2_RI2_TI2_R12_C02__seed721203__it0000177,ts_71709f87df971729a9bb,CB1_CAUR_M_CF2_RI2_TI2_R12_C02,NEW_ALNS_EXPANSION,M,CF2,0,PHASE6N_TOP4,False
CB1_CAUR_M_CF2_RI2_TI2_R12_C02__seed721203__it0000177,ts_e4829a2c2bcf659a499c,CB1_CAUR_M_CF2_RI2_TI2_R12_C02,NEW_ALNS_EXPANSION,M,CF2,0,PHASE6N_TOP4,False
CB1_CAUR_M_CF2_RI2_TI2_R12_C02__seed721203__it0000251,ts_0cfd8af5d09a08129e19,CB1_CAUR_M_CF2_RI2_TI2_R12_C02,NEW_ALNS_EXPANSION,M,CF2,0,PHASE6N_TOP4,False
CB1_CAUR_M_CF2_RI2_TI2_R12_C02__seed721203__it0000251,ts_4bc330205f41d7be6d5a,CB1_CAUR_M_CF2_RI2_TI2_R12_C02,NEW_ALNS_EXPANSION,M,CF2,0,CANONICAL_FALLBACK,True
CB1_CAUR_M_CF2_RI2_TI2_R12_C02__seed721203__it0000251,ts_a2a0839e8882c6d8a77a,CB1_CAUR_M_CF2_RI2_TI2_R12_C02,NEW_ALNS_EXPANSION,M,CF2,0,PHASE6N_TOP4,False
CB1_CAUR_M_CF2_RI2_TI2_R12_C02__seed721203__it0000251,ts_f3f458c260004f4f92a2,CB1_CAUR_M_CF2_RI2_TI2_R12_C02,NEW_ALNS_EXPANSION,M,CF2,0,PHASE6N_TOP4,False
CB1_CAUR_M_CF2_RI2_TI2_R12_C02__seed721203__it0000251,ts_face11f5891983b9c70a,CB1_CAUR_M_CF2_RI2_TI2_R12_C02,NEW_ALNS_EXPANSION,M,CF2,0,PHASE6N_TOP4,False
CB1_CAUR_M_CF2_RI2_TI2_R12_C02__seed721203__it0000325,ts_17f25e3e9f2faa5b6ee5,CB1_CAUR_M_CF2_RI2_TI2_R12_C02,NEW_ALNS_EXPANSION,M,CF2,0,PHASE6N_TOP4,False
CB1_CAUR_M_CF2_RI2_TI2_R12_C02__seed721203__it0000325,ts_a4f9410e054b0652471d,CB1_CAUR_M_CF2_RI2_TI2_R12_C02,NEW_ALNS_EXPANSION,M,CF2,0,PHASE6N_TOP4,False
CB1_CAUR_M_CF2_RI2_TI2_R12_C02__seed721203__it0000325,ts_ae6fda6e8f0dba0afd92,CB1_CAUR_M_CF2_RI2_TI2_R12_C02,NEW_ALNS_EXPANSION,M,CF2,0,PHASE6N_TOP4,False
CB1_CAUR_M_CF2_RI2_TI2_R12_C02__seed721203__it0000325,ts_c433dcc3683e72367a97,CB1_CAUR_M_CF2_RI2_TI2_R12_C02,NEW_ALNS_EXPANSION,M,CF2,0,CANONICAL_FALLBACK,True
CB1_CAUR_M_CF2_RI2_TI2_R12_C02__seed721203__it0000325,ts_dddbfc1656db61ad92f1,CB1_CAUR_M_CF2_RI2_TI2_R12_C02,NEW_ALNS_EXPANSION,M,CF2,0,PHASE6N_TOP4,False
CB1_CAUR_M_CF2_RI2_TI2_R12_C02__seed721203__it0000406,ts_4f81877708c813f650df,CB1_CAUR_M_CF2_RI2_TI2_R12_C02,NEW_ALNS_EXPANSION,M,CF2,0,CANONICAL_FALLBACK,True
CB1_CAUR_M_CF2_RI2_TI2_R12_C02__seed721203__it0000406,ts_5654dac73b36547c9b53,CB1_CAUR_M_CF2_RI2_TI2_R12_C02,NEW_ALNS_EXPANSION,M,CF2,0,PHASE6N_TOP4,False
CB1_CAUR_M_CF2_RI2_TI2_R12_C02__seed721203__it0000406,ts_8586a5c89ad1f1abc9a4,CB1_CAUR_M_CF2_RI2_TI2_R12_C02,NEW_ALNS_EXPANSION,M,CF2,0,PHASE6N_TOP4,False
CB1_CAUR_M_CF2_RI2_TI2_R12_C02__seed721203__it0000406,ts_e046577b8976035c42a8,CB1_CAUR_M_CF2_RI2_TI2_R12_C02,NEW_ALNS_EXPANSION,M,CF2,0,PHASE6N_TOP4,False
CB1_CAUR_M_CF2_RI2_TI2_R12_C02__seed721203__it0000406,ts_ec6d27452d67a4ae6761,CB1_CAUR_M_CF2_RI2_TI2_R12_C02,NEW_ALNS_EXPANSION,M,CF2,0,PHASE6N_TOP4,False
CB1_CAUR_M_CF2_RI2_TI2_R12_C02__seed721203__it0000480,ts_216c8e2259e7227612f5,CB1_CAUR_M_CF2_RI2_TI2_R12_C02,NEW_ALNS_EXPANSION,M,CF2,0,PHASE6N_TOP4,False
CB1_CAUR_M_CF2_RI2_TI2_R12_C02__seed721203__it0000480,ts_43b4c0b4cc9718937272,CB1_CAUR_M_CF2_RI2_TI2_R12_C02,NEW_ALNS_EXPANSION,M,CF2,0,PHASE6N_TOP4,False
CB1_CAUR_M_CF2_RI2_TI2_R12_C02__seed721203__it0000480,ts_b0a4a72074cfe7b2eac0,CB1_CAUR_M_CF2_RI2_TI2_R12_C02,NEW_ALNS_EXPANSION,M,CF2,0,PHASE6N_TOP4,False
CB1_CAUR_M_CF2_RI2_TI2_R12_C02__seed721203__it0000480,ts_eb238df58b70b4b7dc09,CB1_CAUR_M_CF2_RI2_TI2_R12_C02,NEW_ALNS_EXPANSION,M,CF2,0,CANONICAL_FALLBACK,True
CB1_CAUR_M_CF2_RI2_TI2_R12_C02__seed721203__it0000480,ts_ede935b3e25d9c39ff5c,CB1_CAUR_M_CF2_RI2_TI2_R12_C02,NEW_ALNS_EXPANSION,M,CF2,0,PHASE6N_TOP4,False
CB1_CAUR_M_CF2_RI2_TI2_R12_C02__seed721203__it0000537,ts_08863448af1bfb29eb50,CB1_CAUR_M_CF2_RI2_TI2_R12_C02,NEW_ALNS_EXPANSION,M,CF2,0,PHASE6N_TOP4,False
CB1_CAUR_M_CF2_RI2_TI2_R12_C02__seed721203__it0000537,ts_1c2c5eb64e2864b993e2,CB1_CAUR_M_CF2_RI2_TI2_R12_C02,NEW_ALNS_EXPANSION,M,CF2,0,PHASE6N_TOP4,False
CB1_CAUR_M_CF2_RI2_TI2_R12_C02__seed721203__it0000537,ts_8432242674fded898f0c,CB1_CAUR_M_CF2_RI2_TI2_R12_C02,NEW_ALNS_EXPANSION,M,CF2,0,PHASE6N_TOP4,False
CB1_CAUR_M_CF2_RI2_TI2_R12_C02__seed721203__it0000537,ts_afbd05b881579a4ac879,CB1_CAUR_M_CF2_RI2_TI2_R12_C02,NEW_ALNS_EXPANSION,M,CF2,0,PHASE6N_TOP4,False
CB1_CAUR_M_CF2_RI2_TI2_R12_C02__seed721203__it0000537,ts_b439792c0bb7d4f8da41,CB1_CAUR_M_CF2_RI2_TI2_R12_C02,NEW_ALNS_EXPANSION,M,CF2,0,CANONICAL_FALLBACK,True
CB1_CAUR_M_CF2_RI2_TI2_R12_C02__seed721204__it0000025,ts_1d55634cabb18f313bb2,CB1_CAUR_M_CF2_RI2_TI2_R12_C02,NEW_ALNS_EXPANSION,M,CF2,0,PHASE6N_TOP4,False
CB1_CAUR_M_CF2_RI2_TI2_R12_C02__seed721204__it0000025,ts_42cb3fb0713bb4b52993,CB1_CAUR_M_CF2_RI2_TI2_R12_C02,NEW_ALNS_EXPANSION,M,CF2,0,PHASE6N_TOP4,False
CB1_CAUR_M_CF2_RI2_TI2_R12_C02__seed721204__it0000025,ts_a9e68a128729c6037a9b,CB1_CAUR_M_CF2_RI2_TI2_R12_C02,NEW_ALNS_EXPANSION,M,CF2,0,CANONICAL_FALLBACK|PHASE6N_TOP4,True
CB1_CAUR_M_CF2_RI2_TI2_R12_C02__seed721204__it0000025,ts_f6bcfb7093b802b0cff7,CB1_CAUR_M_CF2_RI2_TI2_R12_C02,NEW_ALNS_EXPANSION,M,CF2,0,PHASE6N_TOP4,False
CB1_CAUR_M_CF2_RI2_TI2_R12_C02__seed721204__it0000098,ts_242baa5c8d3665525c8a,CB1_CAUR_M_CF2_RI2_TI2_R12_C02,NEW_ALNS_EXPANSION,M,CF2,0,PHASE6N_TOP4,False
CB1_CAUR_M_CF2_RI2_TI2_R12_C02__seed721204__it0000098,ts_3b8e504dbe9b0ec09fca,CB1_CAUR_M_CF2_RI2_TI2_R12_C02,NEW_ALNS_EXPANSION,M,CF2,0,PHASE6N_TOP4,False
CB1_CAUR_M_CF2_RI2_TI2_R12_C02__seed721204__it0000098,ts_6b928f2b11ee4add3146,CB1_CAUR_M_CF2_RI2_TI2_R12_C02,NEW_ALNS_EXPANSION,M,CF2,0,PHASE6N_TOP4,False
CB1_CAUR_M_CF2_RI2_TI2_R12_C02__seed721204__it0000098,ts_aa1fff0f5e384e7c6679,CB1_CAUR_M_CF2_RI2_TI2_R12_C02,NEW_ALNS_EXPANSION,M,CF2,0,PHASE6N_TOP4,False
CB1_CAUR_M_CF2_RI2_TI2_R12_C02__seed721204__it0000098,ts_ec4f4be1579f4128cdc7,CB1_CAUR_M_CF2_RI2_TI2_R12_C02,NEW_ALNS_EXPANSION,M,CF2,0,CANONICAL_FALLBACK,True
CB1_CAUR_M_CF2_RI2_TI2_R12_C02__seed721204__it0000177,ts_192f4e2f4b250e19d005,CB1_CAUR_M_CF2_RI2_TI2_R12_C02,NEW_ALNS_EXPANSION,M,CF2,0,CANONICAL_FALLBACK,True
CB1_CAUR_M_CF2_RI2_TI2_R12_C02__seed721204__it0000177,ts_2e1a2eea05741e2f0046,CB1_CAUR_M_CF2_RI2_TI2_R12_C02,NEW_ALNS_EXPANSION,M,CF2,0,PHASE6N_TOP4,False
CB1_CAUR_M_CF2_RI2_TI2_R12_C02__seed721204__it0000177,ts_9399e5752158609fc455,CB1_CAUR_M_CF2_RI2_TI2_R12_C02,NEW_ALNS_EXPANSION,M,CF2,0,PHASE6N_TOP4,False
CB1_CAUR_M_CF2_RI2_TI2_R12_C02__seed721204__it0000177,ts_a204046cd3b71a4fc4cf,CB1_CAUR_M_CF2_RI2_TI2_R12_C02,NEW_ALNS_EXPANSION,M,CF2,0,PHASE6N_TOP4,False
CB1_CAUR_M_CF2_RI2_TI2_R12_C02__seed721204__it0000177,ts_e35c8847785447119850,CB1_CAUR_M_CF2_RI2_TI2_R12_C02,NEW_ALNS_EXPANSION,M,CF2,0,PHASE6N_TOP4,False
CB1_CAUR_M_CF2_RI2_TI2_R12_C02__seed721204__it0000251,ts_3001359293d015e433f8,CB1_CAUR_M_CF2_RI2_TI2_R12_C02,NEW_ALNS_EXPANSION,M,CF2,0,PHASE6N_TOP4,False
CB1_CAUR_M_CF2_RI2_TI2_R12_C02__seed721204__it0000251,ts_7200a2f7e65346d169ad,CB1_CAUR_M_CF2_RI2_TI2_R12_C02,NEW_ALNS_EXPANSION,M,CF2,0,CANONICAL_FALLBACK|PHASE6N_TOP4,True
CB1_CAUR_M_CF2_RI2_TI2_R12_C02__seed721204__it0000251,ts_79d5336574a0ff4d68ef,CB1_CAUR_M_CF2_RI2_TI2_R12_C02,NEW_ALNS_EXPANSION,M,CF2,0,PHASE6N_TOP4,False
CB1_CAUR_M_CF2_RI2_TI2_R12_C02__seed721204__it0000251,ts_c278981084f030bef513,CB1_CAUR_M_CF2_RI2_TI2_R12_C02,NEW_ALNS_EXPANSION,M,CF2,0,PHASE6N_TOP4,False
CB1_CAUR_M_CF2_RI2_TI2_R12_C02__seed721204__it0000324,ts_1d10a0004bcb9725f291,CB1_CAUR_M_CF2_RI2_TI2_R12_C02,NEW_ALNS_EXPANSION,M,CF2,0,PHASE6N_TOP4,False
CB1_CAUR_M_CF2_RI2_TI2_R12_C02__seed721204__it0000324,ts_2620c38206473e5a014a,CB1_CAUR_M_CF2_RI2_TI2_R12_C02,NEW_ALNS_EXPANSION,M,CF2,0,PHASE6N_TOP4,False
CB1_CAUR_M_CF2_RI2_TI2_R12_C02__seed721204__it0000324,ts_33a3574ff7379184051f,CB1_CAUR_M_CF2_RI2_TI2_R12_C02,NEW_ALNS_EXPANSION,M,CF2,0,PHASE6N_TOP4,False
CB1_CAUR_M_CF2_RI2_TI2_R12_C02__seed721204__it0000324,ts_677304b541b5ba5e195c,CB1_CAUR_M_CF2_RI2_TI2_R12_C02,NEW_ALNS_EXPANSION,M,CF2,0,PHASE6N_TOP4,False
CB1_CAUR_M_CF2_RI2_TI2_R12_C02__seed721204__it0000324,ts_ec3736ae300f904faa61,CB1_CAUR_M_CF2_RI2_TI2_R12_C02,NEW_ALNS_EXPANSION,M,CF2,0,CANONICAL_FALLBACK,True
CB1_CAUR_M_CF2_RI2_TI2_R12_C02__seed721204__it0000404,ts_0a0a623026a71baf914d,CB1_CAUR_M_CF2_RI2_TI2_R12_C02,NEW_ALNS_EXPANSION,M,CF2,0,PHASE6N_TOP4,False
CB1_CAUR_M_CF2_RI2_TI2_R12_C02__seed721204__it0000404,ts_439489a1a50e5177f446,CB1_CAUR_M_CF2_RI2_TI2_R12_C02,NEW_ALNS_EXPANSION,M,CF2,0,PHASE6N_TOP4,False
CB1_CAUR_M_CF2_RI2_TI2_R12_C02__seed721204__it0000404,ts_685a8753005ea16f8eac,CB1_CAUR_M_CF2_RI2_TI2_R12_C02,NEW_ALNS_EXPANSION,M,CF2,0,PHASE6N_TOP4,False
CB1_CAUR_M_CF2_RI2_TI2_R12_C02__seed721204__it0000404,ts_9ce7c4e170d92a7e1855,CB1_CAUR_M_CF2_RI2_TI2_R12_C02,NEW_ALNS_EXPANSION,M,CF2,0,CANONICAL_FALLBACK,True
CB1_CAUR_M_CF2_RI2_TI2_R12_C02__seed721204__it0000404,ts_a6220e8792d98bd4ad2d,CB1_CAUR_M_CF2_RI2_TI2_R12_C02,NEW_ALNS_EXPANSION,M,CF2,0,PHASE6N_TOP4,False
CB1_CAUR_M_CF2_RI2_TI2_R12_C02__seed721204__it0000478,ts_159eff2ea7c9c2fdba8c,CB1_CAUR_M_CF2_RI2_TI2_R12_C02,NEW_ALNS_EXPANSION,M,CF2,0,PHASE6N_TOP4,False
CB1_CAUR_M_CF2_RI2_TI2_R12_C02__seed721204__it0000478,ts_355c90d547dd25bb2723,CB1_CAUR_M_CF2_RI2_TI2_R12_C02,NEW_ALNS_EXPANSION,M,CF2,0,PHASE6N_TOP4,False
CB1_CAUR_M_CF2_RI2_TI2_R12_C02__seed721204__it0000478,ts_377f65a077d8aa86a6c0,CB1_CAUR_M_CF2_RI2_TI2_R12_C02,NEW_ALNS_EXPANSION,M,CF2,0,PHASE6N_TOP4,False
CB1_CAUR_M_CF2_RI2_TI2_R12_C02__seed721204__it0000478,ts_88b95fc84814869aa2f3,CB1_CAUR_M_CF2_RI2_TI2_R12_C02,NEW_ALNS_EXPANSION,M,CF2,0,PHASE6N_TOP4,False
CB1_CAUR_M_CF2_RI2_TI2_R12_C02__seed721204__it0000478,ts_9308a67855fd276b05bd,CB1_CAUR_M_CF2_RI2_TI2_R12_C02,NEW_ALNS_EXPANSION,M,CF2,0,CANONICAL_FALLBACK,True
CB1_CAUR_M_CF2_RI2_TI2_R12_C02__seed721204__it0000535,ts_0880e8d6b9b304366cda,CB1_CAUR_M_CF2_RI2_TI2_R12_C02,NEW_ALNS_EXPANSION,M,CF2,0,PHASE6N_TOP4,False
CB1_CAUR_M_CF2_RI2_TI2_R12_C02__seed721204__it0000535,ts_50afd455d255c9bedf52,CB1_CAUR_M_CF2_RI2_TI2_R12_C02,NEW_ALNS_EXPANSION,M,CF2,0,PHASE6N_TOP4,False
CB1_CAUR_M_CF2_RI2_TI2_R12_C02__seed721204__it0000535,ts_b80155a47efdcc32a582,CB1_CAUR_M_CF2_RI2_TI2_R12_C02,NEW_ALNS_EXPANSION,M,CF2,0,PHASE6N_TOP4,False
CB1_CAUR_M_CF2_RI2_TI2_R12_C02__seed721204__it0000535,ts_e66933d35b0c96c76ce4,CB1_CAUR_M_CF2_RI2_TI2_R12_C02,NEW_ALNS_EXPANSION,M,CF2,0,CANONICAL_FALLBACK|PHASE6N_TOP4,True
CB1_CAUR_M_CF2_RI2_TI2_R12__seed691201__it0000015,ts_28926088d8d8fb25fc64,CB1_CAUR_M_CF2_RI2_TI2_R12,ORIGINAL_PHASE6J_CAUR,M,CF2,0,PHASE6N_TOP4,False
CB1_CAUR_M_CF2_RI2_TI2_R12__seed691201__it0000015,ts_4823c6b817b068d005c4,CB1_CAUR_M_CF2_RI2_TI2_R12,ORIGINAL_PHASE6J_CAUR,M,CF2,0,PHASE6L_TOP4,False
CB1_CAUR_M_CF2_RI2_TI2_R12__seed691201__it0000015,ts_5f06c3c802d9c8e15028,CB1_CAUR_M_CF2_RI2_TI2_R12,ORIGINAL_PHASE6J_CAUR,M,CF2,0,CANONICAL_FALLBACK|PHASE6N_TOP4,True
CB1_CAUR_M_CF2_RI2_TI2_R12__seed691201__it0000015,ts_6c4be079f62e486077f9,CB1_CAUR_M_CF2_RI2_TI2_R12,ORIGINAL_PHASE6J_CAUR,M,CF2,0,PHASE6L_TOP4,False
CB1_CAUR_M_CF2_RI2_TI2_R12__seed691201__it0000015,ts_70ca6c76a7428303d601,CB1_CAUR_M_CF2_RI2_TI2_R12,ORIGINAL_PHASE6J_CAUR,M,CF2,0,PHASE6L_TOP4,False
CB1_CAUR_M_CF2_RI2_TI2_R12__seed691201__it0000015,ts_8ce16d43a4bd768a6270,CB1_CAUR_M_CF2_RI2_TI2_R12,ORIGINAL_PHASE6J_CAUR,M,CF2,0,PHASE6L_TOP4,False
CB1_CAUR_M_CF2_RI2_TI2_R12__seed691201__it0000015,ts_92032747bb6eea125ab7,CB1_CAUR_M_CF2_RI2_TI2_R12,ORIGINAL_PHASE6J_CAUR,M,CF2,0,PHASE6N_TOP4,False
CB1_CAUR_M_CF2_RI2_TI2_R12__seed691201__it0000015,ts_b66772198838fe169f0b,CB1_CAUR_M_CF2_RI2_TI2_R12,ORIGINAL_PHASE6J_CAUR,M,CF2,0,PHASE6N_TOP4,False
CB1_CAUR_M_CF2_RI2_TI2_R12__seed691201__it0000056,ts_3e6db7237479dceee5c9,CB1_CAUR_M_CF2_RI2_TI2_R12,ORIGINAL_PHASE6J_CAUR,M,CF2,0,PHASE6N_TOP4,False
CB1_CAUR_M_CF2_RI2_TI2_R12__seed691201__it0000056,ts_61f12ba506d802422fe0,CB1_CAUR_M_CF2_RI2_TI2_R12,ORIGINAL_PHASE6J_CAUR,M,CF2,0,PHASE6N_TOP4,False
CB1_CAUR_M_CF2_RI2_TI2_R12__seed691201__it0000056,ts_7cac188ec8e564b47cb4,CB1_CAUR_M_CF2_RI2_TI2_R12,ORIGINAL_PHASE6J_CAUR,M,CF2,0,PHASE6N_TOP4,False
CB1_CAUR_M_CF2_RI2_TI2_R12__seed691201__it0000056,ts_82118fb1157d2b9d9831,CB1_CAUR_M_CF2_RI2_TI2_R12,ORIGINAL_PHASE6J_CAUR,M,CF2,0,PHASE6L_TOP4,False
CB1_CAUR_M_CF2_RI2_TI2_R12__seed691201__it0000056,ts_8e76628e508f248604c5,CB1_CAUR_M_CF2_RI2_TI2_R12,ORIGINAL_PHASE6J_CAUR,M,CF2,0,PHASE6L_TOP4,False
CB1_CAUR_M_CF2_RI2_TI2_R12__seed691201__it0000056,ts_b29818fdc76b7c263a6b,CB1_CAUR_M_CF2_RI2_TI2_R12,ORIGINAL_PHASE6J_CAUR,M,CF2,0,PHASE6L_TOP4,False
CB1_CAUR_M_CF2_RI2_TI2_R12__seed691201__it0000056,ts_da1994b2b8739875a6d8,CB1_CAUR_M_CF2_RI2_TI2_R12,ORIGINAL_PHASE6J_CAUR,M,CF2,0,PHASE6L_TOP4|PHASE6N_TOP4,False
CB1_CAUR_M_CF2_RI2_TI2_R12__seed691201__it0000056,ts_dd7c73ea3f3e4762d96f,CB1_CAUR_M_CF2_RI2_TI2_R12,ORIGINAL_PHASE6J_CAUR,M,CF2,0,CANONICAL_FALLBACK,True
CB1_CAUR_M_CF2_RI2_TI2_R12__seed691201__it0000101,ts_4386c27c1ddabf3c202d,CB1_CAUR_M_CF2_RI2_TI2_R12,ORIGINAL_PHASE6J_CAUR,M,CF2,0,PHASE6L_TOP4|PHASE6N_TOP4,False
CB1_CAUR_M_CF2_RI2_TI2_R12__seed691201__it0000101,ts_4c2571b838a5968a3f9c,CB1_CAUR_M_CF2_RI2_TI2_R12,ORIGINAL_PHASE6J_CAUR,M,CF2,0,PHASE6N_TOP4,False
CB1_CAUR_M_CF2_RI2_TI2_R12__seed691201__it0000101,ts_670cc71c9c86329c7409,CB1_CAUR_M_CF2_RI2_TI2_R12,ORIGINAL_PHASE6J_CAUR,M,CF2,0,PHASE6L_TOP4|PHASE6N_TOP4,False
CB1_CAUR_M_CF2_RI2_TI2_R12__seed691201__it0000101,ts_c6b1b97d4999ebc99c01,CB1_CAUR_M_CF2_RI2_TI2_R12,ORIGINAL_PHASE6J_CAUR,M,CF2,0,PHASE6N_TOP4,False
CB1_CAUR_M_CF2_RI2_TI2_R12__seed691201__it0000101,ts_c784b97c9d09dc587630,CB1_CAUR_M_CF2_RI2_TI2_R12,ORIGINAL_PHASE6J_CAUR,M,CF2,0,PHASE6L_TOP4,False
CB1_CAUR_M_CF2_RI2_TI2_R12__seed691201__it0000101,ts_e78c2bcb0e8bb0325380,CB1_CAUR_M_CF2_RI2_TI2_R12,ORIGINAL_PHASE6J_CAUR,M,CF2,0,CANONICAL_FALLBACK,True
CB1_CAUR_M_CF2_RI2_TI2_R12__seed691201__it0000101,ts_ef44a53b0dd7f5541b2d,CB1_CAUR_M_CF2_RI2_TI2_R12,ORIGINAL_PHASE6J_CAUR,M,CF2,0,PHASE6L_TOP4,False
CB1_CAUR_M_CF2_RI2_TI2_R12__seed691201__it0000142,ts_43dabcb65d71e93276f5,CB1_CAUR_M_CF2_RI2_TI2_R12,ORIGINAL_PHASE6J_CAUR,M,CF2,0,PHASE6N_TOP4,False
CB1_CAUR_M_CF2_RI2_TI2_R12__seed691201__it0000142,ts_a22736735004976da3ac,CB1_CAUR_M_CF2_RI2_TI2_R12,ORIGINAL_PHASE6J_CAUR,M,CF2,0,PHASE6L_TOP4,False
CB1_CAUR_M_CF2_RI2_TI2_R12__seed691201__it0000142,ts_b6cc350b34bb1db2371a,CB1_CAUR_M_CF2_RI2_TI2_R12,ORIGINAL_PHASE6J_CAUR,M,CF2,0,PHASE6L_TOP4,False
CB1_CAUR_M_CF2_RI2_TI2_R12__seed691201__it0000142,ts_bd608bf1bc383feba724,CB1_CAUR_M_CF2_RI2_TI2_R12,ORIGINAL_PHASE6J_CAUR,M,CF2,0,PHASE6L_TOP4,False
CB1_CAUR_M_CF2_RI2_TI2_R12__seed691201__it0000142,ts_dbfcd7fb45906e6db81e,CB1_CAUR_M_CF2_RI2_TI2_R12,ORIGINAL_PHASE6J_CAUR,M,CF2,0,PHASE6N_TOP4,False
CB1_CAUR_M_CF2_RI2_TI2_R12__seed691201__it0000142,ts_ee5d0341145eceb8feb5,CB1_CAUR_M_CF2_RI2_TI2_R12,ORIGINAL_PHASE6J_CAUR,M,CF2,0,PHASE6L_TOP4,False
CB1_CAUR_M_CF2_RI2_TI2_R12__seed691201__it0000142,ts_f05c170ba04b7d1eb33b,CB1_CAUR_M_CF2_RI2_TI2_R12,ORIGINAL_PHASE6J_CAUR,M,CF2,0,CANONICAL_FALLBACK,True
CB1_CAUR_M_CF2_RI2_TI2_R12__seed691201__it0000142,ts_f3e0a02f49f28eaeb994,CB1_CAUR_M_CF2_RI2_TI2_R12,ORIGINAL_PHASE6J_CAUR,M,CF2,0,PHASE6N_TOP4,False
CB1_CAUR_M_CF2_RI2_TI2_R12__seed691201__it0000142,ts_fc002c11013876ff175c,CB1_CAUR_M_CF2_RI2_TI2_R12,ORIGINAL_PHASE6J_CAUR,M,CF2,0,PHASE6N_TOP4,False
CB1_CAUR_M_CF2_RI2_TI2_R12__seed691201__it0000184,ts_193179e7e456769d59d8,CB1_CAUR_M_CF2_RI2_TI2_R12,ORIGINAL_PHASE6J_CAUR,M,CF2,0,PHASE6N_TOP4,False
CB1_CAUR_M_CF2_RI2_TI2_R12__seed691201__it0000184,ts_1a0e4d2ec427b09abf17,CB1_CAUR_M_CF2_RI2_TI2_R12,ORIGINAL_PHASE6J_CAUR,M,CF2,0,CANONICAL_FALLBACK,True
CB1_CAUR_M_CF2_RI2_TI2_R12__seed691201__it0000184,ts_88903051615796ab0fd4,CB1_CAUR_M_CF2_RI2_TI2_R12,ORIGINAL_PHASE6J_CAUR,M,CF2,0,PHASE6L_TOP4,False
CB1_CAUR_M_CF2_RI2_TI2_R12__seed691201__it0000184,ts_8f7087aca681e8c91235,CB1_CAUR_M_CF2_RI2_TI2_R12,ORIGINAL_PHASE6J_CAUR,M,CF2,0,PHASE6L_TOP4|PHASE6N_TOP4,False
CB1_CAUR_M_CF2_RI2_TI2_R12__seed691201__it0000184,ts_bce1b3e7c711e08d4e07,CB1_CAUR_M_CF2_RI2_TI2_R12,ORIGINAL_PHASE6J_CAUR,M,CF2,0,PHASE6L_TOP4,False
CB1_CAUR_M_CF2_RI2_TI2_R12__seed691201__it0000184,ts_c18b387cb554826f3478,CB1_CAUR_M_CF2_RI2_TI2_R12,ORIGINAL_PHASE6J_CAUR,M,CF2,0,PHASE6L_TOP4|PHASE6N_TOP4,False
CB1_CAUR_M_CF2_RI2_TI2_R12__seed691201__it0000184,ts_dc68bc639b54c0c6c28b,CB1_CAUR_M_CF2_RI2_TI2_R12,ORIGINAL_PHASE6J_CAUR,M,CF2,0,PHASE6N_TOP4,False
CB1_CAUR_M_CF2_RI2_TI2_R12__seed691201__it0000227,ts_059eaa16cf9c83d45d47,CB1_CAUR_M_CF2_RI2_TI2_R12,ORIGINAL_PHASE6J_CAUR,M,CF2,0,PHASE6L_TOP4|PHASE6N_TOP4,False
CB1_CAUR_M_CF2_RI2_TI2_R12__seed691201__it0000227,ts_1d6e1258bda1bb0ac534,CB1_CAUR_M_CF2_RI2_TI2_R12,ORIGINAL_PHASE6J_CAUR,M,CF2,0,PHASE6L_TOP4|PHASE6N_TOP4,False
CB1_CAUR_M_CF2_RI2_TI2_R12__seed691201__it0000227,ts_1e11c626eaf43965fcec,CB1_CAUR_M_CF2_RI2_TI2_R12,ORIGINAL_PHASE6J_CAUR,M,CF2,0,PHASE6N_TOP4,False
CB1_CAUR_M_CF2_RI2_TI2_R12__seed691201__it0000227,ts_7c201a1025719535f2aa,CB1_CAUR_M_CF2_RI2_TI2_R12,ORIGINAL_PHASE6J_CAUR,M,CF2,0,PHASE6L_TOP4,False
CB1_CAUR_M_CF2_RI2_TI2_R12__seed691201__it0000227,ts_b69afc512fcfc3be9d61,CB1_CAUR_M_CF2_RI2_TI2_R12,ORIGINAL_PHASE6J_CAUR,M,CF2,0,CANONICAL_FALLBACK,True
CB1_CAUR_M_CF2_RI2_TI2_R12__seed691201__it0000227,ts_bce87d8a347c68477c4c,CB1_CAUR_M_CF2_RI2_TI2_R12,ORIGINAL_PHASE6J_CAUR,M,CF2,0,PHASE6L_TOP4|PHASE6N_TOP4,False
CB1_CAUR_M_CF2_RI2_TI2_R12__seed691201__it0000268,ts_02285376fb92367e8dc1,CB1_CAUR_M_CF2_RI2_TI2_R12,ORIGINAL_PHASE6J_CAUR,M,CF2,0,PHASE6L_TOP4|PHASE6N_TOP4,False
CB1_CAUR_M_CF2_RI2_TI2_R12__seed691201__it0000268,ts_7d05750e3d4396fee6a7,CB1_CAUR_M_CF2_RI2_TI2_R12,ORIGINAL_PHASE6J_CAUR,M,CF2,0,PHASE6N_TOP4,False
CB1_CAUR_M_CF2_RI2_TI2_R12__seed691201__it0000268,ts_ae62fe749e52e168ec39,CB1_CAUR_M_CF2_RI2_TI2_R12,ORIGINAL_PHASE6J_CAUR,M,CF2,0,PHASE6L_TOP4|PHASE6N_TOP4,False
CB1_CAUR_M_CF2_RI2_TI2_R12__seed691201__it0000268,ts_c6927f1a05bda430d5e4,CB1_CAUR_M_CF2_RI2_TI2_R12,ORIGINAL_PHASE6J_CAUR,M,CF2,0,PHASE6L_TOP4|PHASE6N_TOP4,False
CB1_CAUR_M_CF2_RI2_TI2_R12__seed691201__it0000268,ts_ca5edeba86761624947a,CB1_CAUR_M_CF2_RI2_TI2_R12,ORIGINAL_PHASE6J_CAUR,M,CF2,0,PHASE6L_TOP4,False
CB1_CAUR_M_CF2_RI2_TI2_R12__seed691201__it0000268,ts_e7ea56d36675a67e3748,CB1_CAUR_M_CF2_RI2_TI2_R12,ORIGINAL_PHASE6J_CAUR,M,CF2,0,CANONICAL_FALLBACK,True
CB1_CAUR_M_CF2_RI2_TI2_R12__seed691201__it0000299,ts_2560214c573c8ee00323,CB1_CAUR_M_CF2_RI2_TI2_R12,ORIGINAL_PHASE6J_CAUR,M,CF2,0,PHASE6L_TOP4|PHASE6N_TOP4,False
CB1_CAUR_M_CF2_RI2_TI2_R12__seed691201__it0000299,ts_31561be7eda44b442209,CB1_CAUR_M_CF2_RI2_TI2_R12,ORIGINAL_PHASE6J_CAUR,M,CF2,0,PHASE6L_TOP4,False
CB1_CAUR_M_CF2_RI2_TI2_R12__seed691201__it0000299,ts_3dab65aa3295a7cd0156,CB1_CAUR_M_CF2_RI2_TI2_R12,ORIGINAL_PHASE6J_CAUR,M,CF2,0,PHASE6L_TOP4|PHASE6N_TOP4,False
CB1_CAUR_M_CF2_RI2_TI2_R12__seed691201__it0000299,ts_79b45fc62de9a11ceeb6,CB1_CAUR_M_CF2_RI2_TI2_R12,ORIGINAL_PHASE6J_CAUR,M,CF2,0,PHASE6N_TOP4,False
CB1_CAUR_M_CF2_RI2_TI2_R12__seed691201__it0000299,ts_c2cce4ac60ee43b4e29f,CB1_CAUR_M_CF2_RI2_TI2_R12,ORIGINAL_PHASE6J_CAUR,M,CF2,0,PHASE6L_TOP4|PHASE6N_TOP4,False
CB1_CAUR_M_CF2_RI2_TI2_R12__seed691201__it0000299,ts_cef9d23072d58dfb0967,CB1_CAUR_M_CF2_RI2_TI2_R12,ORIGINAL_PHASE6J_CAUR,M,CF2,0,CANONICAL_FALLBACK,True
CB1_CAUR_M_CF2_RI2_TI2_R12__seed691202__it0000014,ts_00e4bd31e21060c14a9f,CB1_CAUR_M_CF2_RI2_TI2_R12,ORIGINAL_PHASE6J_CAUR,M,CF2,0,CANONICAL_FALLBACK,True
CB1_CAUR_M_CF2_RI2_TI2_R12__seed691202__it0000014,ts_2305ab4c5875a6cb0202,CB1_CAUR_M_CF2_RI2_TI2_R12,ORIGINAL_PHASE6J_CAUR,M,CF2,0,PHASE6L_TOP4,False
CB1_CAUR_M_CF2_RI2_TI2_R12__seed691202__it0000014,ts_295e13cfce8b8275b774,CB1_CAUR_M_CF2_RI2_TI2_R12,ORIGINAL_PHASE6J_CAUR,M,CF2,0,PHASE6L_TOP4,False
CB1_CAUR_M_CF2_RI2_TI2_R12__seed691202__it0000014,ts_66d8e99555d7ec0c92a2,CB1_CAUR_M_CF2_RI2_TI2_R12,ORIGINAL_PHASE6J_CAUR,M,CF2,0,PHASE6N_TOP4,False
CB1_CAUR_M_CF2_RI2_TI2_R12__seed691202__it0000014,ts_6d5ab545390426176b4c,CB1_CAUR_M_CF2_RI2_TI2_R12,ORIGINAL_PHASE6J_CAUR,M,CF2,0,PHASE6L_TOP4|PHASE6N_TOP4,False
CB1_CAUR_M_CF2_RI2_TI2_R12__seed691202__it0000014,ts_c93a8ccc8f6e84183915,CB1_CAUR_M_CF2_RI2_TI2_R12,ORIGINAL_PHASE6J_CAUR,M,CF2,0,PHASE6L_TOP4|PHASE6N_TOP4,False
CB1_CAUR_M_CF2_RI2_TI2_R12__seed691202__it0000014,ts_d8c7d6df76926a7be56b,CB1_CAUR_M_CF2_RI2_TI2_R12,ORIGINAL_PHASE6J_CAUR,M,CF2,0,PHASE6N_TOP4,False
CB1_CAUR_M_CF2_RI2_TI2_R12__seed691202__it0000055,ts_4a3f0674536acc9c8fe9,CB1_CAUR_M_CF2_RI2_TI2_R12,ORIGINAL_PHASE6J_CAUR,M,CF2,0,PHASE6L_TOP4|PHASE6N_TOP4,False
CB1_CAUR_M_CF2_RI2_TI2_R12__seed691202__it0000055,ts_50284a71b10cf0a3b927,CB1_CAUR_M_CF2_RI2_TI2_R12,ORIGINAL_PHASE6J_CAUR,M,CF2,0,PHASE6N_TOP4,False
CB1_CAUR_M_CF2_RI2_TI2_R12__seed691202__it0000055,ts_531f4253999607310802,CB1_CAUR_M_CF2_RI2_TI2_R12,ORIGINAL_PHASE6J_CAUR,M,CF2,0,PHASE6L_TOP4,False
CB1_CAUR_M_CF2_RI2_TI2_R12__seed691202__it0000055,ts_8ea26506c74fff9dc24d,CB1_CAUR_M_CF2_RI2_TI2_R12,ORIGINAL_PHASE6J_CAUR,M,CF2,0,PHASE6L_TOP4,False
CB1_CAUR_M_CF2_RI2_TI2_R12__seed691202__it0000055,ts_9fa363466ce02dd55741,CB1_CAUR_M_CF2_RI2_TI2_R12,ORIGINAL_PHASE6J_CAUR,M,CF2,0,PHASE6L_TOP4|PHASE6N_TOP4,False
CB1_CAUR_M_CF2_RI2_TI2_R12__seed691202__it0000055,ts_f780b6b678643d2cc3a7,CB1_CAUR_M_CF2_RI2_TI2_R12,ORIGINAL_PHASE6J_CAUR,M,CF2,0,CANONICAL_FALLBACK,True
CB1_CAUR_M_CF2_RI2_TI2_R12__seed691202__it0000055,ts_f8e3db860f258db3702d,CB1_CAUR_M_CF2_RI2_TI2_R12,ORIGINAL_PHASE6J_CAUR,M,CF2,0,PHASE6N_TOP4,False
CB1_CAUR_M_CF2_RI2_TI2_R12__seed691202__it0000099,ts_049283303083e1c2616c,CB1_CAUR_M_CF2_RI2_TI2_R12,ORIGINAL_PHASE6J_CAUR,M,CF2,0,PHASE6L_TOP4,False
CB1_CAUR_M_CF2_RI2_TI2_R12__seed691202__it0000099,ts_37196330e75a564b798d,CB1_CAUR_M_CF2_RI2_TI2_R12,ORIGINAL_PHASE6J_CAUR,M,CF2,0,PHASE6N_TOP4,False
CB1_CAUR_M_CF2_RI2_TI2_R12__seed691202__it0000099,ts_44c095414b2fc8e9e393,CB1_CAUR_M_CF2_RI2_TI2_R12,ORIGINAL_PHASE6J_CAUR,M,CF2,0,PHASE6N_TOP4,False
CB1_CAUR_M_CF2_RI2_TI2_R12__seed691202__it0000099,ts_74eb5d4cd9b17257e88d,CB1_CAUR_M_CF2_RI2_TI2_R12,ORIGINAL_PHASE6J_CAUR,M,CF2,0,PHASE6N_TOP4,False
CB1_CAUR_M_CF2_RI2_TI2_R12__seed691202__it0000099,ts_84ad1f51ab2ee1e5d4e0,CB1_CAUR_M_CF2_RI2_TI2_R12,ORIGINAL_PHASE6J_CAUR,M,CF2,0,CANONICAL_FALLBACK,True
CB1_CAUR_M_CF2_RI2_TI2_R12__seed691202__it0000099,ts_86efea8ba72dc688c076,CB1_CAUR_M_CF2_RI2_TI2_R12,ORIGINAL_PHASE6J_CAUR,M,CF2,0,PHASE6N_TOP4,False
CB1_CAUR_M_CF2_RI2_TI2_R12__seed691202__it0000099,ts_971a32fa311c98345cdc,CB1_CAUR_M_CF2_RI2_TI2_R12,ORIGINAL_PHASE6J_CAUR,M,CF2,0,PHASE6L_TOP4,False
CB1_CAUR_M_CF2_RI2_TI2_R12__seed691202__it0000099,ts_c4781011dca90ce3518f,CB1_CAUR_M_CF2_RI2_TI2_R12,ORIGINAL_PHASE6J_CAUR,M,CF2,0,PHASE6L_TOP4,False
CB1_CAUR_M_CF2_RI2_TI2_R12__seed691202__it0000099,ts_ecbc3a78d5a9ae99f8f2,CB1_CAUR_M_CF2_RI2_TI2_R12,ORIGINAL_PHASE6J_CAUR,M,CF2,0,PHASE6L_TOP4,False
CB1_CAUR_M_CF2_RI2_TI2_R12__seed691202__it0000140,ts_13c42314c32891e5fa66,CB1_CAUR_M_CF2_RI2_TI2_R12,ORIGINAL_PHASE6J_CAUR,M,CF2,0,PHASE6L_TOP4|PHASE6N_TOP4,False
CB1_CAUR_M_CF2_RI2_TI2_R12__seed691202__it0000140,ts_54d17377e06a66c4f2f0,CB1_CAUR_M_CF2_RI2_TI2_R12,ORIGINAL_PHASE6J_CAUR,M,CF2,0,PHASE6L_TOP4|PHASE6N_TOP4,False
CB1_CAUR_M_CF2_RI2_TI2_R12__seed691202__it0000140,ts_a9bfe0003702e2e94419,CB1_CAUR_M_CF2_RI2_TI2_R12,ORIGINAL_PHASE6J_CAUR,M,CF2,0,PHASE6L_TOP4,False
CB1_CAUR_M_CF2_RI2_TI2_R12__seed691202__it0000140,ts_f2440bace7ead6cb1480,CB1_CAUR_M_CF2_RI2_TI2_R12,ORIGINAL_PHASE6J_CAUR,M,CF2,0,PHASE6N_TOP4,False
CB1_CAUR_M_CF2_RI2_TI2_R12__seed691202__it0000140,ts_f556e9455210ed459016,CB1_CAUR_M_CF2_RI2_TI2_R12,ORIGINAL_PHASE6J_CAUR,M,CF2,0,CANONICAL_FALLBACK|PHASE6L_TOP4|PHASE6N_TOP4,True
CB1_CAUR_M_CF2_RI2_TI2_R12__seed691202__it0000181,ts_2cc5281e9b376445dd96,CB1_CAUR_M_CF2_RI2_TI2_R12,ORIGINAL_PHASE6J_CAUR,M,CF2,0,PHASE6L_TOP4,False
CB1_CAUR_M_CF2_RI2_TI2_R12__seed691202__it0000181,ts_3e7145c9f6ea97675453,CB1_CAUR_M_CF2_RI2_TI2_R12,ORIGINAL_PHASE6J_CAUR,M,CF2,0,CANONICAL_FALLBACK,True
CB1_CAUR_M_CF2_RI2_TI2_R12__seed691202__it0000181,ts_62bacdafada3514c27a9,CB1_CAUR_M_CF2_RI2_TI2_R12,ORIGINAL_PHASE6J_CAUR,M,CF2,0,PHASE6L_TOP4,False
CB1_CAUR_M_CF2_RI2_TI2_R12__seed691202__it0000181,ts_a0ac67e7d53654431107,CB1_CAUR_M_CF2_RI2_TI2_R12,ORIGINAL_PHASE6J_CAUR,M,CF2,0,PHASE6N_TOP4,False
CB1_CAUR_M_CF2_RI2_TI2_R12__seed691202__it0000181,ts_b2b7d0c3026b6da7c3bd,CB1_CAUR_M_CF2_RI2_TI2_R12,ORIGINAL_PHASE6J_CAUR,M,CF2,0,PHASE6N_TOP4,False
CB1_CAUR_M_CF2_RI2_TI2_R12__seed691202__it0000181,ts_c962699be3552dd599c7,CB1_CAUR_M_CF2_RI2_TI2_R12,ORIGINAL_PHASE6J_CAUR,M,CF2,0,PHASE6L_TOP4,False
CB1_CAUR_M_CF2_RI2_TI2_R12__seed691202__it0000181,ts_d125d2b3d75cb8b20ff8,CB1_CAUR_M_CF2_RI2_TI2_R12,ORIGINAL_PHASE6J_CAUR,M,CF2,0,PHASE6N_TOP4,False
CB1_CAUR_M_CF2_RI2_TI2_R12__seed691202__it0000181,ts_e0651026564bd3b20705,CB1_CAUR_M_CF2_RI2_TI2_R12,ORIGINAL_PHASE6J_CAUR,M,CF2,0,PHASE6L_TOP4|PHASE6N_TOP4,False
CB1_CAUR_M_CF2_RI2_TI2_R12__seed691202__it0000225,ts_3192db53c3a1e02f30dc,CB1_CAUR_M_CF2_RI2_TI2_R12,ORIGINAL_PHASE6J_CAUR,M,CF2,0,PHASE6N_TOP4,False
CB1_CAUR_M_CF2_RI2_TI2_R12__seed691202__it0000225,ts_608ad3adfbd68aa79fe7,CB1_CAUR_M_CF2_RI2_TI2_R12,ORIGINAL_PHASE6J_CAUR,M,CF2,0,PHASE6L_TOP4|PHASE6N_TOP4,False
CB1_CAUR_M_CF2_RI2_TI2_R12__seed691202__it0000225,ts_72fb5de66ec1c7839b9a,CB1_CAUR_M_CF2_RI2_TI2_R12,ORIGINAL_PHASE6J_CAUR,M,CF2,0,CANONICAL_FALLBACK,True
CB1_CAUR_M_CF2_RI2_TI2_R12__seed691202__it0000225,ts_8e0ccf55a937870d9ea2,CB1_CAUR_M_CF2_RI2_TI2_R12,ORIGINAL_PHASE6J_CAUR,M,CF2,0,PHASE6L_TOP4,False
CB1_CAUR_M_CF2_RI2_TI2_R12__seed691202__it0000225,ts_a2dc6c46b66fb32342c7,CB1_CAUR_M_CF2_RI2_TI2_R12,ORIGINAL_PHASE6J_CAUR,M,CF2,0,PHASE6N_TOP4,False
CB1_CAUR_M_CF2_RI2_TI2_R12__seed691202__it0000225,ts_a5b8932f16ad739450f2,CB1_CAUR_M_CF2_RI2_TI2_R12,ORIGINAL_PHASE6J_CAUR,M,CF2,0,PHASE6L_TOP4,False
CB1_CAUR_M_CF2_RI2_TI2_R12__seed691202__it0000225,ts_cd5c970a0f87f86c8ecb,CB1_CAUR_M_CF2_RI2_TI2_R12,ORIGINAL_PHASE6J_CAUR,M,CF2,0,PHASE6N_TOP4,False
CB1_CAUR_M_CF2_RI2_TI2_R12__seed691202__it0000225,ts_ec8c3ca1139c36ee6d12,CB1_CAUR_M_CF2_RI2_TI2_R12,ORIGINAL_PHASE6J_CAUR,M,CF2,0,PHASE6L_TOP4,False
CB1_CAUR_M_CF2_RI2_TI2_R12__seed691202__it0000266,ts_07253d6e04af447580d1,CB1_CAUR_M_CF2_RI2_TI2_R12,ORIGINAL_PHASE6J_CAUR,M,CF2,0,PHASE6N_TOP4,False
CB1_CAUR_M_CF2_RI2_TI2_R12__seed691202__it0000266,ts_078c9526079f2caf5ad7,CB1_CAUR_M_CF2_RI2_TI2_R12,ORIGINAL_PHASE6J_CAUR,M,CF2,0,PHASE6L_TOP4,False
CB1_CAUR_M_CF2_RI2_TI2_R12__seed691202__it0000266,ts_07c9bfc25ac8ba2e0ea5,CB1_CAUR_M_CF2_RI2_TI2_R12,ORIGINAL_PHASE6J_CAUR,M,CF2,0,PHASE6L_TOP4,False
CB1_CAUR_M_CF2_RI2_TI2_R12__seed691202__it0000266,ts_198d6953d20e9e0a3016,CB1_CAUR_M_CF2_RI2_TI2_R12,ORIGINAL_PHASE6J_CAUR,M,CF2,0,PHASE6L_TOP4|PHASE6N_TOP4,False
CB1_CAUR_M_CF2_RI2_TI2_R12__seed691202__it0000266,ts_94362976b29fe8e24a37,CB1_CAUR_M_CF2_RI2_TI2_R12,ORIGINAL_PHASE6J_CAUR,M,CF2,0,PHASE6L_TOP4,False
CB1_CAUR_M_CF2_RI2_TI2_R12__seed691202__it0000266,ts_a82aa010eea9e7d07f8b,CB1_CAUR_M_CF2_RI2_TI2_R12,ORIGINAL_PHASE6J_CAUR,M,CF2,0,PHASE6N_TOP4,False
CB1_CAUR_M_CF2_RI2_TI2_R12__seed691202__it0000266,ts_b6463e814ff99ce61213,CB1_CAUR_M_CF2_RI2_TI2_R12,ORIGINAL_PHASE6J_CAUR,M,CF2,0,PHASE6N_TOP4,False
CB1_CAUR_M_CF2_RI2_TI2_R12__seed691202__it0000266,ts_cb89cd448076c59adc00,CB1_CAUR_M_CF2_RI2_TI2_R12,ORIGINAL_PHASE6J_CAUR,M,CF2,0,CANONICAL_FALLBACK,True
CB1_CAUR_M_CF2_RI2_TI2_R12__seed691202__it0000297,ts_206888a1e62f7d449d17,CB1_CAUR_M_CF2_RI2_TI2_R12,ORIGINAL_PHASE6J_CAUR,M,CF2,0,PHASE6L_TOP4,False
CB1_CAUR_M_CF2_RI2_TI2_R12__seed691202__it0000297,ts_3285cf9a9d9151ed1fc5,CB1_CAUR_M_CF2_RI2_TI2_R12,ORIGINAL_PHASE6J_CAUR,M,CF2,0,PHASE6L_TOP4|PHASE6N_TOP4,False
CB1_CAUR_M_CF2_RI2_TI2_R12__seed691202__it0000297,ts_668375029f19b9c8fa56,CB1_CAUR_M_CF2_RI2_TI2_R12,ORIGINAL_PHASE6J_CAUR,M,CF2,0,PHASE6N_TOP4,False
CB1_CAUR_M_CF2_RI2_TI2_R12__seed691202__it0000297,ts_9ad56ce022293c1ed447,CB1_CAUR_M_CF2_RI2_TI2_R12,ORIGINAL_PHASE6J_CAUR,M,CF2,0,PHASE6L_TOP4,False
CB1_CAUR_M_CF2_RI2_TI2_R12__seed691202__it0000297,ts_9e0b1d0a6c9f7d688fac,CB1_CAUR_M_CF2_RI2_TI2_R12,ORIGINAL_PHASE6J_CAUR,M,CF2,0,PHASE6N_TOP4,False
CB1_CAUR_M_CF2_RI2_TI2_R12__seed691202__it0000297,ts_dccee31a9cacdf0b22da,CB1_CAUR_M_CF2_RI2_TI2_R12,ORIGINAL_PHASE6J_CAUR,M,CF2,0,PHASE6L_TOP4|PHASE6N_TOP4,False
CB1_CAUR_M_CF2_RI2_TI2_R12__seed691202__it0000297,ts_e3818e36cf60847a13af,CB1_CAUR_M_CF2_RI2_TI2_R12,ORIGINAL_PHASE6J_CAUR,M,CF2,0,CANONICAL_FALLBACK,True
CB1_CAUR_M_CF2_RI2_TI2_R12__seed721201__it0000025,ts_0ddd00cf6927ed60788a,CB1_CAUR_M_CF2_RI2_TI2_R12,NEW_ALNS_EXPANSION,M,CF2,0,PHASE6N_TOP4,False
CB1_CAUR_M_CF2_RI2_TI2_R12__seed721201__it0000025,ts_82b2386bb2a2a23be43a,CB1_CAUR_M_CF2_RI2_TI2_R12,NEW_ALNS_EXPANSION,M,CF2,0,PHASE6N_TOP4,False
CB1_CAUR_M_CF2_RI2_TI2_R12__seed721201__it0000025,ts_97ad5c828dc666553006,CB1_CAUR_M_CF2_RI2_TI2_R12,NEW_ALNS_EXPANSION,M,CF2,0,PHASE6N_TOP4,False
CB1_CAUR_M_CF2_RI2_TI2_R12__seed721201__it0000025,ts_bc31c1183eec47423502,CB1_CAUR_M_CF2_RI2_TI2_R12,NEW_ALNS_EXPANSION,M,CF2,0,PHASE6N_TOP4,False
CB1_CAUR_M_CF2_RI2_TI2_R12__seed721201__it0000025,ts_ff7650447eed64d3aaab,CB1_CAUR_M_CF2_RI2_TI2_R12,NEW_ALNS_EXPANSION,M,CF2,0,CANONICAL_FALLBACK,True
CB1_CAUR_M_CF2_RI2_TI2_R12__seed721201__it0000100,ts_5741991afa39f5f367f3,CB1_CAUR_M_CF2_RI2_TI2_R12,NEW_ALNS_EXPANSION,M,CF2,0,PHASE6N_TOP4,False
CB1_CAUR_M_CF2_RI2_TI2_R12__seed721201__it0000100,ts_73b4c2b9d4b8518d0834,CB1_CAUR_M_CF2_RI2_TI2_R12,NEW_ALNS_EXPANSION,M,CF2,0,PHASE6N_TOP4,False
CB1_CAUR_M_CF2_RI2_TI2_R12__seed721201__it0000100,ts_786e78144b11f3b59611,CB1_CAUR_M_CF2_RI2_TI2_R12,NEW_ALNS_EXPANSION,M,CF2,0,PHASE6N_TOP4,False
CB1_CAUR_M_CF2_RI2_TI2_R12__seed721201__it0000100,ts_da2c5f7db7484954d73d,CB1_CAUR_M_CF2_RI2_TI2_R12,NEW_ALNS_EXPANSION,M,CF2,0,PHASE6N_TOP4,False
CB1_CAUR_M_CF2_RI2_TI2_R12__seed721201__it0000100,ts_ef476343782173bf0b6c,CB1_CAUR_M_CF2_RI2_TI2_R12,NEW_ALNS_EXPANSION,M,CF2,0,CANONICAL_FALLBACK,True
CB1_CAUR_M_CF2_RI2_TI2_R12__seed721201__it0000181,ts_58c2071f4b51a635ec9e,CB1_CAUR_M_CF2_RI2_TI2_R12,NEW_ALNS_EXPANSION,M,CF2,0,PHASE6N_TOP4,False
CB1_CAUR_M_CF2_RI2_TI2_R12__seed721201__it0000181,ts_5d34e451b4c98e7421df,CB1_CAUR_M_CF2_RI2_TI2_R12,NEW_ALNS_EXPANSION,M,CF2,0,PHASE6N_TOP4,False
CB1_CAUR_M_CF2_RI2_TI2_R12__seed721201__it0000181,ts_5e4fce0c9906f81502e3,CB1_CAUR_M_CF2_RI2_TI2_R12,NEW_ALNS_EXPANSION,M,CF2,0,CANONICAL_FALLBACK,True
CB1_CAUR_M_CF2_RI2_TI2_R12__seed721201__it0000181,ts_77d9a6e656bb98b8ebd3,CB1_CAUR_M_CF2_RI2_TI2_R12,NEW_ALNS_EXPANSION,M,CF2,0,PHASE6N_TOP4,False
CB1_CAUR_M_CF2_RI2_TI2_R12__seed721201__it0000181,ts_ad0d75b224daf3968ccc,CB1_CAUR_M_CF2_RI2_TI2_R12,NEW_ALNS_EXPANSION,M,CF2,0,PHASE6N_TOP4,False
CB1_CAUR_M_CF2_RI2_TI2_R12__seed721201__it0000255,ts_5d423c7ffe2d67695899,CB1_CAUR_M_CF2_RI2_TI2_R12,NEW_ALNS_EXPANSION,M,CF2,0,PHASE6N_TOP4,False
CB1_CAUR_M_CF2_RI2_TI2_R12__seed721201__it0000255,ts_7436851706d012df2ca6,CB1_CAUR_M_CF2_RI2_TI2_R12,NEW_ALNS_EXPANSION,M,CF2,0,PHASE6N_TOP4,False
CB1_CAUR_M_CF2_RI2_TI2_R12__seed721201__it0000255,ts_b279f9e2cbe0b8162eb0,CB1_CAUR_M_CF2_RI2_TI2_R12,NEW_ALNS_EXPANSION,M,CF2,0,PHASE6N_TOP4,False
CB1_CAUR_M_CF2_RI2_TI2_R12__seed721201__it0000255,ts_d574fe6185606341ac5f,CB1_CAUR_M_CF2_RI2_TI2_R12,NEW_ALNS_EXPANSION,M,CF2,0,CANONICAL_FALLBACK,True
CB1_CAUR_M_CF2_RI2_TI2_R12__seed721201__it0000255,ts_ed5a743bd1a7d14c1858,CB1_CAUR_M_CF2_RI2_TI2_R12,NEW_ALNS_EXPANSION,M,CF2,0,PHASE6N_TOP4,False
CB1_CAUR_M_CF2_RI2_TI2_R12__seed721201__it0000329,ts_013c73785b3803ea1fe2,CB1_CAUR_M_CF2_RI2_TI2_R12,NEW_ALNS_EXPANSION,M,CF2,0,CANONICAL_FALLBACK|PHASE6N_TOP4,True
CB1_CAUR_M_CF2_RI2_TI2_R12__seed721201__it0000329,ts_31fbe97930e7220edc0d,CB1_CAUR_M_CF2_RI2_TI2_R12,NEW_ALNS_EXPANSION,M,CF2,0,PHASE6N_TOP4,False
CB1_CAUR_M_CF2_RI2_TI2_R12__seed721201__it0000329,ts_b7fb471c176f5bb4c47c,CB1_CAUR_M_CF2_RI2_TI2_R12,NEW_ALNS_EXPANSION,M,CF2,0,PHASE6N_TOP4,False
CB1_CAUR_M_CF2_RI2_TI2_R12__seed721201__it0000329,ts_f8e8c2d8fdcc1eb75572,CB1_CAUR_M_CF2_RI2_TI2_R12,NEW_ALNS_EXPANSION,M,CF2,0,PHASE6N_TOP4,False
CB1_CAUR_M_CF2_RI2_TI2_R12__seed721201__it0000406,ts_3754ba66b087bc4c3df6,CB1_CAUR_M_CF2_RI2_TI2_R12,NEW_ALNS_EXPANSION,M,CF2,0,PHASE6N_TOP4,False
CB1_CAUR_M_CF2_RI2_TI2_R12__seed721201__it0000406,ts_4fd578bf2f6abf7b9c5b,CB1_CAUR_M_CF2_RI2_TI2_R12,NEW_ALNS_EXPANSION,M,CF2,0,CANONICAL_FALLBACK|PHASE6N_TOP4,True
CB1_CAUR_M_CF2_RI2_TI2_R12__seed721201__it0000406,ts_9f6df0dbbf8cd9c8d05a,CB1_CAUR_M_CF2_RI2_TI2_R12,NEW_ALNS_EXPANSION,M,CF2,0,PHASE6N_TOP4,False
CB1_CAUR_M_CF2_RI2_TI2_R12__seed721201__it0000406,ts_d6989fa922a5d585da41,CB1_CAUR_M_CF2_RI2_TI2_R12,NEW_ALNS_EXPANSION,M,CF2,0,PHASE6N_TOP4,False
CB1_CAUR_M_CF2_RI2_TI2_R12__seed721201__it0000480,ts_1bfface4fe5901ac8492,CB1_CAUR_M_CF2_RI2_TI2_R12,NEW_ALNS_EXPANSION,M,CF2,0,PHASE6N_TOP4,False
CB1_CAUR_M_CF2_RI2_TI2_R12__seed721201__it0000480,ts_1d338c80ddea716870a9,CB1_CAUR_M_CF2_RI2_TI2_R12,NEW_ALNS_EXPANSION,M,CF2,0,PHASE6N_TOP4,False
CB1_CAUR_M_CF2_RI2_TI2_R12__seed721201__it0000480,ts_33439d73ee428bcd6d98,CB1_CAUR_M_CF2_RI2_TI2_R12,NEW_ALNS_EXPANSION,M,CF2,0,PHASE6N_TOP4,False
CB1_CAUR_M_CF2_RI2_TI2_R12__seed721201__it0000480,ts_40ed39fee0ba336463f3,CB1_CAUR_M_CF2_RI2_TI2_R12,NEW_ALNS_EXPANSION,M,CF2,0,CANONICAL_FALLBACK,True
CB1_CAUR_M_CF2_RI2_TI2_R12__seed721201__it0000480,ts_86b52687bd53952e73ad,CB1_CAUR_M_CF2_RI2_TI2_R12,NEW_ALNS_EXPANSION,M,CF2,0,PHASE6N_TOP4,False
CB1_CAUR_M_CF2_RI2_TI2_R12__seed721201__it0000538,ts_75cbc6700cc17470b40e,CB1_CAUR_M_CF2_RI2_TI2_R12,NEW_ALNS_EXPANSION,M,CF2,0,PHASE6N_TOP4,False
CB1_CAUR_M_CF2_RI2_TI2_R12__seed721201__it0000538,ts_88e0ca7bd14feea134f2,CB1_CAUR_M_CF2_RI2_TI2_R12,NEW_ALNS_EXPANSION,M,CF2,0,PHASE6N_TOP4,False
CB1_CAUR_M_CF2_RI2_TI2_R12__seed721201__it0000538,ts_b3c013b1e3b2b5e3dffa,CB1_CAUR_M_CF2_RI2_TI2_R12,NEW_ALNS_EXPANSION,M,CF2,0,CANONICAL_FALLBACK,True
CB1_CAUR_M_CF2_RI2_TI2_R12__seed721201__it0000538,ts_b511774455b1ae5f423f,CB1_CAUR_M_CF2_RI2_TI2_R12,NEW_ALNS_EXPANSION,M,CF2,0,PHASE6N_TOP4,False
CB1_CAUR_M_CF2_RI2_TI2_R12__seed721201__it0000538,ts_bc8f3f857ee01f8399a3,CB1_CAUR_M_CF2_RI2_TI2_R12,NEW_ALNS_EXPANSION,M,CF2,0,PHASE6N_TOP4,False
CB1_CAUR_M_CF2_RI2_TI2_R12__seed721202__it0000025,ts_05196ec07af0bf99c242,CB1_CAUR_M_CF2_RI2_TI2_R12,NEW_ALNS_EXPANSION,M,CF2,0,CANONICAL_FALLBACK,True
CB1_CAUR_M_CF2_RI2_TI2_R12__seed721202__it0000025,ts_13e30c43febea8ca418d,CB1_CAUR_M_CF2_RI2_TI2_R12,NEW_ALNS_EXPANSION,M,CF2,0,PHASE6N_TOP4,False
CB1_CAUR_M_CF2_RI2_TI2_R12__seed721202__it0000025,ts_35eeaa0e58dccd135966,CB1_CAUR_M_CF2_RI2_TI2_R12,NEW_ALNS_EXPANSION,M,CF2,0,PHASE6N_TOP4,False
CB1_CAUR_M_CF2_RI2_TI2_R12__seed721202__it0000025,ts_7d708c7d2b0b759eb28f,CB1_CAUR_M_CF2_RI2_TI2_R12,NEW_ALNS_EXPANSION,M,CF2,0,PHASE6N_TOP4,False
CB1_CAUR_M_CF2_RI2_TI2_R12__seed721202__it0000025,ts_ca659c653bd08d260553,CB1_CAUR_M_CF2_RI2_TI2_R12,NEW_ALNS_EXPANSION,M,CF2,0,PHASE6N_TOP4,False
CB1_CAUR_M_CF2_RI2_TI2_R12__seed721202__it0000101,ts_6610502f8cbac49596fc,CB1_CAUR_M_CF2_RI2_TI2_R12,NEW_ALNS_EXPANSION,M,CF2,0,PHASE6N_TOP4,False
CB1_CAUR_M_CF2_RI2_TI2_R12__seed721202__it0000101,ts_69427770832823636cb2,CB1_CAUR_M_CF2_RI2_TI2_R12,NEW_ALNS_EXPANSION,M,CF2,0,CANONICAL_FALLBACK,True
CB1_CAUR_M_CF2_RI2_TI2_R12__seed721202__it0000101,ts_8056ff10d9f2959e6732,CB1_CAUR_M_CF2_RI2_TI2_R12,NEW_ALNS_EXPANSION,M,CF2,0,PHASE6N_TOP4,False
CB1_CAUR_M_CF2_RI2_TI2_R12__seed721202__it0000101,ts_a5af8114e4a9d1545f64,CB1_CAUR_M_CF2_RI2_TI2_R12,NEW_ALNS_EXPANSION,M,CF2,0,PHASE6N_TOP4,False
CB1_CAUR_M_CF2_RI2_TI2_R12__seed721202__it0000101,ts_bb44c92e501177d40bb4,CB1_CAUR_M_CF2_RI2_TI2_R12,NEW_ALNS_EXPANSION,M,CF2,0,PHASE6N_TOP4,False
CB1_CAUR_M_CF2_RI2_TI2_R12__seed721202__it0000181,ts_319708c6e98fa955aaa4,CB1_CAUR_M_CF2_RI2_TI2_R12,NEW_ALNS_EXPANSION,M,CF2,0,PHASE6N_TOP4,False
CB1_CAUR_M_CF2_RI2_TI2_R12__seed721202__it0000181,ts_7d23e5f33ca7cda7b85c,CB1_CAUR_M_CF2_RI2_TI2_R12,NEW_ALNS_EXPANSION,M,CF2,0,CANONICAL_FALLBACK,True
CB1_CAUR_M_CF2_RI2_TI2_R12__seed721202__it0000181,ts_94fa48e8b61da39d7d01,CB1_CAUR_M_CF2_RI2_TI2_R12,NEW_ALNS_EXPANSION,M,CF2,0,PHASE6N_TOP4,False
CB1_CAUR_M_CF2_RI2_TI2_R12__seed721202__it0000181,ts_b8bf63afa311dbd22b76,CB1_CAUR_M_CF2_RI2_TI2_R12,NEW_ALNS_EXPANSION,M,CF2,0,PHASE6N_TOP4,False
CB1_CAUR_M_CF2_RI2_TI2_R12__seed721202__it0000181,ts_e800014a6152d3fff10a,CB1_CAUR_M_CF2_RI2_TI2_R12,NEW_ALNS_EXPANSION,M,CF2,0,PHASE6N_TOP4,False
CB1_CAUR_M_CF2_RI2_TI2_R12__seed721202__it0000256,ts_41e9bbe279ca46c0fe28,CB1_CAUR_M_CF2_RI2_TI2_R12,NEW_ALNS_EXPANSION,M,CF2,0,PHASE6N_TOP4,False
CB1_CAUR_M_CF2_RI2_TI2_R12__seed721202__it0000256,ts_88097dcf9f8ec9c95c66,CB1_CAUR_M_CF2_RI2_TI2_R12,NEW_ALNS_EXPANSION,M,CF2,0,PHASE6N_TOP4,False
CB1_CAUR_M_CF2_RI2_TI2_R12__seed721202__it0000256,ts_8ae18b6900cc3dd35f1a,CB1_CAUR_M_CF2_RI2_TI2_R12,NEW_ALNS_EXPANSION,M,CF2,0,PHASE6N_TOP4,False
CB1_CAUR_M_CF2_RI2_TI2_R12__seed721202__it0000256,ts_dcc085d176a4b1d523d9,CB1_CAUR_M_CF2_RI2_TI2_R12,NEW_ALNS_EXPANSION,M,CF2,0,PHASE6N_TOP4,False
CB1_CAUR_M_CF2_RI2_TI2_R12__seed721202__it0000256,ts_eecdbe30741cf79056d3,CB1_CAUR_M_CF2_RI2_TI2_R12,NEW_ALNS_EXPANSION,M,CF2,0,CANONICAL_FALLBACK,True
CB1_CAUR_M_CF2_RI2_TI2_R12__seed721202__it0000330,ts_0c3ae9ad60c5c6d8a3e1,CB1_CAUR_M_CF2_RI2_TI2_R12,NEW_ALNS_EXPANSION,M,CF2,0,PHASE6N_TOP4,False
CB1_CAUR_M_CF2_RI2_TI2_R12__seed721202__it0000330,ts_3989cd21b0bbdd8cfb52,CB1_CAUR_M_CF2_RI2_TI2_R12,NEW_ALNS_EXPANSION,M,CF2,0,PHASE6N_TOP4,False
CB1_CAUR_M_CF2_RI2_TI2_R12__seed721202__it0000330,ts_5814e34346b77e9793b4,CB1_CAUR_M_CF2_RI2_TI2_R12,NEW_ALNS_EXPANSION,M,CF2,0,PHASE6N_TOP4,False
CB1_CAUR_M_CF2_RI2_TI2_R12__seed721202__it0000330,ts_5f4267cfd9acf65da805,CB1_CAUR_M_CF2_RI2_TI2_R12,NEW_ALNS_EXPANSION,M,CF2,0,PHASE6N_TOP4,False
CB1_CAUR_M_CF2_RI2_TI2_R12__seed721202__it0000330,ts_a420d4d3ccea22ff28c0,CB1_CAUR_M_CF2_RI2_TI2_R12,NEW_ALNS_EXPANSION,M,CF2,0,CANONICAL_FALLBACK,True
CB1_CAUR_M_CF2_RI2_TI2_R12__seed721202__it0000410,ts_0cc89993f1111662cbd0,CB1_CAUR_M_CF2_RI2_TI2_R12,NEW_ALNS_EXPANSION,M,CF2,0,PHASE6N_TOP4,False
CB1_CAUR_M_CF2_RI2_TI2_R12__seed721202__it0000410,ts_4b9d6d5acd1235c0989d,CB1_CAUR_M_CF2_RI2_TI2_R12,NEW_ALNS_EXPANSION,M,CF2,0,PHASE6N_TOP4,False
CB1_CAUR_M_CF2_RI2_TI2_R12__seed721202__it0000410,ts_6ac046804c178d021342,CB1_CAUR_M_CF2_RI2_TI2_R12,NEW_ALNS_EXPANSION,M,CF2,0,CANONICAL_FALLBACK,True
CB1_CAUR_M_CF2_RI2_TI2_R12__seed721202__it0000410,ts_83018863ef5f8bc526e5,CB1_CAUR_M_CF2_RI2_TI2_R12,NEW_ALNS_EXPANSION,M,CF2,0,PHASE6N_TOP4,False
CB1_CAUR_M_CF2_RI2_TI2_R12__seed721202__it0000410,ts_a316ec0fa5bb4abb3023,CB1_CAUR_M_CF2_RI2_TI2_R12,NEW_ALNS_EXPANSION,M,CF2,0,PHASE6N_TOP4,False
CB1_CAUR_M_CF2_RI2_TI2_R12__seed721202__it0000485,ts_3a61b3cbf60b1552c490,CB1_CAUR_M_CF2_RI2_TI2_R12,NEW_ALNS_EXPANSION,M,CF2,0,PHASE6N_TOP4,False
CB1_CAUR_M_CF2_RI2_TI2_R12__seed721202__it0000485,ts_6b6f5009f2bea5576fdd,CB1_CAUR_M_CF2_RI2_TI2_R12,NEW_ALNS_EXPANSION,M,CF2,0,PHASE6N_TOP4,False
CB1_CAUR_M_CF2_RI2_TI2_R12__seed721202__it0000485,ts_a3561bbd84099a6de50c,CB1_CAUR_M_CF2_RI2_TI2_R12,NEW_ALNS_EXPANSION,M,CF2,0,PHASE6N_TOP4,False
CB1_CAUR_M_CF2_RI2_TI2_R12__seed721202__it0000485,ts_b3df2103a967352bc1ec,CB1_CAUR_M_CF2_RI2_TI2_R12,NEW_ALNS_EXPANSION,M,CF2,0,CANONICAL_FALLBACK|PHASE6N_TOP4,True
CB1_CAUR_M_CF2_RI2_TI2_R12__seed721202__it0000543,ts_2d4a26202a44b5194f2f,CB1_CAUR_M_CF2_RI2_TI2_R12,NEW_ALNS_EXPANSION,M,CF2,0,PHASE6N_TOP4,False
CB1_CAUR_M_CF2_RI2_TI2_R12__seed721202__it0000543,ts_580ae631547986d7b1c6,CB1_CAUR_M_CF2_RI2_TI2_R12,NEW_ALNS_EXPANSION,M,CF2,0,PHASE6N_TOP4,False
CB1_CAUR_M_CF2_RI2_TI2_R12__seed721202__it0000543,ts_5b12e088edecff96fc41,CB1_CAUR_M_CF2_RI2_TI2_R12,NEW_ALNS_EXPANSION,M,CF2,0,CANONICAL_FALLBACK,True
CB1_CAUR_M_CF2_RI2_TI2_R12__seed721202__it0000543,ts_764fd8ca9a350eb5c762,CB1_CAUR_M_CF2_RI2_TI2_R12,NEW_ALNS_EXPANSION,M,CF2,0,PHASE6N_TOP4,False
CB1_CAUR_M_CF2_RI2_TI2_R12__seed721202__it0000543,ts_9977092cd2bed42194a4,CB1_CAUR_M_CF2_RI2_TI2_R12,NEW_ALNS_EXPANSION,M,CF2,0,PHASE6N_TOP4,False
CB1_CAUR_M_CF2_RI2_TI2_R12__seed721203__it0000025,ts_5aed5e7944ef72cf11fb,CB1_CAUR_M_CF2_RI2_TI2_R12,NEW_ALNS_EXPANSION,M,CF2,0,PHASE6N_TOP4,False
CB1_CAUR_M_CF2_RI2_TI2_R12__seed721203__it0000025,ts_6300ec6fdc5fc93cd7a1,CB1_CAUR_M_CF2_RI2_TI2_R12,NEW_ALNS_EXPANSION,M,CF2,0,PHASE6N_TOP4,False
CB1_CAUR_M_CF2_RI2_TI2_R12__seed721203__it0000025,ts_64ccc6ede6c18d295f34,CB1_CAUR_M_CF2_RI2_TI2_R12,NEW_ALNS_EXPANSION,M,CF2,0,CANONICAL_FALLBACK,True
CB1_CAUR_M_CF2_RI2_TI2_R12__seed721203__it0000025,ts_9e115a7915ad027aacf1,CB1_CAUR_M_CF2_RI2_TI2_R12,NEW_ALNS_EXPANSION,M,CF2,0,PHASE6N_TOP4,False
CB1_CAUR_M_CF2_RI2_TI2_R12__seed721203__it0000025,ts_c6ad19ad4523a1913044,CB1_CAUR_M_CF2_RI2_TI2_R12,NEW_ALNS_EXPANSION,M,CF2,0,PHASE6N_TOP4,False
CB1_CAUR_M_CF2_RI2_TI2_R12__seed721203__it0000100,ts_1a0505cc896147496cec,CB1_CAUR_M_CF2_RI2_TI2_R12,NEW_ALNS_EXPANSION,M,CF2,0,PHASE6N_TOP4,False
CB1_CAUR_M_CF2_RI2_TI2_R12__seed721203__it0000100,ts_6d2098aaf9a5a51c3870,CB1_CAUR_M_CF2_RI2_TI2_R12,NEW_ALNS_EXPANSION,M,CF2,0,PHASE6N_TOP4,False
CB1_CAUR_M_CF2_RI2_TI2_R12__seed721203__it0000100,ts_9c2baf04d3af6cefcf67,CB1_CAUR_M_CF2_RI2_TI2_R12,NEW_ALNS_EXPANSION,M,CF2,0,PHASE6N_TOP4,False
CB1_CAUR_M_CF2_RI2_TI2_R12__seed721203__it0000100,ts_a9084d666052d2e2e9e3,CB1_CAUR_M_CF2_RI2_TI2_R12,NEW_ALNS_EXPANSION,M,CF2,0,CANONICAL_FALLBACK,True
CB1_CAUR_M_CF2_RI2_TI2_R12__seed721203__it0000100,ts_e33c77e662c0cab59eea,CB1_CAUR_M_CF2_RI2_TI2_R12,NEW_ALNS_EXPANSION,M,CF2,0,PHASE6N_TOP4,False
CB1_CAUR_M_CF2_RI2_TI2_R12__seed721203__it0000181,ts_1135ade9755ad9291acd,CB1_CAUR_M_CF2_RI2_TI2_R12,NEW_ALNS_EXPANSION,M,CF2,0,PHASE6N_TOP4,False
CB1_CAUR_M_CF2_RI2_TI2_R12__seed721203__it0000181,ts_226988f84e6a453596c3,CB1_CAUR_M_CF2_RI2_TI2_R12,NEW_ALNS_EXPANSION,M,CF2,0,PHASE6N_TOP4,False
CB1_CAUR_M_CF2_RI2_TI2_R12__seed721203__it0000181,ts_34725aabfbe82fb847b6,CB1_CAUR_M_CF2_RI2_TI2_R12,NEW_ALNS_EXPANSION,M,CF2,0,PHASE6N_TOP4,False
CB1_CAUR_M_CF2_RI2_TI2_R12__seed721203__it0000181,ts_9e6fd1014e773eaa96ae,CB1_CAUR_M_CF2_RI2_TI2_R12,NEW_ALNS_EXPANSION,M,CF2,0,CANONICAL_FALLBACK,True
CB1_CAUR_M_CF2_RI2_TI2_R12__seed721203__it0000181,ts_e3b83c8a974d29d08199,CB1_CAUR_M_CF2_RI2_TI2_R12,NEW_ALNS_EXPANSION,M,CF2,0,PHASE6N_TOP4,False
CB1_CAUR_M_CF2_RI2_TI2_R12__seed721203__it0000255,ts_5fcd68b5db1d9aa9fc85,CB1_CAUR_M_CF2_RI2_TI2_R12,NEW_ALNS_EXPANSION,M,CF2,0,PHASE6N_TOP4,False
CB1_CAUR_M_CF2_RI2_TI2_R12__seed721203__it0000255,ts_beb65dd156706f84cfa9,CB1_CAUR_M_CF2_RI2_TI2_R12,NEW_ALNS_EXPANSION,M,CF2,0,CANONICAL_FALLBACK|PHASE6N_TOP4,True
CB1_CAUR_M_CF2_RI2_TI2_R12__seed721203__it0000255,ts_c995919655f5c344c52d,CB1_CAUR_M_CF2_RI2_TI2_R12,NEW_ALNS_EXPANSION,M,CF2,0,PHASE6N_TOP4,False
CB1_CAUR_M_CF2_RI2_TI2_R12__seed721203__it0000255,ts_e1f56d00c9a666b44783,CB1_CAUR_M_CF2_RI2_TI2_R12,NEW_ALNS_EXPANSION,M,CF2,0,PHASE6N_TOP4,False
CB1_CAUR_M_CF2_RI2_TI2_R12__seed721203__it0000328,ts_00e7878e2a1d1ddef8b5,CB1_CAUR_M_CF2_RI2_TI2_R12,NEW_ALNS_EXPANSION,M,CF2,0,PHASE6N_TOP4,False
CB1_CAUR_M_CF2_RI2_TI2_R12__seed721203__it0000328,ts_37d5038bf8e7d332f105,CB1_CAUR_M_CF2_RI2_TI2_R12,NEW_ALNS_EXPANSION,M,CF2,0,CANONICAL_FALLBACK,True
CB1_CAUR_M_CF2_RI2_TI2_R12__seed721203__it0000328,ts_a9c7cdfc4220f6752dd8,CB1_CAUR_M_CF2_RI2_TI2_R12,NEW_ALNS_EXPANSION,M,CF2,0,PHASE6N_TOP4,False
CB1_CAUR_M_CF2_RI2_TI2_R12__seed721203__it0000328,ts_ae417b66907bd9e408df,CB1_CAUR_M_CF2_RI2_TI2_R12,NEW_ALNS_EXPANSION,M,CF2,0,PHASE6N_TOP4,False
CB1_CAUR_M_CF2_RI2_TI2_R12__seed721203__it0000328,ts_ec8551d92b083f980d6c,CB1_CAUR_M_CF2_RI2_TI2_R12,NEW_ALNS_EXPANSION,M,CF2,0,PHASE6N_TOP4,False
CB1_CAUR_M_CF2_RI2_TI2_R12__seed721203__it0000408,ts_11c3cc7128fcc03af098,CB1_CAUR_M_CF2_RI2_TI2_R12,NEW_ALNS_EXPANSION,M,CF2,0,PHASE6N_TOP4,False
CB1_CAUR_M_CF2_RI2_TI2_R12__seed721203__it0000408,ts_1ca5cc0b85e621f65ad8,CB1_CAUR_M_CF2_RI2_TI2_R12,NEW_ALNS_EXPANSION,M,CF2,0,CANONICAL_FALLBACK,True
CB1_CAUR_M_CF2_RI2_TI2_R12__seed721203__it0000408,ts_4219c67ced2cba051004,CB1_CAUR_M_CF2_RI2_TI2_R12,NEW_ALNS_EXPANSION,M,CF2,0,PHASE6N_TOP4,False
CB1_CAUR_M_CF2_RI2_TI2_R12__seed721203__it0000408,ts_52ed9b02dcdb4ae22920,CB1_CAUR_M_CF2_RI2_TI2_R12,NEW_ALNS_EXPANSION,M,CF2,0,PHASE6N_TOP4,False
CB1_CAUR_M_CF2_RI2_TI2_R12__seed721203__it0000408,ts_d2ddc2f4584040d982d9,CB1_CAUR_M_CF2_RI2_TI2_R12,NEW_ALNS_EXPANSION,M,CF2,0,PHASE6N_TOP4,False
CB1_CAUR_M_CF2_RI2_TI2_R12__seed721203__it0000483,ts_2183b408df9d4f2e7b46,CB1_CAUR_M_CF2_RI2_TI2_R12,NEW_ALNS_EXPANSION,M,CF2,0,PHASE6N_TOP4,False
CB1_CAUR_M_CF2_RI2_TI2_R12__seed721203__it0000483,ts_389ecfb48a55e89ee817,CB1_CAUR_M_CF2_RI2_TI2_R12,NEW_ALNS_EXPANSION,M,CF2,0,PHASE6N_TOP4,False
CB1_CAUR_M_CF2_RI2_TI2_R12__seed721203__it0000483,ts_7c30bb061b84c8e467b6,CB1_CAUR_M_CF2_RI2_TI2_R12,NEW_ALNS_EXPANSION,M,CF2,0,CANONICAL_FALLBACK,True
CB1_CAUR_M_CF2_RI2_TI2_R12__seed721203__it0000483,ts_c4e96c145421b612a81b,CB1_CAUR_M_CF2_RI2_TI2_R12,NEW_ALNS_EXPANSION,M,CF2,0,PHASE6N_TOP4,False
CB1_CAUR_M_CF2_RI2_TI2_R12__seed721203__it0000483,ts_f921ee9c05787ab2ea30,CB1_CAUR_M_CF2_RI2_TI2_R12,NEW_ALNS_EXPANSION,M,CF2,0,PHASE6N_TOP4,False
CB1_CAUR_M_CF2_RI2_TI2_R12__seed721203__it0000542,ts_7911d990b5b343c31719,CB1_CAUR_M_CF2_RI2_TI2_R12,NEW_ALNS_EXPANSION,M,CF2,0,PHASE6N_TOP4,False
CB1_CAUR_M_CF2_RI2_TI2_R12__seed721203__it0000542,ts_7b76d5bf3007307962fc,CB1_CAUR_M_CF2_RI2_TI2_R12,NEW_ALNS_EXPANSION,M,CF2,0,CANONICAL_FALLBACK,True
CB1_CAUR_M_CF2_RI2_TI2_R12__seed721203__it0000542,ts_a1092bc59ee385eee1b5,CB1_CAUR_M_CF2_RI2_TI2_R12,NEW_ALNS_EXPANSION,M,CF2,0,PHASE6N_TOP4,False
CB1_CAUR_M_CF2_RI2_TI2_R12__seed721203__it0000542,ts_c4166d1562deb8a11638,CB1_CAUR_M_CF2_RI2_TI2_R12,NEW_ALNS_EXPANSION,M,CF2,0,PHASE6N_TOP4,False
CB1_CAUR_M_CF2_RI2_TI2_R12__seed721203__it0000542,ts_e1b8a154ab246e46ee30,CB1_CAUR_M_CF2_RI2_TI2_R12,NEW_ALNS_EXPANSION,M,CF2,0,PHASE6N_TOP4,False
CB1_CAUR_M_CF2_RI2_TI2_R12__seed721204__it0000026,ts_0eb078bd34598ad0cafc,CB1_CAUR_M_CF2_RI2_TI2_R12,NEW_ALNS_EXPANSION,M,CF2,0,PHASE6N_TOP4,False
CB1_CAUR_M_CF2_RI2_TI2_R12__seed721204__it0000026,ts_1a27ef68dbe51f53cdef,CB1_CAUR_M_CF2_RI2_TI2_R12,NEW_ALNS_EXPANSION,M,CF2,0,PHASE6N_TOP4,False
CB1_CAUR_M_CF2_RI2_TI2_R12__seed721204__it0000026,ts_81dc00c860dea985ab40,CB1_CAUR_M_CF2_RI2_TI2_R12,NEW_ALNS_EXPANSION,M,CF2,0,PHASE6N_TOP4,False
CB1_CAUR_M_CF2_RI2_TI2_R12__seed721204__it0000026,ts_85488f26b0d39e8ef6ad,CB1_CAUR_M_CF2_RI2_TI2_R12,NEW_ALNS_EXPANSION,M,CF2,0,PHASE6N_TOP4,False
CB1_CAUR_M_CF2_RI2_TI2_R12__seed721204__it0000026,ts_c888d30e27f577ce2958,CB1_CAUR_M_CF2_RI2_TI2_R12,NEW_ALNS_EXPANSION,M,CF2,0,CANONICAL_FALLBACK,True
CB1_CAUR_M_CF2_RI2_TI2_R12__seed721204__it0000100,ts_1687b5e1ca083b5a2bb6,CB1_CAUR_M_CF2_RI2_TI2_R12,NEW_ALNS_EXPANSION,M,CF2,0,CANONICAL_FALLBACK,True
CB1_CAUR_M_CF2_RI2_TI2_R12__seed721204__it0000100,ts_207a09baf58f7028ec40,CB1_CAUR_M_CF2_RI2_TI2_R12,NEW_ALNS_EXPANSION,M,CF2,0,PHASE6N_TOP4,False
CB1_CAUR_M_CF2_RI2_TI2_R12__seed721204__it0000100,ts_e10bd402948cfc3cfa5b,CB1_CAUR_M_CF2_RI2_TI2_R12,NEW_ALNS_EXPANSION,M,CF2,0,PHASE6N_TOP4,False
CB1_CAUR_M_CF2_RI2_TI2_R12__seed721204__it0000100,ts_eea07b40e87cd70cca9d,CB1_CAUR_M_CF2_RI2_TI2_R12,NEW_ALNS_EXPANSION,M,CF2,0,PHASE6N_TOP4,False
CB1_CAUR_M_CF2_RI2_TI2_R12__seed721204__it0000100,ts_fb1ac27a14c02320a029,CB1_CAUR_M_CF2_RI2_TI2_R12,NEW_ALNS_EXPANSION,M,CF2,0,PHASE6N_TOP4,False
CB1_CAUR_M_CF2_RI2_TI2_R12__seed721204__it0000182,ts_2bbe851b83897f9c0569,CB1_CAUR_M_CF2_RI2_TI2_R12,NEW_ALNS_EXPANSION,M,CF2,0,PHASE6N_TOP4,False
CB1_CAUR_M_CF2_RI2_TI2_R12__seed721204__it0000182,ts_48d7a558ba452bb39c49,CB1_CAUR_M_CF2_RI2_TI2_R12,NEW_ALNS_EXPANSION,M,CF2,0,PHASE6N_TOP4,False
CB1_CAUR_M_CF2_RI2_TI2_R12__seed721204__it0000182,ts_4fffd856c5e087d7ae41,CB1_CAUR_M_CF2_RI2_TI2_R12,NEW_ALNS_EXPANSION,M,CF2,0,CANONICAL_FALLBACK|PHASE6N_TOP4,True
CB1_CAUR_M_CF2_RI2_TI2_R12__seed721204__it0000182,ts_718880fd5082f2fd3bd2,CB1_CAUR_M_CF2_RI2_TI2_R12,NEW_ALNS_EXPANSION,M,CF2,0,PHASE6N_TOP4,False
CB1_CAUR_M_CF2_RI2_TI2_R12__seed721204__it0000257,ts_0ce23f1f2862455011d0,CB1_CAUR_M_CF2_RI2_TI2_R12,NEW_ALNS_EXPANSION,M,CF2,0,PHASE6N_TOP4,False
CB1_CAUR_M_CF2_RI2_TI2_R12__seed721204__it0000257,ts_5c6ee77f5ee3c57282a9,CB1_CAUR_M_CF2_RI2_TI2_R12,NEW_ALNS_EXPANSION,M,CF2,0,PHASE6N_TOP4,False
CB1_CAUR_M_CF2_RI2_TI2_R12__seed721204__it0000257,ts_89199b11a0e56795baea,CB1_CAUR_M_CF2_RI2_TI2_R12,NEW_ALNS_EXPANSION,M,CF2,0,CANONICAL_FALLBACK|PHASE6N_TOP4,True
CB1_CAUR_M_CF2_RI2_TI2_R12__seed721204__it0000257,ts_98e56f5a240beae83f02,CB1_CAUR_M_CF2_RI2_TI2_R12,NEW_ALNS_EXPANSION,M,CF2,0,PHASE6N_TOP4,False
CB1_CAUR_M_CF2_RI2_TI2_R12__seed721204__it0000332,ts_0b3ca5ad83e25189a002,CB1_CAUR_M_CF2_RI2_TI2_R12,NEW_ALNS_EXPANSION,M,CF2,0,CANONICAL_FALLBACK,True
CB1_CAUR_M_CF2_RI2_TI2_R12__seed721204__it0000332,ts_29ab3faf6ab4c7ceb42f,CB1_CAUR_M_CF2_RI2_TI2_R12,NEW_ALNS_EXPANSION,M,CF2,0,PHASE6N_TOP4,False
CB1_CAUR_M_CF2_RI2_TI2_R12__seed721204__it0000332,ts_457a2d801c20ee25968f,CB1_CAUR_M_CF2_RI2_TI2_R12,NEW_ALNS_EXPANSION,M,CF2,0,PHASE6N_TOP4,False
CB1_CAUR_M_CF2_RI2_TI2_R12__seed721204__it0000332,ts_a18eb6e8ebb892dad55a,CB1_CAUR_M_CF2_RI2_TI2_R12,NEW_ALNS_EXPANSION,M,CF2,0,PHASE6N_TOP4,False
CB1_CAUR_M_CF2_RI2_TI2_R12__seed721204__it0000332,ts_c097732ad83f5508b3c8,CB1_CAUR_M_CF2_RI2_TI2_R12,NEW_ALNS_EXPANSION,M,CF2,0,PHASE6N_TOP4,False
CB1_CAUR_M_CF2_RI2_TI2_R12__seed721204__it0000412,ts_08989ce417d2176673a1,CB1_CAUR_M_CF2_RI2_TI2_R12,NEW_ALNS_EXPANSION,M,CF2,0,PHASE6N_TOP4,False
CB1_CAUR_M_CF2_RI2_TI2_R12__seed721204__it0000412,ts_1392ddf4f778597c4f07,CB1_CAUR_M_CF2_RI2_TI2_R12,NEW_ALNS_EXPANSION,M,CF2,0,PHASE6N_TOP4,False
CB1_CAUR_M_CF2_RI2_TI2_R12__seed721204__it0000412,ts_21f31958d2d542a8ff01,CB1_CAUR_M_CF2_RI2_TI2_R12,NEW_ALNS_EXPANSION,M,CF2,0,PHASE6N_TOP4,False
CB1_CAUR_M_CF2_RI2_TI2_R12__seed721204__it0000412,ts_3a8ff9a2912c5d868806,CB1_CAUR_M_CF2_RI2_TI2_R12,NEW_ALNS_EXPANSION,M,CF2,0,CANONICAL_FALLBACK,True
CB1_CAUR_M_CF2_RI2_TI2_R12__seed721204__it0000412,ts_b310a01f4c29b965e455,CB1_CAUR_M_CF2_RI2_TI2_R12,NEW_ALNS_EXPANSION,M,CF2,0,PHASE6N_TOP4,False
CB1_CAUR_M_CF2_RI2_TI2_R12__seed721204__it0000487,ts_0f9c74a22f77b8da149e,CB1_CAUR_M_CF2_RI2_TI2_R12,NEW_ALNS_EXPANSION,M,CF2,0,PHASE6N_TOP4,False
CB1_CAUR_M_CF2_RI2_TI2_R12__seed721204__it0000487,ts_1b003651858b7090da13,CB1_CAUR_M_CF2_RI2_TI2_R12,NEW_ALNS_EXPANSION,M,CF2,0,CANONICAL_FALLBACK,True
CB1_CAUR_M_CF2_RI2_TI2_R12__seed721204__it0000487,ts_c6b2216182638597672f,CB1_CAUR_M_CF2_RI2_TI2_R12,NEW_ALNS_EXPANSION,M,CF2,0,PHASE6N_TOP4,False
CB1_CAUR_M_CF2_RI2_TI2_R12__seed721204__it0000487,ts_d81cdb1fe226a17074bf,CB1_CAUR_M_CF2_RI2_TI2_R12,NEW_ALNS_EXPANSION,M,CF2,0,PHASE6N_TOP4,False
CB1_CAUR_M_CF2_RI2_TI2_R12__seed721204__it0000487,ts_f232c51e504bcba28dc1,CB1_CAUR_M_CF2_RI2_TI2_R12,NEW_ALNS_EXPANSION,M,CF2,0,PHASE6N_TOP4,False
CB1_CAUR_M_CF2_RI2_TI2_R12__seed721204__it0000543,ts_249a2385b487cb3ab365,CB1_CAUR_M_CF2_RI2_TI2_R12,NEW_ALNS_EXPANSION,M,CF2,0,PHASE6N_TOP4,False
CB1_CAUR_M_CF2_RI2_TI2_R12__seed721204__it0000543,ts_60c92482d245b63a4996,CB1_CAUR_M_CF2_RI2_TI2_R12,NEW_ALNS_EXPANSION,M,CF2,0,PHASE6N_TOP4,False
CB1_CAUR_M_CF2_RI2_TI2_R12__seed721204__it0000543,ts_84be89cef6d14017d5b1,CB1_CAUR_M_CF2_RI2_TI2_R12,NEW_ALNS_EXPANSION,M,CF2,0,CANONICAL_FALLBACK,True
CB1_CAUR_M_CF2_RI2_TI2_R12__seed721204__it0000543,ts_b2d03e704e3e70aad08f,CB1_CAUR_M_CF2_RI2_TI2_R12,NEW_ALNS_EXPANSION,M,CF2,0,PHASE6N_TOP4,False
CB1_CAUR_M_CF2_RI2_TI2_R12__seed721204__it0000543,ts_ee3ffe2debe477fe63ca,CB1_CAUR_M_CF2_RI2_TI2_R12,NEW_ALNS_EXPANSION,M,CF2,0,PHASE6N_TOP4,False
CB1_CAUR_M_CF3_RI2_TI2_R12_C02__seed691201__it0000013,ts_290c77eff64f266153b2,CB1_CAUR_M_CF3_RI2_TI2_R12_C02,ORIGINAL_PHASE6J_CAUR,M,CF3,1,PHASE6N_TOP4,False
CB1_CAUR_M_CF3_RI2_TI2_R12_C02__seed691201__it0000013,ts_30e6ce0e4698ef97a369,CB1_CAUR_M_CF3_RI2_TI2_R12_C02,ORIGINAL_PHASE6J_CAUR,M,CF3,1,PHASE6N_TOP4,False
CB1_CAUR_M_CF3_RI2_TI2_R12_C02__seed691201__it0000013,ts_42858a3fdd588ce239ac,CB1_CAUR_M_CF3_RI2_TI2_R12_C02,ORIGINAL_PHASE6J_CAUR,M,CF3,1,PHASE6L_TOP4,False
CB1_CAUR_M_CF3_RI2_TI2_R12_C02__seed691201__it0000013,ts_6a12e98aedbacf3d51c7,CB1_CAUR_M_CF3_RI2_TI2_R12_C02,ORIGINAL_PHASE6J_CAUR,M,CF3,1,PHASE6L_TOP4,False
CB1_CAUR_M_CF3_RI2_TI2_R12_C02__seed691201__it0000013,ts_7ed0b613f345b27dd244,CB1_CAUR_M_CF3_RI2_TI2_R12_C02,ORIGINAL_PHASE6J_CAUR,M,CF3,1,PHASE6N_TOP4,False
CB1_CAUR_M_CF3_RI2_TI2_R12_C02__seed691201__it0000013,ts_d016c01e0c6a590f73af,CB1_CAUR_M_CF3_RI2_TI2_R12_C02,ORIGINAL_PHASE6J_CAUR,M,CF3,1,PHASE6L_TOP4,False
CB1_CAUR_M_CF3_RI2_TI2_R12_C02__seed691201__it0000013,ts_de43f4507a2b9a9d70d9,CB1_CAUR_M_CF3_RI2_TI2_R12_C02,ORIGINAL_PHASE6J_CAUR,M,CF3,1,CANONICAL_FALLBACK,True
CB1_CAUR_M_CF3_RI2_TI2_R12_C02__seed691201__it0000013,ts_f9735db07f820ea3defa,CB1_CAUR_M_CF3_RI2_TI2_R12_C02,ORIGINAL_PHASE6J_CAUR,M,CF3,1,PHASE6L_TOP4|PHASE6N_TOP4,False
CB1_CAUR_M_CF3_RI2_TI2_R12_C02__seed691201__it0000054,ts_01e8029d566451652fb0,CB1_CAUR_M_CF3_RI2_TI2_R12_C02,ORIGINAL_PHASE6J_CAUR,M,CF3,1,CANONICAL_FALLBACK,True
CB1_CAUR_M_CF3_RI2_TI2_R12_C02__seed691201__it0000054,ts_24e55a15a1af238807cb,CB1_CAUR_M_CF3_RI2_TI2_R12_C02,ORIGINAL_PHASE6J_CAUR,M,CF3,1,PHASE6N_TOP4,False
CB1_CAUR_M_CF3_RI2_TI2_R12_C02__seed691201__it0000054,ts_7eb909926d7d9fd52e37,CB1_CAUR_M_CF3_RI2_TI2_R12_C02,ORIGINAL_PHASE6J_CAUR,M,CF3,1,PHASE6L_TOP4|PHASE6N_TOP4,False
CB1_CAUR_M_CF3_RI2_TI2_R12_C02__seed691201__it0000054,ts_93175defdfecd8da7b2e,CB1_CAUR_M_CF3_RI2_TI2_R12_C02,ORIGINAL_PHASE6J_CAUR,M,CF3,1,PHASE6L_TOP4|PHASE6N_TOP4,False
CB1_CAUR_M_CF3_RI2_TI2_R12_C02__seed691201__it0000054,ts_9702ed4a8769199f3fa2,CB1_CAUR_M_CF3_RI2_TI2_R12_C02,ORIGINAL_PHASE6J_CAUR,M,CF3,1,PHASE6L_TOP4,False
CB1_CAUR_M_CF3_RI2_TI2_R12_C02__seed691201__it0000054,ts_dd489c12755113d71da4,CB1_CAUR_M_CF3_RI2_TI2_R12_C02,ORIGINAL_PHASE6J_CAUR,M,CF3,1,PHASE6L_TOP4|PHASE6N_TOP4,False
CB1_CAUR_M_CF3_RI2_TI2_R12_C02__seed691201__it0000098,ts_0b3c56ad47c630fbca8d,CB1_CAUR_M_CF3_RI2_TI2_R12_C02,ORIGINAL_PHASE6J_CAUR,M,CF3,1,PHASE6L_TOP4,False
CB1_CAUR_M_CF3_RI2_TI2_R12_C02__seed691201__it0000098,ts_437fba840fe8ba62839d,CB1_CAUR_M_CF3_RI2_TI2_R12_C02,ORIGINAL_PHASE6J_CAUR,M,CF3,1,PHASE6L_TOP4,False
CB1_CAUR_M_CF3_RI2_TI2_R12_C02__seed691201__it0000098,ts_6e99f642dee0deb5de0f,CB1_CAUR_M_CF3_RI2_TI2_R12_C02,ORIGINAL_PHASE6J_CAUR,M,CF3,1,PHASE6N_TOP4,False
CB1_CAUR_M_CF3_RI2_TI2_R12_C02__seed691201__it0000098,ts_86220a667a60ecae300c,CB1_CAUR_M_CF3_RI2_TI2_R12_C02,ORIGINAL_PHASE6J_CAUR,M,CF3,1,PHASE6L_TOP4,False
CB1_CAUR_M_CF3_RI2_TI2_R12_C02__seed691201__it0000098,ts_9c2a2ee231ef055e95a7,CB1_CAUR_M_CF3_RI2_TI2_R12_C02,ORIGINAL_PHASE6J_CAUR,M,CF3,1,PHASE6N_TOP4,False
CB1_CAUR_M_CF3_RI2_TI2_R12_C02__seed691201__it0000098,ts_a2c43efd6e1e4d40ac33,CB1_CAUR_M_CF3_RI2_TI2_R12_C02,ORIGINAL_PHASE6J_CAUR,M,CF3,1,CANONICAL_FALLBACK,True
CB1_CAUR_M_CF3_RI2_TI2_R12_C02__seed691201__it0000098,ts_a8d0302732c9fa2f9420,CB1_CAUR_M_CF3_RI2_TI2_R12_C02,ORIGINAL_PHASE6J_CAUR,M,CF3,1,PHASE6L_TOP4|PHASE6N_TOP4,False
CB1_CAUR_M_CF3_RI2_TI2_R12_C02__seed691201__it0000098,ts_e9b4d39c12b460d39c38,CB1_CAUR_M_CF3_RI2_TI2_R12_C02,ORIGINAL_PHASE6J_CAUR,M,CF3,1,PHASE6N_TOP4,False
CB1_CAUR_M_CF3_RI2_TI2_R12_C02__seed691201__it0000137,ts_1353970d63821c419985,CB1_CAUR_M_CF3_RI2_TI2_R12_C02,ORIGINAL_PHASE6J_CAUR,M,CF3,1,PHASE6L_TOP4|PHASE6N_TOP4,False
CB1_CAUR_M_CF3_RI2_TI2_R12_C02__seed691201__it0000137,ts_30ab0d0b53f27a529387,CB1_CAUR_M_CF3_RI2_TI2_R12_C02,ORIGINAL_PHASE6J_CAUR,M,CF3,1,CANONICAL_FALLBACK,True
CB1_CAUR_M_CF3_RI2_TI2_R12_C02__seed691201__it0000137,ts_3e01b2ed96e39473b8e2,CB1_CAUR_M_CF3_RI2_TI2_R12_C02,ORIGINAL_PHASE6J_CAUR,M,CF3,1,PHASE6N_TOP4,False
CB1_CAUR_M_CF3_RI2_TI2_R12_C02__seed691201__it0000137,ts_58ab59f9a06f034aaffa,CB1_CAUR_M_CF3_RI2_TI2_R12_C02,ORIGINAL_PHASE6J_CAUR,M,CF3,1,PHASE6N_TOP4,False
CB1_CAUR_M_CF3_RI2_TI2_R12_C02__seed691201__it0000137,ts_5baa2616facfc082cac7,CB1_CAUR_M_CF3_RI2_TI2_R12_C02,ORIGINAL_PHASE6J_CAUR,M,CF3,1,PHASE6L_TOP4|PHASE6N_TOP4,False
CB1_CAUR_M_CF3_RI2_TI2_R12_C02__seed691201__it0000137,ts_b91ff43d46f1009ea5d4,CB1_CAUR_M_CF3_RI2_TI2_R12_C02,ORIGINAL_PHASE6J_CAUR,M,CF3,1,PHASE6L_TOP4,False
CB1_CAUR_M_CF3_RI2_TI2_R12_C02__seed691201__it0000137,ts_ceb168681caabe970382,CB1_CAUR_M_CF3_RI2_TI2_R12_C02,ORIGINAL_PHASE6J_CAUR,M,CF3,1,PHASE6L_TOP4,False
CB1_CAUR_M_CF3_RI2_TI2_R12_C02__seed691201__it0000177,ts_07f8726bc5d3a98070ee,CB1_CAUR_M_CF3_RI2_TI2_R12_C02,ORIGINAL_PHASE6J_CAUR,M,CF3,1,PHASE6L_TOP4,False
CB1_CAUR_M_CF3_RI2_TI2_R12_C02__seed691201__it0000177,ts_0c7102a76a1e15db456e,CB1_CAUR_M_CF3_RI2_TI2_R12_C02,ORIGINAL_PHASE6J_CAUR,M,CF3,1,PHASE6L_TOP4|PHASE6N_TOP4,False
CB1_CAUR_M_CF3_RI2_TI2_R12_C02__seed691201__it0000177,ts_2c11cd6cd05688e58e46,CB1_CAUR_M_CF3_RI2_TI2_R12_C02,ORIGINAL_PHASE6J_CAUR,M,CF3,1,PHASE6L_TOP4|PHASE6N_TOP4,False
CB1_CAUR_M_CF3_RI2_TI2_R12_C02__seed691201__it0000177,ts_399fcf805ca55d38693f,CB1_CAUR_M_CF3_RI2_TI2_R12_C02,ORIGINAL_PHASE6J_CAUR,M,CF3,1,PHASE6N_TOP4,False
CB1_CAUR_M_CF3_RI2_TI2_R12_C02__seed691201__it0000177,ts_51e828d97517b9ea2a75,CB1_CAUR_M_CF3_RI2_TI2_R12_C02,ORIGINAL_PHASE6J_CAUR,M,CF3,1,PHASE6L_TOP4,False
CB1_CAUR_M_CF3_RI2_TI2_R12_C02__seed691201__it0000177,ts_c99c78bf0d26cd67b072,CB1_CAUR_M_CF3_RI2_TI2_R12_C02,ORIGINAL_PHASE6J_CAUR,M,CF3,1,PHASE6N_TOP4,False
CB1_CAUR_M_CF3_RI2_TI2_R12_C02__seed691201__it0000177,ts_d5e001c58e97b5d9f6a1,CB1_CAUR_M_CF3_RI2_TI2_R12_C02,ORIGINAL_PHASE6J_CAUR,M,CF3,1,CANONICAL_FALLBACK,True
CB1_CAUR_M_CF3_RI2_TI2_R12_C02__seed691201__it0000221,ts_04a3901838dbd55570de,CB1_CAUR_M_CF3_RI2_TI2_R12_C02,ORIGINAL_PHASE6J_CAUR,M,CF3,1,PHASE6L_TOP4|PHASE6N_TOP4,False
CB1_CAUR_M_CF3_RI2_TI2_R12_C02__seed691201__it0000221,ts_1930ee6a94d5eaf13d49,CB1_CAUR_M_CF3_RI2_TI2_R12_C02,ORIGINAL_PHASE6J_CAUR,M,CF3,1,PHASE6N_TOP4,False
CB1_CAUR_M_CF3_RI2_TI2_R12_C02__seed691201__it0000221,ts_28d1ca5bdbe6c3837809,CB1_CAUR_M_CF3_RI2_TI2_R12_C02,ORIGINAL_PHASE6J_CAUR,M,CF3,1,PHASE6N_TOP4,False
CB1_CAUR_M_CF3_RI2_TI2_R12_C02__seed691201__it0000221,ts_32793bc4415043981917,CB1_CAUR_M_CF3_RI2_TI2_R12_C02,ORIGINAL_PHASE6J_CAUR,M,CF3,1,PHASE6N_TOP4,False
CB1_CAUR_M_CF3_RI2_TI2_R12_C02__seed691201__it0000221,ts_525a572f0b829919f315,CB1_CAUR_M_CF3_RI2_TI2_R12_C02,ORIGINAL_PHASE6J_CAUR,M,CF3,1,PHASE6L_TOP4,False
CB1_CAUR_M_CF3_RI2_TI2_R12_C02__seed691201__it0000221,ts_527d53f86121ac1ff694,CB1_CAUR_M_CF3_RI2_TI2_R12_C02,ORIGINAL_PHASE6J_CAUR,M,CF3,1,CANONICAL_FALLBACK,True
CB1_CAUR_M_CF3_RI2_TI2_R12_C02__seed691201__it0000221,ts_657d980519a77e01b09b,CB1_CAUR_M_CF3_RI2_TI2_R12_C02,ORIGINAL_PHASE6J_CAUR,M,CF3,1,PHASE6L_TOP4,False
CB1_CAUR_M_CF3_RI2_TI2_R12_C02__seed691201__it0000221,ts_988a323becdcf77b5ead,CB1_CAUR_M_CF3_RI2_TI2_R12_C02,ORIGINAL_PHASE6J_CAUR,M,CF3,1,PHASE6L_TOP4,False
CB1_CAUR_M_CF3_RI2_TI2_R12_C02__seed691201__it0000262,ts_202d3cf07f0194a871a7,CB1_CAUR_M_CF3_RI2_TI2_R12_C02,ORIGINAL_PHASE6J_CAUR,M,CF3,1,PHASE6L_TOP4,False
CB1_CAUR_M_CF3_RI2_TI2_R12_C02__seed691201__it0000262,ts_61e44381addec37f5987,CB1_CAUR_M_CF3_RI2_TI2_R12_C02,ORIGINAL_PHASE6J_CAUR,M,CF3,1,PHASE6L_TOP4,False
CB1_CAUR_M_CF3_RI2_TI2_R12_C02__seed691201__it0000262,ts_886dc1e08ae9e572d562,CB1_CAUR_M_CF3_RI2_TI2_R12_C02,ORIGINAL_PHASE6J_CAUR,M,CF3,1,PHASE6N_TOP4,False
CB1_CAUR_M_CF3_RI2_TI2_R12_C02__seed691201__it0000262,ts_b6d6c7037afac6488895,CB1_CAUR_M_CF3_RI2_TI2_R12_C02,ORIGINAL_PHASE6J_CAUR,M,CF3,1,PHASE6N_TOP4,False
CB1_CAUR_M_CF3_RI2_TI2_R12_C02__seed691201__it0000262,ts_c415b34720970a1e5116,CB1_CAUR_M_CF3_RI2_TI2_R12_C02,ORIGINAL_PHASE6J_CAUR,M,CF3,1,PHASE6L_TOP4|PHASE6N_TOP4,False
CB1_CAUR_M_CF3_RI2_TI2_R12_C02__seed691201__it0000262,ts_cef28b66204045218e86,CB1_CAUR_M_CF3_RI2_TI2_R12_C02,ORIGINAL_PHASE6J_CAUR,M,CF3,1,CANONICAL_FALLBACK|PHASE6L_TOP4,True
CB1_CAUR_M_CF3_RI2_TI2_R12_C02__seed691201__it0000262,ts_f640d5593cd69efa833e,CB1_CAUR_M_CF3_RI2_TI2_R12_C02,ORIGINAL_PHASE6J_CAUR,M,CF3,1,PHASE6N_TOP4,False
CB1_CAUR_M_CF3_RI2_TI2_R12_C02__seed691201__it0000294,ts_06279a60ac0bc7487b8b,CB1_CAUR_M_CF3_RI2_TI2_R12_C02,ORIGINAL_PHASE6J_CAUR,M,CF3,1,PHASE6L_TOP4,False
CB1_CAUR_M_CF3_RI2_TI2_R12_C02__seed691201__it0000294,ts_1a45eb62fb1200077934,CB1_CAUR_M_CF3_RI2_TI2_R12_C02,ORIGINAL_PHASE6J_CAUR,M,CF3,1,PHASE6N_TOP4,False
CB1_CAUR_M_CF3_RI2_TI2_R12_C02__seed691201__it0000294,ts_3a1282ecd3e32f4c55d0,CB1_CAUR_M_CF3_RI2_TI2_R12_C02,ORIGINAL_PHASE6J_CAUR,M,CF3,1,PHASE6N_TOP4,False
CB1_CAUR_M_CF3_RI2_TI2_R12_C02__seed691201__it0000294,ts_c22423b033dec6dd3efa,CB1_CAUR_M_CF3_RI2_TI2_R12_C02,ORIGINAL_PHASE6J_CAUR,M,CF3,1,PHASE6L_TOP4,False
CB1_CAUR_M_CF3_RI2_TI2_R12_C02__seed691201__it0000294,ts_e0602973aef1f8f5c646,CB1_CAUR_M_CF3_RI2_TI2_R12_C02,ORIGINAL_PHASE6J_CAUR,M,CF3,1,CANONICAL_FALLBACK|PHASE6L_TOP4,True
CB1_CAUR_M_CF3_RI2_TI2_R12_C02__seed691201__it0000294,ts_f0dd1ab6d025b5c8b9e1,CB1_CAUR_M_CF3_RI2_TI2_R12_C02,ORIGINAL_PHASE6J_CAUR,M,CF3,1,PHASE6L_TOP4|PHASE6N_TOP4,False
CB1_CAUR_M_CF3_RI2_TI2_R12_C02__seed691201__it0000294,ts_f7d0ff4467f84e4afc39,CB1_CAUR_M_CF3_RI2_TI2_R12_C02,ORIGINAL_PHASE6J_CAUR,M,CF3,1,PHASE6N_TOP4,False
CB1_CAUR_M_CF3_RI2_TI2_R12_C02__seed691202__it0000013,ts_14dfce39306c75ed0b97,CB1_CAUR_M_CF3_RI2_TI2_R12_C02,ORIGINAL_PHASE6J_CAUR,M,CF3,1,PHASE6L_TOP4|PHASE6N_TOP4,False
CB1_CAUR_M_CF3_RI2_TI2_R12_C02__seed691202__it0000013,ts_36f31cbe24ba0212e635,CB1_CAUR_M_CF3_RI2_TI2_R12_C02,ORIGINAL_PHASE6J_CAUR,M,CF3,1,PHASE6N_TOP4,False
CB1_CAUR_M_CF3_RI2_TI2_R12_C02__seed691202__it0000013,ts_4a5edee03aa5e6e0f032,CB1_CAUR_M_CF3_RI2_TI2_R12_C02,ORIGINAL_PHASE6J_CAUR,M,CF3,1,PHASE6L_TOP4,False
CB1_CAUR_M_CF3_RI2_TI2_R12_C02__seed691202__it0000013,ts_887719f3048490305184,CB1_CAUR_M_CF3_RI2_TI2_R12_C02,ORIGINAL_PHASE6J_CAUR,M,CF3,1,PHASE6L_TOP4|PHASE6N_TOP4,False
CB1_CAUR_M_CF3_RI2_TI2_R12_C02__seed691202__it0000013,ts_c1ec601df8bf97f8ca3f,CB1_CAUR_M_CF3_RI2_TI2_R12_C02,ORIGINAL_PHASE6J_CAUR,M,CF3,1,CANONICAL_FALLBACK,True
CB1_CAUR_M_CF3_RI2_TI2_R12_C02__seed691202__it0000013,ts_d51cbb75a61d5c63ea83,CB1_CAUR_M_CF3_RI2_TI2_R12_C02,ORIGINAL_PHASE6J_CAUR,M,CF3,1,PHASE6L_TOP4|PHASE6N_TOP4,False
CB1_CAUR_M_CF3_RI2_TI2_R12_C02__seed691202__it0000051,ts_0bd04538a9c500f3866a,CB1_CAUR_M_CF3_RI2_TI2_R12_C02,ORIGINAL_PHASE6J_CAUR,M,CF3,1,PHASE6L_TOP4,False
CB1_CAUR_M_CF3_RI2_TI2_R12_C02__seed691202__it0000051,ts_0d8f8f751fdd672f193a,CB1_CAUR_M_CF3_RI2_TI2_R12_C02,ORIGINAL_PHASE6J_CAUR,M,CF3,1,CANONICAL_FALLBACK|PHASE6L_TOP4|PHASE6N_TOP4,True
CB1_CAUR_M_CF3_RI2_TI2_R12_C02__seed691202__it0000051,ts_809a4cb754c0aadca4fb,CB1_CAUR_M_CF3_RI2_TI2_R12_C02,ORIGINAL_PHASE6J_CAUR,M,CF3,1,PHASE6L_TOP4|PHASE6N_TOP4,False
CB1_CAUR_M_CF3_RI2_TI2_R12_C02__seed691202__it0000051,ts_a8ff0c44c8b32f70f0e5,CB1_CAUR_M_CF3_RI2_TI2_R12_C02,ORIGINAL_PHASE6J_CAUR,M,CF3,1,PHASE6N_TOP4,False
CB1_CAUR_M_CF3_RI2_TI2_R12_C02__seed691202__it0000051,ts_d2ef9e0011be86f48ddd,CB1_CAUR_M_CF3_RI2_TI2_R12_C02,ORIGINAL_PHASE6J_CAUR,M,CF3,1,PHASE6L_TOP4|PHASE6N_TOP4,False
CB1_CAUR_M_CF3_RI2_TI2_R12_C02__seed691202__it0000095,ts_0131b757d86010c80612,CB1_CAUR_M_CF3_RI2_TI2_R12_C02,ORIGINAL_PHASE6J_CAUR,M,CF3,1,PHASE6L_TOP4,False
CB1_CAUR_M_CF3_RI2_TI2_R12_C02__seed691202__it0000095,ts_071b68d37ab1de7d0392,CB1_CAUR_M_CF3_RI2_TI2_R12_C02,ORIGINAL_PHASE6J_CAUR,M,CF3,1,PHASE6L_TOP4,False
CB1_CAUR_M_CF3_RI2_TI2_R12_C02__seed691202__it0000095,ts_416af3872de8cff3f298,CB1_CAUR_M_CF3_RI2_TI2_R12_C02,ORIGINAL_PHASE6J_CAUR,M,CF3,1,CANONICAL_FALLBACK,True
CB1_CAUR_M_CF3_RI2_TI2_R12_C02__seed691202__it0000095,ts_7ff5ea6f68437b9798a6,CB1_CAUR_M_CF3_RI2_TI2_R12_C02,ORIGINAL_PHASE6J_CAUR,M,CF3,1,PHASE6L_TOP4|PHASE6N_TOP4,False
CB1_CAUR_M_CF3_RI2_TI2_R12_C02__seed691202__it0000095,ts_e138d7f319511a1759c7,CB1_CAUR_M_CF3_RI2_TI2_R12_C02,ORIGINAL_PHASE6J_CAUR,M,CF3,1,PHASE6N_TOP4,False
CB1_CAUR_M_CF3_RI2_TI2_R12_C02__seed691202__it0000095,ts_e35d0a10b27e7cae345d,CB1_CAUR_M_CF3_RI2_TI2_R12_C02,ORIGINAL_PHASE6J_CAUR,M,CF3,1,PHASE6L_TOP4|PHASE6N_TOP4,False
CB1_CAUR_M_CF3_RI2_TI2_R12_C02__seed691202__it0000095,ts_f621d7c9e4fd40c2aca5,CB1_CAUR_M_CF3_RI2_TI2_R12_C02,ORIGINAL_PHASE6J_CAUR,M,CF3,1,PHASE6N_TOP4,False
CB1_CAUR_M_CF3_RI2_TI2_R12_C02__seed691202__it0000136,ts_169e82744add84ac2ed1,CB1_CAUR_M_CF3_RI2_TI2_R12_C02,ORIGINAL_PHASE6J_CAUR,M,CF3,1,PHASE6L_TOP4|PHASE6N_TOP4,False
CB1_CAUR_M_CF3_RI2_TI2_R12_C02__seed691202__it0000136,ts_2abf0ff3ed45b935d3e9,CB1_CAUR_M_CF3_RI2_TI2_R12_C02,ORIGINAL_PHASE6J_CAUR,M,CF3,1,PHASE6L_TOP4,False
CB1_CAUR_M_CF3_RI2_TI2_R12_C02__seed691202__it0000136,ts_35014d6a06095a65df35,CB1_CAUR_M_CF3_RI2_TI2_R12_C02,ORIGINAL_PHASE6J_CAUR,M,CF3,1,PHASE6N_TOP4,False
CB1_CAUR_M_CF3_RI2_TI2_R12_C02__seed691202__it0000136,ts_832dffdc44b24690ca11,CB1_CAUR_M_CF3_RI2_TI2_R12_C02,ORIGINAL_PHASE6J_CAUR,M,CF3,1,PHASE6L_TOP4,False
CB1_CAUR_M_CF3_RI2_TI2_R12_C02__seed691202__it0000136,ts_9d64a50c0064f2dbccb7,CB1_CAUR_M_CF3_RI2_TI2_R12_C02,ORIGINAL_PHASE6J_CAUR,M,CF3,1,PHASE6N_TOP4,False
CB1_CAUR_M_CF3_RI2_TI2_R12_C02__seed691202__it0000136,ts_e1cdf8b53c2604e874ee,CB1_CAUR_M_CF3_RI2_TI2_R12_C02,ORIGINAL_PHASE6J_CAUR,M,CF3,1,PHASE6L_TOP4|PHASE6N_TOP4,False
CB1_CAUR_M_CF3_RI2_TI2_R12_C02__seed691202__it0000136,ts_e9a6c543b1cabf892e4c,CB1_CAUR_M_CF3_RI2_TI2_R12_C02,ORIGINAL_PHASE6J_CAUR,M,CF3,1,CANONICAL_FALLBACK,True
CB1_CAUR_M_CF3_RI2_TI2_R12_C02__seed691202__it0000175,ts_510a071bbb40961bb925,CB1_CAUR_M_CF3_RI2_TI2_R12_C02,ORIGINAL_PHASE6J_CAUR,M,CF3,1,PHASE6L_TOP4|PHASE6N_TOP4,False
CB1_CAUR_M_CF3_RI2_TI2_R12_C02__seed691202__it0000175,ts_618beabf9cc9b15193e1,CB1_CAUR_M_CF3_RI2_TI2_R12_C02,ORIGINAL_PHASE6J_CAUR,M,CF3,1,PHASE6N_TOP4,False
CB1_CAUR_M_CF3_RI2_TI2_R12_C02__seed691202__it0000175,ts_746f5f9d8b9c9e951e79,CB1_CAUR_M_CF3_RI2_TI2_R12_C02,ORIGINAL_PHASE6J_CAUR,M,CF3,1,PHASE6N_TOP4,False
CB1_CAUR_M_CF3_RI2_TI2_R12_C02__seed691202__it0000175,ts_cfefe756e0beed64d8e7,CB1_CAUR_M_CF3_RI2_TI2_R12_C02,ORIGINAL_PHASE6J_CAUR,M,CF3,1,CANONICAL_FALLBACK|PHASE6L_TOP4|PHASE6N_TOP4,True
CB1_CAUR_M_CF3_RI2_TI2_R12_C02__seed691202__it0000175,ts_e0a9ed53c2002b062e6c,CB1_CAUR_M_CF3_RI2_TI2_R12_C02,ORIGINAL_PHASE6J_CAUR,M,CF3,1,PHASE6L_TOP4,False
CB1_CAUR_M_CF3_RI2_TI2_R12_C02__seed691202__it0000175,ts_f2e4a8cb7ec5442d29fa,CB1_CAUR_M_CF3_RI2_TI2_R12_C02,ORIGINAL_PHASE6J_CAUR,M,CF3,1,PHASE6L_TOP4,False
CB1_CAUR_M_CF3_RI2_TI2_R12_C02__seed691202__it0000219,ts_31afd0c63ffeebbbf03a,CB1_CAUR_M_CF3_RI2_TI2_R12_C02,ORIGINAL_PHASE6J_CAUR,M,CF3,1,PHASE6N_TOP4,False
CB1_CAUR_M_CF3_RI2_TI2_R12_C02__seed691202__it0000219,ts_35cc39aa2e661cb1d622,CB1_CAUR_M_CF3_RI2_TI2_R12_C02,ORIGINAL_PHASE6J_CAUR,M,CF3,1,PHASE6L_TOP4|PHASE6N_TOP4,False
CB1_CAUR_M_CF3_RI2_TI2_R12_C02__seed691202__it0000219,ts_7ae2289e960a8d7800cc,CB1_CAUR_M_CF3_RI2_TI2_R12_C02,ORIGINAL_PHASE6J_CAUR,M,CF3,1,CANONICAL_FALLBACK,True
CB1_CAUR_M_CF3_RI2_TI2_R12_C02__seed691202__it0000219,ts_be4d1f08ce801642b791,CB1_CAUR_M_CF3_RI2_TI2_R12_C02,ORIGINAL_PHASE6J_CAUR,M,CF3,1,PHASE6L_TOP4|PHASE6N_TOP4,False
CB1_CAUR_M_CF3_RI2_TI2_R12_C02__seed691202__it0000219,ts_be7a51439af0179a791e,CB1_CAUR_M_CF3_RI2_TI2_R12_C02,ORIGINAL_PHASE6J_CAUR,M,CF3,1,PHASE6L_TOP4|PHASE6N_TOP4,False
CB1_CAUR_M_CF3_RI2_TI2_R12_C02__seed691202__it0000219,ts_d1a0b55e50612414b4fc,CB1_CAUR_M_CF3_RI2_TI2_R12_C02,ORIGINAL_PHASE6J_CAUR,M,CF3,1,PHASE6L_TOP4,False
CB1_CAUR_M_CF3_RI2_TI2_R12_C02__seed691202__it0000260,ts_0996a34377a7e4ba5169,CB1_CAUR_M_CF3_RI2_TI2_R12_C02,ORIGINAL_PHASE6J_CAUR,M,CF3,1,PHASE6N_TOP4,False
CB1_CAUR_M_CF3_RI2_TI2_R12_C02__seed691202__it0000260,ts_5a1e13f4123f36c38882,CB1_CAUR_M_CF3_RI2_TI2_R12_C02,ORIGINAL_PHASE6J_CAUR,M,CF3,1,PHASE6L_TOP4,False
CB1_CAUR_M_CF3_RI2_TI2_R12_C02__seed691202__it0000260,ts_689606180a0d5dcf990d,CB1_CAUR_M_CF3_RI2_TI2_R12_C02,ORIGINAL_PHASE6J_CAUR,M,CF3,1,CANONICAL_FALLBACK|PHASE6L_TOP4|PHASE6N_TOP4,True
CB1_CAUR_M_CF3_RI2_TI2_R12_C02__seed691202__it0000260,ts_941c110f1f48a880f4fb,CB1_CAUR_M_CF3_RI2_TI2_R12_C02,ORIGINAL_PHASE6J_CAUR,M,CF3,1,PHASE6N_TOP4,False
CB1_CAUR_M_CF3_RI2_TI2_R12_C02__seed691202__it0000260,ts_bd302071495df40f326b,CB1_CAUR_M_CF3_RI2_TI2_R12_C02,ORIGINAL_PHASE6J_CAUR,M,CF3,1,PHASE6L_TOP4|PHASE6N_TOP4,False
CB1_CAUR_M_CF3_RI2_TI2_R12_C02__seed691202__it0000260,ts_d98fe8c1937917869a00,CB1_CAUR_M_CF3_RI2_TI2_R12_C02,ORIGINAL_PHASE6J_CAUR,M,CF3,1,PHASE6L_TOP4,False
CB1_CAUR_M_CF3_RI2_TI2_R12_C02__seed691202__it0000292,ts_05317660f3acb5fc00f4,CB1_CAUR_M_CF3_RI2_TI2_R12_C02,ORIGINAL_PHASE6J_CAUR,M,CF3,1,PHASE6N_TOP4,False
CB1_CAUR_M_CF3_RI2_TI2_R12_C02__seed691202__it0000292,ts_0c26e30eae9d1588aad1,CB1_CAUR_M_CF3_RI2_TI2_R12_C02,ORIGINAL_PHASE6J_CAUR,M,CF3,1,PHASE6L_TOP4,False
CB1_CAUR_M_CF3_RI2_TI2_R12_C02__seed691202__it0000292,ts_27719ef234ef78fcde6e,CB1_CAUR_M_CF3_RI2_TI2_R12_C02,ORIGINAL_PHASE6J_CAUR,M,CF3,1,PHASE6N_TOP4,False
CB1_CAUR_M_CF3_RI2_TI2_R12_C02__seed691202__it0000292,ts_8700814da6423a1cabc8,CB1_CAUR_M_CF3_RI2_TI2_R12_C02,ORIGINAL_PHASE6J_CAUR,M,CF3,1,PHASE6L_TOP4|PHASE6N_TOP4,False
CB1_CAUR_M_CF3_RI2_TI2_R12_C02__seed691202__it0000292,ts_88f7132eea550d3d3732,CB1_CAUR_M_CF3_RI2_TI2_R12_C02,ORIGINAL_PHASE6J_CAUR,M,CF3,1,CANONICAL_FALLBACK,True
CB1_CAUR_M_CF3_RI2_TI2_R12_C02__seed691202__it0000292,ts_c93e2aec3c0072bad0d9,CB1_CAUR_M_CF3_RI2_TI2_R12_C02,ORIGINAL_PHASE6J_CAUR,M,CF3,1,PHASE6L_TOP4,False
CB1_CAUR_M_CF3_RI2_TI2_R12_C02__seed691202__it0000292,ts_d4630ac86a3dd439f094,CB1_CAUR_M_CF3_RI2_TI2_R12_C02,ORIGINAL_PHASE6J_CAUR,M,CF3,1,PHASE6N_TOP4,False
CB1_CAUR_M_CF3_RI2_TI2_R12_C02__seed691202__it0000292,ts_e825c3ebcffd1fea577f,CB1_CAUR_M_CF3_RI2_TI2_R12_C02,ORIGINAL_PHASE6J_CAUR,M,CF3,1,PHASE6L_TOP4,False
CB1_CAUR_M_CF3_RI2_TI2_R12_C02__seed721201__it0000025,ts_2174f9c0e634e3ec7129,CB1_CAUR_M_CF3_RI2_TI2_R12_C02,NEW_ALNS_EXPANSION,M,CF3,1,PHASE6N_TOP4,False
CB1_CAUR_M_CF3_RI2_TI2_R12_C02__seed721201__it0000025,ts_2849c4a3c6f030d5b814,CB1_CAUR_M_CF3_RI2_TI2_R12_C02,NEW_ALNS_EXPANSION,M,CF3,1,PHASE6N_TOP4,False
CB1_CAUR_M_CF3_RI2_TI2_R12_C02__seed721201__it0000025,ts_32caa89896740a547ef9,CB1_CAUR_M_CF3_RI2_TI2_R12_C02,NEW_ALNS_EXPANSION,M,CF3,1,PHASE6N_TOP4,False
CB1_CAUR_M_CF3_RI2_TI2_R12_C02__seed721201__it0000025,ts_7892a34e7ce09d5a789e,CB1_CAUR_M_CF3_RI2_TI2_R12_C02,NEW_ALNS_EXPANSION,M,CF3,1,PHASE6N_TOP4,False
CB1_CAUR_M_CF3_RI2_TI2_R12_C02__seed721201__it0000025,ts_93f922c7595a7f9f6fd9,CB1_CAUR_M_CF3_RI2_TI2_R12_C02,NEW_ALNS_EXPANSION,M,CF3,1,CANONICAL_FALLBACK,True
CB1_CAUR_M_CF3_RI2_TI2_R12_C02__seed721201__it0000103,ts_486603a2af613ff80702,CB1_CAUR_M_CF3_RI2_TI2_R12_C02,NEW_ALNS_EXPANSION,M,CF3,1,PHASE6N_TOP4,False
CB1_CAUR_M_CF3_RI2_TI2_R12_C02__seed721201__it0000103,ts_8c7ef8726ef9de8fba4b,CB1_CAUR_M_CF3_RI2_TI2_R12_C02,NEW_ALNS_EXPANSION,M,CF3,1,PHASE6N_TOP4,False
CB1_CAUR_M_CF3_RI2_TI2_R12_C02__seed721201__it0000103,ts_9cbd307ccab2fdf16c48,CB1_CAUR_M_CF3_RI2_TI2_R12_C02,NEW_ALNS_EXPANSION,M,CF3,1,PHASE6N_TOP4,False
CB1_CAUR_M_CF3_RI2_TI2_R12_C02__seed721201__it0000103,ts_a2652cd7f98b79af62c9,CB1_CAUR_M_CF3_RI2_TI2_R12_C02,NEW_ALNS_EXPANSION,M,CF3,1,CANONICAL_FALLBACK,True
CB1_CAUR_M_CF3_RI2_TI2_R12_C02__seed721201__it0000103,ts_c92033c6f57822c87bf4,CB1_CAUR_M_CF3_RI2_TI2_R12_C02,NEW_ALNS_EXPANSION,M,CF3,1,PHASE6N_TOP4,False
CB1_CAUR_M_CF3_RI2_TI2_R12_C02__seed721201__it0000187,ts_3afc0f25dc8de4bf7649,CB1_CAUR_M_CF3_RI2_TI2_R12_C02,NEW_ALNS_EXPANSION,M,CF3,1,PHASE6N_TOP4,False
CB1_CAUR_M_CF3_RI2_TI2_R12_C02__seed721201__it0000187,ts_569fcd23e8fe3cd85807,CB1_CAUR_M_CF3_RI2_TI2_R12_C02,NEW_ALNS_EXPANSION,M,CF3,1,CANONICAL_FALLBACK,True
CB1_CAUR_M_CF3_RI2_TI2_R12_C02__seed721201__it0000187,ts_7f5da43d8cdce23eb976,CB1_CAUR_M_CF3_RI2_TI2_R12_C02,NEW_ALNS_EXPANSION,M,CF3,1,PHASE6N_TOP4,False
CB1_CAUR_M_CF3_RI2_TI2_R12_C02__seed721201__it0000187,ts_9a246df7d06b82ff5c8c,CB1_CAUR_M_CF3_RI2_TI2_R12_C02,NEW_ALNS_EXPANSION,M,CF3,1,PHASE6N_TOP4,False
CB1_CAUR_M_CF3_RI2_TI2_R12_C02__seed721201__it0000187,ts_a459833276c182d97957,CB1_CAUR_M_CF3_RI2_TI2_R12_C02,NEW_ALNS_EXPANSION,M,CF3,1,PHASE6N_TOP4,False
CB1_CAUR_M_CF3_RI2_TI2_R12_C02__seed721201__it0000267,ts_0e74c305b9824584636e,CB1_CAUR_M_CF3_RI2_TI2_R12_C02,NEW_ALNS_EXPANSION,M,CF3,1,PHASE6N_TOP4,False
CB1_CAUR_M_CF3_RI2_TI2_R12_C02__seed721201__it0000267,ts_5ab21b07eead6c4edbe4,CB1_CAUR_M_CF3_RI2_TI2_R12_C02,NEW_ALNS_EXPANSION,M,CF3,1,PHASE6N_TOP4,False
CB1_CAUR_M_CF3_RI2_TI2_R12_C02__seed721201__it0000267,ts_638f1bb6aa60c4060693,CB1_CAUR_M_CF3_RI2_TI2_R12_C02,NEW_ALNS_EXPANSION,M,CF3,1,PHASE6N_TOP4,False
CB1_CAUR_M_CF3_RI2_TI2_R12_C02__seed721201__it0000267,ts_99a07725ba6fc7b70b22,CB1_CAUR_M_CF3_RI2_TI2_R12_C02,NEW_ALNS_EXPANSION,M,CF3,1,CANONICAL_FALLBACK,True
CB1_CAUR_M_CF3_RI2_TI2_R12_C02__seed721201__it0000267,ts_b6e5a0c928186dd49bcd,CB1_CAUR_M_CF3_RI2_TI2_R12_C02,NEW_ALNS_EXPANSION,M,CF3,1,PHASE6N_TOP4,False
CB1_CAUR_M_CF3_RI2_TI2_R12_C02__seed721201__it0000345,ts_08906ae9001c717e4b5e,CB1_CAUR_M_CF3_RI2_TI2_R12_C02,NEW_ALNS_EXPANSION,M,CF3,1,PHASE6N_TOP4,False
CB1_CAUR_M_CF3_RI2_TI2_R12_C02__seed721201__it0000345,ts_ad0eeabd24dc62e5b6ac,CB1_CAUR_M_CF3_RI2_TI2_R12_C02,NEW_ALNS_EXPANSION,M,CF3,1,CANONICAL_FALLBACK,True
CB1_CAUR_M_CF3_RI2_TI2_R12_C02__seed721201__it0000345,ts_c479eef2d0eb23753a47,CB1_CAUR_M_CF3_RI2_TI2_R12_C02,NEW_ALNS_EXPANSION,M,CF3,1,PHASE6N_TOP4,False
CB1_CAUR_M_CF3_RI2_TI2_R12_C02__seed721201__it0000345,ts_dee8832b03c1c6c876e0,CB1_CAUR_M_CF3_RI2_TI2_R12_C02,NEW_ALNS_EXPANSION,M,CF3,1,PHASE6N_TOP4,False
CB1_CAUR_M_CF3_RI2_TI2_R12_C02__seed721201__it0000345,ts_fa7ca31dca7f2faf11ca,CB1_CAUR_M_CF3_RI2_TI2_R12_C02,NEW_ALNS_EXPANSION,M,CF3,1,PHASE6N_TOP4,False
CB1_CAUR_M_CF3_RI2_TI2_R12_C02__seed721201__it0000430,ts_33ae80025252ed8063a3,CB1_CAUR_M_CF3_RI2_TI2_R12_C02,NEW_ALNS_EXPANSION,M,CF3,1,PHASE6N_TOP4,False
CB1_CAUR_M_CF3_RI2_TI2_R12_C02__seed721201__it0000430,ts_3523649653b21fa7d4cd,CB1_CAUR_M_CF3_RI2_TI2_R12_C02,NEW_ALNS_EXPANSION,M,CF3,1,PHASE6N_TOP4,False
CB1_CAUR_M_CF3_RI2_TI2_R12_C02__seed721201__it0000430,ts_45c670e751ce6ae7cc05,CB1_CAUR_M_CF3_RI2_TI2_R12_C02,NEW_ALNS_EXPANSION,M,CF3,1,CANONICAL_FALLBACK,True
CB1_CAUR_M_CF3_RI2_TI2_R12_C02__seed721201__it0000430,ts_92bd37c64a047b50293b,CB1_CAUR_M_CF3_RI2_TI2_R12_C02,NEW_ALNS_EXPANSION,M,CF3,1,PHASE6N_TOP4,False
CB1_CAUR_M_CF3_RI2_TI2_R12_C02__seed721201__it0000430,ts_cca18d65b13b5982c67a,CB1_CAUR_M_CF3_RI2_TI2_R12_C02,NEW_ALNS_EXPANSION,M,CF3,1,PHASE6N_TOP4,False
CB1_CAUR_M_CF3_RI2_TI2_R12_C02__seed721201__it0000509,ts_0efe4a1a491edd2dd5fa,CB1_CAUR_M_CF3_RI2_TI2_R12_C02,NEW_ALNS_EXPANSION,M,CF3,1,CANONICAL_FALLBACK,True
CB1_CAUR_M_CF3_RI2_TI2_R12_C02__seed721201__it0000509,ts_41e94f96a27f14471743,CB1_CAUR_M_CF3_RI2_TI2_R12_C02,NEW_ALNS_EXPANSION,M,CF3,1,PHASE6N_TOP4,False
CB1_CAUR_M_CF3_RI2_TI2_R12_C02__seed721201__it0000509,ts_7cbc69479a6eb2298302,CB1_CAUR_M_CF3_RI2_TI2_R12_C02,NEW_ALNS_EXPANSION,M,CF3,1,PHASE6N_TOP4,False
CB1_CAUR_M_CF3_RI2_TI2_R12_C02__seed721201__it0000509,ts_a9185da1c022f3a169d7,CB1_CAUR_M_CF3_RI2_TI2_R12_C02,NEW_ALNS_EXPANSION,M,CF3,1,PHASE6N_TOP4,False
CB1_CAUR_M_CF3_RI2_TI2_R12_C02__seed721201__it0000509,ts_e8a19196d63ae575828a,CB1_CAUR_M_CF3_RI2_TI2_R12_C02,NEW_ALNS_EXPANSION,M,CF3,1,PHASE6N_TOP4,False
CB1_CAUR_M_CF3_RI2_TI2_R12_C02__seed721201__it0000569,ts_6627343da1ab759faaae,CB1_CAUR_M_CF3_RI2_TI2_R12_C02,NEW_ALNS_EXPANSION,M,CF3,1,CANONICAL_FALLBACK,True
CB1_CAUR_M_CF3_RI2_TI2_R12_C02__seed721201__it0000569,ts_6cb364f12a7d2b7eee11,CB1_CAUR_M_CF3_RI2_TI2_R12_C02,NEW_ALNS_EXPANSION,M,CF3,1,PHASE6N_TOP4,False
CB1_CAUR_M_CF3_RI2_TI2_R12_C02__seed721201__it0000569,ts_7f8d1dc8fdf88d5eb9e4,CB1_CAUR_M_CF3_RI2_TI2_R12_C02,NEW_ALNS_EXPANSION,M,CF3,1,PHASE6N_TOP4,False
CB1_CAUR_M_CF3_RI2_TI2_R12_C02__seed721201__it0000569,ts_ac1a27584dc1df92c8dd,CB1_CAUR_M_CF3_RI2_TI2_R12_C02,NEW_ALNS_EXPANSION,M,CF3,1,PHASE6N_TOP4,False
CB1_CAUR_M_CF3_RI2_TI2_R12_C02__seed721201__it0000569,ts_e98fe695bad04a2943f3,CB1_CAUR_M_CF3_RI2_TI2_R12_C02,NEW_ALNS_EXPANSION,M,CF3,1,PHASE6N_TOP4,False
CB1_CAUR_M_CF3_RI2_TI2_R12_C02__seed721202__it0000025,ts_77c0c0f719dfde8cca5d,CB1_CAUR_M_CF3_RI2_TI2_R12_C02,NEW_ALNS_EXPANSION,M,CF3,1,CANONICAL_FALLBACK,True
CB1_CAUR_M_CF3_RI2_TI2_R12_C02__seed721202__it0000025,ts_8d4b5d8004d9c003c046,CB1_CAUR_M_CF3_RI2_TI2_R12_C02,NEW_ALNS_EXPANSION,M,CF3,1,PHASE6N_TOP4,False
CB1_CAUR_M_CF3_RI2_TI2_R12_C02__seed721202__it0000025,ts_8fb424d45b6fb09a1932,CB1_CAUR_M_CF3_RI2_TI2_R12_C02,NEW_ALNS_EXPANSION,M,CF3,1,PHASE6N_TOP4,False
CB1_CAUR_M_CF3_RI2_TI2_R12_C02__seed721202__it0000025,ts_b01678766f4187cd1566,CB1_CAUR_M_CF3_RI2_TI2_R12_C02,NEW_ALNS_EXPANSION,M,CF3,1,PHASE6N_TOP4,False
CB1_CAUR_M_CF3_RI2_TI2_R12_C02__seed721202__it0000025,ts_ef3e6172ed155ad53118,CB1_CAUR_M_CF3_RI2_TI2_R12_C02,NEW_ALNS_EXPANSION,M,CF3,1,PHASE6N_TOP4,False
CB1_CAUR_M_CF3_RI2_TI2_R12_C02__seed721202__it0000103,ts_38ec1cd310cb55b7d65a,CB1_CAUR_M_CF3_RI2_TI2_R12_C02,NEW_ALNS_EXPANSION,M,CF3,1,PHASE6N_TOP4,False
CB1_CAUR_M_CF3_RI2_TI2_R12_C02__seed721202__it0000103,ts_5cd622539562d03f7589,CB1_CAUR_M_CF3_RI2_TI2_R12_C02,NEW_ALNS_EXPANSION,M,CF3,1,PHASE6N_TOP4,False
CB1_CAUR_M_CF3_RI2_TI2_R12_C02__seed721202__it0000103,ts_956d387ae48be6985ba2,CB1_CAUR_M_CF3_RI2_TI2_R12_C02,NEW_ALNS_EXPANSION,M,CF3,1,PHASE6N_TOP4,False
CB1_CAUR_M_CF3_RI2_TI2_R12_C02__seed721202__it0000103,ts_f09581654dffd5d42eac,CB1_CAUR_M_CF3_RI2_TI2_R12_C02,NEW_ALNS_EXPANSION,M,CF3,1,PHASE6N_TOP4,False
CB1_CAUR_M_CF3_RI2_TI2_R12_C02__seed721202__it0000103,ts_f428627e31f0c4a50fc6,CB1_CAUR_M_CF3_RI2_TI2_R12_C02,NEW_ALNS_EXPANSION,M,CF3,1,CANONICAL_FALLBACK,True
CB1_CAUR_M_CF3_RI2_TI2_R12_C02__seed721202__it0000187,ts_2d15ebb22b7ad7aeada1,CB1_CAUR_M_CF3_RI2_TI2_R12_C02,NEW_ALNS_EXPANSION,M,CF3,1,PHASE6N_TOP4,False
CB1_CAUR_M_CF3_RI2_TI2_R12_C02__seed721202__it0000187,ts_6e70a494c28a35442c45,CB1_CAUR_M_CF3_RI2_TI2_R12_C02,NEW_ALNS_EXPANSION,M,CF3,1,PHASE6N_TOP4,False
CB1_CAUR_M_CF3_RI2_TI2_R12_C02__seed721202__it0000187,ts_a208f8ff0343f79ec1c9,CB1_CAUR_M_CF3_RI2_TI2_R12_C02,NEW_ALNS_EXPANSION,M,CF3,1,CANONICAL_FALLBACK,True
CB1_CAUR_M_CF3_RI2_TI2_R12_C02__seed721202__it0000187,ts_cc85d67bbe89348a7995,CB1_CAUR_M_CF3_RI2_TI2_R12_C02,NEW_ALNS_EXPANSION,M,CF3,1,PHASE6N_TOP4,False
CB1_CAUR_M_CF3_RI2_TI2_R12_C02__seed721202__it0000187,ts_d3344573283a3dd1ffc7,CB1_CAUR_M_CF3_RI2_TI2_R12_C02,NEW_ALNS_EXPANSION,M,CF3,1,PHASE6N_TOP4,False
CB1_CAUR_M_CF3_RI2_TI2_R12_C02__seed721202__it0000266,ts_1302cf4c9e0145043038,CB1_CAUR_M_CF3_RI2_TI2_R12_C02,NEW_ALNS_EXPANSION,M,CF3,1,PHASE6N_TOP4,False
CB1_CAUR_M_CF3_RI2_TI2_R12_C02__seed721202__it0000266,ts_546efbc3111824dd5f03,CB1_CAUR_M_CF3_RI2_TI2_R12_C02,NEW_ALNS_EXPANSION,M,CF3,1,PHASE6N_TOP4,False
CB1_CAUR_M_CF3_RI2_TI2_R12_C02__seed721202__it0000266,ts_6f3bd2a59fd430076d90,CB1_CAUR_M_CF3_RI2_TI2_R12_C02,NEW_ALNS_EXPANSION,M,CF3,1,PHASE6N_TOP4,False
CB1_CAUR_M_CF3_RI2_TI2_R12_C02__seed721202__it0000266,ts_e1a5fcc08503330c9192,CB1_CAUR_M_CF3_RI2_TI2_R12_C02,NEW_ALNS_EXPANSION,M,CF3,1,CANONICAL_FALLBACK|PHASE6N_TOP4,True
CB1_CAUR_M_CF3_RI2_TI2_R12_C02__seed721202__it0000344,ts_2002d2cd5f8603454404,CB1_CAUR_M_CF3_RI2_TI2_R12_C02,NEW_ALNS_EXPANSION,M,CF3,1,PHASE6N_TOP4,False
CB1_CAUR_M_CF3_RI2_TI2_R12_C02__seed721202__it0000344,ts_6a9e1fa639803b2c7a3b,CB1_CAUR_M_CF3_RI2_TI2_R12_C02,NEW_ALNS_EXPANSION,M,CF3,1,CANONICAL_FALLBACK,True
CB1_CAUR_M_CF3_RI2_TI2_R12_C02__seed721202__it0000344,ts_86e0694d3475306d7e6a,CB1_CAUR_M_CF3_RI2_TI2_R12_C02,NEW_ALNS_EXPANSION,M,CF3,1,PHASE6N_TOP4,False
CB1_CAUR_M_CF3_RI2_TI2_R12_C02__seed721202__it0000344,ts_8f5a9e148730d2db5189,CB1_CAUR_M_CF3_RI2_TI2_R12_C02,NEW_ALNS_EXPANSION,M,CF3,1,PHASE6N_TOP4,False
CB1_CAUR_M_CF3_RI2_TI2_R12_C02__seed721202__it0000344,ts_ef49c30fdfde77f40a5d,CB1_CAUR_M_CF3_RI2_TI2_R12_C02,NEW_ALNS_EXPANSION,M,CF3,1,PHASE6N_TOP4,False
CB1_CAUR_M_CF3_RI2_TI2_R12_C02__seed721202__it0000429,ts_10993afb9ae19c872ea8,CB1_CAUR_M_CF3_RI2_TI2_R12_C02,NEW_ALNS_EXPANSION,M,CF3,1,PHASE6N_TOP4,False
CB1_CAUR_M_CF3_RI2_TI2_R12_C02__seed721202__it0000429,ts_1c0664b7cfd94be8ab9d,CB1_CAUR_M_CF3_RI2_TI2_R12_C02,NEW_ALNS_EXPANSION,M,CF3,1,PHASE6N_TOP4,False
CB1_CAUR_M_CF3_RI2_TI2_R12_C02__seed721202__it0000429,ts_4d3e5f35eea09b66a06b,CB1_CAUR_M_CF3_RI2_TI2_R12_C02,NEW_ALNS_EXPANSION,M,CF3,1,PHASE6N_TOP4,False
CB1_CAUR_M_CF3_RI2_TI2_R12_C02__seed721202__it0000429,ts_56acbf956a08477b03e7,CB1_CAUR_M_CF3_RI2_TI2_R12_C02,NEW_ALNS_EXPANSION,M,CF3,1,PHASE6N_TOP4,False
CB1_CAUR_M_CF3_RI2_TI2_R12_C02__seed721202__it0000429,ts_d0110befc5335c35022c,CB1_CAUR_M_CF3_RI2_TI2_R12_C02,NEW_ALNS_EXPANSION,M,CF3,1,CANONICAL_FALLBACK,True
CB1_CAUR_M_CF3_RI2_TI2_R12_C02__seed721202__it0000507,ts_3bf275566a119f29f537,CB1_CAUR_M_CF3_RI2_TI2_R12_C02,NEW_ALNS_EXPANSION,M,CF3,1,PHASE6N_TOP4,False
CB1_CAUR_M_CF3_RI2_TI2_R12_C02__seed721202__it0000507,ts_3d1e22e9837b117a9e05,CB1_CAUR_M_CF3_RI2_TI2_R12_C02,NEW_ALNS_EXPANSION,M,CF3,1,CANONICAL_FALLBACK,True
CB1_CAUR_M_CF3_RI2_TI2_R12_C02__seed721202__it0000507,ts_427a671a2c4cec78ed1b,CB1_CAUR_M_CF3_RI2_TI2_R12_C02,NEW_ALNS_EXPANSION,M,CF3,1,PHASE6N_TOP4,False
CB1_CAUR_M_CF3_RI2_TI2_R12_C02__seed721202__it0000507,ts_4943b93d9127aa8c570e,CB1_CAUR_M_CF3_RI2_TI2_R12_C02,NEW_ALNS_EXPANSION,M,CF3,1,PHASE6N_TOP4,False
CB1_CAUR_M_CF3_RI2_TI2_R12_C02__seed721202__it0000507,ts_76390f41910154db9a07,CB1_CAUR_M_CF3_RI2_TI2_R12_C02,NEW_ALNS_EXPANSION,M,CF3,1,PHASE6N_TOP4,False
CB1_CAUR_M_CF3_RI2_TI2_R12_C02__seed721202__it0000566,ts_02e0c33f834f9154b73f,CB1_CAUR_M_CF3_RI2_TI2_R12_C02,NEW_ALNS_EXPANSION,M,CF3,1,CANONICAL_FALLBACK,True
CB1_CAUR_M_CF3_RI2_TI2_R12_C02__seed721202__it0000566,ts_41f17ff75f00140a93ca,CB1_CAUR_M_CF3_RI2_TI2_R12_C02,NEW_ALNS_EXPANSION,M,CF3,1,PHASE6N_TOP4,False
CB1_CAUR_M_CF3_RI2_TI2_R12_C02__seed721202__it0000566,ts_4e86142291a3d7ce8700,CB1_CAUR_M_CF3_RI2_TI2_R12_C02,NEW_ALNS_EXPANSION,M,CF3,1,PHASE6N_TOP4,False
CB1_CAUR_M_CF3_RI2_TI2_R12_C02__seed721202__it0000566,ts_79b354aa8dd7c854e929,CB1_CAUR_M_CF3_RI2_TI2_R12_C02,NEW_ALNS_EXPANSION,M,CF3,1,PHASE6N_TOP4,False
CB1_CAUR_M_CF3_RI2_TI2_R12_C02__seed721202__it0000566,ts_7b8eab9cc3d3b6a80f0f,CB1_CAUR_M_CF3_RI2_TI2_R12_C02,NEW_ALNS_EXPANSION,M,CF3,1,PHASE6N_TOP4,False
CB1_CAUR_M_CF3_RI2_TI2_R12_C02__seed721203__it0000025,ts_4d10cc63a650bb1ecccf,CB1_CAUR_M_CF3_RI2_TI2_R12_C02,NEW_ALNS_EXPANSION,M,CF3,1,PHASE6N_TOP4,False
CB1_CAUR_M_CF3_RI2_TI2_R12_C02__seed721203__it0000025,ts_5c99c3b9887f894f4ffd,CB1_CAUR_M_CF3_RI2_TI2_R12_C02,NEW_ALNS_EXPANSION,M,CF3,1,PHASE6N_TOP4,False
CB1_CAUR_M_CF3_RI2_TI2_R12_C02__seed721203__it0000025,ts_a966fea324129d84cf00,CB1_CAUR_M_CF3_RI2_TI2_R12_C02,NEW_ALNS_EXPANSION,M,CF3,1,CANONICAL_FALLBACK,True
CB1_CAUR_M_CF3_RI2_TI2_R12_C02__seed721203__it0000025,ts_e983e6589b9eb61ea5ea,CB1_CAUR_M_CF3_RI2_TI2_R12_C02,NEW_ALNS_EXPANSION,M,CF3,1,PHASE6N_TOP4,False
CB1_CAUR_M_CF3_RI2_TI2_R12_C02__seed721203__it0000025,ts_fac2d7ce64d3b9fbf2aa,CB1_CAUR_M_CF3_RI2_TI2_R12_C02,NEW_ALNS_EXPANSION,M,CF3,1,PHASE6N_TOP4,False
CB1_CAUR_M_CF3_RI2_TI2_R12_C02__seed721203__it0000104,ts_6e5b7ef3f8aeb405a3f6,CB1_CAUR_M_CF3_RI2_TI2_R12_C02,NEW_ALNS_EXPANSION,M,CF3,1,PHASE6N_TOP4,False
CB1_CAUR_M_CF3_RI2_TI2_R12_C02__seed721203__it0000104,ts_976970e044d957e44d2d,CB1_CAUR_M_CF3_RI2_TI2_R12_C02,NEW_ALNS_EXPANSION,M,CF3,1,PHASE6N_TOP4,False
CB1_CAUR_M_CF3_RI2_TI2_R12_C02__seed721203__it0000104,ts_b5514d3c7f1454bce749,CB1_CAUR_M_CF3_RI2_TI2_R12_C02,NEW_ALNS_EXPANSION,M,CF3,1,CANONICAL_FALLBACK,True
CB1_CAUR_M_CF3_RI2_TI2_R12_C02__seed721203__it0000104,ts_c546f46971374a29578d,CB1_CAUR_M_CF3_RI2_TI2_R12_C02,NEW_ALNS_EXPANSION,M,CF3,1,PHASE6N_TOP4,False
CB1_CAUR_M_CF3_RI2_TI2_R12_C02__seed721203__it0000104,ts_e3a7eac16fe05bb1715f,CB1_CAUR_M_CF3_RI2_TI2_R12_C02,NEW_ALNS_EXPANSION,M,CF3,1,PHASE6N_TOP4,False
CB1_CAUR_M_CF3_RI2_TI2_R12_C02__seed721203__it0000188,ts_69f75915b6f1239df8b5,CB1_CAUR_M_CF3_RI2_TI2_R12_C02,NEW_ALNS_EXPANSION,M,CF3,1,PHASE6N_TOP4,False
CB1_CAUR_M_CF3_RI2_TI2_R12_C02__seed721203__it0000188,ts_d2ccd45afd09790109fd,CB1_CAUR_M_CF3_RI2_TI2_R12_C02,NEW_ALNS_EXPANSION,M,CF3,1,PHASE6N_TOP4,False
CB1_CAUR_M_CF3_RI2_TI2_R12_C02__seed721203__it0000188,ts_e22208405910900dfca6,CB1_CAUR_M_CF3_RI2_TI2_R12_C02,NEW_ALNS_EXPANSION,M,CF3,1,PHASE6N_TOP4,False
CB1_CAUR_M_CF3_RI2_TI2_R12_C02__seed721203__it0000188,ts_f3546d6fb27686ea824f,CB1_CAUR_M_CF3_RI2_TI2_R12_C02,NEW_ALNS_EXPANSION,M,CF3,1,PHASE6N_TOP4,False
CB1_CAUR_M_CF3_RI2_TI2_R12_C02__seed721203__it0000188,ts_fcdc11e25df852e12991,CB1_CAUR_M_CF3_RI2_TI2_R12_C02,NEW_ALNS_EXPANSION,M,CF3,1,CANONICAL_FALLBACK,True
CB1_CAUR_M_CF3_RI2_TI2_R12_C02__seed721203__it0000267,ts_033a050b8598806d80a5,CB1_CAUR_M_CF3_RI2_TI2_R12_C02,NEW_ALNS_EXPANSION,M,CF3,1,CANONICAL_FALLBACK,True
CB1_CAUR_M_CF3_RI2_TI2_R12_C02__seed721203__it0000267,ts_3f1a6cbd877fdb783c63,CB1_CAUR_M_CF3_RI2_TI2_R12_C02,NEW_ALNS_EXPANSION,M,CF3,1,PHASE6N_TOP4,False
CB1_CAUR_M_CF3_RI2_TI2_R12_C02__seed721203__it0000267,ts_54fe721a0597d2e1e977,CB1_CAUR_M_CF3_RI2_TI2_R12_C02,NEW_ALNS_EXPANSION,M,CF3,1,PHASE6N_TOP4,False
CB1_CAUR_M_CF3_RI2_TI2_R12_C02__seed721203__it0000267,ts_be6a96844f793011a524,CB1_CAUR_M_CF3_RI2_TI2_R12_C02,NEW_ALNS_EXPANSION,M,CF3,1,PHASE6N_TOP4,False
CB1_CAUR_M_CF3_RI2_TI2_R12_C02__seed721203__it0000267,ts_dc25b6e414c606c33f04,CB1_CAUR_M_CF3_RI2_TI2_R12_C02,NEW_ALNS_EXPANSION,M,CF3,1,PHASE6N_TOP4,False
CB1_CAUR_M_CF3_RI2_TI2_R12_C02__seed721203__it0000344,ts_3d2ac947d6a25da3a795,CB1_CAUR_M_CF3_RI2_TI2_R12_C02,NEW_ALNS_EXPANSION,M,CF3,1,PHASE6N_TOP4,False
CB1_CAUR_M_CF3_RI2_TI2_R12_C02__seed721203__it0000344,ts_4740460b5b38eb4b1940,CB1_CAUR_M_CF3_RI2_TI2_R12_C02,NEW_ALNS_EXPANSION,M,CF3,1,PHASE6N_TOP4,False
CB1_CAUR_M_CF3_RI2_TI2_R12_C02__seed721203__it0000344,ts_56a48881ca83964c8818,CB1_CAUR_M_CF3_RI2_TI2_R12_C02,NEW_ALNS_EXPANSION,M,CF3,1,PHASE6N_TOP4,False
CB1_CAUR_M_CF3_RI2_TI2_R12_C02__seed721203__it0000344,ts_8ff0b7fc92ee1447a5f2,CB1_CAUR_M_CF3_RI2_TI2_R12_C02,NEW_ALNS_EXPANSION,M,CF3,1,PHASE6N_TOP4,False
CB1_CAUR_M_CF3_RI2_TI2_R12_C02__seed721203__it0000344,ts_b5d593755e6ac51995fc,CB1_CAUR_M_CF3_RI2_TI2_R12_C02,NEW_ALNS_EXPANSION,M,CF3,1,CANONICAL_FALLBACK,True
CB1_CAUR_M_CF3_RI2_TI2_R12_C02__seed721203__it0000427,ts_37e0ef59d8b36e30c7f4,CB1_CAUR_M_CF3_RI2_TI2_R12_C02,NEW_ALNS_EXPANSION,M,CF3,1,PHASE6N_TOP4,False
CB1_CAUR_M_CF3_RI2_TI2_R12_C02__seed721203__it0000427,ts_419877d8d1b592fe8c37,CB1_CAUR_M_CF3_RI2_TI2_R12_C02,NEW_ALNS_EXPANSION,M,CF3,1,PHASE6N_TOP4,False
CB1_CAUR_M_CF3_RI2_TI2_R12_C02__seed721203__it0000427,ts_832d1e0c600895cf77ed,CB1_CAUR_M_CF3_RI2_TI2_R12_C02,NEW_ALNS_EXPANSION,M,CF3,1,CANONICAL_FALLBACK,True
CB1_CAUR_M_CF3_RI2_TI2_R12_C02__seed721203__it0000427,ts_9eec7206f501f298df23,CB1_CAUR_M_CF3_RI2_TI2_R12_C02,NEW_ALNS_EXPANSION,M,CF3,1,PHASE6N_TOP4,False
CB1_CAUR_M_CF3_RI2_TI2_R12_C02__seed721203__it0000427,ts_e5abb2c6f6f3106e9859,CB1_CAUR_M_CF3_RI2_TI2_R12_C02,NEW_ALNS_EXPANSION,M,CF3,1,PHASE6N_TOP4,False
CB1_CAUR_M_CF3_RI2_TI2_R12_C02__seed721203__it0000505,ts_00641b83de7aeb5b406e,CB1_CAUR_M_CF3_RI2_TI2_R12_C02,NEW_ALNS_EXPANSION,M,CF3,1,PHASE6N_TOP4,False
CB1_CAUR_M_CF3_RI2_TI2_R12_C02__seed721203__it0000505,ts_3f0aaef85ff834206700,CB1_CAUR_M_CF3_RI2_TI2_R12_C02,NEW_ALNS_EXPANSION,M,CF3,1,PHASE6N_TOP4,False
CB1_CAUR_M_CF3_RI2_TI2_R12_C02__seed721203__it0000505,ts_81b47cdd5c1e7e4f4179,CB1_CAUR_M_CF3_RI2_TI2_R12_C02,NEW_ALNS_EXPANSION,M,CF3,1,PHASE6N_TOP4,False
CB1_CAUR_M_CF3_RI2_TI2_R12_C02__seed721203__it0000505,ts_a779f78b0b91dfd304fa,CB1_CAUR_M_CF3_RI2_TI2_R12_C02,NEW_ALNS_EXPANSION,M,CF3,1,PHASE6N_TOP4,False
CB1_CAUR_M_CF3_RI2_TI2_R12_C02__seed721203__it0000505,ts_e13f7ce67c4e9b150e85,CB1_CAUR_M_CF3_RI2_TI2_R12_C02,NEW_ALNS_EXPANSION,M,CF3,1,CANONICAL_FALLBACK,True
CB1_CAUR_M_CF3_RI2_TI2_R12_C02__seed721203__it0000564,ts_5a1d98bda6fdbb8e1fa5,CB1_CAUR_M_CF3_RI2_TI2_R12_C02,NEW_ALNS_EXPANSION,M,CF3,1,CANONICAL_FALLBACK|PHASE6N_TOP4,True
CB1_CAUR_M_CF3_RI2_TI2_R12_C02__seed721203__it0000564,ts_b22201c1ae345978484d,CB1_CAUR_M_CF3_RI2_TI2_R12_C02,NEW_ALNS_EXPANSION,M,CF3,1,PHASE6N_TOP4,False
CB1_CAUR_M_CF3_RI2_TI2_R12_C02__seed721203__it0000564,ts_bbc16abc96c37db83250,CB1_CAUR_M_CF3_RI2_TI2_R12_C02,NEW_ALNS_EXPANSION,M,CF3,1,PHASE6N_TOP4,False
CB1_CAUR_M_CF3_RI2_TI2_R12_C02__seed721203__it0000564,ts_ef03a954e70ef01f0655,CB1_CAUR_M_CF3_RI2_TI2_R12_C02,NEW_ALNS_EXPANSION,M,CF3,1,PHASE6N_TOP4,False
CB1_CAUR_M_CF3_RI2_TI2_R12_C02__seed721204__it0000024,ts_3f51eb9f0c296623a687,CB1_CAUR_M_CF3_RI2_TI2_R12_C02,NEW_ALNS_EXPANSION,M,CF3,1,PHASE6N_TOP4,False
CB1_CAUR_M_CF3_RI2_TI2_R12_C02__seed721204__it0000024,ts_5c57a6e9794549bdf630,CB1_CAUR_M_CF3_RI2_TI2_R12_C02,NEW_ALNS_EXPANSION,M,CF3,1,PHASE6N_TOP4,False
CB1_CAUR_M_CF3_RI2_TI2_R12_C02__seed721204__it0000024,ts_709df396cdcf1f114032,CB1_CAUR_M_CF3_RI2_TI2_R12_C02,NEW_ALNS_EXPANSION,M,CF3,1,PHASE6N_TOP4,False
CB1_CAUR_M_CF3_RI2_TI2_R12_C02__seed721204__it0000024,ts_dc59d0ef020e340a6f15,CB1_CAUR_M_CF3_RI2_TI2_R12_C02,NEW_ALNS_EXPANSION,M,CF3,1,CANONICAL_FALLBACK,True
CB1_CAUR_M_CF3_RI2_TI2_R12_C02__seed721204__it0000024,ts_e3d9f2446450b15a86a7,CB1_CAUR_M_CF3_RI2_TI2_R12_C02,NEW_ALNS_EXPANSION,M,CF3,1,PHASE6N_TOP4,False
CB1_CAUR_M_CF3_RI2_TI2_R12_C02__seed721204__it0000102,ts_86878992012222949253,CB1_CAUR_M_CF3_RI2_TI2_R12_C02,NEW_ALNS_EXPANSION,M,CF3,1,PHASE6N_TOP4,False
CB1_CAUR_M_CF3_RI2_TI2_R12_C02__seed721204__it0000102,ts_8993921246d212a2e727,CB1_CAUR_M_CF3_RI2_TI2_R12_C02,NEW_ALNS_EXPANSION,M,CF3,1,PHASE6N_TOP4,False
CB1_CAUR_M_CF3_RI2_TI2_R12_C02__seed721204__it0000102,ts_9c510f4b6b126626fa88,CB1_CAUR_M_CF3_RI2_TI2_R12_C02,NEW_ALNS_EXPANSION,M,CF3,1,PHASE6N_TOP4,False
CB1_CAUR_M_CF3_RI2_TI2_R12_C02__seed721204__it0000102,ts_a9e6343ff3faa83ca5b0,CB1_CAUR_M_CF3_RI2_TI2_R12_C02,NEW_ALNS_EXPANSION,M,CF3,1,CANONICAL_FALLBACK,True
CB1_CAUR_M_CF3_RI2_TI2_R12_C02__seed721204__it0000102,ts_ef66e7d5762539334a41,CB1_CAUR_M_CF3_RI2_TI2_R12_C02,NEW_ALNS_EXPANSION,M,CF3,1,PHASE6N_TOP4,False
CB1_CAUR_M_CF3_RI2_TI2_R12_C02__seed721204__it0000185,ts_02800601e78877cdb0c1,CB1_CAUR_M_CF3_RI2_TI2_R12_C02,NEW_ALNS_EXPANSION,M,CF3,1,PHASE6N_TOP4,False
CB1_CAUR_M_CF3_RI2_TI2_R12_C02__seed721204__it0000185,ts_1514b242f124d121db96,CB1_CAUR_M_CF3_RI2_TI2_R12_C02,NEW_ALNS_EXPANSION,M,CF3,1,CANONICAL_FALLBACK,True
CB1_CAUR_M_CF3_RI2_TI2_R12_C02__seed721204__it0000185,ts_1bad408e8244f3d65f3b,CB1_CAUR_M_CF3_RI2_TI2_R12_C02,NEW_ALNS_EXPANSION,M,CF3,1,PHASE6N_TOP4,False
CB1_CAUR_M_CF3_RI2_TI2_R12_C02__seed721204__it0000185,ts_753db4600f8d6140d1ed,CB1_CAUR_M_CF3_RI2_TI2_R12_C02,NEW_ALNS_EXPANSION,M,CF3,1,PHASE6N_TOP4,False
CB1_CAUR_M_CF3_RI2_TI2_R12_C02__seed721204__it0000185,ts_9017b5dd0b1b3cd94963,CB1_CAUR_M_CF3_RI2_TI2_R12_C02,NEW_ALNS_EXPANSION,M,CF3,1,PHASE6N_TOP4,False
CB1_CAUR_M_CF3_RI2_TI2_R12_C02__seed721204__it0000264,ts_1261dff6061b9f5ed2f6,CB1_CAUR_M_CF3_RI2_TI2_R12_C02,NEW_ALNS_EXPANSION,M,CF3,1,PHASE6N_TOP4,False
CB1_CAUR_M_CF3_RI2_TI2_R12_C02__seed721204__it0000264,ts_19e5191320de6e47711f,CB1_CAUR_M_CF3_RI2_TI2_R12_C02,NEW_ALNS_EXPANSION,M,CF3,1,PHASE6N_TOP4,False
CB1_CAUR_M_CF3_RI2_TI2_R12_C02__seed721204__it0000264,ts_75f4f5d6db1bd42b24bf,CB1_CAUR_M_CF3_RI2_TI2_R12_C02,NEW_ALNS_EXPANSION,M,CF3,1,CANONICAL_FALLBACK,True
CB1_CAUR_M_CF3_RI2_TI2_R12_C02__seed721204__it0000264,ts_b387fc19c48021b83ee5,CB1_CAUR_M_CF3_RI2_TI2_R12_C02,NEW_ALNS_EXPANSION,M,CF3,1,PHASE6N_TOP4,False
CB1_CAUR_M_CF3_RI2_TI2_R12_C02__seed721204__it0000264,ts_e4655b3e66884b846a82,CB1_CAUR_M_CF3_RI2_TI2_R12_C02,NEW_ALNS_EXPANSION,M,CF3,1,PHASE6N_TOP4,False
CB1_CAUR_M_CF3_RI2_TI2_R12_C02__seed721204__it0000343,ts_0620dd52efcacaebc4c2,CB1_CAUR_M_CF3_RI2_TI2_R12_C02,NEW_ALNS_EXPANSION,M,CF3,1,PHASE6N_TOP4,False
CB1_CAUR_M_CF3_RI2_TI2_R12_C02__seed721204__it0000343,ts_8ae6a0faa7ec03dd2ba1,CB1_CAUR_M_CF3_RI2_TI2_R12_C02,NEW_ALNS_EXPANSION,M,CF3,1,PHASE6N_TOP4,False
CB1_CAUR_M_CF3_RI2_TI2_R12_C02__seed721204__it0000343,ts_a613461115fe5fa421cd,CB1_CAUR_M_CF3_RI2_TI2_R12_C02,NEW_ALNS_EXPANSION,M,CF3,1,PHASE6N_TOP4,False
CB1_CAUR_M_CF3_RI2_TI2_R12_C02__seed721204__it0000343,ts_c8bbcf3e444c00e7972b,CB1_CAUR_M_CF3_RI2_TI2_R12_C02,NEW_ALNS_EXPANSION,M,CF3,1,CANONICAL_FALLBACK,True
CB1_CAUR_M_CF3_RI2_TI2_R12_C02__seed721204__it0000343,ts_ea9548984fd448a6e12c,CB1_CAUR_M_CF3_RI2_TI2_R12_C02,NEW_ALNS_EXPANSION,M,CF3,1,PHASE6N_TOP4,False
CB1_CAUR_M_CF3_RI2_TI2_R12_C02__seed721204__it0000429,ts_349ef9862cac9637a879,CB1_CAUR_M_CF3_RI2_TI2_R12_C02,NEW_ALNS_EXPANSION,M,CF3,1,CANONICAL_FALLBACK,True
CB1_CAUR_M_CF3_RI2_TI2_R12_C02__seed721204__it0000429,ts_5e0f8fd6f6af105341db,CB1_CAUR_M_CF3_RI2_TI2_R12_C02,NEW_ALNS_EXPANSION,M,CF3,1,PHASE6N_TOP4,False
CB1_CAUR_M_CF3_RI2_TI2_R12_C02__seed721204__it0000429,ts_6aa1176b3b2cdf3b9b3f,CB1_CAUR_M_CF3_RI2_TI2_R12_C02,NEW_ALNS_EXPANSION,M,CF3,1,PHASE6N_TOP4,False
CB1_CAUR_M_CF3_RI2_TI2_R12_C02__seed721204__it0000429,ts_986b5ac9db0477a86a08,CB1_CAUR_M_CF3_RI2_TI2_R12_C02,NEW_ALNS_EXPANSION,M,CF3,1,PHASE6N_TOP4,False
CB1_CAUR_M_CF3_RI2_TI2_R12_C02__seed721204__it0000429,ts_9f8c1515906ac2271196,CB1_CAUR_M_CF3_RI2_TI2_R12_C02,NEW_ALNS_EXPANSION,M,CF3,1,PHASE6N_TOP4,False
CB1_CAUR_M_CF3_RI2_TI2_R12_C02__seed721204__it0000507,ts_3f566c413f1b8c31b19a,CB1_CAUR_M_CF3_RI2_TI2_R12_C02,NEW_ALNS_EXPANSION,M,CF3,1,PHASE6N_TOP4,False
CB1_CAUR_M_CF3_RI2_TI2_R12_C02__seed721204__it0000507,ts_4e10453fac7fa09ff686,CB1_CAUR_M_CF3_RI2_TI2_R12_C02,NEW_ALNS_EXPANSION,M,CF3,1,PHASE6N_TOP4,False
CB1_CAUR_M_CF3_RI2_TI2_R12_C02__seed721204__it0000507,ts_5a1182f486d5641a83de,CB1_CAUR_M_CF3_RI2_TI2_R12_C02,NEW_ALNS_EXPANSION,M,CF3,1,CANONICAL_FALLBACK,True
CB1_CAUR_M_CF3_RI2_TI2_R12_C02__seed721204__it0000507,ts_666ed47c011a3e88638c,CB1_CAUR_M_CF3_RI2_TI2_R12_C02,NEW_ALNS_EXPANSION,M,CF3,1,PHASE6N_TOP4,False
CB1_CAUR_M_CF3_RI2_TI2_R12_C02__seed721204__it0000507,ts_c38164d43503ee9c6b44,CB1_CAUR_M_CF3_RI2_TI2_R12_C02,NEW_ALNS_EXPANSION,M,CF3,1,PHASE6N_TOP4,False
CB1_CAUR_M_CF3_RI2_TI2_R12_C02__seed721204__it0000567,ts_042c21017bbf2c2f7318,CB1_CAUR_M_CF3_RI2_TI2_R12_C02,NEW_ALNS_EXPANSION,M,CF3,1,PHASE6N_TOP4,False
CB1_CAUR_M_CF3_RI2_TI2_R12_C02__seed721204__it0000567,ts_1d4b688dbed7c0dcb038,CB1_CAUR_M_CF3_RI2_TI2_R12_C02,NEW_ALNS_EXPANSION,M,CF3,1,PHASE6N_TOP4,False
CB1_CAUR_M_CF3_RI2_TI2_R12_C02__seed721204__it0000567,ts_e39ff25843ef750b3edc,CB1_CAUR_M_CF3_RI2_TI2_R12_C02,NEW_ALNS_EXPANSION,M,CF3,1,PHASE6N_TOP4,False
CB1_CAUR_M_CF3_RI2_TI2_R12_C02__seed721204__it0000567,ts_f2426bc1009ef84926ef,CB1_CAUR_M_CF3_RI2_TI2_R12_C02,NEW_ALNS_EXPANSION,M,CF3,1,CANONICAL_FALLBACK|PHASE6N_TOP4,True
CB1_CAUR_M_CF3_RI2_TI2_R12__seed691201__it0000012,ts_12c75133e829c4314cff,CB1_CAUR_M_CF3_RI2_TI2_R12,ORIGINAL_PHASE6J_CAUR,M,CF3,1,PHASE6N_TOP4,False
CB1_CAUR_M_CF3_RI2_TI2_R12__seed691201__it0000012,ts_2c355d59ae37761e9df5,CB1_CAUR_M_CF3_RI2_TI2_R12,ORIGINAL_PHASE6J_CAUR,M,CF3,1,PHASE6N_TOP4,False
CB1_CAUR_M_CF3_RI2_TI2_R12__seed691201__it0000012,ts_2e1fc9499ad0d62f1934,CB1_CAUR_M_CF3_RI2_TI2_R12,ORIGINAL_PHASE6J_CAUR,M,CF3,1,PHASE6L_TOP4,False
CB1_CAUR_M_CF3_RI2_TI2_R12__seed691201__it0000012,ts_2f1a6c87ae4898c3a5d4,CB1_CAUR_M_CF3_RI2_TI2_R12,ORIGINAL_PHASE6J_CAUR,M,CF3,1,PHASE6N_TOP4,False
CB1_CAUR_M_CF3_RI2_TI2_R12__seed691201__it0000012,ts_3d609f0b7ab46955928b,CB1_CAUR_M_CF3_RI2_TI2_R12,ORIGINAL_PHASE6J_CAUR,M,CF3,1,PHASE6L_TOP4,False
CB1_CAUR_M_CF3_RI2_TI2_R12__seed691201__it0000012,ts_3d8c5833fc98df340624,CB1_CAUR_M_CF3_RI2_TI2_R12,ORIGINAL_PHASE6J_CAUR,M,CF3,1,PHASE6L_TOP4|PHASE6N_TOP4,False
CB1_CAUR_M_CF3_RI2_TI2_R12__seed691201__it0000012,ts_3dbaf5c3b7c1809a284d,CB1_CAUR_M_CF3_RI2_TI2_R12,ORIGINAL_PHASE6J_CAUR,M,CF3,1,CANONICAL_FALLBACK,True
CB1_CAUR_M_CF3_RI2_TI2_R12__seed691201__it0000012,ts_abe8047338f02bb652bd,CB1_CAUR_M_CF3_RI2_TI2_R12,ORIGINAL_PHASE6J_CAUR,M,CF3,1,PHASE6L_TOP4,False
CB1_CAUR_M_CF3_RI2_TI2_R12__seed691201__it0000053,ts_145540143bbbac75aa0f,CB1_CAUR_M_CF3_RI2_TI2_R12,ORIGINAL_PHASE6J_CAUR,M,CF3,1,PHASE6L_TOP4|PHASE6N_TOP4,False
CB1_CAUR_M_CF3_RI2_TI2_R12__seed691201__it0000053,ts_1ba95435280e1539d2e1,CB1_CAUR_M_CF3_RI2_TI2_R12,ORIGINAL_PHASE6J_CAUR,M,CF3,1,PHASE6N_TOP4,False
CB1_CAUR_M_CF3_RI2_TI2_R12__seed691201__it0000053,ts_7e3f4560de9ec27d072d,CB1_CAUR_M_CF3_RI2_TI2_R12,ORIGINAL_PHASE6J_CAUR,M,CF3,1,PHASE6L_TOP4|PHASE6N_TOP4,False
CB1_CAUR_M_CF3_RI2_TI2_R12__seed691201__it0000053,ts_7ef43d435f3b3f3d1f0a,CB1_CAUR_M_CF3_RI2_TI2_R12,ORIGINAL_PHASE6J_CAUR,M,CF3,1,CANONICAL_FALLBACK,True
CB1_CAUR_M_CF3_RI2_TI2_R12__seed691201__it0000053,ts_a8ced2ba8a61b13275af,CB1_CAUR_M_CF3_RI2_TI2_R12,ORIGINAL_PHASE6J_CAUR,M,CF3,1,PHASE6L_TOP4,False
CB1_CAUR_M_CF3_RI2_TI2_R12__seed691201__it0000053,ts_be461e4f65775ac0f794,CB1_CAUR_M_CF3_RI2_TI2_R12,ORIGINAL_PHASE6J_CAUR,M,CF3,1,PHASE6L_TOP4|PHASE6N_TOP4,False
CB1_CAUR_M_CF3_RI2_TI2_R12__seed691201__it0000096,ts_0f7ad108c36c7894c087,CB1_CAUR_M_CF3_RI2_TI2_R12,ORIGINAL_PHASE6J_CAUR,M,CF3,1,PHASE6N_TOP4,False
CB1_CAUR_M_CF3_RI2_TI2_R12__seed691201__it0000096,ts_421ed0a0321a407972bf,CB1_CAUR_M_CF3_RI2_TI2_R12,ORIGINAL_PHASE6J_CAUR,M,CF3,1,PHASE6L_TOP4,False
CB1_CAUR_M_CF3_RI2_TI2_R12__seed691201__it0000096,ts_49cb4c77c3c2037deeb8,CB1_CAUR_M_CF3_RI2_TI2_R12,ORIGINAL_PHASE6J_CAUR,M,CF3,1,PHASE6N_TOP4,False
CB1_CAUR_M_CF3_RI2_TI2_R12__seed691201__it0000096,ts_5299efba593006a660d4,CB1_CAUR_M_CF3_RI2_TI2_R12,ORIGINAL_PHASE6J_CAUR,M,CF3,1,PHASE6L_TOP4,False
CB1_CAUR_M_CF3_RI2_TI2_R12__seed691201__it0000096,ts_62b2cee07077ed28e302,CB1_CAUR_M_CF3_RI2_TI2_R12,ORIGINAL_PHASE6J_CAUR,M,CF3,1,CANONICAL_FALLBACK,True
CB1_CAUR_M_CF3_RI2_TI2_R12__seed691201__it0000096,ts_80596e1d9466a1199ec9,CB1_CAUR_M_CF3_RI2_TI2_R12,ORIGINAL_PHASE6J_CAUR,M,CF3,1,PHASE6L_TOP4,False
CB1_CAUR_M_CF3_RI2_TI2_R12__seed691201__it0000096,ts_85251ca7a231801ab6ba,CB1_CAUR_M_CF3_RI2_TI2_R12,ORIGINAL_PHASE6J_CAUR,M,CF3,1,PHASE6N_TOP4,False
CB1_CAUR_M_CF3_RI2_TI2_R12__seed691201__it0000096,ts_944b6fd931005cd1d944,CB1_CAUR_M_CF3_RI2_TI2_R12,ORIGINAL_PHASE6J_CAUR,M,CF3,1,PHASE6L_TOP4,False
CB1_CAUR_M_CF3_RI2_TI2_R12__seed691201__it0000096,ts_95953546b3737dc4cd53,CB1_CAUR_M_CF3_RI2_TI2_R12,ORIGINAL_PHASE6J_CAUR,M,CF3,1,PHASE6N_TOP4,False
CB1_CAUR_M_CF3_RI2_TI2_R12__seed691201__it0000136,ts_0367e9414f9cef239df7,CB1_CAUR_M_CF3_RI2_TI2_R12,ORIGINAL_PHASE6J_CAUR,M,CF3,1,PHASE6L_TOP4,False
CB1_CAUR_M_CF3_RI2_TI2_R12__seed691201__it0000136,ts_0c4da100bea2d02879e4,CB1_CAUR_M_CF3_RI2_TI2_R12,ORIGINAL_PHASE6J_CAUR,M,CF3,1,PHASE6N_TOP4,False
CB1_CAUR_M_CF3_RI2_TI2_R12__seed691201__it0000136,ts_3e40619ccd09f6a89cb7,CB1_CAUR_M_CF3_RI2_TI2_R12,ORIGINAL_PHASE6J_CAUR,M,CF3,1,CANONICAL_FALLBACK|PHASE6L_TOP4,True
CB1_CAUR_M_CF3_RI2_TI2_R12__seed691201__it0000136,ts_8fcf69d213332e55cd39,CB1_CAUR_M_CF3_RI2_TI2_R12,ORIGINAL_PHASE6J_CAUR,M,CF3,1,PHASE6N_TOP4,False
CB1_CAUR_M_CF3_RI2_TI2_R12__seed691201__it0000136,ts_a36b3cffd8683bf90430,CB1_CAUR_M_CF3_RI2_TI2_R12,ORIGINAL_PHASE6J_CAUR,M,CF3,1,PHASE6L_TOP4|PHASE6N_TOP4,False
CB1_CAUR_M_CF3_RI2_TI2_R12__seed691201__it0000136,ts_ad433959024e19b22a56,CB1_CAUR_M_CF3_RI2_TI2_R12,ORIGINAL_PHASE6J_CAUR,M,CF3,1,PHASE6N_TOP4,False
CB1_CAUR_M_CF3_RI2_TI2_R12__seed691201__it0000136,ts_f5ada9b2a47aece8955a,CB1_CAUR_M_CF3_RI2_TI2_R12,ORIGINAL_PHASE6J_CAUR,M,CF3,1,PHASE6L_TOP4,False
CB1_CAUR_M_CF3_RI2_TI2_R12__seed691201__it0000176,ts_0d7f964039c988b0fb2b,CB1_CAUR_M_CF3_RI2_TI2_R12,ORIGINAL_PHASE6J_CAUR,M,CF3,1,PHASE6L_TOP4,False
CB1_CAUR_M_CF3_RI2_TI2_R12__seed691201__it0000176,ts_30eb72223db97f8b9be2,CB1_CAUR_M_CF3_RI2_TI2_R12,ORIGINAL_PHASE6J_CAUR,M,CF3,1,PHASE6L_TOP4|PHASE6N_TOP4,False
CB1_CAUR_M_CF3_RI2_TI2_R12__seed691201__it0000176,ts_43932c0dc8160e404624,CB1_CAUR_M_CF3_RI2_TI2_R12,ORIGINAL_PHASE6J_CAUR,M,CF3,1,CANONICAL_FALLBACK,True
CB1_CAUR_M_CF3_RI2_TI2_R12__seed691201__it0000176,ts_874ca5d7cb73efd2c342,CB1_CAUR_M_CF3_RI2_TI2_R12,ORIGINAL_PHASE6J_CAUR,M,CF3,1,PHASE6N_TOP4,False
CB1_CAUR_M_CF3_RI2_TI2_R12__seed691201__it0000176,ts_896885c9471fcf8cf563,CB1_CAUR_M_CF3_RI2_TI2_R12,ORIGINAL_PHASE6J_CAUR,M,CF3,1,PHASE6N_TOP4,False
CB1_CAUR_M_CF3_RI2_TI2_R12__seed691201__it0000176,ts_aee04e9b6bf2ac15076d,CB1_CAUR_M_CF3_RI2_TI2_R12,ORIGINAL_PHASE6J_CAUR,M,CF3,1,PHASE6N_TOP4,False
CB1_CAUR_M_CF3_RI2_TI2_R12__seed691201__it0000176,ts_f2ba6ec2b003038705a0,CB1_CAUR_M_CF3_RI2_TI2_R12,ORIGINAL_PHASE6J_CAUR,M,CF3,1,PHASE6L_TOP4,False
CB1_CAUR_M_CF3_RI2_TI2_R12__seed691201__it0000176,ts_fd1327ed722990ee4758,CB1_CAUR_M_CF3_RI2_TI2_R12,ORIGINAL_PHASE6J_CAUR,M,CF3,1,PHASE6L_TOP4,False
CB1_CAUR_M_CF3_RI2_TI2_R12__seed691201__it0000218,ts_122a7dfdfa11822cceb6,CB1_CAUR_M_CF3_RI2_TI2_R12,ORIGINAL_PHASE6J_CAUR,M,CF3,1,PHASE6L_TOP4,False
CB1_CAUR_M_CF3_RI2_TI2_R12__seed691201__it0000218,ts_1e5bf0533d46ba2665ea,CB1_CAUR_M_CF3_RI2_TI2_R12,ORIGINAL_PHASE6J_CAUR,M,CF3,1,PHASE6N_TOP4,False
CB1_CAUR_M_CF3_RI2_TI2_R12__seed691201__it0000218,ts_3f72c136a8cfa032cc59,CB1_CAUR_M_CF3_RI2_TI2_R12,ORIGINAL_PHASE6J_CAUR,M,CF3,1,PHASE6L_TOP4,False
CB1_CAUR_M_CF3_RI2_TI2_R12__seed691201__it0000218,ts_4601d5af9f9049f93dfd,CB1_CAUR_M_CF3_RI2_TI2_R12,ORIGINAL_PHASE6J_CAUR,M,CF3,1,PHASE6L_TOP4,False
CB1_CAUR_M_CF3_RI2_TI2_R12__seed691201__it0000218,ts_73e62e727896bf79bf9e,CB1_CAUR_M_CF3_RI2_TI2_R12,ORIGINAL_PHASE6J_CAUR,M,CF3,1,PHASE6N_TOP4,False
CB1_CAUR_M_CF3_RI2_TI2_R12__seed691201__it0000218,ts_7818a35d88d178cb3c84,CB1_CAUR_M_CF3_RI2_TI2_R12,ORIGINAL_PHASE6J_CAUR,M,CF3,1,CANONICAL_FALLBACK,True
CB1_CAUR_M_CF3_RI2_TI2_R12__seed691201__it0000218,ts_7c778560b1f1d767339b,CB1_CAUR_M_CF3_RI2_TI2_R12,ORIGINAL_PHASE6J_CAUR,M,CF3,1,PHASE6N_TOP4,False
CB1_CAUR_M_CF3_RI2_TI2_R12__seed691201__it0000218,ts_f677e3ad6c3c86b8b8c1,CB1_CAUR_M_CF3_RI2_TI2_R12,ORIGINAL_PHASE6J_CAUR,M,CF3,1,PHASE6L_TOP4|PHASE6N_TOP4,False
CB1_CAUR_M_CF3_RI2_TI2_R12__seed691201__it0000259,ts_10aaae2f52deb558b444,CB1_CAUR_M_CF3_RI2_TI2_R12,ORIGINAL_PHASE6J_CAUR,M,CF3,1,PHASE6N_TOP4,False
CB1_CAUR_M_CF3_RI2_TI2_R12__seed691201__it0000259,ts_1504750e74cf2bb37368,CB1_CAUR_M_CF3_RI2_TI2_R12,ORIGINAL_PHASE6J_CAUR,M,CF3,1,PHASE6L_TOP4|PHASE6N_TOP4,False
CB1_CAUR_M_CF3_RI2_TI2_R12__seed691201__it0000259,ts_223c771d8acc2c578cf6,CB1_CAUR_M_CF3_RI2_TI2_R12,ORIGINAL_PHASE6J_CAUR,M,CF3,1,PHASE6N_TOP4,False
CB1_CAUR_M_CF3_RI2_TI2_R12__seed691201__it0000259,ts_354eaf8a5b4a46164171,CB1_CAUR_M_CF3_RI2_TI2_R12,ORIGINAL_PHASE6J_CAUR,M,CF3,1,PHASE6L_TOP4,False
CB1_CAUR_M_CF3_RI2_TI2_R12__seed691201__it0000259,ts_439be8dcd96639182b28,CB1_CAUR_M_CF3_RI2_TI2_R12,ORIGINAL_PHASE6J_CAUR,M,CF3,1,PHASE6L_TOP4|PHASE6N_TOP4,False
CB1_CAUR_M_CF3_RI2_TI2_R12__seed691201__it0000259,ts_f7c498d5c24d7095ecd0,CB1_CAUR_M_CF3_RI2_TI2_R12,ORIGINAL_PHASE6J_CAUR,M,CF3,1,CANONICAL_FALLBACK|PHASE6L_TOP4,True
CB1_CAUR_M_CF3_RI2_TI2_R12__seed691201__it0000289,ts_23d01ce0210c894d1f61,CB1_CAUR_M_CF3_RI2_TI2_R12,ORIGINAL_PHASE6J_CAUR,M,CF3,1,PHASE6N_TOP4,False
CB1_CAUR_M_CF3_RI2_TI2_R12__seed691201__it0000289,ts_3719af20ceba36207452,CB1_CAUR_M_CF3_RI2_TI2_R12,ORIGINAL_PHASE6J_CAUR,M,CF3,1,PHASE6L_TOP4|PHASE6N_TOP4,False
CB1_CAUR_M_CF3_RI2_TI2_R12__seed691201__it0000289,ts_56d585eebadaba2ec5f8,CB1_CAUR_M_CF3_RI2_TI2_R12,ORIGINAL_PHASE6J_CAUR,M,CF3,1,PHASE6L_TOP4,False
CB1_CAUR_M_CF3_RI2_TI2_R12__seed691201__it0000289,ts_6c36d4ba476f2f724807,CB1_CAUR_M_CF3_RI2_TI2_R12,ORIGINAL_PHASE6J_CAUR,M,CF3,1,PHASE6L_TOP4|PHASE6N_TOP4,False
CB1_CAUR_M_CF3_RI2_TI2_R12__seed691201__it0000289,ts_8a1ed0d9090edb5aad0c,CB1_CAUR_M_CF3_RI2_TI2_R12,ORIGINAL_PHASE6J_CAUR,M,CF3,1,CANONICAL_FALLBACK,True
CB1_CAUR_M_CF3_RI2_TI2_R12__seed691201__it0000289,ts_d3caf03e7aa8a1305669,CB1_CAUR_M_CF3_RI2_TI2_R12,ORIGINAL_PHASE6J_CAUR,M,CF3,1,PHASE6L_TOP4,False
CB1_CAUR_M_CF3_RI2_TI2_R12__seed691201__it0000289,ts_f1abc1e98aecfe1726f6,CB1_CAUR_M_CF3_RI2_TI2_R12,ORIGINAL_PHASE6J_CAUR,M,CF3,1,PHASE6N_TOP4,False
CB1_CAUR_M_CF3_RI2_TI2_R12__seed691202__it0000012,ts_447a2c328dbbb35c86c1,CB1_CAUR_M_CF3_RI2_TI2_R12,ORIGINAL_PHASE6J_CAUR,M,CF3,1,PHASE6N_TOP4,False
CB1_CAUR_M_CF3_RI2_TI2_R12__seed691202__it0000012,ts_4f29b47efe3ada3d7c97,CB1_CAUR_M_CF3_RI2_TI2_R12,ORIGINAL_PHASE6J_CAUR,M,CF3,1,PHASE6N_TOP4,False
CB1_CAUR_M_CF3_RI2_TI2_R12__seed691202__it0000012,ts_5e619cc9d04576f5a337,CB1_CAUR_M_CF3_RI2_TI2_R12,ORIGINAL_PHASE6J_CAUR,M,CF3,1,PHASE6N_TOP4,False
CB1_CAUR_M_CF3_RI2_TI2_R12__seed691202__it0000012,ts_9e34558c02a537889279,CB1_CAUR_M_CF3_RI2_TI2_R12,ORIGINAL_PHASE6J_CAUR,M,CF3,1,PHASE6L_TOP4,False
CB1_CAUR_M_CF3_RI2_TI2_R12__seed691202__it0000012,ts_a166ad17677c22dc387a,CB1_CAUR_M_CF3_RI2_TI2_R12,ORIGINAL_PHASE6J_CAUR,M,CF3,1,PHASE6L_TOP4|PHASE6N_TOP4,False
CB1_CAUR_M_CF3_RI2_TI2_R12__seed691202__it0000012,ts_c38b5875fa367552af07,CB1_CAUR_M_CF3_RI2_TI2_R12,ORIGINAL_PHASE6J_CAUR,M,CF3,1,PHASE6L_TOP4,False
CB1_CAUR_M_CF3_RI2_TI2_R12__seed691202__it0000012,ts_de38274d542b20694a63,CB1_CAUR_M_CF3_RI2_TI2_R12,ORIGINAL_PHASE6J_CAUR,M,CF3,1,CANONICAL_FALLBACK,True
CB1_CAUR_M_CF3_RI2_TI2_R12__seed691202__it0000012,ts_dea78716767f02ae8e55,CB1_CAUR_M_CF3_RI2_TI2_R12,ORIGINAL_PHASE6J_CAUR,M,CF3,1,PHASE6L_TOP4,False
CB1_CAUR_M_CF3_RI2_TI2_R12__seed691202__it0000051,ts_044db18f7a28ac4c012b,CB1_CAUR_M_CF3_RI2_TI2_R12,ORIGINAL_PHASE6J_CAUR,M,CF3,1,PHASE6L_TOP4|PHASE6N_TOP4,False
CB1_CAUR_M_CF3_RI2_TI2_R12__seed691202__it0000051,ts_19ef25bd2154bb46786d,CB1_CAUR_M_CF3_RI2_TI2_R12,ORIGINAL_PHASE6J_CAUR,M,CF3,1,PHASE6L_TOP4,False
CB1_CAUR_M_CF3_RI2_TI2_R12__seed691202__it0000051,ts_240d9d5ce67e57b865f0,CB1_CAUR_M_CF3_RI2_TI2_R12,ORIGINAL_PHASE6J_CAUR,M,CF3,1,PHASE6L_TOP4,False
CB1_CAUR_M_CF3_RI2_TI2_R12__seed691202__it0000051,ts_5a19be44446834700b23,CB1_CAUR_M_CF3_RI2_TI2_R12,ORIGINAL_PHASE6J_CAUR,M,CF3,1,PHASE6L_TOP4,False
CB1_CAUR_M_CF3_RI2_TI2_R12__seed691202__it0000051,ts_5d05f159c5ac057153b8,CB1_CAUR_M_CF3_RI2_TI2_R12,ORIGINAL_PHASE6J_CAUR,M,CF3,1,CANONICAL_FALLBACK,True
CB1_CAUR_M_CF3_RI2_TI2_R12__seed691202__it0000051,ts_ccd14952d2f987d330e3,CB1_CAUR_M_CF3_RI2_TI2_R12,ORIGINAL_PHASE6J_CAUR,M,CF3,1,PHASE6N_TOP4,False
CB1_CAUR_M_CF3_RI2_TI2_R12__seed691202__it0000051,ts_cf7eebac4340c2bcd892,CB1_CAUR_M_CF3_RI2_TI2_R12,ORIGINAL_PHASE6J_CAUR,M,CF3,1,PHASE6N_TOP4,False
CB1_CAUR_M_CF3_RI2_TI2_R12__seed691202__it0000051,ts_da3329fdac591df68bb3,CB1_CAUR_M_CF3_RI2_TI2_R12,ORIGINAL_PHASE6J_CAUR,M,CF3,1,PHASE6N_TOP4,False
CB1_CAUR_M_CF3_RI2_TI2_R12__seed691202__it0000095,ts_0d93ac919d3ed695ca30,CB1_CAUR_M_CF3_RI2_TI2_R12,ORIGINAL_PHASE6J_CAUR,M,CF3,1,PHASE6N_TOP4,False
CB1_CAUR_M_CF3_RI2_TI2_R12__seed691202__it0000095,ts_3ded9adcee884460faa9,CB1_CAUR_M_CF3_RI2_TI2_R12,ORIGINAL_PHASE6J_CAUR,M,CF3,1,PHASE6L_TOP4,False
CB1_CAUR_M_CF3_RI2_TI2_R12__seed691202__it0000095,ts_69111e6d5a25100b7cd7,CB1_CAUR_M_CF3_RI2_TI2_R12,ORIGINAL_PHASE6J_CAUR,M,CF3,1,PHASE6L_TOP4|PHASE6N_TOP4,False
CB1_CAUR_M_CF3_RI2_TI2_R12__seed691202__it0000095,ts_6e54d7f2a0cb58afb589,CB1_CAUR_M_CF3_RI2_TI2_R12,ORIGINAL_PHASE6J_CAUR,M,CF3,1,PHASE6L_TOP4|PHASE6N_TOP4,False
CB1_CAUR_M_CF3_RI2_TI2_R12__seed691202__it0000095,ts_a8a11db72a2b2c73931a,CB1_CAUR_M_CF3_RI2_TI2_R12,ORIGINAL_PHASE6J_CAUR,M,CF3,1,PHASE6N_TOP4,False
CB1_CAUR_M_CF3_RI2_TI2_R12__seed691202__it0000095,ts_d5b8ebd56c2cd09eb4f7,CB1_CAUR_M_CF3_RI2_TI2_R12,ORIGINAL_PHASE6J_CAUR,M,CF3,1,PHASE6L_TOP4,False
CB1_CAUR_M_CF3_RI2_TI2_R12__seed691202__it0000095,ts_de44051b9a19e824bad4,CB1_CAUR_M_CF3_RI2_TI2_R12,ORIGINAL_PHASE6J_CAUR,M,CF3,1,CANONICAL_FALLBACK,True
CB1_CAUR_M_CF3_RI2_TI2_R12__seed691202__it0000136,ts_21645d20aaabd02a458e,CB1_CAUR_M_CF3_RI2_TI2_R12,ORIGINAL_PHASE6J_CAUR,M,CF3,1,PHASE6L_TOP4|PHASE6N_TOP4,False
CB1_CAUR_M_CF3_RI2_TI2_R12__seed691202__it0000136,ts_40124285e05c570e26e9,CB1_CAUR_M_CF3_RI2_TI2_R12,ORIGINAL_PHASE6J_CAUR,M,CF3,1,PHASE6L_TOP4|PHASE6N_TOP4,False
CB1_CAUR_M_CF3_RI2_TI2_R12__seed691202__it0000136,ts_62045c9de2fdbda0f8c7,CB1_CAUR_M_CF3_RI2_TI2_R12,ORIGINAL_PHASE6J_CAUR,M,CF3,1,PHASE6L_TOP4|PHASE6N_TOP4,False
CB1_CAUR_M_CF3_RI2_TI2_R12__seed691202__it0000136,ts_ad9fc1f7611da998cafb,CB1_CAUR_M_CF3_RI2_TI2_R12,ORIGINAL_PHASE6J_CAUR,M,CF3,1,PHASE6L_TOP4|PHASE6N_TOP4,False
CB1_CAUR_M_CF3_RI2_TI2_R12__seed691202__it0000136,ts_f045a0de5c1bab7a8dae,CB1_CAUR_M_CF3_RI2_TI2_R12,ORIGINAL_PHASE6J_CAUR,M,CF3,1,CANONICAL_FALLBACK,True
CB1_CAUR_M_CF3_RI2_TI2_R12__seed691202__it0000177,ts_233417bdecd5cd55b8c4,CB1_CAUR_M_CF3_RI2_TI2_R12,ORIGINAL_PHASE6J_CAUR,M,CF3,1,PHASE6N_TOP4,False
CB1_CAUR_M_CF3_RI2_TI2_R12__seed691202__it0000177,ts_59974ee1cd077fde5d57,CB1_CAUR_M_CF3_RI2_TI2_R12,ORIGINAL_PHASE6J_CAUR,M,CF3,1,PHASE6L_TOP4|PHASE6N_TOP4,False
CB1_CAUR_M_CF3_RI2_TI2_R12__seed691202__it0000177,ts_6c586e13419e3d48d437,CB1_CAUR_M_CF3_RI2_TI2_R12,ORIGINAL_PHASE6J_CAUR,M,CF3,1,CANONICAL_FALLBACK,True
CB1_CAUR_M_CF3_RI2_TI2_R12__seed691202__it0000177,ts_9997ecfe979a10911d28,CB1_CAUR_M_CF3_RI2_TI2_R12,ORIGINAL_PHASE6J_CAUR,M,CF3,1,PHASE6L_TOP4|PHASE6N_TOP4,False
CB1_CAUR_M_CF3_RI2_TI2_R12__seed691202__it0000177,ts_de0a8daddbb2229da56d,CB1_CAUR_M_CF3_RI2_TI2_R12,ORIGINAL_PHASE6J_CAUR,M,CF3,1,PHASE6L_TOP4|PHASE6N_TOP4,False
CB1_CAUR_M_CF3_RI2_TI2_R12__seed691202__it0000177,ts_e58605044677508a2a02,CB1_CAUR_M_CF3_RI2_TI2_R12,ORIGINAL_PHASE6J_CAUR,M,CF3,1,PHASE6L_TOP4,False
CB1_CAUR_M_CF3_RI2_TI2_R12__seed691202__it0000220,ts_25e0c6840b4ec2afb899,CB1_CAUR_M_CF3_RI2_TI2_R12,ORIGINAL_PHASE6J_CAUR,M,CF3,1,PHASE6L_TOP4|PHASE6N_TOP4,False
CB1_CAUR_M_CF3_RI2_TI2_R12__seed691202__it0000220,ts_35758f3b8708b3b34f4e,CB1_CAUR_M_CF3_RI2_TI2_R12,ORIGINAL_PHASE6J_CAUR,M,CF3,1,CANONICAL_FALLBACK,True
CB1_CAUR_M_CF3_RI2_TI2_R12__seed691202__it0000220,ts_3720e37a40a5b6973708,CB1_CAUR_M_CF3_RI2_TI2_R12,ORIGINAL_PHASE6J_CAUR,M,CF3,1,PHASE6L_TOP4,False
CB1_CAUR_M_CF3_RI2_TI2_R12__seed691202__it0000220,ts_7ee51c31f1daea8de903,CB1_CAUR_M_CF3_RI2_TI2_R12,ORIGINAL_PHASE6J_CAUR,M,CF3,1,PHASE6L_TOP4|PHASE6N_TOP4,False
CB1_CAUR_M_CF3_RI2_TI2_R12__seed691202__it0000220,ts_827a8d0a2d9a2169927c,CB1_CAUR_M_CF3_RI2_TI2_R12,ORIGINAL_PHASE6J_CAUR,M,CF3,1,PHASE6N_TOP4,False
CB1_CAUR_M_CF3_RI2_TI2_R12__seed691202__it0000220,ts_96c620341a8a625c69a9,CB1_CAUR_M_CF3_RI2_TI2_R12,ORIGINAL_PHASE6J_CAUR,M,CF3,1,PHASE6L_TOP4,False
CB1_CAUR_M_CF3_RI2_TI2_R12__seed691202__it0000220,ts_b0b8afab26e379fb84f5,CB1_CAUR_M_CF3_RI2_TI2_R12,ORIGINAL_PHASE6J_CAUR,M,CF3,1,PHASE6N_TOP4,False
CB1_CAUR_M_CF3_RI2_TI2_R12__seed691202__it0000260,ts_21bd19cfb6bf63ee8b89,CB1_CAUR_M_CF3_RI2_TI2_R12,ORIGINAL_PHASE6J_CAUR,M,CF3,1,PHASE6L_TOP4|PHASE6N_TOP4,False
CB1_CAUR_M_CF3_RI2_TI2_R12__seed691202__it0000260,ts_2f0cc3104320004d1e6b,CB1_CAUR_M_CF3_RI2_TI2_R12,ORIGINAL_PHASE6J_CAUR,M,CF3,1,PHASE6N_TOP4,False
CB1_CAUR_M_CF3_RI2_TI2_R12__seed691202__it0000260,ts_441a3010f0050bd07531,CB1_CAUR_M_CF3_RI2_TI2_R12,ORIGINAL_PHASE6J_CAUR,M,CF3,1,CANONICAL_FALLBACK,True
CB1_CAUR_M_CF3_RI2_TI2_R12__seed691202__it0000260,ts_4568fe10d8eacba87b52,CB1_CAUR_M_CF3_RI2_TI2_R12,ORIGINAL_PHASE6J_CAUR,M,CF3,1,PHASE6L_TOP4,False
CB1_CAUR_M_CF3_RI2_TI2_R12__seed691202__it0000260,ts_52aa88c963dbb897c948,CB1_CAUR_M_CF3_RI2_TI2_R12,ORIGINAL_PHASE6J_CAUR,M,CF3,1,PHASE6L_TOP4,False
CB1_CAUR_M_CF3_RI2_TI2_R12__seed691202__it0000260,ts_7798a74008fca87d9f31,CB1_CAUR_M_CF3_RI2_TI2_R12,ORIGINAL_PHASE6J_CAUR,M,CF3,1,PHASE6L_TOP4|PHASE6N_TOP4,False
CB1_CAUR_M_CF3_RI2_TI2_R12__seed691202__it0000260,ts_8f3887623559e3b80d9d,CB1_CAUR_M_CF3_RI2_TI2_R12,ORIGINAL_PHASE6J_CAUR,M,CF3,1,PHASE6N_TOP4,False
CB1_CAUR_M_CF3_RI2_TI2_R12__seed691202__it0000291,ts_077fffe9fc7997b66c48,CB1_CAUR_M_CF3_RI2_TI2_R12,ORIGINAL_PHASE6J_CAUR,M,CF3,1,PHASE6L_TOP4,False
CB1_CAUR_M_CF3_RI2_TI2_R12__seed691202__it0000291,ts_3bf6bca99f41399fa338,CB1_CAUR_M_CF3_RI2_TI2_R12,ORIGINAL_PHASE6J_CAUR,M,CF3,1,PHASE6L_TOP4|PHASE6N_TOP4,False
CB1_CAUR_M_CF3_RI2_TI2_R12__seed691202__it0000291,ts_440cadf5d9275ff11c3d,CB1_CAUR_M_CF3_RI2_TI2_R12,ORIGINAL_PHASE6J_CAUR,M,CF3,1,PHASE6L_TOP4|PHASE6N_TOP4,False
CB1_CAUR_M_CF3_RI2_TI2_R12__seed691202__it0000291,ts_455cffa117ef4f6b6fb8,CB1_CAUR_M_CF3_RI2_TI2_R12,ORIGINAL_PHASE6J_CAUR,M,CF3,1,PHASE6N_TOP4,False
CB1_CAUR_M_CF3_RI2_TI2_R12__seed691202__it0000291,ts_712a2c1ddfc64429d726,CB1_CAUR_M_CF3_RI2_TI2_R12,ORIGINAL_PHASE6J_CAUR,M,CF3,1,CANONICAL_FALLBACK,True
CB1_CAUR_M_CF3_RI2_TI2_R12__seed691202__it0000291,ts_956c7d2283c06af106d5,CB1_CAUR_M_CF3_RI2_TI2_R12,ORIGINAL_PHASE6J_CAUR,M,CF3,1,PHASE6N_TOP4,False
CB1_CAUR_M_CF3_RI2_TI2_R12__seed691202__it0000291,ts_c397bb3ac567c9b5a7a2,CB1_CAUR_M_CF3_RI2_TI2_R12,ORIGINAL_PHASE6J_CAUR,M,CF3,1,PHASE6L_TOP4,False
CB1_CAUR_M_CF3_RI2_TI2_R12__seed721201__it0000025,ts_450cdb3f3a7def20f512,CB1_CAUR_M_CF3_RI2_TI2_R12,NEW_ALNS_EXPANSION,M,CF3,1,CANONICAL_FALLBACK,True
CB1_CAUR_M_CF3_RI2_TI2_R12__seed721201__it0000025,ts_4aba8f1ace63ae998d07,CB1_CAUR_M_CF3_RI2_TI2_R12,NEW_ALNS_EXPANSION,M,CF3,1,PHASE6N_TOP4,False
CB1_CAUR_M_CF3_RI2_TI2_R12__seed721201__it0000025,ts_98f301ec9912b741990b,CB1_CAUR_M_CF3_RI2_TI2_R12,NEW_ALNS_EXPANSION,M,CF3,1,PHASE6N_TOP4,False
CB1_CAUR_M_CF3_RI2_TI2_R12__seed721201__it0000025,ts_b225d376cd141e4ee821,CB1_CAUR_M_CF3_RI2_TI2_R12,NEW_ALNS_EXPANSION,M,CF3,1,PHASE6N_TOP4,False
CB1_CAUR_M_CF3_RI2_TI2_R12__seed721201__it0000025,ts_c374eb19b82e3fbb85fb,CB1_CAUR_M_CF3_RI2_TI2_R12,NEW_ALNS_EXPANSION,M,CF3,1,PHASE6N_TOP4,False
CB1_CAUR_M_CF3_RI2_TI2_R12__seed721201__it0000101,ts_0ed3287bd782d6a80ada,CB1_CAUR_M_CF3_RI2_TI2_R12,NEW_ALNS_EXPANSION,M,CF3,1,PHASE6N_TOP4,False
CB1_CAUR_M_CF3_RI2_TI2_R12__seed721201__it0000101,ts_64cfe964c350f49d7c33,CB1_CAUR_M_CF3_RI2_TI2_R12,NEW_ALNS_EXPANSION,M,CF3,1,CANONICAL_FALLBACK,True
CB1_CAUR_M_CF3_RI2_TI2_R12__seed721201__it0000101,ts_b1e07e426367c6914a71,CB1_CAUR_M_CF3_RI2_TI2_R12,NEW_ALNS_EXPANSION,M,CF3,1,PHASE6N_TOP4,False
CB1_CAUR_M_CF3_RI2_TI2_R12__seed721201__it0000101,ts_b54aa5467c0960f6095c,CB1_CAUR_M_CF3_RI2_TI2_R12,NEW_ALNS_EXPANSION,M,CF3,1,PHASE6N_TOP4,False
CB1_CAUR_M_CF3_RI2_TI2_R12__seed721201__it0000101,ts_dad73c2f09be22dc2743,CB1_CAUR_M_CF3_RI2_TI2_R12,NEW_ALNS_EXPANSION,M,CF3,1,PHASE6N_TOP4,False
CB1_CAUR_M_CF3_RI2_TI2_R12__seed721201__it0000183,ts_177d26ce703ddde94ddd,CB1_CAUR_M_CF3_RI2_TI2_R12,NEW_ALNS_EXPANSION,M,CF3,1,PHASE6N_TOP4,False
CB1_CAUR_M_CF3_RI2_TI2_R12__seed721201__it0000183,ts_217ae395f6138f7539d8,CB1_CAUR_M_CF3_RI2_TI2_R12,NEW_ALNS_EXPANSION,M,CF3,1,PHASE6N_TOP4,False
CB1_CAUR_M_CF3_RI2_TI2_R12__seed721201__it0000183,ts_27c3ce0c5c0b719dd61c,CB1_CAUR_M_CF3_RI2_TI2_R12,NEW_ALNS_EXPANSION,M,CF3,1,PHASE6N_TOP4,False
CB1_CAUR_M_CF3_RI2_TI2_R12__seed721201__it0000183,ts_76aba30a00e84458cfc8,CB1_CAUR_M_CF3_RI2_TI2_R12,NEW_ALNS_EXPANSION,M,CF3,1,PHASE6N_TOP4,False
CB1_CAUR_M_CF3_RI2_TI2_R12__seed721201__it0000183,ts_bb10a08f398e637bd2fd,CB1_CAUR_M_CF3_RI2_TI2_R12,NEW_ALNS_EXPANSION,M,CF3,1,CANONICAL_FALLBACK,True
CB1_CAUR_M_CF3_RI2_TI2_R12__seed721201__it0000260,ts_23a0af0208832508cae0,CB1_CAUR_M_CF3_RI2_TI2_R12,NEW_ALNS_EXPANSION,M,CF3,1,PHASE6N_TOP4,False
CB1_CAUR_M_CF3_RI2_TI2_R12__seed721201__it0000260,ts_2f8912599f7886d5b795,CB1_CAUR_M_CF3_RI2_TI2_R12,NEW_ALNS_EXPANSION,M,CF3,1,PHASE6N_TOP4,False
CB1_CAUR_M_CF3_RI2_TI2_R12__seed721201__it0000260,ts_628fb84c8c0a5440cb56,CB1_CAUR_M_CF3_RI2_TI2_R12,NEW_ALNS_EXPANSION,M,CF3,1,PHASE6N_TOP4,False
CB1_CAUR_M_CF3_RI2_TI2_R12__seed721201__it0000260,ts_6304206cef6f35d1a461,CB1_CAUR_M_CF3_RI2_TI2_R12,NEW_ALNS_EXPANSION,M,CF3,1,CANONICAL_FALLBACK,True
CB1_CAUR_M_CF3_RI2_TI2_R12__seed721201__it0000260,ts_ee67b2fcc05d5e406529,CB1_CAUR_M_CF3_RI2_TI2_R12,NEW_ALNS_EXPANSION,M,CF3,1,PHASE6N_TOP4,False
CB1_CAUR_M_CF3_RI2_TI2_R12__seed721201__it0000337,ts_225b6709478530921542,CB1_CAUR_M_CF3_RI2_TI2_R12,NEW_ALNS_EXPANSION,M,CF3,1,PHASE6N_TOP4,False
CB1_CAUR_M_CF3_RI2_TI2_R12__seed721201__it0000337,ts_59b8783761d10796f46a,CB1_CAUR_M_CF3_RI2_TI2_R12,NEW_ALNS_EXPANSION,M,CF3,1,PHASE6N_TOP4,False
CB1_CAUR_M_CF3_RI2_TI2_R12__seed721201__it0000337,ts_72948a646052d04263d6,CB1_CAUR_M_CF3_RI2_TI2_R12,NEW_ALNS_EXPANSION,M,CF3,1,PHASE6N_TOP4,False
CB1_CAUR_M_CF3_RI2_TI2_R12__seed721201__it0000337,ts_73860aa50f04e4b8e97a,CB1_CAUR_M_CF3_RI2_TI2_R12,NEW_ALNS_EXPANSION,M,CF3,1,CANONICAL_FALLBACK,True
CB1_CAUR_M_CF3_RI2_TI2_R12__seed721201__it0000337,ts_8bcb6c6f9834e169792a,CB1_CAUR_M_CF3_RI2_TI2_R12,NEW_ALNS_EXPANSION,M,CF3,1,PHASE6N_TOP4,False
CB1_CAUR_M_CF3_RI2_TI2_R12__seed721201__it0000418,ts_4eafeacf088d6f829b36,CB1_CAUR_M_CF3_RI2_TI2_R12,NEW_ALNS_EXPANSION,M,CF3,1,PHASE6N_TOP4,False
CB1_CAUR_M_CF3_RI2_TI2_R12__seed721201__it0000418,ts_74e89669aacd703e3ced,CB1_CAUR_M_CF3_RI2_TI2_R12,NEW_ALNS_EXPANSION,M,CF3,1,CANONICAL_FALLBACK,True
CB1_CAUR_M_CF3_RI2_TI2_R12__seed721201__it0000418,ts_b469d50f750aa73a7204,CB1_CAUR_M_CF3_RI2_TI2_R12,NEW_ALNS_EXPANSION,M,CF3,1,PHASE6N_TOP4,False
CB1_CAUR_M_CF3_RI2_TI2_R12__seed721201__it0000418,ts_c2921c7ca583aa41617b,CB1_CAUR_M_CF3_RI2_TI2_R12,NEW_ALNS_EXPANSION,M,CF3,1,PHASE6N_TOP4,False
CB1_CAUR_M_CF3_RI2_TI2_R12__seed721201__it0000418,ts_eb27bfd6e7ad2f940752,CB1_CAUR_M_CF3_RI2_TI2_R12,NEW_ALNS_EXPANSION,M,CF3,1,PHASE6N_TOP4,False
CB1_CAUR_M_CF3_RI2_TI2_R12__seed721201__it0000494,ts_14ac5cad204a7c116c9d,CB1_CAUR_M_CF3_RI2_TI2_R12,NEW_ALNS_EXPANSION,M,CF3,1,PHASE6N_TOP4,False
CB1_CAUR_M_CF3_RI2_TI2_R12__seed721201__it0000494,ts_5ddd847ca7a12a4e7949,CB1_CAUR_M_CF3_RI2_TI2_R12,NEW_ALNS_EXPANSION,M,CF3,1,PHASE6N_TOP4,False
CB1_CAUR_M_CF3_RI2_TI2_R12__seed721201__it0000494,ts_875c977b8dbef04cbc4b,CB1_CAUR_M_CF3_RI2_TI2_R12,NEW_ALNS_EXPANSION,M,CF3,1,CANONICAL_FALLBACK,True
CB1_CAUR_M_CF3_RI2_TI2_R12__seed721201__it0000494,ts_89109c6ca032b67489db,CB1_CAUR_M_CF3_RI2_TI2_R12,NEW_ALNS_EXPANSION,M,CF3,1,PHASE6N_TOP4,False
CB1_CAUR_M_CF3_RI2_TI2_R12__seed721201__it0000494,ts_efd815d50e78446aac49,CB1_CAUR_M_CF3_RI2_TI2_R12,NEW_ALNS_EXPANSION,M,CF3,1,PHASE6N_TOP4,False
CB1_CAUR_M_CF3_RI2_TI2_R12__seed721201__it0000553,ts_2926838f28184d715b0f,CB1_CAUR_M_CF3_RI2_TI2_R12,NEW_ALNS_EXPANSION,M,CF3,1,CANONICAL_FALLBACK,True
CB1_CAUR_M_CF3_RI2_TI2_R12__seed721201__it0000553,ts_3afee259ee05e512da14,CB1_CAUR_M_CF3_RI2_TI2_R12,NEW_ALNS_EXPANSION,M,CF3,1,PHASE6N_TOP4,False
CB1_CAUR_M_CF3_RI2_TI2_R12__seed721201__it0000553,ts_96482a49539bc74b65cd,CB1_CAUR_M_CF3_RI2_TI2_R12,NEW_ALNS_EXPANSION,M,CF3,1,PHASE6N_TOP4,False
CB1_CAUR_M_CF3_RI2_TI2_R12__seed721201__it0000553,ts_ad1051222a5a316e7ec8,CB1_CAUR_M_CF3_RI2_TI2_R12,NEW_ALNS_EXPANSION,M,CF3,1,PHASE6N_TOP4,False
CB1_CAUR_M_CF3_RI2_TI2_R12__seed721201__it0000553,ts_fdf6814f2bbf32717868,CB1_CAUR_M_CF3_RI2_TI2_R12,NEW_ALNS_EXPANSION,M,CF3,1,PHASE6N_TOP4,False
CB1_CAUR_M_CF3_RI2_TI2_R12__seed721202__it0000024,ts_152dcf9e0df80a9ba1f1,CB1_CAUR_M_CF3_RI2_TI2_R12,NEW_ALNS_EXPANSION,M,CF3,1,PHASE6N_TOP4,False
CB1_CAUR_M_CF3_RI2_TI2_R12__seed721202__it0000024,ts_7f199b284ecc03e923ac,CB1_CAUR_M_CF3_RI2_TI2_R12,NEW_ALNS_EXPANSION,M,CF3,1,CANONICAL_FALLBACK,True
CB1_CAUR_M_CF3_RI2_TI2_R12__seed721202__it0000024,ts_81c1353de4b612eb8e06,CB1_CAUR_M_CF3_RI2_TI2_R12,NEW_ALNS_EXPANSION,M,CF3,1,PHASE6N_TOP4,False
CB1_CAUR_M_CF3_RI2_TI2_R12__seed721202__it0000024,ts_ed15ddc66a95bd4bae3d,CB1_CAUR_M_CF3_RI2_TI2_R12,NEW_ALNS_EXPANSION,M,CF3,1,PHASE6N_TOP4,False
CB1_CAUR_M_CF3_RI2_TI2_R12__seed721202__it0000024,ts_efd21c095662bfdd2863,CB1_CAUR_M_CF3_RI2_TI2_R12,NEW_ALNS_EXPANSION,M,CF3,1,PHASE6N_TOP4,False
CB1_CAUR_M_CF3_RI2_TI2_R12__seed721202__it0000101,ts_300c4a258f303101486e,CB1_CAUR_M_CF3_RI2_TI2_R12,NEW_ALNS_EXPANSION,M,CF3,1,CANONICAL_FALLBACK,True
CB1_CAUR_M_CF3_RI2_TI2_R12__seed721202__it0000101,ts_7245e2de65dcb010a87c,CB1_CAUR_M_CF3_RI2_TI2_R12,NEW_ALNS_EXPANSION,M,CF3,1,PHASE6N_TOP4,False
CB1_CAUR_M_CF3_RI2_TI2_R12__seed721202__it0000101,ts_7873870b4858dbdd0dbf,CB1_CAUR_M_CF3_RI2_TI2_R12,NEW_ALNS_EXPANSION,M,CF3,1,PHASE6N_TOP4,False
CB1_CAUR_M_CF3_RI2_TI2_R12__seed721202__it0000101,ts_915deac5cd205b91d35c,CB1_CAUR_M_CF3_RI2_TI2_R12,NEW_ALNS_EXPANSION,M,CF3,1,PHASE6N_TOP4,False
CB1_CAUR_M_CF3_RI2_TI2_R12__seed721202__it0000101,ts_91a106ed7195911efe89,CB1_CAUR_M_CF3_RI2_TI2_R12,NEW_ALNS_EXPANSION,M,CF3,1,PHASE6N_TOP4,False
CB1_CAUR_M_CF3_RI2_TI2_R12__seed721202__it0000184,ts_06b8e040373831e9e389,CB1_CAUR_M_CF3_RI2_TI2_R12,NEW_ALNS_EXPANSION,M,CF3,1,PHASE6N_TOP4,False
CB1_CAUR_M_CF3_RI2_TI2_R12__seed721202__it0000184,ts_6a8fd3f6510c017b64a0,CB1_CAUR_M_CF3_RI2_TI2_R12,NEW_ALNS_EXPANSION,M,CF3,1,PHASE6N_TOP4,False
CB1_CAUR_M_CF3_RI2_TI2_R12__seed721202__it0000184,ts_97423e66bc3ba3aae5fa,CB1_CAUR_M_CF3_RI2_TI2_R12,NEW_ALNS_EXPANSION,M,CF3,1,PHASE6N_TOP4,False
CB1_CAUR_M_CF3_RI2_TI2_R12__seed721202__it0000184,ts_bb9fd41a481aa1b5ef9f,CB1_CAUR_M_CF3_RI2_TI2_R12,NEW_ALNS_EXPANSION,M,CF3,1,PHASE6N_TOP4,False
CB1_CAUR_M_CF3_RI2_TI2_R12__seed721202__it0000184,ts_d407127e7cc83b11dea3,CB1_CAUR_M_CF3_RI2_TI2_R12,NEW_ALNS_EXPANSION,M,CF3,1,CANONICAL_FALLBACK,True
CB1_CAUR_M_CF3_RI2_TI2_R12__seed721202__it0000261,ts_26048467332dc3695d64,CB1_CAUR_M_CF3_RI2_TI2_R12,NEW_ALNS_EXPANSION,M,CF3,1,PHASE6N_TOP4,False
CB1_CAUR_M_CF3_RI2_TI2_R12__seed721202__it0000261,ts_3902ab92074b66b69284,CB1_CAUR_M_CF3_RI2_TI2_R12,NEW_ALNS_EXPANSION,M,CF3,1,PHASE6N_TOP4,False
CB1_CAUR_M_CF3_RI2_TI2_R12__seed721202__it0000261,ts_8d433136d76f857c28ed,CB1_CAUR_M_CF3_RI2_TI2_R12,NEW_ALNS_EXPANSION,M,CF3,1,CANONICAL_FALLBACK,True
CB1_CAUR_M_CF3_RI2_TI2_R12__seed721202__it0000261,ts_97e67dfb0121e04ad802,CB1_CAUR_M_CF3_RI2_TI2_R12,NEW_ALNS_EXPANSION,M,CF3,1,PHASE6N_TOP4,False
CB1_CAUR_M_CF3_RI2_TI2_R12__seed721202__it0000261,ts_e42d5584f968d5c512f9,CB1_CAUR_M_CF3_RI2_TI2_R12,NEW_ALNS_EXPANSION,M,CF3,1,PHASE6N_TOP4,False
CB1_CAUR_M_CF3_RI2_TI2_R12__seed721202__it0000338,ts_12ed9ffe4a76f3d2c86a,CB1_CAUR_M_CF3_RI2_TI2_R12,NEW_ALNS_EXPANSION,M,CF3,1,CANONICAL_FALLBACK,True
CB1_CAUR_M_CF3_RI2_TI2_R12__seed721202__it0000338,ts_56c2f9288d8933b25910,CB1_CAUR_M_CF3_RI2_TI2_R12,NEW_ALNS_EXPANSION,M,CF3,1,PHASE6N_TOP4,False
CB1_CAUR_M_CF3_RI2_TI2_R12__seed721202__it0000338,ts_950b2d06a20ce9e54f01,CB1_CAUR_M_CF3_RI2_TI2_R12,NEW_ALNS_EXPANSION,M,CF3,1,PHASE6N_TOP4,False
CB1_CAUR_M_CF3_RI2_TI2_R12__seed721202__it0000338,ts_cc1fd1f4d1c52a998760,CB1_CAUR_M_CF3_RI2_TI2_R12,NEW_ALNS_EXPANSION,M,CF3,1,PHASE6N_TOP4,False
CB1_CAUR_M_CF3_RI2_TI2_R12__seed721202__it0000338,ts_d360c3dd8e2962a376ff,CB1_CAUR_M_CF3_RI2_TI2_R12,NEW_ALNS_EXPANSION,M,CF3,1,PHASE6N_TOP4,False
CB1_CAUR_M_CF3_RI2_TI2_R12__seed721202__it0000421,ts_1dddad3d5cf95aa772d2,CB1_CAUR_M_CF3_RI2_TI2_R12,NEW_ALNS_EXPANSION,M,CF3,1,PHASE6N_TOP4,False
CB1_CAUR_M_CF3_RI2_TI2_R12__seed721202__it0000421,ts_6995109a2ec1d63681a3,CB1_CAUR_M_CF3_RI2_TI2_R12,NEW_ALNS_EXPANSION,M,CF3,1,PHASE6N_TOP4,False
CB1_CAUR_M_CF3_RI2_TI2_R12__seed721202__it0000421,ts_aa8728b28a3fa74e9517,CB1_CAUR_M_CF3_RI2_TI2_R12,NEW_ALNS_EXPANSION,M,CF3,1,PHASE6N_TOP4,False
CB1_CAUR_M_CF3_RI2_TI2_R12__seed721202__it0000421,ts_c212d08009f56e445c95,CB1_CAUR_M_CF3_RI2_TI2_R12,NEW_ALNS_EXPANSION,M,CF3,1,CANONICAL_FALLBACK,True
CB1_CAUR_M_CF3_RI2_TI2_R12__seed721202__it0000421,ts_c66deb711ae27de3cbe6,CB1_CAUR_M_CF3_RI2_TI2_R12,NEW_ALNS_EXPANSION,M,CF3,1,PHASE6N_TOP4,False
CB1_CAUR_M_CF3_RI2_TI2_R12__seed721202__it0000498,ts_33d3f334e3c263790f2e,CB1_CAUR_M_CF3_RI2_TI2_R12,NEW_ALNS_EXPANSION,M,CF3,1,PHASE6N_TOP4,False
CB1_CAUR_M_CF3_RI2_TI2_R12__seed721202__it0000498,ts_5631b8185bfc4c4ba10e,CB1_CAUR_M_CF3_RI2_TI2_R12,NEW_ALNS_EXPANSION,M,CF3,1,PHASE6N_TOP4,False
CB1_CAUR_M_CF3_RI2_TI2_R12__seed721202__it0000498,ts_6277826e45515d216b98,CB1_CAUR_M_CF3_RI2_TI2_R12,NEW_ALNS_EXPANSION,M,CF3,1,PHASE6N_TOP4,False
CB1_CAUR_M_CF3_RI2_TI2_R12__seed721202__it0000498,ts_8759d16512f483c32c44,CB1_CAUR_M_CF3_RI2_TI2_R12,NEW_ALNS_EXPANSION,M,CF3,1,PHASE6N_TOP4,False
CB1_CAUR_M_CF3_RI2_TI2_R12__seed721202__it0000498,ts_c16a124551d278a9d1ed,CB1_CAUR_M_CF3_RI2_TI2_R12,NEW_ALNS_EXPANSION,M,CF3,1,CANONICAL_FALLBACK,True
CB1_CAUR_M_CF3_RI2_TI2_R12__seed721202__it0000558,ts_4d3aaa9db963c716dbc2,CB1_CAUR_M_CF3_RI2_TI2_R12,NEW_ALNS_EXPANSION,M,CF3,1,PHASE6N_TOP4,False
CB1_CAUR_M_CF3_RI2_TI2_R12__seed721202__it0000558,ts_70a34757e0ae0b3747a9,CB1_CAUR_M_CF3_RI2_TI2_R12,NEW_ALNS_EXPANSION,M,CF3,1,PHASE6N_TOP4,False
CB1_CAUR_M_CF3_RI2_TI2_R12__seed721202__it0000558,ts_76e10acbb5e0a17eca1b,CB1_CAUR_M_CF3_RI2_TI2_R12,NEW_ALNS_EXPANSION,M,CF3,1,PHASE6N_TOP4,False
CB1_CAUR_M_CF3_RI2_TI2_R12__seed721202__it0000558,ts_ade11e2b85eeea068de4,CB1_CAUR_M_CF3_RI2_TI2_R12,NEW_ALNS_EXPANSION,M,CF3,1,CANONICAL_FALLBACK,True
CB1_CAUR_M_CF3_RI2_TI2_R12__seed721202__it0000558,ts_f177c661f2166eea2ef8,CB1_CAUR_M_CF3_RI2_TI2_R12,NEW_ALNS_EXPANSION,M,CF3,1,PHASE6N_TOP4,False
CB1_CAUR_M_CF3_RI2_TI2_R12__seed721203__it0000024,ts_162ebe95226c63b49d81,CB1_CAUR_M_CF3_RI2_TI2_R12,NEW_ALNS_EXPANSION,M,CF3,1,PHASE6N_TOP4,False
CB1_CAUR_M_CF3_RI2_TI2_R12__seed721203__it0000024,ts_2b8c87d84a4c74f1d8a5,CB1_CAUR_M_CF3_RI2_TI2_R12,NEW_ALNS_EXPANSION,M,CF3,1,PHASE6N_TOP4,False
CB1_CAUR_M_CF3_RI2_TI2_R12__seed721203__it0000024,ts_cc43e3b619c398c6adcf,CB1_CAUR_M_CF3_RI2_TI2_R12,NEW_ALNS_EXPANSION,M,CF3,1,CANONICAL_FALLBACK,True
CB1_CAUR_M_CF3_RI2_TI2_R12__seed721203__it0000024,ts_cc9722497db993af5afc,CB1_CAUR_M_CF3_RI2_TI2_R12,NEW_ALNS_EXPANSION,M,CF3,1,PHASE6N_TOP4,False
CB1_CAUR_M_CF3_RI2_TI2_R12__seed721203__it0000024,ts_f935869d8ed3a614ae41,CB1_CAUR_M_CF3_RI2_TI2_R12,NEW_ALNS_EXPANSION,M,CF3,1,PHASE6N_TOP4,False
CB1_CAUR_M_CF3_RI2_TI2_R12__seed721203__it0000101,ts_0f477a37b3521bdf09de,CB1_CAUR_M_CF3_RI2_TI2_R12,NEW_ALNS_EXPANSION,M,CF3,1,PHASE6N_TOP4,False
CB1_CAUR_M_CF3_RI2_TI2_R12__seed721203__it0000101,ts_3136f295b0bbc3f17c37,CB1_CAUR_M_CF3_RI2_TI2_R12,NEW_ALNS_EXPANSION,M,CF3,1,PHASE6N_TOP4,False
CB1_CAUR_M_CF3_RI2_TI2_R12__seed721203__it0000101,ts_4bbfadc82a6ebde0b0c5,CB1_CAUR_M_CF3_RI2_TI2_R12,NEW_ALNS_EXPANSION,M,CF3,1,PHASE6N_TOP4,False
CB1_CAUR_M_CF3_RI2_TI2_R12__seed721203__it0000101,ts_a80778633fa4b1da5224,CB1_CAUR_M_CF3_RI2_TI2_R12,NEW_ALNS_EXPANSION,M,CF3,1,CANONICAL_FALLBACK,True
CB1_CAUR_M_CF3_RI2_TI2_R12__seed721203__it0000101,ts_b4943e296e7b186bab86,CB1_CAUR_M_CF3_RI2_TI2_R12,NEW_ALNS_EXPANSION,M,CF3,1,PHASE6N_TOP4,False
CB1_CAUR_M_CF3_RI2_TI2_R12__seed721203__it0000183,ts_8006aa94075435aaea3f,CB1_CAUR_M_CF3_RI2_TI2_R12,NEW_ALNS_EXPANSION,M,CF3,1,PHASE6N_TOP4,False
CB1_CAUR_M_CF3_RI2_TI2_R12__seed721203__it0000183,ts_d5d0ee3cc66c753fe0ee,CB1_CAUR_M_CF3_RI2_TI2_R12,NEW_ALNS_EXPANSION,M,CF3,1,PHASE6N_TOP4,False
CB1_CAUR_M_CF3_RI2_TI2_R12__seed721203__it0000183,ts_dcc312395c21b46a888f,CB1_CAUR_M_CF3_RI2_TI2_R12,NEW_ALNS_EXPANSION,M,CF3,1,PHASE6N_TOP4,False
CB1_CAUR_M_CF3_RI2_TI2_R12__seed721203__it0000183,ts_f6327b485cd778afbbe4,CB1_CAUR_M_CF3_RI2_TI2_R12,NEW_ALNS_EXPANSION,M,CF3,1,CANONICAL_FALLBACK,True
CB1_CAUR_M_CF3_RI2_TI2_R12__seed721203__it0000183,ts_fc15a89d12e773174c7b,CB1_CAUR_M_CF3_RI2_TI2_R12,NEW_ALNS_EXPANSION,M,CF3,1,PHASE6N_TOP4,False
CB1_CAUR_M_CF3_RI2_TI2_R12__seed721203__it0000257,ts_0d4d95b7b73a8777e630,CB1_CAUR_M_CF3_RI2_TI2_R12,NEW_ALNS_EXPANSION,M,CF3,1,PHASE6N_TOP4,False
CB1_CAUR_M_CF3_RI2_TI2_R12__seed721203__it0000257,ts_28a8e15f937a686b1255,CB1_CAUR_M_CF3_RI2_TI2_R12,NEW_ALNS_EXPANSION,M,CF3,1,CANONICAL_FALLBACK,True
CB1_CAUR_M_CF3_RI2_TI2_R12__seed721203__it0000257,ts_9b77d81d81bdd53aa1f4,CB1_CAUR_M_CF3_RI2_TI2_R12,NEW_ALNS_EXPANSION,M,CF3,1,PHASE6N_TOP4,False
CB1_CAUR_M_CF3_RI2_TI2_R12__seed721203__it0000257,ts_c281b7547ed3cfa12b45,CB1_CAUR_M_CF3_RI2_TI2_R12,NEW_ALNS_EXPANSION,M,CF3,1,PHASE6N_TOP4,False
CB1_CAUR_M_CF3_RI2_TI2_R12__seed721203__it0000257,ts_f6a0d4badcd4176b868b,CB1_CAUR_M_CF3_RI2_TI2_R12,NEW_ALNS_EXPANSION,M,CF3,1,PHASE6N_TOP4,False
CB1_CAUR_M_CF3_RI2_TI2_R12__seed721203__it0000332,ts_19c7c85e73051ccea476,CB1_CAUR_M_CF3_RI2_TI2_R12,NEW_ALNS_EXPANSION,M,CF3,1,PHASE6N_TOP4,False
CB1_CAUR_M_CF3_RI2_TI2_R12__seed721203__it0000332,ts_1bdcb3adc5e39eda05d6,CB1_CAUR_M_CF3_RI2_TI2_R12,NEW_ALNS_EXPANSION,M,CF3,1,PHASE6N_TOP4,False
CB1_CAUR_M_CF3_RI2_TI2_R12__seed721203__it0000332,ts_6c4c51f84930503c6798,CB1_CAUR_M_CF3_RI2_TI2_R12,NEW_ALNS_EXPANSION,M,CF3,1,PHASE6N_TOP4,False
CB1_CAUR_M_CF3_RI2_TI2_R12__seed721203__it0000332,ts_cf53386dfe9205303d03,CB1_CAUR_M_CF3_RI2_TI2_R12,NEW_ALNS_EXPANSION,M,CF3,1,PHASE6N_TOP4,False
CB1_CAUR_M_CF3_RI2_TI2_R12__seed721203__it0000332,ts_e9b2752ce30c5d3f503f,CB1_CAUR_M_CF3_RI2_TI2_R12,NEW_ALNS_EXPANSION,M,CF3,1,CANONICAL_FALLBACK,True
CB1_CAUR_M_CF3_RI2_TI2_R12__seed721203__it0000415,ts_01d94ccec8786186a354,CB1_CAUR_M_CF3_RI2_TI2_R12,NEW_ALNS_EXPANSION,M,CF3,1,PHASE6N_TOP4,False
CB1_CAUR_M_CF3_RI2_TI2_R12__seed721203__it0000415,ts_54c2aa8fb2034906bdbc,CB1_CAUR_M_CF3_RI2_TI2_R12,NEW_ALNS_EXPANSION,M,CF3,1,PHASE6N_TOP4,False
CB1_CAUR_M_CF3_RI2_TI2_R12__seed721203__it0000415,ts_6b1b0b3266150708485f,CB1_CAUR_M_CF3_RI2_TI2_R12,NEW_ALNS_EXPANSION,M,CF3,1,CANONICAL_FALLBACK,True
CB1_CAUR_M_CF3_RI2_TI2_R12__seed721203__it0000415,ts_9ee169c70e4d084595b6,CB1_CAUR_M_CF3_RI2_TI2_R12,NEW_ALNS_EXPANSION,M,CF3,1,PHASE6N_TOP4,False
CB1_CAUR_M_CF3_RI2_TI2_R12__seed721203__it0000415,ts_f200c6e6521b15a5c7d0,CB1_CAUR_M_CF3_RI2_TI2_R12,NEW_ALNS_EXPANSION,M,CF3,1,PHASE6N_TOP4,False
CB1_CAUR_M_CF3_RI2_TI2_R12__seed721203__it0000492,ts_0ebbd6b26aa4d424843f,CB1_CAUR_M_CF3_RI2_TI2_R12,NEW_ALNS_EXPANSION,M,CF3,1,PHASE6N_TOP4,False
CB1_CAUR_M_CF3_RI2_TI2_R12__seed721203__it0000492,ts_336a5519c8ad88d9e960,CB1_CAUR_M_CF3_RI2_TI2_R12,NEW_ALNS_EXPANSION,M,CF3,1,PHASE6N_TOP4,False
CB1_CAUR_M_CF3_RI2_TI2_R12__seed721203__it0000492,ts_b3b5174cae755b7a0c8b,CB1_CAUR_M_CF3_RI2_TI2_R12,NEW_ALNS_EXPANSION,M,CF3,1,PHASE6N_TOP4,False
CB1_CAUR_M_CF3_RI2_TI2_R12__seed721203__it0000492,ts_bec2843d56daf395463f,CB1_CAUR_M_CF3_RI2_TI2_R12,NEW_ALNS_EXPANSION,M,CF3,1,PHASE6N_TOP4,False
CB1_CAUR_M_CF3_RI2_TI2_R12__seed721203__it0000492,ts_cf6fadf9d0ee77b1f1b4,CB1_CAUR_M_CF3_RI2_TI2_R12,NEW_ALNS_EXPANSION,M,CF3,1,CANONICAL_FALLBACK,True
CB1_CAUR_M_CF3_RI2_TI2_R12__seed721203__it0000552,ts_01600a32cb899d21d6df,CB1_CAUR_M_CF3_RI2_TI2_R12,NEW_ALNS_EXPANSION,M,CF3,1,PHASE6N_TOP4,False
CB1_CAUR_M_CF3_RI2_TI2_R12__seed721203__it0000552,ts_2f77d571596ee0290945,CB1_CAUR_M_CF3_RI2_TI2_R12,NEW_ALNS_EXPANSION,M,CF3,1,PHASE6N_TOP4,False
CB1_CAUR_M_CF3_RI2_TI2_R12__seed721203__it0000552,ts_ac73f2a3926742dce422,CB1_CAUR_M_CF3_RI2_TI2_R12,NEW_ALNS_EXPANSION,M,CF3,1,PHASE6N_TOP4,False
CB1_CAUR_M_CF3_RI2_TI2_R12__seed721203__it0000552,ts_c2afe7e29fbc2934d9a5,CB1_CAUR_M_CF3_RI2_TI2_R12,NEW_ALNS_EXPANSION,M,CF3,1,PHASE6N_TOP4,False
CB1_CAUR_M_CF3_RI2_TI2_R12__seed721203__it0000552,ts_d44779d87da1c48b1b26,CB1_CAUR_M_CF3_RI2_TI2_R12,NEW_ALNS_EXPANSION,M,CF3,1,CANONICAL_FALLBACK,True
CB1_CAUR_M_CF3_RI2_TI2_R12__seed721204__it0000024,ts_1965471964a54e986ce5,CB1_CAUR_M_CF3_RI2_TI2_R12,NEW_ALNS_EXPANSION,M,CF3,1,PHASE6N_TOP4,False
CB1_CAUR_M_CF3_RI2_TI2_R12__seed721204__it0000024,ts_2d83183d06420909e9bc,CB1_CAUR_M_CF3_RI2_TI2_R12,NEW_ALNS_EXPANSION,M,CF3,1,PHASE6N_TOP4,False
CB1_CAUR_M_CF3_RI2_TI2_R12__seed721204__it0000024,ts_44937302dd8e6da60407,CB1_CAUR_M_CF3_RI2_TI2_R12,NEW_ALNS_EXPANSION,M,CF3,1,CANONICAL_FALLBACK|PHASE6N_TOP4,True
CB1_CAUR_M_CF3_RI2_TI2_R12__seed721204__it0000024,ts_f31dd317e50ed6186669,CB1_CAUR_M_CF3_RI2_TI2_R12,NEW_ALNS_EXPANSION,M,CF3,1,PHASE6N_TOP4,False
CB1_CAUR_M_CF3_RI2_TI2_R12__seed721204__it0000100,ts_67746ace0ea9f11bfb76,CB1_CAUR_M_CF3_RI2_TI2_R12,NEW_ALNS_EXPANSION,M,CF3,1,PHASE6N_TOP4,False
CB1_CAUR_M_CF3_RI2_TI2_R12__seed721204__it0000100,ts_9005ef377c4df610cd30,CB1_CAUR_M_CF3_RI2_TI2_R12,NEW_ALNS_EXPANSION,M,CF3,1,PHASE6N_TOP4,False
CB1_CAUR_M_CF3_RI2_TI2_R12__seed721204__it0000100,ts_9f417887b137d8794b4d,CB1_CAUR_M_CF3_RI2_TI2_R12,NEW_ALNS_EXPANSION,M,CF3,1,PHASE6N_TOP4,False
CB1_CAUR_M_CF3_RI2_TI2_R12__seed721204__it0000100,ts_a3592db875006e2bde58,CB1_CAUR_M_CF3_RI2_TI2_R12,NEW_ALNS_EXPANSION,M,CF3,1,CANONICAL_FALLBACK,True
CB1_CAUR_M_CF3_RI2_TI2_R12__seed721204__it0000100,ts_f7b14846a00ca9470364,CB1_CAUR_M_CF3_RI2_TI2_R12,NEW_ALNS_EXPANSION,M,CF3,1,PHASE6N_TOP4,False
CB1_CAUR_M_CF3_RI2_TI2_R12__seed721204__it0000181,ts_7d0828af843eeede53d1,CB1_CAUR_M_CF3_RI2_TI2_R12,NEW_ALNS_EXPANSION,M,CF3,1,PHASE6N_TOP4,False
CB1_CAUR_M_CF3_RI2_TI2_R12__seed721204__it0000181,ts_891b87d376f7a4dd7b68,CB1_CAUR_M_CF3_RI2_TI2_R12,NEW_ALNS_EXPANSION,M,CF3,1,PHASE6N_TOP4,False
CB1_CAUR_M_CF3_RI2_TI2_R12__seed721204__it0000181,ts_8b2cdf8d6eb3e1b52dc5,CB1_CAUR_M_CF3_RI2_TI2_R12,NEW_ALNS_EXPANSION,M,CF3,1,CANONICAL_FALLBACK,True
CB1_CAUR_M_CF3_RI2_TI2_R12__seed721204__it0000181,ts_b64523235dc33c0e1f86,CB1_CAUR_M_CF3_RI2_TI2_R12,NEW_ALNS_EXPANSION,M,CF3,1,PHASE6N_TOP4,False
CB1_CAUR_M_CF3_RI2_TI2_R12__seed721204__it0000181,ts_f9c0fcc064c61fe841bc,CB1_CAUR_M_CF3_RI2_TI2_R12,NEW_ALNS_EXPANSION,M,CF3,1,PHASE6N_TOP4,False
CB1_CAUR_M_CF3_RI2_TI2_R12__seed721204__it0000256,ts_6298f7e1056f2faaddd0,CB1_CAUR_M_CF3_RI2_TI2_R12,NEW_ALNS_EXPANSION,M,CF3,1,PHASE6N_TOP4,False
CB1_CAUR_M_CF3_RI2_TI2_R12__seed721204__it0000256,ts_7e13635e15fdd9c7db60,CB1_CAUR_M_CF3_RI2_TI2_R12,NEW_ALNS_EXPANSION,M,CF3,1,CANONICAL_FALLBACK,True
CB1_CAUR_M_CF3_RI2_TI2_R12__seed721204__it0000256,ts_9ebd8ed508fe91cbce3f,CB1_CAUR_M_CF3_RI2_TI2_R12,NEW_ALNS_EXPANSION,M,CF3,1,PHASE6N_TOP4,False
CB1_CAUR_M_CF3_RI2_TI2_R12__seed721204__it0000256,ts_de4ca6c3a8ed4e661d09,CB1_CAUR_M_CF3_RI2_TI2_R12,NEW_ALNS_EXPANSION,M,CF3,1,PHASE6N_TOP4,False
CB1_CAUR_M_CF3_RI2_TI2_R12__seed721204__it0000256,ts_e213fcab8beefff7350d,CB1_CAUR_M_CF3_RI2_TI2_R12,NEW_ALNS_EXPANSION,M,CF3,1,PHASE6N_TOP4,False
CB1_CAUR_M_CF3_RI2_TI2_R12__seed721204__it0000333,ts_1d624e771782accf4eda,CB1_CAUR_M_CF3_RI2_TI2_R12,NEW_ALNS_EXPANSION,M,CF3,1,PHASE6N_TOP4,False
CB1_CAUR_M_CF3_RI2_TI2_R12__seed721204__it0000333,ts_461bd3785ad8126aaf94,CB1_CAUR_M_CF3_RI2_TI2_R12,NEW_ALNS_EXPANSION,M,CF3,1,PHASE6N_TOP4,False
CB1_CAUR_M_CF3_RI2_TI2_R12__seed721204__it0000333,ts_5a32aa58db658c80df65,CB1_CAUR_M_CF3_RI2_TI2_R12,NEW_ALNS_EXPANSION,M,CF3,1,PHASE6N_TOP4,False
CB1_CAUR_M_CF3_RI2_TI2_R12__seed721204__it0000333,ts_905c86d9b6424b2cd445,CB1_CAUR_M_CF3_RI2_TI2_R12,NEW_ALNS_EXPANSION,M,CF3,1,CANONICAL_FALLBACK,True
CB1_CAUR_M_CF3_RI2_TI2_R12__seed721204__it0000333,ts_aaa58d3c88635a3caa5b,CB1_CAUR_M_CF3_RI2_TI2_R12,NEW_ALNS_EXPANSION,M,CF3,1,PHASE6N_TOP4,False
CB1_CAUR_M_CF3_RI2_TI2_R12__seed721204__it0000417,ts_3b9253e4163e0172c39c,CB1_CAUR_M_CF3_RI2_TI2_R12,NEW_ALNS_EXPANSION,M,CF3,1,PHASE6N_TOP4,False
CB1_CAUR_M_CF3_RI2_TI2_R12__seed721204__it0000417,ts_726a2df6e037b3f2ba14,CB1_CAUR_M_CF3_RI2_TI2_R12,NEW_ALNS_EXPANSION,M,CF3,1,PHASE6N_TOP4,False
CB1_CAUR_M_CF3_RI2_TI2_R12__seed721204__it0000417,ts_c2865b81b19c9db8f10d,CB1_CAUR_M_CF3_RI2_TI2_R12,NEW_ALNS_EXPANSION,M,CF3,1,CANONICAL_FALLBACK,True
CB1_CAUR_M_CF3_RI2_TI2_R12__seed721204__it0000417,ts_d50ae00234d514aacf69,CB1_CAUR_M_CF3_RI2_TI2_R12,NEW_ALNS_EXPANSION,M,CF3,1,PHASE6N_TOP4,False
CB1_CAUR_M_CF3_RI2_TI2_R12__seed721204__it0000417,ts_d5e4845d8f38cccf4cbe,CB1_CAUR_M_CF3_RI2_TI2_R12,NEW_ALNS_EXPANSION,M,CF3,1,PHASE6N_TOP4,False
CB1_CAUR_M_CF3_RI2_TI2_R12__seed721204__it0000495,ts_11bc547179f69086a003,CB1_CAUR_M_CF3_RI2_TI2_R12,NEW_ALNS_EXPANSION,M,CF3,1,PHASE6N_TOP4,False
CB1_CAUR_M_CF3_RI2_TI2_R12__seed721204__it0000495,ts_a10444f75cdb9846ae47,CB1_CAUR_M_CF3_RI2_TI2_R12,NEW_ALNS_EXPANSION,M,CF3,1,PHASE6N_TOP4,False
CB1_CAUR_M_CF3_RI2_TI2_R12__seed721204__it0000495,ts_ba99738d30b4c8eeae13,CB1_CAUR_M_CF3_RI2_TI2_R12,NEW_ALNS_EXPANSION,M,CF3,1,PHASE6N_TOP4,False
CB1_CAUR_M_CF3_RI2_TI2_R12__seed721204__it0000495,ts_d7c6006a812309973f28,CB1_CAUR_M_CF3_RI2_TI2_R12,NEW_ALNS_EXPANSION,M,CF3,1,CANONICAL_FALLBACK,True
CB1_CAUR_M_CF3_RI2_TI2_R12__seed721204__it0000495,ts_f67df2860af341383a7c,CB1_CAUR_M_CF3_RI2_TI2_R12,NEW_ALNS_EXPANSION,M,CF3,1,PHASE6N_TOP4,False
CB1_CAUR_M_CF3_RI2_TI2_R12__seed721204__it0000554,ts_011d621290c5f8e7defd,CB1_CAUR_M_CF3_RI2_TI2_R12,NEW_ALNS_EXPANSION,M,CF3,1,PHASE6N_TOP4,False
CB1_CAUR_M_CF3_RI2_TI2_R12__seed721204__it0000554,ts_222d763a287f4202ffbd,CB1_CAUR_M_CF3_RI2_TI2_R12,NEW_ALNS_EXPANSION,M,CF3,1,PHASE6N_TOP4,False
CB1_CAUR_M_CF3_RI2_TI2_R12__seed721204__it0000554,ts_303ea25c640e359dcbfd,CB1_CAUR_M_CF3_RI2_TI2_R12,NEW_ALNS_EXPANSION,M,CF3,1,PHASE6N_TOP4,False
CB1_CAUR_M_CF3_RI2_TI2_R12__seed721204__it0000554,ts_5246e933998023f41450,CB1_CAUR_M_CF3_RI2_TI2_R12,NEW_ALNS_EXPANSION,M,CF3,1,CANONICAL_FALLBACK,True
CB1_CAUR_M_CF3_RI2_TI2_R12__seed721204__it0000554,ts_87091b1122c383321126,CB1_CAUR_M_CF3_RI2_TI2_R12,NEW_ALNS_EXPANSION,M,CF3,1,PHASE6N_TOP4,False
CB1_CAUR_S_CF1_RI2_TI2_R12_C02__seed691201__it0000014,ts_078373d3160a52a07d61,CB1_CAUR_S_CF1_RI2_TI2_R12_C02,ORIGINAL_PHASE6J_CAUR,S,CF1,0,PHASE6L_TOP4,False
CB1_CAUR_S_CF1_RI2_TI2_R12_C02__seed691201__it0000014,ts_63d5b13a32c98cd4bcb9,CB1_CAUR_S_CF1_RI2_TI2_R12_C02,ORIGINAL_PHASE6J_CAUR,S,CF1,0,PHASE6N_TOP4,False
CB1_CAUR_S_CF1_RI2_TI2_R12_C02__seed691201__it0000014,ts_7c54f3bc6c7849a475f7,CB1_CAUR_S_CF1_RI2_TI2_R12_C02,ORIGINAL_PHASE6J_CAUR,S,CF1,0,PHASE6N_TOP4,False
CB1_CAUR_S_CF1_RI2_TI2_R12_C02__seed691201__it0000014,ts_9958937486e94a671bee,CB1_CAUR_S_CF1_RI2_TI2_R12_C02,ORIGINAL_PHASE6J_CAUR,S,CF1,0,PHASE6L_TOP4,False
CB1_CAUR_S_CF1_RI2_TI2_R12_C02__seed691201__it0000014,ts_bfeef333888368bb2056,CB1_CAUR_S_CF1_RI2_TI2_R12_C02,ORIGINAL_PHASE6J_CAUR,S,CF1,0,PHASE6N_TOP4,False
CB1_CAUR_S_CF1_RI2_TI2_R12_C02__seed691201__it0000014,ts_ccc7fbe3be3d4e6f5f95,CB1_CAUR_S_CF1_RI2_TI2_R12_C02,ORIGINAL_PHASE6J_CAUR,S,CF1,0,CANONICAL_FALLBACK,True
CB1_CAUR_S_CF1_RI2_TI2_R12_C02__seed691201__it0000014,ts_d550f35238de2a85444f,CB1_CAUR_S_CF1_RI2_TI2_R12_C02,ORIGINAL_PHASE6J_CAUR,S,CF1,0,PHASE6N_TOP4,False
CB1_CAUR_S_CF1_RI2_TI2_R12_C02__seed691201__it0000014,ts_edd61b5d25829ff7c059,CB1_CAUR_S_CF1_RI2_TI2_R12_C02,ORIGINAL_PHASE6J_CAUR,S,CF1,0,PHASE6L_TOP4,False
CB1_CAUR_S_CF1_RI2_TI2_R12_C02__seed691201__it0000014,ts_fe0e84ce157e3419cc9a,CB1_CAUR_S_CF1_RI2_TI2_R12_C02,ORIGINAL_PHASE6J_CAUR,S,CF1,0,PHASE6L_TOP4,False
CB1_CAUR_S_CF1_RI2_TI2_R12_C02__seed691201__it0000053,ts_08c158cbc9515cdb8b98,CB1_CAUR_S_CF1_RI2_TI2_R12_C02,ORIGINAL_PHASE6J_CAUR,S,CF1,0,PHASE6L_TOP4,False
CB1_CAUR_S_CF1_RI2_TI2_R12_C02__seed691201__it0000053,ts_33eb5be42cf4e6472ad5,CB1_CAUR_S_CF1_RI2_TI2_R12_C02,ORIGINAL_PHASE6J_CAUR,S,CF1,0,CANONICAL_FALLBACK|PHASE6N_TOP4,True
CB1_CAUR_S_CF1_RI2_TI2_R12_C02__seed691201__it0000053,ts_5b59c8cbdc4bca7585fd,CB1_CAUR_S_CF1_RI2_TI2_R12_C02,ORIGINAL_PHASE6J_CAUR,S,CF1,0,PHASE6N_TOP4,False
CB1_CAUR_S_CF1_RI2_TI2_R12_C02__seed691201__it0000053,ts_5e7bd06c2ec97c6dfda0,CB1_CAUR_S_CF1_RI2_TI2_R12_C02,ORIGINAL_PHASE6J_CAUR,S,CF1,0,PHASE6L_TOP4|PHASE6N_TOP4,False
CB1_CAUR_S_CF1_RI2_TI2_R12_C02__seed691201__it0000053,ts_630dce7859824753bc9c,CB1_CAUR_S_CF1_RI2_TI2_R12_C02,ORIGINAL_PHASE6J_CAUR,S,CF1,0,PHASE6L_TOP4|PHASE6N_TOP4,False
CB1_CAUR_S_CF1_RI2_TI2_R12_C02__seed691201__it0000053,ts_dfcb27e1c815ec32696a,CB1_CAUR_S_CF1_RI2_TI2_R12_C02,ORIGINAL_PHASE6J_CAUR,S,CF1,0,PHASE6L_TOP4,False
CB1_CAUR_S_CF1_RI2_TI2_R12_C02__seed691201__it0000096,ts_6a0b6157e9912333527d,CB1_CAUR_S_CF1_RI2_TI2_R12_C02,ORIGINAL_PHASE6J_CAUR,S,CF1,0,PHASE6L_TOP4|PHASE6N_TOP4,False
CB1_CAUR_S_CF1_RI2_TI2_R12_C02__seed691201__it0000096,ts_8c09257f6fb1959244af,CB1_CAUR_S_CF1_RI2_TI2_R12_C02,ORIGINAL_PHASE6J_CAUR,S,CF1,0,PHASE6L_TOP4|PHASE6N_TOP4,False
CB1_CAUR_S_CF1_RI2_TI2_R12_C02__seed691201__it0000096,ts_90d0b969068d5639cfe8,CB1_CAUR_S_CF1_RI2_TI2_R12_C02,ORIGINAL_PHASE6J_CAUR,S,CF1,0,CANONICAL_FALLBACK|PHASE6N_TOP4,True
CB1_CAUR_S_CF1_RI2_TI2_R12_C02__seed691201__it0000096,ts_a2b37f3e60dee93ef42b,CB1_CAUR_S_CF1_RI2_TI2_R12_C02,ORIGINAL_PHASE6J_CAUR,S,CF1,0,PHASE6L_TOP4|PHASE6N_TOP4,False
CB1_CAUR_S_CF1_RI2_TI2_R12_C02__seed691201__it0000096,ts_abec4d052bb22b336562,CB1_CAUR_S_CF1_RI2_TI2_R12_C02,ORIGINAL_PHASE6J_CAUR,S,CF1,0,PHASE6L_TOP4,False
CB1_CAUR_S_CF1_RI2_TI2_R12_C02__seed691201__it0000136,ts_1aee5f4b7d5e26d00656,CB1_CAUR_S_CF1_RI2_TI2_R12_C02,ORIGINAL_PHASE6J_CAUR,S,CF1,0,PHASE6N_TOP4,False
CB1_CAUR_S_CF1_RI2_TI2_R12_C02__seed691201__it0000136,ts_2e1f7fa6f11b580f2b10,CB1_CAUR_S_CF1_RI2_TI2_R12_C02,ORIGINAL_PHASE6J_CAUR,S,CF1,0,PHASE6L_TOP4,False
CB1_CAUR_S_CF1_RI2_TI2_R12_C02__seed691201__it0000136,ts_4a84a7a46e167a2dfee4,CB1_CAUR_S_CF1_RI2_TI2_R12_C02,ORIGINAL_PHASE6J_CAUR,S,CF1,0,PHASE6L_TOP4|PHASE6N_TOP4,False
CB1_CAUR_S_CF1_RI2_TI2_R12_C02__seed691201__it0000136,ts_5c5600d90da370e8a542,CB1_CAUR_S_CF1_RI2_TI2_R12_C02,ORIGINAL_PHASE6J_CAUR,S,CF1,0,PHASE6L_TOP4|PHASE6N_TOP4,False
CB1_CAUR_S_CF1_RI2_TI2_R12_C02__seed691201__it0000136,ts_68c3a48d4968ddbeb7f8,CB1_CAUR_S_CF1_RI2_TI2_R12_C02,ORIGINAL_PHASE6J_CAUR,S,CF1,0,CANONICAL_FALLBACK,True
CB1_CAUR_S_CF1_RI2_TI2_R12_C02__seed691201__it0000136,ts_c89664bf10ecfbe5ab13,CB1_CAUR_S_CF1_RI2_TI2_R12_C02,ORIGINAL_PHASE6J_CAUR,S,CF1,0,PHASE6L_TOP4|PHASE6N_TOP4,False
CB1_CAUR_S_CF1_RI2_TI2_R12_C02__seed691201__it0000176,ts_29d45ba18619c66575cc,CB1_CAUR_S_CF1_RI2_TI2_R12_C02,ORIGINAL_PHASE6J_CAUR,S,CF1,0,PHASE6L_TOP4,False
CB1_CAUR_S_CF1_RI2_TI2_R12_C02__seed691201__it0000176,ts_4f9b54c1ae5a4df029ae,CB1_CAUR_S_CF1_RI2_TI2_R12_C02,ORIGINAL_PHASE6J_CAUR,S,CF1,0,PHASE6L_TOP4,False
CB1_CAUR_S_CF1_RI2_TI2_R12_C02__seed691201__it0000176,ts_696c65313ba729d5274a,CB1_CAUR_S_CF1_RI2_TI2_R12_C02,ORIGINAL_PHASE6J_CAUR,S,CF1,0,PHASE6L_TOP4,False
CB1_CAUR_S_CF1_RI2_TI2_R12_C02__seed691201__it0000176,ts_7ff250a1cf1341dc8264,CB1_CAUR_S_CF1_RI2_TI2_R12_C02,ORIGINAL_PHASE6J_CAUR,S,CF1,0,PHASE6L_TOP4|PHASE6N_TOP4,False
CB1_CAUR_S_CF1_RI2_TI2_R12_C02__seed691201__it0000176,ts_9122d6d00b9a252c5f63,CB1_CAUR_S_CF1_RI2_TI2_R12_C02,ORIGINAL_PHASE6J_CAUR,S,CF1,0,PHASE6N_TOP4,False
CB1_CAUR_S_CF1_RI2_TI2_R12_C02__seed691201__it0000176,ts_a62b7a42a5f29529b3f6,CB1_CAUR_S_CF1_RI2_TI2_R12_C02,ORIGINAL_PHASE6J_CAUR,S,CF1,0,PHASE6N_TOP4,False
CB1_CAUR_S_CF1_RI2_TI2_R12_C02__seed691201__it0000176,ts_cbd54ac358c1b7b7f75e,CB1_CAUR_S_CF1_RI2_TI2_R12_C02,ORIGINAL_PHASE6J_CAUR,S,CF1,0,CANONICAL_FALLBACK,True
CB1_CAUR_S_CF1_RI2_TI2_R12_C02__seed691201__it0000176,ts_ea0ba3855af5098eb996,CB1_CAUR_S_CF1_RI2_TI2_R12_C02,ORIGINAL_PHASE6J_CAUR,S,CF1,0,PHASE6N_TOP4,False
CB1_CAUR_S_CF1_RI2_TI2_R12_C02__seed691201__it0000218,ts_0257573b16512c9ebac4,CB1_CAUR_S_CF1_RI2_TI2_R12_C02,ORIGINAL_PHASE6J_CAUR,S,CF1,0,PHASE6L_TOP4|PHASE6N_TOP4,False
CB1_CAUR_S_CF1_RI2_TI2_R12_C02__seed691201__it0000218,ts_0cbb67c8a9eaace86e68,CB1_CAUR_S_CF1_RI2_TI2_R12_C02,ORIGINAL_PHASE6J_CAUR,S,CF1,0,PHASE6L_TOP4,False
CB1_CAUR_S_CF1_RI2_TI2_R12_C02__seed691201__it0000218,ts_67ca1c23c476c51a019c,CB1_CAUR_S_CF1_RI2_TI2_R12_C02,ORIGINAL_PHASE6J_CAUR,S,CF1,0,PHASE6L_TOP4,False
CB1_CAUR_S_CF1_RI2_TI2_R12_C02__seed691201__it0000218,ts_b3b3af5bf0336af9da67,CB1_CAUR_S_CF1_RI2_TI2_R12_C02,ORIGINAL_PHASE6J_CAUR,S,CF1,0,PHASE6L_TOP4,False
CB1_CAUR_S_CF1_RI2_TI2_R12_C02__seed691201__it0000218,ts_bc1e931968fb27169614,CB1_CAUR_S_CF1_RI2_TI2_R12_C02,ORIGINAL_PHASE6J_CAUR,S,CF1,0,PHASE6N_TOP4,False
CB1_CAUR_S_CF1_RI2_TI2_R12_C02__seed691201__it0000218,ts_bd056437d3b2260defdb,CB1_CAUR_S_CF1_RI2_TI2_R12_C02,ORIGINAL_PHASE6J_CAUR,S,CF1,0,PHASE6N_TOP4,False
CB1_CAUR_S_CF1_RI2_TI2_R12_C02__seed691201__it0000218,ts_f7a1bc9228173128e3cf,CB1_CAUR_S_CF1_RI2_TI2_R12_C02,ORIGINAL_PHASE6J_CAUR,S,CF1,0,CANONICAL_FALLBACK|PHASE6N_TOP4,True
CB1_CAUR_S_CF1_RI2_TI2_R12_C02__seed691201__it0000258,ts_12166a6d01abb0554c05,CB1_CAUR_S_CF1_RI2_TI2_R12_C02,ORIGINAL_PHASE6J_CAUR,S,CF1,0,PHASE6N_TOP4,False
CB1_CAUR_S_CF1_RI2_TI2_R12_C02__seed691201__it0000258,ts_171241994c85967ddb3e,CB1_CAUR_S_CF1_RI2_TI2_R12_C02,ORIGINAL_PHASE6J_CAUR,S,CF1,0,PHASE6L_TOP4|PHASE6N_TOP4,False
CB1_CAUR_S_CF1_RI2_TI2_R12_C02__seed691201__it0000258,ts_1c967a3190e7cfb4be0c,CB1_CAUR_S_CF1_RI2_TI2_R12_C02,ORIGINAL_PHASE6J_CAUR,S,CF1,0,PHASE6L_TOP4|PHASE6N_TOP4,False
CB1_CAUR_S_CF1_RI2_TI2_R12_C02__seed691201__it0000258,ts_36bd189861b147357b5f,CB1_CAUR_S_CF1_RI2_TI2_R12_C02,ORIGINAL_PHASE6J_CAUR,S,CF1,0,PHASE6L_TOP4,False
CB1_CAUR_S_CF1_RI2_TI2_R12_C02__seed691201__it0000258,ts_c4a7a5e2ca498ae4275b,CB1_CAUR_S_CF1_RI2_TI2_R12_C02,ORIGINAL_PHASE6J_CAUR,S,CF1,0,CANONICAL_FALLBACK,True
CB1_CAUR_S_CF1_RI2_TI2_R12_C02__seed691201__it0000258,ts_d95b80c46298c6980dba,CB1_CAUR_S_CF1_RI2_TI2_R12_C02,ORIGINAL_PHASE6J_CAUR,S,CF1,0,PHASE6L_TOP4,False
CB1_CAUR_S_CF1_RI2_TI2_R12_C02__seed691201__it0000258,ts_dddfe2fdc177a4256e09,CB1_CAUR_S_CF1_RI2_TI2_R12_C02,ORIGINAL_PHASE6J_CAUR,S,CF1,0,PHASE6N_TOP4,False
CB1_CAUR_S_CF1_RI2_TI2_R12_C02__seed691201__it0000288,ts_29a7cae11a67ae45062d,CB1_CAUR_S_CF1_RI2_TI2_R12_C02,ORIGINAL_PHASE6J_CAUR,S,CF1,0,PHASE6N_TOP4,False
CB1_CAUR_S_CF1_RI2_TI2_R12_C02__seed691201__it0000288,ts_2c908f0ffc7eb0a9af77,CB1_CAUR_S_CF1_RI2_TI2_R12_C02,ORIGINAL_PHASE6J_CAUR,S,CF1,0,CANONICAL_FALLBACK|PHASE6N_TOP4,True
CB1_CAUR_S_CF1_RI2_TI2_R12_C02__seed691201__it0000288,ts_8a89af59a492f4655b1d,CB1_CAUR_S_CF1_RI2_TI2_R12_C02,ORIGINAL_PHASE6J_CAUR,S,CF1,0,PHASE6L_TOP4|PHASE6N_TOP4,False
CB1_CAUR_S_CF1_RI2_TI2_R12_C02__seed691201__it0000288,ts_d0bfbf0415d922e96921,CB1_CAUR_S_CF1_RI2_TI2_R12_C02,ORIGINAL_PHASE6J_CAUR,S,CF1,0,PHASE6L_TOP4|PHASE6N_TOP4,False
CB1_CAUR_S_CF1_RI2_TI2_R12_C02__seed691201__it0000288,ts_df580e715d04bd5d51e4,CB1_CAUR_S_CF1_RI2_TI2_R12_C02,ORIGINAL_PHASE6J_CAUR,S,CF1,0,PHASE6L_TOP4,False
CB1_CAUR_S_CF1_RI2_TI2_R12_C02__seed691201__it0000288,ts_e9672dc39c592c7de3d3,CB1_CAUR_S_CF1_RI2_TI2_R12_C02,ORIGINAL_PHASE6J_CAUR,S,CF1,0,PHASE6L_TOP4,False
CB1_CAUR_S_CF1_RI2_TI2_R12_C02__seed691202__it0000014,ts_13d4c0599fd6b1b1983e,CB1_CAUR_S_CF1_RI2_TI2_R12_C02,ORIGINAL_PHASE6J_CAUR,S,CF1,0,PHASE6L_TOP4,False
CB1_CAUR_S_CF1_RI2_TI2_R12_C02__seed691202__it0000014,ts_16d5a17385862632cc3f,CB1_CAUR_S_CF1_RI2_TI2_R12_C02,ORIGINAL_PHASE6J_CAUR,S,CF1,0,PHASE6L_TOP4,False
CB1_CAUR_S_CF1_RI2_TI2_R12_C02__seed691202__it0000014,ts_3aa582fd1e05ed58ce75,CB1_CAUR_S_CF1_RI2_TI2_R12_C02,ORIGINAL_PHASE6J_CAUR,S,CF1,0,PHASE6L_TOP4,False
CB1_CAUR_S_CF1_RI2_TI2_R12_C02__seed691202__it0000014,ts_6886fe9a207e15f07918,CB1_CAUR_S_CF1_RI2_TI2_R12_C02,ORIGINAL_PHASE6J_CAUR,S,CF1,0,PHASE6N_TOP4,False
CB1_CAUR_S_CF1_RI2_TI2_R12_C02__seed691202__it0000014,ts_890e3580eb73e08436dc,CB1_CAUR_S_CF1_RI2_TI2_R12_C02,ORIGINAL_PHASE6J_CAUR,S,CF1,0,PHASE6N_TOP4,False
CB1_CAUR_S_CF1_RI2_TI2_R12_C02__seed691202__it0000014,ts_92e5aab2e60ae62ef0bf,CB1_CAUR_S_CF1_RI2_TI2_R12_C02,ORIGINAL_PHASE6J_CAUR,S,CF1,0,PHASE6L_TOP4,False
CB1_CAUR_S_CF1_RI2_TI2_R12_C02__seed691202__it0000014,ts_c7c00cde0525df891619,CB1_CAUR_S_CF1_RI2_TI2_R12_C02,ORIGINAL_PHASE6J_CAUR,S,CF1,0,PHASE6N_TOP4,False
CB1_CAUR_S_CF1_RI2_TI2_R12_C02__seed691202__it0000014,ts_fc3f677ae53c8102a343,CB1_CAUR_S_CF1_RI2_TI2_R12_C02,ORIGINAL_PHASE6J_CAUR,S,CF1,0,CANONICAL_FALLBACK|PHASE6N_TOP4,True
CB1_CAUR_S_CF1_RI2_TI2_R12_C02__seed691202__it0000054,ts_0955963dee266866f008,CB1_CAUR_S_CF1_RI2_TI2_R12_C02,ORIGINAL_PHASE6J_CAUR,S,CF1,0,CANONICAL_FALLBACK,True
CB1_CAUR_S_CF1_RI2_TI2_R12_C02__seed691202__it0000054,ts_356b99933e2a72a1d86a,CB1_CAUR_S_CF1_RI2_TI2_R12_C02,ORIGINAL_PHASE6J_CAUR,S,CF1,0,PHASE6L_TOP4,False
CB1_CAUR_S_CF1_RI2_TI2_R12_C02__seed691202__it0000054,ts_627baa496b6324f53a87,CB1_CAUR_S_CF1_RI2_TI2_R12_C02,ORIGINAL_PHASE6J_CAUR,S,CF1,0,PHASE6L_TOP4|PHASE6N_TOP4,False
CB1_CAUR_S_CF1_RI2_TI2_R12_C02__seed691202__it0000054,ts_6451b1d894deab2b0ffe,CB1_CAUR_S_CF1_RI2_TI2_R12_C02,ORIGINAL_PHASE6J_CAUR,S,CF1,0,PHASE6L_TOP4|PHASE6N_TOP4,False
CB1_CAUR_S_CF1_RI2_TI2_R12_C02__seed691202__it0000054,ts_9786bc401fd3c3a60c30,CB1_CAUR_S_CF1_RI2_TI2_R12_C02,ORIGINAL_PHASE6J_CAUR,S,CF1,0,PHASE6L_TOP4,False
CB1_CAUR_S_CF1_RI2_TI2_R12_C02__seed691202__it0000054,ts_9c1aa3036ecea1360405,CB1_CAUR_S_CF1_RI2_TI2_R12_C02,ORIGINAL_PHASE6J_CAUR,S,CF1,0,PHASE6N_TOP4,False
CB1_CAUR_S_CF1_RI2_TI2_R12_C02__seed691202__it0000054,ts_c441c221f50a02c8c3a5,CB1_CAUR_S_CF1_RI2_TI2_R12_C02,ORIGINAL_PHASE6J_CAUR,S,CF1,0,PHASE6N_TOP4,False
CB1_CAUR_S_CF1_RI2_TI2_R12_C02__seed691202__it0000094,ts_2b5732f4043aa938e14a,CB1_CAUR_S_CF1_RI2_TI2_R12_C02,ORIGINAL_PHASE6J_CAUR,S,CF1,0,PHASE6N_TOP4,False
CB1_CAUR_S_CF1_RI2_TI2_R12_C02__seed691202__it0000094,ts_5a1c7f7d1e098bdc776a,CB1_CAUR_S_CF1_RI2_TI2_R12_C02,ORIGINAL_PHASE6J_CAUR,S,CF1,0,PHASE6N_TOP4,False
CB1_CAUR_S_CF1_RI2_TI2_R12_C02__seed691202__it0000094,ts_990247c6cc30a2f4d464,CB1_CAUR_S_CF1_RI2_TI2_R12_C02,ORIGINAL_PHASE6J_CAUR,S,CF1,0,PHASE6L_TOP4,False
CB1_CAUR_S_CF1_RI2_TI2_R12_C02__seed691202__it0000094,ts_9be001d91cf091b0a178,CB1_CAUR_S_CF1_RI2_TI2_R12_C02,ORIGINAL_PHASE6J_CAUR,S,CF1,0,PHASE6L_TOP4|PHASE6N_TOP4,False
CB1_CAUR_S_CF1_RI2_TI2_R12_C02__seed691202__it0000094,ts_9c96c1b29a64d50b0ff8,CB1_CAUR_S_CF1_RI2_TI2_R12_C02,ORIGINAL_PHASE6J_CAUR,S,CF1,0,PHASE6L_TOP4,False
CB1_CAUR_S_CF1_RI2_TI2_R12_C02__seed691202__it0000094,ts_b7b7353b957508bf18e0,CB1_CAUR_S_CF1_RI2_TI2_R12_C02,ORIGINAL_PHASE6J_CAUR,S,CF1,0,CANONICAL_FALLBACK,True
CB1_CAUR_S_CF1_RI2_TI2_R12_C02__seed691202__it0000094,ts_e4ace97e11ecce1e6762,CB1_CAUR_S_CF1_RI2_TI2_R12_C02,ORIGINAL_PHASE6J_CAUR,S,CF1,0,PHASE6N_TOP4,False
CB1_CAUR_S_CF1_RI2_TI2_R12_C02__seed691202__it0000094,ts_eb4bda08fef21154c45b,CB1_CAUR_S_CF1_RI2_TI2_R12_C02,ORIGINAL_PHASE6J_CAUR,S,CF1,0,PHASE6L_TOP4,False
CB1_CAUR_S_CF1_RI2_TI2_R12_C02__seed691202__it0000134,ts_09157a5d308798ec678d,CB1_CAUR_S_CF1_RI2_TI2_R12_C02,ORIGINAL_PHASE6J_CAUR,S,CF1,0,CANONICAL_FALLBACK,True
CB1_CAUR_S_CF1_RI2_TI2_R12_C02__seed691202__it0000134,ts_17c99d1732f2ca5e22b1,CB1_CAUR_S_CF1_RI2_TI2_R12_C02,ORIGINAL_PHASE6J_CAUR,S,CF1,0,PHASE6L_TOP4|PHASE6N_TOP4,False
CB1_CAUR_S_CF1_RI2_TI2_R12_C02__seed691202__it0000134,ts_1d502469b58d7b9f4b62,CB1_CAUR_S_CF1_RI2_TI2_R12_C02,ORIGINAL_PHASE6J_CAUR,S,CF1,0,PHASE6L_TOP4,False
CB1_CAUR_S_CF1_RI2_TI2_R12_C02__seed691202__it0000134,ts_6c96447d401caa6dc1f3,CB1_CAUR_S_CF1_RI2_TI2_R12_C02,ORIGINAL_PHASE6J_CAUR,S,CF1,0,PHASE6L_TOP4|PHASE6N_TOP4,False
CB1_CAUR_S_CF1_RI2_TI2_R12_C02__seed691202__it0000134,ts_bb8e275a03e04fb5c340,CB1_CAUR_S_CF1_RI2_TI2_R12_C02,ORIGINAL_PHASE6J_CAUR,S,CF1,0,PHASE6L_TOP4,False
CB1_CAUR_S_CF1_RI2_TI2_R12_C02__seed691202__it0000134,ts_d88640e290a8e0dd8c4b,CB1_CAUR_S_CF1_RI2_TI2_R12_C02,ORIGINAL_PHASE6J_CAUR,S,CF1,0,PHASE6N_TOP4,False
CB1_CAUR_S_CF1_RI2_TI2_R12_C02__seed691202__it0000134,ts_d953df904b62a9787e15,CB1_CAUR_S_CF1_RI2_TI2_R12_C02,ORIGINAL_PHASE6J_CAUR,S,CF1,0,PHASE6N_TOP4,False
CB1_CAUR_S_CF1_RI2_TI2_R12_C02__seed691202__it0000173,ts_08ab86e09f1d0cd1cf65,CB1_CAUR_S_CF1_RI2_TI2_R12_C02,ORIGINAL_PHASE6J_CAUR,S,CF1,0,PHASE6L_TOP4,False
CB1_CAUR_S_CF1_RI2_TI2_R12_C02__seed691202__it0000173,ts_0e67a2d3d2011ffcf7dc,CB1_CAUR_S_CF1_RI2_TI2_R12_C02,ORIGINAL_PHASE6J_CAUR,S,CF1,0,PHASE6L_TOP4|PHASE6N_TOP4,False
CB1_CAUR_S_CF1_RI2_TI2_R12_C02__seed691202__it0000173,ts_3892e26ef6f3f385d937,CB1_CAUR_S_CF1_RI2_TI2_R12_C02,ORIGINAL_PHASE6J_CAUR,S,CF1,0,PHASE6N_TOP4,False
CB1_CAUR_S_CF1_RI2_TI2_R12_C02__seed691202__it0000173,ts_5de15d83c11cecb386fd,CB1_CAUR_S_CF1_RI2_TI2_R12_C02,ORIGINAL_PHASE6J_CAUR,S,CF1,0,PHASE6L_TOP4|PHASE6N_TOP4,False
CB1_CAUR_S_CF1_RI2_TI2_R12_C02__seed691202__it0000173,ts_716be613f4cbfc7afa3a,CB1_CAUR_S_CF1_RI2_TI2_R12_C02,ORIGINAL_PHASE6J_CAUR,S,CF1,0,PHASE6L_TOP4,False
CB1_CAUR_S_CF1_RI2_TI2_R12_C02__seed691202__it0000173,ts_f1f4d7205acdfb270bc0,CB1_CAUR_S_CF1_RI2_TI2_R12_C02,ORIGINAL_PHASE6J_CAUR,S,CF1,0,CANONICAL_FALLBACK|PHASE6N_TOP4,True
CB1_CAUR_S_CF1_RI2_TI2_R12_C02__seed691202__it0000215,ts_381958c063e171144dd8,CB1_CAUR_S_CF1_RI2_TI2_R12_C02,ORIGINAL_PHASE6J_CAUR,S,CF1,0,PHASE6L_TOP4|PHASE6N_TOP4,False
CB1_CAUR_S_CF1_RI2_TI2_R12_C02__seed691202__it0000215,ts_3b477fcb06f7a11eb68c,CB1_CAUR_S_CF1_RI2_TI2_R12_C02,ORIGINAL_PHASE6J_CAUR,S,CF1,0,PHASE6N_TOP4,False
CB1_CAUR_S_CF1_RI2_TI2_R12_C02__seed691202__it0000215,ts_3d6a3eb92121ef856e27,CB1_CAUR_S_CF1_RI2_TI2_R12_C02,ORIGINAL_PHASE6J_CAUR,S,CF1,0,PHASE6L_TOP4,False
CB1_CAUR_S_CF1_RI2_TI2_R12_C02__seed691202__it0000215,ts_601e58deba1899cc4ef9,CB1_CAUR_S_CF1_RI2_TI2_R12_C02,ORIGINAL_PHASE6J_CAUR,S,CF1,0,PHASE6L_TOP4,False
CB1_CAUR_S_CF1_RI2_TI2_R12_C02__seed691202__it0000215,ts_813e040637c8159e9bac,CB1_CAUR_S_CF1_RI2_TI2_R12_C02,ORIGINAL_PHASE6J_CAUR,S,CF1,0,PHASE6L_TOP4|PHASE6N_TOP4,False
CB1_CAUR_S_CF1_RI2_TI2_R12_C02__seed691202__it0000215,ts_a736c9cfcc6a3d0583df,CB1_CAUR_S_CF1_RI2_TI2_R12_C02,ORIGINAL_PHASE6J_CAUR,S,CF1,0,CANONICAL_FALLBACK|PHASE6N_TOP4,True
CB1_CAUR_S_CF1_RI2_TI2_R12_C02__seed691202__it0000254,ts_063926c053a7cdc467e8,CB1_CAUR_S_CF1_RI2_TI2_R12_C02,ORIGINAL_PHASE6J_CAUR,S,CF1,0,PHASE6L_TOP4,False
CB1_CAUR_S_CF1_RI2_TI2_R12_C02__seed691202__it0000254,ts_290d3b65b0e6daff5443,CB1_CAUR_S_CF1_RI2_TI2_R12_C02,ORIGINAL_PHASE6J_CAUR,S,CF1,0,PHASE6L_TOP4|PHASE6N_TOP4,False
CB1_CAUR_S_CF1_RI2_TI2_R12_C02__seed691202__it0000254,ts_6551f3f85bfdeaf6c70a,CB1_CAUR_S_CF1_RI2_TI2_R12_C02,ORIGINAL_PHASE6J_CAUR,S,CF1,0,PHASE6L_TOP4,False
CB1_CAUR_S_CF1_RI2_TI2_R12_C02__seed691202__it0000254,ts_662ad72afcf5afe6756e,CB1_CAUR_S_CF1_RI2_TI2_R12_C02,ORIGINAL_PHASE6J_CAUR,S,CF1,0,PHASE6L_TOP4,False
CB1_CAUR_S_CF1_RI2_TI2_R12_C02__seed691202__it0000254,ts_80be9a8d64c971421ae8,CB1_CAUR_S_CF1_RI2_TI2_R12_C02,ORIGINAL_PHASE6J_CAUR,S,CF1,0,CANONICAL_FALLBACK|PHASE6N_TOP4,True
CB1_CAUR_S_CF1_RI2_TI2_R12_C02__seed691202__it0000254,ts_a8ac9d859fc4478d9e6a,CB1_CAUR_S_CF1_RI2_TI2_R12_C02,ORIGINAL_PHASE6J_CAUR,S,CF1,0,PHASE6N_TOP4,False
CB1_CAUR_S_CF1_RI2_TI2_R12_C02__seed691202__it0000254,ts_b5bfda2fec0968169f80,CB1_CAUR_S_CF1_RI2_TI2_R12_C02,ORIGINAL_PHASE6J_CAUR,S,CF1,0,PHASE6N_TOP4,False
CB1_CAUR_S_CF1_RI2_TI2_R12_C02__seed691202__it0000284,ts_22fbad62ae23b8f68a6c,CB1_CAUR_S_CF1_RI2_TI2_R12_C02,ORIGINAL_PHASE6J_CAUR,S,CF1,0,PHASE6N_TOP4,False
CB1_CAUR_S_CF1_RI2_TI2_R12_C02__seed691202__it0000284,ts_2f6eaf3222ceded4e3bc,CB1_CAUR_S_CF1_RI2_TI2_R12_C02,ORIGINAL_PHASE6J_CAUR,S,CF1,0,PHASE6L_TOP4|PHASE6N_TOP4,False
CB1_CAUR_S_CF1_RI2_TI2_R12_C02__seed691202__it0000284,ts_956a17b58dc929097957,CB1_CAUR_S_CF1_RI2_TI2_R12_C02,ORIGINAL_PHASE6J_CAUR,S,CF1,0,PHASE6L_TOP4|PHASE6N_TOP4,False
CB1_CAUR_S_CF1_RI2_TI2_R12_C02__seed691202__it0000284,ts_c109c8c6868eadefc15c,CB1_CAUR_S_CF1_RI2_TI2_R12_C02,ORIGINAL_PHASE6J_CAUR,S,CF1,0,CANONICAL_FALLBACK|PHASE6L_TOP4,True
CB1_CAUR_S_CF1_RI2_TI2_R12_C02__seed691202__it0000284,ts_dba480ea21029f0f2548,CB1_CAUR_S_CF1_RI2_TI2_R12_C02,ORIGINAL_PHASE6J_CAUR,S,CF1,0,PHASE6L_TOP4|PHASE6N_TOP4,False
CB1_CAUR_S_CF1_RI2_TI2_R12_C02__seed721201__it0000039,ts_21fb2109b49c8dcea614,CB1_CAUR_S_CF1_RI2_TI2_R12_C02,NEW_ALNS_EXPANSION,S,CF1,0,PHASE6N_TOP4,False
CB1_CAUR_S_CF1_RI2_TI2_R12_C02__seed721201__it0000039,ts_4f390767ce413e182087,CB1_CAUR_S_CF1_RI2_TI2_R12_C02,NEW_ALNS_EXPANSION,S,CF1,0,PHASE6N_TOP4,False
CB1_CAUR_S_CF1_RI2_TI2_R12_C02__seed721201__it0000039,ts_81de661a9d0ebcd93efa,CB1_CAUR_S_CF1_RI2_TI2_R12_C02,NEW_ALNS_EXPANSION,S,CF1,0,PHASE6N_TOP4,False
CB1_CAUR_S_CF1_RI2_TI2_R12_C02__seed721201__it0000039,ts_8e94663f4fc11c171029,CB1_CAUR_S_CF1_RI2_TI2_R12_C02,NEW_ALNS_EXPANSION,S,CF1,0,CANONICAL_FALLBACK,True
CB1_CAUR_S_CF1_RI2_TI2_R12_C02__seed721201__it0000039,ts_ace6a787e74cf546d0d3,CB1_CAUR_S_CF1_RI2_TI2_R12_C02,NEW_ALNS_EXPANSION,S,CF1,0,PHASE6N_TOP4,False
CB1_CAUR_S_CF1_RI2_TI2_R12_C02__seed721201__it0000147,ts_2dfcaff0cb21e61b0245,CB1_CAUR_S_CF1_RI2_TI2_R12_C02,NEW_ALNS_EXPANSION,S,CF1,0,PHASE6N_TOP4,False
CB1_CAUR_S_CF1_RI2_TI2_R12_C02__seed721201__it0000147,ts_9b1b4b480266b19f8189,CB1_CAUR_S_CF1_RI2_TI2_R12_C02,NEW_ALNS_EXPANSION,S,CF1,0,PHASE6N_TOP4,False
CB1_CAUR_S_CF1_RI2_TI2_R12_C02__seed721201__it0000147,ts_a113395e90c34ad1510d,CB1_CAUR_S_CF1_RI2_TI2_R12_C02,NEW_ALNS_EXPANSION,S,CF1,0,PHASE6N_TOP4,False
CB1_CAUR_S_CF1_RI2_TI2_R12_C02__seed721201__it0000147,ts_a812c5ef99a998b215a8,CB1_CAUR_S_CF1_RI2_TI2_R12_C02,NEW_ALNS_EXPANSION,S,CF1,0,PHASE6N_TOP4,False
CB1_CAUR_S_CF1_RI2_TI2_R12_C02__seed721201__it0000147,ts_ea5affdeff52eba735fc,CB1_CAUR_S_CF1_RI2_TI2_R12_C02,NEW_ALNS_EXPANSION,S,CF1,0,CANONICAL_FALLBACK,True
CB1_CAUR_S_CF1_RI2_TI2_R12_C02__seed721201__it0000269,ts_0793bfdf9e2fc3ce4604,CB1_CAUR_S_CF1_RI2_TI2_R12_C02,NEW_ALNS_EXPANSION,S,CF1,0,PHASE6N_TOP4,False
CB1_CAUR_S_CF1_RI2_TI2_R12_C02__seed721201__it0000269,ts_34d4849061be3971e153,CB1_CAUR_S_CF1_RI2_TI2_R12_C02,NEW_ALNS_EXPANSION,S,CF1,0,CANONICAL_FALLBACK,True
CB1_CAUR_S_CF1_RI2_TI2_R12_C02__seed721201__it0000269,ts_3e7d3bc15c85d8c2f0d5,CB1_CAUR_S_CF1_RI2_TI2_R12_C02,NEW_ALNS_EXPANSION,S,CF1,0,PHASE6N_TOP4,False
CB1_CAUR_S_CF1_RI2_TI2_R12_C02__seed721201__it0000269,ts_4e1e7ae9c3582e0325cb,CB1_CAUR_S_CF1_RI2_TI2_R12_C02,NEW_ALNS_EXPANSION,S,CF1,0,PHASE6N_TOP4,False
CB1_CAUR_S_CF1_RI2_TI2_R12_C02__seed721201__it0000269,ts_8ea4ea5c3cd7885b4801,CB1_CAUR_S_CF1_RI2_TI2_R12_C02,NEW_ALNS_EXPANSION,S,CF1,0,PHASE6N_TOP4,False
CB1_CAUR_S_CF1_RI2_TI2_R12_C02__seed721201__it0000377,ts_105b968c84a9121c91e9,CB1_CAUR_S_CF1_RI2_TI2_R12_C02,NEW_ALNS_EXPANSION,S,CF1,0,PHASE6N_TOP4,False
CB1_CAUR_S_CF1_RI2_TI2_R12_C02__seed721201__it0000377,ts_31965438a736a24c3342,CB1_CAUR_S_CF1_RI2_TI2_R12_C02,NEW_ALNS_EXPANSION,S,CF1,0,PHASE6N_TOP4,False
CB1_CAUR_S_CF1_RI2_TI2_R12_C02__seed721201__it0000377,ts_7461fa6a6da15da4553f,CB1_CAUR_S_CF1_RI2_TI2_R12_C02,NEW_ALNS_EXPANSION,S,CF1,0,PHASE6N_TOP4,False
CB1_CAUR_S_CF1_RI2_TI2_R12_C02__seed721201__it0000377,ts_957ee8455391954bf1b3,CB1_CAUR_S_CF1_RI2_TI2_R12_C02,NEW_ALNS_EXPANSION,S,CF1,0,CANONICAL_FALLBACK,True
CB1_CAUR_S_CF1_RI2_TI2_R12_C02__seed721201__it0000377,ts_980f0cfe5d7c66f814df,CB1_CAUR_S_CF1_RI2_TI2_R12_C02,NEW_ALNS_EXPANSION,S,CF1,0,PHASE6N_TOP4,False
CB1_CAUR_S_CF1_RI2_TI2_R12_C02__seed721201__it0000490,ts_0e3d1c670c44dc97f9e4,CB1_CAUR_S_CF1_RI2_TI2_R12_C02,NEW_ALNS_EXPANSION,S,CF1,0,CANONICAL_FALLBACK|PHASE6N_TOP4,True
CB1_CAUR_S_CF1_RI2_TI2_R12_C02__seed721201__it0000490,ts_51123f1c23978a632e35,CB1_CAUR_S_CF1_RI2_TI2_R12_C02,NEW_ALNS_EXPANSION,S,CF1,0,PHASE6N_TOP4,False
CB1_CAUR_S_CF1_RI2_TI2_R12_C02__seed721201__it0000490,ts_6955b11e94d163a07134,CB1_CAUR_S_CF1_RI2_TI2_R12_C02,NEW_ALNS_EXPANSION,S,CF1,0,PHASE6N_TOP4,False
CB1_CAUR_S_CF1_RI2_TI2_R12_C02__seed721201__it0000490,ts_cb971c478dc83fc376cb,CB1_CAUR_S_CF1_RI2_TI2_R12_C02,NEW_ALNS_EXPANSION,S,CF1,0,PHASE6N_TOP4,False
CB1_CAUR_S_CF1_RI2_TI2_R12_C02__seed721201__it0000611,ts_13aa49ec12252266505e,CB1_CAUR_S_CF1_RI2_TI2_R12_C02,NEW_ALNS_EXPANSION,S,CF1,0,PHASE6N_TOP4,False
CB1_CAUR_S_CF1_RI2_TI2_R12_C02__seed721201__it0000611,ts_57615056f70978c0cfed,CB1_CAUR_S_CF1_RI2_TI2_R12_C02,NEW_ALNS_EXPANSION,S,CF1,0,PHASE6N_TOP4,False
CB1_CAUR_S_CF1_RI2_TI2_R12_C02__seed721201__it0000611,ts_74f66811d5f89a6a7ff7,CB1_CAUR_S_CF1_RI2_TI2_R12_C02,NEW_ALNS_EXPANSION,S,CF1,0,CANONICAL_FALLBACK|PHASE6N_TOP4,True
CB1_CAUR_S_CF1_RI2_TI2_R12_C02__seed721201__it0000611,ts_7900b4f1ca8c8781c72b,CB1_CAUR_S_CF1_RI2_TI2_R12_C02,NEW_ALNS_EXPANSION,S,CF1,0,PHASE6N_TOP4,False
CB1_CAUR_S_CF1_RI2_TI2_R12_C02__seed721201__it0000726,ts_34c0a1ca25ba47d245f3,CB1_CAUR_S_CF1_RI2_TI2_R12_C02,NEW_ALNS_EXPANSION,S,CF1,0,PHASE6N_TOP4,False
CB1_CAUR_S_CF1_RI2_TI2_R12_C02__seed721201__it0000726,ts_6cef1974a90fbbf0972c,CB1_CAUR_S_CF1_RI2_TI2_R12_C02,NEW_ALNS_EXPANSION,S,CF1,0,PHASE6N_TOP4,False
CB1_CAUR_S_CF1_RI2_TI2_R12_C02__seed721201__it0000726,ts_8382e83fe5614c46d169,CB1_CAUR_S_CF1_RI2_TI2_R12_C02,NEW_ALNS_EXPANSION,S,CF1,0,PHASE6N_TOP4,False
CB1_CAUR_S_CF1_RI2_TI2_R12_C02__seed721201__it0000726,ts_87f57daf694169a45881,CB1_CAUR_S_CF1_RI2_TI2_R12_C02,NEW_ALNS_EXPANSION,S,CF1,0,CANONICAL_FALLBACK,True
CB1_CAUR_S_CF1_RI2_TI2_R12_C02__seed721201__it0000726,ts_fd175d1d5a1c5438b9af,CB1_CAUR_S_CF1_RI2_TI2_R12_C02,NEW_ALNS_EXPANSION,S,CF1,0,PHASE6N_TOP4,False
CB1_CAUR_S_CF1_RI2_TI2_R12_C02__seed721201__it0000814,ts_1288564e7ee3a3be97fe,CB1_CAUR_S_CF1_RI2_TI2_R12_C02,NEW_ALNS_EXPANSION,S,CF1,0,CANONICAL_FALLBACK,True
CB1_CAUR_S_CF1_RI2_TI2_R12_C02__seed721201__it0000814,ts_62ef9ac61c3495f89388,CB1_CAUR_S_CF1_RI2_TI2_R12_C02,NEW_ALNS_EXPANSION,S,CF1,0,PHASE6N_TOP4,False
CB1_CAUR_S_CF1_RI2_TI2_R12_C02__seed721201__it0000814,ts_b794bf2679e5019b5823,CB1_CAUR_S_CF1_RI2_TI2_R12_C02,NEW_ALNS_EXPANSION,S,CF1,0,PHASE6N_TOP4,False
CB1_CAUR_S_CF1_RI2_TI2_R12_C02__seed721201__it0000814,ts_decf7c80328a9db40847,CB1_CAUR_S_CF1_RI2_TI2_R12_C02,NEW_ALNS_EXPANSION,S,CF1,0,PHASE6N_TOP4,False
CB1_CAUR_S_CF1_RI2_TI2_R12_C02__seed721201__it0000814,ts_f39bc6ddfdc678866f75,CB1_CAUR_S_CF1_RI2_TI2_R12_C02,NEW_ALNS_EXPANSION,S,CF1,0,PHASE6N_TOP4,False
CB1_CAUR_S_CF1_RI2_TI2_R12_C02__seed721202__it0000041,ts_58521371e9be6ddc96ad,CB1_CAUR_S_CF1_RI2_TI2_R12_C02,NEW_ALNS_EXPANSION,S,CF1,0,PHASE6N_TOP4,False
CB1_CAUR_S_CF1_RI2_TI2_R12_C02__seed721202__it0000041,ts_8d5cf5b46aedc78f9012,CB1_CAUR_S_CF1_RI2_TI2_R12_C02,NEW_ALNS_EXPANSION,S,CF1,0,CANONICAL_FALLBACK,True
CB1_CAUR_S_CF1_RI2_TI2_R12_C02__seed721202__it0000041,ts_ba371287504e9c820075,CB1_CAUR_S_CF1_RI2_TI2_R12_C02,NEW_ALNS_EXPANSION,S,CF1,0,PHASE6N_TOP4,False
CB1_CAUR_S_CF1_RI2_TI2_R12_C02__seed721202__it0000041,ts_c33c4753f9d500adf09f,CB1_CAUR_S_CF1_RI2_TI2_R12_C02,NEW_ALNS_EXPANSION,S,CF1,0,PHASE6N_TOP4,False
CB1_CAUR_S_CF1_RI2_TI2_R12_C02__seed721202__it0000041,ts_e65286b9a3edc1684258,CB1_CAUR_S_CF1_RI2_TI2_R12_C02,NEW_ALNS_EXPANSION,S,CF1,0,PHASE6N_TOP4,False
CB1_CAUR_S_CF1_RI2_TI2_R12_C02__seed721202__it0000153,ts_32ce6fbeb23b8be99c34,CB1_CAUR_S_CF1_RI2_TI2_R12_C02,NEW_ALNS_EXPANSION,S,CF1,0,CANONICAL_FALLBACK,True
CB1_CAUR_S_CF1_RI2_TI2_R12_C02__seed721202__it0000153,ts_47ecc9943ddf535921e2,CB1_CAUR_S_CF1_RI2_TI2_R12_C02,NEW_ALNS_EXPANSION,S,CF1,0,PHASE6N_TOP4,False
CB1_CAUR_S_CF1_RI2_TI2_R12_C02__seed721202__it0000153,ts_bbdab6c7567478d7cfe9,CB1_CAUR_S_CF1_RI2_TI2_R12_C02,NEW_ALNS_EXPANSION,S,CF1,0,PHASE6N_TOP4,False
CB1_CAUR_S_CF1_RI2_TI2_R12_C02__seed721202__it0000153,ts_dd8ca368a4be43368aa1,CB1_CAUR_S_CF1_RI2_TI2_R12_C02,NEW_ALNS_EXPANSION,S,CF1,0,PHASE6N_TOP4,False
CB1_CAUR_S_CF1_RI2_TI2_R12_C02__seed721202__it0000153,ts_fa6d0712f1737d821dd4,CB1_CAUR_S_CF1_RI2_TI2_R12_C02,NEW_ALNS_EXPANSION,S,CF1,0,PHASE6N_TOP4,False
CB1_CAUR_S_CF1_RI2_TI2_R12_C02__seed721202__it0000275,ts_240bd4252b871ed5638e,CB1_CAUR_S_CF1_RI2_TI2_R12_C02,NEW_ALNS_EXPANSION,S,CF1,0,PHASE6N_TOP4,False
CB1_CAUR_S_CF1_RI2_TI2_R12_C02__seed721202__it0000275,ts_2ed05bc79182e7bca9a6,CB1_CAUR_S_CF1_RI2_TI2_R12_C02,NEW_ALNS_EXPANSION,S,CF1,0,PHASE6N_TOP4,False
CB1_CAUR_S_CF1_RI2_TI2_R12_C02__seed721202__it0000275,ts_8f0787a11867198e79e0,CB1_CAUR_S_CF1_RI2_TI2_R12_C02,NEW_ALNS_EXPANSION,S,CF1,0,PHASE6N_TOP4,False
CB1_CAUR_S_CF1_RI2_TI2_R12_C02__seed721202__it0000275,ts_ef1211b10b11ae29e79a,CB1_CAUR_S_CF1_RI2_TI2_R12_C02,NEW_ALNS_EXPANSION,S,CF1,0,CANONICAL_FALLBACK|PHASE6N_TOP4,True
CB1_CAUR_S_CF1_RI2_TI2_R12_C02__seed721202__it0000391,ts_1a14cc3d2614a85e279f,CB1_CAUR_S_CF1_RI2_TI2_R12_C02,NEW_ALNS_EXPANSION,S,CF1,0,CANONICAL_FALLBACK,True
CB1_CAUR_S_CF1_RI2_TI2_R12_C02__seed721202__it0000391,ts_2773b4e459e44b3249b5,CB1_CAUR_S_CF1_RI2_TI2_R12_C02,NEW_ALNS_EXPANSION,S,CF1,0,PHASE6N_TOP4,False
CB1_CAUR_S_CF1_RI2_TI2_R12_C02__seed721202__it0000391,ts_3e6627519039ae57e4f5,CB1_CAUR_S_CF1_RI2_TI2_R12_C02,NEW_ALNS_EXPANSION,S,CF1,0,PHASE6N_TOP4,False
CB1_CAUR_S_CF1_RI2_TI2_R12_C02__seed721202__it0000391,ts_7345f746db58aa970d5b,CB1_CAUR_S_CF1_RI2_TI2_R12_C02,NEW_ALNS_EXPANSION,S,CF1,0,PHASE6N_TOP4,False
CB1_CAUR_S_CF1_RI2_TI2_R12_C02__seed721202__it0000391,ts_daf7ff9c2037268aecbb,CB1_CAUR_S_CF1_RI2_TI2_R12_C02,NEW_ALNS_EXPANSION,S,CF1,0,PHASE6N_TOP4,False
CB1_CAUR_S_CF1_RI2_TI2_R12_C02__seed721202__it0000504,ts_375b8dc01f74bbffeaf7,CB1_CAUR_S_CF1_RI2_TI2_R12_C02,NEW_ALNS_EXPANSION,S,CF1,0,CANONICAL_FALLBACK,True
CB1_CAUR_S_CF1_RI2_TI2_R12_C02__seed721202__it0000504,ts_40d241b219b4cd7bac2e,CB1_CAUR_S_CF1_RI2_TI2_R12_C02,NEW_ALNS_EXPANSION,S,CF1,0,PHASE6N_TOP4,False
CB1_CAUR_S_CF1_RI2_TI2_R12_C02__seed721202__it0000504,ts_7dac49e8a41ccc976c10,CB1_CAUR_S_CF1_RI2_TI2_R12_C02,NEW_ALNS_EXPANSION,S,CF1,0,PHASE6N_TOP4,False
CB1_CAUR_S_CF1_RI2_TI2_R12_C02__seed721202__it0000504,ts_8a9c4415f5cb8e065e0f,CB1_CAUR_S_CF1_RI2_TI2_R12_C02,NEW_ALNS_EXPANSION,S,CF1,0,PHASE6N_TOP4,False
CB1_CAUR_S_CF1_RI2_TI2_R12_C02__seed721202__it0000504,ts_f4ce9782559a6b1033d3,CB1_CAUR_S_CF1_RI2_TI2_R12_C02,NEW_ALNS_EXPANSION,S,CF1,0,PHASE6N_TOP4,False
CB1_CAUR_S_CF1_RI2_TI2_R12_C02__seed721202__it0000625,ts_0d71abda7e570ea10138,CB1_CAUR_S_CF1_RI2_TI2_R12_C02,NEW_ALNS_EXPANSION,S,CF1,0,PHASE6N_TOP4,False
CB1_CAUR_S_CF1_RI2_TI2_R12_C02__seed721202__it0000625,ts_314ed972ba293b583323,CB1_CAUR_S_CF1_RI2_TI2_R12_C02,NEW_ALNS_EXPANSION,S,CF1,0,CANONICAL_FALLBACK,True
CB1_CAUR_S_CF1_RI2_TI2_R12_C02__seed721202__it0000625,ts_7352be7faef002e60c64,CB1_CAUR_S_CF1_RI2_TI2_R12_C02,NEW_ALNS_EXPANSION,S,CF1,0,PHASE6N_TOP4,False
CB1_CAUR_S_CF1_RI2_TI2_R12_C02__seed721202__it0000625,ts_84850be0199ef2605ef0,CB1_CAUR_S_CF1_RI2_TI2_R12_C02,NEW_ALNS_EXPANSION,S,CF1,0,PHASE6N_TOP4,False
CB1_CAUR_S_CF1_RI2_TI2_R12_C02__seed721202__it0000625,ts_f4fdc44ac3e4e9fb541f,CB1_CAUR_S_CF1_RI2_TI2_R12_C02,NEW_ALNS_EXPANSION,S,CF1,0,PHASE6N_TOP4,False
CB1_CAUR_S_CF1_RI2_TI2_R12_C02__seed721202__it0000742,ts_1b621003d3db339813ea,CB1_CAUR_S_CF1_RI2_TI2_R12_C02,NEW_ALNS_EXPANSION,S,CF1,0,PHASE6N_TOP4,False
CB1_CAUR_S_CF1_RI2_TI2_R12_C02__seed721202__it0000742,ts_3b3a2ece1b2954e4adba,CB1_CAUR_S_CF1_RI2_TI2_R12_C02,NEW_ALNS_EXPANSION,S,CF1,0,PHASE6N_TOP4,False
CB1_CAUR_S_CF1_RI2_TI2_R12_C02__seed721202__it0000742,ts_646d40b1d1f9909b93eb,CB1_CAUR_S_CF1_RI2_TI2_R12_C02,NEW_ALNS_EXPANSION,S,CF1,0,CANONICAL_FALLBACK,True
CB1_CAUR_S_CF1_RI2_TI2_R12_C02__seed721202__it0000742,ts_bfbd035797e2cb6db66c,CB1_CAUR_S_CF1_RI2_TI2_R12_C02,NEW_ALNS_EXPANSION,S,CF1,0,PHASE6N_TOP4,False
CB1_CAUR_S_CF1_RI2_TI2_R12_C02__seed721202__it0000742,ts_ef4a079079d8e175f213,CB1_CAUR_S_CF1_RI2_TI2_R12_C02,NEW_ALNS_EXPANSION,S,CF1,0,PHASE6N_TOP4,False
CB1_CAUR_S_CF1_RI2_TI2_R12_C02__seed721202__it0000829,ts_0009c988ed22f8d1e3d9,CB1_CAUR_S_CF1_RI2_TI2_R12_C02,NEW_ALNS_EXPANSION,S,CF1,0,PHASE6N_TOP4,False
CB1_CAUR_S_CF1_RI2_TI2_R12_C02__seed721202__it0000829,ts_15ff62bc931e7ec86a5c,CB1_CAUR_S_CF1_RI2_TI2_R12_C02,NEW_ALNS_EXPANSION,S,CF1,0,CANONICAL_FALLBACK,True
CB1_CAUR_S_CF1_RI2_TI2_R12_C02__seed721202__it0000829,ts_2dcf246241e88c805967,CB1_CAUR_S_CF1_RI2_TI2_R12_C02,NEW_ALNS_EXPANSION,S,CF1,0,PHASE6N_TOP4,False
CB1_CAUR_S_CF1_RI2_TI2_R12_C02__seed721202__it0000829,ts_9377e4b2004ed1739560,CB1_CAUR_S_CF1_RI2_TI2_R12_C02,NEW_ALNS_EXPANSION,S,CF1,0,PHASE6N_TOP4,False
CB1_CAUR_S_CF1_RI2_TI2_R12_C02__seed721202__it0000829,ts_ba1b35f2a185223d5ba7,CB1_CAUR_S_CF1_RI2_TI2_R12_C02,NEW_ALNS_EXPANSION,S,CF1,0,PHASE6N_TOP4,False
CB1_CAUR_S_CF1_RI2_TI2_R12_C02__seed721203__it0000039,ts_582d60789372d81dc539,CB1_CAUR_S_CF1_RI2_TI2_R12_C02,NEW_ALNS_EXPANSION,S,CF1,0,PHASE6N_TOP4,False
CB1_CAUR_S_CF1_RI2_TI2_R12_C02__seed721203__it0000039,ts_81dd744d14846f695296,CB1_CAUR_S_CF1_RI2_TI2_R12_C02,NEW_ALNS_EXPANSION,S,CF1,0,PHASE6N_TOP4,False
CB1_CAUR_S_CF1_RI2_TI2_R12_C02__seed721203__it0000039,ts_8f3a583801041fb53132,CB1_CAUR_S_CF1_RI2_TI2_R12_C02,NEW_ALNS_EXPANSION,S,CF1,0,PHASE6N_TOP4,False
CB1_CAUR_S_CF1_RI2_TI2_R12_C02__seed721203__it0000039,ts_ccf6a8637a780eb2bb0c,CB1_CAUR_S_CF1_RI2_TI2_R12_C02,NEW_ALNS_EXPANSION,S,CF1,0,PHASE6N_TOP4,False
CB1_CAUR_S_CF1_RI2_TI2_R12_C02__seed721203__it0000039,ts_f623605a9de8e0d5015d,CB1_CAUR_S_CF1_RI2_TI2_R12_C02,NEW_ALNS_EXPANSION,S,CF1,0,CANONICAL_FALLBACK,True
CB1_CAUR_S_CF1_RI2_TI2_R12_C02__seed721203__it0000153,ts_5d9143d8e377f78f4373,CB1_CAUR_S_CF1_RI2_TI2_R12_C02,NEW_ALNS_EXPANSION,S,CF1,0,CANONICAL_FALLBACK|PHASE6N_TOP4,True
CB1_CAUR_S_CF1_RI2_TI2_R12_C02__seed721203__it0000153,ts_7eb8f122cc605ac5b3ce,CB1_CAUR_S_CF1_RI2_TI2_R12_C02,NEW_ALNS_EXPANSION,S,CF1,0,PHASE6N_TOP4,False
CB1_CAUR_S_CF1_RI2_TI2_R12_C02__seed721203__it0000153,ts_9b71b77a2ef918fb01cb,CB1_CAUR_S_CF1_RI2_TI2_R12_C02,NEW_ALNS_EXPANSION,S,CF1,0,PHASE6N_TOP4,False
CB1_CAUR_S_CF1_RI2_TI2_R12_C02__seed721203__it0000153,ts_ec9dcc1da52c5cc6c015,CB1_CAUR_S_CF1_RI2_TI2_R12_C02,NEW_ALNS_EXPANSION,S,CF1,0,PHASE6N_TOP4,False
CB1_CAUR_S_CF1_RI2_TI2_R12_C02__seed721203__it0000274,ts_2f780f58bedd413ad1e6,CB1_CAUR_S_CF1_RI2_TI2_R12_C02,NEW_ALNS_EXPANSION,S,CF1,0,PHASE6N_TOP4,False
CB1_CAUR_S_CF1_RI2_TI2_R12_C02__seed721203__it0000274,ts_b424bb235f1eaaa78cff,CB1_CAUR_S_CF1_RI2_TI2_R12_C02,NEW_ALNS_EXPANSION,S,CF1,0,PHASE6N_TOP4,False
CB1_CAUR_S_CF1_RI2_TI2_R12_C02__seed721203__it0000274,ts_ced108ac7ad81ecb565f,CB1_CAUR_S_CF1_RI2_TI2_R12_C02,NEW_ALNS_EXPANSION,S,CF1,0,PHASE6N_TOP4,False
CB1_CAUR_S_CF1_RI2_TI2_R12_C02__seed721203__it0000274,ts_f43d1bf2b79e4db3537c,CB1_CAUR_S_CF1_RI2_TI2_R12_C02,NEW_ALNS_EXPANSION,S,CF1,0,CANONICAL_FALLBACK|PHASE6N_TOP4,True
CB1_CAUR_S_CF1_RI2_TI2_R12_C02__seed721203__it0000385,ts_0f3c4610caa62e1c131d,CB1_CAUR_S_CF1_RI2_TI2_R12_C02,NEW_ALNS_EXPANSION,S,CF1,0,PHASE6N_TOP4,False
CB1_CAUR_S_CF1_RI2_TI2_R12_C02__seed721203__it0000385,ts_841326da78616c66cc45,CB1_CAUR_S_CF1_RI2_TI2_R12_C02,NEW_ALNS_EXPANSION,S,CF1,0,PHASE6N_TOP4,False
CB1_CAUR_S_CF1_RI2_TI2_R12_C02__seed721203__it0000385,ts_8a3b645f3aa68220edc6,CB1_CAUR_S_CF1_RI2_TI2_R12_C02,NEW_ALNS_EXPANSION,S,CF1,0,PHASE6N_TOP4,False
CB1_CAUR_S_CF1_RI2_TI2_R12_C02__seed721203__it0000385,ts_b35b0d6b53e4a6852a94,CB1_CAUR_S_CF1_RI2_TI2_R12_C02,NEW_ALNS_EXPANSION,S,CF1,0,CANONICAL_FALLBACK,True
CB1_CAUR_S_CF1_RI2_TI2_R12_C02__seed721203__it0000385,ts_c02519ee7e01c67a4c05,CB1_CAUR_S_CF1_RI2_TI2_R12_C02,NEW_ALNS_EXPANSION,S,CF1,0,PHASE6N_TOP4,False
CB1_CAUR_S_CF1_RI2_TI2_R12_C02__seed721203__it0000500,ts_28d1faee1fa8d9a3e4c4,CB1_CAUR_S_CF1_RI2_TI2_R12_C02,NEW_ALNS_EXPANSION,S,CF1,0,PHASE6N_TOP4,False
CB1_CAUR_S_CF1_RI2_TI2_R12_C02__seed721203__it0000500,ts_3a7e23ce51b43911db7c,CB1_CAUR_S_CF1_RI2_TI2_R12_C02,NEW_ALNS_EXPANSION,S,CF1,0,PHASE6N_TOP4,False
CB1_CAUR_S_CF1_RI2_TI2_R12_C02__seed721203__it0000500,ts_607c57c5f6e31bbf8196,CB1_CAUR_S_CF1_RI2_TI2_R12_C02,NEW_ALNS_EXPANSION,S,CF1,0,CANONICAL_FALLBACK|PHASE6N_TOP4,True
CB1_CAUR_S_CF1_RI2_TI2_R12_C02__seed721203__it0000500,ts_dbc3dd5bbccf9e5a2d21,CB1_CAUR_S_CF1_RI2_TI2_R12_C02,NEW_ALNS_EXPANSION,S,CF1,0,PHASE6N_TOP4,False
CB1_CAUR_S_CF1_RI2_TI2_R12_C02__seed721203__it0000623,ts_06f6288b9b49a460dd23,CB1_CAUR_S_CF1_RI2_TI2_R12_C02,NEW_ALNS_EXPANSION,S,CF1,0,PHASE6N_TOP4,False
CB1_CAUR_S_CF1_RI2_TI2_R12_C02__seed721203__it0000623,ts_1cc9cf572d5408071063,CB1_CAUR_S_CF1_RI2_TI2_R12_C02,NEW_ALNS_EXPANSION,S,CF1,0,PHASE6N_TOP4,False
CB1_CAUR_S_CF1_RI2_TI2_R12_C02__seed721203__it0000623,ts_3b6a18d4429576984fca,CB1_CAUR_S_CF1_RI2_TI2_R12_C02,NEW_ALNS_EXPANSION,S,CF1,0,PHASE6N_TOP4,False
CB1_CAUR_S_CF1_RI2_TI2_R12_C02__seed721203__it0000623,ts_45caa5367d1423e0c971,CB1_CAUR_S_CF1_RI2_TI2_R12_C02,NEW_ALNS_EXPANSION,S,CF1,0,CANONICAL_FALLBACK,True
CB1_CAUR_S_CF1_RI2_TI2_R12_C02__seed721203__it0000623,ts_7f7b7eb7ac5873e22b33,CB1_CAUR_S_CF1_RI2_TI2_R12_C02,NEW_ALNS_EXPANSION,S,CF1,0,PHASE6N_TOP4,False
CB1_CAUR_S_CF1_RI2_TI2_R12_C02__seed721203__it0000734,ts_55a4c1738468fe79f444,CB1_CAUR_S_CF1_RI2_TI2_R12_C02,NEW_ALNS_EXPANSION,S,CF1,0,PHASE6N_TOP4,False
CB1_CAUR_S_CF1_RI2_TI2_R12_C02__seed721203__it0000734,ts_8746cb8ee2a207e55bb8,CB1_CAUR_S_CF1_RI2_TI2_R12_C02,NEW_ALNS_EXPANSION,S,CF1,0,PHASE6N_TOP4,False
CB1_CAUR_S_CF1_RI2_TI2_R12_C02__seed721203__it0000734,ts_93a94f3e60a68e8af76a,CB1_CAUR_S_CF1_RI2_TI2_R12_C02,NEW_ALNS_EXPANSION,S,CF1,0,CANONICAL_FALLBACK,True
CB1_CAUR_S_CF1_RI2_TI2_R12_C02__seed721203__it0000734,ts_cd5108645b70014a7fb6,CB1_CAUR_S_CF1_RI2_TI2_R12_C02,NEW_ALNS_EXPANSION,S,CF1,0,PHASE6N_TOP4,False
CB1_CAUR_S_CF1_RI2_TI2_R12_C02__seed721203__it0000734,ts_dddf1574f8415ad48836,CB1_CAUR_S_CF1_RI2_TI2_R12_C02,NEW_ALNS_EXPANSION,S,CF1,0,PHASE6N_TOP4,False
CB1_CAUR_S_CF1_RI2_TI2_R12_C02__seed721203__it0000819,ts_2ecff6216cdf86e24ed6,CB1_CAUR_S_CF1_RI2_TI2_R12_C02,NEW_ALNS_EXPANSION,S,CF1,0,PHASE6N_TOP4,False
CB1_CAUR_S_CF1_RI2_TI2_R12_C02__seed721203__it0000819,ts_53f6fc51e94f6ffa6e1f,CB1_CAUR_S_CF1_RI2_TI2_R12_C02,NEW_ALNS_EXPANSION,S,CF1,0,CANONICAL_FALLBACK,True
CB1_CAUR_S_CF1_RI2_TI2_R12_C02__seed721203__it0000819,ts_e8ef6fa1f8e3fcd962e6,CB1_CAUR_S_CF1_RI2_TI2_R12_C02,NEW_ALNS_EXPANSION,S,CF1,0,PHASE6N_TOP4,False
CB1_CAUR_S_CF1_RI2_TI2_R12_C02__seed721203__it0000819,ts_f0b01cf0c8928eb2f473,CB1_CAUR_S_CF1_RI2_TI2_R12_C02,NEW_ALNS_EXPANSION,S,CF1,0,PHASE6N_TOP4,False
CB1_CAUR_S_CF1_RI2_TI2_R12_C02__seed721203__it0000819,ts_f49a0a4afe2aa952c245,CB1_CAUR_S_CF1_RI2_TI2_R12_C02,NEW_ALNS_EXPANSION,S,CF1,0,PHASE6N_TOP4,False
CB1_CAUR_S_CF1_RI2_TI2_R12_C02__seed721204__it0000043,ts_1aaf682da2ad28ea4d3c,CB1_CAUR_S_CF1_RI2_TI2_R12_C02,NEW_ALNS_EXPANSION,S,CF1,0,PHASE6N_TOP4,False
CB1_CAUR_S_CF1_RI2_TI2_R12_C02__seed721204__it0000043,ts_72c7235ceb02401c1b87,CB1_CAUR_S_CF1_RI2_TI2_R12_C02,NEW_ALNS_EXPANSION,S,CF1,0,PHASE6N_TOP4,False
CB1_CAUR_S_CF1_RI2_TI2_R12_C02__seed721204__it0000043,ts_b36b60e677fad28f0890,CB1_CAUR_S_CF1_RI2_TI2_R12_C02,NEW_ALNS_EXPANSION,S,CF1,0,PHASE6N_TOP4,False
CB1_CAUR_S_CF1_RI2_TI2_R12_C02__seed721204__it0000043,ts_d812e6d47bc074b1a25a,CB1_CAUR_S_CF1_RI2_TI2_R12_C02,NEW_ALNS_EXPANSION,S,CF1,0,PHASE6N_TOP4,False
CB1_CAUR_S_CF1_RI2_TI2_R12_C02__seed721204__it0000043,ts_f0ab38f9cc56aadcc4f9,CB1_CAUR_S_CF1_RI2_TI2_R12_C02,NEW_ALNS_EXPANSION,S,CF1,0,CANONICAL_FALLBACK,True
CB1_CAUR_S_CF1_RI2_TI2_R12_C02__seed721204__it0000156,ts_56f0efc3306758a12d7b,CB1_CAUR_S_CF1_RI2_TI2_R12_C02,NEW_ALNS_EXPANSION,S,CF1,0,PHASE6N_TOP4,False
CB1_CAUR_S_CF1_RI2_TI2_R12_C02__seed721204__it0000156,ts_5a528b4712890793e896,CB1_CAUR_S_CF1_RI2_TI2_R12_C02,NEW_ALNS_EXPANSION,S,CF1,0,PHASE6N_TOP4,False
CB1_CAUR_S_CF1_RI2_TI2_R12_C02__seed721204__it0000156,ts_61a3bbb4e083ec0e6399,CB1_CAUR_S_CF1_RI2_TI2_R12_C02,NEW_ALNS_EXPANSION,S,CF1,0,PHASE6N_TOP4,False
CB1_CAUR_S_CF1_RI2_TI2_R12_C02__seed721204__it0000156,ts_700357b98fd5f0c43154,CB1_CAUR_S_CF1_RI2_TI2_R12_C02,NEW_ALNS_EXPANSION,S,CF1,0,PHASE6N_TOP4,False
CB1_CAUR_S_CF1_RI2_TI2_R12_C02__seed721204__it0000156,ts_efc585f825c5ba116d3e,CB1_CAUR_S_CF1_RI2_TI2_R12_C02,NEW_ALNS_EXPANSION,S,CF1,0,CANONICAL_FALLBACK,True
CB1_CAUR_S_CF1_RI2_TI2_R12_C02__seed721204__it0000278,ts_00e21703b25efe097e08,CB1_CAUR_S_CF1_RI2_TI2_R12_C02,NEW_ALNS_EXPANSION,S,CF1,0,CANONICAL_FALLBACK,True
CB1_CAUR_S_CF1_RI2_TI2_R12_C02__seed721204__it0000278,ts_31aa7b24614d0a3d46d4,CB1_CAUR_S_CF1_RI2_TI2_R12_C02,NEW_ALNS_EXPANSION,S,CF1,0,PHASE6N_TOP4,False
CB1_CAUR_S_CF1_RI2_TI2_R12_C02__seed721204__it0000278,ts_4832fb5b15fa595349f8,CB1_CAUR_S_CF1_RI2_TI2_R12_C02,NEW_ALNS_EXPANSION,S,CF1,0,PHASE6N_TOP4,False
CB1_CAUR_S_CF1_RI2_TI2_R12_C02__seed721204__it0000278,ts_730d233884c8827e7e0c,CB1_CAUR_S_CF1_RI2_TI2_R12_C02,NEW_ALNS_EXPANSION,S,CF1,0,PHASE6N_TOP4,False
CB1_CAUR_S_CF1_RI2_TI2_R12_C02__seed721204__it0000278,ts_d0402da859e386b71e86,CB1_CAUR_S_CF1_RI2_TI2_R12_C02,NEW_ALNS_EXPANSION,S,CF1,0,PHASE6N_TOP4,False
CB1_CAUR_S_CF1_RI2_TI2_R12_C02__seed721204__it0000391,ts_13201fbaa564dfb71dfd,CB1_CAUR_S_CF1_RI2_TI2_R12_C02,NEW_ALNS_EXPANSION,S,CF1,0,PHASE6N_TOP4,False
CB1_CAUR_S_CF1_RI2_TI2_R12_C02__seed721204__it0000391,ts_20baa6c7b41e85c086dc,CB1_CAUR_S_CF1_RI2_TI2_R12_C02,NEW_ALNS_EXPANSION,S,CF1,0,PHASE6N_TOP4,False
CB1_CAUR_S_CF1_RI2_TI2_R12_C02__seed721204__it0000391,ts_68cde7cc7fa4dc2cf524,CB1_CAUR_S_CF1_RI2_TI2_R12_C02,NEW_ALNS_EXPANSION,S,CF1,0,PHASE6N_TOP4,False
CB1_CAUR_S_CF1_RI2_TI2_R12_C02__seed721204__it0000391,ts_bca79bfea4741e74ef40,CB1_CAUR_S_CF1_RI2_TI2_R12_C02,NEW_ALNS_EXPANSION,S,CF1,0,CANONICAL_FALLBACK|PHASE6N_TOP4,True
CB1_CAUR_S_CF1_RI2_TI2_R12_C02__seed721204__it0000503,ts_40bf870a004b2c27a048,CB1_CAUR_S_CF1_RI2_TI2_R12_C02,NEW_ALNS_EXPANSION,S,CF1,0,PHASE6N_TOP4,False
CB1_CAUR_S_CF1_RI2_TI2_R12_C02__seed721204__it0000503,ts_5e2787a8e2e5e3a7b54b,CB1_CAUR_S_CF1_RI2_TI2_R12_C02,NEW_ALNS_EXPANSION,S,CF1,0,PHASE6N_TOP4,False
CB1_CAUR_S_CF1_RI2_TI2_R12_C02__seed721204__it0000503,ts_73a5ddc7e340404bc05a,CB1_CAUR_S_CF1_RI2_TI2_R12_C02,NEW_ALNS_EXPANSION,S,CF1,0,PHASE6N_TOP4,False
CB1_CAUR_S_CF1_RI2_TI2_R12_C02__seed721204__it0000503,ts_91e160b01d72463cbce6,CB1_CAUR_S_CF1_RI2_TI2_R12_C02,NEW_ALNS_EXPANSION,S,CF1,0,PHASE6N_TOP4,False
CB1_CAUR_S_CF1_RI2_TI2_R12_C02__seed721204__it0000503,ts_f6f03abba3bcd7ec473f,CB1_CAUR_S_CF1_RI2_TI2_R12_C02,NEW_ALNS_EXPANSION,S,CF1,0,CANONICAL_FALLBACK,True
CB1_CAUR_S_CF1_RI2_TI2_R12_C02__seed721204__it0000622,ts_0489f54a9704a31db9ec,CB1_CAUR_S_CF1_RI2_TI2_R12_C02,NEW_ALNS_EXPANSION,S,CF1,0,PHASE6N_TOP4,False
CB1_CAUR_S_CF1_RI2_TI2_R12_C02__seed721204__it0000622,ts_96398b4474ee7d3089b7,CB1_CAUR_S_CF1_RI2_TI2_R12_C02,NEW_ALNS_EXPANSION,S,CF1,0,PHASE6N_TOP4,False
CB1_CAUR_S_CF1_RI2_TI2_R12_C02__seed721204__it0000622,ts_9b8c9510d39123ddd128,CB1_CAUR_S_CF1_RI2_TI2_R12_C02,NEW_ALNS_EXPANSION,S,CF1,0,CANONICAL_FALLBACK|PHASE6N_TOP4,True
CB1_CAUR_S_CF1_RI2_TI2_R12_C02__seed721204__it0000622,ts_e9740d84e0e4fe32b2a9,CB1_CAUR_S_CF1_RI2_TI2_R12_C02,NEW_ALNS_EXPANSION,S,CF1,0,PHASE6N_TOP4,False
CB1_CAUR_S_CF1_RI2_TI2_R12_C02__seed721204__it0000735,ts_9decb18cf1dae79ab85b,CB1_CAUR_S_CF1_RI2_TI2_R12_C02,NEW_ALNS_EXPANSION,S,CF1,0,PHASE6N_TOP4,False
CB1_CAUR_S_CF1_RI2_TI2_R12_C02__seed721204__it0000735,ts_a4b86c35dac22fd8159a,CB1_CAUR_S_CF1_RI2_TI2_R12_C02,NEW_ALNS_EXPANSION,S,CF1,0,PHASE6N_TOP4,False
CB1_CAUR_S_CF1_RI2_TI2_R12_C02__seed721204__it0000735,ts_eed79ceba72cada91c4f,CB1_CAUR_S_CF1_RI2_TI2_R12_C02,NEW_ALNS_EXPANSION,S,CF1,0,PHASE6N_TOP4,False
CB1_CAUR_S_CF1_RI2_TI2_R12_C02__seed721204__it0000735,ts_f30b17191494be55a79c,CB1_CAUR_S_CF1_RI2_TI2_R12_C02,NEW_ALNS_EXPANSION,S,CF1,0,CANONICAL_FALLBACK|PHASE6N_TOP4,True
CB1_CAUR_S_CF1_RI2_TI2_R12_C02__seed721204__it0000823,ts_2c48612a01df53e083d4,CB1_CAUR_S_CF1_RI2_TI2_R12_C02,NEW_ALNS_EXPANSION,S,CF1,0,PHASE6N_TOP4,False
CB1_CAUR_S_CF1_RI2_TI2_R12_C02__seed721204__it0000823,ts_3713cc61f76074a724a9,CB1_CAUR_S_CF1_RI2_TI2_R12_C02,NEW_ALNS_EXPANSION,S,CF1,0,PHASE6N_TOP4,False
CB1_CAUR_S_CF1_RI2_TI2_R12_C02__seed721204__it0000823,ts_a1bc0747975ba492c269,CB1_CAUR_S_CF1_RI2_TI2_R12_C02,NEW_ALNS_EXPANSION,S,CF1,0,CANONICAL_FALLBACK,True
CB1_CAUR_S_CF1_RI2_TI2_R12_C02__seed721204__it0000823,ts_ad2bf5bfd09ab3ecc03e,CB1_CAUR_S_CF1_RI2_TI2_R12_C02,NEW_ALNS_EXPANSION,S,CF1,0,PHASE6N_TOP4,False
CB1_CAUR_S_CF1_RI2_TI2_R12_C02__seed721204__it0000823,ts_f82ae8fb055d20c12489,CB1_CAUR_S_CF1_RI2_TI2_R12_C02,NEW_ALNS_EXPANSION,S,CF1,0,PHASE6N_TOP4,False
CB1_CAUR_S_CF1_RI2_TI2_R12__seed691201__it0000011,ts_37a14b1c040b50dce34a,CB1_CAUR_S_CF1_RI2_TI2_R12,ORIGINAL_PHASE6J_CAUR,S,CF1,0,CANONICAL_FALLBACK,True
CB1_CAUR_S_CF1_RI2_TI2_R12__seed691201__it0000011,ts_67e214636fc3fbcb3ece,CB1_CAUR_S_CF1_RI2_TI2_R12,ORIGINAL_PHASE6J_CAUR,S,CF1,0,PHASE6L_TOP4|PHASE6N_TOP4,False
CB1_CAUR_S_CF1_RI2_TI2_R12__seed691201__it0000011,ts_6c93f11a446a73dcac26,CB1_CAUR_S_CF1_RI2_TI2_R12,ORIGINAL_PHASE6J_CAUR,S,CF1,0,PHASE6L_TOP4,False
CB1_CAUR_S_CF1_RI2_TI2_R12__seed691201__it0000011,ts_9e45e4f632970cb6ac63,CB1_CAUR_S_CF1_RI2_TI2_R12,ORIGINAL_PHASE6J_CAUR,S,CF1,0,PHASE6N_TOP4,False
CB1_CAUR_S_CF1_RI2_TI2_R12__seed691201__it0000011,ts_b11ddc73a0f4dab2445b,CB1_CAUR_S_CF1_RI2_TI2_R12,ORIGINAL_PHASE6J_CAUR,S,CF1,0,PHASE6L_TOP4|PHASE6N_TOP4,False
CB1_CAUR_S_CF1_RI2_TI2_R12__seed691201__it0000011,ts_e4d37f35b6362c689e77,CB1_CAUR_S_CF1_RI2_TI2_R12,ORIGINAL_PHASE6J_CAUR,S,CF1,0,PHASE6L_TOP4|PHASE6N_TOP4,False
CB1_CAUR_S_CF1_RI2_TI2_R12__seed691201__it0000050,ts_126574f77c888fb589c0,CB1_CAUR_S_CF1_RI2_TI2_R12,ORIGINAL_PHASE6J_CAUR,S,CF1,0,PHASE6L_TOP4,False
CB1_CAUR_S_CF1_RI2_TI2_R12__seed691201__it0000050,ts_1839728e0118136a4376,CB1_CAUR_S_CF1_RI2_TI2_R12,ORIGINAL_PHASE6J_CAUR,S,CF1,0,PHASE6N_TOP4,False
CB1_CAUR_S_CF1_RI2_TI2_R12__seed691201__it0000050,ts_4ce212907447b0afa6f4,CB1_CAUR_S_CF1_RI2_TI2_R12,ORIGINAL_PHASE6J_CAUR,S,CF1,0,PHASE6L_TOP4|PHASE6N_TOP4,False
CB1_CAUR_S_CF1_RI2_TI2_R12__seed691201__it0000050,ts_a2ef442bbbe42e824ed8,CB1_CAUR_S_CF1_RI2_TI2_R12,ORIGINAL_PHASE6J_CAUR,S,CF1,0,CANONICAL_FALLBACK|PHASE6N_TOP4,True
CB1_CAUR_S_CF1_RI2_TI2_R12__seed691201__it0000050,ts_abfdd160c1f29f5424f6,CB1_CAUR_S_CF1_RI2_TI2_R12,ORIGINAL_PHASE6J_CAUR,S,CF1,0,PHASE6L_TOP4|PHASE6N_TOP4,False
CB1_CAUR_S_CF1_RI2_TI2_R12__seed691201__it0000050,ts_cde72e00adcf4f9e047f,CB1_CAUR_S_CF1_RI2_TI2_R12,ORIGINAL_PHASE6J_CAUR,S,CF1,0,PHASE6L_TOP4,False
CB1_CAUR_S_CF1_RI2_TI2_R12__seed691201__it0000092,ts_12dba1eda5c6d60c9922,CB1_CAUR_S_CF1_RI2_TI2_R12,ORIGINAL_PHASE6J_CAUR,S,CF1,0,CANONICAL_FALLBACK,True
CB1_CAUR_S_CF1_RI2_TI2_R12__seed691201__it0000092,ts_4b59f4bf3d207cb4bf13,CB1_CAUR_S_CF1_RI2_TI2_R12,ORIGINAL_PHASE6J_CAUR,S,CF1,0,PHASE6N_TOP4,False
CB1_CAUR_S_CF1_RI2_TI2_R12__seed691201__it0000092,ts_59dbf74be9c0a74ef402,CB1_CAUR_S_CF1_RI2_TI2_R12,ORIGINAL_PHASE6J_CAUR,S,CF1,0,PHASE6L_TOP4,False
CB1_CAUR_S_CF1_RI2_TI2_R12__seed691201__it0000092,ts_beb6683101cc6fe59db1,CB1_CAUR_S_CF1_RI2_TI2_R12,ORIGINAL_PHASE6J_CAUR,S,CF1,0,PHASE6N_TOP4,False
CB1_CAUR_S_CF1_RI2_TI2_R12__seed691201__it0000092,ts_d3d8f871c600054ffd0a,CB1_CAUR_S_CF1_RI2_TI2_R12,ORIGINAL_PHASE6J_CAUR,S,CF1,0,PHASE6L_TOP4,False
CB1_CAUR_S_CF1_RI2_TI2_R12__seed691201__it0000092,ts_dcc8eed17f51f0720d98,CB1_CAUR_S_CF1_RI2_TI2_R12,ORIGINAL_PHASE6J_CAUR,S,CF1,0,PHASE6N_TOP4,False
CB1_CAUR_S_CF1_RI2_TI2_R12__seed691201__it0000092,ts_f47292e3839246329058,CB1_CAUR_S_CF1_RI2_TI2_R12,ORIGINAL_PHASE6J_CAUR,S,CF1,0,PHASE6N_TOP4,False
CB1_CAUR_S_CF1_RI2_TI2_R12__seed691201__it0000092,ts_f47ab23df042f511fa06,CB1_CAUR_S_CF1_RI2_TI2_R12,ORIGINAL_PHASE6J_CAUR,S,CF1,0,PHASE6L_TOP4,False
CB1_CAUR_S_CF1_RI2_TI2_R12__seed691201__it0000092,ts_faf93ab73f4baba7a866,CB1_CAUR_S_CF1_RI2_TI2_R12,ORIGINAL_PHASE6J_CAUR,S,CF1,0,PHASE6L_TOP4,False
CB1_CAUR_S_CF1_RI2_TI2_R12__seed691201__it0000130,ts_2a9a75a42f0b05e62705,CB1_CAUR_S_CF1_RI2_TI2_R12,ORIGINAL_PHASE6J_CAUR,S,CF1,0,CANONICAL_FALLBACK,True
CB1_CAUR_S_CF1_RI2_TI2_R12__seed691201__it0000130,ts_63aad0e5d40a656794c9,CB1_CAUR_S_CF1_RI2_TI2_R12,ORIGINAL_PHASE6J_CAUR,S,CF1,0,PHASE6L_TOP4,False
CB1_CAUR_S_CF1_RI2_TI2_R12__seed691201__it0000130,ts_70f36e3b491a1b6b1876,CB1_CAUR_S_CF1_RI2_TI2_R12,ORIGINAL_PHASE6J_CAUR,S,CF1,0,PHASE6N_TOP4,False
CB1_CAUR_S_CF1_RI2_TI2_R12__seed691201__it0000130,ts_77eafbebe3af051d958a,CB1_CAUR_S_CF1_RI2_TI2_R12,ORIGINAL_PHASE6J_CAUR,S,CF1,0,PHASE6N_TOP4,False
CB1_CAUR_S_CF1_RI2_TI2_R12__seed691201__it0000130,ts_8ca45bbd0ebb6705bdae,CB1_CAUR_S_CF1_RI2_TI2_R12,ORIGINAL_PHASE6J_CAUR,S,CF1,0,PHASE6N_TOP4,False
CB1_CAUR_S_CF1_RI2_TI2_R12__seed691201__it0000130,ts_8fe1cda619381be1cd44,CB1_CAUR_S_CF1_RI2_TI2_R12,ORIGINAL_PHASE6J_CAUR,S,CF1,0,PHASE6N_TOP4,False
CB1_CAUR_S_CF1_RI2_TI2_R12__seed691201__it0000130,ts_95aca20024a77b9251e4,CB1_CAUR_S_CF1_RI2_TI2_R12,ORIGINAL_PHASE6J_CAUR,S,CF1,0,PHASE6L_TOP4,False
CB1_CAUR_S_CF1_RI2_TI2_R12__seed691201__it0000130,ts_9a0c465927ae759b08c0,CB1_CAUR_S_CF1_RI2_TI2_R12,ORIGINAL_PHASE6J_CAUR,S,CF1,0,PHASE6L_TOP4,False
CB1_CAUR_S_CF1_RI2_TI2_R12__seed691201__it0000130,ts_abfc8dd931e594c29f15,CB1_CAUR_S_CF1_RI2_TI2_R12,ORIGINAL_PHASE6J_CAUR,S,CF1,0,PHASE6L_TOP4,False
CB1_CAUR_S_CF1_RI2_TI2_R12__seed691201__it0000170,ts_098b0dcf74fdfa88c940,CB1_CAUR_S_CF1_RI2_TI2_R12,ORIGINAL_PHASE6J_CAUR,S,CF1,0,PHASE6N_TOP4,False
CB1_CAUR_S_CF1_RI2_TI2_R12__seed691201__it0000170,ts_368fd4f9b710f92acba6,CB1_CAUR_S_CF1_RI2_TI2_R12,ORIGINAL_PHASE6J_CAUR,S,CF1,0,PHASE6N_TOP4,False
CB1_CAUR_S_CF1_RI2_TI2_R12__seed691201__it0000170,ts_66091950f9235f80ef39,CB1_CAUR_S_CF1_RI2_TI2_R12,ORIGINAL_PHASE6J_CAUR,S,CF1,0,PHASE6L_TOP4|PHASE6N_TOP4,False
CB1_CAUR_S_CF1_RI2_TI2_R12__seed691201__it0000170,ts_90fc31fa77ba9940dad5,CB1_CAUR_S_CF1_RI2_TI2_R12,ORIGINAL_PHASE6J_CAUR,S,CF1,0,PHASE6L_TOP4|PHASE6N_TOP4,False
CB1_CAUR_S_CF1_RI2_TI2_R12__seed691201__it0000170,ts_b6984c95f5e2d666de6a,CB1_CAUR_S_CF1_RI2_TI2_R12,ORIGINAL_PHASE6J_CAUR,S,CF1,0,PHASE6L_TOP4,False
CB1_CAUR_S_CF1_RI2_TI2_R12__seed691201__it0000170,ts_be164db2a36a49fd9502,CB1_CAUR_S_CF1_RI2_TI2_R12,ORIGINAL_PHASE6J_CAUR,S,CF1,0,PHASE6L_TOP4,False
CB1_CAUR_S_CF1_RI2_TI2_R12__seed691201__it0000170,ts_d768d1a6bfc1da664ab0,CB1_CAUR_S_CF1_RI2_TI2_R12,ORIGINAL_PHASE6J_CAUR,S,CF1,0,CANONICAL_FALLBACK,True
CB1_CAUR_S_CF1_RI2_TI2_R12__seed691201__it0000212,ts_0c91274ec0ca0c392cc9,CB1_CAUR_S_CF1_RI2_TI2_R12,ORIGINAL_PHASE6J_CAUR,S,CF1,0,PHASE6L_TOP4,False
CB1_CAUR_S_CF1_RI2_TI2_R12__seed691201__it0000212,ts_0c990e1cc02033fc109b,CB1_CAUR_S_CF1_RI2_TI2_R12,ORIGINAL_PHASE6J_CAUR,S,CF1,0,PHASE6N_TOP4,False
CB1_CAUR_S_CF1_RI2_TI2_R12__seed691201__it0000212,ts_1e8abbbff61d6acfb240,CB1_CAUR_S_CF1_RI2_TI2_R12,ORIGINAL_PHASE6J_CAUR,S,CF1,0,CANONICAL_FALLBACK,True
CB1_CAUR_S_CF1_RI2_TI2_R12__seed691201__it0000212,ts_450fcf152b1bb2ea0622,CB1_CAUR_S_CF1_RI2_TI2_R12,ORIGINAL_PHASE6J_CAUR,S,CF1,0,PHASE6L_TOP4,False
CB1_CAUR_S_CF1_RI2_TI2_R12__seed691201__it0000212,ts_8eb0abc46cefcece977d,CB1_CAUR_S_CF1_RI2_TI2_R12,ORIGINAL_PHASE6J_CAUR,S,CF1,0,PHASE6N_TOP4,False
CB1_CAUR_S_CF1_RI2_TI2_R12__seed691201__it0000212,ts_95fbc549c0c7eb887861,CB1_CAUR_S_CF1_RI2_TI2_R12,ORIGINAL_PHASE6J_CAUR,S,CF1,0,PHASE6N_TOP4,False
CB1_CAUR_S_CF1_RI2_TI2_R12__seed691201__it0000212,ts_affd94ff464200e7c83f,CB1_CAUR_S_CF1_RI2_TI2_R12,ORIGINAL_PHASE6J_CAUR,S,CF1,0,PHASE6L_TOP4,False
CB1_CAUR_S_CF1_RI2_TI2_R12__seed691201__it0000212,ts_e963553a7219ce209904,CB1_CAUR_S_CF1_RI2_TI2_R12,ORIGINAL_PHASE6J_CAUR,S,CF1,0,PHASE6L_TOP4|PHASE6N_TOP4,False
CB1_CAUR_S_CF1_RI2_TI2_R12__seed691201__it0000250,ts_1ec617b3e54d323532fa,CB1_CAUR_S_CF1_RI2_TI2_R12,ORIGINAL_PHASE6J_CAUR,S,CF1,0,PHASE6L_TOP4|PHASE6N_TOP4,False
CB1_CAUR_S_CF1_RI2_TI2_R12__seed691201__it0000250,ts_56ddc2544297f331f11a,CB1_CAUR_S_CF1_RI2_TI2_R12,ORIGINAL_PHASE6J_CAUR,S,CF1,0,PHASE6L_TOP4,False
CB1_CAUR_S_CF1_RI2_TI2_R12__seed691201__it0000250,ts_9f2c707b2a50b0e26f5b,CB1_CAUR_S_CF1_RI2_TI2_R12,ORIGINAL_PHASE6J_CAUR,S,CF1,0,PHASE6L_TOP4,False
CB1_CAUR_S_CF1_RI2_TI2_R12__seed691201__it0000250,ts_c3568e5e0577e3bcf5fc,CB1_CAUR_S_CF1_RI2_TI2_R12,ORIGINAL_PHASE6J_CAUR,S,CF1,0,PHASE6L_TOP4|PHASE6N_TOP4,False
CB1_CAUR_S_CF1_RI2_TI2_R12__seed691201__it0000250,ts_d887698a4b3c06c143c2,CB1_CAUR_S_CF1_RI2_TI2_R12,ORIGINAL_PHASE6J_CAUR,S,CF1,0,PHASE6N_TOP4,False
CB1_CAUR_S_CF1_RI2_TI2_R12__seed691201__it0000250,ts_dfee57e58dcd194435b9,CB1_CAUR_S_CF1_RI2_TI2_R12,ORIGINAL_PHASE6J_CAUR,S,CF1,0,PHASE6N_TOP4,False
CB1_CAUR_S_CF1_RI2_TI2_R12__seed691201__it0000250,ts_e16f0a552b19da36ce59,CB1_CAUR_S_CF1_RI2_TI2_R12,ORIGINAL_PHASE6J_CAUR,S,CF1,0,CANONICAL_FALLBACK,True
CB1_CAUR_S_CF1_RI2_TI2_R12__seed691201__it0000281,ts_252bd79497e81a49e386,CB1_CAUR_S_CF1_RI2_TI2_R12,ORIGINAL_PHASE6J_CAUR,S,CF1,0,PHASE6L_TOP4|PHASE6N_TOP4,False
CB1_CAUR_S_CF1_RI2_TI2_R12__seed691201__it0000281,ts_471a475752a1137e8076,CB1_CAUR_S_CF1_RI2_TI2_R12,ORIGINAL_PHASE6J_CAUR,S,CF1,0,PHASE6L_TOP4|PHASE6N_TOP4,False
CB1_CAUR_S_CF1_RI2_TI2_R12__seed691201__it0000281,ts_48386971f809eded0020,CB1_CAUR_S_CF1_RI2_TI2_R12,ORIGINAL_PHASE6J_CAUR,S,CF1,0,CANONICAL_FALLBACK|PHASE6N_TOP4,True
CB1_CAUR_S_CF1_RI2_TI2_R12__seed691201__it0000281,ts_5f77651192b1f0f4f7f8,CB1_CAUR_S_CF1_RI2_TI2_R12,ORIGINAL_PHASE6J_CAUR,S,CF1,0,PHASE6L_TOP4,False
CB1_CAUR_S_CF1_RI2_TI2_R12__seed691201__it0000281,ts_da94b18b42a3ff594c81,CB1_CAUR_S_CF1_RI2_TI2_R12,ORIGINAL_PHASE6J_CAUR,S,CF1,0,PHASE6L_TOP4|PHASE6N_TOP4,False
CB1_CAUR_S_CF1_RI2_TI2_R12__seed691202__it0000014,ts_24dbfce1f71ebfae05af,CB1_CAUR_S_CF1_RI2_TI2_R12,ORIGINAL_PHASE6J_CAUR,S,CF1,0,PHASE6N_TOP4,False
CB1_CAUR_S_CF1_RI2_TI2_R12__seed691202__it0000014,ts_27946996d7b8c89c55a1,CB1_CAUR_S_CF1_RI2_TI2_R12,ORIGINAL_PHASE6J_CAUR,S,CF1,0,PHASE6L_TOP4|PHASE6N_TOP4,False
CB1_CAUR_S_CF1_RI2_TI2_R12__seed691202__it0000014,ts_62b4b92e2e261f8f62a9,CB1_CAUR_S_CF1_RI2_TI2_R12,ORIGINAL_PHASE6J_CAUR,S,CF1,0,PHASE6L_TOP4|PHASE6N_TOP4,False
CB1_CAUR_S_CF1_RI2_TI2_R12__seed691202__it0000014,ts_8e44096a4dec8a9546f8,CB1_CAUR_S_CF1_RI2_TI2_R12,ORIGINAL_PHASE6J_CAUR,S,CF1,0,PHASE6N_TOP4,False
CB1_CAUR_S_CF1_RI2_TI2_R12__seed691202__it0000014,ts_9d3b4e6c5a05e018afc2,CB1_CAUR_S_CF1_RI2_TI2_R12,ORIGINAL_PHASE6J_CAUR,S,CF1,0,PHASE6L_TOP4,False
CB1_CAUR_S_CF1_RI2_TI2_R12__seed691202__it0000014,ts_c29c4308f8348a237045,CB1_CAUR_S_CF1_RI2_TI2_R12,ORIGINAL_PHASE6J_CAUR,S,CF1,0,PHASE6L_TOP4,False
CB1_CAUR_S_CF1_RI2_TI2_R12__seed691202__it0000014,ts_f2e1f10007d12ac21dbe,CB1_CAUR_S_CF1_RI2_TI2_R12,ORIGINAL_PHASE6J_CAUR,S,CF1,0,CANONICAL_FALLBACK,True
CB1_CAUR_S_CF1_RI2_TI2_R12__seed691202__it0000052,ts_06c0297d5a71cbb50564,CB1_CAUR_S_CF1_RI2_TI2_R12,ORIGINAL_PHASE6J_CAUR,S,CF1,0,PHASE6L_TOP4|PHASE6N_TOP4,False
CB1_CAUR_S_CF1_RI2_TI2_R12__seed691202__it0000052,ts_41d46a34d55541c60fef,CB1_CAUR_S_CF1_RI2_TI2_R12,ORIGINAL_PHASE6J_CAUR,S,CF1,0,PHASE6L_TOP4|PHASE6N_TOP4,False
CB1_CAUR_S_CF1_RI2_TI2_R12__seed691202__it0000052,ts_496c0ab3042c6dfee282,CB1_CAUR_S_CF1_RI2_TI2_R12,ORIGINAL_PHASE6J_CAUR,S,CF1,0,CANONICAL_FALLBACK,True
CB1_CAUR_S_CF1_RI2_TI2_R12__seed691202__it0000052,ts_bcbaa4e7ecca2cd9e8e8,CB1_CAUR_S_CF1_RI2_TI2_R12,ORIGINAL_PHASE6J_CAUR,S,CF1,0,PHASE6L_TOP4|PHASE6N_TOP4,False
CB1_CAUR_S_CF1_RI2_TI2_R12__seed691202__it0000052,ts_cd3f8e188f529a233db0,CB1_CAUR_S_CF1_RI2_TI2_R12,ORIGINAL_PHASE6J_CAUR,S,CF1,0,PHASE6L_TOP4|PHASE6N_TOP4,False
CB1_CAUR_S_CF1_RI2_TI2_R12__seed691202__it0000094,ts_0911112b0adee9d83e24,CB1_CAUR_S_CF1_RI2_TI2_R12,ORIGINAL_PHASE6J_CAUR,S,CF1,0,PHASE6L_TOP4|PHASE6N_TOP4,False
CB1_CAUR_S_CF1_RI2_TI2_R12__seed691202__it0000094,ts_215e70aa6fba626efa93,CB1_CAUR_S_CF1_RI2_TI2_R12,ORIGINAL_PHASE6J_CAUR,S,CF1,0,PHASE6L_TOP4,False
CB1_CAUR_S_CF1_RI2_TI2_R12__seed691202__it0000094,ts_26b846914639733a528d,CB1_CAUR_S_CF1_RI2_TI2_R12,ORIGINAL_PHASE6J_CAUR,S,CF1,0,PHASE6N_TOP4,False
CB1_CAUR_S_CF1_RI2_TI2_R12__seed691202__it0000094,ts_6592fe17f651ccbde5f4,CB1_CAUR_S_CF1_RI2_TI2_R12,ORIGINAL_PHASE6J_CAUR,S,CF1,0,PHASE6L_TOP4|PHASE6N_TOP4,False
CB1_CAUR_S_CF1_RI2_TI2_R12__seed691202__it0000094,ts_b617c6e7c365b44ba7ec,CB1_CAUR_S_CF1_RI2_TI2_R12,ORIGINAL_PHASE6J_CAUR,S,CF1,0,CANONICAL_FALLBACK,True
CB1_CAUR_S_CF1_RI2_TI2_R12__seed691202__it0000094,ts_f4c783151a11147bac94,CB1_CAUR_S_CF1_RI2_TI2_R12,ORIGINAL_PHASE6J_CAUR,S,CF1,0,PHASE6L_TOP4|PHASE6N_TOP4,False
CB1_CAUR_S_CF1_RI2_TI2_R12__seed691202__it0000133,ts_174b0e69993c2a9c87f1,CB1_CAUR_S_CF1_RI2_TI2_R12,ORIGINAL_PHASE6J_CAUR,S,CF1,0,PHASE6L_TOP4,False
CB1_CAUR_S_CF1_RI2_TI2_R12__seed691202__it0000133,ts_546c23f2c7132fa764e5,CB1_CAUR_S_CF1_RI2_TI2_R12,ORIGINAL_PHASE6J_CAUR,S,CF1,0,PHASE6L_TOP4,False
CB1_CAUR_S_CF1_RI2_TI2_R12__seed691202__it0000133,ts_6b71505babe58fdd8f94,CB1_CAUR_S_CF1_RI2_TI2_R12,ORIGINAL_PHASE6J_CAUR,S,CF1,0,PHASE6L_TOP4|PHASE6N_TOP4,False
CB1_CAUR_S_CF1_RI2_TI2_R12__seed691202__it0000133,ts_b411c71dfef8e504a4e8,CB1_CAUR_S_CF1_RI2_TI2_R12,ORIGINAL_PHASE6J_CAUR,S,CF1,0,PHASE6N_TOP4,False
CB1_CAUR_S_CF1_RI2_TI2_R12__seed691202__it0000133,ts_b820da909cc6c2f077e4,CB1_CAUR_S_CF1_RI2_TI2_R12,ORIGINAL_PHASE6J_CAUR,S,CF1,0,PHASE6L_TOP4|PHASE6N_TOP4,False
CB1_CAUR_S_CF1_RI2_TI2_R12__seed691202__it0000133,ts_c7ae53e0799f89830d93,CB1_CAUR_S_CF1_RI2_TI2_R12,ORIGINAL_PHASE6J_CAUR,S,CF1,0,CANONICAL_FALLBACK|PHASE6N_TOP4,True
CB1_CAUR_S_CF1_RI2_TI2_R12__seed691202__it0000174,ts_21134e59f272d807624d,CB1_CAUR_S_CF1_RI2_TI2_R12,ORIGINAL_PHASE6J_CAUR,S,CF1,0,PHASE6L_TOP4,False
CB1_CAUR_S_CF1_RI2_TI2_R12__seed691202__it0000174,ts_2a5f40a5bcd9e03e3ea3,CB1_CAUR_S_CF1_RI2_TI2_R12,ORIGINAL_PHASE6J_CAUR,S,CF1,0,CANONICAL_FALLBACK,True
CB1_CAUR_S_CF1_RI2_TI2_R12__seed691202__it0000174,ts_5e48582cc33046f49322,CB1_CAUR_S_CF1_RI2_TI2_R12,ORIGINAL_PHASE6J_CAUR,S,CF1,0,PHASE6N_TOP4,False
CB1_CAUR_S_CF1_RI2_TI2_R12__seed691202__it0000174,ts_7804ebb96f58fde4b5a3,CB1_CAUR_S_CF1_RI2_TI2_R12,ORIGINAL_PHASE6J_CAUR,S,CF1,0,PHASE6L_TOP4,False
CB1_CAUR_S_CF1_RI2_TI2_R12__seed691202__it0000174,ts_9958b945dc5e5d3cd49a,CB1_CAUR_S_CF1_RI2_TI2_R12,ORIGINAL_PHASE6J_CAUR,S,CF1,0,PHASE6L_TOP4|PHASE6N_TOP4,False
CB1_CAUR_S_CF1_RI2_TI2_R12__seed691202__it0000174,ts_c97ec5d5dec25a70fd1f,CB1_CAUR_S_CF1_RI2_TI2_R12,ORIGINAL_PHASE6J_CAUR,S,CF1,0,PHASE6N_TOP4,False
CB1_CAUR_S_CF1_RI2_TI2_R12__seed691202__it0000174,ts_d3da9bb5c1414172a852,CB1_CAUR_S_CF1_RI2_TI2_R12,ORIGINAL_PHASE6J_CAUR,S,CF1,0,PHASE6L_TOP4|PHASE6N_TOP4,False
CB1_CAUR_S_CF1_RI2_TI2_R12__seed691202__it0000217,ts_07d1e506951ca7f80eaa,CB1_CAUR_S_CF1_RI2_TI2_R12,ORIGINAL_PHASE6J_CAUR,S,CF1,0,PHASE6N_TOP4,False
CB1_CAUR_S_CF1_RI2_TI2_R12__seed691202__it0000217,ts_1bf5b3f6aa907a488907,CB1_CAUR_S_CF1_RI2_TI2_R12,ORIGINAL_PHASE6J_CAUR,S,CF1,0,PHASE6L_TOP4,False
CB1_CAUR_S_CF1_RI2_TI2_R12__seed691202__it0000217,ts_3254ac3ff463ee7f546e,CB1_CAUR_S_CF1_RI2_TI2_R12,ORIGINAL_PHASE6J_CAUR,S,CF1,0,PHASE6L_TOP4,False
CB1_CAUR_S_CF1_RI2_TI2_R12__seed691202__it0000217,ts_546695e30d4b1e985a23,CB1_CAUR_S_CF1_RI2_TI2_R12,ORIGINAL_PHASE6J_CAUR,S,CF1,0,PHASE6L_TOP4,False
CB1_CAUR_S_CF1_RI2_TI2_R12__seed691202__it0000217,ts_b6e2f2d465cfaa78fcb4,CB1_CAUR_S_CF1_RI2_TI2_R12,ORIGINAL_PHASE6J_CAUR,S,CF1,0,PHASE6N_TOP4,False
CB1_CAUR_S_CF1_RI2_TI2_R12__seed691202__it0000217,ts_c035eede8132234b83cf,CB1_CAUR_S_CF1_RI2_TI2_R12,ORIGINAL_PHASE6J_CAUR,S,CF1,0,PHASE6L_TOP4,False
CB1_CAUR_S_CF1_RI2_TI2_R12__seed691202__it0000217,ts_eb9f3d7ca0155e5b2bc8,CB1_CAUR_S_CF1_RI2_TI2_R12,ORIGINAL_PHASE6J_CAUR,S,CF1,0,PHASE6N_TOP4,False
CB1_CAUR_S_CF1_RI2_TI2_R12__seed691202__it0000217,ts_ec81cd2d6c294a661e35,CB1_CAUR_S_CF1_RI2_TI2_R12,ORIGINAL_PHASE6J_CAUR,S,CF1,0,CANONICAL_FALLBACK,True
CB1_CAUR_S_CF1_RI2_TI2_R12__seed691202__it0000217,ts_f051ed1fde737518b406,CB1_CAUR_S_CF1_RI2_TI2_R12,ORIGINAL_PHASE6J_CAUR,S,CF1,0,PHASE6N_TOP4,False
CB1_CAUR_S_CF1_RI2_TI2_R12__seed691202__it0000258,ts_03a2f2f1be021ce9aa8e,CB1_CAUR_S_CF1_RI2_TI2_R12,ORIGINAL_PHASE6J_CAUR,S,CF1,0,PHASE6N_TOP4,False
CB1_CAUR_S_CF1_RI2_TI2_R12__seed691202__it0000258,ts_47e18a606ff7a787c633,CB1_CAUR_S_CF1_RI2_TI2_R12,ORIGINAL_PHASE6J_CAUR,S,CF1,0,PHASE6N_TOP4,False
CB1_CAUR_S_CF1_RI2_TI2_R12__seed691202__it0000258,ts_5071e44c93fc8f3257f5,CB1_CAUR_S_CF1_RI2_TI2_R12,ORIGINAL_PHASE6J_CAUR,S,CF1,0,PHASE6L_TOP4,False
CB1_CAUR_S_CF1_RI2_TI2_R12__seed691202__it0000258,ts_53dc11d99ba5381bc096,CB1_CAUR_S_CF1_RI2_TI2_R12,ORIGINAL_PHASE6J_CAUR,S,CF1,0,PHASE6N_TOP4,False
CB1_CAUR_S_CF1_RI2_TI2_R12__seed691202__it0000258,ts_a94a4f842a5ef0a64637,CB1_CAUR_S_CF1_RI2_TI2_R12,ORIGINAL_PHASE6J_CAUR,S,CF1,0,PHASE6L_TOP4,False
CB1_CAUR_S_CF1_RI2_TI2_R12__seed691202__it0000258,ts_cb2c7b773e06d0030c61,CB1_CAUR_S_CF1_RI2_TI2_R12,ORIGINAL_PHASE6J_CAUR,S,CF1,0,PHASE6L_TOP4,False
CB1_CAUR_S_CF1_RI2_TI2_R12__seed691202__it0000258,ts_d2e70ac51a33e53372a4,CB1_CAUR_S_CF1_RI2_TI2_R12,ORIGINAL_PHASE6J_CAUR,S,CF1,0,PHASE6L_TOP4,False
CB1_CAUR_S_CF1_RI2_TI2_R12__seed691202__it0000258,ts_d7968adf18e86d1b2852,CB1_CAUR_S_CF1_RI2_TI2_R12,ORIGINAL_PHASE6J_CAUR,S,CF1,0,PHASE6N_TOP4,False
CB1_CAUR_S_CF1_RI2_TI2_R12__seed691202__it0000258,ts_e66bfe93dd123aa0267c,CB1_CAUR_S_CF1_RI2_TI2_R12,ORIGINAL_PHASE6J_CAUR,S,CF1,0,CANONICAL_FALLBACK,True
CB1_CAUR_S_CF1_RI2_TI2_R12__seed691202__it0000289,ts_0edaf76ef002c55b4201,CB1_CAUR_S_CF1_RI2_TI2_R12,ORIGINAL_PHASE6J_CAUR,S,CF1,0,PHASE6L_TOP4|PHASE6N_TOP4,False
CB1_CAUR_S_CF1_RI2_TI2_R12__seed691202__it0000289,ts_2295ca734d9cd52ca0b8,CB1_CAUR_S_CF1_RI2_TI2_R12,ORIGINAL_PHASE6J_CAUR,S,CF1,0,PHASE6N_TOP4,False
CB1_CAUR_S_CF1_RI2_TI2_R12__seed691202__it0000289,ts_23a64dca3a43490f6290,CB1_CAUR_S_CF1_RI2_TI2_R12,ORIGINAL_PHASE6J_CAUR,S,CF1,0,PHASE6L_TOP4,False
CB1_CAUR_S_CF1_RI2_TI2_R12__seed691202__it0000289,ts_578359a37231b59401d6,CB1_CAUR_S_CF1_RI2_TI2_R12,ORIGINAL_PHASE6J_CAUR,S,CF1,0,CANONICAL_FALLBACK,True
CB1_CAUR_S_CF1_RI2_TI2_R12__seed691202__it0000289,ts_5989a9a005c38f9f02cf,CB1_CAUR_S_CF1_RI2_TI2_R12,ORIGINAL_PHASE6J_CAUR,S,CF1,0,PHASE6N_TOP4,False
CB1_CAUR_S_CF1_RI2_TI2_R12__seed691202__it0000289,ts_62536153f9c5b72d3295,CB1_CAUR_S_CF1_RI2_TI2_R12,ORIGINAL_PHASE6J_CAUR,S,CF1,0,PHASE6L_TOP4,False
CB1_CAUR_S_CF1_RI2_TI2_R12__seed691202__it0000289,ts_ba43ddeca0f727f28af3,CB1_CAUR_S_CF1_RI2_TI2_R12,ORIGINAL_PHASE6J_CAUR,S,CF1,0,PHASE6L_TOP4|PHASE6N_TOP4,False
CB1_CAUR_S_CF1_RI2_TI2_R12__seed721201__it0000038,ts_29cc53339ab9425c3915,CB1_CAUR_S_CF1_RI2_TI2_R12,NEW_ALNS_EXPANSION,S,CF1,0,PHASE6N_TOP4,False
CB1_CAUR_S_CF1_RI2_TI2_R12__seed721201__it0000038,ts_8c70dfdda7dbafaa600d,CB1_CAUR_S_CF1_RI2_TI2_R12,NEW_ALNS_EXPANSION,S,CF1,0,PHASE6N_TOP4,False
CB1_CAUR_S_CF1_RI2_TI2_R12__seed721201__it0000038,ts_a5a4cba86cda5bc50e3e,CB1_CAUR_S_CF1_RI2_TI2_R12,NEW_ALNS_EXPANSION,S,CF1,0,PHASE6N_TOP4,False
CB1_CAUR_S_CF1_RI2_TI2_R12__seed721201__it0000038,ts_d9362359a93e1b0ca9a4,CB1_CAUR_S_CF1_RI2_TI2_R12,NEW_ALNS_EXPANSION,S,CF1,0,CANONICAL_FALLBACK,True
CB1_CAUR_S_CF1_RI2_TI2_R12__seed721201__it0000038,ts_db255488c1bca702189a,CB1_CAUR_S_CF1_RI2_TI2_R12,NEW_ALNS_EXPANSION,S,CF1,0,PHASE6N_TOP4,False
CB1_CAUR_S_CF1_RI2_TI2_R12__seed721201__it0000152,ts_26d7f50fae0b1358474c,CB1_CAUR_S_CF1_RI2_TI2_R12,NEW_ALNS_EXPANSION,S,CF1,0,CANONICAL_FALLBACK,True
CB1_CAUR_S_CF1_RI2_TI2_R12__seed721201__it0000152,ts_8e68e30ff7ce672a22c4,CB1_CAUR_S_CF1_RI2_TI2_R12,NEW_ALNS_EXPANSION,S,CF1,0,PHASE6N_TOP4,False
CB1_CAUR_S_CF1_RI2_TI2_R12__seed721201__it0000152,ts_e6a938d567627c90201e,CB1_CAUR_S_CF1_RI2_TI2_R12,NEW_ALNS_EXPANSION,S,CF1,0,PHASE6N_TOP4,False
CB1_CAUR_S_CF1_RI2_TI2_R12__seed721201__it0000152,ts_edba8c079a8078156caa,CB1_CAUR_S_CF1_RI2_TI2_R12,NEW_ALNS_EXPANSION,S,CF1,0,PHASE6N_TOP4,False
CB1_CAUR_S_CF1_RI2_TI2_R12__seed721201__it0000152,ts_f977ed996e354a92c6bc,CB1_CAUR_S_CF1_RI2_TI2_R12,NEW_ALNS_EXPANSION,S,CF1,0,PHASE6N_TOP4,False
CB1_CAUR_S_CF1_RI2_TI2_R12__seed721201__it0000273,ts_08a11ff3d48412399351,CB1_CAUR_S_CF1_RI2_TI2_R12,NEW_ALNS_EXPANSION,S,CF1,0,PHASE6N_TOP4,False
CB1_CAUR_S_CF1_RI2_TI2_R12__seed721201__it0000273,ts_0f7ede6a26bb6b55bbce,CB1_CAUR_S_CF1_RI2_TI2_R12,NEW_ALNS_EXPANSION,S,CF1,0,CANONICAL_FALLBACK,True
CB1_CAUR_S_CF1_RI2_TI2_R12__seed721201__it0000273,ts_3be033f000b8b276d5ce,CB1_CAUR_S_CF1_RI2_TI2_R12,NEW_ALNS_EXPANSION,S,CF1,0,PHASE6N_TOP4,False
CB1_CAUR_S_CF1_RI2_TI2_R12__seed721201__it0000273,ts_8f198e66584fe7c0c5e3,CB1_CAUR_S_CF1_RI2_TI2_R12,NEW_ALNS_EXPANSION,S,CF1,0,PHASE6N_TOP4,False
CB1_CAUR_S_CF1_RI2_TI2_R12__seed721201__it0000273,ts_a5b74039d7725825f27b,CB1_CAUR_S_CF1_RI2_TI2_R12,NEW_ALNS_EXPANSION,S,CF1,0,PHASE6N_TOP4,False
CB1_CAUR_S_CF1_RI2_TI2_R12__seed721201__it0000386,ts_385f4100ea1097f51448,CB1_CAUR_S_CF1_RI2_TI2_R12,NEW_ALNS_EXPANSION,S,CF1,0,PHASE6N_TOP4,False
CB1_CAUR_S_CF1_RI2_TI2_R12__seed721201__it0000386,ts_45105e7f00dfa107e81b,CB1_CAUR_S_CF1_RI2_TI2_R12,NEW_ALNS_EXPANSION,S,CF1,0,PHASE6N_TOP4,False
CB1_CAUR_S_CF1_RI2_TI2_R12__seed721201__it0000386,ts_63e1a7617447b098b2f7,CB1_CAUR_S_CF1_RI2_TI2_R12,NEW_ALNS_EXPANSION,S,CF1,0,PHASE6N_TOP4,False
CB1_CAUR_S_CF1_RI2_TI2_R12__seed721201__it0000386,ts_65143a481b6db3396170,CB1_CAUR_S_CF1_RI2_TI2_R12,NEW_ALNS_EXPANSION,S,CF1,0,CANONICAL_FALLBACK,True
CB1_CAUR_S_CF1_RI2_TI2_R12__seed721201__it0000386,ts_7c75473363cded7e9f78,CB1_CAUR_S_CF1_RI2_TI2_R12,NEW_ALNS_EXPANSION,S,CF1,0,PHASE6N_TOP4,False
CB1_CAUR_S_CF1_RI2_TI2_R12__seed721201__it0000501,ts_2665ef7716947883dbd4,CB1_CAUR_S_CF1_RI2_TI2_R12,NEW_ALNS_EXPANSION,S,CF1,0,PHASE6N_TOP4,False
CB1_CAUR_S_CF1_RI2_TI2_R12__seed721201__it0000501,ts_7eea003e20f7ac52f758,CB1_CAUR_S_CF1_RI2_TI2_R12,NEW_ALNS_EXPANSION,S,CF1,0,PHASE6N_TOP4,False
CB1_CAUR_S_CF1_RI2_TI2_R12__seed721201__it0000501,ts_8c3ecc767ebaa8277fc0,CB1_CAUR_S_CF1_RI2_TI2_R12,NEW_ALNS_EXPANSION,S,CF1,0,PHASE6N_TOP4,False
CB1_CAUR_S_CF1_RI2_TI2_R12__seed721201__it0000501,ts_c679739ce23ac3fea419,CB1_CAUR_S_CF1_RI2_TI2_R12,NEW_ALNS_EXPANSION,S,CF1,0,CANONICAL_FALLBACK,True
CB1_CAUR_S_CF1_RI2_TI2_R12__seed721201__it0000501,ts_d5d68119c18bace848c4,CB1_CAUR_S_CF1_RI2_TI2_R12,NEW_ALNS_EXPANSION,S,CF1,0,PHASE6N_TOP4,False
CB1_CAUR_S_CF1_RI2_TI2_R12__seed721201__it0000621,ts_1c75310390987a977200,CB1_CAUR_S_CF1_RI2_TI2_R12,NEW_ALNS_EXPANSION,S,CF1,0,PHASE6N_TOP4,False
CB1_CAUR_S_CF1_RI2_TI2_R12__seed721201__it0000621,ts_20145044e731d064abb1,CB1_CAUR_S_CF1_RI2_TI2_R12,NEW_ALNS_EXPANSION,S,CF1,0,CANONICAL_FALLBACK,True
CB1_CAUR_S_CF1_RI2_TI2_R12__seed721201__it0000621,ts_54ab00a9987a0c5b58d4,CB1_CAUR_S_CF1_RI2_TI2_R12,NEW_ALNS_EXPANSION,S,CF1,0,PHASE6N_TOP4,False
CB1_CAUR_S_CF1_RI2_TI2_R12__seed721201__it0000621,ts_6798e88815775e58cca1,CB1_CAUR_S_CF1_RI2_TI2_R12,NEW_ALNS_EXPANSION,S,CF1,0,PHASE6N_TOP4,False
CB1_CAUR_S_CF1_RI2_TI2_R12__seed721201__it0000621,ts_8060a2c9eb62e9202fc1,CB1_CAUR_S_CF1_RI2_TI2_R12,NEW_ALNS_EXPANSION,S,CF1,0,PHASE6N_TOP4,False
CB1_CAUR_S_CF1_RI2_TI2_R12__seed721201__it0000734,ts_39d206c187347af8a9ac,CB1_CAUR_S_CF1_RI2_TI2_R12,NEW_ALNS_EXPANSION,S,CF1,0,PHASE6N_TOP4,False
CB1_CAUR_S_CF1_RI2_TI2_R12__seed721201__it0000734,ts_8d3932787c5b44e41aca,CB1_CAUR_S_CF1_RI2_TI2_R12,NEW_ALNS_EXPANSION,S,CF1,0,CANONICAL_FALLBACK,True
CB1_CAUR_S_CF1_RI2_TI2_R12__seed721201__it0000734,ts_a17d55cf6616b67bc13d,CB1_CAUR_S_CF1_RI2_TI2_R12,NEW_ALNS_EXPANSION,S,CF1,0,PHASE6N_TOP4,False
CB1_CAUR_S_CF1_RI2_TI2_R12__seed721201__it0000734,ts_d0e83d3e9e6c95a37121,CB1_CAUR_S_CF1_RI2_TI2_R12,NEW_ALNS_EXPANSION,S,CF1,0,PHASE6N_TOP4,False
CB1_CAUR_S_CF1_RI2_TI2_R12__seed721201__it0000734,ts_f6022d863cd462a55bb3,CB1_CAUR_S_CF1_RI2_TI2_R12,NEW_ALNS_EXPANSION,S,CF1,0,PHASE6N_TOP4,False
CB1_CAUR_S_CF1_RI2_TI2_R12__seed721201__it0000824,ts_481ee0b4b3a79ee75850,CB1_CAUR_S_CF1_RI2_TI2_R12,NEW_ALNS_EXPANSION,S,CF1,0,PHASE6N_TOP4,False
CB1_CAUR_S_CF1_RI2_TI2_R12__seed721201__it0000824,ts_6ac3e6b5d0930e811e29,CB1_CAUR_S_CF1_RI2_TI2_R12,NEW_ALNS_EXPANSION,S,CF1,0,CANONICAL_FALLBACK,True
CB1_CAUR_S_CF1_RI2_TI2_R12__seed721201__it0000824,ts_7f325ea3b48fbe2ad47c,CB1_CAUR_S_CF1_RI2_TI2_R12,NEW_ALNS_EXPANSION,S,CF1,0,PHASE6N_TOP4,False
CB1_CAUR_S_CF1_RI2_TI2_R12__seed721201__it0000824,ts_a089a2f26befee0d68da,CB1_CAUR_S_CF1_RI2_TI2_R12,NEW_ALNS_EXPANSION,S,CF1,0,PHASE6N_TOP4,False
CB1_CAUR_S_CF1_RI2_TI2_R12__seed721201__it0000824,ts_a4d881f5ddc89440272a,CB1_CAUR_S_CF1_RI2_TI2_R12,NEW_ALNS_EXPANSION,S,CF1,0,PHASE6N_TOP4,False
CB1_CAUR_S_CF1_RI2_TI2_R12__seed721202__it0000042,ts_09a3fbe782435483d54b,CB1_CAUR_S_CF1_RI2_TI2_R12,NEW_ALNS_EXPANSION,S,CF1,0,PHASE6N_TOP4,False
CB1_CAUR_S_CF1_RI2_TI2_R12__seed721202__it0000042,ts_17feabfc066661ebca5c,CB1_CAUR_S_CF1_RI2_TI2_R12,NEW_ALNS_EXPANSION,S,CF1,0,PHASE6N_TOP4,False
CB1_CAUR_S_CF1_RI2_TI2_R12__seed721202__it0000042,ts_6fe12f65c3d55103655d,CB1_CAUR_S_CF1_RI2_TI2_R12,NEW_ALNS_EXPANSION,S,CF1,0,CANONICAL_FALLBACK,True
CB1_CAUR_S_CF1_RI2_TI2_R12__seed721202__it0000042,ts_b7cdd6ff5135140db77e,CB1_CAUR_S_CF1_RI2_TI2_R12,NEW_ALNS_EXPANSION,S,CF1,0,PHASE6N_TOP4,False
CB1_CAUR_S_CF1_RI2_TI2_R12__seed721202__it0000042,ts_cffb984df89079219c82,CB1_CAUR_S_CF1_RI2_TI2_R12,NEW_ALNS_EXPANSION,S,CF1,0,PHASE6N_TOP4,False
CB1_CAUR_S_CF1_RI2_TI2_R12__seed721202__it0000153,ts_197df3363898ac565730,CB1_CAUR_S_CF1_RI2_TI2_R12,NEW_ALNS_EXPANSION,S,CF1,0,PHASE6N_TOP4,False
CB1_CAUR_S_CF1_RI2_TI2_R12__seed721202__it0000153,ts_3023319e66f577afc4dd,CB1_CAUR_S_CF1_RI2_TI2_R12,NEW_ALNS_EXPANSION,S,CF1,0,PHASE6N_TOP4,False
CB1_CAUR_S_CF1_RI2_TI2_R12__seed721202__it0000153,ts_739e17cf7515c16860a6,CB1_CAUR_S_CF1_RI2_TI2_R12,NEW_ALNS_EXPANSION,S,CF1,0,CANONICAL_FALLBACK,True
CB1_CAUR_S_CF1_RI2_TI2_R12__seed721202__it0000153,ts_96efcbb60344eff70e59,CB1_CAUR_S_CF1_RI2_TI2_R12,NEW_ALNS_EXPANSION,S,CF1,0,PHASE6N_TOP4,False
CB1_CAUR_S_CF1_RI2_TI2_R12__seed721202__it0000153,ts_c3c1a26155ad1988b443,CB1_CAUR_S_CF1_RI2_TI2_R12,NEW_ALNS_EXPANSION,S,CF1,0,PHASE6N_TOP4,False
CB1_CAUR_S_CF1_RI2_TI2_R12__seed721202__it0000274,ts_4a0590dc25fd7e062202,CB1_CAUR_S_CF1_RI2_TI2_R12,NEW_ALNS_EXPANSION,S,CF1,0,PHASE6N_TOP4,False
CB1_CAUR_S_CF1_RI2_TI2_R12__seed721202__it0000274,ts_5f88ac774753baaa79f4,CB1_CAUR_S_CF1_RI2_TI2_R12,NEW_ALNS_EXPANSION,S,CF1,0,CANONICAL_FALLBACK,True
CB1_CAUR_S_CF1_RI2_TI2_R12__seed721202__it0000274,ts_72b5c2ec1b83f2a922b8,CB1_CAUR_S_CF1_RI2_TI2_R12,NEW_ALNS_EXPANSION,S,CF1,0,PHASE6N_TOP4,False
CB1_CAUR_S_CF1_RI2_TI2_R12__seed721202__it0000274,ts_d3d411ae6a677f1e63d1,CB1_CAUR_S_CF1_RI2_TI2_R12,NEW_ALNS_EXPANSION,S,CF1,0,PHASE6N_TOP4,False
CB1_CAUR_S_CF1_RI2_TI2_R12__seed721202__it0000274,ts_daf65da00e1100cb10d4,CB1_CAUR_S_CF1_RI2_TI2_R12,NEW_ALNS_EXPANSION,S,CF1,0,PHASE6N_TOP4,False
CB1_CAUR_S_CF1_RI2_TI2_R12__seed721202__it0000386,ts_20dff14831e8d7532e43,CB1_CAUR_S_CF1_RI2_TI2_R12,NEW_ALNS_EXPANSION,S,CF1,0,CANONICAL_FALLBACK,True
CB1_CAUR_S_CF1_RI2_TI2_R12__seed721202__it0000386,ts_4a81eb2d1aa6aa5678e0,CB1_CAUR_S_CF1_RI2_TI2_R12,NEW_ALNS_EXPANSION,S,CF1,0,PHASE6N_TOP4,False
CB1_CAUR_S_CF1_RI2_TI2_R12__seed721202__it0000386,ts_b9c07f6506245dd4f26d,CB1_CAUR_S_CF1_RI2_TI2_R12,NEW_ALNS_EXPANSION,S,CF1,0,PHASE6N_TOP4,False
CB1_CAUR_S_CF1_RI2_TI2_R12__seed721202__it0000386,ts_cb62c2672ccf7bb5b887,CB1_CAUR_S_CF1_RI2_TI2_R12,NEW_ALNS_EXPANSION,S,CF1,0,PHASE6N_TOP4,False
CB1_CAUR_S_CF1_RI2_TI2_R12__seed721202__it0000386,ts_ef65efae65c10a50c1a5,CB1_CAUR_S_CF1_RI2_TI2_R12,NEW_ALNS_EXPANSION,S,CF1,0,PHASE6N_TOP4,False
CB1_CAUR_S_CF1_RI2_TI2_R12__seed721202__it0000499,ts_0ce8478e63e9230b64ce,CB1_CAUR_S_CF1_RI2_TI2_R12,NEW_ALNS_EXPANSION,S,CF1,0,PHASE6N_TOP4,False
CB1_CAUR_S_CF1_RI2_TI2_R12__seed721202__it0000499,ts_2186a26b052b3ba748ea,CB1_CAUR_S_CF1_RI2_TI2_R12,NEW_ALNS_EXPANSION,S,CF1,0,PHASE6N_TOP4,False
CB1_CAUR_S_CF1_RI2_TI2_R12__seed721202__it0000499,ts_4c625da036a4c53bb124,CB1_CAUR_S_CF1_RI2_TI2_R12,NEW_ALNS_EXPANSION,S,CF1,0,PHASE6N_TOP4,False
CB1_CAUR_S_CF1_RI2_TI2_R12__seed721202__it0000499,ts_bb2ca70e79fdbc47c7c9,CB1_CAUR_S_CF1_RI2_TI2_R12,NEW_ALNS_EXPANSION,S,CF1,0,CANONICAL_FALLBACK,True
CB1_CAUR_S_CF1_RI2_TI2_R12__seed721202__it0000499,ts_d5baa970b9064248c436,CB1_CAUR_S_CF1_RI2_TI2_R12,NEW_ALNS_EXPANSION,S,CF1,0,PHASE6N_TOP4,False
CB1_CAUR_S_CF1_RI2_TI2_R12__seed721202__it0000622,ts_1133bdc552f51cc2086c,CB1_CAUR_S_CF1_RI2_TI2_R12,NEW_ALNS_EXPANSION,S,CF1,0,PHASE6N_TOP4,False
CB1_CAUR_S_CF1_RI2_TI2_R12__seed721202__it0000622,ts_3a39f3eff8dbce13f17e,CB1_CAUR_S_CF1_RI2_TI2_R12,NEW_ALNS_EXPANSION,S,CF1,0,CANONICAL_FALLBACK|PHASE6N_TOP4,True
CB1_CAUR_S_CF1_RI2_TI2_R12__seed721202__it0000622,ts_a9dbed31b5a164d3fde1,CB1_CAUR_S_CF1_RI2_TI2_R12,NEW_ALNS_EXPANSION,S,CF1,0,PHASE6N_TOP4,False
CB1_CAUR_S_CF1_RI2_TI2_R12__seed721202__it0000622,ts_f75d008cd22846ce73e0,CB1_CAUR_S_CF1_RI2_TI2_R12,NEW_ALNS_EXPANSION,S,CF1,0,PHASE6N_TOP4,False
CB1_CAUR_S_CF1_RI2_TI2_R12__seed721202__it0000732,ts_16e288ff9b7c467b514a,CB1_CAUR_S_CF1_RI2_TI2_R12,NEW_ALNS_EXPANSION,S,CF1,0,PHASE6N_TOP4,False
CB1_CAUR_S_CF1_RI2_TI2_R12__seed721202__it0000732,ts_34a57e9353a96cf49d47,CB1_CAUR_S_CF1_RI2_TI2_R12,NEW_ALNS_EXPANSION,S,CF1,0,PHASE6N_TOP4,False
CB1_CAUR_S_CF1_RI2_TI2_R12__seed721202__it0000732,ts_534026d1de0f531c8c2c,CB1_CAUR_S_CF1_RI2_TI2_R12,NEW_ALNS_EXPANSION,S,CF1,0,PHASE6N_TOP4,False
CB1_CAUR_S_CF1_RI2_TI2_R12__seed721202__it0000732,ts_65422eb026f376c9fcb5,CB1_CAUR_S_CF1_RI2_TI2_R12,NEW_ALNS_EXPANSION,S,CF1,0,CANONICAL_FALLBACK,True
CB1_CAUR_S_CF1_RI2_TI2_R12__seed721202__it0000732,ts_f2c6ec915fca984c4bd5,CB1_CAUR_S_CF1_RI2_TI2_R12,NEW_ALNS_EXPANSION,S,CF1,0,PHASE6N_TOP4,False
CB1_CAUR_S_CF1_RI2_TI2_R12__seed721202__it0000818,ts_2e09f0bd672b38d0b006,CB1_CAUR_S_CF1_RI2_TI2_R12,NEW_ALNS_EXPANSION,S,CF1,0,PHASE6N_TOP4,False
CB1_CAUR_S_CF1_RI2_TI2_R12__seed721202__it0000818,ts_4fd4fe90171dbae20da7,CB1_CAUR_S_CF1_RI2_TI2_R12,NEW_ALNS_EXPANSION,S,CF1,0,CANONICAL_FALLBACK,True
CB1_CAUR_S_CF1_RI2_TI2_R12__seed721202__it0000818,ts_661b664b652a33a5958b,CB1_CAUR_S_CF1_RI2_TI2_R12,NEW_ALNS_EXPANSION,S,CF1,0,PHASE6N_TOP4,False
CB1_CAUR_S_CF1_RI2_TI2_R12__seed721202__it0000818,ts_a1d56b93b7b0a55cf9eb,CB1_CAUR_S_CF1_RI2_TI2_R12,NEW_ALNS_EXPANSION,S,CF1,0,PHASE6N_TOP4,False
CB1_CAUR_S_CF1_RI2_TI2_R12__seed721202__it0000818,ts_a258972f42578a9d36b0,CB1_CAUR_S_CF1_RI2_TI2_R12,NEW_ALNS_EXPANSION,S,CF1,0,PHASE6N_TOP4,False
CB1_CAUR_S_CF1_RI2_TI2_R12__seed721203__it0000041,ts_16d8b4f7de83d89c97d6,CB1_CAUR_S_CF1_RI2_TI2_R12,NEW_ALNS_EXPANSION,S,CF1,0,PHASE6N_TOP4,False
CB1_CAUR_S_CF1_RI2_TI2_R12__seed721203__it0000041,ts_6d8ef182260cb0181d60,CB1_CAUR_S_CF1_RI2_TI2_R12,NEW_ALNS_EXPANSION,S,CF1,0,CANONICAL_FALLBACK|PHASE6N_TOP4,True
CB1_CAUR_S_CF1_RI2_TI2_R12__seed721203__it0000041,ts_b9c56ee5fb7b766061b7,CB1_CAUR_S_CF1_RI2_TI2_R12,NEW_ALNS_EXPANSION,S,CF1,0,PHASE6N_TOP4,False
CB1_CAUR_S_CF1_RI2_TI2_R12__seed721203__it0000041,ts_c13464641c7fe9a8d974,CB1_CAUR_S_CF1_RI2_TI2_R12,NEW_ALNS_EXPANSION,S,CF1,0,PHASE6N_TOP4,False
CB1_CAUR_S_CF1_RI2_TI2_R12__seed721203__it0000154,ts_56430017216acbe94a59,CB1_CAUR_S_CF1_RI2_TI2_R12,NEW_ALNS_EXPANSION,S,CF1,0,PHASE6N_TOP4,False
CB1_CAUR_S_CF1_RI2_TI2_R12__seed721203__it0000154,ts_69d9dc1dac1bec1f7433,CB1_CAUR_S_CF1_RI2_TI2_R12,NEW_ALNS_EXPANSION,S,CF1,0,PHASE6N_TOP4,False
CB1_CAUR_S_CF1_RI2_TI2_R12__seed721203__it0000154,ts_898cef5e365464818330,CB1_CAUR_S_CF1_RI2_TI2_R12,NEW_ALNS_EXPANSION,S,CF1,0,PHASE6N_TOP4,False
CB1_CAUR_S_CF1_RI2_TI2_R12__seed721203__it0000154,ts_982f8771a3285bd2cb3b,CB1_CAUR_S_CF1_RI2_TI2_R12,NEW_ALNS_EXPANSION,S,CF1,0,CANONICAL_FALLBACK,True
CB1_CAUR_S_CF1_RI2_TI2_R12__seed721203__it0000154,ts_e36c596e59b97ee98628,CB1_CAUR_S_CF1_RI2_TI2_R12,NEW_ALNS_EXPANSION,S,CF1,0,PHASE6N_TOP4,False
CB1_CAUR_S_CF1_RI2_TI2_R12__seed721203__it0000275,ts_5a15d277a2d4e845e8b2,CB1_CAUR_S_CF1_RI2_TI2_R12,NEW_ALNS_EXPANSION,S,CF1,0,PHASE6N_TOP4,False
CB1_CAUR_S_CF1_RI2_TI2_R12__seed721203__it0000275,ts_71e874d4ea94c61ab95d,CB1_CAUR_S_CF1_RI2_TI2_R12,NEW_ALNS_EXPANSION,S,CF1,0,PHASE6N_TOP4,False
CB1_CAUR_S_CF1_RI2_TI2_R12__seed721203__it0000275,ts_a9fc8f43093b28bbbc27,CB1_CAUR_S_CF1_RI2_TI2_R12,NEW_ALNS_EXPANSION,S,CF1,0,PHASE6N_TOP4,False
CB1_CAUR_S_CF1_RI2_TI2_R12__seed721203__it0000275,ts_d69146ace0341feb313f,CB1_CAUR_S_CF1_RI2_TI2_R12,NEW_ALNS_EXPANSION,S,CF1,0,CANONICAL_FALLBACK,True
CB1_CAUR_S_CF1_RI2_TI2_R12__seed721203__it0000275,ts_e1a664fb2763faf97d5c,CB1_CAUR_S_CF1_RI2_TI2_R12,NEW_ALNS_EXPANSION,S,CF1,0,PHASE6N_TOP4,False
CB1_CAUR_S_CF1_RI2_TI2_R12__seed721203__it0000386,ts_445163e6e1dab08bdfcd,CB1_CAUR_S_CF1_RI2_TI2_R12,NEW_ALNS_EXPANSION,S,CF1,0,PHASE6N_TOP4,False
CB1_CAUR_S_CF1_RI2_TI2_R12__seed721203__it0000386,ts_4b1f7043b61bb7279eb1,CB1_CAUR_S_CF1_RI2_TI2_R12,NEW_ALNS_EXPANSION,S,CF1,0,CANONICAL_FALLBACK,True
CB1_CAUR_S_CF1_RI2_TI2_R12__seed721203__it0000386,ts_c933af898338164d51e6,CB1_CAUR_S_CF1_RI2_TI2_R12,NEW_ALNS_EXPANSION,S,CF1,0,PHASE6N_TOP4,False
CB1_CAUR_S_CF1_RI2_TI2_R12__seed721203__it0000386,ts_d14f326bc8c7c7b5e9d1,CB1_CAUR_S_CF1_RI2_TI2_R12,NEW_ALNS_EXPANSION,S,CF1,0,PHASE6N_TOP4,False
CB1_CAUR_S_CF1_RI2_TI2_R12__seed721203__it0000386,ts_d3cc24c22454d4f343e5,CB1_CAUR_S_CF1_RI2_TI2_R12,NEW_ALNS_EXPANSION,S,CF1,0,PHASE6N_TOP4,False
CB1_CAUR_S_CF1_RI2_TI2_R12__seed721203__it0000501,ts_14cff203963b2c64d259,CB1_CAUR_S_CF1_RI2_TI2_R12,NEW_ALNS_EXPANSION,S,CF1,0,PHASE6N_TOP4,False
CB1_CAUR_S_CF1_RI2_TI2_R12__seed721203__it0000501,ts_22036a1cd0ad0eea053f,CB1_CAUR_S_CF1_RI2_TI2_R12,NEW_ALNS_EXPANSION,S,CF1,0,PHASE6N_TOP4,False
CB1_CAUR_S_CF1_RI2_TI2_R12__seed721203__it0000501,ts_44e6c43544d97131c054,CB1_CAUR_S_CF1_RI2_TI2_R12,NEW_ALNS_EXPANSION,S,CF1,0,PHASE6N_TOP4,False
CB1_CAUR_S_CF1_RI2_TI2_R12__seed721203__it0000501,ts_70c6b788bfec74af9a3f,CB1_CAUR_S_CF1_RI2_TI2_R12,NEW_ALNS_EXPANSION,S,CF1,0,CANONICAL_FALLBACK,True
CB1_CAUR_S_CF1_RI2_TI2_R12__seed721203__it0000501,ts_d833666f924ce9be7121,CB1_CAUR_S_CF1_RI2_TI2_R12,NEW_ALNS_EXPANSION,S,CF1,0,PHASE6N_TOP4,False
CB1_CAUR_S_CF1_RI2_TI2_R12__seed721203__it0000620,ts_2769c0a516157264bd5b,CB1_CAUR_S_CF1_RI2_TI2_R12,NEW_ALNS_EXPANSION,S,CF1,0,CANONICAL_FALLBACK,True
CB1_CAUR_S_CF1_RI2_TI2_R12__seed721203__it0000620,ts_5788743cf6fbbac54b46,CB1_CAUR_S_CF1_RI2_TI2_R12,NEW_ALNS_EXPANSION,S,CF1,0,PHASE6N_TOP4,False
CB1_CAUR_S_CF1_RI2_TI2_R12__seed721203__it0000620,ts_bbca051feac4d7016d50,CB1_CAUR_S_CF1_RI2_TI2_R12,NEW_ALNS_EXPANSION,S,CF1,0,PHASE6N_TOP4,False
CB1_CAUR_S_CF1_RI2_TI2_R12__seed721203__it0000620,ts_cd0108d8eb792f2651b1,CB1_CAUR_S_CF1_RI2_TI2_R12,NEW_ALNS_EXPANSION,S,CF1,0,PHASE6N_TOP4,False
CB1_CAUR_S_CF1_RI2_TI2_R12__seed721203__it0000620,ts_d282385c1d7355ad0edb,CB1_CAUR_S_CF1_RI2_TI2_R12,NEW_ALNS_EXPANSION,S,CF1,0,PHASE6N_TOP4,False
CB1_CAUR_S_CF1_RI2_TI2_R12__seed721203__it0000729,ts_193fe804d67c3b03fca2,CB1_CAUR_S_CF1_RI2_TI2_R12,NEW_ALNS_EXPANSION,S,CF1,0,PHASE6N_TOP4,False
CB1_CAUR_S_CF1_RI2_TI2_R12__seed721203__it0000729,ts_19463fa55145ff0c6bc2,CB1_CAUR_S_CF1_RI2_TI2_R12,NEW_ALNS_EXPANSION,S,CF1,0,CANONICAL_FALLBACK,True
CB1_CAUR_S_CF1_RI2_TI2_R12__seed721203__it0000729,ts_593c3c07428a9f606fe0,CB1_CAUR_S_CF1_RI2_TI2_R12,NEW_ALNS_EXPANSION,S,CF1,0,PHASE6N_TOP4,False
CB1_CAUR_S_CF1_RI2_TI2_R12__seed721203__it0000729,ts_bbd5240d72c22acf6b42,CB1_CAUR_S_CF1_RI2_TI2_R12,NEW_ALNS_EXPANSION,S,CF1,0,PHASE6N_TOP4,False
CB1_CAUR_S_CF1_RI2_TI2_R12__seed721203__it0000729,ts_efb43a837575b21c2ba6,CB1_CAUR_S_CF1_RI2_TI2_R12,NEW_ALNS_EXPANSION,S,CF1,0,PHASE6N_TOP4,False
CB1_CAUR_S_CF1_RI2_TI2_R12__seed721203__it0000815,ts_04cc277cb61b808793fe,CB1_CAUR_S_CF1_RI2_TI2_R12,NEW_ALNS_EXPANSION,S,CF1,0,PHASE6N_TOP4,False
CB1_CAUR_S_CF1_RI2_TI2_R12__seed721203__it0000815,ts_73b5dd121c2a5623aa1c,CB1_CAUR_S_CF1_RI2_TI2_R12,NEW_ALNS_EXPANSION,S,CF1,0,PHASE6N_TOP4,False
CB1_CAUR_S_CF1_RI2_TI2_R12__seed721203__it0000815,ts_dbeedc789c97a1873fda,CB1_CAUR_S_CF1_RI2_TI2_R12,NEW_ALNS_EXPANSION,S,CF1,0,PHASE6N_TOP4,False
CB1_CAUR_S_CF1_RI2_TI2_R12__seed721203__it0000815,ts_e12356037446b56ed5de,CB1_CAUR_S_CF1_RI2_TI2_R12,NEW_ALNS_EXPANSION,S,CF1,0,PHASE6N_TOP4,False
CB1_CAUR_S_CF1_RI2_TI2_R12__seed721203__it0000815,ts_ef296a27ad74c7e0685e,CB1_CAUR_S_CF1_RI2_TI2_R12,NEW_ALNS_EXPANSION,S,CF1,0,CANONICAL_FALLBACK,True
CB1_CAUR_S_CF1_RI2_TI2_R12__seed721204__it0000039,ts_2455940ad43e05caa568,CB1_CAUR_S_CF1_RI2_TI2_R12,NEW_ALNS_EXPANSION,S,CF1,0,CANONICAL_FALLBACK,True
CB1_CAUR_S_CF1_RI2_TI2_R12__seed721204__it0000039,ts_840fdbf1aeca16b6a6fc,CB1_CAUR_S_CF1_RI2_TI2_R12,NEW_ALNS_EXPANSION,S,CF1,0,PHASE6N_TOP4,False
CB1_CAUR_S_CF1_RI2_TI2_R12__seed721204__it0000039,ts_9ebf002a67b5cf3037ba,CB1_CAUR_S_CF1_RI2_TI2_R12,NEW_ALNS_EXPANSION,S,CF1,0,PHASE6N_TOP4,False
CB1_CAUR_S_CF1_RI2_TI2_R12__seed721204__it0000039,ts_b8f792d50fb09f1e1a36,CB1_CAUR_S_CF1_RI2_TI2_R12,NEW_ALNS_EXPANSION,S,CF1,0,PHASE6N_TOP4,False
CB1_CAUR_S_CF1_RI2_TI2_R12__seed721204__it0000039,ts_fd6445ba5d531570c901,CB1_CAUR_S_CF1_RI2_TI2_R12,NEW_ALNS_EXPANSION,S,CF1,0,PHASE6N_TOP4,False
CB1_CAUR_S_CF1_RI2_TI2_R12__seed721204__it0000150,ts_1b85ed3c96987e26fd6b,CB1_CAUR_S_CF1_RI2_TI2_R12,NEW_ALNS_EXPANSION,S,CF1,0,PHASE6N_TOP4,False
CB1_CAUR_S_CF1_RI2_TI2_R12__seed721204__it0000150,ts_2e89a726fb312592f0db,CB1_CAUR_S_CF1_RI2_TI2_R12,NEW_ALNS_EXPANSION,S,CF1,0,PHASE6N_TOP4,False
CB1_CAUR_S_CF1_RI2_TI2_R12__seed721204__it0000150,ts_74462b13433a82b7b579,CB1_CAUR_S_CF1_RI2_TI2_R12,NEW_ALNS_EXPANSION,S,CF1,0,PHASE6N_TOP4,False
CB1_CAUR_S_CF1_RI2_TI2_R12__seed721204__it0000150,ts_7d8fcd57c89000b59657,CB1_CAUR_S_CF1_RI2_TI2_R12,NEW_ALNS_EXPANSION,S,CF1,0,CANONICAL_FALLBACK,True
CB1_CAUR_S_CF1_RI2_TI2_R12__seed721204__it0000150,ts_f29e8b0a0b4478a67aa5,CB1_CAUR_S_CF1_RI2_TI2_R12,NEW_ALNS_EXPANSION,S,CF1,0,PHASE6N_TOP4,False
CB1_CAUR_S_CF1_RI2_TI2_R12__seed721204__it0000268,ts_78e127b4bc816e7650df,CB1_CAUR_S_CF1_RI2_TI2_R12,NEW_ALNS_EXPANSION,S,CF1,0,CANONICAL_FALLBACK,True
CB1_CAUR_S_CF1_RI2_TI2_R12__seed721204__it0000268,ts_89310c329229f0fe9956,CB1_CAUR_S_CF1_RI2_TI2_R12,NEW_ALNS_EXPANSION,S,CF1,0,PHASE6N_TOP4,False
CB1_CAUR_S_CF1_RI2_TI2_R12__seed721204__it0000268,ts_94e3f81fcaaba87fc5af,CB1_CAUR_S_CF1_RI2_TI2_R12,NEW_ALNS_EXPANSION,S,CF1,0,PHASE6N_TOP4,False
CB1_CAUR_S_CF1_RI2_TI2_R12__seed721204__it0000268,ts_a8a8778f692c8ea0afcb,CB1_CAUR_S_CF1_RI2_TI2_R12,NEW_ALNS_EXPANSION,S,CF1,0,PHASE6N_TOP4,False
CB1_CAUR_S_CF1_RI2_TI2_R12__seed721204__it0000268,ts_af59702e5f9ed171bdfc,CB1_CAUR_S_CF1_RI2_TI2_R12,NEW_ALNS_EXPANSION,S,CF1,0,PHASE6N_TOP4,False
CB1_CAUR_S_CF1_RI2_TI2_R12__seed721204__it0000381,ts_188fe98cd1a4aad4976f,CB1_CAUR_S_CF1_RI2_TI2_R12,NEW_ALNS_EXPANSION,S,CF1,0,PHASE6N_TOP4,False
CB1_CAUR_S_CF1_RI2_TI2_R12__seed721204__it0000381,ts_63c3a97ce4bce8c8d327,CB1_CAUR_S_CF1_RI2_TI2_R12,NEW_ALNS_EXPANSION,S,CF1,0,PHASE6N_TOP4,False
CB1_CAUR_S_CF1_RI2_TI2_R12__seed721204__it0000381,ts_6d9bc021cc75be90a80c,CB1_CAUR_S_CF1_RI2_TI2_R12,NEW_ALNS_EXPANSION,S,CF1,0,PHASE6N_TOP4,False
CB1_CAUR_S_CF1_RI2_TI2_R12__seed721204__it0000381,ts_d3434448a1d0ee8122ee,CB1_CAUR_S_CF1_RI2_TI2_R12,NEW_ALNS_EXPANSION,S,CF1,0,CANONICAL_FALLBACK,True
CB1_CAUR_S_CF1_RI2_TI2_R12__seed721204__it0000381,ts_f972276ff464952a958b,CB1_CAUR_S_CF1_RI2_TI2_R12,NEW_ALNS_EXPANSION,S,CF1,0,PHASE6N_TOP4,False
CB1_CAUR_S_CF1_RI2_TI2_R12__seed721204__it0000492,ts_21daa0b963153fa34c1b,CB1_CAUR_S_CF1_RI2_TI2_R12,NEW_ALNS_EXPANSION,S,CF1,0,CANONICAL_FALLBACK,True
CB1_CAUR_S_CF1_RI2_TI2_R12__seed721204__it0000492,ts_722414eb715757ae497e,CB1_CAUR_S_CF1_RI2_TI2_R12,NEW_ALNS_EXPANSION,S,CF1,0,PHASE6N_TOP4,False
CB1_CAUR_S_CF1_RI2_TI2_R12__seed721204__it0000492,ts_a36071319f7ebe1544f0,CB1_CAUR_S_CF1_RI2_TI2_R12,NEW_ALNS_EXPANSION,S,CF1,0,PHASE6N_TOP4,False
CB1_CAUR_S_CF1_RI2_TI2_R12__seed721204__it0000492,ts_d0df47738981cdd80e57,CB1_CAUR_S_CF1_RI2_TI2_R12,NEW_ALNS_EXPANSION,S,CF1,0,PHASE6N_TOP4,False
CB1_CAUR_S_CF1_RI2_TI2_R12__seed721204__it0000492,ts_d8ee322b716a293f8d70,CB1_CAUR_S_CF1_RI2_TI2_R12,NEW_ALNS_EXPANSION,S,CF1,0,PHASE6N_TOP4,False
CB1_CAUR_S_CF1_RI2_TI2_R12__seed721204__it0000610,ts_08980574287ce849e982,CB1_CAUR_S_CF1_RI2_TI2_R12,NEW_ALNS_EXPANSION,S,CF1,0,PHASE6N_TOP4,False
CB1_CAUR_S_CF1_RI2_TI2_R12__seed721204__it0000610,ts_601a38d5a7b21ba5d9c3,CB1_CAUR_S_CF1_RI2_TI2_R12,NEW_ALNS_EXPANSION,S,CF1,0,PHASE6N_TOP4,False
CB1_CAUR_S_CF1_RI2_TI2_R12__seed721204__it0000610,ts_810a617b8790c93a6778,CB1_CAUR_S_CF1_RI2_TI2_R12,NEW_ALNS_EXPANSION,S,CF1,0,CANONICAL_FALLBACK,True
CB1_CAUR_S_CF1_RI2_TI2_R12__seed721204__it0000610,ts_a4aabdd6244e79b33c43,CB1_CAUR_S_CF1_RI2_TI2_R12,NEW_ALNS_EXPANSION,S,CF1,0,PHASE6N_TOP4,False
CB1_CAUR_S_CF1_RI2_TI2_R12__seed721204__it0000610,ts_baf73fa4868bd252cfed,CB1_CAUR_S_CF1_RI2_TI2_R12,NEW_ALNS_EXPANSION,S,CF1,0,PHASE6N_TOP4,False
CB1_CAUR_S_CF1_RI2_TI2_R12__seed721204__it0000721,ts_60051322716f14861da8,CB1_CAUR_S_CF1_RI2_TI2_R12,NEW_ALNS_EXPANSION,S,CF1,0,PHASE6N_TOP4,False
CB1_CAUR_S_CF1_RI2_TI2_R12__seed721204__it0000721,ts_8d3e6c76922434d95eb0,CB1_CAUR_S_CF1_RI2_TI2_R12,NEW_ALNS_EXPANSION,S,CF1,0,PHASE6N_TOP4,False
CB1_CAUR_S_CF1_RI2_TI2_R12__seed721204__it0000721,ts_b981a05c3bd9aad60817,CB1_CAUR_S_CF1_RI2_TI2_R12,NEW_ALNS_EXPANSION,S,CF1,0,PHASE6N_TOP4,False
CB1_CAUR_S_CF1_RI2_TI2_R12__seed721204__it0000721,ts_cdb9cfa7166af84c6148,CB1_CAUR_S_CF1_RI2_TI2_R12,NEW_ALNS_EXPANSION,S,CF1,0,PHASE6N_TOP4,False
CB1_CAUR_S_CF1_RI2_TI2_R12__seed721204__it0000721,ts_fdad53fe1d0b6bffcb26,CB1_CAUR_S_CF1_RI2_TI2_R12,NEW_ALNS_EXPANSION,S,CF1,0,CANONICAL_FALLBACK,True
CB1_CAUR_S_CF1_RI2_TI2_R12__seed721204__it0000808,ts_85ac3ada64a7128fe4e7,CB1_CAUR_S_CF1_RI2_TI2_R12,NEW_ALNS_EXPANSION,S,CF1,0,PHASE6N_TOP4,False
CB1_CAUR_S_CF1_RI2_TI2_R12__seed721204__it0000808,ts_8bf2710933413a8e25b2,CB1_CAUR_S_CF1_RI2_TI2_R12,NEW_ALNS_EXPANSION,S,CF1,0,PHASE6N_TOP4,False
CB1_CAUR_S_CF1_RI2_TI2_R12__seed721204__it0000808,ts_94009b839813e7622172,CB1_CAUR_S_CF1_RI2_TI2_R12,NEW_ALNS_EXPANSION,S,CF1,0,CANONICAL_FALLBACK,True
CB1_CAUR_S_CF1_RI2_TI2_R12__seed721204__it0000808,ts_cf863b353813cc9b0aef,CB1_CAUR_S_CF1_RI2_TI2_R12,NEW_ALNS_EXPANSION,S,CF1,0,PHASE6N_TOP4,False
CB1_CAUR_S_CF1_RI2_TI2_R12__seed721204__it0000808,ts_e9968b1cdf74aa940ab2,CB1_CAUR_S_CF1_RI2_TI2_R12,NEW_ALNS_EXPANSION,S,CF1,0,PHASE6N_TOP4,False
CB1_CAUR_S_CF2_RI2_TI2_R12_C02__seed691201__it0000014,ts_1300aca997b9859feea4,CB1_CAUR_S_CF2_RI2_TI2_R12_C02,ORIGINAL_PHASE6J_CAUR,S,CF2,1,PHASE6N_TOP4,False
CB1_CAUR_S_CF2_RI2_TI2_R12_C02__seed691201__it0000014,ts_31fc4f9acd7a749fe3c0,CB1_CAUR_S_CF2_RI2_TI2_R12_C02,ORIGINAL_PHASE6J_CAUR,S,CF2,1,PHASE6L_TOP4|PHASE6N_TOP4,False
CB1_CAUR_S_CF2_RI2_TI2_R12_C02__seed691201__it0000014,ts_5e005be9378e4d7e455a,CB1_CAUR_S_CF2_RI2_TI2_R12_C02,ORIGINAL_PHASE6J_CAUR,S,CF2,1,PHASE6N_TOP4,False
CB1_CAUR_S_CF2_RI2_TI2_R12_C02__seed691201__it0000014,ts_7ac21a8c7d95fa521699,CB1_CAUR_S_CF2_RI2_TI2_R12_C02,ORIGINAL_PHASE6J_CAUR,S,CF2,1,PHASE6L_TOP4,False
CB1_CAUR_S_CF2_RI2_TI2_R12_C02__seed691201__it0000014,ts_9d3011c56f1356205297,CB1_CAUR_S_CF2_RI2_TI2_R12_C02,ORIGINAL_PHASE6J_CAUR,S,CF2,1,PHASE6N_TOP4,False
CB1_CAUR_S_CF2_RI2_TI2_R12_C02__seed691201__it0000014,ts_a97b5c0afc3d3ba4afd1,CB1_CAUR_S_CF2_RI2_TI2_R12_C02,ORIGINAL_PHASE6J_CAUR,S,CF2,1,PHASE6L_TOP4,False
CB1_CAUR_S_CF2_RI2_TI2_R12_C02__seed691201__it0000014,ts_cc64d79ffe995b926f8f,CB1_CAUR_S_CF2_RI2_TI2_R12_C02,ORIGINAL_PHASE6J_CAUR,S,CF2,1,CANONICAL_FALLBACK,True
CB1_CAUR_S_CF2_RI2_TI2_R12_C02__seed691201__it0000014,ts_d69da396dc92aac69da6,CB1_CAUR_S_CF2_RI2_TI2_R12_C02,ORIGINAL_PHASE6J_CAUR,S,CF2,1,PHASE6L_TOP4,False
CB1_CAUR_S_CF2_RI2_TI2_R12_C02__seed691201__it0000054,ts_94f8a5e2d28bca4be270,CB1_CAUR_S_CF2_RI2_TI2_R12_C02,ORIGINAL_PHASE6J_CAUR,S,CF2,1,PHASE6L_TOP4|PHASE6N_TOP4,False
CB1_CAUR_S_CF2_RI2_TI2_R12_C02__seed691201__it0000054,ts_aeb44c662cbaaafcfeee,CB1_CAUR_S_CF2_RI2_TI2_R12_C02,ORIGINAL_PHASE6J_CAUR,S,CF2,1,PHASE6L_TOP4|PHASE6N_TOP4,False
CB1_CAUR_S_CF2_RI2_TI2_R12_C02__seed691201__it0000054,ts_c32eb5b316bacfd0526c,CB1_CAUR_S_CF2_RI2_TI2_R12_C02,ORIGINAL_PHASE6J_CAUR,S,CF2,1,PHASE6L_TOP4|PHASE6N_TOP4,False
CB1_CAUR_S_CF2_RI2_TI2_R12_C02__seed691201__it0000054,ts_f46d903ade97ed9289d6,CB1_CAUR_S_CF2_RI2_TI2_R12_C02,ORIGINAL_PHASE6J_CAUR,S,CF2,1,CANONICAL_FALLBACK,True
CB1_CAUR_S_CF2_RI2_TI2_R12_C02__seed691201__it0000054,ts_f938afad42a788035992,CB1_CAUR_S_CF2_RI2_TI2_R12_C02,ORIGINAL_PHASE6J_CAUR,S,CF2,1,PHASE6L_TOP4|PHASE6N_TOP4,False
CB1_CAUR_S_CF2_RI2_TI2_R12_C02__seed691201__it0000098,ts_0d0441e3dc0de484f098,CB1_CAUR_S_CF2_RI2_TI2_R12_C02,ORIGINAL_PHASE6J_CAUR,S,CF2,1,PHASE6N_TOP4,False
CB1_CAUR_S_CF2_RI2_TI2_R12_C02__seed691201__it0000098,ts_211edd36b21c5fd2ed2d,CB1_CAUR_S_CF2_RI2_TI2_R12_C02,ORIGINAL_PHASE6J_CAUR,S,CF2,1,PHASE6L_TOP4|PHASE6N_TOP4,False
CB1_CAUR_S_CF2_RI2_TI2_R12_C02__seed691201__it0000098,ts_5741f3f50ec1f8057e85,CB1_CAUR_S_CF2_RI2_TI2_R12_C02,ORIGINAL_PHASE6J_CAUR,S,CF2,1,PHASE6L_TOP4,False
CB1_CAUR_S_CF2_RI2_TI2_R12_C02__seed691201__it0000098,ts_66e2aa200e7d3c4e05be,CB1_CAUR_S_CF2_RI2_TI2_R12_C02,ORIGINAL_PHASE6J_CAUR,S,CF2,1,CANONICAL_FALLBACK|PHASE6L_TOP4,True
CB1_CAUR_S_CF2_RI2_TI2_R12_C02__seed691201__it0000098,ts_a8c072410dbe3efcfb0d,CB1_CAUR_S_CF2_RI2_TI2_R12_C02,ORIGINAL_PHASE6J_CAUR,S,CF2,1,PHASE6L_TOP4,False
CB1_CAUR_S_CF2_RI2_TI2_R12_C02__seed691201__it0000098,ts_b7f2ffd147707553b59d,CB1_CAUR_S_CF2_RI2_TI2_R12_C02,ORIGINAL_PHASE6J_CAUR,S,CF2,1,PHASE6N_TOP4,False
CB1_CAUR_S_CF2_RI2_TI2_R12_C02__seed691201__it0000098,ts_c458dc6c8fb64d2e2254,CB1_CAUR_S_CF2_RI2_TI2_R12_C02,ORIGINAL_PHASE6J_CAUR,S,CF2,1,PHASE6N_TOP4,False
CB1_CAUR_S_CF2_RI2_TI2_R12_C02__seed691201__it0000138,ts_1e52c66edf28f2e98d1c,CB1_CAUR_S_CF2_RI2_TI2_R12_C02,ORIGINAL_PHASE6J_CAUR,S,CF2,1,PHASE6L_TOP4,False
CB1_CAUR_S_CF2_RI2_TI2_R12_C02__seed691201__it0000138,ts_529abb5b1d7bace3d3e7,CB1_CAUR_S_CF2_RI2_TI2_R12_C02,ORIGINAL_PHASE6J_CAUR,S,CF2,1,CANONICAL_FALLBACK,True
CB1_CAUR_S_CF2_RI2_TI2_R12_C02__seed691201__it0000138,ts_843831bd52be32b07cf7,CB1_CAUR_S_CF2_RI2_TI2_R12_C02,ORIGINAL_PHASE6J_CAUR,S,CF2,1,PHASE6L_TOP4|PHASE6N_TOP4,False
CB1_CAUR_S_CF2_RI2_TI2_R12_C02__seed691201__it0000138,ts_918f0692ab7729491bd6,CB1_CAUR_S_CF2_RI2_TI2_R12_C02,ORIGINAL_PHASE6J_CAUR,S,CF2,1,PHASE6L_TOP4|PHASE6N_TOP4,False
CB1_CAUR_S_CF2_RI2_TI2_R12_C02__seed691201__it0000138,ts_bce307b6f6e204445390,CB1_CAUR_S_CF2_RI2_TI2_R12_C02,ORIGINAL_PHASE6J_CAUR,S,CF2,1,PHASE6L_TOP4|PHASE6N_TOP4,False
CB1_CAUR_S_CF2_RI2_TI2_R12_C02__seed691201__it0000138,ts_f68a08e9c8945c77d043,CB1_CAUR_S_CF2_RI2_TI2_R12_C02,ORIGINAL_PHASE6J_CAUR,S,CF2,1,PHASE6N_TOP4,False
CB1_CAUR_S_CF2_RI2_TI2_R12_C02__seed691201__it0000179,ts_02765ca6226f17081510,CB1_CAUR_S_CF2_RI2_TI2_R12_C02,ORIGINAL_PHASE6J_CAUR,S,CF2,1,CANONICAL_FALLBACK|PHASE6L_TOP4,True
CB1_CAUR_S_CF2_RI2_TI2_R12_C02__seed691201__it0000179,ts_3826dec94c248a800626,CB1_CAUR_S_CF2_RI2_TI2_R12_C02,ORIGINAL_PHASE6J_CAUR,S,CF2,1,PHASE6L_TOP4|PHASE6N_TOP4,False
CB1_CAUR_S_CF2_RI2_TI2_R12_C02__seed691201__it0000179,ts_42d51e11aca05085837f,CB1_CAUR_S_CF2_RI2_TI2_R12_C02,ORIGINAL_PHASE6J_CAUR,S,CF2,1,PHASE6N_TOP4,False
CB1_CAUR_S_CF2_RI2_TI2_R12_C02__seed691201__it0000179,ts_56c3844e28a1009d8c92,CB1_CAUR_S_CF2_RI2_TI2_R12_C02,ORIGINAL_PHASE6J_CAUR,S,CF2,1,PHASE6L_TOP4,False
CB1_CAUR_S_CF2_RI2_TI2_R12_C02__seed691201__it0000179,ts_60026a6201d4c715c7df,CB1_CAUR_S_CF2_RI2_TI2_R12_C02,ORIGINAL_PHASE6J_CAUR,S,CF2,1,PHASE6N_TOP4,False
CB1_CAUR_S_CF2_RI2_TI2_R12_C02__seed691201__it0000179,ts_a12fea3b58257f68fdca,CB1_CAUR_S_CF2_RI2_TI2_R12_C02,ORIGINAL_PHASE6J_CAUR,S,CF2,1,PHASE6L_TOP4|PHASE6N_TOP4,False
CB1_CAUR_S_CF2_RI2_TI2_R12_C02__seed691201__it0000222,ts_274d3edd2923078b2917,CB1_CAUR_S_CF2_RI2_TI2_R12_C02,ORIGINAL_PHASE6J_CAUR,S,CF2,1,PHASE6L_TOP4|PHASE6N_TOP4,False
CB1_CAUR_S_CF2_RI2_TI2_R12_C02__seed691201__it0000222,ts_3173a988678d4fe23b91,CB1_CAUR_S_CF2_RI2_TI2_R12_C02,ORIGINAL_PHASE6J_CAUR,S,CF2,1,PHASE6N_TOP4,False
CB1_CAUR_S_CF2_RI2_TI2_R12_C02__seed691201__it0000222,ts_4c90702ad86fab49e103,CB1_CAUR_S_CF2_RI2_TI2_R12_C02,ORIGINAL_PHASE6J_CAUR,S,CF2,1,PHASE6N_TOP4,False
CB1_CAUR_S_CF2_RI2_TI2_R12_C02__seed691201__it0000222,ts_580cbc5fd28d92ab91f6,CB1_CAUR_S_CF2_RI2_TI2_R12_C02,ORIGINAL_PHASE6J_CAUR,S,CF2,1,CANONICAL_FALLBACK|PHASE6L_TOP4|PHASE6N_TOP4,True
CB1_CAUR_S_CF2_RI2_TI2_R12_C02__seed691201__it0000222,ts_c7a88f0dae0749b27c05,CB1_CAUR_S_CF2_RI2_TI2_R12_C02,ORIGINAL_PHASE6J_CAUR,S,CF2,1,PHASE6L_TOP4,False
CB1_CAUR_S_CF2_RI2_TI2_R12_C02__seed691201__it0000222,ts_df116f97f1371d432edd,CB1_CAUR_S_CF2_RI2_TI2_R12_C02,ORIGINAL_PHASE6J_CAUR,S,CF2,1,PHASE6L_TOP4,False
CB1_CAUR_S_CF2_RI2_TI2_R12_C02__seed691201__it0000262,ts_1528065cf7450b54e17b,CB1_CAUR_S_CF2_RI2_TI2_R12_C02,ORIGINAL_PHASE6J_CAUR,S,CF2,1,PHASE6L_TOP4,False
CB1_CAUR_S_CF2_RI2_TI2_R12_C02__seed691201__it0000262,ts_1614b0fff857cf4a706f,CB1_CAUR_S_CF2_RI2_TI2_R12_C02,ORIGINAL_PHASE6J_CAUR,S,CF2,1,PHASE6L_TOP4|PHASE6N_TOP4,False
CB1_CAUR_S_CF2_RI2_TI2_R12_C02__seed691201__it0000262,ts_3b9365546dac3feb8112,CB1_CAUR_S_CF2_RI2_TI2_R12_C02,ORIGINAL_PHASE6J_CAUR,S,CF2,1,PHASE6L_TOP4|PHASE6N_TOP4,False
CB1_CAUR_S_CF2_RI2_TI2_R12_C02__seed691201__it0000262,ts_408be7014a14e6b5c6cd,CB1_CAUR_S_CF2_RI2_TI2_R12_C02,ORIGINAL_PHASE6J_CAUR,S,CF2,1,CANONICAL_FALLBACK,True
CB1_CAUR_S_CF2_RI2_TI2_R12_C02__seed691201__it0000262,ts_5112c92af171963695eb,CB1_CAUR_S_CF2_RI2_TI2_R12_C02,ORIGINAL_PHASE6J_CAUR,S,CF2,1,PHASE6L_TOP4|PHASE6N_TOP4,False
CB1_CAUR_S_CF2_RI2_TI2_R12_C02__seed691201__it0000262,ts_678edab81b16fdda3f6e,CB1_CAUR_S_CF2_RI2_TI2_R12_C02,ORIGINAL_PHASE6J_CAUR,S,CF2,1,PHASE6N_TOP4,False
CB1_CAUR_S_CF2_RI2_TI2_R12_C02__seed691201__it0000294,ts_15102b7d9398aad2dd4d,CB1_CAUR_S_CF2_RI2_TI2_R12_C02,ORIGINAL_PHASE6J_CAUR,S,CF2,1,PHASE6L_TOP4,False
CB1_CAUR_S_CF2_RI2_TI2_R12_C02__seed691201__it0000294,ts_1e6b36472e28fabf001f,CB1_CAUR_S_CF2_RI2_TI2_R12_C02,ORIGINAL_PHASE6J_CAUR,S,CF2,1,PHASE6L_TOP4|PHASE6N_TOP4,False
CB1_CAUR_S_CF2_RI2_TI2_R12_C02__seed691201__it0000294,ts_329915997e03f792e659,CB1_CAUR_S_CF2_RI2_TI2_R12_C02,ORIGINAL_PHASE6J_CAUR,S,CF2,1,CANONICAL_FALLBACK,True
CB1_CAUR_S_CF2_RI2_TI2_R12_C02__seed691201__it0000294,ts_49e0feb3eab93e800531,CB1_CAUR_S_CF2_RI2_TI2_R12_C02,ORIGINAL_PHASE6J_CAUR,S,CF2,1,PHASE6N_TOP4,False
CB1_CAUR_S_CF2_RI2_TI2_R12_C02__seed691201__it0000294,ts_5540e0f85140dd3eb2b4,CB1_CAUR_S_CF2_RI2_TI2_R12_C02,ORIGINAL_PHASE6J_CAUR,S,CF2,1,PHASE6N_TOP4,False
CB1_CAUR_S_CF2_RI2_TI2_R12_C02__seed691201__it0000294,ts_8c161dacb541580fac42,CB1_CAUR_S_CF2_RI2_TI2_R12_C02,ORIGINAL_PHASE6J_CAUR,S,CF2,1,PHASE6L_TOP4,False
CB1_CAUR_S_CF2_RI2_TI2_R12_C02__seed691201__it0000294,ts_fcffb1cf6fac26ceef49,CB1_CAUR_S_CF2_RI2_TI2_R12_C02,ORIGINAL_PHASE6J_CAUR,S,CF2,1,PHASE6L_TOP4|PHASE6N_TOP4,False
CB1_CAUR_S_CF2_RI2_TI2_R12_C02__seed691202__it0000015,ts_04a16fc8e76d6ad3d167,CB1_CAUR_S_CF2_RI2_TI2_R12_C02,ORIGINAL_PHASE6J_CAUR,S,CF2,1,PHASE6N_TOP4,False
CB1_CAUR_S_CF2_RI2_TI2_R12_C02__seed691202__it0000015,ts_93a9b50740db418f6cde,CB1_CAUR_S_CF2_RI2_TI2_R12_C02,ORIGINAL_PHASE6J_CAUR,S,CF2,1,CANONICAL_FALLBACK,True
CB1_CAUR_S_CF2_RI2_TI2_R12_C02__seed691202__it0000015,ts_ae83ca2b8d17cfbf2f30,CB1_CAUR_S_CF2_RI2_TI2_R12_C02,ORIGINAL_PHASE6J_CAUR,S,CF2,1,PHASE6L_TOP4|PHASE6N_TOP4,False
CB1_CAUR_S_CF2_RI2_TI2_R12_C02__seed691202__it0000015,ts_f3a9a8e074355e0e2707,CB1_CAUR_S_CF2_RI2_TI2_R12_C02,ORIGINAL_PHASE6J_CAUR,S,CF2,1,PHASE6L_TOP4,False
CB1_CAUR_S_CF2_RI2_TI2_R12_C02__seed691202__it0000015,ts_f728ae0e87bfacba5432,CB1_CAUR_S_CF2_RI2_TI2_R12_C02,ORIGINAL_PHASE6J_CAUR,S,CF2,1,PHASE6N_TOP4,False
CB1_CAUR_S_CF2_RI2_TI2_R12_C02__seed691202__it0000015,ts_f8efe0ff00bde7e689c9,CB1_CAUR_S_CF2_RI2_TI2_R12_C02,ORIGINAL_PHASE6J_CAUR,S,CF2,1,PHASE6N_TOP4,False
CB1_CAUR_S_CF2_RI2_TI2_R12_C02__seed691202__it0000015,ts_faa5cc61345b25d22703,CB1_CAUR_S_CF2_RI2_TI2_R12_C02,ORIGINAL_PHASE6J_CAUR,S,CF2,1,PHASE6L_TOP4,False
CB1_CAUR_S_CF2_RI2_TI2_R12_C02__seed691202__it0000015,ts_fd7c36b925f762aa8af7,CB1_CAUR_S_CF2_RI2_TI2_R12_C02,ORIGINAL_PHASE6J_CAUR,S,CF2,1,PHASE6L_TOP4,False
CB1_CAUR_S_CF2_RI2_TI2_R12_C02__seed691202__it0000055,ts_4ff4d4d00eb7aa21fe8b,CB1_CAUR_S_CF2_RI2_TI2_R12_C02,ORIGINAL_PHASE6J_CAUR,S,CF2,1,PHASE6N_TOP4,False
CB1_CAUR_S_CF2_RI2_TI2_R12_C02__seed691202__it0000055,ts_66c32a9dd2322f884bcf,CB1_CAUR_S_CF2_RI2_TI2_R12_C02,ORIGINAL_PHASE6J_CAUR,S,CF2,1,PHASE6L_TOP4|PHASE6N_TOP4,False
CB1_CAUR_S_CF2_RI2_TI2_R12_C02__seed691202__it0000055,ts_964d24f1c4d1af55cd4f,CB1_CAUR_S_CF2_RI2_TI2_R12_C02,ORIGINAL_PHASE6J_CAUR,S,CF2,1,PHASE6L_TOP4|PHASE6N_TOP4,False
CB1_CAUR_S_CF2_RI2_TI2_R12_C02__seed691202__it0000055,ts_9a348d804b83d4239a6f,CB1_CAUR_S_CF2_RI2_TI2_R12_C02,ORIGINAL_PHASE6J_CAUR,S,CF2,1,CANONICAL_FALLBACK|PHASE6L_TOP4|PHASE6N_TOP4,True
CB1_CAUR_S_CF2_RI2_TI2_R12_C02__seed691202__it0000055,ts_b4863dba9fee4c67b913,CB1_CAUR_S_CF2_RI2_TI2_R12_C02,ORIGINAL_PHASE6J_CAUR,S,CF2,1,PHASE6L_TOP4,False
CB1_CAUR_S_CF2_RI2_TI2_R12_C02__seed691202__it0000098,ts_0335de46156a56e353ea,CB1_CAUR_S_CF2_RI2_TI2_R12_C02,ORIGINAL_PHASE6J_CAUR,S,CF2,1,PHASE6N_TOP4,False
CB1_CAUR_S_CF2_RI2_TI2_R12_C02__seed691202__it0000098,ts_478d7a90f1ea14bcda04,CB1_CAUR_S_CF2_RI2_TI2_R12_C02,ORIGINAL_PHASE6J_CAUR,S,CF2,1,PHASE6N_TOP4,False
CB1_CAUR_S_CF2_RI2_TI2_R12_C02__seed691202__it0000098,ts_5f8215662ac4bd3ee108,CB1_CAUR_S_CF2_RI2_TI2_R12_C02,ORIGINAL_PHASE6J_CAUR,S,CF2,1,PHASE6L_TOP4,False
CB1_CAUR_S_CF2_RI2_TI2_R12_C02__seed691202__it0000098,ts_77d23e3dcc35ddb4b173,CB1_CAUR_S_CF2_RI2_TI2_R12_C02,ORIGINAL_PHASE6J_CAUR,S,CF2,1,PHASE6L_TOP4,False
CB1_CAUR_S_CF2_RI2_TI2_R12_C02__seed691202__it0000098,ts_806c682cbefa01908387,CB1_CAUR_S_CF2_RI2_TI2_R12_C02,ORIGINAL_PHASE6J_CAUR,S,CF2,1,PHASE6L_TOP4|PHASE6N_TOP4,False
CB1_CAUR_S_CF2_RI2_TI2_R12_C02__seed691202__it0000098,ts_95f565684f6001cb8d6c,CB1_CAUR_S_CF2_RI2_TI2_R12_C02,ORIGINAL_PHASE6J_CAUR,S,CF2,1,CANONICAL_FALLBACK|PHASE6N_TOP4,True
CB1_CAUR_S_CF2_RI2_TI2_R12_C02__seed691202__it0000098,ts_c201b137a9aa0d7b3eea,CB1_CAUR_S_CF2_RI2_TI2_R12_C02,ORIGINAL_PHASE6J_CAUR,S,CF2,1,PHASE6L_TOP4,False
CB1_CAUR_S_CF2_RI2_TI2_R12_C02__seed691202__it0000138,ts_00bba281dd00491f25bc,CB1_CAUR_S_CF2_RI2_TI2_R12_C02,ORIGINAL_PHASE6J_CAUR,S,CF2,1,PHASE6N_TOP4,False
CB1_CAUR_S_CF2_RI2_TI2_R12_C02__seed691202__it0000138,ts_19357508bd2f6ea94414,CB1_CAUR_S_CF2_RI2_TI2_R12_C02,ORIGINAL_PHASE6J_CAUR,S,CF2,1,PHASE6L_TOP4|PHASE6N_TOP4,False
CB1_CAUR_S_CF2_RI2_TI2_R12_C02__seed691202__it0000138,ts_3e17330d108abf71f108,CB1_CAUR_S_CF2_RI2_TI2_R12_C02,ORIGINAL_PHASE6J_CAUR,S,CF2,1,PHASE6L_TOP4|PHASE6N_TOP4,False
CB1_CAUR_S_CF2_RI2_TI2_R12_C02__seed691202__it0000138,ts_71252aea7559a46246ba,CB1_CAUR_S_CF2_RI2_TI2_R12_C02,ORIGINAL_PHASE6J_CAUR,S,CF2,1,PHASE6L_TOP4,False
CB1_CAUR_S_CF2_RI2_TI2_R12_C02__seed691202__it0000138,ts_9603ee2c9b240b675314,CB1_CAUR_S_CF2_RI2_TI2_R12_C02,ORIGINAL_PHASE6J_CAUR,S,CF2,1,PHASE6N_TOP4,False
CB1_CAUR_S_CF2_RI2_TI2_R12_C02__seed691202__it0000138,ts_a7e970bd64721b076d03,CB1_CAUR_S_CF2_RI2_TI2_R12_C02,ORIGINAL_PHASE6J_CAUR,S,CF2,1,CANONICAL_FALLBACK,True
CB1_CAUR_S_CF2_RI2_TI2_R12_C02__seed691202__it0000138,ts_e84f0a207cd39bdf3340,CB1_CAUR_S_CF2_RI2_TI2_R12_C02,ORIGINAL_PHASE6J_CAUR,S,CF2,1,PHASE6L_TOP4,False
CB1_CAUR_S_CF2_RI2_TI2_R12_C02__seed691202__it0000178,ts_2ff5a2fbe64ebfa1f43e,CB1_CAUR_S_CF2_RI2_TI2_R12_C02,ORIGINAL_PHASE6J_CAUR,S,CF2,1,PHASE6L_TOP4,False
CB1_CAUR_S_CF2_RI2_TI2_R12_C02__seed691202__it0000178,ts_418c34520eb63ab8d0a3,CB1_CAUR_S_CF2_RI2_TI2_R12_C02,ORIGINAL_PHASE6J_CAUR,S,CF2,1,PHASE6L_TOP4|PHASE6N_TOP4,False
CB1_CAUR_S_CF2_RI2_TI2_R12_C02__seed691202__it0000178,ts_5032a1ab00c4676f5d15,CB1_CAUR_S_CF2_RI2_TI2_R12_C02,ORIGINAL_PHASE6J_CAUR,S,CF2,1,PHASE6N_TOP4,False
CB1_CAUR_S_CF2_RI2_TI2_R12_C02__seed691202__it0000178,ts_56291c213692b360195e,CB1_CAUR_S_CF2_RI2_TI2_R12_C02,ORIGINAL_PHASE6J_CAUR,S,CF2,1,PHASE6N_TOP4,False
CB1_CAUR_S_CF2_RI2_TI2_R12_C02__seed691202__it0000178,ts_c0c65514af3202f5a458,CB1_CAUR_S_CF2_RI2_TI2_R12_C02,ORIGINAL_PHASE6J_CAUR,S,CF2,1,CANONICAL_FALLBACK,True
CB1_CAUR_S_CF2_RI2_TI2_R12_C02__seed691202__it0000178,ts_e0669f87a27646b2d4c7,CB1_CAUR_S_CF2_RI2_TI2_R12_C02,ORIGINAL_PHASE6J_CAUR,S,CF2,1,PHASE6L_TOP4,False
CB1_CAUR_S_CF2_RI2_TI2_R12_C02__seed691202__it0000178,ts_f793a535e967f8eb12e1,CB1_CAUR_S_CF2_RI2_TI2_R12_C02,ORIGINAL_PHASE6J_CAUR,S,CF2,1,PHASE6L_TOP4|PHASE6N_TOP4,False
CB1_CAUR_S_CF2_RI2_TI2_R12_C02__seed691202__it0000221,ts_0448072a9fdb570a1d3b,CB1_CAUR_S_CF2_RI2_TI2_R12_C02,ORIGINAL_PHASE6J_CAUR,S,CF2,1,PHASE6N_TOP4,False
CB1_CAUR_S_CF2_RI2_TI2_R12_C02__seed691202__it0000221,ts_33c8193eab65a480c3f2,CB1_CAUR_S_CF2_RI2_TI2_R12_C02,ORIGINAL_PHASE6J_CAUR,S,CF2,1,PHASE6N_TOP4,False
CB1_CAUR_S_CF2_RI2_TI2_R12_C02__seed691202__it0000221,ts_36e1c65ee1b2c3cc3237,CB1_CAUR_S_CF2_RI2_TI2_R12_C02,ORIGINAL_PHASE6J_CAUR,S,CF2,1,PHASE6N_TOP4,False
CB1_CAUR_S_CF2_RI2_TI2_R12_C02__seed691202__it0000221,ts_473ccaaaa5262741307a,CB1_CAUR_S_CF2_RI2_TI2_R12_C02,ORIGINAL_PHASE6J_CAUR,S,CF2,1,PHASE6L_TOP4,False
CB1_CAUR_S_CF2_RI2_TI2_R12_C02__seed691202__it0000221,ts_5aa784930e9065f953eb,CB1_CAUR_S_CF2_RI2_TI2_R12_C02,ORIGINAL_PHASE6J_CAUR,S,CF2,1,PHASE6N_TOP4,False
CB1_CAUR_S_CF2_RI2_TI2_R12_C02__seed691202__it0000221,ts_7b2ddc1f8ff733529028,CB1_CAUR_S_CF2_RI2_TI2_R12_C02,ORIGINAL_PHASE6J_CAUR,S,CF2,1,PHASE6L_TOP4,False
CB1_CAUR_S_CF2_RI2_TI2_R12_C02__seed691202__it0000221,ts_7f9b99939a9863a19bdb,CB1_CAUR_S_CF2_RI2_TI2_R12_C02,ORIGINAL_PHASE6J_CAUR,S,CF2,1,PHASE6L_TOP4,False
CB1_CAUR_S_CF2_RI2_TI2_R12_C02__seed691202__it0000221,ts_81de146451e8a45d8c43,CB1_CAUR_S_CF2_RI2_TI2_R12_C02,ORIGINAL_PHASE6J_CAUR,S,CF2,1,CANONICAL_FALLBACK|PHASE6L_TOP4,True
CB1_CAUR_S_CF2_RI2_TI2_R12_C02__seed691202__it0000261,ts_0306271bb24e8e76bcbd,CB1_CAUR_S_CF2_RI2_TI2_R12_C02,ORIGINAL_PHASE6J_CAUR,S,CF2,1,PHASE6L_TOP4,False
CB1_CAUR_S_CF2_RI2_TI2_R12_C02__seed691202__it0000261,ts_2822f5304ba8fd8f69d0,CB1_CAUR_S_CF2_RI2_TI2_R12_C02,ORIGINAL_PHASE6J_CAUR,S,CF2,1,PHASE6N_TOP4,False
CB1_CAUR_S_CF2_RI2_TI2_R12_C02__seed691202__it0000261,ts_347b3b636f5dd4feb184,CB1_CAUR_S_CF2_RI2_TI2_R12_C02,ORIGINAL_PHASE6J_CAUR,S,CF2,1,PHASE6L_TOP4,False
CB1_CAUR_S_CF2_RI2_TI2_R12_C02__seed691202__it0000261,ts_d5ab4f57cb0d6ad34799,CB1_CAUR_S_CF2_RI2_TI2_R12_C02,ORIGINAL_PHASE6J_CAUR,S,CF2,1,PHASE6L_TOP4,False
CB1_CAUR_S_CF2_RI2_TI2_R12_C02__seed691202__it0000261,ts_d88eba82c5b4bb052c8e,CB1_CAUR_S_CF2_RI2_TI2_R12_C02,ORIGINAL_PHASE6J_CAUR,S,CF2,1,PHASE6N_TOP4,False
CB1_CAUR_S_CF2_RI2_TI2_R12_C02__seed691202__it0000261,ts_e2e2ff0cfa6270e484de,CB1_CAUR_S_CF2_RI2_TI2_R12_C02,ORIGINAL_PHASE6J_CAUR,S,CF2,1,PHASE6L_TOP4,False
CB1_CAUR_S_CF2_RI2_TI2_R12_C02__seed691202__it0000261,ts_e862e19b796af7df64a8,CB1_CAUR_S_CF2_RI2_TI2_R12_C02,ORIGINAL_PHASE6J_CAUR,S,CF2,1,PHASE6N_TOP4,False
CB1_CAUR_S_CF2_RI2_TI2_R12_C02__seed691202__it0000261,ts_f021f805735d7e2d3ed8,CB1_CAUR_S_CF2_RI2_TI2_R12_C02,ORIGINAL_PHASE6J_CAUR,S,CF2,1,CANONICAL_FALLBACK,True
CB1_CAUR_S_CF2_RI2_TI2_R12_C02__seed691202__it0000261,ts_ff39a03399d1e7dab61d,CB1_CAUR_S_CF2_RI2_TI2_R12_C02,ORIGINAL_PHASE6J_CAUR,S,CF2,1,PHASE6N_TOP4,False
CB1_CAUR_S_CF2_RI2_TI2_R12_C02__seed691202__it0000293,ts_15b8d2e9246226cbde3c,CB1_CAUR_S_CF2_RI2_TI2_R12_C02,ORIGINAL_PHASE6J_CAUR,S,CF2,1,PHASE6L_TOP4,False
CB1_CAUR_S_CF2_RI2_TI2_R12_C02__seed691202__it0000293,ts_37e0776a702f2f3411d2,CB1_CAUR_S_CF2_RI2_TI2_R12_C02,ORIGINAL_PHASE6J_CAUR,S,CF2,1,PHASE6N_TOP4,False
CB1_CAUR_S_CF2_RI2_TI2_R12_C02__seed691202__it0000293,ts_6b3688795e4efdcfd462,CB1_CAUR_S_CF2_RI2_TI2_R12_C02,ORIGINAL_PHASE6J_CAUR,S,CF2,1,PHASE6L_TOP4|PHASE6N_TOP4,False
CB1_CAUR_S_CF2_RI2_TI2_R12_C02__seed691202__it0000293,ts_86d309d21a5b81eae68c,CB1_CAUR_S_CF2_RI2_TI2_R12_C02,ORIGINAL_PHASE6J_CAUR,S,CF2,1,CANONICAL_FALLBACK,True
CB1_CAUR_S_CF2_RI2_TI2_R12_C02__seed691202__it0000293,ts_b04c2f94e36c4ade7a63,CB1_CAUR_S_CF2_RI2_TI2_R12_C02,ORIGINAL_PHASE6J_CAUR,S,CF2,1,PHASE6L_TOP4|PHASE6N_TOP4,False
CB1_CAUR_S_CF2_RI2_TI2_R12_C02__seed691202__it0000293,ts_b4fec0711660b98c8432,CB1_CAUR_S_CF2_RI2_TI2_R12_C02,ORIGINAL_PHASE6J_CAUR,S,CF2,1,PHASE6N_TOP4,False
CB1_CAUR_S_CF2_RI2_TI2_R12_C02__seed691202__it0000293,ts_e85562d8c8def6f7ace6,CB1_CAUR_S_CF2_RI2_TI2_R12_C02,ORIGINAL_PHASE6J_CAUR,S,CF2,1,PHASE6L_TOP4,False
CB1_CAUR_S_CF2_RI2_TI2_R12_C02__seed721201__it0000039,ts_06d357939295677df74d,CB1_CAUR_S_CF2_RI2_TI2_R12_C02,NEW_ALNS_EXPANSION,S,CF2,1,PHASE6N_TOP4,False
CB1_CAUR_S_CF2_RI2_TI2_R12_C02__seed721201__it0000039,ts_17138e05d3f991958af3,CB1_CAUR_S_CF2_RI2_TI2_R12_C02,NEW_ALNS_EXPANSION,S,CF2,1,CANONICAL_FALLBACK,True
CB1_CAUR_S_CF2_RI2_TI2_R12_C02__seed721201__it0000039,ts_7cc7efe51a10020eaf93,CB1_CAUR_S_CF2_RI2_TI2_R12_C02,NEW_ALNS_EXPANSION,S,CF2,1,PHASE6N_TOP4,False
CB1_CAUR_S_CF2_RI2_TI2_R12_C02__seed721201__it0000039,ts_ac81e993d4d9cd8c36dc,CB1_CAUR_S_CF2_RI2_TI2_R12_C02,NEW_ALNS_EXPANSION,S,CF2,1,PHASE6N_TOP4,False
CB1_CAUR_S_CF2_RI2_TI2_R12_C02__seed721201__it0000039,ts_cb524db592ca0a855050,CB1_CAUR_S_CF2_RI2_TI2_R12_C02,NEW_ALNS_EXPANSION,S,CF2,1,PHASE6N_TOP4,False
CB1_CAUR_S_CF2_RI2_TI2_R12_C02__seed721201__it0000148,ts_317d57e4b8af88b1a9fa,CB1_CAUR_S_CF2_RI2_TI2_R12_C02,NEW_ALNS_EXPANSION,S,CF2,1,PHASE6N_TOP4,False
CB1_CAUR_S_CF2_RI2_TI2_R12_C02__seed721201__it0000148,ts_aeb18318f7ec0a77c649,CB1_CAUR_S_CF2_RI2_TI2_R12_C02,NEW_ALNS_EXPANSION,S,CF2,1,CANONICAL_FALLBACK,True
CB1_CAUR_S_CF2_RI2_TI2_R12_C02__seed721201__it0000148,ts_c4f0efa2969343c47e0f,CB1_CAUR_S_CF2_RI2_TI2_R12_C02,NEW_ALNS_EXPANSION,S,CF2,1,PHASE6N_TOP4,False
CB1_CAUR_S_CF2_RI2_TI2_R12_C02__seed721201__it0000148,ts_c6e3c19e44148b1767b5,CB1_CAUR_S_CF2_RI2_TI2_R12_C02,NEW_ALNS_EXPANSION,S,CF2,1,PHASE6N_TOP4,False
CB1_CAUR_S_CF2_RI2_TI2_R12_C02__seed721201__it0000148,ts_da72115492a512f119dc,CB1_CAUR_S_CF2_RI2_TI2_R12_C02,NEW_ALNS_EXPANSION,S,CF2,1,PHASE6N_TOP4,False
CB1_CAUR_S_CF2_RI2_TI2_R12_C02__seed721201__it0000265,ts_24449efa8bc10abf1472,CB1_CAUR_S_CF2_RI2_TI2_R12_C02,NEW_ALNS_EXPANSION,S,CF2,1,PHASE6N_TOP4,False
CB1_CAUR_S_CF2_RI2_TI2_R12_C02__seed721201__it0000265,ts_557fae760a8ce9072bd6,CB1_CAUR_S_CF2_RI2_TI2_R12_C02,NEW_ALNS_EXPANSION,S,CF2,1,PHASE6N_TOP4,False
CB1_CAUR_S_CF2_RI2_TI2_R12_C02__seed721201__it0000265,ts_614ee325a6d426ebfcc6,CB1_CAUR_S_CF2_RI2_TI2_R12_C02,NEW_ALNS_EXPANSION,S,CF2,1,PHASE6N_TOP4,False
CB1_CAUR_S_CF2_RI2_TI2_R12_C02__seed721201__it0000265,ts_e433058de3aeb7f65f3f,CB1_CAUR_S_CF2_RI2_TI2_R12_C02,NEW_ALNS_EXPANSION,S,CF2,1,PHASE6N_TOP4,False
CB1_CAUR_S_CF2_RI2_TI2_R12_C02__seed721201__it0000265,ts_fb5596c6353fcf3fa1a8,CB1_CAUR_S_CF2_RI2_TI2_R12_C02,NEW_ALNS_EXPANSION,S,CF2,1,CANONICAL_FALLBACK,True
CB1_CAUR_S_CF2_RI2_TI2_R12_C02__seed721201__it0000376,ts_04ec1c6e61f9dcad3360,CB1_CAUR_S_CF2_RI2_TI2_R12_C02,NEW_ALNS_EXPANSION,S,CF2,1,PHASE6N_TOP4,False
CB1_CAUR_S_CF2_RI2_TI2_R12_C02__seed721201__it0000376,ts_2deaa501660b1ef142fa,CB1_CAUR_S_CF2_RI2_TI2_R12_C02,NEW_ALNS_EXPANSION,S,CF2,1,PHASE6N_TOP4,False
CB1_CAUR_S_CF2_RI2_TI2_R12_C02__seed721201__it0000376,ts_35ca9978d48a8aa0e09c,CB1_CAUR_S_CF2_RI2_TI2_R12_C02,NEW_ALNS_EXPANSION,S,CF2,1,CANONICAL_FALLBACK,True
CB1_CAUR_S_CF2_RI2_TI2_R12_C02__seed721201__it0000376,ts_74da69842ad560bfa474,CB1_CAUR_S_CF2_RI2_TI2_R12_C02,NEW_ALNS_EXPANSION,S,CF2,1,PHASE6N_TOP4,False
CB1_CAUR_S_CF2_RI2_TI2_R12_C02__seed721201__it0000376,ts_f8224659256285ff30c3,CB1_CAUR_S_CF2_RI2_TI2_R12_C02,NEW_ALNS_EXPANSION,S,CF2,1,PHASE6N_TOP4,False
CB1_CAUR_S_CF2_RI2_TI2_R12_C02__seed721201__it0000488,ts_423ec9f7d9175c73c2de,CB1_CAUR_S_CF2_RI2_TI2_R12_C02,NEW_ALNS_EXPANSION,S,CF2,1,PHASE6N_TOP4,False
CB1_CAUR_S_CF2_RI2_TI2_R12_C02__seed721201__it0000488,ts_47ecb6d9627b1d2c84a2,CB1_CAUR_S_CF2_RI2_TI2_R12_C02,NEW_ALNS_EXPANSION,S,CF2,1,PHASE6N_TOP4,False
CB1_CAUR_S_CF2_RI2_TI2_R12_C02__seed721201__it0000488,ts_5fafd69193f01b82b77c,CB1_CAUR_S_CF2_RI2_TI2_R12_C02,NEW_ALNS_EXPANSION,S,CF2,1,CANONICAL_FALLBACK,True
CB1_CAUR_S_CF2_RI2_TI2_R12_C02__seed721201__it0000488,ts_d0d0b39d7736c8129017,CB1_CAUR_S_CF2_RI2_TI2_R12_C02,NEW_ALNS_EXPANSION,S,CF2,1,PHASE6N_TOP4,False
CB1_CAUR_S_CF2_RI2_TI2_R12_C02__seed721201__it0000488,ts_dc5c3ffae1db016bf4fa,CB1_CAUR_S_CF2_RI2_TI2_R12_C02,NEW_ALNS_EXPANSION,S,CF2,1,PHASE6N_TOP4,False
CB1_CAUR_S_CF2_RI2_TI2_R12_C02__seed721201__it0000605,ts_1f18d1c06e988499619c,CB1_CAUR_S_CF2_RI2_TI2_R12_C02,NEW_ALNS_EXPANSION,S,CF2,1,PHASE6N_TOP4,False
CB1_CAUR_S_CF2_RI2_TI2_R12_C02__seed721201__it0000605,ts_2625b7c19f5357a6c161,CB1_CAUR_S_CF2_RI2_TI2_R12_C02,NEW_ALNS_EXPANSION,S,CF2,1,PHASE6N_TOP4,False
CB1_CAUR_S_CF2_RI2_TI2_R12_C02__seed721201__it0000605,ts_78c45da64cff6c928c38,CB1_CAUR_S_CF2_RI2_TI2_R12_C02,NEW_ALNS_EXPANSION,S,CF2,1,CANONICAL_FALLBACK,True
CB1_CAUR_S_CF2_RI2_TI2_R12_C02__seed721201__it0000605,ts_a123308aa36e15ef6e71,CB1_CAUR_S_CF2_RI2_TI2_R12_C02,NEW_ALNS_EXPANSION,S,CF2,1,PHASE6N_TOP4,False
CB1_CAUR_S_CF2_RI2_TI2_R12_C02__seed721201__it0000605,ts_d836a34034c6c266f101,CB1_CAUR_S_CF2_RI2_TI2_R12_C02,NEW_ALNS_EXPANSION,S,CF2,1,PHASE6N_TOP4,False
CB1_CAUR_S_CF2_RI2_TI2_R12_C02__seed721201__it0000715,ts_468d28c268055f467527,CB1_CAUR_S_CF2_RI2_TI2_R12_C02,NEW_ALNS_EXPANSION,S,CF2,1,PHASE6N_TOP4,False
CB1_CAUR_S_CF2_RI2_TI2_R12_C02__seed721201__it0000715,ts_751206506650d3224e29,CB1_CAUR_S_CF2_RI2_TI2_R12_C02,NEW_ALNS_EXPANSION,S,CF2,1,CANONICAL_FALLBACK,True
CB1_CAUR_S_CF2_RI2_TI2_R12_C02__seed721201__it0000715,ts_8ed2d1a3301e400e2145,CB1_CAUR_S_CF2_RI2_TI2_R12_C02,NEW_ALNS_EXPANSION,S,CF2,1,PHASE6N_TOP4,False
CB1_CAUR_S_CF2_RI2_TI2_R12_C02__seed721201__it0000715,ts_9e7d434727a4411d34d4,CB1_CAUR_S_CF2_RI2_TI2_R12_C02,NEW_ALNS_EXPANSION,S,CF2,1,PHASE6N_TOP4,False
CB1_CAUR_S_CF2_RI2_TI2_R12_C02__seed721201__it0000715,ts_bc51000785d0b340973a,CB1_CAUR_S_CF2_RI2_TI2_R12_C02,NEW_ALNS_EXPANSION,S,CF2,1,PHASE6N_TOP4,False
CB1_CAUR_S_CF2_RI2_TI2_R12_C02__seed721201__it0000798,ts_05f3ab5063570188cbcf,CB1_CAUR_S_CF2_RI2_TI2_R12_C02,NEW_ALNS_EXPANSION,S,CF2,1,PHASE6N_TOP4,False
CB1_CAUR_S_CF2_RI2_TI2_R12_C02__seed721201__it0000798,ts_4d8be7c4807e46c90654,CB1_CAUR_S_CF2_RI2_TI2_R12_C02,NEW_ALNS_EXPANSION,S,CF2,1,PHASE6N_TOP4,False
CB1_CAUR_S_CF2_RI2_TI2_R12_C02__seed721201__it0000798,ts_6d17f2eff5c654ccf7d8,CB1_CAUR_S_CF2_RI2_TI2_R12_C02,NEW_ALNS_EXPANSION,S,CF2,1,PHASE6N_TOP4,False
CB1_CAUR_S_CF2_RI2_TI2_R12_C02__seed721201__it0000798,ts_e27f0e479f1533d140d0,CB1_CAUR_S_CF2_RI2_TI2_R12_C02,NEW_ALNS_EXPANSION,S,CF2,1,PHASE6N_TOP4,False
CB1_CAUR_S_CF2_RI2_TI2_R12_C02__seed721201__it0000798,ts_f708f0c790f419153db9,CB1_CAUR_S_CF2_RI2_TI2_R12_C02,NEW_ALNS_EXPANSION,S,CF2,1,CANONICAL_FALLBACK,True
CB1_CAUR_S_CF2_RI2_TI2_R12_C02__seed721202__it0000040,ts_2b7cb0d9166a5a2f0b31,CB1_CAUR_S_CF2_RI2_TI2_R12_C02,NEW_ALNS_EXPANSION,S,CF2,1,PHASE6N_TOP4,False
CB1_CAUR_S_CF2_RI2_TI2_R12_C02__seed721202__it0000040,ts_784fa0a4410feaa84f1d,CB1_CAUR_S_CF2_RI2_TI2_R12_C02,NEW_ALNS_EXPANSION,S,CF2,1,CANONICAL_FALLBACK|PHASE6N_TOP4,True
CB1_CAUR_S_CF2_RI2_TI2_R12_C02__seed721202__it0000040,ts_89595ba3b38696c9978c,CB1_CAUR_S_CF2_RI2_TI2_R12_C02,NEW_ALNS_EXPANSION,S,CF2,1,PHASE6N_TOP4,False
CB1_CAUR_S_CF2_RI2_TI2_R12_C02__seed721202__it0000040,ts_c1dbb76b3557f2bf0abd,CB1_CAUR_S_CF2_RI2_TI2_R12_C02,NEW_ALNS_EXPANSION,S,CF2,1,PHASE6N_TOP4,False
CB1_CAUR_S_CF2_RI2_TI2_R12_C02__seed721202__it0000151,ts_0e04eaa89934ea290f31,CB1_CAUR_S_CF2_RI2_TI2_R12_C02,NEW_ALNS_EXPANSION,S,CF2,1,PHASE6N_TOP4,False
CB1_CAUR_S_CF2_RI2_TI2_R12_C02__seed721202__it0000151,ts_64b37b386a32b1fbb9ce,CB1_CAUR_S_CF2_RI2_TI2_R12_C02,NEW_ALNS_EXPANSION,S,CF2,1,PHASE6N_TOP4,False
CB1_CAUR_S_CF2_RI2_TI2_R12_C02__seed721202__it0000151,ts_692a4ee471d7c729a242,CB1_CAUR_S_CF2_RI2_TI2_R12_C02,NEW_ALNS_EXPANSION,S,CF2,1,CANONICAL_FALLBACK,True
CB1_CAUR_S_CF2_RI2_TI2_R12_C02__seed721202__it0000151,ts_7eff63aab102f9f08001,CB1_CAUR_S_CF2_RI2_TI2_R12_C02,NEW_ALNS_EXPANSION,S,CF2,1,PHASE6N_TOP4,False
CB1_CAUR_S_CF2_RI2_TI2_R12_C02__seed721202__it0000151,ts_876393999b1cb57f6b3d,CB1_CAUR_S_CF2_RI2_TI2_R12_C02,NEW_ALNS_EXPANSION,S,CF2,1,PHASE6N_TOP4,False
CB1_CAUR_S_CF2_RI2_TI2_R12_C02__seed721202__it0000268,ts_821b012bc4be82efc647,CB1_CAUR_S_CF2_RI2_TI2_R12_C02,NEW_ALNS_EXPANSION,S,CF2,1,PHASE6N_TOP4,False
CB1_CAUR_S_CF2_RI2_TI2_R12_C02__seed721202__it0000268,ts_8681e951ca3cb7bc1d3a,CB1_CAUR_S_CF2_RI2_TI2_R12_C02,NEW_ALNS_EXPANSION,S,CF2,1,PHASE6N_TOP4,False
CB1_CAUR_S_CF2_RI2_TI2_R12_C02__seed721202__it0000268,ts_a70d6a3f28bd854572dd,CB1_CAUR_S_CF2_RI2_TI2_R12_C02,NEW_ALNS_EXPANSION,S,CF2,1,PHASE6N_TOP4,False
CB1_CAUR_S_CF2_RI2_TI2_R12_C02__seed721202__it0000268,ts_d21daef324abd67bb31a,CB1_CAUR_S_CF2_RI2_TI2_R12_C02,NEW_ALNS_EXPANSION,S,CF2,1,PHASE6N_TOP4,False
CB1_CAUR_S_CF2_RI2_TI2_R12_C02__seed721202__it0000268,ts_d8fbfc66e49b21cd9941,CB1_CAUR_S_CF2_RI2_TI2_R12_C02,NEW_ALNS_EXPANSION,S,CF2,1,CANONICAL_FALLBACK,True
CB1_CAUR_S_CF2_RI2_TI2_R12_C02__seed721202__it0000378,ts_193ffd0490d5a52d2792,CB1_CAUR_S_CF2_RI2_TI2_R12_C02,NEW_ALNS_EXPANSION,S,CF2,1,CANONICAL_FALLBACK,True
CB1_CAUR_S_CF2_RI2_TI2_R12_C02__seed721202__it0000378,ts_4cb8458b1006454e858e,CB1_CAUR_S_CF2_RI2_TI2_R12_C02,NEW_ALNS_EXPANSION,S,CF2,1,PHASE6N_TOP4,False
CB1_CAUR_S_CF2_RI2_TI2_R12_C02__seed721202__it0000378,ts_73c9d6c7e7308f854a43,CB1_CAUR_S_CF2_RI2_TI2_R12_C02,NEW_ALNS_EXPANSION,S,CF2,1,PHASE6N_TOP4,False
CB1_CAUR_S_CF2_RI2_TI2_R12_C02__seed721202__it0000378,ts_d619eebe8e4b8792f147,CB1_CAUR_S_CF2_RI2_TI2_R12_C02,NEW_ALNS_EXPANSION,S,CF2,1,PHASE6N_TOP4,False
CB1_CAUR_S_CF2_RI2_TI2_R12_C02__seed721202__it0000378,ts_d87fb93311c46df4eafc,CB1_CAUR_S_CF2_RI2_TI2_R12_C02,NEW_ALNS_EXPANSION,S,CF2,1,PHASE6N_TOP4,False
CB1_CAUR_S_CF2_RI2_TI2_R12_C02__seed721202__it0000491,ts_26b734d5b416ea48fb43,CB1_CAUR_S_CF2_RI2_TI2_R12_C02,NEW_ALNS_EXPANSION,S,CF2,1,PHASE6N_TOP4,False
CB1_CAUR_S_CF2_RI2_TI2_R12_C02__seed721202__it0000491,ts_b12604e6cba7341d9768,CB1_CAUR_S_CF2_RI2_TI2_R12_C02,NEW_ALNS_EXPANSION,S,CF2,1,CANONICAL_FALLBACK,True
CB1_CAUR_S_CF2_RI2_TI2_R12_C02__seed721202__it0000491,ts_b7720d83fe360e31c84e,CB1_CAUR_S_CF2_RI2_TI2_R12_C02,NEW_ALNS_EXPANSION,S,CF2,1,PHASE6N_TOP4,False
CB1_CAUR_S_CF2_RI2_TI2_R12_C02__seed721202__it0000491,ts_c775a8fa358529df7e04,CB1_CAUR_S_CF2_RI2_TI2_R12_C02,NEW_ALNS_EXPANSION,S,CF2,1,PHASE6N_TOP4,False
CB1_CAUR_S_CF2_RI2_TI2_R12_C02__seed721202__it0000491,ts_ef700ed2d49a2351641c,CB1_CAUR_S_CF2_RI2_TI2_R12_C02,NEW_ALNS_EXPANSION,S,CF2,1,PHASE6N_TOP4,False
CB1_CAUR_S_CF2_RI2_TI2_R12_C02__seed721202__it0000607,ts_33b9a4156faad9d57cf4,CB1_CAUR_S_CF2_RI2_TI2_R12_C02,NEW_ALNS_EXPANSION,S,CF2,1,PHASE6N_TOP4,False
CB1_CAUR_S_CF2_RI2_TI2_R12_C02__seed721202__it0000607,ts_5a760c05ce17cc9f9bd2,CB1_CAUR_S_CF2_RI2_TI2_R12_C02,NEW_ALNS_EXPANSION,S,CF2,1,CANONICAL_FALLBACK,True
CB1_CAUR_S_CF2_RI2_TI2_R12_C02__seed721202__it0000607,ts_81902cdfe75182d21f62,CB1_CAUR_S_CF2_RI2_TI2_R12_C02,NEW_ALNS_EXPANSION,S,CF2,1,PHASE6N_TOP4,False
CB1_CAUR_S_CF2_RI2_TI2_R12_C02__seed721202__it0000607,ts_de8ee9000cc0cd4a76b8,CB1_CAUR_S_CF2_RI2_TI2_R12_C02,NEW_ALNS_EXPANSION,S,CF2,1,PHASE6N_TOP4,False
CB1_CAUR_S_CF2_RI2_TI2_R12_C02__seed721202__it0000607,ts_f7787d91b2fe35176b0a,CB1_CAUR_S_CF2_RI2_TI2_R12_C02,NEW_ALNS_EXPANSION,S,CF2,1,PHASE6N_TOP4,False
CB1_CAUR_S_CF2_RI2_TI2_R12_C02__seed721202__it0000716,ts_5299291088a5148a7c28,CB1_CAUR_S_CF2_RI2_TI2_R12_C02,NEW_ALNS_EXPANSION,S,CF2,1,PHASE6N_TOP4,False
CB1_CAUR_S_CF2_RI2_TI2_R12_C02__seed721202__it0000716,ts_92add4382aa164a6b36e,CB1_CAUR_S_CF2_RI2_TI2_R12_C02,NEW_ALNS_EXPANSION,S,CF2,1,PHASE6N_TOP4,False
CB1_CAUR_S_CF2_RI2_TI2_R12_C02__seed721202__it0000716,ts_9a58b4de51c6155559b9,CB1_CAUR_S_CF2_RI2_TI2_R12_C02,NEW_ALNS_EXPANSION,S,CF2,1,PHASE6N_TOP4,False
CB1_CAUR_S_CF2_RI2_TI2_R12_C02__seed721202__it0000716,ts_9efad0a4dac3acf6c443,CB1_CAUR_S_CF2_RI2_TI2_R12_C02,NEW_ALNS_EXPANSION,S,CF2,1,CANONICAL_FALLBACK,True
CB1_CAUR_S_CF2_RI2_TI2_R12_C02__seed721202__it0000716,ts_e2759d1fe3020da3b6b9,CB1_CAUR_S_CF2_RI2_TI2_R12_C02,NEW_ALNS_EXPANSION,S,CF2,1,PHASE6N_TOP4,False
CB1_CAUR_S_CF2_RI2_TI2_R12_C02__seed721202__it0000802,ts_0fb58dbb662ec16c1576,CB1_CAUR_S_CF2_RI2_TI2_R12_C02,NEW_ALNS_EXPANSION,S,CF2,1,PHASE6N_TOP4,False
CB1_CAUR_S_CF2_RI2_TI2_R12_C02__seed721202__it0000802,ts_42d8aa4d67be50fea756,CB1_CAUR_S_CF2_RI2_TI2_R12_C02,NEW_ALNS_EXPANSION,S,CF2,1,PHASE6N_TOP4,False
CB1_CAUR_S_CF2_RI2_TI2_R12_C02__seed721202__it0000802,ts_47f397a5694b4f22fb93,CB1_CAUR_S_CF2_RI2_TI2_R12_C02,NEW_ALNS_EXPANSION,S,CF2,1,CANONICAL_FALLBACK,True
CB1_CAUR_S_CF2_RI2_TI2_R12_C02__seed721202__it0000802,ts_53e44eeb1af85c279312,CB1_CAUR_S_CF2_RI2_TI2_R12_C02,NEW_ALNS_EXPANSION,S,CF2,1,PHASE6N_TOP4,False
CB1_CAUR_S_CF2_RI2_TI2_R12_C02__seed721202__it0000802,ts_55213012aa931926d0af,CB1_CAUR_S_CF2_RI2_TI2_R12_C02,NEW_ALNS_EXPANSION,S,CF2,1,PHASE6N_TOP4,False
CB1_CAUR_S_CF2_RI2_TI2_R12_C02__seed721203__it0000039,ts_b32b6eeb162069d8ea05,CB1_CAUR_S_CF2_RI2_TI2_R12_C02,NEW_ALNS_EXPANSION,S,CF2,1,PHASE6N_TOP4,False
CB1_CAUR_S_CF2_RI2_TI2_R12_C02__seed721203__it0000039,ts_da76ca17775ed0de5214,CB1_CAUR_S_CF2_RI2_TI2_R12_C02,NEW_ALNS_EXPANSION,S,CF2,1,PHASE6N_TOP4,False
CB1_CAUR_S_CF2_RI2_TI2_R12_C02__seed721203__it0000039,ts_dd05c3e54935fb2cb408,CB1_CAUR_S_CF2_RI2_TI2_R12_C02,NEW_ALNS_EXPANSION,S,CF2,1,CANONICAL_FALLBACK|PHASE6N_TOP4,True
CB1_CAUR_S_CF2_RI2_TI2_R12_C02__seed721203__it0000039,ts_e812c58a72833ad57fb3,CB1_CAUR_S_CF2_RI2_TI2_R12_C02,NEW_ALNS_EXPANSION,S,CF2,1,PHASE6N_TOP4,False
CB1_CAUR_S_CF2_RI2_TI2_R12_C02__seed721203__it0000146,ts_0379bf7b0f6599d231f4,CB1_CAUR_S_CF2_RI2_TI2_R12_C02,NEW_ALNS_EXPANSION,S,CF2,1,CANONICAL_FALLBACK,True
CB1_CAUR_S_CF2_RI2_TI2_R12_C02__seed721203__it0000146,ts_05760e526764961c7c67,CB1_CAUR_S_CF2_RI2_TI2_R12_C02,NEW_ALNS_EXPANSION,S,CF2,1,PHASE6N_TOP4,False
CB1_CAUR_S_CF2_RI2_TI2_R12_C02__seed721203__it0000146,ts_9ceb08209446b4964d57,CB1_CAUR_S_CF2_RI2_TI2_R12_C02,NEW_ALNS_EXPANSION,S,CF2,1,PHASE6N_TOP4,False
CB1_CAUR_S_CF2_RI2_TI2_R12_C02__seed721203__it0000146,ts_b703dd14f95f2046167b,CB1_CAUR_S_CF2_RI2_TI2_R12_C02,NEW_ALNS_EXPANSION,S,CF2,1,PHASE6N_TOP4,False
CB1_CAUR_S_CF2_RI2_TI2_R12_C02__seed721203__it0000146,ts_cd778d526f9cd831c477,CB1_CAUR_S_CF2_RI2_TI2_R12_C02,NEW_ALNS_EXPANSION,S,CF2,1,PHASE6N_TOP4,False
CB1_CAUR_S_CF2_RI2_TI2_R12_C02__seed721203__it0000263,ts_5b8b313279d1329c64c8,CB1_CAUR_S_CF2_RI2_TI2_R12_C02,NEW_ALNS_EXPANSION,S,CF2,1,PHASE6N_TOP4,False
CB1_CAUR_S_CF2_RI2_TI2_R12_C02__seed721203__it0000263,ts_5fe43690e76376db0d51,CB1_CAUR_S_CF2_RI2_TI2_R12_C02,NEW_ALNS_EXPANSION,S,CF2,1,PHASE6N_TOP4,False
CB1_CAUR_S_CF2_RI2_TI2_R12_C02__seed721203__it0000263,ts_75f2db08d9a98c0e7ca0,CB1_CAUR_S_CF2_RI2_TI2_R12_C02,NEW_ALNS_EXPANSION,S,CF2,1,PHASE6N_TOP4,False
CB1_CAUR_S_CF2_RI2_TI2_R12_C02__seed721203__it0000263,ts_d178d6b31b53112d3808,CB1_CAUR_S_CF2_RI2_TI2_R12_C02,NEW_ALNS_EXPANSION,S,CF2,1,CANONICAL_FALLBACK,True
CB1_CAUR_S_CF2_RI2_TI2_R12_C02__seed721203__it0000263,ts_d7f0ed97a85a27090c96,CB1_CAUR_S_CF2_RI2_TI2_R12_C02,NEW_ALNS_EXPANSION,S,CF2,1,PHASE6N_TOP4,False
CB1_CAUR_S_CF2_RI2_TI2_R12_C02__seed721203__it0000372,ts_5b694a3e6fba974bf1a6,CB1_CAUR_S_CF2_RI2_TI2_R12_C02,NEW_ALNS_EXPANSION,S,CF2,1,PHASE6N_TOP4,False
CB1_CAUR_S_CF2_RI2_TI2_R12_C02__seed721203__it0000372,ts_5dfc3f556ef7ac781695,CB1_CAUR_S_CF2_RI2_TI2_R12_C02,NEW_ALNS_EXPANSION,S,CF2,1,PHASE6N_TOP4,False
CB1_CAUR_S_CF2_RI2_TI2_R12_C02__seed721203__it0000372,ts_88c5b9511e291e536e50,CB1_CAUR_S_CF2_RI2_TI2_R12_C02,NEW_ALNS_EXPANSION,S,CF2,1,PHASE6N_TOP4,False
CB1_CAUR_S_CF2_RI2_TI2_R12_C02__seed721203__it0000372,ts_b171afed2c7ace5b187e,CB1_CAUR_S_CF2_RI2_TI2_R12_C02,NEW_ALNS_EXPANSION,S,CF2,1,CANONICAL_FALLBACK|PHASE6N_TOP4,True
CB1_CAUR_S_CF2_RI2_TI2_R12_C02__seed721203__it0000483,ts_8a7eff2a53a8128d378c,CB1_CAUR_S_CF2_RI2_TI2_R12_C02,NEW_ALNS_EXPANSION,S,CF2,1,PHASE6N_TOP4,False
CB1_CAUR_S_CF2_RI2_TI2_R12_C02__seed721203__it0000483,ts_add8816732003ed7e629,CB1_CAUR_S_CF2_RI2_TI2_R12_C02,NEW_ALNS_EXPANSION,S,CF2,1,PHASE6N_TOP4,False
CB1_CAUR_S_CF2_RI2_TI2_R12_C02__seed721203__it0000483,ts_b3da2aea3e2942c6f88b,CB1_CAUR_S_CF2_RI2_TI2_R12_C02,NEW_ALNS_EXPANSION,S,CF2,1,PHASE6N_TOP4,False
CB1_CAUR_S_CF2_RI2_TI2_R12_C02__seed721203__it0000483,ts_b53e5fd60c6ef1299817,CB1_CAUR_S_CF2_RI2_TI2_R12_C02,NEW_ALNS_EXPANSION,S,CF2,1,CANONICAL_FALLBACK,True
CB1_CAUR_S_CF2_RI2_TI2_R12_C02__seed721203__it0000483,ts_c278bf436a6d0df9ab9e,CB1_CAUR_S_CF2_RI2_TI2_R12_C02,NEW_ALNS_EXPANSION,S,CF2,1,PHASE6N_TOP4,False
CB1_CAUR_S_CF2_RI2_TI2_R12_C02__seed721203__it0000601,ts_1ae333580fa3bc5a402d,CB1_CAUR_S_CF2_RI2_TI2_R12_C02,NEW_ALNS_EXPANSION,S,CF2,1,CANONICAL_FALLBACK,True
CB1_CAUR_S_CF2_RI2_TI2_R12_C02__seed721203__it0000601,ts_60f3ab0873538274c78c,CB1_CAUR_S_CF2_RI2_TI2_R12_C02,NEW_ALNS_EXPANSION,S,CF2,1,PHASE6N_TOP4,False
CB1_CAUR_S_CF2_RI2_TI2_R12_C02__seed721203__it0000601,ts_65e5d244ed93b32dfa83,CB1_CAUR_S_CF2_RI2_TI2_R12_C02,NEW_ALNS_EXPANSION,S,CF2,1,PHASE6N_TOP4,False
CB1_CAUR_S_CF2_RI2_TI2_R12_C02__seed721203__it0000601,ts_be6e5412aa59a0804b89,CB1_CAUR_S_CF2_RI2_TI2_R12_C02,NEW_ALNS_EXPANSION,S,CF2,1,PHASE6N_TOP4,False
CB1_CAUR_S_CF2_RI2_TI2_R12_C02__seed721203__it0000601,ts_d03ebca2dece81f0ed14,CB1_CAUR_S_CF2_RI2_TI2_R12_C02,NEW_ALNS_EXPANSION,S,CF2,1,PHASE6N_TOP4,False
CB1_CAUR_S_CF2_RI2_TI2_R12_C02__seed721203__it0000710,ts_23d26dd9d9f12a679b7d,CB1_CAUR_S_CF2_RI2_TI2_R12_C02,NEW_ALNS_EXPANSION,S,CF2,1,PHASE6N_TOP4,False
CB1_CAUR_S_CF2_RI2_TI2_R12_C02__seed721203__it0000710,ts_44e7505fade3805d47d9,CB1_CAUR_S_CF2_RI2_TI2_R12_C02,NEW_ALNS_EXPANSION,S,CF2,1,PHASE6N_TOP4,False
CB1_CAUR_S_CF2_RI2_TI2_R12_C02__seed721203__it0000710,ts_5d016f37bcd3e80a2c89,CB1_CAUR_S_CF2_RI2_TI2_R12_C02,NEW_ALNS_EXPANSION,S,CF2,1,PHASE6N_TOP4,False
CB1_CAUR_S_CF2_RI2_TI2_R12_C02__seed721203__it0000710,ts_b267624be7e0ea32ddd6,CB1_CAUR_S_CF2_RI2_TI2_R12_C02,NEW_ALNS_EXPANSION,S,CF2,1,CANONICAL_FALLBACK,True
CB1_CAUR_S_CF2_RI2_TI2_R12_C02__seed721203__it0000710,ts_c176d4b413ac4baddb2c,CB1_CAUR_S_CF2_RI2_TI2_R12_C02,NEW_ALNS_EXPANSION,S,CF2,1,PHASE6N_TOP4,False
CB1_CAUR_S_CF2_RI2_TI2_R12_C02__seed721203__it0000796,ts_2114be472c2048925192,CB1_CAUR_S_CF2_RI2_TI2_R12_C02,NEW_ALNS_EXPANSION,S,CF2,1,PHASE6N_TOP4,False
CB1_CAUR_S_CF2_RI2_TI2_R12_C02__seed721203__it0000796,ts_3fd459473bc0483b2af4,CB1_CAUR_S_CF2_RI2_TI2_R12_C02,NEW_ALNS_EXPANSION,S,CF2,1,CANONICAL_FALLBACK|PHASE6N_TOP4,True
CB1_CAUR_S_CF2_RI2_TI2_R12_C02__seed721203__it0000796,ts_c02f0d82078204cf9ae4,CB1_CAUR_S_CF2_RI2_TI2_R12_C02,NEW_ALNS_EXPANSION,S,CF2,1,PHASE6N_TOP4,False
CB1_CAUR_S_CF2_RI2_TI2_R12_C02__seed721203__it0000796,ts_d0a6fe8527434411b14f,CB1_CAUR_S_CF2_RI2_TI2_R12_C02,NEW_ALNS_EXPANSION,S,CF2,1,PHASE6N_TOP4,False
CB1_CAUR_S_CF2_RI2_TI2_R12_C02__seed721204__it0000039,ts_22296ca4bbb1bbd9781a,CB1_CAUR_S_CF2_RI2_TI2_R12_C02,NEW_ALNS_EXPANSION,S,CF2,1,PHASE6N_TOP4,False
CB1_CAUR_S_CF2_RI2_TI2_R12_C02__seed721204__it0000039,ts_69d7c0d07741002d6711,CB1_CAUR_S_CF2_RI2_TI2_R12_C02,NEW_ALNS_EXPANSION,S,CF2,1,PHASE6N_TOP4,False
CB1_CAUR_S_CF2_RI2_TI2_R12_C02__seed721204__it0000039,ts_98a7e81be09289407cd8,CB1_CAUR_S_CF2_RI2_TI2_R12_C02,NEW_ALNS_EXPANSION,S,CF2,1,PHASE6N_TOP4,False
CB1_CAUR_S_CF2_RI2_TI2_R12_C02__seed721204__it0000039,ts_b9976a437a835531667e,CB1_CAUR_S_CF2_RI2_TI2_R12_C02,NEW_ALNS_EXPANSION,S,CF2,1,PHASE6N_TOP4,False
CB1_CAUR_S_CF2_RI2_TI2_R12_C02__seed721204__it0000039,ts_edaf0da284611bf41731,CB1_CAUR_S_CF2_RI2_TI2_R12_C02,NEW_ALNS_EXPANSION,S,CF2,1,CANONICAL_FALLBACK,True
CB1_CAUR_S_CF2_RI2_TI2_R12_C02__seed721204__it0000147,ts_0f05f4a7dfd0a8199fe5,CB1_CAUR_S_CF2_RI2_TI2_R12_C02,NEW_ALNS_EXPANSION,S,CF2,1,PHASE6N_TOP4,False
CB1_CAUR_S_CF2_RI2_TI2_R12_C02__seed721204__it0000147,ts_1a760bc5c4262afdece8,CB1_CAUR_S_CF2_RI2_TI2_R12_C02,NEW_ALNS_EXPANSION,S,CF2,1,PHASE6N_TOP4,False
CB1_CAUR_S_CF2_RI2_TI2_R12_C02__seed721204__it0000147,ts_224222592ce62fc20de5,CB1_CAUR_S_CF2_RI2_TI2_R12_C02,NEW_ALNS_EXPANSION,S,CF2,1,PHASE6N_TOP4,False
CB1_CAUR_S_CF2_RI2_TI2_R12_C02__seed721204__it0000147,ts_ca7b2413922f3d6a7abb,CB1_CAUR_S_CF2_RI2_TI2_R12_C02,NEW_ALNS_EXPANSION,S,CF2,1,CANONICAL_FALLBACK,True
CB1_CAUR_S_CF2_RI2_TI2_R12_C02__seed721204__it0000147,ts_e26e44b99720539748a2,CB1_CAUR_S_CF2_RI2_TI2_R12_C02,NEW_ALNS_EXPANSION,S,CF2,1,PHASE6N_TOP4,False
CB1_CAUR_S_CF2_RI2_TI2_R12_C02__seed721204__it0000262,ts_422e5bb672c817e7ddb5,CB1_CAUR_S_CF2_RI2_TI2_R12_C02,NEW_ALNS_EXPANSION,S,CF2,1,PHASE6N_TOP4,False
CB1_CAUR_S_CF2_RI2_TI2_R12_C02__seed721204__it0000262,ts_5640ab5cfe083b262c35,CB1_CAUR_S_CF2_RI2_TI2_R12_C02,NEW_ALNS_EXPANSION,S,CF2,1,CANONICAL_FALLBACK,True
CB1_CAUR_S_CF2_RI2_TI2_R12_C02__seed721204__it0000262,ts_7b7da49a1a788cfb3e66,CB1_CAUR_S_CF2_RI2_TI2_R12_C02,NEW_ALNS_EXPANSION,S,CF2,1,PHASE6N_TOP4,False
CB1_CAUR_S_CF2_RI2_TI2_R12_C02__seed721204__it0000262,ts_b902b5a4e8c92f1f04d5,CB1_CAUR_S_CF2_RI2_TI2_R12_C02,NEW_ALNS_EXPANSION,S,CF2,1,PHASE6N_TOP4,False
CB1_CAUR_S_CF2_RI2_TI2_R12_C02__seed721204__it0000262,ts_ff674438382e453a065e,CB1_CAUR_S_CF2_RI2_TI2_R12_C02,NEW_ALNS_EXPANSION,S,CF2,1,PHASE6N_TOP4,False
CB1_CAUR_S_CF2_RI2_TI2_R12_C02__seed721204__it0000370,ts_2777351bcdbd151c9e34,CB1_CAUR_S_CF2_RI2_TI2_R12_C02,NEW_ALNS_EXPANSION,S,CF2,1,PHASE6N_TOP4,False
CB1_CAUR_S_CF2_RI2_TI2_R12_C02__seed721204__it0000370,ts_64c5ccafc40453b02027,CB1_CAUR_S_CF2_RI2_TI2_R12_C02,NEW_ALNS_EXPANSION,S,CF2,1,PHASE6N_TOP4,False
CB1_CAUR_S_CF2_RI2_TI2_R12_C02__seed721204__it0000370,ts_89cd3068c336dc4df205,CB1_CAUR_S_CF2_RI2_TI2_R12_C02,NEW_ALNS_EXPANSION,S,CF2,1,PHASE6N_TOP4,False
CB1_CAUR_S_CF2_RI2_TI2_R12_C02__seed721204__it0000370,ts_9fd4b47c44c1105cf3bf,CB1_CAUR_S_CF2_RI2_TI2_R12_C02,NEW_ALNS_EXPANSION,S,CF2,1,CANONICAL_FALLBACK,True
CB1_CAUR_S_CF2_RI2_TI2_R12_C02__seed721204__it0000370,ts_cbeb6a94c31e11349b37,CB1_CAUR_S_CF2_RI2_TI2_R12_C02,NEW_ALNS_EXPANSION,S,CF2,1,PHASE6N_TOP4,False
CB1_CAUR_S_CF2_RI2_TI2_R12_C02__seed721204__it0000481,ts_6706e3020f5baf1f1dde,CB1_CAUR_S_CF2_RI2_TI2_R12_C02,NEW_ALNS_EXPANSION,S,CF2,1,PHASE6N_TOP4,False
CB1_CAUR_S_CF2_RI2_TI2_R12_C02__seed721204__it0000481,ts_ae20abd4772e6b4db23e,CB1_CAUR_S_CF2_RI2_TI2_R12_C02,NEW_ALNS_EXPANSION,S,CF2,1,CANONICAL_FALLBACK,True
CB1_CAUR_S_CF2_RI2_TI2_R12_C02__seed721204__it0000481,ts_c5ac820d2d625029172f,CB1_CAUR_S_CF2_RI2_TI2_R12_C02,NEW_ALNS_EXPANSION,S,CF2,1,PHASE6N_TOP4,False
CB1_CAUR_S_CF2_RI2_TI2_R12_C02__seed721204__it0000481,ts_d812382faf148288556c,CB1_CAUR_S_CF2_RI2_TI2_R12_C02,NEW_ALNS_EXPANSION,S,CF2,1,PHASE6N_TOP4,False
CB1_CAUR_S_CF2_RI2_TI2_R12_C02__seed721204__it0000481,ts_e7a0b59fdb0f142dcccd,CB1_CAUR_S_CF2_RI2_TI2_R12_C02,NEW_ALNS_EXPANSION,S,CF2,1,PHASE6N_TOP4,False
CB1_CAUR_S_CF2_RI2_TI2_R12_C02__seed721204__it0000596,ts_285d5fb7177d3f483732,CB1_CAUR_S_CF2_RI2_TI2_R12_C02,NEW_ALNS_EXPANSION,S,CF2,1,PHASE6N_TOP4,False
CB1_CAUR_S_CF2_RI2_TI2_R12_C02__seed721204__it0000596,ts_978d554c6523dd9a111f,CB1_CAUR_S_CF2_RI2_TI2_R12_C02,NEW_ALNS_EXPANSION,S,CF2,1,PHASE6N_TOP4,False
CB1_CAUR_S_CF2_RI2_TI2_R12_C02__seed721204__it0000596,ts_b9cacd3e0027b29c2ef8,CB1_CAUR_S_CF2_RI2_TI2_R12_C02,NEW_ALNS_EXPANSION,S,CF2,1,CANONICAL_FALLBACK|PHASE6N_TOP4,True
CB1_CAUR_S_CF2_RI2_TI2_R12_C02__seed721204__it0000596,ts_e3940e5a50a117ee6477,CB1_CAUR_S_CF2_RI2_TI2_R12_C02,NEW_ALNS_EXPANSION,S,CF2,1,PHASE6N_TOP4,False
CB1_CAUR_S_CF2_RI2_TI2_R12_C02__seed721204__it0000704,ts_1f48127be12bf123efdf,CB1_CAUR_S_CF2_RI2_TI2_R12_C02,NEW_ALNS_EXPANSION,S,CF2,1,PHASE6N_TOP4,False
CB1_CAUR_S_CF2_RI2_TI2_R12_C02__seed721204__it0000704,ts_3f0791c0ed9c527f1853,CB1_CAUR_S_CF2_RI2_TI2_R12_C02,NEW_ALNS_EXPANSION,S,CF2,1,PHASE6N_TOP4,False
CB1_CAUR_S_CF2_RI2_TI2_R12_C02__seed721204__it0000704,ts_554cf147cac9eb0db515,CB1_CAUR_S_CF2_RI2_TI2_R12_C02,NEW_ALNS_EXPANSION,S,CF2,1,CANONICAL_FALLBACK,True
CB1_CAUR_S_CF2_RI2_TI2_R12_C02__seed721204__it0000704,ts_585c757bddd38301ebde,CB1_CAUR_S_CF2_RI2_TI2_R12_C02,NEW_ALNS_EXPANSION,S,CF2,1,PHASE6N_TOP4,False
CB1_CAUR_S_CF2_RI2_TI2_R12_C02__seed721204__it0000704,ts_da365787e769e4d46e28,CB1_CAUR_S_CF2_RI2_TI2_R12_C02,NEW_ALNS_EXPANSION,S,CF2,1,PHASE6N_TOP4,False
CB1_CAUR_S_CF2_RI2_TI2_R12_C02__seed721204__it0000785,ts_0e60e37d338bd39504db,CB1_CAUR_S_CF2_RI2_TI2_R12_C02,NEW_ALNS_EXPANSION,S,CF2,1,PHASE6N_TOP4,False
CB1_CAUR_S_CF2_RI2_TI2_R12_C02__seed721204__it0000785,ts_38ff7352e298e13ef1c7,CB1_CAUR_S_CF2_RI2_TI2_R12_C02,NEW_ALNS_EXPANSION,S,CF2,1,PHASE6N_TOP4,False
CB1_CAUR_S_CF2_RI2_TI2_R12_C02__seed721204__it0000785,ts_560f4db0fe9eec837d34,CB1_CAUR_S_CF2_RI2_TI2_R12_C02,NEW_ALNS_EXPANSION,S,CF2,1,PHASE6N_TOP4,False
CB1_CAUR_S_CF2_RI2_TI2_R12_C02__seed721204__it0000785,ts_72ecb9203169465d188f,CB1_CAUR_S_CF2_RI2_TI2_R12_C02,NEW_ALNS_EXPANSION,S,CF2,1,CANONICAL_FALLBACK,True
CB1_CAUR_S_CF2_RI2_TI2_R12_C02__seed721204__it0000785,ts_9be2bacbc8916f94a26d,CB1_CAUR_S_CF2_RI2_TI2_R12_C02,NEW_ALNS_EXPANSION,S,CF2,1,PHASE6N_TOP4,False
CB1_CAUR_S_CF2_RI2_TI2_R12__seed691201__it0000015,ts_15cfbbe2df2a0998c352,CB1_CAUR_S_CF2_RI2_TI2_R12,ORIGINAL_PHASE6J_CAUR,S,CF2,1,PHASE6N_TOP4,False
CB1_CAUR_S_CF2_RI2_TI2_R12__seed691201__it0000015,ts_16d0a486ede53cd03333,CB1_CAUR_S_CF2_RI2_TI2_R12,ORIGINAL_PHASE6J_CAUR,S,CF2,1,PHASE6L_TOP4,False
CB1_CAUR_S_CF2_RI2_TI2_R12__seed691201__it0000015,ts_6d051ea6098e0267efde,CB1_CAUR_S_CF2_RI2_TI2_R12,ORIGINAL_PHASE6J_CAUR,S,CF2,1,CANONICAL_FALLBACK,True
CB1_CAUR_S_CF2_RI2_TI2_R12__seed691201__it0000015,ts_6e477da1e0bee7c19020,CB1_CAUR_S_CF2_RI2_TI2_R12,ORIGINAL_PHASE6J_CAUR,S,CF2,1,PHASE6L_TOP4|PHASE6N_TOP4,False
CB1_CAUR_S_CF2_RI2_TI2_R12__seed691201__it0000015,ts_cd13475ff1a51d017d67,CB1_CAUR_S_CF2_RI2_TI2_R12,ORIGINAL_PHASE6J_CAUR,S,CF2,1,PHASE6L_TOP4|PHASE6N_TOP4,False
CB1_CAUR_S_CF2_RI2_TI2_R12__seed691201__it0000015,ts_ecaee5c8fa4b6fc794b9,CB1_CAUR_S_CF2_RI2_TI2_R12,ORIGINAL_PHASE6J_CAUR,S,CF2,1,PHASE6L_TOP4,False
CB1_CAUR_S_CF2_RI2_TI2_R12__seed691201__it0000015,ts_fb63aa8184fb620a8225,CB1_CAUR_S_CF2_RI2_TI2_R12,ORIGINAL_PHASE6J_CAUR,S,CF2,1,PHASE6N_TOP4,False
CB1_CAUR_S_CF2_RI2_TI2_R12__seed691201__it0000054,ts_29a34f14b83fc38d7459,CB1_CAUR_S_CF2_RI2_TI2_R12,ORIGINAL_PHASE6J_CAUR,S,CF2,1,PHASE6L_TOP4,False
CB1_CAUR_S_CF2_RI2_TI2_R12__seed691201__it0000054,ts_3c6981c5d86328e57f30,CB1_CAUR_S_CF2_RI2_TI2_R12,ORIGINAL_PHASE6J_CAUR,S,CF2,1,CANONICAL_FALLBACK,True
CB1_CAUR_S_CF2_RI2_TI2_R12__seed691201__it0000054,ts_71987cdce8f25291e171,CB1_CAUR_S_CF2_RI2_TI2_R12,ORIGINAL_PHASE6J_CAUR,S,CF2,1,PHASE6L_TOP4,False
CB1_CAUR_S_CF2_RI2_TI2_R12__seed691201__it0000054,ts_8991f07fa44a6cf4bf55,CB1_CAUR_S_CF2_RI2_TI2_R12,ORIGINAL_PHASE6J_CAUR,S,CF2,1,PHASE6N_TOP4,False
CB1_CAUR_S_CF2_RI2_TI2_R12__seed691201__it0000054,ts_8c5dc6a8eea1d9e49456,CB1_CAUR_S_CF2_RI2_TI2_R12,ORIGINAL_PHASE6J_CAUR,S,CF2,1,PHASE6N_TOP4,False
CB1_CAUR_S_CF2_RI2_TI2_R12__seed691201__it0000054,ts_b268126eccadc15fb481,CB1_CAUR_S_CF2_RI2_TI2_R12,ORIGINAL_PHASE6J_CAUR,S,CF2,1,PHASE6L_TOP4|PHASE6N_TOP4,False
CB1_CAUR_S_CF2_RI2_TI2_R12__seed691201__it0000054,ts_ba2fe71d497524407124,CB1_CAUR_S_CF2_RI2_TI2_R12,ORIGINAL_PHASE6J_CAUR,S,CF2,1,PHASE6N_TOP4,False
CB1_CAUR_S_CF2_RI2_TI2_R12__seed691201__it0000054,ts_f1eed3d966549d8c7e6b,CB1_CAUR_S_CF2_RI2_TI2_R12,ORIGINAL_PHASE6J_CAUR,S,CF2,1,PHASE6L_TOP4,False
CB1_CAUR_S_CF2_RI2_TI2_R12__seed691201__it0000098,ts_387427abf2ea2463c615,CB1_CAUR_S_CF2_RI2_TI2_R12,ORIGINAL_PHASE6J_CAUR,S,CF2,1,PHASE6L_TOP4|PHASE6N_TOP4,False
CB1_CAUR_S_CF2_RI2_TI2_R12__seed691201__it0000098,ts_4216b1bf1e6495ca287d,CB1_CAUR_S_CF2_RI2_TI2_R12,ORIGINAL_PHASE6J_CAUR,S,CF2,1,PHASE6L_TOP4,False
CB1_CAUR_S_CF2_RI2_TI2_R12__seed691201__it0000098,ts_91a6760c6f74dc95c94b,CB1_CAUR_S_CF2_RI2_TI2_R12,ORIGINAL_PHASE6J_CAUR,S,CF2,1,CANONICAL_FALLBACK,True
CB1_CAUR_S_CF2_RI2_TI2_R12__seed691201__it0000098,ts_9b45eb7033ce009006a4,CB1_CAUR_S_CF2_RI2_TI2_R12,ORIGINAL_PHASE6J_CAUR,S,CF2,1,PHASE6L_TOP4|PHASE6N_TOP4,False
CB1_CAUR_S_CF2_RI2_TI2_R12__seed691201__it0000098,ts_aae3cb375cec42d48226,CB1_CAUR_S_CF2_RI2_TI2_R12,ORIGINAL_PHASE6J_CAUR,S,CF2,1,PHASE6L_TOP4|PHASE6N_TOP4,False
CB1_CAUR_S_CF2_RI2_TI2_R12__seed691201__it0000098,ts_b4138808ecaf09bf9e99,CB1_CAUR_S_CF2_RI2_TI2_R12,ORIGINAL_PHASE6J_CAUR,S,CF2,1,PHASE6N_TOP4,False
CB1_CAUR_S_CF2_RI2_TI2_R12__seed691201__it0000137,ts_1ef4ba8952d94c591e53,CB1_CAUR_S_CF2_RI2_TI2_R12,ORIGINAL_PHASE6J_CAUR,S,CF2,1,PHASE6N_TOP4,False
CB1_CAUR_S_CF2_RI2_TI2_R12__seed691201__it0000137,ts_8dd877be854a8eb361a5,CB1_CAUR_S_CF2_RI2_TI2_R12,ORIGINAL_PHASE6J_CAUR,S,CF2,1,CANONICAL_FALLBACK,True
CB1_CAUR_S_CF2_RI2_TI2_R12__seed691201__it0000137,ts_d709f7fa29257546fd56,CB1_CAUR_S_CF2_RI2_TI2_R12,ORIGINAL_PHASE6J_CAUR,S,CF2,1,PHASE6L_TOP4,False
CB1_CAUR_S_CF2_RI2_TI2_R12__seed691201__it0000137,ts_e5e329a7151733c40295,CB1_CAUR_S_CF2_RI2_TI2_R12,ORIGINAL_PHASE6J_CAUR,S,CF2,1,PHASE6L_TOP4|PHASE6N_TOP4,False
CB1_CAUR_S_CF2_RI2_TI2_R12__seed691201__it0000137,ts_f3470d8a23a800de9e42,CB1_CAUR_S_CF2_RI2_TI2_R12,ORIGINAL_PHASE6J_CAUR,S,CF2,1,PHASE6L_TOP4|PHASE6N_TOP4,False
CB1_CAUR_S_CF2_RI2_TI2_R12__seed691201__it0000137,ts_f63b9befcc0f45038e6a,CB1_CAUR_S_CF2_RI2_TI2_R12,ORIGINAL_PHASE6J_CAUR,S,CF2,1,PHASE6L_TOP4|PHASE6N_TOP4,False
CB1_CAUR_S_CF2_RI2_TI2_R12__seed691201__it0000178,ts_08543fbcd04151088c77,CB1_CAUR_S_CF2_RI2_TI2_R12,ORIGINAL_PHASE6J_CAUR,S,CF2,1,PHASE6N_TOP4,False
CB1_CAUR_S_CF2_RI2_TI2_R12__seed691201__it0000178,ts_1f1265042f7b82ddf637,CB1_CAUR_S_CF2_RI2_TI2_R12,ORIGINAL_PHASE6J_CAUR,S,CF2,1,PHASE6L_TOP4,False
CB1_CAUR_S_CF2_RI2_TI2_R12__seed691201__it0000178,ts_498b5d4b2a19c5adb3a6,CB1_CAUR_S_CF2_RI2_TI2_R12,ORIGINAL_PHASE6J_CAUR,S,CF2,1,PHASE6N_TOP4,False
CB1_CAUR_S_CF2_RI2_TI2_R12__seed691201__it0000178,ts_69d9e056900fc2e18e16,CB1_CAUR_S_CF2_RI2_TI2_R12,ORIGINAL_PHASE6J_CAUR,S,CF2,1,PHASE6L_TOP4,False
CB1_CAUR_S_CF2_RI2_TI2_R12__seed691201__it0000178,ts_a1266802551bce63ea38,CB1_CAUR_S_CF2_RI2_TI2_R12,ORIGINAL_PHASE6J_CAUR,S,CF2,1,CANONICAL_FALLBACK,True
CB1_CAUR_S_CF2_RI2_TI2_R12__seed691201__it0000178,ts_cbd52385f77f8b8e823a,CB1_CAUR_S_CF2_RI2_TI2_R12,ORIGINAL_PHASE6J_CAUR,S,CF2,1,PHASE6N_TOP4,False
CB1_CAUR_S_CF2_RI2_TI2_R12__seed691201__it0000178,ts_cf0e1929a2e996971dd2,CB1_CAUR_S_CF2_RI2_TI2_R12,ORIGINAL_PHASE6J_CAUR,S,CF2,1,PHASE6L_TOP4|PHASE6N_TOP4,False
CB1_CAUR_S_CF2_RI2_TI2_R12__seed691201__it0000178,ts_e32508a1df5a4aa6078f,CB1_CAUR_S_CF2_RI2_TI2_R12,ORIGINAL_PHASE6J_CAUR,S,CF2,1,PHASE6L_TOP4,False
CB1_CAUR_S_CF2_RI2_TI2_R12__seed691201__it0000221,ts_10bdd5091eb79b1e41c3,CB1_CAUR_S_CF2_RI2_TI2_R12,ORIGINAL_PHASE6J_CAUR,S,CF2,1,PHASE6L_TOP4,False
CB1_CAUR_S_CF2_RI2_TI2_R12__seed691201__it0000221,ts_3a1e9feffdff0e6ad66c,CB1_CAUR_S_CF2_RI2_TI2_R12,ORIGINAL_PHASE6J_CAUR,S,CF2,1,CANONICAL_FALLBACK|PHASE6L_TOP4|PHASE6N_TOP4,True
CB1_CAUR_S_CF2_RI2_TI2_R12__seed691201__it0000221,ts_4ab7e869465ca1759ff5,CB1_CAUR_S_CF2_RI2_TI2_R12,ORIGINAL_PHASE6J_CAUR,S,CF2,1,PHASE6L_TOP4,False
CB1_CAUR_S_CF2_RI2_TI2_R12__seed691201__it0000221,ts_785dcf795269329238f8,CB1_CAUR_S_CF2_RI2_TI2_R12,ORIGINAL_PHASE6J_CAUR,S,CF2,1,PHASE6L_TOP4|PHASE6N_TOP4,False
CB1_CAUR_S_CF2_RI2_TI2_R12__seed691201__it0000221,ts_911e75c1619babd58da5,CB1_CAUR_S_CF2_RI2_TI2_R12,ORIGINAL_PHASE6J_CAUR,S,CF2,1,PHASE6N_TOP4,False
CB1_CAUR_S_CF2_RI2_TI2_R12__seed691201__it0000221,ts_cc3212a52be8f0e24361,CB1_CAUR_S_CF2_RI2_TI2_R12,ORIGINAL_PHASE6J_CAUR,S,CF2,1,PHASE6N_TOP4,False
CB1_CAUR_S_CF2_RI2_TI2_R12__seed691201__it0000261,ts_3d0050973f577c284b6d,CB1_CAUR_S_CF2_RI2_TI2_R12,ORIGINAL_PHASE6J_CAUR,S,CF2,1,PHASE6L_TOP4|PHASE6N_TOP4,False
CB1_CAUR_S_CF2_RI2_TI2_R12__seed691201__it0000261,ts_46efd476f2577a95ca6f,CB1_CAUR_S_CF2_RI2_TI2_R12,ORIGINAL_PHASE6J_CAUR,S,CF2,1,PHASE6N_TOP4,False
CB1_CAUR_S_CF2_RI2_TI2_R12__seed691201__it0000261,ts_6c61e039b0814124355d,CB1_CAUR_S_CF2_RI2_TI2_R12,ORIGINAL_PHASE6J_CAUR,S,CF2,1,CANONICAL_FALLBACK,True
CB1_CAUR_S_CF2_RI2_TI2_R12__seed691201__it0000261,ts_a754059a4fffc6ce029a,CB1_CAUR_S_CF2_RI2_TI2_R12,ORIGINAL_PHASE6J_CAUR,S,CF2,1,PHASE6L_TOP4|PHASE6N_TOP4,False
CB1_CAUR_S_CF2_RI2_TI2_R12__seed691201__it0000261,ts_c5b4aa6f2a2c55e4a28d,CB1_CAUR_S_CF2_RI2_TI2_R12,ORIGINAL_PHASE6J_CAUR,S,CF2,1,PHASE6L_TOP4|PHASE6N_TOP4,False
CB1_CAUR_S_CF2_RI2_TI2_R12__seed691201__it0000261,ts_d5c122525347e1ffde6f,CB1_CAUR_S_CF2_RI2_TI2_R12,ORIGINAL_PHASE6J_CAUR,S,CF2,1,PHASE6L_TOP4,False
CB1_CAUR_S_CF2_RI2_TI2_R12__seed691201__it0000292,ts_0c64b6a48869b3eeb8db,CB1_CAUR_S_CF2_RI2_TI2_R12,ORIGINAL_PHASE6J_CAUR,S,CF2,1,PHASE6N_TOP4,False
CB1_CAUR_S_CF2_RI2_TI2_R12__seed691201__it0000292,ts_24dde6d4ba6d95e802d2,CB1_CAUR_S_CF2_RI2_TI2_R12,ORIGINAL_PHASE6J_CAUR,S,CF2,1,CANONICAL_FALLBACK|PHASE6N_TOP4,True
CB1_CAUR_S_CF2_RI2_TI2_R12__seed691201__it0000292,ts_356fd334ba3a2d0d314e,CB1_CAUR_S_CF2_RI2_TI2_R12,ORIGINAL_PHASE6J_CAUR,S,CF2,1,PHASE6N_TOP4,False
CB1_CAUR_S_CF2_RI2_TI2_R12__seed691201__it0000292,ts_5cf666370471a76ca7bc,CB1_CAUR_S_CF2_RI2_TI2_R12,ORIGINAL_PHASE6J_CAUR,S,CF2,1,PHASE6L_TOP4,False
CB1_CAUR_S_CF2_RI2_TI2_R12__seed691201__it0000292,ts_72c73105d97f3e2a0121,CB1_CAUR_S_CF2_RI2_TI2_R12,ORIGINAL_PHASE6J_CAUR,S,CF2,1,PHASE6L_TOP4,False
CB1_CAUR_S_CF2_RI2_TI2_R12__seed691201__it0000292,ts_b07876dd4242de752004,CB1_CAUR_S_CF2_RI2_TI2_R12,ORIGINAL_PHASE6J_CAUR,S,CF2,1,PHASE6L_TOP4,False
CB1_CAUR_S_CF2_RI2_TI2_R12__seed691201__it0000292,ts_e09808b26af3c8532114,CB1_CAUR_S_CF2_RI2_TI2_R12,ORIGINAL_PHASE6J_CAUR,S,CF2,1,PHASE6N_TOP4,False
CB1_CAUR_S_CF2_RI2_TI2_R12__seed691201__it0000292,ts_e936c7998e4e6be6b197,CB1_CAUR_S_CF2_RI2_TI2_R12,ORIGINAL_PHASE6J_CAUR,S,CF2,1,PHASE6L_TOP4,False
CB1_CAUR_S_CF2_RI2_TI2_R12__seed691202__it0000014,ts_0a67af5f0cb706ed4f14,CB1_CAUR_S_CF2_RI2_TI2_R12,ORIGINAL_PHASE6J_CAUR,S,CF2,1,PHASE6L_TOP4|PHASE6N_TOP4,False
CB1_CAUR_S_CF2_RI2_TI2_R12__seed691202__it0000014,ts_66160a8273e40235b251,CB1_CAUR_S_CF2_RI2_TI2_R12,ORIGINAL_PHASE6J_CAUR,S,CF2,1,CANONICAL_FALLBACK,True
CB1_CAUR_S_CF2_RI2_TI2_R12__seed691202__it0000014,ts_6c42ab7862e4a898585c,CB1_CAUR_S_CF2_RI2_TI2_R12,ORIGINAL_PHASE6J_CAUR,S,CF2,1,PHASE6L_TOP4|PHASE6N_TOP4,False
CB1_CAUR_S_CF2_RI2_TI2_R12__seed691202__it0000014,ts_b13d7f43692245d636aa,CB1_CAUR_S_CF2_RI2_TI2_R12,ORIGINAL_PHASE6J_CAUR,S,CF2,1,PHASE6L_TOP4|PHASE6N_TOP4,False
CB1_CAUR_S_CF2_RI2_TI2_R12__seed691202__it0000014,ts_baa8325913b8d530b6a2,CB1_CAUR_S_CF2_RI2_TI2_R12,ORIGINAL_PHASE6J_CAUR,S,CF2,1,PHASE6L_TOP4|PHASE6N_TOP4,False
CB1_CAUR_S_CF2_RI2_TI2_R12__seed691202__it0000054,ts_00131afc0d2c29d247e7,CB1_CAUR_S_CF2_RI2_TI2_R12,ORIGINAL_PHASE6J_CAUR,S,CF2,1,PHASE6L_TOP4|PHASE6N_TOP4,False
CB1_CAUR_S_CF2_RI2_TI2_R12__seed691202__it0000054,ts_3066733eb4014c0a3898,CB1_CAUR_S_CF2_RI2_TI2_R12,ORIGINAL_PHASE6J_CAUR,S,CF2,1,PHASE6N_TOP4,False
CB1_CAUR_S_CF2_RI2_TI2_R12__seed691202__it0000054,ts_449848bfd4f2af804cd0,CB1_CAUR_S_CF2_RI2_TI2_R12,ORIGINAL_PHASE6J_CAUR,S,CF2,1,CANONICAL_FALLBACK|PHASE6L_TOP4,True
CB1_CAUR_S_CF2_RI2_TI2_R12__seed691202__it0000054,ts_85330b15aadbbe8f4ef3,CB1_CAUR_S_CF2_RI2_TI2_R12,ORIGINAL_PHASE6J_CAUR,S,CF2,1,PHASE6L_TOP4|PHASE6N_TOP4,False
CB1_CAUR_S_CF2_RI2_TI2_R12__seed691202__it0000054,ts_e9b05d031e50469d8cdb,CB1_CAUR_S_CF2_RI2_TI2_R12,ORIGINAL_PHASE6J_CAUR,S,CF2,1,PHASE6L_TOP4|PHASE6N_TOP4,False
CB1_CAUR_S_CF2_RI2_TI2_R12__seed691202__it0000097,ts_02f1fd8fd94680aa653f,CB1_CAUR_S_CF2_RI2_TI2_R12,ORIGINAL_PHASE6J_CAUR,S,CF2,1,PHASE6L_TOP4|PHASE6N_TOP4,False
CB1_CAUR_S_CF2_RI2_TI2_R12__seed691202__it0000097,ts_257406e985649fe8e3b6,CB1_CAUR_S_CF2_RI2_TI2_R12,ORIGINAL_PHASE6J_CAUR,S,CF2,1,PHASE6L_TOP4|PHASE6N_TOP4,False
CB1_CAUR_S_CF2_RI2_TI2_R12__seed691202__it0000097,ts_4affe7b9ee65fd30d99d,CB1_CAUR_S_CF2_RI2_TI2_R12,ORIGINAL_PHASE6J_CAUR,S,CF2,1,CANONICAL_FALLBACK,True
CB1_CAUR_S_CF2_RI2_TI2_R12__seed691202__it0000097,ts_9a9ac3f4a582c1c3ccf5,CB1_CAUR_S_CF2_RI2_TI2_R12,ORIGINAL_PHASE6J_CAUR,S,CF2,1,PHASE6L_TOP4|PHASE6N_TOP4,False
CB1_CAUR_S_CF2_RI2_TI2_R12__seed691202__it0000097,ts_e5cf55b3ad426245b52c,CB1_CAUR_S_CF2_RI2_TI2_R12,ORIGINAL_PHASE6J_CAUR,S,CF2,1,PHASE6N_TOP4,False
CB1_CAUR_S_CF2_RI2_TI2_R12__seed691202__it0000097,ts_f20d9e13d77c0bd4c4df,CB1_CAUR_S_CF2_RI2_TI2_R12,ORIGINAL_PHASE6J_CAUR,S,CF2,1,PHASE6L_TOP4,False
CB1_CAUR_S_CF2_RI2_TI2_R12__seed691202__it0000138,ts_00a1f9f00e115faece4a,CB1_CAUR_S_CF2_RI2_TI2_R12,ORIGINAL_PHASE6J_CAUR,S,CF2,1,CANONICAL_FALLBACK|PHASE6L_TOP4,True
CB1_CAUR_S_CF2_RI2_TI2_R12__seed691202__it0000138,ts_085c18616d9763ea9ae1,CB1_CAUR_S_CF2_RI2_TI2_R12,ORIGINAL_PHASE6J_CAUR,S,CF2,1,PHASE6L_TOP4,False
CB1_CAUR_S_CF2_RI2_TI2_R12__seed691202__it0000138,ts_8ed077b61c0248b0058d,CB1_CAUR_S_CF2_RI2_TI2_R12,ORIGINAL_PHASE6J_CAUR,S,CF2,1,PHASE6N_TOP4,False
CB1_CAUR_S_CF2_RI2_TI2_R12__seed691202__it0000138,ts_92ea43b2890155029fc1,CB1_CAUR_S_CF2_RI2_TI2_R12,ORIGINAL_PHASE6J_CAUR,S,CF2,1,PHASE6L_TOP4|PHASE6N_TOP4,False
CB1_CAUR_S_CF2_RI2_TI2_R12__seed691202__it0000138,ts_c557fcf566c0b94b065d,CB1_CAUR_S_CF2_RI2_TI2_R12,ORIGINAL_PHASE6J_CAUR,S,CF2,1,PHASE6L_TOP4,False
CB1_CAUR_S_CF2_RI2_TI2_R12__seed691202__it0000138,ts_d2b2b7397f151227baa2,CB1_CAUR_S_CF2_RI2_TI2_R12,ORIGINAL_PHASE6J_CAUR,S,CF2,1,PHASE6N_TOP4,False
CB1_CAUR_S_CF2_RI2_TI2_R12__seed691202__it0000138,ts_f7bc8757eb00d2e72cf9,CB1_CAUR_S_CF2_RI2_TI2_R12,ORIGINAL_PHASE6J_CAUR,S,CF2,1,PHASE6N_TOP4,False
CB1_CAUR_S_CF2_RI2_TI2_R12__seed691202__it0000178,ts_1afafe14bd0aef025df2,CB1_CAUR_S_CF2_RI2_TI2_R12,ORIGINAL_PHASE6J_CAUR,S,CF2,1,PHASE6N_TOP4,False
CB1_CAUR_S_CF2_RI2_TI2_R12__seed691202__it0000178,ts_1cf2c13646af7abab3e3,CB1_CAUR_S_CF2_RI2_TI2_R12,ORIGINAL_PHASE6J_CAUR,S,CF2,1,PHASE6L_TOP4,False
CB1_CAUR_S_CF2_RI2_TI2_R12__seed691202__it0000178,ts_84e03abd7a93907c5e49,CB1_CAUR_S_CF2_RI2_TI2_R12,ORIGINAL_PHASE6J_CAUR,S,CF2,1,PHASE6N_TOP4,False
CB1_CAUR_S_CF2_RI2_TI2_R12__seed691202__it0000178,ts_8d89c73a9e511d1dc93e,CB1_CAUR_S_CF2_RI2_TI2_R12,ORIGINAL_PHASE6J_CAUR,S,CF2,1,PHASE6N_TOP4,False
CB1_CAUR_S_CF2_RI2_TI2_R12__seed691202__it0000178,ts_94f3b6f564244b95bbec,CB1_CAUR_S_CF2_RI2_TI2_R12,ORIGINAL_PHASE6J_CAUR,S,CF2,1,PHASE6L_TOP4,False
CB1_CAUR_S_CF2_RI2_TI2_R12__seed691202__it0000178,ts_d41c4fde09560a8897ec,CB1_CAUR_S_CF2_RI2_TI2_R12,ORIGINAL_PHASE6J_CAUR,S,CF2,1,PHASE6L_TOP4,False
CB1_CAUR_S_CF2_RI2_TI2_R12__seed691202__it0000178,ts_ec66dee31266f6a22731,CB1_CAUR_S_CF2_RI2_TI2_R12,ORIGINAL_PHASE6J_CAUR,S,CF2,1,CANONICAL_FALLBACK|PHASE6L_TOP4|PHASE6N_TOP4,True
CB1_CAUR_S_CF2_RI2_TI2_R12__seed691202__it0000221,ts_2b75e5a4f7b072f86fb1,CB1_CAUR_S_CF2_RI2_TI2_R12,ORIGINAL_PHASE6J_CAUR,S,CF2,1,PHASE6L_TOP4,False
CB1_CAUR_S_CF2_RI2_TI2_R12__seed691202__it0000221,ts_6ea4555cfd2865659d03,CB1_CAUR_S_CF2_RI2_TI2_R12,ORIGINAL_PHASE6J_CAUR,S,CF2,1,PHASE6N_TOP4,False
CB1_CAUR_S_CF2_RI2_TI2_R12__seed691202__it0000221,ts_9ae71f54101da66ad3fe,CB1_CAUR_S_CF2_RI2_TI2_R12,ORIGINAL_PHASE6J_CAUR,S,CF2,1,PHASE6L_TOP4|PHASE6N_TOP4,False
CB1_CAUR_S_CF2_RI2_TI2_R12__seed691202__it0000221,ts_b2c6c005cfceb00d2746,CB1_CAUR_S_CF2_RI2_TI2_R12,ORIGINAL_PHASE6J_CAUR,S,CF2,1,CANONICAL_FALLBACK,True
CB1_CAUR_S_CF2_RI2_TI2_R12__seed691202__it0000221,ts_dfcac3175e1e853551dd,CB1_CAUR_S_CF2_RI2_TI2_R12,ORIGINAL_PHASE6J_CAUR,S,CF2,1,PHASE6L_TOP4|PHASE6N_TOP4,False
CB1_CAUR_S_CF2_RI2_TI2_R12__seed691202__it0000221,ts_e1f783b5d311d0147fd3,CB1_CAUR_S_CF2_RI2_TI2_R12,ORIGINAL_PHASE6J_CAUR,S,CF2,1,PHASE6L_TOP4|PHASE6N_TOP4,False
CB1_CAUR_S_CF2_RI2_TI2_R12__seed691202__it0000260,ts_2a04614e674560a1d9c1,CB1_CAUR_S_CF2_RI2_TI2_R12,ORIGINAL_PHASE6J_CAUR,S,CF2,1,PHASE6N_TOP4,False
CB1_CAUR_S_CF2_RI2_TI2_R12__seed691202__it0000260,ts_2bab308c299ff5db0837,CB1_CAUR_S_CF2_RI2_TI2_R12,ORIGINAL_PHASE6J_CAUR,S,CF2,1,PHASE6L_TOP4,False
CB1_CAUR_S_CF2_RI2_TI2_R12__seed691202__it0000260,ts_447fee74f41f477a4840,CB1_CAUR_S_CF2_RI2_TI2_R12,ORIGINAL_PHASE6J_CAUR,S,CF2,1,PHASE6L_TOP4,False
CB1_CAUR_S_CF2_RI2_TI2_R12__seed691202__it0000260,ts_52d794c4f1cc2ee365eb,CB1_CAUR_S_CF2_RI2_TI2_R12,ORIGINAL_PHASE6J_CAUR,S,CF2,1,PHASE6N_TOP4,False
CB1_CAUR_S_CF2_RI2_TI2_R12__seed691202__it0000260,ts_ccd06936b05e1b4fa860,CB1_CAUR_S_CF2_RI2_TI2_R12,ORIGINAL_PHASE6J_CAUR,S,CF2,1,PHASE6L_TOP4|PHASE6N_TOP4,False
CB1_CAUR_S_CF2_RI2_TI2_R12__seed691202__it0000260,ts_e217a5043995f4fca216,CB1_CAUR_S_CF2_RI2_TI2_R12,ORIGINAL_PHASE6J_CAUR,S,CF2,1,PHASE6L_TOP4|PHASE6N_TOP4,False
CB1_CAUR_S_CF2_RI2_TI2_R12__seed691202__it0000260,ts_ea157caffae2a6bd3f25,CB1_CAUR_S_CF2_RI2_TI2_R12,ORIGINAL_PHASE6J_CAUR,S,CF2,1,CANONICAL_FALLBACK,True
CB1_CAUR_S_CF2_RI2_TI2_R12__seed691202__it0000291,ts_19a9743c5b8ad1fd6914,CB1_CAUR_S_CF2_RI2_TI2_R12,ORIGINAL_PHASE6J_CAUR,S,CF2,1,CANONICAL_FALLBACK,True
CB1_CAUR_S_CF2_RI2_TI2_R12__seed691202__it0000291,ts_4b15c21f1c29acda87ec,CB1_CAUR_S_CF2_RI2_TI2_R12,ORIGINAL_PHASE6J_CAUR,S,CF2,1,PHASE6L_TOP4,False
CB1_CAUR_S_CF2_RI2_TI2_R12__seed691202__it0000291,ts_64c97d3318e2482d5e3a,CB1_CAUR_S_CF2_RI2_TI2_R12,ORIGINAL_PHASE6J_CAUR,S,CF2,1,PHASE6L_TOP4|PHASE6N_TOP4,False
CB1_CAUR_S_CF2_RI2_TI2_R12__seed691202__it0000291,ts_6b0e3508a6c63c61c16f,CB1_CAUR_S_CF2_RI2_TI2_R12,ORIGINAL_PHASE6J_CAUR,S,CF2,1,PHASE6L_TOP4|PHASE6N_TOP4,False
CB1_CAUR_S_CF2_RI2_TI2_R12__seed691202__it0000291,ts_72aa5ed8cad6d8c65d2d,CB1_CAUR_S_CF2_RI2_TI2_R12,ORIGINAL_PHASE6J_CAUR,S,CF2,1,PHASE6L_TOP4,False
CB1_CAUR_S_CF2_RI2_TI2_R12__seed691202__it0000291,ts_8eab1a2425a0e86fc295,CB1_CAUR_S_CF2_RI2_TI2_R12,ORIGINAL_PHASE6J_CAUR,S,CF2,1,PHASE6N_TOP4,False
CB1_CAUR_S_CF2_RI2_TI2_R12__seed691202__it0000291,ts_a028f17c423d0a1989ca,CB1_CAUR_S_CF2_RI2_TI2_R12,ORIGINAL_PHASE6J_CAUR,S,CF2,1,PHASE6N_TOP4,False
CB1_CAUR_S_CF2_RI2_TI2_R12__seed721201__it0000041,ts_501b3ceb57f7768c9938,CB1_CAUR_S_CF2_RI2_TI2_R12,NEW_ALNS_EXPANSION,S,CF2,1,PHASE6N_TOP4,False
CB1_CAUR_S_CF2_RI2_TI2_R12__seed721201__it0000041,ts_6eed008a992f543767f5,CB1_CAUR_S_CF2_RI2_TI2_R12,NEW_ALNS_EXPANSION,S,CF2,1,CANONICAL_FALLBACK,True
CB1_CAUR_S_CF2_RI2_TI2_R12__seed721201__it0000041,ts_abbe81ffe37f82cf4299,CB1_CAUR_S_CF2_RI2_TI2_R12,NEW_ALNS_EXPANSION,S,CF2,1,PHASE6N_TOP4,False
CB1_CAUR_S_CF2_RI2_TI2_R12__seed721201__it0000041,ts_b0a97443c6a6d5e6cee5,CB1_CAUR_S_CF2_RI2_TI2_R12,NEW_ALNS_EXPANSION,S,CF2,1,PHASE6N_TOP4,False
CB1_CAUR_S_CF2_RI2_TI2_R12__seed721201__it0000041,ts_e89dcbbb887923f9cf5e,CB1_CAUR_S_CF2_RI2_TI2_R12,NEW_ALNS_EXPANSION,S,CF2,1,PHASE6N_TOP4,False
CB1_CAUR_S_CF2_RI2_TI2_R12__seed721201__it0000151,ts_0b6ec276578b2b0b717f,CB1_CAUR_S_CF2_RI2_TI2_R12,NEW_ALNS_EXPANSION,S,CF2,1,PHASE6N_TOP4,False
CB1_CAUR_S_CF2_RI2_TI2_R12__seed721201__it0000151,ts_26a32ba5c83cd1dea3a8,CB1_CAUR_S_CF2_RI2_TI2_R12,NEW_ALNS_EXPANSION,S,CF2,1,PHASE6N_TOP4,False
CB1_CAUR_S_CF2_RI2_TI2_R12__seed721201__it0000151,ts_aa4a434a9f8d3ab6994b,CB1_CAUR_S_CF2_RI2_TI2_R12,NEW_ALNS_EXPANSION,S,CF2,1,PHASE6N_TOP4,False
CB1_CAUR_S_CF2_RI2_TI2_R12__seed721201__it0000151,ts_c78552320c542c3bbfc1,CB1_CAUR_S_CF2_RI2_TI2_R12,NEW_ALNS_EXPANSION,S,CF2,1,CANONICAL_FALLBACK,True
CB1_CAUR_S_CF2_RI2_TI2_R12__seed721201__it0000151,ts_cbfc45be68a546fc2a36,CB1_CAUR_S_CF2_RI2_TI2_R12,NEW_ALNS_EXPANSION,S,CF2,1,PHASE6N_TOP4,False
CB1_CAUR_S_CF2_RI2_TI2_R12__seed721201__it0000268,ts_01f602fa4deeba51a636,CB1_CAUR_S_CF2_RI2_TI2_R12,NEW_ALNS_EXPANSION,S,CF2,1,CANONICAL_FALLBACK,True
CB1_CAUR_S_CF2_RI2_TI2_R12__seed721201__it0000268,ts_c9b55189af162669671f,CB1_CAUR_S_CF2_RI2_TI2_R12,NEW_ALNS_EXPANSION,S,CF2,1,PHASE6N_TOP4,False
CB1_CAUR_S_CF2_RI2_TI2_R12__seed721201__it0000268,ts_cc102b52bdea61116b2e,CB1_CAUR_S_CF2_RI2_TI2_R12,NEW_ALNS_EXPANSION,S,CF2,1,PHASE6N_TOP4,False
CB1_CAUR_S_CF2_RI2_TI2_R12__seed721201__it0000268,ts_cfbc77400ac476d2edec,CB1_CAUR_S_CF2_RI2_TI2_R12,NEW_ALNS_EXPANSION,S,CF2,1,PHASE6N_TOP4,False
CB1_CAUR_S_CF2_RI2_TI2_R12__seed721201__it0000268,ts_ef597b74a8c0d77837e1,CB1_CAUR_S_CF2_RI2_TI2_R12,NEW_ALNS_EXPANSION,S,CF2,1,PHASE6N_TOP4,False
CB1_CAUR_S_CF2_RI2_TI2_R12__seed721201__it0000382,ts_1ab1b9415fca8a2777be,CB1_CAUR_S_CF2_RI2_TI2_R12,NEW_ALNS_EXPANSION,S,CF2,1,PHASE6N_TOP4,False
CB1_CAUR_S_CF2_RI2_TI2_R12__seed721201__it0000382,ts_6f90ff3fe7e121e29ef2,CB1_CAUR_S_CF2_RI2_TI2_R12,NEW_ALNS_EXPANSION,S,CF2,1,PHASE6N_TOP4,False
CB1_CAUR_S_CF2_RI2_TI2_R12__seed721201__it0000382,ts_b333a3ecf67dffc4a66b,CB1_CAUR_S_CF2_RI2_TI2_R12,NEW_ALNS_EXPANSION,S,CF2,1,PHASE6N_TOP4,False
CB1_CAUR_S_CF2_RI2_TI2_R12__seed721201__it0000382,ts_c7bad39eec5604d5c365,CB1_CAUR_S_CF2_RI2_TI2_R12,NEW_ALNS_EXPANSION,S,CF2,1,PHASE6N_TOP4,False
CB1_CAUR_S_CF2_RI2_TI2_R12__seed721201__it0000382,ts_eada76752d0f6418a16f,CB1_CAUR_S_CF2_RI2_TI2_R12,NEW_ALNS_EXPANSION,S,CF2,1,CANONICAL_FALLBACK,True
CB1_CAUR_S_CF2_RI2_TI2_R12__seed721201__it0000493,ts_2a07b054a8bab5debfed,CB1_CAUR_S_CF2_RI2_TI2_R12,NEW_ALNS_EXPANSION,S,CF2,1,PHASE6N_TOP4,False
CB1_CAUR_S_CF2_RI2_TI2_R12__seed721201__it0000493,ts_6cf5d0b4160093785fa9,CB1_CAUR_S_CF2_RI2_TI2_R12,NEW_ALNS_EXPANSION,S,CF2,1,CANONICAL_FALLBACK,True
CB1_CAUR_S_CF2_RI2_TI2_R12__seed721201__it0000493,ts_718cb92e887677f1d844,CB1_CAUR_S_CF2_RI2_TI2_R12,NEW_ALNS_EXPANSION,S,CF2,1,PHASE6N_TOP4,False
CB1_CAUR_S_CF2_RI2_TI2_R12__seed721201__it0000493,ts_7957c3694246481024fe,CB1_CAUR_S_CF2_RI2_TI2_R12,NEW_ALNS_EXPANSION,S,CF2,1,PHASE6N_TOP4,False
CB1_CAUR_S_CF2_RI2_TI2_R12__seed721201__it0000493,ts_82a64ae65c4b5e257983,CB1_CAUR_S_CF2_RI2_TI2_R12,NEW_ALNS_EXPANSION,S,CF2,1,PHASE6N_TOP4,False
CB1_CAUR_S_CF2_RI2_TI2_R12__seed721201__it0000615,ts_3afd0f4d9a280214f6ab,CB1_CAUR_S_CF2_RI2_TI2_R12,NEW_ALNS_EXPANSION,S,CF2,1,CANONICAL_FALLBACK|PHASE6N_TOP4,True
CB1_CAUR_S_CF2_RI2_TI2_R12__seed721201__it0000615,ts_84a879edcee9f4e604f3,CB1_CAUR_S_CF2_RI2_TI2_R12,NEW_ALNS_EXPANSION,S,CF2,1,PHASE6N_TOP4,False
CB1_CAUR_S_CF2_RI2_TI2_R12__seed721201__it0000615,ts_b9a10bd46b78df839424,CB1_CAUR_S_CF2_RI2_TI2_R12,NEW_ALNS_EXPANSION,S,CF2,1,PHASE6N_TOP4,False
CB1_CAUR_S_CF2_RI2_TI2_R12__seed721201__it0000615,ts_bb9a90c38e7c53e382a2,CB1_CAUR_S_CF2_RI2_TI2_R12,NEW_ALNS_EXPANSION,S,CF2,1,PHASE6N_TOP4,False
CB1_CAUR_S_CF2_RI2_TI2_R12__seed721201__it0000726,ts_014419b686faeb78a3df,CB1_CAUR_S_CF2_RI2_TI2_R12,NEW_ALNS_EXPANSION,S,CF2,1,PHASE6N_TOP4,False
CB1_CAUR_S_CF2_RI2_TI2_R12__seed721201__it0000726,ts_09a37846abcf7a5e42d8,CB1_CAUR_S_CF2_RI2_TI2_R12,NEW_ALNS_EXPANSION,S,CF2,1,PHASE6N_TOP4,False
CB1_CAUR_S_CF2_RI2_TI2_R12__seed721201__it0000726,ts_4ae4ca12688015bdcd35,CB1_CAUR_S_CF2_RI2_TI2_R12,NEW_ALNS_EXPANSION,S,CF2,1,PHASE6N_TOP4,False
CB1_CAUR_S_CF2_RI2_TI2_R12__seed721201__it0000726,ts_9dbd70d71c0821e08616,CB1_CAUR_S_CF2_RI2_TI2_R12,NEW_ALNS_EXPANSION,S,CF2,1,PHASE6N_TOP4,False
CB1_CAUR_S_CF2_RI2_TI2_R12__seed721201__it0000726,ts_b8a66d5022ba74e2a61e,CB1_CAUR_S_CF2_RI2_TI2_R12,NEW_ALNS_EXPANSION,S,CF2,1,CANONICAL_FALLBACK,True
CB1_CAUR_S_CF2_RI2_TI2_R12__seed721201__it0000812,ts_0bf651ae7ab0d6a9becd,CB1_CAUR_S_CF2_RI2_TI2_R12,NEW_ALNS_EXPANSION,S,CF2,1,PHASE6N_TOP4,False
CB1_CAUR_S_CF2_RI2_TI2_R12__seed721201__it0000812,ts_2107e75258717678e884,CB1_CAUR_S_CF2_RI2_TI2_R12,NEW_ALNS_EXPANSION,S,CF2,1,CANONICAL_FALLBACK,True
CB1_CAUR_S_CF2_RI2_TI2_R12__seed721201__it0000812,ts_bb18099745c4d93f343e,CB1_CAUR_S_CF2_RI2_TI2_R12,NEW_ALNS_EXPANSION,S,CF2,1,PHASE6N_TOP4,False
CB1_CAUR_S_CF2_RI2_TI2_R12__seed721201__it0000812,ts_e98608f94cf55ca8ea40,CB1_CAUR_S_CF2_RI2_TI2_R12,NEW_ALNS_EXPANSION,S,CF2,1,PHASE6N_TOP4,False
CB1_CAUR_S_CF2_RI2_TI2_R12__seed721201__it0000812,ts_fad921d5028786d1649d,CB1_CAUR_S_CF2_RI2_TI2_R12,NEW_ALNS_EXPANSION,S,CF2,1,PHASE6N_TOP4,False
CB1_CAUR_S_CF2_RI2_TI2_R12__seed721202__it0000040,ts_028185b1fc1c77bf2dca,CB1_CAUR_S_CF2_RI2_TI2_R12,NEW_ALNS_EXPANSION,S,CF2,1,PHASE6N_TOP4,False
CB1_CAUR_S_CF2_RI2_TI2_R12__seed721202__it0000040,ts_10fda003a92255ff4529,CB1_CAUR_S_CF2_RI2_TI2_R12,NEW_ALNS_EXPANSION,S,CF2,1,PHASE6N_TOP4,False
CB1_CAUR_S_CF2_RI2_TI2_R12__seed721202__it0000040,ts_2d17fb0f5e3f54a57499,CB1_CAUR_S_CF2_RI2_TI2_R12,NEW_ALNS_EXPANSION,S,CF2,1,PHASE6N_TOP4,False
CB1_CAUR_S_CF2_RI2_TI2_R12__seed721202__it0000040,ts_646035ada579beb4d160,CB1_CAUR_S_CF2_RI2_TI2_R12,NEW_ALNS_EXPANSION,S,CF2,1,PHASE6N_TOP4,False
CB1_CAUR_S_CF2_RI2_TI2_R12__seed721202__it0000040,ts_a98b021226f246fbe5c0,CB1_CAUR_S_CF2_RI2_TI2_R12,NEW_ALNS_EXPANSION,S,CF2,1,CANONICAL_FALLBACK,True
CB1_CAUR_S_CF2_RI2_TI2_R12__seed721202__it0000151,ts_0456b145f7d5d702bbb7,CB1_CAUR_S_CF2_RI2_TI2_R12,NEW_ALNS_EXPANSION,S,CF2,1,CANONICAL_FALLBACK,True
CB1_CAUR_S_CF2_RI2_TI2_R12__seed721202__it0000151,ts_16214cb2d49e158dfa4a,CB1_CAUR_S_CF2_RI2_TI2_R12,NEW_ALNS_EXPANSION,S,CF2,1,PHASE6N_TOP4,False
CB1_CAUR_S_CF2_RI2_TI2_R12__seed721202__it0000151,ts_29e051171b5c131aa8d3,CB1_CAUR_S_CF2_RI2_TI2_R12,NEW_ALNS_EXPANSION,S,CF2,1,PHASE6N_TOP4,False
CB1_CAUR_S_CF2_RI2_TI2_R12__seed721202__it0000151,ts_617b523fa7813de76e72,CB1_CAUR_S_CF2_RI2_TI2_R12,NEW_ALNS_EXPANSION,S,CF2,1,PHASE6N_TOP4,False
CB1_CAUR_S_CF2_RI2_TI2_R12__seed721202__it0000151,ts_ebec3112fe685fd0e5d8,CB1_CAUR_S_CF2_RI2_TI2_R12,NEW_ALNS_EXPANSION,S,CF2,1,PHASE6N_TOP4,False
CB1_CAUR_S_CF2_RI2_TI2_R12__seed721202__it0000273,ts_41db676e7310082f90de,CB1_CAUR_S_CF2_RI2_TI2_R12,NEW_ALNS_EXPANSION,S,CF2,1,PHASE6N_TOP4,False
CB1_CAUR_S_CF2_RI2_TI2_R12__seed721202__it0000273,ts_659a7ce2491cd7b16c39,CB1_CAUR_S_CF2_RI2_TI2_R12,NEW_ALNS_EXPANSION,S,CF2,1,PHASE6N_TOP4,False
CB1_CAUR_S_CF2_RI2_TI2_R12__seed721202__it0000273,ts_89f60e21b61cbb97dc14,CB1_CAUR_S_CF2_RI2_TI2_R12,NEW_ALNS_EXPANSION,S,CF2,1,PHASE6N_TOP4,False
CB1_CAUR_S_CF2_RI2_TI2_R12__seed721202__it0000273,ts_8c8a92afea67517750f9,CB1_CAUR_S_CF2_RI2_TI2_R12,NEW_ALNS_EXPANSION,S,CF2,1,CANONICAL_FALLBACK,True
CB1_CAUR_S_CF2_RI2_TI2_R12__seed721202__it0000273,ts_9a403752674998278e71,CB1_CAUR_S_CF2_RI2_TI2_R12,NEW_ALNS_EXPANSION,S,CF2,1,PHASE6N_TOP4,False
CB1_CAUR_S_CF2_RI2_TI2_R12__seed721202__it0000383,ts_0785add9d54c1fc51133,CB1_CAUR_S_CF2_RI2_TI2_R12,NEW_ALNS_EXPANSION,S,CF2,1,PHASE6N_TOP4,False
CB1_CAUR_S_CF2_RI2_TI2_R12__seed721202__it0000383,ts_3cf62e31b0e23689ba62,CB1_CAUR_S_CF2_RI2_TI2_R12,NEW_ALNS_EXPANSION,S,CF2,1,PHASE6N_TOP4,False
CB1_CAUR_S_CF2_RI2_TI2_R12__seed721202__it0000383,ts_66e7d4186b9708f7fb10,CB1_CAUR_S_CF2_RI2_TI2_R12,NEW_ALNS_EXPANSION,S,CF2,1,PHASE6N_TOP4,False
CB1_CAUR_S_CF2_RI2_TI2_R12__seed721202__it0000383,ts_d396a990f34fabb9f19f,CB1_CAUR_S_CF2_RI2_TI2_R12,NEW_ALNS_EXPANSION,S,CF2,1,PHASE6N_TOP4,False
CB1_CAUR_S_CF2_RI2_TI2_R12__seed721202__it0000383,ts_ed0b7acf6e75d52b1440,CB1_CAUR_S_CF2_RI2_TI2_R12,NEW_ALNS_EXPANSION,S,CF2,1,CANONICAL_FALLBACK,True
CB1_CAUR_S_CF2_RI2_TI2_R12__seed721202__it0000496,ts_103a44869942a14abc45,CB1_CAUR_S_CF2_RI2_TI2_R12,NEW_ALNS_EXPANSION,S,CF2,1,PHASE6N_TOP4,False
CB1_CAUR_S_CF2_RI2_TI2_R12__seed721202__it0000496,ts_6b1290004a9dae3bb3a1,CB1_CAUR_S_CF2_RI2_TI2_R12,NEW_ALNS_EXPANSION,S,CF2,1,PHASE6N_TOP4,False
CB1_CAUR_S_CF2_RI2_TI2_R12__seed721202__it0000496,ts_78275bd8b81b71912249,CB1_CAUR_S_CF2_RI2_TI2_R12,NEW_ALNS_EXPANSION,S,CF2,1,PHASE6N_TOP4,False
CB1_CAUR_S_CF2_RI2_TI2_R12__seed721202__it0000496,ts_90f0c7d1d55b459d8002,CB1_CAUR_S_CF2_RI2_TI2_R12,NEW_ALNS_EXPANSION,S,CF2,1,PHASE6N_TOP4,False
CB1_CAUR_S_CF2_RI2_TI2_R12__seed721202__it0000496,ts_c5e2da7f08840c2f598b,CB1_CAUR_S_CF2_RI2_TI2_R12,NEW_ALNS_EXPANSION,S,CF2,1,CANONICAL_FALLBACK,True
CB1_CAUR_S_CF2_RI2_TI2_R12__seed721202__it0000614,ts_2e5f07d431c264990a22,CB1_CAUR_S_CF2_RI2_TI2_R12,NEW_ALNS_EXPANSION,S,CF2,1,PHASE6N_TOP4,False
CB1_CAUR_S_CF2_RI2_TI2_R12__seed721202__it0000614,ts_51a97f46c6cde99c0777,CB1_CAUR_S_CF2_RI2_TI2_R12,NEW_ALNS_EXPANSION,S,CF2,1,CANONICAL_FALLBACK,True
CB1_CAUR_S_CF2_RI2_TI2_R12__seed721202__it0000614,ts_928e4e39506bb531b4c2,CB1_CAUR_S_CF2_RI2_TI2_R12,NEW_ALNS_EXPANSION,S,CF2,1,PHASE6N_TOP4,False
CB1_CAUR_S_CF2_RI2_TI2_R12__seed721202__it0000614,ts_b756c9699980ead7475b,CB1_CAUR_S_CF2_RI2_TI2_R12,NEW_ALNS_EXPANSION,S,CF2,1,PHASE6N_TOP4,False
CB1_CAUR_S_CF2_RI2_TI2_R12__seed721202__it0000614,ts_effeb1648c4737480e6f,CB1_CAUR_S_CF2_RI2_TI2_R12,NEW_ALNS_EXPANSION,S,CF2,1,PHASE6N_TOP4,False
CB1_CAUR_S_CF2_RI2_TI2_R12__seed721202__it0000727,ts_17943ad54f1ab62fb5b6,CB1_CAUR_S_CF2_RI2_TI2_R12,NEW_ALNS_EXPANSION,S,CF2,1,PHASE6N_TOP4,False
CB1_CAUR_S_CF2_RI2_TI2_R12__seed721202__it0000727,ts_43bc945c316d4a87e7cc,CB1_CAUR_S_CF2_RI2_TI2_R12,NEW_ALNS_EXPANSION,S,CF2,1,PHASE6N_TOP4,False
CB1_CAUR_S_CF2_RI2_TI2_R12__seed721202__it0000727,ts_adf156cf44f4dd9c3a9c,CB1_CAUR_S_CF2_RI2_TI2_R12,NEW_ALNS_EXPANSION,S,CF2,1,CANONICAL_FALLBACK,True
CB1_CAUR_S_CF2_RI2_TI2_R12__seed721202__it0000727,ts_d6111f1459a150450214,CB1_CAUR_S_CF2_RI2_TI2_R12,NEW_ALNS_EXPANSION,S,CF2,1,PHASE6N_TOP4,False
CB1_CAUR_S_CF2_RI2_TI2_R12__seed721202__it0000727,ts_d8c805e404afb079604a,CB1_CAUR_S_CF2_RI2_TI2_R12,NEW_ALNS_EXPANSION,S,CF2,1,PHASE6N_TOP4,False
CB1_CAUR_S_CF2_RI2_TI2_R12__seed721202__it0000813,ts_1ce7dae617a9da6f794a,CB1_CAUR_S_CF2_RI2_TI2_R12,NEW_ALNS_EXPANSION,S,CF2,1,PHASE6N_TOP4,False
CB1_CAUR_S_CF2_RI2_TI2_R12__seed721202__it0000813,ts_b69b582ed277566c8876,CB1_CAUR_S_CF2_RI2_TI2_R12,NEW_ALNS_EXPANSION,S,CF2,1,CANONICAL_FALLBACK,True
CB1_CAUR_S_CF2_RI2_TI2_R12__seed721202__it0000813,ts_ba39114821b84916c00e,CB1_CAUR_S_CF2_RI2_TI2_R12,NEW_ALNS_EXPANSION,S,CF2,1,PHASE6N_TOP4,False
CB1_CAUR_S_CF2_RI2_TI2_R12__seed721202__it0000813,ts_e0d44e2aa2bc03f928bf,CB1_CAUR_S_CF2_RI2_TI2_R12,NEW_ALNS_EXPANSION,S,CF2,1,PHASE6N_TOP4,False
CB1_CAUR_S_CF2_RI2_TI2_R12__seed721202__it0000813,ts_f26541b290c4b8bc8f9a,CB1_CAUR_S_CF2_RI2_TI2_R12,NEW_ALNS_EXPANSION,S,CF2,1,PHASE6N_TOP4,False
CB1_CAUR_S_CF2_RI2_TI2_R12__seed721203__it0000039,ts_625d663351df783c1948,CB1_CAUR_S_CF2_RI2_TI2_R12,NEW_ALNS_EXPANSION,S,CF2,1,PHASE6N_TOP4,False
CB1_CAUR_S_CF2_RI2_TI2_R12__seed721203__it0000039,ts_6fa4acea29db1566dda9,CB1_CAUR_S_CF2_RI2_TI2_R12,NEW_ALNS_EXPANSION,S,CF2,1,PHASE6N_TOP4,False
CB1_CAUR_S_CF2_RI2_TI2_R12__seed721203__it0000039,ts_cb22be0c1177f0719368,CB1_CAUR_S_CF2_RI2_TI2_R12,NEW_ALNS_EXPANSION,S,CF2,1,PHASE6N_TOP4,False
CB1_CAUR_S_CF2_RI2_TI2_R12__seed721203__it0000039,ts_d8b78b4c28a8a2f88d27,CB1_CAUR_S_CF2_RI2_TI2_R12,NEW_ALNS_EXPANSION,S,CF2,1,CANONICAL_FALLBACK,True
CB1_CAUR_S_CF2_RI2_TI2_R12__seed721203__it0000039,ts_e720c5f2867a75b1bc3e,CB1_CAUR_S_CF2_RI2_TI2_R12,NEW_ALNS_EXPANSION,S,CF2,1,PHASE6N_TOP4,False
CB1_CAUR_S_CF2_RI2_TI2_R12__seed721203__it0000153,ts_8179e2cfe09f7887aad2,CB1_CAUR_S_CF2_RI2_TI2_R12,NEW_ALNS_EXPANSION,S,CF2,1,CANONICAL_FALLBACK,True
CB1_CAUR_S_CF2_RI2_TI2_R12__seed721203__it0000153,ts_e1795974b61716c58446,CB1_CAUR_S_CF2_RI2_TI2_R12,NEW_ALNS_EXPANSION,S,CF2,1,PHASE6N_TOP4,False
CB1_CAUR_S_CF2_RI2_TI2_R12__seed721203__it0000153,ts_e582aabc9005d222b42a,CB1_CAUR_S_CF2_RI2_TI2_R12,NEW_ALNS_EXPANSION,S,CF2,1,PHASE6N_TOP4,False
CB1_CAUR_S_CF2_RI2_TI2_R12__seed721203__it0000153,ts_e714559aa00fb2071729,CB1_CAUR_S_CF2_RI2_TI2_R12,NEW_ALNS_EXPANSION,S,CF2,1,PHASE6N_TOP4,False
CB1_CAUR_S_CF2_RI2_TI2_R12__seed721203__it0000153,ts_fabeaeaab8fe3b18384d,CB1_CAUR_S_CF2_RI2_TI2_R12,NEW_ALNS_EXPANSION,S,CF2,1,PHASE6N_TOP4,False
CB1_CAUR_S_CF2_RI2_TI2_R12__seed721203__it0000271,ts_1faabe60b75985be44be,CB1_CAUR_S_CF2_RI2_TI2_R12,NEW_ALNS_EXPANSION,S,CF2,1,PHASE6N_TOP4,False
CB1_CAUR_S_CF2_RI2_TI2_R12__seed721203__it0000271,ts_8804a0fd635bbc502443,CB1_CAUR_S_CF2_RI2_TI2_R12,NEW_ALNS_EXPANSION,S,CF2,1,CANONICAL_FALLBACK,True
CB1_CAUR_S_CF2_RI2_TI2_R12__seed721203__it0000271,ts_a8faefed8c85faa80cc8,CB1_CAUR_S_CF2_RI2_TI2_R12,NEW_ALNS_EXPANSION,S,CF2,1,PHASE6N_TOP4,False
CB1_CAUR_S_CF2_RI2_TI2_R12__seed721203__it0000271,ts_c8a1d8df7125085fb5f6,CB1_CAUR_S_CF2_RI2_TI2_R12,NEW_ALNS_EXPANSION,S,CF2,1,PHASE6N_TOP4,False
CB1_CAUR_S_CF2_RI2_TI2_R12__seed721203__it0000271,ts_d2eb80fa0ef24b6e4da0,CB1_CAUR_S_CF2_RI2_TI2_R12,NEW_ALNS_EXPANSION,S,CF2,1,PHASE6N_TOP4,False
CB1_CAUR_S_CF2_RI2_TI2_R12__seed721203__it0000382,ts_4b23c025e88351270853,CB1_CAUR_S_CF2_RI2_TI2_R12,NEW_ALNS_EXPANSION,S,CF2,1,PHASE6N_TOP4,False
CB1_CAUR_S_CF2_RI2_TI2_R12__seed721203__it0000382,ts_541a7dede88b18886ce3,CB1_CAUR_S_CF2_RI2_TI2_R12,NEW_ALNS_EXPANSION,S,CF2,1,CANONICAL_FALLBACK|PHASE6N_TOP4,True
CB1_CAUR_S_CF2_RI2_TI2_R12__seed721203__it0000382,ts_7d99ef15674bb4414798,CB1_CAUR_S_CF2_RI2_TI2_R12,NEW_ALNS_EXPANSION,S,CF2,1,PHASE6N_TOP4,False
CB1_CAUR_S_CF2_RI2_TI2_R12__seed721203__it0000382,ts_8e1340f59f1c629ce533,CB1_CAUR_S_CF2_RI2_TI2_R12,NEW_ALNS_EXPANSION,S,CF2,1,PHASE6N_TOP4,False
CB1_CAUR_S_CF2_RI2_TI2_R12__seed721203__it0000490,ts_210be0858c163c2d23fd,CB1_CAUR_S_CF2_RI2_TI2_R12,NEW_ALNS_EXPANSION,S,CF2,1,CANONICAL_FALLBACK,True
CB1_CAUR_S_CF2_RI2_TI2_R12__seed721203__it0000490,ts_4b4b2aa4a222028e2cca,CB1_CAUR_S_CF2_RI2_TI2_R12,NEW_ALNS_EXPANSION,S,CF2,1,PHASE6N_TOP4,False
CB1_CAUR_S_CF2_RI2_TI2_R12__seed721203__it0000490,ts_742e9786d56e37213380,CB1_CAUR_S_CF2_RI2_TI2_R12,NEW_ALNS_EXPANSION,S,CF2,1,PHASE6N_TOP4,False
CB1_CAUR_S_CF2_RI2_TI2_R12__seed721203__it0000490,ts_8e0fbc73868d116e0513,CB1_CAUR_S_CF2_RI2_TI2_R12,NEW_ALNS_EXPANSION,S,CF2,1,PHASE6N_TOP4,False
CB1_CAUR_S_CF2_RI2_TI2_R12__seed721203__it0000490,ts_dddf720bb2cafb45eb0c,CB1_CAUR_S_CF2_RI2_TI2_R12,NEW_ALNS_EXPANSION,S,CF2,1,PHASE6N_TOP4,False
CB1_CAUR_S_CF2_RI2_TI2_R12__seed721203__it0000607,ts_3d68bd428a84898df8a3,CB1_CAUR_S_CF2_RI2_TI2_R12,NEW_ALNS_EXPANSION,S,CF2,1,PHASE6N_TOP4,False
CB1_CAUR_S_CF2_RI2_TI2_R12__seed721203__it0000607,ts_6662a3eb5e011b6c7cbd,CB1_CAUR_S_CF2_RI2_TI2_R12,NEW_ALNS_EXPANSION,S,CF2,1,PHASE6N_TOP4,False
CB1_CAUR_S_CF2_RI2_TI2_R12__seed721203__it0000607,ts_667e94aad90524ac5f24,CB1_CAUR_S_CF2_RI2_TI2_R12,NEW_ALNS_EXPANSION,S,CF2,1,CANONICAL_FALLBACK,True
CB1_CAUR_S_CF2_RI2_TI2_R12__seed721203__it0000607,ts_a3e650ee2dd4e3ac681c,CB1_CAUR_S_CF2_RI2_TI2_R12,NEW_ALNS_EXPANSION,S,CF2,1,PHASE6N_TOP4,False
CB1_CAUR_S_CF2_RI2_TI2_R12__seed721203__it0000607,ts_b32ec9cd13b9840351d7,CB1_CAUR_S_CF2_RI2_TI2_R12,NEW_ALNS_EXPANSION,S,CF2,1,PHASE6N_TOP4,False
CB1_CAUR_S_CF2_RI2_TI2_R12__seed721203__it0000718,ts_27490ac147541c5c1864,CB1_CAUR_S_CF2_RI2_TI2_R12,NEW_ALNS_EXPANSION,S,CF2,1,PHASE6N_TOP4,False
CB1_CAUR_S_CF2_RI2_TI2_R12__seed721203__it0000718,ts_54860cdd25f2d2c61d22,CB1_CAUR_S_CF2_RI2_TI2_R12,NEW_ALNS_EXPANSION,S,CF2,1,PHASE6N_TOP4,False
CB1_CAUR_S_CF2_RI2_TI2_R12__seed721203__it0000718,ts_cd80cab40046debeb26c,CB1_CAUR_S_CF2_RI2_TI2_R12,NEW_ALNS_EXPANSION,S,CF2,1,PHASE6N_TOP4,False
CB1_CAUR_S_CF2_RI2_TI2_R12__seed721203__it0000718,ts_df23e57876b3a4f08691,CB1_CAUR_S_CF2_RI2_TI2_R12,NEW_ALNS_EXPANSION,S,CF2,1,PHASE6N_TOP4,False
CB1_CAUR_S_CF2_RI2_TI2_R12__seed721203__it0000718,ts_e74a76b3de2f8b3f339f,CB1_CAUR_S_CF2_RI2_TI2_R12,NEW_ALNS_EXPANSION,S,CF2,1,CANONICAL_FALLBACK,True
CB1_CAUR_S_CF2_RI2_TI2_R12__seed721203__it0000801,ts_1d7d0c9c4765d90627bc,CB1_CAUR_S_CF2_RI2_TI2_R12,NEW_ALNS_EXPANSION,S,CF2,1,PHASE6N_TOP4,False
CB1_CAUR_S_CF2_RI2_TI2_R12__seed721203__it0000801,ts_6fdf33e7f2858b54bf8d,CB1_CAUR_S_CF2_RI2_TI2_R12,NEW_ALNS_EXPANSION,S,CF2,1,CANONICAL_FALLBACK,True
CB1_CAUR_S_CF2_RI2_TI2_R12__seed721203__it0000801,ts_8a872236af7944f58d30,CB1_CAUR_S_CF2_RI2_TI2_R12,NEW_ALNS_EXPANSION,S,CF2,1,PHASE6N_TOP4,False
CB1_CAUR_S_CF2_RI2_TI2_R12__seed721203__it0000801,ts_c898f9d00bfa82bac614,CB1_CAUR_S_CF2_RI2_TI2_R12,NEW_ALNS_EXPANSION,S,CF2,1,PHASE6N_TOP4,False
CB1_CAUR_S_CF2_RI2_TI2_R12__seed721203__it0000801,ts_ddab5a0b967e7b0b38b4,CB1_CAUR_S_CF2_RI2_TI2_R12,NEW_ALNS_EXPANSION,S,CF2,1,PHASE6N_TOP4,False
CB1_CAUR_S_CF2_RI2_TI2_R12__seed721204__it0000038,ts_0a9cd01c868850e9c66f,CB1_CAUR_S_CF2_RI2_TI2_R12,NEW_ALNS_EXPANSION,S,CF2,1,PHASE6N_TOP4,False
CB1_CAUR_S_CF2_RI2_TI2_R12__seed721204__it0000038,ts_1cf5a072fc028cc7559c,CB1_CAUR_S_CF2_RI2_TI2_R12,NEW_ALNS_EXPANSION,S,CF2,1,PHASE6N_TOP4,False
CB1_CAUR_S_CF2_RI2_TI2_R12__seed721204__it0000038,ts_4d9c88880764f2af8cd5,CB1_CAUR_S_CF2_RI2_TI2_R12,NEW_ALNS_EXPANSION,S,CF2,1,PHASE6N_TOP4,False
CB1_CAUR_S_CF2_RI2_TI2_R12__seed721204__it0000038,ts_72e1d4780ec0129702b4,CB1_CAUR_S_CF2_RI2_TI2_R12,NEW_ALNS_EXPANSION,S,CF2,1,PHASE6N_TOP4,False
CB1_CAUR_S_CF2_RI2_TI2_R12__seed721204__it0000038,ts_9ead9de8430999453707,CB1_CAUR_S_CF2_RI2_TI2_R12,NEW_ALNS_EXPANSION,S,CF2,1,CANONICAL_FALLBACK,True
CB1_CAUR_S_CF2_RI2_TI2_R12__seed721204__it0000149,ts_08c94d9e4e2e68f9146b,CB1_CAUR_S_CF2_RI2_TI2_R12,NEW_ALNS_EXPANSION,S,CF2,1,PHASE6N_TOP4,False
CB1_CAUR_S_CF2_RI2_TI2_R12__seed721204__it0000149,ts_1e559a466e44a756e1f4,CB1_CAUR_S_CF2_RI2_TI2_R12,NEW_ALNS_EXPANSION,S,CF2,1,PHASE6N_TOP4,False
CB1_CAUR_S_CF2_RI2_TI2_R12__seed721204__it0000149,ts_6d1f60d02c1a97c39e09,CB1_CAUR_S_CF2_RI2_TI2_R12,NEW_ALNS_EXPANSION,S,CF2,1,CANONICAL_FALLBACK,True
CB1_CAUR_S_CF2_RI2_TI2_R12__seed721204__it0000149,ts_8749fe623532cc949b1b,CB1_CAUR_S_CF2_RI2_TI2_R12,NEW_ALNS_EXPANSION,S,CF2,1,PHASE6N_TOP4,False
CB1_CAUR_S_CF2_RI2_TI2_R12__seed721204__it0000149,ts_b159c501630a977fee3b,CB1_CAUR_S_CF2_RI2_TI2_R12,NEW_ALNS_EXPANSION,S,CF2,1,PHASE6N_TOP4,False
CB1_CAUR_S_CF2_RI2_TI2_R12__seed721204__it0000268,ts_470d15ee1a7ee4d2078c,CB1_CAUR_S_CF2_RI2_TI2_R12,NEW_ALNS_EXPANSION,S,CF2,1,PHASE6N_TOP4,False
CB1_CAUR_S_CF2_RI2_TI2_R12__seed721204__it0000268,ts_698a41e0de482680b811,CB1_CAUR_S_CF2_RI2_TI2_R12,NEW_ALNS_EXPANSION,S,CF2,1,CANONICAL_FALLBACK,True
CB1_CAUR_S_CF2_RI2_TI2_R12__seed721204__it0000268,ts_6d23ec20513a18561580,CB1_CAUR_S_CF2_RI2_TI2_R12,NEW_ALNS_EXPANSION,S,CF2,1,PHASE6N_TOP4,False
CB1_CAUR_S_CF2_RI2_TI2_R12__seed721204__it0000268,ts_bf6578a58ae4b82f2db0,CB1_CAUR_S_CF2_RI2_TI2_R12,NEW_ALNS_EXPANSION,S,CF2,1,PHASE6N_TOP4,False
CB1_CAUR_S_CF2_RI2_TI2_R12__seed721204__it0000268,ts_f450a0ed89abd7a2e493,CB1_CAUR_S_CF2_RI2_TI2_R12,NEW_ALNS_EXPANSION,S,CF2,1,PHASE6N_TOP4,False
CB1_CAUR_S_CF2_RI2_TI2_R12__seed721204__it0000380,ts_09c024babc5e33063ddd,CB1_CAUR_S_CF2_RI2_TI2_R12,NEW_ALNS_EXPANSION,S,CF2,1,CANONICAL_FALLBACK,True
CB1_CAUR_S_CF2_RI2_TI2_R12__seed721204__it0000380,ts_5a3d8f74d4fce5ef8995,CB1_CAUR_S_CF2_RI2_TI2_R12,NEW_ALNS_EXPANSION,S,CF2,1,PHASE6N_TOP4,False
CB1_CAUR_S_CF2_RI2_TI2_R12__seed721204__it0000380,ts_7b2278a5de279ceef376,CB1_CAUR_S_CF2_RI2_TI2_R12,NEW_ALNS_EXPANSION,S,CF2,1,PHASE6N_TOP4,False
CB1_CAUR_S_CF2_RI2_TI2_R12__seed721204__it0000380,ts_96e1631b1d832d9be8b2,CB1_CAUR_S_CF2_RI2_TI2_R12,NEW_ALNS_EXPANSION,S,CF2,1,PHASE6N_TOP4,False
CB1_CAUR_S_CF2_RI2_TI2_R12__seed721204__it0000380,ts_da9328dbb261fef3f523,CB1_CAUR_S_CF2_RI2_TI2_R12,NEW_ALNS_EXPANSION,S,CF2,1,PHASE6N_TOP4,False
CB1_CAUR_S_CF2_RI2_TI2_R12__seed721204__it0000492,ts_15b947bf7cd8d18eef7c,CB1_CAUR_S_CF2_RI2_TI2_R12,NEW_ALNS_EXPANSION,S,CF2,1,PHASE6N_TOP4,False
CB1_CAUR_S_CF2_RI2_TI2_R12__seed721204__it0000492,ts_84b3c6c56ed0cc9057d6,CB1_CAUR_S_CF2_RI2_TI2_R12,NEW_ALNS_EXPANSION,S,CF2,1,PHASE6N_TOP4,False
CB1_CAUR_S_CF2_RI2_TI2_R12__seed721204__it0000492,ts_b0a2caafd4cdc2b84f87,CB1_CAUR_S_CF2_RI2_TI2_R12,NEW_ALNS_EXPANSION,S,CF2,1,CANONICAL_FALLBACK,True
CB1_CAUR_S_CF2_RI2_TI2_R12__seed721204__it0000492,ts_cae921f1d29e9539bc31,CB1_CAUR_S_CF2_RI2_TI2_R12,NEW_ALNS_EXPANSION,S,CF2,1,PHASE6N_TOP4,False
CB1_CAUR_S_CF2_RI2_TI2_R12__seed721204__it0000492,ts_dcabe51e7a071d084f0b,CB1_CAUR_S_CF2_RI2_TI2_R12,NEW_ALNS_EXPANSION,S,CF2,1,PHASE6N_TOP4,False
CB1_CAUR_S_CF2_RI2_TI2_R12__seed721204__it0000616,ts_25df41a4b79f4d190f51,CB1_CAUR_S_CF2_RI2_TI2_R12,NEW_ALNS_EXPANSION,S,CF2,1,PHASE6N_TOP4,False
CB1_CAUR_S_CF2_RI2_TI2_R12__seed721204__it0000616,ts_47939bdd7c4ed2ee7f0e,CB1_CAUR_S_CF2_RI2_TI2_R12,NEW_ALNS_EXPANSION,S,CF2,1,PHASE6N_TOP4,False
CB1_CAUR_S_CF2_RI2_TI2_R12__seed721204__it0000616,ts_9fb29244f8a457afb23f,CB1_CAUR_S_CF2_RI2_TI2_R12,NEW_ALNS_EXPANSION,S,CF2,1,PHASE6N_TOP4,False
CB1_CAUR_S_CF2_RI2_TI2_R12__seed721204__it0000616,ts_b3043e720918501749cb,CB1_CAUR_S_CF2_RI2_TI2_R12,NEW_ALNS_EXPANSION,S,CF2,1,CANONICAL_FALLBACK,True
CB1_CAUR_S_CF2_RI2_TI2_R12__seed721204__it0000616,ts_d966f94aa326e02935e7,CB1_CAUR_S_CF2_RI2_TI2_R12,NEW_ALNS_EXPANSION,S,CF2,1,PHASE6N_TOP4,False
CB1_CAUR_S_CF2_RI2_TI2_R12__seed721204__it0000728,ts_06cca288cbff11c0bb11,CB1_CAUR_S_CF2_RI2_TI2_R12,NEW_ALNS_EXPANSION,S,CF2,1,CANONICAL_FALLBACK,True
CB1_CAUR_S_CF2_RI2_TI2_R12__seed721204__it0000728,ts_882b3faf8785ad5ca388,CB1_CAUR_S_CF2_RI2_TI2_R12,NEW_ALNS_EXPANSION,S,CF2,1,PHASE6N_TOP4,False
CB1_CAUR_S_CF2_RI2_TI2_R12__seed721204__it0000728,ts_980029441952d15a5f98,CB1_CAUR_S_CF2_RI2_TI2_R12,NEW_ALNS_EXPANSION,S,CF2,1,PHASE6N_TOP4,False
CB1_CAUR_S_CF2_RI2_TI2_R12__seed721204__it0000728,ts_b677b4e1eee257678de1,CB1_CAUR_S_CF2_RI2_TI2_R12,NEW_ALNS_EXPANSION,S,CF2,1,PHASE6N_TOP4,False
CB1_CAUR_S_CF2_RI2_TI2_R12__seed721204__it0000728,ts_d62b900b036dd5b6e5e8,CB1_CAUR_S_CF2_RI2_TI2_R12,NEW_ALNS_EXPANSION,S,CF2,1,PHASE6N_TOP4,False
CB1_CAUR_S_CF2_RI2_TI2_R12__seed721204__it0000814,ts_aba42195507fd9bd2dfb,CB1_CAUR_S_CF2_RI2_TI2_R12,NEW_ALNS_EXPANSION,S,CF2,1,PHASE6N_TOP4,False
CB1_CAUR_S_CF2_RI2_TI2_R12__seed721204__it0000814,ts_ae8005f88519a1e63600,CB1_CAUR_S_CF2_RI2_TI2_R12,NEW_ALNS_EXPANSION,S,CF2,1,PHASE6N_TOP4,False
CB1_CAUR_S_CF2_RI2_TI2_R12__seed721204__it0000814,ts_cc6bdb226fca7c2e8f31,CB1_CAUR_S_CF2_RI2_TI2_R12,NEW_ALNS_EXPANSION,S,CF2,1,PHASE6N_TOP4,False
CB1_CAUR_S_CF2_RI2_TI2_R12__seed721204__it0000814,ts_d3eee6f9be5d97cb7d25,CB1_CAUR_S_CF2_RI2_TI2_R12,NEW_ALNS_EXPANSION,S,CF2,1,PHASE6N_TOP4,False
CB1_CAUR_S_CF2_RI2_TI2_R12__seed721204__it0000814,ts_d76831c7ddb6c9533da2,CB1_CAUR_S_CF2_RI2_TI2_R12,NEW_ALNS_EXPANSION,S,CF2,1,CANONICAL_FALLBACK,True
CB1_CAUR_S_CF3_RI2_TI2_R12_C02__seed691201__it0000014,ts_67eadadc69d86a99a355,CB1_CAUR_S_CF3_RI2_TI2_R12_C02,ORIGINAL_PHASE6J_CAUR,S,CF3,2,PHASE6L_TOP4,False
CB1_CAUR_S_CF3_RI2_TI2_R12_C02__seed691201__it0000014,ts_724ee0cce3c914f3d929,CB1_CAUR_S_CF3_RI2_TI2_R12_C02,ORIGINAL_PHASE6J_CAUR,S,CF3,2,PHASE6N_TOP4,False
CB1_CAUR_S_CF3_RI2_TI2_R12_C02__seed691201__it0000014,ts_7298b8ffba7b76fcfa87,CB1_CAUR_S_CF3_RI2_TI2_R12_C02,ORIGINAL_PHASE6J_CAUR,S,CF3,2,PHASE6L_TOP4|PHASE6N_TOP4,False
CB1_CAUR_S_CF3_RI2_TI2_R12_C02__seed691201__it0000014,ts_89799866f4fc0db5e745,CB1_CAUR_S_CF3_RI2_TI2_R12_C02,ORIGINAL_PHASE6J_CAUR,S,CF3,2,CANONICAL_FALLBACK,True
CB1_CAUR_S_CF3_RI2_TI2_R12_C02__seed691201__it0000014,ts_984e0fef6431550a3fba,CB1_CAUR_S_CF3_RI2_TI2_R12_C02,ORIGINAL_PHASE6J_CAUR,S,CF3,2,PHASE6L_TOP4,False
CB1_CAUR_S_CF3_RI2_TI2_R12_C02__seed691201__it0000014,ts_d31659086210f1e0cf82,CB1_CAUR_S_CF3_RI2_TI2_R12_C02,ORIGINAL_PHASE6J_CAUR,S,CF3,2,PHASE6N_TOP4,False
CB1_CAUR_S_CF3_RI2_TI2_R12_C02__seed691201__it0000014,ts_eb672df4ca5062cf26cf,CB1_CAUR_S_CF3_RI2_TI2_R12_C02,ORIGINAL_PHASE6J_CAUR,S,CF3,2,PHASE6L_TOP4|PHASE6N_TOP4,False
CB1_CAUR_S_CF3_RI2_TI2_R12_C02__seed691201__it0000054,ts_0cbd9f22f577cf26a497,CB1_CAUR_S_CF3_RI2_TI2_R12_C02,ORIGINAL_PHASE6J_CAUR,S,CF3,2,CANONICAL_FALLBACK,True
CB1_CAUR_S_CF3_RI2_TI2_R12_C02__seed691201__it0000054,ts_64301695f16d59fa739b,CB1_CAUR_S_CF3_RI2_TI2_R12_C02,ORIGINAL_PHASE6J_CAUR,S,CF3,2,PHASE6L_TOP4,False
CB1_CAUR_S_CF3_RI2_TI2_R12_C02__seed691201__it0000054,ts_79ae8f95f2ed1169c329,CB1_CAUR_S_CF3_RI2_TI2_R12_C02,ORIGINAL_PHASE6J_CAUR,S,CF3,2,PHASE6N_TOP4,False
CB1_CAUR_S_CF3_RI2_TI2_R12_C02__seed691201__it0000054,ts_7ade1ed8acfdadcb342b,CB1_CAUR_S_CF3_RI2_TI2_R12_C02,ORIGINAL_PHASE6J_CAUR,S,CF3,2,PHASE6L_TOP4|PHASE6N_TOP4,False
CB1_CAUR_S_CF3_RI2_TI2_R12_C02__seed691201__it0000054,ts_df00637d56d0eca6b04a,CB1_CAUR_S_CF3_RI2_TI2_R12_C02,ORIGINAL_PHASE6J_CAUR,S,CF3,2,PHASE6L_TOP4|PHASE6N_TOP4,False
CB1_CAUR_S_CF3_RI2_TI2_R12_C02__seed691201__it0000054,ts_f37c99f9dd6f9d736cec,CB1_CAUR_S_CF3_RI2_TI2_R12_C02,ORIGINAL_PHASE6J_CAUR,S,CF3,2,PHASE6L_TOP4|PHASE6N_TOP4,False
CB1_CAUR_S_CF3_RI2_TI2_R12_C02__seed691201__it0000096,ts_06021cf0f99c152996ce,CB1_CAUR_S_CF3_RI2_TI2_R12_C02,ORIGINAL_PHASE6J_CAUR,S,CF3,2,CANONICAL_FALLBACK,True
CB1_CAUR_S_CF3_RI2_TI2_R12_C02__seed691201__it0000096,ts_07cb98acd91f8ad1cc35,CB1_CAUR_S_CF3_RI2_TI2_R12_C02,ORIGINAL_PHASE6J_CAUR,S,CF3,2,PHASE6L_TOP4,False
CB1_CAUR_S_CF3_RI2_TI2_R12_C02__seed691201__it0000096,ts_734d6ab68235f3e2dfcd,CB1_CAUR_S_CF3_RI2_TI2_R12_C02,ORIGINAL_PHASE6J_CAUR,S,CF3,2,PHASE6N_TOP4,False
CB1_CAUR_S_CF3_RI2_TI2_R12_C02__seed691201__it0000096,ts_7f316b4b004166a92aaf,CB1_CAUR_S_CF3_RI2_TI2_R12_C02,ORIGINAL_PHASE6J_CAUR,S,CF3,2,PHASE6L_TOP4,False
CB1_CAUR_S_CF3_RI2_TI2_R12_C02__seed691201__it0000096,ts_9f9edd2083e3bde3de14,CB1_CAUR_S_CF3_RI2_TI2_R12_C02,ORIGINAL_PHASE6J_CAUR,S,CF3,2,PHASE6L_TOP4,False
CB1_CAUR_S_CF3_RI2_TI2_R12_C02__seed691201__it0000096,ts_b8d90f23de58b38e7132,CB1_CAUR_S_CF3_RI2_TI2_R12_C02,ORIGINAL_PHASE6J_CAUR,S,CF3,2,PHASE6N_TOP4,False
CB1_CAUR_S_CF3_RI2_TI2_R12_C02__seed691201__it0000096,ts_c3b6b92cc98aea0b778e,CB1_CAUR_S_CF3_RI2_TI2_R12_C02,ORIGINAL_PHASE6J_CAUR,S,CF3,2,PHASE6N_TOP4,False
CB1_CAUR_S_CF3_RI2_TI2_R12_C02__seed691201__it0000096,ts_d918717fcfe3eda0090b,CB1_CAUR_S_CF3_RI2_TI2_R12_C02,ORIGINAL_PHASE6J_CAUR,S,CF3,2,PHASE6L_TOP4,False
CB1_CAUR_S_CF3_RI2_TI2_R12_C02__seed691201__it0000096,ts_ff1612dc18e532786297,CB1_CAUR_S_CF3_RI2_TI2_R12_C02,ORIGINAL_PHASE6J_CAUR,S,CF3,2,PHASE6N_TOP4,False
CB1_CAUR_S_CF3_RI2_TI2_R12_C02__seed691201__it0000136,ts_00ccb8ed4a8347b43e19,CB1_CAUR_S_CF3_RI2_TI2_R12_C02,ORIGINAL_PHASE6J_CAUR,S,CF3,2,PHASE6L_TOP4,False
CB1_CAUR_S_CF3_RI2_TI2_R12_C02__seed691201__it0000136,ts_18efcecec27cef0a24ac,CB1_CAUR_S_CF3_RI2_TI2_R12_C02,ORIGINAL_PHASE6J_CAUR,S,CF3,2,CANONICAL_FALLBACK,True
CB1_CAUR_S_CF3_RI2_TI2_R12_C02__seed691201__it0000136,ts_20d5155dabbea149d413,CB1_CAUR_S_CF3_RI2_TI2_R12_C02,ORIGINAL_PHASE6J_CAUR,S,CF3,2,PHASE6L_TOP4|PHASE6N_TOP4,False
CB1_CAUR_S_CF3_RI2_TI2_R12_C02__seed691201__it0000136,ts_5d0a14b574b2c1da6d15,CB1_CAUR_S_CF3_RI2_TI2_R12_C02,ORIGINAL_PHASE6J_CAUR,S,CF3,2,PHASE6L_TOP4,False
CB1_CAUR_S_CF3_RI2_TI2_R12_C02__seed691201__it0000136,ts_8c5bb79435303ea05ed8,CB1_CAUR_S_CF3_RI2_TI2_R12_C02,ORIGINAL_PHASE6J_CAUR,S,CF3,2,PHASE6L_TOP4,False
CB1_CAUR_S_CF3_RI2_TI2_R12_C02__seed691201__it0000136,ts_90d72aad296c5a9c59b9,CB1_CAUR_S_CF3_RI2_TI2_R12_C02,ORIGINAL_PHASE6J_CAUR,S,CF3,2,PHASE6N_TOP4,False
CB1_CAUR_S_CF3_RI2_TI2_R12_C02__seed691201__it0000136,ts_a47b7955ded2e48c6a20,CB1_CAUR_S_CF3_RI2_TI2_R12_C02,ORIGINAL_PHASE6J_CAUR,S,CF3,2,PHASE6N_TOP4,False
CB1_CAUR_S_CF3_RI2_TI2_R12_C02__seed691201__it0000136,ts_e1038d50a7eb4181eb3f,CB1_CAUR_S_CF3_RI2_TI2_R12_C02,ORIGINAL_PHASE6J_CAUR,S,CF3,2,PHASE6N_TOP4,False
CB1_CAUR_S_CF3_RI2_TI2_R12_C02__seed691201__it0000176,ts_21ad1b3c0181b7206f7a,CB1_CAUR_S_CF3_RI2_TI2_R12_C02,ORIGINAL_PHASE6J_CAUR,S,CF3,2,PHASE6L_TOP4,False
CB1_CAUR_S_CF3_RI2_TI2_R12_C02__seed691201__it0000176,ts_39731bb3d0fad7fdde1c,CB1_CAUR_S_CF3_RI2_TI2_R12_C02,ORIGINAL_PHASE6J_CAUR,S,CF3,2,PHASE6N_TOP4,False
CB1_CAUR_S_CF3_RI2_TI2_R12_C02__seed691201__it0000176,ts_59175620259ad9552f8c,CB1_CAUR_S_CF3_RI2_TI2_R12_C02,ORIGINAL_PHASE6J_CAUR,S,CF3,2,PHASE6N_TOP4,False
CB1_CAUR_S_CF3_RI2_TI2_R12_C02__seed691201__it0000176,ts_ac907d5c928ca21d8fbe,CB1_CAUR_S_CF3_RI2_TI2_R12_C02,ORIGINAL_PHASE6J_CAUR,S,CF3,2,PHASE6L_TOP4|PHASE6N_TOP4,False
CB1_CAUR_S_CF3_RI2_TI2_R12_C02__seed691201__it0000176,ts_c0141931a360e7578618,CB1_CAUR_S_CF3_RI2_TI2_R12_C02,ORIGINAL_PHASE6J_CAUR,S,CF3,2,PHASE6L_TOP4|PHASE6N_TOP4,False
CB1_CAUR_S_CF3_RI2_TI2_R12_C02__seed691201__it0000176,ts_c23205c2182191ad4850,CB1_CAUR_S_CF3_RI2_TI2_R12_C02,ORIGINAL_PHASE6J_CAUR,S,CF3,2,CANONICAL_FALLBACK|PHASE6L_TOP4,True
CB1_CAUR_S_CF3_RI2_TI2_R12_C02__seed691201__it0000219,ts_065ca96a67c37621ce27,CB1_CAUR_S_CF3_RI2_TI2_R12_C02,ORIGINAL_PHASE6J_CAUR,S,CF3,2,PHASE6L_TOP4|PHASE6N_TOP4,False
CB1_CAUR_S_CF3_RI2_TI2_R12_C02__seed691201__it0000219,ts_23c6a5c2b069df2444d7,CB1_CAUR_S_CF3_RI2_TI2_R12_C02,ORIGINAL_PHASE6J_CAUR,S,CF3,2,PHASE6L_TOP4|PHASE6N_TOP4,False
CB1_CAUR_S_CF3_RI2_TI2_R12_C02__seed691201__it0000219,ts_389ad2b9c459188ef37b,CB1_CAUR_S_CF3_RI2_TI2_R12_C02,ORIGINAL_PHASE6J_CAUR,S,CF3,2,PHASE6N_TOP4,False
CB1_CAUR_S_CF3_RI2_TI2_R12_C02__seed691201__it0000219,ts_70dcb2b73e632ed2f346,CB1_CAUR_S_CF3_RI2_TI2_R12_C02,ORIGINAL_PHASE6J_CAUR,S,CF3,2,PHASE6L_TOP4|PHASE6N_TOP4,False
CB1_CAUR_S_CF3_RI2_TI2_R12_C02__seed691201__it0000219,ts_7d98d46735dac929aae2,CB1_CAUR_S_CF3_RI2_TI2_R12_C02,ORIGINAL_PHASE6J_CAUR,S,CF3,2,CANONICAL_FALLBACK|PHASE6L_TOP4,True
CB1_CAUR_S_CF3_RI2_TI2_R12_C02__seed691201__it0000259,ts_4038f91815283ced1cc5,CB1_CAUR_S_CF3_RI2_TI2_R12_C02,ORIGINAL_PHASE6J_CAUR,S,CF3,2,PHASE6L_TOP4,False
CB1_CAUR_S_CF3_RI2_TI2_R12_C02__seed691201__it0000259,ts_4b4e9d64695394cad848,CB1_CAUR_S_CF3_RI2_TI2_R12_C02,ORIGINAL_PHASE6J_CAUR,S,CF3,2,PHASE6N_TOP4,False
CB1_CAUR_S_CF3_RI2_TI2_R12_C02__seed691201__it0000259,ts_5631feeca7c8c92eb217,CB1_CAUR_S_CF3_RI2_TI2_R12_C02,ORIGINAL_PHASE6J_CAUR,S,CF3,2,PHASE6N_TOP4,False
CB1_CAUR_S_CF3_RI2_TI2_R12_C02__seed691201__it0000259,ts_5cd4df530a64904b2b03,CB1_CAUR_S_CF3_RI2_TI2_R12_C02,ORIGINAL_PHASE6J_CAUR,S,CF3,2,PHASE6N_TOP4,False
CB1_CAUR_S_CF3_RI2_TI2_R12_C02__seed691201__it0000259,ts_91bdee96e0c5568e8000,CB1_CAUR_S_CF3_RI2_TI2_R12_C02,ORIGINAL_PHASE6J_CAUR,S,CF3,2,PHASE6L_TOP4,False
CB1_CAUR_S_CF3_RI2_TI2_R12_C02__seed691201__it0000259,ts_9cb002517210a5bf5149,CB1_CAUR_S_CF3_RI2_TI2_R12_C02,ORIGINAL_PHASE6J_CAUR,S,CF3,2,CANONICAL_FALLBACK|PHASE6L_TOP4,True
CB1_CAUR_S_CF3_RI2_TI2_R12_C02__seed691201__it0000259,ts_a632377a508aa203de26,CB1_CAUR_S_CF3_RI2_TI2_R12_C02,ORIGINAL_PHASE6J_CAUR,S,CF3,2,PHASE6L_TOP4,False
CB1_CAUR_S_CF3_RI2_TI2_R12_C02__seed691201__it0000259,ts_ab8c46b6f793a533450c,CB1_CAUR_S_CF3_RI2_TI2_R12_C02,ORIGINAL_PHASE6J_CAUR,S,CF3,2,PHASE6N_TOP4,False
CB1_CAUR_S_CF3_RI2_TI2_R12_C02__seed691201__it0000290,ts_003ab7bee79c0025f5b3,CB1_CAUR_S_CF3_RI2_TI2_R12_C02,ORIGINAL_PHASE6J_CAUR,S,CF3,2,PHASE6N_TOP4,False
CB1_CAUR_S_CF3_RI2_TI2_R12_C02__seed691201__it0000290,ts_15750bb0d20bbd70d161,CB1_CAUR_S_CF3_RI2_TI2_R12_C02,ORIGINAL_PHASE6J_CAUR,S,CF3,2,PHASE6L_TOP4,False
CB1_CAUR_S_CF3_RI2_TI2_R12_C02__seed691201__it0000290,ts_38e8e7e93a593f29788e,CB1_CAUR_S_CF3_RI2_TI2_R12_C02,ORIGINAL_PHASE6J_CAUR,S,CF3,2,PHASE6L_TOP4|PHASE6N_TOP4,False
CB1_CAUR_S_CF3_RI2_TI2_R12_C02__seed691201__it0000290,ts_69a7910129539089536f,CB1_CAUR_S_CF3_RI2_TI2_R12_C02,ORIGINAL_PHASE6J_CAUR,S,CF3,2,CANONICAL_FALLBACK|PHASE6L_TOP4,True
CB1_CAUR_S_CF3_RI2_TI2_R12_C02__seed691201__it0000290,ts_c4848ccea8d97e017fd2,CB1_CAUR_S_CF3_RI2_TI2_R12_C02,ORIGINAL_PHASE6J_CAUR,S,CF3,2,PHASE6L_TOP4|PHASE6N_TOP4,False
CB1_CAUR_S_CF3_RI2_TI2_R12_C02__seed691201__it0000290,ts_d37995db5eb2f7a2476e,CB1_CAUR_S_CF3_RI2_TI2_R12_C02,ORIGINAL_PHASE6J_CAUR,S,CF3,2,PHASE6N_TOP4,False
CB1_CAUR_S_CF3_RI2_TI2_R12_C02__seed691202__it0000015,ts_0407e7825fb507e0eb21,CB1_CAUR_S_CF3_RI2_TI2_R12_C02,ORIGINAL_PHASE6J_CAUR,S,CF3,2,PHASE6L_TOP4|PHASE6N_TOP4,False
CB1_CAUR_S_CF3_RI2_TI2_R12_C02__seed691202__it0000015,ts_75b55d0d23cd3a9487c7,CB1_CAUR_S_CF3_RI2_TI2_R12_C02,ORIGINAL_PHASE6J_CAUR,S,CF3,2,PHASE6L_TOP4|PHASE6N_TOP4,False
CB1_CAUR_S_CF3_RI2_TI2_R12_C02__seed691202__it0000015,ts_76f06c0fdd0908300024,CB1_CAUR_S_CF3_RI2_TI2_R12_C02,ORIGINAL_PHASE6J_CAUR,S,CF3,2,CANONICAL_FALLBACK,True
CB1_CAUR_S_CF3_RI2_TI2_R12_C02__seed691202__it0000015,ts_d219838ac5dd8dfa647c,CB1_CAUR_S_CF3_RI2_TI2_R12_C02,ORIGINAL_PHASE6J_CAUR,S,CF3,2,PHASE6L_TOP4,False
CB1_CAUR_S_CF3_RI2_TI2_R12_C02__seed691202__it0000015,ts_f12f0e3e95b731a59e88,CB1_CAUR_S_CF3_RI2_TI2_R12_C02,ORIGINAL_PHASE6J_CAUR,S,CF3,2,PHASE6N_TOP4,False
CB1_CAUR_S_CF3_RI2_TI2_R12_C02__seed691202__it0000015,ts_f7a2ae7f6d064572321f,CB1_CAUR_S_CF3_RI2_TI2_R12_C02,ORIGINAL_PHASE6J_CAUR,S,CF3,2,PHASE6L_TOP4|PHASE6N_TOP4,False
CB1_CAUR_S_CF3_RI2_TI2_R12_C02__seed691202__it0000055,ts_0357f9dc254d86a59326,CB1_CAUR_S_CF3_RI2_TI2_R12_C02,ORIGINAL_PHASE6J_CAUR,S,CF3,2,PHASE6L_TOP4,False
CB1_CAUR_S_CF3_RI2_TI2_R12_C02__seed691202__it0000055,ts_2e25559e7d9b4937e5ad,CB1_CAUR_S_CF3_RI2_TI2_R12_C02,ORIGINAL_PHASE6J_CAUR,S,CF3,2,PHASE6N_TOP4,False
CB1_CAUR_S_CF3_RI2_TI2_R12_C02__seed691202__it0000055,ts_6c7ed4b4eca1572c5286,CB1_CAUR_S_CF3_RI2_TI2_R12_C02,ORIGINAL_PHASE6J_CAUR,S,CF3,2,PHASE6N_TOP4,False
CB1_CAUR_S_CF3_RI2_TI2_R12_C02__seed691202__it0000055,ts_8741ea7e43981140c695,CB1_CAUR_S_CF3_RI2_TI2_R12_C02,ORIGINAL_PHASE6J_CAUR,S,CF3,2,PHASE6L_TOP4,False
CB1_CAUR_S_CF3_RI2_TI2_R12_C02__seed691202__it0000055,ts_8ba25bae2c3a77432b6e,CB1_CAUR_S_CF3_RI2_TI2_R12_C02,ORIGINAL_PHASE6J_CAUR,S,CF3,2,CANONICAL_FALLBACK,True
CB1_CAUR_S_CF3_RI2_TI2_R12_C02__seed691202__it0000055,ts_a4ee3388443e87c96ec7,CB1_CAUR_S_CF3_RI2_TI2_R12_C02,ORIGINAL_PHASE6J_CAUR,S,CF3,2,PHASE6L_TOP4|PHASE6N_TOP4,False
CB1_CAUR_S_CF3_RI2_TI2_R12_C02__seed691202__it0000055,ts_fbc5255ef2fa3c215c77,CB1_CAUR_S_CF3_RI2_TI2_R12_C02,ORIGINAL_PHASE6J_CAUR,S,CF3,2,PHASE6L_TOP4|PHASE6N_TOP4,False
CB1_CAUR_S_CF3_RI2_TI2_R12_C02__seed691202__it0000097,ts_172f852f67e0ebcf5462,CB1_CAUR_S_CF3_RI2_TI2_R12_C02,ORIGINAL_PHASE6J_CAUR,S,CF3,2,CANONICAL_FALLBACK|PHASE6L_TOP4|PHASE6N_TOP4,True
CB1_CAUR_S_CF3_RI2_TI2_R12_C02__seed691202__it0000097,ts_1d20f603e3832c59cf80,CB1_CAUR_S_CF3_RI2_TI2_R12_C02,ORIGINAL_PHASE6J_CAUR,S,CF3,2,PHASE6N_TOP4,False
CB1_CAUR_S_CF3_RI2_TI2_R12_C02__seed691202__it0000097,ts_3626df9fb81a07f5f722,CB1_CAUR_S_CF3_RI2_TI2_R12_C02,ORIGINAL_PHASE6J_CAUR,S,CF3,2,PHASE6L_TOP4|PHASE6N_TOP4,False
CB1_CAUR_S_CF3_RI2_TI2_R12_C02__seed691202__it0000097,ts_5dc065bad140f846deef,CB1_CAUR_S_CF3_RI2_TI2_R12_C02,ORIGINAL_PHASE6J_CAUR,S,CF3,2,PHASE6L_TOP4,False
CB1_CAUR_S_CF3_RI2_TI2_R12_C02__seed691202__it0000097,ts_949c7decbc138944239c,CB1_CAUR_S_CF3_RI2_TI2_R12_C02,ORIGINAL_PHASE6J_CAUR,S,CF3,2,PHASE6N_TOP4,False
CB1_CAUR_S_CF3_RI2_TI2_R12_C02__seed691202__it0000097,ts_c55eed0222019d70940a,CB1_CAUR_S_CF3_RI2_TI2_R12_C02,ORIGINAL_PHASE6J_CAUR,S,CF3,2,PHASE6L_TOP4,False
CB1_CAUR_S_CF3_RI2_TI2_R12_C02__seed691202__it0000137,ts_42d68130152cf14f55b2,CB1_CAUR_S_CF3_RI2_TI2_R12_C02,ORIGINAL_PHASE6J_CAUR,S,CF3,2,CANONICAL_FALLBACK,True
CB1_CAUR_S_CF3_RI2_TI2_R12_C02__seed691202__it0000137,ts_66a3d42f79aefbe278f1,CB1_CAUR_S_CF3_RI2_TI2_R12_C02,ORIGINAL_PHASE6J_CAUR,S,CF3,2,PHASE6L_TOP4,False
CB1_CAUR_S_CF3_RI2_TI2_R12_C02__seed691202__it0000137,ts_738c1173ad1928c5f41b,CB1_CAUR_S_CF3_RI2_TI2_R12_C02,ORIGINAL_PHASE6J_CAUR,S,CF3,2,PHASE6N_TOP4,False
CB1_CAUR_S_CF3_RI2_TI2_R12_C02__seed691202__it0000137,ts_7c71532c78ee8d9bb178,CB1_CAUR_S_CF3_RI2_TI2_R12_C02,ORIGINAL_PHASE6J_CAUR,S,CF3,2,PHASE6L_TOP4|PHASE6N_TOP4,False
CB1_CAUR_S_CF3_RI2_TI2_R12_C02__seed691202__it0000137,ts_7e16141f41b3267d1c53,CB1_CAUR_S_CF3_RI2_TI2_R12_C02,ORIGINAL_PHASE6J_CAUR,S,CF3,2,PHASE6L_TOP4|PHASE6N_TOP4,False
CB1_CAUR_S_CF3_RI2_TI2_R12_C02__seed691202__it0000137,ts_9e6368422376c120dbea,CB1_CAUR_S_CF3_RI2_TI2_R12_C02,ORIGINAL_PHASE6J_CAUR,S,CF3,2,PHASE6N_TOP4,False
CB1_CAUR_S_CF3_RI2_TI2_R12_C02__seed691202__it0000137,ts_b5eda1bac310084ddf8b,CB1_CAUR_S_CF3_RI2_TI2_R12_C02,ORIGINAL_PHASE6J_CAUR,S,CF3,2,PHASE6L_TOP4,False
CB1_CAUR_S_CF3_RI2_TI2_R12_C02__seed691202__it0000177,ts_0dae2d9f34f30127ca94,CB1_CAUR_S_CF3_RI2_TI2_R12_C02,ORIGINAL_PHASE6J_CAUR,S,CF3,2,CANONICAL_FALLBACK|PHASE6L_TOP4,True
CB1_CAUR_S_CF3_RI2_TI2_R12_C02__seed691202__it0000177,ts_25b262568cd47722a5a7,CB1_CAUR_S_CF3_RI2_TI2_R12_C02,ORIGINAL_PHASE6J_CAUR,S,CF3,2,PHASE6N_TOP4,False
CB1_CAUR_S_CF3_RI2_TI2_R12_C02__seed691202__it0000177,ts_395bf56d64b08108bb40,CB1_CAUR_S_CF3_RI2_TI2_R12_C02,ORIGINAL_PHASE6J_CAUR,S,CF3,2,PHASE6N_TOP4,False
CB1_CAUR_S_CF3_RI2_TI2_R12_C02__seed691202__it0000177,ts_5c8b25bf8881907e5143,CB1_CAUR_S_CF3_RI2_TI2_R12_C02,ORIGINAL_PHASE6J_CAUR,S,CF3,2,PHASE6L_TOP4|PHASE6N_TOP4,False
CB1_CAUR_S_CF3_RI2_TI2_R12_C02__seed691202__it0000177,ts_9d16d88056b003436dd0,CB1_CAUR_S_CF3_RI2_TI2_R12_C02,ORIGINAL_PHASE6J_CAUR,S,CF3,2,PHASE6L_TOP4,False
CB1_CAUR_S_CF3_RI2_TI2_R12_C02__seed691202__it0000177,ts_c0522b7e71d3f78ef54e,CB1_CAUR_S_CF3_RI2_TI2_R12_C02,ORIGINAL_PHASE6J_CAUR,S,CF3,2,PHASE6L_TOP4|PHASE6N_TOP4,False
CB1_CAUR_S_CF3_RI2_TI2_R12_C02__seed691202__it0000219,ts_0ae3e7bd04b24a8f7c9f,CB1_CAUR_S_CF3_RI2_TI2_R12_C02,ORIGINAL_PHASE6J_CAUR,S,CF3,2,CANONICAL_FALLBACK,True
CB1_CAUR_S_CF3_RI2_TI2_R12_C02__seed691202__it0000219,ts_5f1495bf3f8de1acb5b3,CB1_CAUR_S_CF3_RI2_TI2_R12_C02,ORIGINAL_PHASE6J_CAUR,S,CF3,2,PHASE6L_TOP4,False
CB1_CAUR_S_CF3_RI2_TI2_R12_C02__seed691202__it0000219,ts_75b5e28f86075356db0e,CB1_CAUR_S_CF3_RI2_TI2_R12_C02,ORIGINAL_PHASE6J_CAUR,S,CF3,2,PHASE6N_TOP4,False
CB1_CAUR_S_CF3_RI2_TI2_R12_C02__seed691202__it0000219,ts_a9af01e0c97ff4b6453e,CB1_CAUR_S_CF3_RI2_TI2_R12_C02,ORIGINAL_PHASE6J_CAUR,S,CF3,2,PHASE6N_TOP4,False
CB1_CAUR_S_CF3_RI2_TI2_R12_C02__seed691202__it0000219,ts_d2a2cb848de1f4e34ad4,CB1_CAUR_S_CF3_RI2_TI2_R12_C02,ORIGINAL_PHASE6J_CAUR,S,CF3,2,PHASE6L_TOP4|PHASE6N_TOP4,False
CB1_CAUR_S_CF3_RI2_TI2_R12_C02__seed691202__it0000219,ts_e7a32179cb7edf919426,CB1_CAUR_S_CF3_RI2_TI2_R12_C02,ORIGINAL_PHASE6J_CAUR,S,CF3,2,PHASE6L_TOP4|PHASE6N_TOP4,False
CB1_CAUR_S_CF3_RI2_TI2_R12_C02__seed691202__it0000219,ts_e88eb880a2f1c77080a5,CB1_CAUR_S_CF3_RI2_TI2_R12_C02,ORIGINAL_PHASE6J_CAUR,S,CF3,2,PHASE6L_TOP4,False
CB1_CAUR_S_CF3_RI2_TI2_R12_C02__seed691202__it0000259,ts_38763e1b6ef516a7a914,CB1_CAUR_S_CF3_RI2_TI2_R12_C02,ORIGINAL_PHASE6J_CAUR,S,CF3,2,PHASE6L_TOP4|PHASE6N_TOP4,False
CB1_CAUR_S_CF3_RI2_TI2_R12_C02__seed691202__it0000259,ts_3f4cd99b016e1093b9b9,CB1_CAUR_S_CF3_RI2_TI2_R12_C02,ORIGINAL_PHASE6J_CAUR,S,CF3,2,PHASE6N_TOP4,False
CB1_CAUR_S_CF3_RI2_TI2_R12_C02__seed691202__it0000259,ts_804f97fe5682937428cb,CB1_CAUR_S_CF3_RI2_TI2_R12_C02,ORIGINAL_PHASE6J_CAUR,S,CF3,2,PHASE6L_TOP4|PHASE6N_TOP4,False
CB1_CAUR_S_CF3_RI2_TI2_R12_C02__seed691202__it0000259,ts_86120ee4ee5a1c4a8619,CB1_CAUR_S_CF3_RI2_TI2_R12_C02,ORIGINAL_PHASE6J_CAUR,S,CF3,2,PHASE6L_TOP4|PHASE6N_TOP4,False
CB1_CAUR_S_CF3_RI2_TI2_R12_C02__seed691202__it0000259,ts_cf701b2cc2067d95d9b4,CB1_CAUR_S_CF3_RI2_TI2_R12_C02,ORIGINAL_PHASE6J_CAUR,S,CF3,2,PHASE6L_TOP4,False
CB1_CAUR_S_CF3_RI2_TI2_R12_C02__seed691202__it0000259,ts_ee6641edaae5529aefcd,CB1_CAUR_S_CF3_RI2_TI2_R12_C02,ORIGINAL_PHASE6J_CAUR,S,CF3,2,CANONICAL_FALLBACK,True
CB1_CAUR_S_CF3_RI2_TI2_R12_C02__seed691202__it0000289,ts_206bb297a7c845dd7b81,CB1_CAUR_S_CF3_RI2_TI2_R12_C02,ORIGINAL_PHASE6J_CAUR,S,CF3,2,CANONICAL_FALLBACK|PHASE6L_TOP4,True
CB1_CAUR_S_CF3_RI2_TI2_R12_C02__seed691202__it0000289,ts_25fc3f52be7db50b81cf,CB1_CAUR_S_CF3_RI2_TI2_R12_C02,ORIGINAL_PHASE6J_CAUR,S,CF3,2,PHASE6N_TOP4,False
CB1_CAUR_S_CF3_RI2_TI2_R12_C02__seed691202__it0000289,ts_5564632664c524e914fa,CB1_CAUR_S_CF3_RI2_TI2_R12_C02,ORIGINAL_PHASE6J_CAUR,S,CF3,2,PHASE6L_TOP4|PHASE6N_TOP4,False
CB1_CAUR_S_CF3_RI2_TI2_R12_C02__seed691202__it0000289,ts_5f3a872f45a0a9afb18d,CB1_CAUR_S_CF3_RI2_TI2_R12_C02,ORIGINAL_PHASE6J_CAUR,S,CF3,2,PHASE6N_TOP4,False
CB1_CAUR_S_CF3_RI2_TI2_R12_C02__seed691202__it0000289,ts_b1f2364821a3945a8aed,CB1_CAUR_S_CF3_RI2_TI2_R12_C02,ORIGINAL_PHASE6J_CAUR,S,CF3,2,PHASE6L_TOP4|PHASE6N_TOP4,False
CB1_CAUR_S_CF3_RI2_TI2_R12_C02__seed691202__it0000289,ts_c3ed923c7ba56eb70350,CB1_CAUR_S_CF3_RI2_TI2_R12_C02,ORIGINAL_PHASE6J_CAUR,S,CF3,2,PHASE6L_TOP4,False
CB1_CAUR_S_CF3_RI2_TI2_R12_C02__seed721201__it0000037,ts_11e204e64c413125d1db,CB1_CAUR_S_CF3_RI2_TI2_R12_C02,NEW_ALNS_EXPANSION,S,CF3,2,PHASE6N_TOP4,False
CB1_CAUR_S_CF3_RI2_TI2_R12_C02__seed721201__it0000037,ts_29f1da0b286ecfe4b431,CB1_CAUR_S_CF3_RI2_TI2_R12_C02,NEW_ALNS_EXPANSION,S,CF3,2,CANONICAL_FALLBACK,True
CB1_CAUR_S_CF3_RI2_TI2_R12_C02__seed721201__it0000037,ts_860c560e817eace25f60,CB1_CAUR_S_CF3_RI2_TI2_R12_C02,NEW_ALNS_EXPANSION,S,CF3,2,PHASE6N_TOP4,False
CB1_CAUR_S_CF3_RI2_TI2_R12_C02__seed721201__it0000037,ts_984cbd077fe9de6fc7cb,CB1_CAUR_S_CF3_RI2_TI2_R12_C02,NEW_ALNS_EXPANSION,S,CF3,2,PHASE6N_TOP4,False
CB1_CAUR_S_CF3_RI2_TI2_R12_C02__seed721201__it0000037,ts_f8ff471ceede9de0251b,CB1_CAUR_S_CF3_RI2_TI2_R12_C02,NEW_ALNS_EXPANSION,S,CF3,2,PHASE6N_TOP4,False
CB1_CAUR_S_CF3_RI2_TI2_R12_C02__seed721201__it0000148,ts_070c9e0f69f8f32ac4a8,CB1_CAUR_S_CF3_RI2_TI2_R12_C02,NEW_ALNS_EXPANSION,S,CF3,2,PHASE6N_TOP4,False
CB1_CAUR_S_CF3_RI2_TI2_R12_C02__seed721201__it0000148,ts_80f829bb19e47c6e14a7,CB1_CAUR_S_CF3_RI2_TI2_R12_C02,NEW_ALNS_EXPANSION,S,CF3,2,PHASE6N_TOP4,False
CB1_CAUR_S_CF3_RI2_TI2_R12_C02__seed721201__it0000148,ts_8cfd6ef322cb6c72646c,CB1_CAUR_S_CF3_RI2_TI2_R12_C02,NEW_ALNS_EXPANSION,S,CF3,2,CANONICAL_FALLBACK|PHASE6N_TOP4,True
CB1_CAUR_S_CF3_RI2_TI2_R12_C02__seed721201__it0000148,ts_c5289233a56fd269280f,CB1_CAUR_S_CF3_RI2_TI2_R12_C02,NEW_ALNS_EXPANSION,S,CF3,2,PHASE6N_TOP4,False
CB1_CAUR_S_CF3_RI2_TI2_R12_C02__seed721201__it0000264,ts_2ef043d88908ca03af6b,CB1_CAUR_S_CF3_RI2_TI2_R12_C02,NEW_ALNS_EXPANSION,S,CF3,2,PHASE6N_TOP4,False
CB1_CAUR_S_CF3_RI2_TI2_R12_C02__seed721201__it0000264,ts_78f05e830e2ff4b36eff,CB1_CAUR_S_CF3_RI2_TI2_R12_C02,NEW_ALNS_EXPANSION,S,CF3,2,CANONICAL_FALLBACK,True
CB1_CAUR_S_CF3_RI2_TI2_R12_C02__seed721201__it0000264,ts_9134b55e14ee4be5931a,CB1_CAUR_S_CF3_RI2_TI2_R12_C02,NEW_ALNS_EXPANSION,S,CF3,2,PHASE6N_TOP4,False
CB1_CAUR_S_CF3_RI2_TI2_R12_C02__seed721201__it0000264,ts_9d889c647f1325dc16d2,CB1_CAUR_S_CF3_RI2_TI2_R12_C02,NEW_ALNS_EXPANSION,S,CF3,2,PHASE6N_TOP4,False
CB1_CAUR_S_CF3_RI2_TI2_R12_C02__seed721201__it0000264,ts_fbead360e24f83f09c0c,CB1_CAUR_S_CF3_RI2_TI2_R12_C02,NEW_ALNS_EXPANSION,S,CF3,2,PHASE6N_TOP4,False
CB1_CAUR_S_CF3_RI2_TI2_R12_C02__seed721201__it0000370,ts_46a7c04fb4a625e4f0e6,CB1_CAUR_S_CF3_RI2_TI2_R12_C02,NEW_ALNS_EXPANSION,S,CF3,2,PHASE6N_TOP4,False
CB1_CAUR_S_CF3_RI2_TI2_R12_C02__seed721201__it0000370,ts_4cef6fd2d55aef87a118,CB1_CAUR_S_CF3_RI2_TI2_R12_C02,NEW_ALNS_EXPANSION,S,CF3,2,PHASE6N_TOP4,False
CB1_CAUR_S_CF3_RI2_TI2_R12_C02__seed721201__it0000370,ts_9fd4ab25fc361d1061f1,CB1_CAUR_S_CF3_RI2_TI2_R12_C02,NEW_ALNS_EXPANSION,S,CF3,2,CANONICAL_FALLBACK|PHASE6N_TOP4,True
CB1_CAUR_S_CF3_RI2_TI2_R12_C02__seed721201__it0000370,ts_fd5e4cc26f2d4eeb6390,CB1_CAUR_S_CF3_RI2_TI2_R12_C02,NEW_ALNS_EXPANSION,S,CF3,2,PHASE6N_TOP4,False
CB1_CAUR_S_CF3_RI2_TI2_R12_C02__seed721201__it0000479,ts_390ee98ff218a8c6f9b9,CB1_CAUR_S_CF3_RI2_TI2_R12_C02,NEW_ALNS_EXPANSION,S,CF3,2,CANONICAL_FALLBACK,True
CB1_CAUR_S_CF3_RI2_TI2_R12_C02__seed721201__it0000479,ts_91b3eca3b091bd87bdd6,CB1_CAUR_S_CF3_RI2_TI2_R12_C02,NEW_ALNS_EXPANSION,S,CF3,2,PHASE6N_TOP4,False
CB1_CAUR_S_CF3_RI2_TI2_R12_C02__seed721201__it0000479,ts_9598f6ad825044ecfa16,CB1_CAUR_S_CF3_RI2_TI2_R12_C02,NEW_ALNS_EXPANSION,S,CF3,2,PHASE6N_TOP4,False
CB1_CAUR_S_CF3_RI2_TI2_R12_C02__seed721201__it0000479,ts_c57c3c58c17a878a8d31,CB1_CAUR_S_CF3_RI2_TI2_R12_C02,NEW_ALNS_EXPANSION,S,CF3,2,PHASE6N_TOP4,False
CB1_CAUR_S_CF3_RI2_TI2_R12_C02__seed721201__it0000479,ts_dafcc0d0bcaf4d66b61f,CB1_CAUR_S_CF3_RI2_TI2_R12_C02,NEW_ALNS_EXPANSION,S,CF3,2,PHASE6N_TOP4,False
CB1_CAUR_S_CF3_RI2_TI2_R12_C02__seed721201__it0000592,ts_57c0e791fa389cf72bd8,CB1_CAUR_S_CF3_RI2_TI2_R12_C02,NEW_ALNS_EXPANSION,S,CF3,2,PHASE6N_TOP4,False
CB1_CAUR_S_CF3_RI2_TI2_R12_C02__seed721201__it0000592,ts_5b4b809c2c091980c7f3,CB1_CAUR_S_CF3_RI2_TI2_R12_C02,NEW_ALNS_EXPANSION,S,CF3,2,PHASE6N_TOP4,False
CB1_CAUR_S_CF3_RI2_TI2_R12_C02__seed721201__it0000592,ts_68efbe3bb058cd5aea6e,CB1_CAUR_S_CF3_RI2_TI2_R12_C02,NEW_ALNS_EXPANSION,S,CF3,2,CANONICAL_FALLBACK,True
CB1_CAUR_S_CF3_RI2_TI2_R12_C02__seed721201__it0000592,ts_8bc751756549d0aa2e76,CB1_CAUR_S_CF3_RI2_TI2_R12_C02,NEW_ALNS_EXPANSION,S,CF3,2,PHASE6N_TOP4,False
CB1_CAUR_S_CF3_RI2_TI2_R12_C02__seed721201__it0000592,ts_9ea8497b4d81c187d842,CB1_CAUR_S_CF3_RI2_TI2_R12_C02,NEW_ALNS_EXPANSION,S,CF3,2,PHASE6N_TOP4,False
CB1_CAUR_S_CF3_RI2_TI2_R12_C02__seed721201__it0000698,ts_53df68fddd4a45b9bbe9,CB1_CAUR_S_CF3_RI2_TI2_R12_C02,NEW_ALNS_EXPANSION,S,CF3,2,PHASE6N_TOP4,False
CB1_CAUR_S_CF3_RI2_TI2_R12_C02__seed721201__it0000698,ts_964e1ba72b340a2e04b9,CB1_CAUR_S_CF3_RI2_TI2_R12_C02,NEW_ALNS_EXPANSION,S,CF3,2,PHASE6N_TOP4,False
CB1_CAUR_S_CF3_RI2_TI2_R12_C02__seed721201__it0000698,ts_ba4359747fbabcd28390,CB1_CAUR_S_CF3_RI2_TI2_R12_C02,NEW_ALNS_EXPANSION,S,CF3,2,CANONICAL_FALLBACK,True
CB1_CAUR_S_CF3_RI2_TI2_R12_C02__seed721201__it0000698,ts_d724162dc115bbab3112,CB1_CAUR_S_CF3_RI2_TI2_R12_C02,NEW_ALNS_EXPANSION,S,CF3,2,PHASE6N_TOP4,False
CB1_CAUR_S_CF3_RI2_TI2_R12_C02__seed721201__it0000698,ts_d996c8a9a809f1438140,CB1_CAUR_S_CF3_RI2_TI2_R12_C02,NEW_ALNS_EXPANSION,S,CF3,2,PHASE6N_TOP4,False
CB1_CAUR_S_CF3_RI2_TI2_R12_C02__seed721201__it0000780,ts_05d542bbac2f8593015b,CB1_CAUR_S_CF3_RI2_TI2_R12_C02,NEW_ALNS_EXPANSION,S,CF3,2,PHASE6N_TOP4,False
CB1_CAUR_S_CF3_RI2_TI2_R12_C02__seed721201__it0000780,ts_2b1d515ff007335f1056,CB1_CAUR_S_CF3_RI2_TI2_R12_C02,NEW_ALNS_EXPANSION,S,CF3,2,PHASE6N_TOP4,False
CB1_CAUR_S_CF3_RI2_TI2_R12_C02__seed721201__it0000780,ts_40e1dedd9667a5baef89,CB1_CAUR_S_CF3_RI2_TI2_R12_C02,NEW_ALNS_EXPANSION,S,CF3,2,CANONICAL_FALLBACK,True
CB1_CAUR_S_CF3_RI2_TI2_R12_C02__seed721201__it0000780,ts_d67db397bc6ac54d9a72,CB1_CAUR_S_CF3_RI2_TI2_R12_C02,NEW_ALNS_EXPANSION,S,CF3,2,PHASE6N_TOP4,False
CB1_CAUR_S_CF3_RI2_TI2_R12_C02__seed721201__it0000780,ts_f1ad1c0a5caf8ef2fe22,CB1_CAUR_S_CF3_RI2_TI2_R12_C02,NEW_ALNS_EXPANSION,S,CF3,2,PHASE6N_TOP4,False
CB1_CAUR_S_CF3_RI2_TI2_R12_C02__seed721202__it0000039,ts_4314181a84e698c28cae,CB1_CAUR_S_CF3_RI2_TI2_R12_C02,NEW_ALNS_EXPANSION,S,CF3,2,PHASE6N_TOP4,False
CB1_CAUR_S_CF3_RI2_TI2_R12_C02__seed721202__it0000039,ts_ae84a070b5209dd57a65,CB1_CAUR_S_CF3_RI2_TI2_R12_C02,NEW_ALNS_EXPANSION,S,CF3,2,CANONICAL_FALLBACK,True
CB1_CAUR_S_CF3_RI2_TI2_R12_C02__seed721202__it0000039,ts_c233d8d3d301e09170b9,CB1_CAUR_S_CF3_RI2_TI2_R12_C02,NEW_ALNS_EXPANSION,S,CF3,2,PHASE6N_TOP4,False
CB1_CAUR_S_CF3_RI2_TI2_R12_C02__seed721202__it0000039,ts_e32f7fcacf2d3031d9ed,CB1_CAUR_S_CF3_RI2_TI2_R12_C02,NEW_ALNS_EXPANSION,S,CF3,2,PHASE6N_TOP4,False
CB1_CAUR_S_CF3_RI2_TI2_R12_C02__seed721202__it0000039,ts_e8219d9c2e7ccbd14402,CB1_CAUR_S_CF3_RI2_TI2_R12_C02,NEW_ALNS_EXPANSION,S,CF3,2,PHASE6N_TOP4,False
CB1_CAUR_S_CF3_RI2_TI2_R12_C02__seed721202__it0000148,ts_07fd56bd0d394307defd,CB1_CAUR_S_CF3_RI2_TI2_R12_C02,NEW_ALNS_EXPANSION,S,CF3,2,PHASE6N_TOP4,False
CB1_CAUR_S_CF3_RI2_TI2_R12_C02__seed721202__it0000148,ts_1ecc4065ddb5a7cd866f,CB1_CAUR_S_CF3_RI2_TI2_R12_C02,NEW_ALNS_EXPANSION,S,CF3,2,CANONICAL_FALLBACK,True
CB1_CAUR_S_CF3_RI2_TI2_R12_C02__seed721202__it0000148,ts_4d15e40c9d1825204dc2,CB1_CAUR_S_CF3_RI2_TI2_R12_C02,NEW_ALNS_EXPANSION,S,CF3,2,PHASE6N_TOP4,False
CB1_CAUR_S_CF3_RI2_TI2_R12_C02__seed721202__it0000148,ts_a077d25b6f4a235b2c56,CB1_CAUR_S_CF3_RI2_TI2_R12_C02,NEW_ALNS_EXPANSION,S,CF3,2,PHASE6N_TOP4,False
CB1_CAUR_S_CF3_RI2_TI2_R12_C02__seed721202__it0000148,ts_ede16fb4c12a51f85c58,CB1_CAUR_S_CF3_RI2_TI2_R12_C02,NEW_ALNS_EXPANSION,S,CF3,2,PHASE6N_TOP4,False
CB1_CAUR_S_CF3_RI2_TI2_R12_C02__seed721202__it0000263,ts_aca1e7cbd4c169999573,CB1_CAUR_S_CF3_RI2_TI2_R12_C02,NEW_ALNS_EXPANSION,S,CF3,2,PHASE6N_TOP4,False
CB1_CAUR_S_CF3_RI2_TI2_R12_C02__seed721202__it0000263,ts_b8094f7e34b934e8880b,CB1_CAUR_S_CF3_RI2_TI2_R12_C02,NEW_ALNS_EXPANSION,S,CF3,2,PHASE6N_TOP4,False
CB1_CAUR_S_CF3_RI2_TI2_R12_C02__seed721202__it0000263,ts_c6b53d2dfe672a5df7e4,CB1_CAUR_S_CF3_RI2_TI2_R12_C02,NEW_ALNS_EXPANSION,S,CF3,2,PHASE6N_TOP4,False
CB1_CAUR_S_CF3_RI2_TI2_R12_C02__seed721202__it0000263,ts_d10ffa40e51be1d90f83,CB1_CAUR_S_CF3_RI2_TI2_R12_C02,NEW_ALNS_EXPANSION,S,CF3,2,CANONICAL_FALLBACK,True
CB1_CAUR_S_CF3_RI2_TI2_R12_C02__seed721202__it0000263,ts_df7281a98490c810502b,CB1_CAUR_S_CF3_RI2_TI2_R12_C02,NEW_ALNS_EXPANSION,S,CF3,2,PHASE6N_TOP4,False
CB1_CAUR_S_CF3_RI2_TI2_R12_C02__seed721202__it0000371,ts_2d74767feecce8161478,CB1_CAUR_S_CF3_RI2_TI2_R12_C02,NEW_ALNS_EXPANSION,S,CF3,2,PHASE6N_TOP4,False
CB1_CAUR_S_CF3_RI2_TI2_R12_C02__seed721202__it0000371,ts_6844e88fb5d0a183b486,CB1_CAUR_S_CF3_RI2_TI2_R12_C02,NEW_ALNS_EXPANSION,S,CF3,2,CANONICAL_FALLBACK,True
CB1_CAUR_S_CF3_RI2_TI2_R12_C02__seed721202__it0000371,ts_767e9f98f52b56bf0ec7,CB1_CAUR_S_CF3_RI2_TI2_R12_C02,NEW_ALNS_EXPANSION,S,CF3,2,PHASE6N_TOP4,False
CB1_CAUR_S_CF3_RI2_TI2_R12_C02__seed721202__it0000371,ts_a2658df86e33fdb11ad4,CB1_CAUR_S_CF3_RI2_TI2_R12_C02,NEW_ALNS_EXPANSION,S,CF3,2,PHASE6N_TOP4,False
CB1_CAUR_S_CF3_RI2_TI2_R12_C02__seed721202__it0000371,ts_f5b32ab23fa35cf74b3e,CB1_CAUR_S_CF3_RI2_TI2_R12_C02,NEW_ALNS_EXPANSION,S,CF3,2,PHASE6N_TOP4,False
CB1_CAUR_S_CF3_RI2_TI2_R12_C02__seed721202__it0000480,ts_0b4bfb72174dec4a12a1,CB1_CAUR_S_CF3_RI2_TI2_R12_C02,NEW_ALNS_EXPANSION,S,CF3,2,PHASE6N_TOP4,False
CB1_CAUR_S_CF3_RI2_TI2_R12_C02__seed721202__it0000480,ts_208df50a0acfeb192b7e,CB1_CAUR_S_CF3_RI2_TI2_R12_C02,NEW_ALNS_EXPANSION,S,CF3,2,PHASE6N_TOP4,False
CB1_CAUR_S_CF3_RI2_TI2_R12_C02__seed721202__it0000480,ts_8772f9cafc06b4bd2e17,CB1_CAUR_S_CF3_RI2_TI2_R12_C02,NEW_ALNS_EXPANSION,S,CF3,2,CANONICAL_FALLBACK,True
CB1_CAUR_S_CF3_RI2_TI2_R12_C02__seed721202__it0000480,ts_ab31989f484cc06ab2de,CB1_CAUR_S_CF3_RI2_TI2_R12_C02,NEW_ALNS_EXPANSION,S,CF3,2,PHASE6N_TOP4,False
CB1_CAUR_S_CF3_RI2_TI2_R12_C02__seed721202__it0000480,ts_c9ba215356ab60ed886d,CB1_CAUR_S_CF3_RI2_TI2_R12_C02,NEW_ALNS_EXPANSION,S,CF3,2,PHASE6N_TOP4,False
CB1_CAUR_S_CF3_RI2_TI2_R12_C02__seed721202__it0000595,ts_0298abef94eb448771a3,CB1_CAUR_S_CF3_RI2_TI2_R12_C02,NEW_ALNS_EXPANSION,S,CF3,2,PHASE6N_TOP4,False
CB1_CAUR_S_CF3_RI2_TI2_R12_C02__seed721202__it0000595,ts_4e324e2d2dec629608d5,CB1_CAUR_S_CF3_RI2_TI2_R12_C02,NEW_ALNS_EXPANSION,S,CF3,2,PHASE6N_TOP4,False
CB1_CAUR_S_CF3_RI2_TI2_R12_C02__seed721202__it0000595,ts_631875abc88c4dfaab55,CB1_CAUR_S_CF3_RI2_TI2_R12_C02,NEW_ALNS_EXPANSION,S,CF3,2,PHASE6N_TOP4,False
CB1_CAUR_S_CF3_RI2_TI2_R12_C02__seed721202__it0000595,ts_84ed34a9d87337535778,CB1_CAUR_S_CF3_RI2_TI2_R12_C02,NEW_ALNS_EXPANSION,S,CF3,2,CANONICAL_FALLBACK,True
CB1_CAUR_S_CF3_RI2_TI2_R12_C02__seed721202__it0000595,ts_fd4a687c6af0f5cf58a3,CB1_CAUR_S_CF3_RI2_TI2_R12_C02,NEW_ALNS_EXPANSION,S,CF3,2,PHASE6N_TOP4,False
CB1_CAUR_S_CF3_RI2_TI2_R12_C02__seed721202__it0000702,ts_3083ed7c9bc8fde3bb54,CB1_CAUR_S_CF3_RI2_TI2_R12_C02,NEW_ALNS_EXPANSION,S,CF3,2,PHASE6N_TOP4,False
CB1_CAUR_S_CF3_RI2_TI2_R12_C02__seed721202__it0000702,ts_4e440da701ec64d0acbf,CB1_CAUR_S_CF3_RI2_TI2_R12_C02,NEW_ALNS_EXPANSION,S,CF3,2,PHASE6N_TOP4,False
CB1_CAUR_S_CF3_RI2_TI2_R12_C02__seed721202__it0000702,ts_8387dd68e26402c7a6ce,CB1_CAUR_S_CF3_RI2_TI2_R12_C02,NEW_ALNS_EXPANSION,S,CF3,2,PHASE6N_TOP4,False
CB1_CAUR_S_CF3_RI2_TI2_R12_C02__seed721202__it0000702,ts_87e1e8846fc6f1f00fbc,CB1_CAUR_S_CF3_RI2_TI2_R12_C02,NEW_ALNS_EXPANSION,S,CF3,2,PHASE6N_TOP4,False
CB1_CAUR_S_CF3_RI2_TI2_R12_C02__seed721202__it0000702,ts_8a831f92fd1a6cadc34d,CB1_CAUR_S_CF3_RI2_TI2_R12_C02,NEW_ALNS_EXPANSION,S,CF3,2,CANONICAL_FALLBACK,True
CB1_CAUR_S_CF3_RI2_TI2_R12_C02__seed721202__it0000786,ts_03308d3cc25dde1e2f17,CB1_CAUR_S_CF3_RI2_TI2_R12_C02,NEW_ALNS_EXPANSION,S,CF3,2,CANONICAL_FALLBACK,True
CB1_CAUR_S_CF3_RI2_TI2_R12_C02__seed721202__it0000786,ts_1df3b62ded6de0694f37,CB1_CAUR_S_CF3_RI2_TI2_R12_C02,NEW_ALNS_EXPANSION,S,CF3,2,PHASE6N_TOP4,False
CB1_CAUR_S_CF3_RI2_TI2_R12_C02__seed721202__it0000786,ts_2e908973b55e0d44cbc8,CB1_CAUR_S_CF3_RI2_TI2_R12_C02,NEW_ALNS_EXPANSION,S,CF3,2,PHASE6N_TOP4,False
CB1_CAUR_S_CF3_RI2_TI2_R12_C02__seed721202__it0000786,ts_303bca9b4936648893a5,CB1_CAUR_S_CF3_RI2_TI2_R12_C02,NEW_ALNS_EXPANSION,S,CF3,2,PHASE6N_TOP4,False
CB1_CAUR_S_CF3_RI2_TI2_R12_C02__seed721202__it0000786,ts_902f9aa17583f67057c4,CB1_CAUR_S_CF3_RI2_TI2_R12_C02,NEW_ALNS_EXPANSION,S,CF3,2,PHASE6N_TOP4,False
CB1_CAUR_S_CF3_RI2_TI2_R12_C02__seed721203__it0000039,ts_543863008b9a9a9a2aca,CB1_CAUR_S_CF3_RI2_TI2_R12_C02,NEW_ALNS_EXPANSION,S,CF3,2,PHASE6N_TOP4,False
CB1_CAUR_S_CF3_RI2_TI2_R12_C02__seed721203__it0000039,ts_92974a49244bcbb65a9a,CB1_CAUR_S_CF3_RI2_TI2_R12_C02,NEW_ALNS_EXPANSION,S,CF3,2,PHASE6N_TOP4,False
CB1_CAUR_S_CF3_RI2_TI2_R12_C02__seed721203__it0000039,ts_ab9ed0200ff0fc28987b,CB1_CAUR_S_CF3_RI2_TI2_R12_C02,NEW_ALNS_EXPANSION,S,CF3,2,PHASE6N_TOP4,False
CB1_CAUR_S_CF3_RI2_TI2_R12_C02__seed721203__it0000039,ts_ca327d53f94da3f1e0ec,CB1_CAUR_S_CF3_RI2_TI2_R12_C02,NEW_ALNS_EXPANSION,S,CF3,2,CANONICAL_FALLBACK,True
CB1_CAUR_S_CF3_RI2_TI2_R12_C02__seed721203__it0000039,ts_f2f579e1bffa9ffb7e42,CB1_CAUR_S_CF3_RI2_TI2_R12_C02,NEW_ALNS_EXPANSION,S,CF3,2,PHASE6N_TOP4,False
CB1_CAUR_S_CF3_RI2_TI2_R12_C02__seed721203__it0000147,ts_076e3cc269a5dbada55d,CB1_CAUR_S_CF3_RI2_TI2_R12_C02,NEW_ALNS_EXPANSION,S,CF3,2,PHASE6N_TOP4,False
CB1_CAUR_S_CF3_RI2_TI2_R12_C02__seed721203__it0000147,ts_4686187f841169cbaf02,CB1_CAUR_S_CF3_RI2_TI2_R12_C02,NEW_ALNS_EXPANSION,S,CF3,2,PHASE6N_TOP4,False
CB1_CAUR_S_CF3_RI2_TI2_R12_C02__seed721203__it0000147,ts_86b0829b600f94be2c96,CB1_CAUR_S_CF3_RI2_TI2_R12_C02,NEW_ALNS_EXPANSION,S,CF3,2,PHASE6N_TOP4,False
CB1_CAUR_S_CF3_RI2_TI2_R12_C02__seed721203__it0000147,ts_aa1cd2021beffae6401f,CB1_CAUR_S_CF3_RI2_TI2_R12_C02,NEW_ALNS_EXPANSION,S,CF3,2,CANONICAL_FALLBACK,True
CB1_CAUR_S_CF3_RI2_TI2_R12_C02__seed721203__it0000147,ts_aa750c291aa45f57d94d,CB1_CAUR_S_CF3_RI2_TI2_R12_C02,NEW_ALNS_EXPANSION,S,CF3,2,PHASE6N_TOP4,False
CB1_CAUR_S_CF3_RI2_TI2_R12_C02__seed721203__it0000263,ts_05c06387598d1b559b79,CB1_CAUR_S_CF3_RI2_TI2_R12_C02,NEW_ALNS_EXPANSION,S,CF3,2,PHASE6N_TOP4,False
CB1_CAUR_S_CF3_RI2_TI2_R12_C02__seed721203__it0000263,ts_5d97015833c3f24d8b77,CB1_CAUR_S_CF3_RI2_TI2_R12_C02,NEW_ALNS_EXPANSION,S,CF3,2,PHASE6N_TOP4,False
CB1_CAUR_S_CF3_RI2_TI2_R12_C02__seed721203__it0000263,ts_87b6a7c1eac796426129,CB1_CAUR_S_CF3_RI2_TI2_R12_C02,NEW_ALNS_EXPANSION,S,CF3,2,PHASE6N_TOP4,False
CB1_CAUR_S_CF3_RI2_TI2_R12_C02__seed721203__it0000263,ts_f5e6d1175efd5aa155f6,CB1_CAUR_S_CF3_RI2_TI2_R12_C02,NEW_ALNS_EXPANSION,S,CF3,2,CANONICAL_FALLBACK,True
CB1_CAUR_S_CF3_RI2_TI2_R12_C02__seed721203__it0000263,ts_f87f6b5f85cb3ea882f9,CB1_CAUR_S_CF3_RI2_TI2_R12_C02,NEW_ALNS_EXPANSION,S,CF3,2,PHASE6N_TOP4,False
CB1_CAUR_S_CF3_RI2_TI2_R12_C02__seed721203__it0000370,ts_122737537c1dd746737b,CB1_CAUR_S_CF3_RI2_TI2_R12_C02,NEW_ALNS_EXPANSION,S,CF3,2,PHASE6N_TOP4,False
CB1_CAUR_S_CF3_RI2_TI2_R12_C02__seed721203__it0000370,ts_4844e62ec91b79c52fc8,CB1_CAUR_S_CF3_RI2_TI2_R12_C02,NEW_ALNS_EXPANSION,S,CF3,2,PHASE6N_TOP4,False
CB1_CAUR_S_CF3_RI2_TI2_R12_C02__seed721203__it0000370,ts_5f6f1f599b6c0ac44680,CB1_CAUR_S_CF3_RI2_TI2_R12_C02,NEW_ALNS_EXPANSION,S,CF3,2,CANONICAL_FALLBACK,True
CB1_CAUR_S_CF3_RI2_TI2_R12_C02__seed721203__it0000370,ts_7c8b906eb389ef2020fd,CB1_CAUR_S_CF3_RI2_TI2_R12_C02,NEW_ALNS_EXPANSION,S,CF3,2,PHASE6N_TOP4,False
CB1_CAUR_S_CF3_RI2_TI2_R12_C02__seed721203__it0000370,ts_c6e5da9a6ddb308dc235,CB1_CAUR_S_CF3_RI2_TI2_R12_C02,NEW_ALNS_EXPANSION,S,CF3,2,PHASE6N_TOP4,False
CB1_CAUR_S_CF3_RI2_TI2_R12_C02__seed721203__it0000477,ts_21238b6658fa26dd0110,CB1_CAUR_S_CF3_RI2_TI2_R12_C02,NEW_ALNS_EXPANSION,S,CF3,2,CANONICAL_FALLBACK,True
CB1_CAUR_S_CF3_RI2_TI2_R12_C02__seed721203__it0000477,ts_53eb4728b6a185d08695,CB1_CAUR_S_CF3_RI2_TI2_R12_C02,NEW_ALNS_EXPANSION,S,CF3,2,PHASE6N_TOP4,False
CB1_CAUR_S_CF3_RI2_TI2_R12_C02__seed721203__it0000477,ts_6a3108fe554e31577db9,CB1_CAUR_S_CF3_RI2_TI2_R12_C02,NEW_ALNS_EXPANSION,S,CF3,2,PHASE6N_TOP4,False
CB1_CAUR_S_CF3_RI2_TI2_R12_C02__seed721203__it0000477,ts_7e2c0188ed18fe780eab,CB1_CAUR_S_CF3_RI2_TI2_R12_C02,NEW_ALNS_EXPANSION,S,CF3,2,PHASE6N_TOP4,False
CB1_CAUR_S_CF3_RI2_TI2_R12_C02__seed721203__it0000477,ts_9b84edd20342148b680f,CB1_CAUR_S_CF3_RI2_TI2_R12_C02,NEW_ALNS_EXPANSION,S,CF3,2,PHASE6N_TOP4,False
CB1_CAUR_S_CF3_RI2_TI2_R12_C02__seed721203__it0000592,ts_4f6e1f22f44e684f015a,CB1_CAUR_S_CF3_RI2_TI2_R12_C02,NEW_ALNS_EXPANSION,S,CF3,2,PHASE6N_TOP4,False
CB1_CAUR_S_CF3_RI2_TI2_R12_C02__seed721203__it0000592,ts_72b2699041625be099b3,CB1_CAUR_S_CF3_RI2_TI2_R12_C02,NEW_ALNS_EXPANSION,S,CF3,2,CANONICAL_FALLBACK,True
CB1_CAUR_S_CF3_RI2_TI2_R12_C02__seed721203__it0000592,ts_9f7ad9366cff82aa0b51,CB1_CAUR_S_CF3_RI2_TI2_R12_C02,NEW_ALNS_EXPANSION,S,CF3,2,PHASE6N_TOP4,False
CB1_CAUR_S_CF3_RI2_TI2_R12_C02__seed721203__it0000592,ts_bb239b8b05233918d1ae,CB1_CAUR_S_CF3_RI2_TI2_R12_C02,NEW_ALNS_EXPANSION,S,CF3,2,PHASE6N_TOP4,False
CB1_CAUR_S_CF3_RI2_TI2_R12_C02__seed721203__it0000592,ts_d707bb9c1d1330b4ea1c,CB1_CAUR_S_CF3_RI2_TI2_R12_C02,NEW_ALNS_EXPANSION,S,CF3,2,PHASE6N_TOP4,False
CB1_CAUR_S_CF3_RI2_TI2_R12_C02__seed721203__it0000700,ts_107966d6a681ff1a3a0b,CB1_CAUR_S_CF3_RI2_TI2_R12_C02,NEW_ALNS_EXPANSION,S,CF3,2,PHASE6N_TOP4,False
CB1_CAUR_S_CF3_RI2_TI2_R12_C02__seed721203__it0000700,ts_73d65936fba77976e86d,CB1_CAUR_S_CF3_RI2_TI2_R12_C02,NEW_ALNS_EXPANSION,S,CF3,2,PHASE6N_TOP4,False
CB1_CAUR_S_CF3_RI2_TI2_R12_C02__seed721203__it0000700,ts_858b9706b48a69e32fd1,CB1_CAUR_S_CF3_RI2_TI2_R12_C02,NEW_ALNS_EXPANSION,S,CF3,2,PHASE6N_TOP4,False
CB1_CAUR_S_CF3_RI2_TI2_R12_C02__seed721203__it0000700,ts_ae5aba295e56205f4435,CB1_CAUR_S_CF3_RI2_TI2_R12_C02,NEW_ALNS_EXPANSION,S,CF3,2,PHASE6N_TOP4,False
CB1_CAUR_S_CF3_RI2_TI2_R12_C02__seed721203__it0000700,ts_b892323e1fb4ea19ecc6,CB1_CAUR_S_CF3_RI2_TI2_R12_C02,NEW_ALNS_EXPANSION,S,CF3,2,CANONICAL_FALLBACK,True
CB1_CAUR_S_CF3_RI2_TI2_R12_C02__seed721203__it0000780,ts_068720b367fdb936062c,CB1_CAUR_S_CF3_RI2_TI2_R12_C02,NEW_ALNS_EXPANSION,S,CF3,2,PHASE6N_TOP4,False
CB1_CAUR_S_CF3_RI2_TI2_R12_C02__seed721203__it0000780,ts_0fca0f43a3f8b1a83a9b,CB1_CAUR_S_CF3_RI2_TI2_R12_C02,NEW_ALNS_EXPANSION,S,CF3,2,CANONICAL_FALLBACK,True
CB1_CAUR_S_CF3_RI2_TI2_R12_C02__seed721203__it0000780,ts_941d92dcc516a06d707f,CB1_CAUR_S_CF3_RI2_TI2_R12_C02,NEW_ALNS_EXPANSION,S,CF3,2,PHASE6N_TOP4,False
CB1_CAUR_S_CF3_RI2_TI2_R12_C02__seed721203__it0000780,ts_9a1fb57d7b388549c30b,CB1_CAUR_S_CF3_RI2_TI2_R12_C02,NEW_ALNS_EXPANSION,S,CF3,2,PHASE6N_TOP4,False
CB1_CAUR_S_CF3_RI2_TI2_R12_C02__seed721203__it0000780,ts_bc403e0e456e0545dbea,CB1_CAUR_S_CF3_RI2_TI2_R12_C02,NEW_ALNS_EXPANSION,S,CF3,2,PHASE6N_TOP4,False
CB1_CAUR_S_CF3_RI2_TI2_R12_C02__seed721204__it0000039,ts_0d4b547c8f4ccd5a98a8,CB1_CAUR_S_CF3_RI2_TI2_R12_C02,NEW_ALNS_EXPANSION,S,CF3,2,PHASE6N_TOP4,False
CB1_CAUR_S_CF3_RI2_TI2_R12_C02__seed721204__it0000039,ts_39de6527d72ead95158e,CB1_CAUR_S_CF3_RI2_TI2_R12_C02,NEW_ALNS_EXPANSION,S,CF3,2,PHASE6N_TOP4,False
CB1_CAUR_S_CF3_RI2_TI2_R12_C02__seed721204__it0000039,ts_65fab83699ac030738a6,CB1_CAUR_S_CF3_RI2_TI2_R12_C02,NEW_ALNS_EXPANSION,S,CF3,2,CANONICAL_FALLBACK,True
CB1_CAUR_S_CF3_RI2_TI2_R12_C02__seed721204__it0000039,ts_8fc073bc4ccd12b1f132,CB1_CAUR_S_CF3_RI2_TI2_R12_C02,NEW_ALNS_EXPANSION,S,CF3,2,PHASE6N_TOP4,False
CB1_CAUR_S_CF3_RI2_TI2_R12_C02__seed721204__it0000039,ts_cea6529c4009c9edcbcb,CB1_CAUR_S_CF3_RI2_TI2_R12_C02,NEW_ALNS_EXPANSION,S,CF3,2,PHASE6N_TOP4,False
CB1_CAUR_S_CF3_RI2_TI2_R12_C02__seed721204__it0000144,ts_04e7f4f891dc8312db22,CB1_CAUR_S_CF3_RI2_TI2_R12_C02,NEW_ALNS_EXPANSION,S,CF3,2,PHASE6N_TOP4,False
CB1_CAUR_S_CF3_RI2_TI2_R12_C02__seed721204__it0000144,ts_0e63c3444cb8dc2b5856,CB1_CAUR_S_CF3_RI2_TI2_R12_C02,NEW_ALNS_EXPANSION,S,CF3,2,PHASE6N_TOP4,False
CB1_CAUR_S_CF3_RI2_TI2_R12_C02__seed721204__it0000144,ts_20a1b97a56a05362059c,CB1_CAUR_S_CF3_RI2_TI2_R12_C02,NEW_ALNS_EXPANSION,S,CF3,2,CANONICAL_FALLBACK,True
CB1_CAUR_S_CF3_RI2_TI2_R12_C02__seed721204__it0000144,ts_2f6ea97a6503e5bb468c,CB1_CAUR_S_CF3_RI2_TI2_R12_C02,NEW_ALNS_EXPANSION,S,CF3,2,PHASE6N_TOP4,False
CB1_CAUR_S_CF3_RI2_TI2_R12_C02__seed721204__it0000144,ts_70e482efdfb56a067034,CB1_CAUR_S_CF3_RI2_TI2_R12_C02,NEW_ALNS_EXPANSION,S,CF3,2,PHASE6N_TOP4,False
CB1_CAUR_S_CF3_RI2_TI2_R12_C02__seed721204__it0000260,ts_756f45c624412c88fd8c,CB1_CAUR_S_CF3_RI2_TI2_R12_C02,NEW_ALNS_EXPANSION,S,CF3,2,PHASE6N_TOP4,False
CB1_CAUR_S_CF3_RI2_TI2_R12_C02__seed721204__it0000260,ts_77c617ca592a6e1ab2bc,CB1_CAUR_S_CF3_RI2_TI2_R12_C02,NEW_ALNS_EXPANSION,S,CF3,2,PHASE6N_TOP4,False
CB1_CAUR_S_CF3_RI2_TI2_R12_C02__seed721204__it0000260,ts_7b5c702f87ab77f7db09,CB1_CAUR_S_CF3_RI2_TI2_R12_C02,NEW_ALNS_EXPANSION,S,CF3,2,PHASE6N_TOP4,False
CB1_CAUR_S_CF3_RI2_TI2_R12_C02__seed721204__it0000260,ts_8a7b1571dbd51d99960f,CB1_CAUR_S_CF3_RI2_TI2_R12_C02,NEW_ALNS_EXPANSION,S,CF3,2,CANONICAL_FALLBACK,True
CB1_CAUR_S_CF3_RI2_TI2_R12_C02__seed721204__it0000260,ts_f18f20f0799c4b98c775,CB1_CAUR_S_CF3_RI2_TI2_R12_C02,NEW_ALNS_EXPANSION,S,CF3,2,PHASE6N_TOP4,False
CB1_CAUR_S_CF3_RI2_TI2_R12_C02__seed721204__it0000369,ts_6a379b94945342df7ca3,CB1_CAUR_S_CF3_RI2_TI2_R12_C02,NEW_ALNS_EXPANSION,S,CF3,2,PHASE6N_TOP4,False
CB1_CAUR_S_CF3_RI2_TI2_R12_C02__seed721204__it0000369,ts_730f45b330c0053ed63d,CB1_CAUR_S_CF3_RI2_TI2_R12_C02,NEW_ALNS_EXPANSION,S,CF3,2,PHASE6N_TOP4,False
CB1_CAUR_S_CF3_RI2_TI2_R12_C02__seed721204__it0000369,ts_7cc55ceb4abcf3f4c03b,CB1_CAUR_S_CF3_RI2_TI2_R12_C02,NEW_ALNS_EXPANSION,S,CF3,2,CANONICAL_FALLBACK,True
CB1_CAUR_S_CF3_RI2_TI2_R12_C02__seed721204__it0000369,ts_bb1cc57b87a61f3f63ac,CB1_CAUR_S_CF3_RI2_TI2_R12_C02,NEW_ALNS_EXPANSION,S,CF3,2,PHASE6N_TOP4,False
CB1_CAUR_S_CF3_RI2_TI2_R12_C02__seed721204__it0000369,ts_e7503b0c26bf37977227,CB1_CAUR_S_CF3_RI2_TI2_R12_C02,NEW_ALNS_EXPANSION,S,CF3,2,PHASE6N_TOP4,False
CB1_CAUR_S_CF3_RI2_TI2_R12_C02__seed721204__it0000477,ts_75666362d0483dbd6a6b,CB1_CAUR_S_CF3_RI2_TI2_R12_C02,NEW_ALNS_EXPANSION,S,CF3,2,PHASE6N_TOP4,False
CB1_CAUR_S_CF3_RI2_TI2_R12_C02__seed721204__it0000477,ts_a8de4467a1035c3da4b0,CB1_CAUR_S_CF3_RI2_TI2_R12_C02,NEW_ALNS_EXPANSION,S,CF3,2,PHASE6N_TOP4,False
CB1_CAUR_S_CF3_RI2_TI2_R12_C02__seed721204__it0000477,ts_aadceaf9f07edc9b2683,CB1_CAUR_S_CF3_RI2_TI2_R12_C02,NEW_ALNS_EXPANSION,S,CF3,2,CANONICAL_FALLBACK,True
CB1_CAUR_S_CF3_RI2_TI2_R12_C02__seed721204__it0000477,ts_f461f31c5200be299204,CB1_CAUR_S_CF3_RI2_TI2_R12_C02,NEW_ALNS_EXPANSION,S,CF3,2,PHASE6N_TOP4,False
CB1_CAUR_S_CF3_RI2_TI2_R12_C02__seed721204__it0000477,ts_f83b7fd5329b9256386c,CB1_CAUR_S_CF3_RI2_TI2_R12_C02,NEW_ALNS_EXPANSION,S,CF3,2,PHASE6N_TOP4,False
CB1_CAUR_S_CF3_RI2_TI2_R12_C02__seed721204__it0000597,ts_2830b7531b9aeb7b224d,CB1_CAUR_S_CF3_RI2_TI2_R12_C02,NEW_ALNS_EXPANSION,S,CF3,2,PHASE6N_TOP4,False
CB1_CAUR_S_CF3_RI2_TI2_R12_C02__seed721204__it0000597,ts_489dc874a99e59a80f1c,CB1_CAUR_S_CF3_RI2_TI2_R12_C02,NEW_ALNS_EXPANSION,S,CF3,2,PHASE6N_TOP4,False
CB1_CAUR_S_CF3_RI2_TI2_R12_C02__seed721204__it0000597,ts_6fa37bbf06c3fa4fca54,CB1_CAUR_S_CF3_RI2_TI2_R12_C02,NEW_ALNS_EXPANSION,S,CF3,2,PHASE6N_TOP4,False
CB1_CAUR_S_CF3_RI2_TI2_R12_C02__seed721204__it0000597,ts_8fdee9816ec61f991a1f,CB1_CAUR_S_CF3_RI2_TI2_R12_C02,NEW_ALNS_EXPANSION,S,CF3,2,PHASE6N_TOP4,False
CB1_CAUR_S_CF3_RI2_TI2_R12_C02__seed721204__it0000597,ts_c7825a0ad555d065e400,CB1_CAUR_S_CF3_RI2_TI2_R12_C02,NEW_ALNS_EXPANSION,S,CF3,2,CANONICAL_FALLBACK,True
CB1_CAUR_S_CF3_RI2_TI2_R12_C02__seed721204__it0000705,ts_0e151338facd508aab65,CB1_CAUR_S_CF3_RI2_TI2_R12_C02,NEW_ALNS_EXPANSION,S,CF3,2,PHASE6N_TOP4,False
CB1_CAUR_S_CF3_RI2_TI2_R12_C02__seed721204__it0000705,ts_24f66a49b2cb66adbf3d,CB1_CAUR_S_CF3_RI2_TI2_R12_C02,NEW_ALNS_EXPANSION,S,CF3,2,PHASE6N_TOP4,False
CB1_CAUR_S_CF3_RI2_TI2_R12_C02__seed721204__it0000705,ts_53d539d7cb45f2f36293,CB1_CAUR_S_CF3_RI2_TI2_R12_C02,NEW_ALNS_EXPANSION,S,CF3,2,CANONICAL_FALLBACK|PHASE6N_TOP4,True
CB1_CAUR_S_CF3_RI2_TI2_R12_C02__seed721204__it0000705,ts_8348c84715efac7a22b7,CB1_CAUR_S_CF3_RI2_TI2_R12_C02,NEW_ALNS_EXPANSION,S,CF3,2,PHASE6N_TOP4,False
CB1_CAUR_S_CF3_RI2_TI2_R12_C02__seed721204__it0000787,ts_5925e09c52e4952f2786,CB1_CAUR_S_CF3_RI2_TI2_R12_C02,NEW_ALNS_EXPANSION,S,CF3,2,CANONICAL_FALLBACK,True
CB1_CAUR_S_CF3_RI2_TI2_R12_C02__seed721204__it0000787,ts_767649b445d4381733cb,CB1_CAUR_S_CF3_RI2_TI2_R12_C02,NEW_ALNS_EXPANSION,S,CF3,2,PHASE6N_TOP4,False
CB1_CAUR_S_CF3_RI2_TI2_R12_C02__seed721204__it0000787,ts_7de6aab21fcaa2529ebf,CB1_CAUR_S_CF3_RI2_TI2_R12_C02,NEW_ALNS_EXPANSION,S,CF3,2,PHASE6N_TOP4,False
CB1_CAUR_S_CF3_RI2_TI2_R12_C02__seed721204__it0000787,ts_c1fd93cbcfde806af375,CB1_CAUR_S_CF3_RI2_TI2_R12_C02,NEW_ALNS_EXPANSION,S,CF3,2,PHASE6N_TOP4,False
CB1_CAUR_S_CF3_RI2_TI2_R12_C02__seed721204__it0000787,ts_efedbac41d5303c3ff8f,CB1_CAUR_S_CF3_RI2_TI2_R12_C02,NEW_ALNS_EXPANSION,S,CF3,2,PHASE6N_TOP4,False
CB1_CAUR_S_CF3_RI2_TI2_R12__seed691201__it0000014,ts_363910880a381e31abb6,CB1_CAUR_S_CF3_RI2_TI2_R12,ORIGINAL_PHASE6J_CAUR,S,CF3,2,PHASE6L_TOP4|PHASE6N_TOP4,False
CB1_CAUR_S_CF3_RI2_TI2_R12__seed691201__it0000014,ts_4468c21865d5bed8e716,CB1_CAUR_S_CF3_RI2_TI2_R12,ORIGINAL_PHASE6J_CAUR,S,CF3,2,PHASE6L_TOP4,False
CB1_CAUR_S_CF3_RI2_TI2_R12__seed691201__it0000014,ts_631b24a002ccfffbcb35,CB1_CAUR_S_CF3_RI2_TI2_R12,ORIGINAL_PHASE6J_CAUR,S,CF3,2,CANONICAL_FALLBACK|PHASE6L_TOP4,True
CB1_CAUR_S_CF3_RI2_TI2_R12__seed691201__it0000014,ts_63927236f55a12a665cb,CB1_CAUR_S_CF3_RI2_TI2_R12,ORIGINAL_PHASE6J_CAUR,S,CF3,2,PHASE6N_TOP4,False
CB1_CAUR_S_CF3_RI2_TI2_R12__seed691201__it0000014,ts_d5bfb515fc27946b5e0d,CB1_CAUR_S_CF3_RI2_TI2_R12,ORIGINAL_PHASE6J_CAUR,S,CF3,2,PHASE6L_TOP4|PHASE6N_TOP4,False
CB1_CAUR_S_CF3_RI2_TI2_R12__seed691201__it0000014,ts_d8fd09f196f2cac03cbc,CB1_CAUR_S_CF3_RI2_TI2_R12,ORIGINAL_PHASE6J_CAUR,S,CF3,2,PHASE6N_TOP4,False
CB1_CAUR_S_CF3_RI2_TI2_R12__seed691201__it0000054,ts_3808d5e9de4466ed050c,CB1_CAUR_S_CF3_RI2_TI2_R12,ORIGINAL_PHASE6J_CAUR,S,CF3,2,PHASE6N_TOP4,False
CB1_CAUR_S_CF3_RI2_TI2_R12__seed691201__it0000054,ts_423f481d4a49350e383a,CB1_CAUR_S_CF3_RI2_TI2_R12,ORIGINAL_PHASE6J_CAUR,S,CF3,2,PHASE6L_TOP4,False
CB1_CAUR_S_CF3_RI2_TI2_R12__seed691201__it0000054,ts_497736ca7579fa38ab4e,CB1_CAUR_S_CF3_RI2_TI2_R12,ORIGINAL_PHASE6J_CAUR,S,CF3,2,PHASE6L_TOP4|PHASE6N_TOP4,False
CB1_CAUR_S_CF3_RI2_TI2_R12__seed691201__it0000054,ts_5975776b44755386bec4,CB1_CAUR_S_CF3_RI2_TI2_R12,ORIGINAL_PHASE6J_CAUR,S,CF3,2,PHASE6N_TOP4,False
CB1_CAUR_S_CF3_RI2_TI2_R12__seed691201__it0000054,ts_7a4f647e9b1ac0b7bb11,CB1_CAUR_S_CF3_RI2_TI2_R12,ORIGINAL_PHASE6J_CAUR,S,CF3,2,PHASE6L_TOP4,False
CB1_CAUR_S_CF3_RI2_TI2_R12__seed691201__it0000054,ts_8ae5d9809f17ec068b07,CB1_CAUR_S_CF3_RI2_TI2_R12,ORIGINAL_PHASE6J_CAUR,S,CF3,2,CANONICAL_FALLBACK,True
CB1_CAUR_S_CF3_RI2_TI2_R12__seed691201__it0000054,ts_f225dbe768408b357250,CB1_CAUR_S_CF3_RI2_TI2_R12,ORIGINAL_PHASE6J_CAUR,S,CF3,2,PHASE6L_TOP4|PHASE6N_TOP4,False
CB1_CAUR_S_CF3_RI2_TI2_R12__seed691201__it0000096,ts_1505f57886a831774ff9,CB1_CAUR_S_CF3_RI2_TI2_R12,ORIGINAL_PHASE6J_CAUR,S,CF3,2,PHASE6N_TOP4,False
CB1_CAUR_S_CF3_RI2_TI2_R12__seed691201__it0000096,ts_4217bedda31c58a6149b,CB1_CAUR_S_CF3_RI2_TI2_R12,ORIGINAL_PHASE6J_CAUR,S,CF3,2,CANONICAL_FALLBACK|PHASE6N_TOP4,True
CB1_CAUR_S_CF3_RI2_TI2_R12__seed691201__it0000096,ts_576d3713a97fe91ca82e,CB1_CAUR_S_CF3_RI2_TI2_R12,ORIGINAL_PHASE6J_CAUR,S,CF3,2,PHASE6N_TOP4,False
CB1_CAUR_S_CF3_RI2_TI2_R12__seed691201__it0000096,ts_a77e362de8c2833fdc5c,CB1_CAUR_S_CF3_RI2_TI2_R12,ORIGINAL_PHASE6J_CAUR,S,CF3,2,PHASE6L_TOP4,False
CB1_CAUR_S_CF3_RI2_TI2_R12__seed691201__it0000096,ts_a83b1df4cebe54dfae13,CB1_CAUR_S_CF3_RI2_TI2_R12,ORIGINAL_PHASE6J_CAUR,S,CF3,2,PHASE6L_TOP4|PHASE6N_TOP4,False
CB1_CAUR_S_CF3_RI2_TI2_R12__seed691201__it0000096,ts_e72175ae82710062b7d6,CB1_CAUR_S_CF3_RI2_TI2_R12,ORIGINAL_PHASE6J_CAUR,S,CF3,2,PHASE6L_TOP4,False
CB1_CAUR_S_CF3_RI2_TI2_R12__seed691201__it0000096,ts_fe78b5367a3b79c92455,CB1_CAUR_S_CF3_RI2_TI2_R12,ORIGINAL_PHASE6J_CAUR,S,CF3,2,PHASE6L_TOP4,False
CB1_CAUR_S_CF3_RI2_TI2_R12__seed691201__it0000136,ts_2485ef8fb4072b5fdb93,CB1_CAUR_S_CF3_RI2_TI2_R12,ORIGINAL_PHASE6J_CAUR,S,CF3,2,PHASE6L_TOP4,False
CB1_CAUR_S_CF3_RI2_TI2_R12__seed691201__it0000136,ts_2613f34a727bc14f69b7,CB1_CAUR_S_CF3_RI2_TI2_R12,ORIGINAL_PHASE6J_CAUR,S,CF3,2,PHASE6N_TOP4,False
CB1_CAUR_S_CF3_RI2_TI2_R12__seed691201__it0000136,ts_4eb3c1cb35a15240ab45,CB1_CAUR_S_CF3_RI2_TI2_R12,ORIGINAL_PHASE6J_CAUR,S,CF3,2,PHASE6L_TOP4,False
CB1_CAUR_S_CF3_RI2_TI2_R12__seed691201__it0000136,ts_77b112bedaeb407784ed,CB1_CAUR_S_CF3_RI2_TI2_R12,ORIGINAL_PHASE6J_CAUR,S,CF3,2,PHASE6L_TOP4,False
CB1_CAUR_S_CF3_RI2_TI2_R12__seed691201__it0000136,ts_896fa932664e087dca3c,CB1_CAUR_S_CF3_RI2_TI2_R12,ORIGINAL_PHASE6J_CAUR,S,CF3,2,CANONICAL_FALLBACK|PHASE6N_TOP4,True
CB1_CAUR_S_CF3_RI2_TI2_R12__seed691201__it0000136,ts_a04aae1fb0f2d641c13c,CB1_CAUR_S_CF3_RI2_TI2_R12,ORIGINAL_PHASE6J_CAUR,S,CF3,2,PHASE6L_TOP4|PHASE6N_TOP4,False
CB1_CAUR_S_CF3_RI2_TI2_R12__seed691201__it0000136,ts_f599f933d7a9577fe5b5,CB1_CAUR_S_CF3_RI2_TI2_R12,ORIGINAL_PHASE6J_CAUR,S,CF3,2,PHASE6N_TOP4,False
CB1_CAUR_S_CF3_RI2_TI2_R12__seed691201__it0000174,ts_0d8cfba27c9de8d170f6,CB1_CAUR_S_CF3_RI2_TI2_R12,ORIGINAL_PHASE6J_CAUR,S,CF3,2,PHASE6L_TOP4|PHASE6N_TOP4,False
CB1_CAUR_S_CF3_RI2_TI2_R12__seed691201__it0000174,ts_57bf9b79721daa9538af,CB1_CAUR_S_CF3_RI2_TI2_R12,ORIGINAL_PHASE6J_CAUR,S,CF3,2,PHASE6N_TOP4,False
CB1_CAUR_S_CF3_RI2_TI2_R12__seed691201__it0000174,ts_710273dcd0889ad60a0b,CB1_CAUR_S_CF3_RI2_TI2_R12,ORIGINAL_PHASE6J_CAUR,S,CF3,2,PHASE6N_TOP4,False
CB1_CAUR_S_CF3_RI2_TI2_R12__seed691201__it0000174,ts_91f6768bc23e2e0bdb70,CB1_CAUR_S_CF3_RI2_TI2_R12,ORIGINAL_PHASE6J_CAUR,S,CF3,2,CANONICAL_FALLBACK,True
CB1_CAUR_S_CF3_RI2_TI2_R12__seed691201__it0000174,ts_9c0602021c2c9ede269c,CB1_CAUR_S_CF3_RI2_TI2_R12,ORIGINAL_PHASE6J_CAUR,S,CF3,2,PHASE6L_TOP4,False
CB1_CAUR_S_CF3_RI2_TI2_R12__seed691201__it0000174,ts_a44961dd21382978f9fe,CB1_CAUR_S_CF3_RI2_TI2_R12,ORIGINAL_PHASE6J_CAUR,S,CF3,2,PHASE6L_TOP4,False
CB1_CAUR_S_CF3_RI2_TI2_R12__seed691201__it0000174,ts_f0d0bfb922d3ef90eee7,CB1_CAUR_S_CF3_RI2_TI2_R12,ORIGINAL_PHASE6J_CAUR,S,CF3,2,PHASE6L_TOP4|PHASE6N_TOP4,False
CB1_CAUR_S_CF3_RI2_TI2_R12__seed691201__it0000216,ts_083f41394dbc353f6f8e,CB1_CAUR_S_CF3_RI2_TI2_R12,ORIGINAL_PHASE6J_CAUR,S,CF3,2,PHASE6L_TOP4|PHASE6N_TOP4,False
CB1_CAUR_S_CF3_RI2_TI2_R12__seed691201__it0000216,ts_4494a143dc9db0899125,CB1_CAUR_S_CF3_RI2_TI2_R12,ORIGINAL_PHASE6J_CAUR,S,CF3,2,CANONICAL_FALLBACK,True
CB1_CAUR_S_CF3_RI2_TI2_R12__seed691201__it0000216,ts_495e0de4ccedfe82f433,CB1_CAUR_S_CF3_RI2_TI2_R12,ORIGINAL_PHASE6J_CAUR,S,CF3,2,PHASE6N_TOP4,False
CB1_CAUR_S_CF3_RI2_TI2_R12__seed691201__it0000216,ts_d281b1529ea37a44e8bf,CB1_CAUR_S_CF3_RI2_TI2_R12,ORIGINAL_PHASE6J_CAUR,S,CF3,2,PHASE6L_TOP4|PHASE6N_TOP4,False
CB1_CAUR_S_CF3_RI2_TI2_R12__seed691201__it0000216,ts_d5b6ffc1d0483a3e5766,CB1_CAUR_S_CF3_RI2_TI2_R12,ORIGINAL_PHASE6J_CAUR,S,CF3,2,PHASE6L_TOP4|PHASE6N_TOP4,False
CB1_CAUR_S_CF3_RI2_TI2_R12__seed691201__it0000216,ts_f78dc276e6707612f60d,CB1_CAUR_S_CF3_RI2_TI2_R12,ORIGINAL_PHASE6J_CAUR,S,CF3,2,PHASE6L_TOP4,False
CB1_CAUR_S_CF3_RI2_TI2_R12__seed691201__it0000253,ts_061e6f7349a7ca877ee9,CB1_CAUR_S_CF3_RI2_TI2_R12,ORIGINAL_PHASE6J_CAUR,S,CF3,2,PHASE6L_TOP4|PHASE6N_TOP4,False
CB1_CAUR_S_CF3_RI2_TI2_R12__seed691201__it0000253,ts_292dfba925f1ebb13d38,CB1_CAUR_S_CF3_RI2_TI2_R12,ORIGINAL_PHASE6J_CAUR,S,CF3,2,PHASE6N_TOP4,False
CB1_CAUR_S_CF3_RI2_TI2_R12__seed691201__it0000253,ts_3dbc8ebbca89cdd71267,CB1_CAUR_S_CF3_RI2_TI2_R12,ORIGINAL_PHASE6J_CAUR,S,CF3,2,CANONICAL_FALLBACK|PHASE6L_TOP4,True
CB1_CAUR_S_CF3_RI2_TI2_R12__seed691201__it0000253,ts_5996c1e90494f8415bed,CB1_CAUR_S_CF3_RI2_TI2_R12,ORIGINAL_PHASE6J_CAUR,S,CF3,2,PHASE6L_TOP4,False
CB1_CAUR_S_CF3_RI2_TI2_R12__seed691201__it0000253,ts_bd2622b3035df94c7223,CB1_CAUR_S_CF3_RI2_TI2_R12,ORIGINAL_PHASE6J_CAUR,S,CF3,2,PHASE6N_TOP4,False
CB1_CAUR_S_CF3_RI2_TI2_R12__seed691201__it0000253,ts_c38271ad1e299a3c380c,CB1_CAUR_S_CF3_RI2_TI2_R12,ORIGINAL_PHASE6J_CAUR,S,CF3,2,PHASE6N_TOP4,False
CB1_CAUR_S_CF3_RI2_TI2_R12__seed691201__it0000253,ts_f5edfd880a9e69e88d40,CB1_CAUR_S_CF3_RI2_TI2_R12,ORIGINAL_PHASE6J_CAUR,S,CF3,2,PHASE6L_TOP4,False
CB1_CAUR_S_CF3_RI2_TI2_R12__seed691201__it0000284,ts_2baa17a7a52706c5a0ea,CB1_CAUR_S_CF3_RI2_TI2_R12,ORIGINAL_PHASE6J_CAUR,S,CF3,2,PHASE6N_TOP4,False
CB1_CAUR_S_CF3_RI2_TI2_R12__seed691201__it0000284,ts_32343b944ac2ad85cb99,CB1_CAUR_S_CF3_RI2_TI2_R12,ORIGINAL_PHASE6J_CAUR,S,CF3,2,PHASE6L_TOP4|PHASE6N_TOP4,False
CB1_CAUR_S_CF3_RI2_TI2_R12__seed691201__it0000284,ts_50d2cf6c244477f74f50,CB1_CAUR_S_CF3_RI2_TI2_R12,ORIGINAL_PHASE6J_CAUR,S,CF3,2,PHASE6N_TOP4,False
CB1_CAUR_S_CF3_RI2_TI2_R12__seed691201__it0000284,ts_b40704698ff36a0b9512,CB1_CAUR_S_CF3_RI2_TI2_R12,ORIGINAL_PHASE6J_CAUR,S,CF3,2,PHASE6L_TOP4,False
CB1_CAUR_S_CF3_RI2_TI2_R12__seed691201__it0000284,ts_b848576e265b08afa020,CB1_CAUR_S_CF3_RI2_TI2_R12,ORIGINAL_PHASE6J_CAUR,S,CF3,2,PHASE6L_TOP4,False
CB1_CAUR_S_CF3_RI2_TI2_R12__seed691201__it0000284,ts_e75eb8d41648c6982505,CB1_CAUR_S_CF3_RI2_TI2_R12,ORIGINAL_PHASE6J_CAUR,S,CF3,2,PHASE6L_TOP4|PHASE6N_TOP4,False
CB1_CAUR_S_CF3_RI2_TI2_R12__seed691201__it0000284,ts_f9a29efc57fde9568b7f,CB1_CAUR_S_CF3_RI2_TI2_R12,ORIGINAL_PHASE6J_CAUR,S,CF3,2,CANONICAL_FALLBACK,True
CB1_CAUR_S_CF3_RI2_TI2_R12__seed691202__it0000014,ts_03360a3fb35283836420,CB1_CAUR_S_CF3_RI2_TI2_R12,ORIGINAL_PHASE6J_CAUR,S,CF3,2,PHASE6N_TOP4,False
CB1_CAUR_S_CF3_RI2_TI2_R12__seed691202__it0000014,ts_79d52c8c1e5779b06268,CB1_CAUR_S_CF3_RI2_TI2_R12,ORIGINAL_PHASE6J_CAUR,S,CF3,2,PHASE6L_TOP4|PHASE6N_TOP4,False
CB1_CAUR_S_CF3_RI2_TI2_R12__seed691202__it0000014,ts_81bc5ac35f8e4a25e7bd,CB1_CAUR_S_CF3_RI2_TI2_R12,ORIGINAL_PHASE6J_CAUR,S,CF3,2,PHASE6L_TOP4,False
CB1_CAUR_S_CF3_RI2_TI2_R12__seed691202__it0000014,ts_839f21cd469399d2640b,CB1_CAUR_S_CF3_RI2_TI2_R12,ORIGINAL_PHASE6J_CAUR,S,CF3,2,CANONICAL_FALLBACK,True
CB1_CAUR_S_CF3_RI2_TI2_R12__seed691202__it0000014,ts_a9cc20eac13729501c11,CB1_CAUR_S_CF3_RI2_TI2_R12,ORIGINAL_PHASE6J_CAUR,S,CF3,2,PHASE6L_TOP4,False
CB1_CAUR_S_CF3_RI2_TI2_R12__seed691202__it0000014,ts_b54e206314a7729db198,CB1_CAUR_S_CF3_RI2_TI2_R12,ORIGINAL_PHASE6J_CAUR,S,CF3,2,PHASE6L_TOP4|PHASE6N_TOP4,False
CB1_CAUR_S_CF3_RI2_TI2_R12__seed691202__it0000014,ts_dd7d1df7fd2dcbd4daf2,CB1_CAUR_S_CF3_RI2_TI2_R12,ORIGINAL_PHASE6J_CAUR,S,CF3,2,PHASE6N_TOP4,False
CB1_CAUR_S_CF3_RI2_TI2_R12__seed691202__it0000054,ts_03caf2d0f0299603dac7,CB1_CAUR_S_CF3_RI2_TI2_R12,ORIGINAL_PHASE6J_CAUR,S,CF3,2,PHASE6L_TOP4,False
CB1_CAUR_S_CF3_RI2_TI2_R12__seed691202__it0000054,ts_1994619cdd37188fa1fe,CB1_CAUR_S_CF3_RI2_TI2_R12,ORIGINAL_PHASE6J_CAUR,S,CF3,2,CANONICAL_FALLBACK,True
CB1_CAUR_S_CF3_RI2_TI2_R12__seed691202__it0000054,ts_2a1b2e71c08989713aed,CB1_CAUR_S_CF3_RI2_TI2_R12,ORIGINAL_PHASE6J_CAUR,S,CF3,2,PHASE6L_TOP4,False
CB1_CAUR_S_CF3_RI2_TI2_R12__seed691202__it0000054,ts_5baf557fdd3b93e1ab61,CB1_CAUR_S_CF3_RI2_TI2_R12,ORIGINAL_PHASE6J_CAUR,S,CF3,2,PHASE6L_TOP4,False
CB1_CAUR_S_CF3_RI2_TI2_R12__seed691202__it0000054,ts_625638c145cb6ca62e9a,CB1_CAUR_S_CF3_RI2_TI2_R12,ORIGINAL_PHASE6J_CAUR,S,CF3,2,PHASE6N_TOP4,False
CB1_CAUR_S_CF3_RI2_TI2_R12__seed691202__it0000054,ts_65f5600d5dbe11f544d5,CB1_CAUR_S_CF3_RI2_TI2_R12,ORIGINAL_PHASE6J_CAUR,S,CF3,2,PHASE6N_TOP4,False
CB1_CAUR_S_CF3_RI2_TI2_R12__seed691202__it0000054,ts_9e0959df6a1a00c273b5,CB1_CAUR_S_CF3_RI2_TI2_R12,ORIGINAL_PHASE6J_CAUR,S,CF3,2,PHASE6L_TOP4,False
CB1_CAUR_S_CF3_RI2_TI2_R12__seed691202__it0000054,ts_adf54a683c2a35e21941,CB1_CAUR_S_CF3_RI2_TI2_R12,ORIGINAL_PHASE6J_CAUR,S,CF3,2,PHASE6N_TOP4,False
CB1_CAUR_S_CF3_RI2_TI2_R12__seed691202__it0000054,ts_c4cffaddddc4876bd20a,CB1_CAUR_S_CF3_RI2_TI2_R12,ORIGINAL_PHASE6J_CAUR,S,CF3,2,PHASE6N_TOP4,False
CB1_CAUR_S_CF3_RI2_TI2_R12__seed691202__it0000097,ts_1579e860fa1040870b25,CB1_CAUR_S_CF3_RI2_TI2_R12,ORIGINAL_PHASE6J_CAUR,S,CF3,2,PHASE6L_TOP4,False
CB1_CAUR_S_CF3_RI2_TI2_R12__seed691202__it0000097,ts_1bb210ac492e1c6a0254,CB1_CAUR_S_CF3_RI2_TI2_R12,ORIGINAL_PHASE6J_CAUR,S,CF3,2,PHASE6L_TOP4|PHASE6N_TOP4,False
CB1_CAUR_S_CF3_RI2_TI2_R12__seed691202__it0000097,ts_743d5b4aba834d7f2df9,CB1_CAUR_S_CF3_RI2_TI2_R12,ORIGINAL_PHASE6J_CAUR,S,CF3,2,CANONICAL_FALLBACK|PHASE6N_TOP4,True
CB1_CAUR_S_CF3_RI2_TI2_R12__seed691202__it0000097,ts_800524c3082f15f029aa,CB1_CAUR_S_CF3_RI2_TI2_R12,ORIGINAL_PHASE6J_CAUR,S,CF3,2,PHASE6L_TOP4|PHASE6N_TOP4,False
CB1_CAUR_S_CF3_RI2_TI2_R12__seed691202__it0000097,ts_cbd3246c5b5a158b7542,CB1_CAUR_S_CF3_RI2_TI2_R12,ORIGINAL_PHASE6J_CAUR,S,CF3,2,PHASE6N_TOP4,False
CB1_CAUR_S_CF3_RI2_TI2_R12__seed691202__it0000097,ts_dd84738ecf409b81ca0a,CB1_CAUR_S_CF3_RI2_TI2_R12,ORIGINAL_PHASE6J_CAUR,S,CF3,2,PHASE6L_TOP4,False
CB1_CAUR_S_CF3_RI2_TI2_R12__seed691202__it0000137,ts_016b520d79d885a6951c,CB1_CAUR_S_CF3_RI2_TI2_R12,ORIGINAL_PHASE6J_CAUR,S,CF3,2,PHASE6L_TOP4|PHASE6N_TOP4,False
CB1_CAUR_S_CF3_RI2_TI2_R12__seed691202__it0000137,ts_0c14bcc00e874a8ee767,CB1_CAUR_S_CF3_RI2_TI2_R12,ORIGINAL_PHASE6J_CAUR,S,CF3,2,CANONICAL_FALLBACK|PHASE6L_TOP4|PHASE6N_TOP4,True
CB1_CAUR_S_CF3_RI2_TI2_R12__seed691202__it0000137,ts_0da351d3ec5bf5507e4f,CB1_CAUR_S_CF3_RI2_TI2_R12,ORIGINAL_PHASE6J_CAUR,S,CF3,2,PHASE6L_TOP4,False
CB1_CAUR_S_CF3_RI2_TI2_R12__seed691202__it0000137,ts_72e8b300be5def0d37b4,CB1_CAUR_S_CF3_RI2_TI2_R12,ORIGINAL_PHASE6J_CAUR,S,CF3,2,PHASE6N_TOP4,False
CB1_CAUR_S_CF3_RI2_TI2_R12__seed691202__it0000137,ts_f9a4537c2f76ca79c1f5,CB1_CAUR_S_CF3_RI2_TI2_R12,ORIGINAL_PHASE6J_CAUR,S,CF3,2,PHASE6L_TOP4|PHASE6N_TOP4,False
CB1_CAUR_S_CF3_RI2_TI2_R12__seed691202__it0000175,ts_0804a74866a6b0d1dc7e,CB1_CAUR_S_CF3_RI2_TI2_R12,ORIGINAL_PHASE6J_CAUR,S,CF3,2,PHASE6N_TOP4,False
CB1_CAUR_S_CF3_RI2_TI2_R12__seed691202__it0000175,ts_5935947659a06f849aeb,CB1_CAUR_S_CF3_RI2_TI2_R12,ORIGINAL_PHASE6J_CAUR,S,CF3,2,PHASE6N_TOP4,False
CB1_CAUR_S_CF3_RI2_TI2_R12__seed691202__it0000175,ts_6142ad3e8b9ad479c777,CB1_CAUR_S_CF3_RI2_TI2_R12,ORIGINAL_PHASE6J_CAUR,S,CF3,2,PHASE6L_TOP4,False
CB1_CAUR_S_CF3_RI2_TI2_R12__seed691202__it0000175,ts_853d53ac27c2f31a8f37,CB1_CAUR_S_CF3_RI2_TI2_R12,ORIGINAL_PHASE6J_CAUR,S,CF3,2,PHASE6N_TOP4,False
CB1_CAUR_S_CF3_RI2_TI2_R12__seed691202__it0000175,ts_8d069a2af575c7ef3c37,CB1_CAUR_S_CF3_RI2_TI2_R12,ORIGINAL_PHASE6J_CAUR,S,CF3,2,CANONICAL_FALLBACK|PHASE6L_TOP4,True
CB1_CAUR_S_CF3_RI2_TI2_R12__seed691202__it0000175,ts_9ff96557b357607f58b6,CB1_CAUR_S_CF3_RI2_TI2_R12,ORIGINAL_PHASE6J_CAUR,S,CF3,2,PHASE6L_TOP4,False
CB1_CAUR_S_CF3_RI2_TI2_R12__seed691202__it0000175,ts_b4ab0db5691a6fefc115,CB1_CAUR_S_CF3_RI2_TI2_R12,ORIGINAL_PHASE6J_CAUR,S,CF3,2,PHASE6L_TOP4|PHASE6N_TOP4,False
CB1_CAUR_S_CF3_RI2_TI2_R12__seed691202__it0000218,ts_03cd50ffc9f0aee199df,CB1_CAUR_S_CF3_RI2_TI2_R12,ORIGINAL_PHASE6J_CAUR,S,CF3,2,PHASE6N_TOP4,False
CB1_CAUR_S_CF3_RI2_TI2_R12__seed691202__it0000218,ts_4aa82207a9ce95a3f9f1,CB1_CAUR_S_CF3_RI2_TI2_R12,ORIGINAL_PHASE6J_CAUR,S,CF3,2,PHASE6L_TOP4|PHASE6N_TOP4,False
CB1_CAUR_S_CF3_RI2_TI2_R12__seed691202__it0000218,ts_5b37ad68512938724c9e,CB1_CAUR_S_CF3_RI2_TI2_R12,ORIGINAL_PHASE6J_CAUR,S,CF3,2,PHASE6N_TOP4,False
CB1_CAUR_S_CF3_RI2_TI2_R12__seed691202__it0000218,ts_789ad7aadd5d5848b0c5,CB1_CAUR_S_CF3_RI2_TI2_R12,ORIGINAL_PHASE6J_CAUR,S,CF3,2,PHASE6L_TOP4,False
CB1_CAUR_S_CF3_RI2_TI2_R12__seed691202__it0000218,ts_8385f314cd042d3fc96b,CB1_CAUR_S_CF3_RI2_TI2_R12,ORIGINAL_PHASE6J_CAUR,S,CF3,2,CANONICAL_FALLBACK,True
CB1_CAUR_S_CF3_RI2_TI2_R12__seed691202__it0000218,ts_9c9e9b59a3eb9afaaab5,CB1_CAUR_S_CF3_RI2_TI2_R12,ORIGINAL_PHASE6J_CAUR,S,CF3,2,PHASE6L_TOP4,False
CB1_CAUR_S_CF3_RI2_TI2_R12__seed691202__it0000218,ts_d8960b34489c1f35b237,CB1_CAUR_S_CF3_RI2_TI2_R12,ORIGINAL_PHASE6J_CAUR,S,CF3,2,PHASE6L_TOP4|PHASE6N_TOP4,False
CB1_CAUR_S_CF3_RI2_TI2_R12__seed691202__it0000258,ts_0ed0b937f9634a87c9ce,CB1_CAUR_S_CF3_RI2_TI2_R12,ORIGINAL_PHASE6J_CAUR,S,CF3,2,PHASE6L_TOP4|PHASE6N_TOP4,False
CB1_CAUR_S_CF3_RI2_TI2_R12__seed691202__it0000258,ts_3a362128e9b7e2165416,CB1_CAUR_S_CF3_RI2_TI2_R12,ORIGINAL_PHASE6J_CAUR,S,CF3,2,PHASE6N_TOP4,False
CB1_CAUR_S_CF3_RI2_TI2_R12__seed691202__it0000258,ts_6730b5cb1a51c2126946,CB1_CAUR_S_CF3_RI2_TI2_R12,ORIGINAL_PHASE6J_CAUR,S,CF3,2,PHASE6L_TOP4|PHASE6N_TOP4,False
CB1_CAUR_S_CF3_RI2_TI2_R12__seed691202__it0000258,ts_7cd09ab79be1f7e13f84,CB1_CAUR_S_CF3_RI2_TI2_R12,ORIGINAL_PHASE6J_CAUR,S,CF3,2,CANONICAL_FALLBACK|PHASE6L_TOP4,True
CB1_CAUR_S_CF3_RI2_TI2_R12__seed691202__it0000258,ts_b01e40ec8456d004e779,CB1_CAUR_S_CF3_RI2_TI2_R12,ORIGINAL_PHASE6J_CAUR,S,CF3,2,PHASE6L_TOP4,False
CB1_CAUR_S_CF3_RI2_TI2_R12__seed691202__it0000258,ts_c4dbc76fde02e30e8a9a,CB1_CAUR_S_CF3_RI2_TI2_R12,ORIGINAL_PHASE6J_CAUR,S,CF3,2,PHASE6N_TOP4,False
CB1_CAUR_S_CF3_RI2_TI2_R12__seed691202__it0000289,ts_0060c875b34f34f8de56,CB1_CAUR_S_CF3_RI2_TI2_R12,ORIGINAL_PHASE6J_CAUR,S,CF3,2,PHASE6N_TOP4,False
CB1_CAUR_S_CF3_RI2_TI2_R12__seed691202__it0000289,ts_10f60aa06855c0a89c77,CB1_CAUR_S_CF3_RI2_TI2_R12,ORIGINAL_PHASE6J_CAUR,S,CF3,2,PHASE6L_TOP4,False
CB1_CAUR_S_CF3_RI2_TI2_R12__seed691202__it0000289,ts_1b43f27db0edd546f8f3,CB1_CAUR_S_CF3_RI2_TI2_R12,ORIGINAL_PHASE6J_CAUR,S,CF3,2,PHASE6N_TOP4,False
CB1_CAUR_S_CF3_RI2_TI2_R12__seed691202__it0000289,ts_310580673320d9f59bc0,CB1_CAUR_S_CF3_RI2_TI2_R12,ORIGINAL_PHASE6J_CAUR,S,CF3,2,PHASE6L_TOP4,False
CB1_CAUR_S_CF3_RI2_TI2_R12__seed691202__it0000289,ts_3ed8dc148a43e4811108,CB1_CAUR_S_CF3_RI2_TI2_R12,ORIGINAL_PHASE6J_CAUR,S,CF3,2,PHASE6N_TOP4,False
CB1_CAUR_S_CF3_RI2_TI2_R12__seed691202__it0000289,ts_4aa66f19234e8b3dc351,CB1_CAUR_S_CF3_RI2_TI2_R12,ORIGINAL_PHASE6J_CAUR,S,CF3,2,PHASE6N_TOP4,False
CB1_CAUR_S_CF3_RI2_TI2_R12__seed691202__it0000289,ts_5f52597a1847095ce924,CB1_CAUR_S_CF3_RI2_TI2_R12,ORIGINAL_PHASE6J_CAUR,S,CF3,2,PHASE6L_TOP4,False
CB1_CAUR_S_CF3_RI2_TI2_R12__seed691202__it0000289,ts_7c61ee66fb83d6a4599b,CB1_CAUR_S_CF3_RI2_TI2_R12,ORIGINAL_PHASE6J_CAUR,S,CF3,2,PHASE6L_TOP4,False
CB1_CAUR_S_CF3_RI2_TI2_R12__seed691202__it0000289,ts_a8bd373af13e56956442,CB1_CAUR_S_CF3_RI2_TI2_R12,ORIGINAL_PHASE6J_CAUR,S,CF3,2,CANONICAL_FALLBACK,True
CB1_CAUR_S_CF3_RI2_TI2_R12__seed721201__it0000037,ts_1b08c09ce466086ba396,CB1_CAUR_S_CF3_RI2_TI2_R12,NEW_ALNS_EXPANSION,S,CF3,2,PHASE6N_TOP4,False
CB1_CAUR_S_CF3_RI2_TI2_R12__seed721201__it0000037,ts_426a318753ea2ee90050,CB1_CAUR_S_CF3_RI2_TI2_R12,NEW_ALNS_EXPANSION,S,CF3,2,PHASE6N_TOP4,False
CB1_CAUR_S_CF3_RI2_TI2_R12__seed721201__it0000037,ts_c3464f777cd4c0a8a873,CB1_CAUR_S_CF3_RI2_TI2_R12,NEW_ALNS_EXPANSION,S,CF3,2,PHASE6N_TOP4,False
CB1_CAUR_S_CF3_RI2_TI2_R12__seed721201__it0000037,ts_c4f55098560a34316720,CB1_CAUR_S_CF3_RI2_TI2_R12,NEW_ALNS_EXPANSION,S,CF3,2,CANONICAL_FALLBACK,True
CB1_CAUR_S_CF3_RI2_TI2_R12__seed721201__it0000037,ts_f356479525ff77ea731f,CB1_CAUR_S_CF3_RI2_TI2_R12,NEW_ALNS_EXPANSION,S,CF3,2,PHASE6N_TOP4,False
CB1_CAUR_S_CF3_RI2_TI2_R12__seed721201__it0000149,ts_5fe0892ef6287c73f279,CB1_CAUR_S_CF3_RI2_TI2_R12,NEW_ALNS_EXPANSION,S,CF3,2,CANONICAL_FALLBACK,True
CB1_CAUR_S_CF3_RI2_TI2_R12__seed721201__it0000149,ts_71edff1534ad8141eca4,CB1_CAUR_S_CF3_RI2_TI2_R12,NEW_ALNS_EXPANSION,S,CF3,2,PHASE6N_TOP4,False
CB1_CAUR_S_CF3_RI2_TI2_R12__seed721201__it0000149,ts_82623e2433b342a974f3,CB1_CAUR_S_CF3_RI2_TI2_R12,NEW_ALNS_EXPANSION,S,CF3,2,PHASE6N_TOP4,False
CB1_CAUR_S_CF3_RI2_TI2_R12__seed721201__it0000149,ts_954d9ff2ba521d3358f1,CB1_CAUR_S_CF3_RI2_TI2_R12,NEW_ALNS_EXPANSION,S,CF3,2,PHASE6N_TOP4,False
CB1_CAUR_S_CF3_RI2_TI2_R12__seed721201__it0000149,ts_f39ffca3132feff7bdb4,CB1_CAUR_S_CF3_RI2_TI2_R12,NEW_ALNS_EXPANSION,S,CF3,2,PHASE6N_TOP4,False
CB1_CAUR_S_CF3_RI2_TI2_R12__seed721201__it0000265,ts_584fb373bb0d51301443,CB1_CAUR_S_CF3_RI2_TI2_R12,NEW_ALNS_EXPANSION,S,CF3,2,PHASE6N_TOP4,False
CB1_CAUR_S_CF3_RI2_TI2_R12__seed721201__it0000265,ts_5b881936f099932ed4bf,CB1_CAUR_S_CF3_RI2_TI2_R12,NEW_ALNS_EXPANSION,S,CF3,2,PHASE6N_TOP4,False
CB1_CAUR_S_CF3_RI2_TI2_R12__seed721201__it0000265,ts_6617432c55aefb76fbda,CB1_CAUR_S_CF3_RI2_TI2_R12,NEW_ALNS_EXPANSION,S,CF3,2,PHASE6N_TOP4,False
CB1_CAUR_S_CF3_RI2_TI2_R12__seed721201__it0000265,ts_9e1c11592ae4c7525cdc,CB1_CAUR_S_CF3_RI2_TI2_R12,NEW_ALNS_EXPANSION,S,CF3,2,CANONICAL_FALLBACK,True
CB1_CAUR_S_CF3_RI2_TI2_R12__seed721201__it0000265,ts_f7f266992a23f938f23a,CB1_CAUR_S_CF3_RI2_TI2_R12,NEW_ALNS_EXPANSION,S,CF3,2,PHASE6N_TOP4,False
CB1_CAUR_S_CF3_RI2_TI2_R12__seed721201__it0000375,ts_17221f9734d33e81cd21,CB1_CAUR_S_CF3_RI2_TI2_R12,NEW_ALNS_EXPANSION,S,CF3,2,CANONICAL_FALLBACK,True
CB1_CAUR_S_CF3_RI2_TI2_R12__seed721201__it0000375,ts_25d908fba733d3e328d0,CB1_CAUR_S_CF3_RI2_TI2_R12,NEW_ALNS_EXPANSION,S,CF3,2,PHASE6N_TOP4,False
CB1_CAUR_S_CF3_RI2_TI2_R12__seed721201__it0000375,ts_a023da66dc91a2374d4f,CB1_CAUR_S_CF3_RI2_TI2_R12,NEW_ALNS_EXPANSION,S,CF3,2,PHASE6N_TOP4,False
CB1_CAUR_S_CF3_RI2_TI2_R12__seed721201__it0000375,ts_a12dcbf2ef298e08b42c,CB1_CAUR_S_CF3_RI2_TI2_R12,NEW_ALNS_EXPANSION,S,CF3,2,PHASE6N_TOP4,False
CB1_CAUR_S_CF3_RI2_TI2_R12__seed721201__it0000375,ts_d18bd8b85e010e0398dc,CB1_CAUR_S_CF3_RI2_TI2_R12,NEW_ALNS_EXPANSION,S,CF3,2,PHASE6N_TOP4,False
CB1_CAUR_S_CF3_RI2_TI2_R12__seed721201__it0000485,ts_46504ec3ec332cbc9743,CB1_CAUR_S_CF3_RI2_TI2_R12,NEW_ALNS_EXPANSION,S,CF3,2,PHASE6N_TOP4,False
CB1_CAUR_S_CF3_RI2_TI2_R12__seed721201__it0000485,ts_58a84b9ac9152c96ca87,CB1_CAUR_S_CF3_RI2_TI2_R12,NEW_ALNS_EXPANSION,S,CF3,2,PHASE6N_TOP4,False
CB1_CAUR_S_CF3_RI2_TI2_R12__seed721201__it0000485,ts_baf27c2b2a4fb17e9827,CB1_CAUR_S_CF3_RI2_TI2_R12,NEW_ALNS_EXPANSION,S,CF3,2,PHASE6N_TOP4,False
CB1_CAUR_S_CF3_RI2_TI2_R12__seed721201__it0000485,ts_decaafb210874d1a59e9,CB1_CAUR_S_CF3_RI2_TI2_R12,NEW_ALNS_EXPANSION,S,CF3,2,CANONICAL_FALLBACK,True
CB1_CAUR_S_CF3_RI2_TI2_R12__seed721201__it0000485,ts_e1567e849fcf01a4b668,CB1_CAUR_S_CF3_RI2_TI2_R12,NEW_ALNS_EXPANSION,S,CF3,2,PHASE6N_TOP4,False
CB1_CAUR_S_CF3_RI2_TI2_R12__seed721201__it0000601,ts_2e3f3992f71251f19063,CB1_CAUR_S_CF3_RI2_TI2_R12,NEW_ALNS_EXPANSION,S,CF3,2,PHASE6N_TOP4,False
CB1_CAUR_S_CF3_RI2_TI2_R12__seed721201__it0000601,ts_46a446a9d03c80da7723,CB1_CAUR_S_CF3_RI2_TI2_R12,NEW_ALNS_EXPANSION,S,CF3,2,CANONICAL_FALLBACK,True
CB1_CAUR_S_CF3_RI2_TI2_R12__seed721201__it0000601,ts_5701877a043e260bb16f,CB1_CAUR_S_CF3_RI2_TI2_R12,NEW_ALNS_EXPANSION,S,CF3,2,PHASE6N_TOP4,False
CB1_CAUR_S_CF3_RI2_TI2_R12__seed721201__it0000601,ts_7edbd989503ba5f2c63a,CB1_CAUR_S_CF3_RI2_TI2_R12,NEW_ALNS_EXPANSION,S,CF3,2,PHASE6N_TOP4,False
CB1_CAUR_S_CF3_RI2_TI2_R12__seed721201__it0000601,ts_8c4327ba78053ab70a55,CB1_CAUR_S_CF3_RI2_TI2_R12,NEW_ALNS_EXPANSION,S,CF3,2,PHASE6N_TOP4,False
CB1_CAUR_S_CF3_RI2_TI2_R12__seed721201__it0000708,ts_1d1f14f8ae3ea6d39463,CB1_CAUR_S_CF3_RI2_TI2_R12,NEW_ALNS_EXPANSION,S,CF3,2,PHASE6N_TOP4,False
CB1_CAUR_S_CF3_RI2_TI2_R12__seed721201__it0000708,ts_1e953dd1975c45269c34,CB1_CAUR_S_CF3_RI2_TI2_R12,NEW_ALNS_EXPANSION,S,CF3,2,PHASE6N_TOP4,False
CB1_CAUR_S_CF3_RI2_TI2_R12__seed721201__it0000708,ts_2aa2c73af45d7b685fba,CB1_CAUR_S_CF3_RI2_TI2_R12,NEW_ALNS_EXPANSION,S,CF3,2,PHASE6N_TOP4,False
CB1_CAUR_S_CF3_RI2_TI2_R12__seed721201__it0000708,ts_90fa15c5245dd2201457,CB1_CAUR_S_CF3_RI2_TI2_R12,NEW_ALNS_EXPANSION,S,CF3,2,PHASE6N_TOP4,False
CB1_CAUR_S_CF3_RI2_TI2_R12__seed721201__it0000708,ts_f4d620a5330ade6e1b0a,CB1_CAUR_S_CF3_RI2_TI2_R12,NEW_ALNS_EXPANSION,S,CF3,2,CANONICAL_FALLBACK,True
CB1_CAUR_S_CF3_RI2_TI2_R12__seed721201__it0000790,ts_37450baf329791115b71,CB1_CAUR_S_CF3_RI2_TI2_R12,NEW_ALNS_EXPANSION,S,CF3,2,PHASE6N_TOP4,False
CB1_CAUR_S_CF3_RI2_TI2_R12__seed721201__it0000790,ts_54b505b8ae35b2697243,CB1_CAUR_S_CF3_RI2_TI2_R12,NEW_ALNS_EXPANSION,S,CF3,2,PHASE6N_TOP4,False
CB1_CAUR_S_CF3_RI2_TI2_R12__seed721201__it0000790,ts_ad09f9417997475eec20,CB1_CAUR_S_CF3_RI2_TI2_R12,NEW_ALNS_EXPANSION,S,CF3,2,PHASE6N_TOP4,False
CB1_CAUR_S_CF3_RI2_TI2_R12__seed721201__it0000790,ts_e5874c077e15bc947eae,CB1_CAUR_S_CF3_RI2_TI2_R12,NEW_ALNS_EXPANSION,S,CF3,2,CANONICAL_FALLBACK|PHASE6N_TOP4,True
CB1_CAUR_S_CF3_RI2_TI2_R12__seed721202__it0000038,ts_76252dd69a38aeda7e50,CB1_CAUR_S_CF3_RI2_TI2_R12,NEW_ALNS_EXPANSION,S,CF3,2,PHASE6N_TOP4,False
CB1_CAUR_S_CF3_RI2_TI2_R12__seed721202__it0000038,ts_8665c46abaceb1130cd4,CB1_CAUR_S_CF3_RI2_TI2_R12,NEW_ALNS_EXPANSION,S,CF3,2,PHASE6N_TOP4,False
CB1_CAUR_S_CF3_RI2_TI2_R12__seed721202__it0000038,ts_c16bc4c7d2c8201ebfba,CB1_CAUR_S_CF3_RI2_TI2_R12,NEW_ALNS_EXPANSION,S,CF3,2,PHASE6N_TOP4,False
CB1_CAUR_S_CF3_RI2_TI2_R12__seed721202__it0000038,ts_dfc3cdbb2591d5de7414,CB1_CAUR_S_CF3_RI2_TI2_R12,NEW_ALNS_EXPANSION,S,CF3,2,PHASE6N_TOP4,False
CB1_CAUR_S_CF3_RI2_TI2_R12__seed721202__it0000038,ts_f3e899c852563ec97b97,CB1_CAUR_S_CF3_RI2_TI2_R12,NEW_ALNS_EXPANSION,S,CF3,2,CANONICAL_FALLBACK,True
CB1_CAUR_S_CF3_RI2_TI2_R12__seed721202__it0000146,ts_3eb6971f92621f2daaf2,CB1_CAUR_S_CF3_RI2_TI2_R12,NEW_ALNS_EXPANSION,S,CF3,2,CANONICAL_FALLBACK,True
CB1_CAUR_S_CF3_RI2_TI2_R12__seed721202__it0000146,ts_8164e1abc17f802c98d9,CB1_CAUR_S_CF3_RI2_TI2_R12,NEW_ALNS_EXPANSION,S,CF3,2,PHASE6N_TOP4,False
CB1_CAUR_S_CF3_RI2_TI2_R12__seed721202__it0000146,ts_ad8bc370c93a8b8ce288,CB1_CAUR_S_CF3_RI2_TI2_R12,NEW_ALNS_EXPANSION,S,CF3,2,PHASE6N_TOP4,False
CB1_CAUR_S_CF3_RI2_TI2_R12__seed721202__it0000146,ts_bb02e200344e1acdd6b8,CB1_CAUR_S_CF3_RI2_TI2_R12,NEW_ALNS_EXPANSION,S,CF3,2,PHASE6N_TOP4,False
CB1_CAUR_S_CF3_RI2_TI2_R12__seed721202__it0000146,ts_cb67eeba85d13e3de475,CB1_CAUR_S_CF3_RI2_TI2_R12,NEW_ALNS_EXPANSION,S,CF3,2,PHASE6N_TOP4,False
CB1_CAUR_S_CF3_RI2_TI2_R12__seed721202__it0000262,ts_2102b124a28a8e657ba2,CB1_CAUR_S_CF3_RI2_TI2_R12,NEW_ALNS_EXPANSION,S,CF3,2,PHASE6N_TOP4,False
CB1_CAUR_S_CF3_RI2_TI2_R12__seed721202__it0000262,ts_452934ae853136a2d0a0,CB1_CAUR_S_CF3_RI2_TI2_R12,NEW_ALNS_EXPANSION,S,CF3,2,PHASE6N_TOP4,False
CB1_CAUR_S_CF3_RI2_TI2_R12__seed721202__it0000262,ts_79feacd3a8b4f13faefe,CB1_CAUR_S_CF3_RI2_TI2_R12,NEW_ALNS_EXPANSION,S,CF3,2,PHASE6N_TOP4,False
CB1_CAUR_S_CF3_RI2_TI2_R12__seed721202__it0000262,ts_a78fe209a81c580f6a19,CB1_CAUR_S_CF3_RI2_TI2_R12,NEW_ALNS_EXPANSION,S,CF3,2,CANONICAL_FALLBACK,True
CB1_CAUR_S_CF3_RI2_TI2_R12__seed721202__it0000262,ts_f6549d1d0075a88f4f76,CB1_CAUR_S_CF3_RI2_TI2_R12,NEW_ALNS_EXPANSION,S,CF3,2,PHASE6N_TOP4,False
CB1_CAUR_S_CF3_RI2_TI2_R12__seed721202__it0000371,ts_0e6dfa7d7dace1c7cf85,CB1_CAUR_S_CF3_RI2_TI2_R12,NEW_ALNS_EXPANSION,S,CF3,2,PHASE6N_TOP4,False
CB1_CAUR_S_CF3_RI2_TI2_R12__seed721202__it0000371,ts_8ad78bb0d5b0bb39cc1f,CB1_CAUR_S_CF3_RI2_TI2_R12,NEW_ALNS_EXPANSION,S,CF3,2,PHASE6N_TOP4,False
CB1_CAUR_S_CF3_RI2_TI2_R12__seed721202__it0000371,ts_9d23c7df5ecd3706a650,CB1_CAUR_S_CF3_RI2_TI2_R12,NEW_ALNS_EXPANSION,S,CF3,2,PHASE6N_TOP4,False
CB1_CAUR_S_CF3_RI2_TI2_R12__seed721202__it0000371,ts_9f83c60e195686dd51ad,CB1_CAUR_S_CF3_RI2_TI2_R12,NEW_ALNS_EXPANSION,S,CF3,2,PHASE6N_TOP4,False
CB1_CAUR_S_CF3_RI2_TI2_R12__seed721202__it0000371,ts_b10e022fab70cd3338c5,CB1_CAUR_S_CF3_RI2_TI2_R12,NEW_ALNS_EXPANSION,S,CF3,2,CANONICAL_FALLBACK,True
CB1_CAUR_S_CF3_RI2_TI2_R12__seed721202__it0000478,ts_80f1c6ef49ef317e5b11,CB1_CAUR_S_CF3_RI2_TI2_R12,NEW_ALNS_EXPANSION,S,CF3,2,PHASE6N_TOP4,False
CB1_CAUR_S_CF3_RI2_TI2_R12__seed721202__it0000478,ts_8ac713a7a3b01e4086ea,CB1_CAUR_S_CF3_RI2_TI2_R12,NEW_ALNS_EXPANSION,S,CF3,2,PHASE6N_TOP4,False
CB1_CAUR_S_CF3_RI2_TI2_R12__seed721202__it0000478,ts_deb70263432895c67368,CB1_CAUR_S_CF3_RI2_TI2_R12,NEW_ALNS_EXPANSION,S,CF3,2,PHASE6N_TOP4,False
CB1_CAUR_S_CF3_RI2_TI2_R12__seed721202__it0000478,ts_ff3b6f55c6bdc25214c7,CB1_CAUR_S_CF3_RI2_TI2_R12,NEW_ALNS_EXPANSION,S,CF3,2,CANONICAL_FALLBACK|PHASE6N_TOP4,True
CB1_CAUR_S_CF3_RI2_TI2_R12__seed721202__it0000596,ts_04b4b9e4a5f7fb4f9760,CB1_CAUR_S_CF3_RI2_TI2_R12,NEW_ALNS_EXPANSION,S,CF3,2,PHASE6N_TOP4,False
CB1_CAUR_S_CF3_RI2_TI2_R12__seed721202__it0000596,ts_4c79c204432f78c35adc,CB1_CAUR_S_CF3_RI2_TI2_R12,NEW_ALNS_EXPANSION,S,CF3,2,CANONICAL_FALLBACK,True
CB1_CAUR_S_CF3_RI2_TI2_R12__seed721202__it0000596,ts_559505624c74e9cea090,CB1_CAUR_S_CF3_RI2_TI2_R12,NEW_ALNS_EXPANSION,S,CF3,2,PHASE6N_TOP4,False
CB1_CAUR_S_CF3_RI2_TI2_R12__seed721202__it0000596,ts_a3652add4344e4d00eef,CB1_CAUR_S_CF3_RI2_TI2_R12,NEW_ALNS_EXPANSION,S,CF3,2,PHASE6N_TOP4,False
CB1_CAUR_S_CF3_RI2_TI2_R12__seed721202__it0000596,ts_b9e4e0fdfb5706af02d1,CB1_CAUR_S_CF3_RI2_TI2_R12,NEW_ALNS_EXPANSION,S,CF3,2,PHASE6N_TOP4,False
CB1_CAUR_S_CF3_RI2_TI2_R12__seed721202__it0000704,ts_4b04a6b499cece790a0d,CB1_CAUR_S_CF3_RI2_TI2_R12,NEW_ALNS_EXPANSION,S,CF3,2,PHASE6N_TOP4,False
CB1_CAUR_S_CF3_RI2_TI2_R12__seed721202__it0000704,ts_81b36dccadc3b6810aab,CB1_CAUR_S_CF3_RI2_TI2_R12,NEW_ALNS_EXPANSION,S,CF3,2,PHASE6N_TOP4,False
CB1_CAUR_S_CF3_RI2_TI2_R12__seed721202__it0000704,ts_83a400c5711cfd93fd3f,CB1_CAUR_S_CF3_RI2_TI2_R12,NEW_ALNS_EXPANSION,S,CF3,2,CANONICAL_FALLBACK,True
CB1_CAUR_S_CF3_RI2_TI2_R12__seed721202__it0000704,ts_91c8fbb106ba19aaa0d8,CB1_CAUR_S_CF3_RI2_TI2_R12,NEW_ALNS_EXPANSION,S,CF3,2,PHASE6N_TOP4,False
CB1_CAUR_S_CF3_RI2_TI2_R12__seed721202__it0000704,ts_9842793f94c85ddb6f9e,CB1_CAUR_S_CF3_RI2_TI2_R12,NEW_ALNS_EXPANSION,S,CF3,2,PHASE6N_TOP4,False
CB1_CAUR_S_CF3_RI2_TI2_R12__seed721202__it0000787,ts_0fe6d13eeca72faf9876,CB1_CAUR_S_CF3_RI2_TI2_R12,NEW_ALNS_EXPANSION,S,CF3,2,PHASE6N_TOP4,False
CB1_CAUR_S_CF3_RI2_TI2_R12__seed721202__it0000787,ts_571da8a1fc45ffd5f714,CB1_CAUR_S_CF3_RI2_TI2_R12,NEW_ALNS_EXPANSION,S,CF3,2,PHASE6N_TOP4,False
CB1_CAUR_S_CF3_RI2_TI2_R12__seed721202__it0000787,ts_6f2539df744f748b3705,CB1_CAUR_S_CF3_RI2_TI2_R12,NEW_ALNS_EXPANSION,S,CF3,2,PHASE6N_TOP4,False
CB1_CAUR_S_CF3_RI2_TI2_R12__seed721202__it0000787,ts_d1ef6fa4ef39a82003bb,CB1_CAUR_S_CF3_RI2_TI2_R12,NEW_ALNS_EXPANSION,S,CF3,2,PHASE6N_TOP4,False
CB1_CAUR_S_CF3_RI2_TI2_R12__seed721202__it0000787,ts_edd8ee77f2362bdac7ce,CB1_CAUR_S_CF3_RI2_TI2_R12,NEW_ALNS_EXPANSION,S,CF3,2,CANONICAL_FALLBACK,True
CB1_CAUR_S_CF3_RI2_TI2_R12__seed721203__it0000039,ts_2bc6d4019405c7e1a8b6,CB1_CAUR_S_CF3_RI2_TI2_R12,NEW_ALNS_EXPANSION,S,CF3,2,PHASE6N_TOP4,False
CB1_CAUR_S_CF3_RI2_TI2_R12__seed721203__it0000039,ts_77a3b62eab837c59ba86,CB1_CAUR_S_CF3_RI2_TI2_R12,NEW_ALNS_EXPANSION,S,CF3,2,CANONICAL_FALLBACK|PHASE6N_TOP4,True
CB1_CAUR_S_CF3_RI2_TI2_R12__seed721203__it0000039,ts_7b43eb8ed173e9e25134,CB1_CAUR_S_CF3_RI2_TI2_R12,NEW_ALNS_EXPANSION,S,CF3,2,PHASE6N_TOP4,False
CB1_CAUR_S_CF3_RI2_TI2_R12__seed721203__it0000039,ts_7de0b93b138bd46d2abf,CB1_CAUR_S_CF3_RI2_TI2_R12,NEW_ALNS_EXPANSION,S,CF3,2,PHASE6N_TOP4,False
CB1_CAUR_S_CF3_RI2_TI2_R12__seed721203__it0000149,ts_1f4d2a367b46e42182bf,CB1_CAUR_S_CF3_RI2_TI2_R12,NEW_ALNS_EXPANSION,S,CF3,2,PHASE6N_TOP4,False
CB1_CAUR_S_CF3_RI2_TI2_R12__seed721203__it0000149,ts_25d692b4992edd1fe9aa,CB1_CAUR_S_CF3_RI2_TI2_R12,NEW_ALNS_EXPANSION,S,CF3,2,PHASE6N_TOP4,False
CB1_CAUR_S_CF3_RI2_TI2_R12__seed721203__it0000149,ts_2fbdf57f173273001a3a,CB1_CAUR_S_CF3_RI2_TI2_R12,NEW_ALNS_EXPANSION,S,CF3,2,CANONICAL_FALLBACK,True
CB1_CAUR_S_CF3_RI2_TI2_R12__seed721203__it0000149,ts_6bad0755e85b8c95fa9f,CB1_CAUR_S_CF3_RI2_TI2_R12,NEW_ALNS_EXPANSION,S,CF3,2,PHASE6N_TOP4,False
CB1_CAUR_S_CF3_RI2_TI2_R12__seed721203__it0000149,ts_f07c2ad39c6af91f138f,CB1_CAUR_S_CF3_RI2_TI2_R12,NEW_ALNS_EXPANSION,S,CF3,2,PHASE6N_TOP4,False
CB1_CAUR_S_CF3_RI2_TI2_R12__seed721203__it0000263,ts_51b7ac4e2e4d63cf2e64,CB1_CAUR_S_CF3_RI2_TI2_R12,NEW_ALNS_EXPANSION,S,CF3,2,PHASE6N_TOP4,False
CB1_CAUR_S_CF3_RI2_TI2_R12__seed721203__it0000263,ts_6f65c7583a7af59d762c,CB1_CAUR_S_CF3_RI2_TI2_R12,NEW_ALNS_EXPANSION,S,CF3,2,PHASE6N_TOP4,False
CB1_CAUR_S_CF3_RI2_TI2_R12__seed721203__it0000263,ts_c34537c70ffc28e57119,CB1_CAUR_S_CF3_RI2_TI2_R12,NEW_ALNS_EXPANSION,S,CF3,2,PHASE6N_TOP4,False
CB1_CAUR_S_CF3_RI2_TI2_R12__seed721203__it0000263,ts_e8028e0add2e52995d71,CB1_CAUR_S_CF3_RI2_TI2_R12,NEW_ALNS_EXPANSION,S,CF3,2,CANONICAL_FALLBACK|PHASE6N_TOP4,True
CB1_CAUR_S_CF3_RI2_TI2_R12__seed721203__it0000372,ts_4d3000873f92dca16ab2,CB1_CAUR_S_CF3_RI2_TI2_R12,NEW_ALNS_EXPANSION,S,CF3,2,PHASE6N_TOP4,False
CB1_CAUR_S_CF3_RI2_TI2_R12__seed721203__it0000372,ts_538a9432161f3cb0ffc9,CB1_CAUR_S_CF3_RI2_TI2_R12,NEW_ALNS_EXPANSION,S,CF3,2,CANONICAL_FALLBACK,True
CB1_CAUR_S_CF3_RI2_TI2_R12__seed721203__it0000372,ts_64c6db70ba5cd551d092,CB1_CAUR_S_CF3_RI2_TI2_R12,NEW_ALNS_EXPANSION,S,CF3,2,PHASE6N_TOP4,False
CB1_CAUR_S_CF3_RI2_TI2_R12__seed721203__it0000372,ts_6cd1b8a01bdd0fd10f86,CB1_CAUR_S_CF3_RI2_TI2_R12,NEW_ALNS_EXPANSION,S,CF3,2,PHASE6N_TOP4,False
CB1_CAUR_S_CF3_RI2_TI2_R12__seed721203__it0000372,ts_fde090284a834f965677,CB1_CAUR_S_CF3_RI2_TI2_R12,NEW_ALNS_EXPANSION,S,CF3,2,PHASE6N_TOP4,False
CB1_CAUR_S_CF3_RI2_TI2_R12__seed721203__it0000481,ts_06e930837422942c8d97,CB1_CAUR_S_CF3_RI2_TI2_R12,NEW_ALNS_EXPANSION,S,CF3,2,PHASE6N_TOP4,False
CB1_CAUR_S_CF3_RI2_TI2_R12__seed721203__it0000481,ts_40510d012bc6cbf26b2a,CB1_CAUR_S_CF3_RI2_TI2_R12,NEW_ALNS_EXPANSION,S,CF3,2,PHASE6N_TOP4,False
CB1_CAUR_S_CF3_RI2_TI2_R12__seed721203__it0000481,ts_4c2ac0e0c8dadd63cbd6,CB1_CAUR_S_CF3_RI2_TI2_R12,NEW_ALNS_EXPANSION,S,CF3,2,PHASE6N_TOP4,False
CB1_CAUR_S_CF3_RI2_TI2_R12__seed721203__it0000481,ts_a65a4a9fa66d589c71f5,CB1_CAUR_S_CF3_RI2_TI2_R12,NEW_ALNS_EXPANSION,S,CF3,2,CANONICAL_FALLBACK|PHASE6N_TOP4,True
CB1_CAUR_S_CF3_RI2_TI2_R12__seed721203__it0000597,ts_0254ff51e5bd4963d164,CB1_CAUR_S_CF3_RI2_TI2_R12,NEW_ALNS_EXPANSION,S,CF3,2,PHASE6N_TOP4,False
CB1_CAUR_S_CF3_RI2_TI2_R12__seed721203__it0000597,ts_190b508f01ece2b68dbf,CB1_CAUR_S_CF3_RI2_TI2_R12,NEW_ALNS_EXPANSION,S,CF3,2,CANONICAL_FALLBACK|PHASE6N_TOP4,True
CB1_CAUR_S_CF3_RI2_TI2_R12__seed721203__it0000597,ts_529eea646344bd69e68d,CB1_CAUR_S_CF3_RI2_TI2_R12,NEW_ALNS_EXPANSION,S,CF3,2,PHASE6N_TOP4,False
CB1_CAUR_S_CF3_RI2_TI2_R12__seed721203__it0000597,ts_ccee1ac0cb450ade4460,CB1_CAUR_S_CF3_RI2_TI2_R12,NEW_ALNS_EXPANSION,S,CF3,2,PHASE6N_TOP4,False
CB1_CAUR_S_CF3_RI2_TI2_R12__seed721203__it0000707,ts_66e7e5c07449b931171c,CB1_CAUR_S_CF3_RI2_TI2_R12,NEW_ALNS_EXPANSION,S,CF3,2,PHASE6N_TOP4,False
CB1_CAUR_S_CF3_RI2_TI2_R12__seed721203__it0000707,ts_9fa28b9f2ff7ee4fc046,CB1_CAUR_S_CF3_RI2_TI2_R12,NEW_ALNS_EXPANSION,S,CF3,2,CANONICAL_FALLBACK,True
CB1_CAUR_S_CF3_RI2_TI2_R12__seed721203__it0000707,ts_a413e9c334139aa4dc66,CB1_CAUR_S_CF3_RI2_TI2_R12,NEW_ALNS_EXPANSION,S,CF3,2,PHASE6N_TOP4,False
CB1_CAUR_S_CF3_RI2_TI2_R12__seed721203__it0000707,ts_ace440b8535961f90181,CB1_CAUR_S_CF3_RI2_TI2_R12,NEW_ALNS_EXPANSION,S,CF3,2,PHASE6N_TOP4,False
CB1_CAUR_S_CF3_RI2_TI2_R12__seed721203__it0000707,ts_e95650fa8e884630d7f8,CB1_CAUR_S_CF3_RI2_TI2_R12,NEW_ALNS_EXPANSION,S,CF3,2,PHASE6N_TOP4,False
CB1_CAUR_S_CF3_RI2_TI2_R12__seed721203__it0000790,ts_579f74c00c697a6f6b7e,CB1_CAUR_S_CF3_RI2_TI2_R12,NEW_ALNS_EXPANSION,S,CF3,2,PHASE6N_TOP4,False
CB1_CAUR_S_CF3_RI2_TI2_R12__seed721203__it0000790,ts_64968cefff874081e558,CB1_CAUR_S_CF3_RI2_TI2_R12,NEW_ALNS_EXPANSION,S,CF3,2,PHASE6N_TOP4,False
CB1_CAUR_S_CF3_RI2_TI2_R12__seed721203__it0000790,ts_a802344122606c97f359,CB1_CAUR_S_CF3_RI2_TI2_R12,NEW_ALNS_EXPANSION,S,CF3,2,PHASE6N_TOP4,False
CB1_CAUR_S_CF3_RI2_TI2_R12__seed721203__it0000790,ts_be337951b4b57f9dc25e,CB1_CAUR_S_CF3_RI2_TI2_R12,NEW_ALNS_EXPANSION,S,CF3,2,CANONICAL_FALLBACK,True
CB1_CAUR_S_CF3_RI2_TI2_R12__seed721203__it0000790,ts_e3c4c12c472b5053f29f,CB1_CAUR_S_CF3_RI2_TI2_R12,NEW_ALNS_EXPANSION,S,CF3,2,PHASE6N_TOP4,False
CB1_CAUR_S_CF3_RI2_TI2_R12__seed721204__it0000038,ts_37856d15e69d61f7606c,CB1_CAUR_S_CF3_RI2_TI2_R12,NEW_ALNS_EXPANSION,S,CF3,2,PHASE6N_TOP4,False
CB1_CAUR_S_CF3_RI2_TI2_R12__seed721204__it0000038,ts_3e54b6c72c218a6d5af6,CB1_CAUR_S_CF3_RI2_TI2_R12,NEW_ALNS_EXPANSION,S,CF3,2,PHASE6N_TOP4,False
CB1_CAUR_S_CF3_RI2_TI2_R12__seed721204__it0000038,ts_7660f7405d7dfb01489b,CB1_CAUR_S_CF3_RI2_TI2_R12,NEW_ALNS_EXPANSION,S,CF3,2,PHASE6N_TOP4,False
CB1_CAUR_S_CF3_RI2_TI2_R12__seed721204__it0000038,ts_7b1e6a2d47d77d854183,CB1_CAUR_S_CF3_RI2_TI2_R12,NEW_ALNS_EXPANSION,S,CF3,2,PHASE6N_TOP4,False
CB1_CAUR_S_CF3_RI2_TI2_R12__seed721204__it0000038,ts_bf5d8de0c607356c0884,CB1_CAUR_S_CF3_RI2_TI2_R12,NEW_ALNS_EXPANSION,S,CF3,2,CANONICAL_FALLBACK,True
CB1_CAUR_S_CF3_RI2_TI2_R12__seed721204__it0000145,ts_4cec008b43dc320ee9a8,CB1_CAUR_S_CF3_RI2_TI2_R12,NEW_ALNS_EXPANSION,S,CF3,2,CANONICAL_FALLBACK,True
CB1_CAUR_S_CF3_RI2_TI2_R12__seed721204__it0000145,ts_898df10ca81cc2a57e90,CB1_CAUR_S_CF3_RI2_TI2_R12,NEW_ALNS_EXPANSION,S,CF3,2,PHASE6N_TOP4,False
CB1_CAUR_S_CF3_RI2_TI2_R12__seed721204__it0000145,ts_980a9bad818df9a424e8,CB1_CAUR_S_CF3_RI2_TI2_R12,NEW_ALNS_EXPANSION,S,CF3,2,PHASE6N_TOP4,False
CB1_CAUR_S_CF3_RI2_TI2_R12__seed721204__it0000145,ts_a4cc8d46e13c4bd84e3d,CB1_CAUR_S_CF3_RI2_TI2_R12,NEW_ALNS_EXPANSION,S,CF3,2,PHASE6N_TOP4,False
CB1_CAUR_S_CF3_RI2_TI2_R12__seed721204__it0000145,ts_d29c30ade8efc5c8f0a9,CB1_CAUR_S_CF3_RI2_TI2_R12,NEW_ALNS_EXPANSION,S,CF3,2,PHASE6N_TOP4,False
CB1_CAUR_S_CF3_RI2_TI2_R12__seed721204__it0000263,ts_162aa0ce50219de8aa81,CB1_CAUR_S_CF3_RI2_TI2_R12,NEW_ALNS_EXPANSION,S,CF3,2,PHASE6N_TOP4,False
CB1_CAUR_S_CF3_RI2_TI2_R12__seed721204__it0000263,ts_361a4e21261cb0f7175c,CB1_CAUR_S_CF3_RI2_TI2_R12,NEW_ALNS_EXPANSION,S,CF3,2,PHASE6N_TOP4,False
CB1_CAUR_S_CF3_RI2_TI2_R12__seed721204__it0000263,ts_4c5c3ff492ecc2639dc7,CB1_CAUR_S_CF3_RI2_TI2_R12,NEW_ALNS_EXPANSION,S,CF3,2,PHASE6N_TOP4,False
CB1_CAUR_S_CF3_RI2_TI2_R12__seed721204__it0000263,ts_6da49d9e7e5eb966edcb,CB1_CAUR_S_CF3_RI2_TI2_R12,NEW_ALNS_EXPANSION,S,CF3,2,PHASE6N_TOP4,False
CB1_CAUR_S_CF3_RI2_TI2_R12__seed721204__it0000263,ts_847966301efbd86aebb8,CB1_CAUR_S_CF3_RI2_TI2_R12,NEW_ALNS_EXPANSION,S,CF3,2,CANONICAL_FALLBACK,True
CB1_CAUR_S_CF3_RI2_TI2_R12__seed721204__it0000373,ts_29a0b7952d38da133536,CB1_CAUR_S_CF3_RI2_TI2_R12,NEW_ALNS_EXPANSION,S,CF3,2,PHASE6N_TOP4,False
CB1_CAUR_S_CF3_RI2_TI2_R12__seed721204__it0000373,ts_3b2aecc56d194e14b2a5,CB1_CAUR_S_CF3_RI2_TI2_R12,NEW_ALNS_EXPANSION,S,CF3,2,PHASE6N_TOP4,False
CB1_CAUR_S_CF3_RI2_TI2_R12__seed721204__it0000373,ts_6d3492b4909c3ba0744a,CB1_CAUR_S_CF3_RI2_TI2_R12,NEW_ALNS_EXPANSION,S,CF3,2,PHASE6N_TOP4,False
CB1_CAUR_S_CF3_RI2_TI2_R12__seed721204__it0000373,ts_7f975f9c94104191dc9a,CB1_CAUR_S_CF3_RI2_TI2_R12,NEW_ALNS_EXPANSION,S,CF3,2,CANONICAL_FALLBACK,True
CB1_CAUR_S_CF3_RI2_TI2_R12__seed721204__it0000373,ts_c313db17102a9e0e55ee,CB1_CAUR_S_CF3_RI2_TI2_R12,NEW_ALNS_EXPANSION,S,CF3,2,PHASE6N_TOP4,False
CB1_CAUR_S_CF3_RI2_TI2_R12__seed721204__it0000485,ts_0006fc5f54a96602b12c,CB1_CAUR_S_CF3_RI2_TI2_R12,NEW_ALNS_EXPANSION,S,CF3,2,PHASE6N_TOP4,False
CB1_CAUR_S_CF3_RI2_TI2_R12__seed721204__it0000485,ts_4ddb899972118ccf08ce,CB1_CAUR_S_CF3_RI2_TI2_R12,NEW_ALNS_EXPANSION,S,CF3,2,PHASE6N_TOP4,False
CB1_CAUR_S_CF3_RI2_TI2_R12__seed721204__it0000485,ts_83361c62121b49e1efd4,CB1_CAUR_S_CF3_RI2_TI2_R12,NEW_ALNS_EXPANSION,S,CF3,2,PHASE6N_TOP4,False
CB1_CAUR_S_CF3_RI2_TI2_R12__seed721204__it0000485,ts_c983029f471e6ffa8be6,CB1_CAUR_S_CF3_RI2_TI2_R12,NEW_ALNS_EXPANSION,S,CF3,2,PHASE6N_TOP4,False
CB1_CAUR_S_CF3_RI2_TI2_R12__seed721204__it0000485,ts_e3396edc831d7d694682,CB1_CAUR_S_CF3_RI2_TI2_R12,NEW_ALNS_EXPANSION,S,CF3,2,CANONICAL_FALLBACK,True
CB1_CAUR_S_CF3_RI2_TI2_R12__seed721204__it0000606,ts_7e180a4034a0e51e64b5,CB1_CAUR_S_CF3_RI2_TI2_R12,NEW_ALNS_EXPANSION,S,CF3,2,PHASE6N_TOP4,False
CB1_CAUR_S_CF3_RI2_TI2_R12__seed721204__it0000606,ts_8ef767a48a996e29bb17,CB1_CAUR_S_CF3_RI2_TI2_R12,NEW_ALNS_EXPANSION,S,CF3,2,PHASE6N_TOP4,False
CB1_CAUR_S_CF3_RI2_TI2_R12__seed721204__it0000606,ts_9c76641b0e5acac1525c,CB1_CAUR_S_CF3_RI2_TI2_R12,NEW_ALNS_EXPANSION,S,CF3,2,PHASE6N_TOP4,False
CB1_CAUR_S_CF3_RI2_TI2_R12__seed721204__it0000606,ts_ceed5efab3d2af73febb,CB1_CAUR_S_CF3_RI2_TI2_R12,NEW_ALNS_EXPANSION,S,CF3,2,CANONICAL_FALLBACK,True
CB1_CAUR_S_CF3_RI2_TI2_R12__seed721204__it0000606,ts_d95f5030093c9246c102,CB1_CAUR_S_CF3_RI2_TI2_R12,NEW_ALNS_EXPANSION,S,CF3,2,PHASE6N_TOP4,False
CB1_CAUR_S_CF3_RI2_TI2_R12__seed721204__it0000715,ts_1241b6718bc7fc28bc5d,CB1_CAUR_S_CF3_RI2_TI2_R12,NEW_ALNS_EXPANSION,S,CF3,2,PHASE6N_TOP4,False
CB1_CAUR_S_CF3_RI2_TI2_R12__seed721204__it0000715,ts_62f5a854ee0a3f3f9bed,CB1_CAUR_S_CF3_RI2_TI2_R12,NEW_ALNS_EXPANSION,S,CF3,2,PHASE6N_TOP4,False
CB1_CAUR_S_CF3_RI2_TI2_R12__seed721204__it0000715,ts_69f940bff7ddf7521ee5,CB1_CAUR_S_CF3_RI2_TI2_R12,NEW_ALNS_EXPANSION,S,CF3,2,CANONICAL_FALLBACK|PHASE6N_TOP4,True
CB1_CAUR_S_CF3_RI2_TI2_R12__seed721204__it0000715,ts_eac3ff6159e06bb826e0,CB1_CAUR_S_CF3_RI2_TI2_R12,NEW_ALNS_EXPANSION,S,CF3,2,PHASE6N_TOP4,False
CB1_CAUR_S_CF3_RI2_TI2_R12__seed721204__it0000802,ts_1c2aa84415385a04e2cf,CB1_CAUR_S_CF3_RI2_TI2_R12,NEW_ALNS_EXPANSION,S,CF3,2,PHASE6N_TOP4,False
CB1_CAUR_S_CF3_RI2_TI2_R12__seed721204__it0000802,ts_1dca7e5285c7260d8b4b,CB1_CAUR_S_CF3_RI2_TI2_R12,NEW_ALNS_EXPANSION,S,CF3,2,PHASE6N_TOP4,False
CB1_CAUR_S_CF3_RI2_TI2_R12__seed721204__it0000802,ts_74fc8de8690c71693fc6,CB1_CAUR_S_CF3_RI2_TI2_R12,NEW_ALNS_EXPANSION,S,CF3,2,PHASE6N_TOP4,False
CB1_CAUR_S_CF3_RI2_TI2_R12__seed721204__it0000802,ts_88e2896df0c530c1dadb,CB1_CAUR_S_CF3_RI2_TI2_R12,NEW_ALNS_EXPANSION,S,CF3,2,CANONICAL_FALLBACK,True
CB1_CAUR_S_CF3_RI2_TI2_R12__seed721204__it0000802,ts_d6fcb663abb74a052cbf,CB1_CAUR_S_CF3_RI2_TI2_R12,NEW_ALNS_EXPANSION,S,CF3,2,PHASE6N_TOP4,False
