original_path,sha256,classification,action,canonical_or_retained_path,last_authoritative_commit,reason,recovery
implementation_validation_report.md,a7b63cdd5d777d42c15452b0fb742a1e8ff7c07795009e8c87e6d2113b9ab42a,ARCHIVE_POINTER_ONLY,remove_superseded_document,docs/reports/phase2_final_validation_report.md,fa97fec6cac2a94cd1bdc39cbb8c0001f411fa2c,Superseded by the retained Phase 2 final validation report.,git show fa97fec6cac2a94cd1bdc39cbb8c0001f411fa2c:implementation_validation_report.md
notes.txt,e3ba38c5856782b8a48939ee0c6d2812bd50c26e32f04688179cedfb46a17b2a,ARCHIVE_POINTER_ONLY,remove_superseded_document,docs/reports/phase2_final_validation_report.md,fa97fec6cac2a94cd1bdc39cbb8c0001f411fa2c,Superseded by the retained Phase 2 final validation report.,git show fa97fec6cac2a94cd1bdc39cbb8c0001f411fa2c:notes.txt
paper_experiments/ablation/raw_results/full_reference/runs/CB1_CORE_L_CF1_R01/seed_530101.json,20e1639d5966fd39fcc6078516c9124e081be476b857cf078c0407b470e1b1db,ARCHIVE_POINTER_ONLY,remove_byte_identical_duplicate,paper_experiments/raw_results/core45/CSG_NI_PROVISIONAL_PHASE6H/runs/CB1_CORE_L_CF1_R01/seed_530101.json,fa97fec6cac2a94cd1bdc39cbb8c0001f411fa2c,Byte-identical duplicate; source and copy SHA256 match in reference_replay_audit.csv.,git show fa97fec6cac2a94cd1bdc39cbb8c0001f411fa2c:paper_experiments/ablation/raw_results/full_reference/runs/CB1_CORE_L_CF1_R01/seed_530101.json
paper_experiments/ablation/raw_results/full_reference/runs/CB1_CORE_L_CF1_R01/seed_530102.json,c32d90c317423a52c47fa20a19ba6ecdb4cde27651ff969efeae0c56d689e66b,ARCHIVE_POINTER_ONLY,remove_byte_identical_duplicate,paper_experiments/raw_results/core45/CSG_NI_PROVISIONAL_PHASE6H/runs/CB1_CORE_L_CF1_R01/seed_530102.json,fa97fec6cac2a94cd1bdc39cbb8c0001f411fa2c,Byte-identical duplicate; source and copy SHA256 match in reference_replay_audit.csv.,git show fa97fec6cac2a94cd1bdc39cbb8c0001f411fa2c:paper_experiments/ablation/raw_results/full_reference/runs/CB1_CORE_L_CF1_R01/seed_530102.json
paper_experiments/ablation/raw_results/full_reference/runs/CB1_CORE_L_CF1_R01/seed_530103.json,9108a1fb81dd4232002c882ad51f9c0084baa9b6204614ab08a9683a7fc75a3e,ARCHIVE_POINTER_ONLY,remove_byte_identical_duplicate,paper_experiments/raw_results/core45/CSG_NI_PROVISIONAL_PHASE6H/runs/CB1_CORE_L_CF1_R01/seed_530103.json,fa97fec6cac2a94cd1bdc39cbb8c0001f411fa2c,Byte-identical duplicate; source and copy SHA256 match in reference_replay_audit.csv.,git show fa97fec6cac2a94cd1bdc39cbb8c0001f411fa2c:paper_experiments/ablation/raw_results/full_reference/runs/CB1_CORE_L_CF1_R01/seed_530103.json
paper_experiments/ablation/raw_results/full_reference/runs/CB1_CORE_L_CF1_R01/seed_530104.json,f8daa3d5fd94360829c6c54ef7f73eecec70fd3282d1c5bc0bd3ca0307233f3b,ARCHIVE_POINTER_ONLY,remove_byte_identical_duplicate,paper_experiments/raw_results/core45/CSG_NI_PROVISIONAL_PHASE6H/runs/CB1_CORE_L_CF1_R01/seed_530104.json,fa97fec6cac2a94cd1bdc39cbb8c0001f411fa2c,Byte-identical duplicate; source and copy SHA256 match in reference_replay_audit.csv.,git show fa97fec6cac2a94cd1bdc39cbb8c0001f411fa2c:paper_experiments/ablation/raw_results/full_reference/runs/CB1_CORE_L_CF1_R01/seed_530104.json
paper_experiments/ablation/raw_results/full_reference/runs/CB1_CORE_L_CF1_R01/seed_530105.json,5646fa3b758113235e84c11f146e6e57a00ae750152420efed97b9eb71964ffe,ARCHIVE_POINTER_ONLY,remove_byte_identical_duplicate,paper_experiments/raw_results/core45/CSG_NI_PROVISIONAL_PHASE6H/runs/CB1_CORE_L_CF1_R01/seed_530105.json,fa97fec6cac2a94cd1bdc39cbb8c0001f411fa2c,Byte-identical duplicate; source and copy SHA256 match in reference_replay_audit.csv.,git show fa97fec6cac2a94cd1bdc39cbb8c0001f411fa2c:paper_experiments/ablation/raw_results/full_reference/runs/CB1_CORE_L_CF1_R01/seed_530105.json
paper_experiments/ablation/raw_results/full_reference/runs/CB1_CORE_L_CF1_R02/seed_530101.json,ca9107f5aad9b9caec3417997c2676b9612f644d47370f64e5f269368a22d440,ARCHIVE_POINTER_ONLY,remove_byte_identical_duplicate,paper_experiments/raw_results/core45/CSG_NI_PROVISIONAL_PHASE6H/runs/CB1_CORE_L_CF1_R02/seed_530101.json,fa97fec6cac2a94cd1bdc39cbb8c0001f411fa2c,Byte-identical duplicate; source and copy SHA256 match in reference_replay_audit.csv.,git show fa97fec6cac2a94cd1bdc39cbb8c0001f411fa2c:paper_experiments/ablation/raw_results/full_reference/runs/CB1_CORE_L_CF1_R02/seed_530101.json
paper_experiments/ablation/raw_results/full_reference/runs/CB1_CORE_L_CF1_R02/seed_530102.json,361f25be209bdffc2a77d3d5de928ac1b67c9ff01ad18ab9798461e640ef11d2,ARCHIVE_POINTER_ONLY,remove_byte_identical_duplicate,paper_experiments/raw_results/core45/CSG_NI_PROVISIONAL_PHASE6H/runs/CB1_CORE_L_CF1_R02/seed_530102.json,fa97fec6cac2a94cd1bdc39cbb8c0001f411fa2c,Byte-identical duplicate; source and copy SHA256 match in reference_replay_audit.csv.,git show fa97fec6cac2a94cd1bdc39cbb8c0001f411fa2c:paper_experiments/ablation/raw_results/full_reference/runs/CB1_CORE_L_CF1_R02/seed_530102.json
paper_experiments/ablation/raw_results/full_reference/runs/CB1_CORE_L_CF1_R02/seed_530103.json,701489ec27d1d31cfa9211e028411d35aec7b6c158f1ec7ccc3c0ea89b99e023,ARCHIVE_POINTER_ONLY,remove_byte_identical_duplicate,paper_experiments/raw_results/core45/CSG_NI_PROVISIONAL_PHASE6H/runs/CB1_CORE_L_CF1_R02/seed_530103.json,fa97fec6cac2a94cd1bdc39cbb8c0001f411fa2c,Byte-identical duplicate; source and copy SHA256 match in reference_replay_audit.csv.,git show fa97fec6cac2a94cd1bdc39cbb8c0001f411fa2c:paper_experiments/ablation/raw_results/full_reference/runs/CB1_CORE_L_CF1_R02/seed_530103.json
paper_experiments/ablation/raw_results/full_reference/runs/CB1_CORE_L_CF1_R02/seed_530104.json,ff2826b67856549c9e52e7555e2a67bc2f5f20d319bc17c2b1a0c3b2f0a93ed3,ARCHIVE_POINTER_ONLY,remove_byte_identical_duplicate,paper_experiments/raw_results/core45/CSG_NI_PROVISIONAL_PHASE6H/runs/CB1_CORE_L_CF1_R02/seed_530104.json,fa97fec6cac2a94cd1bdc39cbb8c0001f411fa2c,Byte-identical duplicate; source and copy SHA256 match in reference_replay_audit.csv.,git show fa97fec6cac2a94cd1bdc39cbb8c0001f411fa2c:paper_experiments/ablation/raw_results/full_reference/runs/CB1_CORE_L_CF1_R02/seed_530104.json
paper_experiments/ablation/raw_results/full_reference/runs/CB1_CORE_L_CF1_R02/seed_530105.json,230df68d029e04f3ced77595069a3ad0bb87caebc7e556e7fe4906de6c2c1fc7,ARCHIVE_POINTER_ONLY,remove_byte_identical_duplicate,paper_experiments/raw_results/core45/CSG_NI_PROVISIONAL_PHASE6H/runs/CB1_CORE_L_CF1_R02/seed_530105.json,fa97fec6cac2a94cd1bdc39cbb8c0001f411fa2c,Byte-identical duplicate; source and copy SHA256 match in reference_replay_audit.csv.,git show fa97fec6cac2a94cd1bdc39cbb8c0001f411fa2c:paper_experiments/ablation/raw_results/full_reference/runs/CB1_CORE_L_CF1_R02/seed_530105.json
paper_experiments/ablation/raw_results/full_reference/runs/CB1_CORE_L_CF2_R01/seed_530101.json,f06f5894aae221e157d19a9708b24aaf001ada7a7fee648e2b82ed38531e8a89,ARCHIVE_POINTER_ONLY,remove_byte_identical_duplicate,paper_experiments/raw_results/core45/CSG_NI_PROVISIONAL_PHASE6H/runs/CB1_CORE_L_CF2_R01/seed_530101.json,fa97fec6cac2a94cd1bdc39cbb8c0001f411fa2c,Byte-identical duplicate; source and copy SHA256 match in reference_replay_audit.csv.,git show fa97fec6cac2a94cd1bdc39cbb8c0001f411fa2c:paper_experiments/ablation/raw_results/full_reference/runs/CB1_CORE_L_CF2_R01/seed_530101.json
paper_experiments/ablation/raw_results/full_reference/runs/CB1_CORE_L_CF2_R01/seed_530102.json,fa372ea4b6757ec6f237ca67872c5589cd495df001470af3ec4bcd8c49bfef76,ARCHIVE_POINTER_ONLY,remove_byte_identical_duplicate,paper_experiments/raw_results/core45/CSG_NI_PROVISIONAL_PHASE6H/runs/CB1_CORE_L_CF2_R01/seed_530102.json,fa97fec6cac2a94cd1bdc39cbb8c0001f411fa2c,Byte-identical duplicate; source and copy SHA256 match in reference_replay_audit.csv.,git show fa97fec6cac2a94cd1bdc39cbb8c0001f411fa2c:paper_experiments/ablation/raw_results/full_reference/runs/CB1_CORE_L_CF2_R01/seed_530102.json
paper_experiments/ablation/raw_results/full_reference/runs/CB1_CORE_L_CF2_R01/seed_530103.json,64df83d0e3ac4ab3058759010ccf39e64c78b3c82294206991c6744343e9ed20,ARCHIVE_POINTER_ONLY,remove_byte_identical_duplicate,paper_experiments/raw_results/core45/CSG_NI_PROVISIONAL_PHASE6H/runs/CB1_CORE_L_CF2_R01/seed_530103.json,fa97fec6cac2a94cd1bdc39cbb8c0001f411fa2c,Byte-identical duplicate; source and copy SHA256 match in reference_replay_audit.csv.,git show fa97fec6cac2a94cd1bdc39cbb8c0001f411fa2c:paper_experiments/ablation/raw_results/full_reference/runs/CB1_CORE_L_CF2_R01/seed_530103.json
paper_experiments/ablation/raw_results/full_reference/runs/CB1_CORE_L_CF2_R01/seed_530104.json,f91e420522a8bbe37e122b0129f660af367461a98e3c2aa3e33851dbb9c3a2da,ARCHIVE_POINTER_ONLY,remove_byte_identical_duplicate,paper_experiments/raw_results/core45/CSG_NI_PROVISIONAL_PHASE6H/runs/CB1_CORE_L_CF2_R01/seed_530104.json,fa97fec6cac2a94cd1bdc39cbb8c0001f411fa2c,Byte-identical duplicate; source and copy SHA256 match in reference_replay_audit.csv.,git show fa97fec6cac2a94cd1bdc39cbb8c0001f411fa2c:paper_experiments/ablation/raw_results/full_reference/runs/CB1_CORE_L_CF2_R01/seed_530104.json
paper_experiments/ablation/raw_results/full_reference/runs/CB1_CORE_L_CF2_R01/seed_530105.json,1b30bcd4831a0fb332ee351deadf59532c3ce365a1397d443ca7b97da2c60d69,ARCHIVE_POINTER_ONLY,remove_byte_identical_duplicate,paper_experiments/raw_results/core45/CSG_NI_PROVISIONAL_PHASE6H/runs/CB1_CORE_L_CF2_R01/seed_530105.json,fa97fec6cac2a94cd1bdc39cbb8c0001f411fa2c,Byte-identical duplicate; source and copy SHA256 match in reference_replay_audit.csv.,git show fa97fec6cac2a94cd1bdc39cbb8c0001f411fa2c:paper_experiments/ablation/raw_results/full_reference/runs/CB1_CORE_L_CF2_R01/seed_530105.json
paper_experiments/ablation/raw_results/full_reference/runs/CB1_CORE_L_CF2_R02/seed_530101.json,5b1e5b30c9014cd4411103555e7c30de7c54b47bb11dc955d87784d63fd68a91,ARCHIVE_POINTER_ONLY,remove_byte_identical_duplicate,paper_experiments/raw_results/core45/CSG_NI_PROVISIONAL_PHASE6H/runs/CB1_CORE_L_CF2_R02/seed_530101.json,fa97fec6cac2a94cd1bdc39cbb8c0001f411fa2c,Byte-identical duplicate; source and copy SHA256 match in reference_replay_audit.csv.,git show fa97fec6cac2a94cd1bdc39cbb8c0001f411fa2c:paper_experiments/ablation/raw_results/full_reference/runs/CB1_CORE_L_CF2_R02/seed_530101.json
paper_experiments/ablation/raw_results/full_reference/runs/CB1_CORE_L_CF2_R02/seed_530102.json,2d4bc630c90709416457eb36cc5eaf03febede29145719e53253b79bb2db1612,ARCHIVE_POINTER_ONLY,remove_byte_identical_duplicate,paper_experiments/raw_results/core45/CSG_NI_PROVISIONAL_PHASE6H/runs/CB1_CORE_L_CF2_R02/seed_530102.json,fa97fec6cac2a94cd1bdc39cbb8c0001f411fa2c,Byte-identical duplicate; source and copy SHA256 match in reference_replay_audit.csv.,git show fa97fec6cac2a94cd1bdc39cbb8c0001f411fa2c:paper_experiments/ablation/raw_results/full_reference/runs/CB1_CORE_L_CF2_R02/seed_530102.json
paper_experiments/ablation/raw_results/full_reference/runs/CB1_CORE_L_CF2_R02/seed_530103.json,5230fcef0fb855210ea696411652283ade7b5235684a1212fe2eee8e0ff0da62,ARCHIVE_POINTER_ONLY,remove_byte_identical_duplicate,paper_experiments/raw_results/core45/CSG_NI_PROVISIONAL_PHASE6H/runs/CB1_CORE_L_CF2_R02/seed_530103.json,fa97fec6cac2a94cd1bdc39cbb8c0001f411fa2c,Byte-identical duplicate; source and copy SHA256 match in reference_replay_audit.csv.,git show fa97fec6cac2a94cd1bdc39cbb8c0001f411fa2c:paper_experiments/ablation/raw_results/full_reference/runs/CB1_CORE_L_CF2_R02/seed_530103.json
paper_experiments/ablation/raw_results/full_reference/runs/CB1_CORE_L_CF2_R02/seed_530104.json,32e95b461e59d50cc0660b3d4088af00c57e3c43436f29db8373282014a58bed,ARCHIVE_POINTER_ONLY,remove_byte_identical_duplicate,paper_experiments/raw_results/core45/CSG_NI_PROVISIONAL_PHASE6H/runs/CB1_CORE_L_CF2_R02/seed_530104.json,fa97fec6cac2a94cd1bdc39cbb8c0001f411fa2c,Byte-identical duplicate; source and copy SHA256 match in reference_replay_audit.csv.,git show fa97fec6cac2a94cd1bdc39cbb8c0001f411fa2c:paper_experiments/ablation/raw_results/full_reference/runs/CB1_CORE_L_CF2_R02/seed_530104.json
paper_experiments/ablation/raw_results/full_reference/runs/CB1_CORE_L_CF2_R02/seed_530105.json,ffc1749558bd8b0ab1922b6e5a082310cfd453b42ee3e83003e91718a2d55792,ARCHIVE_POINTER_ONLY,remove_byte_identical_duplicate,paper_experiments/raw_results/core45/CSG_NI_PROVISIONAL_PHASE6H/runs/CB1_CORE_L_CF2_R02/seed_530105.json,fa97fec6cac2a94cd1bdc39cbb8c0001f411fa2c,Byte-identical duplicate; source and copy SHA256 match in reference_replay_audit.csv.,git show fa97fec6cac2a94cd1bdc39cbb8c0001f411fa2c:paper_experiments/ablation/raw_results/full_reference/runs/CB1_CORE_L_CF2_R02/seed_530105.json
paper_experiments/ablation/raw_results/full_reference/runs/CB1_CORE_L_CF3_R01/seed_530101.json,6351a2024b1c2a22350edafffe81bf1d36c502aec282c8a241b5b67592eae3d2,ARCHIVE_POINTER_ONLY,remove_byte_identical_duplicate,paper_experiments/raw_results/core45/CSG_NI_PROVISIONAL_PHASE6H/runs/CB1_CORE_L_CF3_R01/seed_530101.json,fa97fec6cac2a94cd1bdc39cbb8c0001f411fa2c,Byte-identical duplicate; source and copy SHA256 match in reference_replay_audit.csv.,git show fa97fec6cac2a94cd1bdc39cbb8c0001f411fa2c:paper_experiments/ablation/raw_results/full_reference/runs/CB1_CORE_L_CF3_R01/seed_530101.json
paper_experiments/ablation/raw_results/full_reference/runs/CB1_CORE_L_CF3_R01/seed_530102.json,5d80589dcf917faf7c54ce4b725a2812f31ebf7212abb33049caeebd778b6bcc,ARCHIVE_POINTER_ONLY,remove_byte_identical_duplicate,paper_experiments/raw_results/core45/CSG_NI_PROVISIONAL_PHASE6H/runs/CB1_CORE_L_CF3_R01/seed_530102.json,fa97fec6cac2a94cd1bdc39cbb8c0001f411fa2c,Byte-identical duplicate; source and copy SHA256 match in reference_replay_audit.csv.,git show fa97fec6cac2a94cd1bdc39cbb8c0001f411fa2c:paper_experiments/ablation/raw_results/full_reference/runs/CB1_CORE_L_CF3_R01/seed_530102.json
paper_experiments/ablation/raw_results/full_reference/runs/CB1_CORE_L_CF3_R01/seed_530103.json,b189482397f082e67b899fd37a5a31c9474fe706d4e910a1c2d093150ff1e618,ARCHIVE_POINTER_ONLY,remove_byte_identical_duplicate,paper_experiments/raw_results/core45/CSG_NI_PROVISIONAL_PHASE6H/runs/CB1_CORE_L_CF3_R01/seed_530103.json,fa97fec6cac2a94cd1bdc39cbb8c0001f411fa2c,Byte-identical duplicate; source and copy SHA256 match in reference_replay_audit.csv.,git show fa97fec6cac2a94cd1bdc39cbb8c0001f411fa2c:paper_experiments/ablation/raw_results/full_reference/runs/CB1_CORE_L_CF3_R01/seed_530103.json
paper_experiments/ablation/raw_results/full_reference/runs/CB1_CORE_L_CF3_R01/seed_530104.json,ead1173690ddb3c4994b1f45259b3daed105abd98cc31efe26b884446bc13339,ARCHIVE_POINTER_ONLY,remove_byte_identical_duplicate,paper_experiments/raw_results/core45/CSG_NI_PROVISIONAL_PHASE6H/runs/CB1_CORE_L_CF3_R01/seed_530104.json,fa97fec6cac2a94cd1bdc39cbb8c0001f411fa2c,Byte-identical duplicate; source and copy SHA256 match in reference_replay_audit.csv.,git show fa97fec6cac2a94cd1bdc39cbb8c0001f411fa2c:paper_experiments/ablation/raw_results/full_reference/runs/CB1_CORE_L_CF3_R01/seed_530104.json
paper_experiments/ablation/raw_results/full_reference/runs/CB1_CORE_L_CF3_R01/seed_530105.json,8d6caa6e77d75feac457515df44d1e2cbff4adb87e3821a535d6b00b0ab3f4e6,ARCHIVE_POINTER_ONLY,remove_byte_identical_duplicate,paper_experiments/raw_results/core45/CSG_NI_PROVISIONAL_PHASE6H/runs/CB1_CORE_L_CF3_R01/seed_530105.json,fa97fec6cac2a94cd1bdc39cbb8c0001f411fa2c,Byte-identical duplicate; source and copy SHA256 match in reference_replay_audit.csv.,git show fa97fec6cac2a94cd1bdc39cbb8c0001f411fa2c:paper_experiments/ablation/raw_results/full_reference/runs/CB1_CORE_L_CF3_R01/seed_530105.json
paper_experiments/ablation/raw_results/full_reference/runs/CB1_CORE_L_CF3_R02/seed_530101.json,d9cf89235a114298b01da4549414dcec843be693093ae1630b758a68a61f0196,ARCHIVE_POINTER_ONLY,remove_byte_identical_duplicate,paper_experiments/raw_results/core45/CSG_NI_PROVISIONAL_PHASE6H/runs/CB1_CORE_L_CF3_R02/seed_530101.json,fa97fec6cac2a94cd1bdc39cbb8c0001f411fa2c,Byte-identical duplicate; source and copy SHA256 match in reference_replay_audit.csv.,git show fa97fec6cac2a94cd1bdc39cbb8c0001f411fa2c:paper_experiments/ablation/raw_results/full_reference/runs/CB1_CORE_L_CF3_R02/seed_530101.json
paper_experiments/ablation/raw_results/full_reference/runs/CB1_CORE_L_CF3_R02/seed_530102.json,91fc1a7ba403557d9206df46981b1a68abc5177f27cc2dafd2b0f8e06b8f5f33,ARCHIVE_POINTER_ONLY,remove_byte_identical_duplicate,paper_experiments/raw_results/core45/CSG_NI_PROVISIONAL_PHASE6H/runs/CB1_CORE_L_CF3_R02/seed_530102.json,fa97fec6cac2a94cd1bdc39cbb8c0001f411fa2c,Byte-identical duplicate; source and copy SHA256 match in reference_replay_audit.csv.,git show fa97fec6cac2a94cd1bdc39cbb8c0001f411fa2c:paper_experiments/ablation/raw_results/full_reference/runs/CB1_CORE_L_CF3_R02/seed_530102.json
paper_experiments/ablation/raw_results/full_reference/runs/CB1_CORE_L_CF3_R02/seed_530103.json,200b1d95d90067da6547b88f73a0a2c0d50a6019f33f85d85d40dd2dc7b6a9ec,ARCHIVE_POINTER_ONLY,remove_byte_identical_duplicate,paper_experiments/raw_results/core45/CSG_NI_PROVISIONAL_PHASE6H/runs/CB1_CORE_L_CF3_R02/seed_530103.json,fa97fec6cac2a94cd1bdc39cbb8c0001f411fa2c,Byte-identical duplicate; source and copy SHA256 match in reference_replay_audit.csv.,git show fa97fec6cac2a94cd1bdc39cbb8c0001f411fa2c:paper_experiments/ablation/raw_results/full_reference/runs/CB1_CORE_L_CF3_R02/seed_530103.json
paper_experiments/ablation/raw_results/full_reference/runs/CB1_CORE_L_CF3_R02/seed_530104.json,cc48f2f5ced9b504d128728ff992baa93232768f8ab6bc86ab3a27739fe56583,ARCHIVE_POINTER_ONLY,remove_byte_identical_duplicate,paper_experiments/raw_results/core45/CSG_NI_PROVISIONAL_PHASE6H/runs/CB1_CORE_L_CF3_R02/seed_530104.json,fa97fec6cac2a94cd1bdc39cbb8c0001f411fa2c,Byte-identical duplicate; source and copy SHA256 match in reference_replay_audit.csv.,git show fa97fec6cac2a94cd1bdc39cbb8c0001f411fa2c:paper_experiments/ablation/raw_results/full_reference/runs/CB1_CORE_L_CF3_R02/seed_530104.json
paper_experiments/ablation/raw_results/full_reference/runs/CB1_CORE_L_CF3_R02/seed_530105.json,30aae9fe601b0a1a42b8736efc901dfba8a5fd68ac439faf55a4478e653717aa,ARCHIVE_POINTER_ONLY,remove_byte_identical_duplicate,paper_experiments/raw_results/core45/CSG_NI_PROVISIONAL_PHASE6H/runs/CB1_CORE_L_CF3_R02/seed_530105.json,fa97fec6cac2a94cd1bdc39cbb8c0001f411fa2c,Byte-identical duplicate; source and copy SHA256 match in reference_replay_audit.csv.,git show fa97fec6cac2a94cd1bdc39cbb8c0001f411fa2c:paper_experiments/ablation/raw_results/full_reference/runs/CB1_CORE_L_CF3_R02/seed_530105.json
paper_experiments/ablation/raw_results/full_reference/runs/CB1_CORE_M_CF1_R01/seed_530101.json,dec9eae8d48484cbf2ea81e979dc85a2f5bb5a1bb730e05fff143d69220f91b9,ARCHIVE_POINTER_ONLY,remove_byte_identical_duplicate,paper_experiments/raw_results/core45/CSG_NI_PROVISIONAL_PHASE6H/runs/CB1_CORE_M_CF1_R01/seed_530101.json,fa97fec6cac2a94cd1bdc39cbb8c0001f411fa2c,Byte-identical duplicate; source and copy SHA256 match in reference_replay_audit.csv.,git show fa97fec6cac2a94cd1bdc39cbb8c0001f411fa2c:paper_experiments/ablation/raw_results/full_reference/runs/CB1_CORE_M_CF1_R01/seed_530101.json
paper_experiments/ablation/raw_results/full_reference/runs/CB1_CORE_M_CF1_R01/seed_530102.json,3d876b9a936c2625afd8fed4d4f414463d850b1e12a03b2c12a74fe00b6ff9f3,ARCHIVE_POINTER_ONLY,remove_byte_identical_duplicate,paper_experiments/raw_results/core45/CSG_NI_PROVISIONAL_PHASE6H/runs/CB1_CORE_M_CF1_R01/seed_530102.json,fa97fec6cac2a94cd1bdc39cbb8c0001f411fa2c,Byte-identical duplicate; source and copy SHA256 match in reference_replay_audit.csv.,git show fa97fec6cac2a94cd1bdc39cbb8c0001f411fa2c:paper_experiments/ablation/raw_results/full_reference/runs/CB1_CORE_M_CF1_R01/seed_530102.json
paper_experiments/ablation/raw_results/full_reference/runs/CB1_CORE_M_CF1_R01/seed_530103.json,5823f130e829a124d83457d0588e45ee7f8820a8952cf4f5c131ed9ea840061a,ARCHIVE_POINTER_ONLY,remove_byte_identical_duplicate,paper_experiments/raw_results/core45/CSG_NI_PROVISIONAL_PHASE6H/runs/CB1_CORE_M_CF1_R01/seed_530103.json,fa97fec6cac2a94cd1bdc39cbb8c0001f411fa2c,Byte-identical duplicate; source and copy SHA256 match in reference_replay_audit.csv.,git show fa97fec6cac2a94cd1bdc39cbb8c0001f411fa2c:paper_experiments/ablation/raw_results/full_reference/runs/CB1_CORE_M_CF1_R01/seed_530103.json
paper_experiments/ablation/raw_results/full_reference/runs/CB1_CORE_M_CF1_R01/seed_530104.json,59f50b3db394b087749aaba66ec250bc25fa24ff65bb8a505564df244bcaba7f,ARCHIVE_POINTER_ONLY,remove_byte_identical_duplicate,paper_experiments/raw_results/core45/CSG_NI_PROVISIONAL_PHASE6H/runs/CB1_CORE_M_CF1_R01/seed_530104.json,fa97fec6cac2a94cd1bdc39cbb8c0001f411fa2c,Byte-identical duplicate; source and copy SHA256 match in reference_replay_audit.csv.,git show fa97fec6cac2a94cd1bdc39cbb8c0001f411fa2c:paper_experiments/ablation/raw_results/full_reference/runs/CB1_CORE_M_CF1_R01/seed_530104.json
paper_experiments/ablation/raw_results/full_reference/runs/CB1_CORE_M_CF1_R01/seed_530105.json,d0e0b632d1fb59974db6a1278fc9a9bf5b04cd421d0a15bcad87d49e7aae3db2,ARCHIVE_POINTER_ONLY,remove_byte_identical_duplicate,paper_experiments/raw_results/core45/CSG_NI_PROVISIONAL_PHASE6H/runs/CB1_CORE_M_CF1_R01/seed_530105.json,fa97fec6cac2a94cd1bdc39cbb8c0001f411fa2c,Byte-identical duplicate; source and copy SHA256 match in reference_replay_audit.csv.,git show fa97fec6cac2a94cd1bdc39cbb8c0001f411fa2c:paper_experiments/ablation/raw_results/full_reference/runs/CB1_CORE_M_CF1_R01/seed_530105.json
paper_experiments/ablation/raw_results/full_reference/runs/CB1_CORE_M_CF1_R02/seed_530101.json,4172cee1be92c7b974b9a6acf9c7c2adf88e629c58092eac552e0280d01c6fa2,ARCHIVE_POINTER_ONLY,remove_byte_identical_duplicate,paper_experiments/raw_results/core45/CSG_NI_PROVISIONAL_PHASE6H/runs/CB1_CORE_M_CF1_R02/seed_530101.json,fa97fec6cac2a94cd1bdc39cbb8c0001f411fa2c,Byte-identical duplicate; source and copy SHA256 match in reference_replay_audit.csv.,git show fa97fec6cac2a94cd1bdc39cbb8c0001f411fa2c:paper_experiments/ablation/raw_results/full_reference/runs/CB1_CORE_M_CF1_R02/seed_530101.json
paper_experiments/ablation/raw_results/full_reference/runs/CB1_CORE_M_CF1_R02/seed_530102.json,7be45a2d8f217c53f182fa9fe90c6a89573738d3d790088e5b2a8be1dd01728c,ARCHIVE_POINTER_ONLY,remove_byte_identical_duplicate,paper_experiments/raw_results/core45/CSG_NI_PROVISIONAL_PHASE6H/runs/CB1_CORE_M_CF1_R02/seed_530102.json,fa97fec6cac2a94cd1bdc39cbb8c0001f411fa2c,Byte-identical duplicate; source and copy SHA256 match in reference_replay_audit.csv.,git show fa97fec6cac2a94cd1bdc39cbb8c0001f411fa2c:paper_experiments/ablation/raw_results/full_reference/runs/CB1_CORE_M_CF1_R02/seed_530102.json
paper_experiments/ablation/raw_results/full_reference/runs/CB1_CORE_M_CF1_R02/seed_530103.json,83a5292b7e1c51e782d04336a272984d040f968228648d8be9720088448ed4f9,ARCHIVE_POINTER_ONLY,remove_byte_identical_duplicate,paper_experiments/raw_results/core45/CSG_NI_PROVISIONAL_PHASE6H/runs/CB1_CORE_M_CF1_R02/seed_530103.json,fa97fec6cac2a94cd1bdc39cbb8c0001f411fa2c,Byte-identical duplicate; source and copy SHA256 match in reference_replay_audit.csv.,git show fa97fec6cac2a94cd1bdc39cbb8c0001f411fa2c:paper_experiments/ablation/raw_results/full_reference/runs/CB1_CORE_M_CF1_R02/seed_530103.json
paper_experiments/ablation/raw_results/full_reference/runs/CB1_CORE_M_CF1_R02/seed_530104.json,7ebf285cfa5334ba5ebb2a85d21b08cac57cf2be1bc54343338e1f549bc96047,ARCHIVE_POINTER_ONLY,remove_byte_identical_duplicate,paper_experiments/raw_results/core45/CSG_NI_PROVISIONAL_PHASE6H/runs/CB1_CORE_M_CF1_R02/seed_530104.json,fa97fec6cac2a94cd1bdc39cbb8c0001f411fa2c,Byte-identical duplicate; source and copy SHA256 match in reference_replay_audit.csv.,git show fa97fec6cac2a94cd1bdc39cbb8c0001f411fa2c:paper_experiments/ablation/raw_results/full_reference/runs/CB1_CORE_M_CF1_R02/seed_530104.json
paper_experiments/ablation/raw_results/full_reference/runs/CB1_CORE_M_CF1_R02/seed_530105.json,37c5dcdf087b77465a616fefa56eec6e4ce6892c2754980944707a4e3f0d9a48,ARCHIVE_POINTER_ONLY,remove_byte_identical_duplicate,paper_experiments/raw_results/core45/CSG_NI_PROVISIONAL_PHASE6H/runs/CB1_CORE_M_CF1_R02/seed_530105.json,fa97fec6cac2a94cd1bdc39cbb8c0001f411fa2c,Byte-identical duplicate; source and copy SHA256 match in reference_replay_audit.csv.,git show fa97fec6cac2a94cd1bdc39cbb8c0001f411fa2c:paper_experiments/ablation/raw_results/full_reference/runs/CB1_CORE_M_CF1_R02/seed_530105.json
paper_experiments/ablation/raw_results/full_reference/runs/CB1_CORE_M_CF2_R01/seed_530101.json,b8792e94780b4685e227075dce23715f948ac48d682c1e7d6b427ea23b0b570e,ARCHIVE_POINTER_ONLY,remove_byte_identical_duplicate,paper_experiments/raw_results/core45/CSG_NI_PROVISIONAL_PHASE6H/runs/CB1_CORE_M_CF2_R01/seed_530101.json,fa97fec6cac2a94cd1bdc39cbb8c0001f411fa2c,Byte-identical duplicate; source and copy SHA256 match in reference_replay_audit.csv.,git show fa97fec6cac2a94cd1bdc39cbb8c0001f411fa2c:paper_experiments/ablation/raw_results/full_reference/runs/CB1_CORE_M_CF2_R01/seed_530101.json
paper_experiments/ablation/raw_results/full_reference/runs/CB1_CORE_M_CF2_R01/seed_530102.json,af77cbfe11e4fc66cda18e23bdbfc78ef55ad440ee2e28ab90b93ce18bbaf609,ARCHIVE_POINTER_ONLY,remove_byte_identical_duplicate,paper_experiments/raw_results/core45/CSG_NI_PROVISIONAL_PHASE6H/runs/CB1_CORE_M_CF2_R01/seed_530102.json,fa97fec6cac2a94cd1bdc39cbb8c0001f411fa2c,Byte-identical duplicate; source and copy SHA256 match in reference_replay_audit.csv.,git show fa97fec6cac2a94cd1bdc39cbb8c0001f411fa2c:paper_experiments/ablation/raw_results/full_reference/runs/CB1_CORE_M_CF2_R01/seed_530102.json
paper_experiments/ablation/raw_results/full_reference/runs/CB1_CORE_M_CF2_R01/seed_530103.json,217c6e3c9fd802ef4d162ac3f0a01baa098c39d39abf9f65f07be3029bc0b01b,ARCHIVE_POINTER_ONLY,remove_byte_identical_duplicate,paper_experiments/raw_results/core45/CSG_NI_PROVISIONAL_PHASE6H/runs/CB1_CORE_M_CF2_R01/seed_530103.json,fa97fec6cac2a94cd1bdc39cbb8c0001f411fa2c,Byte-identical duplicate; source and copy SHA256 match in reference_replay_audit.csv.,git show fa97fec6cac2a94cd1bdc39cbb8c0001f411fa2c:paper_experiments/ablation/raw_results/full_reference/runs/CB1_CORE_M_CF2_R01/seed_530103.json
paper_experiments/ablation/raw_results/full_reference/runs/CB1_CORE_M_CF2_R01/seed_530104.json,7cfee5a980db6ddab4b54a47332b2456f13c24146442ce0bcab865179c0e3cea,ARCHIVE_POINTER_ONLY,remove_byte_identical_duplicate,paper_experiments/raw_results/core45/CSG_NI_PROVISIONAL_PHASE6H/runs/CB1_CORE_M_CF2_R01/seed_530104.json,fa97fec6cac2a94cd1bdc39cbb8c0001f411fa2c,Byte-identical duplicate; source and copy SHA256 match in reference_replay_audit.csv.,git show fa97fec6cac2a94cd1bdc39cbb8c0001f411fa2c:paper_experiments/ablation/raw_results/full_reference/runs/CB1_CORE_M_CF2_R01/seed_530104.json
paper_experiments/ablation/raw_results/full_reference/runs/CB1_CORE_M_CF2_R01/seed_530105.json,f4a63c4ac303a3452dec9d368db6a216a1b8f743b7c39943cccf3527fca09b83,ARCHIVE_POINTER_ONLY,remove_byte_identical_duplicate,paper_experiments/raw_results/core45/CSG_NI_PROVISIONAL_PHASE6H/runs/CB1_CORE_M_CF2_R01/seed_530105.json,fa97fec6cac2a94cd1bdc39cbb8c0001f411fa2c,Byte-identical duplicate; source and copy SHA256 match in reference_replay_audit.csv.,git show fa97fec6cac2a94cd1bdc39cbb8c0001f411fa2c:paper_experiments/ablation/raw_results/full_reference/runs/CB1_CORE_M_CF2_R01/seed_530105.json
paper_experiments/ablation/raw_results/full_reference/runs/CB1_CORE_M_CF2_R02/seed_530101.json,effdbaeec17b9d36b9477b6074f63c44357bccb9ddbf227afd835d16d44dfe16,ARCHIVE_POINTER_ONLY,remove_byte_identical_duplicate,paper_experiments/raw_results/core45/CSG_NI_PROVISIONAL_PHASE6H/runs/CB1_CORE_M_CF2_R02/seed_530101.json,fa97fec6cac2a94cd1bdc39cbb8c0001f411fa2c,Byte-identical duplicate; source and copy SHA256 match in reference_replay_audit.csv.,git show fa97fec6cac2a94cd1bdc39cbb8c0001f411fa2c:paper_experiments/ablation/raw_results/full_reference/runs/CB1_CORE_M_CF2_R02/seed_530101.json
paper_experiments/ablation/raw_results/full_reference/runs/CB1_CORE_M_CF2_R02/seed_530102.json,0ee8f67c3b2377894a992e50258ead01ab6e8cc11399bcb36a6af0af198a4eda,ARCHIVE_POINTER_ONLY,remove_byte_identical_duplicate,paper_experiments/raw_results/core45/CSG_NI_PROVISIONAL_PHASE6H/runs/CB1_CORE_M_CF2_R02/seed_530102.json,fa97fec6cac2a94cd1bdc39cbb8c0001f411fa2c,Byte-identical duplicate; source and copy SHA256 match in reference_replay_audit.csv.,git show fa97fec6cac2a94cd1bdc39cbb8c0001f411fa2c:paper_experiments/ablation/raw_results/full_reference/runs/CB1_CORE_M_CF2_R02/seed_530102.json
paper_experiments/ablation/raw_results/full_reference/runs/CB1_CORE_M_CF2_R02/seed_530103.json,3a7a3ba114e8fe6fa4f234b61f014be85d0d3bfb976e668a7f127ad88658a785,ARCHIVE_POINTER_ONLY,remove_byte_identical_duplicate,paper_experiments/raw_results/core45/CSG_NI_PROVISIONAL_PHASE6H/runs/CB1_CORE_M_CF2_R02/seed_530103.json,fa97fec6cac2a94cd1bdc39cbb8c0001f411fa2c,Byte-identical duplicate; source and copy SHA256 match in reference_replay_audit.csv.,git show fa97fec6cac2a94cd1bdc39cbb8c0001f411fa2c:paper_experiments/ablation/raw_results/full_reference/runs/CB1_CORE_M_CF2_R02/seed_530103.json
paper_experiments/ablation/raw_results/full_reference/runs/CB1_CORE_M_CF2_R02/seed_530104.json,6c1bb4850630c369bbecc3ebc52e1fb7d7c50f2b72d56aaced62a0ecf46127e1,ARCHIVE_POINTER_ONLY,remove_byte_identical_duplicate,paper_experiments/raw_results/core45/CSG_NI_PROVISIONAL_PHASE6H/runs/CB1_CORE_M_CF2_R02/seed_530104.json,fa97fec6cac2a94cd1bdc39cbb8c0001f411fa2c,Byte-identical duplicate; source and copy SHA256 match in reference_replay_audit.csv.,git show fa97fec6cac2a94cd1bdc39cbb8c0001f411fa2c:paper_experiments/ablation/raw_results/full_reference/runs/CB1_CORE_M_CF2_R02/seed_530104.json
paper_experiments/ablation/raw_results/full_reference/runs/CB1_CORE_M_CF2_R02/seed_530105.json,722a42955e0ee8454634c828e31142b3b0312899cff3a53e2ea91a3203ac5b21,ARCHIVE_POINTER_ONLY,remove_byte_identical_duplicate,paper_experiments/raw_results/core45/CSG_NI_PROVISIONAL_PHASE6H/runs/CB1_CORE_M_CF2_R02/seed_530105.json,fa97fec6cac2a94cd1bdc39cbb8c0001f411fa2c,Byte-identical duplicate; source and copy SHA256 match in reference_replay_audit.csv.,git show fa97fec6cac2a94cd1bdc39cbb8c0001f411fa2c:paper_experiments/ablation/raw_results/full_reference/runs/CB1_CORE_M_CF2_R02/seed_530105.json
paper_experiments/ablation/raw_results/full_reference/runs/CB1_CORE_M_CF3_R01/seed_530101.json,c4fe2b17da04df31382aa9ac68f8e14df6c5b8fbbc0f49ab2a9df2237a9fd2bd,ARCHIVE_POINTER_ONLY,remove_byte_identical_duplicate,paper_experiments/raw_results/core45/CSG_NI_PROVISIONAL_PHASE6H/runs/CB1_CORE_M_CF3_R01/seed_530101.json,fa97fec6cac2a94cd1bdc39cbb8c0001f411fa2c,Byte-identical duplicate; source and copy SHA256 match in reference_replay_audit.csv.,git show fa97fec6cac2a94cd1bdc39cbb8c0001f411fa2c:paper_experiments/ablation/raw_results/full_reference/runs/CB1_CORE_M_CF3_R01/seed_530101.json
paper_experiments/ablation/raw_results/full_reference/runs/CB1_CORE_M_CF3_R01/seed_530102.json,8e24fa31714ed731fd4b12c3d08a33a922a8fec0e4f19e689a8a604387234dfe,ARCHIVE_POINTER_ONLY,remove_byte_identical_duplicate,paper_experiments/raw_results/core45/CSG_NI_PROVISIONAL_PHASE6H/runs/CB1_CORE_M_CF3_R01/seed_530102.json,fa97fec6cac2a94cd1bdc39cbb8c0001f411fa2c,Byte-identical duplicate; source and copy SHA256 match in reference_replay_audit.csv.,git show fa97fec6cac2a94cd1bdc39cbb8c0001f411fa2c:paper_experiments/ablation/raw_results/full_reference/runs/CB1_CORE_M_CF3_R01/seed_530102.json
paper_experiments/ablation/raw_results/full_reference/runs/CB1_CORE_M_CF3_R01/seed_530103.json,9d0f99ce0034273d2adca01a5608e29acbb10cdc59dde627790a93c94956e3ff,ARCHIVE_POINTER_ONLY,remove_byte_identical_duplicate,paper_experiments/raw_results/core45/CSG_NI_PROVISIONAL_PHASE6H/runs/CB1_CORE_M_CF3_R01/seed_530103.json,fa97fec6cac2a94cd1bdc39cbb8c0001f411fa2c,Byte-identical duplicate; source and copy SHA256 match in reference_replay_audit.csv.,git show fa97fec6cac2a94cd1bdc39cbb8c0001f411fa2c:paper_experiments/ablation/raw_results/full_reference/runs/CB1_CORE_M_CF3_R01/seed_530103.json
paper_experiments/ablation/raw_results/full_reference/runs/CB1_CORE_M_CF3_R01/seed_530104.json,ca40c1c1648e3f4e845609c54dbfa4610da439edabe6a4b3d5fbbd87b89e773a,ARCHIVE_POINTER_ONLY,remove_byte_identical_duplicate,paper_experiments/raw_results/core45/CSG_NI_PROVISIONAL_PHASE6H/runs/CB1_CORE_M_CF3_R01/seed_530104.json,fa97fec6cac2a94cd1bdc39cbb8c0001f411fa2c,Byte-identical duplicate; source and copy SHA256 match in reference_replay_audit.csv.,git show fa97fec6cac2a94cd1bdc39cbb8c0001f411fa2c:paper_experiments/ablation/raw_results/full_reference/runs/CB1_CORE_M_CF3_R01/seed_530104.json
paper_experiments/ablation/raw_results/full_reference/runs/CB1_CORE_M_CF3_R01/seed_530105.json,cc19de23f425c64dee6ba304587f516626bea6d1fb67cfd226d222e39eb43008,ARCHIVE_POINTER_ONLY,remove_byte_identical_duplicate,paper_experiments/raw_results/core45/CSG_NI_PROVISIONAL_PHASE6H/runs/CB1_CORE_M_CF3_R01/seed_530105.json,fa97fec6cac2a94cd1bdc39cbb8c0001f411fa2c,Byte-identical duplicate; source and copy SHA256 match in reference_replay_audit.csv.,git show fa97fec6cac2a94cd1bdc39cbb8c0001f411fa2c:paper_experiments/ablation/raw_results/full_reference/runs/CB1_CORE_M_CF3_R01/seed_530105.json
paper_experiments/ablation/raw_results/full_reference/runs/CB1_CORE_M_CF3_R02/seed_530101.json,448aea74bd5ec176b9a8bbb1958ee09b7a7e75200abfd8b181aeca29f7df9f52,ARCHIVE_POINTER_ONLY,remove_byte_identical_duplicate,paper_experiments/raw_results/core45/CSG_NI_PROVISIONAL_PHASE6H/runs/CB1_CORE_M_CF3_R02/seed_530101.json,fa97fec6cac2a94cd1bdc39cbb8c0001f411fa2c,Byte-identical duplicate; source and copy SHA256 match in reference_replay_audit.csv.,git show fa97fec6cac2a94cd1bdc39cbb8c0001f411fa2c:paper_experiments/ablation/raw_results/full_reference/runs/CB1_CORE_M_CF3_R02/seed_530101.json
paper_experiments/ablation/raw_results/full_reference/runs/CB1_CORE_M_CF3_R02/seed_530102.json,98abde954290fe043af0a172f973b7955c1c12d6bed23290b7ca37bd9e8af9fd,ARCHIVE_POINTER_ONLY,remove_byte_identical_duplicate,paper_experiments/raw_results/core45/CSG_NI_PROVISIONAL_PHASE6H/runs/CB1_CORE_M_CF3_R02/seed_530102.json,fa97fec6cac2a94cd1bdc39cbb8c0001f411fa2c,Byte-identical duplicate; source and copy SHA256 match in reference_replay_audit.csv.,git show fa97fec6cac2a94cd1bdc39cbb8c0001f411fa2c:paper_experiments/ablation/raw_results/full_reference/runs/CB1_CORE_M_CF3_R02/seed_530102.json
paper_experiments/ablation/raw_results/full_reference/runs/CB1_CORE_M_CF3_R02/seed_530103.json,e05bf86397503ee852f0e86d0bc1a84cd1407f1af922fcd9801267646bdc00c9,ARCHIVE_POINTER_ONLY,remove_byte_identical_duplicate,paper_experiments/raw_results/core45/CSG_NI_PROVISIONAL_PHASE6H/runs/CB1_CORE_M_CF3_R02/seed_530103.json,fa97fec6cac2a94cd1bdc39cbb8c0001f411fa2c,Byte-identical duplicate; source and copy SHA256 match in reference_replay_audit.csv.,git show fa97fec6cac2a94cd1bdc39cbb8c0001f411fa2c:paper_experiments/ablation/raw_results/full_reference/runs/CB1_CORE_M_CF3_R02/seed_530103.json
paper_experiments/ablation/raw_results/full_reference/runs/CB1_CORE_M_CF3_R02/seed_530104.json,ea1cb3f664b5763d562df25fbb370b9d1a00d12c685da6ffc2dedf35d75a546c,ARCHIVE_POINTER_ONLY,remove_byte_identical_duplicate,paper_experiments/raw_results/core45/CSG_NI_PROVISIONAL_PHASE6H/runs/CB1_CORE_M_CF3_R02/seed_530104.json,fa97fec6cac2a94cd1bdc39cbb8c0001f411fa2c,Byte-identical duplicate; source and copy SHA256 match in reference_replay_audit.csv.,git show fa97fec6cac2a94cd1bdc39cbb8c0001f411fa2c:paper_experiments/ablation/raw_results/full_reference/runs/CB1_CORE_M_CF3_R02/seed_530104.json
paper_experiments/ablation/raw_results/full_reference/runs/CB1_CORE_M_CF3_R02/seed_530105.json,0b649848735231db207a297a0b7db9612391ac56319abf4c435974f16ae7e095,ARCHIVE_POINTER_ONLY,remove_byte_identical_duplicate,paper_experiments/raw_results/core45/CSG_NI_PROVISIONAL_PHASE6H/runs/CB1_CORE_M_CF3_R02/seed_530105.json,fa97fec6cac2a94cd1bdc39cbb8c0001f411fa2c,Byte-identical duplicate; source and copy SHA256 match in reference_replay_audit.csv.,git show fa97fec6cac2a94cd1bdc39cbb8c0001f411fa2c:paper_experiments/ablation/raw_results/full_reference/runs/CB1_CORE_M_CF3_R02/seed_530105.json
paper_experiments/ablation/raw_results/full_reference/runs/CB1_CORE_S_CF1_R01/seed_530101.json,d9bef5609af4d09f4e89c72c0bd6c6326ddf0fff65710272a1eecd023a760ad5,ARCHIVE_POINTER_ONLY,remove_byte_identical_duplicate,paper_experiments/raw_results/core45/CSG_NI_PROVISIONAL_PHASE6H/runs/CB1_CORE_S_CF1_R01/seed_530101.json,fa97fec6cac2a94cd1bdc39cbb8c0001f411fa2c,Byte-identical duplicate; source and copy SHA256 match in reference_replay_audit.csv.,git show fa97fec6cac2a94cd1bdc39cbb8c0001f411fa2c:paper_experiments/ablation/raw_results/full_reference/runs/CB1_CORE_S_CF1_R01/seed_530101.json
paper_experiments/ablation/raw_results/full_reference/runs/CB1_CORE_S_CF1_R01/seed_530102.json,7dcaf0d3a2f0ec2dbbce061f7ec1bbb8d33318ecfcf4872e58d42c484df659ef,ARCHIVE_POINTER_ONLY,remove_byte_identical_duplicate,paper_experiments/raw_results/core45/CSG_NI_PROVISIONAL_PHASE6H/runs/CB1_CORE_S_CF1_R01/seed_530102.json,fa97fec6cac2a94cd1bdc39cbb8c0001f411fa2c,Byte-identical duplicate; source and copy SHA256 match in reference_replay_audit.csv.,git show fa97fec6cac2a94cd1bdc39cbb8c0001f411fa2c:paper_experiments/ablation/raw_results/full_reference/runs/CB1_CORE_S_CF1_R01/seed_530102.json
paper_experiments/ablation/raw_results/full_reference/runs/CB1_CORE_S_CF1_R01/seed_530103.json,c64e8ff55901d5af3ce32165c0f85bbb21f6801cc7b836867bba267a25e62865,ARCHIVE_POINTER_ONLY,remove_byte_identical_duplicate,paper_experiments/raw_results/core45/CSG_NI_PROVISIONAL_PHASE6H/runs/CB1_CORE_S_CF1_R01/seed_530103.json,fa97fec6cac2a94cd1bdc39cbb8c0001f411fa2c,Byte-identical duplicate; source and copy SHA256 match in reference_replay_audit.csv.,git show fa97fec6cac2a94cd1bdc39cbb8c0001f411fa2c:paper_experiments/ablation/raw_results/full_reference/runs/CB1_CORE_S_CF1_R01/seed_530103.json
paper_experiments/ablation/raw_results/full_reference/runs/CB1_CORE_S_CF1_R01/seed_530104.json,db6d8a1a56f1ea48ba9e56a0be8e5c1ea804c165cb36e1a6efc0229a5daba8e5,ARCHIVE_POINTER_ONLY,remove_byte_identical_duplicate,paper_experiments/raw_results/core45/CSG_NI_PROVISIONAL_PHASE6H/runs/CB1_CORE_S_CF1_R01/seed_530104.json,fa97fec6cac2a94cd1bdc39cbb8c0001f411fa2c,Byte-identical duplicate; source and copy SHA256 match in reference_replay_audit.csv.,git show fa97fec6cac2a94cd1bdc39cbb8c0001f411fa2c:paper_experiments/ablation/raw_results/full_reference/runs/CB1_CORE_S_CF1_R01/seed_530104.json
paper_experiments/ablation/raw_results/full_reference/runs/CB1_CORE_S_CF1_R01/seed_530105.json,08b0fa86b1233e42e37f4def3ac1b4cbf4c2e8f6004ef5c0cd4f3a4753f3c7a3,ARCHIVE_POINTER_ONLY,remove_byte_identical_duplicate,paper_experiments/raw_results/core45/CSG_NI_PROVISIONAL_PHASE6H/runs/CB1_CORE_S_CF1_R01/seed_530105.json,fa97fec6cac2a94cd1bdc39cbb8c0001f411fa2c,Byte-identical duplicate; source and copy SHA256 match in reference_replay_audit.csv.,git show fa97fec6cac2a94cd1bdc39cbb8c0001f411fa2c:paper_experiments/ablation/raw_results/full_reference/runs/CB1_CORE_S_CF1_R01/seed_530105.json
paper_experiments/ablation/raw_results/full_reference/runs/CB1_CORE_S_CF1_R02/seed_530101.json,ccb7582c5baac0c78f861a811e5defcd4a0470f87432aebad17812cb88ec62ff,ARCHIVE_POINTER_ONLY,remove_byte_identical_duplicate,paper_experiments/raw_results/core45/CSG_NI_PROVISIONAL_PHASE6H/runs/CB1_CORE_S_CF1_R02/seed_530101.json,fa97fec6cac2a94cd1bdc39cbb8c0001f411fa2c,Byte-identical duplicate; source and copy SHA256 match in reference_replay_audit.csv.,git show fa97fec6cac2a94cd1bdc39cbb8c0001f411fa2c:paper_experiments/ablation/raw_results/full_reference/runs/CB1_CORE_S_CF1_R02/seed_530101.json
paper_experiments/ablation/raw_results/full_reference/runs/CB1_CORE_S_CF1_R02/seed_530102.json,e41315ee7dda2c2e0eb2838b4a808e7670fb337913199170945240aacb66ddb1,ARCHIVE_POINTER_ONLY,remove_byte_identical_duplicate,paper_experiments/raw_results/core45/CSG_NI_PROVISIONAL_PHASE6H/runs/CB1_CORE_S_CF1_R02/seed_530102.json,fa97fec6cac2a94cd1bdc39cbb8c0001f411fa2c,Byte-identical duplicate; source and copy SHA256 match in reference_replay_audit.csv.,git show fa97fec6cac2a94cd1bdc39cbb8c0001f411fa2c:paper_experiments/ablation/raw_results/full_reference/runs/CB1_CORE_S_CF1_R02/seed_530102.json
paper_experiments/ablation/raw_results/full_reference/runs/CB1_CORE_S_CF1_R02/seed_530103.json,80b719af11a8584c7a3f9ff5ddb6848ee4c7e98817b6e2f43decc6a01696f809,ARCHIVE_POINTER_ONLY,remove_byte_identical_duplicate,paper_experiments/raw_results/core45/CSG_NI_PROVISIONAL_PHASE6H/runs/CB1_CORE_S_CF1_R02/seed_530103.json,fa97fec6cac2a94cd1bdc39cbb8c0001f411fa2c,Byte-identical duplicate; source and copy SHA256 match in reference_replay_audit.csv.,git show fa97fec6cac2a94cd1bdc39cbb8c0001f411fa2c:paper_experiments/ablation/raw_results/full_reference/runs/CB1_CORE_S_CF1_R02/seed_530103.json
paper_experiments/ablation/raw_results/full_reference/runs/CB1_CORE_S_CF1_R02/seed_530104.json,d319ee9fdb75a94654e2263b6f64d18cbecca80e4cd9e3fd68dfcdc0fc7b855e,ARCHIVE_POINTER_ONLY,remove_byte_identical_duplicate,paper_experiments/raw_results/core45/CSG_NI_PROVISIONAL_PHASE6H/runs/CB1_CORE_S_CF1_R02/seed_530104.json,fa97fec6cac2a94cd1bdc39cbb8c0001f411fa2c,Byte-identical duplicate; source and copy SHA256 match in reference_replay_audit.csv.,git show fa97fec6cac2a94cd1bdc39cbb8c0001f411fa2c:paper_experiments/ablation/raw_results/full_reference/runs/CB1_CORE_S_CF1_R02/seed_530104.json
paper_experiments/ablation/raw_results/full_reference/runs/CB1_CORE_S_CF1_R02/seed_530105.json,6a5fec0c3f0ae917695d81bba0ff88d9201df4d9c5da02870b6a09d6ebf478b4,ARCHIVE_POINTER_ONLY,remove_byte_identical_duplicate,paper_experiments/raw_results/core45/CSG_NI_PROVISIONAL_PHASE6H/runs/CB1_CORE_S_CF1_R02/seed_530105.json,fa97fec6cac2a94cd1bdc39cbb8c0001f411fa2c,Byte-identical duplicate; source and copy SHA256 match in reference_replay_audit.csv.,git show fa97fec6cac2a94cd1bdc39cbb8c0001f411fa2c:paper_experiments/ablation/raw_results/full_reference/runs/CB1_CORE_S_CF1_R02/seed_530105.json
paper_experiments/ablation/raw_results/full_reference/runs/CB1_CORE_S_CF2_R01/seed_530101.json,98481a897fd24825f057e2bcb7dc06b6d192338331d6767801a8e7d635e94590,ARCHIVE_POINTER_ONLY,remove_byte_identical_duplicate,paper_experiments/raw_results/core45/CSG_NI_PROVISIONAL_PHASE6H/runs/CB1_CORE_S_CF2_R01/seed_530101.json,fa97fec6cac2a94cd1bdc39cbb8c0001f411fa2c,Byte-identical duplicate; source and copy SHA256 match in reference_replay_audit.csv.,git show fa97fec6cac2a94cd1bdc39cbb8c0001f411fa2c:paper_experiments/ablation/raw_results/full_reference/runs/CB1_CORE_S_CF2_R01/seed_530101.json
paper_experiments/ablation/raw_results/full_reference/runs/CB1_CORE_S_CF2_R01/seed_530102.json,e0904cebde9cd0b930894d534b2a8b19013d483ed09ac36e2f3c20e378b24dfe,ARCHIVE_POINTER_ONLY,remove_byte_identical_duplicate,paper_experiments/raw_results/core45/CSG_NI_PROVISIONAL_PHASE6H/runs/CB1_CORE_S_CF2_R01/seed_530102.json,fa97fec6cac2a94cd1bdc39cbb8c0001f411fa2c,Byte-identical duplicate; source and copy SHA256 match in reference_replay_audit.csv.,git show fa97fec6cac2a94cd1bdc39cbb8c0001f411fa2c:paper_experiments/ablation/raw_results/full_reference/runs/CB1_CORE_S_CF2_R01/seed_530102.json
paper_experiments/ablation/raw_results/full_reference/runs/CB1_CORE_S_CF2_R01/seed_530103.json,01c135ed037e6a9e84d7cb1eef31ab2cc6a3d21d21e65df733a11c8bbc638583,ARCHIVE_POINTER_ONLY,remove_byte_identical_duplicate,paper_experiments/raw_results/core45/CSG_NI_PROVISIONAL_PHASE6H/runs/CB1_CORE_S_CF2_R01/seed_530103.json,fa97fec6cac2a94cd1bdc39cbb8c0001f411fa2c,Byte-identical duplicate; source and copy SHA256 match in reference_replay_audit.csv.,git show fa97fec6cac2a94cd1bdc39cbb8c0001f411fa2c:paper_experiments/ablation/raw_results/full_reference/runs/CB1_CORE_S_CF2_R01/seed_530103.json
paper_experiments/ablation/raw_results/full_reference/runs/CB1_CORE_S_CF2_R01/seed_530104.json,cbb26cdbd2f558a69c7ede67bd0412e6a8a9fc4ee7caab451bf057fb99756d81,ARCHIVE_POINTER_ONLY,remove_byte_identical_duplicate,paper_experiments/raw_results/core45/CSG_NI_PROVISIONAL_PHASE6H/runs/CB1_CORE_S_CF2_R01/seed_530104.json,fa97fec6cac2a94cd1bdc39cbb8c0001f411fa2c,Byte-identical duplicate; source and copy SHA256 match in reference_replay_audit.csv.,git show fa97fec6cac2a94cd1bdc39cbb8c0001f411fa2c:paper_experiments/ablation/raw_results/full_reference/runs/CB1_CORE_S_CF2_R01/seed_530104.json
paper_experiments/ablation/raw_results/full_reference/runs/CB1_CORE_S_CF2_R01/seed_530105.json,122cb933ef17d7e7765b0fcb6e67a08967b19e56458a485dbbac6456e8ccbd67,ARCHIVE_POINTER_ONLY,remove_byte_identical_duplicate,paper_experiments/raw_results/core45/CSG_NI_PROVISIONAL_PHASE6H/runs/CB1_CORE_S_CF2_R01/seed_530105.json,fa97fec6cac2a94cd1bdc39cbb8c0001f411fa2c,Byte-identical duplicate; source and copy SHA256 match in reference_replay_audit.csv.,git show fa97fec6cac2a94cd1bdc39cbb8c0001f411fa2c:paper_experiments/ablation/raw_results/full_reference/runs/CB1_CORE_S_CF2_R01/seed_530105.json
paper_experiments/ablation/raw_results/full_reference/runs/CB1_CORE_S_CF2_R02/seed_530101.json,892f9d5460dffcd18f30ba056552c311793d67187723cb1959bb9564837b7311,ARCHIVE_POINTER_ONLY,remove_byte_identical_duplicate,paper_experiments/raw_results/core45/CSG_NI_PROVISIONAL_PHASE6H/runs/CB1_CORE_S_CF2_R02/seed_530101.json,fa97fec6cac2a94cd1bdc39cbb8c0001f411fa2c,Byte-identical duplicate; source and copy SHA256 match in reference_replay_audit.csv.,git show fa97fec6cac2a94cd1bdc39cbb8c0001f411fa2c:paper_experiments/ablation/raw_results/full_reference/runs/CB1_CORE_S_CF2_R02/seed_530101.json
paper_experiments/ablation/raw_results/full_reference/runs/CB1_CORE_S_CF2_R02/seed_530102.json,3333d729542c2b1f13f90a04c03ff58ef4f7635a4b6ad11f00cfcac1e2f387f4,ARCHIVE_POINTER_ONLY,remove_byte_identical_duplicate,paper_experiments/raw_results/core45/CSG_NI_PROVISIONAL_PHASE6H/runs/CB1_CORE_S_CF2_R02/seed_530102.json,fa97fec6cac2a94cd1bdc39cbb8c0001f411fa2c,Byte-identical duplicate; source and copy SHA256 match in reference_replay_audit.csv.,git show fa97fec6cac2a94cd1bdc39cbb8c0001f411fa2c:paper_experiments/ablation/raw_results/full_reference/runs/CB1_CORE_S_CF2_R02/seed_530102.json
paper_experiments/ablation/raw_results/full_reference/runs/CB1_CORE_S_CF2_R02/seed_530103.json,5afb481aa939115b2f23c453a8e254c012deaeb56482f987f1c03e0f4fa6e123,ARCHIVE_POINTER_ONLY,remove_byte_identical_duplicate,paper_experiments/raw_results/core45/CSG_NI_PROVISIONAL_PHASE6H/runs/CB1_CORE_S_CF2_R02/seed_530103.json,fa97fec6cac2a94cd1bdc39cbb8c0001f411fa2c,Byte-identical duplicate; source and copy SHA256 match in reference_replay_audit.csv.,git show fa97fec6cac2a94cd1bdc39cbb8c0001f411fa2c:paper_experiments/ablation/raw_results/full_reference/runs/CB1_CORE_S_CF2_R02/seed_530103.json
paper_experiments/ablation/raw_results/full_reference/runs/CB1_CORE_S_CF2_R02/seed_530104.json,713b77892626d81fa17912b478aa5614b8a8c59070779965b094fbd4ea01d082,ARCHIVE_POINTER_ONLY,remove_byte_identical_duplicate,paper_experiments/raw_results/core45/CSG_NI_PROVISIONAL_PHASE6H/runs/CB1_CORE_S_CF2_R02/seed_530104.json,fa97fec6cac2a94cd1bdc39cbb8c0001f411fa2c,Byte-identical duplicate; source and copy SHA256 match in reference_replay_audit.csv.,git show fa97fec6cac2a94cd1bdc39cbb8c0001f411fa2c:paper_experiments/ablation/raw_results/full_reference/runs/CB1_CORE_S_CF2_R02/seed_530104.json
paper_experiments/ablation/raw_results/full_reference/runs/CB1_CORE_S_CF2_R02/seed_530105.json,73fd2e7e45facb1e986be2ed522edf28e43cb56aeb9187a1e106b93a68332652,ARCHIVE_POINTER_ONLY,remove_byte_identical_duplicate,paper_experiments/raw_results/core45/CSG_NI_PROVISIONAL_PHASE6H/runs/CB1_CORE_S_CF2_R02/seed_530105.json,fa97fec6cac2a94cd1bdc39cbb8c0001f411fa2c,Byte-identical duplicate; source and copy SHA256 match in reference_replay_audit.csv.,git show fa97fec6cac2a94cd1bdc39cbb8c0001f411fa2c:paper_experiments/ablation/raw_results/full_reference/runs/CB1_CORE_S_CF2_R02/seed_530105.json
paper_experiments/ablation/raw_results/full_reference/runs/CB1_CORE_S_CF3_R01/seed_530101.json,b0eba8282da168e8c3f861ef0f3533ef4b494eb9abcff7fb6676e1ac35243d96,ARCHIVE_POINTER_ONLY,remove_byte_identical_duplicate,paper_experiments/raw_results/core45/CSG_NI_PROVISIONAL_PHASE6H/runs/CB1_CORE_S_CF3_R01/seed_530101.json,fa97fec6cac2a94cd1bdc39cbb8c0001f411fa2c,Byte-identical duplicate; source and copy SHA256 match in reference_replay_audit.csv.,git show fa97fec6cac2a94cd1bdc39cbb8c0001f411fa2c:paper_experiments/ablation/raw_results/full_reference/runs/CB1_CORE_S_CF3_R01/seed_530101.json
paper_experiments/ablation/raw_results/full_reference/runs/CB1_CORE_S_CF3_R01/seed_530102.json,08caa1ba3d8e8542d1990da6ff8fe2ca4ff5427117bcfa27d5833e6b848de0fb,ARCHIVE_POINTER_ONLY,remove_byte_identical_duplicate,paper_experiments/raw_results/core45/CSG_NI_PROVISIONAL_PHASE6H/runs/CB1_CORE_S_CF3_R01/seed_530102.json,fa97fec6cac2a94cd1bdc39cbb8c0001f411fa2c,Byte-identical duplicate; source and copy SHA256 match in reference_replay_audit.csv.,git show fa97fec6cac2a94cd1bdc39cbb8c0001f411fa2c:paper_experiments/ablation/raw_results/full_reference/runs/CB1_CORE_S_CF3_R01/seed_530102.json
paper_experiments/ablation/raw_results/full_reference/runs/CB1_CORE_S_CF3_R01/seed_530103.json,2430641b24c27f47fd17246061d2c6dbf38559b53c962cbf5f034e7bb3c46a83,ARCHIVE_POINTER_ONLY,remove_byte_identical_duplicate,paper_experiments/raw_results/core45/CSG_NI_PROVISIONAL_PHASE6H/runs/CB1_CORE_S_CF3_R01/seed_530103.json,fa97fec6cac2a94cd1bdc39cbb8c0001f411fa2c,Byte-identical duplicate; source and copy SHA256 match in reference_replay_audit.csv.,git show fa97fec6cac2a94cd1bdc39cbb8c0001f411fa2c:paper_experiments/ablation/raw_results/full_reference/runs/CB1_CORE_S_CF3_R01/seed_530103.json
paper_experiments/ablation/raw_results/full_reference/runs/CB1_CORE_S_CF3_R01/seed_530104.json,323bf65778013db185b1bea61b33076a6b753939f887a0f7ed882cb661f8fb09,ARCHIVE_POINTER_ONLY,remove_byte_identical_duplicate,paper_experiments/raw_results/core45/CSG_NI_PROVISIONAL_PHASE6H/runs/CB1_CORE_S_CF3_R01/seed_530104.json,fa97fec6cac2a94cd1bdc39cbb8c0001f411fa2c,Byte-identical duplicate; source and copy SHA256 match in reference_replay_audit.csv.,git show fa97fec6cac2a94cd1bdc39cbb8c0001f411fa2c:paper_experiments/ablation/raw_results/full_reference/runs/CB1_CORE_S_CF3_R01/seed_530104.json
paper_experiments/ablation/raw_results/full_reference/runs/CB1_CORE_S_CF3_R01/seed_530105.json,a07b3ae1c86fa61844f10bfa46dea593adebf6283e1779427b0736064cfe5b9d,ARCHIVE_POINTER_ONLY,remove_byte_identical_duplicate,paper_experiments/raw_results/core45/CSG_NI_PROVISIONAL_PHASE6H/runs/CB1_CORE_S_CF3_R01/seed_530105.json,fa97fec6cac2a94cd1bdc39cbb8c0001f411fa2c,Byte-identical duplicate; source and copy SHA256 match in reference_replay_audit.csv.,git show fa97fec6cac2a94cd1bdc39cbb8c0001f411fa2c:paper_experiments/ablation/raw_results/full_reference/runs/CB1_CORE_S_CF3_R01/seed_530105.json
paper_experiments/ablation/raw_results/full_reference/runs/CB1_CORE_S_CF3_R02/seed_530101.json,7af831b7cdeabde57ec999becd05ed5d946a35c6739721f8cf9d8c73a6e15d92,ARCHIVE_POINTER_ONLY,remove_byte_identical_duplicate,paper_experiments/raw_results/core45/CSG_NI_PROVISIONAL_PHASE6H/runs/CB1_CORE_S_CF3_R02/seed_530101.json,fa97fec6cac2a94cd1bdc39cbb8c0001f411fa2c,Byte-identical duplicate; source and copy SHA256 match in reference_replay_audit.csv.,git show fa97fec6cac2a94cd1bdc39cbb8c0001f411fa2c:paper_experiments/ablation/raw_results/full_reference/runs/CB1_CORE_S_CF3_R02/seed_530101.json
paper_experiments/ablation/raw_results/full_reference/runs/CB1_CORE_S_CF3_R02/seed_530102.json,07e9cd609889c766d09058351244c1eb9c753ad4ac4b04eef6dbb080e1efdf89,ARCHIVE_POINTER_ONLY,remove_byte_identical_duplicate,paper_experiments/raw_results/core45/CSG_NI_PROVISIONAL_PHASE6H/runs/CB1_CORE_S_CF3_R02/seed_530102.json,fa97fec6cac2a94cd1bdc39cbb8c0001f411fa2c,Byte-identical duplicate; source and copy SHA256 match in reference_replay_audit.csv.,git show fa97fec6cac2a94cd1bdc39cbb8c0001f411fa2c:paper_experiments/ablation/raw_results/full_reference/runs/CB1_CORE_S_CF3_R02/seed_530102.json
paper_experiments/ablation/raw_results/full_reference/runs/CB1_CORE_S_CF3_R02/seed_530103.json,c31c22104ebb891468b634b3ce1d90966b25737701e41eb8e8a8e926daf6d1c0,ARCHIVE_POINTER_ONLY,remove_byte_identical_duplicate,paper_experiments/raw_results/core45/CSG_NI_PROVISIONAL_PHASE6H/runs/CB1_CORE_S_CF3_R02/seed_530103.json,fa97fec6cac2a94cd1bdc39cbb8c0001f411fa2c,Byte-identical duplicate; source and copy SHA256 match in reference_replay_audit.csv.,git show fa97fec6cac2a94cd1bdc39cbb8c0001f411fa2c:paper_experiments/ablation/raw_results/full_reference/runs/CB1_CORE_S_CF3_R02/seed_530103.json
paper_experiments/ablation/raw_results/full_reference/runs/CB1_CORE_S_CF3_R02/seed_530104.json,fa3c4ca868c80de99a7d830e643f69b6bfb96aa7ba86cdc639d31802ecb38cec,ARCHIVE_POINTER_ONLY,remove_byte_identical_duplicate,paper_experiments/raw_results/core45/CSG_NI_PROVISIONAL_PHASE6H/runs/CB1_CORE_S_CF3_R02/seed_530104.json,fa97fec6cac2a94cd1bdc39cbb8c0001f411fa2c,Byte-identical duplicate; source and copy SHA256 match in reference_replay_audit.csv.,git show fa97fec6cac2a94cd1bdc39cbb8c0001f411fa2c:paper_experiments/ablation/raw_results/full_reference/runs/CB1_CORE_S_CF3_R02/seed_530104.json
paper_experiments/ablation/raw_results/full_reference/runs/CB1_CORE_S_CF3_R02/seed_530105.json,f9c5f57740f82efed17706dfd3ef028382557e236d4c484bc8758fdcede24b31,ARCHIVE_POINTER_ONLY,remove_byte_identical_duplicate,paper_experiments/raw_results/core45/CSG_NI_PROVISIONAL_PHASE6H/runs/CB1_CORE_S_CF3_R02/seed_530105.json,fa97fec6cac2a94cd1bdc39cbb8c0001f411fa2c,Byte-identical duplicate; source and copy SHA256 match in reference_replay_audit.csv.,git show fa97fec6cac2a94cd1bdc39cbb8c0001f411fa2c:paper_experiments/ablation/raw_results/full_reference/runs/CB1_CORE_S_CF3_R02/seed_530105.json
paper_experiments/ablation/raw_results/random_full_bank_frozen_gate/.progress.lock,e3b0c44298fc1c149afbf4c8996fb92427ae41e4649b934ca495991b7852b855,DELETE_SAFE,delete_stale_runtime_lock,,fa97fec6cac2a94cd1bdc39cbb8c0001f411fa2c,Zero-byte completed or superseded job lock with no active process.,git show fa97fec6cac2a94cd1bdc39cbb8c0001f411fa2c:paper_experiments/ablation/raw_results/random_full_bank_frozen_gate/.progress.lock
paper_experiments/ablation/raw_results/random_full_bank_frozen_gate/live_logs/CB1_CORE_L_CF1_R01/seed_530101.parquet,2f30a407f1c0f8fcf94325b058468914ee500f2d56fb78dcc0a83635f524ccaa,KEEP_LOCAL_IGNORED,untrack_preserve_local_path,paper_experiments/ablation/raw_results/random_full_bank_frozen_gate/live_logs/CB1_CORE_L_CF1_R01/seed_530101.parquet,fa97fec6cac2a94cd1bdc39cbb8c0001f411fa2c,Generated Parquet live log retained locally and recoverable from Git history.,git show fa97fec6cac2a94cd1bdc39cbb8c0001f411fa2c:paper_experiments/ablation/raw_results/random_full_bank_frozen_gate/live_logs/CB1_CORE_L_CF1_R01/seed_530101.parquet
paper_experiments/ablation/raw_results/random_full_bank_frozen_gate/live_logs/CB1_CORE_L_CF1_R01/seed_530102.parquet,7d8b1da8cb5ce1cf34db14132c291b98f45dd32489e57abff4679a8140f2d535,KEEP_LOCAL_IGNORED,untrack_preserve_local_path,paper_experiments/ablation/raw_results/random_full_bank_frozen_gate/live_logs/CB1_CORE_L_CF1_R01/seed_530102.parquet,fa97fec6cac2a94cd1bdc39cbb8c0001f411fa2c,Generated Parquet live log retained locally and recoverable from Git history.,git show fa97fec6cac2a94cd1bdc39cbb8c0001f411fa2c:paper_experiments/ablation/raw_results/random_full_bank_frozen_gate/live_logs/CB1_CORE_L_CF1_R01/seed_530102.parquet
paper_experiments/ablation/raw_results/random_full_bank_frozen_gate/live_logs/CB1_CORE_L_CF1_R01/seed_530103.parquet,cd0894c2f484d517b45585a9ae32405fad951b0547dd715c8ecece6199f7d75b,KEEP_LOCAL_IGNORED,untrack_preserve_local_path,paper_experiments/ablation/raw_results/random_full_bank_frozen_gate/live_logs/CB1_CORE_L_CF1_R01/seed_530103.parquet,fa97fec6cac2a94cd1bdc39cbb8c0001f411fa2c,Generated Parquet live log retained locally and recoverable from Git history.,git show fa97fec6cac2a94cd1bdc39cbb8c0001f411fa2c:paper_experiments/ablation/raw_results/random_full_bank_frozen_gate/live_logs/CB1_CORE_L_CF1_R01/seed_530103.parquet
paper_experiments/ablation/raw_results/random_full_bank_frozen_gate/live_logs/CB1_CORE_L_CF1_R01/seed_530104.parquet,14561498673af6efd92d02e578746389051adcec9b4a0e0390806483fdb49c69,KEEP_LOCAL_IGNORED,untrack_preserve_local_path,paper_experiments/ablation/raw_results/random_full_bank_frozen_gate/live_logs/CB1_CORE_L_CF1_R01/seed_530104.parquet,fa97fec6cac2a94cd1bdc39cbb8c0001f411fa2c,Generated Parquet live log retained locally and recoverable from Git history.,git show fa97fec6cac2a94cd1bdc39cbb8c0001f411fa2c:paper_experiments/ablation/raw_results/random_full_bank_frozen_gate/live_logs/CB1_CORE_L_CF1_R01/seed_530104.parquet
paper_experiments/ablation/raw_results/random_full_bank_frozen_gate/live_logs/CB1_CORE_L_CF1_R01/seed_530105.parquet,548c1f887f62d2fa3a8fec905fc1694cfbf621dd2f2864a1c359ac0738e1439f,KEEP_LOCAL_IGNORED,untrack_preserve_local_path,paper_experiments/ablation/raw_results/random_full_bank_frozen_gate/live_logs/CB1_CORE_L_CF1_R01/seed_530105.parquet,fa97fec6cac2a94cd1bdc39cbb8c0001f411fa2c,Generated Parquet live log retained locally and recoverable from Git history.,git show fa97fec6cac2a94cd1bdc39cbb8c0001f411fa2c:paper_experiments/ablation/raw_results/random_full_bank_frozen_gate/live_logs/CB1_CORE_L_CF1_R01/seed_530105.parquet
paper_experiments/ablation/raw_results/random_full_bank_frozen_gate/live_logs/CB1_CORE_L_CF1_R02/seed_530101.parquet,9b0c1fe3bdeace17f6b641f205657ce0202d2a52a5b911f1112d6b13400131a3,KEEP_LOCAL_IGNORED,untrack_preserve_local_path,paper_experiments/ablation/raw_results/random_full_bank_frozen_gate/live_logs/CB1_CORE_L_CF1_R02/seed_530101.parquet,fa97fec6cac2a94cd1bdc39cbb8c0001f411fa2c,Generated Parquet live log retained locally and recoverable from Git history.,git show fa97fec6cac2a94cd1bdc39cbb8c0001f411fa2c:paper_experiments/ablation/raw_results/random_full_bank_frozen_gate/live_logs/CB1_CORE_L_CF1_R02/seed_530101.parquet
paper_experiments/ablation/raw_results/random_full_bank_frozen_gate/live_logs/CB1_CORE_L_CF1_R02/seed_530102.parquet,2826c227ad620a9cd36d77bb0dc28d291fd4f6f9b222284ef29bffb3b7a2078e,KEEP_LOCAL_IGNORED,untrack_preserve_local_path,paper_experiments/ablation/raw_results/random_full_bank_frozen_gate/live_logs/CB1_CORE_L_CF1_R02/seed_530102.parquet,fa97fec6cac2a94cd1bdc39cbb8c0001f411fa2c,Generated Parquet live log retained locally and recoverable from Git history.,git show fa97fec6cac2a94cd1bdc39cbb8c0001f411fa2c:paper_experiments/ablation/raw_results/random_full_bank_frozen_gate/live_logs/CB1_CORE_L_CF1_R02/seed_530102.parquet
paper_experiments/ablation/raw_results/random_full_bank_frozen_gate/live_logs/CB1_CORE_L_CF1_R02/seed_530103.parquet,567a60b9d4bf29a71b0c78830bc1f7026c8ad951e4caa43d03e1e329eafca044,KEEP_LOCAL_IGNORED,untrack_preserve_local_path,paper_experiments/ablation/raw_results/random_full_bank_frozen_gate/live_logs/CB1_CORE_L_CF1_R02/seed_530103.parquet,fa97fec6cac2a94cd1bdc39cbb8c0001f411fa2c,Generated Parquet live log retained locally and recoverable from Git history.,git show fa97fec6cac2a94cd1bdc39cbb8c0001f411fa2c:paper_experiments/ablation/raw_results/random_full_bank_frozen_gate/live_logs/CB1_CORE_L_CF1_R02/seed_530103.parquet
paper_experiments/ablation/raw_results/random_full_bank_frozen_gate/live_logs/CB1_CORE_L_CF1_R02/seed_530104.parquet,43df83315086a9fa419f12ad47fbaee6251039488f2f679bb741ad7a54d8f589,KEEP_LOCAL_IGNORED,untrack_preserve_local_path,paper_experiments/ablation/raw_results/random_full_bank_frozen_gate/live_logs/CB1_CORE_L_CF1_R02/seed_530104.parquet,fa97fec6cac2a94cd1bdc39cbb8c0001f411fa2c,Generated Parquet live log retained locally and recoverable from Git history.,git show fa97fec6cac2a94cd1bdc39cbb8c0001f411fa2c:paper_experiments/ablation/raw_results/random_full_bank_frozen_gate/live_logs/CB1_CORE_L_CF1_R02/seed_530104.parquet
paper_experiments/ablation/raw_results/random_full_bank_frozen_gate/live_logs/CB1_CORE_L_CF1_R02/seed_530105.parquet,2e8603553fe8118f0b76b3e436d680490c14eef6877a7473779c218a777db5f8,KEEP_LOCAL_IGNORED,untrack_preserve_local_path,paper_experiments/ablation/raw_results/random_full_bank_frozen_gate/live_logs/CB1_CORE_L_CF1_R02/seed_530105.parquet,fa97fec6cac2a94cd1bdc39cbb8c0001f411fa2c,Generated Parquet live log retained locally and recoverable from Git history.,git show fa97fec6cac2a94cd1bdc39cbb8c0001f411fa2c:paper_experiments/ablation/raw_results/random_full_bank_frozen_gate/live_logs/CB1_CORE_L_CF1_R02/seed_530105.parquet
paper_experiments/ablation/raw_results/random_full_bank_frozen_gate/live_logs/CB1_CORE_L_CF2_R01/seed_530101.parquet,ed9cebdcf8161558643ca10bc1e8556e8d85b96ed29c9b8c24e5b8e7b9ead588,KEEP_LOCAL_IGNORED,untrack_preserve_local_path,paper_experiments/ablation/raw_results/random_full_bank_frozen_gate/live_logs/CB1_CORE_L_CF2_R01/seed_530101.parquet,fa97fec6cac2a94cd1bdc39cbb8c0001f411fa2c,Generated Parquet live log retained locally and recoverable from Git history.,git show fa97fec6cac2a94cd1bdc39cbb8c0001f411fa2c:paper_experiments/ablation/raw_results/random_full_bank_frozen_gate/live_logs/CB1_CORE_L_CF2_R01/seed_530101.parquet
paper_experiments/ablation/raw_results/random_full_bank_frozen_gate/live_logs/CB1_CORE_L_CF2_R01/seed_530102.parquet,0ca1ed536da18e743f4f870482d4f0ad32ab000bb4f9a1c4199bdd1d9b34e795,KEEP_LOCAL_IGNORED,untrack_preserve_local_path,paper_experiments/ablation/raw_results/random_full_bank_frozen_gate/live_logs/CB1_CORE_L_CF2_R01/seed_530102.parquet,fa97fec6cac2a94cd1bdc39cbb8c0001f411fa2c,Generated Parquet live log retained locally and recoverable from Git history.,git show fa97fec6cac2a94cd1bdc39cbb8c0001f411fa2c:paper_experiments/ablation/raw_results/random_full_bank_frozen_gate/live_logs/CB1_CORE_L_CF2_R01/seed_530102.parquet
paper_experiments/ablation/raw_results/random_full_bank_frozen_gate/live_logs/CB1_CORE_L_CF2_R01/seed_530103.parquet,86034daf1f614ed381cb07d3ad083826087904b582a487ce970bd53430aa5fb2,KEEP_LOCAL_IGNORED,untrack_preserve_local_path,paper_experiments/ablation/raw_results/random_full_bank_frozen_gate/live_logs/CB1_CORE_L_CF2_R01/seed_530103.parquet,fa97fec6cac2a94cd1bdc39cbb8c0001f411fa2c,Generated Parquet live log retained locally and recoverable from Git history.,git show fa97fec6cac2a94cd1bdc39cbb8c0001f411fa2c:paper_experiments/ablation/raw_results/random_full_bank_frozen_gate/live_logs/CB1_CORE_L_CF2_R01/seed_530103.parquet
paper_experiments/ablation/raw_results/random_full_bank_frozen_gate/live_logs/CB1_CORE_L_CF2_R01/seed_530104.parquet,d8e86b486406f21c1f53656e404f80a269e61ccf9d474b6ae2e79b584f440262,KEEP_LOCAL_IGNORED,untrack_preserve_local_path,paper_experiments/ablation/raw_results/random_full_bank_frozen_gate/live_logs/CB1_CORE_L_CF2_R01/seed_530104.parquet,fa97fec6cac2a94cd1bdc39cbb8c0001f411fa2c,Generated Parquet live log retained locally and recoverable from Git history.,git show fa97fec6cac2a94cd1bdc39cbb8c0001f411fa2c:paper_experiments/ablation/raw_results/random_full_bank_frozen_gate/live_logs/CB1_CORE_L_CF2_R01/seed_530104.parquet
paper_experiments/ablation/raw_results/random_full_bank_frozen_gate/live_logs/CB1_CORE_L_CF2_R01/seed_530105.parquet,c4640db100d5c44ce4a09967e9f46dfaa267acd2dd76ae79ec737b9c4fdaf09f,KEEP_LOCAL_IGNORED,untrack_preserve_local_path,paper_experiments/ablation/raw_results/random_full_bank_frozen_gate/live_logs/CB1_CORE_L_CF2_R01/seed_530105.parquet,fa97fec6cac2a94cd1bdc39cbb8c0001f411fa2c,Generated Parquet live log retained locally and recoverable from Git history.,git show fa97fec6cac2a94cd1bdc39cbb8c0001f411fa2c:paper_experiments/ablation/raw_results/random_full_bank_frozen_gate/live_logs/CB1_CORE_L_CF2_R01/seed_530105.parquet
paper_experiments/ablation/raw_results/random_full_bank_frozen_gate/live_logs/CB1_CORE_L_CF2_R02/seed_530101.parquet,ca7533c7c0491be8b0e359d13fe92e10d49f2508d8d663ef284f08c01bd054f2,KEEP_LOCAL_IGNORED,untrack_preserve_local_path,paper_experiments/ablation/raw_results/random_full_bank_frozen_gate/live_logs/CB1_CORE_L_CF2_R02/seed_530101.parquet,fa97fec6cac2a94cd1bdc39cbb8c0001f411fa2c,Generated Parquet live log retained locally and recoverable from Git history.,git show fa97fec6cac2a94cd1bdc39cbb8c0001f411fa2c:paper_experiments/ablation/raw_results/random_full_bank_frozen_gate/live_logs/CB1_CORE_L_CF2_R02/seed_530101.parquet
paper_experiments/ablation/raw_results/random_full_bank_frozen_gate/live_logs/CB1_CORE_L_CF2_R02/seed_530102.parquet,23fd779973674ac23a17dbb33aef73fcde55c22619f455cec67911a55a5bc957,KEEP_LOCAL_IGNORED,untrack_preserve_local_path,paper_experiments/ablation/raw_results/random_full_bank_frozen_gate/live_logs/CB1_CORE_L_CF2_R02/seed_530102.parquet,fa97fec6cac2a94cd1bdc39cbb8c0001f411fa2c,Generated Parquet live log retained locally and recoverable from Git history.,git show fa97fec6cac2a94cd1bdc39cbb8c0001f411fa2c:paper_experiments/ablation/raw_results/random_full_bank_frozen_gate/live_logs/CB1_CORE_L_CF2_R02/seed_530102.parquet
paper_experiments/ablation/raw_results/random_full_bank_frozen_gate/live_logs/CB1_CORE_L_CF2_R02/seed_530103.parquet,efa2aa1e91eff58b9d85dc665c61ff5d3db0433e9ef70a6b0f7ee8df9335f262,KEEP_LOCAL_IGNORED,untrack_preserve_local_path,paper_experiments/ablation/raw_results/random_full_bank_frozen_gate/live_logs/CB1_CORE_L_CF2_R02/seed_530103.parquet,fa97fec6cac2a94cd1bdc39cbb8c0001f411fa2c,Generated Parquet live log retained locally and recoverable from Git history.,git show fa97fec6cac2a94cd1bdc39cbb8c0001f411fa2c:paper_experiments/ablation/raw_results/random_full_bank_frozen_gate/live_logs/CB1_CORE_L_CF2_R02/seed_530103.parquet
paper_experiments/ablation/raw_results/random_full_bank_frozen_gate/live_logs/CB1_CORE_L_CF2_R02/seed_530104.parquet,3b1d46b98199b32f641e5eda1956fdce1e88390d9ba53fe3a7e33e2fd16d0c27,KEEP_LOCAL_IGNORED,untrack_preserve_local_path,paper_experiments/ablation/raw_results/random_full_bank_frozen_gate/live_logs/CB1_CORE_L_CF2_R02/seed_530104.parquet,fa97fec6cac2a94cd1bdc39cbb8c0001f411fa2c,Generated Parquet live log retained locally and recoverable from Git history.,git show fa97fec6cac2a94cd1bdc39cbb8c0001f411fa2c:paper_experiments/ablation/raw_results/random_full_bank_frozen_gate/live_logs/CB1_CORE_L_CF2_R02/seed_530104.parquet
paper_experiments/ablation/raw_results/random_full_bank_frozen_gate/live_logs/CB1_CORE_L_CF2_R02/seed_530105.parquet,a790c8f3b80a8d5d68a25d92d876f01bcaccca6d09f86fa8efb075637d534376,KEEP_LOCAL_IGNORED,untrack_preserve_local_path,paper_experiments/ablation/raw_results/random_full_bank_frozen_gate/live_logs/CB1_CORE_L_CF2_R02/seed_530105.parquet,fa97fec6cac2a94cd1bdc39cbb8c0001f411fa2c,Generated Parquet live log retained locally and recoverable from Git history.,git show fa97fec6cac2a94cd1bdc39cbb8c0001f411fa2c:paper_experiments/ablation/raw_results/random_full_bank_frozen_gate/live_logs/CB1_CORE_L_CF2_R02/seed_530105.parquet
paper_experiments/ablation/raw_results/random_full_bank_frozen_gate/live_logs/CB1_CORE_L_CF3_R01/seed_530101.parquet,25fad6863a74f4e4cbf471975c09df3e9e916afade38b52b9d499aedcd7b3cb9,KEEP_LOCAL_IGNORED,untrack_preserve_local_path,paper_experiments/ablation/raw_results/random_full_bank_frozen_gate/live_logs/CB1_CORE_L_CF3_R01/seed_530101.parquet,fa97fec6cac2a94cd1bdc39cbb8c0001f411fa2c,Generated Parquet live log retained locally and recoverable from Git history.,git show fa97fec6cac2a94cd1bdc39cbb8c0001f411fa2c:paper_experiments/ablation/raw_results/random_full_bank_frozen_gate/live_logs/CB1_CORE_L_CF3_R01/seed_530101.parquet
paper_experiments/ablation/raw_results/random_full_bank_frozen_gate/live_logs/CB1_CORE_L_CF3_R01/seed_530102.parquet,a89a0ffa9cabe67e3f2f05e43d4b3924b11a9c835b6699b03a0fe47a79a1b9a0,KEEP_LOCAL_IGNORED,untrack_preserve_local_path,paper_experiments/ablation/raw_results/random_full_bank_frozen_gate/live_logs/CB1_CORE_L_CF3_R01/seed_530102.parquet,fa97fec6cac2a94cd1bdc39cbb8c0001f411fa2c,Generated Parquet live log retained locally and recoverable from Git history.,git show fa97fec6cac2a94cd1bdc39cbb8c0001f411fa2c:paper_experiments/ablation/raw_results/random_full_bank_frozen_gate/live_logs/CB1_CORE_L_CF3_R01/seed_530102.parquet
paper_experiments/ablation/raw_results/random_full_bank_frozen_gate/live_logs/CB1_CORE_L_CF3_R01/seed_530103.parquet,a381da37c28a86b30961284663035002dc55744093ba19d8461713a05e212948,KEEP_LOCAL_IGNORED,untrack_preserve_local_path,paper_experiments/ablation/raw_results/random_full_bank_frozen_gate/live_logs/CB1_CORE_L_CF3_R01/seed_530103.parquet,fa97fec6cac2a94cd1bdc39cbb8c0001f411fa2c,Generated Parquet live log retained locally and recoverable from Git history.,git show fa97fec6cac2a94cd1bdc39cbb8c0001f411fa2c:paper_experiments/ablation/raw_results/random_full_bank_frozen_gate/live_logs/CB1_CORE_L_CF3_R01/seed_530103.parquet
paper_experiments/ablation/raw_results/random_full_bank_frozen_gate/live_logs/CB1_CORE_L_CF3_R01/seed_530104.parquet,ccb47c38c01eed52aa9dfe5c05b0f34382edec3557f1534ec23eabcdf00610c2,KEEP_LOCAL_IGNORED,untrack_preserve_local_path,paper_experiments/ablation/raw_results/random_full_bank_frozen_gate/live_logs/CB1_CORE_L_CF3_R01/seed_530104.parquet,fa97fec6cac2a94cd1bdc39cbb8c0001f411fa2c,Generated Parquet live log retained locally and recoverable from Git history.,git show fa97fec6cac2a94cd1bdc39cbb8c0001f411fa2c:paper_experiments/ablation/raw_results/random_full_bank_frozen_gate/live_logs/CB1_CORE_L_CF3_R01/seed_530104.parquet
paper_experiments/ablation/raw_results/random_full_bank_frozen_gate/live_logs/CB1_CORE_L_CF3_R01/seed_530105.parquet,989230092c96b9dea41250429d45f593fbc73eb039b2b77d2b2a535f3f487b1c,KEEP_LOCAL_IGNORED,untrack_preserve_local_path,paper_experiments/ablation/raw_results/random_full_bank_frozen_gate/live_logs/CB1_CORE_L_CF3_R01/seed_530105.parquet,fa97fec6cac2a94cd1bdc39cbb8c0001f411fa2c,Generated Parquet live log retained locally and recoverable from Git history.,git show fa97fec6cac2a94cd1bdc39cbb8c0001f411fa2c:paper_experiments/ablation/raw_results/random_full_bank_frozen_gate/live_logs/CB1_CORE_L_CF3_R01/seed_530105.parquet
paper_experiments/ablation/raw_results/random_full_bank_frozen_gate/live_logs/CB1_CORE_L_CF3_R02/seed_530101.parquet,a9cc43c6088e1b5af72ce7a0c21829a5cc60472da197b9780b4e56719b40165a,KEEP_LOCAL_IGNORED,untrack_preserve_local_path,paper_experiments/ablation/raw_results/random_full_bank_frozen_gate/live_logs/CB1_CORE_L_CF3_R02/seed_530101.parquet,fa97fec6cac2a94cd1bdc39cbb8c0001f411fa2c,Generated Parquet live log retained locally and recoverable from Git history.,git show fa97fec6cac2a94cd1bdc39cbb8c0001f411fa2c:paper_experiments/ablation/raw_results/random_full_bank_frozen_gate/live_logs/CB1_CORE_L_CF3_R02/seed_530101.parquet
paper_experiments/ablation/raw_results/random_full_bank_frozen_gate/live_logs/CB1_CORE_L_CF3_R02/seed_530102.parquet,8a7f2c30fbc2418031cd82e8af7fa60ae387d8aea736926c41addccbe7b76325,KEEP_LOCAL_IGNORED,untrack_preserve_local_path,paper_experiments/ablation/raw_results/random_full_bank_frozen_gate/live_logs/CB1_CORE_L_CF3_R02/seed_530102.parquet,fa97fec6cac2a94cd1bdc39cbb8c0001f411fa2c,Generated Parquet live log retained locally and recoverable from Git history.,git show fa97fec6cac2a94cd1bdc39cbb8c0001f411fa2c:paper_experiments/ablation/raw_results/random_full_bank_frozen_gate/live_logs/CB1_CORE_L_CF3_R02/seed_530102.parquet
paper_experiments/ablation/raw_results/random_full_bank_frozen_gate/live_logs/CB1_CORE_L_CF3_R02/seed_530103.parquet,4661fc4ba10711b0cabcc75c0905a45f3d46198e3731c68b65f88ade125bae76,KEEP_LOCAL_IGNORED,untrack_preserve_local_path,paper_experiments/ablation/raw_results/random_full_bank_frozen_gate/live_logs/CB1_CORE_L_CF3_R02/seed_530103.parquet,fa97fec6cac2a94cd1bdc39cbb8c0001f411fa2c,Generated Parquet live log retained locally and recoverable from Git history.,git show fa97fec6cac2a94cd1bdc39cbb8c0001f411fa2c:paper_experiments/ablation/raw_results/random_full_bank_frozen_gate/live_logs/CB1_CORE_L_CF3_R02/seed_530103.parquet
paper_experiments/ablation/raw_results/random_full_bank_frozen_gate/live_logs/CB1_CORE_L_CF3_R02/seed_530104.parquet,27d237c7514397d5ec4d302f12224193dcd9724c3f030e421cf770d260ca2dd1,KEEP_LOCAL_IGNORED,untrack_preserve_local_path,paper_experiments/ablation/raw_results/random_full_bank_frozen_gate/live_logs/CB1_CORE_L_CF3_R02/seed_530104.parquet,fa97fec6cac2a94cd1bdc39cbb8c0001f411fa2c,Generated Parquet live log retained locally and recoverable from Git history.,git show fa97fec6cac2a94cd1bdc39cbb8c0001f411fa2c:paper_experiments/ablation/raw_results/random_full_bank_frozen_gate/live_logs/CB1_CORE_L_CF3_R02/seed_530104.parquet
paper_experiments/ablation/raw_results/random_full_bank_frozen_gate/live_logs/CB1_CORE_L_CF3_R02/seed_530105.parquet,84f543b75a3edadb5a23a544d8c95adbdb6e538059947872c2c226b0bc9cc579,KEEP_LOCAL_IGNORED,untrack_preserve_local_path,paper_experiments/ablation/raw_results/random_full_bank_frozen_gate/live_logs/CB1_CORE_L_CF3_R02/seed_530105.parquet,fa97fec6cac2a94cd1bdc39cbb8c0001f411fa2c,Generated Parquet live log retained locally and recoverable from Git history.,git show fa97fec6cac2a94cd1bdc39cbb8c0001f411fa2c:paper_experiments/ablation/raw_results/random_full_bank_frozen_gate/live_logs/CB1_CORE_L_CF3_R02/seed_530105.parquet
paper_experiments/ablation/raw_results/random_full_bank_frozen_gate/live_logs/CB1_CORE_M_CF1_R01/seed_530101.parquet,ff296c506f8915e6991b1284376b572f222e0504a37e2737720dfd4da83aa063,KEEP_LOCAL_IGNORED,untrack_preserve_local_path,paper_experiments/ablation/raw_results/random_full_bank_frozen_gate/live_logs/CB1_CORE_M_CF1_R01/seed_530101.parquet,fa97fec6cac2a94cd1bdc39cbb8c0001f411fa2c,Generated Parquet live log retained locally and recoverable from Git history.,git show fa97fec6cac2a94cd1bdc39cbb8c0001f411fa2c:paper_experiments/ablation/raw_results/random_full_bank_frozen_gate/live_logs/CB1_CORE_M_CF1_R01/seed_530101.parquet
paper_experiments/ablation/raw_results/random_full_bank_frozen_gate/live_logs/CB1_CORE_M_CF1_R01/seed_530102.parquet,dcaaff7df5815dd60144c586c224af3a1b47cd4f43bf8eec05a64f4a5271b850,KEEP_LOCAL_IGNORED,untrack_preserve_local_path,paper_experiments/ablation/raw_results/random_full_bank_frozen_gate/live_logs/CB1_CORE_M_CF1_R01/seed_530102.parquet,fa97fec6cac2a94cd1bdc39cbb8c0001f411fa2c,Generated Parquet live log retained locally and recoverable from Git history.,git show fa97fec6cac2a94cd1bdc39cbb8c0001f411fa2c:paper_experiments/ablation/raw_results/random_full_bank_frozen_gate/live_logs/CB1_CORE_M_CF1_R01/seed_530102.parquet
paper_experiments/ablation/raw_results/random_full_bank_frozen_gate/live_logs/CB1_CORE_M_CF1_R01/seed_530103.parquet,46276e68975c1ca49e3c0c9b5776eda5f28a6d4fde8313c12568504cb979d926,KEEP_LOCAL_IGNORED,untrack_preserve_local_path,paper_experiments/ablation/raw_results/random_full_bank_frozen_gate/live_logs/CB1_CORE_M_CF1_R01/seed_530103.parquet,fa97fec6cac2a94cd1bdc39cbb8c0001f411fa2c,Generated Parquet live log retained locally and recoverable from Git history.,git show fa97fec6cac2a94cd1bdc39cbb8c0001f411fa2c:paper_experiments/ablation/raw_results/random_full_bank_frozen_gate/live_logs/CB1_CORE_M_CF1_R01/seed_530103.parquet
paper_experiments/ablation/raw_results/random_full_bank_frozen_gate/live_logs/CB1_CORE_M_CF1_R01/seed_530104.parquet,ed71c5ed3c2332b57c02ecb959c32d58c99539eee26c32d9762794befc5e6155,KEEP_LOCAL_IGNORED,untrack_preserve_local_path,paper_experiments/ablation/raw_results/random_full_bank_frozen_gate/live_logs/CB1_CORE_M_CF1_R01/seed_530104.parquet,fa97fec6cac2a94cd1bdc39cbb8c0001f411fa2c,Generated Parquet live log retained locally and recoverable from Git history.,git show fa97fec6cac2a94cd1bdc39cbb8c0001f411fa2c:paper_experiments/ablation/raw_results/random_full_bank_frozen_gate/live_logs/CB1_CORE_M_CF1_R01/seed_530104.parquet
paper_experiments/ablation/raw_results/random_full_bank_frozen_gate/live_logs/CB1_CORE_M_CF1_R01/seed_530105.parquet,d0c6828904e4a41a086c34fc6fb87df5e2011f2901119953f6bac8b675a1dd9e,KEEP_LOCAL_IGNORED,untrack_preserve_local_path,paper_experiments/ablation/raw_results/random_full_bank_frozen_gate/live_logs/CB1_CORE_M_CF1_R01/seed_530105.parquet,fa97fec6cac2a94cd1bdc39cbb8c0001f411fa2c,Generated Parquet live log retained locally and recoverable from Git history.,git show fa97fec6cac2a94cd1bdc39cbb8c0001f411fa2c:paper_experiments/ablation/raw_results/random_full_bank_frozen_gate/live_logs/CB1_CORE_M_CF1_R01/seed_530105.parquet
paper_experiments/ablation/raw_results/random_full_bank_frozen_gate/live_logs/CB1_CORE_M_CF1_R02/seed_530101.parquet,351ce055f0c45d6ec552ae888555e4def447079884a929a06b37349c212d1a4c,KEEP_LOCAL_IGNORED,untrack_preserve_local_path,paper_experiments/ablation/raw_results/random_full_bank_frozen_gate/live_logs/CB1_CORE_M_CF1_R02/seed_530101.parquet,fa97fec6cac2a94cd1bdc39cbb8c0001f411fa2c,Generated Parquet live log retained locally and recoverable from Git history.,git show fa97fec6cac2a94cd1bdc39cbb8c0001f411fa2c:paper_experiments/ablation/raw_results/random_full_bank_frozen_gate/live_logs/CB1_CORE_M_CF1_R02/seed_530101.parquet
paper_experiments/ablation/raw_results/random_full_bank_frozen_gate/live_logs/CB1_CORE_M_CF1_R02/seed_530102.parquet,fe02589838f0919b43d996c7282c287edfa8c210ca5500f1304dffb624a4eb0c,KEEP_LOCAL_IGNORED,untrack_preserve_local_path,paper_experiments/ablation/raw_results/random_full_bank_frozen_gate/live_logs/CB1_CORE_M_CF1_R02/seed_530102.parquet,fa97fec6cac2a94cd1bdc39cbb8c0001f411fa2c,Generated Parquet live log retained locally and recoverable from Git history.,git show fa97fec6cac2a94cd1bdc39cbb8c0001f411fa2c:paper_experiments/ablation/raw_results/random_full_bank_frozen_gate/live_logs/CB1_CORE_M_CF1_R02/seed_530102.parquet
paper_experiments/ablation/raw_results/random_full_bank_frozen_gate/live_logs/CB1_CORE_M_CF1_R02/seed_530103.parquet,a33e153a60bdf8e518d2d1a64c5719247f5d4af26d137ca3e8583fcfa285da44,KEEP_LOCAL_IGNORED,untrack_preserve_local_path,paper_experiments/ablation/raw_results/random_full_bank_frozen_gate/live_logs/CB1_CORE_M_CF1_R02/seed_530103.parquet,fa97fec6cac2a94cd1bdc39cbb8c0001f411fa2c,Generated Parquet live log retained locally and recoverable from Git history.,git show fa97fec6cac2a94cd1bdc39cbb8c0001f411fa2c:paper_experiments/ablation/raw_results/random_full_bank_frozen_gate/live_logs/CB1_CORE_M_CF1_R02/seed_530103.parquet
paper_experiments/ablation/raw_results/random_full_bank_frozen_gate/live_logs/CB1_CORE_M_CF1_R02/seed_530104.parquet,fbe3823144d79eada3cfbb705e633a30bc75d070f1c2a9ab25b4d89c650c2bc1,KEEP_LOCAL_IGNORED,untrack_preserve_local_path,paper_experiments/ablation/raw_results/random_full_bank_frozen_gate/live_logs/CB1_CORE_M_CF1_R02/seed_530104.parquet,fa97fec6cac2a94cd1bdc39cbb8c0001f411fa2c,Generated Parquet live log retained locally and recoverable from Git history.,git show fa97fec6cac2a94cd1bdc39cbb8c0001f411fa2c:paper_experiments/ablation/raw_results/random_full_bank_frozen_gate/live_logs/CB1_CORE_M_CF1_R02/seed_530104.parquet
paper_experiments/ablation/raw_results/random_full_bank_frozen_gate/live_logs/CB1_CORE_M_CF1_R02/seed_530105.parquet,0a7820de64b6cdd86e3b70fe9d785ebb23485d8296a8138c75d1e7cbe4a48075,KEEP_LOCAL_IGNORED,untrack_preserve_local_path,paper_experiments/ablation/raw_results/random_full_bank_frozen_gate/live_logs/CB1_CORE_M_CF1_R02/seed_530105.parquet,fa97fec6cac2a94cd1bdc39cbb8c0001f411fa2c,Generated Parquet live log retained locally and recoverable from Git history.,git show fa97fec6cac2a94cd1bdc39cbb8c0001f411fa2c:paper_experiments/ablation/raw_results/random_full_bank_frozen_gate/live_logs/CB1_CORE_M_CF1_R02/seed_530105.parquet
paper_experiments/ablation/raw_results/random_full_bank_frozen_gate/live_logs/CB1_CORE_M_CF2_R01/seed_530101.parquet,e604181ebb36b0014310689a3b0a56d561946a67ab33c8899f905d67b5e63e6a,KEEP_LOCAL_IGNORED,untrack_preserve_local_path,paper_experiments/ablation/raw_results/random_full_bank_frozen_gate/live_logs/CB1_CORE_M_CF2_R01/seed_530101.parquet,fa97fec6cac2a94cd1bdc39cbb8c0001f411fa2c,Generated Parquet live log retained locally and recoverable from Git history.,git show fa97fec6cac2a94cd1bdc39cbb8c0001f411fa2c:paper_experiments/ablation/raw_results/random_full_bank_frozen_gate/live_logs/CB1_CORE_M_CF2_R01/seed_530101.parquet
paper_experiments/ablation/raw_results/random_full_bank_frozen_gate/live_logs/CB1_CORE_M_CF2_R01/seed_530102.parquet,f15baf24845f88a29d3fe7115b9c32c1ea1d94ea264510254d919109e511c797,KEEP_LOCAL_IGNORED,untrack_preserve_local_path,paper_experiments/ablation/raw_results/random_full_bank_frozen_gate/live_logs/CB1_CORE_M_CF2_R01/seed_530102.parquet,fa97fec6cac2a94cd1bdc39cbb8c0001f411fa2c,Generated Parquet live log retained locally and recoverable from Git history.,git show fa97fec6cac2a94cd1bdc39cbb8c0001f411fa2c:paper_experiments/ablation/raw_results/random_full_bank_frozen_gate/live_logs/CB1_CORE_M_CF2_R01/seed_530102.parquet
paper_experiments/ablation/raw_results/random_full_bank_frozen_gate/live_logs/CB1_CORE_M_CF2_R01/seed_530103.parquet,793ac472a8171a31e2691941bcfa3d80a62fb3cb3e0f175ab3dc8a0ac43d720d,KEEP_LOCAL_IGNORED,untrack_preserve_local_path,paper_experiments/ablation/raw_results/random_full_bank_frozen_gate/live_logs/CB1_CORE_M_CF2_R01/seed_530103.parquet,fa97fec6cac2a94cd1bdc39cbb8c0001f411fa2c,Generated Parquet live log retained locally and recoverable from Git history.,git show fa97fec6cac2a94cd1bdc39cbb8c0001f411fa2c:paper_experiments/ablation/raw_results/random_full_bank_frozen_gate/live_logs/CB1_CORE_M_CF2_R01/seed_530103.parquet
paper_experiments/ablation/raw_results/random_full_bank_frozen_gate/live_logs/CB1_CORE_M_CF2_R01/seed_530104.parquet,4c52ac4cf02718c2a3607462f93fe2671f3117e3fe75021d88639f141a929a4d,KEEP_LOCAL_IGNORED,untrack_preserve_local_path,paper_experiments/ablation/raw_results/random_full_bank_frozen_gate/live_logs/CB1_CORE_M_CF2_R01/seed_530104.parquet,fa97fec6cac2a94cd1bdc39cbb8c0001f411fa2c,Generated Parquet live log retained locally and recoverable from Git history.,git show fa97fec6cac2a94cd1bdc39cbb8c0001f411fa2c:paper_experiments/ablation/raw_results/random_full_bank_frozen_gate/live_logs/CB1_CORE_M_CF2_R01/seed_530104.parquet
paper_experiments/ablation/raw_results/random_full_bank_frozen_gate/live_logs/CB1_CORE_M_CF2_R01/seed_530105.parquet,93fe99b5833e6b8afb864a40147097c7048561ec2f93834b79dbed3f8f522a52,KEEP_LOCAL_IGNORED,untrack_preserve_local_path,paper_experiments/ablation/raw_results/random_full_bank_frozen_gate/live_logs/CB1_CORE_M_CF2_R01/seed_530105.parquet,fa97fec6cac2a94cd1bdc39cbb8c0001f411fa2c,Generated Parquet live log retained locally and recoverable from Git history.,git show fa97fec6cac2a94cd1bdc39cbb8c0001f411fa2c:paper_experiments/ablation/raw_results/random_full_bank_frozen_gate/live_logs/CB1_CORE_M_CF2_R01/seed_530105.parquet
paper_experiments/ablation/raw_results/random_full_bank_frozen_gate/live_logs/CB1_CORE_M_CF2_R02/seed_530101.parquet,415330f5897681a9086b39ed52d89b1b06f00e5983c6f2a07cb24d93c43d6c65,KEEP_LOCAL_IGNORED,untrack_preserve_local_path,paper_experiments/ablation/raw_results/random_full_bank_frozen_gate/live_logs/CB1_CORE_M_CF2_R02/seed_530101.parquet,fa97fec6cac2a94cd1bdc39cbb8c0001f411fa2c,Generated Parquet live log retained locally and recoverable from Git history.,git show fa97fec6cac2a94cd1bdc39cbb8c0001f411fa2c:paper_experiments/ablation/raw_results/random_full_bank_frozen_gate/live_logs/CB1_CORE_M_CF2_R02/seed_530101.parquet
paper_experiments/ablation/raw_results/random_full_bank_frozen_gate/live_logs/CB1_CORE_M_CF2_R02/seed_530102.parquet,d4982d824d8eda8274b1b550c621b24e05da964cd031b6ffaf33544b9a4cfdcc,KEEP_LOCAL_IGNORED,untrack_preserve_local_path,paper_experiments/ablation/raw_results/random_full_bank_frozen_gate/live_logs/CB1_CORE_M_CF2_R02/seed_530102.parquet,fa97fec6cac2a94cd1bdc39cbb8c0001f411fa2c,Generated Parquet live log retained locally and recoverable from Git history.,git show fa97fec6cac2a94cd1bdc39cbb8c0001f411fa2c:paper_experiments/ablation/raw_results/random_full_bank_frozen_gate/live_logs/CB1_CORE_M_CF2_R02/seed_530102.parquet
paper_experiments/ablation/raw_results/random_full_bank_frozen_gate/live_logs/CB1_CORE_M_CF2_R02/seed_530103.parquet,bde4d32e1457eaf911aa572fc085eecca22b92d6ec2f31ab3e8db6126d36b0eb,KEEP_LOCAL_IGNORED,untrack_preserve_local_path,paper_experiments/ablation/raw_results/random_full_bank_frozen_gate/live_logs/CB1_CORE_M_CF2_R02/seed_530103.parquet,fa97fec6cac2a94cd1bdc39cbb8c0001f411fa2c,Generated Parquet live log retained locally and recoverable from Git history.,git show fa97fec6cac2a94cd1bdc39cbb8c0001f411fa2c:paper_experiments/ablation/raw_results/random_full_bank_frozen_gate/live_logs/CB1_CORE_M_CF2_R02/seed_530103.parquet
paper_experiments/ablation/raw_results/random_full_bank_frozen_gate/live_logs/CB1_CORE_M_CF2_R02/seed_530104.parquet,dfae2ac945d466b4deedafe1699b259036576136e13751cf7d86b2309958e56f,KEEP_LOCAL_IGNORED,untrack_preserve_local_path,paper_experiments/ablation/raw_results/random_full_bank_frozen_gate/live_logs/CB1_CORE_M_CF2_R02/seed_530104.parquet,fa97fec6cac2a94cd1bdc39cbb8c0001f411fa2c,Generated Parquet live log retained locally and recoverable from Git history.,git show fa97fec6cac2a94cd1bdc39cbb8c0001f411fa2c:paper_experiments/ablation/raw_results/random_full_bank_frozen_gate/live_logs/CB1_CORE_M_CF2_R02/seed_530104.parquet
paper_experiments/ablation/raw_results/random_full_bank_frozen_gate/live_logs/CB1_CORE_M_CF2_R02/seed_530105.parquet,06e6c41a4865507005174503e0c1a35f09a21b7239e417e7a9910e37ed5320a5,KEEP_LOCAL_IGNORED,untrack_preserve_local_path,paper_experiments/ablation/raw_results/random_full_bank_frozen_gate/live_logs/CB1_CORE_M_CF2_R02/seed_530105.parquet,fa97fec6cac2a94cd1bdc39cbb8c0001f411fa2c,Generated Parquet live log retained locally and recoverable from Git history.,git show fa97fec6cac2a94cd1bdc39cbb8c0001f411fa2c:paper_experiments/ablation/raw_results/random_full_bank_frozen_gate/live_logs/CB1_CORE_M_CF2_R02/seed_530105.parquet
paper_experiments/ablation/raw_results/random_full_bank_frozen_gate/live_logs/CB1_CORE_M_CF3_R01/seed_530101.parquet,71a1c57c32142e67e1bd3becd6ca0b6588281221ebf3427be0e880b3e4f1cb47,KEEP_LOCAL_IGNORED,untrack_preserve_local_path,paper_experiments/ablation/raw_results/random_full_bank_frozen_gate/live_logs/CB1_CORE_M_CF3_R01/seed_530101.parquet,fa97fec6cac2a94cd1bdc39cbb8c0001f411fa2c,Generated Parquet live log retained locally and recoverable from Git history.,git show fa97fec6cac2a94cd1bdc39cbb8c0001f411fa2c:paper_experiments/ablation/raw_results/random_full_bank_frozen_gate/live_logs/CB1_CORE_M_CF3_R01/seed_530101.parquet
paper_experiments/ablation/raw_results/random_full_bank_frozen_gate/live_logs/CB1_CORE_M_CF3_R01/seed_530102.parquet,450fd2855e34a4a531950a77529c44292608c76224237a9f859f3857006e421e,KEEP_LOCAL_IGNORED,untrack_preserve_local_path,paper_experiments/ablation/raw_results/random_full_bank_frozen_gate/live_logs/CB1_CORE_M_CF3_R01/seed_530102.parquet,fa97fec6cac2a94cd1bdc39cbb8c0001f411fa2c,Generated Parquet live log retained locally and recoverable from Git history.,git show fa97fec6cac2a94cd1bdc39cbb8c0001f411fa2c:paper_experiments/ablation/raw_results/random_full_bank_frozen_gate/live_logs/CB1_CORE_M_CF3_R01/seed_530102.parquet
paper_experiments/ablation/raw_results/random_full_bank_frozen_gate/live_logs/CB1_CORE_M_CF3_R01/seed_530103.parquet,d724144d4cec6fb5ae7150f6a15ecbf92efc31dbc07e821e02720bdc103878f5,KEEP_LOCAL_IGNORED,untrack_preserve_local_path,paper_experiments/ablation/raw_results/random_full_bank_frozen_gate/live_logs/CB1_CORE_M_CF3_R01/seed_530103.parquet,fa97fec6cac2a94cd1bdc39cbb8c0001f411fa2c,Generated Parquet live log retained locally and recoverable from Git history.,git show fa97fec6cac2a94cd1bdc39cbb8c0001f411fa2c:paper_experiments/ablation/raw_results/random_full_bank_frozen_gate/live_logs/CB1_CORE_M_CF3_R01/seed_530103.parquet
paper_experiments/ablation/raw_results/random_full_bank_frozen_gate/live_logs/CB1_CORE_M_CF3_R01/seed_530104.parquet,a244ccf42fbac53f6440ba05f31312fdd48bbd4ad626ccfc58b25e278381e4c9,KEEP_LOCAL_IGNORED,untrack_preserve_local_path,paper_experiments/ablation/raw_results/random_full_bank_frozen_gate/live_logs/CB1_CORE_M_CF3_R01/seed_530104.parquet,fa97fec6cac2a94cd1bdc39cbb8c0001f411fa2c,Generated Parquet live log retained locally and recoverable from Git history.,git show fa97fec6cac2a94cd1bdc39cbb8c0001f411fa2c:paper_experiments/ablation/raw_results/random_full_bank_frozen_gate/live_logs/CB1_CORE_M_CF3_R01/seed_530104.parquet
paper_experiments/ablation/raw_results/random_full_bank_frozen_gate/live_logs/CB1_CORE_M_CF3_R01/seed_530105.parquet,254bf7c818782242fc17c24ff10705b41fe3ec860f184eec828a01193a6ad33a,KEEP_LOCAL_IGNORED,untrack_preserve_local_path,paper_experiments/ablation/raw_results/random_full_bank_frozen_gate/live_logs/CB1_CORE_M_CF3_R01/seed_530105.parquet,fa97fec6cac2a94cd1bdc39cbb8c0001f411fa2c,Generated Parquet live log retained locally and recoverable from Git history.,git show fa97fec6cac2a94cd1bdc39cbb8c0001f411fa2c:paper_experiments/ablation/raw_results/random_full_bank_frozen_gate/live_logs/CB1_CORE_M_CF3_R01/seed_530105.parquet
paper_experiments/ablation/raw_results/random_full_bank_frozen_gate/live_logs/CB1_CORE_M_CF3_R02/seed_530101.parquet,ea848fd34f234b4fbfaae7b9c1820e8d7e6fa8ff62db57fd23e7db98a45922b4,KEEP_LOCAL_IGNORED,untrack_preserve_local_path,paper_experiments/ablation/raw_results/random_full_bank_frozen_gate/live_logs/CB1_CORE_M_CF3_R02/seed_530101.parquet,fa97fec6cac2a94cd1bdc39cbb8c0001f411fa2c,Generated Parquet live log retained locally and recoverable from Git history.,git show fa97fec6cac2a94cd1bdc39cbb8c0001f411fa2c:paper_experiments/ablation/raw_results/random_full_bank_frozen_gate/live_logs/CB1_CORE_M_CF3_R02/seed_530101.parquet
paper_experiments/ablation/raw_results/random_full_bank_frozen_gate/live_logs/CB1_CORE_M_CF3_R02/seed_530102.parquet,463530f017c0c658848de96ed01ebedeff059201e8424a6c5019ab64f65309e8,KEEP_LOCAL_IGNORED,untrack_preserve_local_path,paper_experiments/ablation/raw_results/random_full_bank_frozen_gate/live_logs/CB1_CORE_M_CF3_R02/seed_530102.parquet,fa97fec6cac2a94cd1bdc39cbb8c0001f411fa2c,Generated Parquet live log retained locally and recoverable from Git history.,git show fa97fec6cac2a94cd1bdc39cbb8c0001f411fa2c:paper_experiments/ablation/raw_results/random_full_bank_frozen_gate/live_logs/CB1_CORE_M_CF3_R02/seed_530102.parquet
paper_experiments/ablation/raw_results/random_full_bank_frozen_gate/live_logs/CB1_CORE_M_CF3_R02/seed_530103.parquet,ecb1b65db45e60ed042ed104caa6ea550c72621f256f3161567acb957aea1f53,KEEP_LOCAL_IGNORED,untrack_preserve_local_path,paper_experiments/ablation/raw_results/random_full_bank_frozen_gate/live_logs/CB1_CORE_M_CF3_R02/seed_530103.parquet,fa97fec6cac2a94cd1bdc39cbb8c0001f411fa2c,Generated Parquet live log retained locally and recoverable from Git history.,git show fa97fec6cac2a94cd1bdc39cbb8c0001f411fa2c:paper_experiments/ablation/raw_results/random_full_bank_frozen_gate/live_logs/CB1_CORE_M_CF3_R02/seed_530103.parquet
paper_experiments/ablation/raw_results/random_full_bank_frozen_gate/live_logs/CB1_CORE_M_CF3_R02/seed_530104.parquet,02c4befd7bd06de01b105d571498227345a92132e94e1542add5381cc8d9ddf0,KEEP_LOCAL_IGNORED,untrack_preserve_local_path,paper_experiments/ablation/raw_results/random_full_bank_frozen_gate/live_logs/CB1_CORE_M_CF3_R02/seed_530104.parquet,fa97fec6cac2a94cd1bdc39cbb8c0001f411fa2c,Generated Parquet live log retained locally and recoverable from Git history.,git show fa97fec6cac2a94cd1bdc39cbb8c0001f411fa2c:paper_experiments/ablation/raw_results/random_full_bank_frozen_gate/live_logs/CB1_CORE_M_CF3_R02/seed_530104.parquet
paper_experiments/ablation/raw_results/random_full_bank_frozen_gate/live_logs/CB1_CORE_M_CF3_R02/seed_530105.parquet,0678bdfc646010e5df738ce53488f402989fd78c651e63f049d23c3f15d31db3,KEEP_LOCAL_IGNORED,untrack_preserve_local_path,paper_experiments/ablation/raw_results/random_full_bank_frozen_gate/live_logs/CB1_CORE_M_CF3_R02/seed_530105.parquet,fa97fec6cac2a94cd1bdc39cbb8c0001f411fa2c,Generated Parquet live log retained locally and recoverable from Git history.,git show fa97fec6cac2a94cd1bdc39cbb8c0001f411fa2c:paper_experiments/ablation/raw_results/random_full_bank_frozen_gate/live_logs/CB1_CORE_M_CF3_R02/seed_530105.parquet
paper_experiments/ablation/raw_results/random_full_bank_frozen_gate/live_logs/CB1_CORE_S_CF1_R01/seed_530101.parquet,71fa5782ea81269166b0bc1f9304c069df015264f578d979be13ec59d3c3ccd1,KEEP_LOCAL_IGNORED,untrack_preserve_local_path,paper_experiments/ablation/raw_results/random_full_bank_frozen_gate/live_logs/CB1_CORE_S_CF1_R01/seed_530101.parquet,fa97fec6cac2a94cd1bdc39cbb8c0001f411fa2c,Generated Parquet live log retained locally and recoverable from Git history.,git show fa97fec6cac2a94cd1bdc39cbb8c0001f411fa2c:paper_experiments/ablation/raw_results/random_full_bank_frozen_gate/live_logs/CB1_CORE_S_CF1_R01/seed_530101.parquet
paper_experiments/ablation/raw_results/random_full_bank_frozen_gate/live_logs/CB1_CORE_S_CF1_R01/seed_530102.parquet,6da38985435639854ee7749ceca4992fbe2d5bd2609956f46365e6306c1eb465,KEEP_LOCAL_IGNORED,untrack_preserve_local_path,paper_experiments/ablation/raw_results/random_full_bank_frozen_gate/live_logs/CB1_CORE_S_CF1_R01/seed_530102.parquet,fa97fec6cac2a94cd1bdc39cbb8c0001f411fa2c,Generated Parquet live log retained locally and recoverable from Git history.,git show fa97fec6cac2a94cd1bdc39cbb8c0001f411fa2c:paper_experiments/ablation/raw_results/random_full_bank_frozen_gate/live_logs/CB1_CORE_S_CF1_R01/seed_530102.parquet
paper_experiments/ablation/raw_results/random_full_bank_frozen_gate/live_logs/CB1_CORE_S_CF1_R01/seed_530103.parquet,9ce2e4747f810e3342308c12cd00a9d72566f434e55d494a86d159711a5fd6cf,KEEP_LOCAL_IGNORED,untrack_preserve_local_path,paper_experiments/ablation/raw_results/random_full_bank_frozen_gate/live_logs/CB1_CORE_S_CF1_R01/seed_530103.parquet,fa97fec6cac2a94cd1bdc39cbb8c0001f411fa2c,Generated Parquet live log retained locally and recoverable from Git history.,git show fa97fec6cac2a94cd1bdc39cbb8c0001f411fa2c:paper_experiments/ablation/raw_results/random_full_bank_frozen_gate/live_logs/CB1_CORE_S_CF1_R01/seed_530103.parquet
paper_experiments/ablation/raw_results/random_full_bank_frozen_gate/live_logs/CB1_CORE_S_CF1_R01/seed_530104.parquet,2154eef6fa9a6e78454fe521bda6b4bcb54ee6e4c45d18cdf5cb26c112708163,KEEP_LOCAL_IGNORED,untrack_preserve_local_path,paper_experiments/ablation/raw_results/random_full_bank_frozen_gate/live_logs/CB1_CORE_S_CF1_R01/seed_530104.parquet,fa97fec6cac2a94cd1bdc39cbb8c0001f411fa2c,Generated Parquet live log retained locally and recoverable from Git history.,git show fa97fec6cac2a94cd1bdc39cbb8c0001f411fa2c:paper_experiments/ablation/raw_results/random_full_bank_frozen_gate/live_logs/CB1_CORE_S_CF1_R01/seed_530104.parquet
paper_experiments/ablation/raw_results/random_full_bank_frozen_gate/live_logs/CB1_CORE_S_CF1_R01/seed_530105.parquet,e6fa815aea5ee33ba2bcadae01749155afa85b9166a0ca2acda3b0628afae60d,KEEP_LOCAL_IGNORED,untrack_preserve_local_path,paper_experiments/ablation/raw_results/random_full_bank_frozen_gate/live_logs/CB1_CORE_S_CF1_R01/seed_530105.parquet,fa97fec6cac2a94cd1bdc39cbb8c0001f411fa2c,Generated Parquet live log retained locally and recoverable from Git history.,git show fa97fec6cac2a94cd1bdc39cbb8c0001f411fa2c:paper_experiments/ablation/raw_results/random_full_bank_frozen_gate/live_logs/CB1_CORE_S_CF1_R01/seed_530105.parquet
paper_experiments/ablation/raw_results/random_full_bank_frozen_gate/live_logs/CB1_CORE_S_CF1_R02/seed_530101.parquet,746bad0e03f9c5acfcc6c8d66f34cf09c7299be132a75d7391d07150d8b5a402,KEEP_LOCAL_IGNORED,untrack_preserve_local_path,paper_experiments/ablation/raw_results/random_full_bank_frozen_gate/live_logs/CB1_CORE_S_CF1_R02/seed_530101.parquet,fa97fec6cac2a94cd1bdc39cbb8c0001f411fa2c,Generated Parquet live log retained locally and recoverable from Git history.,git show fa97fec6cac2a94cd1bdc39cbb8c0001f411fa2c:paper_experiments/ablation/raw_results/random_full_bank_frozen_gate/live_logs/CB1_CORE_S_CF1_R02/seed_530101.parquet
paper_experiments/ablation/raw_results/random_full_bank_frozen_gate/live_logs/CB1_CORE_S_CF1_R02/seed_530102.parquet,df7f666802b1cbfdbf23facaef1042e6b940080bc0a0070d0a6350f68479f3fc,KEEP_LOCAL_IGNORED,untrack_preserve_local_path,paper_experiments/ablation/raw_results/random_full_bank_frozen_gate/live_logs/CB1_CORE_S_CF1_R02/seed_530102.parquet,fa97fec6cac2a94cd1bdc39cbb8c0001f411fa2c,Generated Parquet live log retained locally and recoverable from Git history.,git show fa97fec6cac2a94cd1bdc39cbb8c0001f411fa2c:paper_experiments/ablation/raw_results/random_full_bank_frozen_gate/live_logs/CB1_CORE_S_CF1_R02/seed_530102.parquet
paper_experiments/ablation/raw_results/random_full_bank_frozen_gate/live_logs/CB1_CORE_S_CF1_R02/seed_530103.parquet,aa330c4c92c03cd6096dfecb23110ea6c6f65818650aa579b777e1285d4347ac,KEEP_LOCAL_IGNORED,untrack_preserve_local_path,paper_experiments/ablation/raw_results/random_full_bank_frozen_gate/live_logs/CB1_CORE_S_CF1_R02/seed_530103.parquet,fa97fec6cac2a94cd1bdc39cbb8c0001f411fa2c,Generated Parquet live log retained locally and recoverable from Git history.,git show fa97fec6cac2a94cd1bdc39cbb8c0001f411fa2c:paper_experiments/ablation/raw_results/random_full_bank_frozen_gate/live_logs/CB1_CORE_S_CF1_R02/seed_530103.parquet
paper_experiments/ablation/raw_results/random_full_bank_frozen_gate/live_logs/CB1_CORE_S_CF1_R02/seed_530104.parquet,1acc447dd8bcf33b393fa99005f8b3935d66b72ca6644a9d379ca0c02c4493af,KEEP_LOCAL_IGNORED,untrack_preserve_local_path,paper_experiments/ablation/raw_results/random_full_bank_frozen_gate/live_logs/CB1_CORE_S_CF1_R02/seed_530104.parquet,fa97fec6cac2a94cd1bdc39cbb8c0001f411fa2c,Generated Parquet live log retained locally and recoverable from Git history.,git show fa97fec6cac2a94cd1bdc39cbb8c0001f411fa2c:paper_experiments/ablation/raw_results/random_full_bank_frozen_gate/live_logs/CB1_CORE_S_CF1_R02/seed_530104.parquet
paper_experiments/ablation/raw_results/random_full_bank_frozen_gate/live_logs/CB1_CORE_S_CF1_R02/seed_530105.parquet,4503a87a2cb8fc4b1a718df859dc9ca1171f651db378a4d874951345c7ae0850,KEEP_LOCAL_IGNORED,untrack_preserve_local_path,paper_experiments/ablation/raw_results/random_full_bank_frozen_gate/live_logs/CB1_CORE_S_CF1_R02/seed_530105.parquet,fa97fec6cac2a94cd1bdc39cbb8c0001f411fa2c,Generated Parquet live log retained locally and recoverable from Git history.,git show fa97fec6cac2a94cd1bdc39cbb8c0001f411fa2c:paper_experiments/ablation/raw_results/random_full_bank_frozen_gate/live_logs/CB1_CORE_S_CF1_R02/seed_530105.parquet
paper_experiments/ablation/raw_results/random_full_bank_frozen_gate/live_logs/CB1_CORE_S_CF2_R01/seed_530101.parquet,bfcb1324b45b21433099dbbf4ed0cd7e8543e71376f13d7089626672fd646f7c,KEEP_LOCAL_IGNORED,untrack_preserve_local_path,paper_experiments/ablation/raw_results/random_full_bank_frozen_gate/live_logs/CB1_CORE_S_CF2_R01/seed_530101.parquet,fa97fec6cac2a94cd1bdc39cbb8c0001f411fa2c,Generated Parquet live log retained locally and recoverable from Git history.,git show fa97fec6cac2a94cd1bdc39cbb8c0001f411fa2c:paper_experiments/ablation/raw_results/random_full_bank_frozen_gate/live_logs/CB1_CORE_S_CF2_R01/seed_530101.parquet
paper_experiments/ablation/raw_results/random_full_bank_frozen_gate/live_logs/CB1_CORE_S_CF2_R01/seed_530102.parquet,44683dff0f1c7f3bba5c63ee048d60d254ccacec1db96a107d2d6dd357b81f7c,KEEP_LOCAL_IGNORED,untrack_preserve_local_path,paper_experiments/ablation/raw_results/random_full_bank_frozen_gate/live_logs/CB1_CORE_S_CF2_R01/seed_530102.parquet,fa97fec6cac2a94cd1bdc39cbb8c0001f411fa2c,Generated Parquet live log retained locally and recoverable from Git history.,git show fa97fec6cac2a94cd1bdc39cbb8c0001f411fa2c:paper_experiments/ablation/raw_results/random_full_bank_frozen_gate/live_logs/CB1_CORE_S_CF2_R01/seed_530102.parquet
paper_experiments/ablation/raw_results/random_full_bank_frozen_gate/live_logs/CB1_CORE_S_CF2_R01/seed_530103.parquet,2521fc0008174da55c679ad82dbf55e6455e214fbce57674603a7aaa301db5ea,KEEP_LOCAL_IGNORED,untrack_preserve_local_path,paper_experiments/ablation/raw_results/random_full_bank_frozen_gate/live_logs/CB1_CORE_S_CF2_R01/seed_530103.parquet,fa97fec6cac2a94cd1bdc39cbb8c0001f411fa2c,Generated Parquet live log retained locally and recoverable from Git history.,git show fa97fec6cac2a94cd1bdc39cbb8c0001f411fa2c:paper_experiments/ablation/raw_results/random_full_bank_frozen_gate/live_logs/CB1_CORE_S_CF2_R01/seed_530103.parquet
paper_experiments/ablation/raw_results/random_full_bank_frozen_gate/live_logs/CB1_CORE_S_CF2_R01/seed_530104.parquet,a669ea1166aa7a52e8c86270c80a0f0801b4c3e4dd31175b596da2eda1ddc1d7,KEEP_LOCAL_IGNORED,untrack_preserve_local_path,paper_experiments/ablation/raw_results/random_full_bank_frozen_gate/live_logs/CB1_CORE_S_CF2_R01/seed_530104.parquet,fa97fec6cac2a94cd1bdc39cbb8c0001f411fa2c,Generated Parquet live log retained locally and recoverable from Git history.,git show fa97fec6cac2a94cd1bdc39cbb8c0001f411fa2c:paper_experiments/ablation/raw_results/random_full_bank_frozen_gate/live_logs/CB1_CORE_S_CF2_R01/seed_530104.parquet
paper_experiments/ablation/raw_results/random_full_bank_frozen_gate/live_logs/CB1_CORE_S_CF2_R01/seed_530105.parquet,bb5bbbd6e6d14fcd227a4809239a7bc7a76adfae090894728e494ae3b7196323,KEEP_LOCAL_IGNORED,untrack_preserve_local_path,paper_experiments/ablation/raw_results/random_full_bank_frozen_gate/live_logs/CB1_CORE_S_CF2_R01/seed_530105.parquet,fa97fec6cac2a94cd1bdc39cbb8c0001f411fa2c,Generated Parquet live log retained locally and recoverable from Git history.,git show fa97fec6cac2a94cd1bdc39cbb8c0001f411fa2c:paper_experiments/ablation/raw_results/random_full_bank_frozen_gate/live_logs/CB1_CORE_S_CF2_R01/seed_530105.parquet
paper_experiments/ablation/raw_results/random_full_bank_frozen_gate/live_logs/CB1_CORE_S_CF2_R02/seed_530101.parquet,22ad60b9d145193cb012dc7865db2997dadc73bf90749fffbd0ed3aa3bd0b0a0,KEEP_LOCAL_IGNORED,untrack_preserve_local_path,paper_experiments/ablation/raw_results/random_full_bank_frozen_gate/live_logs/CB1_CORE_S_CF2_R02/seed_530101.parquet,fa97fec6cac2a94cd1bdc39cbb8c0001f411fa2c,Generated Parquet live log retained locally and recoverable from Git history.,git show fa97fec6cac2a94cd1bdc39cbb8c0001f411fa2c:paper_experiments/ablation/raw_results/random_full_bank_frozen_gate/live_logs/CB1_CORE_S_CF2_R02/seed_530101.parquet
paper_experiments/ablation/raw_results/random_full_bank_frozen_gate/live_logs/CB1_CORE_S_CF2_R02/seed_530102.parquet,81b061ad08223e15bbd6610a7da94304d593ad29a41f3241db40873e5fde2db2,KEEP_LOCAL_IGNORED,untrack_preserve_local_path,paper_experiments/ablation/raw_results/random_full_bank_frozen_gate/live_logs/CB1_CORE_S_CF2_R02/seed_530102.parquet,fa97fec6cac2a94cd1bdc39cbb8c0001f411fa2c,Generated Parquet live log retained locally and recoverable from Git history.,git show fa97fec6cac2a94cd1bdc39cbb8c0001f411fa2c:paper_experiments/ablation/raw_results/random_full_bank_frozen_gate/live_logs/CB1_CORE_S_CF2_R02/seed_530102.parquet
paper_experiments/ablation/raw_results/random_full_bank_frozen_gate/live_logs/CB1_CORE_S_CF2_R02/seed_530103.parquet,bf53d1f232e5d0edada05b2cbc2e556dbd904da86d286b0d9c36ec6d15144fff,KEEP_LOCAL_IGNORED,untrack_preserve_local_path,paper_experiments/ablation/raw_results/random_full_bank_frozen_gate/live_logs/CB1_CORE_S_CF2_R02/seed_530103.parquet,fa97fec6cac2a94cd1bdc39cbb8c0001f411fa2c,Generated Parquet live log retained locally and recoverable from Git history.,git show fa97fec6cac2a94cd1bdc39cbb8c0001f411fa2c:paper_experiments/ablation/raw_results/random_full_bank_frozen_gate/live_logs/CB1_CORE_S_CF2_R02/seed_530103.parquet
paper_experiments/ablation/raw_results/random_full_bank_frozen_gate/live_logs/CB1_CORE_S_CF2_R02/seed_530104.parquet,7683bac2f523b12d816222e606d34c4e5b90d08224b0178cb1b51381d7d9ddd9,KEEP_LOCAL_IGNORED,untrack_preserve_local_path,paper_experiments/ablation/raw_results/random_full_bank_frozen_gate/live_logs/CB1_CORE_S_CF2_R02/seed_530104.parquet,fa97fec6cac2a94cd1bdc39cbb8c0001f411fa2c,Generated Parquet live log retained locally and recoverable from Git history.,git show fa97fec6cac2a94cd1bdc39cbb8c0001f411fa2c:paper_experiments/ablation/raw_results/random_full_bank_frozen_gate/live_logs/CB1_CORE_S_CF2_R02/seed_530104.parquet
paper_experiments/ablation/raw_results/random_full_bank_frozen_gate/live_logs/CB1_CORE_S_CF2_R02/seed_530105.parquet,3d64d8e9bc96e57c41a03fdb37fb32c13e80a1857173eb98a754362462a9d428,KEEP_LOCAL_IGNORED,untrack_preserve_local_path,paper_experiments/ablation/raw_results/random_full_bank_frozen_gate/live_logs/CB1_CORE_S_CF2_R02/seed_530105.parquet,fa97fec6cac2a94cd1bdc39cbb8c0001f411fa2c,Generated Parquet live log retained locally and recoverable from Git history.,git show fa97fec6cac2a94cd1bdc39cbb8c0001f411fa2c:paper_experiments/ablation/raw_results/random_full_bank_frozen_gate/live_logs/CB1_CORE_S_CF2_R02/seed_530105.parquet
paper_experiments/ablation/raw_results/random_full_bank_frozen_gate/live_logs/CB1_CORE_S_CF3_R01/seed_530101.parquet,b68829fc258e9cedbbe976309a72ea2e6fa6df5972113b73cb4ff4a741859f5c,KEEP_LOCAL_IGNORED,untrack_preserve_local_path,paper_experiments/ablation/raw_results/random_full_bank_frozen_gate/live_logs/CB1_CORE_S_CF3_R01/seed_530101.parquet,fa97fec6cac2a94cd1bdc39cbb8c0001f411fa2c,Generated Parquet live log retained locally and recoverable from Git history.,git show fa97fec6cac2a94cd1bdc39cbb8c0001f411fa2c:paper_experiments/ablation/raw_results/random_full_bank_frozen_gate/live_logs/CB1_CORE_S_CF3_R01/seed_530101.parquet
paper_experiments/ablation/raw_results/random_full_bank_frozen_gate/live_logs/CB1_CORE_S_CF3_R01/seed_530102.parquet,f788ed005760ff0dc34995d1a0360c2ffa07c3fba846de0c6f2ff399c2702ef0,KEEP_LOCAL_IGNORED,untrack_preserve_local_path,paper_experiments/ablation/raw_results/random_full_bank_frozen_gate/live_logs/CB1_CORE_S_CF3_R01/seed_530102.parquet,fa97fec6cac2a94cd1bdc39cbb8c0001f411fa2c,Generated Parquet live log retained locally and recoverable from Git history.,git show fa97fec6cac2a94cd1bdc39cbb8c0001f411fa2c:paper_experiments/ablation/raw_results/random_full_bank_frozen_gate/live_logs/CB1_CORE_S_CF3_R01/seed_530102.parquet
paper_experiments/ablation/raw_results/random_full_bank_frozen_gate/live_logs/CB1_CORE_S_CF3_R01/seed_530103.parquet,8a88e950ad149aed89cbc53fabdf2f41dde1eaa5b687dd4f35017736c35f2260,KEEP_LOCAL_IGNORED,untrack_preserve_local_path,paper_experiments/ablation/raw_results/random_full_bank_frozen_gate/live_logs/CB1_CORE_S_CF3_R01/seed_530103.parquet,fa97fec6cac2a94cd1bdc39cbb8c0001f411fa2c,Generated Parquet live log retained locally and recoverable from Git history.,git show fa97fec6cac2a94cd1bdc39cbb8c0001f411fa2c:paper_experiments/ablation/raw_results/random_full_bank_frozen_gate/live_logs/CB1_CORE_S_CF3_R01/seed_530103.parquet
paper_experiments/ablation/raw_results/random_full_bank_frozen_gate/live_logs/CB1_CORE_S_CF3_R01/seed_530104.parquet,dd910a92c245b644eefd9204a9716ee350d5cf508acd37a3eb9a02e6e81ed221,KEEP_LOCAL_IGNORED,untrack_preserve_local_path,paper_experiments/ablation/raw_results/random_full_bank_frozen_gate/live_logs/CB1_CORE_S_CF3_R01/seed_530104.parquet,fa97fec6cac2a94cd1bdc39cbb8c0001f411fa2c,Generated Parquet live log retained locally and recoverable from Git history.,git show fa97fec6cac2a94cd1bdc39cbb8c0001f411fa2c:paper_experiments/ablation/raw_results/random_full_bank_frozen_gate/live_logs/CB1_CORE_S_CF3_R01/seed_530104.parquet
paper_experiments/ablation/raw_results/random_full_bank_frozen_gate/live_logs/CB1_CORE_S_CF3_R01/seed_530105.parquet,131b8f926d3a992cc62b3102558fe9c1c8ca59ac52c49467b4dffbdb3595f6e9,KEEP_LOCAL_IGNORED,untrack_preserve_local_path,paper_experiments/ablation/raw_results/random_full_bank_frozen_gate/live_logs/CB1_CORE_S_CF3_R01/seed_530105.parquet,fa97fec6cac2a94cd1bdc39cbb8c0001f411fa2c,Generated Parquet live log retained locally and recoverable from Git history.,git show fa97fec6cac2a94cd1bdc39cbb8c0001f411fa2c:paper_experiments/ablation/raw_results/random_full_bank_frozen_gate/live_logs/CB1_CORE_S_CF3_R01/seed_530105.parquet
paper_experiments/ablation/raw_results/random_full_bank_frozen_gate/live_logs/CB1_CORE_S_CF3_R02/seed_530101.parquet,f4754ed8bb05d4713c5b8ae02f0888330f497aa0e0cdfdee805874247ec563a0,KEEP_LOCAL_IGNORED,untrack_preserve_local_path,paper_experiments/ablation/raw_results/random_full_bank_frozen_gate/live_logs/CB1_CORE_S_CF3_R02/seed_530101.parquet,fa97fec6cac2a94cd1bdc39cbb8c0001f411fa2c,Generated Parquet live log retained locally and recoverable from Git history.,git show fa97fec6cac2a94cd1bdc39cbb8c0001f411fa2c:paper_experiments/ablation/raw_results/random_full_bank_frozen_gate/live_logs/CB1_CORE_S_CF3_R02/seed_530101.parquet
paper_experiments/ablation/raw_results/random_full_bank_frozen_gate/live_logs/CB1_CORE_S_CF3_R02/seed_530102.parquet,84b7f7d7a03c06dfa044f5896838e28f3c213397ecc5f6e211fa9c5ab9a68971,KEEP_LOCAL_IGNORED,untrack_preserve_local_path,paper_experiments/ablation/raw_results/random_full_bank_frozen_gate/live_logs/CB1_CORE_S_CF3_R02/seed_530102.parquet,fa97fec6cac2a94cd1bdc39cbb8c0001f411fa2c,Generated Parquet live log retained locally and recoverable from Git history.,git show fa97fec6cac2a94cd1bdc39cbb8c0001f411fa2c:paper_experiments/ablation/raw_results/random_full_bank_frozen_gate/live_logs/CB1_CORE_S_CF3_R02/seed_530102.parquet
paper_experiments/ablation/raw_results/random_full_bank_frozen_gate/live_logs/CB1_CORE_S_CF3_R02/seed_530103.parquet,43acb2fb2d5d2784ce80b6420ec08b8a7da8ae7001ec1b00a0f6f5e600e15806,KEEP_LOCAL_IGNORED,untrack_preserve_local_path,paper_experiments/ablation/raw_results/random_full_bank_frozen_gate/live_logs/CB1_CORE_S_CF3_R02/seed_530103.parquet,fa97fec6cac2a94cd1bdc39cbb8c0001f411fa2c,Generated Parquet live log retained locally and recoverable from Git history.,git show fa97fec6cac2a94cd1bdc39cbb8c0001f411fa2c:paper_experiments/ablation/raw_results/random_full_bank_frozen_gate/live_logs/CB1_CORE_S_CF3_R02/seed_530103.parquet
paper_experiments/ablation/raw_results/random_full_bank_frozen_gate/live_logs/CB1_CORE_S_CF3_R02/seed_530104.parquet,3910d10b885017efb0bd08a9b654cb6d8b2e701157a84d9ca1f23c39ec6a1529,KEEP_LOCAL_IGNORED,untrack_preserve_local_path,paper_experiments/ablation/raw_results/random_full_bank_frozen_gate/live_logs/CB1_CORE_S_CF3_R02/seed_530104.parquet,fa97fec6cac2a94cd1bdc39cbb8c0001f411fa2c,Generated Parquet live log retained locally and recoverable from Git history.,git show fa97fec6cac2a94cd1bdc39cbb8c0001f411fa2c:paper_experiments/ablation/raw_results/random_full_bank_frozen_gate/live_logs/CB1_CORE_S_CF3_R02/seed_530104.parquet
paper_experiments/ablation/raw_results/random_full_bank_frozen_gate/live_logs/CB1_CORE_S_CF3_R02/seed_530105.parquet,787774d5fef15c156460f95d61482e2c0eba2aa0d37d868b691767d49e902d5e,KEEP_LOCAL_IGNORED,untrack_preserve_local_path,paper_experiments/ablation/raw_results/random_full_bank_frozen_gate/live_logs/CB1_CORE_S_CF3_R02/seed_530105.parquet,fa97fec6cac2a94cd1bdc39cbb8c0001f411fa2c,Generated Parquet live log retained locally and recoverable from Git history.,git show fa97fec6cac2a94cd1bdc39cbb8c0001f411fa2c:paper_experiments/ablation/raw_results/random_full_bank_frozen_gate/live_logs/CB1_CORE_S_CF3_R02/seed_530105.parquet
paper_experiments/raw_results/core45/CSG_NI_PROVISIONAL_PHASE6H/.progress.lock,e3b0c44298fc1c149afbf4c8996fb92427ae41e4649b934ca495991b7852b855,DELETE_SAFE,delete_stale_runtime_lock,,fa97fec6cac2a94cd1bdc39cbb8c0001f411fa2c,Zero-byte completed or superseded job lock with no active process.,git show fa97fec6cac2a94cd1bdc39cbb8c0001f411fa2c:paper_experiments/raw_results/core45/CSG_NI_PROVISIONAL_PHASE6H/.progress.lock
paper_experiments/raw_results/core45/CSG_NI_PROVISIONAL_PHASE6H/live_logs/CB1_CORE_L_CF1_R01/seed_530101.parquet,e7afd6fa0bcb2e392756409c76cb72161c7b7a82d2d856730967b104f489d1e1,KEEP_LOCAL_IGNORED,untrack_preserve_local_path,paper_experiments/raw_results/core45/CSG_NI_PROVISIONAL_PHASE6H/live_logs/CB1_CORE_L_CF1_R01/seed_530101.parquet,fa97fec6cac2a94cd1bdc39cbb8c0001f411fa2c,Generated Parquet live log retained locally and recoverable from Git history.,git show fa97fec6cac2a94cd1bdc39cbb8c0001f411fa2c:paper_experiments/raw_results/core45/CSG_NI_PROVISIONAL_PHASE6H/live_logs/CB1_CORE_L_CF1_R01/seed_530101.parquet
paper_experiments/raw_results/core45/CSG_NI_PROVISIONAL_PHASE6H/live_logs/CB1_CORE_L_CF1_R01/seed_530102.parquet,19841a4df4a0baaf1f431ccb27970d31d7b5055e6e68904ce722d4584f9af3f3,KEEP_LOCAL_IGNORED,untrack_preserve_local_path,paper_experiments/raw_results/core45/CSG_NI_PROVISIONAL_PHASE6H/live_logs/CB1_CORE_L_CF1_R01/seed_530102.parquet,fa97fec6cac2a94cd1bdc39cbb8c0001f411fa2c,Generated Parquet live log retained locally and recoverable from Git history.,git show fa97fec6cac2a94cd1bdc39cbb8c0001f411fa2c:paper_experiments/raw_results/core45/CSG_NI_PROVISIONAL_PHASE6H/live_logs/CB1_CORE_L_CF1_R01/seed_530102.parquet
paper_experiments/raw_results/core45/CSG_NI_PROVISIONAL_PHASE6H/live_logs/CB1_CORE_L_CF1_R01/seed_530103.parquet,0936d3d2c204b4fd7434e0adaa973bfa9952a59eaab5f7bdcc387bd29b83fce9,KEEP_LOCAL_IGNORED,untrack_preserve_local_path,paper_experiments/raw_results/core45/CSG_NI_PROVISIONAL_PHASE6H/live_logs/CB1_CORE_L_CF1_R01/seed_530103.parquet,fa97fec6cac2a94cd1bdc39cbb8c0001f411fa2c,Generated Parquet live log retained locally and recoverable from Git history.,git show fa97fec6cac2a94cd1bdc39cbb8c0001f411fa2c:paper_experiments/raw_results/core45/CSG_NI_PROVISIONAL_PHASE6H/live_logs/CB1_CORE_L_CF1_R01/seed_530103.parquet
paper_experiments/raw_results/core45/CSG_NI_PROVISIONAL_PHASE6H/live_logs/CB1_CORE_L_CF1_R01/seed_530104.parquet,90b2834e80a602abc504acf3a270d24c277b3acd59eadf62a13f74ebca32b7a2,KEEP_LOCAL_IGNORED,untrack_preserve_local_path,paper_experiments/raw_results/core45/CSG_NI_PROVISIONAL_PHASE6H/live_logs/CB1_CORE_L_CF1_R01/seed_530104.parquet,fa97fec6cac2a94cd1bdc39cbb8c0001f411fa2c,Generated Parquet live log retained locally and recoverable from Git history.,git show fa97fec6cac2a94cd1bdc39cbb8c0001f411fa2c:paper_experiments/raw_results/core45/CSG_NI_PROVISIONAL_PHASE6H/live_logs/CB1_CORE_L_CF1_R01/seed_530104.parquet
paper_experiments/raw_results/core45/CSG_NI_PROVISIONAL_PHASE6H/live_logs/CB1_CORE_L_CF1_R01/seed_530105.parquet,38e4b15375862b6d2ee754d1e03607cc981087d93eb53061132357c598c62897,KEEP_LOCAL_IGNORED,untrack_preserve_local_path,paper_experiments/raw_results/core45/CSG_NI_PROVISIONAL_PHASE6H/live_logs/CB1_CORE_L_CF1_R01/seed_530105.parquet,fa97fec6cac2a94cd1bdc39cbb8c0001f411fa2c,Generated Parquet live log retained locally and recoverable from Git history.,git show fa97fec6cac2a94cd1bdc39cbb8c0001f411fa2c:paper_experiments/raw_results/core45/CSG_NI_PROVISIONAL_PHASE6H/live_logs/CB1_CORE_L_CF1_R01/seed_530105.parquet
paper_experiments/raw_results/core45/CSG_NI_PROVISIONAL_PHASE6H/live_logs/CB1_CORE_L_CF1_R02/seed_530101.parquet,71088d4feb493eba887ea081ec379678be21ff53f6206101474b78f4a595a316,KEEP_LOCAL_IGNORED,untrack_preserve_local_path,paper_experiments/raw_results/core45/CSG_NI_PROVISIONAL_PHASE6H/live_logs/CB1_CORE_L_CF1_R02/seed_530101.parquet,fa97fec6cac2a94cd1bdc39cbb8c0001f411fa2c,Generated Parquet live log retained locally and recoverable from Git history.,git show fa97fec6cac2a94cd1bdc39cbb8c0001f411fa2c:paper_experiments/raw_results/core45/CSG_NI_PROVISIONAL_PHASE6H/live_logs/CB1_CORE_L_CF1_R02/seed_530101.parquet
paper_experiments/raw_results/core45/CSG_NI_PROVISIONAL_PHASE6H/live_logs/CB1_CORE_L_CF1_R02/seed_530102.parquet,a650725876925ca744927b986596b42b2c7ce6d09199a5d4807b71f8689d51a2,KEEP_LOCAL_IGNORED,untrack_preserve_local_path,paper_experiments/raw_results/core45/CSG_NI_PROVISIONAL_PHASE6H/live_logs/CB1_CORE_L_CF1_R02/seed_530102.parquet,fa97fec6cac2a94cd1bdc39cbb8c0001f411fa2c,Generated Parquet live log retained locally and recoverable from Git history.,git show fa97fec6cac2a94cd1bdc39cbb8c0001f411fa2c:paper_experiments/raw_results/core45/CSG_NI_PROVISIONAL_PHASE6H/live_logs/CB1_CORE_L_CF1_R02/seed_530102.parquet
paper_experiments/raw_results/core45/CSG_NI_PROVISIONAL_PHASE6H/live_logs/CB1_CORE_L_CF1_R02/seed_530103.parquet,2e299e41af930cb63ae8e51d8f35015b3c40de57e2179c50a7a82e5a20cb5fe6,KEEP_LOCAL_IGNORED,untrack_preserve_local_path,paper_experiments/raw_results/core45/CSG_NI_PROVISIONAL_PHASE6H/live_logs/CB1_CORE_L_CF1_R02/seed_530103.parquet,fa97fec6cac2a94cd1bdc39cbb8c0001f411fa2c,Generated Parquet live log retained locally and recoverable from Git history.,git show fa97fec6cac2a94cd1bdc39cbb8c0001f411fa2c:paper_experiments/raw_results/core45/CSG_NI_PROVISIONAL_PHASE6H/live_logs/CB1_CORE_L_CF1_R02/seed_530103.parquet
paper_experiments/raw_results/core45/CSG_NI_PROVISIONAL_PHASE6H/live_logs/CB1_CORE_L_CF1_R02/seed_530104.parquet,17defdf0233c9be52c1fcff4011fa97aa617afaea016852b12a0321b931b3977,KEEP_LOCAL_IGNORED,untrack_preserve_local_path,paper_experiments/raw_results/core45/CSG_NI_PROVISIONAL_PHASE6H/live_logs/CB1_CORE_L_CF1_R02/seed_530104.parquet,fa97fec6cac2a94cd1bdc39cbb8c0001f411fa2c,Generated Parquet live log retained locally and recoverable from Git history.,git show fa97fec6cac2a94cd1bdc39cbb8c0001f411fa2c:paper_experiments/raw_results/core45/CSG_NI_PROVISIONAL_PHASE6H/live_logs/CB1_CORE_L_CF1_R02/seed_530104.parquet
paper_experiments/raw_results/core45/CSG_NI_PROVISIONAL_PHASE6H/live_logs/CB1_CORE_L_CF1_R02/seed_530105.parquet,34b6d90003c09d3cfd1e6b19db42256cde027487447104e4194df90e5e6e9a4c,KEEP_LOCAL_IGNORED,untrack_preserve_local_path,paper_experiments/raw_results/core45/CSG_NI_PROVISIONAL_PHASE6H/live_logs/CB1_CORE_L_CF1_R02/seed_530105.parquet,fa97fec6cac2a94cd1bdc39cbb8c0001f411fa2c,Generated Parquet live log retained locally and recoverable from Git history.,git show fa97fec6cac2a94cd1bdc39cbb8c0001f411fa2c:paper_experiments/raw_results/core45/CSG_NI_PROVISIONAL_PHASE6H/live_logs/CB1_CORE_L_CF1_R02/seed_530105.parquet
paper_experiments/raw_results/core45/CSG_NI_PROVISIONAL_PHASE6H/live_logs/CB1_CORE_L_CF1_R03/seed_530101.parquet,0a83712d0ab00f00a561363482a87bb07fc2ee2a5d3397b404c025bbabd17fea,KEEP_LOCAL_IGNORED,untrack_preserve_local_path,paper_experiments/raw_results/core45/CSG_NI_PROVISIONAL_PHASE6H/live_logs/CB1_CORE_L_CF1_R03/seed_530101.parquet,fa97fec6cac2a94cd1bdc39cbb8c0001f411fa2c,Generated Parquet live log retained locally and recoverable from Git history.,git show fa97fec6cac2a94cd1bdc39cbb8c0001f411fa2c:paper_experiments/raw_results/core45/CSG_NI_PROVISIONAL_PHASE6H/live_logs/CB1_CORE_L_CF1_R03/seed_530101.parquet
paper_experiments/raw_results/core45/CSG_NI_PROVISIONAL_PHASE6H/live_logs/CB1_CORE_L_CF1_R03/seed_530102.parquet,d4b015e84c20c0495618af77e0f67c327a0c29f7b33460e4db6d10ae1d53560a,KEEP_LOCAL_IGNORED,untrack_preserve_local_path,paper_experiments/raw_results/core45/CSG_NI_PROVISIONAL_PHASE6H/live_logs/CB1_CORE_L_CF1_R03/seed_530102.parquet,fa97fec6cac2a94cd1bdc39cbb8c0001f411fa2c,Generated Parquet live log retained locally and recoverable from Git history.,git show fa97fec6cac2a94cd1bdc39cbb8c0001f411fa2c:paper_experiments/raw_results/core45/CSG_NI_PROVISIONAL_PHASE6H/live_logs/CB1_CORE_L_CF1_R03/seed_530102.parquet
paper_experiments/raw_results/core45/CSG_NI_PROVISIONAL_PHASE6H/live_logs/CB1_CORE_L_CF1_R03/seed_530103.parquet,aad4391adb0ed100a74d5e19305e4f1eeed955562911da1cc0d35c563efb0c9b,KEEP_LOCAL_IGNORED,untrack_preserve_local_path,paper_experiments/raw_results/core45/CSG_NI_PROVISIONAL_PHASE6H/live_logs/CB1_CORE_L_CF1_R03/seed_530103.parquet,fa97fec6cac2a94cd1bdc39cbb8c0001f411fa2c,Generated Parquet live log retained locally and recoverable from Git history.,git show fa97fec6cac2a94cd1bdc39cbb8c0001f411fa2c:paper_experiments/raw_results/core45/CSG_NI_PROVISIONAL_PHASE6H/live_logs/CB1_CORE_L_CF1_R03/seed_530103.parquet
paper_experiments/raw_results/core45/CSG_NI_PROVISIONAL_PHASE6H/live_logs/CB1_CORE_L_CF1_R03/seed_530104.parquet,4cbcf2f46d8cd3d4391960de798e8fef8bfa93e504bdc07b355ac151fc6c05be,KEEP_LOCAL_IGNORED,untrack_preserve_local_path,paper_experiments/raw_results/core45/CSG_NI_PROVISIONAL_PHASE6H/live_logs/CB1_CORE_L_CF1_R03/seed_530104.parquet,fa97fec6cac2a94cd1bdc39cbb8c0001f411fa2c,Generated Parquet live log retained locally and recoverable from Git history.,git show fa97fec6cac2a94cd1bdc39cbb8c0001f411fa2c:paper_experiments/raw_results/core45/CSG_NI_PROVISIONAL_PHASE6H/live_logs/CB1_CORE_L_CF1_R03/seed_530104.parquet
paper_experiments/raw_results/core45/CSG_NI_PROVISIONAL_PHASE6H/live_logs/CB1_CORE_L_CF1_R03/seed_530105.parquet,ad5ca519eae0220f2d9eaf7e3b6f3fa9b12a1ea71902098462e4c57760b86436,KEEP_LOCAL_IGNORED,untrack_preserve_local_path,paper_experiments/raw_results/core45/CSG_NI_PROVISIONAL_PHASE6H/live_logs/CB1_CORE_L_CF1_R03/seed_530105.parquet,fa97fec6cac2a94cd1bdc39cbb8c0001f411fa2c,Generated Parquet live log retained locally and recoverable from Git history.,git show fa97fec6cac2a94cd1bdc39cbb8c0001f411fa2c:paper_experiments/raw_results/core45/CSG_NI_PROVISIONAL_PHASE6H/live_logs/CB1_CORE_L_CF1_R03/seed_530105.parquet
paper_experiments/raw_results/core45/CSG_NI_PROVISIONAL_PHASE6H/live_logs/CB1_CORE_L_CF1_R04/seed_530101.parquet,4741a02ea4ee0b96299f865db0e4a976844a24d72a504fe02033e8f773f13025,KEEP_LOCAL_IGNORED,untrack_preserve_local_path,paper_experiments/raw_results/core45/CSG_NI_PROVISIONAL_PHASE6H/live_logs/CB1_CORE_L_CF1_R04/seed_530101.parquet,fa97fec6cac2a94cd1bdc39cbb8c0001f411fa2c,Generated Parquet live log retained locally and recoverable from Git history.,git show fa97fec6cac2a94cd1bdc39cbb8c0001f411fa2c:paper_experiments/raw_results/core45/CSG_NI_PROVISIONAL_PHASE6H/live_logs/CB1_CORE_L_CF1_R04/seed_530101.parquet
paper_experiments/raw_results/core45/CSG_NI_PROVISIONAL_PHASE6H/live_logs/CB1_CORE_L_CF1_R04/seed_530102.parquet,97055a1dd2814cd0a8180b1b4541ce1318759bfed1b02b89559656caa052abe7,KEEP_LOCAL_IGNORED,untrack_preserve_local_path,paper_experiments/raw_results/core45/CSG_NI_PROVISIONAL_PHASE6H/live_logs/CB1_CORE_L_CF1_R04/seed_530102.parquet,fa97fec6cac2a94cd1bdc39cbb8c0001f411fa2c,Generated Parquet live log retained locally and recoverable from Git history.,git show fa97fec6cac2a94cd1bdc39cbb8c0001f411fa2c:paper_experiments/raw_results/core45/CSG_NI_PROVISIONAL_PHASE6H/live_logs/CB1_CORE_L_CF1_R04/seed_530102.parquet
paper_experiments/raw_results/core45/CSG_NI_PROVISIONAL_PHASE6H/live_logs/CB1_CORE_L_CF1_R04/seed_530103.parquet,dc3551c3bdf5232d6ba9d7af3c82d931db394ab9559ac1b2037497085a0cfd72,KEEP_LOCAL_IGNORED,untrack_preserve_local_path,paper_experiments/raw_results/core45/CSG_NI_PROVISIONAL_PHASE6H/live_logs/CB1_CORE_L_CF1_R04/seed_530103.parquet,fa97fec6cac2a94cd1bdc39cbb8c0001f411fa2c,Generated Parquet live log retained locally and recoverable from Git history.,git show fa97fec6cac2a94cd1bdc39cbb8c0001f411fa2c:paper_experiments/raw_results/core45/CSG_NI_PROVISIONAL_PHASE6H/live_logs/CB1_CORE_L_CF1_R04/seed_530103.parquet
paper_experiments/raw_results/core45/CSG_NI_PROVISIONAL_PHASE6H/live_logs/CB1_CORE_L_CF1_R04/seed_530104.parquet,cc016355422ce7f4efbabee84403797766871bbccec6f4e5b2426cf1d761ad4c,KEEP_LOCAL_IGNORED,untrack_preserve_local_path,paper_experiments/raw_results/core45/CSG_NI_PROVISIONAL_PHASE6H/live_logs/CB1_CORE_L_CF1_R04/seed_530104.parquet,fa97fec6cac2a94cd1bdc39cbb8c0001f411fa2c,Generated Parquet live log retained locally and recoverable from Git history.,git show fa97fec6cac2a94cd1bdc39cbb8c0001f411fa2c:paper_experiments/raw_results/core45/CSG_NI_PROVISIONAL_PHASE6H/live_logs/CB1_CORE_L_CF1_R04/seed_530104.parquet
paper_experiments/raw_results/core45/CSG_NI_PROVISIONAL_PHASE6H/live_logs/CB1_CORE_L_CF1_R04/seed_530105.parquet,f48927405f5b24a16164bd10369a50f6e86ee5017371b335eaa0eb040da41ee8,KEEP_LOCAL_IGNORED,untrack_preserve_local_path,paper_experiments/raw_results/core45/CSG_NI_PROVISIONAL_PHASE6H/live_logs/CB1_CORE_L_CF1_R04/seed_530105.parquet,fa97fec6cac2a94cd1bdc39cbb8c0001f411fa2c,Generated Parquet live log retained locally and recoverable from Git history.,git show fa97fec6cac2a94cd1bdc39cbb8c0001f411fa2c:paper_experiments/raw_results/core45/CSG_NI_PROVISIONAL_PHASE6H/live_logs/CB1_CORE_L_CF1_R04/seed_530105.parquet
paper_experiments/raw_results/core45/CSG_NI_PROVISIONAL_PHASE6H/live_logs/CB1_CORE_L_CF1_R05/seed_530101.parquet,322e5eba969a75d654488ee308f25e30bece414b0cbd9e6d39766741580b7cdc,KEEP_LOCAL_IGNORED,untrack_preserve_local_path,paper_experiments/raw_results/core45/CSG_NI_PROVISIONAL_PHASE6H/live_logs/CB1_CORE_L_CF1_R05/seed_530101.parquet,fa97fec6cac2a94cd1bdc39cbb8c0001f411fa2c,Generated Parquet live log retained locally and recoverable from Git history.,git show fa97fec6cac2a94cd1bdc39cbb8c0001f411fa2c:paper_experiments/raw_results/core45/CSG_NI_PROVISIONAL_PHASE6H/live_logs/CB1_CORE_L_CF1_R05/seed_530101.parquet
paper_experiments/raw_results/core45/CSG_NI_PROVISIONAL_PHASE6H/live_logs/CB1_CORE_L_CF1_R05/seed_530102.parquet,1a97e232315911fa107f64c0e38d805256ed15db3e43a188fe57dd97ea52e6ce,KEEP_LOCAL_IGNORED,untrack_preserve_local_path,paper_experiments/raw_results/core45/CSG_NI_PROVISIONAL_PHASE6H/live_logs/CB1_CORE_L_CF1_R05/seed_530102.parquet,fa97fec6cac2a94cd1bdc39cbb8c0001f411fa2c,Generated Parquet live log retained locally and recoverable from Git history.,git show fa97fec6cac2a94cd1bdc39cbb8c0001f411fa2c:paper_experiments/raw_results/core45/CSG_NI_PROVISIONAL_PHASE6H/live_logs/CB1_CORE_L_CF1_R05/seed_530102.parquet
paper_experiments/raw_results/core45/CSG_NI_PROVISIONAL_PHASE6H/live_logs/CB1_CORE_L_CF1_R05/seed_530103.parquet,f155bd2ec526c6e604dd369ac83bb045eabf6d4208de2ec944b7e4b959406ac3,KEEP_LOCAL_IGNORED,untrack_preserve_local_path,paper_experiments/raw_results/core45/CSG_NI_PROVISIONAL_PHASE6H/live_logs/CB1_CORE_L_CF1_R05/seed_530103.parquet,fa97fec6cac2a94cd1bdc39cbb8c0001f411fa2c,Generated Parquet live log retained locally and recoverable from Git history.,git show fa97fec6cac2a94cd1bdc39cbb8c0001f411fa2c:paper_experiments/raw_results/core45/CSG_NI_PROVISIONAL_PHASE6H/live_logs/CB1_CORE_L_CF1_R05/seed_530103.parquet
paper_experiments/raw_results/core45/CSG_NI_PROVISIONAL_PHASE6H/live_logs/CB1_CORE_L_CF1_R05/seed_530104.parquet,1f793fd9ca4d5f9467531178b344daa7843d2262e2d42849ca82674443e8b2b8,KEEP_LOCAL_IGNORED,untrack_preserve_local_path,paper_experiments/raw_results/core45/CSG_NI_PROVISIONAL_PHASE6H/live_logs/CB1_CORE_L_CF1_R05/seed_530104.parquet,fa97fec6cac2a94cd1bdc39cbb8c0001f411fa2c,Generated Parquet live log retained locally and recoverable from Git history.,git show fa97fec6cac2a94cd1bdc39cbb8c0001f411fa2c:paper_experiments/raw_results/core45/CSG_NI_PROVISIONAL_PHASE6H/live_logs/CB1_CORE_L_CF1_R05/seed_530104.parquet
paper_experiments/raw_results/core45/CSG_NI_PROVISIONAL_PHASE6H/live_logs/CB1_CORE_L_CF1_R05/seed_530105.parquet,f2f6a99c7d9fe69108e5a17b525161ad8d2908877f3e2cce859c9ba739e2dff4,KEEP_LOCAL_IGNORED,untrack_preserve_local_path,paper_experiments/raw_results/core45/CSG_NI_PROVISIONAL_PHASE6H/live_logs/CB1_CORE_L_CF1_R05/seed_530105.parquet,fa97fec6cac2a94cd1bdc39cbb8c0001f411fa2c,Generated Parquet live log retained locally and recoverable from Git history.,git show fa97fec6cac2a94cd1bdc39cbb8c0001f411fa2c:paper_experiments/raw_results/core45/CSG_NI_PROVISIONAL_PHASE6H/live_logs/CB1_CORE_L_CF1_R05/seed_530105.parquet
paper_experiments/raw_results/core45/CSG_NI_PROVISIONAL_PHASE6H/live_logs/CB1_CORE_L_CF2_R01/seed_530101.parquet,b86694a6325001e1a2b85390d274590895c52106879cf964d218a979539537f8,KEEP_LOCAL_IGNORED,untrack_preserve_local_path,paper_experiments/raw_results/core45/CSG_NI_PROVISIONAL_PHASE6H/live_logs/CB1_CORE_L_CF2_R01/seed_530101.parquet,fa97fec6cac2a94cd1bdc39cbb8c0001f411fa2c,Generated Parquet live log retained locally and recoverable from Git history.,git show fa97fec6cac2a94cd1bdc39cbb8c0001f411fa2c:paper_experiments/raw_results/core45/CSG_NI_PROVISIONAL_PHASE6H/live_logs/CB1_CORE_L_CF2_R01/seed_530101.parquet
paper_experiments/raw_results/core45/CSG_NI_PROVISIONAL_PHASE6H/live_logs/CB1_CORE_L_CF2_R01/seed_530102.parquet,645eca83ad4d634b13924710ce9e4b544083c7dc0ae66762ce5dbec5f0a45795,KEEP_LOCAL_IGNORED,untrack_preserve_local_path,paper_experiments/raw_results/core45/CSG_NI_PROVISIONAL_PHASE6H/live_logs/CB1_CORE_L_CF2_R01/seed_530102.parquet,fa97fec6cac2a94cd1bdc39cbb8c0001f411fa2c,Generated Parquet live log retained locally and recoverable from Git history.,git show fa97fec6cac2a94cd1bdc39cbb8c0001f411fa2c:paper_experiments/raw_results/core45/CSG_NI_PROVISIONAL_PHASE6H/live_logs/CB1_CORE_L_CF2_R01/seed_530102.parquet
paper_experiments/raw_results/core45/CSG_NI_PROVISIONAL_PHASE6H/live_logs/CB1_CORE_L_CF2_R01/seed_530103.parquet,517568a9938a80ae969f6e6691e1c5be272c3e3d7992e0d463397593ee9bc12e,KEEP_LOCAL_IGNORED,untrack_preserve_local_path,paper_experiments/raw_results/core45/CSG_NI_PROVISIONAL_PHASE6H/live_logs/CB1_CORE_L_CF2_R01/seed_530103.parquet,fa97fec6cac2a94cd1bdc39cbb8c0001f411fa2c,Generated Parquet live log retained locally and recoverable from Git history.,git show fa97fec6cac2a94cd1bdc39cbb8c0001f411fa2c:paper_experiments/raw_results/core45/CSG_NI_PROVISIONAL_PHASE6H/live_logs/CB1_CORE_L_CF2_R01/seed_530103.parquet
paper_experiments/raw_results/core45/CSG_NI_PROVISIONAL_PHASE6H/live_logs/CB1_CORE_L_CF2_R01/seed_530104.parquet,f2376a79319e15e81ed961101a73b7d7e1ef2877174f918fee63bab281cbc6a1,KEEP_LOCAL_IGNORED,untrack_preserve_local_path,paper_experiments/raw_results/core45/CSG_NI_PROVISIONAL_PHASE6H/live_logs/CB1_CORE_L_CF2_R01/seed_530104.parquet,fa97fec6cac2a94cd1bdc39cbb8c0001f411fa2c,Generated Parquet live log retained locally and recoverable from Git history.,git show fa97fec6cac2a94cd1bdc39cbb8c0001f411fa2c:paper_experiments/raw_results/core45/CSG_NI_PROVISIONAL_PHASE6H/live_logs/CB1_CORE_L_CF2_R01/seed_530104.parquet
paper_experiments/raw_results/core45/CSG_NI_PROVISIONAL_PHASE6H/live_logs/CB1_CORE_L_CF2_R01/seed_530105.parquet,d255b4f64ad75fbf54415f1d7d22493b2c1b41fb91851818beb75706f1598b9b,KEEP_LOCAL_IGNORED,untrack_preserve_local_path,paper_experiments/raw_results/core45/CSG_NI_PROVISIONAL_PHASE6H/live_logs/CB1_CORE_L_CF2_R01/seed_530105.parquet,fa97fec6cac2a94cd1bdc39cbb8c0001f411fa2c,Generated Parquet live log retained locally and recoverable from Git history.,git show fa97fec6cac2a94cd1bdc39cbb8c0001f411fa2c:paper_experiments/raw_results/core45/CSG_NI_PROVISIONAL_PHASE6H/live_logs/CB1_CORE_L_CF2_R01/seed_530105.parquet
paper_experiments/raw_results/core45/CSG_NI_PROVISIONAL_PHASE6H/live_logs/CB1_CORE_L_CF2_R02/seed_530101.parquet,750ed37c53b6031b445eb5062441301737b53a2c07a3999bb7d9300317e9fe16,KEEP_LOCAL_IGNORED,untrack_preserve_local_path,paper_experiments/raw_results/core45/CSG_NI_PROVISIONAL_PHASE6H/live_logs/CB1_CORE_L_CF2_R02/seed_530101.parquet,fa97fec6cac2a94cd1bdc39cbb8c0001f411fa2c,Generated Parquet live log retained locally and recoverable from Git history.,git show fa97fec6cac2a94cd1bdc39cbb8c0001f411fa2c:paper_experiments/raw_results/core45/CSG_NI_PROVISIONAL_PHASE6H/live_logs/CB1_CORE_L_CF2_R02/seed_530101.parquet
paper_experiments/raw_results/core45/CSG_NI_PROVISIONAL_PHASE6H/live_logs/CB1_CORE_L_CF2_R02/seed_530102.parquet,7ebaa5a4baf03565690415710b3ae251f79e093149806746d53b0972c63d2a29,KEEP_LOCAL_IGNORED,untrack_preserve_local_path,paper_experiments/raw_results/core45/CSG_NI_PROVISIONAL_PHASE6H/live_logs/CB1_CORE_L_CF2_R02/seed_530102.parquet,fa97fec6cac2a94cd1bdc39cbb8c0001f411fa2c,Generated Parquet live log retained locally and recoverable from Git history.,git show fa97fec6cac2a94cd1bdc39cbb8c0001f411fa2c:paper_experiments/raw_results/core45/CSG_NI_PROVISIONAL_PHASE6H/live_logs/CB1_CORE_L_CF2_R02/seed_530102.parquet
paper_experiments/raw_results/core45/CSG_NI_PROVISIONAL_PHASE6H/live_logs/CB1_CORE_L_CF2_R02/seed_530103.parquet,60d54c0dbb87a72f00339dbe2ff74e169e439e04bf8da8a39807680f1091ecd4,KEEP_LOCAL_IGNORED,untrack_preserve_local_path,paper_experiments/raw_results/core45/CSG_NI_PROVISIONAL_PHASE6H/live_logs/CB1_CORE_L_CF2_R02/seed_530103.parquet,fa97fec6cac2a94cd1bdc39cbb8c0001f411fa2c,Generated Parquet live log retained locally and recoverable from Git history.,git show fa97fec6cac2a94cd1bdc39cbb8c0001f411fa2c:paper_experiments/raw_results/core45/CSG_NI_PROVISIONAL_PHASE6H/live_logs/CB1_CORE_L_CF2_R02/seed_530103.parquet
paper_experiments/raw_results/core45/CSG_NI_PROVISIONAL_PHASE6H/live_logs/CB1_CORE_L_CF2_R02/seed_530104.parquet,8a218e163f6e7d97b4b55f1aa640156867cd7b02640eb37dad74265ffbe1cac0,KEEP_LOCAL_IGNORED,untrack_preserve_local_path,paper_experiments/raw_results/core45/CSG_NI_PROVISIONAL_PHASE6H/live_logs/CB1_CORE_L_CF2_R02/seed_530104.parquet,fa97fec6cac2a94cd1bdc39cbb8c0001f411fa2c,Generated Parquet live log retained locally and recoverable from Git history.,git show fa97fec6cac2a94cd1bdc39cbb8c0001f411fa2c:paper_experiments/raw_results/core45/CSG_NI_PROVISIONAL_PHASE6H/live_logs/CB1_CORE_L_CF2_R02/seed_530104.parquet
paper_experiments/raw_results/core45/CSG_NI_PROVISIONAL_PHASE6H/live_logs/CB1_CORE_L_CF2_R02/seed_530105.parquet,f57cb6aff65e56db3088079ab44a35722e55dcaf419a69ead006efe52b8b02c3,KEEP_LOCAL_IGNORED,untrack_preserve_local_path,paper_experiments/raw_results/core45/CSG_NI_PROVISIONAL_PHASE6H/live_logs/CB1_CORE_L_CF2_R02/seed_530105.parquet,fa97fec6cac2a94cd1bdc39cbb8c0001f411fa2c,Generated Parquet live log retained locally and recoverable from Git history.,git show fa97fec6cac2a94cd1bdc39cbb8c0001f411fa2c:paper_experiments/raw_results/core45/CSG_NI_PROVISIONAL_PHASE6H/live_logs/CB1_CORE_L_CF2_R02/seed_530105.parquet
paper_experiments/raw_results/core45/CSG_NI_PROVISIONAL_PHASE6H/live_logs/CB1_CORE_L_CF2_R03/seed_530101.parquet,5dbb1b8b5e0e42caff1b5527834c04698bf423db938cc578d4048717b80f57cc,KEEP_LOCAL_IGNORED,untrack_preserve_local_path,paper_experiments/raw_results/core45/CSG_NI_PROVISIONAL_PHASE6H/live_logs/CB1_CORE_L_CF2_R03/seed_530101.parquet,fa97fec6cac2a94cd1bdc39cbb8c0001f411fa2c,Generated Parquet live log retained locally and recoverable from Git history.,git show fa97fec6cac2a94cd1bdc39cbb8c0001f411fa2c:paper_experiments/raw_results/core45/CSG_NI_PROVISIONAL_PHASE6H/live_logs/CB1_CORE_L_CF2_R03/seed_530101.parquet
paper_experiments/raw_results/core45/CSG_NI_PROVISIONAL_PHASE6H/live_logs/CB1_CORE_L_CF2_R03/seed_530102.parquet,ef6acbadd07732d5b36c6133b604678fabd915902d316bddc9ae086bb5bd065a,KEEP_LOCAL_IGNORED,untrack_preserve_local_path,paper_experiments/raw_results/core45/CSG_NI_PROVISIONAL_PHASE6H/live_logs/CB1_CORE_L_CF2_R03/seed_530102.parquet,fa97fec6cac2a94cd1bdc39cbb8c0001f411fa2c,Generated Parquet live log retained locally and recoverable from Git history.,git show fa97fec6cac2a94cd1bdc39cbb8c0001f411fa2c:paper_experiments/raw_results/core45/CSG_NI_PROVISIONAL_PHASE6H/live_logs/CB1_CORE_L_CF2_R03/seed_530102.parquet
paper_experiments/raw_results/core45/CSG_NI_PROVISIONAL_PHASE6H/live_logs/CB1_CORE_L_CF2_R03/seed_530103.parquet,23644f30675d3f6cb17bb020474aeaa0bdece694b60805c111151d9ca4e86230,KEEP_LOCAL_IGNORED,untrack_preserve_local_path,paper_experiments/raw_results/core45/CSG_NI_PROVISIONAL_PHASE6H/live_logs/CB1_CORE_L_CF2_R03/seed_530103.parquet,fa97fec6cac2a94cd1bdc39cbb8c0001f411fa2c,Generated Parquet live log retained locally and recoverable from Git history.,git show fa97fec6cac2a94cd1bdc39cbb8c0001f411fa2c:paper_experiments/raw_results/core45/CSG_NI_PROVISIONAL_PHASE6H/live_logs/CB1_CORE_L_CF2_R03/seed_530103.parquet
paper_experiments/raw_results/core45/CSG_NI_PROVISIONAL_PHASE6H/live_logs/CB1_CORE_L_CF2_R03/seed_530104.parquet,c9e881e70429690b7e9643a682a33ce5b57b40956643f813ece0335721954333,KEEP_LOCAL_IGNORED,untrack_preserve_local_path,paper_experiments/raw_results/core45/CSG_NI_PROVISIONAL_PHASE6H/live_logs/CB1_CORE_L_CF2_R03/seed_530104.parquet,fa97fec6cac2a94cd1bdc39cbb8c0001f411fa2c,Generated Parquet live log retained locally and recoverable from Git history.,git show fa97fec6cac2a94cd1bdc39cbb8c0001f411fa2c:paper_experiments/raw_results/core45/CSG_NI_PROVISIONAL_PHASE6H/live_logs/CB1_CORE_L_CF2_R03/seed_530104.parquet
paper_experiments/raw_results/core45/CSG_NI_PROVISIONAL_PHASE6H/live_logs/CB1_CORE_L_CF2_R03/seed_530105.parquet,07e30788ed6b0b26bd42ae14ea902afb0fe958bf698c56ac9e6a36cc829b38d1,KEEP_LOCAL_IGNORED,untrack_preserve_local_path,paper_experiments/raw_results/core45/CSG_NI_PROVISIONAL_PHASE6H/live_logs/CB1_CORE_L_CF2_R03/seed_530105.parquet,fa97fec6cac2a94cd1bdc39cbb8c0001f411fa2c,Generated Parquet live log retained locally and recoverable from Git history.,git show fa97fec6cac2a94cd1bdc39cbb8c0001f411fa2c:paper_experiments/raw_results/core45/CSG_NI_PROVISIONAL_PHASE6H/live_logs/CB1_CORE_L_CF2_R03/seed_530105.parquet
paper_experiments/raw_results/core45/CSG_NI_PROVISIONAL_PHASE6H/live_logs/CB1_CORE_L_CF2_R04/seed_530101.parquet,869dff8605ba5925e8bd771cac1b3ec9797b8d995ce83525115db3012cf8b2a6,KEEP_LOCAL_IGNORED,untrack_preserve_local_path,paper_experiments/raw_results/core45/CSG_NI_PROVISIONAL_PHASE6H/live_logs/CB1_CORE_L_CF2_R04/seed_530101.parquet,fa97fec6cac2a94cd1bdc39cbb8c0001f411fa2c,Generated Parquet live log retained locally and recoverable from Git history.,git show fa97fec6cac2a94cd1bdc39cbb8c0001f411fa2c:paper_experiments/raw_results/core45/CSG_NI_PROVISIONAL_PHASE6H/live_logs/CB1_CORE_L_CF2_R04/seed_530101.parquet
paper_experiments/raw_results/core45/CSG_NI_PROVISIONAL_PHASE6H/live_logs/CB1_CORE_L_CF2_R04/seed_530102.parquet,d2073591420c9eb54b3df2e3be5e61d101bc8fee79f171c75e7bbe514edadb8a,KEEP_LOCAL_IGNORED,untrack_preserve_local_path,paper_experiments/raw_results/core45/CSG_NI_PROVISIONAL_PHASE6H/live_logs/CB1_CORE_L_CF2_R04/seed_530102.parquet,fa97fec6cac2a94cd1bdc39cbb8c0001f411fa2c,Generated Parquet live log retained locally and recoverable from Git history.,git show fa97fec6cac2a94cd1bdc39cbb8c0001f411fa2c:paper_experiments/raw_results/core45/CSG_NI_PROVISIONAL_PHASE6H/live_logs/CB1_CORE_L_CF2_R04/seed_530102.parquet
paper_experiments/raw_results/core45/CSG_NI_PROVISIONAL_PHASE6H/live_logs/CB1_CORE_L_CF2_R04/seed_530103.parquet,55018fb9a1d49397b50e62ac25b49d3d96c7bb46a381adbbb0fd5f34f38f458b,KEEP_LOCAL_IGNORED,untrack_preserve_local_path,paper_experiments/raw_results/core45/CSG_NI_PROVISIONAL_PHASE6H/live_logs/CB1_CORE_L_CF2_R04/seed_530103.parquet,fa97fec6cac2a94cd1bdc39cbb8c0001f411fa2c,Generated Parquet live log retained locally and recoverable from Git history.,git show fa97fec6cac2a94cd1bdc39cbb8c0001f411fa2c:paper_experiments/raw_results/core45/CSG_NI_PROVISIONAL_PHASE6H/live_logs/CB1_CORE_L_CF2_R04/seed_530103.parquet
paper_experiments/raw_results/core45/CSG_NI_PROVISIONAL_PHASE6H/live_logs/CB1_CORE_L_CF2_R04/seed_530104.parquet,4bc90617bef79bd19aa0c85ad2f0c7737740d46010705434a8d711a24987de39,KEEP_LOCAL_IGNORED,untrack_preserve_local_path,paper_experiments/raw_results/core45/CSG_NI_PROVISIONAL_PHASE6H/live_logs/CB1_CORE_L_CF2_R04/seed_530104.parquet,fa97fec6cac2a94cd1bdc39cbb8c0001f411fa2c,Generated Parquet live log retained locally and recoverable from Git history.,git show fa97fec6cac2a94cd1bdc39cbb8c0001f411fa2c:paper_experiments/raw_results/core45/CSG_NI_PROVISIONAL_PHASE6H/live_logs/CB1_CORE_L_CF2_R04/seed_530104.parquet
paper_experiments/raw_results/core45/CSG_NI_PROVISIONAL_PHASE6H/live_logs/CB1_CORE_L_CF2_R04/seed_530105.parquet,0f2758b5ed1bf2c95d32003c7327cf56ff92bb8ed31aff7e45105629d3bc9342,KEEP_LOCAL_IGNORED,untrack_preserve_local_path,paper_experiments/raw_results/core45/CSG_NI_PROVISIONAL_PHASE6H/live_logs/CB1_CORE_L_CF2_R04/seed_530105.parquet,fa97fec6cac2a94cd1bdc39cbb8c0001f411fa2c,Generated Parquet live log retained locally and recoverable from Git history.,git show fa97fec6cac2a94cd1bdc39cbb8c0001f411fa2c:paper_experiments/raw_results/core45/CSG_NI_PROVISIONAL_PHASE6H/live_logs/CB1_CORE_L_CF2_R04/seed_530105.parquet
paper_experiments/raw_results/core45/CSG_NI_PROVISIONAL_PHASE6H/live_logs/CB1_CORE_L_CF2_R05/seed_530101.parquet,bda3133a9d64cd6d603ccaf69d2f60c397980895f10989348ee8e20f597a2065,KEEP_LOCAL_IGNORED,untrack_preserve_local_path,paper_experiments/raw_results/core45/CSG_NI_PROVISIONAL_PHASE6H/live_logs/CB1_CORE_L_CF2_R05/seed_530101.parquet,fa97fec6cac2a94cd1bdc39cbb8c0001f411fa2c,Generated Parquet live log retained locally and recoverable from Git history.,git show fa97fec6cac2a94cd1bdc39cbb8c0001f411fa2c:paper_experiments/raw_results/core45/CSG_NI_PROVISIONAL_PHASE6H/live_logs/CB1_CORE_L_CF2_R05/seed_530101.parquet
paper_experiments/raw_results/core45/CSG_NI_PROVISIONAL_PHASE6H/live_logs/CB1_CORE_L_CF2_R05/seed_530102.parquet,2b6a1e7a9ff3de22f3997dd39a068bd29a5b9af27901b7824016cc204ab3cd79,KEEP_LOCAL_IGNORED,untrack_preserve_local_path,paper_experiments/raw_results/core45/CSG_NI_PROVISIONAL_PHASE6H/live_logs/CB1_CORE_L_CF2_R05/seed_530102.parquet,fa97fec6cac2a94cd1bdc39cbb8c0001f411fa2c,Generated Parquet live log retained locally and recoverable from Git history.,git show fa97fec6cac2a94cd1bdc39cbb8c0001f411fa2c:paper_experiments/raw_results/core45/CSG_NI_PROVISIONAL_PHASE6H/live_logs/CB1_CORE_L_CF2_R05/seed_530102.parquet
paper_experiments/raw_results/core45/CSG_NI_PROVISIONAL_PHASE6H/live_logs/CB1_CORE_L_CF2_R05/seed_530103.parquet,6caca94c54dc6d40865cbbdcb51565cd7212363f30cb10552f20a62813481939,KEEP_LOCAL_IGNORED,untrack_preserve_local_path,paper_experiments/raw_results/core45/CSG_NI_PROVISIONAL_PHASE6H/live_logs/CB1_CORE_L_CF2_R05/seed_530103.parquet,fa97fec6cac2a94cd1bdc39cbb8c0001f411fa2c,Generated Parquet live log retained locally and recoverable from Git history.,git show fa97fec6cac2a94cd1bdc39cbb8c0001f411fa2c:paper_experiments/raw_results/core45/CSG_NI_PROVISIONAL_PHASE6H/live_logs/CB1_CORE_L_CF2_R05/seed_530103.parquet
paper_experiments/raw_results/core45/CSG_NI_PROVISIONAL_PHASE6H/live_logs/CB1_CORE_L_CF2_R05/seed_530104.parquet,c204e07c4ff862746ecef2dea5bb8c3b57ffc0b5edd1190f063873d9870a5834,KEEP_LOCAL_IGNORED,untrack_preserve_local_path,paper_experiments/raw_results/core45/CSG_NI_PROVISIONAL_PHASE6H/live_logs/CB1_CORE_L_CF2_R05/seed_530104.parquet,fa97fec6cac2a94cd1bdc39cbb8c0001f411fa2c,Generated Parquet live log retained locally and recoverable from Git history.,git show fa97fec6cac2a94cd1bdc39cbb8c0001f411fa2c:paper_experiments/raw_results/core45/CSG_NI_PROVISIONAL_PHASE6H/live_logs/CB1_CORE_L_CF2_R05/seed_530104.parquet
paper_experiments/raw_results/core45/CSG_NI_PROVISIONAL_PHASE6H/live_logs/CB1_CORE_L_CF2_R05/seed_530105.parquet,880243de79d4a5fa434821e15bb447c3e1b9003ea692d60dffc8e18a80382e36,KEEP_LOCAL_IGNORED,untrack_preserve_local_path,paper_experiments/raw_results/core45/CSG_NI_PROVISIONAL_PHASE6H/live_logs/CB1_CORE_L_CF2_R05/seed_530105.parquet,fa97fec6cac2a94cd1bdc39cbb8c0001f411fa2c,Generated Parquet live log retained locally and recoverable from Git history.,git show fa97fec6cac2a94cd1bdc39cbb8c0001f411fa2c:paper_experiments/raw_results/core45/CSG_NI_PROVISIONAL_PHASE6H/live_logs/CB1_CORE_L_CF2_R05/seed_530105.parquet
paper_experiments/raw_results/core45/CSG_NI_PROVISIONAL_PHASE6H/live_logs/CB1_CORE_L_CF3_R01/seed_530101.parquet,eb46c30aed5a773c73e2f0ba3cb008a6ea1145b415acd9b8a33cc9bdba82439d,KEEP_LOCAL_IGNORED,untrack_preserve_local_path,paper_experiments/raw_results/core45/CSG_NI_PROVISIONAL_PHASE6H/live_logs/CB1_CORE_L_CF3_R01/seed_530101.parquet,fa97fec6cac2a94cd1bdc39cbb8c0001f411fa2c,Generated Parquet live log retained locally and recoverable from Git history.,git show fa97fec6cac2a94cd1bdc39cbb8c0001f411fa2c:paper_experiments/raw_results/core45/CSG_NI_PROVISIONAL_PHASE6H/live_logs/CB1_CORE_L_CF3_R01/seed_530101.parquet
paper_experiments/raw_results/core45/CSG_NI_PROVISIONAL_PHASE6H/live_logs/CB1_CORE_L_CF3_R01/seed_530102.parquet,b7f7252a94a651f07e0a3288d887f03694ddf750dcf5b69ec99a6f32ab4a6e0d,KEEP_LOCAL_IGNORED,untrack_preserve_local_path,paper_experiments/raw_results/core45/CSG_NI_PROVISIONAL_PHASE6H/live_logs/CB1_CORE_L_CF3_R01/seed_530102.parquet,fa97fec6cac2a94cd1bdc39cbb8c0001f411fa2c,Generated Parquet live log retained locally and recoverable from Git history.,git show fa97fec6cac2a94cd1bdc39cbb8c0001f411fa2c:paper_experiments/raw_results/core45/CSG_NI_PROVISIONAL_PHASE6H/live_logs/CB1_CORE_L_CF3_R01/seed_530102.parquet
paper_experiments/raw_results/core45/CSG_NI_PROVISIONAL_PHASE6H/live_logs/CB1_CORE_L_CF3_R01/seed_530103.parquet,bbd87873a723452d39575c732f37e18887251c945f3637f61ef90c4150c28364,KEEP_LOCAL_IGNORED,untrack_preserve_local_path,paper_experiments/raw_results/core45/CSG_NI_PROVISIONAL_PHASE6H/live_logs/CB1_CORE_L_CF3_R01/seed_530103.parquet,fa97fec6cac2a94cd1bdc39cbb8c0001f411fa2c,Generated Parquet live log retained locally and recoverable from Git history.,git show fa97fec6cac2a94cd1bdc39cbb8c0001f411fa2c:paper_experiments/raw_results/core45/CSG_NI_PROVISIONAL_PHASE6H/live_logs/CB1_CORE_L_CF3_R01/seed_530103.parquet
paper_experiments/raw_results/core45/CSG_NI_PROVISIONAL_PHASE6H/live_logs/CB1_CORE_L_CF3_R01/seed_530104.parquet,62fc1fed9d87e45fc6de64ae862b790930e82b435b38872d0970797b2dcd9968,KEEP_LOCAL_IGNORED,untrack_preserve_local_path,paper_experiments/raw_results/core45/CSG_NI_PROVISIONAL_PHASE6H/live_logs/CB1_CORE_L_CF3_R01/seed_530104.parquet,fa97fec6cac2a94cd1bdc39cbb8c0001f411fa2c,Generated Parquet live log retained locally and recoverable from Git history.,git show fa97fec6cac2a94cd1bdc39cbb8c0001f411fa2c:paper_experiments/raw_results/core45/CSG_NI_PROVISIONAL_PHASE6H/live_logs/CB1_CORE_L_CF3_R01/seed_530104.parquet
paper_experiments/raw_results/core45/CSG_NI_PROVISIONAL_PHASE6H/live_logs/CB1_CORE_L_CF3_R01/seed_530105.parquet,674269bb1703fc119d8e0b4a104c87c22cdd89b2d3ed40b33b54d6abd8570799,KEEP_LOCAL_IGNORED,untrack_preserve_local_path,paper_experiments/raw_results/core45/CSG_NI_PROVISIONAL_PHASE6H/live_logs/CB1_CORE_L_CF3_R01/seed_530105.parquet,fa97fec6cac2a94cd1bdc39cbb8c0001f411fa2c,Generated Parquet live log retained locally and recoverable from Git history.,git show fa97fec6cac2a94cd1bdc39cbb8c0001f411fa2c:paper_experiments/raw_results/core45/CSG_NI_PROVISIONAL_PHASE6H/live_logs/CB1_CORE_L_CF3_R01/seed_530105.parquet
paper_experiments/raw_results/core45/CSG_NI_PROVISIONAL_PHASE6H/live_logs/CB1_CORE_L_CF3_R02/seed_530101.parquet,9f24c91c94335ae8b85b7d860014efeaf38aba9a22d8b0e3ffc69e817bf1f474,KEEP_LOCAL_IGNORED,untrack_preserve_local_path,paper_experiments/raw_results/core45/CSG_NI_PROVISIONAL_PHASE6H/live_logs/CB1_CORE_L_CF3_R02/seed_530101.parquet,fa97fec6cac2a94cd1bdc39cbb8c0001f411fa2c,Generated Parquet live log retained locally and recoverable from Git history.,git show fa97fec6cac2a94cd1bdc39cbb8c0001f411fa2c:paper_experiments/raw_results/core45/CSG_NI_PROVISIONAL_PHASE6H/live_logs/CB1_CORE_L_CF3_R02/seed_530101.parquet
paper_experiments/raw_results/core45/CSG_NI_PROVISIONAL_PHASE6H/live_logs/CB1_CORE_L_CF3_R02/seed_530102.parquet,823f4a72633c63bd0eb70fbbc387ead2b8568f04a0910b787dc04ff403e4abce,KEEP_LOCAL_IGNORED,untrack_preserve_local_path,paper_experiments/raw_results/core45/CSG_NI_PROVISIONAL_PHASE6H/live_logs/CB1_CORE_L_CF3_R02/seed_530102.parquet,fa97fec6cac2a94cd1bdc39cbb8c0001f411fa2c,Generated Parquet live log retained locally and recoverable from Git history.,git show fa97fec6cac2a94cd1bdc39cbb8c0001f411fa2c:paper_experiments/raw_results/core45/CSG_NI_PROVISIONAL_PHASE6H/live_logs/CB1_CORE_L_CF3_R02/seed_530102.parquet
paper_experiments/raw_results/core45/CSG_NI_PROVISIONAL_PHASE6H/live_logs/CB1_CORE_L_CF3_R02/seed_530103.parquet,629c3afb656cc396d146b9d461ce4eac938c474119448ee91494a3cf08ab3125,KEEP_LOCAL_IGNORED,untrack_preserve_local_path,paper_experiments/raw_results/core45/CSG_NI_PROVISIONAL_PHASE6H/live_logs/CB1_CORE_L_CF3_R02/seed_530103.parquet,fa97fec6cac2a94cd1bdc39cbb8c0001f411fa2c,Generated Parquet live log retained locally and recoverable from Git history.,git show fa97fec6cac2a94cd1bdc39cbb8c0001f411fa2c:paper_experiments/raw_results/core45/CSG_NI_PROVISIONAL_PHASE6H/live_logs/CB1_CORE_L_CF3_R02/seed_530103.parquet
paper_experiments/raw_results/core45/CSG_NI_PROVISIONAL_PHASE6H/live_logs/CB1_CORE_L_CF3_R02/seed_530104.parquet,fa0f218ceb1630370d8020269870523b994ed02c40400e007e344ae3f16c9e68,KEEP_LOCAL_IGNORED,untrack_preserve_local_path,paper_experiments/raw_results/core45/CSG_NI_PROVISIONAL_PHASE6H/live_logs/CB1_CORE_L_CF3_R02/seed_530104.parquet,fa97fec6cac2a94cd1bdc39cbb8c0001f411fa2c,Generated Parquet live log retained locally and recoverable from Git history.,git show fa97fec6cac2a94cd1bdc39cbb8c0001f411fa2c:paper_experiments/raw_results/core45/CSG_NI_PROVISIONAL_PHASE6H/live_logs/CB1_CORE_L_CF3_R02/seed_530104.parquet
paper_experiments/raw_results/core45/CSG_NI_PROVISIONAL_PHASE6H/live_logs/CB1_CORE_L_CF3_R02/seed_530105.parquet,15b147ea2428d71777aaf24f1956540401d9e9fafad0fd41d83d6ac665e7a994,KEEP_LOCAL_IGNORED,untrack_preserve_local_path,paper_experiments/raw_results/core45/CSG_NI_PROVISIONAL_PHASE6H/live_logs/CB1_CORE_L_CF3_R02/seed_530105.parquet,fa97fec6cac2a94cd1bdc39cbb8c0001f411fa2c,Generated Parquet live log retained locally and recoverable from Git history.,git show fa97fec6cac2a94cd1bdc39cbb8c0001f411fa2c:paper_experiments/raw_results/core45/CSG_NI_PROVISIONAL_PHASE6H/live_logs/CB1_CORE_L_CF3_R02/seed_530105.parquet
paper_experiments/raw_results/core45/CSG_NI_PROVISIONAL_PHASE6H/live_logs/CB1_CORE_L_CF3_R03/seed_530101.parquet,005b0957d49b65d74bf595d6e560a4b5595e15fa88166af065f69983530f01d0,KEEP_LOCAL_IGNORED,untrack_preserve_local_path,paper_experiments/raw_results/core45/CSG_NI_PROVISIONAL_PHASE6H/live_logs/CB1_CORE_L_CF3_R03/seed_530101.parquet,fa97fec6cac2a94cd1bdc39cbb8c0001f411fa2c,Generated Parquet live log retained locally and recoverable from Git history.,git show fa97fec6cac2a94cd1bdc39cbb8c0001f411fa2c:paper_experiments/raw_results/core45/CSG_NI_PROVISIONAL_PHASE6H/live_logs/CB1_CORE_L_CF3_R03/seed_530101.parquet
paper_experiments/raw_results/core45/CSG_NI_PROVISIONAL_PHASE6H/live_logs/CB1_CORE_L_CF3_R03/seed_530102.parquet,628d590ee841d0022263279dc35930df3487c19689d22ab5af6858b6e8cdcd73,KEEP_LOCAL_IGNORED,untrack_preserve_local_path,paper_experiments/raw_results/core45/CSG_NI_PROVISIONAL_PHASE6H/live_logs/CB1_CORE_L_CF3_R03/seed_530102.parquet,fa97fec6cac2a94cd1bdc39cbb8c0001f411fa2c,Generated Parquet live log retained locally and recoverable from Git history.,git show fa97fec6cac2a94cd1bdc39cbb8c0001f411fa2c:paper_experiments/raw_results/core45/CSG_NI_PROVISIONAL_PHASE6H/live_logs/CB1_CORE_L_CF3_R03/seed_530102.parquet
paper_experiments/raw_results/core45/CSG_NI_PROVISIONAL_PHASE6H/live_logs/CB1_CORE_L_CF3_R03/seed_530103.parquet,d346ec31ccf7fb1e9761661abf1a23ddb5f0a2abc4473285f71de9cb2ed3d339,KEEP_LOCAL_IGNORED,untrack_preserve_local_path,paper_experiments/raw_results/core45/CSG_NI_PROVISIONAL_PHASE6H/live_logs/CB1_CORE_L_CF3_R03/seed_530103.parquet,fa97fec6cac2a94cd1bdc39cbb8c0001f411fa2c,Generated Parquet live log retained locally and recoverable from Git history.,git show fa97fec6cac2a94cd1bdc39cbb8c0001f411fa2c:paper_experiments/raw_results/core45/CSG_NI_PROVISIONAL_PHASE6H/live_logs/CB1_CORE_L_CF3_R03/seed_530103.parquet
paper_experiments/raw_results/core45/CSG_NI_PROVISIONAL_PHASE6H/live_logs/CB1_CORE_L_CF3_R03/seed_530104.parquet,02827d8fe0ed084ff966ab9b15b6d237f910197371fed5af269ad88a0ccb4f3e,KEEP_LOCAL_IGNORED,untrack_preserve_local_path,paper_experiments/raw_results/core45/CSG_NI_PROVISIONAL_PHASE6H/live_logs/CB1_CORE_L_CF3_R03/seed_530104.parquet,fa97fec6cac2a94cd1bdc39cbb8c0001f411fa2c,Generated Parquet live log retained locally and recoverable from Git history.,git show fa97fec6cac2a94cd1bdc39cbb8c0001f411fa2c:paper_experiments/raw_results/core45/CSG_NI_PROVISIONAL_PHASE6H/live_logs/CB1_CORE_L_CF3_R03/seed_530104.parquet
paper_experiments/raw_results/core45/CSG_NI_PROVISIONAL_PHASE6H/live_logs/CB1_CORE_L_CF3_R03/seed_530105.parquet,da34d1eff87d56234962da08b2fe3ee06dc8291cff38325a2819c34f87c2cdee,KEEP_LOCAL_IGNORED,untrack_preserve_local_path,paper_experiments/raw_results/core45/CSG_NI_PROVISIONAL_PHASE6H/live_logs/CB1_CORE_L_CF3_R03/seed_530105.parquet,fa97fec6cac2a94cd1bdc39cbb8c0001f411fa2c,Generated Parquet live log retained locally and recoverable from Git history.,git show fa97fec6cac2a94cd1bdc39cbb8c0001f411fa2c:paper_experiments/raw_results/core45/CSG_NI_PROVISIONAL_PHASE6H/live_logs/CB1_CORE_L_CF3_R03/seed_530105.parquet
paper_experiments/raw_results/core45/CSG_NI_PROVISIONAL_PHASE6H/live_logs/CB1_CORE_L_CF3_R04/seed_530101.parquet,7c38be66889d097d9258176a40d3b50572dbfa5bb376074bf839abd5860459be,KEEP_LOCAL_IGNORED,untrack_preserve_local_path,paper_experiments/raw_results/core45/CSG_NI_PROVISIONAL_PHASE6H/live_logs/CB1_CORE_L_CF3_R04/seed_530101.parquet,fa97fec6cac2a94cd1bdc39cbb8c0001f411fa2c,Generated Parquet live log retained locally and recoverable from Git history.,git show fa97fec6cac2a94cd1bdc39cbb8c0001f411fa2c:paper_experiments/raw_results/core45/CSG_NI_PROVISIONAL_PHASE6H/live_logs/CB1_CORE_L_CF3_R04/seed_530101.parquet
paper_experiments/raw_results/core45/CSG_NI_PROVISIONAL_PHASE6H/live_logs/CB1_CORE_L_CF3_R04/seed_530102.parquet,79ec88caf724bac7321fd2c97d337df75ad51cb34f12ec2d80e476096f867dfc,KEEP_LOCAL_IGNORED,untrack_preserve_local_path,paper_experiments/raw_results/core45/CSG_NI_PROVISIONAL_PHASE6H/live_logs/CB1_CORE_L_CF3_R04/seed_530102.parquet,fa97fec6cac2a94cd1bdc39cbb8c0001f411fa2c,Generated Parquet live log retained locally and recoverable from Git history.,git show fa97fec6cac2a94cd1bdc39cbb8c0001f411fa2c:paper_experiments/raw_results/core45/CSG_NI_PROVISIONAL_PHASE6H/live_logs/CB1_CORE_L_CF3_R04/seed_530102.parquet
paper_experiments/raw_results/core45/CSG_NI_PROVISIONAL_PHASE6H/live_logs/CB1_CORE_L_CF3_R04/seed_530103.parquet,cc10c5f8051aec9b92141d8431b98546bc2adf3177925d796a5cb6252dd5c62c,KEEP_LOCAL_IGNORED,untrack_preserve_local_path,paper_experiments/raw_results/core45/CSG_NI_PROVISIONAL_PHASE6H/live_logs/CB1_CORE_L_CF3_R04/seed_530103.parquet,fa97fec6cac2a94cd1bdc39cbb8c0001f411fa2c,Generated Parquet live log retained locally and recoverable from Git history.,git show fa97fec6cac2a94cd1bdc39cbb8c0001f411fa2c:paper_experiments/raw_results/core45/CSG_NI_PROVISIONAL_PHASE6H/live_logs/CB1_CORE_L_CF3_R04/seed_530103.parquet
paper_experiments/raw_results/core45/CSG_NI_PROVISIONAL_PHASE6H/live_logs/CB1_CORE_L_CF3_R04/seed_530104.parquet,6ca4934a257809e91d83ced1de1b4a0612f73e8276e502aace7942d9f92239f7,KEEP_LOCAL_IGNORED,untrack_preserve_local_path,paper_experiments/raw_results/core45/CSG_NI_PROVISIONAL_PHASE6H/live_logs/CB1_CORE_L_CF3_R04/seed_530104.parquet,fa97fec6cac2a94cd1bdc39cbb8c0001f411fa2c,Generated Parquet live log retained locally and recoverable from Git history.,git show fa97fec6cac2a94cd1bdc39cbb8c0001f411fa2c:paper_experiments/raw_results/core45/CSG_NI_PROVISIONAL_PHASE6H/live_logs/CB1_CORE_L_CF3_R04/seed_530104.parquet
paper_experiments/raw_results/core45/CSG_NI_PROVISIONAL_PHASE6H/live_logs/CB1_CORE_L_CF3_R04/seed_530105.parquet,ba5e508c4b141460ec1d796695ecfa7a7089ccd309c4ac974e87e4d58095e619,KEEP_LOCAL_IGNORED,untrack_preserve_local_path,paper_experiments/raw_results/core45/CSG_NI_PROVISIONAL_PHASE6H/live_logs/CB1_CORE_L_CF3_R04/seed_530105.parquet,fa97fec6cac2a94cd1bdc39cbb8c0001f411fa2c,Generated Parquet live log retained locally and recoverable from Git history.,git show fa97fec6cac2a94cd1bdc39cbb8c0001f411fa2c:paper_experiments/raw_results/core45/CSG_NI_PROVISIONAL_PHASE6H/live_logs/CB1_CORE_L_CF3_R04/seed_530105.parquet
paper_experiments/raw_results/core45/CSG_NI_PROVISIONAL_PHASE6H/live_logs/CB1_CORE_L_CF3_R05/seed_530101.parquet,99762470b7cf539bded18bb4a8fc350a3c106aa8c103cc0016ef6dbc71cd15fd,KEEP_LOCAL_IGNORED,untrack_preserve_local_path,paper_experiments/raw_results/core45/CSG_NI_PROVISIONAL_PHASE6H/live_logs/CB1_CORE_L_CF3_R05/seed_530101.parquet,fa97fec6cac2a94cd1bdc39cbb8c0001f411fa2c,Generated Parquet live log retained locally and recoverable from Git history.,git show fa97fec6cac2a94cd1bdc39cbb8c0001f411fa2c:paper_experiments/raw_results/core45/CSG_NI_PROVISIONAL_PHASE6H/live_logs/CB1_CORE_L_CF3_R05/seed_530101.parquet
paper_experiments/raw_results/core45/CSG_NI_PROVISIONAL_PHASE6H/live_logs/CB1_CORE_L_CF3_R05/seed_530102.parquet,89aa6ee2efa582f055932dabd7c69005bc9514aa2516dfc503245ec7e2270c19,KEEP_LOCAL_IGNORED,untrack_preserve_local_path,paper_experiments/raw_results/core45/CSG_NI_PROVISIONAL_PHASE6H/live_logs/CB1_CORE_L_CF3_R05/seed_530102.parquet,fa97fec6cac2a94cd1bdc39cbb8c0001f411fa2c,Generated Parquet live log retained locally and recoverable from Git history.,git show fa97fec6cac2a94cd1bdc39cbb8c0001f411fa2c:paper_experiments/raw_results/core45/CSG_NI_PROVISIONAL_PHASE6H/live_logs/CB1_CORE_L_CF3_R05/seed_530102.parquet
paper_experiments/raw_results/core45/CSG_NI_PROVISIONAL_PHASE6H/live_logs/CB1_CORE_L_CF3_R05/seed_530103.parquet,b42a46657839ef5807be5eb2b6a0fbda6edea2589cd3068a4389871f2739f2e7,KEEP_LOCAL_IGNORED,untrack_preserve_local_path,paper_experiments/raw_results/core45/CSG_NI_PROVISIONAL_PHASE6H/live_logs/CB1_CORE_L_CF3_R05/seed_530103.parquet,fa97fec6cac2a94cd1bdc39cbb8c0001f411fa2c,Generated Parquet live log retained locally and recoverable from Git history.,git show fa97fec6cac2a94cd1bdc39cbb8c0001f411fa2c:paper_experiments/raw_results/core45/CSG_NI_PROVISIONAL_PHASE6H/live_logs/CB1_CORE_L_CF3_R05/seed_530103.parquet
paper_experiments/raw_results/core45/CSG_NI_PROVISIONAL_PHASE6H/live_logs/CB1_CORE_L_CF3_R05/seed_530104.parquet,1a9fe7b78fa733b9663cb7365ba1b044950d6e7e28beaeea05251cbf2c2ffb92,KEEP_LOCAL_IGNORED,untrack_preserve_local_path,paper_experiments/raw_results/core45/CSG_NI_PROVISIONAL_PHASE6H/live_logs/CB1_CORE_L_CF3_R05/seed_530104.parquet,fa97fec6cac2a94cd1bdc39cbb8c0001f411fa2c,Generated Parquet live log retained locally and recoverable from Git history.,git show fa97fec6cac2a94cd1bdc39cbb8c0001f411fa2c:paper_experiments/raw_results/core45/CSG_NI_PROVISIONAL_PHASE6H/live_logs/CB1_CORE_L_CF3_R05/seed_530104.parquet
paper_experiments/raw_results/core45/CSG_NI_PROVISIONAL_PHASE6H/live_logs/CB1_CORE_L_CF3_R05/seed_530105.parquet,a33dce8de5b7d8671238c5949d0162777a52ed3367103db96b73f4d3782aee67,KEEP_LOCAL_IGNORED,untrack_preserve_local_path,paper_experiments/raw_results/core45/CSG_NI_PROVISIONAL_PHASE6H/live_logs/CB1_CORE_L_CF3_R05/seed_530105.parquet,fa97fec6cac2a94cd1bdc39cbb8c0001f411fa2c,Generated Parquet live log retained locally and recoverable from Git history.,git show fa97fec6cac2a94cd1bdc39cbb8c0001f411fa2c:paper_experiments/raw_results/core45/CSG_NI_PROVISIONAL_PHASE6H/live_logs/CB1_CORE_L_CF3_R05/seed_530105.parquet
paper_experiments/raw_results/core45/CSG_NI_PROVISIONAL_PHASE6H/live_logs/CB1_CORE_M_CF1_R01/seed_530101.parquet,92f4011e18790c187fe87cbb9042637c27b01fb9bb8c8e096db86557114831f5,KEEP_LOCAL_IGNORED,untrack_preserve_local_path,paper_experiments/raw_results/core45/CSG_NI_PROVISIONAL_PHASE6H/live_logs/CB1_CORE_M_CF1_R01/seed_530101.parquet,fa97fec6cac2a94cd1bdc39cbb8c0001f411fa2c,Generated Parquet live log retained locally and recoverable from Git history.,git show fa97fec6cac2a94cd1bdc39cbb8c0001f411fa2c:paper_experiments/raw_results/core45/CSG_NI_PROVISIONAL_PHASE6H/live_logs/CB1_CORE_M_CF1_R01/seed_530101.parquet
paper_experiments/raw_results/core45/CSG_NI_PROVISIONAL_PHASE6H/live_logs/CB1_CORE_M_CF1_R01/seed_530102.parquet,62c4a03e1cf913bad21dacfedcae8a29a37aafff41a691136089c2939ac88a50,KEEP_LOCAL_IGNORED,untrack_preserve_local_path,paper_experiments/raw_results/core45/CSG_NI_PROVISIONAL_PHASE6H/live_logs/CB1_CORE_M_CF1_R01/seed_530102.parquet,fa97fec6cac2a94cd1bdc39cbb8c0001f411fa2c,Generated Parquet live log retained locally and recoverable from Git history.,git show fa97fec6cac2a94cd1bdc39cbb8c0001f411fa2c:paper_experiments/raw_results/core45/CSG_NI_PROVISIONAL_PHASE6H/live_logs/CB1_CORE_M_CF1_R01/seed_530102.parquet
paper_experiments/raw_results/core45/CSG_NI_PROVISIONAL_PHASE6H/live_logs/CB1_CORE_M_CF1_R01/seed_530103.parquet,c216aabf6be2d37bcd953f4ae0fb20648640b0609b2af49b9a9daea08193b00f,KEEP_LOCAL_IGNORED,untrack_preserve_local_path,paper_experiments/raw_results/core45/CSG_NI_PROVISIONAL_PHASE6H/live_logs/CB1_CORE_M_CF1_R01/seed_530103.parquet,fa97fec6cac2a94cd1bdc39cbb8c0001f411fa2c,Generated Parquet live log retained locally and recoverable from Git history.,git show fa97fec6cac2a94cd1bdc39cbb8c0001f411fa2c:paper_experiments/raw_results/core45/CSG_NI_PROVISIONAL_PHASE6H/live_logs/CB1_CORE_M_CF1_R01/seed_530103.parquet
paper_experiments/raw_results/core45/CSG_NI_PROVISIONAL_PHASE6H/live_logs/CB1_CORE_M_CF1_R01/seed_530104.parquet,f382be326ee2145b28dcfd55f525617cbdb2bc16ac5a3723d05d829d31638382,KEEP_LOCAL_IGNORED,untrack_preserve_local_path,paper_experiments/raw_results/core45/CSG_NI_PROVISIONAL_PHASE6H/live_logs/CB1_CORE_M_CF1_R01/seed_530104.parquet,fa97fec6cac2a94cd1bdc39cbb8c0001f411fa2c,Generated Parquet live log retained locally and recoverable from Git history.,git show fa97fec6cac2a94cd1bdc39cbb8c0001f411fa2c:paper_experiments/raw_results/core45/CSG_NI_PROVISIONAL_PHASE6H/live_logs/CB1_CORE_M_CF1_R01/seed_530104.parquet
paper_experiments/raw_results/core45/CSG_NI_PROVISIONAL_PHASE6H/live_logs/CB1_CORE_M_CF1_R01/seed_530105.parquet,a3de31d0f4c3ad4a6ef2c0d427c70680e876b43cf6f45b10925fcc9c97dcfb07,KEEP_LOCAL_IGNORED,untrack_preserve_local_path,paper_experiments/raw_results/core45/CSG_NI_PROVISIONAL_PHASE6H/live_logs/CB1_CORE_M_CF1_R01/seed_530105.parquet,fa97fec6cac2a94cd1bdc39cbb8c0001f411fa2c,Generated Parquet live log retained locally and recoverable from Git history.,git show fa97fec6cac2a94cd1bdc39cbb8c0001f411fa2c:paper_experiments/raw_results/core45/CSG_NI_PROVISIONAL_PHASE6H/live_logs/CB1_CORE_M_CF1_R01/seed_530105.parquet
paper_experiments/raw_results/core45/CSG_NI_PROVISIONAL_PHASE6H/live_logs/CB1_CORE_M_CF1_R02/seed_530101.parquet,1973d5fce4c3bc0493ad73cf0a8a2c75d993ec3c980de169598bae05171c0fd9,KEEP_LOCAL_IGNORED,untrack_preserve_local_path,paper_experiments/raw_results/core45/CSG_NI_PROVISIONAL_PHASE6H/live_logs/CB1_CORE_M_CF1_R02/seed_530101.parquet,fa97fec6cac2a94cd1bdc39cbb8c0001f411fa2c,Generated Parquet live log retained locally and recoverable from Git history.,git show fa97fec6cac2a94cd1bdc39cbb8c0001f411fa2c:paper_experiments/raw_results/core45/CSG_NI_PROVISIONAL_PHASE6H/live_logs/CB1_CORE_M_CF1_R02/seed_530101.parquet
paper_experiments/raw_results/core45/CSG_NI_PROVISIONAL_PHASE6H/live_logs/CB1_CORE_M_CF1_R02/seed_530102.parquet,ebfa225353da7688fc6c59ab6dceb0f3d3b7aa993d3d4d57dc810b5d93686b9f,KEEP_LOCAL_IGNORED,untrack_preserve_local_path,paper_experiments/raw_results/core45/CSG_NI_PROVISIONAL_PHASE6H/live_logs/CB1_CORE_M_CF1_R02/seed_530102.parquet,fa97fec6cac2a94cd1bdc39cbb8c0001f411fa2c,Generated Parquet live log retained locally and recoverable from Git history.,git show fa97fec6cac2a94cd1bdc39cbb8c0001f411fa2c:paper_experiments/raw_results/core45/CSG_NI_PROVISIONAL_PHASE6H/live_logs/CB1_CORE_M_CF1_R02/seed_530102.parquet
paper_experiments/raw_results/core45/CSG_NI_PROVISIONAL_PHASE6H/live_logs/CB1_CORE_M_CF1_R02/seed_530103.parquet,5899d8696e8a215af6c020be5cc681c5b14ecf7e695a73b84a8da1024c1ef876,KEEP_LOCAL_IGNORED,untrack_preserve_local_path,paper_experiments/raw_results/core45/CSG_NI_PROVISIONAL_PHASE6H/live_logs/CB1_CORE_M_CF1_R02/seed_530103.parquet,fa97fec6cac2a94cd1bdc39cbb8c0001f411fa2c,Generated Parquet live log retained locally and recoverable from Git history.,git show fa97fec6cac2a94cd1bdc39cbb8c0001f411fa2c:paper_experiments/raw_results/core45/CSG_NI_PROVISIONAL_PHASE6H/live_logs/CB1_CORE_M_CF1_R02/seed_530103.parquet
paper_experiments/raw_results/core45/CSG_NI_PROVISIONAL_PHASE6H/live_logs/CB1_CORE_M_CF1_R02/seed_530104.parquet,1639f46ef5521358261c7735945af31c9d22db560734f35feb3620dc1e2f5b51,KEEP_LOCAL_IGNORED,untrack_preserve_local_path,paper_experiments/raw_results/core45/CSG_NI_PROVISIONAL_PHASE6H/live_logs/CB1_CORE_M_CF1_R02/seed_530104.parquet,fa97fec6cac2a94cd1bdc39cbb8c0001f411fa2c,Generated Parquet live log retained locally and recoverable from Git history.,git show fa97fec6cac2a94cd1bdc39cbb8c0001f411fa2c:paper_experiments/raw_results/core45/CSG_NI_PROVISIONAL_PHASE6H/live_logs/CB1_CORE_M_CF1_R02/seed_530104.parquet
paper_experiments/raw_results/core45/CSG_NI_PROVISIONAL_PHASE6H/live_logs/CB1_CORE_M_CF1_R02/seed_530105.parquet,1a8069477afb25d400e6e7d30773ba8ed9869724a44d807b7c9ededa1279425f,KEEP_LOCAL_IGNORED,untrack_preserve_local_path,paper_experiments/raw_results/core45/CSG_NI_PROVISIONAL_PHASE6H/live_logs/CB1_CORE_M_CF1_R02/seed_530105.parquet,fa97fec6cac2a94cd1bdc39cbb8c0001f411fa2c,Generated Parquet live log retained locally and recoverable from Git history.,git show fa97fec6cac2a94cd1bdc39cbb8c0001f411fa2c:paper_experiments/raw_results/core45/CSG_NI_PROVISIONAL_PHASE6H/live_logs/CB1_CORE_M_CF1_R02/seed_530105.parquet
paper_experiments/raw_results/core45/CSG_NI_PROVISIONAL_PHASE6H/live_logs/CB1_CORE_M_CF1_R03/seed_530101.parquet,1c68fb70714c539116f87256d08c89a737bb0bba0ca664aae1f540578415036b,KEEP_LOCAL_IGNORED,untrack_preserve_local_path,paper_experiments/raw_results/core45/CSG_NI_PROVISIONAL_PHASE6H/live_logs/CB1_CORE_M_CF1_R03/seed_530101.parquet,fa97fec6cac2a94cd1bdc39cbb8c0001f411fa2c,Generated Parquet live log retained locally and recoverable from Git history.,git show fa97fec6cac2a94cd1bdc39cbb8c0001f411fa2c:paper_experiments/raw_results/core45/CSG_NI_PROVISIONAL_PHASE6H/live_logs/CB1_CORE_M_CF1_R03/seed_530101.parquet
paper_experiments/raw_results/core45/CSG_NI_PROVISIONAL_PHASE6H/live_logs/CB1_CORE_M_CF1_R03/seed_530102.parquet,21b07993c7c23a44b6ad10374cb1f3c300bbf2a17d021fc4ae7df542a4d3af7d,KEEP_LOCAL_IGNORED,untrack_preserve_local_path,paper_experiments/raw_results/core45/CSG_NI_PROVISIONAL_PHASE6H/live_logs/CB1_CORE_M_CF1_R03/seed_530102.parquet,fa97fec6cac2a94cd1bdc39cbb8c0001f411fa2c,Generated Parquet live log retained locally and recoverable from Git history.,git show fa97fec6cac2a94cd1bdc39cbb8c0001f411fa2c:paper_experiments/raw_results/core45/CSG_NI_PROVISIONAL_PHASE6H/live_logs/CB1_CORE_M_CF1_R03/seed_530102.parquet
paper_experiments/raw_results/core45/CSG_NI_PROVISIONAL_PHASE6H/live_logs/CB1_CORE_M_CF1_R03/seed_530103.parquet,f9d5cc1784ffc10e5af0a7e87e4c66486b54f3cf7bd22c504640e6391c565235,KEEP_LOCAL_IGNORED,untrack_preserve_local_path,paper_experiments/raw_results/core45/CSG_NI_PROVISIONAL_PHASE6H/live_logs/CB1_CORE_M_CF1_R03/seed_530103.parquet,fa97fec6cac2a94cd1bdc39cbb8c0001f411fa2c,Generated Parquet live log retained locally and recoverable from Git history.,git show fa97fec6cac2a94cd1bdc39cbb8c0001f411fa2c:paper_experiments/raw_results/core45/CSG_NI_PROVISIONAL_PHASE6H/live_logs/CB1_CORE_M_CF1_R03/seed_530103.parquet
paper_experiments/raw_results/core45/CSG_NI_PROVISIONAL_PHASE6H/live_logs/CB1_CORE_M_CF1_R03/seed_530104.parquet,508027568f7ec445b166683eaf2640f41f1b71cba501dc041303d66b75330237,KEEP_LOCAL_IGNORED,untrack_preserve_local_path,paper_experiments/raw_results/core45/CSG_NI_PROVISIONAL_PHASE6H/live_logs/CB1_CORE_M_CF1_R03/seed_530104.parquet,fa97fec6cac2a94cd1bdc39cbb8c0001f411fa2c,Generated Parquet live log retained locally and recoverable from Git history.,git show fa97fec6cac2a94cd1bdc39cbb8c0001f411fa2c:paper_experiments/raw_results/core45/CSG_NI_PROVISIONAL_PHASE6H/live_logs/CB1_CORE_M_CF1_R03/seed_530104.parquet
paper_experiments/raw_results/core45/CSG_NI_PROVISIONAL_PHASE6H/live_logs/CB1_CORE_M_CF1_R03/seed_530105.parquet,adbde93e30ccb4098223fb69db488645a8437e5b19a2453668bd1bd21cfa7abf,KEEP_LOCAL_IGNORED,untrack_preserve_local_path,paper_experiments/raw_results/core45/CSG_NI_PROVISIONAL_PHASE6H/live_logs/CB1_CORE_M_CF1_R03/seed_530105.parquet,fa97fec6cac2a94cd1bdc39cbb8c0001f411fa2c,Generated Parquet live log retained locally and recoverable from Git history.,git show fa97fec6cac2a94cd1bdc39cbb8c0001f411fa2c:paper_experiments/raw_results/core45/CSG_NI_PROVISIONAL_PHASE6H/live_logs/CB1_CORE_M_CF1_R03/seed_530105.parquet
paper_experiments/raw_results/core45/CSG_NI_PROVISIONAL_PHASE6H/live_logs/CB1_CORE_M_CF1_R04/seed_530101.parquet,37bdc1ae74d9343538c72351e227a12a2f923f66b048baee5a61011656f9fbba,KEEP_LOCAL_IGNORED,untrack_preserve_local_path,paper_experiments/raw_results/core45/CSG_NI_PROVISIONAL_PHASE6H/live_logs/CB1_CORE_M_CF1_R04/seed_530101.parquet,fa97fec6cac2a94cd1bdc39cbb8c0001f411fa2c,Generated Parquet live log retained locally and recoverable from Git history.,git show fa97fec6cac2a94cd1bdc39cbb8c0001f411fa2c:paper_experiments/raw_results/core45/CSG_NI_PROVISIONAL_PHASE6H/live_logs/CB1_CORE_M_CF1_R04/seed_530101.parquet
paper_experiments/raw_results/core45/CSG_NI_PROVISIONAL_PHASE6H/live_logs/CB1_CORE_M_CF1_R04/seed_530102.parquet,be9e67d45afd88a3ccba9ff984b6d2c7472e60497f4be08d87761073fe5d311d,KEEP_LOCAL_IGNORED,untrack_preserve_local_path,paper_experiments/raw_results/core45/CSG_NI_PROVISIONAL_PHASE6H/live_logs/CB1_CORE_M_CF1_R04/seed_530102.parquet,fa97fec6cac2a94cd1bdc39cbb8c0001f411fa2c,Generated Parquet live log retained locally and recoverable from Git history.,git show fa97fec6cac2a94cd1bdc39cbb8c0001f411fa2c:paper_experiments/raw_results/core45/CSG_NI_PROVISIONAL_PHASE6H/live_logs/CB1_CORE_M_CF1_R04/seed_530102.parquet
paper_experiments/raw_results/core45/CSG_NI_PROVISIONAL_PHASE6H/live_logs/CB1_CORE_M_CF1_R04/seed_530103.parquet,d755a8a7fdceb01e9cb3e74e86df07f84cc5d12c052dd51641a6d4beacb1e1af,KEEP_LOCAL_IGNORED,untrack_preserve_local_path,paper_experiments/raw_results/core45/CSG_NI_PROVISIONAL_PHASE6H/live_logs/CB1_CORE_M_CF1_R04/seed_530103.parquet,fa97fec6cac2a94cd1bdc39cbb8c0001f411fa2c,Generated Parquet live log retained locally and recoverable from Git history.,git show fa97fec6cac2a94cd1bdc39cbb8c0001f411fa2c:paper_experiments/raw_results/core45/CSG_NI_PROVISIONAL_PHASE6H/live_logs/CB1_CORE_M_CF1_R04/seed_530103.parquet
paper_experiments/raw_results/core45/CSG_NI_PROVISIONAL_PHASE6H/live_logs/CB1_CORE_M_CF1_R04/seed_530104.parquet,64c943d99ec1b67586c9670bff74518effc5a5e0ee7c6052eee4b59f6b776aa0,KEEP_LOCAL_IGNORED,untrack_preserve_local_path,paper_experiments/raw_results/core45/CSG_NI_PROVISIONAL_PHASE6H/live_logs/CB1_CORE_M_CF1_R04/seed_530104.parquet,fa97fec6cac2a94cd1bdc39cbb8c0001f411fa2c,Generated Parquet live log retained locally and recoverable from Git history.,git show fa97fec6cac2a94cd1bdc39cbb8c0001f411fa2c:paper_experiments/raw_results/core45/CSG_NI_PROVISIONAL_PHASE6H/live_logs/CB1_CORE_M_CF1_R04/seed_530104.parquet
paper_experiments/raw_results/core45/CSG_NI_PROVISIONAL_PHASE6H/live_logs/CB1_CORE_M_CF1_R04/seed_530105.parquet,6b13685517fc2216a51c9d0af0505fba19c6ed80c59dda7c13f882704fd0a04f,KEEP_LOCAL_IGNORED,untrack_preserve_local_path,paper_experiments/raw_results/core45/CSG_NI_PROVISIONAL_PHASE6H/live_logs/CB1_CORE_M_CF1_R04/seed_530105.parquet,fa97fec6cac2a94cd1bdc39cbb8c0001f411fa2c,Generated Parquet live log retained locally and recoverable from Git history.,git show fa97fec6cac2a94cd1bdc39cbb8c0001f411fa2c:paper_experiments/raw_results/core45/CSG_NI_PROVISIONAL_PHASE6H/live_logs/CB1_CORE_M_CF1_R04/seed_530105.parquet
paper_experiments/raw_results/core45/CSG_NI_PROVISIONAL_PHASE6H/live_logs/CB1_CORE_M_CF1_R05/seed_530101.parquet,e532cd76d8c10736aa0af9aa2190ce2788c2aa94bdb2170d3e6bd86ec3c109e8,KEEP_LOCAL_IGNORED,untrack_preserve_local_path,paper_experiments/raw_results/core45/CSG_NI_PROVISIONAL_PHASE6H/live_logs/CB1_CORE_M_CF1_R05/seed_530101.parquet,fa97fec6cac2a94cd1bdc39cbb8c0001f411fa2c,Generated Parquet live log retained locally and recoverable from Git history.,git show fa97fec6cac2a94cd1bdc39cbb8c0001f411fa2c:paper_experiments/raw_results/core45/CSG_NI_PROVISIONAL_PHASE6H/live_logs/CB1_CORE_M_CF1_R05/seed_530101.parquet
paper_experiments/raw_results/core45/CSG_NI_PROVISIONAL_PHASE6H/live_logs/CB1_CORE_M_CF1_R05/seed_530102.parquet,92642337de83e4471f766a573e520138d6f21a7918c0cf5584992df662a7dadd,KEEP_LOCAL_IGNORED,untrack_preserve_local_path,paper_experiments/raw_results/core45/CSG_NI_PROVISIONAL_PHASE6H/live_logs/CB1_CORE_M_CF1_R05/seed_530102.parquet,fa97fec6cac2a94cd1bdc39cbb8c0001f411fa2c,Generated Parquet live log retained locally and recoverable from Git history.,git show fa97fec6cac2a94cd1bdc39cbb8c0001f411fa2c:paper_experiments/raw_results/core45/CSG_NI_PROVISIONAL_PHASE6H/live_logs/CB1_CORE_M_CF1_R05/seed_530102.parquet
paper_experiments/raw_results/core45/CSG_NI_PROVISIONAL_PHASE6H/live_logs/CB1_CORE_M_CF1_R05/seed_530103.parquet,52e72345c61fb3aa348ed0532e1b0ebdc261cb3834c9f3893b614dcef73cdabb,KEEP_LOCAL_IGNORED,untrack_preserve_local_path,paper_experiments/raw_results/core45/CSG_NI_PROVISIONAL_PHASE6H/live_logs/CB1_CORE_M_CF1_R05/seed_530103.parquet,fa97fec6cac2a94cd1bdc39cbb8c0001f411fa2c,Generated Parquet live log retained locally and recoverable from Git history.,git show fa97fec6cac2a94cd1bdc39cbb8c0001f411fa2c:paper_experiments/raw_results/core45/CSG_NI_PROVISIONAL_PHASE6H/live_logs/CB1_CORE_M_CF1_R05/seed_530103.parquet
paper_experiments/raw_results/core45/CSG_NI_PROVISIONAL_PHASE6H/live_logs/CB1_CORE_M_CF1_R05/seed_530104.parquet,6bc8210db20f4c3e2986ba9a0ed9e8c9b3507da2dd6a57981f32a2fa82fe34ec,KEEP_LOCAL_IGNORED,untrack_preserve_local_path,paper_experiments/raw_results/core45/CSG_NI_PROVISIONAL_PHASE6H/live_logs/CB1_CORE_M_CF1_R05/seed_530104.parquet,fa97fec6cac2a94cd1bdc39cbb8c0001f411fa2c,Generated Parquet live log retained locally and recoverable from Git history.,git show fa97fec6cac2a94cd1bdc39cbb8c0001f411fa2c:paper_experiments/raw_results/core45/CSG_NI_PROVISIONAL_PHASE6H/live_logs/CB1_CORE_M_CF1_R05/seed_530104.parquet
paper_experiments/raw_results/core45/CSG_NI_PROVISIONAL_PHASE6H/live_logs/CB1_CORE_M_CF1_R05/seed_530105.parquet,31215be15dc253e62d414a4007ef9de7649164164608c9872503e0dbf4f299e9,KEEP_LOCAL_IGNORED,untrack_preserve_local_path,paper_experiments/raw_results/core45/CSG_NI_PROVISIONAL_PHASE6H/live_logs/CB1_CORE_M_CF1_R05/seed_530105.parquet,fa97fec6cac2a94cd1bdc39cbb8c0001f411fa2c,Generated Parquet live log retained locally and recoverable from Git history.,git show fa97fec6cac2a94cd1bdc39cbb8c0001f411fa2c:paper_experiments/raw_results/core45/CSG_NI_PROVISIONAL_PHASE6H/live_logs/CB1_CORE_M_CF1_R05/seed_530105.parquet
paper_experiments/raw_results/core45/CSG_NI_PROVISIONAL_PHASE6H/live_logs/CB1_CORE_M_CF2_R01/seed_530101.parquet,e3e2484eea4270021f676a00995f03ef966fcaf92b2faa6e0e8358d3367248c7,KEEP_LOCAL_IGNORED,untrack_preserve_local_path,paper_experiments/raw_results/core45/CSG_NI_PROVISIONAL_PHASE6H/live_logs/CB1_CORE_M_CF2_R01/seed_530101.parquet,fa97fec6cac2a94cd1bdc39cbb8c0001f411fa2c,Generated Parquet live log retained locally and recoverable from Git history.,git show fa97fec6cac2a94cd1bdc39cbb8c0001f411fa2c:paper_experiments/raw_results/core45/CSG_NI_PROVISIONAL_PHASE6H/live_logs/CB1_CORE_M_CF2_R01/seed_530101.parquet
paper_experiments/raw_results/core45/CSG_NI_PROVISIONAL_PHASE6H/live_logs/CB1_CORE_M_CF2_R01/seed_530102.parquet,723edea403af59d06adf63c9b2402141a51ba13d5ca406c22566b0053adc2700,KEEP_LOCAL_IGNORED,untrack_preserve_local_path,paper_experiments/raw_results/core45/CSG_NI_PROVISIONAL_PHASE6H/live_logs/CB1_CORE_M_CF2_R01/seed_530102.parquet,fa97fec6cac2a94cd1bdc39cbb8c0001f411fa2c,Generated Parquet live log retained locally and recoverable from Git history.,git show fa97fec6cac2a94cd1bdc39cbb8c0001f411fa2c:paper_experiments/raw_results/core45/CSG_NI_PROVISIONAL_PHASE6H/live_logs/CB1_CORE_M_CF2_R01/seed_530102.parquet
paper_experiments/raw_results/core45/CSG_NI_PROVISIONAL_PHASE6H/live_logs/CB1_CORE_M_CF2_R01/seed_530103.parquet,034bedc84a38f8663a2638f1ac390dd0acfaea21f25f2cba6edce465e16d9690,KEEP_LOCAL_IGNORED,untrack_preserve_local_path,paper_experiments/raw_results/core45/CSG_NI_PROVISIONAL_PHASE6H/live_logs/CB1_CORE_M_CF2_R01/seed_530103.parquet,fa97fec6cac2a94cd1bdc39cbb8c0001f411fa2c,Generated Parquet live log retained locally and recoverable from Git history.,git show fa97fec6cac2a94cd1bdc39cbb8c0001f411fa2c:paper_experiments/raw_results/core45/CSG_NI_PROVISIONAL_PHASE6H/live_logs/CB1_CORE_M_CF2_R01/seed_530103.parquet
paper_experiments/raw_results/core45/CSG_NI_PROVISIONAL_PHASE6H/live_logs/CB1_CORE_M_CF2_R01/seed_530104.parquet,8e53fd495905ef8a2a4e24da74992a29b1e891cda46f7e35a259045a8414ad41,KEEP_LOCAL_IGNORED,untrack_preserve_local_path,paper_experiments/raw_results/core45/CSG_NI_PROVISIONAL_PHASE6H/live_logs/CB1_CORE_M_CF2_R01/seed_530104.parquet,fa97fec6cac2a94cd1bdc39cbb8c0001f411fa2c,Generated Parquet live log retained locally and recoverable from Git history.,git show fa97fec6cac2a94cd1bdc39cbb8c0001f411fa2c:paper_experiments/raw_results/core45/CSG_NI_PROVISIONAL_PHASE6H/live_logs/CB1_CORE_M_CF2_R01/seed_530104.parquet
paper_experiments/raw_results/core45/CSG_NI_PROVISIONAL_PHASE6H/live_logs/CB1_CORE_M_CF2_R01/seed_530105.parquet,20ccaf54470d7ffe14878d9ff02f5d8dcfcd28e2df70f0597916c7ac549e15fd,KEEP_LOCAL_IGNORED,untrack_preserve_local_path,paper_experiments/raw_results/core45/CSG_NI_PROVISIONAL_PHASE6H/live_logs/CB1_CORE_M_CF2_R01/seed_530105.parquet,fa97fec6cac2a94cd1bdc39cbb8c0001f411fa2c,Generated Parquet live log retained locally and recoverable from Git history.,git show fa97fec6cac2a94cd1bdc39cbb8c0001f411fa2c:paper_experiments/raw_results/core45/CSG_NI_PROVISIONAL_PHASE6H/live_logs/CB1_CORE_M_CF2_R01/seed_530105.parquet
paper_experiments/raw_results/core45/CSG_NI_PROVISIONAL_PHASE6H/live_logs/CB1_CORE_M_CF2_R02/seed_530101.parquet,416bf4f419c2e2e9286c702ec2bce9f816eef0094aac590ba9ed37596b65cb35,KEEP_LOCAL_IGNORED,untrack_preserve_local_path,paper_experiments/raw_results/core45/CSG_NI_PROVISIONAL_PHASE6H/live_logs/CB1_CORE_M_CF2_R02/seed_530101.parquet,fa97fec6cac2a94cd1bdc39cbb8c0001f411fa2c,Generated Parquet live log retained locally and recoverable from Git history.,git show fa97fec6cac2a94cd1bdc39cbb8c0001f411fa2c:paper_experiments/raw_results/core45/CSG_NI_PROVISIONAL_PHASE6H/live_logs/CB1_CORE_M_CF2_R02/seed_530101.parquet
paper_experiments/raw_results/core45/CSG_NI_PROVISIONAL_PHASE6H/live_logs/CB1_CORE_M_CF2_R02/seed_530102.parquet,4aa8200607c6363d03ea45a8205378c72a9d78e143fbb541c1b14e68824d8fdc,KEEP_LOCAL_IGNORED,untrack_preserve_local_path,paper_experiments/raw_results/core45/CSG_NI_PROVISIONAL_PHASE6H/live_logs/CB1_CORE_M_CF2_R02/seed_530102.parquet,fa97fec6cac2a94cd1bdc39cbb8c0001f411fa2c,Generated Parquet live log retained locally and recoverable from Git history.,git show fa97fec6cac2a94cd1bdc39cbb8c0001f411fa2c:paper_experiments/raw_results/core45/CSG_NI_PROVISIONAL_PHASE6H/live_logs/CB1_CORE_M_CF2_R02/seed_530102.parquet
paper_experiments/raw_results/core45/CSG_NI_PROVISIONAL_PHASE6H/live_logs/CB1_CORE_M_CF2_R02/seed_530103.parquet,474ae3e548978871e683fcdd043e1a390738d6ceb13d37a69e638a34aabd5483,KEEP_LOCAL_IGNORED,untrack_preserve_local_path,paper_experiments/raw_results/core45/CSG_NI_PROVISIONAL_PHASE6H/live_logs/CB1_CORE_M_CF2_R02/seed_530103.parquet,fa97fec6cac2a94cd1bdc39cbb8c0001f411fa2c,Generated Parquet live log retained locally and recoverable from Git history.,git show fa97fec6cac2a94cd1bdc39cbb8c0001f411fa2c:paper_experiments/raw_results/core45/CSG_NI_PROVISIONAL_PHASE6H/live_logs/CB1_CORE_M_CF2_R02/seed_530103.parquet
paper_experiments/raw_results/core45/CSG_NI_PROVISIONAL_PHASE6H/live_logs/CB1_CORE_M_CF2_R02/seed_530104.parquet,2abfb309632d45d75696049681ab39a78c8844bd175b1e66dac735b323fe0510,KEEP_LOCAL_IGNORED,untrack_preserve_local_path,paper_experiments/raw_results/core45/CSG_NI_PROVISIONAL_PHASE6H/live_logs/CB1_CORE_M_CF2_R02/seed_530104.parquet,fa97fec6cac2a94cd1bdc39cbb8c0001f411fa2c,Generated Parquet live log retained locally and recoverable from Git history.,git show fa97fec6cac2a94cd1bdc39cbb8c0001f411fa2c:paper_experiments/raw_results/core45/CSG_NI_PROVISIONAL_PHASE6H/live_logs/CB1_CORE_M_CF2_R02/seed_530104.parquet
paper_experiments/raw_results/core45/CSG_NI_PROVISIONAL_PHASE6H/live_logs/CB1_CORE_M_CF2_R02/seed_530105.parquet,4349295d851ee5e6a452f93666a7829d8822a743b57ab5f916da35dbc9d2675d,KEEP_LOCAL_IGNORED,untrack_preserve_local_path,paper_experiments/raw_results/core45/CSG_NI_PROVISIONAL_PHASE6H/live_logs/CB1_CORE_M_CF2_R02/seed_530105.parquet,fa97fec6cac2a94cd1bdc39cbb8c0001f411fa2c,Generated Parquet live log retained locally and recoverable from Git history.,git show fa97fec6cac2a94cd1bdc39cbb8c0001f411fa2c:paper_experiments/raw_results/core45/CSG_NI_PROVISIONAL_PHASE6H/live_logs/CB1_CORE_M_CF2_R02/seed_530105.parquet
paper_experiments/raw_results/core45/CSG_NI_PROVISIONAL_PHASE6H/live_logs/CB1_CORE_M_CF2_R03/seed_530101.parquet,96bd92454c40178a2b47f677b4556c38d6369d653f3f882bc477f21effd6a012,KEEP_LOCAL_IGNORED,untrack_preserve_local_path,paper_experiments/raw_results/core45/CSG_NI_PROVISIONAL_PHASE6H/live_logs/CB1_CORE_M_CF2_R03/seed_530101.parquet,fa97fec6cac2a94cd1bdc39cbb8c0001f411fa2c,Generated Parquet live log retained locally and recoverable from Git history.,git show fa97fec6cac2a94cd1bdc39cbb8c0001f411fa2c:paper_experiments/raw_results/core45/CSG_NI_PROVISIONAL_PHASE6H/live_logs/CB1_CORE_M_CF2_R03/seed_530101.parquet
paper_experiments/raw_results/core45/CSG_NI_PROVISIONAL_PHASE6H/live_logs/CB1_CORE_M_CF2_R03/seed_530102.parquet,82d1269324832e8c97fae2ab245ec77b2f00a260a7e09eec5233ae48756356bc,KEEP_LOCAL_IGNORED,untrack_preserve_local_path,paper_experiments/raw_results/core45/CSG_NI_PROVISIONAL_PHASE6H/live_logs/CB1_CORE_M_CF2_R03/seed_530102.parquet,fa97fec6cac2a94cd1bdc39cbb8c0001f411fa2c,Generated Parquet live log retained locally and recoverable from Git history.,git show fa97fec6cac2a94cd1bdc39cbb8c0001f411fa2c:paper_experiments/raw_results/core45/CSG_NI_PROVISIONAL_PHASE6H/live_logs/CB1_CORE_M_CF2_R03/seed_530102.parquet
paper_experiments/raw_results/core45/CSG_NI_PROVISIONAL_PHASE6H/live_logs/CB1_CORE_M_CF2_R03/seed_530103.parquet,54b4d441d2d075a099008f7c6dcd2648e5c9cc8679b2a6cf0e198639550b5cb3,KEEP_LOCAL_IGNORED,untrack_preserve_local_path,paper_experiments/raw_results/core45/CSG_NI_PROVISIONAL_PHASE6H/live_logs/CB1_CORE_M_CF2_R03/seed_530103.parquet,fa97fec6cac2a94cd1bdc39cbb8c0001f411fa2c,Generated Parquet live log retained locally and recoverable from Git history.,git show fa97fec6cac2a94cd1bdc39cbb8c0001f411fa2c:paper_experiments/raw_results/core45/CSG_NI_PROVISIONAL_PHASE6H/live_logs/CB1_CORE_M_CF2_R03/seed_530103.parquet
paper_experiments/raw_results/core45/CSG_NI_PROVISIONAL_PHASE6H/live_logs/CB1_CORE_M_CF2_R03/seed_530104.parquet,1d7c06fb418e2ed3a573f506698586aaf1863c75bd89bdc9f52d2118c3880668,KEEP_LOCAL_IGNORED,untrack_preserve_local_path,paper_experiments/raw_results/core45/CSG_NI_PROVISIONAL_PHASE6H/live_logs/CB1_CORE_M_CF2_R03/seed_530104.parquet,fa97fec6cac2a94cd1bdc39cbb8c0001f411fa2c,Generated Parquet live log retained locally and recoverable from Git history.,git show fa97fec6cac2a94cd1bdc39cbb8c0001f411fa2c:paper_experiments/raw_results/core45/CSG_NI_PROVISIONAL_PHASE6H/live_logs/CB1_CORE_M_CF2_R03/seed_530104.parquet
paper_experiments/raw_results/core45/CSG_NI_PROVISIONAL_PHASE6H/live_logs/CB1_CORE_M_CF2_R03/seed_530105.parquet,75ba62b2519f12f4ed1876c444370394a00eb6cd86c91ca11d9f971b9be32b8f,KEEP_LOCAL_IGNORED,untrack_preserve_local_path,paper_experiments/raw_results/core45/CSG_NI_PROVISIONAL_PHASE6H/live_logs/CB1_CORE_M_CF2_R03/seed_530105.parquet,fa97fec6cac2a94cd1bdc39cbb8c0001f411fa2c,Generated Parquet live log retained locally and recoverable from Git history.,git show fa97fec6cac2a94cd1bdc39cbb8c0001f411fa2c:paper_experiments/raw_results/core45/CSG_NI_PROVISIONAL_PHASE6H/live_logs/CB1_CORE_M_CF2_R03/seed_530105.parquet
paper_experiments/raw_results/core45/CSG_NI_PROVISIONAL_PHASE6H/live_logs/CB1_CORE_M_CF2_R04/seed_530101.parquet,6783c811758c1766947fd57133250862dcf98d7912827f379916891705ad5ed6,KEEP_LOCAL_IGNORED,untrack_preserve_local_path,paper_experiments/raw_results/core45/CSG_NI_PROVISIONAL_PHASE6H/live_logs/CB1_CORE_M_CF2_R04/seed_530101.parquet,fa97fec6cac2a94cd1bdc39cbb8c0001f411fa2c,Generated Parquet live log retained locally and recoverable from Git history.,git show fa97fec6cac2a94cd1bdc39cbb8c0001f411fa2c:paper_experiments/raw_results/core45/CSG_NI_PROVISIONAL_PHASE6H/live_logs/CB1_CORE_M_CF2_R04/seed_530101.parquet
paper_experiments/raw_results/core45/CSG_NI_PROVISIONAL_PHASE6H/live_logs/CB1_CORE_M_CF2_R04/seed_530102.parquet,343c7d44dd98cf768e7c409e9548ed2ec2dedbcc602834245935bf647dcdce93,KEEP_LOCAL_IGNORED,untrack_preserve_local_path,paper_experiments/raw_results/core45/CSG_NI_PROVISIONAL_PHASE6H/live_logs/CB1_CORE_M_CF2_R04/seed_530102.parquet,fa97fec6cac2a94cd1bdc39cbb8c0001f411fa2c,Generated Parquet live log retained locally and recoverable from Git history.,git show fa97fec6cac2a94cd1bdc39cbb8c0001f411fa2c:paper_experiments/raw_results/core45/CSG_NI_PROVISIONAL_PHASE6H/live_logs/CB1_CORE_M_CF2_R04/seed_530102.parquet
paper_experiments/raw_results/core45/CSG_NI_PROVISIONAL_PHASE6H/live_logs/CB1_CORE_M_CF2_R04/seed_530103.parquet,e9831df6689f83e1086b058a7676849192b713c0b99db1010db795727c74e383,KEEP_LOCAL_IGNORED,untrack_preserve_local_path,paper_experiments/raw_results/core45/CSG_NI_PROVISIONAL_PHASE6H/live_logs/CB1_CORE_M_CF2_R04/seed_530103.parquet,fa97fec6cac2a94cd1bdc39cbb8c0001f411fa2c,Generated Parquet live log retained locally and recoverable from Git history.,git show fa97fec6cac2a94cd1bdc39cbb8c0001f411fa2c:paper_experiments/raw_results/core45/CSG_NI_PROVISIONAL_PHASE6H/live_logs/CB1_CORE_M_CF2_R04/seed_530103.parquet
paper_experiments/raw_results/core45/CSG_NI_PROVISIONAL_PHASE6H/live_logs/CB1_CORE_M_CF2_R04/seed_530104.parquet,4b49c9da2725c9fdacc1f90a3c90354115c936e41a7e862161836456db20b522,KEEP_LOCAL_IGNORED,untrack_preserve_local_path,paper_experiments/raw_results/core45/CSG_NI_PROVISIONAL_PHASE6H/live_logs/CB1_CORE_M_CF2_R04/seed_530104.parquet,fa97fec6cac2a94cd1bdc39cbb8c0001f411fa2c,Generated Parquet live log retained locally and recoverable from Git history.,git show fa97fec6cac2a94cd1bdc39cbb8c0001f411fa2c:paper_experiments/raw_results/core45/CSG_NI_PROVISIONAL_PHASE6H/live_logs/CB1_CORE_M_CF2_R04/seed_530104.parquet
paper_experiments/raw_results/core45/CSG_NI_PROVISIONAL_PHASE6H/live_logs/CB1_CORE_M_CF2_R04/seed_530105.parquet,809064359196f9b55a08e6636c0cdeba8aa0c7d8c238be46600105f36aae3191,KEEP_LOCAL_IGNORED,untrack_preserve_local_path,paper_experiments/raw_results/core45/CSG_NI_PROVISIONAL_PHASE6H/live_logs/CB1_CORE_M_CF2_R04/seed_530105.parquet,fa97fec6cac2a94cd1bdc39cbb8c0001f411fa2c,Generated Parquet live log retained locally and recoverable from Git history.,git show fa97fec6cac2a94cd1bdc39cbb8c0001f411fa2c:paper_experiments/raw_results/core45/CSG_NI_PROVISIONAL_PHASE6H/live_logs/CB1_CORE_M_CF2_R04/seed_530105.parquet
paper_experiments/raw_results/core45/CSG_NI_PROVISIONAL_PHASE6H/live_logs/CB1_CORE_M_CF2_R05/seed_530101.parquet,460d33114fdaa0ab789191401008166efa5dc24e793acadc7dd0280d6583684c,KEEP_LOCAL_IGNORED,untrack_preserve_local_path,paper_experiments/raw_results/core45/CSG_NI_PROVISIONAL_PHASE6H/live_logs/CB1_CORE_M_CF2_R05/seed_530101.parquet,fa97fec6cac2a94cd1bdc39cbb8c0001f411fa2c,Generated Parquet live log retained locally and recoverable from Git history.,git show fa97fec6cac2a94cd1bdc39cbb8c0001f411fa2c:paper_experiments/raw_results/core45/CSG_NI_PROVISIONAL_PHASE6H/live_logs/CB1_CORE_M_CF2_R05/seed_530101.parquet
paper_experiments/raw_results/core45/CSG_NI_PROVISIONAL_PHASE6H/live_logs/CB1_CORE_M_CF2_R05/seed_530102.parquet,4042e140e73c8795c1f4e6fbce0d20ac6e4a95dfcb7bb49895973601b57ea673,KEEP_LOCAL_IGNORED,untrack_preserve_local_path,paper_experiments/raw_results/core45/CSG_NI_PROVISIONAL_PHASE6H/live_logs/CB1_CORE_M_CF2_R05/seed_530102.parquet,fa97fec6cac2a94cd1bdc39cbb8c0001f411fa2c,Generated Parquet live log retained locally and recoverable from Git history.,git show fa97fec6cac2a94cd1bdc39cbb8c0001f411fa2c:paper_experiments/raw_results/core45/CSG_NI_PROVISIONAL_PHASE6H/live_logs/CB1_CORE_M_CF2_R05/seed_530102.parquet
paper_experiments/raw_results/core45/CSG_NI_PROVISIONAL_PHASE6H/live_logs/CB1_CORE_M_CF2_R05/seed_530103.parquet,38088f4a4fedaa10885a3b23bfe7feefe21e9304411e3fa4e10b30058d2bbd97,KEEP_LOCAL_IGNORED,untrack_preserve_local_path,paper_experiments/raw_results/core45/CSG_NI_PROVISIONAL_PHASE6H/live_logs/CB1_CORE_M_CF2_R05/seed_530103.parquet,fa97fec6cac2a94cd1bdc39cbb8c0001f411fa2c,Generated Parquet live log retained locally and recoverable from Git history.,git show fa97fec6cac2a94cd1bdc39cbb8c0001f411fa2c:paper_experiments/raw_results/core45/CSG_NI_PROVISIONAL_PHASE6H/live_logs/CB1_CORE_M_CF2_R05/seed_530103.parquet
paper_experiments/raw_results/core45/CSG_NI_PROVISIONAL_PHASE6H/live_logs/CB1_CORE_M_CF2_R05/seed_530104.parquet,b528c26bf1f7ef915deee5abe153573862f98efd5fa80971638e703b362334b1,KEEP_LOCAL_IGNORED,untrack_preserve_local_path,paper_experiments/raw_results/core45/CSG_NI_PROVISIONAL_PHASE6H/live_logs/CB1_CORE_M_CF2_R05/seed_530104.parquet,fa97fec6cac2a94cd1bdc39cbb8c0001f411fa2c,Generated Parquet live log retained locally and recoverable from Git history.,git show fa97fec6cac2a94cd1bdc39cbb8c0001f411fa2c:paper_experiments/raw_results/core45/CSG_NI_PROVISIONAL_PHASE6H/live_logs/CB1_CORE_M_CF2_R05/seed_530104.parquet
paper_experiments/raw_results/core45/CSG_NI_PROVISIONAL_PHASE6H/live_logs/CB1_CORE_M_CF2_R05/seed_530105.parquet,d8d0f0008bd373b47c9c041ac9e2d25c646ce018c58f381345e21fbb056c9df5,KEEP_LOCAL_IGNORED,untrack_preserve_local_path,paper_experiments/raw_results/core45/CSG_NI_PROVISIONAL_PHASE6H/live_logs/CB1_CORE_M_CF2_R05/seed_530105.parquet,fa97fec6cac2a94cd1bdc39cbb8c0001f411fa2c,Generated Parquet live log retained locally and recoverable from Git history.,git show fa97fec6cac2a94cd1bdc39cbb8c0001f411fa2c:paper_experiments/raw_results/core45/CSG_NI_PROVISIONAL_PHASE6H/live_logs/CB1_CORE_M_CF2_R05/seed_530105.parquet
paper_experiments/raw_results/core45/CSG_NI_PROVISIONAL_PHASE6H/live_logs/CB1_CORE_M_CF3_R01/seed_530101.parquet,37f0d61c977faed858cb3b3814f721a76f7d8f97115dee6b50469a51309c861e,KEEP_LOCAL_IGNORED,untrack_preserve_local_path,paper_experiments/raw_results/core45/CSG_NI_PROVISIONAL_PHASE6H/live_logs/CB1_CORE_M_CF3_R01/seed_530101.parquet,fa97fec6cac2a94cd1bdc39cbb8c0001f411fa2c,Generated Parquet live log retained locally and recoverable from Git history.,git show fa97fec6cac2a94cd1bdc39cbb8c0001f411fa2c:paper_experiments/raw_results/core45/CSG_NI_PROVISIONAL_PHASE6H/live_logs/CB1_CORE_M_CF3_R01/seed_530101.parquet
paper_experiments/raw_results/core45/CSG_NI_PROVISIONAL_PHASE6H/live_logs/CB1_CORE_M_CF3_R01/seed_530102.parquet,0f7864d99752ccbde6e9d6b7eb3ad09214c0ff2de2ede9aec8bbd0515073a970,KEEP_LOCAL_IGNORED,untrack_preserve_local_path,paper_experiments/raw_results/core45/CSG_NI_PROVISIONAL_PHASE6H/live_logs/CB1_CORE_M_CF3_R01/seed_530102.parquet,fa97fec6cac2a94cd1bdc39cbb8c0001f411fa2c,Generated Parquet live log retained locally and recoverable from Git history.,git show fa97fec6cac2a94cd1bdc39cbb8c0001f411fa2c:paper_experiments/raw_results/core45/CSG_NI_PROVISIONAL_PHASE6H/live_logs/CB1_CORE_M_CF3_R01/seed_530102.parquet
paper_experiments/raw_results/core45/CSG_NI_PROVISIONAL_PHASE6H/live_logs/CB1_CORE_M_CF3_R01/seed_530103.parquet,e8210a12f377532370be34e094728e670a73963c1983d22658c24772f02f49a3,KEEP_LOCAL_IGNORED,untrack_preserve_local_path,paper_experiments/raw_results/core45/CSG_NI_PROVISIONAL_PHASE6H/live_logs/CB1_CORE_M_CF3_R01/seed_530103.parquet,fa97fec6cac2a94cd1bdc39cbb8c0001f411fa2c,Generated Parquet live log retained locally and recoverable from Git history.,git show fa97fec6cac2a94cd1bdc39cbb8c0001f411fa2c:paper_experiments/raw_results/core45/CSG_NI_PROVISIONAL_PHASE6H/live_logs/CB1_CORE_M_CF3_R01/seed_530103.parquet
paper_experiments/raw_results/core45/CSG_NI_PROVISIONAL_PHASE6H/live_logs/CB1_CORE_M_CF3_R01/seed_530104.parquet,6ee08fb7a779ebdd3b5f2b0dad4656c120ee86865acdb4f0d020c09f9073eb37,KEEP_LOCAL_IGNORED,untrack_preserve_local_path,paper_experiments/raw_results/core45/CSG_NI_PROVISIONAL_PHASE6H/live_logs/CB1_CORE_M_CF3_R01/seed_530104.parquet,fa97fec6cac2a94cd1bdc39cbb8c0001f411fa2c,Generated Parquet live log retained locally and recoverable from Git history.,git show fa97fec6cac2a94cd1bdc39cbb8c0001f411fa2c:paper_experiments/raw_results/core45/CSG_NI_PROVISIONAL_PHASE6H/live_logs/CB1_CORE_M_CF3_R01/seed_530104.parquet
paper_experiments/raw_results/core45/CSG_NI_PROVISIONAL_PHASE6H/live_logs/CB1_CORE_M_CF3_R01/seed_530105.parquet,aae3b2c4819998af80f11a46c8ead42646bbf69815a02f7ae051cb18ace4c012,KEEP_LOCAL_IGNORED,untrack_preserve_local_path,paper_experiments/raw_results/core45/CSG_NI_PROVISIONAL_PHASE6H/live_logs/CB1_CORE_M_CF3_R01/seed_530105.parquet,fa97fec6cac2a94cd1bdc39cbb8c0001f411fa2c,Generated Parquet live log retained locally and recoverable from Git history.,git show fa97fec6cac2a94cd1bdc39cbb8c0001f411fa2c:paper_experiments/raw_results/core45/CSG_NI_PROVISIONAL_PHASE6H/live_logs/CB1_CORE_M_CF3_R01/seed_530105.parquet
paper_experiments/raw_results/core45/CSG_NI_PROVISIONAL_PHASE6H/live_logs/CB1_CORE_M_CF3_R02/seed_530101.parquet,b1a199be17bd1904e64bce8c8fc0abd3f53dd57fbdeec6400a7f0b6c5e4dda41,KEEP_LOCAL_IGNORED,untrack_preserve_local_path,paper_experiments/raw_results/core45/CSG_NI_PROVISIONAL_PHASE6H/live_logs/CB1_CORE_M_CF3_R02/seed_530101.parquet,fa97fec6cac2a94cd1bdc39cbb8c0001f411fa2c,Generated Parquet live log retained locally and recoverable from Git history.,git show fa97fec6cac2a94cd1bdc39cbb8c0001f411fa2c:paper_experiments/raw_results/core45/CSG_NI_PROVISIONAL_PHASE6H/live_logs/CB1_CORE_M_CF3_R02/seed_530101.parquet
paper_experiments/raw_results/core45/CSG_NI_PROVISIONAL_PHASE6H/live_logs/CB1_CORE_M_CF3_R02/seed_530102.parquet,8735c00fbc34b63bffdf70a0e7403932ac01b5a6f24a8565cb54875a541df6c4,KEEP_LOCAL_IGNORED,untrack_preserve_local_path,paper_experiments/raw_results/core45/CSG_NI_PROVISIONAL_PHASE6H/live_logs/CB1_CORE_M_CF3_R02/seed_530102.parquet,fa97fec6cac2a94cd1bdc39cbb8c0001f411fa2c,Generated Parquet live log retained locally and recoverable from Git history.,git show fa97fec6cac2a94cd1bdc39cbb8c0001f411fa2c:paper_experiments/raw_results/core45/CSG_NI_PROVISIONAL_PHASE6H/live_logs/CB1_CORE_M_CF3_R02/seed_530102.parquet
paper_experiments/raw_results/core45/CSG_NI_PROVISIONAL_PHASE6H/live_logs/CB1_CORE_M_CF3_R02/seed_530103.parquet,b9709c7d0446a405ab8a314046278d94b04e1266cebd6fbb0b2beb5dae675b0a,KEEP_LOCAL_IGNORED,untrack_preserve_local_path,paper_experiments/raw_results/core45/CSG_NI_PROVISIONAL_PHASE6H/live_logs/CB1_CORE_M_CF3_R02/seed_530103.parquet,fa97fec6cac2a94cd1bdc39cbb8c0001f411fa2c,Generated Parquet live log retained locally and recoverable from Git history.,git show fa97fec6cac2a94cd1bdc39cbb8c0001f411fa2c:paper_experiments/raw_results/core45/CSG_NI_PROVISIONAL_PHASE6H/live_logs/CB1_CORE_M_CF3_R02/seed_530103.parquet
paper_experiments/raw_results/core45/CSG_NI_PROVISIONAL_PHASE6H/live_logs/CB1_CORE_M_CF3_R02/seed_530104.parquet,5733a8f2b38c501553077a39086b574d8650dfc9ea573de41c9ec082b1717982,KEEP_LOCAL_IGNORED,untrack_preserve_local_path,paper_experiments/raw_results/core45/CSG_NI_PROVISIONAL_PHASE6H/live_logs/CB1_CORE_M_CF3_R02/seed_530104.parquet,fa97fec6cac2a94cd1bdc39cbb8c0001f411fa2c,Generated Parquet live log retained locally and recoverable from Git history.,git show fa97fec6cac2a94cd1bdc39cbb8c0001f411fa2c:paper_experiments/raw_results/core45/CSG_NI_PROVISIONAL_PHASE6H/live_logs/CB1_CORE_M_CF3_R02/seed_530104.parquet
paper_experiments/raw_results/core45/CSG_NI_PROVISIONAL_PHASE6H/live_logs/CB1_CORE_M_CF3_R02/seed_530105.parquet,57d9117929daddfe6a9fd4e846f80397ef79a6703ad30c609387423f7846d9e0,KEEP_LOCAL_IGNORED,untrack_preserve_local_path,paper_experiments/raw_results/core45/CSG_NI_PROVISIONAL_PHASE6H/live_logs/CB1_CORE_M_CF3_R02/seed_530105.parquet,fa97fec6cac2a94cd1bdc39cbb8c0001f411fa2c,Generated Parquet live log retained locally and recoverable from Git history.,git show fa97fec6cac2a94cd1bdc39cbb8c0001f411fa2c:paper_experiments/raw_results/core45/CSG_NI_PROVISIONAL_PHASE6H/live_logs/CB1_CORE_M_CF3_R02/seed_530105.parquet
paper_experiments/raw_results/core45/CSG_NI_PROVISIONAL_PHASE6H/live_logs/CB1_CORE_M_CF3_R03/seed_530101.parquet,b6c3611fcd89ac145a6e85956c310d39fe0a1186ef445b8ae84aa0a0e0cdde0c,KEEP_LOCAL_IGNORED,untrack_preserve_local_path,paper_experiments/raw_results/core45/CSG_NI_PROVISIONAL_PHASE6H/live_logs/CB1_CORE_M_CF3_R03/seed_530101.parquet,fa97fec6cac2a94cd1bdc39cbb8c0001f411fa2c,Generated Parquet live log retained locally and recoverable from Git history.,git show fa97fec6cac2a94cd1bdc39cbb8c0001f411fa2c:paper_experiments/raw_results/core45/CSG_NI_PROVISIONAL_PHASE6H/live_logs/CB1_CORE_M_CF3_R03/seed_530101.parquet
paper_experiments/raw_results/core45/CSG_NI_PROVISIONAL_PHASE6H/live_logs/CB1_CORE_M_CF3_R03/seed_530102.parquet,f60175feb9a4586f87052472b0d25ca7602fded23843f63d386afd921bfc68a9,KEEP_LOCAL_IGNORED,untrack_preserve_local_path,paper_experiments/raw_results/core45/CSG_NI_PROVISIONAL_PHASE6H/live_logs/CB1_CORE_M_CF3_R03/seed_530102.parquet,fa97fec6cac2a94cd1bdc39cbb8c0001f411fa2c,Generated Parquet live log retained locally and recoverable from Git history.,git show fa97fec6cac2a94cd1bdc39cbb8c0001f411fa2c:paper_experiments/raw_results/core45/CSG_NI_PROVISIONAL_PHASE6H/live_logs/CB1_CORE_M_CF3_R03/seed_530102.parquet
paper_experiments/raw_results/core45/CSG_NI_PROVISIONAL_PHASE6H/live_logs/CB1_CORE_M_CF3_R03/seed_530103.parquet,e16f96be02cfe2d9ca5968d5c7a9b8c2aa5f435c6a8b99f58b5461fb3ab798ad,KEEP_LOCAL_IGNORED,untrack_preserve_local_path,paper_experiments/raw_results/core45/CSG_NI_PROVISIONAL_PHASE6H/live_logs/CB1_CORE_M_CF3_R03/seed_530103.parquet,fa97fec6cac2a94cd1bdc39cbb8c0001f411fa2c,Generated Parquet live log retained locally and recoverable from Git history.,git show fa97fec6cac2a94cd1bdc39cbb8c0001f411fa2c:paper_experiments/raw_results/core45/CSG_NI_PROVISIONAL_PHASE6H/live_logs/CB1_CORE_M_CF3_R03/seed_530103.parquet
paper_experiments/raw_results/core45/CSG_NI_PROVISIONAL_PHASE6H/live_logs/CB1_CORE_M_CF3_R03/seed_530104.parquet,8b7c6e24c0515086e550e2e6d262fe19e1469aa089637ca70c3a1f2022d0a613,KEEP_LOCAL_IGNORED,untrack_preserve_local_path,paper_experiments/raw_results/core45/CSG_NI_PROVISIONAL_PHASE6H/live_logs/CB1_CORE_M_CF3_R03/seed_530104.parquet,fa97fec6cac2a94cd1bdc39cbb8c0001f411fa2c,Generated Parquet live log retained locally and recoverable from Git history.,git show fa97fec6cac2a94cd1bdc39cbb8c0001f411fa2c:paper_experiments/raw_results/core45/CSG_NI_PROVISIONAL_PHASE6H/live_logs/CB1_CORE_M_CF3_R03/seed_530104.parquet
paper_experiments/raw_results/core45/CSG_NI_PROVISIONAL_PHASE6H/live_logs/CB1_CORE_M_CF3_R03/seed_530105.parquet,a2eec25e9b67b756f5448e3884b1cc7bdbeebd57c094d81198ae550a6810621d,KEEP_LOCAL_IGNORED,untrack_preserve_local_path,paper_experiments/raw_results/core45/CSG_NI_PROVISIONAL_PHASE6H/live_logs/CB1_CORE_M_CF3_R03/seed_530105.parquet,fa97fec6cac2a94cd1bdc39cbb8c0001f411fa2c,Generated Parquet live log retained locally and recoverable from Git history.,git show fa97fec6cac2a94cd1bdc39cbb8c0001f411fa2c:paper_experiments/raw_results/core45/CSG_NI_PROVISIONAL_PHASE6H/live_logs/CB1_CORE_M_CF3_R03/seed_530105.parquet
paper_experiments/raw_results/core45/CSG_NI_PROVISIONAL_PHASE6H/live_logs/CB1_CORE_M_CF3_R04/seed_530101.parquet,f391733917d8ddc9397da648cef4e31dec836abcc629891d98edd362fde3ffa1,KEEP_LOCAL_IGNORED,untrack_preserve_local_path,paper_experiments/raw_results/core45/CSG_NI_PROVISIONAL_PHASE6H/live_logs/CB1_CORE_M_CF3_R04/seed_530101.parquet,fa97fec6cac2a94cd1bdc39cbb8c0001f411fa2c,Generated Parquet live log retained locally and recoverable from Git history.,git show fa97fec6cac2a94cd1bdc39cbb8c0001f411fa2c:paper_experiments/raw_results/core45/CSG_NI_PROVISIONAL_PHASE6H/live_logs/CB1_CORE_M_CF3_R04/seed_530101.parquet
paper_experiments/raw_results/core45/CSG_NI_PROVISIONAL_PHASE6H/live_logs/CB1_CORE_M_CF3_R04/seed_530102.parquet,e88c10e5a6e48ab784f3e979b1499b2b68d6d572dd93cbc4573c8491d4029aee,KEEP_LOCAL_IGNORED,untrack_preserve_local_path,paper_experiments/raw_results/core45/CSG_NI_PROVISIONAL_PHASE6H/live_logs/CB1_CORE_M_CF3_R04/seed_530102.parquet,fa97fec6cac2a94cd1bdc39cbb8c0001f411fa2c,Generated Parquet live log retained locally and recoverable from Git history.,git show fa97fec6cac2a94cd1bdc39cbb8c0001f411fa2c:paper_experiments/raw_results/core45/CSG_NI_PROVISIONAL_PHASE6H/live_logs/CB1_CORE_M_CF3_R04/seed_530102.parquet
paper_experiments/raw_results/core45/CSG_NI_PROVISIONAL_PHASE6H/live_logs/CB1_CORE_M_CF3_R04/seed_530103.parquet,9d073f1c5ecc42641314854ff0965c385cf802381114e3d16a1d44e7f1f85122,KEEP_LOCAL_IGNORED,untrack_preserve_local_path,paper_experiments/raw_results/core45/CSG_NI_PROVISIONAL_PHASE6H/live_logs/CB1_CORE_M_CF3_R04/seed_530103.parquet,fa97fec6cac2a94cd1bdc39cbb8c0001f411fa2c,Generated Parquet live log retained locally and recoverable from Git history.,git show fa97fec6cac2a94cd1bdc39cbb8c0001f411fa2c:paper_experiments/raw_results/core45/CSG_NI_PROVISIONAL_PHASE6H/live_logs/CB1_CORE_M_CF3_R04/seed_530103.parquet
paper_experiments/raw_results/core45/CSG_NI_PROVISIONAL_PHASE6H/live_logs/CB1_CORE_M_CF3_R04/seed_530104.parquet,7f8c9cbf2603569382160ddabd4bef904244d8b7d995c15dc3db4d6755b84097,KEEP_LOCAL_IGNORED,untrack_preserve_local_path,paper_experiments/raw_results/core45/CSG_NI_PROVISIONAL_PHASE6H/live_logs/CB1_CORE_M_CF3_R04/seed_530104.parquet,fa97fec6cac2a94cd1bdc39cbb8c0001f411fa2c,Generated Parquet live log retained locally and recoverable from Git history.,git show fa97fec6cac2a94cd1bdc39cbb8c0001f411fa2c:paper_experiments/raw_results/core45/CSG_NI_PROVISIONAL_PHASE6H/live_logs/CB1_CORE_M_CF3_R04/seed_530104.parquet
paper_experiments/raw_results/core45/CSG_NI_PROVISIONAL_PHASE6H/live_logs/CB1_CORE_M_CF3_R04/seed_530105.parquet,6a303345238188b4fbeaa4c002bee7bf9355473739eb3cd924eda9945358b4b6,KEEP_LOCAL_IGNORED,untrack_preserve_local_path,paper_experiments/raw_results/core45/CSG_NI_PROVISIONAL_PHASE6H/live_logs/CB1_CORE_M_CF3_R04/seed_530105.parquet,fa97fec6cac2a94cd1bdc39cbb8c0001f411fa2c,Generated Parquet live log retained locally and recoverable from Git history.,git show fa97fec6cac2a94cd1bdc39cbb8c0001f411fa2c:paper_experiments/raw_results/core45/CSG_NI_PROVISIONAL_PHASE6H/live_logs/CB1_CORE_M_CF3_R04/seed_530105.parquet
paper_experiments/raw_results/core45/CSG_NI_PROVISIONAL_PHASE6H/live_logs/CB1_CORE_M_CF3_R05/seed_530101.parquet,2e4d7f39244cacaec5f4af4a7685e3bfda1fa4c0b90128d3bafae327489aff5d,KEEP_LOCAL_IGNORED,untrack_preserve_local_path,paper_experiments/raw_results/core45/CSG_NI_PROVISIONAL_PHASE6H/live_logs/CB1_CORE_M_CF3_R05/seed_530101.parquet,fa97fec6cac2a94cd1bdc39cbb8c0001f411fa2c,Generated Parquet live log retained locally and recoverable from Git history.,git show fa97fec6cac2a94cd1bdc39cbb8c0001f411fa2c:paper_experiments/raw_results/core45/CSG_NI_PROVISIONAL_PHASE6H/live_logs/CB1_CORE_M_CF3_R05/seed_530101.parquet
paper_experiments/raw_results/core45/CSG_NI_PROVISIONAL_PHASE6H/live_logs/CB1_CORE_M_CF3_R05/seed_530102.parquet,226dd8f82e7c631b155bc94adbec262f3e2a6b4a77a75284b91c5517e42c0bb9,KEEP_LOCAL_IGNORED,untrack_preserve_local_path,paper_experiments/raw_results/core45/CSG_NI_PROVISIONAL_PHASE6H/live_logs/CB1_CORE_M_CF3_R05/seed_530102.parquet,fa97fec6cac2a94cd1bdc39cbb8c0001f411fa2c,Generated Parquet live log retained locally and recoverable from Git history.,git show fa97fec6cac2a94cd1bdc39cbb8c0001f411fa2c:paper_experiments/raw_results/core45/CSG_NI_PROVISIONAL_PHASE6H/live_logs/CB1_CORE_M_CF3_R05/seed_530102.parquet
paper_experiments/raw_results/core45/CSG_NI_PROVISIONAL_PHASE6H/live_logs/CB1_CORE_M_CF3_R05/seed_530103.parquet,daf7766a64bda0a1f31c4e93786f0d19485891214910824b14920ce45218df11,KEEP_LOCAL_IGNORED,untrack_preserve_local_path,paper_experiments/raw_results/core45/CSG_NI_PROVISIONAL_PHASE6H/live_logs/CB1_CORE_M_CF3_R05/seed_530103.parquet,fa97fec6cac2a94cd1bdc39cbb8c0001f411fa2c,Generated Parquet live log retained locally and recoverable from Git history.,git show fa97fec6cac2a94cd1bdc39cbb8c0001f411fa2c:paper_experiments/raw_results/core45/CSG_NI_PROVISIONAL_PHASE6H/live_logs/CB1_CORE_M_CF3_R05/seed_530103.parquet
paper_experiments/raw_results/core45/CSG_NI_PROVISIONAL_PHASE6H/live_logs/CB1_CORE_M_CF3_R05/seed_530104.parquet,788ac7c7ff3ca5b8c6fe8d5e0cd824cd189dd0cf9a6ec39a13dcc271ff9a5fa7,KEEP_LOCAL_IGNORED,untrack_preserve_local_path,paper_experiments/raw_results/core45/CSG_NI_PROVISIONAL_PHASE6H/live_logs/CB1_CORE_M_CF3_R05/seed_530104.parquet,fa97fec6cac2a94cd1bdc39cbb8c0001f411fa2c,Generated Parquet live log retained locally and recoverable from Git history.,git show fa97fec6cac2a94cd1bdc39cbb8c0001f411fa2c:paper_experiments/raw_results/core45/CSG_NI_PROVISIONAL_PHASE6H/live_logs/CB1_CORE_M_CF3_R05/seed_530104.parquet
paper_experiments/raw_results/core45/CSG_NI_PROVISIONAL_PHASE6H/live_logs/CB1_CORE_M_CF3_R05/seed_530105.parquet,21b0e6c101cd241fc5480349a2396443ff173a94cb96163209f8df6b2393dfb0,KEEP_LOCAL_IGNORED,untrack_preserve_local_path,paper_experiments/raw_results/core45/CSG_NI_PROVISIONAL_PHASE6H/live_logs/CB1_CORE_M_CF3_R05/seed_530105.parquet,fa97fec6cac2a94cd1bdc39cbb8c0001f411fa2c,Generated Parquet live log retained locally and recoverable from Git history.,git show fa97fec6cac2a94cd1bdc39cbb8c0001f411fa2c:paper_experiments/raw_results/core45/CSG_NI_PROVISIONAL_PHASE6H/live_logs/CB1_CORE_M_CF3_R05/seed_530105.parquet
paper_experiments/raw_results/core45/CSG_NI_PROVISIONAL_PHASE6H/live_logs/CB1_CORE_S_CF1_R01/seed_530101.parquet,12223d746eeea3a986110e300df12f36afe60d6d28b03d49c64ff6d9692fec55,KEEP_LOCAL_IGNORED,untrack_preserve_local_path,paper_experiments/raw_results/core45/CSG_NI_PROVISIONAL_PHASE6H/live_logs/CB1_CORE_S_CF1_R01/seed_530101.parquet,fa97fec6cac2a94cd1bdc39cbb8c0001f411fa2c,Generated Parquet live log retained locally and recoverable from Git history.,git show fa97fec6cac2a94cd1bdc39cbb8c0001f411fa2c:paper_experiments/raw_results/core45/CSG_NI_PROVISIONAL_PHASE6H/live_logs/CB1_CORE_S_CF1_R01/seed_530101.parquet
paper_experiments/raw_results/core45/CSG_NI_PROVISIONAL_PHASE6H/live_logs/CB1_CORE_S_CF1_R01/seed_530102.parquet,9c6102879227e9732319236fe4fea3cc24c6dd58929b59eb940343fa3e4a2355,KEEP_LOCAL_IGNORED,untrack_preserve_local_path,paper_experiments/raw_results/core45/CSG_NI_PROVISIONAL_PHASE6H/live_logs/CB1_CORE_S_CF1_R01/seed_530102.parquet,fa97fec6cac2a94cd1bdc39cbb8c0001f411fa2c,Generated Parquet live log retained locally and recoverable from Git history.,git show fa97fec6cac2a94cd1bdc39cbb8c0001f411fa2c:paper_experiments/raw_results/core45/CSG_NI_PROVISIONAL_PHASE6H/live_logs/CB1_CORE_S_CF1_R01/seed_530102.parquet
paper_experiments/raw_results/core45/CSG_NI_PROVISIONAL_PHASE6H/live_logs/CB1_CORE_S_CF1_R01/seed_530103.parquet,3d394c9e1c88ea861415872ae09865c365b71646c2b645f1d3c540fca8f853ac,KEEP_LOCAL_IGNORED,untrack_preserve_local_path,paper_experiments/raw_results/core45/CSG_NI_PROVISIONAL_PHASE6H/live_logs/CB1_CORE_S_CF1_R01/seed_530103.parquet,fa97fec6cac2a94cd1bdc39cbb8c0001f411fa2c,Generated Parquet live log retained locally and recoverable from Git history.,git show fa97fec6cac2a94cd1bdc39cbb8c0001f411fa2c:paper_experiments/raw_results/core45/CSG_NI_PROVISIONAL_PHASE6H/live_logs/CB1_CORE_S_CF1_R01/seed_530103.parquet
paper_experiments/raw_results/core45/CSG_NI_PROVISIONAL_PHASE6H/live_logs/CB1_CORE_S_CF1_R01/seed_530104.parquet,68d1e346a00ed9d3c800f3f990aa21bd6426d5625ee1dbdc79e85975d06c43a3,KEEP_LOCAL_IGNORED,untrack_preserve_local_path,paper_experiments/raw_results/core45/CSG_NI_PROVISIONAL_PHASE6H/live_logs/CB1_CORE_S_CF1_R01/seed_530104.parquet,fa97fec6cac2a94cd1bdc39cbb8c0001f411fa2c,Generated Parquet live log retained locally and recoverable from Git history.,git show fa97fec6cac2a94cd1bdc39cbb8c0001f411fa2c:paper_experiments/raw_results/core45/CSG_NI_PROVISIONAL_PHASE6H/live_logs/CB1_CORE_S_CF1_R01/seed_530104.parquet
paper_experiments/raw_results/core45/CSG_NI_PROVISIONAL_PHASE6H/live_logs/CB1_CORE_S_CF1_R01/seed_530105.parquet,10c5f1571a20f81bb790887647aad42b49ab0cc0b9d0abcf6d2a5953a37af3da,KEEP_LOCAL_IGNORED,untrack_preserve_local_path,paper_experiments/raw_results/core45/CSG_NI_PROVISIONAL_PHASE6H/live_logs/CB1_CORE_S_CF1_R01/seed_530105.parquet,fa97fec6cac2a94cd1bdc39cbb8c0001f411fa2c,Generated Parquet live log retained locally and recoverable from Git history.,git show fa97fec6cac2a94cd1bdc39cbb8c0001f411fa2c:paper_experiments/raw_results/core45/CSG_NI_PROVISIONAL_PHASE6H/live_logs/CB1_CORE_S_CF1_R01/seed_530105.parquet
paper_experiments/raw_results/core45/CSG_NI_PROVISIONAL_PHASE6H/live_logs/CB1_CORE_S_CF1_R02/seed_530101.parquet,97231fe17174f99839caaf32873ee45ae174e53396e472f99c94b014c203a595,KEEP_LOCAL_IGNORED,untrack_preserve_local_path,paper_experiments/raw_results/core45/CSG_NI_PROVISIONAL_PHASE6H/live_logs/CB1_CORE_S_CF1_R02/seed_530101.parquet,fa97fec6cac2a94cd1bdc39cbb8c0001f411fa2c,Generated Parquet live log retained locally and recoverable from Git history.,git show fa97fec6cac2a94cd1bdc39cbb8c0001f411fa2c:paper_experiments/raw_results/core45/CSG_NI_PROVISIONAL_PHASE6H/live_logs/CB1_CORE_S_CF1_R02/seed_530101.parquet
paper_experiments/raw_results/core45/CSG_NI_PROVISIONAL_PHASE6H/live_logs/CB1_CORE_S_CF1_R02/seed_530102.parquet,74fbf27a6047eda0823897dabe7f1ecfef902ec9467278d783a2caada5b6dd11,KEEP_LOCAL_IGNORED,untrack_preserve_local_path,paper_experiments/raw_results/core45/CSG_NI_PROVISIONAL_PHASE6H/live_logs/CB1_CORE_S_CF1_R02/seed_530102.parquet,fa97fec6cac2a94cd1bdc39cbb8c0001f411fa2c,Generated Parquet live log retained locally and recoverable from Git history.,git show fa97fec6cac2a94cd1bdc39cbb8c0001f411fa2c:paper_experiments/raw_results/core45/CSG_NI_PROVISIONAL_PHASE6H/live_logs/CB1_CORE_S_CF1_R02/seed_530102.parquet
paper_experiments/raw_results/core45/CSG_NI_PROVISIONAL_PHASE6H/live_logs/CB1_CORE_S_CF1_R02/seed_530103.parquet,3e890cbbe3d96f86ba9142e0365d9ca7c99f64fa992ced6b8210e53884c0eccf,KEEP_LOCAL_IGNORED,untrack_preserve_local_path,paper_experiments/raw_results/core45/CSG_NI_PROVISIONAL_PHASE6H/live_logs/CB1_CORE_S_CF1_R02/seed_530103.parquet,fa97fec6cac2a94cd1bdc39cbb8c0001f411fa2c,Generated Parquet live log retained locally and recoverable from Git history.,git show fa97fec6cac2a94cd1bdc39cbb8c0001f411fa2c:paper_experiments/raw_results/core45/CSG_NI_PROVISIONAL_PHASE6H/live_logs/CB1_CORE_S_CF1_R02/seed_530103.parquet
paper_experiments/raw_results/core45/CSG_NI_PROVISIONAL_PHASE6H/live_logs/CB1_CORE_S_CF1_R02/seed_530104.parquet,609ec1b5b5acdb4449ebf6b45de530c7d6a71977faf187d44d524fe386523115,KEEP_LOCAL_IGNORED,untrack_preserve_local_path,paper_experiments/raw_results/core45/CSG_NI_PROVISIONAL_PHASE6H/live_logs/CB1_CORE_S_CF1_R02/seed_530104.parquet,fa97fec6cac2a94cd1bdc39cbb8c0001f411fa2c,Generated Parquet live log retained locally and recoverable from Git history.,git show fa97fec6cac2a94cd1bdc39cbb8c0001f411fa2c:paper_experiments/raw_results/core45/CSG_NI_PROVISIONAL_PHASE6H/live_logs/CB1_CORE_S_CF1_R02/seed_530104.parquet
paper_experiments/raw_results/core45/CSG_NI_PROVISIONAL_PHASE6H/live_logs/CB1_CORE_S_CF1_R02/seed_530105.parquet,e752c380d73de7b6e5c9d37e95d1718df82d35e456e2e12ec9ae727bbd753642,KEEP_LOCAL_IGNORED,untrack_preserve_local_path,paper_experiments/raw_results/core45/CSG_NI_PROVISIONAL_PHASE6H/live_logs/CB1_CORE_S_CF1_R02/seed_530105.parquet,fa97fec6cac2a94cd1bdc39cbb8c0001f411fa2c,Generated Parquet live log retained locally and recoverable from Git history.,git show fa97fec6cac2a94cd1bdc39cbb8c0001f411fa2c:paper_experiments/raw_results/core45/CSG_NI_PROVISIONAL_PHASE6H/live_logs/CB1_CORE_S_CF1_R02/seed_530105.parquet
paper_experiments/raw_results/core45/CSG_NI_PROVISIONAL_PHASE6H/live_logs/CB1_CORE_S_CF1_R03/seed_530101.parquet,bed628bee84edea173dc36aa6a8c94fd2904b88ac705d8c34c06f09dace30f54,KEEP_LOCAL_IGNORED,untrack_preserve_local_path,paper_experiments/raw_results/core45/CSG_NI_PROVISIONAL_PHASE6H/live_logs/CB1_CORE_S_CF1_R03/seed_530101.parquet,fa97fec6cac2a94cd1bdc39cbb8c0001f411fa2c,Generated Parquet live log retained locally and recoverable from Git history.,git show fa97fec6cac2a94cd1bdc39cbb8c0001f411fa2c:paper_experiments/raw_results/core45/CSG_NI_PROVISIONAL_PHASE6H/live_logs/CB1_CORE_S_CF1_R03/seed_530101.parquet
paper_experiments/raw_results/core45/CSG_NI_PROVISIONAL_PHASE6H/live_logs/CB1_CORE_S_CF1_R03/seed_530102.parquet,123417e942aad129513d67191f9a9c1fface67afdaa636c055d3d2e71f7f1227,KEEP_LOCAL_IGNORED,untrack_preserve_local_path,paper_experiments/raw_results/core45/CSG_NI_PROVISIONAL_PHASE6H/live_logs/CB1_CORE_S_CF1_R03/seed_530102.parquet,fa97fec6cac2a94cd1bdc39cbb8c0001f411fa2c,Generated Parquet live log retained locally and recoverable from Git history.,git show fa97fec6cac2a94cd1bdc39cbb8c0001f411fa2c:paper_experiments/raw_results/core45/CSG_NI_PROVISIONAL_PHASE6H/live_logs/CB1_CORE_S_CF1_R03/seed_530102.parquet
paper_experiments/raw_results/core45/CSG_NI_PROVISIONAL_PHASE6H/live_logs/CB1_CORE_S_CF1_R03/seed_530103.parquet,735d51e2191151655d0447dcb93ba3712214c8b582e97ef4e4b21484b9f856f5,KEEP_LOCAL_IGNORED,untrack_preserve_local_path,paper_experiments/raw_results/core45/CSG_NI_PROVISIONAL_PHASE6H/live_logs/CB1_CORE_S_CF1_R03/seed_530103.parquet,fa97fec6cac2a94cd1bdc39cbb8c0001f411fa2c,Generated Parquet live log retained locally and recoverable from Git history.,git show fa97fec6cac2a94cd1bdc39cbb8c0001f411fa2c:paper_experiments/raw_results/core45/CSG_NI_PROVISIONAL_PHASE6H/live_logs/CB1_CORE_S_CF1_R03/seed_530103.parquet
paper_experiments/raw_results/core45/CSG_NI_PROVISIONAL_PHASE6H/live_logs/CB1_CORE_S_CF1_R03/seed_530104.parquet,8771d7594ce16e3842b116bda45e8aa6d7521c1fea9b3c355da2ba3433cf582b,KEEP_LOCAL_IGNORED,untrack_preserve_local_path,paper_experiments/raw_results/core45/CSG_NI_PROVISIONAL_PHASE6H/live_logs/CB1_CORE_S_CF1_R03/seed_530104.parquet,fa97fec6cac2a94cd1bdc39cbb8c0001f411fa2c,Generated Parquet live log retained locally and recoverable from Git history.,git show fa97fec6cac2a94cd1bdc39cbb8c0001f411fa2c:paper_experiments/raw_results/core45/CSG_NI_PROVISIONAL_PHASE6H/live_logs/CB1_CORE_S_CF1_R03/seed_530104.parquet
paper_experiments/raw_results/core45/CSG_NI_PROVISIONAL_PHASE6H/live_logs/CB1_CORE_S_CF1_R03/seed_530105.parquet,96e29cacb6eaeb8acec5e5a0720a4c3c1032496a008b7a1c3a79eea1925b63a7,KEEP_LOCAL_IGNORED,untrack_preserve_local_path,paper_experiments/raw_results/core45/CSG_NI_PROVISIONAL_PHASE6H/live_logs/CB1_CORE_S_CF1_R03/seed_530105.parquet,fa97fec6cac2a94cd1bdc39cbb8c0001f411fa2c,Generated Parquet live log retained locally and recoverable from Git history.,git show fa97fec6cac2a94cd1bdc39cbb8c0001f411fa2c:paper_experiments/raw_results/core45/CSG_NI_PROVISIONAL_PHASE6H/live_logs/CB1_CORE_S_CF1_R03/seed_530105.parquet
paper_experiments/raw_results/core45/CSG_NI_PROVISIONAL_PHASE6H/live_logs/CB1_CORE_S_CF1_R04/seed_530101.parquet,2b2ef39efab4b0aa529a2583b47c71f3952b92e752a36cd610d890af15efe34d,KEEP_LOCAL_IGNORED,untrack_preserve_local_path,paper_experiments/raw_results/core45/CSG_NI_PROVISIONAL_PHASE6H/live_logs/CB1_CORE_S_CF1_R04/seed_530101.parquet,fa97fec6cac2a94cd1bdc39cbb8c0001f411fa2c,Generated Parquet live log retained locally and recoverable from Git history.,git show fa97fec6cac2a94cd1bdc39cbb8c0001f411fa2c:paper_experiments/raw_results/core45/CSG_NI_PROVISIONAL_PHASE6H/live_logs/CB1_CORE_S_CF1_R04/seed_530101.parquet
paper_experiments/raw_results/core45/CSG_NI_PROVISIONAL_PHASE6H/live_logs/CB1_CORE_S_CF1_R04/seed_530102.parquet,769353d30bc231055550d7d8e004ae1a8d4404eb3a8eda90293d5dad1aa036b9,KEEP_LOCAL_IGNORED,untrack_preserve_local_path,paper_experiments/raw_results/core45/CSG_NI_PROVISIONAL_PHASE6H/live_logs/CB1_CORE_S_CF1_R04/seed_530102.parquet,fa97fec6cac2a94cd1bdc39cbb8c0001f411fa2c,Generated Parquet live log retained locally and recoverable from Git history.,git show fa97fec6cac2a94cd1bdc39cbb8c0001f411fa2c:paper_experiments/raw_results/core45/CSG_NI_PROVISIONAL_PHASE6H/live_logs/CB1_CORE_S_CF1_R04/seed_530102.parquet
paper_experiments/raw_results/core45/CSG_NI_PROVISIONAL_PHASE6H/live_logs/CB1_CORE_S_CF1_R04/seed_530103.parquet,0615e0f1275b5d4ab3756c790393904d54db4b8bf1157fcc8755a6070cfc1662,KEEP_LOCAL_IGNORED,untrack_preserve_local_path,paper_experiments/raw_results/core45/CSG_NI_PROVISIONAL_PHASE6H/live_logs/CB1_CORE_S_CF1_R04/seed_530103.parquet,fa97fec6cac2a94cd1bdc39cbb8c0001f411fa2c,Generated Parquet live log retained locally and recoverable from Git history.,git show fa97fec6cac2a94cd1bdc39cbb8c0001f411fa2c:paper_experiments/raw_results/core45/CSG_NI_PROVISIONAL_PHASE6H/live_logs/CB1_CORE_S_CF1_R04/seed_530103.parquet
paper_experiments/raw_results/core45/CSG_NI_PROVISIONAL_PHASE6H/live_logs/CB1_CORE_S_CF1_R04/seed_530104.parquet,ed2c2ac89c51deb566ee2e49f6bcc9044c43577ed37efc2d1132c7c100470eed,KEEP_LOCAL_IGNORED,untrack_preserve_local_path,paper_experiments/raw_results/core45/CSG_NI_PROVISIONAL_PHASE6H/live_logs/CB1_CORE_S_CF1_R04/seed_530104.parquet,fa97fec6cac2a94cd1bdc39cbb8c0001f411fa2c,Generated Parquet live log retained locally and recoverable from Git history.,git show fa97fec6cac2a94cd1bdc39cbb8c0001f411fa2c:paper_experiments/raw_results/core45/CSG_NI_PROVISIONAL_PHASE6H/live_logs/CB1_CORE_S_CF1_R04/seed_530104.parquet
paper_experiments/raw_results/core45/CSG_NI_PROVISIONAL_PHASE6H/live_logs/CB1_CORE_S_CF1_R04/seed_530105.parquet,752508ed1c7e101e11735f0a2b61e9202161a3ee47848dfc15afbaabdb8bac86,KEEP_LOCAL_IGNORED,untrack_preserve_local_path,paper_experiments/raw_results/core45/CSG_NI_PROVISIONAL_PHASE6H/live_logs/CB1_CORE_S_CF1_R04/seed_530105.parquet,fa97fec6cac2a94cd1bdc39cbb8c0001f411fa2c,Generated Parquet live log retained locally and recoverable from Git history.,git show fa97fec6cac2a94cd1bdc39cbb8c0001f411fa2c:paper_experiments/raw_results/core45/CSG_NI_PROVISIONAL_PHASE6H/live_logs/CB1_CORE_S_CF1_R04/seed_530105.parquet
paper_experiments/raw_results/core45/CSG_NI_PROVISIONAL_PHASE6H/live_logs/CB1_CORE_S_CF1_R05/seed_530101.parquet,6386922f55f29e58ffec296f08b1d43f78f4f2255273a530b075ff5d7c4c30ec,KEEP_LOCAL_IGNORED,untrack_preserve_local_path,paper_experiments/raw_results/core45/CSG_NI_PROVISIONAL_PHASE6H/live_logs/CB1_CORE_S_CF1_R05/seed_530101.parquet,fa97fec6cac2a94cd1bdc39cbb8c0001f411fa2c,Generated Parquet live log retained locally and recoverable from Git history.,git show fa97fec6cac2a94cd1bdc39cbb8c0001f411fa2c:paper_experiments/raw_results/core45/CSG_NI_PROVISIONAL_PHASE6H/live_logs/CB1_CORE_S_CF1_R05/seed_530101.parquet
paper_experiments/raw_results/core45/CSG_NI_PROVISIONAL_PHASE6H/live_logs/CB1_CORE_S_CF1_R05/seed_530102.parquet,1e2be4ecf9c0b54d2fd411670a65b328254883a9b1113d9b512bbd87e401e609,KEEP_LOCAL_IGNORED,untrack_preserve_local_path,paper_experiments/raw_results/core45/CSG_NI_PROVISIONAL_PHASE6H/live_logs/CB1_CORE_S_CF1_R05/seed_530102.parquet,fa97fec6cac2a94cd1bdc39cbb8c0001f411fa2c,Generated Parquet live log retained locally and recoverable from Git history.,git show fa97fec6cac2a94cd1bdc39cbb8c0001f411fa2c:paper_experiments/raw_results/core45/CSG_NI_PROVISIONAL_PHASE6H/live_logs/CB1_CORE_S_CF1_R05/seed_530102.parquet
paper_experiments/raw_results/core45/CSG_NI_PROVISIONAL_PHASE6H/live_logs/CB1_CORE_S_CF1_R05/seed_530103.parquet,33973a4d10454b7df97de2a28a602308d6a4639caf6ddae2116be062242b3de8,KEEP_LOCAL_IGNORED,untrack_preserve_local_path,paper_experiments/raw_results/core45/CSG_NI_PROVISIONAL_PHASE6H/live_logs/CB1_CORE_S_CF1_R05/seed_530103.parquet,fa97fec6cac2a94cd1bdc39cbb8c0001f411fa2c,Generated Parquet live log retained locally and recoverable from Git history.,git show fa97fec6cac2a94cd1bdc39cbb8c0001f411fa2c:paper_experiments/raw_results/core45/CSG_NI_PROVISIONAL_PHASE6H/live_logs/CB1_CORE_S_CF1_R05/seed_530103.parquet
paper_experiments/raw_results/core45/CSG_NI_PROVISIONAL_PHASE6H/live_logs/CB1_CORE_S_CF1_R05/seed_530104.parquet,bdf80a1dfeacf932c83b83be408e75af033ef405aa0e2c9a2d07b953ac298f23,KEEP_LOCAL_IGNORED,untrack_preserve_local_path,paper_experiments/raw_results/core45/CSG_NI_PROVISIONAL_PHASE6H/live_logs/CB1_CORE_S_CF1_R05/seed_530104.parquet,fa97fec6cac2a94cd1bdc39cbb8c0001f411fa2c,Generated Parquet live log retained locally and recoverable from Git history.,git show fa97fec6cac2a94cd1bdc39cbb8c0001f411fa2c:paper_experiments/raw_results/core45/CSG_NI_PROVISIONAL_PHASE6H/live_logs/CB1_CORE_S_CF1_R05/seed_530104.parquet
paper_experiments/raw_results/core45/CSG_NI_PROVISIONAL_PHASE6H/live_logs/CB1_CORE_S_CF1_R05/seed_530105.parquet,5f91ddb5b547b3538ccb31163933ff6d1ffd1629df6eb4409451f761297b29df,KEEP_LOCAL_IGNORED,untrack_preserve_local_path,paper_experiments/raw_results/core45/CSG_NI_PROVISIONAL_PHASE6H/live_logs/CB1_CORE_S_CF1_R05/seed_530105.parquet,fa97fec6cac2a94cd1bdc39cbb8c0001f411fa2c,Generated Parquet live log retained locally and recoverable from Git history.,git show fa97fec6cac2a94cd1bdc39cbb8c0001f411fa2c:paper_experiments/raw_results/core45/CSG_NI_PROVISIONAL_PHASE6H/live_logs/CB1_CORE_S_CF1_R05/seed_530105.parquet
paper_experiments/raw_results/core45/CSG_NI_PROVISIONAL_PHASE6H/live_logs/CB1_CORE_S_CF2_R01/seed_530101.parquet,aeddfb2d34e6ecbc42ee5e8d2de89111b8672b5d3501f93cc94fb6971603ac46,KEEP_LOCAL_IGNORED,untrack_preserve_local_path,paper_experiments/raw_results/core45/CSG_NI_PROVISIONAL_PHASE6H/live_logs/CB1_CORE_S_CF2_R01/seed_530101.parquet,fa97fec6cac2a94cd1bdc39cbb8c0001f411fa2c,Generated Parquet live log retained locally and recoverable from Git history.,git show fa97fec6cac2a94cd1bdc39cbb8c0001f411fa2c:paper_experiments/raw_results/core45/CSG_NI_PROVISIONAL_PHASE6H/live_logs/CB1_CORE_S_CF2_R01/seed_530101.parquet
paper_experiments/raw_results/core45/CSG_NI_PROVISIONAL_PHASE6H/live_logs/CB1_CORE_S_CF2_R01/seed_530102.parquet,adf8c48bdabed396f34f3a1a77a92c060ccb7f5260c35ef0b0739ccc085fedc7,KEEP_LOCAL_IGNORED,untrack_preserve_local_path,paper_experiments/raw_results/core45/CSG_NI_PROVISIONAL_PHASE6H/live_logs/CB1_CORE_S_CF2_R01/seed_530102.parquet,fa97fec6cac2a94cd1bdc39cbb8c0001f411fa2c,Generated Parquet live log retained locally and recoverable from Git history.,git show fa97fec6cac2a94cd1bdc39cbb8c0001f411fa2c:paper_experiments/raw_results/core45/CSG_NI_PROVISIONAL_PHASE6H/live_logs/CB1_CORE_S_CF2_R01/seed_530102.parquet
paper_experiments/raw_results/core45/CSG_NI_PROVISIONAL_PHASE6H/live_logs/CB1_CORE_S_CF2_R01/seed_530103.parquet,3be003738172d0973163d9a9914f2acebde69ca57e53ede81ebe463f1861a23b,KEEP_LOCAL_IGNORED,untrack_preserve_local_path,paper_experiments/raw_results/core45/CSG_NI_PROVISIONAL_PHASE6H/live_logs/CB1_CORE_S_CF2_R01/seed_530103.parquet,fa97fec6cac2a94cd1bdc39cbb8c0001f411fa2c,Generated Parquet live log retained locally and recoverable from Git history.,git show fa97fec6cac2a94cd1bdc39cbb8c0001f411fa2c:paper_experiments/raw_results/core45/CSG_NI_PROVISIONAL_PHASE6H/live_logs/CB1_CORE_S_CF2_R01/seed_530103.parquet
paper_experiments/raw_results/core45/CSG_NI_PROVISIONAL_PHASE6H/live_logs/CB1_CORE_S_CF2_R01/seed_530104.parquet,e26dd8cfab4cd48b8c4df678b05f7d6678ae675a2674104e3ec57b2a81dc5a80,KEEP_LOCAL_IGNORED,untrack_preserve_local_path,paper_experiments/raw_results/core45/CSG_NI_PROVISIONAL_PHASE6H/live_logs/CB1_CORE_S_CF2_R01/seed_530104.parquet,fa97fec6cac2a94cd1bdc39cbb8c0001f411fa2c,Generated Parquet live log retained locally and recoverable from Git history.,git show fa97fec6cac2a94cd1bdc39cbb8c0001f411fa2c:paper_experiments/raw_results/core45/CSG_NI_PROVISIONAL_PHASE6H/live_logs/CB1_CORE_S_CF2_R01/seed_530104.parquet
paper_experiments/raw_results/core45/CSG_NI_PROVISIONAL_PHASE6H/live_logs/CB1_CORE_S_CF2_R01/seed_530105.parquet,6147fdcd9836e66c4cd4f5f9f1b554d55a7f3c53454e1b2afbe77bfe073e09fa,KEEP_LOCAL_IGNORED,untrack_preserve_local_path,paper_experiments/raw_results/core45/CSG_NI_PROVISIONAL_PHASE6H/live_logs/CB1_CORE_S_CF2_R01/seed_530105.parquet,fa97fec6cac2a94cd1bdc39cbb8c0001f411fa2c,Generated Parquet live log retained locally and recoverable from Git history.,git show fa97fec6cac2a94cd1bdc39cbb8c0001f411fa2c:paper_experiments/raw_results/core45/CSG_NI_PROVISIONAL_PHASE6H/live_logs/CB1_CORE_S_CF2_R01/seed_530105.parquet
paper_experiments/raw_results/core45/CSG_NI_PROVISIONAL_PHASE6H/live_logs/CB1_CORE_S_CF2_R02/seed_530101.parquet,7db1e5693ea0aa76db21057454e189dc29c3f47d7a4cafbfc8af73c7bfba2a8e,KEEP_LOCAL_IGNORED,untrack_preserve_local_path,paper_experiments/raw_results/core45/CSG_NI_PROVISIONAL_PHASE6H/live_logs/CB1_CORE_S_CF2_R02/seed_530101.parquet,fa97fec6cac2a94cd1bdc39cbb8c0001f411fa2c,Generated Parquet live log retained locally and recoverable from Git history.,git show fa97fec6cac2a94cd1bdc39cbb8c0001f411fa2c:paper_experiments/raw_results/core45/CSG_NI_PROVISIONAL_PHASE6H/live_logs/CB1_CORE_S_CF2_R02/seed_530101.parquet
paper_experiments/raw_results/core45/CSG_NI_PROVISIONAL_PHASE6H/live_logs/CB1_CORE_S_CF2_R02/seed_530102.parquet,95928359383689dac569fd366c9cbc8e2af1ce6ff7f88dd1b2ddab4fae0a6442,KEEP_LOCAL_IGNORED,untrack_preserve_local_path,paper_experiments/raw_results/core45/CSG_NI_PROVISIONAL_PHASE6H/live_logs/CB1_CORE_S_CF2_R02/seed_530102.parquet,fa97fec6cac2a94cd1bdc39cbb8c0001f411fa2c,Generated Parquet live log retained locally and recoverable from Git history.,git show fa97fec6cac2a94cd1bdc39cbb8c0001f411fa2c:paper_experiments/raw_results/core45/CSG_NI_PROVISIONAL_PHASE6H/live_logs/CB1_CORE_S_CF2_R02/seed_530102.parquet
paper_experiments/raw_results/core45/CSG_NI_PROVISIONAL_PHASE6H/live_logs/CB1_CORE_S_CF2_R02/seed_530103.parquet,7e716e704466b52fb85df2b2edf4340e9abd4474a2617c0dd616e5a717b5642d,KEEP_LOCAL_IGNORED,untrack_preserve_local_path,paper_experiments/raw_results/core45/CSG_NI_PROVISIONAL_PHASE6H/live_logs/CB1_CORE_S_CF2_R02/seed_530103.parquet,fa97fec6cac2a94cd1bdc39cbb8c0001f411fa2c,Generated Parquet live log retained locally and recoverable from Git history.,git show fa97fec6cac2a94cd1bdc39cbb8c0001f411fa2c:paper_experiments/raw_results/core45/CSG_NI_PROVISIONAL_PHASE6H/live_logs/CB1_CORE_S_CF2_R02/seed_530103.parquet
paper_experiments/raw_results/core45/CSG_NI_PROVISIONAL_PHASE6H/live_logs/CB1_CORE_S_CF2_R02/seed_530104.parquet,57e2968f8f7422b91ae31617951ace551628b5a9b879700170ac854bb28f3108,KEEP_LOCAL_IGNORED,untrack_preserve_local_path,paper_experiments/raw_results/core45/CSG_NI_PROVISIONAL_PHASE6H/live_logs/CB1_CORE_S_CF2_R02/seed_530104.parquet,fa97fec6cac2a94cd1bdc39cbb8c0001f411fa2c,Generated Parquet live log retained locally and recoverable from Git history.,git show fa97fec6cac2a94cd1bdc39cbb8c0001f411fa2c:paper_experiments/raw_results/core45/CSG_NI_PROVISIONAL_PHASE6H/live_logs/CB1_CORE_S_CF2_R02/seed_530104.parquet
paper_experiments/raw_results/core45/CSG_NI_PROVISIONAL_PHASE6H/live_logs/CB1_CORE_S_CF2_R02/seed_530105.parquet,1fb6644500a704e4df334342672c86fe9e89550abaae196f0a06b1908b81c38b,KEEP_LOCAL_IGNORED,untrack_preserve_local_path,paper_experiments/raw_results/core45/CSG_NI_PROVISIONAL_PHASE6H/live_logs/CB1_CORE_S_CF2_R02/seed_530105.parquet,fa97fec6cac2a94cd1bdc39cbb8c0001f411fa2c,Generated Parquet live log retained locally and recoverable from Git history.,git show fa97fec6cac2a94cd1bdc39cbb8c0001f411fa2c:paper_experiments/raw_results/core45/CSG_NI_PROVISIONAL_PHASE6H/live_logs/CB1_CORE_S_CF2_R02/seed_530105.parquet
paper_experiments/raw_results/core45/CSG_NI_PROVISIONAL_PHASE6H/live_logs/CB1_CORE_S_CF2_R03/seed_530101.parquet,59a6335abe51f4c40b5ef2ac732e049fbd75ffd4947c8fe44ac6535e639ff97a,KEEP_LOCAL_IGNORED,untrack_preserve_local_path,paper_experiments/raw_results/core45/CSG_NI_PROVISIONAL_PHASE6H/live_logs/CB1_CORE_S_CF2_R03/seed_530101.parquet,fa97fec6cac2a94cd1bdc39cbb8c0001f411fa2c,Generated Parquet live log retained locally and recoverable from Git history.,git show fa97fec6cac2a94cd1bdc39cbb8c0001f411fa2c:paper_experiments/raw_results/core45/CSG_NI_PROVISIONAL_PHASE6H/live_logs/CB1_CORE_S_CF2_R03/seed_530101.parquet
paper_experiments/raw_results/core45/CSG_NI_PROVISIONAL_PHASE6H/live_logs/CB1_CORE_S_CF2_R03/seed_530102.parquet,f8b2f435fe0216a759258c6fad9ce0ebc2b37c5cd0ee3379a59a4f71817fdbb0,KEEP_LOCAL_IGNORED,untrack_preserve_local_path,paper_experiments/raw_results/core45/CSG_NI_PROVISIONAL_PHASE6H/live_logs/CB1_CORE_S_CF2_R03/seed_530102.parquet,fa97fec6cac2a94cd1bdc39cbb8c0001f411fa2c,Generated Parquet live log retained locally and recoverable from Git history.,git show fa97fec6cac2a94cd1bdc39cbb8c0001f411fa2c:paper_experiments/raw_results/core45/CSG_NI_PROVISIONAL_PHASE6H/live_logs/CB1_CORE_S_CF2_R03/seed_530102.parquet
paper_experiments/raw_results/core45/CSG_NI_PROVISIONAL_PHASE6H/live_logs/CB1_CORE_S_CF2_R03/seed_530103.parquet,cb318b8739ef56b46dda9fdbc6be12965aa7ebe0436381f808d71392d1a092d8,KEEP_LOCAL_IGNORED,untrack_preserve_local_path,paper_experiments/raw_results/core45/CSG_NI_PROVISIONAL_PHASE6H/live_logs/CB1_CORE_S_CF2_R03/seed_530103.parquet,fa97fec6cac2a94cd1bdc39cbb8c0001f411fa2c,Generated Parquet live log retained locally and recoverable from Git history.,git show fa97fec6cac2a94cd1bdc39cbb8c0001f411fa2c:paper_experiments/raw_results/core45/CSG_NI_PROVISIONAL_PHASE6H/live_logs/CB1_CORE_S_CF2_R03/seed_530103.parquet
paper_experiments/raw_results/core45/CSG_NI_PROVISIONAL_PHASE6H/live_logs/CB1_CORE_S_CF2_R03/seed_530104.parquet,8b5361e282528d6ecd174ee5810b0106e386ea057d61557688db52b9b913acbb,KEEP_LOCAL_IGNORED,untrack_preserve_local_path,paper_experiments/raw_results/core45/CSG_NI_PROVISIONAL_PHASE6H/live_logs/CB1_CORE_S_CF2_R03/seed_530104.parquet,fa97fec6cac2a94cd1bdc39cbb8c0001f411fa2c,Generated Parquet live log retained locally and recoverable from Git history.,git show fa97fec6cac2a94cd1bdc39cbb8c0001f411fa2c:paper_experiments/raw_results/core45/CSG_NI_PROVISIONAL_PHASE6H/live_logs/CB1_CORE_S_CF2_R03/seed_530104.parquet
paper_experiments/raw_results/core45/CSG_NI_PROVISIONAL_PHASE6H/live_logs/CB1_CORE_S_CF2_R03/seed_530105.parquet,01c4370629b4e89d807131a95f178d57ea3e7bab30f7d1f8a0081f4a04ae7d7d,KEEP_LOCAL_IGNORED,untrack_preserve_local_path,paper_experiments/raw_results/core45/CSG_NI_PROVISIONAL_PHASE6H/live_logs/CB1_CORE_S_CF2_R03/seed_530105.parquet,fa97fec6cac2a94cd1bdc39cbb8c0001f411fa2c,Generated Parquet live log retained locally and recoverable from Git history.,git show fa97fec6cac2a94cd1bdc39cbb8c0001f411fa2c:paper_experiments/raw_results/core45/CSG_NI_PROVISIONAL_PHASE6H/live_logs/CB1_CORE_S_CF2_R03/seed_530105.parquet
paper_experiments/raw_results/core45/CSG_NI_PROVISIONAL_PHASE6H/live_logs/CB1_CORE_S_CF2_R04/seed_530101.parquet,07b02518b12446e2559ecdcca3117f93a3291262b35530bb8aa0ad21999843bb,KEEP_LOCAL_IGNORED,untrack_preserve_local_path,paper_experiments/raw_results/core45/CSG_NI_PROVISIONAL_PHASE6H/live_logs/CB1_CORE_S_CF2_R04/seed_530101.parquet,fa97fec6cac2a94cd1bdc39cbb8c0001f411fa2c,Generated Parquet live log retained locally and recoverable from Git history.,git show fa97fec6cac2a94cd1bdc39cbb8c0001f411fa2c:paper_experiments/raw_results/core45/CSG_NI_PROVISIONAL_PHASE6H/live_logs/CB1_CORE_S_CF2_R04/seed_530101.parquet
paper_experiments/raw_results/core45/CSG_NI_PROVISIONAL_PHASE6H/live_logs/CB1_CORE_S_CF2_R04/seed_530102.parquet,2e1e1ca23ff9ccf845956b0417f1531dee55cfb6b4dd07f63ae4dd279738ed07,KEEP_LOCAL_IGNORED,untrack_preserve_local_path,paper_experiments/raw_results/core45/CSG_NI_PROVISIONAL_PHASE6H/live_logs/CB1_CORE_S_CF2_R04/seed_530102.parquet,fa97fec6cac2a94cd1bdc39cbb8c0001f411fa2c,Generated Parquet live log retained locally and recoverable from Git history.,git show fa97fec6cac2a94cd1bdc39cbb8c0001f411fa2c:paper_experiments/raw_results/core45/CSG_NI_PROVISIONAL_PHASE6H/live_logs/CB1_CORE_S_CF2_R04/seed_530102.parquet
paper_experiments/raw_results/core45/CSG_NI_PROVISIONAL_PHASE6H/live_logs/CB1_CORE_S_CF2_R04/seed_530103.parquet,38ff89bc4f0170f3b2f0ad0760dbc228cde4e3781dec79cd2a9ef0930462ed94,KEEP_LOCAL_IGNORED,untrack_preserve_local_path,paper_experiments/raw_results/core45/CSG_NI_PROVISIONAL_PHASE6H/live_logs/CB1_CORE_S_CF2_R04/seed_530103.parquet,fa97fec6cac2a94cd1bdc39cbb8c0001f411fa2c,Generated Parquet live log retained locally and recoverable from Git history.,git show fa97fec6cac2a94cd1bdc39cbb8c0001f411fa2c:paper_experiments/raw_results/core45/CSG_NI_PROVISIONAL_PHASE6H/live_logs/CB1_CORE_S_CF2_R04/seed_530103.parquet
paper_experiments/raw_results/core45/CSG_NI_PROVISIONAL_PHASE6H/live_logs/CB1_CORE_S_CF2_R04/seed_530104.parquet,05fcc985c9bae79e7be5fe61358a9a95b99c7a7d0857709a6f90f91a4abbab90,KEEP_LOCAL_IGNORED,untrack_preserve_local_path,paper_experiments/raw_results/core45/CSG_NI_PROVISIONAL_PHASE6H/live_logs/CB1_CORE_S_CF2_R04/seed_530104.parquet,fa97fec6cac2a94cd1bdc39cbb8c0001f411fa2c,Generated Parquet live log retained locally and recoverable from Git history.,git show fa97fec6cac2a94cd1bdc39cbb8c0001f411fa2c:paper_experiments/raw_results/core45/CSG_NI_PROVISIONAL_PHASE6H/live_logs/CB1_CORE_S_CF2_R04/seed_530104.parquet
paper_experiments/raw_results/core45/CSG_NI_PROVISIONAL_PHASE6H/live_logs/CB1_CORE_S_CF2_R04/seed_530105.parquet,957ed7735a3a216e8e29bfdd632323266bb7380cadbf0b2b5a06a5529b5dfa78,KEEP_LOCAL_IGNORED,untrack_preserve_local_path,paper_experiments/raw_results/core45/CSG_NI_PROVISIONAL_PHASE6H/live_logs/CB1_CORE_S_CF2_R04/seed_530105.parquet,fa97fec6cac2a94cd1bdc39cbb8c0001f411fa2c,Generated Parquet live log retained locally and recoverable from Git history.,git show fa97fec6cac2a94cd1bdc39cbb8c0001f411fa2c:paper_experiments/raw_results/core45/CSG_NI_PROVISIONAL_PHASE6H/live_logs/CB1_CORE_S_CF2_R04/seed_530105.parquet
paper_experiments/raw_results/core45/CSG_NI_PROVISIONAL_PHASE6H/live_logs/CB1_CORE_S_CF2_R05/seed_530101.parquet,dce31b6296cfa29737b12e887f0d7ad9674d6c87b693e2691b888a891d37ce67,KEEP_LOCAL_IGNORED,untrack_preserve_local_path,paper_experiments/raw_results/core45/CSG_NI_PROVISIONAL_PHASE6H/live_logs/CB1_CORE_S_CF2_R05/seed_530101.parquet,fa97fec6cac2a94cd1bdc39cbb8c0001f411fa2c,Generated Parquet live log retained locally and recoverable from Git history.,git show fa97fec6cac2a94cd1bdc39cbb8c0001f411fa2c:paper_experiments/raw_results/core45/CSG_NI_PROVISIONAL_PHASE6H/live_logs/CB1_CORE_S_CF2_R05/seed_530101.parquet
paper_experiments/raw_results/core45/CSG_NI_PROVISIONAL_PHASE6H/live_logs/CB1_CORE_S_CF2_R05/seed_530102.parquet,0dad0de46d2268e68dc6967cd4fe18d9b4311fc9c86bd2502be3ac759cc9a7e9,KEEP_LOCAL_IGNORED,untrack_preserve_local_path,paper_experiments/raw_results/core45/CSG_NI_PROVISIONAL_PHASE6H/live_logs/CB1_CORE_S_CF2_R05/seed_530102.parquet,fa97fec6cac2a94cd1bdc39cbb8c0001f411fa2c,Generated Parquet live log retained locally and recoverable from Git history.,git show fa97fec6cac2a94cd1bdc39cbb8c0001f411fa2c:paper_experiments/raw_results/core45/CSG_NI_PROVISIONAL_PHASE6H/live_logs/CB1_CORE_S_CF2_R05/seed_530102.parquet
paper_experiments/raw_results/core45/CSG_NI_PROVISIONAL_PHASE6H/live_logs/CB1_CORE_S_CF2_R05/seed_530103.parquet,ef643fb4928225121a1d3f49ea071fc60fb4ff83e92392c17f31824419ba1f83,KEEP_LOCAL_IGNORED,untrack_preserve_local_path,paper_experiments/raw_results/core45/CSG_NI_PROVISIONAL_PHASE6H/live_logs/CB1_CORE_S_CF2_R05/seed_530103.parquet,fa97fec6cac2a94cd1bdc39cbb8c0001f411fa2c,Generated Parquet live log retained locally and recoverable from Git history.,git show fa97fec6cac2a94cd1bdc39cbb8c0001f411fa2c:paper_experiments/raw_results/core45/CSG_NI_PROVISIONAL_PHASE6H/live_logs/CB1_CORE_S_CF2_R05/seed_530103.parquet
paper_experiments/raw_results/core45/CSG_NI_PROVISIONAL_PHASE6H/live_logs/CB1_CORE_S_CF2_R05/seed_530104.parquet,b9875d69c3b70f3cbcfc2f0a29faf60ff3d2c52b148bd901659d6d250b16f752,KEEP_LOCAL_IGNORED,untrack_preserve_local_path,paper_experiments/raw_results/core45/CSG_NI_PROVISIONAL_PHASE6H/live_logs/CB1_CORE_S_CF2_R05/seed_530104.parquet,fa97fec6cac2a94cd1bdc39cbb8c0001f411fa2c,Generated Parquet live log retained locally and recoverable from Git history.,git show fa97fec6cac2a94cd1bdc39cbb8c0001f411fa2c:paper_experiments/raw_results/core45/CSG_NI_PROVISIONAL_PHASE6H/live_logs/CB1_CORE_S_CF2_R05/seed_530104.parquet
paper_experiments/raw_results/core45/CSG_NI_PROVISIONAL_PHASE6H/live_logs/CB1_CORE_S_CF2_R05/seed_530105.parquet,ce84628eff068862bf6fee1bfd5b591eb20fb570cb6c0c39f59542f7c100ed95,KEEP_LOCAL_IGNORED,untrack_preserve_local_path,paper_experiments/raw_results/core45/CSG_NI_PROVISIONAL_PHASE6H/live_logs/CB1_CORE_S_CF2_R05/seed_530105.parquet,fa97fec6cac2a94cd1bdc39cbb8c0001f411fa2c,Generated Parquet live log retained locally and recoverable from Git history.,git show fa97fec6cac2a94cd1bdc39cbb8c0001f411fa2c:paper_experiments/raw_results/core45/CSG_NI_PROVISIONAL_PHASE6H/live_logs/CB1_CORE_S_CF2_R05/seed_530105.parquet
paper_experiments/raw_results/core45/CSG_NI_PROVISIONAL_PHASE6H/live_logs/CB1_CORE_S_CF3_R01/seed_530101.parquet,b6ae2572b0f8227d90c4fa9878367fd81d5257aa32b84956d1ba3c9182b002fb,KEEP_LOCAL_IGNORED,untrack_preserve_local_path,paper_experiments/raw_results/core45/CSG_NI_PROVISIONAL_PHASE6H/live_logs/CB1_CORE_S_CF3_R01/seed_530101.parquet,fa97fec6cac2a94cd1bdc39cbb8c0001f411fa2c,Generated Parquet live log retained locally and recoverable from Git history.,git show fa97fec6cac2a94cd1bdc39cbb8c0001f411fa2c:paper_experiments/raw_results/core45/CSG_NI_PROVISIONAL_PHASE6H/live_logs/CB1_CORE_S_CF3_R01/seed_530101.parquet
paper_experiments/raw_results/core45/CSG_NI_PROVISIONAL_PHASE6H/live_logs/CB1_CORE_S_CF3_R01/seed_530102.parquet,d411ecc04ab87d5524f814acdbe9f11d9b44788e6f73fbec36b29e8f66b1c6ce,KEEP_LOCAL_IGNORED,untrack_preserve_local_path,paper_experiments/raw_results/core45/CSG_NI_PROVISIONAL_PHASE6H/live_logs/CB1_CORE_S_CF3_R01/seed_530102.parquet,fa97fec6cac2a94cd1bdc39cbb8c0001f411fa2c,Generated Parquet live log retained locally and recoverable from Git history.,git show fa97fec6cac2a94cd1bdc39cbb8c0001f411fa2c:paper_experiments/raw_results/core45/CSG_NI_PROVISIONAL_PHASE6H/live_logs/CB1_CORE_S_CF3_R01/seed_530102.parquet
paper_experiments/raw_results/core45/CSG_NI_PROVISIONAL_PHASE6H/live_logs/CB1_CORE_S_CF3_R01/seed_530103.parquet,432e56c463d1e4da0e2349d24d943e6c9dcc225f9567d86cffb13e8249017453,KEEP_LOCAL_IGNORED,untrack_preserve_local_path,paper_experiments/raw_results/core45/CSG_NI_PROVISIONAL_PHASE6H/live_logs/CB1_CORE_S_CF3_R01/seed_530103.parquet,fa97fec6cac2a94cd1bdc39cbb8c0001f411fa2c,Generated Parquet live log retained locally and recoverable from Git history.,git show fa97fec6cac2a94cd1bdc39cbb8c0001f411fa2c:paper_experiments/raw_results/core45/CSG_NI_PROVISIONAL_PHASE6H/live_logs/CB1_CORE_S_CF3_R01/seed_530103.parquet
paper_experiments/raw_results/core45/CSG_NI_PROVISIONAL_PHASE6H/live_logs/CB1_CORE_S_CF3_R01/seed_530104.parquet,b8cd61095173d1eb3bd16e2be9c98c19bb57fa4a3aef4d3f1903f10307772a3d,KEEP_LOCAL_IGNORED,untrack_preserve_local_path,paper_experiments/raw_results/core45/CSG_NI_PROVISIONAL_PHASE6H/live_logs/CB1_CORE_S_CF3_R01/seed_530104.parquet,fa97fec6cac2a94cd1bdc39cbb8c0001f411fa2c,Generated Parquet live log retained locally and recoverable from Git history.,git show fa97fec6cac2a94cd1bdc39cbb8c0001f411fa2c:paper_experiments/raw_results/core45/CSG_NI_PROVISIONAL_PHASE6H/live_logs/CB1_CORE_S_CF3_R01/seed_530104.parquet
paper_experiments/raw_results/core45/CSG_NI_PROVISIONAL_PHASE6H/live_logs/CB1_CORE_S_CF3_R01/seed_530105.parquet,6d317944203bb4e0cbddde6b38723597f0ec810e429bd9af44353ab71db3ad29,KEEP_LOCAL_IGNORED,untrack_preserve_local_path,paper_experiments/raw_results/core45/CSG_NI_PROVISIONAL_PHASE6H/live_logs/CB1_CORE_S_CF3_R01/seed_530105.parquet,fa97fec6cac2a94cd1bdc39cbb8c0001f411fa2c,Generated Parquet live log retained locally and recoverable from Git history.,git show fa97fec6cac2a94cd1bdc39cbb8c0001f411fa2c:paper_experiments/raw_results/core45/CSG_NI_PROVISIONAL_PHASE6H/live_logs/CB1_CORE_S_CF3_R01/seed_530105.parquet
paper_experiments/raw_results/core45/CSG_NI_PROVISIONAL_PHASE6H/live_logs/CB1_CORE_S_CF3_R02/seed_530101.parquet,178dbfde27d10ecbe94f8e1e2236873edad7268b28da85455681f891b75f25e2,KEEP_LOCAL_IGNORED,untrack_preserve_local_path,paper_experiments/raw_results/core45/CSG_NI_PROVISIONAL_PHASE6H/live_logs/CB1_CORE_S_CF3_R02/seed_530101.parquet,fa97fec6cac2a94cd1bdc39cbb8c0001f411fa2c,Generated Parquet live log retained locally and recoverable from Git history.,git show fa97fec6cac2a94cd1bdc39cbb8c0001f411fa2c:paper_experiments/raw_results/core45/CSG_NI_PROVISIONAL_PHASE6H/live_logs/CB1_CORE_S_CF3_R02/seed_530101.parquet
paper_experiments/raw_results/core45/CSG_NI_PROVISIONAL_PHASE6H/live_logs/CB1_CORE_S_CF3_R02/seed_530102.parquet,baebb379684090b7bdfef6302c321bdc66d3941eaeb7ec238040e9c578110b20,KEEP_LOCAL_IGNORED,untrack_preserve_local_path,paper_experiments/raw_results/core45/CSG_NI_PROVISIONAL_PHASE6H/live_logs/CB1_CORE_S_CF3_R02/seed_530102.parquet,fa97fec6cac2a94cd1bdc39cbb8c0001f411fa2c,Generated Parquet live log retained locally and recoverable from Git history.,git show fa97fec6cac2a94cd1bdc39cbb8c0001f411fa2c:paper_experiments/raw_results/core45/CSG_NI_PROVISIONAL_PHASE6H/live_logs/CB1_CORE_S_CF3_R02/seed_530102.parquet
paper_experiments/raw_results/core45/CSG_NI_PROVISIONAL_PHASE6H/live_logs/CB1_CORE_S_CF3_R02/seed_530103.parquet,3a2e0b37a85bdab98a645e870b52be7e43718f73ee4b8ea5d3a8d65650af7187,KEEP_LOCAL_IGNORED,untrack_preserve_local_path,paper_experiments/raw_results/core45/CSG_NI_PROVISIONAL_PHASE6H/live_logs/CB1_CORE_S_CF3_R02/seed_530103.parquet,fa97fec6cac2a94cd1bdc39cbb8c0001f411fa2c,Generated Parquet live log retained locally and recoverable from Git history.,git show fa97fec6cac2a94cd1bdc39cbb8c0001f411fa2c:paper_experiments/raw_results/core45/CSG_NI_PROVISIONAL_PHASE6H/live_logs/CB1_CORE_S_CF3_R02/seed_530103.parquet
paper_experiments/raw_results/core45/CSG_NI_PROVISIONAL_PHASE6H/live_logs/CB1_CORE_S_CF3_R02/seed_530104.parquet,11cbe630b784459c12210d4711e0c24415c66016bf6e0a37054e176d232c389b,KEEP_LOCAL_IGNORED,untrack_preserve_local_path,paper_experiments/raw_results/core45/CSG_NI_PROVISIONAL_PHASE6H/live_logs/CB1_CORE_S_CF3_R02/seed_530104.parquet,fa97fec6cac2a94cd1bdc39cbb8c0001f411fa2c,Generated Parquet live log retained locally and recoverable from Git history.,git show fa97fec6cac2a94cd1bdc39cbb8c0001f411fa2c:paper_experiments/raw_results/core45/CSG_NI_PROVISIONAL_PHASE6H/live_logs/CB1_CORE_S_CF3_R02/seed_530104.parquet
paper_experiments/raw_results/core45/CSG_NI_PROVISIONAL_PHASE6H/live_logs/CB1_CORE_S_CF3_R02/seed_530105.parquet,02e7b64911a00d2479e85b4e3514324eed188ba53f3aea429f8012e317c75f34,KEEP_LOCAL_IGNORED,untrack_preserve_local_path,paper_experiments/raw_results/core45/CSG_NI_PROVISIONAL_PHASE6H/live_logs/CB1_CORE_S_CF3_R02/seed_530105.parquet,fa97fec6cac2a94cd1bdc39cbb8c0001f411fa2c,Generated Parquet live log retained locally and recoverable from Git history.,git show fa97fec6cac2a94cd1bdc39cbb8c0001f411fa2c:paper_experiments/raw_results/core45/CSG_NI_PROVISIONAL_PHASE6H/live_logs/CB1_CORE_S_CF3_R02/seed_530105.parquet
paper_experiments/raw_results/core45/CSG_NI_PROVISIONAL_PHASE6H/live_logs/CB1_CORE_S_CF3_R03/seed_530101.parquet,16571403c7bd5d35642100cec8cd8d2774122c91c1d877cd0c5dcc0aa5a0b32d,KEEP_LOCAL_IGNORED,untrack_preserve_local_path,paper_experiments/raw_results/core45/CSG_NI_PROVISIONAL_PHASE6H/live_logs/CB1_CORE_S_CF3_R03/seed_530101.parquet,fa97fec6cac2a94cd1bdc39cbb8c0001f411fa2c,Generated Parquet live log retained locally and recoverable from Git history.,git show fa97fec6cac2a94cd1bdc39cbb8c0001f411fa2c:paper_experiments/raw_results/core45/CSG_NI_PROVISIONAL_PHASE6H/live_logs/CB1_CORE_S_CF3_R03/seed_530101.parquet
paper_experiments/raw_results/core45/CSG_NI_PROVISIONAL_PHASE6H/live_logs/CB1_CORE_S_CF3_R03/seed_530102.parquet,e2d1a05b5e688d8ffe17f0fa148c4b5434e9c27f53cbafbd9411e005b3b796d8,KEEP_LOCAL_IGNORED,untrack_preserve_local_path,paper_experiments/raw_results/core45/CSG_NI_PROVISIONAL_PHASE6H/live_logs/CB1_CORE_S_CF3_R03/seed_530102.parquet,fa97fec6cac2a94cd1bdc39cbb8c0001f411fa2c,Generated Parquet live log retained locally and recoverable from Git history.,git show fa97fec6cac2a94cd1bdc39cbb8c0001f411fa2c:paper_experiments/raw_results/core45/CSG_NI_PROVISIONAL_PHASE6H/live_logs/CB1_CORE_S_CF3_R03/seed_530102.parquet
paper_experiments/raw_results/core45/CSG_NI_PROVISIONAL_PHASE6H/live_logs/CB1_CORE_S_CF3_R03/seed_530103.parquet,efee8e1474e8caf76742351b78b3771614808571a6d8bd9643163a4a94f98f94,KEEP_LOCAL_IGNORED,untrack_preserve_local_path,paper_experiments/raw_results/core45/CSG_NI_PROVISIONAL_PHASE6H/live_logs/CB1_CORE_S_CF3_R03/seed_530103.parquet,fa97fec6cac2a94cd1bdc39cbb8c0001f411fa2c,Generated Parquet live log retained locally and recoverable from Git history.,git show fa97fec6cac2a94cd1bdc39cbb8c0001f411fa2c:paper_experiments/raw_results/core45/CSG_NI_PROVISIONAL_PHASE6H/live_logs/CB1_CORE_S_CF3_R03/seed_530103.parquet
paper_experiments/raw_results/core45/CSG_NI_PROVISIONAL_PHASE6H/live_logs/CB1_CORE_S_CF3_R03/seed_530104.parquet,0358f264118bc7601e5a2dec0cb2cec787638d7e8f5269f0e4d719dde56a6531,KEEP_LOCAL_IGNORED,untrack_preserve_local_path,paper_experiments/raw_results/core45/CSG_NI_PROVISIONAL_PHASE6H/live_logs/CB1_CORE_S_CF3_R03/seed_530104.parquet,fa97fec6cac2a94cd1bdc39cbb8c0001f411fa2c,Generated Parquet live log retained locally and recoverable from Git history.,git show fa97fec6cac2a94cd1bdc39cbb8c0001f411fa2c:paper_experiments/raw_results/core45/CSG_NI_PROVISIONAL_PHASE6H/live_logs/CB1_CORE_S_CF3_R03/seed_530104.parquet
paper_experiments/raw_results/core45/CSG_NI_PROVISIONAL_PHASE6H/live_logs/CB1_CORE_S_CF3_R03/seed_530105.parquet,f558ebb007a2d12b2be055fedcf4249e2d2caaeb285f7edd077721493de432a6,KEEP_LOCAL_IGNORED,untrack_preserve_local_path,paper_experiments/raw_results/core45/CSG_NI_PROVISIONAL_PHASE6H/live_logs/CB1_CORE_S_CF3_R03/seed_530105.parquet,fa97fec6cac2a94cd1bdc39cbb8c0001f411fa2c,Generated Parquet live log retained locally and recoverable from Git history.,git show fa97fec6cac2a94cd1bdc39cbb8c0001f411fa2c:paper_experiments/raw_results/core45/CSG_NI_PROVISIONAL_PHASE6H/live_logs/CB1_CORE_S_CF3_R03/seed_530105.parquet
paper_experiments/raw_results/core45/CSG_NI_PROVISIONAL_PHASE6H/live_logs/CB1_CORE_S_CF3_R04/seed_530101.parquet,ba06d9b31dac59f7ca302eee18ca7d995699515591e41c219459402c7d7b71de,KEEP_LOCAL_IGNORED,untrack_preserve_local_path,paper_experiments/raw_results/core45/CSG_NI_PROVISIONAL_PHASE6H/live_logs/CB1_CORE_S_CF3_R04/seed_530101.parquet,fa97fec6cac2a94cd1bdc39cbb8c0001f411fa2c,Generated Parquet live log retained locally and recoverable from Git history.,git show fa97fec6cac2a94cd1bdc39cbb8c0001f411fa2c:paper_experiments/raw_results/core45/CSG_NI_PROVISIONAL_PHASE6H/live_logs/CB1_CORE_S_CF3_R04/seed_530101.parquet
paper_experiments/raw_results/core45/CSG_NI_PROVISIONAL_PHASE6H/live_logs/CB1_CORE_S_CF3_R04/seed_530102.parquet,d25fc3d4436f6e3973f558bff1a0ac15f8e089532d7f3e2401fc57404e258918,KEEP_LOCAL_IGNORED,untrack_preserve_local_path,paper_experiments/raw_results/core45/CSG_NI_PROVISIONAL_PHASE6H/live_logs/CB1_CORE_S_CF3_R04/seed_530102.parquet,fa97fec6cac2a94cd1bdc39cbb8c0001f411fa2c,Generated Parquet live log retained locally and recoverable from Git history.,git show fa97fec6cac2a94cd1bdc39cbb8c0001f411fa2c:paper_experiments/raw_results/core45/CSG_NI_PROVISIONAL_PHASE6H/live_logs/CB1_CORE_S_CF3_R04/seed_530102.parquet
paper_experiments/raw_results/core45/CSG_NI_PROVISIONAL_PHASE6H/live_logs/CB1_CORE_S_CF3_R04/seed_530103.parquet,8e1aeee9182f16ca19e7aae6251f4af84e11727b24f128786f6733c484e7db2d,KEEP_LOCAL_IGNORED,untrack_preserve_local_path,paper_experiments/raw_results/core45/CSG_NI_PROVISIONAL_PHASE6H/live_logs/CB1_CORE_S_CF3_R04/seed_530103.parquet,fa97fec6cac2a94cd1bdc39cbb8c0001f411fa2c,Generated Parquet live log retained locally and recoverable from Git history.,git show fa97fec6cac2a94cd1bdc39cbb8c0001f411fa2c:paper_experiments/raw_results/core45/CSG_NI_PROVISIONAL_PHASE6H/live_logs/CB1_CORE_S_CF3_R04/seed_530103.parquet
paper_experiments/raw_results/core45/CSG_NI_PROVISIONAL_PHASE6H/live_logs/CB1_CORE_S_CF3_R04/seed_530104.parquet,6f2de5bfc059858838e9c2e17ee7409cee6f6fe6614eea5b3e847b82cf92a8d3,KEEP_LOCAL_IGNORED,untrack_preserve_local_path,paper_experiments/raw_results/core45/CSG_NI_PROVISIONAL_PHASE6H/live_logs/CB1_CORE_S_CF3_R04/seed_530104.parquet,fa97fec6cac2a94cd1bdc39cbb8c0001f411fa2c,Generated Parquet live log retained locally and recoverable from Git history.,git show fa97fec6cac2a94cd1bdc39cbb8c0001f411fa2c:paper_experiments/raw_results/core45/CSG_NI_PROVISIONAL_PHASE6H/live_logs/CB1_CORE_S_CF3_R04/seed_530104.parquet
paper_experiments/raw_results/core45/CSG_NI_PROVISIONAL_PHASE6H/live_logs/CB1_CORE_S_CF3_R04/seed_530105.parquet,bbef44489c487026bb96ef526bc6ff3abd4c5ce0dbd2b45c3a26e444009cf3c4,KEEP_LOCAL_IGNORED,untrack_preserve_local_path,paper_experiments/raw_results/core45/CSG_NI_PROVISIONAL_PHASE6H/live_logs/CB1_CORE_S_CF3_R04/seed_530105.parquet,fa97fec6cac2a94cd1bdc39cbb8c0001f411fa2c,Generated Parquet live log retained locally and recoverable from Git history.,git show fa97fec6cac2a94cd1bdc39cbb8c0001f411fa2c:paper_experiments/raw_results/core45/CSG_NI_PROVISIONAL_PHASE6H/live_logs/CB1_CORE_S_CF3_R04/seed_530105.parquet
paper_experiments/raw_results/core45/CSG_NI_PROVISIONAL_PHASE6H/live_logs/CB1_CORE_S_CF3_R05/seed_530101.parquet,f1e54f17895e7635e2e0fe8acbf2705ae37e0cd7bbf8d4331c480cf080655e60,KEEP_LOCAL_IGNORED,untrack_preserve_local_path,paper_experiments/raw_results/core45/CSG_NI_PROVISIONAL_PHASE6H/live_logs/CB1_CORE_S_CF3_R05/seed_530101.parquet,fa97fec6cac2a94cd1bdc39cbb8c0001f411fa2c,Generated Parquet live log retained locally and recoverable from Git history.,git show fa97fec6cac2a94cd1bdc39cbb8c0001f411fa2c:paper_experiments/raw_results/core45/CSG_NI_PROVISIONAL_PHASE6H/live_logs/CB1_CORE_S_CF3_R05/seed_530101.parquet
paper_experiments/raw_results/core45/CSG_NI_PROVISIONAL_PHASE6H/live_logs/CB1_CORE_S_CF3_R05/seed_530102.parquet,64ecfec5a038d17c31461cd082cc37ab2584e1e1b43b5d98dce36b759bbd73d9,KEEP_LOCAL_IGNORED,untrack_preserve_local_path,paper_experiments/raw_results/core45/CSG_NI_PROVISIONAL_PHASE6H/live_logs/CB1_CORE_S_CF3_R05/seed_530102.parquet,fa97fec6cac2a94cd1bdc39cbb8c0001f411fa2c,Generated Parquet live log retained locally and recoverable from Git history.,git show fa97fec6cac2a94cd1bdc39cbb8c0001f411fa2c:paper_experiments/raw_results/core45/CSG_NI_PROVISIONAL_PHASE6H/live_logs/CB1_CORE_S_CF3_R05/seed_530102.parquet
paper_experiments/raw_results/core45/CSG_NI_PROVISIONAL_PHASE6H/live_logs/CB1_CORE_S_CF3_R05/seed_530103.parquet,36b94a10f4faee6ea41dbaa98a3eb52f4dbc3c6da8a3e1f37cc7294e699bcbde,KEEP_LOCAL_IGNORED,untrack_preserve_local_path,paper_experiments/raw_results/core45/CSG_NI_PROVISIONAL_PHASE6H/live_logs/CB1_CORE_S_CF3_R05/seed_530103.parquet,fa97fec6cac2a94cd1bdc39cbb8c0001f411fa2c,Generated Parquet live log retained locally and recoverable from Git history.,git show fa97fec6cac2a94cd1bdc39cbb8c0001f411fa2c:paper_experiments/raw_results/core45/CSG_NI_PROVISIONAL_PHASE6H/live_logs/CB1_CORE_S_CF3_R05/seed_530103.parquet
paper_experiments/raw_results/core45/CSG_NI_PROVISIONAL_PHASE6H/live_logs/CB1_CORE_S_CF3_R05/seed_530104.parquet,a3e2355bf5a04da349f59eabe4af53a98446cbead1e1794561f8ec4323fb5d2f,KEEP_LOCAL_IGNORED,untrack_preserve_local_path,paper_experiments/raw_results/core45/CSG_NI_PROVISIONAL_PHASE6H/live_logs/CB1_CORE_S_CF3_R05/seed_530104.parquet,fa97fec6cac2a94cd1bdc39cbb8c0001f411fa2c,Generated Parquet live log retained locally and recoverable from Git history.,git show fa97fec6cac2a94cd1bdc39cbb8c0001f411fa2c:paper_experiments/raw_results/core45/CSG_NI_PROVISIONAL_PHASE6H/live_logs/CB1_CORE_S_CF3_R05/seed_530104.parquet
paper_experiments/raw_results/core45/CSG_NI_PROVISIONAL_PHASE6H/live_logs/CB1_CORE_S_CF3_R05/seed_530105.parquet,e8693a6a734eede1fa84d1dcf5e402483d220b9f56d3bad8abfae016d95ee7f1,KEEP_LOCAL_IGNORED,untrack_preserve_local_path,paper_experiments/raw_results/core45/CSG_NI_PROVISIONAL_PHASE6H/live_logs/CB1_CORE_S_CF3_R05/seed_530105.parquet,fa97fec6cac2a94cd1bdc39cbb8c0001f411fa2c,Generated Parquet live log retained locally and recoverable from Git history.,git show fa97fec6cac2a94cd1bdc39cbb8c0001f411fa2c:paper_experiments/raw_results/core45/CSG_NI_PROVISIONAL_PHASE6H/live_logs/CB1_CORE_S_CF3_R05/seed_530105.parquet
paper_experiments/raw_results/core45/superseded/CSG_NI_PROVISIONAL_PHASE6H_parallel2_10seed_aborted_20260903T1005CST/.progress.lock,e3b0c44298fc1c149afbf4c8996fb92427ae41e4649b934ca495991b7852b855,DELETE_SAFE,delete_stale_runtime_lock,,fa97fec6cac2a94cd1bdc39cbb8c0001f411fa2c,Zero-byte completed or superseded job lock with no active process.,git show fa97fec6cac2a94cd1bdc39cbb8c0001f411fa2c:paper_experiments/raw_results/core45/superseded/CSG_NI_PROVISIONAL_PHASE6H_parallel2_10seed_aborted_20260903T1005CST/.progress.lock
paper_experiments/raw_results/core45/superseded/CSG_NI_PROVISIONAL_PHASE6H_parallel2_10seed_aborted_20260903T1005CST/live_logs/CB1_CORE_S_CF1_R01/seed_530101.parquet,5b2fe6510e3e3a58dc7fbe45a06d9cfa7a5d3e3432beecf1a5a972d42e587483,KEEP_LOCAL_IGNORED,untrack_preserve_local_path,paper_experiments/raw_results/core45/superseded/CSG_NI_PROVISIONAL_PHASE6H_parallel2_10seed_aborted_20260903T1005CST/live_logs/CB1_CORE_S_CF1_R01/seed_530101.parquet,fa97fec6cac2a94cd1bdc39cbb8c0001f411fa2c,Generated Parquet live log retained locally and recoverable from Git history.,git show fa97fec6cac2a94cd1bdc39cbb8c0001f411fa2c:paper_experiments/raw_results/core45/superseded/CSG_NI_PROVISIONAL_PHASE6H_parallel2_10seed_aborted_20260903T1005CST/live_logs/CB1_CORE_S_CF1_R01/seed_530101.parquet
paper_experiments/raw_results/core45/superseded/CSG_NI_PROVISIONAL_PHASE6H_parallel2_10seed_aborted_20260903T1005CST/live_logs/CB1_CORE_S_CF1_R01/seed_530102.parquet,9aef6cee5045e993f0ecf015bb867b86ffa192b529e761486d392aebaca1ed5b,KEEP_LOCAL_IGNORED,untrack_preserve_local_path,paper_experiments/raw_results/core45/superseded/CSG_NI_PROVISIONAL_PHASE6H_parallel2_10seed_aborted_20260903T1005CST/live_logs/CB1_CORE_S_CF1_R01/seed_530102.parquet,fa97fec6cac2a94cd1bdc39cbb8c0001f411fa2c,Generated Parquet live log retained locally and recoverable from Git history.,git show fa97fec6cac2a94cd1bdc39cbb8c0001f411fa2c:paper_experiments/raw_results/core45/superseded/CSG_NI_PROVISIONAL_PHASE6H_parallel2_10seed_aborted_20260903T1005CST/live_logs/CB1_CORE_S_CF1_R01/seed_530102.parquet
paper_experiments/raw_results/core45/superseded/CSG_NI_PROVISIONAL_PHASE6H_parallel2_pilot_20260903T1001CST/.progress.lock,e3b0c44298fc1c149afbf4c8996fb92427ae41e4649b934ca495991b7852b855,DELETE_SAFE,delete_stale_runtime_lock,,fa97fec6cac2a94cd1bdc39cbb8c0001f411fa2c,Zero-byte completed or superseded job lock with no active process.,git show fa97fec6cac2a94cd1bdc39cbb8c0001f411fa2c:paper_experiments/raw_results/core45/superseded/CSG_NI_PROVISIONAL_PHASE6H_parallel2_pilot_20260903T1001CST/.progress.lock
paper_experiments/raw_results/core45/superseded/CSG_NI_PROVISIONAL_PHASE6H_parallel2_pilot_20260903T1001CST/live_logs/CB1_CORE_S_CF1_R01/seed_530101.parquet,4977a1c7e7aa4ef5b52f19fd3aeb3962ae5c307eddd74714006ea07bd66d6b78,KEEP_LOCAL_IGNORED,untrack_preserve_local_path,paper_experiments/raw_results/core45/superseded/CSG_NI_PROVISIONAL_PHASE6H_parallel2_pilot_20260903T1001CST/live_logs/CB1_CORE_S_CF1_R01/seed_530101.parquet,fa97fec6cac2a94cd1bdc39cbb8c0001f411fa2c,Generated Parquet live log retained locally and recoverable from Git history.,git show fa97fec6cac2a94cd1bdc39cbb8c0001f411fa2c:paper_experiments/raw_results/core45/superseded/CSG_NI_PROVISIONAL_PHASE6H_parallel2_pilot_20260903T1001CST/live_logs/CB1_CORE_S_CF1_R01/seed_530101.parquet
paper_experiments/raw_results/core45/superseded/CSG_NI_PROVISIONAL_PHASE6H_parallel2_pilot_20260903T1001CST/live_logs/CB1_CORE_S_CF1_R01/seed_530102.parquet,d1b2e2ec7f247f61e8a72d9c9866140f581fb241433e9688fb25a37ab5aeb62f,KEEP_LOCAL_IGNORED,untrack_preserve_local_path,paper_experiments/raw_results/core45/superseded/CSG_NI_PROVISIONAL_PHASE6H_parallel2_pilot_20260903T1001CST/live_logs/CB1_CORE_S_CF1_R01/seed_530102.parquet,fa97fec6cac2a94cd1bdc39cbb8c0001f411fa2c,Generated Parquet live log retained locally and recoverable from Git history.,git show fa97fec6cac2a94cd1bdc39cbb8c0001f411fa2c:paper_experiments/raw_results/core45/superseded/CSG_NI_PROVISIONAL_PHASE6H_parallel2_pilot_20260903T1001CST/live_logs/CB1_CORE_S_CF1_R01/seed_530102.parquet
paper_experiments/raw_results/core45/superseded/CSG_NI_PROVISIONAL_PHASE6H_parallel4_pilot_20260903T0957CST/.progress.lock,e3b0c44298fc1c149afbf4c8996fb92427ae41e4649b934ca495991b7852b855,DELETE_SAFE,delete_stale_runtime_lock,,fa97fec6cac2a94cd1bdc39cbb8c0001f411fa2c,Zero-byte completed or superseded job lock with no active process.,git show fa97fec6cac2a94cd1bdc39cbb8c0001f411fa2c:paper_experiments/raw_results/core45/superseded/CSG_NI_PROVISIONAL_PHASE6H_parallel4_pilot_20260903T0957CST/.progress.lock
paper_experiments/raw_results/core45/superseded/CSG_NI_PROVISIONAL_PHASE6H_parallel4_pilot_20260903T0957CST/live_logs/CB1_CORE_S_CF1_R01/seed_530101.parquet,d41db52480db21ebf0123c3dff58373c0de31d6af06d9c1ca7b8a66cce9be189,KEEP_LOCAL_IGNORED,untrack_preserve_local_path,paper_experiments/raw_results/core45/superseded/CSG_NI_PROVISIONAL_PHASE6H_parallel4_pilot_20260903T0957CST/live_logs/CB1_CORE_S_CF1_R01/seed_530101.parquet,fa97fec6cac2a94cd1bdc39cbb8c0001f411fa2c,Generated Parquet live log retained locally and recoverable from Git history.,git show fa97fec6cac2a94cd1bdc39cbb8c0001f411fa2c:paper_experiments/raw_results/core45/superseded/CSG_NI_PROVISIONAL_PHASE6H_parallel4_pilot_20260903T0957CST/live_logs/CB1_CORE_S_CF1_R01/seed_530101.parquet
paper_experiments/raw_results/core45/superseded/CSG_NI_PROVISIONAL_PHASE6H_parallel4_pilot_20260903T0957CST/live_logs/CB1_CORE_S_CF1_R01/seed_530102.parquet,ba4725c12ab08931e65b346788efd81d8c24313ae68853408946fc69446dec35,KEEP_LOCAL_IGNORED,untrack_preserve_local_path,paper_experiments/raw_results/core45/superseded/CSG_NI_PROVISIONAL_PHASE6H_parallel4_pilot_20260903T0957CST/live_logs/CB1_CORE_S_CF1_R01/seed_530102.parquet,fa97fec6cac2a94cd1bdc39cbb8c0001f411fa2c,Generated Parquet live log retained locally and recoverable from Git history.,git show fa97fec6cac2a94cd1bdc39cbb8c0001f411fa2c:paper_experiments/raw_results/core45/superseded/CSG_NI_PROVISIONAL_PHASE6H_parallel4_pilot_20260903T0957CST/live_logs/CB1_CORE_S_CF1_R01/seed_530102.parquet
paper_experiments/raw_results/core45/superseded/CSG_NI_PROVISIONAL_PHASE6H_parallel4_pilot_20260903T0957CST/live_logs/CB1_CORE_S_CF1_R01/seed_530103.parquet,7eeacb762a7554e5b66e287a097fc6df7832b862dd5e32379b99b65fd14f1df4,KEEP_LOCAL_IGNORED,untrack_preserve_local_path,paper_experiments/raw_results/core45/superseded/CSG_NI_PROVISIONAL_PHASE6H_parallel4_pilot_20260903T0957CST/live_logs/CB1_CORE_S_CF1_R01/seed_530103.parquet,fa97fec6cac2a94cd1bdc39cbb8c0001f411fa2c,Generated Parquet live log retained locally and recoverable from Git history.,git show fa97fec6cac2a94cd1bdc39cbb8c0001f411fa2c:paper_experiments/raw_results/core45/superseded/CSG_NI_PROVISIONAL_PHASE6H_parallel4_pilot_20260903T0957CST/live_logs/CB1_CORE_S_CF1_R01/seed_530103.parquet
paper_experiments/raw_results/core45/superseded/CSG_NI_PROVISIONAL_PHASE6H_parallel4_pilot_20260903T0957CST/live_logs/CB1_CORE_S_CF1_R01/seed_530104.parquet,98475e84251176ae590177927991d8c5c5a6eb9aaecabd4a00c7d8d78cfb91c3,KEEP_LOCAL_IGNORED,untrack_preserve_local_path,paper_experiments/raw_results/core45/superseded/CSG_NI_PROVISIONAL_PHASE6H_parallel4_pilot_20260903T0957CST/live_logs/CB1_CORE_S_CF1_R01/seed_530104.parquet,fa97fec6cac2a94cd1bdc39cbb8c0001f411fa2c,Generated Parquet live log retained locally and recoverable from Git history.,git show fa97fec6cac2a94cd1bdc39cbb8c0001f411fa2c:paper_experiments/raw_results/core45/superseded/CSG_NI_PROVISIONAL_PHASE6H_parallel4_pilot_20260903T0957CST/live_logs/CB1_CORE_S_CF1_R01/seed_530104.parquet
paper_experiments/raw_results/core45/superseded/CSG_NI_PROVISIONAL_PHASE6H_serial1_20260903T0946CST/live_logs/CB1_CORE_S_CF1_R01/seed_530101.parquet,6ebb3106b9dad2e493ca90d19235e7445623c1a573020b054350ad2291488f19,KEEP_LOCAL_IGNORED,untrack_preserve_local_path,paper_experiments/raw_results/core45/superseded/CSG_NI_PROVISIONAL_PHASE6H_serial1_20260903T0946CST/live_logs/CB1_CORE_S_CF1_R01/seed_530101.parquet,fa97fec6cac2a94cd1bdc39cbb8c0001f411fa2c,Generated Parquet live log retained locally and recoverable from Git history.,git show fa97fec6cac2a94cd1bdc39cbb8c0001f411fa2c:paper_experiments/raw_results/core45/superseded/CSG_NI_PROVISIONAL_PHASE6H_serial1_20260903T0946CST/live_logs/CB1_CORE_S_CF1_R01/seed_530101.parquet
paper_experiments/raw_results/core45/superseded/CSG_NI_PROVISIONAL_PHASE6H_serial1_20260903T0946CST/live_logs/CB1_CORE_S_CF1_R01/seed_530102.parquet,d6c35cfc396cfb4259f0ef08c082d3a0a54be74a2b447e5f4505d897fa88298f,KEEP_LOCAL_IGNORED,untrack_preserve_local_path,paper_experiments/raw_results/core45/superseded/CSG_NI_PROVISIONAL_PHASE6H_serial1_20260903T0946CST/live_logs/CB1_CORE_S_CF1_R01/seed_530102.parquet,fa97fec6cac2a94cd1bdc39cbb8c0001f411fa2c,Generated Parquet live log retained locally and recoverable from Git history.,git show fa97fec6cac2a94cd1bdc39cbb8c0001f411fa2c:paper_experiments/raw_results/core45/superseded/CSG_NI_PROVISIONAL_PHASE6H_serial1_20260903T0946CST/live_logs/CB1_CORE_S_CF1_R01/seed_530102.parquet
paper_experiments/raw_results/core45/superseded/CSG_NI_PROVISIONAL_PHASE6H_serial1_20260903T0946CST/live_logs/CB1_CORE_S_CF1_R01/seed_530103.parquet,51f159968534a122f87e358667c9a61e9d0815679975ca79162c31848fb340b9,KEEP_LOCAL_IGNORED,untrack_preserve_local_path,paper_experiments/raw_results/core45/superseded/CSG_NI_PROVISIONAL_PHASE6H_serial1_20260903T0946CST/live_logs/CB1_CORE_S_CF1_R01/seed_530103.parquet,fa97fec6cac2a94cd1bdc39cbb8c0001f411fa2c,Generated Parquet live log retained locally and recoverable from Git history.,git show fa97fec6cac2a94cd1bdc39cbb8c0001f411fa2c:paper_experiments/raw_results/core45/superseded/CSG_NI_PROVISIONAL_PHASE6H_serial1_20260903T0946CST/live_logs/CB1_CORE_S_CF1_R01/seed_530103.parquet
paper_experiments/raw_results/core45/superseded/CSG_NI_PROVISIONAL_PHASE6H_serial1_20260903T0946CST/live_logs/CB1_CORE_S_CF1_R01/seed_530104.parquet,bb4535cb87be86f7e4b6c7133fefa809bfa89ba37e77850780cc581c6e2d867b,KEEP_LOCAL_IGNORED,untrack_preserve_local_path,paper_experiments/raw_results/core45/superseded/CSG_NI_PROVISIONAL_PHASE6H_serial1_20260903T0946CST/live_logs/CB1_CORE_S_CF1_R01/seed_530104.parquet,fa97fec6cac2a94cd1bdc39cbb8c0001f411fa2c,Generated Parquet live log retained locally and recoverable from Git history.,git show fa97fec6cac2a94cd1bdc39cbb8c0001f411fa2c:paper_experiments/raw_results/core45/superseded/CSG_NI_PROVISIONAL_PHASE6H_serial1_20260903T0946CST/live_logs/CB1_CORE_S_CF1_R01/seed_530104.parquet
paper_experiments/raw_results/core45/superseded/CSG_NI_PROVISIONAL_PHASE6H_serial1_20260903T0946CST/live_logs/CB1_CORE_S_CF1_R01/seed_530105.parquet,c4408fc374df5de908802dd1e7c48b8315f7f9190bcd924f9c08c9a4e286c3bf,KEEP_LOCAL_IGNORED,untrack_preserve_local_path,paper_experiments/raw_results/core45/superseded/CSG_NI_PROVISIONAL_PHASE6H_serial1_20260903T0946CST/live_logs/CB1_CORE_S_CF1_R01/seed_530105.parquet,fa97fec6cac2a94cd1bdc39cbb8c0001f411fa2c,Generated Parquet live log retained locally and recoverable from Git history.,git show fa97fec6cac2a94cd1bdc39cbb8c0001f411fa2c:paper_experiments/raw_results/core45/superseded/CSG_NI_PROVISIONAL_PHASE6H_serial1_20260903T0946CST/live_logs/CB1_CORE_S_CF1_R01/seed_530105.parquet
paper_experiments/raw_results/core45/superseded/CSG_NI_PROVISIONAL_PHASE6H_serial1_20260903T0946CST/live_logs/CB1_CORE_S_CF1_R01/seed_530106.parquet,d0b233fa45fcc9691b9df500a2c226086288ce0c7e37d766678579b2477075c8,KEEP_LOCAL_IGNORED,untrack_preserve_local_path,paper_experiments/raw_results/core45/superseded/CSG_NI_PROVISIONAL_PHASE6H_serial1_20260903T0946CST/live_logs/CB1_CORE_S_CF1_R01/seed_530106.parquet,fa97fec6cac2a94cd1bdc39cbb8c0001f411fa2c,Generated Parquet live log retained locally and recoverable from Git history.,git show fa97fec6cac2a94cd1bdc39cbb8c0001f411fa2c:paper_experiments/raw_results/core45/superseded/CSG_NI_PROVISIONAL_PHASE6H_serial1_20260903T0946CST/live_logs/CB1_CORE_S_CF1_R01/seed_530106.parquet
paper_experiments/raw_results/exact_validation_10_final/live_logs/RIACRSP_E01/seed_530101.parquet,01fd3b14813daa87768a6686e67aca308c5b2363ba61b77d61f34d2200d64dba,KEEP_LOCAL_IGNORED,untrack_preserve_local_path,paper_experiments/raw_results/exact_validation_10_final/live_logs/RIACRSP_E01/seed_530101.parquet,fa97fec6cac2a94cd1bdc39cbb8c0001f411fa2c,Generated Parquet live log retained locally and recoverable from Git history.,git show fa97fec6cac2a94cd1bdc39cbb8c0001f411fa2c:paper_experiments/raw_results/exact_validation_10_final/live_logs/RIACRSP_E01/seed_530101.parquet
paper_experiments/raw_results/exact_validation_10_final/live_logs/RIACRSP_E01/seed_530102.parquet,4009389cad6f99d8235cc5f2d298f9abf6074621f213be80e25a0ea62b3c9a2e,KEEP_LOCAL_IGNORED,untrack_preserve_local_path,paper_experiments/raw_results/exact_validation_10_final/live_logs/RIACRSP_E01/seed_530102.parquet,fa97fec6cac2a94cd1bdc39cbb8c0001f411fa2c,Generated Parquet live log retained locally and recoverable from Git history.,git show fa97fec6cac2a94cd1bdc39cbb8c0001f411fa2c:paper_experiments/raw_results/exact_validation_10_final/live_logs/RIACRSP_E01/seed_530102.parquet
paper_experiments/raw_results/exact_validation_10_final/live_logs/RIACRSP_E01/seed_530103.parquet,f531b9e59b60fe2e378b1744141e9f7d009b08dffbb95bc31045d1024bf66fd4,KEEP_LOCAL_IGNORED,untrack_preserve_local_path,paper_experiments/raw_results/exact_validation_10_final/live_logs/RIACRSP_E01/seed_530103.parquet,fa97fec6cac2a94cd1bdc39cbb8c0001f411fa2c,Generated Parquet live log retained locally and recoverable from Git history.,git show fa97fec6cac2a94cd1bdc39cbb8c0001f411fa2c:paper_experiments/raw_results/exact_validation_10_final/live_logs/RIACRSP_E01/seed_530103.parquet
paper_experiments/raw_results/exact_validation_10_final/live_logs/RIACRSP_E01/seed_530104.parquet,b9b01fbd9978cdf7e68bd5ebf2396b8181990b54d922da1025b94d6005305002,KEEP_LOCAL_IGNORED,untrack_preserve_local_path,paper_experiments/raw_results/exact_validation_10_final/live_logs/RIACRSP_E01/seed_530104.parquet,fa97fec6cac2a94cd1bdc39cbb8c0001f411fa2c,Generated Parquet live log retained locally and recoverable from Git history.,git show fa97fec6cac2a94cd1bdc39cbb8c0001f411fa2c:paper_experiments/raw_results/exact_validation_10_final/live_logs/RIACRSP_E01/seed_530104.parquet
paper_experiments/raw_results/exact_validation_10_final/live_logs/RIACRSP_E01/seed_530105.parquet,33999c23865bba47bdc9001b7058568948d2f958525d93fa1a5a6472920b3187,KEEP_LOCAL_IGNORED,untrack_preserve_local_path,paper_experiments/raw_results/exact_validation_10_final/live_logs/RIACRSP_E01/seed_530105.parquet,fa97fec6cac2a94cd1bdc39cbb8c0001f411fa2c,Generated Parquet live log retained locally and recoverable from Git history.,git show fa97fec6cac2a94cd1bdc39cbb8c0001f411fa2c:paper_experiments/raw_results/exact_validation_10_final/live_logs/RIACRSP_E01/seed_530105.parquet
paper_experiments/raw_results/exact_validation_10_final/live_logs/RIACRSP_E02/seed_530101.parquet,383dce58686cf9141687b8aaeb7d9aa9f21c3be124b1774b42b748c5d3067c08,KEEP_LOCAL_IGNORED,untrack_preserve_local_path,paper_experiments/raw_results/exact_validation_10_final/live_logs/RIACRSP_E02/seed_530101.parquet,fa97fec6cac2a94cd1bdc39cbb8c0001f411fa2c,Generated Parquet live log retained locally and recoverable from Git history.,git show fa97fec6cac2a94cd1bdc39cbb8c0001f411fa2c:paper_experiments/raw_results/exact_validation_10_final/live_logs/RIACRSP_E02/seed_530101.parquet
paper_experiments/raw_results/exact_validation_10_final/live_logs/RIACRSP_E02/seed_530102.parquet,569949eeed14a6dc97b19c02fd6ad105a3bca7e081b698071ed5eefd7677d04d,KEEP_LOCAL_IGNORED,untrack_preserve_local_path,paper_experiments/raw_results/exact_validation_10_final/live_logs/RIACRSP_E02/seed_530102.parquet,fa97fec6cac2a94cd1bdc39cbb8c0001f411fa2c,Generated Parquet live log retained locally and recoverable from Git history.,git show fa97fec6cac2a94cd1bdc39cbb8c0001f411fa2c:paper_experiments/raw_results/exact_validation_10_final/live_logs/RIACRSP_E02/seed_530102.parquet
paper_experiments/raw_results/exact_validation_10_final/live_logs/RIACRSP_E02/seed_530103.parquet,89053debc3ce1c49b828fe6dc810e9eee1f9b902614439a186839bcede327f14,KEEP_LOCAL_IGNORED,untrack_preserve_local_path,paper_experiments/raw_results/exact_validation_10_final/live_logs/RIACRSP_E02/seed_530103.parquet,fa97fec6cac2a94cd1bdc39cbb8c0001f411fa2c,Generated Parquet live log retained locally and recoverable from Git history.,git show fa97fec6cac2a94cd1bdc39cbb8c0001f411fa2c:paper_experiments/raw_results/exact_validation_10_final/live_logs/RIACRSP_E02/seed_530103.parquet
paper_experiments/raw_results/exact_validation_10_final/live_logs/RIACRSP_E02/seed_530104.parquet,b6a7479c2e9f3e2f3f7860336110b6e54330f4c31feced79e30fc6173701969f,KEEP_LOCAL_IGNORED,untrack_preserve_local_path,paper_experiments/raw_results/exact_validation_10_final/live_logs/RIACRSP_E02/seed_530104.parquet,fa97fec6cac2a94cd1bdc39cbb8c0001f411fa2c,Generated Parquet live log retained locally and recoverable from Git history.,git show fa97fec6cac2a94cd1bdc39cbb8c0001f411fa2c:paper_experiments/raw_results/exact_validation_10_final/live_logs/RIACRSP_E02/seed_530104.parquet
paper_experiments/raw_results/exact_validation_10_final/live_logs/RIACRSP_E02/seed_530105.parquet,a7a704d54e90ad5fe20bacb2ce4f0519c71813df12110ab08bb9c9b9694eee21,KEEP_LOCAL_IGNORED,untrack_preserve_local_path,paper_experiments/raw_results/exact_validation_10_final/live_logs/RIACRSP_E02/seed_530105.parquet,fa97fec6cac2a94cd1bdc39cbb8c0001f411fa2c,Generated Parquet live log retained locally and recoverable from Git history.,git show fa97fec6cac2a94cd1bdc39cbb8c0001f411fa2c:paper_experiments/raw_results/exact_validation_10_final/live_logs/RIACRSP_E02/seed_530105.parquet
paper_experiments/raw_results/exact_validation_10_final/live_logs/RIACRSP_E03/seed_530101.parquet,7d90f46bb59e67e3d37f22a7348cd0da665e621930023ec2bbb1c1cc1d81f783,KEEP_LOCAL_IGNORED,untrack_preserve_local_path,paper_experiments/raw_results/exact_validation_10_final/live_logs/RIACRSP_E03/seed_530101.parquet,fa97fec6cac2a94cd1bdc39cbb8c0001f411fa2c,Generated Parquet live log retained locally and recoverable from Git history.,git show fa97fec6cac2a94cd1bdc39cbb8c0001f411fa2c:paper_experiments/raw_results/exact_validation_10_final/live_logs/RIACRSP_E03/seed_530101.parquet
paper_experiments/raw_results/exact_validation_10_final/live_logs/RIACRSP_E03/seed_530102.parquet,1dc7109bb7a3f8f94c145510ceba83a52aab4260ce924ea13b2ddfac669b58ec,KEEP_LOCAL_IGNORED,untrack_preserve_local_path,paper_experiments/raw_results/exact_validation_10_final/live_logs/RIACRSP_E03/seed_530102.parquet,fa97fec6cac2a94cd1bdc39cbb8c0001f411fa2c,Generated Parquet live log retained locally and recoverable from Git history.,git show fa97fec6cac2a94cd1bdc39cbb8c0001f411fa2c:paper_experiments/raw_results/exact_validation_10_final/live_logs/RIACRSP_E03/seed_530102.parquet
paper_experiments/raw_results/exact_validation_10_final/live_logs/RIACRSP_E03/seed_530103.parquet,3ff226ea543278db787270f94ba1ebf7c009c1d0fb5afb74fafe76d5f4f21a90,KEEP_LOCAL_IGNORED,untrack_preserve_local_path,paper_experiments/raw_results/exact_validation_10_final/live_logs/RIACRSP_E03/seed_530103.parquet,fa97fec6cac2a94cd1bdc39cbb8c0001f411fa2c,Generated Parquet live log retained locally and recoverable from Git history.,git show fa97fec6cac2a94cd1bdc39cbb8c0001f411fa2c:paper_experiments/raw_results/exact_validation_10_final/live_logs/RIACRSP_E03/seed_530103.parquet
paper_experiments/raw_results/exact_validation_10_final/live_logs/RIACRSP_E03/seed_530104.parquet,766ca04b32f7f89b33fbcd92e541fd539a8c99768eef30c747a69e24991c42a3,KEEP_LOCAL_IGNORED,untrack_preserve_local_path,paper_experiments/raw_results/exact_validation_10_final/live_logs/RIACRSP_E03/seed_530104.parquet,fa97fec6cac2a94cd1bdc39cbb8c0001f411fa2c,Generated Parquet live log retained locally and recoverable from Git history.,git show fa97fec6cac2a94cd1bdc39cbb8c0001f411fa2c:paper_experiments/raw_results/exact_validation_10_final/live_logs/RIACRSP_E03/seed_530104.parquet
paper_experiments/raw_results/exact_validation_10_final/live_logs/RIACRSP_E03/seed_530105.parquet,16f1b3622050df6d5d063d7e12bf07c53aeb4d34d8cab88f71a28f871f4c56f5,KEEP_LOCAL_IGNORED,untrack_preserve_local_path,paper_experiments/raw_results/exact_validation_10_final/live_logs/RIACRSP_E03/seed_530105.parquet,fa97fec6cac2a94cd1bdc39cbb8c0001f411fa2c,Generated Parquet live log retained locally and recoverable from Git history.,git show fa97fec6cac2a94cd1bdc39cbb8c0001f411fa2c:paper_experiments/raw_results/exact_validation_10_final/live_logs/RIACRSP_E03/seed_530105.parquet
paper_experiments/raw_results/exact_validation_10_final/live_logs/RIACRSP_E04/seed_530101.parquet,cfc38d894066e8d8dfaeb52f9f1d9a435703ba6e1fcbb9e59fb82421c7c64fcd,KEEP_LOCAL_IGNORED,untrack_preserve_local_path,paper_experiments/raw_results/exact_validation_10_final/live_logs/RIACRSP_E04/seed_530101.parquet,fa97fec6cac2a94cd1bdc39cbb8c0001f411fa2c,Generated Parquet live log retained locally and recoverable from Git history.,git show fa97fec6cac2a94cd1bdc39cbb8c0001f411fa2c:paper_experiments/raw_results/exact_validation_10_final/live_logs/RIACRSP_E04/seed_530101.parquet
paper_experiments/raw_results/exact_validation_10_final/live_logs/RIACRSP_E04/seed_530102.parquet,51326fac81594b0b08ce8d2f57ffb7724e58c160ce146c74d7be49698cd7abf2,KEEP_LOCAL_IGNORED,untrack_preserve_local_path,paper_experiments/raw_results/exact_validation_10_final/live_logs/RIACRSP_E04/seed_530102.parquet,fa97fec6cac2a94cd1bdc39cbb8c0001f411fa2c,Generated Parquet live log retained locally and recoverable from Git history.,git show fa97fec6cac2a94cd1bdc39cbb8c0001f411fa2c:paper_experiments/raw_results/exact_validation_10_final/live_logs/RIACRSP_E04/seed_530102.parquet
paper_experiments/raw_results/exact_validation_10_final/live_logs/RIACRSP_E04/seed_530103.parquet,cc874e4ee5d65a76f9a49d8a4d07ca8d9ce24df15e1cac9d08682a0eed53d5ba,KEEP_LOCAL_IGNORED,untrack_preserve_local_path,paper_experiments/raw_results/exact_validation_10_final/live_logs/RIACRSP_E04/seed_530103.parquet,fa97fec6cac2a94cd1bdc39cbb8c0001f411fa2c,Generated Parquet live log retained locally and recoverable from Git history.,git show fa97fec6cac2a94cd1bdc39cbb8c0001f411fa2c:paper_experiments/raw_results/exact_validation_10_final/live_logs/RIACRSP_E04/seed_530103.parquet
paper_experiments/raw_results/exact_validation_10_final/live_logs/RIACRSP_E04/seed_530104.parquet,88c938f26150c6f0c8771860089235ef40ee34715f66e6ac2185b2d887b543c5,KEEP_LOCAL_IGNORED,untrack_preserve_local_path,paper_experiments/raw_results/exact_validation_10_final/live_logs/RIACRSP_E04/seed_530104.parquet,fa97fec6cac2a94cd1bdc39cbb8c0001f411fa2c,Generated Parquet live log retained locally and recoverable from Git history.,git show fa97fec6cac2a94cd1bdc39cbb8c0001f411fa2c:paper_experiments/raw_results/exact_validation_10_final/live_logs/RIACRSP_E04/seed_530104.parquet
paper_experiments/raw_results/exact_validation_10_final/live_logs/RIACRSP_E04/seed_530105.parquet,a48591648ca466fac3249feabbd9a1439195e20abc9143471a148cf41b25e487,KEEP_LOCAL_IGNORED,untrack_preserve_local_path,paper_experiments/raw_results/exact_validation_10_final/live_logs/RIACRSP_E04/seed_530105.parquet,fa97fec6cac2a94cd1bdc39cbb8c0001f411fa2c,Generated Parquet live log retained locally and recoverable from Git history.,git show fa97fec6cac2a94cd1bdc39cbb8c0001f411fa2c:paper_experiments/raw_results/exact_validation_10_final/live_logs/RIACRSP_E04/seed_530105.parquet
paper_experiments/raw_results/exact_validation_10_final/live_logs/RIACRSP_E05/seed_530101.parquet,6c06692f2f240445c8a86669d55fd70123199f93d77b4cb79ab30dbd0e371192,KEEP_LOCAL_IGNORED,untrack_preserve_local_path,paper_experiments/raw_results/exact_validation_10_final/live_logs/RIACRSP_E05/seed_530101.parquet,fa97fec6cac2a94cd1bdc39cbb8c0001f411fa2c,Generated Parquet live log retained locally and recoverable from Git history.,git show fa97fec6cac2a94cd1bdc39cbb8c0001f411fa2c:paper_experiments/raw_results/exact_validation_10_final/live_logs/RIACRSP_E05/seed_530101.parquet
paper_experiments/raw_results/exact_validation_10_final/live_logs/RIACRSP_E05/seed_530102.parquet,22b26ce4ba46f0a01c729b356cb0d52764640cda369fae0a1fd1ee1b1aff7481,KEEP_LOCAL_IGNORED,untrack_preserve_local_path,paper_experiments/raw_results/exact_validation_10_final/live_logs/RIACRSP_E05/seed_530102.parquet,fa97fec6cac2a94cd1bdc39cbb8c0001f411fa2c,Generated Parquet live log retained locally and recoverable from Git history.,git show fa97fec6cac2a94cd1bdc39cbb8c0001f411fa2c:paper_experiments/raw_results/exact_validation_10_final/live_logs/RIACRSP_E05/seed_530102.parquet
paper_experiments/raw_results/exact_validation_10_final/live_logs/RIACRSP_E05/seed_530103.parquet,3fded642a1e5aa2f5a49420dd2bbcf8a8f2bb24f374b2e5c688e9ddafd86ce1f,KEEP_LOCAL_IGNORED,untrack_preserve_local_path,paper_experiments/raw_results/exact_validation_10_final/live_logs/RIACRSP_E05/seed_530103.parquet,fa97fec6cac2a94cd1bdc39cbb8c0001f411fa2c,Generated Parquet live log retained locally and recoverable from Git history.,git show fa97fec6cac2a94cd1bdc39cbb8c0001f411fa2c:paper_experiments/raw_results/exact_validation_10_final/live_logs/RIACRSP_E05/seed_530103.parquet
paper_experiments/raw_results/exact_validation_10_final/live_logs/RIACRSP_E05/seed_530104.parquet,df3f1823c02b123d47e06ccb454f44ba2b4312d7a790ae326d897b65729ff7a2,KEEP_LOCAL_IGNORED,untrack_preserve_local_path,paper_experiments/raw_results/exact_validation_10_final/live_logs/RIACRSP_E05/seed_530104.parquet,fa97fec6cac2a94cd1bdc39cbb8c0001f411fa2c,Generated Parquet live log retained locally and recoverable from Git history.,git show fa97fec6cac2a94cd1bdc39cbb8c0001f411fa2c:paper_experiments/raw_results/exact_validation_10_final/live_logs/RIACRSP_E05/seed_530104.parquet
paper_experiments/raw_results/exact_validation_10_final/live_logs/RIACRSP_E05/seed_530105.parquet,fc6fbd2c7fc7a92eb21cf18994f46a40ac940d62e1301b9c0e301396f64910e5,KEEP_LOCAL_IGNORED,untrack_preserve_local_path,paper_experiments/raw_results/exact_validation_10_final/live_logs/RIACRSP_E05/seed_530105.parquet,fa97fec6cac2a94cd1bdc39cbb8c0001f411fa2c,Generated Parquet live log retained locally and recoverable from Git history.,git show fa97fec6cac2a94cd1bdc39cbb8c0001f411fa2c:paper_experiments/raw_results/exact_validation_10_final/live_logs/RIACRSP_E05/seed_530105.parquet
paper_experiments/raw_results/exact_validation_10_final/live_logs/RIACRSP_E06/seed_530101.parquet,5c85cc5c5566fe21d89c89b9304d050837cfdcdbb1fbb3e7f712dbb6c190028f,KEEP_LOCAL_IGNORED,untrack_preserve_local_path,paper_experiments/raw_results/exact_validation_10_final/live_logs/RIACRSP_E06/seed_530101.parquet,fa97fec6cac2a94cd1bdc39cbb8c0001f411fa2c,Generated Parquet live log retained locally and recoverable from Git history.,git show fa97fec6cac2a94cd1bdc39cbb8c0001f411fa2c:paper_experiments/raw_results/exact_validation_10_final/live_logs/RIACRSP_E06/seed_530101.parquet
paper_experiments/raw_results/exact_validation_10_final/live_logs/RIACRSP_E06/seed_530102.parquet,32997288a06f6276abeca438f2701c71f5a1b8761e0c54143153a09a201f000d,KEEP_LOCAL_IGNORED,untrack_preserve_local_path,paper_experiments/raw_results/exact_validation_10_final/live_logs/RIACRSP_E06/seed_530102.parquet,fa97fec6cac2a94cd1bdc39cbb8c0001f411fa2c,Generated Parquet live log retained locally and recoverable from Git history.,git show fa97fec6cac2a94cd1bdc39cbb8c0001f411fa2c:paper_experiments/raw_results/exact_validation_10_final/live_logs/RIACRSP_E06/seed_530102.parquet
paper_experiments/raw_results/exact_validation_10_final/live_logs/RIACRSP_E06/seed_530103.parquet,23bd472b65a68e9d3181ab4e123b3c5e2aaa0c49a61f010663fa829a419790a8,KEEP_LOCAL_IGNORED,untrack_preserve_local_path,paper_experiments/raw_results/exact_validation_10_final/live_logs/RIACRSP_E06/seed_530103.parquet,fa97fec6cac2a94cd1bdc39cbb8c0001f411fa2c,Generated Parquet live log retained locally and recoverable from Git history.,git show fa97fec6cac2a94cd1bdc39cbb8c0001f411fa2c:paper_experiments/raw_results/exact_validation_10_final/live_logs/RIACRSP_E06/seed_530103.parquet
paper_experiments/raw_results/exact_validation_10_final/live_logs/RIACRSP_E06/seed_530104.parquet,ccdb066e6cd6fa518d5a2a5c60e6f2c83bdb2e19c3cd4772ceb1818a2052d1db,KEEP_LOCAL_IGNORED,untrack_preserve_local_path,paper_experiments/raw_results/exact_validation_10_final/live_logs/RIACRSP_E06/seed_530104.parquet,fa97fec6cac2a94cd1bdc39cbb8c0001f411fa2c,Generated Parquet live log retained locally and recoverable from Git history.,git show fa97fec6cac2a94cd1bdc39cbb8c0001f411fa2c:paper_experiments/raw_results/exact_validation_10_final/live_logs/RIACRSP_E06/seed_530104.parquet
paper_experiments/raw_results/exact_validation_10_final/live_logs/RIACRSP_E06/seed_530105.parquet,86595d3321819f1014e94081a3b7e6b4fba39099124eeacc21f2e655d566d913,KEEP_LOCAL_IGNORED,untrack_preserve_local_path,paper_experiments/raw_results/exact_validation_10_final/live_logs/RIACRSP_E06/seed_530105.parquet,fa97fec6cac2a94cd1bdc39cbb8c0001f411fa2c,Generated Parquet live log retained locally and recoverable from Git history.,git show fa97fec6cac2a94cd1bdc39cbb8c0001f411fa2c:paper_experiments/raw_results/exact_validation_10_final/live_logs/RIACRSP_E06/seed_530105.parquet
paper_experiments/raw_results/exact_validation_10_final/live_logs/RIACRSP_E07/seed_530101.parquet,4d355c8ffe88e358bd1134df4124d0fe093dd8cee9dc0b7a767abce57489589c,KEEP_LOCAL_IGNORED,untrack_preserve_local_path,paper_experiments/raw_results/exact_validation_10_final/live_logs/RIACRSP_E07/seed_530101.parquet,fa97fec6cac2a94cd1bdc39cbb8c0001f411fa2c,Generated Parquet live log retained locally and recoverable from Git history.,git show fa97fec6cac2a94cd1bdc39cbb8c0001f411fa2c:paper_experiments/raw_results/exact_validation_10_final/live_logs/RIACRSP_E07/seed_530101.parquet
paper_experiments/raw_results/exact_validation_10_final/live_logs/RIACRSP_E07/seed_530102.parquet,a668713fb1e4f71f53686becc23aa2c6936d8a5d1bcd7a95468b379d53957faf,KEEP_LOCAL_IGNORED,untrack_preserve_local_path,paper_experiments/raw_results/exact_validation_10_final/live_logs/RIACRSP_E07/seed_530102.parquet,fa97fec6cac2a94cd1bdc39cbb8c0001f411fa2c,Generated Parquet live log retained locally and recoverable from Git history.,git show fa97fec6cac2a94cd1bdc39cbb8c0001f411fa2c:paper_experiments/raw_results/exact_validation_10_final/live_logs/RIACRSP_E07/seed_530102.parquet
paper_experiments/raw_results/exact_validation_10_final/live_logs/RIACRSP_E07/seed_530103.parquet,30d96ae3cd5dbe611390ada190bd3f9bfe6ec512bc44c5cd23597f4953e19b97,KEEP_LOCAL_IGNORED,untrack_preserve_local_path,paper_experiments/raw_results/exact_validation_10_final/live_logs/RIACRSP_E07/seed_530103.parquet,fa97fec6cac2a94cd1bdc39cbb8c0001f411fa2c,Generated Parquet live log retained locally and recoverable from Git history.,git show fa97fec6cac2a94cd1bdc39cbb8c0001f411fa2c:paper_experiments/raw_results/exact_validation_10_final/live_logs/RIACRSP_E07/seed_530103.parquet
paper_experiments/raw_results/exact_validation_10_final/live_logs/RIACRSP_E07/seed_530104.parquet,1e6a9be59346b484373f254a27cebc50e1eca6ddc585f7e102712ace7ffbef8e,KEEP_LOCAL_IGNORED,untrack_preserve_local_path,paper_experiments/raw_results/exact_validation_10_final/live_logs/RIACRSP_E07/seed_530104.parquet,fa97fec6cac2a94cd1bdc39cbb8c0001f411fa2c,Generated Parquet live log retained locally and recoverable from Git history.,git show fa97fec6cac2a94cd1bdc39cbb8c0001f411fa2c:paper_experiments/raw_results/exact_validation_10_final/live_logs/RIACRSP_E07/seed_530104.parquet
paper_experiments/raw_results/exact_validation_10_final/live_logs/RIACRSP_E07/seed_530105.parquet,b0f3086a4d9f971f057cf2a0665052cb8a4180a794508c48eb579660a14fc726,KEEP_LOCAL_IGNORED,untrack_preserve_local_path,paper_experiments/raw_results/exact_validation_10_final/live_logs/RIACRSP_E07/seed_530105.parquet,fa97fec6cac2a94cd1bdc39cbb8c0001f411fa2c,Generated Parquet live log retained locally and recoverable from Git history.,git show fa97fec6cac2a94cd1bdc39cbb8c0001f411fa2c:paper_experiments/raw_results/exact_validation_10_final/live_logs/RIACRSP_E07/seed_530105.parquet
paper_experiments/raw_results/exact_validation_10_final/live_logs/RIACRSP_E08/seed_530101.parquet,715297b927ca03e48c1e3cc566747b53254e7a825a547f8d82195f5c7c611f5f,KEEP_LOCAL_IGNORED,untrack_preserve_local_path,paper_experiments/raw_results/exact_validation_10_final/live_logs/RIACRSP_E08/seed_530101.parquet,fa97fec6cac2a94cd1bdc39cbb8c0001f411fa2c,Generated Parquet live log retained locally and recoverable from Git history.,git show fa97fec6cac2a94cd1bdc39cbb8c0001f411fa2c:paper_experiments/raw_results/exact_validation_10_final/live_logs/RIACRSP_E08/seed_530101.parquet
paper_experiments/raw_results/exact_validation_10_final/live_logs/RIACRSP_E08/seed_530102.parquet,3aca376cb7f6cfa2df29f558e7231e04be777d449a66e36c2e2b825e43a15496,KEEP_LOCAL_IGNORED,untrack_preserve_local_path,paper_experiments/raw_results/exact_validation_10_final/live_logs/RIACRSP_E08/seed_530102.parquet,fa97fec6cac2a94cd1bdc39cbb8c0001f411fa2c,Generated Parquet live log retained locally and recoverable from Git history.,git show fa97fec6cac2a94cd1bdc39cbb8c0001f411fa2c:paper_experiments/raw_results/exact_validation_10_final/live_logs/RIACRSP_E08/seed_530102.parquet
paper_experiments/raw_results/exact_validation_10_final/live_logs/RIACRSP_E08/seed_530103.parquet,abebb45229e54c3f3a4c641bc55e1f4f0e28712116d3eb9a595a249e700b1a81,KEEP_LOCAL_IGNORED,untrack_preserve_local_path,paper_experiments/raw_results/exact_validation_10_final/live_logs/RIACRSP_E08/seed_530103.parquet,fa97fec6cac2a94cd1bdc39cbb8c0001f411fa2c,Generated Parquet live log retained locally and recoverable from Git history.,git show fa97fec6cac2a94cd1bdc39cbb8c0001f411fa2c:paper_experiments/raw_results/exact_validation_10_final/live_logs/RIACRSP_E08/seed_530103.parquet
paper_experiments/raw_results/exact_validation_10_final/live_logs/RIACRSP_E08/seed_530104.parquet,a37a7488c9f002a877b7f63d13e9db082f84b194f9dbacef96c14e38161f34c0,KEEP_LOCAL_IGNORED,untrack_preserve_local_path,paper_experiments/raw_results/exact_validation_10_final/live_logs/RIACRSP_E08/seed_530104.parquet,fa97fec6cac2a94cd1bdc39cbb8c0001f411fa2c,Generated Parquet live log retained locally and recoverable from Git history.,git show fa97fec6cac2a94cd1bdc39cbb8c0001f411fa2c:paper_experiments/raw_results/exact_validation_10_final/live_logs/RIACRSP_E08/seed_530104.parquet
paper_experiments/raw_results/exact_validation_10_final/live_logs/RIACRSP_E08/seed_530105.parquet,244996af958b22d49d5ee461b4eb66db4f1e98b8c0862baaf5844ae394c496fa,KEEP_LOCAL_IGNORED,untrack_preserve_local_path,paper_experiments/raw_results/exact_validation_10_final/live_logs/RIACRSP_E08/seed_530105.parquet,fa97fec6cac2a94cd1bdc39cbb8c0001f411fa2c,Generated Parquet live log retained locally and recoverable from Git history.,git show fa97fec6cac2a94cd1bdc39cbb8c0001f411fa2c:paper_experiments/raw_results/exact_validation_10_final/live_logs/RIACRSP_E08/seed_530105.parquet
paper_experiments/raw_results/exact_validation_10_final/live_logs/RIACRSP_E09/seed_530101.parquet,1b339956d32d63943922b7d553c11c64bd4be5b33ab758392069cd3a8d9420b7,KEEP_LOCAL_IGNORED,untrack_preserve_local_path,paper_experiments/raw_results/exact_validation_10_final/live_logs/RIACRSP_E09/seed_530101.parquet,fa97fec6cac2a94cd1bdc39cbb8c0001f411fa2c,Generated Parquet live log retained locally and recoverable from Git history.,git show fa97fec6cac2a94cd1bdc39cbb8c0001f411fa2c:paper_experiments/raw_results/exact_validation_10_final/live_logs/RIACRSP_E09/seed_530101.parquet
paper_experiments/raw_results/exact_validation_10_final/live_logs/RIACRSP_E09/seed_530102.parquet,dd3a560e78da05a25a3578d5541446c1d65843f6a361c73204558d0a6d19b0c7,KEEP_LOCAL_IGNORED,untrack_preserve_local_path,paper_experiments/raw_results/exact_validation_10_final/live_logs/RIACRSP_E09/seed_530102.parquet,fa97fec6cac2a94cd1bdc39cbb8c0001f411fa2c,Generated Parquet live log retained locally and recoverable from Git history.,git show fa97fec6cac2a94cd1bdc39cbb8c0001f411fa2c:paper_experiments/raw_results/exact_validation_10_final/live_logs/RIACRSP_E09/seed_530102.parquet
paper_experiments/raw_results/exact_validation_10_final/live_logs/RIACRSP_E09/seed_530103.parquet,caef3e9ee965c2388c9eef3c1f5162d14ead30cf0ca4124d1530a30f17ca8ae9,KEEP_LOCAL_IGNORED,untrack_preserve_local_path,paper_experiments/raw_results/exact_validation_10_final/live_logs/RIACRSP_E09/seed_530103.parquet,fa97fec6cac2a94cd1bdc39cbb8c0001f411fa2c,Generated Parquet live log retained locally and recoverable from Git history.,git show fa97fec6cac2a94cd1bdc39cbb8c0001f411fa2c:paper_experiments/raw_results/exact_validation_10_final/live_logs/RIACRSP_E09/seed_530103.parquet
paper_experiments/raw_results/exact_validation_10_final/live_logs/RIACRSP_E09/seed_530104.parquet,0abe6eef83337112ad63bcca396a372785fc83bc833d2bd74c4fb80e6eaf8ac5,KEEP_LOCAL_IGNORED,untrack_preserve_local_path,paper_experiments/raw_results/exact_validation_10_final/live_logs/RIACRSP_E09/seed_530104.parquet,fa97fec6cac2a94cd1bdc39cbb8c0001f411fa2c,Generated Parquet live log retained locally and recoverable from Git history.,git show fa97fec6cac2a94cd1bdc39cbb8c0001f411fa2c:paper_experiments/raw_results/exact_validation_10_final/live_logs/RIACRSP_E09/seed_530104.parquet
paper_experiments/raw_results/exact_validation_10_final/live_logs/RIACRSP_E09/seed_530105.parquet,a3751406bdf547703eef754c1c25764d00c1e89b50736fae8cdec6a33733e8bc,KEEP_LOCAL_IGNORED,untrack_preserve_local_path,paper_experiments/raw_results/exact_validation_10_final/live_logs/RIACRSP_E09/seed_530105.parquet,fa97fec6cac2a94cd1bdc39cbb8c0001f411fa2c,Generated Parquet live log retained locally and recoverable from Git history.,git show fa97fec6cac2a94cd1bdc39cbb8c0001f411fa2c:paper_experiments/raw_results/exact_validation_10_final/live_logs/RIACRSP_E09/seed_530105.parquet
paper_experiments/raw_results/exact_validation_10_final/live_logs/RIACRSP_E10/seed_530101.parquet,b25cafa946bbc454e6110e8a42fa0ad083e46a4c2d6e3000c95b24678bbd312e,KEEP_LOCAL_IGNORED,untrack_preserve_local_path,paper_experiments/raw_results/exact_validation_10_final/live_logs/RIACRSP_E10/seed_530101.parquet,fa97fec6cac2a94cd1bdc39cbb8c0001f411fa2c,Generated Parquet live log retained locally and recoverable from Git history.,git show fa97fec6cac2a94cd1bdc39cbb8c0001f411fa2c:paper_experiments/raw_results/exact_validation_10_final/live_logs/RIACRSP_E10/seed_530101.parquet
paper_experiments/raw_results/exact_validation_10_final/live_logs/RIACRSP_E10/seed_530102.parquet,2137ecdd1b18136d5a25a6ef14195934789b0688911abe1996c59ddaa3eec9da,KEEP_LOCAL_IGNORED,untrack_preserve_local_path,paper_experiments/raw_results/exact_validation_10_final/live_logs/RIACRSP_E10/seed_530102.parquet,fa97fec6cac2a94cd1bdc39cbb8c0001f411fa2c,Generated Parquet live log retained locally and recoverable from Git history.,git show fa97fec6cac2a94cd1bdc39cbb8c0001f411fa2c:paper_experiments/raw_results/exact_validation_10_final/live_logs/RIACRSP_E10/seed_530102.parquet
paper_experiments/raw_results/exact_validation_10_final/live_logs/RIACRSP_E10/seed_530103.parquet,f4c8a1c29381b603133d524aefafe536fddb7176ef1319a28f69def66f334109,KEEP_LOCAL_IGNORED,untrack_preserve_local_path,paper_experiments/raw_results/exact_validation_10_final/live_logs/RIACRSP_E10/seed_530103.parquet,fa97fec6cac2a94cd1bdc39cbb8c0001f411fa2c,Generated Parquet live log retained locally and recoverable from Git history.,git show fa97fec6cac2a94cd1bdc39cbb8c0001f411fa2c:paper_experiments/raw_results/exact_validation_10_final/live_logs/RIACRSP_E10/seed_530103.parquet
paper_experiments/raw_results/exact_validation_10_final/live_logs/RIACRSP_E10/seed_530104.parquet,030fa3d11cedae89858f9ecf969dfa48171cfb5c4d11e5ac152c75f15a5ff955,KEEP_LOCAL_IGNORED,untrack_preserve_local_path,paper_experiments/raw_results/exact_validation_10_final/live_logs/RIACRSP_E10/seed_530104.parquet,fa97fec6cac2a94cd1bdc39cbb8c0001f411fa2c,Generated Parquet live log retained locally and recoverable from Git history.,git show fa97fec6cac2a94cd1bdc39cbb8c0001f411fa2c:paper_experiments/raw_results/exact_validation_10_final/live_logs/RIACRSP_E10/seed_530104.parquet
paper_experiments/raw_results/exact_validation_10_final/live_logs/RIACRSP_E10/seed_530105.parquet,6208427cb64eb863ddf5c5056c70eca8d2c917d0f6c5eee3cece43ea8ccefa51,KEEP_LOCAL_IGNORED,untrack_preserve_local_path,paper_experiments/raw_results/exact_validation_10_final/live_logs/RIACRSP_E10/seed_530105.parquet,fa97fec6cac2a94cd1bdc39cbb8c0001f411fa2c,Generated Parquet live log retained locally and recoverable from Git history.,git show fa97fec6cac2a94cd1bdc39cbb8c0001f411fa2c:paper_experiments/raw_results/exact_validation_10_final/live_logs/RIACRSP_E10/seed_530105.parquet
