instance_id,training_split,scale,CF_level,RI_level,TI_level,replicate,base_structure,base_generation_seed,final_generation_seed,trajectory_seed,state_sampling_seed,counterfactual_arm_seed_namespace,repair_seed_namespace,relative_path,sha256
CB1_TRAIN_S_CF1_RI1_TI1_R01,TRAIN,S,CF1,RI1,TI1,R01,CB1_TRAIN_BASE_S_CF1_R01,661111,661111001,662011100,663011100,664000000,665000000,train/CB1_TRAIN_S_CF1_RI1_TI1_R01.json,81bd68962c40fb32b9ffd02d505e8d068790d88866398ea9e4f03f668b271885
CB1_TRAIN_S_CF1_RI1_TI2_R01,TRAIN,S,CF1,RI1,TI2,R01,CB1_TRAIN_BASE_S_CF1_R01,661111,661111001,662011101,663011101,664000000,665000000,train/CB1_TRAIN_S_CF1_RI1_TI2_R01.json,b127c83a1bef50986af3c33f0a09f5156a8c782fab8b279d7cd8e987e423a00a
CB1_TRAIN_S_CF1_RI1_TI3_R01,TRAIN,S,CF1,RI1,TI3,R01,CB1_TRAIN_BASE_S_CF1_R01,661111,661111001,662011102,663011102,664000000,665000000,train/CB1_TRAIN_S_CF1_RI1_TI3_R01.json,eba683e55aa3eba7c2f87e1e610eecd4e3ac09b39237a8455609ebc96ebaf792
CB1_TRAIN_S_CF1_RI2_TI1_R01,TRAIN,S,CF1,RI2,TI1,R01,CB1_TRAIN_BASE_S_CF1_R01,661111,661111001,662011110,663011110,664000000,665000000,train/CB1_TRAIN_S_CF1_RI2_TI1_R01.json,03f91b9048286398f9f768d2cb2ab80a61af42e505a5803596ab1fd0ecc45ba0
CB1_TRAIN_S_CF1_RI2_TI2_R01,TRAIN,S,CF1,RI2,TI2,R01,CB1_TRAIN_BASE_S_CF1_R01,661111,661111001,662011111,663011111,664000000,665000000,train/CB1_TRAIN_S_CF1_RI2_TI2_R01.json,be3324809a2267aad76a4c41a42e116a5a9ce05652ffb6a44fe20f64e4d11f1e
CB1_TRAIN_S_CF1_RI2_TI3_R01,TRAIN,S,CF1,RI2,TI3,R01,CB1_TRAIN_BASE_S_CF1_R01,661111,661111001,662011112,663011112,664000000,665000000,train/CB1_TRAIN_S_CF1_RI2_TI3_R01.json,5eaa2f3787c4661579c6199b496dee8cfb9ce06477ec650313c22c980a904801
CB1_TRAIN_S_CF1_RI3_TI1_R01,TRAIN,S,CF1,RI3,TI1,R01,CB1_TRAIN_BASE_S_CF1_R01,661111,661111001,662011120,663011120,664000000,665000000,train/CB1_TRAIN_S_CF1_RI3_TI1_R01.json,4bd4290e21c5c8c4f21a091bfd20830be82f99820918069d543c8301a3289a78
CB1_TRAIN_S_CF1_RI3_TI2_R01,TRAIN,S,CF1,RI3,TI2,R01,CB1_TRAIN_BASE_S_CF1_R01,661111,661111001,662011121,663011121,664000000,665000000,train/CB1_TRAIN_S_CF1_RI3_TI2_R01.json,8bab22e2cafe3595c52098b80838f45fef7e52dd6361e95e3c9abf687327b99e
CB1_TRAIN_S_CF1_RI3_TI3_R01,TRAIN,S,CF1,RI3,TI3,R01,CB1_TRAIN_BASE_S_CF1_R01,661111,661111001,662011122,663011122,664000000,665000000,train/CB1_TRAIN_S_CF1_RI3_TI3_R01.json,87c755d3c102b9ba7156cd84748f57bf133613bac07a5c8279f04a28227dd65d
CB1_TRAIN_S_CF1_RI1_TI1_R02,TRAIN,S,CF1,RI1,TI1,R02,CB1_TRAIN_BASE_S_CF1_R02,661112,661112001,662011200,663011200,664000000,665000000,train/CB1_TRAIN_S_CF1_RI1_TI1_R02.json,92336c318501d2d856adbf50c529325570944c7b4be5d0f01c05e88d6b25b9dd
CB1_TRAIN_S_CF1_RI1_TI2_R02,TRAIN,S,CF1,RI1,TI2,R02,CB1_TRAIN_BASE_S_CF1_R02,661112,661112001,662011201,663011201,664000000,665000000,train/CB1_TRAIN_S_CF1_RI1_TI2_R02.json,c4fe21f640a23c909e61dd6c6cedbecd5a35ea43adb7a9331f3803b8312c0460
CB1_TRAIN_S_CF1_RI1_TI3_R02,TRAIN,S,CF1,RI1,TI3,R02,CB1_TRAIN_BASE_S_CF1_R02,661112,661112001,662011202,663011202,664000000,665000000,train/CB1_TRAIN_S_CF1_RI1_TI3_R02.json,fd148c948485c3bf9cf47b94eb5c4652ef5f3efc428fecd951ecfd164356627d
CB1_TRAIN_S_CF1_RI2_TI1_R02,TRAIN,S,CF1,RI2,TI1,R02,CB1_TRAIN_BASE_S_CF1_R02,661112,661112001,662011210,663011210,664000000,665000000,train/CB1_TRAIN_S_CF1_RI2_TI1_R02.json,d82d63025b7d284cd6da2e91b1d3b6044029593e75049bb67a261b08cc02d6cb
CB1_TRAIN_S_CF1_RI2_TI2_R02,TRAIN,S,CF1,RI2,TI2,R02,CB1_TRAIN_BASE_S_CF1_R02,661112,661112001,662011211,663011211,664000000,665000000,train/CB1_TRAIN_S_CF1_RI2_TI2_R02.json,2ce55d9e24db9398b327263bc0ca306abe2c15f21fd2fa9db463e794a322151f
CB1_TRAIN_S_CF1_RI2_TI3_R02,TRAIN,S,CF1,RI2,TI3,R02,CB1_TRAIN_BASE_S_CF1_R02,661112,661112001,662011212,663011212,664000000,665000000,train/CB1_TRAIN_S_CF1_RI2_TI3_R02.json,4310d95dbff79966d6337fb0d2b64b6590de87b8ed65c22323fe9b80cf664a10
CB1_TRAIN_S_CF1_RI3_TI1_R02,TRAIN,S,CF1,RI3,TI1,R02,CB1_TRAIN_BASE_S_CF1_R02,661112,661112001,662011220,663011220,664000000,665000000,train/CB1_TRAIN_S_CF1_RI3_TI1_R02.json,26e50192559c242cf0dff94ffbff6ea3fe41e0a09d083fc8586f1cf0920ae31e
CB1_TRAIN_S_CF1_RI3_TI2_R02,TRAIN,S,CF1,RI3,TI2,R02,CB1_TRAIN_BASE_S_CF1_R02,661112,661112001,662011221,663011221,664000000,665000000,train/CB1_TRAIN_S_CF1_RI3_TI2_R02.json,704b00c6da22dd8e8f277f680a83d448ce99fbdeb7b45c137352abcf39ada294
CB1_TRAIN_S_CF1_RI3_TI3_R02,TRAIN,S,CF1,RI3,TI3,R02,CB1_TRAIN_BASE_S_CF1_R02,661112,661112001,662011222,663011222,664000000,665000000,train/CB1_TRAIN_S_CF1_RI3_TI3_R02.json,ded9e0ea33a50bd418ccbebe302397ea3d75e24d058da3202ca1cc7b4b516a06
CB1_TRAIN_S_CF1_RI1_TI1_R03,TRAIN,S,CF1,RI1,TI1,R03,CB1_TRAIN_BASE_S_CF1_R03,661113,661113001,662011300,663011300,664000000,665000000,train/CB1_TRAIN_S_CF1_RI1_TI1_R03.json,bc4e277278d7a24ac7d4db6e788609fb10b42057904bac5268cc1ec08b6abd49
CB1_TRAIN_S_CF1_RI1_TI2_R03,TRAIN,S,CF1,RI1,TI2,R03,CB1_TRAIN_BASE_S_CF1_R03,661113,661113001,662011301,663011301,664000000,665000000,train/CB1_TRAIN_S_CF1_RI1_TI2_R03.json,2c47260a666c10bf3c1be8d9a109b7ea980d84dd4576d3ab4eccf2b4307f5e3d
CB1_TRAIN_S_CF1_RI1_TI3_R03,TRAIN,S,CF1,RI1,TI3,R03,CB1_TRAIN_BASE_S_CF1_R03,661113,661113001,662011302,663011302,664000000,665000000,train/CB1_TRAIN_S_CF1_RI1_TI3_R03.json,630eef880e6d8df836e681c8ead2aa723d6c7e81625c6d83e55b774327cc7bff
CB1_TRAIN_S_CF1_RI2_TI1_R03,TRAIN,S,CF1,RI2,TI1,R03,CB1_TRAIN_BASE_S_CF1_R03,661113,661113001,662011310,663011310,664000000,665000000,train/CB1_TRAIN_S_CF1_RI2_TI1_R03.json,a0425d0f40ddcbea4fcba9734bcde09010f63a40f328b944ce514f47f2475ba7
CB1_TRAIN_S_CF1_RI2_TI2_R03,TRAIN,S,CF1,RI2,TI2,R03,CB1_TRAIN_BASE_S_CF1_R03,661113,661113001,662011311,663011311,664000000,665000000,train/CB1_TRAIN_S_CF1_RI2_TI2_R03.json,066ea8fb7a2a17cf43c4e0c681d393935094321bbb1b1a17af1fce4b80578bee
CB1_TRAIN_S_CF1_RI2_TI3_R03,TRAIN,S,CF1,RI2,TI3,R03,CB1_TRAIN_BASE_S_CF1_R03,661113,661113001,662011312,663011312,664000000,665000000,train/CB1_TRAIN_S_CF1_RI2_TI3_R03.json,d5aa8e953762ad7882bfc46222b3bfc437a6c431d14c9b025bb8c1f0529a18af
CB1_TRAIN_S_CF1_RI3_TI1_R03,TRAIN,S,CF1,RI3,TI1,R03,CB1_TRAIN_BASE_S_CF1_R03,661113,661113001,662011320,663011320,664000000,665000000,train/CB1_TRAIN_S_CF1_RI3_TI1_R03.json,955d34202a1a252fc86b3179a5b07baf2d455365d546cef918becac41a28c86b
CB1_TRAIN_S_CF1_RI3_TI2_R03,TRAIN,S,CF1,RI3,TI2,R03,CB1_TRAIN_BASE_S_CF1_R03,661113,661113001,662011321,663011321,664000000,665000000,train/CB1_TRAIN_S_CF1_RI3_TI2_R03.json,e94d0ed0ee40f484472091af9c98cd7b673c53ba7cb917d120c8bd96805daad2
CB1_TRAIN_S_CF1_RI3_TI3_R03,TRAIN,S,CF1,RI3,TI3,R03,CB1_TRAIN_BASE_S_CF1_R03,661113,661113001,662011322,663011322,664000000,665000000,train/CB1_TRAIN_S_CF1_RI3_TI3_R03.json,a20277489ffedadf6f0a2628e26c0b16f78792942208f89270de811fcb8e1e2d
CB1_TRAIN_S_CF1_RI1_TI1_R04,TRAIN_VALIDATION,S,CF1,RI1,TI1,R04,CB1_TRAIN_BASE_S_CF1_R04,661114,661114001,662011400,663011400,664000000,665000000,train_validation/CB1_TRAIN_S_CF1_RI1_TI1_R04.json,9686d1c5667adc201a394f28e956ab4fe5f4db8fb677da787cc7ff9df7c11439
CB1_TRAIN_S_CF1_RI1_TI2_R04,TRAIN_VALIDATION,S,CF1,RI1,TI2,R04,CB1_TRAIN_BASE_S_CF1_R04,661114,661114001,662011401,663011401,664000000,665000000,train_validation/CB1_TRAIN_S_CF1_RI1_TI2_R04.json,31a35a3fa1147c6074745349b0b1f8e368d9e5855f2977617f6b1eaa20779d42
CB1_TRAIN_S_CF1_RI1_TI3_R04,TRAIN_VALIDATION,S,CF1,RI1,TI3,R04,CB1_TRAIN_BASE_S_CF1_R04,661114,661114001,662011402,663011402,664000000,665000000,train_validation/CB1_TRAIN_S_CF1_RI1_TI3_R04.json,064fc90ac2e44f80928f48d9b73941c958614dbaf8be077c7210438799b7fd1a
CB1_TRAIN_S_CF1_RI2_TI1_R04,TRAIN_VALIDATION,S,CF1,RI2,TI1,R04,CB1_TRAIN_BASE_S_CF1_R04,661114,661114001,662011410,663011410,664000000,665000000,train_validation/CB1_TRAIN_S_CF1_RI2_TI1_R04.json,dcb3a253f15c457cb1f75480b2aff4dc431bb3334fba1fb2242dbe28d28812b6
CB1_TRAIN_S_CF1_RI2_TI2_R04,TRAIN_VALIDATION,S,CF1,RI2,TI2,R04,CB1_TRAIN_BASE_S_CF1_R04,661114,661114001,662011411,663011411,664000000,665000000,train_validation/CB1_TRAIN_S_CF1_RI2_TI2_R04.json,3001947422df7a6b5e86592ce05db19af0c64bb439ac19fc9a284e4d1e0c70bb
CB1_TRAIN_S_CF1_RI2_TI3_R04,TRAIN_VALIDATION,S,CF1,RI2,TI3,R04,CB1_TRAIN_BASE_S_CF1_R04,661114,661114001,662011412,663011412,664000000,665000000,train_validation/CB1_TRAIN_S_CF1_RI2_TI3_R04.json,8666722cd10c9474cf8065dbca0303547eced10098e9b32178dfcd39015d4fb5
CB1_TRAIN_S_CF1_RI3_TI1_R04,TRAIN_VALIDATION,S,CF1,RI3,TI1,R04,CB1_TRAIN_BASE_S_CF1_R04,661114,661114001,662011420,663011420,664000000,665000000,train_validation/CB1_TRAIN_S_CF1_RI3_TI1_R04.json,cd86c05cd3fd412d03fc2329c1b2904ee56c0fd09144083bfbf9f5bfecd5044e
CB1_TRAIN_S_CF1_RI3_TI2_R04,TRAIN_VALIDATION,S,CF1,RI3,TI2,R04,CB1_TRAIN_BASE_S_CF1_R04,661114,661114001,662011421,663011421,664000000,665000000,train_validation/CB1_TRAIN_S_CF1_RI3_TI2_R04.json,77b5c7f7c065fae6683c1346fffe6029a51e7528fb59f08db0d7a14ce4ba7a29
CB1_TRAIN_S_CF1_RI3_TI3_R04,TRAIN_VALIDATION,S,CF1,RI3,TI3,R04,CB1_TRAIN_BASE_S_CF1_R04,661114,661114001,662011422,663011422,664000000,665000000,train_validation/CB1_TRAIN_S_CF1_RI3_TI3_R04.json,5d00090e4afe20fd61d86b3f93fd7c148cc0f1fb7d82465687155f11400a6e1f
CB1_TRAIN_S_CF1_RI1_TI1_R05,TRAIN_INTERNAL_HOLDOUT,S,CF1,RI1,TI1,R05,CB1_TRAIN_BASE_S_CF1_R05,661115,661115001,662011500,663011500,664000000,665000000,train_internal_holdout/CB1_TRAIN_S_CF1_RI1_TI1_R05.json,fbd91dbf844f7b52ef6813b3ef2ae7c8d3ba655ae7d3d03d28c986f5a5459d91
CB1_TRAIN_S_CF1_RI1_TI2_R05,TRAIN_INTERNAL_HOLDOUT,S,CF1,RI1,TI2,R05,CB1_TRAIN_BASE_S_CF1_R05,661115,661115001,662011501,663011501,664000000,665000000,train_internal_holdout/CB1_TRAIN_S_CF1_RI1_TI2_R05.json,574ee4ce8bfcf5c1445090be69dd8dbeefe91572db6a0d51964db9a6efb0ebd5
CB1_TRAIN_S_CF1_RI1_TI3_R05,TRAIN_INTERNAL_HOLDOUT,S,CF1,RI1,TI3,R05,CB1_TRAIN_BASE_S_CF1_R05,661115,661115001,662011502,663011502,664000000,665000000,train_internal_holdout/CB1_TRAIN_S_CF1_RI1_TI3_R05.json,24ccee0018f8c2b12017623664607cf80946d9036c85b1b36450abebfffa00bf
CB1_TRAIN_S_CF1_RI2_TI1_R05,TRAIN_INTERNAL_HOLDOUT,S,CF1,RI2,TI1,R05,CB1_TRAIN_BASE_S_CF1_R05,661115,661115001,662011510,663011510,664000000,665000000,train_internal_holdout/CB1_TRAIN_S_CF1_RI2_TI1_R05.json,9349486c3c0c7c78b1a5312371877c2dadc5c2f5c936fade17d9255f73d6c044
CB1_TRAIN_S_CF1_RI2_TI2_R05,TRAIN_INTERNAL_HOLDOUT,S,CF1,RI2,TI2,R05,CB1_TRAIN_BASE_S_CF1_R05,661115,661115001,662011511,663011511,664000000,665000000,train_internal_holdout/CB1_TRAIN_S_CF1_RI2_TI2_R05.json,7ab2b1e9a7281838adecff35d53fa7f2d8a06950cdd637ffaa1e521653023aed
CB1_TRAIN_S_CF1_RI2_TI3_R05,TRAIN_INTERNAL_HOLDOUT,S,CF1,RI2,TI3,R05,CB1_TRAIN_BASE_S_CF1_R05,661115,661115001,662011512,663011512,664000000,665000000,train_internal_holdout/CB1_TRAIN_S_CF1_RI2_TI3_R05.json,35e694c5b1662070ecd716f09195f12a1c6ff798c0751c262950357ab09cf21e
CB1_TRAIN_S_CF1_RI3_TI1_R05,TRAIN_INTERNAL_HOLDOUT,S,CF1,RI3,TI1,R05,CB1_TRAIN_BASE_S_CF1_R05,661115,661115001,662011520,663011520,664000000,665000000,train_internal_holdout/CB1_TRAIN_S_CF1_RI3_TI1_R05.json,76565f63af426732b464fea8fe5adf17044587b89feee4acc3a5cc5129fc1df0
CB1_TRAIN_S_CF1_RI3_TI2_R05,TRAIN_INTERNAL_HOLDOUT,S,CF1,RI3,TI2,R05,CB1_TRAIN_BASE_S_CF1_R05,661115,661115001,662011521,663011521,664000000,665000000,train_internal_holdout/CB1_TRAIN_S_CF1_RI3_TI2_R05.json,9827ed5585d2b5873df829c789ae6e2d31598da87e2e272939efb8bf23bfc792
CB1_TRAIN_S_CF1_RI3_TI3_R05,TRAIN_INTERNAL_HOLDOUT,S,CF1,RI3,TI3,R05,CB1_TRAIN_BASE_S_CF1_R05,661115,661115001,662011522,663011522,664000000,665000000,train_internal_holdout/CB1_TRAIN_S_CF1_RI3_TI3_R05.json,618912da72861f7ffbb1890668c06fc38317442eeb048055ff1fc2ce5549745b
CB1_TRAIN_S_CF2_RI1_TI1_R01,TRAIN,S,CF2,RI1,TI1,R01,CB1_TRAIN_BASE_S_CF2_R01,661121,661121001,662012100,663012100,664000000,665000000,train/CB1_TRAIN_S_CF2_RI1_TI1_R01.json,75caa5b9db5f00960b623ca8d17eb45e0afed00034235ac554ab1e512c07a82b
CB1_TRAIN_S_CF2_RI1_TI2_R01,TRAIN,S,CF2,RI1,TI2,R01,CB1_TRAIN_BASE_S_CF2_R01,661121,661121001,662012101,663012101,664000000,665000000,train/CB1_TRAIN_S_CF2_RI1_TI2_R01.json,34e83f5c707783b260301999ffeeab25fbca9dba3264fe8d782e48d1c02642d5
CB1_TRAIN_S_CF2_RI1_TI3_R01,TRAIN,S,CF2,RI1,TI3,R01,CB1_TRAIN_BASE_S_CF2_R01,661121,661121001,662012102,663012102,664000000,665000000,train/CB1_TRAIN_S_CF2_RI1_TI3_R01.json,0ec0697e48bbd0a7f11624ced9cf699bb0255e3d52e3cfd9a832671d63f2c509
CB1_TRAIN_S_CF2_RI2_TI1_R01,TRAIN,S,CF2,RI2,TI1,R01,CB1_TRAIN_BASE_S_CF2_R01,661121,661121001,662012110,663012110,664000000,665000000,train/CB1_TRAIN_S_CF2_RI2_TI1_R01.json,b05417ea5e5c1950eace909c1f5a86656ede7c006f39ca69bdc0d4cb8d173673
CB1_TRAIN_S_CF2_RI2_TI2_R01,TRAIN,S,CF2,RI2,TI2,R01,CB1_TRAIN_BASE_S_CF2_R01,661121,661121001,662012111,663012111,664000000,665000000,train/CB1_TRAIN_S_CF2_RI2_TI2_R01.json,4c01b43af83e03464176a64b78cfdfddd59213c28ab11212a9e787bbf57854bc
CB1_TRAIN_S_CF2_RI2_TI3_R01,TRAIN,S,CF2,RI2,TI3,R01,CB1_TRAIN_BASE_S_CF2_R01,661121,661121001,662012112,663012112,664000000,665000000,train/CB1_TRAIN_S_CF2_RI2_TI3_R01.json,dd79e63876e05d12b93b1a7f23ba70b99a64604aba590460ad38f67ac34880a5
CB1_TRAIN_S_CF2_RI3_TI1_R01,TRAIN,S,CF2,RI3,TI1,R01,CB1_TRAIN_BASE_S_CF2_R01,661121,661121001,662012120,663012120,664000000,665000000,train/CB1_TRAIN_S_CF2_RI3_TI1_R01.json,4bf9aaa09c6a4737ad9d6eaa2be970d5c7b6c034100eb2a781c78e8a1f2518df
CB1_TRAIN_S_CF2_RI3_TI2_R01,TRAIN,S,CF2,RI3,TI2,R01,CB1_TRAIN_BASE_S_CF2_R01,661121,661121001,662012121,663012121,664000000,665000000,train/CB1_TRAIN_S_CF2_RI3_TI2_R01.json,6ff63d83adc42fae30b527f25d195a2f5068b9a71e0521fd13d529a623e5742b
CB1_TRAIN_S_CF2_RI3_TI3_R01,TRAIN,S,CF2,RI3,TI3,R01,CB1_TRAIN_BASE_S_CF2_R01,661121,661121001,662012122,663012122,664000000,665000000,train/CB1_TRAIN_S_CF2_RI3_TI3_R01.json,e551125fb1743379b6670f551495257d4c8dc35cc52f07742eeb553f0d7bb790
CB1_TRAIN_S_CF2_RI1_TI1_R02,TRAIN,S,CF2,RI1,TI1,R02,CB1_TRAIN_BASE_S_CF2_R02,661122,661122001,662012200,663012200,664000000,665000000,train/CB1_TRAIN_S_CF2_RI1_TI1_R02.json,9e3f03d23f0889511915a594d1c6a2de9d9c4bc2a56e215900709c67b253f8fc
CB1_TRAIN_S_CF2_RI1_TI2_R02,TRAIN,S,CF2,RI1,TI2,R02,CB1_TRAIN_BASE_S_CF2_R02,661122,661122001,662012201,663012201,664000000,665000000,train/CB1_TRAIN_S_CF2_RI1_TI2_R02.json,b25c68ec25ef3c3ee4fee5e6be55c551e7992796816b2f11c44c55d016ae9b80
CB1_TRAIN_S_CF2_RI1_TI3_R02,TRAIN,S,CF2,RI1,TI3,R02,CB1_TRAIN_BASE_S_CF2_R02,661122,661122001,662012202,663012202,664000000,665000000,train/CB1_TRAIN_S_CF2_RI1_TI3_R02.json,a0b7febc4df7ffc3fc14bb02ca9ffac58f055b95b7230c10dd6d830f767a4f2e
CB1_TRAIN_S_CF2_RI2_TI1_R02,TRAIN,S,CF2,RI2,TI1,R02,CB1_TRAIN_BASE_S_CF2_R02,661122,661122001,662012210,663012210,664000000,665000000,train/CB1_TRAIN_S_CF2_RI2_TI1_R02.json,5cd02acdeebdccc105412c015d1ed0ab64ec160e5f5a96b34e7b411eb6bcaf52
CB1_TRAIN_S_CF2_RI2_TI2_R02,TRAIN,S,CF2,RI2,TI2,R02,CB1_TRAIN_BASE_S_CF2_R02,661122,661122001,662012211,663012211,664000000,665000000,train/CB1_TRAIN_S_CF2_RI2_TI2_R02.json,7aaa8ae68ce2fb92c2133ddb98b7cb8399d9f52a7a1fdf4a928dc16e4b4a6436
CB1_TRAIN_S_CF2_RI2_TI3_R02,TRAIN,S,CF2,RI2,TI3,R02,CB1_TRAIN_BASE_S_CF2_R02,661122,661122001,662012212,663012212,664000000,665000000,train/CB1_TRAIN_S_CF2_RI2_TI3_R02.json,1b41ebbd0ddce0a79b8586d2f90f2179aa8774c0c2e0bca641935d7e26111efc
CB1_TRAIN_S_CF2_RI3_TI1_R02,TRAIN,S,CF2,RI3,TI1,R02,CB1_TRAIN_BASE_S_CF2_R02,661122,661122001,662012220,663012220,664000000,665000000,train/CB1_TRAIN_S_CF2_RI3_TI1_R02.json,ac0b47c3eee60e130879ec2cc807346161f2e02b1e596ca47ec6339f768c4860
CB1_TRAIN_S_CF2_RI3_TI2_R02,TRAIN,S,CF2,RI3,TI2,R02,CB1_TRAIN_BASE_S_CF2_R02,661122,661122001,662012221,663012221,664000000,665000000,train/CB1_TRAIN_S_CF2_RI3_TI2_R02.json,8bd14272349fb0bb7bb7ee57d3e7384b69043597faf59402df576feac1df044e
CB1_TRAIN_S_CF2_RI3_TI3_R02,TRAIN,S,CF2,RI3,TI3,R02,CB1_TRAIN_BASE_S_CF2_R02,661122,661122001,662012222,663012222,664000000,665000000,train/CB1_TRAIN_S_CF2_RI3_TI3_R02.json,f813e05317a623644dcae18ea95c3a0c9461afe56001743d85b9a0fdfda5a062
CB1_TRAIN_S_CF2_RI1_TI1_R03,TRAIN,S,CF2,RI1,TI1,R03,CB1_TRAIN_BASE_S_CF2_R03,661123,661123001,662012300,663012300,664000000,665000000,train/CB1_TRAIN_S_CF2_RI1_TI1_R03.json,c0e19dbbc45e99587551e171a23ac1a73c920206dac81a1a8c3cfd0a0b0c98f1
CB1_TRAIN_S_CF2_RI1_TI2_R03,TRAIN,S,CF2,RI1,TI2,R03,CB1_TRAIN_BASE_S_CF2_R03,661123,661123001,662012301,663012301,664000000,665000000,train/CB1_TRAIN_S_CF2_RI1_TI2_R03.json,e6837a7979c890b1c80dca4a6f5423281017a0ef71b98037facc0cd7a9d9d9a8
CB1_TRAIN_S_CF2_RI1_TI3_R03,TRAIN,S,CF2,RI1,TI3,R03,CB1_TRAIN_BASE_S_CF2_R03,661123,661123001,662012302,663012302,664000000,665000000,train/CB1_TRAIN_S_CF2_RI1_TI3_R03.json,d0d2098efc1d2b675bc804cd544e1619bbea45b2a1902b2e850b1e3b43e70f29
CB1_TRAIN_S_CF2_RI2_TI1_R03,TRAIN,S,CF2,RI2,TI1,R03,CB1_TRAIN_BASE_S_CF2_R03,661123,661123001,662012310,663012310,664000000,665000000,train/CB1_TRAIN_S_CF2_RI2_TI1_R03.json,64c0bd668c85e497b5ef54a822099987e58c741cbbdfd3a3bdf04b37ae69524f
CB1_TRAIN_S_CF2_RI2_TI2_R03,TRAIN,S,CF2,RI2,TI2,R03,CB1_TRAIN_BASE_S_CF2_R03,661123,661123001,662012311,663012311,664000000,665000000,train/CB1_TRAIN_S_CF2_RI2_TI2_R03.json,dc68429b62da33dd6bc0eb6fabfed631080d459b739a2298c66c619ff2a9db62
CB1_TRAIN_S_CF2_RI2_TI3_R03,TRAIN,S,CF2,RI2,TI3,R03,CB1_TRAIN_BASE_S_CF2_R03,661123,661123001,662012312,663012312,664000000,665000000,train/CB1_TRAIN_S_CF2_RI2_TI3_R03.json,ca985e3f9b63e976dff99ec96b8f9512399ef534a486f6ea0dfb65c9b5e739d8
CB1_TRAIN_S_CF2_RI3_TI1_R03,TRAIN,S,CF2,RI3,TI1,R03,CB1_TRAIN_BASE_S_CF2_R03,661123,661123001,662012320,663012320,664000000,665000000,train/CB1_TRAIN_S_CF2_RI3_TI1_R03.json,092fb0e08083afa93eed28cb6f2df33b5fc3e734e1663e91ffb9e812b523a243
CB1_TRAIN_S_CF2_RI3_TI2_R03,TRAIN,S,CF2,RI3,TI2,R03,CB1_TRAIN_BASE_S_CF2_R03,661123,661123001,662012321,663012321,664000000,665000000,train/CB1_TRAIN_S_CF2_RI3_TI2_R03.json,c20b9ee7f80e43509c65408ee946429f7722e70b9a37a351e91821e89c19d1ae
CB1_TRAIN_S_CF2_RI3_TI3_R03,TRAIN,S,CF2,RI3,TI3,R03,CB1_TRAIN_BASE_S_CF2_R03,661123,661123001,662012322,663012322,664000000,665000000,train/CB1_TRAIN_S_CF2_RI3_TI3_R03.json,bd97c6cfe7eb3878d9c1e5c9e5b0c26cad6eccf77abc242e20fe575856227b4b
CB1_TRAIN_S_CF2_RI1_TI1_R04,TRAIN_VALIDATION,S,CF2,RI1,TI1,R04,CB1_TRAIN_BASE_S_CF2_R04,661124,661124002,662012400,663012400,664000000,665000000,train_validation/CB1_TRAIN_S_CF2_RI1_TI1_R04.json,ec4ca352344eb9f0325d5b929c551466e46cf48ec18d9a8b48946533e3d68fa7
CB1_TRAIN_S_CF2_RI1_TI2_R04,TRAIN_VALIDATION,S,CF2,RI1,TI2,R04,CB1_TRAIN_BASE_S_CF2_R04,661124,661124002,662012401,663012401,664000000,665000000,train_validation/CB1_TRAIN_S_CF2_RI1_TI2_R04.json,c9627719d5ac56e4fff22fc69fee8d2622664213980e18806db3eed6a16fdd62
CB1_TRAIN_S_CF2_RI1_TI3_R04,TRAIN_VALIDATION,S,CF2,RI1,TI3,R04,CB1_TRAIN_BASE_S_CF2_R04,661124,661124002,662012402,663012402,664000000,665000000,train_validation/CB1_TRAIN_S_CF2_RI1_TI3_R04.json,b77cfa15e43e159d95c282dbe005f449689771e2a4568fd9ba2373acd17375ad
CB1_TRAIN_S_CF2_RI2_TI1_R04,TRAIN_VALIDATION,S,CF2,RI2,TI1,R04,CB1_TRAIN_BASE_S_CF2_R04,661124,661124002,662012410,663012410,664000000,665000000,train_validation/CB1_TRAIN_S_CF2_RI2_TI1_R04.json,1688bb9a1c0e33dc59540c4d5392a727cfc352cba0146326be5988de5fe0c236
CB1_TRAIN_S_CF2_RI2_TI2_R04,TRAIN_VALIDATION,S,CF2,RI2,TI2,R04,CB1_TRAIN_BASE_S_CF2_R04,661124,661124002,662012411,663012411,664000000,665000000,train_validation/CB1_TRAIN_S_CF2_RI2_TI2_R04.json,6b5fb00f6bd25fe8879c828eda32cc19691e717974a4e9955b02566ec09ad842
CB1_TRAIN_S_CF2_RI2_TI3_R04,TRAIN_VALIDATION,S,CF2,RI2,TI3,R04,CB1_TRAIN_BASE_S_CF2_R04,661124,661124002,662012412,663012412,664000000,665000000,train_validation/CB1_TRAIN_S_CF2_RI2_TI3_R04.json,8e5a157f69d3f566c3c3ad3eaadca62dd7b4693fc000619678b975da2159fe0a
CB1_TRAIN_S_CF2_RI3_TI1_R04,TRAIN_VALIDATION,S,CF2,RI3,TI1,R04,CB1_TRAIN_BASE_S_CF2_R04,661124,661124002,662012420,663012420,664000000,665000000,train_validation/CB1_TRAIN_S_CF2_RI3_TI1_R04.json,55d8719026e90808e01895aaefe7e3240afe0855dca561e3ee150406190e7cf5
CB1_TRAIN_S_CF2_RI3_TI2_R04,TRAIN_VALIDATION,S,CF2,RI3,TI2,R04,CB1_TRAIN_BASE_S_CF2_R04,661124,661124002,662012421,663012421,664000000,665000000,train_validation/CB1_TRAIN_S_CF2_RI3_TI2_R04.json,4632fb4f0f7e6ed13dd1c98615633e7d2da0954c37e6588a977368e20e6a2f02
CB1_TRAIN_S_CF2_RI3_TI3_R04,TRAIN_VALIDATION,S,CF2,RI3,TI3,R04,CB1_TRAIN_BASE_S_CF2_R04,661124,661124002,662012422,663012422,664000000,665000000,train_validation/CB1_TRAIN_S_CF2_RI3_TI3_R04.json,385a8270eda58b5d4a4f7ce334798c71c93ea490becb4cf9279eb021fb39b624
CB1_TRAIN_S_CF2_RI1_TI1_R05,TRAIN_INTERNAL_HOLDOUT,S,CF2,RI1,TI1,R05,CB1_TRAIN_BASE_S_CF2_R05,661125,661125001,662012500,663012500,664000000,665000000,train_internal_holdout/CB1_TRAIN_S_CF2_RI1_TI1_R05.json,e68c5995b8223d4c085dc73bf5ebe30e46faedc2097d428fc08acafafb3952fb
CB1_TRAIN_S_CF2_RI1_TI2_R05,TRAIN_INTERNAL_HOLDOUT,S,CF2,RI1,TI2,R05,CB1_TRAIN_BASE_S_CF2_R05,661125,661125001,662012501,663012501,664000000,665000000,train_internal_holdout/CB1_TRAIN_S_CF2_RI1_TI2_R05.json,b4e6dcdfa3973ac9029b153aa47bf58656eca0329bba109c5db7b77756401e82
CB1_TRAIN_S_CF2_RI1_TI3_R05,TRAIN_INTERNAL_HOLDOUT,S,CF2,RI1,TI3,R05,CB1_TRAIN_BASE_S_CF2_R05,661125,661125001,662012502,663012502,664000000,665000000,train_internal_holdout/CB1_TRAIN_S_CF2_RI1_TI3_R05.json,44cde40449d755d600388a0d95ba2632cf4fecad1cce0ed3b246eccedd547f81
CB1_TRAIN_S_CF2_RI2_TI1_R05,TRAIN_INTERNAL_HOLDOUT,S,CF2,RI2,TI1,R05,CB1_TRAIN_BASE_S_CF2_R05,661125,661125001,662012510,663012510,664000000,665000000,train_internal_holdout/CB1_TRAIN_S_CF2_RI2_TI1_R05.json,31e2cd32242bbee5f172c17b98bc85f00c81cd81ed00d92562762e97fd894d6c
CB1_TRAIN_S_CF2_RI2_TI2_R05,TRAIN_INTERNAL_HOLDOUT,S,CF2,RI2,TI2,R05,CB1_TRAIN_BASE_S_CF2_R05,661125,661125001,662012511,663012511,664000000,665000000,train_internal_holdout/CB1_TRAIN_S_CF2_RI2_TI2_R05.json,20307d61c986c97f3f87090ca50e8168f6ce6ff5e824d670013c56530cae981f
CB1_TRAIN_S_CF2_RI2_TI3_R05,TRAIN_INTERNAL_HOLDOUT,S,CF2,RI2,TI3,R05,CB1_TRAIN_BASE_S_CF2_R05,661125,661125001,662012512,663012512,664000000,665000000,train_internal_holdout/CB1_TRAIN_S_CF2_RI2_TI3_R05.json,1d7069847c681241553ca8ae13571242058e7b3287bbb071f2e9c355fa9b0e1f
CB1_TRAIN_S_CF2_RI3_TI1_R05,TRAIN_INTERNAL_HOLDOUT,S,CF2,RI3,TI1,R05,CB1_TRAIN_BASE_S_CF2_R05,661125,661125001,662012520,663012520,664000000,665000000,train_internal_holdout/CB1_TRAIN_S_CF2_RI3_TI1_R05.json,31985045d95cb83332d178703afe95964388b9e7d7943514b20e00f3f9da7093
CB1_TRAIN_S_CF2_RI3_TI2_R05,TRAIN_INTERNAL_HOLDOUT,S,CF2,RI3,TI2,R05,CB1_TRAIN_BASE_S_CF2_R05,661125,661125001,662012521,663012521,664000000,665000000,train_internal_holdout/CB1_TRAIN_S_CF2_RI3_TI2_R05.json,12c2c69074ca749573ef72f57369773fb0aba90c58e3dbf9c5a9fa40a2df3eea
CB1_TRAIN_S_CF2_RI3_TI3_R05,TRAIN_INTERNAL_HOLDOUT,S,CF2,RI3,TI3,R05,CB1_TRAIN_BASE_S_CF2_R05,661125,661125001,662012522,663012522,664000000,665000000,train_internal_holdout/CB1_TRAIN_S_CF2_RI3_TI3_R05.json,9d64e43181de04efb1c036d723b58cb411bd9f5380982b6c0ed53633ac25bbe6
CB1_TRAIN_S_CF3_RI1_TI1_R01,TRAIN,S,CF3,RI1,TI1,R01,CB1_TRAIN_BASE_S_CF3_R01,661131,661131001,662013100,663013100,664000000,665000000,train/CB1_TRAIN_S_CF3_RI1_TI1_R01.json,e9eca3368d3e178fabf5439bcd0159ff9cc567d7d43d9dfde8da8624528446ff
CB1_TRAIN_S_CF3_RI1_TI2_R01,TRAIN,S,CF3,RI1,TI2,R01,CB1_TRAIN_BASE_S_CF3_R01,661131,661131001,662013101,663013101,664000000,665000000,train/CB1_TRAIN_S_CF3_RI1_TI2_R01.json,b2c251e883b895a4320db53b8b8f40fbe07d9555477f63db1f593a88ba1ab864
CB1_TRAIN_S_CF3_RI1_TI3_R01,TRAIN,S,CF3,RI1,TI3,R01,CB1_TRAIN_BASE_S_CF3_R01,661131,661131001,662013102,663013102,664000000,665000000,train/CB1_TRAIN_S_CF3_RI1_TI3_R01.json,3aef50a7c8ed1818c7e0d4ee2abe2611f043c104e6e31f2c3f94b1015455ec45
CB1_TRAIN_S_CF3_RI2_TI1_R01,TRAIN,S,CF3,RI2,TI1,R01,CB1_TRAIN_BASE_S_CF3_R01,661131,661131001,662013110,663013110,664000000,665000000,train/CB1_TRAIN_S_CF3_RI2_TI1_R01.json,787e0501243a679e7b926a1a65d701a9eccd12e9cb6b134bfad118b4f6685118
CB1_TRAIN_S_CF3_RI2_TI2_R01,TRAIN,S,CF3,RI2,TI2,R01,CB1_TRAIN_BASE_S_CF3_R01,661131,661131001,662013111,663013111,664000000,665000000,train/CB1_TRAIN_S_CF3_RI2_TI2_R01.json,7c4e05a99246d0d5e4ccca995149b600b5061ede7a28b2acc82fb0a78c782831
CB1_TRAIN_S_CF3_RI2_TI3_R01,TRAIN,S,CF3,RI2,TI3,R01,CB1_TRAIN_BASE_S_CF3_R01,661131,661131001,662013112,663013112,664000000,665000000,train/CB1_TRAIN_S_CF3_RI2_TI3_R01.json,ecd6de7856383c8ae16963501d76e68f4d1462edc24df7c5a284102684f41ff9
CB1_TRAIN_S_CF3_RI3_TI1_R01,TRAIN,S,CF3,RI3,TI1,R01,CB1_TRAIN_BASE_S_CF3_R01,661131,661131001,662013120,663013120,664000000,665000000,train/CB1_TRAIN_S_CF3_RI3_TI1_R01.json,c3a1c5de972b77fd19e1267ce26bf2c64f3d208e0eedc42dc81d7727fb5ef96d
CB1_TRAIN_S_CF3_RI3_TI2_R01,TRAIN,S,CF3,RI3,TI2,R01,CB1_TRAIN_BASE_S_CF3_R01,661131,661131001,662013121,663013121,664000000,665000000,train/CB1_TRAIN_S_CF3_RI3_TI2_R01.json,1bea2f146ba9684e2a1b6968d76d355b9efebdb7efcde52bd3f7143c15d0b258
CB1_TRAIN_S_CF3_RI3_TI3_R01,TRAIN,S,CF3,RI3,TI3,R01,CB1_TRAIN_BASE_S_CF3_R01,661131,661131001,662013122,663013122,664000000,665000000,train/CB1_TRAIN_S_CF3_RI3_TI3_R01.json,6cc4c092c92c3ea80b8016830fa7fc734989695ec1c17d487f231d8966f2262d
CB1_TRAIN_S_CF3_RI1_TI1_R02,TRAIN,S,CF3,RI1,TI1,R02,CB1_TRAIN_BASE_S_CF3_R02,661132,661132001,662013200,663013200,664000000,665000000,train/CB1_TRAIN_S_CF3_RI1_TI1_R02.json,9ab4b34b8bdced47f6b94955ef81c12addc02f2b057ce0676a714e3f0b21cdf0
CB1_TRAIN_S_CF3_RI1_TI2_R02,TRAIN,S,CF3,RI1,TI2,R02,CB1_TRAIN_BASE_S_CF3_R02,661132,661132001,662013201,663013201,664000000,665000000,train/CB1_TRAIN_S_CF3_RI1_TI2_R02.json,142d51092be61be7a88c1294411dc2b9a16337f84bed194fd27fa39023195859
CB1_TRAIN_S_CF3_RI1_TI3_R02,TRAIN,S,CF3,RI1,TI3,R02,CB1_TRAIN_BASE_S_CF3_R02,661132,661132001,662013202,663013202,664000000,665000000,train/CB1_TRAIN_S_CF3_RI1_TI3_R02.json,8c57c3bba6dcef6cd3eb05c89f2513e3f9e30f38dc250285044fac1c89f39375
CB1_TRAIN_S_CF3_RI2_TI1_R02,TRAIN,S,CF3,RI2,TI1,R02,CB1_TRAIN_BASE_S_CF3_R02,661132,661132001,662013210,663013210,664000000,665000000,train/CB1_TRAIN_S_CF3_RI2_TI1_R02.json,2ee98a977150b79aa8bb1087d3c944db9ac076ff625e1cba68e2deaa055afa90
CB1_TRAIN_S_CF3_RI2_TI2_R02,TRAIN,S,CF3,RI2,TI2,R02,CB1_TRAIN_BASE_S_CF3_R02,661132,661132001,662013211,663013211,664000000,665000000,train/CB1_TRAIN_S_CF3_RI2_TI2_R02.json,b77e819d8fbd5aebdb1208b89a7e7aab726558e5d8ae7a4e9497a3c3c8f8d6a3
CB1_TRAIN_S_CF3_RI2_TI3_R02,TRAIN,S,CF3,RI2,TI3,R02,CB1_TRAIN_BASE_S_CF3_R02,661132,661132001,662013212,663013212,664000000,665000000,train/CB1_TRAIN_S_CF3_RI2_TI3_R02.json,b3f739e1a60e2fb7dd57877d71e4e555db6e7c550a24bdaf54ea7dfb7a70a04d
CB1_TRAIN_S_CF3_RI3_TI1_R02,TRAIN,S,CF3,RI3,TI1,R02,CB1_TRAIN_BASE_S_CF3_R02,661132,661132001,662013220,663013220,664000000,665000000,train/CB1_TRAIN_S_CF3_RI3_TI1_R02.json,2fa97c5ddbca04e83b86b69d6e095a81fce25737f5c0483bbf0e5f690b01c02d
CB1_TRAIN_S_CF3_RI3_TI2_R02,TRAIN,S,CF3,RI3,TI2,R02,CB1_TRAIN_BASE_S_CF3_R02,661132,661132001,662013221,663013221,664000000,665000000,train/CB1_TRAIN_S_CF3_RI3_TI2_R02.json,0f5f639882f36cb5db4c1fdf31076fd9e42d1f4c31179355e8d56f8ad2c47fb8
CB1_TRAIN_S_CF3_RI3_TI3_R02,TRAIN,S,CF3,RI3,TI3,R02,CB1_TRAIN_BASE_S_CF3_R02,661132,661132001,662013222,663013222,664000000,665000000,train/CB1_TRAIN_S_CF3_RI3_TI3_R02.json,e64336714d780e6930a18c8cb61af8c39553a1992af1d0e446a85f3a9adcbb3f
CB1_TRAIN_S_CF3_RI1_TI1_R03,TRAIN,S,CF3,RI1,TI1,R03,CB1_TRAIN_BASE_S_CF3_R03,661133,661133001,662013300,663013300,664000000,665000000,train/CB1_TRAIN_S_CF3_RI1_TI1_R03.json,f2c53b8fd39b7414a78127916533351535f612cb57b8e65db26781484c8e6877
CB1_TRAIN_S_CF3_RI1_TI2_R03,TRAIN,S,CF3,RI1,TI2,R03,CB1_TRAIN_BASE_S_CF3_R03,661133,661133001,662013301,663013301,664000000,665000000,train/CB1_TRAIN_S_CF3_RI1_TI2_R03.json,91a2c9ee247b17e27d2829baa172593250fe991adc170fb17d51c268bdc6e2b9
CB1_TRAIN_S_CF3_RI1_TI3_R03,TRAIN,S,CF3,RI1,TI3,R03,CB1_TRAIN_BASE_S_CF3_R03,661133,661133001,662013302,663013302,664000000,665000000,train/CB1_TRAIN_S_CF3_RI1_TI3_R03.json,442f80b24a873bf521c60146219cd5884834896caeb10de7f0a0d6ec84a69169
CB1_TRAIN_S_CF3_RI2_TI1_R03,TRAIN,S,CF3,RI2,TI1,R03,CB1_TRAIN_BASE_S_CF3_R03,661133,661133001,662013310,663013310,664000000,665000000,train/CB1_TRAIN_S_CF3_RI2_TI1_R03.json,baf7da86947c666edb8b07eedf73ca8a030098fdf98a8ccbf708b616aeb8aa58
CB1_TRAIN_S_CF3_RI2_TI2_R03,TRAIN,S,CF3,RI2,TI2,R03,CB1_TRAIN_BASE_S_CF3_R03,661133,661133001,662013311,663013311,664000000,665000000,train/CB1_TRAIN_S_CF3_RI2_TI2_R03.json,7d2b3ad34a2979e45be0edf6822be79c896096d607d7567d5880627cf4b608c8
CB1_TRAIN_S_CF3_RI2_TI3_R03,TRAIN,S,CF3,RI2,TI3,R03,CB1_TRAIN_BASE_S_CF3_R03,661133,661133001,662013312,663013312,664000000,665000000,train/CB1_TRAIN_S_CF3_RI2_TI3_R03.json,e2e5856705920e10a6aa9368c7cbd6e16ddd7d4f876b5ee65d59fe762e902a0d
CB1_TRAIN_S_CF3_RI3_TI1_R03,TRAIN,S,CF3,RI3,TI1,R03,CB1_TRAIN_BASE_S_CF3_R03,661133,661133001,662013320,663013320,664000000,665000000,train/CB1_TRAIN_S_CF3_RI3_TI1_R03.json,1b71d76298292ffacbde94c517d6b41d797ca0d4649128df045ecda8596b2ea6
CB1_TRAIN_S_CF3_RI3_TI2_R03,TRAIN,S,CF3,RI3,TI2,R03,CB1_TRAIN_BASE_S_CF3_R03,661133,661133001,662013321,663013321,664000000,665000000,train/CB1_TRAIN_S_CF3_RI3_TI2_R03.json,14692f8d8b50c6348e515d9152dd1f265678245b743ccc3bfde077879578d624
CB1_TRAIN_S_CF3_RI3_TI3_R03,TRAIN,S,CF3,RI3,TI3,R03,CB1_TRAIN_BASE_S_CF3_R03,661133,661133001,662013322,663013322,664000000,665000000,train/CB1_TRAIN_S_CF3_RI3_TI3_R03.json,3b22d118a4451c38bec81bdb69fa99ec53501759a88f4f59fd851bb0aa58b05e
CB1_TRAIN_S_CF3_RI1_TI1_R04,TRAIN_VALIDATION,S,CF3,RI1,TI1,R04,CB1_TRAIN_BASE_S_CF3_R04,661134,661134001,662013400,663013400,664000000,665000000,train_validation/CB1_TRAIN_S_CF3_RI1_TI1_R04.json,8dee347231ca47ebb60bc61f7ceb69f484acd6c10263147072d7468d7257d869
CB1_TRAIN_S_CF3_RI1_TI2_R04,TRAIN_VALIDATION,S,CF3,RI1,TI2,R04,CB1_TRAIN_BASE_S_CF3_R04,661134,661134001,662013401,663013401,664000000,665000000,train_validation/CB1_TRAIN_S_CF3_RI1_TI2_R04.json,72b1a638be29cf8b963ce5112d793825bcec1bfebaa571002c48f9ef9822e261
CB1_TRAIN_S_CF3_RI1_TI3_R04,TRAIN_VALIDATION,S,CF3,RI1,TI3,R04,CB1_TRAIN_BASE_S_CF3_R04,661134,661134001,662013402,663013402,664000000,665000000,train_validation/CB1_TRAIN_S_CF3_RI1_TI3_R04.json,ad25b033175b1f29d7a38a6f511fe00a13cff8e6953befc07d5a9b9c2ac188f1
CB1_TRAIN_S_CF3_RI2_TI1_R04,TRAIN_VALIDATION,S,CF3,RI2,TI1,R04,CB1_TRAIN_BASE_S_CF3_R04,661134,661134001,662013410,663013410,664000000,665000000,train_validation/CB1_TRAIN_S_CF3_RI2_TI1_R04.json,6c30a27d54ef190840c73b9ff2482bc4c03e791d2a1530e37b16a05ce0ff75d6
CB1_TRAIN_S_CF3_RI2_TI2_R04,TRAIN_VALIDATION,S,CF3,RI2,TI2,R04,CB1_TRAIN_BASE_S_CF3_R04,661134,661134001,662013411,663013411,664000000,665000000,train_validation/CB1_TRAIN_S_CF3_RI2_TI2_R04.json,a06f07452ec2518a510e86e7601bc9e268517a29d1f9b29c06922e02fa93fa78
CB1_TRAIN_S_CF3_RI2_TI3_R04,TRAIN_VALIDATION,S,CF3,RI2,TI3,R04,CB1_TRAIN_BASE_S_CF3_R04,661134,661134001,662013412,663013412,664000000,665000000,train_validation/CB1_TRAIN_S_CF3_RI2_TI3_R04.json,bdae78be2f0506a7ad0ffe504a5d6eb09abf9dbbbbed0be45cc166f65b02aacc
CB1_TRAIN_S_CF3_RI3_TI1_R04,TRAIN_VALIDATION,S,CF3,RI3,TI1,R04,CB1_TRAIN_BASE_S_CF3_R04,661134,661134001,662013420,663013420,664000000,665000000,train_validation/CB1_TRAIN_S_CF3_RI3_TI1_R04.json,89aac96f3f5f21f68511c908ccf38e753da3b1c2acfdfd3760900f9daa6a5be5
CB1_TRAIN_S_CF3_RI3_TI2_R04,TRAIN_VALIDATION,S,CF3,RI3,TI2,R04,CB1_TRAIN_BASE_S_CF3_R04,661134,661134001,662013421,663013421,664000000,665000000,train_validation/CB1_TRAIN_S_CF3_RI3_TI2_R04.json,f222821058dee4d830e42c42d112b1c130a81f292501d1a8341b757791d7264b
CB1_TRAIN_S_CF3_RI3_TI3_R04,TRAIN_VALIDATION,S,CF3,RI3,TI3,R04,CB1_TRAIN_BASE_S_CF3_R04,661134,661134001,662013422,663013422,664000000,665000000,train_validation/CB1_TRAIN_S_CF3_RI3_TI3_R04.json,841eca49b1df5cff2f3e4dcd63857394bdf19dbc9c89b284e04181d0bc56eac2
CB1_TRAIN_S_CF3_RI1_TI1_R05,TRAIN_INTERNAL_HOLDOUT,S,CF3,RI1,TI1,R05,CB1_TRAIN_BASE_S_CF3_R05,661135,661135003,662013500,663013500,664000000,665000000,train_internal_holdout/CB1_TRAIN_S_CF3_RI1_TI1_R05.json,dac44a31a2d97515dbf7510ebf8897da6bceb24cddf24b88f4e96c1b396dfca2
CB1_TRAIN_S_CF3_RI1_TI2_R05,TRAIN_INTERNAL_HOLDOUT,S,CF3,RI1,TI2,R05,CB1_TRAIN_BASE_S_CF3_R05,661135,661135003,662013501,663013501,664000000,665000000,train_internal_holdout/CB1_TRAIN_S_CF3_RI1_TI2_R05.json,05a4ec6792397f3ded8f2d655353b873a579cecf98b0b9dada9ee04f666d7be7
CB1_TRAIN_S_CF3_RI1_TI3_R05,TRAIN_INTERNAL_HOLDOUT,S,CF3,RI1,TI3,R05,CB1_TRAIN_BASE_S_CF3_R05,661135,661135003,662013502,663013502,664000000,665000000,train_internal_holdout/CB1_TRAIN_S_CF3_RI1_TI3_R05.json,21f2061b2d0ad6bc637e1b03651b6195d4ff15ee700e334c269c63dbeba400d7
CB1_TRAIN_S_CF3_RI2_TI1_R05,TRAIN_INTERNAL_HOLDOUT,S,CF3,RI2,TI1,R05,CB1_TRAIN_BASE_S_CF3_R05,661135,661135003,662013510,663013510,664000000,665000000,train_internal_holdout/CB1_TRAIN_S_CF3_RI2_TI1_R05.json,0c72acade26d69b395894c5fc06a25f14a9d7651c33a5d29c0c15847577f6b4c
CB1_TRAIN_S_CF3_RI2_TI2_R05,TRAIN_INTERNAL_HOLDOUT,S,CF3,RI2,TI2,R05,CB1_TRAIN_BASE_S_CF3_R05,661135,661135003,662013511,663013511,664000000,665000000,train_internal_holdout/CB1_TRAIN_S_CF3_RI2_TI2_R05.json,8d288a25e6a5f4b2d578874a7e4679aae77acdc658753013765b39cf5028e4b1
CB1_TRAIN_S_CF3_RI2_TI3_R05,TRAIN_INTERNAL_HOLDOUT,S,CF3,RI2,TI3,R05,CB1_TRAIN_BASE_S_CF3_R05,661135,661135003,662013512,663013512,664000000,665000000,train_internal_holdout/CB1_TRAIN_S_CF3_RI2_TI3_R05.json,a2818b42e5cdd6a53fdaf5b36d24cd3b0e8b57fe71c6ccaaf911ca33d271e21c
CB1_TRAIN_S_CF3_RI3_TI1_R05,TRAIN_INTERNAL_HOLDOUT,S,CF3,RI3,TI1,R05,CB1_TRAIN_BASE_S_CF3_R05,661135,661135003,662013520,663013520,664000000,665000000,train_internal_holdout/CB1_TRAIN_S_CF3_RI3_TI1_R05.json,8bdcbd6b857e0ceec67f56bc3f8054caab1decee8e84e05ccb3508003b5caff7
CB1_TRAIN_S_CF3_RI3_TI2_R05,TRAIN_INTERNAL_HOLDOUT,S,CF3,RI3,TI2,R05,CB1_TRAIN_BASE_S_CF3_R05,661135,661135003,662013521,663013521,664000000,665000000,train_internal_holdout/CB1_TRAIN_S_CF3_RI3_TI2_R05.json,55073f93f60727aa4e9cedf87f4f360214fcd368fcac90d0705d32866a06ae05
CB1_TRAIN_S_CF3_RI3_TI3_R05,TRAIN_INTERNAL_HOLDOUT,S,CF3,RI3,TI3,R05,CB1_TRAIN_BASE_S_CF3_R05,661135,661135003,662013522,663013522,664000000,665000000,train_internal_holdout/CB1_TRAIN_S_CF3_RI3_TI3_R05.json,be678efda5b16d99cdb7fb965acbfa9b9fde17f41147e106807302ee6f224db2
CB1_TRAIN_M_CF1_RI1_TI1_R01,TRAIN,M,CF1,RI1,TI1,R01,CB1_TRAIN_BASE_M_CF1_R01,661211,661211001,662021100,663021100,664000000,665000000,train/CB1_TRAIN_M_CF1_RI1_TI1_R01.json,167bcd0711f8128aaff4e98fdbdb0b4854f27ff777b5a44eccb60bd01bbd564d
CB1_TRAIN_M_CF1_RI1_TI2_R01,TRAIN,M,CF1,RI1,TI2,R01,CB1_TRAIN_BASE_M_CF1_R01,661211,661211001,662021101,663021101,664000000,665000000,train/CB1_TRAIN_M_CF1_RI1_TI2_R01.json,fa447976fb579dabae806ec613eab4e58b5499056007229a040a42ad12319ead
CB1_TRAIN_M_CF1_RI1_TI3_R01,TRAIN,M,CF1,RI1,TI3,R01,CB1_TRAIN_BASE_M_CF1_R01,661211,661211001,662021102,663021102,664000000,665000000,train/CB1_TRAIN_M_CF1_RI1_TI3_R01.json,1c32b9810aec8c37a060304262b8b15bb7169049e3fce55c7d831f1ad61c86eb
CB1_TRAIN_M_CF1_RI2_TI1_R01,TRAIN,M,CF1,RI2,TI1,R01,CB1_TRAIN_BASE_M_CF1_R01,661211,661211001,662021110,663021110,664000000,665000000,train/CB1_TRAIN_M_CF1_RI2_TI1_R01.json,c7a5b26f6076d03c5aca1ca6057e11b67bc8e25ccd0475c7168fe1530fa32a88
CB1_TRAIN_M_CF1_RI2_TI2_R01,TRAIN,M,CF1,RI2,TI2,R01,CB1_TRAIN_BASE_M_CF1_R01,661211,661211001,662021111,663021111,664000000,665000000,train/CB1_TRAIN_M_CF1_RI2_TI2_R01.json,79348ee2bde6c8d69667f7483455ca87207899a9b7b2e64326f1f3fd754f239d
CB1_TRAIN_M_CF1_RI2_TI3_R01,TRAIN,M,CF1,RI2,TI3,R01,CB1_TRAIN_BASE_M_CF1_R01,661211,661211001,662021112,663021112,664000000,665000000,train/CB1_TRAIN_M_CF1_RI2_TI3_R01.json,1a377db3ab93281709490415dfa482c1eba111cddcff54ed7e5c37750db51a4b
CB1_TRAIN_M_CF1_RI3_TI1_R01,TRAIN,M,CF1,RI3,TI1,R01,CB1_TRAIN_BASE_M_CF1_R01,661211,661211001,662021120,663021120,664000000,665000000,train/CB1_TRAIN_M_CF1_RI3_TI1_R01.json,56c21f0fa0b42ca80d7d736206be59daa4bccd5664c58276e286f9ddb9d83594
CB1_TRAIN_M_CF1_RI3_TI2_R01,TRAIN,M,CF1,RI3,TI2,R01,CB1_TRAIN_BASE_M_CF1_R01,661211,661211001,662021121,663021121,664000000,665000000,train/CB1_TRAIN_M_CF1_RI3_TI2_R01.json,eaac09d58b6a5c1303bb4e389edc4fe1615dc02c96072087bd7d1ca5a036deb5
CB1_TRAIN_M_CF1_RI3_TI3_R01,TRAIN,M,CF1,RI3,TI3,R01,CB1_TRAIN_BASE_M_CF1_R01,661211,661211001,662021122,663021122,664000000,665000000,train/CB1_TRAIN_M_CF1_RI3_TI3_R01.json,25754fe25af30804c66377800067bc2239bbeabb38a3ba211c5452336d6d78e4
CB1_TRAIN_M_CF1_RI1_TI1_R02,TRAIN,M,CF1,RI1,TI1,R02,CB1_TRAIN_BASE_M_CF1_R02,661212,661212001,662021200,663021200,664000000,665000000,train/CB1_TRAIN_M_CF1_RI1_TI1_R02.json,8638863ed82450cac18756224bb5a00746862e2d5019bb24b390db8ec040ff7d
CB1_TRAIN_M_CF1_RI1_TI2_R02,TRAIN,M,CF1,RI1,TI2,R02,CB1_TRAIN_BASE_M_CF1_R02,661212,661212001,662021201,663021201,664000000,665000000,train/CB1_TRAIN_M_CF1_RI1_TI2_R02.json,653888018fa7c05a782403b8572458fbd76847ad8f16284467d733b71d17bef7
CB1_TRAIN_M_CF1_RI1_TI3_R02,TRAIN,M,CF1,RI1,TI3,R02,CB1_TRAIN_BASE_M_CF1_R02,661212,661212001,662021202,663021202,664000000,665000000,train/CB1_TRAIN_M_CF1_RI1_TI3_R02.json,92bdf1773ea47b1c4d4a95fc5dfd15aba0df024d5e827600cd8e36a590586cc8
CB1_TRAIN_M_CF1_RI2_TI1_R02,TRAIN,M,CF1,RI2,TI1,R02,CB1_TRAIN_BASE_M_CF1_R02,661212,661212001,662021210,663021210,664000000,665000000,train/CB1_TRAIN_M_CF1_RI2_TI1_R02.json,cd8b64a33a4bcbf8f241c5f0cff6d66d80499293fd416e7073058d1f7b624385
CB1_TRAIN_M_CF1_RI2_TI2_R02,TRAIN,M,CF1,RI2,TI2,R02,CB1_TRAIN_BASE_M_CF1_R02,661212,661212001,662021211,663021211,664000000,665000000,train/CB1_TRAIN_M_CF1_RI2_TI2_R02.json,f44196a04dd1370cbab84ed0785b54dbc62e6e2fcd00b3cf1428c8c0fede18c8
CB1_TRAIN_M_CF1_RI2_TI3_R02,TRAIN,M,CF1,RI2,TI3,R02,CB1_TRAIN_BASE_M_CF1_R02,661212,661212001,662021212,663021212,664000000,665000000,train/CB1_TRAIN_M_CF1_RI2_TI3_R02.json,07fbc952afde2a487b658bcdfcf9bad19d69351e029ba40507de5a998f6ed47b
CB1_TRAIN_M_CF1_RI3_TI1_R02,TRAIN,M,CF1,RI3,TI1,R02,CB1_TRAIN_BASE_M_CF1_R02,661212,661212001,662021220,663021220,664000000,665000000,train/CB1_TRAIN_M_CF1_RI3_TI1_R02.json,aefaae50bf40fb6c77b78427bda6aa4d4bc6e2b05fd4013266ed7adcf9c29a3a
CB1_TRAIN_M_CF1_RI3_TI2_R02,TRAIN,M,CF1,RI3,TI2,R02,CB1_TRAIN_BASE_M_CF1_R02,661212,661212001,662021221,663021221,664000000,665000000,train/CB1_TRAIN_M_CF1_RI3_TI2_R02.json,b2bffa85163e7e64f341f1dbf7ee9e6c8b5210e366fa0ed7e66f07a86ffd1386
CB1_TRAIN_M_CF1_RI3_TI3_R02,TRAIN,M,CF1,RI3,TI3,R02,CB1_TRAIN_BASE_M_CF1_R02,661212,661212001,662021222,663021222,664000000,665000000,train/CB1_TRAIN_M_CF1_RI3_TI3_R02.json,e3a79fbc3b5a9a85e4003955219e294d53567db2b6e3e29580f2a6db92c06fc0
CB1_TRAIN_M_CF1_RI1_TI1_R03,TRAIN,M,CF1,RI1,TI1,R03,CB1_TRAIN_BASE_M_CF1_R03,661213,661213001,662021300,663021300,664000000,665000000,train/CB1_TRAIN_M_CF1_RI1_TI1_R03.json,1fba4c6aa3e4b29ed99d630384e669e5456ff9e91582c13f22d43796c8548e00
CB1_TRAIN_M_CF1_RI1_TI2_R03,TRAIN,M,CF1,RI1,TI2,R03,CB1_TRAIN_BASE_M_CF1_R03,661213,661213001,662021301,663021301,664000000,665000000,train/CB1_TRAIN_M_CF1_RI1_TI2_R03.json,675bb7c7def86cbfa95115eddb427fc50353685769bef1e1662473e10442274f
CB1_TRAIN_M_CF1_RI1_TI3_R03,TRAIN,M,CF1,RI1,TI3,R03,CB1_TRAIN_BASE_M_CF1_R03,661213,661213001,662021302,663021302,664000000,665000000,train/CB1_TRAIN_M_CF1_RI1_TI3_R03.json,3f2c062e475404689830e56ea89bbec10e7aabf876e9f239c946c485e71d54b8
CB1_TRAIN_M_CF1_RI2_TI1_R03,TRAIN,M,CF1,RI2,TI1,R03,CB1_TRAIN_BASE_M_CF1_R03,661213,661213001,662021310,663021310,664000000,665000000,train/CB1_TRAIN_M_CF1_RI2_TI1_R03.json,a904bfeb25f933f516f34a3e41c110d8dafdadaa9405f42edbf2e398dda828d8
CB1_TRAIN_M_CF1_RI2_TI2_R03,TRAIN,M,CF1,RI2,TI2,R03,CB1_TRAIN_BASE_M_CF1_R03,661213,661213001,662021311,663021311,664000000,665000000,train/CB1_TRAIN_M_CF1_RI2_TI2_R03.json,6875e3b615d5229aa0aef8443bd25ad5c25d54a3cc175a4170311f114a961179
CB1_TRAIN_M_CF1_RI2_TI3_R03,TRAIN,M,CF1,RI2,TI3,R03,CB1_TRAIN_BASE_M_CF1_R03,661213,661213001,662021312,663021312,664000000,665000000,train/CB1_TRAIN_M_CF1_RI2_TI3_R03.json,1172a36e11b889e7f70affd47940fbd642520540183e0d2e3d6ac939c47db8d3
CB1_TRAIN_M_CF1_RI3_TI1_R03,TRAIN,M,CF1,RI3,TI1,R03,CB1_TRAIN_BASE_M_CF1_R03,661213,661213001,662021320,663021320,664000000,665000000,train/CB1_TRAIN_M_CF1_RI3_TI1_R03.json,66963b4f57e9cf97fe09dd09700da7984b34c959e81c4e78020483105ee59f6d
CB1_TRAIN_M_CF1_RI3_TI2_R03,TRAIN,M,CF1,RI3,TI2,R03,CB1_TRAIN_BASE_M_CF1_R03,661213,661213001,662021321,663021321,664000000,665000000,train/CB1_TRAIN_M_CF1_RI3_TI2_R03.json,86fa03acb5e28acbb9616f8335660abd25cc63a8caca06e3e7e65e10f65a0b3c
CB1_TRAIN_M_CF1_RI3_TI3_R03,TRAIN,M,CF1,RI3,TI3,R03,CB1_TRAIN_BASE_M_CF1_R03,661213,661213001,662021322,663021322,664000000,665000000,train/CB1_TRAIN_M_CF1_RI3_TI3_R03.json,e6bf036cacce8eb3010fcc5cb09429aedcb2a15c2184795c7952c5ed2bc96f22
CB1_TRAIN_M_CF1_RI1_TI1_R04,TRAIN_VALIDATION,M,CF1,RI1,TI1,R04,CB1_TRAIN_BASE_M_CF1_R04,661214,661214001,662021400,663021400,664000000,665000000,train_validation/CB1_TRAIN_M_CF1_RI1_TI1_R04.json,faf13eaf33373648a0b781b46395a76304426f0802526e41010bd49a74350fe3
CB1_TRAIN_M_CF1_RI1_TI2_R04,TRAIN_VALIDATION,M,CF1,RI1,TI2,R04,CB1_TRAIN_BASE_M_CF1_R04,661214,661214001,662021401,663021401,664000000,665000000,train_validation/CB1_TRAIN_M_CF1_RI1_TI2_R04.json,6a93179d7ed82ac8e36b42fd5e4a37840818ac44b7804977da06aca7d31b976d
CB1_TRAIN_M_CF1_RI1_TI3_R04,TRAIN_VALIDATION,M,CF1,RI1,TI3,R04,CB1_TRAIN_BASE_M_CF1_R04,661214,661214001,662021402,663021402,664000000,665000000,train_validation/CB1_TRAIN_M_CF1_RI1_TI3_R04.json,79ff9edfd004ef5ca99ae2d59d3865bd0200dfadd16138ebe8c0850adf1eab51
CB1_TRAIN_M_CF1_RI2_TI1_R04,TRAIN_VALIDATION,M,CF1,RI2,TI1,R04,CB1_TRAIN_BASE_M_CF1_R04,661214,661214001,662021410,663021410,664000000,665000000,train_validation/CB1_TRAIN_M_CF1_RI2_TI1_R04.json,bdfd821fe977fc0853a6c8e8d35186e938510da9d3b7ad98b7b9fc3eb791dc0f
CB1_TRAIN_M_CF1_RI2_TI2_R04,TRAIN_VALIDATION,M,CF1,RI2,TI2,R04,CB1_TRAIN_BASE_M_CF1_R04,661214,661214001,662021411,663021411,664000000,665000000,train_validation/CB1_TRAIN_M_CF1_RI2_TI2_R04.json,cfc31fef907ec109ec5542e0aa7ce6c6bdac9dca09f758a8ee70c0f62eb7bc2e
CB1_TRAIN_M_CF1_RI2_TI3_R04,TRAIN_VALIDATION,M,CF1,RI2,TI3,R04,CB1_TRAIN_BASE_M_CF1_R04,661214,661214001,662021412,663021412,664000000,665000000,train_validation/CB1_TRAIN_M_CF1_RI2_TI3_R04.json,210f5c627a534c54c772c032e40d392a5deaf6916087f979a0a3aa706a802915
CB1_TRAIN_M_CF1_RI3_TI1_R04,TRAIN_VALIDATION,M,CF1,RI3,TI1,R04,CB1_TRAIN_BASE_M_CF1_R04,661214,661214001,662021420,663021420,664000000,665000000,train_validation/CB1_TRAIN_M_CF1_RI3_TI1_R04.json,f31bd4fd345f3c5902c8b9b5829d02db31d911ed597caee9312e32c1886c994a
CB1_TRAIN_M_CF1_RI3_TI2_R04,TRAIN_VALIDATION,M,CF1,RI3,TI2,R04,CB1_TRAIN_BASE_M_CF1_R04,661214,661214001,662021421,663021421,664000000,665000000,train_validation/CB1_TRAIN_M_CF1_RI3_TI2_R04.json,b4e6c3aef3b3e1a6414418778344f94396d8c655fdccbd618000ba10e6978dc6
CB1_TRAIN_M_CF1_RI3_TI3_R04,TRAIN_VALIDATION,M,CF1,RI3,TI3,R04,CB1_TRAIN_BASE_M_CF1_R04,661214,661214001,662021422,663021422,664000000,665000000,train_validation/CB1_TRAIN_M_CF1_RI3_TI3_R04.json,94f807fc3da50854215f188d899eccfe17fc8b885e3d9f434ce511be42166d0f
CB1_TRAIN_M_CF1_RI1_TI1_R05,TRAIN_INTERNAL_HOLDOUT,M,CF1,RI1,TI1,R05,CB1_TRAIN_BASE_M_CF1_R05,661215,661215001,662021500,663021500,664000000,665000000,train_internal_holdout/CB1_TRAIN_M_CF1_RI1_TI1_R05.json,f921723c15673ad85acdb92173971dd3081addb0d9ffc5ce1cc77923ede85c25
CB1_TRAIN_M_CF1_RI1_TI2_R05,TRAIN_INTERNAL_HOLDOUT,M,CF1,RI1,TI2,R05,CB1_TRAIN_BASE_M_CF1_R05,661215,661215001,662021501,663021501,664000000,665000000,train_internal_holdout/CB1_TRAIN_M_CF1_RI1_TI2_R05.json,793c4d04e6e3a499d037cfa19afb431826f97fb34e584bcd1d6cb2405ac603f2
CB1_TRAIN_M_CF1_RI1_TI3_R05,TRAIN_INTERNAL_HOLDOUT,M,CF1,RI1,TI3,R05,CB1_TRAIN_BASE_M_CF1_R05,661215,661215001,662021502,663021502,664000000,665000000,train_internal_holdout/CB1_TRAIN_M_CF1_RI1_TI3_R05.json,2b866cb4e1d8ac19dab15093abfd6266c5b4b8d2e65f15538dd27eeeffe2bbc4
CB1_TRAIN_M_CF1_RI2_TI1_R05,TRAIN_INTERNAL_HOLDOUT,M,CF1,RI2,TI1,R05,CB1_TRAIN_BASE_M_CF1_R05,661215,661215001,662021510,663021510,664000000,665000000,train_internal_holdout/CB1_TRAIN_M_CF1_RI2_TI1_R05.json,c3b7216737dcfdd4ae76020dfb35bf94d8098b9ad651662990d8305d6ab3beb4
CB1_TRAIN_M_CF1_RI2_TI2_R05,TRAIN_INTERNAL_HOLDOUT,M,CF1,RI2,TI2,R05,CB1_TRAIN_BASE_M_CF1_R05,661215,661215001,662021511,663021511,664000000,665000000,train_internal_holdout/CB1_TRAIN_M_CF1_RI2_TI2_R05.json,b5d1c19e93b541a045df59de95b099d1c6e616b543ab97841ff7ca565b5ac56e
CB1_TRAIN_M_CF1_RI2_TI3_R05,TRAIN_INTERNAL_HOLDOUT,M,CF1,RI2,TI3,R05,CB1_TRAIN_BASE_M_CF1_R05,661215,661215001,662021512,663021512,664000000,665000000,train_internal_holdout/CB1_TRAIN_M_CF1_RI2_TI3_R05.json,6cbb9a0c848e6c9d8fdc9bbb6618393f6bad92e1fff24bb85c7779b228f4dbeb
CB1_TRAIN_M_CF1_RI3_TI1_R05,TRAIN_INTERNAL_HOLDOUT,M,CF1,RI3,TI1,R05,CB1_TRAIN_BASE_M_CF1_R05,661215,661215001,662021520,663021520,664000000,665000000,train_internal_holdout/CB1_TRAIN_M_CF1_RI3_TI1_R05.json,5c9bb1272c5f5ff592dddd6d9a3c4509bdac59b094c55237d669a29282da71d1
CB1_TRAIN_M_CF1_RI3_TI2_R05,TRAIN_INTERNAL_HOLDOUT,M,CF1,RI3,TI2,R05,CB1_TRAIN_BASE_M_CF1_R05,661215,661215001,662021521,663021521,664000000,665000000,train_internal_holdout/CB1_TRAIN_M_CF1_RI3_TI2_R05.json,792277829c759b0f6de3222ac1b7e1e2fa20ed6dd7809374e5c98e6c251011aa
CB1_TRAIN_M_CF1_RI3_TI3_R05,TRAIN_INTERNAL_HOLDOUT,M,CF1,RI3,TI3,R05,CB1_TRAIN_BASE_M_CF1_R05,661215,661215001,662021522,663021522,664000000,665000000,train_internal_holdout/CB1_TRAIN_M_CF1_RI3_TI3_R05.json,bf274a82581c1841d23c4fb0b242d8c93c21d442669de2e7de850fa961d3ae21
CB1_TRAIN_M_CF2_RI1_TI1_R01,TRAIN,M,CF2,RI1,TI1,R01,CB1_TRAIN_BASE_M_CF2_R01,661221,661221002,662022100,663022100,664000000,665000000,train/CB1_TRAIN_M_CF2_RI1_TI1_R01.json,65dbd322299b3136b59d16dabfbeac599ecf163e41fed5973fde95aff23d9ffb
CB1_TRAIN_M_CF2_RI1_TI2_R01,TRAIN,M,CF2,RI1,TI2,R01,CB1_TRAIN_BASE_M_CF2_R01,661221,661221002,662022101,663022101,664000000,665000000,train/CB1_TRAIN_M_CF2_RI1_TI2_R01.json,4051f85aaa3a71be050987708e0d11ad9a734f1bdb51249c34138bafc5b9f23f
CB1_TRAIN_M_CF2_RI1_TI3_R01,TRAIN,M,CF2,RI1,TI3,R01,CB1_TRAIN_BASE_M_CF2_R01,661221,661221002,662022102,663022102,664000000,665000000,train/CB1_TRAIN_M_CF2_RI1_TI3_R01.json,a34cfc546da61a14a51c0087bea298dadfdc9019264c9a02ed999c73ed2cf8bb
CB1_TRAIN_M_CF2_RI2_TI1_R01,TRAIN,M,CF2,RI2,TI1,R01,CB1_TRAIN_BASE_M_CF2_R01,661221,661221002,662022110,663022110,664000000,665000000,train/CB1_TRAIN_M_CF2_RI2_TI1_R01.json,db9acafd49248efee798dd7060bf166de9e3d9432b5e3a7b13b8703922f586d4
CB1_TRAIN_M_CF2_RI2_TI2_R01,TRAIN,M,CF2,RI2,TI2,R01,CB1_TRAIN_BASE_M_CF2_R01,661221,661221002,662022111,663022111,664000000,665000000,train/CB1_TRAIN_M_CF2_RI2_TI2_R01.json,693ff087312434300caabd5d7db6664a874c827fc5565363e6e4655b5bf9b668
CB1_TRAIN_M_CF2_RI2_TI3_R01,TRAIN,M,CF2,RI2,TI3,R01,CB1_TRAIN_BASE_M_CF2_R01,661221,661221002,662022112,663022112,664000000,665000000,train/CB1_TRAIN_M_CF2_RI2_TI3_R01.json,1ca9344e73904fa71de0fd1cbebb3ae26b1fad94c80e9553c75c36c281f5adef
CB1_TRAIN_M_CF2_RI3_TI1_R01,TRAIN,M,CF2,RI3,TI1,R01,CB1_TRAIN_BASE_M_CF2_R01,661221,661221002,662022120,663022120,664000000,665000000,train/CB1_TRAIN_M_CF2_RI3_TI1_R01.json,f6ce7267fab1acbe35f1a4eb3b29e4d06557f8e68576848a3c583784f113a8a3
CB1_TRAIN_M_CF2_RI3_TI2_R01,TRAIN,M,CF2,RI3,TI2,R01,CB1_TRAIN_BASE_M_CF2_R01,661221,661221002,662022121,663022121,664000000,665000000,train/CB1_TRAIN_M_CF2_RI3_TI2_R01.json,ccc098aadf4aef6b4ca7fb3eb3bb373dfc48c063291c15c4a903f43889a36c52
CB1_TRAIN_M_CF2_RI3_TI3_R01,TRAIN,M,CF2,RI3,TI3,R01,CB1_TRAIN_BASE_M_CF2_R01,661221,661221002,662022122,663022122,664000000,665000000,train/CB1_TRAIN_M_CF2_RI3_TI3_R01.json,1882364cf8bed81b943d9adb28e5f4e7b46182d734064205f30563d118cf1c83
CB1_TRAIN_M_CF2_RI1_TI1_R02,TRAIN,M,CF2,RI1,TI1,R02,CB1_TRAIN_BASE_M_CF2_R02,661222,661222002,662022200,663022200,664000000,665000000,train/CB1_TRAIN_M_CF2_RI1_TI1_R02.json,f48b233953ff1f38cbedb71901997673430c03d364da49468bcb68944d174db9
CB1_TRAIN_M_CF2_RI1_TI2_R02,TRAIN,M,CF2,RI1,TI2,R02,CB1_TRAIN_BASE_M_CF2_R02,661222,661222002,662022201,663022201,664000000,665000000,train/CB1_TRAIN_M_CF2_RI1_TI2_R02.json,217898b653906dd21cdfec010729c0cb24eca6ee48298090e72bf6979d0752cd
CB1_TRAIN_M_CF2_RI1_TI3_R02,TRAIN,M,CF2,RI1,TI3,R02,CB1_TRAIN_BASE_M_CF2_R02,661222,661222002,662022202,663022202,664000000,665000000,train/CB1_TRAIN_M_CF2_RI1_TI3_R02.json,2c243065e9a773833995ac8e33c7259987bb4c6b1f900a0b6cb80d7fea98a95b
CB1_TRAIN_M_CF2_RI2_TI1_R02,TRAIN,M,CF2,RI2,TI1,R02,CB1_TRAIN_BASE_M_CF2_R02,661222,661222002,662022210,663022210,664000000,665000000,train/CB1_TRAIN_M_CF2_RI2_TI1_R02.json,cfea099975037c7c9166e769b0bcbf69e57b4870f8ec88b3591389fc167d2d9b
CB1_TRAIN_M_CF2_RI2_TI2_R02,TRAIN,M,CF2,RI2,TI2,R02,CB1_TRAIN_BASE_M_CF2_R02,661222,661222002,662022211,663022211,664000000,665000000,train/CB1_TRAIN_M_CF2_RI2_TI2_R02.json,32e3609ed6052f34bd4ed78e14944158a6d5c3180055d52b0b561d2cb5c0d4e1
CB1_TRAIN_M_CF2_RI2_TI3_R02,TRAIN,M,CF2,RI2,TI3,R02,CB1_TRAIN_BASE_M_CF2_R02,661222,661222002,662022212,663022212,664000000,665000000,train/CB1_TRAIN_M_CF2_RI2_TI3_R02.json,e156a2cd1695e1009f359fa7e0847f69a61ca089b2df110f2bdc6c6af8aba82e
CB1_TRAIN_M_CF2_RI3_TI1_R02,TRAIN,M,CF2,RI3,TI1,R02,CB1_TRAIN_BASE_M_CF2_R02,661222,661222002,662022220,663022220,664000000,665000000,train/CB1_TRAIN_M_CF2_RI3_TI1_R02.json,36f2a87c4c75b25482a1a550301f5a707803a9605faa4774e114b14d3a789da4
CB1_TRAIN_M_CF2_RI3_TI2_R02,TRAIN,M,CF2,RI3,TI2,R02,CB1_TRAIN_BASE_M_CF2_R02,661222,661222002,662022221,663022221,664000000,665000000,train/CB1_TRAIN_M_CF2_RI3_TI2_R02.json,ba8396e32a50dfa43ed20d16c1bb3999e4d7a974360c6c7eba72dffe66912040
CB1_TRAIN_M_CF2_RI3_TI3_R02,TRAIN,M,CF2,RI3,TI3,R02,CB1_TRAIN_BASE_M_CF2_R02,661222,661222002,662022222,663022222,664000000,665000000,train/CB1_TRAIN_M_CF2_RI3_TI3_R02.json,ad0aeba8f01b6cfe63a88477c2817eafa865ecae06d00146b4443c580de59bdb
CB1_TRAIN_M_CF2_RI1_TI1_R03,TRAIN,M,CF2,RI1,TI1,R03,CB1_TRAIN_BASE_M_CF2_R03,661223,661223001,662022300,663022300,664000000,665000000,train/CB1_TRAIN_M_CF2_RI1_TI1_R03.json,bf349e8d0bee21335b000d057e7beeefdc307ba65df3973c14db7faf7813de5b
CB1_TRAIN_M_CF2_RI1_TI2_R03,TRAIN,M,CF2,RI1,TI2,R03,CB1_TRAIN_BASE_M_CF2_R03,661223,661223001,662022301,663022301,664000000,665000000,train/CB1_TRAIN_M_CF2_RI1_TI2_R03.json,b20691dafaa55af24825abb073dba3d6b004671bf06c9d999f5d6964a4c3b316
CB1_TRAIN_M_CF2_RI1_TI3_R03,TRAIN,M,CF2,RI1,TI3,R03,CB1_TRAIN_BASE_M_CF2_R03,661223,661223001,662022302,663022302,664000000,665000000,train/CB1_TRAIN_M_CF2_RI1_TI3_R03.json,acdc85dc2503a7993948bb4fce162fb1ef90d24a611376c31dc51292872bcc38
CB1_TRAIN_M_CF2_RI2_TI1_R03,TRAIN,M,CF2,RI2,TI1,R03,CB1_TRAIN_BASE_M_CF2_R03,661223,661223001,662022310,663022310,664000000,665000000,train/CB1_TRAIN_M_CF2_RI2_TI1_R03.json,bdadc6874d506ae6544fdad80ad85c28d6bbc514246dc0ec2a4e043df92bcb13
CB1_TRAIN_M_CF2_RI2_TI2_R03,TRAIN,M,CF2,RI2,TI2,R03,CB1_TRAIN_BASE_M_CF2_R03,661223,661223001,662022311,663022311,664000000,665000000,train/CB1_TRAIN_M_CF2_RI2_TI2_R03.json,8d870c7bbd3539e953c24872926c7510f13ec4a6775df11c688f44f04adcfaeb
CB1_TRAIN_M_CF2_RI2_TI3_R03,TRAIN,M,CF2,RI2,TI3,R03,CB1_TRAIN_BASE_M_CF2_R03,661223,661223001,662022312,663022312,664000000,665000000,train/CB1_TRAIN_M_CF2_RI2_TI3_R03.json,93e58c40c4d925ed3f54fb08ca5831d2ec222d2b59a7117cb44ea9bda30befa5
CB1_TRAIN_M_CF2_RI3_TI1_R03,TRAIN,M,CF2,RI3,TI1,R03,CB1_TRAIN_BASE_M_CF2_R03,661223,661223001,662022320,663022320,664000000,665000000,train/CB1_TRAIN_M_CF2_RI3_TI1_R03.json,f6b42899af63808bce269d25e33e2b43db0d13b8bf8416027889bf8a2fef1036
CB1_TRAIN_M_CF2_RI3_TI2_R03,TRAIN,M,CF2,RI3,TI2,R03,CB1_TRAIN_BASE_M_CF2_R03,661223,661223001,662022321,663022321,664000000,665000000,train/CB1_TRAIN_M_CF2_RI3_TI2_R03.json,7ec48941b6a0d339736215e586e080df6adfb7912995e92e593d6d04f962f299
CB1_TRAIN_M_CF2_RI3_TI3_R03,TRAIN,M,CF2,RI3,TI3,R03,CB1_TRAIN_BASE_M_CF2_R03,661223,661223001,662022322,663022322,664000000,665000000,train/CB1_TRAIN_M_CF2_RI3_TI3_R03.json,8dc7e0d2325ffc291244470c56673a80706bfa9db85014f12aef7f1669359f07
CB1_TRAIN_M_CF2_RI1_TI1_R04,TRAIN_VALIDATION,M,CF2,RI1,TI1,R04,CB1_TRAIN_BASE_M_CF2_R04,661224,661224002,662022400,663022400,664000000,665000000,train_validation/CB1_TRAIN_M_CF2_RI1_TI1_R04.json,25558e2fc287f2a8237f509aeafa84367cdd3ffa8e9c6f4d7e9c3435ae2b9f37
CB1_TRAIN_M_CF2_RI1_TI2_R04,TRAIN_VALIDATION,M,CF2,RI1,TI2,R04,CB1_TRAIN_BASE_M_CF2_R04,661224,661224002,662022401,663022401,664000000,665000000,train_validation/CB1_TRAIN_M_CF2_RI1_TI2_R04.json,0c546842e91f17275a2592852fcf16a6629058f402843cd03f9668e073fd8a5d
CB1_TRAIN_M_CF2_RI1_TI3_R04,TRAIN_VALIDATION,M,CF2,RI1,TI3,R04,CB1_TRAIN_BASE_M_CF2_R04,661224,661224002,662022402,663022402,664000000,665000000,train_validation/CB1_TRAIN_M_CF2_RI1_TI3_R04.json,a34bfce3f8e6588ae403f9bc99d40faf4e61d2fdaa3dce987fe0bff9aacd8172
CB1_TRAIN_M_CF2_RI2_TI1_R04,TRAIN_VALIDATION,M,CF2,RI2,TI1,R04,CB1_TRAIN_BASE_M_CF2_R04,661224,661224002,662022410,663022410,664000000,665000000,train_validation/CB1_TRAIN_M_CF2_RI2_TI1_R04.json,ff906f8b29ff1eeacc77c51acb648923c3cf239a133fc85e8cedd75bb0c73c04
CB1_TRAIN_M_CF2_RI2_TI2_R04,TRAIN_VALIDATION,M,CF2,RI2,TI2,R04,CB1_TRAIN_BASE_M_CF2_R04,661224,661224002,662022411,663022411,664000000,665000000,train_validation/CB1_TRAIN_M_CF2_RI2_TI2_R04.json,53601e572d6a2f6a86d0b6a29e742eeed73cf5131b85dab7e9e10ffbbed6ecc0
CB1_TRAIN_M_CF2_RI2_TI3_R04,TRAIN_VALIDATION,M,CF2,RI2,TI3,R04,CB1_TRAIN_BASE_M_CF2_R04,661224,661224002,662022412,663022412,664000000,665000000,train_validation/CB1_TRAIN_M_CF2_RI2_TI3_R04.json,877a50df376f4ea0539d5a55def4ceec2b9d395453a467059e9459df369dae5b
CB1_TRAIN_M_CF2_RI3_TI1_R04,TRAIN_VALIDATION,M,CF2,RI3,TI1,R04,CB1_TRAIN_BASE_M_CF2_R04,661224,661224002,662022420,663022420,664000000,665000000,train_validation/CB1_TRAIN_M_CF2_RI3_TI1_R04.json,b27f32dbf373eb982f6c4d97afa4805eeb9ffe19d304b680268945c1bdfdd1da
CB1_TRAIN_M_CF2_RI3_TI2_R04,TRAIN_VALIDATION,M,CF2,RI3,TI2,R04,CB1_TRAIN_BASE_M_CF2_R04,661224,661224002,662022421,663022421,664000000,665000000,train_validation/CB1_TRAIN_M_CF2_RI3_TI2_R04.json,e0cf1a41367910886979e98ce897747abd57cccb17a02a6d1e3f517a7bea2929
CB1_TRAIN_M_CF2_RI3_TI3_R04,TRAIN_VALIDATION,M,CF2,RI3,TI3,R04,CB1_TRAIN_BASE_M_CF2_R04,661224,661224002,662022422,663022422,664000000,665000000,train_validation/CB1_TRAIN_M_CF2_RI3_TI3_R04.json,7461ee1b8b7346283fd07c597d649d665a8716b76b3d5ee2e7bd27014d60b54c
CB1_TRAIN_M_CF2_RI1_TI1_R05,TRAIN_INTERNAL_HOLDOUT,M,CF2,RI1,TI1,R05,CB1_TRAIN_BASE_M_CF2_R05,661225,661225001,662022500,663022500,664000000,665000000,train_internal_holdout/CB1_TRAIN_M_CF2_RI1_TI1_R05.json,276d0480ff8bed8e9405f8b4bfcbc5af90fea4722605e7bea68cee299ce17d70
CB1_TRAIN_M_CF2_RI1_TI2_R05,TRAIN_INTERNAL_HOLDOUT,M,CF2,RI1,TI2,R05,CB1_TRAIN_BASE_M_CF2_R05,661225,661225001,662022501,663022501,664000000,665000000,train_internal_holdout/CB1_TRAIN_M_CF2_RI1_TI2_R05.json,8a035bd90978fc98f093448e54060ead7e5515ad6208e2585d93433d3bd4af1d
CB1_TRAIN_M_CF2_RI1_TI3_R05,TRAIN_INTERNAL_HOLDOUT,M,CF2,RI1,TI3,R05,CB1_TRAIN_BASE_M_CF2_R05,661225,661225001,662022502,663022502,664000000,665000000,train_internal_holdout/CB1_TRAIN_M_CF2_RI1_TI3_R05.json,fa2c1681f44311dba3d295b86885204e8ede831f58152cb7b7f93da383c57e21
CB1_TRAIN_M_CF2_RI2_TI1_R05,TRAIN_INTERNAL_HOLDOUT,M,CF2,RI2,TI1,R05,CB1_TRAIN_BASE_M_CF2_R05,661225,661225001,662022510,663022510,664000000,665000000,train_internal_holdout/CB1_TRAIN_M_CF2_RI2_TI1_R05.json,10f73fc7d3d16775c89d7ebbd5d8db062111e60837bdcb86204ef6ccf910aa67
CB1_TRAIN_M_CF2_RI2_TI2_R05,TRAIN_INTERNAL_HOLDOUT,M,CF2,RI2,TI2,R05,CB1_TRAIN_BASE_M_CF2_R05,661225,661225001,662022511,663022511,664000000,665000000,train_internal_holdout/CB1_TRAIN_M_CF2_RI2_TI2_R05.json,2c83cacb5310573c28af274802842f40d29b2fec97a1e95edb56125a89eec3fc
CB1_TRAIN_M_CF2_RI2_TI3_R05,TRAIN_INTERNAL_HOLDOUT,M,CF2,RI2,TI3,R05,CB1_TRAIN_BASE_M_CF2_R05,661225,661225001,662022512,663022512,664000000,665000000,train_internal_holdout/CB1_TRAIN_M_CF2_RI2_TI3_R05.json,21523574f5101413281d2c8a871bf5ca55f753e542e66cd4a3db81693e9e6229
CB1_TRAIN_M_CF2_RI3_TI1_R05,TRAIN_INTERNAL_HOLDOUT,M,CF2,RI3,TI1,R05,CB1_TRAIN_BASE_M_CF2_R05,661225,661225001,662022520,663022520,664000000,665000000,train_internal_holdout/CB1_TRAIN_M_CF2_RI3_TI1_R05.json,9a54c5737a2a40e58f25637f83ee8b8c2a1c72cd07d37631479c196a61873123
CB1_TRAIN_M_CF2_RI3_TI2_R05,TRAIN_INTERNAL_HOLDOUT,M,CF2,RI3,TI2,R05,CB1_TRAIN_BASE_M_CF2_R05,661225,661225001,662022521,663022521,664000000,665000000,train_internal_holdout/CB1_TRAIN_M_CF2_RI3_TI2_R05.json,0b79f2d8dc01487f397393dbce50fbb103b3a0545b5da2d5c2da6a26368c5753
CB1_TRAIN_M_CF2_RI3_TI3_R05,TRAIN_INTERNAL_HOLDOUT,M,CF2,RI3,TI3,R05,CB1_TRAIN_BASE_M_CF2_R05,661225,661225001,662022522,663022522,664000000,665000000,train_internal_holdout/CB1_TRAIN_M_CF2_RI3_TI3_R05.json,bccd9918156b314e582b078a956c67d1e6f61e5c285dd34bf681c781456c2d2c
CB1_TRAIN_M_CF3_RI1_TI1_R01,TRAIN,M,CF3,RI1,TI1,R01,CB1_TRAIN_BASE_M_CF3_R01,661231,661231001,662023100,663023100,664000000,665000000,train/CB1_TRAIN_M_CF3_RI1_TI1_R01.json,6915adec392713137a39614371fd268947bee03bb082db694be8bf35794b54d9
CB1_TRAIN_M_CF3_RI1_TI2_R01,TRAIN,M,CF3,RI1,TI2,R01,CB1_TRAIN_BASE_M_CF3_R01,661231,661231001,662023101,663023101,664000000,665000000,train/CB1_TRAIN_M_CF3_RI1_TI2_R01.json,b7508e14df726ae7313f1a5239aa7352fa120a79c231700753a433f221f39b32
CB1_TRAIN_M_CF3_RI1_TI3_R01,TRAIN,M,CF3,RI1,TI3,R01,CB1_TRAIN_BASE_M_CF3_R01,661231,661231001,662023102,663023102,664000000,665000000,train/CB1_TRAIN_M_CF3_RI1_TI3_R01.json,b411c2ca94df71dce2ada56f9be49ed93476d0eddef5a33ec9f1afc25fd6af61
CB1_TRAIN_M_CF3_RI2_TI1_R01,TRAIN,M,CF3,RI2,TI1,R01,CB1_TRAIN_BASE_M_CF3_R01,661231,661231001,662023110,663023110,664000000,665000000,train/CB1_TRAIN_M_CF3_RI2_TI1_R01.json,794e37ee781abd975c28ad9acbd81760afcc10eb2f250fa3b81c30640c2e57d9
CB1_TRAIN_M_CF3_RI2_TI2_R01,TRAIN,M,CF3,RI2,TI2,R01,CB1_TRAIN_BASE_M_CF3_R01,661231,661231001,662023111,663023111,664000000,665000000,train/CB1_TRAIN_M_CF3_RI2_TI2_R01.json,1670e9b119dfeb00dd5e1cc8201b24890442087ad107c48dfa21f4e11f3470fb
CB1_TRAIN_M_CF3_RI2_TI3_R01,TRAIN,M,CF3,RI2,TI3,R01,CB1_TRAIN_BASE_M_CF3_R01,661231,661231001,662023112,663023112,664000000,665000000,train/CB1_TRAIN_M_CF3_RI2_TI3_R01.json,f47bd92f4cca818e4687ba2ac22687f1708c0bd9516e748c3d8f3be9315fd918
CB1_TRAIN_M_CF3_RI3_TI1_R01,TRAIN,M,CF3,RI3,TI1,R01,CB1_TRAIN_BASE_M_CF3_R01,661231,661231001,662023120,663023120,664000000,665000000,train/CB1_TRAIN_M_CF3_RI3_TI1_R01.json,19c9ed1d5226a2574b4044772ea3e85df0b800fe912eaaebe7d36aa21b938e33
CB1_TRAIN_M_CF3_RI3_TI2_R01,TRAIN,M,CF3,RI3,TI2,R01,CB1_TRAIN_BASE_M_CF3_R01,661231,661231001,662023121,663023121,664000000,665000000,train/CB1_TRAIN_M_CF3_RI3_TI2_R01.json,d00784c1ddab117dfa96f135a7615164d8b0c0beeba16a88f23f561a9a71c276
CB1_TRAIN_M_CF3_RI3_TI3_R01,TRAIN,M,CF3,RI3,TI3,R01,CB1_TRAIN_BASE_M_CF3_R01,661231,661231001,662023122,663023122,664000000,665000000,train/CB1_TRAIN_M_CF3_RI3_TI3_R01.json,da9688e94b12cefb670555deb7ed2c5ecd33b06dbe2801c61641f17dc6f766b7
CB1_TRAIN_M_CF3_RI1_TI1_R02,TRAIN,M,CF3,RI1,TI1,R02,CB1_TRAIN_BASE_M_CF3_R02,661232,661232001,662023200,663023200,664000000,665000000,train/CB1_TRAIN_M_CF3_RI1_TI1_R02.json,a3e2aaec94c8d0df0155f07b93e823df53fcf43853c4a1fd7e0578a8377c8a72
CB1_TRAIN_M_CF3_RI1_TI2_R02,TRAIN,M,CF3,RI1,TI2,R02,CB1_TRAIN_BASE_M_CF3_R02,661232,661232001,662023201,663023201,664000000,665000000,train/CB1_TRAIN_M_CF3_RI1_TI2_R02.json,e50d04e3394ccdddf5bbcb9e9226c098862a09a444d9e1a3119a203584a7ff00
CB1_TRAIN_M_CF3_RI1_TI3_R02,TRAIN,M,CF3,RI1,TI3,R02,CB1_TRAIN_BASE_M_CF3_R02,661232,661232001,662023202,663023202,664000000,665000000,train/CB1_TRAIN_M_CF3_RI1_TI3_R02.json,5fdaf267a8d209faae2511195abcbd3a2e8145dc2e85763f5a7ab7b7a206fe11
CB1_TRAIN_M_CF3_RI2_TI1_R02,TRAIN,M,CF3,RI2,TI1,R02,CB1_TRAIN_BASE_M_CF3_R02,661232,661232001,662023210,663023210,664000000,665000000,train/CB1_TRAIN_M_CF3_RI2_TI1_R02.json,8adbf80e1a0d8a1cdfba5f4f0d8c95907334a759c6b65dea5a99495cc809e194
CB1_TRAIN_M_CF3_RI2_TI2_R02,TRAIN,M,CF3,RI2,TI2,R02,CB1_TRAIN_BASE_M_CF3_R02,661232,661232001,662023211,663023211,664000000,665000000,train/CB1_TRAIN_M_CF3_RI2_TI2_R02.json,0ecb64261b1a7e78ad05cdb5bd8d8391a62904a4c60be53ac5ef5ab187ae2035
CB1_TRAIN_M_CF3_RI2_TI3_R02,TRAIN,M,CF3,RI2,TI3,R02,CB1_TRAIN_BASE_M_CF3_R02,661232,661232001,662023212,663023212,664000000,665000000,train/CB1_TRAIN_M_CF3_RI2_TI3_R02.json,f7d0edd861cd515f1ec50a3ff6b015bbf64c4c552abe23be825631c17f22bafc
CB1_TRAIN_M_CF3_RI3_TI1_R02,TRAIN,M,CF3,RI3,TI1,R02,CB1_TRAIN_BASE_M_CF3_R02,661232,661232001,662023220,663023220,664000000,665000000,train/CB1_TRAIN_M_CF3_RI3_TI1_R02.json,2f9bc726c7e2c94d31814bfcdcbbedea8b1c7ae1291a2109d166310943661d48
CB1_TRAIN_M_CF3_RI3_TI2_R02,TRAIN,M,CF3,RI3,TI2,R02,CB1_TRAIN_BASE_M_CF3_R02,661232,661232001,662023221,663023221,664000000,665000000,train/CB1_TRAIN_M_CF3_RI3_TI2_R02.json,96f8fdb1b7298332bc57d513cca1a452c876af6200f4edcc42d6ea2426ed694c
CB1_TRAIN_M_CF3_RI3_TI3_R02,TRAIN,M,CF3,RI3,TI3,R02,CB1_TRAIN_BASE_M_CF3_R02,661232,661232001,662023222,663023222,664000000,665000000,train/CB1_TRAIN_M_CF3_RI3_TI3_R02.json,b574cdd359afec3ca5be52c8812e01b066de4eb82ff95ede74430232502ba0e2
CB1_TRAIN_M_CF3_RI1_TI1_R03,TRAIN,M,CF3,RI1,TI1,R03,CB1_TRAIN_BASE_M_CF3_R03,661233,661233001,662023300,663023300,664000000,665000000,train/CB1_TRAIN_M_CF3_RI1_TI1_R03.json,e0c05b94ab917b623b7cd4df155382a9cf55611b3b3af906f97087a51e92458c
CB1_TRAIN_M_CF3_RI1_TI2_R03,TRAIN,M,CF3,RI1,TI2,R03,CB1_TRAIN_BASE_M_CF3_R03,661233,661233001,662023301,663023301,664000000,665000000,train/CB1_TRAIN_M_CF3_RI1_TI2_R03.json,b65d67082fc543f57d6b4c92351fbb4d1124fd3b5094f8479944984994a00504
CB1_TRAIN_M_CF3_RI1_TI3_R03,TRAIN,M,CF3,RI1,TI3,R03,CB1_TRAIN_BASE_M_CF3_R03,661233,661233001,662023302,663023302,664000000,665000000,train/CB1_TRAIN_M_CF3_RI1_TI3_R03.json,0f904e8171a059a76f1ea158a1238377ee4e0869c00bfccbd08edbd5c11301fb
CB1_TRAIN_M_CF3_RI2_TI1_R03,TRAIN,M,CF3,RI2,TI1,R03,CB1_TRAIN_BASE_M_CF3_R03,661233,661233001,662023310,663023310,664000000,665000000,train/CB1_TRAIN_M_CF3_RI2_TI1_R03.json,5f58279cdc2cc641e37336f925d7a209c9d14587ff77cfca77390532bc50a776
CB1_TRAIN_M_CF3_RI2_TI2_R03,TRAIN,M,CF3,RI2,TI2,R03,CB1_TRAIN_BASE_M_CF3_R03,661233,661233001,662023311,663023311,664000000,665000000,train/CB1_TRAIN_M_CF3_RI2_TI2_R03.json,63050aa8322eff954ed731cdbd575891711756d852e8f20e8934e66981e31762
CB1_TRAIN_M_CF3_RI2_TI3_R03,TRAIN,M,CF3,RI2,TI3,R03,CB1_TRAIN_BASE_M_CF3_R03,661233,661233001,662023312,663023312,664000000,665000000,train/CB1_TRAIN_M_CF3_RI2_TI3_R03.json,a00efb21ece86a825d52adce379d32f501c3824c5a54f9bf0b15d8d98341acad
CB1_TRAIN_M_CF3_RI3_TI1_R03,TRAIN,M,CF3,RI3,TI1,R03,CB1_TRAIN_BASE_M_CF3_R03,661233,661233001,662023320,663023320,664000000,665000000,train/CB1_TRAIN_M_CF3_RI3_TI1_R03.json,3e09b5eec32d7633d9754ed4302f5db1fa976f541f4a7f0673c8ac6e009078ed
CB1_TRAIN_M_CF3_RI3_TI2_R03,TRAIN,M,CF3,RI3,TI2,R03,CB1_TRAIN_BASE_M_CF3_R03,661233,661233001,662023321,663023321,664000000,665000000,train/CB1_TRAIN_M_CF3_RI3_TI2_R03.json,d703b983f03553473a6b89a981546198a0e6bc2230fbfdb2fe4a8a2e06b8a353
CB1_TRAIN_M_CF3_RI3_TI3_R03,TRAIN,M,CF3,RI3,TI3,R03,CB1_TRAIN_BASE_M_CF3_R03,661233,661233001,662023322,663023322,664000000,665000000,train/CB1_TRAIN_M_CF3_RI3_TI3_R03.json,5f3aceaf5dcfd60574647537eb655430923c4014d37ec40de6f11ad3d1eb8ad5
CB1_TRAIN_M_CF3_RI1_TI1_R04,TRAIN_VALIDATION,M,CF3,RI1,TI1,R04,CB1_TRAIN_BASE_M_CF3_R04,661234,661234001,662023400,663023400,664000000,665000000,train_validation/CB1_TRAIN_M_CF3_RI1_TI1_R04.json,3397840de6ef76687d27383bd4c9229af9966778d70d50e06b5e2463c9fa7bf4
CB1_TRAIN_M_CF3_RI1_TI2_R04,TRAIN_VALIDATION,M,CF3,RI1,TI2,R04,CB1_TRAIN_BASE_M_CF3_R04,661234,661234001,662023401,663023401,664000000,665000000,train_validation/CB1_TRAIN_M_CF3_RI1_TI2_R04.json,78ff153c6e0779d2157e6c72b7998e36c5db4855bc018e4e736e45158617b679
CB1_TRAIN_M_CF3_RI1_TI3_R04,TRAIN_VALIDATION,M,CF3,RI1,TI3,R04,CB1_TRAIN_BASE_M_CF3_R04,661234,661234001,662023402,663023402,664000000,665000000,train_validation/CB1_TRAIN_M_CF3_RI1_TI3_R04.json,bffc6f052d7981dab27095d744debdc61bcdb3ba1088944dc76cf78415ca43a0
CB1_TRAIN_M_CF3_RI2_TI1_R04,TRAIN_VALIDATION,M,CF3,RI2,TI1,R04,CB1_TRAIN_BASE_M_CF3_R04,661234,661234001,662023410,663023410,664000000,665000000,train_validation/CB1_TRAIN_M_CF3_RI2_TI1_R04.json,e197b6fe4998ea850116890d52836b613fc9032885baf8aee38388df4c0b2bb1
CB1_TRAIN_M_CF3_RI2_TI2_R04,TRAIN_VALIDATION,M,CF3,RI2,TI2,R04,CB1_TRAIN_BASE_M_CF3_R04,661234,661234001,662023411,663023411,664000000,665000000,train_validation/CB1_TRAIN_M_CF3_RI2_TI2_R04.json,793b60e3e70c5471d23b4b0beec9f676fe149ca5f76154c8572877f69dd1a7e6
CB1_TRAIN_M_CF3_RI2_TI3_R04,TRAIN_VALIDATION,M,CF3,RI2,TI3,R04,CB1_TRAIN_BASE_M_CF3_R04,661234,661234001,662023412,663023412,664000000,665000000,train_validation/CB1_TRAIN_M_CF3_RI2_TI3_R04.json,39c9c9cbfb148caed8f2014d53ec982326679cd1f445b42c4039a3b05b4db53a
CB1_TRAIN_M_CF3_RI3_TI1_R04,TRAIN_VALIDATION,M,CF3,RI3,TI1,R04,CB1_TRAIN_BASE_M_CF3_R04,661234,661234001,662023420,663023420,664000000,665000000,train_validation/CB1_TRAIN_M_CF3_RI3_TI1_R04.json,f59900ce3b703a1c77d5501e9b00cb0cc8845169baedf524f7722d244ac7cd45
CB1_TRAIN_M_CF3_RI3_TI2_R04,TRAIN_VALIDATION,M,CF3,RI3,TI2,R04,CB1_TRAIN_BASE_M_CF3_R04,661234,661234001,662023421,663023421,664000000,665000000,train_validation/CB1_TRAIN_M_CF3_RI3_TI2_R04.json,c322cb5f7c21c8338c5b6ad1c530025500cbf92a19d87994a2897fb35affc618
CB1_TRAIN_M_CF3_RI3_TI3_R04,TRAIN_VALIDATION,M,CF3,RI3,TI3,R04,CB1_TRAIN_BASE_M_CF3_R04,661234,661234001,662023422,663023422,664000000,665000000,train_validation/CB1_TRAIN_M_CF3_RI3_TI3_R04.json,30e1463263221ea919e14ddbcbb3958fbafbecc9d686b48797f03efa83c0f16b
CB1_TRAIN_M_CF3_RI1_TI1_R05,TRAIN_INTERNAL_HOLDOUT,M,CF3,RI1,TI1,R05,CB1_TRAIN_BASE_M_CF3_R05,661235,661235001,662023500,663023500,664000000,665000000,train_internal_holdout/CB1_TRAIN_M_CF3_RI1_TI1_R05.json,adfbde5cfdb4a162cfb9e639fea8603ddd4c4100eb2d0b111ee163c94533c18d
CB1_TRAIN_M_CF3_RI1_TI2_R05,TRAIN_INTERNAL_HOLDOUT,M,CF3,RI1,TI2,R05,CB1_TRAIN_BASE_M_CF3_R05,661235,661235001,662023501,663023501,664000000,665000000,train_internal_holdout/CB1_TRAIN_M_CF3_RI1_TI2_R05.json,e96d34c7e631e8127e9a3546083573c65640ed78a6e077dd65b69524962e2ac2
CB1_TRAIN_M_CF3_RI1_TI3_R05,TRAIN_INTERNAL_HOLDOUT,M,CF3,RI1,TI3,R05,CB1_TRAIN_BASE_M_CF3_R05,661235,661235001,662023502,663023502,664000000,665000000,train_internal_holdout/CB1_TRAIN_M_CF3_RI1_TI3_R05.json,33024ebd9ca4e7dd0124ae0ae5e55a7b0977444c12add404463d567d4d80dc95
CB1_TRAIN_M_CF3_RI2_TI1_R05,TRAIN_INTERNAL_HOLDOUT,M,CF3,RI2,TI1,R05,CB1_TRAIN_BASE_M_CF3_R05,661235,661235001,662023510,663023510,664000000,665000000,train_internal_holdout/CB1_TRAIN_M_CF3_RI2_TI1_R05.json,db279b71c79c1f27e6e3948a0b5834cb625c7067822ace72ed7872291f0c39ab
CB1_TRAIN_M_CF3_RI2_TI2_R05,TRAIN_INTERNAL_HOLDOUT,M,CF3,RI2,TI2,R05,CB1_TRAIN_BASE_M_CF3_R05,661235,661235001,662023511,663023511,664000000,665000000,train_internal_holdout/CB1_TRAIN_M_CF3_RI2_TI2_R05.json,6e0950fc787f66f89899396284679b7fdbfb211b6d3964755a4352b7126db872
CB1_TRAIN_M_CF3_RI2_TI3_R05,TRAIN_INTERNAL_HOLDOUT,M,CF3,RI2,TI3,R05,CB1_TRAIN_BASE_M_CF3_R05,661235,661235001,662023512,663023512,664000000,665000000,train_internal_holdout/CB1_TRAIN_M_CF3_RI2_TI3_R05.json,d6cf857240850dedc174f9d5a7a4d8d53daed9263fbacc47f70226d1d5ba0775
CB1_TRAIN_M_CF3_RI3_TI1_R05,TRAIN_INTERNAL_HOLDOUT,M,CF3,RI3,TI1,R05,CB1_TRAIN_BASE_M_CF3_R05,661235,661235001,662023520,663023520,664000000,665000000,train_internal_holdout/CB1_TRAIN_M_CF3_RI3_TI1_R05.json,079c1a2ad144d625b72dcde7bf929de4617a0e6de5e77e691ec404ff5b364ee0
CB1_TRAIN_M_CF3_RI3_TI2_R05,TRAIN_INTERNAL_HOLDOUT,M,CF3,RI3,TI2,R05,CB1_TRAIN_BASE_M_CF3_R05,661235,661235001,662023521,663023521,664000000,665000000,train_internal_holdout/CB1_TRAIN_M_CF3_RI3_TI2_R05.json,e0b3a23accb367e16c227b39ca1e856c28d3383b52062d49e6da97fe20972283
CB1_TRAIN_M_CF3_RI3_TI3_R05,TRAIN_INTERNAL_HOLDOUT,M,CF3,RI3,TI3,R05,CB1_TRAIN_BASE_M_CF3_R05,661235,661235001,662023522,663023522,664000000,665000000,train_internal_holdout/CB1_TRAIN_M_CF3_RI3_TI3_R05.json,b9e747eba6f6a47f1c52bdc29ef9703126fb30c8b602e4ece4ddae28ec4902df
CB1_TRAIN_L_CF1_RI1_TI1_R01,TRAIN,L,CF1,RI1,TI1,R01,CB1_TRAIN_BASE_L_CF1_R01,661311,661311001,662031100,663031100,664000000,665000000,train/CB1_TRAIN_L_CF1_RI1_TI1_R01.json,b7bb9bdc2e7455445a545106eba64280888341c54c572f3d907eee4ebea60be4
CB1_TRAIN_L_CF1_RI1_TI2_R01,TRAIN,L,CF1,RI1,TI2,R01,CB1_TRAIN_BASE_L_CF1_R01,661311,661311001,662031101,663031101,664000000,665000000,train/CB1_TRAIN_L_CF1_RI1_TI2_R01.json,7dbc13ed811fd17bb3b78fc99273d12505ee2ae35fc15f5d4bbf7a50074c7935
CB1_TRAIN_L_CF1_RI1_TI3_R01,TRAIN,L,CF1,RI1,TI3,R01,CB1_TRAIN_BASE_L_CF1_R01,661311,661311001,662031102,663031102,664000000,665000000,train/CB1_TRAIN_L_CF1_RI1_TI3_R01.json,bbd914f88f40248ec72ff320cc145d7038e5206b0a182fdbd2afd69681897bda
CB1_TRAIN_L_CF1_RI2_TI1_R01,TRAIN,L,CF1,RI2,TI1,R01,CB1_TRAIN_BASE_L_CF1_R01,661311,661311001,662031110,663031110,664000000,665000000,train/CB1_TRAIN_L_CF1_RI2_TI1_R01.json,6ba39a18b36661fb347a650c02165393f87478137ec0581f9415f8320663b456
CB1_TRAIN_L_CF1_RI2_TI2_R01,TRAIN,L,CF1,RI2,TI2,R01,CB1_TRAIN_BASE_L_CF1_R01,661311,661311001,662031111,663031111,664000000,665000000,train/CB1_TRAIN_L_CF1_RI2_TI2_R01.json,09e215eaf98d989487a7221cb70b64cdb315517e4afbe52ce52a7df116f21ff0
CB1_TRAIN_L_CF1_RI2_TI3_R01,TRAIN,L,CF1,RI2,TI3,R01,CB1_TRAIN_BASE_L_CF1_R01,661311,661311001,662031112,663031112,664000000,665000000,train/CB1_TRAIN_L_CF1_RI2_TI3_R01.json,6baf565459afea8a771b66626b65a4de30d62bd675d4cc9005969bc72865e657
CB1_TRAIN_L_CF1_RI3_TI1_R01,TRAIN,L,CF1,RI3,TI1,R01,CB1_TRAIN_BASE_L_CF1_R01,661311,661311001,662031120,663031120,664000000,665000000,train/CB1_TRAIN_L_CF1_RI3_TI1_R01.json,540d171090bf767918052e7ad9b284bb576679912a4b681aeab76ddfeed76c0d
CB1_TRAIN_L_CF1_RI3_TI2_R01,TRAIN,L,CF1,RI3,TI2,R01,CB1_TRAIN_BASE_L_CF1_R01,661311,661311001,662031121,663031121,664000000,665000000,train/CB1_TRAIN_L_CF1_RI3_TI2_R01.json,ad9497da96778bd9bf1c12d9de223f4e8877ae989d8d37098b82132c64ffc0e6
CB1_TRAIN_L_CF1_RI3_TI3_R01,TRAIN,L,CF1,RI3,TI3,R01,CB1_TRAIN_BASE_L_CF1_R01,661311,661311001,662031122,663031122,664000000,665000000,train/CB1_TRAIN_L_CF1_RI3_TI3_R01.json,18b576ae5853ce9659843c4f9ce7551719212129050f2fa61532ef5440b241f4
CB1_TRAIN_L_CF1_RI1_TI1_R02,TRAIN,L,CF1,RI1,TI1,R02,CB1_TRAIN_BASE_L_CF1_R02,661312,661312001,662031200,663031200,664000000,665000000,train/CB1_TRAIN_L_CF1_RI1_TI1_R02.json,eef2f6e3297a6cfc5dc49245c6edec9370f7eebf83d8a7f3b258d3a4ba9669d4
CB1_TRAIN_L_CF1_RI1_TI2_R02,TRAIN,L,CF1,RI1,TI2,R02,CB1_TRAIN_BASE_L_CF1_R02,661312,661312001,662031201,663031201,664000000,665000000,train/CB1_TRAIN_L_CF1_RI1_TI2_R02.json,3ce954497e49ce87f6ff945828d1bef66bb57ee8404a0b8e9d7950f7e94d219a
CB1_TRAIN_L_CF1_RI1_TI3_R02,TRAIN,L,CF1,RI1,TI3,R02,CB1_TRAIN_BASE_L_CF1_R02,661312,661312001,662031202,663031202,664000000,665000000,train/CB1_TRAIN_L_CF1_RI1_TI3_R02.json,5ad262e4c9d081786edb63cb241253bde4f3d4098b7036968534c8d91b967572
CB1_TRAIN_L_CF1_RI2_TI1_R02,TRAIN,L,CF1,RI2,TI1,R02,CB1_TRAIN_BASE_L_CF1_R02,661312,661312001,662031210,663031210,664000000,665000000,train/CB1_TRAIN_L_CF1_RI2_TI1_R02.json,78b0446eac4725d428eb1481f15a4ac3574f0e26ddea184ba05b272f4c05d775
CB1_TRAIN_L_CF1_RI2_TI2_R02,TRAIN,L,CF1,RI2,TI2,R02,CB1_TRAIN_BASE_L_CF1_R02,661312,661312001,662031211,663031211,664000000,665000000,train/CB1_TRAIN_L_CF1_RI2_TI2_R02.json,95cdb82049a4393631ee2ee5d22cd69d29bc534ee7490d1f6999e6fb83a64671
CB1_TRAIN_L_CF1_RI2_TI3_R02,TRAIN,L,CF1,RI2,TI3,R02,CB1_TRAIN_BASE_L_CF1_R02,661312,661312001,662031212,663031212,664000000,665000000,train/CB1_TRAIN_L_CF1_RI2_TI3_R02.json,a0f7bcbddbbed4f303f066e3e4a1056bb0a6ad3f618ac1b99b7b28a8b84d6975
CB1_TRAIN_L_CF1_RI3_TI1_R02,TRAIN,L,CF1,RI3,TI1,R02,CB1_TRAIN_BASE_L_CF1_R02,661312,661312001,662031220,663031220,664000000,665000000,train/CB1_TRAIN_L_CF1_RI3_TI1_R02.json,e33096be527d2d0fe29a8d350534b09ef1435b1a74252d2928990ddaf42ed087
CB1_TRAIN_L_CF1_RI3_TI2_R02,TRAIN,L,CF1,RI3,TI2,R02,CB1_TRAIN_BASE_L_CF1_R02,661312,661312001,662031221,663031221,664000000,665000000,train/CB1_TRAIN_L_CF1_RI3_TI2_R02.json,8d57507ee01a3bddea40e65fdcfee1fab12c9a3037e013e1a9b39a3c45a05e0d
CB1_TRAIN_L_CF1_RI3_TI3_R02,TRAIN,L,CF1,RI3,TI3,R02,CB1_TRAIN_BASE_L_CF1_R02,661312,661312001,662031222,663031222,664000000,665000000,train/CB1_TRAIN_L_CF1_RI3_TI3_R02.json,15f3d5a3fee610766761a6e660531ed77e1553a6f3d7a92f6df9d5eecd30c498
CB1_TRAIN_L_CF1_RI1_TI1_R03,TRAIN,L,CF1,RI1,TI1,R03,CB1_TRAIN_BASE_L_CF1_R03,661313,661313001,662031300,663031300,664000000,665000000,train/CB1_TRAIN_L_CF1_RI1_TI1_R03.json,a03175f658133ce1e9f59c75521033061b2c162e50230f50c539f1d11e4456c8
CB1_TRAIN_L_CF1_RI1_TI2_R03,TRAIN,L,CF1,RI1,TI2,R03,CB1_TRAIN_BASE_L_CF1_R03,661313,661313001,662031301,663031301,664000000,665000000,train/CB1_TRAIN_L_CF1_RI1_TI2_R03.json,022085b84d0aabfd0b9afb1cb13ea7d0c5f701d330ec72b580e62b85f40dd3b0
CB1_TRAIN_L_CF1_RI1_TI3_R03,TRAIN,L,CF1,RI1,TI3,R03,CB1_TRAIN_BASE_L_CF1_R03,661313,661313001,662031302,663031302,664000000,665000000,train/CB1_TRAIN_L_CF1_RI1_TI3_R03.json,4f9956bae8076491d5750d41dddc5536084f241b37f0bf1c943b96db35cf6953
CB1_TRAIN_L_CF1_RI2_TI1_R03,TRAIN,L,CF1,RI2,TI1,R03,CB1_TRAIN_BASE_L_CF1_R03,661313,661313001,662031310,663031310,664000000,665000000,train/CB1_TRAIN_L_CF1_RI2_TI1_R03.json,9146347111663c75e173274d38815c57dda8539e6c16f239bf803d9944f05cf4
CB1_TRAIN_L_CF1_RI2_TI2_R03,TRAIN,L,CF1,RI2,TI2,R03,CB1_TRAIN_BASE_L_CF1_R03,661313,661313001,662031311,663031311,664000000,665000000,train/CB1_TRAIN_L_CF1_RI2_TI2_R03.json,834f16033a612c7eb0e6fbb2f4e7d624f4e9de72b630bf30f431bbabc2653c26
CB1_TRAIN_L_CF1_RI2_TI3_R03,TRAIN,L,CF1,RI2,TI3,R03,CB1_TRAIN_BASE_L_CF1_R03,661313,661313001,662031312,663031312,664000000,665000000,train/CB1_TRAIN_L_CF1_RI2_TI3_R03.json,dd1cc8981ffb2f4479a42cebe9d950e005e73201f1160d3b3f92f546368c44d8
CB1_TRAIN_L_CF1_RI3_TI1_R03,TRAIN,L,CF1,RI3,TI1,R03,CB1_TRAIN_BASE_L_CF1_R03,661313,661313001,662031320,663031320,664000000,665000000,train/CB1_TRAIN_L_CF1_RI3_TI1_R03.json,1a5f4e998c24fd6ac7e44e853e6cf17f65b2473d50ef9256b1e3881cb65fcff0
CB1_TRAIN_L_CF1_RI3_TI2_R03,TRAIN,L,CF1,RI3,TI2,R03,CB1_TRAIN_BASE_L_CF1_R03,661313,661313001,662031321,663031321,664000000,665000000,train/CB1_TRAIN_L_CF1_RI3_TI2_R03.json,6fe2982ba863b60850979b110969b7aafb15199773480e3684f15ef072e90899
CB1_TRAIN_L_CF1_RI3_TI3_R03,TRAIN,L,CF1,RI3,TI3,R03,CB1_TRAIN_BASE_L_CF1_R03,661313,661313001,662031322,663031322,664000000,665000000,train/CB1_TRAIN_L_CF1_RI3_TI3_R03.json,07fb8e8a9b0b53e4ce4dc07c2328428fb1a87ff7e89f8e1849fde25439d778df
CB1_TRAIN_L_CF1_RI1_TI1_R04,TRAIN_VALIDATION,L,CF1,RI1,TI1,R04,CB1_TRAIN_BASE_L_CF1_R04,661314,661314002,662031400,663031400,664000000,665000000,train_validation/CB1_TRAIN_L_CF1_RI1_TI1_R04.json,c105f0ff0f08af09b490f1416bc9e82a90e22a801d9b65d1d258a8ca790a7b28
CB1_TRAIN_L_CF1_RI1_TI2_R04,TRAIN_VALIDATION,L,CF1,RI1,TI2,R04,CB1_TRAIN_BASE_L_CF1_R04,661314,661314002,662031401,663031401,664000000,665000000,train_validation/CB1_TRAIN_L_CF1_RI1_TI2_R04.json,503f6c41f51cd807dd764b9d4888ba52a16d457fff68d667dd3031c5e37cc4e0
CB1_TRAIN_L_CF1_RI1_TI3_R04,TRAIN_VALIDATION,L,CF1,RI1,TI3,R04,CB1_TRAIN_BASE_L_CF1_R04,661314,661314002,662031402,663031402,664000000,665000000,train_validation/CB1_TRAIN_L_CF1_RI1_TI3_R04.json,89fbe6cb5a39a8f852479ab6a9ddbf6121d7b1f960ce628d626c0a0cae740adc
CB1_TRAIN_L_CF1_RI2_TI1_R04,TRAIN_VALIDATION,L,CF1,RI2,TI1,R04,CB1_TRAIN_BASE_L_CF1_R04,661314,661314002,662031410,663031410,664000000,665000000,train_validation/CB1_TRAIN_L_CF1_RI2_TI1_R04.json,5493bc8af6af1191b19009aa8f61896049d7157ccd5d2c0db6c443ea71562fdb
CB1_TRAIN_L_CF1_RI2_TI2_R04,TRAIN_VALIDATION,L,CF1,RI2,TI2,R04,CB1_TRAIN_BASE_L_CF1_R04,661314,661314002,662031411,663031411,664000000,665000000,train_validation/CB1_TRAIN_L_CF1_RI2_TI2_R04.json,096853cca7ce5ea95f458a47bb0e0aef7b757dbcbc4a3d764406aa203a3b0890
CB1_TRAIN_L_CF1_RI2_TI3_R04,TRAIN_VALIDATION,L,CF1,RI2,TI3,R04,CB1_TRAIN_BASE_L_CF1_R04,661314,661314002,662031412,663031412,664000000,665000000,train_validation/CB1_TRAIN_L_CF1_RI2_TI3_R04.json,928b87e671ab88c92aa9010ef7e1fdd821dee93997819048159cd802ac9945a0
CB1_TRAIN_L_CF1_RI3_TI1_R04,TRAIN_VALIDATION,L,CF1,RI3,TI1,R04,CB1_TRAIN_BASE_L_CF1_R04,661314,661314002,662031420,663031420,664000000,665000000,train_validation/CB1_TRAIN_L_CF1_RI3_TI1_R04.json,845ee7b977699e6ea386cadadad47d67695345b75fa6cb0a0688d460f98500f2
CB1_TRAIN_L_CF1_RI3_TI2_R04,TRAIN_VALIDATION,L,CF1,RI3,TI2,R04,CB1_TRAIN_BASE_L_CF1_R04,661314,661314002,662031421,663031421,664000000,665000000,train_validation/CB1_TRAIN_L_CF1_RI3_TI2_R04.json,7f80dedb5e09bfed449bf4c857fae9a8e242c233b80040731d3165f3ee6ca177
CB1_TRAIN_L_CF1_RI3_TI3_R04,TRAIN_VALIDATION,L,CF1,RI3,TI3,R04,CB1_TRAIN_BASE_L_CF1_R04,661314,661314002,662031422,663031422,664000000,665000000,train_validation/CB1_TRAIN_L_CF1_RI3_TI3_R04.json,eb0b856a682dd3632af5677fa35df965a4392c503e13bae127767da0a980f2a9
CB1_TRAIN_L_CF1_RI1_TI1_R05,TRAIN_INTERNAL_HOLDOUT,L,CF1,RI1,TI1,R05,CB1_TRAIN_BASE_L_CF1_R05,661315,661315001,662031500,663031500,664000000,665000000,train_internal_holdout/CB1_TRAIN_L_CF1_RI1_TI1_R05.json,f8a1b01a948553f43db54b2f92920ed03b79d773d8337d633b095e415fa29f97
CB1_TRAIN_L_CF1_RI1_TI2_R05,TRAIN_INTERNAL_HOLDOUT,L,CF1,RI1,TI2,R05,CB1_TRAIN_BASE_L_CF1_R05,661315,661315001,662031501,663031501,664000000,665000000,train_internal_holdout/CB1_TRAIN_L_CF1_RI1_TI2_R05.json,83183ffecc3d5e47ccb3ebee2373adc49f8979d7023fbfb9db8e6280b42dda83
CB1_TRAIN_L_CF1_RI1_TI3_R05,TRAIN_INTERNAL_HOLDOUT,L,CF1,RI1,TI3,R05,CB1_TRAIN_BASE_L_CF1_R05,661315,661315001,662031502,663031502,664000000,665000000,train_internal_holdout/CB1_TRAIN_L_CF1_RI1_TI3_R05.json,57a96ec3d7b3cf468382b870c37a3864c61f25d04b77f630cfb5d32563f09ad4
CB1_TRAIN_L_CF1_RI2_TI1_R05,TRAIN_INTERNAL_HOLDOUT,L,CF1,RI2,TI1,R05,CB1_TRAIN_BASE_L_CF1_R05,661315,661315001,662031510,663031510,664000000,665000000,train_internal_holdout/CB1_TRAIN_L_CF1_RI2_TI1_R05.json,ed87dfe0447fa3721229327b24f289596620fd577e44f65cdd869a727e57b8d7
CB1_TRAIN_L_CF1_RI2_TI2_R05,TRAIN_INTERNAL_HOLDOUT,L,CF1,RI2,TI2,R05,CB1_TRAIN_BASE_L_CF1_R05,661315,661315001,662031511,663031511,664000000,665000000,train_internal_holdout/CB1_TRAIN_L_CF1_RI2_TI2_R05.json,9d81b151905bf3670e05831fa1895267ddbc5359c3fe47754188426cf9668f87
CB1_TRAIN_L_CF1_RI2_TI3_R05,TRAIN_INTERNAL_HOLDOUT,L,CF1,RI2,TI3,R05,CB1_TRAIN_BASE_L_CF1_R05,661315,661315001,662031512,663031512,664000000,665000000,train_internal_holdout/CB1_TRAIN_L_CF1_RI2_TI3_R05.json,1933412857e1c25ef901bb79e011e216765cdf5f0ad75b080f7b94e3bd5a9259
CB1_TRAIN_L_CF1_RI3_TI1_R05,TRAIN_INTERNAL_HOLDOUT,L,CF1,RI3,TI1,R05,CB1_TRAIN_BASE_L_CF1_R05,661315,661315001,662031520,663031520,664000000,665000000,train_internal_holdout/CB1_TRAIN_L_CF1_RI3_TI1_R05.json,90794d2e64e1db6a164b2e65b49dd6dd70466208622a041ffeaec295334ee072
CB1_TRAIN_L_CF1_RI3_TI2_R05,TRAIN_INTERNAL_HOLDOUT,L,CF1,RI3,TI2,R05,CB1_TRAIN_BASE_L_CF1_R05,661315,661315001,662031521,663031521,664000000,665000000,train_internal_holdout/CB1_TRAIN_L_CF1_RI3_TI2_R05.json,c8d7dc8ed270f7e4d1c34505cce44919cf9efdbb8b74df34e53e8f0ff515442a
CB1_TRAIN_L_CF1_RI3_TI3_R05,TRAIN_INTERNAL_HOLDOUT,L,CF1,RI3,TI3,R05,CB1_TRAIN_BASE_L_CF1_R05,661315,661315001,662031522,663031522,664000000,665000000,train_internal_holdout/CB1_TRAIN_L_CF1_RI3_TI3_R05.json,fb1a5cba917a802d75bf3c406b04d46e8197eff0757e9184e77a1219ebaf4ab0
CB1_TRAIN_L_CF2_RI1_TI1_R01,TRAIN,L,CF2,RI1,TI1,R01,CB1_TRAIN_BASE_L_CF2_R01,661321,661321001,662032100,663032100,664000000,665000000,train/CB1_TRAIN_L_CF2_RI1_TI1_R01.json,a0b06992fe58a09287e7946b1faf599aa122d542c6ed769146bd5446106c608c
CB1_TRAIN_L_CF2_RI1_TI2_R01,TRAIN,L,CF2,RI1,TI2,R01,CB1_TRAIN_BASE_L_CF2_R01,661321,661321001,662032101,663032101,664000000,665000000,train/CB1_TRAIN_L_CF2_RI1_TI2_R01.json,1b60d66e390955fbbfd3396c587a32db0780f69f9b93e51dc5633d34d4bd80bb
CB1_TRAIN_L_CF2_RI1_TI3_R01,TRAIN,L,CF2,RI1,TI3,R01,CB1_TRAIN_BASE_L_CF2_R01,661321,661321001,662032102,663032102,664000000,665000000,train/CB1_TRAIN_L_CF2_RI1_TI3_R01.json,1f142dd2bb9959fe4360b2181f67763f7e6c883639787571399b23937dc75d36
CB1_TRAIN_L_CF2_RI2_TI1_R01,TRAIN,L,CF2,RI2,TI1,R01,CB1_TRAIN_BASE_L_CF2_R01,661321,661321001,662032110,663032110,664000000,665000000,train/CB1_TRAIN_L_CF2_RI2_TI1_R01.json,08d10a9a19893a6100d0f9b855b019d7ad7f87fb54285dc6ee60d45b8268d7ca
CB1_TRAIN_L_CF2_RI2_TI2_R01,TRAIN,L,CF2,RI2,TI2,R01,CB1_TRAIN_BASE_L_CF2_R01,661321,661321001,662032111,663032111,664000000,665000000,train/CB1_TRAIN_L_CF2_RI2_TI2_R01.json,091ac5d759ec87539100609f2fb4efb449351c45d29f90f0039c8eceec3001ac
CB1_TRAIN_L_CF2_RI2_TI3_R01,TRAIN,L,CF2,RI2,TI3,R01,CB1_TRAIN_BASE_L_CF2_R01,661321,661321001,662032112,663032112,664000000,665000000,train/CB1_TRAIN_L_CF2_RI2_TI3_R01.json,d7242bf4999a9bff12da5d6ccfcb65a7e2c09ebf3db7369d5877ebdf92f839ec
CB1_TRAIN_L_CF2_RI3_TI1_R01,TRAIN,L,CF2,RI3,TI1,R01,CB1_TRAIN_BASE_L_CF2_R01,661321,661321001,662032120,663032120,664000000,665000000,train/CB1_TRAIN_L_CF2_RI3_TI1_R01.json,b34af09a13bf3838e32d5a4f61030c62befd726f18e3960f97ad6448ad1d50c1
CB1_TRAIN_L_CF2_RI3_TI2_R01,TRAIN,L,CF2,RI3,TI2,R01,CB1_TRAIN_BASE_L_CF2_R01,661321,661321001,662032121,663032121,664000000,665000000,train/CB1_TRAIN_L_CF2_RI3_TI2_R01.json,114cb29a272b4bfa729db01300f23219c7da4ab2cd4a12cce3108cb242db47c7
CB1_TRAIN_L_CF2_RI3_TI3_R01,TRAIN,L,CF2,RI3,TI3,R01,CB1_TRAIN_BASE_L_CF2_R01,661321,661321001,662032122,663032122,664000000,665000000,train/CB1_TRAIN_L_CF2_RI3_TI3_R01.json,3a977a7fba13f8f41035e2f8dbe0d819c63dc9e6f5da101d3c623f7a78677f13
CB1_TRAIN_L_CF2_RI1_TI1_R02,TRAIN,L,CF2,RI1,TI1,R02,CB1_TRAIN_BASE_L_CF2_R02,661322,661322002,662032200,663032200,664000000,665000000,train/CB1_TRAIN_L_CF2_RI1_TI1_R02.json,de9864b8bf43d6de4cdcccc47988bf44804b0cd4b65004cdb3ace48705b3ce73
CB1_TRAIN_L_CF2_RI1_TI2_R02,TRAIN,L,CF2,RI1,TI2,R02,CB1_TRAIN_BASE_L_CF2_R02,661322,661322002,662032201,663032201,664000000,665000000,train/CB1_TRAIN_L_CF2_RI1_TI2_R02.json,df15d7a8fe2eae6d96786954171cd1cee02f44f857073ab429ae94bd6018076b
CB1_TRAIN_L_CF2_RI1_TI3_R02,TRAIN,L,CF2,RI1,TI3,R02,CB1_TRAIN_BASE_L_CF2_R02,661322,661322002,662032202,663032202,664000000,665000000,train/CB1_TRAIN_L_CF2_RI1_TI3_R02.json,cf864330ab2aae489b65e73fe71f40d4ecdf99634600f04d37e696d8e23b6972
CB1_TRAIN_L_CF2_RI2_TI1_R02,TRAIN,L,CF2,RI2,TI1,R02,CB1_TRAIN_BASE_L_CF2_R02,661322,661322002,662032210,663032210,664000000,665000000,train/CB1_TRAIN_L_CF2_RI2_TI1_R02.json,b0552c1c6c120593feba3e92ec0609a986c3d74a994cf90f57283eaef2179b03
CB1_TRAIN_L_CF2_RI2_TI2_R02,TRAIN,L,CF2,RI2,TI2,R02,CB1_TRAIN_BASE_L_CF2_R02,661322,661322002,662032211,663032211,664000000,665000000,train/CB1_TRAIN_L_CF2_RI2_TI2_R02.json,f03a02a5541a43b2c69a3dbc46de0b82cef6b6db8666f980b0ce0b854d32ff9c
CB1_TRAIN_L_CF2_RI2_TI3_R02,TRAIN,L,CF2,RI2,TI3,R02,CB1_TRAIN_BASE_L_CF2_R02,661322,661322002,662032212,663032212,664000000,665000000,train/CB1_TRAIN_L_CF2_RI2_TI3_R02.json,32dffcf309dcea48c9768af1e33f1da1cdd4818cfb4d87b3924cb0e5ed2dbd01
CB1_TRAIN_L_CF2_RI3_TI1_R02,TRAIN,L,CF2,RI3,TI1,R02,CB1_TRAIN_BASE_L_CF2_R02,661322,661322002,662032220,663032220,664000000,665000000,train/CB1_TRAIN_L_CF2_RI3_TI1_R02.json,f71156b9b5461b5365ddf75f6acd67ac3c607a10d4996ffd5dc3e7497e0eddcd
CB1_TRAIN_L_CF2_RI3_TI2_R02,TRAIN,L,CF2,RI3,TI2,R02,CB1_TRAIN_BASE_L_CF2_R02,661322,661322002,662032221,663032221,664000000,665000000,train/CB1_TRAIN_L_CF2_RI3_TI2_R02.json,49ea7dfbcdd3215cb507ce044ebbea1f53fcd4023089740e1ccdc19551af7c1c
CB1_TRAIN_L_CF2_RI3_TI3_R02,TRAIN,L,CF2,RI3,TI3,R02,CB1_TRAIN_BASE_L_CF2_R02,661322,661322002,662032222,663032222,664000000,665000000,train/CB1_TRAIN_L_CF2_RI3_TI3_R02.json,4803dde31ac5474813d3547ec0fc99a4e0d0913d76560b5fc2bded34bb967a1b
CB1_TRAIN_L_CF2_RI1_TI1_R03,TRAIN,L,CF2,RI1,TI1,R03,CB1_TRAIN_BASE_L_CF2_R03,661323,661323001,662032300,663032300,664000000,665000000,train/CB1_TRAIN_L_CF2_RI1_TI1_R03.json,6695a151320ac43df68e670b4ee320517924444a5103fc6b5da36309fc3c70eb
CB1_TRAIN_L_CF2_RI1_TI2_R03,TRAIN,L,CF2,RI1,TI2,R03,CB1_TRAIN_BASE_L_CF2_R03,661323,661323001,662032301,663032301,664000000,665000000,train/CB1_TRAIN_L_CF2_RI1_TI2_R03.json,b358e0b3164a5a6e5a40c907b99727ab77f4030fd696a1aa78e70b1603e51cc7
CB1_TRAIN_L_CF2_RI1_TI3_R03,TRAIN,L,CF2,RI1,TI3,R03,CB1_TRAIN_BASE_L_CF2_R03,661323,661323001,662032302,663032302,664000000,665000000,train/CB1_TRAIN_L_CF2_RI1_TI3_R03.json,1a1867543739692129b219e1808a5dd0b5b202d8f53a53d81afe04633870badf
CB1_TRAIN_L_CF2_RI2_TI1_R03,TRAIN,L,CF2,RI2,TI1,R03,CB1_TRAIN_BASE_L_CF2_R03,661323,661323001,662032310,663032310,664000000,665000000,train/CB1_TRAIN_L_CF2_RI2_TI1_R03.json,0a0b837b1b0b3698f9dc7315e8f671370d0bcfd95f4e0f16ad4b4832f760f9e6
CB1_TRAIN_L_CF2_RI2_TI2_R03,TRAIN,L,CF2,RI2,TI2,R03,CB1_TRAIN_BASE_L_CF2_R03,661323,661323001,662032311,663032311,664000000,665000000,train/CB1_TRAIN_L_CF2_RI2_TI2_R03.json,ccc6c5053df3e747dcaa79341ac28ef0789fd2617836f301edc90be9cf97b5ae
CB1_TRAIN_L_CF2_RI2_TI3_R03,TRAIN,L,CF2,RI2,TI3,R03,CB1_TRAIN_BASE_L_CF2_R03,661323,661323001,662032312,663032312,664000000,665000000,train/CB1_TRAIN_L_CF2_RI2_TI3_R03.json,e85a13124fba0b6afec35a02cf2767f38a8aa87698cb31bdd6bb88b10dc7c1a0
CB1_TRAIN_L_CF2_RI3_TI1_R03,TRAIN,L,CF2,RI3,TI1,R03,CB1_TRAIN_BASE_L_CF2_R03,661323,661323001,662032320,663032320,664000000,665000000,train/CB1_TRAIN_L_CF2_RI3_TI1_R03.json,2d5ee4d5b07e6e7dc9ef7fd24375713446924fd6909ebb4b2f3cdb993ab28913
CB1_TRAIN_L_CF2_RI3_TI2_R03,TRAIN,L,CF2,RI3,TI2,R03,CB1_TRAIN_BASE_L_CF2_R03,661323,661323001,662032321,663032321,664000000,665000000,train/CB1_TRAIN_L_CF2_RI3_TI2_R03.json,6a3d71e800cca91a67d024589dede939ab4457e36aac1fb54b75f4a7d1367dcf
CB1_TRAIN_L_CF2_RI3_TI3_R03,TRAIN,L,CF2,RI3,TI3,R03,CB1_TRAIN_BASE_L_CF2_R03,661323,661323001,662032322,663032322,664000000,665000000,train/CB1_TRAIN_L_CF2_RI3_TI3_R03.json,71504b7536f9129f693bd3a144c87a97c34756c8cfd8dd1386910f67f623fe5f
CB1_TRAIN_L_CF2_RI1_TI1_R04,TRAIN_VALIDATION,L,CF2,RI1,TI1,R04,CB1_TRAIN_BASE_L_CF2_R04,661324,661324001,662032400,663032400,664000000,665000000,train_validation/CB1_TRAIN_L_CF2_RI1_TI1_R04.json,cceb3556148abd2e968dd2352fbaf7df654b80cc83b2f573b035e2e2519976b1
CB1_TRAIN_L_CF2_RI1_TI2_R04,TRAIN_VALIDATION,L,CF2,RI1,TI2,R04,CB1_TRAIN_BASE_L_CF2_R04,661324,661324001,662032401,663032401,664000000,665000000,train_validation/CB1_TRAIN_L_CF2_RI1_TI2_R04.json,2fb49192ce55af1d6e77f99e90887f187738109d295e9f576496b2d00b52fde0
CB1_TRAIN_L_CF2_RI1_TI3_R04,TRAIN_VALIDATION,L,CF2,RI1,TI3,R04,CB1_TRAIN_BASE_L_CF2_R04,661324,661324001,662032402,663032402,664000000,665000000,train_validation/CB1_TRAIN_L_CF2_RI1_TI3_R04.json,1c646b475799388b69ef5af12f4e07c1e1b483cd78c11dcc59649832732b3ac5
CB1_TRAIN_L_CF2_RI2_TI1_R04,TRAIN_VALIDATION,L,CF2,RI2,TI1,R04,CB1_TRAIN_BASE_L_CF2_R04,661324,661324001,662032410,663032410,664000000,665000000,train_validation/CB1_TRAIN_L_CF2_RI2_TI1_R04.json,d24f13f6081a54ecf34ef51543608341a1fd1067ab37568f272be04041189ac8
CB1_TRAIN_L_CF2_RI2_TI2_R04,TRAIN_VALIDATION,L,CF2,RI2,TI2,R04,CB1_TRAIN_BASE_L_CF2_R04,661324,661324001,662032411,663032411,664000000,665000000,train_validation/CB1_TRAIN_L_CF2_RI2_TI2_R04.json,29663360c240dd6d215e14c39e06963cebaca44daaf835c13cd2f5ea2298c201
CB1_TRAIN_L_CF2_RI2_TI3_R04,TRAIN_VALIDATION,L,CF2,RI2,TI3,R04,CB1_TRAIN_BASE_L_CF2_R04,661324,661324001,662032412,663032412,664000000,665000000,train_validation/CB1_TRAIN_L_CF2_RI2_TI3_R04.json,2c762674faebc702a666ee158a2149b0e106e9019d891d3b185cb77603625c51
CB1_TRAIN_L_CF2_RI3_TI1_R04,TRAIN_VALIDATION,L,CF2,RI3,TI1,R04,CB1_TRAIN_BASE_L_CF2_R04,661324,661324001,662032420,663032420,664000000,665000000,train_validation/CB1_TRAIN_L_CF2_RI3_TI1_R04.json,fce04aad4c5100eda1f8702c51b6c706bf30ebb99e7f59318b4417d2121b6a39
CB1_TRAIN_L_CF2_RI3_TI2_R04,TRAIN_VALIDATION,L,CF2,RI3,TI2,R04,CB1_TRAIN_BASE_L_CF2_R04,661324,661324001,662032421,663032421,664000000,665000000,train_validation/CB1_TRAIN_L_CF2_RI3_TI2_R04.json,316a7ee7f943be755e4b8ca39b6e6a00d0c997c2060231015d12ea3f1a9e0d6e
CB1_TRAIN_L_CF2_RI3_TI3_R04,TRAIN_VALIDATION,L,CF2,RI3,TI3,R04,CB1_TRAIN_BASE_L_CF2_R04,661324,661324001,662032422,663032422,664000000,665000000,train_validation/CB1_TRAIN_L_CF2_RI3_TI3_R04.json,041b663a71c80238469e52e07fc92385eb8702fda449636aa22e465e0b53c95c
CB1_TRAIN_L_CF2_RI1_TI1_R05,TRAIN_INTERNAL_HOLDOUT,L,CF2,RI1,TI1,R05,CB1_TRAIN_BASE_L_CF2_R05,661325,661325001,662032500,663032500,664000000,665000000,train_internal_holdout/CB1_TRAIN_L_CF2_RI1_TI1_R05.json,1b41044dbd75bd7e154dd8245e8f9aedac152ab6957f0a8ee3cead249f0ce04d
CB1_TRAIN_L_CF2_RI1_TI2_R05,TRAIN_INTERNAL_HOLDOUT,L,CF2,RI1,TI2,R05,CB1_TRAIN_BASE_L_CF2_R05,661325,661325001,662032501,663032501,664000000,665000000,train_internal_holdout/CB1_TRAIN_L_CF2_RI1_TI2_R05.json,327ca6b30a625bbd304b9f814c79fa487473256ec9aec3558dea6f9dcc457295
CB1_TRAIN_L_CF2_RI1_TI3_R05,TRAIN_INTERNAL_HOLDOUT,L,CF2,RI1,TI3,R05,CB1_TRAIN_BASE_L_CF2_R05,661325,661325001,662032502,663032502,664000000,665000000,train_internal_holdout/CB1_TRAIN_L_CF2_RI1_TI3_R05.json,0e3f856eda043f04794240e030d5098be2334a400bf59f710bc88ffa60b2a7db
CB1_TRAIN_L_CF2_RI2_TI1_R05,TRAIN_INTERNAL_HOLDOUT,L,CF2,RI2,TI1,R05,CB1_TRAIN_BASE_L_CF2_R05,661325,661325001,662032510,663032510,664000000,665000000,train_internal_holdout/CB1_TRAIN_L_CF2_RI2_TI1_R05.json,c061fa088fd4088c679f6b88bec9563b0278b12a4913fd3e058087c458d53438
CB1_TRAIN_L_CF2_RI2_TI2_R05,TRAIN_INTERNAL_HOLDOUT,L,CF2,RI2,TI2,R05,CB1_TRAIN_BASE_L_CF2_R05,661325,661325001,662032511,663032511,664000000,665000000,train_internal_holdout/CB1_TRAIN_L_CF2_RI2_TI2_R05.json,ca42ec2529915a2f5d530e3c767e7d550ab3811f62c93c37895debbddfe368cd
CB1_TRAIN_L_CF2_RI2_TI3_R05,TRAIN_INTERNAL_HOLDOUT,L,CF2,RI2,TI3,R05,CB1_TRAIN_BASE_L_CF2_R05,661325,661325001,662032512,663032512,664000000,665000000,train_internal_holdout/CB1_TRAIN_L_CF2_RI2_TI3_R05.json,0c8185e062e8c162a1e2378acd5d06c6afbaa88cb8eff843cba7f9e0ebac5775
CB1_TRAIN_L_CF2_RI3_TI1_R05,TRAIN_INTERNAL_HOLDOUT,L,CF2,RI3,TI1,R05,CB1_TRAIN_BASE_L_CF2_R05,661325,661325001,662032520,663032520,664000000,665000000,train_internal_holdout/CB1_TRAIN_L_CF2_RI3_TI1_R05.json,6dd8cdc4eba35d93e37246fdb1369e3d710f6c49842fe76c277ac7da43e9cc88
CB1_TRAIN_L_CF2_RI3_TI2_R05,TRAIN_INTERNAL_HOLDOUT,L,CF2,RI3,TI2,R05,CB1_TRAIN_BASE_L_CF2_R05,661325,661325001,662032521,663032521,664000000,665000000,train_internal_holdout/CB1_TRAIN_L_CF2_RI3_TI2_R05.json,3cbb2864b002ec62d209cb6e0ff6211545168500977e03fe9fc13124e111f9fb
CB1_TRAIN_L_CF2_RI3_TI3_R05,TRAIN_INTERNAL_HOLDOUT,L,CF2,RI3,TI3,R05,CB1_TRAIN_BASE_L_CF2_R05,661325,661325001,662032522,663032522,664000000,665000000,train_internal_holdout/CB1_TRAIN_L_CF2_RI3_TI3_R05.json,b3e3cb2e2f0ad2d81f92da7f19e2835eeacf2471472b02acc0bf078851573e8b
CB1_TRAIN_L_CF3_RI1_TI1_R01,TRAIN,L,CF3,RI1,TI1,R01,CB1_TRAIN_BASE_L_CF3_R01,661331,661331001,662033100,663033100,664000000,665000000,train/CB1_TRAIN_L_CF3_RI1_TI1_R01.json,8cabaed772e91ff288b270ef3b66f824f47b74d0817ac5d9f7d812923e0f4418
CB1_TRAIN_L_CF3_RI1_TI2_R01,TRAIN,L,CF3,RI1,TI2,R01,CB1_TRAIN_BASE_L_CF3_R01,661331,661331001,662033101,663033101,664000000,665000000,train/CB1_TRAIN_L_CF3_RI1_TI2_R01.json,494872d919e7203f5fe853b5895c4db75492ee70f25f5f42020c129e75874ed0
CB1_TRAIN_L_CF3_RI1_TI3_R01,TRAIN,L,CF3,RI1,TI3,R01,CB1_TRAIN_BASE_L_CF3_R01,661331,661331001,662033102,663033102,664000000,665000000,train/CB1_TRAIN_L_CF3_RI1_TI3_R01.json,189e7b01f03bd910c7e9440964c2ec50f7700ec0a3783c3564a56c5e95bc85f8
CB1_TRAIN_L_CF3_RI2_TI1_R01,TRAIN,L,CF3,RI2,TI1,R01,CB1_TRAIN_BASE_L_CF3_R01,661331,661331001,662033110,663033110,664000000,665000000,train/CB1_TRAIN_L_CF3_RI2_TI1_R01.json,b7d57fa6d9ec1bd2342580a06b54852d5229b7b3f26e1e9160d7b4ac6bc68ee4
CB1_TRAIN_L_CF3_RI2_TI2_R01,TRAIN,L,CF3,RI2,TI2,R01,CB1_TRAIN_BASE_L_CF3_R01,661331,661331001,662033111,663033111,664000000,665000000,train/CB1_TRAIN_L_CF3_RI2_TI2_R01.json,2e38c09d01d50db529e149bc33209537f7f4ff76d7b4c4f13f008c1f854bf22d
CB1_TRAIN_L_CF3_RI2_TI3_R01,TRAIN,L,CF3,RI2,TI3,R01,CB1_TRAIN_BASE_L_CF3_R01,661331,661331001,662033112,663033112,664000000,665000000,train/CB1_TRAIN_L_CF3_RI2_TI3_R01.json,86ba150fc988829ae76d09ed3f408236413e3d4a5290caf8d0473a36e56ba45d
CB1_TRAIN_L_CF3_RI3_TI1_R01,TRAIN,L,CF3,RI3,TI1,R01,CB1_TRAIN_BASE_L_CF3_R01,661331,661331001,662033120,663033120,664000000,665000000,train/CB1_TRAIN_L_CF3_RI3_TI1_R01.json,4c20020bb13b7bcbf1049ca01ea43454b2b2ffc41398a7a11a354b35b62945c3
CB1_TRAIN_L_CF3_RI3_TI2_R01,TRAIN,L,CF3,RI3,TI2,R01,CB1_TRAIN_BASE_L_CF3_R01,661331,661331001,662033121,663033121,664000000,665000000,train/CB1_TRAIN_L_CF3_RI3_TI2_R01.json,969d9a53cf99ec8c101f0a73c577b8e42de04f7dd8ae991259956a2903c4be50
CB1_TRAIN_L_CF3_RI3_TI3_R01,TRAIN,L,CF3,RI3,TI3,R01,CB1_TRAIN_BASE_L_CF3_R01,661331,661331001,662033122,663033122,664000000,665000000,train/CB1_TRAIN_L_CF3_RI3_TI3_R01.json,b9e376158ccc78e908642be7786ee210911f47b00114c52fb6f0bdd45cd89027
CB1_TRAIN_L_CF3_RI1_TI1_R02,TRAIN,L,CF3,RI1,TI1,R02,CB1_TRAIN_BASE_L_CF3_R02,661332,661332001,662033200,663033200,664000000,665000000,train/CB1_TRAIN_L_CF3_RI1_TI1_R02.json,0651dbf1be564ba2e08842d712249ef9fb132e446734196b577f34bc2e3261ae
CB1_TRAIN_L_CF3_RI1_TI2_R02,TRAIN,L,CF3,RI1,TI2,R02,CB1_TRAIN_BASE_L_CF3_R02,661332,661332001,662033201,663033201,664000000,665000000,train/CB1_TRAIN_L_CF3_RI1_TI2_R02.json,b0377a8234606d1aa127ed064415959f5b77bdc86fca29e3d4d91ed8722ebb92
CB1_TRAIN_L_CF3_RI1_TI3_R02,TRAIN,L,CF3,RI1,TI3,R02,CB1_TRAIN_BASE_L_CF3_R02,661332,661332001,662033202,663033202,664000000,665000000,train/CB1_TRAIN_L_CF3_RI1_TI3_R02.json,e898e235f7d4f0a9903cc2a79f46a9076b9f8fde1e2111f366c4909b629596e6
CB1_TRAIN_L_CF3_RI2_TI1_R02,TRAIN,L,CF3,RI2,TI1,R02,CB1_TRAIN_BASE_L_CF3_R02,661332,661332001,662033210,663033210,664000000,665000000,train/CB1_TRAIN_L_CF3_RI2_TI1_R02.json,610cddda1cadf2699b578a4f421d9491ad4e9a99609c71ec7b1a8ac4ba508573
CB1_TRAIN_L_CF3_RI2_TI2_R02,TRAIN,L,CF3,RI2,TI2,R02,CB1_TRAIN_BASE_L_CF3_R02,661332,661332001,662033211,663033211,664000000,665000000,train/CB1_TRAIN_L_CF3_RI2_TI2_R02.json,8520b70c8b166d4cfb363909728008675abe6a23a17fc9f6f9a771095bd40218
CB1_TRAIN_L_CF3_RI2_TI3_R02,TRAIN,L,CF3,RI2,TI3,R02,CB1_TRAIN_BASE_L_CF3_R02,661332,661332001,662033212,663033212,664000000,665000000,train/CB1_TRAIN_L_CF3_RI2_TI3_R02.json,92458c958fec39bf6428c1d29447b8aa0121feed7cd525407c42ddd4aa61877d
CB1_TRAIN_L_CF3_RI3_TI1_R02,TRAIN,L,CF3,RI3,TI1,R02,CB1_TRAIN_BASE_L_CF3_R02,661332,661332001,662033220,663033220,664000000,665000000,train/CB1_TRAIN_L_CF3_RI3_TI1_R02.json,e24cdd6ac007bae738aeb6a3df31ab2b4a9c23b6c1169db4f2298a2dec0992a9
CB1_TRAIN_L_CF3_RI3_TI2_R02,TRAIN,L,CF3,RI3,TI2,R02,CB1_TRAIN_BASE_L_CF3_R02,661332,661332001,662033221,663033221,664000000,665000000,train/CB1_TRAIN_L_CF3_RI3_TI2_R02.json,2f43407662a3901a54ce525a85b50859055a69fd6ff232a0fcfcf1befc824530
CB1_TRAIN_L_CF3_RI3_TI3_R02,TRAIN,L,CF3,RI3,TI3,R02,CB1_TRAIN_BASE_L_CF3_R02,661332,661332001,662033222,663033222,664000000,665000000,train/CB1_TRAIN_L_CF3_RI3_TI3_R02.json,69ca287f9668f3c2b1c854b3df9b54f5cdaaba62395e02e2738c1af70f1b7f9d
CB1_TRAIN_L_CF3_RI1_TI1_R03,TRAIN,L,CF3,RI1,TI1,R03,CB1_TRAIN_BASE_L_CF3_R03,661333,661333001,662033300,663033300,664000000,665000000,train/CB1_TRAIN_L_CF3_RI1_TI1_R03.json,d553015f51331f5817bd010282248e91888be6a1c97d11c721dd0a5f5fb5040d
CB1_TRAIN_L_CF3_RI1_TI2_R03,TRAIN,L,CF3,RI1,TI2,R03,CB1_TRAIN_BASE_L_CF3_R03,661333,661333001,662033301,663033301,664000000,665000000,train/CB1_TRAIN_L_CF3_RI1_TI2_R03.json,f81902baf0eaac77dccf109eafcd0e2f84f373608ab4ed264aa78241b8642419
CB1_TRAIN_L_CF3_RI1_TI3_R03,TRAIN,L,CF3,RI1,TI3,R03,CB1_TRAIN_BASE_L_CF3_R03,661333,661333001,662033302,663033302,664000000,665000000,train/CB1_TRAIN_L_CF3_RI1_TI3_R03.json,8d43555436af6882f851a440ca69757aa1c82d63e73a0cdd35cca0ed8d5a93b3
CB1_TRAIN_L_CF3_RI2_TI1_R03,TRAIN,L,CF3,RI2,TI1,R03,CB1_TRAIN_BASE_L_CF3_R03,661333,661333001,662033310,663033310,664000000,665000000,train/CB1_TRAIN_L_CF3_RI2_TI1_R03.json,28123dd84d9ae1f02731cdba1458e7852747410132edfe6ecdc6be265e155a24
CB1_TRAIN_L_CF3_RI2_TI2_R03,TRAIN,L,CF3,RI2,TI2,R03,CB1_TRAIN_BASE_L_CF3_R03,661333,661333001,662033311,663033311,664000000,665000000,train/CB1_TRAIN_L_CF3_RI2_TI2_R03.json,3e16a497df61a898318d9d02d4252da3e43b59ed239d9565faa6aad9861cb68d
CB1_TRAIN_L_CF3_RI2_TI3_R03,TRAIN,L,CF3,RI2,TI3,R03,CB1_TRAIN_BASE_L_CF3_R03,661333,661333001,662033312,663033312,664000000,665000000,train/CB1_TRAIN_L_CF3_RI2_TI3_R03.json,32222df79562f8ea65ddc1c44ed33c5e0014b2f7c2d2253f23b39aa86bae372a
CB1_TRAIN_L_CF3_RI3_TI1_R03,TRAIN,L,CF3,RI3,TI1,R03,CB1_TRAIN_BASE_L_CF3_R03,661333,661333001,662033320,663033320,664000000,665000000,train/CB1_TRAIN_L_CF3_RI3_TI1_R03.json,5047afec5afc476eec44a45643dc96c793f4564f5bf112c1f77cbf9a4092adc8
CB1_TRAIN_L_CF3_RI3_TI2_R03,TRAIN,L,CF3,RI3,TI2,R03,CB1_TRAIN_BASE_L_CF3_R03,661333,661333001,662033321,663033321,664000000,665000000,train/CB1_TRAIN_L_CF3_RI3_TI2_R03.json,73e44f4a4d9d685076dda4cc7df7d67cccf2940815216cd9bd2301be892bf2a3
CB1_TRAIN_L_CF3_RI3_TI3_R03,TRAIN,L,CF3,RI3,TI3,R03,CB1_TRAIN_BASE_L_CF3_R03,661333,661333001,662033322,663033322,664000000,665000000,train/CB1_TRAIN_L_CF3_RI3_TI3_R03.json,1269494737e73d0bbb33f30aa46754c96cbbe32da2e33005c7e59d7c43c3f586
CB1_TRAIN_L_CF3_RI1_TI1_R04,TRAIN_VALIDATION,L,CF3,RI1,TI1,R04,CB1_TRAIN_BASE_L_CF3_R04,661334,661334001,662033400,663033400,664000000,665000000,train_validation/CB1_TRAIN_L_CF3_RI1_TI1_R04.json,b70dcc369fac64e0f1703f19ecf9829e828bc88d55b5c0c1569e37bf0cb48015
CB1_TRAIN_L_CF3_RI1_TI2_R04,TRAIN_VALIDATION,L,CF3,RI1,TI2,R04,CB1_TRAIN_BASE_L_CF3_R04,661334,661334001,662033401,663033401,664000000,665000000,train_validation/CB1_TRAIN_L_CF3_RI1_TI2_R04.json,15cd952e3c2ef8d19f6460ff50ac83e24ec907bdb480443f53375765eaf5daee
CB1_TRAIN_L_CF3_RI1_TI3_R04,TRAIN_VALIDATION,L,CF3,RI1,TI3,R04,CB1_TRAIN_BASE_L_CF3_R04,661334,661334001,662033402,663033402,664000000,665000000,train_validation/CB1_TRAIN_L_CF3_RI1_TI3_R04.json,9d9041ebfda3fde82e60dbfecc1e840c571b44562a70a3a3b93a23db58aa6972
CB1_TRAIN_L_CF3_RI2_TI1_R04,TRAIN_VALIDATION,L,CF3,RI2,TI1,R04,CB1_TRAIN_BASE_L_CF3_R04,661334,661334001,662033410,663033410,664000000,665000000,train_validation/CB1_TRAIN_L_CF3_RI2_TI1_R04.json,912d69340c288f846580ce17e6da86e8d958ed695af869dbd73ea40f8c21b58f
CB1_TRAIN_L_CF3_RI2_TI2_R04,TRAIN_VALIDATION,L,CF3,RI2,TI2,R04,CB1_TRAIN_BASE_L_CF3_R04,661334,661334001,662033411,663033411,664000000,665000000,train_validation/CB1_TRAIN_L_CF3_RI2_TI2_R04.json,154d9c7a96afda81f9d62acf22e96639676643d6ee069ae48dc7a96d2af8226b
CB1_TRAIN_L_CF3_RI2_TI3_R04,TRAIN_VALIDATION,L,CF3,RI2,TI3,R04,CB1_TRAIN_BASE_L_CF3_R04,661334,661334001,662033412,663033412,664000000,665000000,train_validation/CB1_TRAIN_L_CF3_RI2_TI3_R04.json,21dadca713df2c7cc73aa37dcb530cc5b5c671892e094e79f03fd21eca4629eb
CB1_TRAIN_L_CF3_RI3_TI1_R04,TRAIN_VALIDATION,L,CF3,RI3,TI1,R04,CB1_TRAIN_BASE_L_CF3_R04,661334,661334001,662033420,663033420,664000000,665000000,train_validation/CB1_TRAIN_L_CF3_RI3_TI1_R04.json,35b8819db0657110a6c32a15f7b0f4ce61d2b204fed6ecb83e9d777d07be8bb8
CB1_TRAIN_L_CF3_RI3_TI2_R04,TRAIN_VALIDATION,L,CF3,RI3,TI2,R04,CB1_TRAIN_BASE_L_CF3_R04,661334,661334001,662033421,663033421,664000000,665000000,train_validation/CB1_TRAIN_L_CF3_RI3_TI2_R04.json,45081c9f75e238eab36a666958496b471a823763821e69e684d44159d365041f
CB1_TRAIN_L_CF3_RI3_TI3_R04,TRAIN_VALIDATION,L,CF3,RI3,TI3,R04,CB1_TRAIN_BASE_L_CF3_R04,661334,661334001,662033422,663033422,664000000,665000000,train_validation/CB1_TRAIN_L_CF3_RI3_TI3_R04.json,9b4f6fd8f4f4e57ed4294622352026e348c902786f5b3eb4988b7c9523c4dbd9
CB1_TRAIN_L_CF3_RI1_TI1_R05,TRAIN_INTERNAL_HOLDOUT,L,CF3,RI1,TI1,R05,CB1_TRAIN_BASE_L_CF3_R05,661335,661335001,662033500,663033500,664000000,665000000,train_internal_holdout/CB1_TRAIN_L_CF3_RI1_TI1_R05.json,97506a68e0b9956247f89c582e1311777b6b5169a68869ff3f7678d5a1cc72ee
CB1_TRAIN_L_CF3_RI1_TI2_R05,TRAIN_INTERNAL_HOLDOUT,L,CF3,RI1,TI2,R05,CB1_TRAIN_BASE_L_CF3_R05,661335,661335001,662033501,663033501,664000000,665000000,train_internal_holdout/CB1_TRAIN_L_CF3_RI1_TI2_R05.json,25a186b20c8b7d846e32f575a5085ec63674c135ec393f704466b93672d1265b
CB1_TRAIN_L_CF3_RI1_TI3_R05,TRAIN_INTERNAL_HOLDOUT,L,CF3,RI1,TI3,R05,CB1_TRAIN_BASE_L_CF3_R05,661335,661335001,662033502,663033502,664000000,665000000,train_internal_holdout/CB1_TRAIN_L_CF3_RI1_TI3_R05.json,c64a269b85af8c3e67ce40df6d6252bc49b23b95ca402643e4ec84a879fb22c8
CB1_TRAIN_L_CF3_RI2_TI1_R05,TRAIN_INTERNAL_HOLDOUT,L,CF3,RI2,TI1,R05,CB1_TRAIN_BASE_L_CF3_R05,661335,661335001,662033510,663033510,664000000,665000000,train_internal_holdout/CB1_TRAIN_L_CF3_RI2_TI1_R05.json,f7c051989c794f3e8d52e220d14e218c78051a43e973b4731978c18d2768d360
CB1_TRAIN_L_CF3_RI2_TI2_R05,TRAIN_INTERNAL_HOLDOUT,L,CF3,RI2,TI2,R05,CB1_TRAIN_BASE_L_CF3_R05,661335,661335001,662033511,663033511,664000000,665000000,train_internal_holdout/CB1_TRAIN_L_CF3_RI2_TI2_R05.json,a9e755dfd62ef5fd5bb4a7d95a71f03bc1050ac7894d9e91f50f1358b5f0e664
CB1_TRAIN_L_CF3_RI2_TI3_R05,TRAIN_INTERNAL_HOLDOUT,L,CF3,RI2,TI3,R05,CB1_TRAIN_BASE_L_CF3_R05,661335,661335001,662033512,663033512,664000000,665000000,train_internal_holdout/CB1_TRAIN_L_CF3_RI2_TI3_R05.json,2bc2b0066399b529e5c6a753d0683b80ad0b0f25ca36c88b031dcaab281fb265
CB1_TRAIN_L_CF3_RI3_TI1_R05,TRAIN_INTERNAL_HOLDOUT,L,CF3,RI3,TI1,R05,CB1_TRAIN_BASE_L_CF3_R05,661335,661335001,662033520,663033520,664000000,665000000,train_internal_holdout/CB1_TRAIN_L_CF3_RI3_TI1_R05.json,89142e68eff20d510eae90a9506bc88da219e21cdafbd6c4102ad18892285c18
CB1_TRAIN_L_CF3_RI3_TI2_R05,TRAIN_INTERNAL_HOLDOUT,L,CF3,RI3,TI2,R05,CB1_TRAIN_BASE_L_CF3_R05,661335,661335001,662033521,663033521,664000000,665000000,train_internal_holdout/CB1_TRAIN_L_CF3_RI3_TI2_R05.json,6a9250dc0bea911b0180a084715d1c2c90dd5190db1f539c9488b9c6415b8d41
CB1_TRAIN_L_CF3_RI3_TI3_R05,TRAIN_INTERNAL_HOLDOUT,L,CF3,RI3,TI3,R05,CB1_TRAIN_BASE_L_CF3_R05,661335,661335001,662033522,663033522,664000000,665000000,train_internal_holdout/CB1_TRAIN_L_CF3_RI3_TI3_R05.json,b3f5bbb53361d7935396448b2ba5375fd4ea148d9459add35489a86856d5e86b
