state_id,instance_id,target_set_id,oof_fold,scale,CF_level,search_stage,origin_family,primary_origin_rule,origin_destroy_operator,selected_winner,categorical_reason_count,numeric_reason_count,reason_count,multiple_causes,maximum_absolute_robust_z,categorical_reasons,numeric_reasons,reason_signature
CB1_CAUR_L_CF1_RI2_TI2_R12_C02__seed691201__it0000012,CB1_CAUR_L_CF1_RI2_TI2_R12_C02,ts_0b582a760c30728b549d,1,L,CF1,0-20%,STRUCTURED_NEAR_NEIGHBOR,near_low_slack,related,True,0,1,1,False,76923.07692307694,,numeric_robust_z:critical_overlap_fraction,numeric_robust_z:critical_overlap_fraction
CB1_CAUR_L_CF1_RI2_TI2_R12_C02__seed691201__it0000012,CB1_CAUR_L_CF1_RI2_TI2_R12_C02,ts_9157be4990e22e0cb713,1,L,CF1,0-20%,ORIGINAL_OPERATOR,operator_related,related,False,0,1,1,False,1000000.0,,numeric_robust_z:is_fallback,numeric_robust_z:is_fallback
CB1_CAUR_L_CF1_RI2_TI2_R12_C02__seed691201__it0000012,CB1_CAUR_L_CF1_RI2_TI2_R12_C02,ts_e9a826292993e3d1202a,1,L,CF1,0-20%,ORIGINAL_OPERATOR,operator_critical,critical,False,0,1,1,False,76923.07692307694,,numeric_robust_z:critical_overlap_fraction,numeric_robust_z:critical_overlap_fraction
CB1_CAUR_L_CF1_RI2_TI2_R12_C02__seed691201__it0000050,CB1_CAUR_L_CF1_RI2_TI2_R12_C02,ts_065cd6bd36f2216e8f56,1,L,CF1,0-20%,LOCAL_PERTURBATION,two_operation_swap,related,False,0,1,1,False,38461.53846153847,,numeric_robust_z:critical_overlap_fraction,numeric_robust_z:critical_overlap_fraction
CB1_CAUR_L_CF1_RI2_TI2_R12_C02__seed691201__it0000050,CB1_CAUR_L_CF1_RI2_TI2_R12_C02,ts_1cdcde113a48867fe0ee,1,L,CF1,0-20%,LOCAL_PERTURBATION,related_replace_25,related,False,0,1,1,False,38461.53846153847,,numeric_robust_z:critical_overlap_fraction,numeric_robust_z:critical_overlap_fraction
CB1_CAUR_L_CF1_RI2_TI2_R12_C02__seed691201__it0000050,CB1_CAUR_L_CF1_RI2_TI2_R12_C02,ts_30ac9dc21ea6d6d2ddca,1,L,CF1,0-20%,STRUCTURED_NEAR_NEIGHBOR,near_same_island_chain,related,False,0,1,1,False,38461.53846153847,,numeric_robust_z:critical_overlap_fraction,numeric_robust_z:critical_overlap_fraction
CB1_CAUR_L_CF1_RI2_TI2_R12_C02__seed691201__it0000050,CB1_CAUR_L_CF1_RI2_TI2_R12_C02,ts_4854f283ea39273836f0,1,L,CF1,0-20%,MATCHED_RANDOM,matched_random_3,random,False,0,1,1,False,38461.53846153847,,numeric_robust_z:critical_overlap_fraction,numeric_robust_z:critical_overlap_fraction
CB1_CAUR_L_CF1_RI2_TI2_R12_C02__seed691201__it0000050,CB1_CAUR_L_CF1_RI2_TI2_R12_C02,ts_4ad71ea71e9e60f16cd3,1,L,CF1,0-20%,STRUCTURED_NEAR_NEIGHBOR,near_low_slack,related,False,0,1,1,False,38461.53846153847,,numeric_robust_z:critical_overlap_fraction,numeric_robust_z:critical_overlap_fraction
CB1_CAUR_L_CF1_RI2_TI2_R12_C02__seed691201__it0000050,CB1_CAUR_L_CF1_RI2_TI2_R12_C02,ts_6f73fff5abefe2b4ba85,1,L,CF1,0-20%,ORIGINAL_OPERATOR,operator_critical,critical,False,0,1,1,False,38461.53846153847,,numeric_robust_z:critical_overlap_fraction,numeric_robust_z:critical_overlap_fraction
CB1_CAUR_L_CF1_RI2_TI2_R12_C02__seed691201__it0000050,CB1_CAUR_L_CF1_RI2_TI2_R12_C02,ts_8ac4d332a7e5bf5d828b,1,L,CF1,0-20%,LOCAL_PERTURBATION,one_operation_swap,related,False,0,1,1,False,38461.53846153847,,numeric_robust_z:critical_overlap_fraction,numeric_robust_z:critical_overlap_fraction
CB1_CAUR_L_CF1_RI2_TI2_R12_C02__seed691201__it0000050,CB1_CAUR_L_CF1_RI2_TI2_R12_C02,ts_94085bf7c0f4702835ec,1,L,CF1,0-20%,RELATED_VARIANT,related_variant_4,related,False,0,1,1,False,38461.53846153847,,numeric_robust_z:critical_overlap_fraction,numeric_robust_z:critical_overlap_fraction
CB1_CAUR_L_CF1_RI2_TI2_R12_C02__seed691201__it0000050,CB1_CAUR_L_CF1_RI2_TI2_R12_C02,ts_9d83bcb4fcaaf719835d,1,L,CF1,0-20%,ORIGINAL_OPERATOR,operator_related,related,False,0,2,2,True,1000000.0,,numeric_robust_z:critical_overlap_fraction+numeric_robust_z:is_fallback,numeric_robust_z:critical_overlap_fraction+numeric_robust_z:is_fallback
CB1_CAUR_L_CF1_RI2_TI2_R12_C02__seed691201__it0000050,CB1_CAUR_L_CF1_RI2_TI2_R12_C02,ts_9ee7b24ddf3a5502310d,1,L,CF1,0-20%,STRUCTURED_NEAR_NEIGHBOR,near_high_F_delay,related,True,0,1,1,False,38461.53846153847,,numeric_robust_z:critical_overlap_fraction,numeric_robust_z:critical_overlap_fraction
CB1_CAUR_L_CF1_RI2_TI2_R12_C02__seed691201__it0000050,CB1_CAUR_L_CF1_RI2_TI2_R12_C02,ts_a47addf6c1c87e842363,1,L,CF1,0-20%,ORIGINAL_OPERATOR,operator_random,random,False,0,1,1,False,38461.53846153847,,numeric_robust_z:critical_overlap_fraction,numeric_robust_z:critical_overlap_fraction
CB1_CAUR_L_CF1_RI2_TI2_R12_C02__seed691201__it0000050,CB1_CAUR_L_CF1_RI2_TI2_R12_C02,ts_aec01eb89c5cfa239bdf,1,L,CF1,0-20%,LOCAL_PERTURBATION,related_replace_50,related,False,0,1,1,False,38461.53846153847,,numeric_robust_z:critical_overlap_fraction,numeric_robust_z:critical_overlap_fraction
CB1_CAUR_L_CF1_RI2_TI2_R12_C02__seed691201__it0000050,CB1_CAUR_L_CF1_RI2_TI2_R12_C02,ts_c371ef7a8100e1cf32ca,1,L,CF1,0-20%,STRUCTURED_NEAR_NEIGHBOR,near_precedence_neighbor,related,False,0,1,1,False,38461.53846153847,,numeric_robust_z:critical_overlap_fraction,numeric_robust_z:critical_overlap_fraction
CB1_CAUR_L_CF1_RI2_TI2_R12_C02__seed691201__it0000050,CB1_CAUR_L_CF1_RI2_TI2_R12_C02,ts_ca198e5e081e7c5eb8a9,1,L,CF1,0-20%,RELATED_VARIANT,related_variant_3,related,False,0,1,1,False,38461.53846153847,,numeric_robust_z:critical_overlap_fraction,numeric_robust_z:critical_overlap_fraction
CB1_CAUR_L_CF1_RI2_TI2_R12_C02__seed691201__it0000050,CB1_CAUR_L_CF1_RI2_TI2_R12_C02,ts_ee783c027ef0637a5813,1,L,CF1,0-20%,STRUCTURED_NEAR_NEIGHBOR,near_high_W_delay,related,False,0,1,1,False,38461.53846153847,,numeric_robust_z:critical_overlap_fraction,numeric_robust_z:critical_overlap_fraction
CB1_CAUR_L_CF1_RI2_TI2_R12_C02__seed691201__it0000090,CB1_CAUR_L_CF1_RI2_TI2_R12_C02,ts_1fec8936ac91b5c742b9,1,L,CF1,20-40%,ORIGINAL_OPERATOR,operator_critical,critical,False,0,1,1,False,38461.53846153847,,numeric_robust_z:critical_overlap_fraction,numeric_robust_z:critical_overlap_fraction
CB1_CAUR_L_CF1_RI2_TI2_R12_C02__seed691201__it0000090,CB1_CAUR_L_CF1_RI2_TI2_R12_C02,ts_6fcca90d49dd37ac36ac,1,L,CF1,20-40%,ORIGINAL_OPERATOR,operator_high_reconfiguration,high_reconfiguration,True,0,1,1,False,38461.53846153847,,numeric_robust_z:critical_overlap_fraction,numeric_robust_z:critical_overlap_fraction
CB1_CAUR_L_CF1_RI2_TI2_R12_C02__seed691201__it0000090,CB1_CAUR_L_CF1_RI2_TI2_R12_C02,ts_6fe3be83058415290bc9,1,L,CF1,20-40%,ORIGINAL_OPERATOR,operator_related,related,False,0,1,1,False,1000000.0,,numeric_robust_z:is_fallback,numeric_robust_z:is_fallback
CB1_CAUR_L_CF1_RI2_TI2_R12_C02__seed691201__it0000090,CB1_CAUR_L_CF1_RI2_TI2_R12_C02,ts_7170162d1a4308127b3b,1,L,CF1,20-40%,RELATED_VARIANT,related_variant_4,related,False,0,1,1,False,38461.53846153847,,numeric_robust_z:critical_overlap_fraction,numeric_robust_z:critical_overlap_fraction
CB1_CAUR_L_CF1_RI2_TI2_R12_C02__seed691201__it0000090,CB1_CAUR_L_CF1_RI2_TI2_R12_C02,ts_71cc1c07bec3fac29807,1,L,CF1,20-40%,STRUCTURED_NEAR_NEIGHBOR,near_low_slack,related,False,0,1,1,False,38461.53846153847,,numeric_robust_z:critical_overlap_fraction,numeric_robust_z:critical_overlap_fraction
CB1_CAUR_L_CF1_RI2_TI2_R12_C02__seed691201__it0000090,CB1_CAUR_L_CF1_RI2_TI2_R12_C02,ts_885cafe2f46471d427ef,1,L,CF1,20-40%,MATCHED_RANDOM,matched_random_1,random,False,0,1,1,False,38461.53846153847,,numeric_robust_z:critical_overlap_fraction,numeric_robust_z:critical_overlap_fraction
CB1_CAUR_L_CF1_RI2_TI2_R12_C02__seed691201__it0000127,CB1_CAUR_L_CF1_RI2_TI2_R12_C02,ts_3d367a2f8bdd7113cfcd,1,L,CF1,40-60%,STRUCTURED_NEAR_NEIGHBOR,near_same_island_chain,related,True,0,1,1,False,38461.53846153847,,numeric_robust_z:critical_overlap_fraction,numeric_robust_z:critical_overlap_fraction
CB1_CAUR_L_CF1_RI2_TI2_R12_C02__seed691201__it0000127,CB1_CAUR_L_CF1_RI2_TI2_R12_C02,ts_4e03ff70a4d4d163cf99,1,L,CF1,40-60%,STRUCTURED_NEAR_NEIGHBOR,near_low_slack,related,False,0,1,1,False,38461.53846153847,,numeric_robust_z:critical_overlap_fraction,numeric_robust_z:critical_overlap_fraction
CB1_CAUR_L_CF1_RI2_TI2_R12_C02__seed691201__it0000127,CB1_CAUR_L_CF1_RI2_TI2_R12_C02,ts_a4fe95b25ccf6c37498b,1,L,CF1,40-60%,ORIGINAL_OPERATOR,operator_random,random,False,0,1,1,False,38461.53846153847,,numeric_robust_z:critical_overlap_fraction,numeric_robust_z:critical_overlap_fraction
CB1_CAUR_L_CF1_RI2_TI2_R12_C02__seed691201__it0000127,CB1_CAUR_L_CF1_RI2_TI2_R12_C02,ts_aec4599f9432fef0e642,1,L,CF1,40-60%,LOCAL_PERTURBATION,related_replace_50,related,False,0,1,1,False,38461.53846153847,,numeric_robust_z:critical_overlap_fraction,numeric_robust_z:critical_overlap_fraction
CB1_CAUR_L_CF1_RI2_TI2_R12_C02__seed691201__it0000127,CB1_CAUR_L_CF1_RI2_TI2_R12_C02,ts_b5021ed0f3f8640b6932,1,L,CF1,40-60%,ORIGINAL_OPERATOR,operator_related,related,False,0,1,1,False,1000000.0,,numeric_robust_z:is_fallback,numeric_robust_z:is_fallback
CB1_CAUR_L_CF1_RI2_TI2_R12_C02__seed691201__it0000127,CB1_CAUR_L_CF1_RI2_TI2_R12_C02,ts_bb944ffb503b60e2ffde,1,L,CF1,40-60%,ORIGINAL_OPERATOR,operator_critical,critical,False,0,1,1,False,38461.53846153847,,numeric_robust_z:critical_overlap_fraction,numeric_robust_z:critical_overlap_fraction
CB1_CAUR_L_CF1_RI2_TI2_R12_C02__seed691201__it0000164,CB1_CAUR_L_CF1_RI2_TI2_R12_C02,ts_1dcfaa7101616209d0b9,1,L,CF1,40-60%,STRUCTURED_NEAR_NEIGHBOR,near_low_slack,related,False,0,1,1,False,38461.53846153847,,numeric_robust_z:critical_overlap_fraction,numeric_robust_z:critical_overlap_fraction
CB1_CAUR_L_CF1_RI2_TI2_R12_C02__seed691201__it0000164,CB1_CAUR_L_CF1_RI2_TI2_R12_C02,ts_2b353a1b8a0fbcf3b211,1,L,CF1,40-60%,RELATED_VARIANT,related_variant_4,related,False,0,1,1,False,38461.53846153847,,numeric_robust_z:critical_overlap_fraction,numeric_robust_z:critical_overlap_fraction
CB1_CAUR_L_CF1_RI2_TI2_R12_C02__seed691201__it0000164,CB1_CAUR_L_CF1_RI2_TI2_R12_C02,ts_9d66d5c606c3a67d0806,1,L,CF1,40-60%,ORIGINAL_OPERATOR,operator_critical,critical,False,0,1,1,False,38461.53846153847,,numeric_robust_z:critical_overlap_fraction,numeric_robust_z:critical_overlap_fraction
CB1_CAUR_L_CF1_RI2_TI2_R12_C02__seed691201__it0000164,CB1_CAUR_L_CF1_RI2_TI2_R12_C02,ts_df2f3b5e98964a878513,1,L,CF1,40-60%,ORIGINAL_OPERATOR,operator_related,related,False,0,1,1,False,1000000.0,,numeric_robust_z:is_fallback,numeric_robust_z:is_fallback
CB1_CAUR_L_CF1_RI2_TI2_R12_C02__seed691201__it0000204,CB1_CAUR_L_CF1_RI2_TI2_R12_C02,ts_2d49a4adbd5df5aee1f6,1,L,CF1,60-80%,STRUCTURED_NEAR_NEIGHBOR,near_low_slack,related,False,0,1,1,False,76923.07692307694,,numeric_robust_z:critical_overlap_fraction,numeric_robust_z:critical_overlap_fraction
CB1_CAUR_L_CF1_RI2_TI2_R12_C02__seed691201__it0000204,CB1_CAUR_L_CF1_RI2_TI2_R12_C02,ts_4a0a4be1a1792f469060,1,L,CF1,60-80%,ORIGINAL_OPERATOR,operator_related,related,False,0,1,1,False,1000000.0,,numeric_robust_z:is_fallback,numeric_robust_z:is_fallback
CB1_CAUR_L_CF1_RI2_TI2_R12_C02__seed691201__it0000204,CB1_CAUR_L_CF1_RI2_TI2_R12_C02,ts_5b4646d47a36596223bc,1,L,CF1,60-80%,MATCHED_RANDOM,matched_random_1,random,True,0,1,1,False,38461.53846153847,,numeric_robust_z:critical_overlap_fraction,numeric_robust_z:critical_overlap_fraction
CB1_CAUR_L_CF1_RI2_TI2_R12_C02__seed691201__it0000204,CB1_CAUR_L_CF1_RI2_TI2_R12_C02,ts_63c39046eb0e8e1a7bf4,1,L,CF1,60-80%,STRUCTURED_NEAR_NEIGHBOR,near_same_island_chain,related,False,0,1,1,False,38461.53846153847,,numeric_robust_z:critical_overlap_fraction,numeric_robust_z:critical_overlap_fraction
CB1_CAUR_L_CF1_RI2_TI2_R12_C02__seed691201__it0000204,CB1_CAUR_L_CF1_RI2_TI2_R12_C02,ts_9ab90740ac78da4319e9,1,L,CF1,60-80%,MATCHED_RANDOM,matched_random_2,random,False,0,1,1,False,38461.53846153847,,numeric_robust_z:critical_overlap_fraction,numeric_robust_z:critical_overlap_fraction
CB1_CAUR_L_CF1_RI2_TI2_R12_C02__seed691201__it0000204,CB1_CAUR_L_CF1_RI2_TI2_R12_C02,ts_ba920c34366282a27f5f,1,L,CF1,60-80%,ORIGINAL_OPERATOR,operator_critical,critical,False,0,1,1,False,76923.07692307694,,numeric_robust_z:critical_overlap_fraction,numeric_robust_z:critical_overlap_fraction
CB1_CAUR_L_CF1_RI2_TI2_R12_C02__seed691201__it0000204,CB1_CAUR_L_CF1_RI2_TI2_R12_C02,ts_e7b9c499858b0d71a1d1,1,L,CF1,60-80%,ORIGINAL_OPERATOR,operator_high_reconfiguration,high_reconfiguration,False,0,1,1,False,38461.53846153847,,numeric_robust_z:critical_overlap_fraction,numeric_robust_z:critical_overlap_fraction
CB1_CAUR_L_CF1_RI2_TI2_R12_C02__seed691201__it0000241,CB1_CAUR_L_CF1_RI2_TI2_R12_C02,ts_01e871b03e568e7ba306,1,L,CF1,80-100%,ORIGINAL_OPERATOR,operator_related,related,False,0,1,1,False,1000000.0,,numeric_robust_z:is_fallback,numeric_robust_z:is_fallback
CB1_CAUR_L_CF1_RI2_TI2_R12_C02__seed691201__it0000241,CB1_CAUR_L_CF1_RI2_TI2_R12_C02,ts_38968b272b2a6a0954ab,1,L,CF1,80-100%,STRUCTURED_NEAR_NEIGHBOR,near_low_slack,related,False,0,1,1,False,38461.53846153847,,numeric_robust_z:critical_overlap_fraction,numeric_robust_z:critical_overlap_fraction
CB1_CAUR_L_CF1_RI2_TI2_R12_C02__seed691201__it0000241,CB1_CAUR_L_CF1_RI2_TI2_R12_C02,ts_4417b16583d64f2118ae,1,L,CF1,80-100%,RELATED_VARIANT,related_variant_1,related,False,0,1,1,False,38461.53846153847,,numeric_robust_z:critical_overlap_fraction,numeric_robust_z:critical_overlap_fraction
CB1_CAUR_L_CF1_RI2_TI2_R12_C02__seed691201__it0000241,CB1_CAUR_L_CF1_RI2_TI2_R12_C02,ts_9880308db5f3eb1b0197,1,L,CF1,80-100%,ORIGINAL_OPERATOR,operator_critical,critical,False,0,1,1,False,38461.53846153847,,numeric_robust_z:critical_overlap_fraction,numeric_robust_z:critical_overlap_fraction
CB1_CAUR_L_CF1_RI2_TI2_R12_C02__seed691201__it0000241,CB1_CAUR_L_CF1_RI2_TI2_R12_C02,ts_9c166d7c413dd0fa7dab,1,L,CF1,80-100%,LOCAL_PERTURBATION,related_replace_50,related,True,0,1,1,False,38461.53846153847,,numeric_robust_z:critical_overlap_fraction,numeric_robust_z:critical_overlap_fraction
CB1_CAUR_L_CF1_RI2_TI2_R12_C02__seed691201__it0000269,CB1_CAUR_L_CF1_RI2_TI2_R12_C02,ts_21d31e322b6a186b3ab6,1,L,CF1,80-100%,ORIGINAL_OPERATOR,operator_related,related,False,0,1,1,False,1000000.0,,numeric_robust_z:is_fallback,numeric_robust_z:is_fallback
CB1_CAUR_L_CF1_RI2_TI2_R12_C02__seed691201__it0000269,CB1_CAUR_L_CF1_RI2_TI2_R12_C02,ts_478f795f8026e3f6f9d5,1,L,CF1,80-100%,ORIGINAL_OPERATOR,operator_random,random,False,0,1,1,False,38461.53846153847,,numeric_robust_z:critical_overlap_fraction,numeric_robust_z:critical_overlap_fraction
CB1_CAUR_L_CF1_RI2_TI2_R12_C02__seed691201__it0000269,CB1_CAUR_L_CF1_RI2_TI2_R12_C02,ts_8bf2a84f7158d218bb34,1,L,CF1,80-100%,STRUCTURED_NEAR_NEIGHBOR,near_low_slack,related,False,0,1,1,False,76923.07692307694,,numeric_robust_z:critical_overlap_fraction,numeric_robust_z:critical_overlap_fraction
CB1_CAUR_L_CF1_RI2_TI2_R12_C02__seed691201__it0000269,CB1_CAUR_L_CF1_RI2_TI2_R12_C02,ts_d84cc908c6204ada5727,1,L,CF1,80-100%,ORIGINAL_OPERATOR,operator_critical,critical,False,0,2,2,True,76923.07692307694,,numeric_robust_z:critical_overlap_fraction+numeric_robust_z:bottleneck_overlap_fraction,numeric_robust_z:critical_overlap_fraction+numeric_robust_z:bottleneck_overlap_fraction
CB1_CAUR_L_CF1_RI2_TI2_R12_C02__seed691202__it0000012,CB1_CAUR_L_CF1_RI2_TI2_R12_C02,ts_13b72d69c717c6a79930,1,L,CF1,0-20%,ORIGINAL_OPERATOR,operator_related,related,False,0,1,1,False,1000000.0,,numeric_robust_z:is_fallback,numeric_robust_z:is_fallback
CB1_CAUR_L_CF1_RI2_TI2_R12_C02__seed691202__it0000012,CB1_CAUR_L_CF1_RI2_TI2_R12_C02,ts_1c806de750161d4c9c15,1,L,CF1,0-20%,ORIGINAL_OPERATOR,operator_critical,critical,False,0,1,1,False,38461.53846153847,,numeric_robust_z:critical_overlap_fraction,numeric_robust_z:critical_overlap_fraction
CB1_CAUR_L_CF1_RI2_TI2_R12_C02__seed691202__it0000012,CB1_CAUR_L_CF1_RI2_TI2_R12_C02,ts_d72a433aa1fba52470e2,1,L,CF1,0-20%,STRUCTURED_NEAR_NEIGHBOR,near_low_slack,related,True,0,1,1,False,38461.53846153847,,numeric_robust_z:critical_overlap_fraction,numeric_robust_z:critical_overlap_fraction
CB1_CAUR_L_CF1_RI2_TI2_R12_C02__seed691202__it0000049,CB1_CAUR_L_CF1_RI2_TI2_R12_C02,ts_1063bda44dac55aab2c6,1,L,CF1,0-20%,ORIGINAL_OPERATOR,operator_critical,critical,False,0,1,1,False,38461.53846153847,,numeric_robust_z:critical_overlap_fraction,numeric_robust_z:critical_overlap_fraction
CB1_CAUR_L_CF1_RI2_TI2_R12_C02__seed691202__it0000049,CB1_CAUR_L_CF1_RI2_TI2_R12_C02,ts_22af4fca36d5add487ec,1,L,CF1,0-20%,MATCHED_RANDOM,matched_random_3,random,False,0,1,1,False,38461.53846153847,,numeric_robust_z:critical_overlap_fraction,numeric_robust_z:critical_overlap_fraction
CB1_CAUR_L_CF1_RI2_TI2_R12_C02__seed691202__it0000049,CB1_CAUR_L_CF1_RI2_TI2_R12_C02,ts_7a50d0e8969e55d20a09,1,L,CF1,0-20%,ORIGINAL_OPERATOR,operator_related,related,False,0,1,1,False,1000000.0,,numeric_robust_z:is_fallback,numeric_robust_z:is_fallback
CB1_CAUR_L_CF1_RI2_TI2_R12_C02__seed691202__it0000049,CB1_CAUR_L_CF1_RI2_TI2_R12_C02,ts_ec5ee5e6ec54b5331f5a,1,L,CF1,0-20%,STRUCTURED_NEAR_NEIGHBOR,near_low_slack,related,True,0,1,1,False,38461.53846153847,,numeric_robust_z:critical_overlap_fraction,numeric_robust_z:critical_overlap_fraction
CB1_CAUR_L_CF1_RI2_TI2_R12_C02__seed691202__it0000090,CB1_CAUR_L_CF1_RI2_TI2_R12_C02,ts_05d74d8387b8b099da4a,1,L,CF1,20-40%,STRUCTURED_NEAR_NEIGHBOR,near_same_island_chain,related,False,0,1,1,False,76923.07692307694,,numeric_robust_z:critical_overlap_fraction,numeric_robust_z:critical_overlap_fraction
CB1_CAUR_L_CF1_RI2_TI2_R12_C02__seed691202__it0000090,CB1_CAUR_L_CF1_RI2_TI2_R12_C02,ts_08e8c9a837a5996cee38,1,L,CF1,20-40%,RELATED_VARIANT,related_variant_4,related,False,0,1,1,False,76923.07692307694,,numeric_robust_z:critical_overlap_fraction,numeric_robust_z:critical_overlap_fraction
CB1_CAUR_L_CF1_RI2_TI2_R12_C02__seed691202__it0000090,CB1_CAUR_L_CF1_RI2_TI2_R12_C02,ts_28ca72524e1e9ffca731,1,L,CF1,20-40%,RELATED_VARIANT,related_variant_1,related,False,0,1,1,False,38461.53846153847,,numeric_robust_z:critical_overlap_fraction,numeric_robust_z:critical_overlap_fraction
CB1_CAUR_L_CF1_RI2_TI2_R12_C02__seed691202__it0000090,CB1_CAUR_L_CF1_RI2_TI2_R12_C02,ts_28d92f3f1bb4cdcf272e,1,L,CF1,20-40%,LOCAL_PERTURBATION,related_replace_50,related,False,0,1,1,False,38461.53846153847,,numeric_robust_z:critical_overlap_fraction,numeric_robust_z:critical_overlap_fraction
CB1_CAUR_L_CF1_RI2_TI2_R12_C02__seed691202__it0000090,CB1_CAUR_L_CF1_RI2_TI2_R12_C02,ts_467dddd3bc89e3de1dbd,1,L,CF1,20-40%,ORIGINAL_OPERATOR,operator_related,related,False,0,2,2,True,1000000.0,,numeric_robust_z:critical_overlap_fraction+numeric_robust_z:is_fallback,numeric_robust_z:critical_overlap_fraction+numeric_robust_z:is_fallback
CB1_CAUR_L_CF1_RI2_TI2_R12_C02__seed691202__it0000090,CB1_CAUR_L_CF1_RI2_TI2_R12_C02,ts_4f532b3e7150578998c1,1,L,CF1,20-40%,STRUCTURED_NEAR_NEIGHBOR,near_low_slack,related,False,0,1,1,False,115384.61538461539,,numeric_robust_z:critical_overlap_fraction,numeric_robust_z:critical_overlap_fraction
CB1_CAUR_L_CF1_RI2_TI2_R12_C02__seed691202__it0000090,CB1_CAUR_L_CF1_RI2_TI2_R12_C02,ts_6add88350c0b1b325341,1,L,CF1,20-40%,LOCAL_PERTURBATION,related_replace_25,related,False,0,1,1,False,76923.07692307694,,numeric_robust_z:critical_overlap_fraction,numeric_robust_z:critical_overlap_fraction
CB1_CAUR_L_CF1_RI2_TI2_R12_C02__seed691202__it0000090,CB1_CAUR_L_CF1_RI2_TI2_R12_C02,ts_73504a418d4870aefac5,1,L,CF1,20-40%,ORIGINAL_OPERATOR,operator_critical,critical,False,0,1,1,False,115384.61538461539,,numeric_robust_z:critical_overlap_fraction,numeric_robust_z:critical_overlap_fraction
CB1_CAUR_L_CF1_RI2_TI2_R12_C02__seed691202__it0000090,CB1_CAUR_L_CF1_RI2_TI2_R12_C02,ts_7bb2bd9cf42a81d017c8,1,L,CF1,20-40%,STRUCTURED_NEAR_NEIGHBOR,near_precedence_neighbor,related,False,0,1,1,False,38461.53846153847,,numeric_robust_z:critical_overlap_fraction,numeric_robust_z:critical_overlap_fraction
CB1_CAUR_L_CF1_RI2_TI2_R12_C02__seed691202__it0000090,CB1_CAUR_L_CF1_RI2_TI2_R12_C02,ts_9dfde1330328090f6753,1,L,CF1,20-40%,MATCHED_RANDOM,matched_random_1,random,False,0,1,1,False,76923.07692307694,,numeric_robust_z:critical_overlap_fraction,numeric_robust_z:critical_overlap_fraction
CB1_CAUR_L_CF1_RI2_TI2_R12_C02__seed691202__it0000090,CB1_CAUR_L_CF1_RI2_TI2_R12_C02,ts_adffbbc4518b00b268e9,1,L,CF1,20-40%,STRUCTURED_NEAR_NEIGHBOR,near_high_W_delay,related,False,0,1,1,False,38461.53846153847,,numeric_robust_z:critical_overlap_fraction,numeric_robust_z:critical_overlap_fraction
CB1_CAUR_L_CF1_RI2_TI2_R12_C02__seed691202__it0000090,CB1_CAUR_L_CF1_RI2_TI2_R12_C02,ts_b1bfb93851f3018ce891,1,L,CF1,20-40%,LOCAL_PERTURBATION,one_operation_swap,related,False,0,1,1,False,76923.07692307694,,numeric_robust_z:critical_overlap_fraction,numeric_robust_z:critical_overlap_fraction
CB1_CAUR_L_CF1_RI2_TI2_R12_C02__seed691202__it0000090,CB1_CAUR_L_CF1_RI2_TI2_R12_C02,ts_b2062c766cdd2dfbceb4,1,L,CF1,20-40%,STRUCTURED_NEAR_NEIGHBOR,near_high_F_delay,related,True,0,1,1,False,38461.53846153847,,numeric_robust_z:critical_overlap_fraction,numeric_robust_z:critical_overlap_fraction
CB1_CAUR_L_CF1_RI2_TI2_R12_C02__seed691202__it0000090,CB1_CAUR_L_CF1_RI2_TI2_R12_C02,ts_da909ed43f41ac06b02c,1,L,CF1,20-40%,LOCAL_PERTURBATION,two_operation_swap,related,False,0,1,1,False,76923.07692307694,,numeric_robust_z:critical_overlap_fraction,numeric_robust_z:critical_overlap_fraction
CB1_CAUR_L_CF1_RI2_TI2_R12_C02__seed691202__it0000090,CB1_CAUR_L_CF1_RI2_TI2_R12_C02,ts_e38ff7d09fc1a5410839,1,L,CF1,20-40%,STRUCTURED_NEAR_NEIGHBOR,near_same_product,related,False,0,1,1,False,76923.07692307694,,numeric_robust_z:critical_overlap_fraction,numeric_robust_z:critical_overlap_fraction
CB1_CAUR_L_CF1_RI2_TI2_R12_C02__seed691202__it0000127,CB1_CAUR_L_CF1_RI2_TI2_R12_C02,ts_3a90157ec949f8c7543e,1,L,CF1,40-60%,ORIGINAL_OPERATOR,operator_critical,critical,False,0,1,1,False,38461.53846153847,,numeric_robust_z:critical_overlap_fraction,numeric_robust_z:critical_overlap_fraction
CB1_CAUR_L_CF1_RI2_TI2_R12_C02__seed691202__it0000127,CB1_CAUR_L_CF1_RI2_TI2_R12_C02,ts_58153080f06933a1f382,1,L,CF1,40-60%,STRUCTURED_NEAR_NEIGHBOR,near_low_slack,related,False,0,1,1,False,38461.53846153847,,numeric_robust_z:critical_overlap_fraction,numeric_robust_z:critical_overlap_fraction
CB1_CAUR_L_CF1_RI2_TI2_R12_C02__seed691202__it0000127,CB1_CAUR_L_CF1_RI2_TI2_R12_C02,ts_821e648ffc28083f5360,1,L,CF1,40-60%,LOCAL_PERTURBATION,related_replace_50,related,False,0,1,1,False,38461.53846153847,,numeric_robust_z:critical_overlap_fraction,numeric_robust_z:critical_overlap_fraction
CB1_CAUR_L_CF1_RI2_TI2_R12_C02__seed691202__it0000127,CB1_CAUR_L_CF1_RI2_TI2_R12_C02,ts_e24aafa11623b8bb565e,1,L,CF1,40-60%,ORIGINAL_OPERATOR,operator_related,related,False,0,1,1,False,1000000.0,,numeric_robust_z:is_fallback,numeric_robust_z:is_fallback
CB1_CAUR_L_CF1_RI2_TI2_R12_C02__seed691202__it0000164,CB1_CAUR_L_CF1_RI2_TI2_R12_C02,ts_0b8490598e61e70e6a48,1,L,CF1,40-60%,STRUCTURED_NEAR_NEIGHBOR,near_low_slack,related,False,0,1,1,False,38461.53846153847,,numeric_robust_z:critical_overlap_fraction,numeric_robust_z:critical_overlap_fraction
CB1_CAUR_L_CF1_RI2_TI2_R12_C02__seed691202__it0000164,CB1_CAUR_L_CF1_RI2_TI2_R12_C02,ts_137e4ed150c4d35cd7a6,1,L,CF1,40-60%,RELATED_VARIANT,related_variant_1,related,False,0,1,1,False,38461.53846153847,,numeric_robust_z:critical_overlap_fraction,numeric_robust_z:critical_overlap_fraction
CB1_CAUR_L_CF1_RI2_TI2_R12_C02__seed691202__it0000164,CB1_CAUR_L_CF1_RI2_TI2_R12_C02,ts_32751aa080dd6a49aade,1,L,CF1,40-60%,ORIGINAL_OPERATOR,operator_critical,critical,True,0,1,1,False,38461.53846153847,,numeric_robust_z:critical_overlap_fraction,numeric_robust_z:critical_overlap_fraction
CB1_CAUR_L_CF1_RI2_TI2_R12_C02__seed691202__it0000164,CB1_CAUR_L_CF1_RI2_TI2_R12_C02,ts_4510744bf9ec0aa0cc04,1,L,CF1,40-60%,ORIGINAL_OPERATOR,operator_random,random,False,0,1,1,False,38461.53846153847,,numeric_robust_z:critical_overlap_fraction,numeric_robust_z:critical_overlap_fraction
CB1_CAUR_L_CF1_RI2_TI2_R12_C02__seed691202__it0000164,CB1_CAUR_L_CF1_RI2_TI2_R12_C02,ts_75ae91d5089c133df8fe,1,L,CF1,40-60%,ORIGINAL_OPERATOR,operator_related,related,False,0,1,1,False,1000000.0,,numeric_robust_z:is_fallback,numeric_robust_z:is_fallback
CB1_CAUR_L_CF1_RI2_TI2_R12_C02__seed691202__it0000164,CB1_CAUR_L_CF1_RI2_TI2_R12_C02,ts_f05b10e49ac82ec2c445,1,L,CF1,40-60%,MATCHED_RANDOM,matched_random_2,random,False,0,1,1,False,38461.53846153847,,numeric_robust_z:critical_overlap_fraction,numeric_robust_z:critical_overlap_fraction
CB1_CAUR_L_CF1_RI2_TI2_R12_C02__seed691202__it0000164,CB1_CAUR_L_CF1_RI2_TI2_R12_C02,ts_f194f487f3b1b393b1b6,1,L,CF1,40-60%,RELATED_VARIANT,related_variant_2,related,False,0,1,1,False,38461.53846153847,,numeric_robust_z:critical_overlap_fraction,numeric_robust_z:critical_overlap_fraction
CB1_CAUR_L_CF1_RI2_TI2_R12_C02__seed691202__it0000204,CB1_CAUR_L_CF1_RI2_TI2_R12_C02,ts_3e9b3b25295eda134b68,1,L,CF1,60-80%,MATCHED_RANDOM,matched_random_2,random,False,0,1,1,False,38461.53846153847,,numeric_robust_z:critical_overlap_fraction,numeric_robust_z:critical_overlap_fraction
CB1_CAUR_L_CF1_RI2_TI2_R12_C02__seed691202__it0000204,CB1_CAUR_L_CF1_RI2_TI2_R12_C02,ts_56a32408e4e2f8d888aa,1,L,CF1,60-80%,ORIGINAL_OPERATOR,operator_related,related,False,0,1,1,False,1000000.0,,numeric_robust_z:is_fallback,numeric_robust_z:is_fallback
CB1_CAUR_L_CF1_RI2_TI2_R12_C02__seed691202__it0000204,CB1_CAUR_L_CF1_RI2_TI2_R12_C02,ts_7e6e938f31058cfae3e0,1,L,CF1,60-80%,LOCAL_PERTURBATION,related_replace_50,related,False,0,1,1,False,38461.53846153847,,numeric_robust_z:critical_overlap_fraction,numeric_robust_z:critical_overlap_fraction
CB1_CAUR_L_CF1_RI2_TI2_R12_C02__seed691202__it0000204,CB1_CAUR_L_CF1_RI2_TI2_R12_C02,ts_9b9d0957f5a5341c0de8,1,L,CF1,60-80%,RELATED_VARIANT,related_variant_3,related,False,0,1,1,False,38461.53846153847,,numeric_robust_z:critical_overlap_fraction,numeric_robust_z:critical_overlap_fraction
CB1_CAUR_L_CF1_RI2_TI2_R12_C02__seed691202__it0000204,CB1_CAUR_L_CF1_RI2_TI2_R12_C02,ts_b0c97c741e185808d566,1,L,CF1,60-80%,STRUCTURED_NEAR_NEIGHBOR,near_low_slack,related,False,0,1,1,False,115384.61538461539,,numeric_robust_z:critical_overlap_fraction,numeric_robust_z:critical_overlap_fraction
CB1_CAUR_L_CF1_RI2_TI2_R12_C02__seed691202__it0000204,CB1_CAUR_L_CF1_RI2_TI2_R12_C02,ts_d33883e40c81841b31f0,1,L,CF1,60-80%,ORIGINAL_OPERATOR,operator_critical,critical,False,0,2,2,True,115384.61538461539,,numeric_robust_z:critical_overlap_fraction+numeric_robust_z:bottleneck_overlap_fraction,numeric_robust_z:critical_overlap_fraction+numeric_robust_z:bottleneck_overlap_fraction
CB1_CAUR_L_CF1_RI2_TI2_R12_C02__seed691202__it0000204,CB1_CAUR_L_CF1_RI2_TI2_R12_C02,ts_d8132277049e77ad78ca,1,L,CF1,60-80%,MATCHED_RANDOM,matched_random_3,random,False,0,1,1,False,38461.53846153847,,numeric_robust_z:critical_overlap_fraction,numeric_robust_z:critical_overlap_fraction
CB1_CAUR_L_CF1_RI2_TI2_R12_C02__seed691202__it0000241,CB1_CAUR_L_CF1_RI2_TI2_R12_C02,ts_05d8d9ac48207abb26c4,1,L,CF1,80-100%,STRUCTURED_NEAR_NEIGHBOR,near_precedence_neighbor,related,False,0,1,1,False,38461.53846153847,,numeric_robust_z:critical_overlap_fraction,numeric_robust_z:critical_overlap_fraction
CB1_CAUR_L_CF1_RI2_TI2_R12_C02__seed691202__it0000241,CB1_CAUR_L_CF1_RI2_TI2_R12_C02,ts_261cf31ef21ec8395bc3,1,L,CF1,80-100%,STRUCTURED_NEAR_NEIGHBOR,near_same_island_chain,related,False,0,1,1,False,38461.53846153847,,numeric_robust_z:critical_overlap_fraction,numeric_robust_z:critical_overlap_fraction
CB1_CAUR_L_CF1_RI2_TI2_R12_C02__seed691202__it0000241,CB1_CAUR_L_CF1_RI2_TI2_R12_C02,ts_4d3fe6682f6c0f6a7d69,1,L,CF1,80-100%,STRUCTURED_NEAR_NEIGHBOR,near_high_F_delay,related,True,0,1,1,False,38461.53846153847,,numeric_robust_z:critical_overlap_fraction,numeric_robust_z:critical_overlap_fraction
CB1_CAUR_L_CF1_RI2_TI2_R12_C02__seed691202__it0000241,CB1_CAUR_L_CF1_RI2_TI2_R12_C02,ts_5607760df292827dc556,1,L,CF1,80-100%,MATCHED_RANDOM,matched_random_3,random,False,0,1,1,False,38461.53846153847,,numeric_robust_z:critical_overlap_fraction,numeric_robust_z:critical_overlap_fraction
CB1_CAUR_L_CF1_RI2_TI2_R12_C02__seed691202__it0000241,CB1_CAUR_L_CF1_RI2_TI2_R12_C02,ts_7210017705b86bc5443d,1,L,CF1,80-100%,LOCAL_PERTURBATION,one_operation_swap,related,False,0,1,1,False,38461.53846153847,,numeric_robust_z:critical_overlap_fraction,numeric_robust_z:critical_overlap_fraction
CB1_CAUR_L_CF1_RI2_TI2_R12_C02__seed691202__it0000241,CB1_CAUR_L_CF1_RI2_TI2_R12_C02,ts_7b6ea2f0b72301eb1785,1,L,CF1,80-100%,STRUCTURED_NEAR_NEIGHBOR,near_same_product,related,False,0,1,1,False,38461.53846153847,,numeric_robust_z:critical_overlap_fraction,numeric_robust_z:critical_overlap_fraction
CB1_CAUR_L_CF1_RI2_TI2_R12_C02__seed691202__it0000241,CB1_CAUR_L_CF1_RI2_TI2_R12_C02,ts_8523c7a3ad2432564f22,1,L,CF1,80-100%,LOCAL_PERTURBATION,related_replace_25,related,False,0,1,1,False,38461.53846153847,,numeric_robust_z:critical_overlap_fraction,numeric_robust_z:critical_overlap_fraction
CB1_CAUR_L_CF1_RI2_TI2_R12_C02__seed691202__it0000241,CB1_CAUR_L_CF1_RI2_TI2_R12_C02,ts_8ef430a7b7ea7a05d689,1,L,CF1,80-100%,STRUCTURED_NEAR_NEIGHBOR,near_high_W_delay,related,False,0,1,1,False,38461.53846153847,,numeric_robust_z:critical_overlap_fraction,numeric_robust_z:critical_overlap_fraction
CB1_CAUR_L_CF1_RI2_TI2_R12_C02__seed691202__it0000241,CB1_CAUR_L_CF1_RI2_TI2_R12_C02,ts_9aef3cae2f57ed42c792,1,L,CF1,80-100%,ORIGINAL_OPERATOR,operator_related,related,False,0,2,2,True,1000000.0,,numeric_robust_z:critical_overlap_fraction+numeric_robust_z:is_fallback,numeric_robust_z:critical_overlap_fraction+numeric_robust_z:is_fallback
CB1_CAUR_L_CF1_RI2_TI2_R12_C02__seed691202__it0000241,CB1_CAUR_L_CF1_RI2_TI2_R12_C02,ts_b7d190e5946b78d9633d,1,L,CF1,80-100%,LOCAL_PERTURBATION,two_operation_swap,related,False,0,1,1,False,38461.53846153847,,numeric_robust_z:critical_overlap_fraction,numeric_robust_z:critical_overlap_fraction
CB1_CAUR_L_CF1_RI2_TI2_R12_C02__seed691202__it0000241,CB1_CAUR_L_CF1_RI2_TI2_R12_C02,ts_c6e016ee928a50c9cbb0,1,L,CF1,80-100%,ORIGINAL_OPERATOR,operator_critical,critical,False,0,1,1,False,38461.53846153847,,numeric_robust_z:critical_overlap_fraction,numeric_robust_z:critical_overlap_fraction
CB1_CAUR_L_CF1_RI2_TI2_R12_C02__seed691202__it0000241,CB1_CAUR_L_CF1_RI2_TI2_R12_C02,ts_e978363e111f2cbf397d,1,L,CF1,80-100%,STRUCTURED_NEAR_NEIGHBOR,near_low_slack,related,False,0,1,1,False,38461.53846153847,,numeric_robust_z:critical_overlap_fraction,numeric_robust_z:critical_overlap_fraction
CB1_CAUR_L_CF1_RI2_TI2_R12_C02__seed691202__it0000270,CB1_CAUR_L_CF1_RI2_TI2_R12_C02,ts_207e264d4f9941e7e2de,1,L,CF1,80-100%,STRUCTURED_NEAR_NEIGHBOR,near_high_F_delay,related,False,0,1,1,False,38461.53846153847,,numeric_robust_z:critical_overlap_fraction,numeric_robust_z:critical_overlap_fraction
CB1_CAUR_L_CF1_RI2_TI2_R12_C02__seed691202__it0000270,CB1_CAUR_L_CF1_RI2_TI2_R12_C02,ts_44e28d753d339e2a0e8f,1,L,CF1,80-100%,ORIGINAL_OPERATOR,operator_critical,critical,False,0,1,1,False,38461.53846153847,,numeric_robust_z:critical_overlap_fraction,numeric_robust_z:critical_overlap_fraction
CB1_CAUR_L_CF1_RI2_TI2_R12_C02__seed691202__it0000270,CB1_CAUR_L_CF1_RI2_TI2_R12_C02,ts_5de11a31029f522b4126,1,L,CF1,80-100%,LOCAL_PERTURBATION,two_operation_swap,related,False,0,1,1,False,38461.53846153847,,numeric_robust_z:critical_overlap_fraction,numeric_robust_z:critical_overlap_fraction
CB1_CAUR_L_CF1_RI2_TI2_R12_C02__seed691202__it0000270,CB1_CAUR_L_CF1_RI2_TI2_R12_C02,ts_622620dba35fb3ff3663,1,L,CF1,80-100%,RELATED_VARIANT,related_variant_2,related,False,0,1,1,False,38461.53846153847,,numeric_robust_z:critical_overlap_fraction,numeric_robust_z:critical_overlap_fraction
CB1_CAUR_L_CF1_RI2_TI2_R12_C02__seed691202__it0000270,CB1_CAUR_L_CF1_RI2_TI2_R12_C02,ts_6c697d1fd6a502975f5f,1,L,CF1,80-100%,LOCAL_PERTURBATION,one_operation_swap,related,True,0,1,1,False,38461.53846153847,,numeric_robust_z:critical_overlap_fraction,numeric_robust_z:critical_overlap_fraction
CB1_CAUR_L_CF1_RI2_TI2_R12_C02__seed691202__it0000270,CB1_CAUR_L_CF1_RI2_TI2_R12_C02,ts_800fdc7cbadee5183408,1,L,CF1,80-100%,ORIGINAL_OPERATOR,operator_related,related,False,0,2,2,True,1000000.0,,numeric_robust_z:critical_overlap_fraction+numeric_robust_z:is_fallback,numeric_robust_z:critical_overlap_fraction+numeric_robust_z:is_fallback
CB1_CAUR_L_CF1_RI2_TI2_R12_C02__seed691202__it0000270,CB1_CAUR_L_CF1_RI2_TI2_R12_C02,ts_ae2abe0730575056e72f,1,L,CF1,80-100%,STRUCTURED_NEAR_NEIGHBOR,near_high_W_delay,related,False,0,1,1,False,38461.53846153847,,numeric_robust_z:critical_overlap_fraction,numeric_robust_z:critical_overlap_fraction
CB1_CAUR_L_CF1_RI2_TI2_R12_C02__seed691202__it0000270,CB1_CAUR_L_CF1_RI2_TI2_R12_C02,ts_c2dadb802f55b9f56cf0,1,L,CF1,80-100%,STRUCTURED_NEAR_NEIGHBOR,near_same_island_chain,related,False,0,1,1,False,38461.53846153847,,numeric_robust_z:critical_overlap_fraction,numeric_robust_z:critical_overlap_fraction
CB1_CAUR_L_CF1_RI2_TI2_R12_C02__seed691202__it0000270,CB1_CAUR_L_CF1_RI2_TI2_R12_C02,ts_e2a0dcaa9b0840ad72d7,1,L,CF1,80-100%,STRUCTURED_NEAR_NEIGHBOR,near_low_slack,related,False,0,1,1,False,38461.53846153847,,numeric_robust_z:critical_overlap_fraction,numeric_robust_z:critical_overlap_fraction
CB1_CAUR_L_CF1_RI2_TI2_R12__seed691201__it0000012,CB1_CAUR_L_CF1_RI2_TI2_R12,ts_1ac9a27f28f3f586d932,1,L,CF1,0-20%,RELATED_VARIANT,related_variant_4,related,False,0,1,1,False,40000.0,,numeric_robust_z:critical_overlap_fraction,numeric_robust_z:critical_overlap_fraction
CB1_CAUR_L_CF1_RI2_TI2_R12__seed691201__it0000012,CB1_CAUR_L_CF1_RI2_TI2_R12,ts_359193346c2afa451fb1,1,L,CF1,0-20%,STRUCTURED_NEAR_NEIGHBOR,near_low_slack,related,False,0,1,1,False,40000.0,,numeric_robust_z:critical_overlap_fraction,numeric_robust_z:critical_overlap_fraction
CB1_CAUR_L_CF1_RI2_TI2_R12__seed691201__it0000012,CB1_CAUR_L_CF1_RI2_TI2_R12,ts_6771085b439c0a344cda,1,L,CF1,0-20%,ORIGINAL_OPERATOR,operator_f_bottleneck,f_bottleneck,True,0,1,1,False,40000.0,,numeric_robust_z:critical_overlap_fraction,numeric_robust_z:critical_overlap_fraction
CB1_CAUR_L_CF1_RI2_TI2_R12__seed691201__it0000012,CB1_CAUR_L_CF1_RI2_TI2_R12,ts_c9e8ebee883c96cd5fba,1,L,CF1,0-20%,ORIGINAL_OPERATOR,operator_related,related,False,0,1,1,False,1000000.0,,numeric_robust_z:is_fallback,numeric_robust_z:is_fallback
CB1_CAUR_L_CF1_RI2_TI2_R12__seed691201__it0000012,CB1_CAUR_L_CF1_RI2_TI2_R12,ts_d4044f7bb15119b6cbcc,1,L,CF1,0-20%,ORIGINAL_OPERATOR,operator_critical,critical,False,0,1,1,False,40000.0,,numeric_robust_z:critical_overlap_fraction,numeric_robust_z:critical_overlap_fraction
CB1_CAUR_L_CF1_RI2_TI2_R12__seed691201__it0000050,CB1_CAUR_L_CF1_RI2_TI2_R12,ts_09ce28f1e01783e32b34,1,L,CF1,0-20%,STRUCTURED_NEAR_NEIGHBOR,near_same_product,related,False,0,1,1,False,40000.0,,numeric_robust_z:critical_overlap_fraction,numeric_robust_z:critical_overlap_fraction
CB1_CAUR_L_CF1_RI2_TI2_R12__seed691201__it0000050,CB1_CAUR_L_CF1_RI2_TI2_R12,ts_1f90096564b5686a95ac,1,L,CF1,0-20%,ORIGINAL_OPERATOR,operator_related,related,False,0,2,2,True,1000000.0,,numeric_robust_z:critical_overlap_fraction+numeric_robust_z:is_fallback,numeric_robust_z:critical_overlap_fraction+numeric_robust_z:is_fallback
CB1_CAUR_L_CF1_RI2_TI2_R12__seed691201__it0000050,CB1_CAUR_L_CF1_RI2_TI2_R12,ts_543c036289c3334b775e,1,L,CF1,0-20%,ORIGINAL_OPERATOR,operator_critical,critical,False,0,1,1,False,80000.0,,numeric_robust_z:critical_overlap_fraction,numeric_robust_z:critical_overlap_fraction
CB1_CAUR_L_CF1_RI2_TI2_R12__seed691201__it0000050,CB1_CAUR_L_CF1_RI2_TI2_R12,ts_5a83cf35c0c7dabfbe6b,1,L,CF1,0-20%,STRUCTURED_NEAR_NEIGHBOR,near_low_slack,related,False,0,1,1,False,80000.0,,numeric_robust_z:critical_overlap_fraction,numeric_robust_z:critical_overlap_fraction
CB1_CAUR_L_CF1_RI2_TI2_R12__seed691201__it0000050,CB1_CAUR_L_CF1_RI2_TI2_R12,ts_63c290d13f86a9a659ae,1,L,CF1,0-20%,RELATED_VARIANT,related_variant_4,related,False,0,1,1,False,40000.0,,numeric_robust_z:critical_overlap_fraction,numeric_robust_z:critical_overlap_fraction
CB1_CAUR_L_CF1_RI2_TI2_R12__seed691201__it0000050,CB1_CAUR_L_CF1_RI2_TI2_R12,ts_9fbd6201e761f3ef6090,1,L,CF1,0-20%,ORIGINAL_OPERATOR,operator_random,random,False,0,1,1,False,40000.0,,numeric_robust_z:critical_overlap_fraction,numeric_robust_z:critical_overlap_fraction
CB1_CAUR_L_CF1_RI2_TI2_R12__seed691201__it0000050,CB1_CAUR_L_CF1_RI2_TI2_R12,ts_aa5d6547275c0554c8cd,1,L,CF1,0-20%,STRUCTURED_NEAR_NEIGHBOR,near_high_W_delay,related,True,0,1,1,False,40000.0,,numeric_robust_z:critical_overlap_fraction,numeric_robust_z:critical_overlap_fraction
CB1_CAUR_L_CF1_RI2_TI2_R12__seed691201__it0000050,CB1_CAUR_L_CF1_RI2_TI2_R12,ts_aea1098d1cb38fc414db,1,L,CF1,0-20%,MATCHED_RANDOM,matched_random_1,random,False,0,1,1,False,40000.0,,numeric_robust_z:critical_overlap_fraction,numeric_robust_z:critical_overlap_fraction
CB1_CAUR_L_CF1_RI2_TI2_R12__seed691201__it0000050,CB1_CAUR_L_CF1_RI2_TI2_R12,ts_c80114c3f9fdfa2a7625,1,L,CF1,0-20%,RELATED_VARIANT,related_variant_2,related,False,0,1,1,False,40000.0,,numeric_robust_z:critical_overlap_fraction,numeric_robust_z:critical_overlap_fraction
CB1_CAUR_L_CF1_RI2_TI2_R12__seed691201__it0000050,CB1_CAUR_L_CF1_RI2_TI2_R12,ts_c95aa949f72a460c1917,1,L,CF1,0-20%,LOCAL_PERTURBATION,related_replace_25,related,False,0,1,1,False,40000.0,,numeric_robust_z:critical_overlap_fraction,numeric_robust_z:critical_overlap_fraction
CB1_CAUR_L_CF1_RI2_TI2_R12__seed691201__it0000050,CB1_CAUR_L_CF1_RI2_TI2_R12,ts_ed0d80616da75918169c,1,L,CF1,0-20%,LOCAL_PERTURBATION,one_operation_swap,related,False,0,1,1,False,40000.0,,numeric_robust_z:critical_overlap_fraction,numeric_robust_z:critical_overlap_fraction
CB1_CAUR_L_CF1_RI2_TI2_R12__seed691201__it0000091,CB1_CAUR_L_CF1_RI2_TI2_R12,ts_6af7a8107230bf3cc5ce,1,L,CF1,20-40%,STRUCTURED_NEAR_NEIGHBOR,near_low_slack,related,True,0,1,1,False,40000.0,,numeric_robust_z:critical_overlap_fraction,numeric_robust_z:critical_overlap_fraction
CB1_CAUR_L_CF1_RI2_TI2_R12__seed691201__it0000091,CB1_CAUR_L_CF1_RI2_TI2_R12,ts_b0746d39716380e1c8b7,1,L,CF1,20-40%,RELATED_VARIANT,related_variant_2,related,False,0,1,1,False,40000.0,,numeric_robust_z:critical_overlap_fraction,numeric_robust_z:critical_overlap_fraction
CB1_CAUR_L_CF1_RI2_TI2_R12__seed691201__it0000091,CB1_CAUR_L_CF1_RI2_TI2_R12,ts_d7245c95466e79b401fb,1,L,CF1,20-40%,ORIGINAL_OPERATOR,operator_critical,critical,False,0,1,1,False,40000.0,,numeric_robust_z:critical_overlap_fraction,numeric_robust_z:critical_overlap_fraction
CB1_CAUR_L_CF1_RI2_TI2_R12__seed691201__it0000091,CB1_CAUR_L_CF1_RI2_TI2_R12,ts_e7264dd48c0315d9616f,1,L,CF1,20-40%,ORIGINAL_OPERATOR,operator_related,related,False,0,1,1,False,1000000.0,,numeric_robust_z:is_fallback,numeric_robust_z:is_fallback
CB1_CAUR_L_CF1_RI2_TI2_R12__seed691201__it0000128,CB1_CAUR_L_CF1_RI2_TI2_R12,ts_5cb361bbd451334d4305,1,L,CF1,40-60%,LOCAL_PERTURBATION,related_replace_50,related,False,0,1,1,False,40000.0,,numeric_robust_z:critical_overlap_fraction,numeric_robust_z:critical_overlap_fraction
CB1_CAUR_L_CF1_RI2_TI2_R12__seed691201__it0000128,CB1_CAUR_L_CF1_RI2_TI2_R12,ts_882947b5cc462e46a38e,1,L,CF1,40-60%,ORIGINAL_OPERATOR,operator_related,related,False,0,1,1,False,1000000.0,,numeric_robust_z:is_fallback,numeric_robust_z:is_fallback
CB1_CAUR_L_CF1_RI2_TI2_R12__seed691201__it0000128,CB1_CAUR_L_CF1_RI2_TI2_R12,ts_9d2c68b0b2e71a3617af,1,L,CF1,40-60%,ORIGINAL_OPERATOR,operator_critical,critical,False,0,1,1,False,40000.0,,numeric_robust_z:critical_overlap_fraction,numeric_robust_z:critical_overlap_fraction
CB1_CAUR_L_CF1_RI2_TI2_R12__seed691201__it0000128,CB1_CAUR_L_CF1_RI2_TI2_R12,ts_c8a971c034f3870031d1,1,L,CF1,40-60%,STRUCTURED_NEAR_NEIGHBOR,near_low_slack,related,False,0,1,1,False,40000.0,,numeric_robust_z:critical_overlap_fraction,numeric_robust_z:critical_overlap_fraction
CB1_CAUR_L_CF1_RI2_TI2_R12__seed691201__it0000128,CB1_CAUR_L_CF1_RI2_TI2_R12,ts_dd86eadf56928cbe1b02,1,L,CF1,40-60%,RELATED_VARIANT,related_variant_1,related,False,0,1,1,False,40000.0,,numeric_robust_z:critical_overlap_fraction,numeric_robust_z:critical_overlap_fraction
CB1_CAUR_L_CF1_RI2_TI2_R12__seed691201__it0000165,CB1_CAUR_L_CF1_RI2_TI2_R12,ts_12fc14658f3f32b8bac3,1,L,CF1,40-60%,ORIGINAL_OPERATOR,operator_random,random,False,0,1,1,False,40000.0,,numeric_robust_z:critical_overlap_fraction,numeric_robust_z:critical_overlap_fraction
CB1_CAUR_L_CF1_RI2_TI2_R12__seed691201__it0000165,CB1_CAUR_L_CF1_RI2_TI2_R12,ts_763dd0448f14355d2a79,1,L,CF1,40-60%,ORIGINAL_OPERATOR,operator_high_reconfiguration,high_reconfiguration,False,0,1,1,False,40000.0,,numeric_robust_z:critical_overlap_fraction,numeric_robust_z:critical_overlap_fraction
CB1_CAUR_L_CF1_RI2_TI2_R12__seed691201__it0000165,CB1_CAUR_L_CF1_RI2_TI2_R12,ts_76d1fc57fa59a18988a4,1,L,CF1,40-60%,ORIGINAL_OPERATOR,operator_related,related,False,0,1,1,False,1000000.0,,numeric_robust_z:is_fallback,numeric_robust_z:is_fallback
CB1_CAUR_L_CF1_RI2_TI2_R12__seed691201__it0000165,CB1_CAUR_L_CF1_RI2_TI2_R12,ts_7dbc863982f5bc27d719,1,L,CF1,40-60%,ORIGINAL_OPERATOR,operator_critical,critical,False,0,1,1,False,40000.0,,numeric_robust_z:critical_overlap_fraction,numeric_robust_z:critical_overlap_fraction
CB1_CAUR_L_CF1_RI2_TI2_R12__seed691201__it0000165,CB1_CAUR_L_CF1_RI2_TI2_R12,ts_9e30743a34dfb449012a,1,L,CF1,40-60%,STRUCTURED_NEAR_NEIGHBOR,near_low_slack,related,True,0,1,1,False,40000.0,,numeric_robust_z:critical_overlap_fraction,numeric_robust_z:critical_overlap_fraction
CB1_CAUR_L_CF1_RI2_TI2_R12__seed691201__it0000165,CB1_CAUR_L_CF1_RI2_TI2_R12,ts_a534834e8749bc2a95a8,1,L,CF1,40-60%,RELATED_VARIANT,related_variant_1,related,False,0,1,1,False,40000.0,,numeric_robust_z:critical_overlap_fraction,numeric_robust_z:critical_overlap_fraction
CB1_CAUR_L_CF1_RI2_TI2_R12__seed691201__it0000165,CB1_CAUR_L_CF1_RI2_TI2_R12,ts_c38d2ff23ad9ab5a5a2f,1,L,CF1,40-60%,MATCHED_RANDOM,matched_random_2,random,False,0,1,1,False,40000.0,,numeric_robust_z:critical_overlap_fraction,numeric_robust_z:critical_overlap_fraction
CB1_CAUR_L_CF1_RI2_TI2_R12__seed691201__it0000205,CB1_CAUR_L_CF1_RI2_TI2_R12,ts_078221b12907e85ed92f,1,L,CF1,60-80%,ORIGINAL_OPERATOR,operator_critical,critical,False,0,1,1,False,160000.0,,numeric_robust_z:critical_overlap_fraction,numeric_robust_z:critical_overlap_fraction
CB1_CAUR_L_CF1_RI2_TI2_R12__seed691201__it0000205,CB1_CAUR_L_CF1_RI2_TI2_R12,ts_11a3963e88ebf6ef3e3c,1,L,CF1,60-80%,RELATED_VARIANT,related_variant_4,related,False,0,1,1,False,40000.0,,numeric_robust_z:critical_overlap_fraction,numeric_robust_z:critical_overlap_fraction
CB1_CAUR_L_CF1_RI2_TI2_R12__seed691201__it0000205,CB1_CAUR_L_CF1_RI2_TI2_R12,ts_23a631ec18cf3925b7bb,1,L,CF1,60-80%,ORIGINAL_OPERATOR,operator_related,related,False,0,1,1,False,1000000.0,,numeric_robust_z:is_fallback,numeric_robust_z:is_fallback
CB1_CAUR_L_CF1_RI2_TI2_R12__seed691201__it0000205,CB1_CAUR_L_CF1_RI2_TI2_R12,ts_24f6e9484a4b8007c935,1,L,CF1,60-80%,STRUCTURED_NEAR_NEIGHBOR,near_low_slack,related,False,0,1,1,False,120000.0,,numeric_robust_z:critical_overlap_fraction,numeric_robust_z:critical_overlap_fraction
CB1_CAUR_L_CF1_RI2_TI2_R12__seed691201__it0000205,CB1_CAUR_L_CF1_RI2_TI2_R12,ts_6fbadc102a12c1a96bf4,1,L,CF1,60-80%,ORIGINAL_OPERATOR,operator_f_bottleneck,f_bottleneck,False,0,1,1,False,40000.0,,numeric_robust_z:critical_overlap_fraction,numeric_robust_z:critical_overlap_fraction
CB1_CAUR_L_CF1_RI2_TI2_R12__seed691201__it0000205,CB1_CAUR_L_CF1_RI2_TI2_R12,ts_78b35128264433963a40,1,L,CF1,60-80%,ORIGINAL_OPERATOR,operator_random,random,False,0,1,1,False,40000.0,,numeric_robust_z:critical_overlap_fraction,numeric_robust_z:critical_overlap_fraction
CB1_CAUR_L_CF1_RI2_TI2_R12__seed691201__it0000205,CB1_CAUR_L_CF1_RI2_TI2_R12,ts_b350c7b2c4581520fa41,1,L,CF1,60-80%,ORIGINAL_OPERATOR,operator_high_reconfiguration,high_reconfiguration,False,0,1,1,False,40000.0,,numeric_robust_z:critical_overlap_fraction,numeric_robust_z:critical_overlap_fraction
CB1_CAUR_L_CF1_RI2_TI2_R12__seed691201__it0000205,CB1_CAUR_L_CF1_RI2_TI2_R12,ts_c3cc6ce94637b446cb78,1,L,CF1,60-80%,ORIGINAL_OPERATOR,operator_overloaded_island,overloaded_island,True,0,1,1,False,40000.0,,numeric_robust_z:critical_overlap_fraction,numeric_robust_z:critical_overlap_fraction
CB1_CAUR_L_CF1_RI2_TI2_R12__seed691201__it0000205,CB1_CAUR_L_CF1_RI2_TI2_R12,ts_d14ce967ba3a04b9e2d0,1,L,CF1,60-80%,RELATED_VARIANT,related_variant_1,related,False,0,1,1,False,120000.0,,numeric_robust_z:critical_overlap_fraction,numeric_robust_z:critical_overlap_fraction
CB1_CAUR_L_CF1_RI2_TI2_R12__seed691201__it0000205,CB1_CAUR_L_CF1_RI2_TI2_R12,ts_f04bcd4c64bc4700c6ea,1,L,CF1,60-80%,LOCAL_PERTURBATION,related_replace_50,related,False,0,1,1,False,40000.0,,numeric_robust_z:critical_overlap_fraction,numeric_robust_z:critical_overlap_fraction
CB1_CAUR_L_CF1_RI2_TI2_R12__seed691201__it0000242,CB1_CAUR_L_CF1_RI2_TI2_R12,ts_04ad5de84698409e54b6,1,L,CF1,80-100%,ORIGINAL_OPERATOR,operator_related,related,False,0,1,1,False,1000000.0,,numeric_robust_z:is_fallback,numeric_robust_z:is_fallback
CB1_CAUR_L_CF1_RI2_TI2_R12__seed691201__it0000242,CB1_CAUR_L_CF1_RI2_TI2_R12,ts_1b02468812e52631562b,1,L,CF1,80-100%,ORIGINAL_OPERATOR,operator_overloaded_island,overloaded_island,True,0,1,1,False,40000.0,,numeric_robust_z:critical_overlap_fraction,numeric_robust_z:critical_overlap_fraction
CB1_CAUR_L_CF1_RI2_TI2_R12__seed691201__it0000242,CB1_CAUR_L_CF1_RI2_TI2_R12,ts_58c21e361535d88367a6,1,L,CF1,80-100%,LOCAL_PERTURBATION,related_replace_50,related,False,0,1,1,False,40000.0,,numeric_robust_z:critical_overlap_fraction,numeric_robust_z:critical_overlap_fraction
CB1_CAUR_L_CF1_RI2_TI2_R12__seed691201__it0000242,CB1_CAUR_L_CF1_RI2_TI2_R12,ts_bb4bcdd6b7df912fe6e2,1,L,CF1,80-100%,ORIGINAL_OPERATOR,operator_critical,critical,False,0,1,1,False,40000.0,,numeric_robust_z:critical_overlap_fraction,numeric_robust_z:critical_overlap_fraction
CB1_CAUR_L_CF1_RI2_TI2_R12__seed691201__it0000242,CB1_CAUR_L_CF1_RI2_TI2_R12,ts_c38ba5c087bcd2adf51b,1,L,CF1,80-100%,STRUCTURED_NEAR_NEIGHBOR,near_low_slack,related,False,0,1,1,False,40000.0,,numeric_robust_z:critical_overlap_fraction,numeric_robust_z:critical_overlap_fraction
CB1_CAUR_L_CF1_RI2_TI2_R12__seed691201__it0000242,CB1_CAUR_L_CF1_RI2_TI2_R12,ts_cb9ab08ebb2fe566169f,1,L,CF1,80-100%,ORIGINAL_OPERATOR,operator_high_reconfiguration,high_reconfiguration,False,0,1,1,False,40000.0,,numeric_robust_z:critical_overlap_fraction,numeric_robust_z:critical_overlap_fraction
CB1_CAUR_L_CF1_RI2_TI2_R12__seed691201__it0000242,CB1_CAUR_L_CF1_RI2_TI2_R12,ts_f832bd5ffbba1bef5b45,1,L,CF1,80-100%,RELATED_VARIANT,related_variant_2,related,False,0,1,1,False,40000.0,,numeric_robust_z:critical_overlap_fraction,numeric_robust_z:critical_overlap_fraction
CB1_CAUR_L_CF1_RI2_TI2_R12__seed691201__it0000270,CB1_CAUR_L_CF1_RI2_TI2_R12,ts_042906a16ba2a32b3ba7,1,L,CF1,80-100%,ORIGINAL_OPERATOR,operator_overloaded_island,overloaded_island,True,0,1,1,False,40000.0,,numeric_robust_z:critical_overlap_fraction,numeric_robust_z:critical_overlap_fraction
CB1_CAUR_L_CF1_RI2_TI2_R12__seed691201__it0000270,CB1_CAUR_L_CF1_RI2_TI2_R12,ts_3384caff9c2600cb38b2,1,L,CF1,80-100%,STRUCTURED_NEAR_NEIGHBOR,near_low_slack,related,False,0,1,1,False,40000.0,,numeric_robust_z:critical_overlap_fraction,numeric_robust_z:critical_overlap_fraction
CB1_CAUR_L_CF1_RI2_TI2_R12__seed691201__it0000270,CB1_CAUR_L_CF1_RI2_TI2_R12,ts_556701bc5286bf8e8889,1,L,CF1,80-100%,RELATED_VARIANT,related_variant_1,related,False,0,1,1,False,40000.0,,numeric_robust_z:critical_overlap_fraction,numeric_robust_z:critical_overlap_fraction
CB1_CAUR_L_CF1_RI2_TI2_R12__seed691201__it0000270,CB1_CAUR_L_CF1_RI2_TI2_R12,ts_893dbca0ffed7434d0f7,1,L,CF1,80-100%,LOCAL_PERTURBATION,related_replace_50,related,False,0,1,1,False,40000.0,,numeric_robust_z:critical_overlap_fraction,numeric_robust_z:critical_overlap_fraction
CB1_CAUR_L_CF1_RI2_TI2_R12__seed691201__it0000270,CB1_CAUR_L_CF1_RI2_TI2_R12,ts_9e05b06e8103f2823924,1,L,CF1,80-100%,ORIGINAL_OPERATOR,operator_critical,critical,False,0,1,1,False,40000.0,,numeric_robust_z:critical_overlap_fraction,numeric_robust_z:critical_overlap_fraction
CB1_CAUR_L_CF1_RI2_TI2_R12__seed691201__it0000270,CB1_CAUR_L_CF1_RI2_TI2_R12,ts_e32d00fd77aa58970444,1,L,CF1,80-100%,RELATED_VARIANT,related_variant_3,related,False,0,1,1,False,40000.0,,numeric_robust_z:critical_overlap_fraction,numeric_robust_z:critical_overlap_fraction
CB1_CAUR_L_CF1_RI2_TI2_R12__seed691201__it0000270,CB1_CAUR_L_CF1_RI2_TI2_R12,ts_e4a9b5dae7db8d97cf40,1,L,CF1,80-100%,ORIGINAL_OPERATOR,operator_related,related,False,0,1,1,False,1000000.0,,numeric_robust_z:is_fallback,numeric_robust_z:is_fallback
CB1_CAUR_L_CF1_RI2_TI2_R12__seed691202__it0000012,CB1_CAUR_L_CF1_RI2_TI2_R12,ts_3975939f269ba62fe4a3,1,L,CF1,0-20%,RELATED_VARIANT,related_variant_3,related,False,0,1,1,False,40000.0,,numeric_robust_z:critical_overlap_fraction,numeric_robust_z:critical_overlap_fraction
CB1_CAUR_L_CF1_RI2_TI2_R12__seed691202__it0000012,CB1_CAUR_L_CF1_RI2_TI2_R12,ts_a253adecefe15a91a85b,1,L,CF1,0-20%,ORIGINAL_OPERATOR,operator_related,related,False,0,1,1,False,1000000.0,,numeric_robust_z:is_fallback,numeric_robust_z:is_fallback
CB1_CAUR_L_CF1_RI2_TI2_R12__seed691202__it0000012,CB1_CAUR_L_CF1_RI2_TI2_R12,ts_c3bde0316c587869fcb2,1,L,CF1,0-20%,ORIGINAL_OPERATOR,operator_critical,critical,False,0,1,1,False,40000.0,,numeric_robust_z:critical_overlap_fraction,numeric_robust_z:critical_overlap_fraction
CB1_CAUR_L_CF1_RI2_TI2_R12__seed691202__it0000012,CB1_CAUR_L_CF1_RI2_TI2_R12,ts_d1c3af669fd1c6608193,1,L,CF1,0-20%,STRUCTURED_NEAR_NEIGHBOR,near_low_slack,related,True,0,1,1,False,40000.0,,numeric_robust_z:critical_overlap_fraction,numeric_robust_z:critical_overlap_fraction
CB1_CAUR_L_CF1_RI2_TI2_R12__seed691202__it0000050,CB1_CAUR_L_CF1_RI2_TI2_R12,ts_727521278cb5c16f43a9,1,L,CF1,0-20%,RELATED_VARIANT,related_variant_1,related,False,0,1,1,False,40000.0,,numeric_robust_z:critical_overlap_fraction,numeric_robust_z:critical_overlap_fraction
CB1_CAUR_L_CF1_RI2_TI2_R12__seed691202__it0000050,CB1_CAUR_L_CF1_RI2_TI2_R12,ts_76bfd3c236f26d9c0698,1,L,CF1,0-20%,STRUCTURED_NEAR_NEIGHBOR,near_low_slack,related,False,0,1,1,False,40000.0,,numeric_robust_z:critical_overlap_fraction,numeric_robust_z:critical_overlap_fraction
CB1_CAUR_L_CF1_RI2_TI2_R12__seed691202__it0000050,CB1_CAUR_L_CF1_RI2_TI2_R12,ts_82105d7e4f9dff78cbad,1,L,CF1,0-20%,ORIGINAL_OPERATOR,operator_related,related,False,0,1,1,False,1000000.0,,numeric_robust_z:is_fallback,numeric_robust_z:is_fallback
CB1_CAUR_L_CF1_RI2_TI2_R12__seed691202__it0000050,CB1_CAUR_L_CF1_RI2_TI2_R12,ts_86cdbbd1baccf94413df,1,L,CF1,0-20%,RELATED_VARIANT,related_variant_4,related,False,0,1,1,False,40000.0,,numeric_robust_z:critical_overlap_fraction,numeric_robust_z:critical_overlap_fraction
CB1_CAUR_L_CF1_RI2_TI2_R12__seed691202__it0000050,CB1_CAUR_L_CF1_RI2_TI2_R12,ts_eef5822d1080614b7f0d,1,L,CF1,0-20%,ORIGINAL_OPERATOR,operator_critical,critical,False,0,1,1,False,40000.0,,numeric_robust_z:critical_overlap_fraction,numeric_robust_z:critical_overlap_fraction
CB1_CAUR_L_CF1_RI2_TI2_R12__seed691202__it0000091,CB1_CAUR_L_CF1_RI2_TI2_R12,ts_244a433c03ec5068a041,1,L,CF1,20-40%,ORIGINAL_OPERATOR,operator_critical,critical,False,0,2,2,True,120000.0,,numeric_robust_z:critical_overlap_fraction+numeric_robust_z:bottleneck_overlap_fraction,numeric_robust_z:critical_overlap_fraction+numeric_robust_z:bottleneck_overlap_fraction
CB1_CAUR_L_CF1_RI2_TI2_R12__seed691202__it0000091,CB1_CAUR_L_CF1_RI2_TI2_R12,ts_27016635caaa3453668d,1,L,CF1,20-40%,MATCHED_RANDOM,matched_random_2,random,False,0,1,1,False,80000.0,,numeric_robust_z:critical_overlap_fraction,numeric_robust_z:critical_overlap_fraction
CB1_CAUR_L_CF1_RI2_TI2_R12__seed691202__it0000091,CB1_CAUR_L_CF1_RI2_TI2_R12,ts_2d45d9b4eee14ef03966,1,L,CF1,20-40%,ORIGINAL_OPERATOR,operator_related,related,False,0,1,1,False,1000000.0,,numeric_robust_z:is_fallback,numeric_robust_z:is_fallback
CB1_CAUR_L_CF1_RI2_TI2_R12__seed691202__it0000091,CB1_CAUR_L_CF1_RI2_TI2_R12,ts_3c9139b13d8bfff7e952,1,L,CF1,20-40%,MATCHED_RANDOM,matched_random_3,random,False,0,1,1,False,80000.0,,numeric_robust_z:critical_overlap_fraction,numeric_robust_z:critical_overlap_fraction
CB1_CAUR_L_CF1_RI2_TI2_R12__seed691202__it0000091,CB1_CAUR_L_CF1_RI2_TI2_R12,ts_69bcc101ac92f937536b,1,L,CF1,20-40%,ORIGINAL_OPERATOR,operator_f_bottleneck,f_bottleneck,False,0,1,1,False,40000.0,,numeric_robust_z:critical_overlap_fraction,numeric_robust_z:critical_overlap_fraction
CB1_CAUR_L_CF1_RI2_TI2_R12__seed691202__it0000091,CB1_CAUR_L_CF1_RI2_TI2_R12,ts_90d050967c2dbfd8560a,1,L,CF1,20-40%,STRUCTURED_NEAR_NEIGHBOR,near_low_slack,related,False,0,1,1,False,120000.0,,numeric_robust_z:critical_overlap_fraction,numeric_robust_z:critical_overlap_fraction
CB1_CAUR_L_CF1_RI2_TI2_R12__seed691202__it0000091,CB1_CAUR_L_CF1_RI2_TI2_R12,ts_9630e3e8de6650722955,1,L,CF1,20-40%,ORIGINAL_OPERATOR,operator_overloaded_island,overloaded_island,True,0,1,1,False,120000.0,,numeric_robust_z:critical_overlap_fraction,numeric_robust_z:critical_overlap_fraction
CB1_CAUR_L_CF1_RI2_TI2_R12__seed691202__it0000091,CB1_CAUR_L_CF1_RI2_TI2_R12,ts_a9ff79f619fc34fe40c2,1,L,CF1,20-40%,RELATED_VARIANT,related_variant_4,related,False,0,1,1,False,40000.0,,numeric_robust_z:critical_overlap_fraction,numeric_robust_z:critical_overlap_fraction
CB1_CAUR_L_CF1_RI2_TI2_R12__seed691202__it0000091,CB1_CAUR_L_CF1_RI2_TI2_R12,ts_f9a51ff126fbfbcd7574,1,L,CF1,20-40%,RELATED_VARIANT,related_variant_3,related,False,0,1,1,False,40000.0,,numeric_robust_z:critical_overlap_fraction,numeric_robust_z:critical_overlap_fraction
CB1_CAUR_L_CF1_RI2_TI2_R12__seed691202__it0000129,CB1_CAUR_L_CF1_RI2_TI2_R12,ts_3c42758d957a3ad20135,1,L,CF1,40-60%,ORIGINAL_OPERATOR,operator_related,related,False,0,1,1,False,1000000.0,,numeric_robust_z:is_fallback,numeric_robust_z:is_fallback
CB1_CAUR_L_CF1_RI2_TI2_R12__seed691202__it0000129,CB1_CAUR_L_CF1_RI2_TI2_R12,ts_6d26b20a451b7e0fc914,1,L,CF1,40-60%,RELATED_VARIANT,related_variant_1,related,False,0,1,1,False,40000.0,,numeric_robust_z:critical_overlap_fraction,numeric_robust_z:critical_overlap_fraction
CB1_CAUR_L_CF1_RI2_TI2_R12__seed691202__it0000129,CB1_CAUR_L_CF1_RI2_TI2_R12,ts_757160e31fe3bb4b861a,1,L,CF1,40-60%,ORIGINAL_OPERATOR,operator_critical,critical,False,0,1,1,False,40000.0,,numeric_robust_z:critical_overlap_fraction,numeric_robust_z:critical_overlap_fraction
CB1_CAUR_L_CF1_RI2_TI2_R12__seed691202__it0000129,CB1_CAUR_L_CF1_RI2_TI2_R12,ts_8e4f587c0479a625bca4,1,L,CF1,40-60%,ORIGINAL_OPERATOR,operator_f_bottleneck,f_bottleneck,False,0,1,1,False,40000.0,,numeric_robust_z:critical_overlap_fraction,numeric_robust_z:critical_overlap_fraction
CB1_CAUR_L_CF1_RI2_TI2_R12__seed691202__it0000129,CB1_CAUR_L_CF1_RI2_TI2_R12,ts_bbac505fa695a59eb792,1,L,CF1,40-60%,STRUCTURED_NEAR_NEIGHBOR,near_low_slack,related,False,0,1,1,False,40000.0,,numeric_robust_z:critical_overlap_fraction,numeric_robust_z:critical_overlap_fraction
CB1_CAUR_L_CF1_RI2_TI2_R12__seed691202__it0000129,CB1_CAUR_L_CF1_RI2_TI2_R12,ts_f3fdb0eb8740c4506c03,1,L,CF1,40-60%,ORIGINAL_OPERATOR,operator_random,random,False,0,1,1,False,40000.0,,numeric_robust_z:critical_overlap_fraction,numeric_robust_z:critical_overlap_fraction
CB1_CAUR_L_CF1_RI2_TI2_R12__seed691202__it0000167,CB1_CAUR_L_CF1_RI2_TI2_R12,ts_45e22e148f040a41a5ef,1,L,CF1,40-60%,RELATED_VARIANT,related_variant_1,related,False,0,1,1,False,40000.0,,numeric_robust_z:critical_overlap_fraction,numeric_robust_z:critical_overlap_fraction
CB1_CAUR_L_CF1_RI2_TI2_R12__seed691202__it0000167,CB1_CAUR_L_CF1_RI2_TI2_R12,ts_6b1e5aaaa859bb90c51b,1,L,CF1,40-60%,STRUCTURED_NEAR_NEIGHBOR,near_low_slack,related,False,0,1,1,False,40000.0,,numeric_robust_z:critical_overlap_fraction,numeric_robust_z:critical_overlap_fraction
CB1_CAUR_L_CF1_RI2_TI2_R12__seed691202__it0000167,CB1_CAUR_L_CF1_RI2_TI2_R12,ts_b21787ceaeb6db032b07,1,L,CF1,40-60%,ORIGINAL_OPERATOR,operator_related,related,False,0,1,1,False,1000000.0,,numeric_robust_z:is_fallback,numeric_robust_z:is_fallback
CB1_CAUR_L_CF1_RI2_TI2_R12__seed691202__it0000167,CB1_CAUR_L_CF1_RI2_TI2_R12,ts_b338e91977deede5dc9a,1,L,CF1,40-60%,RELATED_VARIANT,related_variant_4,related,False,0,1,1,False,40000.0,,numeric_robust_z:critical_overlap_fraction,numeric_robust_z:critical_overlap_fraction
CB1_CAUR_L_CF1_RI2_TI2_R12__seed691202__it0000167,CB1_CAUR_L_CF1_RI2_TI2_R12,ts_c36ca88e99c6ee6518ea,1,L,CF1,40-60%,MATCHED_RANDOM,matched_random_1,random,False,0,1,1,False,40000.0,,numeric_robust_z:critical_overlap_fraction,numeric_robust_z:critical_overlap_fraction
CB1_CAUR_L_CF1_RI2_TI2_R12__seed691202__it0000167,CB1_CAUR_L_CF1_RI2_TI2_R12,ts_c5b81143ab40f8bccaaf,1,L,CF1,40-60%,ORIGINAL_OPERATOR,operator_critical,critical,False,0,1,1,False,40000.0,,numeric_robust_z:critical_overlap_fraction,numeric_robust_z:critical_overlap_fraction
CB1_CAUR_L_CF1_RI2_TI2_R12__seed691202__it0000167,CB1_CAUR_L_CF1_RI2_TI2_R12,ts_ff355121d9fb18ec8d81,1,L,CF1,40-60%,ORIGINAL_OPERATOR,operator_high_reconfiguration,high_reconfiguration,True,0,1,1,False,40000.0,,numeric_robust_z:critical_overlap_fraction,numeric_robust_z:critical_overlap_fraction
CB1_CAUR_L_CF1_RI2_TI2_R12__seed691202__it0000208,CB1_CAUR_L_CF1_RI2_TI2_R12,ts_028010d8d32bb9759830,1,L,CF1,60-80%,STRUCTURED_NEAR_NEIGHBOR,near_same_product,related,False,0,1,1,False,40000.0,,numeric_robust_z:critical_overlap_fraction,numeric_robust_z:critical_overlap_fraction
CB1_CAUR_L_CF1_RI2_TI2_R12__seed691202__it0000208,CB1_CAUR_L_CF1_RI2_TI2_R12,ts_106ae1b7503bbcbfb078,1,L,CF1,60-80%,ORIGINAL_OPERATOR,operator_related,related,False,0,1,1,False,1000000.0,,numeric_robust_z:is_fallback,numeric_robust_z:is_fallback
CB1_CAUR_L_CF1_RI2_TI2_R12__seed691202__it0000208,CB1_CAUR_L_CF1_RI2_TI2_R12,ts_76a88e6be4f0c47ddf54,1,L,CF1,60-80%,STRUCTURED_NEAR_NEIGHBOR,near_precedence_neighbor,related,False,0,1,1,False,40000.0,,numeric_robust_z:critical_overlap_fraction,numeric_robust_z:critical_overlap_fraction
CB1_CAUR_L_CF1_RI2_TI2_R12__seed691202__it0000208,CB1_CAUR_L_CF1_RI2_TI2_R12,ts_80e22f26e03ad7a6ecb9,1,L,CF1,60-80%,STRUCTURED_NEAR_NEIGHBOR,near_low_slack,related,False,0,1,1,False,40000.0,,numeric_robust_z:critical_overlap_fraction,numeric_robust_z:critical_overlap_fraction
CB1_CAUR_L_CF1_RI2_TI2_R12__seed691202__it0000208,CB1_CAUR_L_CF1_RI2_TI2_R12,ts_a445876e4f01596ffbfe,1,L,CF1,60-80%,ORIGINAL_OPERATOR,operator_critical,critical,False,0,1,1,False,40000.0,,numeric_robust_z:critical_overlap_fraction,numeric_robust_z:critical_overlap_fraction
CB1_CAUR_L_CF1_RI2_TI2_R12__seed691202__it0000245,CB1_CAUR_L_CF1_RI2_TI2_R12,ts_3c5eaa4eea7b00093e40,1,L,CF1,80-100%,STRUCTURED_NEAR_NEIGHBOR,near_low_slack,related,False,0,1,1,False,40000.0,,numeric_robust_z:critical_overlap_fraction,numeric_robust_z:critical_overlap_fraction
CB1_CAUR_L_CF1_RI2_TI2_R12__seed691202__it0000245,CB1_CAUR_L_CF1_RI2_TI2_R12,ts_59c49e81c740f68e3f59,1,L,CF1,80-100%,RELATED_VARIANT,related_variant_4,related,False,0,1,1,False,40000.0,,numeric_robust_z:critical_overlap_fraction,numeric_robust_z:critical_overlap_fraction
CB1_CAUR_L_CF1_RI2_TI2_R12__seed691202__it0000245,CB1_CAUR_L_CF1_RI2_TI2_R12,ts_8f2a3155714c38f451e1,1,L,CF1,80-100%,ORIGINAL_OPERATOR,operator_related,related,False,0,3,3,True,1000000.0,,numeric_robust_z:origin_rule_count+numeric_robust_z:origin_family_count+numeric_robust_z:is_fallback,numeric_robust_z:origin_rule_count+numeric_robust_z:origin_family_count+numeric_robust_z:is_fallback
CB1_CAUR_L_CF1_RI2_TI2_R12__seed691202__it0000245,CB1_CAUR_L_CF1_RI2_TI2_R12,ts_f576ea9320f858db2390,1,L,CF1,80-100%,ORIGINAL_OPERATOR,operator_critical,critical,False,0,1,1,False,40000.0,,numeric_robust_z:critical_overlap_fraction,numeric_robust_z:critical_overlap_fraction
CB1_CAUR_L_CF1_RI2_TI2_R12__seed691202__it0000274,CB1_CAUR_L_CF1_RI2_TI2_R12,ts_2304103ebcaa103b4707,1,L,CF1,80-100%,LOCAL_PERTURBATION,related_replace_50,related,False,0,1,1,False,40000.0,,numeric_robust_z:critical_overlap_fraction,numeric_robust_z:critical_overlap_fraction
CB1_CAUR_L_CF1_RI2_TI2_R12__seed691202__it0000274,CB1_CAUR_L_CF1_RI2_TI2_R12,ts_3e1d840c1a7b5a657a42,1,L,CF1,80-100%,STRUCTURED_NEAR_NEIGHBOR,near_low_slack,related,False,0,1,1,False,40000.0,,numeric_robust_z:critical_overlap_fraction,numeric_robust_z:critical_overlap_fraction
CB1_CAUR_L_CF1_RI2_TI2_R12__seed691202__it0000274,CB1_CAUR_L_CF1_RI2_TI2_R12,ts_c9213c75f51197f39936,1,L,CF1,80-100%,ORIGINAL_OPERATOR,operator_related,related,False,0,1,1,False,1000000.0,,numeric_robust_z:is_fallback,numeric_robust_z:is_fallback
CB1_CAUR_L_CF1_RI2_TI2_R12__seed691202__it0000274,CB1_CAUR_L_CF1_RI2_TI2_R12,ts_eba2ab51a48d07bdc6bc,1,L,CF1,80-100%,ORIGINAL_OPERATOR,operator_critical,critical,False,0,1,1,False,40000.0,,numeric_robust_z:critical_overlap_fraction,numeric_robust_z:critical_overlap_fraction
CB1_CAUR_L_CF2_RI2_TI2_R12_C02__seed691201__it0000010,CB1_CAUR_L_CF2_RI2_TI2_R12_C02,ts_1fe31da9326bf496e568,2,L,CF2,0-20%,ORIGINAL_OPERATOR,operator_related,related,False,0,1,1,False,1000000.0,,numeric_robust_z:is_fallback,numeric_robust_z:is_fallback
CB1_CAUR_L_CF2_RI2_TI2_R12_C02__seed691201__it0000010,CB1_CAUR_L_CF2_RI2_TI2_R12_C02,ts_4fc56a003918fc983c89,2,L,CF2,0-20%,STRUCTURED_NEAR_NEIGHBOR,near_low_slack,related,False,0,1,1,False,34482.75862068966,,numeric_robust_z:critical_overlap_fraction,numeric_robust_z:critical_overlap_fraction
CB1_CAUR_L_CF2_RI2_TI2_R12_C02__seed691201__it0000010,CB1_CAUR_L_CF2_RI2_TI2_R12_C02,ts_d1617d217a3bc93812ee,2,L,CF2,0-20%,MATCHED_RANDOM,matched_random_2,random,False,0,1,1,False,34482.75862068966,,numeric_robust_z:critical_overlap_fraction,numeric_robust_z:critical_overlap_fraction
CB1_CAUR_L_CF2_RI2_TI2_R12_C02__seed691201__it0000010,CB1_CAUR_L_CF2_RI2_TI2_R12_C02,ts_f1c77355bc60488eabe8,2,L,CF2,0-20%,ORIGINAL_OPERATOR,operator_critical,critical,False,0,1,1,False,34482.75862068966,,numeric_robust_z:critical_overlap_fraction,numeric_robust_z:critical_overlap_fraction
CB1_CAUR_L_CF2_RI2_TI2_R12_C02__seed691201__it0000045,CB1_CAUR_L_CF2_RI2_TI2_R12_C02,ts_1b42d3915705fdd095b1,2,L,CF2,0-20%,ORIGINAL_OPERATOR,operator_critical,critical,False,0,1,1,False,34482.75862068966,,numeric_robust_z:critical_overlap_fraction,numeric_robust_z:critical_overlap_fraction
CB1_CAUR_L_CF2_RI2_TI2_R12_C02__seed691201__it0000045,CB1_CAUR_L_CF2_RI2_TI2_R12_C02,ts_68149e7e34045c9f2f94,2,L,CF2,0-20%,ORIGINAL_OPERATOR,operator_related,related,False,0,1,1,False,1000000.0,,numeric_robust_z:is_fallback,numeric_robust_z:is_fallback
CB1_CAUR_L_CF2_RI2_TI2_R12_C02__seed691201__it0000045,CB1_CAUR_L_CF2_RI2_TI2_R12_C02,ts_c839a7277011473b788c,2,L,CF2,0-20%,RELATED_VARIANT,related_variant_1,related,False,0,1,1,False,34482.75862068966,,numeric_robust_z:critical_overlap_fraction,numeric_robust_z:critical_overlap_fraction
CB1_CAUR_L_CF2_RI2_TI2_R12_C02__seed691201__it0000045,CB1_CAUR_L_CF2_RI2_TI2_R12_C02,ts_fb785d5d8270b34dd5a3,2,L,CF2,0-20%,STRUCTURED_NEAR_NEIGHBOR,near_low_slack,related,False,0,1,1,False,34482.75862068966,,numeric_robust_z:critical_overlap_fraction,numeric_robust_z:critical_overlap_fraction
CB1_CAUR_L_CF2_RI2_TI2_R12_C02__seed691201__it0000084,CB1_CAUR_L_CF2_RI2_TI2_R12_C02,ts_105241a68112b394203a,2,L,CF2,20-40%,STRUCTURED_NEAR_NEIGHBOR,near_low_slack,related,False,0,1,1,False,34482.75862068966,,numeric_robust_z:critical_overlap_fraction,numeric_robust_z:critical_overlap_fraction
CB1_CAUR_L_CF2_RI2_TI2_R12_C02__seed691201__it0000084,CB1_CAUR_L_CF2_RI2_TI2_R12_C02,ts_1e773cbbc6f294388dda,2,L,CF2,20-40%,STRUCTURED_NEAR_NEIGHBOR,near_high_F_delay,related,False,0,1,1,False,34482.75862068966,,numeric_robust_z:critical_overlap_fraction,numeric_robust_z:critical_overlap_fraction
CB1_CAUR_L_CF2_RI2_TI2_R12_C02__seed691201__it0000084,CB1_CAUR_L_CF2_RI2_TI2_R12_C02,ts_289b82be751e18a60262,2,L,CF2,20-40%,STRUCTURED_NEAR_NEIGHBOR,near_precedence_neighbor,related,False,0,1,1,False,34482.75862068966,,numeric_robust_z:critical_overlap_fraction,numeric_robust_z:critical_overlap_fraction
CB1_CAUR_L_CF2_RI2_TI2_R12_C02__seed691201__it0000084,CB1_CAUR_L_CF2_RI2_TI2_R12_C02,ts_2dc57e88322ee1e8d94a,2,L,CF2,20-40%,ORIGINAL_OPERATOR,operator_critical,critical,False,0,1,1,False,34482.75862068966,,numeric_robust_z:critical_overlap_fraction,numeric_robust_z:critical_overlap_fraction
CB1_CAUR_L_CF2_RI2_TI2_R12_C02__seed691201__it0000084,CB1_CAUR_L_CF2_RI2_TI2_R12_C02,ts_34892bbe6cc10d539a9f,2,L,CF2,20-40%,LOCAL_PERTURBATION,related_replace_50,related,False,0,1,1,False,34482.75862068966,,numeric_robust_z:critical_overlap_fraction,numeric_robust_z:critical_overlap_fraction
CB1_CAUR_L_CF2_RI2_TI2_R12_C02__seed691201__it0000084,CB1_CAUR_L_CF2_RI2_TI2_R12_C02,ts_35781eec56db7d1cd05c,2,L,CF2,20-40%,ORIGINAL_OPERATOR,operator_related,related,False,0,2,2,True,1000000.0,,numeric_robust_z:critical_overlap_fraction+numeric_robust_z:is_fallback,numeric_robust_z:critical_overlap_fraction+numeric_robust_z:is_fallback
CB1_CAUR_L_CF2_RI2_TI2_R12_C02__seed691201__it0000084,CB1_CAUR_L_CF2_RI2_TI2_R12_C02,ts_3c1de7dcf2692c6985f4,2,L,CF2,20-40%,ORIGINAL_OPERATOR,operator_f_bottleneck,f_bottleneck,False,0,1,1,False,34482.75862068966,,numeric_robust_z:critical_overlap_fraction,numeric_robust_z:critical_overlap_fraction
CB1_CAUR_L_CF2_RI2_TI2_R12_C02__seed691201__it0000084,CB1_CAUR_L_CF2_RI2_TI2_R12_C02,ts_48c6a87e11ab95ab5394,2,L,CF2,20-40%,ORIGINAL_OPERATOR,operator_w_bottleneck,w_bottleneck,False,0,1,1,False,34482.75862068966,,numeric_robust_z:critical_overlap_fraction,numeric_robust_z:critical_overlap_fraction
CB1_CAUR_L_CF2_RI2_TI2_R12_C02__seed691201__it0000084,CB1_CAUR_L_CF2_RI2_TI2_R12_C02,ts_4fca28a4c2fc81447a26,2,L,CF2,20-40%,LOCAL_PERTURBATION,two_operation_swap,related,False,0,1,1,False,34482.75862068966,,numeric_robust_z:critical_overlap_fraction,numeric_robust_z:critical_overlap_fraction
CB1_CAUR_L_CF2_RI2_TI2_R12_C02__seed691201__it0000084,CB1_CAUR_L_CF2_RI2_TI2_R12_C02,ts_52efe2100cb5227c8329,2,L,CF2,20-40%,LOCAL_PERTURBATION,one_operation_swap,related,False,0,1,1,False,34482.75862068966,,numeric_robust_z:critical_overlap_fraction,numeric_robust_z:critical_overlap_fraction
CB1_CAUR_L_CF2_RI2_TI2_R12_C02__seed691201__it0000084,CB1_CAUR_L_CF2_RI2_TI2_R12_C02,ts_872430a6fbdee3401191,2,L,CF2,20-40%,RELATED_VARIANT,related_variant_1,related,False,0,1,1,False,34482.75862068966,,numeric_robust_z:critical_overlap_fraction,numeric_robust_z:critical_overlap_fraction
CB1_CAUR_L_CF2_RI2_TI2_R12_C02__seed691201__it0000084,CB1_CAUR_L_CF2_RI2_TI2_R12_C02,ts_9dca8bd338b994cb50e4,2,L,CF2,20-40%,MATCHED_RANDOM,matched_random_3,random,False,0,1,1,False,34482.75862068966,,numeric_robust_z:critical_overlap_fraction,numeric_robust_z:critical_overlap_fraction
CB1_CAUR_L_CF2_RI2_TI2_R12_C02__seed691201__it0000084,CB1_CAUR_L_CF2_RI2_TI2_R12_C02,ts_9f38d1964e622944adb0,2,L,CF2,20-40%,ORIGINAL_OPERATOR,operator_high_reconfiguration,high_reconfiguration,False,0,1,1,False,34482.75862068966,,numeric_robust_z:critical_overlap_fraction,numeric_robust_z:critical_overlap_fraction
CB1_CAUR_L_CF2_RI2_TI2_R12_C02__seed691201__it0000084,CB1_CAUR_L_CF2_RI2_TI2_R12_C02,ts_fd33588882249f86f8ac,2,L,CF2,20-40%,STRUCTURED_NEAR_NEIGHBOR,near_high_W_delay,related,False,0,1,1,False,34482.75862068966,,numeric_robust_z:critical_overlap_fraction,numeric_robust_z:critical_overlap_fraction
CB1_CAUR_L_CF2_RI2_TI2_R12_C02__seed691201__it0000119,CB1_CAUR_L_CF2_RI2_TI2_R12_C02,ts_0e13af6638b787e00860,2,L,CF2,40-60%,ORIGINAL_OPERATOR,operator_related,related,False,0,1,1,False,1000000.0,,numeric_robust_z:is_fallback,numeric_robust_z:is_fallback
CB1_CAUR_L_CF2_RI2_TI2_R12_C02__seed691201__it0000119,CB1_CAUR_L_CF2_RI2_TI2_R12_C02,ts_8a9729891b05c680eec8,2,L,CF2,40-60%,ORIGINAL_OPERATOR,operator_critical,critical,False,0,1,1,False,34482.75862068966,,numeric_robust_z:critical_overlap_fraction,numeric_robust_z:critical_overlap_fraction
CB1_CAUR_L_CF2_RI2_TI2_R12_C02__seed691201__it0000119,CB1_CAUR_L_CF2_RI2_TI2_R12_C02,ts_99b562730477306feb0b,2,L,CF2,40-60%,STRUCTURED_NEAR_NEIGHBOR,near_low_slack,related,False,0,1,1,False,34482.75862068966,,numeric_robust_z:critical_overlap_fraction,numeric_robust_z:critical_overlap_fraction
CB1_CAUR_L_CF2_RI2_TI2_R12_C02__seed691201__it0000155,CB1_CAUR_L_CF2_RI2_TI2_R12_C02,ts_05fb3a00f7ae30ffb79c,2,L,CF2,40-60%,STRUCTURED_NEAR_NEIGHBOR,near_low_slack,related,False,0,1,1,False,34482.75862068966,,numeric_robust_z:critical_overlap_fraction,numeric_robust_z:critical_overlap_fraction
CB1_CAUR_L_CF2_RI2_TI2_R12_C02__seed691201__it0000155,CB1_CAUR_L_CF2_RI2_TI2_R12_C02,ts_43cacd50b4b966538a9a,2,L,CF2,40-60%,ORIGINAL_OPERATOR,operator_critical,critical,False,0,1,1,False,34482.75862068966,,numeric_robust_z:critical_overlap_fraction,numeric_robust_z:critical_overlap_fraction
CB1_CAUR_L_CF2_RI2_TI2_R12_C02__seed691201__it0000155,CB1_CAUR_L_CF2_RI2_TI2_R12_C02,ts_9355fb8324e1f5a99990,2,L,CF2,40-60%,ORIGINAL_OPERATOR,operator_related,related,False,0,1,1,False,1000000.0,,numeric_robust_z:is_fallback,numeric_robust_z:is_fallback
CB1_CAUR_L_CF2_RI2_TI2_R12_C02__seed691201__it0000194,CB1_CAUR_L_CF2_RI2_TI2_R12_C02,ts_5107204100c38f617e6e,2,L,CF2,60-80%,STRUCTURED_NEAR_NEIGHBOR,near_low_slack,related,False,0,1,1,False,34482.75862068966,,numeric_robust_z:critical_overlap_fraction,numeric_robust_z:critical_overlap_fraction
CB1_CAUR_L_CF2_RI2_TI2_R12_C02__seed691201__it0000194,CB1_CAUR_L_CF2_RI2_TI2_R12_C02,ts_5301270edcb6f4a5ddbd,2,L,CF2,60-80%,ORIGINAL_OPERATOR,operator_related,related,False,0,1,1,False,1000000.0,,numeric_robust_z:is_fallback,numeric_robust_z:is_fallback
CB1_CAUR_L_CF2_RI2_TI2_R12_C02__seed691201__it0000194,CB1_CAUR_L_CF2_RI2_TI2_R12_C02,ts_6d2e10009794d2b22f32,2,L,CF2,60-80%,ORIGINAL_OPERATOR,operator_w_bottleneck,w_bottleneck,False,0,1,1,False,34482.75862068966,,numeric_robust_z:critical_overlap_fraction,numeric_robust_z:critical_overlap_fraction
CB1_CAUR_L_CF2_RI2_TI2_R12_C02__seed691201__it0000194,CB1_CAUR_L_CF2_RI2_TI2_R12_C02,ts_96d9fd4fecb2c4a42556,2,L,CF2,60-80%,ORIGINAL_OPERATOR,operator_f_bottleneck,f_bottleneck,False,0,1,1,False,34482.75862068966,,numeric_robust_z:critical_overlap_fraction,numeric_robust_z:critical_overlap_fraction
CB1_CAUR_L_CF2_RI2_TI2_R12_C02__seed691201__it0000194,CB1_CAUR_L_CF2_RI2_TI2_R12_C02,ts_a96b10fd4433da56e28b,2,L,CF2,60-80%,ORIGINAL_OPERATOR,operator_critical,critical,False,0,1,1,False,34482.75862068966,,numeric_robust_z:critical_overlap_fraction,numeric_robust_z:critical_overlap_fraction
CB1_CAUR_L_CF2_RI2_TI2_R12_C02__seed691201__it0000194,CB1_CAUR_L_CF2_RI2_TI2_R12_C02,ts_d63d6fec86e836335c2d,2,L,CF2,60-80%,RELATED_VARIANT,related_variant_2,related,False,0,1,1,False,34482.75862068966,,numeric_robust_z:critical_overlap_fraction,numeric_robust_z:critical_overlap_fraction
CB1_CAUR_L_CF2_RI2_TI2_R12_C02__seed691201__it0000230,CB1_CAUR_L_CF2_RI2_TI2_R12_C02,ts_3c5f289d9f06cf7f84b4,2,L,CF2,80-100%,STRUCTURED_NEAR_NEIGHBOR,near_low_slack,related,False,0,1,1,False,34482.75862068966,,numeric_robust_z:critical_overlap_fraction,numeric_robust_z:critical_overlap_fraction
CB1_CAUR_L_CF2_RI2_TI2_R12_C02__seed691201__it0000230,CB1_CAUR_L_CF2_RI2_TI2_R12_C02,ts_4395938d2db9e17689a3,2,L,CF2,80-100%,STRUCTURED_NEAR_NEIGHBOR,near_high_W_delay,related,False,0,1,1,False,34482.75862068966,,numeric_robust_z:critical_overlap_fraction,numeric_robust_z:critical_overlap_fraction
CB1_CAUR_L_CF2_RI2_TI2_R12_C02__seed691201__it0000230,CB1_CAUR_L_CF2_RI2_TI2_R12_C02,ts_c7dd10b7781e20a27486,2,L,CF2,80-100%,ORIGINAL_OPERATOR,operator_critical,critical,False,0,1,1,False,34482.75862068966,,numeric_robust_z:critical_overlap_fraction,numeric_robust_z:critical_overlap_fraction
CB1_CAUR_L_CF2_RI2_TI2_R12_C02__seed691201__it0000230,CB1_CAUR_L_CF2_RI2_TI2_R12_C02,ts_cde712f362446c3fffd2,2,L,CF2,80-100%,ORIGINAL_OPERATOR,operator_related,related,False,0,1,1,False,1000000.0,,numeric_robust_z:is_fallback,numeric_robust_z:is_fallback
CB1_CAUR_L_CF2_RI2_TI2_R12_C02__seed691201__it0000230,CB1_CAUR_L_CF2_RI2_TI2_R12_C02,ts_e815e1dfb43c3b00795a,2,L,CF2,80-100%,LOCAL_PERTURBATION,related_replace_50,related,False,0,1,1,False,34482.75862068966,,numeric_robust_z:critical_overlap_fraction,numeric_robust_z:critical_overlap_fraction
CB1_CAUR_L_CF2_RI2_TI2_R12_C02__seed691201__it0000230,CB1_CAUR_L_CF2_RI2_TI2_R12_C02,ts_fb07f6d9d1e45dc49bb8,2,L,CF2,80-100%,ORIGINAL_OPERATOR,operator_high_reconfiguration,high_reconfiguration,False,0,1,1,False,34482.75862068966,,numeric_robust_z:critical_overlap_fraction,numeric_robust_z:critical_overlap_fraction
CB1_CAUR_L_CF2_RI2_TI2_R12_C02__seed691201__it0000258,CB1_CAUR_L_CF2_RI2_TI2_R12_C02,ts_147d3f2d523dc0ee4c3b,2,L,CF2,80-100%,ORIGINAL_OPERATOR,operator_related,related,False,0,1,1,False,1000000.0,,numeric_robust_z:is_fallback,numeric_robust_z:is_fallback
CB1_CAUR_L_CF2_RI2_TI2_R12_C02__seed691201__it0000258,CB1_CAUR_L_CF2_RI2_TI2_R12_C02,ts_38ed32fcc0019ea38594,2,L,CF2,80-100%,STRUCTURED_NEAR_NEIGHBOR,near_high_W_delay,related,False,0,1,1,False,34482.75862068966,,numeric_robust_z:critical_overlap_fraction,numeric_robust_z:critical_overlap_fraction
CB1_CAUR_L_CF2_RI2_TI2_R12_C02__seed691201__it0000258,CB1_CAUR_L_CF2_RI2_TI2_R12_C02,ts_3e77d0215bf4045b045b,2,L,CF2,80-100%,ORIGINAL_OPERATOR,operator_critical,critical,False,0,1,1,False,34482.75862068966,,numeric_robust_z:critical_overlap_fraction,numeric_robust_z:critical_overlap_fraction
CB1_CAUR_L_CF2_RI2_TI2_R12_C02__seed691201__it0000258,CB1_CAUR_L_CF2_RI2_TI2_R12_C02,ts_ae62eb5f76a1ace7361c,2,L,CF2,80-100%,STRUCTURED_NEAR_NEIGHBOR,near_low_slack,related,False,0,1,1,False,34482.75862068966,,numeric_robust_z:critical_overlap_fraction,numeric_robust_z:critical_overlap_fraction
CB1_CAUR_L_CF2_RI2_TI2_R12_C02__seed691201__it0000258,CB1_CAUR_L_CF2_RI2_TI2_R12_C02,ts_b842da2f57b83b256656,2,L,CF2,80-100%,ORIGINAL_OPERATOR,operator_high_reconfiguration,high_reconfiguration,False,0,1,1,False,34482.75862068966,,numeric_robust_z:critical_overlap_fraction,numeric_robust_z:critical_overlap_fraction
CB1_CAUR_L_CF2_RI2_TI2_R12_C02__seed691202__it0000010,CB1_CAUR_L_CF2_RI2_TI2_R12_C02,ts_027f7eaa9c4ceab5377a,2,L,CF2,0-20%,STRUCTURED_NEAR_NEIGHBOR,near_low_slack,related,False,0,1,1,False,34482.75862068966,,numeric_robust_z:critical_overlap_fraction,numeric_robust_z:critical_overlap_fraction
CB1_CAUR_L_CF2_RI2_TI2_R12_C02__seed691202__it0000010,CB1_CAUR_L_CF2_RI2_TI2_R12_C02,ts_039871ec031281dbda3b,2,L,CF2,0-20%,MATCHED_RANDOM,matched_random_3,random,False,0,1,1,False,34482.75862068966,,numeric_robust_z:critical_overlap_fraction,numeric_robust_z:critical_overlap_fraction
CB1_CAUR_L_CF2_RI2_TI2_R12_C02__seed691202__it0000010,CB1_CAUR_L_CF2_RI2_TI2_R12_C02,ts_0d33b2712f2318fd79bc,2,L,CF2,0-20%,STRUCTURED_NEAR_NEIGHBOR,near_same_product,related,False,0,1,1,False,34482.75862068966,,numeric_robust_z:critical_overlap_fraction,numeric_robust_z:critical_overlap_fraction
CB1_CAUR_L_CF2_RI2_TI2_R12_C02__seed691202__it0000010,CB1_CAUR_L_CF2_RI2_TI2_R12_C02,ts_0f30fd7de63b151ca7be,2,L,CF2,0-20%,RELATED_VARIANT,related_variant_4,related,False,0,1,1,False,34482.75862068966,,numeric_robust_z:critical_overlap_fraction,numeric_robust_z:critical_overlap_fraction
CB1_CAUR_L_CF2_RI2_TI2_R12_C02__seed691202__it0000010,CB1_CAUR_L_CF2_RI2_TI2_R12_C02,ts_4c89af566973b34b4edc,2,L,CF2,0-20%,ORIGINAL_OPERATOR,operator_critical,critical,False,0,1,1,False,34482.75862068966,,numeric_robust_z:critical_overlap_fraction,numeric_robust_z:critical_overlap_fraction
CB1_CAUR_L_CF2_RI2_TI2_R12_C02__seed691202__it0000010,CB1_CAUR_L_CF2_RI2_TI2_R12_C02,ts_53d311f8ca2d53de48eb,2,L,CF2,0-20%,LOCAL_PERTURBATION,related_replace_25,related,False,0,1,1,False,34482.75862068966,,numeric_robust_z:critical_overlap_fraction,numeric_robust_z:critical_overlap_fraction
CB1_CAUR_L_CF2_RI2_TI2_R12_C02__seed691202__it0000010,CB1_CAUR_L_CF2_RI2_TI2_R12_C02,ts_5dc228c6fa41583ba22c,2,L,CF2,0-20%,LOCAL_PERTURBATION,one_operation_swap,related,False,0,1,1,False,34482.75862068966,,numeric_robust_z:critical_overlap_fraction,numeric_robust_z:critical_overlap_fraction
CB1_CAUR_L_CF2_RI2_TI2_R12_C02__seed691202__it0000010,CB1_CAUR_L_CF2_RI2_TI2_R12_C02,ts_9eee36cfa5bf6d4d2d1b,2,L,CF2,0-20%,STRUCTURED_NEAR_NEIGHBOR,near_high_W_delay,related,False,0,1,1,False,34482.75862068966,,numeric_robust_z:critical_overlap_fraction,numeric_robust_z:critical_overlap_fraction
CB1_CAUR_L_CF2_RI2_TI2_R12_C02__seed691202__it0000010,CB1_CAUR_L_CF2_RI2_TI2_R12_C02,ts_a7f09310c850429b789f,2,L,CF2,0-20%,LOCAL_PERTURBATION,two_operation_swap,related,False,0,1,1,False,34482.75862068966,,numeric_robust_z:critical_overlap_fraction,numeric_robust_z:critical_overlap_fraction
CB1_CAUR_L_CF2_RI2_TI2_R12_C02__seed691202__it0000010,CB1_CAUR_L_CF2_RI2_TI2_R12_C02,ts_b4a1dbdf073d1558c992,2,L,CF2,0-20%,ORIGINAL_OPERATOR,operator_related,related,False,0,2,2,True,1000000.0,,numeric_robust_z:critical_overlap_fraction+numeric_robust_z:is_fallback,numeric_robust_z:critical_overlap_fraction+numeric_robust_z:is_fallback
CB1_CAUR_L_CF2_RI2_TI2_R12_C02__seed691202__it0000046,CB1_CAUR_L_CF2_RI2_TI2_R12_C02,ts_4657e2b6e098627c5ca1,2,L,CF2,0-20%,STRUCTURED_NEAR_NEIGHBOR,near_low_slack,related,False,0,1,1,False,34482.75862068966,,numeric_robust_z:critical_overlap_fraction,numeric_robust_z:critical_overlap_fraction
CB1_CAUR_L_CF2_RI2_TI2_R12_C02__seed691202__it0000046,CB1_CAUR_L_CF2_RI2_TI2_R12_C02,ts_5ee4eceebdd8006dd6de,2,L,CF2,0-20%,RELATED_VARIANT,related_variant_1,related,False,0,1,1,False,1000000.0,,numeric_robust_z:origin_rule_count,numeric_robust_z:origin_rule_count
CB1_CAUR_L_CF2_RI2_TI2_R12_C02__seed691202__it0000046,CB1_CAUR_L_CF2_RI2_TI2_R12_C02,ts_d2f658aad0ed76bb516b,2,L,CF2,0-20%,ORIGINAL_OPERATOR,operator_related,related,False,0,1,1,False,1000000.0,,numeric_robust_z:is_fallback,numeric_robust_z:is_fallback
CB1_CAUR_L_CF2_RI2_TI2_R12_C02__seed691202__it0000046,CB1_CAUR_L_CF2_RI2_TI2_R12_C02,ts_d7c1b0937bc49f02322e,2,L,CF2,0-20%,ORIGINAL_OPERATOR,operator_critical,critical,False,0,1,1,False,34482.75862068966,,numeric_robust_z:critical_overlap_fraction,numeric_robust_z:critical_overlap_fraction
CB1_CAUR_L_CF2_RI2_TI2_R12_C02__seed691202__it0000046,CB1_CAUR_L_CF2_RI2_TI2_R12_C02,ts_e688f03415fb4ea5e2a1,2,L,CF2,0-20%,RELATED_VARIANT,related_variant_2,related,False,0,1,1,False,34482.75862068966,,numeric_robust_z:critical_overlap_fraction,numeric_robust_z:critical_overlap_fraction
CB1_CAUR_L_CF2_RI2_TI2_R12_C02__seed691202__it0000084,CB1_CAUR_L_CF2_RI2_TI2_R12_C02,ts_0ffbcaa9f7f0f49d0151,2,L,CF2,20-40%,RELATED_VARIANT,related_variant_2,related,False,0,1,1,False,34482.75862068966,,numeric_robust_z:critical_overlap_fraction,numeric_robust_z:critical_overlap_fraction
CB1_CAUR_L_CF2_RI2_TI2_R12_C02__seed691202__it0000084,CB1_CAUR_L_CF2_RI2_TI2_R12_C02,ts_38930233766521ceb61c,2,L,CF2,20-40%,STRUCTURED_NEAR_NEIGHBOR,near_low_slack,related,False,0,1,1,False,34482.75862068966,,numeric_robust_z:critical_overlap_fraction,numeric_robust_z:critical_overlap_fraction
CB1_CAUR_L_CF2_RI2_TI2_R12_C02__seed691202__it0000084,CB1_CAUR_L_CF2_RI2_TI2_R12_C02,ts_4ab7baaec64627ca304a,2,L,CF2,20-40%,LOCAL_PERTURBATION,related_replace_50,related,False,0,1,1,False,34482.75862068966,,numeric_robust_z:critical_overlap_fraction,numeric_robust_z:critical_overlap_fraction
CB1_CAUR_L_CF2_RI2_TI2_R12_C02__seed691202__it0000084,CB1_CAUR_L_CF2_RI2_TI2_R12_C02,ts_86cb367afbf05ef2929d,2,L,CF2,20-40%,ORIGINAL_OPERATOR,operator_related,related,False,0,1,1,False,1000000.0,,numeric_robust_z:is_fallback,numeric_robust_z:is_fallback
CB1_CAUR_L_CF2_RI2_TI2_R12_C02__seed691202__it0000084,CB1_CAUR_L_CF2_RI2_TI2_R12_C02,ts_b9b240fe2978fdfd49e2,2,L,CF2,20-40%,ORIGINAL_OPERATOR,operator_critical,critical,False,0,1,1,False,34482.75862068966,,numeric_robust_z:critical_overlap_fraction,numeric_robust_z:critical_overlap_fraction
CB1_CAUR_L_CF2_RI2_TI2_R12_C02__seed691202__it0000119,CB1_CAUR_L_CF2_RI2_TI2_R12_C02,ts_8a6aa21a9c1ac14444d0,2,L,CF2,40-60%,ORIGINAL_OPERATOR,operator_related,related,False,0,1,1,False,1000000.0,,numeric_robust_z:is_fallback,numeric_robust_z:is_fallback
CB1_CAUR_L_CF2_RI2_TI2_R12_C02__seed691202__it0000119,CB1_CAUR_L_CF2_RI2_TI2_R12_C02,ts_bbf6dd496eee5f462684,2,L,CF2,40-60%,MATCHED_RANDOM,matched_random_3,random,False,0,1,1,False,34482.75862068966,,numeric_robust_z:critical_overlap_fraction,numeric_robust_z:critical_overlap_fraction
CB1_CAUR_L_CF2_RI2_TI2_R12_C02__seed691202__it0000119,CB1_CAUR_L_CF2_RI2_TI2_R12_C02,ts_d0167d2b98136fa9530f,2,L,CF2,40-60%,STRUCTURED_NEAR_NEIGHBOR,near_low_slack,related,False,0,1,1,False,34482.75862068966,,numeric_robust_z:critical_overlap_fraction,numeric_robust_z:critical_overlap_fraction
CB1_CAUR_L_CF2_RI2_TI2_R12_C02__seed691202__it0000119,CB1_CAUR_L_CF2_RI2_TI2_R12_C02,ts_d0fdd062409a3db53ac4,2,L,CF2,40-60%,ORIGINAL_OPERATOR,operator_critical,critical,False,0,1,1,False,34482.75862068966,,numeric_robust_z:critical_overlap_fraction,numeric_robust_z:critical_overlap_fraction
CB1_CAUR_L_CF2_RI2_TI2_R12_C02__seed691202__it0000155,CB1_CAUR_L_CF2_RI2_TI2_R12_C02,ts_6277ee5a8abbc60c8a6f,2,L,CF2,40-60%,STRUCTURED_NEAR_NEIGHBOR,near_low_slack,related,False,0,1,1,False,34482.75862068966,,numeric_robust_z:critical_overlap_fraction,numeric_robust_z:critical_overlap_fraction
CB1_CAUR_L_CF2_RI2_TI2_R12_C02__seed691202__it0000155,CB1_CAUR_L_CF2_RI2_TI2_R12_C02,ts_6821176417f4bbb25b0d,2,L,CF2,40-60%,ORIGINAL_OPERATOR,operator_related,related,False,0,1,1,False,1000000.0,,numeric_robust_z:is_fallback,numeric_robust_z:is_fallback
CB1_CAUR_L_CF2_RI2_TI2_R12_C02__seed691202__it0000155,CB1_CAUR_L_CF2_RI2_TI2_R12_C02,ts_a88f68da022f4a382a56,2,L,CF2,40-60%,ORIGINAL_OPERATOR,operator_critical,critical,False,0,1,1,False,34482.75862068966,,numeric_robust_z:critical_overlap_fraction,numeric_robust_z:critical_overlap_fraction
CB1_CAUR_L_CF2_RI2_TI2_R12_C02__seed691202__it0000194,CB1_CAUR_L_CF2_RI2_TI2_R12_C02,ts_20721ea19371970d1d8c,2,L,CF2,60-80%,RELATED_VARIANT,related_variant_4,related,False,0,1,1,False,34482.75862068966,,numeric_robust_z:critical_overlap_fraction,numeric_robust_z:critical_overlap_fraction
CB1_CAUR_L_CF2_RI2_TI2_R12_C02__seed691202__it0000194,CB1_CAUR_L_CF2_RI2_TI2_R12_C02,ts_2ac2151e932448055530,2,L,CF2,60-80%,MATCHED_RANDOM,matched_random_3,random,False,0,1,1,False,34482.75862068966,,numeric_robust_z:critical_overlap_fraction,numeric_robust_z:critical_overlap_fraction
CB1_CAUR_L_CF2_RI2_TI2_R12_C02__seed691202__it0000194,CB1_CAUR_L_CF2_RI2_TI2_R12_C02,ts_4f9f92533cd75ba364bd,2,L,CF2,60-80%,ORIGINAL_OPERATOR,operator_overloaded_island,overloaded_island,True,0,1,1,False,34482.75862068966,,numeric_robust_z:critical_overlap_fraction,numeric_robust_z:critical_overlap_fraction
CB1_CAUR_L_CF2_RI2_TI2_R12_C02__seed691202__it0000194,CB1_CAUR_L_CF2_RI2_TI2_R12_C02,ts_71462eab211561795686,2,L,CF2,60-80%,RELATED_VARIANT,related_variant_2,related,False,0,1,1,False,34482.75862068966,,numeric_robust_z:critical_overlap_fraction,numeric_robust_z:critical_overlap_fraction
CB1_CAUR_L_CF2_RI2_TI2_R12_C02__seed691202__it0000194,CB1_CAUR_L_CF2_RI2_TI2_R12_C02,ts_7e512be603861533a5cc,2,L,CF2,60-80%,STRUCTURED_NEAR_NEIGHBOR,near_low_slack,related,False,0,1,1,False,34482.75862068966,,numeric_robust_z:critical_overlap_fraction,numeric_robust_z:critical_overlap_fraction
CB1_CAUR_L_CF2_RI2_TI2_R12_C02__seed691202__it0000194,CB1_CAUR_L_CF2_RI2_TI2_R12_C02,ts_927fa3b10e9ba1474e35,2,L,CF2,60-80%,ORIGINAL_OPERATOR,operator_critical,critical,False,0,1,1,False,34482.75862068966,,numeric_robust_z:critical_overlap_fraction,numeric_robust_z:critical_overlap_fraction
CB1_CAUR_L_CF2_RI2_TI2_R12_C02__seed691202__it0000194,CB1_CAUR_L_CF2_RI2_TI2_R12_C02,ts_b05ea0697a3c0c0ac7b4,2,L,CF2,60-80%,ORIGINAL_OPERATOR,operator_related,related,False,0,1,1,False,1000000.0,,numeric_robust_z:is_fallback,numeric_robust_z:is_fallback
CB1_CAUR_L_CF2_RI2_TI2_R12_C02__seed691202__it0000230,CB1_CAUR_L_CF2_RI2_TI2_R12_C02,ts_1f8a7111a5f961bf6b83,2,L,CF2,80-100%,ORIGINAL_OPERATOR,operator_related,related,False,0,1,1,False,1000000.0,,numeric_robust_z:is_fallback,numeric_robust_z:is_fallback
CB1_CAUR_L_CF2_RI2_TI2_R12_C02__seed691202__it0000230,CB1_CAUR_L_CF2_RI2_TI2_R12_C02,ts_93c8a30921f0476ad129,2,L,CF2,80-100%,STRUCTURED_NEAR_NEIGHBOR,near_low_slack,related,False,0,1,1,False,34482.75862068966,,numeric_robust_z:critical_overlap_fraction,numeric_robust_z:critical_overlap_fraction
CB1_CAUR_L_CF2_RI2_TI2_R12_C02__seed691202__it0000230,CB1_CAUR_L_CF2_RI2_TI2_R12_C02,ts_9bbbb3eb112c36b9a7b8,2,L,CF2,80-100%,LOCAL_PERTURBATION,related_replace_50,related,False,0,1,1,False,34482.75862068966,,numeric_robust_z:critical_overlap_fraction,numeric_robust_z:critical_overlap_fraction
CB1_CAUR_L_CF2_RI2_TI2_R12_C02__seed691202__it0000230,CB1_CAUR_L_CF2_RI2_TI2_R12_C02,ts_db4f220bd021056bcfe2,2,L,CF2,80-100%,RELATED_VARIANT,related_variant_3,related,False,0,1,1,False,34482.75862068966,,numeric_robust_z:critical_overlap_fraction,numeric_robust_z:critical_overlap_fraction
CB1_CAUR_L_CF2_RI2_TI2_R12_C02__seed691202__it0000230,CB1_CAUR_L_CF2_RI2_TI2_R12_C02,ts_fa750f3c7f2a8965f7f1,2,L,CF2,80-100%,ORIGINAL_OPERATOR,operator_critical,critical,False,0,1,1,False,34482.75862068966,,numeric_robust_z:critical_overlap_fraction,numeric_robust_z:critical_overlap_fraction
CB1_CAUR_L_CF2_RI2_TI2_R12_C02__seed691202__it0000257,CB1_CAUR_L_CF2_RI2_TI2_R12_C02,ts_1fb895b8a2cc6965a493,2,L,CF2,80-100%,STRUCTURED_NEAR_NEIGHBOR,near_high_F_delay,related,False,0,1,1,False,34482.75862068966,,numeric_robust_z:critical_overlap_fraction,numeric_robust_z:critical_overlap_fraction
CB1_CAUR_L_CF2_RI2_TI2_R12_C02__seed691202__it0000257,CB1_CAUR_L_CF2_RI2_TI2_R12_C02,ts_21a25827938c2ab2793f,2,L,CF2,80-100%,STRUCTURED_NEAR_NEIGHBOR,near_low_slack,related,False,0,1,1,False,34482.75862068966,,numeric_robust_z:critical_overlap_fraction,numeric_robust_z:critical_overlap_fraction
CB1_CAUR_L_CF2_RI2_TI2_R12_C02__seed691202__it0000257,CB1_CAUR_L_CF2_RI2_TI2_R12_C02,ts_289992e0ff2538f9fee3,2,L,CF2,80-100%,STRUCTURED_NEAR_NEIGHBOR,near_same_product,related,False,0,1,1,False,34482.75862068966,,numeric_robust_z:critical_overlap_fraction,numeric_robust_z:critical_overlap_fraction
CB1_CAUR_L_CF2_RI2_TI2_R12_C02__seed691202__it0000257,CB1_CAUR_L_CF2_RI2_TI2_R12_C02,ts_41ab9c5015444b2e2b7d,2,L,CF2,80-100%,LOCAL_PERTURBATION,one_operation_swap,related,False,0,1,1,False,34482.75862068966,,numeric_robust_z:critical_overlap_fraction,numeric_robust_z:critical_overlap_fraction
CB1_CAUR_L_CF2_RI2_TI2_R12_C02__seed691202__it0000257,CB1_CAUR_L_CF2_RI2_TI2_R12_C02,ts_43f289f2edd02e9f3d5b,2,L,CF2,80-100%,STRUCTURED_NEAR_NEIGHBOR,near_precedence_neighbor,related,False,0,1,1,False,34482.75862068966,,numeric_robust_z:critical_overlap_fraction,numeric_robust_z:critical_overlap_fraction
CB1_CAUR_L_CF2_RI2_TI2_R12_C02__seed691202__it0000257,CB1_CAUR_L_CF2_RI2_TI2_R12_C02,ts_9fb50afedc72a379e653,2,L,CF2,80-100%,LOCAL_PERTURBATION,related_replace_50,related,False,0,1,1,False,34482.75862068966,,numeric_robust_z:critical_overlap_fraction,numeric_robust_z:critical_overlap_fraction
CB1_CAUR_L_CF2_RI2_TI2_R12_C02__seed691202__it0000257,CB1_CAUR_L_CF2_RI2_TI2_R12_C02,ts_bd497cb48b9209228c48,2,L,CF2,80-100%,LOCAL_PERTURBATION,related_replace_25,related,False,0,1,1,False,34482.75862068966,,numeric_robust_z:critical_overlap_fraction,numeric_robust_z:critical_overlap_fraction
CB1_CAUR_L_CF2_RI2_TI2_R12_C02__seed691202__it0000257,CB1_CAUR_L_CF2_RI2_TI2_R12_C02,ts_c4e323590a09f6670fa1,2,L,CF2,80-100%,LOCAL_PERTURBATION,two_operation_swap,related,False,0,1,1,False,34482.75862068966,,numeric_robust_z:critical_overlap_fraction,numeric_robust_z:critical_overlap_fraction
CB1_CAUR_L_CF2_RI2_TI2_R12_C02__seed691202__it0000257,CB1_CAUR_L_CF2_RI2_TI2_R12_C02,ts_e0101abf9c810f72a92f,2,L,CF2,80-100%,ORIGINAL_OPERATOR,operator_related,related,False,0,2,2,True,1000000.0,,numeric_robust_z:critical_overlap_fraction+numeric_robust_z:is_fallback,numeric_robust_z:critical_overlap_fraction+numeric_robust_z:is_fallback
CB1_CAUR_L_CF2_RI2_TI2_R12_C02__seed691202__it0000257,CB1_CAUR_L_CF2_RI2_TI2_R12_C02,ts_fe9117005d9e1310ec14,2,L,CF2,80-100%,ORIGINAL_OPERATOR,operator_critical,critical,False,0,1,1,False,34482.75862068966,,numeric_robust_z:critical_overlap_fraction,numeric_robust_z:critical_overlap_fraction
CB1_CAUR_L_CF2_RI2_TI2_R12__seed691201__it0000011,CB1_CAUR_L_CF2_RI2_TI2_R12,ts_40e3fe21f742d3435555,2,L,CF2,0-20%,RELATED_VARIANT,related_variant_2,related,False,0,1,1,False,35714.28571428572,,numeric_robust_z:critical_overlap_fraction,numeric_robust_z:critical_overlap_fraction
CB1_CAUR_L_CF2_RI2_TI2_R12__seed691201__it0000011,CB1_CAUR_L_CF2_RI2_TI2_R12,ts_83b41c0ba6b0844658cb,2,L,CF2,0-20%,STRUCTURED_NEAR_NEIGHBOR,near_low_slack,related,False,0,1,1,False,35714.28571428572,,numeric_robust_z:critical_overlap_fraction,numeric_robust_z:critical_overlap_fraction
CB1_CAUR_L_CF2_RI2_TI2_R12__seed691201__it0000011,CB1_CAUR_L_CF2_RI2_TI2_R12,ts_8815d404ec9773e68b4a,2,L,CF2,0-20%,ORIGINAL_OPERATOR,operator_related,related,False,0,1,1,False,1000000.0,,numeric_robust_z:is_fallback,numeric_robust_z:is_fallback
CB1_CAUR_L_CF2_RI2_TI2_R12__seed691201__it0000011,CB1_CAUR_L_CF2_RI2_TI2_R12,ts_da27745305ab795e9114,2,L,CF2,0-20%,STRUCTURED_NEAR_NEIGHBOR,near_same_island_chain,related,False,0,1,1,False,35714.28571428572,,numeric_robust_z:critical_overlap_fraction,numeric_robust_z:critical_overlap_fraction
CB1_CAUR_L_CF2_RI2_TI2_R12__seed691201__it0000011,CB1_CAUR_L_CF2_RI2_TI2_R12,ts_df4495e2f3f1483176f7,2,L,CF2,0-20%,ORIGINAL_OPERATOR,operator_critical,critical,False,0,1,1,False,35714.28571428572,,numeric_robust_z:critical_overlap_fraction,numeric_robust_z:critical_overlap_fraction
CB1_CAUR_L_CF2_RI2_TI2_R12__seed691201__it0000046,CB1_CAUR_L_CF2_RI2_TI2_R12,ts_078b069d293c77110bae,2,L,CF2,0-20%,ORIGINAL_OPERATOR,operator_related,related,False,0,1,1,False,1000000.0,,numeric_robust_z:is_fallback,numeric_robust_z:is_fallback
CB1_CAUR_L_CF2_RI2_TI2_R12__seed691201__it0000046,CB1_CAUR_L_CF2_RI2_TI2_R12,ts_33e304892c71b4db5896,2,L,CF2,0-20%,ORIGINAL_OPERATOR,operator_critical,critical,False,0,1,1,False,35714.28571428572,,numeric_robust_z:critical_overlap_fraction,numeric_robust_z:critical_overlap_fraction
CB1_CAUR_L_CF2_RI2_TI2_R12__seed691201__it0000046,CB1_CAUR_L_CF2_RI2_TI2_R12,ts_3b07286be264986baed3,2,L,CF2,0-20%,ORIGINAL_OPERATOR,operator_f_bottleneck,f_bottleneck,False,0,1,1,False,35714.28571428572,,numeric_robust_z:critical_overlap_fraction,numeric_robust_z:critical_overlap_fraction
CB1_CAUR_L_CF2_RI2_TI2_R12__seed691201__it0000046,CB1_CAUR_L_CF2_RI2_TI2_R12,ts_9552b7c4b9ff1dbd799d,2,L,CF2,0-20%,ORIGINAL_OPERATOR,operator_w_bottleneck,w_bottleneck,False,0,1,1,False,35714.28571428572,,numeric_robust_z:critical_overlap_fraction,numeric_robust_z:critical_overlap_fraction
CB1_CAUR_L_CF2_RI2_TI2_R12__seed691201__it0000046,CB1_CAUR_L_CF2_RI2_TI2_R12,ts_9efe597ff14436434bb1,2,L,CF2,0-20%,ORIGINAL_OPERATOR,operator_high_reconfiguration,high_reconfiguration,False,0,1,1,False,35714.28571428572,,numeric_robust_z:critical_overlap_fraction,numeric_robust_z:critical_overlap_fraction
CB1_CAUR_L_CF2_RI2_TI2_R12__seed691201__it0000046,CB1_CAUR_L_CF2_RI2_TI2_R12,ts_df5499c9f12750023ba5,2,L,CF2,0-20%,STRUCTURED_NEAR_NEIGHBOR,near_low_slack,related,False,0,1,1,False,35714.28571428572,,numeric_robust_z:critical_overlap_fraction,numeric_robust_z:critical_overlap_fraction
CB1_CAUR_L_CF2_RI2_TI2_R12__seed691201__it0000085,CB1_CAUR_L_CF2_RI2_TI2_R12,ts_11d8680f2569aa884522,2,L,CF2,20-40%,ORIGINAL_OPERATOR,operator_related,related,False,0,1,1,False,1000000.0,,numeric_robust_z:is_fallback,numeric_robust_z:is_fallback
CB1_CAUR_L_CF2_RI2_TI2_R12__seed691201__it0000085,CB1_CAUR_L_CF2_RI2_TI2_R12,ts_7b3ff68630df59c3fa6f,2,L,CF2,20-40%,STRUCTURED_NEAR_NEIGHBOR,near_low_slack,related,False,0,1,1,False,35714.28571428572,,numeric_robust_z:critical_overlap_fraction,numeric_robust_z:critical_overlap_fraction
CB1_CAUR_L_CF2_RI2_TI2_R12__seed691201__it0000085,CB1_CAUR_L_CF2_RI2_TI2_R12,ts_7f673db12f2ba75bd479,2,L,CF2,20-40%,ORIGINAL_OPERATOR,operator_high_reconfiguration,high_reconfiguration,False,0,1,1,False,35714.28571428572,,numeric_robust_z:critical_overlap_fraction,numeric_robust_z:critical_overlap_fraction
CB1_CAUR_L_CF2_RI2_TI2_R12__seed691201__it0000085,CB1_CAUR_L_CF2_RI2_TI2_R12,ts_986487a819b6659919b3,2,L,CF2,20-40%,ORIGINAL_OPERATOR,operator_critical,critical,False,0,1,1,False,35714.28571428572,,numeric_robust_z:critical_overlap_fraction,numeric_robust_z:critical_overlap_fraction
CB1_CAUR_L_CF2_RI2_TI2_R12__seed691201__it0000085,CB1_CAUR_L_CF2_RI2_TI2_R12,ts_e01510f4ff26aabf3556,2,L,CF2,20-40%,STRUCTURED_NEAR_NEIGHBOR,near_same_island_chain,related,False,0,1,1,False,35714.28571428572,,numeric_robust_z:critical_overlap_fraction,numeric_robust_z:critical_overlap_fraction
CB1_CAUR_L_CF2_RI2_TI2_R12__seed691201__it0000121,CB1_CAUR_L_CF2_RI2_TI2_R12,ts_25cb6cdaaa79c6059af1,2,L,CF2,40-60%,STRUCTURED_NEAR_NEIGHBOR,near_low_slack,related,False,0,1,1,False,35714.28571428572,,numeric_robust_z:critical_overlap_fraction,numeric_robust_z:critical_overlap_fraction
CB1_CAUR_L_CF2_RI2_TI2_R12__seed691201__it0000121,CB1_CAUR_L_CF2_RI2_TI2_R12,ts_5bb792b2cd3c6e5bb579,2,L,CF2,40-60%,RELATED_VARIANT,related_variant_1,related,False,0,1,1,False,1000000.0,,numeric_robust_z:origin_rule_count,numeric_robust_z:origin_rule_count
CB1_CAUR_L_CF2_RI2_TI2_R12__seed691201__it0000121,CB1_CAUR_L_CF2_RI2_TI2_R12,ts_88f98f8762cc5b4ca4ab,2,L,CF2,40-60%,ORIGINAL_OPERATOR,operator_critical,critical,False,0,1,1,False,35714.28571428572,,numeric_robust_z:critical_overlap_fraction,numeric_robust_z:critical_overlap_fraction
CB1_CAUR_L_CF2_RI2_TI2_R12__seed691201__it0000121,CB1_CAUR_L_CF2_RI2_TI2_R12,ts_8da5d26e859171abd9fd,2,L,CF2,40-60%,ORIGINAL_OPERATOR,operator_high_reconfiguration,high_reconfiguration,False,0,1,1,False,35714.28571428572,,numeric_robust_z:critical_overlap_fraction,numeric_robust_z:critical_overlap_fraction
CB1_CAUR_L_CF2_RI2_TI2_R12__seed691201__it0000121,CB1_CAUR_L_CF2_RI2_TI2_R12,ts_ae8a5d9f0fe014cf890b,2,L,CF2,40-60%,ORIGINAL_OPERATOR,operator_related,related,False,0,1,1,False,1000000.0,,numeric_robust_z:is_fallback,numeric_robust_z:is_fallback
CB1_CAUR_L_CF2_RI2_TI2_R12__seed691201__it0000156,CB1_CAUR_L_CF2_RI2_TI2_R12,ts_1497436b8991b83da900,2,L,CF2,40-60%,STRUCTURED_NEAR_NEIGHBOR,near_same_product,related,False,0,1,1,False,71428.57142857143,,numeric_robust_z:critical_overlap_fraction,numeric_robust_z:critical_overlap_fraction
CB1_CAUR_L_CF2_RI2_TI2_R12__seed691201__it0000156,CB1_CAUR_L_CF2_RI2_TI2_R12,ts_2da11d84f54442bc9786,2,L,CF2,40-60%,ORIGINAL_OPERATOR,operator_critical,critical,False,0,2,2,True,71428.57142857143,,numeric_robust_z:critical_overlap_fraction+numeric_robust_z:bottleneck_overlap_fraction,numeric_robust_z:critical_overlap_fraction+numeric_robust_z:bottleneck_overlap_fraction
CB1_CAUR_L_CF2_RI2_TI2_R12__seed691201__it0000156,CB1_CAUR_L_CF2_RI2_TI2_R12,ts_2e7d7ea23bc3ec9e2906,2,L,CF2,40-60%,STRUCTURED_NEAR_NEIGHBOR,near_high_W_delay,related,False,0,1,1,False,35714.28571428572,,numeric_robust_z:critical_overlap_fraction,numeric_robust_z:critical_overlap_fraction
CB1_CAUR_L_CF2_RI2_TI2_R12__seed691201__it0000156,CB1_CAUR_L_CF2_RI2_TI2_R12,ts_34994140d27be699ec4e,2,L,CF2,40-60%,MATCHED_RANDOM,matched_random_2,random,False,0,1,1,False,35714.28571428572,,numeric_robust_z:critical_overlap_fraction,numeric_robust_z:critical_overlap_fraction
CB1_CAUR_L_CF2_RI2_TI2_R12__seed691201__it0000156,CB1_CAUR_L_CF2_RI2_TI2_R12,ts_4abb532d516a69d4385d,2,L,CF2,40-60%,STRUCTURED_NEAR_NEIGHBOR,near_high_F_delay,related,False,0,1,1,False,71428.57142857143,,numeric_robust_z:critical_overlap_fraction,numeric_robust_z:critical_overlap_fraction
CB1_CAUR_L_CF2_RI2_TI2_R12__seed691201__it0000156,CB1_CAUR_L_CF2_RI2_TI2_R12,ts_541e9216dbf131ae402e,2,L,CF2,40-60%,MATCHED_RANDOM,matched_random_3,random,False,0,1,1,False,35714.28571428572,,numeric_robust_z:critical_overlap_fraction,numeric_robust_z:critical_overlap_fraction
CB1_CAUR_L_CF2_RI2_TI2_R12__seed691201__it0000156,CB1_CAUR_L_CF2_RI2_TI2_R12,ts_5a1c24bb8f17339b0d9e,2,L,CF2,40-60%,LOCAL_PERTURBATION,one_operation_swap,related,False,0,1,1,False,71428.57142857143,,numeric_robust_z:critical_overlap_fraction,numeric_robust_z:critical_overlap_fraction
CB1_CAUR_L_CF2_RI2_TI2_R12__seed691201__it0000156,CB1_CAUR_L_CF2_RI2_TI2_R12,ts_673ad55449fae4b57c78,2,L,CF2,40-60%,ORIGINAL_OPERATOR,operator_related,related,False,0,2,2,True,1000000.0,,numeric_robust_z:critical_overlap_fraction+numeric_robust_z:is_fallback,numeric_robust_z:critical_overlap_fraction+numeric_robust_z:is_fallback
CB1_CAUR_L_CF2_RI2_TI2_R12__seed691201__it0000156,CB1_CAUR_L_CF2_RI2_TI2_R12,ts_72e6345731672b2d0dfd,2,L,CF2,40-60%,STRUCTURED_NEAR_NEIGHBOR,near_precedence_neighbor,related,False,0,1,1,False,71428.57142857143,,numeric_robust_z:critical_overlap_fraction,numeric_robust_z:critical_overlap_fraction
CB1_CAUR_L_CF2_RI2_TI2_R12__seed691201__it0000156,CB1_CAUR_L_CF2_RI2_TI2_R12,ts_9710f159642f1e613c06,2,L,CF2,40-60%,STRUCTURED_NEAR_NEIGHBOR,near_same_island_chain,related,True,0,1,1,False,71428.57142857143,,numeric_robust_z:critical_overlap_fraction,numeric_robust_z:critical_overlap_fraction
CB1_CAUR_L_CF2_RI2_TI2_R12__seed691201__it0000156,CB1_CAUR_L_CF2_RI2_TI2_R12,ts_9d9afc7cdc819767e62e,2,L,CF2,40-60%,ORIGINAL_OPERATOR,operator_random,random,False,0,1,1,False,35714.28571428572,,numeric_robust_z:critical_overlap_fraction,numeric_robust_z:critical_overlap_fraction
CB1_CAUR_L_CF2_RI2_TI2_R12__seed691201__it0000156,CB1_CAUR_L_CF2_RI2_TI2_R12,ts_b3ad30d4076654d5b3cb,2,L,CF2,40-60%,STRUCTURED_NEAR_NEIGHBOR,near_low_slack,related,False,0,1,1,False,71428.57142857143,,numeric_robust_z:critical_overlap_fraction,numeric_robust_z:critical_overlap_fraction
CB1_CAUR_L_CF2_RI2_TI2_R12__seed691201__it0000156,CB1_CAUR_L_CF2_RI2_TI2_R12,ts_ba7f22d24267d0fa3329,2,L,CF2,40-60%,LOCAL_PERTURBATION,related_replace_25,related,False,0,1,1,False,35714.28571428572,,numeric_robust_z:critical_overlap_fraction,numeric_robust_z:critical_overlap_fraction
CB1_CAUR_L_CF2_RI2_TI2_R12__seed691201__it0000156,CB1_CAUR_L_CF2_RI2_TI2_R12,ts_e8d340d704a9f1b022a2,2,L,CF2,40-60%,LOCAL_PERTURBATION,two_operation_swap,related,False,0,1,1,False,71428.57142857143,,numeric_robust_z:critical_overlap_fraction,numeric_robust_z:critical_overlap_fraction
CB1_CAUR_L_CF2_RI2_TI2_R12__seed691201__it0000194,CB1_CAUR_L_CF2_RI2_TI2_R12,ts_02bceae84fb73d324f3c,2,L,CF2,60-80%,ORIGINAL_OPERATOR,operator_f_bottleneck,f_bottleneck,False,0,1,1,False,35714.28571428572,,numeric_robust_z:critical_overlap_fraction,numeric_robust_z:critical_overlap_fraction
CB1_CAUR_L_CF2_RI2_TI2_R12__seed691201__it0000194,CB1_CAUR_L_CF2_RI2_TI2_R12,ts_128d379c8957337a1f52,2,L,CF2,60-80%,MATCHED_RANDOM,matched_random_1,random,False,0,1,1,False,35714.28571428572,,numeric_robust_z:critical_overlap_fraction,numeric_robust_z:critical_overlap_fraction
CB1_CAUR_L_CF2_RI2_TI2_R12__seed691201__it0000194,CB1_CAUR_L_CF2_RI2_TI2_R12,ts_64fb0069ac867f95f8fe,2,L,CF2,60-80%,STRUCTURED_NEAR_NEIGHBOR,near_low_slack,related,False,0,1,1,False,35714.28571428572,,numeric_robust_z:critical_overlap_fraction,numeric_robust_z:critical_overlap_fraction
CB1_CAUR_L_CF2_RI2_TI2_R12__seed691201__it0000194,CB1_CAUR_L_CF2_RI2_TI2_R12,ts_6549a65dafb3aac7bbe9,2,L,CF2,60-80%,LOCAL_PERTURBATION,one_operation_swap,related,False,0,1,1,False,35714.28571428572,,numeric_robust_z:critical_overlap_fraction,numeric_robust_z:critical_overlap_fraction
CB1_CAUR_L_CF2_RI2_TI2_R12__seed691201__it0000194,CB1_CAUR_L_CF2_RI2_TI2_R12,ts_7bb065159a2c963e74fa,2,L,CF2,60-80%,ORIGINAL_OPERATOR,operator_critical,critical,False,0,1,1,False,35714.28571428572,,numeric_robust_z:critical_overlap_fraction,numeric_robust_z:critical_overlap_fraction
CB1_CAUR_L_CF2_RI2_TI2_R12__seed691201__it0000194,CB1_CAUR_L_CF2_RI2_TI2_R12,ts_804bbe0f4ffdd96bd06d,2,L,CF2,60-80%,MATCHED_RANDOM,matched_random_3,random,False,0,1,1,False,35714.28571428572,,numeric_robust_z:critical_overlap_fraction,numeric_robust_z:critical_overlap_fraction
CB1_CAUR_L_CF2_RI2_TI2_R12__seed691201__it0000194,CB1_CAUR_L_CF2_RI2_TI2_R12,ts_8851350778747cea4c78,2,L,CF2,60-80%,ORIGINAL_OPERATOR,operator_related,related,False,0,1,1,False,1000000.0,,numeric_robust_z:is_fallback,numeric_robust_z:is_fallback
CB1_CAUR_L_CF2_RI2_TI2_R12__seed691201__it0000194,CB1_CAUR_L_CF2_RI2_TI2_R12,ts_c7503bc4f6ffbafb9062,2,L,CF2,60-80%,ORIGINAL_OPERATOR,operator_overloaded_island,overloaded_island,True,0,1,1,False,35714.28571428572,,numeric_robust_z:critical_overlap_fraction,numeric_robust_z:critical_overlap_fraction
CB1_CAUR_L_CF2_RI2_TI2_R12__seed691201__it0000194,CB1_CAUR_L_CF2_RI2_TI2_R12,ts_d7953106571ff2b2105b,2,L,CF2,60-80%,RELATED_VARIANT,related_variant_1,related,False,0,1,1,False,35714.28571428572,,numeric_robust_z:critical_overlap_fraction,numeric_robust_z:critical_overlap_fraction
CB1_CAUR_L_CF2_RI2_TI2_R12__seed691201__it0000194,CB1_CAUR_L_CF2_RI2_TI2_R12,ts_ebd154e7a121575ed938,2,L,CF2,60-80%,ORIGINAL_OPERATOR,operator_w_bottleneck,w_bottleneck,False,0,1,1,False,35714.28571428572,,numeric_robust_z:critical_overlap_fraction,numeric_robust_z:critical_overlap_fraction
CB1_CAUR_L_CF2_RI2_TI2_R12__seed691201__it0000229,CB1_CAUR_L_CF2_RI2_TI2_R12,ts_178d6b9b1adef565a413,2,L,CF2,80-100%,MATCHED_RANDOM,matched_random_1,random,False,0,1,1,False,35714.28571428572,,numeric_robust_z:critical_overlap_fraction,numeric_robust_z:critical_overlap_fraction
CB1_CAUR_L_CF2_RI2_TI2_R12__seed691201__it0000229,CB1_CAUR_L_CF2_RI2_TI2_R12,ts_659eb51b1fbce5848bb3,2,L,CF2,80-100%,ORIGINAL_OPERATOR,operator_critical,critical,False,0,1,1,False,35714.28571428572,,numeric_robust_z:critical_overlap_fraction,numeric_robust_z:critical_overlap_fraction
CB1_CAUR_L_CF2_RI2_TI2_R12__seed691201__it0000229,CB1_CAUR_L_CF2_RI2_TI2_R12,ts_a9bad0800a5472fe5dcb,2,L,CF2,80-100%,STRUCTURED_NEAR_NEIGHBOR,near_low_slack,related,False,0,1,1,False,35714.28571428572,,numeric_robust_z:critical_overlap_fraction,numeric_robust_z:critical_overlap_fraction
CB1_CAUR_L_CF2_RI2_TI2_R12__seed691201__it0000229,CB1_CAUR_L_CF2_RI2_TI2_R12,ts_df1ca4251e9dda527817,2,L,CF2,80-100%,ORIGINAL_OPERATOR,operator_related,related,False,0,3,3,True,1000000.0,,numeric_robust_z:origin_rule_count+numeric_robust_z:origin_family_count+numeric_robust_z:is_fallback,numeric_robust_z:origin_rule_count+numeric_robust_z:origin_family_count+numeric_robust_z:is_fallback
CB1_CAUR_L_CF2_RI2_TI2_R12__seed691201__it0000257,CB1_CAUR_L_CF2_RI2_TI2_R12,ts_4d28c9393ab468ef8127,2,L,CF2,80-100%,ORIGINAL_OPERATOR,operator_related,related,False,0,1,1,False,1000000.0,,numeric_robust_z:is_fallback,numeric_robust_z:is_fallback
CB1_CAUR_L_CF2_RI2_TI2_R12__seed691201__it0000257,CB1_CAUR_L_CF2_RI2_TI2_R12,ts_55b815427c291d898813,2,L,CF2,80-100%,ORIGINAL_OPERATOR,operator_critical,critical,False,0,1,1,False,35714.28571428572,,numeric_robust_z:critical_overlap_fraction,numeric_robust_z:critical_overlap_fraction
CB1_CAUR_L_CF2_RI2_TI2_R12__seed691201__it0000257,CB1_CAUR_L_CF2_RI2_TI2_R12,ts_6d6b17d32b9641b51d20,2,L,CF2,80-100%,RELATED_VARIANT,related_variant_2,related,False,0,1,1,False,35714.28571428572,,numeric_robust_z:critical_overlap_fraction,numeric_robust_z:critical_overlap_fraction
CB1_CAUR_L_CF2_RI2_TI2_R12__seed691201__it0000257,CB1_CAUR_L_CF2_RI2_TI2_R12,ts_b5ca9e07fac3a239541b,2,L,CF2,80-100%,STRUCTURED_NEAR_NEIGHBOR,near_low_slack,related,False,0,1,1,False,35714.28571428572,,numeric_robust_z:critical_overlap_fraction,numeric_robust_z:critical_overlap_fraction
CB1_CAUR_L_CF2_RI2_TI2_R12__seed691202__it0000010,CB1_CAUR_L_CF2_RI2_TI2_R12,ts_194898d02a788cbc4537,2,L,CF2,0-20%,ORIGINAL_OPERATOR,operator_critical,critical,False,0,1,1,False,35714.28571428572,,numeric_robust_z:critical_overlap_fraction,numeric_robust_z:critical_overlap_fraction
CB1_CAUR_L_CF2_RI2_TI2_R12__seed691202__it0000010,CB1_CAUR_L_CF2_RI2_TI2_R12,ts_1b650a40e1b04a4442c5,2,L,CF2,0-20%,STRUCTURED_NEAR_NEIGHBOR,near_low_slack,related,False,0,1,1,False,35714.28571428572,,numeric_robust_z:critical_overlap_fraction,numeric_robust_z:critical_overlap_fraction
CB1_CAUR_L_CF2_RI2_TI2_R12__seed691202__it0000010,CB1_CAUR_L_CF2_RI2_TI2_R12,ts_2e8da25a2e6be2b901d8,2,L,CF2,0-20%,RELATED_VARIANT,related_variant_3,related,False,0,1,1,False,35714.28571428572,,numeric_robust_z:critical_overlap_fraction,numeric_robust_z:critical_overlap_fraction
CB1_CAUR_L_CF2_RI2_TI2_R12__seed691202__it0000010,CB1_CAUR_L_CF2_RI2_TI2_R12,ts_4f284e6f4e167e7d0588,2,L,CF2,0-20%,ORIGINAL_OPERATOR,operator_random,random,False,0,1,1,False,35714.28571428572,,numeric_robust_z:critical_overlap_fraction,numeric_robust_z:critical_overlap_fraction
CB1_CAUR_L_CF2_RI2_TI2_R12__seed691202__it0000010,CB1_CAUR_L_CF2_RI2_TI2_R12,ts_c1e22a2a14f639c4a328,2,L,CF2,0-20%,ORIGINAL_OPERATOR,operator_related,related,False,0,1,1,False,1000000.0,,numeric_robust_z:is_fallback,numeric_robust_z:is_fallback
CB1_CAUR_L_CF2_RI2_TI2_R12__seed691202__it0000046,CB1_CAUR_L_CF2_RI2_TI2_R12,ts_29f3101c5e39bcfd6b7b,2,L,CF2,0-20%,ORIGINAL_OPERATOR,operator_critical,critical,False,0,1,1,False,35714.28571428572,,numeric_robust_z:critical_overlap_fraction,numeric_robust_z:critical_overlap_fraction
CB1_CAUR_L_CF2_RI2_TI2_R12__seed691202__it0000046,CB1_CAUR_L_CF2_RI2_TI2_R12,ts_4050bdbe258b12402b25,2,L,CF2,0-20%,MATCHED_RANDOM,matched_random_3,random,False,0,1,1,False,35714.28571428572,,numeric_robust_z:critical_overlap_fraction,numeric_robust_z:critical_overlap_fraction
CB1_CAUR_L_CF2_RI2_TI2_R12__seed691202__it0000046,CB1_CAUR_L_CF2_RI2_TI2_R12,ts_4f9d378f8f2e5f3543f4,2,L,CF2,0-20%,STRUCTURED_NEAR_NEIGHBOR,near_low_slack,related,False,0,1,1,False,35714.28571428572,,numeric_robust_z:critical_overlap_fraction,numeric_robust_z:critical_overlap_fraction
CB1_CAUR_L_CF2_RI2_TI2_R12__seed691202__it0000046,CB1_CAUR_L_CF2_RI2_TI2_R12,ts_82f2eeda0b2685d9e58c,2,L,CF2,0-20%,MATCHED_RANDOM,matched_random_1,random,False,0,1,1,False,35714.28571428572,,numeric_robust_z:critical_overlap_fraction,numeric_robust_z:critical_overlap_fraction
CB1_CAUR_L_CF2_RI2_TI2_R12__seed691202__it0000046,CB1_CAUR_L_CF2_RI2_TI2_R12,ts_d231da8ce71f2f4712e9,2,L,CF2,0-20%,ORIGINAL_OPERATOR,operator_related,related,False,0,1,1,False,1000000.0,,numeric_robust_z:is_fallback,numeric_robust_z:is_fallback
CB1_CAUR_L_CF2_RI2_TI2_R12__seed691202__it0000084,CB1_CAUR_L_CF2_RI2_TI2_R12,ts_20ffd2d850347cffb49a,2,L,CF2,20-40%,LOCAL_PERTURBATION,related_replace_50,related,False,0,1,1,False,35714.28571428572,,numeric_robust_z:critical_overlap_fraction,numeric_robust_z:critical_overlap_fraction
CB1_CAUR_L_CF2_RI2_TI2_R12__seed691202__it0000084,CB1_CAUR_L_CF2_RI2_TI2_R12,ts_429428c3d1fefe50c581,2,L,CF2,20-40%,STRUCTURED_NEAR_NEIGHBOR,near_precedence_neighbor,related,False,0,1,1,False,35714.28571428572,,numeric_robust_z:critical_overlap_fraction,numeric_robust_z:critical_overlap_fraction
CB1_CAUR_L_CF2_RI2_TI2_R12__seed691202__it0000084,CB1_CAUR_L_CF2_RI2_TI2_R12,ts_6fac3ec787c83488e3bd,2,L,CF2,20-40%,LOCAL_PERTURBATION,one_operation_swap,related,False,0,1,1,False,35714.28571428572,,numeric_robust_z:critical_overlap_fraction,numeric_robust_z:critical_overlap_fraction
CB1_CAUR_L_CF2_RI2_TI2_R12__seed691202__it0000084,CB1_CAUR_L_CF2_RI2_TI2_R12,ts_92ac62ecff9bc8ad0e19,2,L,CF2,20-40%,LOCAL_PERTURBATION,two_operation_swap,related,False,0,1,1,False,35714.28571428572,,numeric_robust_z:critical_overlap_fraction,numeric_robust_z:critical_overlap_fraction
CB1_CAUR_L_CF2_RI2_TI2_R12__seed691202__it0000084,CB1_CAUR_L_CF2_RI2_TI2_R12,ts_ac2d8095a57bd21947b2,2,L,CF2,20-40%,ORIGINAL_OPERATOR,operator_critical,critical,False,0,1,1,False,35714.28571428572,,numeric_robust_z:critical_overlap_fraction,numeric_robust_z:critical_overlap_fraction
CB1_CAUR_L_CF2_RI2_TI2_R12__seed691202__it0000084,CB1_CAUR_L_CF2_RI2_TI2_R12,ts_da69a76596bf19d6fa79,2,L,CF2,20-40%,STRUCTURED_NEAR_NEIGHBOR,near_high_F_delay,related,True,0,1,1,False,35714.28571428572,,numeric_robust_z:critical_overlap_fraction,numeric_robust_z:critical_overlap_fraction
CB1_CAUR_L_CF2_RI2_TI2_R12__seed691202__it0000084,CB1_CAUR_L_CF2_RI2_TI2_R12,ts_dde50f8e3c320a9f0686,2,L,CF2,20-40%,STRUCTURED_NEAR_NEIGHBOR,near_low_slack,related,False,0,1,1,False,35714.28571428572,,numeric_robust_z:critical_overlap_fraction,numeric_robust_z:critical_overlap_fraction
CB1_CAUR_L_CF2_RI2_TI2_R12__seed691202__it0000084,CB1_CAUR_L_CF2_RI2_TI2_R12,ts_e9744bb2883705148c9e,2,L,CF2,20-40%,ORIGINAL_OPERATOR,operator_f_bottleneck,f_bottleneck,False,0,1,1,False,35714.28571428572,,numeric_robust_z:critical_overlap_fraction,numeric_robust_z:critical_overlap_fraction
CB1_CAUR_L_CF2_RI2_TI2_R12__seed691202__it0000084,CB1_CAUR_L_CF2_RI2_TI2_R12,ts_ec56f9f401c1d32fa3ea,2,L,CF2,20-40%,STRUCTURED_NEAR_NEIGHBOR,near_same_island_chain,related,False,0,1,1,False,35714.28571428572,,numeric_robust_z:critical_overlap_fraction,numeric_robust_z:critical_overlap_fraction
CB1_CAUR_L_CF2_RI2_TI2_R12__seed691202__it0000084,CB1_CAUR_L_CF2_RI2_TI2_R12,ts_ecdbc6c8247823427f8d,2,L,CF2,20-40%,ORIGINAL_OPERATOR,operator_related,related,False,0,2,2,True,1000000.0,,numeric_robust_z:critical_overlap_fraction+numeric_robust_z:is_fallback,numeric_robust_z:critical_overlap_fraction+numeric_robust_z:is_fallback
CB1_CAUR_L_CF2_RI2_TI2_R12__seed691202__it0000084,CB1_CAUR_L_CF2_RI2_TI2_R12,ts_f30aa927dc1c71490d82,2,L,CF2,20-40%,STRUCTURED_NEAR_NEIGHBOR,near_same_product,related,False,0,1,1,False,35714.28571428572,,numeric_robust_z:critical_overlap_fraction,numeric_robust_z:critical_overlap_fraction
CB1_CAUR_L_CF2_RI2_TI2_R12__seed691202__it0000119,CB1_CAUR_L_CF2_RI2_TI2_R12,ts_70f52d0e21a7f7132e1c,2,L,CF2,40-60%,ORIGINAL_OPERATOR,operator_critical,critical,False,0,1,1,False,35714.28571428572,,numeric_robust_z:critical_overlap_fraction,numeric_robust_z:critical_overlap_fraction
CB1_CAUR_L_CF2_RI2_TI2_R12__seed691202__it0000119,CB1_CAUR_L_CF2_RI2_TI2_R12,ts_7d30b17e002fb5dc4e1a,2,L,CF2,40-60%,MATCHED_RANDOM,matched_random_1,random,False,0,1,1,False,35714.28571428572,,numeric_robust_z:critical_overlap_fraction,numeric_robust_z:critical_overlap_fraction
CB1_CAUR_L_CF2_RI2_TI2_R12__seed691202__it0000119,CB1_CAUR_L_CF2_RI2_TI2_R12,ts_cec8f422197c1ceb18fd,2,L,CF2,40-60%,ORIGINAL_OPERATOR,operator_f_bottleneck,f_bottleneck,False,0,1,1,False,35714.28571428572,,numeric_robust_z:critical_overlap_fraction,numeric_robust_z:critical_overlap_fraction
CB1_CAUR_L_CF2_RI2_TI2_R12__seed691202__it0000119,CB1_CAUR_L_CF2_RI2_TI2_R12,ts_d6106b11d8448e44195d,2,L,CF2,40-60%,STRUCTURED_NEAR_NEIGHBOR,near_low_slack,related,False,0,1,1,False,35714.28571428572,,numeric_robust_z:critical_overlap_fraction,numeric_robust_z:critical_overlap_fraction
CB1_CAUR_L_CF2_RI2_TI2_R12__seed691202__it0000119,CB1_CAUR_L_CF2_RI2_TI2_R12,ts_ec33038969c40eab443a,2,L,CF2,40-60%,ORIGINAL_OPERATOR,operator_related,related,False,0,1,1,False,1000000.0,,numeric_robust_z:is_fallback,numeric_robust_z:is_fallback
CB1_CAUR_L_CF2_RI2_TI2_R12__seed691202__it0000155,CB1_CAUR_L_CF2_RI2_TI2_R12,ts_7ce6710dd5a5f81633c6,2,L,CF2,40-60%,STRUCTURED_NEAR_NEIGHBOR,near_low_slack,related,False,0,1,1,False,35714.28571428572,,numeric_robust_z:critical_overlap_fraction,numeric_robust_z:critical_overlap_fraction
CB1_CAUR_L_CF2_RI2_TI2_R12__seed691202__it0000155,CB1_CAUR_L_CF2_RI2_TI2_R12,ts_d81591ba9df6fdd6a234,2,L,CF2,40-60%,ORIGINAL_OPERATOR,operator_related,related,False,0,1,1,False,1000000.0,,numeric_robust_z:is_fallback,numeric_robust_z:is_fallback
CB1_CAUR_L_CF2_RI2_TI2_R12__seed691202__it0000155,CB1_CAUR_L_CF2_RI2_TI2_R12,ts_f306cc004af2cdeee9c7,2,L,CF2,40-60%,ORIGINAL_OPERATOR,operator_critical,critical,False,0,1,1,False,35714.28571428572,,numeric_robust_z:critical_overlap_fraction,numeric_robust_z:critical_overlap_fraction
CB1_CAUR_L_CF2_RI2_TI2_R12__seed691202__it0000193,CB1_CAUR_L_CF2_RI2_TI2_R12,ts_1ba951472be04b50aaa8,2,L,CF2,60-80%,ORIGINAL_OPERATOR,operator_related,related,False,0,1,1,False,1000000.0,,numeric_robust_z:is_fallback,numeric_robust_z:is_fallback
CB1_CAUR_L_CF2_RI2_TI2_R12__seed691202__it0000193,CB1_CAUR_L_CF2_RI2_TI2_R12,ts_4bb0581ad099c72b6d13,2,L,CF2,60-80%,ORIGINAL_OPERATOR,operator_critical,critical,False,0,1,1,False,35714.28571428572,,numeric_robust_z:critical_overlap_fraction,numeric_robust_z:critical_overlap_fraction
CB1_CAUR_L_CF2_RI2_TI2_R12__seed691202__it0000193,CB1_CAUR_L_CF2_RI2_TI2_R12,ts_5d30e94913c760b91058,2,L,CF2,60-80%,STRUCTURED_NEAR_NEIGHBOR,near_low_slack,related,False,0,1,1,False,35714.28571428572,,numeric_robust_z:critical_overlap_fraction,numeric_robust_z:critical_overlap_fraction
CB1_CAUR_L_CF2_RI2_TI2_R12__seed691202__it0000193,CB1_CAUR_L_CF2_RI2_TI2_R12,ts_ac26fb7302175cf0c545,2,L,CF2,60-80%,ORIGINAL_OPERATOR,operator_w_bottleneck,w_bottleneck,False,0,1,1,False,35714.28571428572,,numeric_robust_z:critical_overlap_fraction,numeric_robust_z:critical_overlap_fraction
CB1_CAUR_L_CF2_RI2_TI2_R12__seed691202__it0000193,CB1_CAUR_L_CF2_RI2_TI2_R12,ts_fa63b1923f7cafea9799,2,L,CF2,60-80%,ORIGINAL_OPERATOR,operator_f_bottleneck,f_bottleneck,False,0,1,1,False,35714.28571428572,,numeric_robust_z:critical_overlap_fraction,numeric_robust_z:critical_overlap_fraction
CB1_CAUR_L_CF2_RI2_TI2_R12__seed691202__it0000228,CB1_CAUR_L_CF2_RI2_TI2_R12,ts_0faaaf8345f7f4010f1f,2,L,CF2,80-100%,LOCAL_PERTURBATION,related_replace_25,related,False,0,1,1,False,35714.28571428572,,numeric_robust_z:critical_overlap_fraction,numeric_robust_z:critical_overlap_fraction
CB1_CAUR_L_CF2_RI2_TI2_R12__seed691202__it0000228,CB1_CAUR_L_CF2_RI2_TI2_R12,ts_2711a2e84b4e4c959c5e,2,L,CF2,80-100%,STRUCTURED_NEAR_NEIGHBOR,near_same_product,related,False,0,1,1,False,35714.28571428572,,numeric_robust_z:critical_overlap_fraction,numeric_robust_z:critical_overlap_fraction
CB1_CAUR_L_CF2_RI2_TI2_R12__seed691202__it0000228,CB1_CAUR_L_CF2_RI2_TI2_R12,ts_3a7c5b4f4f27abafc80e,2,L,CF2,80-100%,LOCAL_PERTURBATION,one_operation_swap,related,False,0,1,1,False,35714.28571428572,,numeric_robust_z:critical_overlap_fraction,numeric_robust_z:critical_overlap_fraction
CB1_CAUR_L_CF2_RI2_TI2_R12__seed691202__it0000228,CB1_CAUR_L_CF2_RI2_TI2_R12,ts_3aa89df2b702c1b68580,2,L,CF2,80-100%,RELATED_VARIANT,related_variant_1,related,False,0,1,1,False,35714.28571428572,,numeric_robust_z:critical_overlap_fraction,numeric_robust_z:critical_overlap_fraction
CB1_CAUR_L_CF2_RI2_TI2_R12__seed691202__it0000228,CB1_CAUR_L_CF2_RI2_TI2_R12,ts_5153d865ae9c1a81da0c,2,L,CF2,80-100%,RELATED_VARIANT,related_variant_4,related,False,0,1,1,False,35714.28571428572,,numeric_robust_z:critical_overlap_fraction,numeric_robust_z:critical_overlap_fraction
CB1_CAUR_L_CF2_RI2_TI2_R12__seed691202__it0000228,CB1_CAUR_L_CF2_RI2_TI2_R12,ts_620b5a058d1485adbcdb,2,L,CF2,80-100%,ORIGINAL_OPERATOR,operator_related,related,False,0,2,2,True,1000000.0,,numeric_robust_z:critical_overlap_fraction+numeric_robust_z:is_fallback,numeric_robust_z:critical_overlap_fraction+numeric_robust_z:is_fallback
CB1_CAUR_L_CF2_RI2_TI2_R12__seed691202__it0000228,CB1_CAUR_L_CF2_RI2_TI2_R12,ts_62376bc619e4303a5b96,2,L,CF2,80-100%,ORIGINAL_OPERATOR,operator_critical,critical,False,0,1,1,False,71428.57142857143,,numeric_robust_z:critical_overlap_fraction,numeric_robust_z:critical_overlap_fraction
CB1_CAUR_L_CF2_RI2_TI2_R12__seed691202__it0000228,CB1_CAUR_L_CF2_RI2_TI2_R12,ts_6968e6b465f4034d56ae,2,L,CF2,80-100%,RELATED_VARIANT,related_variant_3,related,False,0,1,1,False,35714.28571428572,,numeric_robust_z:critical_overlap_fraction,numeric_robust_z:critical_overlap_fraction
CB1_CAUR_L_CF2_RI2_TI2_R12__seed691202__it0000228,CB1_CAUR_L_CF2_RI2_TI2_R12,ts_880dafd4f0e1721705a1,2,L,CF2,80-100%,STRUCTURED_NEAR_NEIGHBOR,near_same_island_chain,related,False,0,1,1,False,35714.28571428572,,numeric_robust_z:critical_overlap_fraction,numeric_robust_z:critical_overlap_fraction
CB1_CAUR_L_CF2_RI2_TI2_R12__seed691202__it0000228,CB1_CAUR_L_CF2_RI2_TI2_R12,ts_9eb8cab7b50ada2486ee,2,L,CF2,80-100%,STRUCTURED_NEAR_NEIGHBOR,near_precedence_neighbor,related,False,0,1,1,False,71428.57142857143,,numeric_robust_z:critical_overlap_fraction,numeric_robust_z:critical_overlap_fraction
CB1_CAUR_L_CF2_RI2_TI2_R12__seed691202__it0000228,CB1_CAUR_L_CF2_RI2_TI2_R12,ts_ebea7fb83efa6b7141a5,2,L,CF2,80-100%,LOCAL_PERTURBATION,two_operation_swap,related,False,0,1,1,False,35714.28571428572,,numeric_robust_z:critical_overlap_fraction,numeric_robust_z:critical_overlap_fraction
CB1_CAUR_L_CF2_RI2_TI2_R12__seed691202__it0000228,CB1_CAUR_L_CF2_RI2_TI2_R12,ts_edccb94bcc652b513d4a,2,L,CF2,80-100%,LOCAL_PERTURBATION,related_replace_50,related,False,0,1,1,False,35714.28571428572,,numeric_robust_z:critical_overlap_fraction,numeric_robust_z:critical_overlap_fraction
CB1_CAUR_L_CF2_RI2_TI2_R12__seed691202__it0000228,CB1_CAUR_L_CF2_RI2_TI2_R12,ts_efa26b6d50f7018cb013,2,L,CF2,80-100%,STRUCTURED_NEAR_NEIGHBOR,near_low_slack,related,False,0,1,1,False,71428.57142857143,,numeric_robust_z:critical_overlap_fraction,numeric_robust_z:critical_overlap_fraction
CB1_CAUR_L_CF2_RI2_TI2_R12__seed691202__it0000255,CB1_CAUR_L_CF2_RI2_TI2_R12,ts_05e0495498b67e6cc1d8,2,L,CF2,80-100%,LOCAL_PERTURBATION,related_replace_50,related,False,0,1,1,False,35714.28571428572,,numeric_robust_z:critical_overlap_fraction,numeric_robust_z:critical_overlap_fraction
CB1_CAUR_L_CF2_RI2_TI2_R12__seed691202__it0000255,CB1_CAUR_L_CF2_RI2_TI2_R12,ts_73f79c9dcb4712314402,2,L,CF2,80-100%,ORIGINAL_OPERATOR,operator_related,related,False,0,1,1,False,1000000.0,,numeric_robust_z:is_fallback,numeric_robust_z:is_fallback
CB1_CAUR_L_CF2_RI2_TI2_R12__seed691202__it0000255,CB1_CAUR_L_CF2_RI2_TI2_R12,ts_76e84c6956c5df2e8dd0,2,L,CF2,80-100%,STRUCTURED_NEAR_NEIGHBOR,near_low_slack,related,False,0,1,1,False,107142.85714285714,,numeric_robust_z:critical_overlap_fraction,numeric_robust_z:critical_overlap_fraction
CB1_CAUR_L_CF2_RI2_TI2_R12__seed691202__it0000255,CB1_CAUR_L_CF2_RI2_TI2_R12,ts_7d9a5924399033d631ad,2,L,CF2,80-100%,MATCHED_RANDOM,matched_random_2,random,False,0,1,1,False,71428.57142857143,,numeric_robust_z:critical_overlap_fraction,numeric_robust_z:critical_overlap_fraction
CB1_CAUR_L_CF2_RI2_TI2_R12__seed691202__it0000255,CB1_CAUR_L_CF2_RI2_TI2_R12,ts_89e71d1f3d1e58ecbcf9,2,L,CF2,80-100%,RELATED_VARIANT,related_variant_4,related,False,0,1,1,False,71428.57142857143,,numeric_robust_z:critical_overlap_fraction,numeric_robust_z:critical_overlap_fraction
CB1_CAUR_L_CF2_RI2_TI2_R12__seed691202__it0000255,CB1_CAUR_L_CF2_RI2_TI2_R12,ts_9be76251814b88de43bb,2,L,CF2,80-100%,MATCHED_RANDOM,matched_random_3,random,False,0,1,1,False,35714.28571428572,,numeric_robust_z:critical_overlap_fraction,numeric_robust_z:critical_overlap_fraction
CB1_CAUR_L_CF2_RI2_TI2_R12__seed691202__it0000255,CB1_CAUR_L_CF2_RI2_TI2_R12,ts_9f92ece15a3435ce90ac,2,L,CF2,80-100%,MATCHED_RANDOM,matched_random_1,random,False,0,1,1,False,35714.28571428572,,numeric_robust_z:critical_overlap_fraction,numeric_robust_z:critical_overlap_fraction
CB1_CAUR_L_CF2_RI2_TI2_R12__seed691202__it0000255,CB1_CAUR_L_CF2_RI2_TI2_R12,ts_aa0b80dd10e2e261d3c0,2,L,CF2,80-100%,LOCAL_PERTURBATION,related_replace_25,related,False,0,1,1,False,35714.28571428572,,numeric_robust_z:critical_overlap_fraction,numeric_robust_z:critical_overlap_fraction
CB1_CAUR_L_CF2_RI2_TI2_R12__seed691202__it0000255,CB1_CAUR_L_CF2_RI2_TI2_R12,ts_c1f5de7850ed07444be4,2,L,CF2,80-100%,ORIGINAL_OPERATOR,operator_critical,critical,False,0,1,1,False,107142.85714285714,,numeric_robust_z:critical_overlap_fraction,numeric_robust_z:critical_overlap_fraction
CB1_CAUR_L_CF3_RI2_TI2_R12_C02__seed691201__it0000010,CB1_CAUR_L_CF3_RI2_TI2_R12_C02,ts_3954a3ce1c1cc4967705,0,L,CF3,0-20%,ORIGINAL_OPERATOR,operator_critical,critical,False,0,1,1,False,37037.03703703704,,numeric_robust_z:critical_overlap_fraction,numeric_robust_z:critical_overlap_fraction
CB1_CAUR_L_CF3_RI2_TI2_R12_C02__seed691201__it0000010,CB1_CAUR_L_CF3_RI2_TI2_R12_C02,ts_5788402d96b0d1a40538,0,L,CF3,0-20%,ORIGINAL_OPERATOR,operator_high_reconfiguration,high_reconfiguration,False,0,1,1,False,37037.03703703704,,numeric_robust_z:critical_overlap_fraction,numeric_robust_z:critical_overlap_fraction
CB1_CAUR_L_CF3_RI2_TI2_R12_C02__seed691201__it0000010,CB1_CAUR_L_CF3_RI2_TI2_R12_C02,ts_5b689475f385d4a29c31,0,L,CF3,0-20%,RELATED_VARIANT,related_variant_4,related,False,0,1,1,False,37037.03703703704,,numeric_robust_z:critical_overlap_fraction,numeric_robust_z:critical_overlap_fraction
CB1_CAUR_L_CF3_RI2_TI2_R12_C02__seed691201__it0000010,CB1_CAUR_L_CF3_RI2_TI2_R12_C02,ts_78bec9ce1c4d332b0a9d,0,L,CF3,0-20%,MATCHED_RANDOM,matched_random_3,random,False,0,1,1,False,37037.03703703704,,numeric_robust_z:critical_overlap_fraction,numeric_robust_z:critical_overlap_fraction
CB1_CAUR_L_CF3_RI2_TI2_R12_C02__seed691201__it0000010,CB1_CAUR_L_CF3_RI2_TI2_R12_C02,ts_90ca128849166a59465f,0,L,CF3,0-20%,STRUCTURED_NEAR_NEIGHBOR,near_low_slack,related,False,0,1,1,False,37037.03703703704,,numeric_robust_z:critical_overlap_fraction,numeric_robust_z:critical_overlap_fraction
CB1_CAUR_L_CF3_RI2_TI2_R12_C02__seed691201__it0000010,CB1_CAUR_L_CF3_RI2_TI2_R12_C02,ts_ec608eaa8042154b6002,0,L,CF3,0-20%,ORIGINAL_OPERATOR,operator_related,related,False,0,1,1,False,1000000.0,,numeric_robust_z:is_fallback,numeric_robust_z:is_fallback
CB1_CAUR_L_CF3_RI2_TI2_R12_C02__seed691201__it0000046,CB1_CAUR_L_CF3_RI2_TI2_R12_C02,ts_726e165117b0e4789807,0,L,CF3,0-20%,STRUCTURED_NEAR_NEIGHBOR,near_low_slack,related,False,0,1,1,False,37037.03703703704,,numeric_robust_z:critical_overlap_fraction,numeric_robust_z:critical_overlap_fraction
CB1_CAUR_L_CF3_RI2_TI2_R12_C02__seed691201__it0000046,CB1_CAUR_L_CF3_RI2_TI2_R12_C02,ts_796ca7e9fbe474c4e145,0,L,CF3,0-20%,ORIGINAL_OPERATOR,operator_critical,critical,False,0,1,1,False,37037.03703703704,,numeric_robust_z:critical_overlap_fraction,numeric_robust_z:critical_overlap_fraction
CB1_CAUR_L_CF3_RI2_TI2_R12_C02__seed691201__it0000046,CB1_CAUR_L_CF3_RI2_TI2_R12_C02,ts_b0126c869cd905379a89,0,L,CF3,0-20%,ORIGINAL_OPERATOR,operator_related,related,False,0,1,1,False,1000000.0,,numeric_robust_z:is_fallback,numeric_robust_z:is_fallback
CB1_CAUR_L_CF3_RI2_TI2_R12_C02__seed691201__it0000085,CB1_CAUR_L_CF3_RI2_TI2_R12_C02,ts_129c293da1873761e01b,0,L,CF3,20-40%,LOCAL_PERTURBATION,one_operation_swap,related,False,0,1,1,False,37037.03703703704,,numeric_robust_z:critical_overlap_fraction,numeric_robust_z:critical_overlap_fraction
CB1_CAUR_L_CF3_RI2_TI2_R12_C02__seed691201__it0000085,CB1_CAUR_L_CF3_RI2_TI2_R12_C02,ts_2b18313622e3713f6b79,0,L,CF3,20-40%,RELATED_VARIANT,related_variant_4,related,False,0,1,1,False,37037.03703703704,,numeric_robust_z:critical_overlap_fraction,numeric_robust_z:critical_overlap_fraction
CB1_CAUR_L_CF3_RI2_TI2_R12_C02__seed691201__it0000085,CB1_CAUR_L_CF3_RI2_TI2_R12_C02,ts_43dffb1d30a5aa4b5a88,0,L,CF3,20-40%,LOCAL_PERTURBATION,related_replace_25,related,False,0,1,1,False,37037.03703703704,,numeric_robust_z:critical_overlap_fraction,numeric_robust_z:critical_overlap_fraction
CB1_CAUR_L_CF3_RI2_TI2_R12_C02__seed691201__it0000085,CB1_CAUR_L_CF3_RI2_TI2_R12_C02,ts_4790c2da9efc8791404f,0,L,CF3,20-40%,ORIGINAL_OPERATOR,operator_random,random,False,0,1,1,False,37037.03703703704,,numeric_robust_z:critical_overlap_fraction,numeric_robust_z:critical_overlap_fraction
CB1_CAUR_L_CF3_RI2_TI2_R12_C02__seed691201__it0000085,CB1_CAUR_L_CF3_RI2_TI2_R12_C02,ts_4f34c167520d34467455,0,L,CF3,20-40%,STRUCTURED_NEAR_NEIGHBOR,near_same_product,related,False,0,1,1,False,37037.03703703704,,numeric_robust_z:critical_overlap_fraction,numeric_robust_z:critical_overlap_fraction
CB1_CAUR_L_CF3_RI2_TI2_R12_C02__seed691201__it0000085,CB1_CAUR_L_CF3_RI2_TI2_R12_C02,ts_5d4ba27d3860b05207a2,0,L,CF3,20-40%,ORIGINAL_OPERATOR,operator_critical,critical,False,0,2,2,True,74074.07407407407,,numeric_robust_z:critical_overlap_fraction+numeric_robust_z:bottleneck_overlap_fraction,numeric_robust_z:critical_overlap_fraction+numeric_robust_z:bottleneck_overlap_fraction
CB1_CAUR_L_CF3_RI2_TI2_R12_C02__seed691201__it0000085,CB1_CAUR_L_CF3_RI2_TI2_R12_C02,ts_64148d0ad94162613c47,0,L,CF3,20-40%,ORIGINAL_OPERATOR,operator_related,related,False,0,2,2,True,1000000.0,,numeric_robust_z:critical_overlap_fraction+numeric_robust_z:is_fallback,numeric_robust_z:critical_overlap_fraction+numeric_robust_z:is_fallback
CB1_CAUR_L_CF3_RI2_TI2_R12_C02__seed691201__it0000085,CB1_CAUR_L_CF3_RI2_TI2_R12_C02,ts_7b7798d190feb7d06126,0,L,CF3,20-40%,ORIGINAL_OPERATOR,operator_overloaded_island,overloaded_island,True,0,1,1,False,37037.03703703704,,numeric_robust_z:critical_overlap_fraction,numeric_robust_z:critical_overlap_fraction
CB1_CAUR_L_CF3_RI2_TI2_R12_C02__seed691201__it0000085,CB1_CAUR_L_CF3_RI2_TI2_R12_C02,ts_8cfc350b56217a1215fe,0,L,CF3,20-40%,STRUCTURED_NEAR_NEIGHBOR,near_high_F_delay,related,False,0,1,1,False,37037.03703703704,,numeric_robust_z:critical_overlap_fraction,numeric_robust_z:critical_overlap_fraction
CB1_CAUR_L_CF3_RI2_TI2_R12_C02__seed691201__it0000085,CB1_CAUR_L_CF3_RI2_TI2_R12_C02,ts_b16bbe31f89c189cecf1,0,L,CF3,20-40%,RELATED_VARIANT,related_variant_2,related,False,0,1,1,False,37037.03703703704,,numeric_robust_z:critical_overlap_fraction,numeric_robust_z:critical_overlap_fraction
CB1_CAUR_L_CF3_RI2_TI2_R12_C02__seed691201__it0000085,CB1_CAUR_L_CF3_RI2_TI2_R12_C02,ts_b408a6492a1854ef08e5,0,L,CF3,20-40%,STRUCTURED_NEAR_NEIGHBOR,near_precedence_neighbor,related,False,0,1,1,False,37037.03703703704,,numeric_robust_z:critical_overlap_fraction,numeric_robust_z:critical_overlap_fraction
CB1_CAUR_L_CF3_RI2_TI2_R12_C02__seed691201__it0000085,CB1_CAUR_L_CF3_RI2_TI2_R12_C02,ts_c25803558847aed78b46,0,L,CF3,20-40%,STRUCTURED_NEAR_NEIGHBOR,near_low_slack,related,False,0,2,2,True,74074.07407407407,,numeric_robust_z:critical_overlap_fraction+numeric_robust_z:bottleneck_overlap_fraction,numeric_robust_z:critical_overlap_fraction+numeric_robust_z:bottleneck_overlap_fraction
CB1_CAUR_L_CF3_RI2_TI2_R12_C02__seed691201__it0000085,CB1_CAUR_L_CF3_RI2_TI2_R12_C02,ts_c9c01b62175a25556aa8,0,L,CF3,20-40%,RELATED_VARIANT,related_variant_1,related,False,0,1,1,False,37037.03703703704,,numeric_robust_z:critical_overlap_fraction,numeric_robust_z:critical_overlap_fraction
CB1_CAUR_L_CF3_RI2_TI2_R12_C02__seed691201__it0000085,CB1_CAUR_L_CF3_RI2_TI2_R12_C02,ts_ecd76968acef442eb762,0,L,CF3,20-40%,STRUCTURED_NEAR_NEIGHBOR,near_same_island_chain,related,False,0,1,1,False,37037.03703703704,,numeric_robust_z:critical_overlap_fraction,numeric_robust_z:critical_overlap_fraction
CB1_CAUR_L_CF3_RI2_TI2_R12_C02__seed691201__it0000085,CB1_CAUR_L_CF3_RI2_TI2_R12_C02,ts_ff5da5d815d21f10a3dc,0,L,CF3,20-40%,LOCAL_PERTURBATION,two_operation_swap,related,False,0,1,1,False,37037.03703703704,,numeric_robust_z:critical_overlap_fraction,numeric_robust_z:critical_overlap_fraction
CB1_CAUR_L_CF3_RI2_TI2_R12_C02__seed691201__it0000121,CB1_CAUR_L_CF3_RI2_TI2_R12_C02,ts_67339cb8624cb300330c,0,L,CF3,40-60%,STRUCTURED_NEAR_NEIGHBOR,near_low_slack,related,False,0,1,1,False,37037.03703703704,,numeric_robust_z:critical_overlap_fraction,numeric_robust_z:critical_overlap_fraction
CB1_CAUR_L_CF3_RI2_TI2_R12_C02__seed691201__it0000121,CB1_CAUR_L_CF3_RI2_TI2_R12_C02,ts_84333c76d669f7e91c09,0,L,CF3,40-60%,ORIGINAL_OPERATOR,operator_related,related,False,0,1,1,False,1000000.0,,numeric_robust_z:is_fallback,numeric_robust_z:is_fallback
CB1_CAUR_L_CF3_RI2_TI2_R12_C02__seed691201__it0000121,CB1_CAUR_L_CF3_RI2_TI2_R12_C02,ts_d7feec3d07364db14064,0,L,CF3,40-60%,ORIGINAL_OPERATOR,operator_critical,critical,False,0,1,1,False,37037.03703703704,,numeric_robust_z:critical_overlap_fraction,numeric_robust_z:critical_overlap_fraction
CB1_CAUR_L_CF3_RI2_TI2_R12_C02__seed691201__it0000156,CB1_CAUR_L_CF3_RI2_TI2_R12_C02,ts_666334410991ca56c486,0,L,CF3,40-60%,RELATED_VARIANT,related_variant_1,related,False,0,1,1,False,1000000.0,,numeric_robust_z:origin_rule_count,numeric_robust_z:origin_rule_count
CB1_CAUR_L_CF3_RI2_TI2_R12_C02__seed691201__it0000156,CB1_CAUR_L_CF3_RI2_TI2_R12_C02,ts_9e489a92f7f8d31a6baa,0,L,CF3,40-60%,ORIGINAL_OPERATOR,operator_related,related,False,0,1,1,False,1000000.0,,numeric_robust_z:is_fallback,numeric_robust_z:is_fallback
CB1_CAUR_L_CF3_RI2_TI2_R12_C02__seed691201__it0000156,CB1_CAUR_L_CF3_RI2_TI2_R12_C02,ts_b433c7235211ae7a1d22,0,L,CF3,40-60%,STRUCTURED_NEAR_NEIGHBOR,near_low_slack,related,False,0,1,1,False,37037.03703703704,,numeric_robust_z:critical_overlap_fraction,numeric_robust_z:critical_overlap_fraction
CB1_CAUR_L_CF3_RI2_TI2_R12_C02__seed691201__it0000156,CB1_CAUR_L_CF3_RI2_TI2_R12_C02,ts_bf685488fed03f624e68,0,L,CF3,40-60%,ORIGINAL_OPERATOR,operator_random,random,False,0,1,1,False,37037.03703703704,,numeric_robust_z:critical_overlap_fraction,numeric_robust_z:critical_overlap_fraction
CB1_CAUR_L_CF3_RI2_TI2_R12_C02__seed691201__it0000156,CB1_CAUR_L_CF3_RI2_TI2_R12_C02,ts_dca6a4d15341c99fcb7a,0,L,CF3,40-60%,ORIGINAL_OPERATOR,operator_critical,critical,False,0,1,1,False,37037.03703703704,,numeric_robust_z:critical_overlap_fraction,numeric_robust_z:critical_overlap_fraction
CB1_CAUR_L_CF3_RI2_TI2_R12_C02__seed691201__it0000195,CB1_CAUR_L_CF3_RI2_TI2_R12_C02,ts_0312d95e17754959d426,0,L,CF3,60-80%,STRUCTURED_NEAR_NEIGHBOR,near_high_W_delay,related,False,0,1,1,False,37037.03703703704,,numeric_robust_z:critical_overlap_fraction,numeric_robust_z:critical_overlap_fraction
CB1_CAUR_L_CF3_RI2_TI2_R12_C02__seed691201__it0000195,CB1_CAUR_L_CF3_RI2_TI2_R12_C02,ts_2564bcba28bed6b18c88,0,L,CF3,60-80%,ORIGINAL_OPERATOR,operator_related,related,False,0,2,2,True,1000000.0,,numeric_robust_z:critical_overlap_fraction+numeric_robust_z:is_fallback,numeric_robust_z:critical_overlap_fraction+numeric_robust_z:is_fallback
CB1_CAUR_L_CF3_RI2_TI2_R12_C02__seed691201__it0000195,CB1_CAUR_L_CF3_RI2_TI2_R12_C02,ts_6fa5d189041757978276,0,L,CF3,60-80%,ORIGINAL_OPERATOR,operator_critical,critical,False,0,1,1,False,37037.03703703704,,numeric_robust_z:critical_overlap_fraction,numeric_robust_z:critical_overlap_fraction
CB1_CAUR_L_CF3_RI2_TI2_R12_C02__seed691201__it0000195,CB1_CAUR_L_CF3_RI2_TI2_R12_C02,ts_705cd8832606caaadc98,0,L,CF3,60-80%,LOCAL_PERTURBATION,two_operation_swap,related,False,0,1,1,False,37037.03703703704,,numeric_robust_z:critical_overlap_fraction,numeric_robust_z:critical_overlap_fraction
CB1_CAUR_L_CF3_RI2_TI2_R12_C02__seed691201__it0000195,CB1_CAUR_L_CF3_RI2_TI2_R12_C02,ts_814a9b10139369831c7c,0,L,CF3,60-80%,STRUCTURED_NEAR_NEIGHBOR,near_low_slack,related,False,0,1,1,False,37037.03703703704,,numeric_robust_z:critical_overlap_fraction,numeric_robust_z:critical_overlap_fraction
CB1_CAUR_L_CF3_RI2_TI2_R12_C02__seed691201__it0000195,CB1_CAUR_L_CF3_RI2_TI2_R12_C02,ts_81e01cab969c2866135c,0,L,CF3,60-80%,LOCAL_PERTURBATION,one_operation_swap,related,False,0,1,1,False,37037.03703703704,,numeric_robust_z:critical_overlap_fraction,numeric_robust_z:critical_overlap_fraction
CB1_CAUR_L_CF3_RI2_TI2_R12_C02__seed691201__it0000195,CB1_CAUR_L_CF3_RI2_TI2_R12_C02,ts_836ceaa3b55e6f205e89,0,L,CF3,60-80%,STRUCTURED_NEAR_NEIGHBOR,near_same_island_chain,related,False,0,1,1,False,37037.03703703704,,numeric_robust_z:critical_overlap_fraction,numeric_robust_z:critical_overlap_fraction
CB1_CAUR_L_CF3_RI2_TI2_R12_C02__seed691201__it0000195,CB1_CAUR_L_CF3_RI2_TI2_R12_C02,ts_843b9bf6fa2da5a5e680,0,L,CF3,60-80%,ORIGINAL_OPERATOR,operator_f_bottleneck,f_bottleneck,False,0,1,1,False,37037.03703703704,,numeric_robust_z:critical_overlap_fraction,numeric_robust_z:critical_overlap_fraction
CB1_CAUR_L_CF3_RI2_TI2_R12_C02__seed691201__it0000195,CB1_CAUR_L_CF3_RI2_TI2_R12_C02,ts_a23fb93c3329a5795f17,0,L,CF3,60-80%,LOCAL_PERTURBATION,related_replace_25,related,False,0,1,1,False,37037.03703703704,,numeric_robust_z:critical_overlap_fraction,numeric_robust_z:critical_overlap_fraction
CB1_CAUR_L_CF3_RI2_TI2_R12_C02__seed691201__it0000195,CB1_CAUR_L_CF3_RI2_TI2_R12_C02,ts_a7e3d2767b650847802a,0,L,CF3,60-80%,STRUCTURED_NEAR_NEIGHBOR,near_precedence_neighbor,related,False,0,1,1,False,37037.03703703704,,numeric_robust_z:critical_overlap_fraction,numeric_robust_z:critical_overlap_fraction
CB1_CAUR_L_CF3_RI2_TI2_R12_C02__seed691201__it0000195,CB1_CAUR_L_CF3_RI2_TI2_R12_C02,ts_d00314005611ecc4c519,0,L,CF3,60-80%,RELATED_VARIANT,related_variant_2,related,False,0,1,1,False,37037.03703703704,,numeric_robust_z:critical_overlap_fraction,numeric_robust_z:critical_overlap_fraction
CB1_CAUR_L_CF3_RI2_TI2_R12_C02__seed691201__it0000195,CB1_CAUR_L_CF3_RI2_TI2_R12_C02,ts_d085867116b296847692,0,L,CF3,60-80%,STRUCTURED_NEAR_NEIGHBOR,near_high_F_delay,related,True,0,1,1,False,37037.03703703704,,numeric_robust_z:critical_overlap_fraction,numeric_robust_z:critical_overlap_fraction
CB1_CAUR_L_CF3_RI2_TI2_R12_C02__seed691201__it0000195,CB1_CAUR_L_CF3_RI2_TI2_R12_C02,ts_fcfa417c4cf473eb0b22,0,L,CF3,60-80%,ORIGINAL_OPERATOR,operator_w_bottleneck,w_bottleneck,False,0,1,1,False,37037.03703703704,,numeric_robust_z:critical_overlap_fraction,numeric_robust_z:critical_overlap_fraction
CB1_CAUR_L_CF3_RI2_TI2_R12_C02__seed691201__it0000230,CB1_CAUR_L_CF3_RI2_TI2_R12_C02,ts_723a4210ec94531b883a,0,L,CF3,80-100%,STRUCTURED_NEAR_NEIGHBOR,near_low_slack,related,False,0,1,1,False,37037.03703703704,,numeric_robust_z:critical_overlap_fraction,numeric_robust_z:critical_overlap_fraction
CB1_CAUR_L_CF3_RI2_TI2_R12_C02__seed691201__it0000230,CB1_CAUR_L_CF3_RI2_TI2_R12_C02,ts_7d3102eca8aca42c9f63,0,L,CF3,80-100%,ORIGINAL_OPERATOR,operator_high_reconfiguration,high_reconfiguration,False,0,1,1,False,37037.03703703704,,numeric_robust_z:critical_overlap_fraction,numeric_robust_z:critical_overlap_fraction
CB1_CAUR_L_CF3_RI2_TI2_R12_C02__seed691201__it0000230,CB1_CAUR_L_CF3_RI2_TI2_R12_C02,ts_9dd9637c1d60b58c5256,0,L,CF3,80-100%,ORIGINAL_OPERATOR,operator_related,related,False,0,1,1,False,1000000.0,,numeric_robust_z:is_fallback,numeric_robust_z:is_fallback
CB1_CAUR_L_CF3_RI2_TI2_R12_C02__seed691201__it0000230,CB1_CAUR_L_CF3_RI2_TI2_R12_C02,ts_ce1f81cbe389590b5609,0,L,CF3,80-100%,MATCHED_RANDOM,matched_random_3,random,False,0,1,1,False,37037.03703703704,,numeric_robust_z:critical_overlap_fraction,numeric_robust_z:critical_overlap_fraction
CB1_CAUR_L_CF3_RI2_TI2_R12_C02__seed691201__it0000230,CB1_CAUR_L_CF3_RI2_TI2_R12_C02,ts_dafdecff8012c3b81c4c,0,L,CF3,80-100%,ORIGINAL_OPERATOR,operator_critical,critical,False,0,1,1,False,37037.03703703704,,numeric_robust_z:critical_overlap_fraction,numeric_robust_z:critical_overlap_fraction
CB1_CAUR_L_CF3_RI2_TI2_R12_C02__seed691201__it0000258,CB1_CAUR_L_CF3_RI2_TI2_R12_C02,ts_00b1079f5690306655f8,0,L,CF3,80-100%,ORIGINAL_OPERATOR,operator_related,related,False,0,2,2,True,1000000.0,,numeric_robust_z:critical_overlap_fraction+numeric_robust_z:is_fallback,numeric_robust_z:critical_overlap_fraction+numeric_robust_z:is_fallback
CB1_CAUR_L_CF3_RI2_TI2_R12_C02__seed691201__it0000258,CB1_CAUR_L_CF3_RI2_TI2_R12_C02,ts_03322af485a7e09027e5,0,L,CF3,80-100%,STRUCTURED_NEAR_NEIGHBOR,near_high_W_delay,related,False,0,1,1,False,37037.03703703704,,numeric_robust_z:critical_overlap_fraction,numeric_robust_z:critical_overlap_fraction
CB1_CAUR_L_CF3_RI2_TI2_R12_C02__seed691201__it0000258,CB1_CAUR_L_CF3_RI2_TI2_R12_C02,ts_0793c50f2c48fb86fc0e,0,L,CF3,80-100%,STRUCTURED_NEAR_NEIGHBOR,near_precedence_neighbor,related,False,0,1,1,False,37037.03703703704,,numeric_robust_z:critical_overlap_fraction,numeric_robust_z:critical_overlap_fraction
CB1_CAUR_L_CF3_RI2_TI2_R12_C02__seed691201__it0000258,CB1_CAUR_L_CF3_RI2_TI2_R12_C02,ts_4a381a2d96b7d66265f2,0,L,CF3,80-100%,LOCAL_PERTURBATION,two_operation_swap,related,False,0,1,1,False,37037.03703703704,,numeric_robust_z:critical_overlap_fraction,numeric_robust_z:critical_overlap_fraction
CB1_CAUR_L_CF3_RI2_TI2_R12_C02__seed691201__it0000258,CB1_CAUR_L_CF3_RI2_TI2_R12_C02,ts_4f3e7b1b0b8fcf34e7d8,0,L,CF3,80-100%,LOCAL_PERTURBATION,related_replace_25,related,False,0,1,1,False,37037.03703703704,,numeric_robust_z:critical_overlap_fraction,numeric_robust_z:critical_overlap_fraction
CB1_CAUR_L_CF3_RI2_TI2_R12_C02__seed691201__it0000258,CB1_CAUR_L_CF3_RI2_TI2_R12_C02,ts_529f69428d542f6eb7f5,0,L,CF3,80-100%,STRUCTURED_NEAR_NEIGHBOR,near_low_slack,related,False,0,1,1,False,37037.03703703704,,numeric_robust_z:critical_overlap_fraction,numeric_robust_z:critical_overlap_fraction
CB1_CAUR_L_CF3_RI2_TI2_R12_C02__seed691201__it0000258,CB1_CAUR_L_CF3_RI2_TI2_R12_C02,ts_765eb891432d093f3eec,0,L,CF3,80-100%,STRUCTURED_NEAR_NEIGHBOR,near_same_product,related,False,0,1,1,False,37037.03703703704,,numeric_robust_z:critical_overlap_fraction,numeric_robust_z:critical_overlap_fraction
CB1_CAUR_L_CF3_RI2_TI2_R12_C02__seed691201__it0000258,CB1_CAUR_L_CF3_RI2_TI2_R12_C02,ts_c3f103d273636e1f170d,0,L,CF3,80-100%,ORIGINAL_OPERATOR,operator_critical,critical,False,0,1,1,False,37037.03703703704,,numeric_robust_z:critical_overlap_fraction,numeric_robust_z:critical_overlap_fraction
CB1_CAUR_L_CF3_RI2_TI2_R12_C02__seed691202__it0000010,CB1_CAUR_L_CF3_RI2_TI2_R12_C02,ts_06c54e6d7f5e4ecc7f8e,0,L,CF3,0-20%,ORIGINAL_OPERATOR,operator_overloaded_island,overloaded_island,False,0,1,1,False,74074.07407407407,,numeric_robust_z:critical_overlap_fraction,numeric_robust_z:critical_overlap_fraction
CB1_CAUR_L_CF3_RI2_TI2_R12_C02__seed691202__it0000010,CB1_CAUR_L_CF3_RI2_TI2_R12_C02,ts_2d0e4b7edd61a480a9b2,0,L,CF3,0-20%,ORIGINAL_OPERATOR,operator_related,related,False,0,1,1,False,1000000.0,,numeric_robust_z:is_fallback,numeric_robust_z:is_fallback
CB1_CAUR_L_CF3_RI2_TI2_R12_C02__seed691202__it0000010,CB1_CAUR_L_CF3_RI2_TI2_R12_C02,ts_3174b11ad6921c0b9706,0,L,CF3,0-20%,MATCHED_RANDOM,matched_random_3,random,False,0,1,1,False,37037.03703703704,,numeric_robust_z:critical_overlap_fraction,numeric_robust_z:critical_overlap_fraction
CB1_CAUR_L_CF3_RI2_TI2_R12_C02__seed691202__it0000010,CB1_CAUR_L_CF3_RI2_TI2_R12_C02,ts_382f4dd48f630c1a3927,0,L,CF3,0-20%,ORIGINAL_OPERATOR,operator_high_reconfiguration,high_reconfiguration,False,0,1,1,False,37037.03703703704,,numeric_robust_z:critical_overlap_fraction,numeric_robust_z:critical_overlap_fraction
CB1_CAUR_L_CF3_RI2_TI2_R12_C02__seed691202__it0000010,CB1_CAUR_L_CF3_RI2_TI2_R12_C02,ts_5da68b990878472f4318,0,L,CF3,0-20%,STRUCTURED_NEAR_NEIGHBOR,near_low_slack,related,False,0,1,1,False,74074.07407407407,,numeric_robust_z:critical_overlap_fraction,numeric_robust_z:critical_overlap_fraction
CB1_CAUR_L_CF3_RI2_TI2_R12_C02__seed691202__it0000010,CB1_CAUR_L_CF3_RI2_TI2_R12_C02,ts_5db93fba579487e3217a,0,L,CF3,0-20%,RELATED_VARIANT,related_variant_3,related,False,0,1,1,False,74074.07407407407,,numeric_robust_z:critical_overlap_fraction,numeric_robust_z:critical_overlap_fraction
CB1_CAUR_L_CF3_RI2_TI2_R12_C02__seed691202__it0000010,CB1_CAUR_L_CF3_RI2_TI2_R12_C02,ts_dd2d01d042f8c984fcb2,0,L,CF3,0-20%,ORIGINAL_OPERATOR,operator_critical,critical,False,0,2,2,True,74074.07407407407,,numeric_robust_z:critical_overlap_fraction+numeric_robust_z:bottleneck_overlap_fraction,numeric_robust_z:critical_overlap_fraction+numeric_robust_z:bottleneck_overlap_fraction
CB1_CAUR_L_CF3_RI2_TI2_R12_C02__seed691202__it0000046,CB1_CAUR_L_CF3_RI2_TI2_R12_C02,ts_171528f0de924d52f6aa,0,L,CF3,0-20%,ORIGINAL_OPERATOR,operator_overloaded_island,overloaded_island,False,0,1,1,False,37037.03703703704,,numeric_robust_z:critical_overlap_fraction,numeric_robust_z:critical_overlap_fraction
CB1_CAUR_L_CF3_RI2_TI2_R12_C02__seed691202__it0000046,CB1_CAUR_L_CF3_RI2_TI2_R12_C02,ts_24e173f2acb9956ac641,0,L,CF3,0-20%,RELATED_VARIANT,related_variant_4,related,False,0,1,1,False,37037.03703703704,,numeric_robust_z:critical_overlap_fraction,numeric_robust_z:critical_overlap_fraction
CB1_CAUR_L_CF3_RI2_TI2_R12_C02__seed691202__it0000046,CB1_CAUR_L_CF3_RI2_TI2_R12_C02,ts_3ebefcbfe18b767e450e,0,L,CF3,0-20%,RELATED_VARIANT,related_variant_3,related,False,0,1,1,False,37037.03703703704,,numeric_robust_z:critical_overlap_fraction,numeric_robust_z:critical_overlap_fraction
CB1_CAUR_L_CF3_RI2_TI2_R12_C02__seed691202__it0000046,CB1_CAUR_L_CF3_RI2_TI2_R12_C02,ts_566cc90735e2a0968bfb,0,L,CF3,0-20%,ORIGINAL_OPERATOR,operator_random,random,False,0,1,1,False,37037.03703703704,,numeric_robust_z:critical_overlap_fraction,numeric_robust_z:critical_overlap_fraction
CB1_CAUR_L_CF3_RI2_TI2_R12_C02__seed691202__it0000046,CB1_CAUR_L_CF3_RI2_TI2_R12_C02,ts_76d59298926eb348bf1d,0,L,CF3,0-20%,STRUCTURED_NEAR_NEIGHBOR,near_low_slack,related,False,0,1,1,False,37037.03703703704,,numeric_robust_z:critical_overlap_fraction,numeric_robust_z:critical_overlap_fraction
CB1_CAUR_L_CF3_RI2_TI2_R12_C02__seed691202__it0000046,CB1_CAUR_L_CF3_RI2_TI2_R12_C02,ts_835df42e50cd6e79bb4f,0,L,CF3,0-20%,ORIGINAL_OPERATOR,operator_critical,critical,False,0,1,1,False,37037.03703703704,,numeric_robust_z:critical_overlap_fraction,numeric_robust_z:critical_overlap_fraction
CB1_CAUR_L_CF3_RI2_TI2_R12_C02__seed691202__it0000046,CB1_CAUR_L_CF3_RI2_TI2_R12_C02,ts_8d6b0b1347c9dc6ed740,0,L,CF3,0-20%,ORIGINAL_OPERATOR,operator_f_bottleneck,f_bottleneck,False,0,1,1,False,37037.03703703704,,numeric_robust_z:critical_overlap_fraction,numeric_robust_z:critical_overlap_fraction
CB1_CAUR_L_CF3_RI2_TI2_R12_C02__seed691202__it0000046,CB1_CAUR_L_CF3_RI2_TI2_R12_C02,ts_a3c07d3712c04985d6b3,0,L,CF3,0-20%,ORIGINAL_OPERATOR,operator_related,related,False,0,1,1,False,1000000.0,,numeric_robust_z:is_fallback,numeric_robust_z:is_fallback
CB1_CAUR_L_CF3_RI2_TI2_R12_C02__seed691202__it0000084,CB1_CAUR_L_CF3_RI2_TI2_R12_C02,ts_00a0ac680c6f792ae263,0,L,CF3,20-40%,STRUCTURED_NEAR_NEIGHBOR,near_low_slack,related,False,0,1,1,False,37037.03703703704,,numeric_robust_z:critical_overlap_fraction,numeric_robust_z:critical_overlap_fraction
CB1_CAUR_L_CF3_RI2_TI2_R12_C02__seed691202__it0000084,CB1_CAUR_L_CF3_RI2_TI2_R12_C02,ts_554c81871d482e5e8959,0,L,CF3,20-40%,ORIGINAL_OPERATOR,operator_w_bottleneck,w_bottleneck,False,0,1,1,False,37037.03703703704,,numeric_robust_z:critical_overlap_fraction,numeric_robust_z:critical_overlap_fraction
CB1_CAUR_L_CF3_RI2_TI2_R12_C02__seed691202__it0000084,CB1_CAUR_L_CF3_RI2_TI2_R12_C02,ts_5b728febe95bfbf8b83c,0,L,CF3,20-40%,ORIGINAL_OPERATOR,operator_f_bottleneck,f_bottleneck,False,0,1,1,False,37037.03703703704,,numeric_robust_z:critical_overlap_fraction,numeric_robust_z:critical_overlap_fraction
CB1_CAUR_L_CF3_RI2_TI2_R12_C02__seed691202__it0000084,CB1_CAUR_L_CF3_RI2_TI2_R12_C02,ts_81eb5200b33c06dea660,0,L,CF3,20-40%,ORIGINAL_OPERATOR,operator_related,related,False,0,1,1,False,1000000.0,,numeric_robust_z:is_fallback,numeric_robust_z:is_fallback
CB1_CAUR_L_CF3_RI2_TI2_R12_C02__seed691202__it0000084,CB1_CAUR_L_CF3_RI2_TI2_R12_C02,ts_d9bc057cbd99873b24cc,0,L,CF3,20-40%,ORIGINAL_OPERATOR,operator_critical,critical,False,0,1,1,False,37037.03703703704,,numeric_robust_z:critical_overlap_fraction,numeric_robust_z:critical_overlap_fraction
CB1_CAUR_L_CF3_RI2_TI2_R12_C02__seed691202__it0000120,CB1_CAUR_L_CF3_RI2_TI2_R12_C02,ts_6585f91ec7fa3790e575,0,L,CF3,40-60%,STRUCTURED_NEAR_NEIGHBOR,near_low_slack,related,False,0,1,1,False,37037.03703703704,,numeric_robust_z:critical_overlap_fraction,numeric_robust_z:critical_overlap_fraction
CB1_CAUR_L_CF3_RI2_TI2_R12_C02__seed691202__it0000120,CB1_CAUR_L_CF3_RI2_TI2_R12_C02,ts_702f6d60ce33685b660d,0,L,CF3,40-60%,ORIGINAL_OPERATOR,operator_critical,critical,False,0,1,1,False,37037.03703703704,,numeric_robust_z:critical_overlap_fraction,numeric_robust_z:critical_overlap_fraction
CB1_CAUR_L_CF3_RI2_TI2_R12_C02__seed691202__it0000120,CB1_CAUR_L_CF3_RI2_TI2_R12_C02,ts_9f12e8faae2034069e12,0,L,CF3,40-60%,ORIGINAL_OPERATOR,operator_overloaded_island,overloaded_island,True,0,1,1,False,37037.03703703704,,numeric_robust_z:critical_overlap_fraction,numeric_robust_z:critical_overlap_fraction
CB1_CAUR_L_CF3_RI2_TI2_R12_C02__seed691202__it0000120,CB1_CAUR_L_CF3_RI2_TI2_R12_C02,ts_c2f2ec4e587c6ebd24dc,0,L,CF3,40-60%,ORIGINAL_OPERATOR,operator_related,related,False,0,1,1,False,1000000.0,,numeric_robust_z:is_fallback,numeric_robust_z:is_fallback
CB1_CAUR_L_CF3_RI2_TI2_R12_C02__seed691202__it0000156,CB1_CAUR_L_CF3_RI2_TI2_R12_C02,ts_631bce2417c6bda823b4,0,L,CF3,40-60%,STRUCTURED_NEAR_NEIGHBOR,near_low_slack,related,False,0,1,1,False,37037.03703703704,,numeric_robust_z:critical_overlap_fraction,numeric_robust_z:critical_overlap_fraction
CB1_CAUR_L_CF3_RI2_TI2_R12_C02__seed691202__it0000156,CB1_CAUR_L_CF3_RI2_TI2_R12_C02,ts_a6b274441b928d75c5e9,0,L,CF3,40-60%,MATCHED_RANDOM,matched_random_3,random,False,0,1,1,False,37037.03703703704,,numeric_robust_z:critical_overlap_fraction,numeric_robust_z:critical_overlap_fraction
CB1_CAUR_L_CF3_RI2_TI2_R12_C02__seed691202__it0000156,CB1_CAUR_L_CF3_RI2_TI2_R12_C02,ts_beccd271a9cf38b6c1b3,0,L,CF3,40-60%,ORIGINAL_OPERATOR,operator_related,related,False,0,1,1,False,1000000.0,,numeric_robust_z:is_fallback,numeric_robust_z:is_fallback
CB1_CAUR_L_CF3_RI2_TI2_R12_C02__seed691202__it0000156,CB1_CAUR_L_CF3_RI2_TI2_R12_C02,ts_fefebde8f56dabfe3ed4,0,L,CF3,40-60%,ORIGINAL_OPERATOR,operator_critical,critical,False,0,1,1,False,37037.03703703704,,numeric_robust_z:critical_overlap_fraction,numeric_robust_z:critical_overlap_fraction
CB1_CAUR_L_CF3_RI2_TI2_R12_C02__seed691202__it0000193,CB1_CAUR_L_CF3_RI2_TI2_R12_C02,ts_4aacaa134ef034bb759e,0,L,CF3,60-80%,STRUCTURED_NEAR_NEIGHBOR,near_low_slack,related,False,0,1,1,False,74074.07407407407,,numeric_robust_z:critical_overlap_fraction,numeric_robust_z:critical_overlap_fraction
CB1_CAUR_L_CF3_RI2_TI2_R12_C02__seed691202__it0000193,CB1_CAUR_L_CF3_RI2_TI2_R12_C02,ts_6c4710f84b19a34b8fa3,0,L,CF3,60-80%,ORIGINAL_OPERATOR,operator_critical,critical,False,0,2,2,True,74074.07407407407,,numeric_robust_z:critical_overlap_fraction+numeric_robust_z:bottleneck_overlap_fraction,numeric_robust_z:critical_overlap_fraction+numeric_robust_z:bottleneck_overlap_fraction
CB1_CAUR_L_CF3_RI2_TI2_R12_C02__seed691202__it0000193,CB1_CAUR_L_CF3_RI2_TI2_R12_C02,ts_c4d6530e88d45d601508,0,L,CF3,60-80%,MATCHED_RANDOM,matched_random_3,random,False,0,1,1,False,74074.07407407407,,numeric_robust_z:critical_overlap_fraction,numeric_robust_z:critical_overlap_fraction
CB1_CAUR_L_CF3_RI2_TI2_R12_C02__seed691202__it0000193,CB1_CAUR_L_CF3_RI2_TI2_R12_C02,ts_cd0d619912cc062ec2f8,0,L,CF3,60-80%,RELATED_VARIANT,related_variant_3,related,False,0,1,1,False,37037.03703703704,,numeric_robust_z:critical_overlap_fraction,numeric_robust_z:critical_overlap_fraction
CB1_CAUR_L_CF3_RI2_TI2_R12_C02__seed691202__it0000193,CB1_CAUR_L_CF3_RI2_TI2_R12_C02,ts_e886a3e17257e7b3adc1,0,L,CF3,60-80%,RELATED_VARIANT,related_variant_2,related,False,0,2,2,True,1000000.0,,numeric_robust_z:origin_rule_count+numeric_robust_z:critical_overlap_fraction,numeric_robust_z:origin_rule_count+numeric_robust_z:critical_overlap_fraction
CB1_CAUR_L_CF3_RI2_TI2_R12_C02__seed691202__it0000193,CB1_CAUR_L_CF3_RI2_TI2_R12_C02,ts_ef3093bb459bfc39d65f,0,L,CF3,60-80%,ORIGINAL_OPERATOR,operator_related,related,False,0,1,1,False,1000000.0,,numeric_robust_z:is_fallback,numeric_robust_z:is_fallback
CB1_CAUR_L_CF3_RI2_TI2_R12_C02__seed691202__it0000228,CB1_CAUR_L_CF3_RI2_TI2_R12_C02,ts_9045ac1257eb0e8c4e88,0,L,CF3,80-100%,RELATED_VARIANT,related_variant_1,related,False,0,1,1,False,1000000.0,,numeric_robust_z:origin_rule_count,numeric_robust_z:origin_rule_count
CB1_CAUR_L_CF3_RI2_TI2_R12_C02__seed691202__it0000228,CB1_CAUR_L_CF3_RI2_TI2_R12_C02,ts_a2f1ba18ee1ab9806bfa,0,L,CF3,80-100%,STRUCTURED_NEAR_NEIGHBOR,near_low_slack,related,False,0,1,1,False,37037.03703703704,,numeric_robust_z:critical_overlap_fraction,numeric_robust_z:critical_overlap_fraction
CB1_CAUR_L_CF3_RI2_TI2_R12_C02__seed691202__it0000228,CB1_CAUR_L_CF3_RI2_TI2_R12_C02,ts_adc0df308d8e4e974828,0,L,CF3,80-100%,ORIGINAL_OPERATOR,operator_related,related,False,0,1,1,False,1000000.0,,numeric_robust_z:is_fallback,numeric_robust_z:is_fallback
CB1_CAUR_L_CF3_RI2_TI2_R12_C02__seed691202__it0000228,CB1_CAUR_L_CF3_RI2_TI2_R12_C02,ts_cdf1bfb0fb82b0f9764d,0,L,CF3,80-100%,ORIGINAL_OPERATOR,operator_critical,critical,False,0,1,1,False,37037.03703703704,,numeric_robust_z:critical_overlap_fraction,numeric_robust_z:critical_overlap_fraction
CB1_CAUR_L_CF3_RI2_TI2_R12_C02__seed691202__it0000256,CB1_CAUR_L_CF3_RI2_TI2_R12_C02,ts_080a8f7da7b2056e711a,0,L,CF3,80-100%,STRUCTURED_NEAR_NEIGHBOR,near_low_slack,related,False,0,1,1,False,37037.03703703704,,numeric_robust_z:critical_overlap_fraction,numeric_robust_z:critical_overlap_fraction
CB1_CAUR_L_CF3_RI2_TI2_R12_C02__seed691202__it0000256,CB1_CAUR_L_CF3_RI2_TI2_R12_C02,ts_4db7c3adb57751950323,0,L,CF3,80-100%,STRUCTURED_NEAR_NEIGHBOR,near_same_product,related,False,0,1,1,False,37037.03703703704,,numeric_robust_z:critical_overlap_fraction,numeric_robust_z:critical_overlap_fraction
CB1_CAUR_L_CF3_RI2_TI2_R12_C02__seed691202__it0000256,CB1_CAUR_L_CF3_RI2_TI2_R12_C02,ts_8d579929e08eb8ca425c,0,L,CF3,80-100%,ORIGINAL_OPERATOR,operator_critical,critical,False,0,1,1,False,37037.03703703704,,numeric_robust_z:critical_overlap_fraction,numeric_robust_z:critical_overlap_fraction
CB1_CAUR_L_CF3_RI2_TI2_R12_C02__seed691202__it0000256,CB1_CAUR_L_CF3_RI2_TI2_R12_C02,ts_9e5943b98aaca02dab7c,0,L,CF3,80-100%,MATCHED_RANDOM,matched_random_2,random,False,0,1,1,False,37037.03703703704,,numeric_robust_z:critical_overlap_fraction,numeric_robust_z:critical_overlap_fraction
CB1_CAUR_L_CF3_RI2_TI2_R12_C02__seed691202__it0000256,CB1_CAUR_L_CF3_RI2_TI2_R12_C02,ts_a91392ad43b0ccc41b1b,0,L,CF3,80-100%,RELATED_VARIANT,related_variant_2,related,False,0,1,1,False,37037.03703703704,,numeric_robust_z:critical_overlap_fraction,numeric_robust_z:critical_overlap_fraction
CB1_CAUR_L_CF3_RI2_TI2_R12_C02__seed691202__it0000256,CB1_CAUR_L_CF3_RI2_TI2_R12_C02,ts_c24b133ba44feca4dec9,0,L,CF3,80-100%,STRUCTURED_NEAR_NEIGHBOR,near_precedence_neighbor,related,False,0,1,1,False,37037.03703703704,,numeric_robust_z:critical_overlap_fraction,numeric_robust_z:critical_overlap_fraction
CB1_CAUR_L_CF3_RI2_TI2_R12_C02__seed691202__it0000256,CB1_CAUR_L_CF3_RI2_TI2_R12_C02,ts_d10a4d1ad43b2f88a625,0,L,CF3,80-100%,ORIGINAL_OPERATOR,operator_related,related,False,0,1,1,False,1000000.0,,numeric_robust_z:is_fallback,numeric_robust_z:is_fallback
CB1_CAUR_L_CF3_RI2_TI2_R12__seed691201__it0000009,CB1_CAUR_L_CF3_RI2_TI2_R12,ts_27ea05ae484f44d62c6d,0,L,CF3,0-20%,ORIGINAL_OPERATOR,operator_overloaded_island,overloaded_island,False,0,1,1,False,37037.03703703704,,numeric_robust_z:critical_overlap_fraction,numeric_robust_z:critical_overlap_fraction
CB1_CAUR_L_CF3_RI2_TI2_R12__seed691201__it0000009,CB1_CAUR_L_CF3_RI2_TI2_R12,ts_512ee844c9be41ca874a,0,L,CF3,0-20%,STRUCTURED_NEAR_NEIGHBOR,near_high_F_delay,related,True,0,1,1,False,37037.03703703704,,numeric_robust_z:critical_overlap_fraction,numeric_robust_z:critical_overlap_fraction
CB1_CAUR_L_CF3_RI2_TI2_R12__seed691201__it0000009,CB1_CAUR_L_CF3_RI2_TI2_R12,ts_5d41ea295987c0a81d39,0,L,CF3,0-20%,STRUCTURED_NEAR_NEIGHBOR,near_same_product,related,False,0,1,1,False,37037.03703703704,,numeric_robust_z:critical_overlap_fraction,numeric_robust_z:critical_overlap_fraction
CB1_CAUR_L_CF3_RI2_TI2_R12__seed691201__it0000009,CB1_CAUR_L_CF3_RI2_TI2_R12,ts_62dc513a0bb9c7f567d9,0,L,CF3,0-20%,LOCAL_PERTURBATION,one_operation_swap,related,False,0,1,1,False,37037.03703703704,,numeric_robust_z:critical_overlap_fraction,numeric_robust_z:critical_overlap_fraction
CB1_CAUR_L_CF3_RI2_TI2_R12__seed691201__it0000009,CB1_CAUR_L_CF3_RI2_TI2_R12,ts_6d5b12f61bfa35ab2ca1,0,L,CF3,0-20%,LOCAL_PERTURBATION,two_operation_swap,related,False,0,1,1,False,37037.03703703704,,numeric_robust_z:critical_overlap_fraction,numeric_robust_z:critical_overlap_fraction
CB1_CAUR_L_CF3_RI2_TI2_R12__seed691201__it0000009,CB1_CAUR_L_CF3_RI2_TI2_R12,ts_94265d14e93569f56f69,0,L,CF3,0-20%,ORIGINAL_OPERATOR,operator_critical,critical,False,0,1,1,False,37037.03703703704,,numeric_robust_z:critical_overlap_fraction,numeric_robust_z:critical_overlap_fraction
CB1_CAUR_L_CF3_RI2_TI2_R12__seed691201__it0000009,CB1_CAUR_L_CF3_RI2_TI2_R12,ts_9f41e2cdb9a45efe3dfb,0,L,CF3,0-20%,LOCAL_PERTURBATION,related_replace_25,related,False,0,1,1,False,37037.03703703704,,numeric_robust_z:critical_overlap_fraction,numeric_robust_z:critical_overlap_fraction
CB1_CAUR_L_CF3_RI2_TI2_R12__seed691201__it0000009,CB1_CAUR_L_CF3_RI2_TI2_R12,ts_c843d899fa9fccf86f61,0,L,CF3,0-20%,STRUCTURED_NEAR_NEIGHBOR,near_same_island_chain,related,False,0,1,1,False,37037.03703703704,,numeric_robust_z:critical_overlap_fraction,numeric_robust_z:critical_overlap_fraction
CB1_CAUR_L_CF3_RI2_TI2_R12__seed691201__it0000009,CB1_CAUR_L_CF3_RI2_TI2_R12,ts_d2882577a37702caa453,0,L,CF3,0-20%,MATCHED_RANDOM,matched_random_3,random,False,0,1,1,False,37037.03703703704,,numeric_robust_z:critical_overlap_fraction,numeric_robust_z:critical_overlap_fraction
CB1_CAUR_L_CF3_RI2_TI2_R12__seed691201__it0000009,CB1_CAUR_L_CF3_RI2_TI2_R12,ts_d41d70a58f000756582f,0,L,CF3,0-20%,STRUCTURED_NEAR_NEIGHBOR,near_low_slack,related,False,0,1,1,False,37037.03703703704,,numeric_robust_z:critical_overlap_fraction,numeric_robust_z:critical_overlap_fraction
CB1_CAUR_L_CF3_RI2_TI2_R12__seed691201__it0000009,CB1_CAUR_L_CF3_RI2_TI2_R12,ts_d6969eb3febef95a70f9,0,L,CF3,0-20%,LOCAL_PERTURBATION,related_replace_50,related,False,0,1,1,False,37037.03703703704,,numeric_robust_z:critical_overlap_fraction,numeric_robust_z:critical_overlap_fraction
CB1_CAUR_L_CF3_RI2_TI2_R12__seed691201__it0000009,CB1_CAUR_L_CF3_RI2_TI2_R12,ts_efef81f2a2315bdcc723,0,L,CF3,0-20%,ORIGINAL_OPERATOR,operator_related,related,False,0,2,2,True,1000000.0,,numeric_robust_z:critical_overlap_fraction+numeric_robust_z:is_fallback,numeric_robust_z:critical_overlap_fraction+numeric_robust_z:is_fallback
CB1_CAUR_L_CF3_RI2_TI2_R12__seed691201__it0000044,CB1_CAUR_L_CF3_RI2_TI2_R12,ts_05dfefc4a336ed2ebf29,0,L,CF3,0-20%,ORIGINAL_OPERATOR,operator_w_bottleneck,w_bottleneck,False,0,1,1,False,37037.03703703704,,numeric_robust_z:critical_overlap_fraction,numeric_robust_z:critical_overlap_fraction
CB1_CAUR_L_CF3_RI2_TI2_R12__seed691201__it0000044,CB1_CAUR_L_CF3_RI2_TI2_R12,ts_561d063b75eb22c6be5a,0,L,CF3,0-20%,ORIGINAL_OPERATOR,operator_critical,critical,False,0,1,1,False,37037.03703703704,,numeric_robust_z:critical_overlap_fraction,numeric_robust_z:critical_overlap_fraction
CB1_CAUR_L_CF3_RI2_TI2_R12__seed691201__it0000044,CB1_CAUR_L_CF3_RI2_TI2_R12,ts_653352e35b69df4c2d12,0,L,CF3,0-20%,STRUCTURED_NEAR_NEIGHBOR,near_low_slack,related,False,0,1,1,False,37037.03703703704,,numeric_robust_z:critical_overlap_fraction,numeric_robust_z:critical_overlap_fraction
CB1_CAUR_L_CF3_RI2_TI2_R12__seed691201__it0000044,CB1_CAUR_L_CF3_RI2_TI2_R12,ts_76f8e67cf07d3f721f63,0,L,CF3,0-20%,ORIGINAL_OPERATOR,operator_related,related,False,0,1,1,False,1000000.0,,numeric_robust_z:is_fallback,numeric_robust_z:is_fallback
CB1_CAUR_L_CF3_RI2_TI2_R12__seed691201__it0000083,CB1_CAUR_L_CF3_RI2_TI2_R12,ts_1581b04e707752e88fd7,0,L,CF3,20-40%,MATCHED_RANDOM,matched_random_1,random,False,0,1,1,False,37037.03703703704,,numeric_robust_z:critical_overlap_fraction,numeric_robust_z:critical_overlap_fraction
CB1_CAUR_L_CF3_RI2_TI2_R12__seed691201__it0000083,CB1_CAUR_L_CF3_RI2_TI2_R12,ts_161ff9f782b8a68d2f60,0,L,CF3,20-40%,RELATED_VARIANT,related_variant_4,related,False,0,1,1,False,37037.03703703704,,numeric_robust_z:critical_overlap_fraction,numeric_robust_z:critical_overlap_fraction
CB1_CAUR_L_CF3_RI2_TI2_R12__seed691201__it0000083,CB1_CAUR_L_CF3_RI2_TI2_R12,ts_3baf6ceb38f5ef0dd808,0,L,CF3,20-40%,ORIGINAL_OPERATOR,operator_related,related,False,0,1,1,False,1000000.0,,numeric_robust_z:is_fallback,numeric_robust_z:is_fallback
CB1_CAUR_L_CF3_RI2_TI2_R12__seed691201__it0000083,CB1_CAUR_L_CF3_RI2_TI2_R12,ts_6baa16dd93ccc96ef714,0,L,CF3,20-40%,ORIGINAL_OPERATOR,operator_high_reconfiguration,high_reconfiguration,False,0,1,1,False,37037.03703703704,,numeric_robust_z:critical_overlap_fraction,numeric_robust_z:critical_overlap_fraction
CB1_CAUR_L_CF3_RI2_TI2_R12__seed691201__it0000083,CB1_CAUR_L_CF3_RI2_TI2_R12,ts_80d5fa1e9c209980cc05,0,L,CF3,20-40%,RELATED_VARIANT,related_variant_2,related,False,0,1,1,False,37037.03703703704,,numeric_robust_z:critical_overlap_fraction,numeric_robust_z:critical_overlap_fraction
CB1_CAUR_L_CF3_RI2_TI2_R12__seed691201__it0000083,CB1_CAUR_L_CF3_RI2_TI2_R12,ts_9cad39a2c13be3360b72,0,L,CF3,20-40%,ORIGINAL_OPERATOR,operator_critical,critical,False,0,1,1,False,37037.03703703704,,numeric_robust_z:critical_overlap_fraction,numeric_robust_z:critical_overlap_fraction
CB1_CAUR_L_CF3_RI2_TI2_R12__seed691201__it0000083,CB1_CAUR_L_CF3_RI2_TI2_R12,ts_ba345b811626ee617b3a,0,L,CF3,20-40%,STRUCTURED_NEAR_NEIGHBOR,near_low_slack,related,False,0,1,1,False,37037.03703703704,,numeric_robust_z:critical_overlap_fraction,numeric_robust_z:critical_overlap_fraction
CB1_CAUR_L_CF3_RI2_TI2_R12__seed691201__it0000083,CB1_CAUR_L_CF3_RI2_TI2_R12,ts_e650ae835752c6833097,0,L,CF3,20-40%,ORIGINAL_OPERATOR,operator_f_bottleneck,f_bottleneck,False,0,1,1,False,37037.03703703704,,numeric_robust_z:critical_overlap_fraction,numeric_robust_z:critical_overlap_fraction
CB1_CAUR_L_CF3_RI2_TI2_R12__seed691201__it0000083,CB1_CAUR_L_CF3_RI2_TI2_R12,ts_e848c6b9008f2bc8a57b,0,L,CF3,20-40%,ORIGINAL_OPERATOR,operator_w_bottleneck,w_bottleneck,False,0,1,1,False,37037.03703703704,,numeric_robust_z:critical_overlap_fraction,numeric_robust_z:critical_overlap_fraction
CB1_CAUR_L_CF3_RI2_TI2_R12__seed691201__it0000118,CB1_CAUR_L_CF3_RI2_TI2_R12,ts_047f22801e1b87ac94b5,0,L,CF3,40-60%,STRUCTURED_NEAR_NEIGHBOR,near_low_slack,related,False,0,1,1,False,37037.03703703704,,numeric_robust_z:critical_overlap_fraction,numeric_robust_z:critical_overlap_fraction
CB1_CAUR_L_CF3_RI2_TI2_R12__seed691201__it0000118,CB1_CAUR_L_CF3_RI2_TI2_R12,ts_28aeabe2f9354bfdbb94,0,L,CF3,40-60%,ORIGINAL_OPERATOR,operator_critical,critical,False,0,1,1,False,37037.03703703704,,numeric_robust_z:critical_overlap_fraction,numeric_robust_z:critical_overlap_fraction
CB1_CAUR_L_CF3_RI2_TI2_R12__seed691201__it0000118,CB1_CAUR_L_CF3_RI2_TI2_R12,ts_8ab8b4bca4317450825a,0,L,CF3,40-60%,ORIGINAL_OPERATOR,operator_related,related,False,0,1,1,False,1000000.0,,numeric_robust_z:is_fallback,numeric_robust_z:is_fallback
CB1_CAUR_L_CF3_RI2_TI2_R12__seed691201__it0000118,CB1_CAUR_L_CF3_RI2_TI2_R12,ts_c9cd7291e23e7b07a310,0,L,CF3,40-60%,RELATED_VARIANT,related_variant_1,related,False,0,1,1,False,1000000.0,,numeric_robust_z:origin_rule_count,numeric_robust_z:origin_rule_count
CB1_CAUR_L_CF3_RI2_TI2_R12__seed691201__it0000154,CB1_CAUR_L_CF3_RI2_TI2_R12,ts_25597916978be58748e4,0,L,CF3,40-60%,RELATED_VARIANT,related_variant_1,related,False,0,1,1,False,37037.03703703704,,numeric_robust_z:critical_overlap_fraction,numeric_robust_z:critical_overlap_fraction
CB1_CAUR_L_CF3_RI2_TI2_R12__seed691201__it0000154,CB1_CAUR_L_CF3_RI2_TI2_R12,ts_262a63aceb23b0d30354,0,L,CF3,40-60%,ORIGINAL_OPERATOR,operator_critical,critical,False,0,1,1,False,37037.03703703704,,numeric_robust_z:critical_overlap_fraction,numeric_robust_z:critical_overlap_fraction
CB1_CAUR_L_CF3_RI2_TI2_R12__seed691201__it0000154,CB1_CAUR_L_CF3_RI2_TI2_R12,ts_5c9e51197c3d16cc9386,0,L,CF3,40-60%,ORIGINAL_OPERATOR,operator_related,related,False,0,1,1,False,1000000.0,,numeric_robust_z:is_fallback,numeric_robust_z:is_fallback
CB1_CAUR_L_CF3_RI2_TI2_R12__seed691201__it0000154,CB1_CAUR_L_CF3_RI2_TI2_R12,ts_8f027315c9885f4e60b6,0,L,CF3,40-60%,STRUCTURED_NEAR_NEIGHBOR,near_low_slack,related,False,0,1,1,False,37037.03703703704,,numeric_robust_z:critical_overlap_fraction,numeric_robust_z:critical_overlap_fraction
CB1_CAUR_L_CF3_RI2_TI2_R12__seed691201__it0000154,CB1_CAUR_L_CF3_RI2_TI2_R12,ts_ed0e22b353f91f503a5a,0,L,CF3,40-60%,RELATED_VARIANT,related_variant_2,related,False,0,1,1,False,37037.03703703704,,numeric_robust_z:critical_overlap_fraction,numeric_robust_z:critical_overlap_fraction
CB1_CAUR_L_CF3_RI2_TI2_R12__seed691201__it0000192,CB1_CAUR_L_CF3_RI2_TI2_R12,ts_30536d2230b6c4814afd,0,L,CF3,60-80%,STRUCTURED_NEAR_NEIGHBOR,near_precedence_neighbor,related,False,0,1,1,False,37037.03703703704,,numeric_robust_z:critical_overlap_fraction,numeric_robust_z:critical_overlap_fraction
CB1_CAUR_L_CF3_RI2_TI2_R12__seed691201__it0000192,CB1_CAUR_L_CF3_RI2_TI2_R12,ts_37b535f5481a2b3425ff,0,L,CF3,60-80%,LOCAL_PERTURBATION,related_replace_25,related,False,0,1,1,False,37037.03703703704,,numeric_robust_z:critical_overlap_fraction,numeric_robust_z:critical_overlap_fraction
CB1_CAUR_L_CF3_RI2_TI2_R12__seed691201__it0000192,CB1_CAUR_L_CF3_RI2_TI2_R12,ts_44f41a5613f5517e3313,0,L,CF3,60-80%,LOCAL_PERTURBATION,one_operation_swap,related,False,0,1,1,False,37037.03703703704,,numeric_robust_z:critical_overlap_fraction,numeric_robust_z:critical_overlap_fraction
CB1_CAUR_L_CF3_RI2_TI2_R12__seed691201__it0000192,CB1_CAUR_L_CF3_RI2_TI2_R12,ts_4ff42c51e3507cd3a489,0,L,CF3,60-80%,STRUCTURED_NEAR_NEIGHBOR,near_same_island_chain,related,False,0,1,1,False,37037.03703703704,,numeric_robust_z:critical_overlap_fraction,numeric_robust_z:critical_overlap_fraction
CB1_CAUR_L_CF3_RI2_TI2_R12__seed691201__it0000192,CB1_CAUR_L_CF3_RI2_TI2_R12,ts_634fabefe3b8279cf8f3,0,L,CF3,60-80%,STRUCTURED_NEAR_NEIGHBOR,near_low_slack,related,False,0,1,1,False,37037.03703703704,,numeric_robust_z:critical_overlap_fraction,numeric_robust_z:critical_overlap_fraction
CB1_CAUR_L_CF3_RI2_TI2_R12__seed691201__it0000192,CB1_CAUR_L_CF3_RI2_TI2_R12,ts_7ddfe86835dc2929fca8,0,L,CF3,60-80%,STRUCTURED_NEAR_NEIGHBOR,near_high_W_delay,related,False,0,1,1,False,37037.03703703704,,numeric_robust_z:critical_overlap_fraction,numeric_robust_z:critical_overlap_fraction
CB1_CAUR_L_CF3_RI2_TI2_R12__seed691201__it0000192,CB1_CAUR_L_CF3_RI2_TI2_R12,ts_9767bbee1fd899d93160,0,L,CF3,60-80%,ORIGINAL_OPERATOR,operator_critical,critical,False,0,1,1,False,37037.03703703704,,numeric_robust_z:critical_overlap_fraction,numeric_robust_z:critical_overlap_fraction
CB1_CAUR_L_CF3_RI2_TI2_R12__seed691201__it0000192,CB1_CAUR_L_CF3_RI2_TI2_R12,ts_97f3712872fc284e82a5,0,L,CF3,60-80%,LOCAL_PERTURBATION,two_operation_swap,related,False,0,1,1,False,37037.03703703704,,numeric_robust_z:critical_overlap_fraction,numeric_robust_z:critical_overlap_fraction
CB1_CAUR_L_CF3_RI2_TI2_R12__seed691201__it0000192,CB1_CAUR_L_CF3_RI2_TI2_R12,ts_a422ad583bb1dae5c6f9,0,L,CF3,60-80%,STRUCTURED_NEAR_NEIGHBOR,near_same_product,related,False,0,1,1,False,37037.03703703704,,numeric_robust_z:critical_overlap_fraction,numeric_robust_z:critical_overlap_fraction
CB1_CAUR_L_CF3_RI2_TI2_R12__seed691201__it0000192,CB1_CAUR_L_CF3_RI2_TI2_R12,ts_ac38363d9dd9ab5298e0,0,L,CF3,60-80%,ORIGINAL_OPERATOR,operator_related,related,False,0,2,2,True,1000000.0,,numeric_robust_z:critical_overlap_fraction+numeric_robust_z:is_fallback,numeric_robust_z:critical_overlap_fraction+numeric_robust_z:is_fallback
CB1_CAUR_L_CF3_RI2_TI2_R12__seed691201__it0000192,CB1_CAUR_L_CF3_RI2_TI2_R12,ts_beecf7bdbe61eef033b7,0,L,CF3,60-80%,STRUCTURED_NEAR_NEIGHBOR,near_high_F_delay,related,False,0,1,1,False,37037.03703703704,,numeric_robust_z:critical_overlap_fraction,numeric_robust_z:critical_overlap_fraction
CB1_CAUR_L_CF3_RI2_TI2_R12__seed691201__it0000227,CB1_CAUR_L_CF3_RI2_TI2_R12,ts_101ca25339b3c2aac847,0,L,CF3,80-100%,STRUCTURED_NEAR_NEIGHBOR,near_low_slack,related,False,0,1,1,False,37037.03703703704,,numeric_robust_z:critical_overlap_fraction,numeric_robust_z:critical_overlap_fraction
CB1_CAUR_L_CF3_RI2_TI2_R12__seed691201__it0000227,CB1_CAUR_L_CF3_RI2_TI2_R12,ts_1c884780f0958b26d808,0,L,CF3,80-100%,ORIGINAL_OPERATOR,operator_critical,critical,False,0,1,1,False,37037.03703703704,,numeric_robust_z:critical_overlap_fraction,numeric_robust_z:critical_overlap_fraction
CB1_CAUR_L_CF3_RI2_TI2_R12__seed691201__it0000227,CB1_CAUR_L_CF3_RI2_TI2_R12,ts_34450b51ea22b100aa85,0,L,CF3,80-100%,RELATED_VARIANT,related_variant_1,related,False,0,1,1,False,37037.03703703704,,numeric_robust_z:critical_overlap_fraction,numeric_robust_z:critical_overlap_fraction
CB1_CAUR_L_CF3_RI2_TI2_R12__seed691201__it0000227,CB1_CAUR_L_CF3_RI2_TI2_R12,ts_3c7539be5bf3efbafeb7,0,L,CF3,80-100%,ORIGINAL_OPERATOR,operator_related,related,False,0,1,1,False,1000000.0,,numeric_robust_z:is_fallback,numeric_robust_z:is_fallback
CB1_CAUR_L_CF3_RI2_TI2_R12__seed691201__it0000254,CB1_CAUR_L_CF3_RI2_TI2_R12,ts_45c07e39c4b8fc1e072e,0,L,CF3,80-100%,ORIGINAL_OPERATOR,operator_critical,critical,False,0,1,1,False,37037.03703703704,,numeric_robust_z:critical_overlap_fraction,numeric_robust_z:critical_overlap_fraction
CB1_CAUR_L_CF3_RI2_TI2_R12__seed691201__it0000254,CB1_CAUR_L_CF3_RI2_TI2_R12,ts_5c8504d5e559c9f56826,0,L,CF3,80-100%,RELATED_VARIANT,related_variant_2,related,False,0,1,1,False,37037.03703703704,,numeric_robust_z:critical_overlap_fraction,numeric_robust_z:critical_overlap_fraction
CB1_CAUR_L_CF3_RI2_TI2_R12__seed691201__it0000254,CB1_CAUR_L_CF3_RI2_TI2_R12,ts_dadc911c61b5cc92a750,0,L,CF3,80-100%,ORIGINAL_OPERATOR,operator_related,related,False,0,1,1,False,1000000.0,,numeric_robust_z:is_fallback,numeric_robust_z:is_fallback
CB1_CAUR_L_CF3_RI2_TI2_R12__seed691201__it0000254,CB1_CAUR_L_CF3_RI2_TI2_R12,ts_e474e627a006f5176350,0,L,CF3,80-100%,ORIGINAL_OPERATOR,operator_random,random,False,0,1,1,False,37037.03703703704,,numeric_robust_z:critical_overlap_fraction,numeric_robust_z:critical_overlap_fraction
CB1_CAUR_L_CF3_RI2_TI2_R12__seed691201__it0000254,CB1_CAUR_L_CF3_RI2_TI2_R12,ts_f672fc881795f17146ed,0,L,CF3,80-100%,STRUCTURED_NEAR_NEIGHBOR,near_low_slack,related,False,0,1,1,False,37037.03703703704,,numeric_robust_z:critical_overlap_fraction,numeric_robust_z:critical_overlap_fraction
CB1_CAUR_L_CF3_RI2_TI2_R12__seed691202__it0000009,CB1_CAUR_L_CF3_RI2_TI2_R12,ts_38894295fbf4a6cf3fd8,0,L,CF3,0-20%,STRUCTURED_NEAR_NEIGHBOR,near_same_island_chain,related,False,0,1,1,False,37037.03703703704,,numeric_robust_z:critical_overlap_fraction,numeric_robust_z:critical_overlap_fraction
CB1_CAUR_L_CF3_RI2_TI2_R12__seed691202__it0000009,CB1_CAUR_L_CF3_RI2_TI2_R12,ts_481aeb911ebe625b8214,0,L,CF3,0-20%,LOCAL_PERTURBATION,one_operation_swap,related,False,0,1,1,False,37037.03703703704,,numeric_robust_z:critical_overlap_fraction,numeric_robust_z:critical_overlap_fraction
CB1_CAUR_L_CF3_RI2_TI2_R12__seed691202__it0000009,CB1_CAUR_L_CF3_RI2_TI2_R12,ts_4f896c39b72d662ff5dd,0,L,CF3,0-20%,STRUCTURED_NEAR_NEIGHBOR,near_low_slack,related,False,0,1,1,False,37037.03703703704,,numeric_robust_z:critical_overlap_fraction,numeric_robust_z:critical_overlap_fraction
CB1_CAUR_L_CF3_RI2_TI2_R12__seed691202__it0000009,CB1_CAUR_L_CF3_RI2_TI2_R12,ts_6007a4deab343d5ef334,0,L,CF3,0-20%,LOCAL_PERTURBATION,related_replace_25,related,False,0,1,1,False,37037.03703703704,,numeric_robust_z:critical_overlap_fraction,numeric_robust_z:critical_overlap_fraction
CB1_CAUR_L_CF3_RI2_TI2_R12__seed691202__it0000009,CB1_CAUR_L_CF3_RI2_TI2_R12,ts_65771f6478f4619f293c,0,L,CF3,0-20%,ORIGINAL_OPERATOR,operator_related,related,False,0,2,2,True,1000000.0,,numeric_robust_z:critical_overlap_fraction+numeric_robust_z:is_fallback,numeric_robust_z:critical_overlap_fraction+numeric_robust_z:is_fallback
CB1_CAUR_L_CF3_RI2_TI2_R12__seed691202__it0000009,CB1_CAUR_L_CF3_RI2_TI2_R12,ts_7b7d0db19e79da430e05,0,L,CF3,0-20%,LOCAL_PERTURBATION,two_operation_swap,related,False,0,1,1,False,37037.03703703704,,numeric_robust_z:critical_overlap_fraction,numeric_robust_z:critical_overlap_fraction
CB1_CAUR_L_CF3_RI2_TI2_R12__seed691202__it0000009,CB1_CAUR_L_CF3_RI2_TI2_R12,ts_9a3cb011dbae210143cf,0,L,CF3,0-20%,ORIGINAL_OPERATOR,operator_critical,critical,False,0,1,1,False,37037.03703703704,,numeric_robust_z:critical_overlap_fraction,numeric_robust_z:critical_overlap_fraction
CB1_CAUR_L_CF3_RI2_TI2_R12__seed691202__it0000009,CB1_CAUR_L_CF3_RI2_TI2_R12,ts_b41b8b51cc524dd06f83,0,L,CF3,0-20%,STRUCTURED_NEAR_NEIGHBOR,near_same_product,related,False,0,1,1,False,37037.03703703704,,numeric_robust_z:critical_overlap_fraction,numeric_robust_z:critical_overlap_fraction
CB1_CAUR_L_CF3_RI2_TI2_R12__seed691202__it0000009,CB1_CAUR_L_CF3_RI2_TI2_R12,ts_c4da49d8809807cb1b2b,0,L,CF3,0-20%,STRUCTURED_NEAR_NEIGHBOR,near_precedence_neighbor,related,False,0,1,1,False,37037.03703703704,,numeric_robust_z:critical_overlap_fraction,numeric_robust_z:critical_overlap_fraction
CB1_CAUR_L_CF3_RI2_TI2_R12__seed691202__it0000045,CB1_CAUR_L_CF3_RI2_TI2_R12,ts_066a9dabfdceff00f496,0,L,CF3,0-20%,STRUCTURED_NEAR_NEIGHBOR,near_low_slack,related,False,0,1,1,False,74074.07407407407,,numeric_robust_z:critical_overlap_fraction,numeric_robust_z:critical_overlap_fraction
CB1_CAUR_L_CF3_RI2_TI2_R12__seed691202__it0000045,CB1_CAUR_L_CF3_RI2_TI2_R12,ts_0efe204488404118335f,0,L,CF3,0-20%,ORIGINAL_OPERATOR,operator_critical,critical,False,0,1,1,False,74074.07407407407,,numeric_robust_z:critical_overlap_fraction,numeric_robust_z:critical_overlap_fraction
CB1_CAUR_L_CF3_RI2_TI2_R12__seed691202__it0000045,CB1_CAUR_L_CF3_RI2_TI2_R12,ts_162ea727020ee6b9627e,0,L,CF3,0-20%,RELATED_VARIANT,related_variant_1,related,False,0,1,1,False,37037.03703703704,,numeric_robust_z:critical_overlap_fraction,numeric_robust_z:critical_overlap_fraction
CB1_CAUR_L_CF3_RI2_TI2_R12__seed691202__it0000045,CB1_CAUR_L_CF3_RI2_TI2_R12,ts_1920cd7623a7a782043e,0,L,CF3,0-20%,LOCAL_PERTURBATION,one_operation_swap,related,False,0,1,1,False,37037.03703703704,,numeric_robust_z:critical_overlap_fraction,numeric_robust_z:critical_overlap_fraction
CB1_CAUR_L_CF3_RI2_TI2_R12__seed691202__it0000045,CB1_CAUR_L_CF3_RI2_TI2_R12,ts_24f785ccf946db319cbb,0,L,CF3,0-20%,STRUCTURED_NEAR_NEIGHBOR,near_high_F_delay,related,False,0,1,1,False,37037.03703703704,,numeric_robust_z:critical_overlap_fraction,numeric_robust_z:critical_overlap_fraction
CB1_CAUR_L_CF3_RI2_TI2_R12__seed691202__it0000045,CB1_CAUR_L_CF3_RI2_TI2_R12,ts_2e8e39897ec4a4cbf674,0,L,CF3,0-20%,STRUCTURED_NEAR_NEIGHBOR,near_precedence_neighbor,related,False,0,1,1,False,37037.03703703704,,numeric_robust_z:critical_overlap_fraction,numeric_robust_z:critical_overlap_fraction
CB1_CAUR_L_CF3_RI2_TI2_R12__seed691202__it0000045,CB1_CAUR_L_CF3_RI2_TI2_R12,ts_33cf1e6faedd1b9f3a20,0,L,CF3,0-20%,ORIGINAL_OPERATOR,operator_w_bottleneck,w_bottleneck,False,0,1,1,False,37037.03703703704,,numeric_robust_z:critical_overlap_fraction,numeric_robust_z:critical_overlap_fraction
CB1_CAUR_L_CF3_RI2_TI2_R12__seed691202__it0000045,CB1_CAUR_L_CF3_RI2_TI2_R12,ts_35e38f89b001d9897391,0,L,CF3,0-20%,STRUCTURED_NEAR_NEIGHBOR,near_high_W_delay,related,True,0,1,1,False,37037.03703703704,,numeric_robust_z:critical_overlap_fraction,numeric_robust_z:critical_overlap_fraction
CB1_CAUR_L_CF3_RI2_TI2_R12__seed691202__it0000045,CB1_CAUR_L_CF3_RI2_TI2_R12,ts_39d535619fab84aa090a,0,L,CF3,0-20%,MATCHED_RANDOM,matched_random_3,random,False,0,1,1,False,37037.03703703704,,numeric_robust_z:critical_overlap_fraction,numeric_robust_z:critical_overlap_fraction
CB1_CAUR_L_CF3_RI2_TI2_R12__seed691202__it0000045,CB1_CAUR_L_CF3_RI2_TI2_R12,ts_3ce417e4f88f7f16f726,0,L,CF3,0-20%,LOCAL_PERTURBATION,two_operation_swap,related,False,0,1,1,False,37037.03703703704,,numeric_robust_z:critical_overlap_fraction,numeric_robust_z:critical_overlap_fraction
CB1_CAUR_L_CF3_RI2_TI2_R12__seed691202__it0000045,CB1_CAUR_L_CF3_RI2_TI2_R12,ts_69f932812d1ccad8c1b5,0,L,CF3,0-20%,RELATED_VARIANT,related_variant_4,related,False,0,1,1,False,37037.03703703704,,numeric_robust_z:critical_overlap_fraction,numeric_robust_z:critical_overlap_fraction
CB1_CAUR_L_CF3_RI2_TI2_R12__seed691202__it0000045,CB1_CAUR_L_CF3_RI2_TI2_R12,ts_a45917413b4ad666cf44,0,L,CF3,0-20%,STRUCTURED_NEAR_NEIGHBOR,near_same_island_chain,related,False,0,1,1,False,37037.03703703704,,numeric_robust_z:critical_overlap_fraction,numeric_robust_z:critical_overlap_fraction
CB1_CAUR_L_CF3_RI2_TI2_R12__seed691202__it0000045,CB1_CAUR_L_CF3_RI2_TI2_R12,ts_ac63132ca5f99d7dff5a,0,L,CF3,0-20%,RELATED_VARIANT,related_variant_2,related,False,0,1,1,False,37037.03703703704,,numeric_robust_z:critical_overlap_fraction,numeric_robust_z:critical_overlap_fraction
CB1_CAUR_L_CF3_RI2_TI2_R12__seed691202__it0000045,CB1_CAUR_L_CF3_RI2_TI2_R12,ts_c01000606dc1449c681b,0,L,CF3,0-20%,ORIGINAL_OPERATOR,operator_overloaded_island,overloaded_island,False,0,1,1,False,37037.03703703704,,numeric_robust_z:critical_overlap_fraction,numeric_robust_z:critical_overlap_fraction
CB1_CAUR_L_CF3_RI2_TI2_R12__seed691202__it0000045,CB1_CAUR_L_CF3_RI2_TI2_R12,ts_c47cdfeb95a5ddb4ac21,0,L,CF3,0-20%,ORIGINAL_OPERATOR,operator_related,related,False,0,2,2,True,1000000.0,,numeric_robust_z:critical_overlap_fraction+numeric_robust_z:is_fallback,numeric_robust_z:critical_overlap_fraction+numeric_robust_z:is_fallback
CB1_CAUR_L_CF3_RI2_TI2_R12__seed691202__it0000045,CB1_CAUR_L_CF3_RI2_TI2_R12,ts_f9ad3beccafe1a43abd6,0,L,CF3,0-20%,LOCAL_PERTURBATION,related_replace_50,related,False,0,1,1,False,37037.03703703704,,numeric_robust_z:critical_overlap_fraction,numeric_robust_z:critical_overlap_fraction
CB1_CAUR_L_CF3_RI2_TI2_R12__seed691202__it0000082,CB1_CAUR_L_CF3_RI2_TI2_R12,ts_3926fba2638b2778744c,0,L,CF3,20-40%,RELATED_VARIANT,related_variant_2,related,False,0,1,1,False,37037.03703703704,,numeric_robust_z:critical_overlap_fraction,numeric_robust_z:critical_overlap_fraction
CB1_CAUR_L_CF3_RI2_TI2_R12__seed691202__it0000082,CB1_CAUR_L_CF3_RI2_TI2_R12,ts_5b661d8c56e5b27629eb,0,L,CF3,20-40%,ORIGINAL_OPERATOR,operator_critical,critical,False,0,1,1,False,37037.03703703704,,numeric_robust_z:critical_overlap_fraction,numeric_robust_z:critical_overlap_fraction
CB1_CAUR_L_CF3_RI2_TI2_R12__seed691202__it0000082,CB1_CAUR_L_CF3_RI2_TI2_R12,ts_b2bf0cedf7f893f74a9a,0,L,CF3,20-40%,ORIGINAL_OPERATOR,operator_related,related,False,0,1,1,False,1000000.0,,numeric_robust_z:is_fallback,numeric_robust_z:is_fallback
CB1_CAUR_L_CF3_RI2_TI2_R12__seed691202__it0000082,CB1_CAUR_L_CF3_RI2_TI2_R12,ts_dd6653a96072186121d8,0,L,CF3,20-40%,STRUCTURED_NEAR_NEIGHBOR,near_low_slack,related,False,0,1,1,False,37037.03703703704,,numeric_robust_z:critical_overlap_fraction,numeric_robust_z:critical_overlap_fraction
CB1_CAUR_L_CF3_RI2_TI2_R12__seed691202__it0000118,CB1_CAUR_L_CF3_RI2_TI2_R12,ts_1675be4f180c361e5912,0,L,CF3,40-60%,ORIGINAL_OPERATOR,operator_critical,critical,False,0,1,1,False,37037.03703703704,,numeric_robust_z:critical_overlap_fraction,numeric_robust_z:critical_overlap_fraction
CB1_CAUR_L_CF3_RI2_TI2_R12__seed691202__it0000118,CB1_CAUR_L_CF3_RI2_TI2_R12,ts_18ebc657d2fd0600ef15,0,L,CF3,40-60%,ORIGINAL_OPERATOR,operator_related,related,False,0,1,1,False,1000000.0,,numeric_robust_z:is_fallback,numeric_robust_z:is_fallback
CB1_CAUR_L_CF3_RI2_TI2_R12__seed691202__it0000118,CB1_CAUR_L_CF3_RI2_TI2_R12,ts_227776a2255c86f05971,0,L,CF3,40-60%,STRUCTURED_NEAR_NEIGHBOR,near_low_slack,related,False,0,1,1,False,37037.03703703704,,numeric_robust_z:critical_overlap_fraction,numeric_robust_z:critical_overlap_fraction
CB1_CAUR_L_CF3_RI2_TI2_R12__seed691202__it0000118,CB1_CAUR_L_CF3_RI2_TI2_R12,ts_40de9d3c58a2724af9b3,0,L,CF3,40-60%,RELATED_VARIANT,related_variant_2,related,False,0,1,1,False,37037.03703703704,,numeric_robust_z:critical_overlap_fraction,numeric_robust_z:critical_overlap_fraction
CB1_CAUR_L_CF3_RI2_TI2_R12__seed691202__it0000118,CB1_CAUR_L_CF3_RI2_TI2_R12,ts_9319e055a94e976884fe,0,L,CF3,40-60%,ORIGINAL_OPERATOR,operator_random,random,False,0,1,1,False,37037.03703703704,,numeric_robust_z:critical_overlap_fraction,numeric_robust_z:critical_overlap_fraction
CB1_CAUR_L_CF3_RI2_TI2_R12__seed691202__it0000118,CB1_CAUR_L_CF3_RI2_TI2_R12,ts_964f30d2b204185bc438,0,L,CF3,40-60%,STRUCTURED_NEAR_NEIGHBOR,near_same_product,related,False,0,1,1,False,37037.03703703704,,numeric_robust_z:critical_overlap_fraction,numeric_robust_z:critical_overlap_fraction
CB1_CAUR_L_CF3_RI2_TI2_R12__seed691202__it0000118,CB1_CAUR_L_CF3_RI2_TI2_R12,ts_a5e0e6ba1d8dbed88186,0,L,CF3,40-60%,STRUCTURED_NEAR_NEIGHBOR,near_precedence_neighbor,related,False,0,1,1,False,37037.03703703704,,numeric_robust_z:critical_overlap_fraction,numeric_robust_z:critical_overlap_fraction
CB1_CAUR_L_CF3_RI2_TI2_R12__seed691202__it0000152,CB1_CAUR_L_CF3_RI2_TI2_R12,ts_0d33bbc8dc2cdce891bc,0,L,CF3,40-60%,STRUCTURED_NEAR_NEIGHBOR,near_low_slack,related,False,0,1,1,False,37037.03703703704,,numeric_robust_z:critical_overlap_fraction,numeric_robust_z:critical_overlap_fraction
CB1_CAUR_L_CF3_RI2_TI2_R12__seed691202__it0000152,CB1_CAUR_L_CF3_RI2_TI2_R12,ts_12bae7f02468d9163a67,0,L,CF3,40-60%,RELATED_VARIANT,related_variant_3,related,False,0,1,1,False,37037.03703703704,,numeric_robust_z:critical_overlap_fraction,numeric_robust_z:critical_overlap_fraction
CB1_CAUR_L_CF3_RI2_TI2_R12__seed691202__it0000152,CB1_CAUR_L_CF3_RI2_TI2_R12,ts_19d0ae22573c181bf0a4,0,L,CF3,40-60%,ORIGINAL_OPERATOR,operator_related,related,False,0,1,1,False,1000000.0,,numeric_robust_z:is_fallback,numeric_robust_z:is_fallback
CB1_CAUR_L_CF3_RI2_TI2_R12__seed691202__it0000152,CB1_CAUR_L_CF3_RI2_TI2_R12,ts_2f15ed5b91bd071ff858,0,L,CF3,40-60%,RELATED_VARIANT,related_variant_2,related,False,0,1,1,False,1000000.0,,numeric_robust_z:origin_rule_count,numeric_robust_z:origin_rule_count
CB1_CAUR_L_CF3_RI2_TI2_R12__seed691202__it0000152,CB1_CAUR_L_CF3_RI2_TI2_R12,ts_8b4b7d505e8f5003ad46,0,L,CF3,40-60%,ORIGINAL_OPERATOR,operator_critical,critical,False,0,1,1,False,37037.03703703704,,numeric_robust_z:critical_overlap_fraction,numeric_robust_z:critical_overlap_fraction
CB1_CAUR_L_CF3_RI2_TI2_R12__seed691202__it0000152,CB1_CAUR_L_CF3_RI2_TI2_R12,ts_e6ceced822e4d0afdd7c,0,L,CF3,40-60%,LOCAL_PERTURBATION,related_replace_50,related,False,0,1,1,False,37037.03703703704,,numeric_robust_z:critical_overlap_fraction,numeric_robust_z:critical_overlap_fraction
CB1_CAUR_L_CF3_RI2_TI2_R12__seed691202__it0000191,CB1_CAUR_L_CF3_RI2_TI2_R12,ts_025ecb1e34326477ce5e,0,L,CF3,60-80%,ORIGINAL_OPERATOR,operator_critical,critical,False,0,1,1,False,37037.03703703704,,numeric_robust_z:critical_overlap_fraction,numeric_robust_z:critical_overlap_fraction
CB1_CAUR_L_CF3_RI2_TI2_R12__seed691202__it0000191,CB1_CAUR_L_CF3_RI2_TI2_R12,ts_573071eb5f2847532026,0,L,CF3,60-80%,ORIGINAL_OPERATOR,operator_w_bottleneck,w_bottleneck,False,0,1,1,False,37037.03703703704,,numeric_robust_z:critical_overlap_fraction,numeric_robust_z:critical_overlap_fraction
CB1_CAUR_L_CF3_RI2_TI2_R12__seed691202__it0000191,CB1_CAUR_L_CF3_RI2_TI2_R12,ts_6510d766c6346dba647b,0,L,CF3,60-80%,ORIGINAL_OPERATOR,operator_overloaded_island,overloaded_island,True,0,1,1,False,37037.03703703704,,numeric_robust_z:critical_overlap_fraction,numeric_robust_z:critical_overlap_fraction
CB1_CAUR_L_CF3_RI2_TI2_R12__seed691202__it0000191,CB1_CAUR_L_CF3_RI2_TI2_R12,ts_80a67c14a6f9035cbb89,0,L,CF3,60-80%,ORIGINAL_OPERATOR,operator_related,related,False,0,1,1,False,1000000.0,,numeric_robust_z:is_fallback,numeric_robust_z:is_fallback
CB1_CAUR_L_CF3_RI2_TI2_R12__seed691202__it0000191,CB1_CAUR_L_CF3_RI2_TI2_R12,ts_b0ada93a98659416fae0,0,L,CF3,60-80%,RELATED_VARIANT,related_variant_1,related,False,0,1,1,False,1000000.0,,numeric_robust_z:origin_rule_count,numeric_robust_z:origin_rule_count
CB1_CAUR_L_CF3_RI2_TI2_R12__seed691202__it0000191,CB1_CAUR_L_CF3_RI2_TI2_R12,ts_b857674e78ff2544acd8,0,L,CF3,60-80%,ORIGINAL_OPERATOR,operator_random,random,False,0,1,1,False,37037.03703703704,,numeric_robust_z:critical_overlap_fraction,numeric_robust_z:critical_overlap_fraction
CB1_CAUR_L_CF3_RI2_TI2_R12__seed691202__it0000191,CB1_CAUR_L_CF3_RI2_TI2_R12,ts_e8af71bfa84bd5d69c08,0,L,CF3,60-80%,STRUCTURED_NEAR_NEIGHBOR,near_low_slack,related,False,0,1,1,False,37037.03703703704,,numeric_robust_z:critical_overlap_fraction,numeric_robust_z:critical_overlap_fraction
CB1_CAUR_L_CF3_RI2_TI2_R12__seed691202__it0000226,CB1_CAUR_L_CF3_RI2_TI2_R12,ts_a41e4c62c3c928e1cd45,0,L,CF3,80-100%,MATCHED_RANDOM,matched_random_2,random,False,0,1,1,False,37037.03703703704,,numeric_robust_z:critical_overlap_fraction,numeric_robust_z:critical_overlap_fraction
CB1_CAUR_L_CF3_RI2_TI2_R12__seed691202__it0000226,CB1_CAUR_L_CF3_RI2_TI2_R12,ts_afe126cf9b52a057e1a2,0,L,CF3,80-100%,ORIGINAL_OPERATOR,operator_related,related,False,0,1,1,False,1000000.0,,numeric_robust_z:is_fallback,numeric_robust_z:is_fallback
CB1_CAUR_L_CF3_RI2_TI2_R12__seed691202__it0000226,CB1_CAUR_L_CF3_RI2_TI2_R12,ts_d0c1f518e81c64fc8c51,0,L,CF3,80-100%,ORIGINAL_OPERATOR,operator_critical,critical,False,0,1,1,False,37037.03703703704,,numeric_robust_z:critical_overlap_fraction,numeric_robust_z:critical_overlap_fraction
CB1_CAUR_L_CF3_RI2_TI2_R12__seed691202__it0000226,CB1_CAUR_L_CF3_RI2_TI2_R12,ts_daec6c859cdf310b2712,0,L,CF3,80-100%,MATCHED_RANDOM,matched_random_3,random,False,0,1,1,False,37037.03703703704,,numeric_robust_z:critical_overlap_fraction,numeric_robust_z:critical_overlap_fraction
CB1_CAUR_L_CF3_RI2_TI2_R12__seed691202__it0000226,CB1_CAUR_L_CF3_RI2_TI2_R12,ts_e26aa3157ace4cf869ac,0,L,CF3,80-100%,STRUCTURED_NEAR_NEIGHBOR,near_low_slack,related,False,0,1,1,False,37037.03703703704,,numeric_robust_z:critical_overlap_fraction,numeric_robust_z:critical_overlap_fraction
CB1_CAUR_L_CF3_RI2_TI2_R12__seed691202__it0000254,CB1_CAUR_L_CF3_RI2_TI2_R12,ts_4fac24dded3578c136cf,0,L,CF3,80-100%,ORIGINAL_OPERATOR,operator_related,related,False,0,1,1,False,1000000.0,,numeric_robust_z:is_fallback,numeric_robust_z:is_fallback
CB1_CAUR_L_CF3_RI2_TI2_R12__seed691202__it0000254,CB1_CAUR_L_CF3_RI2_TI2_R12,ts_a34ade779f84f8b5715c,0,L,CF3,80-100%,ORIGINAL_OPERATOR,operator_critical,critical,False,0,1,1,False,37037.03703703704,,numeric_robust_z:critical_overlap_fraction,numeric_robust_z:critical_overlap_fraction
CB1_CAUR_L_CF3_RI2_TI2_R12__seed691202__it0000254,CB1_CAUR_L_CF3_RI2_TI2_R12,ts_f6701bbd8f62c164a207,0,L,CF3,80-100%,STRUCTURED_NEAR_NEIGHBOR,near_low_slack,related,False,0,1,1,False,37037.03703703704,,numeric_robust_z:critical_overlap_fraction,numeric_robust_z:critical_overlap_fraction
CB1_CAUR_M_CF1_RI2_TI2_R12_C02__seed691201__it0000014,CB1_CAUR_M_CF1_RI2_TI2_R12_C02,ts_0a16f6e9d6e2e50bedbd,2,M,CF1,0-20%,LOCAL_PERTURBATION,related_replace_25,related,False,0,1,1,False,55555.555555555555,,numeric_robust_z:critical_overlap_fraction,numeric_robust_z:critical_overlap_fraction
CB1_CAUR_M_CF1_RI2_TI2_R12_C02__seed691201__it0000014,CB1_CAUR_M_CF1_RI2_TI2_R12_C02,ts_22d6602d1789bf20691b,2,M,CF1,0-20%,ORIGINAL_OPERATOR,operator_f_bottleneck,f_bottleneck,False,0,1,1,False,55555.555555555555,,numeric_robust_z:critical_overlap_fraction,numeric_robust_z:critical_overlap_fraction
CB1_CAUR_M_CF1_RI2_TI2_R12_C02__seed691201__it0000014,CB1_CAUR_M_CF1_RI2_TI2_R12_C02,ts_38ea05bb17431637c18d,2,M,CF1,0-20%,ORIGINAL_OPERATOR,operator_critical,critical,False,0,1,1,False,55555.555555555555,,numeric_robust_z:critical_overlap_fraction,numeric_robust_z:critical_overlap_fraction
CB1_CAUR_M_CF1_RI2_TI2_R12_C02__seed691201__it0000014,CB1_CAUR_M_CF1_RI2_TI2_R12_C02,ts_5a907c4e627306865c11,2,M,CF1,0-20%,RELATED_VARIANT,related_variant_1,related,False,0,1,1,False,55555.555555555555,,numeric_robust_z:critical_overlap_fraction,numeric_robust_z:critical_overlap_fraction
CB1_CAUR_M_CF1_RI2_TI2_R12_C02__seed691201__it0000014,CB1_CAUR_M_CF1_RI2_TI2_R12_C02,ts_7097b242fac9b8fd5014,2,M,CF1,0-20%,ORIGINAL_OPERATOR,operator_overloaded_island,overloaded_island,False,0,1,1,False,55555.555555555555,,numeric_robust_z:critical_overlap_fraction,numeric_robust_z:critical_overlap_fraction
CB1_CAUR_M_CF1_RI2_TI2_R12_C02__seed691201__it0000014,CB1_CAUR_M_CF1_RI2_TI2_R12_C02,ts_73e2de23e0933a2a6718,2,M,CF1,0-20%,STRUCTURED_NEAR_NEIGHBOR,near_low_slack,related,False,0,1,1,False,55555.555555555555,,numeric_robust_z:critical_overlap_fraction,numeric_robust_z:critical_overlap_fraction
CB1_CAUR_M_CF1_RI2_TI2_R12_C02__seed691201__it0000014,CB1_CAUR_M_CF1_RI2_TI2_R12_C02,ts_ad51214bb470b81dbf07,2,M,CF1,0-20%,ORIGINAL_OPERATOR,operator_related,related,False,0,1,1,False,1000000.0,,numeric_robust_z:is_fallback,numeric_robust_z:is_fallback
CB1_CAUR_M_CF1_RI2_TI2_R12_C02__seed691201__it0000056,CB1_CAUR_M_CF1_RI2_TI2_R12_C02,ts_08448d59d65f24939462,2,M,CF1,0-20%,MATCHED_RANDOM,matched_random_1,random,False,0,1,1,False,55555.555555555555,,numeric_robust_z:critical_overlap_fraction,numeric_robust_z:critical_overlap_fraction
CB1_CAUR_M_CF1_RI2_TI2_R12_C02__seed691201__it0000056,CB1_CAUR_M_CF1_RI2_TI2_R12_C02,ts_3cc3bba0f105dd6a8465,2,M,CF1,0-20%,ORIGINAL_OPERATOR,operator_related,related,False,0,1,1,False,1000000.0,,numeric_robust_z:is_fallback,numeric_robust_z:is_fallback
CB1_CAUR_M_CF1_RI2_TI2_R12_C02__seed691201__it0000056,CB1_CAUR_M_CF1_RI2_TI2_R12_C02,ts_6ed42b293501a7e81ec5,2,M,CF1,0-20%,STRUCTURED_NEAR_NEIGHBOR,near_low_slack,related,False,0,1,1,False,55555.555555555555,,numeric_robust_z:critical_overlap_fraction,numeric_robust_z:critical_overlap_fraction
CB1_CAUR_M_CF1_RI2_TI2_R12_C02__seed691201__it0000056,CB1_CAUR_M_CF1_RI2_TI2_R12_C02,ts_812948289e6814e2cdee,2,M,CF1,0-20%,RELATED_VARIANT,related_variant_3,related,False,0,1,1,False,55555.555555555555,,numeric_robust_z:critical_overlap_fraction,numeric_robust_z:critical_overlap_fraction
CB1_CAUR_M_CF1_RI2_TI2_R12_C02__seed691201__it0000056,CB1_CAUR_M_CF1_RI2_TI2_R12_C02,ts_8a63ea807287d14443cf,2,M,CF1,0-20%,ORIGINAL_OPERATOR,operator_critical,critical,False,0,1,1,False,55555.555555555555,,numeric_robust_z:critical_overlap_fraction,numeric_robust_z:critical_overlap_fraction
CB1_CAUR_M_CF1_RI2_TI2_R12_C02__seed691201__it0000101,CB1_CAUR_M_CF1_RI2_TI2_R12_C02,ts_163d0eb79ed70bccfe52,2,M,CF1,20-40%,MATCHED_RANDOM,matched_random_1,random,False,0,1,1,False,55555.555555555555,,numeric_robust_z:critical_overlap_fraction,numeric_robust_z:critical_overlap_fraction
CB1_CAUR_M_CF1_RI2_TI2_R12_C02__seed691201__it0000101,CB1_CAUR_M_CF1_RI2_TI2_R12_C02,ts_84b016967a05f1c843d8,2,M,CF1,20-40%,ORIGINAL_OPERATOR,operator_high_reconfiguration,high_reconfiguration,False,0,1,1,False,55555.555555555555,,numeric_robust_z:critical_overlap_fraction,numeric_robust_z:critical_overlap_fraction
CB1_CAUR_M_CF1_RI2_TI2_R12_C02__seed691201__it0000101,CB1_CAUR_M_CF1_RI2_TI2_R12_C02,ts_925ec4101ea63d0694ed,2,M,CF1,20-40%,STRUCTURED_NEAR_NEIGHBOR,near_low_slack,related,False,0,1,1,False,55555.555555555555,,numeric_robust_z:critical_overlap_fraction,numeric_robust_z:critical_overlap_fraction
CB1_CAUR_M_CF1_RI2_TI2_R12_C02__seed691201__it0000101,CB1_CAUR_M_CF1_RI2_TI2_R12_C02,ts_a962251e0f29afd0031e,2,M,CF1,20-40%,ORIGINAL_OPERATOR,operator_critical,critical,False,0,1,1,False,55555.555555555555,,numeric_robust_z:critical_overlap_fraction,numeric_robust_z:critical_overlap_fraction
CB1_CAUR_M_CF1_RI2_TI2_R12_C02__seed691201__it0000101,CB1_CAUR_M_CF1_RI2_TI2_R12_C02,ts_eae86533e07a01abd60f,2,M,CF1,20-40%,ORIGINAL_OPERATOR,operator_related,related,False,0,1,1,False,1000000.0,,numeric_robust_z:is_fallback,numeric_robust_z:is_fallback
CB1_CAUR_M_CF1_RI2_TI2_R12_C02__seed691201__it0000143,CB1_CAUR_M_CF1_RI2_TI2_R12_C02,ts_167ffffa794a558881b2,2,M,CF1,40-60%,ORIGINAL_OPERATOR,operator_critical,critical,False,0,1,1,False,55555.555555555555,,numeric_robust_z:critical_overlap_fraction,numeric_robust_z:critical_overlap_fraction
CB1_CAUR_M_CF1_RI2_TI2_R12_C02__seed691201__it0000143,CB1_CAUR_M_CF1_RI2_TI2_R12_C02,ts_2c5a25db983d8fa38195,2,M,CF1,40-60%,LOCAL_PERTURBATION,related_replace_25,related,False,0,1,1,False,55555.555555555555,,numeric_robust_z:critical_overlap_fraction,numeric_robust_z:critical_overlap_fraction
CB1_CAUR_M_CF1_RI2_TI2_R12_C02__seed691201__it0000143,CB1_CAUR_M_CF1_RI2_TI2_R12_C02,ts_7761cfb72ace24ebeba3,2,M,CF1,40-60%,STRUCTURED_NEAR_NEIGHBOR,near_low_slack,related,False,0,1,1,False,55555.555555555555,,numeric_robust_z:critical_overlap_fraction,numeric_robust_z:critical_overlap_fraction
CB1_CAUR_M_CF1_RI2_TI2_R12_C02__seed691201__it0000143,CB1_CAUR_M_CF1_RI2_TI2_R12_C02,ts_92699246d13006f7e062,2,M,CF1,40-60%,ORIGINAL_OPERATOR,operator_f_bottleneck,f_bottleneck,False,0,1,1,False,55555.555555555555,,numeric_robust_z:critical_overlap_fraction,numeric_robust_z:critical_overlap_fraction
CB1_CAUR_M_CF1_RI2_TI2_R12_C02__seed691201__it0000143,CB1_CAUR_M_CF1_RI2_TI2_R12_C02,ts_d9531650ff351a009512,2,M,CF1,40-60%,ORIGINAL_OPERATOR,operator_related,related,False,0,1,1,False,1000000.0,,numeric_robust_z:is_fallback,numeric_robust_z:is_fallback
CB1_CAUR_M_CF1_RI2_TI2_R12_C02__seed691201__it0000184,CB1_CAUR_M_CF1_RI2_TI2_R12_C02,ts_14632eb4ea874abfd2b6,2,M,CF1,40-60%,ORIGINAL_OPERATOR,operator_w_bottleneck,w_bottleneck,False,0,1,1,False,55555.555555555555,,numeric_robust_z:critical_overlap_fraction,numeric_robust_z:critical_overlap_fraction
CB1_CAUR_M_CF1_RI2_TI2_R12_C02__seed691201__it0000184,CB1_CAUR_M_CF1_RI2_TI2_R12_C02,ts_149640743b177949ef60,2,M,CF1,40-60%,MATCHED_RANDOM,matched_random_1,random,False,0,1,1,False,55555.555555555555,,numeric_robust_z:critical_overlap_fraction,numeric_robust_z:critical_overlap_fraction
CB1_CAUR_M_CF1_RI2_TI2_R12_C02__seed691201__it0000184,CB1_CAUR_M_CF1_RI2_TI2_R12_C02,ts_56f09e04e9bdd6a243fc,2,M,CF1,40-60%,STRUCTURED_NEAR_NEIGHBOR,near_low_slack,related,False,0,1,1,False,111111.11111111111,,numeric_robust_z:critical_overlap_fraction,numeric_robust_z:critical_overlap_fraction
CB1_CAUR_M_CF1_RI2_TI2_R12_C02__seed691201__it0000184,CB1_CAUR_M_CF1_RI2_TI2_R12_C02,ts_5f31dcffce0be8c54b45,2,M,CF1,40-60%,RELATED_VARIANT,related_variant_4,related,False,0,1,1,False,55555.555555555555,,numeric_robust_z:critical_overlap_fraction,numeric_robust_z:critical_overlap_fraction
CB1_CAUR_M_CF1_RI2_TI2_R12_C02__seed691201__it0000184,CB1_CAUR_M_CF1_RI2_TI2_R12_C02,ts_5f4df49fa3747e2bed8b,2,M,CF1,40-60%,ORIGINAL_OPERATOR,operator_critical,critical,False,0,1,1,False,111111.11111111111,,numeric_robust_z:critical_overlap_fraction,numeric_robust_z:critical_overlap_fraction
CB1_CAUR_M_CF1_RI2_TI2_R12_C02__seed691201__it0000184,CB1_CAUR_M_CF1_RI2_TI2_R12_C02,ts_685cf52c31fda08d4f17,2,M,CF1,40-60%,MATCHED_RANDOM,matched_random_2,random,False,0,1,1,False,55555.555555555555,,numeric_robust_z:critical_overlap_fraction,numeric_robust_z:critical_overlap_fraction
CB1_CAUR_M_CF1_RI2_TI2_R12_C02__seed691201__it0000184,CB1_CAUR_M_CF1_RI2_TI2_R12_C02,ts_7e3eb82a510bd1d7ec1e,2,M,CF1,40-60%,RELATED_VARIANT,related_variant_3,related,False,0,1,1,False,55555.555555555555,,numeric_robust_z:critical_overlap_fraction,numeric_robust_z:critical_overlap_fraction
CB1_CAUR_M_CF1_RI2_TI2_R12_C02__seed691201__it0000184,CB1_CAUR_M_CF1_RI2_TI2_R12_C02,ts_a029b3ef5de32d8cf690,2,M,CF1,40-60%,ORIGINAL_OPERATOR,operator_f_bottleneck,f_bottleneck,False,0,1,1,False,55555.555555555555,,numeric_robust_z:critical_overlap_fraction,numeric_robust_z:critical_overlap_fraction
CB1_CAUR_M_CF1_RI2_TI2_R12_C02__seed691201__it0000184,CB1_CAUR_M_CF1_RI2_TI2_R12_C02,ts_a8c089fcd0ec3ef1d9e2,2,M,CF1,40-60%,MATCHED_RANDOM,matched_random_3,random,False,0,1,1,False,55555.555555555555,,numeric_robust_z:critical_overlap_fraction,numeric_robust_z:critical_overlap_fraction
CB1_CAUR_M_CF1_RI2_TI2_R12_C02__seed691201__it0000184,CB1_CAUR_M_CF1_RI2_TI2_R12_C02,ts_a990484d09c0ec3cc041,2,M,CF1,40-60%,RELATED_VARIANT,related_variant_1,related,False,0,1,1,False,55555.555555555555,,numeric_robust_z:critical_overlap_fraction,numeric_robust_z:critical_overlap_fraction
CB1_CAUR_M_CF1_RI2_TI2_R12_C02__seed691201__it0000184,CB1_CAUR_M_CF1_RI2_TI2_R12_C02,ts_bee5612166cc64c30ba4,2,M,CF1,40-60%,ORIGINAL_OPERATOR,operator_related,related,False,0,1,1,False,1000000.0,,numeric_robust_z:is_fallback,numeric_robust_z:is_fallback
CB1_CAUR_M_CF1_RI2_TI2_R12_C02__seed691201__it0000230,CB1_CAUR_M_CF1_RI2_TI2_R12_C02,ts_178d6fc92e81a7235279,2,M,CF1,60-80%,ORIGINAL_OPERATOR,operator_critical,critical,False,0,1,1,False,55555.555555555555,,numeric_robust_z:critical_overlap_fraction,numeric_robust_z:critical_overlap_fraction
CB1_CAUR_M_CF1_RI2_TI2_R12_C02__seed691201__it0000230,CB1_CAUR_M_CF1_RI2_TI2_R12_C02,ts_34aeaae049e916ad4b65,2,M,CF1,60-80%,STRUCTURED_NEAR_NEIGHBOR,near_low_slack,related,False,0,1,1,False,55555.555555555555,,numeric_robust_z:critical_overlap_fraction,numeric_robust_z:critical_overlap_fraction
CB1_CAUR_M_CF1_RI2_TI2_R12_C02__seed691201__it0000230,CB1_CAUR_M_CF1_RI2_TI2_R12_C02,ts_45a8e84c82ea2979d074,2,M,CF1,60-80%,ORIGINAL_OPERATOR,operator_related,related,True,0,1,1,False,1000000.0,,numeric_robust_z:is_fallback,numeric_robust_z:is_fallback
CB1_CAUR_M_CF1_RI2_TI2_R12_C02__seed691201__it0000230,CB1_CAUR_M_CF1_RI2_TI2_R12_C02,ts_5303b235fe2d1e5e3e0c,2,M,CF1,60-80%,ORIGINAL_OPERATOR,operator_w_bottleneck,w_bottleneck,False,0,1,1,False,55555.555555555555,,numeric_robust_z:critical_overlap_fraction,numeric_robust_z:critical_overlap_fraction
CB1_CAUR_M_CF1_RI2_TI2_R12_C02__seed691201__it0000230,CB1_CAUR_M_CF1_RI2_TI2_R12_C02,ts_5e754a582827a04a4326,2,M,CF1,60-80%,RELATED_VARIANT,related_variant_2,related,False,0,1,1,False,55555.555555555555,,numeric_robust_z:critical_overlap_fraction,numeric_robust_z:critical_overlap_fraction
CB1_CAUR_M_CF1_RI2_TI2_R12_C02__seed691201__it0000230,CB1_CAUR_M_CF1_RI2_TI2_R12_C02,ts_f8bf50f59365cdbb702d,2,M,CF1,60-80%,RELATED_VARIANT,related_variant_1,related,False,0,1,1,False,55555.555555555555,,numeric_robust_z:critical_overlap_fraction,numeric_robust_z:critical_overlap_fraction
CB1_CAUR_M_CF1_RI2_TI2_R12_C02__seed691201__it0000230,CB1_CAUR_M_CF1_RI2_TI2_R12_C02,ts_fb9dc809eabbcb56a585,2,M,CF1,60-80%,RELATED_VARIANT,related_variant_4,related,False,0,1,1,False,55555.555555555555,,numeric_robust_z:critical_overlap_fraction,numeric_robust_z:critical_overlap_fraction
CB1_CAUR_M_CF1_RI2_TI2_R12_C02__seed691201__it0000272,CB1_CAUR_M_CF1_RI2_TI2_R12_C02,ts_0a58edffb7db7348cefd,2,M,CF1,80-100%,ORIGINAL_OPERATOR,operator_random,random,False,0,1,1,False,55555.555555555555,,numeric_robust_z:critical_overlap_fraction,numeric_robust_z:critical_overlap_fraction
CB1_CAUR_M_CF1_RI2_TI2_R12_C02__seed691201__it0000272,CB1_CAUR_M_CF1_RI2_TI2_R12_C02,ts_0f615a47628c23026822,2,M,CF1,80-100%,ORIGINAL_OPERATOR,operator_critical,critical,False,0,1,1,False,55555.555555555555,,numeric_robust_z:critical_overlap_fraction,numeric_robust_z:critical_overlap_fraction
CB1_CAUR_M_CF1_RI2_TI2_R12_C02__seed691201__it0000272,CB1_CAUR_M_CF1_RI2_TI2_R12_C02,ts_3126d300ff28133e1abe,2,M,CF1,80-100%,STRUCTURED_NEAR_NEIGHBOR,near_low_slack,related,True,0,1,1,False,55555.555555555555,,numeric_robust_z:critical_overlap_fraction,numeric_robust_z:critical_overlap_fraction
CB1_CAUR_M_CF1_RI2_TI2_R12_C02__seed691201__it0000272,CB1_CAUR_M_CF1_RI2_TI2_R12_C02,ts_3949348c31e608b457c6,2,M,CF1,80-100%,RELATED_VARIANT,related_variant_4,related,False,0,1,1,False,55555.555555555555,,numeric_robust_z:critical_overlap_fraction,numeric_robust_z:critical_overlap_fraction
CB1_CAUR_M_CF1_RI2_TI2_R12_C02__seed691201__it0000272,CB1_CAUR_M_CF1_RI2_TI2_R12_C02,ts_429b6e741aae66e5305a,2,M,CF1,80-100%,ORIGINAL_OPERATOR,operator_overloaded_island,overloaded_island,False,0,1,1,False,55555.555555555555,,numeric_robust_z:critical_overlap_fraction,numeric_robust_z:critical_overlap_fraction
CB1_CAUR_M_CF1_RI2_TI2_R12_C02__seed691201__it0000272,CB1_CAUR_M_CF1_RI2_TI2_R12_C02,ts_88da194b5296865a6bef,2,M,CF1,80-100%,RELATED_VARIANT,related_variant_3,related,False,0,1,1,False,55555.555555555555,,numeric_robust_z:critical_overlap_fraction,numeric_robust_z:critical_overlap_fraction
CB1_CAUR_M_CF1_RI2_TI2_R12_C02__seed691201__it0000272,CB1_CAUR_M_CF1_RI2_TI2_R12_C02,ts_98959698f3c20200662a,2,M,CF1,80-100%,MATCHED_RANDOM,matched_random_2,random,False,0,1,1,False,55555.555555555555,,numeric_robust_z:critical_overlap_fraction,numeric_robust_z:critical_overlap_fraction
CB1_CAUR_M_CF1_RI2_TI2_R12_C02__seed691201__it0000272,CB1_CAUR_M_CF1_RI2_TI2_R12_C02,ts_b2f23a5cc552d23d8bf3,2,M,CF1,80-100%,ORIGINAL_OPERATOR,operator_w_bottleneck,w_bottleneck,False,0,1,1,False,55555.555555555555,,numeric_robust_z:critical_overlap_fraction,numeric_robust_z:critical_overlap_fraction
CB1_CAUR_M_CF1_RI2_TI2_R12_C02__seed691201__it0000272,CB1_CAUR_M_CF1_RI2_TI2_R12_C02,ts_d6a2292a4cfb1a345ab6,2,M,CF1,80-100%,ORIGINAL_OPERATOR,operator_f_bottleneck,f_bottleneck,False,0,1,1,False,55555.555555555555,,numeric_robust_z:critical_overlap_fraction,numeric_robust_z:critical_overlap_fraction
CB1_CAUR_M_CF1_RI2_TI2_R12_C02__seed691201__it0000272,CB1_CAUR_M_CF1_RI2_TI2_R12_C02,ts_f477cab2ad30c6e0a0f4,2,M,CF1,80-100%,ORIGINAL_OPERATOR,operator_related,related,False,0,1,1,False,1000000.0,,numeric_robust_z:is_fallback,numeric_robust_z:is_fallback
CB1_CAUR_M_CF1_RI2_TI2_R12_C02__seed691201__it0000304,CB1_CAUR_M_CF1_RI2_TI2_R12_C02,ts_046281904bece8c0ae18,2,M,CF1,80-100%,STRUCTURED_NEAR_NEIGHBOR,near_low_slack,related,False,0,1,1,False,55555.555555555555,,numeric_robust_z:critical_overlap_fraction,numeric_robust_z:critical_overlap_fraction
CB1_CAUR_M_CF1_RI2_TI2_R12_C02__seed691201__it0000304,CB1_CAUR_M_CF1_RI2_TI2_R12_C02,ts_2a4dfe63c6c563248320,2,M,CF1,80-100%,ORIGINAL_OPERATOR,operator_overloaded_island,overloaded_island,False,0,1,1,False,55555.555555555555,,numeric_robust_z:critical_overlap_fraction,numeric_robust_z:critical_overlap_fraction
CB1_CAUR_M_CF1_RI2_TI2_R12_C02__seed691201__it0000304,CB1_CAUR_M_CF1_RI2_TI2_R12_C02,ts_342958ae3573397ea1d9,2,M,CF1,80-100%,ORIGINAL_OPERATOR,operator_w_bottleneck,w_bottleneck,False,0,1,1,False,55555.555555555555,,numeric_robust_z:critical_overlap_fraction,numeric_robust_z:critical_overlap_fraction
CB1_CAUR_M_CF1_RI2_TI2_R12_C02__seed691201__it0000304,CB1_CAUR_M_CF1_RI2_TI2_R12_C02,ts_4d9f1fa4217fc3a66aba,2,M,CF1,80-100%,ORIGINAL_OPERATOR,operator_related,related,False,0,1,1,False,1000000.0,,numeric_robust_z:is_fallback,numeric_robust_z:is_fallback
CB1_CAUR_M_CF1_RI2_TI2_R12_C02__seed691201__it0000304,CB1_CAUR_M_CF1_RI2_TI2_R12_C02,ts_70968cec200817caf17d,2,M,CF1,80-100%,ORIGINAL_OPERATOR,operator_critical,critical,False,0,1,1,False,55555.555555555555,,numeric_robust_z:critical_overlap_fraction,numeric_robust_z:critical_overlap_fraction
CB1_CAUR_M_CF1_RI2_TI2_R12_C02__seed691201__it0000304,CB1_CAUR_M_CF1_RI2_TI2_R12_C02,ts_bff1f8590d6d3bb6a159,2,M,CF1,80-100%,RELATED_VARIANT,related_variant_3,related,False,0,1,1,False,55555.555555555555,,numeric_robust_z:critical_overlap_fraction,numeric_robust_z:critical_overlap_fraction
CB1_CAUR_M_CF1_RI2_TI2_R12_C02__seed691202__it0000014,CB1_CAUR_M_CF1_RI2_TI2_R12_C02,ts_38ab4a2f2f84d0511f07,2,M,CF1,0-20%,ORIGINAL_OPERATOR,operator_random,random,False,0,1,1,False,55555.555555555555,,numeric_robust_z:critical_overlap_fraction,numeric_robust_z:critical_overlap_fraction
CB1_CAUR_M_CF1_RI2_TI2_R12_C02__seed691202__it0000014,CB1_CAUR_M_CF1_RI2_TI2_R12_C02,ts_687f976c050a566257b7,2,M,CF1,0-20%,ORIGINAL_OPERATOR,operator_related,related,False,0,1,1,False,1000000.0,,numeric_robust_z:is_fallback,numeric_robust_z:is_fallback
CB1_CAUR_M_CF1_RI2_TI2_R12_C02__seed691202__it0000014,CB1_CAUR_M_CF1_RI2_TI2_R12_C02,ts_89bd721dbe92602cab4f,2,M,CF1,0-20%,RELATED_VARIANT,related_variant_1,related,False,0,1,1,False,55555.555555555555,,numeric_robust_z:critical_overlap_fraction,numeric_robust_z:critical_overlap_fraction
CB1_CAUR_M_CF1_RI2_TI2_R12_C02__seed691202__it0000014,CB1_CAUR_M_CF1_RI2_TI2_R12_C02,ts_8baa771333e453fa3345,2,M,CF1,0-20%,LOCAL_PERTURBATION,one_operation_swap,related,False,0,1,1,False,55555.555555555555,,numeric_robust_z:critical_overlap_fraction,numeric_robust_z:critical_overlap_fraction
CB1_CAUR_M_CF1_RI2_TI2_R12_C02__seed691202__it0000014,CB1_CAUR_M_CF1_RI2_TI2_R12_C02,ts_9c721a581db086c20ae9,2,M,CF1,0-20%,ORIGINAL_OPERATOR,operator_critical,critical,False,0,1,1,False,55555.555555555555,,numeric_robust_z:critical_overlap_fraction,numeric_robust_z:critical_overlap_fraction
CB1_CAUR_M_CF1_RI2_TI2_R12_C02__seed691202__it0000014,CB1_CAUR_M_CF1_RI2_TI2_R12_C02,ts_a5d31d1d97af37beae6a,2,M,CF1,0-20%,RELATED_VARIANT,related_variant_2,related,False,0,1,1,False,55555.555555555555,,numeric_robust_z:critical_overlap_fraction,numeric_robust_z:critical_overlap_fraction
CB1_CAUR_M_CF1_RI2_TI2_R12_C02__seed691202__it0000014,CB1_CAUR_M_CF1_RI2_TI2_R12_C02,ts_e0432d35adec805f1c5b,2,M,CF1,0-20%,STRUCTURED_NEAR_NEIGHBOR,near_low_slack,related,False,0,1,1,False,55555.555555555555,,numeric_robust_z:critical_overlap_fraction,numeric_robust_z:critical_overlap_fraction
CB1_CAUR_M_CF1_RI2_TI2_R12_C02__seed691202__it0000014,CB1_CAUR_M_CF1_RI2_TI2_R12_C02,ts_e703ec1a21fc7ce8f2f5,2,M,CF1,0-20%,MATCHED_RANDOM,matched_random_2,random,False,0,1,1,False,55555.555555555555,,numeric_robust_z:critical_overlap_fraction,numeric_robust_z:critical_overlap_fraction
CB1_CAUR_M_CF1_RI2_TI2_R12_C02__seed691202__it0000056,CB1_CAUR_M_CF1_RI2_TI2_R12_C02,ts_280e9bf24774e7389af5,2,M,CF1,0-20%,ORIGINAL_OPERATOR,operator_overloaded_island,overloaded_island,True,0,1,1,False,55555.555555555555,,numeric_robust_z:critical_overlap_fraction,numeric_robust_z:critical_overlap_fraction
CB1_CAUR_M_CF1_RI2_TI2_R12_C02__seed691202__it0000056,CB1_CAUR_M_CF1_RI2_TI2_R12_C02,ts_484033d097d6d3e440c4,2,M,CF1,0-20%,ORIGINAL_OPERATOR,operator_critical,critical,False,0,1,1,False,55555.555555555555,,numeric_robust_z:critical_overlap_fraction,numeric_robust_z:critical_overlap_fraction
CB1_CAUR_M_CF1_RI2_TI2_R12_C02__seed691202__it0000056,CB1_CAUR_M_CF1_RI2_TI2_R12_C02,ts_b22ecd7f9ae8ea20401c,2,M,CF1,0-20%,ORIGINAL_OPERATOR,operator_related,related,False,0,1,1,False,1000000.0,,numeric_robust_z:is_fallback,numeric_robust_z:is_fallback
CB1_CAUR_M_CF1_RI2_TI2_R12_C02__seed691202__it0000056,CB1_CAUR_M_CF1_RI2_TI2_R12_C02,ts_c861551c08dab9a8c670,2,M,CF1,0-20%,ORIGINAL_OPERATOR,operator_w_bottleneck,w_bottleneck,False,0,1,1,False,55555.555555555555,,numeric_robust_z:critical_overlap_fraction,numeric_robust_z:critical_overlap_fraction
CB1_CAUR_M_CF1_RI2_TI2_R12_C02__seed691202__it0000056,CB1_CAUR_M_CF1_RI2_TI2_R12_C02,ts_d9ce55aa7a6875cfd23b,2,M,CF1,0-20%,STRUCTURED_NEAR_NEIGHBOR,near_low_slack,related,False,0,1,1,False,55555.555555555555,,numeric_robust_z:critical_overlap_fraction,numeric_robust_z:critical_overlap_fraction
CB1_CAUR_M_CF1_RI2_TI2_R12_C02__seed691202__it0000101,CB1_CAUR_M_CF1_RI2_TI2_R12_C02,ts_1aafb6893cd53291101c,2,M,CF1,20-40%,STRUCTURED_NEAR_NEIGHBOR,near_low_slack,related,False,0,1,1,False,111111.11111111111,,numeric_robust_z:critical_overlap_fraction,numeric_robust_z:critical_overlap_fraction
CB1_CAUR_M_CF1_RI2_TI2_R12_C02__seed691202__it0000101,CB1_CAUR_M_CF1_RI2_TI2_R12_C02,ts_75e9fa9362325eab0d7b,2,M,CF1,20-40%,MATCHED_RANDOM,matched_random_2,random,False,0,1,1,False,55555.555555555555,,numeric_robust_z:critical_overlap_fraction,numeric_robust_z:critical_overlap_fraction
CB1_CAUR_M_CF1_RI2_TI2_R12_C02__seed691202__it0000101,CB1_CAUR_M_CF1_RI2_TI2_R12_C02,ts_b8b2b6fd6f31a9b3eb55,2,M,CF1,20-40%,ORIGINAL_OPERATOR,operator_related,related,False,0,1,1,False,1000000.0,,numeric_robust_z:is_fallback,numeric_robust_z:is_fallback
CB1_CAUR_M_CF1_RI2_TI2_R12_C02__seed691202__it0000101,CB1_CAUR_M_CF1_RI2_TI2_R12_C02,ts_b994f2a1032364a68d4d,2,M,CF1,20-40%,ORIGINAL_OPERATOR,operator_critical,critical,False,0,2,2,True,166666.66666666666,,numeric_robust_z:critical_overlap_fraction+numeric_robust_z:bottleneck_overlap_fraction,numeric_robust_z:critical_overlap_fraction+numeric_robust_z:bottleneck_overlap_fraction
CB1_CAUR_M_CF1_RI2_TI2_R12_C02__seed691202__it0000143,CB1_CAUR_M_CF1_RI2_TI2_R12_C02,ts_02eb33ffb7b186e638e2,2,M,CF1,40-60%,ORIGINAL_OPERATOR,operator_critical,critical,False,0,1,1,False,55555.555555555555,,numeric_robust_z:critical_overlap_fraction,numeric_robust_z:critical_overlap_fraction
CB1_CAUR_M_CF1_RI2_TI2_R12_C02__seed691202__it0000143,CB1_CAUR_M_CF1_RI2_TI2_R12_C02,ts_4e8e387ae4e0c9783979,2,M,CF1,40-60%,MATCHED_RANDOM,matched_random_1,random,False,0,1,1,False,55555.555555555555,,numeric_robust_z:critical_overlap_fraction,numeric_robust_z:critical_overlap_fraction
CB1_CAUR_M_CF1_RI2_TI2_R12_C02__seed691202__it0000143,CB1_CAUR_M_CF1_RI2_TI2_R12_C02,ts_9c40c5952271043b2a92,2,M,CF1,40-60%,STRUCTURED_NEAR_NEIGHBOR,near_low_slack,related,False,0,1,1,False,55555.555555555555,,numeric_robust_z:critical_overlap_fraction,numeric_robust_z:critical_overlap_fraction
CB1_CAUR_M_CF1_RI2_TI2_R12_C02__seed691202__it0000143,CB1_CAUR_M_CF1_RI2_TI2_R12_C02,ts_b571639ecf191e9a0327,2,M,CF1,40-60%,MATCHED_RANDOM,matched_random_2,random,False,0,1,1,False,55555.555555555555,,numeric_robust_z:critical_overlap_fraction,numeric_robust_z:critical_overlap_fraction
CB1_CAUR_M_CF1_RI2_TI2_R12_C02__seed691202__it0000143,CB1_CAUR_M_CF1_RI2_TI2_R12_C02,ts_cd12747846b9502404a9,2,M,CF1,40-60%,ORIGINAL_OPERATOR,operator_overloaded_island,overloaded_island,False,0,1,1,False,55555.555555555555,,numeric_robust_z:critical_overlap_fraction,numeric_robust_z:critical_overlap_fraction
CB1_CAUR_M_CF1_RI2_TI2_R12_C02__seed691202__it0000143,CB1_CAUR_M_CF1_RI2_TI2_R12_C02,ts_dc5e6e33a5988d41cb64,2,M,CF1,40-60%,ORIGINAL_OPERATOR,operator_related,related,False,0,3,3,True,1000000.0,,numeric_robust_z:origin_rule_count+numeric_robust_z:origin_family_count+numeric_robust_z:is_fallback,numeric_robust_z:origin_rule_count+numeric_robust_z:origin_family_count+numeric_robust_z:is_fallback
CB1_CAUR_M_CF1_RI2_TI2_R12_C02__seed691202__it0000143,CB1_CAUR_M_CF1_RI2_TI2_R12_C02,ts_fc082753368e41056645,2,M,CF1,40-60%,ORIGINAL_OPERATOR,operator_f_bottleneck,f_bottleneck,False,0,1,1,False,55555.555555555555,,numeric_robust_z:critical_overlap_fraction,numeric_robust_z:critical_overlap_fraction
CB1_CAUR_M_CF1_RI2_TI2_R12_C02__seed691202__it0000184,CB1_CAUR_M_CF1_RI2_TI2_R12_C02,ts_b7557358a3f263bcb3aa,2,M,CF1,40-60%,STRUCTURED_NEAR_NEIGHBOR,near_low_slack,related,False,0,1,1,False,55555.555555555555,,numeric_robust_z:critical_overlap_fraction,numeric_robust_z:critical_overlap_fraction
CB1_CAUR_M_CF1_RI2_TI2_R12_C02__seed691202__it0000184,CB1_CAUR_M_CF1_RI2_TI2_R12_C02,ts_f20cb3c7ac49576682f3,2,M,CF1,40-60%,ORIGINAL_OPERATOR,operator_related,related,False,0,1,1,False,1000000.0,,numeric_robust_z:is_fallback,numeric_robust_z:is_fallback
CB1_CAUR_M_CF1_RI2_TI2_R12_C02__seed691202__it0000184,CB1_CAUR_M_CF1_RI2_TI2_R12_C02,ts_f42299c8b04af487af82,2,M,CF1,40-60%,ORIGINAL_OPERATOR,operator_critical,critical,False,0,1,1,False,55555.555555555555,,numeric_robust_z:critical_overlap_fraction,numeric_robust_z:critical_overlap_fraction
CB1_CAUR_M_CF1_RI2_TI2_R12_C02__seed691202__it0000228,CB1_CAUR_M_CF1_RI2_TI2_R12_C02,ts_7a78ac223100ac606544,2,M,CF1,60-80%,MATCHED_RANDOM,matched_random_3,random,False,0,1,1,False,55555.555555555555,,numeric_robust_z:critical_overlap_fraction,numeric_robust_z:critical_overlap_fraction
CB1_CAUR_M_CF1_RI2_TI2_R12_C02__seed691202__it0000228,CB1_CAUR_M_CF1_RI2_TI2_R12_C02,ts_9c436ca562574fddc4d1,2,M,CF1,60-80%,STRUCTURED_NEAR_NEIGHBOR,near_low_slack,related,False,0,1,1,False,55555.555555555555,,numeric_robust_z:critical_overlap_fraction,numeric_robust_z:critical_overlap_fraction
CB1_CAUR_M_CF1_RI2_TI2_R12_C02__seed691202__it0000228,CB1_CAUR_M_CF1_RI2_TI2_R12_C02,ts_a26f61cd92865f793660,2,M,CF1,60-80%,ORIGINAL_OPERATOR,operator_related,related,False,0,1,1,False,1000000.0,,numeric_robust_z:is_fallback,numeric_robust_z:is_fallback
CB1_CAUR_M_CF1_RI2_TI2_R12_C02__seed691202__it0000228,CB1_CAUR_M_CF1_RI2_TI2_R12_C02,ts_f2055d4f58b34935cd72,2,M,CF1,60-80%,RELATED_VARIANT,related_variant_1,related,False,0,1,1,False,55555.555555555555,,numeric_robust_z:critical_overlap_fraction,numeric_robust_z:critical_overlap_fraction
CB1_CAUR_M_CF1_RI2_TI2_R12_C02__seed691202__it0000228,CB1_CAUR_M_CF1_RI2_TI2_R12_C02,ts_f42bf26156f2623fc1c3,2,M,CF1,60-80%,ORIGINAL_OPERATOR,operator_critical,critical,False,0,1,1,False,55555.555555555555,,numeric_robust_z:critical_overlap_fraction,numeric_robust_z:critical_overlap_fraction
CB1_CAUR_M_CF1_RI2_TI2_R12_C02__seed691202__it0000271,CB1_CAUR_M_CF1_RI2_TI2_R12_C02,ts_1712001e8e3537e977c6,2,M,CF1,80-100%,STRUCTURED_NEAR_NEIGHBOR,near_same_island_chain,related,False,0,1,1,False,111111.11111111111,,numeric_robust_z:critical_overlap_fraction,numeric_robust_z:critical_overlap_fraction
CB1_CAUR_M_CF1_RI2_TI2_R12_C02__seed691202__it0000271,CB1_CAUR_M_CF1_RI2_TI2_R12_C02,ts_3df5c047d1eb3baae4af,2,M,CF1,80-100%,STRUCTURED_NEAR_NEIGHBOR,near_precedence_neighbor,related,False,0,1,1,False,55555.555555555555,,numeric_robust_z:critical_overlap_fraction,numeric_robust_z:critical_overlap_fraction
CB1_CAUR_M_CF1_RI2_TI2_R12_C02__seed691202__it0000271,CB1_CAUR_M_CF1_RI2_TI2_R12_C02,ts_4bdcc3c4b93e9dceebbe,2,M,CF1,80-100%,LOCAL_PERTURBATION,one_operation_swap,related,False,0,1,1,False,111111.11111111111,,numeric_robust_z:critical_overlap_fraction,numeric_robust_z:critical_overlap_fraction
CB1_CAUR_M_CF1_RI2_TI2_R12_C02__seed691202__it0000271,CB1_CAUR_M_CF1_RI2_TI2_R12_C02,ts_5b468267d3957260afb7,2,M,CF1,80-100%,LOCAL_PERTURBATION,two_operation_swap,related,False,0,1,1,False,111111.11111111111,,numeric_robust_z:critical_overlap_fraction,numeric_robust_z:critical_overlap_fraction
CB1_CAUR_M_CF1_RI2_TI2_R12_C02__seed691202__it0000271,CB1_CAUR_M_CF1_RI2_TI2_R12_C02,ts_77bb80345113a74e47c0,2,M,CF1,80-100%,LOCAL_PERTURBATION,related_replace_25,related,False,0,1,1,False,111111.11111111111,,numeric_robust_z:critical_overlap_fraction,numeric_robust_z:critical_overlap_fraction
CB1_CAUR_M_CF1_RI2_TI2_R12_C02__seed691202__it0000271,CB1_CAUR_M_CF1_RI2_TI2_R12_C02,ts_8b9f3d761a7c351b4ba0,2,M,CF1,80-100%,STRUCTURED_NEAR_NEIGHBOR,near_high_W_delay,related,True,0,1,1,False,55555.555555555555,,numeric_robust_z:critical_overlap_fraction,numeric_robust_z:critical_overlap_fraction
CB1_CAUR_M_CF1_RI2_TI2_R12_C02__seed691202__it0000271,CB1_CAUR_M_CF1_RI2_TI2_R12_C02,ts_8d668215e469f09505c4,2,M,CF1,80-100%,ORIGINAL_OPERATOR,operator_random,random,False,0,1,1,False,55555.555555555555,,numeric_robust_z:critical_overlap_fraction,numeric_robust_z:critical_overlap_fraction
CB1_CAUR_M_CF1_RI2_TI2_R12_C02__seed691202__it0000271,CB1_CAUR_M_CF1_RI2_TI2_R12_C02,ts_98f3162bc76f0212e27c,2,M,CF1,80-100%,LOCAL_PERTURBATION,related_replace_50,related,False,0,1,1,False,55555.555555555555,,numeric_robust_z:critical_overlap_fraction,numeric_robust_z:critical_overlap_fraction
CB1_CAUR_M_CF1_RI2_TI2_R12_C02__seed691202__it0000271,CB1_CAUR_M_CF1_RI2_TI2_R12_C02,ts_99b545b34c684f54b248,2,M,CF1,80-100%,MATCHED_RANDOM,matched_random_3,random,False,0,1,1,False,55555.555555555555,,numeric_robust_z:critical_overlap_fraction,numeric_robust_z:critical_overlap_fraction
CB1_CAUR_M_CF1_RI2_TI2_R12_C02__seed691202__it0000271,CB1_CAUR_M_CF1_RI2_TI2_R12_C02,ts_d175f942ee0760f3222b,2,M,CF1,80-100%,STRUCTURED_NEAR_NEIGHBOR,near_high_F_delay,related,False,0,1,1,False,111111.11111111111,,numeric_robust_z:critical_overlap_fraction,numeric_robust_z:critical_overlap_fraction
CB1_CAUR_M_CF1_RI2_TI2_R12_C02__seed691202__it0000271,CB1_CAUR_M_CF1_RI2_TI2_R12_C02,ts_da17e2e467cc1bd9ddad,2,M,CF1,80-100%,ORIGINAL_OPERATOR,operator_critical,critical,False,0,2,2,True,111111.11111111111,,numeric_robust_z:critical_overlap_fraction+numeric_robust_z:bottleneck_overlap_fraction,numeric_robust_z:critical_overlap_fraction+numeric_robust_z:bottleneck_overlap_fraction
CB1_CAUR_M_CF1_RI2_TI2_R12_C02__seed691202__it0000271,CB1_CAUR_M_CF1_RI2_TI2_R12_C02,ts_ecd5127202151f762351,2,M,CF1,80-100%,STRUCTURED_NEAR_NEIGHBOR,near_low_slack,related,False,0,2,2,True,111111.11111111111,,numeric_robust_z:critical_overlap_fraction+numeric_robust_z:bottleneck_overlap_fraction,numeric_robust_z:critical_overlap_fraction+numeric_robust_z:bottleneck_overlap_fraction
CB1_CAUR_M_CF1_RI2_TI2_R12_C02__seed691202__it0000271,CB1_CAUR_M_CF1_RI2_TI2_R12_C02,ts_f5b98c4e0d8daae7c0e3,2,M,CF1,80-100%,STRUCTURED_NEAR_NEIGHBOR,near_same_product,related,False,0,1,1,False,55555.555555555555,,numeric_robust_z:critical_overlap_fraction,numeric_robust_z:critical_overlap_fraction
CB1_CAUR_M_CF1_RI2_TI2_R12_C02__seed691202__it0000271,CB1_CAUR_M_CF1_RI2_TI2_R12_C02,ts_fb1e11d5d71ed2f0d428,2,M,CF1,80-100%,ORIGINAL_OPERATOR,operator_related,related,False,0,2,2,True,1000000.0,,numeric_robust_z:critical_overlap_fraction+numeric_robust_z:is_fallback,numeric_robust_z:critical_overlap_fraction+numeric_robust_z:is_fallback
CB1_CAUR_M_CF1_RI2_TI2_R12_C02__seed691202__it0000302,CB1_CAUR_M_CF1_RI2_TI2_R12_C02,ts_1576fbbada823cbe2e99,2,M,CF1,80-100%,ORIGINAL_OPERATOR,operator_related,related,False,0,1,1,False,1000000.0,,numeric_robust_z:is_fallback,numeric_robust_z:is_fallback
CB1_CAUR_M_CF1_RI2_TI2_R12_C02__seed691202__it0000302,CB1_CAUR_M_CF1_RI2_TI2_R12_C02,ts_216a510a2a20793f8336,2,M,CF1,80-100%,ORIGINAL_OPERATOR,operator_f_bottleneck,f_bottleneck,False,0,1,1,False,55555.555555555555,,numeric_robust_z:critical_overlap_fraction,numeric_robust_z:critical_overlap_fraction
CB1_CAUR_M_CF1_RI2_TI2_R12_C02__seed691202__it0000302,CB1_CAUR_M_CF1_RI2_TI2_R12_C02,ts_3b5cdad18493c2349a33,2,M,CF1,80-100%,RELATED_VARIANT,related_variant_1,related,False,0,1,1,False,55555.555555555555,,numeric_robust_z:critical_overlap_fraction,numeric_robust_z:critical_overlap_fraction
CB1_CAUR_M_CF1_RI2_TI2_R12_C02__seed691202__it0000302,CB1_CAUR_M_CF1_RI2_TI2_R12_C02,ts_68f5a360c796e6c212fe,2,M,CF1,80-100%,ORIGINAL_OPERATOR,operator_critical,critical,False,0,1,1,False,55555.555555555555,,numeric_robust_z:critical_overlap_fraction,numeric_robust_z:critical_overlap_fraction
CB1_CAUR_M_CF1_RI2_TI2_R12_C02__seed691202__it0000302,CB1_CAUR_M_CF1_RI2_TI2_R12_C02,ts_bbba41d913495c40e9ce,2,M,CF1,80-100%,ORIGINAL_OPERATOR,operator_w_bottleneck,w_bottleneck,False,0,1,1,False,55555.555555555555,,numeric_robust_z:critical_overlap_fraction,numeric_robust_z:critical_overlap_fraction
CB1_CAUR_M_CF1_RI2_TI2_R12_C02__seed691202__it0000302,CB1_CAUR_M_CF1_RI2_TI2_R12_C02,ts_d2b71cc92d1afbcd3961,2,M,CF1,80-100%,STRUCTURED_NEAR_NEIGHBOR,near_low_slack,related,True,0,1,1,False,55555.555555555555,,numeric_robust_z:critical_overlap_fraction,numeric_robust_z:critical_overlap_fraction
CB1_CAUR_M_CF1_RI2_TI2_R12__seed691201__it0000015,CB1_CAUR_M_CF1_RI2_TI2_R12,ts_062add896382b3ca3f5c,2,M,CF1,0-20%,ORIGINAL_OPERATOR,operator_random,random,False,0,1,1,False,58823.529411764706,,numeric_robust_z:critical_overlap_fraction,numeric_robust_z:critical_overlap_fraction
CB1_CAUR_M_CF1_RI2_TI2_R12__seed691201__it0000015,CB1_CAUR_M_CF1_RI2_TI2_R12,ts_239fd29ed3da82b35109,2,M,CF1,0-20%,STRUCTURED_NEAR_NEIGHBOR,near_high_W_delay,related,False,0,1,1,False,58823.529411764706,,numeric_robust_z:critical_overlap_fraction,numeric_robust_z:critical_overlap_fraction
CB1_CAUR_M_CF1_RI2_TI2_R12__seed691201__it0000015,CB1_CAUR_M_CF1_RI2_TI2_R12,ts_3d25e35e695845debfd5,2,M,CF1,0-20%,ORIGINAL_OPERATOR,operator_critical,critical,False,0,1,1,False,58823.529411764706,,numeric_robust_z:critical_overlap_fraction,numeric_robust_z:critical_overlap_fraction
CB1_CAUR_M_CF1_RI2_TI2_R12__seed691201__it0000015,CB1_CAUR_M_CF1_RI2_TI2_R12,ts_46d6c3d4794e76f778ef,2,M,CF1,0-20%,MATCHED_RANDOM,matched_random_3,random,False,0,1,1,False,58823.529411764706,,numeric_robust_z:critical_overlap_fraction,numeric_robust_z:critical_overlap_fraction
CB1_CAUR_M_CF1_RI2_TI2_R12__seed691201__it0000015,CB1_CAUR_M_CF1_RI2_TI2_R12,ts_50d5a3d4cf116ca00f68,2,M,CF1,0-20%,ORIGINAL_OPERATOR,operator_w_bottleneck,w_bottleneck,False,0,1,1,False,58823.529411764706,,numeric_robust_z:critical_overlap_fraction,numeric_robust_z:critical_overlap_fraction
CB1_CAUR_M_CF1_RI2_TI2_R12__seed691201__it0000015,CB1_CAUR_M_CF1_RI2_TI2_R12,ts_593f44a534dc76987e30,2,M,CF1,0-20%,STRUCTURED_NEAR_NEIGHBOR,near_same_product,related,False,0,1,1,False,58823.529411764706,,numeric_robust_z:critical_overlap_fraction,numeric_robust_z:critical_overlap_fraction
CB1_CAUR_M_CF1_RI2_TI2_R12__seed691201__it0000015,CB1_CAUR_M_CF1_RI2_TI2_R12,ts_7f9fdbe6e56b0dcf1519,2,M,CF1,0-20%,ORIGINAL_OPERATOR,operator_related,related,False,0,2,2,True,1000000.0,,numeric_robust_z:critical_overlap_fraction+numeric_robust_z:is_fallback,numeric_robust_z:critical_overlap_fraction+numeric_robust_z:is_fallback
CB1_CAUR_M_CF1_RI2_TI2_R12__seed691201__it0000015,CB1_CAUR_M_CF1_RI2_TI2_R12,ts_a95882e3b86d4acd0686,2,M,CF1,0-20%,STRUCTURED_NEAR_NEIGHBOR,near_low_slack,related,False,0,1,1,False,58823.529411764706,,numeric_robust_z:critical_overlap_fraction,numeric_robust_z:critical_overlap_fraction
CB1_CAUR_M_CF1_RI2_TI2_R12__seed691201__it0000015,CB1_CAUR_M_CF1_RI2_TI2_R12,ts_d81efb8b67f065772d8e,2,M,CF1,0-20%,LOCAL_PERTURBATION,one_operation_swap,related,False,0,1,1,False,58823.529411764706,,numeric_robust_z:critical_overlap_fraction,numeric_robust_z:critical_overlap_fraction
CB1_CAUR_M_CF1_RI2_TI2_R12__seed691201__it0000056,CB1_CAUR_M_CF1_RI2_TI2_R12,ts_3688c3181189bdf86b47,2,M,CF1,0-20%,ORIGINAL_OPERATOR,operator_related,related,False,0,1,1,False,1000000.0,,numeric_robust_z:is_fallback,numeric_robust_z:is_fallback
CB1_CAUR_M_CF1_RI2_TI2_R12__seed691201__it0000056,CB1_CAUR_M_CF1_RI2_TI2_R12,ts_7fc1be77be7aa0e46ae6,2,M,CF1,0-20%,STRUCTURED_NEAR_NEIGHBOR,near_low_slack,related,False,0,1,1,False,58823.529411764706,,numeric_robust_z:critical_overlap_fraction,numeric_robust_z:critical_overlap_fraction
CB1_CAUR_M_CF1_RI2_TI2_R12__seed691201__it0000056,CB1_CAUR_M_CF1_RI2_TI2_R12,ts_856f7c5491ee233a3679,2,M,CF1,0-20%,ORIGINAL_OPERATOR,operator_random,random,False,0,1,1,False,58823.529411764706,,numeric_robust_z:critical_overlap_fraction,numeric_robust_z:critical_overlap_fraction
CB1_CAUR_M_CF1_RI2_TI2_R12__seed691201__it0000056,CB1_CAUR_M_CF1_RI2_TI2_R12,ts_961ebe6f09b617b205a2,2,M,CF1,0-20%,RELATED_VARIANT,related_variant_1,related,False,0,1,1,False,58823.529411764706,,numeric_robust_z:critical_overlap_fraction,numeric_robust_z:critical_overlap_fraction
CB1_CAUR_M_CF1_RI2_TI2_R12__seed691201__it0000056,CB1_CAUR_M_CF1_RI2_TI2_R12,ts_9635aaedb8b6b6d0225f,2,M,CF1,0-20%,RELATED_VARIANT,related_variant_4,related,False,0,1,1,False,58823.529411764706,,numeric_robust_z:critical_overlap_fraction,numeric_robust_z:critical_overlap_fraction
CB1_CAUR_M_CF1_RI2_TI2_R12__seed691201__it0000056,CB1_CAUR_M_CF1_RI2_TI2_R12,ts_f2e01ecccca394a52e18,2,M,CF1,0-20%,ORIGINAL_OPERATOR,operator_critical,critical,False,0,1,1,False,58823.529411764706,,numeric_robust_z:critical_overlap_fraction,numeric_robust_z:critical_overlap_fraction
CB1_CAUR_M_CF1_RI2_TI2_R12__seed691201__it0000101,CB1_CAUR_M_CF1_RI2_TI2_R12,ts_0d76a5e77d5b3a5fafa0,2,M,CF1,20-40%,ORIGINAL_OPERATOR,operator_critical,critical,False,0,1,1,False,117647.05882352941,,numeric_robust_z:critical_overlap_fraction,numeric_robust_z:critical_overlap_fraction
CB1_CAUR_M_CF1_RI2_TI2_R12__seed691201__it0000101,CB1_CAUR_M_CF1_RI2_TI2_R12,ts_1d4910ce57f24d51f373,2,M,CF1,20-40%,STRUCTURED_NEAR_NEIGHBOR,near_low_slack,related,False,0,1,1,False,117647.05882352941,,numeric_robust_z:critical_overlap_fraction,numeric_robust_z:critical_overlap_fraction
CB1_CAUR_M_CF1_RI2_TI2_R12__seed691201__it0000101,CB1_CAUR_M_CF1_RI2_TI2_R12,ts_4816fbce0c399b352595,2,M,CF1,20-40%,RELATED_VARIANT,related_variant_2,related,False,0,1,1,False,58823.529411764706,,numeric_robust_z:critical_overlap_fraction,numeric_robust_z:critical_overlap_fraction
CB1_CAUR_M_CF1_RI2_TI2_R12__seed691201__it0000101,CB1_CAUR_M_CF1_RI2_TI2_R12,ts_8dada3b85390f64253d0,2,M,CF1,20-40%,ORIGINAL_OPERATOR,operator_related,related,False,0,1,1,False,1000000.0,,numeric_robust_z:is_fallback,numeric_robust_z:is_fallback
CB1_CAUR_M_CF1_RI2_TI2_R12__seed691201__it0000101,CB1_CAUR_M_CF1_RI2_TI2_R12,ts_b9a52fb01ffeaf1ac17a,2,M,CF1,20-40%,RELATED_VARIANT,related_variant_4,related,False,0,1,1,False,58823.529411764706,,numeric_robust_z:critical_overlap_fraction,numeric_robust_z:critical_overlap_fraction
CB1_CAUR_M_CF1_RI2_TI2_R12__seed691201__it0000101,CB1_CAUR_M_CF1_RI2_TI2_R12,ts_d2db9ce314091b31219f,2,M,CF1,20-40%,MATCHED_RANDOM,matched_random_1,random,False,0,1,1,False,58823.529411764706,,numeric_robust_z:critical_overlap_fraction,numeric_robust_z:critical_overlap_fraction
CB1_CAUR_M_CF1_RI2_TI2_R12__seed691201__it0000141,CB1_CAUR_M_CF1_RI2_TI2_R12,ts_0e45f7da91444ffa7165,2,M,CF1,40-60%,ORIGINAL_OPERATOR,operator_w_bottleneck,w_bottleneck,False,0,1,1,False,58823.529411764706,,numeric_robust_z:critical_overlap_fraction,numeric_robust_z:critical_overlap_fraction
CB1_CAUR_M_CF1_RI2_TI2_R12__seed691201__it0000141,CB1_CAUR_M_CF1_RI2_TI2_R12,ts_1d7615c44c22a450be28,2,M,CF1,40-60%,STRUCTURED_NEAR_NEIGHBOR,near_precedence_neighbor,related,False,0,1,1,False,58823.529411764706,,numeric_robust_z:critical_overlap_fraction,numeric_robust_z:critical_overlap_fraction
CB1_CAUR_M_CF1_RI2_TI2_R12__seed691201__it0000141,CB1_CAUR_M_CF1_RI2_TI2_R12,ts_ab5be700d0f2d49fa858,2,M,CF1,40-60%,RELATED_VARIANT,related_variant_1,related,False,0,1,1,False,1000000.0,,numeric_robust_z:origin_rule_count,numeric_robust_z:origin_rule_count
CB1_CAUR_M_CF1_RI2_TI2_R12__seed691201__it0000141,CB1_CAUR_M_CF1_RI2_TI2_R12,ts_c379a78b80d9be90d7c4,2,M,CF1,40-60%,STRUCTURED_NEAR_NEIGHBOR,near_same_product,related,False,0,1,1,False,58823.529411764706,,numeric_robust_z:critical_overlap_fraction,numeric_robust_z:critical_overlap_fraction
CB1_CAUR_M_CF1_RI2_TI2_R12__seed691201__it0000141,CB1_CAUR_M_CF1_RI2_TI2_R12,ts_d2027a97e63b80a3abc0,2,M,CF1,40-60%,ORIGINAL_OPERATOR,operator_related,related,False,0,1,1,False,1000000.0,,numeric_robust_z:is_fallback,numeric_robust_z:is_fallback
CB1_CAUR_M_CF1_RI2_TI2_R12__seed691201__it0000141,CB1_CAUR_M_CF1_RI2_TI2_R12,ts_e56dd0df778de27719f9,2,M,CF1,40-60%,STRUCTURED_NEAR_NEIGHBOR,near_low_slack,related,False,0,1,1,False,58823.529411764706,,numeric_robust_z:critical_overlap_fraction,numeric_robust_z:critical_overlap_fraction
CB1_CAUR_M_CF1_RI2_TI2_R12__seed691201__it0000141,CB1_CAUR_M_CF1_RI2_TI2_R12,ts_f0aba0b65022356d1b45,2,M,CF1,40-60%,ORIGINAL_OPERATOR,operator_critical,critical,False,0,1,1,False,58823.529411764706,,numeric_robust_z:critical_overlap_fraction,numeric_robust_z:critical_overlap_fraction
CB1_CAUR_M_CF1_RI2_TI2_R12__seed691201__it0000141,CB1_CAUR_M_CF1_RI2_TI2_R12,ts_fa9859c828e0283e8f6f,2,M,CF1,40-60%,ORIGINAL_OPERATOR,operator_f_bottleneck,f_bottleneck,False,0,1,1,False,58823.529411764706,,numeric_robust_z:critical_overlap_fraction,numeric_robust_z:critical_overlap_fraction
CB1_CAUR_M_CF1_RI2_TI2_R12__seed691201__it0000181,CB1_CAUR_M_CF1_RI2_TI2_R12,ts_3d94501b7d90a4445a38,2,M,CF1,40-60%,ORIGINAL_OPERATOR,operator_related,related,False,0,1,1,False,1000000.0,,numeric_robust_z:is_fallback,numeric_robust_z:is_fallback
CB1_CAUR_M_CF1_RI2_TI2_R12__seed691201__it0000181,CB1_CAUR_M_CF1_RI2_TI2_R12,ts_440927957266460a4e36,2,M,CF1,40-60%,ORIGINAL_OPERATOR,operator_critical,critical,False,0,1,1,False,58823.529411764706,,numeric_robust_z:critical_overlap_fraction,numeric_robust_z:critical_overlap_fraction
CB1_CAUR_M_CF1_RI2_TI2_R12__seed691201__it0000181,CB1_CAUR_M_CF1_RI2_TI2_R12,ts_4b6f54d561df52bbcc0d,2,M,CF1,40-60%,RELATED_VARIANT,related_variant_3,related,False,0,1,1,False,1000000.0,,numeric_robust_z:origin_rule_count,numeric_robust_z:origin_rule_count
CB1_CAUR_M_CF1_RI2_TI2_R12__seed691201__it0000181,CB1_CAUR_M_CF1_RI2_TI2_R12,ts_71f371305789dad224af,2,M,CF1,40-60%,STRUCTURED_NEAR_NEIGHBOR,near_low_slack,related,False,0,1,1,False,58823.529411764706,,numeric_robust_z:critical_overlap_fraction,numeric_robust_z:critical_overlap_fraction
CB1_CAUR_M_CF1_RI2_TI2_R12__seed691201__it0000224,CB1_CAUR_M_CF1_RI2_TI2_R12,ts_023c254a51e0c8e158d3,2,M,CF1,60-80%,ORIGINAL_OPERATOR,operator_related,related,False,0,1,1,False,1000000.0,,numeric_robust_z:is_fallback,numeric_robust_z:is_fallback
CB1_CAUR_M_CF1_RI2_TI2_R12__seed691201__it0000224,CB1_CAUR_M_CF1_RI2_TI2_R12,ts_16d886318581af8b00e4,2,M,CF1,60-80%,RELATED_VARIANT,related_variant_4,related,False,0,1,1,False,58823.529411764706,,numeric_robust_z:critical_overlap_fraction,numeric_robust_z:critical_overlap_fraction
CB1_CAUR_M_CF1_RI2_TI2_R12__seed691201__it0000224,CB1_CAUR_M_CF1_RI2_TI2_R12,ts_397ff5750c9f86d08e4a,2,M,CF1,60-80%,ORIGINAL_OPERATOR,operator_random,random,False,0,1,1,False,58823.529411764706,,numeric_robust_z:critical_overlap_fraction,numeric_robust_z:critical_overlap_fraction
CB1_CAUR_M_CF1_RI2_TI2_R12__seed691201__it0000224,CB1_CAUR_M_CF1_RI2_TI2_R12,ts_740d79f6bb58bff75849,2,M,CF1,60-80%,STRUCTURED_NEAR_NEIGHBOR,near_low_slack,related,False,0,1,1,False,58823.529411764706,,numeric_robust_z:critical_overlap_fraction,numeric_robust_z:critical_overlap_fraction
CB1_CAUR_M_CF1_RI2_TI2_R12__seed691201__it0000224,CB1_CAUR_M_CF1_RI2_TI2_R12,ts_7873f1405e6396ea5e9e,2,M,CF1,60-80%,MATCHED_RANDOM,matched_random_2,random,False,0,1,1,False,58823.529411764706,,numeric_robust_z:critical_overlap_fraction,numeric_robust_z:critical_overlap_fraction
CB1_CAUR_M_CF1_RI2_TI2_R12__seed691201__it0000224,CB1_CAUR_M_CF1_RI2_TI2_R12,ts_bd9418ad6e8dd750e741,2,M,CF1,60-80%,ORIGINAL_OPERATOR,operator_critical,critical,False,0,1,1,False,58823.529411764706,,numeric_robust_z:critical_overlap_fraction,numeric_robust_z:critical_overlap_fraction
CB1_CAUR_M_CF1_RI2_TI2_R12__seed691201__it0000266,CB1_CAUR_M_CF1_RI2_TI2_R12,ts_529bbe38c69317b88496,2,M,CF1,80-100%,RELATED_VARIANT,related_variant_2,related,False,0,1,1,False,58823.529411764706,,numeric_robust_z:critical_overlap_fraction,numeric_robust_z:critical_overlap_fraction
CB1_CAUR_M_CF1_RI2_TI2_R12__seed691201__it0000266,CB1_CAUR_M_CF1_RI2_TI2_R12,ts_52f14dbfd41fb401b200,2,M,CF1,80-100%,STRUCTURED_NEAR_NEIGHBOR,near_low_slack,related,False,0,1,1,False,58823.529411764706,,numeric_robust_z:critical_overlap_fraction,numeric_robust_z:critical_overlap_fraction
CB1_CAUR_M_CF1_RI2_TI2_R12__seed691201__it0000266,CB1_CAUR_M_CF1_RI2_TI2_R12,ts_60ed0efcde2488e57d9d,2,M,CF1,80-100%,ORIGINAL_OPERATOR,operator_critical,critical,False,0,1,1,False,58823.529411764706,,numeric_robust_z:critical_overlap_fraction,numeric_robust_z:critical_overlap_fraction
CB1_CAUR_M_CF1_RI2_TI2_R12__seed691201__it0000266,CB1_CAUR_M_CF1_RI2_TI2_R12,ts_7dbcbbb4786cbb9af5f7,2,M,CF1,80-100%,ORIGINAL_OPERATOR,operator_related,related,False,0,1,1,False,1000000.0,,numeric_robust_z:is_fallback,numeric_robust_z:is_fallback
CB1_CAUR_M_CF1_RI2_TI2_R12__seed691201__it0000299,CB1_CAUR_M_CF1_RI2_TI2_R12,ts_1ebd4c605957e7eb36c6,2,M,CF1,80-100%,STRUCTURED_NEAR_NEIGHBOR,near_precedence_neighbor,related,False,0,1,1,False,58823.529411764706,,numeric_robust_z:critical_overlap_fraction,numeric_robust_z:critical_overlap_fraction
CB1_CAUR_M_CF1_RI2_TI2_R12__seed691201__it0000299,CB1_CAUR_M_CF1_RI2_TI2_R12,ts_42bd51a722a0ad1adb3d,2,M,CF1,80-100%,ORIGINAL_OPERATOR,operator_related,related,False,0,1,1,False,1000000.0,,numeric_robust_z:is_fallback,numeric_robust_z:is_fallback
CB1_CAUR_M_CF1_RI2_TI2_R12__seed691201__it0000299,CB1_CAUR_M_CF1_RI2_TI2_R12,ts_875c7679ee6597a8da50,2,M,CF1,80-100%,MATCHED_RANDOM,matched_random_3,random,False,0,1,1,False,58823.529411764706,,numeric_robust_z:critical_overlap_fraction,numeric_robust_z:critical_overlap_fraction
CB1_CAUR_M_CF1_RI2_TI2_R12__seed691201__it0000299,CB1_CAUR_M_CF1_RI2_TI2_R12,ts_8908a78d25b154b74dc2,2,M,CF1,80-100%,ORIGINAL_OPERATOR,operator_critical,critical,False,0,1,1,False,58823.529411764706,,numeric_robust_z:critical_overlap_fraction,numeric_robust_z:critical_overlap_fraction
CB1_CAUR_M_CF1_RI2_TI2_R12__seed691201__it0000299,CB1_CAUR_M_CF1_RI2_TI2_R12,ts_a49fceada49c76a92bdd,2,M,CF1,80-100%,STRUCTURED_NEAR_NEIGHBOR,near_low_slack,related,False,0,1,1,False,58823.529411764706,,numeric_robust_z:critical_overlap_fraction,numeric_robust_z:critical_overlap_fraction
CB1_CAUR_M_CF1_RI2_TI2_R12__seed691201__it0000299,CB1_CAUR_M_CF1_RI2_TI2_R12,ts_cb2a83f6ed95bd46b0bb,2,M,CF1,80-100%,STRUCTURED_NEAR_NEIGHBOR,near_same_product,related,False,0,1,1,False,58823.529411764706,,numeric_robust_z:critical_overlap_fraction,numeric_robust_z:critical_overlap_fraction
CB1_CAUR_M_CF1_RI2_TI2_R12__seed691201__it0000299,CB1_CAUR_M_CF1_RI2_TI2_R12,ts_f832e391c15d6e678a6d,2,M,CF1,80-100%,RELATED_VARIANT,related_variant_1,related,False,0,1,1,False,58823.529411764706,,numeric_robust_z:critical_overlap_fraction,numeric_robust_z:critical_overlap_fraction
CB1_CAUR_M_CF1_RI2_TI2_R12__seed691202__it0000015,CB1_CAUR_M_CF1_RI2_TI2_R12,ts_0f1565a7742ba424d8bc,2,M,CF1,0-20%,ORIGINAL_OPERATOR,operator_critical,critical,False,0,1,1,False,58823.529411764706,,numeric_robust_z:critical_overlap_fraction,numeric_robust_z:critical_overlap_fraction
CB1_CAUR_M_CF1_RI2_TI2_R12__seed691202__it0000015,CB1_CAUR_M_CF1_RI2_TI2_R12,ts_4bcec08be4f872376398,2,M,CF1,0-20%,ORIGINAL_OPERATOR,operator_random,random,False,0,1,1,False,58823.529411764706,,numeric_robust_z:critical_overlap_fraction,numeric_robust_z:critical_overlap_fraction
CB1_CAUR_M_CF1_RI2_TI2_R12__seed691202__it0000015,CB1_CAUR_M_CF1_RI2_TI2_R12,ts_7e10d9333a1782b001af,2,M,CF1,0-20%,RELATED_VARIANT,related_variant_1,related,False,0,1,1,False,58823.529411764706,,numeric_robust_z:critical_overlap_fraction,numeric_robust_z:critical_overlap_fraction
CB1_CAUR_M_CF1_RI2_TI2_R12__seed691202__it0000015,CB1_CAUR_M_CF1_RI2_TI2_R12,ts_b079fd7290d80b249b99,2,M,CF1,0-20%,ORIGINAL_OPERATOR,operator_related,related,False,0,3,3,True,1000000.0,,numeric_robust_z:origin_rule_count+numeric_robust_z:origin_family_count+numeric_robust_z:is_fallback,numeric_robust_z:origin_rule_count+numeric_robust_z:origin_family_count+numeric_robust_z:is_fallback
CB1_CAUR_M_CF1_RI2_TI2_R12__seed691202__it0000015,CB1_CAUR_M_CF1_RI2_TI2_R12,ts_dbb00f0d0be03f9009ba,2,M,CF1,0-20%,STRUCTURED_NEAR_NEIGHBOR,near_low_slack,related,False,0,1,1,False,58823.529411764706,,numeric_robust_z:critical_overlap_fraction,numeric_robust_z:critical_overlap_fraction
CB1_CAUR_M_CF1_RI2_TI2_R12__seed691202__it0000057,CB1_CAUR_M_CF1_RI2_TI2_R12,ts_4619e8600b705e65e7ec,2,M,CF1,0-20%,RELATED_VARIANT,related_variant_4,related,False,0,1,1,False,58823.529411764706,,numeric_robust_z:critical_overlap_fraction,numeric_robust_z:critical_overlap_fraction
CB1_CAUR_M_CF1_RI2_TI2_R12__seed691202__it0000057,CB1_CAUR_M_CF1_RI2_TI2_R12,ts_4fed8fbc2de67ca5690e,2,M,CF1,0-20%,ORIGINAL_OPERATOR,operator_f_bottleneck,f_bottleneck,False,0,1,1,False,58823.529411764706,,numeric_robust_z:critical_overlap_fraction,numeric_robust_z:critical_overlap_fraction
CB1_CAUR_M_CF1_RI2_TI2_R12__seed691202__it0000057,CB1_CAUR_M_CF1_RI2_TI2_R12,ts_537d72788f3b4832cbe7,2,M,CF1,0-20%,STRUCTURED_NEAR_NEIGHBOR,near_low_slack,related,False,0,1,1,False,58823.529411764706,,numeric_robust_z:critical_overlap_fraction,numeric_robust_z:critical_overlap_fraction
CB1_CAUR_M_CF1_RI2_TI2_R12__seed691202__it0000057,CB1_CAUR_M_CF1_RI2_TI2_R12,ts_75d673787ee9d369d0fc,2,M,CF1,0-20%,ORIGINAL_OPERATOR,operator_critical,critical,False,0,1,1,False,58823.529411764706,,numeric_robust_z:critical_overlap_fraction,numeric_robust_z:critical_overlap_fraction
CB1_CAUR_M_CF1_RI2_TI2_R12__seed691202__it0000057,CB1_CAUR_M_CF1_RI2_TI2_R12,ts_798098686eeb9b84a740,2,M,CF1,0-20%,MATCHED_RANDOM,matched_random_1,random,False,0,1,1,False,58823.529411764706,,numeric_robust_z:critical_overlap_fraction,numeric_robust_z:critical_overlap_fraction
CB1_CAUR_M_CF1_RI2_TI2_R12__seed691202__it0000057,CB1_CAUR_M_CF1_RI2_TI2_R12,ts_e2452b121f488a0626cb,2,M,CF1,0-20%,ORIGINAL_OPERATOR,operator_related,related,False,0,1,1,False,1000000.0,,numeric_robust_z:is_fallback,numeric_robust_z:is_fallback
CB1_CAUR_M_CF1_RI2_TI2_R12__seed691202__it0000102,CB1_CAUR_M_CF1_RI2_TI2_R12,ts_09f659f6172447baaf7f,2,M,CF1,20-40%,ORIGINAL_OPERATOR,operator_high_reconfiguration,high_reconfiguration,False,0,1,1,False,58823.529411764706,,numeric_robust_z:critical_overlap_fraction,numeric_robust_z:critical_overlap_fraction
CB1_CAUR_M_CF1_RI2_TI2_R12__seed691202__it0000102,CB1_CAUR_M_CF1_RI2_TI2_R12,ts_1fa43166623bf58ca543,2,M,CF1,20-40%,ORIGINAL_OPERATOR,operator_w_bottleneck,w_bottleneck,False,0,1,1,False,58823.529411764706,,numeric_robust_z:critical_overlap_fraction,numeric_robust_z:critical_overlap_fraction
CB1_CAUR_M_CF1_RI2_TI2_R12__seed691202__it0000102,CB1_CAUR_M_CF1_RI2_TI2_R12,ts_332f76b9c880bdb7d26e,2,M,CF1,20-40%,STRUCTURED_NEAR_NEIGHBOR,near_low_slack,related,False,0,1,1,False,58823.529411764706,,numeric_robust_z:critical_overlap_fraction,numeric_robust_z:critical_overlap_fraction
CB1_CAUR_M_CF1_RI2_TI2_R12__seed691202__it0000102,CB1_CAUR_M_CF1_RI2_TI2_R12,ts_a5b8ffd7a92f5713c770,2,M,CF1,20-40%,ORIGINAL_OPERATOR,operator_critical,critical,False,0,1,1,False,58823.529411764706,,numeric_robust_z:critical_overlap_fraction,numeric_robust_z:critical_overlap_fraction
CB1_CAUR_M_CF1_RI2_TI2_R12__seed691202__it0000102,CB1_CAUR_M_CF1_RI2_TI2_R12,ts_b572b98a0e46351568d2,2,M,CF1,20-40%,ORIGINAL_OPERATOR,operator_random,random,False,0,1,1,False,58823.529411764706,,numeric_robust_z:critical_overlap_fraction,numeric_robust_z:critical_overlap_fraction
CB1_CAUR_M_CF1_RI2_TI2_R12__seed691202__it0000102,CB1_CAUR_M_CF1_RI2_TI2_R12,ts_f38f298fddd56f366b33,2,M,CF1,20-40%,ORIGINAL_OPERATOR,operator_related,related,False,0,1,1,False,1000000.0,,numeric_robust_z:is_fallback,numeric_robust_z:is_fallback
CB1_CAUR_M_CF1_RI2_TI2_R12__seed691202__it0000143,CB1_CAUR_M_CF1_RI2_TI2_R12,ts_0aed3b79ac261258d20d,2,M,CF1,40-60%,STRUCTURED_NEAR_NEIGHBOR,near_low_slack,related,False,0,1,1,False,58823.529411764706,,numeric_robust_z:critical_overlap_fraction,numeric_robust_z:critical_overlap_fraction
CB1_CAUR_M_CF1_RI2_TI2_R12__seed691202__it0000143,CB1_CAUR_M_CF1_RI2_TI2_R12,ts_0f5d1e14cf7711657d9b,2,M,CF1,40-60%,ORIGINAL_OPERATOR,operator_w_bottleneck,w_bottleneck,False,0,1,1,False,58823.529411764706,,numeric_robust_z:critical_overlap_fraction,numeric_robust_z:critical_overlap_fraction
CB1_CAUR_M_CF1_RI2_TI2_R12__seed691202__it0000143,CB1_CAUR_M_CF1_RI2_TI2_R12,ts_2f234ea705bda902a2b3,2,M,CF1,40-60%,MATCHED_RANDOM,matched_random_1,random,False,0,1,1,False,58823.529411764706,,numeric_robust_z:critical_overlap_fraction,numeric_robust_z:critical_overlap_fraction
CB1_CAUR_M_CF1_RI2_TI2_R12__seed691202__it0000143,CB1_CAUR_M_CF1_RI2_TI2_R12,ts_4bd1ce881120429fb1aa,2,M,CF1,40-60%,ORIGINAL_OPERATOR,operator_f_bottleneck,f_bottleneck,False,0,1,1,False,58823.529411764706,,numeric_robust_z:critical_overlap_fraction,numeric_robust_z:critical_overlap_fraction
CB1_CAUR_M_CF1_RI2_TI2_R12__seed691202__it0000143,CB1_CAUR_M_CF1_RI2_TI2_R12,ts_5dbecbc62fa1cdbe20f7,2,M,CF1,40-60%,MATCHED_RANDOM,matched_random_2,random,False,0,1,1,False,58823.529411764706,,numeric_robust_z:critical_overlap_fraction,numeric_robust_z:critical_overlap_fraction
CB1_CAUR_M_CF1_RI2_TI2_R12__seed691202__it0000143,CB1_CAUR_M_CF1_RI2_TI2_R12,ts_68724aecb9553caa47f2,2,M,CF1,40-60%,ORIGINAL_OPERATOR,operator_critical,critical,False,0,1,1,False,58823.529411764706,,numeric_robust_z:critical_overlap_fraction,numeric_robust_z:critical_overlap_fraction
CB1_CAUR_M_CF1_RI2_TI2_R12__seed691202__it0000143,CB1_CAUR_M_CF1_RI2_TI2_R12,ts_c8b07336f0c38e3c3845,2,M,CF1,40-60%,LOCAL_PERTURBATION,related_replace_50,related,False,0,1,1,False,58823.529411764706,,numeric_robust_z:critical_overlap_fraction,numeric_robust_z:critical_overlap_fraction
CB1_CAUR_M_CF1_RI2_TI2_R12__seed691202__it0000143,CB1_CAUR_M_CF1_RI2_TI2_R12,ts_d9d98c4000522f8e3121,2,M,CF1,40-60%,ORIGINAL_OPERATOR,operator_related,related,False,0,1,1,False,1000000.0,,numeric_robust_z:is_fallback,numeric_robust_z:is_fallback
CB1_CAUR_M_CF1_RI2_TI2_R12__seed691202__it0000185,CB1_CAUR_M_CF1_RI2_TI2_R12,ts_03892817bdc83d8bcc50,2,M,CF1,40-60%,STRUCTURED_NEAR_NEIGHBOR,near_low_slack,related,False,0,1,1,False,58823.529411764706,,numeric_robust_z:critical_overlap_fraction,numeric_robust_z:critical_overlap_fraction
CB1_CAUR_M_CF1_RI2_TI2_R12__seed691202__it0000185,CB1_CAUR_M_CF1_RI2_TI2_R12,ts_063ac694d96715ff4b99,2,M,CF1,40-60%,RELATED_VARIANT,related_variant_3,related,False,0,1,1,False,58823.529411764706,,numeric_robust_z:critical_overlap_fraction,numeric_robust_z:critical_overlap_fraction
CB1_CAUR_M_CF1_RI2_TI2_R12__seed691202__it0000185,CB1_CAUR_M_CF1_RI2_TI2_R12,ts_61b2d7fc032133aaf3cb,2,M,CF1,40-60%,ORIGINAL_OPERATOR,operator_random,random,False,0,1,1,False,58823.529411764706,,numeric_robust_z:critical_overlap_fraction,numeric_robust_z:critical_overlap_fraction
CB1_CAUR_M_CF1_RI2_TI2_R12__seed691202__it0000185,CB1_CAUR_M_CF1_RI2_TI2_R12,ts_a0d717ee4513fc3528e9,2,M,CF1,40-60%,ORIGINAL_OPERATOR,operator_related,related,False,0,1,1,False,1000000.0,,numeric_robust_z:is_fallback,numeric_robust_z:is_fallback
CB1_CAUR_M_CF1_RI2_TI2_R12__seed691202__it0000185,CB1_CAUR_M_CF1_RI2_TI2_R12,ts_c0946fd5c0a3cff7c269,2,M,CF1,40-60%,ORIGINAL_OPERATOR,operator_critical,critical,False,0,1,1,False,58823.529411764706,,numeric_robust_z:critical_overlap_fraction,numeric_robust_z:critical_overlap_fraction
CB1_CAUR_M_CF1_RI2_TI2_R12__seed691202__it0000229,CB1_CAUR_M_CF1_RI2_TI2_R12,ts_8182583f336e40405a42,2,M,CF1,60-80%,ORIGINAL_OPERATOR,operator_critical,critical,False,0,1,1,False,58823.529411764706,,numeric_robust_z:critical_overlap_fraction,numeric_robust_z:critical_overlap_fraction
CB1_CAUR_M_CF1_RI2_TI2_R12__seed691202__it0000229,CB1_CAUR_M_CF1_RI2_TI2_R12,ts_91d6cb82735952c4af97,2,M,CF1,60-80%,RELATED_VARIANT,related_variant_3,related,False,0,2,2,True,1000000.0,,numeric_robust_z:origin_rule_count+numeric_robust_z:critical_overlap_fraction,numeric_robust_z:origin_rule_count+numeric_robust_z:critical_overlap_fraction
CB1_CAUR_M_CF1_RI2_TI2_R12__seed691202__it0000229,CB1_CAUR_M_CF1_RI2_TI2_R12,ts_96473a652710032196da,2,M,CF1,60-80%,STRUCTURED_NEAR_NEIGHBOR,near_low_slack,related,False,0,1,1,False,58823.529411764706,,numeric_robust_z:critical_overlap_fraction,numeric_robust_z:critical_overlap_fraction
CB1_CAUR_M_CF1_RI2_TI2_R12__seed691202__it0000229,CB1_CAUR_M_CF1_RI2_TI2_R12,ts_a3b32561772bee67f105,2,M,CF1,60-80%,ORIGINAL_OPERATOR,operator_related,related,False,0,1,1,False,1000000.0,,numeric_robust_z:is_fallback,numeric_robust_z:is_fallback
CB1_CAUR_M_CF1_RI2_TI2_R12__seed691202__it0000229,CB1_CAUR_M_CF1_RI2_TI2_R12,ts_b52848a3018a6f2ed413,2,M,CF1,60-80%,MATCHED_RANDOM,matched_random_1,random,False,0,1,1,False,58823.529411764706,,numeric_robust_z:critical_overlap_fraction,numeric_robust_z:critical_overlap_fraction
CB1_CAUR_M_CF1_RI2_TI2_R12__seed691202__it0000271,CB1_CAUR_M_CF1_RI2_TI2_R12,ts_04cadc695d0979d6ba4f,2,M,CF1,80-100%,ORIGINAL_OPERATOR,operator_related,related,False,0,1,1,False,1000000.0,,numeric_robust_z:is_fallback,numeric_robust_z:is_fallback
CB1_CAUR_M_CF1_RI2_TI2_R12__seed691202__it0000271,CB1_CAUR_M_CF1_RI2_TI2_R12,ts_655148975848b86a2760,2,M,CF1,80-100%,ORIGINAL_OPERATOR,operator_critical,critical,False,0,1,1,False,58823.529411764706,,numeric_robust_z:critical_overlap_fraction,numeric_robust_z:critical_overlap_fraction
CB1_CAUR_M_CF1_RI2_TI2_R12__seed691202__it0000271,CB1_CAUR_M_CF1_RI2_TI2_R12,ts_eb8b1a30fcbde18d41ef,2,M,CF1,80-100%,STRUCTURED_NEAR_NEIGHBOR,near_low_slack,related,False,0,1,1,False,58823.529411764706,,numeric_robust_z:critical_overlap_fraction,numeric_robust_z:critical_overlap_fraction
CB1_CAUR_M_CF1_RI2_TI2_R12__seed691202__it0000303,CB1_CAUR_M_CF1_RI2_TI2_R12,ts_1155aa3b6452aac2948d,2,M,CF1,80-100%,STRUCTURED_NEAR_NEIGHBOR,near_low_slack,related,False,0,1,1,False,58823.529411764706,,numeric_robust_z:critical_overlap_fraction,numeric_robust_z:critical_overlap_fraction
CB1_CAUR_M_CF1_RI2_TI2_R12__seed691202__it0000303,CB1_CAUR_M_CF1_RI2_TI2_R12,ts_2371530e886d0fac7d75,2,M,CF1,80-100%,RELATED_VARIANT,related_variant_2,related,False,0,1,1,False,2000000.0,,numeric_robust_z:origin_rule_count,numeric_robust_z:origin_rule_count
CB1_CAUR_M_CF1_RI2_TI2_R12__seed691202__it0000303,CB1_CAUR_M_CF1_RI2_TI2_R12,ts_8b6f7c63fd62a2d13a98,2,M,CF1,80-100%,MATCHED_RANDOM,matched_random_1,random,True,0,1,1,False,58823.529411764706,,numeric_robust_z:critical_overlap_fraction,numeric_robust_z:critical_overlap_fraction
CB1_CAUR_M_CF1_RI2_TI2_R12__seed691202__it0000303,CB1_CAUR_M_CF1_RI2_TI2_R12,ts_b2179dfd8f88517e7919,2,M,CF1,80-100%,ORIGINAL_OPERATOR,operator_related,related,False,0,1,1,False,1000000.0,,numeric_robust_z:is_fallback,numeric_robust_z:is_fallback
CB1_CAUR_M_CF1_RI2_TI2_R12__seed691202__it0000303,CB1_CAUR_M_CF1_RI2_TI2_R12,ts_bc8c162fb7675bc45127,2,M,CF1,80-100%,ORIGINAL_OPERATOR,operator_critical,critical,False,0,1,1,False,58823.529411764706,,numeric_robust_z:critical_overlap_fraction,numeric_robust_z:critical_overlap_fraction
CB1_CAUR_M_CF2_RI2_TI2_R12_C02__seed691201__it0000013,CB1_CAUR_M_CF2_RI2_TI2_R12_C02,ts_01a597425f79e5e55bf7,0,M,CF2,0-20%,LOCAL_PERTURBATION,one_operation_swap,related,False,0,1,1,False,52631.57894736842,,numeric_robust_z:critical_overlap_fraction,numeric_robust_z:critical_overlap_fraction
CB1_CAUR_M_CF2_RI2_TI2_R12_C02__seed691201__it0000013,CB1_CAUR_M_CF2_RI2_TI2_R12_C02,ts_290ed8f006810d236d46,0,M,CF2,0-20%,LOCAL_PERTURBATION,two_operation_swap,related,False,0,1,1,False,105263.15789473684,,numeric_robust_z:critical_overlap_fraction,numeric_robust_z:critical_overlap_fraction
CB1_CAUR_M_CF2_RI2_TI2_R12_C02__seed691201__it0000013,CB1_CAUR_M_CF2_RI2_TI2_R12_C02,ts_43fd4c8366aeef08a71d,0,M,CF2,0-20%,STRUCTURED_NEAR_NEIGHBOR,near_high_W_delay,related,True,0,1,1,False,52631.57894736842,,numeric_robust_z:critical_overlap_fraction,numeric_robust_z:critical_overlap_fraction
CB1_CAUR_M_CF2_RI2_TI2_R12_C02__seed691201__it0000013,CB1_CAUR_M_CF2_RI2_TI2_R12_C02,ts_4496fa10fbc258ff3c39,0,M,CF2,0-20%,STRUCTURED_NEAR_NEIGHBOR,near_low_slack,related,False,0,1,1,False,105263.15789473684,,numeric_robust_z:critical_overlap_fraction,numeric_robust_z:critical_overlap_fraction
CB1_CAUR_M_CF2_RI2_TI2_R12_C02__seed691201__it0000013,CB1_CAUR_M_CF2_RI2_TI2_R12_C02,ts_57026a4b34d925fd80e6,0,M,CF2,0-20%,STRUCTURED_NEAR_NEIGHBOR,near_same_product,related,False,0,1,1,False,52631.57894736842,,numeric_robust_z:critical_overlap_fraction,numeric_robust_z:critical_overlap_fraction
CB1_CAUR_M_CF2_RI2_TI2_R12_C02__seed691201__it0000013,CB1_CAUR_M_CF2_RI2_TI2_R12_C02,ts_575f71d0f1f3e32c0c9c,0,M,CF2,0-20%,LOCAL_PERTURBATION,related_replace_25,related,False,0,1,1,False,52631.57894736842,,numeric_robust_z:critical_overlap_fraction,numeric_robust_z:critical_overlap_fraction
CB1_CAUR_M_CF2_RI2_TI2_R12_C02__seed691201__it0000013,CB1_CAUR_M_CF2_RI2_TI2_R12_C02,ts_b79a3def0916204818fe,0,M,CF2,0-20%,ORIGINAL_OPERATOR,operator_related,related,False,0,4,4,True,1000000.0,,numeric_robust_z:origin_rule_count+numeric_robust_z:origin_family_count+numeric_robust_z:critical_overlap_fraction+numeric_robust_z:is_fallback,numeric_robust_z:origin_rule_count+numeric_robust_z:origin_family_count+numeric_robust_z:critical_overlap_fraction+numeric_robust_z:is_fallback
CB1_CAUR_M_CF2_RI2_TI2_R12_C02__seed691201__it0000013,CB1_CAUR_M_CF2_RI2_TI2_R12_C02,ts_dac0cfc53332b71fb407,0,M,CF2,0-20%,RELATED_VARIANT,related_variant_3,related,False,0,1,1,False,52631.57894736842,,numeric_robust_z:critical_overlap_fraction,numeric_robust_z:critical_overlap_fraction
CB1_CAUR_M_CF2_RI2_TI2_R12_C02__seed691201__it0000013,CB1_CAUR_M_CF2_RI2_TI2_R12_C02,ts_ed76379c204dc28d0647,0,M,CF2,0-20%,ORIGINAL_OPERATOR,operator_critical,critical,False,0,1,1,False,105263.15789473684,,numeric_robust_z:critical_overlap_fraction,numeric_robust_z:critical_overlap_fraction
CB1_CAUR_M_CF2_RI2_TI2_R12_C02__seed691201__it0000054,CB1_CAUR_M_CF2_RI2_TI2_R12_C02,ts_1e762cc610a8514978b9,0,M,CF2,0-20%,ORIGINAL_OPERATOR,operator_critical,critical,False,0,1,1,False,52631.57894736842,,numeric_robust_z:critical_overlap_fraction,numeric_robust_z:critical_overlap_fraction
CB1_CAUR_M_CF2_RI2_TI2_R12_C02__seed691201__it0000054,CB1_CAUR_M_CF2_RI2_TI2_R12_C02,ts_39a30f57509dfd4c8cdb,0,M,CF2,0-20%,STRUCTURED_NEAR_NEIGHBOR,near_low_slack,related,False,0,1,1,False,52631.57894736842,,numeric_robust_z:critical_overlap_fraction,numeric_robust_z:critical_overlap_fraction
CB1_CAUR_M_CF2_RI2_TI2_R12_C02__seed691201__it0000054,CB1_CAUR_M_CF2_RI2_TI2_R12_C02,ts_c0d6f71505e1fc791be1,0,M,CF2,0-20%,ORIGINAL_OPERATOR,operator_related,related,False,0,1,1,False,1000000.0,,numeric_robust_z:is_fallback,numeric_robust_z:is_fallback
CB1_CAUR_M_CF2_RI2_TI2_R12_C02__seed691201__it0000098,CB1_CAUR_M_CF2_RI2_TI2_R12_C02,ts_ce47386b89050d975941,0,M,CF2,20-40%,STRUCTURED_NEAR_NEIGHBOR,near_low_slack,related,False,0,1,1,False,52631.57894736842,,numeric_robust_z:critical_overlap_fraction,numeric_robust_z:critical_overlap_fraction
CB1_CAUR_M_CF2_RI2_TI2_R12_C02__seed691201__it0000098,CB1_CAUR_M_CF2_RI2_TI2_R12_C02,ts_e020f35f00c046978aa1,0,M,CF2,20-40%,ORIGINAL_OPERATOR,operator_related,related,False,0,1,1,False,1000000.0,,numeric_robust_z:is_fallback,numeric_robust_z:is_fallback
CB1_CAUR_M_CF2_RI2_TI2_R12_C02__seed691201__it0000098,CB1_CAUR_M_CF2_RI2_TI2_R12_C02,ts_ec22d0effec5be373434,0,M,CF2,20-40%,ORIGINAL_OPERATOR,operator_critical,critical,False,0,1,1,False,52631.57894736842,,numeric_robust_z:critical_overlap_fraction,numeric_robust_z:critical_overlap_fraction
CB1_CAUR_M_CF2_RI2_TI2_R12_C02__seed691201__it0000138,CB1_CAUR_M_CF2_RI2_TI2_R12_C02,ts_0b3ab6303adf78f88395,0,M,CF2,40-60%,ORIGINAL_OPERATOR,operator_related,related,False,0,2,2,True,1000000.0,,numeric_robust_z:critical_overlap_fraction+numeric_robust_z:is_fallback,numeric_robust_z:critical_overlap_fraction+numeric_robust_z:is_fallback
CB1_CAUR_M_CF2_RI2_TI2_R12_C02__seed691201__it0000138,CB1_CAUR_M_CF2_RI2_TI2_R12_C02,ts_81113acbab225a73e57a,0,M,CF2,40-60%,ORIGINAL_OPERATOR,operator_critical,critical,False,0,1,1,False,52631.57894736842,,numeric_robust_z:critical_overlap_fraction,numeric_robust_z:critical_overlap_fraction
CB1_CAUR_M_CF2_RI2_TI2_R12_C02__seed691201__it0000138,CB1_CAUR_M_CF2_RI2_TI2_R12_C02,ts_881d1a8d901a98d352ea,0,M,CF2,40-60%,STRUCTURED_NEAR_NEIGHBOR,near_high_W_delay,related,True,0,1,1,False,52631.57894736842,,numeric_robust_z:critical_overlap_fraction,numeric_robust_z:critical_overlap_fraction
CB1_CAUR_M_CF2_RI2_TI2_R12_C02__seed691201__it0000138,CB1_CAUR_M_CF2_RI2_TI2_R12_C02,ts_8d300e5c1ec41066e89f,0,M,CF2,40-60%,STRUCTURED_NEAR_NEIGHBOR,near_low_slack,related,False,0,1,1,False,52631.57894736842,,numeric_robust_z:critical_overlap_fraction,numeric_robust_z:critical_overlap_fraction
CB1_CAUR_M_CF2_RI2_TI2_R12_C02__seed691201__it0000138,CB1_CAUR_M_CF2_RI2_TI2_R12_C02,ts_a3feda13bfc082b6f6e9,0,M,CF2,40-60%,LOCAL_PERTURBATION,two_operation_swap,related,False,0,1,1,False,52631.57894736842,,numeric_robust_z:critical_overlap_fraction,numeric_robust_z:critical_overlap_fraction
CB1_CAUR_M_CF2_RI2_TI2_R12_C02__seed691201__it0000138,CB1_CAUR_M_CF2_RI2_TI2_R12_C02,ts_c361562926a3b9015650,0,M,CF2,40-60%,STRUCTURED_NEAR_NEIGHBOR,near_same_island_chain,related,False,0,1,1,False,52631.57894736842,,numeric_robust_z:critical_overlap_fraction,numeric_robust_z:critical_overlap_fraction
CB1_CAUR_M_CF2_RI2_TI2_R12_C02__seed691201__it0000138,CB1_CAUR_M_CF2_RI2_TI2_R12_C02,ts_d02371b8db3990b20d6b,0,M,CF2,40-60%,STRUCTURED_NEAR_NEIGHBOR,near_high_F_delay,related,False,0,1,1,False,52631.57894736842,,numeric_robust_z:critical_overlap_fraction,numeric_robust_z:critical_overlap_fraction
CB1_CAUR_M_CF2_RI2_TI2_R12_C02__seed691201__it0000138,CB1_CAUR_M_CF2_RI2_TI2_R12_C02,ts_dc117eb6e34c9cf050b5,0,M,CF2,40-60%,LOCAL_PERTURBATION,one_operation_swap,related,False,0,1,1,False,52631.57894736842,,numeric_robust_z:critical_overlap_fraction,numeric_robust_z:critical_overlap_fraction
CB1_CAUR_M_CF2_RI2_TI2_R12_C02__seed691201__it0000138,CB1_CAUR_M_CF2_RI2_TI2_R12_C02,ts_f22d958737ce0834ac3d,0,M,CF2,40-60%,LOCAL_PERTURBATION,related_replace_25,related,False,0,1,1,False,52631.57894736842,,numeric_robust_z:critical_overlap_fraction,numeric_robust_z:critical_overlap_fraction
CB1_CAUR_M_CF2_RI2_TI2_R12_C02__seed691201__it0000179,CB1_CAUR_M_CF2_RI2_TI2_R12_C02,ts_21df994485ca8cc4c9a8,0,M,CF2,40-60%,ORIGINAL_OPERATOR,operator_related,related,False,0,1,1,False,1000000.0,,numeric_robust_z:is_fallback,numeric_robust_z:is_fallback
CB1_CAUR_M_CF2_RI2_TI2_R12_C02__seed691201__it0000179,CB1_CAUR_M_CF2_RI2_TI2_R12_C02,ts_6c57fb5f62ce4f82b105,0,M,CF2,40-60%,ORIGINAL_OPERATOR,operator_critical,critical,False,0,1,1,False,52631.57894736842,,numeric_robust_z:critical_overlap_fraction,numeric_robust_z:critical_overlap_fraction
CB1_CAUR_M_CF2_RI2_TI2_R12_C02__seed691201__it0000179,CB1_CAUR_M_CF2_RI2_TI2_R12_C02,ts_f7d4ce1cc26fbd321bdc,0,M,CF2,40-60%,STRUCTURED_NEAR_NEIGHBOR,near_low_slack,related,False,0,1,1,False,52631.57894736842,,numeric_robust_z:critical_overlap_fraction,numeric_robust_z:critical_overlap_fraction
CB1_CAUR_M_CF2_RI2_TI2_R12_C02__seed691201__it0000222,CB1_CAUR_M_CF2_RI2_TI2_R12_C02,ts_2abff5d0e241999fd730,0,M,CF2,60-80%,ORIGINAL_OPERATOR,operator_random,random,False,0,1,1,False,52631.57894736842,,numeric_robust_z:critical_overlap_fraction,numeric_robust_z:critical_overlap_fraction
CB1_CAUR_M_CF2_RI2_TI2_R12_C02__seed691201__it0000222,CB1_CAUR_M_CF2_RI2_TI2_R12_C02,ts_32b14cb4026a954898c8,0,M,CF2,60-80%,ORIGINAL_OPERATOR,operator_critical,critical,False,0,1,1,False,52631.57894736842,,numeric_robust_z:critical_overlap_fraction,numeric_robust_z:critical_overlap_fraction
CB1_CAUR_M_CF2_RI2_TI2_R12_C02__seed691201__it0000222,CB1_CAUR_M_CF2_RI2_TI2_R12_C02,ts_4bdb83256947332c372c,0,M,CF2,60-80%,STRUCTURED_NEAR_NEIGHBOR,near_low_slack,related,False,0,1,1,False,52631.57894736842,,numeric_robust_z:critical_overlap_fraction,numeric_robust_z:critical_overlap_fraction
CB1_CAUR_M_CF2_RI2_TI2_R12_C02__seed691201__it0000222,CB1_CAUR_M_CF2_RI2_TI2_R12_C02,ts_ff6fbf956a7f3ea6e430,0,M,CF2,60-80%,ORIGINAL_OPERATOR,operator_related,related,False,0,1,1,False,1000000.0,,numeric_robust_z:is_fallback,numeric_robust_z:is_fallback
CB1_CAUR_M_CF2_RI2_TI2_R12_C02__seed691201__it0000262,CB1_CAUR_M_CF2_RI2_TI2_R12_C02,ts_2972cdf4121c6a6ceb29,0,M,CF2,80-100%,STRUCTURED_NEAR_NEIGHBOR,near_low_slack,related,False,0,1,1,False,52631.57894736842,,numeric_robust_z:critical_overlap_fraction,numeric_robust_z:critical_overlap_fraction
CB1_CAUR_M_CF2_RI2_TI2_R12_C02__seed691201__it0000262,CB1_CAUR_M_CF2_RI2_TI2_R12_C02,ts_5a1a4e4a16800bce768f,0,M,CF2,80-100%,ORIGINAL_OPERATOR,operator_related,related,False,0,1,1,False,1000000.0,,numeric_robust_z:is_fallback,numeric_robust_z:is_fallback
CB1_CAUR_M_CF2_RI2_TI2_R12_C02__seed691201__it0000262,CB1_CAUR_M_CF2_RI2_TI2_R12_C02,ts_b4c988b71087de1a362f,0,M,CF2,80-100%,ORIGINAL_OPERATOR,operator_critical,critical,False,0,1,1,False,52631.57894736842,,numeric_robust_z:critical_overlap_fraction,numeric_robust_z:critical_overlap_fraction
CB1_CAUR_M_CF2_RI2_TI2_R12_C02__seed691201__it0000292,CB1_CAUR_M_CF2_RI2_TI2_R12_C02,ts_24a6f704a863a67c5b46,0,M,CF2,80-100%,STRUCTURED_NEAR_NEIGHBOR,near_low_slack,related,False,0,1,1,False,52631.57894736842,,numeric_robust_z:critical_overlap_fraction,numeric_robust_z:critical_overlap_fraction
CB1_CAUR_M_CF2_RI2_TI2_R12_C02__seed691201__it0000292,CB1_CAUR_M_CF2_RI2_TI2_R12_C02,ts_7bc49fc1504c0f9d198f,0,M,CF2,80-100%,ORIGINAL_OPERATOR,operator_related,related,False,0,1,1,False,1000000.0,,numeric_robust_z:is_fallback,numeric_robust_z:is_fallback
CB1_CAUR_M_CF2_RI2_TI2_R12_C02__seed691201__it0000292,CB1_CAUR_M_CF2_RI2_TI2_R12_C02,ts_9cbf44a3f075bd21c290,0,M,CF2,80-100%,ORIGINAL_OPERATOR,operator_critical,critical,False,0,1,1,False,52631.57894736842,,numeric_robust_z:critical_overlap_fraction,numeric_robust_z:critical_overlap_fraction
CB1_CAUR_M_CF2_RI2_TI2_R12_C02__seed691201__it0000292,CB1_CAUR_M_CF2_RI2_TI2_R12_C02,ts_d92fc30c56bd1c50ba13,0,M,CF2,80-100%,ORIGINAL_OPERATOR,operator_w_bottleneck,w_bottleneck,False,0,1,1,False,52631.57894736842,,numeric_robust_z:critical_overlap_fraction,numeric_robust_z:critical_overlap_fraction
CB1_CAUR_M_CF2_RI2_TI2_R12_C02__seed691202__it0000014,CB1_CAUR_M_CF2_RI2_TI2_R12_C02,ts_501eacff8e00176c421e,0,M,CF2,0-20%,ORIGINAL_OPERATOR,operator_critical,critical,False,0,1,1,False,52631.57894736842,,numeric_robust_z:critical_overlap_fraction,numeric_robust_z:critical_overlap_fraction
CB1_CAUR_M_CF2_RI2_TI2_R12_C02__seed691202__it0000014,CB1_CAUR_M_CF2_RI2_TI2_R12_C02,ts_6ee685b0879d6507a10c,0,M,CF2,0-20%,ORIGINAL_OPERATOR,operator_related,related,False,0,1,1,False,1000000.0,,numeric_robust_z:is_fallback,numeric_robust_z:is_fallback
CB1_CAUR_M_CF2_RI2_TI2_R12_C02__seed691202__it0000014,CB1_CAUR_M_CF2_RI2_TI2_R12_C02,ts_d56df1986f979a59d8fc,0,M,CF2,0-20%,STRUCTURED_NEAR_NEIGHBOR,near_low_slack,related,False,0,1,1,False,52631.57894736842,,numeric_robust_z:critical_overlap_fraction,numeric_robust_z:critical_overlap_fraction
CB1_CAUR_M_CF2_RI2_TI2_R12_C02__seed691202__it0000054,CB1_CAUR_M_CF2_RI2_TI2_R12_C02,ts_1a88cb8a3f7058542cac,0,M,CF2,0-20%,STRUCTURED_NEAR_NEIGHBOR,near_high_F_delay,related,False,0,1,1,False,52631.57894736842,,numeric_robust_z:critical_overlap_fraction,numeric_robust_z:critical_overlap_fraction
CB1_CAUR_M_CF2_RI2_TI2_R12_C02__seed691202__it0000054,CB1_CAUR_M_CF2_RI2_TI2_R12_C02,ts_292a55718b63a33ace5b,0,M,CF2,0-20%,LOCAL_PERTURBATION,one_operation_swap,related,False,0,1,1,False,105263.15789473684,,numeric_robust_z:critical_overlap_fraction,numeric_robust_z:critical_overlap_fraction
CB1_CAUR_M_CF2_RI2_TI2_R12_C02__seed691202__it0000054,CB1_CAUR_M_CF2_RI2_TI2_R12_C02,ts_30060c0ebe2dd0abe944,0,M,CF2,0-20%,ORIGINAL_OPERATOR,operator_high_reconfiguration,high_reconfiguration,True,0,1,1,False,52631.57894736842,,numeric_robust_z:critical_overlap_fraction,numeric_robust_z:critical_overlap_fraction
CB1_CAUR_M_CF2_RI2_TI2_R12_C02__seed691202__it0000054,CB1_CAUR_M_CF2_RI2_TI2_R12_C02,ts_4498edecb7f8afcdbc4f,0,M,CF2,0-20%,ORIGINAL_OPERATOR,operator_related,related,False,0,2,2,True,1000000.0,,numeric_robust_z:critical_overlap_fraction+numeric_robust_z:is_fallback,numeric_robust_z:critical_overlap_fraction+numeric_robust_z:is_fallback
CB1_CAUR_M_CF2_RI2_TI2_R12_C02__seed691202__it0000054,CB1_CAUR_M_CF2_RI2_TI2_R12_C02,ts_5dd26d02dad6fc2d3801,0,M,CF2,0-20%,STRUCTURED_NEAR_NEIGHBOR,near_same_product,related,False,0,1,1,False,105263.15789473684,,numeric_robust_z:critical_overlap_fraction,numeric_robust_z:critical_overlap_fraction
CB1_CAUR_M_CF2_RI2_TI2_R12_C02__seed691202__it0000054,CB1_CAUR_M_CF2_RI2_TI2_R12_C02,ts_6b6580c02484901bd54f,0,M,CF2,0-20%,STRUCTURED_NEAR_NEIGHBOR,near_precedence_neighbor,related,False,0,1,1,False,105263.15789473684,,numeric_robust_z:critical_overlap_fraction,numeric_robust_z:critical_overlap_fraction
CB1_CAUR_M_CF2_RI2_TI2_R12_C02__seed691202__it0000054,CB1_CAUR_M_CF2_RI2_TI2_R12_C02,ts_6f2a5cbba6b04e9596fa,0,M,CF2,0-20%,ORIGINAL_OPERATOR,operator_random,random,False,0,1,1,False,52631.57894736842,,numeric_robust_z:critical_overlap_fraction,numeric_robust_z:critical_overlap_fraction
CB1_CAUR_M_CF2_RI2_TI2_R12_C02__seed691202__it0000054,CB1_CAUR_M_CF2_RI2_TI2_R12_C02,ts_77e7751e7ca22c0e3a02,0,M,CF2,0-20%,LOCAL_PERTURBATION,related_replace_25,related,False,0,1,1,False,105263.15789473684,,numeric_robust_z:critical_overlap_fraction,numeric_robust_z:critical_overlap_fraction
CB1_CAUR_M_CF2_RI2_TI2_R12_C02__seed691202__it0000054,CB1_CAUR_M_CF2_RI2_TI2_R12_C02,ts_7a954ddf842ab292c364,0,M,CF2,0-20%,STRUCTURED_NEAR_NEIGHBOR,near_same_island_chain,related,False,0,1,1,False,105263.15789473684,,numeric_robust_z:critical_overlap_fraction,numeric_robust_z:critical_overlap_fraction
CB1_CAUR_M_CF2_RI2_TI2_R12_C02__seed691202__it0000054,CB1_CAUR_M_CF2_RI2_TI2_R12_C02,ts_967d4c5378cc88d9fee8,0,M,CF2,0-20%,LOCAL_PERTURBATION,two_operation_swap,related,False,0,1,1,False,105263.15789473684,,numeric_robust_z:critical_overlap_fraction,numeric_robust_z:critical_overlap_fraction
CB1_CAUR_M_CF2_RI2_TI2_R12_C02__seed691202__it0000054,CB1_CAUR_M_CF2_RI2_TI2_R12_C02,ts_b8e62b884763a3991221,0,M,CF2,0-20%,ORIGINAL_OPERATOR,operator_critical,critical,False,0,2,2,True,105263.15789473684,,numeric_robust_z:critical_overlap_fraction+numeric_robust_z:bottleneck_overlap_fraction,numeric_robust_z:critical_overlap_fraction+numeric_robust_z:bottleneck_overlap_fraction
CB1_CAUR_M_CF2_RI2_TI2_R12_C02__seed691202__it0000054,CB1_CAUR_M_CF2_RI2_TI2_R12_C02,ts_bda6181d9a871fa75ff7,0,M,CF2,0-20%,STRUCTURED_NEAR_NEIGHBOR,near_low_slack,related,False,0,2,2,True,105263.15789473684,,numeric_robust_z:critical_overlap_fraction+numeric_robust_z:bottleneck_overlap_fraction,numeric_robust_z:critical_overlap_fraction+numeric_robust_z:bottleneck_overlap_fraction
CB1_CAUR_M_CF2_RI2_TI2_R12_C02__seed691202__it0000098,CB1_CAUR_M_CF2_RI2_TI2_R12_C02,ts_1b22461ea64273edf932,0,M,CF2,20-40%,STRUCTURED_NEAR_NEIGHBOR,near_low_slack,related,False,0,1,1,False,52631.57894736842,,numeric_robust_z:critical_overlap_fraction,numeric_robust_z:critical_overlap_fraction
CB1_CAUR_M_CF2_RI2_TI2_R12_C02__seed691202__it0000098,CB1_CAUR_M_CF2_RI2_TI2_R12_C02,ts_76115186ca2cd9bc5ff6,0,M,CF2,20-40%,ORIGINAL_OPERATOR,operator_critical,critical,False,0,1,1,False,52631.57894736842,,numeric_robust_z:critical_overlap_fraction,numeric_robust_z:critical_overlap_fraction
CB1_CAUR_M_CF2_RI2_TI2_R12_C02__seed691202__it0000098,CB1_CAUR_M_CF2_RI2_TI2_R12_C02,ts_cb90c8b71ae6754d865e,0,M,CF2,20-40%,ORIGINAL_OPERATOR,operator_related,related,False,0,1,1,False,1000000.0,,numeric_robust_z:is_fallback,numeric_robust_z:is_fallback
CB1_CAUR_M_CF2_RI2_TI2_R12_C02__seed691202__it0000137,CB1_CAUR_M_CF2_RI2_TI2_R12_C02,ts_1f55e11be35a587f1538,0,M,CF2,40-60%,RELATED_VARIANT,related_variant_1,related,False,0,1,1,False,52631.57894736842,,numeric_robust_z:critical_overlap_fraction,numeric_robust_z:critical_overlap_fraction
CB1_CAUR_M_CF2_RI2_TI2_R12_C02__seed691202__it0000137,CB1_CAUR_M_CF2_RI2_TI2_R12_C02,ts_3fe8cb19c30fd273dfba,0,M,CF2,40-60%,ORIGINAL_OPERATOR,operator_related,related,False,0,1,1,False,1000000.0,,numeric_robust_z:is_fallback,numeric_robust_z:is_fallback
CB1_CAUR_M_CF2_RI2_TI2_R12_C02__seed691202__it0000137,CB1_CAUR_M_CF2_RI2_TI2_R12_C02,ts_4c2bd004c760087668fe,0,M,CF2,40-60%,ORIGINAL_OPERATOR,operator_critical,critical,False,0,2,2,True,105263.15789473684,,numeric_robust_z:critical_overlap_fraction+numeric_robust_z:bottleneck_overlap_fraction,numeric_robust_z:critical_overlap_fraction+numeric_robust_z:bottleneck_overlap_fraction
CB1_CAUR_M_CF2_RI2_TI2_R12_C02__seed691202__it0000137,CB1_CAUR_M_CF2_RI2_TI2_R12_C02,ts_5d62876042675d8d9e57,0,M,CF2,40-60%,STRUCTURED_NEAR_NEIGHBOR,near_low_slack,related,False,0,1,1,False,105263.15789473684,,numeric_robust_z:critical_overlap_fraction,numeric_robust_z:critical_overlap_fraction
CB1_CAUR_M_CF2_RI2_TI2_R12_C02__seed691202__it0000137,CB1_CAUR_M_CF2_RI2_TI2_R12_C02,ts_908dbf3d6e6ad34cfc27,0,M,CF2,40-60%,MATCHED_RANDOM,matched_random_1,random,False,0,2,2,True,52631.57894736842,,numeric_robust_z:critical_overlap_fraction+numeric_robust_z:bottleneck_overlap_fraction,numeric_robust_z:critical_overlap_fraction+numeric_robust_z:bottleneck_overlap_fraction
CB1_CAUR_M_CF2_RI2_TI2_R12_C02__seed691202__it0000137,CB1_CAUR_M_CF2_RI2_TI2_R12_C02,ts_a40a3e3e90e168259b5b,0,M,CF2,40-60%,MATCHED_RANDOM,matched_random_2,random,False,0,1,1,False,52631.57894736842,,numeric_robust_z:critical_overlap_fraction,numeric_robust_z:critical_overlap_fraction
CB1_CAUR_M_CF2_RI2_TI2_R12_C02__seed691202__it0000177,CB1_CAUR_M_CF2_RI2_TI2_R12_C02,ts_19c507e3513700fc5b82,0,M,CF2,40-60%,ORIGINAL_OPERATOR,operator_critical,critical,False,0,1,1,False,52631.57894736842,,numeric_robust_z:critical_overlap_fraction,numeric_robust_z:critical_overlap_fraction
CB1_CAUR_M_CF2_RI2_TI2_R12_C02__seed691202__it0000177,CB1_CAUR_M_CF2_RI2_TI2_R12_C02,ts_5bc225703d30abdb1456,0,M,CF2,40-60%,ORIGINAL_OPERATOR,operator_high_reconfiguration,high_reconfiguration,False,0,1,1,False,52631.57894736842,,numeric_robust_z:critical_overlap_fraction,numeric_robust_z:critical_overlap_fraction
CB1_CAUR_M_CF2_RI2_TI2_R12_C02__seed691202__it0000177,CB1_CAUR_M_CF2_RI2_TI2_R12_C02,ts_c32cb892a04a6d4a63c0,0,M,CF2,40-60%,STRUCTURED_NEAR_NEIGHBOR,near_low_slack,related,False,0,1,1,False,52631.57894736842,,numeric_robust_z:critical_overlap_fraction,numeric_robust_z:critical_overlap_fraction
CB1_CAUR_M_CF2_RI2_TI2_R12_C02__seed691202__it0000177,CB1_CAUR_M_CF2_RI2_TI2_R12_C02,ts_da493b487fad25a16972,0,M,CF2,40-60%,ORIGINAL_OPERATOR,operator_related,related,False,0,3,3,True,1000000.0,,numeric_robust_z:origin_rule_count+numeric_robust_z:origin_family_count+numeric_robust_z:is_fallback,numeric_robust_z:origin_rule_count+numeric_robust_z:origin_family_count+numeric_robust_z:is_fallback
CB1_CAUR_M_CF2_RI2_TI2_R12_C02__seed691202__it0000177,CB1_CAUR_M_CF2_RI2_TI2_R12_C02,ts_ddb10e444a5e4ba4a9a0,0,M,CF2,40-60%,MATCHED_RANDOM,matched_random_3,random,False,0,1,1,False,52631.57894736842,,numeric_robust_z:critical_overlap_fraction,numeric_robust_z:critical_overlap_fraction
CB1_CAUR_M_CF2_RI2_TI2_R12_C02__seed691202__it0000220,CB1_CAUR_M_CF2_RI2_TI2_R12_C02,ts_070950250c5120229ee1,0,M,CF2,60-80%,STRUCTURED_NEAR_NEIGHBOR,near_same_island_chain,related,False,0,1,1,False,52631.57894736842,,numeric_robust_z:critical_overlap_fraction,numeric_robust_z:critical_overlap_fraction
CB1_CAUR_M_CF2_RI2_TI2_R12_C02__seed691202__it0000220,CB1_CAUR_M_CF2_RI2_TI2_R12_C02,ts_d101f141d31b0afbd48d,0,M,CF2,60-80%,ORIGINAL_OPERATOR,operator_related,related,False,0,1,1,False,1000000.0,,numeric_robust_z:is_fallback,numeric_robust_z:is_fallback
CB1_CAUR_M_CF2_RI2_TI2_R12_C02__seed691202__it0000220,CB1_CAUR_M_CF2_RI2_TI2_R12_C02,ts_d21febf477f5757830c1,0,M,CF2,60-80%,ORIGINAL_OPERATOR,operator_critical,critical,False,0,1,1,False,105263.15789473684,,numeric_robust_z:critical_overlap_fraction,numeric_robust_z:critical_overlap_fraction
CB1_CAUR_M_CF2_RI2_TI2_R12_C02__seed691202__it0000220,CB1_CAUR_M_CF2_RI2_TI2_R12_C02,ts_eedba2e1a6e5f6f05629,0,M,CF2,60-80%,STRUCTURED_NEAR_NEIGHBOR,near_low_slack,related,False,0,1,1,False,105263.15789473684,,numeric_robust_z:critical_overlap_fraction,numeric_robust_z:critical_overlap_fraction
CB1_CAUR_M_CF2_RI2_TI2_R12_C02__seed691202__it0000261,CB1_CAUR_M_CF2_RI2_TI2_R12_C02,ts_070f3cc94f327f44c863,0,M,CF2,80-100%,ORIGINAL_OPERATOR,operator_f_bottleneck,f_bottleneck,False,0,1,1,False,52631.57894736842,,numeric_robust_z:critical_overlap_fraction,numeric_robust_z:critical_overlap_fraction
CB1_CAUR_M_CF2_RI2_TI2_R12_C02__seed691202__it0000261,CB1_CAUR_M_CF2_RI2_TI2_R12_C02,ts_1aa7409577f17f0c43c3,0,M,CF2,80-100%,ORIGINAL_OPERATOR,operator_high_reconfiguration,high_reconfiguration,False,0,1,1,False,52631.57894736842,,numeric_robust_z:critical_overlap_fraction,numeric_robust_z:critical_overlap_fraction
CB1_CAUR_M_CF2_RI2_TI2_R12_C02__seed691202__it0000261,CB1_CAUR_M_CF2_RI2_TI2_R12_C02,ts_2e6d30be4b44030dc558,0,M,CF2,80-100%,ORIGINAL_OPERATOR,operator_related,related,False,0,1,1,False,1000000.0,,numeric_robust_z:is_fallback,numeric_robust_z:is_fallback
CB1_CAUR_M_CF2_RI2_TI2_R12_C02__seed691202__it0000261,CB1_CAUR_M_CF2_RI2_TI2_R12_C02,ts_595be02f0d909c52f8eb,0,M,CF2,80-100%,ORIGINAL_OPERATOR,operator_w_bottleneck,w_bottleneck,False,0,1,1,False,52631.57894736842,,numeric_robust_z:critical_overlap_fraction,numeric_robust_z:critical_overlap_fraction
CB1_CAUR_M_CF2_RI2_TI2_R12_C02__seed691202__it0000261,CB1_CAUR_M_CF2_RI2_TI2_R12_C02,ts_875cbe5018c9e57fa451,0,M,CF2,80-100%,MATCHED_RANDOM,matched_random_1,random,False,0,1,1,False,52631.57894736842,,numeric_robust_z:critical_overlap_fraction,numeric_robust_z:critical_overlap_fraction
CB1_CAUR_M_CF2_RI2_TI2_R12_C02__seed691202__it0000261,CB1_CAUR_M_CF2_RI2_TI2_R12_C02,ts_899950fa4e5be8a5d409,0,M,CF2,80-100%,STRUCTURED_NEAR_NEIGHBOR,near_low_slack,related,False,0,1,1,False,105263.15789473684,,numeric_robust_z:critical_overlap_fraction,numeric_robust_z:critical_overlap_fraction
CB1_CAUR_M_CF2_RI2_TI2_R12_C02__seed691202__it0000261,CB1_CAUR_M_CF2_RI2_TI2_R12_C02,ts_99cb3325aacfee43fcb6,0,M,CF2,80-100%,RELATED_VARIANT,related_variant_1,related,False,0,2,2,True,1000000.0,,numeric_robust_z:origin_rule_count+numeric_robust_z:critical_overlap_fraction,numeric_robust_z:origin_rule_count+numeric_robust_z:critical_overlap_fraction
CB1_CAUR_M_CF2_RI2_TI2_R12_C02__seed691202__it0000261,CB1_CAUR_M_CF2_RI2_TI2_R12_C02,ts_aa5fe73db2ca44370d65,0,M,CF2,80-100%,ORIGINAL_OPERATOR,operator_overloaded_island,overloaded_island,False,0,1,1,False,105263.15789473684,,numeric_robust_z:critical_overlap_fraction,numeric_robust_z:critical_overlap_fraction
CB1_CAUR_M_CF2_RI2_TI2_R12_C02__seed691202__it0000261,CB1_CAUR_M_CF2_RI2_TI2_R12_C02,ts_ddda33b0d1b7f1782fa6,0,M,CF2,80-100%,STRUCTURED_NEAR_NEIGHBOR,near_same_island_chain,related,True,0,1,1,False,52631.57894736842,,numeric_robust_z:critical_overlap_fraction,numeric_robust_z:critical_overlap_fraction
CB1_CAUR_M_CF2_RI2_TI2_R12_C02__seed691202__it0000261,CB1_CAUR_M_CF2_RI2_TI2_R12_C02,ts_e48d1e20554654b36bc3,0,M,CF2,80-100%,ORIGINAL_OPERATOR,operator_critical,critical,False,0,1,1,False,105263.15789473684,,numeric_robust_z:critical_overlap_fraction,numeric_robust_z:critical_overlap_fraction
CB1_CAUR_M_CF2_RI2_TI2_R12_C02__seed691202__it0000293,CB1_CAUR_M_CF2_RI2_TI2_R12_C02,ts_0400599cfe8f2b8b413a,0,M,CF2,80-100%,ORIGINAL_OPERATOR,operator_critical,critical,False,0,1,1,False,52631.57894736842,,numeric_robust_z:critical_overlap_fraction,numeric_robust_z:critical_overlap_fraction
CB1_CAUR_M_CF2_RI2_TI2_R12_C02__seed691202__it0000293,CB1_CAUR_M_CF2_RI2_TI2_R12_C02,ts_1e3a6b27f020704dbade,0,M,CF2,80-100%,MATCHED_RANDOM,matched_random_1,random,False,0,1,1,False,52631.57894736842,,numeric_robust_z:critical_overlap_fraction,numeric_robust_z:critical_overlap_fraction
CB1_CAUR_M_CF2_RI2_TI2_R12_C02__seed691202__it0000293,CB1_CAUR_M_CF2_RI2_TI2_R12_C02,ts_25c1e8fcfa8afe8777f1,0,M,CF2,80-100%,STRUCTURED_NEAR_NEIGHBOR,near_low_slack,related,False,0,1,1,False,52631.57894736842,,numeric_robust_z:critical_overlap_fraction,numeric_robust_z:critical_overlap_fraction
CB1_CAUR_M_CF2_RI2_TI2_R12_C02__seed691202__it0000293,CB1_CAUR_M_CF2_RI2_TI2_R12_C02,ts_c47c4463c2aa5da8f017,0,M,CF2,80-100%,ORIGINAL_OPERATOR,operator_related,related,False,0,1,1,False,1000000.0,,numeric_robust_z:is_fallback,numeric_robust_z:is_fallback
CB1_CAUR_M_CF2_RI2_TI2_R12_C02__seed691202__it0000293,CB1_CAUR_M_CF2_RI2_TI2_R12_C02,ts_d91514b8e4ea51786d57,0,M,CF2,80-100%,STRUCTURED_NEAR_NEIGHBOR,near_precedence_neighbor,related,False,0,1,1,False,52631.57894736842,,numeric_robust_z:critical_overlap_fraction,numeric_robust_z:critical_overlap_fraction
CB1_CAUR_M_CF2_RI2_TI2_R12_C02__seed691202__it0000293,CB1_CAUR_M_CF2_RI2_TI2_R12_C02,ts_e35c84620cfa76523aa0,0,M,CF2,80-100%,STRUCTURED_NEAR_NEIGHBOR,near_same_product,related,False,0,1,1,False,52631.57894736842,,numeric_robust_z:critical_overlap_fraction,numeric_robust_z:critical_overlap_fraction
CB1_CAUR_M_CF2_RI2_TI2_R12_C02__seed691202__it0000293,CB1_CAUR_M_CF2_RI2_TI2_R12_C02,ts_eb8b6e4cbad6cc0995be,0,M,CF2,80-100%,RELATED_VARIANT,related_variant_3,related,False,0,1,1,False,52631.57894736842,,numeric_robust_z:critical_overlap_fraction,numeric_robust_z:critical_overlap_fraction
CB1_CAUR_M_CF2_RI2_TI2_R12__seed691201__it0000015,CB1_CAUR_M_CF2_RI2_TI2_R12,ts_4f5c1c97622e69cdb5a1,0,M,CF2,0-20%,ORIGINAL_OPERATOR,operator_critical,critical,False,0,1,1,False,55555.555555555555,,numeric_robust_z:critical_overlap_fraction,numeric_robust_z:critical_overlap_fraction
CB1_CAUR_M_CF2_RI2_TI2_R12__seed691201__it0000015,CB1_CAUR_M_CF2_RI2_TI2_R12,ts_5f06c3c802d9c8e15028,0,M,CF2,0-20%,ORIGINAL_OPERATOR,operator_related,related,False,0,1,1,False,1000000.0,,numeric_robust_z:is_fallback,numeric_robust_z:is_fallback
CB1_CAUR_M_CF2_RI2_TI2_R12__seed691201__it0000015,CB1_CAUR_M_CF2_RI2_TI2_R12,ts_61afada4759367f8c414,0,M,CF2,0-20%,ORIGINAL_OPERATOR,operator_overloaded_island,overloaded_island,False,0,1,1,False,55555.555555555555,,numeric_robust_z:critical_overlap_fraction,numeric_robust_z:critical_overlap_fraction
CB1_CAUR_M_CF2_RI2_TI2_R12__seed691201__it0000015,CB1_CAUR_M_CF2_RI2_TI2_R12,ts_70ca6c76a7428303d601,0,M,CF2,0-20%,LOCAL_PERTURBATION,related_replace_50,related,False,0,1,1,False,55555.555555555555,,numeric_robust_z:critical_overlap_fraction,numeric_robust_z:critical_overlap_fraction
CB1_CAUR_M_CF2_RI2_TI2_R12__seed691201__it0000015,CB1_CAUR_M_CF2_RI2_TI2_R12,ts_972ca49b1a0802137ab3,0,M,CF2,0-20%,RELATED_VARIANT,related_variant_1,related,False,0,1,1,False,55555.555555555555,,numeric_robust_z:critical_overlap_fraction,numeric_robust_z:critical_overlap_fraction
CB1_CAUR_M_CF2_RI2_TI2_R12__seed691201__it0000015,CB1_CAUR_M_CF2_RI2_TI2_R12,ts_b3e376866ddb9e0150fd,0,M,CF2,0-20%,STRUCTURED_NEAR_NEIGHBOR,near_low_slack,related,False,0,1,1,False,55555.555555555555,,numeric_robust_z:critical_overlap_fraction,numeric_robust_z:critical_overlap_fraction
CB1_CAUR_M_CF2_RI2_TI2_R12__seed691201__it0000015,CB1_CAUR_M_CF2_RI2_TI2_R12,ts_bcc2a830b543b39fbf6a,0,M,CF2,0-20%,ORIGINAL_OPERATOR,operator_high_reconfiguration,high_reconfiguration,False,0,1,1,False,55555.555555555555,,numeric_robust_z:critical_overlap_fraction,numeric_robust_z:critical_overlap_fraction
CB1_CAUR_M_CF2_RI2_TI2_R12__seed691201__it0000056,CB1_CAUR_M_CF2_RI2_TI2_R12,ts_27b6ad0995a4cd763abd,0,M,CF2,0-20%,ORIGINAL_OPERATOR,operator_f_bottleneck,f_bottleneck,False,0,1,1,False,55555.555555555555,,numeric_robust_z:critical_overlap_fraction,numeric_robust_z:critical_overlap_fraction
CB1_CAUR_M_CF2_RI2_TI2_R12__seed691201__it0000056,CB1_CAUR_M_CF2_RI2_TI2_R12,ts_61f12ba506d802422fe0,0,M,CF2,0-20%,RELATED_VARIANT,related_variant_4,related,False,0,1,1,False,55555.555555555555,,numeric_robust_z:critical_overlap_fraction,numeric_robust_z:critical_overlap_fraction
CB1_CAUR_M_CF2_RI2_TI2_R12__seed691201__it0000056,CB1_CAUR_M_CF2_RI2_TI2_R12,ts_715678b948837ab70f9f,0,M,CF2,0-20%,ORIGINAL_OPERATOR,operator_critical,critical,False,0,1,1,False,55555.555555555555,,numeric_robust_z:critical_overlap_fraction,numeric_robust_z:critical_overlap_fraction
CB1_CAUR_M_CF2_RI2_TI2_R12__seed691201__it0000056,CB1_CAUR_M_CF2_RI2_TI2_R12,ts_9a28b6558db916060e35,0,M,CF2,0-20%,STRUCTURED_NEAR_NEIGHBOR,near_low_slack,related,False,0,1,1,False,55555.555555555555,,numeric_robust_z:critical_overlap_fraction,numeric_robust_z:critical_overlap_fraction
CB1_CAUR_M_CF2_RI2_TI2_R12__seed691201__it0000056,CB1_CAUR_M_CF2_RI2_TI2_R12,ts_dd7c73ea3f3e4762d96f,0,M,CF2,0-20%,ORIGINAL_OPERATOR,operator_related,related,False,0,1,1,False,1000000.0,,numeric_robust_z:is_fallback,numeric_robust_z:is_fallback
CB1_CAUR_M_CF2_RI2_TI2_R12__seed691201__it0000101,CB1_CAUR_M_CF2_RI2_TI2_R12,ts_4c2571b838a5968a3f9c,0,M,CF2,20-40%,RELATED_VARIANT,related_variant_2,related,False,0,1,1,False,1000000.0,,numeric_robust_z:origin_rule_count,numeric_robust_z:origin_rule_count
CB1_CAUR_M_CF2_RI2_TI2_R12__seed691201__it0000101,CB1_CAUR_M_CF2_RI2_TI2_R12,ts_7211bbf36fa8587141d0,0,M,CF2,20-40%,ORIGINAL_OPERATOR,operator_critical,critical,False,0,1,1,False,55555.555555555555,,numeric_robust_z:critical_overlap_fraction,numeric_robust_z:critical_overlap_fraction
CB1_CAUR_M_CF2_RI2_TI2_R12__seed691201__it0000101,CB1_CAUR_M_CF2_RI2_TI2_R12,ts_953e9ec709636352343f,0,M,CF2,20-40%,STRUCTURED_NEAR_NEIGHBOR,near_low_slack,related,False,0,1,1,False,55555.555555555555,,numeric_robust_z:critical_overlap_fraction,numeric_robust_z:critical_overlap_fraction
CB1_CAUR_M_CF2_RI2_TI2_R12__seed691201__it0000101,CB1_CAUR_M_CF2_RI2_TI2_R12,ts_c6b1b97d4999ebc99c01,0,M,CF2,20-40%,RELATED_VARIANT,related_variant_3,related,False,0,1,1,False,55555.555555555555,,numeric_robust_z:critical_overlap_fraction,numeric_robust_z:critical_overlap_fraction
CB1_CAUR_M_CF2_RI2_TI2_R12__seed691201__it0000101,CB1_CAUR_M_CF2_RI2_TI2_R12,ts_e1046caa771c589b0153,0,M,CF2,20-40%,STRUCTURED_NEAR_NEIGHBOR,near_high_F_delay,related,False,0,1,1,False,55555.555555555555,,numeric_robust_z:critical_overlap_fraction,numeric_robust_z:critical_overlap_fraction
CB1_CAUR_M_CF2_RI2_TI2_R12__seed691201__it0000101,CB1_CAUR_M_CF2_RI2_TI2_R12,ts_e78c2bcb0e8bb0325380,0,M,CF2,20-40%,ORIGINAL_OPERATOR,operator_related,related,False,0,1,1,False,1000000.0,,numeric_robust_z:is_fallback,numeric_robust_z:is_fallback
CB1_CAUR_M_CF2_RI2_TI2_R12__seed691201__it0000142,CB1_CAUR_M_CF2_RI2_TI2_R12,ts_1a74e963843ef9774247,0,M,CF2,40-60%,LOCAL_PERTURBATION,related_replace_25,related,False,0,1,1,False,55555.555555555555,,numeric_robust_z:critical_overlap_fraction,numeric_robust_z:critical_overlap_fraction
CB1_CAUR_M_CF2_RI2_TI2_R12__seed691201__it0000142,CB1_CAUR_M_CF2_RI2_TI2_R12,ts_232205bdd58b657b4c6e,0,M,CF2,40-60%,LOCAL_PERTURBATION,related_replace_50,related,False,0,1,1,False,55555.555555555555,,numeric_robust_z:critical_overlap_fraction,numeric_robust_z:critical_overlap_fraction
CB1_CAUR_M_CF2_RI2_TI2_R12__seed691201__it0000142,CB1_CAUR_M_CF2_RI2_TI2_R12,ts_6613a1d9310ed97abf00,0,M,CF2,40-60%,STRUCTURED_NEAR_NEIGHBOR,near_same_island_chain,related,False,0,1,1,False,55555.555555555555,,numeric_robust_z:critical_overlap_fraction,numeric_robust_z:critical_overlap_fraction
CB1_CAUR_M_CF2_RI2_TI2_R12__seed691201__it0000142,CB1_CAUR_M_CF2_RI2_TI2_R12,ts_9af4d44968b11bbaa1e9,0,M,CF2,40-60%,STRUCTURED_NEAR_NEIGHBOR,near_low_slack,related,False,0,1,1,False,55555.555555555555,,numeric_robust_z:critical_overlap_fraction,numeric_robust_z:critical_overlap_fraction
CB1_CAUR_M_CF2_RI2_TI2_R12__seed691201__it0000142,CB1_CAUR_M_CF2_RI2_TI2_R12,ts_a110312b70fd4819421c,0,M,CF2,40-60%,ORIGINAL_OPERATOR,operator_critical,critical,False,0,1,1,False,55555.555555555555,,numeric_robust_z:critical_overlap_fraction,numeric_robust_z:critical_overlap_fraction
CB1_CAUR_M_CF2_RI2_TI2_R12__seed691201__it0000142,CB1_CAUR_M_CF2_RI2_TI2_R12,ts_bd608bf1bc383feba724,0,M,CF2,40-60%,STRUCTURED_NEAR_NEIGHBOR,near_high_F_delay,related,True,0,1,1,False,55555.555555555555,,numeric_robust_z:critical_overlap_fraction,numeric_robust_z:critical_overlap_fraction
CB1_CAUR_M_CF2_RI2_TI2_R12__seed691201__it0000142,CB1_CAUR_M_CF2_RI2_TI2_R12,ts_f05c170ba04b7d1eb33b,0,M,CF2,40-60%,ORIGINAL_OPERATOR,operator_related,related,False,0,2,2,True,1000000.0,,numeric_robust_z:critical_overlap_fraction+numeric_robust_z:is_fallback,numeric_robust_z:critical_overlap_fraction+numeric_robust_z:is_fallback
CB1_CAUR_M_CF2_RI2_TI2_R12__seed691201__it0000142,CB1_CAUR_M_CF2_RI2_TI2_R12,ts_f3e0a02f49f28eaeb994,0,M,CF2,40-60%,LOCAL_PERTURBATION,two_operation_swap,related,False,0,1,1,False,55555.555555555555,,numeric_robust_z:critical_overlap_fraction,numeric_robust_z:critical_overlap_fraction
CB1_CAUR_M_CF2_RI2_TI2_R12__seed691201__it0000142,CB1_CAUR_M_CF2_RI2_TI2_R12,ts_fc002c11013876ff175c,0,M,CF2,40-60%,RELATED_VARIANT,related_variant_3,related,False,0,1,1,False,55555.555555555555,,numeric_robust_z:critical_overlap_fraction,numeric_robust_z:critical_overlap_fraction
CB1_CAUR_M_CF2_RI2_TI2_R12__seed691201__it0000184,CB1_CAUR_M_CF2_RI2_TI2_R12,ts_1a0e4d2ec427b09abf17,0,M,CF2,40-60%,ORIGINAL_OPERATOR,operator_related,related,False,0,1,1,False,1000000.0,,numeric_robust_z:is_fallback,numeric_robust_z:is_fallback
CB1_CAUR_M_CF2_RI2_TI2_R12__seed691201__it0000184,CB1_CAUR_M_CF2_RI2_TI2_R12,ts_4396dd03415c317d07f5,0,M,CF2,40-60%,STRUCTURED_NEAR_NEIGHBOR,near_low_slack,related,False,0,1,1,False,55555.555555555555,,numeric_robust_z:critical_overlap_fraction,numeric_robust_z:critical_overlap_fraction
CB1_CAUR_M_CF2_RI2_TI2_R12__seed691201__it0000184,CB1_CAUR_M_CF2_RI2_TI2_R12,ts_58181dfad4eba4982845,0,M,CF2,40-60%,MATCHED_RANDOM,matched_random_2,random,False,0,1,1,False,55555.555555555555,,numeric_robust_z:critical_overlap_fraction,numeric_robust_z:critical_overlap_fraction
CB1_CAUR_M_CF2_RI2_TI2_R12__seed691201__it0000184,CB1_CAUR_M_CF2_RI2_TI2_R12,ts_84e634aac97cd75a742b,0,M,CF2,40-60%,ORIGINAL_OPERATOR,operator_critical,critical,False,0,1,1,False,55555.555555555555,,numeric_robust_z:critical_overlap_fraction,numeric_robust_z:critical_overlap_fraction
CB1_CAUR_M_CF2_RI2_TI2_R12__seed691201__it0000227,CB1_CAUR_M_CF2_RI2_TI2_R12,ts_1e11c626eaf43965fcec,0,M,CF2,60-80%,RELATED_VARIANT,related_variant_4,related,False,0,1,1,False,55555.555555555555,,numeric_robust_z:critical_overlap_fraction,numeric_robust_z:critical_overlap_fraction
CB1_CAUR_M_CF2_RI2_TI2_R12__seed691201__it0000227,CB1_CAUR_M_CF2_RI2_TI2_R12,ts_315255a7cb1236c23936,0,M,CF2,60-80%,ORIGINAL_OPERATOR,operator_critical,critical,False,0,1,1,False,55555.555555555555,,numeric_robust_z:critical_overlap_fraction,numeric_robust_z:critical_overlap_fraction
CB1_CAUR_M_CF2_RI2_TI2_R12__seed691201__it0000227,CB1_CAUR_M_CF2_RI2_TI2_R12,ts_b69afc512fcfc3be9d61,0,M,CF2,60-80%,ORIGINAL_OPERATOR,operator_related,related,False,0,1,1,False,1000000.0,,numeric_robust_z:is_fallback,numeric_robust_z:is_fallback
CB1_CAUR_M_CF2_RI2_TI2_R12__seed691201__it0000227,CB1_CAUR_M_CF2_RI2_TI2_R12,ts_c7d49ce65ec341eee127,0,M,CF2,60-80%,MATCHED_RANDOM,matched_random_2,random,False,0,1,1,False,55555.555555555555,,numeric_robust_z:critical_overlap_fraction,numeric_robust_z:critical_overlap_fraction
CB1_CAUR_M_CF2_RI2_TI2_R12__seed691201__it0000227,CB1_CAUR_M_CF2_RI2_TI2_R12,ts_f89d47a770267eaecdb8,0,M,CF2,60-80%,STRUCTURED_NEAR_NEIGHBOR,near_low_slack,related,False,0,1,1,False,55555.555555555555,,numeric_robust_z:critical_overlap_fraction,numeric_robust_z:critical_overlap_fraction
CB1_CAUR_M_CF2_RI2_TI2_R12__seed691201__it0000268,CB1_CAUR_M_CF2_RI2_TI2_R12,ts_37495643108cd8fb3d58,0,M,CF2,80-100%,ORIGINAL_OPERATOR,operator_f_bottleneck,f_bottleneck,False,0,1,1,False,55555.555555555555,,numeric_robust_z:critical_overlap_fraction,numeric_robust_z:critical_overlap_fraction
CB1_CAUR_M_CF2_RI2_TI2_R12__seed691201__it0000268,CB1_CAUR_M_CF2_RI2_TI2_R12,ts_8b01f07e7484997c901f,0,M,CF2,80-100%,MATCHED_RANDOM,matched_random_2,random,False,0,1,1,False,55555.555555555555,,numeric_robust_z:critical_overlap_fraction,numeric_robust_z:critical_overlap_fraction
CB1_CAUR_M_CF2_RI2_TI2_R12__seed691201__it0000268,CB1_CAUR_M_CF2_RI2_TI2_R12,ts_8dc2b9398fedd1191bfd,0,M,CF2,80-100%,ORIGINAL_OPERATOR,operator_w_bottleneck,w_bottleneck,False,0,1,1,False,55555.555555555555,,numeric_robust_z:critical_overlap_fraction,numeric_robust_z:critical_overlap_fraction
CB1_CAUR_M_CF2_RI2_TI2_R12__seed691201__it0000268,CB1_CAUR_M_CF2_RI2_TI2_R12,ts_a708e3881cf52f8f0c24,0,M,CF2,80-100%,STRUCTURED_NEAR_NEIGHBOR,near_low_slack,related,False,0,1,1,False,55555.555555555555,,numeric_robust_z:critical_overlap_fraction,numeric_robust_z:critical_overlap_fraction
CB1_CAUR_M_CF2_RI2_TI2_R12__seed691201__it0000268,CB1_CAUR_M_CF2_RI2_TI2_R12,ts_ab0e076a87204ce5d130,0,M,CF2,80-100%,ORIGINAL_OPERATOR,operator_critical,critical,False,0,1,1,False,55555.555555555555,,numeric_robust_z:critical_overlap_fraction,numeric_robust_z:critical_overlap_fraction
CB1_CAUR_M_CF2_RI2_TI2_R12__seed691201__it0000268,CB1_CAUR_M_CF2_RI2_TI2_R12,ts_ae62fe749e52e168ec39,0,M,CF2,80-100%,LOCAL_PERTURBATION,one_operation_swap,related,False,0,1,1,False,55555.555555555555,,numeric_robust_z:critical_overlap_fraction,numeric_robust_z:critical_overlap_fraction
CB1_CAUR_M_CF2_RI2_TI2_R12__seed691201__it0000268,CB1_CAUR_M_CF2_RI2_TI2_R12,ts_c2baaebaffd97c164be8,0,M,CF2,80-100%,ORIGINAL_OPERATOR,operator_high_reconfiguration,high_reconfiguration,False,0,1,1,False,55555.555555555555,,numeric_robust_z:critical_overlap_fraction,numeric_robust_z:critical_overlap_fraction
CB1_CAUR_M_CF2_RI2_TI2_R12__seed691201__it0000268,CB1_CAUR_M_CF2_RI2_TI2_R12,ts_e7ea56d36675a67e3748,0,M,CF2,80-100%,ORIGINAL_OPERATOR,operator_related,related,False,0,1,1,False,1000000.0,,numeric_robust_z:is_fallback,numeric_robust_z:is_fallback
CB1_CAUR_M_CF2_RI2_TI2_R12__seed691201__it0000299,CB1_CAUR_M_CF2_RI2_TI2_R12,ts_0aad87ad479100984c5c,0,M,CF2,80-100%,STRUCTURED_NEAR_NEIGHBOR,near_low_slack,related,False,0,1,1,False,55555.555555555555,,numeric_robust_z:critical_overlap_fraction,numeric_robust_z:critical_overlap_fraction
CB1_CAUR_M_CF2_RI2_TI2_R12__seed691201__it0000299,CB1_CAUR_M_CF2_RI2_TI2_R12,ts_2cc93f45c22fa8e2bc37,0,M,CF2,80-100%,ORIGINAL_OPERATOR,operator_random,random,False,0,1,1,False,55555.555555555555,,numeric_robust_z:critical_overlap_fraction,numeric_robust_z:critical_overlap_fraction
CB1_CAUR_M_CF2_RI2_TI2_R12__seed691201__it0000299,CB1_CAUR_M_CF2_RI2_TI2_R12,ts_31561be7eda44b442209,0,M,CF2,80-100%,ORIGINAL_OPERATOR,operator_high_reconfiguration,high_reconfiguration,False,0,1,1,False,55555.555555555555,,numeric_robust_z:critical_overlap_fraction,numeric_robust_z:critical_overlap_fraction
CB1_CAUR_M_CF2_RI2_TI2_R12__seed691201__it0000299,CB1_CAUR_M_CF2_RI2_TI2_R12,ts_3dab65aa3295a7cd0156,0,M,CF2,80-100%,ORIGINAL_OPERATOR,operator_overloaded_island,overloaded_island,True,0,1,1,False,55555.555555555555,,numeric_robust_z:critical_overlap_fraction,numeric_robust_z:critical_overlap_fraction
CB1_CAUR_M_CF2_RI2_TI2_R12__seed691201__it0000299,CB1_CAUR_M_CF2_RI2_TI2_R12,ts_6e2e23fd703ff49ac923,0,M,CF2,80-100%,MATCHED_RANDOM,matched_random_2,random,False,0,1,1,False,55555.555555555555,,numeric_robust_z:critical_overlap_fraction,numeric_robust_z:critical_overlap_fraction
CB1_CAUR_M_CF2_RI2_TI2_R12__seed691201__it0000299,CB1_CAUR_M_CF2_RI2_TI2_R12,ts_9fb7b2f030339d7ff432,0,M,CF2,80-100%,RELATED_VARIANT,related_variant_4,related,False,0,1,1,False,55555.555555555555,,numeric_robust_z:critical_overlap_fraction,numeric_robust_z:critical_overlap_fraction
CB1_CAUR_M_CF2_RI2_TI2_R12__seed691201__it0000299,CB1_CAUR_M_CF2_RI2_TI2_R12,ts_a4112b6dab57b8551b34,0,M,CF2,80-100%,MATCHED_RANDOM,matched_random_3,random,False,0,1,1,False,55555.555555555555,,numeric_robust_z:critical_overlap_fraction,numeric_robust_z:critical_overlap_fraction
CB1_CAUR_M_CF2_RI2_TI2_R12__seed691201__it0000299,CB1_CAUR_M_CF2_RI2_TI2_R12,ts_c2c23617ad86d49c1652,0,M,CF2,80-100%,ORIGINAL_OPERATOR,operator_critical,critical,False,0,1,1,False,55555.555555555555,,numeric_robust_z:critical_overlap_fraction,numeric_robust_z:critical_overlap_fraction
CB1_CAUR_M_CF2_RI2_TI2_R12__seed691201__it0000299,CB1_CAUR_M_CF2_RI2_TI2_R12,ts_cef9d23072d58dfb0967,0,M,CF2,80-100%,ORIGINAL_OPERATOR,operator_related,related,False,0,1,1,False,1000000.0,,numeric_robust_z:is_fallback,numeric_robust_z:is_fallback
CB1_CAUR_M_CF2_RI2_TI2_R12__seed691202__it0000014,CB1_CAUR_M_CF2_RI2_TI2_R12,ts_00e4bd31e21060c14a9f,0,M,CF2,0-20%,ORIGINAL_OPERATOR,operator_related,related,False,0,2,2,True,1000000.0,,numeric_robust_z:critical_overlap_fraction+numeric_robust_z:is_fallback,numeric_robust_z:critical_overlap_fraction+numeric_robust_z:is_fallback
CB1_CAUR_M_CF2_RI2_TI2_R12__seed691202__it0000014,CB1_CAUR_M_CF2_RI2_TI2_R12,ts_277f2dd5775df761400e,0,M,CF2,0-20%,ORIGINAL_OPERATOR,operator_critical,critical,False,0,1,1,False,55555.555555555555,,numeric_robust_z:critical_overlap_fraction,numeric_robust_z:critical_overlap_fraction
CB1_CAUR_M_CF2_RI2_TI2_R12__seed691202__it0000014,CB1_CAUR_M_CF2_RI2_TI2_R12,ts_29816565ddca9d49d46b,0,M,CF2,0-20%,RELATED_VARIANT,related_variant_1,related,False,0,1,1,False,55555.555555555555,,numeric_robust_z:critical_overlap_fraction,numeric_robust_z:critical_overlap_fraction
CB1_CAUR_M_CF2_RI2_TI2_R12__seed691202__it0000014,CB1_CAUR_M_CF2_RI2_TI2_R12,ts_2d51527417b22bc29cab,0,M,CF2,0-20%,LOCAL_PERTURBATION,related_replace_25,related,False,0,1,1,False,55555.555555555555,,numeric_robust_z:critical_overlap_fraction,numeric_robust_z:critical_overlap_fraction
CB1_CAUR_M_CF2_RI2_TI2_R12__seed691202__it0000014,CB1_CAUR_M_CF2_RI2_TI2_R12,ts_3ac225cc18ca1edc665e,0,M,CF2,0-20%,LOCAL_PERTURBATION,two_operation_swap,related,False,0,1,1,False,55555.555555555555,,numeric_robust_z:critical_overlap_fraction,numeric_robust_z:critical_overlap_fraction
CB1_CAUR_M_CF2_RI2_TI2_R12__seed691202__it0000014,CB1_CAUR_M_CF2_RI2_TI2_R12,ts_5d6599f220ffa56ad5aa,0,M,CF2,0-20%,LOCAL_PERTURBATION,related_replace_50,related,False,0,1,1,False,55555.555555555555,,numeric_robust_z:critical_overlap_fraction,numeric_robust_z:critical_overlap_fraction
CB1_CAUR_M_CF2_RI2_TI2_R12__seed691202__it0000014,CB1_CAUR_M_CF2_RI2_TI2_R12,ts_6d5ab545390426176b4c,0,M,CF2,0-20%,STRUCTURED_NEAR_NEIGHBOR,near_same_product,related,False,0,1,1,False,55555.555555555555,,numeric_robust_z:critical_overlap_fraction,numeric_robust_z:critical_overlap_fraction
CB1_CAUR_M_CF2_RI2_TI2_R12__seed691202__it0000014,CB1_CAUR_M_CF2_RI2_TI2_R12,ts_71ee1fc8302fdd7176e3,0,M,CF2,0-20%,STRUCTURED_NEAR_NEIGHBOR,near_low_slack,related,False,0,1,1,False,55555.555555555555,,numeric_robust_z:critical_overlap_fraction,numeric_robust_z:critical_overlap_fraction
CB1_CAUR_M_CF2_RI2_TI2_R12__seed691202__it0000014,CB1_CAUR_M_CF2_RI2_TI2_R12,ts_a00cf2a01d6205dd472a,0,M,CF2,0-20%,LOCAL_PERTURBATION,one_operation_swap,related,False,0,1,1,False,55555.555555555555,,numeric_robust_z:critical_overlap_fraction,numeric_robust_z:critical_overlap_fraction
CB1_CAUR_M_CF2_RI2_TI2_R12__seed691202__it0000014,CB1_CAUR_M_CF2_RI2_TI2_R12,ts_a7e6586e002847a477d2,0,M,CF2,0-20%,STRUCTURED_NEAR_NEIGHBOR,near_same_island_chain,related,False,0,1,1,False,55555.555555555555,,numeric_robust_z:critical_overlap_fraction,numeric_robust_z:critical_overlap_fraction
CB1_CAUR_M_CF2_RI2_TI2_R12__seed691202__it0000014,CB1_CAUR_M_CF2_RI2_TI2_R12,ts_bd8b24396031031420c7,0,M,CF2,0-20%,STRUCTURED_NEAR_NEIGHBOR,near_precedence_neighbor,related,False,0,1,1,False,55555.555555555555,,numeric_robust_z:critical_overlap_fraction,numeric_robust_z:critical_overlap_fraction
CB1_CAUR_M_CF2_RI2_TI2_R12__seed691202__it0000014,CB1_CAUR_M_CF2_RI2_TI2_R12,ts_c93a8ccc8f6e84183915,0,M,CF2,0-20%,STRUCTURED_NEAR_NEIGHBOR,near_high_W_delay,related,False,0,1,1,False,55555.555555555555,,numeric_robust_z:critical_overlap_fraction,numeric_robust_z:critical_overlap_fraction
CB1_CAUR_M_CF2_RI2_TI2_R12__seed691202__it0000055,CB1_CAUR_M_CF2_RI2_TI2_R12,ts_34d7417ccbef80436bd3,0,M,CF2,0-20%,STRUCTURED_NEAR_NEIGHBOR,near_low_slack,related,False,0,1,1,False,55555.555555555555,,numeric_robust_z:critical_overlap_fraction,numeric_robust_z:critical_overlap_fraction
CB1_CAUR_M_CF2_RI2_TI2_R12__seed691202__it0000055,CB1_CAUR_M_CF2_RI2_TI2_R12,ts_54fd5fadba72cafb3c01,0,M,CF2,0-20%,ORIGINAL_OPERATOR,operator_critical,critical,False,0,1,1,False,55555.555555555555,,numeric_robust_z:critical_overlap_fraction,numeric_robust_z:critical_overlap_fraction
CB1_CAUR_M_CF2_RI2_TI2_R12__seed691202__it0000055,CB1_CAUR_M_CF2_RI2_TI2_R12,ts_f780b6b678643d2cc3a7,0,M,CF2,0-20%,ORIGINAL_OPERATOR,operator_related,related,False,0,1,1,False,1000000.0,,numeric_robust_z:is_fallback,numeric_robust_z:is_fallback
CB1_CAUR_M_CF2_RI2_TI2_R12__seed691202__it0000099,CB1_CAUR_M_CF2_RI2_TI2_R12,ts_02fcba45020ca5f16be5,0,M,CF2,20-40%,ORIGINAL_OPERATOR,operator_critical,critical,False,0,1,1,False,55555.555555555555,,numeric_robust_z:critical_overlap_fraction,numeric_robust_z:critical_overlap_fraction
CB1_CAUR_M_CF2_RI2_TI2_R12__seed691202__it0000099,CB1_CAUR_M_CF2_RI2_TI2_R12,ts_84ad1f51ab2ee1e5d4e0,0,M,CF2,20-40%,ORIGINAL_OPERATOR,operator_related,related,False,0,1,1,False,1000000.0,,numeric_robust_z:is_fallback,numeric_robust_z:is_fallback
CB1_CAUR_M_CF2_RI2_TI2_R12__seed691202__it0000099,CB1_CAUR_M_CF2_RI2_TI2_R12,ts_8f91eba20f13d41bdcb6,0,M,CF2,20-40%,ORIGINAL_OPERATOR,operator_f_bottleneck,f_bottleneck,False,0,1,1,False,55555.555555555555,,numeric_robust_z:critical_overlap_fraction,numeric_robust_z:critical_overlap_fraction
CB1_CAUR_M_CF2_RI2_TI2_R12__seed691202__it0000099,CB1_CAUR_M_CF2_RI2_TI2_R12,ts_c08fb4f542e9b2988421,0,M,CF2,20-40%,STRUCTURED_NEAR_NEIGHBOR,near_low_slack,related,False,0,1,1,False,55555.555555555555,,numeric_robust_z:critical_overlap_fraction,numeric_robust_z:critical_overlap_fraction
CB1_CAUR_M_CF2_RI2_TI2_R12__seed691202__it0000099,CB1_CAUR_M_CF2_RI2_TI2_R12,ts_c4781011dca90ce3518f,0,M,CF2,20-40%,ORIGINAL_OPERATOR,operator_overloaded_island,overloaded_island,True,0,1,1,False,55555.555555555555,,numeric_robust_z:critical_overlap_fraction,numeric_robust_z:critical_overlap_fraction
CB1_CAUR_M_CF2_RI2_TI2_R12__seed691202__it0000099,CB1_CAUR_M_CF2_RI2_TI2_R12,ts_f22755ed1111c3530fc2,0,M,CF2,20-40%,RELATED_VARIANT,related_variant_4,related,False,0,1,1,False,55555.555555555555,,numeric_robust_z:critical_overlap_fraction,numeric_robust_z:critical_overlap_fraction
CB1_CAUR_M_CF2_RI2_TI2_R12__seed691202__it0000140,CB1_CAUR_M_CF2_RI2_TI2_R12,ts_296267e74e52b5ca4891,0,M,CF2,40-60%,RELATED_VARIANT,related_variant_1,related,False,0,1,1,False,55555.555555555555,,numeric_robust_z:critical_overlap_fraction,numeric_robust_z:critical_overlap_fraction
CB1_CAUR_M_CF2_RI2_TI2_R12__seed691202__it0000140,CB1_CAUR_M_CF2_RI2_TI2_R12,ts_2a89d4e66c150b60c6fe,0,M,CF2,40-60%,MATCHED_RANDOM,matched_random_2,random,False,0,1,1,False,55555.555555555555,,numeric_robust_z:critical_overlap_fraction,numeric_robust_z:critical_overlap_fraction
CB1_CAUR_M_CF2_RI2_TI2_R12__seed691202__it0000140,CB1_CAUR_M_CF2_RI2_TI2_R12,ts_3fde05331b03da852d49,0,M,CF2,40-60%,STRUCTURED_NEAR_NEIGHBOR,near_low_slack,related,False,0,1,1,False,55555.555555555555,,numeric_robust_z:critical_overlap_fraction,numeric_robust_z:critical_overlap_fraction
CB1_CAUR_M_CF2_RI2_TI2_R12__seed691202__it0000140,CB1_CAUR_M_CF2_RI2_TI2_R12,ts_63495c7618b609e8ebf8,0,M,CF2,40-60%,RELATED_VARIANT,related_variant_3,related,False,0,1,1,False,55555.555555555555,,numeric_robust_z:critical_overlap_fraction,numeric_robust_z:critical_overlap_fraction
CB1_CAUR_M_CF2_RI2_TI2_R12__seed691202__it0000140,CB1_CAUR_M_CF2_RI2_TI2_R12,ts_d1824fd805163b97d94b,0,M,CF2,40-60%,ORIGINAL_OPERATOR,operator_critical,critical,False,0,1,1,False,55555.555555555555,,numeric_robust_z:critical_overlap_fraction,numeric_robust_z:critical_overlap_fraction
CB1_CAUR_M_CF2_RI2_TI2_R12__seed691202__it0000140,CB1_CAUR_M_CF2_RI2_TI2_R12,ts_f05346ea2493584ce193,0,M,CF2,40-60%,MATCHED_RANDOM,matched_random_3,random,False,0,1,1,False,55555.555555555555,,numeric_robust_z:critical_overlap_fraction,numeric_robust_z:critical_overlap_fraction
CB1_CAUR_M_CF2_RI2_TI2_R12__seed691202__it0000140,CB1_CAUR_M_CF2_RI2_TI2_R12,ts_f556e9455210ed459016,0,M,CF2,40-60%,ORIGINAL_OPERATOR,operator_related,related,False,0,1,1,False,1000000.0,,numeric_robust_z:is_fallback,numeric_robust_z:is_fallback
CB1_CAUR_M_CF2_RI2_TI2_R12__seed691202__it0000181,CB1_CAUR_M_CF2_RI2_TI2_R12,ts_242881c1cafaed1fb414,0,M,CF2,40-60%,STRUCTURED_NEAR_NEIGHBOR,near_low_slack,related,False,0,1,1,False,55555.555555555555,,numeric_robust_z:critical_overlap_fraction,numeric_robust_z:critical_overlap_fraction
CB1_CAUR_M_CF2_RI2_TI2_R12__seed691202__it0000181,CB1_CAUR_M_CF2_RI2_TI2_R12,ts_3e7145c9f6ea97675453,0,M,CF2,40-60%,ORIGINAL_OPERATOR,operator_related,related,False,0,1,1,False,1000000.0,,numeric_robust_z:is_fallback,numeric_robust_z:is_fallback
CB1_CAUR_M_CF2_RI2_TI2_R12__seed691202__it0000181,CB1_CAUR_M_CF2_RI2_TI2_R12,ts_43134a76ecff9717fbd3,0,M,CF2,40-60%,ORIGINAL_OPERATOR,operator_critical,critical,False,0,1,1,False,55555.555555555555,,numeric_robust_z:critical_overlap_fraction,numeric_robust_z:critical_overlap_fraction
CB1_CAUR_M_CF2_RI2_TI2_R12__seed691202__it0000181,CB1_CAUR_M_CF2_RI2_TI2_R12,ts_62bacdafada3514c27a9,0,M,CF2,40-60%,ORIGINAL_OPERATOR,operator_random,random,True,0,1,1,False,55555.555555555555,,numeric_robust_z:critical_overlap_fraction,numeric_robust_z:critical_overlap_fraction
CB1_CAUR_M_CF2_RI2_TI2_R12__seed691202__it0000181,CB1_CAUR_M_CF2_RI2_TI2_R12,ts_b2b7d0c3026b6da7c3bd,0,M,CF2,40-60%,RELATED_VARIANT,related_variant_3,related,False,0,1,1,False,55555.555555555555,,numeric_robust_z:critical_overlap_fraction,numeric_robust_z:critical_overlap_fraction
CB1_CAUR_M_CF2_RI2_TI2_R12__seed691202__it0000181,CB1_CAUR_M_CF2_RI2_TI2_R12,ts_c962699be3552dd599c7,0,M,CF2,40-60%,MATCHED_RANDOM,matched_random_3,random,False,0,1,1,False,55555.555555555555,,numeric_robust_z:critical_overlap_fraction,numeric_robust_z:critical_overlap_fraction
CB1_CAUR_M_CF2_RI2_TI2_R12__seed691202__it0000225,CB1_CAUR_M_CF2_RI2_TI2_R12,ts_3192db53c3a1e02f30dc,0,M,CF2,60-80%,STRUCTURED_NEAR_NEIGHBOR,near_low_slack,related,False,0,1,1,False,55555.555555555555,,numeric_robust_z:critical_overlap_fraction,numeric_robust_z:critical_overlap_fraction
CB1_CAUR_M_CF2_RI2_TI2_R12__seed691202__it0000225,CB1_CAUR_M_CF2_RI2_TI2_R12,ts_656db5defcea28820b68,0,M,CF2,60-80%,MATCHED_RANDOM,matched_random_1,random,False,0,1,1,False,55555.555555555555,,numeric_robust_z:critical_overlap_fraction,numeric_robust_z:critical_overlap_fraction
CB1_CAUR_M_CF2_RI2_TI2_R12__seed691202__it0000225,CB1_CAUR_M_CF2_RI2_TI2_R12,ts_72fb5de66ec1c7839b9a,0,M,CF2,60-80%,ORIGINAL_OPERATOR,operator_related,related,False,0,1,1,False,1000000.0,,numeric_robust_z:is_fallback,numeric_robust_z:is_fallback
CB1_CAUR_M_CF2_RI2_TI2_R12__seed691202__it0000225,CB1_CAUR_M_CF2_RI2_TI2_R12,ts_7ea327b0c36cbb0f2006,0,M,CF2,60-80%,ORIGINAL_OPERATOR,operator_critical,critical,False,0,1,1,False,55555.555555555555,,numeric_robust_z:critical_overlap_fraction,numeric_robust_z:critical_overlap_fraction
CB1_CAUR_M_CF2_RI2_TI2_R12__seed691202__it0000225,CB1_CAUR_M_CF2_RI2_TI2_R12,ts_988348058b5681260a1c,0,M,CF2,60-80%,RELATED_VARIANT,related_variant_3,related,False,0,1,1,False,55555.555555555555,,numeric_robust_z:critical_overlap_fraction,numeric_robust_z:critical_overlap_fraction
CB1_CAUR_M_CF2_RI2_TI2_R12__seed691202__it0000266,CB1_CAUR_M_CF2_RI2_TI2_R12,ts_2da0cec3fe53d737ecf5,0,M,CF2,80-100%,STRUCTURED_NEAR_NEIGHBOR,near_low_slack,related,False,0,1,1,False,55555.555555555555,,numeric_robust_z:critical_overlap_fraction,numeric_robust_z:critical_overlap_fraction
CB1_CAUR_M_CF2_RI2_TI2_R12__seed691202__it0000266,CB1_CAUR_M_CF2_RI2_TI2_R12,ts_4ab4f73ef737e9c56732,0,M,CF2,80-100%,ORIGINAL_OPERATOR,operator_critical,critical,False,0,1,1,False,55555.555555555555,,numeric_robust_z:critical_overlap_fraction,numeric_robust_z:critical_overlap_fraction
CB1_CAUR_M_CF2_RI2_TI2_R12__seed691202__it0000266,CB1_CAUR_M_CF2_RI2_TI2_R12,ts_5a21ab54589bf868336d,0,M,CF2,80-100%,ORIGINAL_OPERATOR,operator_random,random,False,0,1,1,False,55555.555555555555,,numeric_robust_z:critical_overlap_fraction,numeric_robust_z:critical_overlap_fraction
CB1_CAUR_M_CF2_RI2_TI2_R12__seed691202__it0000266,CB1_CAUR_M_CF2_RI2_TI2_R12,ts_cb89cd448076c59adc00,0,M,CF2,80-100%,ORIGINAL_OPERATOR,operator_related,related,False,0,1,1,False,1000000.0,,numeric_robust_z:is_fallback,numeric_robust_z:is_fallback
CB1_CAUR_M_CF2_RI2_TI2_R12__seed691202__it0000266,CB1_CAUR_M_CF2_RI2_TI2_R12,ts_ec2b2dd54da903c6a6f9,0,M,CF2,80-100%,ORIGINAL_OPERATOR,operator_high_reconfiguration,high_reconfiguration,False,0,1,1,False,55555.555555555555,,numeric_robust_z:critical_overlap_fraction,numeric_robust_z:critical_overlap_fraction
CB1_CAUR_M_CF2_RI2_TI2_R12__seed691202__it0000297,CB1_CAUR_M_CF2_RI2_TI2_R12,ts_05f066d9d31692736ff9,0,M,CF2,80-100%,MATCHED_RANDOM,matched_random_2,random,False,0,1,1,False,55555.555555555555,,numeric_robust_z:critical_overlap_fraction,numeric_robust_z:critical_overlap_fraction
CB1_CAUR_M_CF2_RI2_TI2_R12__seed691202__it0000297,CB1_CAUR_M_CF2_RI2_TI2_R12,ts_c4c065c46755456f59d5,0,M,CF2,80-100%,ORIGINAL_OPERATOR,operator_critical,critical,False,0,1,1,False,55555.555555555555,,numeric_robust_z:critical_overlap_fraction,numeric_robust_z:critical_overlap_fraction
CB1_CAUR_M_CF2_RI2_TI2_R12__seed691202__it0000297,CB1_CAUR_M_CF2_RI2_TI2_R12,ts_dccee31a9cacdf0b22da,0,M,CF2,80-100%,RELATED_VARIANT,related_variant_1,related,False,0,1,1,False,55555.555555555555,,numeric_robust_z:critical_overlap_fraction,numeric_robust_z:critical_overlap_fraction
CB1_CAUR_M_CF2_RI2_TI2_R12__seed691202__it0000297,CB1_CAUR_M_CF2_RI2_TI2_R12,ts_de5c7ae49f67e2b7d30d,0,M,CF2,80-100%,STRUCTURED_NEAR_NEIGHBOR,near_low_slack,related,False,0,1,1,False,55555.555555555555,,numeric_robust_z:critical_overlap_fraction,numeric_robust_z:critical_overlap_fraction
CB1_CAUR_M_CF2_RI2_TI2_R12__seed691202__it0000297,CB1_CAUR_M_CF2_RI2_TI2_R12,ts_e3818e36cf60847a13af,0,M,CF2,80-100%,ORIGINAL_OPERATOR,operator_related,related,False,0,1,1,False,1000000.0,,numeric_robust_z:is_fallback,numeric_robust_z:is_fallback
CB1_CAUR_M_CF3_RI2_TI2_R12_C02__seed691201__it0000013,CB1_CAUR_M_CF3_RI2_TI2_R12_C02,ts_25da6e3fd973bb950f33,1,M,CF3,0-20%,MATCHED_RANDOM,matched_random_3,random,False,0,1,1,False,58823.529411764706,,numeric_robust_z:critical_overlap_fraction,numeric_robust_z:critical_overlap_fraction
CB1_CAUR_M_CF3_RI2_TI2_R12_C02__seed691201__it0000013,CB1_CAUR_M_CF3_RI2_TI2_R12_C02,ts_7ed0b613f345b27dd244,1,M,CF3,0-20%,RELATED_VARIANT,related_variant_2,related,False,0,1,1,False,58823.529411764706,,numeric_robust_z:critical_overlap_fraction,numeric_robust_z:critical_overlap_fraction
CB1_CAUR_M_CF3_RI2_TI2_R12_C02__seed691201__it0000013,CB1_CAUR_M_CF3_RI2_TI2_R12_C02,ts_b94e10152ecdf3eb57a3,1,M,CF3,0-20%,STRUCTURED_NEAR_NEIGHBOR,near_low_slack,related,False,0,1,1,False,58823.529411764706,,numeric_robust_z:critical_overlap_fraction,numeric_robust_z:critical_overlap_fraction
CB1_CAUR_M_CF3_RI2_TI2_R12_C02__seed691201__it0000013,CB1_CAUR_M_CF3_RI2_TI2_R12_C02,ts_ccb009a1a7d8abf0e533,1,M,CF3,0-20%,ORIGINAL_OPERATOR,operator_critical,critical,False,0,1,1,False,58823.529411764706,,numeric_robust_z:critical_overlap_fraction,numeric_robust_z:critical_overlap_fraction
CB1_CAUR_M_CF3_RI2_TI2_R12_C02__seed691201__it0000013,CB1_CAUR_M_CF3_RI2_TI2_R12_C02,ts_de43f4507a2b9a9d70d9,1,M,CF3,0-20%,ORIGINAL_OPERATOR,operator_related,related,False,0,1,1,False,1000000.0,,numeric_robust_z:is_fallback,numeric_robust_z:is_fallback
CB1_CAUR_M_CF3_RI2_TI2_R12_C02__seed691201__it0000054,CB1_CAUR_M_CF3_RI2_TI2_R12_C02,ts_01e8029d566451652fb0,1,M,CF3,0-20%,ORIGINAL_OPERATOR,operator_related,related,False,0,2,2,True,1000000.0,,numeric_robust_z:critical_overlap_fraction+numeric_robust_z:is_fallback,numeric_robust_z:critical_overlap_fraction+numeric_robust_z:is_fallback
CB1_CAUR_M_CF3_RI2_TI2_R12_C02__seed691201__it0000054,CB1_CAUR_M_CF3_RI2_TI2_R12_C02,ts_0546497a564065673a60,1,M,CF3,0-20%,ORIGINAL_OPERATOR,operator_critical,critical,False,0,1,1,False,58823.529411764706,,numeric_robust_z:critical_overlap_fraction,numeric_robust_z:critical_overlap_fraction
CB1_CAUR_M_CF3_RI2_TI2_R12_C02__seed691201__it0000054,CB1_CAUR_M_CF3_RI2_TI2_R12_C02,ts_22f8f68209e02c5915aa,1,M,CF3,0-20%,LOCAL_PERTURBATION,two_operation_swap,related,False,0,1,1,False,58823.529411764706,,numeric_robust_z:critical_overlap_fraction,numeric_robust_z:critical_overlap_fraction
CB1_CAUR_M_CF3_RI2_TI2_R12_C02__seed691201__it0000054,CB1_CAUR_M_CF3_RI2_TI2_R12_C02,ts_5452809a2ce0321bdf65,1,M,CF3,0-20%,STRUCTURED_NEAR_NEIGHBOR,near_low_slack,related,False,0,1,1,False,58823.529411764706,,numeric_robust_z:critical_overlap_fraction,numeric_robust_z:critical_overlap_fraction
CB1_CAUR_M_CF3_RI2_TI2_R12_C02__seed691201__it0000054,CB1_CAUR_M_CF3_RI2_TI2_R12_C02,ts_6b24b3a42949be15f5b8,1,M,CF3,0-20%,STRUCTURED_NEAR_NEIGHBOR,near_precedence_neighbor,related,False,0,1,1,False,58823.529411764706,,numeric_robust_z:critical_overlap_fraction,numeric_robust_z:critical_overlap_fraction
CB1_CAUR_M_CF3_RI2_TI2_R12_C02__seed691201__it0000054,CB1_CAUR_M_CF3_RI2_TI2_R12_C02,ts_788ab0112ceebf1b052a,1,M,CF3,0-20%,STRUCTURED_NEAR_NEIGHBOR,near_same_island_chain,related,False,0,1,1,False,58823.529411764706,,numeric_robust_z:critical_overlap_fraction,numeric_robust_z:critical_overlap_fraction
CB1_CAUR_M_CF3_RI2_TI2_R12_C02__seed691201__it0000054,CB1_CAUR_M_CF3_RI2_TI2_R12_C02,ts_aa94a33f7e8f6d5d4f11,1,M,CF3,0-20%,LOCAL_PERTURBATION,related_replace_25,related,False,0,1,1,False,58823.529411764706,,numeric_robust_z:critical_overlap_fraction,numeric_robust_z:critical_overlap_fraction
CB1_CAUR_M_CF3_RI2_TI2_R12_C02__seed691201__it0000054,CB1_CAUR_M_CF3_RI2_TI2_R12_C02,ts_be3be0aa221ef03004f8,1,M,CF3,0-20%,LOCAL_PERTURBATION,one_operation_swap,related,False,0,1,1,False,58823.529411764706,,numeric_robust_z:critical_overlap_fraction,numeric_robust_z:critical_overlap_fraction
CB1_CAUR_M_CF3_RI2_TI2_R12_C02__seed691201__it0000054,CB1_CAUR_M_CF3_RI2_TI2_R12_C02,ts_e9c81bca0ed33d5408df,1,M,CF3,0-20%,STRUCTURED_NEAR_NEIGHBOR,near_same_product,related,False,0,1,1,False,58823.529411764706,,numeric_robust_z:critical_overlap_fraction,numeric_robust_z:critical_overlap_fraction
CB1_CAUR_M_CF3_RI2_TI2_R12_C02__seed691201__it0000098,CB1_CAUR_M_CF3_RI2_TI2_R12_C02,ts_02decd6d15ccab59e6b3,1,M,CF3,20-40%,ORIGINAL_OPERATOR,operator_critical,critical,False,0,1,1,False,58823.529411764706,,numeric_robust_z:critical_overlap_fraction,numeric_robust_z:critical_overlap_fraction
CB1_CAUR_M_CF3_RI2_TI2_R12_C02__seed691201__it0000098,CB1_CAUR_M_CF3_RI2_TI2_R12_C02,ts_a2c43efd6e1e4d40ac33,1,M,CF3,20-40%,ORIGINAL_OPERATOR,operator_related,related,False,0,1,1,False,1000000.0,,numeric_robust_z:is_fallback,numeric_robust_z:is_fallback
CB1_CAUR_M_CF3_RI2_TI2_R12_C02__seed691201__it0000098,CB1_CAUR_M_CF3_RI2_TI2_R12_C02,ts_a8d0302732c9fa2f9420,1,M,CF3,20-40%,RELATED_VARIANT,related_variant_1,related,False,0,1,1,False,58823.529411764706,,numeric_robust_z:critical_overlap_fraction,numeric_robust_z:critical_overlap_fraction
CB1_CAUR_M_CF3_RI2_TI2_R12_C02__seed691201__it0000098,CB1_CAUR_M_CF3_RI2_TI2_R12_C02,ts_c8cc4e84452001ec6b3b,1,M,CF3,20-40%,STRUCTURED_NEAR_NEIGHBOR,near_low_slack,related,False,0,1,1,False,58823.529411764706,,numeric_robust_z:critical_overlap_fraction,numeric_robust_z:critical_overlap_fraction
CB1_CAUR_M_CF3_RI2_TI2_R12_C02__seed691201__it0000137,CB1_CAUR_M_CF3_RI2_TI2_R12_C02,ts_0259c75def285aabe1ca,1,M,CF3,40-60%,ORIGINAL_OPERATOR,operator_f_bottleneck,f_bottleneck,False,0,1,1,False,58823.529411764706,,numeric_robust_z:critical_overlap_fraction,numeric_robust_z:critical_overlap_fraction
CB1_CAUR_M_CF3_RI2_TI2_R12_C02__seed691201__it0000137,CB1_CAUR_M_CF3_RI2_TI2_R12_C02,ts_30ab0d0b53f27a529387,1,M,CF3,40-60%,ORIGINAL_OPERATOR,operator_related,related,False,0,1,1,False,1000000.0,,numeric_robust_z:is_fallback,numeric_robust_z:is_fallback
CB1_CAUR_M_CF3_RI2_TI2_R12_C02__seed691201__it0000137,CB1_CAUR_M_CF3_RI2_TI2_R12_C02,ts_4e0e497232617e983f39,1,M,CF3,40-60%,ORIGINAL_OPERATOR,operator_critical,critical,False,0,1,1,False,58823.529411764706,,numeric_robust_z:critical_overlap_fraction,numeric_robust_z:critical_overlap_fraction
CB1_CAUR_M_CF3_RI2_TI2_R12_C02__seed691201__it0000137,CB1_CAUR_M_CF3_RI2_TI2_R12_C02,ts_58ab59f9a06f034aaffa,1,M,CF3,40-60%,RELATED_VARIANT,related_variant_2,related,False,0,1,1,False,1000000.0,,numeric_robust_z:origin_rule_count,numeric_robust_z:origin_rule_count
CB1_CAUR_M_CF3_RI2_TI2_R12_C02__seed691201__it0000137,CB1_CAUR_M_CF3_RI2_TI2_R12_C02,ts_8e52840c030df2c8de58,1,M,CF3,40-60%,STRUCTURED_NEAR_NEIGHBOR,near_same_product,related,False,0,1,1,False,58823.529411764706,,numeric_robust_z:critical_overlap_fraction,numeric_robust_z:critical_overlap_fraction
CB1_CAUR_M_CF3_RI2_TI2_R12_C02__seed691201__it0000137,CB1_CAUR_M_CF3_RI2_TI2_R12_C02,ts_b91ff43d46f1009ea5d4,1,M,CF3,40-60%,ORIGINAL_OPERATOR,operator_high_reconfiguration,high_reconfiguration,False,0,1,1,False,58823.529411764706,,numeric_robust_z:critical_overlap_fraction,numeric_robust_z:critical_overlap_fraction
CB1_CAUR_M_CF3_RI2_TI2_R12_C02__seed691201__it0000137,CB1_CAUR_M_CF3_RI2_TI2_R12_C02,ts_ceb168681caabe970382,1,M,CF3,40-60%,STRUCTURED_NEAR_NEIGHBOR,near_low_slack,related,False,0,1,1,False,58823.529411764706,,numeric_robust_z:critical_overlap_fraction,numeric_robust_z:critical_overlap_fraction
CB1_CAUR_M_CF3_RI2_TI2_R12_C02__seed691201__it0000137,CB1_CAUR_M_CF3_RI2_TI2_R12_C02,ts_d2640ca9228a83c8088f,1,M,CF3,40-60%,ORIGINAL_OPERATOR,operator_w_bottleneck,w_bottleneck,False,0,1,1,False,58823.529411764706,,numeric_robust_z:critical_overlap_fraction,numeric_robust_z:critical_overlap_fraction
CB1_CAUR_M_CF3_RI2_TI2_R12_C02__seed691201__it0000177,CB1_CAUR_M_CF3_RI2_TI2_R12_C02,ts_09271d5895e14381782e,1,M,CF3,40-60%,STRUCTURED_NEAR_NEIGHBOR,near_low_slack,related,False,0,1,1,False,58823.529411764706,,numeric_robust_z:critical_overlap_fraction,numeric_robust_z:critical_overlap_fraction
CB1_CAUR_M_CF3_RI2_TI2_R12_C02__seed691201__it0000177,CB1_CAUR_M_CF3_RI2_TI2_R12_C02,ts_c39dea5576d7ab04f176,1,M,CF3,40-60%,ORIGINAL_OPERATOR,operator_critical,critical,False,0,1,1,False,58823.529411764706,,numeric_robust_z:critical_overlap_fraction,numeric_robust_z:critical_overlap_fraction
CB1_CAUR_M_CF3_RI2_TI2_R12_C02__seed691201__it0000177,CB1_CAUR_M_CF3_RI2_TI2_R12_C02,ts_d5e001c58e97b5d9f6a1,1,M,CF3,40-60%,ORIGINAL_OPERATOR,operator_related,related,False,0,1,1,False,1000000.0,,numeric_robust_z:is_fallback,numeric_robust_z:is_fallback
CB1_CAUR_M_CF3_RI2_TI2_R12_C02__seed691201__it0000221,CB1_CAUR_M_CF3_RI2_TI2_R12_C02,ts_11a38d344c9a5b31daf4,1,M,CF3,60-80%,ORIGINAL_OPERATOR,operator_critical,critical,False,0,1,1,False,58823.529411764706,,numeric_robust_z:critical_overlap_fraction,numeric_robust_z:critical_overlap_fraction
CB1_CAUR_M_CF3_RI2_TI2_R12_C02__seed691201__it0000221,CB1_CAUR_M_CF3_RI2_TI2_R12_C02,ts_525a572f0b829919f315,1,M,CF3,60-80%,RELATED_VARIANT,related_variant_2,related,False,0,1,1,False,58823.529411764706,,numeric_robust_z:critical_overlap_fraction,numeric_robust_z:critical_overlap_fraction
CB1_CAUR_M_CF3_RI2_TI2_R12_C02__seed691201__it0000221,CB1_CAUR_M_CF3_RI2_TI2_R12_C02,ts_527d53f86121ac1ff694,1,M,CF3,60-80%,ORIGINAL_OPERATOR,operator_related,related,False,0,1,1,False,1000000.0,,numeric_robust_z:is_fallback,numeric_robust_z:is_fallback
CB1_CAUR_M_CF3_RI2_TI2_R12_C02__seed691201__it0000221,CB1_CAUR_M_CF3_RI2_TI2_R12_C02,ts_d24d9992c6a08b73f846,1,M,CF3,60-80%,MATCHED_RANDOM,matched_random_1,random,False,0,1,1,False,58823.529411764706,,numeric_robust_z:critical_overlap_fraction,numeric_robust_z:critical_overlap_fraction
CB1_CAUR_M_CF3_RI2_TI2_R12_C02__seed691201__it0000221,CB1_CAUR_M_CF3_RI2_TI2_R12_C02,ts_f90086c52997aa412d10,1,M,CF3,60-80%,STRUCTURED_NEAR_NEIGHBOR,near_low_slack,related,False,0,1,1,False,58823.529411764706,,numeric_robust_z:critical_overlap_fraction,numeric_robust_z:critical_overlap_fraction
CB1_CAUR_M_CF3_RI2_TI2_R12_C02__seed691201__it0000262,CB1_CAUR_M_CF3_RI2_TI2_R12_C02,ts_018753361ffb83040f03,1,M,CF3,80-100%,MATCHED_RANDOM,matched_random_3,random,False,0,1,1,False,58823.529411764706,,numeric_robust_z:critical_overlap_fraction,numeric_robust_z:critical_overlap_fraction
CB1_CAUR_M_CF3_RI2_TI2_R12_C02__seed691201__it0000262,CB1_CAUR_M_CF3_RI2_TI2_R12_C02,ts_1b74efcfc62735741fcd,1,M,CF3,80-100%,STRUCTURED_NEAR_NEIGHBOR,near_low_slack,related,False,0,1,1,False,58823.529411764706,,numeric_robust_z:critical_overlap_fraction,numeric_robust_z:critical_overlap_fraction
CB1_CAUR_M_CF3_RI2_TI2_R12_C02__seed691201__it0000262,CB1_CAUR_M_CF3_RI2_TI2_R12_C02,ts_2d188f107d157755429e,1,M,CF3,80-100%,ORIGINAL_OPERATOR,operator_critical,critical,False,0,1,1,False,58823.529411764706,,numeric_robust_z:critical_overlap_fraction,numeric_robust_z:critical_overlap_fraction
CB1_CAUR_M_CF3_RI2_TI2_R12_C02__seed691201__it0000262,CB1_CAUR_M_CF3_RI2_TI2_R12_C02,ts_61e44381addec37f5987,1,M,CF3,80-100%,MATCHED_RANDOM,matched_random_2,random,False,0,1,1,False,58823.529411764706,,numeric_robust_z:critical_overlap_fraction,numeric_robust_z:critical_overlap_fraction
CB1_CAUR_M_CF3_RI2_TI2_R12_C02__seed691201__it0000262,CB1_CAUR_M_CF3_RI2_TI2_R12_C02,ts_81b35f3a43833e1b9319,1,M,CF3,80-100%,MATCHED_RANDOM,matched_random_1,random,False,0,1,1,False,58823.529411764706,,numeric_robust_z:critical_overlap_fraction,numeric_robust_z:critical_overlap_fraction
CB1_CAUR_M_CF3_RI2_TI2_R12_C02__seed691201__it0000262,CB1_CAUR_M_CF3_RI2_TI2_R12_C02,ts_82e7d0e0e81010f2415d,1,M,CF3,80-100%,ORIGINAL_OPERATOR,operator_w_bottleneck,w_bottleneck,False,0,1,1,False,58823.529411764706,,numeric_robust_z:critical_overlap_fraction,numeric_robust_z:critical_overlap_fraction
CB1_CAUR_M_CF3_RI2_TI2_R12_C02__seed691201__it0000262,CB1_CAUR_M_CF3_RI2_TI2_R12_C02,ts_a08a090c84695ea70d65,1,M,CF3,80-100%,ORIGINAL_OPERATOR,operator_random,random,False,0,1,1,False,58823.529411764706,,numeric_robust_z:critical_overlap_fraction,numeric_robust_z:critical_overlap_fraction
CB1_CAUR_M_CF3_RI2_TI2_R12_C02__seed691201__it0000262,CB1_CAUR_M_CF3_RI2_TI2_R12_C02,ts_cef28b66204045218e86,1,M,CF3,80-100%,ORIGINAL_OPERATOR,operator_related,related,False,0,1,1,False,1000000.0,,numeric_robust_z:is_fallback,numeric_robust_z:is_fallback
CB1_CAUR_M_CF3_RI2_TI2_R12_C02__seed691201__it0000294,CB1_CAUR_M_CF3_RI2_TI2_R12_C02,ts_06279a60ac0bc7487b8b,1,M,CF3,80-100%,STRUCTURED_NEAR_NEIGHBOR,near_low_slack,related,False,0,1,1,False,58823.529411764706,,numeric_robust_z:critical_overlap_fraction,numeric_robust_z:critical_overlap_fraction
CB1_CAUR_M_CF3_RI2_TI2_R12_C02__seed691201__it0000294,CB1_CAUR_M_CF3_RI2_TI2_R12_C02,ts_871e8dd2a635b1eb8b21,1,M,CF3,80-100%,ORIGINAL_OPERATOR,operator_w_bottleneck,w_bottleneck,False,0,1,1,False,58823.529411764706,,numeric_robust_z:critical_overlap_fraction,numeric_robust_z:critical_overlap_fraction
CB1_CAUR_M_CF3_RI2_TI2_R12_C02__seed691201__it0000294,CB1_CAUR_M_CF3_RI2_TI2_R12_C02,ts_8a296a6b9dd2deda3b42,1,M,CF3,80-100%,ORIGINAL_OPERATOR,operator_critical,critical,False,0,1,1,False,58823.529411764706,,numeric_robust_z:critical_overlap_fraction,numeric_robust_z:critical_overlap_fraction
CB1_CAUR_M_CF3_RI2_TI2_R12_C02__seed691201__it0000294,CB1_CAUR_M_CF3_RI2_TI2_R12_C02,ts_e0602973aef1f8f5c646,1,M,CF3,80-100%,ORIGINAL_OPERATOR,operator_related,related,False,0,1,1,False,1000000.0,,numeric_robust_z:is_fallback,numeric_robust_z:is_fallback
CB1_CAUR_M_CF3_RI2_TI2_R12_C02__seed691202__it0000013,CB1_CAUR_M_CF3_RI2_TI2_R12_C02,ts_68f4ba013cb3105a7306,1,M,CF3,0-20%,ORIGINAL_OPERATOR,operator_critical,critical,False,0,1,1,False,58823.529411764706,,numeric_robust_z:critical_overlap_fraction,numeric_robust_z:critical_overlap_fraction
CB1_CAUR_M_CF3_RI2_TI2_R12_C02__seed691202__it0000013,CB1_CAUR_M_CF3_RI2_TI2_R12_C02,ts_c1ec601df8bf97f8ca3f,1,M,CF3,0-20%,ORIGINAL_OPERATOR,operator_related,related,False,0,1,1,False,1000000.0,,numeric_robust_z:is_fallback,numeric_robust_z:is_fallback
CB1_CAUR_M_CF3_RI2_TI2_R12_C02__seed691202__it0000013,CB1_CAUR_M_CF3_RI2_TI2_R12_C02,ts_d9f5f4c0561d4abe299c,1,M,CF3,0-20%,STRUCTURED_NEAR_NEIGHBOR,near_low_slack,related,False,0,1,1,False,58823.529411764706,,numeric_robust_z:critical_overlap_fraction,numeric_robust_z:critical_overlap_fraction
CB1_CAUR_M_CF3_RI2_TI2_R12_C02__seed691202__it0000013,CB1_CAUR_M_CF3_RI2_TI2_R12_C02,ts_e48aade6c3d464fc9e9d,1,M,CF3,0-20%,RELATED_VARIANT,related_variant_2,related,False,0,1,1,False,58823.529411764706,,numeric_robust_z:critical_overlap_fraction,numeric_robust_z:critical_overlap_fraction
CB1_CAUR_M_CF3_RI2_TI2_R12_C02__seed691202__it0000051,CB1_CAUR_M_CF3_RI2_TI2_R12_C02,ts_0bd04538a9c500f3866a,1,M,CF3,0-20%,STRUCTURED_NEAR_NEIGHBOR,near_low_slack,related,False,0,1,1,False,58823.529411764706,,numeric_robust_z:critical_overlap_fraction,numeric_robust_z:critical_overlap_fraction
CB1_CAUR_M_CF3_RI2_TI2_R12_C02__seed691202__it0000051,CB1_CAUR_M_CF3_RI2_TI2_R12_C02,ts_0d8f8f751fdd672f193a,1,M,CF3,0-20%,ORIGINAL_OPERATOR,operator_related,related,False,0,1,1,False,1000000.0,,numeric_robust_z:is_fallback,numeric_robust_z:is_fallback
CB1_CAUR_M_CF3_RI2_TI2_R12_C02__seed691202__it0000051,CB1_CAUR_M_CF3_RI2_TI2_R12_C02,ts_0f0296afecf94d9ef26f,1,M,CF3,0-20%,ORIGINAL_OPERATOR,operator_critical,critical,False,0,1,1,False,58823.529411764706,,numeric_robust_z:critical_overlap_fraction,numeric_robust_z:critical_overlap_fraction
CB1_CAUR_M_CF3_RI2_TI2_R12_C02__seed691202__it0000051,CB1_CAUR_M_CF3_RI2_TI2_R12_C02,ts_ac71dd363573da5281e7,1,M,CF3,0-20%,RELATED_VARIANT,related_variant_1,related,False,0,2,2,True,1000000.0,,numeric_robust_z:origin_rule_count+numeric_robust_z:critical_overlap_fraction,numeric_robust_z:origin_rule_count+numeric_robust_z:critical_overlap_fraction
CB1_CAUR_M_CF3_RI2_TI2_R12_C02__seed691202__it0000095,CB1_CAUR_M_CF3_RI2_TI2_R12_C02,ts_416af3872de8cff3f298,1,M,CF3,20-40%,ORIGINAL_OPERATOR,operator_related,related,False,0,1,1,False,1000000.0,,numeric_robust_z:is_fallback,numeric_robust_z:is_fallback
CB1_CAUR_M_CF3_RI2_TI2_R12_C02__seed691202__it0000095,CB1_CAUR_M_CF3_RI2_TI2_R12_C02,ts_4a09060877959240db8f,1,M,CF3,20-40%,ORIGINAL_OPERATOR,operator_critical,critical,False,0,1,1,False,58823.529411764706,,numeric_robust_z:critical_overlap_fraction,numeric_robust_z:critical_overlap_fraction
CB1_CAUR_M_CF3_RI2_TI2_R12_C02__seed691202__it0000095,CB1_CAUR_M_CF3_RI2_TI2_R12_C02,ts_d08b9b882d978497d05b,1,M,CF3,20-40%,MATCHED_RANDOM,matched_random_2,random,False,0,1,1,False,58823.529411764706,,numeric_robust_z:critical_overlap_fraction,numeric_robust_z:critical_overlap_fraction
CB1_CAUR_M_CF3_RI2_TI2_R12_C02__seed691202__it0000095,CB1_CAUR_M_CF3_RI2_TI2_R12_C02,ts_e35d0a10b27e7cae345d,1,M,CF3,20-40%,RELATED_VARIANT,related_variant_3,related,True,0,1,1,False,58823.529411764706,,numeric_robust_z:critical_overlap_fraction,numeric_robust_z:critical_overlap_fraction
CB1_CAUR_M_CF3_RI2_TI2_R12_C02__seed691202__it0000095,CB1_CAUR_M_CF3_RI2_TI2_R12_C02,ts_f62790dbec1898b4420b,1,M,CF3,20-40%,STRUCTURED_NEAR_NEIGHBOR,near_low_slack,related,False,0,1,1,False,58823.529411764706,,numeric_robust_z:critical_overlap_fraction,numeric_robust_z:critical_overlap_fraction
CB1_CAUR_M_CF3_RI2_TI2_R12_C02__seed691202__it0000136,CB1_CAUR_M_CF3_RI2_TI2_R12_C02,ts_120bc284972f424f4d09,1,M,CF3,40-60%,ORIGINAL_OPERATOR,operator_w_bottleneck,w_bottleneck,False,0,1,1,False,58823.529411764706,,numeric_robust_z:critical_overlap_fraction,numeric_robust_z:critical_overlap_fraction
CB1_CAUR_M_CF3_RI2_TI2_R12_C02__seed691202__it0000136,CB1_CAUR_M_CF3_RI2_TI2_R12_C02,ts_7f56bae0e7b0029d2c81,1,M,CF3,40-60%,STRUCTURED_NEAR_NEIGHBOR,near_low_slack,related,False,0,1,1,False,58823.529411764706,,numeric_robust_z:critical_overlap_fraction,numeric_robust_z:critical_overlap_fraction
CB1_CAUR_M_CF3_RI2_TI2_R12_C02__seed691202__it0000136,CB1_CAUR_M_CF3_RI2_TI2_R12_C02,ts_98e9627ed463efb6663f,1,M,CF3,40-60%,ORIGINAL_OPERATOR,operator_critical,critical,False,0,1,1,False,58823.529411764706,,numeric_robust_z:critical_overlap_fraction,numeric_robust_z:critical_overlap_fraction
CB1_CAUR_M_CF3_RI2_TI2_R12_C02__seed691202__it0000136,CB1_CAUR_M_CF3_RI2_TI2_R12_C02,ts_db4550d43d1514c36b03,1,M,CF3,40-60%,ORIGINAL_OPERATOR,operator_f_bottleneck,f_bottleneck,False,0,1,1,False,58823.529411764706,,numeric_robust_z:critical_overlap_fraction,numeric_robust_z:critical_overlap_fraction
CB1_CAUR_M_CF3_RI2_TI2_R12_C02__seed691202__it0000136,CB1_CAUR_M_CF3_RI2_TI2_R12_C02,ts_e9a6c543b1cabf892e4c,1,M,CF3,40-60%,ORIGINAL_OPERATOR,operator_related,related,False,0,1,1,False,1000000.0,,numeric_robust_z:is_fallback,numeric_robust_z:is_fallback
CB1_CAUR_M_CF3_RI2_TI2_R12_C02__seed691202__it0000175,CB1_CAUR_M_CF3_RI2_TI2_R12_C02,ts_220f7023b9febf6e63ed,1,M,CF3,40-60%,ORIGINAL_OPERATOR,operator_critical,critical,False,0,1,1,False,58823.529411764706,,numeric_robust_z:critical_overlap_fraction,numeric_robust_z:critical_overlap_fraction
CB1_CAUR_M_CF3_RI2_TI2_R12_C02__seed691202__it0000175,CB1_CAUR_M_CF3_RI2_TI2_R12_C02,ts_36d5fc735f2f34b51562,1,M,CF3,40-60%,MATCHED_RANDOM,matched_random_3,random,False,0,1,1,False,58823.529411764706,,numeric_robust_z:critical_overlap_fraction,numeric_robust_z:critical_overlap_fraction
CB1_CAUR_M_CF3_RI2_TI2_R12_C02__seed691202__it0000175,CB1_CAUR_M_CF3_RI2_TI2_R12_C02,ts_4d3edd78a61c9fb48471,1,M,CF3,40-60%,ORIGINAL_OPERATOR,operator_w_bottleneck,w_bottleneck,False,0,1,1,False,58823.529411764706,,numeric_robust_z:critical_overlap_fraction,numeric_robust_z:critical_overlap_fraction
CB1_CAUR_M_CF3_RI2_TI2_R12_C02__seed691202__it0000175,CB1_CAUR_M_CF3_RI2_TI2_R12_C02,ts_510a071bbb40961bb925,1,M,CF3,40-60%,RELATED_VARIANT,related_variant_2,related,False,0,1,1,False,2000000.0,,numeric_robust_z:origin_rule_count,numeric_robust_z:origin_rule_count
CB1_CAUR_M_CF3_RI2_TI2_R12_C02__seed691202__it0000175,CB1_CAUR_M_CF3_RI2_TI2_R12_C02,ts_592fc18d95b2ea4657e3,1,M,CF3,40-60%,ORIGINAL_OPERATOR,operator_overloaded_island,overloaded_island,False,0,1,1,False,58823.529411764706,,numeric_robust_z:critical_overlap_fraction,numeric_robust_z:critical_overlap_fraction
CB1_CAUR_M_CF3_RI2_TI2_R12_C02__seed691202__it0000175,CB1_CAUR_M_CF3_RI2_TI2_R12_C02,ts_cdcb790aa37de42e0496,1,M,CF3,40-60%,STRUCTURED_NEAR_NEIGHBOR,near_low_slack,related,False,0,1,1,False,58823.529411764706,,numeric_robust_z:critical_overlap_fraction,numeric_robust_z:critical_overlap_fraction
CB1_CAUR_M_CF3_RI2_TI2_R12_C02__seed691202__it0000175,CB1_CAUR_M_CF3_RI2_TI2_R12_C02,ts_cfefe756e0beed64d8e7,1,M,CF3,40-60%,ORIGINAL_OPERATOR,operator_related,related,False,0,1,1,False,1000000.0,,numeric_robust_z:is_fallback,numeric_robust_z:is_fallback
CB1_CAUR_M_CF3_RI2_TI2_R12_C02__seed691202__it0000175,CB1_CAUR_M_CF3_RI2_TI2_R12_C02,ts_e0a9ed53c2002b062e6c,1,M,CF3,40-60%,ORIGINAL_OPERATOR,operator_high_reconfiguration,high_reconfiguration,True,0,1,1,False,58823.529411764706,,numeric_robust_z:critical_overlap_fraction,numeric_robust_z:critical_overlap_fraction
CB1_CAUR_M_CF3_RI2_TI2_R12_C02__seed691202__it0000219,CB1_CAUR_M_CF3_RI2_TI2_R12_C02,ts_056016969559d13b277e,1,M,CF3,60-80%,ORIGINAL_OPERATOR,operator_critical,critical,False,0,1,1,False,58823.529411764706,,numeric_robust_z:critical_overlap_fraction,numeric_robust_z:critical_overlap_fraction
CB1_CAUR_M_CF3_RI2_TI2_R12_C02__seed691202__it0000219,CB1_CAUR_M_CF3_RI2_TI2_R12_C02,ts_0adcd06826dac375d468,1,M,CF3,60-80%,STRUCTURED_NEAR_NEIGHBOR,near_same_island_chain,related,False,0,1,1,False,58823.529411764706,,numeric_robust_z:critical_overlap_fraction,numeric_robust_z:critical_overlap_fraction
CB1_CAUR_M_CF3_RI2_TI2_R12_C02__seed691202__it0000219,CB1_CAUR_M_CF3_RI2_TI2_R12_C02,ts_35cc39aa2e661cb1d622,1,M,CF3,60-80%,RELATED_VARIANT,related_variant_1,related,False,0,1,1,False,58823.529411764706,,numeric_robust_z:critical_overlap_fraction,numeric_robust_z:critical_overlap_fraction
CB1_CAUR_M_CF3_RI2_TI2_R12_C02__seed691202__it0000219,CB1_CAUR_M_CF3_RI2_TI2_R12_C02,ts_7ae2289e960a8d7800cc,1,M,CF3,60-80%,ORIGINAL_OPERATOR,operator_related,related,False,0,1,1,False,1000000.0,,numeric_robust_z:is_fallback,numeric_robust_z:is_fallback
CB1_CAUR_M_CF3_RI2_TI2_R12_C02__seed691202__it0000219,CB1_CAUR_M_CF3_RI2_TI2_R12_C02,ts_80185242c0c2821944fd,1,M,CF3,60-80%,STRUCTURED_NEAR_NEIGHBOR,near_low_slack,related,False,0,1,1,False,58823.529411764706,,numeric_robust_z:critical_overlap_fraction,numeric_robust_z:critical_overlap_fraction
CB1_CAUR_M_CF3_RI2_TI2_R12_C02__seed691202__it0000219,CB1_CAUR_M_CF3_RI2_TI2_R12_C02,ts_be7a51439af0179a791e,1,M,CF3,60-80%,RELATED_VARIANT,related_variant_2,related,True,0,1,1,False,58823.529411764706,,numeric_robust_z:critical_overlap_fraction,numeric_robust_z:critical_overlap_fraction
CB1_CAUR_M_CF3_RI2_TI2_R12_C02__seed691202__it0000219,CB1_CAUR_M_CF3_RI2_TI2_R12_C02,ts_d1a0b55e50612414b4fc,1,M,CF3,60-80%,ORIGINAL_OPERATOR,operator_random,random,False,0,1,1,False,58823.529411764706,,numeric_robust_z:critical_overlap_fraction,numeric_robust_z:critical_overlap_fraction
CB1_CAUR_M_CF3_RI2_TI2_R12_C02__seed691202__it0000260,CB1_CAUR_M_CF3_RI2_TI2_R12_C02,ts_17cb02d2c2888d5c58af,1,M,CF3,80-100%,RELATED_VARIANT,related_variant_1,related,False,0,1,1,False,1000000.0,,numeric_robust_z:origin_rule_count,numeric_robust_z:origin_rule_count
CB1_CAUR_M_CF3_RI2_TI2_R12_C02__seed691202__it0000260,CB1_CAUR_M_CF3_RI2_TI2_R12_C02,ts_4e4dafe0a9f27d4eef5f,1,M,CF3,80-100%,ORIGINAL_OPERATOR,operator_critical,critical,False,0,1,1,False,58823.529411764706,,numeric_robust_z:critical_overlap_fraction,numeric_robust_z:critical_overlap_fraction
CB1_CAUR_M_CF3_RI2_TI2_R12_C02__seed691202__it0000260,CB1_CAUR_M_CF3_RI2_TI2_R12_C02,ts_5591a7cf6e5cde938288,1,M,CF3,80-100%,RELATED_VARIANT,related_variant_2,related,False,0,1,1,False,58823.529411764706,,numeric_robust_z:critical_overlap_fraction,numeric_robust_z:critical_overlap_fraction
CB1_CAUR_M_CF3_RI2_TI2_R12_C02__seed691202__it0000260,CB1_CAUR_M_CF3_RI2_TI2_R12_C02,ts_5a1e13f4123f36c38882,1,M,CF3,80-100%,MATCHED_RANDOM,matched_random_3,random,False,0,1,1,False,58823.529411764706,,numeric_robust_z:critical_overlap_fraction,numeric_robust_z:critical_overlap_fraction
CB1_CAUR_M_CF3_RI2_TI2_R12_C02__seed691202__it0000260,CB1_CAUR_M_CF3_RI2_TI2_R12_C02,ts_689606180a0d5dcf990d,1,M,CF3,80-100%,ORIGINAL_OPERATOR,operator_related,related,False,0,1,1,False,1000000.0,,numeric_robust_z:is_fallback,numeric_robust_z:is_fallback
CB1_CAUR_M_CF3_RI2_TI2_R12_C02__seed691202__it0000260,CB1_CAUR_M_CF3_RI2_TI2_R12_C02,ts_bd3b18b126405a6697a1,1,M,CF3,80-100%,STRUCTURED_NEAR_NEIGHBOR,near_low_slack,related,False,0,1,1,False,58823.529411764706,,numeric_robust_z:critical_overlap_fraction,numeric_robust_z:critical_overlap_fraction
CB1_CAUR_M_CF3_RI2_TI2_R12_C02__seed691202__it0000260,CB1_CAUR_M_CF3_RI2_TI2_R12_C02,ts_d98fe8c1937917869a00,1,M,CF3,80-100%,MATCHED_RANDOM,matched_random_2,random,True,0,1,1,False,58823.529411764706,,numeric_robust_z:critical_overlap_fraction,numeric_robust_z:critical_overlap_fraction
CB1_CAUR_M_CF3_RI2_TI2_R12_C02__seed691202__it0000292,CB1_CAUR_M_CF3_RI2_TI2_R12_C02,ts_0681bdf54907ad7f0273,1,M,CF3,80-100%,STRUCTURED_NEAR_NEIGHBOR,near_low_slack,related,False,0,1,1,False,58823.529411764706,,numeric_robust_z:critical_overlap_fraction,numeric_robust_z:critical_overlap_fraction
CB1_CAUR_M_CF3_RI2_TI2_R12_C02__seed691202__it0000292,CB1_CAUR_M_CF3_RI2_TI2_R12_C02,ts_0c26e30eae9d1588aad1,1,M,CF3,80-100%,STRUCTURED_NEAR_NEIGHBOR,near_high_F_delay,related,False,0,1,1,False,58823.529411764706,,numeric_robust_z:critical_overlap_fraction,numeric_robust_z:critical_overlap_fraction
CB1_CAUR_M_CF3_RI2_TI2_R12_C02__seed691202__it0000292,CB1_CAUR_M_CF3_RI2_TI2_R12_C02,ts_3bdad80449566eb1b3f1,1,M,CF3,80-100%,LOCAL_PERTURBATION,one_operation_swap,related,False,0,1,1,False,58823.529411764706,,numeric_robust_z:critical_overlap_fraction,numeric_robust_z:critical_overlap_fraction
CB1_CAUR_M_CF3_RI2_TI2_R12_C02__seed691202__it0000292,CB1_CAUR_M_CF3_RI2_TI2_R12_C02,ts_4f326e0d8c19d0cfcac9,1,M,CF3,80-100%,STRUCTURED_NEAR_NEIGHBOR,near_same_product,related,False,0,1,1,False,58823.529411764706,,numeric_robust_z:critical_overlap_fraction,numeric_robust_z:critical_overlap_fraction
CB1_CAUR_M_CF3_RI2_TI2_R12_C02__seed691202__it0000292,CB1_CAUR_M_CF3_RI2_TI2_R12_C02,ts_8700814da6423a1cabc8,1,M,CF3,80-100%,STRUCTURED_NEAR_NEIGHBOR,near_precedence_neighbor,related,False,0,1,1,False,58823.529411764706,,numeric_robust_z:critical_overlap_fraction,numeric_robust_z:critical_overlap_fraction
CB1_CAUR_M_CF3_RI2_TI2_R12_C02__seed691202__it0000292,CB1_CAUR_M_CF3_RI2_TI2_R12_C02,ts_88f7132eea550d3d3732,1,M,CF3,80-100%,ORIGINAL_OPERATOR,operator_related,related,False,0,2,2,True,1000000.0,,numeric_robust_z:critical_overlap_fraction+numeric_robust_z:is_fallback,numeric_robust_z:critical_overlap_fraction+numeric_robust_z:is_fallback
CB1_CAUR_M_CF3_RI2_TI2_R12_C02__seed691202__it0000292,CB1_CAUR_M_CF3_RI2_TI2_R12_C02,ts_a05a758698674a7a4772,1,M,CF3,80-100%,LOCAL_PERTURBATION,related_replace_50,related,False,0,1,1,False,58823.529411764706,,numeric_robust_z:critical_overlap_fraction,numeric_robust_z:critical_overlap_fraction
CB1_CAUR_M_CF3_RI2_TI2_R12_C02__seed691202__it0000292,CB1_CAUR_M_CF3_RI2_TI2_R12_C02,ts_b81d8f810a8a31a9d705,1,M,CF3,80-100%,ORIGINAL_OPERATOR,operator_critical,critical,False,0,1,1,False,58823.529411764706,,numeric_robust_z:critical_overlap_fraction,numeric_robust_z:critical_overlap_fraction
CB1_CAUR_M_CF3_RI2_TI2_R12_C02__seed691202__it0000292,CB1_CAUR_M_CF3_RI2_TI2_R12_C02,ts_c93e2aec3c0072bad0d9,1,M,CF3,80-100%,LOCAL_PERTURBATION,two_operation_swap,related,False,0,1,1,False,58823.529411764706,,numeric_robust_z:critical_overlap_fraction,numeric_robust_z:critical_overlap_fraction
CB1_CAUR_M_CF3_RI2_TI2_R12_C02__seed691202__it0000292,CB1_CAUR_M_CF3_RI2_TI2_R12_C02,ts_e825c3ebcffd1fea577f,1,M,CF3,80-100%,STRUCTURED_NEAR_NEIGHBOR,near_same_island_chain,related,True,0,1,1,False,58823.529411764706,,numeric_robust_z:critical_overlap_fraction,numeric_robust_z:critical_overlap_fraction
CB1_CAUR_M_CF3_RI2_TI2_R12_C02__seed691202__it0000292,CB1_CAUR_M_CF3_RI2_TI2_R12_C02,ts_e9ddd1f3070a6842ac4f,1,M,CF3,80-100%,STRUCTURED_NEAR_NEIGHBOR,near_high_W_delay,related,False,0,1,1,False,58823.529411764706,,numeric_robust_z:critical_overlap_fraction,numeric_robust_z:critical_overlap_fraction
CB1_CAUR_M_CF3_RI2_TI2_R12_C02__seed691202__it0000292,CB1_CAUR_M_CF3_RI2_TI2_R12_C02,ts_e9e1ec3fa3ff0275cefc,1,M,CF3,80-100%,LOCAL_PERTURBATION,related_replace_25,related,False,0,1,1,False,58823.529411764706,,numeric_robust_z:critical_overlap_fraction,numeric_robust_z:critical_overlap_fraction
CB1_CAUR_M_CF3_RI2_TI2_R12__seed691201__it0000012,CB1_CAUR_M_CF3_RI2_TI2_R12,ts_25af0aa078c81a26daa7,1,M,CF3,0-20%,ORIGINAL_OPERATOR,operator_random,random,False,0,1,1,False,55555.555555555555,,numeric_robust_z:critical_overlap_fraction,numeric_robust_z:critical_overlap_fraction
CB1_CAUR_M_CF3_RI2_TI2_R12__seed691201__it0000012,CB1_CAUR_M_CF3_RI2_TI2_R12,ts_2c355d59ae37761e9df5,1,M,CF3,0-20%,ORIGINAL_OPERATOR,operator_high_reconfiguration,high_reconfiguration,False,0,1,1,False,55555.555555555555,,numeric_robust_z:critical_overlap_fraction,numeric_robust_z:critical_overlap_fraction
CB1_CAUR_M_CF3_RI2_TI2_R12__seed691201__it0000012,CB1_CAUR_M_CF3_RI2_TI2_R12,ts_2ce4dcf603078028a613,1,M,CF3,0-20%,STRUCTURED_NEAR_NEIGHBOR,near_same_island_chain,related,False,0,1,1,False,55555.555555555555,,numeric_robust_z:critical_overlap_fraction,numeric_robust_z:critical_overlap_fraction
CB1_CAUR_M_CF3_RI2_TI2_R12__seed691201__it0000012,CB1_CAUR_M_CF3_RI2_TI2_R12,ts_2e1fc9499ad0d62f1934,1,M,CF3,0-20%,STRUCTURED_NEAR_NEIGHBOR,near_high_F_delay,related,True,0,1,1,False,55555.555555555555,,numeric_robust_z:critical_overlap_fraction,numeric_robust_z:critical_overlap_fraction
CB1_CAUR_M_CF3_RI2_TI2_R12__seed691201__it0000012,CB1_CAUR_M_CF3_RI2_TI2_R12,ts_3198dc35df26f6f1bb41,1,M,CF3,0-20%,STRUCTURED_NEAR_NEIGHBOR,near_same_product,related,False,0,1,1,False,55555.555555555555,,numeric_robust_z:critical_overlap_fraction,numeric_robust_z:critical_overlap_fraction
CB1_CAUR_M_CF3_RI2_TI2_R12__seed691201__it0000012,CB1_CAUR_M_CF3_RI2_TI2_R12,ts_3d609f0b7ab46955928b,1,M,CF3,0-20%,LOCAL_PERTURBATION,two_operation_swap,related,False,0,1,1,False,55555.555555555555,,numeric_robust_z:critical_overlap_fraction,numeric_robust_z:critical_overlap_fraction
CB1_CAUR_M_CF3_RI2_TI2_R12__seed691201__it0000012,CB1_CAUR_M_CF3_RI2_TI2_R12,ts_3d8c5833fc98df340624,1,M,CF3,0-20%,STRUCTURED_NEAR_NEIGHBOR,near_high_W_delay,related,False,0,1,1,False,55555.555555555555,,numeric_robust_z:critical_overlap_fraction,numeric_robust_z:critical_overlap_fraction
CB1_CAUR_M_CF3_RI2_TI2_R12__seed691201__it0000012,CB1_CAUR_M_CF3_RI2_TI2_R12,ts_3dbaf5c3b7c1809a284d,1,M,CF3,0-20%,ORIGINAL_OPERATOR,operator_related,related,False,0,2,2,True,1000000.0,,numeric_robust_z:critical_overlap_fraction+numeric_robust_z:is_fallback,numeric_robust_z:critical_overlap_fraction+numeric_robust_z:is_fallback
CB1_CAUR_M_CF3_RI2_TI2_R12__seed691201__it0000012,CB1_CAUR_M_CF3_RI2_TI2_R12,ts_8a2fc9e22389b18d4506,1,M,CF3,0-20%,STRUCTURED_NEAR_NEIGHBOR,near_precedence_neighbor,related,False,0,1,1,False,55555.555555555555,,numeric_robust_z:critical_overlap_fraction,numeric_robust_z:critical_overlap_fraction
CB1_CAUR_M_CF3_RI2_TI2_R12__seed691201__it0000012,CB1_CAUR_M_CF3_RI2_TI2_R12,ts_abe8047338f02bb652bd,1,M,CF3,0-20%,LOCAL_PERTURBATION,one_operation_swap,related,False,0,1,1,False,55555.555555555555,,numeric_robust_z:critical_overlap_fraction,numeric_robust_z:critical_overlap_fraction
CB1_CAUR_M_CF3_RI2_TI2_R12__seed691201__it0000012,CB1_CAUR_M_CF3_RI2_TI2_R12,ts_d7be6261ed75931c0e26,1,M,CF3,0-20%,STRUCTURED_NEAR_NEIGHBOR,near_low_slack,related,False,0,1,1,False,55555.555555555555,,numeric_robust_z:critical_overlap_fraction,numeric_robust_z:critical_overlap_fraction
CB1_CAUR_M_CF3_RI2_TI2_R12__seed691201__it0000012,CB1_CAUR_M_CF3_RI2_TI2_R12,ts_e1d442034adff4b262c2,1,M,CF3,0-20%,ORIGINAL_OPERATOR,operator_critical,critical,False,0,1,1,False,55555.555555555555,,numeric_robust_z:critical_overlap_fraction,numeric_robust_z:critical_overlap_fraction
CB1_CAUR_M_CF3_RI2_TI2_R12__seed691201__it0000012,CB1_CAUR_M_CF3_RI2_TI2_R12,ts_e596e33bba670d1bfbc0,1,M,CF3,0-20%,ORIGINAL_OPERATOR,operator_f_bottleneck,f_bottleneck,False,0,1,1,False,55555.555555555555,,numeric_robust_z:critical_overlap_fraction,numeric_robust_z:critical_overlap_fraction
CB1_CAUR_M_CF3_RI2_TI2_R12__seed691201__it0000012,CB1_CAUR_M_CF3_RI2_TI2_R12,ts_ec6ea021c5e8ae6aeb6f,1,M,CF3,0-20%,LOCAL_PERTURBATION,related_replace_50,related,False,0,1,1,False,55555.555555555555,,numeric_robust_z:critical_overlap_fraction,numeric_robust_z:critical_overlap_fraction
CB1_CAUR_M_CF3_RI2_TI2_R12__seed691201__it0000053,CB1_CAUR_M_CF3_RI2_TI2_R12,ts_03502c282a37a82f576f,1,M,CF3,0-20%,STRUCTURED_NEAR_NEIGHBOR,near_high_W_delay,related,False,0,1,1,False,55555.555555555555,,numeric_robust_z:critical_overlap_fraction,numeric_robust_z:critical_overlap_fraction
CB1_CAUR_M_CF3_RI2_TI2_R12__seed691201__it0000053,CB1_CAUR_M_CF3_RI2_TI2_R12,ts_145540143bbbac75aa0f,1,M,CF3,0-20%,LOCAL_PERTURBATION,two_operation_swap,related,False,0,1,1,False,55555.555555555555,,numeric_robust_z:critical_overlap_fraction,numeric_robust_z:critical_overlap_fraction
CB1_CAUR_M_CF3_RI2_TI2_R12__seed691201__it0000053,CB1_CAUR_M_CF3_RI2_TI2_R12,ts_3ff0164ee54a4de4a326,1,M,CF3,0-20%,STRUCTURED_NEAR_NEIGHBOR,near_same_product,related,False,0,1,1,False,55555.555555555555,,numeric_robust_z:critical_overlap_fraction,numeric_robust_z:critical_overlap_fraction
CB1_CAUR_M_CF3_RI2_TI2_R12__seed691201__it0000053,CB1_CAUR_M_CF3_RI2_TI2_R12,ts_68c268dfdbb8570ca59e,1,M,CF3,0-20%,LOCAL_PERTURBATION,related_replace_25,related,False,0,1,1,False,55555.555555555555,,numeric_robust_z:critical_overlap_fraction,numeric_robust_z:critical_overlap_fraction
CB1_CAUR_M_CF3_RI2_TI2_R12__seed691201__it0000053,CB1_CAUR_M_CF3_RI2_TI2_R12,ts_71739dfe1cfc7105f141,1,M,CF3,0-20%,RELATED_VARIANT,related_variant_2,related,False,0,1,1,False,55555.555555555555,,numeric_robust_z:critical_overlap_fraction,numeric_robust_z:critical_overlap_fraction
CB1_CAUR_M_CF3_RI2_TI2_R12__seed691201__it0000053,CB1_CAUR_M_CF3_RI2_TI2_R12,ts_7e3f4560de9ec27d072d,1,M,CF3,0-20%,STRUCTURED_NEAR_NEIGHBOR,near_same_island_chain,related,False,0,1,1,False,55555.555555555555,,numeric_robust_z:critical_overlap_fraction,numeric_robust_z:critical_overlap_fraction
CB1_CAUR_M_CF3_RI2_TI2_R12__seed691201__it0000053,CB1_CAUR_M_CF3_RI2_TI2_R12,ts_7ef43d435f3b3f3d1f0a,1,M,CF3,0-20%,ORIGINAL_OPERATOR,operator_related,related,False,0,2,2,True,1000000.0,,numeric_robust_z:critical_overlap_fraction+numeric_robust_z:is_fallback,numeric_robust_z:critical_overlap_fraction+numeric_robust_z:is_fallback
CB1_CAUR_M_CF3_RI2_TI2_R12__seed691201__it0000053,CB1_CAUR_M_CF3_RI2_TI2_R12,ts_a3d745a942033e9cd3ea,1,M,CF3,0-20%,LOCAL_PERTURBATION,one_operation_swap,related,False,0,1,1,False,55555.555555555555,,numeric_robust_z:critical_overlap_fraction,numeric_robust_z:critical_overlap_fraction
CB1_CAUR_M_CF3_RI2_TI2_R12__seed691201__it0000053,CB1_CAUR_M_CF3_RI2_TI2_R12,ts_a8ced2ba8a61b13275af,1,M,CF3,0-20%,STRUCTURED_NEAR_NEIGHBOR,near_precedence_neighbor,related,False,0,1,1,False,55555.555555555555,,numeric_robust_z:critical_overlap_fraction,numeric_robust_z:critical_overlap_fraction
CB1_CAUR_M_CF3_RI2_TI2_R12__seed691201__it0000053,CB1_CAUR_M_CF3_RI2_TI2_R12,ts_bbbaed70491351a95a0e,1,M,CF3,0-20%,STRUCTURED_NEAR_NEIGHBOR,near_low_slack,related,False,0,1,1,False,55555.555555555555,,numeric_robust_z:critical_overlap_fraction,numeric_robust_z:critical_overlap_fraction
CB1_CAUR_M_CF3_RI2_TI2_R12__seed691201__it0000053,CB1_CAUR_M_CF3_RI2_TI2_R12,ts_be461e4f65775ac0f794,1,M,CF3,0-20%,LOCAL_PERTURBATION,related_replace_50,related,True,0,1,1,False,55555.555555555555,,numeric_robust_z:critical_overlap_fraction,numeric_robust_z:critical_overlap_fraction
CB1_CAUR_M_CF3_RI2_TI2_R12__seed691201__it0000053,CB1_CAUR_M_CF3_RI2_TI2_R12,ts_c59f98f91f51de487164,1,M,CF3,0-20%,STRUCTURED_NEAR_NEIGHBOR,near_high_F_delay,related,False,0,1,1,False,55555.555555555555,,numeric_robust_z:critical_overlap_fraction,numeric_robust_z:critical_overlap_fraction
CB1_CAUR_M_CF3_RI2_TI2_R12__seed691201__it0000053,CB1_CAUR_M_CF3_RI2_TI2_R12,ts_e384a4ab323aaeb09c0b,1,M,CF3,0-20%,ORIGINAL_OPERATOR,operator_critical,critical,False,0,1,1,False,55555.555555555555,,numeric_robust_z:critical_overlap_fraction,numeric_robust_z:critical_overlap_fraction
CB1_CAUR_M_CF3_RI2_TI2_R12__seed691201__it0000053,CB1_CAUR_M_CF3_RI2_TI2_R12,ts_ed3a8275fec532dc97d8,1,M,CF3,0-20%,MATCHED_RANDOM,matched_random_1,random,False,0,1,1,False,55555.555555555555,,numeric_robust_z:critical_overlap_fraction,numeric_robust_z:critical_overlap_fraction
CB1_CAUR_M_CF3_RI2_TI2_R12__seed691201__it0000096,CB1_CAUR_M_CF3_RI2_TI2_R12,ts_058d6b74a5dc58bd0c85,1,M,CF3,20-40%,STRUCTURED_NEAR_NEIGHBOR,near_same_product,related,False,0,1,1,False,111111.11111111111,,numeric_robust_z:critical_overlap_fraction,numeric_robust_z:critical_overlap_fraction
CB1_CAUR_M_CF3_RI2_TI2_R12__seed691201__it0000096,CB1_CAUR_M_CF3_RI2_TI2_R12,ts_0f7ad108c36c7894c087,1,M,CF3,20-40%,LOCAL_PERTURBATION,one_operation_swap,related,False,0,1,1,False,111111.11111111111,,numeric_robust_z:critical_overlap_fraction,numeric_robust_z:critical_overlap_fraction
CB1_CAUR_M_CF3_RI2_TI2_R12__seed691201__it0000096,CB1_CAUR_M_CF3_RI2_TI2_R12,ts_258bf732a6a1a56a6485,1,M,CF3,20-40%,LOCAL_PERTURBATION,related_replace_50,related,False,0,1,1,False,111111.11111111111,,numeric_robust_z:critical_overlap_fraction,numeric_robust_z:critical_overlap_fraction
CB1_CAUR_M_CF3_RI2_TI2_R12__seed691201__it0000096,CB1_CAUR_M_CF3_RI2_TI2_R12,ts_421ed0a0321a407972bf,1,M,CF3,20-40%,STRUCTURED_NEAR_NEIGHBOR,near_precedence_neighbor,related,False,0,1,1,False,55555.555555555555,,numeric_robust_z:critical_overlap_fraction,numeric_robust_z:critical_overlap_fraction
CB1_CAUR_M_CF3_RI2_TI2_R12__seed691201__it0000096,CB1_CAUR_M_CF3_RI2_TI2_R12,ts_423ed03cd6e4196af6dd,1,M,CF3,20-40%,MATCHED_RANDOM,matched_random_2,random,False,0,1,1,False,111111.11111111111,,numeric_robust_z:critical_overlap_fraction,numeric_robust_z:critical_overlap_fraction
CB1_CAUR_M_CF3_RI2_TI2_R12__seed691201__it0000096,CB1_CAUR_M_CF3_RI2_TI2_R12,ts_5299efba593006a660d4,1,M,CF3,20-40%,MATCHED_RANDOM,matched_random_3,random,True,0,1,1,False,55555.555555555555,,numeric_robust_z:critical_overlap_fraction,numeric_robust_z:critical_overlap_fraction
CB1_CAUR_M_CF3_RI2_TI2_R12__seed691201__it0000096,CB1_CAUR_M_CF3_RI2_TI2_R12,ts_62b2cee07077ed28e302,1,M,CF3,20-40%,ORIGINAL_OPERATOR,operator_related,related,False,0,2,2,True,1000000.0,,numeric_robust_z:critical_overlap_fraction+numeric_robust_z:is_fallback,numeric_robust_z:critical_overlap_fraction+numeric_robust_z:is_fallback
CB1_CAUR_M_CF3_RI2_TI2_R12__seed691201__it0000096,CB1_CAUR_M_CF3_RI2_TI2_R12,ts_6507d77743cf789b2d51,1,M,CF3,20-40%,LOCAL_PERTURBATION,related_replace_25,related,False,0,1,1,False,111111.11111111111,,numeric_robust_z:critical_overlap_fraction,numeric_robust_z:critical_overlap_fraction
CB1_CAUR_M_CF3_RI2_TI2_R12__seed691201__it0000096,CB1_CAUR_M_CF3_RI2_TI2_R12,ts_6be0af58145b9d3f8007,1,M,CF3,20-40%,STRUCTURED_NEAR_NEIGHBOR,near_low_slack,related,False,0,2,2,True,111111.11111111111,,numeric_robust_z:critical_overlap_fraction+numeric_robust_z:bottleneck_overlap_fraction,numeric_robust_z:critical_overlap_fraction+numeric_robust_z:bottleneck_overlap_fraction
CB1_CAUR_M_CF3_RI2_TI2_R12__seed691201__it0000096,CB1_CAUR_M_CF3_RI2_TI2_R12,ts_744382493a6d0ab344a4,1,M,CF3,20-40%,ORIGINAL_OPERATOR,operator_critical,critical,False,0,2,2,True,111111.11111111111,,numeric_robust_z:critical_overlap_fraction+numeric_robust_z:bottleneck_overlap_fraction,numeric_robust_z:critical_overlap_fraction+numeric_robust_z:bottleneck_overlap_fraction
CB1_CAUR_M_CF3_RI2_TI2_R12__seed691201__it0000096,CB1_CAUR_M_CF3_RI2_TI2_R12,ts_80596e1d9466a1199ec9,1,M,CF3,20-40%,LOCAL_PERTURBATION,two_operation_swap,related,False,0,1,1,False,55555.555555555555,,numeric_robust_z:critical_overlap_fraction,numeric_robust_z:critical_overlap_fraction
CB1_CAUR_M_CF3_RI2_TI2_R12__seed691201__it0000096,CB1_CAUR_M_CF3_RI2_TI2_R12,ts_944b6fd931005cd1d944,1,M,CF3,20-40%,STRUCTURED_NEAR_NEIGHBOR,near_high_W_delay,related,False,0,1,1,False,55555.555555555555,,numeric_robust_z:critical_overlap_fraction,numeric_robust_z:critical_overlap_fraction
CB1_CAUR_M_CF3_RI2_TI2_R12__seed691201__it0000096,CB1_CAUR_M_CF3_RI2_TI2_R12,ts_b5a3f483e236bc488b69,1,M,CF3,20-40%,STRUCTURED_NEAR_NEIGHBOR,near_same_island_chain,related,False,0,1,1,False,111111.11111111111,,numeric_robust_z:critical_overlap_fraction,numeric_robust_z:critical_overlap_fraction
CB1_CAUR_M_CF3_RI2_TI2_R12__seed691201__it0000096,CB1_CAUR_M_CF3_RI2_TI2_R12,ts_ba2f43a35a554b70656e,1,M,CF3,20-40%,RELATED_VARIANT,related_variant_4,related,False,0,1,1,False,111111.11111111111,,numeric_robust_z:critical_overlap_fraction,numeric_robust_z:critical_overlap_fraction
CB1_CAUR_M_CF3_RI2_TI2_R12__seed691201__it0000096,CB1_CAUR_M_CF3_RI2_TI2_R12,ts_d80b6365ea885bff9f05,1,M,CF3,20-40%,STRUCTURED_NEAR_NEIGHBOR,near_high_F_delay,related,False,0,1,1,False,55555.555555555555,,numeric_robust_z:critical_overlap_fraction,numeric_robust_z:critical_overlap_fraction
CB1_CAUR_M_CF3_RI2_TI2_R12__seed691201__it0000136,CB1_CAUR_M_CF3_RI2_TI2_R12,ts_3e40619ccd09f6a89cb7,1,M,CF3,40-60%,ORIGINAL_OPERATOR,operator_related,related,False,0,1,1,False,1000000.0,,numeric_robust_z:is_fallback,numeric_robust_z:is_fallback
CB1_CAUR_M_CF3_RI2_TI2_R12__seed691201__it0000136,CB1_CAUR_M_CF3_RI2_TI2_R12,ts_5ac056319cee618015da,1,M,CF3,40-60%,MATCHED_RANDOM,matched_random_2,random,False,0,1,1,False,55555.555555555555,,numeric_robust_z:critical_overlap_fraction,numeric_robust_z:critical_overlap_fraction
CB1_CAUR_M_CF3_RI2_TI2_R12__seed691201__it0000136,CB1_CAUR_M_CF3_RI2_TI2_R12,ts_8fbb4f22e70218e36e9a,1,M,CF3,40-60%,STRUCTURED_NEAR_NEIGHBOR,near_low_slack,related,False,0,1,1,False,55555.555555555555,,numeric_robust_z:critical_overlap_fraction,numeric_robust_z:critical_overlap_fraction
CB1_CAUR_M_CF3_RI2_TI2_R12__seed691201__it0000136,CB1_CAUR_M_CF3_RI2_TI2_R12,ts_979614f1721b05d2be1d,1,M,CF3,40-60%,MATCHED_RANDOM,matched_random_1,random,False,0,1,1,False,55555.555555555555,,numeric_robust_z:critical_overlap_fraction,numeric_robust_z:critical_overlap_fraction
CB1_CAUR_M_CF3_RI2_TI2_R12__seed691201__it0000136,CB1_CAUR_M_CF3_RI2_TI2_R12,ts_b7923000f18bb4e3080b,1,M,CF3,40-60%,ORIGINAL_OPERATOR,operator_critical,critical,False,0,1,1,False,55555.555555555555,,numeric_robust_z:critical_overlap_fraction,numeric_robust_z:critical_overlap_fraction
CB1_CAUR_M_CF3_RI2_TI2_R12__seed691201__it0000176,CB1_CAUR_M_CF3_RI2_TI2_R12,ts_43932c0dc8160e404624,1,M,CF3,40-60%,ORIGINAL_OPERATOR,operator_related,related,False,0,1,1,False,1000000.0,,numeric_robust_z:is_fallback,numeric_robust_z:is_fallback
CB1_CAUR_M_CF3_RI2_TI2_R12__seed691201__it0000176,CB1_CAUR_M_CF3_RI2_TI2_R12,ts_896885c9471fcf8cf563,1,M,CF3,40-60%,RELATED_VARIANT,related_variant_1,related,False,0,1,1,False,1000000.0,,numeric_robust_z:origin_rule_count,numeric_robust_z:origin_rule_count
CB1_CAUR_M_CF3_RI2_TI2_R12__seed691201__it0000176,CB1_CAUR_M_CF3_RI2_TI2_R12,ts_aef7d4821dd73e16ea7e,1,M,CF3,40-60%,ORIGINAL_OPERATOR,operator_critical,critical,False,0,1,1,False,55555.555555555555,,numeric_robust_z:critical_overlap_fraction,numeric_robust_z:critical_overlap_fraction
CB1_CAUR_M_CF3_RI2_TI2_R12__seed691201__it0000176,CB1_CAUR_M_CF3_RI2_TI2_R12,ts_e76cde74de52e715cbdb,1,M,CF3,40-60%,STRUCTURED_NEAR_NEIGHBOR,near_low_slack,related,False,0,1,1,False,55555.555555555555,,numeric_robust_z:critical_overlap_fraction,numeric_robust_z:critical_overlap_fraction
CB1_CAUR_M_CF3_RI2_TI2_R12__seed691201__it0000176,CB1_CAUR_M_CF3_RI2_TI2_R12,ts_f2ba6ec2b003038705a0,1,M,CF3,40-60%,ORIGINAL_OPERATOR,operator_high_reconfiguration,high_reconfiguration,False,0,1,1,False,55555.555555555555,,numeric_robust_z:critical_overlap_fraction,numeric_robust_z:critical_overlap_fraction
CB1_CAUR_M_CF3_RI2_TI2_R12__seed691201__it0000218,CB1_CAUR_M_CF3_RI2_TI2_R12,ts_122a7dfdfa11822cceb6,1,M,CF3,60-80%,ORIGINAL_OPERATOR,operator_f_bottleneck,f_bottleneck,False,0,1,1,False,55555.555555555555,,numeric_robust_z:critical_overlap_fraction,numeric_robust_z:critical_overlap_fraction
CB1_CAUR_M_CF3_RI2_TI2_R12__seed691201__it0000218,CB1_CAUR_M_CF3_RI2_TI2_R12,ts_1fb0dbfc0a7f9fb2ff6e,1,M,CF3,60-80%,ORIGINAL_OPERATOR,operator_critical,critical,False,0,1,1,False,55555.555555555555,,numeric_robust_z:critical_overlap_fraction,numeric_robust_z:critical_overlap_fraction
CB1_CAUR_M_CF3_RI2_TI2_R12__seed691201__it0000218,CB1_CAUR_M_CF3_RI2_TI2_R12,ts_3f72c136a8cfa032cc59,1,M,CF3,60-80%,ORIGINAL_OPERATOR,operator_high_reconfiguration,high_reconfiguration,False,0,1,1,False,55555.555555555555,,numeric_robust_z:critical_overlap_fraction,numeric_robust_z:critical_overlap_fraction
CB1_CAUR_M_CF3_RI2_TI2_R12__seed691201__it0000218,CB1_CAUR_M_CF3_RI2_TI2_R12,ts_4601d5af9f9049f93dfd,1,M,CF3,60-80%,MATCHED_RANDOM,matched_random_1,random,False,0,1,1,False,55555.555555555555,,numeric_robust_z:critical_overlap_fraction,numeric_robust_z:critical_overlap_fraction
CB1_CAUR_M_CF3_RI2_TI2_R12__seed691201__it0000218,CB1_CAUR_M_CF3_RI2_TI2_R12,ts_73e62e727896bf79bf9e,1,M,CF3,60-80%,STRUCTURED_NEAR_NEIGHBOR,near_low_slack,related,False,0,1,1,False,55555.555555555555,,numeric_robust_z:critical_overlap_fraction,numeric_robust_z:critical_overlap_fraction
CB1_CAUR_M_CF3_RI2_TI2_R12__seed691201__it0000218,CB1_CAUR_M_CF3_RI2_TI2_R12,ts_7818a35d88d178cb3c84,1,M,CF3,60-80%,ORIGINAL_OPERATOR,operator_related,related,False,0,1,1,False,1000000.0,,numeric_robust_z:is_fallback,numeric_robust_z:is_fallback
CB1_CAUR_M_CF3_RI2_TI2_R12__seed691201__it0000259,CB1_CAUR_M_CF3_RI2_TI2_R12,ts_223c771d8acc2c578cf6,1,M,CF3,80-100%,RELATED_VARIANT,related_variant_2,related,False,0,1,1,False,55555.555555555555,,numeric_robust_z:critical_overlap_fraction,numeric_robust_z:critical_overlap_fraction
CB1_CAUR_M_CF3_RI2_TI2_R12__seed691201__it0000259,CB1_CAUR_M_CF3_RI2_TI2_R12,ts_354eaf8a5b4a46164171,1,M,CF3,80-100%,STRUCTURED_NEAR_NEIGHBOR,near_low_slack,related,False,0,1,1,False,55555.555555555555,,numeric_robust_z:critical_overlap_fraction,numeric_robust_z:critical_overlap_fraction
CB1_CAUR_M_CF3_RI2_TI2_R12__seed691201__it0000259,CB1_CAUR_M_CF3_RI2_TI2_R12,ts_a56c81c15a1ee0bb35c4,1,M,CF3,80-100%,ORIGINAL_OPERATOR,operator_critical,critical,False,0,1,1,False,55555.555555555555,,numeric_robust_z:critical_overlap_fraction,numeric_robust_z:critical_overlap_fraction
CB1_CAUR_M_CF3_RI2_TI2_R12__seed691201__it0000259,CB1_CAUR_M_CF3_RI2_TI2_R12,ts_f7c498d5c24d7095ecd0,1,M,CF3,80-100%,ORIGINAL_OPERATOR,operator_related,related,False,0,1,1,False,1000000.0,,numeric_robust_z:is_fallback,numeric_robust_z:is_fallback
CB1_CAUR_M_CF3_RI2_TI2_R12__seed691201__it0000289,CB1_CAUR_M_CF3_RI2_TI2_R12,ts_20118bf4d1a35c3eb982,1,M,CF3,80-100%,STRUCTURED_NEAR_NEIGHBOR,near_low_slack,related,False,0,1,1,False,55555.555555555555,,numeric_robust_z:critical_overlap_fraction,numeric_robust_z:critical_overlap_fraction
CB1_CAUR_M_CF3_RI2_TI2_R12__seed691201__it0000289,CB1_CAUR_M_CF3_RI2_TI2_R12,ts_3719af20ceba36207452,1,M,CF3,80-100%,ORIGINAL_OPERATOR,operator_overloaded_island,overloaded_island,True,0,1,1,False,55555.555555555555,,numeric_robust_z:critical_overlap_fraction,numeric_robust_z:critical_overlap_fraction
CB1_CAUR_M_CF3_RI2_TI2_R12__seed691201__it0000289,CB1_CAUR_M_CF3_RI2_TI2_R12,ts_8a1ed0d9090edb5aad0c,1,M,CF3,80-100%,ORIGINAL_OPERATOR,operator_related,related,False,0,1,1,False,1000000.0,,numeric_robust_z:is_fallback,numeric_robust_z:is_fallback
CB1_CAUR_M_CF3_RI2_TI2_R12__seed691201__it0000289,CB1_CAUR_M_CF3_RI2_TI2_R12,ts_9d0ce01f198ad409e45e,1,M,CF3,80-100%,ORIGINAL_OPERATOR,operator_random,random,False,0,1,1,False,55555.555555555555,,numeric_robust_z:critical_overlap_fraction,numeric_robust_z:critical_overlap_fraction
CB1_CAUR_M_CF3_RI2_TI2_R12__seed691201__it0000289,CB1_CAUR_M_CF3_RI2_TI2_R12,ts_c597efa0de8668855aa7,1,M,CF3,80-100%,ORIGINAL_OPERATOR,operator_critical,critical,False,0,1,1,False,55555.555555555555,,numeric_robust_z:critical_overlap_fraction,numeric_robust_z:critical_overlap_fraction
CB1_CAUR_M_CF3_RI2_TI2_R12__seed691202__it0000012,CB1_CAUR_M_CF3_RI2_TI2_R12,ts_86888d237063a9b53e0b,1,M,CF3,0-20%,ORIGINAL_OPERATOR,operator_critical,critical,False,0,1,1,False,55555.555555555555,,numeric_robust_z:critical_overlap_fraction,numeric_robust_z:critical_overlap_fraction
CB1_CAUR_M_CF3_RI2_TI2_R12__seed691202__it0000012,CB1_CAUR_M_CF3_RI2_TI2_R12,ts_c38b5875fa367552af07,1,M,CF3,0-20%,STRUCTURED_NEAR_NEIGHBOR,near_low_slack,related,True,0,1,1,False,55555.555555555555,,numeric_robust_z:critical_overlap_fraction,numeric_robust_z:critical_overlap_fraction
CB1_CAUR_M_CF3_RI2_TI2_R12__seed691202__it0000012,CB1_CAUR_M_CF3_RI2_TI2_R12,ts_de38274d542b20694a63,1,M,CF3,0-20%,ORIGINAL_OPERATOR,operator_related,related,False,0,1,1,False,1000000.0,,numeric_robust_z:is_fallback,numeric_robust_z:is_fallback
CB1_CAUR_M_CF3_RI2_TI2_R12__seed691202__it0000051,CB1_CAUR_M_CF3_RI2_TI2_R12,ts_19ef25bd2154bb46786d,1,M,CF3,0-20%,ORIGINAL_OPERATOR,operator_high_reconfiguration,high_reconfiguration,False,0,1,1,False,55555.555555555555,,numeric_robust_z:critical_overlap_fraction,numeric_robust_z:critical_overlap_fraction
CB1_CAUR_M_CF3_RI2_TI2_R12__seed691202__it0000051,CB1_CAUR_M_CF3_RI2_TI2_R12,ts_240d9d5ce67e57b865f0,1,M,CF3,0-20%,STRUCTURED_NEAR_NEIGHBOR,near_high_F_delay,related,True,0,1,1,False,55555.555555555555,,numeric_robust_z:critical_overlap_fraction,numeric_robust_z:critical_overlap_fraction
CB1_CAUR_M_CF3_RI2_TI2_R12__seed691202__it0000051,CB1_CAUR_M_CF3_RI2_TI2_R12,ts_5a19be44446834700b23,1,M,CF3,0-20%,STRUCTURED_NEAR_NEIGHBOR,near_low_slack,related,False,0,1,1,False,55555.555555555555,,numeric_robust_z:critical_overlap_fraction,numeric_robust_z:critical_overlap_fraction
CB1_CAUR_M_CF3_RI2_TI2_R12__seed691202__it0000051,CB1_CAUR_M_CF3_RI2_TI2_R12,ts_5d05f159c5ac057153b8,1,M,CF3,0-20%,ORIGINAL_OPERATOR,operator_related,related,False,0,1,1,False,1000000.0,,numeric_robust_z:is_fallback,numeric_robust_z:is_fallback
CB1_CAUR_M_CF3_RI2_TI2_R12__seed691202__it0000051,CB1_CAUR_M_CF3_RI2_TI2_R12,ts_bc5c478d73392599c446,1,M,CF3,0-20%,ORIGINAL_OPERATOR,operator_critical,critical,False,0,1,1,False,55555.555555555555,,numeric_robust_z:critical_overlap_fraction,numeric_robust_z:critical_overlap_fraction
CB1_CAUR_M_CF3_RI2_TI2_R12__seed691202__it0000051,CB1_CAUR_M_CF3_RI2_TI2_R12,ts_cf7eebac4340c2bcd892,1,M,CF3,0-20%,RELATED_VARIANT,related_variant_1,related,False,0,1,1,False,55555.555555555555,,numeric_robust_z:critical_overlap_fraction,numeric_robust_z:critical_overlap_fraction
CB1_CAUR_M_CF3_RI2_TI2_R12__seed691202__it0000051,CB1_CAUR_M_CF3_RI2_TI2_R12,ts_f5f65ebd9454380c9df9,1,M,CF3,0-20%,LOCAL_PERTURBATION,related_replace_50,related,False,0,1,1,False,55555.555555555555,,numeric_robust_z:critical_overlap_fraction,numeric_robust_z:critical_overlap_fraction
CB1_CAUR_M_CF3_RI2_TI2_R12__seed691202__it0000095,CB1_CAUR_M_CF3_RI2_TI2_R12,ts_53022d0505480132c3c1,1,M,CF3,20-40%,ORIGINAL_OPERATOR,operator_critical,critical,False,0,1,1,False,55555.555555555555,,numeric_robust_z:critical_overlap_fraction,numeric_robust_z:critical_overlap_fraction
CB1_CAUR_M_CF3_RI2_TI2_R12__seed691202__it0000095,CB1_CAUR_M_CF3_RI2_TI2_R12,ts_59d4d3aa899a2dd0abd8,1,M,CF3,20-40%,ORIGINAL_OPERATOR,operator_f_bottleneck,f_bottleneck,False,0,1,1,False,55555.555555555555,,numeric_robust_z:critical_overlap_fraction,numeric_robust_z:critical_overlap_fraction
CB1_CAUR_M_CF3_RI2_TI2_R12__seed691202__it0000095,CB1_CAUR_M_CF3_RI2_TI2_R12,ts_6abbdcce78e5323fb692,1,M,CF3,20-40%,ORIGINAL_OPERATOR,operator_random,random,False,0,1,1,False,55555.555555555555,,numeric_robust_z:critical_overlap_fraction,numeric_robust_z:critical_overlap_fraction
CB1_CAUR_M_CF3_RI2_TI2_R12__seed691202__it0000095,CB1_CAUR_M_CF3_RI2_TI2_R12,ts_8cef4926554a6e60785a,1,M,CF3,20-40%,RELATED_VARIANT,related_variant_2,related,False,0,1,1,False,55555.555555555555,,numeric_robust_z:critical_overlap_fraction,numeric_robust_z:critical_overlap_fraction
CB1_CAUR_M_CF3_RI2_TI2_R12__seed691202__it0000095,CB1_CAUR_M_CF3_RI2_TI2_R12,ts_9817bc3f18390f82b241,1,M,CF3,20-40%,STRUCTURED_NEAR_NEIGHBOR,near_low_slack,related,False,0,1,1,False,55555.555555555555,,numeric_robust_z:critical_overlap_fraction,numeric_robust_z:critical_overlap_fraction
CB1_CAUR_M_CF3_RI2_TI2_R12__seed691202__it0000095,CB1_CAUR_M_CF3_RI2_TI2_R12,ts_bcb364ad45c51bba9766,1,M,CF3,20-40%,ORIGINAL_OPERATOR,operator_w_bottleneck,w_bottleneck,False,0,1,1,False,55555.555555555555,,numeric_robust_z:critical_overlap_fraction,numeric_robust_z:critical_overlap_fraction
CB1_CAUR_M_CF3_RI2_TI2_R12__seed691202__it0000095,CB1_CAUR_M_CF3_RI2_TI2_R12,ts_de44051b9a19e824bad4,1,M,CF3,20-40%,ORIGINAL_OPERATOR,operator_related,related,False,0,1,1,False,1000000.0,,numeric_robust_z:is_fallback,numeric_robust_z:is_fallback
CB1_CAUR_M_CF3_RI2_TI2_R12__seed691202__it0000136,CB1_CAUR_M_CF3_RI2_TI2_R12,ts_01a82df4a239614184e8,1,M,CF3,40-60%,STRUCTURED_NEAR_NEIGHBOR,near_low_slack,related,False,0,1,1,False,55555.555555555555,,numeric_robust_z:critical_overlap_fraction,numeric_robust_z:critical_overlap_fraction
CB1_CAUR_M_CF3_RI2_TI2_R12__seed691202__it0000136,CB1_CAUR_M_CF3_RI2_TI2_R12,ts_4831544c6006d4282d38,1,M,CF3,40-60%,RELATED_VARIANT,related_variant_1,related,False,0,1,1,False,1000000.0,,numeric_robust_z:origin_rule_count,numeric_robust_z:origin_rule_count
CB1_CAUR_M_CF3_RI2_TI2_R12__seed691202__it0000136,CB1_CAUR_M_CF3_RI2_TI2_R12,ts_a8ea544db790e5d67c40,1,M,CF3,40-60%,ORIGINAL_OPERATOR,operator_random,random,False,0,1,1,False,55555.555555555555,,numeric_robust_z:critical_overlap_fraction,numeric_robust_z:critical_overlap_fraction
CB1_CAUR_M_CF3_RI2_TI2_R12__seed691202__it0000136,CB1_CAUR_M_CF3_RI2_TI2_R12,ts_e0f2d24a5354a9224180,1,M,CF3,40-60%,ORIGINAL_OPERATOR,operator_critical,critical,False,0,1,1,False,55555.555555555555,,numeric_robust_z:critical_overlap_fraction,numeric_robust_z:critical_overlap_fraction
CB1_CAUR_M_CF3_RI2_TI2_R12__seed691202__it0000136,CB1_CAUR_M_CF3_RI2_TI2_R12,ts_f045a0de5c1bab7a8dae,1,M,CF3,40-60%,ORIGINAL_OPERATOR,operator_related,related,False,0,1,1,False,1000000.0,,numeric_robust_z:is_fallback,numeric_robust_z:is_fallback
CB1_CAUR_M_CF3_RI2_TI2_R12__seed691202__it0000177,CB1_CAUR_M_CF3_RI2_TI2_R12,ts_04e2e69a4c2d2d1fc56c,1,M,CF3,40-60%,LOCAL_PERTURBATION,related_replace_25,related,False,0,1,1,False,55555.555555555555,,numeric_robust_z:critical_overlap_fraction,numeric_robust_z:critical_overlap_fraction
CB1_CAUR_M_CF3_RI2_TI2_R12__seed691202__it0000177,CB1_CAUR_M_CF3_RI2_TI2_R12,ts_109b13576b0565d6e3dd,1,M,CF3,40-60%,MATCHED_RANDOM,matched_random_1,random,False,0,1,1,False,55555.555555555555,,numeric_robust_z:critical_overlap_fraction,numeric_robust_z:critical_overlap_fraction
CB1_CAUR_M_CF3_RI2_TI2_R12__seed691202__it0000177,CB1_CAUR_M_CF3_RI2_TI2_R12,ts_4d564be60f84c482c740,1,M,CF3,40-60%,RELATED_VARIANT,related_variant_1,related,False,0,1,1,False,1000000.0,,numeric_robust_z:origin_rule_count,numeric_robust_z:origin_rule_count
CB1_CAUR_M_CF3_RI2_TI2_R12__seed691202__it0000177,CB1_CAUR_M_CF3_RI2_TI2_R12,ts_51d71c21bea2319286e3,1,M,CF3,40-60%,ORIGINAL_OPERATOR,operator_random,random,False,0,1,1,False,55555.555555555555,,numeric_robust_z:critical_overlap_fraction,numeric_robust_z:critical_overlap_fraction
CB1_CAUR_M_CF3_RI2_TI2_R12__seed691202__it0000177,CB1_CAUR_M_CF3_RI2_TI2_R12,ts_5570ee1e82d281b6d84b,1,M,CF3,40-60%,ORIGINAL_OPERATOR,operator_critical,critical,False,0,2,2,True,111111.11111111111,,numeric_robust_z:critical_overlap_fraction+numeric_robust_z:bottleneck_overlap_fraction,numeric_robust_z:critical_overlap_fraction+numeric_robust_z:bottleneck_overlap_fraction
CB1_CAUR_M_CF3_RI2_TI2_R12__seed691202__it0000177,CB1_CAUR_M_CF3_RI2_TI2_R12,ts_59974ee1cd077fde5d57,1,M,CF3,40-60%,ORIGINAL_OPERATOR,operator_overloaded_island,overloaded_island,True,0,1,1,False,111111.11111111111,,numeric_robust_z:critical_overlap_fraction,numeric_robust_z:critical_overlap_fraction
CB1_CAUR_M_CF3_RI2_TI2_R12__seed691202__it0000177,CB1_CAUR_M_CF3_RI2_TI2_R12,ts_6c586e13419e3d48d437,1,M,CF3,40-60%,ORIGINAL_OPERATOR,operator_related,related,False,0,3,3,True,1000000.0,,numeric_robust_z:origin_rule_count+numeric_robust_z:origin_family_count+numeric_robust_z:is_fallback,numeric_robust_z:origin_rule_count+numeric_robust_z:origin_family_count+numeric_robust_z:is_fallback
CB1_CAUR_M_CF3_RI2_TI2_R12__seed691202__it0000177,CB1_CAUR_M_CF3_RI2_TI2_R12,ts_b8354d5e530331938348,1,M,CF3,40-60%,STRUCTURED_NEAR_NEIGHBOR,near_low_slack,related,False,0,1,1,False,111111.11111111111,,numeric_robust_z:critical_overlap_fraction,numeric_robust_z:critical_overlap_fraction
CB1_CAUR_M_CF3_RI2_TI2_R12__seed691202__it0000177,CB1_CAUR_M_CF3_RI2_TI2_R12,ts_f4d81c62d6353d25d18d,1,M,CF3,40-60%,ORIGINAL_OPERATOR,operator_f_bottleneck,f_bottleneck,False,0,1,1,False,111111.11111111111,,numeric_robust_z:critical_overlap_fraction,numeric_robust_z:critical_overlap_fraction
CB1_CAUR_M_CF3_RI2_TI2_R12__seed691202__it0000220,CB1_CAUR_M_CF3_RI2_TI2_R12,ts_25e0c6840b4ec2afb899,1,M,CF3,60-80%,STRUCTURED_NEAR_NEIGHBOR,near_high_W_delay,related,False,0,1,1,False,55555.555555555555,,numeric_robust_z:critical_overlap_fraction,numeric_robust_z:critical_overlap_fraction
CB1_CAUR_M_CF3_RI2_TI2_R12__seed691202__it0000220,CB1_CAUR_M_CF3_RI2_TI2_R12,ts_35758f3b8708b3b34f4e,1,M,CF3,60-80%,ORIGINAL_OPERATOR,operator_related,related,False,0,2,2,True,1000000.0,,numeric_robust_z:critical_overlap_fraction+numeric_robust_z:is_fallback,numeric_robust_z:critical_overlap_fraction+numeric_robust_z:is_fallback
CB1_CAUR_M_CF3_RI2_TI2_R12__seed691202__it0000220,CB1_CAUR_M_CF3_RI2_TI2_R12,ts_3720e37a40a5b6973708,1,M,CF3,60-80%,LOCAL_PERTURBATION,one_operation_swap,related,False,0,1,1,False,55555.555555555555,,numeric_robust_z:critical_overlap_fraction,numeric_robust_z:critical_overlap_fraction
CB1_CAUR_M_CF3_RI2_TI2_R12__seed691202__it0000220,CB1_CAUR_M_CF3_RI2_TI2_R12,ts_496a3679e52e5a5881b3,1,M,CF3,60-80%,STRUCTURED_NEAR_NEIGHBOR,near_low_slack,related,False,0,1,1,False,55555.555555555555,,numeric_robust_z:critical_overlap_fraction,numeric_robust_z:critical_overlap_fraction
CB1_CAUR_M_CF3_RI2_TI2_R12__seed691202__it0000220,CB1_CAUR_M_CF3_RI2_TI2_R12,ts_827a8d0a2d9a2169927c,1,M,CF3,60-80%,RELATED_VARIANT,related_variant_4,related,False,0,1,1,False,55555.555555555555,,numeric_robust_z:critical_overlap_fraction,numeric_robust_z:critical_overlap_fraction
CB1_CAUR_M_CF3_RI2_TI2_R12__seed691202__it0000220,CB1_CAUR_M_CF3_RI2_TI2_R12,ts_96c620341a8a625c69a9,1,M,CF3,60-80%,STRUCTURED_NEAR_NEIGHBOR,near_same_product,related,False,0,1,1,False,55555.555555555555,,numeric_robust_z:critical_overlap_fraction,numeric_robust_z:critical_overlap_fraction
CB1_CAUR_M_CF3_RI2_TI2_R12__seed691202__it0000220,CB1_CAUR_M_CF3_RI2_TI2_R12,ts_a01347ddce4aacc9a502,1,M,CF3,60-80%,ORIGINAL_OPERATOR,operator_critical,critical,False,0,1,1,False,55555.555555555555,,numeric_robust_z:critical_overlap_fraction,numeric_robust_z:critical_overlap_fraction
CB1_CAUR_M_CF3_RI2_TI2_R12__seed691202__it0000220,CB1_CAUR_M_CF3_RI2_TI2_R12,ts_b0b8afab26e379fb84f5,1,M,CF3,60-80%,RELATED_VARIANT,related_variant_2,related,False,0,1,1,False,55555.555555555555,,numeric_robust_z:critical_overlap_fraction,numeric_robust_z:critical_overlap_fraction
CB1_CAUR_M_CF3_RI2_TI2_R12__seed691202__it0000220,CB1_CAUR_M_CF3_RI2_TI2_R12,ts_c5cb4a91304a92af505d,1,M,CF3,60-80%,STRUCTURED_NEAR_NEIGHBOR,near_precedence_neighbor,related,False,0,1,1,False,55555.555555555555,,numeric_robust_z:critical_overlap_fraction,numeric_robust_z:critical_overlap_fraction
CB1_CAUR_M_CF3_RI2_TI2_R12__seed691202__it0000220,CB1_CAUR_M_CF3_RI2_TI2_R12,ts_ea82d1f41839dc4be7ed,1,M,CF3,60-80%,STRUCTURED_NEAR_NEIGHBOR,near_same_island_chain,related,False,0,1,1,False,55555.555555555555,,numeric_robust_z:critical_overlap_fraction,numeric_robust_z:critical_overlap_fraction
CB1_CAUR_M_CF3_RI2_TI2_R12__seed691202__it0000220,CB1_CAUR_M_CF3_RI2_TI2_R12,ts_ec36079e578d6c7511fe,1,M,CF3,60-80%,LOCAL_PERTURBATION,related_replace_25,related,False,0,1,1,False,55555.555555555555,,numeric_robust_z:critical_overlap_fraction,numeric_robust_z:critical_overlap_fraction
CB1_CAUR_M_CF3_RI2_TI2_R12__seed691202__it0000220,CB1_CAUR_M_CF3_RI2_TI2_R12,ts_fda6b78ef9fda9f9ae92,1,M,CF3,60-80%,MATCHED_RANDOM,matched_random_2,random,False,0,1,1,False,55555.555555555555,,numeric_robust_z:critical_overlap_fraction,numeric_robust_z:critical_overlap_fraction
CB1_CAUR_M_CF3_RI2_TI2_R12__seed691202__it0000260,CB1_CAUR_M_CF3_RI2_TI2_R12,ts_441a3010f0050bd07531,1,M,CF3,80-100%,ORIGINAL_OPERATOR,operator_related,related,False,0,1,1,False,1000000.0,,numeric_robust_z:is_fallback,numeric_robust_z:is_fallback
CB1_CAUR_M_CF3_RI2_TI2_R12__seed691202__it0000260,CB1_CAUR_M_CF3_RI2_TI2_R12,ts_52aa88c963dbb897c948,1,M,CF3,80-100%,RELATED_VARIANT,related_variant_2,related,False,0,1,1,False,55555.555555555555,,numeric_robust_z:critical_overlap_fraction,numeric_robust_z:critical_overlap_fraction
CB1_CAUR_M_CF3_RI2_TI2_R12__seed691202__it0000260,CB1_CAUR_M_CF3_RI2_TI2_R12,ts_6485307398c15539107a,1,M,CF3,80-100%,ORIGINAL_OPERATOR,operator_critical,critical,False,0,1,1,False,55555.555555555555,,numeric_robust_z:critical_overlap_fraction,numeric_robust_z:critical_overlap_fraction
CB1_CAUR_M_CF3_RI2_TI2_R12__seed691202__it0000260,CB1_CAUR_M_CF3_RI2_TI2_R12,ts_7798a74008fca87d9f31,1,M,CF3,80-100%,RELATED_VARIANT,related_variant_1,related,False,0,1,1,False,55555.555555555555,,numeric_robust_z:critical_overlap_fraction,numeric_robust_z:critical_overlap_fraction
CB1_CAUR_M_CF3_RI2_TI2_R12__seed691202__it0000260,CB1_CAUR_M_CF3_RI2_TI2_R12,ts_7f43e3f259c77c4670d0,1,M,CF3,80-100%,STRUCTURED_NEAR_NEIGHBOR,near_low_slack,related,False,0,1,1,False,55555.555555555555,,numeric_robust_z:critical_overlap_fraction,numeric_robust_z:critical_overlap_fraction
CB1_CAUR_M_CF3_RI2_TI2_R12__seed691202__it0000260,CB1_CAUR_M_CF3_RI2_TI2_R12,ts_86f09032dce44e8cd459,1,M,CF3,80-100%,MATCHED_RANDOM,matched_random_1,random,False,0,1,1,False,55555.555555555555,,numeric_robust_z:critical_overlap_fraction,numeric_robust_z:critical_overlap_fraction
CB1_CAUR_M_CF3_RI2_TI2_R12__seed691202__it0000291,CB1_CAUR_M_CF3_RI2_TI2_R12,ts_123fcaf4bb14cacef0cd,1,M,CF3,80-100%,LOCAL_PERTURBATION,related_replace_50,related,False,0,1,1,False,55555.555555555555,,numeric_robust_z:critical_overlap_fraction,numeric_robust_z:critical_overlap_fraction
CB1_CAUR_M_CF3_RI2_TI2_R12__seed691202__it0000291,CB1_CAUR_M_CF3_RI2_TI2_R12,ts_3bf6bca99f41399fa338,1,M,CF3,80-100%,MATCHED_RANDOM,matched_random_1,random,False,0,1,1,False,55555.555555555555,,numeric_robust_z:critical_overlap_fraction,numeric_robust_z:critical_overlap_fraction
CB1_CAUR_M_CF3_RI2_TI2_R12__seed691202__it0000291,CB1_CAUR_M_CF3_RI2_TI2_R12,ts_4c840646cea2676895fa,1,M,CF3,80-100%,ORIGINAL_OPERATOR,operator_critical,critical,False,0,1,1,False,55555.555555555555,,numeric_robust_z:critical_overlap_fraction,numeric_robust_z:critical_overlap_fraction
CB1_CAUR_M_CF3_RI2_TI2_R12__seed691202__it0000291,CB1_CAUR_M_CF3_RI2_TI2_R12,ts_712a2c1ddfc64429d726,1,M,CF3,80-100%,ORIGINAL_OPERATOR,operator_related,related,False,0,1,1,False,1000000.0,,numeric_robust_z:is_fallback,numeric_robust_z:is_fallback
CB1_CAUR_M_CF3_RI2_TI2_R12__seed691202__it0000291,CB1_CAUR_M_CF3_RI2_TI2_R12,ts_b1ee6766adbc6123896b,1,M,CF3,80-100%,MATCHED_RANDOM,matched_random_2,random,False,0,1,1,False,55555.555555555555,,numeric_robust_z:critical_overlap_fraction,numeric_robust_z:critical_overlap_fraction
CB1_CAUR_M_CF3_RI2_TI2_R12__seed691202__it0000291,CB1_CAUR_M_CF3_RI2_TI2_R12,ts_c397bb3ac567c9b5a7a2,1,M,CF3,80-100%,ORIGINAL_OPERATOR,operator_f_bottleneck,f_bottleneck,False,0,1,1,False,55555.555555555555,,numeric_robust_z:critical_overlap_fraction,numeric_robust_z:critical_overlap_fraction
CB1_CAUR_M_CF3_RI2_TI2_R12__seed691202__it0000291,CB1_CAUR_M_CF3_RI2_TI2_R12,ts_c7299727796d041ca10c,1,M,CF3,80-100%,RELATED_VARIANT,related_variant_3,related,False,0,1,1,False,55555.555555555555,,numeric_robust_z:critical_overlap_fraction,numeric_robust_z:critical_overlap_fraction
CB1_CAUR_M_CF3_RI2_TI2_R12__seed691202__it0000291,CB1_CAUR_M_CF3_RI2_TI2_R12,ts_e807718955bcb26440c2,1,M,CF3,80-100%,STRUCTURED_NEAR_NEIGHBOR,near_low_slack,related,False,0,1,1,False,55555.555555555555,,numeric_robust_z:critical_overlap_fraction,numeric_robust_z:critical_overlap_fraction
CB1_CAUR_S_CF1_RI2_TI2_R12_C02__seed691201__it0000014,CB1_CAUR_S_CF1_RI2_TI2_R12_C02,ts_16db5a999a16d2bdb548,0,S,CF1,0-20%,ORIGINAL_OPERATOR,operator_critical,critical,False,0,1,1,False,125000.0,,numeric_robust_z:critical_overlap_fraction,numeric_robust_z:critical_overlap_fraction
CB1_CAUR_S_CF1_RI2_TI2_R12_C02__seed691201__it0000014,CB1_CAUR_S_CF1_RI2_TI2_R12_C02,ts_1c9f727da2b5202667d1,0,S,CF1,0-20%,LOCAL_PERTURBATION,one_operation_swap,related,False,0,1,1,False,125000.0,,numeric_robust_z:critical_overlap_fraction,numeric_robust_z:critical_overlap_fraction
CB1_CAUR_S_CF1_RI2_TI2_R12_C02__seed691201__it0000014,CB1_CAUR_S_CF1_RI2_TI2_R12_C02,ts_4af5cbe5295c859294bf,0,S,CF1,0-20%,STRUCTURED_NEAR_NEIGHBOR,near_low_slack,related,False,0,1,1,False,125000.0,,numeric_robust_z:critical_overlap_fraction,numeric_robust_z:critical_overlap_fraction
CB1_CAUR_S_CF1_RI2_TI2_R12_C02__seed691201__it0000014,CB1_CAUR_S_CF1_RI2_TI2_R12_C02,ts_83876842e09f1e4dd427,0,S,CF1,0-20%,STRUCTURED_NEAR_NEIGHBOR,near_same_product,related,False,0,1,1,False,125000.0,,numeric_robust_z:critical_overlap_fraction,numeric_robust_z:critical_overlap_fraction
CB1_CAUR_S_CF1_RI2_TI2_R12_C02__seed691201__it0000014,CB1_CAUR_S_CF1_RI2_TI2_R12_C02,ts_9958937486e94a671bee,0,S,CF1,0-20%,STRUCTURED_NEAR_NEIGHBOR,near_precedence_neighbor,related,False,0,1,1,False,125000.0,,numeric_robust_z:critical_overlap_fraction,numeric_robust_z:critical_overlap_fraction
CB1_CAUR_S_CF1_RI2_TI2_R12_C02__seed691201__it0000014,CB1_CAUR_S_CF1_RI2_TI2_R12_C02,ts_ccc7fbe3be3d4e6f5f95,0,S,CF1,0-20%,ORIGINAL_OPERATOR,operator_related,related,False,0,2,2,True,1000000.0,,numeric_robust_z:critical_overlap_fraction+numeric_robust_z:is_fallback,numeric_robust_z:critical_overlap_fraction+numeric_robust_z:is_fallback
CB1_CAUR_S_CF1_RI2_TI2_R12_C02__seed691201__it0000014,CB1_CAUR_S_CF1_RI2_TI2_R12_C02,ts_d1ae24ab3a499cedd6aa,0,S,CF1,0-20%,LOCAL_PERTURBATION,two_operation_swap,related,False,0,1,1,False,125000.0,,numeric_robust_z:critical_overlap_fraction,numeric_robust_z:critical_overlap_fraction
CB1_CAUR_S_CF1_RI2_TI2_R12_C02__seed691201__it0000014,CB1_CAUR_S_CF1_RI2_TI2_R12_C02,ts_d550f35238de2a85444f,0,S,CF1,0-20%,STRUCTURED_NEAR_NEIGHBOR,near_high_W_delay,related,False,0,1,1,False,125000.0,,numeric_robust_z:critical_overlap_fraction,numeric_robust_z:critical_overlap_fraction
CB1_CAUR_S_CF1_RI2_TI2_R12_C02__seed691201__it0000053,CB1_CAUR_S_CF1_RI2_TI2_R12_C02,ts_33eb5be42cf4e6472ad5,0,S,CF1,0-20%,ORIGINAL_OPERATOR,operator_related,related,False,0,1,1,False,1000000.0,,numeric_robust_z:is_fallback,numeric_robust_z:is_fallback
CB1_CAUR_S_CF1_RI2_TI2_R12_C02__seed691201__it0000053,CB1_CAUR_S_CF1_RI2_TI2_R12_C02,ts_4aeeb8eeede507872df2,0,S,CF1,0-20%,LOCAL_PERTURBATION,two_operation_swap,related,False,0,1,1,False,125000.0,,numeric_robust_z:critical_overlap_fraction,numeric_robust_z:critical_overlap_fraction
CB1_CAUR_S_CF1_RI2_TI2_R12_C02__seed691201__it0000053,CB1_CAUR_S_CF1_RI2_TI2_R12_C02,ts_630dce7859824753bc9c,0,S,CF1,0-20%,STRUCTURED_NEAR_NEIGHBOR,near_high_W_delay,related,False,0,1,1,False,1000000.0,,numeric_robust_z:origin_rule_count,numeric_robust_z:origin_rule_count
CB1_CAUR_S_CF1_RI2_TI2_R12_C02__seed691201__it0000053,CB1_CAUR_S_CF1_RI2_TI2_R12_C02,ts_96be9d4503e0c82c5749,0,S,CF1,0-20%,ORIGINAL_OPERATOR,operator_f_bottleneck,f_bottleneck,False,0,1,1,False,125000.0,,numeric_robust_z:critical_overlap_fraction,numeric_robust_z:critical_overlap_fraction
CB1_CAUR_S_CF1_RI2_TI2_R12_C02__seed691201__it0000053,CB1_CAUR_S_CF1_RI2_TI2_R12_C02,ts_d9b8d7bd207378a2a889,0,S,CF1,0-20%,ORIGINAL_OPERATOR,operator_critical,critical,False,0,1,1,False,125000.0,,numeric_robust_z:critical_overlap_fraction,numeric_robust_z:critical_overlap_fraction
CB1_CAUR_S_CF1_RI2_TI2_R12_C02__seed691201__it0000053,CB1_CAUR_S_CF1_RI2_TI2_R12_C02,ts_e05e461310ef75b289b2,0,S,CF1,0-20%,STRUCTURED_NEAR_NEIGHBOR,near_low_slack,related,False,0,1,1,False,125000.0,,numeric_robust_z:critical_overlap_fraction,numeric_robust_z:critical_overlap_fraction
CB1_CAUR_S_CF1_RI2_TI2_R12_C02__seed691201__it0000096,CB1_CAUR_S_CF1_RI2_TI2_R12_C02,ts_5a5dcd70f578ab243aef,0,S,CF1,20-40%,ORIGINAL_OPERATOR,operator_critical,critical,False,0,1,1,False,125000.0,,numeric_robust_z:critical_overlap_fraction,numeric_robust_z:critical_overlap_fraction
CB1_CAUR_S_CF1_RI2_TI2_R12_C02__seed691201__it0000096,CB1_CAUR_S_CF1_RI2_TI2_R12_C02,ts_64df808da16d375c6649,0,S,CF1,20-40%,RELATED_VARIANT,related_variant_3,related,False,0,1,1,False,1000000.0,,numeric_robust_z:origin_rule_count,numeric_robust_z:origin_rule_count
CB1_CAUR_S_CF1_RI2_TI2_R12_C02__seed691201__it0000096,CB1_CAUR_S_CF1_RI2_TI2_R12_C02,ts_7d2333c1ae17f33975b2,0,S,CF1,20-40%,STRUCTURED_NEAR_NEIGHBOR,near_low_slack,related,False,0,1,1,False,125000.0,,numeric_robust_z:critical_overlap_fraction,numeric_robust_z:critical_overlap_fraction
CB1_CAUR_S_CF1_RI2_TI2_R12_C02__seed691201__it0000096,CB1_CAUR_S_CF1_RI2_TI2_R12_C02,ts_90d0b969068d5639cfe8,0,S,CF1,20-40%,ORIGINAL_OPERATOR,operator_related,related,False,0,1,1,False,1000000.0,,numeric_robust_z:is_fallback,numeric_robust_z:is_fallback
CB1_CAUR_S_CF1_RI2_TI2_R12_C02__seed691201__it0000136,CB1_CAUR_S_CF1_RI2_TI2_R12_C02,ts_03983c9a78f7b8039d22,0,S,CF1,40-60%,LOCAL_PERTURBATION,two_operation_swap,related,False,0,1,1,False,125000.0,,numeric_robust_z:critical_overlap_fraction,numeric_robust_z:critical_overlap_fraction
CB1_CAUR_S_CF1_RI2_TI2_R12_C02__seed691201__it0000136,CB1_CAUR_S_CF1_RI2_TI2_R12_C02,ts_2e1f7fa6f11b580f2b10,0,S,CF1,40-60%,STRUCTURED_NEAR_NEIGHBOR,near_same_island_chain,related,False,0,1,1,False,125000.0,,numeric_robust_z:critical_overlap_fraction,numeric_robust_z:critical_overlap_fraction
CB1_CAUR_S_CF1_RI2_TI2_R12_C02__seed691201__it0000136,CB1_CAUR_S_CF1_RI2_TI2_R12_C02,ts_334b974e7cf84eb66ac8,0,S,CF1,40-60%,STRUCTURED_NEAR_NEIGHBOR,near_high_W_delay,related,False,0,1,1,False,125000.0,,numeric_robust_z:critical_overlap_fraction,numeric_robust_z:critical_overlap_fraction
CB1_CAUR_S_CF1_RI2_TI2_R12_C02__seed691201__it0000136,CB1_CAUR_S_CF1_RI2_TI2_R12_C02,ts_68c3a48d4968ddbeb7f8,0,S,CF1,40-60%,ORIGINAL_OPERATOR,operator_related,related,False,0,2,2,True,1000000.0,,numeric_robust_z:critical_overlap_fraction+numeric_robust_z:is_fallback,numeric_robust_z:critical_overlap_fraction+numeric_robust_z:is_fallback
CB1_CAUR_S_CF1_RI2_TI2_R12_C02__seed691201__it0000136,CB1_CAUR_S_CF1_RI2_TI2_R12_C02,ts_9421bb7323fa3351c781,0,S,CF1,40-60%,STRUCTURED_NEAR_NEIGHBOR,near_low_slack,related,False,0,1,1,False,125000.0,,numeric_robust_z:critical_overlap_fraction,numeric_robust_z:critical_overlap_fraction
CB1_CAUR_S_CF1_RI2_TI2_R12_C02__seed691201__it0000136,CB1_CAUR_S_CF1_RI2_TI2_R12_C02,ts_9644733f1c4937309d0e,0,S,CF1,40-60%,LOCAL_PERTURBATION,related_replace_50,related,False,0,1,1,False,125000.0,,numeric_robust_z:critical_overlap_fraction,numeric_robust_z:critical_overlap_fraction
CB1_CAUR_S_CF1_RI2_TI2_R12_C02__seed691201__it0000136,CB1_CAUR_S_CF1_RI2_TI2_R12_C02,ts_b9185524cf2eec7b6817,0,S,CF1,40-60%,ORIGINAL_OPERATOR,operator_critical,critical,False,0,1,1,False,125000.0,,numeric_robust_z:critical_overlap_fraction,numeric_robust_z:critical_overlap_fraction
CB1_CAUR_S_CF1_RI2_TI2_R12_C02__seed691201__it0000136,CB1_CAUR_S_CF1_RI2_TI2_R12_C02,ts_f1cd18ef00ca3a1d39fb,0,S,CF1,40-60%,LOCAL_PERTURBATION,one_operation_swap,related,False,0,1,1,False,125000.0,,numeric_robust_z:critical_overlap_fraction,numeric_robust_z:critical_overlap_fraction
CB1_CAUR_S_CF1_RI2_TI2_R12_C02__seed691201__it0000176,CB1_CAUR_S_CF1_RI2_TI2_R12_C02,ts_1ab87eee148c20193c87,0,S,CF1,40-60%,STRUCTURED_NEAR_NEIGHBOR,near_low_slack,related,False,0,1,1,False,125000.0,,numeric_robust_z:critical_overlap_fraction,numeric_robust_z:critical_overlap_fraction
CB1_CAUR_S_CF1_RI2_TI2_R12_C02__seed691201__it0000176,CB1_CAUR_S_CF1_RI2_TI2_R12_C02,ts_1e1096a1cc07b3587874,0,S,CF1,40-60%,ORIGINAL_OPERATOR,operator_random,random,False,0,1,1,False,125000.0,,numeric_robust_z:critical_overlap_fraction,numeric_robust_z:critical_overlap_fraction
CB1_CAUR_S_CF1_RI2_TI2_R12_C02__seed691201__it0000176,CB1_CAUR_S_CF1_RI2_TI2_R12_C02,ts_4f9b54c1ae5a4df029ae,0,S,CF1,40-60%,ORIGINAL_OPERATOR,operator_w_bottleneck,w_bottleneck,False,0,1,1,False,125000.0,,numeric_robust_z:critical_overlap_fraction,numeric_robust_z:critical_overlap_fraction
CB1_CAUR_S_CF1_RI2_TI2_R12_C02__seed691201__it0000176,CB1_CAUR_S_CF1_RI2_TI2_R12_C02,ts_9fa44febda953e1cdbd7,0,S,CF1,40-60%,LOCAL_PERTURBATION,related_replace_50,related,False,0,1,1,False,125000.0,,numeric_robust_z:critical_overlap_fraction,numeric_robust_z:critical_overlap_fraction
CB1_CAUR_S_CF1_RI2_TI2_R12_C02__seed691201__it0000176,CB1_CAUR_S_CF1_RI2_TI2_R12_C02,ts_cbd54ac358c1b7b7f75e,0,S,CF1,40-60%,ORIGINAL_OPERATOR,operator_related,related,False,0,1,1,False,1000000.0,,numeric_robust_z:is_fallback,numeric_robust_z:is_fallback
CB1_CAUR_S_CF1_RI2_TI2_R12_C02__seed691201__it0000176,CB1_CAUR_S_CF1_RI2_TI2_R12_C02,ts_ea0ba3855af5098eb996,0,S,CF1,40-60%,ORIGINAL_OPERATOR,operator_overloaded_island,overloaded_island,False,0,1,1,False,125000.0,,numeric_robust_z:critical_overlap_fraction,numeric_robust_z:critical_overlap_fraction
CB1_CAUR_S_CF1_RI2_TI2_R12_C02__seed691201__it0000176,CB1_CAUR_S_CF1_RI2_TI2_R12_C02,ts_edf2501e40f21a78cea7,0,S,CF1,40-60%,ORIGINAL_OPERATOR,operator_critical,critical,False,0,1,1,False,125000.0,,numeric_robust_z:critical_overlap_fraction,numeric_robust_z:critical_overlap_fraction
CB1_CAUR_S_CF1_RI2_TI2_R12_C02__seed691201__it0000218,CB1_CAUR_S_CF1_RI2_TI2_R12_C02,ts_556f5e43e21040008d82,0,S,CF1,60-80%,STRUCTURED_NEAR_NEIGHBOR,near_low_slack,related,False,0,2,2,True,250000.0,,numeric_robust_z:critical_overlap_fraction+numeric_robust_z:bottleneck_overlap_fraction,numeric_robust_z:critical_overlap_fraction+numeric_robust_z:bottleneck_overlap_fraction
CB1_CAUR_S_CF1_RI2_TI2_R12_C02__seed691201__it0000218,CB1_CAUR_S_CF1_RI2_TI2_R12_C02,ts_7d10c56f4066994b99d9,0,S,CF1,60-80%,LOCAL_PERTURBATION,related_replace_50,related,False,0,1,1,False,14.0,,numeric_robust_z:bottleneck_overlap_fraction,numeric_robust_z:bottleneck_overlap_fraction
CB1_CAUR_S_CF1_RI2_TI2_R12_C02__seed691201__it0000218,CB1_CAUR_S_CF1_RI2_TI2_R12_C02,ts_882241906fe71f4785d7,0,S,CF1,60-80%,ORIGINAL_OPERATOR,operator_critical,critical,False,0,2,2,True,250000.0,,numeric_robust_z:critical_overlap_fraction+numeric_robust_z:bottleneck_overlap_fraction,numeric_robust_z:critical_overlap_fraction+numeric_robust_z:bottleneck_overlap_fraction
CB1_CAUR_S_CF1_RI2_TI2_R12_C02__seed691201__it0000218,CB1_CAUR_S_CF1_RI2_TI2_R12_C02,ts_f7a1bc9228173128e3cf,0,S,CF1,60-80%,ORIGINAL_OPERATOR,operator_related,related,False,0,3,3,True,1000000.0,,numeric_robust_z:origin_rule_count+numeric_robust_z:origin_family_count+numeric_robust_z:is_fallback,numeric_robust_z:origin_rule_count+numeric_robust_z:origin_family_count+numeric_robust_z:is_fallback
CB1_CAUR_S_CF1_RI2_TI2_R12_C02__seed691201__it0000258,CB1_CAUR_S_CF1_RI2_TI2_R12_C02,ts_00ddd0082bd2bf652601,0,S,CF1,80-100%,ORIGINAL_OPERATOR,operator_critical,critical,False,0,1,1,False,125000.0,,numeric_robust_z:critical_overlap_fraction,numeric_robust_z:critical_overlap_fraction
CB1_CAUR_S_CF1_RI2_TI2_R12_C02__seed691201__it0000258,CB1_CAUR_S_CF1_RI2_TI2_R12_C02,ts_1601bc7ebb157ed23bfa,0,S,CF1,80-100%,STRUCTURED_NEAR_NEIGHBOR,near_low_slack,related,False,0,1,1,False,125000.0,,numeric_robust_z:critical_overlap_fraction,numeric_robust_z:critical_overlap_fraction
CB1_CAUR_S_CF1_RI2_TI2_R12_C02__seed691201__it0000258,CB1_CAUR_S_CF1_RI2_TI2_R12_C02,ts_36bd189861b147357b5f,0,S,CF1,80-100%,LOCAL_PERTURBATION,one_operation_swap,related,False,0,1,1,False,125000.0,,numeric_robust_z:critical_overlap_fraction,numeric_robust_z:critical_overlap_fraction
CB1_CAUR_S_CF1_RI2_TI2_R12_C02__seed691201__it0000258,CB1_CAUR_S_CF1_RI2_TI2_R12_C02,ts_4d1a045da01fa3cdde95,0,S,CF1,80-100%,ORIGINAL_OPERATOR,operator_w_bottleneck,w_bottleneck,False,0,1,1,False,125000.0,,numeric_robust_z:critical_overlap_fraction,numeric_robust_z:critical_overlap_fraction
CB1_CAUR_S_CF1_RI2_TI2_R12_C02__seed691201__it0000258,CB1_CAUR_S_CF1_RI2_TI2_R12_C02,ts_6156869bceea03eb3f29,0,S,CF1,80-100%,LOCAL_PERTURBATION,related_replace_25,related,False,0,1,1,False,125000.0,,numeric_robust_z:critical_overlap_fraction,numeric_robust_z:critical_overlap_fraction
CB1_CAUR_S_CF1_RI2_TI2_R12_C02__seed691201__it0000258,CB1_CAUR_S_CF1_RI2_TI2_R12_C02,ts_85b2b04b5cfbef5d13cd,0,S,CF1,80-100%,STRUCTURED_NEAR_NEIGHBOR,near_high_F_delay,related,False,0,1,1,False,125000.0,,numeric_robust_z:critical_overlap_fraction,numeric_robust_z:critical_overlap_fraction
CB1_CAUR_S_CF1_RI2_TI2_R12_C02__seed691201__it0000258,CB1_CAUR_S_CF1_RI2_TI2_R12_C02,ts_885dc81b22c509c44394,0,S,CF1,80-100%,STRUCTURED_NEAR_NEIGHBOR,near_same_island_chain,related,False,0,1,1,False,125000.0,,numeric_robust_z:critical_overlap_fraction,numeric_robust_z:critical_overlap_fraction
CB1_CAUR_S_CF1_RI2_TI2_R12_C02__seed691201__it0000258,CB1_CAUR_S_CF1_RI2_TI2_R12_C02,ts_90fe6766dd1557ee5bb0,0,S,CF1,80-100%,LOCAL_PERTURBATION,two_operation_swap,related,False,0,1,1,False,125000.0,,numeric_robust_z:critical_overlap_fraction,numeric_robust_z:critical_overlap_fraction
CB1_CAUR_S_CF1_RI2_TI2_R12_C02__seed691201__it0000258,CB1_CAUR_S_CF1_RI2_TI2_R12_C02,ts_c4a7a5e2ca498ae4275b,0,S,CF1,80-100%,ORIGINAL_OPERATOR,operator_related,related,False,0,2,2,True,1000000.0,,numeric_robust_z:critical_overlap_fraction+numeric_robust_z:is_fallback,numeric_robust_z:critical_overlap_fraction+numeric_robust_z:is_fallback
CB1_CAUR_S_CF1_RI2_TI2_R12_C02__seed691201__it0000258,CB1_CAUR_S_CF1_RI2_TI2_R12_C02,ts_cd3632f28851369c83ca,0,S,CF1,80-100%,LOCAL_PERTURBATION,related_replace_50,related,False,0,1,1,False,125000.0,,numeric_robust_z:critical_overlap_fraction,numeric_robust_z:critical_overlap_fraction
CB1_CAUR_S_CF1_RI2_TI2_R12_C02__seed691201__it0000258,CB1_CAUR_S_CF1_RI2_TI2_R12_C02,ts_d95b80c46298c6980dba,0,S,CF1,80-100%,ORIGINAL_OPERATOR,operator_random,random,False,0,1,1,False,125000.0,,numeric_robust_z:critical_overlap_fraction,numeric_robust_z:critical_overlap_fraction
CB1_CAUR_S_CF1_RI2_TI2_R12_C02__seed691201__it0000258,CB1_CAUR_S_CF1_RI2_TI2_R12_C02,ts_dddfe2fdc177a4256e09,0,S,CF1,80-100%,ORIGINAL_OPERATOR,operator_high_reconfiguration,high_reconfiguration,False,0,1,1,False,125000.0,,numeric_robust_z:critical_overlap_fraction,numeric_robust_z:critical_overlap_fraction
CB1_CAUR_S_CF1_RI2_TI2_R12_C02__seed691201__it0000258,CB1_CAUR_S_CF1_RI2_TI2_R12_C02,ts_f34db568ecd45fe0a722,0,S,CF1,80-100%,RELATED_VARIANT,related_variant_3,related,False,0,1,1,False,125000.0,,numeric_robust_z:critical_overlap_fraction,numeric_robust_z:critical_overlap_fraction
CB1_CAUR_S_CF1_RI2_TI2_R12_C02__seed691201__it0000288,CB1_CAUR_S_CF1_RI2_TI2_R12_C02,ts_2c908f0ffc7eb0a9af77,0,S,CF1,80-100%,ORIGINAL_OPERATOR,operator_related,related,False,0,3,3,True,1000000.0,,numeric_robust_z:origin_rule_count+numeric_robust_z:origin_family_count+numeric_robust_z:is_fallback,numeric_robust_z:origin_rule_count+numeric_robust_z:origin_family_count+numeric_robust_z:is_fallback
CB1_CAUR_S_CF1_RI2_TI2_R12_C02__seed691201__it0000288,CB1_CAUR_S_CF1_RI2_TI2_R12_C02,ts_2d4a91b4e2f0fd65bea6,0,S,CF1,80-100%,ORIGINAL_OPERATOR,operator_critical,critical,False,0,1,1,False,125000.0,,numeric_robust_z:critical_overlap_fraction,numeric_robust_z:critical_overlap_fraction
CB1_CAUR_S_CF1_RI2_TI2_R12_C02__seed691201__it0000288,CB1_CAUR_S_CF1_RI2_TI2_R12_C02,ts_58a6cd8f055658b07cd5,0,S,CF1,80-100%,ORIGINAL_OPERATOR,operator_w_bottleneck,w_bottleneck,False,0,1,1,False,125000.0,,numeric_robust_z:critical_overlap_fraction,numeric_robust_z:critical_overlap_fraction
CB1_CAUR_S_CF1_RI2_TI2_R12_C02__seed691201__it0000288,CB1_CAUR_S_CF1_RI2_TI2_R12_C02,ts_71116eaa403ea1a977ea,0,S,CF1,80-100%,MATCHED_RANDOM,matched_random_2,random,False,0,1,1,False,125000.0,,numeric_robust_z:critical_overlap_fraction,numeric_robust_z:critical_overlap_fraction
CB1_CAUR_S_CF1_RI2_TI2_R12_C02__seed691201__it0000288,CB1_CAUR_S_CF1_RI2_TI2_R12_C02,ts_7bb426b12a27d855bb3b,0,S,CF1,80-100%,RELATED_VARIANT,related_variant_4,related,False,0,1,1,False,125000.0,,numeric_robust_z:critical_overlap_fraction,numeric_robust_z:critical_overlap_fraction
CB1_CAUR_S_CF1_RI2_TI2_R12_C02__seed691201__it0000288,CB1_CAUR_S_CF1_RI2_TI2_R12_C02,ts_be6865287d40481c75ee,0,S,CF1,80-100%,STRUCTURED_NEAR_NEIGHBOR,near_low_slack,related,False,0,1,1,False,125000.0,,numeric_robust_z:critical_overlap_fraction,numeric_robust_z:critical_overlap_fraction
CB1_CAUR_S_CF1_RI2_TI2_R12_C02__seed691201__it0000288,CB1_CAUR_S_CF1_RI2_TI2_R12_C02,ts_dfc6bbf4b7d29a58cbdb,0,S,CF1,80-100%,ORIGINAL_OPERATOR,operator_high_reconfiguration,high_reconfiguration,False,0,1,1,False,125000.0,,numeric_robust_z:critical_overlap_fraction,numeric_robust_z:critical_overlap_fraction
CB1_CAUR_S_CF1_RI2_TI2_R12_C02__seed691202__it0000014,CB1_CAUR_S_CF1_RI2_TI2_R12_C02,ts_09adeed4130f3f4b8a28,0,S,CF1,0-20%,ORIGINAL_OPERATOR,operator_high_reconfiguration,high_reconfiguration,False,0,1,1,False,125000.0,,numeric_robust_z:critical_overlap_fraction,numeric_robust_z:critical_overlap_fraction
CB1_CAUR_S_CF1_RI2_TI2_R12_C02__seed691202__it0000014,CB1_CAUR_S_CF1_RI2_TI2_R12_C02,ts_134791f092104cafab4c,0,S,CF1,0-20%,MATCHED_RANDOM,matched_random_3,random,False,0,1,1,False,125000.0,,numeric_robust_z:critical_overlap_fraction,numeric_robust_z:critical_overlap_fraction
CB1_CAUR_S_CF1_RI2_TI2_R12_C02__seed691202__it0000014,CB1_CAUR_S_CF1_RI2_TI2_R12_C02,ts_13d4c0599fd6b1b1983e,0,S,CF1,0-20%,MATCHED_RANDOM,matched_random_2,random,False,0,1,1,False,125000.0,,numeric_robust_z:critical_overlap_fraction,numeric_robust_z:critical_overlap_fraction
CB1_CAUR_S_CF1_RI2_TI2_R12_C02__seed691202__it0000014,CB1_CAUR_S_CF1_RI2_TI2_R12_C02,ts_6d855ccbe0afd35592e4,0,S,CF1,0-20%,STRUCTURED_NEAR_NEIGHBOR,near_low_slack,related,False,0,1,1,False,125000.0,,numeric_robust_z:critical_overlap_fraction,numeric_robust_z:critical_overlap_fraction
CB1_CAUR_S_CF1_RI2_TI2_R12_C02__seed691202__it0000014,CB1_CAUR_S_CF1_RI2_TI2_R12_C02,ts_9bff4dc26be3b896cb75,0,S,CF1,0-20%,ORIGINAL_OPERATOR,operator_critical,critical,False,0,1,1,False,125000.0,,numeric_robust_z:critical_overlap_fraction,numeric_robust_z:critical_overlap_fraction
CB1_CAUR_S_CF1_RI2_TI2_R12_C02__seed691202__it0000014,CB1_CAUR_S_CF1_RI2_TI2_R12_C02,ts_fa97ca3a89d88f7dc581,0,S,CF1,0-20%,RELATED_VARIANT,related_variant_1,related,False,0,1,1,False,1000000.0,,numeric_robust_z:origin_rule_count,numeric_robust_z:origin_rule_count
CB1_CAUR_S_CF1_RI2_TI2_R12_C02__seed691202__it0000014,CB1_CAUR_S_CF1_RI2_TI2_R12_C02,ts_fc3f677ae53c8102a343,0,S,CF1,0-20%,ORIGINAL_OPERATOR,operator_related,related,False,0,1,1,False,1000000.0,,numeric_robust_z:is_fallback,numeric_robust_z:is_fallback
CB1_CAUR_S_CF1_RI2_TI2_R12_C02__seed691202__it0000054,CB1_CAUR_S_CF1_RI2_TI2_R12_C02,ts_0955963dee266866f008,0,S,CF1,0-20%,ORIGINAL_OPERATOR,operator_related,related,False,0,1,1,False,1000000.0,,numeric_robust_z:is_fallback,numeric_robust_z:is_fallback
CB1_CAUR_S_CF1_RI2_TI2_R12_C02__seed691202__it0000054,CB1_CAUR_S_CF1_RI2_TI2_R12_C02,ts_25179b7e8d362c46626d,0,S,CF1,0-20%,RELATED_VARIANT,related_variant_3,related,False,0,1,1,False,125000.0,,numeric_robust_z:critical_overlap_fraction,numeric_robust_z:critical_overlap_fraction
CB1_CAUR_S_CF1_RI2_TI2_R12_C02__seed691202__it0000054,CB1_CAUR_S_CF1_RI2_TI2_R12_C02,ts_356b99933e2a72a1d86a,0,S,CF1,0-20%,STRUCTURED_NEAR_NEIGHBOR,near_low_slack,related,False,0,1,1,False,125000.0,,numeric_robust_z:critical_overlap_fraction,numeric_robust_z:critical_overlap_fraction
CB1_CAUR_S_CF1_RI2_TI2_R12_C02__seed691202__it0000054,CB1_CAUR_S_CF1_RI2_TI2_R12_C02,ts_3b339250139b40a3fbdb,0,S,CF1,0-20%,ORIGINAL_OPERATOR,operator_critical,critical,False,0,1,1,False,125000.0,,numeric_robust_z:critical_overlap_fraction,numeric_robust_z:critical_overlap_fraction
CB1_CAUR_S_CF1_RI2_TI2_R12_C02__seed691202__it0000054,CB1_CAUR_S_CF1_RI2_TI2_R12_C02,ts_93becf18626ed50255a9,0,S,CF1,0-20%,RELATED_VARIANT,related_variant_2,related,False,0,1,1,False,125000.0,,numeric_robust_z:critical_overlap_fraction,numeric_robust_z:critical_overlap_fraction
CB1_CAUR_S_CF1_RI2_TI2_R12_C02__seed691202__it0000094,CB1_CAUR_S_CF1_RI2_TI2_R12_C02,ts_2b5732f4043aa938e14a,0,S,CF1,20-40%,STRUCTURED_NEAR_NEIGHBOR,near_same_product,related,False,0,1,1,False,125000.0,,numeric_robust_z:critical_overlap_fraction,numeric_robust_z:critical_overlap_fraction
CB1_CAUR_S_CF1_RI2_TI2_R12_C02__seed691202__it0000094,CB1_CAUR_S_CF1_RI2_TI2_R12_C02,ts_3e7a4a3d732899c5fcc1,0,S,CF1,20-40%,LOCAL_PERTURBATION,related_replace_25,related,False,0,1,1,False,125000.0,,numeric_robust_z:critical_overlap_fraction,numeric_robust_z:critical_overlap_fraction
CB1_CAUR_S_CF1_RI2_TI2_R12_C02__seed691202__it0000094,CB1_CAUR_S_CF1_RI2_TI2_R12_C02,ts_4e11729268095bf72047,0,S,CF1,20-40%,ORIGINAL_OPERATOR,operator_critical,critical,False,0,1,1,False,125000.0,,numeric_robust_z:critical_overlap_fraction,numeric_robust_z:critical_overlap_fraction
CB1_CAUR_S_CF1_RI2_TI2_R12_C02__seed691202__it0000094,CB1_CAUR_S_CF1_RI2_TI2_R12_C02,ts_60c31da1a845e42d2462,0,S,CF1,20-40%,STRUCTURED_NEAR_NEIGHBOR,near_high_W_delay,related,False,0,1,1,False,125000.0,,numeric_robust_z:critical_overlap_fraction,numeric_robust_z:critical_overlap_fraction
CB1_CAUR_S_CF1_RI2_TI2_R12_C02__seed691202__it0000094,CB1_CAUR_S_CF1_RI2_TI2_R12_C02,ts_8755c4cc2cf0b29a9b10,0,S,CF1,20-40%,STRUCTURED_NEAR_NEIGHBOR,near_low_slack,related,False,0,1,1,False,125000.0,,numeric_robust_z:critical_overlap_fraction,numeric_robust_z:critical_overlap_fraction
CB1_CAUR_S_CF1_RI2_TI2_R12_C02__seed691202__it0000094,CB1_CAUR_S_CF1_RI2_TI2_R12_C02,ts_8fa9a130b80a590b9361,0,S,CF1,20-40%,MATCHED_RANDOM,matched_random_2,random,False,0,1,1,False,125000.0,,numeric_robust_z:critical_overlap_fraction,numeric_robust_z:critical_overlap_fraction
CB1_CAUR_S_CF1_RI2_TI2_R12_C02__seed691202__it0000094,CB1_CAUR_S_CF1_RI2_TI2_R12_C02,ts_990247c6cc30a2f4d464,0,S,CF1,20-40%,LOCAL_PERTURBATION,two_operation_swap,related,True,0,1,1,False,125000.0,,numeric_robust_z:critical_overlap_fraction,numeric_robust_z:critical_overlap_fraction
CB1_CAUR_S_CF1_RI2_TI2_R12_C02__seed691202__it0000094,CB1_CAUR_S_CF1_RI2_TI2_R12_C02,ts_b7b7353b957508bf18e0,0,S,CF1,20-40%,ORIGINAL_OPERATOR,operator_related,related,False,0,4,4,True,1000000.0,,numeric_robust_z:origin_rule_count+numeric_robust_z:origin_family_count+numeric_robust_z:critical_overlap_fraction+numeric_robust_z:is_fallback,numeric_robust_z:origin_rule_count+numeric_robust_z:origin_family_count+numeric_robust_z:critical_overlap_fraction+numeric_robust_z:is_fallback
CB1_CAUR_S_CF1_RI2_TI2_R12_C02__seed691202__it0000094,CB1_CAUR_S_CF1_RI2_TI2_R12_C02,ts_bcd892c2e95e0391363f,0,S,CF1,20-40%,STRUCTURED_NEAR_NEIGHBOR,near_same_island_chain,related,False,0,1,1,False,125000.0,,numeric_robust_z:critical_overlap_fraction,numeric_robust_z:critical_overlap_fraction
CB1_CAUR_S_CF1_RI2_TI2_R12_C02__seed691202__it0000094,CB1_CAUR_S_CF1_RI2_TI2_R12_C02,ts_e80c4a8ac349c670eb54,0,S,CF1,20-40%,LOCAL_PERTURBATION,one_operation_swap,related,False,0,1,1,False,125000.0,,numeric_robust_z:critical_overlap_fraction,numeric_robust_z:critical_overlap_fraction
CB1_CAUR_S_CF1_RI2_TI2_R12_C02__seed691202__it0000094,CB1_CAUR_S_CF1_RI2_TI2_R12_C02,ts_eb4bda08fef21154c45b,0,S,CF1,20-40%,STRUCTURED_NEAR_NEIGHBOR,near_precedence_neighbor,related,False,0,1,1,False,125000.0,,numeric_robust_z:critical_overlap_fraction,numeric_robust_z:critical_overlap_fraction
CB1_CAUR_S_CF1_RI2_TI2_R12_C02__seed691202__it0000094,CB1_CAUR_S_CF1_RI2_TI2_R12_C02,ts_f9492da619dc9608bcee,0,S,CF1,20-40%,STRUCTURED_NEAR_NEIGHBOR,near_high_F_delay,related,False,0,1,1,False,125000.0,,numeric_robust_z:critical_overlap_fraction,numeric_robust_z:critical_overlap_fraction
CB1_CAUR_S_CF1_RI2_TI2_R12_C02__seed691202__it0000134,CB1_CAUR_S_CF1_RI2_TI2_R12_C02,ts_09157a5d308798ec678d,0,S,CF1,40-60%,ORIGINAL_OPERATOR,operator_related,related,False,0,1,1,False,1000000.0,,numeric_robust_z:is_fallback,numeric_robust_z:is_fallback
CB1_CAUR_S_CF1_RI2_TI2_R12_C02__seed691202__it0000134,CB1_CAUR_S_CF1_RI2_TI2_R12_C02,ts_2dd557f0cdf32fcf293a,0,S,CF1,40-60%,STRUCTURED_NEAR_NEIGHBOR,near_low_slack,related,False,0,1,1,False,125000.0,,numeric_robust_z:critical_overlap_fraction,numeric_robust_z:critical_overlap_fraction
CB1_CAUR_S_CF1_RI2_TI2_R12_C02__seed691202__it0000134,CB1_CAUR_S_CF1_RI2_TI2_R12_C02,ts_99b3387c79b897eb4e21,0,S,CF1,40-60%,MATCHED_RANDOM,matched_random_3,random,False,0,1,1,False,125000.0,,numeric_robust_z:critical_overlap_fraction,numeric_robust_z:critical_overlap_fraction
CB1_CAUR_S_CF1_RI2_TI2_R12_C02__seed691202__it0000134,CB1_CAUR_S_CF1_RI2_TI2_R12_C02,ts_d5f3afea4995f5dd94c4,0,S,CF1,40-60%,ORIGINAL_OPERATOR,operator_critical,critical,False,0,1,1,False,125000.0,,numeric_robust_z:critical_overlap_fraction,numeric_robust_z:critical_overlap_fraction
CB1_CAUR_S_CF1_RI2_TI2_R12_C02__seed691202__it0000134,CB1_CAUR_S_CF1_RI2_TI2_R12_C02,ts_d76174b632651807fa88,0,S,CF1,40-60%,ORIGINAL_OPERATOR,operator_w_bottleneck,w_bottleneck,False,0,1,1,False,125000.0,,numeric_robust_z:critical_overlap_fraction,numeric_robust_z:critical_overlap_fraction
CB1_CAUR_S_CF1_RI2_TI2_R12_C02__seed691202__it0000134,CB1_CAUR_S_CF1_RI2_TI2_R12_C02,ts_d88640e290a8e0dd8c4b,0,S,CF1,40-60%,RELATED_VARIANT,related_variant_1,related,False,0,1,1,False,125000.0,,numeric_robust_z:critical_overlap_fraction,numeric_robust_z:critical_overlap_fraction
CB1_CAUR_S_CF1_RI2_TI2_R12_C02__seed691202__it0000173,CB1_CAUR_S_CF1_RI2_TI2_R12_C02,ts_0591ec31d20a42aa801b,0,S,CF1,40-60%,STRUCTURED_NEAR_NEIGHBOR,near_low_slack,related,False,0,1,1,False,125000.0,,numeric_robust_z:critical_overlap_fraction,numeric_robust_z:critical_overlap_fraction
CB1_CAUR_S_CF1_RI2_TI2_R12_C02__seed691202__it0000173,CB1_CAUR_S_CF1_RI2_TI2_R12_C02,ts_08ab86e09f1d0cd1cf65,0,S,CF1,40-60%,RELATED_VARIANT,related_variant_2,related,False,0,1,1,False,1000000.0,,numeric_robust_z:origin_rule_count,numeric_robust_z:origin_rule_count
CB1_CAUR_S_CF1_RI2_TI2_R12_C02__seed691202__it0000173,CB1_CAUR_S_CF1_RI2_TI2_R12_C02,ts_08d20472fb22d94711dc,0,S,CF1,40-60%,STRUCTURED_NEAR_NEIGHBOR,near_same_island_chain,related,False,0,1,1,False,125000.0,,numeric_robust_z:critical_overlap_fraction,numeric_robust_z:critical_overlap_fraction
CB1_CAUR_S_CF1_RI2_TI2_R12_C02__seed691202__it0000173,CB1_CAUR_S_CF1_RI2_TI2_R12_C02,ts_368d85e671e6c9b2e0ff,0,S,CF1,40-60%,STRUCTURED_NEAR_NEIGHBOR,near_high_F_delay,related,False,0,1,1,False,125000.0,,numeric_robust_z:critical_overlap_fraction,numeric_robust_z:critical_overlap_fraction
CB1_CAUR_S_CF1_RI2_TI2_R12_C02__seed691202__it0000173,CB1_CAUR_S_CF1_RI2_TI2_R12_C02,ts_3892e26ef6f3f385d937,0,S,CF1,40-60%,STRUCTURED_NEAR_NEIGHBOR,near_same_product,related,False,0,1,1,False,125000.0,,numeric_robust_z:critical_overlap_fraction,numeric_robust_z:critical_overlap_fraction
CB1_CAUR_S_CF1_RI2_TI2_R12_C02__seed691202__it0000173,CB1_CAUR_S_CF1_RI2_TI2_R12_C02,ts_4a5b0b544fb8c8664c3d,0,S,CF1,40-60%,LOCAL_PERTURBATION,one_operation_swap,related,False,0,1,1,False,125000.0,,numeric_robust_z:critical_overlap_fraction,numeric_robust_z:critical_overlap_fraction
CB1_CAUR_S_CF1_RI2_TI2_R12_C02__seed691202__it0000173,CB1_CAUR_S_CF1_RI2_TI2_R12_C02,ts_5de15d83c11cecb386fd,0,S,CF1,40-60%,STRUCTURED_NEAR_NEIGHBOR,near_high_W_delay,related,False,0,1,1,False,125000.0,,numeric_robust_z:critical_overlap_fraction,numeric_robust_z:critical_overlap_fraction
CB1_CAUR_S_CF1_RI2_TI2_R12_C02__seed691202__it0000173,CB1_CAUR_S_CF1_RI2_TI2_R12_C02,ts_6aa825aa52c5b5909945,0,S,CF1,40-60%,LOCAL_PERTURBATION,two_operation_swap,related,False,0,1,1,False,125000.0,,numeric_robust_z:critical_overlap_fraction,numeric_robust_z:critical_overlap_fraction
CB1_CAUR_S_CF1_RI2_TI2_R12_C02__seed691202__it0000173,CB1_CAUR_S_CF1_RI2_TI2_R12_C02,ts_716be613f4cbfc7afa3a,0,S,CF1,40-60%,LOCAL_PERTURBATION,related_replace_25,related,False,0,1,1,False,125000.0,,numeric_robust_z:critical_overlap_fraction,numeric_robust_z:critical_overlap_fraction
CB1_CAUR_S_CF1_RI2_TI2_R12_C02__seed691202__it0000173,CB1_CAUR_S_CF1_RI2_TI2_R12_C02,ts_b6bc23fec149fd6830c1,0,S,CF1,40-60%,STRUCTURED_NEAR_NEIGHBOR,near_precedence_neighbor,related,False,0,1,1,False,125000.0,,numeric_robust_z:critical_overlap_fraction,numeric_robust_z:critical_overlap_fraction
CB1_CAUR_S_CF1_RI2_TI2_R12_C02__seed691202__it0000173,CB1_CAUR_S_CF1_RI2_TI2_R12_C02,ts_d79039ed4b40de119bd3,0,S,CF1,40-60%,ORIGINAL_OPERATOR,operator_critical,critical,False,0,1,1,False,125000.0,,numeric_robust_z:critical_overlap_fraction,numeric_robust_z:critical_overlap_fraction
CB1_CAUR_S_CF1_RI2_TI2_R12_C02__seed691202__it0000173,CB1_CAUR_S_CF1_RI2_TI2_R12_C02,ts_f1f4d7205acdfb270bc0,0,S,CF1,40-60%,ORIGINAL_OPERATOR,operator_related,related,False,0,2,2,True,1000000.0,,numeric_robust_z:critical_overlap_fraction+numeric_robust_z:is_fallback,numeric_robust_z:critical_overlap_fraction+numeric_robust_z:is_fallback
CB1_CAUR_S_CF1_RI2_TI2_R12_C02__seed691202__it0000215,CB1_CAUR_S_CF1_RI2_TI2_R12_C02,ts_1f2612313038bd4f6df1,0,S,CF1,60-80%,ORIGINAL_OPERATOR,operator_critical,critical,False,0,1,1,False,125000.0,,numeric_robust_z:critical_overlap_fraction,numeric_robust_z:critical_overlap_fraction
CB1_CAUR_S_CF1_RI2_TI2_R12_C02__seed691202__it0000215,CB1_CAUR_S_CF1_RI2_TI2_R12_C02,ts_381958c063e171144dd8,0,S,CF1,60-80%,STRUCTURED_NEAR_NEIGHBOR,near_low_slack,related,False,0,1,1,False,125000.0,,numeric_robust_z:critical_overlap_fraction,numeric_robust_z:critical_overlap_fraction
CB1_CAUR_S_CF1_RI2_TI2_R12_C02__seed691202__it0000215,CB1_CAUR_S_CF1_RI2_TI2_R12_C02,ts_3b477fcb06f7a11eb68c,0,S,CF1,60-80%,ORIGINAL_OPERATOR,operator_overloaded_island,overloaded_island,False,0,1,1,False,125000.0,,numeric_robust_z:critical_overlap_fraction,numeric_robust_z:critical_overlap_fraction
CB1_CAUR_S_CF1_RI2_TI2_R12_C02__seed691202__it0000215,CB1_CAUR_S_CF1_RI2_TI2_R12_C02,ts_5ca9da723a54d1211310,0,S,CF1,60-80%,ORIGINAL_OPERATOR,operator_w_bottleneck,w_bottleneck,False,0,1,1,False,125000.0,,numeric_robust_z:critical_overlap_fraction,numeric_robust_z:critical_overlap_fraction
CB1_CAUR_S_CF1_RI2_TI2_R12_C02__seed691202__it0000215,CB1_CAUR_S_CF1_RI2_TI2_R12_C02,ts_7188a0d6bdb55bd61989,0,S,CF1,60-80%,ORIGINAL_OPERATOR,operator_f_bottleneck,f_bottleneck,False,0,1,1,False,125000.0,,numeric_robust_z:critical_overlap_fraction,numeric_robust_z:critical_overlap_fraction
CB1_CAUR_S_CF1_RI2_TI2_R12_C02__seed691202__it0000215,CB1_CAUR_S_CF1_RI2_TI2_R12_C02,ts_97846b11c97e834bb7ea,0,S,CF1,60-80%,RELATED_VARIANT,related_variant_1,related,False,0,1,1,False,2000000.0,,numeric_robust_z:origin_rule_count,numeric_robust_z:origin_rule_count
CB1_CAUR_S_CF1_RI2_TI2_R12_C02__seed691202__it0000215,CB1_CAUR_S_CF1_RI2_TI2_R12_C02,ts_a736c9cfcc6a3d0583df,0,S,CF1,60-80%,ORIGINAL_OPERATOR,operator_related,related,False,0,1,1,False,1000000.0,,numeric_robust_z:is_fallback,numeric_robust_z:is_fallback
CB1_CAUR_S_CF1_RI2_TI2_R12_C02__seed691202__it0000254,CB1_CAUR_S_CF1_RI2_TI2_R12_C02,ts_1264e801c63b4fd669c3,0,S,CF1,80-100%,LOCAL_PERTURBATION,related_replace_25,related,False,0,1,1,False,125000.0,,numeric_robust_z:critical_overlap_fraction,numeric_robust_z:critical_overlap_fraction
CB1_CAUR_S_CF1_RI2_TI2_R12_C02__seed691202__it0000254,CB1_CAUR_S_CF1_RI2_TI2_R12_C02,ts_25ae0767b8a3d345d76b,0,S,CF1,80-100%,ORIGINAL_OPERATOR,operator_f_bottleneck,f_bottleneck,False,0,1,1,False,125000.0,,numeric_robust_z:critical_overlap_fraction,numeric_robust_z:critical_overlap_fraction
CB1_CAUR_S_CF1_RI2_TI2_R12_C02__seed691202__it0000254,CB1_CAUR_S_CF1_RI2_TI2_R12_C02,ts_80be9a8d64c971421ae8,0,S,CF1,80-100%,ORIGINAL_OPERATOR,operator_related,related,False,0,1,1,False,1000000.0,,numeric_robust_z:is_fallback,numeric_robust_z:is_fallback
CB1_CAUR_S_CF1_RI2_TI2_R12_C02__seed691202__it0000254,CB1_CAUR_S_CF1_RI2_TI2_R12_C02,ts_83411fadef512f8da11a,0,S,CF1,80-100%,STRUCTURED_NEAR_NEIGHBOR,near_low_slack,related,False,0,1,1,False,125000.0,,numeric_robust_z:critical_overlap_fraction,numeric_robust_z:critical_overlap_fraction
CB1_CAUR_S_CF1_RI2_TI2_R12_C02__seed691202__it0000254,CB1_CAUR_S_CF1_RI2_TI2_R12_C02,ts_b0f1282bda020d2e080d,0,S,CF1,80-100%,ORIGINAL_OPERATOR,operator_critical,critical,False,0,1,1,False,125000.0,,numeric_robust_z:critical_overlap_fraction,numeric_robust_z:critical_overlap_fraction
CB1_CAUR_S_CF1_RI2_TI2_R12_C02__seed691202__it0000254,CB1_CAUR_S_CF1_RI2_TI2_R12_C02,ts_e7bae7d9150f82a68ddf,0,S,CF1,80-100%,ORIGINAL_OPERATOR,operator_overloaded_island,overloaded_island,False,0,1,1,False,125000.0,,numeric_robust_z:critical_overlap_fraction,numeric_robust_z:critical_overlap_fraction
CB1_CAUR_S_CF1_RI2_TI2_R12_C02__seed691202__it0000284,CB1_CAUR_S_CF1_RI2_TI2_R12_C02,ts_22fbad62ae23b8f68a6c,0,S,CF1,80-100%,RELATED_VARIANT,related_variant_3,related,False,0,1,1,False,125000.0,,numeric_robust_z:critical_overlap_fraction,numeric_robust_z:critical_overlap_fraction
CB1_CAUR_S_CF1_RI2_TI2_R12_C02__seed691202__it0000284,CB1_CAUR_S_CF1_RI2_TI2_R12_C02,ts_bfebc98bc6a148247c8d,0,S,CF1,80-100%,ORIGINAL_OPERATOR,operator_critical,critical,False,0,1,1,False,125000.0,,numeric_robust_z:critical_overlap_fraction,numeric_robust_z:critical_overlap_fraction
CB1_CAUR_S_CF1_RI2_TI2_R12_C02__seed691202__it0000284,CB1_CAUR_S_CF1_RI2_TI2_R12_C02,ts_c109c8c6868eadefc15c,0,S,CF1,80-100%,ORIGINAL_OPERATOR,operator_related,related,False,0,1,1,False,1000000.0,,numeric_robust_z:is_fallback,numeric_robust_z:is_fallback
CB1_CAUR_S_CF1_RI2_TI2_R12_C02__seed691202__it0000284,CB1_CAUR_S_CF1_RI2_TI2_R12_C02,ts_dba480ea21029f0f2548,0,S,CF1,80-100%,STRUCTURED_NEAR_NEIGHBOR,near_low_slack,related,False,0,1,1,False,125000.0,,numeric_robust_z:critical_overlap_fraction,numeric_robust_z:critical_overlap_fraction
CB1_CAUR_S_CF1_RI2_TI2_R12__seed691201__it0000011,CB1_CAUR_S_CF1_RI2_TI2_R12,ts_37a14b1c040b50dce34a,0,S,CF1,0-20%,ORIGINAL_OPERATOR,operator_related,related,False,0,3,3,True,3000000.0,,numeric_robust_z:origin_rule_count+numeric_robust_z:origin_family_count+numeric_robust_z:is_fallback,numeric_robust_z:origin_rule_count+numeric_robust_z:origin_family_count+numeric_robust_z:is_fallback
CB1_CAUR_S_CF1_RI2_TI2_R12__seed691201__it0000011,CB1_CAUR_S_CF1_RI2_TI2_R12,ts_3de05a9583b4a665016c,0,S,CF1,0-20%,RELATED_VARIANT,related_variant_4,related,False,0,1,1,False,111111.11111111111,,numeric_robust_z:critical_overlap_fraction,numeric_robust_z:critical_overlap_fraction
CB1_CAUR_S_CF1_RI2_TI2_R12__seed691201__it0000011,CB1_CAUR_S_CF1_RI2_TI2_R12,ts_4e4133a95bb8ea0c8f35,0,S,CF1,0-20%,ORIGINAL_OPERATOR,operator_critical,critical,False,0,1,1,False,111111.11111111111,,numeric_robust_z:critical_overlap_fraction,numeric_robust_z:critical_overlap_fraction
CB1_CAUR_S_CF1_RI2_TI2_R12__seed691201__it0000011,CB1_CAUR_S_CF1_RI2_TI2_R12,ts_6c93f11a446a73dcac26,0,S,CF1,0-20%,STRUCTURED_NEAR_NEIGHBOR,near_low_slack,related,True,0,1,1,False,111111.11111111111,,numeric_robust_z:critical_overlap_fraction,numeric_robust_z:critical_overlap_fraction
CB1_CAUR_S_CF1_RI2_TI2_R12__seed691201__it0000011,CB1_CAUR_S_CF1_RI2_TI2_R12,ts_f2df4517520e7c3909d3,0,S,CF1,0-20%,LOCAL_PERTURBATION,related_replace_25,related,False,0,1,1,False,111111.11111111111,,numeric_robust_z:critical_overlap_fraction,numeric_robust_z:critical_overlap_fraction
CB1_CAUR_S_CF1_RI2_TI2_R12__seed691201__it0000050,CB1_CAUR_S_CF1_RI2_TI2_R12,ts_0e3b159f746d9eef1fe8,0,S,CF1,0-20%,MATCHED_RANDOM,matched_random_3,random,False,0,1,1,False,111111.11111111111,,numeric_robust_z:critical_overlap_fraction,numeric_robust_z:critical_overlap_fraction
CB1_CAUR_S_CF1_RI2_TI2_R12__seed691201__it0000050,CB1_CAUR_S_CF1_RI2_TI2_R12,ts_1839728e0118136a4376,0,S,CF1,0-20%,RELATED_VARIANT,related_variant_1,related,False,0,1,1,False,1000000.0,,numeric_robust_z:origin_rule_count,numeric_robust_z:origin_rule_count
CB1_CAUR_S_CF1_RI2_TI2_R12__seed691201__it0000050,CB1_CAUR_S_CF1_RI2_TI2_R12,ts_399896e73b3c26b7b47e,0,S,CF1,0-20%,ORIGINAL_OPERATOR,operator_critical,critical,False,0,2,2,True,333333.3333333333,,numeric_robust_z:critical_overlap_fraction+numeric_robust_z:bottleneck_overlap_fraction,numeric_robust_z:critical_overlap_fraction+numeric_robust_z:bottleneck_overlap_fraction
CB1_CAUR_S_CF1_RI2_TI2_R12__seed691201__it0000050,CB1_CAUR_S_CF1_RI2_TI2_R12,ts_4ce212907447b0afa6f4,0,S,CF1,0-20%,ORIGINAL_OPERATOR,operator_random,random,False,0,1,1,False,111111.11111111111,,numeric_robust_z:critical_overlap_fraction,numeric_robust_z:critical_overlap_fraction
CB1_CAUR_S_CF1_RI2_TI2_R12__seed691201__it0000050,CB1_CAUR_S_CF1_RI2_TI2_R12,ts_a2ef442bbbe42e824ed8,0,S,CF1,0-20%,ORIGINAL_OPERATOR,operator_related,related,False,0,3,3,True,1000000.0,,numeric_robust_z:origin_rule_count+numeric_robust_z:origin_family_count+numeric_robust_z:is_fallback,numeric_robust_z:origin_rule_count+numeric_robust_z:origin_family_count+numeric_robust_z:is_fallback
CB1_CAUR_S_CF1_RI2_TI2_R12__seed691201__it0000050,CB1_CAUR_S_CF1_RI2_TI2_R12,ts_eb4eb1f5a750eedd7e52,0,S,CF1,0-20%,STRUCTURED_NEAR_NEIGHBOR,near_low_slack,related,False,0,2,2,True,222222.22222222222,,numeric_robust_z:critical_overlap_fraction+numeric_robust_z:bottleneck_overlap_fraction,numeric_robust_z:critical_overlap_fraction+numeric_robust_z:bottleneck_overlap_fraction
CB1_CAUR_S_CF1_RI2_TI2_R12__seed691201__it0000050,CB1_CAUR_S_CF1_RI2_TI2_R12,ts_f6b092f1fe11326eee48,0,S,CF1,0-20%,MATCHED_RANDOM,matched_random_1,random,False,0,1,1,False,111111.11111111111,,numeric_robust_z:critical_overlap_fraction,numeric_robust_z:critical_overlap_fraction
CB1_CAUR_S_CF1_RI2_TI2_R12__seed691201__it0000092,CB1_CAUR_S_CF1_RI2_TI2_R12,ts_0c91b9d59a4eef408668,0,S,CF1,20-40%,ORIGINAL_OPERATOR,operator_overloaded_island,overloaded_island,False,0,1,1,False,111111.11111111111,,numeric_robust_z:critical_overlap_fraction,numeric_robust_z:critical_overlap_fraction
CB1_CAUR_S_CF1_RI2_TI2_R12__seed691201__it0000092,CB1_CAUR_S_CF1_RI2_TI2_R12,ts_12dba1eda5c6d60c9922,0,S,CF1,20-40%,ORIGINAL_OPERATOR,operator_related,related,False,0,2,2,True,1000000.0,,numeric_robust_z:critical_overlap_fraction+numeric_robust_z:is_fallback,numeric_robust_z:critical_overlap_fraction+numeric_robust_z:is_fallback
CB1_CAUR_S_CF1_RI2_TI2_R12__seed691201__it0000092,CB1_CAUR_S_CF1_RI2_TI2_R12,ts_1e713c54a68a4e90ddd9,0,S,CF1,20-40%,LOCAL_PERTURBATION,related_replace_25,related,False,0,1,1,False,111111.11111111111,,numeric_robust_z:critical_overlap_fraction,numeric_robust_z:critical_overlap_fraction
CB1_CAUR_S_CF1_RI2_TI2_R12__seed691201__it0000092,CB1_CAUR_S_CF1_RI2_TI2_R12,ts_2c86fb5dd0cde88657e8,0,S,CF1,20-40%,LOCAL_PERTURBATION,two_operation_swap,related,False,0,1,1,False,111111.11111111111,,numeric_robust_z:critical_overlap_fraction,numeric_robust_z:critical_overlap_fraction
CB1_CAUR_S_CF1_RI2_TI2_R12__seed691201__it0000092,CB1_CAUR_S_CF1_RI2_TI2_R12,ts_59dbf74be9c0a74ef402,0,S,CF1,20-40%,STRUCTURED_NEAR_NEIGHBOR,near_same_product,related,False,0,1,1,False,111111.11111111111,,numeric_robust_z:critical_overlap_fraction,numeric_robust_z:critical_overlap_fraction
CB1_CAUR_S_CF1_RI2_TI2_R12__seed691201__it0000092,CB1_CAUR_S_CF1_RI2_TI2_R12,ts_b00021d20b1a466a37c3,0,S,CF1,20-40%,STRUCTURED_NEAR_NEIGHBOR,near_low_slack,related,False,0,1,1,False,222222.22222222222,,numeric_robust_z:critical_overlap_fraction,numeric_robust_z:critical_overlap_fraction
CB1_CAUR_S_CF1_RI2_TI2_R12__seed691201__it0000092,CB1_CAUR_S_CF1_RI2_TI2_R12,ts_beb6683101cc6fe59db1,0,S,CF1,20-40%,STRUCTURED_NEAR_NEIGHBOR,near_high_W_delay,related,False,0,1,1,False,111111.11111111111,,numeric_robust_z:critical_overlap_fraction,numeric_robust_z:critical_overlap_fraction
CB1_CAUR_S_CF1_RI2_TI2_R12__seed691201__it0000092,CB1_CAUR_S_CF1_RI2_TI2_R12,ts_c33bd1dd482f57a50d73,0,S,CF1,20-40%,ORIGINAL_OPERATOR,operator_critical,critical,False,0,1,1,False,222222.22222222222,,numeric_robust_z:critical_overlap_fraction,numeric_robust_z:critical_overlap_fraction
CB1_CAUR_S_CF1_RI2_TI2_R12__seed691201__it0000092,CB1_CAUR_S_CF1_RI2_TI2_R12,ts_d3d8f871c600054ffd0a,0,S,CF1,20-40%,STRUCTURED_NEAR_NEIGHBOR,near_same_island_chain,related,True,0,1,1,False,111111.11111111111,,numeric_robust_z:critical_overlap_fraction,numeric_robust_z:critical_overlap_fraction
CB1_CAUR_S_CF1_RI2_TI2_R12__seed691201__it0000092,CB1_CAUR_S_CF1_RI2_TI2_R12,ts_d4bb158730579063e57b,0,S,CF1,20-40%,ORIGINAL_OPERATOR,operator_w_bottleneck,w_bottleneck,False,0,1,1,False,111111.11111111111,,numeric_robust_z:critical_overlap_fraction,numeric_robust_z:critical_overlap_fraction
CB1_CAUR_S_CF1_RI2_TI2_R12__seed691201__it0000092,CB1_CAUR_S_CF1_RI2_TI2_R12,ts_dcc8eed17f51f0720d98,0,S,CF1,20-40%,RELATED_VARIANT,related_variant_2,related,False,0,1,1,False,1000000.0,,numeric_robust_z:origin_rule_count,numeric_robust_z:origin_rule_count
CB1_CAUR_S_CF1_RI2_TI2_R12__seed691201__it0000092,CB1_CAUR_S_CF1_RI2_TI2_R12,ts_efaffb2cdc0e0c1886cf,0,S,CF1,20-40%,STRUCTURED_NEAR_NEIGHBOR,near_precedence_neighbor,related,False,0,1,1,False,111111.11111111111,,numeric_robust_z:critical_overlap_fraction,numeric_robust_z:critical_overlap_fraction
CB1_CAUR_S_CF1_RI2_TI2_R12__seed691201__it0000092,CB1_CAUR_S_CF1_RI2_TI2_R12,ts_f47ab23df042f511fa06,0,S,CF1,20-40%,LOCAL_PERTURBATION,one_operation_swap,related,False,0,1,1,False,111111.11111111111,,numeric_robust_z:critical_overlap_fraction,numeric_robust_z:critical_overlap_fraction
CB1_CAUR_S_CF1_RI2_TI2_R12__seed691201__it0000092,CB1_CAUR_S_CF1_RI2_TI2_R12,ts_faf93ab73f4baba7a866,0,S,CF1,20-40%,MATCHED_RANDOM,matched_random_3,random,False,0,1,1,False,111111.11111111111,,numeric_robust_z:critical_overlap_fraction,numeric_robust_z:critical_overlap_fraction
CB1_CAUR_S_CF1_RI2_TI2_R12__seed691201__it0000130,CB1_CAUR_S_CF1_RI2_TI2_R12,ts_2a9a75a42f0b05e62705,0,S,CF1,40-60%,ORIGINAL_OPERATOR,operator_related,related,False,0,1,1,False,1000000.0,,numeric_robust_z:is_fallback,numeric_robust_z:is_fallback
CB1_CAUR_S_CF1_RI2_TI2_R12__seed691201__it0000130,CB1_CAUR_S_CF1_RI2_TI2_R12,ts_2b8763ab657829dca3fb,0,S,CF1,40-60%,RELATED_VARIANT,related_variant_3,related,False,0,1,1,False,111111.11111111111,,numeric_robust_z:critical_overlap_fraction,numeric_robust_z:critical_overlap_fraction
CB1_CAUR_S_CF1_RI2_TI2_R12__seed691201__it0000130,CB1_CAUR_S_CF1_RI2_TI2_R12,ts_63aad0e5d40a656794c9,0,S,CF1,40-60%,STRUCTURED_NEAR_NEIGHBOR,near_low_slack,related,False,0,1,1,False,111111.11111111111,,numeric_robust_z:critical_overlap_fraction,numeric_robust_z:critical_overlap_fraction
CB1_CAUR_S_CF1_RI2_TI2_R12__seed691201__it0000130,CB1_CAUR_S_CF1_RI2_TI2_R12,ts_8ca45bbd0ebb6705bdae,0,S,CF1,40-60%,RELATED_VARIANT,related_variant_1,related,False,0,1,1,False,1000000.0,,numeric_robust_z:origin_rule_count,numeric_robust_z:origin_rule_count
CB1_CAUR_S_CF1_RI2_TI2_R12__seed691201__it0000130,CB1_CAUR_S_CF1_RI2_TI2_R12,ts_91d0ee42107f82d970de,0,S,CF1,40-60%,ORIGINAL_OPERATOR,operator_overloaded_island,overloaded_island,False,0,1,1,False,222222.22222222222,,numeric_robust_z:critical_overlap_fraction,numeric_robust_z:critical_overlap_fraction
CB1_CAUR_S_CF1_RI2_TI2_R12__seed691201__it0000130,CB1_CAUR_S_CF1_RI2_TI2_R12,ts_95aca20024a77b9251e4,0,S,CF1,40-60%,LOCAL_PERTURBATION,related_replace_25,related,False,0,1,1,False,111111.11111111111,,numeric_robust_z:critical_overlap_fraction,numeric_robust_z:critical_overlap_fraction
CB1_CAUR_S_CF1_RI2_TI2_R12__seed691201__it0000130,CB1_CAUR_S_CF1_RI2_TI2_R12,ts_9f48b95b97dd8fe9a73a,0,S,CF1,40-60%,ORIGINAL_OPERATOR,operator_f_bottleneck,f_bottleneck,False,0,1,1,False,111111.11111111111,,numeric_robust_z:critical_overlap_fraction,numeric_robust_z:critical_overlap_fraction
CB1_CAUR_S_CF1_RI2_TI2_R12__seed691201__it0000130,CB1_CAUR_S_CF1_RI2_TI2_R12,ts_ac1bfcd65eb639344823,0,S,CF1,40-60%,ORIGINAL_OPERATOR,operator_random,random,False,0,1,1,False,111111.11111111111,,numeric_robust_z:critical_overlap_fraction,numeric_robust_z:critical_overlap_fraction
CB1_CAUR_S_CF1_RI2_TI2_R12__seed691201__it0000130,CB1_CAUR_S_CF1_RI2_TI2_R12,ts_c1a11fcb6b4064b9336b,0,S,CF1,40-60%,ORIGINAL_OPERATOR,operator_critical,critical,False,0,1,1,False,222222.22222222222,,numeric_robust_z:critical_overlap_fraction,numeric_robust_z:critical_overlap_fraction
CB1_CAUR_S_CF1_RI2_TI2_R12__seed691201__it0000130,CB1_CAUR_S_CF1_RI2_TI2_R12,ts_df7552a1ada7a2de9f5d,0,S,CF1,40-60%,MATCHED_RANDOM,matched_random_3,random,False,0,1,1,False,111111.11111111111,,numeric_robust_z:critical_overlap_fraction,numeric_robust_z:critical_overlap_fraction
CB1_CAUR_S_CF1_RI2_TI2_R12__seed691201__it0000170,CB1_CAUR_S_CF1_RI2_TI2_R12,ts_4a5853b00d0bf78811cc,0,S,CF1,40-60%,MATCHED_RANDOM,matched_random_3,random,False,0,1,1,False,111111.11111111111,,numeric_robust_z:critical_overlap_fraction,numeric_robust_z:critical_overlap_fraction
CB1_CAUR_S_CF1_RI2_TI2_R12__seed691201__it0000170,CB1_CAUR_S_CF1_RI2_TI2_R12,ts_863c49510c294c064594,0,S,CF1,40-60%,ORIGINAL_OPERATOR,operator_critical,critical,False,0,1,1,False,111111.11111111111,,numeric_robust_z:critical_overlap_fraction,numeric_robust_z:critical_overlap_fraction
CB1_CAUR_S_CF1_RI2_TI2_R12__seed691201__it0000170,CB1_CAUR_S_CF1_RI2_TI2_R12,ts_8fb1e3cf025defc6b8cd,0,S,CF1,40-60%,STRUCTURED_NEAR_NEIGHBOR,near_low_slack,related,False,0,1,1,False,111111.11111111111,,numeric_robust_z:critical_overlap_fraction,numeric_robust_z:critical_overlap_fraction
CB1_CAUR_S_CF1_RI2_TI2_R12__seed691201__it0000170,CB1_CAUR_S_CF1_RI2_TI2_R12,ts_90fc31fa77ba9940dad5,0,S,CF1,40-60%,STRUCTURED_NEAR_NEIGHBOR,near_high_W_delay,related,False,0,1,1,False,111111.11111111111,,numeric_robust_z:critical_overlap_fraction,numeric_robust_z:critical_overlap_fraction
CB1_CAUR_S_CF1_RI2_TI2_R12__seed691201__it0000170,CB1_CAUR_S_CF1_RI2_TI2_R12,ts_be164db2a36a49fd9502,0,S,CF1,40-60%,LOCAL_PERTURBATION,one_operation_swap,related,False,0,1,1,False,111111.11111111111,,numeric_robust_z:critical_overlap_fraction,numeric_robust_z:critical_overlap_fraction
CB1_CAUR_S_CF1_RI2_TI2_R12__seed691201__it0000170,CB1_CAUR_S_CF1_RI2_TI2_R12,ts_c561712fcb8d227a199b,0,S,CF1,40-60%,RELATED_VARIANT,related_variant_2,related,False,0,1,1,False,111111.11111111111,,numeric_robust_z:critical_overlap_fraction,numeric_robust_z:critical_overlap_fraction
CB1_CAUR_S_CF1_RI2_TI2_R12__seed691201__it0000170,CB1_CAUR_S_CF1_RI2_TI2_R12,ts_d13b7a1fe44151444a7b,0,S,CF1,40-60%,ORIGINAL_OPERATOR,operator_overloaded_island,overloaded_island,False,0,1,1,False,111111.11111111111,,numeric_robust_z:critical_overlap_fraction,numeric_robust_z:critical_overlap_fraction
CB1_CAUR_S_CF1_RI2_TI2_R12__seed691201__it0000170,CB1_CAUR_S_CF1_RI2_TI2_R12,ts_d768d1a6bfc1da664ab0,0,S,CF1,40-60%,ORIGINAL_OPERATOR,operator_related,related,False,0,2,2,True,1000000.0,,numeric_robust_z:critical_overlap_fraction+numeric_robust_z:is_fallback,numeric_robust_z:critical_overlap_fraction+numeric_robust_z:is_fallback
CB1_CAUR_S_CF1_RI2_TI2_R12__seed691201__it0000170,CB1_CAUR_S_CF1_RI2_TI2_R12,ts_e6d68f0e2507bdc1af2e,0,S,CF1,40-60%,STRUCTURED_NEAR_NEIGHBOR,near_same_island_chain,related,False,0,1,1,False,111111.11111111111,,numeric_robust_z:critical_overlap_fraction,numeric_robust_z:critical_overlap_fraction
CB1_CAUR_S_CF1_RI2_TI2_R12__seed691201__it0000170,CB1_CAUR_S_CF1_RI2_TI2_R12,ts_f402135580886a466a5e,0,S,CF1,40-60%,LOCAL_PERTURBATION,related_replace_25,related,False,0,1,1,False,111111.11111111111,,numeric_robust_z:critical_overlap_fraction,numeric_robust_z:critical_overlap_fraction
CB1_CAUR_S_CF1_RI2_TI2_R12__seed691201__it0000212,CB1_CAUR_S_CF1_RI2_TI2_R12,ts_1e8abbbff61d6acfb240,0,S,CF1,60-80%,ORIGINAL_OPERATOR,operator_related,related,False,0,1,1,False,1000000.0,,numeric_robust_z:is_fallback,numeric_robust_z:is_fallback
CB1_CAUR_S_CF1_RI2_TI2_R12__seed691201__it0000212,CB1_CAUR_S_CF1_RI2_TI2_R12,ts_43246abe16acab9447f6,0,S,CF1,60-80%,ORIGINAL_OPERATOR,operator_critical,critical,False,0,1,1,False,111111.11111111111,,numeric_robust_z:critical_overlap_fraction,numeric_robust_z:critical_overlap_fraction
CB1_CAUR_S_CF1_RI2_TI2_R12__seed691201__it0000212,CB1_CAUR_S_CF1_RI2_TI2_R12,ts_564c041eedb4d96b3fb6,0,S,CF1,60-80%,LOCAL_PERTURBATION,related_replace_50,related,False,0,1,1,False,111111.11111111111,,numeric_robust_z:critical_overlap_fraction,numeric_robust_z:critical_overlap_fraction
CB1_CAUR_S_CF1_RI2_TI2_R12__seed691201__it0000212,CB1_CAUR_S_CF1_RI2_TI2_R12,ts_8eb0abc46cefcece977d,0,S,CF1,60-80%,RELATED_VARIANT,related_variant_1,related,False,0,1,1,False,1000000.0,,numeric_robust_z:origin_rule_count,numeric_robust_z:origin_rule_count
CB1_CAUR_S_CF1_RI2_TI2_R12__seed691201__it0000212,CB1_CAUR_S_CF1_RI2_TI2_R12,ts_ed5358703d252d830aa5,0,S,CF1,60-80%,RELATED_VARIANT,related_variant_3,related,False,0,1,1,False,1000000.0,,numeric_robust_z:origin_rule_count,numeric_robust_z:origin_rule_count
CB1_CAUR_S_CF1_RI2_TI2_R12__seed691201__it0000212,CB1_CAUR_S_CF1_RI2_TI2_R12,ts_fdf5aae11ff67016ff09,0,S,CF1,60-80%,STRUCTURED_NEAR_NEIGHBOR,near_low_slack,related,False,0,1,1,False,111111.11111111111,,numeric_robust_z:critical_overlap_fraction,numeric_robust_z:critical_overlap_fraction
CB1_CAUR_S_CF1_RI2_TI2_R12__seed691201__it0000250,CB1_CAUR_S_CF1_RI2_TI2_R12,ts_11aed0289c1c5b596384,0,S,CF1,80-100%,RELATED_VARIANT,related_variant_1,related,False,0,1,1,False,1000000.0,,numeric_robust_z:origin_rule_count,numeric_robust_z:origin_rule_count
CB1_CAUR_S_CF1_RI2_TI2_R12__seed691201__it0000250,CB1_CAUR_S_CF1_RI2_TI2_R12,ts_393b3129e7aa95a5f454,0,S,CF1,80-100%,ORIGINAL_OPERATOR,operator_w_bottleneck,w_bottleneck,False,0,1,1,False,9.333333333333334,,numeric_robust_z:bottleneck_overlap_fraction,numeric_robust_z:bottleneck_overlap_fraction
CB1_CAUR_S_CF1_RI2_TI2_R12__seed691201__it0000250,CB1_CAUR_S_CF1_RI2_TI2_R12,ts_7c18df6dd9e1781bc272,0,S,CF1,80-100%,STRUCTURED_NEAR_NEIGHBOR,near_low_slack,related,False,0,1,1,False,111111.11111111111,,numeric_robust_z:critical_overlap_fraction,numeric_robust_z:critical_overlap_fraction
CB1_CAUR_S_CF1_RI2_TI2_R12__seed691201__it0000250,CB1_CAUR_S_CF1_RI2_TI2_R12,ts_de1236fef16231327e37,0,S,CF1,80-100%,MATCHED_RANDOM,matched_random_1,random,False,0,1,1,False,111111.11111111111,,numeric_robust_z:critical_overlap_fraction,numeric_robust_z:critical_overlap_fraction
CB1_CAUR_S_CF1_RI2_TI2_R12__seed691201__it0000250,CB1_CAUR_S_CF1_RI2_TI2_R12,ts_e16f0a552b19da36ce59,0,S,CF1,80-100%,ORIGINAL_OPERATOR,operator_related,related,False,0,3,3,True,1000000.0,,numeric_robust_z:origin_rule_count+numeric_robust_z:origin_family_count+numeric_robust_z:is_fallback,numeric_robust_z:origin_rule_count+numeric_robust_z:origin_family_count+numeric_robust_z:is_fallback
CB1_CAUR_S_CF1_RI2_TI2_R12__seed691201__it0000250,CB1_CAUR_S_CF1_RI2_TI2_R12,ts_e63f056c4c53d66dcf6e,0,S,CF1,80-100%,ORIGINAL_OPERATOR,operator_critical,critical,False,0,2,2,True,444444.44444444444,,numeric_robust_z:critical_overlap_fraction+numeric_robust_z:bottleneck_overlap_fraction,numeric_robust_z:critical_overlap_fraction+numeric_robust_z:bottleneck_overlap_fraction
CB1_CAUR_S_CF1_RI2_TI2_R12__seed691201__it0000281,CB1_CAUR_S_CF1_RI2_TI2_R12,ts_48386971f809eded0020,0,S,CF1,80-100%,ORIGINAL_OPERATOR,operator_related,related,False,0,1,1,False,1000000.0,,numeric_robust_z:is_fallback,numeric_robust_z:is_fallback
CB1_CAUR_S_CF1_RI2_TI2_R12__seed691201__it0000281,CB1_CAUR_S_CF1_RI2_TI2_R12,ts_53aa224fad64e9135083,0,S,CF1,80-100%,ORIGINAL_OPERATOR,operator_critical,critical,False,0,1,1,False,111111.11111111111,,numeric_robust_z:critical_overlap_fraction,numeric_robust_z:critical_overlap_fraction
CB1_CAUR_S_CF1_RI2_TI2_R12__seed691201__it0000281,CB1_CAUR_S_CF1_RI2_TI2_R12,ts_8166f950ddeba0f291e8,0,S,CF1,80-100%,RELATED_VARIANT,related_variant_3,related,False,0,1,1,False,1000000.0,,numeric_robust_z:origin_rule_count,numeric_robust_z:origin_rule_count
CB1_CAUR_S_CF1_RI2_TI2_R12__seed691201__it0000281,CB1_CAUR_S_CF1_RI2_TI2_R12,ts_da94b18b42a3ff594c81,0,S,CF1,80-100%,STRUCTURED_NEAR_NEIGHBOR,near_low_slack,related,True,0,1,1,False,111111.11111111111,,numeric_robust_z:critical_overlap_fraction,numeric_robust_z:critical_overlap_fraction
CB1_CAUR_S_CF1_RI2_TI2_R12__seed691202__it0000014,CB1_CAUR_S_CF1_RI2_TI2_R12,ts_2b6be784bca2e5c3d92d,0,S,CF1,0-20%,RELATED_VARIANT,related_variant_1,related,False,0,1,1,False,111111.11111111111,,numeric_robust_z:critical_overlap_fraction,numeric_robust_z:critical_overlap_fraction
CB1_CAUR_S_CF1_RI2_TI2_R12__seed691202__it0000014,CB1_CAUR_S_CF1_RI2_TI2_R12,ts_5b61f602671b1af83aae,0,S,CF1,0-20%,MATCHED_RANDOM,matched_random_3,random,False,0,1,1,False,111111.11111111111,,numeric_robust_z:critical_overlap_fraction,numeric_robust_z:critical_overlap_fraction
CB1_CAUR_S_CF1_RI2_TI2_R12__seed691202__it0000014,CB1_CAUR_S_CF1_RI2_TI2_R12,ts_8e44096a4dec8a9546f8,0,S,CF1,0-20%,ORIGINAL_OPERATOR,operator_random,random,False,0,1,1,False,111111.11111111111,,numeric_robust_z:critical_overlap_fraction,numeric_robust_z:critical_overlap_fraction
CB1_CAUR_S_CF1_RI2_TI2_R12__seed691202__it0000014,CB1_CAUR_S_CF1_RI2_TI2_R12,ts_9d3b4e6c5a05e018afc2,0,S,CF1,0-20%,STRUCTURED_NEAR_NEIGHBOR,near_low_slack,related,False,0,1,1,False,111111.11111111111,,numeric_robust_z:critical_overlap_fraction,numeric_robust_z:critical_overlap_fraction
CB1_CAUR_S_CF1_RI2_TI2_R12__seed691202__it0000014,CB1_CAUR_S_CF1_RI2_TI2_R12,ts_aa9558bd138cf3db5a2c,0,S,CF1,0-20%,ORIGINAL_OPERATOR,operator_critical,critical,False,0,1,1,False,111111.11111111111,,numeric_robust_z:critical_overlap_fraction,numeric_robust_z:critical_overlap_fraction
CB1_CAUR_S_CF1_RI2_TI2_R12__seed691202__it0000014,CB1_CAUR_S_CF1_RI2_TI2_R12,ts_f2e1f10007d12ac21dbe,0,S,CF1,0-20%,ORIGINAL_OPERATOR,operator_related,related,False,0,1,1,False,1000000.0,,numeric_robust_z:is_fallback,numeric_robust_z:is_fallback
CB1_CAUR_S_CF1_RI2_TI2_R12__seed691202__it0000052,CB1_CAUR_S_CF1_RI2_TI2_R12,ts_06c0297d5a71cbb50564,0,S,CF1,0-20%,ORIGINAL_OPERATOR,operator_overloaded_island,overloaded_island,True,0,1,1,False,111111.11111111111,,numeric_robust_z:critical_overlap_fraction,numeric_robust_z:critical_overlap_fraction
CB1_CAUR_S_CF1_RI2_TI2_R12__seed691202__it0000052,CB1_CAUR_S_CF1_RI2_TI2_R12,ts_0c0d356add4ce3d05171,0,S,CF1,0-20%,RELATED_VARIANT,related_variant_4,related,False,0,2,2,True,111111.11111111111,,numeric_robust_z:critical_overlap_fraction+numeric_robust_z:bottleneck_overlap_fraction,numeric_robust_z:critical_overlap_fraction+numeric_robust_z:bottleneck_overlap_fraction
CB1_CAUR_S_CF1_RI2_TI2_R12__seed691202__it0000052,CB1_CAUR_S_CF1_RI2_TI2_R12,ts_176780fb6d9d04388f44,0,S,CF1,0-20%,RELATED_VARIANT,related_variant_1,related,False,0,1,1,False,1000000.0,,numeric_robust_z:origin_rule_count,numeric_robust_z:origin_rule_count
CB1_CAUR_S_CF1_RI2_TI2_R12__seed691202__it0000052,CB1_CAUR_S_CF1_RI2_TI2_R12,ts_274524ab8256343b6110,0,S,CF1,0-20%,ORIGINAL_OPERATOR,operator_critical,critical,False,0,2,2,True,444444.44444444444,,numeric_robust_z:critical_overlap_fraction+numeric_robust_z:bottleneck_overlap_fraction,numeric_robust_z:critical_overlap_fraction+numeric_robust_z:bottleneck_overlap_fraction
CB1_CAUR_S_CF1_RI2_TI2_R12__seed691202__it0000052,CB1_CAUR_S_CF1_RI2_TI2_R12,ts_41d46a34d55541c60fef,0,S,CF1,0-20%,RELATED_VARIANT,related_variant_2,related,False,0,1,1,False,111111.11111111111,,numeric_robust_z:critical_overlap_fraction,numeric_robust_z:critical_overlap_fraction
CB1_CAUR_S_CF1_RI2_TI2_R12__seed691202__it0000052,CB1_CAUR_S_CF1_RI2_TI2_R12,ts_496c0ab3042c6dfee282,0,S,CF1,0-20%,ORIGINAL_OPERATOR,operator_related,related,False,0,1,1,False,1000000.0,,numeric_robust_z:is_fallback,numeric_robust_z:is_fallback
CB1_CAUR_S_CF1_RI2_TI2_R12__seed691202__it0000052,CB1_CAUR_S_CF1_RI2_TI2_R12,ts_6cddbf7f6c36dc92dcae,0,S,CF1,0-20%,MATCHED_RANDOM,matched_random_3,random,False,0,2,2,True,222222.22222222222,,numeric_robust_z:critical_overlap_fraction+numeric_robust_z:bottleneck_overlap_fraction,numeric_robust_z:critical_overlap_fraction+numeric_robust_z:bottleneck_overlap_fraction
CB1_CAUR_S_CF1_RI2_TI2_R12__seed691202__it0000052,CB1_CAUR_S_CF1_RI2_TI2_R12,ts_8c1238b85446a8fbaa9f,0,S,CF1,0-20%,ORIGINAL_OPERATOR,operator_w_bottleneck,w_bottleneck,False,0,1,1,False,111111.11111111111,,numeric_robust_z:critical_overlap_fraction,numeric_robust_z:critical_overlap_fraction
CB1_CAUR_S_CF1_RI2_TI2_R12__seed691202__it0000052,CB1_CAUR_S_CF1_RI2_TI2_R12,ts_bbc6857aa6f427535660,0,S,CF1,0-20%,STRUCTURED_NEAR_NEIGHBOR,near_precedence_neighbor,related,False,0,1,1,False,111111.11111111111,,numeric_robust_z:critical_overlap_fraction,numeric_robust_z:critical_overlap_fraction
CB1_CAUR_S_CF1_RI2_TI2_R12__seed691202__it0000052,CB1_CAUR_S_CF1_RI2_TI2_R12,ts_cd3f8e188f529a233db0,0,S,CF1,0-20%,LOCAL_PERTURBATION,one_operation_swap,related,False,0,1,1,False,111111.11111111111,,numeric_robust_z:critical_overlap_fraction,numeric_robust_z:critical_overlap_fraction
CB1_CAUR_S_CF1_RI2_TI2_R12__seed691202__it0000052,CB1_CAUR_S_CF1_RI2_TI2_R12,ts_cd56dd708298577e894b,0,S,CF1,0-20%,STRUCTURED_NEAR_NEIGHBOR,near_same_product,related,False,0,1,1,False,111111.11111111111,,numeric_robust_z:critical_overlap_fraction,numeric_robust_z:critical_overlap_fraction
CB1_CAUR_S_CF1_RI2_TI2_R12__seed691202__it0000052,CB1_CAUR_S_CF1_RI2_TI2_R12,ts_ed453de4615d23b8b282,0,S,CF1,0-20%,STRUCTURED_NEAR_NEIGHBOR,near_low_slack,related,False,0,2,2,True,111111.11111111111,,numeric_robust_z:critical_overlap_fraction+numeric_robust_z:bottleneck_overlap_fraction,numeric_robust_z:critical_overlap_fraction+numeric_robust_z:bottleneck_overlap_fraction
CB1_CAUR_S_CF1_RI2_TI2_R12__seed691202__it0000052,CB1_CAUR_S_CF1_RI2_TI2_R12,ts_f3bf71671e74f2a4b545,0,S,CF1,0-20%,MATCHED_RANDOM,matched_random_2,random,False,0,2,2,True,111111.11111111111,,numeric_robust_z:critical_overlap_fraction+numeric_robust_z:bottleneck_overlap_fraction,numeric_robust_z:critical_overlap_fraction+numeric_robust_z:bottleneck_overlap_fraction
CB1_CAUR_S_CF1_RI2_TI2_R12__seed691202__it0000094,CB1_CAUR_S_CF1_RI2_TI2_R12,ts_0911112b0adee9d83e24,0,S,CF1,20-40%,ORIGINAL_OPERATOR,operator_overloaded_island,overloaded_island,True,0,1,1,False,111111.11111111111,,numeric_robust_z:critical_overlap_fraction,numeric_robust_z:critical_overlap_fraction
CB1_CAUR_S_CF1_RI2_TI2_R12__seed691202__it0000094,CB1_CAUR_S_CF1_RI2_TI2_R12,ts_158aa407ce8125d178ef,0,S,CF1,20-40%,LOCAL_PERTURBATION,one_operation_swap,related,False,0,1,1,False,111111.11111111111,,numeric_robust_z:critical_overlap_fraction,numeric_robust_z:critical_overlap_fraction
CB1_CAUR_S_CF1_RI2_TI2_R12__seed691202__it0000094,CB1_CAUR_S_CF1_RI2_TI2_R12,ts_32469b75ab0ee792de16,0,S,CF1,20-40%,LOCAL_PERTURBATION,two_operation_swap,related,False,0,1,1,False,111111.11111111111,,numeric_robust_z:critical_overlap_fraction,numeric_robust_z:critical_overlap_fraction
CB1_CAUR_S_CF1_RI2_TI2_R12__seed691202__it0000094,CB1_CAUR_S_CF1_RI2_TI2_R12,ts_4c6f0a6c0fed2334578a,0,S,CF1,20-40%,STRUCTURED_NEAR_NEIGHBOR,near_same_product,related,False,0,1,1,False,111111.11111111111,,numeric_robust_z:critical_overlap_fraction,numeric_robust_z:critical_overlap_fraction
CB1_CAUR_S_CF1_RI2_TI2_R12__seed691202__it0000094,CB1_CAUR_S_CF1_RI2_TI2_R12,ts_5b9aecc8f6ebb9011531,0,S,CF1,20-40%,STRUCTURED_NEAR_NEIGHBOR,near_high_W_delay,related,False,0,2,2,True,1000000.0,,numeric_robust_z:origin_rule_count+numeric_robust_z:critical_overlap_fraction,numeric_robust_z:origin_rule_count+numeric_robust_z:critical_overlap_fraction
CB1_CAUR_S_CF1_RI2_TI2_R12__seed691202__it0000094,CB1_CAUR_S_CF1_RI2_TI2_R12,ts_8bcaabe94315126df2b3,0,S,CF1,20-40%,ORIGINAL_OPERATOR,operator_critical,critical,False,0,1,1,False,222222.22222222222,,numeric_robust_z:critical_overlap_fraction,numeric_robust_z:critical_overlap_fraction
CB1_CAUR_S_CF1_RI2_TI2_R12__seed691202__it0000094,CB1_CAUR_S_CF1_RI2_TI2_R12,ts_b617c6e7c365b44ba7ec,0,S,CF1,20-40%,ORIGINAL_OPERATOR,operator_related,related,False,0,2,2,True,1000000.0,,numeric_robust_z:critical_overlap_fraction+numeric_robust_z:is_fallback,numeric_robust_z:critical_overlap_fraction+numeric_robust_z:is_fallback
CB1_CAUR_S_CF1_RI2_TI2_R12__seed691202__it0000094,CB1_CAUR_S_CF1_RI2_TI2_R12,ts_f4c783151a11147bac94,0,S,CF1,20-40%,ORIGINAL_OPERATOR,operator_w_bottleneck,w_bottleneck,False,0,1,1,False,111111.11111111111,,numeric_robust_z:critical_overlap_fraction,numeric_robust_z:critical_overlap_fraction
CB1_CAUR_S_CF1_RI2_TI2_R12__seed691202__it0000094,CB1_CAUR_S_CF1_RI2_TI2_R12,ts_fcf45a22d3cbe0f13c9b,0,S,CF1,20-40%,STRUCTURED_NEAR_NEIGHBOR,near_low_slack,related,False,0,1,1,False,222222.22222222222,,numeric_robust_z:critical_overlap_fraction,numeric_robust_z:critical_overlap_fraction
CB1_CAUR_S_CF1_RI2_TI2_R12__seed691202__it0000133,CB1_CAUR_S_CF1_RI2_TI2_R12,ts_458369ac187e732340f4,0,S,CF1,40-60%,RELATED_VARIANT,related_variant_3,related,False,0,1,1,False,111111.11111111111,,numeric_robust_z:critical_overlap_fraction,numeric_robust_z:critical_overlap_fraction
CB1_CAUR_S_CF1_RI2_TI2_R12__seed691202__it0000133,CB1_CAUR_S_CF1_RI2_TI2_R12,ts_6af155da4b52d0d11976,0,S,CF1,40-60%,RELATED_VARIANT,related_variant_2,related,False,0,1,1,False,111111.11111111111,,numeric_robust_z:critical_overlap_fraction,numeric_robust_z:critical_overlap_fraction
CB1_CAUR_S_CF1_RI2_TI2_R12__seed691202__it0000133,CB1_CAUR_S_CF1_RI2_TI2_R12,ts_afe9bfc8f8a2990a087c,0,S,CF1,40-60%,ORIGINAL_OPERATOR,operator_critical,critical,False,0,1,1,False,111111.11111111111,,numeric_robust_z:critical_overlap_fraction,numeric_robust_z:critical_overlap_fraction
CB1_CAUR_S_CF1_RI2_TI2_R12__seed691202__it0000133,CB1_CAUR_S_CF1_RI2_TI2_R12,ts_b411c71dfef8e504a4e8,0,S,CF1,40-60%,STRUCTURED_NEAR_NEIGHBOR,near_low_slack,related,False,0,1,1,False,111111.11111111111,,numeric_robust_z:critical_overlap_fraction,numeric_robust_z:critical_overlap_fraction
CB1_CAUR_S_CF1_RI2_TI2_R12__seed691202__it0000133,CB1_CAUR_S_CF1_RI2_TI2_R12,ts_c7ae53e0799f89830d93,0,S,CF1,40-60%,ORIGINAL_OPERATOR,operator_related,related,False,0,1,1,False,1000000.0,,numeric_robust_z:is_fallback,numeric_robust_z:is_fallback
CB1_CAUR_S_CF1_RI2_TI2_R12__seed691202__it0000174,CB1_CAUR_S_CF1_RI2_TI2_R12,ts_1c7bcf8291165186ff7b,0,S,CF1,40-60%,RELATED_VARIANT,related_variant_2,related,False,0,1,1,False,1000000.0,,numeric_robust_z:origin_rule_count,numeric_robust_z:origin_rule_count
CB1_CAUR_S_CF1_RI2_TI2_R12__seed691202__it0000174,CB1_CAUR_S_CF1_RI2_TI2_R12,ts_2a5f40a5bcd9e03e3ea3,0,S,CF1,40-60%,ORIGINAL_OPERATOR,operator_related,related,False,0,1,1,False,1000000.0,,numeric_robust_z:is_fallback,numeric_robust_z:is_fallback
CB1_CAUR_S_CF1_RI2_TI2_R12__seed691202__it0000174,CB1_CAUR_S_CF1_RI2_TI2_R12,ts_5af3a7ff4ab34c8023c0,0,S,CF1,40-60%,STRUCTURED_NEAR_NEIGHBOR,near_low_slack,related,False,0,1,1,False,111111.11111111111,,numeric_robust_z:critical_overlap_fraction,numeric_robust_z:critical_overlap_fraction
CB1_CAUR_S_CF1_RI2_TI2_R12__seed691202__it0000174,CB1_CAUR_S_CF1_RI2_TI2_R12,ts_6f7ec67b67cd74aac390,0,S,CF1,40-60%,ORIGINAL_OPERATOR,operator_critical,critical,False,0,1,1,False,111111.11111111111,,numeric_robust_z:critical_overlap_fraction,numeric_robust_z:critical_overlap_fraction
CB1_CAUR_S_CF1_RI2_TI2_R12__seed691202__it0000174,CB1_CAUR_S_CF1_RI2_TI2_R12,ts_7804ebb96f58fde4b5a3,0,S,CF1,40-60%,LOCAL_PERTURBATION,two_operation_swap,related,False,0,1,1,False,111111.11111111111,,numeric_robust_z:critical_overlap_fraction,numeric_robust_z:critical_overlap_fraction
CB1_CAUR_S_CF1_RI2_TI2_R12__seed691202__it0000174,CB1_CAUR_S_CF1_RI2_TI2_R12,ts_8d4948f6275a67f55236,0,S,CF1,40-60%,ORIGINAL_OPERATOR,operator_high_reconfiguration,high_reconfiguration,False,0,1,1,False,111111.11111111111,,numeric_robust_z:critical_overlap_fraction,numeric_robust_z:critical_overlap_fraction
CB1_CAUR_S_CF1_RI2_TI2_R12__seed691202__it0000174,CB1_CAUR_S_CF1_RI2_TI2_R12,ts_c97ec5d5dec25a70fd1f,0,S,CF1,40-60%,RELATED_VARIANT,related_variant_3,related,False,0,1,1,False,111111.11111111111,,numeric_robust_z:critical_overlap_fraction,numeric_robust_z:critical_overlap_fraction
CB1_CAUR_S_CF1_RI2_TI2_R12__seed691202__it0000217,CB1_CAUR_S_CF1_RI2_TI2_R12,ts_0e85fa1177d64365cfdc,0,S,CF1,60-80%,MATCHED_RANDOM,matched_random_2,random,False,0,1,1,False,111111.11111111111,,numeric_robust_z:critical_overlap_fraction,numeric_robust_z:critical_overlap_fraction
CB1_CAUR_S_CF1_RI2_TI2_R12__seed691202__it0000217,CB1_CAUR_S_CF1_RI2_TI2_R12,ts_2b34979d745c05f6970c,0,S,CF1,60-80%,ORIGINAL_OPERATOR,operator_f_bottleneck,f_bottleneck,False,0,1,1,False,111111.11111111111,,numeric_robust_z:critical_overlap_fraction,numeric_robust_z:critical_overlap_fraction
CB1_CAUR_S_CF1_RI2_TI2_R12__seed691202__it0000217,CB1_CAUR_S_CF1_RI2_TI2_R12,ts_6094abd83daefe018625,0,S,CF1,60-80%,ORIGINAL_OPERATOR,operator_overloaded_island,overloaded_island,False,0,1,1,False,111111.11111111111,,numeric_robust_z:critical_overlap_fraction,numeric_robust_z:critical_overlap_fraction
CB1_CAUR_S_CF1_RI2_TI2_R12__seed691202__it0000217,CB1_CAUR_S_CF1_RI2_TI2_R12,ts_9e64c7046c48cdcfe361,0,S,CF1,60-80%,ORIGINAL_OPERATOR,operator_w_bottleneck,w_bottleneck,False,0,1,1,False,111111.11111111111,,numeric_robust_z:critical_overlap_fraction,numeric_robust_z:critical_overlap_fraction
CB1_CAUR_S_CF1_RI2_TI2_R12__seed691202__it0000217,CB1_CAUR_S_CF1_RI2_TI2_R12,ts_b98da6c02f2bc5db67be,0,S,CF1,60-80%,ORIGINAL_OPERATOR,operator_critical,critical,False,0,1,1,False,111111.11111111111,,numeric_robust_z:critical_overlap_fraction,numeric_robust_z:critical_overlap_fraction
CB1_CAUR_S_CF1_RI2_TI2_R12__seed691202__it0000217,CB1_CAUR_S_CF1_RI2_TI2_R12,ts_c6a402ddbc6680349104,0,S,CF1,60-80%,RELATED_VARIANT,related_variant_4,related,False,0,1,1,False,111111.11111111111,,numeric_robust_z:critical_overlap_fraction,numeric_robust_z:critical_overlap_fraction
CB1_CAUR_S_CF1_RI2_TI2_R12__seed691202__it0000217,CB1_CAUR_S_CF1_RI2_TI2_R12,ts_cfe5dd45e3e04db9de54,0,S,CF1,60-80%,STRUCTURED_NEAR_NEIGHBOR,near_low_slack,related,False,0,1,1,False,111111.11111111111,,numeric_robust_z:critical_overlap_fraction,numeric_robust_z:critical_overlap_fraction
CB1_CAUR_S_CF1_RI2_TI2_R12__seed691202__it0000217,CB1_CAUR_S_CF1_RI2_TI2_R12,ts_ec81cd2d6c294a661e35,0,S,CF1,60-80%,ORIGINAL_OPERATOR,operator_related,related,False,0,1,1,False,1000000.0,,numeric_robust_z:is_fallback,numeric_robust_z:is_fallback
CB1_CAUR_S_CF1_RI2_TI2_R12__seed691202__it0000258,CB1_CAUR_S_CF1_RI2_TI2_R12,ts_5071e44c93fc8f3257f5,0,S,CF1,80-100%,STRUCTURED_NEAR_NEIGHBOR,near_low_slack,related,False,0,1,1,False,111111.11111111111,,numeric_robust_z:critical_overlap_fraction,numeric_robust_z:critical_overlap_fraction
CB1_CAUR_S_CF1_RI2_TI2_R12__seed691202__it0000258,CB1_CAUR_S_CF1_RI2_TI2_R12,ts_7be26e0588654ab9e095,0,S,CF1,80-100%,ORIGINAL_OPERATOR,operator_w_bottleneck,w_bottleneck,False,0,1,1,False,111111.11111111111,,numeric_robust_z:critical_overlap_fraction,numeric_robust_z:critical_overlap_fraction
CB1_CAUR_S_CF1_RI2_TI2_R12__seed691202__it0000258,CB1_CAUR_S_CF1_RI2_TI2_R12,ts_a201b8a75657f0170be7,0,S,CF1,80-100%,ORIGINAL_OPERATOR,operator_overloaded_island,overloaded_island,False,0,1,1,False,111111.11111111111,,numeric_robust_z:critical_overlap_fraction,numeric_robust_z:critical_overlap_fraction
CB1_CAUR_S_CF1_RI2_TI2_R12__seed691202__it0000258,CB1_CAUR_S_CF1_RI2_TI2_R12,ts_d7968adf18e86d1b2852,0,S,CF1,80-100%,RELATED_VARIANT,related_variant_3,related,False,0,1,1,False,111111.11111111111,,numeric_robust_z:critical_overlap_fraction,numeric_robust_z:critical_overlap_fraction
CB1_CAUR_S_CF1_RI2_TI2_R12__seed691202__it0000258,CB1_CAUR_S_CF1_RI2_TI2_R12,ts_e66bfe93dd123aa0267c,0,S,CF1,80-100%,ORIGINAL_OPERATOR,operator_related,related,False,0,1,1,False,1000000.0,,numeric_robust_z:is_fallback,numeric_robust_z:is_fallback
CB1_CAUR_S_CF1_RI2_TI2_R12__seed691202__it0000258,CB1_CAUR_S_CF1_RI2_TI2_R12,ts_ec20b50a225cc41068e9,0,S,CF1,80-100%,ORIGINAL_OPERATOR,operator_critical,critical,False,0,1,1,False,111111.11111111111,,numeric_robust_z:critical_overlap_fraction,numeric_robust_z:critical_overlap_fraction
CB1_CAUR_S_CF1_RI2_TI2_R12__seed691202__it0000289,CB1_CAUR_S_CF1_RI2_TI2_R12,ts_0e5cc926bd88e5e0cb5c,0,S,CF1,80-100%,ORIGINAL_OPERATOR,operator_critical,critical,False,0,1,1,False,111111.11111111111,,numeric_robust_z:critical_overlap_fraction,numeric_robust_z:critical_overlap_fraction
CB1_CAUR_S_CF1_RI2_TI2_R12__seed691202__it0000289,CB1_CAUR_S_CF1_RI2_TI2_R12,ts_23a64dca3a43490f6290,0,S,CF1,80-100%,STRUCTURED_NEAR_NEIGHBOR,near_low_slack,related,False,0,1,1,False,111111.11111111111,,numeric_robust_z:critical_overlap_fraction,numeric_robust_z:critical_overlap_fraction
CB1_CAUR_S_CF1_RI2_TI2_R12__seed691202__it0000289,CB1_CAUR_S_CF1_RI2_TI2_R12,ts_578359a37231b59401d6,0,S,CF1,80-100%,ORIGINAL_OPERATOR,operator_related,related,False,0,1,1,False,1000000.0,,numeric_robust_z:is_fallback,numeric_robust_z:is_fallback
CB1_CAUR_S_CF1_RI2_TI2_R12__seed691202__it0000289,CB1_CAUR_S_CF1_RI2_TI2_R12,ts_5989a9a005c38f9f02cf,0,S,CF1,80-100%,RELATED_VARIANT,related_variant_2,related,False,0,1,1,False,111111.11111111111,,numeric_robust_z:critical_overlap_fraction,numeric_robust_z:critical_overlap_fraction
CB1_CAUR_S_CF1_RI2_TI2_R12__seed691202__it0000289,CB1_CAUR_S_CF1_RI2_TI2_R12,ts_62536153f9c5b72d3295,0,S,CF1,80-100%,MATCHED_RANDOM,matched_random_1,random,False,0,1,1,False,111111.11111111111,,numeric_robust_z:critical_overlap_fraction,numeric_robust_z:critical_overlap_fraction
CB1_CAUR_S_CF2_RI2_TI2_R12_C02__seed691201__it0000014,CB1_CAUR_S_CF2_RI2_TI2_R12_C02,ts_17695489babd22e9a06a,1,S,CF2,0-20%,ORIGINAL_OPERATOR,operator_critical,critical,False,0,1,1,False,111111.11111111111,,numeric_robust_z:critical_overlap_fraction,numeric_robust_z:critical_overlap_fraction
CB1_CAUR_S_CF2_RI2_TI2_R12_C02__seed691201__it0000014,CB1_CAUR_S_CF2_RI2_TI2_R12_C02,ts_9d3011c56f1356205297,1,S,CF2,0-20%,STRUCTURED_NEAR_NEIGHBOR,near_low_slack,related,False,0,1,1,False,111111.11111111111,,numeric_robust_z:critical_overlap_fraction,numeric_robust_z:critical_overlap_fraction
CB1_CAUR_S_CF2_RI2_TI2_R12_C02__seed691201__it0000014,CB1_CAUR_S_CF2_RI2_TI2_R12_C02,ts_cc64d79ffe995b926f8f,1,S,CF2,0-20%,ORIGINAL_OPERATOR,operator_related,related,False,0,3,3,True,2000000.0,,numeric_robust_z:origin_rule_count+numeric_robust_z:origin_family_count+numeric_robust_z:is_fallback,numeric_robust_z:origin_rule_count+numeric_robust_z:origin_family_count+numeric_robust_z:is_fallback
CB1_CAUR_S_CF2_RI2_TI2_R12_C02__seed691201__it0000014,CB1_CAUR_S_CF2_RI2_TI2_R12_C02,ts_d0df90ba1c8f49950233,1,S,CF2,0-20%,ORIGINAL_OPERATOR,operator_high_reconfiguration,high_reconfiguration,False,0,1,1,False,111111.11111111111,,numeric_robust_z:critical_overlap_fraction,numeric_robust_z:critical_overlap_fraction
CB1_CAUR_S_CF2_RI2_TI2_R12_C02__seed691201__it0000054,CB1_CAUR_S_CF2_RI2_TI2_R12_C02,ts_399949edd0744578be1a,1,S,CF2,0-20%,STRUCTURED_NEAR_NEIGHBOR,near_low_slack,related,False,0,1,1,False,111111.11111111111,,numeric_robust_z:critical_overlap_fraction,numeric_robust_z:critical_overlap_fraction
CB1_CAUR_S_CF2_RI2_TI2_R12_C02__seed691201__it0000054,CB1_CAUR_S_CF2_RI2_TI2_R12_C02,ts_4acfab1ccc986a76b6ac,1,S,CF2,0-20%,ORIGINAL_OPERATOR,operator_critical,critical,False,0,1,1,False,111111.11111111111,,numeric_robust_z:critical_overlap_fraction,numeric_robust_z:critical_overlap_fraction
CB1_CAUR_S_CF2_RI2_TI2_R12_C02__seed691201__it0000054,CB1_CAUR_S_CF2_RI2_TI2_R12_C02,ts_9620720b6b794a9b7b09,1,S,CF2,0-20%,ORIGINAL_OPERATOR,operator_w_bottleneck,w_bottleneck,False,0,1,1,False,111111.11111111111,,numeric_robust_z:critical_overlap_fraction,numeric_robust_z:critical_overlap_fraction
CB1_CAUR_S_CF2_RI2_TI2_R12_C02__seed691201__it0000054,CB1_CAUR_S_CF2_RI2_TI2_R12_C02,ts_f46d903ade97ed9289d6,1,S,CF2,0-20%,ORIGINAL_OPERATOR,operator_related,related,False,0,1,1,False,1000000.0,,numeric_robust_z:is_fallback,numeric_robust_z:is_fallback
CB1_CAUR_S_CF2_RI2_TI2_R12_C02__seed691201__it0000098,CB1_CAUR_S_CF2_RI2_TI2_R12_C02,ts_5741f3f50ec1f8057e85,1,S,CF2,20-40%,STRUCTURED_NEAR_NEIGHBOR,near_same_island_chain,related,False,0,1,1,False,111111.11111111111,,numeric_robust_z:critical_overlap_fraction,numeric_robust_z:critical_overlap_fraction
CB1_CAUR_S_CF2_RI2_TI2_R12_C02__seed691201__it0000098,CB1_CAUR_S_CF2_RI2_TI2_R12_C02,ts_66e2aa200e7d3c4e05be,1,S,CF2,20-40%,ORIGINAL_OPERATOR,operator_related,related,False,0,3,3,True,1000000.0,,numeric_robust_z:origin_rule_count+numeric_robust_z:origin_family_count+numeric_robust_z:is_fallback,numeric_robust_z:origin_rule_count+numeric_robust_z:origin_family_count+numeric_robust_z:is_fallback
CB1_CAUR_S_CF2_RI2_TI2_R12_C02__seed691201__it0000098,CB1_CAUR_S_CF2_RI2_TI2_R12_C02,ts_a8c072410dbe3efcfb0d,1,S,CF2,20-40%,STRUCTURED_NEAR_NEIGHBOR,near_low_slack,related,False,0,1,1,False,111111.11111111111,,numeric_robust_z:critical_overlap_fraction,numeric_robust_z:critical_overlap_fraction
CB1_CAUR_S_CF2_RI2_TI2_R12_C02__seed691201__it0000098,CB1_CAUR_S_CF2_RI2_TI2_R12_C02,ts_cf631a30edd08944b480,1,S,CF2,20-40%,ORIGINAL_OPERATOR,operator_critical,critical,False,0,1,1,False,111111.11111111111,,numeric_robust_z:critical_overlap_fraction,numeric_robust_z:critical_overlap_fraction
CB1_CAUR_S_CF2_RI2_TI2_R12_C02__seed691201__it0000098,CB1_CAUR_S_CF2_RI2_TI2_R12_C02,ts_db1c70205f716402a580,1,S,CF2,20-40%,MATCHED_RANDOM,matched_random_2,random,False,0,1,1,False,111111.11111111111,,numeric_robust_z:critical_overlap_fraction,numeric_robust_z:critical_overlap_fraction
CB1_CAUR_S_CF2_RI2_TI2_R12_C02__seed691201__it0000138,CB1_CAUR_S_CF2_RI2_TI2_R12_C02,ts_1e52c66edf28f2e98d1c,1,S,CF2,40-60%,STRUCTURED_NEAR_NEIGHBOR,near_low_slack,related,False,0,1,1,False,111111.11111111111,,numeric_robust_z:critical_overlap_fraction,numeric_robust_z:critical_overlap_fraction
CB1_CAUR_S_CF2_RI2_TI2_R12_C02__seed691201__it0000138,CB1_CAUR_S_CF2_RI2_TI2_R12_C02,ts_529abb5b1d7bace3d3e7,1,S,CF2,40-60%,ORIGINAL_OPERATOR,operator_related,related,False,0,3,3,True,1000000.0,,numeric_robust_z:origin_rule_count+numeric_robust_z:origin_family_count+numeric_robust_z:is_fallback,numeric_robust_z:origin_rule_count+numeric_robust_z:origin_family_count+numeric_robust_z:is_fallback
CB1_CAUR_S_CF2_RI2_TI2_R12_C02__seed691201__it0000138,CB1_CAUR_S_CF2_RI2_TI2_R12_C02,ts_7972de1b8bdbfa779e0b,1,S,CF2,40-60%,RELATED_VARIANT,related_variant_1,related,False,0,2,2,True,1000000.0,,numeric_robust_z:origin_rule_count+numeric_robust_z:critical_overlap_fraction,numeric_robust_z:origin_rule_count+numeric_robust_z:critical_overlap_fraction
CB1_CAUR_S_CF2_RI2_TI2_R12_C02__seed691201__it0000138,CB1_CAUR_S_CF2_RI2_TI2_R12_C02,ts_7a27e44c83065a659145,1,S,CF2,40-60%,ORIGINAL_OPERATOR,operator_critical,critical,False,0,1,1,False,111111.11111111111,,numeric_robust_z:critical_overlap_fraction,numeric_robust_z:critical_overlap_fraction
CB1_CAUR_S_CF2_RI2_TI2_R12_C02__seed691201__it0000138,CB1_CAUR_S_CF2_RI2_TI2_R12_C02,ts_843831bd52be32b07cf7,1,S,CF2,40-60%,ORIGINAL_OPERATOR,operator_random,random,True,0,1,1,False,111111.11111111111,,numeric_robust_z:critical_overlap_fraction,numeric_robust_z:critical_overlap_fraction
CB1_CAUR_S_CF2_RI2_TI2_R12_C02__seed691201__it0000138,CB1_CAUR_S_CF2_RI2_TI2_R12_C02,ts_e2e4f51e738e48e3c7e7,1,S,CF2,40-60%,MATCHED_RANDOM,matched_random_2,random,False,0,1,1,False,111111.11111111111,,numeric_robust_z:critical_overlap_fraction,numeric_robust_z:critical_overlap_fraction
CB1_CAUR_S_CF2_RI2_TI2_R12_C02__seed691201__it0000179,CB1_CAUR_S_CF2_RI2_TI2_R12_C02,ts_02765ca6226f17081510,1,S,CF2,40-60%,ORIGINAL_OPERATOR,operator_related,related,False,0,3,3,True,2000000.0,,numeric_robust_z:origin_rule_count+numeric_robust_z:origin_family_count+numeric_robust_z:is_fallback,numeric_robust_z:origin_rule_count+numeric_robust_z:origin_family_count+numeric_robust_z:is_fallback
CB1_CAUR_S_CF2_RI2_TI2_R12_C02__seed691201__it0000179,CB1_CAUR_S_CF2_RI2_TI2_R12_C02,ts_3826dec94c248a800626,1,S,CF2,40-60%,RELATED_VARIANT,related_variant_3,related,True,0,1,1,False,111111.11111111111,,numeric_robust_z:critical_overlap_fraction,numeric_robust_z:critical_overlap_fraction
CB1_CAUR_S_CF2_RI2_TI2_R12_C02__seed691201__it0000179,CB1_CAUR_S_CF2_RI2_TI2_R12_C02,ts_736168ed93a8abcfab65,1,S,CF2,40-60%,ORIGINAL_OPERATOR,operator_critical,critical,False,0,1,1,False,111111.11111111111,,numeric_robust_z:critical_overlap_fraction,numeric_robust_z:critical_overlap_fraction
CB1_CAUR_S_CF2_RI2_TI2_R12_C02__seed691201__it0000179,CB1_CAUR_S_CF2_RI2_TI2_R12_C02,ts_a8a170cfb55241289ef9,1,S,CF2,40-60%,STRUCTURED_NEAR_NEIGHBOR,near_low_slack,related,False,0,1,1,False,111111.11111111111,,numeric_robust_z:critical_overlap_fraction,numeric_robust_z:critical_overlap_fraction
CB1_CAUR_S_CF2_RI2_TI2_R12_C02__seed691201__it0000222,CB1_CAUR_S_CF2_RI2_TI2_R12_C02,ts_0a2e0698949576cb9be9,1,S,CF2,60-80%,ORIGINAL_OPERATOR,operator_w_bottleneck,w_bottleneck,False,0,1,1,False,111111.11111111111,,numeric_robust_z:critical_overlap_fraction,numeric_robust_z:critical_overlap_fraction
CB1_CAUR_S_CF2_RI2_TI2_R12_C02__seed691201__it0000222,CB1_CAUR_S_CF2_RI2_TI2_R12_C02,ts_1023aca311c416122b71,1,S,CF2,60-80%,LOCAL_PERTURBATION,related_replace_50,related,False,0,1,1,False,111111.11111111111,,numeric_robust_z:critical_overlap_fraction,numeric_robust_z:critical_overlap_fraction
CB1_CAUR_S_CF2_RI2_TI2_R12_C02__seed691201__it0000222,CB1_CAUR_S_CF2_RI2_TI2_R12_C02,ts_580cbc5fd28d92ab91f6,1,S,CF2,60-80%,ORIGINAL_OPERATOR,operator_related,related,False,0,1,1,False,1000000.0,,numeric_robust_z:is_fallback,numeric_robust_z:is_fallback
CB1_CAUR_S_CF2_RI2_TI2_R12_C02__seed691201__it0000222,CB1_CAUR_S_CF2_RI2_TI2_R12_C02,ts_783c46eaf9b7fcaf5c79,1,S,CF2,60-80%,STRUCTURED_NEAR_NEIGHBOR,near_low_slack,related,False,0,1,1,False,111111.11111111111,,numeric_robust_z:critical_overlap_fraction,numeric_robust_z:critical_overlap_fraction
CB1_CAUR_S_CF2_RI2_TI2_R12_C02__seed691201__it0000222,CB1_CAUR_S_CF2_RI2_TI2_R12_C02,ts_7ccfbaf28ad5dc3d1a81,1,S,CF2,60-80%,ORIGINAL_OPERATOR,operator_critical,critical,False,0,1,1,False,111111.11111111111,,numeric_robust_z:critical_overlap_fraction,numeric_robust_z:critical_overlap_fraction
CB1_CAUR_S_CF2_RI2_TI2_R12_C02__seed691201__it0000222,CB1_CAUR_S_CF2_RI2_TI2_R12_C02,ts_916d393e2b4a3a284005,1,S,CF2,60-80%,STRUCTURED_NEAR_NEIGHBOR,near_same_island_chain,related,False,0,1,1,False,111111.11111111111,,numeric_robust_z:critical_overlap_fraction,numeric_robust_z:critical_overlap_fraction
CB1_CAUR_S_CF2_RI2_TI2_R12_C02__seed691201__it0000222,CB1_CAUR_S_CF2_RI2_TI2_R12_C02,ts_a7dadc4b0d5755542108,1,S,CF2,60-80%,RELATED_VARIANT,related_variant_3,related,False,0,2,2,True,1000000.0,,numeric_robust_z:origin_rule_count+numeric_robust_z:critical_overlap_fraction,numeric_robust_z:origin_rule_count+numeric_robust_z:critical_overlap_fraction
CB1_CAUR_S_CF2_RI2_TI2_R12_C02__seed691201__it0000262,CB1_CAUR_S_CF2_RI2_TI2_R12_C02,ts_1614b0fff857cf4a706f,1,S,CF2,80-100%,RELATED_VARIANT,related_variant_1,related,False,0,1,1,False,111111.11111111111,,numeric_robust_z:critical_overlap_fraction,numeric_robust_z:critical_overlap_fraction
CB1_CAUR_S_CF2_RI2_TI2_R12_C02__seed691201__it0000262,CB1_CAUR_S_CF2_RI2_TI2_R12_C02,ts_2b606db9b33bcccf7141,1,S,CF2,80-100%,STRUCTURED_NEAR_NEIGHBOR,near_low_slack,related,False,0,1,1,False,111111.11111111111,,numeric_robust_z:critical_overlap_fraction,numeric_robust_z:critical_overlap_fraction
CB1_CAUR_S_CF2_RI2_TI2_R12_C02__seed691201__it0000262,CB1_CAUR_S_CF2_RI2_TI2_R12_C02,ts_3180d34b36fc58541a35,1,S,CF2,80-100%,ORIGINAL_OPERATOR,operator_critical,critical,False,0,1,1,False,111111.11111111111,,numeric_robust_z:critical_overlap_fraction,numeric_robust_z:critical_overlap_fraction
CB1_CAUR_S_CF2_RI2_TI2_R12_C02__seed691201__it0000262,CB1_CAUR_S_CF2_RI2_TI2_R12_C02,ts_335ce531b921cde71063,1,S,CF2,80-100%,RELATED_VARIANT,related_variant_2,related,False,0,1,1,False,111111.11111111111,,numeric_robust_z:critical_overlap_fraction,numeric_robust_z:critical_overlap_fraction
CB1_CAUR_S_CF2_RI2_TI2_R12_C02__seed691201__it0000262,CB1_CAUR_S_CF2_RI2_TI2_R12_C02,ts_408be7014a14e6b5c6cd,1,S,CF2,80-100%,ORIGINAL_OPERATOR,operator_related,related,False,0,1,1,False,1000000.0,,numeric_robust_z:is_fallback,numeric_robust_z:is_fallback
CB1_CAUR_S_CF2_RI2_TI2_R12_C02__seed691201__it0000294,CB1_CAUR_S_CF2_RI2_TI2_R12_C02,ts_0999013a15e921fa06a0,1,S,CF2,80-100%,RELATED_VARIANT,related_variant_3,related,False,0,1,1,False,111111.11111111111,,numeric_robust_z:critical_overlap_fraction,numeric_robust_z:critical_overlap_fraction
CB1_CAUR_S_CF2_RI2_TI2_R12_C02__seed691201__it0000294,CB1_CAUR_S_CF2_RI2_TI2_R12_C02,ts_1e6b36472e28fabf001f,1,S,CF2,80-100%,RELATED_VARIANT,related_variant_1,related,False,0,1,1,False,1000000.0,,numeric_robust_z:origin_rule_count,numeric_robust_z:origin_rule_count
CB1_CAUR_S_CF2_RI2_TI2_R12_C02__seed691201__it0000294,CB1_CAUR_S_CF2_RI2_TI2_R12_C02,ts_329915997e03f792e659,1,S,CF2,80-100%,ORIGINAL_OPERATOR,operator_related,related,False,0,1,1,False,1000000.0,,numeric_robust_z:is_fallback,numeric_robust_z:is_fallback
CB1_CAUR_S_CF2_RI2_TI2_R12_C02__seed691201__it0000294,CB1_CAUR_S_CF2_RI2_TI2_R12_C02,ts_36c7065a8b2963837e62,1,S,CF2,80-100%,ORIGINAL_OPERATOR,operator_critical,critical,False,0,1,1,False,111111.11111111111,,numeric_robust_z:critical_overlap_fraction,numeric_robust_z:critical_overlap_fraction
CB1_CAUR_S_CF2_RI2_TI2_R12_C02__seed691201__it0000294,CB1_CAUR_S_CF2_RI2_TI2_R12_C02,ts_ae2788b3b04ea9c8a45c,1,S,CF2,80-100%,STRUCTURED_NEAR_NEIGHBOR,near_low_slack,related,False,0,1,1,False,111111.11111111111,,numeric_robust_z:critical_overlap_fraction,numeric_robust_z:critical_overlap_fraction
CB1_CAUR_S_CF2_RI2_TI2_R12_C02__seed691202__it0000015,CB1_CAUR_S_CF2_RI2_TI2_R12_C02,ts_048bf71308aa10fa8c4c,1,S,CF2,0-20%,LOCAL_PERTURBATION,one_operation_swap,related,False,0,1,1,False,111111.11111111111,,numeric_robust_z:critical_overlap_fraction,numeric_robust_z:critical_overlap_fraction
CB1_CAUR_S_CF2_RI2_TI2_R12_C02__seed691202__it0000015,CB1_CAUR_S_CF2_RI2_TI2_R12_C02,ts_4010ce90374e9b824b73,1,S,CF2,0-20%,STRUCTURED_NEAR_NEIGHBOR,near_high_F_delay,related,False,0,1,1,False,111111.11111111111,,numeric_robust_z:critical_overlap_fraction,numeric_robust_z:critical_overlap_fraction
CB1_CAUR_S_CF2_RI2_TI2_R12_C02__seed691202__it0000015,CB1_CAUR_S_CF2_RI2_TI2_R12_C02,ts_7b4b578558aab047d3f8,1,S,CF2,0-20%,MATCHED_RANDOM,matched_random_2,random,False,0,1,1,False,111111.11111111111,,numeric_robust_z:critical_overlap_fraction,numeric_robust_z:critical_overlap_fraction
CB1_CAUR_S_CF2_RI2_TI2_R12_C02__seed691202__it0000015,CB1_CAUR_S_CF2_RI2_TI2_R12_C02,ts_7c069b35b23938e6e0f6,1,S,CF2,0-20%,LOCAL_PERTURBATION,two_operation_swap,related,False,0,1,1,False,111111.11111111111,,numeric_robust_z:critical_overlap_fraction,numeric_robust_z:critical_overlap_fraction
CB1_CAUR_S_CF2_RI2_TI2_R12_C02__seed691202__it0000015,CB1_CAUR_S_CF2_RI2_TI2_R12_C02,ts_824d58c6092f35a24967,1,S,CF2,0-20%,STRUCTURED_NEAR_NEIGHBOR,near_low_slack,related,False,0,1,1,False,111111.11111111111,,numeric_robust_z:critical_overlap_fraction,numeric_robust_z:critical_overlap_fraction
CB1_CAUR_S_CF2_RI2_TI2_R12_C02__seed691202__it0000015,CB1_CAUR_S_CF2_RI2_TI2_R12_C02,ts_8cf2281ece4388caf7c3,1,S,CF2,0-20%,LOCAL_PERTURBATION,related_replace_25,related,False,0,1,1,False,111111.11111111111,,numeric_robust_z:critical_overlap_fraction,numeric_robust_z:critical_overlap_fraction
CB1_CAUR_S_CF2_RI2_TI2_R12_C02__seed691202__it0000015,CB1_CAUR_S_CF2_RI2_TI2_R12_C02,ts_93a9b50740db418f6cde,1,S,CF2,0-20%,ORIGINAL_OPERATOR,operator_related,related,False,0,2,2,True,1000000.0,,numeric_robust_z:critical_overlap_fraction+numeric_robust_z:is_fallback,numeric_robust_z:critical_overlap_fraction+numeric_robust_z:is_fallback
CB1_CAUR_S_CF2_RI2_TI2_R12_C02__seed691202__it0000015,CB1_CAUR_S_CF2_RI2_TI2_R12_C02,ts_ae83ca2b8d17cfbf2f30,1,S,CF2,0-20%,STRUCTURED_NEAR_NEIGHBOR,near_precedence_neighbor,related,False,0,1,1,False,111111.11111111111,,numeric_robust_z:critical_overlap_fraction,numeric_robust_z:critical_overlap_fraction
CB1_CAUR_S_CF2_RI2_TI2_R12_C02__seed691202__it0000015,CB1_CAUR_S_CF2_RI2_TI2_R12_C02,ts_cf2cace388547baf7341,1,S,CF2,0-20%,ORIGINAL_OPERATOR,operator_critical,critical,False,0,1,1,False,111111.11111111111,,numeric_robust_z:critical_overlap_fraction,numeric_robust_z:critical_overlap_fraction
CB1_CAUR_S_CF2_RI2_TI2_R12_C02__seed691202__it0000015,CB1_CAUR_S_CF2_RI2_TI2_R12_C02,ts_f3a9a8e074355e0e2707,1,S,CF2,0-20%,STRUCTURED_NEAR_NEIGHBOR,near_same_island_chain,related,True,0,1,1,False,111111.11111111111,,numeric_robust_z:critical_overlap_fraction,numeric_robust_z:critical_overlap_fraction
CB1_CAUR_S_CF2_RI2_TI2_R12_C02__seed691202__it0000015,CB1_CAUR_S_CF2_RI2_TI2_R12_C02,ts_f603dd89cb65c92dbd36,1,S,CF2,0-20%,RELATED_VARIANT,related_variant_2,related,False,0,1,1,False,111111.11111111111,,numeric_robust_z:critical_overlap_fraction,numeric_robust_z:critical_overlap_fraction
CB1_CAUR_S_CF2_RI2_TI2_R12_C02__seed691202__it0000015,CB1_CAUR_S_CF2_RI2_TI2_R12_C02,ts_faa5cc61345b25d22703,1,S,CF2,0-20%,ORIGINAL_OPERATOR,operator_high_reconfiguration,high_reconfiguration,False,0,1,1,False,111111.11111111111,,numeric_robust_z:critical_overlap_fraction,numeric_robust_z:critical_overlap_fraction
CB1_CAUR_S_CF2_RI2_TI2_R12_C02__seed691202__it0000055,CB1_CAUR_S_CF2_RI2_TI2_R12_C02,ts_66c32a9dd2322f884bcf,1,S,CF2,0-20%,STRUCTURED_NEAR_NEIGHBOR,near_low_slack,related,False,0,1,1,False,111111.11111111111,,numeric_robust_z:critical_overlap_fraction,numeric_robust_z:critical_overlap_fraction
CB1_CAUR_S_CF2_RI2_TI2_R12_C02__seed691202__it0000055,CB1_CAUR_S_CF2_RI2_TI2_R12_C02,ts_9a348d804b83d4239a6f,1,S,CF2,0-20%,ORIGINAL_OPERATOR,operator_related,related,False,0,1,1,False,1000000.0,,numeric_robust_z:is_fallback,numeric_robust_z:is_fallback
CB1_CAUR_S_CF2_RI2_TI2_R12_C02__seed691202__it0000055,CB1_CAUR_S_CF2_RI2_TI2_R12_C02,ts_b8c8ac01a791758fdefa,1,S,CF2,0-20%,ORIGINAL_OPERATOR,operator_high_reconfiguration,high_reconfiguration,False,0,1,1,False,111111.11111111111,,numeric_robust_z:critical_overlap_fraction,numeric_robust_z:critical_overlap_fraction
CB1_CAUR_S_CF2_RI2_TI2_R12_C02__seed691202__it0000055,CB1_CAUR_S_CF2_RI2_TI2_R12_C02,ts_bbe97b7522c2909e6081,1,S,CF2,0-20%,RELATED_VARIANT,related_variant_1,related,False,0,1,1,False,111111.11111111111,,numeric_robust_z:critical_overlap_fraction,numeric_robust_z:critical_overlap_fraction
CB1_CAUR_S_CF2_RI2_TI2_R12_C02__seed691202__it0000055,CB1_CAUR_S_CF2_RI2_TI2_R12_C02,ts_f7fd6257d9fe41db58c4,1,S,CF2,0-20%,ORIGINAL_OPERATOR,operator_critical,critical,False,0,1,1,False,111111.11111111111,,numeric_robust_z:critical_overlap_fraction,numeric_robust_z:critical_overlap_fraction
CB1_CAUR_S_CF2_RI2_TI2_R12_C02__seed691202__it0000098,CB1_CAUR_S_CF2_RI2_TI2_R12_C02,ts_51ee8c95ab45c142eab5,1,S,CF2,20-40%,ORIGINAL_OPERATOR,operator_critical,critical,False,0,1,1,False,111111.11111111111,,numeric_robust_z:critical_overlap_fraction,numeric_robust_z:critical_overlap_fraction
CB1_CAUR_S_CF2_RI2_TI2_R12_C02__seed691202__it0000098,CB1_CAUR_S_CF2_RI2_TI2_R12_C02,ts_95f565684f6001cb8d6c,1,S,CF2,20-40%,ORIGINAL_OPERATOR,operator_related,related,False,0,1,1,False,1000000.0,,numeric_robust_z:is_fallback,numeric_robust_z:is_fallback
CB1_CAUR_S_CF2_RI2_TI2_R12_C02__seed691202__it0000098,CB1_CAUR_S_CF2_RI2_TI2_R12_C02,ts_c51c888b5845fe6e6bce,1,S,CF2,20-40%,STRUCTURED_NEAR_NEIGHBOR,near_low_slack,related,False,0,1,1,False,111111.11111111111,,numeric_robust_z:critical_overlap_fraction,numeric_robust_z:critical_overlap_fraction
CB1_CAUR_S_CF2_RI2_TI2_R12_C02__seed691202__it0000138,CB1_CAUR_S_CF2_RI2_TI2_R12_C02,ts_00bba281dd00491f25bc,1,S,CF2,40-60%,RELATED_VARIANT,related_variant_2,related,False,0,1,1,False,1000000.0,,numeric_robust_z:origin_rule_count,numeric_robust_z:origin_rule_count
CB1_CAUR_S_CF2_RI2_TI2_R12_C02__seed691202__it0000138,CB1_CAUR_S_CF2_RI2_TI2_R12_C02,ts_123280364bb99644d9cb,1,S,CF2,40-60%,LOCAL_PERTURBATION,one_operation_swap,related,False,0,1,1,False,111111.11111111111,,numeric_robust_z:critical_overlap_fraction,numeric_robust_z:critical_overlap_fraction
CB1_CAUR_S_CF2_RI2_TI2_R12_C02__seed691202__it0000138,CB1_CAUR_S_CF2_RI2_TI2_R12_C02,ts_19357508bd2f6ea94414,1,S,CF2,40-60%,STRUCTURED_NEAR_NEIGHBOR,near_high_F_delay,related,False,0,1,1,False,111111.11111111111,,numeric_robust_z:critical_overlap_fraction,numeric_robust_z:critical_overlap_fraction
CB1_CAUR_S_CF2_RI2_TI2_R12_C02__seed691202__it0000138,CB1_CAUR_S_CF2_RI2_TI2_R12_C02,ts_3e17330d108abf71f108,1,S,CF2,40-60%,STRUCTURED_NEAR_NEIGHBOR,near_high_W_delay,related,True,0,1,1,False,111111.11111111111,,numeric_robust_z:critical_overlap_fraction,numeric_robust_z:critical_overlap_fraction
CB1_CAUR_S_CF2_RI2_TI2_R12_C02__seed691202__it0000138,CB1_CAUR_S_CF2_RI2_TI2_R12_C02,ts_652186e68f8ce8797aa4,1,S,CF2,40-60%,STRUCTURED_NEAR_NEIGHBOR,near_low_slack,related,False,0,1,1,False,111111.11111111111,,numeric_robust_z:critical_overlap_fraction,numeric_robust_z:critical_overlap_fraction
CB1_CAUR_S_CF2_RI2_TI2_R12_C02__seed691202__it0000138,CB1_CAUR_S_CF2_RI2_TI2_R12_C02,ts_6ed2d9e29198f38b4a2e,1,S,CF2,40-60%,LOCAL_PERTURBATION,related_replace_50,related,False,0,1,1,False,111111.11111111111,,numeric_robust_z:critical_overlap_fraction,numeric_robust_z:critical_overlap_fraction
CB1_CAUR_S_CF2_RI2_TI2_R12_C02__seed691202__it0000138,CB1_CAUR_S_CF2_RI2_TI2_R12_C02,ts_71d04a70e09a204319f9,1,S,CF2,40-60%,ORIGINAL_OPERATOR,operator_critical,critical,False,0,1,1,False,111111.11111111111,,numeric_robust_z:critical_overlap_fraction,numeric_robust_z:critical_overlap_fraction
CB1_CAUR_S_CF2_RI2_TI2_R12_C02__seed691202__it0000138,CB1_CAUR_S_CF2_RI2_TI2_R12_C02,ts_731e684b3413708943fd,1,S,CF2,40-60%,MATCHED_RANDOM,matched_random_1,random,False,0,1,1,False,111111.11111111111,,numeric_robust_z:critical_overlap_fraction,numeric_robust_z:critical_overlap_fraction
CB1_CAUR_S_CF2_RI2_TI2_R12_C02__seed691202__it0000138,CB1_CAUR_S_CF2_RI2_TI2_R12_C02,ts_a7e970bd64721b076d03,1,S,CF2,40-60%,ORIGINAL_OPERATOR,operator_related,related,False,0,2,2,True,1000000.0,,numeric_robust_z:critical_overlap_fraction+numeric_robust_z:is_fallback,numeric_robust_z:critical_overlap_fraction+numeric_robust_z:is_fallback
CB1_CAUR_S_CF2_RI2_TI2_R12_C02__seed691202__it0000138,CB1_CAUR_S_CF2_RI2_TI2_R12_C02,ts_be48a073a47c4c060254,1,S,CF2,40-60%,STRUCTURED_NEAR_NEIGHBOR,near_same_island_chain,related,False,0,1,1,False,111111.11111111111,,numeric_robust_z:critical_overlap_fraction,numeric_robust_z:critical_overlap_fraction
CB1_CAUR_S_CF2_RI2_TI2_R12_C02__seed691202__it0000138,CB1_CAUR_S_CF2_RI2_TI2_R12_C02,ts_e84f0a207cd39bdf3340,1,S,CF2,40-60%,LOCAL_PERTURBATION,related_replace_25,related,False,0,1,1,False,111111.11111111111,,numeric_robust_z:critical_overlap_fraction,numeric_robust_z:critical_overlap_fraction
CB1_CAUR_S_CF2_RI2_TI2_R12_C02__seed691202__it0000178,CB1_CAUR_S_CF2_RI2_TI2_R12_C02,ts_418c34520eb63ab8d0a3,1,S,CF2,40-60%,RELATED_VARIANT,related_variant_1,related,True,0,1,1,False,1000000.0,,numeric_robust_z:origin_rule_count,numeric_robust_z:origin_rule_count
CB1_CAUR_S_CF2_RI2_TI2_R12_C02__seed691202__it0000178,CB1_CAUR_S_CF2_RI2_TI2_R12_C02,ts_912cc05dcc797d15a06d,1,S,CF2,40-60%,ORIGINAL_OPERATOR,operator_critical,critical,False,0,1,1,False,111111.11111111111,,numeric_robust_z:critical_overlap_fraction,numeric_robust_z:critical_overlap_fraction
CB1_CAUR_S_CF2_RI2_TI2_R12_C02__seed691202__it0000178,CB1_CAUR_S_CF2_RI2_TI2_R12_C02,ts_b31c49c4859f8389ffdb,1,S,CF2,40-60%,STRUCTURED_NEAR_NEIGHBOR,near_low_slack,related,False,0,1,1,False,111111.11111111111,,numeric_robust_z:critical_overlap_fraction,numeric_robust_z:critical_overlap_fraction
CB1_CAUR_S_CF2_RI2_TI2_R12_C02__seed691202__it0000178,CB1_CAUR_S_CF2_RI2_TI2_R12_C02,ts_c0c65514af3202f5a458,1,S,CF2,40-60%,ORIGINAL_OPERATOR,operator_related,related,False,0,3,3,True,2000000.0,,numeric_robust_z:origin_rule_count+numeric_robust_z:origin_family_count+numeric_robust_z:is_fallback,numeric_robust_z:origin_rule_count+numeric_robust_z:origin_family_count+numeric_robust_z:is_fallback
CB1_CAUR_S_CF2_RI2_TI2_R12_C02__seed691202__it0000221,CB1_CAUR_S_CF2_RI2_TI2_R12_C02,ts_0a45b1aded145e0e752f,1,S,CF2,60-80%,ORIGINAL_OPERATOR,operator_w_bottleneck,w_bottleneck,False,0,1,1,False,111111.11111111111,,numeric_robust_z:critical_overlap_fraction,numeric_robust_z:critical_overlap_fraction
CB1_CAUR_S_CF2_RI2_TI2_R12_C02__seed691202__it0000221,CB1_CAUR_S_CF2_RI2_TI2_R12_C02,ts_473ccaaaa5262741307a,1,S,CF2,60-80%,STRUCTURED_NEAR_NEIGHBOR,near_low_slack,related,True,0,1,1,False,111111.11111111111,,numeric_robust_z:critical_overlap_fraction,numeric_robust_z:critical_overlap_fraction
CB1_CAUR_S_CF2_RI2_TI2_R12_C02__seed691202__it0000221,CB1_CAUR_S_CF2_RI2_TI2_R12_C02,ts_81de146451e8a45d8c43,1,S,CF2,60-80%,ORIGINAL_OPERATOR,operator_related,related,False,0,1,1,False,1000000.0,,numeric_robust_z:is_fallback,numeric_robust_z:is_fallback
CB1_CAUR_S_CF2_RI2_TI2_R12_C02__seed691202__it0000221,CB1_CAUR_S_CF2_RI2_TI2_R12_C02,ts_b0ff334fc2f94042c5d0,1,S,CF2,60-80%,RELATED_VARIANT,related_variant_1,related,False,0,1,1,False,111111.11111111111,,numeric_robust_z:critical_overlap_fraction,numeric_robust_z:critical_overlap_fraction
CB1_CAUR_S_CF2_RI2_TI2_R12_C02__seed691202__it0000221,CB1_CAUR_S_CF2_RI2_TI2_R12_C02,ts_b9852aa2a44fcd87471e,1,S,CF2,60-80%,ORIGINAL_OPERATOR,operator_critical,critical,False,0,1,1,False,111111.11111111111,,numeric_robust_z:critical_overlap_fraction,numeric_robust_z:critical_overlap_fraction
CB1_CAUR_S_CF2_RI2_TI2_R12_C02__seed691202__it0000261,CB1_CAUR_S_CF2_RI2_TI2_R12_C02,ts_58179cb0261595e848c8,1,S,CF2,80-100%,MATCHED_RANDOM,matched_random_2,random,False,0,1,1,False,111111.11111111111,,numeric_robust_z:critical_overlap_fraction,numeric_robust_z:critical_overlap_fraction
CB1_CAUR_S_CF2_RI2_TI2_R12_C02__seed691202__it0000261,CB1_CAUR_S_CF2_RI2_TI2_R12_C02,ts_770e41e0c22559ca6c44,1,S,CF2,80-100%,RELATED_VARIANT,related_variant_2,related,False,0,1,1,False,111111.11111111111,,numeric_robust_z:critical_overlap_fraction,numeric_robust_z:critical_overlap_fraction
CB1_CAUR_S_CF2_RI2_TI2_R12_C02__seed691202__it0000261,CB1_CAUR_S_CF2_RI2_TI2_R12_C02,ts_b6b822dfebf2afe8a701,1,S,CF2,80-100%,ORIGINAL_OPERATOR,operator_critical,critical,False,0,1,1,False,111111.11111111111,,numeric_robust_z:critical_overlap_fraction,numeric_robust_z:critical_overlap_fraction
CB1_CAUR_S_CF2_RI2_TI2_R12_C02__seed691202__it0000261,CB1_CAUR_S_CF2_RI2_TI2_R12_C02,ts_d5ab4f57cb0d6ad34799,1,S,CF2,80-100%,MATCHED_RANDOM,matched_random_3,random,False,0,1,1,False,111111.11111111111,,numeric_robust_z:critical_overlap_fraction,numeric_robust_z:critical_overlap_fraction
CB1_CAUR_S_CF2_RI2_TI2_R12_C02__seed691202__it0000261,CB1_CAUR_S_CF2_RI2_TI2_R12_C02,ts_d86403b33d892439b4df,1,S,CF2,80-100%,STRUCTURED_NEAR_NEIGHBOR,near_low_slack,related,False,0,1,1,False,111111.11111111111,,numeric_robust_z:critical_overlap_fraction,numeric_robust_z:critical_overlap_fraction
CB1_CAUR_S_CF2_RI2_TI2_R12_C02__seed691202__it0000261,CB1_CAUR_S_CF2_RI2_TI2_R12_C02,ts_f021f805735d7e2d3ed8,1,S,CF2,80-100%,ORIGINAL_OPERATOR,operator_related,related,False,0,3,3,True,1000000.0,,numeric_robust_z:origin_rule_count+numeric_robust_z:origin_family_count+numeric_robust_z:is_fallback,numeric_robust_z:origin_rule_count+numeric_robust_z:origin_family_count+numeric_robust_z:is_fallback
CB1_CAUR_S_CF2_RI2_TI2_R12_C02__seed691202__it0000293,CB1_CAUR_S_CF2_RI2_TI2_R12_C02,ts_29115f6817b419374f98,1,S,CF2,80-100%,STRUCTURED_NEAR_NEIGHBOR,near_low_slack,related,False,0,1,1,False,111111.11111111111,,numeric_robust_z:critical_overlap_fraction,numeric_robust_z:critical_overlap_fraction
CB1_CAUR_S_CF2_RI2_TI2_R12_C02__seed691202__it0000293,CB1_CAUR_S_CF2_RI2_TI2_R12_C02,ts_38c9d1c496b6059fcfd3,1,S,CF2,80-100%,STRUCTURED_NEAR_NEIGHBOR,near_same_product,related,False,0,1,1,False,111111.11111111111,,numeric_robust_z:critical_overlap_fraction,numeric_robust_z:critical_overlap_fraction
CB1_CAUR_S_CF2_RI2_TI2_R12_C02__seed691202__it0000293,CB1_CAUR_S_CF2_RI2_TI2_R12_C02,ts_5eec9f17d46349ee43b7,1,S,CF2,80-100%,STRUCTURED_NEAR_NEIGHBOR,near_high_F_delay,related,False,0,1,1,False,111111.11111111111,,numeric_robust_z:critical_overlap_fraction,numeric_robust_z:critical_overlap_fraction
CB1_CAUR_S_CF2_RI2_TI2_R12_C02__seed691202__it0000293,CB1_CAUR_S_CF2_RI2_TI2_R12_C02,ts_6b3688795e4efdcfd462,1,S,CF2,80-100%,RELATED_VARIANT,related_variant_1,related,False,0,2,2,True,1000000.0,,numeric_robust_z:origin_rule_count+numeric_robust_z:critical_overlap_fraction,numeric_robust_z:origin_rule_count+numeric_robust_z:critical_overlap_fraction
CB1_CAUR_S_CF2_RI2_TI2_R12_C02__seed691202__it0000293,CB1_CAUR_S_CF2_RI2_TI2_R12_C02,ts_84d1a4683d08cc22cc75,1,S,CF2,80-100%,STRUCTURED_NEAR_NEIGHBOR,near_same_island_chain,related,False,0,1,1,False,111111.11111111111,,numeric_robust_z:critical_overlap_fraction,numeric_robust_z:critical_overlap_fraction
CB1_CAUR_S_CF2_RI2_TI2_R12_C02__seed691202__it0000293,CB1_CAUR_S_CF2_RI2_TI2_R12_C02,ts_86d309d21a5b81eae68c,1,S,CF2,80-100%,ORIGINAL_OPERATOR,operator_related,related,False,0,2,2,True,1000000.0,,numeric_robust_z:critical_overlap_fraction+numeric_robust_z:is_fallback,numeric_robust_z:critical_overlap_fraction+numeric_robust_z:is_fallback
CB1_CAUR_S_CF2_RI2_TI2_R12_C02__seed691202__it0000293,CB1_CAUR_S_CF2_RI2_TI2_R12_C02,ts_8bd5091510f53674e619,1,S,CF2,80-100%,ORIGINAL_OPERATOR,operator_critical,critical,False,0,1,1,False,111111.11111111111,,numeric_robust_z:critical_overlap_fraction,numeric_robust_z:critical_overlap_fraction
CB1_CAUR_S_CF2_RI2_TI2_R12_C02__seed691202__it0000293,CB1_CAUR_S_CF2_RI2_TI2_R12_C02,ts_b04c2f94e36c4ade7a63,1,S,CF2,80-100%,STRUCTURED_NEAR_NEIGHBOR,near_precedence_neighbor,related,True,0,1,1,False,111111.11111111111,,numeric_robust_z:critical_overlap_fraction,numeric_robust_z:critical_overlap_fraction
CB1_CAUR_S_CF2_RI2_TI2_R12_C02__seed691202__it0000293,CB1_CAUR_S_CF2_RI2_TI2_R12_C02,ts_b4fec0711660b98c8432,1,S,CF2,80-100%,STRUCTURED_NEAR_NEIGHBOR,near_high_W_delay,related,False,0,1,1,False,111111.11111111111,,numeric_robust_z:critical_overlap_fraction,numeric_robust_z:critical_overlap_fraction
CB1_CAUR_S_CF2_RI2_TI2_R12_C02__seed691202__it0000293,CB1_CAUR_S_CF2_RI2_TI2_R12_C02,ts_cd78f9f59ad9514f26bb,1,S,CF2,80-100%,RELATED_VARIANT,related_variant_2,related,False,0,1,1,False,111111.11111111111,,numeric_robust_z:critical_overlap_fraction,numeric_robust_z:critical_overlap_fraction
CB1_CAUR_S_CF2_RI2_TI2_R12_C02__seed691202__it0000293,CB1_CAUR_S_CF2_RI2_TI2_R12_C02,ts_e85562d8c8def6f7ace6,1,S,CF2,80-100%,LOCAL_PERTURBATION,one_operation_swap,related,False,0,1,1,False,111111.11111111111,,numeric_robust_z:critical_overlap_fraction,numeric_robust_z:critical_overlap_fraction
CB1_CAUR_S_CF2_RI2_TI2_R12__seed691201__it0000015,CB1_CAUR_S_CF2_RI2_TI2_R12,ts_16d0a486ede53cd03333,1,S,CF2,0-20%,MATCHED_RANDOM,matched_random_2,random,False,0,1,1,False,111111.11111111111,,numeric_robust_z:critical_overlap_fraction,numeric_robust_z:critical_overlap_fraction
CB1_CAUR_S_CF2_RI2_TI2_R12__seed691201__it0000015,CB1_CAUR_S_CF2_RI2_TI2_R12,ts_6d051ea6098e0267efde,1,S,CF2,0-20%,ORIGINAL_OPERATOR,operator_related,related,False,0,1,1,False,1000000.0,,numeric_robust_z:is_fallback,numeric_robust_z:is_fallback
CB1_CAUR_S_CF2_RI2_TI2_R12__seed691201__it0000015,CB1_CAUR_S_CF2_RI2_TI2_R12,ts_8f813c98d73bbbc287d9,1,S,CF2,0-20%,ORIGINAL_OPERATOR,operator_critical,critical,False,0,1,1,False,111111.11111111111,,numeric_robust_z:critical_overlap_fraction,numeric_robust_z:critical_overlap_fraction
CB1_CAUR_S_CF2_RI2_TI2_R12__seed691201__it0000015,CB1_CAUR_S_CF2_RI2_TI2_R12,ts_cd13475ff1a51d017d67,1,S,CF2,0-20%,ORIGINAL_OPERATOR,operator_f_bottleneck,f_bottleneck,True,0,1,1,False,111111.11111111111,,numeric_robust_z:critical_overlap_fraction,numeric_robust_z:critical_overlap_fraction
CB1_CAUR_S_CF2_RI2_TI2_R12__seed691201__it0000015,CB1_CAUR_S_CF2_RI2_TI2_R12,ts_ecaee5c8fa4b6fc794b9,1,S,CF2,0-20%,ORIGINAL_OPERATOR,operator_overloaded_island,overloaded_island,False,0,1,1,False,111111.11111111111,,numeric_robust_z:critical_overlap_fraction,numeric_robust_z:critical_overlap_fraction
CB1_CAUR_S_CF2_RI2_TI2_R12__seed691201__it0000015,CB1_CAUR_S_CF2_RI2_TI2_R12,ts_fb63aa8184fb620a8225,1,S,CF2,0-20%,STRUCTURED_NEAR_NEIGHBOR,near_low_slack,related,False,0,1,1,False,111111.11111111111,,numeric_robust_z:critical_overlap_fraction,numeric_robust_z:critical_overlap_fraction
CB1_CAUR_S_CF2_RI2_TI2_R12__seed691201__it0000054,CB1_CAUR_S_CF2_RI2_TI2_R12,ts_3c6981c5d86328e57f30,1,S,CF2,0-20%,ORIGINAL_OPERATOR,operator_related,related,False,0,1,1,False,1000000.0,,numeric_robust_z:is_fallback,numeric_robust_z:is_fallback
CB1_CAUR_S_CF2_RI2_TI2_R12__seed691201__it0000054,CB1_CAUR_S_CF2_RI2_TI2_R12,ts_62d048d3bcd51c39a9f8,1,S,CF2,0-20%,ORIGINAL_OPERATOR,operator_critical,critical,False,0,1,1,False,111111.11111111111,,numeric_robust_z:critical_overlap_fraction,numeric_robust_z:critical_overlap_fraction
CB1_CAUR_S_CF2_RI2_TI2_R12__seed691201__it0000054,CB1_CAUR_S_CF2_RI2_TI2_R12,ts_b268126eccadc15fb481,1,S,CF2,0-20%,ORIGINAL_OPERATOR,operator_overloaded_island,overloaded_island,False,0,1,1,False,111111.11111111111,,numeric_robust_z:critical_overlap_fraction,numeric_robust_z:critical_overlap_fraction
CB1_CAUR_S_CF2_RI2_TI2_R12__seed691201__it0000054,CB1_CAUR_S_CF2_RI2_TI2_R12,ts_ba2fe71d497524407124,1,S,CF2,0-20%,STRUCTURED_NEAR_NEIGHBOR,near_low_slack,related,False,0,1,1,False,111111.11111111111,,numeric_robust_z:critical_overlap_fraction,numeric_robust_z:critical_overlap_fraction
CB1_CAUR_S_CF2_RI2_TI2_R12__seed691201__it0000054,CB1_CAUR_S_CF2_RI2_TI2_R12,ts_f5d559bd2713e24c823b,1,S,CF2,0-20%,RELATED_VARIANT,related_variant_2,related,False,0,1,1,False,111111.11111111111,,numeric_robust_z:critical_overlap_fraction,numeric_robust_z:critical_overlap_fraction
CB1_CAUR_S_CF2_RI2_TI2_R12__seed691201__it0000098,CB1_CAUR_S_CF2_RI2_TI2_R12,ts_6cb9ec095f956d931ce0,1,S,CF2,20-40%,STRUCTURED_NEAR_NEIGHBOR,near_low_slack,related,False,0,1,1,False,111111.11111111111,,numeric_robust_z:critical_overlap_fraction,numeric_robust_z:critical_overlap_fraction
CB1_CAUR_S_CF2_RI2_TI2_R12__seed691201__it0000098,CB1_CAUR_S_CF2_RI2_TI2_R12,ts_91a6760c6f74dc95c94b,1,S,CF2,20-40%,ORIGINAL_OPERATOR,operator_related,related,False,0,3,3,True,1000000.0,,numeric_robust_z:origin_rule_count+numeric_robust_z:origin_family_count+numeric_robust_z:is_fallback,numeric_robust_z:origin_rule_count+numeric_robust_z:origin_family_count+numeric_robust_z:is_fallback
CB1_CAUR_S_CF2_RI2_TI2_R12__seed691201__it0000098,CB1_CAUR_S_CF2_RI2_TI2_R12,ts_aae3cb375cec42d48226,1,S,CF2,20-40%,ORIGINAL_OPERATOR,operator_overloaded_island,overloaded_island,False,0,1,1,False,111111.11111111111,,numeric_robust_z:critical_overlap_fraction,numeric_robust_z:critical_overlap_fraction
CB1_CAUR_S_CF2_RI2_TI2_R12__seed691201__it0000098,CB1_CAUR_S_CF2_RI2_TI2_R12,ts_c15bb8467162fd9a5165,1,S,CF2,20-40%,ORIGINAL_OPERATOR,operator_critical,critical,False,0,1,1,False,111111.11111111111,,numeric_robust_z:critical_overlap_fraction,numeric_robust_z:critical_overlap_fraction
CB1_CAUR_S_CF2_RI2_TI2_R12__seed691201__it0000137,CB1_CAUR_S_CF2_RI2_TI2_R12,ts_62330cd65ad1cd40c0da,1,S,CF2,40-60%,ORIGINAL_OPERATOR,operator_critical,critical,False,0,2,2,True,222222.22222222222,,numeric_robust_z:critical_overlap_fraction+numeric_robust_z:bottleneck_overlap_fraction,numeric_robust_z:critical_overlap_fraction+numeric_robust_z:bottleneck_overlap_fraction
CB1_CAUR_S_CF2_RI2_TI2_R12__seed691201__it0000137,CB1_CAUR_S_CF2_RI2_TI2_R12,ts_71a1845614389af3c531,1,S,CF2,40-60%,RELATED_VARIANT,related_variant_3,related,False,0,1,1,False,15.555555555555557,,numeric_robust_z:bottleneck_overlap_fraction,numeric_robust_z:bottleneck_overlap_fraction
CB1_CAUR_S_CF2_RI2_TI2_R12__seed691201__it0000137,CB1_CAUR_S_CF2_RI2_TI2_R12,ts_8dd877be854a8eb361a5,1,S,CF2,40-60%,ORIGINAL_OPERATOR,operator_related,related,False,0,1,1,False,1000000.0,,numeric_robust_z:is_fallback,numeric_robust_z:is_fallback
CB1_CAUR_S_CF2_RI2_TI2_R12__seed691201__it0000137,CB1_CAUR_S_CF2_RI2_TI2_R12,ts_b751074c450490f559c9,1,S,CF2,40-60%,STRUCTURED_NEAR_NEIGHBOR,near_low_slack,related,False,0,2,2,True,111111.11111111111,,numeric_robust_z:critical_overlap_fraction+numeric_robust_z:bottleneck_overlap_fraction,numeric_robust_z:critical_overlap_fraction+numeric_robust_z:bottleneck_overlap_fraction
CB1_CAUR_S_CF2_RI2_TI2_R12__seed691201__it0000137,CB1_CAUR_S_CF2_RI2_TI2_R12,ts_ca4c783f9c64b613a781,1,S,CF2,40-60%,ORIGINAL_OPERATOR,operator_high_reconfiguration,high_reconfiguration,False,0,1,1,False,9.333333333333334,,numeric_robust_z:bottleneck_overlap_fraction,numeric_robust_z:bottleneck_overlap_fraction
CB1_CAUR_S_CF2_RI2_TI2_R12__seed691201__it0000178,CB1_CAUR_S_CF2_RI2_TI2_R12,ts_092e611cbfc0706c9fa8,1,S,CF2,40-60%,ORIGINAL_OPERATOR,operator_critical,critical,False,0,1,1,False,111111.11111111111,,numeric_robust_z:critical_overlap_fraction,numeric_robust_z:critical_overlap_fraction
CB1_CAUR_S_CF2_RI2_TI2_R12__seed691201__it0000178,CB1_CAUR_S_CF2_RI2_TI2_R12,ts_1f1265042f7b82ddf637,1,S,CF2,40-60%,ORIGINAL_OPERATOR,operator_w_bottleneck,w_bottleneck,True,0,1,1,False,111111.11111111111,,numeric_robust_z:critical_overlap_fraction,numeric_robust_z:critical_overlap_fraction
CB1_CAUR_S_CF2_RI2_TI2_R12__seed691201__it0000178,CB1_CAUR_S_CF2_RI2_TI2_R12,ts_498b5d4b2a19c5adb3a6,1,S,CF2,40-60%,RELATED_VARIANT,related_variant_1,related,False,0,1,1,False,1000000.0,,numeric_robust_z:origin_rule_count,numeric_robust_z:origin_rule_count
CB1_CAUR_S_CF2_RI2_TI2_R12__seed691201__it0000178,CB1_CAUR_S_CF2_RI2_TI2_R12,ts_69d9e056900fc2e18e16,1,S,CF2,40-60%,ORIGINAL_OPERATOR,operator_overloaded_island,overloaded_island,False,0,1,1,False,111111.11111111111,,numeric_robust_z:critical_overlap_fraction,numeric_robust_z:critical_overlap_fraction
CB1_CAUR_S_CF2_RI2_TI2_R12__seed691201__it0000178,CB1_CAUR_S_CF2_RI2_TI2_R12,ts_a1266802551bce63ea38,1,S,CF2,40-60%,ORIGINAL_OPERATOR,operator_related,related,False,0,1,1,False,1000000.0,,numeric_robust_z:is_fallback,numeric_robust_z:is_fallback
CB1_CAUR_S_CF2_RI2_TI2_R12__seed691201__it0000178,CB1_CAUR_S_CF2_RI2_TI2_R12,ts_cbd52385f77f8b8e823a,1,S,CF2,40-60%,RELATED_VARIANT,related_variant_4,related,False,0,1,1,False,111111.11111111111,,numeric_robust_z:critical_overlap_fraction,numeric_robust_z:critical_overlap_fraction
CB1_CAUR_S_CF2_RI2_TI2_R12__seed691201__it0000178,CB1_CAUR_S_CF2_RI2_TI2_R12,ts_e32508a1df5a4aa6078f,1,S,CF2,40-60%,ORIGINAL_OPERATOR,operator_f_bottleneck,f_bottleneck,False,0,1,1,False,111111.11111111111,,numeric_robust_z:critical_overlap_fraction,numeric_robust_z:critical_overlap_fraction
CB1_CAUR_S_CF2_RI2_TI2_R12__seed691201__it0000178,CB1_CAUR_S_CF2_RI2_TI2_R12,ts_f9c31b3936f033019209,1,S,CF2,40-60%,STRUCTURED_NEAR_NEIGHBOR,near_low_slack,related,False,0,1,1,False,111111.11111111111,,numeric_robust_z:critical_overlap_fraction,numeric_robust_z:critical_overlap_fraction
CB1_CAUR_S_CF2_RI2_TI2_R12__seed691201__it0000221,CB1_CAUR_S_CF2_RI2_TI2_R12,ts_3a1e9feffdff0e6ad66c,1,S,CF2,60-80%,ORIGINAL_OPERATOR,operator_related,related,False,0,3,3,True,2000000.0,,numeric_robust_z:origin_rule_count+numeric_robust_z:origin_family_count+numeric_robust_z:is_fallback,numeric_robust_z:origin_rule_count+numeric_robust_z:origin_family_count+numeric_robust_z:is_fallback
CB1_CAUR_S_CF2_RI2_TI2_R12__seed691201__it0000221,CB1_CAUR_S_CF2_RI2_TI2_R12,ts_6f3b1189619fdb5d44a4,1,S,CF2,60-80%,STRUCTURED_NEAR_NEIGHBOR,near_low_slack,related,False,0,1,1,False,111111.11111111111,,numeric_robust_z:critical_overlap_fraction,numeric_robust_z:critical_overlap_fraction
CB1_CAUR_S_CF2_RI2_TI2_R12__seed691201__it0000221,CB1_CAUR_S_CF2_RI2_TI2_R12,ts_7565a60a9315eb21fd3e,1,S,CF2,60-80%,RELATED_VARIANT,related_variant_2,related,False,0,1,1,False,111111.11111111111,,numeric_robust_z:critical_overlap_fraction,numeric_robust_z:critical_overlap_fraction
CB1_CAUR_S_CF2_RI2_TI2_R12__seed691201__it0000221,CB1_CAUR_S_CF2_RI2_TI2_R12,ts_9c83fd0226393ecaf673,1,S,CF2,60-80%,ORIGINAL_OPERATOR,operator_critical,critical,False,0,1,1,False,111111.11111111111,,numeric_robust_z:critical_overlap_fraction,numeric_robust_z:critical_overlap_fraction
CB1_CAUR_S_CF2_RI2_TI2_R12__seed691201__it0000261,CB1_CAUR_S_CF2_RI2_TI2_R12,ts_61d18460c9e76eeab85d,1,S,CF2,80-100%,STRUCTURED_NEAR_NEIGHBOR,near_low_slack,related,False,0,1,1,False,111111.11111111111,,numeric_robust_z:critical_overlap_fraction,numeric_robust_z:critical_overlap_fraction
CB1_CAUR_S_CF2_RI2_TI2_R12__seed691201__it0000261,CB1_CAUR_S_CF2_RI2_TI2_R12,ts_6c61e039b0814124355d,1,S,CF2,80-100%,ORIGINAL_OPERATOR,operator_related,related,False,0,1,1,False,1000000.0,,numeric_robust_z:is_fallback,numeric_robust_z:is_fallback
CB1_CAUR_S_CF2_RI2_TI2_R12__seed691201__it0000261,CB1_CAUR_S_CF2_RI2_TI2_R12,ts_a754059a4fffc6ce029a,1,S,CF2,80-100%,LOCAL_PERTURBATION,related_replace_25,related,False,0,1,1,False,111111.11111111111,,numeric_robust_z:critical_overlap_fraction,numeric_robust_z:critical_overlap_fraction
CB1_CAUR_S_CF2_RI2_TI2_R12__seed691201__it0000261,CB1_CAUR_S_CF2_RI2_TI2_R12,ts_e0a32f117f9a78c2c6ff,1,S,CF2,80-100%,ORIGINAL_OPERATOR,operator_critical,critical,False,0,1,1,False,111111.11111111111,,numeric_robust_z:critical_overlap_fraction,numeric_robust_z:critical_overlap_fraction
CB1_CAUR_S_CF2_RI2_TI2_R12__seed691201__it0000261,CB1_CAUR_S_CF2_RI2_TI2_R12,ts_f073cf277f1939dc0822,1,S,CF2,80-100%,RELATED_VARIANT,related_variant_2,related,False,0,1,1,False,111111.11111111111,,numeric_robust_z:critical_overlap_fraction,numeric_robust_z:critical_overlap_fraction
CB1_CAUR_S_CF2_RI2_TI2_R12__seed691201__it0000292,CB1_CAUR_S_CF2_RI2_TI2_R12,ts_0e1f4fe69d2e3562b1ac,1,S,CF2,80-100%,ORIGINAL_OPERATOR,operator_high_reconfiguration,high_reconfiguration,False,0,1,1,False,111111.11111111111,,numeric_robust_z:critical_overlap_fraction,numeric_robust_z:critical_overlap_fraction
CB1_CAUR_S_CF2_RI2_TI2_R12__seed691201__it0000292,CB1_CAUR_S_CF2_RI2_TI2_R12,ts_24dde6d4ba6d95e802d2,1,S,CF2,80-100%,ORIGINAL_OPERATOR,operator_related,related,False,0,3,3,True,1000000.0,,numeric_robust_z:origin_rule_count+numeric_robust_z:origin_family_count+numeric_robust_z:is_fallback,numeric_robust_z:origin_rule_count+numeric_robust_z:origin_family_count+numeric_robust_z:is_fallback
CB1_CAUR_S_CF2_RI2_TI2_R12__seed691201__it0000292,CB1_CAUR_S_CF2_RI2_TI2_R12,ts_80f72718824d54535f31,1,S,CF2,80-100%,STRUCTURED_NEAR_NEIGHBOR,near_low_slack,related,False,0,1,1,False,111111.11111111111,,numeric_robust_z:critical_overlap_fraction,numeric_robust_z:critical_overlap_fraction
CB1_CAUR_S_CF2_RI2_TI2_R12__seed691201__it0000292,CB1_CAUR_S_CF2_RI2_TI2_R12,ts_8f203fa93e2e9c6ae015,1,S,CF2,80-100%,RELATED_VARIANT,related_variant_4,related,False,0,1,1,False,111111.11111111111,,numeric_robust_z:critical_overlap_fraction,numeric_robust_z:critical_overlap_fraction
CB1_CAUR_S_CF2_RI2_TI2_R12__seed691201__it0000292,CB1_CAUR_S_CF2_RI2_TI2_R12,ts_b07876dd4242de752004,1,S,CF2,80-100%,MATCHED_RANDOM,matched_random_1,random,False,0,1,1,False,111111.11111111111,,numeric_robust_z:critical_overlap_fraction,numeric_robust_z:critical_overlap_fraction
CB1_CAUR_S_CF2_RI2_TI2_R12__seed691201__it0000292,CB1_CAUR_S_CF2_RI2_TI2_R12,ts_e348cc3d0c75bcbd8e50,1,S,CF2,80-100%,ORIGINAL_OPERATOR,operator_critical,critical,False,0,1,1,False,111111.11111111111,,numeric_robust_z:critical_overlap_fraction,numeric_robust_z:critical_overlap_fraction
CB1_CAUR_S_CF2_RI2_TI2_R12__seed691201__it0000292,CB1_CAUR_S_CF2_RI2_TI2_R12,ts_e936c7998e4e6be6b197,1,S,CF2,80-100%,ORIGINAL_OPERATOR,operator_overloaded_island,overloaded_island,True,0,1,1,False,111111.11111111111,,numeric_robust_z:critical_overlap_fraction,numeric_robust_z:critical_overlap_fraction
CB1_CAUR_S_CF2_RI2_TI2_R12__seed691202__it0000014,CB1_CAUR_S_CF2_RI2_TI2_R12,ts_0a67af5f0cb706ed4f14,1,S,CF2,0-20%,STRUCTURED_NEAR_NEIGHBOR,near_low_slack,related,True,0,1,1,False,111111.11111111111,,numeric_robust_z:critical_overlap_fraction,numeric_robust_z:critical_overlap_fraction
CB1_CAUR_S_CF2_RI2_TI2_R12__seed691202__it0000014,CB1_CAUR_S_CF2_RI2_TI2_R12,ts_17f091e70c4ca780fedb,1,S,CF2,0-20%,RELATED_VARIANT,related_variant_2,related,False,0,1,1,False,1000000.0,,numeric_robust_z:origin_rule_count,numeric_robust_z:origin_rule_count
CB1_CAUR_S_CF2_RI2_TI2_R12__seed691202__it0000014,CB1_CAUR_S_CF2_RI2_TI2_R12,ts_3c2a970d7f8d3176bc19,1,S,CF2,0-20%,ORIGINAL_OPERATOR,operator_overloaded_island,overloaded_island,False,0,1,1,False,111111.11111111111,,numeric_robust_z:critical_overlap_fraction,numeric_robust_z:critical_overlap_fraction
CB1_CAUR_S_CF2_RI2_TI2_R12__seed691202__it0000014,CB1_CAUR_S_CF2_RI2_TI2_R12,ts_66160a8273e40235b251,1,S,CF2,0-20%,ORIGINAL_OPERATOR,operator_related,related,False,0,1,1,False,1000000.0,,numeric_robust_z:is_fallback,numeric_robust_z:is_fallback
CB1_CAUR_S_CF2_RI2_TI2_R12__seed691202__it0000014,CB1_CAUR_S_CF2_RI2_TI2_R12,ts_76ae2f8a144a81b6d61b,1,S,CF2,0-20%,ORIGINAL_OPERATOR,operator_high_reconfiguration,high_reconfiguration,False,0,1,1,False,111111.11111111111,,numeric_robust_z:critical_overlap_fraction,numeric_robust_z:critical_overlap_fraction
CB1_CAUR_S_CF2_RI2_TI2_R12__seed691202__it0000014,CB1_CAUR_S_CF2_RI2_TI2_R12,ts_77e0bafda5bd09b54ebb,1,S,CF2,0-20%,ORIGINAL_OPERATOR,operator_critical,critical,False,0,1,1,False,111111.11111111111,,numeric_robust_z:critical_overlap_fraction,numeric_robust_z:critical_overlap_fraction
CB1_CAUR_S_CF2_RI2_TI2_R12__seed691202__it0000014,CB1_CAUR_S_CF2_RI2_TI2_R12,ts_ada13352d4d1f40610f5,1,S,CF2,0-20%,ORIGINAL_OPERATOR,operator_w_bottleneck,w_bottleneck,False,0,1,1,False,111111.11111111111,,numeric_robust_z:critical_overlap_fraction,numeric_robust_z:critical_overlap_fraction
CB1_CAUR_S_CF2_RI2_TI2_R12__seed691202__it0000054,CB1_CAUR_S_CF2_RI2_TI2_R12,ts_2fcabdc4e0b2b195d9c3,1,S,CF2,0-20%,STRUCTURED_NEAR_NEIGHBOR,near_low_slack,related,False,0,1,1,False,111111.11111111111,,numeric_robust_z:critical_overlap_fraction,numeric_robust_z:critical_overlap_fraction
CB1_CAUR_S_CF2_RI2_TI2_R12__seed691202__it0000054,CB1_CAUR_S_CF2_RI2_TI2_R12,ts_449848bfd4f2af804cd0,1,S,CF2,0-20%,ORIGINAL_OPERATOR,operator_related,related,False,0,3,3,True,1000000.0,,numeric_robust_z:origin_rule_count+numeric_robust_z:origin_family_count+numeric_robust_z:is_fallback,numeric_robust_z:origin_rule_count+numeric_robust_z:origin_family_count+numeric_robust_z:is_fallback
CB1_CAUR_S_CF2_RI2_TI2_R12__seed691202__it0000054,CB1_CAUR_S_CF2_RI2_TI2_R12,ts_49a8f45059e76d6ceff9,1,S,CF2,0-20%,LOCAL_PERTURBATION,related_replace_50,related,False,0,1,1,False,111111.11111111111,,numeric_robust_z:critical_overlap_fraction,numeric_robust_z:critical_overlap_fraction
CB1_CAUR_S_CF2_RI2_TI2_R12__seed691202__it0000054,CB1_CAUR_S_CF2_RI2_TI2_R12,ts_cbb0bbecb6691ed576db,1,S,CF2,0-20%,RELATED_VARIANT,related_variant_3,related,False,0,1,1,False,111111.11111111111,,numeric_robust_z:critical_overlap_fraction,numeric_robust_z:critical_overlap_fraction
CB1_CAUR_S_CF2_RI2_TI2_R12__seed691202__it0000054,CB1_CAUR_S_CF2_RI2_TI2_R12,ts_efbc4a982d6bc57edb14,1,S,CF2,0-20%,ORIGINAL_OPERATOR,operator_critical,critical,False,0,1,1,False,111111.11111111111,,numeric_robust_z:critical_overlap_fraction,numeric_robust_z:critical_overlap_fraction
CB1_CAUR_S_CF2_RI2_TI2_R12__seed691202__it0000097,CB1_CAUR_S_CF2_RI2_TI2_R12,ts_4ad9585b102bc27b92b8,1,S,CF2,20-40%,RELATED_VARIANT,related_variant_4,related,False,0,1,1,False,111111.11111111111,,numeric_robust_z:critical_overlap_fraction,numeric_robust_z:critical_overlap_fraction
CB1_CAUR_S_CF2_RI2_TI2_R12__seed691202__it0000097,CB1_CAUR_S_CF2_RI2_TI2_R12,ts_4affe7b9ee65fd30d99d,1,S,CF2,20-40%,ORIGINAL_OPERATOR,operator_related,related,False,0,1,1,False,1000000.0,,numeric_robust_z:is_fallback,numeric_robust_z:is_fallback
CB1_CAUR_S_CF2_RI2_TI2_R12__seed691202__it0000097,CB1_CAUR_S_CF2_RI2_TI2_R12,ts_7a6a19b54a12cb38c2b8,1,S,CF2,20-40%,ORIGINAL_OPERATOR,operator_critical,critical,False,0,1,1,False,111111.11111111111,,numeric_robust_z:critical_overlap_fraction,numeric_robust_z:critical_overlap_fraction
CB1_CAUR_S_CF2_RI2_TI2_R12__seed691202__it0000097,CB1_CAUR_S_CF2_RI2_TI2_R12,ts_f20d9e13d77c0bd4c4df,1,S,CF2,20-40%,STRUCTURED_NEAR_NEIGHBOR,near_low_slack,related,True,0,1,1,False,111111.11111111111,,numeric_robust_z:critical_overlap_fraction,numeric_robust_z:critical_overlap_fraction
CB1_CAUR_S_CF2_RI2_TI2_R12__seed691202__it0000138,CB1_CAUR_S_CF2_RI2_TI2_R12,ts_00a1f9f00e115faece4a,1,S,CF2,40-60%,ORIGINAL_OPERATOR,operator_related,related,False,0,3,3,True,1000000.0,,numeric_robust_z:origin_rule_count+numeric_robust_z:origin_family_count+numeric_robust_z:is_fallback,numeric_robust_z:origin_rule_count+numeric_robust_z:origin_family_count+numeric_robust_z:is_fallback
CB1_CAUR_S_CF2_RI2_TI2_R12__seed691202__it0000138,CB1_CAUR_S_CF2_RI2_TI2_R12,ts_1232356853951ecdc6ed,1,S,CF2,40-60%,MATCHED_RANDOM,matched_random_3,random,False,0,1,1,False,111111.11111111111,,numeric_robust_z:critical_overlap_fraction,numeric_robust_z:critical_overlap_fraction
CB1_CAUR_S_CF2_RI2_TI2_R12__seed691202__it0000138,CB1_CAUR_S_CF2_RI2_TI2_R12,ts_81edf16dc823facd87ac,1,S,CF2,40-60%,MATCHED_RANDOM,matched_random_2,random,False,0,1,1,False,111111.11111111111,,numeric_robust_z:critical_overlap_fraction,numeric_robust_z:critical_overlap_fraction
CB1_CAUR_S_CF2_RI2_TI2_R12__seed691202__it0000138,CB1_CAUR_S_CF2_RI2_TI2_R12,ts_a92420918ce0efb31f43,1,S,CF2,40-60%,ORIGINAL_OPERATOR,operator_critical,critical,False,0,1,1,False,111111.11111111111,,numeric_robust_z:critical_overlap_fraction,numeric_robust_z:critical_overlap_fraction
CB1_CAUR_S_CF2_RI2_TI2_R12__seed691202__it0000138,CB1_CAUR_S_CF2_RI2_TI2_R12,ts_c557fcf566c0b94b065d,1,S,CF2,40-60%,STRUCTURED_NEAR_NEIGHBOR,near_low_slack,related,False,0,1,1,False,111111.11111111111,,numeric_robust_z:critical_overlap_fraction,numeric_robust_z:critical_overlap_fraction
CB1_CAUR_S_CF2_RI2_TI2_R12__seed691202__it0000138,CB1_CAUR_S_CF2_RI2_TI2_R12,ts_f351517256549059da28,1,S,CF2,40-60%,MATCHED_RANDOM,matched_random_1,random,False,0,1,1,False,111111.11111111111,,numeric_robust_z:critical_overlap_fraction,numeric_robust_z:critical_overlap_fraction
CB1_CAUR_S_CF2_RI2_TI2_R12__seed691202__it0000178,CB1_CAUR_S_CF2_RI2_TI2_R12,ts_1322df8de45933427618,1,S,CF2,40-60%,ORIGINAL_OPERATOR,operator_critical,critical,False,0,1,1,False,111111.11111111111,,numeric_robust_z:critical_overlap_fraction,numeric_robust_z:critical_overlap_fraction
CB1_CAUR_S_CF2_RI2_TI2_R12__seed691202__it0000178,CB1_CAUR_S_CF2_RI2_TI2_R12,ts_1cf2c13646af7abab3e3,1,S,CF2,40-60%,RELATED_VARIANT,related_variant_1,related,True,0,2,2,True,1000000.0,,numeric_robust_z:origin_rule_count+numeric_robust_z:critical_overlap_fraction,numeric_robust_z:origin_rule_count+numeric_robust_z:critical_overlap_fraction
CB1_CAUR_S_CF2_RI2_TI2_R12__seed691202__it0000178,CB1_CAUR_S_CF2_RI2_TI2_R12,ts_94f3b6f564244b95bbec,1,S,CF2,40-60%,STRUCTURED_NEAR_NEIGHBOR,near_low_slack,related,False,0,1,1,False,111111.11111111111,,numeric_robust_z:critical_overlap_fraction,numeric_robust_z:critical_overlap_fraction
CB1_CAUR_S_CF2_RI2_TI2_R12__seed691202__it0000178,CB1_CAUR_S_CF2_RI2_TI2_R12,ts_ec66dee31266f6a22731,1,S,CF2,40-60%,ORIGINAL_OPERATOR,operator_related,related,False,0,3,3,True,1000000.0,,numeric_robust_z:origin_rule_count+numeric_robust_z:origin_family_count+numeric_robust_z:is_fallback,numeric_robust_z:origin_rule_count+numeric_robust_z:origin_family_count+numeric_robust_z:is_fallback
CB1_CAUR_S_CF2_RI2_TI2_R12__seed691202__it0000221,CB1_CAUR_S_CF2_RI2_TI2_R12,ts_1008a5235a138d9d79cb,1,S,CF2,60-80%,STRUCTURED_NEAR_NEIGHBOR,near_low_slack,related,False,0,1,1,False,111111.11111111111,,numeric_robust_z:critical_overlap_fraction,numeric_robust_z:critical_overlap_fraction
CB1_CAUR_S_CF2_RI2_TI2_R12__seed691202__it0000221,CB1_CAUR_S_CF2_RI2_TI2_R12,ts_6ae4b6b6595bd8633181,1,S,CF2,60-80%,ORIGINAL_OPERATOR,operator_critical,critical,False,0,1,1,False,111111.11111111111,,numeric_robust_z:critical_overlap_fraction,numeric_robust_z:critical_overlap_fraction
CB1_CAUR_S_CF2_RI2_TI2_R12__seed691202__it0000221,CB1_CAUR_S_CF2_RI2_TI2_R12,ts_b2c6c005cfceb00d2746,1,S,CF2,60-80%,ORIGINAL_OPERATOR,operator_related,related,False,0,1,1,False,1000000.0,,numeric_robust_z:is_fallback,numeric_robust_z:is_fallback
CB1_CAUR_S_CF2_RI2_TI2_R12__seed691202__it0000221,CB1_CAUR_S_CF2_RI2_TI2_R12,ts_cbd5261c55e92452bc12,1,S,CF2,60-80%,ORIGINAL_OPERATOR,operator_random,random,False,0,1,1,False,111111.11111111111,,numeric_robust_z:critical_overlap_fraction,numeric_robust_z:critical_overlap_fraction
CB1_CAUR_S_CF2_RI2_TI2_R12__seed691202__it0000221,CB1_CAUR_S_CF2_RI2_TI2_R12,ts_dfcac3175e1e853551dd,1,S,CF2,60-80%,RELATED_VARIANT,related_variant_1,related,True,0,1,1,False,111111.11111111111,,numeric_robust_z:critical_overlap_fraction,numeric_robust_z:critical_overlap_fraction
CB1_CAUR_S_CF2_RI2_TI2_R12__seed691202__it0000260,CB1_CAUR_S_CF2_RI2_TI2_R12,ts_2f1e813b57f318ea6449,1,S,CF2,80-100%,MATCHED_RANDOM,matched_random_2,random,False,0,1,1,False,9.333333333333334,,numeric_robust_z:bottleneck_overlap_fraction,numeric_robust_z:bottleneck_overlap_fraction
CB1_CAUR_S_CF2_RI2_TI2_R12__seed691202__it0000260,CB1_CAUR_S_CF2_RI2_TI2_R12,ts_33f422b176eee3b5e178,1,S,CF2,80-100%,MATCHED_RANDOM,matched_random_3,random,False,0,1,1,False,111111.11111111111,,numeric_robust_z:critical_overlap_fraction,numeric_robust_z:critical_overlap_fraction
CB1_CAUR_S_CF2_RI2_TI2_R12__seed691202__it0000260,CB1_CAUR_S_CF2_RI2_TI2_R12,ts_40dc04d9e3a1ad0540d5,1,S,CF2,80-100%,STRUCTURED_NEAR_NEIGHBOR,near_low_slack,related,False,0,2,2,True,222222.22222222222,,numeric_robust_z:critical_overlap_fraction+numeric_robust_z:bottleneck_overlap_fraction,numeric_robust_z:critical_overlap_fraction+numeric_robust_z:bottleneck_overlap_fraction
CB1_CAUR_S_CF2_RI2_TI2_R12__seed691202__it0000260,CB1_CAUR_S_CF2_RI2_TI2_R12,ts_44de1f7d0335a6baceec,1,S,CF2,80-100%,ORIGINAL_OPERATOR,operator_critical,critical,False,0,2,2,True,222222.22222222222,,numeric_robust_z:critical_overlap_fraction+numeric_robust_z:bottleneck_overlap_fraction,numeric_robust_z:critical_overlap_fraction+numeric_robust_z:bottleneck_overlap_fraction
CB1_CAUR_S_CF2_RI2_TI2_R12__seed691202__it0000260,CB1_CAUR_S_CF2_RI2_TI2_R12,ts_84761395caa5fa1c00c0,1,S,CF2,80-100%,RELATED_VARIANT,related_variant_3,related,False,0,1,1,False,9.333333333333334,,numeric_robust_z:bottleneck_overlap_fraction,numeric_robust_z:bottleneck_overlap_fraction
CB1_CAUR_S_CF2_RI2_TI2_R12__seed691202__it0000260,CB1_CAUR_S_CF2_RI2_TI2_R12,ts_ccd06936b05e1b4fa860,1,S,CF2,80-100%,RELATED_VARIANT,related_variant_2,related,False,0,1,1,False,111111.11111111111,,numeric_robust_z:critical_overlap_fraction,numeric_robust_z:critical_overlap_fraction
CB1_CAUR_S_CF2_RI2_TI2_R12__seed691202__it0000260,CB1_CAUR_S_CF2_RI2_TI2_R12,ts_e5e5cf2125065b1f0ac7,1,S,CF2,80-100%,STRUCTURED_NEAR_NEIGHBOR,near_precedence_neighbor,related,False,0,1,1,False,9.333333333333334,,numeric_robust_z:bottleneck_overlap_fraction,numeric_robust_z:bottleneck_overlap_fraction
CB1_CAUR_S_CF2_RI2_TI2_R12__seed691202__it0000260,CB1_CAUR_S_CF2_RI2_TI2_R12,ts_ea157caffae2a6bd3f25,1,S,CF2,80-100%,ORIGINAL_OPERATOR,operator_related,related,False,0,1,1,False,1000000.0,,numeric_robust_z:is_fallback,numeric_robust_z:is_fallback
CB1_CAUR_S_CF2_RI2_TI2_R12__seed691202__it0000291,CB1_CAUR_S_CF2_RI2_TI2_R12,ts_19a9743c5b8ad1fd6914,1,S,CF2,80-100%,ORIGINAL_OPERATOR,operator_related,related,False,0,1,1,False,1000000.0,,numeric_robust_z:is_fallback,numeric_robust_z:is_fallback
CB1_CAUR_S_CF2_RI2_TI2_R12__seed691202__it0000291,CB1_CAUR_S_CF2_RI2_TI2_R12,ts_4ef1313ce2c504eb9716,1,S,CF2,80-100%,ORIGINAL_OPERATOR,operator_critical,critical,False,0,2,2,True,222222.22222222222,,numeric_robust_z:critical_overlap_fraction+numeric_robust_z:bottleneck_overlap_fraction,numeric_robust_z:critical_overlap_fraction+numeric_robust_z:bottleneck_overlap_fraction
CB1_CAUR_S_CF2_RI2_TI2_R12__seed691202__it0000291,CB1_CAUR_S_CF2_RI2_TI2_R12,ts_8a973c6b548c869ab294,1,S,CF2,80-100%,STRUCTURED_NEAR_NEIGHBOR,near_low_slack,related,False,0,2,2,True,111111.11111111111,,numeric_robust_z:critical_overlap_fraction+numeric_robust_z:bottleneck_overlap_fraction,numeric_robust_z:critical_overlap_fraction+numeric_robust_z:bottleneck_overlap_fraction
CB1_CAUR_S_CF2_RI2_TI2_R12__seed691202__it0000291,CB1_CAUR_S_CF2_RI2_TI2_R12,ts_bce259efbb12c1d09251,1,S,CF2,80-100%,LOCAL_PERTURBATION,two_operation_swap,related,False,0,2,2,True,111111.11111111111,,numeric_robust_z:critical_overlap_fraction+numeric_robust_z:bottleneck_overlap_fraction,numeric_robust_z:critical_overlap_fraction+numeric_robust_z:bottleneck_overlap_fraction
CB1_CAUR_S_CF2_RI2_TI2_R12__seed691202__it0000291,CB1_CAUR_S_CF2_RI2_TI2_R12,ts_f17ed2e3430187638cf4,1,S,CF2,80-100%,RELATED_VARIANT,related_variant_4,related,False,0,1,1,False,9.333333333333334,,numeric_robust_z:bottleneck_overlap_fraction,numeric_robust_z:bottleneck_overlap_fraction
CB1_CAUR_S_CF3_RI2_TI2_R12_C02__seed691201__it0000014,CB1_CAUR_S_CF3_RI2_TI2_R12_C02,ts_5fa63b80271cd66bcc03,2,S,CF3,0-20%,ORIGINAL_OPERATOR,operator_critical,critical,False,0,1,1,False,111111.11111111111,,numeric_robust_z:critical_overlap_fraction,numeric_robust_z:critical_overlap_fraction
CB1_CAUR_S_CF3_RI2_TI2_R12_C02__seed691201__it0000014,CB1_CAUR_S_CF3_RI2_TI2_R12_C02,ts_89799866f4fc0db5e745,2,S,CF3,0-20%,ORIGINAL_OPERATOR,operator_related,related,False,0,1,1,False,1000000.0,,numeric_robust_z:is_fallback,numeric_robust_z:is_fallback
CB1_CAUR_S_CF3_RI2_TI2_R12_C02__seed691201__it0000014,CB1_CAUR_S_CF3_RI2_TI2_R12_C02,ts_ae226437b5eb1e19c9f0,2,S,CF3,0-20%,STRUCTURED_NEAR_NEIGHBOR,near_low_slack,related,False,0,1,1,False,111111.11111111111,,numeric_robust_z:critical_overlap_fraction,numeric_robust_z:critical_overlap_fraction
CB1_CAUR_S_CF3_RI2_TI2_R12_C02__seed691201__it0000014,CB1_CAUR_S_CF3_RI2_TI2_R12_C02,ts_da4f19fcc5de16616a67,2,S,CF3,0-20%,RELATED_VARIANT,related_variant_1,related,False,0,1,1,False,111111.11111111111,,numeric_robust_z:critical_overlap_fraction,numeric_robust_z:critical_overlap_fraction
CB1_CAUR_S_CF3_RI2_TI2_R12_C02__seed691201__it0000054,CB1_CAUR_S_CF3_RI2_TI2_R12_C02,ts_0cbd9f22f577cf26a497,2,S,CF3,0-20%,ORIGINAL_OPERATOR,operator_related,related,False,0,1,1,False,1000000.0,,numeric_robust_z:is_fallback,numeric_robust_z:is_fallback
CB1_CAUR_S_CF3_RI2_TI2_R12_C02__seed691201__it0000054,CB1_CAUR_S_CF3_RI2_TI2_R12_C02,ts_1ab248e80d9d9b2dadb2,2,S,CF3,0-20%,ORIGINAL_OPERATOR,operator_random,random,False,0,1,1,False,111111.11111111111,,numeric_robust_z:critical_overlap_fraction,numeric_robust_z:critical_overlap_fraction
CB1_CAUR_S_CF3_RI2_TI2_R12_C02__seed691201__it0000054,CB1_CAUR_S_CF3_RI2_TI2_R12_C02,ts_2170dd1cc12aa8e63b52,2,S,CF3,0-20%,LOCAL_PERTURBATION,related_replace_25,related,False,0,1,1,False,111111.11111111111,,numeric_robust_z:critical_overlap_fraction,numeric_robust_z:critical_overlap_fraction
CB1_CAUR_S_CF3_RI2_TI2_R12_C02__seed691201__it0000054,CB1_CAUR_S_CF3_RI2_TI2_R12_C02,ts_dcedf9f6fc08911f5cd0,2,S,CF3,0-20%,ORIGINAL_OPERATOR,operator_critical,critical,False,0,1,1,False,111111.11111111111,,numeric_robust_z:critical_overlap_fraction,numeric_robust_z:critical_overlap_fraction
CB1_CAUR_S_CF3_RI2_TI2_R12_C02__seed691201__it0000054,CB1_CAUR_S_CF3_RI2_TI2_R12_C02,ts_f00970e2987207df899b,2,S,CF3,0-20%,STRUCTURED_NEAR_NEIGHBOR,near_low_slack,related,False,0,1,1,False,111111.11111111111,,numeric_robust_z:critical_overlap_fraction,numeric_robust_z:critical_overlap_fraction
CB1_CAUR_S_CF3_RI2_TI2_R12_C02__seed691201__it0000096,CB1_CAUR_S_CF3_RI2_TI2_R12_C02,ts_06021cf0f99c152996ce,2,S,CF3,20-40%,ORIGINAL_OPERATOR,operator_related,related,False,0,1,1,False,1000000.0,,numeric_robust_z:is_fallback,numeric_robust_z:is_fallback
CB1_CAUR_S_CF3_RI2_TI2_R12_C02__seed691201__it0000096,CB1_CAUR_S_CF3_RI2_TI2_R12_C02,ts_13238ea34f2d224aaafa,2,S,CF3,20-40%,MATCHED_RANDOM,matched_random_2,random,False,0,2,2,True,111111.11111111111,,numeric_robust_z:critical_overlap_fraction+numeric_robust_z:bottleneck_overlap_fraction,numeric_robust_z:critical_overlap_fraction+numeric_robust_z:bottleneck_overlap_fraction
CB1_CAUR_S_CF3_RI2_TI2_R12_C02__seed691201__it0000096,CB1_CAUR_S_CF3_RI2_TI2_R12_C02,ts_426bbd2197bbbce6b502,2,S,CF3,20-40%,ORIGINAL_OPERATOR,operator_random,random,False,0,1,1,False,111111.11111111111,,numeric_robust_z:critical_overlap_fraction,numeric_robust_z:critical_overlap_fraction
CB1_CAUR_S_CF3_RI2_TI2_R12_C02__seed691201__it0000096,CB1_CAUR_S_CF3_RI2_TI2_R12_C02,ts_734d6ab68235f3e2dfcd,2,S,CF3,20-40%,RELATED_VARIANT,related_variant_2,related,False,0,2,2,True,333333.3333333333,,numeric_robust_z:critical_overlap_fraction+numeric_robust_z:bottleneck_overlap_fraction,numeric_robust_z:critical_overlap_fraction+numeric_robust_z:bottleneck_overlap_fraction
CB1_CAUR_S_CF3_RI2_TI2_R12_C02__seed691201__it0000096,CB1_CAUR_S_CF3_RI2_TI2_R12_C02,ts_825635a3d6725124a13f,2,S,CF3,20-40%,STRUCTURED_NEAR_NEIGHBOR,near_low_slack,related,False,0,1,1,False,222222.22222222222,,numeric_robust_z:critical_overlap_fraction,numeric_robust_z:critical_overlap_fraction
CB1_CAUR_S_CF3_RI2_TI2_R12_C02__seed691201__it0000096,CB1_CAUR_S_CF3_RI2_TI2_R12_C02,ts_8991d87c85a2ae0a9f1d,2,S,CF3,20-40%,LOCAL_PERTURBATION,one_operation_swap,related,False,0,1,1,False,111111.11111111111,,numeric_robust_z:critical_overlap_fraction,numeric_robust_z:critical_overlap_fraction
CB1_CAUR_S_CF3_RI2_TI2_R12_C02__seed691201__it0000096,CB1_CAUR_S_CF3_RI2_TI2_R12_C02,ts_afcb958b9f5856296381,2,S,CF3,20-40%,ORIGINAL_OPERATOR,operator_high_reconfiguration,high_reconfiguration,False,0,1,1,False,111111.11111111111,,numeric_robust_z:critical_overlap_fraction,numeric_robust_z:critical_overlap_fraction
CB1_CAUR_S_CF3_RI2_TI2_R12_C02__seed691201__it0000096,CB1_CAUR_S_CF3_RI2_TI2_R12_C02,ts_b72016eb83269a730258,2,S,CF3,20-40%,ORIGINAL_OPERATOR,operator_f_bottleneck,f_bottleneck,False,0,2,2,True,333333.3333333333,,numeric_robust_z:critical_overlap_fraction+numeric_robust_z:bottleneck_overlap_fraction,numeric_robust_z:critical_overlap_fraction+numeric_robust_z:bottleneck_overlap_fraction
CB1_CAUR_S_CF3_RI2_TI2_R12_C02__seed691201__it0000096,CB1_CAUR_S_CF3_RI2_TI2_R12_C02,ts_b8d90f23de58b38e7132,2,S,CF3,20-40%,MATCHED_RANDOM,matched_random_1,random,False,0,1,1,False,111111.11111111111,,numeric_robust_z:critical_overlap_fraction,numeric_robust_z:critical_overlap_fraction
CB1_CAUR_S_CF3_RI2_TI2_R12_C02__seed691201__it0000096,CB1_CAUR_S_CF3_RI2_TI2_R12_C02,ts_c3b6b92cc98aea0b778e,2,S,CF3,20-40%,RELATED_VARIANT,related_variant_4,related,False,0,1,1,False,111111.11111111111,,numeric_robust_z:critical_overlap_fraction,numeric_robust_z:critical_overlap_fraction
CB1_CAUR_S_CF3_RI2_TI2_R12_C02__seed691201__it0000096,CB1_CAUR_S_CF3_RI2_TI2_R12_C02,ts_d069a14108cd890301fa,2,S,CF3,20-40%,LOCAL_PERTURBATION,related_replace_50,related,False,0,2,2,True,333333.3333333333,,numeric_robust_z:critical_overlap_fraction+numeric_robust_z:bottleneck_overlap_fraction,numeric_robust_z:critical_overlap_fraction+numeric_robust_z:bottleneck_overlap_fraction
CB1_CAUR_S_CF3_RI2_TI2_R12_C02__seed691201__it0000096,CB1_CAUR_S_CF3_RI2_TI2_R12_C02,ts_e393fb634932db8b2bfc,2,S,CF3,20-40%,ORIGINAL_OPERATOR,operator_overloaded_island,overloaded_island,False,0,2,2,True,333333.3333333333,,numeric_robust_z:critical_overlap_fraction+numeric_robust_z:bottleneck_overlap_fraction,numeric_robust_z:critical_overlap_fraction+numeric_robust_z:bottleneck_overlap_fraction
CB1_CAUR_S_CF3_RI2_TI2_R12_C02__seed691201__it0000096,CB1_CAUR_S_CF3_RI2_TI2_R12_C02,ts_f08399b33fe2589a8220,2,S,CF3,20-40%,RELATED_VARIANT,related_variant_1,related,False,0,2,2,True,111111.11111111111,,numeric_robust_z:critical_overlap_fraction+numeric_robust_z:bottleneck_overlap_fraction,numeric_robust_z:critical_overlap_fraction+numeric_robust_z:bottleneck_overlap_fraction
CB1_CAUR_S_CF3_RI2_TI2_R12_C02__seed691201__it0000096,CB1_CAUR_S_CF3_RI2_TI2_R12_C02,ts_f2d2c34e4b0a4482f60d,2,S,CF3,20-40%,ORIGINAL_OPERATOR,operator_critical,critical,False,0,2,2,True,555555.5555555556,,numeric_robust_z:critical_overlap_fraction+numeric_robust_z:bottleneck_overlap_fraction,numeric_robust_z:critical_overlap_fraction+numeric_robust_z:bottleneck_overlap_fraction
CB1_CAUR_S_CF3_RI2_TI2_R12_C02__seed691201__it0000136,CB1_CAUR_S_CF3_RI2_TI2_R12_C02,ts_18efcecec27cef0a24ac,2,S,CF3,40-60%,ORIGINAL_OPERATOR,operator_related,related,False,0,2,2,True,1000000.0,,numeric_robust_z:critical_overlap_fraction+numeric_robust_z:is_fallback,numeric_robust_z:critical_overlap_fraction+numeric_robust_z:is_fallback
CB1_CAUR_S_CF3_RI2_TI2_R12_C02__seed691201__it0000136,CB1_CAUR_S_CF3_RI2_TI2_R12_C02,ts_20d5155dabbea149d413,2,S,CF3,40-60%,RELATED_VARIANT,related_variant_1,related,True,0,1,1,False,1000000.0,,numeric_robust_z:origin_rule_count,numeric_robust_z:origin_rule_count
CB1_CAUR_S_CF3_RI2_TI2_R12_C02__seed691201__it0000136,CB1_CAUR_S_CF3_RI2_TI2_R12_C02,ts_77b777afe860dea710ce,2,S,CF3,40-60%,STRUCTURED_NEAR_NEIGHBOR,near_low_slack,related,False,0,1,1,False,111111.11111111111,,numeric_robust_z:critical_overlap_fraction,numeric_robust_z:critical_overlap_fraction
CB1_CAUR_S_CF3_RI2_TI2_R12_C02__seed691201__it0000136,CB1_CAUR_S_CF3_RI2_TI2_R12_C02,ts_80ff6cac147f86eebbe7,2,S,CF3,40-60%,STRUCTURED_NEAR_NEIGHBOR,near_high_W_delay,related,False,0,1,1,False,111111.11111111111,,numeric_robust_z:critical_overlap_fraction,numeric_robust_z:critical_overlap_fraction
CB1_CAUR_S_CF3_RI2_TI2_R12_C02__seed691201__it0000136,CB1_CAUR_S_CF3_RI2_TI2_R12_C02,ts_82f71bada0e564578ae1,2,S,CF3,40-60%,STRUCTURED_NEAR_NEIGHBOR,near_high_F_delay,related,False,0,1,1,False,111111.11111111111,,numeric_robust_z:critical_overlap_fraction,numeric_robust_z:critical_overlap_fraction
CB1_CAUR_S_CF3_RI2_TI2_R12_C02__seed691201__it0000136,CB1_CAUR_S_CF3_RI2_TI2_R12_C02,ts_90d72aad296c5a9c59b9,2,S,CF3,40-60%,LOCAL_PERTURBATION,one_operation_swap,related,False,0,1,1,False,111111.11111111111,,numeric_robust_z:critical_overlap_fraction,numeric_robust_z:critical_overlap_fraction
CB1_CAUR_S_CF3_RI2_TI2_R12_C02__seed691201__it0000136,CB1_CAUR_S_CF3_RI2_TI2_R12_C02,ts_9790b985d3c5818207e9,2,S,CF3,40-60%,LOCAL_PERTURBATION,two_operation_swap,related,False,0,1,1,False,111111.11111111111,,numeric_robust_z:critical_overlap_fraction,numeric_robust_z:critical_overlap_fraction
CB1_CAUR_S_CF3_RI2_TI2_R12_C02__seed691201__it0000136,CB1_CAUR_S_CF3_RI2_TI2_R12_C02,ts_a47b7955ded2e48c6a20,2,S,CF3,40-60%,LOCAL_PERTURBATION,related_replace_25,related,False,0,1,1,False,111111.11111111111,,numeric_robust_z:critical_overlap_fraction,numeric_robust_z:critical_overlap_fraction
CB1_CAUR_S_CF3_RI2_TI2_R12_C02__seed691201__it0000136,CB1_CAUR_S_CF3_RI2_TI2_R12_C02,ts_e1038d50a7eb4181eb3f,2,S,CF3,40-60%,STRUCTURED_NEAR_NEIGHBOR,near_same_island_chain,related,False,0,1,1,False,111111.11111111111,,numeric_robust_z:critical_overlap_fraction,numeric_robust_z:critical_overlap_fraction
CB1_CAUR_S_CF3_RI2_TI2_R12_C02__seed691201__it0000136,CB1_CAUR_S_CF3_RI2_TI2_R12_C02,ts_f722d9348653993d2591,2,S,CF3,40-60%,ORIGINAL_OPERATOR,operator_critical,critical,False,0,1,1,False,111111.11111111111,,numeric_robust_z:critical_overlap_fraction,numeric_robust_z:critical_overlap_fraction
CB1_CAUR_S_CF3_RI2_TI2_R12_C02__seed691201__it0000176,CB1_CAUR_S_CF3_RI2_TI2_R12_C02,ts_080ab33685d5637c0043,2,S,CF3,40-60%,STRUCTURED_NEAR_NEIGHBOR,near_same_island_chain,related,False,0,1,1,False,222222.22222222222,,numeric_robust_z:critical_overlap_fraction,numeric_robust_z:critical_overlap_fraction
CB1_CAUR_S_CF3_RI2_TI2_R12_C02__seed691201__it0000176,CB1_CAUR_S_CF3_RI2_TI2_R12_C02,ts_21ad1b3c0181b7206f7a,2,S,CF3,40-60%,LOCAL_PERTURBATION,related_replace_25,related,False,0,2,2,True,111111.11111111111,,numeric_robust_z:critical_overlap_fraction+numeric_robust_z:bottleneck_overlap_fraction,numeric_robust_z:critical_overlap_fraction+numeric_robust_z:bottleneck_overlap_fraction
CB1_CAUR_S_CF3_RI2_TI2_R12_C02__seed691201__it0000176,CB1_CAUR_S_CF3_RI2_TI2_R12_C02,ts_26f9b8074b7fd6d56e39,2,S,CF3,40-60%,LOCAL_PERTURBATION,related_replace_50,related,False,0,2,2,True,111111.11111111111,,numeric_robust_z:critical_overlap_fraction+numeric_robust_z:bottleneck_overlap_fraction,numeric_robust_z:critical_overlap_fraction+numeric_robust_z:bottleneck_overlap_fraction
CB1_CAUR_S_CF3_RI2_TI2_R12_C02__seed691201__it0000176,CB1_CAUR_S_CF3_RI2_TI2_R12_C02,ts_2abe2473117c590d1927,2,S,CF3,40-60%,MATCHED_RANDOM,matched_random_1,random,False,0,1,1,False,9.0,,numeric_robust_z:bottleneck_overlap_fraction,numeric_robust_z:bottleneck_overlap_fraction
CB1_CAUR_S_CF3_RI2_TI2_R12_C02__seed691201__it0000176,CB1_CAUR_S_CF3_RI2_TI2_R12_C02,ts_39731bb3d0fad7fdde1c,2,S,CF3,40-60%,ORIGINAL_OPERATOR,operator_overloaded_island,overloaded_island,False,0,1,1,False,111111.11111111111,,numeric_robust_z:critical_overlap_fraction,numeric_robust_z:critical_overlap_fraction
CB1_CAUR_S_CF3_RI2_TI2_R12_C02__seed691201__it0000176,CB1_CAUR_S_CF3_RI2_TI2_R12_C02,ts_3d035626471c861f0558,2,S,CF3,40-60%,ORIGINAL_OPERATOR,operator_random,random,False,0,1,1,False,9.0,,numeric_robust_z:bottleneck_overlap_fraction,numeric_robust_z:bottleneck_overlap_fraction
CB1_CAUR_S_CF3_RI2_TI2_R12_C02__seed691201__it0000176,CB1_CAUR_S_CF3_RI2_TI2_R12_C02,ts_419ddefd496c10280f12,2,S,CF3,40-60%,LOCAL_PERTURBATION,two_operation_swap,related,False,0,2,2,True,111111.11111111111,,numeric_robust_z:critical_overlap_fraction+numeric_robust_z:bottleneck_overlap_fraction,numeric_robust_z:critical_overlap_fraction+numeric_robust_z:bottleneck_overlap_fraction
CB1_CAUR_S_CF3_RI2_TI2_R12_C02__seed691201__it0000176,CB1_CAUR_S_CF3_RI2_TI2_R12_C02,ts_626b1ccbe2fc580c42e6,2,S,CF3,40-60%,STRUCTURED_NEAR_NEIGHBOR,near_high_F_delay,related,False,0,1,1,False,9.0,,numeric_robust_z:bottleneck_overlap_fraction,numeric_robust_z:bottleneck_overlap_fraction
CB1_CAUR_S_CF3_RI2_TI2_R12_C02__seed691201__it0000176,CB1_CAUR_S_CF3_RI2_TI2_R12_C02,ts_81d5a329023faec113a6,2,S,CF3,40-60%,STRUCTURED_NEAR_NEIGHBOR,near_low_slack,related,False,0,1,1,False,222222.22222222222,,numeric_robust_z:critical_overlap_fraction,numeric_robust_z:critical_overlap_fraction
CB1_CAUR_S_CF3_RI2_TI2_R12_C02__seed691201__it0000176,CB1_CAUR_S_CF3_RI2_TI2_R12_C02,ts_9f727682a31fd5ffb4be,2,S,CF3,40-60%,ORIGINAL_OPERATOR,operator_high_reconfiguration,high_reconfiguration,False,0,1,1,False,18.0,,numeric_robust_z:bottleneck_overlap_fraction,numeric_robust_z:bottleneck_overlap_fraction
CB1_CAUR_S_CF3_RI2_TI2_R12_C02__seed691201__it0000176,CB1_CAUR_S_CF3_RI2_TI2_R12_C02,ts_a0c1ea0f3255ade111b9,2,S,CF3,40-60%,STRUCTURED_NEAR_NEIGHBOR,near_high_W_delay,related,False,0,1,1,False,111111.11111111111,,numeric_robust_z:critical_overlap_fraction,numeric_robust_z:critical_overlap_fraction
CB1_CAUR_S_CF3_RI2_TI2_R12_C02__seed691201__it0000176,CB1_CAUR_S_CF3_RI2_TI2_R12_C02,ts_a3e24a77a0a0cff58c3e,2,S,CF3,40-60%,LOCAL_PERTURBATION,one_operation_swap,related,False,0,2,2,True,111111.11111111111,,numeric_robust_z:critical_overlap_fraction+numeric_robust_z:bottleneck_overlap_fraction,numeric_robust_z:critical_overlap_fraction+numeric_robust_z:bottleneck_overlap_fraction
CB1_CAUR_S_CF3_RI2_TI2_R12_C02__seed691201__it0000176,CB1_CAUR_S_CF3_RI2_TI2_R12_C02,ts_a6a8704a2ba01c930d8c,2,S,CF3,40-60%,ORIGINAL_OPERATOR,operator_f_bottleneck,f_bottleneck,False,0,1,1,False,9.0,,numeric_robust_z:bottleneck_overlap_fraction,numeric_robust_z:bottleneck_overlap_fraction
CB1_CAUR_S_CF3_RI2_TI2_R12_C02__seed691201__it0000176,CB1_CAUR_S_CF3_RI2_TI2_R12_C02,ts_c0141931a360e7578618,2,S,CF3,40-60%,RELATED_VARIANT,related_variant_4,related,True,0,1,1,False,111111.11111111111,,numeric_robust_z:critical_overlap_fraction,numeric_robust_z:critical_overlap_fraction
CB1_CAUR_S_CF3_RI2_TI2_R12_C02__seed691201__it0000176,CB1_CAUR_S_CF3_RI2_TI2_R12_C02,ts_c23205c2182191ad4850,2,S,CF3,40-60%,ORIGINAL_OPERATOR,operator_related,related,False,0,4,4,True,1000000.0,,numeric_robust_z:origin_rule_count+numeric_robust_z:origin_family_count+numeric_robust_z:critical_overlap_fraction+numeric_robust_z:is_fallback,numeric_robust_z:origin_rule_count+numeric_robust_z:origin_family_count+numeric_robust_z:critical_overlap_fraction+numeric_robust_z:is_fallback
CB1_CAUR_S_CF3_RI2_TI2_R12_C02__seed691201__it0000176,CB1_CAUR_S_CF3_RI2_TI2_R12_C02,ts_e98c5b99a812c63f9f97,2,S,CF3,40-60%,ORIGINAL_OPERATOR,operator_critical,critical,False,0,1,1,False,222222.22222222222,,numeric_robust_z:critical_overlap_fraction,numeric_robust_z:critical_overlap_fraction
CB1_CAUR_S_CF3_RI2_TI2_R12_C02__seed691201__it0000219,CB1_CAUR_S_CF3_RI2_TI2_R12_C02,ts_1f9ba27792d37c254461,2,S,CF3,60-80%,STRUCTURED_NEAR_NEIGHBOR,near_low_slack,related,False,0,1,1,False,111111.11111111111,,numeric_robust_z:critical_overlap_fraction,numeric_robust_z:critical_overlap_fraction
CB1_CAUR_S_CF3_RI2_TI2_R12_C02__seed691201__it0000219,CB1_CAUR_S_CF3_RI2_TI2_R12_C02,ts_23c6a5c2b069df2444d7,2,S,CF3,60-80%,RELATED_VARIANT,related_variant_3,related,True,0,1,1,False,1000000.0,,numeric_robust_z:origin_rule_count,numeric_robust_z:origin_rule_count
CB1_CAUR_S_CF3_RI2_TI2_R12_C02__seed691201__it0000219,CB1_CAUR_S_CF3_RI2_TI2_R12_C02,ts_4f54913527bb9d1c307a,2,S,CF3,60-80%,ORIGINAL_OPERATOR,operator_critical,critical,False,0,1,1,False,111111.11111111111,,numeric_robust_z:critical_overlap_fraction,numeric_robust_z:critical_overlap_fraction
CB1_CAUR_S_CF3_RI2_TI2_R12_C02__seed691201__it0000219,CB1_CAUR_S_CF3_RI2_TI2_R12_C02,ts_7d98d46735dac929aae2,2,S,CF3,60-80%,ORIGINAL_OPERATOR,operator_related,related,False,0,1,1,False,1000000.0,,numeric_robust_z:is_fallback,numeric_robust_z:is_fallback
CB1_CAUR_S_CF3_RI2_TI2_R12_C02__seed691201__it0000259,CB1_CAUR_S_CF3_RI2_TI2_R12_C02,ts_13735437604c9a4c0099,2,S,CF3,80-100%,ORIGINAL_OPERATOR,operator_critical,critical,False,0,1,1,False,111111.11111111111,,numeric_robust_z:critical_overlap_fraction,numeric_robust_z:critical_overlap_fraction
CB1_CAUR_S_CF3_RI2_TI2_R12_C02__seed691201__it0000259,CB1_CAUR_S_CF3_RI2_TI2_R12_C02,ts_19a70cf0a70897a3e355,2,S,CF3,80-100%,RELATED_VARIANT,related_variant_2,related,False,0,1,1,False,111111.11111111111,,numeric_robust_z:critical_overlap_fraction,numeric_robust_z:critical_overlap_fraction
CB1_CAUR_S_CF3_RI2_TI2_R12_C02__seed691201__it0000259,CB1_CAUR_S_CF3_RI2_TI2_R12_C02,ts_4c228d432dc8c4c4b952,2,S,CF3,80-100%,STRUCTURED_NEAR_NEIGHBOR,near_low_slack,related,False,0,1,1,False,111111.11111111111,,numeric_robust_z:critical_overlap_fraction,numeric_robust_z:critical_overlap_fraction
CB1_CAUR_S_CF3_RI2_TI2_R12_C02__seed691201__it0000259,CB1_CAUR_S_CF3_RI2_TI2_R12_C02,ts_9cb002517210a5bf5149,2,S,CF3,80-100%,ORIGINAL_OPERATOR,operator_related,related,False,0,1,1,False,1000000.0,,numeric_robust_z:is_fallback,numeric_robust_z:is_fallback
CB1_CAUR_S_CF3_RI2_TI2_R12_C02__seed691201__it0000259,CB1_CAUR_S_CF3_RI2_TI2_R12_C02,ts_aed191757f7f3f70dee3,2,S,CF3,80-100%,LOCAL_PERTURBATION,related_replace_50,related,False,0,1,1,False,111111.11111111111,,numeric_robust_z:critical_overlap_fraction,numeric_robust_z:critical_overlap_fraction
CB1_CAUR_S_CF3_RI2_TI2_R12_C02__seed691201__it0000290,CB1_CAUR_S_CF3_RI2_TI2_R12_C02,ts_5623a2704c743bf7c9dc,2,S,CF3,80-100%,MATCHED_RANDOM,matched_random_1,random,False,0,1,1,False,111111.11111111111,,numeric_robust_z:critical_overlap_fraction,numeric_robust_z:critical_overlap_fraction
CB1_CAUR_S_CF3_RI2_TI2_R12_C02__seed691201__it0000290,CB1_CAUR_S_CF3_RI2_TI2_R12_C02,ts_61e09802e527f4d0a840,2,S,CF3,80-100%,ORIGINAL_OPERATOR,operator_critical,critical,False,0,1,1,False,222222.22222222222,,numeric_robust_z:critical_overlap_fraction,numeric_robust_z:critical_overlap_fraction
CB1_CAUR_S_CF3_RI2_TI2_R12_C02__seed691201__it0000290,CB1_CAUR_S_CF3_RI2_TI2_R12_C02,ts_69a7910129539089536f,2,S,CF3,80-100%,ORIGINAL_OPERATOR,operator_related,related,False,0,3,3,True,1000000.0,,numeric_robust_z:origin_rule_count+numeric_robust_z:origin_family_count+numeric_robust_z:is_fallback,numeric_robust_z:origin_rule_count+numeric_robust_z:origin_family_count+numeric_robust_z:is_fallback
CB1_CAUR_S_CF3_RI2_TI2_R12_C02__seed691201__it0000290,CB1_CAUR_S_CF3_RI2_TI2_R12_C02,ts_c2fbc6a348d0e1c66583,2,S,CF3,80-100%,MATCHED_RANDOM,matched_random_2,random,False,0,1,1,False,111111.11111111111,,numeric_robust_z:critical_overlap_fraction,numeric_robust_z:critical_overlap_fraction
CB1_CAUR_S_CF3_RI2_TI2_R12_C02__seed691201__it0000290,CB1_CAUR_S_CF3_RI2_TI2_R12_C02,ts_c9543cc9ca916aef83a3,2,S,CF3,80-100%,ORIGINAL_OPERATOR,operator_random,random,False,0,1,1,False,111111.11111111111,,numeric_robust_z:critical_overlap_fraction,numeric_robust_z:critical_overlap_fraction
CB1_CAUR_S_CF3_RI2_TI2_R12_C02__seed691201__it0000290,CB1_CAUR_S_CF3_RI2_TI2_R12_C02,ts_d37995db5eb2f7a2476e,2,S,CF3,80-100%,STRUCTURED_NEAR_NEIGHBOR,near_low_slack,related,False,0,1,1,False,222222.22222222222,,numeric_robust_z:critical_overlap_fraction,numeric_robust_z:critical_overlap_fraction
CB1_CAUR_S_CF3_RI2_TI2_R12_C02__seed691201__it0000290,CB1_CAUR_S_CF3_RI2_TI2_R12_C02,ts_f50abf65e07a9ea395af,2,S,CF3,80-100%,RELATED_VARIANT,related_variant_2,related,False,0,1,1,False,111111.11111111111,,numeric_robust_z:critical_overlap_fraction,numeric_robust_z:critical_overlap_fraction
CB1_CAUR_S_CF3_RI2_TI2_R12_C02__seed691201__it0000290,CB1_CAUR_S_CF3_RI2_TI2_R12_C02,ts_fd7ba296880628b15c0e,2,S,CF3,80-100%,LOCAL_PERTURBATION,related_replace_50,related,False,0,1,1,False,111111.11111111111,,numeric_robust_z:critical_overlap_fraction,numeric_robust_z:critical_overlap_fraction
CB1_CAUR_S_CF3_RI2_TI2_R12_C02__seed691202__it0000015,CB1_CAUR_S_CF3_RI2_TI2_R12_C02,ts_741017a263005d82513b,2,S,CF3,0-20%,STRUCTURED_NEAR_NEIGHBOR,near_low_slack,related,False,0,1,1,False,111111.11111111111,,numeric_robust_z:critical_overlap_fraction,numeric_robust_z:critical_overlap_fraction
CB1_CAUR_S_CF3_RI2_TI2_R12_C02__seed691202__it0000015,CB1_CAUR_S_CF3_RI2_TI2_R12_C02,ts_76f06c0fdd0908300024,2,S,CF3,0-20%,ORIGINAL_OPERATOR,operator_related,related,False,0,1,1,False,1000000.0,,numeric_robust_z:is_fallback,numeric_robust_z:is_fallback
CB1_CAUR_S_CF3_RI2_TI2_R12_C02__seed691202__it0000015,CB1_CAUR_S_CF3_RI2_TI2_R12_C02,ts_ca99c661653e127e2007,2,S,CF3,0-20%,ORIGINAL_OPERATOR,operator_critical,critical,False,0,1,1,False,111111.11111111111,,numeric_robust_z:critical_overlap_fraction,numeric_robust_z:critical_overlap_fraction
CB1_CAUR_S_CF3_RI2_TI2_R12_C02__seed691202__it0000015,CB1_CAUR_S_CF3_RI2_TI2_R12_C02,ts_e7b98cce9835231ab8a8,2,S,CF3,0-20%,RELATED_VARIANT,related_variant_1,related,False,0,1,1,False,1000000.0,,numeric_robust_z:origin_rule_count,numeric_robust_z:origin_rule_count
CB1_CAUR_S_CF3_RI2_TI2_R12_C02__seed691202__it0000055,CB1_CAUR_S_CF3_RI2_TI2_R12_C02,ts_30b285fd82dfa6bb9ac5,2,S,CF3,0-20%,STRUCTURED_NEAR_NEIGHBOR,near_low_slack,related,False,0,2,2,True,222222.22222222222,,numeric_robust_z:critical_overlap_fraction+numeric_robust_z:bottleneck_overlap_fraction,numeric_robust_z:critical_overlap_fraction+numeric_robust_z:bottleneck_overlap_fraction
CB1_CAUR_S_CF3_RI2_TI2_R12_C02__seed691202__it0000055,CB1_CAUR_S_CF3_RI2_TI2_R12_C02,ts_4557ebb6b2152c0fe712,2,S,CF3,0-20%,LOCAL_PERTURBATION,two_operation_swap,related,False,0,1,1,False,9.0,,numeric_robust_z:bottleneck_overlap_fraction,numeric_robust_z:bottleneck_overlap_fraction
CB1_CAUR_S_CF3_RI2_TI2_R12_C02__seed691202__it0000055,CB1_CAUR_S_CF3_RI2_TI2_R12_C02,ts_6951597d7e7ce3dd1e0b,2,S,CF3,0-20%,ORIGINAL_OPERATOR,operator_w_bottleneck,w_bottleneck,False,0,1,1,False,111111.11111111111,,numeric_robust_z:critical_overlap_fraction,numeric_robust_z:critical_overlap_fraction
CB1_CAUR_S_CF3_RI2_TI2_R12_C02__seed691202__it0000055,CB1_CAUR_S_CF3_RI2_TI2_R12_C02,ts_8741ea7e43981140c695,2,S,CF3,0-20%,RELATED_VARIANT,related_variant_3,related,False,0,1,1,False,1000000.0,,numeric_robust_z:origin_rule_count,numeric_robust_z:origin_rule_count
CB1_CAUR_S_CF3_RI2_TI2_R12_C02__seed691202__it0000055,CB1_CAUR_S_CF3_RI2_TI2_R12_C02,ts_8ba25bae2c3a77432b6e,2,S,CF3,0-20%,ORIGINAL_OPERATOR,operator_related,related,False,0,2,2,True,1000000.0,,numeric_robust_z:bottleneck_overlap_fraction+numeric_robust_z:is_fallback,numeric_robust_z:bottleneck_overlap_fraction+numeric_robust_z:is_fallback
CB1_CAUR_S_CF3_RI2_TI2_R12_C02__seed691202__it0000055,CB1_CAUR_S_CF3_RI2_TI2_R12_C02,ts_8c8b67455fee929a3462,2,S,CF3,0-20%,LOCAL_PERTURBATION,related_replace_25,related,False,0,1,1,False,9.0,,numeric_robust_z:bottleneck_overlap_fraction,numeric_robust_z:bottleneck_overlap_fraction
CB1_CAUR_S_CF3_RI2_TI2_R12_C02__seed691202__it0000055,CB1_CAUR_S_CF3_RI2_TI2_R12_C02,ts_9f1ca7cb4903f74d76e1,2,S,CF3,0-20%,STRUCTURED_NEAR_NEIGHBOR,near_high_W_delay,related,False,0,1,1,False,9.0,,numeric_robust_z:bottleneck_overlap_fraction,numeric_robust_z:bottleneck_overlap_fraction
CB1_CAUR_S_CF3_RI2_TI2_R12_C02__seed691202__it0000055,CB1_CAUR_S_CF3_RI2_TI2_R12_C02,ts_af01b056895c8dd76d5b,2,S,CF3,0-20%,MATCHED_RANDOM,matched_random_3,random,False,0,1,1,False,111111.11111111111,,numeric_robust_z:critical_overlap_fraction,numeric_robust_z:critical_overlap_fraction
CB1_CAUR_S_CF3_RI2_TI2_R12_C02__seed691202__it0000055,CB1_CAUR_S_CF3_RI2_TI2_R12_C02,ts_d143648ebed83278f710,2,S,CF3,0-20%,RELATED_VARIANT,related_variant_2,related,False,0,1,1,False,222222.22222222222,,numeric_robust_z:critical_overlap_fraction,numeric_robust_z:critical_overlap_fraction
CB1_CAUR_S_CF3_RI2_TI2_R12_C02__seed691202__it0000055,CB1_CAUR_S_CF3_RI2_TI2_R12_C02,ts_d182a3cd8ad4070741f0,2,S,CF3,0-20%,ORIGINAL_OPERATOR,operator_f_bottleneck,f_bottleneck,False,0,1,1,False,111111.11111111111,,numeric_robust_z:critical_overlap_fraction,numeric_robust_z:critical_overlap_fraction
CB1_CAUR_S_CF3_RI2_TI2_R12_C02__seed691202__it0000055,CB1_CAUR_S_CF3_RI2_TI2_R12_C02,ts_e45b92e40bb4c208daf7,2,S,CF3,0-20%,ORIGINAL_OPERATOR,operator_critical,critical,False,0,2,2,True,222222.22222222222,,numeric_robust_z:critical_overlap_fraction+numeric_robust_z:bottleneck_overlap_fraction,numeric_robust_z:critical_overlap_fraction+numeric_robust_z:bottleneck_overlap_fraction
CB1_CAUR_S_CF3_RI2_TI2_R12_C02__seed691202__it0000097,CB1_CAUR_S_CF3_RI2_TI2_R12_C02,ts_172f852f67e0ebcf5462,2,S,CF3,20-40%,ORIGINAL_OPERATOR,operator_related,related,False,0,1,1,False,1000000.0,,numeric_robust_z:is_fallback,numeric_robust_z:is_fallback
CB1_CAUR_S_CF3_RI2_TI2_R12_C02__seed691202__it0000097,CB1_CAUR_S_CF3_RI2_TI2_R12_C02,ts_5a01f13f43a955b88b23,2,S,CF3,20-40%,RELATED_VARIANT,related_variant_2,related,False,0,1,1,False,111111.11111111111,,numeric_robust_z:critical_overlap_fraction,numeric_robust_z:critical_overlap_fraction
CB1_CAUR_S_CF3_RI2_TI2_R12_C02__seed691202__it0000097,CB1_CAUR_S_CF3_RI2_TI2_R12_C02,ts_7a362b33cbdb5220d613,2,S,CF3,20-40%,STRUCTURED_NEAR_NEIGHBOR,near_low_slack,related,False,0,1,1,False,111111.11111111111,,numeric_robust_z:critical_overlap_fraction,numeric_robust_z:critical_overlap_fraction
CB1_CAUR_S_CF3_RI2_TI2_R12_C02__seed691202__it0000097,CB1_CAUR_S_CF3_RI2_TI2_R12_C02,ts_a3c40fc8cfc330074e43,2,S,CF3,20-40%,ORIGINAL_OPERATOR,operator_critical,critical,False,0,1,1,False,111111.11111111111,,numeric_robust_z:critical_overlap_fraction,numeric_robust_z:critical_overlap_fraction
CB1_CAUR_S_CF3_RI2_TI2_R12_C02__seed691202__it0000097,CB1_CAUR_S_CF3_RI2_TI2_R12_C02,ts_dd2d02fd2a474ee220c8,2,S,CF3,20-40%,MATCHED_RANDOM,matched_random_1,random,False,0,1,1,False,111111.11111111111,,numeric_robust_z:critical_overlap_fraction,numeric_robust_z:critical_overlap_fraction
CB1_CAUR_S_CF3_RI2_TI2_R12_C02__seed691202__it0000097,CB1_CAUR_S_CF3_RI2_TI2_R12_C02,ts_e0c99a0eccca8acf6598,2,S,CF3,20-40%,RELATED_VARIANT,related_variant_3,related,False,0,1,1,False,111111.11111111111,,numeric_robust_z:critical_overlap_fraction,numeric_robust_z:critical_overlap_fraction
CB1_CAUR_S_CF3_RI2_TI2_R12_C02__seed691202__it0000137,CB1_CAUR_S_CF3_RI2_TI2_R12_C02,ts_29a7760e1d52a9943e90,2,S,CF3,40-60%,RELATED_VARIANT,related_variant_1,related,False,0,1,1,False,111111.11111111111,,numeric_robust_z:critical_overlap_fraction,numeric_robust_z:critical_overlap_fraction
CB1_CAUR_S_CF3_RI2_TI2_R12_C02__seed691202__it0000137,CB1_CAUR_S_CF3_RI2_TI2_R12_C02,ts_42d68130152cf14f55b2,2,S,CF3,40-60%,ORIGINAL_OPERATOR,operator_related,related,False,0,1,1,False,1000000.0,,numeric_robust_z:is_fallback,numeric_robust_z:is_fallback
CB1_CAUR_S_CF3_RI2_TI2_R12_C02__seed691202__it0000137,CB1_CAUR_S_CF3_RI2_TI2_R12_C02,ts_78f54a2c2a16ff2f541e,2,S,CF3,40-60%,ORIGINAL_OPERATOR,operator_critical,critical,False,0,1,1,False,111111.11111111111,,numeric_robust_z:critical_overlap_fraction,numeric_robust_z:critical_overlap_fraction
CB1_CAUR_S_CF3_RI2_TI2_R12_C02__seed691202__it0000137,CB1_CAUR_S_CF3_RI2_TI2_R12_C02,ts_b698e69b453a064c6567,2,S,CF3,40-60%,LOCAL_PERTURBATION,two_operation_swap,related,False,0,1,1,False,111111.11111111111,,numeric_robust_z:critical_overlap_fraction,numeric_robust_z:critical_overlap_fraction
CB1_CAUR_S_CF3_RI2_TI2_R12_C02__seed691202__it0000137,CB1_CAUR_S_CF3_RI2_TI2_R12_C02,ts_cfe7136cd555e279faab,2,S,CF3,40-60%,STRUCTURED_NEAR_NEIGHBOR,near_low_slack,related,False,0,1,1,False,111111.11111111111,,numeric_robust_z:critical_overlap_fraction,numeric_robust_z:critical_overlap_fraction
CB1_CAUR_S_CF3_RI2_TI2_R12_C02__seed691202__it0000177,CB1_CAUR_S_CF3_RI2_TI2_R12_C02,ts_03cace44536d016219c5,2,S,CF3,40-60%,ORIGINAL_OPERATOR,operator_w_bottleneck,w_bottleneck,False,0,1,1,False,111111.11111111111,,numeric_robust_z:critical_overlap_fraction,numeric_robust_z:critical_overlap_fraction
CB1_CAUR_S_CF3_RI2_TI2_R12_C02__seed691202__it0000177,CB1_CAUR_S_CF3_RI2_TI2_R12_C02,ts_0dae2d9f34f30127ca94,2,S,CF3,40-60%,ORIGINAL_OPERATOR,operator_related,related,False,0,1,1,False,1000000.0,,numeric_robust_z:is_fallback,numeric_robust_z:is_fallback
CB1_CAUR_S_CF3_RI2_TI2_R12_C02__seed691202__it0000177,CB1_CAUR_S_CF3_RI2_TI2_R12_C02,ts_5c8b25bf8881907e5143,2,S,CF3,40-60%,RELATED_VARIANT,related_variant_2,related,False,0,1,1,False,1000000.0,,numeric_robust_z:origin_rule_count,numeric_robust_z:origin_rule_count
CB1_CAUR_S_CF3_RI2_TI2_R12_C02__seed691202__it0000177,CB1_CAUR_S_CF3_RI2_TI2_R12_C02,ts_b3fe508c4a9e3d36b0b9,2,S,CF3,40-60%,ORIGINAL_OPERATOR,operator_random,random,False,0,1,1,False,111111.11111111111,,numeric_robust_z:critical_overlap_fraction,numeric_robust_z:critical_overlap_fraction
CB1_CAUR_S_CF3_RI2_TI2_R12_C02__seed691202__it0000177,CB1_CAUR_S_CF3_RI2_TI2_R12_C02,ts_bf78224a80e01aaa17b1,2,S,CF3,40-60%,STRUCTURED_NEAR_NEIGHBOR,near_low_slack,related,False,0,1,1,False,111111.11111111111,,numeric_robust_z:critical_overlap_fraction,numeric_robust_z:critical_overlap_fraction
CB1_CAUR_S_CF3_RI2_TI2_R12_C02__seed691202__it0000177,CB1_CAUR_S_CF3_RI2_TI2_R12_C02,ts_d3e5a2d7469722cf76c4,2,S,CF3,40-60%,ORIGINAL_OPERATOR,operator_critical,critical,False,0,1,1,False,111111.11111111111,,numeric_robust_z:critical_overlap_fraction,numeric_robust_z:critical_overlap_fraction
CB1_CAUR_S_CF3_RI2_TI2_R12_C02__seed691202__it0000177,CB1_CAUR_S_CF3_RI2_TI2_R12_C02,ts_e0b01746645da6420d6e,2,S,CF3,40-60%,ORIGINAL_OPERATOR,operator_overloaded_island,overloaded_island,False,0,1,1,False,111111.11111111111,,numeric_robust_z:critical_overlap_fraction,numeric_robust_z:critical_overlap_fraction
CB1_CAUR_S_CF3_RI2_TI2_R12_C02__seed691202__it0000219,CB1_CAUR_S_CF3_RI2_TI2_R12_C02,ts_0ae3e7bd04b24a8f7c9f,2,S,CF3,60-80%,ORIGINAL_OPERATOR,operator_related,related,False,0,4,4,True,2000000.0,,numeric_robust_z:origin_rule_count+numeric_robust_z:origin_family_count+numeric_robust_z:critical_overlap_fraction+numeric_robust_z:is_fallback,numeric_robust_z:origin_rule_count+numeric_robust_z:origin_family_count+numeric_robust_z:critical_overlap_fraction+numeric_robust_z:is_fallback
CB1_CAUR_S_CF3_RI2_TI2_R12_C02__seed691202__it0000219,CB1_CAUR_S_CF3_RI2_TI2_R12_C02,ts_415ec40de7604f5c4239,2,S,CF3,60-80%,STRUCTURED_NEAR_NEIGHBOR,near_low_slack,related,False,0,1,1,False,111111.11111111111,,numeric_robust_z:critical_overlap_fraction,numeric_robust_z:critical_overlap_fraction
CB1_CAUR_S_CF3_RI2_TI2_R12_C02__seed691202__it0000219,CB1_CAUR_S_CF3_RI2_TI2_R12_C02,ts_43b8711093c0c9697bae,2,S,CF3,60-80%,MATCHED_RANDOM,matched_random_2,random,False,0,1,1,False,111111.11111111111,,numeric_robust_z:critical_overlap_fraction,numeric_robust_z:critical_overlap_fraction
CB1_CAUR_S_CF3_RI2_TI2_R12_C02__seed691202__it0000219,CB1_CAUR_S_CF3_RI2_TI2_R12_C02,ts_4e40cad20176fc19924f,2,S,CF3,60-80%,ORIGINAL_OPERATOR,operator_critical,critical,False,0,1,1,False,111111.11111111111,,numeric_robust_z:critical_overlap_fraction,numeric_robust_z:critical_overlap_fraction
CB1_CAUR_S_CF3_RI2_TI2_R12_C02__seed691202__it0000219,CB1_CAUR_S_CF3_RI2_TI2_R12_C02,ts_513f3c41c120fb1f3fd4,2,S,CF3,60-80%,LOCAL_PERTURBATION,related_replace_25,related,False,0,1,1,False,111111.11111111111,,numeric_robust_z:critical_overlap_fraction,numeric_robust_z:critical_overlap_fraction
CB1_CAUR_S_CF3_RI2_TI2_R12_C02__seed691202__it0000219,CB1_CAUR_S_CF3_RI2_TI2_R12_C02,ts_5f1495bf3f8de1acb5b3,2,S,CF3,60-80%,MATCHED_RANDOM,matched_random_1,random,False,0,1,1,False,111111.11111111111,,numeric_robust_z:critical_overlap_fraction,numeric_robust_z:critical_overlap_fraction
CB1_CAUR_S_CF3_RI2_TI2_R12_C02__seed691202__it0000219,CB1_CAUR_S_CF3_RI2_TI2_R12_C02,ts_a144d21f0f6aecf013b9,2,S,CF3,60-80%,LOCAL_PERTURBATION,one_operation_swap,related,False,0,1,1,False,111111.11111111111,,numeric_robust_z:critical_overlap_fraction,numeric_robust_z:critical_overlap_fraction
CB1_CAUR_S_CF3_RI2_TI2_R12_C02__seed691202__it0000219,CB1_CAUR_S_CF3_RI2_TI2_R12_C02,ts_bb718ba4b13bf3a7ca7f,2,S,CF3,60-80%,RELATED_VARIANT,related_variant_4,related,False,0,1,1,False,111111.11111111111,,numeric_robust_z:critical_overlap_fraction,numeric_robust_z:critical_overlap_fraction
CB1_CAUR_S_CF3_RI2_TI2_R12_C02__seed691202__it0000259,CB1_CAUR_S_CF3_RI2_TI2_R12_C02,ts_38763e1b6ef516a7a914,2,S,CF3,80-100%,ORIGINAL_OPERATOR,operator_f_bottleneck,f_bottleneck,True,0,1,1,False,111111.11111111111,,numeric_robust_z:critical_overlap_fraction,numeric_robust_z:critical_overlap_fraction
CB1_CAUR_S_CF3_RI2_TI2_R12_C02__seed691202__it0000259,CB1_CAUR_S_CF3_RI2_TI2_R12_C02,ts_3f4cd99b016e1093b9b9,2,S,CF3,80-100%,RELATED_VARIANT,related_variant_3,related,False,0,1,1,False,1000000.0,,numeric_robust_z:origin_rule_count,numeric_robust_z:origin_rule_count
CB1_CAUR_S_CF3_RI2_TI2_R12_C02__seed691202__it0000259,CB1_CAUR_S_CF3_RI2_TI2_R12_C02,ts_bc56d218ee3d45cb83da,2,S,CF3,80-100%,STRUCTURED_NEAR_NEIGHBOR,near_low_slack,related,False,0,1,1,False,111111.11111111111,,numeric_robust_z:critical_overlap_fraction,numeric_robust_z:critical_overlap_fraction
CB1_CAUR_S_CF3_RI2_TI2_R12_C02__seed691202__it0000259,CB1_CAUR_S_CF3_RI2_TI2_R12_C02,ts_c9f4888be296f0ebbf8d,2,S,CF3,80-100%,ORIGINAL_OPERATOR,operator_w_bottleneck,w_bottleneck,False,0,1,1,False,111111.11111111111,,numeric_robust_z:critical_overlap_fraction,numeric_robust_z:critical_overlap_fraction
CB1_CAUR_S_CF3_RI2_TI2_R12_C02__seed691202__it0000259,CB1_CAUR_S_CF3_RI2_TI2_R12_C02,ts_cf701b2cc2067d95d9b4,2,S,CF3,80-100%,ORIGINAL_OPERATOR,operator_high_reconfiguration,high_reconfiguration,False,0,1,1,False,111111.11111111111,,numeric_robust_z:critical_overlap_fraction,numeric_robust_z:critical_overlap_fraction
CB1_CAUR_S_CF3_RI2_TI2_R12_C02__seed691202__it0000259,CB1_CAUR_S_CF3_RI2_TI2_R12_C02,ts_e03890b6fc92d55acad5,2,S,CF3,80-100%,ORIGINAL_OPERATOR,operator_critical,critical,False,0,1,1,False,111111.11111111111,,numeric_robust_z:critical_overlap_fraction,numeric_robust_z:critical_overlap_fraction
CB1_CAUR_S_CF3_RI2_TI2_R12_C02__seed691202__it0000259,CB1_CAUR_S_CF3_RI2_TI2_R12_C02,ts_ee6641edaae5529aefcd,2,S,CF3,80-100%,ORIGINAL_OPERATOR,operator_related,related,False,0,1,1,False,1000000.0,,numeric_robust_z:is_fallback,numeric_robust_z:is_fallback
CB1_CAUR_S_CF3_RI2_TI2_R12_C02__seed691202__it0000289,CB1_CAUR_S_CF3_RI2_TI2_R12_C02,ts_0f2f68edc139ea016c6c,2,S,CF3,80-100%,ORIGINAL_OPERATOR,operator_critical,critical,False,0,1,1,False,111111.11111111111,,numeric_robust_z:critical_overlap_fraction,numeric_robust_z:critical_overlap_fraction
CB1_CAUR_S_CF3_RI2_TI2_R12_C02__seed691202__it0000289,CB1_CAUR_S_CF3_RI2_TI2_R12_C02,ts_206bb297a7c845dd7b81,2,S,CF3,80-100%,ORIGINAL_OPERATOR,operator_related,related,False,0,3,3,True,1000000.0,,numeric_robust_z:origin_rule_count+numeric_robust_z:origin_family_count+numeric_robust_z:is_fallback,numeric_robust_z:origin_rule_count+numeric_robust_z:origin_family_count+numeric_robust_z:is_fallback
CB1_CAUR_S_CF3_RI2_TI2_R12_C02__seed691202__it0000289,CB1_CAUR_S_CF3_RI2_TI2_R12_C02,ts_8e219d1abfff3ae93ca4,2,S,CF3,80-100%,STRUCTURED_NEAR_NEIGHBOR,near_low_slack,related,False,0,1,1,False,111111.11111111111,,numeric_robust_z:critical_overlap_fraction,numeric_robust_z:critical_overlap_fraction
CB1_CAUR_S_CF3_RI2_TI2_R12_C02__seed691202__it0000289,CB1_CAUR_S_CF3_RI2_TI2_R12_C02,ts_af22230f0b95c2d8ede0,2,S,CF3,80-100%,ORIGINAL_OPERATOR,operator_w_bottleneck,w_bottleneck,False,0,1,1,False,111111.11111111111,,numeric_robust_z:critical_overlap_fraction,numeric_robust_z:critical_overlap_fraction
CB1_CAUR_S_CF3_RI2_TI2_R12__seed691201__it0000014,CB1_CAUR_S_CF3_RI2_TI2_R12,ts_04621e6bf677fcf9327c,2,S,CF3,0-20%,ORIGINAL_OPERATOR,operator_critical,critical,False,0,1,1,False,111111.11111111111,,numeric_robust_z:critical_overlap_fraction,numeric_robust_z:critical_overlap_fraction
CB1_CAUR_S_CF3_RI2_TI2_R12__seed691201__it0000014,CB1_CAUR_S_CF3_RI2_TI2_R12,ts_04e615caa5fc33477edc,2,S,CF3,0-20%,ORIGINAL_OPERATOR,operator_high_reconfiguration,high_reconfiguration,False,0,1,1,False,111111.11111111111,,numeric_robust_z:critical_overlap_fraction,numeric_robust_z:critical_overlap_fraction
CB1_CAUR_S_CF3_RI2_TI2_R12__seed691201__it0000014,CB1_CAUR_S_CF3_RI2_TI2_R12,ts_08e5a5982955fa7e1717,2,S,CF3,0-20%,ORIGINAL_OPERATOR,operator_f_bottleneck,f_bottleneck,False,0,1,1,False,111111.11111111111,,numeric_robust_z:critical_overlap_fraction,numeric_robust_z:critical_overlap_fraction
CB1_CAUR_S_CF3_RI2_TI2_R12__seed691201__it0000014,CB1_CAUR_S_CF3_RI2_TI2_R12,ts_631b24a002ccfffbcb35,2,S,CF3,0-20%,ORIGINAL_OPERATOR,operator_related,related,True,0,1,1,False,1000000.0,,numeric_robust_z:is_fallback,numeric_robust_z:is_fallback
CB1_CAUR_S_CF3_RI2_TI2_R12__seed691201__it0000014,CB1_CAUR_S_CF3_RI2_TI2_R12,ts_c3656b4002b5d1fc05c2,2,S,CF3,0-20%,RELATED_VARIANT,related_variant_2,related,False,0,1,1,False,111111.11111111111,,numeric_robust_z:critical_overlap_fraction,numeric_robust_z:critical_overlap_fraction
CB1_CAUR_S_CF3_RI2_TI2_R12__seed691201__it0000014,CB1_CAUR_S_CF3_RI2_TI2_R12,ts_e04a25fd67599849bd9d,2,S,CF3,0-20%,STRUCTURED_NEAR_NEIGHBOR,near_low_slack,related,False,0,1,1,False,111111.11111111111,,numeric_robust_z:critical_overlap_fraction,numeric_robust_z:critical_overlap_fraction
CB1_CAUR_S_CF3_RI2_TI2_R12__seed691201__it0000054,CB1_CAUR_S_CF3_RI2_TI2_R12,ts_0fc17c560f0714c9a15f,2,S,CF3,0-20%,ORIGINAL_OPERATOR,operator_critical,critical,False,0,1,1,False,111111.11111111111,,numeric_robust_z:critical_overlap_fraction,numeric_robust_z:critical_overlap_fraction
CB1_CAUR_S_CF3_RI2_TI2_R12__seed691201__it0000054,CB1_CAUR_S_CF3_RI2_TI2_R12,ts_3808d5e9de4466ed050c,2,S,CF3,0-20%,RELATED_VARIANT,related_variant_2,related,False,0,1,1,False,1000000.0,,numeric_robust_z:origin_rule_count,numeric_robust_z:origin_rule_count
CB1_CAUR_S_CF3_RI2_TI2_R12__seed691201__it0000054,CB1_CAUR_S_CF3_RI2_TI2_R12,ts_4fc008b57d44080ff0d6,2,S,CF3,0-20%,STRUCTURED_NEAR_NEIGHBOR,near_low_slack,related,False,0,1,1,False,111111.11111111111,,numeric_robust_z:critical_overlap_fraction,numeric_robust_z:critical_overlap_fraction
CB1_CAUR_S_CF3_RI2_TI2_R12__seed691201__it0000054,CB1_CAUR_S_CF3_RI2_TI2_R12,ts_8ae5d9809f17ec068b07,2,S,CF3,0-20%,ORIGINAL_OPERATOR,operator_related,related,False,0,1,1,False,1000000.0,,numeric_robust_z:is_fallback,numeric_robust_z:is_fallback
CB1_CAUR_S_CF3_RI2_TI2_R12__seed691201__it0000054,CB1_CAUR_S_CF3_RI2_TI2_R12,ts_d7b1373bfa2c225d9120,2,S,CF3,0-20%,ORIGINAL_OPERATOR,operator_high_reconfiguration,high_reconfiguration,False,0,1,1,False,111111.11111111111,,numeric_robust_z:critical_overlap_fraction,numeric_robust_z:critical_overlap_fraction
CB1_CAUR_S_CF3_RI2_TI2_R12__seed691201__it0000096,CB1_CAUR_S_CF3_RI2_TI2_R12,ts_4217bedda31c58a6149b,2,S,CF3,20-40%,ORIGINAL_OPERATOR,operator_related,related,False,0,3,3,True,1000000.0,,numeric_robust_z:origin_rule_count+numeric_robust_z:origin_family_count+numeric_robust_z:is_fallback,numeric_robust_z:origin_rule_count+numeric_robust_z:origin_family_count+numeric_robust_z:is_fallback
CB1_CAUR_S_CF3_RI2_TI2_R12__seed691201__it0000096,CB1_CAUR_S_CF3_RI2_TI2_R12,ts_534392676b7bab3fff2f,2,S,CF3,20-40%,STRUCTURED_NEAR_NEIGHBOR,near_low_slack,related,False,0,2,2,True,222222.22222222222,,numeric_robust_z:critical_overlap_fraction+numeric_robust_z:bottleneck_overlap_fraction,numeric_robust_z:critical_overlap_fraction+numeric_robust_z:bottleneck_overlap_fraction
CB1_CAUR_S_CF3_RI2_TI2_R12__seed691201__it0000096,CB1_CAUR_S_CF3_RI2_TI2_R12,ts_668b91313ce8fc0a0daf,2,S,CF3,20-40%,ORIGINAL_OPERATOR,operator_critical,critical,False,0,2,2,True,222222.22222222222,,numeric_robust_z:critical_overlap_fraction+numeric_robust_z:bottleneck_overlap_fraction,numeric_robust_z:critical_overlap_fraction+numeric_robust_z:bottleneck_overlap_fraction
CB1_CAUR_S_CF3_RI2_TI2_R12__seed691201__it0000096,CB1_CAUR_S_CF3_RI2_TI2_R12,ts_6fa2b67e7a7667806fa1,2,S,CF3,20-40%,MATCHED_RANDOM,matched_random_1,random,False,0,1,1,False,9.0,,numeric_robust_z:bottleneck_overlap_fraction,numeric_robust_z:bottleneck_overlap_fraction
CB1_CAUR_S_CF3_RI2_TI2_R12__seed691201__it0000096,CB1_CAUR_S_CF3_RI2_TI2_R12,ts_e72175ae82710062b7d6,2,S,CF3,20-40%,RELATED_VARIANT,related_variant_2,related,False,0,1,1,False,1000000.0,,numeric_robust_z:origin_rule_count,numeric_robust_z:origin_rule_count
CB1_CAUR_S_CF3_RI2_TI2_R12__seed691201__it0000136,CB1_CAUR_S_CF3_RI2_TI2_R12,ts_2016a84bc537445f3250,2,S,CF3,40-60%,ORIGINAL_OPERATOR,operator_high_reconfiguration,high_reconfiguration,False,0,1,1,False,111111.11111111111,,numeric_robust_z:critical_overlap_fraction,numeric_robust_z:critical_overlap_fraction
CB1_CAUR_S_CF3_RI2_TI2_R12__seed691201__it0000136,CB1_CAUR_S_CF3_RI2_TI2_R12,ts_3629eff94439cf31e38a,2,S,CF3,40-60%,MATCHED_RANDOM,matched_random_2,random,False,0,1,1,False,111111.11111111111,,numeric_robust_z:critical_overlap_fraction,numeric_robust_z:critical_overlap_fraction
CB1_CAUR_S_CF3_RI2_TI2_R12__seed691201__it0000136,CB1_CAUR_S_CF3_RI2_TI2_R12,ts_39afb976bdb00460c2d2,2,S,CF3,40-60%,STRUCTURED_NEAR_NEIGHBOR,near_low_slack,related,False,0,1,1,False,111111.11111111111,,numeric_robust_z:critical_overlap_fraction,numeric_robust_z:critical_overlap_fraction
CB1_CAUR_S_CF3_RI2_TI2_R12__seed691201__it0000136,CB1_CAUR_S_CF3_RI2_TI2_R12,ts_57260a9762d1d1059312,2,S,CF3,40-60%,RELATED_VARIANT,related_variant_2,related,False,0,1,1,False,1000000.0,,numeric_robust_z:origin_rule_count,numeric_robust_z:origin_rule_count
CB1_CAUR_S_CF3_RI2_TI2_R12__seed691201__it0000136,CB1_CAUR_S_CF3_RI2_TI2_R12,ts_896fa932664e087dca3c,2,S,CF3,40-60%,ORIGINAL_OPERATOR,operator_related,related,False,0,1,1,False,1000000.0,,numeric_robust_z:is_fallback,numeric_robust_z:is_fallback
CB1_CAUR_S_CF3_RI2_TI2_R12__seed691201__it0000136,CB1_CAUR_S_CF3_RI2_TI2_R12,ts_b333df3b6a8957673920,2,S,CF3,40-60%,ORIGINAL_OPERATOR,operator_random,random,False,0,1,1,False,111111.11111111111,,numeric_robust_z:critical_overlap_fraction,numeric_robust_z:critical_overlap_fraction
CB1_CAUR_S_CF3_RI2_TI2_R12__seed691201__it0000136,CB1_CAUR_S_CF3_RI2_TI2_R12,ts_bff75c36c55918874ef4,2,S,CF3,40-60%,MATCHED_RANDOM,matched_random_1,random,False,0,1,1,False,111111.11111111111,,numeric_robust_z:critical_overlap_fraction,numeric_robust_z:critical_overlap_fraction
CB1_CAUR_S_CF3_RI2_TI2_R12__seed691201__it0000136,CB1_CAUR_S_CF3_RI2_TI2_R12,ts_c95da9d8c3ca60a1fb1a,2,S,CF3,40-60%,ORIGINAL_OPERATOR,operator_critical,critical,False,0,1,1,False,111111.11111111111,,numeric_robust_z:critical_overlap_fraction,numeric_robust_z:critical_overlap_fraction
CB1_CAUR_S_CF3_RI2_TI2_R12__seed691201__it0000136,CB1_CAUR_S_CF3_RI2_TI2_R12,ts_d4abd9e70963447eab35,2,S,CF3,40-60%,ORIGINAL_OPERATOR,operator_f_bottleneck,f_bottleneck,False,0,1,1,False,111111.11111111111,,numeric_robust_z:critical_overlap_fraction,numeric_robust_z:critical_overlap_fraction
CB1_CAUR_S_CF3_RI2_TI2_R12__seed691201__it0000136,CB1_CAUR_S_CF3_RI2_TI2_R12,ts_f599f933d7a9577fe5b5,2,S,CF3,40-60%,LOCAL_PERTURBATION,two_operation_swap,related,False,0,1,1,False,111111.11111111111,,numeric_robust_z:critical_overlap_fraction,numeric_robust_z:critical_overlap_fraction
CB1_CAUR_S_CF3_RI2_TI2_R12__seed691201__it0000174,CB1_CAUR_S_CF3_RI2_TI2_R12,ts_3c388dedc775ab6075c9,2,S,CF3,40-60%,ORIGINAL_OPERATOR,operator_critical,critical,False,0,1,1,False,111111.11111111111,,numeric_robust_z:critical_overlap_fraction,numeric_robust_z:critical_overlap_fraction
CB1_CAUR_S_CF3_RI2_TI2_R12__seed691201__it0000174,CB1_CAUR_S_CF3_RI2_TI2_R12,ts_57bf9b79721daa9538af,2,S,CF3,40-60%,MATCHED_RANDOM,matched_random_1,random,False,0,1,1,False,111111.11111111111,,numeric_robust_z:critical_overlap_fraction,numeric_robust_z:critical_overlap_fraction
CB1_CAUR_S_CF3_RI2_TI2_R12__seed691201__it0000174,CB1_CAUR_S_CF3_RI2_TI2_R12,ts_710273dcd0889ad60a0b,2,S,CF3,40-60%,RELATED_VARIANT,related_variant_1,related,False,0,1,1,False,1000000.0,,numeric_robust_z:origin_rule_count,numeric_robust_z:origin_rule_count
CB1_CAUR_S_CF3_RI2_TI2_R12__seed691201__it0000174,CB1_CAUR_S_CF3_RI2_TI2_R12,ts_91f6768bc23e2e0bdb70,2,S,CF3,40-60%,ORIGINAL_OPERATOR,operator_related,related,False,0,1,1,False,1000000.0,,numeric_robust_z:is_fallback,numeric_robust_z:is_fallback
CB1_CAUR_S_CF3_RI2_TI2_R12__seed691201__it0000174,CB1_CAUR_S_CF3_RI2_TI2_R12,ts_984271a809b95bab9429,2,S,CF3,40-60%,STRUCTURED_NEAR_NEIGHBOR,near_low_slack,related,False,0,1,1,False,111111.11111111111,,numeric_robust_z:critical_overlap_fraction,numeric_robust_z:critical_overlap_fraction
CB1_CAUR_S_CF3_RI2_TI2_R12__seed691201__it0000216,CB1_CAUR_S_CF3_RI2_TI2_R12,ts_3a09cf07b64d2011b32a,2,S,CF3,60-80%,STRUCTURED_NEAR_NEIGHBOR,near_low_slack,related,False,0,1,1,False,111111.11111111111,,numeric_robust_z:critical_overlap_fraction,numeric_robust_z:critical_overlap_fraction
CB1_CAUR_S_CF3_RI2_TI2_R12__seed691201__it0000216,CB1_CAUR_S_CF3_RI2_TI2_R12,ts_4494a143dc9db0899125,2,S,CF3,60-80%,ORIGINAL_OPERATOR,operator_related,related,False,0,1,1,False,1000000.0,,numeric_robust_z:is_fallback,numeric_robust_z:is_fallback
CB1_CAUR_S_CF3_RI2_TI2_R12__seed691201__it0000216,CB1_CAUR_S_CF3_RI2_TI2_R12,ts_495e0de4ccedfe82f433,2,S,CF3,60-80%,RELATED_VARIANT,related_variant_3,related,False,0,1,1,False,1000000.0,,numeric_robust_z:origin_rule_count,numeric_robust_z:origin_rule_count
CB1_CAUR_S_CF3_RI2_TI2_R12__seed691201__it0000216,CB1_CAUR_S_CF3_RI2_TI2_R12,ts_91e27cd60c7374495750,2,S,CF3,60-80%,ORIGINAL_OPERATOR,operator_critical,critical,False,0,1,1,False,111111.11111111111,,numeric_robust_z:critical_overlap_fraction,numeric_robust_z:critical_overlap_fraction
CB1_CAUR_S_CF3_RI2_TI2_R12__seed691201__it0000253,CB1_CAUR_S_CF3_RI2_TI2_R12,ts_1df9c601be5af0c64fea,2,S,CF3,80-100%,ORIGINAL_OPERATOR,operator_critical,critical,False,0,1,1,False,111111.11111111111,,numeric_robust_z:critical_overlap_fraction,numeric_robust_z:critical_overlap_fraction
CB1_CAUR_S_CF3_RI2_TI2_R12__seed691201__it0000253,CB1_CAUR_S_CF3_RI2_TI2_R12,ts_32fa5f2ac062a774915b,2,S,CF3,80-100%,RELATED_VARIANT,related_variant_4,related,False,0,1,1,False,111111.11111111111,,numeric_robust_z:critical_overlap_fraction,numeric_robust_z:critical_overlap_fraction
CB1_CAUR_S_CF3_RI2_TI2_R12__seed691201__it0000253,CB1_CAUR_S_CF3_RI2_TI2_R12,ts_3dbc8ebbca89cdd71267,2,S,CF3,80-100%,ORIGINAL_OPERATOR,operator_related,related,False,0,1,1,False,1000000.0,,numeric_robust_z:is_fallback,numeric_robust_z:is_fallback
CB1_CAUR_S_CF3_RI2_TI2_R12__seed691201__it0000253,CB1_CAUR_S_CF3_RI2_TI2_R12,ts_515f48a3a96f9458164e,2,S,CF3,80-100%,STRUCTURED_NEAR_NEIGHBOR,near_low_slack,related,False,0,1,1,False,111111.11111111111,,numeric_robust_z:critical_overlap_fraction,numeric_robust_z:critical_overlap_fraction
CB1_CAUR_S_CF3_RI2_TI2_R12__seed691201__it0000284,CB1_CAUR_S_CF3_RI2_TI2_R12,ts_027425fd75dda8f19f96,2,S,CF3,80-100%,ORIGINAL_OPERATOR,operator_critical,critical,False,0,1,1,False,111111.11111111111,,numeric_robust_z:critical_overlap_fraction,numeric_robust_z:critical_overlap_fraction
CB1_CAUR_S_CF3_RI2_TI2_R12__seed691201__it0000284,CB1_CAUR_S_CF3_RI2_TI2_R12,ts_1c9df7f02916db35985a,2,S,CF3,80-100%,ORIGINAL_OPERATOR,operator_high_reconfiguration,high_reconfiguration,False,0,1,1,False,111111.11111111111,,numeric_robust_z:critical_overlap_fraction,numeric_robust_z:critical_overlap_fraction
CB1_CAUR_S_CF3_RI2_TI2_R12__seed691201__it0000284,CB1_CAUR_S_CF3_RI2_TI2_R12,ts_2994bdea8b83fb73441a,2,S,CF3,80-100%,ORIGINAL_OPERATOR,operator_f_bottleneck,f_bottleneck,False,0,1,1,False,111111.11111111111,,numeric_robust_z:critical_overlap_fraction,numeric_robust_z:critical_overlap_fraction
CB1_CAUR_S_CF3_RI2_TI2_R12__seed691201__it0000284,CB1_CAUR_S_CF3_RI2_TI2_R12,ts_32343b944ac2ad85cb99,2,S,CF3,80-100%,LOCAL_PERTURBATION,one_operation_swap,related,True,0,1,1,False,111111.11111111111,,numeric_robust_z:critical_overlap_fraction,numeric_robust_z:critical_overlap_fraction
CB1_CAUR_S_CF3_RI2_TI2_R12__seed691201__it0000284,CB1_CAUR_S_CF3_RI2_TI2_R12,ts_3981c4054cf8712ef6f4,2,S,CF3,80-100%,STRUCTURED_NEAR_NEIGHBOR,near_same_island_chain,related,False,0,1,1,False,111111.11111111111,,numeric_robust_z:critical_overlap_fraction,numeric_robust_z:critical_overlap_fraction
CB1_CAUR_S_CF3_RI2_TI2_R12__seed691201__it0000284,CB1_CAUR_S_CF3_RI2_TI2_R12,ts_50d2cf6c244477f74f50,2,S,CF3,80-100%,RELATED_VARIANT,related_variant_2,related,False,0,1,1,False,1000000.0,,numeric_robust_z:origin_rule_count,numeric_robust_z:origin_rule_count
CB1_CAUR_S_CF3_RI2_TI2_R12__seed691201__it0000284,CB1_CAUR_S_CF3_RI2_TI2_R12,ts_51eb09447a0384cb867a,2,S,CF3,80-100%,RELATED_VARIANT,related_variant_3,related,False,0,1,1,False,111111.11111111111,,numeric_robust_z:critical_overlap_fraction,numeric_robust_z:critical_overlap_fraction
CB1_CAUR_S_CF3_RI2_TI2_R12__seed691201__it0000284,CB1_CAUR_S_CF3_RI2_TI2_R12,ts_c38efa1f85befec8a5ff,2,S,CF3,80-100%,STRUCTURED_NEAR_NEIGHBOR,near_high_W_delay,related,False,0,1,1,False,111111.11111111111,,numeric_robust_z:critical_overlap_fraction,numeric_robust_z:critical_overlap_fraction
CB1_CAUR_S_CF3_RI2_TI2_R12__seed691201__it0000284,CB1_CAUR_S_CF3_RI2_TI2_R12,ts_c43c3323e8b81464692c,2,S,CF3,80-100%,STRUCTURED_NEAR_NEIGHBOR,near_high_F_delay,related,False,0,1,1,False,111111.11111111111,,numeric_robust_z:critical_overlap_fraction,numeric_robust_z:critical_overlap_fraction
CB1_CAUR_S_CF3_RI2_TI2_R12__seed691201__it0000284,CB1_CAUR_S_CF3_RI2_TI2_R12,ts_c674363a3cd5a40e9e11,2,S,CF3,80-100%,ORIGINAL_OPERATOR,operator_w_bottleneck,w_bottleneck,False,0,1,1,False,111111.11111111111,,numeric_robust_z:critical_overlap_fraction,numeric_robust_z:critical_overlap_fraction
CB1_CAUR_S_CF3_RI2_TI2_R12__seed691201__it0000284,CB1_CAUR_S_CF3_RI2_TI2_R12,ts_d82129a62c25a5d58530,2,S,CF3,80-100%,STRUCTURED_NEAR_NEIGHBOR,near_low_slack,related,False,0,1,1,False,111111.11111111111,,numeric_robust_z:critical_overlap_fraction,numeric_robust_z:critical_overlap_fraction
CB1_CAUR_S_CF3_RI2_TI2_R12__seed691201__it0000284,CB1_CAUR_S_CF3_RI2_TI2_R12,ts_e75eb8d41648c6982505,2,S,CF3,80-100%,ORIGINAL_OPERATOR,operator_overloaded_island,overloaded_island,False,0,1,1,False,111111.11111111111,,numeric_robust_z:critical_overlap_fraction,numeric_robust_z:critical_overlap_fraction
CB1_CAUR_S_CF3_RI2_TI2_R12__seed691201__it0000284,CB1_CAUR_S_CF3_RI2_TI2_R12,ts_f9a29efc57fde9568b7f,2,S,CF3,80-100%,ORIGINAL_OPERATOR,operator_related,related,False,0,2,2,True,1000000.0,,numeric_robust_z:critical_overlap_fraction+numeric_robust_z:is_fallback,numeric_robust_z:critical_overlap_fraction+numeric_robust_z:is_fallback
CB1_CAUR_S_CF3_RI2_TI2_R12__seed691202__it0000014,CB1_CAUR_S_CF3_RI2_TI2_R12,ts_1654ff0dcf3569073a3e,2,S,CF3,0-20%,ORIGINAL_OPERATOR,operator_f_bottleneck,f_bottleneck,False,0,1,1,False,111111.11111111111,,numeric_robust_z:critical_overlap_fraction,numeric_robust_z:critical_overlap_fraction
CB1_CAUR_S_CF3_RI2_TI2_R12__seed691202__it0000014,CB1_CAUR_S_CF3_RI2_TI2_R12,ts_22e7d46c4065e50be51e,2,S,CF3,0-20%,LOCAL_PERTURBATION,related_replace_50,related,False,0,1,1,False,111111.11111111111,,numeric_robust_z:critical_overlap_fraction,numeric_robust_z:critical_overlap_fraction
CB1_CAUR_S_CF3_RI2_TI2_R12__seed691202__it0000014,CB1_CAUR_S_CF3_RI2_TI2_R12,ts_262ac989d94ba88aebed,2,S,CF3,0-20%,STRUCTURED_NEAR_NEIGHBOR,near_low_slack,related,False,0,1,1,False,111111.11111111111,,numeric_robust_z:critical_overlap_fraction,numeric_robust_z:critical_overlap_fraction
CB1_CAUR_S_CF3_RI2_TI2_R12__seed691202__it0000014,CB1_CAUR_S_CF3_RI2_TI2_R12,ts_285ba04ca48c018fa09c,2,S,CF3,0-20%,STRUCTURED_NEAR_NEIGHBOR,near_same_product,related,False,0,1,1,False,111111.11111111111,,numeric_robust_z:critical_overlap_fraction,numeric_robust_z:critical_overlap_fraction
CB1_CAUR_S_CF3_RI2_TI2_R12__seed691202__it0000014,CB1_CAUR_S_CF3_RI2_TI2_R12,ts_38ada00838b956f6c802,2,S,CF3,0-20%,MATCHED_RANDOM,matched_random_3,random,False,0,1,1,False,111111.11111111111,,numeric_robust_z:critical_overlap_fraction,numeric_robust_z:critical_overlap_fraction
CB1_CAUR_S_CF3_RI2_TI2_R12__seed691202__it0000014,CB1_CAUR_S_CF3_RI2_TI2_R12,ts_5c6ec0c53b5351cfe493,2,S,CF3,0-20%,LOCAL_PERTURBATION,one_operation_swap,related,False,0,1,1,False,111111.11111111111,,numeric_robust_z:critical_overlap_fraction,numeric_robust_z:critical_overlap_fraction
CB1_CAUR_S_CF3_RI2_TI2_R12__seed691202__it0000014,CB1_CAUR_S_CF3_RI2_TI2_R12,ts_81bc5ac35f8e4a25e7bd,2,S,CF3,0-20%,ORIGINAL_OPERATOR,operator_overloaded_island,overloaded_island,False,0,1,1,False,111111.11111111111,,numeric_robust_z:critical_overlap_fraction,numeric_robust_z:critical_overlap_fraction
CB1_CAUR_S_CF3_RI2_TI2_R12__seed691202__it0000014,CB1_CAUR_S_CF3_RI2_TI2_R12,ts_82902953c3451b83d5c5,2,S,CF3,0-20%,LOCAL_PERTURBATION,related_replace_25,related,False,0,1,1,False,111111.11111111111,,numeric_robust_z:critical_overlap_fraction,numeric_robust_z:critical_overlap_fraction
CB1_CAUR_S_CF3_RI2_TI2_R12__seed691202__it0000014,CB1_CAUR_S_CF3_RI2_TI2_R12,ts_839f21cd469399d2640b,2,S,CF3,0-20%,ORIGINAL_OPERATOR,operator_related,related,False,0,4,4,True,1000000.0,,numeric_robust_z:origin_rule_count+numeric_robust_z:origin_family_count+numeric_robust_z:critical_overlap_fraction+numeric_robust_z:is_fallback,numeric_robust_z:origin_rule_count+numeric_robust_z:origin_family_count+numeric_robust_z:critical_overlap_fraction+numeric_robust_z:is_fallback
CB1_CAUR_S_CF3_RI2_TI2_R12__seed691202__it0000014,CB1_CAUR_S_CF3_RI2_TI2_R12,ts_98ff651dff241616a28b,2,S,CF3,0-20%,STRUCTURED_NEAR_NEIGHBOR,near_high_W_delay,related,False,0,1,1,False,111111.11111111111,,numeric_robust_z:critical_overlap_fraction,numeric_robust_z:critical_overlap_fraction
CB1_CAUR_S_CF3_RI2_TI2_R12__seed691202__it0000014,CB1_CAUR_S_CF3_RI2_TI2_R12,ts_e212c534fd7e3d6c486a,2,S,CF3,0-20%,ORIGINAL_OPERATOR,operator_critical,critical,False,0,1,1,False,111111.11111111111,,numeric_robust_z:critical_overlap_fraction,numeric_robust_z:critical_overlap_fraction
CB1_CAUR_S_CF3_RI2_TI2_R12__seed691202__it0000014,CB1_CAUR_S_CF3_RI2_TI2_R12,ts_efaa7cd373ce1e6ab542,2,S,CF3,0-20%,STRUCTURED_NEAR_NEIGHBOR,near_precedence_neighbor,related,False,0,1,1,False,111111.11111111111,,numeric_robust_z:critical_overlap_fraction,numeric_robust_z:critical_overlap_fraction
CB1_CAUR_S_CF3_RI2_TI2_R12__seed691202__it0000014,CB1_CAUR_S_CF3_RI2_TI2_R12,ts_fb6e4ef623c517ee5952,2,S,CF3,0-20%,STRUCTURED_NEAR_NEIGHBOR,near_same_island_chain,related,False,0,1,1,False,111111.11111111111,,numeric_robust_z:critical_overlap_fraction,numeric_robust_z:critical_overlap_fraction
CB1_CAUR_S_CF3_RI2_TI2_R12__seed691202__it0000054,CB1_CAUR_S_CF3_RI2_TI2_R12,ts_03caf2d0f0299603dac7,2,S,CF3,0-20%,STRUCTURED_NEAR_NEIGHBOR,near_same_island_chain,related,False,0,1,1,False,111111.11111111111,,numeric_robust_z:critical_overlap_fraction,numeric_robust_z:critical_overlap_fraction
CB1_CAUR_S_CF3_RI2_TI2_R12__seed691202__it0000054,CB1_CAUR_S_CF3_RI2_TI2_R12,ts_1994619cdd37188fa1fe,2,S,CF3,0-20%,ORIGINAL_OPERATOR,operator_related,related,False,0,2,2,True,1000000.0,,numeric_robust_z:critical_overlap_fraction+numeric_robust_z:is_fallback,numeric_robust_z:critical_overlap_fraction+numeric_robust_z:is_fallback
CB1_CAUR_S_CF3_RI2_TI2_R12__seed691202__it0000054,CB1_CAUR_S_CF3_RI2_TI2_R12,ts_1b3026a815843974495f,2,S,CF3,0-20%,LOCAL_PERTURBATION,related_replace_25,related,False,0,1,1,False,111111.11111111111,,numeric_robust_z:critical_overlap_fraction,numeric_robust_z:critical_overlap_fraction
CB1_CAUR_S_CF3_RI2_TI2_R12__seed691202__it0000054,CB1_CAUR_S_CF3_RI2_TI2_R12,ts_2488823d10e66d4159c0,2,S,CF3,0-20%,STRUCTURED_NEAR_NEIGHBOR,near_high_W_delay,related,False,0,1,1,False,111111.11111111111,,numeric_robust_z:critical_overlap_fraction,numeric_robust_z:critical_overlap_fraction
CB1_CAUR_S_CF3_RI2_TI2_R12__seed691202__it0000054,CB1_CAUR_S_CF3_RI2_TI2_R12,ts_31294cdcaf7d89956162,2,S,CF3,0-20%,ORIGINAL_OPERATOR,operator_critical,critical,False,0,1,1,False,111111.11111111111,,numeric_robust_z:critical_overlap_fraction,numeric_robust_z:critical_overlap_fraction
CB1_CAUR_S_CF3_RI2_TI2_R12__seed691202__it0000054,CB1_CAUR_S_CF3_RI2_TI2_R12,ts_625638c145cb6ca62e9a,2,S,CF3,0-20%,STRUCTURED_NEAR_NEIGHBOR,near_same_product,related,False,0,1,1,False,111111.11111111111,,numeric_robust_z:critical_overlap_fraction,numeric_robust_z:critical_overlap_fraction
CB1_CAUR_S_CF3_RI2_TI2_R12__seed691202__it0000054,CB1_CAUR_S_CF3_RI2_TI2_R12,ts_8ccb275bca4431bb934c,2,S,CF3,0-20%,LOCAL_PERTURBATION,related_replace_50,related,False,0,1,1,False,111111.11111111111,,numeric_robust_z:critical_overlap_fraction,numeric_robust_z:critical_overlap_fraction
CB1_CAUR_S_CF3_RI2_TI2_R12__seed691202__it0000054,CB1_CAUR_S_CF3_RI2_TI2_R12,ts_9e0959df6a1a00c273b5,2,S,CF3,0-20%,RELATED_VARIANT,related_variant_1,related,False,0,1,1,False,111111.11111111111,,numeric_robust_z:critical_overlap_fraction,numeric_robust_z:critical_overlap_fraction
CB1_CAUR_S_CF3_RI2_TI2_R12__seed691202__it0000054,CB1_CAUR_S_CF3_RI2_TI2_R12,ts_adf54a683c2a35e21941,2,S,CF3,0-20%,STRUCTURED_NEAR_NEIGHBOR,near_precedence_neighbor,related,False,0,1,1,False,111111.11111111111,,numeric_robust_z:critical_overlap_fraction,numeric_robust_z:critical_overlap_fraction
CB1_CAUR_S_CF3_RI2_TI2_R12__seed691202__it0000054,CB1_CAUR_S_CF3_RI2_TI2_R12,ts_b4fc24e79c7787d6fef9,2,S,CF3,0-20%,LOCAL_PERTURBATION,one_operation_swap,related,False,0,1,1,False,111111.11111111111,,numeric_robust_z:critical_overlap_fraction,numeric_robust_z:critical_overlap_fraction
CB1_CAUR_S_CF3_RI2_TI2_R12__seed691202__it0000054,CB1_CAUR_S_CF3_RI2_TI2_R12,ts_c4cffaddddc4876bd20a,2,S,CF3,0-20%,ORIGINAL_OPERATOR,operator_overloaded_island,overloaded_island,False,0,1,1,False,111111.11111111111,,numeric_robust_z:critical_overlap_fraction,numeric_robust_z:critical_overlap_fraction
CB1_CAUR_S_CF3_RI2_TI2_R12__seed691202__it0000054,CB1_CAUR_S_CF3_RI2_TI2_R12,ts_d96814632d651514ab3c,2,S,CF3,0-20%,STRUCTURED_NEAR_NEIGHBOR,near_high_F_delay,related,False,0,1,1,False,111111.11111111111,,numeric_robust_z:critical_overlap_fraction,numeric_robust_z:critical_overlap_fraction
CB1_CAUR_S_CF3_RI2_TI2_R12__seed691202__it0000054,CB1_CAUR_S_CF3_RI2_TI2_R12,ts_e91a40e2f831b323dd06,2,S,CF3,0-20%,STRUCTURED_NEAR_NEIGHBOR,near_low_slack,related,False,0,1,1,False,111111.11111111111,,numeric_robust_z:critical_overlap_fraction,numeric_robust_z:critical_overlap_fraction
CB1_CAUR_S_CF3_RI2_TI2_R12__seed691202__it0000097,CB1_CAUR_S_CF3_RI2_TI2_R12,ts_255e873687f0044a991f,2,S,CF3,20-40%,ORIGINAL_OPERATOR,operator_critical,critical,False,0,1,1,False,111111.11111111111,,numeric_robust_z:critical_overlap_fraction,numeric_robust_z:critical_overlap_fraction
CB1_CAUR_S_CF3_RI2_TI2_R12__seed691202__it0000097,CB1_CAUR_S_CF3_RI2_TI2_R12,ts_3cac030a01e6e8733081,2,S,CF3,20-40%,RELATED_VARIANT,related_variant_4,related,False,0,1,1,False,111111.11111111111,,numeric_robust_z:critical_overlap_fraction,numeric_robust_z:critical_overlap_fraction
CB1_CAUR_S_CF3_RI2_TI2_R12__seed691202__it0000097,CB1_CAUR_S_CF3_RI2_TI2_R12,ts_743d5b4aba834d7f2df9,2,S,CF3,20-40%,ORIGINAL_OPERATOR,operator_related,related,False,0,1,1,False,1000000.0,,numeric_robust_z:is_fallback,numeric_robust_z:is_fallback
CB1_CAUR_S_CF3_RI2_TI2_R12__seed691202__it0000097,CB1_CAUR_S_CF3_RI2_TI2_R12,ts_b8d8e31c916913db328e,2,S,CF3,20-40%,STRUCTURED_NEAR_NEIGHBOR,near_low_slack,related,False,0,1,1,False,111111.11111111111,,numeric_robust_z:critical_overlap_fraction,numeric_robust_z:critical_overlap_fraction
CB1_CAUR_S_CF3_RI2_TI2_R12__seed691202__it0000097,CB1_CAUR_S_CF3_RI2_TI2_R12,ts_bfc0d7e97c3507a1467b,2,S,CF3,20-40%,MATCHED_RANDOM,matched_random_3,random,False,0,1,1,False,111111.11111111111,,numeric_robust_z:critical_overlap_fraction,numeric_robust_z:critical_overlap_fraction
CB1_CAUR_S_CF3_RI2_TI2_R12__seed691202__it0000097,CB1_CAUR_S_CF3_RI2_TI2_R12,ts_da69aff7b1f8ad78572a,2,S,CF3,20-40%,RELATED_VARIANT,related_variant_2,related,False,0,1,1,False,111111.11111111111,,numeric_robust_z:critical_overlap_fraction,numeric_robust_z:critical_overlap_fraction
CB1_CAUR_S_CF3_RI2_TI2_R12__seed691202__it0000137,CB1_CAUR_S_CF3_RI2_TI2_R12,ts_016b520d79d885a6951c,2,S,CF3,40-60%,STRUCTURED_NEAR_NEIGHBOR,near_low_slack,related,True,0,1,1,False,111111.11111111111,,numeric_robust_z:critical_overlap_fraction,numeric_robust_z:critical_overlap_fraction
CB1_CAUR_S_CF3_RI2_TI2_R12__seed691202__it0000137,CB1_CAUR_S_CF3_RI2_TI2_R12,ts_01e64824585f867c0695,2,S,CF3,40-60%,MATCHED_RANDOM,matched_random_2,random,False,0,1,1,False,111111.11111111111,,numeric_robust_z:critical_overlap_fraction,numeric_robust_z:critical_overlap_fraction
CB1_CAUR_S_CF3_RI2_TI2_R12__seed691202__it0000137,CB1_CAUR_S_CF3_RI2_TI2_R12,ts_0c14bcc00e874a8ee767,2,S,CF3,40-60%,ORIGINAL_OPERATOR,operator_related,related,False,0,3,3,True,2000000.0,,numeric_robust_z:origin_rule_count+numeric_robust_z:origin_family_count+numeric_robust_z:is_fallback,numeric_robust_z:origin_rule_count+numeric_robust_z:origin_family_count+numeric_robust_z:is_fallback
CB1_CAUR_S_CF3_RI2_TI2_R12__seed691202__it0000137,CB1_CAUR_S_CF3_RI2_TI2_R12,ts_43bfda2d749975765a0d,2,S,CF3,40-60%,ORIGINAL_OPERATOR,operator_critical,critical,False,0,1,1,False,111111.11111111111,,numeric_robust_z:critical_overlap_fraction,numeric_robust_z:critical_overlap_fraction
CB1_CAUR_S_CF3_RI2_TI2_R12__seed691202__it0000137,CB1_CAUR_S_CF3_RI2_TI2_R12,ts_a26c03644f2b0191d847,2,S,CF3,40-60%,RELATED_VARIANT,related_variant_4,related,False,0,1,1,False,111111.11111111111,,numeric_robust_z:critical_overlap_fraction,numeric_robust_z:critical_overlap_fraction
CB1_CAUR_S_CF3_RI2_TI2_R12__seed691202__it0000175,CB1_CAUR_S_CF3_RI2_TI2_R12,ts_28c871e2298d1b2214a8,2,S,CF3,40-60%,ORIGINAL_OPERATOR,operator_critical,critical,False,0,1,1,False,111111.11111111111,,numeric_robust_z:critical_overlap_fraction,numeric_robust_z:critical_overlap_fraction
CB1_CAUR_S_CF3_RI2_TI2_R12__seed691202__it0000175,CB1_CAUR_S_CF3_RI2_TI2_R12,ts_54b091e9cff416c2dd7d,2,S,CF3,40-60%,STRUCTURED_NEAR_NEIGHBOR,near_low_slack,related,False,0,1,1,False,111111.11111111111,,numeric_robust_z:critical_overlap_fraction,numeric_robust_z:critical_overlap_fraction
CB1_CAUR_S_CF3_RI2_TI2_R12__seed691202__it0000175,CB1_CAUR_S_CF3_RI2_TI2_R12,ts_8d069a2af575c7ef3c37,2,S,CF3,40-60%,ORIGINAL_OPERATOR,operator_related,related,False,0,1,1,False,1000000.0,,numeric_robust_z:is_fallback,numeric_robust_z:is_fallback
CB1_CAUR_S_CF3_RI2_TI2_R12__seed691202__it0000175,CB1_CAUR_S_CF3_RI2_TI2_R12,ts_ed8c91ff64eb579dd130,2,S,CF3,40-60%,MATCHED_RANDOM,matched_random_2,random,False,0,1,1,False,111111.11111111111,,numeric_robust_z:critical_overlap_fraction,numeric_robust_z:critical_overlap_fraction
CB1_CAUR_S_CF3_RI2_TI2_R12__seed691202__it0000218,CB1_CAUR_S_CF3_RI2_TI2_R12,ts_06b320a74630dc5bf2dd,2,S,CF3,60-80%,STRUCTURED_NEAR_NEIGHBOR,near_low_slack,related,False,0,1,1,False,111111.11111111111,,numeric_robust_z:critical_overlap_fraction,numeric_robust_z:critical_overlap_fraction
CB1_CAUR_S_CF3_RI2_TI2_R12__seed691202__it0000218,CB1_CAUR_S_CF3_RI2_TI2_R12,ts_8385f314cd042d3fc96b,2,S,CF3,60-80%,ORIGINAL_OPERATOR,operator_related,related,False,0,1,1,False,1000000.0,,numeric_robust_z:is_fallback,numeric_robust_z:is_fallback
CB1_CAUR_S_CF3_RI2_TI2_R12__seed691202__it0000218,CB1_CAUR_S_CF3_RI2_TI2_R12,ts_8ccc8a75375737e06c7e,2,S,CF3,60-80%,RELATED_VARIANT,related_variant_2,related,False,0,2,2,True,1000000.0,,numeric_robust_z:origin_rule_count+numeric_robust_z:critical_overlap_fraction,numeric_robust_z:origin_rule_count+numeric_robust_z:critical_overlap_fraction
CB1_CAUR_S_CF3_RI2_TI2_R12__seed691202__it0000218,CB1_CAUR_S_CF3_RI2_TI2_R12,ts_9c9e9b59a3eb9afaaab5,2,S,CF3,60-80%,ORIGINAL_OPERATOR,operator_high_reconfiguration,high_reconfiguration,False,0,1,1,False,111111.11111111111,,numeric_robust_z:critical_overlap_fraction,numeric_robust_z:critical_overlap_fraction
CB1_CAUR_S_CF3_RI2_TI2_R12__seed691202__it0000218,CB1_CAUR_S_CF3_RI2_TI2_R12,ts_c8345272dc73dd46fdae,2,S,CF3,60-80%,ORIGINAL_OPERATOR,operator_critical,critical,False,0,1,1,False,111111.11111111111,,numeric_robust_z:critical_overlap_fraction,numeric_robust_z:critical_overlap_fraction
CB1_CAUR_S_CF3_RI2_TI2_R12__seed691202__it0000258,CB1_CAUR_S_CF3_RI2_TI2_R12,ts_5828c644799b92f57c74,2,S,CF3,80-100%,STRUCTURED_NEAR_NEIGHBOR,near_low_slack,related,False,0,1,1,False,111111.11111111111,,numeric_robust_z:critical_overlap_fraction,numeric_robust_z:critical_overlap_fraction
CB1_CAUR_S_CF3_RI2_TI2_R12__seed691202__it0000258,CB1_CAUR_S_CF3_RI2_TI2_R12,ts_7b8fa4c731a4db36ae83,2,S,CF3,80-100%,ORIGINAL_OPERATOR,operator_critical,critical,False,0,1,1,False,111111.11111111111,,numeric_robust_z:critical_overlap_fraction,numeric_robust_z:critical_overlap_fraction
CB1_CAUR_S_CF3_RI2_TI2_R12__seed691202__it0000258,CB1_CAUR_S_CF3_RI2_TI2_R12,ts_7cd09ab79be1f7e13f84,2,S,CF3,80-100%,ORIGINAL_OPERATOR,operator_related,related,False,0,3,3,True,1000000.0,,numeric_robust_z:origin_rule_count+numeric_robust_z:origin_family_count+numeric_robust_z:is_fallback,numeric_robust_z:origin_rule_count+numeric_robust_z:origin_family_count+numeric_robust_z:is_fallback
CB1_CAUR_S_CF3_RI2_TI2_R12__seed691202__it0000289,CB1_CAUR_S_CF3_RI2_TI2_R12,ts_1b43f27db0edd546f8f3,2,S,CF3,80-100%,STRUCTURED_NEAR_NEIGHBOR,near_precedence_neighbor,related,False,0,1,1,False,111111.11111111111,,numeric_robust_z:critical_overlap_fraction,numeric_robust_z:critical_overlap_fraction
CB1_CAUR_S_CF3_RI2_TI2_R12__seed691202__it0000289,CB1_CAUR_S_CF3_RI2_TI2_R12,ts_3ed8dc148a43e4811108,2,S,CF3,80-100%,LOCAL_PERTURBATION,related_replace_25,related,False,0,1,1,False,111111.11111111111,,numeric_robust_z:critical_overlap_fraction,numeric_robust_z:critical_overlap_fraction
CB1_CAUR_S_CF3_RI2_TI2_R12__seed691202__it0000289,CB1_CAUR_S_CF3_RI2_TI2_R12,ts_4352a44f52cc750e2998,2,S,CF3,80-100%,ORIGINAL_OPERATOR,operator_critical,critical,False,0,1,1,False,111111.11111111111,,numeric_robust_z:critical_overlap_fraction,numeric_robust_z:critical_overlap_fraction
CB1_CAUR_S_CF3_RI2_TI2_R12__seed691202__it0000289,CB1_CAUR_S_CF3_RI2_TI2_R12,ts_5571e10d7245a0d050e2,2,S,CF3,80-100%,LOCAL_PERTURBATION,related_replace_50,related,False,0,1,1,False,111111.11111111111,,numeric_robust_z:critical_overlap_fraction,numeric_robust_z:critical_overlap_fraction
CB1_CAUR_S_CF3_RI2_TI2_R12__seed691202__it0000289,CB1_CAUR_S_CF3_RI2_TI2_R12,ts_955b8807373add1f9d2f,2,S,CF3,80-100%,STRUCTURED_NEAR_NEIGHBOR,near_high_W_delay,related,False,0,1,1,False,111111.11111111111,,numeric_robust_z:critical_overlap_fraction,numeric_robust_z:critical_overlap_fraction
CB1_CAUR_S_CF3_RI2_TI2_R12__seed691202__it0000289,CB1_CAUR_S_CF3_RI2_TI2_R12,ts_a8bd373af13e56956442,2,S,CF3,80-100%,ORIGINAL_OPERATOR,operator_related,related,False,0,4,4,True,1000000.0,,numeric_robust_z:origin_rule_count+numeric_robust_z:origin_family_count+numeric_robust_z:critical_overlap_fraction+numeric_robust_z:is_fallback,numeric_robust_z:origin_rule_count+numeric_robust_z:origin_family_count+numeric_robust_z:critical_overlap_fraction+numeric_robust_z:is_fallback
CB1_CAUR_S_CF3_RI2_TI2_R12__seed691202__it0000289,CB1_CAUR_S_CF3_RI2_TI2_R12,ts_cee1353ecf5022917f80,2,S,CF3,80-100%,STRUCTURED_NEAR_NEIGHBOR,near_low_slack,related,False,0,1,1,False,111111.11111111111,,numeric_robust_z:critical_overlap_fraction,numeric_robust_z:critical_overlap_fraction
CB1_CAUR_S_CF3_RI2_TI2_R12__seed691202__it0000289,CB1_CAUR_S_CF3_RI2_TI2_R12,ts_cfda39d3186c4602966e,2,S,CF3,80-100%,LOCAL_PERTURBATION,two_operation_swap,related,False,0,1,1,False,111111.11111111111,,numeric_robust_z:critical_overlap_fraction,numeric_robust_z:critical_overlap_fraction
CB1_CAUR_S_CF3_RI2_TI2_R12__seed691202__it0000289,CB1_CAUR_S_CF3_RI2_TI2_R12,ts_fcac282145a1bbf797aa,2,S,CF3,80-100%,STRUCTURED_NEAR_NEIGHBOR,near_same_island_chain,related,False,0,1,1,False,111111.11111111111,,numeric_robust_z:critical_overlap_fraction,numeric_robust_z:critical_overlap_fraction
